,Time,Frame,EyeTrackingEnabled,EyeCalibrationValid,EyeTrackingEnabledAndValid,EyeTrackingDataValid,GazeInputSource,EyeGazeOrigin.x,EyeGazeOrigin.y,EyeGazeOrigin.z,EyeGazeDirection.x,EyeGazeDirection.y,EyeGazeDirection.z,EyeHitInfo.distance,EyeHitPosition.x,EyeHitPosition.y,EyeHitPosition.z,EyeHitNormal.x,EyeHitNormal.y,EyeHitNormal.z,LocalEyeHitPosition.x,LocalEyeHitPosition.y,LocalEyeHitPosition.z,HeadGazeOrigin.x,HeadGazeOrigin.y,HeadGazeOrigin.z,HeadRotation.x,HeadRotation.y,HeadRotation.z,HeadRotation.w,HeadEulerAngles.x,HeadEulerAngles.y,HeadEulerAngles.z,HeadMovementDirection.x,HeadMovementDirection.y,HeadMovementDirection.z,HeadVelocity.x,HeadVelocity.y,HeadVelocity.z,transform.position.x,transform.position.y,transform.position.z,localTransform.position.x,localTransform.position.y,localTransform.position.z,localXAxis.x,localXAxis.y,localXAxis.z,localYAxis.x,localYAxis.y,localYAxis.z,localZAxis.x,localZAxis.y,localZAxis.z,Movement,GazeAngleX,GazeAngleY,TargetAngleX,TargetAngleY,globalTargetVector.x,globalTargetVector.y,globalTargetVector.z,localEyeGazeX,localEyeGazeY,localEyeGazeZ,CalibratedGazeAngleX,CalibratedGazeAngleY,cosineError,euclideanError,recalibratedEuclideanError
0,05/05/2023 12:21:22.117931,198,True,True,True,True,Eyes,1.91452,0.09766484,-3.694842,-0.8275854,-0.01352785,0.5611768,0.0,0.0,0.0,0.0,0.0,0.0,0.0,1.675392,0.5210637,3.779633,1.913241,0.09824234,-3.70053,0.07201424,-0.4268011,0.07443158,0.8983957,11.1238,309.5895,4.223669,0.3769792,0.02633348,-0.925847,0.0,0.0,0.0,0.71755,0.1663524,-2.889073,-0.1233453,0.2424026,1.312279,0.6246015,0.0722665,0.7775927,-0.1952095,0.9785478,0.06585963,-0.7561522,-0.1929295,0.6253096,moving,-4.758612868969454,10.713171845244938,-5.36963755295012,10.465638867925064,-1.195691,0.06811006,0.8114570000000003,-0.0815217563504293,0.1852737735576838,0.9792996629991562,-3.999630265066657,11.785954982431786,0.6531190460244489,0.6592599937009022,1.90267038949996
1,05/05/2023 12:21:22.137828,199,True,True,True,True,Eyes,1.914973,0.09765071,-3.694764,-0.8276464,-0.01407313,0.5610735,0.0,0.0,0.0,0.0,0.0,0.0,0.0,1.682896,0.4935086,3.782904,1.923971,0.09786499,-3.697946,0.06861883,-0.4289888,0.07290329,0.8977446,10.70508,309.3123,4.203512,0.392475,0.02582298,-0.9193999,0.8855349,-0.02284905,0.1934495,0.7201181,0.1640316,-2.889253,-0.1224179,0.2453288,1.315556,0.6213074,0.07202364,0.7802498,-0.1897705,0.9799531,0.06065496,-0.7602396,-0.1857537,0.6225201,moving,-4.514196389929733,10.243855817060467,-5.316298627045436,10.563352846154473,-1.2038529000000002,0.06616661,0.8086929999999999,-0.0774591016671022,0.1773037186360611,0.9811032401077664,-3.7576006881336417,11.30499858009674,0.8463355182294122,0.8633923502011764,1.7261453181707034
2,05/05/2023 12:21:22.147856,200,True,True,True,True,Eyes,1.915787,0.09778665,-3.694594,-0.8277487,-0.0142234,0.5609187,0.0,0.0,0.0,0.0,0.0,0.0,0.0,1.689391,0.545401,3.776732,1.935317,0.09763885,-3.695974,0.07463719,-0.4302573,0.07596135,0.8964027,11.48877,309.1434,4.210948,0.4047968,0.02540897,-0.9140533,0.8324028,-0.0214781,0.1818425,0.722845,0.1615673,-2.889444,-0.1189317,0.2425821,1.320448,0.6182171,0.07195753,0.7827066,-0.2004103,0.9773183,0.06844411,-0.7600284,-0.1991758,0.6186159,moving,-4.306415420615785,11.005286519590603,-5.146697759278118,10.409845089118376,-1.212472,0.06392845,0.80653,-0.0737170116337787,0.1903801672673064,0.978938811967325,-3.554583129263856,12.089529225132464,1.0243591970330972,1.0298664504636763,2.314339601675357
3,05/05/2023 12:21:22.167913,201,True,True,True,True,Eyes,1.916967,0.09800129,-3.694316,-0.8279584,-0.01378901,0.5606199,0.0,0.0,0.0,0.0,0.0,0.0,0.0,1.696124,0.53943,3.776797,1.945226,0.101426,-3.692942,0.07424888,-0.4319975,0.077301,0.895483,11.52321,308.9319,4.3484,0.4146066,0.02507789,-0.9096549,0.7824586,-0.02018942,0.170932,0.725257,0.1593876,-2.889612,-0.115428,0.2454869,1.324498,0.6148054,0.07429279,0.785172,-0.2025941,0.9770233,0.06618954,-0.7622139,-0.1997649,0.6157305,moving,-4.082372766979615,11.06038347716178,-4.980656943999773,10.500238621516656,-1.219969,0.0579615999999999,0.8033299999999999,-0.0698747633021303,0.1913745000699547,0.9790266796057177,-3.3338719181482137,12.14775520656374,1.051431502703781,1.0586201972333993,2.329423065777045
4,05/05/2023 12:21:22.187554,202,True,True,True,True,Eyes,1.918453,0.09822114,-3.69398,-0.8281792,-0.01285464,0.5603158,0.0,0.0,0.0,0.0,0.0,0.0,0.0,1.701344,0.4825782,3.784512,1.955191,0.1033937,-3.690058,0.06766186,-0.4341743,0.07417317,0.8952166,10.69333,308.6585,4.321716,0.4224259,0.02481685,-0.9060575,0.7355111,-0.01897805,0.160676,0.7279347,0.1569679,-2.8898,-0.112512,0.2389389,1.329874,0.6119821,0.07404806,0.7873975,-0.1915562,0.9798404,0.05673587,-0.7673227,-0.1855522,0.6138292,moving,-3.880169717550212,10.266854976111809,-4.835907563097412,10.185676740296534,-1.2272563,0.0535741999999999,0.8002579999999999,-0.0665913112554764,0.1778373845668179,0.9818040979378316,-3.132688582647546,11.33307310260516,0.9452914541549092,0.9591791987847132,2.053648779028135
5,05/05/2023 12:21:22.197521,203,True,True,True,True,Eyes,1.920254,0.09844253,-3.693557,-0.8285184,-0.01181923,0.559837,0.0,0.0,0.0,0.0,0.0,0.0,0.0,1.706244,0.4722666,3.785915,1.964694,0.1037434,-3.687366,0.06647984,-0.4359322,0.07161859,0.8946589,10.45104,308.4182,4.092739,0.4286661,0.02461345,-0.9031274,0.6913804,-0.01783937,0.1510355,0.7304641,0.154682,-2.889977,-0.1081622,0.2404964,1.334842,0.6096678,0.07018702,0.7895436,-0.1861098,0.9809024,0.05651185,-0.7704988,-0.1813953,0.6110872,moving,-3.722728150448652,10.05517855900321,-4.632553784335962,10.213321439518328,-1.2342299,0.0509385999999999,0.7973889999999999,-0.0639349701828013,0.1742392921223412,0.9826255077972396,-2.9769981102782515,11.11647567098029,0.907567884163212,0.9234673003068732,1.8858823281722343
6,05/05/2023 12:21:22.217224,204,True,True,True,True,Eyes,1.922312,0.09865357,-3.693102,-0.8289987,-0.01055683,0.559151,0.0,0.0,0.0,0.0,0.0,0.0,0.0,1.719496,0.4603723,3.783765,1.974036,0.1039624,-3.684815,0.06512109,-0.4385528,0.07037688,0.8935759,10.25965,308.0772,4.000874,0.4336552,0.02445729,-0.9007466,0.6498976,-0.01676901,0.1419734,0.7329938,0.1523959,-2.890154,-0.1013249,0.2487629,1.338875,0.605437,0.06865611,0.7929265,-0.1828922,0.9816127,0.05465331,-0.7745945,-0.1781092,0.6068613,moving,-3.449020449318964,9.91091002347348,-4.327845199421883,10.525528470661373,-1.2410422,0.0484335,0.7946610000000001,-0.059265795525476,0.1718141487808258,0.9833451051496576,-2.7068618059683462,10.970013620367675,1.0543160109002097,1.0724219211752049,1.6808195055274613
7,05/05/2023 12:21:22.237604,205,True,True,True,True,Eyes,1.924636,0.09884981,-3.692548,-0.8296623,-0.009353416,0.5581872,0.0,0.0,0.0,0.0,0.0,0.0,0.0,1.73975,0.4511583,3.777945,1.983093,0.1040068,-3.682346,0.06409095,-0.4418731,0.07020924,0.8920265,10.15949,307.6516,3.997324,0.4376535,0.02433945,-0.8988139,0.6109037,-0.01576287,0.133455,0.7355884,0.1500512,-2.890336,-0.0935387,0.2485918,1.344236,0.5996377,0.06861688,0.7973245,-0.1818971,0.981926,0.0522945,-0.7793254,-0.1763888,0.601281,moving,-3.0883067003902727,9.85528551444773,-3.980512061696545,10.477432290423897,-1.2475046,0.0460444,0.7920099999999999,-0.0530822571463175,0.1709189397672602,0.9838541348599836,-2.351171662436599,10.915322891532718,1.0701411898367337,1.0877026328924626,1.6871568733226927
8,05/05/2023 12:21:22.247659,206,True,True,True,True,Eyes,1.927115,0.09900728,-3.692039,-0.8305364,-0.008124252,0.5569052,0.0,0.0,0.0,0.0,0.0,0.0,0.0,1.766865,0.4484558,3.76728,1.991815,0.1038493,-3.679294,0.06387867,-0.4459573,0.07052369,0.8899821,10.17195,307.126,3.993888,0.4408709,0.02425248,-0.8972425,0.5742495,-0.01481709,0.1254477,0.738291,0.1476089,-2.890526,-0.08775955,0.2456114,1.349558,0.592297,0.06855533,0.802798,-0.182504,0.9818919,0.05080062,-0.7847782,-0.1766029,0.5940832,moving,-2.641402269666124,9.90805346343024,-3.72061231842204,10.314595039992836,-1.253524,0.0437595999999999,0.7887680000000001,-0.0453989198567586,0.1718901626685146,0.98406952347697,-1.9107779276290204,10.972707768827457,1.133750205470031,1.1532434187151237,1.925775917896808
9,05/05/2023 12:21:22.267634,207,True,True,True,True,Eyes,1.929831,0.09915525,-3.691409,-0.831544,-0.007041567,0.5554142,0.0,0.0,0.0,0.0,0.0,0.0,0.0,1.794773,0.4492673,3.755319,2.000546,0.1034379,-3.675946,0.06407057,-0.4501384,0.07087544,0.8878328,10.22857,306.5849,3.972101,0.4434723,0.02418957,-0.8959612,0.5397945,-0.01392807,0.1179208,0.7409385,0.1452163,-2.890711,-0.08410746,0.2486978,1.354142,0.5847042,0.06816983,0.8083774,-0.1835323,0.9817432,0.0499604,-0.7902132,-0.1775754,0.5865408,moving,-2.1940094650465176,9.995703079607749,-3.554147097707609,10.406804319716306,-1.2596075,0.0417783999999999,0.7852350000000001,-0.0377030513186034,0.173450902443388,0.9841205238822612,-1.4699849903821602,11.065969565358415,1.3967998198362868,1.4209076709623727,2.185916400659843
10,05/05/2023 12:21:22.287783,208,True,True,True,True,Eyes,1.932751,0.0993064,-3.690691,-0.8326856,-0.00606137,0.5537127,0.0,0.0,0.0,0.0,0.0,0.0,0.0,1.817588,0.4606325,3.743841,2.00891,0.1033521,-3.672296,0.06555253,-0.4537111,0.0705779,0.8859277,10.38103,306.1105,3.822239,0.4455935,0.0241458,-0.8949093,0.5074068,-0.01309238,0.1108456,0.7433442,0.1430424,-2.890879,-0.08146799,0.2591505,1.357929,0.5783299,0.06557003,0.8131636,-0.1845376,0.9814432,0.05210562,-0.7946573,-0.1801936,0.5796981,moving,-1.8459079809975047,10.174886762219067,-3.4333045356774847,10.80454702996752,-1.2655658,0.0396902999999999,0.7814169999999998,-0.0317055215544903,0.1765645125769053,0.9837781943082315,-1.12728016388791,11.25267575412722,1.6780315764464884,1.7077177385595437,2.34916320350556
11,05/05/2023 12:21:22.305381,209,True,True,True,True,Eyes,1.935864,0.09948526,-3.689853,-0.8339266,-0.005108718,0.5518517,0.0,0.0,0.0,0.0,0.0,0.0,0.0,1.837001,0.4721904,3.733903,2.017056,0.1036001,-3.668831,0.06707843,-0.456882,0.0698343,0.8842412,10.51186,305.6836,3.627453,0.4474212,0.02411465,-0.8939978,0.4769624,-0.01230684,0.1041948,0.7460124,0.1406311,-2.891066,-0.08156145,0.2662948,1.361756,0.572764,0.06220688,0.8173565,-0.1847946,0.9812474,0.05481494,-0.798619,-0.1824391,0.5735187,moving,-1.566931762549477,10.33521295418067,-3.4275970419312367,11.064702529521744,-1.2710436,0.037031,0.777765,-0.0269013639409055,0.1793419281900434,0.9834189144974028,-0.852668354178616,11.419506201236706,1.9628229097758767,1.998557060088128,2.5992582388969843
12,05/05/2023 12:21:22.321120,210,True,True,True,True,Eyes,1.939148,0.09968318,-3.688889,-0.8352138,-0.004073527,0.5499102,0.0,0.0,0.0,0.0,0.0,0.0,0.0,1.855486,0.4737498,3.725011,2.024794,0.1044082,-3.665008,0.06747969,-0.4600237,0.06876862,0.8826639,10.50924,305.2632,3.458559,0.4491318,0.02409045,-0.8931403,0.4483447,-0.01156843,0.09794313,0.7485474,0.1383402,-2.891244,-0.08371502,0.2914911,1.362857,0.5672982,0.05931465,0.8213735,-0.1834837,0.9814347,0.05585337,-0.8028116,-0.1823942,0.5676495,moving,-1.3033919258087734,10.370319669685516,-3.5150410199372515,12.07266050665792,-1.2762466,0.0339319999999999,0.7737639999999999,-0.0223751374041238,0.1799645378102496,0.9834185435274188,-0.5929772794692234,11.457448960014592,2.745609315495482,2.79094178383986,2.9861248718835047
13,05/05/2023 12:21:22.337726,211,True,True,True,True,Eyes,1.942597,0.09992213,-3.687787,-0.8365412,-0.003040663,0.5478957,0.0,0.0,0.0,0.0,0.0,0.0,0.0,1.872774,0.4649037,3.717478,2.032146,0.1049595,-3.660932,0.06663948,-0.4631878,0.06599436,0.8812838,10.28777,304.8351,3.180302,0.4507418,0.02407298,-0.8923293,0.421444,-0.01087432,0.09206654,0.7510271,0.1360994,-2.891418,-0.08714098,0.2898449,1.367668,0.5622036,0.05458632,0.8251953,-0.1780527,0.9824078,0.05632103,-0.807604,-0.1785921,0.5620325,moving,-1.0683602977748483,10.186279173943138,-3.645673153589858,11.965448488615111,-1.2811189,0.0311399,0.769514,-0.0183515373392286,0.1768192752432076,0.984072298150478,-0.3608706434974034,11.269814341295485,3.079894316993114,3.131770267280099,3.357653108530837
14,05/05/2023 12:21:22.347816,212,True,True,True,True,Eyes,1.946188,0.1002379,-3.686524,-0.8378223,-0.002118435,0.5459388,0.0,0.0,0.0,0.0,0.0,0.0,0.0,1.88271,0.4700297,3.711483,2.039546,0.1061136,-3.656448,0.06747358,-0.4654275,0.06367508,0.8802103,10.25644,304.5208,2.870985,0.4522657,0.02406259,-0.8915582,0.3961574,-0.01022187,0.08654255,0.7535952,0.1337785,-2.891598,-0.09058452,0.2989623,1.371977,0.5586455,0.04928682,0.8279409,-0.174903,0.9827856,0.0595096,-0.8107554,-0.1780541,0.5576492,moving,-0.9399162961993242,10.19316684299324,-3.7774602944836153,12.2929409915445,-1.2859508000000002,0.0276648999999999,0.76485,-0.0161450579347791,0.1769442851790572,0.9840883723204608,-0.2342783630799166,11.277793564042607,3.471576337744525,3.5299727218667525,3.685737714296741
15,05/05/2023 12:21:22.367621,213,True,True,True,True,Eyes,1.949909,0.1005661,-3.685113,-0.8391026,-0.0009090126,0.5439726,0.0,0.0,0.0,0.0,0.0,0.0,0.0,1.889535,0.4630378,3.70784,2.04644,0.1082313,-3.651465,0.06691316,-0.4672498,0.06309099,0.8793293,10.17387,304.2813,2.820021,0.4537163,0.02406046,-0.890821,0.3723879,-0.009608553,0.08134999,0.756232,0.1313957,-2.891782,-0.09139735,0.3115653,1.374197,0.5553945,0.0484252,0.8301759,-0.1734858,0.9830843,0.0587189,-0.8132895,-0.1766359,0.5544007,moving,-0.8431547706623843,10.174035630570192,-3.8051176783410567,12.774440692368207,-1.290208,0.0231644,0.7596829999999999,-0.0144839591136419,0.1766202080495849,0.9841725998107969,-0.1388545006067735,11.258793130678349,3.8796855786842777,3.941488392966422,3.967199669750277
16,05/05/2023 12:21:22.387627,214,True,True,True,True,Eyes,1.953753,0.100874,-3.683578,-0.8402271,-0.0003989838,0.5422344,0.0,0.0,0.0,0.0,0.0,0.0,0.0,1.890363,0.4382968,3.709266,2.05328,0.1087512,-3.646428,0.0640453,-0.468595,0.06003062,0.8790413,9.721368,304.1032,2.646818,0.4551056,0.0240661,-0.8901119,0.3500446,-0.00903204,0.07646899,0.7588273,0.1290504,-2.891964,-0.09279901,0.300557,1.381736,0.5536302,0.04551616,0.8315179,-0.1655614,0.984589,0.05633682,-0.8161392,-0.168857,0.5526339,moving,-0.8322708913403637,9.7460411691427,-3.8422816421182864,12.27188519335356,-1.2944527,0.0202992,0.7544639999999996,-0.0143157654788495,0.1692640496813679,0.985466703471031,-0.1271176607938413,10.818704715471082,3.870334299822685,3.929383253697759,3.989257689023016
17,05/05/2023 12:21:22.397527,215,True,True,True,True,Eyes,1.957686,0.10122,-3.68189,-0.8413535,-2.040416e-05,0.5404851,0.0,0.0,0.0,0.0,0.0,0.0,0.0,1.890765,0.4662271,3.704844,2.060242,0.1086076,-3.64168,0.06734418,-0.4694602,0.05991828,0.8783404,10.05309,303.9675,2.446229,0.4564421,0.02407827,-0.8894269,0.329042,-0.008490117,0.07188085,0.7614939,0.1266406,-2.892151,-0.09443295,0.3186072,1.383621,0.5520338,0.04202646,0.8327619,-0.1684881,0.9837492,0.06204373,-0.8166213,-0.1745607,0.5501438,moving,-0.8358004435600868,10.095521114870117,-3.904415843137429,12.96748742561793,-1.2987481,0.0180329999999999,0.7495289999999999,-0.0143611467397354,0.1752716759869712,0.9844152847054074,-0.13142026277662,11.178097371365096,4.1384608812119135,4.202926475753962,4.175812785037323
18,05/05/2023 12:21:22.417642,216,True,True,True,True,Eyes,1.961716,0.101566,-3.680062,-0.8424569,5.783066e-05,0.5387638,0.0,0.0,0.0,0.0,0.0,0.0,0.0,1.892228,0.4769757,3.700829,2.066293,0.1098797,-3.636279,0.06877029,-0.4704997,0.06021098,0.8776534,10.21669,303.8229,2.386264,0.4577352,0.0240973,-0.8887617,0.3092994,-0.00798071,0.067568,0.7639549,0.1244165,-2.892323,-0.09591997,0.3147735,1.388754,0.5500095,0.04097595,0.8341526,-0.1704015,0.9832906,0.06405447,-0.8175897,-0.1773714,0.5478015,moving,-0.8120377178958883,10.261458159138256,-3.9510921718205294,12.77082111736298,-1.3023381,0.0145368,0.7439559999999998,-0.0139456183033474,0.178123015393783,0.9839094343533856,-0.1083881127731827,11.348918479231411,3.951657295503193,4.018776595036661,4.097338355291697
19,05/05/2023 12:21:22.437784,217,True,True,True,True,Eyes,1.965826,0.1018944,-3.678092,-0.8436213,-1.233891e-05,0.5369387,0.0,0.0,0.0,0.0,0.0,0.0,0.0,1.89717,0.4662248,3.69822,2.072521,0.110202,-3.631249,0.067554,-0.4720964,0.05913971,0.8769628,10.03932,303.6143,2.324769,0.4589923,0.02412254,-0.8881124,0.2907415,-0.007501867,0.06351392,0.7666954,0.12194,-2.892515,-0.09798163,0.2910853,1.398073,0.5472549,0.03994265,0.8360123,-0.1675106,0.9838779,0.0626454,-0.8200318,-0.174324,0.5451229,moving,-0.7442519140454122,10.076009701745935,-4.008924847258692,11.76122245042562,-1.3058256,0.011738,0.738734,-0.012788974619295,0.1749401872624821,0.9844960327661983,-0.0411340056490787,11.158669573562486,3.6090142741361446,3.6739667076836633,4.013282214369824
20,05/05/2023 12:21:22.448995,218,True,True,True,True,Eyes,1.970019,0.1022717,-3.675941,-0.8448068,-0.0004842922,0.5350711,0.0,0.0,0.0,0.0,0.0,0.0,0.0,1.90903,0.4818092,3.688132,2.078511,0.1101188,-3.625813,0.06948565,-0.4743453,0.05939423,0.8755803,10.25488,303.3058,2.218289,0.4602197,0.024153,-0.8874761,0.273297,-0.007051755,0.05970309,0.7690461,0.1198157,-2.89268,-0.100381,0.2831963,1.403952,0.5429379,0.03808846,0.8389086,-0.1699292,0.9832881,0.06533378,-0.8224005,-0.1780273,0.5403367,moving,-0.571802928137038,10.25607808835837,-4.08962487541493,11.404310548866764,-1.3094649000000005,0.0096968999999999,0.733133,-0.0098202357151295,0.178039334989958,0.983974290358858,0.1284263489032292,11.345060708043263,3.632376807096692,3.7004741636870233,4.218467337150962
21,05/05/2023 12:21:22.467317,219,True,True,True,True,Eyes,1.974263,0.1026156,-3.673649,-0.8460653,-0.0007779248,0.5330787,0.0,0.0,0.0,0.0,0.0,0.0,0.0,1.920583,0.4909981,3.678559,2.084183,0.1116266,-3.620115,0.07088134,-0.4766883,0.05819207,0.8742757,10.3359,302.9783,1.990795,0.4614233,0.02418938,-0.8868501,0.2568991,-0.00662865,0.0561209,0.7716457,0.1174664,-2.892862,-0.09908354,0.2764463,1.409565,0.538764,0.03417522,0.8417633,-0.1693284,0.983179,0.0684607,-0.8252643,-0.1794186,0.5354882,moving,-0.4152302527125393,10.31137431599706,-4.020918344795872,11.096110940814285,-1.3125372999999998,0.0058397999999999,0.7272530000000001,-0.0071300339513664,0.1789929815542214,0.9838245131094046,0.2826312723284038,11.403021123122688,3.6233119482992833,3.690094604169529,4.314479478112635
22,05/05/2023 12:21:22.487731,220,True,True,True,True,Eyes,1.978567,0.1028999,-3.671202,-0.8473788,-0.001406471,0.530987,0.0,0.0,0.0,0.0,0.0,0.0,0.0,1.934369,0.4819104,3.66994,2.089644,0.1111001,-3.614349,0.06987724,-0.4794183,0.05600106,0.8730058,10.11953,302.6111,1.791587,0.4626081,0.02423036,-0.8862315,0.2414852,-0.006230931,0.05275365,0.7742708,0.1150942,-2.893046,-0.09476632,0.2720443,1.414701,0.5340439,0.03077764,0.8448963,-0.1647794,0.9839621,0.0683106,-0.8292435,-0.1757023,0.5305505,moving,-0.2299529505722167,10.050727915556042,-3.832336664750432,10.884996494334224,-1.3153731999999998,0.0039941,0.7213029999999998,-0.0039518347799458,0.1745186654144753,0.9846459370976636,0.4658750903963328,11.136255378910962,3.6340684599157935,3.697725312366104,4.305549363224231
23,05/05/2023 12:21:22.497545,221,True,True,True,True,Eyes,1.98291,0.1031553,-3.668605,-0.8487876,-0.002133838,0.5287296,0.0,0.0,0.0,0.0,0.0,0.0,0.0,1.94957,0.490625,3.658197,2.095033,0.1099575,-3.608696,0.07091469,-0.4821373,0.0553814,0.871463,10.19518,302.239,1.638651,0.4637792,0.02427414,-0.8856179,0.2269961,-0.005857075,0.04958843,0.7768061,0.112803,-2.893224,-0.08797598,0.2704683,1.418922,0.528953,0.02814445,0.8481843,-0.1649069,0.983808,0.07019618,-0.8324748,-0.1770019,0.5250295,moving,-0.0330996555235101,10.077870634050088,-3.5479103437312367,10.791991241042505,-1.3182269,0.0028455,0.7154720000000001,-0.0005687845271139,0.1749864339063501,0.9845706462856944,0.6598513537614666,11.165542648302218,3.5257137705739936,3.5866227032224183,4.224310494832546
24,05/05/2023 12:21:22.517356,222,True,True,True,True,Eyes,1.987295,0.1033836,-3.665821,-0.8502361,-0.003004558,0.5263932,0.0,0.0,0.0,0.0,0.0,0.0,0.0,1.968351,0.4964796,3.644099,2.100256,0.1095626,-3.602399,0.07168929,-0.4851996,0.05697497,0.8695952,10.368,301.8365,1.719885,0.4649399,0.02431978,-0.8850079,0.2133763,-0.005505651,0.04661312,0.7793899,0.1104681,-2.893404,-0.0809471,0.2701197,1.422718,0.5226706,0.0295231,0.8520234,-0.1686575,0.983229,0.06939286,-0.8356854,-0.1799698,0.5188841,moving,0.2338748462497001,10.193548033601235,-3.2563953728796995,10.750320606613688,-1.3208661,0.0009055,0.7089950000000003,0.0040174461508958,0.1769725051543317,0.9842077253629185,0.9227381608290848,11.286371038217576,3.4744042518617686,3.534399793543522,4.213372420970164
25,05/05/2023 12:21:22.527221,223,True,True,True,True,Eyes,1.991712,0.103546,-3.662871,-0.8517274,-0.003810033,0.5239714,0.0,0.0,0.0,0.0,0.0,0.0,0.0,1.982791,0.4848656,3.634031,2.10537,0.1091713,-3.595585,0.07035949,-0.4879301,0.05741979,0.8681457,10.26483,301.4872,1.807482,0.4660933,0.02436654,-0.8843998,0.2005737,-0.005175312,0.04381633,0.781984,0.1081238,-2.893586,-0.07603681,0.2716723,1.425542,0.5172545,0.03103647,0.8552688,-0.1683585,0.983505,0.06613087,-0.8391088,-0.1781982,0.5139476,moving,0.4339744734663014,10.038149907749556,-3.0531992666813537,10.789746707127776,-1.3233860000000002,-0.0010474999999999,0.7019989999999998,0.0074582712283975,0.174299026469365,0.9846645783424408,1.1203444908750626,11.12794962514203,3.50804615734053,3.567250824207764,4.187224463769704
26,05/05/2023 12:21:22.548573,224,True,True,True,True,Eyes,1.996161,0.1036287,-3.659724,-0.8531893,-0.004863945,0.5215787,0.0,0.0,0.0,0.0,0.0,0.0,0.0,1.992922,0.4823318,3.624842,2.110507,0.1077432,-3.588595,0.0699825,-0.490181,0.05725494,0.8669181,10.22236,301.1895,1.785458,0.467243,0.0244128,-0.8837916,0.1885393,-0.004864793,0.04118735,0.7846291,0.1057334,-2.893771,-0.07225651,0.2723239,1.428361,0.5128889,0.03066249,0.8579072,-0.1678789,0.9836487,0.06520762,-0.8418798,-0.1774688,0.5096501,moving,0.5657211717504711,9.931292287224796,-2.89595347465162,10.79417357200767,-1.3258779,-0.0020097999999999,0.6948240000000001,0.009725598481557,0.1724589369379176,0.9849686836105818,1.2504602924723076,11.018972287544312,3.509692829321624,3.56759799713639,4.152503051257369
27,05/05/2023 12:21:22.568604,225,True,True,True,True,Eyes,2.000625,0.1036351,-3.65641,-0.8546497,-0.005961636,0.5191707,0.0,0.0,0.0,0.0,0.0,0.0,0.0,1.99762,0.4912118,3.616751,2.115334,0.1059363,-3.581453,0.07090279,-0.4917369,0.05722205,0.8659638,10.31588,300.9744,1.710877,0.4683913,0.02445678,-0.8831823,0.1772269,-0.004572905,0.03871611,0.7871169,0.1034852,-2.893946,-0.06885684,0.269254,1.431482,0.5098408,0.02937339,0.8597671,-0.1688355,0.9833969,0.06652212,-0.8435384,-0.1790749,0.5063351,moving,0.6082264307489177,9.961030846279044,-2.753906621036875,10.652561448062524,-1.3282170999999998,-0.0024510999999999,0.6875070000000001,0.0104553515889857,0.1729688640608972,0.9848717298415106,1.292288068786284,11.049852861580236,3.377092321181181,3.4325141268629134,4.065652707156384
28,05/05/2023 12:21:22.587664,226,True,True,True,True,Eyes,2.005118,0.1035748,-3.652899,-0.8560979,-0.007317782,0.516762,0.0,0.0,0.0,0.0,0.0,0.0,0.0,2.000402,0.4990737,3.609568,2.120141,0.1041344,-3.574049,0.07167693,-0.4930417,0.05796517,0.8651084,10.43822,300.7983,1.725505,0.4695409,0.02449699,-0.8825706,0.1665933,-0.004298531,0.03639314,0.789791,0.1010686,-2.894133,-0.06591058,0.2605693,1.434992,0.5070998,0.02961288,0.8613786,-0.1709718,0.9830049,0.06685812,-0.8447596,-0.1811751,0.5035446,moving,0.6274143156040949,10.005047346855566,-2.629802663806577,10.291769255641778,-1.3303499999999997,-0.0030658,0.679916,0.010783720845607,0.1737248406967569,0.98473525378724,1.3110980376497543,11.095254760790583,3.218213460654205,3.269812212335625,4.021975546385537
29,05/05/2023 12:21:22.597562,227,True,True,True,True,Eyes,2.009608,0.1034705,-3.649221,-0.857537,-0.008597636,0.5143505,0.0,0.0,0.0,0.0,0.0,0.0,0.0,2.001017,0.5075049,3.603477,2.12487,0.1025241,-3.566664,0.07251573,-0.4940351,0.05932927,0.8643789,10.60188,300.6671,1.802376,0.470694,0.02453228,-0.8819552,0.1565977,-0.004040619,0.03420955,0.7923509,0.09875525,-2.894312,-0.06609923,0.256261,1.437485,0.5048186,0.03091531,0.8626718,-0.1742166,0.982443,0.06674065,-0.8454625,-0.1839836,0.5013415,moving,0.6139300204721274,10.095435347453002,-2.6327516961209234,10.107955109611206,-1.3325191,-0.00376885,0.6723519999999996,0.0105490169957864,0.1752785439409386,0.9844623978793732,1.297593452540852,11.18811887543633,3.1963943035635403,3.246705855679584,4.076072466064688
30,05/05/2023 12:21:22.617733,228,True,True,True,True,Eyes,2.014071,0.1033045,-3.645387,-0.858945,-0.009840659,0.5119733,0.0,0.0,0.0,0.0,0.0,0.0,0.0,2.002065,0.5030035,3.598437,2.129269,0.1013648,-3.558927,0.07187105,-0.4952037,0.05978663,0.8637322,10.56599,300.5191,1.871113,0.471852,0.02456218,-0.8813353,0.1472019,-0.003798182,0.03215698,0.7947797,0.09656041,-2.894482,-0.06730205,0.2501211,1.439696,0.5023976,0.03209766,0.8640407,-0.1744609,0.9825202,0.06494156,-0.846853,-0.1833678,0.4992156,moving,0.6119184595157972,9.98798284160222,-2.676480410241024,9.85573174512479,-1.3344893,-0.00480439,0.6644450000000002,0.0105179456925179,0.1734320283284177,0.9847896810363846,1.2958638300724408,11.07759697259263,3.2423784433276546,3.2910571977918317,4.156016530001606
31,05/05/2023 12:21:22.637319,229,True,True,True,True,Eyes,2.018512,0.1030687,-3.641389,-0.8603632,-0.01099149,0.5095628,0.0,0.0,0.0,0.0,0.0,0.0,0.0,2.003068,0.4933559,3.593782,2.133228,0.09974986,-3.551104,0.07057472,-0.4964435,0.05917723,0.8631694,10.40425,300.3604,1.869527,0.473015,0.02458582,-0.880711,0.1383697,-0.003570291,0.03022756,0.7974097,0.09418374,-2.894667,-0.07084775,0.2359325,1.442874,0.500084,0.03208722,0.8653822,-0.1722326,0.9830346,0.06307955,-0.8486766,-0.1805921,0.4971263,moving,0.6023173097157308,9.76047568261798,-2.811069769577568,9.28657323156375,-1.3358183,-0.0055661199999999,0.6564369999999999,0.0103600788435487,0.1695205883269702,0.9854721380181852,1.2869359631660493,10.843553784132173,3.401041071901786,3.446127520304733,4.383815624165303
32,05/05/2023 12:21:22.653154,230,True,True,True,True,Eyes,2.022919,0.1027699,-3.637223,-0.8618061,-0.01219812,0.5070911,0.0,0.0,0.0,0.0,0.0,0.0,0.0,2.007222,0.4903489,3.586245,2.137127,0.0978296,-3.543113,0.07006768,-0.4980248,0.05894686,0.8623151,10.34383,300.1514,1.856546,0.4741844,0.02460225,-0.8800814,0.1300676,-0.003356073,0.02841391,0.800056,0.09179224,-2.894852,-0.07444173,0.2421202,1.442893,0.4969933,0.03187065,0.867169,-0.1714524,0.9832315,0.06212684,-0.8506479,-0.1795548,0.4941238,moving,0.6411951111316856,9.629667901985574,-2.9533851141378213,9.525597170740298,-1.337071,-0.00603736,0.6482609999999998,0.0110330687701787,0.1672690882714491,0.9858495094740906,1.3255664181325173,10.70929765092663,3.5464211177829363,3.596086444038922,4.439659113300484
33,05/05/2023 12:21:22.667458,231,True,True,True,True,Eyes,2.027291,0.1024192,-3.63289,-0.8632773,-0.01333669,0.5045537,0.0,0.0,0.0,0.0,0.0,0.0,0.0,2.014211,0.4861612,3.576889,2.14065,0.09604937,-3.534958,0.06946033,-0.4999343,0.05888287,0.861263,10.2837,299.9001,1.862332,0.4753603,0.02461076,-0.8794466,0.1222635,-0.003154709,0.02670907,0.8025848,0.08950694,-2.895029,-0.07757175,0.2427858,1.442866,0.4931971,0.03197605,0.8693298,-0.1708785,0.9834161,0.06077209,-0.8529697,-0.1785223,0.4904819,moving,0.7221805475651073,9.501620430261388,-3.07738844938376,9.551477126399668,-1.3380652,-0.00654243,0.639929,0.0124312050977563,0.1650627443318961,0.9862047230431298,1.405696277045808,10.578173952941846,3.7474120128905417,3.799896084464001,4.599147207687296
34,05/05/2023 12:21:22.677858,232,True,True,True,True,Eyes,2.03162,0.1020421,-3.628374,-0.8647863,-0.01455691,0.501929,0.0,0.0,0.0,0.0,0.0,0.0,0.0,2.021882,0.4830458,3.566761,2.144168,0.09445051,-3.526577,0.06900772,-0.501931,0.05907042,0.8601243,10.25381,299.6371,1.883451,0.4765433,0.02461098,-0.8788062,0.1149277,-0.002965426,0.02510653,0.8051736,0.08716743,-2.895211,-0.07914501,0.2357402,1.444511,0.4891521,0.03234159,0.8715987,-0.17089,0.9834973,0.05941191,-0.8552934,-0.178009,0.4866065,moving,0.8129691716132593,9.398680661307289,-3.1361101130717923,9.26880276700136,-1.3389944,-0.0072830799999999,0.6313659999999999,0.013998082324434,0.1632872419726754,0.9864792444028578,1.495430072107946,10.47294024791855,3.899462871511013,3.951214429027858,4.785510585077036
35,05/05/2023 12:21:22.697573,233,True,True,True,True,Eyes,2.0359,0.101646,-3.623682,-0.8663092,-0.01572832,0.4992604,0.0,0.0,0.0,0.0,0.0,0.0,0.0,2.029493,0.4808993,3.555935,2.147315,0.09348342,-3.517823,0.06875084,-0.5039063,0.05971817,0.8589445,10.27023,299.3776,1.939459,0.4777333,0.0246032,-0.8781601,0.108032,-0.002787501,0.02360014,0.807846,0.0847525,-2.895398,-0.07810599,0.2387015,1.444182,0.4850245,0.03330123,0.8738663,-0.1718771,0.9834141,0.05792158,-0.8574436,-0.178291,0.4827036,moving,0.9048201669292144,9.344425297243925,-3.095723370536188,9.385276176508242,-1.3394689999999998,-0.00873092,0.6224249999999998,0.0155819350623713,0.1623492324986971,0.9866103015221456,1.5860963407246254,10.417782677971331,3.9473898148739632,4.000752102979246,4.794320127433485
36,05/05/2023 12:21:22.717535,234,True,True,True,True,Eyes,2.040146,0.1012149,-3.618793,-0.8679007,-0.01695197,0.4964484,0.0,0.0,0.0,0.0,0.0,0.0,0.0,2.035029,0.4746847,3.546604,2.150427,0.09264718,-3.508868,0.06799018,-0.505638,0.06080772,0.8579102,10.26216,299.1573,2.072077,0.4789312,0.02458787,-0.8775077,0.1015501,-0.002620251,0.02218413,0.810329,0.08250857,-2.895572,-0.0774076,0.2366742,1.444475,0.4812653,0.0355783,0.8758527,-0.1730919,0.9833595,0.05516554,-0.8593154,-0.1781523,0.4794151,moving,0.9591960493622358,9.262946714944832,-3.067474722975038,9.30511244588496,-1.3400980000000002,-0.0101386099999999,0.6132960000000001,0.0165221135011335,0.1609436149134579,0.986825304090838,1.6398871703487117,10.334366475299944,3.974100272552949,4.026891537856584,4.818570312009937
37,05/05/2023 12:21:22.737414,235,True,True,True,True,Eyes,2.044351,0.1007294,-3.613757,-0.8695215,-0.01824261,0.493558,0.0,0.0,0.0,0.0,0.0,0.0,0.0,2.040184,0.4678473,3.537514,2.153283,0.09158678,-3.500033,0.06713022,-0.5073264,0.06155835,0.8569272,10.22486,298.9412,2.177278,0.4801374,0.02456497,-0.8768489,0.0,0.0,0.0,0.8129704,0.08012154,-2.895757,-0.07561719,0.2289754,1.445367,0.4776611,0.03738819,0.8777483,-0.1736159,0.9834082,0.05259107,-0.8612186,-0.1775117,0.476227,moving,0.998292689880364,9.14903595554843,-2.9948099738081257,9.00200146516314,-1.3403126,-0.01146524,0.604276,0.0172010292372756,0.1589795465868125,0.9871319868721162,1.6786935223131012,10.217489349498916,3.946321669072142,3.995808807252792,4.8289797809914665
38,05/05/2023 12:21:22.767652,236,True,True,True,True,Eyes,2.048504,0.1002694,-3.608563,-0.8712527,-0.01981487,0.4904346,0.0,0.0,0.0,0.0,0.0,0.0,0.0,2.050993,0.4738236,3.52397,2.15659,0.08962166,-3.491494,0.06773851,-0.5095294,0.0639401,0.8553965,10.43065,298.6532,2.351901,0.4813514,0.02453407,-0.876184,0.0,0.0,0.0,0.8155486,0.07779165,-2.895937,-0.07314235,0.2293838,1.445051,0.4725829,0.04035874,0.8803617,-0.1784178,0.9826463,0.05072784,-0.8630369,-0.1810453,0.4715826,moving,1.1158724178568435,9.258231005324651,-2.8975964268678065,9.019733370543468,-1.3410414,-0.01183001,0.5955569999999999,0.019220822758832,0.1608546321585868,0.9867909304878952,1.7943357125850246,10.3306092606102,3.9703308927294096,4.0205488791173325,4.871613983105463
39,05/05/2023 12:21:22.787624,237,True,True,True,True,Eyes,2.052584,0.09979158,-3.603214,-0.8730603,-0.02120353,0.487151,0.0,0.0,0.0,0.0,0.0,0.0,0.0,2.064399,0.4870777,3.507107,2.15953,0.08973631,-3.482409,0.06952927,-0.5120159,0.06685237,0.8535433,10.78659,298.3198,2.504316,0.4825738,0.02449661,-0.8755124,0.0,0.0,0.0,0.8180264,0.07555248,-2.896111,-0.06941372,0.2318293,1.444143,0.466741,0.04292258,0.8833518,-0.185323,0.9813929,0.05023356,-0.864759,-0.1871514,0.4660108,moving,1.273734448089387,9.52629474121867,-2.751842890141855,9.1199228629039,-1.3415036000000002,-0.0141838299999999,0.5862980000000002,0.021922633095238,0.1654604475335046,0.9859727239542356,1.9493102165942704,10.607396134915836,3.993998980200054,4.046036456776682,4.930863744611548
40,05/05/2023 12:21:22.797911,238,True,True,True,True,Eyes,2.056628,0.09926497,-3.597741,-0.8748201,-0.02258039,0.4839213,0.0,0.0,0.0,0.0,0.0,0.0,0.0,2.070899,0.4659435,3.498351,2.161958,0.08882985,-3.473073,0.06697329,-0.5140364,0.06667177,0.8525469,10.52935,298.0658,2.613362,0.4838038,0.02445293,-0.8748345,0.0,0.0,0.0,0.8205639,0.07325935,-2.896289,-0.06760037,0.2272336,1.443893,0.462643,0.0448282,0.8854106,-0.182535,0.9821389,0.0456523,-0.8675497,-0.1827392,0.4625624,moving,1.3192088947458154,9.1860926199629,-2.6805238766101747,8.94360627599622,-1.3413940999999998,-0.0155705,0.576784,0.0227273942837177,0.159600332801273,0.9869200095696952,1.9949364501650333,10.2578376179009,3.957707760690069,4.007076474097967,4.85665865459922
41,05/05/2023 12:21:22.817518,239,True,True,True,True,Eyes,2.060588,0.09875923,-3.592167,-0.8765584,-0.02412312,0.4806907,0.0,0.0,0.0,0.0,0.0,0.0,0.0,2.069201,0.4709865,3.492174,2.165076,0.08727457,-3.464611,0.06744654,-0.5148711,0.06694653,0.8519841,10.59493,297.9505,2.601902,0.4850416,0.02440251,-0.8741503,0.0,0.0,0.0,0.823217,0.07086182,-2.896474,-0.06759274,0.2249621,1.443028,0.4608517,0.0446222,0.8863547,-0.1835273,0.9819383,0.04598908,-0.8682934,-0.1838644,0.4607173,moving,1.2201667112074366,9.167818455239466,-2.6818260403226324,8.860851273485315,-1.341859,-0.0164127499999999,0.5681370000000001,0.0210224234547301,0.159291511489444,0.9870077885584708,1.89735265993746,10.238353162875152,3.86664761038685,3.914048579625359,4.781881326861665
42,05/05/2023 12:21:22.837784,240,True,True,True,True,Eyes,2.064481,0.09825656,-3.586469,-0.8782603,-0.02527224,0.4775147,0.0,0.0,0.0,0.0,0.0,0.0,0.0,2.068227,0.4778188,3.484468,2.167401,0.08740351,-3.455738,0.06833321,-0.5156085,0.06959312,0.8512551,10.84213,297.8591,2.80227,0.4862855,0.02434659,-0.8734604,0.0,0.0,0.0,0.8256633,0.06865107,-2.896646,-0.06984776,0.2266308,1.441305,0.4586092,0.0480166,0.8873398,-0.1889494,0.9809747,0.04457236,-0.8683177,-0.1881036,0.4589567,moving,1.145500908987487,9.35034323850167,-2.7744671391493987,8.936021834194442,-1.3417377,-0.01875244,0.5590920000000001,0.0197259166015398,0.16243926235702,0.9865214157056772,1.8233237601780523,10.425547283161434,3.89322468498342,3.9418031057475735,4.833049473888991
43,05/05/2023 12:21:22.848574,241,True,True,True,True,Eyes,2.068326,0.09778786,-3.58063,-0.8800071,-0.02656754,0.474217,0.0,0.0,0.0,0.0,0.0,0.0,0.0,2.06507,0.4378367,3.48436,2.169666,0.08693086,-3.447024,0.06339048,-0.516482,0.06939574,0.8511242,10.34586,297.7771,3.067869,0.487535,0.02428588,-0.8727652,0.0,0.0,0.0,0.8283526,0.0662208,-2.896834,-0.07285029,0.2288673,1.439127,0.4568612,0.0526487,0.8879786,-0.1836089,0.9823318,0.03622305,-0.8703825,-0.1795896,0.458456,moving,1.0235871408755166,8.782286572110241,-2.897905686905225,9.036192982516384,-1.3413133999999998,-0.02071006,0.5501899999999997,0.0176546376976768,0.1526565217206417,0.988121649122708,1.7044906905081687,9.84048798403241,3.8818969212790977,3.929704119088501,4.67214542413778
44,05/05/2023 12:21:22.867433,242,True,True,True,True,Eyes,2.072098,0.09740564,-3.574676,-0.8817331,-0.02766002,0.4709369,0.0,0.0,0.0,0.0,0.0,0.0,0.0,2.062061,0.4364507,3.479195,2.172177,0.08733219,-3.438227,0.06324039,-0.5169452,0.07303727,0.8505493,10.54983,297.7364,3.432466,0.488791,0.0242217,-0.8720642,0.0,0.0,0.0,0.8308277,0.06398406,-2.897007,-0.07675439,0.2322735,1.436881,0.4548663,0.05885994,0.8886125,-0.1896272,0.9813324,0.03206558,-0.8701369,-0.1830906,0.4575365,moving,0.9153294034448298,8.927067417114698,-3.0576832250703694,9.182496923245433,-1.3413493,-0.02334813,0.54122,0.0157813715546859,0.1551577641078368,0.9877635935144248,1.5974388282288,9.988630678454044,3.931116831632188,3.981215088254269,4.724406096262155
45,05/05/2023 12:21:22.887620,243,True,True,True,True,Eyes,2.075814,0.09706898,-3.568604,-0.8835461,-0.02860213,0.4674701,0.0,0.0,0.0,0.0,0.0,0.0,0.0,2.063032,0.4064527,3.474892,2.174164,0.08902989,-3.42947,0.05979365,-0.5181688,0.07454924,0.8499225,10.30558,297.602,3.773795,0.4900521,0.02415657,-0.871358,0.0,0.0,0.0,0.8334466,0.06161735,-2.897191,-0.08052707,0.2299919,1.435009,0.4518871,0.06475575,0.8897217,-0.1886885,0.9817343,0.02438176,-0.8718915,-0.1788981,0.4558517,moving,0.857900032968199,8.62979645724091,-3.2118455982683747,9.105477078752624,-1.3407174000000002,-0.02741254,0.532279,0.0148031459546655,0.150033087502627,0.9885701930485415,1.5415306019802966,9.682506452530465,4.04766895539396,4.0974506167434095,4.788271942913533
46,05/05/2023 12:21:22.897691,244,True,True,True,True,Eyes,2.079469,0.09676173,-3.562445,-0.8853736,-0.02960719,0.4639364,0.0,0.0,0.0,0.0,0.0,0.0,0.0,2.066361,0.3852249,3.46837,2.176327,0.08972876,-3.421021,0.05735296,-0.5197395,0.07437243,0.849147,10.06182,297.4027,3.883658,0.4913182,0.02409174,-0.8706465,0.0,0.0,0.0,0.8360141,0.05929709,-2.897371,-0.0842852,0.2248933,1.433208,0.4486793,0.06668904,0.8912013,-0.1859234,0.9823588,0.02009361,-0.8741394,-0.1747107,0.4531631,moving,0.8244571169194962,8.329380793670307,-3.3656179413147806,8.917906243405186,-1.3403129000000005,-0.03043167,0.52365,0.0142372450753288,0.1448489184788579,0.98935133910547,1.5092734686604323,9.373315374294512,4.182362265609592,4.231204461926016,4.896117210152091
47,05/05/2023 12:21:22.917620,245,True,True,True,True,Eyes,2.083044,0.09648205,-3.556225,-0.8873301,-0.03067246,0.4601136,0.0,0.0,0.0,0.0,0.0,0.0,0.0,2.077902,0.3917304,3.453864,2.178477,0.09014666,-3.412684,0.05838298,-0.5220972,0.07495604,0.8475776,10.20886,297.079,3.851011,0.4925891,0.02402793,-0.8699299,0.0,0.0,0.0,0.8385586,0.05699764,-2.897549,-0.08686858,0.2226023,1.430945,0.4435923,0.06609894,0.8937879,-0.1880253,0.981946,0.02069953,-0.8762833,-0.1772369,0.448012,moving,0.9037798822955958,8.410464469938443,-3.473999513696283,8.842238952515775,-1.3399184,-0.03314902,0.5151349999999999,0.0156036906969517,0.1462459016834843,0.98912521560763,1.587271635799027,9.457257790829624,4.348342486891237,4.399020532320342,5.098501134666392
48,05/05/2023 12:21:22.937733,246,True,True,True,True,Eyes,2.086567,0.09620323,-3.54993,-0.8892967,-0.03180192,0.4562236,0.0,0.0,0.0,0.0,0.0,0.0,0.0,2.089481,0.3904186,3.43997,2.18039,0.09056051,-3.404328,0.05847853,-0.5246154,0.07387934,0.8461093,10.1645,296.7294,3.708342,0.4938635,0.02396573,-0.8692087,0.0,0.0,0.0,0.8411545,0.05465179,-2.897731,-0.08827084,0.2200703,1.428368,0.4386411,0.0636625,0.8964046,-0.1863775,0.9822443,0.02144199,-0.8791232,-0.1764749,0.4427179,moving,0.975932848041118,8.2973494501081,-3.5362896489902647,8.758755086105745,-1.3392355,-0.03590872,0.5065970000000002,0.01685418097189,0.1442899232782855,0.9893918892772722,1.6586600561864424,9.341429549756162,4.484647803428127,4.535752090188188,5.227524459044249
49,05/05/2023 12:21:22.948561,247,True,True,True,True,Eyes,2.090035,0.09594644,-3.543582,-0.8913148,-0.03332163,0.4521588,0.0,0.0,0.0,0.0,0.0,0.0,0.0,2.102241,0.4018205,3.424231,2.182671,0.09031221,-3.396178,0.06005957,-0.5271384,0.07386268,0.8444302,10.32922,296.3744,3.579658,0.4951401,0.02390509,-0.8684838,0.0,0.0,0.0,0.843733,0.05232158,-2.897912,-0.08952832,0.2181479,1.425665,0.4333387,0.06142435,0.8991355,-0.1880632,0.9818743,0.02356051,-0.8813909,-0.1793039,0.4370359,moving,1.0577674896579308,8.371052077800519,-3.593318119832859,8.69962690016855,-1.3389380000000002,-0.03799063,0.4982660000000001,0.0182638648705043,0.1455589092120127,0.9891809841132904,1.7391515964682196,9.417798557123833,4.610295281811091,4.662677209576758,5.380613701439827
50,05/05/2023 12:21:22.967485,248,True,True,True,True,Eyes,2.093454,0.09576063,-3.537173,-0.8933198,-0.03489796,0.4480647,0.0,0.0,0.0,0.0,0.0,0.0,0.0,2.110772,0.4271358,3.409345,2.184913,0.09067581,-3.388122,0.0633909,-0.5289645,0.07523056,0.8429226,10.74602,296.1086,3.487501,0.4964196,0.02384637,-0.8677548,0.0,0.0,0.0,0.8462914,0.05000954,-2.898091,-0.09091288,0.2167593,1.422452,0.429074,0.05976403,0.9012901,-0.1938901,0.9806439,0.02727867,-0.8822144,-0.1864558,0.4323564,moving,1.0694936222988112,8.698316500745745,-3.656959328222271,8.664320825878242,-1.3386215999999995,-0.04066627,0.4900310000000001,0.0184504957770816,0.1512060404180977,0.9883301172265024,1.7499390193842344,9.754450386338258,4.672656030463826,4.726575208266461,5.515698704601141
51,05/05/2023 12:21:22.987616,249,True,True,True,True,Eyes,2.096827,0.09560499,-3.530698,-0.8953778,-0.03644888,0.4438132,0.0,0.0,0.0,0.0,0.0,0.0,0.0,2.120452,0.4330868,3.396157,2.187142,0.09221966,-3.380188,0.06447998,-0.5310598,0.07611573,0.8414419,10.91522,295.8181,3.480379,0.4977009,0.02379115,-0.8670221,0.0,0.0,0.0,0.8488653,0.04768352,-2.898271,-0.09320325,0.2147583,1.419191,0.4243639,0.05960847,0.9035277,-0.1965794,0.9800974,0.02766832,-0.8838959,-0.1893563,0.4276358,moving,1.0933944972663794,8.777398683356497,-3.7574190449055846,8.604966794782813,-1.3382767000000002,-0.0445361399999999,0.4819170000000001,0.0188587784809401,0.1525688687181682,0.9881129332483204,1.7733120026582476,9.835947912417462,4.798930298188394,4.853877293166361,5.666065692564778
52,05/05/2023 12:21:22.997533,250,True,True,True,True,Eyes,2.100174,0.09548084,-3.524166,-0.897398,-0.03811743,0.4395723,0.0,0.0,0.0,0.0,0.0,0.0,0.0,2.12817,0.4284674,3.38536,2.189334,0.09275016,-3.372176,0.06413594,-0.5331574,0.07462988,0.8402739,10.7989,295.5241,3.328358,0.498984,0.02373985,-0.8662857,0.0,0.0,0.0,0.8514767,0.0453236,-2.898454,-0.0955171,0.2121563,1.41584,0.4203471,0.05702999,0.9055694,-0.1938082,0.9806339,0.02820454,-0.8864235,-0.1873625,0.4232596,moving,1.0818799339072638,8.567110072199746,-3.859508600318838,8.52207029978757,-1.3378573,-0.04742656,0.473722,0.0186706421272835,0.1489417624844052,0.9886696487258468,1.7624574928033128,9.619599531148223,4.88704038041524,4.941593794240895,5.728095073050572
53,05/05/2023 12:21:23.017810,251,True,True,True,True,Eyes,2.103478,0.09538654,-3.51756,-0.899433,-0.03966313,0.4352553,0.0,0.0,0.0,0.0,0.0,0.0,0.0,2.134488,0.4423661,3.373451,2.19206,0.09341886,-3.36423,0.06606854,-0.534817,0.07571958,0.8389711,11.06085,295.2866,3.293521,0.5002691,0.02369286,-0.8655455,0.0,0.0,0.0,0.8540522,0.04299613,-2.898634,-0.09550792,0.216654,1.412162,0.4164748,0.05638393,0.9073972,-0.1977222,0.979803,0.02986695,-0.8873865,-0.1918514,0.4192116,moving,1.0505696734172685,8.7428769285144,-3.869159492664065,8.722312670317656,-1.3380078000000002,-0.05042273,0.4655960000000001,0.0181218997265605,0.1519755547717452,0.9882181383938504,1.7311804988985264,9.800145905831329,4.8629544826052,4.919772144754929,5.70311603464923
54,05/05/2023 12:21:23.037488,252,True,True,True,True,Eyes,2.106764,0.09534243,-3.510909,-0.901419,-0.0412428,0.4309789,0.0,0.0,0.0,0.0,0.0,0.0,0.0,2.135494,0.4302422,3.367751,2.194119,0.0939718,-3.356218,0.0647148,-0.5361274,0.07418159,0.8383774,10.83914,295.1082,3.209815,0.5015561,0.02365053,-0.8648016,0.0,0.0,0.0,0.8567688,0.04054118,-2.898825,-0.09465331,0.2224673,1.407738,0.4141291,0.05499359,0.9085554,-0.1937751,0.9806182,0.02896929,-0.8893528,-0.1880524,0.4167589,moving,0.9265840130323718,8.437646546684517,-3.846656540928619,8.980285788866157,-1.3373502000000002,-0.0534306199999999,0.4573930000000001,0.0159962466175486,0.1467142298648208,0.9890495686300932,1.609685840984021,9.485371803977834,4.747277973274066,4.803986129573366,5.479670069567828
55,05/05/2023 12:21:23.048643,253,True,True,True,True,Eyes,2.109997,0.09535188,-3.504209,-0.9034454,-0.04257945,0.4265836,0.0,0.0,0.0,0.0,0.0,0.0,0.0,2.138917,0.4328751,3.35939,2.196981,0.09516077,-3.348442,0.0652646,-0.5374743,0.07535888,0.8373668,10.97074,294.9246,3.272988,0.5028447,0.02361363,-0.8640539,0.0,0.0,0.0,0.8618349,0.03596304,-2.899179,-0.09573114,0.2115949,1.403044,0.410885,0.05604997,0.9099627,-0.1963621,0.9801232,0.02829392,-0.8902895,-0.1903077,0.413724,moving,0.8444648241037811,8.496831876571065,-3.9033004269259175,8.576221794928014,-1.3351461000000002,-0.05919773,0.4492629999999997,0.0145764282699962,0.1477390387760818,0.9889190423350294,1.5286006926167266,9.545667386221126,4.695655432471818,4.748428965249646,5.517732734281925
56,05/05/2023 12:21:23.067519,254,True,True,True,True,Eyes,2.113224,0.09538995,-3.497469,-0.9054545,-0.04380301,0.4221768,0.0,0.0,0.0,0.0,0.0,0.0,0.0,2.142913,0.4059888,3.353529,2.198926,0.09638993,-3.340433,0.06217934,-0.5392908,0.07296203,0.8366454,10.52938,294.6851,3.208152,0.5041353,0.02358297,-0.8633023,0.0,0.0,0.0,0.8646355,0.03343217,-2.899376,-0.1007137,0.211791,1.399477,0.4076839,0.05502122,0.9114639,-0.1891522,0.9816206,0.02534863,-0.8933169,-0.1827396,0.4105983,moving,0.7666120127011197,7.989094075855439,-4.116208443125301,8.605603590484284,-1.3342905000000005,-0.06295776,0.4410569999999998,0.0132496718915375,0.1389723928968665,0.9902075165947974,1.4530568086323918,9.022949355303838,4.868334269405546,4.921587100261951,5.5848807446398085
57,05/05/2023 12:21:23.087625,255,True,True,True,True,Eyes,2.116416,0.09547209,-3.490694,-0.907477,-0.04516887,0.4176664,0.0,0.0,0.0,0.0,0.0,0.0,0.0,2.150817,0.4011641,3.343377,2.202012,0.09709197,-3.332691,0.06179402,-0.5413885,0.07217921,0.8353862,10.45119,294.3942,3.129424,0.5054273,0.02355865,-0.8625472,0.0,0.0,0.0,0.8670424,0.03125699,-2.899544,-0.1055198,0.2154145,1.394955,0.4033774,0.0536859,0.9134574,-0.1875042,0.9819433,0.02508975,-0.8956164,-0.1813977,0.40616,moving,0.7541934131110155,7.833406270874113,-4.325836461943265,8.778500849749395,-1.3349696,-0.06583498,0.4331469999999999,0.0130399709204162,0.1362816129540521,0.9905842897825876,1.441182524251403,8.862748028154611,5.110515585723798,5.167195302527616,5.767634313494486
58,05/05/2023 12:21:23.103095,256,True,True,True,True,Eyes,2.119599,0.095604,-3.483871,-0.9094939,-0.04643583,0.4131156,0.0,0.0,0.0,0.0,0.0,0.0,0.0,2.159103,0.4024203,3.331498,2.204503,0.09827369,-3.324614,0.06224319,-0.5434508,0.07229764,0.8340026,10.50972,294.106,3.08652,0.5067202,0.02354115,-0.8617887,0.0,0.0,0.0,0.8695424,0.02899782,-2.899719,-0.1110315,0.2016298,1.392924,0.3988686,0.0529406,0.9154787,-0.188245,0.9817977,0.02524154,-0.8974785,-0.1824024,0.4015741,moving,0.7502068470915354,7.819700564219401,-4.557473221866144,8.236520957489667,-1.3349605999999998,-0.0692758699999999,0.4248949999999998,0.0129714734350738,0.1360447719011494,0.990617736729787,1.4372852221704728,8.848624804812477,5.270368987250957,5.324021689912295,6.025927308079289
59,05/05/2023 12:21:23.117682,257,True,True,True,True,Eyes,2.122763,0.09577204,-3.476997,-0.9115399,-0.04789174,0.4084135,0.0,0.0,0.0,0.0,0.0,0.0,0.0,2.169715,0.3973545,3.319141,2.207414,0.09958183,-3.316573,0.06193474,-0.5459061,0.07171639,0.8324708,10.45239,293.7651,3.018378,0.5080153,0.02353101,-0.8610262,0.0,0.0,0.0,0.8721149,0.02667305,-2.8999,-0.1165608,0.2042621,1.388642,0.3936868,0.0517825,0.9177849,-0.1870247,0.9820417,0.02481689,-0.900018,-0.1814185,0.3963015,moving,0.7802040916508861,7.67746762141423,-4.798085535485461,8.36790712039032,-1.3352991,-0.0729087799999999,0.4166729999999998,0.013494670355155,0.133584304966036,0.990945670747511,1.4671889466685553,8.702556710828592,5.563375037712113,5.6208559727112135,6.274205502301529
60,05/05/2023 12:21:23.137889,258,True,True,True,True,Eyes,2.125914,0.09596274,-3.470074,-0.9135888,-0.04921997,0.4036495,0.0,0.0,0.0,0.0,0.0,0.0,0.0,2.18135,0.3977292,3.305162,2.210098,0.1006239,-3.308461,0.06229364,-0.5484549,0.07125408,0.8308065,10.46689,293.4059,2.918386,0.5093123,0.02352844,-0.8602597,0.0,0.0,0.0,0.8747731,0.02427081,-2.900086,-0.120367,0.1945113,1.385834,0.3882401,0.05006621,0.9201971,-0.1867272,0.9820847,0.02534861,-0.9024425,-0.1816672,0.3906334,moving,0.8255541671064042,7.614035668944669,-4.9639834818554345,7.989662580153693,-1.3353248999999998,-0.07635309,0.4083749999999999,0.0142811310226208,0.1324856919739477,0.9910820402476224,1.5120404262824996,8.637637345185091,5.746576136635847,5.801710244847721,6.508360542785842
61,05/05/2023 12:21:23.148650,259,True,True,True,True,Eyes,2.129056,0.09615874,-3.463097,-0.9156653,-0.05071365,0.3987297,0.0,0.0,0.0,0.0,0.0,0.0,0.0,2.194173,0.3933419,3.290971,2.212972,0.1014507,-3.300313,0.06203662,-0.5512388,0.07016215,0.8290744,10.38247,293.0152,2.793898,0.5106111,0.02353327,-0.8594893,0.0,0.0,0.0,0.877344,0.02194753,-2.900266,-0.1232494,0.1853897,1.383321,0.3824261,0.0479453,0.9227412,-0.1847333,0.9824575,0.02551374,-0.9053308,-0.1802181,0.3845744,moving,0.8851835353373523,7.441748502671436,-5.0914236269801085,7.63317450394783,-1.3356280000000005,-0.07950317,0.4000470000000002,0.0153186606828267,0.1295029572895439,0.9914607971426048,1.571223642694635,8.460867087736622,5.9273553855019205,5.979671988213821,6.713862052005782
62,05/05/2023 12:21:23.167637,260,True,True,True,True,Eyes,2.132189,0.09635304,-3.456082,-0.9177454,-0.05216737,0.3937282,0.0,0.0,0.0,0.0,0.0,0.0,0.0,2.207467,0.398109,3.275271,2.215749,0.101769,-3.292248,0.06287582,-0.5540051,0.06941456,0.8272285,10.42436,292.6188,2.632779,0.5119131,0.02354493,-0.8587142,0.0,0.0,0.0,0.8799149,0.01962417,-2.900446,-0.1228614,0.1855162,1.379896,0.37652,0.04517636,0.9253065,-0.1845104,0.9824565,0.0271133,-0.9078485,-0.1809374,0.37825,moving,0.9483189609552553,7.398752103372059,-5.088010881824981,7.657055701018463,-1.3358341,-0.08214483,0.3918019999999997,0.0164127691314638,0.1287566490984038,0.9915403650439572,1.6335581633326224,8.417088378427728,5.988863253065335,6.041853914105864,6.7644024199888335
63,05/05/2023 12:21:23.187592,261,True,True,True,True,Eyes,2.135318,0.09652539,-3.44905,-0.9198553,-0.05386168,0.3885423,0.0,0.0,0.0,0.0,0.0,0.0,0.0,2.222715,0.4035715,3.25807,2.218582,0.1017848,-3.284187,0.06378538,-0.5570295,0.06859225,0.8251938,10.46801,292.1841,2.456243,0.5132174,0.02356272,-0.8579348,0.0,0.0,0.0,0.8825042,0.01728428,-2.900627,-0.1224512,0.1807219,1.376931,0.3700266,0.04214314,0.9280649,-0.1842645,0.982453,0.02885477,-0.9105641,-0.1816864,0.3712992,moving,1.0371124482543466,7.343172047139664,-5.081974859015928,7.47731829036392,-1.3360778,-0.08450052,0.3835600000000001,0.0179516373427712,0.1277913614889025,0.9916385828744908,1.7212137377631909,8.360547127651976,6.069071325487178,6.120557547198405,6.86028193752725
64,05/05/2023 12:21:23.197592,262,True,True,True,True,Eyes,2.138451,0.09668313,-3.441985,-0.9219705,-0.05563112,0.3832434,0.0,0.0,0.0,0.0,0.0,0.0,0.0,2.240168,0.4134203,3.238994,2.221678,0.101491,-3.276309,0.06522885,-0.5602571,0.06856299,0.8228952,10.61326,291.7184,2.317806,0.5145252,0.02358553,-0.8571505,0.0,0.0,0.0,0.885169,0.01487608,-2.900814,-0.1214929,0.1816146,1.373624,0.3628224,0.03975046,0.9310102,-0.1859301,0.9820886,0.03052722,-0.913121,-0.1841788,0.3637145,moving,1.160231276499087,7.383653400895944,-5.054486084886332,7.531714628273835,-1.336509,-0.08661492,0.3754949999999999,0.0200806362115527,0.1284867481529585,0.9915078676564708,1.8424777850999263,8.403038123044507,6.163489289675948,6.216480837978832,6.951785041011783
65,05/05/2023 12:21:23.217706,263,True,True,True,True,Eyes,2.141589,0.09682089,-3.434885,-0.9240946,-0.05757742,0.3778016,0.0,0.0,0.0,0.0,0.0,0.0,0.0,2.259022,0.4223722,3.21884,2.224885,0.1013268,-3.268354,0.06659592,-0.5636114,0.06962121,0.8204024,10.82148,291.2388,2.285302,0.5158355,0.02361248,-0.856362,0.0,0.0,0.0,0.8875901,0.01268816,-2.900984,-0.1222557,0.1883484,1.369675,0.3549902,0.03916636,0.9340492,-0.1893032,0.9814357,0.03079228,-0.9155033,-0.1877495,0.3558144,moving,1.305263137635344,7.474916174271348,-5.100641724052495,7.829819099291723,-1.3372948999999998,-0.0886386399999999,0.3673700000000002,0.0225856890887411,0.1300589471512053,0.9912490075252955,1.9852220660648856,8.49790729832548,6.357404007098267,6.41572857773643,7.117289336101548
66,05/05/2023 12:21:23.237480,264,True,True,True,True,Eyes,2.144742,0.09692054,-3.427748,-0.9262191,-0.05944211,0.37227,0.0,0.0,0.0,0.0,0.0,0.0,0.0,2.277678,0.423782,3.199445,2.22811,0.1010342,-3.260242,0.06699297,-0.5670442,0.07010389,0.8179598,10.90022,290.7529,2.259162,0.517149,0.02364271,-0.8555686,0.0,0.0,0.0,0.8902022,0.01032765,-2.901167,-0.1224468,0.1879431,1.366713,0.3470927,0.0387084,0.9370316,-0.1906603,0.9811948,0.0300911,-0.9182457,-0.1890991,0.3479457,moving,1.4472526938485808,7.441366794691604,-5.119585217641269,7.829901968609477,-1.3379078,-0.09070655,0.3590749999999998,0.0250440608164926,0.1294709238683877,0.9912669738453652,2.125261615085104,8.464394121080042,6.518738779959684,6.578321954507226,7.272577666908212
67,05/05/2023 12:21:23.253370,265,True,True,True,True,Eyes,2.147911,0.09696567,-3.42058,-0.9282999,-0.06144024,0.366721,0.0,0.0,0.0,0.0,0.0,0.0,0.0,2.294508,0.4209374,3.181899,2.231567,0.1002159,-3.252153,0.06675781,-0.5703071,0.07022297,0.8156974,10.89476,290.294,2.242075,0.5184672,0.02367499,-0.8547695,0.0,0.0,0.0,0.8927535,0.008022025,-2.901345,-0.1234759,0.18148,1.364477,0.3396372,0.03841648,0.9397717,-0.1907063,0.9812243,0.02881102,-0.92102,-0.1890057,0.3405865,moving,1.5591999681880746,7.316943592832976,-5.170794961129312,7.576065666006987,-1.3388135,-0.092193875,0.3508079999999998,0.0269884008192555,0.1273115305827071,0.9914954864618272,2.2359023208285764,8.337213660329834,6.677427370044822,6.734981514261471,7.44570419072797
68,05/05/2023 12:21:23.267876,266,True,True,True,True,Eyes,2.151096,0.09696782,-3.413369,-0.9303813,-0.06333525,0.3610806,0.0,0.0,0.0,0.0,0.0,0.0,0.0,2.312078,0.4143045,3.164017,2.235165,0.09903033,-3.243854,0.06601471,-0.5736167,0.071741,0.8133014,10.93431,289.8387,2.390913,0.5197891,0.02370775,-0.8539655,0.0,0.0,0.0,0.8953214,0.005701432,-2.901525,-0.1251473,0.1842677,1.361508,0.3316342,0.04095983,0.9425184,-0.1924284,0.9809906,0.02507606,-0.9235746,-0.1896834,0.3332119,moving,1.6858246726948083,7.239007549566262,-5.251764750438134,7.707628684799809,-1.3398435999999998,-0.093328898,0.3423289999999999,0.0291846510546207,0.1259549660375979,0.9916065346960456,2.360901174416673,8.257944555283336,6.892887478251835,6.953398649031541,7.632531037653994
69,05/05/2023 12:21:23.287604,267,True,True,True,True,Eyes,2.154305,0.09693165,-3.406087,-0.932418,-0.0652959,0.3554336,0.0,0.0,0.0,0.0,0.0,0.0,0.0,2.329028,0.404286,3.146778,2.238704,0.09800886,-3.235525,0.06485148,-0.5769279,0.07252292,0.8109804,10.8867,289.3823,2.497998,0.5211163,0.02373993,-0.8531553,0.0,0.0,0.0,0.8979362,0.003338479,-2.901708,-0.128824,0.175458,1.359228,0.3237894,0.04280007,0.9451606,-0.1924585,0.9810694,0.02150556,-0.9263478,-0.1888675,0.3258971,moving,1.8039246892258451,7.070808127652167,-5.414168264734334,7.355436889599525,-1.3407677999999998,-0.094670381,0.3338169999999998,0.0312400510086181,0.1230357868615352,0.9919103687602582,2.477709849317062,8.08578602124753,7.165733368668883,7.2237026118284575,7.925600924923133
70,05/05/2023 12:21:23.297815,268,True,True,True,True,Eyes,2.157524,0.09686953,-3.39875,-0.9344596,-0.06709336,0.349691,0.0,0.0,0.0,0.0,0.0,0.0,0.0,2.344683,0.3914661,3.130467,2.24228,0.09706907,-3.226975,0.06333194,-0.5801059,0.07355904,0.8087367,10.82336,288.9479,2.655202,0.5224488,0.02377063,-0.8523391,0.0,0.0,0.0,0.9006483,0.0008875692,-2.901898,-0.13159,0.1747858,1.356798,0.3161324,0.04550131,0.9476233,-0.1924583,0.9811563,0.01709368,-0.9289887,-0.1877818,0.3189324,moving,1.8996570859377544,6.895447847566776,-5.539545737529478,7.340544720449565,-1.3416317000000002,-0.0961815008,0.3250769999999998,0.0329096862946067,0.1199929355000019,0.992229160248444,2.5724874156506585,7.906107032054662,7.393728230945459,7.452506281442027,8.131724454665305
71,05/05/2023 12:21:23.317468,269,True,True,True,True,Eyes,2.160777,0.09674542,-3.391333,-0.9364765,-0.06875265,0.3439256,0.0,0.0,0.0,0.0,0.0,0.0,0.0,2.36168,0.3689089,3.113782,2.245707,0.09639464,-3.218194,0.06062673,-0.5835197,0.07486743,0.8063647,10.66975,288.4901,2.915699,0.5237876,0.0237994,-0.8515162,0.0,0.0,0.0,0.9030998,-0.001327896,-2.90207,-0.1341122,0.1602985,1.355432,0.3077995,0.04998714,0.9501371,-0.1914947,0.9814385,0.01040127,-0.9319813,-0.1851477,0.3116585,moving,2.0246344893189288,6.632590989859724,-5.650695678523458,6.744686939611535,-1.3426071999999998,-0.097722536,0.3161239999999998,0.0350930260873976,0.1154310375415696,0.9926953890100116,2.6962982416463506,7.636647475139874,7.623757036729949,7.67614868845974,8.394516132588688
72,05/05/2023 12:21:23.337435,270,True,True,True,True,Eyes,2.164081,0.09657001,-3.38385,-0.938481,-0.0706097,0.3380351,0.0,0.0,0.0,0.0,0.0,0.0,0.0,2.379808,0.3335664,3.097252,2.249687,0.09479118,-3.208994,0.05616329,-0.5872854,0.07552689,0.8038889,10.31209,287.9913,3.231663,0.5251337,0.02382491,-0.850686,0.0,0.0,0.0,0.9057143,-0.003690515,-2.902253,-0.1351207,0.1548982,1.354094,0.2987832,0.05546269,0.952708,-0.1873982,0.9822828,0.001586418,-0.9357406,-0.1790097,0.3038833,moving,2.17479625636015,6.149523709797786,-5.698498067389492,6.525841254434806,-1.3439727,-0.098481695,0.3067410000000001,0.037730189247393,0.1070472158839079,0.9935378061845256,2.8454524284787626,7.140891523338368,7.83313240548521,7.882282562988336,8.566059590565883
73,05/05/2023 12:21:23.352695,271,True,True,True,True,Eyes,2.167431,0.0963939,-3.376266,-0.9404286,-0.07268749,0.3321302,0.0,0.0,0.0,0.0,0.0,0.0,0.0,2.399238,0.3425718,3.074886,2.254138,0.09346259,-3.199805,0.05747698,-0.5908171,0.0788153,0.800887,10.67256,287.4853,3.402748,0.5264879,0.02384622,-0.8498479,0.0,0.0,0.0,0.9082567,-0.005988117,-2.902431,-0.1360525,0.1523045,1.351908,0.2894467,0.05832753,0.9554154,-0.194161,0.9809691,-0.001065729,-0.9372952,-0.185196,0.2952632,moving,2.357380064668402,6.374650013728161,-5.746749334924204,6.427778416266831,-1.3458813000000005,-0.099450707,0.297374,0.0408785445212143,0.1109364251552483,0.9929863779650256,3.02489660567589,7.373692454418744,8.053859226069763,8.10430354518496,8.822501112202763
74,05/05/2023 12:21:23.367578,272,True,True,True,True,Eyes,2.170824,0.09621132,-3.368608,-0.9423882,-0.07461599,0.3260934,0.0,0.0,0.0,0.0,0.0,0.0,0.0,2.416733,0.3464195,3.053914,2.258432,0.09332717,-3.190262,0.05825943,-0.594243,0.08108658,0.7980639,10.91542,286.9927,3.51403,0.5278516,0.02386376,-0.849001,0.0,0.0,0.0,0.9108617,-0.008342178,-2.902614,-0.1360984,0.1467747,1.350553,0.2806003,0.06018401,0.9579359,-0.198665,0.9800617,-0.003380781,-0.9390396,-0.1893597,0.2869621,moving,2.506426762612321,6.493801567240726,-5.7544040479054885,6.2024190091639975,-1.3475703,-0.101669348,0.2876480000000003,0.0434514025597352,0.1129889096351946,0.992645683464912,3.171532635605483,7.497271413735616,8.216465595398668,8.2659681511092,9.019367407289256
75,05/05/2023 12:21:23.387191,273,True,True,True,True,Eyes,2.174272,0.09599839,-3.360862,-0.9443201,-0.07653457,0.3200032,0.0,0.0,0.0,0.0,0.0,0.0,0.0,2.435256,0.3321524,3.033997,2.262793,0.09298275,-3.180732,0.05666283,-0.598066,0.08141077,0.7952853,10.80717,286.4535,3.602133,0.529226,0.02387775,-0.8481446,0.0,0.0,0.0,0.9134701,-0.01069948,-2.902797,-0.1356848,0.1430697,1.348822,0.2713786,0.06171335,0.9604921,-0.1972658,0.9803232,-0.007251809,-0.9420403,-0.1875043,0.2782127,moving,2.6736203007727624,6.260562889892087,-5.744346740444223,6.05473045970516,-1.3493228999999998,-0.10368223,0.2779349999999998,0.0463689567943074,0.1089328402689588,0.9929670668436492,3.336886528992535,7.25856661302978,8.37273752393902,8.420483127251792,9.160677877645108
76,05/05/2023 12:21:23.397681,274,True,True,True,True,Eyes,2.177766,0.09577281,-3.353036,-0.9462777,-0.07842293,0.3137012,0.0,0.0,0.0,0.0,0.0,0.0,0.0,2.457882,0.3251888,3.009862,2.267421,0.0920492,-3.171203,0.05598416,-0.6023959,0.08181233,0.7920177,10.7922,285.8307,3.627142,0.5306121,0.02388782,-0.8472778,0.0,0.0,0.0,0.9159142,-0.0129081,-2.902968,-0.1348648,0.1373948,1.347685,0.2608519,0.06214436,0.9633767,-0.1970429,0.980345,-0.009885938,-0.9450558,-0.1872477,0.26797,moving,2.911248352980143,6.119961747319927,-5.71464669257259,5.821121280109024,-1.3515068,-0.1049573,0.2682350000000002,0.0505002973163707,0.106474464860573,0.9930322213564508,3.5714501285269598,7.115624634436179,8.585246932117009,8.63107009366359,9.375891056598268
77,05/05/2023 12:21:23.417472,275,True,True,True,True,Eyes,2.181321,0.09554398,-3.345113,-0.9481819,-0.08031327,0.30741,0.0,0.0,0.0,0.0,0.0,0.0,0.0,2.482769,0.3207589,2.982845,2.271974,0.09153268,-3.161353,0.0557401,-0.607027,0.08267283,0.7884012,10.85128,285.159,3.659594,0.5320104,0.02389405,-0.8464003,0.0,0.0,0.0,0.9185103,-0.01525417,-2.90315,-0.1336877,0.1349337,1.346047,0.2493668,0.06268722,0.966378,-0.1980302,0.9801165,-0.01247817,-0.9479452,-0.1882604,0.2568225,moving,3.2047820478521016,6.049023868955387,-5.671944018514888,5.724458346292112,-1.3534637000000005,-0.10678685,0.2582029999999999,0.0555945302561136,0.1052163912187473,0.9928941555625194,3.860956318242928,7.044716625888162,8.836764503139975,8.882657734924882,9.62389062465899
78,05/05/2023 12:21:23.437511,276,True,True,True,True,Eyes,2.184928,0.09531709,-3.337101,-0.9501031,-0.08216713,0.3009198,0.0,0.0,0.0,0.0,0.0,0.0,0.0,2.507205,0.3124207,2.95626,2.276868,0.09124349,-3.151302,0.0550193,-0.6116734,0.08360127,0.7847545,10.87265,284.4863,3.731067,0.5334222,0.02389676,-0.8455113,0.0,0.0,0.0,0.9211301,-0.0176217,-2.903333,-0.1316665,0.1327525,1.344519,0.2377332,0.06390524,0.969226,-0.1985206,0.9799674,-0.01592004,-0.9508273,-0.1886266,0.2456572,moving,3.489349090996753,5.940351994837678,-5.593046457713821,5.638882422225326,-1.3557378999999998,-0.10886519,0.2479689999999998,0.0605373711278058,0.1033032456861005,0.9928059881173854,4.141712905055679,6.934939141358031,9.041824648925491,9.087397471578358,9.82065694697852
79,05/05/2023 12:21:23.452925,277,True,True,True,True,Eyes,2.188603,0.09508495,-3.328985,-0.9519817,-0.0840525,0.2943911,0.0,0.0,0.0,0.0,0.0,0.0,0.0,2.530561,0.3055275,2.929778,2.281677,0.0910752,-3.141073,0.05449903,-0.6162001,0.08460051,0.7811339,10.91799,283.8264,3.795891,0.5348482,0.02389635,-0.84461,0.0,0.0,0.0,0.9236662,-0.01991362,-2.903511,-0.1286945,0.1334898,1.343194,0.2262805,0.06500403,0.9718909,-0.1993333,0.9797453,-0.01911959,-0.9534482,-0.1894038,0.2346546,moving,3.760036831197768,5.854362678385233,-5.472933769978479,5.675553648549323,-1.3580108000000002,-0.1109888199999999,0.237562,0.0652373619240272,0.1017829237077986,0.9926653125303796,4.4087350796165765,6.848392396555486,9.188483962162252,9.234701878855414,9.95102657929733
80,05/05/2023 12:21:23.467734,278,True,True,True,True,Eyes,2.192333,0.09487107,-3.320783,-0.9538602,-0.08594672,0.2876872,0.0,0.0,0.0,0.0,0.0,0.0,0.0,2.553842,0.300371,2.903007,2.286848,0.09071454,-3.130794,0.05415777,-0.6207783,0.08509477,0.7774705,10.94473,283.1524,3.800525,0.5362898,0.02389302,-0.8436955,0.0,0.0,0.0,0.9262518,-0.02225022,-2.903692,-0.1252295,0.1357813,1.341856,0.2147865,0.06507739,0.9744906,-0.1995572,0.9796516,-0.02143785,-0.9560564,-0.1898621,0.2234026,moving,4.027244273604332,5.752384922329282,-5.3317189298759935,5.778045204042747,-1.3605962,-0.11296476,0.2271019999999999,0.0698788846840049,0.0999844664226765,0.9925321621066648,4.672364364500244,6.74537831732337,9.311851280326351,9.358998380924977,10.050742057821743
81,05/05/2023 12:21:23.487349,279,True,True,True,True,Eyes,2.196128,0.09470121,-3.312452,-0.9556589,-0.08787577,0.2810583,0.0,0.0,0.0,0.0,0.0,0.0,0.0,2.575132,0.3019168,2.876712,2.291871,0.09095393,-3.120414,0.05474939,-0.6250609,0.08574902,0.7739176,11.06601,282.5112,3.755551,0.5377475,0.02388755,-0.8427674,0.0,0.0,0.0,0.9288863,-0.02463095,-2.903876,-0.1218896,0.1351317,1.340765,0.2038918,0.06428193,0.9768807,-0.2011687,0.9792992,-0.02245369,-0.9581019,-0.1919397,0.2126027,moving,4.268626333182839,5.748171720614085,-5.194508280221768,5.755235734306474,-1.3629847,-0.11558488,0.2165379999999999,0.074060466937303,0.0998812511863161,0.9922392025110064,4.910306951750246,6.7427285951564375,9.415710641395613,9.463137249966618,10.152951936383982
82,05/05/2023 12:21:23.497667,280,True,True,True,True,Eyes,2.199975,0.09447799,-3.30405,-0.9574888,-0.08950184,0.2742344,0.0,0.0,0.0,0.0,0.0,0.0,0.0,2.593098,0.2954681,2.853825,2.297009,0.09180307,-3.109838,0.0543446,-0.6289811,0.0865756,0.7706711,11.10879,281.9309,3.802753,0.5392223,0.02388127,-0.8418247,0.0,0.0,0.0,0.9317033,-0.02717664,-2.904074,-0.1192615,0.1329201,1.33983,0.1937748,0.06507916,0.9788851,-0.2018061,0.9791027,-0.0251452,-0.9600654,-0.1926725,0.2028588,moving,4.442600320232884,5.681269897608133,-5.086629656245478,5.66558635239925,-1.3653057,-0.11897971,0.2057639999999998,0.077082106971216,0.0986999198230818,0.9921272913512564,5.081952456562658,6.675137654751076,9.482788966438688,9.529242882737543,10.21857406965384
83,05/05/2023 12:21:23.517522,281,True,True,True,True,Eyes,2.203912,0.0941998,-3.295576,-0.9592057,-0.09161052,0.2674544,0.0,0.0,0.0,0.0,0.0,0.0,0.0,2.614688,0.277741,2.828751,2.30212,0.09023123,-3.099623,0.05208099,-0.6336383,0.08458236,0.7672262,10.78389,281.2462,3.723024,0.5407146,0.02387292,-0.8408672,0.0,0.0,0.0,0.933943,-0.02920062,-2.904231,-0.116681,0.1331152,1.339266,0.1826969,0.06378657,0.9810979,-0.1957886,0.9802668,-0.02727342,-0.9634774,-0.187105,0.1915804,moving,4.683311746515193,5.221468901802626,-4.979212956984304,5.676221880227708,-1.368177,-0.1194318499999999,0.195392,0.0813116509569069,0.0907043860203755,0.9925527936295626,5.320307506221033,6.203941003740439,9.62960227905022,9.6732199353227,10.313031040644963
84,05/05/2023 12:21:23.537363,282,True,True,True,True,Eyes,2.207921,0.09397044,-3.287046,-0.9608742,-0.09406964,0.260522,0.0,0.0,0.0,0.0,0.0,0.0,0.0,2.63451,0.3196123,2.800042,2.307966,0.08887154,-3.090052,0.05776689,-0.6372898,0.08685502,0.763532,11.47365,280.6461,3.451742,0.5422248,0.02386133,-0.8398945,0.0,0.0,0.0,0.9365269,-0.0315357,-2.904412,-0.1142198,0.1306437,1.338645,0.1726359,0.05900466,0.9832168,-0.2062616,0.9782383,-0.02248991,-0.9631475,-0.1989174,0.1810495,moving,4.884479720130471,5.777853908711832,-4.876946371219999,5.574071262671403,-1.3714391,-0.12040724,0.1856399999999998,0.0847175712054975,0.1003098336000141,0.9913429821668928,5.51728972446681,6.777549444397218,9.71591238238006,9.76355297541448,10.463675441582112
85,05/05/2023 12:21:23.553194,283,True,True,True,True,Eyes,2.211975,0.09371556,-3.278474,-0.9624788,-0.09614304,0.2537541,0.0,0.0,0.0,0.0,0.0,0.0,0.0,2.655559,0.335849,2.771823,2.313633,0.08993125,-3.080065,0.06060952,-0.6411308,0.0914853,0.7595449,12.08598,280.045,3.591685,0.5437537,0.02384803,-0.8389058,0.0,0.0,0.0,0.9391125,-0.03387232,-2.904593,-0.1124344,0.127842,1.338034,0.1611636,0.0612571,0.9850249,-0.2166916,0.9759138,-0.02523675,-0.9628454,-0.2093794,0.1705556,moving,5.133380424961277,6.243891910274224,-4.803254789927832,5.45773835469265,-1.3745204999999998,-0.12380357,0.1754719999999996,0.0889480196802756,0.1083298063704917,0.9901277547384376,5.761535450009567,7.258574763162629,9.915806733114296,9.96768562940906,10.717173348600252
86,05/05/2023 12:21:23.567956,284,True,True,True,True,Eyes,2.216129,0.09341394,-3.269863,-0.964011,-0.09864365,0.2468853,0.0,0.0,0.0,0.0,0.0,0.0,0.0,2.675238,0.3058285,2.749226,2.318818,0.08904971,-3.069824,0.05679616,-0.6456771,0.08945566,0.756223,11.62001,279.3865,3.62633,0.545301,0.02383253,-0.8379013,0.0,0.0,0.0,0.94173,-0.03623776,-2.904776,-0.1102033,0.1227941,1.337518,0.1501975,0.06195288,0.9867131,-0.2086408,0.9775438,-0.02961782,-0.9663902,-0.20142,0.1597505,moving,5.344514548037355,5.613217166164476,-4.710182160062526,5.245474322469972,-1.377088,-0.12528747,0.165048,0.0927013776498515,0.0973913008025583,0.990919531683687,5.97113849612035,6.611439379013781,10.016314649568043,10.06141941730704,10.768308664590634
87,05/05/2023 12:21:23.587430,285,True,True,True,True,Eyes,2.216129,0.09341394,-3.269863,-0.964011,-0.09864365,0.2468853,0.0,0.0,0.0,0.0,0.0,0.0,0.0,2.691993,0.3440883,2.722945,2.325323,0.08773147,-3.0602,0.06209414,-0.6488594,0.09297254,0.7526499,12.36405,278.8483,3.484614,0.5468669,0.02381385,-0.8368807,0.0,0.0,0.0,0.9442636,-0.03852729,-2.904953,-0.1077711,0.1141599,1.337796,0.1406751,0.05937079,0.988274,-0.2205322,0.9750008,-0.02718193,-0.9651818,-0.2141225,0.1502516,moving,5.920243277665501,6.33193013677967,-4.605727145627499,4.877479595291648,-1.3810594,-0.12625876,0.1552470000000001,0.1025213962433873,0.1097070910007287,0.9886626556408796,6.536946421833436,7.35460351786187,10.573717763382446,10.625981353723231,11.414697418624916
88,05/05/2023 12:21:23.597964,286,True,True,True,True,Eyes,2.216129,0.09341394,-3.269863,-0.964011,-0.09864365,0.2468853,0.0,0.0,0.0,0.0,0.0,0.0,0.0,2.705786,0.3575205,2.700403,2.330612,0.08874732,-3.04986,0.0644866,-0.6518148,0.09699685,0.7493801,12.89105,278.3737,3.605915,0.5482748,0.02379696,-0.8359594,0.0,0.0,0.0,0.946896,-0.04090616,-2.905138,-0.1046854,0.1216899,1.337161,0.1314581,0.06130837,0.9894242,-0.2294417,0.9728662,-0.029798,-0.9644042,-0.2230979,0.1419578,moving,6.446883912567364,6.811314313996388,-4.476515586756461,5.199945435094649,-1.383716,-0.12965348,0.1447219999999998,0.1114994929580497,0.1178605249180843,0.9867506721044296,7.054931667990377,7.851291327737956,10.978434546640775,11.041610674431563,11.832324827836873
89,05/05/2023 12:21:23.617731,287,True,True,True,True,Eyes,2.216129,0.09341394,-3.269863,-0.964011,-0.09864365,0.2468853,0.0,0.0,0.0,0.0,0.0,0.0,0.0,2.713788,0.3362778,2.688637,2.336451,0.09037837,-3.039626,0.06215916,-0.6543987,0.09890729,0.7470716,12.84559,278.0063,3.906764,0.5495408,0.0237817,-0.8351282,0.0,0.0,0.0,0.9494798,-0.04324111,-2.905319,-0.1025545,0.1252343,1.336786,0.1239593,0.0664279,0.9900614,-0.2291354,0.9727072,-0.03657492,-0.9654694,-0.2223243,0.1357971,moving,6.845007963192702,6.703340220836572,-4.386979577525093,5.352027174837906,-1.3869711999999998,-0.13361948,0.1343070000000001,0.1183806476329535,0.1159078421289085,0.9861802693024406,7.447620864756124,7.743023356245917,11.247755131869722,11.31298329633373,12.073716510169952
90,05/05/2023 12:21:23.637693,288,True,True,True,True,Eyes,2.216129,0.09341394,-3.269863,-0.964011,-0.09864365,0.2468853,0.0,0.0,0.0,0.0,0.0,0.0,0.0,2.721342,0.3384903,2.674104,2.342093,0.09106616,-3.029425,0.06279036,-0.656748,0.1008231,0.7446973,13.05877,277.6382,3.984558,0.5506784,0.02376792,-0.8343788,0.0,0.0,0.0,0.9520398,-0.04555464,-2.905498,-0.09990022,0.1207593,1.337332,0.1170336,0.06769057,0.9908184,-0.2326403,0.9717842,-0.03891116,-0.9654955,-0.2259504,0.1294789,moving,7.239207562752757,6.877203640880904,-4.272125102310211,5.159739097168582,-1.3900532,-0.1366208,0.1239269999999996,0.1251197122844212,0.1188008742069948,0.9850033193080772,7.835777591332195,7.924579468574473,11.570211308156676,11.638748394249902,12.419567219435178
91,05/05/2023 12:21:23.653447,289,True,True,True,True,Eyes,2.216129,0.09341394,-3.269863,-0.964011,-0.09864365,0.2468853,0.0,0.0,0.0,0.0,0.0,0.0,0.0,2.725043,0.3637385,2.661047,2.347976,0.09258434,-3.019565,0.06647215,-0.658366,0.1026085,0.7427026,13.52361,277.3434,3.826745,0.5517014,0.02375549,-0.8337031,0.0,0.0,0.0,0.9546486,-0.04791214,-2.905681,-0.09533946,0.1188371,1.338002,0.1120515,0.06488922,0.9915814,-0.2399412,0.9701059,-0.03636982,-0.964299,-0.233846,0.1242714,moving,7.55312212334825,7.337994922634169,-4.075727661285221,5.075511692209775,-1.3933274,-0.14049648,0.1138840000000001,0.1303872024723936,0.1266320038425909,0.983343094853798,8.144120474044986,8.400662253925177,11.770309601540294,11.846897386299988,12.664174458234909
92,05/05/2023 12:21:23.667912,290,True,True,True,True,Eyes,2.216129,0.09341394,-3.269863,-0.964011,-0.09864365,0.2468853,0.0,0.0,0.0,0.0,0.0,0.0,0.0,2.72454,0.3678275,2.654193,2.353057,0.09473022,-3.009536,0.06728349,-0.6597334,0.1026438,0.7414104,13.60367,277.1188,3.741474,0.5526216,0.02374426,-0.8330937,0.0,0.0,0.0,0.9572518,-0.05026465,-2.905863,-0.08983766,0.1181888,1.338595,0.1084323,0.063424,0.9920787,-0.2409806,0.9698743,-0.03566572,-0.9644537,-0.2352044,0.1204496,moving,7.773232909776338,7.411609617635075,-3.839556683991964,5.045741653080702,-1.3958052000000003,-0.14499487,0.1036730000000001,0.1341431027895395,0.1278306663521993,0.9826825926393326,8.360912371375877,8.477905098383339,11.77286483703072,11.85133804153936,12.674036100874098
93,05/05/2023 12:21:23.687579,291,True,True,True,True,Eyes,2.216129,0.09341394,-3.269863,-0.964011,-0.09864365,0.2468853,0.0,0.0,0.0,0.0,0.0,0.0,0.0,2.723167,0.355192,2.65129,2.358282,0.09575727,-3.00008,0.06554489,-0.6612837,0.09993875,0.740554,13.2532,276.8928,3.612642,0.5534494,0.02373414,-0.8325443,0.0,0.0,0.0,0.9597498,-0.05252211,-2.906038,-0.08459452,0.1166849,1.339721,0.1054322,0.06133252,0.9925333,-0.2347076,0.9714323,-0.0350967,-0.9663314,-0.2292548,0.1168155,moving,7.954321207136425,7.061541244154254,-3.613052754609616,4.9776959344312255,-1.3985322,-0.14827938,0.0940419999999999,0.1373537730033384,0.1217701974495322,0.9830086923406434,8.54023775351029,8.119145490755551,11.680692775481928,11.753576121578272,12.552735777100054
94,05/05/2023 12:21:23.697599,292,True,True,True,True,Eyes,2.216129,0.09341394,-3.269863,-0.964011,-0.09864365,0.2468853,0.0,0.0,0.0,0.0,0.0,0.0,0.0,2.727694,0.3485076,2.64183,2.363233,0.0963712,-2.991134,0.06475563,-0.663368,0.09890504,0.738896,13.11559,276.574,3.546648,0.554194,0.023725,-0.832049,0.0,0.0,0.0,0.9624233,-0.05493818,-2.906226,-0.07976669,0.1154249,1.340603,0.1003213,0.06024745,0.9931294,-0.2320747,0.9720491,-0.0355255,-0.9675107,-0.2269163,0.1114992,moving,8.253690681627525,6.909048382999914,-3.405118944399608,4.92098715101128,-1.4008097000000002,-0.15130938,0.0849079999999999,0.1425351784218188,0.1190653959629271,0.9826023018286004,8.835688498257609,7.964404211723302,11.755611852819989,11.82709724987831,12.613475106157118
95,05/05/2023 12:21:23.722590,293,True,True,True,True,Eyes,2.222075,0.09360133,-3.256663,-0.9660651,-0.09968551,0.2382877,0.0,0.0,0.0,0.0,0.0,0.0,0.0,2.740129,0.3339879,2.62495,2.367851,0.09691581,-2.982298,0.06306253,-0.6666085,0.09760247,0.7362949,12.88474,276.0837,3.508301,0.5548636,0.02371676,-0.831603,0.0,0.0,0.0,0.9649544,-0.05722551,-2.906403,-0.07488528,0.1140533,1.342023,0.09221371,0.05965235,0.993951,-0.2278044,0.9729937,-0.03726005,-0.9693307,-0.2229905,0.1033124,moving,8.206953940893811,6.624845082463864,-3.193809351009743,4.857672182254871,-1.4028966,-0.15414132,0.075895,0.1418151346027338,0.1142018898896186,0.9832834801096312,8.790289310209548,7.6717937840068,11.471477867234109,11.536910491862573,12.31007315621174
96,05/05/2023 12:21:23.738159,294,True,True,True,True,Eyes,2.227942,0.09378335,-3.243645,-0.9680682,-0.1007281,0.2295598,0.0,0.0,0.0,0.0,0.0,0.0,0.0,2.757791,0.3238899,2.601964,2.372364,0.09684017,-2.973725,0.06200648,-0.6704594,0.09689137,0.7329745,12.75731,275.4882,3.461783,0.5557253,0.02371868,-0.8310272,0.0,0.0,0.0,0.9676368,-0.05964957,-2.906591,-0.0708019,0.1141074,1.343117,0.08219253,0.05889215,0.994875,-0.2251835,0.9735345,-0.03902514,-0.9708434,-0.2208218,0.0932788,moving,8.266122420498565,6.437680726785766,-3.017532145369236,4.856025717437253,-1.4047272000000002,-0.15648974,0.0671339999999998,0.1428830879166767,0.1109720318320898,0.9834986136723032,8.849053279660781,7.47972009616649,11.331770058142858,11.393967392020503,12.153173323972233
97,05/05/2023 12:21:23.753499,295,True,True,True,True,Eyes,2.227942,0.09378335,-3.243645,-0.9680682,-0.1007281,0.2295598,0.0,0.0,0.0,0.0,0.0,0.0,0.0,2.779701,0.3174385,2.573353,2.37676,0.09689015,-2.965007,0.06164158,-0.6747714,0.09772725,0.7289262,12.81192,274.8102,3.485596,0.5567579,0.02372956,-0.8303355,0.0,0.0,0.0,0.9701781,-0.06194608,-2.906769,-0.06833056,0.1121201,1.344662,0.0702661,0.05928397,0.9957652,-0.2256598,0.9732994,-0.04202276,-0.971669,-0.2217514,0.08176796,moving,8.948754431712741,6.437343750953323,-2.9090492538796298,4.766389394765723,-1.4065819,-0.15883623,0.0582379999999997,0.1545937730062576,0.1107687593175812,0.9817489185447692,9.521931131030788,7.484133879887258,11.909305420495592,11.974957064913022,12.724598556199563
98,05/05/2023 12:21:23.767521,296,True,True,True,True,Eyes,2.227942,0.09378335,-3.243645,-0.9680682,-0.1007281,0.2295598,0.0,0.0,0.0,0.0,0.0,0.0,0.0,2.802044,0.2997038,2.544239,2.380362,0.09733891,-2.95615,0.05978788,-0.679364,0.09737191,0.7248508,12.64893,274.101,3.521053,0.5576867,0.02373932,-0.8297117,0.0,0.0,0.0,0.9727124,-0.06423636,-2.906946,-0.06369735,0.1036085,1.346669,0.05796666,0.05992477,0.9965185,-0.2223957,0.9738883,-0.04562734,-0.9732318,-0.2189765,0.06978006,moving,9.646324783749868,6.213573197021885,-2.7080680159765214,4.399491084167098,-1.4076495999999998,-0.16157527,0.049204,0.1666088936138785,0.1067220659853152,0.9802304672664872,10.21006033300209,7.258865013077726,12.422976546771425,12.486869718312551,13.230799647263147
99,05/05/2023 12:21:23.787233,297,True,True,True,True,Eyes,2.233952,0.09393606,-3.230949,-0.9700443,-0.1021845,0.2203914,0.0,0.0,0.0,0.0,0.0,0.0,0.0,2.821707,0.2927737,2.516458,2.384023,0.09746315,-2.947413,0.0593026,-0.6834654,0.09745785,0.7210134,12.63469,273.4498,3.494355,0.5585217,0.02374807,-0.8291496,0.0,0.0,0.0,0.9752834,-0.06655973,-2.907126,-0.05938402,0.1187184,1.347606,0.04675414,0.05947427,0.9971343,-0.2215993,0.9739703,-0.04770219,-0.9740164,-0.2187341,0.05871662,moving,9.744981809437958,6.110264563683777,-2.523181062806063,5.034519083277209,-1.4087396,-0.1640228799999999,0.0402870000000001,0.1683289027149326,0.1049233689843816,0.9801308343014484,10.307550957766834,7.153306825537564,12.251085811361085,12.315236441031972,13.004497132934722
100,05/05/2023 12:21:23.797423,298,True,True,True,True,Eyes,2.239851,0.09410656,-3.218411,-0.9719189,-0.1035969,0.2112849,0.0,0.0,0.0,0.0,0.0,0.0,0.0,2.837351,0.2939483,2.49155,2.387238,0.09791746,-2.938757,0.05982795,-0.6869892,0.09697704,0.7176781,12.65728,272.8747,3.348773,0.5595285,0.02376415,-0.8284701,0.0,0.0,0.0,0.9781382,-0.06913961,-2.907326,-0.05482566,0.1297918,1.348643,0.03728247,0.05699427,0.9976781,-0.2213989,0.9740322,-0.04736995,-0.9744704,-0.2191188,0.04893276,moving,9.763319087107291,6.072212866943953,-2.327932737701694,5.497148100116795,-1.4090998,-0.16705707,0.0314309999999999,0.1686542946864503,0.1042665299068257,0.9801449864483494,10.325715854018638,7.114301019098862,12.040457054845987,12.104919255285951,12.756567181107862
101,05/05/2023 12:21:23.817657,299,True,True,True,True,Eyes,2.239851,0.09410656,-3.218411,-0.9719189,-0.1035969,0.2112849,0.0,0.0,0.0,0.0,0.0,0.0,0.0,2.846344,0.3029451,2.472978,2.390528,0.09857333,-2.929971,0.06123307,-0.6896002,0.09580581,0.7152085,12.69284,272.4324,3.090139,0.5606869,0.02378725,-0.8276858,0.0,0.0,0.0,0.9803546,-0.07114257,-2.907482,-0.05077259,0.1178548,1.351678,0.03054545,0.05258958,0.998149,-0.2214949,0.9741435,-0.04454658,-0.974683,-0.2197243,0.041404,moving,10.179573217205832,6.119607071363532,-2.1511692135926688,4.9831013215215405,-1.4101734,-0.1697159,0.0224890000000002,0.1757579296945149,0.1049448687326631,0.9788236304416704,10.735909949672058,7.165945611351479,12.317897782255988,12.38300667100355,13.070639561777192
102,05/05/2023 12:21:23.837794,300,True,True,True,True,Eyes,2.239851,0.09410656,-3.218411,-0.9719189,-0.1035969,0.2112849,0.0,0.0,0.0,0.0,0.0,0.0,0.0,2.852642,0.3077211,2.457638,2.393213,0.0997386,-2.921442,0.06221241,-0.6916986,0.09598444,0.7130706,12.79764,272.0784,2.987471,0.5617285,0.023808,-0.8269786,0.0,0.0,0.0,0.9830478,-0.07357636,-2.90767,-0.0476599,0.1345938,1.352998,0.0246802,0.05082292,0.9984027,-0.2229518,0.9738332,-0.04406091,-0.974517,-0.2215083,0.03536549,moving,10.529074230640266,6.217225117103449,-2.0174327778765826,5.680990445656527,-1.4101651999999998,-0.17331496,0.0137719999999998,0.1816952647313401,0.1064955896190033,0.977571222469616,11.080186501009846,7.268776636373385,12.48746211085533,12.557961050171487,13.193509607458076
103,05/05/2023 12:21:23.853229,301,True,True,True,True,Eyes,2.245814,0.09435036,-3.205735,-0.9736079,-0.1056484,0.2023019,0.0,0.0,0.0,0.0,0.0,0.0,0.0,2.856913,0.3061952,2.445383,2.395526,0.1004525,-2.91324,0.06212098,-0.6936519,0.09450458,0.7113768,12.67905,271.7607,2.836309,0.5626651,0.02382664,-0.8263412,0.0,0.0,0.0,0.9855953,-0.07587851,-2.907849,-0.04639712,0.1442124,1.354027,0.01983193,0.04827606,0.9986371,-0.2206374,0.9744197,-0.0427237,-0.9751542,-0.2194894,0.02997616,moving,10.286555629123685,6.021012102859856,-1.9625306166931549,6.079442788558571,-1.4099307,-0.17633101,0.0053909999999999,0.1776174130416499,0.1032253350970949,0.9786708184507518,10.841595882241178,7.065293177000498,12.182652352258971,12.249225608277875,12.84202306449819
104,05/05/2023 12:21:23.867736,302,True,True,True,True,Eyes,2.251612,0.09462248,-3.193246,-0.9751894,-0.1076813,0.1934177,0.0,0.0,0.0,0.0,0.0,0.0,0.0,2.862806,0.3185005,2.429606,2.398037,0.1012854,-2.905037,0.06411788,-0.6955423,0.09535591,0.7092369,12.92043,271.4239,2.708985,0.5637635,0.02385397,-0.8255915,0.0,0.0,0.0,0.988254,-0.07828121,-2.908035,-0.04804236,0.1400503,1.357009,0.01425613,0.04606647,0.9988367,-0.2244533,0.9735923,-0.04169862,-0.9743806,-0.2235977,0.02421943,moving,10.097107038004316,6.178691062117566,-2.0276028387336527,5.892357453522357,-1.409783,-0.17956661,-0.0029979999999998,0.1743296517212824,0.105981519506172,0.9789673768666856,10.654483008383016,7.226134553184025,12.059919394072956,12.128090390926284,12.752029751581464
105,05/05/2023 12:21:23.887952,303,True,True,True,True,Eyes,2.392614,0.1015432,-2.888954,-0.986343,-0.1627693,-0.02517266,1.379425,1.032028,-0.1229848,-2.923677,0.1717421,-0.4980463,-0.8499733,-0.04792409,0.09076888,1.382721,2.399876,0.1022523,-2.897002,0.06443188,-0.6976914,0.09609035,0.706995,13.01398,271.0674,2.703951,0.5650026,0.02388982,-0.8247429,0.0,0.0,0.0,0.9908082,-0.08058938,-2.908214,-0.04966713,0.1428348,1.35914,0.007986596,0.04596366,0.9989113,-0.2257779,0.9732303,-0.0429768,-0.9741461,-0.2251889,0.01815034,moving,-2.326343889696412,3.7508522898908674,-2.092831661781412,5.999309094649945,-1.4090678,-0.18284168,-0.011212,-0.0405044003342084,0.0653642887401869,0.9970390788700418,-1.5857134399695023,4.642626086782569,2.2595760415403645,2.260549925007901,1.4483637922599917
106,05/05/2023 12:21:23.898026,304,True,True,True,True,Eyes,2.39268,0.1015591,-2.888638,-0.9863124,-0.1629064,-0.02548335,1.372264,1.039198,-0.1219916,-2.923608,0.4782456,-0.2770739,-0.8333733,-0.04621742,0.0898679,1.377611,2.401643,0.1028939,-2.889036,0.06408975,-0.700164,0.09632057,0.7045462,13.01398,270.666,2.70479,0.5831068,0.02470747,-0.8120195,0.4230044,0.02076231,0.912878,0.9934896,-0.08301259,-2.908402,-0.05293906,0.1506064,1.361006,0.0009854087,0.0459779,0.998942,-0.2254713,0.9732297,-0.04457201,-0.9742493,-0.2251888,0.01132579,moving,-1.9478807251135148,3.7275978398687215,-2.22751140221442,6.314553956520667,-1.4081534,-0.1859064899999999,-0.0193660000000002,-0.0339185577743501,0.0649755629966551,0.9973102598157298,-1.2126037979665478,4.621349622462103,2.599337477370429,2.602025223755301,1.97407658464277
107,05/05/2023 12:21:23.917728,305,True,True,True,True,Eyes,2.392802,0.1015743,-2.888153,-0.9862186,-0.1634009,-0.0259402,1.36883,1.042837,-0.1220937,-2.923661,0.549934,-0.1295248,-0.8251036,-0.04332543,0.093623,1.375793,2.403286,0.103322,-2.881073,0.06530191,-0.7028098,0.09744406,0.7016401,13.21502,270.2112,2.646541,0.5967811,0.02532332,-0.8020042,0.3976241,0.01951657,0.8581054,0.9958842,-0.08517661,-2.90857,-0.05840566,0.1489643,1.363407,-0.006873694,0.04495169,0.9989655,-0.228531,0.9724806,-0.04533238,-0.9735124,-0.2286061,0.003588285,moving,-1.5208233167485208,3.880567665456217,-2.452938177143226,6.235338823972746,-1.4074018,-0.18849861,-0.0274969999999998,-0.0264794493998024,0.0676531793332347,0.997357388887453,-0.7920095754618615,4.781647173535383,2.527183893508779,2.532545226042353,2.207238825871481
108,05/05/2023 12:21:23.937803,306,True,True,True,True,Eyes,2.392964,0.10158,-2.887374,-0.9861042,-0.1639695,-0.02669265,1.36632,1.04563,-0.1224547,-2.923845,0.5642726,0.001880578,-0.8255864,-0.03989214,0.09576174,1.374647,2.404583,0.1035606,-2.873054,0.06613941,-0.7056921,0.09809871,0.6985707,13.34777,269.7202,2.574774,0.607127,0.0257875,-0.794186,0.3737667,0.01834558,0.806619,0.9985145,-0.08755357,-2.908754,-0.06396198,0.1378684,1.366679,-0.01524939,0.04370963,0.998928,-0.2304059,0.9720045,-0.04604886,-0.9729751,-0.2308611,-0.004751507,moving,-1.0794419249802354,3.960369690754942,-2.6795460638884085,5.760419481602416,-1.4060685000000002,-0.19111417,-0.0356999999999998,-0.0187937313171873,0.0690542638416515,0.9974358586196792,-0.3571236552598011,4.866796315406788,2.400411591478849,2.4084253164424885,2.488414798071616
109,05/05/2023 12:21:23.953338,307,True,True,True,True,Eyes,2.39316,0.1015895,-2.8864,-0.9859277,-0.1648836,-0.02756999,1.364122,1.048235,-0.1233317,-2.924009,0.5569234,0.1068226,-0.8236657,-0.03706807,0.09798348,1.373486,2.405655,0.1033528,-2.865154,0.06742156,-0.70836,0.09841342,0.6956976,13.48757,269.2552,2.440911,0.6149496,0.02613647,-0.7881327,0.3513407,0.01724484,0.7582219,1.001045,-0.08984047,-2.908931,-0.06623727,0.1322022,1.369351,-0.02291826,0.04141445,0.9988791,-0.2324494,0.9715383,-0.04561422,-0.9723384,-0.2332343,-0.01263929,moving,-0.6761658892091446,4.028350894458554,-2.769312069676541,5.514455584751472,-1.40461,-0.19319327,-0.0437769999999999,-0.0117718964391522,0.0702452133408724,0.9974603591029424,0.0402292961122058,4.939522787222515,2.557555739616857,2.567054359244436,2.867764008378753
110,05/05/2023 12:21:23.967891,308,True,True,True,True,Eyes,2.393374,0.1015783,-2.885153,-0.9857558,-0.1657215,-0.02866857,1.364843,1.047972,-0.1246054,-2.924281,0.5394263,0.02192721,-0.8417473,-0.03535774,0.1015863,1.37501,2.406505,0.1036318,-2.857051,0.06869932,-0.7107588,0.09951447,0.6929641,13.69031,268.8326,2.375014,0.6208454,0.02639759,-0.783488,0.3302602,0.01621015,0.7127286,1.003631,-0.09217705,-2.909112,-0.064336,0.1240623,1.372107,-0.03016241,0.04026261,0.9987338,-0.2355772,0.9707545,-0.04624926,-0.9713874,-0.2366739,-0.01979534,moving,-0.3200960674956721,4.167570973610192,-2.684545328295276,5.166484807973166,-1.4028740000000002,-0.1958088499999999,-0.0520610000000001,-0.0055719291730833,0.072672583983066,0.9973402873865312,0.3908827582401732,5.085184590614677,2.5573873267130893,2.566797451178712,3.076502501346884
111,05/05/2023 12:21:23.987636,309,True,True,True,True,Eyes,2.393617,0.1015243,-2.883699,-0.9855331,-0.1668454,-0.02978394,1.360685,1.052617,-0.1254997,-2.924225,0.5158734,0.2636757,-0.8150766,-0.03459107,0.09893889,1.371677,2.407088,0.1031,-2.849166,0.06878287,-0.7130149,0.0986737,0.6907548,13.635,268.4526,2.254655,0.6252642,0.0265909,-0.7799596,0.3104446,0.01523754,0.6699649,1.006194,-0.09449376,-2.909292,-0.05945381,0.1188542,1.374598,-0.03625348,0.03823225,0.998611,-0.2344051,0.9710648,-0.04568744,-0.9714629,-0.2357358,-0.02624265,moving,-0.0225416342246729,4.034493717994217,-2.4766008688911,4.941771557537687,-1.400894,-0.19759376,-0.0601260000000003,-0.0003924507600081,0.0703570167419291,0.9975217781864564,0.6844986496379875,4.950398334948948,2.607733707528331,2.6164020725756654,3.1611112899316485
112,05/05/2023 12:21:23.998451,310,True,True,True,True,Eyes,2.393869,0.1014166,-2.881973,-0.9853088,-0.1679387,-0.03103349,1.358852,1.05498,-0.1267872,-2.924142,0.503205,0.3319388,-0.797873,-0.03456272,0.1047534,1.370196,2.407864,0.1021527,-2.841097,0.07040522,-0.7148293,0.1002704,0.6884825,13.90412,268.1182,2.208882,0.6285487,0.02673097,-0.7773103,0.2918179,0.01432329,0.629767,1.008985,-0.09701564,-2.909487,-0.05231939,0.1175906,1.376564,-0.04207031,0.03741341,0.9984141,-0.2387243,0.9699779,-0.04640693,-0.9701759,-0.240298,-0.03187569,moving,0.2404122541974295,4.230039764366788,-2.1766064277789736,4.882539753908689,-1.398879,-0.19916834,-0.0683899999999999,0.0041845430350646,0.0737604229316633,0.9972671685286948,0.943234102390622,5.153338367166844,2.495258567316488,2.5035445962425213,3.13157098316986
113,05/05/2023 12:21:24.017779,311,True,True,True,True,Eyes,2.39414,0.1012361,-2.88002,-0.985058,-0.1691709,-0.03227854,1.356625,1.057786,-0.1282654,-2.92381,0.5150722,0.3909885,-0.7627769,-0.03640569,0.1047708,1.368288,2.408266,0.1007309,-2.832827,0.07033207,-0.7163839,0.1005185,0.686836,13.92389,267.8564,2.202957,0.6309638,0.02682867,-0.7753478,0.2743089,0.01346389,0.591981,1.011434,-0.09922902,-2.909659,-0.04480159,0.1108872,1.378572,-0.04661952,0.03730991,0.9982157,-0.2388489,0.9698988,-0.04740642,-0.9699371,-0.2406328,-0.03630479,moving,0.4245599103550578,4.171010942834936,-1.861374594793007,4.598758296137995,-1.396832,-0.19995992,-0.076832,0.0073902755989715,0.072731604368997,0.9973241491450132,1.1248893411181764,5.093915240093214,2.3186081563108707,2.325610534909984,3.0270369495714493
114,05/05/2023 12:21:24.037543,312,True,True,True,True,Eyes,2.3944,0.1009966,-2.877807,-0.9847806,-0.170532,-0.03355537,1.354167,1.060843,-0.1299322,-2.923247,0.5499534,0.4332949,-0.7140076,-0.03910072,0.1084367,1.366039,2.408899,0.09889011,-2.824587,0.07096114,-0.7175339,0.1018024,0.6853802,14.08518,267.6494,2.228314,0.6327143,0.0268917,-0.7739179,0.2578503,0.01265606,0.5564621,1.013936,-0.1014901,-2.909834,-0.03841884,0.1080432,1.380211,-0.05043717,0.03771265,0.9980149,-0.2413807,0.9692016,-0.04882265,-0.9691188,-0.243364,-0.03978068,moving,0.5601538452051,4.247727936887061,-1.5944439896043094,4.475997598492677,-1.394963,-0.20038021,-0.0852469999999998,0.0097495210242617,0.0740654222426075,0.997205703996933,1.2583648402940342,5.173759217113913,2.160290528700179,2.166656149040484,2.936901342634254
115,05/05/2023 12:21:24.053137,313,True,True,True,True,Eyes,2.394648,0.100698,-2.875365,-0.9844984,-0.1719137,-0.03476579,1.351363,1.064233,-0.1316198,-2.922346,0.5964472,0.4828242,-0.6411953,-0.04369903,0.1139884,1.362679,2.408888,0.09730873,-2.816096,0.07198556,-0.7181117,0.1038871,0.6843547,14.34336,267.5312,2.295442,0.6339612,0.02692635,-0.7728955,0.2423793,0.0118967,0.5230744,1.016549,-0.1038516,-2.910017,-0.03392864,0.1055779,1.381313,-0.0529539,0.03880384,0.9978428,-0.2455785,0.9680511,-0.05067771,-0.9679294,-0.2477323,-0.04173265,moving,0.6189922702011896,4.422855907334196,-1.4070504456940145,4.370790287434042,-1.3923390000000002,-0.20116033,-0.0939209999999999,0.0107710758620896,0.0771122867230858,0.996964271759868,1.315949793772402,5.354277192245723,2.020779852404204,2.026711601439041,2.895164381528313
116,05/05/2023 12:21:24.067883,314,True,True,True,True,Eyes,2.394875,0.100361,-2.872674,-0.984219,-0.173272,-0.03591456,1.349682,1.066492,-0.1335012,-2.921147,0.7467805,0.3572098,-0.5609992,-0.05003488,0.1143993,1.36072,2.40878,0.09565552,-2.807568,0.07149488,-0.7183771,0.1047368,0.683998,14.37609,267.494,2.399675,0.6348301,0.02693738,-0.7721816,0.2278365,0.01118289,0.4916899,1.019091,-0.1061489,-2.910195,-0.03291839,0.1034565,1.382517,-0.05407067,0.04055893,0.997713,-0.246,0.9678374,-0.05267627,-0.9677605,-0.2482856,-0.04235406,moving,0.5951709066005193,4.376767115378448,-1.3639821463182555,4.279580859187727,-1.3896890000000002,-0.2018044199999999,-0.102627,0.0103572165376935,0.0763106363683506,0.9970303387598805,1.2925774425302927,5.306711765261827,1.956031410836024,1.9615620951561343,2.848211148653795
117,05/05/2023 12:21:24.087858,315,True,True,True,True,Eyes,2.395075,0.09998725,-2.869768,-0.9839614,-0.1745051,-0.03698518,1.345832,1.070828,-0.1348673,-2.919544,0.6992616,0.5705687,-0.4306792,-0.05760653,0.114715,1.356481,2.408509,0.09442253,-2.798905,0.07093272,-0.718282,0.1058095,0.6839911,14.42052,267.5192,2.535587,0.6354192,0.02692898,-0.7716972,0.2141663,0.01051192,0.4621885,1.021721,-0.1085248,-2.910379,-0.03338809,0.1024754,1.383066,-0.0542495,0.04284607,0.9976078,-0.2466449,0.9675458,-0.05496737,-0.9675863,-0.2490368,-0.04192113,moving,0.517490741452375,4.351985406521509,-1.3828878451244784,4.237468759231919,-1.386788,-0.20294733,-0.1114739999999998,0.0090057550404631,0.0758803799655267,0.9970762430566888,1.2160657368720882,5.280683694922431,1.8985640552378795,1.9038258415165727,2.8005101541363038
118,05/05/2023 12:21:24.097874,316,True,True,True,True,Eyes,2.395233,0.09954393,-2.866626,-0.9837369,-0.1755564,-0.03796992,1.343368,1.073713,-0.1362929,-2.917634,0.7174648,0.6328503,-0.2911092,-0.06538133,0.111038,1.353745,2.407991,0.09321581,-2.790133,0.0693698,-0.7182321,0.1057005,0.6842207,14.28607,267.5551,2.661407,0.6359305,0.02691015,-0.7712765,0.2013164,0.009881206,0.4344572,1.024442,-0.1109844,-2.91057,-0.03473181,0.09636974,1.383506,-0.05405987,0.04499769,0.9975234,-0.2442922,0.9680305,-0.05690647,-0.9681937,-0.2467635,-0.04133908,moving,0.4254060786231617,4.1597737052172015,-1.4380626049318417,3.984568971319364,-1.383549,-0.20420021,-0.1204369999999999,0.0074051106117108,0.0725359963549672,0.9973383309574526,1.1257498960319905,5.082364376847387,1.8671106122593004,1.871687001977208,2.788958460159788
119,05/05/2023 12:21:24.121926,317,True,True,True,True,Eyes,2.395366,0.09905494,-2.863397,-0.9835019,-0.1766332,-0.03904822,1.341266,1.076228,-0.1378573,-2.915771,0.7129471,0.6839088,-0.1548393,-0.07407226,0.1067993,1.350924,2.407165,0.09109598,-2.781317,0.06737497,-0.7180178,0.1052897,0.6847081,14.09108,267.6259,2.803113,0.6364344,0.02688301,-0.7708617,0.1892374,0.009288333,0.4083898,1.026903,-0.1132083,-2.910742,-0.03512632,0.09916395,1.383828,-0.05327077,0.0474325,0.997453,-0.2409382,0.9687494,-0.05893528,-0.9690774,-0.2434641,-0.04017774,moving,0.2908872443027221,3.9078586065302714,-1.454051950636449,4.09876116652117,-1.380262,-0.20430428,-0.1294249999999999,0.0050651146180772,0.0681512580217942,0.9976621616433948,0.99374695738185,4.822348103853793,1.7509813865632935,1.755350842836281,2.5525080900898205
120,05/05/2023 12:21:24.137715,318,True,True,True,True,Eyes,2.395427,0.09855507,-2.859937,-0.9833201,-0.1774294,-0.04000602,1.339791,1.077984,-0.1391632,-2.913537,0.6509898,0.7590572,0.006645105,-0.08370869,0.1072992,1.348498,2.406344,0.08984482,-2.772182,0.06597739,-0.7173603,0.1068123,0.6852974,14.10349,267.7594,3.057909,0.6369328,0.0268472,-0.7704511,0.1778831,0.008731034,0.3838864,1.02945,-0.11551,-2.910921,-0.03485841,0.09807733,1.38378,-0.05202917,0.05173728,0.9973046,-0.2410555,0.9684762,-0.06281757,-0.9691157,-0.2436741,-0.03791744,moving,0.1196436181571595,3.882567465607664,-1.443016570573994,4.054138440483983,-1.3768939999999998,-0.20535482,-0.1387390000000001,0.0020833811541982,0.0677115931568616,0.997702807633484,0.8250100324921961,4.795143650195857,1.5681882125232955,1.5720507195587854,2.386007835912552
121,05/05/2023 12:21:24.152516,319,True,True,True,True,Eyes,2.395426,0.09803729,-2.856252,-0.9831783,-0.1779334,-0.04123516,1.339358,1.078598,-0.1402793,-2.911481,0.5188955,0.8405225,0.1557863,-0.0936643,0.09912425,1.347067,2.404717,0.08909427,-2.763212,0.06227301,-0.7169607,0.1061777,0.6861601,13.75137,267.8866,3.329613,0.6374288,0.02680342,-0.7700424,0.1672101,0.008207171,0.3608532,1.032021,-0.1178332,-2.911101,-0.0335393,0.09497571,1.383809,-0.05061259,0.05641523,0.9971238,-0.2350044,0.9696967,-0.06679195,-0.9706757,-0.237709,-0.03582105,moving,-0.0799836687513805,3.5123700533565296,-1.3884027278741178,3.926254928677493,-1.372696,-0.20692747,-0.1478890000000001,-0.0013933558485026,0.0612639803198566,0.9981207272276854,0.6291077660183257,4.4130277185410165,1.369344624530967,1.3723196144831122,2.07540269391693
122,05/05/2023 12:21:24.167822,320,True,True,True,True,Eyes,2.395344,0.09751479,-2.852351,-0.9830731,-0.1782418,-0.0423943,1.340717,1.07732,-0.1414571,-2.909189,0.274161,0.9069175,0.3199008,-0.1028101,0.09008263,1.347668,2.403248,0.08818287,-2.754027,0.05835808,-0.7167869,0.104998,0.6868671,13.33775,267.9753,3.569431,0.6379241,0.02675212,-0.7696339,0.1571775,0.007714741,0.339202,1.034585,-0.1201503,-2.91128,-0.03081353,0.09683751,1.383426,-0.04961587,0.06057875,0.9969296,-0.2279,0.9711395,-0.07035387,-0.9724197,-0.2306908,-0.0343781,moving,-0.2459098579680882,3.0913310552470192,-1.2759579147325864,4.004077736558697,-1.368663,-0.20833317,-0.1572530000000003,-0.0042856784832249,0.0539272405572018,0.998535738754084,0.4665448007410376,3.978859555665025,1.374142497499369,1.3762650556814269,1.7426851896084212
123,05/05/2023 12:21:24.177309,321,True,True,True,True,Eyes,2.395175,0.09699775,-2.848219,-0.9829804,-0.1783923,-0.04388368,1.341143,1.076857,-0.1422519,-2.907073,0.2431353,0.8535376,0.4608239,-0.1108749,0.08432572,1.34672,2.401229,0.08755193,-2.744945,0.05564945,-0.716779,0.104471,0.6871805,13.07626,268.0151,3.755716,0.6384196,0.02669416,-0.7692251,0.1477469,0.007251856,0.3188499,1.037166,-0.1224829,-2.911461,-0.02739413,0.09711418,1.38283,-0.04937255,0.06380416,0.9967405,-0.2233576,0.9719779,-0.07328283,-0.9734855,-0.2262477,-0.03373789,moving,-0.3780826241811011,2.830398973508738,-1.134892039055427,4.017205241276602,-1.3640629999999998,-0.21003483,-0.1665160000000001,-0.0065906893438167,0.0493786205884905,0.9987584149815928,0.3368756513244242,3.709586265616186,1.4062321531252913,1.4075757910874662,1.503572269175115
124,05/05/2023 12:21:24.197840,322,True,True,True,True,Eyes,2.394911,0.09646823,-2.843881,-0.9829238,-0.178345,-0.04531989,0.0,0.0,0.0,0.0,0.0,0.0,0.0,2.839287,0.2260062,2.265794,2.399014,0.08716645,-2.735613,0.05218057,-0.7169936,0.1038585,0.6873215,12.74788,268.0255,3.994407,0.638918,0.02663039,-0.7688133,0.1388821,0.006816745,0.2997189,1.039879,-0.1249344,-2.911651,-0.0245991,0.09780501,1.381829,-0.04973283,0.06794204,0.9964491,-0.2175946,0.9729812,-0.07720207,-0.9747715,-0.2206614,-0.03360534,moving,-0.4813282987083876,2.5133936969603123,-1.0198626264909292,4.048608377845493,-1.3591350000000002,-0.21210085,-0.1760380000000001,-0.0083925840127714,0.0438513839781339,0.999002827182107,0.2358523460031815,3.3828470850906878,1.62611366665448,1.6269306495992943,1.4212875117570112
125,05/05/2023 12:21:24.217468,323,True,True,True,True,Eyes,2.39455,0.0959532,-2.839307,-0.9828303,-0.1783606,-0.04724393,0.0,0.0,0.0,0.0,0.0,0.0,0.0,2.829931,0.2046739,2.265625,2.396491,0.0863445,-2.726321,0.04904993,-0.7172213,0.1033892,0.6873852,12.45884,268.0266,4.215507,0.63942,0.02656122,-0.7683982,0.1305491,0.00640774,0.2817357,1.042296,-0.1271185,-2.911821,-0.02284363,0.09990782,1.380872,-0.0501914,0.07177711,0.9961571,-0.2124957,0.9738095,-0.08087347,-0.9758721,-0.2157382,-0.03362454,moving,-0.6040780377999562,2.234008023198229,-0.9477520083907812,4.138210745735647,-1.3541950000000005,-0.213463,-0.1855000000000002,-0.0105349425719389,0.0389787514396395,0.9991844489750166,0.1155150493164887,3.094661194029984,1.9344374127340311,1.9349676500088004,1.489809552550448
126,05/05/2023 12:21:24.237547,324,True,True,True,True,Eyes,2.394074,0.09545049,-2.834545,-0.9827756,-0.1781586,-0.04910965,0.0,0.0,0.0,0.0,0.0,0.0,0.0,2.821119,0.1877007,2.263892,2.393844,0.08617837,-2.716842,0.04673244,-0.7174105,0.1042592,0.6872179,12.34655,268.0217,4.476491,0.6399271,0.02648771,-0.7679784,0.1227162,0.006023276,0.2648316,1.04488,-0.1294541,-2.912002,-0.02225503,0.096354,1.379804,-0.05109553,0.07624494,0.9957792,-0.2103503,0.9738922,-0.0853626,-0.97629,-0.213824,-0.03372347,moving,-0.7035692858455365,2.144207097502401,-0.9240506156485356,3.994574530806492,-1.348964,-0.21563247,-0.19516,-0.012270696339459,0.0374119243965872,0.999224650595016,0.0176571519932974,3.00161301141928,1.863064576065926,1.8634569098919531,1.3684977525084674
127,05/05/2023 12:21:24.251929,325,True,True,True,True,Eyes,2.393483,0.09492451,-2.829547,-0.9826813,-0.1779982,-0.05151841,0.0,0.0,0.0,0.0,0.0,0.0,0.0,2.812062,0.1635236,2.262495,2.39061,0.08597204,-2.707564,0.04328232,-0.7177426,0.1036018,0.6871964,12.01722,268.0046,4.706792,0.6404392,0.02641079,-0.767554,0.1153532,0.005661879,0.2489417,1.047436,-0.1317636,-2.912181,-0.02248868,0.1011722,1.37833,-0.05177535,0.08025839,0.9954284,-0.2045206,0.9747866,-0.08923186,-0.9774919,-0.2082056,-0.03405552,moving,-0.8421334568962082,1.837730256949332,-0.934748668361812,4.198096916633975,-1.343174,-0.21773564,-0.2046169999999998,-0.0146899148029595,0.0320654848615994,0.99937783356723,-0.1182047495678789,2.685455344890013,2.361819635653596,2.362182961911642,1.7189614585229638
128,05/05/2023 12:21:24.267666,326,True,True,True,True,Eyes,2.392777,0.09440986,-2.824389,-0.9825732,-0.1779055,-0.05384975,0.0,0.0,0.0,0.0,0.0,0.0,0.0,2.803865,0.1469229,2.259441,2.387399,0.08476759,-2.698417,0.04075198,-0.7181185,0.1029055,0.6870631,11.75898,267.9682,4.856029,0.6409575,0.02633028,-0.767124,0.108432,0.005322166,0.2340052,1.050057,-0.1341322,-2.912364,-0.02483916,0.100384,1.376781,-0.05256737,0.0828757,0.9951725,-0.1999347,0.9754994,-0.09179839,-0.978398,-0.2037951,-0.03470967,moving,-0.9562584422824552,1.5959432011335748,-1.0335882412172688,4.1701765082669215,-1.3373419999999998,-0.21889979,-0.2139470000000001,-0.0166826135639333,0.0278469894747191,0.9994731069145506,-0.2301291365853666,2.43599731836102,2.574937637395242,2.575394536252259,1.9112624088592824
129,05/05/2023 12:21:24.287824,327,True,True,True,True,Eyes,2.391951,0.09395466,-2.819023,-0.9823734,-0.1781082,-0.05674551,0.0,0.0,0.0,0.0,0.0,0.0,0.0,2.796366,0.1406527,2.254744,2.383936,0.08457199,-2.689427,0.0400004,-0.7182912,0.1045298,0.6866813,11.8354,267.9457,5.046459,0.6414808,0.02624713,-0.7666894,0.1019261,0.005002836,0.2199649,1.052598,-0.1364282,-2.912542,-0.02824675,0.1036084,1.375184,-0.05373754,0.08609347,0.9948369,-0.2010212,0.9749469,-0.09523065,-0.9781119,-0.2051007,-0.03508472,moving,-1.0889324357218506,1.6756252580667084,-1.1767094518046273,4.3086088456100695,-1.331338,-0.2210001899999999,-0.2231150000000004,-0.0189961894759971,0.0292357339772149,0.9993920639489616,-0.3610949476781142,2.5170198995011064,2.633839642854788,2.6344463131415496,1.9685065331772111
130,05/05/2023 12:21:24.297259,328,True,True,True,True,Eyes,2.39099,0.0933917,-2.81352,-0.9822412,-0.177875,-0.05968969,0.0,0.0,0.0,0.0,0.0,0.0,0.0,2.789921,0.1151774,2.249456,2.380284,0.08553079,-2.68028,0.03682419,-0.7187772,0.1070604,0.6859604,11.79584,267.8928,5.507046,0.6420117,0.02616299,-0.7662477,0.09581055,0.004702666,0.206767,1.055289,-0.1388601,-2.912731,-0.03391187,0.1086886,1.372728,-0.05620501,0.09394157,0.9939901,-0.1998151,0.9743641,-0.1033852,-0.9782205,-0.204425,-0.03599317,moving,-1.194296451339304,1.6692032037658202,-1.415146996893338,4.527068423500007,-1.324995,-0.2243908899999999,-0.2324509999999997,-0.0208340568645043,0.029122650573963,0.9993587759122592,-0.4649381570913669,2.509680479592425,2.865349738287584,2.8663859784819365,2.229966581691634
131,05/05/2023 12:21:24.317615,329,True,True,True,True,Eyes,2.389956,0.09284363,-2.807791,-0.9818629,-0.1787888,-0.06308422,0.0,0.0,0.0,0.0,0.0,0.0,0.0,2.787987,0.08382136,2.238147,2.376095,0.082309,-2.671441,0.0319002,-0.7204254,0.1039728,0.6849521,11.15767,267.6598,5.642894,0.6425486,0.02607527,-0.7658006,0.09006192,0.004420506,0.194361,1.057688,-0.1410286,-2.912899,-0.04163491,0.1088452,1.370759,-0.05964617,0.09646939,0.9935474,-0.1883962,0.976344,-0.1061091,-0.9802803,-0.1935095,-0.04006075,moving,-1.2241390863034265,0.9808115208494088,-1.7397452371127902,4.540048857246825,-1.318407,-0.2233376,-0.2414579999999997,-0.0213605014118182,0.0171136471230432,0.999625259923158,-0.4927322610918094,1.801506544499716,3.5944512350625457,3.596389873130807,3.0090954390100344
132,05/05/2023 12:21:24.337398,330,True,True,True,True,Eyes,2.388765,0.09247009,-2.801939,-0.9814646,-0.1797635,-0.06642535,0.0,0.0,0.0,0.0,0.0,0.0,0.0,2.781869,0.1277165,2.230158,2.373439,0.08213237,-2.662471,0.03872707,-0.719698,0.1124699,0.6840217,12.40784,267.7155,5.766041,0.6430914,0.02598507,-0.7653478,0.08465821,0.004155275,0.1826993,1.06034,-0.1434252,-2.913085,-0.05096024,0.1086666,1.368489,-0.06122939,0.09812003,0.9932893,-0.2096072,0.9717015,-0.1089083,-0.9758668,-0.214869,-0.03893002,moving,-1.3489216526822525,2.1944217238212,-2.132613540672667,4.540117485032504,-1.3130989999999998,-0.2255575699999999,-0.2506140000000001,-0.0235236951705478,0.0382799256918765,0.998990133666284,-0.6185913167744213,3.04875509936034,2.4703085761303667,2.4731481111058957,2.1251882410402043
133,05/05/2023 12:21:24.353099,331,True,True,True,True,Eyes,2.388765,0.09247009,-2.801939,-0.9814646,-0.1797635,-0.06642535,0.0,0.0,0.0,0.0,0.0,0.0,0.0,2.7784,0.08613539,2.220826,2.368459,0.08605801,-2.653674,0.03399833,-0.7205947,0.1176001,0.6824644,12.4677,267.6037,6.558119,0.6436399,0.02589731,-0.7648896,0.07957871,0.003905959,0.1717373,1.062952,-0.1457851,-2.913267,-0.06087114,0.1042296,1.366326,-0.06617303,0.1115176,0.9915569,-0.2095137,0.9700287,-0.1230786,-0.9755641,-0.2158893,-0.04082524,moving,-1.202223924728663,2.260264791652406,-2.5508954218566724,4.362335389656858,-1.3055070000000002,-0.23184311,-0.2595929999999997,-0.0209649097098784,0.0394301633220285,0.9990023718136448,-0.4741450775275839,3.117493386799316,2.4930607318884275,2.497521893029228,2.4212648770321192
134,05/05/2023 12:21:24.367751,332,True,True,True,True,Eyes,2.388765,0.09247009,-2.801939,-0.9814646,-0.1797635,-0.06642535,0.0,0.0,0.0,0.0,0.0,0.0,0.0,2.772406,0.0153971,2.214424,2.363646,0.08568058,-2.644993,0.02349148,-0.7224948,0.1106103,0.6820667,11.0623,267.3661,6.84341,0.644133,0.02581834,-0.764477,0.07480399,0.003671601,0.1614331,1.065532,-0.1481173,-2.913448,-0.0716719,0.09929989,1.363694,-0.06846675,0.1169422,0.9907759,-0.1848321,0.974427,-0.1277852,-0.9803823,-0.1918762,-0.04510123,moving,-1.1253177689626024,0.8440418743241852,-3.0085360555938787,4.16474717825376,-1.2981140000000002,-0.23379788,-0.2684549999999999,-0.0196371074364939,0.0147279364717219,0.999698692610351,-0.3950008474654065,1.6615370388339077,3.811688382314596,3.817537796885376,3.618926261506511
135,05/05/2023 12:21:24.387622,333,True,True,True,True,Eyes,2.387102,0.09217113,-2.795217,-0.9809706,-0.1808688,-0.07059188,0.0,0.0,0.0,0.0,0.0,0.0,0.0,2.772366,0.04575157,2.200133,2.360866,0.08542245,-2.63585,0.0286152,-0.7228104,0.1195147,0.6800312,12.22149,267.2701,7.122475,0.6445773,0.02574716,-0.7641048,0.07031576,0.003451305,0.1517471,1.068221,-0.1505471,-2.913637,-0.08388892,0.09863394,1.360737,-0.07347754,0.1211807,0.9899074,-0.2039142,0.9697949,-0.1338544,-0.9762276,-0.2116913,-0.04654773,moving,-1.1304922556126742,1.9532405366749088,-3.527798259610968,4.145872357063429,-1.292645,-0.2359695499999999,-0.277787,-0.019718073497924,0.0340772500659401,0.9992246959544224,-0.4027150204698679,2.8022392405307084,3.241168858857672,3.2488013753670053,3.401690051048752
136,05/05/2023 12:21:24.398034,334,True,True,True,True,Eyes,2.385348,0.09187585,-2.788403,-0.9805297,-0.1816261,-0.07465556,0.0,0.0,0.0,0.0,0.0,0.0,0.0,2.766213,0.0204803,2.19178,2.355467,0.08764676,-2.62685,0.0255975,-0.7234819,0.1215305,0.6790796,12.15843,267.176,7.524871,0.6450416,0.02567917,-0.7637153,0.06609681,0.003244227,0.1426423,1.070813,-0.1528894,-2.913818,-0.09631211,0.08888181,1.357704,-0.07639155,0.128019,0.9888254,-0.2020964,0.9691502,-0.1410847,-0.9763819,-0.2106157,-0.0481626,moving,-1.2709669410082458,1.8727223718489656,-4.057621574091368,3.745511754232165,-1.284654,-0.24053616,-0.2869679999999999,-0.0221688972850538,0.0326713204469298,0.999220251113653,-0.5409925664596809,2.718451971990106,3.349663258294183,3.3574967036247223,3.6635408246143135
137,05/05/2023 12:21:24.417263,335,True,True,True,True,Eyes,2.383495,0.09155295,-2.781395,-0.9797927,-0.1832109,-0.08025031,0.0,0.0,0.0,0.0,0.0,0.0,0.0,2.757989,-0.008357853,2.187112,2.351508,0.08728964,-2.617789,0.02129213,-0.7241861,0.1198828,0.6787705,11.68553,267.0851,7.741196,0.6455235,0.02561427,-0.7633102,0.062131,0.003049573,0.1340837,1.07321,-0.1550552,-2.913986,-0.1082115,0.07815125,1.354967,-0.0776347,0.1319069,0.9882173,-0.1935848,0.9703495,-0.14473,-0.9780071,-0.2025399,-0.04979766,moving,-1.5708601352036051,1.347591523314488,-4.566111926727563,3.3010260064654133,-1.278298,-0.24234484,-0.2961969999999998,-0.0274056716828053,0.0235089081831062,0.9993479581721516,-0.8353628461920115,2.1762979279578447,3.5683499270997983,3.5759529603436624,3.89660133353416
138,05/05/2023 12:21:24.437634,336,True,True,True,True,Eyes,2.381544,0.09118211,-2.774337,-0.9790568,-0.1846505,-0.08574338,0.0,0.0,0.0,0.0,0.0,0.0,0.0,2.753991,0.0132314,2.1776,2.347511,0.08608633,-2.609284,0.02449836,-0.7243655,0.1228587,0.6779383,12.19303,267.032,7.70745,0.6460223,0.02555155,-0.7628902,0.05840314,0.002866599,0.1260387,1.075838,-0.1574305,-2.91417,-0.1188666,0.07032,1.351385,-0.07959925,0.1310897,0.9881698,-0.2020727,0.9686111,-0.1447724,-0.9761305,-0.2112059,-0.05061115,moving,-1.7774872252660907,1.800216620206776,-5.026747832465085,2.97872822606186,-1.2716729999999998,-0.24351683,-0.3048859999999997,-0.0310027332696841,0.0313994362167899,0.9990259545804556,-1.040103723167607,2.640352323686043,3.45009452087196,3.4563830948883982,4.000978568488581
139,05/05/2023 12:21:24.452712,337,True,True,True,True,Eyes,2.379508,0.09083004,-2.767121,-0.9782249,-0.1863682,-0.09133945,0.0,0.0,0.0,0.0,0.0,0.0,0.0,2.75174,0.02046818,2.165687,2.343179,0.08453967,-2.600972,0.02529189,-0.725394,0.1210425,0.6771356,12.1141,266.8532,7.477048,0.6465359,0.02548951,-0.762457,0.05489895,0.002694603,0.1184764,1.078642,-0.1599645,-2.914366,-0.1292431,0.06065219,1.347601,-0.08169556,0.1272313,0.988503,-0.2006176,0.969418,-0.141355,-0.9762573,-0.2098592,-0.05367236,moving,-1.9540787316511148,1.6336215936747145,-5.478257082688812,2.57700229210639,-1.264537,-0.24450417,-0.3133939999999997,-0.0340846527932042,0.0284916472644297,0.9990127219198356,-1.2137791483093014,2.4677887710224438,3.643156529593565,3.6482598854928394,4.265876187373151
140,05/05/2023 12:21:24.467647,338,True,True,True,True,Eyes,2.377369,0.09052827,-2.75989,-0.9773704,-0.188037,-0.09689732,0.0,0.0,0.0,0.0,0.0,0.0,0.0,2.750693,0.05014634,2.152688,2.33944,0.08433411,-2.592835,0.02980475,-0.7259746,0.1228695,0.6759998,12.63247,266.7186,7.232271,0.6470634,0.02542873,-0.7620114,0.05160502,0.002532927,0.1113678,1.080841,-0.1619518,-2.914521,-0.1392636,0.05299699,1.343801,-0.0842721,0.1228445,0.9888415,-0.2093945,0.9680295,-0.1381043,-0.9741932,-0.2186963,-0.05585491,moving,-2.0960146074802792,2.0651928561582453,-5.916674815520377,2.258467608087734,-1.2585990000000002,-0.24628591,-0.3216860000000001,-0.0365504710588961,0.0360125296019448,0.9986826640957494,-1.3547036523562015,2.910641799763068,3.822320946562142,3.8255456545484345,4.60835242465557
141,05/05/2023 12:21:24.487723,339,True,True,True,True,Eyes,2.375146,0.09022976,-2.752649,-0.9764946,-0.1894492,-0.1027972,0.0,0.0,0.0,0.0,0.0,0.0,0.0,2.752792,0.05892256,2.135513,2.334793,0.08524834,-2.585193,0.03140121,-0.7275166,0.1220192,0.6744221,12.703,266.4424,7.000518,0.647603,0.02537041,-0.7615548,0.04850871,0.002380951,0.1046857,1.083518,-0.1643706,-2.914708,-0.1491827,0.04851028,1.339505,-0.088338,0.1188951,0.9889694,-0.2102747,0.9682505,-0.1351867,-0.9736433,-0.2198974,-0.06053261,moving,-2.1749391250318846,2.052792517613855,-6.35492936571429,2.074064790077936,-1.251275,-0.24961894,-0.3295150000000002,-0.0379264124484129,0.0357945516584247,0.9986392265718412,-1.4324711028759325,2.897338481582193,4.177309291918598,4.180044368398013,4.99082908147621
142,05/05/2023 12:21:24.497674,340,True,True,True,True,Eyes,2.372865,0.08987134,-2.745399,-0.9755276,-0.1911033,-0.1087455,0.0,0.0,0.0,0.0,0.0,0.0,0.0,2.758055,0.06165269,2.114707,2.330575,0.08497711,-2.577569,0.03180624,-0.7298776,0.1184553,0.6724846,12.45625,266.0381,6.638851,0.6481519,0.02531447,-0.7610896,0.04559819,0.002238094,0.09840459,1.086041,-0.1666509,-2.914885,-0.1591033,0.03905737,1.334864,-0.09350587,0.1128893,0.989198,-0.205748,0.9699134,-0.1301373,-0.9741275,-0.2156941,-0.06746586,moving,-2.174519643523292,1.6923230706984511,-6.797054657347938,1.67596412579799,-1.244534,-0.25162801,-0.3373159999999999,-0.0379268937747204,0.0295110693542255,0.998844733137774,-1.431208233225276,2.5266221542860703,4.620630862638614,4.6225639605215925,5.432856240386007
143,05/05/2023 12:21:24.517980,341,True,True,True,True,Eyes,2.370536,0.08951814,-2.7382,-0.9744054,-0.1931535,-0.1150034,0.0,0.0,0.0,0.0,0.0,0.0,0.0,2.767373,0.09663162,2.087786,2.326876,0.08325589,-2.570069,0.0371494,-0.7320664,0.1193463,0.669668,12.97314,265.6093,6.212442,0.6487086,0.02525904,-0.760617,0.0428623,0.002103809,0.09250032,1.088664,-0.1690211,-2.915069,-0.1683672,0.03197978,1.329921,-0.1003294,0.1054531,0.9893502,-0.2142364,0.9687527,-0.1249832,-0.9716156,-0.2244943,-0.07460251,moving,-2.086562388168702,2.0649582873013603,-7.21522752987209,1.3774903791228068,-1.238212,-0.25227699,-0.3449999999999997,-0.036385721296805,0.0360086583004723,0.998688838395664,-1.345385954510644,2.910466476182102,5.173501500379446,5.174535559883498,6.066717055706231
144,05/05/2023 12:21:24.537622,342,True,True,True,True,Eyes,2.368133,0.0892069,-2.731003,-0.9732208,-0.1952468,-0.121326,0.0,0.0,0.0,0.0,0.0,0.0,0.0,2.776167,0.1275004,2.061129,2.323132,0.08326233,-2.56276,0.04233267,-0.7340749,0.121905,0.6666943,13.61642,265.2006,5.929197,0.6492718,0.02520411,-0.760138,0.0,0.0,0.0,1.091192,-0.1713055,-2.915246,-0.1772135,0.03190695,1.324852,-0.1074535,0.1003961,0.9891282,-0.2246975,0.9666942,-0.1225289,-0.9684859,-0.2354207,-0.08131596,moving,-2.009675241388195,2.5694133036473943,-7.618716299349501,1.379610892033552,-1.2319400000000005,-0.25456783,-0.3524859999999998,-0.0350330460046929,0.0448021749978298,0.9983814338928668,-1.2707862002976529,3.4298016439871666,5.732715313411397,5.7338443795221545,6.670794455073888
145,05/05/2023 12:21:24.552693,343,True,True,True,True,Eyes,2.365669,0.08893844,-2.723807,-0.9719591,-0.1972371,-0.128035,0.0,0.0,0.0,0.0,0.0,0.0,0.0,2.78589,0.1287814,2.03406,2.318911,0.08398581,-2.555537,0.04327333,-0.73675,0.1230073,0.6634728,13.80821,264.721,5.878585,0.6498391,0.0251509,-0.759655,0.0,0.0,0.0,1.093809,-0.1736704,-2.915429,-0.1857791,0.02881184,1.319908,-0.1158627,0.0994608,0.988273,-0.2269873,0.9659932,-0.12383,-0.9669814,-0.2386727,-0.0893463,moving,-1.923930610553782,2.634988473689705,-8.011839041366528,1.2504922391194733,-1.225102,-0.25765621,-0.3598919999999999,-0.0335371555944172,0.0459471522455241,0.9983807116072416,-1.1864213944407305,3.4978393590224237,6.24220173462949,6.243353176418908,7.185881653096033
146,05/05/2023 12:21:24.567385,344,True,True,True,True,Eyes,2.363151,0.0887177,-2.71663,-0.9706215,-0.1992255,-0.134919,0.0,0.0,0.0,0.0,0.0,0.0,0.0,2.798443,0.1237985,2.003735,2.314994,0.08470644,-2.548566,0.04323972,-0.7400968,0.1225879,0.6598176,13.79888,264.1356,5.777968,0.6504091,0.02510041,-0.7591687,0.0,0.0,0.0,1.096388,-0.1760012,-2.91561,-0.1911828,0.01480099,1.314239,-0.1255423,0.09776817,0.9872593,-0.2257745,0.9662051,-0.1243932,-0.9660566,-0.2385145,-0.099226,moving,-1.7680356479263972,2.4904295278781787,-8.276779285127606,0.64523911509793,-1.218606,-0.26070764,-0.3670439999999999,-0.030824033525647,0.0434318627224285,0.9985807853805166,-1.0324135757182873,3.350257072087385,6.7641447775785934,6.765239936190244,7.732913854382512
147,05/05/2023 12:21:24.587637,345,True,True,True,True,Eyes,2.360572,0.08856185,-2.709467,-0.9691761,-0.2012087,-0.1421715,0.0,0.0,0.0,0.0,0.0,0.0,0.0,2.814184,0.1257389,1.968201,2.311158,0.08564716,-2.541746,0.0444162,-0.7438375,0.1227651,0.655486,13.93748,263.4606,5.609181,0.6509813,0.02505365,-0.7586797,0.0,0.0,0.0,1.098924,-0.1782932,-2.915787,-0.1991316,0.04167974,1.309575,-0.1367307,0.09486477,0.9860556,-0.2270185,0.9659118,-0.1244062,-0.9642445,-0.240863,-0.1105338,moving,-1.5348843513806634,2.485899092686965,-8.646061124762213,1.8229328963184848,-1.2122339999999998,-0.26394036,-0.374041,-0.0267603922815605,0.043357979720542,0.9987011345636094,-0.8025833846753225,3.347223698726094,7.138877977912299,7.142013671214059,7.990219365545791
148,05/05/2023 12:21:24.597907,346,True,True,True,True,Eyes,2.357932,0.08847292,-2.702325,-0.9676527,-0.2030878,-0.1496785,0.0,0.0,0.0,0.0,0.0,0.0,0.0,2.832199,0.1221903,1.928373,2.307047,0.08706756,-2.53473,0.04500016,-0.7480849,0.1232348,0.6505055,14.05929,262.6968,5.501613,0.6515538,0.02501211,-0.7581895,0.0,0.0,0.0,1.101561,-0.1806762,-2.915972,-0.2059947,0.03897594,1.304233,-0.1496354,0.0930019,0.9843577,-0.2276576,0.9655764,-0.1258344,-0.9621754,-0.2429258,-0.1233119,moving,-1.229061166223139,2.466850403227541,-8.975334348219853,1.7117282235392743,-1.2054859999999998,-0.26774376,-0.3812419999999998,-0.0214296512343026,0.0430314782803472,0.998843890512108,-0.5010855917681101,3.3297660284594377,7.779857256434068,7.782991565996886,8.627336687783478
149,05/05/2023 12:21:24.617454,347,True,True,True,True,Eyes,2.355226,0.08843458,-2.695177,-0.9660206,-0.2048826,-0.1575671,0.0,0.0,0.0,0.0,0.0,0.0,0.0,2.851528,0.1128223,1.88618,2.302886,0.08857693,-2.527941,0.04469141,-0.7527534,0.1227155,0.6452177,14.02944,261.8659,5.386476,0.6521261,0.0249771,-0.7576985,0.0,0.0,0.0,1.104096,-0.1829672,-2.91615,-0.2138348,0.005677328,1.298617,-0.1633935,0.09107321,0.9823483,-0.2256396,0.9658871,-0.1270776,-0.960411,-0.2424204,-0.1372699,moving,-0.8947724774185626,2.298590691809471,-9.35061416457864,0.2504856019494161,-1.19879,-0.27154413,-0.3882089999999998,-0.0156035296423783,0.040102333928154,0.9990737725942688,-0.1711774837661553,3.159053084533598,8.698591980079234,8.700344424068787,9.62921713213446
150,05/05/2023 12:21:24.637467,348,True,True,True,True,Eyes,2.35245,0.08843194,-2.688048,-0.964295,-0.2065544,-0.165742,0.0,0.0,0.0,0.0,0.0,0.0,0.0,2.872429,0.1058502,1.840158,2.298703,0.08969214,-2.521143,0.04475921,-0.7577265,0.1223055,0.6394439,14.03947,260.9675,5.239095,0.652697,0.02494947,-0.7572077,0.0,0.0,0.0,1.106736,-0.1853525,-2.916334,-0.218316,0.03068279,1.294693,-0.178216,0.08858448,0.9799957,-0.2242454,0.966076,-0.1281062,-0.9580985,-0.2425902,-0.1523056,moving,-0.5086433191394842,2.17350084779641,-9.571389949783269,1.3575923891063888,-1.1919670000000002,-0.27504464,-0.395191,-0.0088709977243764,0.0379241557194806,0.9992412329166058,0.2097285604131924,3.033099036101956,9.096778518834666,9.099400150790556,9.923588153215254
151,05/05/2023 12:21:24.652960,349,True,True,True,True,Eyes,2.349605,0.08845509,-2.680935,-0.9624814,-0.2081556,-0.1740713,0.0,0.0,0.0,0.0,0.0,0.0,0.0,2.893025,0.09860662,1.792776,2.294192,0.0905336,-2.514328,0.04467958,-0.7628139,0.1212441,0.6335762,13.98035,260.0445,5.053125,0.6532657,0.02492948,-0.7567177,0.0,0.0,0.0,1.109477,-0.1878299,-2.916527,-0.2265232,0.02570082,1.288534,-0.1931702,0.08547039,0.9774358,-0.2217992,0.9666072,-0.1283575,-0.9557672,-0.2415892,-0.1677624,moving,-0.1153482877797104,1.9837606398384868,-9.970667583754029,1.1426576915072209,-1.1847149999999995,-0.2783635,-0.402199,-0.0020119995122324,0.0346161678815853,0.999398663907535,0.5978504130221172,2.840706287578189,9.88891326770947,9.891146171970933,10.704061924465863
152,05/05/2023 12:21:24.667471,350,True,True,True,True,Eyes,2.346703,0.08847207,-2.673854,-0.9605486,-0.2097025,-0.1826782,0.0,0.0,0.0,0.0,0.0,0.0,0.0,2.913208,0.09486616,1.744599,2.289712,0.09115306,-2.507653,0.04504187,-0.767877,0.1199253,0.6276574,13.92889,259.1124,4.80909,0.6538304,0.02491717,-0.7562302,0.0,0.0,0.0,1.111902,-0.1900207,-2.916696,-0.2357277,0.01414193,1.283396,-0.2080345,0.08137077,0.9747309,-0.2197172,0.9671783,-0.127634,-0.9531242,-0.2407175,-0.1833279,moving,0.2695185416346159,1.807737616410076,-10.407793543908788,0.6313251020550499,-1.1778100000000002,-0.28117376,-0.409043,0.0047016277084714,0.0315453915727037,0.9994913002076936,0.9776321823259608,2.662361992128516,10.740484397660373,10.741924398171044,11.56516449586634
153,05/05/2023 12:21:24.687418,351,True,True,True,True,Eyes,2.343759,0.08846493,-2.666834,-0.9585043,-0.2114497,-0.1912027,0.0,0.0,0.0,0.0,0.0,0.0,0.0,2.933365,0.1015598,1.694737,2.285377,0.09102585,-2.501169,0.04687066,-0.7728485,0.1187532,0.6216156,13.99443,258.1664,4.444292,0.6543905,0.0249116,-0.7557458,0.0,0.0,0.0,1.114541,-0.1924064,-2.916881,-0.2423224,0.02392996,1.277927,-0.2227944,0.07518978,0.9719614,-0.2200855,0.9674016,-0.1252853,-0.9496973,-0.2418275,-0.1989835,moving,0.6769211378338409,1.7393757728049182,-10.737033288757726,1.0727729277889853,-1.170836,-0.28343225,-0.4157120000000001,0.0118087846293569,0.0303510541250209,0.9994695129692288,1.379373993039834,2.5948973328163145,11.4310423729434,11.433403474263145,12.21164149992853
154,05/05/2023 12:21:24.698029,352,True,True,True,True,Eyes,2.340769,0.0884388,-2.659847,-0.9562895,-0.2133221,-0.2000102,0.0,0.0,0.0,0.0,0.0,0.0,0.0,2.954159,0.1121205,1.641882,2.281148,0.09054232,-2.494708,0.0494638,-0.7778691,0.1187969,0.6151101,14.22133,257.1821,4.093319,0.6549465,0.02491143,-0.755264,0.0,0.0,0.0,1.117035,-0.1946597,-2.917056,-0.2478017,0.02000506,1.27259,-0.2383861,0.06919361,0.9687025,-0.2230991,0.9668813,-0.1239655,-0.9451979,-0.2456682,-0.215054,moving,1.115329280923059,1.827502284999144,-11.018882112848724,0.9006130059664376,-1.164113,-0.28520202,-0.4223479999999999,0.0194550421441271,0.031884488280766,0.9993022000400796,1.8113095377229036,2.6885869310836545,12.167274242436168,12.169560792581082,12.954175718558746
155,05/05/2023 12:21:24.717369,353,True,True,True,True,Eyes,2.337734,0.08839862,-2.652901,-0.9539644,-0.2153959,-0.2087017,0.0,0.0,0.0,0.0,0.0,0.0,0.0,2.974646,0.1186134,1.588128,2.276987,0.09010024,-2.488362,0.05169901,-0.7828459,0.1200948,0.6083229,14.5326,256.1915,3.860194,0.6554971,0.02491562,-0.7547861,0.0,0.0,0.0,1.119616,-0.1969925,-2.917237,-0.2525443,0.0278932,1.267988,-0.254541,0.06516819,0.9648637,-0.2270576,0.9658089,-0.1251322,-0.9400285,-0.2509309,-0.231041,moving,1.5720408034101867,1.9886695209358796,-11.264160934053804,1.260189309291062,-1.157371,-0.2870927399999999,-0.4288750000000001,0.0274173331188429,0.0346888147390236,0.9990219445856596,2.261114795121273,2.857521775884388,12.853026215516724,12.85685647674546,13.619271440097137
156,05/05/2023 12:21:24.737800,354,True,True,True,True,Eyes,2.334654,0.08833224,-2.64598,-0.9514772,-0.2174967,-0.2176837,0.0,0.0,0.0,0.0,0.0,0.0,0.0,2.994673,0.1173775,1.533365,2.272671,0.08978906,-2.481926,0.05278025,-0.7880165,0.1209845,0.6013379,14.7234,255.1722,3.694561,0.6560418,0.02492333,-0.7543125,0.0,0.0,0.0,1.122204,-0.1993313,-2.917418,-0.2552778,0.0243449,1.263318,-0.2712142,0.06232171,0.9604994,-0.2286885,0.965154,-0.127198,-0.934957,-0.254153,-0.2475112,moving,2.0307840084531037,2.0278457550084137,-11.423889749071927,1.1039875928677805,-1.150467,-0.2891203599999999,-0.435492,0.0354142800319188,0.0353629977980936,0.9987467932529108,2.7132101521694283,2.901011021064802,13.482667221650445,13.48635457880248,14.250855652176377
157,05/05/2023 12:21:24.752900,355,True,True,True,True,Eyes,2.331521,0.08823118,-2.639073,-0.9489147,-0.2197175,-0.2264622,0.0,0.0,0.0,0.0,0.0,0.0,0.0,3.013815,0.1113308,1.478604,2.268428,0.08911382,-2.475486,0.05313144,-0.793182,0.1220446,0.5942597,14.87759,254.1526,3.60481,0.6565797,0.02493351,-0.753844,0.0,0.0,0.0,1.124809,-0.2016848,-2.9176,-0.2559731,0.01429735,1.259341,-0.2880651,0.06076654,0.955681,-0.2293381,0.9645643,-0.1304594,-0.9297435,-0.2567548,-0.2639213,moving,2.4988368159777394,2.0211437288675067,-11.489395490963648,0.650453388647718,-1.1436190000000002,-0.29079862,-0.4421140000000001,0.0435720332698575,0.0352348027525978,0.998428766764508,3.174590179559038,2.897382396521722,14.052218462961852,14.05522803378624,14.835132817461403
158,05/05/2023 12:21:24.767598,356,True,True,True,True,Eyes,2.328344,0.0880978,-2.632181,-0.9461945,-0.2219226,-0.2355128,0.0,0.0,0.0,0.0,0.0,0.0,0.0,3.031854,0.1021831,1.423457,2.263991,0.08820736,-2.468881,0.05299284,-0.7983522,0.1230536,0.5870974,14.99319,253.1283,3.55377,0.6571109,0.02494495,-0.7533805,0.0,0.0,0.0,1.127402,-0.2040288,-2.917782,-0.2539625,0.02212137,1.255861,-0.305017,0.05987503,0.9504629,-0.2291028,0.9640991,-0.1342564,-0.9243791,-0.2587042,-0.2803491,moving,2.952153057331451,1.97624852623707,-11.432284857847256,1.0091324414528873,-1.1365889999999998,-0.29223616,-0.4489009999999998,0.0514714428330974,0.0344394926959372,0.9980804391933428,3.621534224861428,2.8543718220806804,14.413091355089144,14.416912556337405,15.166488629433768
159,05/05/2023 12:21:24.787772,357,True,True,True,True,Eyes,2.325123,0.08793772,-2.625319,-0.9434403,-0.2241376,-0.2443002,0.0,0.0,0.0,0.0,0.0,0.0,0.0,3.048369,0.0921509,1.369413,2.259655,0.0873104,-2.46225,0.05267666,-0.8033791,0.1239284,0.5800421,15.08385,252.1238,3.510911,0.6576347,0.02495661,-0.7529229,0.0,0.0,0.0,1.129999,-0.2063751,-2.917964,-0.2522147,0.03162593,1.252603,-0.3215523,0.05912872,0.9450437,-0.228406,0.9637339,-0.1380135,-0.9189312,-0.2602323,-0.2963855,moving,3.3979691193439545,1.905644962076618,-11.384423113532346,1.4463061486081654,-1.129656,-0.2936855,-0.4557139999999999,0.0592383208831902,0.0331952469838578,0.9976917099156988,4.061145847166089,2.784869576476608,14.784048067982166,14.78952711455509,15.503462599371725
160,05/05/2023 12:21:24.797652,358,True,True,True,True,Eyes,2.32185,0.08775789,-2.618461,-0.9405544,-0.2262011,-0.2533583,0.0,0.0,0.0,0.0,0.0,0.0,0.0,3.063665,0.07957411,1.315366,2.255119,0.08656658,-2.455506,0.05196872,-0.8083835,0.1246382,0.5729578,15.13313,251.1198,3.492394,0.6581518,0.02496774,-0.7524706,0.0,0.0,0.0,1.132555,-0.2086856,-2.918143,-0.2500089,0.03147047,1.249434,-0.3380372,0.05880356,0.9392938,-0.2268462,0.9635292,-0.1419592,-0.9133846,-0.2610627,-0.3123692,moving,3.8242312107024503,1.8020377295828776,-11.315316206533687,1.442848473714483,-1.122564,-0.29525218,-0.4626369999999999,0.0666630389309904,0.0313763548580919,0.9972820607911104,4.48156069645574,2.681288856515786,15.138385235134953,15.14380774178914,15.84534803877636
161,05/05/2023 12:21:24.817910,359,True,True,True,True,Eyes,2.318601,0.08754205,-2.611774,-0.938032,-0.2282879,-0.2607308,0.0,0.0,0.0,0.0,0.0,0.0,0.0,3.077425,0.06250232,1.262402,2.250536,0.08589442,-2.448636,0.0503159,-0.8134218,0.1242352,0.5660202,15.01493,250.1243,3.489236,0.6586627,0.02497787,-0.752023,0.0,0.0,0.0,1.135151,-0.211031,-2.918325,-0.2458417,0.02663086,1.247022,-0.3541788,0.05878314,0.9333284,-0.2224953,0.9640679,-0.1451516,-0.9083244,-0.2590708,-0.3283734,moving,4.329412503147233,1.5210344693917153,-11.15245007862752,1.223397813826664,-1.1153849999999998,-0.29692542,-0.4696889999999998,0.0754641671986985,0.0264682511218043,0.9967971406111726,4.980184977406741,2.395818267082748,15.480698192926363,15.484723329129686,16.17518109853484
162,05/05/2023 12:21:24.837680,360,True,True,True,True,Eyes,2.315303,0.08727837,-2.605068,-0.9353892,-0.2302162,-0.2684169,0.0,0.0,0.0,0.0,0.0,0.0,0.0,3.089221,0.04442626,1.211287,2.245886,0.08525842,-2.441557,0.04848054,-0.818224,0.1239872,0.5592731,14.89962,249.1674,3.521003,0.6591653,0.02498594,-0.7515822,0.0,0.0,0.0,1.137715,-0.2133484,-2.918504,-0.2394233,0.02446085,1.245147,-0.3697267,0.0593495,0.9272432,-0.2180213,0.9645536,-0.1486709,-0.9031994,-0.2571263,-0.3436818,moving,4.778678666948276,1.2526197417247735,-10.884282523398037,1.1254279364150934,-1.108171,-0.29860682,-0.476947,0.0832872489054448,0.0217846453294209,0.9962874835218616,5.423663505914029,2.1229042353766667,15.660286827865503,15.663477615320062,16.338422893962107
163,05/05/2023 12:21:24.852682,361,True,True,True,True,Eyes,2.311907,0.08699253,-2.598207,-0.9326199,-0.2322789,-0.2761644,0.0,0.0,0.0,0.0,0.0,0.0,0.0,3.10019,0.02475688,1.159424,2.241248,0.08383414,-2.434305,0.04625969,-0.8230582,0.1237108,0.5523865,14.75871,248.1991,3.588403,0.6596596,0.02499082,-0.7511482,0.0,0.0,0.0,1.140289,-0.215674,-2.918685,-0.2315162,0.02161613,1.243516,-0.3854581,0.06052354,0.920738,-0.2128212,0.9651113,-0.152536,-0.8978467,-0.2547488,-0.3591293,moving,5.230632927354091,0.945420804142304,-10.546504347897496,0.9958764449716428,-1.100959,-0.29950814,-0.4843799999999998,0.0911527112105952,0.0164312677027279,0.9957014300327276,5.869883105709093,1.8101219256102317,15.774951833271528,15.777217954183955,16.43656815547796
164,05/05/2023 12:21:24.867810,362,True,True,True,True,Eyes,2.308454,0.08670088,-2.591314,-0.9297041,-0.2343397,-0.2841394,0.0,0.0,0.0,0.0,0.0,0.0,0.0,3.109103,0.009541273,1.109934,2.236753,0.08287466,-2.426651,0.04533943,-0.827294,0.1260126,0.5455729,14.9497,247.2937,3.707843,0.6601483,0.02499231,-0.7507188,0.0,0.0,0.0,1.142867,-0.2180036,-2.918865,-0.2224061,0.01530179,1.242079,-0.4005889,0.06248002,0.914125,-0.2125162,0.9641304,-0.159027,-0.8912715,-0.2579708,-0.3729419,moving,5.6276232484714805,0.9689459203248848,-10.15177210258272,0.7058195463853028,-1.093886,-0.30087826,-0.4922139999999997,0.0980488170133861,0.0168290091723042,0.9950393063180034,6.2611449195239866,1.8370843852069736,15.780018124880003,15.781589056034042,16.4518571994202
165,05/05/2023 12:21:24.887817,363,True,True,True,True,Eyes,2.304973,0.08639076,-2.584434,-0.9267905,-0.2363412,-0.2918942,0.0,0.0,0.0,0.0,0.0,0.0,0.0,3.116492,-0.01113746,1.061351,2.231843,0.08246728,-2.418923,0.04351935,-0.8315187,0.1277604,0.5388507,15.03275,246.4009,3.877735,0.6606312,0.02499063,-0.750294,0.0,0.0,0.0,1.145388,-0.2202818,-2.919042,-0.2118591,0.01014057,1.240788,-0.4154919,0.06531321,0.9072489,-0.2100618,0.9635667,-0.1655694,-0.8850087,-0.2593711,-0.3866343,moving,6.017337608714916,0.8804545070565967,-9.689560385154346,0.4682499569425454,-1.086455,-0.30274908,-0.5001190000000002,0.1048171591494033,0.0152815807194759,0.994374101704129,6.645498694642017,1.748794430813701,15.711244056809312,15.7123059154584,16.385174679874474
166,05/05/2023 12:21:24.897548,364,True,True,True,True,Eyes,2.30144,0.08606512,-2.577507,-0.9237474,-0.2382698,-0.2998635,0.0,0.0,0.0,0.0,0.0,0.0,0.0,3.122084,-0.034641,1.014838,2.226887,0.08184416,-2.410972,0.04074851,-0.8357401,0.1278624,0.5324748,14.89892,245.5331,4.038356,0.6611083,0.02498554,-0.749874,0.0,0.0,0.0,1.148074,-0.2227099,-2.91923,-0.2011437,0.003396854,1.239025,-0.4296203,0.06805668,0.9004413,-0.2042773,0.9639815,-0.1703244,-0.8796004,-0.2571146,-0.4002436,moving,6.352268087835953,0.5815220228757522,-9.220971728237592,0.1570790825166087,-1.078813,-0.3045540599999999,-0.5082580000000001,0.1106353706465901,0.0100869931829629,0.993809812067414,6.97634732896511,1.443697561231808,15.57862502631616,15.579022760704827,16.248339353626058
167,05/05/2023 12:21:24.917638,365,True,True,True,True,Eyes,2.297842,0.08571686,-2.570517,-0.9206812,-0.240192,-0.3076588,0.0,0.0,0.0,0.0,0.0,0.0,0.0,3.126835,-0.05683386,0.9680312,2.221993,0.0811584,-2.402826,0.03837159,-0.839833,0.128809,0.5259436,14.87545,244.6641,4.2153,0.6615808,0.02497697,-0.7494574,0.0,0.0,0.0,1.150558,-0.2249545,-2.919404,-0.1900855,-0.00288704,1.237333,-0.443822,0.07104108,0.8932946,-0.199944,0.9638717,-0.1759935,-0.8735241,-0.2567186,-0.4135832,moving,6.703293698217908,0.3874662511657256,-8.733793500895034,-0.1336866527467441,-1.071435,-0.3061129,-0.516578,0.1167251978144459,0.006716283472421,0.9931415437118604,7.322813968305489,1.2465717713732007,15.445650467400556,15.445881701679353,16.115823179016953
168,05/05/2023 12:21:24.937657,366,True,True,True,True,Eyes,2.294192,0.08536534,-2.563466,-0.9174658,-0.2421148,-0.3156532,0.0,0.0,0.0,0.0,0.0,0.0,0.0,3.130421,-0.07846677,0.921062,2.216799,0.08027176,-2.394452,0.03585346,-0.843936,0.1290854,0.5194457,14.78113,243.7913,4.3649,0.6620482,0.02496467,-0.7490451,0.0,0.0,0.0,1.153166,-0.2273112,-2.919587,-0.1783712,-0.006355077,1.235498,-0.4577819,0.07358959,0.886014,-0.1946217,0.964103,-0.1806317,-0.8675014,-0.2551274,-0.4270267,moving,7.036923434098223,0.1242441612963591,-8.215137951969677,-0.2947118322652877,-1.063633,-0.3075829599999999,-0.5251350000000001,0.1225086671248194,0.002152133898404,0.9924651167763548,7.652296302039692,0.9781916362439284,15.257656266375587,15.257814412586251,15.918409249841917
169,05/05/2023 12:21:24.954102,367,True,True,True,True,Eyes,2.290462,0.08502279,-2.556319,-0.9141825,-0.2441324,-0.3235269,0.0,0.0,0.0,0.0,0.0,0.0,0.0,3.133143,-0.09839565,0.8742375,2.211771,0.07986797,-2.385843,0.03402653,-0.8478354,0.1307069,0.5127701,14.86435,242.9223,4.530555,0.6625124,0.02494893,-0.7486351,0.0,0.0,0.0,1.155906,-0.2297873,-2.919779,-0.1656899,-0.005986206,1.233684,-0.4718181,0.07634739,0.8783842,-0.191743,0.9635158,-0.1867403,-0.8605942,-0.2565314,-0.4399652,moving,7.383390008218563,0.0276233957829744,-7.649334994145558,-0.2780141813451418,-1.055865,-0.30965527,-0.5339360000000002,0.1285080872710494,0.0004781216605071,0.9917083089120682,7.994039466305318,0.8812395858214883,15.035724043189624,15.035831713784775,15.686268957485613
170,05/05/2023 12:21:24.967695,368,True,True,True,True,Eyes,2.286668,0.08468474,-2.549097,-0.9107639,-0.2460612,-0.3316066,0.0,0.0,0.0,0.0,0.0,0.0,0.0,3.134915,-0.1193975,0.8262467,2.206393,0.07971025,-2.376996,0.03188444,-0.8518577,0.1316219,0.5059622,14.86313,242.0274,4.680514,0.6629734,0.02493042,-0.7482274,0.0,0.0,0.0,1.158275,-0.2319286,-2.919945,-0.1526462,-0.003001578,1.232141,-0.4859714,0.07886932,0.8704088,-0.1875134,0.9633182,-0.1919815,-0.853622,-0.2565108,-0.4533561,moving,7.733505154305032,-0.149899425755923,-7.062216264598429,-0.1395760802410832,-1.048118,-0.31163885,-0.5429489999999997,0.1345652082239773,-0.0025924401119061,0.9909013153902432,8.339569695096333,0.7011105048774868,14.795678110306516,14.795725020331425,15.424712790929012
171,05/05/2023 12:21:24.987784,369,True,True,True,True,Eyes,2.282806,0.08434919,-2.54181,-0.9073545,-0.2480508,-0.3393799,0.0,0.0,0.0,0.0,0.0,0.0,0.0,3.135409,-0.1381438,0.7793872,2.200922,0.07948228,-2.367899,0.0298979,-0.8557674,0.1320392,0.4993337,14.82382,241.1497,4.788051,0.6634321,0.02490962,-0.7478215,0.0,0.0,0.0,1.160966,-0.2343596,-2.920133,-0.1395892,-0.002880059,1.230241,-0.4995441,0.08069191,0.8625222,-0.1830345,0.9633435,-0.1961315,-0.8467315,-0.2558476,-0.4664632,moving,8.078397345326325,-0.3656160001352007,-6.473375893339167,-0.1341321936050109,-1.039956,-0.31384188,-0.5522339999999999,0.1405251486607154,-0.0063178404811598,0.9900570044499653,8.680041602776274,0.4816652245609262,14.553424158142334,14.553614298250002,15.165924576886086
172,05/05/2023 12:21:24.997400,370,True,True,True,True,Eyes,2.278868,0.08401303,-2.534439,-0.9038469,-0.2498877,-0.3472994,0.0,0.0,0.0,0.0,0.0,0.0,0.0,3.134335,-0.154498,0.7348216,2.195119,0.07927111,-2.358613,-0.0283244,0.8593754,-0.1327767,-0.4929929,14.841,240.3187,4.880126,0.6638875,0.0248869,-0.747418,0.0,0.0,0.0,1.163437,-0.236593,-2.920306,-0.1265892,-0.002717629,1.228382,-0.5123116,0.08223336,0.8548537,-0.1795985,0.9631361,-0.2002826,-0.8398105,-0.2561375,-0.4786569,moving,8.3730394802282,-0.5089625856000223,-5.8837669717003385,-0.1267589544143544,-1.031682,-0.31586411,-0.561693,0.1456118837478199,-0.0087882794558919,0.989302734225918,8.97081101101931,0.3362973257858491,14.26155994873501,14.261928685260026,14.861793571548898
173,05/05/2023 12:21:25.017391,371,True,True,True,True,Eyes,2.274869,0.08371685,-2.526995,-0.9003973,-0.2518139,-0.354788,0.0,0.0,0.0,0.0,0.0,0.0,0.0,3.131785,-0.1663198,0.6941907,2.189236,0.07890266,-2.349183,-0.02689649,0.8627396,-0.1320459,-0.4873611,14.71784,239.5549,4.881243,0.6643404,0.0248625,-0.7470163,0.0,0.0,0.0,1.166078,-0.2389799,-2.920491,-0.1139468,-0.003274478,1.226141,-0.5235114,0.0822988,0.8480346,-0.1751175,0.9636809,-0.2016259,-0.8338283,-0.2540591,-0.490086,moving,8.61449153224278,-0.779940966569667,-5.30931857355262,-0.1530112144509527,-1.0231580000000002,-0.31788256,-0.5713080000000001,0.1497718583521418,-0.0134585811179663,0.988629010329222,9.209451175553472,0.059297550474354,13.937031489173192,13.937916945381106,14.520321967477932
174,05/05/2023 12:21:25.037991,372,True,True,True,True,Eyes,2.270786,0.08340668,-2.519473,-0.8968933,-0.2534223,-0.3624357,0.0,0.0,0.0,0.0,0.0,0.0,0.0,3.127909,-0.1750042,0.6600394,2.183781,0.07964163,-2.339839,-0.02652416,0.8654019,-0.133001,-0.482376,14.82028,238.907,4.889859,0.6647938,0.02483768,-0.7466135,0.0,0.0,0.0,1.168567,-0.2412292,-2.920666,-0.101807,-0.004146256,1.223999,-0.5332196,0.08240487,0.8419539,-0.1742211,0.9632145,-0.2046094,-0.8278429,-0.2557879,-0.4992481,moving,8.755486568206335,-0.7933314317563354,-4.754673363004966,-0.1940868096412824,-1.0152140000000005,-0.32087083,-0.5808270000000002,0.1522037833249636,-0.0136844881374243,0.9882544376235576,9.34846291530263,0.046509563053781,13.522512695327103,13.523443181528926,14.10518838935056
175,05/05/2023 12:21:25.053763,373,True,True,True,True,Eyes,2.266682,0.08307889,-2.5119,-0.8934085,-0.2552672,-0.3696755,0.0,0.0,0.0,0.0,0.0,0.0,0.0,3.123818,-0.1846013,0.6216364,2.177598,0.07893638,-2.330362,-0.02462348,0.8687239,-0.1301162,-0.4772652,14.4523,238.1795,4.823035,0.6652441,0.02481234,-0.7462133,0.0,0.0,0.0,1.171313,-0.2437102,-2.920858,-0.09015706,-0.006312937,1.221517,-0.5432231,0.08141784,0.8356313,-0.1669818,0.964927,-0.2025662,-0.8228156,-0.249574,-0.5105754,moving,8.955247307190419,-1.2905098173846632,-4.221201668565245,-0.2961083850497075,-1.006285,-0.32264658,-0.5904959999999999,0.1556244301438367,-0.0222473435193092,0.9875657745269834,9.546540544749574,-0.4634128590604365,13.211404783367929,13.213918488447032,13.76875871091199
176,05/05/2023 12:21:25.067582,374,True,True,True,True,Eyes,2.2625,0.08277302,-2.504252,-0.8897884,-0.2572455,-0.3769632,0.0,0.0,0.0,0.0,0.0,0.0,0.0,3.119574,-0.1772393,0.5880435,2.172033,0.07829109,-2.32058,-0.02663591,0.8711202,-0.1311041,-0.4724954,14.68978,237.5433,4.594562,0.6656941,0.0247859,-0.7458128,0.0,0.0,0.0,1.173758,-0.2459197,-2.921029,-0.07903114,-0.01174456,1.219149,-0.5520773,0.07748593,0.8301846,-0.1702982,0.9642045,-0.203244,-0.8162163,-0.2535854,-0.5191197,moving,9.11295396482688,-1.154382886248662,-3.709000207917575,-0.5519365601414424,-0.9982749999999998,-0.3242107899999999,-0.6004489999999998,0.1583499599683263,-0.019892231739548,0.9871826008867354,9.701672782260024,-0.3223154436778843,12.83402083932168,12.836099500385584,13.41263866308956
177,05/05/2023 12:21:25.087771,375,True,True,True,True,Eyes,2.258259,0.08246375,-2.496545,-0.88623,-0.2592233,-0.3839267,0.0,0.0,0.0,0.0,0.0,0.0,0.0,3.114274,-0.180874,0.5537829,2.165836,0.07855096,-2.311078,-0.02745469,0.873504,-0.1333546,-0.4673902,14.98912,236.8996,4.553796,0.6661437,0.0247592,-0.7454119,0.0,0.0,0.0,1.176384,-0.2482935,-2.921213,-0.06913054,-0.01724363,1.216588,-0.5615851,0.07669367,0.8238567,-0.1726208,0.9629256,-0.2073074,-0.8092119,-0.2586356,-0.5275258,moving,9.296049452947342,-0.9893660899029696,-3.252237676797304,-0.8120424249710979,-0.989452,-0.32684446,-0.6101349999999996,0.1615123264778707,-0.0170401364585913,0.98672359112416,9.881762964701972,-0.1513296419662466,12.547843999259364,12.54953997454329,13.150608892082884
178,05/05/2023 12:21:25.107773,376,True,True,True,True,Eyes,2.253961,0.08217999,-2.488762,-0.882522,-0.2615159,-0.3908507,0.0,0.0,0.0,0.0,0.0,0.0,0.0,3.108542,-0.1805494,0.5217657,2.15981,0.07818092,-2.301517,-0.02731124,0.8761275,-0.1312392,-0.463067,14.78889,236.2839,4.370952,0.6665932,0.02473222,-0.7450109,0.0,0.0,0.0,1.178982,-0.2506411,-2.921395,-0.05926725,-0.02243429,1.213888,-0.5696461,0.07368879,0.81858,-0.1694013,0.9640608,-0.2046706,-0.8042428,-0.2552583,-0.5366905,moving,9.413228047345248,-1.3138927462302004,-2.7952075084936907,-1.0587828673359707,-0.9808279999999998,-0.32882202,-0.6198779999999999,0.1635118719953395,-0.0226211406512978,0.9862819413532388,9.998031742316233,-0.4842669388203251,12.208175136859357,12.211100678128156,12.806132869862855
179,05/05/2023 12:21:25.117869,377,True,True,True,True,Eyes,2.249582,0.08197197,-2.480939,-0.8788382,-0.2638793,-0.3975062,0.0,0.0,0.0,0.0,0.0,0.0,0.0,3.1021,-0.1782832,0.4937289,2.153989,0.07858496,-2.291885,-0.02969917,0.8777651,-0.1354794,-0.4585755,15.37152,235.7474,4.28932,0.6670424,0.02470581,-0.7446097,0.0,0.0,0.0,1.181561,-0.2529716,-2.921576,-0.05070853,-0.02084774,1.211679,-0.5776526,0.07211729,0.8130905,-0.1763929,0.9615266,-0.2105996,-0.796996,-0.2650768,-0.5427074,moving,9.522979809021264,-0.8709824255264288,-2.3964188245262616,-0.9857145872386872,-0.972428,-0.33155656,-0.6296909999999998,0.1654245769139715,-0.0149914943350205,0.986108518489018,10.105171488432028,-0.0279972839198946,11.918512370069994,11.91995080754723,12.538220878024472
180,05/05/2023 12:21:25.139403,378,True,True,True,True,Eyes,2.245147,0.08179326,-2.473054,-0.8750873,-0.2661358,-0.4042204,0.0,0.0,0.0,0.0,0.0,0.0,0.0,3.094563,-0.1880941,0.466315,2.147391,0.08024432,-2.282853,-0.02890827,0.8798757,-0.1356593,-0.4545106,15.36724,235.2199,4.308804,0.6674915,0.02468219,-0.7442079,0.0,0.0,0.0,1.184153,-0.2553136,-2.921757,-0.04295057,-0.0221407,1.209239,-0.5851691,0.07244577,0.807669,-0.1741885,0.9615218,-0.2124483,-0.7919823,-0.2650048,-0.5500336,moving,9.575262279974014,-1.022078535900289,-2.0342151600113425,-1.0489464322713256,-0.9632379999999998,-0.3355579199999999,-0.6389040000000001,0.1663173038971103,-0.0175892529737195,0.985915488793696,10.157062863278457,-0.1830251598694843,11.607672424720809,11.609508530225744,12.221991633573754
181,05/05/2023 12:21:25.154059,379,True,True,True,True,Eyes,2.240662,0.08165821,-2.465106,-0.871219,-0.2687636,-0.4107839,0.0,0.0,0.0,0.0,0.0,0.0,0.0,3.087216,-0.1989275,0.4366283,2.141509,0.08077,-2.27344,-0.02776469,0.8822129,-0.1357864,-0.4499909,15.34156,234.6363,4.354196,0.6679403,0.02466204,-0.7438058,0.0,0.0,0.0,1.186721,-0.2576347,-2.921937,-0.0363214,-0.02773926,1.206726,-0.5934749,0.07321651,0.8015156,-0.171194,0.9615824,-0.2145972,-0.7864354,-0.2645727,-0.5581407,moving,9.680647504438245,-1.2286870691313314,-1.7240324778624363,-1.3168380155537205,-0.9547880000000002,-0.3384047,-0.6484969999999999,0.1681188490111604,-0.0211377855900464,0.9855399929849024,10.261428947434265,-0.3947736197893357,11.40237917151986,11.40502065267946,12.02087718626272
182,05/05/2023 12:21:25.168000,380,True,True,True,True,Eyes,2.236118,0.08159414,-2.457125,-0.8672315,-0.271485,-0.4173793,0.0,0.0,0.0,0.0,0.0,0.0,0.0,3.080338,-0.1980048,0.4091909,2.135851,0.0817705,-2.264195,-0.02984938,0.883861,-0.1393178,-0.4455216,15.83524,234.0939,4.254575,0.668389,0.02464641,-0.7434032,0.0,0.0,0.0,1.189268,-0.259936,-2.922116,-0.02976483,-0.0308924,1.204445,-0.6012394,0.07137271,0.7958754,-0.1769035,0.9593992,-0.2196779,-0.7792412,-0.2728721,-0.5642025,moving,9.78055307780807,-0.892906869090114,-1.4156330074906909,-1.4692378294907245,-0.9465830000000002,-0.3417065,-0.657921,0.1698550015144299,-0.0153570911331261,0.9853494294402376,10.359115642547488,-0.0487489505036502,11.2092555232232,11.211009777560356,11.860122024115176
183,05/05/2023 12:21:25.187610,381,True,True,True,True,Eyes,2.231531,0.08159637,-2.449139,-0.8631504,-0.2742367,-0.4239878,0.0,0.0,0.0,0.0,0.0,0.0,0.0,3.073446,-0.1999602,0.3789585,2.129779,0.08343978,-2.255382,-0.03110964,0.8858666,-0.1412752,-0.4408104,16.12471,233.4976,4.144758,0.6688366,0.02463703,-0.7430008,0.0,0.0,0.0,1.191921,-0.2623337,-2.922302,-0.02372351,-0.03549698,1.201898,-0.6094365,0.06943318,0.7897885,-0.1796691,0.958147,-0.222875,-0.7722084,-0.2777289,-0.5714548,moving,9.912772344590042,-0.7666974960328267,-1.1307785817124274,-1.6916877343278265,-0.937858,-0.34577348,-0.6669200000000002,0.172133743376193,-0.0131812663058761,0.9849854129913612,10.489148078311516,0.0819711683914951,11.080515952800186,11.08222107714772,11.754512388335414
184,05/05/2023 12:21:25.197436,382,True,True,True,True,Eyes,2.226902,0.08167812,-2.441157,-0.8589512,-0.2769297,-0.430712,0.0,0.0,0.0,0.0,0.0,0.0,0.0,3.066778,-0.2001342,0.34759,2.123724,0.08510526,-2.246898,-0.03210812,0.8880984,-0.1415328,-0.4361409,16.22425,232.8765,3.966961,0.6692832,0.02463531,-0.7425986,0.0,0.0,0.0,1.194429,-0.2646,-2.922477,-0.01766941,-0.03662103,1.199986,-0.6175007,0.06642614,0.7837607,-0.1804868,0.9578751,-0.2233828,-0.7655833,-0.2793975,-0.5794995,moving,10.0466160400666,-0.8158833319919786,-0.8436010603601259,-1.7480032556908192,-0.9292950000000002,-0.34970526,-0.6755790000000004,0.1744322189834542,-0.0140210684195253,0.9845693780980664,10.621195017193836,0.0323201130928478,10.9282731495592,10.930035500700948,11.602202394258338
185,05/05/2023 12:21:25.217478,383,True,True,True,True,Eyes,2.222226,0.08178629,-2.433192,-0.854668,-0.2793925,-0.4375871,0.0,0.0,0.0,0.0,0.0,0.0,0.0,3.060849,-0.1997316,0.3122299,2.117943,0.08707853,-2.238954,-0.03322819,0.8906289,-0.1413871,-0.4309126,16.28908,232.174,3.743136,0.6697293,0.02464294,-0.742196,0.0,0.0,0.0,1.19697,-0.2668961,-2.922655,-0.01173216,-0.03985541,1.197952,-0.6264204,0.062663,0.7769626,-0.1810389,0.9578112,-0.22321,-0.7581705,-0.2804838,-0.5886479,moving,10.24779499248371,-0.8852343346284558,-0.5611090952026844,-1.9055060760159763,-0.9209729999999998,-0.35397463,-0.6837009999999997,0.17788511589513,-0.0152032370877582,0.9839338272931212,10.81966249380149,-0.0375999342888222,10.854963134709807,10.856949940157117,11.533041026346288
186,05/05/2023 12:21:25.237731,384,True,True,True,True,Eyes,2.217526,0.08188038,-2.425251,-0.8502234,-0.2817832,-0.4446552,0.0,0.0,0.0,0.0,0.0,0.0,0.0,3.055099,-0.202124,0.271245,2.112086,0.08778488,-2.231466,-0.03292631,0.8938062,-0.13893,-0.4251178,16.04236,231.3723,3.535392,0.6701735,0.02465985,-0.7417944,0.0,0.0,0.0,1.199861,-0.269509,-2.922858,-0.006750882,-0.04412496,1.195786,-0.6363819,0.05926371,0.7690946,-0.1769827,0.9592286,-0.2203578,-0.7507967,-0.276348,-0.599947,moving,10.511252071306844,-1.2725864530433466,-0.3234633431837223,-2.113277316908999,-0.912225,-0.35729388,-0.691392,0.1823851062515992,-0.0218364880997854,0.982984582484334,11.08026744288946,-0.4341290357967544,10.864180702691364,10.86728205401823,11.526691406956097
187,05/05/2023 12:21:25.254319,385,True,True,True,True,Eyes,2.212821,0.08194614,-2.417366,-0.8456432,-0.2842307,-0.4517747,0.0,0.0,0.0,0.0,0.0,0.0,0.0,3.049061,-0.2087516,0.2271409,2.106634,0.08753227,-2.224046,-0.03272799,0.8969496,-0.1389466,-0.4184544,16.06016,230.5057,3.434833,0.6706156,0.02468474,-0.7413939,0.0,0.0,0.0,1.202317,-0.2717287,-2.92303,-0.002734065,-0.04671191,1.193832,-0.6476496,0.05757493,0.7597598,-0.1749963,0.9592454,-0.2218659,-0.7415701,-0.2766466,-0.6111795,moving,10.843774245187465,-1.4252655760132182,-0.1312162109469298,-2.240709509851867,-0.904317,-0.35926097,-0.6989839999999998,0.1880755764755204,-0.0244291403877831,0.9818506437957528,11.40839756692796,-0.5888306822363143,11.00151897686376,11.00524258349062,11.657246235867392
188,05/05/2023 12:21:25.267917,386,True,True,True,True,Eyes,2.208082,0.08198451,-2.409511,-0.8408762,-0.2866919,-0.4590588,0.0,0.0,0.0,0.0,0.0,0.0,0.0,3.042027,-0.222086,0.181108,2.101008,0.08702736,-2.21681,-0.03188123,0.9001063,-0.140263,-0.4112402,16.18412,229.6016,3.46063,0.6710548,0.02471598,-0.7409953,0.0,0.0,0.0,1.204749,-0.2739267,-2.9232,-0.000433743,-0.05187744,1.19185,-0.65973,0.05797056,0.7492633,-0.1727566,0.9586198,-0.2262815,-0.7313763,-0.2787248,-0.6224155,moving,11.200321568709958,-1.5003732173308268,-0.0208513170249773,-2.492329879870655,-0.8962590000000001,-0.36095406,-0.7063899999999999,0.1941757748682673,-0.0256851038070286,0.9806304375279304,11.760026732703883,-0.6635875931065451,11.260627662220394,11.264932265748874,11.921970725261094
189,05/05/2023 12:21:25.287908,387,True,True,True,True,Eyes,2.203316,0.08202657,-2.401723,-0.8359835,-0.2892334,-0.4663428,0.0,0.0,0.0,0.0,0.0,0.0,0.0,3.033367,-0.2462116,0.1352038,2.095233,0.08645889,-2.209691,-0.02948266,0.9032367,-0.1424444,-0.4037375,16.32757,228.6978,3.689886,0.6714906,0.02475212,-0.7405992,0.0,0.0,0.0,1.207271,-0.2762052,-2.923377,5.948544e-05,-0.05323078,1.190749,-0.6722535,0.06176067,0.7377402,-0.16828,0.9576807,-0.2335156,-0.7209417,-0.2811286,-0.6334113,moving,11.546614801606124,-1.6034382725528995,0.0028622863858323,-2.559624080568599,-0.8879619999999999,-0.36266409,-0.713686,0.2000898765023511,-0.0274157670647677,0.9793938922094492,12.10161421765873,-0.7671683828543654,11.57836827966764,11.583285951408843,12.23080928323011
190,05/05/2023 12:21:25.297599,388,True,True,True,True,Eyes,2.198496,0.08209518,-2.393989,-0.8309475,-0.2916441,-0.4737825,0.0,0.0,0.0,0.0,0.0,0.0,0.0,3.023539,-0.2733273,0.09266591,2.089116,0.08672756,-2.202988,-0.02655036,0.9061272,-0.1444453,-0.3966915,16.42955,227.8605,3.974623,0.6719221,0.02479282,-0.7402064,0.0,0.0,0.0,1.209898,-0.2785799,-2.923561,0.0008736849,-0.06322688,1.188338,-0.683862,0.06648439,0.7265761,-0.1627164,0.9568613,-0.240707,-0.7112358,-0.2828361,-0.6435431,moving,11.812844949493238,-1.7452569875543402,0.0421247560666586,-3.0456155913694443,-0.8792180000000003,-0.36530746,-0.7205729999999999,0.2046244968560867,-0.0298113412967562,0.9783864192351568,12.364374051952428,-0.9111630980585768,11.836078063399276,11.842330276193794,12.50574728499494
191,05/05/2023 12:21:25.319640,389,True,True,True,True,Eyes,2.193637,0.08215521,-2.386333,-0.8258612,-0.2939324,-0.4812039,0.0,0.0,0.0,0.0,0.0,0.0,0.0,3.01315,-0.2986413,0.0485785,2.082815,0.08745776,-2.196555,-0.02340402,0.9092133,-0.1449164,-0.3895931,16.36503,226.9947,4.205228,0.6723484,0.02483849,-0.7398177,0.0,0.0,0.0,1.21253,-0.2809584,-2.923745,0.001145124,-0.06039877,1.187377,-0.6953388,0.07035837,0.7152297,-0.1554753,0.956903,-0.2452837,-0.7016631,-0.2817559,-0.6544329,moving,12.094735665358048,-2.041422739411208,0.055256882925736,-2.9119769719752706,-0.870285,-0.36841616,-0.7271899999999998,0.2094015934542695,-0.0348322636727307,0.9772092185794482,12.642934352986398,-1.2137844377138096,12.063082660029554,12.070911896972532,12.701711773367167
192,05/05/2023 12:21:25.339562,390,True,True,True,True,Eyes,2.188735,0.08220214,-2.378742,-0.8205953,-0.2962861,-0.4887105,0.0,0.0,0.0,0.0,0.0,0.0,0.0,3.003934,-0.3066587,0.003820419,2.076531,0.08734001,-2.190447,-0.02236599,0.9123063,-0.14347,-0.3829016,16.19487,226.1233,4.123938,0.6727673,0.02488827,-0.7394351,0.0,0.0,0.0,1.214996,-0.2831869,-2.923918,0.001341939,-0.0571457,1.186278,-0.7057726,0.06906053,0.7050647,-0.1506791,0.9578322,-0.2446493,-0.6922293,-0.2789051,-0.6656058,moving,12.374221592789633,-2.3811453375251115,0.0648139881778031,-2.757935555555033,-0.8615350000000002,-0.37052691,-0.7334710000000002,0.2141193427831764,-0.0405832899660176,0.975964116075578,12.919226864534998,-1.5612179150768544,12.304806916849452,12.31517301725309,12.9099985866339
193,05/05/2023 12:21:25.355350,391,True,True,True,True,Eyes,2.183807,0.08229492,-2.371245,-0.8152524,-0.2989273,-0.49599,0.0,0.0,0.0,0.0,0.0,0.0,0.0,2.995768,-0.2999576,-0.03653455,2.070409,0.08705155,-2.184435,-0.02478372,0.9146734,-0.1442155,-0.3767763,16.40923,225.3219,3.78572,0.6731793,0.02494155,-0.7390581,0.0,0.0,0.0,1.217609,-0.2855482,-2.924101,0.0002831221,-0.06362225,1.184738,-0.7148511,0.06333591,0.6964029,-0.154012,0.9571753,-0.2451443,-0.6821061,-0.282496,-0.6744833,moving,12.627304605111838,-2.2891580544284933,0.0136922265581759,-3.0739187059828965,-0.8528000000000002,-0.37259975,-0.7396659999999997,0.2184421762860217,-0.0389780975403746,0.9750711820285788,13.168476516011824,-1.464850133118,12.627889326611957,12.638000890830412,13.252828051938122
194,05/05/2023 12:21:25.371166,392,True,True,True,True,Eyes,2.178823,0.08239505,-2.363841,-0.8098148,-0.3013367,-0.5033846,0.0,0.0,0.0,0.0,0.0,0.0,0.0,2.986711,-0.3002149,-0.07146311,2.064184,0.08833617,-2.178765,-0.0268816,0.9165421,-0.1466394,-0.3711134,16.7834,224.613,3.566876,0.6735836,0.02499942,-0.7386877,0.0,0.0,0.0,1.220151,-0.2878448,-2.924279,-0.001185298,-0.05442764,1.184602,-0.7231048,0.05956342,0.6881657,-0.1581159,0.9555486,-0.24885,-0.6723981,-0.2887545,-0.6815439,moving,12.788505949747956,-2.034988403533076,-0.0573294238918878,-2.6306577570546263,-0.844033,-0.37618097,-0.745514,0.2212200883276953,-0.0346299851115745,0.9746087980490163,13.326775353883756,-1.2023291298596024,12.851557675396254,12.859638736192457,13.460103393724047
195,05/05/2023 12:21:25.387621,393,True,True,True,True,Eyes,2.17381,0.08249134,-2.356521,-0.8043326,-0.3040568,-0.5104885,0.0,0.0,0.0,0.0,0.0,0.0,0.0,2.977326,-0.3001669,-0.11009,2.057731,0.0885504,-2.173612,-0.02690461,0.919123,-0.1444881,-0.3655303,16.5752,223.8645,3.359896,0.6739783,0.02506164,-0.7383255,0.0,0.0,0.0,1.222739,-0.2901843,-2.92446,-0.003964782,-0.05880293,1.183379,-0.7313277,0.05617226,0.6797094,-0.1550868,0.9567987,-0.2459358,-0.6641598,-0.2852736,-0.6910217,moving,12.964806702078487,-2.3895519352970056,-0.1919625287498755,-2.8447275205686786,-0.834992,-0.3787347,-0.750848,0.2241672349130949,-0.0406323896697537,0.9737032594083233,13.501392198052974,-1.565745099806319,13.153384826566134,13.164640572636207,13.75295458098634
196,05/05/2023 12:21:25.397739,394,True,True,True,True,Eyes,2.168737,0.08263128,-2.349315,-0.7987037,-0.3068857,-0.5175844,0.0,0.0,0.0,0.0,0.0,0.0,0.0,2.968464,-0.2953447,-0.143084,2.051826,0.08859558,-2.168327,-0.0297562,0.9207429,-0.1469871,-0.3601972,16.98437,223.1885,3.062377,0.6743625,0.02512763,-0.7379725,0.0,0.0,0.0,1.225249,-0.2924523,-2.924636,-0.00549221,-0.06228098,1.182782,-0.7387452,0.05109303,0.6720455,-0.1606843,0.9550188,-0.2492384,-0.6545504,-0.2921107,-0.6973056,moving,13.100705010800649,-2.102903170937782,-0.2660491887239522,-3.014202715192884,-0.8265770000000001,-0.38104788,-0.7563089999999999,0.2265184824161407,-0.0357405443824469,0.9733509310586164,13.634673054375964,-1.269997903365244,13.3883854306319,13.397782827388571,14.00972267053904
197,05/05/2023 12:21:25.417895,395,True,True,True,True,Eyes,2.163615,0.08278398,-2.342222,-0.7931215,-0.3095225,-0.5245513,0.0,0.0,0.0,0.0,0.0,0.0,0.0,2.95784,-0.3047652,-0.1774857,2.045155,0.08981791,-2.163902,-0.03034188,0.9225276,-0.1495246,-0.3544925,17.30109,222.4968,3.00362,0.6747339,0.02519828,-0.7376305,0.0,0.0,0.0,1.227793,-0.2947516,-2.924814,-0.006684542,-0.05547285,1.183061,-0.7468291,0.05002827,0.6631318,-0.1619932,0.9534435,-0.2543692,-0.6449845,-0.2973931,-0.7039552,moving,13.24532491201836,-1.954665269586532,-0.323729688458419,-2.684590172272019,-0.8173619999999999,-0.38456951,-0.7609119999999998,0.2289946357471896,-0.0332023789448575,0.9728612526622716,13.776877010583938,-1.1165364077666926,13.580551209502705,13.58867297105499,14.18752627801822
198,05/05/2023 12:21:25.437412,396,True,True,True,True,Eyes,2.158451,0.08293237,-2.335237,-0.7873707,-0.3122777,-0.5315356,0.0,0.0,0.0,0.0,0.0,0.0,0.0,2.946845,-0.3126419,-0.2149165,2.038683,0.09026214,-2.159502,-0.02911341,0.9249986,-0.1477612,-0.3488508,17.07781,221.77,2.952294,0.6750922,0.02527369,-0.7373001,0.0,0.0,0.0,1.23039,-0.2970977,-2.924996,-0.007154644,-0.05377786,1.182857,-0.7549112,0.04923346,0.6539766,-0.1569529,0.9546381,-0.2530452,-0.6367692,-0.2936702,-0.7129398,moving,13.39094706829858,-2.358177328431356,-0.3465557595068437,-2.6031245119257798,-0.8082929999999997,-0.38735984,-0.7654940000000003,0.2314085843041979,-0.0400294918144174,0.972032809167749,13.921369000804855,-1.530506674236375,13.728359335705166,13.739686425339691,14.308185978370744
199,05/05/2023 12:21:25.454613,397,True,True,True,True,Eyes,2.15324,0.08309762,-2.328382,-0.7815914,-0.315114,-0.5383476,0.0,0.0,0.0,0.0,0.0,0.0,0.0,2.93584,-0.3179273,-0.251344,2.032373,0.09032875,-2.155158,-0.03025442,0.9268334,-0.1501168,-0.3428259,17.39818,221.0284,2.813906,0.6754359,0.02535318,-0.7369825,0.0,0.0,0.0,1.232924,-0.299388,-2.925174,-0.007076859,-0.05600357,1.182469,-0.7631102,0.04684623,0.6445684,-0.1590094,0.9530993,-0.2575224,-0.6264016,-0.2990105,-0.7198707,moving,13.582256264568809,-2.2060227705657622,-0.3429005850636466,-2.7115909241859337,-0.7994490000000003,-0.38971675,-0.770016,0.2346766510416257,-0.0374178793828635,0.9713531076462854,14.10958582338785,-1.372691565272543,13.924092338949247,13.934331431569316,14.514372700181497
200,05/05/2023 12:21:25.467802,398,True,True,True,True,Eyes,2.147978,0.08323621,-2.321658,-0.7756954,-0.3177827,-0.5452621,0.0,0.0,0.0,0.0,0.0,0.0,0.0,2.924067,-0.3262117,-0.2883759,2.025651,0.09094442,-2.151328,-0.0305773,0.9287896,-0.1516015,-0.3367967,17.5903,220.2849,2.724923,0.6757644,0.02543702,-0.7366783,0.0,0.0,0.0,1.235536,-0.3017483,-2.925357,-0.004916549,-0.0594608,1.182124,-0.771266,0.04531803,0.6348976,-0.1589175,0.9521641,-0.2610151,-0.6163554,-0.3022085,-0.7271699,moving,13.75929174932694,-2.182308839248307,-0.2382963912608591,-2.879549039760129,-0.7901149999999999,-0.39269272,-0.7740290000000001,0.2376806537677059,-0.0369880408488255,0.970638834662812,14.284035556438075,-1.347068778963425,14.004724718397142,14.01494265599164,14.60296616954544
201,05/05/2023 12:21:25.487959,399,True,True,True,True,Eyes,2.142672,0.0833485,-2.31506,-0.7697506,-0.3206244,-0.5519819,0.0,0.0,0.0,0.0,0.0,0.0,0.0,2.911965,-0.3321579,-0.3278701,2.019003,0.09041346,-2.147747,-0.0300136,0.9311283,-0.1507063,-0.3307373,17.48806,219.515,2.631818,0.6760762,0.02552405,-0.736388,0.0,0.0,0.0,1.238114,-0.3040781,-2.925537,-0.0008503199,-0.06826419,1.180872,-0.7794243,0.0437954,0.6249642,-0.1555814,0.9527736,-0.2608006,-0.6068712,-0.300507,-0.735801,moving,13.955128062883858,-2.466449625294142,-0.0412574208596649,-3.3084888323615806,-0.7808890000000002,-0.39449156,-0.77779,0.240951485231813,-0.0417664581900112,0.9696380534705592,14.477742855818736,-1.6379233289345043,14.00872183227659,14.021691646723127,14.614792442434071
202,05/05/2023 12:21:25.497700,400,True,True,True,True,Eyes,2.137302,0.08344524,-2.308602,-0.7637083,-0.3233799,-0.5587262,0.0,0.0,0.0,0.0,0.0,0.0,0.0,2.900315,-0.3365817,-0.3611636,2.012444,0.08993809,-2.144185,-0.0312225,0.9326541,-0.1530413,-0.3252077,17.8049,218.8359,2.486187,0.6763703,0.02561298,-0.736114,0.0,0.0,0.0,1.240711,-0.306425,-2.925719,0.005028844,-0.07069091,1.179978,-0.7865304,0.04130084,0.6161692,-0.15778,0.951207,-0.2651616,-0.597056,-0.3057767,-0.7416369,moving,14.07776384960512,-2.301319082164837,0.2441823428916623,-3.4284161547991503,-0.771733,-0.39636309,-0.7815340000000002,0.2430539937213561,-0.0389506626220481,0.9692303626056824,14.598237050584894,-1.467242162442037,13.868049445015426,13.879420921422676,14.487411431299526
203,05/05/2023 12:21:25.517580,401,True,True,True,True,Eyes,2.131888,0.08350509,-2.302289,-0.7577665,-0.3260196,-0.5652443,0.0,0.0,0.0,0.0,0.0,0.0,0.0,2.887249,-0.3478971,-0.3959248,2.005369,0.08966888,-2.141132,-0.03028676,0.9345348,-0.1535263,-0.3196202,17.8371,218.1549,2.50057,0.6766452,0.02570312,-0.7358574,0.0,0.0,0.0,1.24334,-0.3088005,-2.925903,0.01158535,-0.07082568,1.178957,-0.7938515,0.04153211,0.606692,-0.1547483,0.9510248,-0.2675907,-0.5880928,-0.3063118,-0.7485453,moving,14.19933154322777,-2.4554215710153446,0.5630148461246782,-3.4379042785556733,-0.7620290000000001,-0.39846938,-0.7847710000000001,0.2450843883826626,-0.0415354653577056,0.9686115911331616,14.718430631813415,-1.6248787408364451,13.659442517662038,13.671664322031472,14.27104963435234
204,05/05/2023 12:21:25.537989,402,True,True,True,True,Eyes,2.126412,0.08349559,-2.296106,-0.7517541,-0.3285986,-0.5717418,0.0,0.0,0.0,0.0,0.0,0.0,0.0,2.874222,-0.358816,-0.4268796,1.998306,0.08888841,-2.137989,-0.02871962,0.936309,-0.1530967,-0.3147413,17.74434,217.5604,2.56302,0.6768998,0.02579317,-0.7356195,0.0,0.0,0.0,1.245926,-0.3111379,-2.926085,0.01788211,-0.0705604,1.177849,-0.8002265,0.0425908,0.5981839,-0.1501526,0.9514732,-0.2686131,-0.5805964,-0.3047701,-0.7549989,moving,14.231111057703249,-2.731574428667041,0.8697980164519845,-3.428272466716057,-0.7523799999999998,-0.40002631,-0.7880959999999999,0.2455712720001155,-0.0461975841069409,0.9682770710116696,14.750406715857997,-1.9086622806101976,13.365127979642004,13.379464650819646,13.963542279226376
205,05/05/2023 12:21:25.554228,403,True,True,True,True,Eyes,2.120902,0.08340318,-2.29007,-0.745855,-0.3311998,-0.5779334,0.0,0.0,0.0,0.0,0.0,0.0,0.0,2.860453,-0.3725541,-0.4577785,1.991198,0.08724228,-2.134962,-0.02719839,0.9378957,-0.1541033,-0.3096198,17.81279,216.9574,2.673499,0.6771331,0.02588092,-0.7354013,0.0,0.0,0.0,1.248487,-0.3134519,-2.926264,0.0227536,-0.07203457,1.17653,-0.8067918,0.04440836,0.5891648,-0.1464453,0.9510248,-0.2722232,-0.5723993,-0.3059079,-0.7607756,moving,14.290198521615885,-2.8641362543207998,1.1079383871489532,-3.50363455051113,-0.7427110000000001,-0.40069418,-0.7913020000000004,0.2465436580006486,-0.0484253699787593,0.9679210771662532,14.808962166124877,-2.044581402122458,13.18238114674402,13.197762701442484,13.778493701485898
206,05/05/2023 12:21:25.571946,404,True,True,True,True,Eyes,2.115321,0.08322733,-2.284155,-0.7399063,-0.3338641,-0.584015,0.0,0.0,0.0,0.0,0.0,0.0,0.0,2.847606,-0.3791906,-0.4857609,1.983936,0.08523402,-2.131979,-0.02661127,0.9392871,-0.1545925,-0.3051771,17.8578,216.4181,2.671558,0.6773444,0.02596392,-0.7352036,0.0,0.0,0.0,1.251125,-0.3158363,-2.926449,0.02788907,-0.07757489,1.174863,-0.8123179,0.04436493,0.5815255,-0.1443474,0.950786,-0.2741712,-0.5650699,-0.3066557,-0.7659364,moving,14.295485003333816,-2.987577115599081,1.359840222586134,-3.7776926022625847,-0.7328109999999999,-0.40107032,-0.79447,0.2466074831893976,-0.0505097489833685,0.9677983285613424,14.814463969515456,-2.171495389958475,12.943548486464234,12.959752635600353,13.550157550975111
207,05/05/2023 12:21:25.587956,405,True,True,True,True,Eyes,2.109608,0.08300637,-2.278346,-0.734033,-0.3365885,-0.5898336,0.0,0.0,0.0,0.0,0.0,0.0,0.0,2.834606,-0.3893862,-0.5097024,1.976543,0.08310043,-2.129033,-0.02624112,0.9402339,-0.1569806,-0.3010462,18.1193,215.9427,2.724187,0.6775327,0.02603995,-0.7350273,0.0,0.0,0.0,1.253693,-0.3181567,-2.926629,0.03367722,-0.08430724,1.172694,-0.8173653,0.04517127,0.5743465,-0.1438624,0.949337,-0.2793974,-0.5578691,-0.3109966,-0.7694566,moving,14.258536139273753,-2.9059198598211204,1.644958010082393,-4.112029879994247,-0.72285,-0.40125713,-0.797596,0.2460001518194315,-0.0491382242527239,0.9680233981326668,14.777850701523196,-2.08777390580752,12.656478057701264,12.671111024767187,13.287982641993851
208,05/05/2023 12:21:25.597830,406,True,True,True,True,Eyes,2.103809,0.08272245,-2.272681,-0.7282066,-0.3390897,-0.5955949,0.0,0.0,0.0,0.0,0.0,0.0,0.0,2.822107,-0.3992214,-0.5305927,1.968773,0.0817704,-2.126602,-0.02540726,0.9411303,-0.1582443,-0.2976361,18.23898,215.5489,2.798781,0.6776965,0.02610828,-0.734874,0.0,0.0,0.0,1.256285,-0.3204993,-2.92681,0.03917313,-0.08272368,1.17117,-0.8215346,0.04637533,0.5682697,-0.1420215,0.9486264,-0.2827327,-0.5521876,-0.3129812,-0.7727432,moving,14.144417255485616,-2.9468156571539263,1.9157070101250877,-4.04028362752414,-0.712488,-0.4022696999999999,-0.800208,0.2440629350254287,-0.04985432486003,0.9684770476759806,14.665458964122116,-2.130628368110249,12.2632160279822,12.27750082334394,12.89197262246
209,05/05/2023 12:21:25.617398,407,True,True,True,True,Eyes,2.103809,0.08272245,-2.272681,-0.7282066,-0.3390897,-0.5955949,0.0,0.0,0.0,0.0,0.0,0.0,0.0,2.809902,-0.4044133,-0.5524127,1.960804,0.07996091,-2.124408,-0.02406384,0.9423252,-0.1571047,-0.2945547,18.07512,215.1695,2.845913,0.6778343,0.02616759,-0.734745,0.0,0.0,0.0,1.258984,-0.3229387,-2.926999,0.04283696,-0.07948011,1.170126,-0.8253171,0.04719994,0.5626937,-0.1379038,0.9494781,-0.2819112,-0.5475715,-0.3102637,-0.7771115,moving,14.490467354318085,-3.1751095753355414,2.096595954537089,-3.885812929864644,-0.7018199999999999,-0.40289961,-0.802591,0.2498588099607932,-0.0536309828106042,0.9667958701832592,15.00710186915949,-2.3630005493257618,12.397259598108064,12.41423165292352,13.00000463530004
210,05/05/2023 12:21:25.637698,408,True,True,True,True,Eyes,2.103809,0.08272245,-2.272681,-0.7282066,-0.3390897,-0.5955949,0.0,0.0,0.0,0.0,0.0,0.0,0.0,2.798549,-0.406845,-0.5712121,1.952745,0.07853249,-2.122334,-0.02380457,0.9431881,-0.1569541,-0.2918822,18.05746,214.8384,2.816657,0.6779583,0.02622097,-0.7346288,0.0,0.0,0.0,1.261441,-0.3251588,-2.927171,0.04690862,-0.08701523,1.16761,-0.8284763,0.04671979,0.5580719,-0.1365285,0.9495976,-0.282178,-0.543127,-0.3099706,-0.7803405,moving,14.800532967457707,-3.231982027752523,2.300615241951249,-4.262044931492015,-0.6913039999999999,-0.40369129,-0.804837,0.2550748885649517,-0.0545138785189006,0.9653833436040132,15.312870589888403,-2.419327901620997,12.5250790807261,12.54228738030232,13.142084891374571
211,05/05/2023 12:21:25.654586,409,True,True,True,True,Eyes,2.103809,0.08272245,-2.272681,-0.7282066,-0.3390897,-0.5955949,0.0,0.0,0.0,0.0,0.0,0.0,0.0,2.787035,-0.4099329,-0.5903707,1.944347,0.07754945,-2.120766,-0.02317992,0.9441266,-0.156202,-0.28929,17.96045,214.5151,2.808232,0.6780699,0.02626902,-0.7345243,0.0,0.0,0.0,1.264039,-0.3275064,-2.927353,0.05061352,-0.08162193,1.166467,-0.8315481,0.04660581,0.5534942,-0.1341449,0.9501272,-0.2815376,-0.5390112,-0.3083604,-0.7838246,moving,15.099589316014436,-3.37297664716321,2.484530809287415,-4.002669402538736,-0.6803080000000001,-0.40505585,-0.8065869999999999,0.2600768685187625,-0.0568108955862897,0.9639151967055078,15.607985589759329,-2.5622461745566056,12.611442806537491,12.63076458866676,13.202268155540606
212,05/05/2023 12:21:25.668109,410,True,True,True,True,Eyes,2.103809,0.08272245,-2.272681,-0.7282066,-0.3390897,-0.5955949,0.0,0.0,0.0,0.0,0.0,0.0,0.0,2.775599,-0.4113277,-0.6095629,1.935873,0.07624279,-2.119265,-0.02242103,0.9451302,-0.1547679,-0.2868329,17.78306,214.2016,2.793237,0.6781703,0.02631226,-0.7344302,0.0,0.0,0.0,1.266559,-0.3297834,-2.92753,0.05410039,-0.07969551,1.164529,-0.8344483,0.04640345,0.5491291,-0.1311666,0.9510884,-0.2796894,-0.5352488,-0.3054137,-0.7875475,moving,15.387276044052706,-3.5915544124246828,2.659870999553487,-3.914980018323185,-0.669314,-0.40602619,-0.808265,0.2648574566902528,-0.0604062572223351,0.962393668703,15.892076254349174,-2.7850329254648574,12.708807846256038,12.731513786242978,13.280362808963526
213,05/05/2023 12:21:25.687813,411,True,True,True,True,Eyes,2.103809,0.08272245,-2.272681,-0.7282066,-0.3390897,-0.5955949,0.0,0.0,0.0,0.0,0.0,0.0,0.0,2.763136,-0.4199719,-0.6280215,1.92725,0.07479095,-2.117976,-0.02106012,0.9459515,-0.1548816,-0.2841546,17.75755,213.8926,2.899668,0.6782607,0.02635117,-0.7343455,0.0,0.0,0.0,1.269295,-0.3322558,-2.927722,0.05762029,-0.08819956,1.161699,-0.8376252,0.04817695,0.5441166,-0.1278644,0.9511364,-0.2810524,-0.5310693,-0.3049897,-0.7905357,moving,15.668711480822695,-3.692361454105335,2.839544576637852,-4.341732340163286,-0.6579549999999998,-0.40704675,-0.8097460000000001,0.2695548424514755,-0.0620155301799219,0.9609860679339338,16.169727454006445,-2.886743782458581,12.82232801556864,12.845590916851252,13.409353722202365
214,05/05/2023 12:21:25.697552,412,True,True,True,True,Eyes,2.103809,0.08272245,-2.272681,-0.7282066,-0.3390897,-0.5955949,0.0,0.0,0.0,0.0,0.0,0.0,0.0,2.750603,-0.4307281,-0.6440341,1.918283,0.07377359,-2.116807,-0.01948202,0.9466099,-0.1553353,-0.2818178,17.76205,213.6346,3.049859,0.6783421,0.0263862,-0.7342693,0.0,0.0,0.0,1.271771,-0.3344937,-2.927895,0.06244045,-0.08495791,1.159739,-0.8403986,0.05066876,0.5395955,-0.1244363,0.9509827,-0.2831031,-0.5274905,-0.3050646,-0.7928996,moving,15.900671133100133,-3.7695538546272296,3.0818342908132546,-4.189779021500516,-0.646512,-0.40826729,-0.8110879999999998,0.2734221120227146,-0.0632384537317581,0.959813111216092,16.398554244721097,-2.964513545236016,12.80107290350873,12.825722871637492,13.372969222208392
215,05/05/2023 12:21:25.722418,413,True,True,True,True,Eyes,2.103809,0.08272245,-2.272681,-0.7282066,-0.3390897,-0.5955949,0.0,0.0,0.0,0.0,0.0,0.0,0.0,2.736874,-0.4484028,-0.6596127,1.909068,0.0729495,-2.115837,-0.01661143,0.9472758,-0.1559508,-0.279414,17.74251,213.3918,3.351366,0.6784154,0.02641772,-0.7342007,0.0,0.0,0.0,1.274271,-0.3367528,-2.92807,0.06697989,-0.08508898,1.157194,-0.843304,0.05567847,0.5345453,-0.1186209,0.9508068,-0.2861739,-0.524183,-0.3047398,-0.7952146,moving,16.107731970691738,-3.913613461139339,3.3126579450952582,-4.205415402174555,-0.6347970000000001,-0.4097023,-0.812233,0.2768469663888884,-0.0655846274844837,0.958673237174508,16.602995590774086,-3.1112254886033464,12.771578261580729,12.798400981891668,13.335303757436828
216,05/05/2023 12:21:25.737712,414,True,True,True,True,Eyes,2.103809,0.08272245,-2.272681,-0.7282066,-0.3390897,-0.5955949,0.0,0.0,0.0,0.0,0.0,0.0,0.0,2.723855,-0.4620292,-0.6745255,1.899542,0.07205927,-2.115274,-0.01321087,0.9481087,-0.1544244,-0.2776121,17.46704,213.2013,3.6478,0.6784813,0.02644609,-0.7341389,0.0,0.0,0.0,1.276868,-0.3391001,-2.928252,0.07183957,-0.09021075,1.153748,-0.8455143,0.06068943,0.530493,-0.1107908,0.9519571,-0.2854872,-0.5223327,-0.3001572,-0.7981696,moving,16.254171359543083,-4.305254693492579,3.5629938302229687,-4.470820886275844,-0.6226740000000002,-0.41115937,-0.8129780000000002,0.2791707341426488,-0.0720854993605359,0.9575319022444406,16.74826516363503,-3.512981687362417,12.65958423096734,12.692257452672182,13.220016492677798
217,05/05/2023 12:21:25.754375,415,True,True,True,True,Eyes,2.094509,0.08209866,-2.266509,-0.7209421,-0.34206,-0.6026918,0.0,0.0,0.0,0.0,0.0,0.0,0.0,2.710814,-0.4738823,-0.6902578,1.890074,0.07078389,-2.114744,-0.01063801,0.9488392,-0.1538038,-0.2755635,17.3215,212.9799,3.878775,0.6785406,0.02647162,-0.7340834,0.0,0.0,0.0,1.279504,-0.3414823,-2.928437,0.07542968,-0.08677331,1.151155,-0.8479032,0.06457789,0.5262032,-0.1049529,0.9524625,-0.2860073,-0.5196586,-0.297733,-0.8008183,moving,15.836157526632247,-4.635018261133749,3.74895900409568,-4.310766014313667,-0.6105700000000001,-0.41226619,-0.8136930000000002,0.2720611376427871,-0.0777600379085257,0.9591329807845352,16.33700186524927,-3.8550369749025353,12.052790273260673,12.091546949947228,12.596289613676024
218,05/05/2023 12:21:25.767667,416,True,True,True,True,Eyes,2.085193,0.08148052,-2.260586,-0.7137946,-0.3448379,-0.6095769,0.0,0.0,0.0,0.0,0.0,0.0,0.0,2.698753,-0.4817186,-0.7050133,1.880465,0.07026267,-2.114539,-0.009403874,0.9493921,-0.1538171,-0.2736906,17.29029,212.7684,3.984143,0.6785316,0.02648379,-0.7340915,0.0,0.0,0.0,1.2821,-0.343828,-2.928618,0.07840231,-0.08961754,1.147604,-0.8500102,0.06634067,0.5225725,-0.1020525,0.9525037,-0.286918,-0.5167865,-0.2972129,-0.8028676,moving,15.436861058032502,-4.802215515788117,3.908275113977393,-4.465222620928587,-0.598365,-0.41409067,-0.814079,0.2653077953719421,-0.0807162922217059,0.960779141719906,15.943805397313517,-4.029772915142805,11.493579654907215,11.533510223719873,12.043405068641087
219,05/05/2023 12:21:25.787858,417,True,True,True,True,Eyes,2.075847,0.08083907,-2.254899,-0.7066627,-0.3475415,-0.6163139,0.0,0.0,0.0,0.0,0.0,0.0,0.0,2.685063,-0.4944195,-0.7225165,1.870766,0.06975117,-2.11457,-0.007151345,0.9501219,-0.1537024,-0.2712803,17.21463,212.505,4.190751,0.6784563,0.02648388,-0.7341612,0.0,0.0,0.0,1.284663,-0.3461441,-2.928798,0.0794985,-0.09434488,1.143983,-0.8527119,0.06980356,0.5176971,-0.09698215,0.9526489,-0.2881919,-0.5133004,-0.295952,-0.8055654,moving,15.08171122435819,-5.045193679180394,3.975249125416916,-4.714543923420933,-0.5861029999999998,-0.41589527,-0.814228,0.2592561155323788,-0.0849346544966155,0.962066764913617,15.594303264013456,-4.282136707169526,11.068873652030009,11.111382884960934,11.6270974484737
220,05/05/2023 12:21:25.797969,418,True,True,True,True,Eyes,2.066487,0.08022486,-2.249432,-0.699592,-0.3503306,-0.6227676,0.0,0.0,0.0,0.0,0.0,0.0,0.0,2.671804,-0.5015938,-0.741513,1.861083,0.06856336,-2.114626,-0.005357065,0.9509829,-0.1526842,-0.2688692,17.05448,212.2213,4.314038,0.6783165,0.02647214,-0.7342908,0.0,0.0,0.0,1.287318,-0.348544,-2.928984,0.08072206,-0.0952125,1.140283,-0.8553616,0.07191521,0.5130157,-0.09229311,0.9533176,-0.2875195,-0.509744,-0.2932809,-0.8087941,moving,14.759498782194422,-5.35967680057517,4.049284724586445,-4.773068588295995,-0.5737650000000001,-0.41710736,-0.8143579999999999,0.2537202793371553,-0.0903511207696433,0.9630486354275496,15.27743632883825,-4.607808983059263,10.678128951633532,10.726266561786394,11.229367710836858
221,05/05/2023 12:21:25.817402,419,True,True,True,True,Eyes,2.057072,0.0796838,-2.244199,-0.6924866,-0.3532365,-0.6290359,0.0,0.0,0.0,0.0,0.0,0.0,0.0,2.657527,-0.5179673,-0.7565048,1.851364,0.06863388,-2.114422,-0.004421869,0.9512283,-0.155823,-0.2662038,17.38558,211.9542,4.480378,0.6781141,0.02645042,-0.7344782,0.0,0.0,0.0,1.289781,-0.3507698,-2.929157,0.08095205,-0.0957839,1.136536,-0.858232,0.07454893,0.5078193,-0.09137376,0.9513993,-0.2940922,-0.5050631,-0.2988007,-0.8097095,moving,14.448389228757057,-5.200636154617109,4.074126065190727,-4.817335495195799,-0.5615829999999999,-0.41940368,-0.8147350000000002,0.2485442487699222,-0.0877992837347336,0.9646330503251912,14.970397844623268,-4.446415605122327,10.338508380505637,10.38134170434834,10.902583191891273
222,05/05/2023 12:21:25.837450,420,True,True,True,True,Eyes,2.047616,0.07916698,-2.239193,-0.6855593,-0.3557474,-0.6351789,0.0,0.0,0.0,0.0,0.0,0.0,0.0,2.642334,-0.5341946,-0.7743666,1.840958,0.0698509,-2.11493,-0.001761638,0.9519593,-0.1557245,-0.2636673,17.30245,211.683,4.732172,0.6778501,0.02642193,-0.7347223,0.0,0.0,0.0,1.292272,-0.3530208,-2.929331,0.07995039,-0.09198399,1.13316,-0.860953,0.0787649,0.5025498,-0.08547292,0.9514936,-0.2955577,-0.5014525,-0.2974157,-0.812459,moving,14.125320846170649,-5.451924036047272,4.035830215095196,-4.6407956853802,-0.548686,-0.4228717,-0.8144009999999997,0.2430049498655904,-0.0921625629734159,0.965636918181701,14.652538292165117,-4.707101678392908,10.073133945782828,10.12204279756884,10.61691513003806
223,05/05/2023 12:21:25.857437,421,True,True,True,True,Eyes,2.038203,0.07868092,-2.234401,-0.6785528,-0.3587497,-0.6409873,0.0,0.0,0.0,0.0,0.0,0.0,0.0,2.630093,-0.5357459,-0.791265,1.830554,0.06991025,-2.115346,7.073562e-05,0.9528893,-0.1526087,-0.2621313,16.90593,211.4767,4.804823,0.6775253,0.02638795,-0.735022,0.0,0.0,0.0,1.295051,-0.355532,-2.929526,0.07692856,-0.09214088,1.129342,-0.8625746,0.08014184,0.4995426,-0.07987223,0.9534212,-0.2908755,-0.4995857,-0.2908013,-0.8159958,moving,13.743483236554544,-5.989782770908717,3.896856236743023,-4.664323161483275,-0.5355030000000001,-0.42544225,-0.8141799999999999,0.2363510118792879,-0.1013946097216267,0.966362923907088,14.277424590823085,-5.262916961368548,9.874329227645362,9.935436902805808,10.397812937872535
224,05/05/2023 12:21:25.867641,422,True,True,True,True,Eyes,2.028755,0.07828235,-2.229821,-0.6717528,-0.3615389,-0.6465584,0.0,0.0,0.0,0.0,0.0,0.0,0.0,2.620999,-0.5416307,-0.7940433,1.820793,0.07050313,-2.115005,-0.001086327,0.952454,-0.155911,-0.2617674,17.31139,211.463,4.780011,0.6771438,0.0263499,-0.7353752,0.0,0.0,0.0,1.297582,-0.3578191,-2.929703,0.073571,-0.09717998,1.124793,-0.8629536,0.07955547,0.4989815,-0.08369417,0.9513812,-0.2964273,-0.4983041,-0.2975648,-0.8143395,moving,13.259952619725812,-5.66364823059549,3.742299046521319,-4.937984202586306,-0.5232110000000001,-0.42832223,-0.8146979999999999,0.2283082709098233,-0.0960819369174172,0.9688361884054364,13.800035248921388,-4.930880820569126,9.496143365720044,9.545277252184912,10.0577387108189
225,05/05/2023 12:21:25.887681,423,True,True,True,True,Eyes,2.028755,0.07828235,-2.229821,-0.6717528,-0.3615389,-0.6465584,0.0,0.0,0.0,0.0,0.0,0.0,0.0,2.610592,-0.5470935,-0.8023684,1.810493,0.07212448,-2.11547,-0.000100268,0.9527145,-0.1552358,-0.2612223,17.20811,211.4015,4.858925,0.6767056,0.02631089,-0.7357802,0.0,0.0,0.0,1.300183,-0.3601691,-2.929885,0.06946492,-0.09962347,1.120574,-0.8635258,0.08091107,0.4977717,-0.08129317,0.9518037,-0.2957384,-0.4977094,-0.2958432,-0.8153295,moving,13.302915386407076,-5.795374259562373,3.547253695327942,-5.080464799831349,-0.5103099999999998,-0.43229358,-0.8144149999999999,0.2289849989181855,-0.0982930373632391,0.9684546010051052,13.842694457837323,-5.066052825588901,9.729643647877468,9.781821433986716,10.295450849736564
226,05/05/2023 12:21:25.898029,424,True,True,True,True,Eyes,2.028755,0.07828235,-2.229821,-0.6717528,-0.3615389,-0.6465584,0.0,0.0,0.0,0.0,0.0,0.0,0.0,2.600541,-0.5474337,-0.8122725,1.80064,0.07283264,-2.115342,4.427203e-05,0.9530661,-0.1544367,-0.2604119,17.11879,211.2923,4.832973,0.6763102,0.02627569,-0.7361453,0.0,0.0,0.0,1.302626,-0.3623774,-2.930056,0.06518108,-0.1040574,1.115892,-0.8643714,0.08051869,0.4963657,-0.0803499,0.9522986,-0.2943999,-0.4963931,-0.2943538,-0.81667,moving,13.400993582889823,-5.896980631204475,3.342941858406369,-5.327449405328996,-0.4980139999999999,-0.43521004,-0.8147139999999999,0.2306037075866583,-0.0999710390165267,0.9678985931061443,13.939610513907642,-5.169864384768818,10.019899291696424,10.074163504213727,10.597840328726797
227,05/05/2023 12:21:25.917355,425,True,True,True,True,Eyes,2.018611,0.07794844,-2.225464,-0.664542,-0.3648904,-0.6521034,0.0,0.0,0.0,0.0,0.0,0.0,0.0,2.592026,-0.5440682,-0.8204532,1.791,0.07325386,-2.115349,-0.002436023,0.9529793,-0.1564661,-0.2595055,17.4265,211.1715,4.602814,0.6759548,0.02624406,-0.7364731,0.0,0.0,0.0,1.30527,-0.3647667,-2.930242,0.06041068,-0.1099035,1.110902,-0.8653021,0.07656466,0.4953691,-0.08585058,0.9510249,-0.2969535,-0.4938444,-0.2994821,-0.8163506,moving,13.009156528903365,-5.672205827696846,3.1126698697019517,-5.649987611318996,-0.48573,-0.43802056,-0.8148929999999996,0.22406001570253,-0.0963241354011621,0.9698034276956956,13.55284325103118,-4.941430678657266,9.850057235781753,9.896511599795684,10.464190038366008
228,05/05/2023 12:21:25.938238,426,True,True,True,True,Eyes,2.008501,0.07761093,-2.221287,-0.6574532,-0.3680785,-0.657475,0.0,0.0,0.0,0.0,0.0,0.0,0.0,2.583209,-0.5376889,-0.8318691,1.781552,0.0735822,-2.115359,-0.004916112,0.9531621,-0.1573772,-0.2582443,17.6109,210.9895,4.326954,0.6755227,0.02621318,-0.7368708,0.0,0.0,0.0,1.307794,-0.3670478,-2.930418,0.05552197,-0.1127036,1.105995,-0.8665714,0.07191181,0.4938447,-0.09065523,0.9504165,-0.2974729,-0.49075,-0.3025511,-0.8170846,moving,12.682951689079362,-5.565891878924683,2.873888451071475,-5.818495800077344,-0.4737580000000001,-0.4406299999999999,-0.8150589999999998,0.21857033671797,-0.0946453056521416,0.9712204394484788,13.231049436376004,-4.83436852774587,9.769168684094309,9.812315238934156,10.4038113287228
229,05/05/2023 12:21:25.954452,427,True,True,True,True,Eyes,1.998523,0.07726945,-2.217316,-0.6500546,-0.3716235,-0.6628159,0.0,0.0,0.0,0.0,0.0,0.0,0.0,2.574634,-0.5281221,-0.8449354,1.772242,0.07316781,-2.115507,-0.006849551,0.9535953,-0.1566038,-0.257069,17.58948,210.8022,4.057691,0.6750185,0.02618269,-0.7373339,0.0,0.0,0.0,1.310393,-0.3693961,-2.9306,0.04929569,-0.1154158,1.101108,-0.8677375,0.06745254,0.4924248,-0.09357934,0.9508567,-0.2951517,-0.4881342,-0.3021949,-0.8187819,moving,12.335040658575313,-5.6911052928831305,2.5633727721648287,-5.983771515098271,-0.4618490000000002,-0.44256391,-0.8150930000000001,0.212622614127899,-0.0968977963638027,0.9723180380140428,12.888405170394758,-4.965568496565711,9.730982256267511,9.776049652079903,10.37511597098782
230,05/05/2023 12:21:25.968057,428,True,True,True,True,Eyes,1.988577,0.0769703,-2.213522,-0.6427357,-0.3749498,-0.6680595,0.0,0.0,0.0,0.0,0.0,0.0,0.0,2.563113,-0.5310362,-0.8589396,1.76329,0.07295909,-2.115375,-0.007693108,0.9539093,-0.1581028,-0.2549536,17.79151,210.5494,3.971069,0.6744465,0.02615215,-0.7378584,0.0,0.0,0.0,1.313014,-0.3717648,-2.930784,0.0422678,-0.1189163,1.096022,-0.8698788,0.06594072,0.4888379,-0.09529482,0.9498886,-0.2977087,-0.4839727,-0.3055542,-0.8200042,moving,12.050266819675263,-5.633628512016243,2.208502235967017,-6.192260691555887,-0.4502760000000001,-0.44472389,-0.8154090000000003,0.2078050414318118,-0.0960240514686286,0.9734456710108956,12.607565375181212,-4.908443259534073,9.813752925376662,9.857606201971713,10.478010372781966
231,05/05/2023 12:21:25.987946,429,True,True,True,True,Eyes,1.978709,0.07670988,-2.209914,-0.6349989,-0.3783405,-0.6735242,0.0,0.0,0.0,0.0,0.0,0.0,0.0,2.548631,-0.5377165,-0.8799472,1.754097,0.07366209,-2.115817,-0.006590115,0.954849,-0.1573746,-0.2518993,17.68948,210.182,4.014577,0.6738122,0.02612291,-0.738439,0.0,0.0,0.0,1.315516,-0.3740259,-2.930959,0.03401446,-0.1270815,1.090007,-0.8730068,0.06669999,0.4831258,-0.09187026,0.9503796,-0.297218,-0.4789774,-0.3038581,-0.8235601,moving,11.816277162425088,-5.924089093650368,1.787376377793639,-6.649966017974132,-0.4385810000000001,-0.44768799,-0.8151420000000003,0.203726040335844,-0.1010461917004816,0.9737994416505934,12.37760389804151,-5.208794701785616,10.005504138113045,10.05513541715113,10.687838588471475
232,05/05/2023 12:21:25.997458,430,True,True,True,True,Eyes,1.96888,0.07642929,-2.206463,-0.6272838,-0.3813941,-0.6790093,0.0,0.0,0.0,0.0,0.0,0.0,0.0,2.532767,-0.5410479,-0.9060369,1.745001,0.07439982,-2.116123,-0.005296811,0.9561987,-0.1551429,-0.2481669,17.417,209.7144,4.018951,0.673117,0.02609589,-0.7390738,0.0,0.0,0.0,1.318093,-0.3763547,-2.93114,0.02651921,-0.1323565,1.084147,-0.8767702,0.06687307,0.4762372,-0.08713228,0.9518052,-0.2940659,-0.4729502,-0.2993239,-0.8286877,moving,11.671939277243158,-6.370060829575334,1.40122683824914,-6.960427466141894,-0.426908,-0.45075452,-0.8150170000000001,0.2011093265858111,-0.108682805568404,0.9735210019705384,12.236379485025497,-5.668454008720646,10.227720636298145,10.287665759057171,10.911907637696794
233,05/05/2023 12:21:26.017385,431,True,True,True,True,Eyes,1.959272,0.07613922,-2.203221,-0.618306,-0.3855838,-0.6848524,0.0,0.0,0.0,0.0,0.0,0.0,0.0,2.516847,-0.5370221,-0.9355817,1.736039,0.07359102,-2.116359,-0.004945341,0.9577174,-0.1523188,-0.2440327,17.1078,209.1759,3.891783,0.6723657,0.02607008,-0.7397583,0.0,0.0,0.0,1.320675,-0.3786877,-2.931321,0.01921612,-0.1361498,1.078493,-0.8808473,0.06486908,0.4689353,-0.08381404,0.953549,-0.2893431,-0.4659223,-0.2941704,-0.8344941,moving,11.528668570142845,-6.896826069014643,1.0207633119901671,-7.195003497251586,-0.415364,-0.45227872,-0.814962,0.1984692133363499,-0.1176930700404738,0.9730150558271432,12.096397375522727,-6.211196708395214,10.43892721808968,10.512135020680748,11.119242137262892
234,05/05/2023 12:21:26.037946,432,True,True,True,True,Eyes,1.949698,0.07591627,-2.200123,-0.6093295,-0.3896411,-0.6905776,0.0,0.0,0.0,0.0,0.0,0.0,0.0,2.500828,-0.543638,-0.9580495,1.72738,0.07367982,-2.116192,-0.005477147,0.9584475,-0.1540506,-0.2400357,17.3332,208.7014,3.811541,0.6715633,0.02604477,-0.7404878,0.0,0.0,0.0,1.323313,-0.3810721,-2.931505,0.01242584,-0.140949,1.072525,-0.8847059,0.06345616,0.4618107,-0.08445439,0.9524769,-0.2926693,-0.4584357,-0.2979281,-0.8373028,moving,11.34993060658204,-6.884260726031839,0.6637759842267519,-7.486788033014304,-0.4040669999999999,-0.45475192,-0.8153130000000002,0.195436145665838,-0.1175527162882337,0.9736457876773048,11.920184006741389,-6.199520505893318,10.628942040288967,10.70312756947916,11.32977401609194
235,05/05/2023 12:21:26.054269,433,True,True,True,True,Eyes,1.940174,0.07570152,-2.197155,-0.6002039,-0.3934403,-0.6963907,0.0,0.0,0.0,0.0,0.0,0.0,0.0,2.48035,-0.5600125,-0.9865258,1.718538,0.07508837,-2.116595,-0.003616335,0.9596125,-0.1548518,-0.2348435,17.39119,208.108,3.953277,0.6707122,0.02602204,-0.7412598,0.0,0.0,0.0,1.325932,-0.3834384,-2.931689,0.006076008,-0.1465891,1.066189,-0.8896708,0.06579133,0.4518376,-0.07967246,0.9520157,-0.295497,-0.4495976,-0.298894,-0.8417388,moving,11.237383977110545,-7.081960074114639,0.326514197850637,-7.828449542035498,-0.3926059999999998,-0.45852677,-0.8150940000000002,0.1934434624463608,-0.1209602745861013,0.9736263334024036,11.809711535702554,-6.4036262015388665,10.855699166744415,10.936376267561569,11.571255016275172
236,05/05/2023 12:21:26.067948,434,True,True,True,True,Eyes,1.930699,0.07552117,-2.194281,-0.5909482,-0.3974854,-0.7019868,0.0,0.0,0.0,0.0,0.0,0.0,0.0,2.459817,-0.5606474,-1.021958,1.709856,0.07509289,-2.116644,-0.002487828,0.9614224,-0.152041,-0.2292258,17.06712,207.4051,3.893977,0.6698146,0.02600179,-0.7420717,0.0,0.0,0.0,1.328458,-0.3857214,-2.931866,-0.0002107322,-0.1440898,1.061754,-0.8948988,0.06491973,0.441522,-0.07448713,0.9537547,-0.2912107,-0.440009,-0.2934918,-0.8486781,moving,11.230768496794347,-7.652557451564773,-0.0113718107103566,-7.728351620831643,-0.3813980000000001,-0.4608142899999999,-0.8152219999999999,0.1930914682085297,-0.1306594944352922,0.9724421150328836,11.804535103976509,-6.990494422045284,11.144777646117005,11.242395805597525,11.838922647874076
237,05/05/2023 12:21:26.087727,435,True,True,True,True,Eyes,1.921314,0.07541486,-2.191554,-0.5815458,-0.4016538,-0.7074453,0.0,0.0,0.0,0.0,0.0,0.0,0.0,2.43821,-0.5771188,-1.049031,1.701388,0.07580961,-2.116111,-0.003644697,0.9620175,-0.1571354,-0.2231986,17.69566,206.716,3.799648,0.6688735,0.02598485,-0.7429209,0.0,0.0,0.0,1.330965,-0.3879869,-2.932041,-0.007620484,-0.1505355,1.055775,-0.9003385,0.06313227,0.4305874,-0.07715733,0.9505904,-0.300707,-0.4282966,-0.303961,-0.850982,moving,11.251997947267446,-7.273133857178962,-0.4135483307436486,-8.114705125329728,-0.3704229999999999,-0.46379651,-0.8159299999999998,0.1936136306967384,-0.1242039684038671,0.9731840942418492,11.824567136449916,-6.600134024569961,11.603338587113846,11.695863036296013,12.331479870948945
238,05/05/2023 12:21:26.097764,436,True,True,True,True,Eyes,1.911961,0.07535386,-2.188922,-0.5720726,-0.4056043,-0.7128943,0.0,0.0,0.0,0.0,0.0,0.0,0.0,2.414543,-0.5902964,-1.081801,1.692322,0.07765522,-2.116311,-0.003080038,0.9632614,-0.1583612,-0.2168873,17.84376,205.9718,3.780299,0.6678921,0.02597327,-0.7438038,0.0,0.0,0.0,1.333579,-0.3903495,-2.932225,-0.01627326,-0.1615171,1.048695,-0.9059011,0.06275925,0.4188136,-0.07462678,0.9498245,-0.3037502,-0.4168626,-0.3064224,-0.8557636,moving,11.290087284762317,-7.380911641942698,-0.8890232993904893,-8.755737375962811,-0.358743,-0.46800472,-0.8159139999999998,0.1942157382890476,-0.1260190954966164,0.9728307280266156,11.862366128689308,-6.710710811477005,12.154652858244354,12.256462802127976,12.914335677687715
239,05/05/2023 12:21:26.117363,437,True,True,True,True,Eyes,1.902539,0.07532743,-2.186341,-0.5622761,-0.4098272,-0.718253,0.0,0.0,0.0,0.0,0.0,0.0,0.0,2.391802,-0.5936835,-1.11579,1.683599,0.07865555,-2.116003,-0.002939224,0.9647602,-0.1574535,-0.2108025,17.7611,205.2224,3.655107,0.6668717,0.02596801,-0.744719,0.0,0.0,0.0,1.336228,-0.3927435,-2.93241,-0.02656683,-0.1578675,1.044952,-0.9111077,0.06071185,0.4076732,-0.07205443,0.9503995,-0.3025705,-0.405822,-0.3050488,-0.8615417,moving,11.321197918022916,-7.714038914822242,-1.4563725375615904,-8.591067502355736,-0.3473710000000001,-0.47139905,-0.8164069999999999,0.1945999857593374,-0.1316629076812703,0.972006091947694,11.89381714012329,-7.053093475810355,12.691387802057507,12.807633891190717,13.438486839540086
240,05/05/2023 12:21:26.137678,438,True,True,True,True,Eyes,1.893145,0.07533684,-2.183851,-0.5523756,-0.4139377,-0.7235584,0.0,0.0,0.0,0.0,0.0,0.0,0.0,2.367817,-0.6046259,-1.146665,1.674749,0.07937884,-2.11563,-0.003876368,0.9656799,-0.1602832,-0.2043442,18.12848,204.4544,3.500063,0.6658133,0.02596965,-0.7456654,0.0,0.0,0.0,1.338685,-0.3949639,-2.932582,-0.03711003,-0.1645702,1.039223,-0.9164568,0.05801919,0.3959047,-0.07299252,0.9485886,-0.3079802,-0.3934194,-0.3111487,-0.8651055,moving,11.385778283632732,-7.588082935475666,-2.045128925851641,-8.998571853481316,-0.3360640000000001,-0.47434274,-0.8169520000000001,0.195751789324637,-0.1294955082128069,0.9720659090288682,11.957177845803004,-6.923105636346133,13.382334546265303,13.504767582509372,14.155287172855058
241,05/05/2023 12:21:26.154522,439,True,True,True,True,Eyes,1.88374,0.0753483,-2.18142,-0.5422835,-0.4181837,-0.7287325,0.0,0.0,0.0,0.0,0.0,0.0,0.0,2.34367,-0.609405,-1.179921,1.665889,0.08024405,-2.11536,-0.004494793,0.9669343,-0.1607408,-0.1979406,18.21786,203.6701,3.315908,0.6647186,0.02597869,-0.7466411,0.0,0.0,0.0,1.341432,-0.3974461,-2.932775,-0.04668537,-0.1702965,1.033948,-0.9215989,0.05494191,0.384236,-0.07232659,0.9482844,-0.3090721,-0.381346,-0.312631,-0.8699641,moving,11.45081090593746,-7.743546096217202,-2.585293540051183,-9.352935137225824,-0.324457,-0.47769015,-0.817415,0.196786657800955,-0.1321046726417143,0.9715057512191808,12.021647459861638,-7.082535824696015,13.991939273299636,14.128069970948644,14.782335350453597
242,05/05/2023 12:21:26.172612,440,True,True,True,True,Eyes,1.87437,0.07535534,-2.179065,-0.5320804,-0.4224327,-0.7337855,0.0,0.0,0.0,0.0,0.0,0.0,0.0,2.319736,-0.6125337,-1.211645,1.657046,0.08028546,-2.114759,-0.005608434,0.9680448,-0.161599,-0.1916867,18.36204,202.8999,3.086031,0.6635892,0.02599445,-0.7476445,0.0,0.0,0.0,1.343862,-0.3996423,-2.932945,-0.05430946,-0.1685612,1.029885,-0.9264499,0.05109434,0.3729353,-0.07281121,0.9477086,-0.3107201,-0.36931,-0.3150203,-0.8742842,moving,11.50747026231542,-7.833228600764031,-3.0186120612064697,-9.295181328379044,-0.3131840000000001,-0.47992776,-0.8181860000000003,0.1977072963383534,-0.1335999218753243,0.9711143001486412,12.077708463206145,-7.174373301058848,14.45528927730274,14.599464834284715,15.244563623290349
243,05/05/2023 12:21:26.187809,441,True,True,True,True,Eyes,1.865017,0.0753502,-2.17677,-0.5217227,-0.4267819,-0.7386898,0.0,0.0,0.0,0.0,0.0,0.0,0.0,2.295759,-0.6183915,-1.241308,1.648408,0.08020527,-2.114257,-0.007009695,0.9689055,-0.1636383,-0.1854606,18.64479,202.1401,2.850091,0.6624264,0.02601609,-0.7486743,0.0,0.0,0.0,1.346507,-0.4020327,-2.93313,-0.06105727,-0.1693287,1.025583,-0.9311106,0.04711344,0.3616816,-0.07428037,0.9463468,-0.3145001,-0.3570934,-0.3197002,-0.8776539,moving,11.553214327318518,-7.788028585553735,-3.4070373484714533,-9.375231753110018,-0.3019010000000002,-0.48223797,-0.818873,0.1985037551108271,-0.1328119579361082,0.9710598485793852,12.12269233011908,-7.127569044651432,14.895015151358448,15.044212977024666,15.691542038343174
244,05/05/2023 12:21:26.197518,442,True,True,True,True,Eyes,1.855691,0.0753272,-2.174536,-0.5112706,-0.4310719,-0.7434914,0.0,0.0,0.0,0.0,0.0,0.0,0.0,2.270537,-0.6230905,-1.272092,1.639645,0.07992332,-2.113522,-0.007898551,0.9699104,-0.1647288,-0.1790977,18.80653,201.3622,2.644968,0.6612322,0.02604255,-0.7497284,0.0,0.0,0.0,1.349019,-0.4043026,-2.933306,-0.06766468,-0.1730261,1.020478,-0.9357233,0.04368333,0.3500196,-0.07432687,0.945604,-0.3167152,-0.3448151,-0.3223737,-0.8815769,moving,11.60472712069648,-7.868195464149197,-3.7935494961341503,-9.623205871169992,-0.290626,-0.48422592,-0.8197839999999998,0.1993405545346322,-0.1341472651350423,0.9707048603167412,12.173657894029844,-7.209656211625912,15.338389475771784,15.497967102080976,16.14858922010195
245,05/05/2023 12:21:26.217472,443,True,True,True,True,Eyes,1.846388,0.07526787,-2.172354,-0.500722,-0.4354265,-0.7481185,0.0,0.0,0.0,0.0,0.0,0.0,0.0,2.243876,-0.6312215,-1.302467,1.630834,0.07953162,-2.112793,-0.008219222,0.9708499,-0.1661528,-0.1725578,18.99317,200.5766,2.508373,0.6600082,0.0260727,-0.7508052,0.0,0.0,0.0,1.351622,-0.406655,-2.933488,-0.0734503,-0.1727908,1.01664,-0.9403126,0.04138269,0.3377869,-0.07330121,0.9446514,-0.3197823,-0.3323243,-0.3254554,-0.8852341,moving,11.65225043818296,-7.942700722739662,-4.132330754291247,-9.645963853791704,-0.2792119999999998,-0.48618662,-0.8206950000000002,0.2001115488971266,-0.1353877015507255,0.9703739415788664,12.220677651883868,-7.285948593328879,15.709223412867829,15.876212039255826,16.52242584979734
246,05/05/2023 12:21:26.237675,444,True,True,True,True,Eyes,1.837102,0.07517193,-2.170218,-0.4900842,-0.4396724,-0.7526657,0.0,0.0,0.0,0.0,0.0,0.0,0.0,2.214905,-0.6399294,-1.334889,1.62199,0.07862777,-2.111921,-0.008011149,0.9718996,-0.1671884,-0.1655146,19.12515,199.736,2.412616,0.6587555,0.02610487,-0.7519035,0.0,0.0,0.0,1.354267,-0.4090451,-2.933674,-0.07827041,-0.178941,1.011738,-0.9450812,0.03977219,0.3244059,-0.07091632,0.9439677,-0.3223287,-0.3190485,-0.3276326,-0.8893058,moving,11.738836773811984,-8.080210890228246,-4.423723871893493,-10.02989168506816,-0.2677229999999999,-0.48767287,-0.8217529999999997,0.2015136011111897,-0.137675810960555,0.9697616397916782,12.306350669146834,-7.4267649971480765,16.099100486818294,16.279730397886663,16.931381003985692
247,05/05/2023 12:21:26.254231,445,True,True,True,True,Eyes,1.827803,0.07502644,-2.168125,-0.4793475,-0.4439108,-0.7570794,0.0,0.0,0.0,0.0,0.0,0.0,0.0,2.185899,-0.647806,-1.365938,1.612991,0.07761605,-2.110883,-0.007702041,0.9729025,-0.1679691,-0.1587072,19.22507,198.9239,2.326441,0.6574759,0.02613756,-0.7530215,0.0,0.0,0.0,1.356953,-0.4114719,-2.933862,-0.08169958,-0.1881747,1.006611,-0.9495056,0.03832914,0.3114006,-0.06830247,0.9434541,-0.3243903,-0.3062258,-0.3292798,-0.8931969,moving,11.79439297213331,-8.247404514670075,-4.640126994554503,-10.588592383331212,-0.256038,-0.48908795,-0.8229790000000001,0.2023733409271801,-0.1404796361236949,0.9691803468569594,12.361506920065008,-7.598325284217097,16.403374681534412,16.600439969224503,17.262596939359522
248,05/05/2023 12:21:26.267332,446,True,True,True,True,Eyes,1.818519,0.07482802,-2.166067,-0.4685403,-0.4480028,-0.761422,0.0,0.0,0.0,0.0,0.0,0.0,0.0,2.156053,-0.6552817,-1.397396,1.603939,0.07627066,-2.110031,-0.006906475,0.9739611,-0.1681867,-0.1518732,19.25132,198.1134,2.284521,0.6561698,0.02616894,-0.7541589,0.0,0.0,0.0,1.359424,-0.4137056,-2.934035,-0.08330771,-0.1965067,1.001167,-0.953774,0.03763282,0.2981604,-0.06453937,0.9433311,-0.3255167,-0.2935141,-0.3297124,-0.8972958,moving,11.838261368763602,-8.487463863931476,-4.756658198642704,-11.104714054379128,-0.244515,-0.48997626,-0.824004,0.2029959913399781,-0.1445200625744875,0.9684557618339084,12.405314085634949,-7.844904709072711,16.58578468562228,16.800040297811282,17.468819354898066
249,05/05/2023 12:21:26.278447,447,True,True,True,True,Eyes,1.809202,0.07460239,-2.164035,-0.4576453,-0.4520727,-0.7656311,0.0,0.0,0.0,0.0,0.0,0.0,0.0,2.125573,-0.6627563,-1.427993,1.59491,0.07480399,-2.108823,-0.006064414,0.9749644,-0.1684552,-0.1450188,19.28302,197.3026,2.248534,0.6548386,0.02619724,-0.7553142,0.0,0.0,0.0,1.362014,-0.4160456,-2.934216,-0.08560684,-0.1961847,0.9983339,-0.9578656,0.03703315,0.2848194,-0.0606835,0.9431722,-0.3267168,-0.2807331,-0.3302346,-0.9011849,moving,11.878412300050323,-8.722046100710187,-4.901107169532209,-11.11764898720644,-0.232896,-0.49084959,-0.825393,0.2035543043425872,-0.148466341962561,0.9677413489525242,12.445444003367982,-8.085877205708938,16.72505278775981,16.94966627458749,17.609499644485346
250,05/05/2023 12:21:26.297498,448,True,True,True,True,Eyes,1.799887,0.07435764,-2.162042,-0.4466693,-0.4558888,-0.7698388,0.0,0.0,0.0,0.0,0.0,0.0,0.0,2.092776,-0.6757289,-1.45797,1.585658,0.07391308,-2.107657,-0.004389549,0.9758745,-0.1692391,-0.1378698,19.36121,196.4777,2.314367,0.6534824,0.02622181,-0.7564871,0.0,0.0,0.0,1.364508,-0.4182994,-2.934391,-0.08700088,-0.1998502,0.9950126,-0.9619456,0.03809861,0.270573,-0.05523321,0.9426777,-0.3291018,-0.2676014,-0.3315226,-0.9047005,moving,11.911162536703946,-8.91618081655192,-4.997060272520263,-11.356859324423832,-0.2211499999999999,-0.49221248,-0.8267340000000001,0.2040051596527772,-0.1517299198944039,0.9671399928434622,12.478183676495188,-8.285303681025349,16.846787599977468,17.08346891427961,17.74312839236909
251,05/05/2023 12:21:26.317647,449,True,True,True,True,Eyes,1.790555,0.07404531,-2.160069,-0.4355854,-0.4595279,-0.7740152,0.0,0.0,0.0,0.0,0.0,0.0,0.0,2.057342,-0.6835029,-1.492606,1.576258,0.07319044,-2.106598,-0.002194023,0.9771702,-0.1679125,-0.130151,19.19166,195.5778,2.39221,0.6521022,0.02624227,-0.7576765,0.0,0.0,0.0,1.367154,-0.4206905,-2.934576,-0.08663768,-0.2091381,0.9904619,-0.9661119,0.03942009,0.2550962,-0.04799583,0.9436012,-0.3275869,-0.2536226,-0.3287292,-0.9097324,moving,11.999970432438484,-9.35841721721522,-4.999052310906882,-11.922986247754537,-0.2091039999999999,-0.49388094,-0.8279779999999999,0.2052613265699679,-0.1591474933805336,0.9656810677278704,12.566764540883394,-8.739495595430254,16.929768667786735,17.191387045296096,17.851961640225294
252,05/05/2023 12:21:26.337712,450,True,True,True,True,Eyes,1.781211,0.07370187,-2.158105,-0.4243652,-0.4632798,-0.7780013,0.0,0.0,0.0,0.0,0.0,0.0,0.0,2.021371,-0.6866432,-1.527698,1.566674,0.0712382,-2.105169,-0.001190867,0.9783685,-0.1669111,-0.1222061,19.08025,194.6317,2.332636,0.6506982,0.02625663,-0.7588821,0.0,0.0,0.0,1.369732,-0.4230211,-2.934757,-0.08538899,-0.2024213,0.9903253,-0.9701284,0.03846489,0.2395227,-0.04312531,0.9442785,-0.32631,-0.2387276,-0.3268921,-0.9144127,moving,12.146624789559723,-9.728114136665484,-4.928035657805016,-11.55206515340197,-0.1969419999999999,-0.4942592999999999,-0.8295879999999998,0.2075197641069081,-0.1652946266786024,0.96416453614358,12.71219430217313,-9.118682004376032,16.903323160694818,17.171803245560902,17.807275664482592
253,05/05/2023 12:21:26.354474,451,True,True,True,True,Eyes,1.771815,0.07334945,-2.156156,-0.4130076,-0.4669999,-0.7818796,0.0,0.0,0.0,0.0,0.0,0.0,0.0,1.984513,-0.7053622,-1.554844,1.556899,0.07019848,-2.103451,-0.0004292167,0.9787313,-0.1703457,-0.1143119,19.48399,193.7212,2.3165,0.6492715,0.02626433,-0.7601026,0.0,0.0,0.0,1.372362,-0.4253969,-2.934941,-0.08457211,-0.2052745,0.9880797,-0.9738653,0.0381049,0.2239075,-0.03978525,0.9419644,-0.3333471,-0.2236151,-0.3335434,-0.9158304,moving,12.250238515154068,-9.585439667947108,-4.89215961056312,-11.73630533639189,-0.1845369999999999,-0.49559538,-0.8314899999999996,0.2093500421499924,-0.1628282497546335,0.9641884743594324,12.813991178810069,-8.971228092394963,17.009613458228753,17.27680632015902,17.92075411195886
254,05/05/2023 12:21:26.370107,452,True,True,True,True,Eyes,1.762405,0.07296493,-2.154206,-0.4015424,-0.4706134,-0.785676,0.0,0.0,0.0,0.0,0.0,0.0,0.0,1.946836,-0.7159008,-1.585413,1.546898,0.06964108,-2.102016,0.001116415,0.9795657,-0.1706212,-0.1064813,19.51366,192.8105,2.342369,0.647822,0.02626572,-0.7613385,0.0,0.0,0.0,1.374792,-0.4275936,-2.935112,-0.08330786,-0.2110502,0.9854473,-0.977321,0.03852313,0.2082299,-0.03414873,0.9417743,-0.334507,-0.2089918,-0.3340316,-0.9191003,moving,12.3389559646197,-9.8176672706878,-4.832187830045807,-12.08824859928694,-0.1721060000000001,-0.49723468,-0.8330960000000003,0.210705089770279,-0.1666852676643374,0.963233842284358,12.901988040764593,-9.20944032279661,17.039407705329214,17.320615427485908,17.96631656488394
255,05/05/2023 12:21:26.377267,453,True,True,True,True,Eyes,1.75294,0.07255331,-2.152234,-0.3899292,-0.4743934,-0.789244,0.0,0.0,0.0,0.0,0.0,0.0,0.0,1.909082,-0.7243509,-1.614952,1.537012,0.06849243,-2.10006,0.002206961,0.9803138,-0.1710201,-0.09865264,19.56471,191.8924,2.315546,0.64635,0.02626023,-0.7625889,0.0,0.0,0.0,1.377377,-0.4299295,-2.935292,-0.08152938,-0.2089782,0.9845569,-0.9805256,0.03807019,0.1926662,-0.02941613,0.9414945,-0.3357421,-0.1941759,-0.3348713,-0.9220396,moving,12.436432732408177,-10.029360919967784,-4.733759703161172,-11.983527538260738,-0.1596349999999999,-0.49842193,-0.835232,0.2122146855694489,-0.1701861451759882,0.9622897555991108,12.998570663918931,-9.426473641725474,16.99462212278696,17.28103803151111,17.915749073847216
256,05/05/2023 12:21:26.397696,454,True,True,True,True,Eyes,1.74344,0.07214461,-2.150257,-0.3782167,-0.4782187,-0.7926279,0.0,0.0,0.0,0.0,0.0,0.0,0.0,1.86886,-0.7441918,-1.640132,1.526909,0.06747825,-2.097734,0.003180332,0.9804737,-0.1746184,-0.09038718,19.98917,190.9404,2.305421,0.6448559,0.02624758,-0.763853,0.0,0.0,0.0,1.380087,-0.4323782,-2.935482,-0.0798901,-0.2119637,0.9827278,-0.9836403,0.03780298,0.1761338,-0.02533006,0.9389966,-0.3429923,-0.1783552,-0.3418425,-0.9226774,moving,12.557415086812243,-9.880169755962768,-4.647596000867794,-12.171614308773066,-0.146822,-0.49985645,-0.8377479999999999,0.2143424678080992,-0.1676001857864369,0.9622720349595923,13.117472612593923,-9.272196614502974,17.07312313717771,17.356933043190466,18.000119049796563
257,05/05/2023 12:21:26.417617,455,True,True,True,True,Eyes,1.733859,0.07174614,-2.148261,-0.3665505,-0.4820527,-0.7957801,0.0,0.0,0.0,0.0,0.0,0.0,0.0,1.827824,-0.7636824,-1.664823,1.516451,0.06717847,-2.095625,0.004955717,0.9807084,-0.177238,-0.08229943,20.29304,190.0192,2.376578,0.6433402,0.02622855,-0.7651307,0.0,0.0,0.0,1.382574,-0.434626,-2.935657,-0.07816625,-0.2129318,0.9812708,-0.9864047,0.03889339,0.1596668,-0.01945294,0.9371243,-0.3484532,-0.1631802,-0.3468218,-0.9236272,moving,12.641136994969363,-9.866704842366206,-4.5544606656221065,-12.243142614510916,-0.133877,-0.5018044700000001,-0.8400319999999999,0.2157587315404617,-0.1673206052737612,0.9620041720275552,13.199966389523276,-9.257764995848328,17.075476939192754,17.359033250438085,18.003670725229615
258,05/05/2023 12:21:26.437653,456,True,True,True,True,Eyes,1.724222,0.07133663,-2.146252,-0.3548516,-0.485787,-0.7988061,0.0,0.0,0.0,0.0,0.0,0.0,0.0,1.785861,-0.7831196,-1.688297,1.505557,0.06704158,-2.093256,0.007831109,0.9810044,-0.1789477,-0.07447663,20.48307,189.1476,2.570894,0.6418027,0.02620417,-0.7664216,0.0,0.0,0.0,1.385106,-0.4369141,-2.935834,-0.07634985,-0.21143,0.9804071,-0.988784,0.04201955,0.1433211,-0.01129013,0.9358328,-0.3522635,-0.1489265,-0.3499305,-0.924862,moving,12.658142162927838,-9.980275238483324,-4.452959324825056,-12.16976309025107,-0.120451,-0.50395568,-0.842578,0.2159732106057907,-0.1692189036458718,0.9616238286036212,13.216996158674185,-9.374446135385664,16.966030376496402,17.250613066706293,17.889693224507873
259,05/05/2023 12:21:26.454442,457,True,True,True,True,Eyes,1.714558,0.07090604,-2.144211,-0.3432619,-0.4893078,-0.8017164,0.0,0.0,0.0,0.0,0.0,0.0,0.0,1.745714,-0.7955706,-1.711573,1.494467,0.06637604,-2.090954,0.0100482,0.9813895,-0.1796347,-0.06712146,20.56283,188.3121,2.683576,0.6402429,0.02617455,-0.7677261,0.0,0.0,0.0,1.387856,-0.439399,-2.936027,-0.07497326,-0.2118588,0.979338,-0.9907878,0.04383709,0.1281345,-0.004392284,0.9352608,-0.3539321,-0.1353546,-0.3512343,-0.9264524,moving,12.662234810158012,-10.167935660671336,-4.377741858246474,-12.206619088044471,-0.106611,-0.50577504,-0.8450730000000002,0.2159222030621927,-0.1723695979637526,0.9610756292217556,13.22147250977995,-9.567414067071786,16.870879482723296,17.161498622696538,17.796003751249188
260,05/05/2023 12:21:26.467668,458,True,True,True,True,Eyes,1.704844,0.07050345,-2.142148,-0.3316782,-0.4928636,-0.8044098,0.0,0.0,0.0,0.0,0.0,0.0,0.0,1.709286,-0.8028176,-1.731696,1.483429,0.06548332,-2.088084,0.01065289,0.9816418,-0.1805828,-0.06046414,20.68604,187.5275,2.619236,0.6386614,0.02613942,-0.7690434,0.0,0.0,0.0,1.390295,-0.4416032,-2.936197,-0.0735195,-0.2113489,0.9784483,-0.9924611,0.0427522,0.1148608,-0.0009229267,0.9345527,-0.3558234,-0.1225557,-0.3532469,-0.9274678,moving,12.653592347923336,-10.269011333553427,-4.297065428223646,-12.188860751459522,-0.093134,-0.50708652,-0.8481130000000001,0.2157116065566295,-0.1740730673329562,0.960815878783388,13.213191717114736,-9.671424054890569,16.76674101067776,17.059033408475596,17.69029657233326
261,05/05/2023 12:21:26.487451,459,True,True,True,True,Eyes,1.695059,0.07011832,-2.140057,-0.3200567,-0.4961541,-0.8070903,0.0,0.0,0.0,0.0,0.0,0.0,0.0,1.675467,-0.8156964,-1.746153,1.4724,0.06579106,-2.0855,0.01092592,0.9815164,-0.1831197,-0.05453131,20.99449,186.8312,2.542739,0.6370586,0.02610037,-0.7703731,0.0,0.0,0.0,1.392831,-0.443895,-2.936375,-0.071666,-0.2112485,0.9774997,-0.9938141,0.04141945,0.1030452,0.001476438,0.9326956,-0.3606614,-0.1110482,-0.3582782,-0.9269872,moving,12.568589956733089,-10.151044273077796,-4.193173517383272,-12.19471288742059,-0.079569,-0.5096860599999999,-0.8508749999999998,0.2143595848178525,-0.1721469167464882,0.9614652058016376,13.129126059275888,-9.55069541292207,16.60156562097868,16.885890446389585,17.522924728166235
262,05/05/2023 12:21:26.497726,460,True,True,True,True,Eyes,1.685235,0.0696494,-2.137919,-0.308342,-0.4991902,-0.8097743,0.0,0.0,0.0,0.0,0.0,0.0,0.0,1.635792,-0.823867,-1.767249,1.461334,0.06578879,-2.082766,0.0134455,0.9819546,-0.1825333,-0.04760273,20.92826,186.0471,2.686805,0.6354342,0.02605841,-0.7717149,0.0,0.0,0.0,1.39543,-0.4462437,-2.936557,-0.0706192,-0.2115371,0.9766087,-0.9951065,0.04378391,0.08857892,0.009027575,0.9330016,-0.3597589,-0.09839594,-0.3571988,-0.9288312,moving,12.513920005485296,-10.449996548768718,-4.135895872151477,-12.221679035860934,-0.0659039999999999,-0.5120324900000001,-0.8537910000000002,0.2132476568756351,-0.1772053412383639,0.9607933001193212,13.075941781303635,-9.858529519372391,16.449742268479817,16.743811620842934,17.373308005275657
263,05/05/2023 12:21:26.517343,461,True,True,True,True,Eyes,1.675342,0.06916947,-2.135698,-0.2964541,-0.5026987,-0.81204,0.0,0.0,0.0,0.0,0.0,0.0,0.0,1.600381,-0.8125053,-1.791839,1.450464,0.06328419,-2.079475,0.01220399,0.9826422,-0.1805547,-0.04081362,20.72268,185.1907,2.372778,0.6337893,0.02601078,-0.7730679,0.0,0.0,0.0,1.398061,-0.4486215,-2.936741,-0.06988427,-0.2127518,0.9752951,-0.996371,0.03872248,0.07580339,0.009246116,0.9345021,-0.3558375,-0.08461733,-0.3538451,-0.9314688,moving,12.595245196614853,-10.8319014106661,-4.098494872394904,-12.305780645624925,-0.0524029999999999,-0.51190569,-0.8572660000000001,0.2143570514743027,-0.183559884358837,0.9593522821810108,13.157004709875729,-10.25072657237166,16.447807233051307,16.75867767727826,17.377442650681854
264,05/05/2023 12:21:26.537979,462,True,True,True,True,Eyes,1.665394,0.06877381,-2.133481,-0.2846411,-0.5061111,-0.8141443,0.0,0.0,0.0,0.0,0.0,0.0,0.0,1.565072,-0.843951,-1.794757,1.43938,0.06264678,-2.075359,0.01108429,0.9812161,-0.1894843,-0.03446396,21.78261,184.4367,2.148508,0.6321241,0.02595766,-0.7744319,0.0,0.0,0.0,1.400665,-0.4509745,-2.936924,-0.06926957,-0.2135579,0.9744327,-0.9973789,0.03481293,0.06343257,0.008691424,0.9279457,-0.3726141,-0.07183377,-0.3710861,-0.925816,moving,12.577241335219863,-9.9496447379808,-4.06614930053554,-12.36157284592246,-0.038715,-0.51362128,-0.8615649999999997,0.2146324936554827,-0.1687558736424139,0.9620053484016212,13.137179245306308,-9.343508831510997,16.540766457885717,16.817248557722806,17.466059184923836
265,05/05/2023 12:21:26.554793,463,True,True,True,True,Eyes,1.655375,0.068358,-2.131237,-0.2728066,-0.5088115,-0.8165094,0.0,0.0,0.0,0.0,0.0,0.0,0.0,1.523764,-0.8620448,-1.810194,1.428071,0.06427897,-2.073225,0.0150483,0.9812492,-0.1901384,-0.02776886,21.85818,183.7202,2.475815,0.6304378,0.02590267,-0.7758071,0.0,0.0,0.0,1.403024,-0.4531063,-2.937089,-0.06881599,-0.2137542,0.9739798,-0.998005,0.04009212,0.04877382,0.01897242,0.9272419,-0.373982,-0.06021886,-0.3723104,-0.9261526,moving,12.429112680457973,-10.113589753018143,-4.0414846170767085,-12.378161594628091,-0.025047,-0.51738527,-0.863864,0.2120387112229817,-0.1716073212879094,0.9620762423256564,12.991553687415111,-9.513148534667373,16.345426118994844,16.62554844097991,17.27231002836711
266,05/05/2023 12:21:26.567886,464,True,True,True,True,Eyes,1.645314,0.0679622,-2.128923,-0.2609792,-0.5118774,-0.8184568,0.0,0.0,0.0,0.0,0.0,0.0,0.0,1.487295,-0.8408209,-1.838133,1.41698,0.06324563,-2.070248,0.016089,0.9826471,-0.1835428,-0.02140033,21.10185,182.947,2.425068,0.6287299,0.02584524,-0.7771938,0.0,0.0,0.0,1.405614,-0.4554473,-2.93727,-0.06787889,-0.2185157,0.972747,-0.9985663,0.03947536,0.03615191,0.02376386,0.9321064,-0.3614041,-0.04796399,-0.3600269,-0.9317082,moving,12.393079712373412,-11.06039531968617,-3.991664564609671,-12.660626820886336,-0.0113659999999999,-0.51869293,-0.867022,0.2108097278970488,-0.1875323544483632,0.9593701181445384,12.958266618147055,-10.487127418073568,16.143284318575127,16.46270287284452,17.088717528071445
267,05/05/2023 12:21:26.587508,465,True,True,True,True,Eyes,1.635207,0.06765931,-2.12661,-0.2492177,-0.5147594,-0.8203129,0.0,0.0,0.0,0.0,0.0,0.0,0.0,1.449516,-0.8703237,-1.841534,1.4058,0.06343174,-2.066278,0.01681061,0.9814541,-0.1903694,-0.01499596,21.91147,182.2137,2.391136,0.6270015,0.02578639,-0.7785909,0.0,0.0,0.0,1.408242,-0.4578221,-2.937454,-0.06600189,-0.2211648,0.97182,-0.9989852,0.03870722,0.02303524,0.02728813,0.9269538,-0.3741818,-0.03583613,-0.3731734,-0.9270694,moving,12.32844758753128,-10.431251880575696,-3.885319767778754,-12.820893815427644,0.002442,-0.52125384,-0.8711759999999997,0.2101437464015065,-0.177012720364562,0.9615123808176042,12.893075634398416,-9.840545247787473,16.09577464959067,16.388918220215768,17.0410395767522
268,05/05/2023 12:21:26.597773,466,True,True,True,True,Eyes,1.625054,0.06742126,-2.124255,-0.2375315,-0.5174378,-0.822093,0.0,0.0,0.0,0.0,0.0,0.0,0.0,1.410305,-0.8841134,-1.854194,1.394355,0.06534935,-2.064013,0.01984288,0.9813757,-0.1908685,-0.008803179,21.9797,181.5358,2.614923,0.6252522,0.02572968,-0.7799982,0.0,0.0,0.0,1.410827,-0.4601576,-2.937636,-0.06473482,-0.215692,0.9735324,-0.9990577,0.04230712,0.00970369,0.03558612,0.9263509,-0.3749768,-0.02485321,-0.3742781,-0.9269835,moving,12.173017851358807,-10.574147001399927,-3.804269757106464,-12.492430294482531,0.016472,-0.52550695,-0.8736229999999998,0.2074389926192765,-0.1795161411106687,0.9616355912880534,12.74020372871342,-9.988587425510326,15.802285697903304,16.092033125622685,16.732866820586967
269,05/05/2023 12:21:26.617742,467,True,True,True,True,Eyes,1.614883,0.06720252,-2.12186,-0.2257992,-0.5201129,-0.8237095,0.0,0.0,0.0,0.0,0.0,0.0,0.0,1.370705,-0.8898383,-1.868847,1.383005,0.06664412,-2.060604,0.02299974,0.981604,-0.1895217,-0.002525773,21.83619,180.8442,2.847325,0.6234819,0.02567735,-0.7814158,0.0,0.0,0.0,1.413411,-0.4624928,-2.937817,-0.06407778,-0.2170104,0.9738317,-0.9989294,0.04611064,-0.00375928,0.04419589,0.9271051,-0.3721866,-0.01367651,-0.3719542,-0.9281504,moving,12.022184503151925,-10.930559447529948,-3.7646151176919207,-12.562631408607425,0.0304059999999999,-0.52913692,-0.8772129999999998,0.2046712459670267,-0.1856050700526357,0.9610725710904254,12.59236564353724,-10.356186155972484,15.569803497430046,15.870938886997536,16.50512709057692
270,05/05/2023 12:21:26.637433,468,True,True,True,True,Eyes,1.604663,0.06704558,-2.119438,-0.2141492,-0.5229295,-0.8250362,0.0,0.0,0.0,0.0,0.0,0.0,0.0,1.33328,-0.9059654,-1.876188,1.371673,0.06694715,-2.057309,0.02387512,0.9809375,-0.1928165,0.00366927,22.23815,180.1243,2.812936,0.6216912,0.02562968,-0.7828427,0.0,0.0,0.0,1.415939,-0.4647776,-2.937994,-0.0630285,-0.2171796,0.9746944,-0.9988331,0.04542501,-0.01640568,0.04825499,0.9245036,-0.3781067,-0.002008386,-0.3784571,-0.9256167,moving,11.95442191906037,-10.703438690080455,-3.699873590242371,-12.561340793949627,0.0442660000000001,-0.53172475,-0.8806850000000002,0.2036805001199871,-0.1818322869603123,0.9620037143540474,12.52503623093791,-10.123079853012324,15.474507920301912,15.764160875864514,16.407096486628365
271,05/05/2023 12:21:26.654459,469,True,True,True,True,Eyes,1.594413,0.066943,-2.117009,-0.2026048,-0.5254091,-0.8263756,0.0,0.0,0.0,0.0,0.0,0.0,0.0,1.30033,-0.9229053,-1.879445,1.360223,0.0683305,-2.054276,0.02419356,0.9801518,-0.1965683,0.008826977,22.69097,179.5161,2.730848,0.6198801,0.02558857,-0.7842789,0.0,0.0,0.0,1.418514,-0.4671043,-2.938174,-0.0616166,-0.210961,0.9775313,-0.9986736,0.04395651,-0.02681493,0.05089694,0.9215511,-0.3849064,0.007792183,-0.3857607,-0.9225661,moving,11.806647314728703,-10.376560551524957,-3.606745571028348,-12.17823019009042,0.058291,-0.5354348,-0.8838979999999999,0.201400096883089,-0.1764259995127759,0.9634894536488762,12.378603125902776,-9.787937572055087,15.250265450931304,15.51833411604592,16.16307123545249
272,05/05/2023 12:21:26.667643,470,True,True,True,True,Eyes,1.58414,0.06689391,-2.114574,-0.1911625,-0.5277655,-0.8275992,0.0,0.0,0.0,0.0,0.0,0.0,0.0,1.269248,-0.9268761,-1.887852,1.349031,0.06951839,-2.051672,0.02506177,0.9800635,-0.1966345,0.01350962,22.71239,178.9673,2.722247,0.6180485,0.02555543,-0.7857241,0.0,0.0,0.0,1.421077,-0.4694203,-2.938354,-0.0613478,-0.207353,0.9800345,-0.9983791,0.04381133,-0.03633659,0.05443716,0.9214136,-0.3847514,0.01662455,-0.3861057,-0.922305,moving,11.596782772828636,-10.478708712103346,-3.58190420660768,-11.946304149646192,0.0720459999999998,-0.53893869,-0.886682,0.1978026042014012,-0.1782767155261733,0.9638939271047844,12.171978286202576,-9.894453767567196,14.984301582827737,15.24947129535992,15.886941291126847
273,05/05/2023 12:21:26.687740,471,True,True,True,True,Eyes,1.573893,0.06687164,-2.112132,-0.1797238,-0.5298818,-0.8288091,0.0,0.0,0.0,0.0,0.0,0.0,0.0,1.242829,-0.9254306,-1.895629,1.338161,0.0707568,-2.049091,0.02405091,0.9800307,-0.1965998,0.01761057,22.71794,178.4431,2.49885,0.6161966,0.02553152,-0.7871782,0.0,0.0,0.0,1.423736,-0.4718236,-2.93854,-0.06288636,-0.2056015,0.9825212,-0.9982228,0.04021677,-0.0439746,0.05406572,0.9215401,-0.3845006,0.02506099,-0.3861948,-0.9220767,moving,11.405246714841931,-10.535227179144222,-3.66222614713558,-11.819115504554873,0.0855749999999999,-0.5425804,-0.8894489999999999,0.194540807611077,-0.1793467519596019,0.9643591173603638,11.983312494238357,-9.953914993447732,14.857705354946694,15.122073524439518,15.756327374276005
274,05/05/2023 12:21:26.697993,472,True,True,True,True,Eyes,1.56365,0.06683367,-2.109677,-0.1683154,-0.531878,-0.8299252,0.0,0.0,0.0,0.0,0.0,0.0,0.0,1.216351,-0.9216539,-1.904511,1.327672,0.07137834,-2.046535,0.02221943,0.9799868,-0.196589,0.02202688,22.72372,177.8604,2.167733,0.614325,0.02551693,-0.78864,0.0,0.0,0.0,1.426297,-0.4741378,-2.938719,-0.06478003,-0.2051708,0.9844882,-0.9980423,0.034889,-0.05190828,0.05220997,0.9217181,-0.3843303,0.03443591,-0.386288,-0.9217354,moving,11.286087604707106,-10.573469775835122,-3.764676315318093,-11.772142648069163,0.0986249999999999,-0.54551614,-0.8921839999999999,0.1925091744698426,-0.1800639393944626,0.964633253537782,11.865946304577736,-9.99407596047155,14.83300290309714,15.098420819110922,15.731429834288535
275,05/05/2023 12:21:26.722323,473,True,True,True,True,Eyes,1.553441,0.06676614,-2.107204,-0.1567372,-0.5339604,-0.8308548,0.0,0.0,0.0,0.0,0.0,0.0,0.0,1.190783,-0.9145207,-1.913998,1.31742,0.07096135,-2.043788,0.01963882,0.9799652,-0.1964231,0.02646577,22.70677,177.2564,1.745166,0.6124347,0.02551018,-0.7901092,0.0,0.0,0.0,1.428864,-0.4764574,-2.938899,-0.06673992,-0.2036821,0.9872295,-0.9978277,0.02809374,-0.0595861,0.0488877,0.9220646,-0.3839361,0.04415603,-0.3860151,-0.9214351,moving,11.192722749667055,-10.626429247686318,-3.8674961707212185,-11.657515550478111,0.1114439999999998,-0.54741875,-0.895111,0.190903184247069,-0.1810133214363511,0.964774641572813,11.774040442443177,-10.049192394656872,14.828999818889638,15.095473920809042,15.724006200536587
276,05/05/2023 12:21:26.737601,474,True,True,True,True,Eyes,1.543261,0.06668779,-2.104738,-0.1452116,-0.5360702,-0.8315903,0.0,0.0,0.0,0.0,0.0,0.0,0.0,1.161661,-0.9233217,-1.91787,1.307614,0.07021312,-2.040937,0.01820453,0.9791892,-0.1996568,0.03153184,23.08845,176.6046,1.436453,0.6105266,0.02550935,-0.7915846,0.0,0.0,0.0,1.43156,-0.4788946,-2.939088,-0.06993185,-0.2002299,0.9909492,-0.9973485,0.02306026,-0.06902058,0.04824244,0.9196115,-0.3898555,0.05448195,-0.3921516,-0.9182857,moving,11.120005176352434,-10.313740228431366,-4.036703497763038,-11.423305143136048,0.1239459999999998,-0.54910772,-0.8981509999999999,0.1898615300326655,-0.175781619350139,0.9659469534446434,11.701625221946474,-9.72811928400017,14.94256283661948,15.197267916699724,15.829360251969993
277,05/05/2023 12:21:26.754926,475,True,True,True,True,Eyes,1.533126,0.06657331,-2.102278,-0.133558,-0.5380373,-0.8322729,0.0,0.0,0.0,0.0,0.0,0.0,0.0,1.130126,-0.9306357,-1.924196,1.298046,0.06990027,-2.038624,0.01814707,0.9786371,-0.2014433,0.03688666,23.30456,175.9487,1.288847,0.6086016,0.02551344,-0.7930654,0.0,0.0,0.0,1.434177,-0.4812595,-2.939271,-0.07279654,-0.2025067,0.9936259,-0.99662,0.02065765,-0.07950852,0.05037994,0.9181826,-0.392941,0.0648861,-0.3956185,-0.9161199,moving,11.01521608329115,-10.187515026605215,-4.190204671242922,-11.519446508704132,0.136131,-0.55115977,-0.9006470000000002,0.1881647931553705,-0.1737109305172187,0.9666532878262706,11.598036159482398,-9.599035666478128,15.010461488649058,15.263645101856298,15.904607078828487
278,05/05/2023 12:21:26.767609,476,True,True,True,True,Eyes,1.523017,0.066456,-2.099829,-0.1219455,-0.5400486,-0.8327526,0.0,0.0,0.0,0.0,0.0,0.0,0.0,1.092313,-0.9375045,-1.933891,1.288522,0.0689079,-2.036407,0.01990499,0.978211,-0.2020705,0.04329696,23.39444,175.2085,1.338853,0.6066613,0.02552056,-0.7945505,0.0,0.0,0.0,1.436741,-0.4835767,-2.939451,-0.07269224,-0.2051577,0.9957063,-0.9954585,0.02144447,-0.09275156,0.05644063,0.9175426,-0.3936116,0.0766627,-0.3970589,-0.9145859,moving,10.95093702232785,-10.239115962054935,-4.175511009103304,-11.642429983735664,0.1482190000000001,-0.5524846,-0.903044,0.1870496873828328,-0.1746192961104655,0.9667060587452836,11.5347972482074,-9.652552104735529,14.936025739890086,15.19140284144401,15.835826455005718
279,05/05/2023 12:21:26.787540,477,True,True,True,True,Eyes,1.512931,0.06632942,-2.097416,-0.1101766,-0.5419124,-0.833182,0.0,0.0,0.0,0.0,0.0,0.0,0.0,1.054412,-0.9490216,-1.940656,1.27893,0.06874932,-2.034252,0.0216619,0.9775197,-0.203763,0.04966752,23.61046,174.4716,1.382619,0.604705,0.02553026,-0.7960399,0.0,0.0,0.0,1.439309,-0.4858968,-2.939631,-0.07384806,-0.1869794,1.003719,-0.9941279,0.02210907,-0.1059297,0.06259067,0.9160228,-0.3962128,0.08827417,-0.4005163,-0.9120278,moving,10.874467941121072,-10.15152266207265,-4.20792285776824,-10.552478999373086,0.160379,-0.55464612,-0.905379,0.1858071865163536,-0.1731827637448555,0.9672040102097852,11.459214527976847,-9.563001381958893,14.850567164457525,15.087719449765835,15.698352137061235
280,05/05/2023 12:21:26.797755,478,True,True,True,True,Eyes,1.502874,0.06619088,-2.095027,-0.098481,-0.5437286,-0.833463,0.0,0.0,0.0,0.0,0.0,0.0,0.0,1.019206,-0.9506585,-1.950762,1.269504,0.06837203,-2.032655,0.02255017,0.9772347,-0.2034912,0.05563577,23.59233,173.763,1.340012,0.6027334,0.0255419,-0.7975334,0.0,0.0,0.0,1.441931,-0.4882667,-2.939814,-0.07825188,-0.1879918,1.007478,-0.9927923,0.02143084,-0.1179159,0.06671638,0.9161657,-0.395208,0.09956086,-0.4002263,-0.9109921,moving,10.795157971011712,-10.275613573435354,-4.441306851438143,-10.569634710733633,0.1724270000000001,-0.55663873,-0.907159,0.1843971706595758,-0.1753244698717229,0.9670878367061092,11.381330312215676,-9.691173838019392,14.995090314656611,15.239301451015727,15.847004143292477
281,05/05/2023 12:21:26.817453,479,True,True,True,True,Eyes,1.492922,0.06608186,-2.092667,-0.0868132,-0.5454597,-0.8336288,0.0,0.0,0.0,0.0,0.0,0.0,0.0,0.9879693,-0.9533291,-1.957558,1.260093,0.06795526,-2.030887,0.02258712,0.9767948,-0.2041024,0.06086117,23.67084,173.1222,1.206362,0.6007462,0.02555478,-0.799031,0.0,0.0,0.0,1.444458,-0.4905504,-2.939991,-0.08074326,-0.2012151,1.00841,-0.9915716,0.01928215,-0.1281179,0.06896979,0.9156641,-0.395983,0.1096776,-0.4014817,-0.9092764,moving,10.674917429141193,-10.272684597152768,-4.57789917112387,-11.28442222689676,0.1843650000000001,-0.55850566,-0.909104,0.1823666373850662,-0.175342575016295,0.9674694740214228,11.262801131160536,-9.68900007611004,15.031203496420607,15.286334657881904,15.920840364315392
282,05/05/2023 12:21:26.837655,480,True,True,True,True,Eyes,1.483011,0.06603487,-2.090365,-0.07524999,-0.5471013,-0.8336772,0.0,0.0,0.0,0.0,0.0,0.0,0.0,0.9581888,-0.9635481,-1.960101,1.250975,0.06858248,-2.029508,0.02285486,0.9760146,-0.2062883,0.0657144,23.93403,172.5288,1.097142,0.5987456,0.02556984,-0.8005307,0.0,0.0,0.0,1.446951,-0.4928029,-2.940166,-0.08276952,-0.187488,1.016252,-0.9903186,0.01750114,-0.1377058,0.07172558,0.9138455,-0.3996769,0.118847,-0.4056845,-0.9062536,moving,10.51385672131546,-10.079379032950376,-4.6562267097995305,-10.45294363591386,0.1959760000000001,-0.5613853799999999,-0.9106580000000002,0.1797487527148226,-0.1721618892275487,0.9685301941868394,11.103586524015125,-9.49132110341663,14.939042785534635,15.17468226420497,15.78912382178713
283,05/05/2023 12:21:26.854697,481,True,True,True,True,Eyes,1.473184,0.0660134,-2.088105,-0.06359549,-0.5483353,-0.8338369,0.0,0.0,0.0,0.0,0.0,0.0,0.0,0.9285548,-0.9659882,-1.966565,1.241978,0.07002176,-2.028623,0.02313087,0.9756809,-0.2062409,0.07054432,23.93588,171.9423,1.005451,0.5967313,0.02558919,-0.8020326,0.0,0.0,0.0,1.449628,-0.4952222,-2.940354,-0.08744094,-0.1887118,1.020789,-0.9889772,0.01603844,-0.1471986,0.07423494,0.9138594,-0.3991871,0.1281164,-0.405714,-0.9049767,moving,10.343301463488446,-10.121436325465089,-4.896013377419147,-10.473936640632084,0.2076499999999999,-0.56524396,-0.911731,0.1768396034780215,-0.1729654070965193,0.968922435474435,10.93556763699373,-9.53576364718856,15.004659239863292,15.243391134931205,15.859354526005935
284,05/05/2023 12:21:26.867790,482,True,True,True,True,Eyes,1.4634,0.06600212,-2.085883,-0.05201293,-0.5496737,-0.8337587,0.0,0.0,0.0,0.0,0.0,0.0,0.0,0.8990986,-0.9609932,-1.976016,1.233134,0.07056608,-2.027541,0.02199472,0.9755273,-0.205252,0.07572575,23.81527,171.2788,0.7407388,0.594704,0.02561337,-0.8035364,0.0,0.0,0.0,1.452227,-0.4975712,-2.940536,-0.09185669,-0.1925287,1.025625,-0.9875638,0.01182718,-0.156774,0.07399864,0.9147757,-0.3971268,0.1387162,-0.4037891,-0.9042746,moving,10.273486465585927,-10.2730579841132,-5.11785104034965,-10.631744076098494,0.2190929999999999,-0.56813728,-0.912995,0.1755766674281624,-0.1755691852297312,0.9686838422504808,10.867107579651638,-9.692183463119544,15.146881228117495,15.39551642310848,16.012547462181487
285,05/05/2023 12:21:26.887798,483,True,True,True,True,Eyes,1.453694,0.06603985,-2.083708,-0.04042006,-0.5509443,-0.8335626,0.0,0.0,0.0,0.0,0.0,0.0,0.0,0.8721902,-0.9694325,-1.977228,1.224324,0.07082038,-2.026318,0.02041418,0.9745908,-0.2080607,0.08041634,24.13144,170.651,0.3972891,0.5926641,0.02564222,-0.8050411,0.0,0.0,0.0,1.454729,-0.4998319,-2.940711,-0.09421195,-0.1859613,1.032026,-0.9862329,0.006327988,-0.1652408,0.07325391,0.912588,-0.4022648,0.1482513,-0.4088313,-0.9004878,moving,10.177665180158114,-9.966765034558136,-5.215979962332344,-10.21454669803716,0.2304049999999999,-0.57065228,-0.914393,0.1741158007087999,-0.1704331844660818,0.9698640258551392,10.771933875117512,-9.377849405839044,15.162971516449211,15.395639204842276,16.00979235444646
286,05/05/2023 12:21:26.898436,484,True,True,True,True,Eyes,1.44403,0.06611013,-2.081609,-0.02891089,-0.5519853,-0.8333524,0.0,0.0,0.0,0.0,0.0,0.0,0.0,0.8399227,-0.9829478,-1.978275,1.215409,0.07204304,-2.025542,0.02129379,0.9735832,-0.210568,0.08569387,24.43499,170.0129,0.3381884,0.5906122,0.02567717,-0.8065466,0.0,0.0,0.0,1.457497,-0.5023338,-2.940905,-0.09845477,-0.1796762,1.038871,-0.9844062,0.005373787,-0.1758278,0.07755134,0.9104154,-0.4063615,0.1578926,-0.4136604,-0.8966354,moving,10.04634055118373,-9.709319721111696,-5.413804820583323,-9.812425150744284,0.242088,-0.57437684,-0.9153629999999996,0.1720203392785093,-0.1661357033141143,0.9709828858024604,10.641879278055445,-9.113999530740612,15.240720074944193,15.460489178735257,16.070867749501247
287,05/05/2023 12:21:26.917768,485,True,True,True,True,Eyes,1.434437,0.066183,-2.079553,-0.01743131,-0.5528181,-0.8331197,0.0,0.0,0.0,0.0,0.0,0.0,0.0,0.8104572,-0.9753269,-1.988755,1.206673,0.07285532,-2.02531,0.02124047,0.9736471,-0.2082288,0.09055919,24.16274,169.4214,0.2290481,0.5885476,0.02571882,-0.8080531,0.0,0.0,0.0,1.459855,-0.5044643,-2.94107,-0.1034735,-0.1806453,1.043757,-0.9826959,0.003647386,-0.1851912,0.07907551,0.9123792,-0.4016357,0.1674996,-0.4093298,-0.8968798,moving,9.900433859747723,-10.000531972659775,-5.66155412190855,-9.819036817210012,0.2531819999999998,-0.5773196199999999,-0.9157599999999996,0.1693997184717783,-0.171147538614807,0.9705732286601516,10.49874381394779,-9.414509768876783,15.333131694219682,15.563046309532917,16.16536023441717
288,05/05/2023 12:21:26.937671,486,True,True,True,True,Eyes,1.424876,0.0662782,-2.07757,-0.006071723,-0.5536714,-0.8327131,0.0,0.0,0.0,0.0,0.0,0.0,0.0,0.7805979,-0.9766797,-1.993881,1.19778,0.07295131,-2.024549,0.02072022,0.9730867,-0.2086421,0.09561083,24.20583,168.7826,0.02690162,0.5864712,0.02576657,-0.8095599,0.0,0.0,0.0,1.462462,-0.50682,-2.941252,-0.1080757,-0.1825032,1.048814,-0.9808585,0.0004282476,-0.1947215,0.08022203,0.9120783,-0.4020916,0.1774291,-0.4100159,-0.8946542,moving,9.809013850335042,-9.968590304086268,-5.883314568696032,-9.87114996465858,0.2646819999999998,-0.57977131,-0.916703,0.1678655110431902,-0.1706518539310431,0.9709269317831624,10.408554950640433,-9.382297370008926,15.460857553742002,15.692630940364271,16.299202106065817
289,05/05/2023 12:21:26.957750,487,True,True,True,True,Eyes,1.415358,0.06636254,-2.075658,0.005284262,-0.5541819,-0.8323787,0.0,0.0,0.0,0.0,0.0,0.0,0.0,0.7523012,-0.9825162,-1.996452,1.18893,0.07358716,-2.024387,0.02067963,0.9723752,-0.2098259,0.10016,24.34321,168.2133,359.8858,0.5843816,0.02582066,-0.8110678,0.0,0.0,0.0,1.46514,-0.5092406,-2.94144,-0.1110029,-0.1840507,1.053885,-0.9790809,-0.001815584,-0.2034643,0.082249,0.9110909,-0.4039164,0.1861078,-0.4122015,-0.8918825,moving,9.647220704328356,-9.823169249381676,-6.012642797259173,-9.906242515322583,0.27621,-0.58282776,-0.917053,0.1651919076036097,-0.1682640397789868,0.971801753705827,10.248731203402382,-9.233869591498904,15.432245958673258,15.660083845748312,16.27526865333051
290,05/05/2023 12:21:26.967763,488,True,True,True,True,Eyes,1.405861,0.06643396,-2.073806,0.01645744,-0.5547353,-0.8318642,0.0,0.0,0.0,0.0,0.0,0.0,0.0,0.726412,-0.972785,-2.005345,1.179963,0.07333372,-2.024278,0.01983082,0.9724198,-0.2076719,0.1043017,24.08085,167.6921,359.7017,0.5822787,0.02587997,-0.8125769,0.0,0.0,0.0,1.46759,-0.511454,-2.941612,-0.1127083,-0.1849763,1.058738,-0.977456,-0.004753293,-0.2110867,0.08188884,0.9129583,-0.3997518,0.1946135,-0.4080253,-0.8919873,moving,9.47488936776922,-10.071528203947702,-6.0765552388385125,-9.910342394565156,0.2876269999999998,-0.58478772,-0.9173340000000004,0.1621458610993398,-0.1725633032788343,0.9715609984601764,10.079447731634062,-9.490492288697023,15.318859183921557,15.552279904166303,16.161457424790505
291,05/05/2023 12:21:26.977958,489,True,True,True,True,Eyes,1.396379,0.06649151,-2.072055,0.02761805,-0.5550603,-0.8313515,0.0,0.0,0.0,0.0,0.0,0.0,0.0,0.701844,-0.9784669,-2.005675,1.170917,0.07310371,-2.023938,0.01977552,0.9717096,-0.2091306,0.1079527,24.24869,167.2307,359.5777,0.5801615,0.02594344,-0.8140879,0.0,0.0,0.0,1.470267,-0.5138736,-2.941799,-0.113513,-0.17808,1.065161,-0.9759104,-0.006720275,-0.2180686,0.08358454,0.9117467,-0.4021588,0.201526,-0.4106981,-0.8892213,moving,9.229419449157335,-9.88015074408469,-6.082987577028556,-9.49127080665355,0.29935,-0.5869773100000001,-0.9178610000000004,0.1580691572629968,-0.1694306201129673,0.9727833347485164,9.837034682173735,-9.295384873721163,15.100144142080715,15.317344304458375,15.921227340636062
292,05/05/2023 12:21:26.997347,490,True,True,True,True,Eyes,1.386915,0.06651291,-2.070371,0.03855641,-0.5552759,-0.830772,0.0,0.0,0.0,0.0,0.0,0.0,0.0,0.6789302,-0.9739937,-2.011182,1.162099,0.0727865,-2.024522,0.01997594,0.9716188,-0.2078581,0.1111444,24.10173,166.8495,359.5363,0.5780286,0.02601005,-0.8156017,0.0,0.0,0.0,1.472741,-0.5161092,-2.941972,-0.1143865,-0.1743,1.070747,-0.9744961,-0.007386507,-0.2242843,0.08502251,0.912792,-0.3994771,0.2076756,-0.408358,-0.8888842,moving,8.926180773552419,-10.00537276291863,-6.097706851266739,-9.2457139003321,0.3106420000000001,-0.5888957,-0.9174499999999997,0.152857581374712,-0.1716987689581705,0.9732184392064408,9.538424414095312,-9.426282168967932,14.830984958953088,15.043080833084042,15.637173844632883
293,05/05/2023 12:21:27.017466,491,True,True,True,True,Eyes,1.377442,0.06646933,-2.06878,0.04943919,-0.5553818,-0.8301246,0.0,0.0,0.0,0.0,0.0,0.0,0.0,0.656553,-0.9702094,-2.015164,1.153052,0.07192512,-2.024488,0.02027987,0.971459,-0.2069356,0.1141668,23.99703,166.49,359.5078,0.5758788,0.02607799,-0.8171188,0.0,0.0,0.0,1.47533,-0.5184489,-2.942154,-0.1145453,-0.1718691,1.075919,-0.9731094,-0.00784821,-0.2302099,0.08665244,0.9135329,-0.3974282,0.2134234,-0.4066893,-0.8882873,moving,8.604444330942636,-10.082823191207376,-6.076976015105135,-9.075844685882473,0.322278,-0.5903740199999999,-0.917666,0.147351944416804,-0.1731605151556885,0.973808435613422,9.221468150641677,-9.508178501822483,14.509733674593283,14.715913464258067,15.304551820320576
294,05/05/2023 12:21:27.038203,492,True,True,True,True,Eyes,1.367982,0.06635824,-2.067266,0.06006329,-0.5554736,-0.8293621,0.0,0.0,0.0,0.0,0.0,0.0,0.0,0.6339947,-0.9712037,-2.017223,1.144137,0.07031516,-2.02494,0.02076748,0.9710148,-0.2072773,0.1171961,24.04202,166.1257,359.4822,0.5737105,0.02614446,-0.8186405,0.0,0.0,0.0,1.477937,-0.5208046,-2.942337,-0.1146797,-0.1677943,1.081891,-0.9716674,-0.008253127,-0.2362076,0.08891526,0.9132097,-0.3976709,0.2189891,-0.4074064,-0.8866022,moving,8.295437788518676,-10.013203074382671,-6.050718959232098,-8.81596635633908,0.3338000000000001,-0.59111976,-0.9173970000000002,0.1421244626569544,-0.1721100685060433,0.9747711390128,8.916713328666013,-9.43873362490162,14.20083503658404,14.396026854311812,14.98038278428184
295,05/05/2023 12:21:27.055152,493,True,True,True,True,Eyes,1.35855,0.06618129,-2.065834,0.07041554,-0.555539,-0.8285035,0.0,0.0,0.0,0.0,0.0,0.0,0.0,0.6139685,-0.9717095,-2.018272,1.134933,0.06858654,-2.025295,0.02097989,0.9706177,-0.2077115,0.1196548,24.09416,165.8241,359.4363,0.5715228,0.02620681,-0.8201673,0.0,0.0,0.0,1.480681,-0.5232846,-2.942529,-0.1150468,-0.1683775,1.086709,-0.9704854,-0.008980446,-0.2409937,0.09043426,0.9128315,-0.3981961,0.2235626,-0.4082375,-0.8850775,moving,7.952360676143983,-9.93020471161614,-6.043231551052207,-8.807520417666657,0.3457479999999999,-0.59187114,-0.917234,0.1363158036226565,-0.1708386652109569,0.9758238214239237,8.578343288817893,-9.355767688394678,13.852538921297487,14.040549199152975,14.631849707667962
296,05/05/2023 12:21:27.067840,494,True,True,True,True,Eyes,1.349127,0.06593449,-2.064502,0.08049331,-0.5556018,-0.827543,0.0,0.0,0.0,0.0,0.0,0.0,0.0,0.5931787,-0.978216,-2.016827,1.125664,0.06682502,-2.026024,0.02206738,0.9699585,-0.2092783,0.1220493,24.29087,165.5444,359.4798,0.5693152,0.02626271,-0.8216995,0.0,0.0,0.0,1.483053,-0.5254282,-2.942695,-0.1157033,-0.1669019,1.091772,-0.9692341,-0.008275637,-0.2460019,0.09389341,0.9114312,-0.400596,0.227529,-0.4113692,-0.8826133,moving,7.586311263178389,-9.71574666595533,-6.04948489941966,-8.691657130132691,0.3573889999999999,-0.59225322,-0.916671,0.1301583365267015,-0.1673246646220866,0.9772723335942262,8.217019465810354,-9.137764262665227,13.497979454015557,13.674198198260294,14.273477445136608
297,05/05/2023 12:21:27.087936,495,True,True,True,True,Eyes,1.339695,0.06562445,-2.063278,0.09044852,-0.5556104,-0.8265084,0.0,0.0,0.0,0.0,0.0,0.0,0.0,0.5737864,-0.9795076,-2.01773,1.116442,0.06491061,-2.027127,0.02270284,0.969568,-0.2097456,0.1242146,24.35351,165.2891,359.4916,0.5670866,0.02630984,-0.8232375,0.0,0.0,0.0,1.48587,-0.527974,-2.942892,-0.1172828,-0.1632538,1.097688,-0.9681106,-0.008083056,-0.2503927,0.09613084,0.9109827,-0.4010852,0.2313454,-0.4123653,-0.8811551,moving,7.216586451887595,-9.627648504061812,-6.098647569522021,-8.459315438775057,0.3694280000000001,-0.59288461,-0.915765,0.1238784677870347,-0.1659563077661092,0.9783213254142462,7.852370511447154,-9.049739344268955,13.200355305231373,13.366392901465469,13.963506217412142
298,05/05/2023 12:21:27.097821,496,True,True,True,True,Eyes,1.330262,0.0652547,-2.062176,0.1001481,-0.5556231,-0.8253807,0.0,0.0,0.0,0.0,0.0,0.0,0.0,0.5556273,-0.9807428,-2.018264,1.10702,0.0630693,-2.028422,0.02249533,0.9691398,-0.2105308,0.1262504,24.44046,165.0254,359.3985,0.5648353,0.02634639,-0.8247826,0.0,0.0,0.0,1.488373,-0.5302355,-2.943068,-0.1187006,-0.1652251,1.102651,-0.9671099,-0.009556951,-0.2541804,0.09676141,0.9103415,-0.4023874,0.2352366,-0.4137475,-0.8794755,moving,6.884854076786719,-9.506084655036933,-6.144240680546727,-8.521996688690155,0.381353,-0.5933048,-0.9146459999999998,0.1182514703304595,-0.1639935817388242,0.9793480821612228,7.525092217449526,-8.927032214568321,12.905528438993914,13.066206003315669,13.67533237817151
299,05/05/2023 12:21:27.117937,497,True,True,True,True,Eyes,1.320818,0.06483114,-2.061195,0.1098263,-0.5554816,-0.8242441,0.0,0.0,0.0,0.0,0.0,0.0,0.0,0.5405571,-0.9811558,-2.018796,1.097545,0.06126262,-2.030282,0.02129071,0.9687606,-0.2114753,0.1277808,24.53059,164.7968,359.1942,0.5625594,0.02637082,-0.8263358,0.0,0.0,0.0,1.490813,-0.5324409,-2.943238,-0.1180486,-0.1689001,1.107274,-0.9664376,-0.01279377,-0.2565829,0.09529615,0.9096498,-0.4042967,0.2385731,-0.4151789,-0.8779006,moving,6.543118019279902,-9.35900404869358,-6.08542630755838,-8.672865410086724,0.3932679999999999,-0.59370352,-0.912956,0.1124533760186701,-0.1615885123670407,0.9804301869016832,7.187893070020444,-8.778152529465206,12.491899756498402,12.647170357289752,13.273736952219464
390,05/05/2023 12:21:28.637932,588,True,True,True,True,Eyes,0.4263124,0.06227631,-2.164685,0.7246976,-0.4397535,-0.5305,0.0,0.0,0.0,0.0,0.0,0.0,0.0,-1.458043,-0.8375182,-1.482662,0.2300743,0.06145952,-2.229103,0.0594096,0.8943309,-0.206642,0.3923543,24.59691,131.8562,356.476,0.2339104,0.02828903,-0.9718463,0.0,0.0,0.0,1.490813,-0.5324409,-2.943238,-0.2721334,0.0300287,1.502237,-0.6850571,-0.05589005,-0.7263422,0.2684174,0.9075392,-0.3229933,0.6772362,-0.4162318,-0.6067143,moving,-4.968312696770597,-1.9111245840099125,-10.26790017419675,1.1451513121397856,1.2607387,-0.59390042,-0.7141350000000002,-0.0865569742268663,-0.0332240687450748,0.9956927506398358,-4.176586512524487,-1.1987706486351066,6.10436939991377,6.117716059468414,6.526719871656663
391,05/05/2023 12:21:28.655457,589,True,True,True,True,Eyes,0.4182674,0.06206087,-2.167933,0.7281699,-0.4376498,-0.5274763,0.0,0.0,0.0,0.0,0.0,0.0,0.0,-1.472009,-0.8318297,-1.480746,0.2242317,0.0612158,-2.235471,0.06080776,0.8939604,-0.2057934,0.3934291,24.56903,131.7611,356.6458,0.2298518,0.02828392,-0.9728143,0.0,0.0,0.0,1.490807,-0.5298982,-2.943191,-0.2690347,0.03711089,1.505452,-0.6830322,-0.05321079,-0.7284477,0.2706497,0.907903,-0.3200952,0.6783924,-0.4157894,-0.6057254,moving,-5.15677086422002,-1.8079591366389256,-10.132195032452438,1.4121119976747734,1.2665753,-0.591114,-0.7077200000000001,-0.0898367860229528,-0.0314220325441904,0.9954607001361724,-4.362594664605749,-1.0939859476807496,5.910074298448626,5.926525437714037,6.290374815253208
392,05/05/2023 12:21:28.667661,590,True,True,True,True,Eyes,0.4103117,0.06184074,-2.171314,0.7314981,-0.4356951,-0.5244809,0.0,0.0,0.0,0.0,0.0,0.0,0.0,-1.488031,-0.8232737,-1.478332,0.2184891,0.06046489,-2.241893,0.06264806,0.8934416,-0.2045735,0.3949522,24.52152,131.6237,356.8718,0.2258198,0.02826743,-0.9737586,0.0,0.0,0.0,1.490803,-0.5277565,-2.943151,-0.2672922,0.04460531,1.508272,-0.6801762,-0.04964874,-0.7313657,0.2735382,0.9084498,-0.3160629,0.6801012,-0.4150349,-0.6043251,moving,-5.299962497609087,-1.7233709704479272,-10.049477170260568,1.6939592591015007,1.2723139,-0.58822139,-0.7012579999999997,-0.0923285064311321,-0.029945503128249,0.9952781614579026,-4.503939376759254,-1.0079910988834642,5.831185859968818,5.851156767983921,6.168753938695115
393,05/05/2023 12:21:28.687398,591,True,True,True,True,Eyes,0.4024505,0.06161193,-2.174833,0.7348827,-0.4337662,-0.5213389,0.0,0.0,0.0,0.0,0.0,0.0,0.0,-1.503088,-0.8180462,-1.475154,0.2126722,0.06014752,-2.24849,0.06495059,0.8928522,-0.2042367,0.3960854,24.59229,131.5246,357.1124,0.2218149,0.02824028,-0.9746794,0.0,0.0,0.0,1.490797,-0.5253527,-2.943107,-0.2641002,0.04959083,1.511231,-0.6777957,-0.04580783,-0.7338222,0.277773,0.9081376,-0.3132545,0.680761,-0.4161585,-0.6028076,moving,-5.491257739130683,-1.5241970450363167,-9.91280952451886,1.87947842014486,1.2781247999999998,-0.58550022,-0.694617,-0.0956603216818244,-0.0264771360425549,0.9950618130536684,-4.69297028756301,-0.8044877412898539,5.558065097945434,5.579885918470528,5.86944597175836
394,05/05/2023 12:21:28.698013,592,True,True,True,True,Eyes,0.3946801,0.06136993,-2.17849,0.7382271,-0.4317864,-0.5182483,0.0,0.0,0.0,0.0,0.0,0.0,0.0,-1.521797,-0.8055192,-1.472513,0.2070385,0.05967109,-2.255349,0.06752411,0.8922026,-0.2023212,0.398097,24.5058,131.3521,357.4429,0.217838,0.02820293,-0.9755771,0.0,0.0,0.0,1.490792,-0.5230261,-2.943063,-0.2631286,0.04791927,1.51354,-0.6739187,-0.04059656,-0.7376894,0.2815773,0.9090132,-0.3072608,0.6830432,-0.4147854,-0.6011698,moving,-5.606806682173301,-1.4621322663052605,-9.862288735514673,1.8134011063409956,1.2837535,-0.5826971900000001,-0.6877140000000002,-0.0976696261333619,-0.0253942571414786,0.9948948802197456,-4.80701425679599,-0.7414639569500932,5.349126779372147,5.370125359954815,5.664197696656589
395,05/05/2023 12:21:28.717772,593,True,True,True,True,Eyes,0.3946801,0.06136993,-2.17849,0.7382271,-0.4317864,-0.5182483,0.0,0.0,0.0,0.0,0.0,0.0,0.0,-1.539624,-0.790987,-1.471801,0.2014287,0.05908542,-2.262352,0.0688104,0.8918293,-0.1994597,0.4001518,24.25744,131.1713,357.6808,0.2138893,0.0281556,-0.9764518,0.0,0.0,0.0,1.490787,-0.5207189,-2.943021,-0.2629978,0.05173168,1.515651,-0.6702872,-0.03689407,-0.7411839,0.2823625,0.9109619,-0.3006988,0.6862844,-0.4108372,-0.6001885,moving,-5.440764651457489,-1.6725871651678366,-9.844021698788604,1.954841016776143,1.2893583000000002,-0.57980432,-0.680669,-0.0947765768116182,-0.0290566199464388,0.9950744495651668,-4.642849101524059,-0.9567451615213118,5.681416328732836,5.704989731807808,5.960665269933247
396,05/05/2023 12:21:28.737708,594,True,True,True,True,Eyes,0.3946801,0.06136993,-2.17849,0.7382271,-0.4317864,-0.5182483,0.0,0.0,0.0,0.0,0.0,0.0,0.0,-1.559597,-0.7817248,-1.465842,0.1958177,0.0588895,-2.269431,0.07087874,0.8907945,-0.1982614,0.4026833,24.22392,130.8989,357.9013,0.2103326,0.02811261,-0.9772253,0.0,0.0,0.0,1.490782,-0.5183683,-2.942977,-0.2649971,0.05508283,1.517068,-0.6656446,-0.03339638,-0.7455212,0.2859499,0.9113372,-0.296137,0.6893111,-0.4103037,-0.5970771,moving,-5.2009911551834005,-1.6649136063054808,-9.90829571187382,2.07942418863751,1.2949643,-0.5772578,-0.673546,-0.090611855537288,-0.0289346152358118,0.995465884161534,-4.4065200999262455,-0.947181345124656,5.990730752222006,6.014880024745042,6.279321296224686
397,05/05/2023 12:21:28.757530,595,True,True,True,True,Eyes,0.3865475,0.06108703,-2.182888,0.742111,-0.4292393,-0.5148056,0.0,0.0,0.0,0.0,0.0,0.0,0.0,-1.579685,-0.7685001,-1.462313,0.1903107,0.05905633,-2.276983,0.07168015,0.8900813,-0.1955056,0.4054563,23.96372,130.6071,358.06,0.2071291,0.02807359,-0.9779105,0.0,0.0,0.0,1.490777,-0.5160041,-2.942933,-0.2687718,0.05638835,1.518218,-0.6609343,-0.03093563,-0.7498059,0.2861403,0.9132791,-0.2899054,0.6937504,-0.4061581,-0.5947655,moving,-5.235281038796514,-1.7506471468780596,-10.039121760257188,2.127052965537344,1.3004663,-0.57506043,-0.66595,-0.0912035602861883,-0.0304224782176743,0.99536742069804,-4.440117957993724,-1.0355918057474385,6.147945556503164,6.173608656125706,6.430487192048181
398,05/05/2023 12:21:28.767692,596,True,True,True,True,Eyes,0.378505,0.06082603,-2.187409,0.7458195,-0.4270149,-0.5112842,0.0,0.0,0.0,0.0,0.0,0.0,0.0,-1.59705,-0.7577125,-1.459648,0.1846662,0.05780775,-2.284256,0.07094178,0.8895627,-0.1930622,0.407888,23.66287,130.3245,358.0428,0.2038563,0.02802217,-0.9785994,0.0,0.0,0.0,1.490771,-0.5136223,-2.942888,-0.2748344,0.06077519,1.518681,-0.6571894,-0.03128117,-0.7530763,0.2837098,0.9153885,-0.2856092,0.6982916,-0.4013544,-0.5927089,moving,-5.267281364822652,-1.9141299876877165,-10.257749817984994,2.2916628362718776,1.3061048,-0.57143005,-0.6586319999999999,-0.091751171871732,-0.0332607669967175,0.9952263201959914,-4.471275774228418,-1.203946370844652,6.4968116136634775,6.526367187040472,6.760367267238255
399,05/05/2023 12:21:28.787717,597,True,True,True,True,Eyes,0.3705261,0.06063636,-2.192111,0.7496939,-0.4244915,-0.5077066,0.0,0.0,0.0,0.0,0.0,0.0,0.0,-1.614258,-0.762577,-1.449474,0.1787781,0.05802239,-2.291942,0.07321569,0.8881128,-0.1953334,0.4095609,24.01205,130.0859,358.1208,0.2005248,0.02796039,-0.9792894,0.0,0.0,0.0,1.490766,-0.5112851,-2.942845,-0.2811579,0.05865088,1.519023,-0.6537989,-0.02995432,-0.7560756,0.2900495,0.9129686,-0.2869837,0.6988696,-0.4069288,-0.5882097,moving,-5.370572750699194,-1.4040721456684329,-10.48627453189298,2.211144570232836,1.3119879,-0.56930749,-0.650903,-0.0935691201326549,-0.0243957279336126,0.995313838529943,-4.574292965917064,-0.6801055400866212,6.238674856337147,6.264199599074188,6.581098178637157
400,05/05/2023 12:21:28.797812,598,True,True,True,True,Eyes,0.3626563,0.06046648,-2.19694,0.7536145,-0.4216581,-0.5042515,0.0,0.0,0.0,0.0,0.0,0.0,0.0,-1.635717,-0.7458516,-1.446434,0.1729664,0.05950531,-2.300126,0.07498534,0.8874531,-0.191852,0.4123067,23.72538,129.8311,358.4282,0.1971427,0.02789226,-0.9799777,0.0,0.0,0.0,1.490761,-0.5089369,-2.942801,-0.2874699,0.05635187,1.519361,-0.6487606,-0.0251118,-0.760578,0.2912957,0.91514,-0.2786855,0.7030336,-0.4023533,-0.5863917,moving,-5.441874691168601,-1.4864649108681938,-10.713968556157525,2.124080487125257,1.3177946,-0.5684422100000001,-0.6426749999999997,-0.0948042659138223,-0.0258239568147743,0.9951609003458082,-4.6443818427734085,-0.7653383356728021,6.364562780888588,6.38991485015454,6.722248433733218
401,05/05/2023 12:21:28.817921,599,True,True,True,True,Eyes,0.3548287,0.06032804,-2.201886,0.7576266,-0.419027,-0.5004181,0.0,0.0,0.0,0.0,0.0,0.0,0.0,-1.651742,-0.7281575,-1.449175,0.1676676,0.05972161,-2.308007,0.07288408,0.8876702,-0.1867134,0.4145692,23.07344,129.6088,358.4169,0.1937196,0.0278191,-0.9806622,0.0,0.0,0.0,1.490755,-0.5065445,-2.942757,-0.2925063,0.05908507,1.519616,-0.6456406,-0.02541715,-0.7632183,0.2842052,0.919652,-0.2710488,0.7087846,-0.3919107,-0.5865409,moving,-5.545311093734964,-1.9806129519863784,-10.895433000557531,2.226628790769014,1.3230874,-0.5662661099999999,-0.6347499999999999,-0.096575715855349,-0.0343997803478816,0.9947309951857408,-4.745175744935398,-1.2742585950079892,6.77488879699154,6.806224173493419,7.076855007574002
402,05/05/2023 12:21:28.837654,600,True,True,True,True,Eyes,0.3471093,0.06025765,-2.206952,0.7616605,-0.4163199,-0.4965392,0.0,0.0,0.0,0.0,0.0,0.0,0.0,-1.67166,-0.7354084,-1.433269,0.1613593,0.06038233,-2.315135,0.07456042,0.8856642,-0.1895353,0.4172722,23.45029,129.2075,358.3694,0.1902615,0.02774268,-0.9813411,0.0,0.0,0.0,1.490751,-0.504368,-2.942716,-0.2976744,0.05831593,1.519762,-0.6406494,-0.02610466,-0.7673898,0.2902466,0.9170342,-0.2735054,0.7108624,-0.3979532,-0.5799206,moving,-5.513490683450232,-1.433679863861041,-11.082172251310936,2.1974613363646784,1.3293917,-0.5647503300000001,-0.6275809999999997,-0.0960503302296909,-0.0249041451837752,0.995064958255657,-4.7150988062284656,-0.7115517816625949,6.621241645585005,6.647962155443444,7.000141539706831
403,05/05/2023 12:21:28.855228,601,True,True,True,True,Eyes,0.3394985,0.06023091,-2.212103,0.7658377,-0.413561,-0.4924022,0.0,0.0,0.0,0.0,0.0,0.0,0.0,-1.692475,-0.7270292,-1.425483,0.1561867,0.06190695,-2.323106,0.07389683,0.884589,-0.1872402,0.4206931,23.16853,128.7878,358.3293,0.1867768,0.02766619,-0.9820125,0.0,0.0,0.0,1.490745,-0.5018879,-2.94267,-0.302671,0.05942169,1.519782,-0.6351129,-0.0268047,-0.7719539,0.2882779,0.9189608,-0.2690854,0.716608,-0.393437,-0.5759167,moving,-5.4645912447093306,-1.541216712426242,-11.263329155807986,2.2390571415864797,1.3345583,-0.5637948500000001,-0.619564,-0.0951964417351379,-0.0267739141362923,0.9950983896228154,-4.666644759068944,-0.8218053970940915,6.89395983734909,6.922126246533286,7.272215928510265
404,05/05/2023 12:21:28.867580,602,True,True,True,True,Eyes,0.3319904,0.06023775,-2.217333,0.7700313,-0.4109021,-0.4880691,0.0,0.0,0.0,0.0,0.0,0.0,0.0,-1.713883,-0.7224751,-1.413716,0.1510244,0.06288248,-2.330492,0.07333102,0.8830639,-0.1861725,0.4244533,23.0202,128.2948,358.2236,0.1832734,0.02759145,-0.9826744,0.0,0.0,0.0,1.49074,-0.4996176,-2.942628,-0.3086029,0.06066221,1.519417,-0.6289241,-0.02853112,-0.7769432,0.287555,0.9199247,-0.2665533,0.7223343,-0.3910556,-0.5703586,moving,-5.359146676767515,-1.5238135852162964,-11.48095277723287,2.2863003695883863,1.3397156,-0.56250008,-0.612136,-0.093365695972264,-0.0264762727150584,0.9952798797010024,-4.5627480234007445,-0.8031721000945196,7.18208263748815,7.21065033684842,7.576700941496504
405,05/05/2023 12:21:28.887796,603,True,True,True,True,Eyes,0.324587,0.06026563,-2.222651,0.7743939,-0.4081113,-0.4834866,0.0,0.0,0.0,0.0,0.0,0.0,0.0,-1.738326,-0.7202495,-1.396235,0.1459221,0.06369571,-2.337661,0.07347353,0.8808135,-0.1862133,0.4290618,23.02219,127.6717,358.1096,0.1797581,0.02751964,-0.9833255,0.0,0.0,0.0,1.490735,-0.4972831,-2.942585,-0.3141646,0.06175223,1.519211,-0.6210155,-0.03036105,-0.7832103,0.289227,0.9198526,-0.2649889,0.7284833,-0.3910877,-0.5624614,moving,-5.156274954336698,-1.340997410805172,-11.68376631920839,2.327652631571107,1.3448129,-0.5609788099999999,-0.6049239999999996,-0.0898481347860279,-0.0233080310944266,0.9956827237059164,-4.36320615425536,-0.6137428922947223,7.460541745639412,7.487799186136202,7.88938582885354
406,05/05/2023 12:21:28.898052,604,True,True,True,True,Eyes,0.1417399,0.06038319,-2.356756,0.8727874,-0.334305,-0.3556437,0.0,0.0,0.0,0.0,0.0,0.0,0.0,-1.763249,-0.7128679,-1.380178,0.1412233,0.06418546,-2.344793,0.07176533,0.8787788,-0.1842842,0.4343238,22.72005,126.9758,357.8909,0.1762372,0.02745125,-0.9839647,0.0,0.0,0.0,1.49073,-0.4949549,-2.942541,-0.3204005,0.06415811,1.518723,-0.6124253,-0.03394634,-0.7897995,0.2862097,0.9217781,-0.2615513,0.7368986,-0.3862288,-0.5548045,moving,-14.029837167038709,2.047538277009332,-11.912835988208856,2.419008939836189,1.3495067,-0.55914036,-0.5977479999999997,-0.2422814707568403,0.0346641806968099,0.9695866147374208,-13.117947797702804,2.8092645857218645,2.149409643058074,2.1493451199163007,1.2667256776932498
407,05/05/2023 12:21:28.917935,605,True,True,True,True,Eyes,0.1415648,0.06038562,-2.357023,0.8730013,-0.3341912,-0.3552253,0.0,0.0,0.0,0.0,0.0,0.0,0.0,-1.787726,-0.7143217,-1.358358,0.1359934,0.06364059,-2.351342,0.07062754,0.8761134,-0.1851169,0.4395099,22.73377,126.2311,357.5786,0.1615047,0.02723691,-0.9864958,-0.5485412,0.0003526993,-0.4023156,1.490724,-0.4926255,-2.942498,-0.3254851,0.06698555,1.518194,-0.6036857,-0.03896594,-0.7962698,0.2864769,0.921487,-0.2622837,0.7439724,-0.3864497,-0.5451257,moving,-13.372761443689532,2.079977655366976,-12.100451302167006,2.5263580855261405,1.3547306,-0.55626609,-0.5911560000000002,-0.2311411808297025,0.0353116394359256,0.972279221398986,-12.47033826120486,2.8472084892185805,1.3475121115756463,1.3483429032149616,0.4896543107293892
408,05/05/2023 12:21:28.937696,606,True,True,True,True,Eyes,0.1412112,0.06039656,-2.35755,0.8734146,-0.3338569,-0.3545229,0.0,0.0,0.0,0.0,0.0,0.0,0.0,-1.8108,-0.71407,-1.339232,0.1314606,0.06366664,-2.358198,0.06910542,0.8737488,-0.1850855,0.4444443,22.63526,125.5345,357.2826,0.1491355,0.02705133,-0.9884465,-0.5156288,0.0003315374,-0.3781767,1.490719,-0.4902857,-2.942455,-0.3317935,0.07252559,1.517439,-0.5953874,-0.0437588,-0.8022462,0.2852819,0.9219356,-0.2620094,0.7510846,-0.3848634,-0.5364252,moving,-12.77517719292034,2.013323282584404,-12.333816084001324,2.736354097350085,1.3592584,-0.5539523399999999,-0.584257,-0.2209961654455662,0.0342632415644376,0.9746726142305596,-11.881136554798925,2.7828260857015708,0.8356124020679193,0.8470969174580605,0.4550586795790696
409,05/05/2023 12:21:28.955095,607,True,True,True,True,Eyes,0.1407048,0.06045543,-2.358358,0.8739789,-0.3332285,-0.3537225,0.0,0.0,0.0,0.0,0.0,0.0,0.0,-1.833621,-0.7025849,-1.325806,0.1267544,0.06383663,-2.365039,0.06815425,0.8720368,-0.1824358,0.4490258,22.29574,124.9616,357.2141,0.138727,0.02689121,-0.9899653,-0.484691,0.0003116451,-0.3554861,1.490714,-0.4878144,-2.942409,-0.3360298,0.07488886,1.516934,-0.5874617,-0.04497069,-0.8080014,0.2827027,0.9241444,-0.2569754,0.7582663,-0.3793874,-0.5301861,moving,-12.282457843222932,1.760724930693753,-12.490409910784368,2.8263159513254648,1.3639596,-0.5516510299999999,-0.5773700000000002,-0.2126353340469264,0.0300229653044878,0.9766702586506808,-11.394863063985593,2.52648118337612,1.0596530084185265,1.085692537348401,1.1358361596647544
410,05/05/2023 12:21:28.967923,608,True,True,True,True,Eyes,0.1400487,0.06051267,-2.359395,0.8747816,-0.3321572,-0.3527446,0.0,0.0,0.0,0.0,0.0,0.0,0.0,-1.854725,-0.6851736,-1.318171,0.1227065,0.06496425,-2.372291,0.06710636,0.8709794,-0.1778691,0.4530498,21.75544,124.5115,357.2679,0.1299424,0.026755,-0.9911603,-0.4556096,0.0002929464,-0.3341569,1.490709,-0.4856729,-2.942369,-0.3400723,0.07227051,1.516758,-0.5804851,-0.04427055,-0.8130665,0.2780636,0.9277187,-0.2490355,0.7653219,-0.3706456,-0.5262169,moving,-11.908097756968866,1.3435274472672238,-12.637293198919114,2.727967023116945,1.3680025,-0.55063715,-0.5700779999999996,-0.2062881668320135,0.0229425175690973,0.9782222851439436,-11.024869609248023,2.1000314590082647,1.531802727541622,1.5647360581708254,1.7303794107652477
411,05/05/2023 12:21:28.987821,609,True,True,True,True,Eyes,0.1392469,0.06056454,-2.36064,0.8756731,-0.3310326,-0.3515879,0.0,0.0,0.0,0.0,0.0,0.0,0.0,-1.876506,-0.6615179,-1.310856,0.118379,0.06487793,-2.378865,0.06520372,0.8700041,-0.1717516,0.4575399,21.00908,124.022,357.3162,0.1224996,0.02663922,-0.9921107,-0.428273,0.0002753696,-0.3141075,1.490704,-0.4832579,-2.942324,-0.3421723,0.07546192,1.516793,-0.5728117,-0.04371142,-0.8185208,0.2706214,0.9324997,-0.2391827,0.7737255,-0.3585158,-0.5223175,moving,-11.499473419637589,0.7239734496390811,-12.71251791610966,2.848172149097056,1.372325,-0.54813583,-0.5634590000000004,-0.1993436472112727,0.0123817875940897,0.9798514241482036,-10.620624729325174,1.465710235386393,2.398083736773141,2.446159656522881,2.5074325609626884
412,05/05/2023 12:21:28.997840,610,True,True,True,True,Eyes,0.1383005,0.06060747,-2.36209,0.876663,-0.329951,-0.3501347,0.0,0.0,0.0,0.0,0.0,0.0,0.0,-1.895175,-0.6556841,-1.298051,0.1139553,0.06474402,-2.38524,0.06418311,0.8684411,-0.1703696,0.461156,20.80011,123.5481,357.2007,0.1161544,0.02654043,-0.9928762,-0.4025766,0.0002588474,-0.2952611,1.490699,-0.4809884,-2.942282,-0.3439193,0.07175557,1.517185,-0.5664313,-0.04565543,-0.8228433,0.2686124,0.9337094,-0.236715,0.7791038,-0.3551087,-0.5166187,moving,-11.151833119116112,0.6007163914807052,-12.772105817363196,2.707797662695235,1.3767437,-0.54573242,-0.557042,-0.1933993886202306,0.0102863445971614,0.9810661821254664,-10.27766184773189,1.3413726849036247,2.613743090629084,2.6580208991254994,2.844181417835859
413,05/05/2023 12:21:29.017948,611,True,True,True,True,Eyes,0.137227,0.06068604,-2.363732,0.8777283,-0.3288656,-0.3484828,0.0,0.0,0.0,0.0,0.0,0.0,0.0,-1.917398,-0.6477695,-1.280667,0.1094855,0.06456912,-2.391647,0.06529892,0.8662069,-0.1697096,0.4654248,20.78062,122.9963,357.2505,0.1103964,0.02645097,-0.9935353,-0.378422,0.0002433166,-0.2775454,1.490693,-0.478607,-2.942237,-0.3460173,0.06743036,1.517272,-0.5582315,-0.04484935,-0.828472,0.2710988,0.9338694,-0.2332238,0.7841445,-0.3547907,-0.5091567,moving,-10.750444496337218,0.7061537023575912,-12.84672881931181,2.544655470636353,1.3812075,-0.54317612,-0.5505900000000001,-0.1865179664884284,0.0121081199149187,0.9823768396034374,-9.882257596531293,1.4526071515385297,2.75409530382148,2.7882784499961937,3.1592181250964924
414,05/05/2023 12:21:29.037707,612,True,True,True,True,Eyes,0.1360243,0.06080109,-2.365566,0.8789231,-0.3277692,-0.346499,0.0,0.0,0.0,0.0,0.0,0.0,0.0,-1.938505,-0.637702,-1.265676,0.1052205,0.06545529,-2.398134,0.0658474,0.8643138,-0.1679448,0.4694894,20.61847,122.4902,357.3134,0.1051621,0.02637136,-0.994105,-0.3557167,0.0002287176,-0.2608927,1.490688,-0.4763581,-2.942196,-0.3500775,0.0792585,1.516795,-0.5504878,-0.04387095,-0.8336897,0.2715222,0.9349174,-0.2284847,0.7894548,-0.3521433,-0.5027487,moving,-10.404462584747284,0.6629274780710623,-12.996334128595418,2.9912091685503075,1.3854675,-0.54181339,-0.5440619999999998,-0.1805840599217708,0.0113797930637989,0.9834937309384568,-9.541117983678404,1.4105645151293298,3.4395053961207034,3.4840628194724905,3.799599469481425
415,05/05/2023 12:21:29.055116,613,True,True,True,True,Eyes,0.1346923,0.06095842,-2.367605,0.8801888,-0.3266571,-0.3443295,0.0,0.0,0.0,0.0,0.0,0.0,0.0,-1.963425,-0.6256493,-1.245126,0.1008501,0.06642799,-2.404626,0.0670841,0.8617151,-0.1662684,0.4746596,20.50177,121.8379,357.4161,0.1003938,0.0263021,-0.9945997,-0.3343737,0.0002149945,-0.2452391,1.490683,-0.4740394,-2.942153,-0.3531727,0.07450068,1.517552,-0.5403963,-0.04222704,-0.8403506,0.2734566,0.9357091,-0.2228678,0.7957347,-0.3502363,-0.4941064,moving,-9.933861269481651,0.6850741616031151,-13.100977315352914,2.8105463723850894,1.3898329,-0.54046739,-0.5375269999999999,-0.1724992952326647,0.0117772823278567,0.9849392255166324,-9.07729384414702,1.43662267391249,3.778278116854912,3.814217634957612,4.25178727192226
416,05/05/2023 12:21:29.067887,614,True,True,True,True,Eyes,0.1332273,0.06116345,-2.369817,0.8815724,-0.3256516,-0.3417327,0.0,0.0,0.0,0.0,0.0,0.0,0.0,-1.986859,-0.6166512,-1.224659,0.096597,0.06758003,-2.411174,0.06657824,0.859242,-0.1643737,0.4798456,20.26534,121.1642,357.3524,0.0960397,0.02624382,-0.9950311,-0.3143113,0.0002020949,-0.2305247,1.490678,-0.4716306,-2.942108,-0.356726,0.05921958,1.517898,-0.5306311,-0.04333437,-0.8464943,0.2721616,0.9370973,-0.2185791,0.8027195,-0.3463682,-0.485459,moving,-9.462981000436576,0.5494201709178783,-13.225265543389922,2.234216033390597,1.394081,-0.53921063,-0.5309340000000002,-0.1644029824978948,0.0094585688359628,0.986347957921028,-8.612822907710633,1.3003951042309845,4.100341140266709,4.122295729366205,4.706022587617767
417,05/05/2023 12:21:29.087889,615,True,True,True,True,Eyes,0.1316442,0.06143985,-2.372216,0.8829602,-0.3247503,-0.3389962,0.0,0.0,0.0,0.0,0.0,0.0,0.0,-2.01308,-0.6132658,-1.195693,0.09186929,0.06894504,-2.417659,0.06767835,0.8557416,-0.1648946,0.4857322,20.36268,120.353,357.288,0.09205279,0.02619733,-0.9954091,-0.2954526,0.0001899692,-0.2166933,1.490672,-0.4692404,-2.942063,-0.3566995,0.07161468,1.519292,-0.5189676,-0.04435887,-0.853642,0.2760196,0.9364588,-0.2164672,0.8090028,-0.3479614,-0.4737478,moving,-8.885127485972777,0.7527860393168142,-13.212609660218286,2.698746521196444,1.39880271,-0.53818544,-0.5244040000000001,-0.1544409110608834,0.0129805842813401,0.9879166995101202,-8.043706236304997,1.513573267780542,4.7177703216444185,4.7448776765528775,5.3030367004533305
418,05/05/2023 12:21:29.097909,616,True,True,True,True,Eyes,0.1299409,0.06174786,-2.374778,0.8844907,-0.3237885,-0.3359126,0.0,0.0,0.0,0.0,0.0,0.0,0.0,-2.037041,-0.6113444,-1.169483,0.08744661,0.07094815,-2.424517,0.06695931,0.8526724,-0.164531,0.4913206,20.266,119.5792,357.0984,0.08839157,0.02616432,-0.9957417,-0.2777255,0.000178571,-0.2036917,1.490667,-0.4669542,-2.942021,-0.3555961,0.06523962,1.520816,-0.5082413,-0.04748623,-0.8599048,0.2758636,0.936892,-0.2147851,0.8158371,-0.3463791,-0.4630676,moving,-8.355701313677177,0.7408654595465498,-13.160424472234627,2.4563553554268904,1.40322039,-0.53790235,-0.5175040000000002,-0.1453062341818941,0.0127929501629663,0.989304050679822,-7.521817585731836,1.5050056898954058,5.081198673316212,5.101790882939622,5.718299905271111
419,05/05/2023 12:21:29.117952,617,True,True,True,True,Eyes,0.1281055,0.06207483,-2.377503,0.8859428,-0.323039,-0.3327929,0.0,0.0,0.0,0.0,0.0,0.0,0.0,-2.05937,-0.6119672,-1.143051,0.08278327,0.07200796,-2.431056,0.06548101,0.849651,-0.1645742,0.4967101,20.16418,118.8113,356.8111,0.0850182,0.02614463,-0.996036,-0.2610619,0.0001678568,-0.1914702,1.490662,-0.4645453,-2.941976,-0.3523937,0.06301866,1.522685,-0.4979827,-0.05221934,-0.8656133,0.2747633,0.9372552,-0.2146111,0.8225074,-0.3447114,-0.452389,moving,-7.831214595979469,0.6984129446788507,-13.030510581912134,2.369921447331134,1.40787873,-0.53655326,-0.51092,-0.1362453712912859,0.0120756395185788,0.990601500309366,-7.004725860804315,1.4650035681203306,5.443089930069844,5.461375231914981,6.093353581834212
420,05/05/2023 12:21:29.137541,618,True,True,True,True,Eyes,0.1261504,0.06242106,-2.380379,0.8874714,-0.3223313,-0.3293889,0.0,0.0,0.0,0.0,0.0,0.0,0.0,-2.080032,-0.6179579,-1.115531,0.07786505,0.0728531,-2.437508,0.06487341,0.846513,-0.1664281,0.5015066,20.29392,118.0869,356.5099,0.0818985,0.02613758,-0.9962975,-0.2453982,0.0001577854,-0.179982,1.490657,-0.4622757,-2.941934,-0.3458593,0.06524312,1.525198,-0.4885653,-0.05709725,-0.8706573,0.276762,0.9361862,-0.2166983,0.8274702,-0.3468361,-0.4415857,moving,-7.377921115052692,0.8801734273310725,-12.776521737094514,2.44943792385283,1.41279195,-0.5351288000000001,-0.504426,-0.1283985453571142,0.0152341690670969,0.9916056342437112,-6.558338324789935,1.6550933846848237,5.6051527534728045,5.622052982350311,6.268715035473048
421,05/05/2023 12:21:29.155267,619,True,True,True,True,Eyes,0.1240735,0.0627737,-2.383407,0.8888835,-0.321723,-0.3261601,0.0,0.0,0.0,0.0,0.0,0.0,0.0,-2.100488,-0.6196626,-1.090145,0.0730199,0.0737548,-2.444111,0.06452946,0.8436006,-0.1673222,0.5061397,20.3423,117.4106,356.3003,0.07900183,0.02614255,-0.9965312,-0.2306743,0.0001483182,-0.169183,1.490651,-0.4598546,-2.941889,-0.3370489,0.05934198,1.528063,-0.4793172,-0.06050266,-0.8755538,0.278251,0.9356785,-0.2169844,0.832365,-0.3476281,-0.4316519,moving,-6.952068467378181,0.9856203001595022,-12.438710290856172,2.22395104092198,1.4176311,-0.5336094,-0.4977780000000003,-0.1210213258049795,0.0170750383958208,0.9925030266439728,-6.138819667244835,1.7665082852899372,5.6128109470052046,5.6246512356461045,6.316476529216767
422,05/05/2023 12:21:29.167833,620,True,True,True,True,Eyes,0.1218791,0.06312101,-2.38657,0.8903705,-0.3210827,-0.3227168,0.0,0.0,0.0,0.0,0.0,0.0,0.0,-2.119829,-0.6154561,-1.068917,0.06806959,0.07416671,-2.450491,0.06422309,0.8411835,-0.1668161,0.5103512,20.25497,116.8296,356.1971,0.07630098,0.02615847,-0.9967413,-0.2168339,0.0001394191,-0.1590321,1.490646,-0.4576031,-2.941847,-0.327273,0.06263727,1.531158,-0.4708345,-0.06222276,-0.8800248,0.2783163,0.9360956,-0.2150932,0.837171,-0.3461985,-0.4234285,moving,-6.618361496090985,0.9606914903283064,-12.064977014580748,2.342574207620338,1.42257641,-0.53176981,-0.4913560000000001,-0.1152394953739437,0.0166547403114932,0.99319803606476,-5.809822697863889,1.7431977436311634,5.605974960385698,5.619183254762556,6.283805190449949
423,05/05/2023 12:21:29.177360,621,True,True,True,True,Eyes,0.119568,0.0634521,-2.389867,0.8917347,-0.3204986,-0.3195149,0.0,0.0,0.0,0.0,0.0,0.0,0.0,-2.139325,-0.6089545,-1.048175,0.06299931,0.0743752,-2.456972,0.06433647,0.8388048,-0.1660391,0.5144885,20.16651,116.2698,356.1567,0.07377143,0.02618386,-0.996931,-0.2038238,0.000131054,-0.1494901,1.490641,-0.4551445,-2.941801,-0.3183433,0.06234851,1.53359,-0.4623248,-0.06291887,-0.8844755,0.2787819,0.9365837,-0.2123479,0.841746,-0.3447495,-0.4154652,moving,-6.287477970875298,0.9381187066210652,-11.726939988901451,2.3280930812031624,1.4276416900000002,-0.5295197,-0.4848289999999999,-0.109502568638195,0.0162740718239167,0.9938532291822404,-5.483614378480659,1.7222905314338643,5.601583117260989,5.61424757269788,6.272647878451583
424,05/05/2023 12:21:29.197778,622,True,True,True,True,Eyes,0.1171437,0.06376291,-2.393298,0.8931738,-0.3198468,-0.3161307,0.0,0.0,0.0,0.0,0.0,0.0,0.0,-2.159557,-0.5979167,-1.028061,0.05778467,0.07434301,-2.463582,0.06481643,0.8364741,-0.1644456,0.5187173,20.02022,115.7221,356.2062,0.07139126,0.02621695,-0.9971034,-0.1915944,0.0001231907,-0.1405207,1.490636,-0.4529244,-2.94176,-0.3119982,0.05621415,1.536007,-0.4534621,-0.06216701,-0.8891045,0.279036,0.9375129,-0.2078661,0.8464695,-0.3423517,-0.4077799,moving,-5.9738988235680015,0.8687732864246569,-11.481875935241176,2.0959518553211813,1.43285133,-0.52726741,-0.4781779999999997,-0.1040635637320069,0.015080051664271,0.9944563332315642,-5.174352942373609,1.6531600491379104,5.633214470799431,5.643029248787789,6.323046013526714
425,05/05/2023 12:21:29.217739,623,True,True,True,True,Eyes,0.1146057,0.06405257,-2.396852,0.8945082,-0.3191874,-0.3130089,0.0,0.0,0.0,0.0,0.0,0.0,0.0,-2.17934,-0.5849118,-1.00938,0.05259183,0.07413999,-2.470269,0.0654995,0.8342984,-0.1624983,0.5227336,19.85383,115.2145,356.3062,0.06914064,0.02625596,-0.997261,-0.1800987,0.0001157993,-0.1320895,1.490631,-0.4505903,-2.941716,-0.3082557,0.04388736,1.537632,-0.444919,-0.06059442,-0.8935187,0.2791789,0.9386082,-0.2026666,0.8509445,-0.3396217,-0.4006879,moving,-5.680002128610135,0.7814953493850488,-11.336060310959969,1.6349022405006384,1.43803917,-0.52473029,-0.4714469999999999,-0.0989633289568335,0.0135722906748861,0.9949985628697294,-4.884450437454834,1.5654498902171972,5.714704800114692,5.720078450854506,6.451983694095083
426,05/05/2023 12:21:29.237351,624,True,True,True,True,Eyes,0.1119561,0.06430578,-2.400548,0.8959273,-0.3184018,-0.309733,0.0,0.0,0.0,0.0,0.0,0.0,0.0,-2.199552,-0.5694062,-0.9907796,0.04711159,0.0738755,-2.47714,0.06634451,0.8321437,-0.1600831,0.526791,19.65305,114.7137,356.4542,0.0670025,0.02629926,-0.9974058,-0.1692928,0.0001088513,-0.1241641,1.490626,-0.4482246,-2.941672,-0.3029411,0.02750513,1.539662,-0.4361792,-0.05824433,-0.8979728,0.279077,0.9399436,-0.1965249,0.8554902,-0.3363236,-0.3937292,moving,-5.4003519248035134,0.6689435350871209,-11.13122323635481,1.0234455683321206,1.44351441,-0.5221001,-0.4645320000000001,-0.0941080690555665,0.0116231879417761,0.9954941171389372,-4.608531284925962,1.4516478533183936,5.740226665338017,5.741825291763631,6.53673217212562
427,05/05/2023 12:21:29.247827,625,True,True,True,True,Eyes,0.109191,0.06451075,-2.404364,0.8972403,-0.317628,-0.3067122,0.0,0.0,0.0,0.0,0.0,0.0,0.0,-2.219427,-0.5514661,-0.9740267,0.04172894,0.07321021,-2.48427,0.06702957,0.8301879,-0.1570173,0.5306985,19.38126,114.2477,356.6354,0.06496065,0.02634476,-0.9975397,-0.1591353,0.0001023203,-0.1167143,1.49062,-0.4459275,-2.94163,-0.2986498,0.02467632,1.54135,-0.4277325,-0.05536341,-0.9022084,0.277952,0.9417052,-0.1895627,0.8601092,-0.3318527,-0.3874096,moving,-5.133615546353906,0.4843151878763491,-10.965670951350216,0.9172012949502004,1.44889106,-0.51913771,-0.45736,-0.0894754931030818,0.0084188903537029,0.9959534800261016,-4.345171580868733,1.263629761209729,5.846585063157392,5.848098890121833,6.62955689294395
428,05/05/2023 12:21:29.267566,626,True,True,True,True,Eyes,0.1063052,0.06467914,-2.408328,0.8986012,-0.3168225,-0.3035447,0.0,0.0,0.0,0.0,0.0,0.0,0.0,-2.238932,-0.5340635,-0.9570434,0.03592297,0.07219969,-2.491479,0.06762145,0.8282541,-0.1541272,0.5344787,19.12301,113.7919,356.8001,0.06300101,0.02639008,-0.9976643,-0.1495871,9.618104e-05,-0.1097114,1.490615,-0.4434907,-2.941584,-0.2925959,0.02821964,1.543265,-0.41952,-0.05273998,-0.9062129,0.2767709,0.9433442,-0.1830286,0.8645237,-0.3275975,-0.381155,moving,-4.887351980077854,0.3100240021688131,-10.735589652274754,1.0475751729164182,1.45469203,-0.51569039,-0.4501050000000002,-0.085195740003358,0.0053912403722761,0.9963496466895084,-4.102016485923873,1.0860999963229006,5.892000094234615,5.894562375611457,6.633685032871923
429,05/05/2023 12:21:29.277552,627,True,True,True,True,Eyes,0.1033014,0.06482183,-2.412463,0.8998849,-0.3159592,-0.3006278,0.0,0.0,0.0,0.0,0.0,0.0,0.0,-2.25809,-0.5183293,-0.940037,0.03010292,0.07146788,-2.499058,0.06894462,0.8262869,-0.1520294,0.537944,18.99081,113.3654,356.9913,0.06111018,0.02643357,-0.9977807,-0.1406119,9.041018e-05,-0.1031287,1.49061,-0.4411932,-2.941542,-0.2873793,0.02665001,1.545313,-0.411726,-0.04963053,-0.9099554,0.2775027,0.9442674,-0.1770631,0.868029,-0.3254165,-0.3750068,moving,-4.661433167484038,0.264468625303117,-10.534854843412427,0.9880080907531724,1.46050708,-0.51266108,-0.4424840000000003,-0.0812667803335503,0.0046005647801395,0.9966818292029868,-3.879218757094937,1.0408247175539638,5.91553568851673,5.917819830083476,6.655845649469212
430,05/05/2023 12:21:29.297745,628,True,True,True,True,Eyes,0.1001747,0.0649187,-2.416747,0.9012491,-0.3149288,-0.2976068,0.0,0.0,0.0,0.0,0.0,0.0,0.0,-2.276093,-0.5019116,-0.926414,0.02433355,0.07097514,-2.507016,0.06910635,0.8247976,-0.1488442,0.5410905,18.68217,112.9993,357.1514,0.05927682,0.02647414,-0.9978903,-0.1321752,8.498557e-05,-0.096941,1.490605,-0.4388364,-2.941498,-0.2785222,0.02690853,1.54811,-0.404891,-0.04707889,-0.9131523,0.2750739,0.9461395,-0.1707471,0.8720079,-0.3203183,-0.3701332,moving,-4.492054015997266,0.0436171955722206,-10.1990408708896,0.99578839174859,1.46627145,-0.5098115400000001,-0.434482,-0.0783208123064651,0.0007589251162371,0.9969278665574623,-3.711739671614377,0.8148746323318559,5.783039224464807,5.785873222664133,6.48982331334714
431,05/05/2023 12:21:29.317441,629,True,True,True,True,Eyes,0.09691462,0.06495079,-2.421176,0.9025055,-0.3139876,-0.2947806,0.0,0.0,0.0,0.0,0.0,0.0,0.0,-2.293971,-0.4856722,-0.9119618,0.01820902,0.06992176,-2.514882,0.06891558,0.823267,-0.1456468,0.5443061,18.35084,112.6185,357.2776,0.05749008,0.02651003,-0.9979938,-0.1242447,7.988643e-05,-0.09112454,1.490599,-0.4364775,-2.941454,-0.2689789,0.02295125,1.551012,-0.397963,-0.04508109,-0.9162932,0.2720248,0.9480753,-0.1647901,0.8761438,-0.3148348,-0.3650357,moving,-4.2957060753837695,-0.2070284983810305,-9.838470722313954,0.8477779605136239,1.47238998,-0.50639926,-0.4265719999999997,-0.0749035079371818,-0.0036031704754663,0.997184272981478,-3.517606981706372,0.5584711619380893,5.639656781417932,5.642238615743309,6.327481082629144
432,05/05/2023 12:21:29.337761,630,True,True,True,True,Eyes,0.09352683,0.0649557,-2.425756,0.9037434,-0.3132288,-0.2917799,0.0,0.0,0.0,0.0,0.0,0.0,0.0,-2.310421,-0.4782151,-0.8955638,0.01177943,0.06841649,-2.522687,0.06914952,0.8215382,-0.1449909,0.5470567,18.29373,112.2436,357.2823,0.05574034,0.02653889,-0.9980922,-0.11679,7.509324e-05,-0.08565707,1.490594,-0.4342309,-2.941412,-0.2564748,0.02824742,1.554785,-0.3918946,-0.0450185,-0.918908,0.2722544,0.948392,-0.1625737,0.8788038,-0.3138885,-0.3594132,moving,-4.126151045064206,-0.2056415395638767,-9.367063099388467,1.0408383865357402,1.47881457,-0.5026473899999999,-0.4187250000000002,-0.0719522268604972,-0.003579811403452,0.9974016173223004,-3.3504781962705623,0.5610799521205627,5.383557023987905,5.387102316397067,6.035682401503478
433,05/05/2023 12:21:29.355271,631,True,True,True,True,Eyes,0.0900199,0.06494632,-2.430488,0.9049025,-0.312514,-0.2889404,0.0,0.0,0.0,0.0,0.0,0.0,0.0,-2.328366,-0.4714983,-0.8754733,0.005292803,0.06779532,-2.530894,0.071321,0.8192674,-0.1457343,0.5499781,18.49613,111.8252,357.3746,0.05401842,0.02656016,-0.9981863,-0.1097826,7.058765e-05,-0.08051764,1.490589,-0.4317845,-2.941367,-0.2448208,0.02708125,1.558208,-0.3848751,-0.04343941,-0.9219461,0.2771632,0.9473497,-0.1603407,0.8803705,-0.3172407,-0.3525714,moving,-3.917008138770295,0.0617137313106954,-8.929138323125699,0.995685511851016,1.485296197,-0.49957982,-0.4104730000000001,-0.0683114118822688,0.001074591572538,0.9976635132718912,-3.1449539612456245,0.8374958241999864,5.095978291449222,5.098406836627712,5.786347095491
434,05/05/2023 12:21:29.367784,632,True,True,True,True,Eyes,0.08639149,0.06490105,-2.435352,0.9061015,-0.3117916,-0.2859477,0.0,0.0,0.0,0.0,0.0,0.0,0.0,-2.345154,-0.4625993,-0.8592458,-0.001070345,0.06744739,-2.539192,0.07146007,0.8175951,-0.1444003,0.5527932,18.3685,111.4552,357.4154,0.0523171,0.02657386,-0.9982767,-0.1031957,6.635239e-05,-0.07568658,1.490584,-0.4294779,-2.941324,-0.2331783,0.02630094,1.561634,-0.3786261,-0.04279622,-0.9245596,0.2764978,0.9480841,-0.1571167,0.8832842,-0.3151272,-0.3471363,moving,-3.7472167729965182,-0.0081773803465672,-8.49248256025682,0.9648806330815708,1.491654345,-0.49692529,-0.4021319999999999,-0.0653546565854111,-0.000142417086046,0.9978620976107252,-2.977424263447732,0.766801428354731,4.841674971137858,4.844005500537736,5.518614263431353
435,05/05/2023 12:21:29.387553,633,True,True,True,True,Eyes,0.0826373,0.06481914,-2.440335,0.9072257,-0.3112392,-0.2829693,0.0,0.0,0.0,0.0,0.0,0.0,0.0,-2.361785,-0.4572278,-0.8401816,-0.007659215,0.06653418,-2.547255,0.07137516,0.8156352,-0.1439977,0.5557963,18.31489,111.0321,357.3656,0.05062998,0.02657915,-0.9983635,-0.09700393,6.237125e-05,-0.07114539,1.490579,-0.4271947,-2.941281,-0.2230374,0.03201436,1.564872,-0.3719922,-0.04363455,-0.9272097,0.2764989,0.9483405,-0.155559,0.8860983,-0.3142392,-0.3407103,moving,-3.5275324862795103,-0.0169541096721506,-8.111595903481145,1.1720012060965344,1.4982382150000002,-0.49372888,-0.3940260000000002,-0.0615281640346842,-0.0002953443844252,0.9981052714527838,-2.760858630210654,0.7593071068397914,4.732505295752032,4.735741985773818,5.366628903429738
436,05/05/2023 12:21:29.397776,634,True,True,True,True,Eyes,0.07876699,0.06471407,-2.445441,0.908373,-0.3107879,-0.2797669,0.0,0.0,0.0,0.0,0.0,0.0,0.0,-2.378983,-0.4533842,-0.8176749,-0.01450813,0.06559675,-2.555229,0.072135,0.8132495,-0.1446891,0.5590054,18.42025,110.5575,357.3155,0.04895086,0.02657528,-0.9984473,-0.09118369,5.862897e-05,-0.06687666,1.490574,-0.4248486,-2.941238,-0.2140298,0.03577203,1.567836,-0.3646191,-0.04443647,-0.9300959,0.2790914,0.9477232,-0.154689,0.8883473,-0.3159844,-0.3331562,moving,-3.278532178535692,0.1294171119633055,-7.773560499879418,1.307044102867056,1.50508213,-0.49044535,-0.3860089999999996,-0.0571898187661998,0.0022550561058434,0.9983608483922376,-2.515761486763079,0.9115767422606036,4.643341787242847,4.646728412484123,5.272650651772047
437,05/05/2023 12:21:29.417582,635,True,True,True,True,Eyes,0.07476602,0.06459,-2.450677,0.9095085,-0.3104475,-0.2764357,0.0,0.0,0.0,0.0,0.0,0.0,0.0,-2.397657,-0.4444806,-0.793262,-0.02121303,0.06494885,-2.56338,0.07374421,0.8105568,-0.1447904,0.562668,18.52441,110.0374,357.3772,0.04727484,0.02656211,-0.9985284,-0.08571267,5.511123e-05,-0.06286407,1.490568,-0.4225284,-2.941195,-0.2070249,0.03649737,1.570607,-0.3559329,-0.04339017,-0.9335036,0.2824856,0.9471951,-0.1517347,0.8907939,-0.3177087,-0.3248808,moving,-2.992239319686288,0.2761745145454722,-7.5089847277977455,1.3311853219838623,1.51178103,-0.48747725,-0.377815,-0.0522000887247595,0.0048135645123218,0.9986250739876318,-2.2339056205133643,1.0645035995174434,4.635337361069882,4.638322637064798,5.281815855291232
438,05/05/2023 12:21:29.437547,636,True,True,True,True,Eyes,0.07064702,0.06445818,-2.456031,0.9106731,-0.3102476,-0.2728018,0.0,0.0,0.0,0.0,0.0,0.0,0.0,-2.41773,-0.4320059,-0.7648861,-0.02829348,0.06440447,-2.57141,0.07598069,0.8073883,-0.1446657,0.5669417,18.64817,109.4369,357.4992,0.04559632,0.02653969,-0.9986071,0.0,0.0,0.0,1.490563,-0.420161,-2.94115,-0.2006379,0.03761871,1.573297,-0.345608,-0.04134221,-0.9374678,0.2867259,0.9465976,-0.1474495,0.8935006,-0.319756,-0.3152978,moving,-2.646178860987321,0.4392685386680202,-7.267532598454186,1.3697240198542162,1.5188564800000002,-0.48456547,-0.3697399999999997,-0.0461667603189525,0.0076584322291969,0.9989043343133782,-1.8931747402510304,1.2346483936337278,4.711417407035632,4.714091404424441,5.376055041834008
439,05/05/2023 12:21:29.455359,637,True,True,True,True,Eyes,0.06640827,0.06436118,-2.461497,0.9117826,-0.3102399,-0.2690794,0.0,0.0,0.0,0.0,0.0,0.0,0.0,-2.438349,-0.4196601,-0.7337987,-0.03529454,0.06410637,-2.579683,0.07844371,0.8038725,-0.144821,0.5715441,18.81438,108.7797,357.6129,0.04391144,0.02650856,-0.9986834,0.0,0.0,0.0,1.490558,-0.4177067,-2.941105,-0.1945511,0.03775311,1.575977,-0.3343681,-0.03942567,-0.9416177,0.2916606,0.9457469,-0.1431671,0.8961764,-0.3225033,-0.3047286,moving,-2.250697897939479,0.6333879903319521,-7.037440794256901,1.3722790612510034,1.52585254,-0.4818130699999999,-0.3614219999999997,-0.0392695916246624,0.0110459540240848,0.9991676109604736,-1.5038026909016111,1.4370454454020325,4.841193867143753,4.843435513158941,5.534017107257759
440,05/05/2023 12:21:29.471089,638,True,True,True,True,Eyes,0.0620564,0.06424578,-2.467093,0.9129759,-0.3101448,-0.2651138,0.0,0.0,0.0,0.0,0.0,0.0,0.0,-2.459306,-0.4046431,-0.7021995,-0.04256195,0.06486197,-2.58824,0.08206338,0.8002473,-0.1450325,0.5760518,19.06673,108.14,357.8322,0.04221708,0.02647093,-0.9987575,0.0,0.0,0.0,1.490553,-0.4155861,-2.941065,-0.1894359,0.03720208,1.578589,-0.3228601,-0.03575049,-0.9457715,0.2984345,0.9444624,-0.1375782,0.898164,-0.3266692,-0.29426,moving,-1.8878249001093312,0.9182548626446604,-6.84296018587099,1.3500206180628025,1.53311495,-0.48044807,-0.3528250000000001,-0.0329385748160347,0.0160171896074773,0.9993290838479866,-1.146786462421136,1.7325428927245563,4.972157299148761,4.973910671468887,5.709003273631307
441,05/05/2023 12:21:29.487606,639,True,True,True,True,Eyes,0.05757198,0.06409612,-2.472763,0.9141129,-0.3100075,-0.2613294,0.0,0.0,0.0,0.0,0.0,0.0,0.0,-2.480765,-0.3775859,-0.6742079,-0.04969266,0.0642669,-2.59706,0.08429089,0.797078,-0.1415458,0.5809704,18.88,107.5222,358.1773,0.04050946,0.02642658,-0.9988294,0.0,0.0,0.0,1.490548,-0.4131971,-2.941021,-0.1846746,0.03617316,1.581303,-0.310737,-0.03009498,-0.9500194,0.2988406,0.9457196,-0.127705,0.9022954,-0.3235871,-0.2848765,moving,-1.5158420542668083,0.7661619427356741,-6.661190019178988,1.3104433461572702,1.54024066,-0.477464,-0.3439610000000002,-0.0264509864822485,0.0133669720715989,0.9995607878857458,-0.7797609489403905,1.578719297197635,5.17230808741023,5.174055268948766,5.887544470673173
442,05/05/2023 12:21:29.497706,640,True,True,True,True,Eyes,0.05297155,0.0639855,-2.478565,0.9151629,-0.3102651,-0.2573179,0.0,0.0,0.0,0.0,0.0,0.0,0.0,-2.499533,-0.3645287,-0.6445165,-0.05766545,0.06329062,-2.605498,0.08749788,0.793735,-0.1424156,0.5848476,19.17329,106.9485,358.3205,0.03878598,0.02637479,-0.9988992,0.0,0.0,0.0,1.490542,-0.4108131,-2.940977,-0.180863,0.03346765,1.583694,-0.3005949,-0.02768258,-0.9533499,0.3054831,0.9441238,-0.1237347,0.9035058,-0.3284263,-0.2753423,moving,-1.2144109316826204,1.0589664079883343,-6.515137705018341,1.210631421704074,1.54820745,-0.47410372,-0.3354790000000003,-0.0211902647803804,0.0184772490662523,0.9996047375939706,-0.4833272820256413,1.88195157421782,5.301650697832001,5.302896057999205,6.069053280874575
443,05/05/2023 12:21:29.517584,641,True,True,True,True,Eyes,0.05297155,0.0639855,-2.478565,0.9151629,-0.3102651,-0.2573179,0.0,0.0,0.0,0.0,0.0,0.0,0.0,-2.518367,-0.3511782,-0.6154823,-0.06505587,0.06419198,-2.614567,0.09282432,0.7902295,-0.1444527,0.5882641,19.72536,106.4243,358.5848,0.037044,0.02631778,-0.9989667,0.0,0.0,0.0,1.490537,-0.4085542,-2.940935,-0.1775817,0.03134182,1.586354,-0.2906583,-0.02324766,-0.9565446,0.3166577,0.9410341,-0.1190912,0.9029098,-0.337512,-0.2661578,moving,-0.7251402592237408,1.6314205355353837,-6.3872868086564845,1.131853551386453,1.55559287,-0.4727461799999999,-0.326368,-0.0126506184724947,0.0284675352271167,0.9995146966229088,-0.0023972766602285,2.4740951417028163,5.683101181832167,5.684142038945261,6.524448392206836
444,05/05/2023 12:21:29.538062,642,True,True,True,True,Eyes,0.05297155,0.0639855,-2.478565,0.9151629,-0.3102651,-0.2573179,0.0,0.0,0.0,0.0,0.0,0.0,0.0,-2.534971,-0.3315329,-0.5964494,-0.07203183,0.06434076,-2.623436,0.09181956,0.7885071,-0.1397741,0.5918521,19.21495,106.0042,358.7469,0.03547619,0.0262664,-0.9990249,0.0,0.0,0.0,1.490532,-0.4062883,-2.940892,-0.1755354,0.03237613,1.588856,-0.2825604,-0.02065053,-0.9590273,0.310252,0.9440647,-0.1117386,0.9076912,-0.329113,-0.2603484,moving,-0.3098561733751715,1.1330029869417904,-6.3044199844775966,1.1673549534321144,1.56256383,-0.47062906,-0.3174559999999999,-0.005406926961404,0.019773055445958,0.9997899073775428,0.4081267459253511,1.964401275784781,5.993424491019347,5.9946622376061,6.759701653758042
445,05/05/2023 12:21:29.555250,643,True,True,True,True,Eyes,0.04766376,0.063913,-2.485179,0.9164077,-0.3101416,-0.2530002,0.0,0.0,0.0,0.0,0.0,0.0,0.0,-2.550185,-0.3275618,-0.5708621,-0.08007738,0.06397427,-2.631752,0.09340456,0.785877,-0.1413926,0.5947109,19.47113,105.5441,358.7014,0.03406476,0.0262201,-0.9990752,0.0,0.0,0.0,1.490527,-0.4039394,-2.940849,-0.1751345,0.02805188,1.591232,-0.275189,-0.02136645,-0.9611528,0.3149845,0.9425674,-0.111137,0.9083259,-0.3333318,-0.2526542,moving,-0.1368021674876716,1.400593324201848,-6.280819847893127,1.0099645181400545,1.57060438,-0.46791367,-0.3090969999999999,-0.0023869326241753,0.0244424607181832,0.9996983817815142,0.5780772445680242,2.240807231952156,6.15544700186558,6.156422997265546,6.968460598375826
446,05/05/2023 12:21:29.567695,644,True,True,True,True,Eyes,0.0422825,0.06390347,-2.491875,0.9177104,-0.3098715,-0.2485707,0.0,0.0,0.0,0.0,0.0,0.0,0.0,-2.56544,-0.3238918,-0.5447083,-0.08730175,0.06503153,-2.640311,0.09574944,0.7830564,-0.1433902,0.5975734,19.81596,105.0755,358.6955,0.03257585,0.0261688,-0.9991262,0.0,0.0,0.0,1.490522,-0.4016029,-2.940805,-0.1743984,0.02365264,1.593887,-0.2674762,-0.02141796,-0.9633265,0.3213268,0.9405426,-0.1101307,0.9084083,-0.339,-0.2446907,moving,0.0358771177451585,1.7657234988147772,-6.2442946606460215,0.8501838473554884,1.57782375,-0.46663443,-0.300494,0.0006258765023366,0.0308128066635065,0.9995250356559467,0.7474285419837136,2.6175239189120187,6.345603923730199,6.346555791883912,7.21163533955513
447,05/05/2023 12:21:29.588034,645,True,True,True,True,Eyes,0.03682157,0.06397098,-2.498653,0.9190171,-0.3093368,-0.2443732,0.0,0.0,0.0,0.0,0.0,0.0,0.0,-2.580915,-0.3120959,-0.5216444,-0.09448272,0.06649747,-2.649017,0.09546431,0.7809035,-0.1410412,0.6009856,19.57402,104.6217,358.7575,0.0310147,0.02611548,-0.9991773,0.0,0.0,0.0,1.490516,-0.3992314,-2.940761,-0.1742845,0.02704693,1.59657,-0.2594059,-0.02043056,-0.9655524,0.3186242,0.9419879,-0.1055337,0.9116947,-0.3350244,-0.2378475,moving,0.2222024381278554,1.5597536935296532,-6.229844608923641,0.9705347830269178,1.58499872,-0.46572887,-0.291744,0.0038767174202357,0.0272192699357099,0.9996219431420564,0.9315765661498856,2.4069967855022245,6.477828670780208,6.478895740931472,7.304065739801831
448,05/05/2023 12:21:29.597651,646,True,True,True,True,Eyes,0.03131251,0.06412695,-2.505508,0.920352,-0.3087539,-0.2400485,0.0,0.0,0.0,0.0,0.0,0.0,0.0,-2.595349,-0.3092789,-0.4956887,-0.1018194,0.06842209,-2.65747,0.09676873,0.7782891,-0.1422249,0.6038824,19.77079,104.1591,358.7124,0.02938658,0.02606334,-0.9992279,0.0,0.0,0.0,1.490511,-0.3969148,-2.940718,-0.1736015,0.03711638,1.599459,-0.2519236,-0.0211462,-0.967516,0.3224024,0.9408157,-0.1045104,0.9124643,-0.3382581,-0.2301962,moving,0.3967555200687315,1.795449666602898,-6.194499852311564,1.3293434354195146,1.5923303999999998,-0.46533689,-0.2832479999999999,0.0069212355326873,0.031330630310364,0.9994851400218596,1.10307987217546,2.6506119277194164,6.605810700005833,6.607715369375416,7.416226821233866
449,05/05/2023 12:21:29.618268,647,True,True,True,True,Eyes,0.02574429,0.06435861,-2.512427,0.9217356,-0.3077817,-0.2359529,0.0,0.0,0.0,0.0,0.0,0.0,0.0,-2.609218,-0.308955,-0.4712486,-0.1085181,0.07069136,-2.666229,0.09583164,0.7760611,-0.141946,0.606957,19.67284,103.6934,358.5658,0.02769756,0.02601574,-0.9992774,0.0,0.0,0.0,1.490506,-0.3944981,-2.940673,-0.1737872,0.03753376,1.602426,-0.2448388,-0.02356775,-0.9692771,0.3210526,0.9413353,-0.1039861,0.9148656,-0.3366488,-0.2229089,moving,0.5893300919678289,1.7613982620104562,-6.189681955450208,1.3417985465941242,1.5990241,-0.46518946,-0.2744439999999999,0.0102807089513897,0.0307357304966552,0.9994746040170076,1.2929827493863837,2.616935205704704,6.789980691913413,6.791985590401113,7.5905365149253425
450,05/05/2023 12:21:29.637645,648,True,True,True,True,Eyes,0.02013979,0.06467528,-2.519396,0.9230932,-0.3068984,-0.231759,0.0,0.0,0.0,0.0,0.0,0.0,0.0,-2.621512,-0.3110363,-0.4497578,-0.1154992,0.07270697,-2.674458,0.09467736,0.7742574,-0.1420073,0.6094224,19.59062,103.309,358.3896,0.02595276,0.02597517,-0.9993253,0.0,0.0,0.0,1.490501,-0.3921543,-2.94063,-0.1725481,0.0404398,1.605682,-0.239281,-0.02647553,-0.9705893,0.3196941,0.9417403,-0.1045033,0.9168099,-0.3352973,-0.2168766,moving,0.6987362371277436,1.7369445951695353,-6.133521028646314,1.442714154248424,1.6060002,-0.46486127,-0.2661720000000001,0.0121893426952836,0.0303085057798655,0.9994662236873482,1.4008830786541462,2.592549153428427,6.836319612747258,6.838589832566874,7.621637998320658
451,05/05/2023 12:21:29.655764,649,True,True,True,True,Eyes,0.01451139,0.06506504,-2.526377,0.9245144,-0.305657,-0.2276992,0.0,0.0,0.0,0.0,0.0,0.0,0.0,-2.633849,-0.3125329,-0.4271305,-0.121995,0.07508054,-2.682677,0.09474808,0.7721477,-0.1429218,0.6118696,19.67353,102.91,358.2607,0.02415687,0.02594419,-0.9993711,0.0,0.0,0.0,1.490495,-0.3898275,-2.940586,-0.1700962,0.04802803,1.609257,-0.2332772,-0.02857996,-0.9719903,0.321218,0.9411923,-0.1047665,0.917824,-0.3366603,-0.2103783,moving,0.8249160156567622,1.899545898705731,-6.0336799981758045,1.7094763791990388,1.61249,-0.4649080399999999,-0.2579090000000001,0.0143890933268482,0.0331438255528517,0.99934700878021,1.524876580552323,2.760653876467101,6.858102975460279,6.861229168538642,7.631300785881592
452,05/05/2023 12:21:29.667879,650,True,True,True,True,Eyes,0.008867329,0.06552122,-2.533382,0.9259316,-0.3044809,-0.2234773,0.0,0.0,0.0,0.0,0.0,0.0,0.0,-2.645663,-0.3120835,-0.4040728,-0.1283078,0.07716367,-2.690313,0.09354898,0.7701191,-0.1423282,0.6147422,19.52611,102.4799,358.121,0.02231586,0.0259247,-0.9994144,0.0,0.0,0.0,1.49049,-0.387483,-2.940543,-0.1663515,0.0557218,1.61289,-0.2266814,-0.03090259,-0.9734786,0.319078,0.9419825,-0.1042023,0.9202201,-0.3342363,-0.2036697,moving,0.978482403193034,1.8292024372837703,-5.888595269342284,1.978656132660472,1.6187978,-0.46464667,-0.2502299999999997,0.0170682104326992,0.0319155330650769,0.9993448478380508,1.6764142243193612,2.6893811234190963,6.864714937498632,6.868703820059126,7.598322094494262
453,05/05/2023 12:21:29.688223,651,True,True,True,True,Eyes,0.003231633,0.06602995,-2.540375,0.9273871,-0.3030871,-0.2192975,0.0,0.0,0.0,0.0,0.0,0.0,0.0,-2.657967,-0.3097429,-0.3775411,-0.1343574,0.07921986,-2.697951,0.09368096,0.7675011,-0.1425835,0.6179287,19.55079,101.9841,358.0289,0.02043465,0.02591808,-0.9994549,0.0,0.0,0.0,1.490485,-0.3851516,-2.9405,-0.1603072,0.06434643,1.617151,-0.218776,-0.03241236,-0.9752366,0.3200133,0.9417877,-0.1030896,0.9218071,-0.3346422,-0.1956681,moving,1.1925654800156638,1.945406464099362,-5.661200772274007,2.278596755746746,1.6248424,-0.4643714599999999,-0.2425489999999999,0.020800700805119,0.0339398800293327,0.9992074020585918,1.887164195030305,2.810382276142088,6.856710129913249,6.861860360825837,7.56707403950359
454,05/05/2023 12:21:29.697733,652,True,True,True,True,Eyes,-0.002397815,0.0665606,-2.547379,0.9288774,-0.3016539,-0.2149225,0.0,0.0,0.0,0.0,0.0,0.0,0.0,-2.670037,-0.3043633,-0.3497891,-0.139932,0.08092147,-2.705172,0.0932646,0.7647454,-0.1417192,0.6215964,19.43299,101.4415,357.962,0.01851884,0.02592503,-0.999492,0.0,0.0,0.0,1.49048,-0.3827933,-2.940456,-0.1528407,0.07400514,1.621428,-0.2098395,-0.03353698,-0.9771606,0.3188317,0.9424347,-0.1008124,0.924291,-0.3327041,-0.1870675,moving,1.4456917754934078,1.922279176604591,-5.384961438455034,2.613277613118177,1.630412,-0.46371477,-0.235284,0.0252152150608123,0.0335331413622883,0.9991194633185932,2.136727758302524,2.7883625522235667,6.859085045349924,6.865515433562755,7.523726676888315
455,05/05/2023 12:21:29.717532,653,True,True,True,True,Eyes,-0.1427095,0.08013283,-2.721902,0.9593528,-0.2624216,-0.1038128,0.0,0.0,0.0,0.0,0.0,0.0,0.0,-2.682338,-0.2952393,-0.3216121,-0.1454464,0.08195633,-2.712502,0.0930776,0.7618791,-0.1403043,0.6254531,19.2822,100.8851,357.9552,0.01657342,0.02594498,-0.9995256,0.0,0.0,0.0,1.490475,-0.3804839,-2.940413,-0.14596,0.0853499,1.626029,-0.2002899,-0.03367979,-0.9791576,0.3173353,0.9433025,-0.09735845,0.9269208,-0.3302211,-0.1782462,moving,-4.694642683431432,3.854620380448692,-5.129390716659085,3.004685248478716,1.6359214,-0.46244023,-0.2279109999999997,-0.0816614078978129,0.0670005563210596,0.9944055150546258,-3.920413260995449,4.732829425892584,0.9535309680244412,0.954670404355416,2.109054002682808
456,05/05/2023 12:21:29.737632,654,True,True,True,True,Eyes,-0.1428936,0.0801789,-2.722193,0.9594081,-0.2623504,-0.1034813,0.0,0.0,0.0,0.0,0.0,0.0,0.0,-2.694456,-0.2831684,-0.2918761,-0.1507854,0.08273741,-2.719537,0.09444951,0.7586265,-0.1397297,0.6293176,19.32237,100.3086,358.0224,0.007849845,0.02641316,-0.9996199,-0.420935,0.04071667,-0.5235701,1.490469,-0.3780463,-2.940367,-0.1391255,0.08580071,1.630608,-0.1900771,-0.03256494,-0.9812289,0.3191726,0.9431098,-0.0931278,0.9284393,-0.3308828,-0.1688697,moving,-4.154672325185912,3.9340356141350847,-4.876736213597615,3.012059931474281,1.6412544,-0.46078371,-0.2208300000000003,-0.0722793630516932,0.0684284879114879,0.9950342958383138,-3.3883463198110846,4.818268289053966,1.1707128862994924,1.171074471742119,2.340447202334756
457,05/05/2023 12:21:29.748670,655,True,True,True,True,Eyes,-0.1432509,0.08027092,-2.722723,0.9595098,-0.2621324,-0.1030894,0.0,0.0,0.0,0.0,0.0,0.0,0.0,-2.705802,-0.2733304,-0.2665882,-0.155415,0.08387262,-2.726894,0.09471575,0.7559676,-0.138376,0.632767,19.21304,99.81152,358.0631,0.0005327563,0.02679937,-0.9996403,-0.3956789,0.03827367,-0.4921558,1.490464,-0.3757935,-2.940325,-0.1339971,0.09980737,1.635143,-0.1812699,-0.03191546,-0.9829153,0.3183236,0.943762,-0.08934957,0.9304899,-0.3290815,-0.1609162,moving,-3.691350465284705,3.864330836764609,-4.684820326686501,3.49293911738136,1.645879,-0.45966612,-0.2134309999999999,-0.0642358836692835,0.0672549843387301,0.9956658044489544,-2.931481178954466,4.749812463746494,1.059996324405979,1.060619712592666,2.157296636017585
458,05/05/2023 12:21:29.767852,656,True,True,True,True,Eyes,-0.1437558,0.08038767,-2.723516,0.959684,-0.2617539,-0.1024282,0.0,0.0,0.0,0.0,0.0,0.0,0.0,-2.716632,-0.2620136,-0.2419481,-0.1600831,0.08499207,-2.733941,0.09530562,0.753361,-0.1369434,0.6360899,19.12205,99.33596,358.143,-0.005621928,0.02712011,-0.999616,-0.3719382,0.03597725,-0.4626265,1.490459,-0.3734512,-2.940282,-0.1303882,0.1195183,1.638891,-0.1726128,-0.0306175,-0.9845137,0.3178157,0.9443267,-0.08508972,0.9323078,-0.3275815,-0.1532721,moving,-3.2632487636799223,3.821291410764977,-4.548802193891098,4.170987059300975,1.6505421,-0.4584432699999999,-0.2063409999999996,-0.0567975037089412,0.0665371014651171,0.9961660895039056,-2.5093957251771397,4.708534600356736,1.3274614393097226,1.3322667407590465,2.109060478869071
459,05/05/2023 12:21:29.787874,657,True,True,True,True,Eyes,-0.1444032,0.08055925,-2.724477,0.9598408,-0.2614083,-0.1018404,0.0,0.0,0.0,0.0,0.0,0.0,0.0,-2.726557,-0.2558655,-0.2200315,-0.1641525,0.0856657,-2.741115,0.09419551,0.7512049,-0.1351324,0.639185,18.87115,98.89809,358.1087,-0.01081687,0.02738821,-0.999566,-0.3496219,0.03381861,-0.4348689,1.490453,-0.3709361,-2.940235,-0.1286887,0.1092334,1.643988,-0.1651393,-0.03122896,-0.9857756,0.3142695,0.9457329,-0.08260754,0.9348602,-0.323441,-0.1463633,moving,-2.868914760694316,3.6072962050307376,-4.475893069474281,3.801382304948655,1.6546055,-0.4566018,-0.1991199999999997,-0.0499521735578076,0.0628390689051096,0.9967728725751316,-2.120192595443008,4.491204418101877,1.6145048931627837,1.6186564487471276,2.454624059025402
460,05/05/2023 12:21:29.797416,658,True,True,True,True,Eyes,-0.1451621,0.08076531,-2.725691,0.9600673,-0.2608924,-0.1010245,0.0,0.0,0.0,0.0,0.0,0.0,0.0,-2.735806,-0.253242,-0.1980996,-0.1685002,0.08706786,-2.748097,0.09471611,0.7489285,-0.1356112,0.6416734,18.94617,98.49561,358.0511,-0.01522114,0.02761541,-0.9995024,-0.3286446,0.0317895,-0.4087768,1.490448,-0.3687078,-2.940194,-0.1264866,0.1211385,1.648705,-0.1585684,-0.03216496,-0.9868239,0.3159073,0.9452769,-0.08157251,0.9354457,-0.3246797,-0.13973,moving,-2.535858748820536,3.7257576066395406,-4.387067426941396,4.202252737385575,1.6589482,-0.4557756599999999,-0.1920969999999999,-0.0441513083912822,0.0649175544031535,0.9969134303463624,-1.7921751568511628,4.615356792156353,1.9051348511326955,1.911549418554138,2.6275693812803693
461,05/05/2023 12:21:29.817483,659,True,True,True,True,Eyes,-0.1460432,0.08096521,-2.727095,0.9602882,-0.2603547,-0.1003091,0.0,0.0,0.0,0.0,0.0,0.0,0.0,-2.745321,-0.2467628,-0.1788538,-0.1719416,0.08806124,-2.755422,0.09363039,0.7470387,-0.1334915,0.6444741,18.67086,98.11103,358.0539,-0.01901679,0.02781334,-0.999432,-0.3089259,0.02988213,-0.3842502,1.490443,-0.366402,-2.940151,-0.1239254,0.1342117,1.652861,-0.1517734,-0.03217249,-0.9878917,0.3119546,0.9468268,-0.07876184,0.9378963,-0.3201312,-0.1336668,moving,-2.1976348827396546,3.497256282922664,-4.287802936337512,4.642211296380935,1.6623846,-0.45446324,-0.1847290000000003,-0.038275251431513,0.0609560399494115,0.9974062756648766,-1.4582461573519134,4.382716731597197,2.373608209843448,2.3832172530267326,2.841430800610082
462,05/05/2023 12:21:29.837682,660,True,True,True,True,Eyes,-0.1470265,0.08117215,-2.728724,0.9604715,-0.2600334,-0.0993838,0.0,0.0,0.0,0.0,0.0,0.0,0.0,-2.753706,-0.2443933,-0.1607649,-0.1758689,0.08804893,-2.762207,0.09320854,0.7452468,-0.133281,0.6466495,18.61461,97.77225,357.9775,-0.02246181,0.02799689,-0.9993553,-0.2903903,0.0280892,-0.3611951,1.490438,-0.3641061,-2.940108,-0.1212764,0.1300908,1.658462,-0.1463132,-0.03344542,-0.9886728,0.3112988,0.9470967,-0.07810795,0.9389811,-0.319201,-0.1281612,moving,-1.927578573662281,3.46930151623475,-4.182356786054013,4.485133038000165,1.6663069,-0.45215503,-0.1779009999999998,-0.0335746735635404,0.0604796239355908,0.9976046148219044,-1.191983138804217,4.355850322654254,2.464008977877378,2.4730423505651284,2.9931669800820107
463,05/05/2023 12:21:29.847870,661,True,True,True,True,Eyes,-0.1480963,0.08138809,-2.730543,0.9606512,-0.2597118,-0.09848361,0.0,0.0,0.0,0.0,0.0,0.0,0.0,-2.762474,-0.2397859,-0.1418417,-0.179285,0.08846655,-2.769279,0.0952421,0.7430215,-0.1348665,0.6485822,18.90271,97.42776,357.9762,-0.02559497,0.02816757,-0.9992751,-0.2729669,0.02640385,-0.3395234,1.490433,-0.3617319,-2.940064,-0.118616,0.1381842,1.663428,-0.14054,-0.03341022,-0.9895111,0.3164779,0.9454799,-0.07687283,0.9381312,-0.3239622,-0.1223041,moving,-1.6586858975318968,3.788342059325428,-4.078753018895691,4.748768229857966,1.6697179999999998,-0.45019845,-0.1707849999999999,-0.0288822912077499,0.0660433124013477,0.9973986478339344,-0.9276847578405938,4.685837782781839,2.5936093335922865,2.6036788014173013,3.1516965950100584
464,05/05/2023 12:21:29.868107,662,True,True,True,True,Eyes,-0.1492524,0.08159474,-2.732562,0.9608227,-0.2595006,-0.0973607,0.0,0.0,0.0,0.0,0.0,0.0,0.0,-2.770848,-0.2331256,-0.1249733,-0.1824949,0.08885984,-2.776034,0.09519115,0.7412711,-0.1337715,0.6508157,18.79758,97.10485,358.0025,-0.02844997,0.02832683,-0.9991934,-0.2565889,0.02481962,-0.319152,1.490428,-0.3593718,-2.94002,-0.1159689,0.1369824,1.668631,-0.1347552,-0.03299634,-0.9903294,0.3152461,0.9460876,-0.07441813,0.9393939,-0.3222257,-0.1170883,moving,-1.406493212000357,3.7067599222906376,-3.975631133410172,4.69304082999626,1.6729229,-0.44823164,-0.1639859999999999,-0.0244941528681545,0.0646306457155772,0.9976085626385722,-0.6789037244993654,4.603694558341001,2.7418745786735075,2.7519483440156667,3.297937895855902
465,05/05/2023 12:21:29.887726,663,True,True,True,True,Eyes,-0.1504708,0.08179951,-2.73475,0.9609291,-0.2595181,-0.09625814,0.0,0.0,0.0,0.0,0.0,0.0,0.0,-2.779276,-0.2273169,-0.1049104,-0.1857079,0.08886413,-2.782924,0.09640944,0.7389714,-0.1344139,0.6531154,18.94067,96.72397,357.9953,-0.03105742,0.02847527,-0.9991116,-0.2411936,0.02333044,-0.3000029,1.490422,-0.3570006,-2.939976,-0.1151808,0.1364782,1.673989,-0.1282913,-0.03308788,-0.9911845,0.3180631,0.9452763,-0.07272299,0.9393494,-0.3245889,-0.1107467,moving,-1.1073775501855894,3.8607890800596816,-3.93610038754572,4.660943480363387,1.6761298999999998,-0.44586473,-0.1570520000000002,-0.0192823384769084,0.0673199816594059,0.997545096956984,-0.3844254304215426,4.7641893602049405,2.929414875781436,2.939714264163803,3.5531753000333777
466,05/05/2023 12:21:29.898122,664,True,True,True,True,Eyes,-0.1517477,0.08201163,-2.737132,0.9610428,-0.2595827,-0.09493961,0.0,0.0,0.0,0.0,0.0,0.0,0.0,-2.787186,-0.2240253,-0.0842545,-0.1884407,0.08900141,-2.789671,0.09718282,0.7366106,-0.1352296,0.6554947,19.06429,96.32217,357.9316,-0.03344416,0.02861376,-0.9990306,-0.226722,0.02193061,-0.2820027,1.490417,-0.354616,-2.939932,-0.113809,0.1404604,1.678693,-0.1217644,-0.03411283,-0.9919727,0.3204564,0.9445369,-0.07181752,0.9394047,-0.3266288,-0.1040793,moving,-0.803441497361991,3.991700115568781,-3.878500893086142,4.782938590231431,1.6788577,-0.44361741,-0.1502610000000004,-0.0139882304566525,0.0696051537285232,0.9974765275941097,-0.0851411559539425,4.900942300225026,3.1638849444996366,3.17522418279684,3.795194721073995
467,05/05/2023 12:21:29.918070,665,True,True,True,True,Eyes,-0.1517477,0.08201163,-2.737132,0.9610428,-0.2595827,-0.09493961,0.0,0.0,0.0,0.0,0.0,0.0,0.0,-2.795362,-0.2194134,-0.06429935,-0.1911048,0.08939816,-2.796751,0.0978534,0.7343459,-0.1355139,0.657873,19.13399,95.93441,357.902,-0.03563349,0.02874333,-0.9989512,-0.2131186,0.02061477,-0.2650826,1.490412,-0.3524351,-2.939891,-0.1106991,0.13783,1.683998,-0.1152557,-0.03458545,-0.9927336,0.3220184,0.9441214,-0.07027795,0.9396917,-0.3277784,-0.09767827,moving,-0.4330053757436189,4.075446502686514,-3.760977719307873,4.679051806473348,1.6815168,-0.44183326,-0.1431399999999998,-0.0075381886203468,0.0710679748289737,0.9974429757054356,0.2798040226186921,4.98965322270951,3.3709614115127824,3.382268363434243,4.0527016082676255
468,05/05/2023 12:21:29.937764,666,True,True,True,True,Eyes,-0.1517477,0.08201163,-2.737132,0.9610428,-0.2595827,-0.09493961,0.0,0.0,0.0,0.0,0.0,0.0,0.0,-2.803335,-0.212036,-0.04308558,-0.1935037,0.08925382,-2.803586,0.09823836,0.7319168,-0.1349895,0.6606247,19.11102,95.50868,357.9045,-0.03760361,0.02885981,-0.9988756,-0.2003315,0.01937789,-0.2491776,1.490407,-0.3500175,-2.939846,-0.1056417,0.1406327,1.688691,-0.1078486,-0.03455025,-0.9935669,0.3221595,0.944254,-0.06780485,0.9405223,-0.3273996,-0.09070587,moving,-0.0200830072088707,4.0676501453775895,-3.579663798556858,4.7605568891776455,1.6839107,-0.4392713199999999,-0.13626,-0.0003496316383935,0.0709342610940925,0.9974809168494576,0.6868440150925109,4.984514697444643,3.61426817458844,3.6263942374950298,4.272381774117908
469,05/05/2023 12:21:29.947912,667,True,True,True,True,Eyes,-0.1517477,0.08201163,-2.737132,0.9610428,-0.2595827,-0.09493961,0.0,0.0,0.0,0.0,0.0,0.0,0.0,-2.811215,-0.2084244,-0.02414632,-0.1958362,0.08922736,-2.810808,0.09839663,0.729791,-0.1350542,0.6629356,19.1222,95.13435,357.8499,-0.03937682,0.02896457,-0.9988042,-0.1883116,0.01821521,-0.234227,1.490402,-0.3477558,-2.939804,-0.09845878,0.1394554,1.693418,-0.1016691,-0.03544658,-0.9941866,0.3226825,0.9441569,-0.06666149,0.941031,-0.327584,-0.08455355,moving,0.3378023617456586,4.091808642636102,-3.327547388795245,4.7077664489971776,1.6862382,-0.43698316,-0.1289959999999999,0.0058807014662065,0.0713536084668174,0.9974337326494986,1.0395582022193186,5.011855849272061,3.7047980928130175,3.7167449217033193,4.377679934215178
470,05/05/2023 12:21:29.967716,668,True,True,True,True,Eyes,-0.1517477,0.08201163,-2.737132,0.9610428,-0.2595827,-0.09493961,0.0,0.0,0.0,0.0,0.0,0.0,0.0,-2.819456,-0.2009992,-0.006543636,-0.1979118,0.08926445,-2.818269,0.09924562,0.7277092,-0.1347951,0.6651465,19.16011,94.78651,357.8843,-0.04097248,0.02905877,-0.9987373,-0.1770129,0.0171223,-0.2201733,1.490396,-0.3454055,-2.93976,-0.0907273,0.1381046,1.697929,-0.09546069,-0.03487312,-0.9948222,0.3237609,0.9439611,-0.0641575,0.9413109,-0.328209,-0.07882059,moving,0.6754921421264475,4.140826980693236,-3.058639344325721,4.650035425149677,1.6883078,-0.4346699499999999,-0.1214910000000002,0.0117585179729071,0.0722031746836578,0.9973206154185142,1.3723068221203227,5.064622887459489,3.756960840482132,3.768690913038536,4.450299618435525
471,05/05/2023 12:21:29.987650,669,True,True,True,True,Eyes,-0.1533881,0.08218952,-2.740826,0.9613045,-0.2593133,-0.09300785,0.0,0.0,0.0,0.0,0.0,0.0,0.0,-2.827541,-0.1970314,0.005130529,-0.1995848,0.089192,-2.825958,0.09822115,0.7265415,-0.1331799,0.6668983,18.937,94.54905,357.8848,-0.04240845,0.02914348,-0.9986749,-0.1663922,0.01609496,-0.2069629,1.490391,-0.3430049,-2.939716,-0.08204053,0.1428014,1.701785,-0.09119873,-0.03491135,-0.9952207,0.3203583,0.9452315,-0.06251432,0.9428964,-0.3245284,-0.07501974,moving,0.8009985583369599,3.937704288744724,-2.760007704922232,4.7966073020202735,1.6899758,-0.4321969,-0.1137580000000002,0.0139466129204899,0.0686651435501341,0.9975423697708524,1.4964983482245162,4.8565997026722645,3.651843634753011,3.663124348583462,4.25692880708744
472,05/05/2023 12:21:29.997987,670,True,True,True,True,Eyes,-0.1550191,0.08234187,-2.744693,0.9615716,-0.2589947,-0.0911146,0.0,0.0,0.0,0.0,0.0,0.0,0.0,-2.835439,-0.1951157,0.01324725,-0.2014692,0.08860497,-2.83364,0.09776974,0.7257406,-0.1326826,0.667935,18.85619,94.39482,357.8601,-0.04375269,0.02922203,-0.9986147,-0.1564086,0.01512927,-0.1945452,1.490386,-0.3407142,-2.939673,-0.07563989,0.1422,1.705364,-0.08860788,-0.03533571,-0.9954396,0.3191576,0.9456728,-0.06197853,0.9435503,-0.3231938,-0.07251644,moving,0.8412198907134203,3.8774735068020623,-2.5396383629964667,4.76652224936775,1.6918552,-0.42931917,-0.106033,0.0146479301949452,0.0676157816063571,0.9976039349895208,1.536286832574826,4.794936766226499,3.485397280537703,3.4957989356277195,4.076024237496778
473,05/05/2023 12:21:30.017393,671,True,True,True,True,Eyes,-0.1566362,0.0824608,-2.748722,0.9618843,-0.258385,-0.08953118,0.0,0.0,0.0,0.0,0.0,0.0,0.0,-2.843809,-0.1908914,0.01625276,-0.2028708,0.08813635,-2.84166,0.09768573,0.7254573,-0.1317196,0.6684455,18.76631,94.34058,357.9203,-0.04501367,0.02929393,-0.9985566,-0.1470241,0.01422151,-0.1828725,1.490381,-0.3383935,-2.93963,-0.06942436,0.1422311,1.70896,-0.08727634,-0.03436115,-0.9955913,0.3178284,0.9462149,-0.06051871,0.9441229,-0.321709,-0.07166114,moving,0.8076887699112794,3.8216678951213514,-2.326290174661274,4.7575740916755125,1.6932518,-0.42652985,-0.0979700000000001,0.0140650224175966,0.0666446489360295,0.9976776598261928,1.503366374557986,4.737310514514356,3.261292892607935,3.2707406552297256,3.829710158424177
474,05/05/2023 12:21:30.037630,672,True,True,True,True,Eyes,-0.1582352,0.082555,-2.75292,0.9621941,-0.2577381,-0.08805504,0.0,0.0,0.0,0.0,0.0,0.0,0.0,-2.852323,-0.18498,0.01456904,-0.2041697,0.08738765,-2.849711,0.09733447,0.7257493,-0.1299158,0.6685326,18.58524,94.37903,358.0396,-0.04619914,0.02935848,-0.9985005,-0.1382027,0.01336822,-0.1719001,1.490376,-0.3360555,-2.939586,-0.06440927,0.1375274,1.712203,-0.08718038,-0.03242502,-0.9956647,0.3149867,0.9472958,-0.05843007,0.9450836,-0.3187151,-0.07237218,moving,0.6973685326838668,3.673684022131822,-2.1543240262027488,4.592247075599523,1.6945457,-0.42344315,-0.0898749999999997,0.012146071104935,0.0640692352078179,0.9978715901319272,1.3949713344124317,4.58434945953157,2.987990956557158,2.995982064967212,3.54930414718491
475,05/05/2023 12:21:30.048160,673,True,True,True,True,Eyes,-0.1597963,0.08262548,-2.75729,0.9625403,-0.2568947,-0.08672478,0.0,0.0,0.0,0.0,0.0,0.0,0.0,-2.860851,-0.1816441,0.0114491,-0.2053447,0.08688151,-2.85795,0.09723895,0.7261751,-0.1289189,0.6682771,18.49371,94.44934,358.1218,-0.04731466,0.0294153,-0.9984466,-0.1299105,0.01256613,-0.1615861,1.49037,-0.3335324,-2.939539,-0.06059548,0.142082,1.715094,-0.08790068,-0.03108215,-0.9956442,0.3135321,0.947849,-0.05727031,0.9455004,-0.3172005,-0.07357131,moving,0.5582665818428952,3.6269314810437248,-2.023458625120823,4.735689443708394,1.6957147,-0.42041391,-0.0815889999999996,0.0097239220742437,0.0632566341995471,0.9979498720113484,1.257967343582105,4.5352974996154565,2.802301874994672,2.8097418500716684,3.287539097765272
476,05/05/2023 12:21:30.067693,674,True,True,True,True,Eyes,-0.1613109,0.08266556,-2.761818,0.9629102,-0.2559038,-0.08554101,0.0,0.0,0.0,0.0,0.0,0.0,0.0,-2.869052,-0.1825463,0.006019592,-0.206005,0.08632655,-2.866169,0.09580696,0.7269866,-0.1274627,0.6678809,18.25838,94.55253,358.1318,-0.04836687,0.02946419,-0.9983947,-0.1221159,0.01181216,-0.1518909,1.490365,-0.3313398,-2.939499,-0.05695276,0.1359624,1.71794,-0.08951236,-0.03095904,-0.9955045,0.3095605,0.9491485,-0.05735203,0.9466573,-0.3133026,-0.0753768,moving,0.3952914393267372,3.445301814536786,-1.898761378149116,4.525110307646773,1.69637,-0.41766635,-0.0733299999999999,0.0068866139986249,0.0600942061995944,0.9981689904215494,1.0977491281037342,4.34736675681011,2.529415082395319,2.535481159693631,3.001777470757574
477,05/05/2023 12:21:30.087664,675,True,True,True,True,Eyes,-0.1627698,0.0826707,-2.7665,0.9633167,-0.2547416,-0.08442561,0.0,0.0,0.0,0.0,0.0,0.0,0.0,-2.876926,-0.1889398,-0.0008194447,-0.2064217,0.08559096,-2.874451,0.09351277,0.728034,-0.1264486,0.6672577,17.99367,94.67735,358.0365,-0.04935831,0.02950462,-0.998345,-0.1147889,0.01110343,-0.1427775,1.49036,-0.3289924,-2.939455,-0.05460246,0.1375611,1.720394,-0.09204534,-0.03258665,-0.9952216,0.3049085,0.9505323,-0.05932351,0.9479234,-0.3089119,-0.07755619,moving,0.2097309737868243,3.244223713067496,-1.8178630459456813,4.571590907941499,1.6967816999999998,-0.41458336,-0.065004,0.0036546216287582,0.0565917571373223,0.9983907289524392,0.915314165383824,4.139277071532455,2.418212272666336,2.4234358210777325,2.767156107212175
478,05/05/2023 12:21:30.097873,676,True,True,True,True,Eyes,-0.1641627,0.08263561,-2.771321,0.9637645,-0.2533809,-0.08340292,0.0,0.0,0.0,0.0,0.0,0.0,0.0,-2.884566,-0.1938453,-0.007302999,-0.2065528,0.08469798,-2.882448,0.09156783,0.7289488,-0.1254813,0.6667109,17.76042,94.78867,357.9647,-0.05029326,0.02953606,-0.9982975,-0.1079016,0.01043722,-0.1342108,1.490355,-0.3266003,-2.939411,-0.05243707,0.1490451,1.721615,-0.09422399,-0.03382298,-0.9949763,0.300816,0.9517395,-0.06084039,0.9490162,-0.3050374,-0.07950217,moving,0.0427162094272054,3.086151089726666,-1.7445795117551168,4.947921642623888,1.6969078000000002,-0.41129828,-0.0569630000000001,0.0007444571622414,0.0538374394647946,0.9985494053400636,0.751058547087133,3.9755450367206486,2.5760773497081844,2.580816844836507,2.6783811499579024
479,05/05/2023 12:21:30.117871,677,True,True,True,True,Eyes,-0.1654871,0.08256019,-2.776244,0.9642301,-0.2519887,-0.08223135,0.0,0.0,0.0,0.0,0.0,0.0,0.0,-2.892569,-0.1945832,-0.01204777,-0.2063711,0.08364359,-2.890567,0.08934598,0.7296367,-0.1232763,0.6666714,17.3989,94.85154,357.9587,-0.05117412,0.02955782,-0.998252,-0.1014275,0.009810989,-0.1261582,1.490349,-0.3242139,-2.939366,-0.05004166,0.1487086,1.723687,-0.09513338,-0.0339893,-0.9948843,0.2947497,0.9536405,-0.06076493,0.9508272,-0.2990226,-0.08070475,moving,-0.0777159900003597,2.802694802292192,-1.6629299859597155,4.93090082843686,1.6967200999999998,-0.40785749,-0.0487990000000002,-0.0013547770116444,0.0488967015378912,0.9988029148708392,0.6330152636216614,3.68318894709016,2.6498434250096183,2.653707652079239,2.613072813361505
480,05/05/2023 12:21:30.137705,678,True,True,True,True,Eyes,-0.1667297,0.08245926,-2.781299,0.9646997,-0.2505551,-0.08109598,0.0,0.0,0.0,0.0,0.0,0.0,0.0,-2.900621,-0.1929432,-0.01352024,-0.2060966,0.08252574,-2.898573,0.08843701,0.7297683,-0.1220181,0.6668801,17.22012,94.85048,357.9802,-0.05200442,0.02956936,-0.9982087,-0.09534185,0.00922233,-0.1185887,1.490344,-0.3220028,-2.939325,-0.04640621,0.1560816,1.725082,-0.09490012,-0.0336658,-0.9949176,0.2918199,0.954581,-0.06013607,0.951754,-0.2960435,-0.08076548,moving,-0.1394440431276899,2.7065309862436013,-1.5409347974432093,5.169918561131651,1.6964406,-0.40452854,-0.0407520000000003,-0.0024310403433599,0.0472201698247064,0.998881510937526,0.5723959103101407,3.5838602898920184,2.8308603099895016,2.834158548589812,2.6422996650836046
481,05/05/2023 12:21:30.147926,679,True,True,True,True,Eyes,-0.1678847,0.08233975,-2.786436,0.9651619,-0.2491847,-0.07980902,0.0,0.0,0.0,0.0,0.0,0.0,0.0,-2.908948,-0.1902547,-0.01461172,-0.2053775,0.08179448,-2.906805,0.08791509,0.7297706,-0.1208137,0.6671656,17.07603,94.83605,358.0283,-0.05278536,0.02957067,-0.9981677,-0.08962134,0.00866899,-0.1114734,1.490339,-0.3195156,-2.939279,-0.04207262,0.1628608,1.726058,-0.09432223,-0.03288985,-0.9949983,0.2895212,0.9553499,-0.05902478,0.9525129,-0.2936405,-0.08058832,moving,-0.1967682020866314,2.6415362457040565,-1.3963066835677411,5.390138896697612,1.6957165,-0.40131008,-0.0324740000000001,-0.0034305971050078,0.0460869026261832,0.9989315371980644,0.5160440741761263,3.516617699093981,2.996283961773736,2.998951333650282,2.677156532314404
482,05/05/2023 12:21:30.167861,680,True,True,True,True,Eyes,-0.1689534,0.08218576,-2.79169,0.9656245,-0.2477839,-0.078565,0.0,0.0,0.0,0.0,0.0,0.0,0.0,-2.917222,-0.1856007,-0.01681209,-0.2044743,0.08116529,-2.914878,0.08761029,0.7298606,-0.1192882,0.6673816,16.92181,94.84142,358.123,-0.05351833,0.02956206,-0.998129,-0.08424406,0.008148851,-0.104785,1.490334,-0.3173507,-2.939239,-0.03827539,0.1674476,1.727275,-0.09385245,-0.03133488,-0.995093,0.2871081,0.9561895,-0.05718849,0.9532894,-0.2910665,-0.08074428,moving,-0.2685542853161162,2.567926573272923,-1.2694327534368972,5.537134631481593,1.6948083,-0.39851599,-0.0243610000000003,-0.0046824326359727,0.0448032791410188,0.9989848529018251,0.4454572772530727,3.4404143638584674,3.131273761635568,3.1333614858294125,2.708705170006776
483,05/05/2023 12:21:30.187787,681,True,True,True,True,Eyes,-0.1699347,0.08200473,-2.797082,0.9660537,-0.2465844,-0.07704847,0.0,0.0,0.0,0.0,0.0,0.0,0.0,-2.925657,-0.1774424,-0.01877975,-0.203475,0.08017974,-2.922922,0.08783531,0.7298381,-0.1175627,0.6676828,16.79185,94.83889,358.2774,-0.05420418,0.02954324,-0.9980924,-0.07918941,0.00765992,-0.09849787,1.490329,-0.3148758,-2.939193,-0.03290197,0.1700562,1.728294,-0.09296942,-0.028778,-0.995253,0.2852003,0.956928,-0.05431117,0.9539484,-0.2888957,-0.08075757,moving,-0.3460771856963503,2.506956790927999,-1.0906225052539191,5.619552882747719,1.693804,-0.39505554,-0.0162710000000001,-0.0060343691748664,0.0437398958456785,0.9990247705820222,0.3691858598235632,3.3771703232133192,3.19901083102224,3.2004065622490026,2.675690566200479
484,05/05/2023 12:21:30.197826,682,True,True,True,True,Eyes,-0.1708156,0.08180897,-2.802587,0.9664645,-0.2454193,-0.07560291,0.0,0.0,0.0,0.0,0.0,0.0,0.0,-2.934382,-0.1652487,-0.02133012,-0.2023165,0.07936271,-2.931062,0.08914804,0.7297418,-0.1159416,0.6678975,16.75611,94.849,358.518,-0.05484391,0.02951419,-0.9980584,-0.07443805,0.007200325,-0.09258799,1.490324,-0.3127004,-2.939152,-0.02958561,0.173167,1.729246,-0.09193121,-0.02476409,-0.9954574,0.2849843,0.9572204,-0.05013134,0.9541135,-0.2882984,-0.08094099,moving,-0.430780395183974,2.53893075498744,-0.9801758793642046,5.718545040322712,1.6926405,-0.39206311,-0.0080900000000001,-0.0075110855859328,0.0442969521898044,0.9989902032518752,0.2856177358702957,3.409462775549557,3.225726310917254,3.226729366021539,2.633266864914824
485,05/05/2023 12:21:30.217857,683,True,True,True,True,Eyes,-0.1716004,0.08159747,-2.808212,0.9668453,-0.2444524,-0.07384553,0.0,0.0,0.0,0.0,0.0,0.0,0.0,-2.943242,-0.1501231,-0.02556396,-0.2007788,0.07883681,-2.939275,0.09091248,0.7297491,-0.1139528,0.667994,16.72461,94.88762,358.8301,-0.05543982,0.02947528,-0.9980267,-0.06997177,0.006768305,-0.08703271,1.490318,-0.3103381,-2.939108,-0.0270104,0.1771264,1.729827,-0.0910378,-0.01955306,-0.9956555,0.2849262,0.9574994,-0.04485597,0.9542165,-0.2877719,-0.0815975,moving,-0.5572013335798768,2.563754190478487,-0.894572791310801,5.846450471539186,1.6910968,-0.38917491,0.0001669999999998,-0.0097151114429537,0.0447289100026059,0.998951907510297,0.1609448870173935,3.4341104578657173,3.2993060237678407,3.299987026365594,2.6331543651737275
486,05/05/2023 12:21:30.237660,684,True,True,True,True,Eyes,-0.1722855,0.08138023,-2.813932,0.9672181,-0.2434858,-0.07213709,0.0,0.0,0.0,0.0,0.0,0.0,0.0,-2.952125,-0.1311418,-0.02955532,-0.1992244,0.07826474,-2.947422,0.09303866,0.7296734,-0.1114487,0.6682064,16.67726,94.9201,359.2125,-0.0559915,0.02942694,-0.9979973,-0.06577346,0.006362207,-0.08181075,1.490313,-0.308007,-2.939065,-0.02768406,0.1729987,1.730786,-0.08968804,-0.01316582,-0.9958829,0.2847172,0.9578459,-0.03830425,0.9544067,-0.2869803,-0.08215888,moving,-0.6711778490725193,2.5750451938047982,-0.9163724156387189,5.707974311469142,1.6895374,-0.38627174,0.0083570000000001,-0.0117021683244626,0.0449248111562538,0.9989218028064052,0.0485705144555976,3.444927699990735,3.141909987096581,3.142509384517836,2.460181868086769
487,05/05/2023 12:21:30.256737,685,True,True,True,True,Eyes,-0.1728763,0.08113803,-2.819765,0.967595,-0.2425852,-0.07008795,0.0,0.0,0.0,0.0,0.0,0.0,0.0,-2.96068,-0.114226,-0.03160834,-0.1975169,0.0779262,-2.955433,0.09474232,0.7294132,-0.1090351,0.6686492,16.60441,94.91106,359.5456,-0.05650087,0.02936974,-0.9979703,0.0,0.0,0.0,1.490308,-0.305586,-2.93902,-0.03107654,0.173699,1.731319,-0.08786462,-0.007599884,-0.9961036,0.2840251,0.9582704,-0.0323646,0.9547826,-0.2857621,-0.08203953,moving,-0.7661826185866017,2.558035056735928,-1.0283277637506898,5.7291741643608445,1.6878249,-0.3835122,0.016413,-0.0133586882472351,0.044627320714771,0.9989143765675692,-0.0450365356945117,3.4267713696922515,3.181210903053508,3.1819558948925195,2.503581488202446
488,05/05/2023 12:21:30.267903,686,True,True,True,True,Eyes,-0.1733728,0.08092973,-2.825693,0.96795,-0.2417488,-0.06804647,0.0,0.0,0.0,0.0,0.0,0.0,0.0,-2.969041,-0.09773538,-0.03118849,-0.1958058,0.07706837,-2.963351,0.09572393,0.72894,-0.1061988,0.6694815,16.43909,94.8465,359.8422,-0.05696772,0.02930368,-0.9979456,0.0,0.0,0.0,1.490303,-0.3032114,-2.938976,-0.03743993,0.1737289,1.731438,-0.08526306,-0.002642333,-0.9963551,0.2817503,0.9591175,-0.02665432,0.9556921,-0.2829959,-0.08103275,moving,-0.8082467205188282,2.445700499469921,-1.2387482108938137,5.729762596892849,1.6861088,-0.38027977,0.024375,-0.0140932521047654,0.0426683269867831,0.9989898903383162,-0.0862348362791345,3.310949289434161,3.3109309072616866,3.312158720977146,2.679355313317917
489,05/05/2023 12:21:30.287521,687,True,True,True,True,Eyes,-0.1737569,0.0807362,-2.831688,0.9683722,-0.2407746,-0.06544471,0.0,0.0,0.0,0.0,0.0,0.0,0.0,-2.97776,-0.0773052,-0.02924967,-0.194033,0.07770514,-2.971565,0.09842038,0.7281083,-0.1039311,0.6703508,16.45717,94.76443,0.2378306,-0.05739252,0.02923084,-0.9979226,0.0,0.0,0.0,1.490297,-0.3009424,-2.938933,-0.04629726,0.1710845,1.731637,-0.08188671,0.003980885,-0.9966338,0.2826619,0.9590235,-0.01939378,0.955718,-0.2832985,-0.07965647,moving,-0.8620702269324177,2.526856271592574,-1.531502167552736,5.64247039920847,1.68433,-0.37864754,0.0326319999999999,-0.0150307713416271,0.0440826892728199,0.9989148753644308,-0.1394804228071602,3.3940373549497087,3.1846680796489824,3.186720966028002,2.644461323664848
490,05/05/2023 12:21:30.297715,688,True,True,True,True,Eyes,-0.1740582,0.0804789,-2.837769,0.968845,-0.2395764,-0.06278913,0.0,0.0,0.0,0.0,0.0,0.0,0.0,-2.986549,-0.04671833,-0.02226257,-0.1917431,0.0778503,-2.97982,0.09950814,0.7268186,-0.09781165,0.672507,16.02296,94.55521,0.7803819,-0.05777542,0.02915242,-0.9979022,0.0,0.0,0.0,1.490292,-0.2985767,-2.93889,-0.05647975,0.1709159,1.731448,-0.07566488,0.01309072,-0.9970474,0.2762068,0.961062,-0.008342814,0.9581152,-0.2760225,-0.07633442,moving,-0.7935691424605932,2.170955578005165,-1.8683230738632404,5.637557048116003,1.6820351,-0.3764269999999999,0.0409300000000003,-0.013840012348473,0.0378776281006941,0.9991865189521808,-0.0711196159652504,3.0284944594250605,3.625951025257205,3.62938311089365,3.168145808006187
491,05/05/2023 12:21:30.317617,689,True,True,True,True,Eyes,-0.1742833,0.0803028,-2.844022,0.9691793,-0.2390297,-0.05963352,0.0,0.0,0.0,0.0,0.0,0.0,0.0,-2.994628,-0.02816962,-0.01468563,-0.1901565,0.0754854,-2.987799,0.09885626,0.7257026,-0.09342217,0.6744298,15.601,94.33683,1.03913,-0.05811755,0.02906671,-0.9978844,0.0,0.0,0.0,1.490287,-0.2962468,-2.938846,-0.06764472,0.1661543,1.731147,-0.07074419,0.01746711,-0.9973418,0.2694939,0.9629995,-0.002250232,0.9604002,-0.2689367,-0.07283381,moving,-0.7603413946679483,1.7844401895635256,-2.237699158370055,5.482415995935797,1.6804435,-0.3717321999999999,0.048953,-0.0132636362771224,0.0311365807768829,0.9994270653871666,-0.0374559443375451,2.6312203733752257,3.9772526681289033,3.982161602256436,3.6014423053833133
492,05/05/2023 12:21:30.337431,690,True,True,True,True,Eyes,-0.1743761,0.08020362,-2.850367,0.9696251,-0.2379889,-0.0564672,0.0,0.0,0.0,0.0,0.0,0.0,0.0,-3.003727,-0.009008437,-0.006909132,-0.188505,0.07739921,-2.996828,0.1056155,0.7236928,-0.09576581,0.6752355,16.33427,94.16945,1.40546,-0.05841995,0.0289772,-0.9978691,0.0,0.0,0.0,1.490282,-0.2939903,-2.938804,-0.07975868,0.1603527,1.730593,-0.06580486,0.02353742,-0.997555,0.2821954,0.9593485,0.004020627,0.9570975,-0.2812408,-0.06977201,moving,-0.7501237193435134,2.584123298746953,-2.6387511860057,5.293777652932834,1.678787,-0.37138951,0.0580239999999996,-0.0130784446156185,0.0450823170314504,0.9988977098414892,-0.0292685938093339,3.4537134074079447,3.295852516774245,3.30289879151471,3.192997937148558
493,05/05/2023 12:21:30.351049,691,True,True,True,True,Eyes,-0.1744041,0.0801136,-2.856766,0.9701325,-0.2367311,-0.05292823,0.0,0.0,0.0,0.0,0.0,0.0,0.0,-3.012305,0.01614647,-0.001526356,-0.1853183,0.07958997,-3.005589,0.1041442,0.7229009,-0.08772727,0.6774011,15.54119,93.97958,1.886662,-0.0586818,0.02888692,-0.9978562,0.0,0.0,0.0,1.490276,-0.2914861,-2.938758,-0.09113199,0.15583,1.729545,-0.06056341,0.03171881,-0.9976604,0.269425,0.9629158,0.01425861,0.9611152,-0.2679311,-0.06686325,moving,-0.7715828032796678,1.872419176443722,-3.016200318787809,5.148382178720607,1.6755943,-0.37107607,0.066831,-0.0134590650059815,0.0326711047955798,0.9993755706815096,-0.0487440178269644,2.721622615747052,3.9629147366481647,3.9711763223524743,3.833400432331042
494,05/05/2023 12:21:30.367843,692,True,True,True,True,Eyes,-0.174343,0.08008616,-2.863252,0.970558,-0.2357574,-0.04935279,0.0,0.0,0.0,0.0,0.0,0.0,0.0,-3.020517,0.02735645,0.004925966,-0.183831,0.07970698,-3.013992,0.1026313,0.7221294,-0.08359829,0.6789753,15.07634,93.8009,2.059704,-0.05890484,0.02879626,-0.9978456,0.0,0.0,0.0,1.490271,-0.2892787,-2.938717,-0.1008282,0.147377,1.728612,-0.05691887,0.03470379,-0.9977756,0.2617485,0.9649563,0.01863068,0.9634563,-0.2601058,-0.06400789,moving,-0.8128492603344971,1.4686272502298767,-3.338222795179292,4.873105905466569,1.674102,-0.36898568,0.0752749999999999,-0.0141817614180733,0.0256269978335473,0.9995710157485884,-0.0884693042050485,2.30606125433008,4.2298561596951,4.238866169679898,4.141330220234526
495,05/05/2023 12:21:30.387810,693,True,True,True,True,Eyes,-0.1741831,0.08012558,-2.869759,0.9710459,-0.2345273,-0.04546268,0.0,0.0,0.0,0.0,0.0,0.0,0.0,-3.02887,0.03728747,0.01564193,-0.1816026,0.08124164,-3.022599,0.1057604,0.7202106,-0.08452889,0.6804163,15.40732,93.55493,2.217937,-0.05908972,0.02870741,-0.9978373,0.0,0.0,0.0,1.490266,-0.2869256,-2.938673,-0.1086513,0.1447726,1.727133,-0.05169674,0.03730977,-0.9979657,0.2673691,0.9633392,0.02216497,0.9622065,-0.2656793,-0.05977692,moving,-0.7785159531412957,1.873546914361777,-3.5996465045178128,4.791474262220352,1.6718686,-0.36816724,0.0839259999999999,-0.0135799867263752,0.0326907213089227,0.9993732787731004,-0.0555807488458319,2.722734072053539,4.048545170640495,4.058703930479649,4.103667634560361
496,05/05/2023 12:21:30.397499,694,True,True,True,True,Eyes,-0.1739736,0.08017822,-2.876333,0.9715049,-0.2333525,-0.04153192,0.0,0.0,0.0,0.0,0.0,0.0,0.0,-3.03708,0.04366501,0.02539063,-0.1790916,0.0828776,-3.031083,0.1030449,0.7191676,-0.07998318,0.6824824,14.81479,93.29944,2.31431,-0.05923685,0.02862253,-0.9978311,0.0,0.0,0.0,1.490261,-0.2846072,-2.93863,-0.1162202,0.1427601,1.725273,-0.04719903,0.03903895,-0.9981223,0.2573874,0.9659688,0.02561008,0.9651549,-0.2556953,-0.05564082,moving,-0.7742947136023984,1.3511805764708884,-3.8538144077873615,4.730242210302964,1.6693526,-0.3674848,0.0924530000000003,-0.0135098243669906,0.0235782127800469,0.9996307382662952,-0.0501889676353571,2.185543891548529,4.560826740598617,4.571815730331762,4.576358380026981
497,05/05/2023 12:21:30.417505,695,True,True,True,True,Eyes,-0.1736959,0.08025354,-2.882953,0.9719054,-0.232394,-0.03732464,0.0,0.0,0.0,0.0,0.0,0.0,0.0,-3.045064,0.04560137,0.03845358,-0.1776659,0.08324704,-3.039322,0.1031418,0.7174649,-0.07996153,0.6842603,14.82638,93.01156,2.28675,-0.05934824,0.02854163,-0.9978269,0.0,0.0,0.0,1.490256,-0.2822742,-2.938586,-0.1240742,0.1404096,1.723268,-0.04229954,0.03857227,-0.9983603,0.2574302,0.9659359,0.02641251,0.9653708,-0.2558909,-0.05078832,moving,-0.7342881720674417,1.417430690146525,-4.118153451751351,4.65809459160709,1.6679219,-0.3655212399999999,0.1007359999999999,-0.0128114760397947,0.0247342815753449,0.999612068721123,-0.0109102346242911,2.253956786936865,4.6733977772766,4.685343824446597,4.759130742948842
498,05/05/2023 12:21:30.437661,696,True,True,True,True,Eyes,-0.1733722,0.08031274,-2.889638,0.9723057,-0.2313617,-0.03306615,0.0,0.0,0.0,0.0,0.0,0.0,0.0,-3.052941,0.04350521,0.05355787,-0.1757218,0.08390377,-3.047506,0.103357,0.7154749,-0.08101241,0.6861852,14.9377,92.67976,2.177984,-0.05942512,0.02846508,-0.9978247,0.0,0.0,0.0,1.490251,-0.2799999,-2.938544,-0.1315516,0.1392336,1.721043,-0.03693457,0.03671956,-0.9986429,0.2590776,0.9655087,0.02591937,0.9651502,-0.2577688,-0.04517386,moving,-0.6526283660993787,1.5853311674282868,-4.371025814262182,4.625196251707222,1.6659728,-0.36390367,0.108962,-0.0113859080855969,0.0276639246025832,0.999552424401968,0.0691870078422079,2.427200903138134,4.789883057146398,4.802838672402168,4.954459956232523
499,05/05/2023 12:21:30.447846,697,True,True,True,True,Eyes,-0.1730004,0.08034375,-2.896412,0.9726507,-0.2304986,-0.02865407,0.0,0.0,0.0,0.0,0.0,0.0,0.0,-3.060841,0.04218188,0.06843948,-0.1742674,0.08354249,-3.055792,0.1019804,0.7137483,-0.08039962,0.6882581,14.78235,92.35159,2.068833,-0.05946932,0.02839185,-0.9978244,0.0,0.0,0.0,1.490246,-0.2776366,-2.9385,-0.139355,0.1409995,1.718421,-0.03180169,0.03490525,-0.9988846,0.256248,0.9662718,0.02560743,0.9660878,-0.2551479,-0.03967343,moving,-0.5935221733889009,1.4774315931354056,-4.636244086265273,4.690712734381313,1.6645134,-0.36117909,0.1172919999999999,-0.0103552877722388,0.0257818064038702,0.9996139810015277,0.1277028070266375,2.316645424920297,5.149753144404391,5.164182041479307,5.322723512634966
500,05/05/2023 12:21:30.467793,698,True,True,True,True,Eyes,-0.1725879,0.08041782,-2.903248,0.9729471,-0.2297436,-0.02432551,0.0,0.0,0.0,0.0,0.0,0.0,0.0,-3.068797,0.03702584,0.07777715,-0.172728,0.08288825,-3.064022,0.1019707,0.7124678,-0.0820782,0.6893874,14.92478,92.13613,1.905788,-0.0594824,0.02832058,-0.9978257,0.0,0.0,0.0,1.49024,-0.2753404,-2.938457,-0.1478357,0.1426546,1.715454,-0.02869422,0.03213425,-0.9990717,0.258469,0.9657303,0.02363844,0.9655935,-0.2575507,-0.03601666,moving,-0.630397257773549,1.663703807645556,-4.925509778164894,4.75369403400048,1.662968,-0.35822865,0.1255649999999999,-0.0109976478516483,0.0290312718517463,0.9995179581040708,0.0909157576995816,2.5079570671327494,5.275130767376392,5.291127588878523,5.496167726810151
501,05/05/2023 12:21:30.487805,699,True,True,True,True,Eyes,-0.172105,0.08056599,-2.910223,0.9733108,-0.2286243,-0.01992309,0.0,0.0,0.0,0.0,0.0,0.0,0.0,-3.076897,0.03849965,0.0834353,-0.1713196,0.08401377,-3.072348,0.1028164,0.7115528,-0.08257017,0.6901477,15.03583,92.0031,1.919427,-0.05946606,0.0282525,-0.9978288,0.0,0.0,0.0,1.490235,-0.2729414,-2.938413,-0.1558728,0.1442716,1.712481,-0.02625027,0.03234734,-0.9991321,0.2602898,0.9652219,0.02441092,0.9651738,-0.259423,-0.03375699,moving,-0.7474969784244385,1.8444424143140847,-5.200823608174737,4.815633043037165,1.6615546,-0.35695517,0.1339349999999997,-0.0130391547715931,0.0321832956272137,0.9993968828186788,-0.0249364621329075,2.693018308237785,5.336026598208317,5.35351210173798,5.594220326457341
502,05/05/2023 12:21:30.497472,700,True,True,True,True,Eyes,-0.1715813,0.08071634,-2.917241,0.9737452,-0.2271071,-0.01557577,0.0,0.0,0.0,0.0,0.0,0.0,0.0,-3.084972,0.04387112,0.08508348,-0.1692002,0.08578525,-3.080622,0.1001525,0.7114857,-0.07800433,0.6911389,14.44417,91.92236,2.052937,-0.0594207,0.02818975,-0.9978334,0.0,0.0,0.0,1.49023,-0.2704552,-2.938366,-0.1626458,0.1449663,1.709585,-0.02459334,0.03469052,-0.9990956,0.2503378,0.9677696,0.02744065,0.9678463,-0.2494365,-0.03248501,moving,-0.9321674494640146,1.349644795133082,-5.434625319238669,4.846869214999496,1.6594302,-0.35624045,0.1422560000000001,-0.016264160953723,0.0235504510824098,0.9995903197444588,-0.2058020503644796,2.182863513736249,5.682223352402697,5.701114409657614,5.868348929084164
503,05/05/2023 12:21:30.517701,701,True,True,True,True,Eyes,-0.1710157,0.08086611,-2.924359,0.9741668,-0.2255559,-0.01111543,0.0,0.0,0.0,0.0,0.0,0.0,0.0,-3.092776,0.04186536,0.09223199,-0.1677048,0.08588794,-3.088693,0.09602605,0.7109972,-0.07417379,0.6926473,13.79797,91.7393,1.994306,-0.05934787,0.02813182,-0.9978395,0.0,0.0,0.0,1.490225,-0.2683167,-2.938327,-0.1677764,0.1431077,1.707041,-0.02203764,0.03379595,-0.9991858,0.239301,0.9705545,0.02754964,0.9706954,-0.2384991,-0.0294761,moving,-1.0306015216707836,0.7964863283325734,-5.613283195199532,4.792116254625344,1.6579297999999998,-0.35420464,0.150366,-0.0179846823106149,0.0138986126596184,0.999741642025308,-0.301526058860031,1.6132897744899284,6.060264684653482,6.079969558211836,6.190290919356193
504,05/05/2023 12:21:30.537486,702,True,True,True,True,Eyes,-0.1704138,0.08103212,-2.931517,0.9745626,-0.2240144,-0.006725693,0.0,0.0,0.0,0.0,0.0,0.0,0.0,-3.10066,0.02895495,0.09836268,-0.1661697,0.0859312,-3.096709,0.0937158,0.7104048,-0.07488725,0.6934944,13.67318,91.5873,1.72708,-0.05924886,0.02807813,-0.9978469,0.0,0.0,0.0,1.490219,-0.2659274,-2.938282,-0.1724562,0.1458768,1.70437,-0.020566,0.02928453,-0.9993596,0.2370201,0.9712185,0.02358224,0.9712871,-0.2363833,-0.02691514,moving,-1.1393052569826958,0.7602196618944289,-5.777792565525921,4.8920156495606655,1.6563887,-0.3518585999999999,0.1584270000000001,-0.0198815675345661,0.0132653239678731,0.9997143102531072,-0.4085909391162643,1.5752338331747815,6.190608594806277,6.211867882948846,6.311051237515676
505,05/05/2023 12:21:30.548258,703,True,True,True,True,Eyes,-0.1697669,0.08123355,-2.938748,0.9749169,-0.2225579,-0.002223921,0.0,0.0,0.0,0.0,0.0,0.0,0.0,-3.108506,0.02671644,0.1051812,-0.1646931,0.08647513,-3.104832,0.09302536,0.7095448,-0.07473403,0.6944835,13.60715,91.42764,1.663121,-0.05912513,0.02802878,-0.9978557,0.0,0.0,0.0,1.490214,-0.2635856,-2.938239,-0.1731932,0.1360801,1.702579,-0.01807805,0.02820824,-0.9994386,0.2358144,0.9715222,0.02315486,0.97163,-0.2352634,-0.02421514,moving,-1.2423730337684256,0.7810355761087329,-5.808378068365436,4.569700647542248,1.6549071,-0.35006073,0.1665930000000002,-0.0216797865548755,0.0136280159031195,0.999672041531678,-0.5102349048944639,1.5959228954492888,5.913941240923741,5.933159782060953,6.075662523501224
506,05/05/2023 12:21:30.567627,704,True,True,True,True,Eyes,-0.1690871,0.08148449,-2.94601,0.9752436,-0.221122,0.00223751,0.0,0.0,0.0,0.0,0.0,0.0,0.0,-3.116275,0.0273175,0.1106803,-0.1629979,0.08746194,-3.112868,0.0918353,0.7088755,-0.07320949,0.695487,13.38736,91.28855,1.670951,-0.05897765,0.02798447,-0.9978657,0.0,0.0,0.0,1.490209,-0.261275,-2.938196,-0.1742302,0.1284365,1.700778,-0.01572824,0.02836711,-0.9994738,0.2320321,0.9724132,0.02394766,0.9725809,-0.2315333,-0.02187652,moving,-1.366593169342101,0.6487532442688367,-5.849060365083111,4.318569821159389,1.6532068999999998,-0.34873694,0.1746720000000001,-0.0238477612440447,0.0113194182011508,0.9996515291496306,-0.6323682088487927,1.4590129176226072,5.775231006769956,5.793105028300019,5.949028722193357
507,05/05/2023 12:21:30.587818,705,True,True,True,True,Eyes,-0.1683673,0.08179501,-2.953352,0.9755179,-0.2198118,0.006912208,0.0,0.0,0.0,0.0,0.0,0.0,0.0,-3.123895,0.02795324,0.120136,-0.1615216,0.0888934,-3.120888,0.0916168,0.7076859,-0.07275131,0.6967742,13.33491,91.08504,1.666008,-0.0588078,0.02794635,-0.9978768,0.0,0.0,0.0,1.490204,-0.2589409,-2.938152,-0.1769162,0.1512923,1.697187,-0.01222413,0.02828936,-0.9995251,0.2310543,0.9726272,0.0247023,0.9728642,-0.2306426,-0.01842592,moving,-1.4356320312433444,0.6747944688464377,-5.951067271813607,5.094051529475935,1.6517256,-0.3478343,0.1827359999999998,-0.0250521497938822,0.0117734177479458,0.9996169044610652,-0.700481852557661,1.4853131708732188,6.294363850296107,6.318147543363284,6.371156864004666
508,05/05/2023 12:21:30.603282,706,True,True,True,True,Eyes,-0.167618,0.08213935,-2.960719,0.9757595,-0.2185358,0.01163766,0.0,0.0,0.0,0.0,0.0,0.0,0.0,-3.131386,0.02511235,0.1346076,-0.1598759,0.09058111,-3.128987,0.09047055,0.7060316,-0.07216153,0.6986611,13.19778,90.78455,1.584284,-0.05861649,0.02791573,-0.9978888,0.0,0.0,0.0,1.490199,-0.2566064,-2.938109,-0.1794607,0.1286596,1.69593,-0.007375599,0.02691721,-0.9996105,0.228583,0.9732155,0.02451988,0.9734966,-0.2283131,-0.01333084,moving,-1.4161387400327026,0.6101083227174715,-6.040471899593733,4.338362236090402,1.6500749,-0.34718751,0.1908780000000001,-0.0247123661597318,0.0106449455053077,0.9996378929122997,-0.6811147030608726,1.4189236365214766,5.921182163265287,5.940061818970934,6.102936284828929
509,05/05/2023 12:21:30.618058,707,True,True,True,True,Eyes,-0.1668325,0.08253136,-2.968185,0.9759017,-0.217578,0.01660731,0.0,0.0,0.0,0.0,0.0,0.0,0.0,-3.138585,0.02077165,0.1521659,-0.1584268,0.09173664,-3.137002,0.08979814,0.7039911,-0.07265412,0.7007527,13.18808,90.4316,1.448343,-0.05840502,0.02789297,-0.9979017,0.0,0.0,0.0,1.490193,-0.2542758,-2.938066,-0.1826316,0.1173092,1.69486,-0.00176417,0.02460904,-0.9996957,0.2282593,0.9733154,0.02355686,0.9735989,-0.2281483,-0.007334393,moving,-1.356873595296145,0.6520990669537898,-6.150241981305955,3.959394632483644,1.6486198,-0.34601244,0.1989359999999997,-0.0236781668379369,0.0113778398588464,0.9996549435018404,-0.6227954133844382,1.4625216569967616,5.807140523600926,5.823622965283015,6.065232082694287
510,05/05/2023 12:21:30.637486,708,True,True,True,True,Eyes,-0.1660141,0.08296761,-2.975674,0.9760104,-0.2166433,0.02166405,0.0,0.0,0.0,0.0,0.0,0.0,0.0,-3.14557,0.01740476,0.1728027,-0.1568481,0.09327338,-3.145071,0.09019499,0.7014823,-0.0740925,0.7030632,13.34268,90.02502,1.316611,-0.05817418,0.02787875,-0.9979155,0.0,0.0,0.0,1.490188,-0.2519188,-2.938022,-0.1832613,0.1279134,1.692066,0.004865774,0.02235694,-0.9997383,0.2307238,0.9727503,0.02287639,0.9730071,-0.2307747,-0.0004250918,moving,-1.2465760889217607,0.8564944394363396,-6.181395624291689,4.323108372067066,1.6470361,-0.34519218,0.207049,-0.0217527106374305,0.0149445539029613,0.9996516549748808,-0.5145557030038825,1.6734980915549953,6.011792356712007,6.030742574888945,6.255678167241058
511,05/05/2023 12:21:30.648028,709,True,True,True,True,Eyes,-0.1651662,0.08343038,-2.983227,0.9760482,-0.2158857,0.02689471,0.0,0.0,0.0,0.0,0.0,0.0,0.0,-3.152402,0.0101159,0.1944394,-0.1552561,0.09477963,-3.153167,0.08926036,0.6990157,-0.07500494,0.7055382,13.34491,89.59843,1.116021,-0.05792498,0.02787366,-0.99793,0.0,0.0,0.0,1.490183,-0.2495812,-2.937978,-0.1846966,0.1108899,1.690936,0.0115028,0.01895109,-0.9997543,0.2306264,0.9728137,0.02109393,0.9729744,-0.2308124,0.006819501,moving,-1.1319191610701291,0.8970772686202483,-6.233559243359107,3.752027688110541,1.6454391,-0.34436083,0.2151889999999996,-0.0197520113633405,0.0156532582972055,0.9996823911450564,-0.4016328728470346,1.7160344386395336,5.83137119246282,5.846150308276831,6.177105608856434
512,05/05/2023 12:21:30.667782,710,True,True,True,True,Eyes,-0.1642916,0.08389369,-2.990793,0.9760485,-0.2151556,0.03220987,0.0,0.0,0.0,0.0,0.0,0.0,0.0,-3.159134,0.002149139,0.215096,-0.1537754,0.09589718,-3.161258,0.08840712,0.6966581,-0.07622799,0.7078426,13.37753,89.19292,0.8990046,-0.05765836,0.02787758,-0.9979451,0.0,0.0,0.0,1.490178,-0.247233,-2.937935,-0.1845168,0.1128087,1.689505,0.01771383,0.01526422,-0.9997266,0.2310939,0.972747,0.01894697,0.9727703,-0.2313663,0.01370358,moving,-1.0427469491964854,0.9671953483125788,-6.2327718376988654,3.819984392376417,1.6439534,-0.34313018,0.2233230000000001,-0.0181957716592416,0.0168771477343259,0.9996920316112884,-0.3139001713637408,1.788768141428969,5.907254463716543,5.922395096006751,6.257705750565277
513,05/05/2023 12:21:30.688514,711,True,True,True,True,Eyes,-0.1633913,0.08436237,-2.998447,0.9759971,-0.2145053,0.03764527,0.0,0.0,0.0,0.0,0.0,0.0,0.0,-3.165493,-0.003370028,0.2373962,-0.1522531,0.09631041,-3.169268,0.08764712,0.6940796,-0.07718035,0.7103625,13.39489,88.75461,0.7077424,-0.05737535,0.02788956,-0.9979609,0.0,0.0,0.0,1.490173,-0.2448588,-2.937891,-0.1830676,0.117014,1.687631,0.02459364,0.01201609,-0.9996253,0.2313202,0.9727224,0.01738384,0.9725667,-0.231661,0.02114323,moving,-0.9286884576935206,1.0182259551963324,-6.191014105713943,3.9663263950462415,1.6424261,-0.34116921,0.2313770000000001,-0.0162054031523041,0.0177681267393735,0.9997108121205442,-0.2015918441191484,1.842045171423124,6.0158764165734215,6.031862683222885,6.354978343371834
514,05/05/2023 12:21:30.698005,712,True,True,True,True,Eyes,-0.1624717,0.08482156,-3.006115,0.9759156,-0.213842,0.04313149,0.0,0.0,0.0,0.0,0.0,0.0,0.0,-3.171885,-0.005459681,0.2573173,-0.1508718,0.09690917,-3.177253,0.08703595,0.6917702,-0.07737746,0.7126653,13.36242,88.36512,0.5965255,-0.05707679,0.02790887,-0.9979773,0.0,0.0,0.0,1.490167,-0.24256,-2.937848,-0.1821268,0.1144247,1.686515,0.03093359,0.0101293,-0.9994702,0.2307062,0.9728749,0.01700014,0.9725317,-0.2311098,0.0277576,moving,-0.8645305284170314,1.0224090864876796,-6.1634876065513975,3.881388830879273,1.6410388,-0.33946917,0.2394050000000001,-0.0150859299111961,0.0178414271596527,0.9997270041929452,-0.1383606018487402,1.8467946543697356,6.005768774058856,6.021022445959799,6.3593811716144
515,05/05/2023 12:21:30.717594,713,True,True,True,True,Eyes,-0.1615247,0.08527298,-3.013872,0.9757957,-0.2132041,0.04864929,0.0,0.0,0.0,0.0,0.0,0.0,0.0,-3.17813,-0.004121523,0.2776628,-0.1495503,0.09721468,-3.185248,0.08666623,0.689382,-0.07711579,0.7150488,13.31271,87.96928,0.5422252,-0.0567638,0.02793438,-0.9979942,0.0,0.0,0.0,1.490162,-0.2402208,-2.937804,-0.1841987,0.1207529,1.684347,0.03761145,0.009209163,-0.9992501,0.2297754,0.9730843,0.0176167,0.9725167,-0.2302656,0.03448308,moving,-0.7951372845648469,1.0088571328163272,-6.241015053318712,4.100589059007386,1.6397123,-0.33743548,0.2474440000000002,-0.013875167322186,0.0176052737934021,0.9997487303714094,-0.0699270691431913,1.833341270772303,6.245180966649221,6.262299176471582,6.574400310423178
516,05/05/2023 12:21:30.737686,714,True,True,True,True,Eyes,-0.1605467,0.0857117,-3.021645,0.9756663,-0.2124564,0.05419884,0.0,0.0,0.0,0.0,0.0,0.0,0.0,-3.184206,-0.002373785,0.2985206,-0.1481501,0.09746227,-3.193249,0.0859952,0.6869585,-0.07643026,0.7175316,13.20391,87.56364,0.4983628,-0.05643697,0.02796511,-0.9980116,0.0,0.0,0.0,1.490157,-0.237874,-2.937761,-0.1884973,0.1250577,1.682576,0.04449309,0.008468027,-0.9989738,0.2278325,0.9735265,0.01839972,0.9726834,-0.2284173,0.04138589,moving,-0.7181351073600536,0.9428468559017368,-6.392136076914655,4.250701162374587,1.6383071,-0.33533627,0.2554879999999997,-0.0125317970263421,0.0164537468668674,0.9997860738134569,0.0061302724483875,1.765990993307596,6.548959376397396,6.567814485455381,6.863788815345093
517,05/05/2023 12:21:30.747787,715,True,True,True,True,Eyes,-0.1595403,0.0861244,-3.029496,0.9755618,-0.2114622,0.0596904,0.0,0.0,0.0,0.0,0.0,0.0,0.0,-3.190542,-0.002731491,0.3173451,-0.1464766,0.09757367,-3.201452,0.08464556,0.6848109,-0.07541844,0.719848,13.01221,87.19159,0.432389,-0.05609689,0.02800006,-0.9980295,0.0,0.0,0.0,1.490152,-0.235567,-2.937718,-0.194732,0.108325,1.681512,0.05069215,0.007352766,-0.9986873,0.2245121,0.9742944,0.01856914,0.973152,-0.2251587,0.04773828,moving,-0.6712215646918942,0.80837357912145,-6.605864717587188,3.685968758088896,1.6366286,-0.33314067,0.2637340000000003,-0.0117135927582598,0.0141073447701358,0.9998318889035644,0.0526902733425727,1.6280211743501678,6.580280513983986,6.595494171494937,6.969325851519048
518,05/05/2023 12:21:30.767695,716,True,True,True,True,Eyes,-0.1585073,0.08650877,-3.037368,0.9754668,-0.2102771,0.0651767,0.0,0.0,0.0,0.0,0.0,0.0,0.0,-3.197012,0.002455585,0.3344812,-0.1449861,0.09730063,-3.209716,0.08344173,0.6828415,-0.07329641,0.7220753,12.7444,86.85391,0.476054,-0.05574402,0.02803784,-0.9980479,0.0,0.0,0.0,1.490147,-0.2331775,-2.937673,-0.1982146,0.09121569,1.680914,0.05671013,0.008103923,-0.9983578,0.219806,0.9753302,0.02040274,0.973894,-0.2206021,0.0535298,moving,-0.6563542100634665,0.6104581694626234,-6.725302255476564,3.106139331119932,1.6351331,-0.33047813,0.2720429999999996,-0.0114546410238032,0.010653604105857,0.9998776079241456,0.0678115230975053,1.4245817962275673,6.55062383383089,6.562054163032688,6.998144793572519
519,05/05/2023 12:21:30.787735,717,True,True,True,True,Eyes,-0.1574491,0.08685848,-3.045296,0.9753706,-0.2089713,0.0705919,0.0,0.0,0.0,0.0,0.0,0.0,0.0,-3.203742,0.008602612,0.3499858,-0.1433631,0.09693797,-3.218163,0.08188429,0.6810772,-0.07049564,0.7241955,12.39361,86.54516,0.5534229,-0.05537899,0.02807718,-0.9980668,0.0,0.0,0.0,1.490141,-0.2307627,-2.937628,-0.2023172,0.08875146,1.679333,0.06232812,0.009433818,-0.9980112,0.2136443,0.9766507,0.02257451,0.9749212,-0.2146264,0.05885736,moving,-0.6663551909044295,0.3371530116042203,-6.869586154629272,3.025223537119833,1.6335041,-0.3277006699999999,0.280535,-0.0116296287314954,0.0058839983175051,0.999915075500428,0.058597453719141,1.1434355727480294,6.749085781128019,6.760606299693868,7.179195919728213
520,05/05/2023 12:21:30.798057,718,True,True,True,True,Eyes,-0.156357,0.08720571,-3.053254,0.9752613,-0.2075859,0.07598367,0.0,0.0,0.0,0.0,0.0,0.0,0.0,-3.210461,0.01362161,0.3656976,-0.1418452,0.09640571,-3.226695,0.08082974,0.6792537,-0.06858781,0.7262071,12.15607,86.23676,0.5972393,-0.05500234,0.02811672,-0.9980862,0.0,0.0,0.0,1.490136,-0.2284453,-2.937585,-0.2059524,0.088153,1.677921,0.0678203,0.0101899,-0.9976456,0.2094257,0.9775245,0.02422123,0.9754699,-0.2105753,0.06416196,moving,-0.6748208317148605,0.1813471827884911,-6.997631979021507,3.0073856661908978,1.6319811999999998,-0.32485101,0.28911,-0.0117775142527524,0.0031648806645286,0.9999256477116556,0.0506199176144289,0.9831404318020838,6.913760320038428,6.925636022357555,7.333172817231153
521,05/05/2023 12:21:30.817773,719,True,True,True,True,Eyes,-0.1552382,0.08752035,-3.061245,0.9751678,-0.2060088,0.08129118,0.0,0.0,0.0,0.0,0.0,0.0,0.0,-3.217493,0.01849037,0.3798025,-0.1399879,0.09665159,-3.235415,0.0800735,0.6775689,-0.06682578,0.7280268,11.95535,85.95691,0.6564639,-0.05461432,0.02815631,-0.9981061,0.0,0.0,0.0,1.490131,-0.2260889,-2.937541,-0.2101296,0.08287655,1.676563,0.07286959,0.01120869,-0.9972785,0.2058125,0.9782451,0.02603315,0.9758746,-0.2071494,0.06897742,moving,-0.7058489148503391,0.0739696637295732,-7.143832816898877,2.8299649116759373,1.6301189,-0.32274049,0.2978740000000002,-0.0123190664478836,0.0012909159319157,0.9999233440209212,0.0202882484298332,0.8724933009550674,6.992041582924292,7.003081216845843,7.426730488274415
522,05/05/2023 12:21:30.837641,720,True,True,True,True,Eyes,-0.1541085,0.0877658,-3.069254,0.9750466,-0.2043936,0.08664446,0.0,0.0,0.0,0.0,0.0,0.0,0.0,-3.223797,0.0210378,0.3969967,-0.1383455,0.09611902,-3.243846,0.0775962,0.6757056,-0.06383406,0.7302918,11.51367,85.62191,0.6800134,-0.0542154,0.02819482,-0.9981264,0.0,0.0,0.0,1.490126,-0.2238046,-2.937499,-0.2123376,0.08201174,1.675571,0.07869447,0.01162937,-0.9968309,0.1980993,0.9798081,0.02706967,0.9770178,-0.1996018,0.07480166,moving,-0.6884972685007629,-0.2730344493459868,-7.2223393887578045,2.8021370643773333,1.6284715,-0.3199236199999999,0.3063470000000001,-0.0120161178886765,-0.0047649877482438,0.9999163895765764,0.0382095900708322,0.5157432655467076,7.209788955301533,7.221341474494916,7.612040992880996
523,05/05/2023 12:21:30.847903,721,True,True,True,True,Eyes,-0.1529726,0.08800702,-3.077307,0.9748234,-0.2031173,0.09199329,0.0,0.0,0.0,0.0,0.0,0.0,0.0,-3.229703,0.02003337,0.4170721,-0.137009,0.09469938,-3.252321,0.07635085,0.6734252,-0.0634115,0.7325627,11.37732,85.24078,0.5802081,-0.05380654,0.02823009,-0.9981472,0.0,0.0,0.0,1.49012,-0.2214192,-2.937455,-0.2120257,0.0782139,1.674946,0.08495489,0.009927366,-0.9963354,0.195739,0.9802991,0.02645775,0.9769693,-0.1972694,0.08133802,moving,-0.6220504504813231,-0.33639647554166,-7.214505088464381,2.673562831589873,1.6271289999999998,-0.31611858,0.3148659999999998,-0.0108564284419889,-0.0058708465416923,0.999923864738832,0.1038561706268019,0.4510429328534484,7.236419379473922,7.247089980430219,7.648398931727217
524,05/05/2023 12:21:30.867775,722,True,True,True,True,Eyes,-0.1518138,0.08824478,-3.08538,0.9745921,-0.2016689,0.09746668,0.0,0.0,0.0,0.0,0.0,0.0,0.0,-3.235066,0.02379335,0.4422026,-0.135854,0.09490195,-3.261027,0.07765421,0.6703819,-0.06463507,0.7351055,11.58541,84.78064,0.5315855,-0.05338871,0.02826226,-0.9981684,0.0,0.0,0.0,1.490115,-0.2191357,-2.937412,-0.2100881,0.07842001,1.67448,0.09282077,0.009088759,-0.9956414,0.1991432,0.9795843,0.02750772,0.9755646,-0.2008284,0.0891158,moving,-0.4820040950391184,-0.045106624099199,-7.151229536330664,2.68134287577132,1.625969,-0.31403765,0.3236149999999997,-0.0084124560448879,-0.0007872311112616,0.9999642349455868,0.2412148613142848,0.7515921102930733,7.194962044341027,7.205004848167322,7.640168335130848
525,05/05/2023 12:21:30.887739,723,True,True,True,True,Eyes,-0.1506527,0.08843379,-3.093478,0.9743005,-0.2003438,0.1029606,0.0,0.0,0.0,0.0,0.0,0.0,0.0,-3.239946,0.02643301,0.4687462,-0.1342329,0.09500334,-3.269652,0.07578865,0.6674145,-0.06236412,0.7381901,11.2528,84.28723,0.5311362,-0.05296232,0.02829151,-0.99819,0.0,0.0,0.0,1.49011,-0.2168436,-2.93737,-0.2065665,0.08307746,1.673981,0.1013371,0.009091726,-0.9948107,0.193238,0.9807336,0.0286474,0.9759046,-0.1951383,0.09762784,moving,-0.3159883151215886,-0.3015197803110051,-7.034642860462453,2.8411825684268512,1.6243429,-0.31184694,0.3322819999999997,-0.0055149321415348,-0.0052624085752873,0.9999709396930048,0.4054624334380522,0.4890456605072289,7.406086123049604,7.417337591912067,7.803058042711461
526,05/05/2023 12:21:30.897513,724,True,True,True,True,Eyes,-0.1494936,0.08860087,-3.101601,0.9739124,-0.1992361,0.1086258,0.0,0.0,0.0,0.0,0.0,0.0,0.0,-3.243944,0.03117865,0.4985504,-0.1331605,0.09402534,-3.278128,0.07537346,0.663974,-0.0616683,0.7413868,11.16611,83.74361,0.5052896,-0.05252835,0.02831653,-0.9982119,0.0,0.0,0.0,1.490105,-0.2144938,-2.937326,-0.2027229,0.08315127,1.67375,0.1106711,0.008651897,-0.9938194,0.1915322,0.9810317,0.02986947,0.9752268,-0.1936541,0.1069147,moving,-0.1085344587467876,-0.3252584376601833,-6.9059679779309615,2.8440944946562885,1.6232655,-0.30851914,0.340802,-0.001894251954796,-0.0056767898422123,0.9999820681938396,0.6100076668765912,0.4660786854529344,7.48906613406926,7.499993363817834,7.883200433971052
527,05/05/2023 12:21:30.917643,725,True,True,True,True,Eyes,-0.148343,0.08876736,-3.109716,0.973457,-0.1983245,0.1142323,0.0,0.0,0.0,0.0,0.0,0.0,0.0,-3.247564,0.04086055,0.5309045,-0.1321473,0.09370132,-3.286937,0.07728803,0.6600373,-0.062552,0.7446238,11.40099,83.15956,0.5184836,-0.05208785,0.02833702,-0.9982342,0.0,0.0,0.0,1.4901,-0.2121113,-2.937282,-0.1994974,0.08451888,1.673445,0.1208759,0.008870577,-0.992628,0.1951814,0.9802276,0.0325277,0.9732898,-0.1976743,0.1167545,moving,0.1442831138777404,-0.0393486748154874,-6.79835140784662,2.89131931195487,1.6222473,-0.30581262,0.3496549999999998,0.0025182123339106,-0.0006867617540624,0.9999966717331984,0.8585387277527423,0.761881204850011,7.525330702646795,7.535846929902402,7.947482192533
528,05/05/2023 12:21:30.937682,726,True,True,True,True,Eyes,-0.1472047,0.08892629,-3.117862,0.9729189,-0.1975348,0.120037,0.0,0.0,0.0,0.0,0.0,0.0,0.0,-3.250678,0.05220434,0.5643916,-0.1311751,0.0938744,-3.295778,0.07827586,0.6560596,-0.06182982,0.7480883,11.43421,82.56001,0.596198,-0.05164202,0.02835343,-0.9982566,0.0,0.0,0.0,1.490094,-0.2097926,-2.937238,-0.1952293,0.08618838,1.67311,0.1315261,0.01019893,-0.9912602,0.1952156,0.9800999,0.03598641,0.9719012,-0.1982426,0.1269177,moving,0.3988750525288922,0.0369410262822765,-6.655544460471678,2.948920990787479,1.6212691,-0.303667,0.3585400000000001,0.0069616255156343,0.0006447268901707,0.9999755920294592,1.1093127312674331,0.8421155728100489,7.621375459364604,7.631805944799889,8.045597322593371
529,05/05/2023 12:21:30.948170,727,True,True,True,True,Eyes,-0.146087,0.0890914,-3.125998,0.9723285,-0.1968531,0.1258014,0.0,0.0,0.0,0.0,0.0,0.0,0.0,-3.253188,0.06527743,0.5997915,-0.1304294,0.0938547,-3.304757,0.07979556,0.6518209,-0.06146917,0.7516541,11.54228,81.93114,0.6794013,-0.05119131,0.02836596,-0.99828,0.0,0.0,0.0,1.490089,-0.2073641,-2.937193,-0.1922542,0.08664098,1.672871,0.1427023,0.01161769,-0.9896976,0.1964319,0.9797084,0.03982355,0.9700778,-0.2000911,0.1375246,moving,0.6853433410845783,0.1803547589504409,-6.555938378729777,2.964801835542018,1.6205184,-0.3012188,0.3675639999999998,0.0119611524090419,0.0031475537432627,0.99992343250486,1.3913493990642407,0.9916049075869636,7.748078700659773,7.758176748956995,8.188582852946254
530,05/05/2023 12:21:30.967503,728,True,True,True,True,Eyes,-0.1449791,0.08930594,-3.134186,0.9716637,-0.1962688,0.1317127,0.0,0.0,0.0,0.0,0.0,0.0,0.0,-3.255499,0.07717381,0.6346953,-0.1297006,0.09419065,-3.313815,0.08104926,0.6476706,-0.06098279,0.7551391,11.61887,81.315,0.7537482,-0.05074051,0.0283751,-0.9983034,0.0,0.0,0.0,1.490084,-0.2051416,-2.937152,-0.1890258,0.08690009,1.672749,0.1536079,0.01288545,-0.988048,0.1970874,0.9794242,0.04341343,0.9682776,-0.2014005,0.1479077,moving,0.9504644554284628,0.2859661770213161,-6.447249618756447,2.9738690234553884,1.6197846,-0.29933225,0.3766629999999997,0.0165877669900299,0.0049903439760554,0.9998499715185802,1.652433022704075,1.102068169217982,7.861099625664774,7.870895453203649,8.31315206948007
531,05/05/2023 12:21:30.987683,729,True,True,True,True,Eyes,-0.1438866,0.08949603,-3.142343,0.9710544,-0.1953754,0.1374111,0.0,0.0,0.0,0.0,0.0,0.0,0.0,-3.258243,0.09903261,0.666806,-0.1289064,0.09555927,-3.323378,0.08333895,0.643732,-0.05910493,0.7583999,11.68342,80.75502,1.032461,-0.05028704,0.02838281,-0.9983265,0.0,0.0,0.0,1.490079,-0.2027765,-2.937108,-0.1855314,0.08566424,1.672658,0.1642315,0.01764554,-0.986264,0.1969462,0.9791224,0.05031303,0.9665611,-0.2025039,0.1573275,moving,1.1750512072287589,0.3932855763467102,-6.329381103419487,2.9318096578216504,1.6189854,-0.29833577,0.3862700000000001,0.0205065919812491,0.0068626309303382,0.999766167195989,1.8735575037420475,1.2140053110798517,7.912945516434677,7.922159353189607,8.380874272207299
532,05/05/2023 12:21:30.998079,730,True,True,True,True,Eyes,-0.1428195,0.08965518,-3.150562,0.9703711,-0.1946106,0.1432014,0.0,0.0,0.0,0.0,0.0,0.0,0.0,-3.260703,0.1215048,0.6980217,-0.1278192,0.09508854,-3.332987,0.08264141,0.6401303,-0.05365698,0.7619216,11.22296,80.20874,1.404251,-0.04983222,0.02838847,-0.9983496,0.0,0.0,0.0,1.490074,-0.2004819,-2.937065,-0.1832714,0.08194093,1.672343,0.1747082,0.02403772,-0.9843267,0.1875674,0.9805827,0.05723763,0.9665896,-0.1946275,0.1668071,moving,1.3693206167998797,-0.0358383402220787,-6.254064372086432,2.8051169862305145,1.6178932,-0.29557044,0.3959220000000001,0.0238968735732411,-0.0006253183701701,0.9997142325284216,2.066061917675949,0.7740341659975849,8.126941512320602,8.135540907381422,8.564449713801842
533,05/05/2023 12:21:31.017538,731,True,True,True,True,Eyes,-0.1417685,0.08985868,-3.158772,0.9696825,-0.1939029,0.1487193,0.0,0.0,0.0,0.0,0.0,0.0,0.0,-3.263857,0.1407687,0.7258303,-0.1274137,0.0944991,-3.34279,0.08473746,0.6367243,-0.05256747,0.7646164,11.33384,79.73041,1.608405,-0.04937737,0.02839126,-0.9983726,0.0,0.0,0.0,1.490068,-0.1981304,-2.937021,-0.1819167,0.07681575,1.67214,0.1836377,0.02752091,-0.9826086,0.1882967,0.9801124,0.06264135,0.9647909,-0.1965253,0.1748035,moving,1.5242982883378149,0.1064573444608571,-6.2089458742729615,2.630237986564272,1.6174817,-0.2926295,0.4057689999999998,0.0266008387453963,0.00185737253461,0.9996443673489384,2.218489631289809,0.9214567103730408,8.127229239699075,8.134650208091898,8.598930320120159
534,05/05/2023 12:21:31.037927,732,True,True,True,True,Eyes,-0.1407071,0.09006742,-3.167039,0.9690504,-0.192701,0.1542974,0.0,0.0,0.0,0.0,0.0,0.0,0.0,-3.267722,0.1616509,0.748594,-0.1263984,0.09581812,-3.352518,0.08736519,0.633813,-0.05120764,0.7668287,11.47266,79.33926,1.883543,-0.0489225,0.02839288,-0.9983953,0.0,0.0,0.0,1.490063,-0.1958276,-2.936979,-0.1815788,0.06939023,1.671847,0.1913178,0.03221139,-0.9809995,0.1892814,0.9794902,0.06907614,0.9631045,-0.1989004,0.1812969,moving,1.59441079507326,0.3056605204858703,-6.198580626792861,2.376704739720193,1.6164614,-0.29164572,0.4155389999999999,0.0278237315345284,0.0053326919024328,0.9995986410297326,2.287130828555087,1.1268130799215612,8.057519508680805,8.063494246249752,8.577268100313617
535,05/05/2023 12:21:31.047803,733,True,True,True,True,Eyes,-0.1396958,0.09022829,-3.175303,0.9684179,-0.1914658,0.1597106,0.0,0.0,0.0,0.0,0.0,0.0,0.0,-3.271703,0.1737688,0.7715089,-0.1251281,0.0959976,-3.36223,0.0839567,0.6315146,-0.04432177,0.7695299,10.67245,78.95409,2.20596,-0.04846762,0.02839356,-0.9984178,0.0,0.0,0.0,1.490058,-0.1934291,-2.936934,-0.1813564,0.06546023,1.671496,0.19845,0.03782591,-0.9793808,0.1742536,0.9819737,0.07323471,0.9644964,-0.1851941,0.1882814,moving,1.6344892151309858,-0.4337791199182297,-6.192337488984566,2.242709058786779,1.6151861,-0.2894267,0.4252959999999999,0.0285225304798874,-0.0075677208226619,0.999564431249424,2.328378878612186,0.3666272541267253,8.265951352822368,8.271807857234354,8.724808900761534
536,05/05/2023 12:21:31.067594,734,True,True,True,True,Eyes,-0.1386892,0.09039905,-3.183624,0.967697,-0.1904329,0.1652205,0.0,0.0,0.0,0.0,0.0,0.0,0.0,-3.274741,0.1878447,0.7972116,-0.1249959,0.09505871,-3.371958,0.08476023,0.6285373,-0.04285747,0.7719583,10.64585,78.52519,2.354878,-0.04801536,0.02839191,-0.99844,0.0,0.0,0.0,1.490053,-0.191076,-2.93689,-0.1821572,0.06178617,1.670909,0.2062081,0.04038158,-0.9776745,0.1727183,0.9819579,0.07698769,0.9631441,-0.1847378,0.195513,moving,1.7378080932785496,-0.4091767169692638,-6.221634448428269,2.117694376741581,1.6150489,-0.28613471,0.4350679999999998,0.0303250500472886,-0.0071381357720344,0.9995145947853836,2.4301633372143714,0.3926497118937278,8.345654972168983,8.350916302955248,8.82209635060573
537,05/05/2023 12:21:31.087747,735,True,True,True,True,Eyes,-0.1376992,0.09057915,-3.191956,0.9669816,-0.189273,0.1706525,0.0,0.0,0.0,0.0,0.0,0.0,0.0,-3.276933,0.2047689,0.8248868,-0.1241128,0.09548993,-3.381737,0.08718716,0.625081,-0.0425686,0.7745064,10.85194,78.05065,2.512814,-0.04756441,0.02838842,-0.998462,0.0,0.0,0.0,1.490048,-0.1887588,-2.936847,-0.1811938,0.05176837,1.670795,0.2149234,0.04305875,-0.9756812,0.1749374,0.9811727,0.08183638,0.9608356,-0.1882717,0.2033443,moving,1.901123724890294,-0.1480592093684428,-6.189404263085776,1.774700355085681,1.6141608,-0.28424873,0.44489,0.0331746689756216,-0.0025826953843361,0.9994462116826096,2.5905298770620417,0.662330875406981,8.312313801631662,8.31586721075583,8.85011917234191
538,05/05/2023 12:21:31.097945,736,True,True,True,True,Eyes,-0.1367226,0.09074868,-3.200343,0.9661891,-0.1882284,0.1762064,0.0,0.0,0.0,0.0,0.0,0.0,0.0,-3.278596,0.2157697,0.8546412,-0.1232725,0.09591967,-3.391425,0.08670145,0.6217174,-0.03987895,0.7774059,10.62565,77.54942,2.67109,-0.04711743,0.02838357,-0.9984835,0.0,0.0,0.0,1.490042,-0.1864116,-2.936804,-0.1789258,0.05125229,1.670697,0.2237542,0.04580335,-0.9735687,0.1698118,0.9817851,0.08521758,0.9597386,-0.1843913,0.2119006,moving,2.0641807172419875,-0.3275776289304224,-6.1128775865554505,1.7571224730687491,1.6133145,-0.28233127,0.4546209999999999,0.0360183691621589,-0.0057135672607619,0.999334796331232,2.7516797544384346,0.4788450004498039,8.435060984162432,8.43861700866783,8.956247548430852
539,05/05/2023 12:21:31.117597,737,True,True,True,True,Eyes,-0.135761,0.09093275,-3.208725,0.9653733,-0.1872783,0.1816074,0.0,0.0,0.0,0.0,0.0,0.0,0.0,-3.279854,0.2296365,0.8845813,-0.1225449,0.0957945,-3.401245,0.0877265,0.6181595,-0.03866716,0.7801845,10.6431,77.04279,2.806624,-0.04667221,0.02837709,-0.9985039,0.0,0.0,0.0,1.490037,-0.1840408,-2.936759,-0.1744727,0.059457,1.671079,0.2327676,0.04812287,-0.971341,0.1687929,0.9816178,0.08908073,0.9577725,-0.1846906,0.220366,moving,2.2518921538653656,-0.2700599585148053,-5.960497026229982,2.037724563083558,1.6125819,-0.2798353,0.4644859999999999,0.03929237914129,-0.0047097781356848,0.999216665528488,2.936573225230232,0.5393071706201422,8.525998334061416,8.53048682335751,9.022367413348626
540,05/05/2023 12:21:31.137686,738,True,True,True,True,Eyes,-0.1347961,0.09115453,-3.21716,0.9645098,-0.1862827,0.1871352,0.0,0.0,0.0,0.0,0.0,0.0,0.0,-3.280614,0.2410198,0.9153004,-0.1216482,0.09646852,-3.410893,0.08902064,0.6144718,-0.03826525,0.7829658,10.74429,76.52119,2.886837,-0.0462305,0.02836963,-0.9985241,0.0,0.0,0.0,1.490032,-0.1817423,-2.936717,-0.1691256,0.05199373,1.671635,0.2419203,0.04948056,-0.9690338,0.1693221,0.9812222,0.09237439,0.9554082,-0.1864261,0.2289994,moving,2.4516855263823305,-0.1253274314200896,-5.777171065801582,1.7815259812464042,1.6116802,-0.2782108199999999,0.4741760000000004,0.0427768253602287,-0.0021853723495506,0.9990822533976692,3.1331704721165616,0.689548370804226,8.443643746300971,8.446903027271386,8.977004033866558
541,05/05/2023 12:21:31.156350,739,True,True,True,True,Eyes,-0.1338475,0.09144571,-3.225551,0.9636549,-0.1852716,0.1924676,0.0,0.0,0.0,0.0,0.0,0.0,0.0,-3.281405,0.2515405,0.9456255,-0.1205974,0.09757091,-3.420677,0.08900391,0.6109781,-0.03615766,0.7857968,10.60639,76.01324,3.028716,-0.04579201,0.02836243,-0.998544,0.0,0.0,0.0,1.490026,-0.1792813,-2.936671,-0.1620717,0.05296917,1.672409,0.2507967,0.05193374,-0.9666457,0.165584,0.9815419,0.09569491,0.953773,-0.1840611,0.2375681,moving,2.6372244184953195,-0.2218435209078126,-5.535199567556579,1.8140871539100016,1.6106234,-0.27685221,0.4840059999999999,0.0460116567094315,-0.0038677896934378,0.9989334696365272,3.316285397876955,0.5915817419886846,8.418935212402094,8.422204433547105,8.93550813191241
542,05/05/2023 12:21:31.167582,740,True,True,True,True,Eyes,-0.1328776,0.09180692,-3.233983,0.9627771,-0.1840439,0.1979599,0.0,0.0,0.0,0.0,0.0,0.0,0.0,-3.281722,0.2616616,0.9761674,-0.1193734,0.0996508,-3.430289,0.08934045,0.6074106,-0.0343872,0.788599,10.52601,75.50152,3.165861,-0.04535718,0.02835766,-0.9985635,0.0,0.0,0.0,1.490022,-0.1771063,-2.93663,-0.1540452,0.06255872,1.673272,0.2597397,0.05429726,-0.964151,0.1627681,0.9816716,0.09913325,0.9518623,-0.1826818,0.2461413,moving,2.8209984942901127,-0.2487883763128365,-5.259952151900023,2.141123480123772,1.6093954,-0.2767571,0.493659,0.0492153595590254,-0.0043369008369931,0.9987787858651364,3.4974967945804005,0.565152270716891,8.422704810591442,8.42694737302287,8.898123246117153
543,05/05/2023 12:21:31.177719,741,True,True,True,True,Eyes,-0.1319225,0.09221055,-3.242357,0.9619097,-0.1827504,0.2033029,0.0,0.0,0.0,0.0,0.0,0.0,0.0,-3.282107,0.2572424,1.008828,-0.1178636,0.1016335,-3.439755,0.08674223,0.6039229,-0.03216375,0.7916554,10.14785,74.95567,3.135745,-0.04492513,0.02835718,-0.9985827,0.0,0.0,0.0,1.490016,-0.1747218,-2.936586,-0.1455626,0.06615664,1.674473,0.2684854,0.05384601,-0.9617776,0.1556965,0.9828826,0.09849107,0.9506177,-0.1761888,0.2555059,moving,3.031699189321404,-0.564171536242317,-4.968255030576719,2.262518319664954,1.6078796,-0.2763553,0.5031689999999998,0.052885889754085,-0.0098327124251198,0.9985521765205578,3.7059296774618256,0.2422706392786169,8.479988165147308,8.484659277894126,8.90633937368637
544,05/05/2023 12:21:31.197439,742,True,True,True,True,Eyes,-0.1309463,0.0926673,-3.250752,0.9609815,-0.1814591,0.2087758,0.0,0.0,0.0,0.0,0.0,0.0,0.0,-3.282884,0.2427537,1.042544,-0.117107,0.1041054,-3.449435,0.08457294,0.6003789,-0.03294722,0.7945485,10.01792,74.40208,2.863515,-0.04449634,0.02836189,-0.9986014,0.0,0.0,0.0,1.490011,-0.1724391,-2.936544,-0.1362727,0.07207957,1.675875,0.2769194,0.04919528,-0.9596331,0.1539079,0.9835238,0.09483294,0.9484873,-0.1739562,0.2647852,moving,3.2586048223260846,-0.6179642262583087,-4.6487416751436665,2.462779985556943,1.607118,-0.2765445,0.5128909999999998,0.0568394375968825,-0.0107678660416075,0.9983253549696508,3.929719534606419,0.1885307042319017,8.481160785701151,8.486289738730367,8.874807407532534
545,05/05/2023 12:21:31.217484,743,True,True,True,True,Eyes,-0.1299853,0.0931938,-3.259117,0.9600617,-0.1801015,0.2141144,0.0,0.0,0.0,0.0,0.0,0.0,0.0,-3.283319,0.2290639,1.073464,-0.1155706,0.1058063,-3.458384,0.08284392,0.5969886,-0.03424166,0.7972261,9.960802,73.87888,2.578911,-0.04406999,0.02837288,-0.9986197,0.0,0.0,0.0,1.490006,-0.1700645,-2.9365,-0.1274116,0.07678652,1.677355,0.2848644,0.04431707,-0.957543,0.1535104,0.9839288,0.09120689,0.9461961,-0.1729744,0.2734831,moving,3.467680446218131,-0.5911773201581247,-4.343835971663143,2.621075483812956,1.6055766,-0.2758708,0.521884,0.0604822913196582,-0.0102989184792548,0.9981161350821766,4.135744305594686,0.217537276380583,8.440865271653367,8.446203692988274,8.813641562546504
546,05/05/2023 12:21:31.237906,744,True,True,True,True,Eyes,-0.1289909,0.09373473,-3.267481,0.9590935,-0.1786305,0.2196152,0.0,0.0,0.0,0.0,0.0,0.0,0.0,-3.283035,0.2179314,1.104432,-0.1138821,0.1070752,-3.467153,0.08028936,0.5936291,-0.03377587,0.8000109,9.704416,73.35657,2.400329,-0.04364656,0.02839164,-0.9986375,0.0,0.0,0.0,1.490001,-0.1677077,-2.936456,-0.1203772,0.08053431,1.678959,0.2929274,0.04128209,-0.9552431,0.1493663,0.9848256,0.08836406,0.9443958,-0.1685654,0.2823162,moving,3.657398288212633,-0.7611741038791989,-4.100948002672994,2.7461909916385574,1.6038831,-0.2747829,0.530697,0.0637846950066799,-0.0132575520751635,0.9978756352068224,4.323151607455763,0.0440297009082168,8.508630240178212,8.51431424617127,8.846871191697828
547,05/05/2023 12:21:31.247769,745,True,True,True,True,Eyes,-0.1279741,0.09428483,-3.275796,0.9581025,-0.1772697,0.2249776,0.0,0.0,0.0,0.0,0.0,0.0,0.0,-3.28117,0.2108305,1.137224,-0.112015,0.1079154,-3.475574,0.07814179,0.5899391,-0.03297579,0.802981,9.462391,72.79715,2.279896,-0.04322493,0.02841778,-0.9986548,0.0,0.0,0.0,1.489995,-0.1653428,-2.936412,-0.1139737,0.07077374,1.680601,0.301769,0.03923992,-0.9525731,0.1451557,0.9856129,0.08658531,0.942266,-0.1644001,0.2917315,moving,3.891705339994774,-0.928399909256724,-3.879700370432814,2.4114242681007485,1.60201,-0.2732582,0.5391620000000001,0.0678619827946818,-0.0161655727542643,0.9975636787167024,4.554504400671959,-0.1263171612398076,8.454049031934078,8.458674379105041,8.80772057249309
548,05/05/2023 12:21:31.272552,746,True,True,True,True,Eyes,-0.1269074,0.09485285,-3.284106,0.9570554,-0.1758171,0.2305063,0.0,0.0,0.0,0.0,0.0,0.0,0.0,-3.278187,0.2113014,1.171176,-0.1099383,0.1087232,-3.484093,0.07746691,0.5859075,-0.03241047,0.8060155,9.372831,72.21168,2.238058,-0.04280449,0.02845084,-0.9986718,0.0,0.0,0.0,1.48999,-0.1629664,-2.936368,-0.1094234,0.0776655,1.682099,0.3113241,0.03853019,-0.9495223,0.1430236,0.9858969,0.08689997,0.9394794,-0.1628581,0.3014227,moving,4.147190412672091,-0.9436004526686628,-3.721943708818147,2.6435704739363874,1.5999283,-0.2716896,0.5477250000000002,0.0723091787640215,-0.0164250796346291,0.997246932854009,4.806374355752247,-0.1401682982969415,8.642899479058002,8.648182877268638,8.97114321380017
549,05/05/2023 12:21:31.287844,747,True,True,True,True,Eyes,-0.1258086,0.09541381,-3.292363,0.9559957,-0.1744762,0.2358607,0.0,0.0,0.0,0.0,0.0,0.0,0.0,-3.275041,0.2103536,1.204062,-0.1075996,0.109687,-3.49232,0.07603849,0.5820352,-0.031,0.8090071,9.155677,71.6441,2.226541,-0.04238385,0.02849064,-0.9986885,0.0,0.0,0.0,1.489985,-0.1607472,-2.936326,-0.107305,0.08339699,1.683232,0.3205483,0.0383557,-0.9464553,0.1386726,0.9865143,0.08694516,0.9370266,-0.1591175,0.3109066,moving,4.389302876110887,-1.0945285024581313,-3.647634577733529,2.836442872812137,1.5975845999999998,-0.2704342,0.5559939999999997,0.0765189943708932,-0.019045959598508,0.996886195868344,5.045382616879854,-0.2936995535277542,8.940609381320193,8.946781521318233,9.239390648469026
550,05/05/2023 12:21:31.297633,748,True,True,True,True,Eyes,-0.1246614,0.09597812,-3.3006,0.954871,-0.1731809,0.2413084,0.0,0.0,0.0,0.0,0.0,0.0,0.0,-3.27323,0.2096601,1.232442,-0.1052297,0.1101175,-3.50053,0.07521892,0.578643,-0.03046047,0.8115336,9.052348,71.15237,2.182623,-0.0419623,0.02853628,-0.9987047,0.0,0.0,0.0,1.48998,-0.1583079,-2.936281,-0.1062672,0.06291136,1.68506,0.3284889,0.03761041,-0.9437587,0.1364892,0.9868286,0.08683386,0.934594,-0.1573368,0.3190288,moving,4.555782092901915,-1.12758066667775,-3.6085418355615215,2.13813278479368,1.5952097,-0.2684254,0.5642489999999998,0.0794143540096996,-0.0196165733767083,0.9966486568006544,5.209560692518329,-0.3265305983926045,8.789030112280368,8.79323999194848,9.15606344386863
551,05/05/2023 12:21:31.317500,749,True,True,True,True,Eyes,-0.1234465,0.09653917,-3.30883,0.9537396,-0.1720477,0.2465364,0.0,0.0,0.0,0.0,0.0,0.0,0.0,-3.271257,0.2090849,1.259478,-0.1028426,0.1107514,-3.508317,0.07492192,0.5753504,-0.03058294,0.813894,9.041442,70.68097,2.114036,-0.04153872,0.02858726,-0.9987208,0.0,0.0,0.0,1.489974,-0.1559325,-2.936237,-0.1031092,0.06601733,1.687006,0.3360733,0.03643018,-0.941131,0.1359952,0.9869028,0.08676518,0.9319656,-0.1571488,0.3267174,moving,4.7179086078132615,-1.0751089349809713,-3.497546610579035,2.2410028980202568,1.5928166,-0.2666839,0.5720799999999997,0.0822356293113813,-0.018699535854235,0.9964373843042056,5.369246745331398,-0.2714362629194611,8.85510014056641,8.85947527421235,9.215876244494652
552,05/05/2023 12:21:31.337927,750,True,True,True,True,Eyes,-0.1221777,0.09713773,-3.317031,0.9525238,-0.1711423,0.2518108,0.0,0.0,0.0,0.0,0.0,0.0,0.0,-3.270097,0.205177,1.284404,-0.100105,0.1112165,-3.516097,0.07449619,0.5722977,-0.03136452,0.8160527,9.060966,70.24066,1.977579,-0.04111149,0.02864289,-0.9987367,0.0,0.0,0.0,1.489969,-0.1537302,-2.936196,-0.09853235,0.07429676,1.688387,0.3429832,0.03407779,-0.9387232,0.1364582,0.9869332,0.08568595,0.929377,-0.1574853,0.3338513,moving,4.8472544742332335,-0.9976817251625706,-3.339928471242932,2.5196511712528906,1.590074,-0.2649467,0.579901,0.0844869478949033,-0.0173496957339073,0.9962735061747424,5.496561788780598,-0.1909054463983237,8.905823221343411,8.910757279092621,9.242871701640324
553,05/05/2023 12:21:31.347974,751,True,True,True,True,Eyes,-0.1208362,0.09777132,-3.325176,0.9513537,-0.1701052,0.256886,0.0,0.0,0.0,0.0,0.0,0.0,0.0,-3.268782,0.2089306,1.307452,-0.09746646,0.1127461,-3.523607,0.07612019,0.5692821,-0.0329917,0.817946,9.328085,69.82998,1.898844,-0.04067961,0.02870381,-0.9987525,0.0,0.0,0.0,1.489964,-0.1512282,-2.936149,-0.0935939,0.07009804,1.69033,0.349659,0.03269686,-0.9363064,0.1406385,0.9862345,0.08696121,0.9262611,-0.1620876,0.3402474,moving,4.966286853543789,-0.6687343759924776,-3.1692422539198044,2.374697155142908,1.58743046,-0.2639743,0.5874580000000003,0.0865637115944086,-0.0116275414735181,0.9961784893687536,5.6131180641938565,0.1482254635912084,8.682269261036643,8.686156189195335,9.060189233700283
554,05/05/2023 12:21:31.368024,752,True,True,True,True,Eyes,-0.1194317,0.09839543,-3.333273,0.9501452,-0.1690078,0.2620313,0.0,0.0,0.0,0.0,0.0,0.0,0.0,-3.267315,0.2026411,1.331372,-0.09418398,0.1142053,-3.53087,0.07448898,0.5664026,-0.03224918,0.8201217,9.132149,69.40638,1.827426,-0.04024167,0.02877056,-0.9987682,0.0,0.0,0.0,1.489959,-0.1490132,-2.936108,-0.08824879,0.07330644,1.692126,0.3562964,0.031485,-0.9338424,0.137278,0.9868228,0.08564803,0.9242335,-0.1587121,0.3472792,moving,5.0787328514391685,-0.7998208820918413,-2.9854198176956963,2.480621986327066,1.58414298,-0.2632185,0.5947620000000002,0.0885160182275654,-0.0139042612942901,0.9959776733233368,5.724266067529759,0.0141957080429215,8.7015819315062,8.705852266382392,9.052175805048536
555,05/05/2023 12:21:31.387744,753,True,True,True,True,Eyes,-0.1179496,0.0990094,-3.341336,0.9489244,-0.1680529,0.2670221,0.0,0.0,0.0,0.0,0.0,0.0,0.0,-3.26595,0.189352,1.354796,-0.09120556,0.1145494,-3.537841,0.07244325,0.5636441,-0.03294071,0.8221754,8.989635,68.99076,1.595338,-0.03979752,0.02884213,-0.9987846,0.0,0.0,0.0,1.489954,-0.1467178,-2.936065,-0.08227763,0.078122,1.693809,0.3624404,0.02749834,-0.9316012,0.1358305,0.9873338,0.08198843,0.9220559,-0.1562558,0.3541145,moving,5.195814306541549,-0.870996490393552,-2.7809855626064017,2.6407292893709418,1.58115956,-0.2612672,0.6017759999999996,0.0905494529429726,-0.0151387247516277,0.9957769386699026,5.839842116967026,-0.058187281701351,8.710888922655013,8.715592584827569,9.033427950590406
556,05/05/2023 12:21:31.397949,754,True,True,True,True,Eyes,-0.1163829,0.09961992,-3.349338,0.9476652,-0.1670928,0.272049,0.0,0.0,0.0,0.0,0.0,0.0,0.0,-3.264567,0.1854531,1.376286,-0.08798062,0.1149237,-3.544715,0.07301472,0.5608323,-0.03519801,0.8239523,9.195381,68.59473,1.387044,-0.03934476,0.02891786,-0.9988009,0.0,0.0,0.0,1.489949,-0.1442853,-2.93602,-0.07713282,0.07566793,1.695751,0.3684565,0.02389506,-0.9293379,0.139901,0.9868599,0.08084092,0.919058,-0.1598016,0.3602721,moving,5.2994120913733855,-0.5941425473918621,-2.604356988214101,2.5549617740009087,1.57792962,-0.259209,0.608695,0.092355446642072,-0.0103252393736565,0.9956725638538504,5.941307110392952,0.227261333490385,8.504107964181776,8.508021138341032,8.85700650485108
557,05/05/2023 12:21:31.417722,755,True,True,True,True,Eyes,-0.1147479,0.1002174,-3.35726,0.9464303,-0.1661587,0.2768773,0.0,0.0,0.0,0.0,0.0,0.0,0.0,-3.263427,0.1830693,1.395944,-0.08431842,0.1154338,-3.551295,0.07237967,0.5582885,-0.03510234,0.825738,9.133059,68.23183,1.325952,-0.0388822,0.02899719,-0.9988174,0.0,0.0,0.0,1.489944,-0.1420558,-2.935979,-0.07171062,0.07367153,1.697674,0.3741637,0.02284679,-0.9270812,0.1387881,0.987058,0.0803388,0.9169184,-0.1587277,0.3661504,moving,5.373108145368818,-0.5991505991449382,-2.4187652112991844,2.4848239760682875,1.57426242,-0.2574896,0.615316,0.0936359626542723,-0.0104110177959158,0.9955520994932064,6.013961832990368,0.2226247999615211,8.376350135912661,8.37998744551054,8.73088944586235
558,05/05/2023 12:21:31.437421,756,True,True,True,True,Eyes,-0.1130231,0.1007938,-3.365118,0.9451378,-0.1652856,0.2817715,0.0,0.0,0.0,0.0,0.0,0.0,0.0,-3.261741,0.1870251,1.415684,-0.08079699,0.1157432,-3.557832,0.07264903,0.5556425,-0.03482542,0.8275088,9.145166,67.8671,1.340526,-0.03840867,0.02907948,-0.9988338,0.0,0.0,0.0,1.489938,-0.1395381,-2.935932,-0.06588084,0.06290773,1.699626,0.3800972,0.0230971,-0.9246581,0.1383705,0.9870186,0.08153445,0.914538,-0.1589364,0.3719671,moving,5.444905612811359,-0.5402661022714149,-2.219785591334643,2.119703315327457,1.57073499,-0.2552813,0.6218999999999997,0.0948843748855934,-0.0093867403452303,0.995444028198829,6.0845945487205615,0.2836843345053396,8.110475132664655,8.11313309132017,8.504921822596748
559,05/05/2023 12:21:31.447953,757,True,True,True,True,Eyes,-0.1112027,0.1013529,-3.372928,0.9438434,-0.1645307,0.2865124,0.0,0.0,0.0,0.0,0.0,0.0,0.0,-3.258886,0.1918576,1.437134,-0.07684229,0.1158176,-3.564153,0.07306423,0.5526959,-0.03463609,0.8294512,9.177463,67.46274,1.352817,-0.03792308,0.02916379,-0.9988503,0.0,0.0,0.0,1.489933,-0.1374651,-2.935893,-0.05967492,0.05844658,1.702258,0.3866552,0.0233067,-0.9219297,0.1382225,0.9869239,0.08291996,0.9118071,-0.1594929,0.3783778,moving,5.56449854907136,-0.4698275490802405,-2.00775760894183,1.966463001330112,1.56677529,-0.2532827,0.62826,0.0969629950872758,-0.0081613077932221,0.9952545608831034,6.2023125009523605,0.3569597625636742,7.95232626596097,7.954531725286377,8.366346388058389
560,05/05/2023 12:21:31.467685,758,True,True,True,True,Eyes,-0.1092853,0.1018947,-3.380672,0.9424941,-0.1639158,0.2912671,0.0,0.0,0.0,0.0,0.0,0.0,0.0,-3.257384,0.1930459,1.456241,-0.07277398,0.1159742,-3.570673,0.07379901,0.5500294,-0.0358452,0.8311057,9.328888,67.09588,1.254332,-0.03742554,0.02924917,-0.998867,0.0,0.0,0.0,1.489928,-0.1351058,-2.935849,-0.05367643,0.0570792,1.703693,0.3923656,0.02160095,-0.9195557,0.1407655,0.9865376,0.08323774,0.9089743,-0.1621014,0.3840428,moving,5.6485644447640935,-0.2760188561325402,-1.8045598130566365,1.9188753168395956,1.56270198,-0.2510799999999999,0.634824,0.0984252997503157,-0.0047940280455863,0.9951329153590582,6.284720401482536,0.5568655631507662,7.767776188148555,7.769595976179382,8.203141164119902
561,05/05/2023 12:21:31.487785,759,True,True,True,True,Eyes,-0.1072596,0.1023935,-3.388383,0.9411764,-0.16329,0.2958432,0.0,0.0,0.0,0.0,0.0,0.0,0.0,-3.256537,0.1929961,1.473025,-0.06847357,0.1161069,-3.576858,0.07449448,0.5476231,-0.03727626,0.8325685,9.489692,66.76408,1.133989,-0.03691282,0.02933534,-0.998884,0.0,0.0,0.0,1.489923,-0.1327724,-2.935806,-0.04766834,0.0502983,1.705065,0.3974389,0.01951971,-0.917421,0.1436599,0.9861221,0.08321682,0.9063135,-0.1648702,0.3891191,moving,5.708086816496373,-0.0688390695877014,-1.6013955333543954,1.6896979262273422,1.5583965700000002,-0.2488793,0.6410520000000002,0.0994601133801896,-0.0011955106121832,0.9950407507253034,6.342904003508795,0.7703515045580356,7.516819403468768,7.518043933659214,7.997317861285799
562,05/05/2023 12:21:31.497676,760,True,True,True,True,Eyes,-0.1051484,0.1028427,-3.396017,0.9397885,-0.1629127,0.300428,0.0,0.0,0.0,0.0,0.0,0.0,0.0,-3.256502,0.1890909,1.487992,-0.06423602,0.1155575,-3.582904,0.07433158,0.5455312,-0.0384935,0.8338999,9.553528,66.46691,0.9820206,-0.03638397,0.02942087,-0.9989013,0.0,0.0,0.0,1.489918,-0.1304069,-2.935762,-0.04014784,0.04437576,1.706107,0.4018279,0.01690095,-0.9155593,0.1452998,0.9859861,0.08197138,0.9041142,-0.165969,0.393741,moving,5.728831011862185,0.0315507588549713,-1.3480264333170626,1.4899245093061908,1.55415402,-0.2459643999999999,0.6471420000000001,0.0998204280214598,0.0005479142717209,0.9950052953010368,6.363115209085082,0.8737405377830355,7.22471350255991,7.22556332028127,7.735721564013954
563,05/05/2023 12:21:31.517594,761,True,True,True,True,Eyes,-0.1029301,0.1032344,-3.403595,0.9384119,-0.1626044,0.3048655,0.0,0.0,0.0,0.0,0.0,0.0,0.0,-3.255168,0.1947178,1.503857,-0.06001994,0.114852,-3.588708,0.07627337,0.5430799,-0.0406453,0.8352214,9.878392,66.14082,0.8694615,-0.03583818,0.02950443,-0.9989188,0.0,0.0,0.0,1.489912,-0.1280055,-2.935717,-0.0317443,0.04307997,1.706872,0.4068246,0.01494941,-0.913384,0.1507407,0.9850607,0.083263,0.9009835,-0.1715576,0.3984934,moving,5.789909190418949,0.3838755400292281,-1.0654605371255237,1.4457888751577057,1.54993194,-0.2428575,0.6529910000000001,0.1008788411393453,0.0066656643801044,0.9948764176418972,6.422490376573343,1.2365094635634055,6.936430578782326,6.937128659082002,7.490874899374635
564,05/05/2023 12:21:31.537450,762,True,True,True,True,Eyes,-0.1006143,0.103572,-3.411102,0.9369863,-0.1624217,0.309315,0.0,0.0,0.0,0.0,0.0,0.0,0.0,-3.253277,0.2025605,1.520548,-0.05539368,0.1138899,-3.594561,0.07766248,0.5405089,-0.04142464,0.8367214,10.06379,65.79864,0.8515272,-0.03527677,0.02958421,-0.9989367,0.0,0.0,0.0,1.489907,-0.1257399,-2.935675,-0.02379096,0.03767597,1.707431,0.4122682,0.01463275,-0.9109451,0.1532763,0.984505,0.08518293,0.8980765,-0.1747445,0.4036372,moving,5.862949015886796,0.5795023819118127,-0.7982948605887101,1.2640767429724955,1.54530068,-0.2396298,0.6588860000000003,0.102144104018525,0.0100611512466189,0.9947186835952292,6.494025487575666,1.4382082210149227,6.695730898250938,6.696328250444722,7.294399072706225
565,05/05/2023 12:21:31.557932,763,True,True,True,True,Eyes,-0.09816419,0.1038617,-3.418571,0.9356168,-0.1620971,0.3136014,0.0,0.0,0.0,0.0,0.0,0.0,0.0,-3.251958,0.2128328,1.535368,-0.05068476,0.1128751,-3.600357,0.07913674,0.5381435,-0.0416868,0.8380939,10.22505,65.48907,0.8907468,-0.03469699,0.02965933,-0.9989551,0.0,0.0,0.0,1.489902,-0.1231913,-2.935628,-0.01792282,0.03653499,1.707728,0.4173276,0.01529894,-0.9086275,0.1550488,0.9839992,0.08778107,0.8954316,-0.177515,0.4082779,moving,5.914307892058312,0.7540957835731983,-0.601304330577115,1.2255941529054315,1.54058676,-0.2360664,0.6647289999999999,0.1030321062657816,0.0130910321813516,0.99459193356244,6.544239036159715,1.6181242683993555,6.5319503495422815,6.5326497953004585,7.156316782918877
566,05/05/2023 12:21:31.567811,764,True,True,True,True,Eyes,-0.09559084,0.1041093,-3.425962,0.9342598,-0.161704,0.3178214,0.0,0.0,0.0,0.0,0.0,0.0,0.0,-3.252953,0.2182481,1.545855,-0.04537942,0.1120073,-3.606161,0.07973664,0.5363783,-0.04167156,0.8391686,10.28406,65.2534,0.9083928,-0.03409732,0.02972884,-0.9989739,0.0,0.0,0.0,1.489897,-0.1210118,-2.935587,-0.0121792,0.03757018,1.70792,0.4211236,0.01559909,-0.9068691,0.1554769,0.9838111,0.08912154,0.8935781,-0.1785284,0.4118808,moving,5.894948680884785,0.8349102428946502,-0.408570032494991,1.2601677111208174,1.53527642,-0.2330191,0.6705740000000002,0.1026940521970234,0.0144943777640765,0.9946073820692202,6.524966047145324,1.7011016531357983,6.31708119261601,6.317847108328213,6.947542393457909
567,05/05/2023 12:21:31.587831,765,True,True,True,True,Eyes,-0.09285199,0.1043047,-3.43334,0.9329936,-0.1609974,0.3218739,0.0,0.0,0.0,0.0,0.0,0.0,0.0,-3.255894,0.2183818,1.552432,-0.03982373,0.111311,-3.611732,0.0790692,0.535234,-0.04085221,0.8400022,10.1699,65.09201,0.9319398,-0.03347554,0.02979225,-0.9989933,0.0,0.0,0.0,1.489891,-0.1186232,-2.935543,-0.007469833,0.0398769,1.707721,0.4237113,0.01600916,-0.9056558,0.1532729,0.9841583,0.08910564,0.8927352,-0.1765676,0.4145452,moving,5.810833587908373,0.7623356704597145,-0.2506189096411472,1.3376675316244913,1.52971473,-0.2299341999999999,0.6761889999999999,0.1012355409277258,0.0132365210867272,0.9947744406203456,6.442223985566596,1.6258768740781613,6.088029575601506,6.088695519610145,6.699045502533203
568,05/05/2023 12:21:31.598181,766,True,True,True,True,Eyes,-0.08997297,0.1044536,-3.440633,0.9317743,-0.1601623,0.3257985,0.0,0.0,0.0,0.0,0.0,0.0,0.0,-3.260768,0.2167312,1.554948,-0.03392155,0.1101777,-3.617203,0.07777623,0.5346336,-0.03950632,0.8405695,9.962028,65.00069,0.9743247,-0.03283051,0.02984854,-0.9990131,0.0,0.0,0.0,1.489886,-0.1162522,-2.935499,-0.003104627,0.04853957,1.707523,0.4252123,0.01674797,-0.9049386,0.1495792,0.9847802,0.08850984,0.892648,-0.1729954,0.4162355,moving,5.664162263689344,0.603747281354765,-0.1041753628176515,1.6283023627744224,1.52380755,-0.2264299,0.6817039999999999,0.0986919090351656,0.0104857406127273,0.9950627756171102,6.2980223107173,1.461756273095801,5.857984524993745,5.858620322929212,6.404363563306161
569,05/05/2023 12:21:31.617658,767,True,True,True,True,Eyes,-0.0869423,0.1045636,-3.447832,0.9307084,-0.1589751,0.3294066,0.0,0.0,0.0,0.0,0.0,0.0,0.0,-3.26694,0.2139629,1.554415,-0.02767472,0.1091776,-3.622457,0.07634433,0.5343958,-0.03812312,0.8409158,9.738052,64.95789,1.016197,-0.03216131,0.02989713,-0.9990336,0.0,0.0,0.0,1.489881,-0.1139266,-2.935456,0.001190245,0.04332768,1.707028,0.4259355,0.01747951,-0.9045848,0.1457129,0.9854363,0.08765266,0.8929428,-0.169144,0.4171853,moving,5.489871232378253,0.450678903577265,0.0399501379209066,1.4539657794742211,1.51755572,-0.2231042,0.687001,0.0956668480364901,0.0078296723160964,0.9953825730804792,6.126582613220729,1.3031200364613773,5.541066702410669,5.541500202215843,6.088501402443752
570,05/05/2023 12:21:31.638316,768,True,True,True,True,Eyes,-0.08374766,0.1046253,-3.454941,0.9297349,-0.1575718,0.3328125,0.0,0.0,0.0,0.0,0.0,0.0,0.0,-3.275155,0.207189,1.549777,-0.02095819,0.1082932,-3.627562,0.07419264,0.5347073,-0.03650842,0.8409821,9.429387,64.98338,1.041839,-0.03146541,0.02993783,-0.9990546,0.0,0.0,0.0,1.489876,-0.111688,-2.935414,0.005605042,0.04077928,1.706525,0.4255106,0.01793682,-0.9047758,0.1407485,0.9863251,0.08574671,0.8939411,-0.163832,0.4171672,moving,5.259445642571388,0.2289647526126756,0.1881859895315542,1.3688847568180342,1.51083419,-0.2199812,0.692148,0.09166505837451,0.0039793538757015,0.9957819532434944,5.89997228342843,1.073494656408293,5.197444228238304,5.197796849102246,5.719419374251926
571,05/05/2023 12:21:31.647683,769,True,True,True,True,Eyes,-0.08038915,0.1046471,-3.461955,0.9289035,-0.1558723,0.3359198,0.0,0.0,0.0,0.0,0.0,0.0,0.0,-3.285729,0.1974994,1.540038,-0.0138448,0.107136,-3.632502,0.07146233,0.5356678,-0.03470163,0.8406838,9.052039,65.0927,1.056803,-0.03074139,0.02997011,-0.9990763,0.0,0.0,0.0,1.48987,-0.1091357,-2.935367,0.009725094,0.04888796,1.705473,0.4237118,0.01821393,-0.905614,0.1349063,0.9873779,0.08297735,0.8956945,-0.1573315,0.4159065,moving,4.964281417868888,-0.0411899972446768,0.3267133530084743,1.6419532525181166,1.5037148,-0.2162717,0.6971350000000003,0.0865346689713646,-0.0007162042954952,0.9962485816145504,5.609662589060957,0.7935998327267817,4.932915175145496,4.933559440752205,5.350631379153226
572,05/05/2023 12:21:31.667815,770,True,True,True,True,Eyes,-0.0768656,0.1046416,-3.468869,0.9282039,-0.153941,0.3387325,0.0,0.0,0.0,0.0,0.0,0.0,0.0,-3.29959,0.1895573,1.52271,-0.006513519,0.1061353,-3.637384,0.06892853,0.5375311,-0.03260118,0.8397895,8.674404,65.32991,1.121353,-0.02998881,0.02999372,-0.9990986,0.0,0.0,0.0,1.489865,-0.1069768,-2.935326,0.01286811,0.04843203,1.704238,0.4199949,0.01934621,-0.9073202,0.1288587,0.988372,0.08072262,0.8983316,-0.1508192,0.4126183,moving,4.561266733915557,-0.298912192955779,0.4326123359950793,1.627826772168132,1.496378519,-0.2131121,0.7020580000000001,0.0795239859251458,-0.0052004559065462,0.9968193963469016,5.213014345888634,0.5257389816506628,4.555258795174405,4.556106910202487,4.905796660502962
573,05/05/2023 12:21:31.688325,771,True,True,True,True,Eyes,-0.07318505,0.1045997,-3.475668,0.9275567,-0.1519001,0.3414161,0.0,0.0,0.0,0.0,0.0,0.0,0.0,-3.314234,0.1837024,1.502086,0.0009313225,0.1054137,-3.641846,0.06633819,0.5397536,-0.0297917,0.8386763,8.24654,65.61921,1.253013,-0.02920499,0.0300089,-0.9991215,0.0,0.0,0.0,1.48986,-0.1045785,-2.935282,0.0162673,0.05063024,1.703011,0.4155571,0.02164137,-0.9093096,0.1215837,0.9894234,0.07911217,0.9014044,-0.1434329,0.4085306,moving,4.112582695850334,-0.6036037717057201,0.5472773154410996,1.702892614721138,1.4889286775,-0.2099922,0.7065640000000002,0.0717125317898172,-0.0105075552685857,0.9973700063169546,4.771460048263312,0.2092547160638747,4.245104877539262,4.246331126534434,4.4804769760125565
574,05/05/2023 12:21:31.697874,772,True,True,True,True,Eyes,-0.06934272,0.1045205,-3.482348,0.9269601,-0.1498462,0.3439348,0.0,0.0,0.0,0.0,0.0,0.0,0.0,-3.326706,0.1783084,1.484878,0.008347214,0.1044366,-3.645908,0.06407049,0.5414693,-0.02753831,0.8378232,7.8848,65.8403,1.344381,-0.02838976,0.03001554,-0.9991449,0.0,0.0,0.0,1.489855,-0.1023137,-2.93524,0.02087426,0.05342327,1.701283,0.4121054,0.02323991,-0.9108399,0.1155289,0.9902732,0.07753717,0.9037823,-0.1371818,0.405412,moving,3.741797623122213,-0.8400747656769348,0.7029676931348491,1.798596939532668,1.481507786,-0.2067503,0.7106680000000001,0.0652532937485601,-0.0146302980451842,0.9977615042341346,4.406530773741667,-0.0365259102620389,4.023013488492192,4.024559070415138,4.13328626710908
575,05/05/2023 12:21:31.718016,773,True,True,True,True,Eyes,-0.06533261,0.1044064,-3.488916,0.9262511,-0.1479261,0.3466653,0.0,0.0,0.0,0.0,0.0,0.0,0.0,-3.335437,0.1838862,1.473948,0.01605345,0.1034534,-3.649729,0.06383459,0.5421451,-0.02578926,0.8374599,7.751728,65.93745,1.504774,-0.02754156,0.03001358,-0.9991687,0.0,0.0,0.0,1.48985,-0.09995262,-2.935196,0.02409893,0.05983936,1.699437,0.4108273,0.02602027,-0.9113419,0.1124102,0.9905201,0.07895475,0.904757,-0.1348808,0.4040078,moving,3.4832398048519218,-0.862948352756969,0.8124304926989561,2.016624851609041,1.47379655,-0.20340602,0.7145329999999999,0.0607496982965618,-0.0150329044000538,0.9980398526505272,4.1517216982115706,-0.0618529543072684,3.925887943362908,3.9274882840290855,3.9333110409552616
576,05/05/2023 12:21:31.737698,774,True,True,True,True,Eyes,-0.06115192,0.1042645,-3.495368,0.9255546,-0.1460475,0.3493119,0.0,0.0,0.0,0.0,0.0,0.0,0.0,-3.341491,0.1951661,1.468215,0.02404833,0.1024961,-3.653521,0.06420887,0.542066,-0.02363817,0.8375459,7.653544,65.93859,1.735444,-0.02665899,0.03000298,-0.999193,0.0,0.0,0.0,1.489845,-0.09762975,-2.935153,0.0264501,0.06649798,1.697263,0.4112114,0.03001478,-0.9110458,0.109207,0.9906369,0.08192885,0.9049747,-0.1331826,0.4040834,moving,3.3240190273205648,-0.8600167335002485,0.8928235826663319,2.2436745927690303,1.46579667,-0.20012585,0.7183679999999999,0.0579760279115588,-0.014984313490499,0.9982055118340298,3.9947693109685303,-0.0599483033447955,3.940892950817765,3.94253866675606,3.863773511585805
577,05/05/2023 12:21:31.747733,775,True,True,True,True,Eyes,-0.05679393,0.1041032,-3.501704,0.9247193,-0.1443624,0.3522124,0.0,0.0,0.0,0.0,0.0,0.0,0.0,-3.346449,0.2099722,1.464069,0.03232925,0.1016969,-3.657173,0.06511557,0.5416973,-0.02141735,0.8377739,7.602967,65.90588,2.003898,-0.02574212,0.02998396,-0.9992177,0.0,0.0,0.0,1.489839,-0.0952428,-2.935108,0.02781308,0.07106134,1.695112,0.4122105,0.03466007,-0.9104291,0.1064317,0.9906026,0.08590083,0.9048508,-0.1323077,0.4046478,moving,3.182510718735166,-0.8224022295013842,0.940014062287814,2.4005094001991125,1.4575097499999998,-0.1969397,0.7220649999999997,0.055511027708119,-0.0143310013470511,0.9983551518588912,3.855194553699035,-0.0222510554957126,3.9247189158889455,3.926315146169022,3.790520481831376
578,05/05/2023 12:21:31.767856,776,True,True,True,True,Eyes,-0.05226765,0.1039082,-3.507915,0.9238843,-0.1426647,0.3550841,0.0,0.0,0.0,0.0,0.0,0.0,0.0,-3.350525,0.2236096,1.461669,0.040914,0.1010701,-3.660684,0.06572424,0.5410973,-0.01902597,0.8381719,7.513873,65.83896,2.26791,-0.02478974,0.02995693,-0.9992426,0.0,0.0,0.0,1.489834,-0.09287913,-2.935064,0.03038549,0.08342258,1.692503,0.4137034,0.03923235,-0.9095661,0.1030205,0.9906367,0.08958662,0.9045643,-0.1307662,0.405788,moving,3.075406450893233,-0.822782954834614,1.0285200845759093,2.821795086042289,1.4489200000000002,-0.19394923,0.7256199999999997,0.0536446855465057,-0.0143391021784455,0.9984571960513496,3.7496217253034105,-0.0233894993122939,4.178284614873097,4.180035034860098,3.936936558278433
579,05/05/2023 12:21:31.787669,777,True,True,True,True,Eyes,-0.0475799,0.1036874,-3.514006,0.9228646,-0.1412654,0.3582807,0.0,0.0,0.0,0.0,0.0,0.0,0.0,-3.352979,0.2342196,1.462691,0.04949121,0.1000588,-3.663922,0.06587921,0.5400978,-0.0168488,0.8388507,7.395958,65.71154,2.479106,-0.02380018,0.02992185,-0.9992678,0.0,0.0,0.0,1.489829,-0.09056311,-2.935021,0.03325027,0.09174244,1.68967,0.416021,0.04289518,-0.9083427,0.09942967,0.9907521,0.09232563,0.9039028,-0.1287256,0.4079086,moving,3.00572788127427,-0.8675594763698653,1.127352845152075,3.1078839527555373,1.44033779,-0.19062191,0.728901,0.0524297960733608,-0.0151203660470914,0.998510157272883,3.681044384951302,-0.0699251276833845,4.394931176708491,4.396867434265377,4.076740245853569
580,05/05/2023 12:21:31.797761,778,True,True,True,True,Eyes,-0.04272031,0.1035232,-3.519982,0.9218278,-0.1399953,0.3614342,0.0,0.0,0.0,0.0,0.0,0.0,0.0,-3.354654,0.2466185,1.465281,0.05809383,0.09924748,-3.667199,0.06725404,0.5388024,-0.01605583,0.83959,7.483083,65.55229,2.631007,-0.02277425,0.02987898,-0.9992931,0.0,0.0,0.0,1.489824,-0.08817711,-2.934977,0.03523779,0.09942654,1.68677,0.4188684,0.04551265,-0.9069058,0.09943391,0.9904382,0.0956298,0.9025865,-0.1302335,0.4103378,moving,2.979028362101581,-0.7132783696929603,1.1967743173942054,3.373392384436302,1.43173017,-0.18742459,0.7322220000000002,0.0519664103082007,-0.0124319132777735,0.9985713782882536,3.654362871284671,0.0885567116513496,4.456497851663296,4.458397395088422,4.102424514529671
581,05/05/2023 12:21:31.817800,779,True,True,True,True,Eyes,-0.03768263,0.1033274,-3.525835,0.9206954,-0.1384046,0.3649167,0.0,0.0,0.0,0.0,0.0,0.0,0.0,-3.356327,0.2668763,1.466463,0.06709872,0.1004738,-3.670431,0.06949326,0.5375597,-0.01411387,0.8402386,7.582634,65.41528,2.948906,-0.02171033,0.02983077,-0.9993183,0.0,0.0,0.0,1.489818,-0.08587878,-2.934934,0.03470647,0.1038261,1.683613,0.4216606,0.05099554,-0.9053186,0.09843161,0.989943,0.1016078,0.9013953,-0.131956,0.4124004,moving,2.911840567080928,-0.5340503023983383,1.180943987532509,3.5288830411617265,1.42271928,-0.18635258,0.7354970000000001,0.0507971315039151,-0.0093087681934497,0.9986656342775116,3.58771288457066,0.2724125231199552,4.414572681727344,4.416268823713587,4.04933781730118
582,05/05/2023 12:21:31.837931,780,True,True,True,True,Eyes,-0.03250527,0.1031054,-3.53159,0.9195226,-0.137114,0.3683446,0.0,0.0,0.0,0.0,0.0,0.0,0.0,-3.357274,0.2691824,1.471855,0.07648006,0.09943527,-3.673468,0.06592673,0.5362458,-0.008458513,0.8414409,6.893174,65.21474,3.260878,-0.02060815,0.02977704,-0.9993433,0.0,0.0,0.0,1.489813,-0.08355127,-2.934891,0.0320195,0.1029869,1.680548,0.4247378,0.05647119,-0.9035535,0.08494054,0.9911642,0.1018752,0.9013229,-0.1200186,0.4161883,moving,2.8662365901906544,-1.1630680685804795,1.0915250653178197,3.506799388758982,1.41333294,-0.18298654,0.7385770000000003,0.0499941220419885,-0.0202725887924544,0.9985436470985244,3.5442427673548256,-0.3748091333633363,4.993464861825514,4.995724478555096,4.59159110166599
583,05/05/2023 12:21:31.848091,781,True,True,True,True,Eyes,-0.02716958,0.102968,-3.537234,0.9182165,-0.136131,0.3719501,0.0,0.0,0.0,0.0,0.0,0.0,0.0,-3.3585,0.2896977,1.474168,0.08503692,0.09865008,-3.676908,0.06925651,0.5348153,-0.00863209,0.8420816,7.231141,65.05764,3.440869,-0.01946744,0.02971766,-0.999368,0.0,0.0,0.0,1.489808,-0.08112749,-2.934846,0.02721322,0.09991992,1.67727,0.4277961,0.05954104,-0.901912,0.08861674,0.990258,0.1074061,0.8995208,-0.1258724,0.4183522,moving,2.8225115874930977,-0.7736374113340803,0.9295258718589662,3.4092492853691727,1.40477108,-0.17977757,0.7420620000000002,0.0492377219943895,-0.0134857333344893,0.9986960742150208,3.500224979468679,0.0253899132878665,4.58964645087032,4.591289147619862,4.2495879978990745
584,05/05/2023 12:21:31.868242,782,True,True,True,True,Eyes,-0.02167807,0.1028563,-3.542782,0.9169604,-0.1346914,0.3755554,0.0,0.0,0.0,0.0,0.0,0.0,0.0,-3.35974,0.3155018,1.474802,0.09432252,0.1006175,-3.680137,0.07244691,0.5335105,-0.006604598,0.8426591,7.420093,64.92624,3.82621,-0.01828831,0.02965572,-0.9993921,0.0,0.0,0.0,1.489803,-0.07887922,-2.934804,0.02102029,0.09607257,1.673708,0.4306458,0.06617153,-0.9000919,0.08843324,0.9894157,0.1150489,0.898178,-0.1291433,0.4202359,moving,2.7478124684459173,-0.514472548146173,0.719546411097808,3.28523201202148,1.39548048,-0.17949672,0.745333,0.0479380648225939,-0.0089687960436148,0.9988100467605804,3.425982650166879,0.2914031114160069,4.305954568542267,4.307158917888833,4.03581572947117
585,05/05/2023 12:21:31.887528,783,True,True,True,True,Eyes,-0.01606543,0.1027544,-3.548248,0.9155349,-0.1336382,0.37939,0.0,0.0,0.0,0.0,0.0,0.0,0.0,-3.361681,0.3129069,1.479739,0.103571,0.1010243,-3.68341,0.06837378,0.5323809,-0.001089186,0.8437384,6.692392,64.74177,4.097313,-0.01707143,0.02959234,-0.9994155,0.0,0.0,0.0,1.489798,-0.07653102,-2.93476,0.0126974,0.08974536,1.669821,0.4331388,0.0709638,-0.8985294,0.07463975,0.9906476,0.1142194,0.8982315,-0.1165389,0.4237912,moving,2.6472685373905307,-1.1884845305700455,0.4356714937742423,3.0764302696988923,1.386227,-0.17755532,0.74865,0.0461772021649649,-0.0207193559737205,0.998718412769836,3.3284637031219555,-0.4024752783214831,4.802655609719103,4.804233522309812,4.524492300635484
586,05/05/2023 12:21:31.897823,784,True,True,True,True,Eyes,-0.01030803,0.1027285,-3.553625,0.9141006,-0.1326715,0.3831688,0.0,0.0,0.0,0.0,0.0,0.0,0.0,-3.363671,0.3275421,1.481593,0.1121292,0.1012371,-3.686985,0.07166059,0.5310449,-0.002406137,0.8443047,7.097736,64.5959,4.163527,-0.01581743,0.02952802,-0.9994381,0.0,0.0,0.0,1.489792,-0.0741289,-2.934716,0.001881957,0.08177364,1.665532,0.4359711,0.07204697,-0.8970722,0.08017302,0.9897179,0.1184512,0.8963825,-0.1235623,0.4257121,moving,2.592742640205792,-0.7246575505707838,0.0647409641090389,2.810828695918116,1.3776628,-0.175366,0.7522690000000001,0.0452328418656116,-0.0126343778832668,0.9988965540226438,3.273624065982532,0.0741602008409775,4.345233050565797,4.346315160392785,4.217378950656085
587,05/05/2023 12:21:31.917415,785,True,True,True,True,Eyes,-0.004446414,0.1027603,-3.558916,0.912567,-0.1316119,0.387169,0.0,0.0,0.0,0.0,0.0,0.0,0.0,-3.365913,0.3320428,1.484489,0.1213825,0.1030672,-3.690253,0.07245334,0.5297498,-0.002075322,0.8450513,7.16068,64.431,4.23415,-0.01452588,0.02946503,-0.9994596,0.0,0.0,0.0,1.489787,-0.07191599,-2.934674,-0.01258856,0.07355506,1.660979,0.4387218,0.07325677,-0.8956321,0.08027178,0.9894924,0.1202548,0.8950307,-0.1246524,0.4282314,moving,2.519712823219943,-0.5974217963022439,-0.4342364041822136,2.5356388044031597,1.3684045,-0.17498319,0.755579,0.0439607269856867,-0.0104167087292872,0.9989789802261853,3.201338051723903,0.2045045791002302,4.305013069963409,4.306028885848573,4.318748476215736
588,05/05/2023 12:21:31.937531,786,True,True,True,True,Eyes,0.001528715,0.1028182,-3.56413,0.9110078,-0.1306055,0.3911611,0.0,0.0,0.0,0.0,0.0,0.0,0.0,-3.367911,0.3252682,1.490941,0.1299046,0.1044764,-3.693743,0.07058528,0.528372,-0.0006766752,0.8460736,6.901091,64.2254,4.242705,-0.01319867,0.02940498,-0.9994797,0.0,0.0,0.0,1.489782,-0.06961059,-2.934632,-0.02816248,0.06379625,1.65608,0.4416453,0.07344552,-0.8941786,0.0757356,0.9900345,0.1187256,0.8939875,-0.1201557,0.4316816,moving,2.463686526496089,-0.7953048221139151,-0.9742498721420426,2.2060826618538045,1.3598774,-0.17408699,0.7591109999999999,0.042982059076757,-0.0138674145622231,0.998979605324944,3.1465786588891893,0.0006041280422525,4.562555744452422,4.563741174738003,4.673902367964544
589,05/05/2023 12:21:31.947761,787,True,True,True,True,Eyes,0.007623964,0.1028805,-3.569315,0.9093965,-0.1294454,0.3952743,0.0,0.0,0.0,0.0,0.0,0.0,0.0,-3.369039,0.3166674,1.499465,0.1386524,0.1051383,-3.697135,0.07001414,0.5265914,-0.001844449,0.8472287,6.92549,63.9726,4.078969,-0.01183583,0.02934832,-0.9994984,0.0,0.0,0.0,1.489777,-0.0672595,-2.934588,-0.04138422,0.05627565,1.650821,0.4453963,0.07061235,-0.8925449,0.07686303,0.9901893,0.1166934,0.8920283,-0.1205785,0.4355992,moving,2.470482662529226,-0.6968427890092167,-1.436039775614022,1.9524279755253409,1.3511246,-0.1723978,0.7625469999999996,0.043101512535323,-0.0121505983807879,0.998996747046784,3.153045668320278,0.1019132828993308,4.7189327671493855,4.720122153454738,4.948142059334433
590,05/05/2023 12:21:31.967692,788,True,True,True,True,Eyes,0.01380614,0.1029365,-3.574433,0.9077633,-0.1284259,0.3993403,0.0,0.0,0.0,0.0,0.0,0.0,0.0,-3.370641,0.2947555,1.509397,0.1470603,0.1051697,-3.700499,0.06766808,0.524858,-0.003755865,0.8484876,6.821332,63.70287,3.733721,-0.01043915,0.02929492,-0.9995157,0.0,0.0,0.0,1.489772,-0.06489884,-2.934544,-0.05071455,0.05537184,1.645004,0.44902,0.06465865,-0.8911792,0.07740586,0.9908139,0.1108884,0.8901625,-0.1187736,0.4398903,moving,2.4885560364339656,-0.7282330622000309,-1.7658374154644378,1.927883054363383,1.3427117000000002,-0.17006854,0.7659550000000004,0.0434163433492839,-0.0126977386306765,0.9989764183331024,3.170934735578648,0.0697564746084804,5.014089022544818,5.015457752610815,5.2748794922449385
591,05/05/2023 12:21:31.987743,789,True,True,True,True,Eyes,0.02010982,0.1029951,-3.579546,0.9060677,-0.1273005,0.4035293,0.0,0.0,0.0,0.0,0.0,0.0,0.0,-3.372984,0.2842197,1.51567,0.1553514,0.105084,-3.704036,0.06759924,0.5233815,-0.006285562,0.8493897,6.973811,63.49306,3.470258,-0.009009446,0.02924429,-0.9995311,0.0,0.0,0.0,1.489766,-0.06252251,-2.9345,-0.05729425,0.0555017,1.63896,0.4520645,0.06008258,-0.8899595,0.08143815,0.9907817,0.1082567,0.8882598,-0.1214157,0.4430043,moving,2.454708512021973,-0.4962869006993078,-2.00211261447453,1.9395216610331905,1.3344146,-0.16760651,0.769536,0.0428280366463915,-0.0086537846001619,0.9990449747289354,3.1370243591669915,0.3080618970849973,5.077627455918976,5.079017415110417,5.391881841734965
592,05/05/2023 12:21:31.997673,790,True,True,True,True,Eyes,0.02649037,0.103068,-3.584601,0.904394,-0.1260441,0.4076571,0.0,0.0,0.0,0.0,0.0,0.0,0.0,-3.375155,0.2743707,1.521808,0.1637138,0.1050652,-3.707426,0.06606194,0.5220176,-0.006442953,0.8503482,6.838892,63.29065,3.349655,-0.007547072,0.02919623,-0.9995446,0.0,0.0,0.0,1.489761,-0.06024373,-2.934457,-0.0628258,0.05678006,1.63263,0.4549122,0.05801348,-0.8886448,0.0799285,0.9911886,0.1056246,0.8869421,-0.119078,0.446267,moving,2.398376123225761,-0.5498423552897848,-2.203731375714969,1.9918457417885016,1.3260472,-0.16530893,0.7729689999999998,0.0418454116323502,-0.0095880063261463,0.99907805762174,3.0816231659351168,0.2525907799107075,5.25574205487232,5.257335048732956,5.564169340823274
593,05/05/2023 12:21:32.017823,791,True,True,True,True,Eyes,0.03298902,0.1031682,-3.589633,0.9027504,-0.1245015,0.4117537,0.0,0.0,0.0,0.0,0.0,0.0,0.0,-3.378423,0.2636985,1.526269,0.171953,0.1054373,-3.711077,0.06389607,0.5209435,-0.005758846,0.8511769,6.590577,63.12421,3.276039,-0.006053937,0.02915093,-0.9995561,0.0,0.0,0.0,1.489756,-0.057782,-2.934412,-0.06743419,0.05695998,1.626056,0.4571694,0.05676889,-0.8875659,0.07637607,0.9917682,0.1027737,0.8860942,-0.1147738,0.4490704,moving,2.303139053063819,-0.7002035358084485,-2.374753255483123,2.006223994950159,1.317803,-0.1632193,0.7766649999999999,0.0401835394687473,-0.0122106826956857,0.9991177108078751,2.9881013529561766,0.0972900022229724,5.402605780990648,5.4043895519855685,5.692472093901558
594,05/05/2023 12:21:32.037954,792,True,True,True,True,Eyes,0.03957107,0.1032787,-3.594604,0.9011726,-0.1226593,0.4157434,0.0,0.0,0.0,0.0,0.0,0.0,0.0,-3.3833,0.24802,1.527898,0.1808024,0.1060551,-3.714669,0.06035324,0.5202601,-0.004147636,0.8518625,6.150535,63.00022,3.213399,-0.004530265,0.0291089,-0.9995654,0.0,0.0,0.0,1.489751,-0.05556751,-2.93437,-0.07018089,0.05637379,1.619478,0.4586245,0.05573234,-0.8868808,0.0698652,0.9926805,0.09850963,0.8858795,-0.107141,0.4513738,moving,2.1637099048936643,-1.0232943690314722,-2.4813887493066207,1.9936526294413863,1.3089486,-0.16162261,0.7802990000000003,0.0377488727032888,-0.0178461770995845,0.9991278547229936,2.851425982919996,-0.2359601011899157,5.536851360845988,5.538854637815267,5.780145836987715
595,05/05/2023 12:21:32.056097,793,True,True,True,True,Eyes,0.04623481,0.10339,-3.599528,0.8995935,-0.1207598,0.4197005,0.0,0.0,0.0,0.0,0.0,0.0,0.0,-3.389679,0.2266487,1.526717,0.189387,0.1063288,-3.718196,0.05597638,0.5200011,-0.002734256,0.852325,5.6392,62.92646,3.084866,-0.002977048,0.02907013,-0.9995724,0.0,0.0,0.0,1.489745,-0.05308115,-2.934324,-0.07190734,0.06156724,1.612754,0.4591829,0.05355459,-0.8867259,0.06287649,0.9937183,0.09257651,0.8861137,-0.09826379,0.4529311,moving,1.974892822499668,-1.4095104270034688,-2.552937528379489,2.186217418449857,1.300358,-0.15940995,0.7838719999999997,0.034451140763327,-0.0245835134983707,0.9991039355355982,2.666217185993632,-0.6344747773263075,5.779381425446322,5.781912004251785,5.932611599951216
596,05/05/2023 12:21:32.067793,794,True,True,True,True,Eyes,0.05296391,0.1034978,-3.604385,0.8980486,-0.1188382,0.4235401,0.0,0.0,0.0,0.0,0.0,0.0,0.0,-3.395635,0.2064755,1.525811,0.197834,0.1063797,-3.721642,0.05277651,0.5196196,-0.002824951,0.8527616,5.333188,62.84521,2.880148,-0.001395609,0.02903435,-0.9995769,0.0,0.0,0.0,1.48974,-0.05086884,-2.934283,-0.07429481,0.06501071,1.605921,0.4599752,0.05002939,-0.8865213,0.05966542,0.9944133,0.08707576,0.8859249,-0.09294735,0.4544204,moving,1.814828915766852,-1.5887671899061455,-2.648789112843924,2.3181754083762462,1.291906,-0.15724854,0.7873589999999999,0.0316572815828174,-0.0277117688260866,0.9991145562149149,2.5088630128033733,-0.8199448424227227,5.929083217890953,5.931954683880576,6.037315144803082
597,05/05/2023 12:21:32.087696,795,True,True,True,True,Eyes,0.05975991,0.1036355,-3.609207,0.8963995,-0.1171546,0.4274841,0.0,0.0,0.0,0.0,0.0,0.0,0.0,-3.401501,0.1863515,1.524425,0.2061368,0.1063851,-3.724916,0.05058665,0.519241,-0.004381739,0.8531182,5.213265,62.77072,2.593187,0.0002120603,0.02900121,-0.9995788,0.0,0.0,0.0,1.489735,-0.04845296,-2.934238,-0.07602298,0.04877035,1.599208,0.4607392,0.04505704,-0.8863911,0.06000961,0.9948436,0.08176243,0.8855045,-0.09086314,0.4556595,moving,1.6515385104626443,-1.5940216594205086,-2.721671722115755,1.7467830462744505,1.2835982,-0.15483806,0.7906779999999998,0.0288096484142695,-0.0278057898745205,0.9991980593765784,2.347918442690617,-0.8264874280071641,5.501175075406632,5.503266649901856,5.685284986076867
598,05/05/2023 12:21:32.097822,796,True,True,True,True,Eyes,0.06661621,0.1037979,-3.613967,0.8947465,-0.1154719,0.4313873,0.0,0.0,0.0,0.0,0.0,0.0,0.0,-3.404668,0.1817383,1.527536,0.2143209,0.1072044,-3.728369,0.05086513,0.5181512,-0.005707579,0.8537561,5.322846,62.62275,2.473194,0.00184554,0.02897128,-0.999578,0.0,0.0,0.0,1.48973,-0.04609096,-2.934194,-0.07755882,0.06092035,1.592485,0.4629736,0.04296589,-0.88533,0.06245741,0.9947603,0.08093806,0.8841687,-0.09276761,0.4578643,moving,1.568399493480017,-1.3796251170123603,-2.788273991411858,2.1907758855561164,1.2754091,-0.15329536,0.7941749999999996,0.027362389190614,-0.0240676599219358,0.9993358339201158,2.265462312001073,-0.6065743758047075,5.630195842884145,5.632793904724537,5.776280733237371
599,05/05/2023 12:21:32.117622,797,True,True,True,True,Eyes,0.06661621,0.1037979,-3.613967,0.8947465,-0.1154719,0.4313873,0.0,0.0,0.0,0.0,0.0,0.0,0.0,-3.406592,0.1738964,1.533422,0.2226299,0.1079457,-3.731658,0.04981172,0.5167645,-0.005892284,0.8546569,5.234585,62.4271,2.383248,0.003502986,0.02894498,-0.9995743,0.0,0.0,0.0,1.489725,-0.04380182,-2.934152,-0.08008796,0.06633398,1.58546,0.4658394,0.0414101,-0.8838998,0.06155362,0.9949681,0.07905402,0.8827258,-0.09123371,0.4609464,moving,1.7611766054403222,-1.4741087396482322,-2.8917822693717223,2.3957978997820053,1.2670951,-0.15174752,0.7975059999999998,0.0307233295692662,-0.0257130693764577,0.9991971660471068,2.455707232787586,-0.7024002695799294,6.048771262642322,6.051958665473387,6.180167948554606
600,05/05/2023 12:21:32.137689,798,True,True,True,True,Eyes,0.06661621,0.1037979,-3.613967,0.8947465,-0.1154719,0.4313873,0.0,0.0,0.0,0.0,0.0,0.0,0.0,-3.406895,0.1717393,1.543607,0.2309878,0.1087842,-3.7355,0.05088582,0.5147507,-0.007851213,0.8557925,5.461578,62.15995,2.242363,0.004994656,0.02892123,-0.9995686,0.0,0.0,0.0,1.48972,-0.04154039,-2.934109,-0.08299023,0.047815,1.579244,0.4699403,0.03894899,-0.8818384,0.06582503,0.9946979,0.07901256,0.8802404,-0.09517824,0.4648848,moving,2.0386936101972544,-1.2544067657901898,-3.0081609205895363,1.7342228450942947,1.2587322,-0.15032459,0.8013910000000002,0.0355658945379496,-0.0218779297167585,0.9991278621328576,2.728740772725067,-0.474515889625863,5.8632269796774885,5.865377021639675,6.147403341005791
601,05/05/2023 12:21:32.147753,799,True,True,True,True,Eyes,0.06661621,0.1037979,-3.613967,0.8947465,-0.1154719,0.4313873,0.0,0.0,0.0,0.0,0.0,0.0,0.0,-3.40709,0.1718725,1.553261,0.2391913,0.1099881,-3.739132,0.05292533,0.5127572,-0.01058435,0.8568356,5.82849,61.90123,2.081749,0.006337027,0.02889981,-0.9995617,0.0,0.0,0.0,1.489714,-0.03895736,-2.934062,-0.08494067,0.06087695,1.572695,0.4739362,0.0361376,-0.8798174,0.07241376,0.9941737,0.07984219,0.8775766,-0.101551,0.4685581,moving,2.312097070265513,-0.8925294004052743,-3.0915199738146173,2.21673736953501,1.2505227,-0.14894546,0.8050700000000002,0.0403378697528827,-0.0155642690588966,0.9990648984653656,2.9973845401729067,-0.100442103167604,6.231455304289423,6.234309665530593,6.514912040018039
602,05/05/2023 12:21:32.167836,800,True,True,True,True,Eyes,0.06661621,0.1037979,-3.613967,0.8947465,-0.1154719,0.4313873,0.0,0.0,0.0,0.0,0.0,0.0,0.0,-3.407649,0.1669785,1.56283,0.2476066,0.1113346,-3.742817,0.05290643,0.5108741,-0.01146959,0.8579494,5.883214,61.64595,1.980446,0.007544795,0.02888049,-0.9995539,0.0,0.0,0.0,1.489709,-0.03685999,-2.934022,-0.08724052,0.06232153,1.565979,0.4777522,0.03437639,-0.8778218,0.07373769,0.9941387,0.07906303,0.8753945,-0.1025011,0.4724171,moving,2.5689364732611204,-0.8437997121256484,-3.188645627462878,2.279007119660977,1.2421023999999998,-0.14819459,0.8087949999999999,0.0448165294300326,-0.0147117545821028,0.9988869328007616,3.2504388316028647,-0.0485357333349519,6.546832203737175,6.549936958111169,6.846843389731826
603,05/05/2023 12:21:32.187542,801,True,True,True,True,Eyes,0.06661621,0.1037979,-3.613967,0.8947465,-0.1154719,0.4313873,0.0,0.0,0.0,0.0,0.0,0.0,0.0,-3.407953,0.1630098,1.572904,0.2557837,0.1119079,-3.746571,0.05316175,0.5089362,-0.01272471,0.8590668,5.986328,61.38465,1.858196,0.008632082,0.02886306,-0.9995456,0.0,0.0,0.0,1.489704,-0.03444173,-2.933977,-0.08902001,0.05565505,1.560312,0.4816439,0.03224913,-0.8757734,0.07597464,0.9940238,0.07838687,0.8730676,-0.1042911,0.4763154,moving,2.833403585470132,-0.7451283372776257,-3.265338996028584,2.042827425113748,1.2339203,-0.14634963,0.8125939999999998,0.0494278995906683,-0.0129886810877765,0.998693265451813,3.510894151921563,0.0547855870083422,6.703114441130098,6.705770530553284,7.061844378449292
604,05/05/2023 12:21:32.197654,802,True,True,True,True,Eyes,0.06661621,0.1037979,-3.613967,0.8947465,-0.1154719,0.4313873,0.0,0.0,0.0,0.0,0.0,0.0,0.0,-3.408138,0.160447,1.583319,0.2641338,0.112515,-3.750416,0.0539582,0.5069125,-0.01443265,0.8601861,6.168936,61.11497,1.721919,0.009610924,0.02884734,-0.9995371,0.0,0.0,0.0,1.489699,-0.03211116,-2.933934,-0.08913165,0.05700316,1.554171,0.4856629,0.02987464,-0.8736355,0.0795337,0.9937604,0.078196,0.8705205,-0.1074604,0.4802565,moving,3.10826732549326,-0.5655574448251152,-3.28231547810164,2.1005263449889733,1.2255652,-0.14462616,0.8164820000000002,0.0542202612183089,-0.0098561597627294,0.9984803858570784,3.781406904641132,0.2413792716178109,6.921713396342945,6.92441704000505,7.304286531954081
605,05/05/2023 12:21:32.217827,803,True,True,True,True,Eyes,0.07539347,0.1041142,-3.619416,0.8922253,-0.1144469,0.4368478,0.0,0.0,0.0,0.0,0.0,0.0,0.0,-3.408129,0.1574521,1.594057,0.2722943,0.1127401,-3.754237,0.05441136,0.5048836,-0.01583637,0.8613253,6.299336,60.84292,1.594765,0.01049171,0.02883317,-0.9995286,0.0,0.0,0.0,1.489694,-0.02985998,-2.933892,-0.08904523,0.05514616,1.548423,0.4896836,0.02766227,-0.8714613,0.08222332,0.9935772,0.0777407,0.8680146,-0.1097228,0.484264,moving,3.0408161665285784,-0.3665952126936633,-3.2912859624603565,2.039692873616545,1.2173997,-0.14260008,0.8203449999999997,0.0530462624404466,-0.0063892417034814,0.9985716553538332,3.714450817432908,0.4455285444959949,6.771461327174268,6.773901366735764,7.184824823013407
606,05/05/2023 12:21:32.237961,804,True,True,True,True,Eyes,0.08413953,0.1044046,-3.624806,0.8896664,-0.1136065,0.4422523,0.0,0.0,0.0,0.0,0.0,0.0,0.0,-3.408005,0.1565101,1.605127,0.2805699,0.1125246,-3.758196,0.05525433,0.5027774,-0.01743546,0.862472,6.479224,60.56322,1.469791,0.01152396,0.02882473,-0.9995176,0.0,0.0,0.0,1.489689,-0.02756181,-2.93385,-0.09019768,0.0606207,1.542539,0.4938217,0.02548606,-0.8691897,0.08563646,0.9932859,0.0777783,0.8653361,-0.1128429,0.4883236,moving,2.9830412232093884,-0.1295632621660353,-3.346475156463163,2.250525799228668,1.2091191,-0.14008641,0.8243459999999998,0.0520402361662984,-0.002258239311161,0.9986423539793758,3.6569429661585016,0.6888975102906504,6.759371000933156,6.762218684774535,7.175412762557778
607,05/05/2023 12:21:32.248044,805,True,True,True,True,Eyes,0.09293754,0.1046749,-3.630248,0.8870357,-0.1128208,0.4477043,0.0,0.0,0.0,0.0,0.0,0.0,0.0,-3.407068,0.1602366,1.617568,0.288612,0.1122188,-3.762236,0.056621,0.5004797,-0.0187496,0.8636914,6.694403,60.26362,1.401268,0.01269117,0.02882075,-0.9995036,0.0,0.0,0.0,1.489683,-0.02522096,-2.933806,-0.09183222,0.05855796,1.536814,0.4983371,0.02428758,-0.8666432,0.08906305,0.992885,0.07903855,0.8623967,-0.1165737,0.4926283,moving,2.94073861113234,0.1359644777200202,-3.419639309347598,2.182112889121843,1.2010710000000002,-0.13743976,0.82843,0.0513028956482984,0.0023699006382657,0.9986803305836578,3.6146191979871087,0.9616804283636124,6.67871189493192,6.68140184488337,7.139345077756299
608,05/05/2023 12:21:32.267537,806,True,True,True,True,Eyes,0.1017121,0.1049074,-3.635641,0.8843693,-0.112022,0.4531468,0.0,0.0,0.0,0.0,0.0,0.0,0.0,-3.405705,0.1623122,1.631201,0.297002,0.1119598,-3.76633,0.0569064,0.498059,-0.01887543,0.8650681,6.733879,59.94354,1.386425,0.01398016,0.02882016,-0.9994864,0.0,0.0,0.0,1.489678,-0.02279952,-2.933761,-0.09477556,0.05334907,1.531416,0.503162,0.02402842,-0.863858,0.08934253,0.9928107,0.07965366,0.8595616,-0.117258,0.4973978,moving,2.913899266329232,0.2231665687187279,-3.541377881828511,1.995173713334256,1.192676,-0.13475932,0.8325689999999999,0.0508348315101374,0.0038899456523813,0.9986995032765804,3.587957916686917,1.051174911760027,6.691731545018032,6.694072929098997,7.191561907219264
609,05/05/2023 12:21:32.289299,807,True,True,True,True,Eyes,0.1104101,0.1050959,-3.640885,0.8817094,-0.1111677,0.4585089,0.0,0.0,0.0,0.0,0.0,0.0,0.0,-3.403237,0.1638538,1.647452,0.3052402,0.1112708,-3.770598,0.05653454,0.4953656,-0.01830139,0.8666499,6.668406,59.58507,1.401261,0.01537782,0.0288216,-0.9994658,0.0,0.0,0.0,1.489673,-0.02042226,-2.933717,-0.09938067,0.04282415,1.525554,0.5085561,0.02428873,-0.8606862,0.08773232,0.9929378,0.07985955,0.8565477,-0.1161231,0.5028336,moving,2.927172541490831,0.2058516739704383,-3.727209037085888,1.6079397230741823,1.1844328,-0.13169306,0.836881,0.0510662520577241,0.0035880943768176,0.9986888897100938,3.601082313470039,1.0334602361728868,6.798868574117039,6.800488592060185,7.35077416327717
610,05/05/2023 12:21:32.298070,808,True,True,True,True,Eyes,0.1191026,0.1052334,-3.646095,0.8790132,-0.1101932,0.4638893,0.0,0.0,0.0,0.0,0.0,0.0,0.0,-3.400221,0.1646075,1.665036,0.3137926,0.1104527,-3.774954,0.0558197,0.4924924,-0.01745018,0.8683496,6.553459,59.20176,1.423267,0.01686989,0.02882374,-0.9994417,0.0,0.0,0.0,1.489667,-0.01798311,-2.933671,-0.1052498,0.03085458,1.519747,0.5142935,0.02467584,-0.8572592,0.08528727,0.9931593,0.07975385,0.8533629,-0.1141302,0.5086709,moving,2.962279202172407,0.144933463555409,-3.9616830776108976,1.1630846306579397,1.1758744,-0.12843581,0.8412830000000002,0.0516783309514157,0.0025261834279902,0.9986606021378506,3.6358308356549847,0.9710546572835176,6.997510095149962,6.998420211085803,7.599940340091021
611,05/05/2023 12:21:32.317764,809,True,True,True,True,Eyes,0.1277705,0.1053175,-3.651247,0.8762468,-0.1089761,0.4693782,0.0,0.0,0.0,0.0,0.0,0.0,0.0,-3.397108,0.1615705,1.683189,0.3224081,0.109334,-3.779374,0.05421098,0.4896005,-0.01624263,0.8701085,6.329362,58.81108,1.430821,0.01844659,0.02882515,-0.9994138,0.0,0.0,0.0,1.489662,-0.01575767,-2.93363,-0.1104906,0.02423919,1.513904,0.5200551,0.02481775,-0.8537721,0.08134914,0.9935947,0.07843407,0.8502499,-0.1102437,0.5147051,moving,2.9950726332136184,-0.0103798009599952,-4.174267636148462,0.9172871127416284,1.1672539,-0.12509167,0.8457439999999998,0.0522500779237788,-0.000180914252984,0.9986340852102346,3.6685216100158176,0.8115538070687266,7.228495547831986,7.229108229973698,7.843501940567019
612,05/05/2023 12:21:32.337674,810,True,True,True,True,Eyes,0.1364342,0.1053695,-3.656381,0.8734361,-0.1077222,0.474874,0.0,0.0,0.0,0.0,0.0,0.0,0.0,-3.394232,0.1557959,1.701597,0.3310892,0.1081083,-3.784073,0.05254045,0.4866966,-0.01560529,0.87185,6.131163,58.41738,1.3792,0.02009781,0.02882445,-0.999382,0.0,0.0,0.0,1.489657,-0.01337088,-2.933586,-0.1154562,0.02258621,1.508022,0.5257657,0.02393158,-0.8502926,0.07835345,0.993992,0.07642469,0.8470131,-0.1068049,0.5207318,moving,3.030247281635776,-0.1346133294929584,-4.378101268532136,0.8580761797284541,1.1585678,-0.12147918,0.8504869999999998,0.0528629948382424,-0.0023461586135675,0.9985990228057215,3.703486339752853,0.6840330382361488,7.473966903148592,7.474560903658037,8.083461466815189
613,05/05/2023 12:21:32.347931,811,True,True,True,True,Eyes,0.145116,0.1053684,-3.661503,0.8705555,-0.1062598,0.4804602,0.0,0.0,0.0,0.0,0.0,0.0,0.0,-3.391147,0.1540745,1.71994,0.3397177,0.1073696,-3.788782,0.05161514,0.4837561,-0.01499619,0.873551,6.009069,58.02552,1.367755,0.02181548,0.02882099,-0.999346,0.0,0.0,0.0,1.489652,-0.01114452,-2.933544,-0.1183226,0.02625665,1.502509,0.5315104,0.0237384,-0.8467192,0.07613814,0.994222,0.0756679,0.8436231,-0.1046859,0.5266318,moving,3.0594641994151304,-0.1725892792579182,-4.502750567436741,1.001153482897036,1.1499343,-0.11851412,0.8552379999999999,0.0533721108871505,-0.0030079532869849,0.998570176530825,3.7323752253031417,0.6451810018892987,7.651926729390275,7.652761870834846,8.242815855609326
614,05/05/2023 12:21:32.367535,812,True,True,True,True,Eyes,0.1537964,0.1053077,-3.666619,0.8675993,-0.1048322,0.4860882,0.0,0.0,0.0,0.0,0.0,0.0,0.0,-3.386544,0.1463217,1.741599,0.3487128,0.1060337,-3.793469,0.04903706,0.4804351,-0.01351249,0.8755541,5.673122,57.57594,1.350694,0.02359274,0.02881359,-0.9993058,0.0,0.0,0.0,1.489647,-0.008744567,-2.9335,-0.1200984,0.02498405,1.496983,0.5379992,0.02345642,-0.842619,0.07078006,0.9948255,0.07288544,0.8399685,-0.09885292,0.533555,moving,3.136964966329316,-0.4276274126724346,-4.586842361494629,0.9561549682326836,1.1409342,-0.1147782669999999,0.859969,0.0547215004174239,-0.0074522545126767,0.998473882979076,3.809369442429129,0.3834314127777209,7.845869958864691,7.846786177477394,8.415722483977333
615,05/05/2023 12:21:32.387557,813,True,True,True,True,Eyes,0.1624728,0.1052153,-3.671705,0.8645891,-0.1034874,0.4917073,0.0,0.0,0.0,0.0,0.0,0.0,0.0,-3.381275,0.1440118,1.764459,0.3574325,0.1045325,-3.798472,0.0485256,0.476891,-0.01386678,0.8775124,5.64644,57.10675,1.263664,0.02542275,0.02880102,-0.9992613,0.0,0.0,0.0,1.489641,-0.006425413,-2.933456,-0.1202683,0.03162371,1.491741,0.5447654,0.0219463,-0.8383013,0.07061938,0.9949059,0.07193773,0.8356098,-0.09838951,0.5404404,moving,3.2406242716079667,-0.3748104395374722,-4.609375002461964,1.214442561913605,1.1322085,-0.110957913,0.8650159999999998,0.0565282076212332,-0.0065311696087317,0.9983796513538988,3.911422980733559,0.4384730848066354,8.00791052123143,8.009257999685095,8.556057906526261
616,05/05/2023 12:21:32.397638,814,True,True,True,True,Eyes,0.1711614,0.1051158,-3.676797,0.8615163,-0.1020699,0.4973644,0.0,0.0,0.0,0.0,0.0,0.0,0.0,-3.37585,0.1471658,1.787356,0.3665925,0.1037127,-3.803618,0.04881215,0.4732497,-0.01396651,0.8794641,5.685986,56.63227,1.245797,0.02729955,0.02878297,-0.9992124,0.0,0.0,0.0,1.489636,-0.003991394,-2.933411,-0.1203755,0.0415645,1.486463,0.5516795,0.02163458,-0.8337756,0.07076675,0.9948447,0.07263778,0.8310487,-0.09907636,0.5473043,moving,3.346989126533211,-0.2553762389108951,-4.629775791593505,1.60168806653155,1.1230435,-0.107704094,0.8702070000000002,0.0583821830583723,-0.0044495388011271,0.9982843624663548,4.0159864340785525,0.5620450859262276,8.18793048956349,8.190083417988216,8.708045819239802
617,05/05/2023 12:21:32.417656,815,True,True,True,True,Eyes,0.1798471,0.1049928,-3.681865,0.8583779,-0.1006972,0.5030382,0.0,0.0,0.0,0.0,0.0,0.0,0.0,-3.370957,0.1435471,1.809801,0.3756477,0.1034128,-3.808875,0.04744497,0.4697846,-0.01305326,0.8814086,5.503194,56.17428,1.241536,0.02921826,0.02875979,-0.9991588,0.0,0.0,0.0,1.489631,-0.001758263,-2.93337,-0.1210585,0.04315142,1.481251,0.5582641,0.02156733,-0.829383,0.06758833,0.9951572,0.07137237,0.8269057,-0.09590124,0.5541028,moving,3.4294649175130507,-0.3610498497096736,-4.672239736216727,1.668653858081331,1.1139833,-0.105171063,0.875505,0.0598185361935043,-0.0062901826225372,0.9981894370738112,4.097532630007078,0.4539418337239523,8.349665211746874,8.352084496560561,8.853498328768186
618,05/05/2023 12:21:32.427609,816,True,True,True,True,Eyes,0.1885511,0.1048594,-3.686948,0.8551563,-0.09931526,0.5087672,0.0,0.0,0.0,0.0,0.0,0.0,0.0,-3.364614,0.1454925,1.834457,0.3849332,0.1027486,-3.814223,0.04686268,0.4659482,-0.01210665,0.8834872,5.398791,55.67449,1.282288,0.03117401,0.02873137,-0.9991006,0.0,0.0,0.0,1.489626,0.0005234814,-2.933327,-0.1215367,0.04676959,1.476204,0.5654914,0.02227902,-0.8244532,0.06506331,0.9953147,0.07152301,0.8221838,-0.0940873,0.5613924,moving,3.549887986178472,-0.3916308034040285,-4.706578456508046,1.814657090057117,1.1046928,-0.1022251186,0.8808960000000003,0.0619161573373141,-0.0068220790272935,0.9980579796748908,4.216306886514683,0.4233310942537023,8.543293581769799,8.546165478625007,9.030707108046869
619,05/05/2023 12:21:32.447631,817,True,True,True,True,Eyes,0.1972806,0.1047331,-3.692062,0.851807,-0.09798589,0.5146101,0.0,0.0,0.0,0.0,0.0,0.0,0.0,-3.358115,0.147491,1.859336,0.3941605,0.1023542,-3.819684,0.04634107,0.4620914,-0.01117225,0.8855503,5.301686,55.17365,1.32591,0.03316217,0.02869797,-0.9990375,0.0,0.0,0.0,1.489621,0.002882512,-2.933283,-0.1219778,0.05241559,1.471026,0.5726934,0.02304044,-0.8194457,0.0626148,0.9954554,0.07174948,0.8173749,-0.09239987,0.568648,moving,3.662164982870833,-0.4180767467499774,-4.740134494445549,2.040699528819645,1.0954605000000002,-0.099471688,0.8864010000000002,0.0638716301061815,-0.0072818517712911,0.9979315329282176,4.327041736695405,0.3969161357933737,8.751053593960158,8.754668313523657,9.214971983123792
620,05/05/2023 12:21:32.467468,818,True,True,True,True,Eyes,0.2060384,0.1046177,-3.697196,0.8483609,-0.09655079,0.5205398,0.0,0.0,0.0,0.0,0.0,0.0,0.0,-3.349631,0.1586369,1.887495,0.4035442,0.1024216,-3.825505,0.04691484,0.4577275,-0.009660189,0.8878014,5.287053,54.61747,1.484469,0.03518015,0.02866023,-0.9989696,0.0,0.0,0.0,1.489615,0.005233936,-2.93324,-0.122339,0.05710144,1.466028,0.5807845,0.02579576,-0.8136486,0.06010108,0.9954113,0.07445866,0.8118358,-0.09214559,0.5765692,moving,3.8238441665010017,-0.3653120492127801,-4.770239801596968,2.230529399010792,1.0860708,-0.097187664,0.8922650000000001,0.066687787932,-0.0063616613701569,0.9977535884615112,4.486286160362351,0.4523086480050444,8.973317698836913,8.977564930148597,9.425780706325304
621,05/05/2023 12:21:32.487847,819,True,True,True,True,Eyes,0.214824,0.104522,-3.702366,0.8448413,-0.09512043,0.5264933,0.0,0.0,0.0,0.0,0.0,0.0,0.0,-3.340849,0.1627278,1.91605,0.4130875,0.10255,-3.831167,0.04573171,0.4533721,-0.007112847,0.8901192,5.040669,54.05595,1.657009,0.03722488,0.02861888,-0.9988967,0.0,0.0,0.0,1.48961,0.007577543,-2.933196,-0.1227062,0.06346262,1.460936,0.5888064,0.02880439,-0.8077608,0.05412952,0.995716,0.07496378,0.8064597,-0.08786285,0.5847247,moving,3.981290351499525,-0.5464486474451417,-4.801089512323172,2.4873476508274623,1.0765225,-0.094972457,0.8979710000000001,0.0694275750152757,-0.009514169815337,0.9975415809549936,4.64190922294571,0.2671194550867197,9.286194487081598,9.291615362889864,9.700496809723298
622,05/05/2023 12:21:32.497981,820,True,True,True,True,Eyes,0.2236503,0.1044616,-3.707567,0.8412198,-0.09357018,0.5325354,0.0,0.0,0.0,0.0,0.0,0.0,0.0,-3.33124,0.1750485,1.94586,0.4226931,0.1029517,-3.837304,0.04608054,0.4487775,-0.004899509,0.8924413,4.97068,53.47388,1.876078,0.03929372,0.0285748,-0.9988188,0.0,0.0,0.0,1.489605,0.009906102,-2.933153,-0.1225049,0.07090887,1.456089,0.5971496,0.03261476,-0.8014666,0.05010486,0.9957052,0.07785076,0.8005635,-0.08664593,0.5929507,moving,4.156226940951308,-0.5492474423551823,-4.80913099744068,2.7879970938868937,1.0669119,-0.093045598,0.904151,0.0724729339416206,-0.0095608222358248,0.9973245947405994,4.814352526900676,0.2654609996540172,9.559645104538305,9.56633911473798,9.948599071727497
623,05/05/2023 12:21:32.517981,821,True,True,True,True,Eyes,0.2325217,0.1044168,-3.712822,0.8375487,-0.09187543,0.5385824,0.0,0.0,0.0,0.0,0.0,0.0,0.0,-3.321868,0.1786128,1.975332,0.4326084,0.1037186,-3.843272,0.04473509,0.4442765,-0.002044004,0.8947699,4.696143,52.89629,2.075319,0.04138383,0.02852919,-0.9987357,0.0,0.0,0.0,1.4896,0.01228591,-2.933109,-0.1221104,0.07396156,1.451241,0.6052284,0.03609167,-0.7952333,0.04340732,0.9959891,0.07823902,0.7948676,-0.08187142,0.6012343,moving,4.3184699840865965,-0.7477361675807257,-4.809655376966313,2.917518180920619,1.0569916,-0.09143269,0.9101629999999998,0.0752937986739115,-0.0130130430316358,0.9970764392419694,4.974744786741385,0.0624597298385486,9.828947506984417,9.83650151457851,10.192440596964907
624,05/05/2023 12:21:32.537908,822,True,True,True,True,Eyes,0.2414289,0.1043412,-3.718113,0.8337715,-0.09009646,0.5447088,0.0,0.0,0.0,0.0,0.0,0.0,0.0,-3.31208,0.1810818,2.005821,0.4424276,0.1040151,-3.8496,0.04316601,0.4396747,0.0008018542,0.897119,4.401491,52.30564,2.264532,0.04349413,0.02848257,-0.9986474,0.0,0.0,0.0,1.489595,0.01459971,-2.933065,-0.1208906,0.07480275,1.446822,0.613371,0.03939673,-0.7888119,0.03651929,0.9962721,0.0781552,0.7889503,-0.07674498,0.6096457,moving,4.485121345349541,-0.9621243401171828,-4.776309010518317,2.959637889639791,1.0471674,-0.08941539,0.916535,0.0781892528913194,-0.0167400416250645,0.9967979608992537,5.139519833164895,-0.1568623403093888,10.049461793691252,10.057549961264872,10.394048072839244
625,05/05/2023 12:21:32.547719,823,True,True,True,True,Eyes,0.2503659,0.1042907,-3.723459,0.8299416,-0.08854296,0.5507787,0.0,0.0,0.0,0.0,0.0,0.0,0.0,-3.302455,0.1803632,2.035577,0.4522986,0.1031732,-3.855787,0.04168344,0.4351454,0.002513574,0.8993913,4.174361,51.7229,2.34443,0.04562246,0.0284342,-0.9985538,0.0,0.0,0.0,1.489589,0.01706182,-2.93302,-0.1193562,0.07467593,1.442307,0.6212843,0.04079809,-0.7825224,0.03175534,0.9965124,0.07716698,0.7829415,-0.0727919,0.6178219,moving,4.648111399864384,-1.1139607759045922,-4.730656997545753,2.96386175079697,1.0372904,-0.08611138,0.922767,0.0810206823644333,-0.0193771452954374,0.9965240924429332,5.300538501551847,-0.3118795720630656,10.218528221106055,10.226921981296906,10.552505122264035
626,05/05/2023 12:21:32.567700,824,True,True,True,True,Eyes,0.259337,0.1042643,-3.72883,0.8260061,-0.08681753,0.556935,0.0,0.0,0.0,0.0,0.0,0.0,0.0,-3.293428,0.193425,2.063529,0.4619246,0.1037694,-3.862395,0.0436555,0.4307469,0.002448697,0.9014131,4.392799,51.17495,2.415579,0.04776753,0.02838487,-0.9984548,0.0,0.0,0.0,1.489584,0.01937972,-2.932976,-0.1178676,0.07195714,1.437954,0.6289023,0.04202351,-0.7763478,0.03319436,0.9961764,0.0808128,0.7767755,-0.07659373,0.6251027,moving,4.787576588533219,-0.8083885582505115,-4.68599950179108,2.8647677225531973,1.0276594,-0.08438968,0.9294189999999998,0.0834535213384879,-0.0140593582078698,0.9964124643943896,5.437290676585605,0.0033540322297533,10.15335333303796,10.160744116568036,10.519918837271906
627,05/05/2023 12:21:32.587801,825,True,True,True,True,Eyes,0.2683064,0.1042238,-3.734221,0.8220339,-0.08508034,0.5630468,0.0,0.0,0.0,0.0,0.0,0.0,0.0,-3.282856,0.187515,2.094155,0.4718267,0.1042793,-3.868371,0.04126067,0.4261206,0.004708876,0.9037127,4.046296,50.5785,2.509448,0.04992731,0.02833533,-0.9983506,0.0,0.0,0.0,1.489579,0.02163174,-2.932935,-0.1166918,0.06986267,1.433707,0.6367982,0.04367499,-0.7697926,0.0266531,0.9965508,0.07858869,0.7705697,-0.07056248,0.6334376,moving,4.953055181843562,-1.0713685317691564,-4.65314191391787,2.789741848910256,1.0177523,-0.08264756,0.9354359999999996,0.0863245125881975,-0.0186280220120001,0.996092953150606,5.601024212156671,-0.2659497057827473,10.345540025824247,10.353124939572869,10.699774475125944
628,05/05/2023 12:21:32.598806,826,True,True,True,True,Eyes,0.2772852,0.104189,-3.739648,0.8178958,-0.08359097,0.5692617,0.0,0.0,0.0,0.0,0.0,0.0,0.0,-3.270685,0.1818387,2.127375,0.4812663,0.1039062,-3.874759,0.03985904,0.4211639,0.005243205,0.9060932,3.888527,49.94325,2.474539,0.05209947,0.02828518,-0.9982409,0.0,0.0,0.0,1.489574,0.02384811,-2.932894,-0.1155198,0.0692723,1.429527,0.6451871,0.04307603,-0.7628093,0.0240727,0.9967675,0.07664849,0.7636453,-0.0678155,0.6420645,moving,5.156403551665577,-1.1505751538168711,-4.62002170483678,2.7742799711850985,1.0083077,-0.08005809,0.941865,0.0898568038312985,-0.0199987441878232,0.9957538240178664,5.801653327769269,-0.3459904847470418,10.527093227933328,10.534845919529692,10.878759037841
629,05/05/2023 12:21:32.617918,827,True,True,True,True,Eyes,0.2862991,0.1041809,-3.745123,0.813711,-0.08213312,0.5754378,0.0,0.0,0.0,0.0,0.0,0.0,0.0,-3.255664,0.193129,2.162823,0.4906004,0.1040466,-3.8811,0.04185026,0.4157113,0.004551417,0.908522,4.143782,49.26425,2.4747,0.0542823,0.02823464,-0.9981261,0.0,0.0,0.0,1.489569,0.02619143,-2.93285,-0.1132674,0.06404734,1.425363,0.6543269,0.04306537,-0.7549846,0.02652512,0.9964557,0.0798279,0.7557465,-0.0722596,0.6508654,moving,5.420178401982979,-0.8243174193318173,-4.543498775696973,2.5728011072512587,0.9989686,-0.07785517,0.9482499999999998,0.094449240367435,-0.0143222449401518,0.9954267009100484,6.06089001168107,-0.0086163044633189,10.52062516929392,10.526883545697382,10.914063285842367
630,05/05/2023 12:21:32.637650,828,True,True,True,True,Eyes,0.2953133,0.1042158,-3.750635,0.8093805,-0.08085358,0.5816923,0.0,0.0,0.0,0.0,0.0,0.0,0.0,-3.240881,0.1903934,2.198463,0.5002162,0.1046516,-3.887368,0.04074413,0.4103369,0.005566786,0.9110064,3.994908,48.58299,2.503851,0.05647465,0.0281844,-0.9980059,0.0,0.0,0.0,1.489564,0.02853763,-2.932806,-0.1106105,0.0666166,1.421337,0.6631854,0.04358039,-0.7471853,0.02329489,0.9966178,0.07880486,0.7480926,-0.06966782,0.6599272,moving,5.660060327388687,-0.914670946446196,-4.44987177817803,2.683430374512155,0.9893478,-0.07611397,0.954562,0.0986136499311393,-0.015885533144274,0.994999007508217,6.2975568764596135,-0.0998661791908918,10.724238967421352,10.731125770162745,11.101980111330665
631,05/05/2023 12:21:32.656642,829,True,True,True,True,Eyes,0.3043335,0.104339,-3.756169,0.8050478,-0.07960045,0.5878451,0.0,0.0,0.0,0.0,0.0,0.0,0.0,-3.226403,0.2010773,2.232115,0.5093625,0.1057529,-3.893817,0.04226309,0.4051463,0.005705384,0.9132568,4.161674,47.94011,2.566822,0.0586746,0.02813556,-0.9978803,0.0,0.0,0.0,1.489558,0.03098222,-2.932761,-0.1081566,0.07037026,1.417069,0.6716478,0.04466644,-0.739523,0.02382451,0.9963626,0.08181714,0.7404875,-0.07257107,0.6681406,moving,5.879450578113456,-0.6932320692974094,-4.364590196266673,2.842916988757869,0.9801955,-0.0747706799999999,0.9610559999999996,0.1024283586745944,-0.0120352517165684,0.9946676015505882,6.513290213101927,0.1293991446945016,10.830090733496508,10.8371915895193,11.211220330123544
632,05/05/2023 12:21:32.668058,830,True,True,True,True,Eyes,0.3133556,0.1044865,-3.761726,0.8005763,-0.07812248,0.5941166,0.0,0.0,0.0,0.0,0.0,0.0,0.0,-3.211074,0.206938,2.266593,0.5188094,0.1080336,-3.900054,0.0422741,0.399846,0.007424165,0.9155769,4.098615,47.2807,2.723869,0.06088109,0.0280903,-0.9977494,0.0,0.0,0.0,1.489553,0.03324286,-2.932719,-0.1063293,0.06799029,1.413305,0.6801361,0.04740104,-0.7315517,0.02021147,0.9963155,0.08334742,0.7328072,-0.07147332,0.6766721,moving,6.095073387962607,-0.6992961755094796,-4.30251400189015,2.75422194959748,0.9707436,-0.07479074,0.9673349999999998,0.1061707567590015,-0.0121357359796087,0.9942738871759906,6.725846017005472,0.1246662559039986,10.949367016828898,10.956122077179833,11.337516829209616
633,05/05/2023 12:21:32.687672,831,True,True,True,True,Eyes,0.3223596,0.1046684,-3.767303,0.7960888,-0.07695798,0.6002667,0.0,0.0,0.0,0.0,0.0,0.0,0.0,-3.195089,0.1930659,2.302874,0.528007,0.1087006,-3.906211,0.03909585,0.394462,0.009208055,0.918034,3.699189,46.59317,2.742648,0.06309247,0.02804886,-0.9976133,0.0,0.0,0.0,1.489548,0.03555699,-2.932676,-0.1036409,0.06804401,1.409412,0.6886298,0.04775027,-0.7235391,0.01393704,0.9967734,0.07904709,0.7249791,-0.06451818,0.6857424,moving,6.329008636061871,-1.0472282717742103,-4.205666913619859,2.763996511899129,0.961541,-0.07314361,0.973535,0.1102193474264279,-0.0181652100371026,0.9937412841867902,6.957258122166572,-0.2315278015603599,11.195271902480522,11.202893523047871,11.557857122629368
634,05/05/2023 12:21:32.698095,832,True,True,True,True,Eyes,0.3313617,0.104926,-3.772883,0.7915012,-0.0758149,0.606447,0.0,0.0,0.0,0.0,0.0,0.0,0.0,-3.180586,0.1985624,2.33501,0.5369021,0.1097744,-3.912482,0.04159445,0.3894364,0.006412139,0.9200915,4.102855,45.97282,2.539599,0.06530682,0.02801176,-0.9974718,0.0,0.0,0.0,1.489543,0.03787314,-2.932633,-0.1010576,0.06804458,1.405715,0.6965964,0.04419629,-0.7161006,0.02059727,0.9964575,0.08153562,0.7171674,-0.07154714,0.6932184,moving,6.530642223007467,-0.5649749792240307,-4.111949980170209,2.771277624196898,0.9526409,-0.07190126,0.9798489999999996,0.1137291103178748,-0.0097965368229463,0.9934635019994604,7.154873978329929,0.2658442658245586,11.146733591333131,11.153266348338104,11.542032681684695
635,05/05/2023 12:21:32.717808,833,True,True,True,True,Eyes,0.3403912,0.1052228,-3.7785,0.7869352,-0.07451985,0.6125194,0.0,0.0,0.0,0.0,0.0,0.0,0.0,-3.168551,0.1870362,2.36388,0.5459674,0.1118241,-3.918168,0.04075396,0.3849773,0.005258852,0.9220109,4.077291,45.40909,2.360128,0.06752335,0.02798054,-0.9973251,0.0,0.0,0.0,1.489538,0.04020621,-2.932589,-0.09739649,0.06982477,1.402209,0.7035297,0.04107613,-0.7094778,0.02168126,0.9966229,0.07920025,0.7103352,-0.0711021,0.7002631,moving,6.661696843813625,-0.5015650412886038,-3.973344414596889,2.8507610237294423,0.9435706,-0.0716178899999999,0.985579,0.1160023888369811,-0.0086947527903237,0.9932109944404822,7.283906386935429,0.3319711509169331,11.144240084435166,11.150883041907186,11.5355969950403
636,05/05/2023 12:21:32.738152,834,True,True,True,True,Eyes,0.3494003,0.1055364,-3.784103,0.7822955,-0.07329509,0.6185803,0.0,0.0,0.0,0.0,0.0,0.0,0.0,-3.158014,0.1681383,2.390762,0.5548484,0.1129537,-3.923831,0.03792935,0.3808909,0.005432894,0.9238259,3.780915,44.88625,2.236071,0.06974147,0.02795558,-0.9971731,0.0,0.0,0.0,1.489532,0.04253502,-2.932546,-0.09378213,0.06587358,1.398829,0.7097852,0.03893198,-0.7033415,0.01885578,0.9970637,0.0742189,0.7041658,-0.06594153,0.706967,moving,6.738856016666629,-0.7165090318885546,-3.835559034072891,2.696177882261572,0.9346836,-0.07041868,0.991285,0.1173351955744307,-0.0124187350929429,0.9930147199234508,7.360469416680655,0.1114533835463105,11.105113729106066,11.11146640364439,11.49051146835256
637,05/05/2023 12:21:32.747826,835,True,True,True,True,Eyes,0.3584188,0.1058624,-3.789704,0.7776837,-0.07194047,0.624526,0.0,0.0,0.0,0.0,0.0,0.0,0.0,-3.147614,0.1619599,2.415544,0.5634637,0.1136634,-3.92914,0.03770465,0.3769628,0.004271477,0.9254509,3.816843,44.3945,2.086792,0.07195958,0.02793671,-0.997016,0.0,0.0,0.0,1.489527,0.04487349,-2.932503,-0.09000278,0.06606425,1.395603,0.7157615,0.03633258,-0.697399,0.02052042,0.9971202,0.07300797,0.6980432,-0.06656722,0.7129548,moving,6.804664219307628,-0.5873918352581612,-3.689909110358153,2.710211401788283,0.9260633,-0.06878991,0.9966369999999998,0.1184786677360714,-0.0101795352827991,0.992904464436747,7.425032964493693,0.2447008905871329,10.994451249291105,11.000466193789764,11.385107790800893
638,05/05/2023 12:21:32.768423,836,True,True,True,True,Eyes,0.3674108,0.1061656,-3.79527,0.772989,-0.07057454,0.6304817,0.0,0.0,0.0,0.0,0.0,0.0,0.0,-3.135818,0.1483658,2.441784,0.5721105,0.1142117,-3.934122,0.03569904,0.3728426,0.004273966,0.9271979,3.612779,43.87442,1.98367,0.07417735,0.02792359,-0.9968539,0.0,0.0,0.0,1.489522,0.04732958,-2.932457,-0.08667195,0.0609762,1.392336,0.7219402,0.03454587,-0.6910925,0.01869462,0.9974146,0.06938718,0.6917028,-0.06301311,0.7194279,moving,6.886426952966933,-0.7037590188822007,-3.562026345275339,2.5076188034920843,0.9174115,-0.0668821199999999,1.001665,0.119892738236969,-0.0121940065115646,0.992711927688662,7.505901490356267,0.1255950255484531,10.92538211118447,10.930833629855831,11.321354329471266
639,05/05/2023 12:21:32.787928,837,True,True,True,True,Eyes,0.3764005,0.1064385,-3.800825,0.7682748,-0.06933612,0.6363539,0.0,0.0,0.0,0.0,0.0,0.0,0.0,-3.123256,0.1415251,2.467733,0.5806365,0.1139254,-3.938826,0.03468931,0.3686775,0.004063032,0.9289011,3.523043,43.3544,1.90196,0.07639317,0.02791507,-0.9966868,0.0,0.0,0.0,1.489516,0.04965651,-2.932414,-0.08337522,0.05576588,1.389431,0.7281207,0.03312665,-0.684648,0.01803003,0.9975603,0.06744178,0.6852117,-0.06144999,0.725747,moving,6.97469886373731,-0.7156737712444511,-3.4340149548252445,2.2983764964285687,0.9088795,-0.06426889,1.006412,0.1214216988670805,-0.0123981212361555,0.9925235561592232,7.592940052114921,0.1139570470067432,10.83159876466706,10.836319595360544,11.241237701254036
640,05/05/2023 12:21:32.797962,838,True,True,True,True,Eyes,0.3853663,0.1067105,-3.80633,0.7634616,-0.06815062,0.6422476,0.0,0.0,0.0,0.0,0.0,0.0,0.0,-3.109256,0.1477036,2.494161,0.5888309,0.1134501,-3.943417,0.03537591,0.3643593,0.004134164,0.9305772,3.602116,42.82523,1.922041,0.07860674,0.02790987,-0.9965147,0.0,0.0,0.0,1.489511,0.05221429,-2.932366,-0.08027309,0.0534135,1.386296,0.7344503,0.0334734,-0.6778364,0.01808477,0.9974629,0.06885266,0.6784214,-0.06282738,0.7319816,moving,7.071672563431236,-0.5744858441801857,-3.313995822665148,2.2064949042040816,0.9006801,-0.06123581,1.011051,0.123104757420106,-0.009950237230708,0.9923438481022058,7.688195292979964,0.2598358438231511,10.747473646091862,10.75155624776459,11.173078843476556
641,05/05/2023 12:21:32.817817,839,True,True,True,True,Eyes,0.3943474,0.1069963,-3.811811,0.7586108,-0.06698212,0.6480919,0.0,0.0,0.0,0.0,0.0,0.0,0.0,-3.0944,0.1501307,2.521306,0.5972375,0.1137261,-3.947811,0.03546423,0.3599065,0.004489156,0.9323034,3.606027,42.27845,1.946446,0.08081671,0.02790766,-0.996338,0.0,0.0,0.0,1.489506,0.05441407,-2.932325,-0.07788336,0.06010482,1.383369,0.7408944,0.03389812,-0.6707655,0.0171571,0.9974443,0.06935818,0.6714023,-0.06289548,0.7384193,moving,7.184627895265721,-0.5107920142328755,-3.222337649112833,2.487830791341479,0.8922685,-0.0593120299999999,1.015486,0.1250621623887066,-0.0088448930486278,0.9921095123662328,7.799386386288114,0.3261284777069161,10.825533509755688,10.830358746227802,11.231712140422225
642,05/05/2023 12:21:32.837708,840,True,True,True,True,Eyes,0.4033079,0.1072546,-3.817218,0.7536678,-0.06566836,0.6539667,0.0,0.0,0.0,0.0,0.0,0.0,0.0,-3.079092,0.1473379,2.548548,0.6056746,0.1142886,-3.951925,0.03484573,0.3554258,0.004846028,0.9340422,3.534524,41.726,1.941976,0.08302305,0.02790849,-0.9961566,0.0,0.0,0.0,1.489501,0.05665221,-2.932283,-0.07462078,0.05322728,1.380503,0.747298,0.03382293,-0.6636277,0.01571735,0.9975246,0.06853956,0.6643032,-0.06164995,0.7449165,moving,7.296727930053673,-0.5104945613934591,-3.094016519692944,2.208027522745618,0.8838264,-0.05763639,1.0196420000000002,0.1270029986142281,-0.0088375449898531,0.9918629275824188,7.909883787294689,0.3272161192413814,10.736576693317923,10.740481020042443,11.163479453184571
643,05/05/2023 12:21:32.848048,841,True,True,True,True,Eyes,0.412243,0.1075142,-3.822556,0.7487739,-0.06458189,0.6596717,0.0,0.0,0.0,0.0,0.0,0.0,0.0,-3.063636,0.1297833,2.575674,0.6142276,0.1138403,-3.955575,0.03221855,0.3509713,0.004774612,0.9358196,3.264761,41.16789,1.811032,0.08522549,0.02791137,-0.9959704,0.0,0.0,0.0,1.489496,0.05899148,-2.93224,-0.0704006,0.05174393,1.378134,0.7535927,0.03155192,-0.656584,0.01367922,0.9978783,0.063653,0.6571993,-0.05695,0.7515622,moving,7.418317568682855,-0.7056270170064124,-2.9243557070574915,2.1502385365614574,0.8752684,-0.05484882,1.023335,0.1291029962753612,-0.0122121393572376,0.9915559518368672,8.030195679804946,0.127383056299684,10.725580324459974,10.729718474814195,11.139754951588246
644,05/05/2023 12:21:32.868003,842,True,True,True,True,Eyes,0.4211607,0.1078455,-3.827806,0.743827,-0.06356154,0.665343,0.0,0.0,0.0,0.0,0.0,0.0,0.0,-3.049975,0.1296131,2.599471,0.6225566,0.1141595,-3.959267,0.03354086,0.3469037,0.002315017,0.937298,3.512677,40.66868,1.585152,0.0874232,0.02791616,-0.9957798,0.0,0.0,0.0,1.48949,0.06138019,-2.932195,-0.06464493,0.0597295,1.3756,0.7593049,0.02761061,-0.650149,0.01893117,0.9977393,0.06448172,0.6504596,-0.06126937,0.7570657,moving,7.496590461221894,-0.3718134041510275,-2.690577689208374,2.4862605212501494,0.8669334,-0.0527793099999999,1.027072,0.130464491953122,-0.0064338581491368,0.9914320979037856,8.106563463525564,0.4712343635520086,10.576214263004992,10.580500058513252,10.983559873204522
645,05/05/2023 12:21:32.888223,843,True,True,True,True,Eyes,0.4300599,0.1081963,-3.832947,0.7389931,-0.06222037,0.6708336,0.0,0.0,0.0,0.0,0.0,0.0,0.0,-3.038371,0.1256331,2.620181,0.6311228,0.116217,-3.96245,0.03357809,0.3432597,0.00162905,0.9386387,3.549855,40.22134,1.49905,0.08961507,0.02792457,-0.9955847,0.0,0.0,0.0,1.489485,0.0637069,-2.932152,-0.05943912,0.05751437,1.37329,0.7643403,0.02611019,-0.6442842,0.01999383,0.9977397,0.06415376,0.6445031,-0.06191701,0.7620906,moving,7.528031179270899,-0.2466610384916124,-2.4783450408601078,2.3981868531169312,0.8583622,-0.0525101,1.0302980000000002,0.1310100273955862,-0.0042679288306759,0.9913718034545922,8.137259987696343,0.6001646392209092,10.346331917318505,10.35001378880963,10.76679868874572
646,05/05/2023 12:21:32.897760,844,True,True,True,True,Eyes,0.4389396,0.1085361,-3.837992,0.7341242,-0.06099802,0.6762699,0.0,0.0,0.0,0.0,0.0,0.0,0.0,-3.026628,0.09790169,2.641135,0.6398315,0.1169537,-3.965172,0.02927715,0.3396412,0.002337649,0.9400966,3.064422,39.76515,1.393425,0.09180109,0.02793681,-0.9953852,0.0,0.0,0.0,1.48948,0.06610364,-2.932108,-0.05468321,0.06253,1.371199,0.7692769,0.02428268,-0.638454,0.01549222,0.9982747,0.05663462,0.6387278,-0.05345877,0.7675735,moving,7.556548977781866,-0.6484629810990767,-2.283736900366538,2.611017568156825,0.8496484999999999,-0.0508500599999999,1.033064,0.131496379099958,-0.0112192984840878,0.9912532001162448,8.16631703626677,0.1871364870257521,10.361018093520071,10.366071561332404,10.727479982456758
647,05/05/2023 12:21:32.917722,845,True,True,True,True,Eyes,0.4478035,0.1089009,-3.842925,0.7293837,-0.05996187,0.6814719,0.0,0.0,0.0,0.0,0.0,0.0,0.0,-3.016656,0.09007126,2.658971,0.6483114,0.117036,-3.967927,0.02938529,0.3363919,5.706343e-05,0.9412636,3.168939,39.36364,1.140709,0.09398095,0.02795225,-0.9951813,0.0,0.0,0.0,1.489475,0.06834233,-2.932066,-0.04983062,0.06075293,1.369159,0.7736809,0.01987737,-0.6332635,0.01966252,0.998273,0.05535699,0.6332702,-0.05528022,0.7719539,moving,7.560395063911536,-0.4504007143112664,-2.08436317654512,2.540687133754646,0.8411636000000001,-0.0486936699999999,1.035861,0.1315671967416381,-0.0077925615358059,0.9912766046343748,8.169641462254129,0.3908573964724471,10.093679910706024,10.097918995105088,10.47694511925205
648,05/05/2023 12:21:32.937663,846,True,True,True,True,Eyes,0.4566631,0.1092954,-3.847746,0.7246579,-0.05885428,0.686591,0.0,0.0,0.0,0.0,0.0,0.0,0.0,-3.008447,0.09360789,2.67388,0.6569983,0.1180302,-3.970336,0.03066192,0.3334782,-0.001174941,0.9422584,3.357536,39.00982,1.046699,0.09615462,0.02797126,-0.9949731,0.0,0.0,0.0,1.489469,0.07079695,-2.93202,-0.0445835,0.05262559,1.36753,0.7775818,0.01823596,-0.6285173,0.02266436,0.998117,0.05699927,0.6283731,-0.05856653,0.7757043,moving,7.520097133595731,-0.1840340388549206,-1.867265770683078,2.203781362131086,0.8324706999999999,-0.04723325,1.038316,0.1308732874954599,-0.0031843685210956,0.9913940397263744,8.129291751719764,0.664517084584446,9.683538858545663,9.686291585834894,10.11437080667107
649,05/05/2023 12:21:32.947732,847,True,True,True,True,Eyes,0.4655141,0.1096919,-3.85245,0.7200338,-0.05785347,0.6915232,0.0,0.0,0.0,0.0,0.0,0.0,0.0,-3.002759,0.08718674,2.685862,0.6658047,0.1191111,-3.972473,0.02942912,0.3310338,-0.000375396,0.9431599,3.196543,38.71056,1.077523,0.09832206,0.02799432,-0.9947606,0.0,0.0,0.0,1.489465,0.07300321,-2.931979,-0.04021221,0.06292512,1.36548,0.7808329,0.01877595,-0.6244576,0.02019218,0.9982675,0.05526419,0.6244134,-0.05576127,0.7791011,moving,7.429987772018254,-0.2887743977672802,-1.686823840561095,2.638482378329725,0.8236603,-0.04610789,1.0404939999999998,0.1293129922574368,-0.0049977257132989,0.9915912494787572,8.040716873886774,0.5561700965851641,9.571369106215462,9.575232958652624,9.94791801282787
650,05/05/2023 12:21:32.967545,848,True,True,True,True,Eyes,0.4743657,0.1100946,-3.857036,0.7153848,-0.05697258,0.6964041,0.0,0.0,0.0,0.0,0.0,0.0,0.0,-2.995514,0.0948016,2.698714,0.674469,0.1195704,-3.974411,0.03034391,0.3283642,-2.940738e-05,0.9440637,3.285563,38.39009,1.140542,0.1004835,0.02802112,-0.9945438,0.0,0.0,0.0,1.489459,0.0753601,-2.931936,-0.03743374,0.06222517,1.363411,0.784354,0.01987218,-0.6199951,0.01998323,0.9981585,0.05727385,0.6199916,-0.05731248,0.7825124,moving,7.366512689937356,-0.1551901576479847,-1.5727147725098272,2.6131278871158563,0.8149900000000001,-0.0442102999999999,1.042475,0.1282155133800464,-0.0026862201546787,0.9917426701466856,7.977834096291503,0.6931101074121853,9.354595591780395,9.358064566048634,9.741634974158115
651,05/05/2023 12:21:32.987819,849,True,True,True,True,Eyes,0.4832208,0.1104865,-3.861504,0.7108177,-0.05619024,0.7011283,0.0,0.0,0.0,0.0,0.0,0.0,0.0,-2.986558,0.09982182,2.7133,0.6833879,0.1201381,-3.976184,0.03126975,0.3253842,-0.0003548222,0.9450648,3.40163,38.03054,1.12957,0.102639,0.0280515,-0.9943229,0.0,0.0,0.0,1.489454,0.07772946,-2.931891,-0.03567481,0.05612261,1.361709,0.7882501,0.0196787,-0.6150404,0.02102002,0.9980442,0.05887297,0.614996,-0.05933478,0.7862948,moving,7.352542243819995,0.0080045628012962,-1.5007234246348955,2.360100291891306,0.8060661,-0.04240864,1.044293,0.1279741583681906,0.0001385572463288,0.9917775125285312,7.963678751212985,0.8608477819101941,9.157764358132912,9.160385762348955,9.582414447041977
652,05/05/2023 12:21:32.997972,850,True,True,True,True,Eyes,0.4920748,0.11085,-3.865846,0.7062223,-0.05554286,0.705808,0.0,0.0,0.0,0.0,0.0,0.0,0.0,-2.97736,0.1028415,2.727717,0.6921837,0.1202791,-3.9777,0.03189588,0.3224152,-0.0007601895,0.9460605,3.488091,37.67142,1.098116,0.1047893,0.02808488,-0.9940976,0.0,0.0,0.0,1.489449,0.08007374,-2.931848,-0.03394675,0.05831894,1.359638,0.7920958,0.01912906,-0.6100971,0.0220058,0.9979641,0.05986067,0.61,-0.06084106,0.7900622,moving,7.337982620721609,0.1364126955891764,-1.4302347374399138,2.4560818321153155,0.7972653000000001,-0.0402053599999999,1.045852,0.1277217652687336,0.0023613492261139,0.9918071656752336,7.949024617068604,0.9928056173030232,9.06720765844503,9.06986772466484,9.49271738334029
653,05/05/2023 12:21:33.018085,851,True,True,True,True,Eyes,0.5009155,0.1111733,-3.87005,0.701692,-0.05501688,0.710353,0.0,0.0,0.0,0.0,0.0,0.0,0.0,-2.967906,0.1101394,2.741929,0.7010706,0.1199839,-3.979054,0.03308995,0.3194156,-0.001216122,0.9470361,3.637955,37.31071,1.081436,0.1069344,0.0281203,-0.9938681,0.0,0.0,0.0,1.489444,0.08241952,-2.931804,-0.03153276,0.05498718,1.35762,0.7959443,0.01883547,-0.6050767,0.02344231,0.9978072,0.06189785,0.6049157,-0.06345164,0.7937575,moving,7.334134932886491,0.3190201164157953,-1.3305411555563242,2.3193620138452373,0.7883734,-0.03756438,1.04725,0.1276535713270424,0.0055223701798737,0.9918033946871644,7.9448016313427665,1.1805785757666176,8.890360135539867,8.892580020682654,9.344988578554986
654,05/05/2023 12:21:33.037956,852,True,True,True,True,Eyes,0.509757,0.1114575,-3.874133,0.6971286,-0.05466034,0.7148595,0.0,0.0,0.0,0.0,0.0,0.0,0.0,-2.958008,0.1205832,2.756042,0.7098966,0.1193765,-3.98019,0.03458401,0.31638,-0.001495124,0.9480009,3.813982,36.94762,1.093894,0.1090745,0.0281566,-0.9936345,0.0,0.0,0.0,1.489438,0.08475631,-2.931761,-0.02873373,0.05520611,1.355389,0.799803,0.01904862,-0.5999603,0.02471813,0.9976034,0.06462528,0.5997535,-0.0665174,0.7974153,moving,7.33335749540005,0.5141653216399845,-1.2144667642417548,2.3324150216626265,0.7795414,-0.0346201899999999,1.048429,0.1276370194358546,0.008900361126901,0.991781083348774,7.943575478371811,1.381267235972692,8.736907734021775,8.739069260816818,9.207302527218127
655,05/05/2023 12:21:33.048386,853,True,True,True,True,Eyes,0.5185674,0.1116959,-3.878059,0.6926096,-0.05425035,0.7192697,0.0,0.0,0.0,0.0,0.0,0.0,0.0,-2.947989,0.1365101,2.769986,0.7188262,0.1187583,-3.981367,0.03656971,0.3133188,-0.001270861,0.9489428,4.025561,36.58543,1.177782,0.1112098,0.02819275,-0.9933967,0.0,0.0,0.0,1.489433,0.08711421,-2.931717,-0.0252009,0.0596763,1.353188,0.8036594,0.02050401,-0.5947361,0.02532791,0.9973221,0.06860876,0.5945503,-0.07020149,0.800988,moving,7.339283141563097,0.7386243921940698,-1.066916285909866,2.525137743180638,0.7706068,-0.03164409,1.0496500000000002,0.1277342038043721,0.0127854728697163,0.9917260532462248,7.948887547637359,1.612150033656092,8.59144646868826,8.59394081709317,9.061912895341012
656,05/05/2023 12:21:33.067813,854,True,True,True,True,Eyes,0.5273917,0.111858,-3.881862,0.6880745,-0.05389521,0.7236359,0.0,0.0,0.0,0.0,0.0,0.0,0.0,-2.937974,0.1477301,2.783575,0.7278883,0.117936,-3.98222,0.03741383,0.310291,-0.0002118965,0.9499052,4.083528,36.22647,1.31069,0.1133396,0.02822769,-0.993155,0.0,0.0,0.0,1.489428,0.0894238,-2.931674,-0.02139431,0.06154464,1.350882,0.8074389,0.02281578,-0.5895098,0.02362091,0.9972003,0.07094768,0.5894781,-0.07121068,0.8046395,moving,7.34076468366986,0.8000656419929816,-0.9073340223324042,2.6085264685028298,0.7615396999999999,-0.0285122,1.0505459999999998,0.1277580422645025,0.0138489024352966,0.9917087362316032,7.950203142738969,1.6753486725537874,8.441474931812735,8.44403119516839,8.906558562625237
657,05/05/2023 12:21:33.087627,855,True,True,True,True,Eyes,0.5362199,0.1119474,-3.88553,0.6835915,-0.05344213,0.7279056,0.0,0.0,0.0,0.0,0.0,0.0,0.0,-2.92937,0.1584088,2.795633,0.7371093,0.1162842,-3.983092,0.03815976,0.3074912,0.000681735,0.9507852,4.137154,35.8946,1.422723,0.1154651,0.02825966,-0.9929093,0.0,0.0,0.0,1.489423,0.09171415,-2.931631,-0.01743507,0.06130208,1.348502,0.8108974,0.02476395,-0.5846642,0.02217121,0.9970867,0.07298273,0.5847682,-0.07214421,0.807986,moving,7.321288355624832,0.8661946529555684,-0.7407480810231789,2.6028392727828478,0.7523137,-0.02457005,1.0514610000000002,0.1274188118493104,0.0149941508574942,0.991735642431752,7.9308493141443375,1.7432222173207772,8.244498772490937,8.246961018545873,8.714100232721526
658,05/05/2023 12:21:33.097758,856,True,True,True,True,Eyes,0.5450683,0.1119748,-3.88907,0.6791385,-0.05301838,0.7320929,0.0,0.0,0.0,0.0,0.0,0.0,0.0,-2.9223,0.168896,2.805667,0.7463233,0.1146458,-3.983715,0.03919216,0.3049778,0.001012463,0.9515522,4.241998,35.59686,1.484313,0.1175862,0.0282872,-0.9926595,0.0,0.0,0.0,1.489418,0.09405939,-2.931588,-0.01342058,0.05741277,1.34589,0.8139752,0.02583229,-0.5803251,0.02197864,0.9969258,0.07520431,0.5804839,-0.0739692,0.8109051,moving,7.273095876954553,0.9893518298881706,-0.5713075425668933,2.44263371368744,0.7430946999999999,-0.02058641,1.052127,0.1265802685214212,0.017127703290614,0.991808521052082,7.883055317902082,1.8695452489498123,7.975662188627445,7.977887768198981,8.473764320825337
659,05/05/2023 12:21:33.117926,857,True,True,True,True,Eyes,0.5538727,0.111949,-3.89244,0.6749183,-0.05201086,0.7360571,0.0,0.0,0.0,0.0,0.0,0.0,0.0,-2.918205,0.1741634,2.81268,0.7556944,0.1131946,-3.984161,0.03946058,0.3029639,0.001472646,0.9521836,4.258424,35.35693,1.535062,0.1197041,0.02830925,-0.9924057,0.0,0.0,0.0,1.489412,0.09643126,-2.931544,-0.01045436,0.06499172,1.342994,0.8164214,0.02671472,-0.5768383,0.0211058,0.9968814,0.07603975,0.5770707,-0.07425511,0.8133115,moving,7.184422749227586,1.0606579852162603,-0.4460024445817645,2.770562233016355,0.7337176,-0.01676334,1.0526169999999997,0.1250423983949116,0.0183656310041343,0.9919813495699944,7.7954813273037455,1.942260603535481,7.817043634989577,7.819665029588241,8.283002979092359
660,05/05/2023 12:21:33.138084,858,True,True,True,True,Eyes,0.5627052,0.1118627,-3.895671,0.6707692,-0.05090083,0.7399175,0.0,0.0,0.0,0.0,0.0,0.0,0.0,-2.916544,0.1708274,2.817683,0.7651148,0.1118939,-3.984573,0.03837639,0.3013529,0.002257991,0.9527374,4.115331,35.16118,1.576012,0.1218179,0.02832513,-0.992148,0.0,0.0,0.0,1.489407,0.09876065,-2.9315,-0.008658767,0.06588273,1.339924,0.8183627,0.02743222,-0.5740472,0.01882713,0.9970443,0.07448614,0.5743937,-0.07176434,0.8154273,moving,7.054095349424341,0.981034245101748,-0.3702477896778895,2.8149095027681645,0.7242921999999999,-0.0131332499999999,1.053073,0.1227886709855293,0.0169918813971701,0.9922874277213084,7.667203952524015,1.859463954518037,7.644996685414567,7.647481252531151,8.094041432059477
661,05/05/2023 12:21:33.147862,859,True,True,True,True,Eyes,0.5715057,0.1117448,-3.898729,0.6667778,-0.04927179,0.743626,0.0,0.0,0.0,0.0,0.0,0.0,0.0,-2.916948,0.1626273,2.820144,0.7746471,0.1103227,-3.98447,0.03668838,0.3001162,0.002850701,0.9531926,3.912394,35.00746,1.576991,0.1239287,0.02833401,-0.9918863,0.0,0.0,0.0,1.489402,0.1010662,-2.931458,-0.006810009,0.0558457,1.336945,0.8198443,0.02745609,-0.5719278,0.01658702,0.9972917,0.07165327,0.5723462,-0.06823111,0.8171686,moving,6.892944306338098,0.8775429091890881,-0.2918455131939599,2.391918794004724,0.7147548999999999,-0.0092565,1.0530119999999998,0.1200007095019132,0.0152047419200757,0.992657351396153,7.508599650531319,1.751906095097482,7.340896057368046,7.342652046186217,7.826657077389274
662,05/05/2023 12:21:33.167921,860,True,True,True,True,Eyes,0.5803425,0.1115986,-3.901646,0.6628766,-0.04742242,0.7472253,0.0,0.0,0.0,0.0,0.0,0.0,0.0,-2.918465,0.1561051,2.821373,0.7841843,0.1094313,-3.984349,0.03524541,0.2990665,0.003602337,0.9535742,3.730503,34.87793,1.605122,0.1260362,0.02833593,-0.9916207,0.0,0.0,0.0,1.489397,0.1034075,-2.931414,-0.005925536,0.06031124,1.333529,0.8210925,0.02795164,-0.5701104,0.01421126,0.9974896,0.06937292,0.5706182,-0.06506357,0.8186339,moving,6.717144198082448,0.805064894389457,-0.2545921158702846,2.5895397176260984,0.7052127000000001,-0.0060237999999999,1.0529349999999995,0.1169565180626598,0.0139541416402697,0.9930389602226332,7.335482544150321,1.676141252859352,7.194623101135972,7.196489256995573,7.64483682625896
663,05/05/2023 12:21:33.187865,861,True,True,True,True,Eyes,0.5892051,0.1114231,-3.904417,0.6590304,-0.04510726,0.7507624,0.0,0.0,0.0,0.0,0.0,0.0,0.0,-2.921317,0.14129,2.821077,0.7939403,0.1086197,-3.983766,0.03208381,0.298251,0.005402556,0.9539329,3.324387,34.77318,1.690186,0.1281418,0.02833094,-0.9913509,0.0,0.0,0.0,1.489391,0.1059011,-2.931368,-0.005977273,0.06597986,1.329696,0.8220344,0.0294454,-0.5686761,0.0088307,0.9978828,0.06443423,0.5693694,-0.05798896,0.820034,moving,6.516052271356341,0.5295600271244609,-0.2575552676301871,2.840701521540093,0.6954506999999999,-0.0027186,1.0523980000000002,0.1134767838725414,0.0091827339348529,0.9934981686958734,7.137913441600662,1.3914001974395598,7.154923555206138,7.157033889777584,7.5361417023071
664,05/05/2023 12:21:33.197985,862,True,True,True,True,Eyes,0.5981038,0.1112494,-3.907046,0.6552731,-0.04262852,0.7541882,0.0,0.0,0.0,0.0,0.0,0.0,0.0,-2.924871,0.1308644,2.819848,0.8036927,0.1076749,-3.983218,0.02957258,0.2975483,0.007089941,0.9542223,2.993258,34.68401,1.786304,0.130246,0.02831912,-0.9910769,0.0,0.0,0.0,1.489386,0.1080983,-2.931327,-0.0072788,0.06317434,1.326028,0.8228295,0.0311293,-0.5674351,0.004067781,0.9981504,0.06065683,0.5682737,-0.05221843,0.8211809,moving,6.309554391997716,0.3379454871026419,-0.3145034126981097,2.7276107631193733,0.6856933000000001,0.0004233999999999,1.051891,0.1098981622386872,0.0058625004163097,0.9939254963756936,6.934817965861993,1.1928971589528214,7.039919332557621,7.04192032980719,7.409993677221488
665,05/05/2023 12:21:33.217554,863,True,True,True,True,Eyes,0.6070078,0.1110361,-3.909505,0.651573,-0.03969831,0.7575464,0.0,0.0,0.0,0.0,0.0,0.0,0.0,-2.928493,0.1216535,2.818316,0.8134556,0.1074455,-3.982527,0.02693523,0.2968637,0.00948465,0.9544928,2.624358,34.598,1.956117,0.1323504,0.02830128,-0.9907986,0.0,0.0,0.0,1.489381,0.1104278,-2.931283,-0.007736444,0.06690279,1.322023,0.823564,0.03409825,-0.5661975,-0.002113875,0.998369,0.05705026,0.5672194,-0.04578767,0.8222929,moving,6.104245023523241,0.1271908527081572,-0.3352895749758161,2.897060188547456,0.6759254000000001,0.0029823,1.051244,0.1063374756606648,0.0022073105959146,0.9943275855314824,6.732939117192674,0.9747180732001784,7.007604304066048,7.009977316859823,7.324974815876962
666,05/05/2023 12:21:33.237742,864,True,True,True,True,Eyes,0.6159498,0.1107844,-3.911822,0.6479481,-0.03672975,0.7607983,0.0,0.0,0.0,0.0,0.0,0.0,0.0,-2.932652,0.104046,2.81608,0.823402,0.1062226,-3.981495,0.02268386,0.2962527,0.01239618,0.9547598,2.061401,34.51551,2.128173,0.1344547,0.02827716,-0.9905159,0.0,0.0,0.0,1.489376,0.1127689,-2.93124,-0.007507861,0.07110608,1.317751,0.8241615,0.03711106,-0.5651379,-0.01023044,0.9986635,0.05066008,0.5662627,-0.03597047,0.8234397,moving,5.894437513778279,-0.2746024926325763,-0.3264380705847187,3.08869506420553,0.6659740000000001,0.0065463,1.050255,0.1026947930725674,-0.0047673595470571,0.9947014224732432,6.527076555629672,0.5600367987516381,7.068696084439182,7.0718500756136535,7.305119804300466
667,05/05/2023 12:21:33.247824,865,True,True,True,True,Eyes,0.6249062,0.1105204,-3.913969,0.644275,-0.03351814,0.7640591,0.0,0.0,0.0,0.0,0.0,0.0,0.0,-2.935835,0.10792,2.813935,0.8332772,0.1050592,-3.980404,0.02149618,0.2955292,0.01521223,0.9549707,1.837512,34.42924,2.394597,0.1365601,0.02824649,-0.9902287,0.0,0.0,0.0,1.489371,0.1151506,-2.931195,-0.007119417,0.07506912,1.3134,0.8248622,0.04175995,-0.5637893,-0.01634897,0.998613,0.05004775,0.5650973,-0.03206513,0.8244009,moving,5.697225654144126,-0.3319768680878022,-0.3105745024703799,3.271257181847675,0.6560938,0.0100914,1.0492089999999998,0.0992699201167184,-0.0057654376148094,0.9950438645185448,6.332818087204864,0.4996557467797649,7.002078691595793,7.005494867632957,7.198363676240764
668,05/05/2023 12:21:33.267532,866,True,True,True,True,Eyes,0.6338993,0.1102814,-3.915987,0.6406612,-0.03024395,0.7672279,0.0,0.0,0.0,0.0,0.0,0.0,0.0,-2.940226,0.09603971,2.810805,0.8434364,0.1044769,-3.979004,0.01784533,0.2949458,0.01859582,0.9551663,1.324854,34.35086,2.640169,0.1386669,0.02820976,-0.9899369,0.0,0.0,0.0,1.489365,0.1175433,-2.931151,-0.006669044,0.08090711,1.308788,0.8253224,0.04605103,-0.5627809,-0.0249974,0.9986715,0.04506004,0.5641083,-0.023121,0.825377,moving,5.484961876440176,-0.6704263005033391,-0.2919531409910774,3.5374288261928,0.6459286000000001,0.0130664,1.0478530000000004,0.0955780148239568,-0.0116473127288246,0.9953538583960788,6.124385099515377,0.150102415467107,7.142593156365355,7.1469428349389865,7.255575554660379
669,05/05/2023 12:21:33.287851,867,True,True,True,True,Eyes,0.6429153,0.1100826,-3.917845,0.6368668,-0.02677966,0.7705086,0.0,0.0,0.0,0.0,0.0,0.0,0.0,-2.942353,0.09216934,2.810149,0.8533408,0.1048295,-3.977901,0.01602714,0.2939971,0.02092584,0.9554428,1.049818,34.23303,2.832657,0.1407762,0.02816829,-0.9896405,0.0,0.0,0.0,1.48936,0.1198048,-2.931109,-0.005981684,0.08749133,1.304011,0.8262557,0.04941075,-0.5611241,-0.03056303,0.9986105,0.0429303,0.5624655,-0.01832175,0.8266177,moving,5.310245361403115,-0.7554916379136135,-0.2628220496228545,3.83845089824531,0.6360192,0.0149752999999999,1.046792,0.0925406590561419,-0.013128854356572,0.9956223347287132,5.95236576138356,0.0613998915446927,7.217621301965147,7.222422612487445,7.272872460953846
670,05/05/2023 12:21:33.297845,868,True,True,True,True,Eyes,0.651978,0.1098519,-3.919569,0.6330786,-0.02297362,0.7737466,0.0,0.0,0.0,0.0,0.0,0.0,0.0,-2.942144,0.07318401,2.81168,0.863414,0.1055398,-3.976241,0.01174588,0.2926083,0.02393997,0.9558606,0.4838555,34.05357,3.017577,0.1428886,0.02812366,-0.9893389,0.0,0.0,0.0,1.489355,0.1222509,-2.931064,-0.005339444,0.09505914,1.299153,0.8276146,0.05264043,-0.558823,-0.03889267,0.9985778,0.03646491,0.5599478,-0.008444773,0.8284849,moving,5.184619680179809,-1.1132073898221098,-0.2354810277354689,4.18487946896724,0.625941,0.0167110999999999,1.0451769999999998,0.0903483328290922,-0.019348457076073,0.9957223096673102,5.829378191380301,-0.3073634177543316,7.573407541984605,7.579394174155352,7.547367984999414
671,05/05/2023 12:21:33.317501,869,True,True,True,True,Eyes,0.6611057,0.1096167,-3.921188,0.6290065,-0.01959794,0.777153,0.0,0.0,0.0,0.0,0.0,0.0,0.0,-2.93972,0.04513008,2.81574,0.873648,0.1044486,-3.974697,0.006177132,0.2907666,0.0265153,0.9564065,359.7935,33.81502,3.113345,0.1450047,0.02807549,-0.9890324,0.0,0.0,0.0,1.48935,0.1244956,-2.931022,-0.004708171,0.0991077,1.294233,0.8295034,0.05431102,-0.5558547,-0.04712661,0.9985176,0.02723523,0.5565098,0.003603831,0.8308333,moving,5.091668277537686,-1.6134853946028018,-0.2084301185128594,4.378958377940606,0.615702,0.0200469999999999,1.043675,0.0887145466961906,-0.0280458911819432,0.9956621911551096,5.738933900483275,-0.8225148265811157,7.992610349947938,8.000026585887813,7.901041847238079
672,05/05/2023 12:21:33.337640,870,True,True,True,True,Eyes,0.670277,0.1094669,-3.922693,0.6249972,-0.01619842,0.7804589,0.0,0.0,0.0,0.0,0.0,0.0,0.0,-2.940199,0.05600755,2.816362,0.8837306,0.1040739,-3.97341,0.007459238,0.2895873,0.02680774,0.9567472,359.9282,33.67793,3.188246,0.1471261,0.02802406,-0.9887204,0.0,0.0,0.0,1.489345,0.1268265,-2.930979,-0.004886091,0.1039756,1.289215,0.8308411,0.05561664,-0.5537236,-0.04697624,0.9984515,0.02979957,0.5545235,0.00125315,0.8321671,moving,4.947068077047396,-1.2811988174471258,-0.2171484602844308,4.610942879452328,0.6056143999999999,0.0227526,1.042431,0.0862139855445152,-0.0222760225248796,0.9960275653437248,5.5956170923654565,-0.4817881834811954,7.828395317217807,7.834951577437649,7.728140335775558
673,05/05/2023 12:21:33.347630,871,True,True,True,True,Eyes,0.6795223,0.1093705,-3.924097,0.6207455,-0.0126629,0.7839099,0.0,0.0,0.0,0.0,0.0,0.0,0.0,-2.942405,0.0585067,2.815534,0.8939835,0.10599,-3.972148,0.006235114,0.2885873,0.03000096,0.9569631,359.6916,33.55361,3.498319,0.1492534,0.02797193,-0.988403,0.0,0.0,0.0,1.489339,0.1293593,-2.930931,-0.005780697,0.1101727,1.283928,0.8316346,0.06101837,-0.5519607,-0.05382087,0.9981222,0.02924934,0.552709,0.005382244,0.833357,moving,4.749265876786599,-1.3293210777339095,-0.2579640780232231,4.904484975616441,0.5953554999999999,0.0233693,1.0412169999999996,0.0827733107699589,-0.0231193393860708,0.996300221467004,5.400754918428551,-0.5326581568087312,7.989116573904829,7.99579200149255,7.847523566277605
674,05/05/2023 12:21:33.369120,872,True,True,True,True,Eyes,0.6887891,0.1093442,-3.925399,0.6165342,-0.009168532,0.7872747,0.0,0.0,0.0,0.0,0.0,0.0,0.0,-2.944683,0.03252376,2.814687,0.9041883,0.1070108,-3.970601,0.0005665273,0.2874804,0.03370274,0.9571932,358.9518,33.39987,3.718622,0.1513875,0.02792057,-0.9880798,0.0,0.0,0.0,1.489334,0.131527,-2.930891,-0.008117437,0.1138497,1.278637,0.8324383,0.06484579,-0.5503104,-0.06419434,0.9977276,0.02046231,0.5503868,0.0182932,0.8347093,moving,4.555742878135087,-1.875024617040383,-0.3637378179962385,5.0881917450530745,0.5851457,0.0245162,1.03971,0.0793866932264875,-0.03261624498919,0.9963101266724804,5.211283257866342,-1.095228094260095,8.517919212012549,8.525706564557263,8.325595528580743
675,05/05/2023 12:21:33.387887,873,True,True,True,True,Eyes,0.6981108,0.1094128,-3.926604,0.6120741,-0.005666046,0.7907801,0.0,0.0,0.0,0.0,0.0,0.0,0.0,-2.944048,0.02648158,2.817021,0.9140281,0.1084723,-3.969448,-0.0005987157,0.2860267,0.03454955,0.9575984,358.8018,33.22141,3.775147,0.1535286,0.02787171,-0.9877508,0.0,0.0,0.0,1.489329,0.1337977,-2.930849,-0.01161677,0.1139619,1.273648,0.8339901,0.06582668,-0.5478387,-0.06651168,0.9976119,0.01861752,0.5477561,0.02091084,0.8363767,moving,4.410931917559389,-1.8185366236970508,-0.5225725134395852,5.113024769728281,0.5753008999999999,0.0253253999999999,1.038599,0.0768707546607005,-0.0316402233201997,0.9965388892914498,5.068408572146545,-1.0381437279661303,8.500505913646641,8.507996786642027,8.312396969972621
676,05/05/2023 12:21:33.397770,874,True,True,True,True,Eyes,0.9318589,0.1119838,-3.95419,0.4923979,0.08961619,0.8657444,0.0,0.0,0.0,0.0,0.0,0.0,0.0,-2.942694,-0.001794398,2.819844,0.9241325,0.1108539,-3.967954,-0.005410613,0.2842926,0.03651782,0.9580266,358.2161,32.99655,3.837453,0.1556768,0.02782753,-0.9874157,0.0,0.0,0.0,1.489324,0.1361819,-2.930804,-0.01598692,0.1131421,1.2683,0.8356882,0.0668937,-0.545115,-0.07304649,0.9972743,0.01039647,0.5443247,0.03113052,0.8382968,moving,-3.127067043361626,3.5831708766019355,-0.7221749867894353,5.097729523020306,0.5651915000000001,0.0253279999999999,1.03715,-0.0544442050591106,0.0624046813430675,0.9965649019746974,-2.374598981050976,4.464592867946174,2.838817663662049,2.8420755966730846,1.7695669189973364
677,05/05/2023 12:21:33.417897,875,True,True,True,True,Eyes,0.932288,0.112017,-3.95416,0.491901,0.08938746,0.8660504,0.0,0.0,0.0,0.0,0.0,0.0,0.0,-2.939762,-0.03616146,2.824137,0.9342198,0.1116711,-3.966614,-0.01092363,0.2822629,0.03783131,0.9585287,357.5758,32.73617,3.808249,0.1656262,0.02781613,-0.9857961,0.7012444,0.007713049,-0.08275795,1.489319,0.1384713,-2.930762,-0.02086866,0.1120784,1.262975,0.8377929,0.06635812,-0.5419406,-0.07869145,0.9968989,0.000415525,0.5402876,0.04229796,0.8404167,moving,-2.9446579327035525,2.9135234299342554,-0.9466357950185138,5.071233873712865,0.5550992,0.0268001999999999,1.0358519999999998,-0.0513051262784513,0.0507617248664879,0.997392118703844,-2.1932186286434234,3.777176293743344,2.939661335214013,2.940715358866066,1.7968176817264692
678,05/05/2023 12:21:33.437656,876,True,True,True,True,Eyes,0.9330991,0.1120465,-3.954088,0.4912947,0.08918323,0.8664156,0.0,0.0,0.0,0.0,0.0,0.0,0.0,-2.936446,-0.04964982,2.828986,0.9442105,0.1123944,-3.965373,-0.01244419,0.2803359,0.03729482,0.9590965,357.4334,32.50336,3.705401,0.1738789,0.027802,-0.9843743,0.6591697,0.007250266,-0.07779247,1.489313,0.1408074,-2.930718,-0.0262742,0.1061124,1.257592,0.8400418,0.06456155,-0.5386665,-0.07851576,0.9969085,-0.002960203,0.5368101,0.04478051,0.8425139,moving,-2.768367968055016,2.741162104146765,-1.1968760886092211,4.82304716284472,0.5451025000000002,0.0284129999999999,1.034655,-0.0482432058845785,0.0477683727055602,0.9976927875552294,-2.019041745333391,3.6011433019491688,2.6080198112492785,2.608415634977267,1.472754362535769
679,05/05/2023 12:21:33.447793,877,True,True,True,True,Eyes,0.934295,0.1120783,-3.954001,0.4904493,0.08858848,0.8669554,0.0,0.0,0.0,0.0,0.0,0.0,0.0,-2.933213,-0.0616776,2.833961,0.9542361,0.1123046,-3.964303,-0.01311686,0.2784631,0.03543679,0.9597033,357.4258,32.28244,3.48423,0.18075,0.02778659,-0.9831362,0.6196195,0.00681525,-0.07312492,1.489308,0.1431442,-2.930675,-0.03200126,0.1020366,1.252094,0.8424051,0.06071251,-0.5354136,-0.07532274,0.9971443,-0.005440906,0.5335543,0.04491227,0.8445725,moving,-2.6189909041998902,2.678131271609512,-1.4640578569789335,4.6588962476795786,0.5350719,0.0308395999999999,1.0336280000000002,-0.0456442966286326,0.0466764929818584,0.9978667262899152,-1.8716507898571293,3.537361895193921,2.2927669621179807,2.292880335732534,1.1933026869732897
680,05/05/2023 12:21:33.467495,878,True,True,True,True,Eyes,0.9358303,0.1121292,-3.953889,0.489559,0.08795761,0.8675225,0.0,0.0,0.0,0.0,0.0,0.0,0.0,-2.932972,-0.06667136,2.836279,0.9641078,0.1123721,-3.963473,-0.01266346,0.2771377,0.03335542,0.9601676,357.5466,32.12986,3.272616,0.1864975,0.02777094,-0.9820626,0.5824424,0.006406335,-0.06873742,1.489303,0.1455082,-2.930631,-0.03767937,0.09658288,1.246578,0.8441643,0.05703454,-0.5330421,-0.07107262,0.9974541,-0.005829995,0.5313525,0.04280617,0.8460686,moving,-2.5328300712495064,2.747153197437387,-1.7313090474812618,4.430335020884364,0.5251952000000001,0.0331361,1.032842,-0.0441411365948321,0.0478817801846164,0.9978771160972828,-1.786883851170887,3.608947275537081,1.8641932775693215,1.8642792179083008,0.8232656843400147
681,05/05/2023 12:21:33.487859,879,True,True,True,True,Eyes,0.9376955,0.1122316,-3.953755,0.4884442,0.08720869,0.8682263,0.0,0.0,0.0,0.0,0.0,0.0,0.0,-2.933565,-0.06971821,2.837934,0.9738137,0.1128801,-3.962761,-0.01223875,0.2759483,0.03191188,0.9605646,357.6431,31.9919,3.12982,0.1913318,0.02775617,-0.9811327,0.5474958,0.006021955,-0.06461318,1.489298,0.1478595,-2.930587,-0.04355693,0.08800799,1.240933,0.8456683,0.05455232,-0.5309135,-0.06806136,0.9976637,-0.005900165,0.5293513,0.04112428,0.8474056,moving,-2.475083697496898,2.790456073733248,-2.010264958932728,4.056671586479466,0.5154843,0.0349794,1.032174,-0.0431338148987167,0.0486380856048081,0.9978846680743364,-1.7300647207317332,3.653884146861164,1.3486513993314064,1.3488358626754973,0.4906627100179519
682,05/05/2023 12:21:33.497356,880,True,True,True,True,Eyes,0.9398752,0.1123398,-3.953592,0.4872843,0.08673133,0.8689256,0.0,0.0,0.0,0.0,0.0,0.0,0.0,-2.935601,-0.08712313,2.83781,0.9835659,0.1142037,-3.962078,-0.01414702,0.2749096,0.03118489,0.9608601,357.4591,31.8661,2.992294,0.1954258,0.02774388,-0.9803257,0.5146461,0.005660638,-0.06073639,1.489293,0.150141,-2.930545,-0.04889435,0.08683716,1.234772,0.8469045,0.05215033,-0.5291815,-0.06770694,0.9976547,-0.01004057,0.5274169,0.04433266,0.8484492,moving,-2.444752068312534,2.5706718082748474,-2.2676065389806217,4.02278684459306,0.5057271,0.0359372999999999,1.031533,-0.0426131783985238,0.0448108947191912,0.9980862245851604,-1.6996486540324918,3.4280619209820165,1.462046983878657,1.462880247068682,0.8223587379233683
683,05/05/2023 12:21:33.517364,881,True,True,True,True,Eyes,0.9423454,0.1124863,-3.953408,0.4858997,0.08601779,0.8697715,0.0,0.0,0.0,0.0,0.0,0.0,0.0,-2.937306,-0.1142336,2.837258,0.9933214,0.1143741,-3.961197,-0.01746595,0.2738183,0.03024364,0.9611472,357.1261,31.73318,2.787585,0.1990149,0.02773453,-0.9796037,0.4837673,0.005320999,-0.0570922,1.489287,0.1526038,-2.930499,-0.05482727,0.07916404,1.228629,0.8482177,0.04857219,-0.5274159,-0.06770218,0.9975606,-0.01701216,0.5253029,0.05013722,0.8494369,moving,-2.432089842422189,2.1863130746121104,-2.5551150522441737,3.686632899098487,0.4959656,0.0382297,1.0306979999999997,-0.0424043953075824,0.0381147889311507,0.9983732623584008,-1.686261700484488,3.032862399455881,1.503659868555392,1.5053553660177963,1.0873463169878226
684,05/05/2023 12:21:33.537679,882,True,True,True,True,Eyes,0.9450959,0.1126749,-3.95321,0.4844911,0.08548839,0.870609,0.0,0.0,0.0,0.0,0.0,0.0,0.0,-2.941687,-0.1257028,2.834862,1.002992,0.115569,-3.960608,-0.01776327,0.2732703,0.02813095,0.9613618,357.1611,31.67284,2.546732,0.2023017,0.02772918,-0.9789303,0.4547413,0.005001739,-0.05366667,1.489282,0.1548758,-2.930457,-0.05982351,0.07550759,1.222614,0.849064,0.0443797,-0.5264226,-0.06379639,0.9977862,-0.01877915,0.5244238,0.04952857,0.8500157,moving,-2.474894964168917,2.182151712845981,-2.801295463262304,3.534049486758869,0.4862899999999999,0.0393068,1.030151,-0.0431503771400146,0.0380410590652715,0.9983440511481344,-1.7284453225959429,3.028284209064474,1.3885276359337873,1.3907425631363388,1.186088504475581
685,05/05/2023 12:21:33.547927,883,True,True,True,True,Eyes,0.9481525,0.1128791,-3.95302,0.4827383,0.08489171,0.8716405,0.0,0.0,0.0,0.0,0.0,0.0,0.0,-2.943968,-0.141478,2.834411,1.012495,0.1167226,-3.960061,-0.01980428,0.2722924,0.02799338,0.9616034,356.9428,31.55458,2.470975,0.2053234,0.02772848,-0.978301,0.4274568,0.004701635,-0.05044667,1.489277,0.1572191,-2.930413,-0.06373882,0.06540033,1.216467,0.8501464,0.04305194,-0.5247834,-0.06462216,0.9976483,-0.02284297,0.5225659,0.0533325,0.8509293,moving,-2.487066825247753,1.9264903451832145,-2.9993652296969198,3.077402723544574,0.476782,0.0404965,1.029648,-0.0433693943266163,0.0335856345765408,0.9984944320023508,-1.7398408243576904,2.765268331295718,1.257392417310951,1.25978131350904,1.2976246015199084
686,05/05/2023 12:21:33.567979,884,True,True,True,True,Eyes,0.951459,0.1130902,-3.952822,0.4809143,0.08411871,0.872723,0.0,0.0,0.0,0.0,0.0,0.0,0.0,-2.943935,-0.1560312,2.836399,1.021991,0.1171376,-3.959555,-0.02149692,0.2709486,0.02740289,0.9619635,356.7778,31.39471,2.357646,0.2081138,0.02773233,-0.9777111,0.4018094,0.004419537,-0.04741987,1.489272,0.1595205,-2.930371,-0.06684059,0.05442049,1.21046,0.8516718,0.04107205,-0.5224636,-0.0643703,0.997574,-0.02650895,0.5201073,0.05620806,0.8522494,moving,-2.461548756864452,1.71056669965035,-3.1606152853830003,2.574199994234476,0.4672809999999998,0.0423829,1.029184,-0.0429298106345888,0.0298230659183509,0.9986328515243538,-1.714178628540702,2.54338293312168,1.1089823890480677,1.1111059710078088,1.4467649060966177
687,05/05/2023 12:21:33.587927,885,True,True,True,True,Eyes,0.9550295,0.1133558,-3.952633,0.4786969,0.0831288,0.874036,0.0,0.0,0.0,0.0,0.0,0.0,0.0,-2.938831,-0.1464597,2.845047,1.031341,0.1175547,-3.959165,-0.01925102,0.268857,0.02598452,0.9626371,357.0746,31.15112,2.27682,0.2107022,0.02774045,-0.9771563,0.3777009,0.004154365,-0.04457468,1.489266,0.1620028,-2.930324,-0.07125545,0.060477,1.203878,0.8540815,0.03967578,-0.5186239,-0.06037886,0.9979084,-0.02309125,0.516623,0.05103572,0.8546906,moving,-2.359832943914288,1.9425777447489303,-3.3872859613290944,2.875844956014109,0.4579249999999999,0.0444481,1.028841,-0.0411515888157483,0.0338691688684022,0.99857872743873,-1.6144630488525091,2.782700436458038,1.3850940947781831,1.3880372439590642,1.7752681432745008
688,05/05/2023 12:21:33.598068,886,True,True,True,True,Eyes,0.9588422,0.1136659,-3.952438,0.4763839,0.08222217,0.8753844,0.0,0.0,0.0,0.0,0.0,0.0,0.0,-2.931582,-0.1460807,2.855631,1.04075,0.1191509,-3.958887,-0.01838253,0.266337,0.02500406,0.9633803,357.2064,30.85438,2.202454,0.2131146,0.02775372,-0.9766327,0.3550388,0.003905103,-0.0419002,1.489262,0.16415,-2.930285,-0.07646531,0.05648619,1.197573,0.8568788,0.03838494,-0.514087,-0.05796874,0.9980738,-0.02209972,0.5122485,0.04873775,0.8574534,moving,-2.217217571988743,2.01315426025001,-3.653389239187604,2.7004812354889896,0.448512,0.0449990999999999,1.0286019999999998,-0.0386642452346212,0.0351026728860411,0.9986354848886412,-1.474051981448181,2.856278296920893,1.589357758312688,1.5921706656498609,2.184898992475855
689,05/05/2023 12:21:33.621151,887,True,True,True,True,Eyes,0.9628885,0.1139997,-3.952237,0.4736897,0.08125487,0.8769354,0.0,0.0,0.0,0.0,0.0,0.0,0.0,-2.925154,-0.1529279,2.864965,1.05043,0.1205169,-3.958536,-0.0190252,0.2638746,0.0247945,0.9640506,357.1473,30.56153,2.16702,0.2153748,0.02777271,-0.9761361,0.3337365,0.003670797,-0.03938619,1.489256,0.1665046,-2.930241,-0.08163053,0.04308873,1.191501,0.8595109,0.03776576,-0.5097203,-0.05784683,0.9980466,-0.02359724,0.5078333,0.04976778,0.8600165,moving,-2.109061072456062,1.8924680097820408,-3.919247871715512,2.0711077799256183,0.4388259999999999,0.0459877,1.028295,-0.0367817014780227,0.0330014456440123,0.9987782499532885,-1.367156685014897,2.732914611283831,1.8175588777641412,1.8189800481836305,2.636504827848292
690,05/05/2023 12:21:33.637674,888,True,True,True,True,Eyes,0.9671586,0.1143498,-3.952034,0.4709317,0.08031532,0.878506,0.0,0.0,0.0,0.0,0.0,0.0,0.0,-2.918972,-0.1600337,2.873983,1.060151,0.1214405,-3.958171,-0.0196918,0.261459,0.02445422,0.9647038,357.0892,30.27484,2.116564,0.2175035,0.0277974,-0.9756633,0.3137123,0.003450549,-0.03702302,1.489251,0.1688035,-2.930198,-0.08563942,0.04127631,1.185548,0.8620824,0.03688496,-0.5054241,-0.05747936,0.9980285,-0.02520595,0.503498,0.05078106,0.8625029,moving,-2.010952937323504,1.7743666871179802,-4.131649942607934,1.9940175127971604,0.4291,0.0473629999999999,1.0279730000000002,-0.0350737398287212,0.0309445400763916,0.9989055395489004,-1.2701722506839837,2.612139282474587,2.1304864231714378,2.132041808559085,2.9274782840403057
691,05/05/2023 12:21:33.647783,889,True,True,True,True,Eyes,0.9716269,0.1146976,-3.951831,0.4677686,0.07921232,0.8802942,0.0,0.0,0.0,0.0,0.0,0.0,0.0,-2.91321,-0.1646379,2.882872,1.069839,0.1221769,-3.95795,-0.01973406,0.2591397,0.02360188,0.9653497,357.1149,30.00153,2.027848,0.2195187,0.02782758,-0.975211,0.2948896,0.003243516,-0.03480164,1.489251,0.1688361,-2.930197,-0.08955532,0.02733325,1.179361,0.8645791,0.03534038,-0.5012524,-0.05579589,0.998107,-0.02586816,0.4993894,0.0503329,0.8649144,moving,-1.9508838745808257,1.7310942632912565,-4.34244770131818,1.3276677398561871,0.4194120000000001,0.0466591999999999,1.0277529999999997,-0.0340272482732169,0.0301912034020288,0.9989647496040452,-1.210859623552878,2.5680553166775337,2.424977803581992,2.425351623408352,3.3682941126829338
782,05/05/2023 12:21:35.167607,980,True,True,True,True,Eyes,1.655833,0.1133556,-3.899209,-0.1655383,0.0460173,0.9851292,0.0,0.0,0.0,0.0,0.0,0.0,0.0,-1.263489,0.1813045,4.055288,1.844423,0.1165484,-3.828728,0.02987674,-0.07327756,0.0197277,0.9966688,3.5802,351.6528,2.006548,0.3725388,0.02687206,-0.9276272,0.0,0.0,0.0,1.489251,0.1688361,-2.930197,-0.1652427,0.1162462,0.9747139,0.9884824,0.03494537,0.1472457,-0.04370255,0.9974364,0.05666323,-0.1448881,-0.06244563,0.9874755,moving,-0.9780399551551148,6.255947482694848,-9.621839375641594,6.801078260586918,-0.3551719999999998,0.0522876999999999,0.8985309999999997,-0.0169675718564547,0.1089543765059031,0.9939019603081214,-0.2625798645839179,7.228355078336319,8.600284415569638,8.660972000105277,9.369007635513466
783,05/05/2023 12:21:35.177550,981,True,True,True,True,Eyes,1.663277,0.1134378,-3.895823,-0.1739737,0.04627881,0.9836622,0.0,0.0,0.0,0.0,0.0,0.0,0.0,-1.243054,0.1820839,4.060874,1.851644,0.1163359,-3.824515,0.02945616,-0.07672591,0.02102653,0.9963952,3.5504,351.2599,2.146415,0.3743647,0.02686022,-0.9268921,0.0,0.0,0.0,1.486652,0.1664609,-2.930102,-0.1723758,0.1168806,0.9714468,0.9873421,0.03738138,0.1541374,-0.04642158,0.9973804,0.05547339,-0.1516599,-0.06192651,0.9864909,moving,-1.0618944666543852,6.247255719680703,-10.06196693220082,6.860621589529699,-0.364992,0.0501249999999999,0.8944129999999997,-0.01842247602992,0.1088007897314058,0.9938928014561208,-0.3452155970127684,7.218831408195493,8.956575375593932,9.020949067331149,9.72335182866831
784,05/05/2023 12:21:35.197795,982,True,True,True,True,Eyes,1.670718,0.1134869,-3.892402,-0.1823963,0.04653297,0.9821234,0.0,0.0,0.0,0.0,0.0,0.0,0.0,-1.219998,0.1872921,4.067091,1.85901,0.1160119,-3.820384,0.0294046,-0.08049089,0.02279345,0.9960608,3.56879,350.8328,2.335607,0.3761858,0.02685164,-0.9261549,0.0,0.0,0.0,1.484108,0.1641366,-2.93001,-0.1796969,0.1219728,0.9679772,0.9860034,0.04067372,0.1616881,-0.05014092,0.9972317,0.05490819,-0.1590072,-0.06224686,0.9853132,moving,-1.1040921409185798,6.286285065705637,-10.516762175786315,7.18187075878729,-0.374902,0.0481246999999999,0.890374,-0.0191530342558578,0.109476302657881,0.993804910841874,-0.3869022234716925,7.258676272268437,9.380933065744788,9.455180110338963,10.130151121301632
785,05/05/2023 12:21:35.217555,983,True,True,True,True,Eyes,1.67836,0.1134923,-3.888927,-0.1928015,0.04517738,0.9801973,0.0,0.0,0.0,0.0,0.0,0.0,0.0,-1.19398,0.1878094,4.074034,1.866431,0.1153047,-3.815986,0.02886499,-0.08463912,0.02420106,0.9956995,3.530418,350.3592,2.48685,0.378002,0.0268452,-0.9254152,0.0,0.0,0.0,1.481564,0.1618116,-2.929917,-0.1871877,0.1210352,0.9649977,0.9845011,0.04330774,0.1699474,-0.05308017,0.9971622,0.053385,-0.1671531,-0.06157843,0.984006,moving,-1.2261698948563782,6.179018358930428,-10.977751242799204,7.149012420347807,-0.3848669999999998,0.0465069,0.886069,-0.0212748074543852,0.1076109387677306,0.9939655071573212,-0.5069827057753395,7.147508168795824,9.723254686470009,9.79970546826441,10.470768645075756
786,05/05/2023 12:21:35.237471,984,True,True,True,True,Eyes,1.686003,0.1134642,-3.885422,-0.2031427,0.04385021,0.9781668,0.0,0.0,0.0,0.0,0.0,0.0,0.0,-1.165569,0.1910779,4.081716,1.874063,0.1143603,-3.81186,0.02884993,-0.08908908,0.02509196,0.9952896,3.548815,349.8498,2.573055,0.3798188,0.02683965,-0.9246712,0.0,0.0,0.0,1.479014,0.1594817,-2.929824,-0.1948209,0.1152764,0.9627481,0.9828671,0.0448071,0.1787867,-0.05508795,0.9970762,0.05295723,-0.1758911,-0.0618989,0.9824616,moving,-1.3147861648874442,6.127510440164816,-11.439844563229684,6.827908140894992,-0.395049,0.0451214,0.8820359999999998,-0.0228143119432637,0.106713710096142,0.9940280566214652,-0.5942112615000745,7.093917676338132,10.077557397718222,10.149254381925248,10.848895003111284
787,05/05/2023 12:21:35.257664,985,True,True,True,True,Eyes,1.693758,0.1134184,-3.881863,-0.2135358,0.04266044,0.9760033,0.0,0.0,0.0,0.0,0.0,0.0,0.0,-1.135284,0.193514,4.089602,1.881784,0.1135431,-3.807513,0.02881622,-0.09377901,0.02582241,0.9948409,3.564854,349.312,2.640138,0.3816358,0.0268341,-0.923923,0.0,0.0,0.0,1.476471,0.1571574,-2.929731,-0.2022452,0.1154161,0.9599335,0.9810774,0.04597367,0.1880786,-0.05678309,0.9970056,0.0524919,-0.1851021,-0.0621783,0.9807503,moving,-1.3811966470130472,6.0802104905721,-11.897455875713185,6.855957902759622,-0.4053129999999998,0.0436143,0.8777820000000003,-0.0239685757484909,0.1058901931684034,0.9940888627285144,-0.6595612699982003,7.044809657276037,10.469668491943136,10.544832488604856,11.239481311623855
788,05/05/2023 12:21:35.267863,986,True,True,True,True,Eyes,1.701515,0.113358,-3.878279,-0.2238843,0.04163114,0.9737262,0.0,0.0,0.0,0.0,0.0,0.0,0.0,-1.105513,0.1830972,4.097818,1.889592,0.1129238,-3.803221,0.02729995,-0.09845044,0.02626665,0.9944206,3.40923,348.7721,2.690906,0.3834558,0.02682814,-0.9231693,0.0,0.0,0.0,1.473852,0.1547645,-2.929636,-0.210155,0.1154905,0.9572881,0.9792351,0.04686482,0.1972364,-0.05761558,0.9971296,0.04912334,-0.1943681,-0.05946718,0.9791244,moving,-1.4533469042292464,5.870253473724044,-12.381818302014556,6.8791119603541295,-0.41574,0.0418406999999999,0.8735850000000003,-0.0252300519290364,0.1022435431664785,0.9944394132027612,-0.7301857583371005,6.828379455435405,10.895665856444351,10.9749388398413,11.65174299064045
789,05/05/2023 12:21:35.287771,987,True,True,True,True,Eyes,1.709178,0.1132429,-3.874696,-0.2342479,0.04075988,0.9713221,0.0,0.0,0.0,0.0,0.0,0.0,0.0,-1.073311,0.1701935,4.106574,1.897481,0.1124896,-3.798923,0.02554192,-0.1034281,0.02660977,0.9939528,3.226272,348.1956,2.73346,0.3852787,0.02682146,-0.9224101,0.0,0.0,0.0,1.471237,0.1523746,-2.92954,-0.2164938,0.1070417,0.955511,0.9771891,0.0476142,0.2069646,-0.0581812,0.9972791,0.04527053,-0.204246,-0.05627932,0.9773005,moving,-1.4933265982216533,5.640313595270704,-12.76618399430851,6.391944320962662,-0.426244,0.039885,0.869383,-0.0259344290204861,0.098250067947061,0.9948238024696704,-0.7690523214269851,6.591622529004077,11.228020998093214,11.297887529105358,11.998793262792042
790,05/05/2023 12:21:35.297722,988,True,True,True,True,Eyes,1.716863,0.1130638,-3.871089,-0.2445919,0.03989942,0.9688048,0.0,0.0,0.0,0.0,0.0,0.0,0.0,-1.036653,0.1503978,4.116422,1.905542,0.1111642,-3.794569,0.02294095,-0.1089786,0.02663179,0.9934225,2.945424,347.55,2.749905,0.3871024,0.02681285,-0.9216465,0.0,0.0,0.0,1.468699,0.1500553,-2.929448,-0.2220214,0.1050146,0.9537653,0.9748288,0.0479131,0.2177455,-0.05791339,0.9975289,0.03977553,-0.2153017,-0.05138471,0.9751947,moving,-1.4715618291350387,5.309227008663775,-13.104174937556753,6.283258677629952,-0.4368430000000001,0.0388911,0.8651210000000003,-0.0255706709982538,0.0925006788308736,0.995384180588336,-0.7468184283349442,6.251273403567868,11.60305835515807,11.673321096516348,12.357397903837336
791,05/05/2023 12:21:35.317763,989,True,True,True,True,Eyes,1.724642,0.1128766,-3.86745,-0.2550596,0.03874098,0.966149,0.0,0.0,0.0,0.0,0.0,0.0,0.0,-1.000655,0.1534702,4.125035,1.913803,0.1094436,-3.790271,0.02328851,-0.1143895,0.02631326,0.9928144,2.995772,346.9254,2.693014,0.3889268,0.02680101,-0.9208785,0.0,0.0,0.0,1.466089,0.1476701,-2.929353,-0.2273955,0.1058684,0.9516699,0.9724452,0.04692045,0.2283607,-0.05757629,0.9975305,0.04022242,-0.2259095,-0.05226226,0.9727454,moving,-1.4722494411786922,5.291433473905834,-13.438492685129043,6.3477623317928735,-0.4477139999999999,0.0382265,0.8609180000000003,-0.0255833565744381,0.0921915337470836,0.995412661289912,-0.747454286935346,6.232969121642364,11.93895461782604,12.01277686587878,12.691557552385898
792,05/05/2023 12:21:35.337733,990,True,True,True,True,Eyes,1.732443,0.1126868,-3.863778,-0.2654802,0.03776673,0.9633763,0.0,0.0,0.0,0.0,0.0,0.0,0.0,-0.96508,0.1748267,4.132834,1.922375,0.1090523,-3.786138,0.02576691,-0.1197093,0.02687209,0.9921107,3.299823,346.3177,2.707052,0.3907544,0.02678603,-0.9201049,0.0,0.0,0.0,1.463553,0.1453527,-2.92926,-0.2328155,0.09967477,0.95042,0.9698951,0.04715109,0.2389147,-0.05948925,0.9972279,0.04469357,-0.236145,-0.05756093,0.9700115,moving,-1.470507031654249,5.540163614070436,-13.764173690266924,5.986977530218599,-0.4588219999999998,0.0363004,0.8568779999999996,-0.0255425747910541,0.0965119882387012,0.995004005463234,-0.7463228654751473,6.4887839553229885,12.23627728531057,12.301783715736049,13.027518942024532
793,05/05/2023 12:21:35.352416,991,True,True,True,True,Eyes,1.740256,0.1124484,-3.860093,-0.2759356,0.03673225,0.960474,0.0,0.0,0.0,0.0,0.0,0.0,0.0,-0.9319714,0.1590589,4.140801,1.930773,0.1087678,-3.781586,0.02393523,-0.1248375,0.02652526,0.9915338,3.10052,345.7205,2.676325,0.3925849,0.02676819,-0.9193259,0.0,0.0,0.0,1.460798,0.1428352,-2.92916,-0.2377749,0.09675381,0.9491169,0.967424,0.04662535,0.248831,-0.05857741,0.997447,0.04084248,-0.2462915,-0.05408787,0.9676853,moving,-1.509933066412941,5.282237696361989,-14.06440249230199,5.820674928497868,-0.469975,0.0340674,0.8524259999999999,-0.0262384286783514,0.0920302028599438,0.9954104705273452,-0.7845777370759728,6.223249078667374,12.502562920783836,12.566010393857434,13.285925315005294
794,05/05/2023 12:21:35.367922,992,True,True,True,True,Eyes,1.748095,0.1121886,-3.856386,-0.2863628,0.03558353,0.9574602,0.0,0.0,0.0,0.0,0.0,0.0,0.0,-0.8960389,0.1576306,4.148865,1.939274,0.1073777,-3.777367,0.02404394,-0.1302545,0.02539728,0.9908637,3.110668,345.0909,2.52939,0.3944182,0.02674661,-0.9185415,0.0,0.0,0.0,1.458374,0.1406204,-2.929071,-0.2422367,0.09518903,0.9478657,0.9647775,0.04406681,0.2593501,-0.05659414,0.9975537,0.04103231,-0.2569075,-0.05426475,0.9649113,moving,-1.5185627168635212,5.2223728107364025,-14.335682496708028,5.734678816329524,-0.4808999999999999,0.0332427,0.8482959999999999,-0.0263908848923294,0.090989736985087,0.9955020162576896,-0.7929430069856576,6.161621779825751,12.764657091919934,12.82735424373429,13.549467634581244
795,05/05/2023 12:21:35.387665,993,True,True,True,True,Eyes,1.755998,0.1119223,-3.852646,-0.2968556,0.03432157,0.9543054,0.0,0.0,0.0,0.0,0.0,0.0,0.0,-0.8588986,0.1745782,4.15605,1.947801,0.1066217,-3.773015,0.0263332,-0.1357558,0.02480255,0.9900817,3.375425,344.4561,2.40921,0.3962549,0.02672115,-0.9177514,0.0,0.0,0.0,1.455824,0.1382903,-2.928978,-0.2469914,0.0908359,0.9466437,0.9619104,0.04196332,0.2701249,-0.05626286,0.9973828,0.04540985,-0.2675124,-0.05887821,0.9617538,moving,-1.5153250111920324,5.411103771369223,-14.623189989646804,5.481077875145319,-0.4919769999999999,0.0316686,0.8440370000000001,-0.0263265660105476,0.0942685642952495,0.9951986553425348,-0.7901962799970372,6.3557418085835184,13.050784715303774,13.108051749539303,13.860618744041249
796,05/05/2023 12:21:35.397895,994,True,True,True,True,Eyes,1.763927,0.1116287,-3.848885,-0.3073146,0.03310283,0.951032,0.0,0.0,0.0,0.0,0.0,0.0,0.0,-0.8234572,0.1748163,4.163301,1.956538,0.1061928,-3.768607,0.02614949,-0.141106,0.02539338,0.9893232,3.377073,343.838,2.461002,0.398096,0.02669204,-0.916955,0.0,0.0,0.0,1.453247,0.1359356,-2.928884,-0.2517258,0.0877385,0.9456897,0.9588885,0.04286482,0.280527,-0.05762422,0.9973428,0.04457428,-0.2778709,-0.05890691,0.9588106,moving,-1.523497113177225,5.3447265007985125,-14.905500994261068,5.300571798912041,-0.5032910000000002,0.0297427999999999,0.8397229999999998,-0.0264713955307239,0.0931152013725881,0.9953033458414408,-0.7980951946188355,6.287420138434777,13.327776510471018,13.382076726391974,14.141879933056924
797,05/05/2023 12:21:35.417376,995,True,True,True,True,Eyes,1.771883,0.1113161,-3.845113,-0.3177919,0.0316245,0.947633,0.0,0.0,0.0,0.0,0.0,0.0,0.0,-0.7870473,0.1748106,4.170385,1.965131,0.1052511,-3.764214,0.02587936,-0.1465426,0.0259814,0.9885244,3.369762,343.2093,2.513654,0.3999415,0.026659,-0.9161526,0.0,0.0,0.0,1.450677,0.1335871,-2.928791,-0.256103,0.08519606,0.9446511,0.9557005,0.04378164,0.2910666,-0.05895136,0.9973104,0.04355,-0.2883771,-0.05877953,0.9557111,moving,-1.525204931529042,5.254238600368422,-15.168758743729102,5.153441409788704,-0.514454,0.0283359999999999,0.835423,-0.0265049449182409,0.0915431183151914,0.9954483657020448,-0.79956538912595,6.194347340985187,13.591816228504404,13.643926146825462,14.406845692918743
798,05/05/2023 12:21:35.437717,996,True,True,True,True,Eyes,1.779871,0.1110405,-3.84132,-0.3282335,0.03002307,0.9441193,0.0,0.0,0.0,0.0,0.0,0.0,0.0,-0.7488546,0.1905818,4.177083,1.97395,0.1045487,-3.760016,0.02749827,-0.1521465,0.02689034,0.9876094,3.583185,342.5646,2.569684,0.4017916,0.02662195,-0.9153439,0.0,0.0,0.0,1.448092,0.1312245,-2.928696,-0.2598083,0.08327721,0.9439973,0.9522567,0.04474677,0.3020015,-0.06148183,0.9970415,0.04613254,-0.2990438,-0.06249763,0.9521906,moving,-1.5018336158755778,5.376569812739447,-15.388046331518122,5.041447136159513,-0.5258580000000002,0.0266758,0.8313199999999998,-0.0260937071661705,0.0936692750840549,0.9952612989755596,-0.7768163063571139,6.320319972931445,13.84004353372489,13.89025596569159,14.667091006085688
799,05/05/2023 12:21:35.447789,997,True,True,True,True,Eyes,1.787887,0.1107519,-3.837504,-0.3387542,0.02848628,0.9404436,0.0,0.0,0.0,0.0,0.0,0.0,0.0,-0.7117947,0.2065288,4.183,1.982786,0.1052257,-3.755566,0.02889422,-0.1575963,0.02902684,0.986654,3.793818,341.9415,2.76717,0.4036467,0.02658216,-0.9145284,0.0,0.0,0.0,1.445347,0.1287165,-2.928596,-0.2631641,0.08237721,0.9436742,0.9486417,0.04817166,0.3126633,-0.06638613,0.9966452,0.04786814,-0.3093085,-0.06616623,0.948657,moving,-1.493408168457141,5.504784010013022,-15.58228596121366,4.988938029637007,-0.537439,0.0234908,0.8269699999999998,-0.0259418273470102,0.0958965820147189,0.995053218726833,-0.768813374463279,6.4522386449554485,14.04879813951197,14.098318145605097,14.885570824432508
800,05/05/2023 12:21:35.467810,998,True,True,True,True,Eyes,1.795939,0.1103899,-3.833684,-0.349301,0.02685297,0.9366258,0.0,0.0,0.0,0.0,0.0,0.0,0.0,-0.6702353,0.1903938,4.190776,1.991637,0.1046542,-3.751066,0.02603745,-0.1636593,0.03156952,0.9856679,3.535206,341.2406,3.084804,0.4055066,0.02653959,-0.9137065,0.0,0.0,0.0,1.443109,0.126671,-2.928515,-0.2654452,0.08118172,0.9433371,0.944438,0.05371158,0.3242715,-0.07075667,0.9966508,0.04099525,-0.3209835,-0.06166184,0.9450753,moving,-1.4228224803419702,5.158033181544394,-15.716046964457032,4.91864258392255,-0.5485280000000001,0.0220168,0.8225509999999998,-0.024729898076492,0.0898756233577535,0.9956460035030732,-0.6984193134410162,6.096120324337187,14.245909794244492,14.29522906467525,15.063717804504064
801,05/05/2023 12:21:35.487824,999,True,True,True,True,Eyes,1.804047,0.1100555,-3.829857,-0.3598695,0.02464461,0.9326771,0.0,0.0,0.0,0.0,0.0,0.0,0.0,-0.6247703,0.2051216,4.197665,2.000612,0.1025911,-3.746976,0.02690876,-0.1700529,0.0339597,0.9844819,3.699998,340.5067,3.315502,0.4073713,0.02649277,-0.9128781,0.0,0.0,0.0,1.440448,0.1242395,-2.928418,-0.2677954,0.080522,0.9436056,0.9398575,0.0577136,0.3366557,-0.07601725,0.9962454,0.04143247,-0.3330005,-0.06453227,0.9407158,moving,-1.3125782920967162,5.196691284084136,-15.84394933214898,4.877483586551353,-0.5601639999999999,0.0216483999999999,0.8185579999999999,-0.022812702637062,0.0905514975460393,0.995630450311397,-0.5898416286422956,6.136646443654552,14.48567596437622,14.534876602772854,15.305988792981989
802,05/05/2023 12:21:35.497619,1000,True,True,True,True,Eyes,1.812191,0.109764,-3.825984,-0.3704305,0.02267218,0.9285834,0.0,0.0,0.0,0.0,0.0,0.0,0.0,-0.5824887,0.2600773,4.201545,2.010062,0.1030997,-3.742851,0.03238213,-0.1759021,0.03849132,0.9831216,4.428362,339.8547,3.697206,0.4092416,0.02644275,-0.9120426,0.0,0.0,0.0,1.437828,0.1218453,-2.928322,-0.2698161,0.07963696,0.9439279,0.9351537,0.06429113,0.3483592,-0.08707546,0.9949396,0.05012975,-0.3433734,-0.07721256,0.9360197,moving,-1.2366764193734756,5.818981782428638,-15.952265339481144,4.82248878247747,-0.5722339999999999,0.0187456,0.8145289999999998,-0.0214712395811263,0.1013625130117011,0.9946177862166776,-0.5164907272273234,6.77716082779669,14.701213953023348,14.749290002049158,15.559044979851818
803,05/05/2023 12:21:35.517698,1001,True,True,True,True,Eyes,1.820351,0.1094485,-3.822109,-0.3809569,0.02078662,0.9243591,0.0,0.0,0.0,0.0,0.0,0.0,0.0,-0.5418524,0.2352333,4.208251,2.019128,0.1038514,-3.737733,0.02842501,-0.1818802,0.04182889,0.9820194,4.073925,339.1612,4.128615,0.411117,0.02639089,-0.9112002,0.0,0.0,0.0,1.435375,0.1196041,-2.928233,-0.2718921,0.0758134,0.9446101,0.9303398,0.07181367,0.3595978,-0.09249347,0.9948847,0.04061213,-0.3548419,-0.07104352,0.9322232,moving,-1.1814929960065228,5.363621722921548,-16.057684535128068,4.588662455848962,-0.5837529999999997,0.0157527,0.8094999999999999,-0.0205292374177496,0.0934564911395056,0.9954116855132764,-0.4610229108955497,6.309237607915332,14.852196639696988,14.896363199595166,15.6912788731421
804,05/05/2023 12:21:35.537635,1002,True,True,True,True,Eyes,1.828535,0.1091308,-3.818217,-0.3914919,0.01870156,0.9199915,0.0,0.0,0.0,0.0,0.0,0.0,0.0,-0.5018041,0.2285421,4.214152,2.02822,0.1030195,-3.733474,0.02721078,-0.1877111,0.04307007,0.9809023,3.988238,338.4818,4.270186,0.4129979,0.02633676,-0.9103509,0.0,0.0,0.0,1.432503,0.1169788,-2.928128,-0.2739342,0.07095139,0.9457459,0.925819,0.07427952,0.3705965,-0.0947106,0.994809,0.03721276,-0.3659086,-0.06955169,0.9280482,moving,-1.1573295354612267,5.159955558342793,-16.153597951954847,4.29038516121171,-0.595717,0.0139592999999999,0.8053460000000001,-0.0201160189775047,0.0899183294778777,0.995745979649779,-0.4367248478780638,6.099948780929241,14.98257772523697,15.0214586207562,15.82070228098163
805,05/05/2023 12:21:35.548211,1003,True,True,True,True,Eyes,1.836763,0.1088291,-3.814297,-0.4021188,0.01679201,0.9154335,0.0,0.0,0.0,0.0,0.0,0.0,0.0,-0.4549115,0.2528315,4.218379,2.03704,0.1027346,-3.729009,0.02951324,-0.1941264,0.04563217,0.9794701,4.331761,337.7487,4.482543,0.414884,0.02628054,-0.9094944,0.0,0.0,0.0,1.430296,0.1149622,-2.928047,-0.2744207,0.065778,0.9471531,0.9204653,0.0779321,0.3829755,-0.1008493,0.9940934,0.04009785,-0.3775885,-0.07553149,0.9228878,moving,-1.0497292625004986,5.391969011146201,-16.15800163319342,3.972705394532525,-0.6067440000000002,0.0122276,0.8009620000000002,-0.0182391696536786,0.0939531355054922,0.9954095312254956,-0.3312089040139552,6.339309795774756,15.140884669434255,15.174788408425552,16.002755527857918
806,05/05/2023 12:21:35.567689,1004,True,True,True,True,Eyes,1.845016,0.108544,-3.810372,-0.4127759,0.01466873,0.9107145,0.0,0.0,0.0,0.0,0.0,0.0,0.0,-0.4076403,0.2375257,4.224398,2.045948,0.102801,-3.724468,0.02723447,-0.2007894,0.04743763,0.9781062,4.147616,336.9691,4.707919,0.4167756,0.02622282,-0.9086308,0.0,0.0,0.0,1.427666,0.1125594,-2.927952,-0.2756749,0.06578265,0.9484776,0.9148666,0.08186129,0.3953705,-0.1037349,0.9940159,0.03422646,-0.3902027,-0.07232635,0.9178839,moving,-0.9413533510799634,5.0820696028073655,-16.206499821128556,3.967454996338293,-0.618282,0.0097584,0.796516,-0.0163644087026178,0.0885707259455459,0.9959354639755356,-0.223651483728511,6.021354281299555,15.271616105134996,15.305785261560128,16.114277621075534
807,05/05/2023 12:21:35.588077,1005,True,True,True,True,Eyes,1.853271,0.1082974,-3.806438,-0.4235265,0.01255685,0.9057967,0.0,0.0,0.0,0.0,0.0,0.0,0.0,-0.3560425,0.261874,4.22822,2.054837,0.1030054,-3.720246,0.02962183,-0.2076931,0.0501236,0.9764599,4.512105,336.1784,4.924844,0.4186724,0.02616411,-0.90776,0.0,0.0,0.0,1.425159,0.1102677,-2.92786,-0.2771354,0.06915051,0.9498848,0.9087024,0.08558287,0.4085774,-0.1101919,0.9932204,0.03702841,-0.4026383,-0.0786697,0.9119723,moving,-0.7881887556926586,5.318367345554481,-16.264966775294592,4.163721106350557,-0.629678,0.0072622999999999,0.792386,-0.0136968470664465,0.0926810894385331,0.995601649484364,-0.0732324362850596,6.265439151442214,15.481403761837502,15.519789489736686,16.327568087321648
808,05/05/2023 12:21:35.597987,1006,True,True,True,True,Eyes,1.861538,0.1081035,-3.802493,-0.4343201,0.01037563,0.9006988,0.0,0.0,0.0,0.0,0.0,0.0,0.0,-0.3005733,0.2631423,4.232738,2.063515,0.1037638,-3.715749,0.02962635,-0.2151617,0.05167354,0.9747603,4.588192,335.3081,5.064239,0.4205741,0.0261054,-0.9068822,0.0,0.0,0.0,1.42259,0.1079203,-2.927766,-0.2792113,0.06379487,0.9514357,0.9020706,0.08798973,0.422524,-0.1134875,0.9929042,0.03552083,-0.4164003,-0.0799935,0.9056554,moving,-0.5930874100513509,5.255106763301402,-16.355018992563505,3.8360068004355656,-0.6409250000000002,0.0041564999999999,0.7879830000000001,-0.0103076392239466,0.0915855053303793,0.9957438320523784,0.1192299328151509,6.2017403208768815,15.79182210367616,15.825685827678996,16.643244057126587
809,05/05/2023 12:21:35.617651,1007,True,True,True,True,Eyes,1.869816,0.108015,-3.798524,-0.4451432,0.008183293,0.895422,0.0,0.0,0.0,0.0,0.0,0.0,0.0,-0.2462147,0.2728986,4.235998,2.072117,0.1048777,-3.711348,0.03081311,-0.2224329,0.05292706,0.9730226,4.790301,334.4621,5.14081,0.42248,0.02604796,-0.9059975,0.0,0.0,0.0,1.419945,0.1055031,-2.92767,-0.2807509,0.06238599,0.9534032,0.8954447,0.08929075,0.4361261,-0.1167061,0.9924985,0.03641827,-0.4296028,-0.08350915,0.8991483,moving,-0.4231487413246797,5.318096162363462,-16.408244508952777,3.743815165679584,-0.652172,0.0006253999999999,0.7836780000000001,-0.0073534832311315,0.0926825638711213,0.9956685500271708,0.2865917191090237,6.267705867546692,16.029093569785438,16.062429684103265,16.884536740958456
810,05/05/2023 12:21:35.637688,1008,True,True,True,True,Eyes,1.878076,0.1080003,-3.794528,-0.4560257,0.006314868,0.8899443,0.0,0.0,0.0,0.0,0.0,0.0,0.0,-0.1896291,0.2804832,4.238568,2.080489,0.1073457,-3.706769,0.03203109,-0.2299535,0.0538103,0.9711848,4.988969,333.5835,5.171065,0.4243901,0.02599411,-0.9051059,0.0,0.0,0.0,1.417351,0.1031329,-2.927575,-0.2820175,0.0647562,0.9552121,0.8884517,0.08978818,0.4501018,-0.1192508,0.9921569,0.03746848,-0.4432074,-0.08696394,0.8921908,moving,-0.2315964010495737,5.393328195757242,-16.448746007068493,3.8782891122953926,-0.663138,-0.0042128,0.7791939999999999,-0.004024214613197,0.0939916316070921,0.9955649414304532,0.4752294654686218,6.3464128861559725,16.251332635294734,16.287764879455267,17.102999174359265
811,05/05/2023 12:21:35.647955,1009,True,True,True,True,Eyes,1.886316,0.1080236,-3.790519,-0.4669324,0.004455747,0.8842818,0.0,0.0,0.0,0.0,0.0,0.0,0.0,-0.134611,0.2502875,4.242239,2.088381,0.1090297,-3.701909,0.02925773,-0.2375196,0.05215704,0.9695402,4.67535,332.6745,5.021489,0.4263036,0.02594526,-0.9042076,0.0,0.0,0.0,1.414811,0.1008117,-2.927483,-0.2837284,0.06334241,0.9573264,0.8817281,0.08723813,0.4636216,-0.1150353,0.9928473,0.03195645,-0.4575177,-0.08150972,0.8854568,moving,-0.0774475928280926,4.956313358133521,-16.50855011182473,3.785511835274089,-0.67357,-0.0082179999999999,0.7744260000000001,-0.0013466608563845,0.0863960657933306,0.996259970079246,0.6282052033796802,5.898046663386024,16.43791318026752,16.472762555069735,17.26647578787207
812,05/05/2023 12:21:35.667873,1010,True,True,True,True,Eyes,1.894528,0.1080971,-3.786483,-0.4778652,0.002627103,0.8784293,0.0,0.0,0.0,0.0,0.0,0.0,0.0,-0.07794309,0.2554918,4.243308,2.096349,0.1099873,-3.697329,0.03043221,-0.2450247,0.05151633,0.9676687,4.826697,331.7873,4.881198,0.4282195,0.02590181,-0.9033031,0.0,0.0,0.0,1.412218,0.09844264,-2.927388,-0.2851449,0.06224857,0.9596108,0.8746179,0.0847882,0.477341,-0.1146148,0.9928399,0.03365105,-0.47107,-0.08414214,0.8780735,moving,0.0910807800179037,4.987527536511215,-16.549127671903204,3.711494591591393,-0.684131,-0.0115446599999999,0.7699409999999998,0.0015836399009977,0.0869387782165866,0.9962124407306776,0.7942517199137358,5.931323638871296,16.654643930804635,16.689062208521705,17.48486344606809
813,05/05/2023 12:21:35.687839,1011,True,True,True,True,Eyes,1.902742,0.1082042,-3.782407,-0.4886359,0.0007672481,0.8724874,0.0,0.0,0.0,0.0,0.0,0.0,0.0,-0.02382028,0.2559821,4.243599,2.105549,0.1108937,-3.691693,0.03094841,-0.2524251,0.05106385,0.9657724,4.908104,330.9094,4.779039,0.4301371,0.0258644,-0.9023926,0.0,0.0,0.0,1.409653,0.09609847,-2.927295,-0.2862506,0.06468432,0.9621866,0.8673481,0.08300781,0.4907311,-0.1142564,0.9928694,0.03399865,-0.4844097,-0.08555783,0.8706475,moving,0.2532126797678151,4.948241677789647,-16.567746375015908,3.8460008388211806,-0.6958959999999998,-0.0147952299999999,0.7643979999999999,0.0044029097464468,0.0862549510913621,0.9962633147894226,0.9541592911793582,5.892051330815772,16.819902162568393,16.857034092324795,17.640960880599366
814,05/05/2023 12:21:35.697849,1012,True,True,True,True,Eyes,1.910964,0.1083177,-3.778283,-0.4994677,-0.001132263,0.8663318,0.0,0.0,0.0,0.0,0.0,0.0,0.0,0.03216195,0.2590688,4.242982,2.114217,0.1118442,-3.686275,0.03182367,-0.2599479,0.05049773,0.9637761,5.025284,330.0152,4.652012,0.4320568,0.02583324,-0.901476,0.0,0.0,0.0,1.407093,0.0937596,-2.927201,-0.287679,0.0664427,0.9646594,0.8597541,0.08079202,0.5042772,-0.113882,0.9928744,0.03508822,-0.4978492,-0.08759534,0.8628287,moving,0.4233001299249627,4.942534966420842,-16.605538713849157,3.94012994113864,-0.7071240000000001,-0.0180846,0.759074,0.0073604443260353,0.0861542300205844,0.9962546489542294,1.1218296030437789,5.887368457951485,17.018907363065146,17.05831668723328,17.833993531571636
815,05/05/2023 12:21:35.717383,1013,True,True,True,True,Eyes,1.919068,0.1084247,-3.774167,-0.5101703,-0.003211997,0.8600674,0.0,0.0,0.0,0.0,0.0,0.0,0.0,0.09439456,0.2691452,4.24074,2.121016,0.1124907,-3.681557,0.03348031,-0.2678992,0.05019347,0.9615559,5.237247,329.0704,4.526398,0.4339783,0.02580786,-0.9005532,0.0,0.0,0.0,1.404516,0.09140412,-2.927107,-0.2880254,0.06211543,0.9679767,0.8514212,0.07858896,0.5185612,-0.1144664,0.9927194,0.03749281,-0.5118392,-0.09127998,0.8542181,moving,0.6542720151762622,5.0175403026665295,-16.57058732022796,3.6716575450930735,-0.7164999999999999,-0.0210865799999999,0.7544500000000003,0.0113752005104584,0.0874550503924199,0.9961035104063152,1.3493241150289688,5.966117225970198,17.241393117012635,17.27736031694644,18.066205220649486
816,05/05/2023 12:21:35.737812,1014,True,True,True,True,Eyes,1.92709,0.1085302,-3.770031,-0.520972,-0.005387106,0.8535568,0.0,0.0,0.0,0.0,0.0,0.0,0.0,0.1610408,0.2821693,4.23686,2.127047,0.1125459,-3.676893,0.03531497,-0.2762277,0.05040929,0.9591194,5.485362,328.0802,4.447305,0.4358992,0.02578754,-0.8996257,0.0,0.0,0.0,1.401932,0.08904349,-2.927013,-0.2874102,0.06598633,0.9715868,0.8423142,0.07718711,0.5334313,-0.116207,0.9924235,0.03989366,-0.5263104,-0.09559145,0.8449021,moving,0.9248024830783728,5.120883856107105,-16.479020984239398,3.885336083858388,-0.7251150000000002,-0.02350241,0.7498800000000001,0.0160757427342581,0.0892458084152866,0.9958799188140804,1.6157451352587158,6.074285859322838,17.407059836082514,17.447625900937627,18.226685437534787
817,05/05/2023 12:21:35.747980,1015,True,True,True,True,Eyes,1.93502,0.1086437,-3.765882,-0.5315797,-0.007715675,0.8469731,0.0,0.0,0.0,0.0,0.0,0.0,0.0,0.2306466,0.2966683,4.231519,2.133121,0.1126462,-3.672066,0.03725602,-0.2848725,0.05101026,0.9564818,5.758305,327.0508,4.401297,0.437818,0.02577177,-0.8986939,0.0,0.0,0.0,1.399345,0.08667915,-2.926919,-0.2879323,0.07774349,0.9747006,0.8324912,0.07635436,0.5487517,-0.1188072,0.9920199,0.04220657,-0.54115,-0.1003323,0.8349192,moving,1.2459429196283196,5.236710368371647,-16.457450936613647,4.560337491024173,-0.733776,-0.02596705,0.7451470000000002,0.0216533772890086,0.0912492392461318,0.9955926118676192,1.932023483235854,6.195645328613779,17.661523778737948,17.716309838632792,18.46204217203452
818,05/05/2023 12:21:35.768142,1016,True,True,True,True,Eyes,1.942858,0.1087522,-3.7617,-0.5422601,-0.01009165,0.8401501,0.0,0.0,0.0,0.0,0.0,0.0,0.0,0.2974712,0.3104628,4.225131,2.139223,0.1130252,-3.66709,0.03915088,-0.2932091,0.05155872,0.953854,6.022754,326.0546,4.348263,0.4397328,0.0257603,-0.8977588,0.0,0.0,0.0,1.396747,0.084305,-2.926824,-0.2888281,0.07105253,0.978184,0.8227403,0.07540019,0.5633944,-0.1213178,0.9916179,0.04445347,-0.5553202,-0.1049234,0.8249913,moving,1.5214462353330032,5.345360353109106,-16.450273949764995,4.154507644775077,-0.7424759999999999,-0.0287202,0.7402660000000001,0.0264357431122218,0.093126305805936,0.9953033158966096,2.203333784566873,6.309305957736031,17.96272772880322,18.01113146319257,18.777652602917783
819,05/05/2023 12:21:35.787983,1017,True,True,True,True,Eyes,1.950597,0.1089054,-3.757496,-0.5526019,-0.01260816,0.8333499,0.0,0.0,0.0,0.0,0.0,0.0,0.0,0.3646148,0.3202244,4.217455,2.144839,0.1130385,-3.661872,0.04050141,-0.3015561,0.05222732,0.9511549,6.231459,325.0538,4.322539,0.4416426,0.02575261,-0.8968211,0.0,0.0,0.0,1.39419,0.08196858,-2.926731,-0.2895841,0.06912883,0.9821579,0.8126725,0.07492566,0.5778837,-0.1237794,0.9912639,0.0455473,-0.5694226,-0.1085452,0.8148471,moving,1.816025822971941,5.388376961275117,-16.427875813165638,4.026103127362632,-0.7506490000000001,-0.03106992,0.7351409999999996,0.031550422611518,0.0938595956214061,0.9950853373228984,2.49360240739209,6.355599979854224,18.247176729348517,18.29469149528425,19.06433564635308
820,05/05/2023 12:21:35.797856,1018,True,True,True,True,Eyes,1.958238,0.1091144,-3.753243,-0.5629628,-0.01507169,0.8263448,0.0,0.0,0.0,0.0,0.0,0.0,0.0,0.4245713,0.3373958,4.208932,2.150556,0.1143354,-3.656671,0.04290181,-0.3090685,0.05276182,0.9486054,6.546401,324.1504,4.247445,0.443546,0.02574941,-0.8958814,0.0,0.0,0.0,1.39162,0.07962001,-2.926637,-0.2885987,0.07428548,0.9859483,0.8033857,0.07358111,0.5908954,-0.1266195,0.9907512,0.04877974,-0.581841,-0.1140078,0.8052722,moving,2.009327089068368,5.550185036083049,-16.315376107662154,4.30876337945258,-0.7589359999999998,-0.03471539,0.7300339999999998,0.034898009890613,0.0966586645294633,0.9947055996561954,2.6837600858992263,6.523356991402162,18.31272736986108,18.366705610365106,19.12777041287306
821,05/05/2023 12:21:35.817422,1019,True,True,True,True,Eyes,1.965741,0.109299,-3.748972,-0.5729168,-0.01727188,0.8194315,0.0,0.0,0.0,0.0,0.0,0.0,0.0,0.4834443,0.3367818,4.200469,2.155836,0.1158839,-3.651029,0.04329343,-0.3165496,0.05283142,0.9461135,6.624883,323.2443,4.18906,0.4454421,0.0257516,-0.89494,0.0,0.0,0.0,1.388995,0.0772212,-2.926541,-0.2876416,0.07003237,0.9905983,0.7940103,0.07256,0.6035584,-0.1273781,0.990669,0.04847347,-0.5944093,-0.1153685,0.795844,moving,2.211952890757514,5.489172651175696,-16.191795787179167,4.043913851474286,-0.7668409999999999,-0.0386626999999999,0.724488,0.0384195416781681,0.0955870216973547,0.994679355799392,2.883634087520223,6.462022756653063,18.41088029419384,18.4604100279157,19.2280855932638
822,05/05/2023 12:21:35.837462,1020,True,True,True,True,Eyes,1.973122,0.1094704,-3.744679,-0.582822,-0.01978508,0.812359,0.0,0.0,0.0,0.0,0.0,0.0,0.0,0.5384072,0.3230227,4.192606,2.160865,0.1154765,-3.645477,0.04239684,-0.3237163,0.05027824,0.9438658,6.464385,322.3592,3.893056,0.4473288,0.02575812,-0.8939983,0.0,0.0,0.0,1.386555,0.07499115,-2.926452,-0.2853412,0.07520782,0.9951972,0.7853598,0.06746271,0.6153526,-0.1223609,0.9913492,0.04748209,-0.606826,-0.1125856,0.7868206,moving,2.3494923292718783,5.183656707255011,-15.99856337179684,4.32167180342229,-0.7743099999999998,-0.0404853499999999,0.7190250000000002,0.0408275068514065,0.0902731780171617,0.9950798691414612,3.019927953152375,6.1487787208219,18.31511976280045,18.36829240795006,19.106054850878508
823,05/05/2023 12:21:35.848033,1021,True,True,True,True,Eyes,1.98038,0.109662,-3.740331,-0.5922284,-0.02231103,0.8054612,0.0,0.0,0.0,0.0,0.0,0.0,0.0,0.5907016,0.3701626,4.179515,2.165272,0.1153603,-3.64041,0.04839023,-0.3301382,0.04994841,0.9413674,7.127959,321.5719,3.58747,0.4492051,0.02576825,-0.8930566,0.0,0.0,0.0,1.383879,0.07254625,-2.926355,-0.2822886,0.07417411,1.000417,0.7770278,0.06208868,0.6263968,-0.1259905,0.9903271,0.05812621,-0.6167287,-0.1240857,0.7773343,moving,2.4752870411257333,5.7063593176796665,-15.757523864947188,4.2403333501742,-0.7813929999999998,-0.0428140499999999,0.7140550000000001,0.0429748489497934,0.099338333459978,0.9941252750004888,3.1426933758951616,6.68722140320641,18.237282640022908,18.29165453626358,19.057950385471838
824,05/05/2023 12:21:35.867736,1022,True,True,True,True,Eyes,1.987542,0.1098399,-3.735929,-0.6015542,-0.02477561,0.7984477,0.0,0.0,0.0,0.0,0.0,0.0,0.0,0.635709,0.3800342,4.16912,2.169968,0.1160683,-3.634265,0.05005506,-0.3360367,0.04911663,0.9392346,7.298398,320.8441,3.388283,0.4510702,0.02578216,-0.8921156,0.0,0.0,0.0,1.381351,0.07023596,-2.926263,-0.2792394,0.07482616,1.005556,0.7693338,0.0586234,0.6361516,-0.1259047,0.9901641,0.0610169,-0.6263174,-0.1270369,0.7691477,moving,2.5163810821554007,5.740372601421384,-15.519788584656729,4.255691582543054,-0.7886169999999999,-0.04583234,0.708002,0.0436852700704898,0.0999253909970939,0.9940354769507718,3.1831200282054404,6.722488410886525,18.042719885453334,18.097173646120865,18.86488476438166
825,05/05/2023 12:21:35.887780,1023,True,True,True,True,Eyes,1.994556,0.1099945,-3.731516,-0.6103704,-0.02734953,0.7916439,0.0,0.0,0.0,0.0,0.0,0.0,0.0,0.6771826,0.3856568,4.159464,2.17482,0.1158881,-3.628385,0.05108854,-0.3415561,0.04820566,0.937233,7.394107,320.1607,3.20598,0.4529239,0.0257992,-0.8911754,0.0,0.0,0.0,1.378803,0.06790775,-2.92617,-0.2756059,0.07379583,1.010865,0.7620314,0.05546065,0.6451607,-0.1252591,0.9901324,0.06283385,-0.6353096,-0.1286936,0.7614589,moving,2.5400445732838004,5.693871826021642,-15.250657852539408,4.175337271577894,-0.796017,-0.0479803499999999,0.7022150000000003,0.0440993944402466,0.0991168056632433,0.9940981785717692,3.20655493397709,6.674830421994114,17.803142320985213,17.85539246270525,18.62568575531451
826,05/05/2023 12:21:35.898524,1024,True,True,True,True,Eyes,2.001464,0.1101346,-3.727041,-0.619141,-0.02987723,0.7847112,0.0,0.0,0.0,0.0,0.0,0.0,0.0,0.7216055,0.410474,4.146852,2.179259,0.115582,-3.622576,0.05431865,-0.347269,0.04789822,0.9349651,7.749321,319.4507,2.998955,0.4547643,0.02581855,-0.8902372,0.0,0.0,0.0,1.376136,0.06547081,-2.926073,-0.2721118,0.06347893,1.016385,0.7542201,0.05183997,0.6545722,-0.1272927,0.9895105,0.06830496,-0.6441652,-0.1348392,0.7529075,moving,2.60059242828474,5.909233346337363,-14.988021140168032,3.5738000528521408,-0.803123,-0.05011119,0.6965029999999999,0.0451327043786086,0.1028479197340515,0.9936726012931846,3.265730086090773,6.896737892742491,17.698686919260624,17.74298666878494,18.553742202529385
827,05/05/2023 12:21:35.917403,1025,True,True,True,True,Eyes,2.008251,0.1102464,-3.722528,-0.6275595,-0.03247805,0.7778909,0.0,0.0,0.0,0.0,0.0,0.0,0.0,0.7646588,0.421197,4.134953,2.183603,0.115319,-3.616424,0.05609566,-0.3529699,0.04626416,0.9328051,7.892353,318.7336,2.702923,0.4565911,0.02583968,-0.889301,0.0,0.0,0.0,1.373722,0.06326414,-2.925984,-0.2677898,0.06239172,1.021636,0.7465438,0.04671072,0.6636946,-0.125911,0.9894258,0.07199291,-0.6533137,-0.1373123,0.7445311,moving,2.6658480981257706,5.911659266980017,-14.68785819096236,3.4947358835707854,-0.8098810000000001,-0.05205486,0.6904399999999997,0.0462642204898798,0.1028846663138651,0.9936168121639304,3.3300475225407222,6.899687854558195,17.478168316551894,17.521205455367713,18.33681063395208
828,05/05/2023 12:21:35.937682,1026,True,True,True,True,Eyes,2.01493,0.1103305,-3.717952,-0.6359363,-0.03508612,0.7709435,0.0,0.0,0.0,0.0,0.0,0.0,0.0,0.8096781,0.4459547,4.120767,2.187767,0.1147736,-3.610495,0.0593372,-0.3587699,0.04568631,0.9304171,8.232969,318.0035,2.457583,0.4584044,0.0258618,-0.8883671,0.0,0.0,0.0,1.371117,0.06088409,-2.925889,-0.2653556,0.0602968,1.026789,0.7383937,0.04243784,0.6730331,-0.1275914,0.9887837,0.07763494,-0.6621895,-0.1431984,0.7355264,moving,2.7559881306227623,6.109060897631079,-14.490057279186413,3.3607578136558662,-0.8166500000000001,-0.05388951,0.6846059999999996,0.0478100893467553,0.1062996126723823,0.9931840118371578,3.4184342930694225,7.103331114661339,17.420719991132398,17.463655176353768,18.2953798896595
829,05/05/2023 12:21:35.948346,1027,True,True,True,True,Eyes,2.021492,0.1103856,-3.713323,-0.6439757,-0.0376953,0.7641166,0.0,0.0,0.0,0.0,0.0,0.0,0.0,0.8521423,0.4609086,4.107178,2.191818,0.114168,-3.604219,0.06141723,-0.3643541,0.04489407,0.928148,8.437081,317.2989,2.235306,0.4602037,0.02588421,-0.8874356,0.0,0.0,0.0,1.368383,0.05838562,-2.92579,-0.2620574,0.05854344,1.032164,0.7304613,0.03858145,0.6818635,-0.1280919,0.988425,0.08129389,-0.6708344,-0.1467232,0.7269481,moving,2.834738183216724,6.169901782978797,-14.245887524279077,3.2462883532872797,-0.8234350000000001,-0.05578238,0.678429,0.0491695556561804,0.1073470911608308,0.9930049209565992,3.495915630174508,7.16645115073287,17.28695300475295,17.329030268478355,18.169734602625752
830,05/05/2023 12:21:35.967528,1028,True,True,True,True,Eyes,2.027937,0.1104015,-3.708616,-0.6519716,-0.04028293,0.7571726,0.0,0.0,0.0,0.0,0.0,0.0,0.0,0.8957303,0.4767285,4.092674,2.195638,0.1135565,-3.598036,0.06341366,-0.3699875,0.04521093,0.9257668,8.6772,316.593,2.132522,0.4619886,0.02590626,-0.8865071,0.0,0.0,0.0,1.366017,0.05622314,-2.925704,-0.2552879,0.05890319,1.037238,0.7221305,0.03678501,0.6907782,-0.1306341,0.9878694,0.08395759,-0.6793102,-0.1508675,0.718176,moving,2.926321061214549,6.262648924243996,-13.82697268569971,3.250250418157996,-0.8296210000000002,-0.05733336,0.6723319999999999,0.050747860790721,0.1089457689016968,0.9927514804372184,3.585971227471057,7.262474174283609,16.979417227283697,17.021968045142888,17.869206898809182
831,05/05/2023 12:21:35.987828,1029,True,True,True,True,Eyes,2.034256,0.1103695,-3.703841,-0.6596415,-0.04269132,0.7503669,0.0,0.0,0.0,0.0,0.0,0.0,0.0,0.9366627,0.4833453,4.078647,2.199232,0.1126429,-3.591241,0.06423474,-0.3753757,0.04572384,0.9235131,8.79911,315.9216,2.10095,0.4637591,0.02592711,-0.8855817,0.0,0.0,0.0,1.363459,0.05388595,-2.92561,-0.2469515,0.06049019,1.042252,0.7140048,0.03622881,0.6992029,-0.1326775,0.9875665,0.08431602,-0.6874546,-0.1529705,0.7099341,moving,3.0056828810589846,6.244694970722383,-13.329858376329724,3.321604555491145,-0.8357729999999999,-0.05875695,0.6656310000000003,0.0521247237603788,0.1086269609156565,0.9927150338724277,3.6642412556736215,7.244563137684352,16.55237077029023,16.595010266567037,17.44101563384597
832,05/05/2023 12:21:35.997651,1030,True,True,True,True,Eyes,2.040464,0.1102866,-3.698968,-0.6671961,-0.04504717,0.7435188,0.0,0.0,0.0,0.0,0.0,0.0,0.0,0.971303,0.4844054,4.066289,2.202743,0.1114897,-3.58445,0.06436394,-0.3800808,0.04606137,0.9215608,8.8382,315.3356,2.086138,0.4655146,0.02594582,-0.8846595,0.0,0.0,0.0,1.360883,0.05153174,-2.925516,-0.237878,0.06263008,1.047337,0.7068338,0.0359697,0.7064645,-0.1338237,0.9874713,0.08361647,-0.6946058,-0.1536446,0.7027916,moving,3.000969703167954,6.149293299996542,-12.79629978072039,3.422175510907654,-0.8418599999999998,-0.05995796,0.6589339999999999,0.0520524481219717,0.1069742795631331,0.9928983510360548,3.659820227274469,7.146415890925558,15.989021970217586,16.030935549185987,16.87228058460636
833,05/05/2023 12:21:36.017652,1031,True,True,True,True,Eyes,2.046555,0.1101661,-3.693998,-0.6743351,-0.0472022,0.7369153,0.0,0.0,0.0,0.0,0.0,0.0,0.0,0.9997907,0.4863492,4.054486,2.206228,0.1101979,-3.577064,0.06451145,-0.3841205,0.04675336,0.9198391,8.893491,314.8341,2.114371,0.4672562,0.02596148,-0.8837404,0.0,0.0,0.0,1.358199,0.04907896,-2.925418,-0.2295481,0.06431182,1.052301,0.7005312,0.03645079,0.7126903,-0.1355715,0.9873047,0.08276246,-0.7006258,-0.1545981,0.6965794,moving,2.9444303971725088,6.081606018307841,-12.305685000981605,3.4973058330145044,-0.8480289999999999,-0.06111894,0.651646,0.0510790504137277,0.105806550858321,0.9930739844317928,3.604248372889268,7.076409670819745,15.426587981915873,15.467534616244578,16.307543170042578
834,05/05/2023 12:21:36.037807,1032,True,True,True,True,Eyes,2.05252,0.110003,-3.688925,-0.6812949,-0.04919164,0.7303543,0.0,0.0,0.0,0.0,0.0,0.0,0.0,1.020391,0.4812072,4.045216,2.209399,0.1091891,-3.569756,0.06383329,-0.3872753,0.04727593,0.9185358,8.852075,314.4452,2.169627,0.4689837,0.02597359,-0.8828245,0.0,0.0,0.0,1.355762,0.04685219,-2.925329,-0.2205846,0.06561095,1.056672,0.6955656,0.03740715,0.717488,-0.1362914,0.9873806,0.08064873,-0.705417,-0.1538839,0.6918863,moving,2.7830489883647407,5.929603394649232,-11.791391666946527,3.5530519651431707,-0.853637,-0.0623369099999999,0.6444269999999999,0.0482950904981123,0.1031859136968832,0.9934889094442416,3.4455313054354653,6.918959517984396,14.728292866743924,14.766933233148896,15.604267215110609
835,05/05/2023 12:21:36.057763,1033,True,True,True,True,Eyes,2.058365,0.1097947,-3.683736,-0.6878333,-0.05093364,0.7240795,0.0,0.0,0.0,0.0,0.0,0.0,0.0,1.035685,0.4697269,4.037541,2.212349,0.1080095,-3.562144,0.06237265,-0.3898706,0.04765267,0.9175183,8.720405,314.1285,2.250226,0.4706973,0.02598157,-0.8819118,0.0,0.0,0.0,1.352945,0.04427796,-2.925227,-0.2137375,0.06726335,1.061082,0.6914603,0.03880987,0.7213713,-0.1360789,0.9876777,0.07729935,-0.7094824,-0.1516128,0.6882212,moving,2.5772349503525813,5.702546115733577,-11.388887199411691,3.627199625184828,-0.8594040000000001,-0.06373154,0.636917,0.0447439851850554,0.0992644539877229,0.9940546013962552,3.2431934133654687,6.684010709166556,14.08323718421007,14.119477007239654,14.947972339483467
836,05/05/2023 12:21:36.068080,1034,True,True,True,True,Eyes,2.064085,0.1095462,-3.678429,-0.694162,-0.0525309,0.7178994,0.0,0.0,0.0,0.0,0.0,0.0,0.0,1.045313,0.45552,4.031278,2.215282,0.10671,-3.554225,0.060597,-0.3918812,0.04767826,0.9167792,8.538651,313.8838,2.313931,0.4723975,0.02598485,-0.8810022,0.0,0.0,0.0,1.350515,0.04205765,-2.925138,-0.2066728,0.06462938,1.064904,0.6883119,0.03992721,0.7243151,-0.1349145,0.9881096,0.0737397,-0.7127585,-0.1484766,0.6855144,moving,2.3078697981825296,5.437511899989574,-10.98322368526042,3.473040103685601,-0.8647670000000003,-0.06465235,0.6290870000000002,0.040088120671295,0.0946839170867696,0.9946998666157136,2.978302051766356,6.409561930050124,13.40428225102158,13.435487167352491,14.267002535304195
837,05/05/2023 12:21:36.087951,1035,True,True,True,True,Eyes,2.069677,0.1092546,-3.672991,-0.7001548,-0.053872,0.7119558,0.0,0.0,0.0,0.0,0.0,0.0,0.0,1.051762,0.4448407,4.025,2.217965,0.1054998,-3.546013,0.05917956,-0.3935046,0.04814446,0.9161518,8.414018,313.6886,2.412492,0.4740843,0.02598305,-0.8800957,0.0,0.0,0.0,1.348088,0.0398403,-2.92505,-0.2001076,0.05867759,1.068576,0.6856725,0.04164042,0.7267182,-0.1347901,0.9883598,0.07054478,-0.7153215,-0.1463251,0.6833038,moving,2.018278472207361,5.244729995830268,-10.606684556909144,3.143066296011811,-0.869877,-0.0656595,0.6209629999999997,0.0350710546524198,0.0913537915992822,0.995200735222137,2.693303302787876,6.209278880888322,12.77331535837959,12.798698441392125,13.648858438849134
838,05/05/2023 12:21:36.102797,1036,True,True,True,True,Eyes,2.075135,0.1089254,-3.66743,-0.7059355,-0.05504761,0.7061337,0.0,0.0,0.0,0.0,0.0,0.0,0.0,1.055219,0.425289,4.020076,2.220162,0.1041359,-3.537712,0.05673306,-0.394819,0.04810602,0.915743,8.157351,313.5326,2.507466,0.4757585,0.02597575,-0.8791921,0.0,0.0,0.0,1.345555,0.03752514,-2.924957,-0.1936187,0.06778087,1.071347,0.6836076,0.04330691,0.7285638,-0.1329041,0.9889343,0.06591946,-0.717647,-0.1418922,0.6817987,moving,1.6965560061355085,4.931724559052898,-10.244179230938906,3.620104978352519,-0.8746070000000001,-0.06661076,0.6127549999999999,0.0294966500786622,0.0859311764866218,0.995864324265316,2.376915859941048,5.885129723844839,11.985768084787043,12.012556094619796,12.822728975952296
839,05/05/2023 12:21:36.118182,1037,True,True,True,True,Eyes,2.080432,0.1085646,-3.661767,-0.7114242,-0.05619861,0.7005122,0.0,0.0,0.0,0.0,0.0,0.0,0.0,1.056933,0.4122634,4.014689,2.222404,0.1028989,-3.529182,0.05507638,-0.3959366,0.04810964,0.9153615,7.985721,313.3982,2.573289,0.4774196,0.02596269,-0.8782915,0.0,0.0,0.0,1.342798,0.03500578,-2.924857,-0.1898312,0.06716537,1.074009,0.6818394,0.0444619,0.7301496,-0.1316889,0.9893041,0.06273284,-0.7195507,-0.1389263,0.6804016,moving,1.3742887667065848,4.706852242194377,-10.023510328448673,3.578449740682831,-0.8796060000000001,-0.06789312,0.6043250000000002,0.0239027278543091,0.0820342560510885,0.996342842045688,2.059783758522559,5.651615918019198,11.42935413197356,11.453519826627074,12.259853750803288
840,05/05/2023 12:21:36.137844,1038,True,True,True,True,Eyes,2.085586,0.1081858,-3.655975,-0.7167244,-0.05721917,0.6950052,0.0,0.0,0.0,0.0,0.0,0.0,0.0,1.059108,0.4021252,4.008573,2.224175,0.1018189,-3.520618,0.05373716,-0.3970478,0.04847901,0.9149401,7.864427,313.2653,2.663807,0.4790676,0.02594379,-0.8773943,0.0,0.0,0.0,1.340359,0.03277673,-2.924768,-0.1865495,0.06644359,1.076613,0.6800057,0.04603832,0.73176,-0.1313832,0.9895242,0.05983559,-0.7213395,-0.1368295,0.6789308,moving,1.0671621243603218,4.53944860575101,-9.830287257342135,3.5315522143841505,-0.8838159999999997,-0.06904217,0.59585,0.0185660138536032,0.0791318259464293,0.9966913184380912,1.7574404770945766,5.477310474833809,10.921989130545947,10.94395989404647,11.749953585250534
841,05/05/2023 12:21:36.158339,1039,True,True,True,True,Eyes,2.090593,0.1077727,-3.650052,-0.7218582,-0.05828215,0.6895825,0.0,0.0,0.0,0.0,0.0,0.0,0.0,1.061072,0.3900432,4.002357,2.22589,0.1010171,-3.511705,0.05217644,-0.3981653,0.04895782,0.9145191,7.725044,313.1326,2.776242,0.4807025,0.0259193,-0.8765003,0.0,0.0,0.0,1.3377,0.03034736,-2.924671,-0.1823094,0.07045409,1.079054,0.678135,0.04799603,0.7333685,-0.1310954,0.9897615,0.05644608,-0.7231507,-0.1344193,0.677484,moving,0.7701984319350003,4.351667100134345,-9.589731004299225,3.735679874178173,-0.8881900000000003,-0.07066974,0.5870340000000001,0.0134033492853707,0.0758711064380384,0.9970275922249666,1.4651629317642485,5.282118597289356,10.35588843933558,10.378226157985456,11.162533433855897
842,05/05/2023 12:21:36.167956,1040,True,True,True,True,Eyes,2.09546,0.1073275,-3.644005,-0.7268255,-0.05931594,0.6842561,0.0,0.0,0.0,0.0,0.0,0.0,0.0,1.065399,0.3805153,3.994988,2.227205,0.09983046,-3.502769,0.05074181,-0.3994704,0.05040703,0.9139518,7.644337,312.981,2.984292,0.4823239,0.02588907,-0.87561,0.0,0.0,0.0,1.335222,0.0280831,-2.924581,-0.1782555,0.07031481,1.081336,0.675765,0.05159949,0.7353088,-0.1326789,0.9897688,0.0524789,-0.7250779,-0.1330234,0.6756974,moving,0.5122212719255528,4.222926390234486,-9.360876988020577,3.720469756761647,-0.8919830000000002,-0.07174736,0.5781879999999999,0.0089155601673385,0.0736343346224337,0.9972455044406856,1.2111756739541917,5.147918190035849,9.865024014312038,9.885875374445712,10.66798511984455
843,05/05/2023 12:21:36.187688,1041,True,True,True,True,Eyes,2.100189,0.1068385,-3.637823,-0.731777,-0.06058347,0.6788461,0.0,0.0,0.0,0.0,0.0,0.0,0.0,1.069525,0.3752441,3.987224,2.228713,0.0986698,-3.493672,0.04977439,-0.4007531,0.05218233,0.9133437,7.628343,312.8324,3.205722,0.4839324,0.02585299,-0.8747232,0.0,0.0,0.0,1.332604,0.02569088,-2.924485,-0.1735203,0.07428633,1.083615,0.673348,0.0554263,0.7372451,-0.1352153,0.989599,0.04909779,-0.7268558,-0.1327467,0.673839,moving,0.2514714323592685,4.147515471066408,-9.097592405971826,3.9217288357220728,-0.896109,-0.07297892,0.5691870000000003,0.0043774963951611,0.0723239043706376,0.9973715718995344,0.9543296965187714,5.068544649635696,9.330167595463578,9.351789895944531,10.117130248523113
844,05/05/2023 12:21:36.198062,1042,True,True,True,True,Eyes,2.10477,0.1063185,-3.631514,-0.736568,-0.06182735,0.6735317,0.0,0.0,0.0,0.0,0.0,0.0,0.0,1.077631,0.3743508,3.977699,2.229834,0.09720701,-3.484524,0.04918873,-0.4024032,0.05488193,0.9124911,7.697208,312.6414,3.504209,0.4855283,0.0258107,-0.8738396,0.0,0.0,0.0,1.330069,0.02337364,-2.924393,-0.1694287,0.07590535,1.085611,0.6701193,0.06057116,0.7397779,-0.139746,0.9891369,0.04559924,-0.7289796,-0.1339379,0.6713042,moving,0.0534554537616702,4.1569743137872095,-8.87045701099803,3.999581607752317,-0.8997649999999999,-0.07383337,0.5601310000000002,0.0009305190609191,0.0724892216082217,0.9973687570912896,0.7591211194772792,5.076891584338263,8.903890887150812,8.925300339070192,9.689652819197391
845,05/05/2023 12:21:36.217799,1043,True,True,True,True,Eyes,2.109206,0.1057937,-3.625079,-0.7413779,-0.06324688,0.6681007,0.0,0.0,0.0,0.0,0.0,0.0,0.0,1.082027,0.3696927,3.969237,2.23084,0.09600267,-3.475116,0.04826927,-0.403698,0.05684973,0.9118478,7.696675,312.4916,3.743642,0.4871112,0.02576218,-0.8729597,0.0,0.0,0.0,1.327506,0.02103209,-2.924299,-0.1649055,0.07857083,1.087551,0.6675921,0.06470416,0.7417104,-0.142649,0.9888763,0.04212821,-0.730734,-0.1339287,0.6693961,moving,-0.2006626368128051,4.092091626254961,-8.62208804082652,4.13219163606539,-0.903334,-0.07497058,0.5508169999999999,-0.003493288076003,0.071359330894843,0.997444508036058,0.5087873140375213,5.008391888231028,8.399953987958174,8.421520874886815,9.172819175583845
846,05/05/2023 12:21:36.237898,1044,True,True,True,True,Eyes,2.113492,0.1052905,-3.61852,-0.7460771,-0.06448166,0.66273,0.0,0.0,0.0,0.0,0.0,0.0,0.0,1.090714,0.3694389,3.959119,2.231589,0.09543576,-3.465785,0.04791547,-0.4054157,0.0593469,0.9109447,7.782733,312.2899,4.009171,0.4886814,0.02570803,-0.8720832,0.0,0.0,0.0,1.324916,0.01866508,-2.924205,-0.1612773,0.07943444,1.088979,0.6642322,0.06927213,0.7443097,-0.1469748,0.9883641,0.03917636,-0.7329352,-0.135417,0.6666845,moving,-0.3882554608507799,4.122446083038791,-8.424244341414012,4.171992011824606,-0.906673,-0.07677068,0.5415799999999997,-0.0067587526905543,0.0718865514798914,0.997389903447575,0.3238037056762795,5.03830128146342,8.015141543029555,8.036141616944985,8.790838207182658
847,05/05/2023 12:21:36.247819,1045,True,True,True,True,Eyes,2.117632,0.1047399,-3.61184,-0.7509645,-0.0655715,0.6570788,0.0,0.0,0.0,0.0,0.0,0.0,0.0,1.099825,0.3452034,3.950773,2.232266,0.09549341,-3.456191,0.04482916,-0.4073715,0.06096546,0.910122,7.543056,312.0574,4.306832,0.4902392,0.02564939,-0.8712102,0.0,0.0,0.0,1.322379,0.01634667,-2.924112,-0.1591887,0.07907767,1.090204,0.6606633,0.07444779,0.7469816,-0.1474963,0.9885471,0.03192883,-0.7360495,-0.1312712,0.6640775,moving,-0.5852023420070662,3.83751270955748,-8.307468565879356,4.148669198804516,-0.909887,-0.07914674,0.532079,-0.0101906315724917,0.0669236867928184,0.9977059799641128,0.1303426317409506,4.743892529513346,7.708348224440376,7.728532460510167,8.458779381217289
848,05/05/2023 12:21:36.267977,1046,True,True,True,True,Eyes,2.12165,0.1041621,-3.605067,-0.7557364,-0.06690729,0.6514491,0.0,0.0,0.0,0.0,0.0,0.0,0.0,1.11354,0.3152232,3.94133,2.232711,0.09378831,-3.446683,0.0410306,-0.4099291,0.06139139,0.9091236,7.17706,311.7411,4.508173,0.4917846,0.02558566,-0.8703406,0.0,0.0,0.0,1.319714,0.01391159,-2.924015,-0.1591187,0.07917,1.090901,0.6563784,0.07798544,0.7503903,-0.145264,0.9890952,0.02427153,-0.7403146,-0.124936,0.6605492,moving,-0.7132249297128718,3.406514435247867,-8.298634870044811,4.15085170624554,-0.912997,-0.07987672,0.5226680000000004,-0.012425811092329,0.0594152846360497,0.9981560222736868,0.005165084876884,4.299746223525362,7.601456060087939,7.621842423973541,8.305134753189352
849,05/05/2023 12:21:36.287885,1047,True,True,True,True,Eyes,2.125541,0.1036525,-3.598186,-0.7606226,-0.06854262,0.6455658,0.0,0.0,0.0,0.0,0.0,0.0,0.0,1.129026,0.3379282,3.927661,2.233765,0.09265615,-3.437604,0.04345009,-0.4123165,0.06412192,0.9077422,7.571308,311.4515,4.662757,0.4933175,0.02551678,-0.8694747,0.0,0.0,0.0,1.317255,0.01166475,-2.923925,-0.160817,0.07738335,1.091183,0.6517671,0.08058196,0.7541263,-0.1522427,0.9880009,0.02600591,-0.7429819,-0.13176,0.6562144,moving,-0.8287833018125061,3.7196371173189577,-8.383818118150595,4.056449716177286,-0.91651,-0.0809914,0.5136789999999998,-0.0144340292753591,0.0648675651295735,0.9977895020042568,-0.1094797523015347,4.620966577278793,7.543538705767351,7.562538846368355,8.293573094814416
850,05/05/2023 12:21:36.298037,1048,True,True,True,True,Eyes,2.129302,0.1031942,-3.591207,-0.7654356,-0.06986791,0.6397083,0.0,0.0,0.0,0.0,0.0,0.0,0.0,1.142923,0.336585,3.91594,2.234411,0.0938906,-3.428226,0.04306689,-0.4146096,0.06772009,0.9064536,7.714159,311.1815,5.040128,0.4948385,0.02544493,-0.8686121,0.0,0.0,0.0,1.314595,0.009233174,-2.923828,-0.1641326,0.07394761,1.091219,0.6470258,0.08705837,0.7574817,-0.1584821,0.9871184,0.02192149,-0.7458157,-0.1342311,0.6524883,moving,-0.963121287281211,3.8056703096066697,-8.553859244406926,3.876781995750345,-0.9198160000000002,-0.084657426,0.5043980000000001,-0.0167717903574618,0.0663633087378576,0.997654504317796,-0.2421007419596476,4.70850928192079,7.573907670984681,7.591071044698189,8.35326880218547
851,05/05/2023 12:21:36.317722,1049,True,True,True,True,Eyes,2.132936,0.1027779,-3.584176,-0.7704024,-0.07133883,0.6335542,0.0,0.0,0.0,0.0,0.0,0.0,0.0,1.157161,0.2988374,3.90692,2.235012,0.09466985,-3.418787,0.03853888,-0.4173115,0.06859722,0.905351,7.298301,310.8462,5.32445,0.4963469,0.02537174,-0.8677531,0.0,0.0,0.0,1.312086,0.006940915,-2.923737,-0.1689921,0.0697635,1.090783,0.6422911,0.0920437,0.7609141,-0.1563745,0.9876184,0.0125296,-0.7503394,-0.1270352,0.6487318,moving,-1.1082364350019844,3.322999397757736,-8.80666705547042,3.6594971586455647,-0.922926,-0.087728935,0.49505,-0.0193086611801852,0.0579539658767903,0.9981325184421904,-0.384004835140856,4.21110185231338,7.689917044245545,7.705781255735758,8.44070533876425
852,05/05/2023 12:21:36.337782,1050,True,True,True,True,Eyes,2.136442,0.1024515,-3.577072,-0.7753248,-0.07261543,0.6273742,0.0,0.0,0.0,0.0,0.0,0.0,0.0,1.175368,0.300019,3.894224,2.235849,0.09536862,-3.410039,0.03875101,-0.4201735,0.07010389,0.9039017,7.409833,310.4909,5.449177,0.497843,0.02529836,-0.8668977,0.0,0.0,0.0,1.309539,0.004613757,-2.923644,-0.1747964,0.06663992,1.089845,0.6370793,0.09416976,0.7650242,-0.1592984,0.9871676,0.01114262,-0.7541578,-0.1289658,0.6439052,moving,-1.1953572161133377,3.372524526291972,-9.111866393859655,3.499064777358283,-0.92631,-0.090754863,0.4863949999999999,-0.0208252919381176,0.0588149134406609,0.998051625001144,-0.4699973393358274,4.261427670559046,7.902879907119641,7.917520444967707,8.675430706107104
853,05/05/2023 12:21:36.347936,1051,True,True,True,True,Eyes,2.139825,0.1021996,-3.569895,-0.7804611,-0.07367232,0.6208485,0.0,0.0,0.0,0.0,0.0,0.0,0.0,1.196907,0.27898,3.881624,2.236229,0.09717826,-3.401067,0.03663804,-0.4236491,0.06986836,0.9023843,7.199381,310.0481,5.497841,0.4993263,0.02522704,-0.8660462,0.0,0.0,0.0,1.306979,0.002274203,-2.923551,-0.1812145,0.06111638,1.088531,0.6312797,0.09505289,0.7697084,-0.1571396,0.9875521,0.006923844,-0.759469,-0.1253225,0.6383581,moving,-1.2521174265425072,3.106818156475939,-9.451703659728592,3.2135401237902754,-0.92925,-0.094904057,0.477516,-0.0218197303715067,0.0541847344260232,0.9982924988305476,-0.5253203443581456,3.9877702276768017,8.187519480410327,8.200280725302166,8.959896837948973
854,05/05/2023 12:21:36.367961,1052,True,True,True,True,Eyes,2.143073,0.1019932,-3.562669,-0.7855973,-0.0744687,0.6142403,0.0,0.0,0.0,0.0,0.0,0.0,0.0,1.220084,0.243931,3.869202,2.236382,0.09861708,-3.3923,0.03298657,-0.4274555,0.06795348,0.9008752,6.749443,309.5536,5.445118,0.5007967,0.02515942,-0.8651988,0.0,0.0,0.0,1.304405,-7.760973e-05,-2.923457,-0.1882366,0.05701411,1.086989,0.6253283,0.09423462,0.7746512,-0.1506358,0.9885884,0.00133939,-0.765685,-0.1175277,0.6323874,moving,-1.2878380447925504,2.6109758379448187,-9.824617303919071,3.002493228813696,-0.9319769999999998,-0.09869468973,0.4688430000000001,-0.0224517993453056,0.0455428681716042,0.9987099754462916,-0.5593621426246347,3.4775797315389867,8.533776259848706,8.545752511417911,9.277427466111764
855,05/05/2023 12:21:36.387799,1053,True,True,True,True,Eyes,2.146191,0.1018084,-3.555394,-0.7909633,-0.07525478,0.607218,0.0,0.0,0.0,0.0,0.0,0.0,0.0,1.249625,0.2211095,3.85362,2.236335,0.09942613,-3.383749,0.03081651,-0.4318933,0.06600128,0.8989787,6.454709,308.9782,5.31526,0.5022539,0.02509627,-0.8643556,0.0,0.0,0.0,1.301779,-0.002477641,-2.923361,-0.1949875,0.05372057,1.085127,0.618224,0.09204859,0.7805936,-0.1452864,0.9893883,-0.001604262,-0.7724579,-0.1124178,0.625037,moving,-1.2575427982567602,2.2635039124600143,-10.186821170831974,2.8341853671277453,-0.934556,-0.101903771,0.460388,-0.0219293839414817,0.0394858214307468,0.9989794269201068,-0.5286810652273419,3.120438843989789,8.936081832593146,8.947496274245726,9.6623812464891
856,05/05/2023 12:21:36.407799,1054,True,True,True,True,Eyes,2.14918,0.1016164,-3.54809,-0.7963082,-0.07597193,0.6001013,0.0,0.0,0.0,0.0,0.0,0.0,0.0,1.283047,0.2010489,3.836123,2.23612,0.09967196,-3.375248,0.02903136,-0.4367827,0.0633219,0.8968658,6.164899,308.3412,5.090829,0.5036978,0.02503771,-0.8635167,0.0,0.0,0.0,1.299265,-0.004774964,-2.923269,-0.2019141,0.04998234,1.082966,0.6104224,0.08822171,0.7871476,-0.1389433,0.9902951,-0.003241354,-0.7797943,-0.1073903,0.6167561,moving,-1.170623406128897,1.9179850278596264,-10.561275782338267,2.642508013454547,-0.9368550000000002,-0.104446924,0.4519790000000001,-0.0204183710264547,0.0334619255412958,0.9992314263775685,-0.4421896150889375,2.765701400327012,9.407914326150378,9.418560697232998,10.119836039718525
857,05/05/2023 12:21:36.417702,1055,True,True,True,True,Eyes,2.152023,0.1014048,-3.540772,-0.8016814,-0.0769692,0.5927754,0.0,0.0,0.0,0.0,0.0,0.0,0.0,1.316036,0.2004129,3.817653,2.235969,0.09925859,-3.367072,0.02939755,-0.4414406,0.06184668,0.8946738,6.154262,307.7386,4.887622,0.505128,0.02498314,-0.8626825,0.0,0.0,0.0,1.296702,-0.007117507,-2.923176,-0.2081397,0.04802072,1.080543,0.6026104,0.08471067,0.7935268,-0.1366197,0.9906216,-0.002000837,-0.7862542,-0.1072057,0.6085321,moving,-1.102924654003668,1.8393978930701196,-10.903063389892576,2.544623744639217,-0.939267,-0.1063760969999999,0.4438959999999996,-0.0192385632251946,0.0320920945959522,0.9992997422441549,-0.3752731155459479,2.685351769495784,9.815240764116608,9.825480280596546,10.528730808488149
858,05/05/2023 12:21:36.437894,1056,True,True,True,True,Eyes,2.154743,0.1011837,-3.533437,-0.8069819,-0.07802473,0.5853994,0.0,0.0,0.0,0.0,0.0,0.0,0.0,1.347334,0.2034464,3.799035,2.235528,0.09861981,-3.358877,0.0301061,-0.445856,0.06091454,0.8925219,6.203434,307.1677,4.724892,0.5065433,0.02493175,-0.8618536,0.0,0.0,0.0,1.294114,-0.009481768,-2.923082,-0.2146393,0.04736007,1.078162,0.5950037,0.08188915,0.7995403,-0.1355811,0.9907661,-0.0005775134,-0.7922047,-0.1080589,0.6006122,moving,-1.060343254722581,1.8208569665426613,-11.259177912961976,2.515196088559226,-0.941414,-0.108101578,0.4357950000000001,-0.0184960846527551,0.0317691661474917,0.9993241305374116,-0.3332565249245445,2.6665805809064507,10.212096064589712,10.22244272189714,10.926970094316951
859,05/05/2023 12:21:36.447486,1057,True,True,True,True,Eyes,2.157347,0.1009705,-3.526072,-0.8122137,-0.07952455,0.5779142,0.0,0.0,0.0,0.0,0.0,0.0,0.0,1.376029,0.2125204,3.781084,2.235249,0.09817068,-3.351006,0.03143785,-0.4498898,0.06102601,0.8904419,6.367033,306.6484,4.639842,0.5079439,0.02488301,-0.8610303,0.0,0.0,0.0,1.291486,-0.01188399,-2.922986,-0.2199994,0.04883017,1.075611,0.58775,0.08039309,0.8050385,-0.1369673,0.990575,0.001077198,-0.7973644,-0.1108971,0.5932217,moving,-1.0622605372419482,1.8968333421681849,-11.559520266773934,2.599306828604368,-0.943763,-0.11005467,0.42802,-0.0185287274945807,0.0330942589749657,0.9992805048445416,-0.3353254339942271,2.744703944425738,10.5094205952801,10.520738131347995,11.225136523244956
860,05/05/2023 12:21:36.468123,1058,True,True,True,True,Eyes,2.15982,0.1007711,-3.518698,-0.8173574,-0.08091029,0.5704214,0.0,0.0,0.0,0.0,0.0,0.0,0.0,1.402091,0.2155548,3.763976,2.234736,0.09817255,-3.343076,0.03201983,-0.4536414,0.06146149,0.8884857,6.46875,306.1659,4.627532,0.5093292,0.0248369,-0.8602129,0.0,0.0,0.0,1.289011,-0.01414575,-2.922895,-0.2262971,0.04869188,1.072633,0.5808639,0.08016427,0.8100437,-0.1382664,0.9903945,0.001135367,-0.8021718,-0.1126613,0.5863684,moving,-1.100384761897384,1.92170098976062,-11.913188243687973,2.599141797327861,-0.945725,-0.1123183,0.4201809999999999,-0.0191933614404122,0.0335275470761922,0.9992535646192492,-0.3729634517467235,2.770012834035158,10.822402707901004,10.834004115911162,11.541489728788084
861,05/05/2023 12:21:36.487767,1059,True,True,True,True,Eyes,2.162178,0.1005553,-3.511312,-0.8224279,-0.08255253,0.5628476,0.0,0.0,0.0,0.0,0.0,0.0,0.0,1.425775,0.2081386,3.748226,2.234041,0.09828238,-3.335379,0.03139998,-0.457188,0.06097625,0.8867217,6.398405,305.7057,4.584218,0.5106984,0.02479354,-0.859402,0.0,0.0,0.0,1.286466,-0.016471,-2.922803,-0.2313858,0.04957674,1.069866,0.5745221,0.07942653,0.8146262,-0.1368493,0.9905918,-6.913816e-05,-0.8069677,-0.1114413,0.5799863,moving,-1.1780442787902656,1.7615713415350711,-12.203713486996447,2.6531429135911333,-0.9475749999999998,-0.11475338,0.412576,-0.0205495905257155,0.0307338849765717,0.999316333488572,-0.4491358806905048,2.604788403386655,11.048962947731033,11.061658164890307,11.754677063251302
862,05/05/2023 12:21:36.498222,1060,True,True,True,True,Eyes,2.164418,0.1003304,-3.503927,-0.8273936,-0.0842273,0.5552708,0.0,0.0,0.0,0.0,0.0,0.0,0.0,1.451148,0.2040804,3.73147,2.233418,0.09770367,-3.327709,0.03102778,-0.4608945,0.06134016,0.8847886,6.398836,305.2272,4.614217,0.5120526,0.02475225,-0.8585971,0.0,0.0,0.0,1.28369,-0.01900752,-2.922701,-0.2367071,0.04375558,1.067508,0.5676273,0.07994509,0.8193949,-0.1371472,0.9905494,-0.001636637,-0.8117819,-0.1114487,0.5732271,moving,-1.2266661514890789,1.669911995082833,-12.502367272505357,2.3471557145327315,-0.949728,-0.11671119,0.405008,-0.0213986407284553,0.0291346647023445,0.9993464555430944,-0.4968469576138345,2.510183694673404,11.28604239624659,11.29602119447472,12.006627176421434
863,05/05/2023 12:21:36.517826,1061,True,True,True,True,Eyes,2.166574,0.1001377,-3.496529,-0.8322574,-0.08638225,0.5476181,0.0,0.0,0.0,0.0,0.0,0.0,0.0,1.474876,0.2091553,3.714823,2.232779,0.09728871,-3.320263,0.03175658,-0.4643235,0.06221283,0.8829071,6.537298,304.7851,4.639816,0.5133908,0.02471265,-0.8577988,0.0,0.0,0.0,1.281255,-0.02123296,-2.922613,-0.240228,0.03716534,1.064922,0.5610666,0.08036564,0.8238603,-0.1393469,0.9902422,-0.001697534,-0.8159576,-0.11385,0.5667905,moving,-1.30319670083299,1.691112210701765,-12.712158059034149,1.998787918106028,-0.9515239999999998,-0.11852167,0.39765,-0.022733209856466,0.0295035620382198,0.9993060579292568,-0.5723338240056497,2.531453043438012,11.406120002599328,11.413109287738113,12.151504622602513
864,05/05/2023 12:21:36.537740,1062,True,True,True,True,Eyes,2.16862,0.09998278,-3.489131,-0.8370636,-0.08839716,0.5399171,0.0,0.0,0.0,0.0,0.0,0.0,0.0,1.501912,0.219799,3.696616,2.232513,0.09796207,-3.312901,0.03309627,-0.468043,0.06549201,0.8806539,6.868953,304.3139,4.874909,0.5147132,0.02467537,-0.857007,0.0,0.0,0.0,1.278691,-0.02357603,-2.922519,-0.2434136,0.04396093,1.062924,0.5532931,0.08437064,0.8287029,-0.1463325,0.9892309,-0.003013433,-0.8200327,-0.1195989,0.5596809,moving,-1.3283393526943892,1.915548498815025,-12.898540602594668,2.368317096992264,-0.953822,-0.1215381,0.3903820000000002,-0.0231688710500899,0.0334174277267613,0.9991728990279044,-0.5976460266207229,2.762095755776198,11.568990300523744,11.57905679952773,12.307195822011565
865,05/05/2023 12:21:36.548102,1063,True,True,True,True,Eyes,2.170611,0.09984604,-3.481707,-0.8417869,-0.09084213,0.5321115,0.0,0.0,0.0,0.0,0.0,0.0,0.0,1.530446,0.2031931,3.67871,2.231828,0.09873056,-3.305397,0.03132282,-0.4722134,0.06623783,0.8784339,6.752851,303.7744,5.013777,0.5160198,0.02464113,-0.8562219,0.0,0.0,0.0,1.276121,-0.02592471,-2.922425,-0.2473352,0.04468798,1.06082,0.5452541,0.086789,0.833766,-0.1459532,0.9892629,-0.007526735,-0.8254671,-0.1175869,0.5520667,moving,-1.3308301921175023,1.6616671504299976,-13.12431704570257,2.412209127633926,-0.955707,-0.12465527,0.3829720000000001,-0.0232155202543642,0.0289896840510517,0.9993101439817048,-0.5995030448473206,2.5009780221305364,11.806234676238594,11.817345109000962,12.52512856910658
866,05/05/2023 12:21:36.568011,1064,True,True,True,True,Eyes,2.1725,0.09976491,-3.474282,-0.8464524,-0.09341426,0.5242063,0.0,0.0,0.0,0.0,0.0,0.0,0.0,1.56346,0.2230079,3.657112,2.231818,0.09904189,-3.298149,0.03397939,-0.47666,0.06838317,0.875765,7.163835,303.1995,5.052554,0.5173116,0.02461009,-0.8554428,0.0,0.0,0.0,1.273568,-0.02825726,-2.922332,-0.2510823,0.0351607,1.059091,0.5362379,0.08738194,0.8395315,-0.1521684,0.9883383,-0.005675136,-0.830237,-0.124707,0.5432812,moving,-1.2598765670493437,1.920431907826968,-13.337078715891831,1.901460851704216,-0.95825,-0.12729915,0.375817,-0.0219748801614225,0.0335034942628485,0.999197055095174,-0.5301730953582864,2.7675954485224343,12.070842588424036,12.077217048847636,12.836160668714736
867,05/05/2023 12:21:36.587702,1065,True,True,True,True,Eyes,2.174324,0.09974459,-3.466826,-0.8510812,-0.0960726,0.5161694,0.0,0.0,0.0,0.0,0.0,0.0,0.0,1.597775,0.2351171,3.634291,2.231184,0.1003501,-3.29059,0.03586863,-0.4813316,0.07021063,0.8729857,7.482004,302.592,5.095294,0.5185885,0.02458332,-0.8546701,0.0,0.0,0.0,1.271056,-0.03055239,-2.922241,-0.25333,0.03482014,1.057942,0.5267808,0.08805631,0.8454278,-0.1571151,0.9875678,-0.004963575,-0.8353544,-0.1302148,0.5340667,moving,-1.1702088389118936,2.0794354107749577,-13.46622962995634,1.8851006382149509,-0.960128,-0.1309024899999999,0.3683489999999998,-0.0204091342515425,0.0362774699307049,0.9991333321309468,-0.4421614014515236,2.931745451783621,12.291273936224009,12.297556395382914,13.066055969056569
868,05/05/2023 12:21:36.597653,1066,True,True,True,True,Eyes,2.17606,0.0997709,-3.459373,-0.8556651,-0.09872957,0.5080253,0.0,0.0,0.0,0.0,0.0,0.0,0.0,1.631055,0.2331393,3.612599,2.230909,0.1017689,-3.283025,0.03612716,-0.4860796,0.07060701,0.8703082,7.557713,301.9678,5.080055,0.5198511,0.02456191,-0.8539033,0.0,0.0,0.0,1.26845,-0.03293448,-2.922146,-0.2546774,0.02689933,1.057028,0.5174826,0.08777835,0.8511797,-0.158021,0.9874189,-0.005757716,-0.8409764,-0.1315248,0.524843,moving,-1.0914913990774242,1.9946895434406235,-13.546497255893454,1.4577527841820537,-0.962459,-0.1347033799999999,0.3608789999999997,-0.019037428028505,0.0348005600183335,0.9992129373396617,-0.3643691615795752,2.845138806223966,12.462781320686338,12.4665741876734,13.25493647925393
869,05/05/2023 12:21:36.618117,1067,True,True,True,True,Eyes,2.177715,0.09981946,-3.451932,-0.8601211,-0.101413,0.4999069,0.0,0.0,0.0,0.0,0.0,0.0,0.0,1.665134,0.2394809,3.589507,2.23047,0.1029218,-3.275513,0.03743574,-0.4908797,0.07084154,0.8675351,7.72988,301.332,4.988297,0.5211002,0.02454649,-0.8531421,0.0,0.0,0.0,1.265874,-0.03528802,-2.922052,-0.2552258,0.01444598,1.05622,0.5080373,0.08616214,0.8570147,-0.1596679,0.9871601,-0.004595711,-0.8464066,-0.134503,0.5152715,moving,-0.990947087779494,2.001788289813045,-13.584588582336986,0.7835887227558427,-0.964596,-0.1382098199999999,0.3534610000000002,-0.0172838745434676,0.0349254680791784,0.9992403571023522,-0.2652783764109253,2.853140549417156,12.65061997089728,12.652423336207915,13.479134583678704
870,05/05/2023 12:21:36.637691,1068,True,True,True,True,Eyes,2.179304,0.0998761,-3.444498,-0.8645313,-0.1041642,0.491666,0.0,0.0,0.0,0.0,0.0,0.0,0.0,1.699678,0.2418727,3.566014,2.230244,0.1035688,-3.267896,0.03822885,-0.4958287,0.07058763,0.8647022,7.82292,300.6727,4.873452,0.5223356,0.02453702,-0.8523865,0.0,0.0,0.0,1.263328,-0.03761506,-2.921959,-0.2536809,0.005036956,1.055649,0.4983425,0.08416462,0.8628854,-0.1599845,0.9871119,-0.003885596,-0.8520914,-0.1361119,0.5053849,moving,-0.8799278708684377,1.9245489523308563,-13.512418106921178,0.2733807641638265,-0.966916,-0.14118386,0.3459369999999997,-0.01534837429194,0.0335794440010096,0.9993181941426404,-0.1556636464089477,2.774479135679913,12.738162258820616,12.739943718462127,13.58890660731811
871,05/05/2023 12:21:36.651629,1069,True,True,True,True,Eyes,2.180845,0.09992354,-3.437046,-0.8688101,-0.1071323,0.4834168,0.0,0.0,0.0,0.0,0.0,0.0,0.0,1.734769,0.2566882,3.541196,2.23019,0.1038361,-3.260499,0.04049723,-0.5007337,0.07109771,0.8617254,8.105546,300.0165,4.749756,0.5235567,0.02453315,-0.8516371,0.0,0.0,0.0,1.260732,-0.03998679,-2.921864,-0.2508397,-0.004249308,1.055227,0.4884216,0.08197674,0.8687485,-0.1630901,0.9866102,-0.001407056,-0.8572316,-0.140997,0.4952513,moving,-0.754526205113554,2.024071419802523,-13.371694417854412,-0.230723908920768,-0.969458,-0.14382289,0.338635,-0.0131603719829551,0.0353163066605487,0.9992895902493272,-0.0322885037487213,2.877705974811492,12.813594882947347,12.81706033702856,13.696791101690849
872,05/05/2023 12:21:36.668028,1070,True,True,True,True,Eyes,2.182326,0.09995175,-3.429599,-0.8730348,-0.1102266,0.475037,0.0,0.0,0.0,0.0,0.0,0.0,0.0,1.769389,0.2769229,3.515497,2.230231,0.1037044,-3.252916,0.04337765,-0.5055654,0.07212199,0.8586736,8.477399,299.367,4.63925,0.5247653,0.0245341,-0.8508929,0.0,0.0,0.0,1.258168,-0.04232963,-2.921771,-0.2478682,-0.007564432,1.054959,0.478404,0.07999801,0.8744883,-0.167719,0.9858336,0.001569717,-0.8619744,-0.1474192,0.485044,moving,-0.6345744222400485,2.206860831507199,-13.222123653628133,-0.4108241177716196,-0.972063,-0.14603403,0.3311449999999998,-0.0110669722564684,0.0385051028925105,0.9991970255679864,0.0855184321380776,3.0665294158694647,12.852009833876684,12.856853042105582,13.754465655952693
873,05/05/2023 12:21:36.687554,1071,True,True,True,True,Eyes,2.183775,0.09995669,-3.42214,-0.8770905,-0.1136073,0.4666966,0.0,0.0,0.0,0.0,0.0,0.0,0.0,1.804974,0.2969131,3.488737,2.230214,0.1033075,-3.245434,0.04621198,-0.510511,0.07333677,0.855491,8.855693,298.6992,4.544826,0.5259621,0.02453897,-0.8501535,0.0,0.0,0.0,1.255526,-0.04474423,-2.921674,-0.2452839,-0.009422944,1.054443,0.4680005,0.07829446,0.8802531,-0.1726613,0.9849724,0.004189413,-0.866697,-0.1539463,0.474486,moving,-0.4910269689361163,2.378242985212016,-13.095222998219862,-0.5120054384637918,-0.9746880000000002,-0.14805173,0.32376,-0.008562551674995,0.041494732705706,0.999102071923382,0.226610730591554,3.2437857827239225,12.925388927847507,12.931329919817706,13.841142351527498
874,05/05/2023 12:21:36.697690,1072,True,True,True,True,Eyes,2.185178,0.09993978,-3.414675,-0.8811023,-0.1170689,0.4582071,0.0,0.0,0.0,0.0,0.0,0.0,0.0,1.841566,0.3206297,3.460616,2.230624,0.102834,-3.237866,0.04947318,-0.5155445,0.07564594,0.8520822,9.340894,298.0188,4.528141,0.5271472,0.0245468,-0.8494189,0.0,0.0,0.0,1.253006,-0.04704666,-2.921582,-0.2432855,-0.0088509,1.054053,0.4569832,0.07790186,0.8860574,-0.1799244,0.9836602,0.006312737,-0.8710876,-0.1623081,0.4635327,moving,-0.3310123102358015,2.651968018457283,-12.996810162321298,-0.4811022751465343,-0.977618,-0.14988066,0.316284,-0.0057710358178266,0.046268281335638,0.9989124477103816,0.3836937617107745,3.5264099425004933,13.040821908001613,13.047550141484656,13.967749977560018
875,05/05/2023 12:21:36.718084,1073,True,True,True,True,Eyes,2.186562,0.09989753,-3.407168,-0.8849618,-0.1205247,0.4497961,0.0,0.0,0.0,0.0,0.0,0.0,0.0,1.878822,0.3309487,3.432375,2.230819,0.1023427,-3.23012,0.05108958,-0.5207901,0.07759491,0.8486145,9.64436,297.311,4.566009,0.5283219,0.02455679,-0.8486885,0.0,0.0,0.0,1.250523,-0.04931624,-2.921492,-0.2420159,-0.009509882,1.053328,0.4455134,0.07848244,0.8918287,-0.1849102,0.9827378,0.005889398,-0.8759714,-0.1675321,0.452335,moving,-0.1480146182358899,2.742277083863008,-12.939872091247594,-0.5172760035763727,-0.9802959999999998,-0.15165894,0.3086279999999997,-0.0025803814077018,0.0478433366444531,0.998851580123422,0.5638635811394319,3.620563046614912,13.193341661925146,13.200617559026584,14.123476523681616
876,05/05/2023 12:21:36.737652,1074,True,True,True,True,Eyes,2.187915,0.09981236,-3.399649,-0.8887931,-0.1239587,0.4412269,0.0,0.0,0.0,0.0,0.0,0.0,0.0,1.914582,0.3380125,3.404675,2.231375,0.1016977,-3.222159,0.05230481,-0.5259709,0.0790136,0.8452075,9.877052,296.6075,4.572808,0.5294874,0.02456812,-0.8479615,0.0,0.0,0.0,1.247918,-0.05169682,-2.921397,-0.241221,-0.01364651,1.052588,0.434223,0.07854418,0.8973747,-0.1885874,0.9820421,0.005299139,-0.8808435,-0.1715346,0.4412377,moving,0.015788078911445,2.763909592480939,-12.907559512989335,-0.7427821948498029,-0.9834569999999998,-0.15339452,0.3007620000000002,0.0002752334221063,0.0482206165709647,0.998836727188678,0.7252745303799495,3.643952946816198,13.381843343550573,13.390660934861302,14.321229320738356
877,05/05/2023 12:21:36.747987,1075,True,True,True,True,Eyes,2.189256,0.09968356,-3.392087,-0.8924524,-0.1272315,0.4328287,0.0,0.0,0.0,0.0,0.0,0.0,0.0,1.951216,0.3419276,3.376154,2.231901,0.1006028,-3.214197,0.05311259,-0.5313305,0.07998268,0.8417066,10.04403,295.8759,4.555251,0.5306446,0.02457962,-0.8472375,0.0,0.0,0.0,1.24537,-0.05402524,-2.921304,-0.2399666,-0.01545205,1.051952,0.4225815,0.07820322,0.9029449,-0.1910846,0.9815636,0.004415958,-0.8859525,-0.1744049,0.429734,moving,0.2143342357483682,2.7259993617989986,-12.850175593167878,-0.84155321082113,-0.986531,-0.15462804,0.2928929999999998,0.0037365959838873,0.0475593803697967,0.9988613355170946,0.9210727499765006,3.606349317432616,13.533544323431432,13.542852300319076,14.471735135408016
878,05/05/2023 12:21:36.767823,1076,True,True,True,True,Eyes,2.190574,0.09951321,-3.384503,-0.8960937,-0.1304267,0.4242699,0.0,0.0,0.0,0.0,0.0,0.0,0.0,1.985897,0.3451986,3.348212,2.232647,0.09939434,-3.206069,0.05382911,-0.536531,0.08060486,0.8382958,10.18013,295.1613,4.509082,0.5317948,0.02459023,-0.8465157,0.0,0.0,0.0,1.242822,-0.05635288,-2.921211,-0.2390164,-0.01487232,1.051434,0.4112748,0.07737945,0.9082211,-0.1929034,0.9812106,0.003755439,-0.8908655,-0.1767434,0.4184739,moving,0.3841748907248834,2.663942014877759,-12.8070707206866,-0.8103831005387426,-0.989825,-0.15574722,0.2848579999999998,0.0066978207874519,0.0464767667664728,0.9988969119214574,1.0886325737403837,3.543711780032901,13.63232611851454,13.6411105042147,14.561892468898716
879,05/05/2023 12:21:36.787962,1077,True,True,True,True,Eyes,2.190574,0.09951321,-3.384503,-0.8960937,-0.1304267,0.4242699,0.0,0.0,0.0,0.0,0.0,0.0,0.0,2.021544,0.3423103,3.319599,2.233352,0.09823753,-3.197819,0.05378325,-0.5419244,0.08130623,0.8347542,10.24835,294.4215,4.514087,0.532939,0.02459901,-0.8457957,0.0,0.0,0.0,1.24031,-0.05864862,-2.921119,-0.2375217,-0.01091318,1.051642,0.3994145,0.07744855,0.9134932,-0.1940344,0.9809933,0.001667924,-0.8960016,-0.1779153,0.4068506,moving,1.121626124613706,2.6733485938186594,-12.727162820527862,-0.5945528150482631,-0.993042,-0.15688615,0.2766999999999999,0.019553522915691,0.0466328896463113,0.9987206940097968,1.8155233106883817,3.558528455050637,14.22159172580754,14.229129799996544,15.12408026780854
880,05/05/2023 12:21:36.797820,1078,True,True,True,True,Eyes,2.190574,0.09951321,-3.384503,-0.8960937,-0.1304267,0.4242699,0.0,0.0,0.0,0.0,0.0,0.0,0.0,2.056668,0.3341712,3.291208,2.234372,0.09707373,-3.18932,0.0530535,-0.5473402,0.08227664,0.8311648,10.26837,293.6808,4.587139,0.5339676,0.02460688,-0.8451465,0.0,0.0,0.0,1.237684,-0.06104849,-2.921024,-0.2354504,-0.01585808,1.051621,0.3872986,0.07869425,0.9185897,-0.1948475,0.9808317,-0.001874214,-0.9011295,-0.178259,0.3952082,moving,1.859248687848184,2.631022332443541,-12.619989643890754,-0.8639350049543731,-0.996688,-0.1581222199999999,0.2682959999999998,0.032410151536024,0.0458797502636856,0.9984210644271002,2.542704827956084,3.520142481739604,14.885983700703406,14.895068628829131,15.783771382528055
881,05/05/2023 12:21:36.817675,1079,True,True,True,True,Eyes,2.191968,0.09918132,-3.376218,-0.8998888,-0.1334769,0.4151917,0.0,0.0,0.0,0.0,0.0,0.0,0.0,2.091975,0.327604,3.261681,2.235317,0.09558095,-3.18064,0.05250638,-0.5528226,0.0831153,0.8274794,10.2994,292.9257,4.634605,0.5348929,0.02461392,-0.8445609,0.0,0.0,0.0,1.235138,-0.06337473,-2.920931,-0.2319632,-0.01100011,1.052671,0.3749581,0.07949898,0.9236268,-0.1956058,0.9806699,-0.005000147,-0.9061704,-0.1787919,0.3832606,moving,2.033464681395819,2.4689383005361183,-12.42691575619385,-0.5987026696444261,-1.0001790000000002,-0.15895568,0.2597089999999999,0.0354503084009906,0.043050692879248,0.9984437873134526,2.714813161016125,3.3546645517388054,14.775365292871346,14.7821860197251,15.649315224295922
882,05/05/2023 12:21:36.838332,1080,True,True,True,True,Eyes,2.193365,0.09882641,-3.367905,-0.9036182,-0.1365291,0.4059974,0.0,0.0,0.0,0.0,0.0,0.0,0.0,2.123879,0.3273047,3.233222,2.23649,0.09408187,-3.171904,0.05273874,-0.5578982,0.08366998,0.8239949,10.38558,292.218,4.609149,0.5358436,0.02461583,-0.8439581,0.0,0.0,0.0,1.23247,-0.06581295,-2.920834,-0.2281329,-0.009019556,1.053391,0.363498,0.07904156,0.9282358,-0.196733,0.9804359,-0.006445735,-0.9105851,-0.1802715,0.3719365,moving,2.1570453133762646,2.368464129248589,-12.219832903740397,-0.4905774429294027,-1.00402,-0.15989482,0.2510699999999999,0.037606540857078,0.041296491265558,0.9984389231288656,2.836864549629639,3.252195228076477,14.652536811991904,14.658401890426036,15.514911713224416
883,05/05/2023 12:21:36.848202,1081,True,True,True,True,Eyes,2.194759,0.09847613,-3.359573,-0.9071213,-0.1393436,0.3971326,0.0,0.0,0.0,0.0,0.0,0.0,0.0,2.155041,0.3277094,3.204459,2.237906,0.09320709,-3.162791,0.05312581,-0.5628881,0.08519674,0.8204123,10.54936,291.5227,4.666761,0.5368184,0.02461254,-0.8433385,0.0,0.0,0.0,1.229953,-0.06811325,-2.920742,-0.224521,-0.01165869,1.054266,0.3517972,0.07998513,0.9326527,-0.1996006,0.9798383,-0.008742325,-0.9145482,-0.1830826,0.3606695,moving,2.30119228018816,2.3548898351454066,-12.022348892760244,-0.6335844117957621,-1.007953,-0.16132034,0.2420489999999997,0.0401187301907101,0.0410559304603643,0.9983510864517195,2.978983611638073,3.2392401646591966,14.625573200105752,14.631979020548748,15.493183891876807
884,05/05/2023 12:21:36.867936,1082,True,True,True,True,Eyes,2.196157,0.09810095,-3.351207,-0.9106073,-0.1420069,0.3881086,0.0,0.0,0.0,0.0,0.0,0.0,0.0,2.184888,0.3191373,3.176831,2.239252,0.09299053,-3.15356,0.05245009,-0.5678843,0.08570628,0.8169522,10.54694,290.8253,4.694768,0.5378157,0.02460466,-0.8427032,0.0,0.0,0.0,1.227368,-0.07047512,-2.920648,-0.2204279,-0.01263824,1.055207,0.3403239,0.08046471,0.9368591,-0.199607,0.9798068,-0.01164407,-0.918878,-0.1830409,0.3495129,moving,2.4246796988445034,2.1857461511913536,-11.799150517011824,-0.6862001396570339,-1.011884,-0.16346565,0.2329120000000002,0.0422752865593358,0.0381051163265441,0.9983790362937948,3.1011049265501542,3.0661480879710825,14.504959354367026,14.51087252741975,15.365471990953688
885,05/05/2023 12:21:36.887904,1083,True,True,True,True,Eyes,2.197576,0.09772082,-3.342788,-0.9139169,-0.1446209,0.3792631,0.0,0.0,0.0,0.0,0.0,0.0,0.0,2.217499,0.3084401,3.146852,2.240654,0.09200669,-3.144219,0.05144793,-0.5733301,0.08567129,0.8132074,10.48112,290.0607,4.686693,0.5388328,0.02459205,-0.8420535,0.0,0.0,0.0,1.224836,-0.07278905,-2.920555,-0.2161652,-0.01458485,1.056245,0.327906,0.08034374,0.9412878,-0.1983303,0.9800271,-0.01456019,-0.9236573,-0.1819115,0.3372914,moving,2.620692381631234,1.950636616889842,-11.566122796873165,-0.7911017289598674,-1.015818,-0.16479574,0.2236640000000003,0.0456973186089518,0.0340028928953037,0.9983763629968074,3.294870541317965,2.825720203837982,14.44384856513205,14.44932019391035,15.294787474539444
886,05/05/2023 12:21:36.897747,1084,True,True,True,True,Eyes,2.199009,0.09736179,-3.33432,-0.9171789,-0.147271,0.3702622,0.0,0.0,0.0,0.0,0.0,0.0,0.0,2.247529,0.3169158,3.11631,2.242404,0.09148603,-3.134719,0.05295743,-0.5783079,0.08654957,0.8094842,10.71017,289.3466,4.603965,0.5398697,0.02457503,-0.8413895,0.0,0.0,0.0,1.22235,-0.07506033,-2.920465,-0.2115111,-0.01261098,1.057578,0.3161383,0.07886963,0.9454291,-0.2013724,0.9794094,-0.01436821,-0.9270954,-0.185841,0.3255109,moving,2.7808551692207546,2.015927260697463,-11.309698056669015,-0.6831852453463289,-1.020054,-0.16654636,0.2142539999999999,0.0484860685570689,0.0351359352990362,0.9982056631784813,3.45259072337881,2.8939842580269297,14.341581315662271,14.346738254109002,15.189513214102345
887,05/05/2023 12:21:36.918189,1085,True,True,True,True,Eyes,2.200468,0.09703264,-3.325772,-0.9203436,-0.1497291,0.3613155,0.0,0.0,0.0,0.0,0.0,0.0,0.0,2.279023,0.3167919,3.084718,2.2441,0.09166756,-3.124964,0.05348076,-0.5835362,0.08818586,0.8055116,10.89898,288.6028,4.652756,0.540926,0.02455458,-0.8407115,0.0,0.0,0.0,1.219802,-0.0773889,-2.920372,-0.2070745,-0.008537852,1.058958,0.3034175,0.07965352,0.9495227,-0.2044854,0.9787261,-0.01676057,-0.9306577,-0.189078,0.3132506,moving,2.9769987183689466,2.042750274690091,-11.064317313930342,-0.4619373823262865,-1.024298,-0.16905646,0.2045919999999998,0.0519021397296622,0.0355971226637886,0.9980175593332824,3.645868136587655,2.922937782825863,14.258548051069054,14.262959586920074,15.094599559852362
888,05/05/2023 12:21:36.937939,1086,True,True,True,True,Eyes,2.201947,0.0967247,-3.317163,-0.9234804,-0.1521205,0.3521976,0.0,0.0,0.0,0.0,0.0,0.0,0.0,2.310519,0.3022564,3.053905,2.2459,0.09197934,-3.115072,0.05215224,-0.5890157,0.08855283,0.8015604,10.83168,287.8265,4.70265,0.5420004,0.0245318,-0.8400199,0.0,0.0,0.0,1.217216,-0.07975188,-2.920277,-0.202196,-0.004040691,1.060426,0.2904379,0.08052392,0.9534997,-0.2033978,0.9788771,-0.02071168,-0.9350268,-0.1879243,0.3006814,moving,3.1749552992497843,1.8154707594000417,-10.795251673510236,-0.2183211465367163,-1.0286839999999997,-0.17173122,0.194795,0.0553573487280578,0.0316320590323753,0.997965341048146,3.841531420682604,2.6905761169800746,14.11444137082735,14.117471175051378,14.923039323011407
889,05/05/2023 12:21:36.947992,1087,True,True,True,True,Eyes,2.203435,0.09642747,-3.308504,-0.926457,-0.1543147,0.3433138,0.0,0.0,0.0,0.0,0.0,0.0,0.0,2.341607,0.2952299,3.021739,2.247776,0.09218489,-3.104866,0.05179437,-0.5944493,0.08908986,0.7975027,10.86707,287.0468,4.703011,0.5430925,0.02450747,-0.8393149,0.0,0.0,0.0,1.21467,-0.08207891,-2.920185,-0.1971951,0.002908888,1.062254,0.2773862,0.08052057,0.9573784,-0.2036771,0.9787607,-0.02330649,-0.938921,-0.1885311,0.2878949,moving,3.3993710411732074,1.7026016117888751,-10.516579566863673,0.1568989986124059,-1.033106,-0.1742638,0.1846809999999998,0.0592693282162706,0.0296593980253092,0.9978012986547462,4.063006171052938,2.5760625454351307,13.999252887152164,14.001531269604142,14.77892663746381
890,05/05/2023 12:21:36.967716,1088,True,True,True,True,Eyes,2.204942,0.09613673,-3.29978,-0.929388,-0.1563738,0.3343426,0.0,0.0,0.0,0.0,0.0,0.0,0.0,2.369228,0.2850255,2.991708,2.249535,0.09214703,-3.094495,0.05093721,-0.5995579,0.08882611,0.7937542,10.79969,286.3107,4.66754,0.544202,0.024482,-0.8385966,0.0,0.0,0.0,1.212018,-0.08450219,-2.920088,-0.1920583,0.006593111,1.063982,0.2652806,0.07993257,0.9608521,-0.2020918,0.9790306,-0.02564953,-0.942754,-0.187376,0.2758716,moving,3.5676607648113032,1.5014333782088367,-10.232218119786069,0.3550366445947119,-1.0375169999999998,-0.17664922,0.1744070000000004,0.0622059089949377,0.0261512098351181,0.997720568674152,4.2293650168589,2.370347743097169,13.845613563099862,13.84741429655362,14.601330954465803
891,05/05/2023 12:21:36.987568,1089,True,True,True,True,Eyes,2.206497,0.09594481,-3.29089,-0.9321364,-0.1584962,0.3255773,0.0,0.0,0.0,0.0,0.0,0.0,0.0,2.3916,0.2768095,2.965222,2.251429,0.09199417,-3.084076,0.05024032,-0.6040068,0.08840579,0.790466,10.73238,285.6659,4.616175,0.5453287,0.02445568,-0.8378652,0.0,0.0,0.0,1.209451,-0.08684839,-2.919994,-0.1873972,0.009163106,1.065824,0.2547205,0.07907254,0.9637765,-0.2004545,0.9793207,-0.02736888,-0.9460103,-0.1862219,0.2653036,moving,3.659853944635273,1.3046243514477198,-9.97203545397605,0.4925713502795121,-1.0419779999999998,-0.1788425599999999,0.164082,0.0638165889257755,0.0227216123149945,0.9977028932534852,4.3207044826376615,2.1685854398654083,13.654562179296912,13.656055017928056,14.390671913575227
892,05/05/2023 12:21:36.997512,1090,True,True,True,True,Eyes,2.208051,0.09571526,-3.281944,-0.9349316,-0.1600298,0.3166913,0.0,0.0,0.0,0.0,0.0,0.0,0.0,2.409338,0.2720411,2.941966,2.253569,0.0940013,-3.073543,0.05024794,-0.6077091,0.09009295,0.7874314,10.87309,285.1303,4.720153,0.546473,0.02443115,-0.8371199,0.0,0.0,0.0,1.206902,-0.08917727,-2.919901,-0.1822536,0.01087989,1.067668,0.245146,0.08081176,0.9661123,-0.2029563,0.9787168,-0.03036698,-0.9480044,-0.1886342,0.2563297,moving,3.66082729382597,1.349867249516568,-9.68716066338204,0.583842732334064,-1.0466670000000002,-0.1831785699999999,0.153642,0.0638323788738268,0.0235094064428487,0.9976836914966104,4.321557315562472,2.215121589442815,13.368285851592628,13.369950488565571,14.103377259481263
893,05/05/2023 12:21:37.018046,1091,True,True,True,True,Eyes,2.209666,0.09540078,-3.272878,-0.9375255,-0.1618543,0.3079759,0.0,0.0,0.0,0.0,0.0,0.0,0.0,2.432701,0.2246566,2.91693,2.255071,0.09276351,-3.063174,0.0442018,-0.6128187,0.08675225,0.7842024,10.11667,284.4106,4.771408,0.5476353,0.02440729,-0.8363608,0.0,0.0,0.0,1.204282,-0.09157115,-2.919806,-0.1777273,0.01207267,1.06968,0.2338545,0.08188726,0.9688171,-0.190238,0.9810405,-0.0370005,-0.9534786,-0.1756531,0.2449988,moving,3.777159939328648,0.4692531685119874,-9.433515385847624,0.646626720814735,-1.050789,-0.1843346599999999,0.1433680000000001,0.0658739386027852,0.0081721324984178,0.99779450440606,4.438302554921502,1.31027884348916,13.211141614264418,13.211866027336097,13.887684008565808
894,05/05/2023 12:21:37.037685,1092,True,True,True,True,Eyes,2.211315,0.09514677,-3.26374,-0.9399332,-0.1642031,0.2992707,0.0,0.0,0.0,0.0,0.0,0.0,0.0,2.449916,0.2507859,2.891485,2.257773,0.09031405,-3.052863,0.0476765,-0.6162471,0.0882668,0.7811373,10.56041,283.8864,4.617276,0.5488156,0.02438192,-0.8355874,0.0,0.0,0.0,1.201714,-0.09391832,-2.919712,-0.1728846,0.0121334,1.071684,0.2248972,0.079136,0.9711637,-0.196658,0.9798718,-0.03430453,-0.9543307,-0.1832721,0.2359331,moving,3.79945993249106,0.7856161173056591,-9.164032303360234,0.6486640739197602,-1.056059,-0.18423237,0.1331509999999998,0.0662582945004098,0.0136810282636704,0.997708724160456,4.459538423085481,1.6357929563864628,12.963277562453545,12.964215626529988,13.65928631990224
895,05/05/2023 12:21:37.048031,1093,True,True,True,True,Eyes,2.212965,0.09492753,-3.254489,-0.9423003,-0.1659583,0.2907369,0.0,0.0,0.0,0.0,0.0,0.0,0.0,2.466276,0.2721874,2.865924,2.260175,0.0916599,-3.041929,0.05121505,-0.6192782,0.09512665,0.7777035,11.38963,283.4336,4.946526,0.5500146,0.02435672,-0.8347996,0.0,0.0,0.0,1.198895,-0.09649452,-2.919609,-0.1685185,0.01139671,1.074196,0.214891,0.08452792,0.9729733,-0.2113933,0.9766559,-0.03815947,-0.9534857,-0.1974799,0.2277432,moving,3.8061868363371576,1.4941541851841171,-8.915820606514968,0.6078582350053267,-1.0612799999999998,-0.18815442,0.1223200000000002,0.0663591708986285,0.0260174794771408,0.9974565198242444,4.464499653188711,2.3645249331128757,12.750874518458518,12.752842580667584,13.495141649515087
896,05/05/2023 12:21:37.068088,1094,True,True,True,True,Eyes,2.214684,0.09464765,-3.245191,-0.9445378,-0.1679566,0.2822034,0.0,0.0,0.0,0.0,0.0,0.0,0.0,2.480175,0.2089009,2.849021,2.261673,0.09205472,-3.031204,0.04312926,-0.6233107,0.09289347,0.7752385,10.52554,282.8853,5.267634,0.5512316,0.0243326,-0.8339972,0.0,0.0,0.0,1.19645,-0.09872814,-2.91952,-0.1638021,0.01134973,1.076208,0.205709,0.09026331,0.9744416,-0.197795,0.9790213,-0.04893209,-0.9584159,-0.1826739,0.2192471,moving,3.757429132063282,0.4928326445390782,-8.65417134181806,0.6042210436830122,-1.065223,-0.19078286,0.1116839999999999,0.0655300945988262,0.0085829575215416,0.9978135966331648,4.418798144135772,1.3343911995708029,12.411484913757135,12.4121002936133,13.093344860547637
897,05/05/2023 12:21:37.087827,1095,True,True,True,True,Eyes,2.216419,0.09440655,-3.235809,-0.9465874,-0.1702747,0.2738228,0.0,0.0,0.0,0.0,0.0,0.0,0.0,2.494349,0.2154983,2.827186,2.264703,0.09018343,-3.020625,0.04407466,-0.6265697,0.09420291,0.7723948,10.72734,282.3972,5.272806,0.5524668,0.02430791,-0.8331802,0.0,0.0,0.0,1.193978,-0.1009877,-2.91943,-0.160014,0.01221593,1.078366,0.1970724,0.09029199,0.9762223,-0.2007554,0.9783665,-0.04996333,-0.9596145,-0.1861355,0.2109356,moving,3.7494881136262,0.5604346303621761,-8.440282095745857,0.6490294522934352,-1.070725,-0.19117113,0.1011949999999997,0.065391102751378,0.0097603393345106,0.9978120286685884,4.410811312362755,1.4038600442535727,12.189377852011956,12.19009215714826,12.873242443397528
898,05/05/2023 12:21:37.097667,1096,True,True,True,True,Eyes,2.218172,0.0942246,-3.226368,-0.9486014,-0.1723334,0.2654369,0.0,0.0,0.0,0.0,0.0,0.0,0.0,2.510529,0.2350238,2.801639,2.267004,0.09109645,-3.009912,0.04731347,-0.6297169,0.09928422,0.7689999,11.40892,281.9183,5.450621,0.55372,0.02428371,-0.8323486,0.0,0.0,0.0,1.191399,-0.1033437,-2.919336,-0.1568206,0.01416699,1.080872,0.1871986,0.09311092,0.9778993,-0.2122873,0.9758081,-0.05227378,-0.9591094,-0.19781,0.2024362,moving,3.7819671984671865,1.110372830033488,-8.255275700159782,0.7509328191580491,-1.075605,-0.1944401499999999,0.0905759999999999,0.0659475306874477,0.019336265259403,0.997635803668441,4.441530432014219,1.9696620115726808,12.041173558078544,12.042608260753294,12.755163142918043
899,05/05/2023 12:21:37.117645,1097,True,True,True,True,Eyes,2.219974,0.09410331,-3.216807,-0.9504973,-0.1745929,0.257045,0.0,0.0,0.0,0.0,0.0,0.0,0.0,2.523486,0.199968,2.782739,2.269162,0.09230482,-2.998998,0.04313443,-0.6332762,0.1000591,0.7662172,11.11803,281.4151,5.773139,0.5549909,0.02426145,-0.8315023,0.0,0.0,0.0,1.188783,-0.1057346,-2.91924,-0.1539651,0.01224026,1.083525,0.1778988,0.09870198,0.9790863,-0.207966,0.9762552,-0.0606294,-0.9618223,-0.1928308,0.1942013,moving,3.74687166714633,0.6683343782692307,-8.087387293727732,0.64722586698923,-1.0803790000000002,-0.19803942,0.079758,0.0653442172852942,0.0116394411815697,0.9977948620528434,4.407978008739885,1.5148096328465983,11.833514352731122,11.83427778625618,12.52544832063471
900,05/05/2023 12:21:37.137687,1098,True,True,True,True,Eyes,2.221787,0.09400827,-3.207189,-0.9523575,-0.1767356,0.2485554,0.0,0.0,0.0,0.0,0.0,0.0,0.0,2.539535,0.1944861,2.7592,2.271914,0.0935249,-2.988295,0.04306098,-0.6367623,0.1038487,0.7628206,11.41707,280.9003,6.066798,0.5562804,0.02424255,-0.8306407,0.0,0.0,0.0,1.186082,-0.108203,-2.919142,-0.1500235,0.009665462,1.0864,0.1674988,0.1035966,0.9804142,-0.213275,0.9747224,-0.06655819,-0.9625269,-0.1979494,0.1853593,moving,3.776585320920344,0.8212836239337565,-7.862381740155091,0.5097345075561905,-1.085832,-0.2017279,0.069153,0.0658593951235583,0.0143024934370117,0.9977264383277676,4.436906650303573,1.672315138069516,11.642422516408734,11.64313605094068,12.354112215538438
901,05/05/2023 12:21:37.147732,1099,True,True,True,True,Eyes,2.223641,0.09394652,-3.197427,-0.9540983,-0.1790317,0.2400919,0.0,0.0,0.0,0.0,0.0,0.0,0.0,2.558311,0.1801943,2.732479,2.274,0.09405193,-2.977239,0.04166232,-0.6410159,0.1043029,0.7592652,11.36071,280.2659,6.146592,0.5575879,0.02422735,-0.8297639,0.0,0.0,0.0,1.183751,-0.1103332,-2.919057,-0.1467053,0.01242134,1.08918,0.1564388,0.1049747,0.9820933,-0.2117995,0.9747703,-0.07045413,-0.9647112,-0.1969851,0.1747255,moving,3.8844519568513096,0.6114646592028313,-7.671191642849704,0.6533901711317288,-1.090249,-0.20438513,0.0581819999999999,0.0677407131677158,0.010647355464519,0.9976461625819704,4.543726250853635,1.4572822634527205,11.555005928743933,11.555719655298908,12.241342313897206
902,05/05/2023 12:21:37.167858,1100,True,True,True,True,Eyes,2.2255,0.09392829,-3.187625,-0.9557402,-0.1813974,0.231637,0.0,0.0,0.0,0.0,0.0,0.0,0.0,2.571591,0.1926467,2.709324,2.27656,0.09461319,-2.966302,0.04377937,-0.644169,0.105865,0.7562556,11.68942,279.7751,6.079941,0.558914,0.0242164,-0.8288717,0.0,0.0,0.0,1.18118,-0.1126826,-2.918963,-0.1431836,0.01389604,1.092382,0.1476779,0.1037193,0.9835821,-0.2165246,0.973752,-0.07017305,-0.9650433,-0.2026066,0.1662595,moving,3.8924848416097024,0.8069206387129082,-7.467454011958409,0.7288123585356652,-1.09538,-0.2072957899999999,0.047339,0.0678777300742426,0.0140504764571482,0.9975947294683823,4.551183786499656,1.6583519735606242,11.35922412496752,11.360207377519066,12.05453020347229
903,05/05/2023 12:21:37.188130,1101,True,True,True,True,Eyes,2.227377,0.09395783,-3.177704,-0.9573447,-0.1835096,0.2231938,0.0,0.0,0.0,0.0,0.0,0.0,0.0,2.583088,0.2000825,2.687649,2.278557,0.09567909,-2.95548,0.04526697,-0.6471375,0.1070584,0.7534602,11.93353,279.3129,6.027748,0.5602579,0.02421041,-0.8279641,0.0,0.0,0.0,1.178436,-0.1151901,-2.918863,-0.1396293,0.01026262,1.096036,0.1395032,0.1027406,0.9848772,-0.2199164,0.9729788,-0.07034929,-0.9654923,-0.2067768,0.158328,moving,3.8658795714313623,0.9351361505057876,-7.26007793822084,0.5364674422761491,-1.100121,-0.2108691899999999,0.0366170000000001,0.0674122090460742,0.0162833554922827,0.9975923850321484,4.524656593962735,1.7900277104135371,11.132241446934614,11.13309782789623,11.851218559282954
904,05/05/2023 12:21:37.198045,1102,True,True,True,True,Eyes,2.229264,0.09401216,-3.167771,-0.9588503,-0.1857137,0.2147475,0.0,0.0,0.0,0.0,0.0,0.0,0.0,2.591808,0.1972799,2.669686,2.28067,0.09662489,-2.944965,0.04515859,-0.650032,0.1052995,0.7512199,11.81452,278.8648,5.834224,0.5616198,0.02421018,-0.8270409,0.0,0.0,0.0,1.17606,-0.117361,-2.918777,-0.1359941,0.008851557,1.099337,0.1327409,0.09949714,0.9861442,-0.2169152,0.9737455,-0.06904806,-0.9671235,-0.2047442,0.1508383,moving,3.785435117288698,0.7076414621250101,-7.051979858716449,0.4613197763242394,-1.10461,-0.21398589,0.0261879999999998,0.0660152374961623,0.0123234183406063,0.9977424951924008,4.44589775892915,1.5555033206442213,10.839689263854304,10.840213915557037,11.549823692984074
905,05/05/2023 12:21:37.217759,1103,True,True,True,True,Eyes,2.231147,0.09406491,-3.157802,-0.9603014,-0.1878084,0.2062744,0.0,0.0,0.0,0.0,0.0,0.0,0.0,2.603546,0.2161143,2.647268,2.282822,0.09733736,-2.934695,0.04809107,-0.6529554,0.1054899,0.7484707,12.10769,278.3905,5.582178,0.5629986,0.02421578,-0.8261027,0.0,0.0,0.0,1.173352,-0.119836,-2.918678,-0.1335004,0.005440363,1.1028,0.1250422,0.09510946,0.9875822,-0.2207148,0.9731183,-0.06577082,-0.9672898,-0.2097498,0.1426729,moving,3.771658460189191,0.8972914417285613,-6.902403360893883,0.2826508072994991,-1.10947,-0.2171733599999999,0.0160170000000001,0.0657722919291707,0.0156261397412516,0.9977122488067642,4.431871096434764,1.7504498504791788,10.691135653717556,10.6917434906471,11.428919962324164
906,05/05/2023 12:21:37.237799,1104,True,True,True,True,Eyes,2.233047,0.09409395,-3.147845,-0.9616419,-0.1900868,0.1977673,0.0,0.0,0.0,0.0,0.0,0.0,0.0,2.616485,0.2271329,2.623817,2.284613,0.09732589,-2.924563,0.0498145,-0.6562703,0.1037852,0.7456919,12.15252,277.8581,5.246988,0.5643935,0.02422661,-0.8251499,0.0,0.0,0.0,1.170931,-0.1220477,-2.91859,-0.1326579,0.002445773,1.105925,0.1170758,0.08939993,0.989091,-0.220167,0.9734944,-0.0619297,-0.968411,-0.2105148,0.1336555,moving,3.7864505048122616,0.8283763285951373,-6.840061443737855,0.1267104388578598,-1.1136819999999998,-0.21937359,0.005973,0.0660310647295848,0.0144258387104242,0.997713302500933,4.446614145952846,1.6796783159335744,10.64915909953086,10.649652163967572,11.39301343342265
907,05/05/2023 12:21:37.247549,1105,True,True,True,True,Eyes,2.234946,0.09410143,-3.137895,-0.962903,-0.192459,0.1891491,0.0,0.0,0.0,0.0,0.0,0.0,0.0,2.630821,0.2537257,2.598124,2.28695,0.09687601,-2.914843,0.05374981,-0.6593927,0.1046511,0.7425365,12.58189,277.3362,4.968605,0.5658036,0.02424156,-0.8241832,0.0,0.0,0.0,1.168377,-0.1243822,-2.918496,-0.1338867,0.001802718,1.109705,0.1084989,0.08452999,0.9904962,-0.2262989,0.9723183,-0.05818988,-0.9679964,-0.2178347,0.1246245,moving,3.8199880264401287,1.1351027288023343,-6.879524458682871,0.0930770269513499,-1.118573,-0.22125821,-0.0036530000000003,0.0666089717750946,0.0197659895286642,0.9975833732865778,4.478949662781518,1.9953602338303904,10.749198288407907,10.750134184400723,11.516666868810187
908,05/05/2023 12:21:37.268065,1106,True,True,True,True,Eyes,2.236833,0.09409247,-3.127965,-0.9640805,-0.1948903,0.180462,0.0,0.0,0.0,0.0,0.0,0.0,0.0,2.647788,0.2669573,2.570382,2.288824,0.0964095,-2.905323,0.0560176,-0.6629055,0.1064643,0.7389748,12.94072,276.7668,4.890125,0.5672269,0.02425963,-0.8232039,0.0,0.0,0.0,1.165802,-0.1267349,-2.918403,-0.1324476,-0.01347297,1.112619,0.09844325,0.08308019,0.9916687,-0.2316177,0.9710547,-0.05836041,-0.9678132,-0.2239428,0.1148367,moving,3.892140279025236,1.350665106145299,-6.788616961187968,-0.6937744104791524,-1.123022,-0.2231444,-0.0130799999999999,0.0678596560545179,0.0235170346696318,0.9974176603203144,4.549562909932559,2.217555196281353,10.872440161851106,10.87466358842895,11.705988333715482
909,05/05/2023 12:21:37.287713,1107,True,True,True,True,Eyes,2.238687,0.09408378,-3.11804,-0.9652132,-0.1971748,0.1717137,0.0,0.0,0.0,0.0,0.0,0.0,0.0,2.666152,0.2634345,2.542347,2.290494,0.09602773,-2.895808,0.056104,-0.6667416,0.1086947,0.7351828,13.14616,276.1673,5.008005,0.5686625,0.02428011,-0.8222123,0.0,0.0,0.0,1.16323,-0.1290856,-2.918309,-0.132848,-0.004348639,1.116512,0.08728232,0.08500721,0.9925502,-0.2346347,0.9700755,-0.06244917,-0.9681574,-0.2274359,0.1046161,moving,3.982269072815888,1.405823626289324,-6.785427754079292,-0.2231569400432554,-1.1272639999999998,-0.22511333,-0.0225009999999996,0.0694269588973958,0.0244745902461769,0.9972867740963536,4.638273773139042,2.274910641118536,10.888555200895224,10.89021912733705,11.69364349649082
910,05/05/2023 12:21:37.297982,1108,True,True,True,True,Eyes,2.240499,0.09409457,-3.108128,-0.9663078,-0.1992846,0.1628952,0.0,0.0,0.0,0.0,0.0,0.0,0.0,2.686315,0.2487721,2.512429,2.291608,0.09600258,-2.886137,0.05479217,-0.6709892,0.1108114,0.7310898,13.22776,275.5142,5.215858,0.5701088,0.02430277,-0.8212094,0.0,0.0,0.0,1.160658,-0.1314351,-2.918215,-0.1347639,0.009822598,1.120605,0.07498875,0.08849627,0.9932498,-0.2355561,0.9694373,-0.06859051,-0.9689634,-0.2288225,0.09354271,moving,4.112601426442746,1.3358373585681316,-6.857455505144507,0.5022099635656089,-1.13095,-0.22743768,-0.0320779999999998,0.0716974240147853,0.0232526507865025,0.9971553319027512,4.766908560525003,2.203843215658778,11.00019988304082,11.001685494321505,11.748250748765017
911,05/05/2023 12:21:37.317847,1109,True,True,True,True,Eyes,2.242262,0.09408373,-3.098259,-0.9674006,-0.2010108,0.1540485,0.0,0.0,0.0,0.0,0.0,0.0,0.0,2.703211,0.2267764,2.485964,2.292511,0.09644365,-2.876435,0.05236406,-0.6750335,0.1111783,0.7274802,13.0785,274.8985,5.364419,0.5715645,0.02432792,-0.8201962,0.0,0.0,0.0,1.158111,-0.1337633,-2.918122,-0.1372044,-0.008334976,1.123715,0.0639385,0.09106501,0.9937903,-0.232455,0.9697948,-0.0739105,-0.9705033,-0.2262858,0.08317575,moving,4.183165869946335,1.0658526597803517,-6.961296530684738,-0.4249744726105519,-1.1344000000000003,-0.23020695,-0.041687,0.0729326252802615,0.0185520288455079,0.9971644083824364,4.837100794692047,1.926673690997993,11.242463328291532,11.243736377990752,12.030479148099694
912,05/05/2023 12:21:37.337642,1110,True,True,True,True,Eyes,2.243988,0.09407096,-3.088413,-0.9684019,-0.2027509,0.1452232,0.0,0.0,0.0,0.0,0.0,0.0,0.0,2.718697,0.2102853,2.459849,2.293112,0.09580487,-2.866853,0.05039732,-0.6789651,0.1099676,0.7241367,12.84518,274.29,5.345335,0.5730271,0.02435474,-0.8191742,0.0,0.0,0.0,1.15556,-0.1360939,-2.918029,-0.1388555,-0.003841956,1.128109,0.05382724,0.09082711,0.9944111,-0.2276991,0.9707345,-0.0763392,-0.9722428,-0.2223174,0.07293323,moving,4.2366208348866,0.7239666699970663,-7.017067868020488,-0.1951292054475871,-1.137552,-0.2318987699999999,-0.0511760000000003,0.0738697526079441,0.0126007446518422,0.9971882600976204,4.890597471014215,1.5754390775484053,11.290639390324408,11.291157896788,12.038579894289851
913,05/05/2023 12:21:37.347525,1111,True,True,True,True,Eyes,2.245655,0.09410617,-3.078642,-0.969309,-0.2044746,0.1364922,0.0,0.0,0.0,0.0,0.0,0.0,0.0,2.728544,0.227308,2.437214,2.293989,0.09579752,-2.857459,0.05298197,-0.6817096,0.1090782,0.7215032,13.01303,273.8211,5.014545,0.5744954,0.02438303,-0.8181442,0.0,0.0,0.0,1.15294,-0.1384883,-2.917933,-0.1399821,0.007662729,1.132543,0.04674802,0.0851639,0.9952696,-0.2296371,0.9705897,-0.07226598,-0.9721529,-0.2251726,0.06492992,moving,4.193608978668591,0.8195285069341728,-7.046012056065944,0.3876544483845036,-1.1410489999999998,-0.23428582,-0.0604740000000001,0.073119508572449,0.0142646960455465,0.9972211269823016,4.847975088595947,1.6734182337665615,11.247296756133212,11.247915193799034,11.96328210438851
914,05/05/2023 12:21:37.367924,1112,True,True,True,True,Eyes,2.247247,0.09416959,-3.068917,-0.9702106,-0.2058462,0.1277452,0.0,0.0,0.0,0.0,0.0,0.0,0.0,2.738762,0.2343207,2.41469,2.29431,0.09723404,-2.848357,0.05452351,-0.6844593,0.1094968,0.7187164,13.19501,273.3614,4.876033,0.5759672,0.02441389,-0.8171079,0.0,0.0,0.0,1.15038,-0.1408281,-2.91784,-0.14258,0.0001508947,1.136786,0.0390521,0.08275602,0.9958044,-0.2320325,0.9700753,-0.07151827,-0.9719238,-0.228266,0.05708555,moving,4.145824451013327,0.9362952918156018,-7.148922495598855,0.0076053271329131,-1.14393,-0.23806214,-0.0694829999999999,0.0722855635190249,0.0162979614820394,0.9972508592566404,4.800598271494398,1.7931720099336173,11.332163122547454,11.332862552705189,12.082189161816697
915,05/05/2023 12:21:37.388486,1113,True,True,True,True,Eyes,2.248788,0.0942244,-3.059279,-0.9709977,-0.207316,0.1190949,0.0,0.0,0.0,0.0,0.0,0.0,0.0,2.749984,0.2186336,2.392993,2.294188,0.09792455,-2.839672,0.05257958,-0.6878521,0.1062848,0.7160995,12.79838,272.8326,4.699074,0.5774409,0.02444782,-0.8160661,0.0,0.0,0.0,1.147794,-0.1431905,-2.917746,-0.1436443,0.004319197,1.14193,0.03112619,0.0798871,0.9963177,-0.224555,0.9718778,-0.07091207,-0.9739642,-0.2215209,0.04818989,moving,4.121600362314799,0.4659485825772209,-7.169625012051643,0.2167125645716883,-1.146394,-0.24111505,-0.0780739999999999,0.0718711093693497,0.0081112169091077,0.9973809724802112,4.777828639070711,1.3092822517852938,11.293778395688264,11.29397578567476,11.997306250452011
916,05/05/2023 12:21:37.397693,1114,True,True,True,True,Eyes,2.250258,0.0943174,-3.049688,-0.9716741,-0.2089297,0.1104444,0.0,0.0,0.0,0.0,0.0,0.0,0.0,2.76211,0.2368394,2.366924,2.294482,0.09792109,-2.830801,0.0555003,-0.6908006,0.1064713,0.7130065,13.0761,272.3199,4.424803,0.5789142,0.02448426,-0.8150206,0.0,0.0,0.0,1.145212,-0.14555,-2.917652,-0.1432179,0.001321625,1.146563,0.02291686,0.07515015,0.9969089,-0.2285087,0.9711672,-0.06795671,-0.9732721,-0.226245,0.03942856,moving,4.1368518415040985,0.6678115914179308,-7.119974219002711,0.0660439078023069,-1.14927,-0.24347109,-0.0868509999999997,0.072134100004882,0.0116248853933011,0.9973272658963748,4.792386516893467,1.5169915115019146,11.272552293975124,11.272899241169034,12.000399462134691
917,05/05/2023 12:21:37.417543,1115,True,True,True,True,Eyes,2.251645,0.0944427,-3.040184,-0.9722809,-0.2104453,0.1018957,0.0,0.0,0.0,0.0,0.0,0.0,0.0,2.773878,0.2530783,2.340969,2.294275,0.09899013,-2.822249,0.0583773,-0.693624,0.1073429,0.7098982,13.40278,271.8236,4.210495,0.580386,0.02452399,-0.8139719,0.0,0.0,0.0,1.142672,-0.1478712,-2.917559,-0.1446579,0.00597436,1.151483,0.01472658,0.07142128,0.9973376,-0.2333888,0.9701391,-0.06602733,-0.972272,-0.2317951,0.03095577,moving,4.145241734314352,0.9209203270988912,-7.160412089557371,0.297271033763355,-1.151603,-0.24686133,-0.09531,0.0722757339987612,0.0160303663374478,0.9972559110406,4.800060110328946,1.7773558006172088,11.322146095430687,11.32284181759611,12.05170303987475
918,05/05/2023 12:21:37.437582,1116,True,True,True,True,Eyes,2.252951,0.09457001,-3.030728,-0.9728022,-0.2120102,0.09331501,0.0,0.0,0.0,0.0,0.0,0.0,0.0,2.784902,0.2524458,2.317107,2.293657,0.09995374,-2.813812,0.05871233,-0.6966927,0.1060184,0.7070589,13.34127,271.3159,4.014148,0.5818542,0.02456754,-0.8129216,0.0,0.0,0.0,1.140109,-0.1502133,-2.917466,-0.1466413,0.008441061,1.156026,0.006758884,0.06811364,0.9976546,-0.2317314,0.9706259,-0.06469836,-0.9727563,-0.2307507,0.02234443,moving,4.13387032139018,0.7817898541683,-7.229329767565483,0.4183544098157194,-1.153548,-0.25016704,-0.1036540000000001,0.0720803968263064,0.0136088931225776,0.9973060466785112,4.789179033667723,1.634189909250307,11.368413398405924,11.369010580690556,12.079851396726925
919,05/05/2023 12:21:37.447960,1117,True,True,True,True,Eyes,2.254173,0.09470139,-3.021382,-0.9732329,-0.2135912,0.08483157,0.0,0.0,0.0,0.0,0.0,0.0,0.0,2.797694,0.2634472,2.2895,2.293034,0.1001641,-2.805399,0.06073402,-0.6998148,0.1060667,0.7037901,13.52928,270.7745,3.791584,0.5833175,0.02461461,-0.8118709,0.0,0.0,0.0,1.137595,-0.1525107,-2.917374,-0.1493124,0.003450556,1.160665,-0.001981712,0.06429233,0.9979292,-0.2343026,0.9701224,-0.06296615,-0.9721618,-0.2339422,0.01314132,moving,4.178335939356087,0.8893249002503083,-7.3304878999628516,0.1703348626276657,-1.155439,-0.2526748,-0.1119750000000001,0.0728523633883554,0.0154797799450433,0.997222534437574,4.832755841321718,1.7450927531256628,11.530635651204946,11.531260678636857,12.264760932182249
920,05/05/2023 12:21:37.467781,1118,True,True,True,True,Eyes,2.255302,0.09483072,-3.012078,-0.9735788,-0.2152135,0.0763372,0.0,0.0,0.0,0.0,0.0,0.0,0.0,2.810653,0.272218,2.261328,2.292178,0.1005082,-2.797015,0.06244755,-0.7030438,0.1056893,0.7004709,13.65611,270.2158,3.555243,0.5847738,0.02466494,-0.8108211,0.0,0.0,0.0,1.134986,-0.1548948,-2.917279,-0.1503172,0.006746975,1.16568,-0.01088158,0.06025787,0.9981236,-0.2358713,0.9698602,-0.06112304,-0.9717234,-0.2360938,0.003659494,moving,4.2339730319338535,0.9334338626465966,-7.347877090094438,0.3316252103380961,-1.1571919999999998,-0.255403,-0.1202640000000001,0.0738197853377864,0.0162463249849898,0.9971392052831416,4.887493933254508,1.79084392219458,11.596729533129334,11.597474979628975,12.322078693468857
921,05/05/2023 12:21:37.487903,1119,True,True,True,True,Eyes,2.25633,0.09493089,-3.002861,-0.973852,-0.216766,0.06800623,0.0,0.0,0.0,0.0,0.0,0.0,0.0,2.821515,0.2832322,2.234778,2.291048,0.1006152,-2.788615,0.06445245,-0.7059206,0.1057199,0.6973847,13.83673,269.7076,3.333376,0.5862218,0.02471818,-0.8097732,0.0,0.0,0.0,1.132409,-0.15725,-2.917185,-0.1503567,0.005392259,1.170385,-0.01900132,0.05645827,0.9982243,-0.2384516,0.9693384,-0.05936343,-0.9709687,-0.2391561,-0.004956048,moving,4.25316253634086,1.037661442148588,-7.320561511225296,0.2639742450042389,-1.158639,-0.2578652,-0.1285699999999998,0.0741514419544285,0.018059763335085,0.9970834832566292,4.906163621747254,1.8981689897535876,11.598678701435173,11.59955517286056,12.335452968619718
922,05/05/2023 12:21:37.497952,1120,True,True,True,True,Eyes,2.257268,0.09498346,-2.993679,-0.9740204,-0.2184333,0.0597595,0.0,0.0,0.0,0.0,0.0,0.0,0.0,2.830284,0.2895848,2.21093,2.28959,0.1000688,-2.780349,0.06557614,-0.7086153,0.1047159,0.6946933,13.85805,269.2404,3.102939,0.5876598,0.02477329,-0.8087284,0.0,0.0,0.0,1.129653,-0.159768,-2.917084,-0.1494794,0.01248591,1.175886,-0.02620216,0.05255442,0.9982743,-0.2384275,0.9694687,-0.05729603,-0.9708069,-0.2395173,-0.01287171,moving,4.227035915375377,0.9793108839938148,-7.244620308835661,0.6083608971175908,-1.159937,-0.2598368,-0.1367349999999998,0.0736980810918372,0.0170448892036555,0.9971349500447348,4.880547848436614,1.837977062380085,11.476609294398756,11.477652217210771,12.18735651222218
923,05/05/2023 12:21:37.517483,1121,True,True,True,True,Eyes,2.258111,0.09503446,-2.98455,-0.9740685,-0.2202585,0.05173569,0.0,0.0,0.0,0.0,0.0,0.0,0.0,2.835427,0.3049946,2.190257,2.288353,0.09901823,-2.771918,0.06802188,-0.7105224,0.1056785,0.6923605,14.14432,268.8809,2.936328,0.5890874,0.02482884,-0.8076875,0.0,0.0,0.0,1.127189,-0.1620197,-2.916995,-0.1474003,0.01878738,1.180778,-0.03201993,0.04967316,0.9982522,-0.2429974,0.9684101,-0.0559826,-0.9694983,-0.2443652,-0.01893794,moving,4.123647977483719,1.1776484614807796,-7.11560642971316,0.9115572603379573,-1.161164,-0.26103793,-0.1450770000000001,0.071894000621647,0.020499210293708,0.9972015173405144,4.778169998258726,2.041233313310712,11.240632772644387,11.2424038424627,11.947304537143086
924,05/05/2023 12:21:37.538055,1122,True,True,True,True,Eyes,2.258847,0.09502313,-2.975455,-0.9740815,-0.2219179,0.04379036,0.0,0.0,0.0,0.0,0.0,0.0,0.0,2.839733,0.309248,2.171675,2.286815,0.0991095,-2.763429,0.06922814,-0.7122385,0.1082434,0.6900778,14.46188,268.5707,3.005998,0.5905036,0.02488478,-0.8066511,0.0,0.0,0.0,1.124763,-0.1642365,-2.916906,-0.1448132,0.02236255,1.185597,-0.0380005,0.05077889,0.9979867,-0.2480067,0.9669816,-0.05864468,-0.9680128,-0.2497359,-0.02415232,moving,3.98352756638311,1.402689822910443,-6.963823721300175,1.080576131614137,-1.162052,-0.263346,-0.153477,0.0694489534217219,0.0244200047274941,0.9972865309675684,4.639521666825083,2.2716965054022893,10.94965646181038,10.952089181798211,11.66432132363392
925,05/05/2023 12:21:37.548242,1123,True,True,True,True,Eyes,2.259497,0.09493357,-2.9664,-0.9739769,-0.2237641,0.03603661,0.0,0.0,0.0,0.0,0.0,0.0,0.0,2.844759,0.2976658,2.15408,2.285007,0.09758313,-2.755093,0.06769557,-0.7144767,0.1079282,0.6879622,14.32184,268.2187,3.06264,0.5919075,0.02493944,-0.8056197,0.0,0.0,0.0,1.122236,-0.1665458,-2.916814,-0.1413938,0.02303255,1.190286,-0.04425089,0.05176724,0.9976783,-0.2452349,0.9675376,-0.06108042,-0.9684532,-0.2473684,-0.03011925,moving,3.869387311789605,1.1573252168945458,-6.774406914778716,1.1085598180505147,-1.1627709999999998,-0.26412893,-0.161721,0.0674685230303367,0.02015173958076,0.9975178781529112,4.52759065866602,2.0185590959733046,10.641862459025038,10.643905937279488,11.338573448012353
926,05/05/2023 12:21:37.567652,1124,True,True,True,True,Eyes,2.260034,0.09478838,-2.957368,-0.973773,-0.2257436,0.02838996,0.0,0.0,0.0,0.0,0.0,0.0,0.0,2.848885,0.3129591,2.133996,2.283532,0.09569515,-2.746698,0.07025075,-0.7160347,0.1108948,0.6856105,14.78178,267.9089,3.050645,0.5932986,0.02499087,-0.8045941,0.0,0.0,0.0,1.119594,-0.1689603,-2.916718,-0.1391961,0.01824048,1.195027,-0.05000637,0.05145737,0.9974224,-0.2526652,0.9655344,-0.06247978,-0.9662606,-0.2551383,-0.03528141,moving,3.750862169270533,1.5103731329889032,-6.643842717357385,0.8744751116623455,-1.163938,-0.26465545,-0.17002,0.0653955142445205,0.0263015102051607,0.9975127445684012,4.409927370070226,2.380819253127715,10.41200912105804,10.41413731298053,11.155935900597337
927,05/05/2023 12:21:37.587835,1125,True,True,True,True,Eyes,2.260458,0.09460007,-2.948385,-0.9735349,-0.2275766,0.0209409,0.0,0.0,0.0,0.0,0.0,0.0,0.0,2.85259,0.3170266,2.114999,2.281326,0.09426294,-2.738186,0.07126636,-0.7176824,0.1134495,0.6833611,15.08447,267.6082,3.132406,0.5946766,0.02503794,-0.8035748,0.0,0.0,0.0,1.117034,-0.1712998,-2.916624,-0.1370589,0.01230379,1.199185,-0.05587769,0.05276072,0.9970427,-0.2573471,0.9641007,-0.06544012,-0.9647021,-0.2602428,-0.04029396,moving,3.629170307434584,1.7087594816054728,-6.520234976456807,0.5878413286118686,-1.164292,-0.26556274,-0.1784380000000003,0.0632705839569543,0.0297593105442551,0.9975525291031327,4.28950704791968,2.583998019374415,10.208977466102668,10.211115762853396,10.992504908693338
928,05/05/2023 12:21:37.597562,1126,True,True,True,True,Eyes,2.260761,0.09435853,-2.939424,-0.9732394,-0.2293908,0.01359289,0.0,0.0,0.0,0.0,0.0,0.0,0.0,2.853683,0.3121299,2.100589,2.27895,0.09307382,-2.729674,0.07075228,-0.7192143,0.114002,0.6817101,15.09669,267.3553,3.186065,0.5960405,0.02507995,-0.8025622,0.0,0.0,0.0,1.114297,-0.1738005,-2.916524,-0.1368945,0.01350045,1.203712,-0.06053121,0.05366055,0.9967231,-0.2572047,0.9639953,-0.06751867,-0.9644595,-0.2604488,-0.04455009,moving,3.4498251670387208,1.6230387524994108,-6.488197950496034,0.6425842518341695,-1.164653,-0.26687432,-0.1868499999999997,0.0601503744353341,0.0282722946887476,0.99778877790035,4.11292677276602,2.494589190187109,9.984338921479676,9.986270300393931,10.761680523498253
929,05/05/2023 12:21:37.617807,1127,True,True,True,True,Eyes,2.260929,0.09409581,-2.930476,-0.972957,-0.2308999,0.006331706,0.0,0.0,0.0,0.0,0.0,0.0,0.0,2.856051,0.311057,2.083562,2.276357,0.09156823,-2.721181,0.07081933,-0.7208961,0.1148378,0.6797836,15.18021,267.0652,3.20887,0.5973897,0.02511599,-0.8015574,0.0,0.0,0.0,1.11193,-0.1759636,-2.916438,-0.1365789,0.01419739,1.207659,-0.0657579,0.0540229,0.9963723,-0.2582364,0.9635938,-0.06928854,-0.9638414,-0.2618558,-0.04941317,moving,3.315696928850784,1.625584002683398,-6.452388773288779,0.6735453099752082,-1.164427,-0.26753183,-0.1952569999999998,0.0578143397246889,0.0283205397945009,0.997925662220301,3.980709257654257,2.496271468905942,9.8124590823655,9.814370889504678,10.591121997867734
930,05/05/2023 12:21:37.637662,1128,True,True,True,True,Eyes,2.260958,0.0938054,-2.921544,-0.9726693,-0.2321933,-0.0008414984,0.0,0.0,0.0,0.0,0.0,0.0,0.0,2.857225,0.3047322,2.068208,2.27328,0.09076636,-2.71257,0.06999513,-0.7226778,0.1137441,0.6781593,15.03069,266.7755,3.152094,0.5987234,0.02514613,-0.8005608,0.0,0.0,0.0,1.109364,-0.1783082,-2.916345,-0.1353364,0.003030524,1.211472,-0.07040173,0.05310543,0.9961043,-0.2554411,0.9643259,-0.06946502,-0.9642582,-0.2593364,-0.05432486,moving,3.17152254848708,1.4122431912824105,-6.374218587976516,0.1433263606023774,-1.1639160000000002,-0.26907456,-0.2037750000000002,0.0553084940740914,0.0246080728686485,0.9981660268111132,3.839097859229673,2.2758589946963967,9.628478756897705,9.629710471637056,10.433576965080022
931,05/05/2023 12:21:37.647497,1129,True,True,True,True,Eyes,2.260843,0.09348536,-2.912626,-0.9724222,-0.2330902,-0.007999921,0.0,0.0,0.0,0.0,0.0,0.0,0.0,2.858115,0.2988692,2.052891,2.269975,0.08977549,-2.704009,0.06912112,-0.7244897,0.1119465,0.6766129,14.81771,266.4818,3.043816,0.6000409,0.02517024,-0.799573,0.0,0.0,0.0,1.106702,-0.1807408,-2.916248,-0.1333441,0.00659747,1.21571,-0.07483459,0.05133375,0.9958738,-0.2516439,0.9653805,-0.06867164,-0.9649224,-0.2557446,-0.05932608,moving,3.029454236110852,1.1609548478521423,-6.259416520574152,0.3109322747015495,-1.163273,-0.27051629,-0.2122389999999998,0.0528384990629243,0.0202327944964212,0.998398067991184,3.699651849302199,2.016434652133801,9.326857396481683,9.32768236537155,10.104047760937132
932,05/05/2023 12:21:37.667630,1130,True,True,True,True,Eyes,2.260579,0.09312126,-2.903723,-0.9721672,-0.2338034,-0.01506541,0.0,0.0,0.0,0.0,0.0,0.0,0.0,2.858208,0.2930708,2.038252,2.266397,0.08868932,-2.695421,0.06810098,-0.7262932,0.1091361,0.6752406,14.50703,266.193,2.869412,0.6013418,0.02518816,-0.7985945,0.0,0.0,0.0,1.104081,-0.1831364,-2.916152,-0.1313301,0.01027609,1.219681,-0.07882512,0.04846369,0.9957099,-0.2463088,0.9669032,-0.06656056,-0.9659808,-0.2504987,-0.06427927,moving,2.883447953645628,0.8256078402576977,-6.145689407121113,0.4827185601485868,-1.162316,-0.27182572,-0.2207309999999998,0.0502992125666519,0.0143908378288686,0.9986305393826218,3.556522213103718,1.6705340091827492,9.035112094396698,9.035645773159075,9.774651700423394
933,05/05/2023 12:21:37.687760,1131,True,True,True,True,Eyes,2.26016,0.0927267,-2.894838,-0.9718979,-0.2343765,-0.02195957,0.0,0.0,0.0,0.0,0.0,0.0,0.0,2.858322,0.2908254,2.022747,2.262566,0.08723158,-2.686871,0.06764271,-0.7279845,0.1071652,0.6737792,14.31081,265.9121,2.716637,0.6026248,0.02519935,-0.7976264,0.0,0.0,0.0,1.101635,-0.1853711,-2.916063,-0.1295019,0.005900711,1.223101,-0.08289194,0.04592571,0.9954997,-0.2428971,0.9678802,-0.06487677,-0.9665039,-0.2471818,-0.06907431,moving,2.747842504002693,0.6107702160755222,-6.043957273754988,0.2764147960916671,-1.1609310000000002,-0.27260268,-0.2291919999999998,0.0479378011435637,0.0106474945876582,0.9987936186078537,3.4233608205671318,1.4486419164409363,8.797912029535365,8.798155311146342,9.539613635822018
934,05/05/2023 12:21:37.697766,1132,True,True,True,True,Eyes,2.259578,0.09233148,-2.885956,-0.9716311,-0.2347526,-0.02871194,0.0,0.0,0.0,0.0,0.0,0.0,0.0,2.857322,0.282844,2.008894,2.258285,0.08619432,-2.678183,0.06652217,-0.7294618,0.1062349,0.6724393,14.1495,265.6778,2.708578,0.6038893,0.02520368,-0.7966692,0.0,0.0,0.0,1.099012,-0.1877685,-2.915967,-0.1264846,0.007394707,1.226689,-0.08680058,0.0458223,0.9951712,-0.2399238,0.9685779,-0.0655244,-0.9669034,-0.2444528,-0.07307933,moving,2.5797096055007924,0.4371866699874803,-5.886996112605253,0.3453853175865528,-1.1592729999999998,-0.27396282,-0.237784,0.0450079114984608,0.0076225410939977,0.9989576257090942,3.258039595249758,1.2689501146305595,8.467020870269302,8.467203387501227,9.191553189329982
935,05/05/2023 12:21:37.717517,1133,True,True,True,True,Eyes,2.258828,0.09192821,-2.877079,-0.9713475,-0.2350393,-0.03522108,0.0,0.0,0.0,0.0,0.0,0.0,0.0,2.854898,0.2668516,1.997728,2.253801,0.08574852,-2.669381,0.06427008,-0.7308041,0.1051955,0.6713635,13.8896,265.4855,2.793487,0.605135,0.02520186,-0.7957235,0.0,0.0,0.0,1.096468,-0.1900934,-2.915874,-0.1231357,0.007455857,1.230074,-0.09028131,0.0473112,0.994792,-0.2351865,0.9696065,-0.06745749,-0.9677483,-0.2400518,-0.0764103,moving,2.3805727514615938,0.1679095453351404,-5.716510009708367,0.3472830962231435,-1.1573330000000002,-0.2758419199999999,-0.246493,0.0415367004683382,0.0029280410182125,0.9991326698027174,3.0623829524142705,0.9906275189320142,8.098949845808693,8.09906933616412,8.802434531800674
936,05/05/2023 12:21:37.737829,1134,True,True,True,True,Eyes,2.257918,0.09151288,-2.868214,-0.9710323,-0.2352982,-0.04160442,0.0,0.0,0.0,0.0,0.0,0.0,0.0,2.853196,0.2508789,1.985237,2.249109,0.08501443,-2.66066,0.06194982,-0.7322987,0.1038055,0.6701683,13.59556,265.2672,2.854399,0.6063614,0.02519432,-0.7947897,0.0,0.0,0.0,1.093903,-0.1924367,-2.915781,-0.1207381,0.008943614,1.233106,-0.09407368,0.04840268,0.994388,-0.2298657,0.9707733,-0.06899957,-0.9686651,-0.2350668,-0.08019809,moving,2.2115134789019826,-0.1343678420941388,-5.592222134443025,0.4155541783354388,-1.1552059999999995,-0.27745113,-0.2551209999999999,0.0385885003927187,-0.0023434122781037,0.9992523877311492,2.896451835437394,0.6785760574062436,7.82288925836074,7.8230878655133695,8.492747863665526
937,05/05/2023 12:21:37.747855,1135,True,True,True,True,Eyes,2.256838,0.09107256,-2.859365,-0.9706718,-0.235596,-0.04786203,0.0,0.0,0.0,0.0,0.0,0.0,0.0,2.851482,0.242118,1.97181,2.244371,0.08431034,-2.652036,0.06091696,-0.733537,0.1043428,0.668824,13.56592,265.068,2.960362,0.6075677,0.02518134,-0.7938683,0.0,0.0,0.0,1.091348,-0.194772,-2.915688,-0.1192035,0.007609338,1.235624,-0.09792768,0.05020423,0.9939266,-0.2289436,0.9708034,-0.07159315,-0.9685016,-0.234564,-0.08357456,moving,2.0433928164424398,-0.1755384085929765,-5.510403415161297,0.3528398937864538,-1.153023,-0.27908234,-0.263652,0.0356562055201337,-0.0030617702176283,0.99935942133849,2.7308306634943733,0.6350624310282242,7.572096595987112,7.572253372610835,8.246065043384192
938,05/05/2023 12:21:37.767725,1136,True,True,True,True,Eyes,2.255604,0.09059995,-2.850528,-0.9702569,-0.2359674,-0.05404539,0.0,0.0,0.0,0.0,0.0,0.0,0.0,2.850588,0.2246669,1.957669,2.239189,0.08325671,-2.643463,0.05842404,-0.7351256,0.1035338,0.6674263,13.30933,264.8327,3.081014,0.6087525,0.02516282,-0.7929606,0.0,0.0,0.0,1.088659,-0.1972292,-2.91559,-0.119722,0.01267688,1.238216,-0.1022577,0.05230434,0.9933819,-0.2241003,0.9717348,-0.07423317,-0.9691865,-0.2302081,-0.08764585,moving,1.901846000705808,-0.4500734693235837,-5.5227102765279135,0.5865748348215394,-1.15053,-0.28048591,-0.2721269999999998,0.0331863561676101,-0.0078508562303275,0.9994183307611428,2.591953474696437,0.3517339966485027,7.496062603867061,7.496577593828907,8.118061222650903
939,05/05/2023 12:21:37.787626,1137,True,True,True,True,Eyes,2.254183,0.09011441,-2.841689,-0.9697512,-0.2365354,-0.06027789,0.0,0.0,0.0,0.0,0.0,0.0,0.0,2.851558,0.2168677,1.939755,2.234219,0.08203365,-2.634881,0.05770291,-0.7367029,0.1053948,0.6654557,13.41996,264.5655,3.256283,0.609916,0.02513844,-0.7920668,0.0,0.0,0.0,1.086149,-0.1995231,-2.915498,-0.1213013,0.01791923,1.240513,-0.1076785,0.05525132,0.9926494,-0.2252909,0.9711246,-0.07849184,-0.9683232,-0.2320867,-0.09212164,moving,1.8061546022137895,-0.372489820344808,-5.584808596988846,0.8275808882576828,-1.14807,-0.28155675,-0.2806169999999999,0.0315174555642993,-0.0064978976296691,0.999481984179104,2.497446714080948,0.4308564009419257,7.486909882114668,7.48775712197006,8.091986235291794
940,05/05/2023 12:21:37.798160,1138,True,True,True,True,Eyes,2.252591,0.0896198,-2.832858,-0.9692394,-0.2369852,-0.06643037,0.0,0.0,0.0,0.0,0.0,0.0,0.0,2.852345,0.2008768,1.921807,2.228352,0.08122838,-2.626294,0.05567336,-0.7384978,0.1057868,0.6635742,13.30493,264.2821,3.426598,0.6110577,0.02510847,-0.7911873,0.0,0.0,0.0,1.083489,-0.2019531,-2.915401,-0.1222736,0.01463317,1.242538,-0.1131395,0.0581655,0.9918751,-0.2226241,0.9714193,-0.08235987,-0.9683171,-0.2301334,-0.09695695,moving,1.7183043802241502,-0.5138816983860077,-5.620172241275486,0.6747319791567179,-1.1448630000000002,-0.28318148,-0.289107,0.0299843686075987,-0.0089647746632269,0.9995101620514812,2.411185055094702,0.2848314765487975,7.433422610785685,7.434113370048801,8.040816029725626
941,05/05/2023 12:21:37.817772,1139,True,True,True,True,Eyes,2.250814,0.089147,-2.824035,-0.9686522,-0.2375872,-0.07256182,0.0,0.0,0.0,0.0,0.0,0.0,0.0,2.851756,0.1844611,1.905777,2.222628,0.08049986,-2.617626,0.05349303,-0.7401253,0.1058369,0.6619304,13.1489,264.0292,3.58738,0.6121767,0.02507327,-0.790323,0.0,0.0,0.0,1.081008,-0.2042203,-2.915311,-0.123477,0.02479214,1.24442,-0.1179737,0.06093021,0.9911458,-0.2192964,0.9718741,-0.08584782,-0.9684997,-0.2274825,-0.1012938,moving,1.5977181322669884,-0.702374690472845,-5.666598995731009,1.141332585514383,-1.14162,-0.28472016,-0.297685,0.0278797344999642,-0.0122536787304808,0.9995361662552154,2.2927661602430245,0.0901378516156945,7.492846176065314,7.494635405118339,8.028480806149435
942,05/05/2023 12:21:37.837961,1140,True,True,True,True,Eyes,2.248856,0.08860093,-2.815225,-0.9681462,-0.2377151,-0.07864034,0.0,0.0,0.0,0.0,0.0,0.0,0.0,2.849643,0.1616355,1.891786,2.216405,0.08056389,-2.608928,0.05063691,-0.7414541,0.1073001,0.6604305,13.06172,263.8336,3.922581,0.6132725,0.02503399,-0.7894743,0.0,0.0,0.0,1.07853,-0.2064847,-2.91522,-0.1251689,0.03117022,1.245741,-0.1225351,0.06663857,0.9902244,-0.2168183,0.9718451,-0.09223184,-0.9684911,-0.2260005,-0.1046367,moving,1.428047074847122,-0.7942323755656701,-5.737677829268112,1.4333232086170122,-1.137875,-0.28704859,-0.306292,0.0249191479799468,-0.0138572204881887,0.999593342275778,2.1257361840546487,-0.0055149731490786,7.501240133845832,7.503973432927433,7.993968680088052
943,05/05/2023 12:21:37.847867,1141,True,True,True,True,Eyes,2.248856,0.08860093,-2.815225,-0.9681462,-0.2377151,-0.07864034,0.0,0.0,0.0,0.0,0.0,0.0,0.0,2.848388,0.1285646,1.876903,2.210083,0.0781644,-2.60039,0.04526088,-0.7434654,0.104017,0.6590837,12.37607,263.5587,4.098588,0.6143449,0.02498901,-0.7886415,0.0,0.0,0.0,1.075751,-0.2090247,-2.915119,-0.1282166,0.03076788,1.24738,-0.1271207,0.06981201,0.9894276,-0.2044116,0.9742638,-0.09500465,-0.970596,-0.2143275,-0.1095787,moving,1.6432824479504324,-1.503414719927089,-5.868749247531915,1.4129714137993774,-1.134332,-0.2871891,-0.3147289999999998,0.0286668915536633,-0.0262257411156631,0.9992448429936228,2.339566861775628,-0.7333616898910653,8.05462896100482,8.058283208905195,8.484291316445656
944,05/05/2023 12:21:37.867538,1142,True,True,True,True,Eyes,2.248856,0.08860093,-2.815225,-0.9681462,-0.2377151,-0.07864034,0.0,0.0,0.0,0.0,0.0,0.0,0.0,2.843475,0.142566,1.864514,2.204504,0.07802266,-2.591555,0.04826853,-0.7436085,0.1095218,0.6578158,13.08441,263.4821,4.257086,0.6153091,0.0249485,-0.7878907,0.0,0.0,0.0,1.073366,-0.2112039,-2.915032,-0.1303978,0.03233831,1.248354,-0.1298973,0.07230459,0.9888878,-0.2158762,0.9713503,-0.09937911,-0.9677419,-0.2263863,-0.1105669,moving,1.7654553208311987,-0.8076959422395417,-5.963250145365467,1.4839015142819083,-1.131138,-0.28922656,-0.323477,0.0308050717957659,-0.0140897954622012,0.9994260160878624,2.458354520323188,-0.0170084511352937,8.058280909109596,8.061284456335342,8.554306276340448
945,05/05/2023 12:21:37.887700,1143,True,True,True,True,Eyes,2.248856,0.08860093,-2.815225,-0.9681462,-0.2377151,-0.07864034,0.0,0.0,0.0,0.0,0.0,0.0,0.0,2.839759,0.1095873,1.852194,2.1974,0.08059505,-2.582982,0.04431786,-0.744777,0.1116502,0.6564125,12.97292,263.3224,4.74225,0.6161758,0.02491202,-0.7872143,0.0,0.0,0.0,1.070709,-0.2136319,-2.914935,-0.133079,0.02770438,1.249524,-0.1343169,0.08056328,0.9876581,-0.212591,0.9711403,-0.1081273,-0.9678658,-0.2244905,-0.1133136,moving,1.90384515439652,-0.947800348975264,-6.079298944287421,1.2701508850275447,-1.126691,-0.29422695,-0.3319529999999999,0.033217708863072,-0.0165323523576163,0.999311313636135,2.5950968655952265,-0.160131608141023,8.282968636720328,8.285523361669245,8.791521522283507
946,05/05/2023 12:21:37.897903,1144,True,True,True,True,Eyes,2.248856,0.08860093,-2.815225,-0.9681462,-0.2377151,-0.07864034,0.0,0.0,0.0,0.0,0.0,0.0,0.0,2.835532,0.0731253,1.841299,2.191037,0.08076544,-2.574647,0.03838475,-0.7465196,0.1064448,0.6556711,12.0791,263.0969,4.826487,0.6169551,0.02487917,-0.7866048,0.0,0.0,0.0,1.068204,-0.2159211,-2.914844,-0.1357236,0.0217832,1.250304,-0.1372439,0.08227565,0.9871144,-0.1968955,0.9743922,-0.1085907,-0.9707709,-0.2092618,-0.1175297,moving,2.0462347029820824,-1.8615925994747835,-6.195340404390484,0.9981245897864496,-1.1228330000000002,-0.29668654,-0.3401969999999998,0.0356871175578292,-0.032464508587473,0.9988354828200452,2.737604827955124,-1.0989142235888223,8.720294156087467,8.72361981364498,9.175787830420257
947,05/05/2023 12:21:37.917857,1145,True,True,True,True,Eyes,2.248856,0.08860093,-2.815225,-0.9681462,-0.2377151,-0.07864034,0.0,0.0,0.0,0.0,0.0,0.0,0.0,2.83417,0.0927189,1.823711,2.185151,0.08171503,-2.566219,0.04232475,-0.7473108,0.1105513,0.6538453,12.7431,262.9016,4.781762,0.6176561,0.02484957,-0.7860554,0.0,0.0,0.0,1.065659,-0.2182463,-2.914751,-0.1386164,0.01357387,1.250875,-0.1413902,0.08130739,0.9866094,-0.2078264,0.9719741,-0.1098847,-0.9678932,-0.22058,-0.1205299,moving,2.291286976774789,-1.216033665211136,-6.323463266534701,0.6217207457036124,-1.119492,-0.29996133,-0.348532,0.0399708506444547,-0.0212052363984566,0.9989757281665104,2.977634107954019,-0.4332902027326177,8.80712551827137,8.80859029751285,9.36074038049562
948,05/05/2023 12:21:37.937811,1146,True,True,True,True,Eyes,2.248856,0.08860093,-2.815225,-0.9681462,-0.2377151,-0.07864034,0.0,0.0,0.0,0.0,0.0,0.0,0.0,2.83337,0.08122092,1.805476,2.178055,0.0832314,-2.558022,0.04091064,-0.7490923,0.1087385,0.6521987,12.49028,262.6072,4.732224,0.6182868,0.0248229,-0.7855603,0.0,0.0,0.0,1.063048,-0.2206321,-2.914656,-0.1414682,0.008162081,1.25117,-0.1459265,0.08054651,0.9860111,-0.2031299,0.9730045,-0.1095466,-0.9682168,-0.2162741,-0.1256258,moving,2.5565792791012503,-1.492699930574944,-6.450963130772765,0.3737670816714887,-1.115007,-0.3038635,-0.3566340000000001,0.0445908102985293,-0.0260236687728588,0.9986662429051494,3.2397872431444794,-0.7159733449433767,9.197295403449088,9.198886855129976,9.751829418472
949,05/05/2023 12:21:37.947488,1147,True,True,True,True,Eyes,2.248856,0.08860093,-2.815225,-0.9681462,-0.2377151,-0.07864034,0.0,0.0,0.0,0.0,0.0,0.0,0.0,2.831963,0.08457714,1.788754,2.172147,0.08300148,-2.549843,0.04153029,-0.7504853,0.1078151,0.6507096,12.46691,262.3545,4.580516,0.6188545,0.02479887,-0.7851138,0.0,0.0,0.0,1.060493,-0.222967,-2.914562,-0.1454357,0.003420493,1.250998,-0.1497045,0.07797693,0.9856511,-0.2026484,0.9733022,-0.107779,-0.9677407,-0.2158756,-0.1299059,moving,2.803173017031975,-1.5317892062342484,-6.631195826589117,0.1566583834508822,-1.111654,-0.30596848,-0.364719,0.0488876446208426,-0.0266996148794084,0.998447277119069,3.482949212087457,-0.7544544846809966,9.58275522828472,9.58426683375426,10.155100025202188
950,05/05/2023 12:21:37.967774,1148,True,True,True,True,Eyes,2.248856,0.08860093,-2.815225,-0.9681462,-0.2377151,-0.07864034,0.0,0.0,0.0,0.0,0.0,0.0,0.0,2.831276,0.09917763,1.770111,2.16591,0.0828337,-2.541894,0.04427902,-0.7516319,0.1094414,0.648931,12.82579,262.1115,4.439604,0.6193639,0.02477729,-0.7847127,0.0,0.0,0.0,1.057949,-0.225292,-2.91447,-0.1505646,-0.003805572,1.250677,-0.1538558,0.07547681,0.9852063,-0.2086029,0.9721239,-0.1070512,-0.9658225,-0.2219874,-0.1338223,moving,3.069514858013213,-1.1884939174898057,-6.864601669734593,-0.1743396107111297,-1.1079609999999998,-0.3081257,-0.372576,0.0535360267505387,-0.0207118975765893,0.998351014201072,3.7446760578418337,-0.3995403931096513,9.984876020109024,9.985748852481214,10.61166760190132
951,05/05/2023 12:21:37.987960,1149,True,True,True,True,Eyes,2.248856,0.08860093,-2.815225,-0.9681462,-0.2377151,-0.07864034,0.0,0.0,0.0,0.0,0.0,0.0,0.0,2.8306,0.09701136,1.752326,2.159685,0.08252383,-2.534029,0.04416289,-0.7531661,0.1089487,0.6472409,12.78428,261.84,4.381791,0.619823,0.02475782,-0.7843507,0.0,0.0,0.0,1.05523,-0.2277766,-2.914371,-0.1551139,-0.01171142,1.250342,-0.1582579,0.07450815,0.9845827,-0.2075561,0.9723596,-0.1069449,-0.9653367,-0.221281,-0.1384189,moving,3.33023781646686,-1.250672391341542,-7.071821540207308,-0.5366494253744902,-1.1044550000000002,-0.31030043,-0.3803420000000002,0.0580770962675262,-0.0217897747674651,0.99807419214329,4.0018197434182206,-0.4616687329612019,10.425347263010382,10.426536704759686,11.073895131463471
952,05/05/2023 12:21:37.998179,1150,True,True,True,True,Eyes,2.248856,0.08860093,-2.815225,-0.9681462,-0.2377151,-0.07864034,0.0,0.0,0.0,0.0,0.0,0.0,0.0,2.828605,0.1002349,1.736196,2.153423,0.08307092,-2.526123,0.04526168,-0.7542389,0.1104389,0.6456612,13.00535,261.6289,4.375517,0.6202356,0.02474031,-0.7840251,0.0,0.0,0.0,1.052827,-0.2299723,-2.914283,-0.1597476,-0.01353515,1.249649,-0.1621461,0.074336,0.9839629,-0.2108885,0.9715093,-0.1081472,-0.9639682,-0.2250421,-0.1418499,moving,3.5512581057278063,-1.0486842664403857,-7.28483696611536,-0.6205555690074586,-1.100596,-0.31304322,-0.38816,0.0619311288848117,-0.0182668378627215,0.997913169733377,4.219205657270088,-0.2523958686524334,10.84349993892041,10.84454934921638,11.509932156430578
953,05/05/2023 12:21:38.017681,1151,True,True,True,True,Eyes,2.244279,0.08830287,-2.803584,-0.9669813,-0.2391738,-0.08799443,0.0,0.0,0.0,0.0,0.0,0.0,0.0,2.82735,0.09048828,1.719501,2.146773,0.0845906,-2.518529,0.04409297,-0.7558488,0.1088706,0.644124,12.79022,261.3597,4.328211,0.6206069,0.02472454,-0.7837318,0.0,0.0,0.0,1.050238,-0.2323386,-2.914188,-0.163861,-0.02013381,1.248696,-0.1663203,0.0735971,0.9833215,-0.2069076,0.972406,-0.1077767,-0.9641197,-0.2213821,-0.146503,moving,3.2512355174781304,-1.320879136095825,-7.475961291439147,-0.9237495635425504,-1.096535,-0.3169292,-0.3956589999999997,0.0566992936760496,-0.0230145643199186,0.9981259844292985,3.9241118335663785,-0.5344227019766861,10.732692362930775,10.734545322212831,11.406719189171357
954,05/05/2023 12:21:38.037879,1152,True,True,True,True,Eyes,2.239658,0.0879987,-2.792116,-0.9656934,-0.2408244,-0.09715867,0.0,0.0,0.0,0.0,0.0,0.0,0.0,2.827504,0.08399466,1.700625,2.140345,0.08403342,-2.511141,0.04261682,-0.7579259,0.1040833,0.6425721,12.27146,261.0193,4.058701,0.621021,0.02471024,-0.7834041,0.0,0.0,0.0,1.047635,-0.2347168,-2.914093,-0.1668917,-0.01836184,1.248231,-0.1705697,0.06916127,0.9829153,-0.1983628,0.974701,-0.1030061,-0.9651725,-0.2125436,-0.1525354,moving,3.01472960273594,-1.9032627069483572,-7.615428864271225,-0.8427767458330874,-1.0927099999999998,-0.31875022,-0.402952,0.0525637469082682,-0.0331661776657563,0.9980666304235888,3.692357921772065,-1.135015394917391,10.680227202934455,10.682925606190782,11.311562466195104
955,05/05/2023 12:21:38.047626,1153,True,True,True,True,Eyes,2.23494,0.08778807,-2.780661,-0.9642602,-0.2427337,-0.1062192,0.0,0.0,0.0,0.0,0.0,0.0,0.0,2.827772,0.1083806,1.680559,2.134581,0.0835807,-2.503776,0.04684664,-0.7591328,0.1053737,0.6406397,12.70955,260.741,3.755111,0.6214721,0.02469699,-0.7830467,0.0,0.0,0.0,1.04505,-0.2370794,-2.913999,-0.1700043,-0.02208335,1.24696,-0.1747725,0.06388745,0.9825341,-0.2061387,0.9734036,-0.09996157,-0.9627885,-0.2200088,-0.1569545,moving,2.7898040969462103,-1.5426153276045589,-7.763555601104599,-1.0145878763606584,-1.0895309999999998,-0.3206601,-0.4102230000000002,0.0486544289654924,-0.0268885799068391,0.99845363021074,3.4697968465030256,-0.7656816708164329,10.564289763363885,10.566561120142644,11.2361097142797
956,05/05/2023 12:21:38.067408,1154,True,True,True,True,Eyes,2.230167,0.08760634,-2.769389,-0.9628255,-0.2443214,-0.1152136,0.0,0.0,0.0,0.0,0.0,0.0,0.0,2.828208,0.1169072,1.660492,2.128253,0.08555374,-2.496573,0.04922721,-0.7604644,0.107679,0.6384952,13.09902,260.4579,3.687079,0.6219534,0.02468738,-0.7826645,0.0,0.0,0.0,1.042446,-0.2394586,-2.913904,-0.1739196,-0.02671492,1.245802,-0.1798016,0.06263398,0.981707,-0.2123761,0.9719638,-0.1009094,-0.9605041,-0.2266347,-0.1614587,moving,2.563050634697692,-1.225405174287841,-7.947385880130343,-1.2284597478389192,-1.085807,-0.32501234,-0.4173309999999999,0.0447085491804425,-0.0213643410173909,0.998771632624917,3.245536288809832,-0.4410330402958886,10.508048252645864,10.51043695869254,11.22058588041215
957,05/05/2023 12:21:38.087458,1155,True,True,True,True,Eyes,2.225366,0.0874411,-2.758271,-0.9612091,-0.2462614,-0.1242275,0.0,0.0,0.0,0.0,0.0,0.0,0.0,2.831692,0.1067555,1.636832,2.1221,0.08600157,-2.489657,0.04774877,-0.7630122,0.1049002,0.6360255,12.75715,260.0255,3.560685,0.6224605,0.02468175,-0.7822615,0.0,0.0,0.0,1.040008,-0.2416866,-2.913815,-0.1792318,-0.02999279,1.244061,-0.1863831,0.06057259,0.980608,-0.2063042,0.973432,-0.09934136,-0.9605727,-0.2208191,-0.168935,moving,2.4321372016481706,-1.6676877324622192,-8.198189443644146,-1.3810636752148802,-1.082092,-0.32768817,-0.4241580000000002,0.0424181146221614,-0.0290763395361164,0.9986768009922437,3.117535796808159,-0.8968046536208172,10.630792289986507,10.63419004606391,11.326082487665566
958,05/05/2023 12:21:38.098080,1156,True,True,True,True,Eyes,2.220508,0.08735978,-2.747321,-0.9594561,-0.2484148,-0.1331687,0.0,0.0,0.0,0.0,0.0,0.0,0.0,2.836974,0.1292859,1.608084,2.116687,0.08624842,-2.482592,0.05222763,-0.7651092,0.1072724,0.6327503,13.31145,259.5659,3.289159,0.6229872,0.02468015,-0.7818422,0.0,0.0,0.0,1.037236,-0.2442195,-2.913714,-0.1834251,-0.04457635,1.241789,-0.1937988,0.05583363,0.9794512,-0.215673,0.9715298,-0.09805614,-0.9570409,-0.2302443,-0.1762396,moving,2.3869893750818303,-1.224744965615553,-8.402422745562237,-2.055856942317357,-1.0794510000000002,-0.33046792,-0.4311220000000002,0.0416392715706416,-0.0213556647861475,0.9989043647870142,3.071989425663048,-0.4415818238506421,10.815333990910492,10.821375191116806,11.587407770216068
959,05/05/2023 12:21:38.117897,1157,True,True,True,True,Eyes,2.215606,0.08735438,-2.736558,-0.9576448,-0.2504526,-0.1420909,0.0,0.0,0.0,0.0,0.0,0.0,0.0,2.841834,0.1425006,1.579288,2.110408,0.08822473,-2.475656,0.05559064,-0.7672622,0.109633,0.6294436,13.78132,259.1053,3.111128,0.6235297,0.02468446,-0.7814095,0.0,0.0,0.0,1.034751,-0.2464907,-2.913624,-0.1900059,-0.03068744,1.241094,-0.2014213,0.05271034,0.9780856,-0.2233207,0.9697806,-0.09825212,-0.9537072,-0.2382168,-0.1835631,moving,2.333497810611536,-0.863703784667963,-8.704142374838325,-1.4164137486819226,-1.075657,-0.33471543,-0.4379680000000001,0.0407113411403623,-0.0150614060489825,0.9990573719396654,3.018411536999132,-0.0706476042065977,11.048504256444144,11.051470000311175,11.799549005430318
960,05/05/2023 12:21:38.137629,1158,True,True,True,True,Eyes,2.210654,0.08740132,-2.725954,-0.9557387,-0.2525367,-0.1509597,0.0,0.0,0.0,0.0,0.0,0.0,0.0,2.846,0.136384,1.553077,2.104208,0.09007767,-2.468716,0.05528684,-0.7698611,0.1084895,0.626488,13.66926,258.6345,2.997332,0.6240831,0.02469623,-0.7809674,0.0,0.0,0.0,1.032249,-0.2487768,-2.913532,-0.1965065,-0.03642422,1.239106,-0.2089121,0.05080841,0.9766136,-0.2210612,0.9703467,-0.09777063,-0.9526215,-0.2363168,-0.1914854,moving,2.258747258053853,-1.090224176528423,-9.011339342289226,-1.6837569003262556,-1.071959,-0.33885447,-0.4448159999999999,0.0394052439791257,-0.0190120760721778,0.9990424646925882,2.945262940751109,-0.3041302872397096,11.281370399526232,11.285704810664306,12.0359340205213
961,05/05/2023 12:21:38.148245,1159,True,True,True,True,Eyes,2.205643,0.0875105,-2.715497,-0.9536898,-0.2547393,-0.1599491,0.0,0.0,0.0,0.0,0.0,0.0,0.0,2.850566,0.1425257,1.5247,2.097985,0.09138869,-2.46188,0.05720146,-0.7722352,0.1092931,0.6232463,13.89251,258.1563,2.82755,0.6246437,0.02471617,-0.7805184,0.0,0.0,0.0,1.029624,-0.251176,-2.913437,-0.2023384,-0.05797457,1.236747,-0.2165841,0.04788705,0.975089,-0.224579,0.969566,-0.09749868,-0.9500821,-0.2401011,-0.1992382,moving,2.200500420816874,-0.9870121313715544,-9.29157681673991,-2.6838701254898205,-1.068361,-0.34256469,-0.4515570000000002,0.0383908491285702,-0.0172130611273573,0.9991145647067478,2.887605262006113,-0.1983896334640097,11.605554836173669,11.61667621508725,12.430208742554935
962,05/05/2023 12:21:38.167969,1160,True,True,True,True,Eyes,2.20058,0.08764552,-2.705179,-0.9515964,-0.2567973,-0.1688767,0.0,0.0,0.0,0.0,0.0,0.0,0.0,2.854892,0.1439143,1.496218,2.091473,0.09300214,-2.45497,0.05824196,-0.7747843,0.109024,0.620025,13.9552,257.6624,2.654442,0.6252081,0.02474526,-0.7800654,0.0,0.0,0.0,1.026994,-0.2535787,-2.913341,-0.2059839,-0.04705797,1.236769,-0.224354,0.04494528,0.973471,-0.2254451,0.9694433,-0.09671717,-0.948072,-0.2411631,-0.2073657,moving,2.1526537411564344,-1.0369468439087457,-9.455819278779332,-2.1790027590510577,-1.0644790000000002,-0.34658084,-0.4583710000000001,0.0375559124680764,-0.0180843807005101,0.9991308273677222,2.840559983716454,-0.2500778790422979,11.657064590522776,11.664516173759123,12.446754362477522
963,05/05/2023 12:21:38.187886,1161,True,True,True,True,Eyes,2.19547,0.08778174,-2.695013,-0.9493827,-0.2589839,-0.1777635,0.0,0.0,0.0,0.0,0.0,0.0,0.0,2.858086,0.1406109,1.469855,2.085079,0.09373258,-2.447971,0.05826094,-0.7772582,0.1082162,0.6170612,13.89392,257.201,2.537891,0.625773,0.02478332,-0.7796111,0.0,0.0,0.0,1.024579,-0.2557861,-2.913253,-0.2092454,-0.05664578,1.234762,-0.2316819,0.04298452,0.9718413,-0.2241197,0.9697899,-0.09632277,-0.9466222,-0.240125,-0.2150491,moving,2.067280915770899,-1.219106463941611,-9.618090655366329,-2.6266520395255504,-1.0605,-0.34951868,-0.4652820000000002,0.0360648764245403,-0.0212619756707871,0.9991232589274496,2.7568363808074814,-0.4380124838377808,11.75887011956287,11.769838287032156,12.566979042528349
964,05/05/2023 12:21:38.198665,1162,True,True,True,True,Eyes,2.190305,0.08791634,-2.684973,-0.9471028,-0.26115,-0.1865392,0.0,0.0,0.0,0.0,0.0,0.0,0.0,2.860368,0.1405092,1.444488,2.078668,0.09394698,-2.440964,0.05892083,-0.7794238,0.1086542,0.6141833,13.98995,256.7776,2.458219,0.6263363,0.02482956,-0.779157,0.0,0.0,0.0,1.022042,-0.258104,-2.91316,-0.212527,-0.05977375,1.233837,-0.2386145,0.04161863,0.9702222,-0.2253158,0.9694452,-0.09699903,-0.9446142,-0.2417518,-0.2219464,moving,1.956873025555655,-1.2429539570510428,-9.773228860811043,-2.7735495792001736,-1.056626,-0.35205098,-0.4721959999999998,0.0341392107663538,-0.0216792919962392,0.9991818813365622,2.648062434787376,-0.4633080015019308,11.817141775549642,11.829539856777426,12.634306217495078
965,05/05/2023 12:21:38.217739,1163,True,True,True,True,Eyes,2.185073,0.08804324,-2.675035,-0.9447197,-0.2633824,-0.1952801,0.0,0.0,0.0,0.0,0.0,0.0,0.0,2.862055,0.1370279,1.419936,2.07208,0.09405729,-2.433925,0.05912146,-0.7814998,0.1095872,0.6113538,14.09752,256.3748,2.457463,0.626895,0.02488305,-0.7787059,0.0,0.0,0.0,1.01943,-0.2604912,-2.913065,-0.2152007,-0.05486088,1.233181,-0.2455026,0.0415863,0.9685036,-0.2264,0.9689906,-0.09899656,-0.9425878,-0.2435731,-0.2284746,moving,1.825531599292141,-1.2611677039135265,-9.89892516995158,-2.547254369413007,-1.05265,-0.35454849,-0.4791400000000001,0.0318484360931882,-0.0219985852021053,0.9992505476712958,2.5186408223882712,-0.4829555598090473,11.784218983820418,11.794782975749936,12.587981361181289
966,05/05/2023 12:21:38.237792,1164,True,True,True,True,Eyes,2.17978,0.08816349,-2.665213,-0.9423007,-0.265487,-0.2039264,0.0,0.0,0.0,0.0,0.0,0.0,0.0,2.863263,0.1291109,1.396134,2.065324,0.09401092,-2.426878,0.05847586,-0.7836215,0.1099792,0.6086236,14.09579,255.9801,2.495265,0.6274477,0.02494296,-0.7782588,0.0,0.0,0.0,1.016884,-0.2628174,-2.912972,-0.2179742,-0.05807472,1.232057,-0.2523158,0.04222593,0.9667231,-0.2255177,0.9689704,-0.1011845,-0.9409987,-0.2435436,-0.2349638,moving,1.6856097815483904,-1.3820942047659324,-10.032889887755228,-2.698718719548124,-1.04844,-0.35682832,-0.486094,0.029406645844924,-0.0241093233187046,0.999276699776251,2.381003458567009,-0.6082963039432179,11.780264026220696,11.79223196059145,12.588670060396646
967,05/05/2023 12:21:38.247878,1165,True,True,True,True,Eyes,2.174406,0.08824936,-2.655449,-0.939796,-0.2675269,-0.2126333,0.0,0.0,0.0,0.0,0.0,0.0,0.0,2.864701,0.1193412,1.371547,2.05851,0.09396901,-2.419836,0.05747277,-0.7858899,0.1100003,0.6057836,14.03582,255.5642,2.536719,0.6279929,0.02500854,-0.7778167,0.0,0.0,0.0,1.014312,-0.265168,-2.912879,-0.2217375,-0.05626532,1.231297,-0.2594461,0.04293822,0.9648024,-0.2236073,0.9691936,-0.1032642,-0.9395144,-0.2425284,-0.2418522,moving,1.5586494586510915,-1.5582224892766476,-10.208662997350622,-2.616366566207889,-1.044198,-0.35913701,-0.4930430000000001,0.0271901599768588,-0.0271827079531178,0.999260666541653,2.2562724403852683,-0.7903180854252136,11.803404286383834,11.814792055923698,12.59797874744567
968,05/05/2023 12:21:38.267712,1166,True,True,True,True,Eyes,2.168979,0.08827343,-2.645794,-0.9372424,-0.2694584,-0.2212888,0.0,0.0,0.0,0.0,0.0,0.0,0.0,2.867003,0.1088443,1.344553,2.051599,0.0931664,-2.412806,0.05612705,-0.7884722,0.109325,0.6026686,13.88958,255.0962,2.554373,0.6285282,0.02507811,-0.777382,0.0,0.0,0.0,1.011747,-0.2675124,-2.912785,-0.224816,-0.06504992,1.23001,-0.2672806,0.04326433,0.9626471,-0.2202828,0.9697956,-0.1047475,-0.9381028,-0.2400515,-0.2496773,moving,1.480620604428463,-1.8161455563927775,-10.35794644062844,-3.0273062304520577,-1.039852,-0.3606787999999999,-0.4999790000000002,0.0258258559188773,-0.0316818391916327,0.9991642332095624,2.179966384948026,-1.0561192275902649,11.884961661094316,11.900360492804202,12.69192011564862
969,05/05/2023 12:21:38.277440,1167,True,True,True,True,Eyes,2.163474,0.08824655,-2.636192,-0.9345702,-0.2714781,-0.2299524,0.0,0.0,0.0,0.0,0.0,0.0,0.0,2.869561,0.101544,1.316268,2.044806,0.09170253,-2.405746,0.05534892,-0.7910543,0.1093519,0.5993429,13.84833,254.6108,2.568466,0.6290528,0.02514958,-0.7769552,0.0,0.0,0.0,1.009139,-0.2698953,-2.91269,-0.2262176,-0.07922339,1.228285,-0.2754494,0.04351056,0.9603305,-0.2186466,0.9699574,-0.1066606,-0.9361205,-0.2393526,-0.2576607,moving,1.4210219234642505,-1.975110832636982,-10.435425882622155,-3.690419585278273,-1.035667,-0.36159783,-0.5069439999999998,0.024784243622578,-0.0344547718640427,0.9990988608427414,2.121593955182149,-1.2200202303778434,11.956903485205077,11.979884753007394,12.797719335088708
970,05/05/2023 12:21:38.297580,1168,True,True,True,True,Eyes,2.157908,0.08816092,-2.626686,-0.9318401,-0.2734045,-0.2385877,0.0,0.0,0.0,0.0,0.0,0.0,0.0,2.872013,0.09704822,1.286781,2.037766,0.09042998,-2.398543,0.05526752,-0.7935897,0.1102489,0.5958241,13.93637,254.1133,2.578182,0.6295667,0.02522143,-0.7765366,0.0,0.0,0.0,1.006413,-0.2723867,-2.912591,-0.2272434,-0.07307497,1.228669,-0.2838785,0.04365848,0.957866,-0.2190974,0.9695813,-0.1091253,-0.9334933,-0.2408442,-0.2656778,moving,1.3793918405085106,-1.9999367802865835,-10.478496309589124,-3.403651521508845,-1.031353,-0.36281668,-0.5140479999999998,0.0240579497496777,-0.0348882946400221,0.999101649048035,2.080617272761044,-1.2458424018047245,11.921083896466463,11.940683667820306,12.74313439352543
971,05/05/2023 12:21:38.317953,1169,True,True,True,True,Eyes,2.152284,0.08802179,-2.617258,-0.9289995,-0.2754619,-0.2471451,0.0,0.0,0.0,0.0,0.0,0.0,0.0,2.874582,0.09055319,1.256337,2.030675,0.08893144,-2.391286,0.05467219,-0.796326,0.1103599,0.5921965,13.91713,253.588,2.576626,0.6300678,0.02529176,-0.7761278,0.0,0.0,0.0,1.004059,-0.2745374,-2.912505,-0.2287444,-0.0692723,1.228558,-0.2926286,0.04363577,0.9552302,-0.2177833,0.9696633,-0.1110116,-0.9310957,-0.2405183,-0.2742482,moving,1.361935784605543,-2.141031821136981,-10.547093065132133,-3.227208029828711,-1.026616,-0.36346884,-0.5212189999999999,0.0237514423899731,-0.0373488199453468,0.9990200020214592,2.0637431330962346,-1.3910711541206031,11.940733279504071,11.95845921932304,12.743805877558009
972,05/05/2023 12:21:38.337594,1170,True,True,True,True,Eyes,2.146595,0.08784167,-2.607916,-0.9260842,-0.277456,-0.2557074,0.0,0.0,0.0,0.0,0.0,0.0,0.0,2.877328,0.08602896,1.224707,2.02368,0.08752085,-2.383985,0.05453544,-0.7990987,0.1109271,0.5883555,13.97248,253.0404,2.561582,0.6305566,0.02535933,-0.7757285,0.0,0.0,0.0,1.001474,-0.2768998,-2.91241,-0.2276709,-0.08007307,1.227996,-0.3017273,0.04337076,0.9524073,-0.2176876,0.9694421,-0.113111,-0.9282094,-0.2414559,-0.2830659,moving,1.36786434572033,-2.204606674751846,-10.503396366614057,-3.730763946234344,-1.0222060000000002,-0.3644206499999999,-0.5284249999999999,0.0238538104438235,-0.0384572065114835,0.9989755206385408,2.0697367767558155,-1.4564123905810824,11.94540117416256,11.968959308039809,12.777180911281189
973,05/05/2023 12:21:38.348236,1171,True,True,True,True,Eyes,2.140829,0.08761708,-2.598619,-0.9230993,-0.2794525,-0.2641855,0.0,0.0,0.0,0.0,0.0,0.0,0.0,2.880238,0.08016837,1.191406,2.016368,0.08636007,-2.376646,0.05422137,-0.8020428,0.1113173,0.584291,14.00016,252.4596,2.546343,0.6310315,0.02542312,-0.7753403,0.0,0.0,0.0,0.9988171,-0.2793274,-2.912313,-0.2246606,-0.07193661,1.229753,-0.3113287,0.0431077,0.9493243,-0.2170592,0.969337,-0.1152004,-0.9251812,-0.2419247,-0.2924254,moving,1.407461580946991,-2.297854496546106,-10.353057935290131,-3.347804397255632,-1.0175508999999998,-0.36568747,-0.5356670000000001,0.0245426294062705,-0.0400822994326408,0.9988949216213928,2.10898788126094,-1.5520355454488075,11.788500664411274,11.807294952096106,12.59076533428122
974,05/05/2023 12:21:38.367606,1172,True,True,True,True,Eyes,2.135,0.08733701,-2.58939,-0.9200314,-0.2814042,-0.2726789,0.0,0.0,0.0,0.0,0.0,0.0,0.0,2.883013,0.07074741,1.157626,2.009042,0.08507438,-2.369257,0.05325525,-0.8051124,0.1114807,0.5801121,13.96311,251.8635,2.574419,0.6314927,0.0254823,-0.7749627,0.0,0.0,0.0,0.9962431,-0.2816796,-2.91222,-0.2220778,-0.06701683,1.230841,-0.3212679,0.04358973,0.9459847,-0.2150956,0.9694719,-0.117721,-0.922237,-0.2412971,-0.3020842,moving,1.4545120542409216,-2.4548777425718797,-10.227707815546411,-3.1165632263166865,-1.0127989,-0.36675398,-0.5429629999999999,0.0253600161007343,-0.0428188133308019,0.9987608833335048,2.1557359910356126,-1.713195578189174,11.684652494025851,11.700943926258796,12.462709226592173
975,05/05/2023 12:21:38.387591,1173,True,True,True,True,Eyes,2.129102,0.0870404,-2.580205,-0.916849,-0.2835623,-0.2810341,0.0,0.0,0.0,0.0,0.0,0.0,0.0,2.885406,0.0624817,1.123074,2.001631,0.08347107,-2.361625,0.05258307,-0.8081582,0.1122461,0.5757746,14.00326,251.2574,2.614843,0.6319385,0.02553553,-0.7745975,0.0,0.0,0.0,0.9937968,-0.283915,-2.91213,-0.2200677,-0.07408112,1.231089,-0.3314374,0.044266,0.9424384,-0.2142477,0.9692717,-0.1208731,-0.9188293,-0.2419771,-0.311769,moving,1.5182181549921243,-2.548335139775823,-10.135061970891732,-3.443636792469032,-1.0078342,-0.3673860699999999,-0.5505049999999998,0.0264686194040313,-0.0444465948591154,0.9986609757757504,2.2187519341741884,-1.808866144239316,11.667943865644162,11.687621774408807,12.461508458983346
976,05/05/2023 12:21:38.398053,1174,True,True,True,True,Eyes,2.123136,0.0867231,-2.571079,-0.9135903,-0.2856459,-0.2894121,0.0,0.0,0.0,0.0,0.0,0.0,0.0,2.887036,0.05329946,1.089297,1.994186,0.08282682,-2.353879,0.05224414,-0.8109979,0.1143596,0.5713798,14.19326,250.6706,2.716403,0.6323699,0.02558305,-0.7742437,0.0,0.0,0.0,0.9911554,-0.2863287,-2.912034,-0.2173059,-0.07376203,1.231957,-0.3415914,0.04594574,0.9387249,-0.2154253,0.9683849,-0.1257883,-0.9148263,-0.2451933,-0.3208941,moving,1.564239619400421,-2.488346834587292,-10.003547144295498,-3.426429363136412,-1.0030306,-0.3691555199999999,-0.5581549999999997,0.0272720221024664,-0.0434000491620065,0.9986855624321842,2.263974390402092,-1.7468511642505602,11.58649176902957,11.60576104530451,12.381965414684444
977,05/05/2023 12:21:38.417740,1175,True,True,True,True,Eyes,2.117122,0.08637017,-2.562006,-0.9102638,-0.2878703,-0.2975743,0.0,0.0,0.0,0.0,0.0,0.0,0.0,2.888597,0.03950208,1.054331,1.986504,0.08201823,-2.346111,0.0507995,-0.8141406,0.1151265,0.566869,14.18489,250.0491,2.826454,0.6327847,0.02562464,-0.7739034,0.0,0.0,0.0,0.9886563,-0.2886124,-2.911943,-0.2145805,-0.07713198,1.232341,-0.3521579,0.04780743,0.9347188,-0.2132392,0.9683306,-0.129865,-0.9113254,-0.2450516,-0.3308108,moving,1.6432601210765732,-2.63792179163549,-9.877554649976211,-3.581459639069537,-0.9978477,-0.3706306299999999,-0.5658319999999999,0.0286460046587594,-0.0460052685506849,0.9985303605377706,2.342218119604829,-1.9001281755521575,11.538475039453456,11.559387382489112,12.33489854155306
978,05/05/2023 12:21:38.437672,1176,True,True,True,True,Eyes,2.111054,0.08599425,-2.552968,-0.9067871,-0.2902731,-0.3057427,0.0,0.0,0.0,0.0,0.0,0.0,0.0,2.890127,0.02989143,1.018241,1.979232,0.0808745,-2.338085,0.05025516,-0.8172451,0.1168225,0.5620832,14.3261,249.4044,2.909871,0.633185,0.02565997,-0.7735748,0.0,0.0,0.0,0.9861186,-0.2909315,-2.91185,-0.2127424,-0.0820625,1.232425,-0.3630738,0.04918637,0.9304613,-0.2134695,0.9676539,-0.13445,-0.9069775,-0.2474404,-0.3408301,moving,1.7480275184367169,-2.6495490538966378,-9.79393436298724,-3.809484923489114,-0.9931134,-0.371806,-0.5737649999999999,0.0304715220596802,-0.0462054068744946,0.9984670563580144,2.445515766588501,-1.9113554578810412,11.576644504670927,11.600100658779256,12.385759360757064
979,05/05/2023 12:21:38.448388,1177,True,True,True,True,Eyes,2.104904,0.08562656,-2.54392,-0.9032146,-0.2928418,-0.3137627,0.0,0.0,0.0,0.0,0.0,0.0,0.0,2.891124,0.01784563,0.9815736,1.971784,0.08001071,-2.329823,0.04995874,-0.8201993,0.1206625,0.5569719,14.6898,248.7592,3.108768,0.63357,0.02568891,-0.7732584,0.0,0.0,0.0,0.9832428,-0.2935593,-2.911746,-0.2115054,-0.08318412,1.232923,-0.3745727,0.05245893,0.9257122,-0.2163634,0.9658894,-0.1422833,-0.9015997,-0.2535857,-0.3504456,moving,1.864345651426392,-2.453553521697963,-9.734222443193774,-3.859841055935773,-0.9885412,-0.37357001,-0.5819229999999997,0.0325034345818957,-0.0427868804396885,0.9985553439816492,2.5597098603147,-1.7089757248295323,11.659625411861096,11.683510879632609,12.480664772190778
980,05/05/2023 12:21:38.467716,1178,True,True,True,True,Eyes,2.09869,0.08526533,-2.534898,-0.8995369,-0.2954245,-0.321804,0.0,0.0,0.0,0.0,0.0,0.0,0.0,2.891115,-0.002357692,0.9456613,1.964017,0.07986246,-2.321441,0.04823833,-0.8232579,0.1238549,0.5518872,14.9024,248.118,3.398281,0.6339411,0.02571243,-0.7729534,0.0,0.0,0.0,0.9810157,-0.2955945,-2.911664,-0.211037,-0.08325764,1.232483,-0.3861873,0.05728265,0.9206399,-0.216133,0.9646661,-0.1506848,-0.8967417,-0.2571733,-0.3601611,moving,1.961707103648601,-2.412865404734639,-9.716477630851948,-3.864617154894672,-0.9830013,-0.3754569599999999,-0.5902229999999999,0.0342012462917863,-0.0420753712310033,0.9985289289578554,2.655584122705424,-1.666451706325946,11.744120739559582,11.7680746869322,12.5658204417029
981,05/05/2023 12:21:38.487823,1179,True,True,True,True,Eyes,2.092402,0.0849128,-2.525875,-0.8958451,-0.2979464,-0.3296809,0.0,0.0,0.0,0.0,0.0,0.0,0.0,2.890542,-0.02584875,0.9093406,1.95618,0.07968607,-2.312965,0.04580565,-0.8264506,0.1264678,0.5467056,15.01804,247.4599,3.714323,0.6342976,0.02573123,-0.7726603,0.0,0.0,0.0,0.9782323,-0.2981381,-2.911563,-0.2108246,-0.0857798,1.23234,-0.3980297,0.06256909,0.9152364,-0.2139935,0.9638155,-0.1589544,-0.8920646,-0.2591232,-0.3702378,moving,2.076181021427092,-2.469311806302456,-9.707989489331744,-3.981779209444456,-0.9779477,-0.37782417,-0.598598,0.036194669102788,-0.0430560501970691,0.9984168061294576,2.768555190295592,-1.7237048538776714,11.85535582168344,11.880834662270374,12.679237632365972
982,05/05/2023 12:21:38.497391,1180,True,True,True,True,Eyes,2.086047,0.08459552,-2.516872,-0.8920544,-0.3004514,-0.3375911,0.0,0.0,0.0,0.0,0.0,0.0,0.0,2.889163,-0.04644772,0.8731384,1.948286,0.07955615,-2.304266,0.04365491,-0.8296361,0.1283675,0.5415901,15.08684,246.7974,3.955841,0.6346398,0.02574607,-0.7723776,0.0,0.0,0.0,0.9757418,-0.3004139,-2.911472,-0.2103457,-0.08935024,1.231828,-0.4095486,0.06660978,0.9098532,-0.2114805,0.9632321,-0.1657105,-0.8874377,-0.2602828,-0.3804036,moving,2.189619963694059,-2.5701511927994924,-9.690305228945183,-4.148664995793717,-0.9725442,-0.37997005,-0.6072059999999997,0.0381683958094235,-0.0448098790779233,0.9982660444084468,2.8806106766228217,-1.826620500676192,11.956642967551728,11.98433679470616,12.78357607800604
983,05/05/2023 12:21:38.517881,1181,True,True,True,True,Eyes,2.07962,0.08429629,-2.507887,-0.8883227,-0.3026719,-0.3453585,0.0,0.0,0.0,0.0,0.0,0.0,0.0,2.887158,-0.06570965,0.83726,1.940254,0.080104,-2.295649,0.0418177,-0.8327439,0.1302015,0.536504,15.17214,246.1388,4.162799,0.6349678,0.02575842,-0.7721066,0.0,0.0,0.0,0.9732697,-0.3026729,-2.911382,-0.2088616,-0.09412122,1.231089,-0.4208297,0.07006039,0.90443,-0.2093541,0.9625977,-0.1719784,-0.8826512,-0.2617198,-0.3904222,moving,2.310625722988914,-2.637709651858248,-9.628886491414832,-4.371965154847791,-0.9669843,-0.3827769,-0.6157330000000001,0.0402744493839989,-0.0459831196693724,0.9981300082351184,3.000046427953185,-1.8952561227990563,12.034218842972688,12.06480808249952,12.869500157788917
984,05/05/2023 12:21:38.537878,1182,True,True,True,True,Eyes,2.073145,0.08397172,-2.498921,-0.8844649,-0.3048671,-0.3532391,0.0,0.0,0.0,0.0,0.0,0.0,0.0,2.88547,-0.08180156,0.7989976,1.932157,0.08020758,-2.287218,0.0396455,-0.8362778,0.1292351,0.5313812,14.96842,245.419,4.216878,0.6352816,0.02576911,-0.7718473,0.0,0.0,0.0,0.9707297,-0.304994,-2.911289,-0.2068959,-0.09601396,1.230674,-0.4321246,0.07103691,0.8990118,-0.2036555,0.9634531,-0.1740192,-0.8785174,-0.2582867,-0.4018647,moving,2.466460243650103,-2.990870420012813,-9.543095426726651,-4.4610301938600765,-0.9614273,-0.38520158,-0.6240709999999998,0.0429760465532509,-0.0521286259077035,0.9977152076353542,3.154486201808978,-2.257372163586312,12.067037397959576,12.099206468215886,12.887384836642212
985,05/05/2023 12:21:38.547926,1183,True,True,True,True,Eyes,2.066622,0.08364105,-2.489986,-0.8805811,-0.3070914,-0.3609318,0.0,0.0,0.0,0.0,0.0,0.0,0.0,2.884254,-0.09084293,0.7581265,1.924452,0.07928616,-2.278624,0.0391175,-0.8397481,0.1300951,0.5257075,15.04769,244.6534,4.22138,0.6355816,0.02577752,-0.7715995,0.0,0.0,0.0,0.9681768,-0.3073268,-2.911196,-0.2047849,-0.09536985,1.230453,-0.4442032,0.07108625,0.8931016,-0.2024816,0.9630902,-0.1773655,-0.8727457,-0.259623,-0.413414,moving,2.6964885888388026,-3.066643145423859,-9.449155699792652,-4.432015665067675,-0.9562752,-0.38661296,-0.6325719999999997,0.0469780114792693,-0.0534384026441449,0.997465472807308,3.3814059390023568,-2.333695351344424,12.19019263534573,12.22214863693632,13.001009964841256
986,05/05/2023 12:21:38.567895,1184,True,True,True,True,Eyes,2.060044,0.08334197,-2.481067,-0.8765787,-0.3093277,-0.3686817,0.0,0.0,0.0,0.0,0.0,0.0,0.0,2.8816,-0.1012069,0.7196271,1.916487,0.07888724,-2.269929,0.03883741,-0.8428441,0.1323338,0.520186,15.27658,243.94,4.292805,0.6358678,0.0257837,-0.771363,0.0,0.0,0.0,0.9656376,-0.3096472,-2.911103,-0.2022767,-0.09683385,1.230077,-0.4557968,0.07220856,0.8871502,-0.2031441,0.9619589,-0.1826681,-0.8665922,-0.2634788,-0.4237891,moving,2.877320582519968,-2.9926570101792414,-9.3382757492624,-4.5011429813354,-0.9508494,-0.38853444,-0.6411740000000004,0.0501293278616705,-0.052142333864586,0.9973807029931754,3.55947947049665,-2.256344415950491,12.27577017136165,12.308384283334258,13.091646585054765
987,05/05/2023 12:21:38.587906,1185,True,True,True,True,Eyes,2.053436,0.08301553,-2.472229,-0.8726818,-0.3112435,-0.3762364,0.0,0.0,0.0,0.0,0.0,0.0,0.0,2.877902,-0.1216365,0.6819918,1.908488,0.07937049,-2.261327,0.03686578,-0.8460279,0.1343681,0.5146093,15.38486,243.2317,4.515955,0.6361405,0.02578886,-0.7711375,0.0,0.0,0.0,0.9630479,-0.3120137,-2.911009,-0.1992484,-0.09682677,1.230142,-0.4676362,0.07591521,0.880655,-0.2006732,0.9611722,-0.1894154,-0.8608407,-0.2653013,-0.4342449,moving,3.050104210440188,-3.0291776647507,-9.200402642477949,-4.5005783893957085,-0.9454401,-0.39138419,-0.6496819999999999,0.0531350812797314,-0.0527698427445732,0.997191995486606,3.7298800387991378,-2.2926986124379325,12.306058338370184,12.338554949664085,13.117428990744845
988,05/05/2023 12:21:38.598120,1186,True,True,True,True,Eyes,2.046793,0.08269531,-2.463397,-0.8686302,-0.3133441,-0.383793,0.0,0.0,0.0,0.0,0.0,0.0,0.0,2.873661,-0.1397908,0.6446903,1.900284,0.07848762,-2.252966,0.03388583,-0.8494511,0.1329643,0.5095145,15.09522,242.5257,4.629418,0.6363994,0.02579221,-0.7709235,0.0,0.0,0.0,0.9604327,-0.3144035,-2.910914,-0.1957263,-0.09772671,1.230119,-0.4784934,0.0779257,0.8746263,-0.1930631,0.9623445,-0.1913626,-0.8566039,-0.2604239,-0.445431,moving,3.189716246889171,-3.468177150931401,-9.040643476276797,-4.54231858309364,-0.9398513,-0.39289112,-0.6579480000000002,0.0555407077017838,-0.0604007757550318,0.996627810309358,3.868531414913345,-2.7432072887857566,12.24350819939412,12.277437793543402,13.03394022621863
989,05/05/2023 12:21:38.618018,1187,True,True,True,True,Eyes,2.040118,0.08252892,-2.454661,-0.8646094,-0.3155726,-0.3909788,0.0,0.0,0.0,0.0,0.0,0.0,0.0,2.868618,-0.1511666,0.6102695,1.892601,0.07835431,-2.244142,0.03380304,-0.8520451,0.1364752,0.5042329,15.46534,241.8805,4.762961,0.6366453,0.02579412,-0.7707203,0.0,0.0,0.0,0.9578538,-0.3167601,-2.91082,-0.1921132,-0.09970812,1.230003,-0.4892128,0.08002714,0.8684851,-0.195234,0.9604637,-0.1984769,-0.850032,-0.2666553,-0.4542472,moving,3.339840546522827,-3.2556218149605245,-8.877259258874071,-4.634452122629296,-0.9347472,-0.3951144099999999,-0.6666780000000001,0.0581645014514795,-0.0566945998497831,0.9966957989313155,4.016009557854288,-2.523561132865376,12.260460719206865,12.29466147042589,13.064924092817623
990,05/05/2023 12:21:38.637685,1188,True,True,True,True,Eyes,2.03338,0.08243579,-2.445947,-0.8605922,-0.3173487,-0.3983352,0.0,0.0,0.0,0.0,0.0,0.0,0.0,2.861043,-0.1842999,0.581001,1.884113,0.08211883,-2.236172,0.03074362,-0.8543413,0.1408802,0.4993081,15.74882,241.3345,5.255225,0.6368773,0.02579952,-0.7705284,0.0,0.0,0.0,0.9550982,-0.3192782,-2.910719,-0.1884555,-0.09978552,1.230231,-0.4994927,0.08815411,0.8618215,-0.1932163,0.9584152,-0.2100184,-0.8444968,-0.2714206,-0.4616887,moving,3.36383435400138,-3.113087326976821,-8.709269821917157,-4.637178177220128,-0.9290148,-0.40139703,-0.674547,0.0585899735219007,-0.0542136039224121,0.996808990631614,4.0393246314575215,-2.3768064122307004,12.135597585358402,12.168923426596823,12.94742990143515
991,05/05/2023 12:21:38.647841,1189,True,True,True,True,Eyes,2.02663,0.08235437,-2.43728,-0.856519,-0.3192553,-0.4055258,0.0,0.0,0.0,0.0,0.0,0.0,0.0,2.854164,-0.223509,0.541949,1.875884,0.08375851,-2.227994,-0.02392135,0.8582786,-0.1382489,-0.4936323,15.12519,240.5638,5.672967,0.6370954,0.02581039,-0.7703477,0.0,0.0,0.0,0.952493,-0.3216588,-2.910624,-0.1853811,-0.09725875,1.230802,-0.5115101,0.09542588,0.8539624,-0.1775506,0.96063,-0.2136955,-0.8407339,-0.2609289,-0.474429,moving,3.5254029092978727,-3.903714839125481,-8.565399573339247,-4.518160038806868,-0.923391,-0.40541731,-0.6826300000000001,0.0613489385687164,-0.0679517369556699,0.9958005762128928,4.200447312556382,-3.1887884038814107,12.071978148414864,12.106405229363316,12.834877313705634
992,05/05/2023 12:21:38.667647,1190,True,True,True,True,Eyes,2.019832,0.08235044,-2.428637,-0.8522156,-0.3215015,-0.4127532,0.0,0.0,0.0,0.0,0.0,0.0,0.0,2.849493,-0.2297119,0.5021131,1.868257,0.08407968,-2.219694,-0.02453121,0.8613526,-0.1404142,-0.4876,15.4154,239.7906,5.635811,0.6373001,0.02582658,-0.7701779,0.0,0.0,0.0,0.9501436,-0.3238057,-2.910538,-0.1820198,-0.09867966,1.230628,-0.523289,0.09467191,0.8468802,-0.179192,0.9593642,-0.2179695,-0.8331021,-0.2658152,-0.4850603,moving,3.7904987945968873,-3.7786897925038634,-8.413507944489123,-4.584534550281583,-0.9181134,-0.4078853799999999,-0.6908439999999998,0.0659653412501854,-0.0657592333433763,0.9956526223938188,4.461460322890943,-3.0583596708128025,12.19576348314664,12.23058323471512,12.965107699080836
993,05/05/2023 12:21:38.687764,1191,True,True,True,True,Eyes,2.012993,0.08241814,-2.420076,-0.8479577,-0.3235625,-0.4198512,0.0,0.0,0.0,0.0,0.0,0.0,0.0,2.844384,-0.228748,0.464715,1.860139,0.0860064,-2.211626,-0.02752081,0.8638424,-0.1447003,-0.4817477,16.05218,239.0692,5.485745,0.6374914,0.02585005,-0.7700189,0.0,0.0,0.0,0.9475253,-0.3261984,-2.910443,-0.177994,-0.0967143,1.231538,-0.5343238,0.09187077,0.8402725,-0.1869653,0.9566088,-0.2234803,-0.8243435,-0.2765127,-0.4939622,moving,4.05327050692839,-3.2847571928479358,-8.224002449269635,-4.490297300239863,-0.9126137,-0.4122048,-0.698817,0.0705683756037701,-0.0571555802282745,0.995868127088318,4.719313107646735,-2.548549852516485,12.304630928186796,12.336318664476934,13.088154979089056
994,05/05/2023 12:21:38.697976,1192,True,True,True,True,Eyes,2.006116,0.08251049,-2.411563,-0.8436254,-0.3255119,-0.4270108,0.0,0.0,0.0,0.0,0.0,0.0,0.0,2.838193,-0.2323986,0.4304194,1.851639,0.0878533,-2.204161,-0.02732213,0.8667107,-0.1428704,-0.477131,15.88617,238.4074,5.307917,0.6376687,0.02588239,-0.7698711,0.0,0.0,0.0,0.9449887,-0.3285163,-2.910351,-0.1742231,-0.08983153,1.232799,-0.543199,0.08897504,0.8348762,-0.1836966,0.957683,-0.2215822,-0.8192622,-0.2737271,-0.503868,moving,4.18251401866854,-3.5726137967011904,-8.04395325222338,-4.167659745440182,-0.9066503,-0.4163696,-0.7061899999999999,0.072792840808728,-0.0621481647303095,0.9954088827366668,4.847387985911601,-2.843690263685444,12.211808893985369,12.240938755148724,12.959150207735748
995,05/05/2023 12:21:38.718234,1193,True,True,True,True,Eyes,1.999219,0.08260383,-2.403151,-0.8393203,-0.3273682,-0.434018,0.0,0.0,0.0,0.0,0.0,0.0,0.0,2.83218,-0.23028,0.3982797,1.843739,0.08850579,-2.196745,-0.02820447,0.8692505,-0.1418538,-0.4727427,15.85953,237.7865,5.074688,0.6378319,0.02592356,-0.7697346,0.0,0.0,0.0,0.9424231,-0.3308608,-2.910257,-0.1710884,-0.08668505,1.233801,-0.5514379,0.08508722,0.8298655,-0.1831542,0.958164,-0.2199461,-0.8138618,-0.2732799,-0.5127839,moving,4.298782271863584,-3.707792838978896,-7.894731397535432,-4.018913375409581,-0.9013159,-0.41936659,-0.7135120000000001,0.074801518174891,-0.0644868677828825,0.9951112025545764,4.962313267060515,-2.9819022705173137,12.169338545610325,12.197482182565778,12.89879798814932
996,05/05/2023 12:21:38.737659,1194,True,True,True,True,Eyes,1.992287,0.08268584,-2.394811,-0.8349255,-0.329072,-0.4411476,0.0,0.0,0.0,0.0,0.0,0.0,0.0,2.826485,-0.2281035,0.3639562,1.83568,0.08867311,-2.18996,-0.0291157,0.871907,-0.1409156,-0.4680529,15.84202,237.1287,4.838246,0.6379805,0.02597274,-0.76961,0.0,0.0,0.0,0.9398406,-0.3332208,-2.910163,-0.1678795,-0.08554877,1.234739,-0.5601578,0.0811395,0.8244027,-0.1826842,0.9585901,-0.2184752,-0.8079913,-0.2729859,-0.5221388,moving,4.44359082723923,-3.8266140657030014,-7.742660133320458,-3.963398575307416,-0.8958394,-0.42189391,-0.7202029999999997,0.0773058769501909,-0.0665376642593379,0.994784759304184,5.105332459212256,-3.1030923077135446,12.158856289345282,12.187018604884855,12.87676358918796
997,05/05/2023 12:21:38.747852,1195,True,True,True,True,Eyes,1.985338,0.08272789,-2.38656,-0.8305119,-0.3308012,-0.4481298,0.0,0.0,0.0,0.0,0.0,0.0,0.0,2.820903,-0.2249384,0.3273985,1.827761,0.08843075,-2.183288,-0.02988414,0.8748034,-0.1391994,-0.4630871,15.737,236.4215,4.566832,0.6381141,0.02602882,-0.7694975,0.0,0.0,0.0,0.9371912,-0.3356418,-2.910066,-0.1647524,-0.08571774,1.235801,-0.5693148,0.07663739,0.81854,-0.1812084,0.959461,-0.2158662,-0.8019006,-0.2712221,-0.532348,moving,4.637883930633232,-4.036294886371934,-7.593683707428901,-3.96779998964806,-0.8905698,-0.42407255,-0.7267779999999999,0.0806587181602632,-0.0701590326762169,0.9942694046030838,5.297343149460732,-3.3173804143400445,12.202315811503205,12.231759416999916,12.90742495810042
998,05/05/2023 12:21:38.767927,1196,True,True,True,True,Eyes,1.978363,0.08275001,-2.378401,-0.825959,-0.3325294,-0.4552097,0.0,0.0,0.0,0.0,0.0,0.0,0.0,2.815296,-0.2212545,0.2899604,1.820048,0.0875259,-2.176852,-0.03138725,0.8775496,-0.1393001,-0.4577303,15.85593,235.6948,4.318523,0.6382326,0.02608986,-0.7693973,0.0,0.0,0.0,0.9346347,-0.3379779,-2.909973,-0.1617101,-0.08626363,1.236877,-0.5789958,0.07243599,0.8121065,-0.1826115,0.9592206,-0.2157517,-0.7946175,-0.2732193,-0.5421569,moving,4.856934845589413,-4.024208498223356,-7.448638903311151,-3.989524875596541,-0.8854133000000001,-0.4255038,-0.7331210000000001,0.0844607558406808,-0.0699271948324394,0.9939700753368468,5.513235301698095,-3.303422800741259,12.275857091832384,12.305622627210262,12.980019990878471
999,05/05/2023 12:21:38.788121,1197,True,True,True,True,Eyes,1.97138,0.08278531,-2.37036,-0.8213299,-0.3343821,-0.4621752,0.0,0.0,0.0,0.0,0.0,0.0,0.0,2.80938,-0.2194947,0.252492,1.812267,0.08705165,-2.170866,-0.03266153,0.8802774,-0.1394601,-0.4523228,15.96644,234.9665,4.095237,0.6383355,0.02615475,-0.76931,0.0,0.0,0.0,0.9320456,-0.3403439,-2.909878,-0.1574816,-0.09314851,1.237463,-0.5886746,0.06865955,0.8054489,-0.1836644,0.9589682,-0.2159801,-0.7872289,-0.2750742,-0.5519099,moving,5.077093570021482,-4.029294300553527,-7.252570813524173,-4.304751354954584,-0.8802214,-0.4273955499999999,-0.7390119999999998,0.0882790517125997,-0.0699921693218136,0.9936337424784902,5.730259895818366,-3.307117936720468,12.300009089205355,12.332740992970445,13.021104625362058
1000,05/05/2023 12:21:38.797758,1198,True,True,True,True,Eyes,1.96436,0.08276907,-2.362436,-0.8165473,-0.3359966,-0.4694218,0.0,0.0,0.0,0.0,0.0,0.0,0.0,2.802979,-0.2248511,0.2107351,1.804508,0.08745897,-2.165123,-0.03321382,0.8833391,-0.1404,-0.4459784,16.12101,234.1392,3.972449,0.6384223,0.02622351,-0.7692359,0.0,0.0,0.0,0.929545,-0.3426289,-2.909787,-0.1517451,-0.09294523,1.238771,-0.6000001,0.06655262,0.7972267,-0.1839089,0.9583694,-0.2184163,-0.7785739,-0.2776669,-0.5627822,moving,5.368242305683244,-3.991761383718106,-6.983739351790088,-4.290873708173182,-0.874963,-0.43008787,-0.7446640000000002,0.093331502019701,-0.0693091788423859,0.993219765773432,6.017159615607613,-3.2664874576006,12.323267878751228,12.355602739211008,13.041194007867714
1001,05/05/2023 12:21:38.817769,1199,True,True,True,True,Eyes,1.957331,0.08272565,-2.354615,-0.8116312,-0.3379301,-0.4765061,0.0,0.0,0.0,0.0,0.0,0.0,0.0,2.797174,-0.2230927,0.160995,1.796415,0.08612256,-2.159941,-0.03339573,0.8872536,-0.1375393,-0.4390315,15.86597,233.1654,3.666174,0.6384919,0.02629411,-0.7691759,0.0,0.0,0.0,0.9269153,-0.345032,-2.909692,-0.1471325,-0.08990289,1.240374,-0.6122723,0.06150718,0.7882512,-0.1800291,0.9599354,-0.2147409,-0.7698783,-0.273388,-0.5766687,moving,5.787475651156599,-4.377946644335649,-6.76478473658275,-4.145575665962107,-0.8694997000000001,-0.43115456,-0.7497510000000003,0.1005475758715415,-0.0759484061157278,0.9920292562376862,6.431312006498961,-3.66073021478068,12.520099671224097,12.554411061981387,13.205000733218574
1002,05/05/2023 12:21:38.837729,1200,True,True,True,True,Eyes,1.950261,0.0827364,-2.346922,-0.8064731,-0.3400409,-0.4837078,0.0,0.0,0.0,0.0,0.0,0.0,0.0,2.791075,-0.2104795,0.118165,1.788765,0.08545495,-2.154386,-0.03795194,0.8898802,-0.1399999,-0.432519,16.37938,232.3041,3.200229,0.6385443,0.02636547,-0.7691302,0.0,0.0,0.0,0.9244997,-0.3472394,-2.909603,-0.1431451,-0.08979197,1.241748,-0.6229738,0.05355984,0.7804069,-0.1886506,0.9579194,-0.2163363,-0.7591538,-0.2819961,-0.5866545,moving,6.140375230167649,-3.9762177185708047,-6.575864958471429,-4.135913202717135,-0.8642652999999999,-0.43269435,-0.755217,0.1067101934290601,-0.0689464630451579,0.9918967841107031,6.7782219735961045,-3.245117337641363,12.685597770787249,12.717242908068412,13.383764607256548
1003,05/05/2023 12:21:38.848059,1201,True,True,True,True,Eyes,1.943124,0.0827442,-2.339337,-0.8013185,-0.3419854,-0.4908509,0.0,0.0,0.0,0.0,0.0,0.0,0.0,2.784118,-0.2059262,0.07484913,1.780522,0.08675891,-2.149776,-0.04124365,0.8925997,-0.1419959,-0.4259131,16.77556,231.4351,2.833363,0.6385782,0.02643928,-0.7690997,0.0,0.0,0.0,0.9218007,-0.3497057,-2.909505,-0.1393956,-0.09752335,1.242128,-0.6337942,0.04732769,0.7720526,-0.194584,0.9562723,-0.2183586,-0.7486269,-0.2886235,-0.5968707,moving,6.48561733029645,-3.688727803706047,-6.403125948063627,-4.489261369835778,-0.8587212999999999,-0.43646461,-0.7597289999999997,0.1127227660072651,-0.0639259320134962,0.9915679560807202,7.117853072845245,-2.947045211838844,12.880734729796409,12.91358034342035,13.608648146007914
1004,05/05/2023 12:21:38.867818,1202,True,True,True,True,Eyes,1.935977,0.08272111,-2.331882,-0.7958933,-0.3442027,-0.4980746,0.0,0.0,0.0,0.0,0.0,0.0,0.0,2.777651,-0.1923916,0.03009963,1.772485,0.08655699,-2.14571,-0.04337981,0.8959255,-0.138118,-0.4199512,16.4944,230.5599,2.287754,0.6385924,0.02651522,-0.7690855,0.0,0.0,0.0,0.9192527,-0.3520342,-2.909412,-0.1360456,-0.09130117,1.244339,-0.6435182,0.0382755,0.7644732,-0.1937358,0.9580832,-0.2110521,-0.7405071,-0.2839217,-0.6091287,moving,6.80712026222526,-4.069118405079547,-6.239458286334857,-4.196456389689084,-0.8532323,-0.43859119,-0.7637020000000003,0.1182327574072985,-0.070462107384177,0.9904827395448076,7.435657984100978,-3.3360100649799898,13.013603174303828,13.047199959611005,13.702159424252963
1005,05/05/2023 12:21:38.887879,1203,True,True,True,True,Eyes,1.9288,0.08272915,-2.324576,-0.7905437,-0.3466107,-0.504878,0.0,0.0,0.0,0.0,0.0,0.0,0.0,2.771007,-0.1714076,-0.01108813,1.764946,0.08577514,-2.141399,-0.04969747,0.8980836,-0.1404563,-0.4138214,17.06251,229.7215,1.61739,0.6385863,0.02659204,-0.7690881,0.0,0.0,0.0,0.9166117,-0.3544475,-2.909316,-0.1353546,-0.09010226,1.246328,-0.6525642,0.0269827,0.7572531,-0.2055126,0.9556044,-0.2111513,-0.7293317,-0.2934148,-0.618048,moving,7.148886936991419,-3.59109739405686,-6.198184911030985,-4.134957660232908,-0.8483342999999999,-0.44022264,-0.7679170000000002,0.1242075502348695,-0.0621504165476328,0.9903079945329069,7.77141436964615,-2.842013402843553,13.328220648521924,13.358147734824511,14.029305361115044
1006,05/05/2023 12:21:38.897649,1204,True,True,True,True,Eyes,1.921582,0.0827545,-2.317419,-0.7851047,-0.3488816,-0.5117541,0.0,0.0,0.0,0.0,0.0,0.0,0.0,2.762901,-0.1650015,-0.04910636,1.756822,0.08656075,-2.137601,-0.05353511,0.9001392,-0.1429416,-0.4079846,17.51874,228.952,1.217234,0.638559,0.02667065,-0.7691083,0.0,0.0,0.0,0.9141858,-0.3566644,-2.909227,-0.1318567,-0.1067569,1.246648,-0.6613654,0.02025787,0.7497905,-0.2130141,0.9534034,-0.2136517,-0.7191809,-0.3010177,-0.6262329,moving,7.39258805340111,-3.239960587657856,-6.037668886002881,-4.8945918758922735,-0.8426362000000001,-0.44322515,-0.7716259999999999,0.1284650448745364,-0.0560495435016061,0.9901288807857817,8.010805554354848,-2.4791927085005985,13.498033667616594,13.531799812235375,14.254605825459391
1007,05/05/2023 12:21:38.918143,1205,True,True,True,True,Eyes,1.914309,0.08279652,-2.310393,-0.7798306,-0.3511834,-0.5182031,0.0,0.0,0.0,0.0,0.0,0.0,0.0,2.753783,-0.1686768,-0.08455992,1.748505,0.08697098,-2.13403,-0.053693,0.902584,-0.1422019,-0.4027877,17.45472,228.2612,1.058908,0.638509,0.02675144,-0.7691471,0.0,0.0,0.0,0.9116278,-0.3590019,-2.909134,-0.1252275,-0.1033793,1.249167,-0.6697584,0.01762942,0.7423699,-0.2114792,0.9537914,-0.2134445,-0.7118289,-0.299952,-0.6350816,moving,7.564438860403852,-3.436941966969426,-5.724707168236969,-4.730936895824033,-0.8368772,-0.44597288,-0.7751039999999998,0.1314084779774377,-0.0594301173341165,0.9895452849924742,8.180664729318165,-2.680576771779541,13.319031230409411,13.351997043380498,14.05572282906816
1008,05/05/2023 12:21:38.937726,1206,True,True,True,True,Eyes,1.907001,0.08283604,-2.303535,-0.7744367,-0.3534183,-0.5247316,0.0,0.0,0.0,0.0,0.0,0.0,0.0,2.744753,-0.1699322,-0.118814,1.740377,0.08742279,-2.130752,-0.05524901,0.9046218,-0.1433337,-0.3975707,17.6533,227.5807,0.8425132,0.6384352,0.02683475,-0.7692055,0.0,0.0,0.0,0.9090229,-0.3613822,-2.909039,-0.1189152,-0.09429225,1.25225,-0.6777706,0.01401166,0.7351404,-0.2139295,0.952806,-0.2153949,-0.7034642,-0.3032565,-0.6427863,moving,7.724700445428584,-3.357706548081147,-5.424610989474009,-4.30614657947402,-0.8313541000000001,-0.4488049899999999,-0.7782869999999997,0.1341868017922035,-0.0580397959536489,0.9892548879994368,8.338449438577362,-2.597970739400789,13.155058628157564,13.183471838070904,13.86865880490264
1009,05/05/2023 12:21:38.947787,1207,True,True,True,True,Eyes,1.899666,0.08285649,-2.296829,-0.7692536,-0.3557282,-0.5307601,0.0,0.0,0.0,0.0,0.0,0.0,0.0,2.735817,-0.1653561,-0.1544168,1.732102,0.08736623,-2.127926,-0.05715432,0.9068053,-0.1428718,-0.3924606,17.69653,226.8849,0.510453,0.6383365,0.02692021,-0.7692845,0.0,0.0,0.0,0.906498,-0.3636895,-2.908947,-0.1151857,-0.1026478,1.253037,-0.6854162,0.008487421,0.7281021,-0.2157987,0.9526421,-0.2142521,-0.6954392,-0.3039754,-0.6511247,moving,7.93409147078077,-3.4243700320669865,-5.25216620854072,-4.683167756551658,-0.825604,-0.45105573,-0.781021,0.1377921045364722,-0.0591611916922474,0.98869268555258,8.545005303221147,-2.665069582630979,13.2146278367796,13.246205618841676,13.94398300216101
1010,05/05/2023 12:21:38.967989,1208,True,True,True,True,Eyes,1.892295,0.08284263,-2.290283,-0.7639756,-0.3581071,-0.53675,0.0,0.0,0.0,0.0,0.0,0.0,0.0,2.726665,-0.1618056,-0.1858037,1.724102,0.08694838,-2.124926,-0.05962878,0.9084544,-0.1442826,-0.3877341,17.96215,226.26,0.2136134,0.6382119,0.02700695,-0.7693848,0.0,0.0,0.0,0.9039384,-0.3660286,-2.908854,-0.111388,-0.1067645,1.254241,-0.6922136,0.003546547,0.7216843,-0.2202267,0.9512538,-0.2159081,-0.6872708,-0.3083886,-0.6576898,moving,8.072415954984626,-3.2721146232605465,-5.075071447023118,-4.865448035632373,-0.8201636,-0.45297698,-0.783928,0.140200155718414,-0.0565143844928851,0.9885089861238958,8.68099433869077,-2.507520244502523,13.212243740438604,13.243682884640991,13.956689054681656
1011,05/05/2023 12:21:38.987904,1209,True,True,True,True,Eyes,1.892295,0.08284263,-2.290283,-0.7639756,-0.3581071,-0.53675,0.0,0.0,0.0,0.0,0.0,0.0,0.0,2.717199,-0.1625518,-0.2132587,1.715733,0.08612387,-2.122242,-0.06121854,0.9098262,-0.1459703,-0.3836162,18.21503,225.7299,0.03599073,0.6380605,0.02709365,-0.7695072,0.0,0.0,0.0,0.9012929,-0.368446,-2.908757,-0.1062643,-0.1104529,1.255075,-0.698182,0.0005966939,0.7159203,-0.2233896,0.9498899,-0.2186464,-0.680176,-0.312584,-0.6630628,moving,8.575519511824693,-3.022470611295564,-4.8395589595011845,-5.029358974637455,-0.8144401,-0.45456987,-0.7865150000000001,0.1489100434054611,-0.0521397268296174,0.9874751758018456,9.176320198687208,-2.2472693063398173,13.53356237194391,13.56436254656842,14.2893278883014
1012,05/05/2023 12:21:38.997896,1210,True,True,True,True,Eyes,1.892295,0.08284263,-2.290283,-0.7639756,-0.3581071,-0.53675,0.0,0.0,0.0,0.0,0.0,0.0,0.0,2.707693,-0.1681964,-0.2359977,1.707319,0.0857901,-2.119737,-0.06192625,0.9109175,-0.1479243,-0.3801486,18.45599,225.3005,359.9787,0.6379243,0.02717168,-0.7696173,0.0,0.0,0.0,0.8987493,-0.3707704,-2.908664,-0.1000417,-0.1156565,1.255674,-0.7033044,-0.0003529489,0.7108889,-0.2252859,0.9485671,-0.2224113,-0.6742473,-0.3165761,-0.6672109,moving,8.977443576123095,-2.7967323186423108,-4.555230994023425,-5.262500179014566,-0.8085697000000001,-0.4565605,-0.7889269999999997,0.1558642693786326,-0.048196483231277,0.986601947849776,9.57196877180867,-2.01230941335674,13.724963903718868,13.755482258457356,14.49625859444063
1013,05/05/2023 12:21:39.018215,1211,True,True,True,True,Eyes,1.884175,0.0827333,-2.283703,-0.7588795,-0.3605976,-0.5422832,0.0,0.0,0.0,0.0,0.0,0.0,0.0,2.697873,-0.1782439,-0.2574821,1.69872,0.08513645,-2.117472,-0.06123696,0.9121037,-0.1491219,-0.3769346,18.55373,224.9136,0.04287936,0.6378016,0.02724191,-0.7697164,0.0,0.0,0.0,0.8961178,-0.3731751,-2.908568,-0.09265131,-0.1153246,1.256749,-0.7083406,0.0007094963,0.7058704,-0.2241273,0.9480255,-0.2258646,-0.6693432,-0.3181939,-0.6713659,moving,8.899155913072086,-2.8594771611347607,-4.216389145607725,-5.2430192111437455,-0.8026022,-0.45831155,-0.791096,0.1545078032263092,-0.0492875115042935,0.9867613052811428,9.494947702942412,-2.077384320360445,13.301059922195549,13.330371146011704,14.072029080276712
1014,05/05/2023 12:21:39.037926,1212,True,True,True,True,Eyes,1.876036,0.08255451,-2.277302,-0.7537938,-0.363061,-0.5477058,0.0,0.0,0.0,0.0,0.0,0.0,0.0,2.688166,-0.1865311,-0.2781949,1.690057,0.0837922,-2.115445,-0.06018154,0.913335,-0.1492803,-0.3740493,18.52434,224.5595,0.1054188,0.6376373,0.02731106,-0.76985,0.0,0.0,0.0,0.8936616,-0.3754196,-2.908479,-0.08510327,-0.1154705,1.257462,-0.7129307,0.001744575,0.7012324,-0.2216082,0.9481871,-0.2276641,-0.6652968,-0.3177075,-0.6756051,moving,8.795674178224225,-3.045735746960773,-3.871794004507018,-5.246655252901502,-0.7963954,-0.4592118,-0.793034,0.1527002704172856,-0.0525099698453184,0.9868765659769267,9.393383629155,-2.269660726080125,12.828145686173594,12.857246860511731,13.595125378801455
1015,05/05/2023 12:21:39.048531,1213,True,True,True,True,Eyes,1.867818,0.08230466,-2.27105,-0.7491495,-0.3653854,-0.552511,0.0,0.0,0.0,0.0,0.0,0.0,0.0,2.678307,-0.195672,-0.2976158,1.68141,0.08197187,-2.11337,-0.05947904,0.9143135,-0.1506726,-0.3712019,18.64366,224.224,0.1871457,0.6374317,0.02737682,-0.7700177,0.0,0.0,0.0,0.890945,-0.377902,-2.90838,-0.07537717,-0.1156358,1.258784,-0.7173428,0.003094905,0.6967135,-0.2206249,0.94752,-0.2313664,-0.660866,-0.3196813,-0.6790138,moving,8.716068299574166,-3.079124185926561,-3.4268331857160166,-5.248636863554649,-0.7904650000000001,-0.45987387,-0.79501,0.1513242612641104,-0.05309641498753,0.9870570437785012,9.314994009082826,-2.304553684465527,12.307756268058109,12.33518713842038,13.07752981367318
1016,05/05/2023 12:21:39.068031,1214,True,True,True,True,Eyes,1.859563,0.08200106,-2.264987,-0.7445645,-0.3676383,-0.5571946,0.0,0.0,0.0,0.0,0.0,0.0,0.0,2.66842,-0.2054489,-0.3161297,1.672362,0.08003964,-2.111731,-0.05819304,0.9153112,-0.1513233,-0.3686739,18.65834,223.9279,0.3052981,0.6371845,0.02743706,-0.7702197,0.0,0.0,0.0,0.8884512,-0.3801809,-2.908289,-0.06264585,-0.1234604,1.258052,-0.7213864,0.005048389,0.6925145,-0.2181073,0.9474297,-0.2341072,-0.6572907,-0.3199242,-0.6823618,moving,8.605352569044564,-3.216140826692457,-2.8507410377181555,-5.604841249498368,-0.7839107999999999,-0.46022054,-0.7965580000000001,0.1493973152757284,-0.0554731474952049,0.9872199393507404,9.206183284970129,-2.4462384163063,11.67465753579391,11.70247710687027,12.463795408336953
1017,05/05/2023 12:21:39.087688,1215,True,True,True,True,Eyes,1.851254,0.08166128,-2.259122,-0.7404087,-0.3697216,-0.5613385,0.0,0.0,0.0,0.0,0.0,0.0,0.0,2.658657,-0.2166598,-0.3314302,1.663186,0.07846705,-2.110188,-0.05675527,0.9160603,-0.1523089,-0.3666259,18.7031,223.7013,0.4656766,0.6368955,0.0274904,-0.7704561,0.0,0.0,0.0,0.8859298,-0.382485,-2.908197,-0.05089927,-0.1148518,1.259574,-0.7247288,0.007698309,0.6889915,-0.2156633,0.9471617,-0.2374324,-0.6544142,-0.3206642,-0.6847751,moving,8.466611721667377,-3.3167417576879408,-2.314058162860761,-5.209996605186461,-0.7772562000000001,-0.46095205,-0.798009,0.1469917635866099,-0.0572272937855818,0.9874808729328264,9.06966212158506,-2.550667405563684,10.92152153124404,10.945650144086857,11.690214681795606
1018,05/05/2023 12:21:39.098067,1216,True,True,True,True,Eyes,1.842891,0.08127958,-2.25345,-0.7363588,-0.371559,-0.5654377,0.0,0.0,0.0,0.0,0.0,0.0,0.0,2.648864,-0.2279792,-0.3471737,1.653629,0.07727589,-2.109152,-0.0548584,0.9169378,-0.1523468,-0.3647003,18.62657,223.4834,0.6359847,0.636564,0.02753617,-0.7707277,0.0,0.0,0.0,0.8832843,-0.3849024,-2.908101,-0.03912598,-0.1108618,1.260451,-0.7279686,0.01051838,0.6855298,-0.2117253,0.947562,-0.2393714,-0.6520998,-0.3193989,-0.6875685,moving,8.324624505353968,-3.52391136977505,-1.7779619504075623,-5.026462402265791,-0.7703447,-0.46217829,-0.7989489999999999,0.1445134511253129,-0.0608198839577166,0.987632001080844,8.930192090838327,-2.764717952645517,10.190954784740793,10.213711994244566,10.94440728986448
1019,05/05/2023 12:21:39.118145,1217,True,True,True,True,Eyes,1.83445,0.08084746,-2.247956,-0.7325938,-0.3733395,-0.5691432,0.0,0.0,0.0,0.0,0.0,0.0,0.0,2.63917,-0.2353988,-0.362921,1.64395,0.0758657,-2.108083,-0.05286451,0.9179478,-0.1508974,-0.3630527,18.38599,223.2803,0.755572,0.636192,0.02757341,-0.771034,0.0,0.0,0.0,0.8807336,-0.3872333,-2.908007,-0.02703196,-0.120282,1.259205,-0.7307961,0.01251369,0.682481,-0.2066211,0.9488707,-0.2386466,-0.6505725,-0.315417,-0.6908454,moving,8.198118904984202,-3.884570018905788,-1.2298071880037162,-5.456461846525588,-0.7632164,-0.463099,-0.7999239999999999,0.1422754730037586,-0.0670574298333699,0.987553052271436,8.806344110334615,-3.1365139754063387,9.533475691939072,9.558066453659986,10.300800503254536
1020,05/05/2023 12:21:39.138030,1218,True,True,True,True,Eyes,1.825939,0.08038227,-2.242658,-0.7289184,-0.3749655,-0.5727817,0.0,0.0,0.0,0.0,0.0,0.0,0.0,2.6297,-0.242782,-0.3774538,1.634145,0.0742425,-2.107318,-0.0518734,0.9185784,-0.1513205,-0.3614212,18.39074,223.0927,0.8502536,0.6357736,0.02760148,-0.7713785,0.0,0.0,0.0,0.878239,-0.3895129,-2.907917,-0.01463962,-0.1101066,1.259905,-0.733368,0.0140813,0.6796864,-0.2046804,0.9488226,-0.2405032,-0.6482883,-0.3154958,-0.692954,moving,8.065562512811624,-3.985782225178153,-0.6657253466623009,-4.9945479423244405,-0.755906,-0.4637554,-0.8005990000000001,0.1399734601074742,-0.0688246327190077,0.9877604144226142,8.675920465361209,-3.2415284939487035,8.767379630347197,8.789368348014914,9.504705343338106
1021,05/05/2023 12:21:39.148185,1219,True,True,True,True,Eyes,1.817355,0.07989759,-2.23756,-0.7255026,-0.3765122,-0.5760943,0.0,0.0,0.0,0.0,0.0,0.0,0.0,2.620255,-0.2486799,-0.3914204,1.623912,0.07297255,-2.106743,-0.05064387,0.9192646,-0.1506957,-0.3601094,18.27228,222.9338,0.9306774,0.6353114,0.02761978,-0.771759,0.0,0.0,0.0,0.8756325,-0.3918948,-2.907821,-0.004408002,-0.1038963,1.260096,-0.735513,0.01542366,0.6773351,-0.2016441,0.9494519,-0.2405838,-0.6468079,-0.3135331,-0.6952241,moving,7.930068641486707,-4.202697332312543,-0.2004282852240907,-4.713438341196795,-0.7482795,-0.46486735,-0.8010780000000004,0.1376004014838057,-0.0725880504921393,0.9878244815175092,8.542873951887048,-3.465556363953303,8.12473490711012,8.14652297937039,8.831904859009848
1022,05/05/2023 12:21:39.167820,1220,True,True,True,True,Eyes,1.808695,0.07937206,-2.232665,-0.7222149,-0.3778639,-0.5793311,0.0,0.0,0.0,0.0,0.0,0.0,0.0,2.611269,-0.2544409,-0.4028037,1.613543,0.07203802,-2.106421,-0.0498233,0.9196595,-0.1507409,-0.3591956,18.24332,222.83,1.004515,0.6348034,0.02762848,-0.7721767,0.0,0.0,0.0,0.8731193,-0.3941913,-2.90773,0.00344336,-0.1086607,1.258813,-0.7369925,0.01665001,0.6756961,-0.1999319,0.9495897,-0.2414679,-0.6456544,-0.3130532,-0.6965116,moving,7.752778810772442,-4.313616714872348,0.1567266172792325,-4.933540707271733,-0.7404236999999999,-0.46622932,-0.8013089999999998,0.1345237820269375,-0.0745320293560219,0.98810340592555,8.368378991789516,-3.5808660275798947,7.600105226907531,7.621306625679444,8.322317195882395
1023,05/05/2023 12:21:39.187891,1221,True,True,True,True,Eyes,1.799939,0.07879553,-2.227946,-0.7190872,-0.3792234,-0.5823258,0.0,0.0,0.0,0.0,0.0,0.0,0.0,2.602534,-0.2590366,-0.4139354,1.603062,0.07051205,-2.106382,-0.0483541,0.9201748,-0.1495182,-0.3585873,18.04983,222.7558,1.099367,0.6342483,0.02762699,-0.772633,0.0,0.0,0.0,0.8704952,-0.3965892,-2.907634,0.01168078,-0.1077397,1.258079,-0.7381544,0.0182422,0.6743855,-0.1962191,0.9506124,-0.2404874,-0.6454662,-0.309844,-0.6981192,moving,7.561033391512668,-4.591177858235685,0.5319540072206286,-4.894768400890562,-0.7325668,-0.4671012499999999,-0.8012519999999999,0.1311673032572314,-0.0793538761087579,0.9881792481932524,8.180027678416035,-3.867656650527053,7.013569792200303,7.035632466826905,7.716734375872166
1024,05/05/2023 12:21:39.198642,1222,True,True,True,True,Eyes,1.7911,0.07818995,-2.223424,-0.7160845,-0.3805542,-0.5851508,0.0,0.0,0.0,0.0,0.0,0.0,0.0,2.594535,-0.2632281,-0.4195719,1.592447,0.06872544,-2.106259,-0.04752342,0.9201174,-0.1496319,-0.3587979,18.02671,222.7968,1.200396,0.6336453,0.02761441,-0.7731283,0.0,0.0,0.0,0.8680076,-0.3988625,-2.907543,0.02049673,-0.1096969,1.256354,-0.7380113,0.01992096,0.6744944,-0.1948294,0.9507036,-0.2412552,-0.6460503,-0.3094604,-0.6977489,moving,7.275111248367545,-4.689918062180537,0.9346664620394006,-4.990050590546472,-0.7244394,-0.46758794,-0.8012839999999999,0.1262164943001277,-0.0811092520818488,0.9886812705881703,7.898424086213413,-3.971198373973372,6.326966927935747,6.347544377399743,7.037895998624703
1025,05/05/2023 12:21:39.217694,1223,True,True,True,True,Eyes,1.782203,0.07760271,-2.219135,-0.7132587,-0.3818874,-0.5877277,0.0,0.0,0.0,0.0,0.0,0.0,0.0,2.586149,-0.272633,-0.4253507,1.581603,0.06744322,-2.106514,-0.04623981,0.9200068,-0.1506763,-0.3588123,18.0851,222.8337,1.38927,0.6329928,0.02759064,-0.7736636,0.0,0.0,0.0,0.8653955,-0.4012494,-2.907448,0.0279429,-0.1063371,1.255375,-0.7382314,0.02304715,0.6741539,-0.1932109,0.950317,-0.2440636,-0.6462849,-0.3104293,-0.6971009,moving,7.003897990823667,-4.719155506506923,1.2751137400528652,-4.841706894447866,-0.7162075000000001,-0.46869262,-0.8009339999999998,0.1215295990199107,-0.0816618848799661,0.9892227766644128,7.631155415583679,-4.003158481855197,5.711130871183924,5.730094923695926,6.411117626541119
1026,05/05/2023 12:21:39.237671,1224,True,True,True,True,Eyes,1.773214,0.0770346,-2.215044,-0.710583,-0.3830698,-0.5901943,0.0,0.0,0.0,0.0,0.0,0.0,0.0,2.578798,-0.2785769,-0.4278648,1.570503,0.06731886,-2.107097,-0.04469986,0.9198463,-0.149824,-0.3597745,17.92632,222.9663,1.540092,0.6322902,0.02755724,-0.7742392,0.0,0.0,0.0,0.8628852,-0.4035434,-2.907357,0.03307122,-0.1029502,1.253729,-0.7371286,0.02557168,0.6752687,-0.1900397,0.9511094,-0.2434663,-0.6484802,-0.3077937,-0.6962304,moving,6.654443638335266,-4.944242654551235,1.5110139648228935,-4.694321830597846,-0.7076178,-0.47086226,-0.8002600000000002,0.1154555908120257,-0.0856098965067541,0.9896165598270268,7.287225216835565,-4.237082817117713,5.130012549722518,5.149497958501695,5.794280278285308
1027,05/05/2023 12:21:39.247676,1225,True,True,True,True,Eyes,1.764118,0.07649738,-2.211125,-0.7078664,-0.3843179,-0.5926423,0.0,0.0,0.0,0.0,0.0,0.0,0.0,2.570833,-0.2843348,-0.4343576,1.559334,0.06720082,-2.10776,-0.04338859,0.9199294,-0.1490687,-0.3600362,17.78874,223.0073,1.655663,0.6315361,0.02751564,-0.7748563,0.0,0.0,0.0,0.8602973,-0.4059083,-2.907262,0.03604472,-0.1004323,1.252207,-0.7369831,0.02751138,0.6753516,-0.1871691,0.9517919,-0.2430224,-0.6494801,-0.3055082,-0.6963052,moving,6.3911201902672925,-5.153736186396079,1.6488010530651689,-4.585548254786263,-0.6990367,-0.47310912,-0.7995019999999999,0.1108704390296342,-0.0892746133088091,0.9898170403799876,7.028158350308962,-4.4543695031489925,4.755845623868467,4.776235790316527,5.38095649455477
1028,05/05/2023 12:21:39.267641,1226,True,True,True,True,Eyes,1.754933,0.07595225,-2.20739,-0.7052833,-0.3854387,-0.5949895,0.0,0.0,0.0,0.0,0.0,0.0,0.0,2.562713,-0.2927312,-0.4406815,1.548267,0.06740894,-2.108486,-0.04191503,0.9199666,-0.1489117,-0.3601806,17.70893,223.0447,1.813661,0.6307292,0.02746762,-0.775515,0.0,0.0,0.0,0.8576241,-0.4083511,-2.907165,0.03801191,-0.1009626,1.250179,-0.7370262,0.03014936,0.6751916,-0.1843911,0.9521369,-0.2437936,-0.650225,-0.3041815,-0.6961906,moving,6.137338410302313,-5.30244316678984,1.7415516031928766,-4.617102004649619,-0.6906429000000001,-0.47576004,-0.7986789999999999,0.1064597324428678,-0.091887865748407,0.9900621068009956,6.778353566679095,-4.609074657346795,4.428445906825699,4.448891340781552,5.036808360230052
1029,05/05/2023 12:21:39.287903,1227,True,True,True,True,Eyes,1.745657,0.07549049,-2.203816,-0.7024935,-0.387051,-0.597239,0.0,0.0,0.0,0.0,0.0,0.0,0.0,2.554464,-0.2986738,-0.4483118,1.53697,0.06666707,-2.109207,-0.04060586,0.9200779,-0.1484253,-0.3602472,17.60073,223.0646,1.937013,0.6298691,0.02741338,-0.7762157,0.0,0.0,0.0,0.8551305,-0.4106297,-2.907074,0.03926635,-0.1035525,1.247384,-0.7371464,0.03221851,0.6749647,-0.1816607,0.9526421,-0.2438694,-0.650857,-0.302382,-0.696384,moving,5.896062301013779,-5.506600939631574,1.8030161097842765,-4.745569687925234,-0.6818394999999999,-0.47729677,-0.7978670000000001,0.1022550871193683,-0.0954574260695319,0.9901675586640072,6.541006405086496,-4.820720116842704,4.142364016917531,4.163195370098797,4.738586247536759
1030,05/05/2023 12:21:39.298597,1228,True,True,True,True,Eyes,1.511154,0.06547237,-2.119447,-0.6349267,-0.4174337,-0.6500902,0.0,0.0,0.0,0.0,0.0,0.0,0.0,2.545897,-0.3153938,-0.4499648,1.525701,0.06832118,-2.109763,-0.04077204,0.919223,-0.1535797,-0.3602502,18.16316,223.1453,2.15305,0.6289557,0.02735641,-0.7769582,0.0,0.0,0.0,0.8525676,-0.4129717,-2.906981,0.04011273,-0.1024909,1.244851,-0.737115,0.03569702,0.6748241,-0.1856114,0.9495019,-0.2529716,-0.649777,-0.3117242,-0.6932663,moving,0.8314525353088693,-6.54951944098869,1.8455985320268813,-4.706652596286759,-0.6731334,-0.48129288,-0.797218,0.0144163908779825,-0.1140500438385591,0.993370440258364,1.5512284229895903,-5.928611699926695,2.102644801285394,2.103485276858581,1.256915992444659
1031,05/05/2023 12:21:39.317877,1229,True,True,True,True,Eyes,1.510683,0.06550464,-2.119443,-0.6346228,-0.4177836,-0.6501622,0.0,0.0,0.0,0.0,0.0,0.0,0.0,2.537247,-0.3247129,-0.4588954,1.513872,0.06934278,-2.111167,-0.03780327,0.919713,-0.1509741,-0.3604249,17.75552,223.1687,2.364614,0.6215397,0.02702792,-0.7829149,-0.7035091,-0.03005435,0.2531068,0.8499472,-0.4153662,-2.906885,0.04012245,-0.1038361,1.241641,-0.7373298,0.0392933,0.6743894,-0.1783659,0.9515555,-0.2504551,-0.6515602,-0.304956,-0.6946018,moving,0.7531810464036065,-6.9800132148504,1.85081468739352,-4.780414713305346,-0.6639248000000001,-0.48470898,-0.7957179999999999,0.0130477043398358,-0.1215127636641793,0.992504169611289,1.475089832577623,-6.371892220399356,2.4573440368101696,2.458258159313627,1.6352277584827728
1032,05/05/2023 12:21:39.337543,1230,True,True,True,True,Eyes,1.50977,0.06562949,-2.119495,-0.6342666,-0.418284,-0.650188,0.0,0.0,0.0,0.0,0.0,0.0,0.0,2.52952,-0.3290672,-0.464992,1.50284,0.07017377,-2.111759,-0.03817689,0.9194977,-0.1521275,-0.3604496,17.8956,223.1853,2.376611,0.6155173,0.0267617,-0.7876677,-0.6612986,-0.02825109,0.2379204,0.8474028,-0.4176913,-2.906792,0.03854859,-0.1048681,1.238455,-0.737237,0.0394615,0.6744806,-0.1798757,0.9507995,-0.2522402,-0.6512495,-0.3072835,-0.6938665,moving,0.7248422600840143,-6.8702338952868125,1.7828331567060955,-4.8400631832856655,-0.6554371999999999,-0.48786507,-0.7950329999999997,0.0125597255857146,-0.1196116370879341,0.9927413406532016,1.446897337839366,-6.2591889902763445,2.2883257925932705,2.289309471697184,1.458345271348526
1033,05/05/2023 12:21:39.348052,1231,True,True,True,True,Eyes,1.508407,0.06580324,-2.119573,-0.6335253,-0.4187525,-0.6506089,0.0,0.0,0.0,0.0,0.0,0.0,0.0,2.521166,-0.3383233,-0.4731257,1.491281,0.07255845,-2.113152,-0.03860577,0.9193051,-0.1543619,-0.3599447,18.15587,223.1516,2.421229,0.6106066,0.02654991,-0.7914879,-0.6216207,-0.02655603,0.2236452,0.8447063,-0.4201554,-2.906694,0.03689939,-0.1091689,1.234742,-0.7378986,0.04014253,0.6737164,-0.1821045,0.949364,-0.2560194,-0.6498794,-0.3116032,-0.6932243,moving,0.7119283005988881,-6.639447110401025,1.7117343380009324,-5.0526302781406605,-0.6465747000000001,-0.49271385,-0.793542,0.0123418545963901,-0.1156122306882876,0.9932176969305117,1.4336241132104166,-6.02192993039902,1.874213932733536,1.8755265318225696,1.008408207523723
1034,05/05/2023 12:21:39.368024,1232,True,True,True,True,Eyes,1.506675,0.06597218,-2.119675,-0.6326748,-0.4193551,-0.6510482,0.0,0.0,0.0,0.0,0.0,0.0,0.0,2.513015,-0.3372043,-0.4873357,1.479832,0.07385784,-2.114494,-0.03747179,0.9201543,-0.1506396,-0.3594716,17.70784,223.0464,2.366894,0.6065804,0.02638482,-0.7945832,-0.5843234,-0.02496266,0.2102265,0.842226,-0.4224219,-2.906603,0.03468639,-0.1165931,1.230403,-0.7387522,0.03934163,0.6728281,-0.1772609,0.9518071,-0.2502832,-0.6502491,-0.3041633,-0.696176,moving,0.7419019183165384,-7.126502352998817,1.6148022411938043,-5.413189352580276,-0.637606,-0.49627974,-0.792109,0.0128482552562447,-0.1240502210923238,0.9921926860031304,1.4643170613795349,-6.522625374159366,1.9218618463041952,1.922861516355876,1.1195954962936268
1035,05/05/2023 12:21:39.387903,1233,True,True,True,True,Eyes,1.504585,0.06613533,-2.119803,-0.6312616,-0.4205259,-0.6516647,0.0,0.0,0.0,0.0,0.0,0.0,0.0,2.505805,-0.3297951,-0.5000811,1.469204,0.07393467,-2.115154,-0.04053479,0.9202397,-0.1516419,-0.3584976,17.9482,222.8934,2.055558,0.6032571,0.02625818,-0.7971134,-0.549264,-0.0234649,0.1976129,0.8396974,-0.4247326,-2.906511,0.03239548,-0.1186224,1.22626,-0.7396726,0.03412304,0.6721011,-0.18333,0.9507234,-0.2500305,-0.6475139,-0.308157,-0.6969682,moving,0.8423445764714981,-6.958559228193598,1.5132946138630192,-5.525321783881889,-0.6295065999999999,-0.49866727,-0.7913570000000001,0.0145928925604529,-0.1211385318017611,0.9925284001131116,1.5629286446648645,-6.3492064153569885,1.5818838857533024,1.582511777034485,0.825378351421031
1036,05/05/2023 12:21:39.403403,1234,True,True,True,True,Eyes,1.502159,0.0662549,-2.119957,-0.629764,-0.4218243,-0.6522741,0.0,0.0,0.0,0.0,0.0,0.0,0.0,2.499035,-0.3208429,-0.5122571,1.458567,0.07407329,-2.116038,-0.04541203,0.9199387,-0.1547526,-0.3573543,18.4926,222.7239,1.634486,0.6004896,0.02616321,-0.7992035,-0.5163082,-0.02205701,0.1857561,0.8370191,-0.4271801,-2.906413,0.02941161,-0.1238108,1.221733,-0.7404713,0.02705049,0.6715435,-0.1941556,0.9479787,-0.2522695,-0.643433,-0.3171823,-0.696699,moving,0.9735128446639632,-6.492638228298823,1.3790539293227762,-5.786616728359998,-0.6215478999999999,-0.50125339,-0.790375,0.0168812491638374,-0.1130594349776004,0.9934447769687624,1.6911246303469434,-5.869122433508839,0.8136869603941834,0.8142050907001964,0.3227929891119425
1037,05/05/2023 12:21:39.417568,1235,True,True,True,True,Eyes,1.499401,0.06633053,-2.120089,-0.627755,-0.4237797,-0.6529428,0.0,0.0,0.0,0.0,0.0,0.0,0.0,2.492828,-0.3079507,-0.5235,1.448043,0.0731741,-2.116812,-0.04954501,0.919772,-0.1557359,-0.3568067,18.77418,222.6055,1.2101,0.5981582,0.02609289,-0.8009521,-0.4853297,-0.02073359,0.1746107,0.8346266,-0.4293664,-2.906326,0.02521396,-0.1272467,1.217021,-0.7404686,0.01999503,0.6717936,-0.2022755,0.9465832,-0.2511272,-0.6409298,-0.3218391,-0.6968707,moving,1.02135912673924,-6.3273645552546975,1.1868709346580877,-5.968922997221597,-0.6134164,-0.5025405,-0.789514,0.0177165855870196,-0.1101917115388823,0.993752375359274,1.7378977408326122,-5.698815612636485,0.3946605705300155,0.3948094592151537,0.6136681027479809
1038,05/05/2023 12:21:39.437615,1236,True,True,True,True,Eyes,1.496328,0.06639997,-2.120252,-0.6257203,-0.4259244,-0.6535003,0.0,0.0,0.0,0.0,0.0,0.0,0.0,2.486576,-0.3049806,-0.5290542,1.438108,0.07242019,-2.117208,-0.05412348,0.9187952,-0.1610169,-0.3563142,19.53928,222.5532,0.9295292,0.5960836,0.02603794,-0.8024992,-0.4562099,-0.01948957,0.1641341,0.8320696,-0.4317029,-2.906233,0.02054167,-0.1337743,1.211649,-0.740222,0.01528842,0.672189,-0.214202,0.9422884,-0.2573132,-0.6373298,-0.334453,-0.6942278,moving,1.0010336832960622,-5.691601840796054,0.9712699425482656,-6.300327261785127,-0.6060384,-0.50412309,-0.7890249999999996,0.0173843448438423,-0.099158917275667,0.994919807887353,1.7163646896074538,-5.045116977438248,0.60940974539725,0.60945263837449,1.4596982702001702
1039,05/05/2023 12:21:39.447812,1237,True,True,True,True,Eyes,1.492936,0.0664798,-2.120413,-0.6234366,-0.4281794,-0.6542088,0.0,0.0,0.0,0.0,0.0,0.0,0.0,2.479623,-0.3072979,-0.5351501,1.427459,0.07239822,-2.118127,-0.05627492,0.9182069,-0.1641582,-0.3560638,19.97056,222.5363,0.8265184,0.5941324,0.02599268,-0.8039463,-0.4288373,-0.0183202,0.154286,0.8292702,-0.4342611,-2.906131,0.01370436,-0.1365288,1.206814,-0.7401037,0.01355756,0.6723564,-0.2202456,0.9397705,-0.2613875,-0.6354045,-0.3415373,-0.6925415,moving,0.9059517711933144,-5.398996865751669,0.6506124719603862,-6.454520012161928,-0.5981888000000001,-0.50665932,-0.7880039999999999,0.0157410548774732,-0.094079222826937,0.9954402371940688,1.621952045895,-4.744854950762912,1.0858985697017658,1.085968356049372,1.9663303868017648
1040,05/05/2023 12:21:39.468037,1238,True,True,True,True,Eyes,1.489269,0.0665208,-2.120609,-0.6211955,-0.4302827,-0.6549603,0.0,0.0,0.0,0.0,0.0,0.0,0.0,2.472297,-0.3106703,-0.5421715,1.416967,0.07270308,-2.118876,-0.05666491,0.9180948,-0.1649205,-0.3559385,20.06974,222.526,0.8147166,0.592284,0.02595675,-0.8053101,-0.403107,-0.01722099,0.1450289,0.826921,-0.4364077,-2.906045,0.006510079,-0.1378689,1.201504,-0.7401937,0.01335556,0.6722609,-0.2214506,0.9391806,-0.2624868,-0.6348801,-0.3431637,-0.692218,moving,0.791627348498331,-5.430571665371736,0.3104412477357084,-6.5458856217039045,-0.5900460000000001,-0.50911078,-0.787169,0.0137540642720888,-0.0946305581447013,0.995417464633232,1.509335743495198,-4.778124809810466,1.2140325667968297,1.2146873197479469,2.1359602758545275
1041,05/05/2023 12:21:39.487829,1239,True,True,True,True,Eyes,1.485306,0.06657048,-2.120783,-0.6186047,-0.432623,-0.6558701,0.0,0.0,0.0,0.0,0.0,0.0,0.0,2.465301,-0.3048834,-0.5543451,1.406707,0.07180179,-2.119902,-0.05776343,0.9184452,-0.1636846,-0.355428,19.98245,222.4219,0.6249818,0.5905212,0.02592786,-0.8066046,-0.3789206,-0.01618773,0.1363271,0.824313,-0.438791,-2.90595,-0.002344429,-0.1450664,1.195853,-0.7406685,0.01025111,0.6717923,-0.2224613,0.9397414,-0.2596092,-0.6339724,-0.3417322,-0.6937565,moving,0.7564503691514511,-5.66297807006734,-0.1123262767061812,-6.916634555215025,-0.582394,-0.51059279,-0.7860479999999996,0.0131377446549554,-0.098668254296812,0.99503366693017,1.4752090751901816,-5.0173849053988935,1.5226734264002657,1.5252630734206103,2.475362140343793
1042,05/05/2023 12:21:39.497880,1240,True,True,True,True,Eyes,1.481095,0.0666289,-2.120994,-0.6160423,-0.4348331,-0.6568196,0.0,0.0,0.0,0.0,0.0,0.0,0.0,2.45948,-0.2996601,-0.5600805,1.39665,0.07214401,-2.120541,-0.06106057,0.9178555,-0.1657394,-0.3554482,20.3441,222.4016,0.3503909,0.5888276,0.02590583,-0.8078426,-0.3561854,-0.01521646,0.1281475,0.8216958,-0.4411827,-2.905855,-0.009354234,-0.1518574,1.190114,-0.7398564,0.005733965,0.6727404,-0.2299131,0.9376041,-0.2608419,-0.6322598,-0.3476574,-0.6923742,moving,0.6573131441951959,-5.436657338761108,-0.4503325666619608,-7.271591995610723,-0.5749542,-0.51332671,-0.7853140000000001,0.011420426938146,-0.0947390635745668,0.9954365930940176,1.376955257010665,-4.785320168387477,2.139911170162073,2.143330169546463,3.0855353489121238
1043,05/05/2023 12:21:39.517792,1241,True,True,True,True,Eyes,1.476648,0.06665138,-2.121191,-0.6131321,-0.4370661,-0.6580595,0.0,0.0,0.0,0.0,0.0,0.0,0.0,2.451259,-0.3014365,-0.5739262,1.38651,0.07240785,-2.12162,-0.06122431,0.9183944,-0.1651997,-0.3542773,20.2928,222.2392,0.2808141,0.5871894,0.02589046,-0.8090346,-0.3348143,-0.01430348,0.1204587,0.8192735,-0.4433962,-2.905766,-0.01642966,-0.1575647,1.184446,-0.7414784,0.004596923,0.6709611,-0.2295092,0.9379212,-0.2600562,-0.6305042,-0.3468178,-0.6943934,moving,0.6380856174715885,-5.629066209183768,-0.7947089262685448,-7.5774642865284,-0.5672364999999999,-0.5158040500000001,-0.7841459999999998,0.0110827690207569,-0.0980817455684659,0.9951166749567336,1.3584558731941443,-4.983334192021063,2.4125407659437403,2.418502692239923,3.3712949442126607
1044,05/05/2023 12:21:39.537667,1242,True,True,True,True,Eyes,1.472014,0.06666417,-2.121398,-0.6099881,-0.4396983,-0.6592267,0.0,0.0,0.0,0.0,0.0,0.0,0.0,2.443789,-0.2934898,-0.5893185,1.377173,0.07162853,-2.122216,-0.06371827,0.9188166,-0.1649674,-0.352848,20.37209,222.0086,359.9588,0.5855953,0.02587984,-0.8101896,-0.3147254,-0.01344527,0.1132311,0.8166869,-0.4457598,-2.905672,-0.0231415,-0.1630789,1.178395,-0.7428765,-0.0006739767,0.6694281,-0.2335077,0.9374515,-0.2581839,-0.6273824,-0.3481154,-0.6965681,moving,0.698904785250603,-5.714096735112872,-1.1250386094367355,-7.879156456562589,-0.5604861,-0.51738833,-0.7834560000000002,0.012137285581005,-0.0995572267693279,0.9949577699852972,1.418606281800431,-5.070358404113279,2.8218075011376285,2.8309456201890377,3.7893899023668673
1045,05/05/2023 12:21:39.548365,1243,True,True,True,True,Eyes,1.46716,0.06670243,-2.121608,-0.6065655,-0.442399,-0.6605765,0.0,0.0,0.0,0.0,0.0,0.0,0.0,2.435141,-0.2940721,-0.604779,1.367973,0.07153089,-2.122659,-0.06852351,0.9184798,-0.1704905,-0.3501894,21.17247,221.6665,359.6026,0.5840352,0.02587323,-0.8113151,-0.2958419,-0.01263855,0.1064373,0.8140777,-0.4481442,-2.905577,-0.03092241,-0.1569811,1.175102,-0.745344,-0.006466952,0.666649,-0.2452829,0.932475,-0.2651917,-0.6199186,-0.3611766,-0.6966009,moving,0.8391769404562587,-5.081690007487154,-1.5073711092004851,-7.609054745755357,-0.5538953000000001,-0.51967509,-0.782918,0.0145883217155124,-0.0885665572747152,0.99596337239154,1.5553837638220358,-4.418991252901126,3.4373394967377027,3.448747637851945,4.422326593622924
1046,05/05/2023 12:21:39.567843,1244,True,True,True,True,Eyes,1.462128,0.06675918,-2.121827,-0.6030253,-0.4451782,-0.6619495,0.0,0.0,0.0,0.0,0.0,0.0,0.0,2.425598,-0.2955682,-0.6226614,1.358205,0.07226993,-2.123358,-0.07095396,0.9188793,-0.1724897,-0.3476689,21.48954,221.3273,359.356,0.5824999,0.02587133,-0.8124182,-0.2780914,-0.01188024,0.100051,0.8115382,-0.4504648,-2.905484,-0.03825212,-0.1704128,1.167865,-0.7481836,-0.01045765,0.6634091,-0.2503349,0.9304256,-0.2676575,-0.6144537,-0.3663314,-0.6987472,moving,0.9596357584825548,-4.938317347980378,-1.8759889014546207,-8.301908141564232,-0.5466668000000001,-0.52273473,-0.7821259999999999,0.0166858707517445,-0.0860712515011573,0.9961493884593114,1.6737833678420748,-4.27070182792899,4.3841156122943605,4.399376119261216,5.371359930870435
1047,05/05/2023 12:21:39.588248,1245,True,True,True,True,Eyes,1.456939,0.06682921,-2.122066,-0.5992406,-0.4481384,-0.6633873,0.0,0.0,0.0,0.0,0.0,0.0,0.0,2.415537,-0.2991235,-0.6410296,1.348881,0.07282217,-2.123777,-0.07297289,0.9193739,-0.1746075,-0.3448752,21.8015,220.9608,359.1519,0.5809817,0.02587449,-0.8135045,-0.2614059,-0.01116742,0.09404798,0.8089745,-0.4528075,-2.905391,-0.04438394,-0.1722549,1.163257,-0.751472,-0.01374313,0.6596218,-0.2546143,0.9283744,-0.270726,-0.6086553,-0.3713922,-0.7011466,moving,1.086024750215,-4.81183671991524,-2.1850541038114994,-8.423138765927485,-0.5399065,-0.5256296699999999,-0.7816139999999998,0.0188867959320908,-0.0838687456278702,0.9962978241923632,1.7980682052389514,-4.139743398480336,4.853708164207169,4.872520840057182,5.849165684328243
1048,05/05/2023 12:21:39.597987,1246,True,True,True,True,Eyes,1.451592,0.06690606,-2.122306,-0.595332,-0.4511837,-0.6648406,0.0,0.0,0.0,0.0,0.0,0.0,0.0,2.405483,-0.3008156,-0.6593206,1.339416,0.07328776,-2.124179,-0.07603581,0.9196504,-0.1774718,-0.3420025,22.23664,220.574,358.8572,0.579474,0.02588281,-0.8145789,-0.2457215,-0.01049738,0.0884051,0.806493,-0.4550751,-2.9053,-0.04956007,-0.1734077,1.158579,-0.7545059,-0.01846116,0.6560337,-0.2612443,0.9254447,-0.274415,-0.6020569,-0.3784328,-0.7030763,moving,1.2274180940170605,-4.565248633337281,-2.4494253311597527,-8.51242703608031,-0.5329229999999999,-0.52836286,-0.7811210000000002,0.021352917862045,-0.0795761878690589,0.9966000341165232,1.936859967359578,-3.885157669608209,5.372761204991496,5.394385499419463,6.375823124107031
1049,05/05/2023 12:21:39.617815,1247,True,True,True,True,Eyes,1.446097,0.06697994,-2.122532,-0.5911781,-0.4543471,-0.6663911,0.0,0.0,0.0,0.0,0.0,0.0,0.0,2.395826,-0.2996301,-0.6770086,1.330211,0.07358912,-2.124435,-0.07918613,0.9199518,-0.1795494,-0.3393825,22.58802,220.2041,358.5215,0.5779715,0.02589613,-0.8156453,-0.2309782,-0.009867536,0.0831008,0.8038885,-0.4574552,-2.905205,-0.05356008,-0.1879875,1.151612,-0.7570983,-0.02382306,0.6528665,-0.2675667,0.9229831,-0.2766047,-0.5959953,-0.3841022,-0.7051633,moving,1.341332604182374,-4.4086287613334765,-2.662838483715407,-9.27110986670939,-0.5263225,-0.53104432,-0.78077,0.0233393074741359,-0.0768482419879463,0.9967695600223856,2.048777568325602,-3.723289989707951,6.273453479720302,6.298976790026636,7.2785734323082
1050,05/05/2023 12:21:39.638028,1248,True,True,True,True,Eyes,1.440466,0.06703261,-2.12275,-0.5869096,-0.4576271,-0.6679181,0.0,0.0,0.0,0.0,0.0,0.0,0.0,2.386357,-0.2991986,-0.6927533,1.321196,0.07367753,-2.124415,-0.08269127,0.9199817,-0.1824732,-0.3368968,23.04542,219.8547,358.1816,0.5764688,0.02591394,-0.8167076,-0.2171195,-0.009275484,0.07811475,0.8013294,-0.4597937,-2.905112,-0.05513549,-0.1874728,1.147506,-0.7593256,-0.02919967,0.6500556,-0.2750981,0.9197314,-0.2800271,-0.5896999,-0.3914607,-0.7064083,moving,1.426776175165103,-4.153191109285859,-2.7508381124397365,-9.278675206132323,-0.5198666000000001,-0.5334712300000001,-0.780697,0.024834022831893,-0.0724010623365518,0.997066390475932,2.132398239115271,-3.459993227799004,6.586219955388337,6.612340611540373,7.596252841377071
1051,05/05/2023 12:21:39.654680,1249,True,True,True,True,Eyes,1.43472,0.06706886,-2.122947,-0.582532,-0.4609858,-0.669439,0.0,0.0,0.0,0.0,0.0,0.0,0.0,2.376622,-0.2998024,-0.7087593,1.312229,0.07328835,-2.124437,-0.08575794,0.9200756,-0.1852178,-0.3343665,23.46431,219.503,357.8792,0.5749625,0.02593505,-0.817768,-0.2040924,-0.008718954,0.07342786,0.7987693,-0.4621331,-2.905019,-0.05577767,-0.1811733,1.144292,-0.7616895,-0.03394639,0.6470526,-0.2816688,0.91668,-0.2834795,-0.583517,-0.3981778,-0.707787,moving,1.5045855886627697,-3.942001864786314,-2.7906317508708423,-8.996837316755133,-0.5134597000000001,-0.5354214500000001,-0.7805819999999999,0.0261948772754674,-0.0687230559898015,0.9972918246564472,2.2085981096846763,-3.2422562962183936,6.60770844516903,6.633268684465526,7.622827685353488
1052,05/05/2023 12:21:39.668078,1250,True,True,True,True,Eyes,1.428844,0.0670834,-2.12313,-0.5780763,-0.4644454,-0.6709085,0.0,0.0,0.0,0.0,0.0,0.0,0.0,2.366446,-0.305476,-0.7227008,1.30344,0.07298674,-2.124004,-0.08858166,0.9199234,-0.1893265,-0.3317374,24.02301,219.1612,357.6556,0.5734497,0.02595858,-0.8188288,-0.1918468,-0.008195817,0.06902219,0.7961739,-0.4645049,-2.904924,-0.05751091,-0.1791844,1.140061,-0.7642072,-0.0373633,0.6438877,-0.2885901,0.9126175,-0.2895601,-0.5768043,-0.4071035,-0.7082115,moving,1.5579008545336563,-3.5998992553231104,-2.887864410860884,-8.932157452189598,-0.5072660999999999,-0.53749164,-0.7809200000000001,0.0271335433042374,-0.0627656454986499,0.9976593597756676,2.2603453848722204,-2.8900543402953067,6.916890663353064,6.9424639914830255,7.937951506254303
1053,05/05/2023 12:21:39.687815,1251,True,True,True,True,Eyes,1.428844,0.0670834,-2.12313,-0.5780763,-0.4644454,-0.6709085,0.0,0.0,0.0,0.0,0.0,0.0,0.0,2.35558,-0.3144043,-0.7373552,1.294381,0.07253323,-2.123821,-0.08992097,0.9200857,-0.1924908,-0.3290956,24.41867,218.834,357.5594,0.571927,0.02598354,-0.8198922,-0.180336,-0.007704068,0.06488086,0.793545,-0.4669072,-2.904828,-0.0605548,-0.1674703,1.137967,-0.7672207,-0.03877425,0.6402102,-0.2921657,0.9097231,-0.2950309,-0.5709743,-0.4134012,-0.7092869,moving,1.8365218998136137,-3.19374058447019,-3.046015569354928,-8.371909045503328,-0.5008360000000001,-0.53944043,-0.7810070000000002,0.0319981408515078,-0.0556838975456906,0.9979355570933768,2.5340278360708117,-2.4704037421410017,7.091599811177436,7.117064053995373,8.121862425087544
1054,05/05/2023 12:21:39.698225,1252,True,True,True,True,Eyes,1.428844,0.0670834,-2.12313,-0.5780763,-0.4644454,-0.6709085,0.0,0.0,0.0,0.0,0.0,0.0,0.0,2.344283,-0.3245523,-0.7510962,1.285353,0.07157787,-2.123178,-0.09057166,0.9203122,-0.1953737,-0.3265756,24.75673,218.5331,357.5323,0.570555,0.02600592,-0.8208469,-0.1695159,-0.007241824,0.06098801,0.791044,-0.4691926,-2.904737,-0.06521147,-0.1631934,1.134115,-0.7702905,-0.03909988,0.6364936,-0.2943169,0.9072518,-0.3004526,-0.5657123,-0.4187665,-0.7103553,moving,2.0896067773398617,-2.848092064401852,-3.290876510654547,-8.188365548276638,-0.494309,-0.54077047,-0.7815590000000001,0.0364174538711905,-0.0496551542265937,0.9981022434036372,2.782681618169759,-2.113161953617689,7.553658550997925,7.580773133062568,8.590471876489953
1055,05/05/2023 12:21:39.718038,1253,True,True,True,True,Eyes,1.428844,0.0670834,-2.12313,-0.5780763,-0.4644454,-0.6709085,0.0,0.0,0.0,0.0,0.0,0.0,0.0,2.332309,-0.3384649,-0.7647328,1.276285,0.07046776,-2.122538,-0.09037874,0.9206207,-0.1984102,-0.3239177,25.07926,218.2354,357.6035,0.5693191,0.026026,-0.821704,-0.1593449,-0.006807315,0.05732873,0.7883837,-0.4716237,-2.90464,-0.07023466,-0.1657685,1.129787,-0.7738181,-0.03787195,0.6322747,-0.2949462,0.9049302,-0.3067705,-0.5605466,-0.4238716,-0.7114216,moving,2.3358063293212847,-2.522447633426553,-3.5572878857179733,-8.347188371722561,-0.4879012999999998,-0.54209146,-0.7821020000000001,0.0407167935822107,-0.0439742982627354,0.9982025633045546,3.024595603567265,-1.7765410774086732,8.255599175349612,8.285901525826523,9.300247100631251
1056,05/05/2023 12:21:39.737694,1254,True,True,True,True,Eyes,1.428844,0.0670834,-2.12313,-0.5780763,-0.4644454,-0.6709085,0.0,0.0,0.0,0.0,0.0,0.0,0.0,2.319963,-0.3497101,-0.7795806,1.266981,0.06922016,-2.121847,-0.08947303,0.9213036,-0.1996779,-0.3214391,25.17904,217.9511,357.6888,0.5682054,0.02604402,-0.822474,-0.1497842,-0.006398876,0.05388901,0.7858482,-0.4739406,-2.904547,-0.07286304,-0.1710385,1.124458,-0.7773431,-0.03649503,0.6280177,-0.2932323,0.9042466,-0.3104077,-0.5565545,-0.4254483,-0.7136113,moving,2.579832395237612,-2.4214808185650467,-3.7074895985407537,-8.648822926611603,-0.4811327999999999,-0.54316076,-0.7827000000000002,0.0449712444192899,-0.0422074866154742,0.9980962222271382,3.2648965756105373,-1.6710015929721016,8.815479130077316,8.84930548597453,9.864287076402968
1057,05/05/2023 12:21:39.747946,1255,True,True,True,True,Eyes,1.428844,0.0670834,-2.12313,-0.5780763,-0.4644454,-0.6709085,0.0,0.0,0.0,0.0,0.0,0.0,0.0,2.306944,-0.3658662,-0.7935748,1.257537,0.0687284,-2.121199,-0.08817214,0.9218948,-0.2018056,-0.3187636,25.35967,217.6637,357.8491,0.5672025,0.0260602,-0.8231655,-0.1407972,-0.006014943,0.05065567,0.783291,-0.4762774,-2.904454,-0.07671738,-0.1687054,1.121227,-0.781231,-0.03391435,0.6233202,-0.2912274,0.9030004,-0.3158749,-0.5521456,-0.4282992,-0.7153286,moving,2.820621371947585,-2.2446733188629944,-3.914231234567664,-8.556819075082144,-0.4742459999999999,-0.5450058,-0.783255,0.0491715788161727,-0.0391195398211352,0.9980239330877833,3.50182801194145,-1.487487497800291,9.194599915461612,9.230461726221536,10.245651941057126
1058,05/05/2023 12:21:39.768089,1256,True,True,True,True,Eyes,1.428844,0.0670834,-2.12313,-0.5780763,-0.4644454,-0.6709085,0.0,0.0,0.0,0.0,0.0,0.0,0.0,2.291948,-0.3790562,-0.8137398,1.247953,0.06771315,-2.120592,-0.08539671,0.9234381,-0.2010005,-0.3155446,25.158,217.2951,358.0457,0.566299,0.02607473,-0.823787,-0.1323493,-0.005654046,0.04761633,0.7806025,-0.4787342,-2.904356,-0.07845199,-0.1743111,1.1167,-0.7862781,-0.03086793,0.6171014,-0.2845664,0.9046124,-0.3173299,-0.5484423,-0.4251159,-0.720061,moving,3.1469379306007594,-2.45341032124685,-4.018621571168637,-8.87198040872878,-0.4673505000000001,-0.54644735,-0.7837640000000001,0.0548466469438232,-0.0427425691423911,0.9975795064440868,3.823973290786183,-1.6998842821249127,9.579282604031418,9.61994204459234,10.627570607528623
1059,05/05/2023 12:21:39.787961,1257,True,True,True,True,Eyes,1.428844,0.0670834,-2.12313,-0.5780763,-0.4644454,-0.6709085,0.0,0.0,0.0,0.0,0.0,0.0,0.0,2.27557,-0.3937829,-0.8352737,1.238701,0.06642282,-2.119475,-0.08322342,0.924879,-0.2014513,-0.311593,25.11901,216.837,358.2025,0.5654858,0.02608777,-0.824345,-0.1244084,-0.005314804,0.04475934,0.7781138,-0.4810084,-2.904265,-0.07812649,-0.1762727,1.112971,-0.7919675,-0.02840153,0.6099026,-0.2794848,0.9049824,-0.3207725,-0.5428407,-0.4244999,-0.7246544,moving,3.547640247842476,-2.5003739505838527,-4.015367350075032,-8.999769542642023,-0.4605872000000001,-0.54743122,-0.7847900000000001,0.0618197582691348,-0.043542464823776,0.9971370642091868,4.219060149812197,-1.7453890019039795,9.929079631840803,9.97202221157891,10.974143851833627
1060,05/05/2023 12:21:39.798166,1258,True,True,True,True,Eyes,1.428844,0.0670834,-2.12313,-0.5780763,-0.4644454,-0.6709085,0.0,0.0,0.0,0.0,0.0,0.0,0.0,2.257413,-0.4113497,-0.8582637,1.229008,0.06472528,-2.118275,-0.08170643,0.9261197,-0.2035514,-0.3069094,25.28866,216.2943,358.3271,0.5647529,0.02609949,-0.8248469,-0.1169439,-0.004995916,0.04207378,0.7754813,-0.483414,-2.904169,-0.0757944,-0.1648941,1.11213,-0.7982614,-0.02639617,0.6017325,-0.2762835,0.9037818,-0.326873,-0.5352067,-0.4271789,-0.728747,moving,4.017796665180135,-2.3407683069255527,-3.8988196616084303,-8.433729221038762,-0.4535267,-0.54813928,-0.7858939999999999,0.0700081449125713,-0.040742538364654,0.9967140305968436,4.682121851325015,-1.577966394526213,9.950986328645053,9.989844181291646,10.983352911646602
1061,05/05/2023 12:21:39.818102,1259,True,True,True,True,Eyes,1.428844,0.0670834,-2.12313,-0.5780763,-0.4644454,-0.6709085,0.0,0.0,0.0,0.0,0.0,0.0,0.0,2.23893,-0.4297037,-0.8801484,1.21914,0.0636544,-2.117016,-0.08000401,0.927322,-0.2055626,-0.3023533,25.44372,215.7722,358.4723,0.5640925,0.02611003,-0.8252984,-0.1099272,-0.004696161,0.03954935,0.7728277,-0.4858388,-2.904073,-0.0741269,-0.1637741,1.109663,-0.8043638,-0.02407387,0.5936494,-0.272684,0.9026867,-0.3328665,-0.5278661,-0.4296244,-0.7326532,moving,4.470019931159733,-2.2012923056842064,-3.821752963435227,-8.395620093564217,-0.4463122999999999,-0.5494932,-0.7870569999999999,0.0778802803550445,-0.0382936835071306,0.9962269868410388,5.12755410190335,-1.431370864972135,10.31143905405452,10.350033549667469,11.339791191537188
1062,05/05/2023 12:21:39.837872,1260,True,True,True,True,Eyes,1.428844,0.0670834,-2.12313,-0.5780763,-0.4644454,-0.6709085,0.0,0.0,0.0,0.0,0.0,0.0,0.0,2.218736,-0.4528242,-0.9019272,1.209004,0.0629983,-2.115573,-0.07739717,0.9285945,-0.2078831,-0.2975006,25.60279,215.2391,358.726,0.5634984,0.02611949,-0.8257039,-0.1033316,-0.004414391,0.03717639,0.7704173,-0.4880415,-2.903985,-0.07223457,-0.1621837,1.107425,-0.8110064,-0.02005042,0.5846941,-0.2674319,0.9015886,-0.3400269,-0.5203358,-0.4321298,-0.7365562,moving,4.928665961796075,-2.071653488742802,-3.7319740308098655,-8.331804828109984,-0.4385867,-0.5510398,-0.7884120000000001,0.0858596571868462,-0.0360158050917193,0.9956560322854738,5.579340514079712,-1.294847446933657,10.64817364762136,10.686261267314505,11.671304457444515
1063,05/05/2023 12:21:39.847856,1261,True,True,True,True,Eyes,1.428844,0.0670834,-2.12313,-0.5780763,-0.4644454,-0.6709085,0.0,0.0,0.0,0.0,0.0,0.0,0.0,2.197401,-0.4726861,-0.92663,1.198859,0.06206163,-2.114126,-0.07437257,0.9302756,-0.2086923,-0.2924103,25.5804,214.6632,358.9629,0.562964,0.02612799,-0.8260681,-0.09713171,-0.004149527,0.03494581,0.767902,-0.4903401,-2.903893,-0.0699026,-0.1583363,1.105578,-0.8179301,-0.01632639,0.5750862,-0.2604215,0.9018325,-0.3447881,-0.5130023,-0.4317774,-0.7418877,moving,5.430783756815393,-2.1292468820742814,-3.617835788947127,-8.150243054062932,-0.4309569999999999,-0.55240173,-0.7897669999999999,0.0945784301153495,-0.0369872694157441,0.9948300437930002,6.07441864970847,-1.3505769619532335,10.83145099914542,10.86875846576128,11.839563128250362
1064,05/05/2023 12:21:39.868177,1262,True,True,True,True,Eyes,1.428844,0.0670834,-2.12313,-0.5780763,-0.4644454,-0.6709085,0.0,0.0,0.0,0.0,0.0,0.0,0.0,2.175955,-0.4934407,-0.9482052,1.188852,0.06082187,-2.11194,-0.0729173,0.9313023,-0.2118369,-0.2872009,25.87773,214.0713,359.0997,0.5624821,0.02613564,-0.826396,0.0,0.0,0.0,0.7652496,-0.4927638,-2.903796,-0.06759548,-0.1559944,1.103829,-0.8243975,-0.01413659,0.5658349,-0.2574956,0.8996164,-0.3526846,-0.5040485,-0.4364522,-0.7452816,moving,5.944274262644924,-1.8639481203213373,-3.504261445486185,-8.04383890958026,-0.4236024,-0.5535856699999999,-0.7918559999999997,0.1035069329383439,-0.0323515856069589,0.9941024309986938,6.579946139371679,-1.074153703911052,11.254091529424148,11.290078706324234,12.258374871108694
1065,05/05/2023 12:21:39.887579,1263,True,True,True,True,Eyes,1.418314,0.06658506,-2.122739,-0.5712307,-0.4691688,-0.6734805,0.0,0.0,0.0,0.0,0.0,0.0,0.0,2.152906,-0.5206685,-0.9681225,1.178547,0.06010973,-2.109686,-0.07131024,0.9320282,-0.2166543,-0.2816013,26.36053,213.4598,359.3026,0.5620481,0.02614251,-0.826691,0.0,0.0,0.0,0.7626908,-0.495102,-2.903703,-0.06588486,-0.1512589,1.102501,-0.8312313,-0.01090606,0.5558199,-0.2549466,0.8959514,-0.3636937,-0.4940212,-0.444018,-0.7475233,moving,6.064873631968689,-1.71603989438264,-3.419897447048744,-7.811989903836903,-0.4158562,-0.55521173,-0.7940170000000002,0.1056075886976825,-0.0297786046256251,0.9939618359435092,6.698473598920158,-0.921198765339925,11.241270196719324,11.274816581174656,12.241913050593451
1066,05/05/2023 12:21:39.898319,1264,True,True,True,True,Eyes,1.407786,0.06608294,-2.122253,-0.5643157,-0.473901,-0.6759923,0.0,0.0,0.0,0.0,0.0,0.0,0.0,2.129942,-0.5442231,-0.9876332,1.168075,0.05956277,-2.107203,-0.06895252,0.9330345,-0.2195953,-0.2765325,26.61,212.9081,359.5373,0.5613815,0.02613559,-0.827144,0.0,0.0,0.0,0.7600564,-0.4975094,-2.903607,-0.06420296,-0.1468304,1.100967,-0.8375507,-0.007219682,0.546312,-0.2501206,0.894047,-0.3716447,-0.4857454,-0.4479151,-0.7506155,moving,6.13169634771156,-1.8047598973986625,-3.337427281425714,-7.596422765418683,-0.4080186,-0.55707217,-0.7964039999999999,0.1067617447430397,-0.0313137945581981,0.993791393028018,6.764550457138761,-1.0119754975322692,11.068051775173256,11.099894642774215,12.058395417883306
1067,05/05/2023 12:21:39.918105,1265,True,True,True,True,Eyes,1.397121,0.06557071,-2.121603,-0.5573605,-0.4784139,-0.6785789,0.0,0.0,0.0,0.0,0.0,0.0,0.0,2.10584,-0.5690101,-1.006804,1.157506,0.0590096,-2.104444,-0.06671327,0.9339371,-0.223067,-0.2712051,26.92649,212.3298,359.7675,0.5605062,0.02611612,-0.827738,0.0,0.0,0.0,0.7576217,-0.4997343,-2.903518,-0.06340253,-0.1394413,1.100048,-0.8439946,-0.003618152,0.53634,-0.2456058,0.8915809,-0.3804752,-0.4768139,-0.4528471,-0.7533781,moving,6.214142484253528,-1.8141306751751023,-3.2986586595666734,-7.224243711864765,-0.3998842999999999,-0.5587439000000001,-0.7990740000000001,0.1081911178749624,-0.031471437251518,0.9936317933968096,6.84584050177121,-1.0210377906769157,10.914276816283571,10.94361497274216,11.890779071828936
1068,05/05/2023 12:21:39.937977,1266,True,True,True,True,Eyes,1.386453,0.06503558,-2.120851,-0.5503885,-0.4827715,-0.6811786,0.0,0.0,0.0,0.0,0.0,0.0,0.0,2.081388,-0.5895859,-1.027286,1.146703,0.05830813,-2.101612,-0.0639605,0.9351813,-0.2247793,-0.2661192,27.03025,211.769,0.0004408965,0.5594398,0.02608507,-0.8284601,0.0,0.0,0.0,0.7549411,-0.5021838,-2.90342,-0.06295347,-0.1352217,1.098554,-0.8501794,6.841088e-06,0.5264934,-0.2392655,0.8907667,-0.3863765,-0.4689854,-0.4544609,-0.7573099,moving,6.278263321872344,-2.02687440965347,-3.27979100768336,-7.017275170498479,-0.3917619,-0.56049193,-0.8018080000000003,0.1092896213978848,-0.0351563983099297,0.9933880981545132,6.90954633229798,-1.2393836614809013,10.753761009706595,10.782416348879364,11.713523198334284
1069,05/05/2023 12:21:39.947685,1267,True,True,True,True,Eyes,1.375785,0.06446087,-2.11999,-0.5434298,-0.4869282,-0.6838019,0.0,0.0,0.0,0.0,0.0,0.0,0.0,2.056786,-0.6063298,-1.048152,1.135921,0.05722073,-2.098342,-0.06146352,0.9365106,-0.225801,-0.2611211,27.06678,211.2028,0.18018,0.5582013,0.02604268,-0.8292965,0.0,0.0,0.0,0.7524668,-0.5044448,-2.90333,-0.06356227,-0.1313616,1.096864,-0.8560759,0.002800316,0.5168423,-0.2330452,0.8904723,-0.3908311,-0.4613282,-0.4550288,-0.7616594,moving,6.345468098409942,-2.2893238087602725,-3.3165291592411545,-6.8292773602013135,-0.3834541999999999,-0.56166553,-0.8049879999999998,0.1104359182233402,-0.0397012709973137,0.9930900135306246,6.976409154237413,-1.5088270518773443,10.646697362261952,10.67545639568161,11.586706633397588
1070,05/05/2023 12:21:39.967872,1268,True,True,True,True,Eyes,1.365098,0.06392983,-2.119028,-0.5364758,-0.4910738,-0.6863237,0.0,0.0,0.0,0.0,0.0,0.0,0.0,2.03312,-0.6187673,-1.067977,1.125141,0.05567659,-2.094751,-0.05975531,0.93771,-0.2266204,-0.2564618,27.10729,210.6572,0.2685788,0.5568082,0.02598852,-0.8302341,0.0,0.0,0.0,0.7498943,-0.5067956,-2.903236,-0.06442291,-0.1276307,1.095158,-0.8613135,0.004172666,0.5080572,-0.2283053,0.8901449,-0.3943585,-0.4538901,-0.4556583,-0.7657413,moving,6.398387862652499,-2.536987430413712,-3.366557178132181,-6.647315860735037,-0.3752466999999999,-0.56247219,-0.8084850000000001,0.1113330956365739,-0.0439891310757264,0.9928090855632564,7.029156259613472,-1.763163853787225,10.565729402401905,10.5947605661786,11.485895642338818
1071,05/05/2023 12:21:39.988010,1269,True,True,True,True,Eyes,1.097071,0.05010564,-2.092125,-0.3533176,-0.572578,-0.7398117,0.0,0.0,0.0,0.0,0.0,0.0,0.0,2.010274,-0.6387076,-1.081038,1.113982,0.05621776,-2.091334,-0.05799453,0.9382537,-0.2293908,-0.2523814,27.3695,210.2207,0.4491023,0.5552748,0.02592548,-0.8312625,0.0,0.0,0.0,0.7473398,-0.5091299,-2.903143,-0.06562105,-0.1280752,1.092808,-0.8658805,0.006960803,0.5002025,-0.2246151,0.888033,-0.4011801,-0.4469888,-0.4597271,-0.7673669,moving,-3.940155111704908,-7.620896163575415,-3.436376705861623,-6.684472459161213,-0.3666422,-0.56534766,-0.8118090000000002,-0.0681103876364192,-0.1323099343580664,0.98886566346336,-3.14966744505102,-7.063727449186839,1.0562946121571175,1.063335335810307,0.4754330107322169
1072,05/05/2023 12:21:39.997840,1270,True,True,True,True,Eyes,1.096643,0.05006097,-2.091954,-0.3530711,-0.5725827,-0.7399257,0.0,0.0,0.0,0.0,0.0,0.0,0.0,1.983209,-0.6510733,-1.104928,1.102921,0.05507331,-2.087681,-0.05368738,0.9403121,-0.2274354,-0.2473946,27.01891,209.6595,0.7439451,0.5399151,0.02511303,-0.8413445,-0.8040833,-0.04147257,0.0807066,0.7447709,-0.5114774,-2.903049,-0.06707716,-0.1276278,1.090903,-0.8718273,0.01156682,0.4896771,-0.2134984,0.8907816,-0.4011565,-0.4408355,-0.4542844,-0.7741383,moving,-3.5385287643782037,-7.937817327532186,-3.518558200251644,-6.672859675613402,-0.3581501,-0.56655071,-0.8153680000000003,-0.0611305858643228,-0.1378400274609436,0.988566320393549,-2.7530336532462325,-7.38685939519314,1.262637523004652,1.2651152850943728,1.0468158537334935
1073,05/05/2023 12:21:40.017593,1271,True,True,True,True,Eyes,1.09579,0.0500724,-2.091641,-0.3525007,-0.5728354,-0.7400019,0.0,0.0,0.0,0.0,0.0,0.0,0.0,1.959732,-0.6611333,-1.121788,1.092194,0.05395199,-2.083328,-0.05200757,0.9413953,-0.227861,-0.243207,27.02066,209.1706,0.8307033,0.527557,0.02446103,-0.8491672,-0.7558383,-0.03898422,0.0758642,0.7420343,-0.5139782,-2.90295,-0.06704572,-0.1339724,1.088098,-0.8762913,0.01291543,0.4816089,-0.2087542,0.8907492,-0.4037173,-0.4342069,-0.4543118,-0.7778597,moving,-3.1773161467983004,-7.939271932460653,-3.525956525077974,-7.019232541540514,-0.3501597000000001,-0.56793019,-0.8196220000000003,-0.0548965584504117,-0.1379151461378589,0.988921499075297,-2.3969794118171324,-7.3858364413442015,0.983871635771732,0.9838813923495524,1.187007894505363
1074,05/05/2023 12:21:40.037955,1272,True,True,True,True,Eyes,1.09451,0.05010854,-2.091216,-0.3518578,-0.5726479,-0.7404529,0.0,0.0,0.0,0.0,0.0,0.0,0.0,1.933453,-0.689088,-1.13241,1.080805,0.05534986,-2.079479,-0.04994427,0.9415699,-0.2326524,-0.2383791,27.51161,208.6811,1.089684,0.5176116,0.0239408,-0.8552805,-0.710488,-0.03664516,0.07131235,0.7395785,-0.5162222,-2.90286,-0.06595224,-0.1364981,1.08596,-0.8813621,0.01686689,0.4721404,-0.204971,0.8867568,-0.4143057,-0.4256618,-0.4619284,-0.7780967,moving,-2.840509314551573,-7.415331227444784,-3.475403731019582,-7.164135636257458,-0.3412265,-0.5715720599999999,-0.8233809999999999,-0.0491424871580334,-0.1289050111399058,0.9904385594132546,-2.066220193259933,-6.844648964455768,0.6795289152226782,0.6827811839046268,1.4449463576727413
1075,05/05/2023 12:21:40.048360,1273,True,True,True,True,Eyes,1.092898,0.05015486,-2.090629,-0.350961,-0.5724544,-0.7410278,0.0,0.0,0.0,0.0,0.0,0.0,0.0,1.906167,-0.6934033,-1.158857,1.06925,0.05587528,-2.076249,-0.04463328,0.9442905,-0.2271377,-0.233949,26.73416,208.165,1.410474,0.5096,0.023528,-0.8600895,-0.6678587,-0.03444645,0.06703361,0.7369991,-0.5185794,-2.902766,-0.06390479,-0.1348172,1.084197,-0.8865519,0.02198367,0.4621073,-0.1905708,0.8928327,-0.4080839,-0.4215557,-0.4498516,-0.7873531,moving,-2.540295754713624,-8.161176687033212,-3.373227730293597,-7.088203767697155,-0.3322509,-0.57445468,-0.8265170000000004,-0.0438740017034717,-0.1418215287774207,0.9889194051705928,-1.7685392946639225,-7.609608701297063,1.3571915270963264,1.358324910164022,1.687272378789488
1076,05/05/2023 12:21:40.068028,1274,True,True,True,True,Eyes,1.090902,0.05026222,-2.089907,-0.3497534,-0.5725001,-0.7415634,0.0,0.0,0.0,0.0,0.0,0.0,0.0,1.880874,-0.7063639,-1.173524,1.058611,0.05618619,-2.071227,-0.0430627,0.9451737,-0.2284036,-0.2293994,26.84121,207.6429,1.502003,0.5031366,0.02320246,-0.8638952,-0.6277872,-0.03237966,0.06301159,0.7343777,-0.5209749,-2.902671,-0.06240395,-0.134032,1.082673,-0.8910431,0.02338785,0.4533159,-0.1861948,0.8919548,-0.4120051,-0.4139732,-0.4515193,-0.7904155,moving,-2.1940302324970027,-8.053331475889504,-3.2988088829181192,-7.05715715314394,-0.3242332999999999,-0.57716109,-0.8314439999999998,-0.0379066902226028,-0.1399941090348987,0.9894265075300044,-1.4274760972093146,-7.496282268213822,1.4843526312566246,1.4875816440531544,1.9221647331989555
1077,05/05/2023 12:21:40.087708,1275,True,True,True,True,Eyes,1.088573,0.05044091,-2.089059,-0.3483249,-0.5724757,-0.7422541,0.0,0.0,0.0,0.0,0.0,0.0,0.0,1.853195,-0.7298613,-1.186013,1.04731,0.05779953,-2.067233,-0.04127627,0.9455804,-0.2321406,-0.2242429,27.22764,207.0889,1.678893,0.4979065,0.02295011,-0.8669268,-0.59012,-0.03043688,0.0592309,0.7319325,-0.5232093,-2.902581,-0.06149751,-0.1333302,1.081231,-0.8960229,0.02605168,0.4432432,-0.1821718,0.8888141,-0.4205033,-0.4049156,-0.4575269,-0.7916519,moving,-1.8390580102546483,-7.661289417533021,-3.2553224420766287,-7.029844617462385,-0.3153775,-0.58100883,-0.8353480000000002,-0.0318059241013282,-0.1332491574978949,0.9905719848832146,-1.0785002799920016,-7.090617247113727,1.5430798114529674,1.5506538867136928,2.177670323501133
1078,05/05/2023 12:21:40.098237,1276,True,True,True,True,Eyes,1.085906,0.05068377,-2.088065,-0.3466535,-0.5725929,-0.7429459,0.0,0.0,0.0,0.0,0.0,0.0,0.0,1.826999,-0.7416812,-1.202114,1.036176,0.05969441,-2.062976,-0.03826356,0.9469101,-0.2313368,-0.2199555,27.06127,206.6082,1.885706,0.4936547,0.0227602,-0.8693599,-0.5547128,-0.02861067,0.05567705,0.7293718,-0.5255492,-2.902488,-0.05977464,-0.1358441,1.079441,-0.9003109,0.02930331,0.4342597,-0.1742319,0.8900383,-0.4212778,-0.3988526,-0.4549429,-0.7962057,moving,-1.5799306677328444,-7.833558029611123,-3.169548242215148,-7.172777996547138,-0.3068041999999999,-0.58524361,-0.839512,-0.027314396805985,-0.1362449676293033,0.9902985009795204,-0.822670000685634,-7.2659772216173,1.7120161831560612,1.72148606883676,2.348728076240062
1079,05/05/2023 12:21:40.118181,1277,True,True,True,True,Eyes,1.082918,0.05099656,-2.086943,-0.3446164,-0.5727613,-0.7437634,0.0,0.0,0.0,0.0,0.0,0.0,0.0,1.800127,-0.7601992,-1.214067,1.025327,0.06150252,-2.058456,-0.03634813,0.9475026,-0.2336781,-0.2152032,27.28813,206.0888,2.043933,0.4901746,0.022624,-0.8713304,-0.52143,-0.02689403,0.05233642,0.7267782,-0.5279194,-2.902393,-0.05801123,-0.1318786,1.078975,-0.9047331,0.03169662,0.4247986,-0.1694564,0.8881468,-0.4271766,-0.3908236,-0.4584655,-0.7981645,moving,-1.2902541734162911,-7.62063157918146,-3.0775518406030917,-6.96845962843929,-0.2985488,-0.58942192,-0.8439369999999999,-0.0223185034258351,-0.1325802726677822,0.990920945792538,-0.5376347675064392,-7.04497623008576,1.891787302734215,1.9025670039360567,2.541069367123886
1080,05/05/2023 12:21:40.137931,1278,True,True,True,True,Eyes,1.079641,0.05136141,-2.085685,-0.3423537,-0.5729973,-0.7446261,0.0,0.0,0.0,0.0,0.0,0.0,0.0,1.776433,-0.7682329,-1.227823,1.014583,0.06350981,-2.054272,-0.03608312,0.9483079,-0.2343025,-0.2109802,27.36179,205.5638,1.963564,0.4872295,0.02253121,-0.872983,-0.4901442,-0.02528039,0.04919624,0.7241683,-0.5303043,-2.902298,-0.0564169,-0.1248719,1.079123,-0.9083709,0.03043058,0.4170571,-0.1673022,0.8876007,-0.4291562,-0.3832396,-0.4596075,-0.8011796,moving,-0.9828793744048252,-7.572146814139335,-2.992717300055176,-6.6006868168424,-0.2904147,-0.59381411,-0.848026,-0.0170040986506354,-0.131755462633064,0.9911363928378456,-0.2347666642952889,-6.9929693386835385,2.221923215453128,2.232304417800284,2.7857094762789614
1081,05/05/2023 12:21:40.147854,1279,True,True,True,True,Eyes,1.076092,0.05177828,-2.084308,-0.3397445,-0.5732557,-0.7456216,0.0,0.0,0.0,0.0,0.0,0.0,0.0,1.754865,-0.7728975,-1.239858,1.004298,0.06514138,-2.04971,-0.03698445,0.9489134,-0.2351816,-0.2070876,27.49375,205.0522,1.758191,0.4844872,0.02246549,-0.8745096,-0.4607356,-0.02376357,0.04624446,0.7216619,-0.5325947,-2.902207,-0.05615115,-0.1223006,1.078822,-0.911494,0.02721626,0.4104125,-0.1675964,0.8866436,-0.4310158,-0.3756202,-0.4616519,-0.803609,moving,-0.6899392259581191,-7.467745732431649,-2.9794752159406834,-6.467720511980782,-0.2826360999999999,-0.59773608,-0.8524970000000001,-0.0119393015801498,-0.1299587804160559,0.9914475083028096,0.0537413055897131,-6.8835568325303065,2.486195795952737,2.4984045891254776,3.0615882009135595
1082,05/05/2023 12:21:40.167611,1280,True,True,True,True,Eyes,1.072299,0.05223077,-2.082825,-0.336963,-0.5735084,-0.7466888,0.0,0.0,0.0,0.0,0.0,0.0,0.0,1.735157,-0.7732555,-1.252315,0.9942499,0.0668174,-2.04548,-0.03829104,0.9496325,-0.2351172,-0.2035971,27.5254,204.5658,1.487052,0.4819206,0.02242664,-0.8759275,-0.4330914,-0.02233775,0.04346979,0.7191122,-0.5349246,-2.902114,-0.05567133,-0.1183745,1.078941,-0.9141641,0.02301354,0.4046907,-0.1684632,0.8865075,-0.430958,-0.3686792,-0.4621418,-0.8065363,moving,-0.4239704766178576,-7.461823187206183,-2.953735206112516,-6.261084587288669,-0.2751377,-0.601742,-0.8566340000000001,-0.0073369542259794,-0.1298620644510643,0.991504980120722,0.3158953505764074,-6.875611146282502,2.787362741378758,2.8002647681830117,3.3268794491148483
1174,05/05/2023 12:21:41.697990,1372,True,True,True,True,Eyes,0.4018646,0.04636949,-2.136569,0.3250932,-0.5951027,-0.7349607,0.0,0.0,0.0,0.0,0.0,0.0,0.0,-0.7608883,-1.176868,-1.694413,0.1967019,0.04980667,-2.189482,0.01956457,0.9349495,-0.2741534,0.2243364,31.42736,151.3778,354.1872,0.2241271,0.02242442,-0.9743017,0.0,0.0,0.0,0.7191122,-0.5349246,-2.902114,-0.1263903,-0.09661463,1.009283,-0.8985809,-0.08642139,-0.4302137,0.1595889,0.8489143,-0.503861,0.4087589,-0.5214171,-0.7490263,moving,4.344809830509934,-4.77422021968256,-7.137867744804315,-5.468034668734447,0.5224103,-0.58473127,-0.7126320000000002,0.0754972325386738,-0.0829919366575062,0.9936863434237476,5.010195930163558,-4.078332116834618,11.456458297819491,11.503619551616694,12.227294231915367
1175,05/05/2023 12:21:41.718005,1373,True,True,True,True,Eyes,0.3933988,0.04636285,-2.138955,0.3330964,-0.5950173,-0.7314378,0.0,0.0,0.0,0.0,0.0,0.0,0.0,-0.8000073,-1.175094,-1.679968,0.1886966,0.05036573,-2.192033,0.02277644,0.9330961,-0.2746392,0.2310548,31.53738,150.578,354.3163,0.2202102,0.02231597,-0.9751969,0.0,0.0,0.0,0.7197226,-0.5326093,-2.901747,-0.1244766,-0.08471814,1.010884,-0.8921897,-0.08440817,-0.4437031,0.1694186,0.8481091,-0.5020043,0.4186819,-0.5230548,-0.7423739,moving,4.464207962375883,-4.66139048108302,-7.019857721137633,-4.790535417278143,0.531026,-0.58297503,-0.709714,0.0775804181838648,-0.0810219645151899,0.993688469411619,5.1276219744513645,-3.961461485307905,11.445805688391218,11.48479181517008,12.17573926048926
1176,05/05/2023 12:21:41.737727,1374,True,True,True,True,Eyes,0.3849674,0.04634157,-2.14133,0.3411531,-0.5949773,-0.7277476,0.0,0.0,0.0,0.0,0.0,0.0,0.0,-0.8419186,-1.171422,-1.664124,0.1807414,0.05087589,-2.194336,0.02722371,0.9310673,-0.275059,0.2381494,31.67925,149.7673,354.5845,0.2162889,0.02221728,-0.9760763,0.0,0.0,0.0,0.7203425,-0.530258,-2.901373,-0.1244498,-0.08218151,1.011352,-0.8850875,-0.08031602,-0.4584424,0.1817045,0.8472029,-0.4992302,0.42849,-0.5251634,-0.7352549,moving,4.572123933004234,-4.531874180883459,-7.015146052827276,-4.645593960530241,0.5396011000000001,-0.58113389,-0.7070370000000001,0.07946630579616,-0.0787638012235947,0.9937209690454266,5.233690621044516,-3.827509887394677,11.550775334248229,11.58782800669887,12.276125667893137
1177,05/05/2023 12:21:41.748031,1375,True,True,True,True,Eyes,0.376585,0.04631107,-2.143676,0.3491237,-0.5948426,-0.7240683,0.0,0.0,0.0,0.0,0.0,0.0,0.0,-0.8849019,-1.162794,-1.649983,0.1731192,0.05052992,-2.196603,0.0312674,0.929153,-0.2744561,0.2457051,31.69441,148.9052,354.8236,0.212365,0.02212667,-0.9769397,0.0,0.0,0.0,0.7209596,-0.5279175,-2.901002,-0.1245641,-0.0832864,1.011461,-0.8773027,-0.07676616,-0.4737583,0.1929749,0.8473923,-0.4946584,0.4394321,-0.5253885,-0.7286056,moving,4.741778463012278,-4.519285726735776,-7.02077565424933,-4.707267750196464,0.5478404,-0.57844742,-0.704399,0.0824099369283342,-0.0785266335386818,0.9934999496033656,5.400891089951078,-3.813380397946145,11.725933230533585,11.764056128846564,12.453788150698866
1178,05/05/2023 12:21:41.768622,1376,True,True,True,True,Eyes,0.3682415,0.04626484,-2.146014,0.3571508,-0.5948681,-0.7201217,0.0,0.0,0.0,0.0,0.0,0.0,0.0,-0.9270665,-1.160756,-1.630096,0.1653295,0.050244,-2.198672,0.03525778,0.9266004,-0.2757696,0.2532192,31.93199,147.9929,354.976,0.2084413,0.02204287,-0.9777862,0.0,0.0,0.0,0.7215804,-0.5255631,-2.900628,-0.1256218,-0.0823195,1.012357,-0.8692741,-0.07432055,-0.488712,0.2050001,0.8454161,-0.4932005,0.4498199,-0.5289122,-0.7196626,moving,4.9289368856878415,-4.29006954085693,-7.073585520281367,-4.648760808674235,0.5562509,-0.5758070999999999,-0.701956,0.0856811423458846,-0.0745308043582222,0.9935310333337156,5.584834872236884,-3.5763413896273355,11.971097725357437,12.007880892622198,12.70376677383802
1179,05/05/2023 12:21:41.787701,1377,True,True,True,True,Eyes,0.3599416,0.04622132,-2.148352,0.3651982,-0.5947024,-0.7162117,0.0,0.0,0.0,0.0,0.0,0.0,0.0,-0.9687178,-1.158805,-1.609599,0.1579157,0.04985505,-2.201051,0.03872361,0.923931,-0.2771155,0.2608815,32.15935,147.0375,355.051,0.2045198,0.02196448,-0.9786158,0.0,0.0,0.0,0.722189,-0.5232545,-2.900262,-0.1250643,-0.08527318,1.012897,-0.8608829,-0.07303269,-0.5035347,0.2161445,0.843415,-0.4918667,0.460611,-0.5322757,-0.710296,moving,5.157868405195269,-4.051288335350975,-7.038792544302762,-4.812236029377717,0.5642733,-0.57310955,-0.699211,0.0896774079992015,-0.0703647547283656,0.9934820747514528,5.809932266804765,-3.3291740790260973,12.182969169666515,12.22037559611221,12.934032705237408
1180,05/05/2023 12:21:41.798860,1378,True,True,True,True,Eyes,0.3516843,0.0461734,-2.150687,0.3733134,-0.5946726,-0.7120404,0.0,0.0,0.0,0.0,0.0,0.0,0.0,-1.0066,-1.15821,-1.58936,0.1505308,0.04985013,-2.203546,0.04079222,0.9213717,-0.2784494,0.2680973,32.34279,146.0919,354.966,0.200602,0.02189102,-0.9794279,0.0,0.0,0.0,0.7228275,-0.520833,-2.899878,-0.1245415,-0.08111197,1.01423,-0.8529196,-0.07413352,-0.5167517,0.2244727,0.8416038,-0.4912382,0.4713174,-0.5349833,-0.7011794,moving,5.384389630635447,-3.852825366994132,-7.000540655663941,-4.572437670866959,0.5722967,-0.57068313,-0.6963320000000004,0.0936268470923698,-0.0668986608987562,0.9933571914049728,6.03274881371924,-3.1234882468538827,12.371633186777546,12.40581879862756,13.11358413348854
1181,05/05/2023 12:21:41.817679,1379,True,True,True,True,Eyes,0.3434808,0.04615508,-2.153031,0.3814154,-0.5944519,-0.7079189,0.0,0.0,0.0,0.0,0.0,0.0,0.0,-1.042937,-1.159206,-1.56778,0.1432894,0.04969989,-2.205993,0.04229847,0.9186754,-0.2801782,0.2752211,32.55226,145.1238,354.7924,0.1966895,0.02182177,-0.9802227,0.0,0.0,0.0,0.7234429,-0.5184987,-2.899507,-0.1248122,-0.06316414,1.017628,-0.8449286,-0.07650477,-0.5293798,0.231939,0.839422,-0.4915028,0.4819754,-0.5380685,-0.6915072,moving,5.633233851167206,-3.60567615358144,-6.992411589160456,-3.5517907184703352,0.5801535,-0.56819859,-0.693514,0.0979677110919091,-0.0625868658170891,0.9932195877843863,6.277454634925641,-2.8675761259379526,12.601382327117635,12.625760429573493,13.287494090827485
1182,05/05/2023 12:21:41.837849,1380,True,True,True,True,Eyes,0.3353295,0.0461927,-2.155395,0.3895582,-0.5943668,-0.7035428,0.0,0.0,0.0,0.0,0.0,0.0,0.0,-1.073867,-1.165114,-1.545649,0.1362123,0.05033996,-2.20876,0.04265259,0.9160191,-0.2826404,0.2814326,32.80732,144.2144,354.4734,0.1927843,0.02175762,-0.9809996,0.0,0.0,0.0,0.7240468,-0.5162083,-2.899144,-0.1257283,-0.06607965,1.018249,-0.837953,-0.08094731,-0.539706,0.2372297,0.8365903,-0.4938004,0.4914846,-0.5418157,-0.6818202,moving,5.828702033769624,-3.3086394728739563,-7.038968708308238,-3.7130245431968296,0.5878345,-0.5665482599999999,-0.6903840000000003,0.1013871253548888,-0.0574171619094827,0.9931887413235472,6.469429621910999,-2.560730225744504,12.84973142461218,12.8740233653519,13.557455795314354
1183,05/05/2023 12:21:41.847647,1381,True,True,True,True,Eyes,0.3271569,0.04625914,-2.157857,0.3979891,-0.592813,-0.7001268,0.0,0.0,0.0,0.0,0.0,0.0,0.0,-1.104007,-1.171855,-1.522907,0.1293005,0.05170191,-2.211771,0.04260621,0.9133354,-0.2850592,0.2876534,33.03976,143.2853,354.1001,0.1888879,0.02170056,-0.9817586,0.0,0.0,0.0,0.7246637,-0.5138682,-2.898772,-0.1270145,-0.05955356,1.020748,-0.8308803,-0.08616894,-0.5497386,0.241824,0.833852,-0.4961976,0.5011575,-0.5452209,-0.6719936,moving,6.051531243540011,-2.9208809274747045,-7.093014169821914,-3.339025849282222,0.5953632,-0.56557011,-0.687001,0.1052874491075734,-0.0506736866360994,0.9931499601314884,6.688160871217735,-2.1603920182442464,13.131452362850478,13.151194595912852,13.831484490807249
1184,05/05/2023 12:21:41.867843,1382,True,True,True,True,Eyes,0.3190433,0.04634245,-2.160321,0.4063844,-0.5914565,-0.6964417,0.0,0.0,0.0,0.0,0.0,0.0,0.0,-1.128778,-1.173898,-1.506894,0.1227162,0.05220132,-2.21475,0.04033544,0.9114891,-0.285625,0.293222,32.97975,142.4287,353.568,0.1849981,0.02165108,-0.9825001,0.0,0.0,0.0,0.7253094,-0.5114197,-2.898384,-0.1278518,-0.05167693,1.022472,-0.824788,-0.0939724,-0.5575789,0.2410336,0.8335828,-0.4970336,0.5114956,-0.5443425,-0.6648787,moving,6.24909628358363,-2.8208046308002888,-7.1273778021790095,-2.8933337562078147,0.6025932,-0.56362102,-0.6836340000000001,0.1087208705203367,-0.0489207294440138,0.9928678905063176,6.882666853490806,-2.05609236996609,13.360165578208838,13.376670715881133,14.035039166055018
1185,05/05/2023 12:21:41.887635,1383,True,True,True,True,Eyes,0.3110806,0.0464689,-2.162743,0.4146077,-0.5900686,-0.6927622,0.0,0.0,0.0,0.0,0.0,0.0,0.0,-1.149526,-1.186662,-1.484393,0.1159808,0.05267686,-2.217379,0.03839959,0.9089432,-0.2891631,0.2978799,33.26709,141.6045,352.9608,0.181117,0.02160915,-0.9832239,0.0,0.0,0.0,0.7258872,-0.509228,-2.898036,-0.1292713,-0.05014756,1.024242,-0.819586,-0.1024657,-0.5637193,0.2420778,0.8298204,-0.5027888,0.5193043,-0.5485426,-0.6553045,moving,6.388641853400031,-2.362753879225908,-7.193362015062016,-2.8030006347144814,0.6099064,-0.5619048600000001,-0.6806569999999996,0.1111784973169509,-0.0409705635329704,0.9929555468459932,7.019138972259614,-1.5840440046265876,13.57520781223924,13.58913706931519,14.264678039852615
1186,05/05/2023 12:21:41.898068,1384,True,True,True,True,Eyes,0.3031847,0.04661138,-2.165203,0.4228113,-0.5886111,-0.6890337,0.0,0.0,0.0,0.0,0.0,0.0,0.0,-1.174752,-1.19128,-1.465138,0.1093365,0.05341569,-2.220588,0.0383723,0.9066858,-0.2910058,0.3029261,33.43218,140.8415,352.6527,0.1772509,0.02157597,-0.9839289,0.0,0.0,0.0,0.7264979,-0.5069114,-2.897669,-0.1302727,-0.03696421,1.02704,-0.8135267,-0.1067233,-0.5716507,0.2458897,0.8276864,-0.5044537,0.5269845,-0.5509495,-0.6471028,moving,6.47723237639467,-2.055271020686379,-7.228956825520619,-2.061243440363282,0.6171614000000001,-0.56032709,-0.6770810000000003,0.1127367339501384,-0.0356349174950263,0.9929856210741264,7.105738989118448,-1.2672002061356968,13.697430996751562,13.706190503144777,14.356671228249722
1187,05/05/2023 12:21:41.917764,1385,True,True,True,True,Eyes,0.3031847,0.04661138,-2.165203,0.4228113,-0.5886111,-0.6890337,0.0,0.0,0.0,0.0,0.0,0.0,0.0,-1.198314,-1.185608,-1.455436,0.1030235,0.05389618,-2.22405,0.03781909,0.9055509,-0.2897809,0.3075295,33.23565,140.2316,352.4611,0.1734014,0.02155132,-0.9846151,0.0,0.0,0.0,0.7271161,-0.5045668,-2.897297,-0.1307701,-0.03662154,1.028763,-0.8079909,-0.1097382,-0.5788858,0.2467266,0.8291934,-0.5015618,0.5350488,-0.5480838,-0.6429054,moving,7.003273858069169,-2.2034079885663536,-7.244240614470007,-2.0387339503908186,0.6240926,-0.5584629799999999,-0.6732469999999999,0.1218372388722813,-0.0381608147261004,0.9918161632228067,7.624612286878876,-1.415881034231835,14.23879830062689,14.24846609934074,14.881892767961972
1188,05/05/2023 12:21:41.937989,1386,True,True,True,True,Eyes,0.3031847,0.04661138,-2.165203,0.4228113,-0.5886111,-0.6890337,0.0,0.0,0.0,0.0,0.0,0.0,0.0,-1.22483,-1.185984,-1.437846,0.09281269,0.05524949,-2.227667,0.03757977,0.9037772,-0.2904023,0.3121555,33.25591,139.5609,352.208,0.1699346,0.02152885,-0.9852199,0.0,0.0,0.0,0.7277332,-0.5022262,-2.896925,-0.1289497,-0.0351674,1.031054,-0.8022936,-0.1133738,-0.5860645,0.2492288,0.8285086,-0.5014564,0.5424115,-0.5483794,-0.636451,moving,7.551743555191816,-2.125784843634466,-7.128734215272814,-1.9534988145375975,0.6349205099999999,-0.55747569,-0.6692580000000001,0.1313326156044734,-0.0367721406146514,0.9906560532998794,8.16506133235527,-1.3322259469305675,14.672246125731805,14.681488686265032,15.306409187940629
1189,05/05/2023 12:21:41.947511,1387,True,True,True,True,Eyes,0.2946573,0.04682462,-2.168029,0.4313686,-0.5868579,-0.6852145,0.0,0.0,0.0,0.0,0.0,0.0,0.0,-1.24547,-1.18119,-1.429118,0.08671414,0.05516889,-2.231193,0.03610827,0.9027722,-0.2891507,0.3163708,33.01932,138.978,351.9263,0.1668126,0.0215084,-0.9857537,0.0,0.0,0.0,0.7283428,-0.4999143,-2.896558,-0.1260208,-0.02555388,1.033566,-0.7972115,-0.1177626,-0.592103,0.2481528,0.8301761,-0.4992273,0.5503401,-0.5449216,-0.6326029,moving,7.529142298227385,-2.2008727690507564,-6.951655579317825,-1.4162919973494532,0.64162866,-0.55508319,-0.665365,0.1309354519992918,-0.0380724143537396,0.9906595649079653,8.142959983509972,-1.4096065777979878,14.4943411426779,14.502036896851465,15.094617043317056
1190,05/05/2023 12:21:41.967862,1388,True,True,True,True,Eyes,0.2862338,0.04703696,-2.170899,0.4397989,-0.5851034,-0.681345,0.0,0.0,0.0,0.0,0.0,0.0,0.0,-1.262211,-1.185876,-1.416095,0.0803675,0.05582328,-2.235,0.0353626,0.9013249,-0.2904162,0.3194082,33.10047,138.4858,351.6414,0.163603,0.02149819,-0.9862918,0.0,0.0,0.0,0.7289555,-0.4975902,-2.896189,-0.1233249,-0.01970676,1.035555,-0.7934562,-0.1217763,-0.5963209,0.249269,0.8288158,-0.5009285,0.5552413,-0.5461089,-0.627274,moving,7.392468772307716,-1.9653131634939984,-6.791404615323318,-1.0902152990034326,0.6485879999999999,-0.55341348,-0.6611890000000002,0.1285908173901207,-0.0340097392245717,0.991114428044808,8.007684496163288,-1.1683020225935037,14.20519677954364,14.210843062562608,14.79929512058336
1191,05/05/2023 12:21:41.987699,1389,True,True,True,True,Eyes,0.2862338,0.04703696,-2.170899,0.4397989,-0.5851034,-0.681345,0.0,0.0,0.0,0.0,0.0,0.0,0.0,-1.282266,-1.18291,-1.406541,0.0744211,0.05599129,-2.239009,0.03531265,0.9001892,-0.2899677,0.3230036,33.01536,138.003,351.5136,0.1603193,0.02149706,-0.9868308,0.0,0.0,0.0,0.7295607,-0.4952947,-2.895825,-0.1202945,-0.01278979,1.037766,-0.7888436,-0.1237451,-0.6020078,0.2508974,0.8293436,-0.4992394,0.5610497,-0.5448638,-0.623175,moving,7.80072359123565,-2.0101983088146893,-6.612033381915719,-0.7060974146682192,0.6551395999999999,-0.55128599,-0.6568160000000001,0.1356460995777112,-0.034753175226601,0.9901476771869904,8.410211032469945,-1.2116164900403592,14.466101545708304,14.471635799357204,15.030747711977153
1192,05/05/2023 12:21:41.997868,1390,True,True,True,True,Eyes,0.2862338,0.04703696,-2.170899,0.4397989,-0.5851034,-0.681345,0.0,0.0,0.0,0.0,0.0,0.0,0.0,-1.300221,-1.179019,-1.399548,0.06820869,0.05634623,-2.243116,0.03488166,0.8994179,-0.2889992,0.3260523,32.8614,137.6047,351.3929,0.1573625,0.02149584,-0.9873067,0.0,0.0,0.0,0.7301859,-0.4929236,-2.895449,-0.1159132,-0.007328361,1.0395,-0.7849463,-0.1257114,-0.6066761,0.2512041,0.8305254,-0.4971157,0.566353,-0.5426087,-0.6203387,moving,8.151274955662615,-2.1279579352384763,-6.362688022801735,-0.4039222703620688,0.6619772100000001,-0.5492698300000001,-0.652333,0.1416913556054614,-0.0367567136323688,0.9892282718904696,8.756030424530673,-1.330279991165317,14.60976708254226,14.615998779214491,15.147071866093494
1193,05/05/2023 12:21:42.017972,1391,True,True,True,True,Eyes,0.2862338,0.04703696,-2.170899,0.4397989,-0.5851034,-0.681345,0.0,0.0,0.0,0.0,0.0,0.0,0.0,-1.31884,-1.177503,-1.390596,0.06229713,0.05633621,-2.247789,0.03540377,0.8983118,-0.2890415,0.3289948,32.86041,137.2106,351.3331,0.1547004,0.02149458,-0.9877273,0.0,0.0,0.0,0.7308282,-0.4904875,-2.895062,-0.1110516,0.002244234,1.041538,-0.7810182,-0.1265791,-0.6115462,0.2537936,0.8304031,-0.4960035,0.5706134,-0.5425941,-0.6164351,moving,8.4729205775553,-2.103469880965516,-6.086037719565851,0.1234567893242331,0.66853107,-0.54682371,-0.6472729999999998,0.1472448363451836,-0.0363041567706353,0.988433627781159,9.073021961599474,-1.3028526297481555,14.721732361589076,14.728288057074408,15.226012247994117
1194,05/05/2023 12:21:42.037811,1392,True,True,True,True,Eyes,0.2862338,0.04703696,-2.170899,0.4397989,-0.5851034,-0.681345,0.0,0.0,0.0,0.0,0.0,0.0,0.0,-1.335089,-1.169851,-1.388051,0.05575107,0.05639493,-2.251979,0.03504052,0.8981009,-0.2870373,0.3313561,32.60189,136.9509,351.3099,0.1523034,0.02149331,-0.9880998,0.0,0.0,0.0,0.7314281,-0.4882121,-2.894701,-0.1051539,0.01133081,1.043263,-0.7779509,-0.1272833,-0.6152982,0.253163,0.8327635,-0.492355,0.5750664,-0.5387986,-0.6156257,moving,8.724669034081579,-2.3452651924591987,-5.755591191953896,0.6222611809828286,0.67567703,-0.54460703,-0.642722,0.1515622773293685,-0.0404484383641774,0.98761980036976,9.321742628124843,-1.5497677245045829,14.772042113808023,14.781209320985171,15.232980820849312
1195,05/05/2023 12:21:42.047632,1393,True,True,True,True,Eyes,0.2862338,0.04703696,-2.170899,0.4397989,-0.5851034,-0.681345,0.0,0.0,0.0,0.0,0.0,0.0,0.0,-1.350609,-1.162344,-1.387181,0.04970543,0.05586549,-2.256959,0.03505948,0.8979636,-0.2851664,0.3333357,32.37857,136.7505,351.3409,0.1501454,0.02149205,-0.9884301,0.0,0.0,0.0,0.7320548,-0.4858351,-2.894324,-0.09932053,0.01903793,1.045024,-0.7753167,-0.1271479,-0.6186421,0.2530765,0.8349019,-0.4887649,0.5786509,-0.5355112,-0.6151353,moving,8.920942328371773,-2.5633371430091856,-5.429162558085994,1.0436816678549872,0.68234937,-0.54170059,-0.637365,0.1549200532888361,-0.0441838022388122,0.9869385182808884,9.51572498414478,-1.7726717505780432,14.784392812201704,14.796489278010077,15.20794234035111
1196,05/05/2023 12:21:42.067878,1394,True,True,True,True,Eyes,0.2862338,0.04703696,-2.170899,0.4397989,-0.5851034,-0.681345,0.0,0.0,0.0,0.0,0.0,0.0,0.0,-1.363758,-1.157146,-1.387163,0.04395639,0.05551603,-2.262306,0.03506364,0.897912,-0.2837244,0.3347017,32.20775,136.6178,351.3704,0.1482027,0.02149084,-0.9887233,0.0,0.0,0.0,0.7326874,-0.4834359,-2.893943,-0.09302482,0.02730775,1.046661,-0.7734907,-0.126958,-0.6209621,0.2528942,0.836542,-0.4860473,0.5811684,-0.5329908,-0.6149505,moving,9.054101573318086,-2.732195796430882,-5.07897168069948,1.4945277913693038,0.68873101,-0.53895193,-0.631637,0.1571925612212472,-0.0470751370653745,0.9864453863872802,9.647379241307029,-1.9454032454239816,14.736425568585748,14.751574556334424,15.122782052783002
1197,05/05/2023 12:21:42.087830,1395,True,True,True,True,Eyes,0.2862338,0.04703696,-2.170899,0.4397989,-0.5851034,-0.681345,0.0,0.0,0.0,0.0,0.0,0.0,0.0,-1.377598,-1.149061,-1.389191,0.03814426,0.05501045,-2.267926,0.03471584,0.898088,-0.281384,0.3362378,31.92176,136.4861,351.4036,0.1464537,0.02148967,-0.9889839,0.0,0.0,0.0,0.7332923,-0.4811413,-2.893579,-0.08770224,0.03517687,1.048344,-0.771478,-0.1268681,-0.6234792,0.2515796,0.8392357,-0.4820696,0.5844053,-0.5287607,-0.6155344,moving,9.204351078809802,-3.016018365464052,-4.782108293113972,1.921821724565562,0.69514804,-0.53615175,-0.6256529999999998,0.1597402529628236,-0.0519395193409261,0.9857917670947434,9.796150427799,-2.236248430081265,14.81285386454593,14.832508571282812,15.159656155231218
1198,05/05/2023 12:21:42.098033,1396,True,True,True,True,Eyes,0.2862338,0.04703696,-2.170899,0.4397989,-0.5851034,-0.681345,0.0,0.0,0.0,0.0,0.0,0.0,0.0,-1.388967,-1.144838,-1.390537,0.03259547,0.05440579,-2.273643,0.03397693,0.8981774,-0.279868,0.3373384,31.71306,136.3714,351.3607,0.1448794,0.02148857,-0.9892157,0.0,0.0,0.0,0.7339035,-0.4788232,-2.893211,-0.08202383,0.04195726,1.050178,-0.7700969,-0.1277858,-0.6249975,0.249855,0.8410389,-0.4798186,0.5869613,-0.5256655,-0.6157536,moving,9.332698587590937,-3.2117433700815803,-4.466002597089655,2.2878941131047563,0.7013080300000001,-0.53322899,-0.6195680000000001,0.1619189648444776,-0.0552868289445081,0.9852541223089214,9.923125015323867,-2.436643764846505,14.830858757300144,14.854297924525875,15.144908438366915
1199,05/05/2023 12:21:42.117829,1397,True,True,True,True,Eyes,0.2862338,0.04703696,-2.170899,0.4397989,-0.5851034,-0.681345,0.0,0.0,0.0,0.0,0.0,0.0,0.0,-1.401527,-1.142236,-1.390049,0.02697884,0.05373087,-2.279824,0.03349926,0.8980082,-0.2789013,0.3386346,31.57399,136.2162,351.3097,0.143462,0.02148753,-0.9894223,0.0,0.0,0.0,0.7344894,-0.4766011,-2.892859,-0.07679129,0.04369998,1.051629,-0.7684091,-0.1287261,-0.6268792,0.2490565,0.8421838,-0.4782232,0.5895073,-0.5235993,-0.6150815,moving,9.48359441964593,-3.3357824761367114,-4.176398374969338,2.3795318732180597,0.70751056,-0.53033197,-0.613035,0.1644935940009594,-0.0573948828682463,0.9847069386934156,10.072156790712691,-2.5631576000150496,14.781970630026922,14.807438038394135,15.08149540126222
1200,05/05/2023 12:21:42.127798,1398,True,True,True,True,Eyes,0.2862338,0.04703696,-2.170899,0.4397989,-0.5851034,-0.681345,0.0,0.0,0.0,0.0,0.0,0.0,0.0,-1.412767,-1.140759,-1.39021,0.02157596,0.05316748,-2.286183,0.03275036,0.8979116,-0.2780234,0.3396839,31.43496,136.0843,351.2317,0.1421866,0.02148655,-0.9896064,0.0,0.0,0.0,0.7351158,-0.4742252,-2.892482,-0.07287678,0.05207857,1.052945,-0.7670845,-0.1300663,-0.6282231,0.247694,0.8432608,-0.4770313,0.5918015,-0.5215304,-0.6146356,moving,9.617578019005236,-3.455915336379164,-3.959260551174521,2.83153696424221,0.71353984,-0.5273926800000001,-0.6062990000000004,0.1667758775582816,-0.0594362972119469,0.9842018102991724,10.204508808360991,-2.685772054449821,14.932672367629314,14.9620386977614,15.200429641225853
1201,05/05/2023 12:21:42.153547,1399,True,True,True,True,Eyes,0.2755983,0.04708681,-2.176155,0.4496411,-0.5810876,-0.678351,0.0,0.0,0.0,0.0,0.0,0.0,0.0,-1.424625,-1.138826,-1.390298,0.0164318,0.05244079,-2.292681,0.03236272,0.8977593,-0.2771902,0.3408028,31.31608,135.9514,351.1913,0.1410387,0.02148565,-0.9897707,0.0,0.0,0.0,0.7357477,-0.4718284,-2.892102,-0.06967542,0.05803809,1.05403,-0.7656123,-0.1308265,-0.629859,0.2470422,0.8442365,-0.4756415,0.5939766,-0.5197587,-0.6140383,moving,9.165918430401913,-3.3006815742479976,-3.781968167226888,3.151696791984929,0.7193159,-0.5242691899999999,-0.599421,0.1590364166020339,-0.0568431180567869,0.9856349603214852,9.758937748557416,-2.529273934681186,14.438746344942022,14.46654602612822,14.684330472219688
1202,05/05/2023 12:21:42.167541,1400,True,True,True,True,Eyes,0.2651952,0.04711024,-2.18148,0.4591261,-0.5771053,-0.6753908,0.0,0.0,0.0,0.0,0.0,0.0,0.0,-1.436762,-1.136075,-1.391172,0.01128799,0.05178028,-2.299456,0.03226189,0.8976794,-0.2761961,0.3418285,31.19331,135.8456,351.1977,0.1394977,0.02148344,-0.9899892,0.0,0.0,0.0,0.7363554,-0.4695238,-2.891736,-0.06777316,0.05712944,1.055001,-0.7642252,-0.1309017,-0.6315261,0.246745,0.8453498,-0.473815,0.5958835,-0.5179271,-0.6137382,moving,8.709272447440119,-3.1639335409228826,-3.675624620691707,3.0996008191195554,0.72506741,-0.52130408,-0.5922799999999997,0.151195263883019,-0.0545584946937205,0.9869971623819594,9.308495109367907,-2.391821950751699,13.853978235123725,13.878672057068448,14.097627076993628
1203,05/05/2023 12:21:42.178061,1401,True,True,True,True,Eyes,0.2550381,0.04711294,-2.186864,0.4683906,-0.5731438,-0.6723961,0.0,0.0,0.0,0.0,0.0,0.0,0.0,-1.449667,-1.132116,-1.392521,0.006451241,0.05115777,-2.306442,0.03267193,0.8976067,-0.2750576,0.3428964,31.07725,135.7536,351.271,0.1376155,0.02147872,-0.9902526,0.0,0.0,0.0,0.7369502,-0.4672676,-2.891378,-0.06857041,0.06044954,1.058344,-0.7627091,-0.1299794,-0.6335455,0.2472856,0.8465517,-0.471381,0.5975989,-0.5161933,-0.6135306,moving,8.247062493840673,-3.035863726976765,-3.707028612605206,3.269016944176665,0.730498959,-0.51842537,-0.5849359999999999,0.1432447135978819,-0.0524148593214789,0.988298395976934,8.85258845853411,-2.263333748330816,13.491802802180205,13.514873823262006,13.724098701136702
1204,05/05/2023 12:21:42.197624,1402,True,True,True,True,Eyes,0.2451028,0.04709349,-2.192328,0.4773054,-0.5692322,-0.6694431,0.0,0.0,0.0,0.0,0.0,0.0,0.0,-1.463201,-1.126932,-1.394594,0.001649991,0.05058741,-2.313712,0.03321918,0.8975959,-0.273622,0.344019,30.93465,135.669,351.3755,0.1354383,0.02147068,-0.9905528,0.0,0.0,0.0,0.7375746,-0.4648994,-2.891002,-0.0669539,0.05915931,1.058988,-0.7610948,-0.1286275,-0.6357591,0.2478971,0.848055,-0.4683479,0.5994011,-0.5140601,-0.6135638,moving,7.800524889179186,-2.943965721800889,-3.61767709663057,3.197448241691721,0.735924609,-0.5154868100000001,-0.5772899999999996,0.1355488050150458,-0.0508852721954109,0.9894629942833648,8.412215427984181,-2.17193659441866,12.944380347684294,12.965041537138704,13.17378486510365
1205,05/05/2023 12:21:42.217835,1403,True,True,True,True,Eyes,0.235397,0.04705277,-2.197866,0.4860565,-0.5654098,-0.666379,0.0,0.0,0.0,0.0,0.0,0.0,0.0,-1.477339,-1.121094,-1.396674,-0.002969153,0.05003546,-2.321114,0.03443766,0.8975443,-0.2722859,0.3450926,30.83354,135.6051,351.5546,0.1330062,0.02145851,-0.9908826,0.0,0.0,0.0,0.7381869,-0.462577,-2.890633,-0.0678547,0.06274074,1.059613,-0.7594504,-0.126109,-0.6382254,0.2497463,0.8493489,-0.4650089,0.600718,-0.5125456,-0.6135432,moving,7.332117482773165,-2.829841964182653,-3.664060992793365,3.388583748111844,0.741156053,-0.51261246,-0.5695189999999997,0.1274675137214331,-0.0489672617403251,0.9906333201506105,7.950232748657415,-2.0578342169023047,12.613155557801909,12.632686151640035,12.827910498687292
1206,05/05/2023 12:21:42.227570,1404,True,True,True,True,Eyes,0.2259049,0.04699113,-2.203495,0.4944753,-0.5616312,-0.6633736,0.0,0.0,0.0,0.0,0.0,0.0,0.0,-1.493831,-1.111443,-1.399605,-0.007570574,0.04946014,-2.328782,0.03655779,0.8975335,-0.2703725,0.3464041,30.70809,135.5539,351.8631,0.1303566,0.02144153,-0.991235,0.0,0.0,0.0,0.7387829,-0.4603162,-2.890275,-0.06812042,0.0636276,1.059909,-0.7573355,-0.1216926,-0.6415871,0.25294,0.8511244,-0.4600092,0.6020502,-0.5106643,-0.6138058,moving,6.869667843875672,-2.7588411847985843,-3.677345755871303,3.4354110816413117,0.7463534740000001,-0.50977634,-0.561493,0.1194746050002047,-0.0477874980714366,0.9916865099861988,7.4942243107844115,-1.9880394558363044,12.213313603003582,12.231445418001236,12.418445695281846
1207,05/05/2023 12:21:42.247827,1405,True,True,True,True,Eyes,-0.00458998,0.04509829,-2.345286,0.687228,-0.4572906,-0.5644493,0.0,0.0,0.0,0.0,0.0,0.0,0.0,-1.510237,-1.101394,-1.403,-0.01193723,0.04890638,-2.336612,0.03881299,0.8975412,-0.2684052,0.3476668,30.58375,135.5138,352.1917,0.1275219,0.02141914,-0.9916042,0.0,0.0,0.0,0.7394047,-0.4579578,-2.8899,-0.06981051,0.0629912,1.060425,-0.7552429,-0.1169586,-0.6449258,0.2563036,0.8529045,-0.4548214,0.6032553,-0.5087973,-0.6141732,moving,-5.831620064858145,2.4679127026048,-3.766493827854185,3.3994802441248453,0.75134193,-0.50686418,-0.5532879999999998,-0.1015120641849995,0.0428374511284944,0.99391160709017,-5.037875466560133,3.298762542241504,2.265285981730056,2.2655163780418444,1.2753647818217675
1208,05/05/2023 12:21:42.267694,1406,True,True,True,True,Eyes,-0.004753375,0.04508081,-2.345614,0.6872944,-0.4572268,-0.5644202,0.0,0.0,0.0,0.0,0.0,0.0,0.0,-1.528165,-1.09078,-1.40545,-0.01613164,0.04828895,-2.344735,0.0415129,0.8973765,-0.2665508,0.3492033,30.48984,135.4426,352.5551,0.1073175,0.02108426,-0.9940009,-0.6914845,-0.005678527,-0.4253726,0.7400162,-0.4556388,-2.889532,-0.07204962,0.06516233,1.060104,-0.7526678,-0.1116554,-0.6488642,0.2606662,0.8544548,-0.4493999,0.6046031,-0.5073857,-0.6140158,moving,-5.745455451339231,2.4264848361447227,-3.888109535766093,3.517423759700617,0.75614784,-0.50392775,-0.544797,-0.100020285256048,0.0421251878498912,0.994093311597835,-4.952844545891926,3.2567575606584644,2.153955990677715,2.154038436292517,1.0961785936200097
1209,05/05/2023 12:21:42.287634,1407,True,True,True,True,Eyes,-0.005087865,0.04503567,-2.346279,0.6878272,-0.4570461,-0.5639172,0.0,0.0,0.0,0.0,0.0,0.0,0.0,-1.547067,-1.078249,-1.408247,-0.02020944,0.04787788,-2.352977,0.04430216,0.8972348,-0.264254,0.3509656,30.3508,135.3569,352.945,0.09076979,0.02080527,-0.9956543,-0.6499954,-0.005337815,-0.3998502,0.7406312,-0.453306,-2.889162,-0.07586929,0.06264618,1.060744,-0.7497209,-0.1059892,-0.653211,0.264987,0.8564143,-0.4430987,0.6063829,-0.5052929,-0.613986,moving,-5.679374218450609,2.3449661315587176,-4.0910908291101,3.37988928369954,0.7608406400000001,-0.50118388,-0.5361849999999997,-0.0988794749703695,0.0407154429199074,0.9942661138640448,-4.88751554317143,3.173381722220248,1.895630778449089,1.895708325584944,0.8227622366855415
1210,05/05/2023 12:21:42.298194,1408,True,True,True,True,Eyes,-0.005559835,0.04496482,-2.347252,0.6884629,-0.4567671,-0.5633673,0.0,0.0,0.0,0.0,0.0,0.0,0.0,-1.567559,-1.063295,-1.411035,-0.02422818,0.04726079,-2.361363,0.04687199,0.8970664,-0.2613882,0.3532013,30.13742,135.2185,353.3233,0.07722474,0.02057259,-0.9968012,-0.6109957,-0.005017546,-0.3758592,0.7412971,-0.4507804,-2.888762,-0.08092374,0.06082904,1.060149,-0.7461037,-0.1005507,-0.6581936,0.2687398,0.8589585,-0.4358546,0.6091865,-0.5020756,-0.6138501,moving,-5.5665935556924095,2.2007292852028177,-4.3650608300470175,3.2839063887608564,0.7655252800000001,-0.49804119,-0.527399,-0.0969317425313028,0.0382197024671791,0.9945569640102448,-4.776006670947954,3.0258300354989403,1.6172509980913214,1.6177000737062563,0.4852627002632151
1211,05/05/2023 12:21:42.317598,1409,True,True,True,True,Eyes,-0.006124454,0.0449065,-2.348503,0.6894128,-0.4565643,-0.5623692,0.0,0.0,0.0,0.0,0.0,0.0,0.0,-1.588377,-1.049509,-1.412269,-0.02800313,0.04657682,-2.369801,0.04906535,0.8967093,-0.2587595,0.3557369,29.93207,135.0186,353.6329,0.06613776,0.02037753,-0.997602,-0.574336,-0.004716494,-0.3533077,0.741854,-0.4486683,-2.888426,-0.08701023,0.05904678,1.059354,-0.7420879,-0.09610593,-0.6633775,0.2720954,0.8612722,-0.4291554,0.6125929,-0.4989728,-0.6129898,moving,-5.435418092544961,2.055329409025941,-4.695459195996732,3.1902784699974203,0.76985713,-0.49524512,-0.5186250000000001,-0.094663324910671,0.035703518481973,0.994868935906552,-4.646363123396308,2.877210524994409,1.3532186185536244,1.354861077594642,0.3168942450300955
1212,05/05/2023 12:21:42.337869,1410,True,True,True,True,Eyes,-0.006811934,0.04484908,-2.350058,0.6904805,-0.456247,-0.5613158,0.0,0.0,0.0,0.0,0.0,0.0,0.0,-1.609054,-1.03901,-1.411641,-0.03174134,0.04670413,-2.378685,0.05107835,0.8961611,-0.256726,0.3582989,29.78445,134.7884,353.8871,0.05705847,0.02021399,-0.9981658,-0.5398758,-0.004433504,-0.3321092,0.7424713,-0.4463269,-2.888055,-0.09313139,0.05539954,1.058411,-0.7380257,-0.09242044,-0.6684133,0.2755181,0.8629655,-0.4235331,0.6159607,-0.4967383,-0.6114273,moving,-5.295310082523374,1.971184824195105,-5.028602046759954,2.996251769879166,0.7742126399999999,-0.49303103,-0.5093700000000001,-0.0922349388452279,0.0342502557292287,0.9951480840847704,-4.508059014210151,2.791650366938028,1.056126806039531,1.0591956474017588,0.5593092014455224
1213,05/05/2023 12:21:42.347788,1411,True,True,True,True,Eyes,-0.007597236,0.04473941,-2.351876,0.6920489,-0.4556674,-0.5598531,0.0,0.0,0.0,0.0,0.0,0.0,0.0,-1.632761,-1.022615,-1.411533,-0.03537113,0.0466795,-2.387602,0.05361846,0.8956205,-0.2536132,0.3614826,29.54102,134.5211,354.2403,0.04961295,0.02007619,-0.9985663,-0.5074832,-0.004167493,-0.3121827,0.7430945,-0.4439631,-2.88768,-0.09969759,0.05300006,1.057106,-0.7329112,-0.08730992,-0.674699,0.2793971,0.8656108,-0.4155181,0.6203056,-0.4930466,-0.6100217,moving,-5.1485515484886895,1.815574330494813,-5.387732791600005,2.8702316851902974,0.77846563,-0.4906426,-0.5000780000000002,-0.089693604948545,0.0315547472956293,0.9954693908644416,-4.363031021587802,2.632638572758337,1.076187768362951,1.0814387651964166,1.0518860226
1214,05/05/2023 12:21:42.368053,1412,True,True,True,True,Eyes,-0.008510881,0.04468469,-2.353981,0.6935401,-0.455444,-0.5581871,0.0,0.0,0.0,0.0,0.0,0.0,0.0,-1.652727,-1.005422,-1.415209,-0.03890611,0.04521545,-2.396171,0.05346395,0.8956079,-0.2493612,0.364482,29.05395,134.2465,354.3535,0.04349331,0.01995695,-0.998854,-0.4770342,-0.003917444,-0.2934517,0.7437168,-0.4416029,-2.887305,-0.1061686,0.05185747,1.055529,-0.7285891,-0.08600985,-0.6795297,0.2775408,0.8699213,-0.4076863,0.6262023,-0.485633,-0.609944,moving,-4.982591782577599,1.3718490561305456,-5.743681487647619,2.8126437916902223,0.78262291,-0.48681835,-0.4911340000000002,-0.0868283551462048,0.0238505763053806,0.9959377153230646,-4.198397295077192,2.177453468477258,1.6213385341341224,1.6294621840288432,1.6707393520568743
1215,05/05/2023 12:21:42.387588,1413,True,True,True,True,Eyes,-0.009507707,0.04467333,-2.356407,0.6955868,-0.4549124,-0.55607,0.0,0.0,0.0,0.0,0.0,0.0,0.0,-1.672692,-1.01179,-1.402729,-0.04286467,0.0465858,-2.405257,0.05753872,0.8936677,-0.2524386,0.3665,29.56221,133.9704,354.5776,0.03844473,0.01985459,-0.9990631,-0.4484122,-0.003682397,-0.2758446,0.7443225,-0.4393057,-2.88694,-0.1129437,0.05031681,1.053809,-0.7247342,-0.08219645,-0.6841083,0.2878784,0.8659281,-0.4090165,0.6260083,-0.4933683,-0.6039052,moving,-4.954259346211759,1.9421992593165145,-6.117416786240674,2.733657590945812,0.78718717,-0.4858915,-0.4816829999999998,-0.0863111914869845,0.0337648080845981,0.9956959620622686,-4.171813664712071,2.7642189298330355,1.4014396795349375,1.4068907281662102,1.9458431339489897
1216,05/05/2023 12:21:42.397683,1414,True,True,True,True,Eyes,-0.01061182,0.04468276,-2.359075,0.6977402,-0.4541484,-0.5539926,0.0,0.0,0.0,0.0,0.0,0.0,0.0,-1.699986,-0.9823862,-1.408122,-0.04565669,0.04762408,-2.415262,0.0599342,0.8936802,-0.2458561,0.370538,28.9371,133.6897,355.0789,0.0341989,0.01976619,-0.9992192,-0.4215074,-0.003461453,-0.2592939,0.7449822,-0.4368035,-2.886544,-0.1197315,0.04941031,1.051685,-0.7182192,-0.07507402,-0.6917554,0.289322,0.8719254,-0.3950176,0.6328146,-0.4838492,-0.6045129,moving,-4.808967894545957,1.4217845936198603,-6.495005220895815,2.689894800248621,0.7906388900000001,-0.48442758,-0.4712820000000004,-0.0838081820840201,0.0247249833036931,0.9961750953470796,-4.0273721929106365,2.230019671116662,2.101477499937352,2.109697931458676,2.5101190998033216
1217,05/05/2023 12:21:42.417886,1415,True,True,True,True,Eyes,-0.01182441,0.04470211,-2.361985,0.701275,-0.4540276,-0.5496111,0.0,0.0,0.0,0.0,0.0,0.0,0.0,-1.71645,-0.9730661,-1.409416,-0.04935139,0.04806632,-2.423791,0.05876163,0.8936022,-0.2427062,0.3729826,28.52875,133.4266,355.0355,0.03033074,0.01968461,-0.9993457,-0.396217,-0.003253766,-0.2437363,0.7455387,-0.4346925,-2.886209,-0.1269035,0.04794508,1.049598,-0.7148621,-0.07603131,-0.6951197,0.2860694,0.8752816,-0.3899314,0.6380724,-0.4775996,-0.6039553,moving,-4.8623478775425095,1.0076104162820256,-6.893984266952826,2.615422707399176,0.79489009,-0.48275882,-0.462418,-0.0847491422085704,0.0175219473294599,0.9962482685990802,-4.079013436475242,1.8036963695887736,2.580588030622996,2.590869889099714,2.9296689956264244
1218,05/05/2023 12:21:42.437979,1416,True,True,True,True,Eyes,-0.01310883,0.04475825,-2.36515,0.7048364,-0.4537224,-0.5452904,0.0,0.0,0.0,0.0,0.0,0.0,0.0,-1.738986,-0.982799,-1.390363,-0.05275559,0.04844293,-2.432682,0.06135983,0.8909436,-0.246505,0.376417,29.04117,132.8961,354.9972,0.02679811,0.01960944,-0.9994482,-0.372444,-0.00305854,-0.2291121,0.7461623,-0.4323274,-2.885833,-0.134271,0.04673836,1.047096,-0.7090905,-0.07624103,-0.7009836,0.2949136,0.8709405,-0.3930503,0.6404816,-0.4854378,-0.5950912,moving,-4.760517317392639,1.554093106238711,-7.307262736429703,2.555767965131485,0.7989178899999999,-0.4807703299999999,-0.4531510000000001,-0.0829608201224436,0.0270272253444892,0.9961862369926971,-3.9799257462682567,2.366428194370066,2.7295257840603275,2.73665210655723,3.3327197594290188
1219,05/05/2023 12:21:42.447814,1417,True,True,True,True,Eyes,-0.01456873,0.04482551,-2.368613,0.708456,-0.4534908,-0.5407737,0.0,0.0,0.0,0.0,0.0,0.0,0.0,-1.757823,-0.9746097,-1.38899,-0.05577561,0.04933872,-2.442039,0.061002,0.8904497,-0.2439399,0.3793042,28.73171,132.5738,355.0006,0.02356491,0.01954144,-0.999531,-0.3500973,-0.002875028,-0.2153654,0.7467743,-0.4300063,-2.885465,-0.1417957,0.04492351,1.044489,-0.7048144,-0.0764164,-0.7052641,0.2936932,0.8735442,-0.3881556,0.6457409,-0.4807089,-0.5932437,moving,-4.778696169162643,1.2551617528945995,-7.730986574701083,2.4627757163684127,0.80254991,-0.47934502,-0.4434260000000001,-0.0832874695019064,0.0218288457540623,0.9962864563715318,-3.997140439487773,2.0588700762414254,3.18148586703312,3.1897257128805383,3.7556286727489128
1220,05/05/2023 12:21:42.467576,1418,True,True,True,True,Eyes,-0.01609565,0.04490519,-2.372271,0.7120904,-0.4532764,-0.5361601,0.0,0.0,0.0,0.0,0.0,0.0,0.0,-1.777562,-0.9797898,-1.375108,-0.05931427,0.05000669,-2.450432,0.06200432,0.8885584,-0.2457329,0.3824066,28.95469,132.112,354.9021,0.02059428,0.01948018,-0.9995978,-0.3290915,-0.002702526,-0.2024435,0.74738,-0.4277088,-2.8851,-0.1496546,0.04388398,1.041644,-0.6998414,-0.07775083,-0.7100542,0.2981287,0.8715417,-0.3892743,0.6491083,-0.4841177,-0.5867612,moving,-4.728412982968397,1.4925677278337477,-8.175825548765403,2.4124181034117176,0.80669427,-0.47771549,-0.4346679999999998,-0.0824049479276716,0.0259586847803425,0.9962607372784716,-3.9481352157878176,2.303377246157047,3.5611239239500656,3.568021596384476,4.229096293548181
1221,05/05/2023 12:21:42.487771,1419,True,True,True,True,Eyes,-0.01768844,0.04496324,-2.376077,0.7158028,-0.4531092,-0.5313364,0.0,0.0,0.0,0.0,0.0,0.0,0.0,-1.796176,-0.9853566,-1.362079,-0.06246391,0.05037005,-2.458862,0.06127176,0.8868455,-0.2468164,0.3857882,29.01587,131.5916,354.6353,0.01785719,0.01942535,-0.9996515,-0.309346,-0.002540374,-0.1902968,0.7480018,-0.4253508,-2.884726,-0.1577544,0.04273048,1.038603,-0.6948263,-0.08176053,-0.7145148,0.2991148,0.8706549,-0.3905001,0.6540233,-0.4850518,-0.5804981,moving,-4.628469615553477,1.5575514311926963,-8.636695669853063,2.355949457347396,0.81046571,-0.47572085,-0.4258640000000002,-0.0806645807057491,0.0270924774130646,0.9963730168288522,-3.849773182571792,2.370905691423657,4.080514021016093,4.086968988203085,4.7869458518116605
1222,05/05/2023 12:21:42.503523,1420,True,True,True,True,Eyes,-0.01934732,0.04502942,-2.38004,0.7194215,-0.4531968,-0.5263511,0.0,0.0,0.0,0.0,0.0,0.0,0.0,-1.81132,-0.9971176,-1.347515,-0.06588627,0.0498609,-2.466595,0.05946543,0.8850616,-0.2490776,0.3887033,29.15191,131.0681,354.1922,0.01532762,0.01937531,-0.9996944,-0.2907852,-0.002387952,-0.178879,0.748611,-0.4230398,-2.884359,-0.1659442,0.0415335,1.035342,-0.6907474,-0.08837337,-0.7176758,0.2988957,0.8688485,-0.3946691,0.6584298,-0.4871267,-0.5737404,moving,-4.540961525090624,1.6674551661046186,-9.10589617880594,2.297230253013846,0.81449727,-0.4729007,-0.417764,-0.0791384744894765,0.02900721299328,0.9964415678370416,-3.7637745697305407,2.484544733978733,4.60230957911686,4.608171552013065,5.345404568498953
1223,05/05/2023 12:21:42.518117,1421,True,True,True,True,Eyes,-0.02103768,0.04513709,-2.384175,0.7231454,-0.4531361,-0.5212758,0.0,0.0,0.0,0.0,0.0,0.0,0.0,-1.826267,-1.01548,-1.328004,-0.06912553,0.05015618,-2.474419,0.05948245,0.8826346,-0.2537253,0.3912053,29.63238,130.5567,353.8239,0.01298273,0.01932983,-0.9997286,-0.2733381,-0.002244675,-0.1681463,0.7492331,-0.4206804,-2.883985,-0.1738026,0.04113042,1.031798,-0.686841,-0.0935148,-0.7207669,0.3035199,0.8641706,-0.4013538,0.6603982,-0.4944332,-0.5651642,moving,-4.510767382660189,2.133800050260211,-9.561505547455448,2.282765051623405,0.81835863,-0.47083658,-0.4095659999999999,-0.0785922471852874,0.0371180611536631,0.9962156205102236,-3.735110767294009,2.9643605089674048,5.048568931153413,5.052934452469228,5.866127214931877
1224,05/05/2023 12:21:42.537812,1422,True,True,True,True,Eyes,-0.02277527,0.04527207,-2.388463,0.7269005,-0.4528366,-0.5162894,0.0,0.0,0.0,0.0,0.0,0.0,0.0,-1.842273,-1.015741,-1.321916,-0.0717997,0.05118506,-2.48302,0.05891183,0.8817072,-0.2531495,0.3937477,29.52481,130.21,353.7011,0.01080256,0.01929004,-0.9997553,-0.2569378,-0.002109994,-0.1580575,0.7498551,-0.4183213,-2.883611,-0.1813056,0.03992069,1.028323,-0.6829844,-0.09546813,-0.7241674,0.3032401,0.8648894,-0.4000147,0.6645133,-0.4928002,-0.5617562,moving,-4.554065870460959,2.02907639090245,-9.999162967241396,2.223172142265954,0.8216548,-0.46950636,-0.4005910000000003,-0.0793503108264623,0.0352950184600756,0.9962217913676736,-3.777543747852983,2.8563571314760257,5.443969029510663,5.448555363953285,6.25375638649478
1225,05/05/2023 12:21:42.547862,1423,True,True,True,True,Eyes,-0.0245631,0.04542609,-2.3929,0.7308536,-0.452293,-0.5111596,0.0,0.0,0.0,0.0,0.0,0.0,0.0,-1.859547,-1.007117,-1.31953,-0.07468791,0.0519169,-2.491001,0.05784173,0.8812702,-0.2502719,0.396713,29.14408,129.8765,353.6484,0.008769053,0.01925641,-0.9997758,-0.2415216,-0.001983395,-0.1485741,0.7504764,-0.4159648,-2.883237,-0.1879386,0.03776333,1.024866,-0.6785464,-0.09662384,-0.7281749,0.3005206,0.8680366,-0.3952212,0.6702703,-0.4870075,-0.5599656,moving,-4.590626777204087,1.6700753604529763,-10.391372872486771,2.110228079846106,0.82516431,-0.4678817,-0.392236,-0.0800020796283271,0.0290507716513582,0.9963713158635809,-3.812736269054336,2.4868930913686467,5.812185805519446,5.817421222356731,6.589410906213569
1226,05/05/2023 12:21:42.567849,1424,True,True,True,True,Eyes,-0.02638547,0.04557484,-2.39746,0.7348388,-0.4515677,-0.5060619,0.0,0.0,0.0,0.0,0.0,0.0,0.0,-1.877119,-1.000913,-1.31408,-0.07740508,0.05250774,-2.498692,0.05686875,0.8804883,-0.2481689,0.3998982,28.849,129.4873,353.5536,0.006866241,0.01922902,-0.9997913,-0.2270303,-0.001864391,-0.1396596,0.7510874,-0.4136475,-2.882869,-0.1935657,0.03579436,1.02141,-0.6736947,-0.09834,-0.7324374,0.298629,0.8703564,-0.3915361,0.6759852,-0.4825029,-0.5569873,moving,-4.5894467814293405,1.411908740130081,-10.73077536785516,2.00705576559192,0.82849248,-0.4661552399999999,-0.3841769999999997,-0.0799911937203657,0.0245610064667746,0.9964929815050728,-3.810964811597083,2.2213938343854265,6.164540865069435,6.170098604428216,6.923129273835267
1227,05/05/2023 12:21:42.587633,1425,True,True,True,True,Eyes,-0.0281459,0.0457442,-2.402194,0.7389833,-0.4507463,-0.5007309,0.0,0.0,0.0,0.0,0.0,0.0,0.0,-1.893368,-0.9925207,-1.310798,-0.07786352,0.05193795,-2.505867,0.05610443,0.8797383,-0.2457804,0.403119,28.53388,129.1087,353.5006,0.005079654,0.0192069,-0.9998024,-0.2134085,-0.001752527,-0.13128,0.751699,-0.4113274,-2.882501,-0.1991101,0.03396952,1.018137,-0.6686948,-0.09944307,-0.7368572,0.2968719,0.8728886,-0.3872113,0.6816996,-0.4776783,-0.5541742,moving,-4.610371113100366,1.139404307794832,-11.065291002071788,1.910929875441482,0.82956252,-0.46326535,-0.3766340000000001,-0.0803635586589879,0.0198207299412046,0.9965685204548912,-3.830948021611391,1.940994930642477,6.494904900660215,6.500864748213987,7.234405453558767
1228,05/05/2023 12:21:42.598322,1426,True,True,True,True,Eyes,-0.02985133,0.04592011,-2.407031,0.7431213,-0.4498481,-0.4953861,0.0,0.0,0.0,0.0,0.0,0.0,0.0,-1.910046,-0.9897662,-1.303862,-0.07727785,0.05274677,-2.513805,0.05702804,0.8784261,-0.24529,0.4061379,28.50665,128.7276,353.5279,0.003400301,0.01919024,-0.9998099,-0.2006039,-0.001647376,-0.1234032,0.7523171,-0.4089832,-2.882129,-0.2038651,0.03113593,1.014942,-0.6635996,-0.09905325,-0.7415011,0.299433,0.8731612,-0.3846158,0.6855475,-0.4772608,-0.5497696,moving,-4.661183115329063,1.1646570393774298,-11.357512737065388,1.7571428333261672,0.8295949499999999,-0.46172997,-0.3683239999999999,-0.0812466070109891,0.0202585037026556,0.9964881080762786,-3.8810934133308272,1.9666113756055084,6.717725504600407,6.72248985264942,7.479353112035571
1229,05/05/2023 12:21:42.617761,1427,True,True,True,True,Eyes,-0.0316102,0.04610189,-2.411969,0.747393,-0.4488865,-0.4898006,0.0,0.0,0.0,0.0,0.0,0.0,0.0,-1.932649,-0.9790111,-1.293816,-0.07989846,0.05359366,-2.521567,0.05784026,0.8770391,-0.2432347,0.4102364,28.30136,128.2496,353.6022,0.001820761,0.01917869,-0.9998142,-0.1885677,-0.001548533,-0.1159991,0.7529355,-0.4066378,-2.881757,-0.2080937,0.02465817,1.011468,-0.6567214,-0.09811114,-0.7477242,0.3010238,0.8749827,-0.3791964,0.6914492,-0.4741091,-0.545086,moving,-4.621061736364743,1.031618697125401,-11.62549801851043,1.3965140630120996,0.83283396,-0.46023146,-0.3601899999999998,-0.080552358092355,0.0179456634665762,0.9965888243704696,-3.841231895873917,1.8300699277468613,7.011122848778411,7.013934435014666,7.796330531466223
1230,05/05/2023 12:21:42.637755,1428,True,True,True,True,Eyes,-0.03341542,0.04630904,-2.417005,0.7515898,-0.4481609,-0.4840087,0.0,0.0,0.0,0.0,0.0,0.0,0.0,-1.951738,-0.9759496,-1.281508,-0.0827008,0.05394454,-2.52869,0.05735721,0.8755217,-0.2424875,0.4139709,28.17034,127.7465,353.4649,0.0003289071,0.01917188,-0.9998159,-0.1772536,-0.001455621,-0.1090391,0.7535433,-0.4043326,-2.881391,-0.2143926,0.0335525,1.008567,-0.6506768,-0.1003305,-0.7526978,0.3012005,0.87582,-0.3771177,0.6970642,-0.4720945,-0.5396562,moving,-4.575698284924648,0.942647564102254,-12.000818900209186,1.905384487365604,0.8362441,-0.4582771399999999,-0.3527009999999997,-0.0797654041909629,0.01639913996116,0.996678679380334,-3.796307052850296,1.738885278365748,7.480119931436331,7.487274439670154,8.206201108920618
1231,05/05/2023 12:21:42.647980,1429,True,True,True,True,Eyes,-0.03528206,0.04655675,-2.42219,0.7559679,-0.4473786,-0.4778754,0.0,0.0,0.0,0.0,0.0,0.0,0.0,-1.974254,-0.9809555,-1.257995,-0.08562759,0.05480136,-2.536172,0.05917119,0.8726388,-0.2451351,0.4182214,28.51065,127.0954,353.3493,-0.001085856,0.0191703,-0.9998154,-0.1666184,-0.001368284,-0.1024968,0.7541747,-0.4019376,-2.881011,-0.2185192,0.02340388,1.005217,-0.6431794,-0.1017714,-0.7589224,0.3083117,0.8728151,-0.3783355,0.7009026,-0.4773222,-0.5299993,moving,-4.476123613333307,1.344489900842119,-12.264434391381933,1.3337431932834276,0.83980229,-0.45673896,-0.3448389999999999,-0.0780222957435032,0.0233920955891194,0.996677132638445,-3.699102194623717,2.1528482274376453,7.786323121743664,7.788318192472089,8.604408677985933
1232,05/05/2023 12:21:42.668985,1430,True,True,True,True,Eyes,-0.03719322,0.04682773,-2.427466,0.7603362,-0.4466296,-0.4716045,0.0,0.0,0.0,0.0,0.0,0.0,0.0,-1.997994,-0.9759265,-1.24056,-0.08827218,0.05615713,-2.544101,0.06003079,0.8704771,-0.2446397,0.422868,28.46858,126.4815,353.3113,-0.002433724,0.01917496,-0.999813,-0.1566213,-0.001286187,-0.09634695,0.7547903,-0.3996028,-2.88064,-0.223249,0.01634349,1.002823,-0.6351581,-0.1023898,-0.7655658,0.3114115,0.8730955,-0.3751363,0.7068222,-0.4766768,-0.5226683,moving,-4.369056520041947,1.3644712807394812,-12.550553948947933,0.9336942875121212,0.8430624800000001,-0.45575993,-0.3365390000000001,-0.0761590649682403,0.023743106347211,0.9968129226544962,-3.5936121950290856,2.1741444034135524,8.192186155400515,8.192830341041443,9.042428991876836
1233,05/05/2023 12:21:42.687559,1431,True,True,True,True,Eyes,-0.03914581,0.04712252,-2.432842,0.7647108,-0.4460627,-0.4650221,0.0,0.0,0.0,0.0,0.0,0.0,0.0,-2.021658,-0.9727296,-1.220343,-0.09127827,0.05698432,-2.551659,0.06074846,0.8680494,-0.2447692,0.427654,28.48327,125.8199,353.2121,-0.003721851,0.0191861,-0.9998087,-0.1472241,-0.001209016,-0.09056614,0.7554083,-0.3972588,-2.880268,-0.2253298,0.02608278,1.000329,-0.6268432,-0.1038877,-0.7721882,0.3148183,0.8727953,-0.3729848,0.7127108,-0.4769021,-0.5144,moving,-4.240993147884394,1.4289907201188052,-12.694326816695348,1.493603284129292,0.84668657,-0.45424312,-0.3286090000000001,-0.0739288524787163,0.0248697662462482,0.9969534156390544,-3.467530903849193,2.2413914786798674,8.450715688754984,8.453580596391145,9.257048665812649
1234,05/05/2023 12:21:42.697916,1432,True,True,True,True,Eyes,-0.04114383,0.04743943,-2.438298,0.7690816,-0.445507,-0.4582978,0.0,0.0,0.0,0.0,0.0,0.0,0.0,-2.044657,-0.9758072,-1.195847,-0.09417666,0.05789045,-2.559425,0.06131479,0.8651532,-0.2463952,0.4324811,28.64453,125.0895,352.9951,-0.004957946,0.01920394,-0.999803,-0.1383906,-0.001136475,-0.08513217,0.7560334,-0.3948878,-2.879892,-0.229426,0.02032663,0.9975159,-0.6184012,-0.1070291,-0.77854,0.3192159,0.8710598,-0.3733042,0.7181093,-0.4793741,-0.5044991,moving,-4.079725602009684,1.638694769989193,-12.952619566957637,1.1673688144050884,0.85021006,-0.45277825,-0.3204669999999998,-0.0711155369931728,0.0285243137753496,0.9970600844052564,-3.3090620354285907,2.458182980853154,8.884169843932838,8.885403506291487,9.729563354858922
1235,05/05/2023 12:21:42.717853,1433,True,True,True,True,Eyes,-0.0432027,0.04776026,-2.443823,0.7733933,-0.4450839,-0.4514012,0.0,0.0,0.0,0.0,0.0,0.0,0.0,-2.065925,-0.9788232,-1.172949,-0.09730044,0.05873176,-2.566911,0.06082242,0.862548,-0.2473877,0.4371625,28.68188,124.3788,352.7066,-0.006148722,0.01922861,-0.999796,-0.1300872,-0.001068286,-0.08002423,0.7566322,-0.3926166,-2.879532,-0.2319347,0.02452993,0.9956985,-0.6103791,-0.1113728,-0.7842407,0.3212217,0.8701999,-0.373589,0.7240538,-0.479946,-0.4953765,moving,-3.928766479577178,1.7092296351213865,-13.112467144168024,1.4112477084680988,0.85393264,-0.45134836,-0.312621,-0.0684858443797511,0.0297572273165613,0.9972081600285686,-3.1604263533111885,2.5317761918651014,9.1863205325835,9.18853367656768,10.014923863164528
1236,05/05/2023 12:21:42.737937,1434,True,True,True,True,Eyes,-0.04529875,0.04808428,-2.449425,0.7776711,-0.4447194,-0.4443561,0.0,0.0,0.0,0.0,0.0,0.0,0.0,-2.088129,-0.9807665,-1.148404,-0.1009449,0.05914066,-2.574359,0.0611476,0.8597329,-0.248796,0.4418382,28.80505,123.6661,352.4777,-0.007300668,0.0192595,-0.9997876,-0.122282,-0.001004189,-0.07522278,0.7572595,-0.3902372,-2.879154,-0.2332358,0.02569893,0.9938147,-0.6020803,-0.1147139,-0.7901523,0.3249963,0.8687232,-0.3737614,0.7292992,-0.4818308,-0.4857594,moving,-3.7917768565312366,1.86568703021693,-13.20757735571526,1.4812742866575148,0.8582044,-0.44937786,-0.3047950000000003,-0.0660957920665549,0.0324854357356772,0.9972843480446976,-3.025763004793963,2.6936376894269,9.421201766521325,9.423644316178589,10.253739244636632
1237,05/05/2023 12:21:42.747565,1435,True,True,True,True,Eyes,-0.04751243,0.04840304,-2.455116,0.7818842,-0.4444029,-0.4372221,0.0,0.0,0.0,0.0,0.0,0.0,0.0,-2.111262,-0.9787666,-1.124812,-0.103956,0.05954742,-2.58191,0.0620304,0.8569353,-0.2495796,0.4466815,28.89216,122.9628,352.3433,-0.008419362,0.01929603,-0.999778,-0.114945,-0.0009439377,-0.07070941,0.757864,-0.3879447,-2.87879,-0.2344906,0.02850927,0.9921414,-0.5932561,-0.1166531,-0.7965173,0.3292772,0.8677245,-0.3723314,0.7345912,-0.4831628,-0.4763717,moving,-3.657940679369627,1.988531331322921,-13.297719885843712,1.6459463186057812,0.86182,-0.44749212,-0.2968799999999998,-0.0637614831105705,0.0346288443768628,0.9973641866816372,-2.8941288354389423,2.820908327426642,9.642624675538798,9.645864794849064,10.469729818206131
1238,05/05/2023 12:21:42.768495,1436,True,True,True,True,Eyes,-0.04976223,0.0487176,-2.460881,0.7860587,-0.4441268,-0.4299573,0.0,0.0,0.0,0.0,0.0,0.0,0.0,-2.136692,-0.9711127,-1.101372,-0.1088744,0.05977636,-2.589614,0.06290902,0.8543022,-0.2492079,0.4517806,28.85796,122.2678,352.2775,-0.009511458,0.01933727,-0.9997674,-0.1080483,-0.0008873014,-0.06646685,0.7584789,-0.3856122,-2.87842,-0.2364913,0.03676347,0.9903338,-0.5838737,-0.117688,-0.8032693,0.3326612,0.8678758,-0.3689556,0.7405595,-0.4826399,-0.4675795,moving,-3.5176478446338955,1.991133489446276,-13.43068274110824,2.1259749881949688,0.8673533,-0.44538856,-0.2888060000000001,-0.0613190740249903,0.0346794614640201,0.9975156541430834,-2.7558469461093065,2.824562810404386,9.90713884399232,9.913951941002283,10.697670035831626
1239,05/05/2023 12:21:42.788154,1437,True,True,True,True,Eyes,-0.05203894,0.04903409,-2.466715,0.7901737,-0.4438495,-0.4226384,0.0,0.0,0.0,0.0,0.0,0.0,0.0,-2.161327,-0.9628951,-1.078544,-0.1120146,0.0599946,-2.597231,0.06451701,0.8515483,-0.249072,0.4568002,28.89044,121.5862,352.2761,-0.01058133,0.01938252,-0.9997558,-0.1015654,-0.0008340633,-0.06247884,0.7591044,-0.38324,-2.878044,-0.2399573,0.03424914,0.9881389,-0.5743424,-0.1176735,-0.8101135,0.3374309,0.8676014,-0.3652508,0.745836,-0.4831363,-0.4585937,moving,-3.3969974315914118,2.061759179636336,-13.64936292246562,1.9850913020241177,0.871119,-0.4432346,-0.2808130000000002,-0.0592158383077516,0.0359135900601962,0.9975990028658802,-2.6370870696141875,2.89803807095307,10.24695401258014,10.252652150635264,11.050053903135158
1240,05/05/2023 12:21:42.798305,1438,True,True,True,True,Eyes,-0.05434456,0.04934685,-2.472624,0.7943034,-0.443444,-0.4152583,0.0,0.0,0.0,0.0,0.0,0.0,0.0,-2.18624,-0.9522586,-1.056546,-0.1150485,0.06033196,-2.604967,0.06596971,0.8488963,-0.2482494,0.4619473,28.84391,120.9095,352.3007,-0.01163135,0.01943133,-0.9997432,-0.09547151,-0.0007840195,-0.05873011,0.7597127,-0.3809328,-2.877678,-0.2427873,0.02784818,0.9866008,-0.5645055,-0.1173534,-0.8170447,0.3413592,0.8680404,-0.360527,0.7515368,-0.4824251,-0.449954,moving,-3.273438522679383,2.0622826207736984,-13.824912077773853,1.6168237795486282,0.8747612,-0.44126476,-0.2727110000000001,-0.0570643382109383,0.0359272103446141,0.9977238219907608,-2.515295076687142,2.8994380352491893,10.557462655156362,10.560872490617596,11.382114743763386
1241,05/05/2023 12:21:42.817806,1439,True,True,True,True,Eyes,-0.05665958,0.04964373,-2.478558,0.7982699,-0.4430434,-0.4080168,0.0,0.0,0.0,0.0,0.0,0.0,0.0,-2.209847,-0.94002,-1.03774,-0.1180781,0.06052172,-2.612731,0.06623736,0.8466903,-0.2462308,0.4670103,28.60898,120.2709,352.2874,-0.01266519,0.01948314,-0.9997297,-0.08974322,-0.0007369784,-0.0552063,0.7603271,-0.3786025,-2.877308,-0.2446676,0.02319358,0.9851909,-0.555028,-0.1178195,-0.8234454,0.3421496,0.8699661,-0.3550953,0.7582067,-0.4788294,-0.4425436,moving,-3.1478402920353417,1.8698438366767456,-13.946982216166486,1.3486206788579014,0.8784052,-0.43912422,-0.264577,-0.0548833914177069,0.0325799591994147,0.9979610995509118,-2.391038222939724,2.702403191261336,10.809359346279903,10.811713087100191,11.634971794786743
1242,05/05/2023 12:21:42.837735,1440,True,True,True,True,Eyes,-0.0590073,0.04993007,-2.484568,0.8022674,-0.4425235,-0.4006744,0.0,0.0,0.0,0.0,0.0,0.0,0.0,-2.234435,-0.9256527,-1.017357,-0.1212496,0.06026477,-2.620346,0.06705706,0.8442708,-0.2442715,0.472273,28.41152,119.6098,352.3231,-0.01368323,0.0195369,-0.9997153,0.0,0.0,0.0,0.76095,-0.37624,-2.876933,-0.2449085,0.0189493,0.9819852,-0.5449235,-0.117497,-0.8302128,0.3439543,0.8716695,-0.3491242,0.7646923,-0.4758011,-0.4345797,moving,-3.012726255357423,1.7269084695654588,-14.00396005368122,1.1054954613611705,0.8821996,-0.43650477,-0.2565870000000001,-0.0525339607817925,0.0300940623324816,0.99816558463377,-2.2575181920756933,2.5563457328423045,11.007209831491885,11.00878624264187,11.835702890759618
1243,05/05/2023 12:21:42.847954,1441,True,True,True,True,Eyes,-0.06135729,0.05020566,-2.4906,0.8061036,-0.4420202,-0.3934655,0.0,0.0,0.0,0.0,0.0,0.0,0.0,-2.261098,-0.9065754,-0.9962163,-0.124414,0.06026716,-2.628266,0.06823194,0.8417481,-0.2414542,0.4780216,28.146,118.9191,352.4423,-0.01468823,0.0195919,-0.9996999,0.0,0.0,0.0,0.7615609,-0.3739229,-2.876565,-0.2454033,0.01814762,0.9781308,-0.5336798,-0.1159725,-0.8376972,0.3457088,0.8740886,-0.3412546,0.7717977,-0.4717199,-0.4263906,moving,-2.8287783364764505,1.5251960681672316,-14.08423055377875,1.062907692584463,0.8859749,-0.43419006,-0.2482989999999998,-0.0493339981482868,0.0265841390407558,0.9984284706524634,-2.07572362766848,2.3501804820752685,11.26337957519774,11.264941862174622,12.07730556991094
1244,05/05/2023 12:21:42.868380,1442,True,True,True,True,Eyes,-0.06374976,0.05046843,-2.496716,0.8099666,-0.4414335,-0.3861225,0.0,0.0,0.0,0.0,0.0,0.0,0.0,-2.287678,-0.8858449,-0.9755151,-0.1275981,0.06006717,-2.636273,0.06925061,0.8392828,-0.2381979,0.4838083,27.8293,118.2357,352.5776,-0.01568125,0.01964755,-0.9996838,0.0,0.0,0.0,0.762218,-0.3714305,-2.87617,-0.2461908,0.0160726,0.9770778,-0.5222675,-0.1142426,-0.8450946,0.3467259,0.8769322,-0.3328228,0.7791133,-0.4668389,-0.4183824,moving,-2.653188082817757,1.2757034000035092,-14.142234626811764,0.9424112362953948,0.8898161,-0.43149767,-0.239897,-0.0462788713559597,0.0222395312693648,0.9986809712610916,-1.902054709939436,2.0948180693589293,11.492580836975904,11.493879856534516,12.294309492862794
1245,05/05/2023 12:21:42.887709,1443,True,True,True,True,Eyes,-0.06616512,0.05069695,-2.502862,0.8137974,-0.4407597,-0.3787673,0.0,0.0,0.0,0.0,0.0,0.0,0.0,-2.314977,-0.8657975,-0.9515533,-0.1310064,0.06000274,-2.644506,0.07079142,0.836436,-0.2355774,0.4897619,27.60884,117.5075,352.7174,-0.01666521,0.0197032,-0.9996668,0.0,0.0,0.0,0.7627797,-0.3693003,-2.875832,-0.2463771,0.01488619,0.9765032,-0.5102439,-0.1123287,-0.8526627,0.3491787,0.8789837,-0.3247491,0.7859553,-0.4634328,-0.4092733,moving,-2.451441465490173,1.132377217568899,-14.16049941623986,0.8733712282555971,0.8937860999999999,-0.42930304,-0.2313260000000001,-0.0427643338518697,0.0197443451912635,0.998890064783565,-1.7028533710184794,1.9488233459221365,11.710751582452644,11.71192222466127,12.503981055864305
1246,05/05/2023 12:21:42.898047,1444,True,True,True,True,Eyes,-0.0686354,0.05090391,-2.509094,0.8175988,-0.4401386,-0.3712278,0.0,0.0,0.0,0.0,0.0,0.0,0.0,-2.342154,-0.8447698,-0.9262898,-0.1344992,0.05926712,-2.652495,0.072219,0.8334466,-0.2329103,0.4958871,27.37817,116.751,352.8443,-0.01764072,0.0197574,-0.9996489,0.0,0.0,0.0,0.7634128,-0.3668987,-2.875451,-0.2456822,0.02206406,0.9761989,-0.4977606,-0.1106131,-0.8602319,0.3513758,0.8810744,-0.3166116,0.7929497,-0.4598615,-0.3996974,moving,-2.232076178825884,0.9762248705546565,-14.12638619846978,1.294779490231536,0.897912,-0.42616582,-0.2229559999999999,-0.0389415781140293,0.0170245895614654,0.9990963823918556,-1.4862549146289792,1.7897606149782832,11.89533507007963,11.898575036075483,12.64981917604305
1247,05/05/2023 12:21:42.917960,1445,True,True,True,True,Eyes,-0.07113265,0.05108869,-2.515373,0.8213947,-0.4394589,-0.3635747,0.0,0.0,0.0,0.0,0.0,0.0,0.0,-2.368831,-0.8281169,-0.8976929,-0.1382583,0.0589669,-2.660902,0.07454811,0.830035,-0.231923,0.5016932,27.37479,115.982,352.9525,-0.01861021,0.01980932,-0.9996303,0.0,0.0,0.0,0.764013,-0.3646224,-2.875089,-0.2448591,0.02219653,0.9759869,-0.4854929,-0.1089534,-0.8674248,0.3564636,0.8813086,-0.310208,0.7982672,-0.459809,-0.3890311,moving,-2.036323517135005,1.0482062405173624,-14.083881683003408,1.3028333599421336,0.9022713,-0.4235893,-0.2141869999999999,-0.0355271286799421,0.0182820805467901,0.9992014457135404,-1.2934692107084598,1.8651538298165835,12.047030622321872,12.050248658427304,12.802767494658251
1248,05/05/2023 12:21:42.937799,1446,True,True,True,True,Eyes,-0.07368305,0.05124252,-2.521718,0.825214,-0.4386927,-0.3557677,0.0,0.0,0.0,0.0,0.0,0.0,0.0,-2.396299,-0.8069617,-0.8689702,-0.141774,0.05852588,-2.669273,0.07673153,0.826601,-0.2298903,0.5079306,27.25837,115.187,353.1072,-0.01957491,0.01985827,-0.9996108,0.0,0.0,0.0,0.7646406,-0.3622418,-2.874712,-0.2435173,0.02405387,0.9761306,-0.4722374,-0.1066839,-0.8749914,0.3603894,0.8825254,-0.3021066,0.8044321,-0.4580037,-0.3783138,moving,-1.8112381517556315,1.015877246184379,-14.007769895177107,1.411600429832358,0.9064146,-0.42076768,-0.2054390000000001,-0.0316018428366362,0.0177206193382381,0.9993434796766212,-1.0715241845950494,1.8334752084649413,12.199005912541214,12.202949782997726,12.943122938974158
1249,05/05/2023 12:21:42.948008,1447,True,True,True,True,Eyes,-0.07628749,0.05135604,-2.528118,0.8289931,-0.4378836,-0.3478913,0.0,0.0,0.0,0.0,0.0,0.0,0.0,-2.421618,-0.7879584,-0.8409464,-0.1455997,0.05793937,-2.677265,0.07768839,0.8234028,-0.2275425,0.5140008,27.03805,114.4071,353.1667,-0.02053669,0.01990325,-0.9995906,0.0,0.0,0.0,0.765262,-0.359885,-2.874338,-0.2415913,0.0279974,0.9763151,-0.4595354,-0.1059764,-0.8818141,0.3618517,0.8843778,-0.2948545,0.8111045,-0.454582,-0.3680552,moving,-1.5915464823206589,0.8767288295474689,-13.898769011684664,1.642598128352819,0.9108617,-0.41782437,-0.197073,-0.0277709047007655,0.015295305849699,0.9994972706732744,-0.8546440762730989,1.6919021839428048,12.32520905875236,12.331029242124824,13.04421811457181
1250,05/05/2023 12:21:42.968075,1448,True,True,True,True,Eyes,-0.0789606,0.05144433,-2.534579,0.8327177,-0.4371856,-0.3397794,0.0,0.0,0.0,0.0,0.0,0.0,0.0,-2.447962,-0.7714323,-0.8066897,-0.1496864,0.05702238,-2.685649,0.07978462,0.8193915,-0.2269636,0.5203072,27.06295,113.5314,353.2005,-0.02149868,0.01994306,-0.9995696,0.0,0.0,0.0,0.7658895,-0.3575051,-2.87396,-0.2397157,0.02977611,0.976872,-0.44583,-0.1054319,-0.888887,0.3669312,0.8842439,-0.2889191,0.8164543,-0.4549691,-0.3555362,moving,-1.3256506376017088,0.98237123083685,-13.787438552333413,1.7458964610062304,0.9155759,-0.41452748,-0.1883109999999996,-0.0231315061944251,0.017140185493392,0.9995855165354488,-0.5927968663233878,1.8024027123780608,12.478707013013738,12.48515633898344,13.194762679890744
1251,05/05/2023 12:21:42.987889,1449,True,True,True,True,Eyes,-0.0816715,0.05151491,-2.541051,0.8364623,-0.4363261,-0.3315877,0.0,0.0,0.0,0.0,0.0,0.0,0.0,-2.474245,-0.7523086,-0.7717817,-0.1539034,0.05650209,-2.693812,0.08265502,0.8152667,-0.2263674,0.5265605,27.13866,112.6696,353.3133,-0.02246211,0.01997713,-0.9995477,0.0,0.0,0.0,0.7664656,-0.3553199,-2.873613,-0.2382503,0.03370324,0.977667,-0.4318042,-0.1036205,-0.8959953,0.3731641,0.8838519,-0.2820539,0.8211538,-0.4561454,-0.3429834,moving,-1.0817146674965188,1.1470948060879098,-13.695617433291815,1.9743828936356544,0.920369,-0.41182199,-0.1798010000000003,-0.0188745794610228,0.0200156780058955,0.9996215136430006,-0.3527349341546082,1.973511227094372,12.63285049438542,12.641002672444014,13.342882527609412
1252,05/05/2023 12:21:42.998132,1450,True,True,True,True,Eyes,-0.08445136,0.05157391,-2.547601,0.8401484,-0.4355531,-0.3231781,0.0,0.0,0.0,0.0,0.0,0.0,0.0,-2.5009,-0.7295729,-0.7371316,-0.1580933,0.05596165,-2.702224,0.08552363,0.8111544,-0.2249868,0.5330058,27.14006,111.8065,353.4771,-0.02342757,0.02000534,-0.999525,0.0,0.0,0.0,0.767086,-0.3529671,-2.87324,-0.2365806,0.03733659,0.9779527,-0.417181,-0.1010928,-0.9031834,0.3785842,0.8841333,-0.2738288,0.8262166,-0.4561672,-0.3305717,moving,-0.8352290825432267,1.230679522067412,-13.599387973487914,2.1863946668952736,0.9251793,-0.4089287499999999,-0.1710159999999998,-0.0145736188245813,0.0214754762923738,0.999663110659862,-0.1099686322669095,2.0611915110480448,12.78985903756843,12.79988842261274,13.490000370405534
1253,05/05/2023 12:21:43.018007,1451,True,True,True,True,Eyes,-0.08729048,0.05166366,-2.554201,0.843853,-0.4346145,-0.3146781,0.0,0.0,0.0,0.0,0.0,0.0,0.0,-2.527153,-0.7059079,-0.702291,-0.1624242,0.0557739,-2.710817,0.0886256,0.807012,-0.2235591,0.5393502,27.157,110.9575,353.6694,-0.02439685,0.02002777,-0.9995013,0.0,0.0,0.0,0.767718,-0.3505701,-2.872859,-0.2360042,0.03998347,0.979658,-0.402494,-0.0981094,-0.91015,0.3841971,0.8843337,-0.2652293,0.8308978,-0.4564302,-0.3182456,moving,-0.60759997874527,1.336530989525727,-13.544734670061054,2.337155753723112,0.9301422,-0.406344,-0.162042,-0.0106015364647604,0.0233234395394493,0.999671736337232,0.1141581838462244,2.1716401968557117,12.964364413228546,12.975773731842406,13.659895658242943
1254,05/05/2023 12:21:43.037783,1452,True,True,True,True,Eyes,-0.09020348,0.05174487,-2.560882,0.8475307,-0.4336846,-0.3059565,0.0,0.0,0.0,0.0,0.0,0.0,0.0,-2.55355,-0.6791438,-0.6663442,-0.1668072,0.05656626,-2.719346,0.09275428,0.8026715,-0.222126,0.5456879,27.24641,110.1165,353.9618,-0.02537171,0.02004617,-0.9994767,0.0,0.0,0.0,0.7683346,-0.3482315,-2.872488,-0.2345952,0.04341725,0.9800559,-0.3872429,-0.09352053,-0.9172225,0.3913254,0.8841134,-0.2553587,0.83481,-0.4578182,-0.3057697,moving,-0.4018786816302089,1.5106715878654913,-13.461554803994858,2.536589724621135,0.9351418,-0.40479776,-0.1531420000000003,-0.0070116109353012,0.0263624903182521,0.999627858769558,0.3165293491226341,2.3521670135604875,13.086614195704142,13.09991024566144,13.77931836727573
1255,05/05/2023 12:21:43.047676,1453,True,True,True,True,Eyes,-0.09318655,0.05178432,-2.567564,0.8511192,-0.4326464,-0.2973437,0.0,0.0,0.0,0.0,0.0,0.0,0.0,-2.582616,-0.6384104,-0.6309311,-0.1713651,0.05649433,-2.728183,0.09695958,0.7983399,-0.217793,0.5530087,27.06394,109.2436,354.4535,-0.02635392,0.02006056,-0.999451,0.0,0.0,0.0,0.7689447,-0.345917,-2.872121,-0.2330676,0.04543486,0.980545,-0.3695606,-0.08606949,-0.9252121,0.3956963,0.8863301,-0.2405067,0.8407437,-0.4549847,-0.2934954,moving,-0.1258898958752558,1.4228167018801925,-13.370625754381846,2.652978728057429,0.9403098,-0.4024113299999999,-0.1439379999999999,-0.002196514060915,0.0248302249465153,0.999689307348226,0.5887812120757525,2.2637386193914404,13.286977582875288,13.301741486446758,13.96483264193951
1256,05/05/2023 12:21:43.068323,1454,True,True,True,True,Eyes,-0.09626081,0.05187485,-2.574337,0.8544295,-0.4321738,-0.2884026,0.0,0.0,0.0,0.0,0.0,0.0,0.0,-2.607347,-0.6101954,-0.593405,-0.1764418,0.05538889,-2.736517,0.09989155,0.7939144,-0.2157846,0.5596061,27.02818,108.3581,354.6602,-0.02734462,0.02006972,-0.9994243,0.0,0.0,0.0,0.7695668,-0.3435578,-2.871747,-0.2317741,0.04414704,0.9811291,-0.3537259,-0.08289804,-0.9316685,0.4001193,0.8869174,-0.2308291,0.8454484,-0.4544287,-0.2805566,moving,0.1311547347064945,1.4407409809079734,-13.291427561022909,2.5763521445927875,0.9460086,-0.39894669,-0.1352299999999999,0.0022883563217534,0.025142958378016,0.999681258518332,0.8421103858558528,2.283965071544659,13.456729001865908,13.470535557308551,14.136561997046789
1257,05/05/2023 12:21:43.087966,1455,True,True,True,True,Eyes,-0.09937644,0.05197084,-2.581226,0.8579352,-0.4310462,-0.2795465,0.0,0.0,0.0,0.0,0.0,0.0,0.0,-2.631633,-0.591469,-0.5474763,-0.1815115,0.05685369,-2.745702,0.1069336,0.7880276,-0.2192749,0.5652399,27.80577,107.4226,354.853,-0.02834549,0.02007609,-0.9993963,0.0,0.0,0.0,0.7701716,-0.3412636,-2.871383,-0.2301639,0.04425114,0.981806,-0.338138,-0.07935256,-0.937745,0.4164192,0.8809674,-0.2247031,0.8439535,-0.4664757,-0.2648446,moving,0.3582456056766384,2.311865656352244,-13.193549141590433,2.580641018202725,0.9516831,-0.39811729,-0.1256809999999997,0.0062474352687094,0.0403379299498432,0.9991665029191356,1.0639034293746332,3.1814434518698427,13.541211793674073,13.554459822036184,14.270105724121972
1258,05/05/2023 12:21:43.107791,1456,True,True,True,True,Eyes,-0.1025797,0.05206858,-2.588168,0.8613414,-0.4299629,-0.2705972,0.0,0.0,0.0,0.0,0.0,0.0,0.0,-2.653093,-0.5622938,-0.5209091,-0.1853228,0.05706884,-2.754781,0.1069266,0.7851717,-0.2137536,0.5712983,27.24784,106.7257,355.0752,-0.02935758,0.0200801,-0.999367,0.0,0.0,0.0,0.7708441,-0.3387132,-2.870978,-0.2281911,0.04358114,0.9826552,-0.32437,-0.07632255,-0.9428463,0.4121456,0.8857522,-0.2134924,0.8514224,-0.4578404,-0.2558554,moving,0.4903676974469511,1.829710742078487,-13.073451439098456,2.5394259795982164,0.9561669,-0.39578204,-0.1161970000000001,0.0085540628603694,0.0319278802134952,0.9994535436186436,1.195273581830726,2.686500008755141,13.5694320549701,13.58237406668227,14.269482979174224
1259,05/05/2023 12:21:43.118100,1457,True,True,True,True,Eyes,-0.105836,0.05219801,-2.595204,0.8647596,-0.4285836,-0.2617381,0.0,0.0,0.0,0.0,0.0,0.0,0.0,-2.669708,-0.5548372,-0.48911,-0.190542,0.05718569,-2.76312,0.1073246,0.7817835,-0.2140165,0.5757543,27.27194,106.0275,354.9246,-0.03038135,0.02008199,-0.9993364,0.0,0.0,0.0,0.7714017,-0.3365982,-2.870642,-0.2261379,0.04186139,0.9836577,-0.313977,-0.07863263,-0.9461689,0.414251,0.8853568,-0.2110439,0.854292,-0.4582143,-0.245408,moving,0.5638137013026838,1.9494659458499628,-12.94704577541999,2.4368584624722907,0.9619437,-0.39378389,-0.1075220000000003,0.0098345513605582,0.0340163880859829,0.9993728372903928,1.2673878449691085,2.8101725806712845,13.50787103683225,13.519647749294592,14.219334955591089
1260,05/05/2023 12:21:43.127808,1458,True,True,True,True,Eyes,-0.1091313,0.05235672,-2.602282,0.868169,-0.427009,-0.252875,0.0,0.0,0.0,0.0,0.0,0.0,0.0,-2.685662,-0.5481413,-0.4567106,-0.1946699,0.05814068,-2.77138,0.1087089,0.7781227,-0.2151112,0.5800298,27.44356,105.3272,354.8045,-0.03141723,0.02008313,-0.9993043,0.0,0.0,0.0,0.7720241,-0.3342374,-2.870268,-0.2239826,0.04210433,0.9848438,-0.3034954,-0.08036401,-0.9494377,0.4187195,0.8838192,-0.2086569,0.8558998,-0.4608745,-0.234585,moving,0.6261447380335037,2.228628529404377,-12.812810717446704,2.448035166760105,0.966694,-0.39237808,-0.0988879999999996,0.0109198041214065,0.0388847768816732,0.9991839651794924,1.328170360830562,3.0977077076026056,13.428937935738178,13.44074637090132,14.155897013842692
1261,05/05/2023 12:21:43.147673,1459,True,True,True,True,Eyes,-0.1125044,0.05255632,-2.60947,0.8715043,-0.4253068,-0.2441196,0.0,0.0,0.0,0.0,0.0,0.0,0.0,-2.701999,-0.5305184,-0.4321582,-0.1988454,0.05895104,-2.779567,0.1080605,0.7756886,-0.2114926,0.584723,27.03121,104.7467,354.8675,-0.03246451,0.0200847,-0.9992708,0.0,0.0,0.0,0.7726311,-0.3319353,-2.869902,-0.2212411,0.04289883,0.9861048,-0.2928442,-0.07968658,-0.9528341,0.4149718,0.8871876,-0.2017339,0.8614181,-0.4544758,-0.22674,moving,0.6467888135336488,1.9239008592089764,-12.645400396742032,2.490985839106569,0.9714765,-0.39088634,-0.090335,0.0112819921429243,0.0335699581539117,0.9993726895966896,1.349237465147755,2.78445918873504,13.292174230274178,13.304280490736607,13.997714652484577
1262,05/05/2023 12:21:43.167655,1460,True,True,True,True,Eyes,-0.1158876,0.05285097,-2.616705,0.8747079,-0.423732,-0.2352388,0.0,0.0,0.0,0.0,0.0,0.0,0.0,-2.719146,-0.5115024,-0.3981135,-0.2034381,0.06033405,-2.787267,0.1111382,0.7716874,-0.2112689,0.5895018,27.2001,104.0357,354.9973,-0.03352419,0.02008812,-0.9992358,0.0,0.0,0.0,0.77325,-0.3295877,-2.86953,-0.2192272,0.04720119,0.987451,-0.280272,-0.07755882,-0.9567823,0.4206147,0.8860275,-0.1950347,0.8628621,-0.4570994,-0.2157063,moving,0.732824872576234,2.198384404132818,-12.517397107317526,2.73671501176082,0.9766881,-0.3899217499999999,-0.0822630000000002,0.0127804464002647,0.0383564996477046,0.9991823909059024,1.433397278934769,3.067347537645683,13.246633861352327,13.261153130839295,13.95471181625266
1263,05/05/2023 12:21:43.187587,1461,True,True,True,True,Eyes,-0.1193098,0.05320595,-2.624067,0.8779315,-0.4217791,-0.2265804,0.0,0.0,0.0,0.0,0.0,0.0,0.0,-2.73639,-0.4917132,-0.3653584,-0.206985,0.06293732,-2.795764,0.1138166,0.7678295,-0.2101253,0.5944166,27.25746,103.335,355.159,-0.03459497,0.02009677,-0.9991991,0.0,0.0,0.0,0.7738668,-0.3272486,-2.869159,-0.216346,0.04991809,0.9888763,-0.2674294,-0.07502043,-0.9606526,0.4245872,0.8857864,-0.1873718,0.8649896,-0.4579896,-0.2050327,moving,0.8328210804213372,2.38486127387158,-12.34070791166552,2.8898156715853327,0.9808518,-0.39018592,-0.0733949999999996,0.0145223714793299,0.0416072753708052,0.999028498550494,1.5315251202800249,3.259824127736245,13.167139815578848,13.18320314070611,13.877166697500764
1264,05/05/2023 12:21:43.198025,1462,True,True,True,True,Eyes,-0.1227372,0.05360341,-2.631446,0.8810276,-0.4199242,-0.2178392,0.0,0.0,0.0,0.0,0.0,0.0,0.0,-2.75184,-0.4730038,-0.3351698,-0.2107095,0.06489801,-2.803584,0.1141284,0.7646406,-0.2071413,0.5994932,26.9759,102.6654,355.2483,-0.03567614,0.02011229,-0.9991608,0.0,0.0,0.0,0.7744684,-0.3249666,-2.868797,-0.2133297,0.0507686,0.9908276,-0.2551653,-0.07382509,-0.964075,0.422894,0.8881344,-0.1799388,0.8695123,-0.4536156,-0.195401,moving,0.929310612710196,2.225638979109253,-12.15055811638496,2.9331892962711787,0.9851779,-0.38986461,-0.0652129999999999,0.0162065862318529,0.0388298573183887,0.9991143435600264,1.627010976251523,3.096747280966041,13.08260125348712,13.098992076556014,13.778539883337764
1265,05/05/2023 12:21:43.217861,1463,True,True,True,True,Eyes,-0.1261653,0.05404985,-2.638905,0.884058,-0.417868,-0.2093507,0.0,0.0,0.0,0.0,0.0,0.0,0.0,-2.765973,-0.4594318,-0.305042,-0.2142271,0.06632041,-2.811484,0.1155957,0.7612112,-0.2065566,0.6037629,27.0039,102.024,355.2722,-0.03676699,0.02013557,-0.9991208,0.0,0.0,0.0,0.7750983,-0.3225775,-2.868418,-0.2098142,0.05647892,0.9927315,-0.2442162,-0.07343697,-0.9669363,0.4254078,0.887944,-0.1748816,0.8714281,-0.4540511,-0.1856096,moving,0.987225030476056,2.387609010781097,-11.933863203449045,3.256186727059223,0.9893254,-0.38889791,-0.056934,0.0172145209559779,0.0416534042483891,0.9989837749239304,1.6837161311158102,3.2637267329824686,12.930330486415553,12.950248970506031,13.617581422002113
1266,05/05/2023 12:21:43.238192,1464,True,True,True,True,Eyes,-0.1295559,0.05454179,-2.646374,0.8870561,-0.4156855,-0.2008412,0.0,0.0,0.0,0.0,0.0,0.0,0.0,-2.780275,-0.4376069,-0.2779424,-0.2172857,0.06804968,-2.819013,0.1172881,0.7580846,-0.2039855,0.608228,26.86901,101.4379,355.4793,-0.03786465,0.02016754,-0.9990791,0.0,0.0,0.0,0.7757174,-0.3202292,-2.868045,-0.2062656,0.06306945,0.9949648,-0.2326046,-0.07031066,-0.9700266,0.425968,0.8892669,-0.1666006,0.8743262,-0.4519523,-0.1768975,moving,1.0159422480680935,2.388145481868199,-11.712053232789035,3.6270478733035874,0.9930031,-0.38827888,-0.0490319999999999,0.017715214721322,0.0416623980437046,0.9989747558529822,1.7120217095773271,3.264478718223219,12.763793834214518,12.788148736084665,13.428970342155209
1267,05/05/2023 12:21:43.247707,1465,True,True,True,True,Eyes,-0.132929,0.0550532,-2.653845,0.889984,-0.4133376,-0.1925629,0.0,0.0,0.0,0.0,0.0,0.0,0.0,-2.79396,-0.4162509,-0.2538378,-0.2197801,0.06958863,-2.826794,0.1175603,0.7554687,-0.2000202,0.6127304,26.50549,100.8926,355.6748,-0.0389668,0.02020899,-0.9990358,0.0,0.0,0.0,0.7763188,-0.3179481,-2.867683,-0.2025801,0.06847501,0.9972882,-0.221482,-0.06749063,-0.972826,0.4227431,0.892343,-0.1581525,0.8787683,-0.4462835,-0.1691068,moving,1.038493623288529,2.1695217702323317,-11.482318783902628,3.927832622429277,0.9960989,-0.38753673,-0.0408889999999999,0.0181111530422125,0.0378500403993435,0.999119273592207,1.734765969124881,3.039795790373115,12.61542835065202,12.643670368568833,13.246884116040292
1268,05/05/2023 12:21:43.268229,1466,True,True,True,True,Eyes,-0.136257,0.05558034,-2.6613,0.8928425,-0.4109783,-0.1841987,0.0,0.0,0.0,0.0,0.0,0.0,0.0,-2.806365,-0.3976414,-0.2247789,-0.2226439,0.07055701,-2.833687,0.1183741,0.7522085,-0.1976782,0.6173273,26.33007,100.2616,355.7782,-0.04007122,0.02025959,-0.9989912,0.0,0.0,0.0,0.7769458,-0.3155701,-2.867306,-0.1992307,0.07401647,0.9998148,-0.2097888,-0.06598026,-0.9755178,0.4221483,0.8938218,-0.1512393,0.881918,-0.4435416,-0.1596603,moving,1.1179575177653371,2.145420997693157,-11.2695775862348,4.233893592093124,0.9995897,-0.38612711,-0.0336190000000002,0.0194971307553714,0.0374287955811836,0.9991091037081384,1.8131510971859808,3.0155638642159293,12.5299885540061,12.56235422722968,13.139334729347226
1269,05/05/2023 12:21:43.287679,1467,True,True,True,True,Eyes,-0.1395474,0.05613169,-2.668768,0.8955906,-0.4085929,-0.1759811,0.0,0.0,0.0,0.0,0.0,0.0,0.0,-2.818117,-0.3822098,-0.1959693,-0.2248914,0.07143712,-2.840878,0.1187707,0.7489691,-0.1956567,0.6218176,26.15424,99.62779,355.8208,-0.04117621,0.02031901,-0.9989451,0.0,0.0,0.0,0.7775517,-0.3132724,-2.866941,-0.1957317,0.08026187,1.002809,-0.1984725,-0.06541428,-0.977921,0.4212367,0.895224,-0.1453741,0.8849679,-0.440789,-0.1501224,moving,1.2083256776368771,2.124149408505486,-11.044333410684288,4.576030331484392,1.0024431,-0.38470952,-0.0260630000000001,0.0210732148178957,0.0370566787680576,0.9990909620609628,1.9022779999430484,2.9943176091223376,12.458396364568673,12.495574208298198,13.042873999002978
1270,05/05/2023 12:21:43.298199,1468,True,True,True,True,Eyes,-0.1427672,0.05670269,-2.676212,0.8982683,-0.4062167,-0.1676369,0.0,0.0,0.0,0.0,0.0,0.0,0.0,-2.829221,-0.3647069,-0.1657577,-0.2271297,0.07261974,-2.847476,0.1201308,0.7454273,-0.1941077,0.626282,26.09481,98.98048,355.9112,-0.04227903,0.02038715,-0.9988976,0.0,0.0,0.0,0.7781818,-0.3108823,-2.866562,-0.1912659,0.08339612,1.00609,-0.1866792,-0.06403468,-0.9803319,0.4222299,0.8957816,-0.1389148,0.8870586,-0.4398579,-0.1401864,moving,1.299628822325464,2.217405553116075,-10.763947132779348,4.738489472068504,1.0053115,-0.38350204,-0.0190860000000001,0.0226638833309931,0.038681430867356,0.9989945804076232,1.9920566620011817,3.0908621586034517,12.285357216476678,12.324192831621207,12.861971410966955
1271,05/05/2023 12:21:43.318045,1469,True,True,True,True,Eyes,-0.1459302,0.05730274,-2.683645,0.9008216,-0.4038401,-0.1594795,0.0,0.0,0.0,0.0,0.0,0.0,0.0,-2.840425,-0.3455353,-0.1347587,-0.2286694,0.07363978,-2.854444,0.1210708,0.7417765,-0.191778,0.6311344,25.93408,98.29755,356.0173,-0.0433769,0.02046381,-0.9988489,0.0,0.0,0.0,0.7787722,-0.3086429,-2.866206,-0.1868796,0.08926941,1.009396,-0.1740226,-0.06246045,-0.9827588,0.4216905,0.8971261,-0.131689,0.8898839,-0.4373369,-0.1297813,moving,1.444552378142656,2.21137605982775,-10.488975259095398,5.05400048332973,1.0074416,-0.38228268,-0.011762,0.0251907631723464,0.0385739686065134,0.9989382196670415,2.134923437404709,3.0856718449687746,12.224343793668917,12.267420082552585,12.776428919228133
1272,05/05/2023 12:21:43.337861,1470,True,True,True,True,Eyes,-0.1490023,0.0579523,-2.691058,0.9032601,-0.4015779,-0.1511835,0.0,0.0,0.0,0.0,0.0,0.0,0.0,-2.850307,-0.3290899,-0.1022341,-0.2304201,0.07497316,-2.860819,0.1219575,0.737993,-0.1900925,0.6358913,25.82839,97.59808,356.0663,-0.04446755,0.02054913,-0.9987993,0.0,0.0,0.0,0.7793988,-0.3062664,-2.865829,-0.1834569,0.1072375,1.012166,-0.1615376,-0.06174875,-0.984933,0.4217637,0.8979825,-0.1254704,0.8922002,-0.4356771,-0.1190145,moving,1.5938155762160824,2.254412532668833,-10.273429978587105,6.0478417753649705,1.0098189,-0.38123956,-0.0050100000000004,0.0277922321113176,0.0393215758874533,0.9988400643730042,2.281952225383293,3.1309729312740457,12.398960242637296,12.458796991577405,12.889753532996853
1273,05/05/2023 12:21:43.347760,1471,True,True,True,True,Eyes,-0.1519813,0.05861598,-2.698457,0.9056419,-0.3991702,-0.143094,0.0,0.0,0.0,0.0,0.0,0.0,0.0,-2.860754,-0.3082334,-0.07073092,-0.2313306,0.0768103,-2.867841,0.1241342,0.734027,-0.1884264,0.6405394,25.82639,96.91747,356.232,-0.04554747,0.02064398,-0.9987486,0.0,0.0,0.0,0.7800244,-0.3038935,-2.865453,-0.1812345,0.1017678,1.015497,-0.1486003,-0.05915333,-0.9871268,0.4236248,0.8981724,-0.1175944,0.8935662,-0.4356458,-0.1084099,moving,1.7370364505048326,2.4056934290342595,-10.11897138698019,5.722776552506566,1.011355,-0.3807038,0.0023879999999998,0.0302856703623901,0.0419556807026264,0.9986603484003608,2.4227699767684303,3.287554192113494,12.258281429502867,12.311294094876098,12.775976846398928
1274,05/05/2023 12:21:43.368025,1472,True,True,True,True,Eyes,-0.1548729,0.05928742,-2.705824,0.9079294,-0.3968256,-0.1348838,0.0,0.0,0.0,0.0,0.0,0.0,0.0,-2.870198,-0.2852008,-0.04151773,-0.2320737,0.07778999,-2.874228,0.1240787,0.7306721,-0.1839924,0.6456544,25.41047,96.26402,356.4284,-0.04661486,0.02074794,-0.9986971,0.0,0.0,0.0,0.7806377,-0.3015675,-2.865083,-0.1802439,0.1062064,1.019079,-0.1354697,-0.05626934,-0.9891824,0.4189127,0.9015025,-0.1086523,0.8978642,-0.4291001,-0.09855442,moving,1.8784656014130807,2.1364406348904463,-10.030138886488556,5.949774028744477,1.0127114,-0.3793574899999999,0.0091450000000001,0.0327567753366546,0.0372592771888916,0.9987686076539778,2.562812522281634,3.011631559278164,12.447582123553202,12.50425417295863,12.931168019731578
1275,05/05/2023 12:21:43.387633,1473,True,True,True,True,Eyes,-0.1576595,0.059981,-2.713223,0.9101205,-0.3944734,-0.1267733,0.0,0.0,0.0,0.0,0.0,0.0,0.0,-2.878932,-0.2680587,-0.01108623,-0.2328987,0.07863558,-2.880938,0.1252511,0.7269347,-0.1823838,0.6500879,25.34138,95.60325,356.509,-0.04766617,0.02086021,-0.9986452,0.0,0.0,0.0,0.7812577,-0.299216,-2.86471,-0.1788598,0.1122753,1.021887,-0.1233958,-0.05503232,-0.9908305,0.4192298,0.9020966,-0.1023138,0.8994554,-0.4280108,-0.08824386,moving,2.0080994200241986,2.217374812036737,-9.927854453524857,6.269970855176086,1.0141564,-0.3778515799999999,0.0162279999999999,0.0350145674737097,0.0386671074479428,0.99863851932866,2.6904031394756425,3.095771070388671,12.543201656299557,12.605178680223434,13.01137844185078
1276,05/05/2023 12:21:43.398145,1474,True,True,True,True,Eyes,-0.160332,0.0606773,-2.720587,0.9122887,-0.3920112,-0.1185611,0.0,0.0,0.0,0.0,0.0,0.0,0.0,-2.88746,-0.2447228,0.01810026,-0.2330821,0.07992249,-2.887375,0.1271828,0.7231615,-0.1798561,0.6546098,25.25453,94.96504,356.7342,-0.04869939,0.02098073,-0.9985929,0.0,0.0,0.0,0.7818433,-0.2969947,-2.864358,-0.1780336,0.1082726,1.025777,-0.1106213,-0.0515237,-0.9925262,0.4194185,0.9029526,-0.09361982,0.9010278,-0.4266402,-0.07827579,moving,2.119485200524821,2.2804005574212773,-9.84615783152008,6.025361718606492,1.0149254,-0.37691719,0.0230169999999998,0.0369543139777361,0.0397628163847651,0.9985256554630564,2.800048684889311,3.161365677707996,12.480942803236006,12.53799614249065,12.966457209969022
1277,05/05/2023 12:21:43.422159,1475,True,True,True,True,Eyes,-0.1629,0.06137335,-2.727869,0.9143327,-0.3895929,-0.1105126,0.0,0.0,0.0,0.0,0.0,0.0,0.0,-2.896026,-0.2171717,0.04569244,-0.2330775,0.08061249,-2.894027,0.1279463,0.7197368,-0.1750651,0.6595158,24.88301,94.3484,357.0466,-0.04971131,0.02110864,-0.9985403,0.0,0.0,0.0,0.7824419,-0.2947246,-2.863998,-0.1753622,0.115049,1.029527,-0.09733759,-0.046741,-0.9941533,0.4150917,0.9059639,-0.08323636,0.9045575,-0.4207668,-0.06878253,moving,2.240987166739295,2.0516707160677274,-9.66657584714492,6.376313130452776,1.0155194,-0.37533709,0.0300289999999998,0.0390776033803074,0.0357734108472261,0.9985955902009916,2.92035332415073,2.9269792893137367,12.60634946163824,12.668566964811824,13.051003406284146
1278,05/05/2023 12:21:43.437830,1476,True,True,True,True,Eyes,-0.1653468,0.06206826,-2.735127,0.9162881,-0.3872284,-0.1023243,0.0,0.0,0.0,0.0,0.0,0.0,0.0,-2.903503,-0.1913036,0.07728887,-0.2332673,0.08122038,-2.900326,0.1301273,0.7155735,-0.1724922,0.6642801,24.8184,93.66108,357.2887,-0.05069971,0.02124313,-0.9984878,0.0,0.0,0.0,0.7830719,-0.2923348,-2.863618,-0.1729329,0.1183845,1.033012,-0.083598,-0.04293509,-0.9955744,0.4153975,0.9066267,-0.07397985,0.9057906,-0.4197436,-0.05795696,moving,2.4029037631963,2.129300016936804,-9.503559662106792,6.5376487287730765,1.0163392,-0.37355518,0.0367079999999999,0.0418973907406448,0.0371221169291992,0.9984320384595442,3.079773178917115,3.007945075584125,12.632248002997036,12.696354187845763,13.069011946866
1279,05/05/2023 12:21:43.447458,1477,True,True,True,True,Eyes,-0.1676737,0.06275282,-2.742285,0.9181454,-0.3848486,-0.0943435,0.0,0.0,0.0,0.0,0.0,0.0,0.0,-2.910761,-0.1675138,0.1077583,-0.2328383,0.08186572,-2.907109,0.1318486,0.7115463,-0.1698329,0.6689355,24.71371,92.98875,357.5027,-0.05166226,0.02138343,-0.9984354,0.0,0.0,0.0,0.783693,-0.289979,-2.863245,-0.1700211,0.1160835,1.037281,-0.07028262,-0.03958169,-0.9967417,0.4148473,0.9075454,-0.06529143,0.9071727,-0.4180844,-0.04736425,moving,2.566069500765744,2.167453147938951,-9.308597249048054,6.385477990105756,1.0165313,-0.37184472,0.0438640000000001,0.0447394264680791,0.0377823044039019,0.9982840265418494,3.2405173429346377,3.048320913665328,12.541432152221107,12.60156514042084,12.985256808994937
1280,05/05/2023 12:21:43.468018,1478,True,True,True,True,Eyes,-0.1698864,0.0634167,-2.749424,0.9198793,-0.3826002,-0.08625104,0.0,0.0,0.0,0.0,0.0,0.0,0.0,-2.917194,-0.1450893,0.1365497,-0.2323984,0.08220053,-2.913581,0.1330423,0.7077948,-0.1669198,0.6733974,24.54896,92.35316,357.7019,-0.05259708,0.02152856,-0.9983835,0.0,0.0,0.0,0.7843028,-0.2876661,-2.862878,-0.168167,0.11945,1.040414,-0.05767144,-0.03647339,-0.9976692,0.4131401,0.908875,-0.05710925,0.9088395,-0.4154707,-0.0373476,moving,2.693125196063189,2.135908612114892,-9.1815768325174,6.549455793635388,1.0167012,-0.36986663,0.0507030000000003,0.0469540247373738,0.0372288986956217,0.9982030906446266,3.3658317149670234,3.0167654456798005,12.606242649180052,12.668383756070993,13.035235416056883
1281,05/05/2023 12:21:43.487710,1479,True,True,True,True,Eyes,-0.1719783,0.0640716,-2.756514,0.9214964,-0.3803995,-0.07836172,0.0,0.0,0.0,0.0,0.0,0.0,0.0,-2.923428,-0.1243935,0.1651058,-0.231874,0.08237265,-2.920379,0.1351092,0.7038675,-0.1654599,0.6774506,24.58125,91.72459,357.8583,-0.05350286,0.02167729,-0.9983322,0.0,0.0,0.0,0.7849033,-0.2853885,-2.862516,-0.1660642,0.1198473,1.043673,-0.04561289,-0.03398396,-0.9983812,0.4143797,0.9087371,-0.04986421,0.9089605,-0.4159832,-0.02736781,moving,2.8183660663771635,2.2994457943680646,-9.040838167300208,6.550709282677336,1.0167773,-0.36776115,0.0578630000000002,0.0491304349411961,0.0400736740406711,0.9979881036294668,3.488897520611456,3.1858261112892228,12.53675315611916,12.598173133558008,12.973693196851006
1282,05/05/2023 12:21:43.507634,1480,True,True,True,True,Eyes,-0.1739407,0.06471234,-2.763598,0.923018,-0.3782547,-0.07043547,0.0,0.0,0.0,0.0,0.0,0.0,0.0,-2.929332,-0.1042962,0.1908836,-0.2310546,0.08279574,-2.927124,0.1371811,0.700243,-0.1639479,0.6811478,24.61305,91.15449,358.0317,-0.05437742,0.02182877,-0.9982815,0.0,0.0,0.0,0.7855245,-0.2830322,-2.862142,-0.1644712,0.1159172,1.046776,-0.03443821,-0.03122525,-0.998919,0.4154657,0.9086049,-0.04272548,0.9089568,-0.4164879,-0.01831777,moving,2.890629028742173,2.4565663651856564,-8.929405778350874,6.31903708724009,1.0165791,-0.36582794,0.0649820000000001,0.0503833675329636,0.0428075996558552,0.9978121203502958,3.5597576032772738,3.347918269679774,12.378080493576478,12.435107676237424,12.837708089883586
1283,05/05/2023 12:21:43.522082,1481,True,True,True,True,Eyes,-0.1757773,0.06529848,-2.770646,0.9244561,-0.3760912,-0.06273916,0.0,0.0,0.0,0.0,0.0,0.0,0.0,-2.936034,-0.08260742,0.2140059,-0.2309163,0.08324781,-2.934734,0.1388896,0.6970835,-0.1615045,0.6846171,24.54052,90.65704,358.2675,-0.05521974,0.02198231,-0.9982319,0.0,0.0,0.0,0.7861639,-0.2806072,-2.861757,-0.1610839,0.1162336,1.049923,-0.02401824,-0.02750225,-0.9993333,0.4147728,0.9092519,-0.03499192,0.909608,-0.4153366,-0.01043141,moving,2.916779606254336,2.5063135804567445,-8.72255976851162,6.317307075537277,1.0170802,-0.36385501,0.0729770000000002,0.0508368683426546,0.043672928720037,0.9977515531715708,3.5854172630493544,3.399262388590904,12.191616061811214,12.247362675307825,12.649161371586988
1284,05/05/2023 12:21:43.537995,1482,True,True,True,True,Eyes,-0.1775288,0.06584652,-2.777718,0.9257548,-0.3740978,-0.05503471,0.0,0.0,0.0,0.0,0.0,0.0,0.0,-2.94154,-0.06214453,0.2359917,-0.229783,0.08246842,-2.941531,0.1400291,0.6940014,-0.158923,0.6881115,24.41211,90.15681,358.4675,-0.0560275,0.02213552,-0.9981836,0.0,0.0,0.0,0.7868118,-0.2781501,-2.861367,-0.1578905,0.1161862,1.052495,-0.01378897,-0.02435278,-0.9996084,0.4130743,0.9102706,-0.02787439,0.910593,-0.4132969,-0.00249221,moving,2.9466907747062465,2.4912396423600405,-8.531630760433977,6.299444438169826,1.0165948,-0.36061852,0.0801639999999999,0.0513583281991439,0.0434092704949336,0.9977363831956566,3.614936513737483,3.383968414887618,12.039345543788883,12.093563950750518,12.49156103088427
1285,05/05/2023 12:21:43.547692,1483,True,True,True,True,Eyes,-0.1791429,0.06636253,-2.784765,0.9269616,-0.3721287,-0.04756398,0.0,0.0,0.0,0.0,0.0,0.0,0.0,-2.947205,-0.04553267,0.2561834,-0.2284703,0.08196139,-2.948695,0.1421389,0.6909199,-0.1582974,0.6909183,24.52904,89.6944,358.5937,-0.05680026,0.02228687,-0.9981365,0.0,0.0,0.0,0.787387,-0.2759685,-2.861021,-0.1537887,0.1179819,1.055164,-0.004856762,-0.02232799,-0.9997389,0.4151543,0.909477,-0.02232889,0.9097381,-0.4151543,0.004852506,moving,2.9472352142015046,2.723402184649641,-8.292392438234726,6.379958980719221,1.0158573,-0.35792989,0.0876739999999998,0.0513583559124041,0.0474517310278458,0.9975522853124672,3.614926123029988,3.622736203567683,11.76512091623145,11.819460113232404,12.222377541308498
1286,05/05/2023 12:21:43.567923,1484,True,True,True,True,Eyes,-0.1806013,0.06683435,-2.791829,0.9281564,-0.3700175,-0.04015949,0.0,0.0,0.0,0.0,0.0,0.0,0.0,-2.952627,-0.0269881,0.2756548,-0.2267868,0.08167617,-2.955777,0.1434037,0.6880729,-0.1560789,0.6939962,24.44569,89.24583,358.7857,-0.05753733,0.02243552,-0.998091,0.0,0.0,0.0,0.7880336,-0.2735158,-2.860632,-0.149165,0.1181065,1.057375,0.004390142,-0.01929189,-0.9998044,0.4139807,0.9101495,-0.01574407,0.9102753,-0.4138305,0.01198211,moving,2.947705996740108,2.760624445547502,-8.029788422604732,6.3733965373765145,1.0148204,-0.3551919699999999,0.095145,0.0513649618615527,0.0480997685486871,0.9975209725929548,3.615302470300685,3.661020147686134,11.504123412591865,11.556708264650696,11.95680256520858
1287,05/05/2023 12:21:43.587757,1485,True,True,True,True,Eyes,-0.1819103,0.0672533,-2.798894,0.9293049,-0.3678296,-0.03307305,0.0,0.0,0.0,0.0,0.0,0.0,0.0,-2.958802,-0.01395734,0.289058,-0.2245121,0.08103702,-2.963323,0.1426728,0.6863155,-0.1526155,0.6966521,24.09629,88.91842,358.9453,-0.05823714,0.02258023,-0.9980472,0.0,0.0,0.0,0.7886674,-0.2711121,-2.860251,-0.1438106,0.1189643,1.059944,0.01135904,-0.01680277,-0.9997944,0.4084769,0.9127059,-0.01069825,0.9126981,-0.4082714,0.01723102,moving,2.8574792257493025,2.5383493457268127,-7.726569981914475,6.4038719528975445,1.0131795,-0.35214912,0.103072,0.0498029570243427,0.0442331049934902,0.997779101971342,3.526888810728691,3.431795546318954,11.21742376428374,11.267846407224242,11.639311533087294
1288,05/05/2023 12:21:43.597897,1486,True,True,True,True,Eyes,-0.1830526,0.06761678,-2.80598,0.9304448,-0.3654954,-0.02618196,0.0,0.0,0.0,0.0,0.0,0.0,0.0,-2.965043,-0.001233276,0.2985275,-0.2222537,0.08014399,-2.970652,0.1427015,0.6848705,-0.1499887,0.6986359,23.881,88.6729,359.1158,-0.05889704,0.0227193,-0.9980053,0.0,0.0,0.0,0.789269,-0.26883,-2.859889,-0.1390653,0.1209716,1.061688,0.01691152,-0.01411078,-0.9997575,0.405039,0.9142793,-0.006052778,0.9141431,-0.4048384,0.02117725,moving,2.700301118907778,2.4591805970009437,-7.462408706535332,6.500401262067409,1.0115227,-0.34897399,0.1107629999999999,0.0470684065936087,0.0428600636087111,0.9979716871464024,3.372143359009643,3.3492795825089323,10.88713392511206,10.936733308438958,11.283487328853097
1289,05/05/2023 12:21:43.617988,1487,True,True,True,True,Eyes,-0.1840407,0.06790121,-2.813041,0.9315603,-0.3630535,-0.01968725,0.0,0.0,0.0,0.0,0.0,0.0,0.0,-2.972184,0.01060773,0.300668,-0.2194102,0.07912662,-2.978253,0.1419779,0.6844202,-0.146296,0.7000062,23.51735,88.57378,359.3457,-0.05951476,0.02285121,-0.9979656,0.0,0.0,0.0,0.7898463,-0.2666406,-2.859541,-0.1335862,0.1159945,1.063893,0.02033284,-0.01047104,-0.9997384,0.3991612,0.9168795,-0.001485012,0.9166552,-0.3990267,0.02282238,moving,2.433354044469621,2.236874479556385,-7.156807382450677,6.2222869109013,1.0092565,-0.34576722,0.1187119999999999,0.0424249803463978,0.0389957669967056,0.998338357176488,3.109534839085984,3.1187907206965697,10.342016526010108,10.385312149488264,10.725179309098824
1290,05/05/2023 12:21:43.637928,1488,True,True,True,True,Eyes,-0.1848583,0.06813449,-2.820119,0.9326235,-0.3606006,-0.01343937,0.0,0.0,0.0,0.0,0.0,0.0,0.0,-2.979326,0.02526573,0.2990518,-0.2166968,0.07744028,-2.985548,0.1414948,0.6843634,-0.1421675,0.7010096,23.13923,88.55105,359.6477,-0.0600886,0.02297379,-0.9979284,0.0,0.0,0.0,0.7904669,-0.2642868,-2.859168,-0.1289778,0.1174489,1.065325,0.02287029,-0.005653804,-0.9997225,0.3929893,0.9195353,0.003790014,0.9192587,-0.3929669,0.02325192,moving,2.110466958886543,1.9999574507705544,-6.90314375731826,6.29128176126877,1.0071637,-0.3417270799999999,0.1263800000000001,0.0368038661192737,0.0348751109488079,0.998713774919316,2.7918201304816943,2.872885393837449,9.941205216701835,9.983017704139115,10.279968799106973
1291,05/05/2023 12:21:43.647999,1489,True,True,True,True,Eyes,-0.1854952,0.06832313,-2.827201,0.9336745,-0.3580454,-0.007449055,0.0,0.0,0.0,0.0,0.0,0.0,0.0,-2.986778,0.0382423,0.2951596,-0.2134234,0.07643163,-2.992997,0.1420891,0.6843258,-0.1394596,0.7014699,22.96782,88.56747,359.9264,-0.06061827,0.02308646,-0.9978938,0.0,0.0,0.0,0.7910836,-0.2619478,-2.858796,-0.1240447,0.1181859,1.06642,0.02449844,-0.001183005,-0.9996993,0.390124,0.9207233,0.008470804,0.9204365,-0.3902142,0.02301783,moving,1.7628322389490818,1.9794549237682093,-6.634760892851209,6.323993071051328,1.004507,-0.33837943,0.134201,0.0307440346014167,0.0345248069432258,0.9989308839322985,2.449201493810208,2.8493756513352326,9.41484817906552,9.454870814583224,9.72580787676139
1292,05/05/2023 12:21:43.667999,1490,True,True,True,True,Eyes,-0.1859483,0.06847598,-2.83429,0.9347304,-0.3553541,-0.001647568,0.0,0.0,0.0,0.0,0.0,0.0,0.0,-2.993789,0.04926685,0.2926836,-0.209762,0.0754755,-3.000194,0.1410459,0.6844176,-0.1353538,0.7023944,22.54548,88.55083,0.1814635,-0.06110094,0.02318844,-0.9978619,0.0,0.0,0.0,0.7916915,-0.2596418,-2.85843,-0.119233,0.1141521,1.067682,0.02650375,0.002925093,-0.9996445,0.3832121,0.9235708,0.01286266,0.9232801,-0.3834168,0.02335715,moving,1.4550569061343788,1.7187766751280733,-6.37208368486059,6.102642806117985,1.0014535,-0.3351172999999999,0.1417640000000002,0.0253813890864366,0.0299841528356949,0.9992281557372436,2.146438576994409,2.579138845729789,8.935783221231691,8.971199032773798,9.218476104247957
1293,05/05/2023 12:21:43.688381,1491,True,True,True,True,Eyes,-0.1862059,0.06860794,-2.841361,0.9357206,-0.3527188,0.004058075,0.0,0.0,0.0,0.0,0.0,0.0,0.0,-3.000707,0.05900913,0.2914822,-0.2058116,0.07472023,-3.007447,0.140127,0.6843015,-0.1317427,0.7033776,22.17444,88.50302,0.3989854,-0.06153553,0.0232797,-0.9978322,0.0,0.0,0.0,0.7923076,-0.2573051,-2.85806,-0.1132803,0.1159782,1.0686,0.02875082,0.006448534,-0.999566,0.3771078,0.9260166,0.01682096,0.9257231,-0.3774277,0.02419197,moving,1.179181356960331,1.508081440293788,-6.051219317386305,6.194228596702367,0.9981192,-0.33202533,0.1493869999999999,0.0205720198316128,0.026312378686944,0.9994421002931524,1.8750018131064428,2.360528754555842,8.58247087056395,8.616186458237108,8.804671253893812
1294,05/05/2023 12:21:43.697889,1492,True,True,True,True,Eyes,-0.1862612,0.06871986,-2.848443,0.9367309,-0.349917,0.009662581,0.0,0.0,0.0,0.0,0.0,0.0,0.0,-3.007239,0.07140433,0.2924666,-0.2013707,0.07430142,-3.014639,0.1396914,0.6837782,-0.1280539,0.704653,21.83834,88.40313,0.6523741,-0.06191946,0.02336048,-0.997806,0.0,0.0,0.0,0.7929273,-0.254955,-2.857687,-0.1080232,0.1166291,1.069025,0.03209904,0.0105688,-0.9994287,0.3715031,0.928177,0.02174699,0.9278767,-0.371989,0.02586723,moving,0.9578909363664186,1.342381546015905,-5.7700576054347135,6.226262903402639,0.994298,-0.32925642,0.1569519999999999,0.0167129855611398,0.0234235629635862,0.9995859463733549,1.65726412134498,2.188574078540354,8.282003542561156,8.313698857557547,8.4538771625516
1295,05/05/2023 12:21:43.717501,1493,True,True,True,True,Eyes,-0.1861196,0.06879271,-2.855491,0.9376526,-0.3472375,0.01529152,0.0,0.0,0.0,0.0,0.0,0.0,0.0,-3.013623,0.08451546,0.2961688,-0.1965771,0.07387693,-3.022033,0.1387261,0.6829939,-0.1236883,0.706382,21.40413,88.24283,0.9081126,-0.06225074,0.02343113,-0.9977833,0.0,0.0,0.0,0.7935332,-0.2526567,-2.857322,-0.1030812,0.1162972,1.069429,0.03644091,0.0147558,-0.9992269,0.3642405,0.9309126,0.02703051,0.9305918,-0.3649439,0.02854864,moving,0.788870107380085,1.0714063086425485,-5.505674584415197,6.206355786339692,0.9901103,-0.32653363,0.164711,0.0137655398804913,0.0186967072989727,0.9997304903447208,1.4912971405836544,1.9087150993690116,8.094079080536853,8.123361312628555,8.211414542862833
1296,05/05/2023 12:21:43.737628,1494,True,True,True,True,Eyes,-0.1857616,0.06883754,-2.862552,0.9385403,-0.3445397,0.02084356,0.0,0.0,0.0,0.0,0.0,0.0,0.0,-3.019513,0.09775269,0.3023214,-0.1916519,0.07300133,-3.02925,0.1384844,0.6817291,-0.1203875,0.7082193,21.11849,88.02583,1.123836,-0.06252794,0.02349136,-0.9977643,0.0,0.0,0.0,0.794152,-0.2503097,-2.85695,-0.09882072,0.1196807,1.069272,0.04150467,0.01829608,-0.9989708,0.3593392,0.9326578,0.03201121,0.9322837,-0.3602979,0.03213517,moving,0.6778058181805157,0.950292421564714,-5.280201994403457,6.386380004056091,0.9858039,-0.32331103,0.1723000000000003,0.0118280401893975,0.0165838106398703,0.9997924926121384,1.3821053667452503,1.7833828790275688,8.036613699461618,8.06529015592921,8.09777265100948
1297,05/05/2023 12:21:43.747844,1495,True,True,True,True,Eyes,-0.1851836,0.0688701,-2.86964,0.9393457,-0.3419426,0.02654831,0.0,0.0,0.0,0.0,0.0,0.0,0.0,-3.025681,0.1096558,0.3072014,-0.1860921,0.07235463,-3.036655,0.1386009,0.6804866,-0.1177155,0.7098387,20.91461,87.82473,1.31973,-0.06274903,0.02354125,-0.9977493,0.0,0.0,0.0,0.7947678,-0.247974,-2.856579,-0.09546841,0.1226409,1.068898,0.04616221,0.02151413,-0.9987022,0.3557501,0.9338657,0.03656094,0.9334403,-0.3569762,0.03545563,moving,0.5439196512336144,0.9061817751344954,-5.103818498710152,6.545257727028859,0.9808599,-0.32032863,0.1800760000000001,0.0094918585411994,0.0158144829832743,0.9998298381807336,1.2502364000104935,1.7370843073177111,7.952829097433799,7.980985139790924,7.968220961417463
1298,05/05/2023 12:21:43.767786,1496,True,True,True,True,Eyes,-0.1843841,0.06888347,-2.876737,0.940169,-0.3391892,0.03214161,0.0,0.0,0.0,0.0,0.0,0.0,0.0,-3.031946,0.1225515,0.3103318,-0.1802731,0.07207003,-3.044065,0.1382383,0.6795411,-0.1140559,0.7114109,20.59132,87.65955,1.566825,-0.06291208,0.02358141,-0.9977381,0.0,0.0,0.0,0.7954032,-0.245564,-2.856196,-0.09409267,0.1239684,1.069297,0.05043053,0.02559595,-0.9983995,0.3501584,0.9357629,0.04167712,0.935332,-0.3516997,0.03822836,moving,0.3805414821601028,0.753304113860843,-5.028782949481881,6.613034134979331,0.9756763,-0.31763403,0.1878689999999996,0.0066410794501767,0.0131469693021664,0.99989159328046,1.0895531682834343,1.578720311091891,7.947128514713059,7.974786939295378,7.9232791524302435
1299,05/05/2023 12:21:43.787664,1497,True,True,True,True,Eyes,-0.1833686,0.0688689,-2.883863,0.9408908,-0.3365806,0.03792145,0.0,0.0,0.0,0.0,0.0,0.0,0.0,-3.038314,0.1327897,0.3125062,-0.1741595,0.07157087,-3.051425,0.1370756,0.6788296,-0.1101258,0.7129327,20.17964,87.50858,1.775246,-0.06301541,0.02361218,-0.997731,0.0,0.0,0.0,0.7960002,-0.2432998,-2.855837,-0.09187195,0.1247987,1.068496,0.05412541,0.0290773,-0.9981108,0.3431265,0.9381651,0.04593799,0.9377285,-0.3449646,0.04080138,moving,0.18847845718348,0.5052662554972667,-4.914347181239348,6.661875405636431,0.9701597,-0.31487067,0.1955879999999998,0.0032894358627513,0.0088183979004033,0.99995572385045,0.9008192214355166,1.3222902412078512,7.969834920853186,7.996415804829225,7.894765988867834
1300,05/05/2023 12:21:43.798046,1498,True,True,True,True,Eyes,-0.1821294,0.06890206,-2.891007,0.9415569,-0.3340234,0.04357562,0.0,0.0,0.0,0.0,0.0,0.0,0.0,-3.044468,0.1422159,0.3154893,-0.1680226,0.0708418,-3.058643,0.1362375,0.677942,-0.106892,0.7144285,19.85233,87.33896,1.949012,-0.06305768,0.02363355,-0.997728,0.0,0.0,0.0,0.796667,-0.2407707,-2.855436,-0.09100747,0.1299903,1.067043,0.05793758,0.0319889,-0.9978076,0.3374556,0.9400269,0.04973086,0.9395569,-0.339597,0.04366802,moving,0.0221351382595177,0.338605718965882,-4.874925653859896,6.945714375134364,0.9646896,-0.3116125,0.2032069999999999,0.0003863242604204,0.0059097494139171,0.999982393824504,0.7372456893805783,1.1497307816344056,8.196593865658908,8.224055520005304,8.067830749464832
1301,05/05/2023 12:21:43.817751,1499,True,True,True,True,Eyes,-0.1806626,0.06887631,-2.898199,0.9421881,-0.3313927,0.04960329,0.0,0.0,0.0,0.0,0.0,0.0,0.0,-3.050828,0.1588812,0.3166697,-0.1614065,0.07202116,-3.066241,0.1376576,0.6768478,-0.1039808,0.7156225,19.74168,87.20753,2.284855,-0.06303753,0.02364813,-0.9977292,0.0,0.0,0.0,0.7972301,-0.2386348,-2.855097,-0.0899852,0.1308072,1.065898,0.0621303,0.03752445,-0.9973624,0.3351684,0.9404768,0.05626338,0.9401075,-0.33778,0.04585506,moving,-0.1930598701502138,0.3962306426001888,-4.8255797259935305,6.996366298974328,0.9586366,-0.31065596,0.211144,-0.0033694434797822,0.0069154350146767,0.9999704232540672,0.524990079580063,1.207493582501865,8.036549487860867,8.063623930797112,7.882870325702124
1302,05/05/2023 12:21:43.837814,1500,True,True,True,True,Eyes,-0.1790221,0.06881717,-2.905399,0.9426957,-0.3289997,0.05553317,0.0,0.0,0.0,0.0,0.0,0.0,0.0,-3.055833,0.1813917,0.3231652,-0.1546034,0.07045846,-3.073529,0.1356806,0.6756451,-0.09650818,0.7181787,18.98354,86.95756,2.710873,-0.06295357,0.02365457,-0.9977345,0.0,0.0,0.0,0.797847,-0.2362953,-2.854726,-0.09163017,0.1268172,1.064534,0.06837957,0.04472367,-0.9966565,0.3219641,0.9445539,0.06447531,0.9442794,-0.3252965,0.05018875,moving,-0.320875255184461,-0.2098928027323932,-4.919630183183437,6.793589622350452,0.9524504,-0.30675376,0.2188030000000003,-0.0056002626115478,-0.0036632546942513,0.9999775677446748,0.400429425969962,0.5832439356965159,8.351946156734348,8.378383672656629,8.177495202853168
1303,05/05/2023 12:21:43.847763,1501,True,True,True,True,Eyes,-0.1771631,0.06884942,-2.91261,0.9429687,-0.3271014,0.06176424,0.0,0.0,0.0,0.0,0.0,0.0,0.0,-3.061621,0.1948166,0.3281333,-0.148774,0.06963529,-3.080936,0.1380797,0.6739152,-0.09629182,0.7193751,19.17455,86.75017,2.886759,-0.06280653,0.02365256,-0.9977438,0.0,0.0,0.0,0.7984592,-0.2339733,-2.854357,-0.09457237,0.1255337,1.062707,0.0731324,0.04756819,-0.9961874,0.3246479,0.9433238,0.06887715,0.9430035,-0.3284472,0.05354461,moving,-0.4656197892973033,0.1045286274767817,-5.085466578491625,6.7369218133870055,0.9472332,-0.30360859,0.226579,-0.008126495887108,0.001824307564675,0.9999653735859726,0.2570124428523328,0.905596436975856,8.055093884073102,8.082798013567915,7.908630585574023
1304,05/05/2023 12:21:43.867803,1502,True,True,True,True,Eyes,-0.1750706,0.0689067,-2.919817,0.9433926,-0.324633,0.06799808,0.0,0.0,0.0,0.0,0.0,0.0,0.0,-3.06644,0.2173555,0.3352735,-0.1416674,0.07181685,-3.088281,0.1430138,0.6713658,-0.09613604,0.7208141,19.5882,86.49301,3.251518,-0.06259559,0.02364613,-0.9977572,0.0,0.0,0.0,0.7990792,-0.2316213,-2.853984,-0.1002735,0.1214386,1.060436,0.08005162,0.05343673,-0.9953574,0.3306216,0.9406098,0.07708783,0.9403623,-0.3352576,0.05763,moving,-0.5449003187160474,0.6758356801923971,-5.401755683583962,6.532916950103761,0.9407466,-0.30343815,0.2342969999999997,-0.0095094993903895,0.0117947504908255,0.9998851807030892,0.1775186645198645,1.4925955153779031,7.579290533153909,7.608839927189477,7.518852466750914
1305,05/05/2023 12:21:43.887651,1503,True,True,True,True,Eyes,-0.1750706,0.0689067,-2.919817,0.9433926,-0.324633,0.06799808,0.0,0.0,0.0,0.0,0.0,0.0,0.0,-3.071046,0.2316686,0.3466067,-0.1339923,0.07231893,-3.095472,0.1386801,0.6700528,-0.08759516,0.7239641,18.55324,86.1537,3.568952,-0.06231957,0.02363659,-0.9977745,0.0,0.0,0.0,0.7996835,-0.2293295,-2.85362,-0.1069123,0.1178409,1.057934,0.0867125,0.05901448,-0.9944838,0.3126775,0.9461899,0.08341205,0.945893,-0.3181856,0.06359399,moving,-0.2851730436722973,-0.3732845227178269,-5.7705844445267,6.355848862137388,0.9336758,-0.3016484299999999,0.2418520000000001,-0.0049770821771063,-0.0065149169294058,0.9999663523428436,0.4360064491761921,0.4154552067474737,8.650225214291792,8.68164583174161,8.591277396452313
1306,05/05/2023 12:21:43.898234,1504,True,True,True,True,Eyes,-0.1750706,0.0689067,-2.919817,0.9433926,-0.324633,0.06799808,0.0,0.0,0.0,0.0,0.0,0.0,0.0,-3.075018,0.2521323,0.3592482,-0.1280936,0.07285956,-3.102684,0.1428339,0.6670743,-0.08774368,0.7258868,18.93078,85.80339,3.82965,-0.06207114,0.02362802,-0.99779,0.0,0.0,0.0,0.800304,-0.226976,-2.853247,-0.1145147,0.1173086,1.054682,0.09462596,0.06317768,-0.9935062,0.3179456,0.943799,0.09029933,0.9433751,-0.3244255,0.06922083,moving,0.0689535536420244,-0.0172276686961483,-6.196755371871496,6.346723006160296,0.9283976,-0.29983556,0.2494369999999999,0.0012034661497473,-0.0003006793070874,0.9999991912839868,0.7842335184039124,0.7841059015372648,8.895707549171565,8.930788124867009,8.926192633972974
1307,05/05/2023 12:21:43.917978,1505,True,True,True,True,Eyes,-0.1722416,0.06909995,-2.927593,0.9435837,-0.3224686,0.07525799,0.0,0.0,0.0,0.0,0.0,0.0,0.0,-3.077932,0.2780441,0.3749537,-0.1202121,0.07466592,-3.10991,0.1453623,0.6638523,-0.08436781,0.7287331,18.89751,85.37184,4.245202,-0.06184756,0.0236203,-0.997804,0.0,0.0,0.0,0.8009148,-0.2246593,-2.852879,-0.1213534,0.1120027,1.051655,0.1043642,0.07003497,-0.9920701,0.3159615,0.9435037,0.09984509,0.9430145,-0.3238762,0.07633965,moving,0.0705426272023659,0.0802074347140054,-6.58240662635761,6.079163827431476,0.9211269,-0.29932522,0.257031,0.0012311995668364,0.0013998822754772,0.9999982432123228,0.7855702951499186,0.8843226148580339,8.922284486184303,8.958192427726145,9.0151793736852
1308,05/05/2023 12:21:43.937883,1506,True,True,True,True,Eyes,-0.1692632,0.06931651,-2.935342,0.9435928,-0.3206466,0.08257379,0.0,0.0,0.0,0.0,0.0,0.0,0.0,-3.08052,0.3005327,0.3949831,-0.1133528,0.07593898,-3.117261,0.1455051,0.6606933,-0.07934254,0.7321321,18.53598,84.87923,4.603124,-0.06153441,0.02361384,-0.9978233,0.0,0.0,0.0,0.8015596,-0.2222136,-2.852491,-0.1278409,0.1075284,1.048367,0.114378,0.0760901,-0.9905192,0.3084469,0.9450661,0.1082157,0.9443401,-0.3179001,0.08462503,moving,0.0995568840249862,-0.1746459490966476,-6.952487120634813,5.856207176488935,0.9149124,-0.29815258,0.2647699999999999,0.0017375865119366,-0.0030481375840964,0.9999938673555684,0.8147704492002048,0.6224249074568561,9.242431250228147,9.279144037358382,9.366043294571831
1309,05/05/2023 12:21:43.947788,1507,True,True,True,True,Eyes,-0.1661348,0.06953906,-2.943084,0.9434462,-0.3189509,0.09044122,0.0,0.0,0.0,0.0,0.0,0.0,0.0,-3.082943,0.3189387,0.4163473,-0.1067483,0.07677998,-3.124471,0.1491401,0.6566532,-0.07970869,0.7349901,18.89985,84.35097,4.771436,-0.06113619,0.02360933,-0.9978474,0.0,0.0,0.0,0.802148,-0.2199821,-2.852137,-0.1333075,0.103197,1.044815,0.1249061,0.07869645,-0.9890426,0.3130368,0.9428075,0.114551,0.9414916,-0.3239149,0.09312756,moving,0.1886120264978622,0.2855773061380812,-7.271058465487722,5.640842429435924,0.9088963,-0.29676208,0.2723340000000003,0.00329185407433,0.0049842166761636,0.9999821720716908,0.9014685402454408,1.096355455223329,9.146481946538769,9.18289433619982,9.351072639982313
1310,05/05/2023 12:21:43.967617,1508,True,True,True,True,Eyes,-0.1628982,0.06972401,-2.950795,0.9431262,-0.3175474,0.09836945,0.0,0.0,0.0,0.0,0.0,0.0,0.0,-3.086094,0.3219763,0.4417284,-0.1000548,0.07710803,-3.131583,0.1491536,0.6528711,-0.07980914,0.7383381,18.93297,83.74708,4.663438,-0.06065869,0.02360681,-0.9978769,0.0,0.0,0.0,0.8027635,-0.2176476,-2.851767,-0.1380195,0.0972188,1.041229,0.1347795,0.07690395,-0.9878869,0.3126084,0.9427674,0.1160414,0.9402716,-0.3244618,0.1030249,moving,0.3160421632413542,0.3936729793879608,-7.550789657575047,5.334200569192801,0.9028183,-0.29475563,0.2798159999999998,0.0055158179595167,0.006870730840648,0.999961148183496,1.0268229653745726,1.2084134213996311,9.254917032850416,9.28955627372117,9.518274943406498
1311,05/05/2023 12:21:43.988042,1509,True,True,True,True,Eyes,-0.1595495,0.06988468,-2.958515,0.9425374,-0.3166211,0.1066505,0.0,0.0,0.0,0.0,0.0,0.0,0.0,-3.089719,0.3183831,0.467097,-0.09417637,0.07644568,-3.138661,0.1503516,0.6488996,-0.08328431,0.7412069,19.32763,83.14394,4.355486,-0.06010407,0.0236048,-0.9979107,0.0,0.0,0.0,0.8033848,-0.2152908,-2.851393,-0.14165,0.09437119,1.037243,0.1439862,0.0716643,-0.9869815,0.3185879,0.9409162,0.1147969,0.9368938,-0.3309695,0.1126476,moving,0.4446639210282087,0.8371602330578192,-7.776433255978078,5.198612967751494,0.89756117,-0.29173648,0.2872680000000001,0.0077599432337757,0.0146102426484176,0.9998631529389324,1.1525616919789512,1.6654080042373312,9.272517553160297,9.306380002490105,9.60262922822928
1312,05/05/2023 12:21:43.998770,1510,True,True,True,True,Eyes,-0.1561007,0.07003739,-2.966193,0.9418135,-0.3158764,0.1149327,0.0,0.0,0.0,0.0,0.0,0.0,0.0,-3.094016,0.3079967,0.4903276,-0.08827201,0.07604883,-3.145574,0.1520675,0.6450869,-0.08894839,0.7435232,19.93113,82.57567,3.898886,-0.05947801,0.02360244,-0.9979485,0.0,0.0,0.0,0.8039988,-0.2129621,-2.851023,-0.145825,0.09256438,1.032624,0.1519023,0.06392316,-0.9863265,0.3284639,0.9379272,0.1113726,0.9322218,-0.3408903,0.1214768,moving,0.5451144285766908,1.483213492239197,-8.038038435137834,5.12230120623791,0.89227081,-0.28901093,0.2945509999999998,0.0095107111679521,0.0258828982963751,0.9996197858872936,1.2500544303543268,2.330532024045,9.289056600431268,9.322739536856492,9.698589807010524
1313,05/05/2023 12:21:44.018136,1511,True,True,True,True,Eyes,-0.152557,0.07020928,-2.973872,0.9409405,-0.3152773,0.1234149,0.0,0.0,0.0,0.0,0.0,0.0,0.0,-3.09837,0.2941512,0.5131493,-0.08239446,0.07605595,-3.152328,0.151861,0.6417653,-0.09300167,0.74594,20.2385,82.02648,3.432182,-0.05878441,0.02359951,-0.9979898,0.0,0.0,0.0,0.8046129,-0.2106331,-2.850653,-0.1506694,0.08838381,1.028016,0.158976,0.05617095,-0.9856833,0.3336655,0.9365779,0.1071879,0.92919,-0.3459288,0.1301512,moving,0.5864295530715954,1.8284970406081928,-8.338092790388018,4.913928441578304,0.8870073599999999,-0.28668905,0.3016749999999999,0.0102297370796732,0.0319062079596695,0.9994385345535084,1.2899655533689036,2.685921684500144,9.410672273584858,9.442827224354062,9.882485597276284
1314,05/05/2023 12:21:44.037910,1512,True,True,True,True,Eyes,-0.1489177,0.07039163,-2.981504,0.9400192,-0.3146017,0.1318701,0.0,0.0,0.0,0.0,0.0,0.0,0.0,-3.103174,0.2817423,0.5316694,-0.07672112,0.07668494,-3.159109,0.1519784,0.6389533,-0.09676988,0.7478483,20.54704,81.56951,3.02875,-0.05802848,0.02359674,-0.9980342,0.0,0.0,0.0,0.8052248,-0.2083122,-2.850285,-0.155888,0.08271601,1.023153,0.1647486,0.04947582,-0.9850941,0.3389525,0.9350763,0.1036507,0.9262664,-0.3509764,0.1372826,moving,0.5388295549693852,2.1843784958597623,-8.662984568728156,4.621980875512127,0.8819459199999999,-0.28499714,0.308824,0.0093973784425682,0.0381136798507192,0.9992292459551932,1.2422071973432147,3.0515905485945454,9.489773160232197,9.519206297184994,10.028905708078245
1315,05/05/2023 12:21:44.048326,1513,True,True,True,True,Eyes,-0.1451849,0.07059019,-2.989119,0.939112,-0.3136349,0.1403629,0.0,0.0,0.0,0.0,0.0,0.0,0.0,-3.106677,0.2754339,0.5525839,-0.07078751,0.07710233,-3.165706,0.1503974,0.6361655,-0.09705286,0.7505031,20.44028,81.07655,2.794143,-0.05721353,0.02359448,-0.9980814,0.0,0.0,0.0,0.8058571,-0.2059139,-2.849905,-0.1607094,0.07886405,1.018116,0.1717485,0.04567831,-0.9840814,0.3370322,0.9359227,0.1022641,0.9256954,-0.3492308,0.1453483,moving,0.506638176290841,2.1392613895564505,-8.970114150655693,4.4293304546178645,0.87664461,-0.28301623,0.315801,0.0088362265806893,0.0373270219741516,0.9992640077921228,1.2105821506793442,3.004966068372976,9.721486927393858,9.74952568020813,10.27985365094366
1316,05/05/2023 12:21:44.068469,1514,True,True,True,True,Eyes,-0.1413725,0.07078275,-2.996677,0.9381686,-0.312535,0.1488677,0.0,0.0,0.0,0.0,0.0,0.0,0.0,-3.110287,0.2662326,0.5722356,-0.06498662,0.07758808,-3.172061,0.1479343,0.6337401,-0.09686763,0.7530641,20.21757,80.61765,2.541368,-0.05634285,0.02359325,-0.9981312,0.0,0.0,0.0,0.8064616,-0.2036214,-2.849541,-0.1663381,0.07735568,1.012943,0.1779803,0.04160874,-0.983154,0.3333988,0.9374642,0.1000303,0.9258338,-0.3455858,0.1529779,moving,0.436369551072205,1.9877750595423536,-9.3254658527141,4.3670452965512405,0.87144822,-0.28120948,0.3225199999999999,0.0076114292824467,0.0346852563552835,0.9993693208669636,1.1416746295720916,2.84868226571726,10.019132533305177,10.04760455587958,10.576694009439706
1317,05/05/2023 12:21:44.087972,1515,True,True,True,True,Eyes,-0.1374775,0.07100483,-3.004175,0.9372004,-0.3112735,0.1573665,0.0,0.0,0.0,0.0,0.0,0.0,0.0,-3.11235,0.2628501,0.5964038,-0.059275,0.07760331,-3.178361,0.1459049,0.63063,-0.09607273,0.7561664,19.98838,80.07136,2.361981,-0.05542042,0.02359278,-0.998183,0.0,0.0,0.0,0.8070658,-0.2013293,-2.849177,-0.1699989,0.06737003,1.007756,0.1861519,0.03873008,-0.9817572,0.329318,0.9389636,0.09948413,0.9256874,-0.3418295,0.1620353,moving,0.4534511039183969,1.834860905479731,-9.575110196482193,3.824619700395953,0.8663408,-0.2789326099999999,0.3291840000000001,0.0079100745230852,0.0320178888151698,0.999455993229076,1.1588723986752392,2.691539176765038,10.201569800702586,10.224049188938736,10.793620978437884
1318,05/05/2023 12:21:44.097815,1516,True,True,True,True,Eyes,-0.1335022,0.07126176,-3.01164,0.9361919,-0.3098968,0.1658571,0.0,0.0,0.0,0.0,0.0,0.0,0.0,-3.114444,0.2581423,0.6193788,-0.05339822,0.07849172,-3.184496,0.1435855,0.6277357,-0.09494267,0.7591555,19.7067,79.55569,2.198509,-0.054449,0.02359401,-0.9982364,0.0,0.0,0.0,0.8077065,-0.1988997,-2.848792,-0.1740831,0.07319337,1.002594,0.1938676,0.036115,-0.9803628,0.32442,0.9407382,0.09880968,0.9258332,-0.3372053,0.1706622,moving,0.4416643294208059,1.6375479167323688,-9.850215088227094,4.175413725781127,0.86110472,-0.27739142,0.3357040000000002,0.0077052720121593,0.0285758618757027,0.99956186741869,1.1477189928720877,2.488533476310728,10.572241163355764,10.60016720680118,11.126550185401411
1319,05/05/2023 12:21:44.117913,1517,True,True,True,True,Eyes,-0.1335022,0.07126176,-3.01164,0.9361919,-0.3098968,0.1658571,0.0,0.0,0.0,0.0,0.0,0.0,0.0,-3.114726,0.2612835,0.6473641,-0.0476238,0.07946151,-3.190656,0.1420785,0.6240342,-0.09305475,0.7627162,19.44305,78.94661,2.149912,-0.05343209,0.02359794,-0.9982913,0.0,0.0,0.0,0.8083144,-0.1965938,-2.848426,-0.1770373,0.08010472,0.9971367,0.2038444,0.03537492,-0.9783641,0.3192723,0.942309,0.1005924,0.9254797,-0.3328698,0.1807901,moving,1.009097879986296,1.3505446955097746,-10.067705912813102,4.592978115632258,0.8559382,-0.27605531,0.3422300000000002,0.0176062781610639,0.0235656141883878,0.999567185682633,1.7077200720356442,2.1973264360960334,11.50669397334977,11.54161846311436,12.016646957213805
1320,05/05/2023 12:21:44.137807,1518,True,True,True,True,Eyes,-0.1335022,0.07126176,-3.01164,0.9361919,-0.3098968,0.1658571,0.0,0.0,0.0,0.0,0.0,0.0,0.0,-3.114367,0.2584296,0.6780987,-0.04184781,0.07985277,-3.196522,0.1395277,0.6201695,-0.09156004,0.7665108,19.11495,78.28529,1.983183,-0.05251664,0.02360146,-0.9983399,0.0,0.0,0.0,0.8089312,-0.1942545,-2.848054,-0.1800207,0.06323942,0.9924589,0.2140133,0.03269811,-0.9762835,0.3134252,0.9442975,0.1003335,0.9251828,-0.3274645,0.1918438,moving,1.6219875245409865,0.9992455837736568,-10.281017365984992,3.645954402278021,0.85077901,-0.27410727,0.348468,0.0283009389322909,0.0174322550095603,0.9994473729202016,2.312679170037356,1.8403122657798547,12.170914628899435,12.193711206758758,12.722481517633222
1321,05/05/2023 12:21:44.158018,1519,True,True,True,True,Eyes,-0.1335022,0.07126176,-3.01164,0.9361919,-0.3098968,0.1658571,0.0,0.0,0.0,0.0,0.0,0.0,0.0,-3.112961,0.2626174,0.7111142,-0.0365499,0.08077901,-3.202704,0.140594,0.6153427,-0.09291092,0.7700353,19.32152,77.56688,1.817983,-0.05169345,0.02360461,-0.9983828,0.0,0.0,0.0,0.8095565,-0.1918824,-2.847678,-0.18135,0.07128533,0.9880965,0.2254419,0.02993763,-0.9737966,0.3161164,0.9432018,0.1021806,0.9215457,-0.3308688,0.2031734,moving,2.308316392975533,1.181202961439261,-10.400019997441982,4.126403204866553,0.8461064,-0.27266141,0.355026,0.0402682762230294,0.0205976989679021,0.9989765155515486,2.988771505301931,2.0322296506527024,13.015961292947122,13.045153057204589,13.551579272509764
1322,05/05/2023 12:21:44.167882,1520,True,True,True,True,Eyes,-0.1335022,0.07126176,-3.01164,0.9361919,-0.3098968,0.1658571,0.0,0.0,0.0,0.0,0.0,0.0,0.0,-3.110493,0.2704764,0.7460606,-0.03064181,0.0821775,-3.208931,0.1411704,0.6102911,-0.09266171,0.7739701,19.36741,76.81231,1.753944,-0.05095231,0.02360744,-0.9984209,0.0,0.0,0.0,0.8101448,-0.1896512,-2.847324,-0.1819194,0.07079066,0.9829919,0.2379173,0.0288753,-0.9708562,0.3157448,0.9429695,0.1054221,0.9185318,-0.3316245,0.2152315,moving,3.025248980937441,1.196915682590526,-10.484932025115969,4.119073603292044,0.84078661,-0.2718287,0.3616070000000002,0.0527645386718437,0.0208595006812299,0.9983890336869374,3.6954219527434935,2.053388693543723,13.79331820111367,13.822590123773653,14.330020693765816
1323,05/05/2023 12:21:44.187657,1521,True,True,True,True,Eyes,-0.128516,0.07170735,-3.020155,0.9343487,-0.3093843,0.1768442,0.0,0.0,0.0,0.0,0.0,0.0,0.0,-3.108204,0.2735362,0.7813292,-0.02421792,0.08356285,-3.215379,0.1408978,0.6053112,-0.09251872,0.7779374,19.34311,76.0484,1.617065,-0.05028456,0.02360997,-0.9984547,0.0,0.0,0.0,0.8107665,-0.1872932,-2.84695,-0.182079,0.06552197,0.9792396,0.2500774,0.02662643,-0.9678597,0.3145215,0.9431762,0.107214,0.915717,-0.3312245,0.2274924,moving,3.111159672539164,1.2067434636201275,-10.533239236595934,3.828015959602235,0.83498442,-0.27085605,0.3684289999999999,0.0542612984865173,0.0210290633228491,0.9983053136862192,3.7800818052062,2.064095022714368,13.868460262959251,13.893908416633504,14.42160103169156
1324,05/05/2023 12:21:44.198071,1522,True,True,True,True,Eyes,-0.1234968,0.07216913,-3.028576,0.9323834,-0.3088478,0.1878141,0.0,0.0,0.0,0.0,0.0,0.0,0.0,-3.106031,0.273948,0.8149395,-0.01853202,0.08460173,-3.221661,0.141578,0.60041,-0.09435758,0.7813836,19.54577,75.31307,1.371201,-0.04950663,0.02362051,-0.9984935,0.0,0.0,0.0,0.811376,-0.1849817,-2.846583,-0.1807632,0.07244816,0.9750738,0.2612089,0.02255074,-0.9650189,0.3174686,0.9421047,0.1079469,0.9115831,-0.3345599,0.2389269,moving,3.1732796396127663,1.4525050853526216,-10.50249691689373,4.249278871211947,0.82990802,-0.26958343,0.3750780000000002,0.0553381327581643,0.0253094377212088,0.9981467966908906,3.840734971110356,2.3172779728360275,13.927693575325591,13.958825453194926,14.472765059392854
1325,05/05/2023 12:21:44.217651,1523,True,True,True,True,Eyes,-0.1234968,0.07216913,-3.028576,0.9323834,-0.3088478,0.1878141,0.0,0.0,0.0,0.0,0.0,0.0,0.0,-3.104389,0.2698455,0.8467445,-0.01274638,0.08547217,-3.227934,0.1406851,0.5960447,-0.09522519,0.7847741,19.53174,74.62511,1.109481,-0.04862964,0.02363882,-0.9985362,0.0,0.0,0.0,0.8119936,-0.1826391,-2.846211,-0.1789653,0.07334784,0.9712516,0.2713256,0.01824866,-0.9623146,0.3171697,0.9422797,0.1072951,0.9087276,-0.334329,0.2498767,moving,3.820319946078328,1.4273681657153447,-10.440358433906338,4.318715931301268,0.8247399799999999,-0.26811127,0.381723,0.0666071807880476,0.0248543786024804,0.9974696224201332,4.478588167308453,2.295938437076007,14.518819007693994,14.550836393792654,15.055450723277684
1326,05/05/2023 12:21:44.237697,1524,True,True,True,True,Eyes,-0.1234968,0.07216913,-3.028576,0.9323834,-0.3088478,0.1878141,0.0,0.0,0.0,0.0,0.0,0.0,0.0,-3.102666,0.2688986,0.8774121,-0.007055067,0.08578785,-3.234391,0.1402259,0.5917125,-0.09596658,0.7880378,19.54675,73.95736,0.8935683,-0.04784036,0.02365528,-0.998574,0.0,0.0,0.0,0.8126134,-0.1802883,-2.845838,-0.1768445,0.08094233,0.9675227,0.2813337,0.0146963,-0.9594974,0.3171974,0.9422542,0.1074374,0.9056694,-0.3345759,0.2604262,moving,4.44998188754667,1.4319681871265828,-10.358222251701784,4.782192322101113,0.8196684670000001,-0.26607615,0.3885529999999999,0.0775646875920751,0.0249146699802821,0.9966759166237176,5.099241269118741,2.305060212273081,15.143654782141557,15.182454069886754,15.654691373100851
1327,05/05/2023 12:21:44.247718,1525,True,True,True,True,Eyes,-0.118015,0.07263591,-3.037393,0.9302374,-0.3081561,0.199244,0.0,0.0,0.0,0.0,0.0,0.0,0.0,-3.101026,0.2737054,0.9043767,-0.001644464,0.0859228,-3.240646,0.1409261,0.5876174,-0.09670258,0.7908821,19.66743,73.35749,0.770358,-0.04713035,0.02367008,-0.9986075,0.0,0.0,0.0,0.8132333,-0.1779371,-2.845465,-0.1753005,0.09131557,0.9634405,0.290709,0.01266052,-0.9567277,0.3185818,0.9415769,0.1092635,0.9022161,-0.33656,0.2696915,moving,4.35491225840695,1.6076520914790482,-10.312301210172114,5.4143599565393785,0.814877764,-0.2638599,0.395181,0.0759046759189311,0.027974203354009,0.9967225782444784,5.005116236706985,2.485076649677059,15.104027361661457,15.153157284961416,15.594998490984809
1328,05/05/2023 12:21:44.267905,1526,True,True,True,True,Eyes,-0.1125236,0.07307626,-3.046105,0.927974,-0.3074478,0.2105706,0.0,0.0,0.0,0.0,0.0,0.0,0.0,-3.099025,0.280553,0.9314859,0.003938199,0.08605373,-3.246985,0.1409818,0.5836026,-0.09604766,0.7939187,19.63114,72.76534,0.7328355,-0.0462993,0.02369203,-0.9986458,0.0,0.0,0.0,0.813887,-0.1754576,-2.845072,-0.1744973,0.09643026,0.9598112,0.3003658,0.01204661,-0.953748,0.3170628,0.941798,0.1117489,0.8995841,-0.3359635,0.2790643,moving,4.256753336745659,1.6206145752128551,-10.304047463196982,5.737137788994457,0.809948801,-0.26151133,0.4019129999999999,0.0741965021675775,0.0282033336357558,0.9968446835004572,4.908329482711898,2.497723204244202,15.076715424217069,15.131512921886332,15.55346325408951
1329,05/05/2023 12:21:44.282026,1527,True,True,True,True,Eyes,-0.107041,0.07350092,-3.054674,0.9257258,-0.3064857,0.2215816,0.0,0.0,0.0,0.0,0.0,0.0,0.0,-3.096765,0.2904004,0.9576068,0.00963645,0.08584841,-3.25328,0.1411778,0.5796415,-0.09484997,0.7969241,19.57096,72.19141,0.7594391,-0.04536016,0.0237196,-0.9986882,0.0,0.0,0.0,0.8144549,-0.1733037,-2.84473,-0.1752412,0.1008935,0.9563652,0.3100383,0.01248857,-0.9506421,0.3148415,0.9421446,0.115058,0.8970793,-0.3349739,0.288169,moving,4.161444348735936,1.620096484504306,-10.383500896150466,6.022247520434474,0.80481845,-0.25915211,0.4085499999999999,0.0725382147105968,0.028197772685446,0.9969670203025118,4.814383700815909,2.496525743627192,15.135996613909429,15.196524797462232,15.601487437746467
1330,05/05/2023 12:21:44.297888,1528,True,True,True,True,Eyes,-0.1015415,0.07390067,-3.063159,0.9233848,-0.3054327,0.2325325,0.0,0.0,0.0,0.0,0.0,0.0,0.0,-3.093949,0.3032462,0.9848218,0.01538949,0.08582652,-3.25987,0.1413101,0.5755431,-0.09279074,0.8001072,19.44711,71.60498,0.8613372,-0.04432528,0.02375177,-0.9987339,0.0,0.0,0.0,0.8151174,-0.1707911,-2.844331,-0.1754297,0.09943452,0.9533614,0.32028,0.014175,-0.9472169,0.3111451,0.9428427,0.1193163,0.8947679,-0.3329365,0.2975631,moving,4.081744370799525,1.5555112550234576,-10.426459727071538,5.954356531364157,0.79972791,-0.25661762,0.4155389999999999,0.0711535375287134,0.0270766542991928,0.9970977963799196,4.735974835885703,2.429548270169261,15.10096615462314,15.160403223881204,15.566749665686416
1331,05/05/2023 12:21:44.317675,1529,True,True,True,True,Eyes,-0.09602862,0.0742654,-3.071556,0.9210421,-0.3041392,0.2432712,0.0,0.0,0.0,0.0,0.0,0.0,0.0,-3.090573,0.3153444,1.013091,0.02127976,0.08559086,-3.266444,0.1408739,0.5713909,-0.09021775,0.8034474,19.23653,71.00363,0.9720638,-0.04320489,0.02378727,-0.9987822,0.0,0.0,0.0,0.8157095,-0.1685453,-2.843975,-0.1760541,0.0957004,0.9506284,0.3307463,0.01601771,-0.9435837,0.3059586,0.9440306,0.1232703,0.8927464,-0.3294687,0.3073339,moving,4.027448369056964,1.4172508802250583,-10.492164849062917,5.748636827528956,0.79442974,-0.25413616,0.422469,0.0702129863810093,0.0246721319069314,0.9972269060495292,4.682780521503664,2.28697788276946,15.09601031927464,15.151899954405163,15.564769501971863
1332,05/05/2023 12:21:44.338034,1530,True,True,True,True,Eyes,-0.09049077,0.07458693,-3.079885,0.9186087,-0.3027471,0.2539731,0.0,0.0,0.0,0.0,0.0,0.0,0.0,-3.086739,0.3262985,1.042718,0.02721546,0.08503816,-3.273182,0.140135,0.5671036,-0.08763917,0.8068923,18.99882,70.37854,1.061197,-0.04200899,0.02382464,-0.9988323,0.0,0.0,0.0,0.8163279,-0.1662,-2.843603,-0.1750984,0.09273241,0.9481163,0.3414257,0.01751146,-0.9397456,0.3003729,0.945363,0.1267468,0.8906204,-0.3255488,0.3175113,moving,3.995714383945567,1.2584751335334856,-10.4635056811401,5.586160669540313,0.78911244,-0.25123816,0.4295789999999999,0.0696651342051806,0.021909409509149,0.9973298514778572,4.6518741486800925,2.1234661134742563,15.040242041770815,15.092975418688612,15.506932675043917
1333,05/05/2023 12:21:44.348249,1531,True,True,True,True,Eyes,-0.08493449,0.07487668,-3.088125,0.9161819,-0.3011908,0.2643764,0.0,0.0,0.0,0.0,0.0,0.0,0.0,-3.082577,0.3393466,1.072032,0.03334604,0.08427943,-3.280011,0.1395187,0.5627871,-0.08469892,0.8103281,18.75044,69.75885,1.196358,-0.04074482,0.02386232,-0.9988839,0.0,0.0,0.0,0.8169072,-0.1640027,-2.843254,-0.1745745,0.08793874,0.945765,0.3521937,0.0197708,-0.9357184,0.2943065,0.9467213,0.1307769,0.88845,-0.3214467,0.3276106,moving,3.9766277450304974,1.0952623852876209,-10.458252940249874,5.312179258632735,0.78356116,-0.24828213,0.436757,0.0693369311452654,0.0190687675627765,0.9974110611238496,4.633444843847821,1.9554793746451116,14.990351665751286,15.038223575774603,15.460490811022195
1334,05/05/2023 12:21:44.368287,1532,True,True,True,True,Eyes,-0.07934711,0.07513404,-3.096313,0.9136699,-0.2995507,0.27473,0.0,0.0,0.0,0.0,0.0,0.0,0.0,-3.078651,0.356247,1.099262,0.0397025,0.08374998,-3.287064,0.1393439,0.5586272,-0.08120693,0.8135875,18.50973,69.18056,1.42275,-0.03941899,0.02389932,-0.9989362,0.0,0.0,0.0,0.8175285,-0.1616459,-2.84288,-0.1724243,0.08400514,0.9438127,0.3626822,0.02354471,-0.9316155,0.2878205,0.9479774,0.1360081,0.8863528,-0.3174657,0.3370379,moving,3.921265871636832,0.9402334822987588,-10.353142619635385,5.086274005313689,0.777826,-0.24539588,0.4441839999999999,0.0683764172333665,0.0163710277724568,0.99752520567277,4.579239401419604,1.7956562197449188,14.820716676685576,14.864332806896725,15.290657220454186
1335,05/05/2023 12:21:44.388097,1533,True,True,True,True,Eyes,-0.07375252,0.07536119,-3.104413,0.9111185,-0.2978796,0.2848348,0.0,0.0,0.0,0.0,0.0,0.0,0.0,-3.074008,0.3770461,1.126351,0.04603659,0.08317868,-3.294133,0.1393535,0.5544271,-0.07694374,0.8168665,18.23926,68.61051,1.738714,-0.03803894,0.02393464,-0.9989889,0.0,0.0,0.0,0.8181385,-0.1593324,-2.842513,-0.1693852,0.07919831,0.9418836,0.3733803,0.02881722,-0.9272307,0.2802283,0.9493205,0.142347,0.8843412,-0.3129858,0.3463822,moving,3.870872311138811,0.7513527377806171,-10.194908433418298,4.80641099463592,0.77210191,-0.24251108,0.4516200000000001,0.0675023084275046,0.0130832938691248,0.9976333525939992,4.530011039548056,1.6010533062195191,14.600063750095488,14.638636733673115,15.069756845949238
1336,05/05/2023 12:21:44.397836,1534,True,True,True,True,Eyes,-0.06813694,0.07553643,-3.112481,0.9084376,-0.2962467,0.2949224,0.0,0.0,0.0,0.0,0.0,0.0,0.0,-3.068861,0.3970101,1.154738,0.05233434,0.08265736,-3.30142,0.139535,0.5500261,-0.07317416,0.8201506,18.02156,68.01467,2.01693,-0.03661002,0.02396754,-0.9990415,0.0,0.0,0.0,0.8187904,-0.1568599,-2.84212,-0.16542,0.08309036,0.9401235,0.3842338,0.03346815,-0.9226291,0.2735235,0.9503511,0.1483841,0.8817876,-0.3093749,0.3560027,moving,3.84384662634397,0.6145927828962787,-9.979362093831098,5.050813715473403,0.76645606,-0.23951726,0.4592999999999998,0.0670336338871241,0.0107023361496502,0.9976934169900278,4.503693808120063,1.4602161724132203,14.476027202137702,14.517615351157348,14.92150458148481
1337,05/05/2023 12:21:44.418030,1535,True,True,True,True,Eyes,-0.06251539,0.07568288,-3.120486,0.9056342,-0.2947142,0.30491,0.0,0.0,0.0,0.0,0.0,0.0,0.0,-3.062987,0.4161408,1.184623,0.05848412,0.08157398,-3.308824,0.1403115,0.5452899,-0.07069357,0.8233919,17.94836,67.37717,2.205072,-0.03513785,0.0239966,-0.9990937,0.0,0.0,0.0,0.8193708,-0.1546585,-2.841771,-0.1610655,0.08376469,0.9383286,0.3953227,0.03660379,-0.9178128,0.2694379,0.9506302,0.1539657,0.8781363,-0.3081596,0.3659433,moving,3.863738223351396,0.6198484591169912,-9.739985614251513,5.10127781790222,0.7608866799999999,-0.23623248,0.4670529999999999,0.0673799256842149,0.0107935992437609,0.9976689409926692,4.5232887659827,1.4657600059567175,14.281584231485192,14.322866729378855,14.71930656677884
1338,05/05/2023 12:21:44.437965,1536,True,True,True,True,Eyes,-0.05686256,0.07579331,-3.128478,0.9027036,-0.2932284,0.3148701,0.0,0.0,0.0,0.0,0.0,0.0,0.0,-3.057559,0.4351429,1.212833,0.0647111,0.08104872,-3.316356,0.1417794,0.5406401,-0.06905089,0.8263408,17.99774,66.76407,2.361258,-0.03362721,0.02402134,-0.999145,0.0,0.0,0.0,0.8200209,-0.152193,-2.84138,-0.1571308,0.08326986,0.9362538,0.4058807,0.03918407,-0.9130858,0.2674223,0.9502612,0.1596528,0.8739259,-0.3089795,0.375214,moving,3.864802426864486,0.7482538336018545,-9.527122385209076,5.082479766320492,0.7553098,-0.2332417199999999,0.4749759999999998,0.0673966607622056,0.013029427886392,0.9976411118336028,4.524035197207132,1.5978239575302997,14.035879946442549,14.07583619569659,14.476804050329193
1339,05/05/2023 12:21:44.448162,1537,True,True,True,True,Eyes,-0.05121022,0.07585127,-3.136414,0.8996838,-0.2917691,0.3247152,0.0,0.0,0.0,0.0,0.0,0.0,0.0,-3.05097,0.4592595,1.241796,0.07115575,0.08028637,-3.324137,0.1430245,0.535876,-0.06581862,0.8294871,17.92761,66.14667,2.656364,-0.03208175,0.02404104,-0.9991954,0.0,0.0,0.0,0.8206225,-0.149911,-2.841018,-0.1534221,0.08655895,0.9343637,0.4170096,0.04409544,-0.9078318,0.2624782,0.9504238,0.1667327,0.870177,-0.3078152,0.3847618,moving,3.872135150494743,0.7456346564017107,-9.324732524524991,5.292743756508736,0.7494667500000001,-0.2301973699999999,0.4831189999999998,0.0675243869172978,0.0129837116509239,0.9976331937197654,4.5312693063155,1.5951814398895152,13.916102859772831,13.958277744774136,14.340877024141085
1340,05/05/2023 12:21:44.468258,1538,True,True,True,True,Eyes,-0.04553487,0.0758698,-3.144358,0.8965085,-0.2904479,0.3345332,0.0,0.0,0.0,0.0,0.0,0.0,0.0,-3.043772,0.483193,1.271306,0.07740816,0.07911107,-3.331964,0.1438067,0.5311348,-0.06207909,0.8326835,17.78438,65.52943,2.972408,-0.03050638,0.02405458,-0.9992444,0.0,0.0,0.0,0.8212054,-0.1477003,-2.840667,-0.1506555,0.08634243,0.9325603,0.4280842,0.04937705,-0.902389,0.256146,0.9509316,0.1735463,0.8666795,-0.3054357,0.3944311,moving,3.8741402538691454,0.6603011454358856,-9.176870596497086,5.289731180847832,0.7437972399999999,-0.22681137,0.4912970000000003,0.0675605228118235,0.0114978428814468,0.9976488913717924,4.533446829699552,1.5074354870203528,13.806324978035352,13.84776179276461,14.22246689722346
1341,05/05/2023 12:21:44.488028,1539,True,True,True,True,Eyes,-0.03985811,0.07586965,-3.152258,0.8932465,-0.289193,0.3442063,0.0,0.0,0.0,0.0,0.0,0.0,0.0,-3.03591,0.5108782,1.300843,0.08370028,0.07820288,-3.340182,0.1460317,0.5260598,-0.05944301,0.8357049,17.85565,64.89301,3.269727,-0.02890391,0.02406133,-0.9992918,0.0,0.0,0.0,0.8218364,-0.1453069,-2.840287,-0.1483428,0.08751374,0.9306552,0.4394554,0.05428919,-0.8966224,0.2529964,0.9502826,0.1815377,0.8619002,-0.3066199,0.4038718,moving,3.912058974933732,0.7844801038153197,-9.05653593840502,5.371985905711866,0.7381361200000001,-0.22350978,0.499895,0.0682189013846671,0.0136594364668432,0.99757680368993,4.570531078533639,1.6354098513800772,13.714061885890684,13.756077329991651,14.13007275614472
1342,05/05/2023 12:21:44.497900,1540,True,True,True,True,Eyes,-0.03415504,0.07584519,-3.160178,0.8898624,-0.2879263,0.3538975,0.0,0.0,0.0,0.0,0.0,0.0,0.0,-3.027476,0.5356189,1.331338,0.0900735,0.07783224,-3.348252,0.1474876,0.5210191,-0.05632899,0.8388169,17.82598,64.25098,3.56456,-0.02727811,0.02406142,-0.9993376,0.0,0.0,0.0,0.8224481,-0.1429869,-2.839919,-0.1467137,0.09078965,0.928624,0.4507322,0.0591883,-0.8906949,0.2481871,0.9501489,0.1887332,0.8574636,-0.3061271,0.413573,moving,3.947372329517877,0.8081914702041435,-8.977975679250696,5.5839436141489625,0.7323746,-0.22081914,0.5083329999999999,0.06883334281951,0.0140716800481405,0.9975289692077192,4.605283926263527,1.6600416991004023,13.734657283813366,13.779420513511129,14.138668528178886
1343,05/05/2023 12:21:44.518544,1541,True,True,True,True,Eyes,-0.02845011,0.07579655,-3.168093,0.8864034,-0.2866846,0.3634567,0.0,0.0,0.0,0.0,0.0,0.0,0.0,-3.018374,0.5568147,1.364576,0.09648394,0.07721657,-3.356698,0.1479758,0.5158235,-0.05286866,0.8421604,17.68482,63.57074,3.828274,-0.02563115,0.02405477,-0.9993813,0.0,0.0,0.0,0.8230523,-0.1406953,-2.839555,-0.1452831,0.09168871,0.9267406,0.4622619,0.06361105,-0.884459,0.2417066,0.9506161,0.194697,0.8531658,-0.3037806,0.4240584,moving,4.017278347921355,0.7172008101761953,-8.909618470275415,5.650270662695172,0.7265683599999999,-0.21791187,0.5171430000000004,0.0700518321653942,0.0124864372029375,0.9974651121116258,4.674405376506824,1.5669512461080144,13.790780405447228,13.836178645787188,14.184470428176944
1344,05/05/2023 12:21:44.538733,1542,True,True,True,True,Eyes,-0.02271719,0.07576966,-3.176037,0.8827869,-0.2855271,0.3730439,0.0,0.0,0.0,0.0,0.0,0.0,0.0,-3.007843,0.5805354,1.399045,0.1026833,0.07666666,-3.365271,0.1495048,0.5102116,-0.05036203,0.8454563,17.70944,62.85217,4.057252,-0.02396617,0.02404131,-0.999423,0.0,0.0,0.0,0.8236592,-0.1383932,-2.83919,-0.1440743,0.09266452,0.9246862,0.4742955,0.06740036,-0.8777819,0.2377159,0.9502239,0.2014088,0.8476645,-0.30419,0.4346649,moving,4.12961631943968,0.7854198922022955,-8.8559842398701,5.722611137574879,0.7209759,-0.21505986,0.526081,0.0720062899825476,0.0136721522554881,0.9973105601711448,4.784977268748833,1.637893500648696,13.84631844049558,13.892504427903926,14.23940831119886
1345,05/05/2023 12:21:44.547861,1543,True,True,True,True,Eyes,-0.01702278,0.07573629,-3.183897,0.8790627,-0.2841456,0.3827664,0.0,0.0,0.0,0.0,0.0,0.0,0.0,-2.996441,0.6060734,1.433761,0.1091852,0.07718021,-3.373985,0.1511127,0.5045236,-0.04720247,0.8487598,17.7068,62.13536,4.355856,-0.02228516,0.02402242,-0.9994623,0.0,0.0,0.0,0.824297,-0.1359741,-2.838806,-0.1429057,0.09280431,0.922923,0.4864559,0.07235269,-0.8707043,0.2326069,0.9498738,0.2088872,0.8421727,-0.3041462,0.445242,moving,4.2321641928627,0.834730488941545,-8.80179887290234,5.742062673164266,0.7151118,-0.2131543099999999,0.5351789999999998,0.0737902625879843,0.01452856424045,0.9971679835754442,4.885943519947763,1.6893213432794592,13.880988320315671,13.927171369881084,14.275118356776671
1346,05/05/2023 12:21:44.568081,1544,True,True,True,True,Eyes,-0.01131449,0.07567246,-3.19181,0.8751674,-0.2828324,0.3925405,0.0,0.0,0.0,0.0,0.0,0.0,0.0,-2.98249,0.6284915,1.473731,0.1157682,0.07719256,-3.382716,0.1507644,0.4985185,-0.04211827,0.8526286,17.40269,61.35085,4.718517,-0.02059144,0.0239985,-0.9994992,0.0,0.0,0.0,0.8248854,-0.1337423,-2.838452,-0.1415696,0.09157147,0.9212159,0.4994107,0.07849524,-0.8628021,0.2221402,0.9509923,0.2150987,0.8374023,-0.2990856,0.4574988,moving,4.369368729617249,0.5673559357938005,-8.736688483572744,5.676714737158998,0.7091172,-0.21093486,0.5442639999999996,0.076182270033199,0.0098732919053904,0.997045118584064,5.021817396181616,1.4153008980872737,14.021906979726449,14.066779412377851,14.403337528193502
1347,05/05/2023 12:21:44.587647,1545,True,True,True,True,Eyes,-0.005576577,0.07564698,-3.19978,0.8711165,-0.2817115,0.402237,0.0,0.0,0.0,0.0,0.0,0.0,0.0,-2.9685,0.6544766,1.511843,0.1219558,0.0764263,-3.391945,0.1520254,0.4923904,-0.0387519,0.8561183,17.36546,60.57578,5.010609,-0.01888723,0.02396912,-0.9995336,0.0,0.0,0.0,0.8254936,-0.1314356,-2.838086,-0.1401173,0.09028181,0.9195833,0.5121001,0.08335923,-0.8548712,0.2160641,0.9507732,0.2221413,0.831306,-0.2984655,0.4688801,moving,4.517208206611757,0.5590423491493722,-8.66354605247236,5.607151151406681,0.7035378000000001,-0.2078619,0.5538590000000001,0.0787547777586996,0.009726669513966,0.9968465312443257,5.16756380570324,1.4077818780147733,14.070913628921076,14.114378672750416,14.454559910396108
1348,05/05/2023 12:21:44.598248,1546,True,True,True,True,Eyes,0.0001991675,0.07566794,-3.207785,0.8669311,-0.2805147,0.4119976,0.0,0.0,0.0,0.0,0.0,0.0,0.0,-2.954612,0.6882699,1.544927,0.1283894,0.07738461,-3.401143,0.155819,0.4863115,-0.03665113,0.8589985,17.65858,59.86086,5.334325,-0.01717326,0.023936,-0.9995653,0.0,0.0,0.0,0.8261097,-0.1290989,-2.837715,-0.1388768,0.08914774,0.9178216,0.5243156,0.08858659,-0.8469036,0.2145196,0.9487543,0.2320488,0.8240599,-0.3033442,0.4784431,moving,4.633585349863554,0.887454551805318,-8.604231376086835,5.547719697842568,0.6977203,-0.2064835099999999,0.5634279999999996,0.0807735724923442,0.0154377763138577,0.9966129421788416,5.281504049913318,1.7463439084955756,13.991846033868145,14.034167695350568,14.396669969569668
1349,05/05/2023 12:21:44.617889,1547,True,True,True,True,Eyes,0.005984566,0.0756942,-3.21582,0.8627367,-0.2790485,0.4216839,0.0,0.0,0.0,0.0,0.0,0.0,0.0,-2.939114,0.7103165,1.584229,0.135209,0.07852591,-3.410026,0.1557507,0.4802761,-0.03168377,0.8625965,17.4056,59.09116,5.710505,-0.01544993,0.02390094,-0.9995943,0.0,0.0,0.0,0.8267472,-0.126681,-2.837332,-0.1384851,0.08821094,0.9159806,0.5366619,0.09494611,-0.8384386,0.2042673,0.9494757,0.2382662,0.8186995,-0.299134,0.4901532,moving,4.758334180869452,0.6756897470701226,-8.597312852120405,5.500746189534607,0.6915382,-0.20520691,0.5726939999999998,0.0829474369514409,0.011752098727178,0.9964846216962128,5.404969180476783,1.5294275928467638,14.158906993242317,14.200509756441097,14.55456194863977
1350,05/05/2023 12:21:44.637834,1548,True,True,True,True,Eyes,0.01177665,0.07577974,-3.223905,0.8582999,-0.2779719,0.4313384,0.0,0.0,0.0,0.0,0.0,0.0,0.0,-2.924728,0.7217781,1.625339,0.1415379,0.07868373,-3.419138,0.1546596,0.4743035,-0.02831148,0.8662073,17.145,58.29206,5.866204,-0.01371933,0.02386433,-0.9996204,0.0,0.0,0.0,0.82738,-0.1242808,-2.836951,-0.1381543,0.0870876,0.914266,0.5484692,0.09766393,-0.8304476,0.1957584,0.9505578,0.241078,0.812933,-0.2947909,0.5022331,moving,4.899140807518751,0.4472449488457302,-8.592927632089928,5.441241724358015,0.6858421,-0.2029645299999999,0.5821869999999998,0.085399395519081,0.0077773010764312,0.9963163993818038,5.544301940893769,1.2954689739173122,14.34586008196274,14.386657519135976,14.73257247386014
1351,05/05/2023 12:21:44.647969,1549,True,True,True,True,Eyes,0.01760255,0.07594649,-3.232012,0.8538176,-0.2764031,0.4411312,0.0,0.0,0.0,0.0,0.0,0.0,0.0,-2.910109,0.7488642,1.659163,0.1476486,0.08027238,-3.428427,0.1588167,0.4680109,-0.02864452,0.8688627,17.62536,57.54212,5.955149,-0.01198283,0.02382812,-0.9996437,0.0,0.0,0.0,0.8279924,-0.1219582,-2.836582,-0.1376868,0.08667865,0.912752,0.5602906,0.09887953,-0.822373,0.1984321,0.9479135,0.2491678,0.8041761,-0.3027916,0.5114862,moving,5.06547831690993,0.997135183239891,-8.578276521319358,5.424772589554536,0.6803437999999999,-0.20223058,0.5918450000000002,0.0882808783179353,0.0173344670868478,0.9959447304680308,5.706966733301376,1.862155075181316,14.303613604222242,14.344198098447391,14.722785687410042
1352,05/05/2023 12:21:44.667729,1550,True,True,True,True,Eyes,0.02343155,0.0761767,-3.240151,0.849154,-0.2749276,0.4509459,0.0,0.0,0.0,0.0,0.0,0.0,0.0,-2.895835,0.7563218,1.699038,0.1544369,0.08234471,-3.437147,0.1580095,0.4621072,-0.02624305,0.8722394,17.4515,56.75545,6.032436,-0.01024042,0.02379477,-0.9996639,0.0,0.0,0.0,0.8286048,-0.1196355,-2.836213,-0.136687,0.0889897,0.9112244,0.5715367,0.1002542,-0.8144293,0.1918151,0.9486886,0.25139,0.7978426,-0.2998985,0.52298,moving,5.192787037323382,0.8873537559756829,-8.530971000380251,5.577788357243594,0.6741679,-0.20198021,0.6009340000000001,0.0904964381987498,0.0154230797856711,0.9957772988815496,5.8327148660921,1.7501398452759087,14.46066296946436,14.503162118179825,14.864937430136262
1353,05/05/2023 12:21:44.687675,1551,True,True,True,True,Eyes,0.0293007,0.07646292,-3.24835,0.8443626,-0.2732776,0.4608374,0.0,0.0,0.0,0.0,0.0,0.0,0.0,-2.882048,0.7619069,1.738339,0.160491,0.08409382,-3.446113,0.1581995,0.4560978,-0.02616844,0.8753645,17.50777,55.95603,5.928038,-0.008493451,0.02376593,-0.9996809,0.0,0.0,0.0,0.8292069,-0.1173518,-2.835851,-0.1362223,0.0926249,0.9097066,0.5825801,0.09849496,-0.8067831,0.1901227,0.9485763,0.2530936,0.7902238,-0.3008351,0.5338956,moving,5.348385755981469,1.0326028034751058,-8.516370517570191,5.813731392048156,0.6687159,-0.20144562,0.6102620000000001,0.0931964268413632,0.0179429092489294,0.9954860291390166,5.985747792855047,1.900604061045697,14.619969786778066,14.66596935444298,15.020785631857256
1354,05/05/2023 12:21:44.697928,1552,True,True,True,True,Eyes,0.03517094,0.07681261,-3.256564,0.839395,-0.2717045,0.4707363,0.0,0.0,0.0,0.0,0.0,0.0,0.0,-2.867788,0.7680576,1.776648,0.1666761,0.08559025,-3.454778,0.1594478,0.4498644,-0.02780505,0.8783082,17.76452,55.13435,5.701991,-0.00674228,0.02374282,-0.9996949,0.0,0.0,0.0,0.8298534,-0.1148998,-2.835462,-0.1358578,0.09511022,0.9083062,0.5936978,0.09461696,-0.7991061,0.1923026,0.9476066,0.2550716,0.7813723,-0.3051056,0.5443968,moving,5.537585645410005,1.3828472060101091,-8.506819694249483,5.97775007801522,0.6631773,-0.20049005,0.619316,0.0964708606320022,0.0240203328575128,0.9950459095646164,6.171418687279753,2.262126911510011,14.728075419935246,14.776956850035692,15.141219815472867
1355,05/05/2023 12:21:44.722728,1553,True,True,True,True,Eyes,0.04106987,0.07722853,-3.264794,0.8343693,-0.2698732,0.4806209,0.0,0.0,0.0,0.0,0.0,0.0,0.0,-2.854893,0.7641796,1.816132,0.172699,0.08744244,-3.463416,0.1589273,0.4440016,-0.02923132,0.8813344,17.82397,54.32391,5.400699,-0.004988626,0.02372677,-0.9997056,0.0,0.0,0.0,0.8304471,-0.1126475,-2.835104,-0.1354652,0.09676675,0.9071903,0.6040161,0.08960281,-0.7919191,0.1926531,0.9477753,0.2541786,0.7733365,-0.3060937,0.5552093,moving,5.693963605610604,1.5622279478156706,-8.492876992324708,6.088514707297453,0.6577481000000001,-0.20008994,0.6283120000000002,0.0991784063520169,0.0271282308470102,0.9946998668855472,6.325139294748396,2.4476987768142786,14.840513922433455,14.891397448872477,15.25874003067173
1356,05/05/2023 12:21:44.737509,1554,True,True,True,True,Eyes,0.04698166,0.07771327,-3.273001,0.8292238,-0.2679618,0.4904939,0.0,0.0,0.0,0.0,0.0,0.0,0.0,-2.844297,0.7544169,1.852217,0.1787555,0.08930384,-3.471303,0.1580478,0.4387105,-0.03158181,0.8840569,17.88798,53.5719,4.993453,-0.003232181,0.02371907,-0.9997129,0.0,0.0,0.0,0.831078,-0.1102548,-2.834725,-0.1349965,0.1017554,0.9060899,0.6130713,0.08283418,-0.7856731,0.1945147,0.948047,0.2517359,0.7657074,-0.307157,0.5651079,moving,5.788512549496387,1.7700414014831525,-8.474048434112218,6.407564474382854,0.6523224999999999,-0.19955864,0.6365779999999996,0.1008091879061068,0.0307307841050089,0.9944310077752464,6.417847438779235,2.662080661577236,14.941282548718256,14.99757533946176,15.355689879684023
1357,05/05/2023 12:21:44.747754,1555,True,True,True,True,Eyes,0.05287695,0.07823271,-3.281151,0.8241771,-0.2655606,0.5002096,0.0,0.0,0.0,0.0,0.0,0.0,0.0,-2.832922,0.7405077,1.890059,0.1850774,0.09138656,-3.479011,0.155639,0.4335268,-0.03238576,0.8870076,17.7092,52.82163,4.666135,-0.001474353,0.02372095,-0.9997171,0.0,0.0,0.0,0.8316754,-0.1079892,-2.834365,-0.134451,0.1044855,0.9053112,0.6220114,0.07749449,-0.7791639,0.1924001,0.9494553,0.2480257,0.759002,-0.3041861,0.5756621,moving,5.875690667425392,1.7569411734708618,-8.447455515678048,6.583600720054057,0.646598,-0.19937576,0.6446459999999998,0.1023228734885597,0.0304986774295975,0.9942835755482534,6.503810631588541,2.649215871280345,15.055533027353672,15.114534692182003,15.46026337242222
1358,05/05/2023 12:21:44.768357,1556,True,True,True,True,Eyes,0.05875089,0.07873236,-3.289255,0.818999,-0.2631053,0.5099177,0.0,0.0,0.0,0.0,0.0,0.0,0.0,-2.821539,0.7254153,1.927132,0.1922656,0.09271638,-3.486487,0.1524271,0.4284958,-0.03219701,0.8900116,17.39253,52.09126,4.40638,0.0002841213,0.02373251,-0.999718,0.0,0.0,0.0,0.8322906,-0.1056554,-2.833995,-0.1338062,0.1057769,0.9049745,0.6307094,0.07331733,-0.7725478,0.1879402,0.9514586,0.2437312,0.7529171,-0.2989163,0.5863146,moving,5.93294719254316,1.6057435294605096,-8.410606952542693,6.666701097447989,0.640025,-0.19837178,0.6524920000000001,0.1033243447807372,0.0278718596371082,0.9942570396423556,6.560605219574249,2.4941182612433166,15.15041678808135,15.210221465119412,15.541803030135606
1359,05/05/2023 12:21:44.787953,1557,True,True,True,True,Eyes,0.06466259,0.07921212,-3.29732,0.8137204,-0.260633,0.5195475,0.0,0.0,0.0,0.0,0.0,0.0,0.0,-2.805618,0.7234473,1.964124,0.1977429,0.09270189,-3.493559,0.1506673,0.4230778,-0.03114016,0.8929361,17.18284,51.35585,4.314641,0.002040826,0.02375214,-0.9997154,0.0,0.0,0.0,0.832899,-0.1033479,-2.833629,-0.1324606,0.1096071,0.9048226,0.640071,0.07187559,-0.7649465,0.1831003,0.9526594,0.242723,0.7461792,-0.2954219,0.5966092,moving,6.010875341296729,1.54443825864384,-8.328597338490523,6.906960605571583,0.6351560999999999,-0.19604979,0.6599299999999997,0.1046796103849861,0.026804193421083,0.9941447425833436,6.637564213871647,2.43161323212942,15.246281395710712,15.3093802178816,15.620970703652809
1360,05/05/2023 12:21:44.797737,1558,True,True,True,True,Eyes,0.07057979,0.07968628,-3.305329,0.8082501,-0.2583414,0.5291424,0.0,0.0,0.0,0.0,0.0,0.0,0.0,-2.785292,0.7372609,2.000453,0.2033921,0.09261404,-3.500467,0.1512993,0.416944,-0.02975179,0.8957574,17.20938,50.583,4.374827,0.003796758,0.02377841,-0.9997097,0.0,0.0,0.0,0.8335838,-0.1007509,-2.833217,-0.1313348,0.1124476,0.9049584,0.6505451,0.07286587,-0.7559641,0.1794674,0.9524467,0.2462452,0.7379584,-0.2958645,0.6065325,moving,6.143112540941606,1.688519330445032,-8.257569772975373,7.08310817182018,0.6301917,-0.1933649399999999,0.6672500000000001,0.106966311684071,0.0292969022680976,0.9938310129312372,6.767572214730912,2.5807133494833145,15.312003410052752,15.37794654282068,15.68523034217031
1361,05/05/2023 12:21:44.818339,1559,True,True,True,True,Eyes,0.07650689,0.08016375,-3.313272,0.8027532,-0.2560416,0.5385445,0.0,0.0,0.0,0.0,0.0,0.0,0.0,-2.764259,0.7584951,2.033796,0.2095778,0.09298475,-3.507164,0.152906,0.4108658,-0.02767946,0.8983557,17.30589,49.84869,4.560707,0.005550882,0.02381049,-0.9997007,0.0,0.0,0.0,0.834152,-0.09859539,-2.832875,-0.1294344,0.1106792,0.9057038,0.6608462,0.07591568,-0.746672,0.1753797,0.9517072,0.2519828,0.7297426,-0.297473,0.6156181,moving,6.257762132841153,1.891701214736496,-8.133086988601088,6.967139093365791,0.6245742,-0.19158014,0.6742889999999999,0.1089428534280972,0.0328139419985946,0.9935063560030736,6.880104677797146,2.7904721401084465,15.195938680851649,15.25963984161946,15.583339528176923
1362,05/05/2023 12:21:44.837774,1560,True,True,True,True,Eyes,0.08243587,0.08066187,-3.321137,0.7971358,-0.2536951,0.5479172,0.0,0.0,0.0,0.0,0.0,0.0,0.0,-2.742806,0.7786444,2.066763,0.2158837,0.09353146,-3.513607,0.1536525,0.4050139,-0.02420764,0.900982,17.24662,49.14703,4.855755,0.007303522,0.02384788,-0.9996886,0.0,0.0,0.0,0.834751,-0.09632374,-2.832514,-0.1276188,0.1140359,0.9064167,0.6707555,0.08084151,-0.7372596,0.1680841,0.9516097,0.2572674,0.7223814,-0.2964852,0.6247093,moving,6.331389655906917,1.9331762168495727,-8.01427140043286,7.1706834131822434,0.6188673,-0.1898552,0.6810929999999997,0.1102168334433872,0.033528366253666,0.993341856433908,6.952582319675092,2.833639909730428,15.205529603367522,15.271852303339635,15.582575417110704
1363,05/05/2023 12:21:44.847978,1561,True,True,True,True,Eyes,0.0883977,0.08116429,-3.328926,0.7914945,-0.251088,0.5572175,0.0,0.0,0.0,0.0,0.0,0.0,0.0,-2.722821,0.7897325,2.099681,0.2219739,0.0945141,-3.519643,0.1528369,0.3996352,-0.02031447,0.903615,17.00459,48.48287,5.126296,0.009053972,0.0238907,-0.9996732,0.0,0.0,0.0,0.835362,-0.09400632,-2.832146,-0.1263911,0.1210865,0.9068104,0.6797581,0.08544511,-0.7284423,0.1588709,0.9524564,0.2599747,0.716023,-0.2924483,0.6338652,moving,6.357088343771581,1.813824183044648,-7.934758645501405,7.605721089376012,0.6133881000000001,-0.18852042,0.687497,0.110669824058788,0.0314574872232806,0.9933592935694988,6.978194999927487,2.711073358282756,15.348266723936748,15.420861199633508,15.695660637329263
1364,05/05/2023 12:21:44.868528,1562,True,True,True,True,Eyes,0.09433988,0.08162229,-3.336634,0.7857053,-0.2484342,0.5665224,0.0,0.0,0.0,0.0,0.0,0.0,0.0,-2.701827,0.7854891,2.138198,0.2283847,0.09497632,-3.525276,0.1496959,0.393934,-0.01688362,0.9067095,16.54471,47.72699,5.226608,0.01080222,0.02393852,-0.9996547,0.0,0.0,0.0,0.8359962,-0.09160092,-2.831765,-0.1249033,0.1193966,0.9080611,0.6890619,0.08732353,-0.7194222,0.1485577,0.9546121,0.2581593,0.7093126,-0.2847635,0.6448143,moving,6.440654739452682,1.488777941197222,-7.8318568934582595,7.490577947161814,0.6076115,-0.18657724,0.693511,0.1121366510743448,0.0258172845975558,0.9933573572392412,7.061333128469196,2.377367306688178,15.414125939823816,15.483093735528914,15.746492691488234
1365,05/05/2023 12:21:44.887746,1563,True,True,True,True,Eyes,0.1002794,0.08209215,-3.344247,0.7798465,-0.2459746,0.5756178,0.0,0.0,0.0,0.0,0.0,0.0,0.0,-2.681959,0.7782676,2.17562,0.2339716,0.09432286,-3.531046,0.1475954,0.388167,-0.01667438,0.9095406,16.34574,46.9468,5.037061,0.0125476,0.02398954,-0.9996331,0.0,0.0,0.0,0.8365925,-0.08933924,-2.831406,-0.1232742,0.1180364,0.9097428,0.6980967,0.08425129,-0.7110294,0.1449154,0.9558751,0.2555431,0.7011852,-0.2814329,0.655084,moving,6.571282176206104,1.441198856269187,-7.716831537741255,7.392656801223413,0.6026209,-0.1836621,0.69964,0.1144035051206435,0.0249858794303753,0.993120064709928,7.190205983611413,2.329346261135266,15.411649352220495,15.478050431926151,15.743471068617112
1366,05/05/2023 12:21:44.898510,1564,True,True,True,True,Eyes,0.106227,0.08262293,-3.351763,0.7738743,-0.2435321,0.5846457,0.0,0.0,0.0,0.0,0.0,0.0,0.0,-2.663465,0.7837463,2.20599,0.2401534,0.0950876,-3.536663,0.1487696,0.3825319,-0.0182864,0.9117032,16.57425,46.22578,4.816415,0.01428909,0.02404379,-0.9996085,0.0,0.0,0.0,0.83725,-0.08684549,-2.83101,-0.1214468,0.1272829,0.9107333,0.7066699,0.08047473,-0.702952,0.1471618,0.9550663,0.2572772,0.6920702,-0.2852578,0.663074,moving,6.681857968668223,1.829649718694048,-7.59561341535454,7.956050117054556,0.5970966000000001,-0.18193309,0.7056529999999999,0.1162977311551702,0.0317113326360855,0.9927079830292458,7.298286309041509,2.7296136710647407,15.460600709194011,15.536375734469758,15.784292411265556
1367,05/05/2023 12:21:44.917826,1565,True,True,True,True,Eyes,0.1121692,0.08317701,-3.359159,0.7680266,-0.2408977,0.593383,0.0,0.0,0.0,0.0,0.0,0.0,0.0,-2.646509,0.7805136,2.23643,0.2463963,0.09705633,-3.54185,0.1477493,0.377519,-0.0178606,0.9139642,16.47282,45.57039,4.71997,0.01602696,0.02410281,-0.9995807,0.0,0.0,0.0,0.8378224,-0.08467412,-2.830666,-0.1201009,0.1250983,0.9125006,0.7143209,0.07890838,-0.6953554,0.1442042,0.9557023,0.2565897,0.6847998,-0.2835605,0.6712992,moving,6.722417996347034,1.8916124547909072,-7.498019822622349,7.806241283221995,0.5914261,-0.18173045,0.7111840000000003,0.1169964036394831,0.032782173582935,0.9925911119350485,7.338120721212394,2.793621138735964,15.328807935414844,15.401418309405235,15.660058331606692
1368,05/05/2023 12:21:44.937910,1566,True,True,True,True,Eyes,0.1181037,0.0837411,-3.366464,0.7620702,-0.2384079,0.6020055,0.0,0.0,0.0,0.0,0.0,0.0,0.0,-2.629984,0.765236,2.26974,0.2528139,0.09812351,-3.546911,0.1445274,0.3725976,-0.01713209,0.9165093,16.12228,44.8929,4.5553,0.01776081,0.02416685,-0.9995499,0.0,0.0,0.0,0.8384503,-0.08229267,-2.830288,-0.1182601,0.1269267,0.9145811,0.7217551,0.07629771,-0.6879304,0.1391046,0.9576366,0.2521547,0.6780261,-0.2776882,0.6805657,moving,6.762343434552317,1.702180195792458,-7.367761632223018,7.901111566640638,0.5856364000000001,-0.1804161799999999,0.7166230000000002,0.1177000913072308,0.029497809113861,0.9926109541529607,7.37792198025456,2.599080869098162,15.357708153789975,15.43005571404704,15.669930271605311
1369,05/05/2023 12:21:44.948055,1567,True,True,True,True,Eyes,0.124068,0.0843311,-3.373686,0.7561744,-0.2361321,0.6102802,0.0,0.0,0.0,0.0,0.0,0.0,0.0,-2.616476,0.7592353,2.295958,0.2586693,0.09891011,-3.552058,0.1443798,0.36804,-0.01957469,0.9183235,16.23533,44.27862,4.200341,0.01948995,0.0242357,-0.999516,0.0,0.0,0.0,0.8390549,-0.07999945,-2.829924,-0.1158028,0.1317689,0.9160693,0.7283269,0.07032327,-0.6816119,0.1422268,0.9575427,0.2507661,0.6703071,-0.2795832,0.6874021,moving,6.790113410482466,1.9898597314109367,-7.204699327096589,8.185373458221818,0.5803856000000001,-0.17890956,0.722134,0.1181623277298377,0.0344793665957223,0.992395511861291,7.40461725139109,2.8951341123330474,15.228561949790384,15.304874187624248,15.537656297758186
1370,05/05/2023 12:21:44.968378,1568,True,True,True,True,Eyes,0.1300385,0.08494364,-3.380808,0.7502193,-0.2339332,0.6184224,0.0,0.0,0.0,0.0,0.0,0.0,0.0,-2.603332,0.760623,2.318741,0.2650431,0.100075,-3.556991,0.1449163,0.3637483,-0.02081879,0.9199202,16.36578,43.72604,4.011538,0.02121501,0.02430966,-0.9994791,0.0,0.0,0.0,0.8396763,-0.07764265,-2.82955,-0.113898,0.133147,0.9182581,0.7345075,0.06712286,-0.6752727,0.1437294,0.9571317,0.2514773,0.6632048,-0.2817685,0.6933729,moving,6.766732948245017,2.2763323874812254,-7.070684180869639,8.250361287158974,0.5746332000000001,-0.17771765,0.7274410000000002,0.1177357237078532,0.0394427968277515,0.9922613416423532,7.380895878592351,3.1895894607739854,14.994862057870854,15.07193199624058,15.312072939147445
1371,05/05/2023 12:21:44.987630,1569,True,True,True,True,Eyes,0.1359901,0.08557685,-3.387805,0.7443987,-0.2318844,0.626179,0.0,0.0,0.0,0.0,0.0,0.0,0.0,-2.591033,0.7607026,2.340446,0.2712519,0.1012202,-3.561739,0.1447289,0.3598367,-0.02095143,0.9214838,16.36819,43.22457,3.917122,0.02293597,0.02438888,-0.9994391,0.0,0.0,0.0,0.8402814,-0.07534755,-2.829185,-0.1125711,0.1342234,0.9199752,0.7401571,0.06554472,-0.669232,0.1427703,0.9572292,0.2516524,0.6571028,-0.2818088,0.6991422,moving,6.7084358962383055,2.4174104442350317,-6.976214574644444,8.300825244785885,0.5690295,-0.17656775,0.7325540000000004,0.1167144175739097,0.0418909801509098,0.9922816284092076,7.32309947808507,3.334272480982743,14.818387531959052,14.895778872740166,15.137272830144417
1372,05/05/2023 12:21:44.997915,1570,True,True,True,True,Eyes,0.1419562,0.08621982,-3.394696,0.7385472,-0.2298568,0.633809,0.0,0.0,0.0,0.0,0.0,0.0,0.0,-2.579087,0.7634106,2.360556,0.2775728,0.1024152,-3.566395,0.1452638,0.3559536,-0.02167205,0.9228899,16.47241,42.73172,3.791542,0.0246521,0.0244735,-0.9993963,0.0,0.0,0.0,0.8409883,-0.07266638,-2.82876,-0.1113808,0.1317153,0.9220649,0.7456547,0.06341253,-0.6633083,0.1434162,0.9568575,0.2526966,0.6507156,-0.2835535,0.7043909,moving,6.651962072078702,2.662506416263679,-6.887670902103423,8.129599528347217,0.5634155000000001,-0.17508158,0.737635,0.1157146265799485,0.0461407332409129,0.9922102204404736,7.266855151262809,3.5859438388966853,14.52685245583103,14.601738532508763,14.865914530216418
1373,05/05/2023 12:21:45.018106,1571,True,True,True,True,Eyes,0.1479042,0.08684555,-3.401459,0.7328512,-0.2278864,0.6410905,0.0,0.0,0.0,0.0,0.0,0.0,0.0,-2.56913,0.7571244,2.380794,0.2839737,0.1032646,-3.57079,0.1443307,0.3524625,-0.02232207,0.9243596,16.41319,42.26561,3.61456,0.02636371,0.02456327,-0.9993504,0.0,0.0,0.0,0.8415101,-0.0706874,-2.828446,-0.1108636,0.1269322,0.9234902,0.7505439,0.06047505,-0.6580477,0.1430095,0.9573408,0.2510915,0.6451607,-0.2825622,0.7098778,moving,6.575783987309878,2.747052555972331,-6.845511982990704,7.8261718167643055,0.5575364,-0.173952,0.7423440000000001,0.1143874247377779,0.0476121672768002,0.992294674189938,7.191566449165687,3.6723627858734793,14.280061026151046,14.350213865575476,14.63877386858682
1374,05/05/2023 12:21:45.037772,1572,True,True,True,True,Eyes,0.1538742,0.08745726,-3.408123,0.7271631,-0.2259484,0.6482139,0.0,0.0,0.0,0.0,0.0,0.0,0.0,-2.559885,0.7561648,2.39857,0.29053,0.1035278,-3.575305,0.1439111,0.3491909,-0.02242515,0.9256633,16.38485,41.84393,3.525089,0.02807013,0.02465719,-0.9993015,0.0,0.0,0.0,0.8421217,-0.06836756,-2.828078,-0.1081864,0.1260693,0.9254378,0.7551257,0.0589886,-0.6529209,0.1420212,0.9575734,0.2507651,0.640012,-0.2820877,0.7147107,moving,6.4696401967304045,2.853133182805949,-6.667780385739579,7.757460950163866,0.5515916999999999,-0.17189536,0.7472270000000001,0.1125388286756959,0.0494597828072804,0.9924156667154842,7.086689515228586,3.780719578412178,13.955159941235769,14.022990066686344,14.317818066815931
1375,05/05/2023 12:21:45.048140,1573,True,True,True,True,Eyes,0.1598454,0.08805786,-3.414661,0.7216025,-0.2239841,0.6550732,0.0,0.0,0.0,0.0,0.0,0.0,0.0,-2.552269,0.7579015,2.413296,0.2971005,0.1037972,-3.579588,0.1435711,0.3463896,-0.02168721,0.9267856,16.32847,41.49494,3.54056,0.02977243,0.02475449,-0.9992499,0.0,0.0,0.0,0.8428134,-0.06574441,-2.827662,-0.1041834,0.1296024,0.9267974,0.7590879,0.05926427,-0.648285,0.1396618,0.9578341,0.2510948,0.6358303,-0.2811436,0.7188032,moving,6.312603703175439,2.9253490789497145,-6.413822972037256,7.960561589982885,0.5457129000000001,-0.16954161,0.7519260000000001,0.1098113994847317,0.0507261560504126,0.9926571694461556,6.9317269419199885,3.853893809300173,13.617966606877628,13.686318020228455,13.963109351674564
1376,05/05/2023 12:21:45.067735,1574,True,True,True,True,Eyes,0.1658548,0.08863964,-3.4211,0.7160518,-0.2219076,0.661836,0.0,0.0,0.0,0.0,0.0,0.0,0.0,-2.543432,0.7593279,2.42931,0.3040145,0.1041752,-3.583838,0.1427294,0.3434474,-0.01997595,0.9280481,16.1791,41.13396,3.639396,0.03146992,0.0248545,-0.9991953,0.0,0.0,0.0,0.8433642,-0.06365506,-2.82733,-0.1006692,0.1333845,0.9276152,0.7632897,0.06096277,-0.6431737,0.1351173,0.9584586,0.251198,0.6317691,-0.2786408,0.7233444,moving,6.170502574004394,2.900758926864246,-6.19376962099714,8.182639322114346,0.5393497,-0.16783026,0.7565080000000002,0.1073513913860759,0.0503137243841263,0.9929472604439128,6.791714409886187,3.8276135023200735,13.376470062922683,13.44520313798997,13.696315030233524
1377,05/05/2023 12:21:45.087655,1575,True,True,True,True,Eyes,0.1719155,0.08917119,-3.427447,0.7105463,-0.2196459,0.6684905,0.0,0.0,0.0,0.0,0.0,0.0,0.0,-2.533635,0.7570426,2.447029,0.3110248,0.1042824,-3.587863,0.1409056,0.3404317,-0.01749246,0.929487,15.89348,40.75926,3.780838,0.0331637,0.02495641,-0.9991381,0.0,0.0,0.0,0.8439718,-0.06135069,-2.826964,-0.0974611,0.134835,0.9285913,0.7676005,0.06341947,-0.6377833,0.1284555,0.9596792,0.2500299,0.6279241,-0.2738498,0.7285037,moving,6.041767821252297,2.745054888940605,-5.991591573264024,8.261824208536632,0.5329470000000001,-0.1656330899999999,0.7608990000000002,0.1051339833674971,0.047626503362734,0.9933169061983548,6.6651861926907765,3.6665843487649337,13.171144526756336,13.23769171884699,13.465149564175007
1378,05/05/2023 12:21:45.097952,1576,True,True,True,True,Eyes,0.1780263,0.08964878,-3.433704,0.7050548,-0.2173347,0.6750284,0.0,0.0,0.0,0.0,0.0,0.0,0.0,-2.523418,0.7511546,2.466413,0.3183921,0.103567,-3.59207,0.1383919,0.3372624,-0.01500672,0.9310621,15.53491,40.35537,3.892483,0.0348556,0.02505863,-0.9990779,0.0,0.0,0.0,0.8445867,-0.05901855,-2.826594,-0.09473816,0.1328569,0.9300044,0.7720578,0.06540441,-0.632178,0.1212932,0.9612449,0.2475806,0.6238707,-0.2678254,0.7342036,moving,5.94013314704147,2.519872614759233,-5.816571016214907,8.130049740854233,0.5261946,-0.16258555,0.765476,0.1033902552490894,0.0437302777417751,0.993679073726445,6.565534501459179,3.4342903555580526,12.964932155786112,13.026671876135108,13.24260900485294
1379,05/05/2023 12:21:45.117635,1577,True,True,True,True,Eyes,0.1842008,0.09007884,-3.439855,0.699736,-0.2145647,0.6814187,0.0,0.0,0.0,0.0,0.0,0.0,0.0,-2.515906,0.7482989,2.48176,0.3257788,0.1027249,-3.596135,0.1369346,0.3344936,-0.01367781,0.932296,15.33591,40.00381,3.930404,0.03654642,0.02515955,-0.999015,0.0,0.0,0.0,0.8452213,-0.0566112,-2.826212,-0.09112042,0.1273983,0.9314627,0.7758539,0.06610396,-0.6274401,0.117111,0.9621236,0.2461769,0.6199482,-0.2644775,0.7387258,moving,5.811428037034419,2.4920990409737893,-5.587187234432575,7.788152263325128,0.5194425,-0.1593360999999999,0.7699229999999999,0.1011599436312616,0.0432585657204112,0.99392921638722,6.438734057851788,3.404829524822509,12.51383200858782,12.568874644967169,12.7998555131725
1380,05/05/2023 12:21:45.137800,1578,True,True,True,True,Eyes,0.1904391,0.09044884,-3.445909,0.6944789,-0.211645,0.6876811,0.0,0.0,0.0,0.0,0.0,0.0,0.0,-2.510404,0.737903,2.496834,0.3336484,0.101938,-3.599874,0.1343215,0.3320415,-0.01225978,0.9335716,15.00712,39.67639,3.936527,0.03823728,0.02525794,-0.9989492,0.0,0.0,0.0,0.8458434,-0.05425164,-2.825838,-0.08679581,0.1268621,0.93282,0.7791963,0.06630988,-0.6232625,0.1120914,0.9636148,0.242656,0.6166755,-0.2589391,0.7434123,moving,5.657254854707636,2.3480630973080183,-5.315876623094151,7.744624910912932,0.512195,-0.15618964,0.7740359999999997,0.0984953953466613,0.040770742439915,0.99430188953045,6.287103437743496,3.255622848004575,12.17723459464004,12.22834796025952,12.441072534672864
1381,05/05/2023 12:21:45.147836,1579,True,True,True,True,Eyes,0.1967624,0.09077373,-3.451874,0.6893374,-0.2084758,0.6937952,0.0,0.0,0.0,0.0,0.0,0.0,0.0,-2.507614,0.7240558,2.51003,0.3414688,0.100806,-3.603591,0.1312854,0.3300544,-0.01109588,0.934722,14.64061,39.39875,3.906688,0.03993035,0.02535239,-0.9988806,0.0,0.0,0.0,0.8464442,-0.05197306,-2.825476,-0.0833168,0.1317422,0.9331151,0.7818819,0.06591955,-0.6199316,0.1074058,0.965282,0.2381063,0.6141047,-0.2527552,0.7476565,moving,5.462890879896352,2.187563672302415,-5.102345066431038,8.036210605661829,0.5049754,-0.15277906,0.7781150000000001,0.0951322854244103,0.037997794254385,0.994739164640244,6.095895153248515,3.0892042863865274,12.024993516469983,12.076045774700546,12.242281467953534
1382,05/05/2023 12:21:45.167924,1580,True,True,True,True,Eyes,0.2031678,0.09104549,-3.45773,0.684274,-0.2050816,0.6997932,0.0,0.0,0.0,0.0,0.0,0.0,0.0,-2.505266,0.711784,2.5222,0.3496056,0.09994056,-3.607253,0.1285816,0.3281108,-0.009992753,0.935794,14.31243,39.13181,3.886454,0.0416264,0.02544199,-0.998809,0.0,0.0,0.0,0.8470511,-0.04967129,-2.825111,-0.08090574,0.1302967,0.9340805,0.7844869,0.06567569,-0.616658,0.1030803,0.9667339,0.2340943,0.6115184,-0.2472092,0.7516202,moving,5.270735785932404,2.07722666434774,-4.950341017116148,7.941058229457213,0.4974454999999999,-0.14961185,0.7821419999999999,0.0918021417368498,0.0360934418392704,0.9951228681572556,5.906745985351752,2.974389893890154,11.735874908381208,11.783672247554724,11.93918475167722
1383,05/05/2023 12:21:45.187648,1581,True,True,True,True,Eyes,0.2096401,0.09126471,-3.463477,0.6792887,-0.2015011,0.7056657,0.0,0.0,0.0,0.0,0.0,0.0,0.0,-2.504426,0.6892706,2.535021,0.3580299,0.09884891,-3.610487,0.1243282,0.3263924,-0.008946302,0.9369796,13.81726,38.87195,3.802274,0.04332788,0.02552578,-0.9987345,0.0,0.0,0.0,0.8476915,-0.04724216,-2.824726,-0.07854843,0.1256452,0.9352038,0.786776,0.06439456,-0.6138704,0.09792458,0.9689249,0.227146,0.6094213,-0.238826,0.7560211,moving,5.067495109262695,1.8161453689584104,-4.801044730740389,7.651903227663193,0.4896616,-0.14609107,0.7857609999999999,0.0882851827471633,0.0315686559591595,0.9955948261585243,5.707024852342486,2.7044675545573043,11.4224591393671,11.46490943527958,11.614501543434065
1384,05/05/2023 12:21:45.198155,1582,True,True,True,True,Eyes,0.2161773,0.09145393,-3.469108,0.6743335,-0.1977908,0.7114444,0.0,0.0,0.0,0.0,0.0,0.0,0.0,-2.504076,0.6671544,2.547132,0.3663424,0.09771498,-3.613809,0.1206195,0.3246655,-0.008930081,0.9380637,13.42051,38.60877,3.629044,0.04503547,0.02560288,-0.998657,0.0,0.0,0.0,0.8482783,-0.04501664,-2.824373,-0.07669228,0.128521,0.935671,0.7890251,0.06156799,-0.6112681,0.09507593,0.9707424,0.2204989,0.6069596,-0.232096,0.7600865,moving,4.878378695540661,1.666798796191595,-4.685774278053913,7.821037399717365,0.4819359,-0.14273162,0.7894359999999998,0.0850052112306833,0.028981743633235,0.9959589231880271,5.52096286046635,2.549555566025517,11.33106480335705,11.373111926444968,11.487645700394488
1385,05/05/2023 12:21:45.217843,1583,True,True,True,True,Eyes,0.222791,0.09162315,-3.474622,0.6691756,-0.193975,0.7173407,0.0,0.0,0.0,0.0,0.0,0.0,0.0,-2.500473,0.6428804,2.562037,0.3745011,0.09709015,-3.616631,0.1169501,0.322357,-0.009575226,0.9393173,13.05462,38.26931,3.378635,0.04674985,0.02567316,-0.9985765,0.0,0.0,0.0,0.8488978,-0.04266686,-2.824,-0.07570463,0.131625,0.9356718,0.7919886,0.057411,-0.6078306,0.0933877,0.972462,0.2135332,0.6033513,-0.2258797,0.7648173,moving,4.7525035739758845,1.5545528374375464,-4.6256900875863725,8.007500215876004,0.4743967,-0.13975701,0.7926310000000001,0.0828214669456978,0.0270355326997725,0.9961975952196692,5.39715100843975,2.433240146538425,11.3413425131778,11.38380631522964,11.468640676069748
1386,05/05/2023 12:21:45.237984,1584,True,True,True,True,Eyes,0.2294789,0.09176709,-3.480013,0.66391,-0.1900099,0.7232702,0.0,0.0,0.0,0.0,0.0,0.0,0.0,-2.489608,0.615715,2.584054,0.3828138,0.09664398,-3.619214,0.1124429,0.3188232,-0.009445345,0.9410736,12.57144,37.78032,3.16696,0.04847195,0.02573679,-0.9984927,0.0,0.0,0.0,0.8495429,-0.04022029,-2.823611,-0.07522312,0.1329234,0.9359119,0.7965251,0.05392124,-0.6021962,0.0894763,0.9745348,0.2056112,0.597948,-0.2176568,0.7714168,moving,4.763719611274143,1.3193475918346946,-4.595221306538945,8.083402960897729,0.4667291,-0.13686427,0.7956029999999998,0.0830249718140296,0.0229454306006539,0.996283289870848,5.408760985866864,2.1914251482896248,11.505170629344471,11.547390187348244,11.610127658688132
1387,05/05/2023 12:21:45.247499,1585,True,True,True,True,Eyes,0.2362601,0.09189576,-3.485285,0.658397,-0.186117,0.7292968,0.0,0.0,0.0,0.0,0.0,0.0,0.0,-2.472232,0.5944482,2.610275,0.3914008,0.09609289,-3.621658,0.1085849,0.3141851,-0.008887897,0.9430897,12.14553,37.17155,3.017775,0.05020311,0.02579381,-0.9984056,0.0,0.0,0.0,0.850131,-0.03798955,-2.823257,-0.07490236,0.1355551,0.9358445,0.8024174,0.05146737,-0.5945396,0.08499569,0.9762607,0.1992257,0.5906793,-0.2103955,0.778994,moving,4.884696521261762,1.1246799180752427,-4.576038286291804,8.24185117711856,0.4587302,-0.13408244,0.7984010000000001,0.0851345134926572,0.0195568462641891,0.9961775013343794,5.528467810579295,1.9920658102194813,11.795727510591163,11.838903235917076,11.881113609170272
1388,05/05/2023 12:21:45.268375,1586,True,True,True,True,Eyes,0.2431451,0.09200947,-3.490437,0.6527907,-0.1820951,0.7353269,0.0,0.0,0.0,0.0,0.0,0.0,0.0,-2.453733,0.5782356,2.635895,0.4004621,0.09577815,-3.624025,0.1053356,0.3093756,-0.007852346,0.9450553,11.76831,36.55681,2.947189,0.05194424,0.02584451,-0.9983153,0.0,0.0,0.0,0.8507692,-0.03556931,-2.822873,-0.07515574,0.1359411,0.9358325,0.8084502,0.05033473,-0.5864084,0.08001833,0.9776855,0.1942373,0.5830998,-0.2039546,0.7863823,moving,5.013696912076235,0.9796207394801124,-4.591510674173513,8.265101013286024,0.4503071,-0.13134746,0.8011520000000001,0.087381209623621,0.0170313780142181,0.9960293317376552,5.655966565241712,1.8437815170079888,12.012086672759716,12.05563086673463,12.093144084381592
1389,05/05/2023 12:21:45.287728,1587,True,True,True,True,Eyes,0.2501282,0.09208872,-3.495452,0.6470304,-0.1782006,0.7413476,0.0,0.0,0.0,0.0,0.0,0.0,0.0,-2.436539,0.566547,2.6588,0.4099529,0.09548153,-3.626256,0.1021609,0.3049126,-0.005351224,0.9468701,11.34578,36.00239,3.049933,0.0536973,0.02588918,-0.9982213,0.0,0.0,0.0,0.8513586,-0.03333357,-2.822519,-0.07608697,0.1373672,0.9355681,0.8139994,0.05216648,-0.5785185,0.07243413,0.979069,0.1902029,0.5763318,-0.1967296,0.793183,moving,5.077944548280458,0.7709732180826253,-4.649462647355997,8.352916878752472,0.4414056999999999,-0.1288151,0.8037370000000004,0.0885029262865782,0.0134028144639854,0.9959857694733576,5.719787730372599,1.6296492177091348,12.288559746663626,12.333220196821737,12.358142313392245
1390,05/05/2023 12:21:45.297668,1588,True,True,True,True,Eyes,0.2572232,0.09213539,-3.500352,0.6412842,-0.1742969,0.7472451,0.0,0.0,0.0,0.0,0.0,0.0,0.0,-2.424815,0.5579835,2.67556,0.4197875,0.09472467,-3.628292,0.09929384,0.3014392,-0.002450956,0.9482982,10.94099,35.57702,3.223775,0.05546318,0.02592752,-0.9981238,0.0,0.0,0.0,0.8520425,-0.03073958,-2.822107,-0.07778683,0.1388398,0.9351528,0.8182567,0.05521364,-0.5721952,0.06451058,0.9802694,0.1868427,0.5712218,-0.189798,0.7985502,moving,5.022456677951895,0.5825915729237604,-4.754966716971053,8.444872838474867,0.432255,-0.12546425,0.8061850000000002,0.0875416997648079,0.0101289300180294,0.996109396387886,5.665536681381355,1.4355240700133614,12.500337975937232,12.546452683616293,12.558577197796213
1391,05/05/2023 12:21:45.317690,1589,True,True,True,True,Eyes,0.264451,0.09214042,-3.505143,0.635452,-0.1706152,0.7530546,0.0,0.0,0.0,0.0,0.0,0.0,0.0,-2.417616,0.5576262,2.686534,0.4296406,0.0939832,-3.630407,0.09779599,0.2987707,0.0002815918,0.9493009,10.69071,35.26242,3.440584,0.05724376,0.02595933,-0.9980224,0.0,0.0,0.0,0.8526067,-0.02859958,-2.821767,-0.07950354,0.1382959,0.9348199,0.8214719,0.05897179,-0.5671915,0.05790252,0.9808717,0.1858439,0.5673017,-0.1855074,0.802344,moving,4.865803026480089,0.5401455549320213,-4.861131136414288,8.415217457605557,0.4229661,-0.12258278,0.80864,0.0848184982764999,0.0093932072251149,0.9963521522856992,5.511221659822815,1.3907786905041752,12.468669137654372,12.51519099660728,12.52710830648336
1392,05/05/2023 12:21:45.337947,1590,True,True,True,True,Eyes,0.2717822,0.09208689,-3.509819,0.6296698,-0.1669742,0.7587065,0.0,0.0,0.0,0.0,0.0,0.0,0.0,-2.413347,0.5547919,2.695056,0.4396219,0.09295718,-3.632279,0.0959386,0.2966063,0.002955586,0.9501641,10.40247,35.0048,3.64495,0.0590409,0.02598415,-0.9979171,0.0,0.0,0.0,0.8532104,-0.02630994,-2.821404,-0.08093497,0.1359577,0.9345825,0.824032,0.06252857,-0.5630822,0.0512954,0.9815741,0.1840681,0.5642163,-0.1805615,0.8056411,moving,4.6584594663413545,0.463068339945854,-4.949473850579798,8.276999125520895,0.4135885,-0.11926712,0.8108750000000002,0.08121327077853,0.0080552823563527,0.9966641915487592,5.307022701270909,1.310063903062768,12.338633183658809,12.384260048309743,12.3989478550421
1393,05/05/2023 12:21:45.347950,1591,True,True,True,True,Eyes,0.2792507,0.09201983,-3.514404,0.6237601,-0.1637313,0.7642744,0.0,0.0,0.0,0.0,0.0,0.0,0.0,-2.409372,0.5578076,2.702154,0.4494905,0.09150089,-3.634205,0.09509306,0.2945014,0.005204743,0.950894,10.24055,34.76078,3.840276,0.06085537,0.02600109,-0.9978076,0.0,0.0,0.0,0.8538249,-0.02397914,-2.821034,-0.08238873,0.1332347,0.934298,0.8264837,0.06590838,-0.5590891,0.04611175,0.9818605,0.1839124,0.5610689,-0.1777812,0.8084525,moving,4.441521801847128,0.4919881651126746,-5.03944933736479,8.115892001171193,0.4043344,-0.11548003,0.8131710000000001,0.0774387247791076,0.0085609227545066,0.9969603372016548,5.093116976802359,1.3382932349518706,12.121357702696976,12.16604797968663,12.190354594795531
1394,05/05/2023 12:21:45.368087,1592,True,True,True,True,Eyes,0.2868303,0.09192669,-3.518871,0.6178818,-0.1604595,0.7697238,0.0,0.0,0.0,0.0,0.0,0.0,0.0,-2.406292,0.5684136,2.70692,0.4595305,0.09110168,-3.636108,0.09560765,0.2925587,0.00734138,0.9514278,10.23186,34.5496,4.073783,0.06268892,0.02601062,-0.997694,0.0,0.0,0.0,0.854441,-0.02164241,-2.820663,-0.08461839,0.1331586,0.9334962,0.8287111,0.06991128,-0.555293,0.0419721,0.9816106,0.1862231,0.5581006,-0.177632,0.8105373,moving,4.209889212289833,0.6759472558220853,-5.179520327800828,8.118192286344597,0.3949105,-0.11274409,0.815445,0.0734052470156207,0.0117654042977266,0.9972327427287052,4.864360998154734,1.5258678371478682,11.935220920373531,11.981152807884662,12.014087303384963
1395,05/05/2023 12:21:45.387637,1593,True,True,True,True,Eyes,0.2945512,0.09176871,-3.523249,0.6118161,-0.1574206,0.7751773,0.0,0.0,0.0,0.0,0.0,0.0,0.0,-2.39946,0.5725362,2.716058,0.4698419,0.09038638,-3.637754,0.09431435,0.2900516,0.01116535,0.952287,9.971108,34.26597,4.424336,0.06454257,0.02601284,-0.9975756,0.0,0.0,0.0,0.8550429,-0.01935953,-2.820301,-0.08765307,0.1307278,0.9324839,0.8314908,0.0759773,-0.5503186,0.03344682,0.9819602,0.1861057,0.5545308,-0.1731516,0.8139497,moving,4.023656685165172,0.5828496065402361,-5.369998486882882,7.980460718598319,0.385201,-0.10974591,0.817453,0.0701647374821822,0.0101473985057845,0.9974838203582458,4.681009140875847,1.428824298725801,11.910685835356654,11.95681427708026,11.997778715723346
1396,05/05/2023 12:21:45.407941,1594,True,True,True,True,Eyes,0.302375,0.09162333,-3.527533,0.6058368,-0.1548594,0.7803718,0.0,0.0,0.0,0.0,0.0,0.0,0.0,-2.397202,0.5723711,2.722188,0.4801781,0.08861148,-3.639515,0.09307406,0.2881609,0.01312959,0.9529577,9.777608,34.04097,4.578449,0.06641766,0.0260067,-0.9974527,0.0,0.0,0.0,0.8556351,-0.0171134,-2.819945,-0.0915634,0.1279902,0.9314554,0.8335818,0.0786645,-0.5467663,0.02861673,0.9823296,0.1849581,0.5516544,-0.1698244,0.816601,moving,3.793161105168623,0.5483938622463397,-5.614219835685471,7.823949916552101,0.375457,-0.10572488,0.8195699999999997,0.066151777856694,0.0095501665636078,0.9977637720637316,4.453888579688458,1.3917814557299644,11.845864067365383,11.892541026445528,11.94736783446958
1397,05/05/2023 12:21:45.417913,1595,True,True,True,True,Eyes,0.3102998,0.09152617,-3.531685,0.5998482,-0.1523305,0.7854792,0.0,0.0,0.0,0.0,0.0,0.0,0.0,-2.396994,0.6060989,2.71959,0.4905039,0.08887474,-3.641513,0.0978528,0.2867165,0.01378095,0.9529054,10.28744,33.92423,4.802526,0.06831481,0.02599347,-0.9973249,0.0,0.0,0.0,0.8562642,-0.01472741,-2.819566,-0.09579754,0.1257662,0.9302197,0.8352076,0.08237589,-0.5437302,0.02984812,0.9804698,0.1943913,0.5491243,-0.1785865,0.816437,moving,3.5187019029308426,1.219308920206131,-5.879807945723796,7.699731558164887,0.3657603,-0.1036021499999999,0.8219470000000002,0.0613604930671096,0.0212392518762811,0.9978896742508296,4.181770563813449,2.079859772991682,11.367315884803924,11.416123025871196,11.524683118653094
1398,05/05/2023 12:21:45.437797,1596,True,True,True,True,Eyes,0.3183139,0.09144583,-3.535741,0.5939465,-0.149754,0.7904437,0.0,0.0,0.0,0.0,0.0,0.0,0.0,-2.397916,0.6027496,2.722973,0.5010438,0.0898758,-3.642632,0.09564625,0.2855383,0.01776997,0.9534171,9.917703,33.79237,5.154885,0.07023408,0.02597532,-0.997192,0.0,0.0,0.0,0.8568836,-0.01237795,-2.819193,-0.1004282,0.1208188,0.9288109,0.8363042,0.08850573,-0.5410749,0.02073695,0.9810721,0.1925295,0.5478735,-0.1722335,0.8186393,moving,3.1979262949388927,1.008934342420702,-6.171163540990502,7.411363646729657,0.3558397999999999,-0.10225375,0.823439,0.0557767449995724,0.01758090423975,0.9982884426714084,3.866074616744543,1.861266345602099,11.299930763436658,11.34772864278969,11.469513062335112
1399,05/05/2023 12:21:45.448580,1597,True,True,True,True,Eyes,0.3263538,0.09140904,-3.539663,0.5879239,-0.1475115,0.7953527,0.0,0.0,0.0,0.0,0.0,0.0,0.0,-2.395894,0.6036181,2.728805,0.5112457,0.09019578,-3.644383,0.09430655,0.2838003,0.02093759,0.954005,9.674671,33.59453,5.441317,0.07217517,0.02595329,-0.997054,0.0,0.0,0.0,0.8574911,-0.01007376,-2.818828,-0.1050545,0.1173539,0.9273794,0.838038,0.09347758,-0.5375447,0.01357933,0.9813358,0.191822,0.5454429,-0.1680536,0.8211273,moving,2.945295576052395,0.90601600090275,-6.462973713355244,7.212079170913365,0.3462453999999999,-0.10026954,0.825555,0.05137606356106,0.0157914217916706,0.99855455700303,3.61729655244544,1.753659838987554,11.278231607206834,11.326162797972454,11.46325391129093
1400,05/05/2023 12:21:45.468189,1598,True,True,True,True,Eyes,0.3344838,0.09143301,-3.543487,0.5818973,-0.145232,0.8001895,0.0,0.0,0.0,0.0,0.0,0.0,0.0,-2.389664,0.6211574,2.734348,0.5214046,0.09155849,-3.645922,0.0965748,0.2813195,0.02202132,0.9544882,9.902319,33.33077,5.614364,0.07413664,0.02592908,-0.9969108,0.0,0.0,0.0,0.8581058,-0.007742368,-2.818458,-0.1081632,0.1136536,0.9259197,0.8407488,0.09637494,-0.5327788,0.01229857,0.9803767,0.1967491,0.5412857,-0.171969,0.8230653,moving,2.8040714992287685,1.2742243444799837,-6.662925044421129,6.997863692046154,0.3367012,-0.099300858,0.827464,0.0489086783692452,0.02221096472565,0.9985562836954508,3.4772229791811373,2.13135321311154,11.015073259857507,11.06273342978519,11.24746754528082
1401,05/05/2023 12:21:45.488084,1599,True,True,True,True,Eyes,0.3426306,0.09145404,-3.5472,0.5755761,-0.1430641,0.8051366,0.0,0.0,0.0,0.0,0.0,0.0,0.0,-2.380552,0.6167383,2.747279,0.5317779,0.09302852,-3.647395,0.09517449,0.2782016,0.02388822,0.9554973,9.705644,32.95464,5.74133,0.07611856,0.02590468,-0.996762,0.0,0.0,0.0,0.8587503,-0.005298011,-2.81807,-0.1088472,0.1079632,0.9247894,0.8440664,0.09860566,-0.5270947,0.007305135,0.9807423,0.1951694,0.5361889,-0.1685865,0.8270913,moving,2.7136740920291733,1.2065821288297158,-6.712797374032629,6.658771094255629,0.3269723999999999,-0.098326531,0.8293249999999999,0.0473343711887893,0.0210336726321638,0.9986576841837972,3.3882767567321643,2.061157230663277,10.845619134356037,10.889661556503462,11.098186871462488
1402,05/05/2023 12:21:45.498276,1600,True,True,True,True,Eyes,0.350835,0.09149489,-3.550843,0.5691937,-0.1412655,0.8099769,0.0,0.0,0.0,0.0,0.0,0.0,0.0,-2.368709,0.6148683,2.762238,0.5418206,0.0931683,-3.649185,0.09482541,0.2745146,0.02382434,0.9565994,9.691295,32.50602,5.684826,0.07811952,0.02588009,-0.9966078,0.0,0.0,0.0,0.8593387,-0.003066194,-2.817716,-0.1075976,0.1031336,0.9235302,0.8481482,0.09764262,-0.5206828,0.006481235,0.980881,0.1945001,0.5297194,-0.1683396,0.8312997,moving,2.707566686347599,1.3001706747477888,-6.645391358032634,6.3720040243382,0.3175181,-0.0962344939999999,0.8314690000000002,0.0472262322220181,0.0226649940892366,0.9986270420815756,3.3820361022641787,2.1573643396796367,10.599166091051472,10.639610787334018,10.877154459830631
1403,05/05/2023 12:21:45.517646,1601,True,True,True,True,Eyes,0.3590789,0.09153911,-3.554404,0.5623542,-0.1395792,0.8150309,0.0,0.0,0.0,0.0,0.0,0.0,0.0,-2.355876,0.6261797,2.775156,0.5515152,0.09370755,-3.651135,0.09787007,0.2705618,0.02075513,0.95749,10.14781,32.038,5.404053,0.08013844,0.02585594,-0.9964481,0.0,0.0,0.0,0.8599818,-0.0006269681,-2.817328,-0.1064076,0.09920673,0.9219803,0.8527312,0.09270545,-0.5140578,0.01321413,0.9799814,0.1986503,0.5221829,-0.1761881,0.8344356,moving,2.731146398285306,1.867549920816364,-6.583493648083846,6.141498749145515,0.3084666,-0.0943345181,0.8338070000000002,0.047624194298199,0.0325521451330736,0.998334744086257,3.403941926160881,2.741041222759154,10.21007575091067,10.24837342121178,10.550449314529065
1404,05/05/2023 12:21:45.537768,1602,True,True,True,True,Eyes,0.3673663,0.09157284,-3.557912,0.555459,-0.1380842,0.8199987,0.0,0.0,0.0,0.0,0.0,0.0,0.0,-2.341188,0.6149563,2.794169,0.5610694,0.09382877,-3.652822,0.09759697,0.2661495,0.01736276,0.9588211,10.24827,31.47309,4.96967,0.08217398,0.02583232,-0.9962829,0.0,0.0,0.0,0.8606123,0.001764494,-2.816949,-0.1062518,0.09482037,0.9200954,0.857726,0.08524632,-0.5069903,0.01865521,0.9803467,0.1963983,0.5137686,-0.1779139,0.8392786,moving,2.8063698244468758,2.067756208389647,-6.587287734213272,5.883841969375287,0.2995428999999999,-0.092064276,0.8358729999999999,0.0489290025158382,0.0360381011434756,0.998151803560514,3.477618643092024,2.9474648679836526,10.103267526488514,10.139196855006332,10.48449573730172
1405,05/05/2023 12:21:45.547990,1603,True,True,True,True,Eyes,0.375776,0.09166097,-3.561404,0.5486764,-0.1369835,0.8247362,0.0,0.0,0.0,0.0,0.0,0.0,0.0,-2.328238,0.6103673,2.810702,0.5705113,0.09356613,-3.655003,0.09856864,0.2620182,0.01324959,0.9599246,10.50339,30.9483,4.496863,0.08422568,0.02580891,-0.9961122,0.0,0.0,0.0,0.8612055,0.004014207,-2.816592,-0.1082663,0.09121574,0.9175478,0.8623418,0.07709078,-0.5004235,0.02621634,0.9802173,0.1961802,0.5056475,-0.1822936,0.8432614,moving,2.860993749260793,2.404824272374568,-6.729514649067043,5.677264407348644,0.2906941999999999,-0.0895519229999999,0.8384109999999998,0.0498691655229966,0.0419075725736978,0.9978761909529008,3.530667739230961,3.294498249072733,10.098288173587047,10.133445404963997,10.53322919176097
1406,05/05/2023 12:21:45.573045,1604,True,True,True,True,Eyes,0.3842358,0.09179131,-3.564818,0.5418832,-0.1355728,0.8294472,0.0,0.0,0.0,0.0,0.0,0.0,0.0,-2.315677,0.6176983,2.824059,0.5799266,0.0948222,-3.657037,0.1008561,0.2581697,0.01067279,0.9607614,10.85281,30.48451,4.238359,0.08629458,0.0257872,-0.9959356,0.0,0.0,0.0,0.8618069,0.006295247,-2.81623,-0.111953,0.09032276,0.9146857,0.8664689,0.072584,-0.4939262,0.03156798,0.9794283,0.1993081,0.4982319,-0.1882865,0.8463528,moving,2.86946052459768,2.848774956311461,-6.978012971840249,5.639521614417607,0.2818803000000001,-0.0885269529999999,0.8408069999999999,0.0499988916038372,0.0496378592120389,0.9975150314161456,3.537967431162741,3.7511315376314434,10.198284962673013,10.235282173578709,10.684187424341047
1407,05/05/2023 12:21:45.587937,1605,True,True,True,True,Eyes,0.3842358,0.09179131,-3.564818,0.5418832,-0.1355728,0.8294472,0.0,0.0,0.0,0.0,0.0,0.0,0.0,-2.305,0.5840058,2.843932,0.5896767,0.0958524,-3.658569,0.0962136,0.2545648,0.009857833,0.9622071,10.37768,29.99759,3.961484,0.08837964,0.02576825,-0.9957533,0.0,0.0,0.0,0.8624313,0.008663641,-2.815854,-0.1165765,0.08922563,0.9115216,0.8701992,0.06795574,-0.4879912,0.03001463,0.9812915,0.1901737,0.491785,-0.1801359,0.8518794,moving,3.303142524867729,2.351799520320244,-7.288119133894027,5.590670733344691,0.2727545999999999,-0.087188759,0.8427150000000001,0.0575704134935827,0.0409670619054033,0.997500572159704,3.9666230600502974,3.243049088260004,11.038067648511072,11.075428220114802,11.496980005228368
1408,05/05/2023 12:21:45.597799,1606,True,True,True,True,Eyes,0.3842358,0.09179131,-3.564818,0.5418832,-0.1355728,0.8294472,0.0,0.0,0.0,0.0,0.0,0.0,0.0,-2.29683,0.5669886,2.858163,0.598594,0.09643818,-3.66038,0.09474766,0.2514669,0.007387034,0.9631888,10.30014,29.58916,3.606033,0.09025594,0.02575109,-0.9955854,0.0,0.0,0.0,0.8630234,0.01090927,-2.815498,-0.1212636,0.09050938,0.9082339,0.8734197,0.06188201,-0.4830204,0.03342158,0.9819366,0.186235,0.48582,-0.1788046,0.8555745,moving,3.687355034578629,2.266094366490682,-7.604916583559361,5.690979331322115,0.2644294,-0.08552891,0.8448820000000001,0.0642619855624855,0.0394587704664839,0.9971526697425828,4.345547041899311,3.157586252275544,11.759842445905392,11.80022183351369,12.216041149094574
1409,05/05/2023 12:21:45.617655,1607,True,True,True,True,Eyes,0.3842358,0.09179131,-3.564818,0.5418832,-0.1355728,0.8294472,0.0,0.0,0.0,0.0,0.0,0.0,0.0,-2.287525,0.5502583,2.873048,0.6079014,0.09664418,-3.662114,0.09305766,0.2481905,0.00539017,0.9642161,10.18225,29.16305,3.295873,0.09194455,0.02573557,-0.9954312,0.0,0.0,0.0,0.8636562,0.01330957,-2.815117,-0.126426,0.09348805,0.9048055,0.8767448,0.05658665,-0.4776154,0.03579749,0.9826224,0.182131,0.4796219,-0.1767798,0.8594834,moving,4.08948885393702,2.1401596406507237,-7.954283781427689,5.899091331130007,0.2557547999999999,-0.08333461,0.846997,0.0712649684221352,0.0372491971998278,0.9967616794970005,4.742231028026734,3.0308749068057064,12.571643956468144,12.616735978296813,13.016457035747443
1410,05/05/2023 12:21:45.638317,1608,True,True,True,True,Eyes,0.3842358,0.09179131,-3.564818,0.5418832,-0.1355728,0.8294472,0.0,0.0,0.0,0.0,0.0,0.0,0.0,-2.277914,0.5375212,2.887668,0.6168154,0.09777486,-3.664209,0.09165281,0.2449942,0.004377784,0.9651728,10.06565,28.75933,3.106586,0.0934638,0.02572154,-0.9952902,0.0,0.0,0.0,0.8642834,0.01568823,-2.814739,-0.130621,0.09300987,0.9015565,0.8799173,0.05335946,-0.472121,0.03645818,0.9831612,0.1790667,0.4737259,-0.1747765,0.8631552,moving,4.475150777434919,2.011458325485197,-8.243870704315166,5.890131898372096,0.247468,-0.08208663,0.8494700000000002,0.0779789408141008,0.0349924831352856,0.9963407324020526,5.122685024101673,2.90120343820637,13.25067318379188,13.29727852375182,13.69666037327573
1411,05/05/2023 12:21:45.647740,1609,True,True,True,True,Eyes,0.3842358,0.09179131,-3.564818,0.5418832,-0.1355728,0.8294472,0.0,0.0,0.0,0.0,0.0,0.0,0.0,-2.264444,0.5155424,2.906415,0.6260143,0.09927252,-3.665923,0.08860836,0.2411788,0.00408387,0.9664186,9.746869,28.27611,2.944922,0.09483096,0.02570887,-0.9951611,0.0,0.0,0.0,0.8649289,0.01813651,-2.814351,-0.1359945,0.09440146,0.8980476,0.8836322,0.05063437,-0.4654356,0.03484746,0.9842638,0.1732354,0.4668831,-0.1692956,0.8679627,moving,4.930260246171988,1.67565643159094,-8.611075376846568,6.000811113904209,0.2389145999999999,-0.08113601,0.851572,0.0859066436241073,0.0291334532184142,0.9958771684373184,5.572082141460073,2.5590268612966365,14.165303459503106,14.215299275117909,14.594787974842102
1412,05/05/2023 12:21:45.668153,1610,True,True,True,True,Eyes,0.3842358,0.09179131,-3.564818,0.5418832,-0.1355728,0.8294472,0.0,0.0,0.0,0.0,0.0,0.0,0.0,-2.25,0.4878335,2.926809,0.6349357,0.1004729,-3.667895,0.08492715,0.2371908,0.003208819,0.9677383,9.372496,27.76467,2.701214,0.09606152,0.02569741,-0.9950434,0.0,0.0,0.0,0.8655168,0.02036665,-2.813997,-0.1423751,0.1048852,0.8937778,0.8874605,0.04649847,-0.4585322,0.03407729,0.9855542,0.1658967,0.4596223,-0.1628523,0.8730558,moving,5.410537589514011,1.2923932026945264,-9.050935181601382,6.6930720942147,0.2305810999999999,-0.08010625,0.853898,0.0942676398445087,0.0224541662760227,0.9952936584872402,6.046399313502056,2.168214913594659,15.372977728648506,15.437018079895596,15.760832508533582
1413,05/05/2023 12:21:45.687793,1611,True,True,True,True,Eyes,0.3842358,0.09179131,-3.564818,0.5418832,-0.1355728,0.8294472,0.0,0.0,0.0,0.0,0.0,0.0,0.0,-2.233544,0.4748364,2.945925,0.6441702,0.101816,-3.669788,0.08323738,0.2329334,0.002799239,0.9689199,9.206701,27.24205,2.566498,0.09716868,0.02568707,-0.9949362,0.0,0.0,0.0,0.8661768,0.02286958,-2.8136,-0.1491369,0.101447,0.8902659,0.8914684,0.044202,-0.4509215,0.03335305,0.9861274,0.1626048,0.4518535,-0.1599966,0.8776271,moving,5.916708703671673,1.1091183467760704,-9.509858829631192,6.500890299110655,0.2220065999999999,-0.07894642,0.856188,0.1030635038527003,0.0192534804636341,0.994488442262433,6.545768991673825,1.983258499349646,16.277747010365985,16.341670375011727,16.67909415449399
1414,05/05/2023 12:21:45.698305,1612,True,True,True,True,Eyes,0.3842358,0.09179131,-3.564818,0.5418832,-0.1355728,0.8294472,0.0,0.0,0.0,0.0,0.0,0.0,0.0,-2.217833,0.4570076,2.965122,0.6534207,0.103273,-3.671779,0.08062743,0.2288269,0.002933208,0.970118,8.922239,26.73695,2.470915,0.09816515,0.02567774,-0.9948386,0.0,0.0,0.0,0.866733,0.02497925,-2.813265,-0.1549475,0.1002547,0.8873116,0.8952593,0.04259057,-0.4435053,0.03120834,0.9869812,0.1577787,0.4444512,-0.1550939,0.8822749,moving,6.40171153599143,0.8056140313445579,-9.905441321895626,6.44634109400528,0.2133123,-0.07829375,0.858514,0.111487735878924,0.013972500689945,0.9936675994028288,7.024556186669837,1.67450633140349,17.189512472199365,17.255174184166528,17.589633954167656
1415,05/05/2023 12:21:45.717955,1613,True,True,True,True,Eyes,0.3842358,0.09179131,-3.564818,0.5418832,-0.1355728,0.8294472,0.0,0.0,0.0,0.0,0.0,0.0,0.0,-2.202817,0.4481333,2.982394,0.6627982,0.1047244,-3.673912,0.07948904,0.2248274,0.002722912,0.9711471,8.810488,26.25284,2.379677,0.09906176,0.02566931,-0.9947499,0.0,0.0,0.0,0.8673581,0.02735044,-2.812889,-0.1591504,0.1052051,0.883942,0.8988904,0.04103133,-0.4362481,0.03045393,0.9873482,0.1556155,0.4371139,-0.1531667,0.8862683,moving,6.874463971095698,0.6763692076136074,-10.206537810767536,6.787307056121331,0.2045599,-0.0773739599999999,0.8610229999999999,0.1196861493073691,0.0117197416604567,0.9927426239712416,7.4908574334512545,1.5448832263637833,18.066396407249663,18.141228824430254,18.45754062817979
1416,05/05/2023 12:21:45.738060,1614,True,True,True,True,Eyes,0.3842358,0.09179131,-3.564818,0.5418832,-0.1355728,0.8294472,0.0,0.0,0.0,0.0,0.0,0.0,0.0,-2.190865,0.4324737,2.997958,0.6722541,0.1060426,-3.6758,0.07767441,0.2212902,0.001786811,0.972108,8.639969,25.81426,2.194139,0.09986891,0.02566171,-0.9946694,0.0,0.0,0.0,0.867963,0.02964458,-2.812525,-0.1625432,0.1032337,0.8814586,0.902055,0.03785111,-0.4299583,0.03090322,0.987927,0.1518066,0.4305135,-0.150225,0.8899947,moving,7.299376484347476,0.5040267283066298,-10.44811519269913,6.679873874344847,0.1957089,-0.07639802,0.8632750000000002,0.1270489805021981,0.008725527205137,0.9918580875600423,7.910103952862648,1.3706033888334035,18.716723267786573,18.79134238946401,19.11053540026532
1417,05/05/2023 12:21:45.748518,1615,True,True,True,True,Eyes,0.3966278,0.0923873,-3.569095,0.5296236,-0.1324882,0.8378221,0.0,0.0,0.0,0.0,0.0,0.0,0.0,-2.177876,0.4227891,3.013557,0.6814412,0.1066334,-3.678,0.07660088,0.2176386,0.0008948535,0.9730185,8.550359,25.36806,2.033186,0.1005944,0.02565487,-0.9945965,0.0,0.0,0.0,0.8685961,0.03204564,-2.812144,-0.1646473,0.1049685,0.879221,0.9052653,0.03508403,-0.4233956,0.03160119,0.9882631,0.1494577,0.4236698,-0.1486786,0.8935315,moving,6.896644037251403,0.6361565043951845,-10.606646204941908,6.80820772936923,0.1871549,-0.07458776,0.865856,0.1200714046850963,0.0110224724131283,0.9927041427048946,7.512815295970476,1.5036817638099456,18.48126993572969,18.559617065719948,18.87995976696822
1418,05/05/2023 12:21:45.768119,1616,True,True,True,True,Eyes,0.4088905,0.09296507,-3.573288,0.5174468,-0.1294837,0.8458622,0.0,0.0,0.0,0.0,0.0,0.0,0.0,-2.164552,0.4218309,3.027922,0.6907943,0.1071517,-3.680063,0.07677171,0.2139533,5.311717e-05,0.9738225,8.598026,24.92614,1.909972,0.1015762,0.02566134,-0.9944965,0.0,0.0,0.0,0.8692021,0.03434428,-2.811779,-0.1660793,0.1127614,0.8767385,0.908448,0.03295457,-0.4166968,0.03274766,0.9882122,0.1495468,0.4167131,-0.1495013,0.8966602,moving,6.5085739379071255,0.8929422590636044,-10.72636272268238,7.328841796671433,0.1784078,-0.07280742,0.8682840000000001,0.1133383099467133,0.0154837350100925,0.9934358369987114,7.129685729012677,1.7650629086690182,18.306514573899776,18.3973868946846,18.70278326409903
1419,05/05/2023 12:21:45.787892,1617,True,True,True,True,Eyes,0.4210243,0.09351373,-3.577394,0.5053158,-0.1266295,0.853593,0.0,0.0,0.0,0.0,0.0,0.0,0.0,-2.149045,0.4196974,3.044035,0.7000214,0.1072896,-3.682275,0.07651829,0.2099615,-0.0003600449,0.9747107,8.587383,24.44933,1.821525,0.102784,0.02567931,-0.994372,0.0,0.0,0.0,0.8698272,0.03671509,-2.811403,-0.1666307,0.115022,0.8749767,0.9118321,0.03142991,-0.4093585,0.03283366,0.9882896,0.1490152,0.4092483,-0.1493176,0.9001223,moving,6.164090225323724,1.074442516153571,-10.782305563121756,7.489001468769111,0.1698058,-0.07057451,0.8708720000000003,0.107357600105074,0.0186430867851352,0.9940457125624006,6.789697087240231,1.9493217928244475,18.024736519345293,18.11979295619083,18.42453060613494
1420,05/05/2023 12:21:45.808029,1618,True,True,True,True,Eyes,0.4330479,0.09403241,-3.581417,0.4932695,-0.1238548,0.861014,0.0,0.0,0.0,0.0,0.0,0.0,0.0,-2.133259,0.4204438,3.059811,0.7094104,0.1071901,-3.684461,0.07661181,0.2059287,-0.000686192,0.9755632,8.613132,23.97071,1.75117,0.1041908,0.02570683,-0.9942247,0.0,0.0,0.0,0.8704371,0.03902842,-2.811036,-0.1679071,0.1199739,0.8732841,0.9151858,0.03021429,-0.401898,0.03289198,0.9882603,0.1491967,0.4016877,-0.1497619,0.903448,moving,5.835716699102121,1.2835509427481206,-10.883492920000256,7.822465666729694,0.1610266999999999,-0.06816168,0.8734250000000001,0.1016512073120405,0.0222842840289616,0.9945704409676628,6.465523360127212,2.1620862183753395,17.848329913141324,17.95241978271978,18.249061931712557
1421,05/05/2023 12:21:45.818152,1619,True,True,True,True,Eyes,0.4448766,0.09450231,-3.585335,0.4813353,-0.1211402,0.8681251,0.0,0.0,0.0,0.0,0.0,0.0,0.0,-2.117385,0.4202825,3.075513,0.7188784,0.1071066,-3.686527,0.07644889,0.2019071,-0.0007049094,0.9764162,8.602386,23.49493,1.709396,0.1057728,0.02574213,-0.9940568,0.0,0.0,0.0,0.8710501,0.04135339,-2.810667,-0.1696757,0.1255097,0.8714421,0.9184661,0.02949457,-0.3943985,0.03224771,0.9883102,0.1490072,0.394183,-0.1495765,0.9067782,moving,5.518108738877338,1.4481229539740494,-11.018024206712264,8.19568282813525,0.1521717,-0.06575321,0.8758599999999999,0.0961299123910406,0.0251547813079996,0.9950507953130724,6.152066299027826,2.329122927049589,17.744899040433552,17.859822424918004,18.14465577100685
1422,05/05/2023 12:21:45.838419,1620,True,True,True,True,Eyes,0.4566101,0.09492354,-3.589189,0.4694281,-0.1184146,0.8749944,0.0,0.0,0.0,0.0,0.0,0.0,0.0,-2.097879,0.4189562,3.093876,0.7282415,0.1064776,-3.688768,0.07543493,0.1974034,0.0006789683,0.9774156,8.464377,22.96964,1.802368,0.1075068,0.02578312,-0.9938696,0.0,0.0,0.0,0.8716717,0.0437111,-2.810293,-0.172103,0.1186181,0.870703,0.9220629,0.03110949,-0.3857878,0.02845495,0.9886183,0.1477306,0.3859926,-0.1471945,0.9106829,moving,5.2571668652706105,1.470487340953562,-11.18094933500987,7.75779295293333,0.1434302,-0.0627665,0.8784749999999999,0.0915962552014594,0.0255541504251466,0.9954682667083106,5.894800641509166,2.350303555665332,17.49408708021689,17.599485108160295,17.911509675126652
1423,05/05/2023 12:21:45.848062,1621,True,True,True,True,Eyes,0.4681909,0.09526921,-3.592953,0.4575885,-0.1157784,0.8815941,0.0,0.0,0.0,0.0,0.0,0.0,0.0,-2.076052,0.4146143,3.114094,0.7377632,0.1055871,-3.691075,0.07404686,0.1925112,0.001817228,0.9784954,8.291497,22.39528,1.856979,0.1093735,0.02582787,-0.9936647,0.0,0.0,0.0,0.8723074,0.04612192,-2.80991,-0.1748412,0.1181277,0.8696125,0.9258723,0.032066,-0.3764735,0.0249534,0.9890276,0.1456087,0.3770118,-0.1442093,0.914913,moving,5.053579116881527,1.4541344126062463,-11.36812254176452,7.735679621015379,0.1345442,-0.05946518,0.8811650000000002,0.0880591317188317,0.0252781269986185,0.9957944747838212,5.6941607373111705,2.3320659170413585,17.475470678603333,17.582095881062248,17.8975012713284
1424,05/05/2023 12:21:45.867515,1622,True,True,True,True,Eyes,0.4797103,0.09555822,-3.59666,0.4457521,-0.1131948,0.8879707,0.0,0.0,0.0,0.0,0.0,0.0,0.0,-2.052776,0.4183713,3.134115,0.7478312,0.1041947,-3.693439,0.07375259,0.1873506,0.002967882,0.979516,8.242994,21.79579,1.936883,0.1113552,0.02587397,-0.9934434,0.0,0.0,0.0,0.8729151,0.04842708,-2.809544,-0.1775795,0.117387,0.8683997,0.9297819,0.03344937,-0.3665881,0.02182101,0.9891035,0.1455957,0.3674636,-0.1433716,0.9189206,moving,4.8862433356360855,1.5556987984058173,-11.55710925012664,7.698364201852795,0.1250839,-0.05576762,0.8838950000000003,0.0851465290527801,0.0270501373212352,0.99600116471875,5.528976900746917,2.435351328050737,17.445668287848235,17.553238519384795,17.878300938984086
1425,05/05/2023 12:21:45.888384,1623,True,True,True,True,Eyes,0.4910991,0.09580964,-3.600293,0.4339501,-0.1105985,0.8941226,0.0,0.0,0.0,0.0,0.0,0.0,0.0,-2.02892,0.420724,3.154391,0.757982,0.1031206,-3.695746,0.07315537,0.1821324,0.004494451,0.9805386,8.153532,21.19156,2.053004,0.1134378,0.02591971,-0.9932066,0.0,0.0,0.0,0.8734981,0.05063824,-2.809193,-0.1803263,0.11612,0.8678465,0.9336153,0.03546188,-0.356518,0.01783395,0.9892562,0.1451005,0.3578332,-0.1418262,0.9229522,moving,4.731244725258015,1.6137949625218206,-11.73822690306184,7.621051440381135,0.1155161,-0.05248236,0.8865530000000001,0.0824494906883972,0.0280664249440524,0.9961999290298628,5.3760563594954816,2.4940185491346307,17.423525656809222,17.530847843353595,17.865753772482513
1426,05/05/2023 12:21:45.897952,1624,True,True,True,True,Eyes,0.502446,0.0960236,-3.603885,0.4221286,-0.1079541,0.9000852,0.0,0.0,0.0,0.0,0.0,0.0,0.0,-2.005235,0.4214876,3.174661,0.7681084,0.1025402,-3.698187,0.07208432,0.1769969,0.006826442,0.9815444,7.995274,20.60143,2.252323,0.1156071,0.02596412,-0.9929552,0.0,0.0,0.0,0.8741157,0.05298086,-2.808822,-0.1820391,0.1115628,0.8676035,0.937251,0.03891831,-0.3464763,0.01211648,0.9895145,0.1439244,0.3484447,-0.1390914,0.9269519,moving,4.5662399521743415,1.600214823038829,-11.849808372515689,7.327301786217036,0.1060073,-0.04955934,0.8893649999999997,0.0795807337785902,0.0278368192824177,0.9964396761506988,5.213441538248129,2.478901601299487,17.285711505981364,17.386378797275878,17.73870011782966
1427,05/05/2023 12:21:45.918309,1625,True,True,True,True,Eyes,0.5136926,0.096159,-3.607423,0.4102822,-0.1051886,0.9058719,0.0,0.0,0.0,0.0,0.0,0.0,0.0,-1.978918,0.4179334,3.197083,0.7785714,0.1018463,-3.700754,0.07009329,0.1714511,0.009888477,0.9826463,7.721789,19.96426,2.514182,0.1178523,0.02600631,-0.9926902,0.0,0.0,0.0,0.8747367,0.05533607,-2.808448,-0.1833691,0.1062665,0.8679137,0.9410135,0.04346889,-0.3355653,0.004601396,0.9899783,0.1411446,0.3383377,-0.1343631,0.9313829,moving,4.448034919206888,1.472072355985216,-11.929767744952514,6.980495006423863,0.0961653,-0.04651023,0.892306,0.0775294567287371,0.0256123588637807,0.9966610330644964,5.097227624968171,2.3462911500507007,17.18684570076964,17.279326960330728,17.646371205143687
1428,05/05/2023 12:21:45.937861,1626,True,True,True,True,Eyes,0.524909,0.09626038,-3.610939,0.3984012,-0.1026512,0.911449,0.0,0.0,0.0,0.0,0.0,0.0,0.0,-1.951344,0.4116277,3.220271,0.7889226,0.1001389,-3.703364,0.0680089,0.1656996,0.01189114,0.9837566,7.461947,19.29499,2.655257,0.1201628,0.02604436,-0.9924122,0.0,0.0,0.0,0.8753506,0.05766445,-2.808079,-0.1844248,0.1042895,0.8677832,0.9448045,0.04593407,-0.3243988,-0.0008578833,0.9904668,0.1377491,0.3276336,-0.1298677,0.9358369,moving,4.361222632668079,1.3526054471437925,-11.998217717951851,6.852895451941926,0.0864279999999999,-0.04247445,0.8952849999999999,0.0760231483609447,0.0235369143105898,0.9968282496006547,5.011937406798953,2.2228218607072145,17.169476714443633,17.25933019332946,17.629037376678717
1429,05/05/2023 12:21:45.947866,1627,True,True,True,True,Eyes,0.5360376,0.09633352,-3.614408,0.3865661,-0.09999764,0.9168245,0.0,0.0,0.0,0.0,0.0,0.0,0.0,-1.923444,0.4276706,3.24088,0.7995369,0.09947033,-3.706303,0.06944466,0.1599207,0.01343173,0.9845926,7.611387,18.63843,2.813975,0.1225302,0.02607775,-0.9921219,0.0,0.0,0.0,0.8759748,0.06003197,-2.807703,-0.1858205,0.1006003,0.8679737,0.9484899,0.04866083,-0.3130479,-0.004238273,0.989994,0.1410454,0.316779,-0.1324534,0.9392056,moving,4.290240761467709,1.6479933264802016,-12.08378354397434,6.611224251990591,0.0764379,-0.03943836,0.8986000000000001,0.0747781062206754,0.02867842506113,0.9967877528546848,4.941273851953306,2.52611398433574,17.025173581554245,17.10971458485353,17.50830389368227
1430,05/05/2023 12:21:45.967581,1628,True,True,True,True,Eyes,0.5471392,0.09635389,-3.61787,0.3746356,-0.09736152,0.9220461,0.0,0.0,0.0,0.0,0.0,0.0,0.0,-1.893483,0.4216068,3.264956,0.8102401,0.09894531,-3.709001,0.06728476,0.1538509,0.01621844,0.9856671,7.333834,17.93836,3.044416,0.1249458,0.02610618,-0.9918198,0.0,0.0,0.0,0.8765897,0.06236428,-2.807333,-0.1876065,0.09953976,0.867961,0.9521337,0.0526756,-0.301109,-0.01126832,0.9904194,0.1376312,0.3054741,-0.1276503,0.9436053,moving,4.241680856859041,1.508433894637246,-12.196637976302796,6.542230228031322,0.0663496,-0.0365810299999999,0.9016680000000004,0.0739382051017728,0.0262520445859112,0.9969172888814138,4.8937367256789175,2.3822476024521224,17.108126404589097,17.191783839577987,17.58938210680686
1431,05/05/2023 12:21:45.987923,1629,True,True,True,True,Eyes,0.5581673,0.09634571,-3.621315,0.3626665,-0.09486086,0.9270784,0.0,0.0,0.0,0.0,0.0,0.0,0.0,-1.859434,0.4208398,3.290759,0.8208469,0.0977084,-3.712191,0.06597719,0.1471936,0.01851772,0.9867311,7.16644,17.17138,3.233629,0.1274029,0.02612871,-0.9915065,0.0,0.0,0.0,0.8772472,0.06485794,-2.806937,-0.1902187,0.0975467,0.8677226,0.9559823,0.05596686,-0.2880376,-0.01712117,0.9906082,0.1356548,0.2929246,-0.1247521,0.947962,moving,4.265869976409224,1.4700551740822594,-12.364566765955868,6.414085908638189,0.0564002999999999,-0.03285046,0.9052539999999998,0.0743603596519945,0.0255834610868225,0.996903182942052,4.917670610344025,2.3429462812852195,17.268081756697462,17.34978000281388,17.755278274253566
1432,05/05/2023 12:21:45.997846,1630,True,True,True,True,Eyes,0.5691939,0.09634989,-3.624769,0.3505226,-0.09249494,0.9319757,0.0,0.0,0.0,0.0,0.0,0.0,0.0,-1.82098,0.4372559,3.316425,0.8316699,0.09715553,-3.715471,0.06733076,0.1399432,0.02048942,0.9876552,7.311543,16.3485,3.428574,0.1298946,0.02614514,-0.9911828,0.0,0.0,0.0,0.8778044,0.06697141,-2.806602,-0.1925773,0.09724613,0.8677127,0.9599922,0.05931792,-0.2736721,-0.021628,0.9900935,0.1387338,0.2791904,-0.1272644,0.9517649,moving,4.358172186752783,1.7319793825676328,-12.513217822973658,6.394558534735341,0.0461345,-0.03018412,0.908869,0.0759566140630045,0.0301368271925018,0.9966556460752664,5.008036624681819,2.61296187108136,17.42159990337153,17.503812305053035,17.92469890252123
1433,05/05/2023 12:21:46.017965,1631,True,True,True,True,Eyes,0.5802051,0.09634133,-3.628223,0.3382306,-0.0900531,0.9367446,0.0,0.0,0.0,0.0,0.0,0.0,0.0,-1.778615,0.4467827,3.344803,0.8428395,0.09751724,-3.718992,0.06737985,0.1321442,0.02371447,0.9886535,7.294141,15.46462,3.739849,0.1324167,0.0261564,-0.9908487,0.0,0.0,0.0,0.8784478,0.06941198,-2.806214,-0.1948999,0.09953145,0.8673844,0.9639511,0.0646985,-0.258094,-0.02908307,0.9897951,0.1394981,0.2644855,-0.1269632,0.9559957,moving,4.501368255521291,1.822379202828352,-12.66393551553485,6.545999693389973,0.0356083,-0.02810526,0.912778,0.0784434493816961,0.0317031606478319,0.9964143114584262,5.148973380531677,2.706930753601475,17.71629733967996,17.803377322617408,18.221914654174377
1434,05/05/2023 12:21:46.037945,1632,True,True,True,True,Eyes,0.5912263,0.09633464,-3.631702,0.3257859,-0.08787439,0.9413509,0.0,0.0,0.0,0.0,0.0,0.0,0.0,-1.734856,0.444913,3.374593,0.8541705,0.09724973,-3.72243,0.06608834,0.1240953,0.026095,0.9897231,7.142746,14.5389,3.932916,0.1349646,0.02616266,-0.9905047,0.0,0.0,0.0,0.8790633,0.07174625,-2.805844,-0.1966356,0.101353,0.867475,0.9678388,0.06805615,-0.2421908,-0.03525115,0.9899027,0.1372948,0.2490891,-0.1243418,0.9604654,moving,4.6678845943591005,1.7692023270786497,-12.771740946177202,6.664041680483007,0.0248927999999999,-0.02550348,0.916586,0.0813413190158078,0.0307711917451991,0.996211122988918,5.313235468065376,2.653403017893403,18.022638302043624,18.11353061359828,18.524351389065387
1435,05/05/2023 12:21:46.047679,1633,True,True,True,True,Eyes,0.6022665,0.09635652,-3.635187,0.3132588,-0.08563972,0.9457985,0.0,0.0,0.0,0.0,0.0,0.0,0.0,-1.692849,0.4619326,3.400767,0.8656051,0.09734356,-3.726336,0.06793205,0.1163638,0.02728491,0.9905051,7.366983,13.66086,4.039421,0.137535,0.02616442,-0.9901511,0.0,0.0,0.0,0.8796877,0.07411455,-2.805468,-0.1984295,0.1040563,0.8674763,0.97143,0.06986133,-0.2268108,-0.03824202,0.9892815,0.140924,0.2342249,-0.1282241,0.9636894,moving,4.810755872181028,2.103998317141269,-12.884366587943733,6.840113214171309,0.0140825999999999,-0.0232290099999999,0.920868,0.0838087689420998,0.0365842831145613,0.995810082545247,5.453276197866563,2.998715113360818,18.221325151413264,18.317973228408253,18.735674055365365
1436,05/05/2023 12:21:46.068063,1634,True,True,True,True,Eyes,0.6133199,0.09636698,-3.638687,0.3006054,-0.0833194,0.9501022,0.0,0.0,0.0,0.0,0.0,0.0,0.0,-1.651341,0.462198,3.427867,0.8772858,0.09807114,-3.729823,0.06708682,0.1087225,0.02975581,0.9913594,7.269932,12.78763,4.254191,0.1401252,0.02616291,-0.9897879,0.0,0.0,0.0,0.8802656,0.07630633,-2.80512,-0.2003052,0.1061001,0.8674634,0.974588,0.07358509,-0.2115737,-0.0444097,0.9892279,0.1394845,0.2195586,-0.1265441,0.9673575,moving,4.926443927848916,2.11406296421,-13.00222571767252,6.973254362155174,0.0029797999999999,-0.0217648099999999,0.924703,0.0858187376982474,0.0367528942188787,0.9956326071381828,5.567287331517012,3.009872696515929,18.47426427758956,18.57549289521293,18.987764721302653
1437,05/05/2023 12:21:46.087779,1635,True,True,True,True,Eyes,0.6243428,0.09635069,-3.642208,0.2879563,-0.08107034,0.9542058,0.0,0.0,0.0,0.0,0.0,0.0,0.0,-1.61158,0.4503885,3.455242,0.888816,0.09780502,-3.733521,0.06445087,0.1013418,0.03224147,0.9922382,6.970969,11.9346,4.451739,0.1427325,0.0261581,-0.9894153,0.0,0.0,0.0,0.8809217,0.07879503,-2.804725,-0.2011334,0.1075772,0.868091,0.9773806,0.07704558,-0.1969544,-0.05091931,0.9896131,0.134436,0.2052664,-0.1213664,0.9711518,moving,5.008899625379857,1.9207237492496356,-13.045033434830184,7.064299447663914,-0.0078943,-0.01900999,0.9287960000000002,0.0872617947308832,0.0333888217587656,0.9956256853119814,5.649020289657388,2.811610963373598,18.668388600154174,18.77234321835884,19.17167191453169
1438,05/05/2023 12:21:46.098306,1636,True,True,True,True,Eyes,0.6353912,0.096382,-3.645754,0.2751884,-0.07906432,0.9581337,0.0,0.0,0.0,0.0,0.0,0.0,0.0,-1.568564,0.4680949,3.479988,0.9004557,0.09730317,-3.737584,0.06603889,0.09366444,0.03430403,0.9928188,7.163615,11.0703,4.652921,0.1453536,0.02614959,-0.9890339,0.0,0.0,0.0,0.8815132,0.0810384,-2.804369,-0.2015142,0.1084197,0.8689942,0.9801004,0.08048636,-0.1814528,-0.05574438,0.9889242,0.1375554,0.1905144,-0.1247032,0.9737316,moving,5.13819157237293,2.2019507884985354,-13.055766455468287,7.111735143066458,-0.0189424999999999,-0.0162647699999999,0.933215,0.0894926080919904,0.038267663708904,0.99525206268486,5.775801965876947,3.1017362005716884,18.73907674461542,18.844789495433687,19.253780426882827
1439,05/05/2023 12:21:46.118010,1637,True,True,True,True,Eyes,0.6463983,0.09642331,-3.6493,0.2625354,-0.07676348,0.9618641,0.0,0.0,0.0,0.0,0.0,0.0,0.0,-1.526988,0.4845932,3.50352,0.9122682,0.09856891,-3.741554,0.06743401,0.08625831,0.03717781,0.9932925,7.328016,10.24316,4.944709,0.1479867,0.02613901,-0.9886437,0.0,0.0,0.0,0.8821134,0.08331477,-2.804008,-0.2019,0.1117752,0.869654,0.9823546,0.08549037,-0.1663454,-0.06222339,0.9881409,0.1403772,0.1763736,-0.1275496,0.9760243,moving,5.245453738162457,2.465315454461076,-13.070320356782911,7.323978973213615,-0.0301547999999999,-0.01525414,0.9375459999999998,0.091338694205095,0.0428347904151292,0.9948982051721073,5.88091076059229,3.3733375300842314,18.836854893572685,18.949253069330428,19.35863447344212
1440,05/05/2023 12:21:46.137942,1638,True,True,True,True,Eyes,0.6574238,0.09648286,-3.652879,0.249794,-0.0747442,0.9654099,0.0,0.0,0.0,0.0,0.0,0.0,0.0,-1.4833,0.4717188,3.530893,0.9241819,0.09899874,-3.745129,0.06474087,0.07843164,0.03997697,0.9940116,7.032679,9.341665,5.181444,0.1506285,0.0261268,-0.9882449,0.0,0.0,0.0,0.882726,0.08563823,-2.803639,-0.2022091,0.1143753,0.8704885,0.9845006,0.0896306,-0.1507476,-0.06931968,0.988421,0.1349773,0.1611002,-0.1224354,0.9793142,moving,5.380040627406395,2.2515480329309194,-13.077524933777276,7.485333232202723,-0.0414558999999999,-0.01336051,0.94149,0.0936897468969066,0.039114008114317,0.9948328194140345,6.014078080301878,3.1544302598267704,19.068384003127743,19.18526085195377,19.576670457545404
1441,05/05/2023 12:21:46.147686,1639,True,True,True,True,Eyes,0.6685122,0.09665371,-3.656476,0.2370082,-0.07286572,0.9687712,0.0,0.0,0.0,0.0,0.0,0.0,0.0,-1.443392,0.4888111,3.552518,0.9357961,0.09954993,-3.749276,0.06686553,0.07129519,0.04069276,0.9943793,7.306492,8.536305,5.232819,0.1532775,0.02611361,-0.9878379,0.0,0.0,0.0,0.8833326,0.0879388,-2.803274,-0.2026402,0.1157476,0.871721,0.9865223,0.09046245,-0.136347,-0.07139368,0.9877462,0.1387818,0.1472308,-0.127177,0.980892,moving,5.46467492309212,2.622863389608733,-13.086554503983088,7.563522590059189,-0.0524634999999999,-0.0116111299999999,0.946002,0.0951331681295716,0.0455540644355018,0.9944216638342284,6.09662799515156,3.5368940194113265,19.07778352094809,19.197870366032188,19.601230278762184
1442,05/05/2023 12:21:46.167710,1640,True,True,True,True,Eyes,0.6796207,0.09687491,-3.660078,0.2241366,-0.0707789,0.9719841,0.0,0.0,0.0,0.0,0.0,0.0,0.0,-1.404258,0.5073094,3.572811,0.9477428,0.1023683,-3.753077,0.06921554,0.06431526,0.04223571,0.99463,7.599915,7.757009,5.379064,0.1559336,0.02610247,-0.9874222,0.0,0.0,0.0,0.8839447,0.09026068,-2.802906,-0.2026327,0.1157418,0.8734491,0.9881594,0.09292103,-0.1220931,-0.07511458,0.9868507,0.1431205,0.1337865,-0.1322549,0.9821455,moving,5.529938636896986,3.019233978206177,-13.061084779310066,7.548357163052958,-0.0637980999999999,-0.01210762,0.950171,0.0962333346926957,0.0524267309814532,0.9939771335247618,6.16002509954586,3.9449903655384992,19.014141171703947,19.134761782825404,19.555953498934347
1443,05/05/2023 12:21:46.187686,1641,True,True,True,True,Eyes,0.6907794,0.09713495,-3.663712,0.2114335,-0.06891669,0.9749597,0.0,0.0,0.0,0.0,0.0,0.0,0.0,-1.366767,0.4782338,3.598157,0.9594872,0.1037119,-3.756611,0.06549435,0.05725241,0.04192592,0.9953266,7.214009,6.916036,5.26056,0.1585959,0.02609451,-0.9869983,0.0,0.0,0.0,0.8845801,0.09267066,-2.802523,-0.2021968,0.1166108,0.8753498,0.9899287,0.09095939,-0.1084779,-0.07596055,0.9879054,0.1351772,0.1194615,-0.1255758,0.9848653,moving,5.5885815530854375,2.74412019373454,-13.006610238938173,7.588050919218642,-0.0749071,-0.0110412399999999,0.954088,0.0972739488198131,0.0476485824823407,0.994116413291381,6.21847825329548,3.662462776785433,19.09520683922074,19.215744134834623,19.62178049510867
1444,05/05/2023 12:21:46.197993,1642,True,True,True,True,Eyes,0.7019324,0.09748704,-3.667346,0.1987801,-0.06727842,0.9777321,0.0,0.0,0.0,0.0,0.0,0.0,0.0,-1.335674,0.5041593,3.61379,0.971001,0.1047782,-3.760832,0.07010642,0.0513192,0.03865719,0.9954683,7.79388,6.234426,4.872822,0.1612636,0.0260904,-0.9865661,0.0,0.0,0.0,0.8851877,0.09497502,-2.802158,-0.2020206,0.1227122,0.8769059,0.9917439,0.08415962,-0.09675303,-0.0697684,0.9871814,0.1435451,0.1075935,-0.1356097,0.9849029,moving,5.569523848445016,3.4597865481499674,-12.973380417832349,7.966109790777602,-0.0858132999999999,-0.00980318,0.9586740000000002,0.0968782860282406,0.0600641130836262,0.993482195784013,6.198006545798386,4.398345920815435,18.948423846039887,19.08261637709497,19.500538893606965
1445,05/05/2023 12:21:46.217701,1643,True,True,True,True,Eyes,0.7131194,0.09792923,-3.670984,0.1864282,-0.06523973,0.9803001,0.0,0.0,0.0,0.0,0.0,0.0,0.0,-1.307365,0.5134504,3.629502,0.9821277,0.1073188,-3.764309,0.0722667,0.04580622,0.03657993,0.9956613,8.07997,5.593475,4.603493,0.1639351,0.02609218,-0.9861257,0.0,0.0,0.0,0.8858043,0.09731388,-2.801787,-0.201309,0.1223936,0.879343,0.9931274,0.07946295,-0.08592792,-0.06622189,0.9868789,0.1472575,0.09650196,-0.1405551,0.9853587,moving,5.505846197986606,3.8956284567923234,-12.894586955235695,7.923950336421658,-0.0963234,-0.01000492,0.962522,0.0957276610659257,0.0676271623129489,0.9931076296203089,6.134211877729675,4.846136764380013,18.70212686291847,18.836223543802586,19.276102339677177
1446,05/05/2023 12:21:46.237795,1644,True,True,True,True,Eyes,0.7242804,0.09839238,-3.674613,0.1741316,-0.06316014,0.9826947,0.0,0.0,0.0,0.0,0.0,0.0,0.0,-1.282814,0.4845097,3.648984,0.9931591,0.1097029,-3.767896,0.06905551,0.04067467,0.03504376,0.9961671,7.743057,4.97193,4.366188,0.16661,0.02610164,-0.9856771,0.0,0.0,0.0,0.8864203,0.09965032,-2.801416,-0.1995416,0.124352,0.8823459,0.994235,0.07543649,-0.07619759,-0.06420125,0.9880065,0.1404324,0.08587745,-0.1347309,0.9871538,moving,5.375279280135127,3.709827071167527,-12.743026054262227,8.022054995016383,-0.1067387999999999,-0.01005258,0.9664799999999998,0.0934841731194059,0.0644201093783753,0.9935344230047234,6.005948596543395,4.654141680366489,18.48994324168463,18.62440060398384,19.049065345878468
1447,05/05/2023 12:21:46.247997,1645,True,True,True,True,Eyes,0.7354897,0.0988884,-3.678222,0.1618336,-0.06056856,0.9849575,0.0,0.0,0.0,0.0,0.0,0.0,0.0,-1.256435,0.4710354,3.666238,1.0038,0.1106072,-3.771201,0.06767749,0.03548444,0.03374103,0.9965051,7.61335,4.356237,4.168505,0.1692863,0.02611852,-0.9852206,0.0,0.0,0.0,0.887035,0.1019817,-2.801046,-0.1968161,0.1304426,0.8851606,0.9952047,0.07204919,-0.06615383,-0.0624432,0.9885626,0.1372765,0.07528786,-0.1324873,0.9883212,moving,5.263159357332401,3.755863903463148,-12.53582363555803,8.38311417173085,-0.116765,-0.0086255,0.970155,0.0915349605075093,0.0652302522438903,0.993663074966948,5.895322413162095,4.7007056822838,18.2472150377967,18.3906291525436,18.795405740563385
1448,05/05/2023 12:21:46.268003,1646,True,True,True,True,Eyes,0.746653,0.099369,-3.68181,0.1495434,-0.0579375,0.9870563,0.0,0.0,0.0,0.0,0.0,0.0,0.0,-1.227201,0.4519704,3.684531,1.014388,0.1116434,-3.774205,0.06533674,0.02995915,0.03324166,0.9968594,7.369709,3.704324,4.058446,0.1719644,0.02614292,-0.984756,0.0,0.0,0.0,0.8876643,0.1043683,-2.800667,-0.1933621,0.1335821,0.8889003,0.9959949,0.07018938,-0.05538631,-0.06235965,0.9892522,0.1322549,0.06407391,-0.1282713,0.9896671,moving,5.186228162687991,3.678871755702632,-12.27233805439766,8.546338965286735,-0.1267237000000001,-0.0072751,0.973538,0.0902084567314273,0.0639027150434159,0.99387071548754,5.819671999745767,4.6209878128883535,17.979357025122987,18.124397131842507,18.512947076812544
1449,05/05/2023 12:21:46.287748,1647,True,True,True,True,Eyes,0.7578493,0.09983667,-3.685374,0.1373055,-0.05519786,0.9889895,0.0,0.0,0.0,0.0,0.0,0.0,0.0,-1.195394,0.438564,3.702408,1.024559,0.1117193,-3.777158,0.06343522,0.02423596,0.03344062,0.9971312,7.174144,3.037544,4.03206,0.1746419,0.02617365,-0.9842839,0.0,0.0,0.0,0.8882565,0.1066145,-2.800311,-0.1897016,0.1346708,0.8929891,0.9965886,0.06976418,-0.04409022,-0.06361452,0.9897154,0.1281274,0.05257547,-0.1248855,0.9907772,moving,5.1383764061331405,3.64684099134975,-11.993302823259413,8.576092957519755,-0.1363025,-0.0051047999999999,0.9768469999999998,0.0893815064646202,0.0633518224802963,0.9939805471334032,5.772579529618147,4.587712571750478,17.684168212125446,17.826720342362222,18.208068373055816
1450,05/05/2023 12:21:46.297908,1648,True,True,True,True,Eyes,0.7689931,0.1002783,-3.688901,0.1250187,-0.05256249,0.9907611,0.0,0.0,0.0,0.0,0.0,0.0,0.0,-1.161303,0.4389549,3.718964,1.034707,0.1116929,-3.780067,0.0631675,0.01833422,0.03435078,0.9972431,7.164999,2.362917,4.093589,0.1773188,0.0262097,-0.9838042,0.0,0.0,0.0,0.8889432,0.1092193,-2.799897,-0.1866254,0.1414135,0.8967429,0.9969677,0.07082839,-0.03222764,-0.06619589,0.9896598,0.1272463,0.04090705,-0.1247271,0.9913474,moving,5.116430665571618,3.786451365429445,-11.756283969646937,8.961562081010014,-0.1457638,-0.0024735999999999,0.9801699999999998,0.0889868026623343,0.0657759663251968,0.9938586012023148,5.750618431066112,4.731139672553831,17.496561570877216,17.648520336845102,18.010777479666455
1451,05/05/2023 12:21:46.317712,1649,True,True,True,True,Eyes,0.7801771,0.1007167,-3.692386,0.1126911,-0.04991858,0.9923754,0.0,0.0,0.0,0.0,0.0,0.0,0.0,-1.122805,0.4393953,3.736051,1.044711,0.1115241,-3.782588,0.06271394,0.01192627,0.03594683,0.9973127,7.136488,1.634188,4.230427,0.1799933,0.02624983,-0.9833173,0.0,0.0,0.0,0.8894892,0.1112902,-2.799569,-0.1839513,0.1422908,0.9008951,0.9971312,0.07319634,-0.0192797,-0.07020456,0.9895496,0.1259483,0.02829717,-0.1242334,0.9918495,moving,5.151360118521206,3.896410531448995,-11.540430428208252,8.975369607159015,-0.1552217999999999,-0.0002338999999999,0.983019,0.0895812469907561,0.0676795874377086,0.9936773907085884,5.784789635480829,4.844469064710442,17.297053329673613,17.44739799937584,17.810884019241062
1452,05/05/2023 12:21:46.337813,1650,True,True,True,True,Eyes,0.7913014,0.1011491,-3.695824,0.1003352,-0.0473613,0.9938258,0.0,0.0,0.0,0.0,0.0,0.0,0.0,-1.084069,0.4396331,3.752725,1.054606,0.111669,-3.785072,0.06248545,0.005502355,0.0368632,0.9973497,7.136523,0.8998117,4.289622,0.1826657,0.02629354,-0.9828232,0.0,0.0,0.0,0.8901026,0.1136166,-2.7992,-0.181543,0.1411883,0.9057126,0.9972216,0.07421864,-0.006368718,-0.07284337,0.9894733,0.1250454,0.01558237,-0.124234,0.9921306,moving,5.188600178360979,4.036319335642509,-11.33429053772094,8.86032321083032,-0.1645033999999999,0.0019475999999999,0.985872,0.0902119483425064,0.0701018022805847,0.9934523176960396,5.821167856695631,4.988615814155201,17.067367681534137,17.212696796359747,17.586923292265386
1453,05/05/2023 12:21:46.348084,1651,True,True,True,True,Eyes,0.8024237,0.1015959,-3.699199,0.08814526,-0.04471473,0.9951035,0.0,0.0,0.0,0.0,0.0,0.0,0.0,-1.046102,0.4370171,3.768799,1.064419,0.1119502,-3.7873,0.06212493,-0.0008256831,0.03700873,0.9973816,7.122183,0.1704115,4.260677,0.1853341,0.02634029,-0.9823222,0.0,0.0,0.0,0.890719,0.1159545,-2.798829,-0.1783815,0.1481184,0.9099149,0.9972593,0.07372108,0.006245372,-0.07392626,0.9895416,0.1238634,0.002951288,-0.1239857,0.9922796,moving,5.224686204849288,4.174506411832703,-11.091710681957094,9.245666084884116,-0.1736999999999999,0.0040043,0.988471,0.0908220584363364,0.0724935871774343,0.993225051622856,5.856412592884458,5.130983831280879,16.931964031315264,17.08629473576316,17.440455630153227
1454,05/05/2023 12:21:46.367666,1652,True,True,True,True,Eyes,0.8134795,0.1020794,-3.702522,0.07601008,-0.04212245,0.996217,0.0,0.0,0.0,0.0,0.0,0.0,0.0,-1.013853,0.4258787,3.783563,1.074097,0.1125533,-3.78923,0.0610643,-0.006456037,0.03574982,0.9974725,7.023794,359.5085,4.075089,0.1879981,0.02639018,-0.9818144,0.0,0.0,0.0,0.8913459,0.1183325,-2.798451,-0.1757443,0.1532211,0.9142803,0.9973605,0.07053047,0.01724551,-0.0721074,0.9899862,0.1213583,-0.008513361,-0.1222815,0.9924589,moving,5.178818180354146,4.244812028790369,-10.880762790371126,9.513596652735806,-0.1827511,0.0057791999999999,0.990779,0.0900188136226413,0.0737176880144092,0.993208165397562,5.811034369253731,5.202968699410855,16.742255209766462,16.901781928802805,17.239420111188394
1455,05/05/2023 12:21:46.387693,1653,True,True,True,True,Eyes,0.8244916,0.1025973,-3.705771,0.06416128,-0.03929448,0.9971656,0.0,0.0,0.0,0.0,0.0,0.0,0.0,-0.983348,0.4186439,3.797158,1.083657,0.1138964,-3.791221,0.06070838,-0.01181533,0.03412277,0.9975021,7.002913,358.8784,3.849813,0.190656,0.02644385,-0.9813003,0.0,0.0,0.0,0.8919467,0.120611,-2.79809,-0.1725624,0.1514253,0.9196098,0.9973921,0.0666405,0.0277147,-0.06950966,0.9903002,0.1203071,-0.01942855,-0.1219198,0.9923498,moving,5.121828059978346,4.410297410787546,-10.62781435450147,9.350562369020672,-0.1917103000000001,0.0067146,0.993131,0.0890115051544424,0.0765929794088978,0.99308127929615,5.7544687124981975,5.372762171369228,16.353944410055302,16.50628528899,16.8582944837175
1456,05/05/2023 12:21:46.398069,1654,True,True,True,True,Eyes,0.8354213,0.1031205,-3.708958,0.05240483,-0.03639227,0.9979626,0.0,0.0,0.0,0.0,0.0,0.0,0.0,-0.9549515,0.3908177,3.811572,1.092911,0.1150696,-3.792764,0.057803,-0.01694622,0.03181792,0.997677,6.685295,358.2613,3.551756,0.1933063,0.02650185,-0.9807801,0.0,0.0,0.0,0.8925605,0.1229394,-2.79772,-0.1702789,0.1582482,0.9240336,0.9974009,0.06152892,0.03749205,-0.06544709,0.9912928,0.114259,-0.03013536,-0.1164158,0.9927433,moving,5.030666790446109,4.290171802959709,-10.441204563965876,9.718087503358117,-0.2003505,0.0078698,0.995044,0.0874451059376252,0.0745211119336388,0.9933780608839586,5.664893211317809,5.24858512551763,16.237538805822965,16.396373747207207,16.71474908733361
1457,05/05/2023 12:21:46.418075,1655,True,True,True,True,Eyes,0.8462973,0.10366,-3.712069,0.04095916,-0.03353795,0.9985978,0.0,0.0,0.0,0.0,0.0,0.0,0.0,-0.9280204,0.3708231,3.82447,1.10195,0.115663,-3.79442,0.05610403,-0.0218219,0.02854951,0.9977782,6.500087,357.6729,3.145762,0.195948,0.02656389,-0.9802541,0.0,0.0,0.0,0.8931789,0.1252848,-2.797348,-0.1684762,0.1634982,0.9283342,0.9974174,0.05452357,0.04675032,-0.05942075,0.9920745,0.1107127,-0.04034335,-0.1132048,0.9927523,moving,4.930692734209683,4.308574869169544,-10.286215044396952,9.988496912675714,-0.2087711,0.0096218,0.9970720000000002,0.0857095247989775,0.0748515066255155,0.9935044752579488,5.566304441627172,5.266814305504372,16.078625285007398,16.24240735737552,16.540757561177145
1458,05/05/2023 12:21:46.427891,1656,True,True,True,True,Eyes,0.8570902,0.1042293,-3.715105,0.02957493,-0.03064195,0.9990928,0.0,0.0,0.0,0.0,0.0,0.0,0.0,-0.9015527,0.362536,3.835545,1.110908,0.1164903,-3.79578,0.05567387,-0.02652143,0.02637677,0.9977483,6.459224,357.1165,2.865928,0.1985797,0.02663001,-0.9797225,0.0,0.0,0.0,0.8938015,0.1276459,-2.796973,-0.1669466,0.1583551,0.9342609,0.9972018,0.04968164,0.0558604,-0.05558784,0.9924093,0.1096979,-0.04998642,-0.1124961,0.9923941,moving,4.820396936447938,4.463188615432808,-10.131464402779963,9.620073262115335,-0.2171064999999999,0.0111556,0.9988070000000002,0.0837795499722858,0.0775449956495337,0.9934625253386776,5.457220473828031,5.425055283394455,15.664073116473755,15.81618211727116,16.143273274772323
1459,05/05/2023 12:21:46.447977,1657,True,True,True,True,Eyes,0.8678315,0.1048331,-3.718054,0.01840032,-0.02772008,0.9994464,0.0,0.0,0.0,0.0,0.0,0.0,0.0,-0.8734126,0.346132,3.847349,1.119795,0.1177409,-3.796966,0.05376288,-0.03138036,0.02600611,0.9977217,6.252656,356.5499,2.797712,0.2011998,0.0267006,-0.9791859,0.0,0.0,0.0,0.8944079,0.1299458,-2.796608,-0.1671343,0.1685985,0.9380131,0.9966779,0.04851953,0.06541406,-0.05526793,0.9928665,0.1056486,-0.0598214,-0.108913,0.9922496,moving,4.739045654502855,4.43416659246412,-10.102884279953356,10.18954518076607,-0.2253871,0.0122049,1.000358,0.0823720678996318,0.0770508407884166,0.993618685134295,5.377100103949565,5.39464072672407,15.752193002009774,15.918770897088503,16.205586235902423
1460,05/05/2023 12:21:46.467537,1658,True,True,True,True,Eyes,0.8784879,0.1054469,-3.720923,0.007250005,-0.02468869,0.9996689,0.0,0.0,0.0,0.0,0.0,0.0,0.0,-0.8433557,0.3250014,3.859428,1.128535,0.1190432,-3.797933,0.05120986,-0.03646234,0.02580561,0.9976884,5.973291,355.9575,2.752297,0.2038077,0.02677612,-0.9786444,0.0,0.0,0.0,0.8950236,0.1322815,-2.796238,-0.1677062,0.1729591,0.9419831,0.9960091,0.04775745,0.07539911,-0.05522638,0.9934232,0.1003011,-0.07011311,-0.1040648,0.9920961,moving,4.683310943876303,4.335245413727893,-10.0948976644217,10.40428656849644,-0.2335114,0.0132382999999999,1.0016950000000002,0.0814161464316513,0.0753411785634068,0.9938285171630578,5.322394944262438,5.29251809696013,15.8044270535566,15.97587901208092,16.242631815330274
1461,05/05/2023 12:21:46.487944,1659,True,True,True,True,Eyes,0.8890598,0.1060528,-3.723705,-0.003751952,-0.0216908,0.9997576,0.0,0.0,0.0,0.0,0.0,0.0,0.0,-0.8115582,0.3016397,3.871603,1.13725,0.1198446,-3.798845,0.04856926,-0.04177747,0.02460096,0.9976425,5.679576,355.3328,2.593511,0.2064025,0.02685638,-0.9780982,0.0,0.0,0.0,0.8956345,0.1345984,-2.79587,-0.1691503,0.1673621,0.9478102,0.9952989,0.04502772,0.08574765,-0.05314412,0.9940716,0.09485399,-0.08096825,-0.09896505,0.9917914,moving,4.659580463649228,4.227132823181766,-10.118724153841946,10.013928750193692,-0.2416155000000001,0.0147538,1.0029750000000002,0.0810158658172312,0.0734681676507437,0.9940013503683668,5.299258325784276,5.181165883068626,15.71050899641949,15.870894570509966,16.157653934650416
1462,05/05/2023 12:21:46.498114,1660,True,True,True,True,Eyes,0.8995502,0.1066399,-3.726395,-0.0146682,-0.01863428,0.9997188,0.0,0.0,0.0,0.0,0.0,0.0,0.0,-0.7811093,0.2828187,3.882507,1.145871,0.1201789,-3.799541,0.04647134,-0.04687127,0.02335961,0.9975459,5.445817,354.7354,2.432351,0.2089828,0.0269407,-0.9775478,0.0,0.0,0.0,0.89628,0.1370467,-2.795482,-0.1696471,0.1667942,0.9527261,0.9945148,0.04224822,0.09568358,-0.05096091,0.9945895,0.09052481,-0.09134137,-0.09490438,0.9912871,moving,4.61700478909178,4.183377241626886,-10.096545387633109,9.93016275873483,-0.2495910000000001,0.0168677999999999,1.0040590000000005,0.0802816777890955,0.072713390856601,0.9941165357025812,5.2573941688035175,5.135869227017517,15.638653809644625,15.796015402076646,16.085046172485043
1463,05/05/2023 12:21:46.517930,1661,True,True,True,True,Eyes,0.9099621,0.1072173,-3.728986,-0.02531056,-0.01577427,0.9995552,0.0,0.0,0.0,0.0,0.0,0.0,0.0,-0.7552528,0.2650871,3.89184,1.154478,0.1202737,-3.799976,0.04445701,-0.05135176,0.02221279,0.9974434,5.219299,354.2099,2.287373,0.211548,0.02702824,-0.9769934,0.0,0.0,0.0,0.896894,0.1393756,-2.795112,-0.1693057,0.1642508,0.9578904,0.9937392,0.03974612,0.104416,-0.0488779,0.9950603,0.08640537,-0.1004659,-0.09096803,0.9907731,moving,4.519272753262478,4.136382464556067,-10.023421837573911,9.729961914011456,-0.2575839999999999,0.0191018999999999,1.004864,0.0785904534621377,0.0719076988884745,0.9943102500496344,5.161169479054037,5.086856636761045,15.43100508485824,15.58133810106538,15.87860951307272
1464,05/05/2023 12:21:46.538153,1662,True,True,True,True,Eyes,0.920296,0.1077801,-3.731483,-0.03585537,-0.01277394,0.9992753,0.0,0.0,0.0,0.0,0.0,0.0,0.0,-0.7311891,0.253503,3.899987,1.162965,0.1205584,-3.800233,0.04297532,-0.05553693,0.0222399,0.9972835,5.059339,353.7258,2.277555,0.2140975,0.02711844,-0.9764354,0.0,0.0,0.0,0.8974907,0.1416387,-2.794753,-0.1678623,0.1635681,0.9629276,0.9928421,0.03958554,0.1126836,-0.0491324,0.995317,0.08324686,-0.1088606,-0.08818742,0.9901375,moving,4.398788903818018,4.154510494499006,-9.88871266500024,9.64055079860932,-0.2654743,0.0210803,1.00548,0.0764975916681846,0.0722340764324426,0.9944497287253744,5.042364653453994,5.104659934680649,15.158808292921009,15.304552894394108,15.60485103482664
1465,05/05/2023 12:21:46.548279,1663,True,True,True,True,Eyes,0.9305598,0.1082895,-3.733873,-0.04609856,-0.009931481,0.9988875,0.0,0.0,0.0,0.0,0.0,0.0,0.0,-0.7088965,0.2282515,3.908409,1.171502,0.1207113,-3.800435,0.03959007,-0.05952321,0.02275355,0.997182,4.684319,353.2636,2.338437,0.2166306,0.02721069,-0.9758739,0.0,0.0,0.0,0.8981093,0.143985,-2.794381,-0.1656621,0.1664253,0.9675419,0.9918785,0.04066581,0.1205126,-0.05009192,0.9958298,0.07624827,-0.1169093,-0.08166575,0.9897792,moving,4.268224993100472,3.943480483351174,-9.715944650984287,9.75984675807332,-0.2733927,0.0232737,1.0060539999999998,0.0742504565916225,0.068582551913575,0.994878511414401,4.914163783231676,4.886718880161801,15.000990297211848,15.145531264246454,15.420358235507871
1466,05/05/2023 12:21:46.567763,1664,True,True,True,True,Eyes,0.9407641,0.1087341,-3.736155,-0.05619334,-0.00713003,0.9983945,0.0,0.0,0.0,0.0,0.0,0.0,0.0,-0.6885566,0.2098931,3.915498,1.180148,0.1198719,-3.800285,0.0369182,-0.06324933,0.0235111,0.9970375,4.392688,352.8334,2.426465,0.219147,0.02730344,-0.9753094,0.0,0.0,0.0,0.898747,0.1464034,-2.793997,-0.1620523,0.1692736,0.9720706,0.9908935,0.04221279,0.1278599,-0.05155299,0.9961686,0.07064354,-0.1243879,-0.07659179,0.9892731,moving,4.119112932366139,3.8127161490739434,-9.464646737109128,9.878269642504105,-0.281401,0.0265314999999999,1.006288,0.0716720124029987,0.0663243439198309,0.995220734540893,4.767490688027525,4.751196479460677,14.734103884737433,14.87647357204407,15.127478802073249
1467,05/05/2023 12:21:46.588350,1665,True,True,True,True,Eyes,0.9407641,0.1087341,-3.736155,-0.05619334,-0.00713003,0.9983945,0.0,0.0,0.0,0.0,0.0,0.0,0.0,-0.6725767,0.2039126,3.920892,1.18898,0.1187482,-3.799942,0.03575286,-0.06640353,0.0244972,0.9968511,4.274445,352.4725,2.534153,0.221647,0.02739501,-0.9747418,0.0,0.0,0.0,0.8993067,0.1485265,-2.79366,-0.1584459,0.1717535,0.9766114,0.9899809,0.04409189,0.1341406,-0.05358836,0.9962432,0.06802716,-0.1306372,-0.07453397,0.9886246,moving,4.481649949202252,3.6706408733643063,-9.215398659644649,9.974425382993896,-0.2896732999999999,0.0297783,1.006282,0.0779804905432619,0.0638260067032453,0.9949097398163091,5.125181750558984,4.607609505284142,14.937047722716184,15.07802506089444,15.311922125153124
1468,05/05/2023 12:21:46.598153,1666,True,True,True,True,Eyes,0.9407641,0.1087341,-3.736155,-0.05619334,-0.00713003,0.9983945,0.0,0.0,0.0,0.0,0.0,0.0,0.0,-0.660983,0.2006593,3.925051,1.197854,0.1177647,-3.799271,0.03481772,-0.06899293,0.02604857,0.9966691,4.186191,352.1792,2.707963,0.2238957,0.02747727,-0.9742253,0.0,0.0,0.0,0.8999304,0.150892,-2.793285,-0.1549591,0.1738167,0.9810272,0.9891229,0.04711924,0.1393401,-0.05672795,0.9962184,0.06580915,-0.1357124,-0.07299783,0.9880554,moving,4.781587440420848,3.5547972293355645,-8.976049475246645,10.047297512511868,-0.2979235999999999,0.0331273,1.005986,0.083198338207045,0.0617881586839239,0.9946156877831972,5.421106037545541,4.490563510389492,15.073637057438244,15.212663587629269,15.432283681615802
1469,05/05/2023 12:21:46.618164,1667,True,True,True,True,Eyes,0.9515576,0.1090528,-3.738257,-0.06620213,-0.004544607,0.9977959,0.0,0.0,0.0,0.0,0.0,0.0,0.0,-0.6522115,0.1924327,3.928894,1.206899,0.1168515,-3.798468,0.03333256,-0.07126664,0.0272375,0.9965281,4.032133,351.9191,2.846352,0.2259186,0.02755118,-0.9737561,0.0,0.0,0.0,0.9005438,0.1532186,-2.792915,-0.153045,0.1736836,0.9853064,0.9883584,0.04953486,0.1438542,-0.05903686,0.9962941,0.06255142,-0.1402226,-0.07031593,0.9876201,moving,4.475321576312174,3.5536075933614386,-8.829045995894035,9.997038996722182,-0.3063551999999999,0.0363671,1.0055530000000004,0.0778805764966331,0.0617941381664829,0.9950457948350644,5.119219579703099,4.487204299446035,14.647993840577591,14.782557449446545,14.997079414295843
1470,05/05/2023 12:21:46.637847,1668,True,True,True,True,Eyes,0.9622908,0.1093275,-3.740217,-0.07595897,-0.001912996,0.9971091,0.0,0.0,0.0,0.0,0.0,0.0,0.0,-0.6466751,0.1877472,3.931731,1.215908,0.1161249,-3.797371,0.03237541,-0.07312132,0.02821069,0.9963982,3.936061,351.7073,2.958075,0.2279896,0.02762256,-0.9732713,0.0,0.0,0.0,0.901173,0.155605,-2.792537,-0.1515499,0.1741373,0.9895049,0.9877148,0.0514835,0.1475426,-0.06095283,0.996312,0.06039199,-0.1438892,-0.0686432,0.9872102,moving,4.136609908690616,3.618060945165972,-8.707602489595773,9.980955242582697,-0.314735,0.0394800999999999,1.0048340000000002,0.0719917303239189,0.0629413734424063,0.9954172774540928,4.785196299536463,4.551128347439212,14.202320221597832,14.333883492354474,14.5443679572277
1471,05/05/2023 12:21:46.648225,1669,True,True,True,True,Eyes,0.9729085,0.1095458,-3.74204,-0.08533864,0.0004284061,0.9963519,0.0,0.0,0.0,0.0,0.0,0.0,0.0,-0.6428956,0.173896,3.934418,1.225228,0.1153137,-3.795881,0.03024562,-0.074833,0.02908569,0.9963129,3.705111,351.5085,3.069201,0.2301022,0.02769059,-0.9727721,0.0,0.0,0.0,0.9018083,0.1580145,-2.792154,-0.1504484,0.1694068,0.9941078,0.9871081,0.05343014,0.1508736,-0.06248363,0.9964784,0.05591505,-0.1473547,-0.06462133,0.9869705,moving,3.797642932238564,3.531942897041829,-8.605844773050158,9.67092504612594,-0.3234197,0.0427008,1.003727,0.0661075995578255,0.0614702371953265,0.9959172510114976,4.451276153880339,4.46019777711538,13.717653995056866,13.839566795316312,14.058452460085944
1472,05/05/2023 12:21:46.667754,1670,True,True,True,True,Eyes,0.9834728,0.1097275,-3.74372,-0.09444367,0.002742789,0.9955264,0.0,0.0,0.0,0.0,0.0,0.0,0.0,-0.6419883,0.1662132,3.936132,1.23441,0.1142546,-3.794218,0.02891732,-0.07614698,0.02977517,0.9962324,3.563305,351.3564,3.15449,0.2322497,0.02775424,-0.9722598,0.0,0.0,0.0,0.9023866,0.1602081,-2.791806,-0.1497468,0.1670525,0.9983562,0.9866301,0.05492204,0.1534422,-0.0637299,0.9965545,0.05308216,-0.1499981,-0.06215132,0.9867309,moving,3.43057447430018,3.537802376750319,-8.530393485890468,9.499160848985609,-0.3320233999999999,0.0459534999999999,1.002412,0.0597254214234623,0.0615969129837065,0.9963125198140368,4.089439373963418,4.463664113149614,13.247985180994588,13.364226478895016,13.587362098187524
1473,05/05/2023 12:21:46.688071,1671,True,True,True,True,Eyes,0.9939137,0.1098724,-3.745254,-0.1032629,0.004893622,0.9946421,0.0,0.0,0.0,0.0,0.0,0.0,0.0,-0.642149,0.1605885,3.937521,1.243718,0.1135467,-3.792424,0.02793192,-0.07733927,0.03031408,0.9961525,3.459204,351.2184,3.220387,0.2344278,0.0278131,-0.9717352,0.0,0.0,0.0,0.9029953,0.162517,-2.79144,-0.148941,0.1674087,1.001917,0.9861994,0.05607442,0.1557768,-0.06471536,0.9966017,0.05095996,-0.1523899,-0.06033783,0.9864768,moving,3.0657842894041445,3.573876148468916,-8.455441252064706,9.485830599572774,-0.3407227000000001,0.0489702999999999,1.000984,0.0533787893598718,0.0622465986174443,0.9966324031216984,3.7297771154461294,4.4982197601545,12.835520081100585,12.949511319324792,13.166465302024156
1474,05/05/2023 12:21:46.698244,1672,True,True,True,True,Eyes,1.004309,0.1099856,-3.74663,-0.1118429,0.007070696,0.9937008,0.0,0.0,0.0,0.0,0.0,0.0,0.0,-0.6419345,0.1471497,3.938763,1.252842,0.1128924,-3.790149,0.02603424,-0.07859823,0.03051094,0.9960992,3.248209,351.0691,3.255153,0.23663,0.02786678,-0.9711998,0.0,0.0,0.0,0.9036148,0.1648662,-2.791067,-0.1473755,0.1650088,1.005903,0.9857827,0.05669137,0.158172,-0.06487634,0.9967827,0.04706916,-0.1549946,-0.05666158,0.9862891,moving,2.717533270878072,3.5055410784897743,-8.335140400185118,9.31585687336812,-0.3492271999999999,0.0519737999999999,0.999082,0.0473236102230336,0.0610765659594739,0.997010650870406,3.3866636961654093,4.425513077537932,12.379180293376194,12.486847677265317,12.70102963206664
1475,05/05/2023 12:21:46.718313,1673,True,True,True,True,Eyes,1.014621,0.1100808,-3.747849,-0.1203046,0.009098844,0.9926953,0.0,0.0,0.0,0.0,0.0,0.0,0.0,-0.6408391,0.136752,3.939937,1.262165,0.1122253,-3.78772,0.02449262,-0.07998475,0.03085389,0.9960175,3.079745,350.9063,3.303624,0.238854,0.02791511,-0.9706538,0.0,0.0,0.0,0.9036353,0.1649441,-2.791055,-0.1458925,0.1590104,1.009912,0.985301,0.05754395,0.1608438,-0.0653801,0.9968963,0.04385446,-0.157821,-0.05372583,0.9860051,moving,2.3917944451304334,3.469820574118563,-8.220116336895465,8.947749660040015,-0.3585296999999999,0.0527188,0.996665,0.0416561932216443,0.0604702479870049,0.997300383565582,3.0656639152646363,4.386505331763514,11.844141443526594,11.942376543890322,12.172665514269315
1566,05/05/2023 12:21:48.237771,1764,True,True,True,True,Eyes,1.78544,0.1094305,-3.533255,-0.768301,0.02011178,0.6397727,0.0,0.0,0.0,0.0,0.0,0.0,0.0,1.465671,0.2417949,3.654663,1.949584,0.1051815,-3.428013,0.03841607,-0.431302,0.08140752,0.8977059,8.001272,309.135,6.553634,0.4319422,0.02775293,-0.9014739,0.0,0.0,0.0,0.9036353,0.1649441,-2.791055,-0.12378,0.2286012,1.188251,0.6147028,0.1130221,0.7806193,-0.1792978,0.9837941,-0.001249803,-0.7681099,-0.1391951,0.6250057,moving,1.7067038867143198,9.02171715139088,-5.947046901493575,10.889776640145827,-1.0459486999999998,0.0597626,0.6369579999999999,0.0294150696703422,0.1567409706295147,0.9872016206244116,2.3772813796248498,10.09149039842512,7.754049811050026,7.878422899382869,8.362517698369828
1567,05/05/2023 12:21:48.248405,1765,True,True,True,True,Eyes,1.791785,0.109159,-3.528496,-0.7721928,0.02071318,0.6350505,0.0,0.0,0.0,0.0,0.0,0.0,0.0,1.472009,0.2283292,3.647782,1.953349,0.1043102,-3.420351,0.03673024,-0.4332533,0.08047721,0.8969202,7.794602,308.8795,6.522059,0.4338404,0.02774141,-0.9005622,0.0,0.0,0.0,0.9057115,0.1632193,-2.791376,-0.1260933,0.2259447,1.188005,0.61163,0.1125363,0.7830991,-0.1761903,0.9843486,-0.003845853,-0.7712754,-0.1356222,0.6218849,moving,1.585712143812494,8.862118141396465,-6.058616238275922,10.76838188348898,-1.0476375,0.0589091,0.6289750000000001,0.0273422575701251,0.1539995444222334,0.9876924799837832,2.2583947008675374,9.92650951677299,7.756676878551403,7.878426103456139,8.359510753846301
1568,05/05/2023 12:21:48.267955,1766,True,True,True,True,Eyes,1.798014,0.1088732,-3.523615,-0.7760006,0.0212986,0.6303725,0.0,0.0,0.0,0.0,0.0,0.0,0.0,1.477336,0.2256331,3.640349,1.957,0.1034306,-3.412481,0.03636149,-0.434978,0.08012494,0.8961318,7.751363,308.6566,6.48855,0.4357251,0.02772514,-0.8996524,0.0,0.0,0.0,0.907931,0.1613755,-2.791719,-0.1261575,0.2289604,1.187136,0.6087483,0.1119721,0.785422,-0.1752379,0.9845157,-0.004535782,-0.7737682,-0.1348745,0.618944,moving,1.4559073252734802,8.867086728603196,-6.066082162883584,10.916475395464964,-1.049069,0.0579449,0.620762,0.0251041776329077,0.1540942565421152,0.9877372072999367,2.130433112669936,9.930714188552132,7.673516632451555,7.796173405447497,8.255579193456775
1569,05/05/2023 12:21:48.287790,1767,True,True,True,True,Eyes,1.804114,0.1085717,-3.518614,-0.7798404,0.02182009,0.6255981,0.0,0.0,0.0,0.0,0.0,0.0,0.0,1.483067,0.2233713,3.632642,1.960454,0.1027999,-3.404632,0.03605223,-0.4367133,0.08024514,0.8952891,7.737952,308.4348,6.501385,0.4375958,0.02770433,-0.8987446,0.0,0.0,0.0,0.9099562,0.1596931,-2.792032,-0.1246352,0.234352,1.185727,0.6056845,0.1121962,0.7877553,-0.1751742,0.9845219,-0.0055339,-0.7761832,-0.1346426,0.6159635,moving,1.3298529022259264,8.89759356970462,-6.000490856905346,11.180084920806303,-1.0504978,0.0568932,0.6126,0.0229290978275777,0.154628239777694,0.9877066935378356,2.0061081496425164,9.961209437759784,7.553345410368009,7.677480471801201,8.09884467654647
1570,05/05/2023 12:21:48.297683,1768,True,True,True,True,Eyes,1.810094,0.1082409,-3.513487,-0.7836207,0.02234881,0.6208374,0.0,0.0,0.0,0.0,0.0,0.0,0.0,1.489809,0.2165493,3.624344,1.963557,0.102142,-3.396513,0.03517811,-0.4386153,0.08032267,0.8943866,7.665368,308.1909,6.536548,0.4394532,0.02767914,-0.8978387,0.0,0.0,0.0,0.9122388,0.1577969,-2.792385,-0.1224051,0.2314955,1.185493,0.6023298,0.1128197,0.7902345,-0.1745383,0.9846215,-0.007535838,-0.7789322,-0.1333871,0.6127583,moving,1.225413939462989,8.866509064667431,-5.895041766206452,11.049310760304374,-1.0513182,0.0556548999999999,0.6041280000000002,0.0211304332267296,0.1540984529527326,0.9878294992582938,1.90323488659714,9.92851275098312,7.328922334402961,7.447517217091613,7.878407639324084
1571,05/05/2023 12:21:48.318202,1769,True,True,True,True,Eyes,1.815914,0.1078858,-3.508269,-0.7873294,0.02266633,0.6161159,0.0,0.0,0.0,0.0,0.0,0.0,0.0,1.498657,0.2114365,3.614929,1.966643,0.1011069,-3.388286,0.03448768,-0.4407685,0.0805192,0.8933367,7.619798,307.9151,6.573064,0.4412968,0.02764938,-0.8969349,0.0,0.0,0.0,0.9142485,0.1561274,-2.792696,-0.1203154,0.2335727,1.184445,0.5984796,0.1134593,0.7930632,-0.1742637,0.9846545,-0.00936244,-0.7819555,-0.1325989,0.6090674,moving,1.159200267705845,8.846266630694343,-5.800185020784455,11.155598670904991,-1.0523945,0.0550205,0.5955900000000001,0.0199899281397284,0.1537530683077226,0.987907154347901,1.8380151197469723,9.907232989716286,7.215206479712013,7.332534218508544,7.739542509785967
1572,05/05/2023 12:21:48.337859,1770,True,True,True,True,Eyes,1.821604,0.1075027,-3.502919,-0.790987,0.02302712,0.6113994,0.0,0.0,0.0,0.0,0.0,0.0,0.0,1.507424,0.2083573,3.604919,1.969352,0.1003364,-3.379758,0.0340616,-0.4428782,0.08122705,0.8922449,7.627375,307.6475,6.649951,0.4431262,0.02761496,-0.8960335,0.0,0.0,0.0,0.9163585,0.1543745,-2.793022,-0.117979,0.2312799,1.183862,0.5945221,0.1147786,0.795845,-0.1751191,0.984484,-0.01116479,-0.7847781,-0.1327299,0.6053975,moving,1.0997402154639533,8.88132618013157,-5.691080196975568,11.054107437065293,-1.0529935,0.0540380999999999,0.5867359999999997,0.0189628730822453,0.154360614720198,0.9878325358139018,1.779322152418264,9.942874798241544,7.016664429672456,7.129952332553686,7.552598840095776
1573,05/05/2023 12:21:48.347916,1771,True,True,True,True,Eyes,1.827167,0.1070664,-3.497435,-0.7945842,0.02298828,0.6067187,0.0,0.0,0.0,0.0,0.0,0.0,0.0,1.516139,0.1988028,3.595118,1.971934,0.09928404,-3.371156,0.03279128,-0.4450513,0.08164564,0.8911723,7.534224,307.3692,6.738966,0.4449415,0.02757577,-0.8951347,0.0,0.0,0.0,0.9185064,0.1525902,-2.793354,-0.1166262,0.2276039,1.183295,0.5905267,0.116333,0.7985893,-0.1747082,0.9845175,-0.01422762,-0.7878802,-0.1311183,0.6017082,moving,1.041912080853342,8.791851657151318,-5.628923433473211,10.887729544247293,-1.0534276,0.05330616,0.5778020000000001,0.0179702070925975,0.1528206194963,0.9880905944044326,1.72253122483586,9.85045283762666,6.8838383706796025,6.9923351304709565,7.424272931356436
1574,05/05/2023 12:21:48.368207,1772,True,True,True,True,Eyes,1.832601,0.1065732,-3.491824,-0.7981338,0.0228804,0.6020457,0.0,0.0,0.0,0.0,0.0,0.0,0.0,1.52555,0.1980238,3.58433,1.974293,0.09759223,-3.362526,0.03253065,-0.4471938,0.08271003,0.8900105,7.578247,307.0985,6.844286,0.446743,0.02753102,-0.8942384,0.0,0.0,0.0,0.9205751,0.1508717,-2.793674,-0.1155125,0.2309435,1.181655,0.5863536,0.1181306,0.8013955,-0.1763206,0.9842016,-0.01606957,-0.790633,-0.13188,0.597919,moving,0.9968426917161344,8.83528512191568,-5.583200700053276,11.058533186648814,-1.0537179,0.0532794699999999,0.5688519999999997,0.0171909347766755,0.1535717096226562,0.987988007042681,1.678003543380249,9.894807023874126,6.835829844623556,6.945487959453094,7.353866034051975
1575,05/05/2023 12:21:48.387951,1773,True,True,True,True,Eyes,1.837908,0.1060812,-3.486081,-0.8016385,0.02234262,0.5973914,0.0,0.0,0.0,0.0,0.0,0.0,0.0,1.53529,0.2002552,3.573098,1.976639,0.09576249,-3.353801,0.03263768,-0.4493577,0.08388871,0.8888056,7.666639,306.8257,6.942312,0.4485309,0.02747993,-0.8933445,0.0,0.0,0.0,0.9228794,0.1489575,-2.79403,-0.1152849,0.2299029,1.180429,0.5820807,0.1197895,0.8042591,-0.1784535,0.9837949,-0.01737498,-0.7933074,-0.1334092,0.5940249,moving,0.957831155585546,8.898072778420985,-5.578020055644847,11.021080299598998,-1.0537596,0.0531950099999999,0.559771,0.0165154013223408,0.1546560557166955,0.9878303032879636,1.6394015422114807,9.959107975122327,6.763025409419104,6.872009312444229,7.295132606002263
1576,05/05/2023 12:21:48.398248,1774,True,True,True,True,Eyes,1.843072,0.1055813,-3.480217,-0.8051079,0.02198355,0.5927209,0.0,0.0,0.0,0.0,0.0,0.0,0.0,1.542746,0.2115169,3.56214,1.978786,0.09536234,-3.344989,0.03402869,-0.4511336,0.08570298,0.8876799,7.917099,306.6071,7.0433,0.4503055,0.02742326,-0.8924531,0.0,0.0,0.0,0.9249459,0.1472408,-2.794349,-0.1158712,0.2304815,1.178759,0.5782669,0.1214506,0.8067572,-0.1828566,0.9829941,-0.01691382,-0.7950917,-0.1377401,0.5906411,moving,0.8870228093302106,9.138547895304724,-5.614099572588656,11.063402060793145,-1.0538401,0.05187846,0.55064,0.0152844012016127,0.1588038044572401,0.9871918816418808,1.5690384248345268,10.20592712377274,6.669214733677117,6.780092608739541,7.234136766584032
1577,05/05/2023 12:21:48.418190,1775,True,True,True,True,Eyes,1.848085,0.1049674,-3.474254,-0.8085402,0.02159536,0.5880445,0.0,0.0,0.0,0.0,0.0,0.0,0.0,1.551485,0.1885807,3.552235,1.980484,0.09466665,-3.336129,0.03108263,-0.4534089,0.08627253,0.8865728,7.663074,306.3131,7.233423,0.4520667,0.02736145,-0.8915641,0.0,0.0,0.0,0.9269261,0.1455958,-2.794656,-0.1175818,0.2302904,1.176929,0.5739548,0.1247875,0.8093231,-0.1811601,0.9831818,-0.02311946,-0.7985969,-0.1333475,0.5869085,moving,0.8436052060731454,8.866249257572804,-5.705238018682456,11.071219219826103,-1.0535579,0.0509291499999999,0.5414730000000003,0.0145472640119476,0.154112076917061,0.9879462502727034,1.526882891859605,9.925583009261011,6.799652843158638,6.910082497110049,7.322298491024364
1578,05/05/2023 12:21:48.437960,1776,True,True,True,True,Eyes,1.852989,0.1043799,-3.468195,-0.8118541,0.02050273,0.5835002,0.0,0.0,0.0,0.0,0.0,0.0,0.0,1.559101,0.1775301,3.541972,1.982219,0.09136703,-3.327212,0.02947014,-0.4555542,0.08443864,0.8857042,7.419691,306.0243,7.109216,0.4538139,0.02729223,-0.8906782,0.0,0.0,0.0,0.9289986,0.1438741,-2.794976,-0.1196306,0.2263464,1.17537,0.5706809,0.1227248,0.8119495,-0.1764258,0.9840032,-0.0247291,-0.8019959,-0.1291364,0.5832037,moving,0.7520664158856152,8.568394208482394,-5.811621504106276,10.900273263204904,-1.0532203999999998,0.05250707,0.5322359999999997,0.0129791833935458,0.1489773423843645,0.9887553879897856,1.4373540529277762,9.618620223387802,6.8584902848880125,6.965605432186138,7.361404834741095
1579,05/05/2023 12:21:48.453006,1777,True,True,True,True,Eyes,1.857738,0.1039197,-3.462016,-0.8152168,0.01964274,0.5788227,0.0,0.0,0.0,0.0,0.0,0.0,0.0,1.562671,0.234962,3.530435,1.984486,0.09160694,-3.318816,0.03664943,-0.45623,0.08973345,0.8845671,8.436659,305.9712,7.277797,0.4555475,0.02721705,-0.8897951,0.0,0.0,0.0,0.9311765,0.1420649,-2.795313,-0.1217914,0.2219566,1.173459,0.5676041,0.1253094,0.8137095,-0.1921917,0.9812095,-0.01704043,-0.8005548,-0.146716,0.5810219,moving,0.623711843591121,9.56100735411921,-5.925420229883185,10.710805796359304,-1.0533095,0.0504579599999999,0.5235029999999998,0.0107344190194034,0.1660881175441892,0.9860524812256096,1.3084947765937598,10.63856284789021,6.539504319473576,6.649298261740679,7.23427573185705
1580,05/05/2023 12:21:48.473439,1778,True,True,True,True,Eyes,1.86238,0.1034608,-3.455729,-0.8185418,0.01919685,0.5741261,0.0,0.0,0.0,0.0,0.0,0.0,0.0,1.565526,0.1829505,3.524251,1.98549,0.09426096,-3.309628,0.03020437,-0.4579899,0.09180641,0.8836881,7.901779,305.7474,7.809509,0.4572671,0.02713984,-0.888915,0.0,0.0,0.0,0.9333088,0.1402936,-2.795642,-0.123874,0.2183321,1.171554,0.5636337,0.1345899,0.8149863,-0.1899231,0.9813185,-0.03071034,-0.8038945,-0.1374753,0.5786659,moving,0.5297058170177726,9.013843366308627,-6.035730253369246,10.556604681630215,-1.0521812,0.0460326399999999,0.513986,0.0091308176182866,0.1566665650748297,0.9876093314948216,1.217121411104063,10.075184917286077,6.638615661799029,6.744261506673042,7.268811612385783
1581,05/05/2023 12:21:48.487967,1779,True,True,True,True,Eyes,1.866931,0.1030708,-3.449351,-0.8218397,0.01811028,0.5694309,0.0,0.0,0.0,0.0,0.0,0.0,0.0,1.570268,0.1380953,3.516994,1.987591,0.09379171,-3.300719,0.02442521,-0.4600999,0.09150273,0.8828017,7.315102,305.4607,8.060735,0.458973,0.02706092,-0.8880377,0.0,0.0,0.0,0.9355021,0.1384715,-2.795981,-0.1262201,0.2137833,1.169316,0.5598707,0.1390814,0.8168239,-0.1840336,0.9820613,-0.04107556,-0.807884,-0.127326,0.5754229,moving,0.4354858923093768,8.374685803400205,-6.16085439316074,10.360824118772104,-1.0520889000000002,0.04467979,0.5047380000000001,0.0075195474138947,0.1456418219583,0.9893088196897546,1.125753970748992,9.417196119171026,6.788003998340738,6.888864243799866,7.347455018619059
1582,05/05/2023 12:21:48.497612,1780,True,True,True,True,Eyes,1.871373,0.1028097,-3.442847,-0.8250191,0.01722775,0.5648422,0.0,0.0,0.0,0.0,0.0,0.0,0.0,1.573032,0.1769736,3.50707,1.990098,0.09519926,-3.291767,0.02940504,-0.4609397,0.09605716,0.8817273,8.071432,305.3856,8.262477,0.460666,0.02698227,-0.887163,0.0,0.0,0.0,0.9375464,0.1367732,-2.796298,-0.1289458,0.2085294,1.16715,0.5566152,0.1422845,0.8184953,-0.1965003,0.9798167,-0.03669868,-0.807197,-0.1404076,0.5733398,moving,0.3222674605946479,9.106497816574276,-6.3044250482647,10.129893082554076,-1.0525516,0.04157394,0.4954689999999999,0.0055537076569736,0.1582676080307829,0.9873806470734512,1.0124290682189028,10.169027386562252,6.60459885182825,6.705251037612422,7.316958770941192
1583,05/05/2023 12:21:48.517766,1781,True,True,True,True,Eyes,1.875728,0.102606,-3.436232,-0.8281509,0.01650774,0.5602622,0.0,0.0,0.0,0.0,0.0,0.0,0.0,1.566719,0.1523282,3.503231,1.991933,0.09803477,-3.28223,0.02646917,-0.4615113,0.09660918,0.881461,7.806938,305.3079,8.467452,0.4623468,0.02690724,-0.8862906,0.0,0.0,0.0,0.9397864,0.1349125,-2.796644,-0.1320096,0.2064554,1.16401,0.555348,0.1458828,0.8187227,-0.1947461,0.9799321,-0.04250938,-0.808494,-0.1358355,0.5726135,moving,0.0693247590288637,8.837888653277268,-6.470231412696818,10.057707074877449,-1.0521466,0.03687773,0.4855860000000001,0.0011955794354817,0.1536392020025216,0.9881263672210148,0.7637339007113012,9.891016529805796,6.554166008759389,6.652349352283793,7.235885563869022
1584,05/05/2023 12:21:48.537925,1782,True,True,True,True,Eyes,1.879976,0.102455,-3.429532,-0.8311443,0.01591917,0.5558289,0.0,0.0,0.0,0.0,0.0,0.0,0.0,1.554564,0.1309595,3.502265,1.994027,0.09926696,-3.273176,0.02376563,-0.4613573,0.09551819,0.8817375,7.472257,305.3155,8.497711,0.4640162,0.02683699,-0.8854198,0.0,0.0,0.0,0.9417897,0.1332482,-2.796954,-0.134871,0.2050579,1.160879,0.5560516,0.1465151,0.818132,-0.1903728,0.9806229,-0.04622593,-0.8090518,-0.1300461,0.5731694,moving,-0.2946108316097337,8.519510680580517,-6.626917783806737,10.017404128773796,-1.0522373,0.03398124,0.4762219999999999,-0.0050851694219117,0.1481442748035053,0.9889527027952764,0.4057492270878738,9.56104769725977,6.412007452166265,6.50705740861281,7.047458157286892
1585,05/05/2023 12:21:48.548647,1783,True,True,True,True,Eyes,1.884115,0.1023121,-3.422755,-0.8342139,0.01563055,0.5512196,0.0,0.0,0.0,0.0,0.0,0.0,0.0,1.547817,0.1262844,3.498267,1.99573,0.1003338,-3.264437,0.02332823,-0.4616677,0.09390425,0.8817601,7.345077,305.2661,8.351998,0.465674,0.02677248,-0.884551,0.0,0.0,0.0,0.9439141,0.1314835,-2.797282,-0.1373182,0.2023414,1.157503,0.5560898,0.1440622,0.8185415,-0.1871418,0.9812756,-0.04556532,-0.809779,-0.1278449,0.5726374,moving,-0.6052731443387791,8.415210531074393,-6.765556642151227,9.915600824514044,-1.0518159,0.0311497,0.467155,-0.0104500911380395,0.146337672416257,0.9891795962805092,0.0997721085168579,9.45161540758091,6.248545462533726,6.340367797381181,6.880989850441318
1586,05/05/2023 12:21:48.573518,1784,True,True,True,True,Eyes,1.888148,0.1021416,-3.415941,-0.8372176,0.0153362,0.5466548,0.0,0.0,0.0,0.0,0.0,0.0,0.0,1.551032,0.1045374,3.490449,1.997097,0.1002181,-3.255983,0.02090325,-0.463506,0.08844752,0.8814206,6.82522,304.9957,7.904127,0.4673209,0.02671339,-0.8836838,0.0,0.0,0.0,0.9460404,0.1297171,-2.797611,-0.1391211,0.200495,1.154034,0.5546784,0.1365414,0.8207852,-0.1752965,0.9834802,-0.04514279,-0.8133897,-0.118841,0.5694505,moving,-0.7870522241724203,7.884659023435204,-6.873949345279507,9.855852120814292,-1.0510566,0.0294989999999999,0.4583720000000002,-0.0136063856168937,0.1371666313794083,0.9904545222521376,-0.0781591593656354,8.904710240141137,6.308030879688301,6.398118378874894,6.862028499513373
1587,05/05/2023 12:21:48.587838,1785,True,True,True,True,Eyes,1.892071,0.1019509,-3.409084,-0.8404194,0.01471516,0.5417368,0.0,0.0,0.0,0.0,0.0,0.0,0.0,1.561917,0.1309227,3.478263,1.998572,0.09926641,-3.248214,0.02471781,-0.4657447,0.08346846,0.8806272,6.966229,304.6905,7.175378,0.4689558,0.02665854,-0.8828189,0.0,0.0,0.0,0.948164,0.127953,-2.797939,-0.140911,0.1995217,1.149972,0.5522299,0.1239848,0.824421,-0.1700335,0.9848441,-0.03421563,-0.8161684,-0.1212843,0.5649419,moving,-0.90613250294693,7.982623333499758,-6.985872953194965,9.84290982261303,-1.050408,0.02868659,0.450275,-0.0156611374005922,0.1388557386957676,0.990188808718316,-0.1957685917145816,9.004629718932083,6.267528818037686,6.357980006571236,6.841654096197956
1588,05/05/2023 12:21:48.597801,1786,True,True,True,True,Eyes,1.895879,0.1017874,-3.402211,-0.8436161,0.0140694,0.5367625,0.0,0.0,0.0,0.0,0.0,0.0,0.0,1.581697,0.1594515,3.461491,1.999629,0.09850024,-3.240508,0.02888998,-0.4690541,0.07932205,0.8791255,7.192796,304.2452,6.503126,0.4705783,0.02660703,-0.8819568,0.0,0.0,0.0,0.9502869,0.1261895,-2.798267,-0.1426772,0.1968283,1.14612,0.5473925,0.1123661,0.8292981,-0.16657,0.9857467,-0.02361683,-0.8201317,-0.1252085,0.5583072,moving,-0.872407467782919,8.147935339523457,-7.096081839868467,9.744603492701732,-1.0493421,0.02768926,0.4422410000000001,-0.0150721320209822,0.1417133701320614,0.9897930112725466,-0.1629150229003844,9.174877488106988,6.33447244883158,6.425221543349939,6.956535763741808
1589,05/05/2023 12:21:48.618153,1787,True,True,True,True,Eyes,1.899583,0.1016458,-3.395288,-0.8470147,0.01325107,0.5314042,0.0,0.0,0.0,0.0,0.0,0.0,0.0,1.602643,0.1807698,3.444484,2.00067,0.09890723,-3.233133,0.03223839,-0.4725549,0.0756927,0.8774527,7.360578,303.7718,5.924348,0.472188,0.02655927,-0.8810974,0.0,0.0,0.0,0.9523171,0.1245029,-2.798581,-0.1441178,0.1976187,1.141653,0.5419251,0.1023647,0.8341695,-0.1633023,0.9864627,-0.01496257,-0.8244087,-0.1281132,0.5513052,moving,-0.832599066670407,8.2478115720359,-7.194738330467557,9.820514499747413,-1.0483528999999998,0.02559567,0.434552,-0.014380817347628,0.1434399813393168,0.9895544858650612,-0.1239108328570255,9.277871265939533,6.459640927055141,6.553641011741619,7.091619221317702
1590,05/05/2023 12:21:48.637626,1788,True,True,True,True,Eyes,1.903168,0.1015129,-3.388343,-0.8504145,0.01259402,0.5259625,0.0,0.0,0.0,0.0,0.0,0.0,0.0,1.62544,0.187697,3.426721,2.001392,0.09918956,-3.225569,0.03363541,-0.476384,0.07297058,0.8755583,7.378504,303.257,5.539537,0.4737849,0.02651547,-0.880241,0.0,0.0,0.0,0.9545358,0.1226597,-2.798924,-0.1454602,0.1992182,1.136863,0.5354672,0.09573325,0.8391126,-0.1598267,0.9870879,-0.0106245,-0.8292951,-0.1284235,0.5438539,moving,-0.7422485071282867,8.208398218383511,-7.29130722712942,9.939309992042642,-1.0468562,0.02347014,0.4266450000000001,-0.0128216268711007,0.1427622728387094,0.9896739472647366,-0.0347585310514844,9.237967269773732,6.675340950740443,6.773937236660426,7.290362171568018
1591,05/05/2023 12:21:48.648002,1789,True,True,True,True,Eyes,1.906651,0.1013679,-3.381344,-0.853913,0.0117857,0.5202824,0.0,0.0,0.0,0.0,0.0,0.0,0.0,1.646605,0.1822925,3.410181,2.002129,0.09920117,-3.217998,0.0333234,-0.4800985,0.07053934,0.8737386,7.236403,302.7585,5.278772,0.4753684,0.02647553,-0.8793881,0.0,0.0,0.0,0.9566233,0.1209256,-2.799247,-0.1476968,0.2028072,1.13153,0.5290593,0.09126887,0.8436624,-0.1552629,0.9878275,-0.009499777,-0.83426,-0.1259635,0.53679,moving,-0.6799940460044578,8.00678172063966,-7.43668203638195,10.161385807836885,-1.0455057,0.0217244299999999,0.4187510000000003,-0.0117521802315012,0.1392806984213953,0.9901832473589444,0.027081374520675,9.031052019068376,6.986392078666961,7.091907456522429,7.548868705174343
1592,05/05/2023 12:21:48.667911,1790,True,True,True,True,Eyes,1.910025,0.1012352,-3.374334,-0.8573661,0.01097703,0.5145901,0.0,0.0,0.0,0.0,0.0,0.0,0.0,1.663405,0.182957,3.39506,2.00273,0.09868798,-3.210319,0.03365681,-0.4831929,0.06873683,0.8721624,7.188535,302.3431,5.052361,0.4769387,0.02643879,-0.8785385,0.0,0.0,0.0,0.9587077,0.1191941,-2.799569,-0.1491428,0.1968151,1.127629,0.5235998,0.08737388,0.8474723,-0.1524248,0.9882849,-0.007717878,-0.8382184,-0.1251347,0.5307837,moving,-0.6858842082809713,7.90728015643322,-7.534340875887126,9.900608213842531,-1.0440223,0.02050612,0.4107500000000001,-0.0118568513929654,0.1375607378104165,0.9904224119651877,0.0215098417637406,8.928680092272584,7.030708982748942,7.132651363450647,7.618105036091561
1593,05/05/2023 12:21:48.687913,1791,True,True,True,True,Eyes,1.913267,0.1011327,-3.367336,-0.8607923,0.01005819,0.5088572,0.0,0.0,0.0,0.0,0.0,0.0,0.0,1.678661,0.1851287,3.380851,2.003432,0.09884901,-3.202939,0.03416822,-0.4859962,0.06858186,0.8705958,7.247429,301.9724,4.985126,0.4784949,0.0264053,-0.877693,0.0,0.0,0.0,0.9609785,0.1173077,-2.79992,-0.1514849,0.1926593,1.123198,0.5182086,0.08620287,0.8508989,-0.1526254,0.9882582,-0.007167612,-0.8415256,-0.1261544,0.5252806,moving,-0.7067231856030404,7.913723480826595,-7.681091716410135,9.73308260326319,-1.0424535,0.01845869,0.403019,-0.0122168867091982,0.1376715276305788,0.9904026954104088,0.0009534752190242,8.935161309215532,7.107099918051807,7.207765535858223,7.723373402712533
1594,05/05/2023 12:21:48.705431,1792,True,True,True,True,Eyes,1.916395,0.1010713,-3.360325,-0.8641819,0.009309921,0.5030934,0.0,0.0,0.0,0.0,0.0,0.0,0.0,1.691768,0.1731859,3.368129,2.003861,0.09957334,-3.195464,0.03286991,-0.4886294,0.06835879,0.8691881,7.119807,301.6255,5.013168,0.4800365,0.02637552,-0.8768517,0.0,0.0,0.0,0.9630217,0.1156103,-2.800236,-0.1548059,0.2110324,1.115523,0.5131368,0.08671087,0.8539157,-0.1509557,0.9884933,-0.009663946,-0.8449278,-0.1239445,0.5203217,moving,-0.7538624922141535,7.747376649078924,-7.90072021226072,10.71250358110835,-1.0408393,0.01603696,0.3952279999999999,-0.0130369272849368,0.1347941058763569,0.9907878620512854,-0.0451202339203232,8.763755744898523,7.614533239055492,7.737541792690714,8.093705526446717
1595,05/05/2023 12:21:48.721244,1793,True,True,True,True,Eyes,1.919413,0.1010593,-3.353327,-0.8675747,0.008378648,0.4972364,0.0,0.0,0.0,0.0,0.0,0.0,0.0,1.706968,0.1560062,3.3545,2.00424,0.1004717,-3.188051,0.03092666,-0.4915793,0.06791249,0.8676296,6.917181,301.2358,5.053223,0.4815626,0.02635019,-0.8760152,0.0,0.0,0.0,0.9652287,0.1137769,-2.800577,-0.1575581,0.1972894,1.112069,0.5074753,0.08743997,0.8572183,-0.1482516,0.9888628,-0.01310297,-0.8488169,-0.1204345,0.5147867,moving,-0.7686199319204958,7.49276061358272,-8.06400336510101,10.0600322330766,-1.0390113,0.0133052,0.3874740000000001,-0.0133000249866139,0.1303893936136862,0.991373700819105,-0.059066828992246,8.501796892342494,7.621696049139784,7.733918993976045,8.15518892020545
1596,05/05/2023 12:21:48.737964,1794,True,True,True,True,Eyes,1.922325,0.1011028,-3.346316,-0.8709556,0.007500389,0.4913045,0.0,0.0,0.0,0.0,0.0,0.0,0.0,1.724719,0.1486755,3.339179,2.004845,0.1017424,-3.180742,0.03032304,-0.4947742,0.06822038,0.8658089,6.892984,300.8145,5.092684,0.4830727,0.02633017,-0.875184,0.0,0.0,0.0,0.9672543,0.1120942,-2.80089,-0.1604392,0.1852196,1.109596,0.5010889,0.08812552,0.8608971,-0.1481377,0.988853,-0.01499947,-0.8526225,-0.1200153,0.508558,moving,-0.7397472792970817,7.41640034648643,-8.22751564436498,9.476737429185876,-1.0375907,0.0103518,0.3798520000000001,-0.0128026775523127,0.129068869844953,0.991552995563626,-0.0304268431089304,8.423466695100567,7.663229359765909,7.766058458655719,8.264480870263899
1597,05/05/2023 12:21:48.747894,1795,True,True,True,True,Eyes,1.922325,0.1011028,-3.346316,-0.8709556,0.007500389,0.4913045,0.0,0.0,0.0,0.0,0.0,0.0,0.0,1.744934,0.1388467,3.322253,2.005161,0.1031286,-3.173347,0.0294224,-0.4983017,0.06876731,0.8637714,6.855293,300.3494,5.170526,0.4845666,0.02631641,-0.8743583,0.0,0.0,0.0,0.9693559,0.1103484,-2.801215,-0.1644907,0.1974169,1.103066,0.4939331,0.08947599,0.864884,-0.1481209,0.9888108,-0.01770527,-0.8567908,-0.1193622,0.5016596,moving,-0.2658135883767683,7.338198258444147,-8.481524583397201,10.146860176342091,-1.0358051,0.0072197999999999,0.3721320000000001,-0.0046013083496843,0.1277245112995188,0.9917990229383834,0.4369185059000464,8.346345943177615,8.55758694245596,8.682539313055242,9.09837780271086
1598,05/05/2023 12:21:48.768372,1796,True,True,True,True,Eyes,1.922325,0.1011028,-3.346316,-0.8709556,0.007500389,0.4913045,0.0,0.0,0.0,0.0,0.0,0.0,0.0,1.769396,0.1352492,3.302846,2.005813,0.1042325,-3.166022,0.02933992,-0.5023473,0.06971508,0.8613514,6.925942,299.815,5.237643,0.4859099,0.02630396,-0.8736128,0.0,0.0,0.0,0.9715371,0.1085364,-2.801553,-0.171601,0.1885757,1.0988,0.4855739,0.09062071,0.869486,-0.149576,0.9885579,-0.01949841,-0.8613043,-0.1205863,0.4935727,moving,0.2858913913884862,7.360421842612705,-8.876256139510547,9.738215104372673,-1.0342759,0.0043038999999999,0.3644689999999997,0.0049486105827016,0.1281089829906168,0.9917477625168468,0.9806871404406752,8.373048766472063,9.339290197529456,9.465666810829036,9.95103059759704
1599,05/05/2023 12:21:48.788924,1797,True,True,True,True,Eyes,1.925287,0.1012741,-3.338543,-0.8749555,0.00660997,0.4841581,0.0,0.0,0.0,0.0,0.0,0.0,0.0,1.79679,0.1360094,3.281174,2.006296,0.1052245,-3.158601,0.02986693,-0.5067589,0.07065976,0.8586679,7.059875,299.2295,5.265539,0.4871176,0.0262927,-0.8729403,0.0,0.0,0.0,0.9735762,0.1068425,-2.801868,-0.180721,0.1799082,1.094752,0.4764052,0.0910759,0.874496,-0.1516172,0.9882303,-0.0203234,-0.8660544,-0.1229065,0.4846068,moving,0.4138881709582936,7.432268532021491,-9.37381358459571,9.33239782188448,-1.0327197999999995,0.001618,0.3567330000000002,0.0071629614964097,0.1293507515498452,0.9915729723703404,1.1066855252835328,8.447830974829879,9.845846146261366,9.970436147625144,10.51776212409692
1600,05/05/2023 12:21:48.798308,1798,True,True,True,True,Eyes,1.928159,0.1014533,-3.33078,-0.878946,0.00566076,0.4768876,0.0,0.0,0.0,0.0,0.0,0.0,0.0,1.825021,0.1394129,3.258627,2.007114,0.1060025,-3.151039,0.03072252,-0.5112981,0.07201151,0.8558298,7.251514,298.6262,5.312222,0.4883496,0.02629059,-0.8722517,0.0,0.0,0.0,0.9756857,0.1050901,-2.802194,-0.1881863,0.174498,1.090101,0.4667772,0.09184247,0.8795932,-0.1546759,0.9877409,-0.02105221,-0.8707436,-0.1262252,0.4752607,moving,0.5615161017343155,7.556848839772146,-9.794547192340106,9.094471017291964,-1.0314283,-0.0009123999999999,0.3488449999999998,0.0097150398688924,0.1315036259116123,0.991268032635968,1.2519102706230176,8.576983159069336,10.344278101719906,10.469590675459877,11.058572067155032
1601,05/05/2023 12:21:48.817819,1799,True,True,True,True,Eyes,1.931575,0.1016427,-3.321683,-0.8830368,-0.01801166,0.4689581,0.0,0.0,0.0,0.0,0.0,0.0,0.0,1.8534,0.1393842,3.235578,2.007776,0.1063979,-3.143404,0.03109576,-0.5159115,0.07307514,0.8529528,7.379861,298.0101,5.356199,0.4896013,0.02629695,-0.8715495,0.0,0.0,0.0,0.9778922,0.1032571,-2.802535,-0.1927327,0.1611819,1.086866,0.4569907,0.09257398,0.8846411,-0.1567446,0.9873862,-0.02235417,-0.8755517,-0.128447,0.4657368,moving,0.5564398486838439,6.323889734383679,-10.05566252734161,8.43546553989155,-1.0298838,-0.0031407999999999,0.3408689999999996,0.009652467141934,0.1101436126873592,0.9938688666358636,1.2498118087734231,7.30892995162376,10.710305201117174,10.820141830015508,11.361462599339466
1602,05/05/2023 12:21:48.837800,1800,True,True,True,True,Eyes,1.934885,0.1018091,-3.312637,-0.886582,-0.04109795,0.4607422,0.0,0.0,0.0,0.0,0.0,0.0,0.0,1.879616,0.1429646,3.213418,2.008787,0.105952,-3.135761,0.03182841,-0.5202593,0.07390743,0.8502088,7.528749,297.4262,5.356951,0.4908974,0.02631183,-0.8708197,0.0,0.0,0.0,0.9800377,0.1014747,-2.802867,-0.1950382,0.1601221,1.082623,0.447736,0.09255544,0.8893626,-0.1587915,0.9870493,-0.02278046,-0.8799531,-0.1310236,0.4566345,moving,0.5182428677117761,5.14771356857942,-10.21248609782562,8.41316780812117,-1.0287493,-0.0044773,0.332894,0.0090084433186804,0.0897200899230959,0.9959263087659692,1.214932122141108,6.099043316374559,11.106920638922563,11.216583059130103,11.659376455768513
1603,05/05/2023 12:21:48.848859,1801,True,True,True,True,Eyes,1.934885,0.1018091,-3.312637,-0.886582,-0.04109795,0.4607422,0.0,0.0,0.0,0.0,0.0,0.0,0.0,1.903067,0.1565523,3.191959,2.009827,0.1056209,-3.127972,0.03388369,-0.5241587,0.07559549,0.8475819,7.856152,296.902,5.36519,0.492231,0.02633381,-0.8700659,0.0,0.0,0.0,0.9822911,0.09960277,-2.803215,-0.194114,0.1602174,1.078357,0.439086,0.09262587,0.8936577,-0.1636676,0.9862744,-0.02180967,-0.8834119,-0.1366865,0.4482191,moving,1.073620119800182,5.424768438294581,-10.20447499015492,8.450925548020347,-1.0275359000000002,-0.00601813,0.3247570000000004,0.0186532193164184,0.0945222311349398,0.9953480116569526,1.7617200865264957,6.387849060296805,11.563903054970265,11.677031136463455,12.14273894998127
1604,05/05/2023 12:21:48.868097,1802,True,True,True,True,Eyes,1.934885,0.1018091,-3.312637,-0.886582,-0.04109795,0.4607422,0.0,0.0,0.0,0.0,0.0,0.0,0.0,1.924299,0.1628178,3.171961,2.011095,0.1055415,-3.120116,0.03498176,-0.5278709,0.07699999,0.8451034,8.072065,296.4018,5.402225,0.4934303,0.02635355,-0.8693857,0.0,0.0,0.0,0.9842314,0.09799097,-2.803515,-0.1925534,0.1586547,1.074929,0.4308466,0.09321421,0.8975981,-0.1670776,0.9856946,-0.02216571,-0.8868238,-0.1404185,0.4402572,moving,1.597728644651725,5.591934663269932,-10.155754109873357,8.395983051839664,-1.0268636,-0.00755053,0.3166009999999999,0.0277494278006151,0.097405282611705,0.9948578990263456,2.277945093504715,6.56342346669506,11.969342423068342,12.083337462239436,12.56802094656075
1605,05/05/2023 12:21:48.887996,1803,True,True,True,True,Eyes,1.93765,0.1018667,-3.304286,-0.8902003,-0.04204253,0.4536254,0.0,0.0,0.0,0.0,0.0,0.0,0.0,1.945307,0.1628009,3.151956,2.012182,0.1049924,-3.112176,0.03519852,-0.5316641,0.0773868,0.8426777,8.140997,295.8864,5.390508,0.4945089,0.02637126,-0.8687721,0.0,0.0,0.0,0.9863991,0.09619015,-2.80385,-0.1899129,0.1547818,1.071467,0.4226891,0.09299666,0.9014908,-0.1678518,0.9855447,-0.02296555,-0.8905951,-0.1416096,0.4321887,moving,1.6554517523308845,5.601533872226898,-10.051042496713729,8.219960627408982,-1.0257829000000005,-0.0088022499999999,0.3083259999999996,0.0287512288799084,0.0975691985136985,0.9948134349280476,2.334820707090061,6.573698158031503,11.886817139853182,11.995756177714185,12.494790411264267
1606,05/05/2023 12:21:48.898081,1804,True,True,True,True,Eyes,1.940359,0.1018959,-3.295951,-0.8937839,-0.04308581,0.4464234,0.0,0.0,0.0,0.0,0.0,0.0,0.0,1.96786,0.1743651,3.130485,2.013649,0.1040303,-3.104385,0.03693836,-0.535581,0.07788906,0.8400726,8.365864,295.3491,5.294781,0.4956284,0.02639274,-0.8681333,0.0,0.0,0.0,0.9886103,0.0943533,-2.804192,-0.1875415,0.1486419,1.068275,0.4141726,0.09129795,0.9056081,-0.1704319,0.9851377,-0.02136999,-0.8940997,-0.1454936,0.4235771,moving,1.7376532482071236,5.761597252455078,-9.957121940756515,7.92138890053208,-1.0250387,-0.009677,0.3001930000000001,0.0301700740277307,0.1003437469861935,0.9944952478841004,2.4154703653387024,6.738886109915434,11.790662022738791,11.892538277571475,12.42897233172006
1607,05/05/2023 12:21:48.917635,1805,True,True,True,True,Eyes,1.943,0.101879,-3.28769,-0.8973181,-0.04407053,0.4391789,0.0,0.0,0.0,0.0,0.0,0.0,0.0,1.99084,0.1853893,3.108126,2.015006,0.1034016,-3.09634,0.03867159,-0.5396104,0.07824251,0.8373787,8.580945,294.7932,5.181614,0.4967837,0.02641689,-0.8674721,0.0,0.0,0.0,0.9906096,0.09269241,-2.804501,-0.1865502,0.1452148,1.06453,0.4053972,0.08930204,0.9097683,-0.1727724,0.9847652,-0.01967544,-0.8976652,-0.1492065,0.41465,moving,1.8346522474098024,5.914480938862565,-9.939689834939314,7.767893507711361,-1.0243964,-0.0107091899999999,0.2918389999999999,0.0318450020009165,0.1029916775192604,0.994172369670688,2.5107229851849238,6.89679340677589,11.82014589949409,11.91932337100324,12.480849120847658
1608,05/05/2023 12:21:48.938267,1806,True,True,True,True,Eyes,1.945601,0.101836,-3.279435,-0.9008356,-0.04513812,0.4318075,0.0,0.0,0.0,0.0,0.0,0.0,0.0,2.015061,0.1890898,3.085197,2.016604,0.1024373,-3.088282,0.03938986,-0.5439119,0.07834586,0.8345479,8.683257,294.1995,5.102451,0.4979694,0.02644221,-0.8667911,0.0,0.0,0.0,0.9927384,0.09092398,-2.80483,-0.1856829,0.143572,1.060643,0.3960435,0.08791751,0.9140131,-0.173616,0.9846207,-0.01948105,-0.901669,-0.1509719,0.4052165,moving,1.955460354087167,5.946694103618889,-9.929934146415686,7.708882521281882,-1.0238656000000002,-0.0115133199999999,0.283452,0.0339391840304653,0.1035434627646625,0.994045687213014,2.6297288141754507,6.930764996655668,11.916816908354749,12.015319823122857,12.58374350365484
1609,05/05/2023 12:21:48.948256,1807,True,True,True,True,Eyes,1.948125,0.1017548,-3.271294,-0.904292,-0.04610926,0.4244172,0.0,0.0,0.0,0.0,0.0,0.0,0.0,2.040858,0.1946672,3.060644,2.018247,0.1017956,-3.080073,0.04043328,-0.5484146,0.07917785,0.8314672,8.863585,293.5775,5.0701,0.4991823,0.02646793,-0.8660924,0.0,0.0,0.0,0.9948553,0.0891654,-2.805158,-0.1853713,0.1382551,1.056912,0.3859446,0.08731914,0.9183802,-0.1760159,0.9841921,-0.01960669,-0.9055746,-0.1540825,0.3952131,moving,2.1175278368651664,6.05823766614748,-9.947899363063293,7.452569207303023,-1.0233917,-0.0126301999999999,0.274915,0.0367433426674385,0.1054680153846833,0.9937436637674864,2.789217486094885,7.046610435361332,12.05149769814112,12.14572739540266,12.74358458808296
1610,05/05/2023 12:21:48.968240,1808,True,True,True,True,Eyes,1.950626,0.1016416,-3.263144,-0.9077562,-0.04709338,0.4168462,0.0,0.0,0.0,0.0,0.0,0.0,0.0,2.069182,0.1926633,3.034418,2.019909,0.1010592,-3.07182,0.04047744,-0.5533697,0.07964151,0.8281309,8.927447,292.8923,5.058765,0.5004168,0.02649296,-0.865379,0.0,0.0,0.0,0.9969664,0.08741166,-2.805484,-0.1843648,0.1314026,1.053505,0.3748783,0.08710922,0.9229725,-0.1767052,0.9840376,-0.02110117,-0.9100778,-0.1551836,0.384287,moving,2.3246956295164947,6.047525946357638,-9.926320703583867,7.109726215820354,-1.0229426,-0.01364754,0.2663360000000003,0.0403370908467557,0.105267615931953,0.9936254363042082,2.9934500480414465,7.037038818796692,12.209187271692691,12.296978108719983,12.919975221812114
1611,05/05/2023 12:21:48.987740,1809,True,True,True,True,Eyes,1.953127,0.1014769,-3.254933,-0.9111695,-0.04813797,0.4092101,0.0,0.0,0.0,0.0,0.0,0.0,0.0,2.0985,0.192989,3.006768,2.021797,0.1001846,-3.063316,0.0408371,-0.558523,0.07987641,0.8246237,9.008216,292.1742,5.002229,0.5016705,0.02651653,-0.8646521,0.0,0.0,0.0,0.9991221,0.08562087,-2.805817,-0.1826063,0.1274201,1.050108,0.3633437,0.08611903,0.9276664,-0.1773529,0.9839042,-0.02187513,-0.9146187,-0.1565761,0.3727688,moving,2.5588366710274206,6.049507305760263,-9.864685338935391,6.91844757864792,-1.0226748999999995,-0.0145637299999999,0.2574990000000001,0.0443971520575995,0.1052838411450209,0.9934506698930275,3.224240496493069,7.0407093023204,12.369176476984435,12.45387314572766,13.089496837328088
1612,05/05/2023 12:21:48.998161,1810,True,True,True,True,Eyes,1.955616,0.1012674,-3.24671,-0.9145802,-0.04930681,0.4013875,0.0,0.0,0.0,0.0,0.0,0.0,0.0,2.128094,0.2012217,2.977972,2.023808,0.09870715,-3.05484,0.04221251,-0.5636392,0.08079503,0.8209757,9.229497,291.4564,4.94458,0.5029425,0.02653746,-0.8639122,0.0,0.0,0.0,1.001218,0.08387941,-2.806141,-0.1800129,0.1231697,1.046679,0.3515661,0.08507626,0.9322892,-0.1802467,0.9833805,-0.02176759,-0.918647,-0.1603894,0.361058,moving,2.7949854528863165,6.185756889541673,-9.758536538154194,6.711510274664725,-1.02259,-0.0148277399999999,0.2486989999999997,0.0484791185130325,0.1076255233061063,0.9930088371721332,3.4566936148949257,7.182479874884953,12.48266658618952,12.56452669229948,13.223619790450355
1613,05/05/2023 12:21:49.017968,1811,True,True,True,True,Eyes,1.958109,0.1010241,-3.238469,-0.9179039,-0.05050064,0.393576,0.0,0.0,0.0,0.0,0.0,0.0,0.0,2.157875,0.2069512,2.948577,2.025988,0.09745868,-3.046183,0.04330708,-0.5688241,0.08232265,0.8171822,9.464341,290.7288,4.959629,0.5042316,0.02655486,-0.8631598,0.0,0.0,0.0,1.003336,0.08212066,-2.806469,-0.1761543,0.121077,1.04357,0.3393242,0.085277,0.9367961,-0.1838134,0.982695,-0.02287468,-0.9225355,-0.1644338,0.3491272,moving,3.0524708775040663,6.329607683566305,-9.581191496122852,6.617977410889885,-1.022652,-0.01533802,0.2397140000000002,0.0529267708972815,0.1100934007342681,0.9925110337365372,3.710160560068674,7.332216586385771,12.55570696320176,12.63695303743878,13.310528805477254
1614,05/05/2023 12:21:49.038001,1812,True,True,True,True,Eyes,1.960614,0.100752,-3.230196,-0.9212204,-0.05181242,0.3855755,0.0,0.0,0.0,0.0,0.0,0.0,0.0,2.186583,0.2105038,2.919528,2.02856,0.09647778,-3.037224,0.04415394,-0.5739309,0.0843606,0.8133494,9.709888,290.0116,5.037313,0.5055364,0.02656816,-0.8623959,0.0,0.0,0.0,1.005488,0.08033232,-2.806802,-0.1714105,0.1199907,1.040298,0.3269733,0.08654667,0.9410623,-0.1879119,0.9818674,-0.02500914,-0.9261629,-0.1686595,0.3373076,moving,3.297332797406285,6.475407279946682,-9.35658795065368,6.579570267739134,-1.0230720000000002,-0.01614546,0.2304220000000003,0.0571518138925713,0.1125924059118121,0.9919962896817937,3.95117980103437,7.483869483524243,12.572813298768711,12.654349458830682,13.33845716732404
1615,05/05/2023 12:21:49.048250,1813,True,True,True,True,Eyes,1.963135,0.1004517,-3.221907,-0.9244598,-0.05305497,0.3775701,0.0,0.0,0.0,0.0,0.0,0.0,0.0,2.21527,0.2099331,2.89017,2.031315,0.0955643,-3.028068,0.04447523,-0.5791099,0.08666684,0.8094088,9.926025,289.284,5.17137,0.506856,0.02657703,-0.8616207,0.0,0.0,0.0,1.007635,0.07854867,-2.807134,-0.1665588,0.1202381,1.0372,0.3142411,0.08878572,0.9451824,-0.1918099,0.9810216,-0.02838198,-0.9297643,-0.1723765,0.3253073,moving,3.5584807610858507,6.590627982579314,-9.122957368803757,6.612535343949651,-1.02368,-0.01701563,0.2209340000000001,0.0616586796836027,0.1145562740258804,0.991501386470404,4.2083244085790525,7.604187559102367,12.598321871623352,12.681457052511758,13.368113103343951
1616,05/05/2023 12:21:49.074026,1814,True,True,True,True,Eyes,1.965677,0.1001267,-3.213577,-0.9276873,-0.05441361,0.3693715,0.0,0.0,0.0,0.0,0.0,0.0,0.0,2.244215,0.2097663,2.860072,2.034303,0.09467918,-3.018802,0.04487966,-0.5843772,0.08887699,0.8053508,10.14635,288.539,5.286849,0.5081903,0.02658114,-0.8608343,0.0,0.0,0.0,1.009879,0.07668526,-2.80748,-0.1616082,0.119568,1.03398,0.3012084,0.09070102,0.9492348,-0.1956076,0.9801734,-0.03158764,-0.9332798,-0.1761631,0.3129783,moving,3.825145606237761,6.702660415157713,-8.88330018509151,6.596305309019979,-1.024424,-0.0179939199999999,0.211322,0.0662578473372048,0.1164603641474393,0.9909827212397084,4.470914572804347,7.721265179462305,12.624946799889262,12.708890818626,13.401514336451276
1617,05/05/2023 12:21:49.087724,1815,True,True,True,True,Eyes,1.968248,0.09978233,-3.205228,-0.9308226,-0.05564278,0.3612107,0.0,0.0,0.0,0.0,0.0,0.0,0.0,2.272581,0.2104515,2.829611,2.037253,0.09380757,-3.009387,0.04541682,-0.5896097,0.09091793,0.8012688,10.36943,287.7935,5.374942,0.5095384,0.02658031,-0.8600369,0.0,0.0,0.0,1.01185,0.07504723,-2.807785,-0.1575358,0.1203292,1.031072,0.2881885,0.09214303,0.9531302,-0.1992558,0.9793425,-0.03443004,-0.9366134,-0.1799944,0.3005953,moving,4.094667289080034,6.825220449337143,-8.686947071934139,6.656479070019571,-1.0254030000000005,-0.01876034,0.2016019999999998,0.0709011381519924,0.118541958747782,0.9904144758919722,4.736295943478538,7.84918967178292,12.696134923174302,12.782728164471688,13.476127471584109
1618,05/05/2023 12:21:49.098078,1816,True,True,True,True,Eyes,1.970861,0.09942727,-3.19682,-0.9339425,-0.05695747,0.352856,0.0,0.0,0.0,0.0,0.0,0.0,0.0,2.300972,0.2112046,2.798583,2.040666,0.09309392,-2.999694,0.04598198,-0.5949651,0.09243684,0.7970932,10.56187,287.0235,5.407746,0.5109007,0.0265745,-0.8592286,0.0,0.0,0.0,1.013947,0.07330559,-2.808109,-0.1544221,0.1241454,1.027558,0.2749439,0.09264621,0.9569861,-0.2020769,0.9786822,-0.03668955,-0.9399844,-0.1832972,0.2878044,moving,4.368474204770826,6.9142366556619725,-8.54649204678796,6.8888560179916665,-1.026719,-0.0197883299999999,0.1915849999999999,0.0756196400640845,0.1200388284614883,0.9898850706669048,5.005980350238817,7.942646413933874,12.822544678134054,12.914991190692737,13.59338008998324
1619,05/05/2023 12:21:49.118167,1817,True,True,True,True,Eyes,1.973511,0.09905473,-3.188354,-0.936974,-0.05799431,0.3445524,0.0,0.0,0.0,0.0,0.0,0.0,0.0,2.328086,0.2120779,2.767828,2.044195,0.09251387,-2.989739,0.0465764,-0.6002141,0.09384282,0.7929483,10.74959,286.2639,5.426744,0.5122773,0.02656393,-0.8584089,0.0,0.0,0.0,1.016094,0.07152164,-2.808441,-0.1521048,0.1258007,1.024385,0.2618732,0.09291342,0.9606193,-0.2047366,0.9780483,-0.03878622,-0.9431359,-0.1865169,0.2751473,moving,4.636182649387681,7.015712362269393,-8.445798693987694,7.00121429331175,-1.0281010000000002,-0.02099223,0.1812979999999999,0.0802271023972595,0.1217478158664274,0.98931342575891,5.2696240757362,8.048874409561769,12.985349329846416,13.081989377094942,13.755377620096136
1620,05/05/2023 12:21:49.137817,1818,True,True,True,True,Eyes,1.976205,0.09866368,-3.179824,-0.9399838,-0.05899299,0.3360807,0.0,0.0,0.0,0.0,0.0,0.0,0.0,2.354653,0.2049937,2.737384,2.047698,0.09173779,-2.979631,0.04602142,-0.6055528,0.09459712,0.7888214,10.78782,285.4915,5.462018,0.5136684,0.02654859,-0.8575777,0.0,0.0,0.0,1.018247,0.06973367,-2.808774,-0.1498901,0.1251171,1.021315,0.2487145,0.09350368,0.9640531,-0.2049773,0.9778668,-0.04196173,-0.946639,-0.1871725,0.2623757,moving,4.894529247871578,6.9683718326068975,-8.34923143411013,6.984269774351846,-1.029451,-0.02200412,0.1708569999999998,0.084696076207257,0.1208854927818133,0.9890466249646992,5.524390397026385,8.001989353382143,13.146698352727434,13.243770224001786,13.910899893785784
1621,05/05/2023 12:21:49.148170,1819,True,True,True,True,Eyes,1.978941,0.09824879,-3.171216,-0.9428803,-0.05964284,0.3277492,0.0,0.0,0.0,0.0,0.0,0.0,0.0,2.378305,0.197339,2.708952,2.051357,0.0909043,-2.969405,0.04531518,-0.6105546,0.09499871,0.7849491,10.78616,284.7642,5.479556,0.5150741,0.02652847,-0.8567348,0.0,0.0,0.0,1.020301,0.06802691,-2.809092,-0.1472847,0.1275194,1.018469,0.2363966,0.09380351,0.9671183,-0.2044731,0.9778435,-0.04486358,-0.9498987,-0.187144,0.2503392,moving,5.113276768909676,6.905945530254549,-8.228715592441503,7.136691149329232,-1.031056,-0.0228773899999999,0.1603129999999999,0.0884835701129463,0.1197682352934634,0.9888509969791974,5.740159066909985,7.939313421981868,13.244200973015513,13.343987549120216,13.991914156441576
1622,05/05/2023 12:21:49.168153,1820,True,True,True,True,Eyes,1.981733,0.09783839,-3.162539,-0.9457248,-0.0603404,0.3193177,0.0,0.0,0.0,0.0,0.0,0.0,0.0,2.399291,0.1900332,2.682019,2.055058,0.08989218,-2.958817,0.04454826,-0.6153,0.09463768,0.7813227,10.72377,284.0689,5.435102,0.5164955,0.0265034,-0.8558793,0.0,0.0,0.0,1.02246,0.06623349,-2.809426,-0.1446689,0.1292375,1.015489,0.2248993,0.09306404,0.9699275,-0.2027062,0.9781184,-0.046848,-0.9530637,-0.1860743,0.2388428,moving,5.281363855494458,6.789369967205708,-8.107930836332999,7.2528306877548285,-1.032598,-0.0236586899999999,0.1493909999999996,0.091406648751737,0.1177248422104993,0.988830542019703,5.906118843692888,7.820595236092116,13.296483220163198,13.397313468904532,14.025546157514947
1623,05/05/2023 12:21:49.187944,1821,True,True,True,True,Eyes,1.984574,0.0974514,-3.15381,-0.9484413,-0.06093545,0.3110402,0.0,0.0,0.0,0.0,0.0,0.0,0.0,2.417706,0.1937965,2.656707,2.059113,0.08959244,-2.948385,0.04539423,-0.619545,0.09479433,0.7778929,10.8409,283.4357,5.329884,0.5179332,0.026474,-0.855011,0.0,0.0,0.0,1.024619,0.06443986,-2.809759,-0.1416369,0.1293855,1.013041,0.214356,0.09123213,0.9724856,-0.2037272,0.9779068,-0.04683502,-0.955273,-0.1880824,0.2282066,moving,5.410425722907005,6.868543244740006,-7.959134987790261,7.2784061711849795,-1.034494,-0.0251525799999999,0.1386259999999999,0.0936187198498605,0.1190665429615644,0.9884628107669442,6.033149832239384,7.902919788601581,13.27393614917245,13.3758417011975,14.006214754285716
1624,05/05/2023 12:21:49.197998,1822,True,True,True,True,Eyes,1.987454,0.09702837,-3.14501,-0.9511511,-0.0613408,0.3025705,0.0,0.0,0.0,0.0,0.0,0.0,0.0,2.438422,0.1882921,2.629654,2.063123,0.08981744,-2.938008,0.04514015,-0.6241457,0.09605692,0.7740656,10.94053,282.7573,5.397818,0.5193873,0.02644132,-0.8541296,0.0,0.0,0.0,1.026677,0.06273065,-2.810077,-0.1381442,0.1307911,1.010666,0.2024304,0.09236065,0.9749314,-0.2050568,0.9774709,-0.05002415,-0.9575874,-0.1897899,0.216809,moving,5.594185636745445,6.92159387660391,-7.783315221099516,7.373712243923154,-1.036446,-0.02708679,0.1279309999999998,0.0967781341206365,0.1199453048404392,0.988052191358818,6.2141587741191175,7.9587603457674785,13.28105927554872,13.385138782235696,14.009695197551356
1625,05/05/2023 12:21:49.218082,1823,True,True,True,True,Eyes,1.990415,0.09657815,-3.136189,-0.9536969,-0.06217453,0.2942727,0.0,0.0,0.0,0.0,0.0,0.0,0.0,2.460931,0.1704684,2.600774,2.066861,0.08839899,-2.927377,0.04283528,-0.6293408,0.09501877,0.7701083,10.6946,281.9935,5.397647,0.5208582,0.0264047,-0.8532346,0.0,0.0,0.0,1.028807,0.06096076,-2.810407,-0.1337582,0.1301583,1.00866,0.1898031,0.09243351,0.9774615,-0.2002655,0.9782732,-0.05362279,-0.9611809,-0.185574,0.2041905,moving,5.828144534797107,6.602222241972036,-7.553908171441735,7.35286113399542,-1.0380539999999998,-0.0274382299999999,0.1169699999999998,0.1008784390560436,0.1143891527098881,0.9883008314736716,6.445526893583614,7.631939020248984,13.303351329795968,13.403088949147968,14.002216489058332
1626,05/05/2023 12:21:49.237643,1824,True,True,True,True,Eyes,1.993413,0.09619315,-3.127296,-0.956192,-0.0632385,0.285828,0.0,0.0,0.0,0.0,0.0,0.0,0.0,2.483269,0.2036195,2.569118,2.07182,0.08752783,-2.916908,0.04811167,-0.6336342,0.09969272,0.7656725,11.53772,281.3238,5.369861,0.5223466,0.02636374,-0.8523254,0.0,0.0,0.0,1.030964,0.05916885,-2.81074,-0.1292389,0.1298463,1.006809,0.1771383,0.09169358,0.9799053,-0.2136344,0.9754933,-0.05266185,-0.9607198,-0.200013,0.1923861,moving,6.071613790101907,7.368023499707404,-7.314763520764235,7.348766690843544,-1.0408560000000002,-0.02835898,0.1061679999999998,0.1049077100995565,0.1275344778370262,0.9862703603245684,6.683712446949412,8.42121336812053,13.277186005069368,13.386391161682054,14.039496831947323
1627,05/05/2023 12:21:49.248696,1825,True,True,True,True,Eyes,1.996439,0.09583313,-3.118388,-0.9586002,-0.06390731,0.2774915,0.0,0.0,0.0,0.0,0.0,0.0,0.0,2.503255,0.1984583,2.540845,2.075581,0.08889879,-2.906137,0.04831763,-0.638018,0.1037513,0.7614685,11.88659,280.6709,5.65067,0.5238525,0.02632065,-0.851402,0.0,0.0,0.0,1.033052,0.05743447,-2.811063,-0.1245575,0.1326875,1.004793,0.1643375,0.09635169,0.9816871,-0.2196618,0.9738021,-0.05880572,-0.9616351,-0.2059751,0.181197,moving,6.296765794886872,7.631641590802484,-7.066526660543772,7.522642965314738,-1.042529,-0.03146432,0.0950740000000003,0.1087182476801974,0.1320165896512021,0.985267467727388,6.905025813112195,8.693897434809278,13.24819331646414,13.363736975476874,14.020560458
1628,05/05/2023 12:21:49.268274,1826,True,True,True,True,Eyes,1.999524,0.09558181,-3.109416,-0.9609143,-0.06504184,0.2690976,0.0,0.0,0.0,0.0,0.0,0.0,0.0,2.521255,0.167433,2.516552,2.079292,0.08921918,-2.895926,0.04438686,-0.6426549,0.1035001,0.757834,11.55482,279.9952,5.847773,0.5253749,0.02627628,-0.8504647,0.0,0.0,0.0,1.035228,0.0556266,-2.811399,-0.1198115,0.1356362,1.002859,0.1525648,0.09982091,0.9832395,-0.2139227,0.9746351,-0.06575395,-0.9648634,-0.2003054,0.170049,moving,6.45177376987405,7.195536709519042,-6.81283220299674,7.702487949976729,-1.044064,-0.03359258,0.0845269999999995,0.1114929858672527,0.1244750209803118,0.9859389101131928,7.058846295965119,8.246473034035198,13.163041429618804,13.27428985579722,13.882340730231297
1629,05/05/2023 12:21:49.288024,1827,True,True,True,True,Eyes,2.002607,0.09543848,-3.100386,-0.9631699,-0.06574385,0.2607329,0.0,0.0,0.0,0.0,0.0,0.0,0.0,2.536109,0.1784363,2.492258,2.083673,0.09172232,-2.885296,0.04706276,-0.6460087,0.1091367,0.7540208,12.23836,279.4774,6.09573,0.5269145,0.02623369,-0.8495132,0.0,0.0,0.0,1.037317,0.05389173,-2.811723,-0.1155847,0.138813,1.001299,0.1415239,0.1037768,0.9844804,-0.2253885,0.9717486,-0.07003392,-0.9639353,-0.2119791,0.1609158,moving,6.580556884248375,7.80599638773324,-6.584779414629224,7.89277358434459,-1.046356,-0.03783059,0.0735729999999996,0.1135518846828901,0.134940800925424,0.9843257108050218,7.184350632293777,8.87518896125341,13.043334493110038,13.165622284738228,13.8041327949953
1630,05/05/2023 12:21:49.307734,1828,True,True,True,True,Eyes,2.005726,0.09530421,-3.091298,-0.9654004,-0.06620549,0.2522278,0.0,0.0,0.0,0.0,0.0,0.0,0.0,2.55482,0.1303272,2.466375,2.086609,0.09420109,-2.874767,0.04118114,-0.6509587,0.1101411,0.7499507,11.839,278.7634,6.546618,0.5284705,0.02619563,-0.8485472,0.0,0.0,0.0,1.039459,0.05211173,-2.812054,-0.1113664,0.1414889,0.9999532,0.1282437,0.1115864,0.9854452,-0.2188152,0.9723461,-0.08162695,-0.9673023,-0.2051622,0.149114,moving,6.79456144565373,7.305499602062623,-6.354934916851806,8.053632996052775,-1.0471500000000002,-0.04208936,0.062713,0.1173625849590181,0.1262810290127767,0.9850274552936844,7.396476356191608,8.361953111150553,13.054040639396163,13.1707614875811,13.754867258311124
1631,05/05/2023 12:21:49.318075,1829,True,True,True,True,Eyes,2.008878,0.09522451,-3.08219,-0.9675045,-0.06711664,0.2437835,0.0,0.0,0.0,0.0,0.0,0.0,0.0,2.571046,0.1073315,2.441483,2.090484,0.09424491,-2.864199,0.03821882,-0.65547,0.1088933,0.7463517,11.52537,278.0845,6.58959,0.5300432,0.0261619,-0.8475668,0.0,0.0,0.0,1.041536,0.05038685,-2.812375,-0.1070996,0.1442581,0.9989393,0.1170028,0.1124427,0.9867456,-0.2126479,0.9733632,-0.08570315,-0.9700986,-0.1998018,0.1377969,moving,6.930752858720626,6.914207391255148,-6.11949500737933,8.217347726940512,-1.048948,-0.04385806,0.0518240000000003,0.1198047462378796,0.1195159428854908,0.9855773728797036,7.531643576572591,7.960484393862185,13.00315055635338,13.115149412078257,13.653554973344525
1632,05/05/2023 12:21:49.327945,1830,True,True,True,True,Eyes,2.012012,0.09522621,-3.073035,-0.9695455,-0.06782777,0.2353318,0.0,0.0,0.0,0.0,0.0,0.0,0.0,2.585401,0.1374846,2.415606,2.094394,0.09569525,-2.853544,0.04340627,-0.6586599,0.1131356,0.7426194,12.3278,277.5621,6.515373,0.5316319,0.02613354,-0.846572,0.0,0.0,0.0,1.043652,0.04862847,-2.812702,-0.1030411,0.146963,0.9978739,0.1067349,0.1108534,0.9880888,-0.2252133,0.9706325,-0.08456708,-0.9684456,-0.2135044,0.1285661,moving,7.042648764986612,7.678112080386281,-5.895504137022799,8.378072573127271,-1.0507419999999998,-0.0470667799999999,0.040842,0.121525171605651,0.1326173605191319,0.9836891823131018,7.640140460438633,8.746890716855892,12.832179704551264,12.95707317287252,13.540668428549983
1633,05/05/2023 12:21:49.348459,1831,True,True,True,True,Eyes,2.015168,0.09527384,-3.063873,-0.9714586,-0.06854371,0.2270902,0.0,0.0,0.0,0.0,0.0,0.0,0.0,2.594021,0.1260259,2.397055,2.097023,0.09759453,-2.843179,0.04213452,-0.6619128,0.1112642,0.7400787,12.10244,277.0609,6.395185,0.5332356,0.02611226,-0.8455635,0.0,0.0,0.0,1.046006,0.04667318,-2.813066,-0.0991758,0.1487193,0.9971859,0.09898353,0.1089098,0.9891112,-0.2204673,0.9716899,-0.08492869,-0.9703589,-0.2096601,0.1201924,moving,7.007660779574932,7.4253637579813505,-5.679712921346836,8.482512952144384,-1.051017,-0.05092135,0.030113,0.1209939892014081,0.1282851232557398,0.9843289045633844,7.606248017444307,8.48671160715368,12.611654177857307,12.731339907706529,13.285961602224654
1634,05/05/2023 12:21:49.367880,1832,True,True,True,True,Eyes,2.018315,0.09533346,-3.054689,-0.9732965,-0.06926991,0.218851,0.0,0.0,0.0,0.0,0.0,0.0,0.0,2.601385,0.1349467,2.379925,2.100667,0.09880754,-2.833177,0.04373736,-0.6645637,0.1109995,0.737646,12.24297,276.6331,6.204775,0.5348535,0.0260986,-0.8445414,0.0,0.0,0.0,1.047956,0.04505373,-2.813367,-0.09587166,0.1507076,0.9969696,0.09206873,0.1056241,0.9901348,-0.2218891,0.9715323,-0.08300705,-0.9707156,-0.2120578,0.1128846,moving,6.938173854037888,7.553151431593435,-5.492848348912913,8.596073984469948,-1.052711,-0.05375381,0.0198100000000001,0.1197652302192031,0.1304997618340654,0.984188121924082,7.537452965475964,8.617648304753768,12.353992442879717,12.474694403533668,13.030319174719406
1635,05/05/2023 12:21:49.377984,1833,True,True,True,True,Eyes,2.021465,0.09537718,-3.045487,-0.9750603,-0.07003394,0.2106001,0.0,0.0,0.0,0.0,0.0,0.0,0.0,2.610873,0.1405259,2.359977,2.103493,0.09912909,-2.823365,0.04479077,-0.6675698,0.1104336,0.7349482,12.31476,276.1513,6.023625,0.5364847,0.02609215,-0.8435063,0.0,0.0,0.0,1.050081,0.04328849,-2.813696,-0.09268145,0.150149,0.9969893,0.08430989,0.102524,0.9911512,-0.2221278,0.9715964,-0.08160648,-0.9713656,-0.213282,0.1046887,moving,6.914737880718517,7.60267524980345,-5.311027926012265,8.564519150354986,-1.0534119999999998,-0.0558406,0.0096689999999997,0.1193489979645264,0.1313570034362473,0.9841244320923734,7.514235202969638,8.668416882076578,12.144668989528231,12.26354325837585,12.825683960954269
1636,05/05/2023 12:21:49.397932,1834,True,True,True,True,Eyes,2.024608,0.09538919,-3.036271,-0.9767354,-0.07102996,0.202343,0.0,0.0,0.0,0.0,0.0,0.0,0.0,2.62162,0.1449278,2.339003,2.106638,0.09878907,-2.813741,0.04564771,-0.670735,0.1103022,0.7320277,12.40367,275.6446,5.891762,0.5381286,0.02609177,-0.8424584,0.0,0.0,0.0,1.052223,0.04150872,-2.814027,-0.09055629,0.1490241,0.9972174,0.07589595,0.1002536,0.9920632,-0.2227236,0.9714994,-0.0811364,-0.971923,-0.2147979,0.09606172,moving,6.923393192797139,7.647167402069797,-5.188739658601271,8.49937960333922,-1.054415,-0.05728035,-0.000286,0.1194854699265635,0.1321190023346107,0.984005984828495,7.5226619909298575,8.714234508939526,12.024588301039348,12.142076751771793,12.713217316091283
1637,05/05/2023 12:21:49.417592,1835,True,True,True,True,Eyes,2.027725,0.09535717,-3.027043,-0.9783337,-0.07209209,0.1940772,0.0,0.0,0.0,0.0,0.0,0.0,0.0,2.632439,0.157168,2.316943,2.109493,0.09808959,-2.804118,0.04781945,-0.6736296,0.1125007,0.7288897,12.78409,275.1697,5.86052,0.5397843,0.026096,-0.8413984,0.0,0.0,0.0,1.054339,0.03975083,-2.814354,-0.08960898,0.14704,0.9975826,0.06713347,0.09957597,0.9927629,-0.2284264,0.9701138,-0.08185735,-0.9712439,-0.2212778,0.08787284,moving,6.947878840087096,7.969841388390334,-5.132882185633217,8.384812756798778,-1.055154,-0.05833876,-0.0102359999999999,0.1198148532950158,0.1376530285318161,0.9832070495180614,7.546037408921988,9.046254352892143,11.966891613345595,12.087886010265056,12.696161115480477
1638,05/05/2023 12:21:49.437731,1836,True,True,True,True,Eyes,2.030825,0.09532747,-3.017811,-0.9798458,-0.07327115,0.1858321,0.0,0.0,0.0,0.0,0.0,0.0,0.0,2.641633,0.1531213,2.297348,2.11189,0.09705808,-2.794634,0.04753839,-0.6764925,0.11408,0.7260053,12.90733,274.7193,5.966859,0.5414503,0.02610319,-0.8403271,0.0,0.0,0.0,1.05641,0.0380303,-2.814674,-0.08960747,0.1475924,0.9980663,0.05868718,0.1013266,0.9931207,-0.229964,0.9694518,-0.08532223,-0.971428,-0.2233747,0.08019582,moving,6.937584429178664,8.015571108325815,-5.130321887810335,8.411842258101004,-1.0554799999999998,-0.05902778,-0.0200400000000002,0.1196249306636142,0.1384409068390004,0.9831195318310452,7.535782353280658,9.09321259108218,11.952422352869595,12.074410697825677,12.68441808585834
1639,05/05/2023 12:21:49.447827,1837,True,True,True,True,Eyes,2.033878,0.09528919,-3.008588,-0.9813178,-0.07430316,0.1774665,0.0,0.0,0.0,0.0,0.0,0.0,0.0,2.649569,0.1477775,2.279452,2.114465,0.09715468,-2.785237,0.04730736,-0.6790799,0.1167398,0.7231765,13.11901,274.312,6.165403,0.5431259,0.02611312,-0.8392448,0.0,0.0,0.0,1.058494,0.03629884,-2.814996,-0.08838221,0.1475394,0.998847,0.05044456,0.104596,0.9932346,-0.2330979,0.9682677,-0.09012817,-0.9711441,-0.2269745,0.07322496,moving,6.903027714750446,8.152631928898767,-5.05660368166409,8.402386269543136,-1.055971,-0.0608558399999999,-0.0297589999999998,0.1189919249501593,0.1408030715585745,0.9828608037974664,7.501396501882485,9.233929700081315,11.839156341212377,11.96223893628509,12.58550090726734
1640,05/05/2023 12:21:49.467831,1838,True,True,True,True,Eyes,2.036892,0.09523019,-2.999378,-0.9827326,-0.07522967,0.1690478,0.0,0.0,0.0,0.0,0.0,0.0,0.0,2.660142,0.1257432,2.258992,2.116316,0.09694885,-2.776151,0.04449087,-0.6824556,0.1170457,0.7201219,12.93436,273.7975,6.353125,0.5448094,0.0261253,-0.8381526,0.0,0.0,0.0,1.060696,0.03446982,-2.815337,-0.08644269,0.1427347,0.9999919,0.04110953,0.1078482,0.9933171,-0.2293004,0.9686418,-0.09567927,-0.9724873,-0.2238346,0.06455002,moving,6.922671786506158,7.890372216572981,-4.940559806271728,8.12329200703162,-1.0556199999999998,-0.06247903,-0.0391859999999999,0.1194048992193401,0.1362959674581798,0.9834459336094522,7.52137782447127,8.964349725071914,11.75128796171216,11.865517917590898,12.49028693015511
1641,05/05/2023 12:21:49.487976,1839,True,True,True,True,Eyes,2.039858,0.09519713,-2.990214,-0.9840571,-0.07641216,0.1606011,0.0,0.0,0.0,0.0,0.0,0.0,0.0,2.672428,0.1232828,2.235296,2.118286,0.09635052,-2.767164,0.04430973,-0.685991,0.1158346,0.7169626,12.85355,273.2285,6.200766,0.5464995,0.02613892,-0.8370512,0.0,0.0,0.0,1.062819,0.03270657,-2.815665,-0.08455081,0.156748,0.9998104,0.03199724,0.1053061,0.993925,-0.2268904,0.9692379,-0.0953862,-0.9733947,-0.2224599,0.05490586,moving,6.96036141644621,7.751009721412751,-4.8338220258693605,8.91017258979464,-1.055467,-0.06364395,-0.0485009999999999,0.1200914992622509,0.1338923201581058,0.9836924244829324,7.558857244854809,8.821287341700666,11.730338578593026,11.851009308342732,12.392998026884586
1642,05/05/2023 12:21:49.497708,1840,True,True,True,True,Eyes,2.042743,0.09523217,-2.981066,-0.9853176,-0.0774579,0.1521493,0.0,0.0,0.0,0.0,0.0,0.0,0.0,2.685158,0.1469703,2.209228,2.119956,0.09704039,-2.758392,0.04834754,-0.689063,0.1168625,0.7135811,13.30007,272.6921,5.906936,0.548194,0.02615456,-0.8359419,0.0,0.0,0.0,1.064899,0.03097826,-2.815987,-0.08317491,0.1603036,1.000172,0.02307067,0.1001527,0.9947047,-0.2334107,0.9680114,-0.09205142,-0.9721045,-0.230051,0.04570938,moving,7.01178217444088,8.165857595801748,-4.753813276549801,9.10569698432674,-1.055057,-0.06606213,-0.0575949999999996,0.1208539119744347,0.1409979933472648,0.9826056210225852,7.608565673703415,9.24828983391232,11.673312983880765,11.80307309104691,12.363201285687165
1643,05/05/2023 12:21:49.518273,1841,True,True,True,True,Eyes,2.045562,0.09526625,-2.971984,-0.9865069,-0.07835805,0.1437502,0.0,0.0,0.0,0.0,0.0,0.0,0.0,2.694866,0.1522438,2.186796,2.120824,0.09861953,-2.749534,0.04940965,-0.69224,0.1142344,0.7108537,13.20297,272.1618,5.540733,0.5498914,0.02617391,-0.8348257,0.0,0.0,0.0,1.067039,0.02920099,-2.816318,-0.08215155,0.1528135,1.002245,0.01550839,0.09400117,0.9954514,-0.2308145,0.9690184,-0.08790916,-0.9728742,-0.2284013,0.03672474,moving,6.985266068946526,8.05669321907396,-4.685918038922655,8.66918895205176,-1.0537849999999995,-0.06941854,-0.0667839999999997,0.1204312471441725,0.1391328052316331,0.9829233667825424,7.582685715472724,9.135836501130218,11.565776025856245,11.687244735295575,12.277475229762238
1644,05/05/2023 12:21:49.537781,1842,True,True,True,True,Eyes,2.048305,0.09531491,-2.96293,-0.9876009,-0.07942919,0.1354088,0.0,0.0,0.0,0.0,0.0,0.0,0.0,2.704734,0.1641619,2.164071,2.121934,0.09862702,-2.741058,0.05115034,-0.6953551,0.111188,0.7081682,13.125,271.6317,5.086545,0.5515895,0.02619657,-0.8337039,0.0,0.0,0.0,1.069177,0.02742435,-2.816648,-0.08266518,0.1613664,1.002584,0.008237146,0.08634429,0.9962313,-0.2286149,0.9700418,-0.08218417,-0.9734821,-0.2270763,0.02772995,moving,6.953099062238537,7.966966879604731,-4.713496658500732,9.14336952204944,-1.052757,-0.07120267,-0.0755899999999996,0.1199052892031977,0.1376021892619334,0.9832031510088476,7.551189806282244,9.043334511862906,11.600086946904206,11.72575707100922,12.265094418009742
1645,05/05/2023 12:21:49.548072,1843,True,True,True,True,Eyes,2.050965,0.09539191,-2.953911,-0.9886147,-0.08059431,0.1270653,0.0,0.0,0.0,0.0,0.0,0.0,0.0,2.712667,0.1949108,2.141663,2.12279,0.09896309,-2.732625,0.05589525,-0.6977671,0.1103683,0.7055606,13.46773,271.178,4.58497,0.5532866,0.02622263,-0.8325778,0.0,0.0,0.0,1.071199,0.02574469,-2.816961,-0.08089356,0.1509051,1.004872,0.001879951,0.07773927,0.996972,-0.2337467,0.9693891,-0.07514773,-0.9722958,-0.2328977,0.01999368,moving,6.880266499933261,8.304166639239615,-4.602463107220625,8.540484908053232,-1.0515910000000002,-0.0732184,-0.0843359999999999,0.1185566463748064,0.1434095548657112,0.9825365537719876,7.478603484778571,9.389614514196111,11.36290115252038,11.48516110270916,12.110870781589052
1646,05/05/2023 12:21:49.568036,1844,True,True,True,True,Eyes,2.053536,0.0954726,-2.944927,-0.9895567,-0.08167328,0.1187726,0.0,0.0,0.0,0.0,0.0,0.0,0.0,2.720342,0.2106342,2.120487,2.123347,0.09969692,-2.724436,0.05853831,-0.700277,0.1096511,0.7029667,13.64311,270.7294,4.259381,0.5549807,0.02625256,-0.8314486,0.0,0.0,0.0,1.073335,0.02397036,-2.817291,-0.08062486,0.1438717,1.007239,-0.004822278,0.07217611,0.9973803,-0.2361482,0.9690998,-0.07127135,-0.9717051,-0.2358733,0.01237098,moving,6.811928883917753,8.45794461066656,-4.576506578457249,8.129010519759523,-1.050012,-0.07572656,-0.0928550000000001,0.1173385527549638,0.1460673661771454,0.9822911514754936,7.410880076910001,9.547288548134642,11.274025328239556,11.393184801311763,12.070996288254271
1647,05/05/2023 12:21:49.588039,1845,True,True,True,True,Eyes,2.056019,0.09552687,-2.935958,-0.9904286,-0.08286925,0.1103809,0.0,0.0,0.0,0.0,0.0,0.0,0.0,2.726862,0.217994,2.101121,2.123716,0.09979635,-2.716225,0.05972624,-0.7028016,0.1078895,0.7006158,13.61168,270.2951,3.966294,0.5566708,0.0262861,-0.830317,0.0,0.0,0.0,1.075591,0.02209614,-2.81764,-0.08142467,0.154974,1.006985,-0.01114063,0.06722686,0.9976757,-0.2351297,0.9695852,-0.06795961,-0.9719003,-0.2353402,0.005005173,moving,6.708742371816522,8.395623141268088,-4.622871170881653,8.749120952965203,-1.048125,-0.07770021,-0.1014149999999998,0.1155871692099129,0.1450288236921868,0.9826526924559013,7.309314971137518,9.48247542029172,11.212355064058409,11.337126010763722,11.954700954124368
1648,05/05/2023 12:21:49.607681,1846,True,True,True,True,Eyes,2.0584,0.09555944,-2.927031,-0.9912133,-0.0841581,0.1020465,0.0,0.0,0.0,0.0,0.0,0.0,0.0,2.734636,0.2339852,2.079266,2.124025,0.09916265,-2.708323,0.06229971,-0.7052688,0.107676,0.6979402,13.81832,269.8483,3.685934,0.5583557,0.02632219,-0.8291836,0.0,0.0,0.0,1.077616,0.02041426,-2.817953,-0.08435839,0.1476082,1.008404,-0.01799642,0.06242671,0.9978873,-0.2381789,0.9690493,-0.0649181,-0.9710546,-0.238844,-0.002570766,moving,6.643305423888882,8.562364624942218,-4.78196417976384,8.327702005547023,-1.046409,-0.07874839,-0.1096300000000001,0.1144154850295087,0.1479080910969819,0.9823605109267468,7.244420233976382,9.653501806641124,11.304112814807675,11.427679207130916,12.099242421723556
1649,05/05/2023 12:21:49.618980,1847,True,True,True,True,Eyes,2.060668,0.09557731,-2.918125,-0.9919204,-0.08555757,0.09366941,0.0,0.0,0.0,0.0,0.0,0.0,0.0,2.741387,0.2501438,2.057778,2.123863,0.09865166,-2.700314,0.06494708,-0.7075838,0.1076699,0.6953518,14.04555,269.422,3.417317,0.560034,0.02636001,-0.8280499,0.0,0.0,0.0,1.079663,0.01871368,-2.818269,-0.0877018,0.1474984,1.009772,-0.02453559,0.05782599,0.9980252,-0.241648,0.9683781,-0.0620489,-0.9700539,-0.2426932,-0.009786229,moving,6.556558156204625,8.743007686002095,-4.963857911850607,8.310477918012946,-1.0442,-0.07993798,-0.1179549999999998,0.1128741395899971,0.1510313718828128,0.9820636890799024,7.158486949361095,9.83867644847793,11.401192852275964,11.52853279395526,12.218291029545052
1650,05/05/2023 12:21:49.638968,1848,True,True,True,True,Eyes,2.062812,0.0956069,-2.909259,-0.9925508,-0.08688408,0.08540456,0.0,0.0,0.0,0.0,0.0,0.0,0.0,2.746177,0.2613639,2.039029,2.123368,0.09831309,-2.692412,0.06690995,-0.709577,0.1080568,0.6930709,14.24661,269.0569,3.242737,0.5617036,0.02639899,-0.8269171,0.0,0.0,0.0,1.081705,0.01701744,-2.818585,-0.08982749,0.1467981,1.010543,-0.03035151,0.05482654,0.9980345,-0.2447376,0.9676936,-0.06060256,-0.9691142,-0.2460959,-0.01595285,moving,6.4264649033558445,8.89418335848212,-5.079689177621512,8.265344631167606,-1.0416630000000002,-0.08129565,-0.1261730000000001,0.1105986260170862,0.1536615692584754,0.9819144254277128,7.029896537452726,9.993243534565472,11.394329292550124,11.523325035776889,12.23224022046222
1651,05/05/2023 12:21:49.648252,1849,True,True,True,True,Eyes,2.064821,0.0956016,-2.900444,-0.9931384,-0.08791727,0.07711398,0.0,0.0,0.0,0.0,0.0,0.0,0.0,2.749113,0.2607677,2.023638,2.122461,0.09860339,-2.68443,0.06708076,-0.7114742,0.1076066,0.691177,14.23195,268.7355,3.152028,0.5633633,0.02643939,-0.8257859,0.0,0.0,0.0,1.083887,0.01520511,-2.818922,-0.09114201,0.1470096,1.011492,-0.03554939,0.05329795,0.9979457,-0.2442029,0.967842,-0.06038929,-0.9690724,-0.245848,-0.02139072,moving,6.24919952292255,8.839790269755046,-5.148817814623018,8.269429820642596,-1.038574,-0.0833982799999999,-0.1344920000000002,0.1075750660270975,0.1527803227467321,0.9823877401418052,6.855292484003348,9.93606763800364,11.285489173797188,11.412278925302392,12.119255161759964
1652,05/05/2023 12:21:49.667930,1850,True,True,True,True,Eyes,2.06671,0.09555032,-2.891681,-0.9936549,-0.0888993,0.06889689,0.0,0.0,0.0,0.0,0.0,0.0,0.0,2.754245,0.2501475,2.00661,2.121191,0.09770167,-2.676924,0.06539451,-0.7139634,0.1051375,0.6891487,13.90199,268.3447,3.0431,0.5650113,0.02648014,-0.8246579,0.0,0.0,0.0,1.086018,0.01343462,-2.819252,-0.09216332,0.1529025,1.011446,-0.04159543,0.05153214,0.9978048,-0.2382893,0.9693393,-0.05999556,-0.9703031,-0.2402617,-0.02804047,moving,6.122006398696435,8.4700370417839,-5.206434081695544,8.59643756430148,-1.035173,-0.08426705,-0.142328,0.1054958002252802,0.1464702500317865,0.983573601352042,6.730788234272273,9.554913641208405,11.204702771096107,11.329145634595593,11.975639983351323
1653,05/05/2023 12:21:49.687795,1851,True,True,True,True,Eyes,2.06846,0.09544452,-2.882963,-0.9941049,-0.08991979,0.06058013,0.0,0.0,0.0,0.0,0.0,0.0,0.0,2.759395,0.2561859,1.987409,2.120137,0.09650733,-2.669344,0.06632652,-0.7161843,0.1041876,0.6868958,13.90742,267.955,2.841975,0.5666459,0.02651993,-0.8235342,0.0,0.0,0.0,1.088119,0.01168941,-2.819577,-0.09350405,0.1547981,1.01159,-0.04754991,0.04812802,0.9977087,-0.2381361,0.9694914,-0.05811622,-0.9700671,-0.2403539,-0.03463828,moving,5.998570173523603,8.442789448408757,-5.281000865170611,8.700170335891706,-1.032018,-0.08481792,-0.150233,0.1033833083214511,0.1460350668642605,0.9838626549447508,6.609180142655505,9.526030489549743,11.157561709980405,11.282507156576097,11.918827517514838
1654,05/05/2023 12:21:49.698347,1852,True,True,True,True,Eyes,2.070071,0.09527767,-2.874298,-0.994486,-0.09088723,0.05231609,0.0,0.0,0.0,0.0,0.0,0.0,0.0,2.766706,0.2582982,1.964953,2.118457,0.09508803,-2.661864,0.06686846,-0.7187091,0.104291,0.6841853,13.96981,267.5178,2.751872,0.5682654,0.02655733,-0.8224165,0.0,0.0,0.0,1.090238,0.009928485,-2.819904,-0.09522277,0.1574115,1.011932,-0.05483838,0.04659075,0.9974077,-0.2388266,0.969304,-0.05840889,-0.9695126,-0.2414106,-0.04202791,moving,5.946373776932444,8.460718371216624,-5.375701451198142,8.841806574943272,-1.0282189999999998,-0.085159545,-0.1580400000000001,0.102482033604684,0.1463566358136308,0.983909057783048,6.5576873971204455,9.544105222054348,11.2007663388845,11.328486910901557,11.954036673647462
1655,05/05/2023 12:21:49.717915,1853,True,True,True,True,Eyes,2.071546,0.09506626,-2.865653,-0.9947762,-0.09216136,0.04389171,0.0,0.0,0.0,0.0,0.0,0.0,0.0,2.772748,0.2562518,1.944469,2.116655,0.09344594,-2.654392,0.06670028,-0.7210894,0.1041822,0.6817091,13.95677,267.1155,2.707942,0.5698684,0.02659091,-0.8213054,0.0,0.0,0.0,1.092405,0.008128743,-2.820239,-0.09546482,0.1529667,1.012776,-0.06164744,0.04585015,0.9970444,-0.2382376,0.9693943,-0.0593089,-0.9692484,-0.2411897,-0.04883744,moving,5.850897204128256,8.38318730645913,-5.384821007725979,8.588867875234008,-1.02425,-0.085317197,-0.1658469999999998,0.1008619543118939,0.1450492447927029,0.9842700185049152,6.463757892730421,9.46370378538634,11.115486774031355,11.237600643934828,11.88083161357119
1656,05/05/2023 12:21:49.737988,1854,True,True,True,True,Eyes,2.072865,0.09485028,-2.857058,-0.9949871,-0.0934725,0.03554668,0.0,0.0,0.0,0.0,0.0,0.0,0.0,2.777821,0.2605723,1.923931,2.114805,0.09225467,-2.646655,0.06807452,-0.7229192,0.1079221,0.6790482,14.38816,266.775,2.848932,0.5714545,0.02661983,-0.8202016,0.0,0.0,0.0,1.094549,0.006347425,-2.820571,-0.09531728,0.1501359,1.013589,-0.0685188,0.04814383,0.9964876,-0.2449934,0.9674374,-0.06358609,-0.9671006,-0.2484896,-0.05449266,moving,5.753428673649275,8.732615802950303,-5.372260334246547,8.425562206895613,-1.020256,-0.085907245,-0.1739160000000001,0.099096972380772,0.1510761907388643,0.9835424640240408,6.366858841318682,9.822388444677728,11.006054963372616,11.12992532819803,11.821930576546276
1657,05/05/2023 12:21:49.748328,1855,True,True,True,True,Eyes,2.074016,0.09462907,-2.848505,-0.995127,-0.09477974,0.02718422,0.0,0.0,0.0,0.0,0.0,0.0,0.0,2.78266,0.2543041,1.904831,2.112506,0.09195586,-2.639149,0.06771285,-0.7249922,0.1095301,0.6766127,14.504,266.4233,2.962564,0.5730218,0.02664443,-0.8191066,0.0,0.0,0.0,1.096697,0.004563128,-2.820903,-0.095049,0.1550748,1.013132,-0.0752208,0.05003632,0.9959109,-0.2464014,0.9668362,-0.06718615,-0.9662446,-0.2504477,-0.06039713,moving,5.642628028517117,8.769485254412803,-5.359630119181015,8.702421367320579,-1.0158090000000002,-0.087392732,-0.1817539999999997,0.0971848103194062,0.1517378060864889,0.983631372978575,6.2575546841694525,9.85953359492316,10.875569102748855,11.002462538611155,11.674668794551067
1658,05/05/2023 12:21:49.768333,1856,True,True,True,True,Eyes,2.075014,0.09439203,-2.83999,-0.9951913,-0.09610681,0.01891575,0.0,0.0,0.0,0.0,0.0,0.0,0.0,2.786461,0.2441532,1.886604,2.109564,0.0916528,-2.631461,0.06666191,-0.7270508,0.1103973,0.6743631,14.50341,266.0854,3.076712,0.5745686,0.02666505,-0.8180215,0.0,0.0,0.0,1.098865,0.002762172,-2.821238,-0.09623771,0.149299,1.013499,-0.08158103,0.05196255,0.9953112,-0.245829,0.9667372,-0.07062025,-0.9658741,-0.2504376,-0.06609354,moving,5.515506760874596,8.689786117502273,-5.424308361338765,8.37999790328502,-1.0106990000000002,-0.088890628,-0.1897770000000003,0.0950218471454781,0.1504009772366015,0.9840479880236864,6.132437802912165,9.77668176322722,10.823732535131644,10.94420045713144,11.640837929872214
1659,05/05/2023 12:21:49.787949,1857,True,True,True,True,Eyes,2.075844,0.09413297,-2.831531,-0.9951859,-0.09742785,0.01062493,0.0,0.0,0.0,0.0,0.0,0.0,0.0,2.790079,0.2390282,1.867909,2.106587,0.09107786,-2.623882,0.06638828,-0.728985,0.1116956,0.6720846,14.60097,265.7537,3.160084,0.5760943,0.02668167,-0.8169472,0.0,0.0,0.0,1.100988,0.0009988528,-2.821566,-0.09704377,0.1453168,1.01381,-0.08778995,0.05334562,0.9947096,-0.2469298,0.9662334,-0.0736117,-0.9650486,-0.2520858,-0.07165292,moving,5.382932660420233,8.71234145025918,-5.467798808569023,8.157061956438028,-1.005599,-0.0900790071999999,-0.1976839999999997,0.092738648527676,0.1508209628708529,0.9842015194460464,6.001705066354167,9.798953941069602,10.748300539697542,10.864930221974369,11.586428631207957
1660,05/05/2023 12:21:49.798585,1858,True,True,True,True,Eyes,2.076504,0.09387058,-2.823106,-0.995107,-0.09877311,0.002445173,0.0,0.0,0.0,0.0,0.0,0.0,0.0,2.792297,0.2355436,1.850773,2.103292,0.0903469,-2.616441,0.06627141,-0.7306758,0.1127346,0.6700837,14.68825,265.4606,3.214244,0.5775974,0.02669408,-0.8158848,0.0,0.0,0.0,1.103119,-0.0007715115,-2.821896,-0.0986705,0.1483716,1.012865,-0.09319218,0.05423735,0.9941699,-0.247929,0.965798,-0.07593006,-0.9642856,-0.2535596,-0.07655782,moving,5.212709106935914,8.728272171084514,-5.564039177128876,8.33381643576437,-1.0001730000000002,-0.0911184115,-0.2054550000000001,0.0898098562763856,0.1511353436835543,0.9844248804171604,5.833876505034009,9.81415058992308,10.665592023131582,10.783964897254643,11.493644813794424
1661,05/05/2023 12:21:49.817987,1859,True,True,True,True,Eyes,2.076978,0.09359723,-2.814714,-0.9949714,-0.09999433,-0.005760265,0.0,0.0,0.0,0.0,0.0,0.0,0.0,2.794673,0.2270507,1.833395,2.099786,0.09004826,-2.608807,0.06557707,-0.7324277,0.1144067,0.6679525,14.78508,265.1647,3.366331,0.5790768,0.02670265,-0.8148353,0.0,0.0,0.0,1.10521,-0.002508857,-2.822219,-0.09999411,0.1483528,1.012227,-0.09907849,0.05677556,0.9934587,-0.2488974,0.9652215,-0.07998455,-0.9634489,-0.255194,-0.08150139,moving,5.060037093668388,8.752655357026082,-5.641730714165528,8.337953574030923,-0.994576,-0.092557117,-0.2134119999999999,0.0871802788911144,0.1515898251509846,0.9845914164698676,5.683328752016913,9.838162442228878,10.59198493855258,10.709799801191885,11.42399223392542
1662,05/05/2023 12:21:49.838210,1860,True,True,True,True,Eyes,2.077272,0.09331964,-2.806354,-0.9947734,-0.10116,-0.01387696,0.0,0.0,0.0,0.0,0.0,0.0,0.0,2.796593,0.2096093,1.817408,2.09576,0.0895383,-2.601464,0.06334495,-0.7342646,0.1151095,0.6660275,14.68002,264.8809,3.574328,0.5805311,0.02670749,-0.8137996,0.0,0.0,0.0,1.107312,-0.004254839,-2.822544,-0.1017438,0.1453257,1.011799,-0.1047893,0.06030824,0.9926641,-0.246356,0.9654745,-0.08466262,-0.9634977,-0.2534205,-0.0863141,moving,4.894008967723407,8.575212266524852,-5.742207548814863,8.173549491675999,-0.9884479999999998,-0.093793139,-0.2210800000000001,0.0843658565026822,0.1485759772247879,0.9852956988714958,5.520091315952579,9.65451602904492,10.531462393149477,10.643797948635664,11.359253391141008
1663,05/05/2023 12:21:49.848290,1861,True,True,True,True,Eyes,2.077368,0.09301835,-2.797978,-0.9945175,-0.1021924,-0.02217448,0.0,0.0,0.0,0.0,0.0,0.0,0.0,2.799147,0.1905717,1.799831,2.091664,0.08920462,-2.593823,0.06104711,-0.7362294,0.1166136,0.6638078,14.64065,264.5721,3.847878,0.58196,0.02670892,-0.8127785,0.0,0.0,0.0,1.109435,-0.006018363,-2.822872,-0.1026139,0.1471646,1.010639,-0.111265,0.06492867,0.9916674,-0.2447074,0.9653491,-0.09066165,-0.9631917,-0.2527558,-0.09152105,moving,4.756856833038601,8.465911852299453,-5.797583397153506,8.284917833111667,-0.9822290000000002,-0.095222983,-0.2290489999999998,0.0820299773150967,0.1467248185368354,0.9857702381560818,5.385156661020607,9.541151269109372,10.444306424798055,10.555992014381186,11.253079474277722
1664,05/05/2023 12:21:49.868414,1862,True,True,True,True,Eyes,2.077281,0.09269825,-2.789635,-0.9941925,-0.1032362,-0.03039143,0.0,0.0,0.0,0.0,0.0,0.0,0.0,2.802275,0.1694093,1.781037,2.087138,0.08828275,-2.586425,0.05826383,-0.7383851,0.1174589,0.6615105,14.50971,264.2368,4.108381,0.5833622,0.02670666,-0.8117726,0.0,0.0,0.0,1.111611,-0.00782638,-2.823209,-0.1039732,0.1491233,1.008984,-0.1180183,0.06935833,0.9905863,-0.2414429,0.9656175,-0.09637553,-0.9632119,-0.2505441,-0.0972145,moving,4.64041978945826,8.26458347506393,-5.8834161283680295,8.407196989715652,-0.975527,-0.0961091299999999,-0.2367839999999996,0.0800673259881716,0.1432830208527828,0.9864376707671596,5.270857921868852,9.333286224464972,10.41403842675892,10.524802185309328,11.19265253898764
1665,05/05/2023 12:21:49.888009,1863,True,True,True,True,Eyes,2.077008,0.09232689,-2.781316,-0.9937891,-0.1042969,-0.03879821,0.0,0.0,0.0,0.0,0.0,0.0,0.0,2.805182,0.1536174,1.761377,2.082577,0.08756082,-2.578817,0.05650615,-0.740393,0.1194239,0.6590624,14.55584,263.9062,4.369455,0.5847369,0.02670059,-0.810783,0.0,0.0,0.0,1.113891,-0.009720088,-2.823561,-0.1061752,0.1504619,1.006977,-0.1248876,0.07374211,0.9894269,-0.2410891,0.96509,-0.1023591,-0.9624341,-0.2513234,-0.1027494,moving,4.52201703797876,8.241411657778102,-6.019001442650802,8.49822897281041,-0.9686860000000002,-0.097280908,-0.2447440000000003,0.0780329433349523,0.1429071828726983,0.9866551153090416,5.15420177070924,9.308629842951294,10.432053397781123,10.544146515592162,11.202554155966588
1666,05/05/2023 12:21:49.898077,1864,True,True,True,True,Eyes,2.076563,0.09192146,-2.773021,-0.9933056,-0.1054678,-0.04712281,0.0,0.0,0.0,0.0,0.0,0.0,0.0,2.809324,0.133862,1.73969,2.077832,0.08598753,-2.571373,0.05405531,-0.7426907,0.1213161,0.6563316,14.54599,263.5329,4.678757,0.5860834,0.02668967,-0.8098106,0.0,0.0,0.0,1.115877,-0.01136988,-2.823868,-0.1092292,0.1477946,1.005473,-0.132614,0.07895443,0.9880182,-0.2395399,0.9647208,-0.1092442,-0.9617871,-0.251157,-0.1090228,moving,4.451774910817163,8.149490300030266,-6.199993105288259,8.362033163240929,-0.961955,-0.09735741,-0.2524950000000001,0.0768407899896355,0.1413372126925141,0.9869748306580954,5.085180014653733,9.213604903689152,10.543718666865932,10.653888320121824,11.31725703411349
1667,05/05/2023 12:21:49.917803,1865,True,True,True,True,Eyes,2.075928,0.09147671,-2.764753,-0.9927282,-0.106732,-0.05566812,0.0,0.0,0.0,0.0,0.0,0.0,0.0,2.812182,0.1199307,1.718939,2.073171,0.08484039,-2.563642,0.05272663,-0.7446322,0.1244332,0.6536507,14.72877,263.2,4.991435,0.5874013,0.02667344,-0.8088558,0.0,0.0,0.0,1.117912,-0.01306073,-2.824183,-0.1109111,0.1405392,1.004226,-0.1399214,0.08414783,0.9865807,-0.2411956,0.9634725,-0.1163843,-0.9603369,-0.2542436,-0.1145143,moving,4.346118063121075,8.249926337650793,-6.302452963654781,7.966675941436729,-0.955259,-0.09790112,-0.2605409999999999,0.0750015629284763,0.1430871898093837,0.9868641041978946,4.980796365562693,9.316160001062222,10.547213986043191,10.65233756971894,11.363662378497075
1668,05/05/2023 12:21:49.937811,1866,True,True,True,True,Eyes,2.075112,0.09098855,-2.756511,-0.9920866,-0.1079478,-0.06412053,0.0,0.0,0.0,0.0,0.0,0.0,0.0,2.815625,0.1028656,1.696739,2.067931,0.08351175,-2.556157,0.05090804,-0.746747,0.1273369,0.650817,14.85896,262.8416,5.325804,0.5886908,0.02665133,-0.8079185,0.0,0.0,0.0,1.120102,-0.01488002,-2.824521,-0.1126309,0.1391736,1.002249,-0.1476914,0.08971519,0.9849561,-0.2417769,0.9623873,-0.1239132,-0.9590263,-0.2564406,-0.1204453,moving,4.270041418137744,8.297535285134103,-6.411893052898941,7.90561193809341,-0.9478290000000004,-0.0983917699999999,-0.268364,0.073682146705678,0.1439213567108803,0.9868422245380584,4.905694689628563,9.364592168805874,10.584195757677534,10.689121944925008,11.41124075740314
1669,05/05/2023 12:21:49.948878,1867,True,True,True,True,Eyes,2.074119,0.09043349,-2.748312,-0.9913386,-0.109334,-0.07275896,0.0,0.0,0.0,0.0,0.0,0.0,0.0,2.817446,0.0878287,1.676473,2.062667,0.08201079,-2.54852,0.04902443,-0.7487671,0.128519,0.6484038,14.83503,262.5038,5.535589,0.58995,0.02662272,-0.8070005,0.0,0.0,0.0,1.122175,-0.01660167,-2.824842,-0.1131248,0.1391968,0.9997209,-0.1543385,0.0932486,0.9836079,-0.2400801,0.9621589,-0.1288863,-0.9584057,-0.2560368,-0.1261111,moving,4.127217893810521,8.195073271307738,-6.455921905998817,7.926654327260349,-0.940492,-0.09861246,-0.2763219999999999,0.0712400766137705,0.1421816497013158,0.9872736396959648,4.765153576912071,9.258220706976488,10.483393758529122,10.586543191799292,11.299805485793732
1670,05/05/2023 12:21:49.967691,1868,True,True,True,True,Eyes,2.072947,0.08984791,-2.740151,-0.9905289,-0.1106654,-0.08127556,0.0,0.0,0.0,0.0,0.0,0.0,0.0,2.819519,0.07875639,1.65548,2.057353,0.07992786,-2.541144,0.04818859,-0.7506009,0.1308634,0.6458724,14.99292,262.179,5.745462,0.5911795,0.02658631,-0.8061015,0.0,0.0,0.0,1.124293,-0.01836196,-2.825169,-0.114223,0.1381606,0.9971523,-0.1610537,0.09670133,0.982197,-0.2413829,0.9611053,-0.134205,-0.9569724,-0.2586997,-0.1314476,moving,3.9979743072845255,8.278584112720548,-6.534703389288915,7.88840266352365,-0.93306,-0.09828982,-0.2840249999999997,0.0689981659314493,0.14364318162094,0.9872213220031224,4.6375601296474365,9.343204864540915,10.43711381399342,10.539902325125835,11.266584290752933
1671,05/05/2023 12:21:49.988349,1869,True,True,True,True,Eyes,2.071605,0.08929771,-2.732045,-0.9896023,-0.1121587,-0.09004343,0.0,0.0,0.0,0.0,0.0,0.0,0.0,2.820508,0.06936362,1.635952,2.051794,0.07862436,-2.533847,0.0470868,-0.7524301,0.1314971,0.6436926,14.98129,261.8626,5.848108,0.5923785,0.02654201,-0.8052222,0.0,0.0,0.0,1.126424,-0.02013179,-2.825499,-0.1159039,0.1447921,0.9935368,-0.1668854,0.09842834,0.981051,-0.2401464,0.9609827,-0.1372659,-0.9562839,-0.2585036,-0.1367367,moving,3.8100384553173736,8.194591119108049,-6.653928549566866,8.291572481202895,-0.92537,-0.09875615,-0.291652,0.0657732099894423,0.1422268563171558,0.9876464507236224,4.452507834879548,9.255512990904933,10.356691348366406,10.464416412963496,11.14818866309679
1672,05/05/2023 12:21:49.998064,1870,True,True,True,True,Eyes,2.070073,0.08867979,-2.723979,-0.9886591,-0.113089,-0.09881298,0.0,0.0,0.0,0.0,0.0,0.0,0.0,2.820983,0.05380762,1.617675,2.046254,0.07901461,-2.52672,0.0455375,-0.7540951,0.1336361,0.6414111,15.068,261.5757,6.108451,0.593546,0.02649164,-0.8043635,0.0,0.0,0.0,1.128535,-0.02188579,-2.825825,-0.117594,0.1449276,0.9905424,-0.1730362,0.1027521,0.9795409,-0.2401105,0.9601355,-0.1431321,-0.9551991,-0.2599652,-0.1414664,moving,3.629968385807392,8.23488638130296,-6.770282821713663,8.323961366292867,-0.9177189999999996,-0.1009004,-0.2991049999999999,0.0626622980021427,0.1429500797748364,0.987744225015641,4.2749160555613415,9.295698312410204,10.292635059529877,10.400632650588816,11.087862324677667
1673,05/05/2023 12:21:50.018131,1871,True,True,True,True,Eyes,2.068417,0.08810697,-2.715968,-0.9875506,-0.114575,-0.1077798,0.0,0.0,0.0,0.0,0.0,0.0,0.0,2.824312,0.02114704,1.593308,2.040077,0.07668067,-2.519529,0.03990153,-0.757311,0.1295702,0.6388266,14.31368,261.0811,6.227563,0.5946817,0.02643385,-0.8035262,0.0,0.0,0.0,1.130655,-0.02364664,-2.826153,-0.1199095,0.142929,0.9872457,-0.1806169,0.1051101,0.9779209,-0.2259815,0.9632388,-0.1452696,-0.9572407,-0.2472303,-0.1502243,moving,3.522136754475219,7.394552049576422,-6.925145529786331,8.237789376021489,-0.9094220000000002,-0.10032731,-0.3066240000000002,0.0609251579610158,0.1284622263036379,0.9898412423282524,4.170605460253468,8.43071744253457,10.381471766281557,10.481257382382871,11.097428137718111
1674,05/05/2023 12:21:50.038049,1872,True,True,True,True,Eyes,2.066558,0.08768672,-2.707994,-0.9863793,-0.1159265,-0.1166909,0.0,0.0,0.0,0.0,0.0,0.0,0.0,2.824244,0.03277889,1.575617,2.03524,0.07736581,-2.512332,0.04317638,-0.7581406,0.1348434,0.6365343,15.03607,260.8676,6.313137,0.5957855,0.02637068,-0.8027101,0.0,0.0,0.0,1.132993,-0.02558913,-2.826514,-0.1223124,0.1425978,0.983494,-0.1859199,0.1061974,0.976809,-0.2371325,0.9599061,-0.1494941,-0.9535208,-0.2594271,-0.1532827,moving,3.305510588242455,8.065055544190953,-7.08920014709556,8.249883408446825,-0.902247,-0.10295494,-0.3141820000000002,0.0570916167900536,0.1400685504781351,0.988494406394291,3.955495004008743,9.118775793080044,10.291116058125704,10.396353813273034,11.07882055802424
1675,05/05/2023 12:21:50.048605,1873,True,True,True,True,Eyes,2.064541,0.08728992,-2.70009,-0.9851453,-0.1166003,-0.1260683,0.0,0.0,0.0,0.0,0.0,0.0,0.0,2.824999,-0.01421115,1.554435,2.028412,0.08068608,-2.505219,0.03727532,-0.7605793,0.1371006,0.6335086,14.81983,260.489,6.951745,0.5968574,0.02630713,-0.8019155,0.0,0.0,0.0,1.134891,-0.02716568,-2.826808,-0.1252667,0.1425743,0.9797162,-0.1945547,0.1170072,0.9738881,-0.2304105,0.9596279,-0.1613233,-0.9534461,-0.2557802,-0.1597404,moving,3.196416137822695,7.795617350250423,-7.286314805679279,8.279908895231069,-0.8935209999999998,-0.1078517599999999,-0.3215890000000003,0.0552453223163699,0.1354326478524909,0.9892451974080508,3.848594419589389,8.840915459776616,10.389352932782376,10.493911869955529,11.149032775108184
1676,05/05/2023 12:21:50.068227,1874,True,True,True,True,Eyes,2.062395,0.08692259,-2.692217,-0.983771,-0.1178013,-0.1353418,0.0,0.0,0.0,0.0,0.0,0.0,0.0,2.826678,-0.06893602,1.530663,2.022349,0.08082692,-2.498271,0.02815765,-0.7641373,0.1317175,0.6308343,13.69929,259.9587,7.28224,0.5978971,0.0262439,-0.8011427,0.0,0.0,0.0,1.137093,-0.02899504,-2.827148,-0.1282897,0.1421726,0.9756796,-0.2025106,0.1231512,0.9715058,-0.2092164,0.9637153,-0.1657748,-0.9566703,-0.2368261,-0.1693974,moving,3.071673020138851,6.5974718553171705,-7.490708849863363,8.290589258883756,-0.8852560000000003,-0.10982196,-0.3288770000000003,0.0532312882416775,0.1147304196945297,0.9919693998802476,3.728457125442348,7.607831275873616,10.600182794920254,10.697221943570748,11.239921870049692
1677,05/05/2023 12:21:50.087910,1875,True,True,True,True,Eyes,2.060079,0.08661536,-2.684388,-0.9822601,-0.1190673,-0.1448722,0.0,0.0,0.0,0.0,0.0,0.0,0.0,2.831664,-0.05909884,1.50288,2.016957,0.08135322,-2.491129,0.03155937,-0.7660736,0.1375876,0.6270607,14.50022,259.5422,7.370453,0.5989044,0.0261819,-0.800392,0.0,0.0,0.0,1.13915,-0.03070359,-2.827466,-0.1313535,0.1387101,0.9716702,-0.2115979,0.124198,0.9694335,-0.2209051,0.9601473,-0.1712252,-0.9520649,-0.2503837,-0.1757292,moving,3.040686009664427,7.333624000965142,-7.698756983888629,8.12432770298721,-0.877807,-0.11205681,-0.3363369999999999,0.0526123531496527,0.1274698825801131,0.9904459852234286,3.696178313229797,8.364699527341779,10.66747441537957,10.768511882157496,11.397470291229494
1678,05/05/2023 12:21:50.097993,1876,True,True,True,True,Eyes,2.057641,0.08629744,-2.676589,-0.9806863,-0.1201944,-0.1542975,0.0,0.0,0.0,0.0,0.0,0.0,0.0,2.834439,-0.07497171,1.476145,2.010357,0.082518,-2.484014,0.02970904,-0.7687793,0.1370544,0.6239486,14.34754,259.0632,7.434106,0.5998788,0.02612281,-0.799664,0.0,0.0,0.0,1.141347,-0.03252899,-2.827806,-0.1342005,0.1362474,0.9675204,-0.2196111,0.1253504,0.967501,-0.2167092,0.960667,-0.1736553,-0.9512141,-0.247803,-0.1838086,moving,2.947218716610446,7.123763937067417,-7.896859650645855,8.015752941500748,-0.8690100000000001,-0.1150469899999999,-0.3437919999999996,0.0510201262111983,0.1238515351333498,0.9909882821062044,3.604541185490425,8.14822038070222,10.781956288239158,10.88070218410678,11.502163658022129
1679,05/05/2023 12:21:50.118390,1877,True,True,True,True,Eyes,2.055096,0.08592996,-2.668832,-0.9789203,-0.1218872,-0.1638862,0.0,0.0,0.0,0.0,0.0,0.0,0.0,2.836295,-0.08143634,1.452602,2.004922,0.0818609,-2.476861,0.02886209,-0.7711202,0.1360987,0.6213034,14.22682,258.6408,7.38566,0.6008222,0.02606599,-0.7989573,0.0,0.0,0.0,1.143447,-0.03427291,-2.82813,-0.1365572,0.1328003,0.963178,-0.2262985,0.1246049,0.9660553,-0.2136295,0.9612883,-0.1740327,-0.9503429,-0.2457612,-0.1909188,moving,2.7724450831029928,6.927777088885709,-8.069484889564261,7.850287210343978,-0.861475,-0.11613381,-0.3512689999999998,0.0480170886997462,0.1204789916744428,0.9915539831921808,3.4327269120829618,7.945441938562217,10.78639936950573,10.881106122835744,11.502605389747792
1680,05/05/2023 12:21:50.137695,1878,True,True,True,True,Eyes,2.052462,0.08553331,-2.661111,-0.9770522,-0.1238067,-0.1733228,0.0,0.0,0.0,0.0,0.0,0.0,0.0,2.841023,-0.0573979,1.425308,1.999668,0.08034656,-2.470037,0.0336031,-0.7730241,0.1387178,0.6181117,14.83316,258.2176,7.103084,0.6017346,0.02600978,-0.7982721,0.0,0.0,0.0,1.145518,-0.03599342,-2.828451,-0.1390785,0.1322263,0.95856,-0.2336176,0.1195341,0.9649531,-0.2234382,0.9592564,-0.1729234,-0.9463078,-0.2560053,-0.1973907,moving,2.671045040897395,7.449857255354274,-8.255497872316836,7.853966009757896,-0.85415,-0.11633998,-0.3584139999999998,0.0462091095399878,0.1295199638596946,0.9904994652431038,3.3315457078842385,8.481660133097613,10.8351389886882,10.9340131662486,11.60403286973775
1681,05/05/2023 12:21:50.148275,1879,True,True,True,True,Eyes,2.049758,0.08515721,-2.653437,-0.9749854,-0.1263353,-0.1828737,0.0,0.0,0.0,0.0,0.0,0.0,0.0,2.844727,-0.03112307,1.399707,1.994805,0.07924975,-2.463147,0.03850993,-0.7748123,0.1401874,0.6152481,15.34463,257.8095,6.718697,0.6026175,0.02595325,-0.7976076,0.0,0.0,0.0,1.147704,-0.0378098,-2.828789,-0.1407581,0.131494,0.9537416,-0.2399732,0.1128242,0.9642009,-0.232176,0.957729,-0.1698516,-0.9426064,-0.2646242,-0.2036343,moving,2.510327576806414,7.8490258079230495,-8.395401977949776,7.849978559289911,-0.8471009999999999,-0.1170595499999999,-0.3656419999999998,0.0433898981432052,0.1364346495495559,0.9896983538090544,3.172184359656549,8.891058120130639,10.804674054746169,10.905729596373542,11.614340288194454
1682,05/05/2023 12:21:50.168234,1880,True,True,True,True,Eyes,2.046967,0.08482245,-2.645807,-0.9728263,-0.1288963,-0.1923403,0.0,0.0,0.0,0.0,0.0,0.0,0.0,2.848145,-0.00826177,1.374263,1.99016,0.07947396,-2.456327,0.04375757,-0.7763041,0.1445664,0.611995,16.1417,257.4255,6.516151,0.6034722,0.02589702,-0.796963,0.0,0.0,0.0,1.149755,-0.03951304,-2.829106,-0.14316,0.1338087,0.9488064,-0.2470948,0.1090095,0.9628402,-0.2448861,0.9543717,-0.1708961,-0.9375367,-0.2780137,-0.2091254,moving,2.38391313583099,8.523346135152858,-8.580311533848025,8.027395554572834,-0.8404049999999998,-0.118987,-0.3727789999999999,0.0411365173504824,0.1480869377706342,0.9881184660411216,3.045987490600684,9.583670925802524,10.866341102967295,10.97543573556766,11.729996676768206
1683,05/05/2023 12:21:50.188123,1881,True,True,True,True,Eyes,2.0441,0.08449304,-2.638159,-0.9704592,-0.1315673,-0.2022353,0.0,0.0,0.0,0.0,0.0,0.0,0.0,2.852004,-0.00539282,1.347031,1.985188,0.08013836,-2.449706,0.0452151,-0.778684,0.1455652,0.6086194,16.36385,256.9419,6.389031,0.6042992,0.02584229,-0.7963378,0.0,0.0,0.0,1.15198,-0.04136182,-2.82945,-0.1451069,0.1351437,0.9433604,-0.255076,0.106771,0.9610078,-0.2476041,0.9535328,-0.1716609,-0.9346808,-0.281736,-0.2167865,moving,2.268863768907277,8.607607441554926,-8.744651127839822,8.152595821804919,-0.833208,-0.12150018,-0.3797440000000001,0.0391435766450109,0.1495519288608052,0.9879788109273746,2.9323836562403844,9.66952587106618,10.91039081001886,11.022910049300854,11.77515257323534
1684,05/05/2023 12:21:50.197992,1882,True,True,True,True,Eyes,2.041176,0.08417949,-2.630547,-0.9679793,-0.1343758,-0.2120363,0.0,0.0,0.0,0.0,0.0,0.0,0.0,2.857028,0.003804296,1.317224,1.980751,0.07976933,-2.442942,0.04736639,-0.7813563,0.1455492,0.6050242,16.54494,256.3929,6.114255,0.6051005,0.02578908,-0.7957308,0.0,0.0,0.0,1.154011,-0.04304944,-2.829764,-0.1480553,0.1340708,0.9383484,-0.2634045,0.1021015,0.9592671,-0.2501416,0.9531437,-0.170136,-0.9316905,-0.2847672,-0.2255225,moving,2.194072160169755,8.640550326943648,-8.966372700747126,8.131360679655874,-0.82674,-0.12281877,-0.386822,0.0378505375151997,0.1501274414524306,0.9879419322533978,2.858583211102415,9.702883914274524,11.05851751068016,11.172054582325986,11.928925668061298
1685,05/05/2023 12:21:50.218155,1883,True,True,True,True,Eyes,2.038174,0.08391268,-2.622952,-0.9653596,-0.136955,-0.2220903,0.0,0.0,0.0,0.0,0.0,0.0,0.0,2.861531,0.01813921,1.287878,1.976372,0.07984959,-2.436164,0.05080422,-0.783663,0.1471721,0.6013582,16.96394,255.8752,5.843374,0.6058768,0.02573775,-0.7951416,0.0,0.0,0.0,1.156126,-0.044806,-2.830091,-0.150719,0.1364365,0.932699,-0.2715748,0.09737956,0.9574783,-0.2566331,0.9515187,-0.1695636,-0.9275704,-0.2917698,-0.2334176,moving,2.099043309227562,8.927700145773429,-9.179330717363314,8.32228014387911,-0.820246,-0.12465559,-0.3939269999999997,0.0361838677349962,0.1550863757056451,0.9872380029544416,2.7642357244081186,9.997536039556197,11.174223483596206,11.294611726941897,12.060483475591248
1686,05/05/2023 12:21:50.228283,1884,True,True,True,True,Eyes,2.035118,0.08369248,-2.61539,-0.9626685,-0.1392934,-0.2320918,0.0,0.0,0.0,0.0,0.0,0.0,0.0,2.865141,0.01281106,1.259802,1.971563,0.08057494,-2.429556,0.05041962,-0.7865735,0.1456799,0.5979444,16.82636,255.3256,5.689894,0.6066304,0.02568943,-0.7945683,0.0,0.0,0.0,1.158291,-0.04660463,-2.830426,-0.1541724,0.1349387,0.9273675,-0.2798409,0.09489954,0.9553446,-0.2535345,0.9524704,-0.1688797,-0.9259641,-0.2894722,-0.2424798,moving,1.996864736944999,8.666436324633962,-9.438945511033824,8.278850310515132,-0.813272,-0.12717957,-0.4008700000000003,0.0344474356464103,0.1505923021126512,0.9879955609843843,2.664132927317879,9.728130742046794,11.322995028045858,11.44237645535743,12.18954147841971
1687,05/05/2023 12:21:50.247793,1885,True,True,True,True,Eyes,2.031995,0.08350869,-2.607872,-0.9598552,-0.141232,-0.2423459,0.0,0.0,0.0,0.0,0.0,0.0,0.0,2.868471,0.002296388,1.231963,1.967117,0.08143614,-2.422743,0.04919598,-0.7895897,0.1442561,0.5944057,16.63603,254.7672,5.618363,0.6073613,0.02564529,-0.7940112,0.0,0.0,0.0,1.160361,-0.04832392,-2.830745,-0.1575982,0.1339659,0.9223175,-0.2885233,0.09380394,0.9528667,-0.2491825,0.9535399,-0.1693214,-0.9244795,-0.2862909,-0.2517441,moving,1.8980862355839023,8.37326475674519,-9.696594721732495,8.26437210277561,-0.806756,-0.12976006,-0.4080019999999997,0.0327691112940701,0.1455431954940778,0.9888090723836526,2.567456798398978,9.425934124104066,11.476162290140264,11.595192284392873,12.318936074914577
1688,05/05/2023 12:21:50.268234,1886,True,True,True,True,Eyes,2.028825,0.08339087,-2.600379,-0.9569621,-0.1429704,-0.2525531,0.0,0.0,0.0,0.0,0.0,0.0,0.0,2.872005,-0.0105986,1.202446,1.962216,0.08204756,-2.416067,0.04722513,-0.7929173,0.141431,0.590804,16.26545,254.1681,5.512911,0.6080703,0.02560599,-0.7934697,0.0,0.0,0.0,1.162644,-0.05022075,-2.831099,-0.1595502,0.1213091,0.9180943,-0.2974409,0.09222479,0.9502755,-0.2420073,0.9555341,-0.1684846,-0.9235591,-0.2800878,-0.2618958,moving,1.820082729806908,7.908878348222021,-9.858636269300703,7.526970839820831,-0.799572,-0.13226831,-0.415032,0.0314592887302214,0.1375299282750897,0.9899979274793544,2.491662223591198,8.947799114139684,11.584360004953648,11.684961737425173,12.43175875926781
1689,05/05/2023 12:21:50.287705,1887,True,True,True,True,Eyes,2.025584,0.08334837,-2.592907,-0.9539515,-0.1444438,-0.2628929,0.0,0.0,0.0,0.0,0.0,0.0,0.0,2.875268,-0.02062988,1.173215,1.957827,0.0834772,-2.409142,0.04618365,-0.7960252,0.1401232,0.5870066,16.09932,253.5808,5.433671,0.6087579,0.02557309,-0.7929434,0.0,0.0,0.0,1.164651,-0.05188818,-2.831409,-0.1635441,0.1300733,0.9125657,-0.3065811,0.09097973,0.9474868,-0.2380331,0.9564652,-0.1688629,-0.9216012,-0.2773033,-0.2715778,moving,1.7481701828300351,7.66439928421013,-10.160319259019948,8.112059286633562,-0.7931759999999999,-0.13536538,-0.4222669999999997,0.0302343063762609,0.1333094508829926,0.9906132593521658,2.4213533936728973,8.695866902101988,11.801722173901547,11.91690061485881,12.595210124146318
1690,05/05/2023 12:21:50.298262,1888,True,True,True,True,Eyes,2.022288,0.08337428,-2.585454,-0.9508587,-0.1456377,-0.2732351,0.0,0.0,0.0,0.0,0.0,0.0,0.0,2.878325,-0.03950664,1.142341,1.952782,0.08517139,-2.402216,0.04360934,-0.7994478,0.1382476,0.582983,15.77679,252.9577,5.453953,0.6094263,0.02554819,-0.7924305,0.0,0.0,0.0,1.166847,-0.05371195,-2.831748,-0.1661075,0.1222186,0.9079928,-0.3164584,0.09146521,0.9441867,-0.2309188,0.9579716,-0.1701965,-0.9200711,-0.2718905,-0.2820371,moving,1.7100324605668134,7.273939493231548,-10.367009881567888,7.666110102053892,-0.785935,-0.13888334,-0.429532,0.0296013192147235,0.1265579583569625,0.9915174592392486,2.3846807169902053,8.294038588157816,11.97897542214934,12.08340802588982,12.767141704587427
1691,05/05/2023 12:21:50.317606,1889,True,True,True,True,Eyes,2.018928,0.08346312,-2.57801,-0.9476215,-0.1468175,-0.2836513,0.0,0.0,0.0,0.0,0.0,0.0,0.0,2.881653,-0.05799267,1.109901,1.948045,0.08679298,-2.395154,0.04103883,-0.8030341,0.1362204,0.5787019,15.44289,252.2975,5.462108,0.610075,0.02553267,-0.7919316,0.0,0.0,0.0,1.168914,-0.05542938,-2.832068,-0.1682359,0.1025754,0.9052692,-0.3268396,0.09175081,0.9406154,-0.2235731,0.9595196,-0.1712807,-0.9182541,-0.2662777,-0.293096,moving,1.6993946964213935,6.870425225099722,-10.527788014873412,6.464571339316492,-0.779131,-0.14222236,-0.4369140000000002,0.0294429177651113,0.1195725193342764,0.992388770983288,2.375145778857064,7.878976369424164,12.15624177833025,12.233916561428394,12.980225039443107
1692,05/05/2023 12:21:50.337749,1890,True,True,True,True,Eyes,2.015507,0.08359465,-2.570585,-0.9442886,-0.1478138,-0.2940578,0.0,0.0,0.0,0.0,0.0,0.0,0.0,2.885167,-0.06555408,1.075971,1.943068,0.08834755,-2.388072,0.04051676,-0.8064274,0.1350835,0.5742697,15.33162,251.6302,5.342833,0.6107051,0.02552755,-0.791446,0.0,0.0,0.0,1.170987,-0.05715123,-2.832388,-0.1690246,0.1123268,0.9000673,-0.3371452,0.08980112,0.9371598,-0.2204964,0.9602217,-0.1713351,-0.9152671,-0.2644052,-0.3039334,moving,1.702646953566962,6.70234685937814,-10.635765035111833,7.11363298073042,-0.772081,-0.14549878,-0.4443159999999997,0.0295095387218762,0.1166605820908025,0.9927332798954096,2.378747607568504,7.706141441738378,12.25359708473053,12.345264949606776,13.027993153316146
1693,05/05/2023 12:21:50.348273,1891,True,True,True,True,Eyes,2.012031,0.08375357,-2.563171,-0.9408123,-0.1489723,-0.304433,0.0,0.0,0.0,0.0,0.0,0.0,0.0,2.888509,-0.07051036,1.041597,1.938081,0.08945316,-2.381012,0.04016352,-0.8098612,0.1332759,0.5698679,15.16774,250.9529,5.162465,0.6113179,0.02553316,-0.7909726,0.0,0.0,0.0,1.173109,-0.05891434,-2.832716,-0.1712303,0.1061241,0.8955439,-0.347275,0.08684561,0.9337334,-0.2169531,0.9612489,-0.1700942,-0.912322,-0.2616458,-0.3149762,moving,1.7026858065166437,6.473521991009931,-10.824454173006686,6.758170303050202,-0.764972,-0.1483675,-0.4517039999999999,0.0295238161562325,0.112694895136551,0.9931909113444984,2.3793250907107817,7.470810300008658,12.446059502688987,12.530373527078876,13.2229967333521
1694,05/05/2023 12:21:50.367851,1892,True,True,True,True,Eyes,2.008497,0.08392258,-2.55578,-0.9372371,-0.1499679,-0.3147954,0.0,0.0,0.0,0.0,0.0,0.0,0.0,2.891248,-0.07351327,1.008001,1.933169,0.09024377,-2.373921,0.04017962,-0.8131191,0.1319546,0.5655184,15.07209,250.2965,4.98489,0.6119127,0.02554931,-0.790512,0.0,0.0,0.0,1.175254,-0.06069602,-2.833048,-0.1741071,0.1021915,0.8915071,-0.357149,0.08390383,0.9302713,-0.2145871,0.9619472,-0.1691449,-0.9090638,-0.2600341,-0.3255538,moving,1.6895949367601035,6.324030092087047,-11.050504866593975,6.539148526606884,-0.7579149999999999,-0.15093979,-0.4591269999999996,0.0293054548599882,0.1101038575443597,0.9934879100307564,2.3667735434853974,7.316976368964362,12.66149359096814,12.741915826919158,13.439805656553542
1695,05/05/2023 12:21:50.387977,1893,True,True,True,True,Eyes,2.004907,0.08410244,-2.548409,-0.9334943,-0.1512046,-0.3251547,0.0,0.0,0.0,0.0,0.0,0.0,0.0,2.893952,-0.07853177,0.9732907,1.928097,0.09061243,-2.366991,0.03975166,-0.816493,0.1304589,0.5610168,14.93009,249.6204,4.836443,0.6124915,0.02557537,-0.7900627,0.0,0.0,0.0,1.177353,-0.0624396,-2.833373,-0.1755624,0.1095974,0.8864367,-0.3673603,0.08146539,0.9265043,-0.2112932,0.9628006,-0.1684349,-0.9057605,-0.2576403,-0.3364816,moving,1.691684442143968,6.112111917822371,-11.202687338722994,7.0481760952642425,-0.7507439999999999,-0.15305203,-0.4663819999999998,0.0293535047222695,0.1064283853505569,0.9938870100156926,2.369332537170488,7.0990469567198815,12.836024046647683,12.928303824071747,13.572115213045937
1696,05/05/2023 12:21:50.397934,1894,True,True,True,True,Eyes,2.00126,0.0842732,-2.541056,-0.9296416,-0.1522132,-0.3355556,0.0,0.0,0.0,0.0,0.0,0.0,0.0,2.896509,-0.08703196,0.9370933,1.922975,0.09105422,-2.359948,0.03875684,-0.8200444,0.1289587,0.5562328,14.75104,248.9116,4.73921,0.613054,0.02561071,-0.7896252,0.0,0.0,0.0,1.17947,-0.06419808,-2.8337,-0.1778133,0.1148563,0.8819579,-0.3782062,0.07989751,0.9222672,-0.2070268,0.9637351,-0.1683881,-0.9022751,-0.2546194,-0.3479497,moving,1.726050515880642,5.872606565915241,-11.398713580412837,7.419801949088177,-0.7435050000000001,-0.1552523,-0.4737519999999997,0.029962771282511,0.1022710093925895,0.9943051827135636,2.403771864626601,6.852971017367306,13.11328368145909,13.215643992521365,13.814119652213856
1697,05/05/2023 12:21:50.418353,1895,True,True,True,True,Eyes,1.997534,0.08442426,-2.533691,-0.9255823,-0.153418,-0.3460642,0.0,0.0,0.0,0.0,0.0,0.0,0.0,2.899286,-0.09800968,0.8984463,1.917808,0.09095997,-2.352958,0.03715537,-0.8238701,0.1270454,0.5511054,14.49472,248.153,4.668999,0.613601,0.02565424,-0.7891989,0.0,0.0,0.0,1.181584,-0.06595479,-2.834027,-0.1797223,0.1237633,0.8774873,-0.3898045,0.0788084,0.9175192,-0.2012532,0.964958,-0.1683847,-0.8986377,-0.2502908,-0.3602846,moving,1.7954519797523565,5.540731426137196,-11.574937245678834,8.02820366572297,-0.736224,-0.15691476,-0.4810689999999997,0.0311851782523508,0.0965063968602393,0.9948437602665824,2.4729635722824383,6.512143111542931,13.48035382457969,13.599809784781415,14.129471221359196
1698,05/05/2023 12:21:50.438061,1896,True,True,True,True,Eyes,1.993758,0.08454287,-2.526343,-0.9213827,-0.1544624,-0.3566445,0.0,0.0,0.0,0.0,0.0,0.0,0.0,2.901998,-0.106835,0.8578856,1.912394,0.0905603,-2.345958,0.03589781,-0.8277782,0.1251942,0.5457301,14.26736,247.3636,4.569652,0.6141321,0.02570455,-0.7887841,0.0,0.0,0.0,1.183703,-0.0677148,-2.834354,-0.1809973,0.1234971,0.8741745,-0.4017802,0.07721363,0.9124752,-0.1960753,0.9660755,-0.168085,-0.8944983,-0.246447,-0.3730103,moving,1.8896998069133653,5.246104125472435,-11.69776663291479,8.041123383251582,-0.728691,-0.1582751,-0.4883959999999998,0.0328375243258302,0.091384598397005,0.9952741152191537,2.566558815554335,6.2097954387210486,13.751282861088685,13.871963700385493,14.381402662475672
1699,05/05/2023 12:21:50.448213,1897,True,True,True,True,Eyes,1.989939,0.08461031,-2.519038,-0.9170327,-0.1557946,-0.3671227,0.0,0.0,0.0,0.0,0.0,0.0,0.0,2.904938,-0.1156813,0.8150756,1.907269,0.08986561,-2.33894,0.03478602,-0.8318262,0.1239425,0.5399014,14.10852,246.5278,4.492245,0.614649,0.02576015,-0.7883796,0.0,0.0,0.0,1.185877,-0.0695212,-2.834691,-0.1816607,0.1231862,0.8714377,-0.4145929,0.07596159,0.9068311,-0.1917053,0.9668564,-0.1686351,-0.8895853,-0.2437592,-0.3862894,moving,2.0388843480283305,4.998723253144981,-11.775294553185953,8.046005386403428,-0.721392,-0.15938681,-0.4957509999999998,0.0354425905869589,0.0870787996104006,0.9955707471318336,2.7141943878072223,5.956420729410247,14.024733816660122,14.146288103754635,14.639387070840936
1700,05/05/2023 12:21:50.467624,1898,True,True,True,True,Eyes,1.986069,0.08464556,-2.511745,-0.9125169,-0.1570479,-0.3776889,0.0,0.0,0.0,0.0,0.0,0.0,0.0,2.9077,-0.1239797,0.7698004,1.90186,0.08875808,-2.331895,0.03367097,-0.8360437,0.122521,0.533747,13.93432,245.6481,4.401674,0.6151516,0.02581893,-0.7879857,0.0,0.0,0.0,1.188053,-0.07132852,-2.835027,-0.1825364,0.1260925,0.8684319,-0.4279608,0.07448965,0.9007223,-0.1870912,0.9677097,-0.1689223,-0.8842207,-0.2408094,-0.4002055,moving,2.221484650027266,4.73853793245302,-11.87024927873948,8.261363797868066,-0.7138070000000001,-0.1600866,-0.5031320000000004,0.0386302183352955,0.0825471824589167,0.995838194569124,2.894798374171291,5.690110507479295,14.396769441578614,14.525400758574378,14.987260445994156
1701,05/05/2023 12:21:50.487975,1899,True,True,True,True,Eyes,1.982127,0.08465932,-2.504456,-0.9077917,-0.1586,-0.3882786,0.0,0.0,0.0,0.0,0.0,0.0,0.0,2.909805,-0.1333842,0.724525,1.896588,0.08800963,-2.324843,0.03279111,-0.8401384,0.1223056,0.5273839,13.8921,244.768,4.366311,0.6156403,0.02587963,-0.7876019,0.0,0.0,0.0,1.189976,-0.07292581,-2.835324,-0.1834954,0.1204803,0.8665461,-0.4415822,0.07390586,0.8941719,-0.1841021,0.9679322,-0.1709202,-0.8781298,-0.2400943,-0.4138154,moving,2.412298212456658,4.591294214496975,-11.956047611725586,7.915379743006921,-0.706612,-0.1609354399999999,-0.510481,0.0419552820112095,0.0799769856513753,0.995913368664328,3.0832321248106007,5.540010613183133,14.627972438888891,14.747844124621896,15.225712249241669
1702,05/05/2023 12:21:50.497758,1900,True,True,True,True,Eyes,1.978126,0.08464914,-2.497173,-0.90289,-0.1599645,-0.399,0.0,0.0,0.0,0.0,0.0,0.0,0.0,2.910913,-0.1512111,0.6769438,1.890804,0.08753067,-2.317699,0.0303507,-0.8445217,0.1215995,0.5206492,13.70901,243.8428,4.448757,0.6161141,0.02594133,-0.7872292,0.0,0.0,0.0,1.192159,-0.07473936,-2.835662,-0.1845134,0.1141026,0.865095,-0.4560067,0.07535773,0.8867804,-0.177885,0.9685848,-0.1737827,-0.8720179,-0.236991,-0.4282761,moving,2.635009440124928,4.306372861994946,-12.040028545149292,7.513715477627095,-0.698645,-0.16227003,-0.517963,0.045843861007547,0.0750106925129298,0.9961283701295238,3.3034321294397024,5.248540714147541,14.911960874082462,15.021444222287393,15.509764736505954
1703,05/05/2023 12:21:50.517780,1901,True,True,True,True,Eyes,1.974103,0.0845582,-2.489963,-0.8977992,-0.1616376,-0.4096706,0.0,0.0,0.0,0.0,0.0,0.0,0.0,2.911325,-0.1723787,0.6279609,1.885179,0.08693378,-2.310499,0.0272268,-0.8490449,0.1207343,0.5136192,13.47294,242.8849,4.58803,0.6165751,0.02600342,-0.7868663,0.0,0.0,0.0,1.194292,-0.07651113,-2.835991,-0.185255,0.1050859,0.8636107,-0.4709079,0.07778934,0.878746,-0.1702564,0.9693639,-0.1770492,-0.8655971,-0.232986,-0.443237,moving,2.8848986976495627,3.944440738427253,-12.107161490057234,6.9377593682811165,-0.690887,-0.16344491,-0.5254919999999998,0.0502107924626039,0.0687023475806098,0.996372912877478,3.5506032464957613,4.8780597996092485,15.193330493183325,15.287963405622522,15.792655218753731
1704,05/05/2023 12:21:50.537951,1902,True,True,True,True,Eyes,1.970027,0.08443044,-2.482738,-0.8925008,-0.1634657,-0.4203823,0.0,0.0,0.0,0.0,0.0,0.0,0.0,2.911089,-0.1864845,0.5776892,1.879257,0.08511763,-2.30306,0.02507844,-0.8535201,0.1197731,0.5064868,13.28891,241.9099,4.627502,0.6170222,0.02606323,-0.7865137,0.0,0.0,0.0,1.196376,-0.07824297,-2.836314,-0.1860066,0.09870437,0.8626102,-0.4856845,0.0785171,0.8706008,-0.1641369,0.9700509,-0.1790537,-0.8585859,-0.2298614,-0.4582511,moving,3.139266220480197,3.628552125424489,-12.168501774179903,6.527692193016632,-0.6828809999999998,-0.1633606,-0.5332539999999999,0.0546536673667127,0.0631932648505051,0.9965036774399392,3.80208014010734,4.554962853811434,15.495226445329603,15.579883635953715,16.091959101573675
1705,05/05/2023 12:21:50.548490,1903,True,True,True,True,Eyes,1.965896,0.08429206,-2.475539,-0.8870541,-0.1656679,-0.4309166,0.0,0.0,0.0,0.0,0.0,0.0,0.0,2.909328,-0.1982464,0.532387,1.873694,0.08416652,-2.295456,0.02473976,-0.8572039,0.122582,0.4995628,13.58418,241.0287,4.724511,0.617456,0.02611983,-0.7861712,0.0,0.0,0.0,1.198535,-0.08003605,-2.836647,-0.1866067,0.08984422,0.8614045,-0.4996498,0.08006077,0.8625196,-0.1648888,0.9687232,-0.1854374,-0.8503891,-0.2348737,-0.4708213,moving,3.348267260049112,3.772725443296493,-12.223156878178967,5.954402661107342,-0.6751590000000001,-0.16420257,-0.541191,0.0582788915831982,0.0656870711588255,0.9961369007577168,4.00775479224013,4.704693153641095,15.651151045790249,15.723516310778166,16.278951670976802
1706,05/05/2023 12:21:50.568397,1904,True,True,True,True,Eyes,1.961708,0.08410426,-2.468323,-0.8814343,-0.1676925,-0.4415344,0.0,0.0,0.0,0.0,0.0,0.0,0.0,2.905836,-0.2205044,0.4858825,1.86736,0.08398954,-2.287902,-0.02184371,0.8612191,-0.1231027,-0.4926159,13.50663,240.1238,4.935824,0.6178771,0.02617332,-0.7858385,0.0,0.0,0.0,1.20064,-0.08178467,-2.836973,-0.1867676,0.08102121,0.8606916,-0.513705,0.08366025,0.8538784,-0.1589091,0.9687372,-0.1905157,-0.8431222,-0.2335579,-0.4843507,moving,3.547117186605293,3.546308097937937,-12.24320614903926,5.377691358226196,-0.66672,-0.16577421,-0.5490710000000001,0.061751310157988,0.0617371887946224,0.9961802654989752,4.20429662436308,4.473224402941799,15.836242396994832,15.896171730648389,16.472352836018267
1707,05/05/2023 12:21:50.587760,1905,True,True,True,True,Eyes,1.957468,0.08386761,-2.461078,-0.8756021,-0.1702525,-0.4520343,0.0,0.0,0.0,0.0,0.0,0.0,0.0,2.902298,-0.2362933,0.4389565,1.861573,0.0826127,-2.280256,-0.01939481,0.8652893,-0.1223986,-0.4857128,13.336,239.2022,5.031412,0.6182861,0.02622249,-0.7855153,0.0,0.0,0.0,1.202803,-0.08358134,-2.837307,-0.1868683,0.07510587,0.8595373,-0.5274142,0.08533693,0.845312,-0.1524654,0.9692848,-0.1929799,-0.8358163,-0.2306611,-0.4982037,moving,3.742198288191207,3.200370797733088,-12.265560781422192,4.993788244624417,-0.6587699999999999,-0.16619404,-0.557051,0.0651658952711979,0.0557092999476432,0.9963181417850406,4.397405116486454,4.1188109129825055,16.056046057702044,16.10790788928234,16.68592274480958
1708,05/05/2023 12:21:50.598110,1906,True,True,True,True,Eyes,1.953159,0.083609,-2.453808,-0.8695663,-0.1728482,-0.4625774,0.0,0.0,0.0,0.0,0.0,0.0,0.0,2.898139,-0.2453043,0.3922291,1.8557,0.08136676,-2.27222,-0.01950887,0.8689473,-0.1251044,-0.4784339,13.65563,238.2805,5.065816,0.6186836,0.02626625,-0.7852008,0.0,0.0,0.0,1.204934,-0.08535163,-2.837637,-0.1869426,0.06869681,0.8584293,-0.5414407,0.08580399,0.8363489,-0.1536127,0.9679366,-0.1987508,-0.8265862,-0.2360856,-0.5108997,moving,3.969702030002361,3.344965255679362,-12.285646831011023,4.575411212055853,-0.650766,-0.16671839,-0.5654170000000001,0.0691115701700944,0.0582079841422495,0.995909294454274,4.621317071043695,4.269103356621024,16.25671244786934,16.301851546521103,16.909738403880837
1709,05/05/2023 12:21:50.618351,1907,True,True,True,True,Eyes,1.948798,0.08332998,-2.446509,-0.8633922,-0.1757565,-0.4729309,0.0,0.0,0.0,0.0,0.0,0.0,0.0,2.892766,-0.2580794,0.3460691,1.849514,0.08062125,-2.264346,-0.01866766,0.8726141,-0.1268741,-0.4712739,13.82868,237.3682,5.140755,0.61907,0.02630452,-0.7848949,0.0,0.0,0.0,1.207076,-0.08713152,-2.837968,-0.1872487,0.0636756,0.8572604,-0.5551049,0.08700559,0.8272173,-0.1521643,0.967109,-0.2038292,-0.8177435,-0.2390195,-0.5236077,moving,4.179799436232683,3.3222909901930398,-12.321417188581629,4.24801575702296,-0.6424380000000001,-0.16775277,-0.5736219999999999,0.0727647277669286,0.057798806668637,0.995672971827892,4.8284655694072205,4.247249473811723,16.48709463048325,16.527162988334403,17.149882775108207
1710,05/05/2023 12:21:50.637729,1908,True,True,True,True,Eyes,1.94438,0.08302476,-2.43918,-0.8570137,-0.178673,-0.4833254,0.0,0.0,0.0,0.0,0.0,0.0,0.0,2.886254,-0.2709681,0.3012364,1.843434,0.0800182,-2.256097,-0.01788003,0.876144,-0.1288412,-0.4641682,14.0262,236.4706,5.220556,0.6194471,0.02633732,-0.7845962,0.0,0.0,0.0,1.209208,-0.08890231,-2.838297,-0.1871997,0.05844389,0.8559777,-0.5684565,0.088277,0.8179637,-0.1509389,0.9661605,-0.2091682,-0.808749,-0.2423656,-0.5358958,moving,4.369436585204586,3.3246884765439217,-12.33618572681512,3.9059420150801656,-0.634226,-0.16892051,-0.5821999999999998,0.0760596691975911,0.0578262076186716,0.9954250457145656,5.015387114700036,4.251037568337496,16.68052618871245,16.715731288457334,17.355004206720448
1711,05/05/2023 12:21:50.648254,1909,True,True,True,True,Eyes,1.939909,0.08272743,-2.431823,-0.8505341,-0.1818627,-0.4934753,0.0,0.0,0.0,0.0,0.0,0.0,0.0,2.879723,-0.2795421,0.2553663,1.837412,0.07910228,-2.24807,-0.01763508,0.8797174,-0.1302338,-0.4569743,14.19693,235.5488,5.207997,0.6198145,0.02636432,-0.784305,0.0,0.0,0.0,1.211403,-0.09072603,-2.838637,-0.1868822,0.05273204,0.8548781,-0.581727,0.08799925,0.8086098,-0.1500548,0.9654563,-0.2130204,-0.799423,-0.2452555,-0.5484273,moving,4.5814688114745845,3.2876653178784383,-12.33125915558309,3.52974317501413,-0.626009,-0.1698283099999999,-0.5905670000000001,0.0797459132010185,0.057166462552543,0.9951747351652144,5.22447659475504,4.2144402797544736,16.884255649773444,16.914460351326916,17.56908272679425
1712,05/05/2023 12:21:50.669331,1910,True,True,True,True,Eyes,1.93537,0.08244137,-2.424428,-0.8438683,-0.1850343,-0.5036355,0.0,0.0,0.0,0.0,0.0,0.0,0.0,2.872121,-0.2871554,0.2139573,1.831323,0.07912185,-2.239934,-0.01803093,0.8828217,-0.1325109,-0.4502686,14.48961,234.7058,5.184842,0.620172,0.02638633,-0.7840216,0.0,0.0,0.0,1.213476,-0.09244816,-2.838957,-0.1858156,0.04660269,0.8539425,-0.5938664,0.08749477,0.7997924,-0.1511672,0.9642316,-0.2177294,-0.7902352,-0.2502044,-0.5593983,moving,4.720438378593676,3.382701068006431,-12.276044445702023,3.1237365245114224,-0.617847,-0.17157001,-0.5990230000000003,0.0821516123845077,0.0588055363915011,0.9948834797371822,5.361236322795509,4.313147439414891,16.972559951793382,16.998455548412814,17.677340615355707
1713,05/05/2023 12:21:50.688018,1911,True,True,True,True,Eyes,1.930765,0.08210222,-2.416986,-0.8371441,-0.1881144,-0.5136173,0.0,0.0,0.0,0.0,0.0,0.0,0.0,2.862264,-0.3083176,0.1710031,1.824905,0.07916921,-2.231661,-0.01570963,0.8861879,-0.1342786,-0.4431633,14.59092,233.8298,5.405831,0.6205203,0.02640429,-0.7837443,0.0,0.0,0.0,1.215562,-0.09418076,-2.83928,-0.1844352,0.0410779,0.8528587,-0.6067191,0.09117131,0.7896707,-0.146858,0.9634449,-0.2240682,-0.7812328,-0.2519159,-0.5711513,moving,4.89384167620179,3.26739462768754,-12.202607133570876,2.7575175444392106,-0.609343,-0.17334997,-0.6076190000000001,0.0851721608156206,0.0567887814168562,0.994746570659405,5.532433350373335,4.195771535908215,17.08234845929593,17.10405029649992,17.79326376781721
1714,05/05/2023 12:21:50.697986,1912,True,True,True,True,Eyes,1.926119,0.0817565,-2.409494,-0.8302099,-0.1915844,-0.5234948,0.0,0.0,0.0,0.0,0.0,0.0,0.0,2.852208,-0.3229913,0.1283486,1.818553,0.07762045,-2.223225,-0.01342047,0.8896069,-0.1341212,-0.4363839,14.49783,232.9622,5.522894,0.6208601,0.02641696,-0.7834737,0.0,0.0,0.0,1.217722,-0.09597526,-2.839614,-0.1822615,0.03693947,0.852116,-0.6187779,0.09317882,0.7800202,-0.1409346,0.9636628,-0.2269174,-0.7728203,-0.2503433,-0.5831611,moving,5.027983111145901,2.9445638026672603,-12.073232829393502,2.4822341415308227,-0.6008310000000001,-0.17359571,-0.6163890000000003,0.0875274387828757,0.0511725588987875,0.9948468136774978,5.665418570076058,3.864696581193582,17.089799546299215,17.107464317090525,17.792440975565487
1715,05/05/2023 12:21:50.717932,1913,True,True,True,True,Eyes,1.921404,0.08143728,-2.401998,-0.8232338,-0.1950971,-0.5331259,0.0,0.0,0.0,0.0,0.0,0.0,0.0,2.84175,-0.3350158,0.09232879,1.812693,0.07723801,-2.214607,-0.01456389,0.8919164,-0.1402753,-0.4296463,15.23284,232.1939,5.624078,0.6211925,0.02642469,-0.7832091,0.0,0.0,0.0,1.219869,-0.09775846,-2.839946,-0.1796404,0.03292185,0.8512706,-0.630384,0.09455796,0.7705032,-0.1465171,0.9602215,-0.2377129,-0.7623313,-0.2627423,-0.5914539,moving,5.15740983756175,3.454472927156756,-11.916080992671423,2.214740516583572,-0.592824,-0.17499647,-0.6253389999999999,0.0897302569662977,0.060012340885107,0.9941564228369256,5.791794250726201,4.390007327839351,17.10002978658729,17.118441096661865,17.840981792936322
1716,05/05/2023 12:21:50.737787,1914,True,True,True,True,Eyes,1.916643,0.08110685,-2.39447,-0.8161136,-0.1985248,-0.5427216,0.0,0.0,0.0,0.0,0.0,0.0,0.0,2.830464,-0.3508374,0.055264,1.805923,0.07767835,-2.20687,-0.01317331,0.8946577,-0.1419685,-0.4233902,15.37773,231.4283,5.752614,0.621517,0.02642885,-0.7829508,0.0,0.0,0.0,1.221892,-0.09943911,-2.840258,-0.1767893,0.03087025,0.850763,-0.6411348,0.09664495,0.7613188,-0.1437874,0.9593428,-0.2428716,-0.753838,-0.2651814,-0.6011716,moving,5.222576393593144,3.3794820684644837,-11.73904751606336,2.0780868406009323,-0.584031,-0.17711746,-0.6333880000000001,0.0908680106199766,0.0587050268969577,0.9941312608954388,5.856206265796072,4.313338573493272,16.99445908537126,17.011475985103033,17.736665581710582
1717,05/05/2023 12:21:50.748451,1915,True,True,True,True,Eyes,1.911867,0.08077117,-2.386942,-0.8088965,-0.2021381,-0.552111,0.0,0.0,0.0,0.0,0.0,0.0,0.0,2.819283,-0.3616584,0.01806331,1.799877,0.07709798,-2.198631,-0.01207872,0.8974867,-0.1427072,-0.4171408,15.44021,230.6435,5.798084,0.6218342,0.02642947,-0.7826983,0.0,0.0,0.0,1.224027,-0.1012128,-2.840589,-0.1738568,0.02666482,0.8501133,-0.6516954,0.09737697,0.7522041,-0.1407389,0.9589775,-0.2460785,-0.7453092,-0.2662326,-0.6112564,moving,5.296772479182544,3.2159150907654013,-11.558189309325469,1.7965616030642364,-0.57585,-0.17831078,-0.6419580000000003,0.0921703543372382,0.0558600395064226,0.9941751341049264,5.929727490551272,4.145638040872504,16.900233865995055,16.91461797425868,17.644982122690777
1718,05/05/2023 12:21:50.768089,1916,True,True,True,True,Eyes,1.90705,0.08045472,-2.37941,-0.8014979,-0.2058213,-0.5614612,0.0,0.0,0.0,0.0,0.0,0.0,0.0,2.808381,-0.3683786,-0.0183599,1.793962,0.07680965,-2.190627,-0.01349387,0.899846,-0.1468866,-0.4105114,15.9876,229.8533,5.749969,0.6221445,0.02642672,-0.7824513,0.0,0.0,0.0,1.226142,-0.1029703,-2.840916,-0.170528,0.02202892,0.8498056,-0.6625967,0.0963124,0.742758,-0.144882,0.9564844,-0.2532718,-0.7348298,-0.2754294,-0.6198096,moving,5.416517061255958,3.539386892627091,-11.346678050993702,1.484906132341921,-0.56782,-0.17977995,-0.6502889999999999,0.0942168555160016,0.0614600584480028,0.993652764146402,6.046998693361981,4.479142675092634,16.873513364811608,16.888623436080657,17.64951679681581
1719,05/05/2023 12:21:50.777962,1917,True,True,True,True,Eyes,1.902172,0.08018915,-2.371864,-0.7940069,-0.2094163,-0.5706995,0.0,0.0,0.0,0.0,0.0,0.0,0.0,2.797265,-0.3749999,-0.05653429,1.787949,0.07697906,-2.183075,-0.01422754,0.9024665,-0.149218,-0.4038392,16.30913,229.0288,5.671036,0.6224482,0.02642156,-0.7822095,0.0,0.0,0.0,1.228315,-0.1047751,-2.841252,-0.1673072,0.01900327,0.8491656,-0.6734232,0.09484039,0.7331486,-0.1461999,0.9550632,-0.2578371,-0.7246566,-0.2808197,-0.6292961,moving,5.5449875838462255,3.641964862018815,-11.145962695470445,1.2819943026017964,-0.559634,-0.18175416,-0.6581769999999998,0.0964339675502181,0.063225435160256,0.9933292996307264,6.173391638502204,4.585533298833122,16.841682510922073,16.85696539321168,17.631602435550725
1720,05/05/2023 12:21:50.797611,1918,True,True,True,True,Eyes,1.897252,0.0800036,-2.364338,-0.7863225,-0.2130966,-0.5799024,0.0,0.0,0.0,0.0,0.0,0.0,0.0,2.785496,-0.3844212,-0.09417081,1.781946,0.07792617,-2.17583,-0.01476095,0.9050033,-0.1518937,-0.3970889,16.65759,228.2051,5.62556,0.622745,0.02641595,-0.7819731,0.0,0.0,0.0,1.230473,-0.1065676,-2.841585,-0.1649322,0.02256414,0.8489155,-0.684205,0.09391315,0.7232176,-0.147348,0.9534209,-0.2632057,-0.7142493,-0.2866513,-0.6384973,moving,5.6705744515259,3.763934784085964,-10.994780322454602,1.5225610326849708,-0.5514730000000001,-0.18449377,-0.6657549999999999,0.0985976472258625,0.0653259483107861,0.9929808925162616,6.296896443048822,4.711847168528897,16.79822498515284,16.815403832085156,17.583333910807053
1721,05/05/2023 12:21:50.818220,1919,True,True,True,True,Eyes,1.892284,0.07987447,-2.356838,-0.7785241,-0.2164191,-0.5891206,0.0,0.0,0.0,0.0,0.0,0.0,0.0,2.772383,-0.3998764,-0.1328821,1.775777,0.07971395,-2.168854,-0.01437994,0.907625,-0.1546614,-0.3899873,16.97564,227.3515,5.672097,0.6230344,0.02641256,-0.7817423,0.0,0.0,0.0,1.232549,-0.1082927,-2.841906,-0.1630332,0.02015275,0.8484645,-0.6954065,0.09452879,0.7123724,-0.1467352,0.9517461,-0.2695332,-0.7034763,-0.2919652,-0.6479797,moving,5.824854725245758,3.864359607402259,-10.876862522065196,1.3606349534727968,-0.543228,-0.18800665,-0.6730519999999998,0.1012594930901338,0.0670482732181924,0.9925981697482464,6.448735386098555,4.81620340690402,16.87068888948379,16.888339058410047,17.666841715816584
1722,05/05/2023 12:21:50.838057,1920,True,True,True,True,Eyes,1.887292,0.07977835,-2.349365,-0.7705273,-0.2198212,-0.598303,0.0,0.0,0.0,0.0,0.0,0.0,0.0,2.758914,-0.4126244,-0.1758738,1.769543,0.08093251,-2.162167,-0.013035,0.9107924,-0.1544588,-0.3826617,16.93794,226.4231,5.667208,0.6233159,0.02641305,-0.7815177,0.0,0.0,0.0,1.234645,-0.1100332,-2.84223,-0.1608321,0.01730575,0.8484101,-0.7068006,0.09446653,0.7010773,-0.1419553,0.9519451,-0.2713837,-0.6930239,-0.2913357,-0.6594253,moving,6.003597749944397,3.6025923370728226,-10.7341210794225,1.168549210070423,-0.5348980000000001,-0.19096571,-0.6800629999999996,0.1043864908245816,0.0624923966327931,0.992571569570754,6.625540944044822,4.548239354462794,16.89841241081948,16.913775378520633,17.685592188024593
1723,05/05/2023 12:21:50.848898,1921,True,True,True,True,Eyes,1.882254,0.07974114,-2.341927,-0.7624092,-0.2231827,-0.6073893,0.0,0.0,0.0,0.0,0.0,0.0,0.0,2.74604,-0.419837,-0.214972,1.763735,0.08164585,-2.155408,-0.01388642,0.9133443,-0.15673,-0.3755597,17.26114,225.5471,5.54989,0.6235896,0.02641816,-0.7812991,0.0,0.0,0.0,1.236748,-0.1117809,-2.842555,-0.1584463,0.0214787,0.8486004,-0.7175242,0.09235675,0.6903834,-0.1430891,0.9504858,-0.2758665,-0.6816777,-0.2967272,-0.6687813,moving,6.16123355878541,3.7206589973322233,-10.57619137604594,1.449888739518361,-0.5269870000000001,-0.19342675,-0.687147,0.1071030736616246,0.0645188577224754,0.9921523654100918,6.780645901044153,4.670762468270361,16.87339441075926,16.890760522039443,17.65315348145903
1724,05/05/2023 12:21:50.867981,1922,True,True,True,True,Eyes,1.877185,0.07975103,-2.33455,-0.7541118,-0.2264776,-0.6164603,0.0,0.0,0.0,0.0,0.0,0.0,0.0,2.731906,-0.4338738,-0.2529221,1.757721,0.08304121,-2.149197,-0.01412267,0.9156943,-0.160134,-0.3683228,17.67823,224.6865,5.547022,0.6238547,0.02642939,-0.7810869,0.0,0.0,0.0,1.238929,-0.1135923,-2.842892,-0.1565421,0.0230081,0.8486542,-0.7282779,0.09209792,0.6790652,-0.1438261,0.9483153,-0.2828642,-0.6700191,-0.303671,-0.6773909,moving,6.314339816747665,3.926503532790391,-10.451256722399172,1.5529813935483447,-0.5187920000000001,-0.19663351,-0.693695,0.1097280236532063,0.0680632996622425,0.9916285391926448,6.931079202323802,4.88352779944619,16.913091135347162,16.932773980034238,17.698535011739075
1725,05/05/2023 12:21:50.887873,1923,True,True,True,True,Eyes,1.872046,0.07978194,-2.327199,-0.745636,-0.2296529,-0.6255291,0.0,0.0,0.0,0.0,0.0,0.0,0.0,2.716934,-0.4492564,-0.2931092,1.751676,0.08420178,-2.143366,-0.01274674,0.9184487,-0.1609884,-0.3610711,17.7536,223.7971,5.594342,0.6241106,0.02644773,-0.7808818,0.0,0.0,0.0,1.241051,-0.1153551,-2.84322,-0.1550635,0.02496863,0.8491657,-0.7389307,0.09284205,0.6673545,-0.139671,0.9478405,-0.2865143,-0.6591462,-0.3049242,-0.6874211,moving,6.456265487448732,3.79057600441454,-10.3485834758362,1.684223756358053,-0.5106250000000001,-0.19955688,-0.6998540000000002,0.1122018959115681,0.06569233166988,0.9915116772054896,7.071297014804642,4.744724945875045,16.917011684619407,16.936341649592197,17.686687192327575
1726,05/05/2023 12:21:50.897975,1924,True,True,True,True,Eyes,1.866884,0.07983731,-2.319923,-0.7369453,-0.2328948,-0.6345641,0.0,0.0,0.0,0.0,0.0,0.0,0.0,2.701466,-0.4633081,-0.3345852,1.7458,0.08461612,-2.137649,-0.01184186,0.9211675,-0.1624048,-0.3534617,17.91317,222.8693,5.608387,0.6243564,0.02647324,-0.7806844,0.0,0.0,0.0,1.243205,-0.1171444,-2.843554,-0.1531171,0.02654605,0.8497326,-0.7498493,0.09299109,0.6550412,-0.1366244,0.9469689,-0.2908327,-0.6473485,-0.3075753,-0.6973792,moving,6.633458610980791,3.734128034999732,-10.214764972559054,1.789365395050593,-0.5025950000000001,-0.20176052,-0.705905,0.1152752409833086,0.0646925391156151,0.991224724402572,7.246091021306445,4.687907558919422,16.940468154170375,16.960092560086167,17.69980335241706
1727,05/05/2023 12:21:50.917971,1925,True,True,True,True,Eyes,1.866884,0.07983731,-2.319923,-0.7369453,-0.2328948,-0.6345641,0.0,0.0,0.0,0.0,0.0,0.0,0.0,2.685472,-0.4776943,-0.3756452,1.73989,0.08529394,-2.132269,-0.01140561,0.9237102,-0.164654,-0.3457147,18.1841,221.936,5.604011,0.6245916,0.02650604,-0.7804952,0.0,0.0,0.0,1.245236,-0.1188315,-2.843868,-0.1522835,0.02921834,0.8505151,-0.7607026,0.09277568,0.6424363,-0.1349176,0.9455179,-0.296299,-0.6349244,-0.3120713,-0.7067409,moving,7.563224950885765,3.889284899059342,-10.151162031327274,1.967548206143625,-0.4946539999999999,-0.20412544,-0.7115990000000001,0.1313222627797394,0.0672412925633319,0.9890566373776384,8.162205206461433,4.853959981922566,17.794498461623913,17.818321415680476,18.53943884063021
1728,05/05/2023 12:21:50.947891,1926,True,True,True,True,Eyes,1.866884,0.07983731,-2.319923,-0.7369453,-0.2328948,-0.6345641,0.0,0.0,0.0,0.0,0.0,0.0,0.0,2.668889,-0.490176,-0.4188733,1.733752,0.08546436,-2.12732,-0.010273,0.9265218,-0.1650317,-0.3379596,18.22531,220.9773,5.589344,0.6248034,0.02653555,-0.7803249,0.0,0.0,0.0,1.247433,-0.1206565,-2.844207,-0.1515644,0.02953734,0.8513358,-0.7713557,0.09251174,0.6296445,-0.1305844,0.945318,-0.2988671,-0.6228631,-0.3127545,-0.7170959,moving,8.49197906374189,3.810088017534886,-10.094676851591093,1.9870964446184989,-0.4863189999999999,-0.20612086,-0.7168869999999998,0.1473516622884472,0.0657242274643186,0.9868980563426952,9.077873842735835,4.778987844833972,18.6507183781244,18.6758420530349,19.374760842837084
1729,05/05/2023 12:21:50.948389,1927,True,True,True,True,Eyes,1.866884,0.07983731,-2.319923,-0.7369453,-0.2328948,-0.6345641,0.0,0.0,0.0,0.0,0.0,0.0,0.0,2.652697,-0.5003844,-0.4596353,1.727948,0.08607308,-2.122555,-0.0103933,0.9289731,-0.1666854,-0.3303287,18.45495,220.0424,5.493634,0.6249939,0.02656212,-0.7801717,0.0,0.0,0.0,1.249584,-0.1224437,-2.84454,-0.1512145,0.02838024,0.8521227,-0.7815498,0.09081176,0.6171976,-0.1294321,0.9442159,-0.3028261,-0.610268,-0.3165589,-0.7261977,moving,9.412023843094945,3.931438286029656,-10.062739281161951,1.9075505639696304,-0.478364,-0.20851678,-0.7219849999999997,0.1631584247253645,0.0676439615957375,0.9842782040504156,9.984485049742345,4.910204601744329,19.55156443336114,19.579645560056026,20.270844448225777
1730,05/05/2023 12:21:50.968166,1928,True,True,True,True,Eyes,1.866884,0.07983731,-2.319923,-0.7369453,-0.2328948,-0.6345641,0.0,0.0,0.0,0.0,0.0,0.0,0.0,2.63508,-0.5113288,-0.5046768,1.721986,0.08631339,-2.11828,-0.009874905,0.9317385,-0.1673793,-0.3221029,18.55827,219.0256,5.412769,0.6251654,0.02658602,-0.7800338,0.0,0.0,0.0,1.251701,-0.1242022,-2.844867,-0.1510247,0.03858861,0.8533584,-0.7923046,0.08942506,0.603537,-0.1262284,0.9437733,-0.305546,-0.5969256,-0.3182689,-0.7364679,moving,10.397864644817677,3.9121748063701145,-10.036109185344088,2.5891340936155074,-0.470285,-0.21051559,-0.7265869999999999,0.1800755781871056,0.0671119594631388,0.981360652923041,10.956283371706734,4.897268143622839,20.442637795991438,20.476760564584968,21.118902150967173
1731,05/05/2023 12:21:50.987967,1929,True,True,True,True,Eyes,1.866884,0.07983731,-2.319923,-0.7369453,-0.2328948,-0.6345641,0.0,0.0,0.0,0.0,0.0,0.0,0.0,2.618079,-0.5160292,-0.5486743,1.716277,0.08628651,-2.11391,-0.01030859,0.9344077,-0.167595,-0.3141465,18.64363,218.0209,5.20955,0.6253197,0.02660754,-0.7799096,0.0,0.0,0.0,1.253708,-0.1258694,-2.845177,-0.1515828,0.03915611,0.8539898,-0.8024116,0.08603396,0.5905373,-0.1245636,0.9436113,-0.3067274,-0.5836265,-0.319681,-0.7464479,moving,11.36165257093863,3.8990693318094265,-10.065144018653967,2.6252183256757653,-0.462569,-0.21215591,-0.7312669999999999,0.1965628627776072,0.0666725047658571,0.9782217428338312,11.90632944801094,4.890511005076794,21.42828325022148,21.46462924155935,22.08794234915756
1732,05/05/2023 12:21:50.997966,1930,True,True,True,True,Eyes,1.866884,0.07983731,-2.319923,-0.7369453,-0.2328948,-0.6345641,0.0,0.0,0.0,0.0,0.0,0.0,0.0,2.600002,-0.5256369,-0.5905693,1.710451,0.08664127,-2.109958,-0.01135116,0.936612,-0.1703731,-0.3059452,19.03178,217.0241,5.036187,0.6254586,0.0266269,-0.7797979,0.0,0.0,0.0,1.255873,-0.1276685,-2.845512,-0.1520012,0.03937948,0.8553764,-0.8125377,0.08298638,0.5769717,-0.1255129,0.9416883,-0.3122012,-0.5692359,-0.3260925,-0.7547414,moving,12.350260552219831,4.184795519197106,-10.076330955648112,2.6358992326438493,-0.4545779999999999,-0.21430977,-0.735554,0.2133431143424298,0.0712934922127438,0.9743725743260244,12.880136751647983,5.191255771078295,22.43704939020866,22.480015266170817,23.098252241991126
1733,05/05/2023 12:21:51.018155,1931,True,True,True,True,Eyes,1.858862,0.08013426,-2.310859,-0.7250855,-0.2379242,-0.6462531,0.0,0.0,0.0,0.0,0.0,0.0,0.0,2.581291,-0.5348366,-0.6330209,1.704357,0.08766398,-2.106492,-0.01103786,0.9391067,-0.1705585,-0.2981053,19.08231,216.049,4.91424,0.6255836,0.02664433,-0.7796973,0.0,0.0,0.0,1.258012,-0.1294455,-2.845843,-0.1514133,0.0463171,0.8567489,-0.8220229,0.0809573,0.5636705,-0.1224202,0.9415759,-0.3137643,-0.5561401,-0.3269261,-0.7640862,moving,12.29747319599033,3.961753400848176,-10.022397810613697,3.0944813928750934,-0.446345,-0.21710948,-0.7393510000000001,0.2125013479077942,0.0675125795615325,0.9748257307097604,12.828629297132562,4.961503425458076,22.29371351106292,22.336714227640037,22.92717189600812
1734,05/05/2023 12:21:51.038397,1932,True,True,True,True,Eyes,1.850911,0.08041346,-2.302052,-0.7130446,-0.2427554,-0.6577516,0.0,0.0,0.0,0.0,0.0,0.0,0.0,2.561383,-0.5438002,-0.6767981,1.698299,0.08799735,-2.102972,-0.01057937,0.941647,-0.1706149,-0.2899651,19.11427,215.0389,4.797333,0.6256809,0.02668094,-0.7796184,0.0,0.0,0.0,1.260131,-0.1312052,-2.84617,-0.1504463,0.04930839,0.8582325,-0.8316169,0.07902064,0.5496995,-0.1188688,0.9415573,-0.3151826,-0.5424795,-0.3274532,-0.7736219,moving,12.278317950853417,3.725869555564658,-9.942802333839962,3.288223484601943,-0.4381680000000001,-0.21920255,-0.743198,0.212231411752731,0.0635025215469793,0.9751539420745314,12.810303603087684,4.718778737366681,22.18417120339884,22.22542959742827,22.79803320701733
1735,05/05/2023 12:21:51.048079,1933,True,True,True,True,Eyes,1.850911,0.08041346,-2.302052,-0.7130446,-0.2427554,-0.6577516,0.0,0.0,0.0,0.0,0.0,0.0,0.0,2.54252,-0.5469381,-0.7189755,1.692179,0.08797652,-2.099825,-0.01110705,0.9440143,-0.1703921,-0.2822767,19.14596,214.0658,4.567279,0.6257502,0.02673415,-0.7795612,0.0,0.0,0.0,1.262464,-0.1331438,-2.846531,-0.1494535,0.05183826,0.8597834,-0.8403929,0.07522503,0.5367315,-0.1171659,0.9416863,-0.3154346,-0.5291614,-0.3279757,-0.7825727,moving,13.202051856091089,3.675775920359928,-9.861017209339767,3.450313655008914,-0.429715,-0.22112032,-0.7467060000000001,0.2279403326764099,0.0624226927005034,0.9716720461638618,13.7209551948954,4.673702377385469,23.02042209442217,23.064171087423254,23.61368464344663
1736,05/05/2023 12:21:51.075675,1934,True,True,True,True,Eyes,1.850911,0.08041346,-2.302052,-0.7130446,-0.2427554,-0.6577516,0.0,0.0,0.0,0.0,0.0,0.0,0.0,2.522752,-0.555284,-0.7576666,1.68599,0.08762821,-2.096768,-0.01117419,0.9460216,-0.1714672,-0.2748043,19.30306,213.1513,4.442113,0.6258126,0.02678204,-0.7795098,0.0,0.0,0.0,1.26434,-0.1347021,-2.846821,-0.1475775,0.05371089,0.8616951,-0.8487155,0.07309775,0.5237736,-0.1153819,0.9409483,-0.3182818,-0.5161095,-0.3305647,-0.7901633,moving,14.087348881437183,3.735699820629119,-9.718427960595177,3.5667268978683198,-0.4216500000000001,-0.2223303099999999,-0.7500529999999999,0.2429142222039846,0.0632025650615498,0.967986606075494,14.593459940943193,4.741503817853426,23.759157423425727,23.80637651767422,24.340254603202027
1737,05/05/2023 12:21:51.087948,1935,True,True,True,True,Eyes,1.850911,0.08041346,-2.302052,-0.7130446,-0.2427554,-0.6577516,0.0,0.0,0.0,0.0,0.0,0.0,0.0,2.502445,-0.5676841,-0.7929349,1.67949,0.08754203,-2.094013,-0.01019361,0.9478462,-0.1724069,-0.26788,19.40794,212.3226,4.441746,0.6258687,0.02682514,-0.7794635,0.0,0.0,0.0,1.266474,-0.1364752,-2.847151,-0.1451955,0.05034645,0.8636727,-0.8562728,0.07304476,0.5113329,-0.1116927,0.9403439,-0.3213691,-0.5043031,-0.3322917,-0.7970324,moving,14.892432149338852,3.722332631995799,-9.542989855940649,3.336192390630995,-0.4130159999999998,-0.22401723,-0.7531380000000003,0.2564986674783477,0.0627492992470181,0.9645055272763968,15.387069898390068,4.733370794938146,24.392523813084956,24.4384728013454,24.96918074042403
1738,05/05/2023 12:21:51.097944,1936,True,True,True,True,Eyes,1.850911,0.08041346,-2.302052,-0.7130446,-0.2427554,-0.6577516,0.0,0.0,0.0,0.0,0.0,0.0,0.0,2.481863,-0.5781714,-0.828546,1.673044,0.08757441,-2.091331,-0.009044389,0.9497608,-0.1724485,-0.2610256,19.4079,211.4926,4.429691,0.6259193,0.02686393,-0.7794218,0.0,0.0,0.0,1.26862,-0.1382576,-2.847483,-0.1428499,0.05275056,0.8656063,-0.8635679,0.07284693,0.4989431,-0.107207,0.9403594,-0.322848,-0.4927044,-0.3322913,-0.8042546,moving,15.687675487587049,3.603544256222484,-9.370987030043477,3.487325940210019,-0.4044239999999999,-0.22583201,-0.7561520000000002,0.2698977242325043,0.0605197444155007,0.9609851882890172,16.17122894724946,4.616750356421836,25.01238770824745,25.058932017735263,25.56717419940291
1739,05/05/2023 12:21:51.118247,1937,True,True,True,True,Eyes,1.842488,0.0806034,-2.293429,-0.7003225,-0.2469219,-0.6697596,0.0,0.0,0.0,0.0,0.0,0.0,0.0,2.462217,-0.5862124,-0.8611984,1.6664,0.08731332,-2.088853,-0.008590195,0.9513978,-0.172918,-0.2546915,19.47548,210.7228,4.363832,0.6259648,0.02689884,-0.7793843,0.0,0.0,0.0,1.270765,-0.1400394,-2.847815,-0.1403128,0.05610023,0.8672506,-0.8701169,0.07173611,0.4875966,-0.1044269,0.9400511,-0.324652,-0.481655,-0.3334034,-0.8104632,moving,15.398487493579006,3.475434298770234,-9.190269312548836,3.701161170716801,-0.3956350000000002,-0.22735272,-0.7589620000000004,0.265076661118178,0.0584520202942731,0.9624539861998478,15.886475378513843,4.482980987740613,24.543954756477795,24.589792880209814,25.088929162621337
1740,05/05/2023 12:21:51.137723,1938,True,True,True,True,Eyes,1.834128,0.08076177,-2.285074,-0.6875543,-0.2509221,-0.6814009,0.0,0.0,0.0,0.0,0.0,0.0,0.0,2.443044,-0.5932705,-0.8920784,1.659612,0.08714293,-2.086704,-0.008045401,0.9529481,-0.1729972,-0.2487916,19.4946,210.0036,4.304046,0.6259747,0.0269478,-0.7793749,0.0,0.0,0.0,1.272881,-0.1417972,-2.848142,-0.1375217,0.05459119,0.8689862,-0.876076,0.07074679,0.4769546,-0.1014142,0.9400145,-0.3257114,-0.4713873,-0.3337179,-0.8163494,moving,15.070399782661278,3.312295803393229,-8.992783547052577,3.5946943151984816,-0.3867310000000001,-0.22894013,-0.7614380000000001,0.2596006305774051,0.0557974054125595,0.9641027768815676,15.563460516505687,4.31291579098828,24.023375881431576,24.064840346008708,24.566745095704604
1741,05/05/2023 12:21:51.148386,1939,True,True,True,True,Eyes,1.82654,0.08082951,-2.277321,-0.6765937,-0.2533195,-0.6914118,0.0,0.0,0.0,0.0,0.0,0.0,0.0,2.423759,-0.6013824,-0.92102,1.652759,0.08655053,-2.084572,-0.007173923,0.9543664,-0.1732048,-0.2431737,19.51725,209.3283,4.292323,0.6259491,0.02700824,-0.7793936,0.0,0.0,0.0,1.27495,-0.1435162,-2.848462,-0.1337596,0.05502303,0.8706779,-0.8816303,0.07054459,0.4666387,-0.09793079,0.9398973,-0.3271126,-0.4616685,-0.3340907,-0.8217334,moving,14.855034047054463,3.222153711823118,-8.733893424753377,3.616033676421545,-0.377809,-0.23006673,-0.76389,0.25599558857623,0.0543346045886883,0.9651497762072372,15.351384806122343,4.218708689660344,23.55259603039064,23.592215680107767,24.092817282963782
1742,05/05/2023 12:21:51.168109,1940,True,True,True,True,Eyes,1.818965,0.08087198,-2.269811,-0.6656413,-0.2555954,-0.7011367,0.0,0.0,0.0,0.0,0.0,0.0,0.0,2.403219,-0.6122363,-0.9501095,1.645773,0.08577114,-2.082564,-0.005740352,0.9557623,-0.1735822,-0.2373915,19.54409,208.6468,4.347697,0.6258975,0.02707513,-0.7794328,0.0,0.0,0.0,1.277117,-0.1453164,-2.848797,-0.1296865,0.05669643,0.872192,-0.8872246,0.07144105,0.4557725,-0.0933867,0.9396725,-0.3290812,-0.4517868,-0.334532,-0.8270289,moving,14.661413315965907,3.1233715235867137,-8.457363151607973,3.7192523636167936,-0.3686559999999999,-0.23108754,-0.7662329999999997,0.2527545227867152,0.0527169817664483,0.9660932107711118,15.16076371846831,4.115767452958881,23.087941745275977,23.126454534432263,23.621455100545678
1743,05/05/2023 12:21:51.178232,1941,True,True,True,True,Eyes,1.631488,0.08079612,-2.088967,-0.3524077,-0.2893504,-0.8899916,0.0,0.0,0.0,0.0,0.0,0.0,0.0,2.383696,-0.6243287,-0.9746401,1.638404,0.08521049,-2.080887,-0.003643051,0.9569471,-0.1736396,-0.2325689,19.51309,208.0923,4.490312,0.6258184,0.02714687,-0.779494,0.0,0.0,0.0,1.279326,-0.1471512,-2.849138,-0.1254841,0.05517276,0.8734092,-0.891797,0.07379392,0.4463775,-0.08773875,0.9396721,-0.3306332,-0.4438472,-0.3340223,-0.8315221,moving,-5.998177598903967,3.0713032089327803,-8.175828967040685,3.6145389612331247,-0.359078,-0.23236169,-0.7682509999999998,-0.1043483642197315,0.0532861863304086,0.9931122244243282,-5.203474641908573,3.918148727437904,2.2361095676350886,2.2443864559663167,2.987820129168838
1744,05/05/2023 12:21:51.197731,1942,True,True,True,True,Eyes,1.631188,0.08074943,-2.088913,-0.3521362,-0.2892739,-0.890124,0.0,0.0,0.0,0.0,0.0,0.0,0.0,2.364583,-0.6337791,-0.9989178,1.63083,0.08424116,-2.079437,-0.001299006,0.9581932,-0.1727395,-0.2280907,19.36763,207.5714,4.639647,0.6239647,0.02769752,-0.7809594,-0.5624285,-0.0002275854,0.5425308,1.281314,-0.1488031,-2.849445,-0.1208981,0.05615646,0.874785,-0.8959461,0.07631117,0.4375587,-0.08128996,0.9403188,-0.3304431,-0.4366611,-0.3316283,-0.8362716,moving,-5.519538990999231,2.922576577853086,-7.868616417761092,3.673038854761909,-0.3495159999999999,-0.23304426,-0.7700079999999998,-0.0960612493635613,0.0507506771036297,0.9940807980701996,-4.73132543152411,3.7685309048769033,2.456066162167365,2.4660410349354085,3.138743930931445
1745,05/05/2023 12:21:51.217626,1943,True,True,True,True,Eyes,1.630664,0.08064837,-2.088855,-0.3517101,-0.2891404,-0.8903357,0.8618675,1.327536,-0.1685523,-2.856206,0.8223457,0.55987,-0.1014543,-0.08832559,0.04254569,0.8640493,1.623236,0.08306301,-2.078104,0.00029537,0.9592478,-0.1718688,-0.2242874,19.24431,207.1209,4.718434,0.6224948,0.02813487,-0.7821161,-0.5286828,-0.0002139303,0.509979,1.283455,-0.1505817,-2.849777,-0.1152191,0.05528551,0.8758901,-0.8993905,0.07766267,0.4301929,-0.07652932,0.9409221,-0.3298619,-0.430396,-0.3295969,-0.8403128,moving,-5.120579628142125,2.79367546545302,-7.49395448802345,3.611674308274445,-0.3397809999999999,-0.23364471,-0.7716729999999998,-0.0891468130896153,0.0485454564745978,0.9948346638614368,-4.337763548485941,3.63874668771764,2.500568780794651,2.5103844989112507,3.1563070447197283
1746,05/05/2023 12:21:51.237828,1944,True,True,True,True,Eyes,1.629855,0.08049365,-2.088769,-0.3510797,-0.2889141,-0.890658,0.860213,1.327852,-0.168034,-2.854925,0.703079,0.7110894,0.005642179,-0.08923036,0.0411032,0.8604559,1.615706,0.08177152,-2.077254,0.001374397,0.9602497,-0.1706937,-0.2208675,19.09952,206.7041,4.737293,0.6213204,0.02848098,-0.7830371,-0.4969618,-0.0002010945,0.4793802,1.285744,-0.152483,-2.85013,-0.1098432,0.05414219,0.8771507,-0.9024315,0.07804091,0.4237067,-0.07276186,0.9417236,-0.3284243,-0.4246451,-0.3272101,-0.8441626,moving,-4.771806035129429,2.6446370606264327,-7.137838070737072,3.532104901864512,-0.3299620000000001,-0.23425452,-0.7728760000000001,-0.0830994922379741,0.0459816449072301,0.9954798584684252,-3.993622820195181,3.487902611234529,2.5174690056810465,2.5269956000660985,3.1445259395077576
1747,05/05/2023 12:21:51.248055,1945,True,True,True,True,Eyes,1.62879,0.0802858,-2.088679,-0.3502229,-0.2886472,-0.8910818,0.8598859,1.327639,-0.1679179,-2.854908,0.5468143,0.8367596,0.02876548,-0.09096286,0.03981505,0.8580389,1.607987,0.08031309,-2.076527,0.002626952,0.9611694,-0.1694911,-0.2177597,18.9459,206.3291,4.783095,0.6203728,0.02875242,-0.7837783,-0.4671441,-0.0001890288,0.4506174,1.287689,-0.1540982,-2.850431,-0.1036997,0.0575372,0.8780205,-0.9051477,0.07886654,0.4177173,-0.06876676,0.9425317,-0.3269634,-0.4194983,-0.3246752,-0.847707,moving,-4.476777452296996,2.493621697192515,-6.735785404162198,3.7492655055763615,-0.3202979999999999,-0.23441129,-0.7739039999999999,-0.0779815682815067,0.0433756809322411,0.99601078576264,-3.702454416321581,3.334650570731432,2.572779447496239,2.584522837996002,3.061535958630994
1748,05/05/2023 12:21:51.273145,1946,True,True,True,True,Eyes,1.627455,0.08004335,-2.088588,-0.349181,-0.288266,-0.891614,0.8611933,1.326743,-0.1682094,-2.85644,0.3411284,0.9386424,-0.05081008,-0.09249213,0.03791377,0.8571749,1.600174,0.078875,-2.076103,0.005091736,0.9621806,-0.1680239,-0.2143612,18.73283,205.9374,4.957194,0.6195973,0.02896217,-0.7843839,-0.4391155,-0.0001776871,0.4235803,1.2899,-0.1559353,-2.850773,-0.09855762,0.05489933,0.8788295,-0.908047,0.08183394,0.4107974,-0.06223726,0.9434841,-0.3255215,-0.4142195,-0.3211556,-0.8516347,moving,-4.177590961517297,2.2983854234846293,-6.398782930214958,3.574547576901789,-0.3102739999999999,-0.2348103,-0.77467,-0.0727898431909232,0.0399972563359641,0.9965450520306828,-3.40708332310378,3.13594921113734,2.551156154623873,2.561695454893363,3.023679061282865
1749,05/05/2023 12:21:51.287933,1947,True,True,True,True,Eyes,1.625847,0.07977874,-2.088512,-0.3480112,-0.2879937,-0.8921591,0.8605926,1.326351,-0.1680665,-2.856298,0.3150285,0.9481809,-0.0413543,-0.09403983,0.03553616,0.8543481,1.592292,0.07778936,-2.076011,0.007102604,0.9631268,-0.1665431,-0.2111866,18.53019,205.5651,5.084168,0.6189498,0.02912109,-0.7848891,-0.4127685,-0.0001670258,0.3981655,1.291951,-0.1576394,-2.85109,-0.09272489,0.05281468,0.8796301,-0.9106995,0.08402473,0.4044332,-0.0566619,0.9444259,-0.3238041,-0.4091647,-0.3178042,-0.8553272,moving,-3.906550233714372,2.1032430868492797,-6.017525550614258,3.436023573836678,-0.3003409999999999,-0.23542876,-0.7750790000000003,-0.0680836648312875,0.0366151149038981,0.997007509611465,-3.139456005383459,2.9371481849125374,2.486939900263508,2.4965016753559257,2.920986299327546
1750,05/05/2023 12:21:51.298092,1948,True,True,True,True,Eyes,1.623978,0.07948288,-2.08846,-0.3466524,-0.2874717,-0.8928562,0.0,0.0,0.0,0.0,0.0,0.0,0.0,2.265813,-0.659906,-1.121613,1.584271,0.07698406,-2.076429,0.009682834,0.9642739,-0.1641056,-0.2077298,18.2077,205.1556,5.245937,0.618395,0.02923809,-0.7853221,-0.3880024,-0.0001570043,0.3742756,1.294149,-0.1594648,-2.85143,-0.087522,0.05070561,0.8799623,-0.9135092,0.08685304,0.3974387,-0.04950542,0.9459512,-0.3205083,-0.4037947,-0.3124627,-0.8598355,moving,-3.622614597268959,1.8026818873617565,-5.68001934249626,3.2978780964626178,-0.290122,-0.2364488599999999,-0.775001,-0.063153290888414,0.0313947503004958,0.9975099448670288,-2.8588696490142063,2.630020675092618,2.53428082259551,2.5433297052079986,2.899123855290228
1751,05/05/2023 12:21:51.318186,1949,True,True,True,True,Eyes,1.623978,0.07948288,-2.08846,-0.3466524,-0.2874717,-0.8928562,0.0,0.0,0.0,0.0,0.0,0.0,0.0,2.248001,-0.6622247,-1.145121,1.576065,0.07590048,-2.076923,0.01245783,0.965531,-0.1609149,-0.2042091,17.79718,204.7318,5.410438,0.6179049,0.02931981,-0.7857048,-0.3647223,-0.000147584,0.3518191,1.296236,-0.1611988,-2.851752,-0.0828391,0.05113496,0.8799701,-0.9162872,0.0897774,0.3903312,-0.04166371,0.9479024,-0.3158245,-0.3983498,-0.3056486,-0.8648105,moving,-3.2504781057056555,1.3736362469411785,-5.377891962789396,3.3257110633144364,-0.2798290000000001,-0.23709928,-0.774829,-0.0566848782593953,0.0239336349517408,0.9981052370866532,-2.491040095244853,2.1913703898291934,2.8775424667551146,2.887297318952554,3.1017160522311467
1752,05/05/2023 12:21:51.338162,1950,True,True,True,True,Eyes,1.623978,0.07948288,-2.08846,-0.3466524,-0.2874717,-0.8928562,0.0,0.0,0.0,0.0,0.0,0.0,0.0,2.229306,-0.6692902,-1.167184,1.56772,0.07518838,-2.07766,0.0150442,0.966526,-0.159358,-0.200515,17.57861,204.3068,5.597732,0.6174729,0.02939086,-0.7860417,-0.3428389,-0.000138729,0.3307099,1.298268,-0.162887,-2.852067,-0.07948029,0.05070519,0.87966,-0.9191352,0.09298855,0.3828111,-0.03482609,0.9487575,-0.3140804,-0.3924007,-0.3020141,-0.8687978,moving,-2.8611803214045,1.1336701677600771,-5.16285073120558,3.298981661930805,-0.269452,-0.23807538,-0.7744070000000001,-0.0499065200766453,0.0197603324159694,0.998558424490896,-2.1067400198005783,1.9472957425271984,3.150585735136688,3.1601045144333035,3.341686326554059
1753,05/05/2023 12:21:51.347971,1951,True,True,True,True,Eyes,1.62125,0.07909498,-2.088555,-0.3446276,-0.2868589,-0.8938365,0.0,0.0,0.0,0.0,0.0,0.0,0.0,2.210746,-0.6727725,-1.190603,1.559136,0.07435395,-2.078731,0.01770419,0.9676554,-0.1567048,-0.196909,17.23553,203.879,5.767316,0.6170843,0.02945475,-0.7863445,-0.3222686,-0.0001304053,0.3108673,1.300695,-0.1649029,-2.852442,-0.07659453,0.0482222,0.879481,-0.9218268,0.0959763,0.3755315,-0.02745007,0.9502603,-0.3102447,-0.3866288,-0.2963003,-0.8733409,moving,-2.6086038049608957,0.8131796534064907,-4.977365237088596,3.138401779831862,-0.2584410000000001,-0.23925685,-0.773711,-0.0455084211718251,0.0141774814390918,0.998863295223982,-1.8570176951528836,1.619453552538917,3.3104995118946072,3.3192903849398,3.470413880167699
1754,05/05/2023 12:21:51.373132,1952,True,True,True,True,Eyes,1.61827,0.07872091,-2.088703,-0.3425371,-0.2860328,-0.8949043,0.0,0.0,0.0,0.0,0.0,0.0,0.0,2.193233,-0.6729362,-1.21301,1.550289,0.07350376,-2.079833,0.02013949,0.9687705,-0.15346,-0.1937225,16.82995,203.4906,5.905334,0.6166694,0.02949938,-0.7866683,-0.3029325,-0.0001225809,0.2922153,1.302563,-0.1664551,-2.852731,-0.07408792,0.0474333,0.8789454,-0.9241322,0.09847841,0.369164,-0.02043625,0.9520889,-0.305138,-0.3815265,-0.2895322,-0.8778434,moving,-2.406341318346879,0.443907687142193,-4.818176662113316,3.08903622252305,-0.2477260000000001,-0.23995886,-0.7728980000000001,-0.041984978173929,0.0077407422397762,0.9990883225361268,-1.6567754574703664,1.241091964015275,3.570949371631305,3.579616556857318,3.6618786925934255
1755,05/05/2023 12:21:51.387866,1953,True,True,True,True,Eyes,1.615069,0.07838272,-2.088924,-0.3401849,-0.2852837,-0.8960398,0.0,0.0,0.0,0.0,0.0,0.0,0.0,2.177712,-0.6740702,-1.231008,1.541044,0.07360017,-2.081334,0.02247129,0.9696282,-0.1505483,-0.1914455,16.46011,203.215,6.058671,0.6162221,0.02952748,-0.7870178,-0.2847565,-0.0001152261,0.2746824,1.304718,-0.1682452,-2.853064,-0.07267317,0.04553488,0.8781375,-0.9256871,0.1012212,0.3644959,-0.01406601,0.9536605,-0.3005558,-0.3780279,-0.2833477,-0.8813675,moving,-2.325404109618972,0.1164761850664779,-4.730920590640729,2.968352750072337,-0.236326,-0.24184537,-0.7717299999999998,-0.040574730575824,0.0020312173332676,0.9991743813031764,-1.57622332380705,0.9049144936024478,3.7225559722957136,3.730912687600303,3.769601077518864
1756,05/05/2023 12:21:51.398052,1954,True,True,True,True,Eyes,1.611615,0.07814033,-2.089222,-0.3378245,-0.2839962,-0.8973409,0.0,0.0,0.0,0.0,0.0,0.0,0.0,2.16444,-0.6611359,-1.252913,1.531919,0.07411591,-2.083127,0.02433508,0.970982,-0.1438936,-0.1894637,15.67706,202.9185,6.068402,0.6157401,0.02954199,-0.7873944,-0.2676711,-0.0001083125,0.2582014,1.306862,-0.1700261,-2.853395,-0.07190904,0.04420996,0.8771771,-0.9270228,0.1017831,0.3609283,-0.00726735,0.9574049,-0.2886573,-0.3749349,-0.2702149,-0.8867965,moving,-2.270248678115681,-0.5975113212076336,-4.68650179921447,2.885281183929161,-0.225057,-0.24414201,-0.7702679999999997,-0.0396107948154221,-0.0104201661274578,0.9991608130323496,-1.52017368940487,0.1710096629625452,4.230104087374126,4.238882255861404,4.170480018954756
1757,05/05/2023 12:21:51.417647,1955,True,True,True,True,Eyes,1.607775,0.07793041,-2.089552,-0.3342429,-0.2836182,-0.8988005,0.0,0.0,0.0,0.0,0.0,0.0,0.0,2.154188,-0.6397029,-1.273585,1.522559,0.07585969,-2.085143,0.02449135,0.9723272,-0.1364182,-0.1880695,14.83724,202.6597,5.874632,0.6152203,0.02954798,-0.7878004,-0.2516109,-0.0001018138,0.2427093,1.308843,-0.1716718,-2.853702,-0.07092279,0.04331943,0.876096,-0.9280602,0.09893941,0.3590481,-0.003685007,0.9615805,-0.2744984,-0.3724124,-0.2560741,-0.89204,moving,-2.326190079976496,-1.420575489852051,-4.628185153792591,2.83074081324464,-0.213716,-0.24753149,-0.7685590000000002,-0.0405760676755281,-0.0247707619301017,0.9988693260168184,-1.5733762715378987,-0.6758481165517998,4.825086786035547,4.83454978553839,4.65059385774259
1758,05/05/2023 12:21:51.437643,1956,True,True,True,True,Eyes,1.603712,0.07771998,-2.089943,-0.3306776,-0.2827979,-0.9003764,0.0,0.0,0.0,0.0,0.0,0.0,0.0,2.14296,-0.6084944,-1.300275,1.513157,0.07609668,-2.087541,0.02556691,0.9741182,-0.1254917,-0.1862575,13.58947,202.3291,5.701108,0.6146546,0.02954778,-0.7882419,-0.2365142,-9.570493e-05,0.2281468,1.310939,-0.1734131,-2.854026,-0.07216504,0.04133531,0.8746122,-0.9293088,0.09655792,0.3564568,0.003062851,0.9671963,-0.2540115,-0.3692906,-0.2349634,-0.8991199,moving,-2.3493884354795243,-2.628871078490241,-4.716841550621476,2.7058596209783143,-0.202218,-0.24950978,-0.7664850000000003,-0.0409500043270804,-0.0458278859012444,0.998109658846444,-1.5933959824384438,-1.9186628846053773,5.825727896493021,5.836453194213725,5.580512576999741
1759,05/05/2023 12:21:51.448339,1957,True,True,True,True,Eyes,1.599633,0.07756005,-2.090476,-0.3269551,-0.2823509,-0.9018749,0.0,0.0,0.0,0.0,0.0,0.0,0.0,2.131013,-0.5905816,-1.320021,1.503707,0.07576383,-2.089396,0.02601638,0.9751895,-0.1195168,-0.1845116,12.91483,202.0606,5.584163,0.6140421,0.02954207,-0.7887194,-0.2223234,-8.996264e-05,0.214458,1.313065,-0.175179,-2.854354,-0.0741685,0.03795946,0.8728278,-0.9305575,0.09484626,0.3536487,0.006637326,0.9700777,-0.2427037,-0.3660863,-0.2235024,-0.9033426,moving,-2.381000686702172,-3.281022682860473,-4.857038039206584,2.49023598185048,-0.1906419999999999,-0.25094283,-0.764958,-0.0414763607245608,-0.0571841063235054,0.9975017257538248,-1.6230198078597262,-2.589578609340597,6.268744188740098,6.279983084849697,6.021909182440535
1760,05/05/2023 12:21:51.467719,1958,True,True,True,True,Eyes,1.595333,0.07742494,-2.091099,-0.3231923,-0.2814682,-0.9035056,0.0,0.0,0.0,0.0,0.0,0.0,0.0,2.115619,-0.5952652,-1.335794,1.494307,0.07743651,-2.091788,0.02707007,0.9756769,-0.1188921,-0.1821721,12.83462,201.7892,5.658818,0.6133832,0.02953317,-0.7892323,-0.208984,-8.456488e-05,0.2015905,1.315199,-0.1769518,-2.854684,-0.07722726,0.03508449,0.8708485,-0.9321613,0.09614092,0.3490454,0.009505621,0.9702638,-0.2418634,-0.361919,-0.2221377,-0.9053562,moving,-2.362761043667928,-3.307491641208605,-5.067760106291399,2.307067968953076,-0.179108,-0.25438831,-0.762896,-0.0411577172754655,-0.0576456760838793,0.9974883447737098,-1.604978443702102,-2.6166730076751885,6.221042964497506,6.232198612436283,6.019475230258279
1761,05/05/2023 12:21:51.487788,1959,True,True,True,True,Eyes,1.591031,0.07728433,-2.09182,-0.3185398,-0.2829238,-0.9047025,0.0,0.0,0.0,0.0,0.0,0.0,0.0,2.099704,-0.5829358,-1.359832,1.484665,0.07780646,-2.094619,0.02877524,0.9768392,-0.1129815,-0.1794226,12.14601,201.4206,5.68021,0.6126766,0.02952242,-0.7897815,-0.1964449,-7.949099e-05,0.1894951,1.317305,-0.1787011,-2.85501,-0.08058092,0.0318529,0.8684964,-0.9339592,0.09676044,0.344032,0.0156747,0.9728144,-0.2310553,-0.3570362,-0.2104036,-0.9100855,moving,-2.362618503866324,-4.085743214713694,-5.300846705086125,2.1004336869810265,-0.1673599999999999,-0.2565075599999999,-0.7603910000000003,-0.0411191977754034,-0.0711889952577588,0.9966149872569788,-1.6030041283706928,-3.417052861753153,6.836467843412823,6.848501268270645,6.642040163807506
1762,05/05/2023 12:21:51.498081,1960,True,True,True,True,Eyes,1.586528,0.07721156,-2.092638,-0.3138277,-0.2844262,-0.9058774,0.0,0.0,0.0,0.0,0.0,0.0,0.0,2.084185,-0.5923132,-1.372843,1.475709,0.07852926,-2.096538,0.02733498,0.9769607,-0.1166309,-0.1766292,12.60518,201.1111,5.563449,0.611924,0.02950968,-0.7903652,-0.1846582,-7.472152e-05,0.1781254,1.319435,-0.1804709,-2.855339,-0.08470809,0.02868859,0.8659215,-0.93611,0.09461125,0.3387434,0.01220953,0.9713001,-0.237544,-0.3514959,-0.2182314,-0.9103989,moving,-2.296868178011918,-3.7246251291075554,-5.587137660846179,1.897555507230631,-0.156274,-0.25900016,-0.7588010000000001,-0.0399926591052767,-0.0649092237946292,0.9970894304166288,-1.539044299414165,-3.0452080161527,6.502973232236419,6.514198982015094,6.388894357473657
1763,05/05/2023 12:21:51.518004,1961,True,True,True,True,Eyes,1.581591,0.07718705,-2.093445,-0.3086028,-0.2860296,-0.9071667,0.0,0.0,0.0,0.0,0.0,0.0,0.0,2.068336,-0.5959476,-1.390088,1.466321,0.08007249,-2.099762,0.02629099,0.9773695,-0.1178478,-0.1736936,12.7812,200.7632,5.432715,0.6111233,0.02949779,-0.7909848,-0.1735787,-7.023823e-05,0.1674378,1.321625,-0.1822904,-2.855678,-0.08868435,0.02469894,0.8631674,-0.9382786,0.09233084,0.3333289,0.01045323,0.9708414,-0.2394948,-0.3457223,-0.2212285,-0.9118849,moving,-2.253373798292309,-3.652360295831581,-5.866152945673159,1.6390319882878222,-0.1446959999999999,-0.26236289,-0.755916,-0.0392389191460542,-0.0636534907136735,0.997200372130448,-1.4963417427788264,-2.970585052524325,6.396659028231296,6.407105857732355,6.351678456273315
1764,05/05/2023 12:21:51.538245,1962,True,True,True,True,Eyes,1.576505,0.07713316,-2.094319,-0.3032446,-0.2878967,-0.9083822,0.0,0.0,0.0,0.0,0.0,0.0,0.0,2.051873,-0.5924126,-1.410515,1.457418,0.08065005,-2.102407,0.02520731,0.9780546,-0.1173018,-0.1703356,12.76,200.3464,5.251634,0.6102687,0.02948878,-0.7916447,-0.163164,-6.602394e-05,0.1573916,1.323754,-0.1840583,-2.856007,-0.09289992,0.02048589,0.860244,-0.9407009,0.08926958,0.3272812,0.009346917,0.9712098,-0.2380425,-0.3391087,-0.2208677,-0.9144523,moving,-2.16729690560438,-3.798977828907497,-6.163628984122236,1.364186474740429,-0.133664,-0.26470835,-0.7536,-0.0377344675569859,-0.0662089124731017,0.9970920260659044,-1.4111494285116886,-3.1207713388618514,6.519328770649342,6.529083833759146,6.53459321735396
1765,05/05/2023 12:21:51.547911,1963,True,True,True,True,Eyes,1.571293,0.07705325,-2.095241,-0.2973715,-0.2904097,-0.9095232,0.0,0.0,0.0,0.0,0.0,0.0,0.0,2.034937,-0.5969756,-1.427737,1.448645,0.07991599,-2.104951,0.02212984,0.9782775,-0.1213627,-0.1665971,13.30174,199.905,4.936062,0.6093607,0.02948129,-0.7923441,-0.1533742,-6.20625e-05,0.1479481,1.326067,-0.1859805,-2.856364,-0.09694394,0.01400656,0.8570439,-0.9435115,0.08373562,0.3205849,0.0028609,0.9695627,-0.2448264,-0.3313279,-0.2300793,-0.9150331,moving,-2.0279401226606617,-3.427372896519242,-6.453542525609849,0.9362943216869009,-0.1225779999999998,-0.26589649,-0.7514130000000003,-0.0353236290142985,-0.0597459654704497,0.9975884497365856,-1.274659704498567,-2.7376281617706653,6.207932316437326,6.215106452848298,6.349687684387048
1766,05/05/2023 12:21:51.567982,1964,True,True,True,True,Eyes,1.565957,0.07693285,-2.096209,-0.2913833,-0.2932833,-0.9105387,0.0,0.0,0.0,0.0,0.0,0.0,0.0,2.018344,-0.6043894,-1.442807,1.440245,0.07929839,-2.107155,0.01859833,0.978312,-0.126587,-0.1628968,13.98241,199.47,4.588659,0.6084002,0.02947421,-0.7930822,-0.1441717,-5.833875e-05,0.1390712,1.32801,-0.1875945,-2.856665,-0.1007247,0.006828964,0.8536782,-0.9462373,0.07763115,0.3140191,-0.004851282,0.9672597,-0.2537423,-0.3234363,-0.2416239,-0.9148805,moving,-1.8922576791986088,-2.937874409261794,-6.729164522897182,0.4583254790678651,-0.112235,-0.26689289,-0.7495099999999999,-0.0329767728675839,-0.0512252411146913,0.9981425513920604,-1.142069608240355,-2.2332647964179526,5.905907647031991,5.910147332859688,6.20163589679965
1767,05/05/2023 12:21:51.588184,1965,True,True,True,True,Eyes,1.560406,0.07682772,-2.097203,-0.2846704,-0.2966947,-0.9115564,0.0,0.0,0.0,0.0,0.0,0.0,0.0,1.999838,-0.6184386,-1.457258,1.431826,0.07827259,-2.109303,0.01628623,0.9782181,-0.1324838,-0.1589726,14.7154,199.0279,4.387103,0.6073874,0.02946598,-0.7938585,-0.1355214,-5.483842e-05,0.1307269,1.330161,-0.1893809,-2.856997,-0.1045923,0.002035797,0.8502085,-0.9489251,0.07398555,0.3067044,-0.0102596,0.9643657,-0.2643742,-0.315335,-0.2540179,-0.9143517,moving,-1.800909588017207,-2.4203427317564223,-7.01326572447628,0.1371926452436813,-0.1016650000000001,-0.26765349,-0.7476939999999996,-0.031398619298752,-0.0422095663535527,0.998615306932348,-1.0532463723828516,-1.7003802942400918,5.803705103267577,5.80600066292535,6.2368665999242925
1768,05/05/2023 12:21:51.598346,1966,True,True,True,True,Eyes,1.554757,0.07676093,-2.098268,-0.2778911,-0.3001501,-0.9125165,0.0,0.0,0.0,0.0,0.0,0.0,0.0,1.982341,-0.6337642,-1.470127,1.42364,0.07843765,-2.1118,0.01402537,0.9780326,-0.1382935,-0.1553399,15.43552,198.6175,4.188259,0.6063218,0.02945741,-0.794673,-0.1273901,-5.154812e-05,0.1228833,1.33227,-0.1911333,-2.857323,-0.1087361,-0.004500151,0.8463537,-0.9513458,0.07039956,0.2999759,-0.01553047,0.9613564,-0.2748685,-0.3077343,-0.2661537,-0.913489,moving,-1.7483529795063566,-1.915695175421952,-7.321025326612384,-0.3046447716436647,-0.0913699999999999,-0.26957095,-0.7455229999999999,-0.030492743109093,-0.0334134126387843,0.9989762986352492,-1.0026299216576855,-1.1810167809064598,5.800138828631273,5.800875838329448,6.378883005038731
1769,05/05/2023 12:21:51.617902,1967,True,True,True,True,Eyes,1.548995,0.0767152,-2.099405,-0.270547,-0.303441,-0.9136344,0.0,0.0,0.0,0.0,0.0,0.0,0.0,1.962995,-0.6428922,-1.488286,1.415566,0.07931943,-2.1146,0.01325218,0.9783454,-0.1406083,-0.151308,15.73072,198.1469,4.079775,0.6052043,0.02944999,-0.7955247,-0.1197467,-4.845523e-05,0.1155103,1.334409,-0.1929103,-2.857654,-0.113878,-0.01189542,0.8423042,-0.9538607,0.06848072,0.2923361,-0.0166199,0.9601074,-0.2791373,-0.2997896,-0.2711166,-0.9146705,moving,-1.708770397284105,-1.8237017236623636,-7.699599459991274,-0.809104425748642,-0.0811570000000001,-0.27222973,-0.7430540000000003,-0.0298041571334068,-0.0318100866867513,0.9990494317879912,-0.9638297491241808,-1.0861315023188554,6.075594179102295,6.076136974715982,6.741464054564675
1770,05/05/2023 12:21:51.637715,1968,True,True,True,True,Eyes,1.54316,0.07663725,-2.100611,-0.2630712,-0.3064748,-0.9148042,0.0,0.0,0.0,0.0,0.0,0.0,0.0,1.942548,-0.6389892,-1.513646,1.40781,0.07966492,-2.117699,0.01322101,0.9793089,-0.1386418,-0.1468258,15.52531,197.594,3.964,0.6040354,0.02944441,-0.7964128,-0.1125619,-4.554792e-05,0.1085797,1.336488,-0.1946369,-2.857975,-0.1208788,-0.01950566,0.8378389,-0.9565348,0.06660729,0.2839096,-0.01481749,0.9612073,-0.2754287,-0.2912416,-0.2676639,-0.9184413,moving,-1.6342868528933567,-2.220206737632831,-8.209671703467743,-1.3336575183859642,-0.0713220000000001,-0.27430182,-0.7402760000000002,-0.0284984266334078,-0.0387244856978579,0.9988434499604908,-0.889476296050433,-1.4933915672137243,6.633421167083696,6.634881720973658,7.321937979055025
1771,05/05/2023 12:21:51.648313,1969,True,True,True,True,Eyes,1.537273,0.07655589,-2.101881,-0.2551269,-0.309616,-0.9159958,0.0,0.0,0.0,0.0,0.0,0.0,0.0,1.919736,-0.6330173,-1.541803,1.400111,0.07877395,-2.120551,0.01262355,0.9803363,-0.1369165,-0.1415463,15.35951,196.9412,3.776412,0.6028169,0.02943923,-0.7973357,-0.1058082,-4.281505e-05,0.1020649,1.338608,-0.1963982,-2.858303,-0.128113,-0.03382647,0.8329993,-0.9596107,0.06351067,0.2740691,-0.01400939,0.9621891,-0.272022,-0.2809826,-0.2648748,-0.9224373,moving,-1.4849354699523525,-2.5894499067910277,-8.743424937243422,-2.32539174351219,-0.061503,-0.27517215,-0.737752,-0.0258876702456317,-0.045163904105713,0.9986441600852792,-0.7413891191850832,-1.872092515920792,7.257676656734614,7.263290993783023,8.014864778848333
1772,05/05/2023 12:21:51.668129,1970,True,True,True,True,Eyes,1.531321,0.07649467,-2.103215,-0.2470899,-0.3126774,-0.9171583,0.0,0.0,0.0,0.0,0.0,0.0,0.0,1.897384,-0.6381546,-1.564099,1.392487,0.07861098,-2.123326,0.01201281,0.9808707,-0.1381233,-0.1366398,15.52622,196.3586,3.648452,0.6015505,0.02943424,-0.7982917,-0.09945973,-4.024614e-05,0.095941,1.340743,-0.1981718,-2.858633,-0.1360965,-0.05051136,0.8278676,-0.9623706,0.06131231,0.2647334,-0.01418024,0.9615554,-0.2742451,-0.2713704,-0.2676793,-0.9245031,moving,-1.3870716210540135,-2.61589180465104,-9.335583075397045,-3.491505750615206,-0.051744,-0.27678278,-0.7353070000000002,-0.0241813914221802,-0.0456267176677104,0.9986658026364068,-0.6448614594416453,-1.898603824097275,7.980613721539692,7.9965951580775485,8.835495388122784
1773,05/05/2023 12:21:51.688951,1971,True,True,True,True,Eyes,1.525272,0.07643569,-2.104594,-0.2384518,-0.3156932,-0.9184109,0.0,0.0,0.0,0.0,0.0,0.0,0.0,1.870421,-0.6492,-1.589068,1.384878,0.0790505,-2.12625,0.01384572,0.9815639,-0.1384986,-0.1309916,15.56093,195.7189,3.777382,0.6002374,0.02943017,-0.7992796,-0.09349214,-3.783137e-05,0.09018454,1.342912,-0.1999735,-2.858969,-0.1434277,-0.07158402,0.8213422,-0.965299,0.06346522,0.2533181,-0.009103389,0.9612529,-0.2755177,-0.2609885,-0.268263,-0.9273187,moving,-1.2912425623408572,-2.766396323058526,-9.905452112338397,-4.981023042948885,-0.0419659999999999,-0.279024,-0.7327189999999999,-0.0225082788925364,-0.048251740394831,0.998581586861312,-0.550047180641736,-2.052719613821648,8.857135085934004,8.894334021146333,9.80298742267134
1774,05/05/2023 12:21:51.697832,1972,True,True,True,True,Eyes,1.519179,0.07639936,-2.10601,-0.229654,-0.3189388,-0.9195309,0.0,0.0,0.0,0.0,0.0,0.0,0.0,1.843015,-0.6541427,-1.616277,1.377694,0.0789547,-2.129009,0.01519421,0.9824178,-0.1378102,-0.1250314,15.48433,195.0264,3.826631,0.598879,0.02942702,-0.8002982,-0.08788262,-3.556149e-05,0.08477347,1.344983,-0.2016936,-2.859289,-0.1508847,-0.08335306,0.8155961,-0.9682726,0.06431532,0.2414782,-0.004607081,0.9615549,-0.274574,-0.2498539,-0.266975,-0.9307511,moving,-1.158616767775016,-3.046754308304773,-10.48117884925889,-5.835308560084161,-0.0327109999999999,-0.2806483,-0.73028,-0.0201917293435717,-0.0531400008025579,0.9983829066530886,-0.418656022249521,-2.340124599756035,9.676387142201344,9.730683356179968,10.652261570230973
1775,05/05/2023 12:21:51.720010,1973,True,True,True,True,Eyes,1.513053,0.07642293,-2.107485,-0.2204582,-0.3223741,-0.920583,0.0,0.0,0.0,0.0,0.0,0.0,0.0,1.813457,-0.6750578,-1.63798,1.370438,0.07953316,-2.131404,0.01536835,0.9825834,-0.1422571,-0.1185605,16.01653,194.2971,3.813873,0.5974769,0.02942555,-0.8013455,-0.08260966,-3.34278e-05,0.07968706,1.347105,-0.2034568,-2.859617,-0.1577966,-0.08823022,0.8108307,-0.9714144,0.06393348,0.2286185,-0.003530756,0.9590535,-0.283203,-0.2373636,-0.2759147,-0.9314126,moving,-0.9704039170881424,-2.7335003722671285,-11.01273764838605,-6.210183563820303,-0.023333,-0.28298996,-0.7282130000000002,-0.0169166683493069,-0.0476836594970666,0.9987191963389798,-0.2338709000723026,-2.0166509081458246,10.560951951382885,10.627125330266514,11.565884510581627
1776,05/05/2023 12:21:51.738033,1974,True,True,True,True,Eyes,1.50688,0.07648288,-2.109004,-0.2111099,-0.3257765,-0.9215759,0.0,0.0,0.0,0.0,0.0,0.0,0.0,1.781955,-0.6929899,-1.662637,1.36311,0.08106159,-2.13432,0.01628906,0.9829761,-0.1449268,-0.1117534,16.33652,193.5247,3.848917,0.5960328,0.02942785,-0.8024201,-0.07765308,-3.142213e-05,0.07490584,1.349202,-0.2051985,-2.859941,-0.1641617,-0.1006027,0.8044196,-0.9744917,0.06441563,0.2149805,-0.000368621,0.9574618,-0.2885598,-0.2244234,-0.2812784,-0.9330148,moving,-0.767508607456356,-2.631660948231683,-11.534240106819151,-7.128540376756502,-0.013908,-0.28626009,-0.7256209999999998,-0.0133810260055423,-0.0459108860721046,0.9988558434399748,-0.0341149733740073,-1.910500827990369,11.57632713544976,11.66809460769241,12.628571368820154
1777,05/05/2023 12:21:51.748984,1975,True,True,True,True,Eyes,1.500729,0.07657646,-2.110565,-0.2015838,-0.329374,-0.9224297,0.0,0.0,0.0,0.0,0.0,0.0,0.0,1.750959,-0.7029247,-1.688533,1.355684,0.08201184,-2.136936,0.01664258,0.9835334,-0.1461222,-0.1050407,16.49525,192.7421,3.793312,0.5945486,0.02943493,-0.8035201,-0.0729939,-2.95368e-05,0.07041149,1.351409,-0.2070322,-2.860282,-0.1693722,-0.09746055,0.8013219,-0.9773793,0.06343462,0.2017583,0.002039517,0.9567426,-0.2909284,-0.2114857,-0.2839358,-0.9352298,moving,-0.5723344519263505,-2.704142389646906,-11.934718452451223,-6.934523716577261,-0.0042749999999998,-0.28904404,-0.7233460000000003,-0.0099778316209165,-0.0471763156786377,0.9988366482341664,0.1584408924733177,-1.9836822014475124,12.034326929790684,12.124351378388234,13.067338468474288
1778,05/05/2023 12:21:51.768367,1976,True,True,True,True,Eyes,1.494539,0.07669016,-2.112159,-0.1918952,-0.3329289,-0.9232197,0.0,0.0,0.0,0.0,0.0,0.0,0.0,1.720334,-0.7190951,-1.71047,1.348478,0.08304463,-2.139407,0.01613361,0.9836991,-0.1496596,-0.09837589,16.93376,191.9679,3.667153,0.5930274,0.02944755,-0.804643,0.0,0.0,0.0,1.353572,-0.2088294,-2.860617,-0.1745,-0.09943573,0.7967047,-0.9801242,0.06118704,0.1887155,0.00229543,0.9546834,-0.2976145,-0.1983737,-0.2912658,-0.9358487,moving,-0.3736785862199765,-2.4942823532058247,-12.35424352290164,-7.114227728190783,0.0050939999999999,-0.29187403,-0.7212100000000001,-0.0065156967899113,-0.0435187673122517,0.999031379533848,0.3537634262794724,-1.7664695494557314,12.741579786843316,12.840476294510692,13.787384021585208
1779,05/05/2023 12:21:51.788598,1977,True,True,True,True,Eyes,1.488345,0.07678922,-2.113772,-0.1819601,-0.3365716,-0.9239103,0.0,0.0,0.0,0.0,0.0,0.0,0.0,1.688732,-0.7270752,-1.735775,1.341242,0.08364948,-2.141831,0.01588064,0.9841759,-0.1508988,-0.09151673,17.10449,191.1564,3.531823,0.5914705,0.02946593,-0.8057875,0.0,0.0,0.0,1.3556,-0.2105141,-2.86093,-0.1784628,-0.1031723,0.7924699,-0.9827453,0.05887822,0.1753444,0.003639163,0.9539547,-0.2999286,-0.1849299,-0.2941152,-0.9377088,moving,-0.1719907734325751,-2.5579232383032027,-12.691192201269162,-7.417662912594328,0.0143579999999998,-0.29416358,-0.7190990000000004,-0.0029988100893959,-0.0446291568734284,0.9989992031325524,0.5527190366525436,-1.8305135658296277,13.31921604566431,13.42935121637024,14.374192940857656
1780,05/05/2023 12:21:51.798096,1978,True,True,True,True,Eyes,1.482119,0.07688082,-2.115387,-0.1718421,-0.3404046,-0.9244431,0.0,0.0,0.0,0.0,0.0,0.0,0.0,1.65684,-0.7378414,-1.758939,1.334147,0.08345622,-2.14394,0.01518635,0.9844175,-0.1534165,-0.08458797,17.42653,190.3369,3.356054,0.5898806,0.02948889,-0.8069513,0.0,0.0,0.0,1.357707,-0.2122638,-2.861256,-0.1811242,-0.09838347,0.7893988,-0.9852288,0.0558538,0.1618801,0.003945037,0.9524655,-0.3046209,-0.1711994,-0.2994826,-0.9386168,moving,0.0368156242181886,-2.4815053631224373,-12.922600198196768,-7.1041919613290725,0.02356,-0.29572002,-0.7173159999999998,0.0006419512738574,-0.043296892052635,0.999062065743828,0.7583614820810806,-1.750466665146888,13.655792813500938,13.759203823023276,14.691190797352402
1781,05/05/2023 12:21:51.817683,1979,True,True,True,True,Eyes,1.475841,0.07696029,-2.117009,-0.1614677,-0.3443213,-0.9248627,0.0,0.0,0.0,0.0,0.0,0.0,0.0,1.622314,-0.7572627,-1.779544,1.327048,0.08342317,-2.145719,0.01487387,0.9843338,-0.1578021,-0.07722893,17.96058,189.4834,3.233433,0.588259,0.02951571,-0.8081332,0.0,0.0,0.0,1.359853,-0.2140472,-2.861588,-0.1836098,-0.09191981,0.7870968,-0.9876291,0.05365547,0.1473439,0.004907921,0.9497545,-0.3129572,-0.1567324,-0.3083625,-0.9382684,moving,0.2707876709047571,-2.1990438648019675,-13.130838360259942,-6.6610212860034,0.0328049999999999,-0.29747037,-0.7158689999999996,0.00472263837244,-0.0383707055720292,0.99925240818773,0.9883244487436084,-1.4583418797753365,14.031470501464876,14.124900806253567,15.04721341083254
1782,05/05/2023 12:21:51.838048,1980,True,True,True,True,Eyes,1.469529,0.07701822,-2.118621,-0.1509127,-0.3483321,-0.9251432,0.0,0.0,0.0,0.0,0.0,0.0,0.0,1.585473,-0.7725435,-1.803098,1.319897,0.08323073,-2.147709,0.01551118,0.984484,-0.1603601,-0.06953733,18.27551,188.5938,3.190161,0.5866069,0.02954556,-0.8093322,0.0,0.0,0.0,1.36208,-0.2158968,-2.861932,-0.1864146,-0.0839957,0.784885,-0.9898481,0.05284304,0.131942,0.008239005,0.9480881,-0.317901,-0.1418915,-0.3135866,-0.9388986,moving,0.5107802241075956,-2.142809083915168,-13.36052335346048,-6.108349831446272,0.0421829999999998,-0.29912753,-0.714223,0.0089084446327327,-0.0373888693131081,0.99926100068183,1.2247549509534492,-1.3988344946859876,14.346837909985837,14.427008572860224,15.326769976886457
1783,05/05/2023 12:21:51.848661,1981,True,True,True,True,Eyes,1.463212,0.07705043,-2.120233,-0.1401721,-0.3522977,-0.9253314,0.0,0.0,0.0,0.0,0.0,0.0,0.0,1.545843,-0.7913492,-1.825678,1.312639,0.08282179,-2.149206,0.01688516,0.9845068,-0.1633467,-0.06147401,18.63607,187.6755,3.226382,0.5849263,0.02957731,-0.8105465,0.0,0.0,0.0,1.364076,-0.2175552,-2.862241,-0.1892856,-0.07735707,0.7826287,-0.9918717,0.05333026,0.1155269,0.01316396,0.9460655,-0.3237078,-0.1265594,-0.3195558,-0.9390777,moving,0.7650591972722632,-2.0406201543007665,-13.596389090361582,-5.64492912998428,0.0514370000000001,-0.30037699,-0.7130350000000001,0.0133439396159409,-0.03560484264279,0.9992768992254188,1.475159434363578,-1.2919666463948365,14.736978559772115,14.806830859794877,15.687570153362897
1784,05/05/2023 12:21:51.868144,1982,True,True,True,True,Eyes,1.456845,0.0770515,-2.121837,-0.1292318,-0.3562258,-0.9254201,0.0,0.0,0.0,0.0,0.0,0.0,0.0,1.503351,-0.8070002,-1.850765,1.305184,0.08229759,-2.150898,0.01871871,0.9846638,-0.1651855,-0.05292138,18.864,186.7,3.292405,0.5832189,0.02960979,-0.8117748,0.0,0.0,0.0,1.366331,-0.2194287,-2.862589,-0.1921594,-0.07722031,0.7799195,-0.993698,0.05434695,0.09803541,0.01937958,0.9447268,-0.3272855,-0.1104036,-0.323323,-0.9398263,moving,1.0511869242120353,-2.0728363489143744,-13.841063971945632,-5.654461382863969,0.061147,-0.30172629,-0.7116909999999996,0.018333643656762,-0.036163849316277,0.999177708775464,1.7572742481618582,-1.323103581077825,15.245674795264232,15.316891807345357,16.18853963876791
1785,05/05/2023 12:21:51.887593,1983,True,True,True,True,Eyes,1.450439,0.07701816,-2.12343,-0.1182389,-0.3600235,-0.9254202,0.0,0.0,0.0,0.0,0.0,0.0,0.0,1.460039,-0.8190758,-1.876304,1.297486,0.08157479,-2.152438,0.02040553,0.9848645,-0.1663223,-0.04429942,19.01417,185.7088,3.330723,0.5814859,0.02964173,-0.8130159,0.0,0.0,0.0,1.368324,-0.221084,-2.862897,-0.1938311,-0.0832479,0.7764208,-0.9952425,0.05492933,0.08047006,0.02545741,0.943841,-0.3294178,-0.09404565,-0.325802,-0.9407491,moving,1.3436403255050318,-2.176363821915066,-14.017204577764362,-6.119877837655434,0.0708380000000001,-0.30265879,-0.7104589999999997,0.023431892030466,-0.0379651522136209,0.9990042533677068,2.0457923735464387,-1.427535389887796,15.774761778327242,15.858967776455,16.73433442670912
1786,05/05/2023 12:21:51.898642,1984,True,True,True,True,Eyes,1.443971,0.07692641,-2.125002,-0.1070655,-0.3637214,-0.9253343,0.0,0.0,0.0,0.0,0.0,0.0,0.0,1.416677,-0.8285451,-1.901478,1.289697,0.08072057,-2.15389,0.02190968,0.9850602,-0.1670271,-0.03575618,19.11691,184.7209,3.343715,0.5797281,0.02967188,-0.8142691,0.0,0.0,0.0,1.370477,-0.2228729,-2.86323,-0.1942663,-0.08780104,0.7733001,-0.9964832,0.0551092,0.06312496,0.03122019,0.9432437,-0.3306304,-0.07776301,-0.3274967,-0.9416472,moving,1.6191666287819932,-2.320724635919686,-14.101863674854757,-6.477662779168984,0.0807799999999998,-0.30359347,-0.7093400000000001,0.0282328685888411,-0.0404770668094605,0.9987814360802104,2.3177215092374266,-1.5740796608363916,16.166840433888304,16.261332311181206,17.13615782537194
1787,05/05/2023 12:21:51.918000,1985,True,True,True,True,Eyes,1.437461,0.07677049,-2.126548,-0.09575786,-0.3673437,-0.9251428,0.0,0.0,0.0,0.0,0.0,0.0,0.0,1.372643,-0.8354529,-1.926427,1.281621,0.0792354,-2.155091,0.02356804,0.9852608,-0.167221,-0.02725392,19.16126,183.7383,3.371774,0.5779464,0.02969818,-0.8155338,0.0,0.0,0.0,1.372568,-0.2246098,-2.863554,-0.1953848,-0.08827725,0.7709144,-0.9974037,0.05555619,0.0458223,0.03732647,0.9429634,-0.3307973,-0.06158659,-0.328228,-0.9425889,moving,1.876224838718773,-2.519234498446729,-14.221893421017224,-6.532474787676764,0.0909470000000001,-0.3038452,-0.7084630000000001,0.0327088424350517,-0.0439312550739405,0.9984990428275315,2.571574057169612,-1.7764414744465826,16.494271124527465,16.590826053079592,17.453950922856237
1788,05/05/2023 12:21:51.937797,1986,True,True,True,True,Eyes,1.430879,0.07656761,-2.128058,-0.08428273,-0.3710331,-0.9247869,0.0,0.0,0.0,0.0,0.0,0.0,0.0,1.32839,-0.845924,-1.948506,1.273555,0.07755685,-2.156136,0.02482376,0.9851792,-0.1686845,-0.01874612,19.35609,182.7527,3.356312,0.5761415,0.02971857,-0.8168091,0.0,0.0,0.0,1.374686,-0.2263693,-2.863881,-0.1964012,-0.09026231,0.7686122,-0.9980649,0.05523605,0.0285618,0.04258734,0.9418586,-0.3332995,-0.04531132,-0.3314382,-0.9423885,moving,2.134708062243415,-2.570583758966818,-14.333901723117949,-6.697877036523503,0.101131,-0.30392615,-0.7077450000000001,0.037211633381115,-0.0448190364670543,0.9983018073682663,2.8264844969668346,-1.8274482953984024,16.875698909156714,16.977916776255697,17.83815941583809
1789,05/05/2023 12:21:51.948379,1987,True,True,True,True,Eyes,1.424223,0.07632602,-2.129532,-0.07271631,-0.374589,-0.9243351,0.0,0.0,0.0,0.0,0.0,0.0,0.0,1.282492,-0.8610266,-1.967891,1.26511,0.0762675,-2.15695,0.02644875,0.9848573,-0.1710357,-0.01016036,19.6549,181.7683,3.383005,0.5743136,0.02973186,-0.8180949,0.0,0.0,0.0,1.376801,-0.2281259,-2.864208,-0.1964195,-0.09340432,0.7664928,-0.9983943,0.05557207,0.01096566,0.04862094,0.9400945,-0.3374289,-0.02906038,-0.336354,-0.941287,moving,2.3891772270489247,-2.511799815250369,-14.37317991084412,-6.947771224630084,0.1116909999999999,-0.3043934,-0.7072579999999999,0.041646942192729,-0.0437871119867957,0.9981724193659514,3.077178730326846,-1.7652183102468029,17.22910758033095,17.339390391911365,18.20367741462897
1790,05/05/2023 12:21:51.967931,1988,True,True,True,True,Eyes,1.417478,0.07603123,-2.130958,-0.06098347,-0.3781711,-0.9237248,0.0,0.0,0.0,0.0,0.0,0.0,0.0,1.235134,-0.8732077,-1.988024,1.256512,0.07511829,-2.157736,0.02817116,0.9845865,-0.172609,-0.001367158,19.86591,180.7565,3.4103,0.572463,0.02973732,-0.8193907,0.0,0.0,0.0,1.379014,-0.2299642,-2.86455,-0.1957284,-0.08922559,0.766221,-0.9984089,0.05594585,-0.007033022,0.05500191,0.938825,-0.3399741,-0.01241736,-0.3398201,-0.9404084,moving,2.6521054331513176,-2.544523515356822,-14.329564800349356,-6.642114981247013,0.1225019999999998,-0.30508249,-0.706814,0.0462259164537136,-0.0443482550355334,0.9979460243654504,3.336426745128092,-1.797038963236235,17.36833117532671,17.46904060733442,18.31835197022876
1791,05/05/2023 12:21:51.987932,1989,True,True,True,True,Eyes,1.410614,0.07567369,-2.132337,-0.04919919,-0.3816197,-0.9230091,0.0,0.0,0.0,0.0,0.0,0.0,0.0,1.188019,-0.8845406,-2.006377,1.247522,0.07357331,-2.158154,0.02947707,0.9842037,-0.1744169,0.007280753,20.10568,179.753,3.387216,0.5705901,0.0297337,-0.8206961,0.0,0.0,0.0,1.381075,-0.2316763,-2.864869,-0.1947052,-0.08863404,0.765548,-0.9981563,0.0554831,-0.02461408,0.06056265,0.9374197,-0.3428942,0.004048895,-0.3437527,-0.9390516,moving,2.906351872432047,-2.537874497518372,-14.269739082210688,-6.604218087635847,0.133553,-0.30524961,-0.706715,0.0506540536896021,-0.0442229385477246,0.9977366651369348,3.587024282507337,-1.7884278930644149,17.551591508920016,17.650871102442775,18.494751500403197
1792,05/05/2023 12:21:51.997797,1990,True,True,True,True,Eyes,1.403646,0.075304,-2.133657,-0.03732392,-0.385279,-0.9220451,0.0,0.0,0.0,0.0,0.0,0.0,0.0,1.142416,-0.895745,-2.022424,1.238279,0.07169937,-2.158517,0.02998901,0.983666,-0.1768002,0.01561484,20.41156,178.7702,3.271051,0.5686941,0.02971958,-0.8220115,0.0,0.0,0.0,1.383172,-0.2334188,-2.865193,-0.1938081,-0.08985923,0.7648362,-0.9977139,0.05347693,-0.04132369,0.06451975,0.9356847,-0.3468881,0.02011544,-0.3487612,-0.936996,moving,3.1407038229313606,-2.4717059026115007,-14.219344715712127,-6.700859076574632,0.1448930000000001,-0.30511817,-0.7066760000000003,0.0547373595937512,-0.0430613750403898,0.9975718965184972,3.817871380123984,-1.7187435646972036,17.76586322248458,17.86776488072586,18.712633151472268
1793,05/05/2023 12:21:52.017607,1991,True,True,True,True,Eyes,1.396618,0.07492132,-2.134934,-0.02547611,-0.3885969,-0.9210556,0.0,0.0,0.0,0.0,0.0,0.0,0.0,1.097492,-0.9174702,-2.031758,1.228741,0.07109936,-2.158569,0.03108188,0.9826704,-0.1812269,0.02344627,20.95472,177.8635,3.228184,0.5667743,0.02969558,-0.8233372,0.0,0.0,0.0,1.385316,-0.2351992,-2.865525,-0.1926069,-0.0876345,0.764922,-0.9969684,0.0525883,-0.05734565,0.06958468,0.9323815,-0.354715,0.03481417,-0.35763,-0.9332142,moving,3.314815403406009,-2.1458589454261188,-14.133235700199917,-6.535686375513425,0.1565749999999999,-0.30629856,-0.7069559999999999,0.0577817611721207,-0.0373809897012087,0.9976291549701763,3.988727068951104,-1.3824171097339222,17.89512582021287,17.99180569537118,18.84042777465849
1794,05/05/2023 12:21:52.038259,1992,True,True,True,True,Eyes,1.389483,0.07450485,-2.136131,-0.01349201,-0.3919424,-0.9198909,0.0,0.0,0.0,0.0,0.0,0.0,0.0,1.051548,-0.9235749,-2.048035,1.219275,0.07042981,-2.159074,0.03244419,0.982316,-0.1816884,0.03149676,21.03847,176.9236,3.212006,0.5648316,0.02966224,-0.8246723,0.0,0.0,0.0,1.387476,-0.236994,-2.865858,-0.1912695,-0.08855459,0.7646828,-0.9959105,0.05229568,-0.07366902,0.07518608,0.9318734,-0.3549071,0.05009009,-0.3589946,-0.9319944,moving,3.483176839233461,-2.284004934978362,-14.04321063318031,-6.605750164102313,0.1682009999999998,-0.30742381,-0.7067839999999999,0.0607073808453629,-0.0397793479055421,0.997362704609269,4.155008101371126,-1.523317155465342,17.953306358164323,18.051363927931817,18.89461008853746
1795,05/05/2023 12:21:52.057801,1993,True,True,True,True,Eyes,1.382247,0.07408006,-2.137257,-0.00161674,-0.3951894,-0.9185983,0.0,0.0,0.0,0.0,0.0,0.0,0.0,1.006757,-0.9319314,-2.060242,1.209411,0.06926457,-2.158512,0.03213645,0.9816341,-0.1838466,0.03952775,21.31411,175.9505,2.987813,0.5628657,0.02961925,-0.8260169,0.0,0.0,0.0,1.389666,-0.2388132,-2.866197,-0.1896178,-0.08671694,0.7649317,-0.99481,0.04855839,-0.08941991,0.07762655,0.9303353,-0.3583995,0.06578721,-0.3634807,-0.9292763,moving,3.704323493908394,-2.2144368516110293,-13.922325450187415,-6.467757307686648,0.180255,-0.30807777,-0.7076850000000001,0.0645595666064269,-0.0385589871285481,0.997168681495106,4.372830599301479,-1.4502287627984654,18.03916961100529,18.13255326479052,18.970722905938977
1796,05/05/2023 12:21:52.068125,1994,True,True,True,True,Eyes,1.374895,0.07365948,-2.138317,0.01036813,-0.3984244,-0.9171426,0.0,0.0,0.0,0.0,0.0,0.0,0.0,0.9607704,-0.9518256,-2.066871,1.199516,0.06867795,-2.158113,0.03223858,0.9803984,-0.1884485,0.04761353,21.87477,174.9796,2.796,0.5608768,0.02956735,-0.8273705,0.0,0.0,0.0,1.391713,-0.2405141,-2.866513,-0.1874508,-0.0817654,0.7660542,-0.9933875,0.04526789,-0.1055111,0.08115868,0.9268956,-0.3664393,0.08120983,-0.3725792,-0.9244404,moving,3.926066829272538,-1.859891543282559,-13.74989625312972,-6.092444030175008,0.1921969999999999,-0.30919205,-0.7083999999999997,0.0684332818224028,-0.0323794457001428,0.997130135340911,4.5905697527040425,-1.0840557699378317,18.093437790605087,18.17564775860126,19.012013209453265
1797,05/05/2023 12:21:52.088192,1995,True,True,True,True,Eyes,1.367393,0.07323424,-2.139307,0.02222574,-0.4013399,-0.9156595,0.0,0.0,0.0,0.0,0.0,0.0,0.0,0.913073,-0.960251,-2.078292,1.189336,0.06831457,-2.157753,0.0335357,0.9796959,-0.1896393,0.05575008,22.04391,174.023,2.755819,0.5588644,0.02950766,-0.8287333,0.0,0.0,0.0,1.393855,-0.2422929,-2.866845,-0.1852926,-0.0794016,0.7667816,-0.9915344,0.04456477,-0.1219556,0.08685441,0.9258245,-0.3678385,0.09651689,-0.375317,-0.9218576,moving,4.116536359837955,-1.885940089091708,-13.585076708972364,-5.9120086430877015,0.2045190000000001,-0.31060747,-0.7090920000000001,0.0717466330029086,-0.0328251083780089,0.9968826168127948,4.77837881273712,-1.109516754583698,18.07705950527078,18.153686491711586,18.981054423739195
1798,05/05/2023 12:21:52.098126,1996,True,True,True,True,Eyes,1.176824,0.06295289,-2.162388,0.3192262,-0.4570596,-0.8301753,0.0,0.0,0.0,0.0,0.0,0.0,0.0,0.8641368,-0.9705991,-2.087732,1.178976,0.06770186,-2.157047,0.03497116,0.9788025,-0.1913664,0.06404461,22.2779,173.0489,2.722161,0.5568267,0.02944089,-0.8301061,0.0,0.0,0.0,1.395931,-0.2440176,-2.867166,-0.1829891,-0.07570577,0.7681221,-0.9893507,0.04394775,-0.1387586,0.09297169,0.9243119,-0.3701404,0.1119894,-0.3790992,-0.9185545,moving,-12.798954141353336,-5.029425529360831,-13.399760268246585,-5.628867086486878,0.216955,-0.31171946,-0.7101190000000002,-0.2207193762876004,-0.0855052349425351,0.971582052725,-11.887978731312852,-4.460346301976195,0.8274173559418243,0.8487038249720371,1.9107391866100356
1799,05/05/2023 12:21:52.118304,1997,True,True,True,True,Eyes,1.176383,0.06296234,-2.162372,0.3195433,-0.4567924,-0.8302004,0.0,0.0,0.0,0.0,0.0,0.0,0.0,0.8164737,-0.9832191,-2.094492,1.16836,0.06765546,-2.156526,0.0362056,0.9777505,-0.1936785,0.07198496,22.57863,172.1105,2.663989,0.5481508,0.0290107,-0.8358756,-0.5717068,-0.03084404,-0.06924248,1.398073,-0.2457973,-2.867497,-0.1803865,-0.07362732,0.7693041,-0.9870147,0.0429162,-0.1547912,0.09868396,0.9223555,-0.373526,0.1267422,-0.383951,-0.9146137,moving,-11.955319487415489,-4.671633972123112,-13.196318640945591,-5.466921118112171,0.2297129999999998,-0.31345276,-0.7109710000000002,-0.2064900446605501,-0.0796898322298011,0.9751980893788088,-11.05724286524624,-4.086497988922613,1.447447171621412,1.4739608351777391,2.545822694098172
1800,05/05/2023 12:21:52.138362,1998,True,True,True,True,Eyes,1.175532,0.062986,-2.162331,0.3203338,-0.4565746,-0.8300155,0.0,0.0,0.0,0.0,0.0,0.0,0.0,0.76784,-0.9885699,-2.104022,1.157653,0.06783477,-2.156152,0.03820744,0.9770154,-0.1938898,0.0799241,22.64213,171.1897,2.711792,0.5407705,0.02864808,-0.8406816,-0.5374044,-0.0289934,-0.06508793,1.400189,-0.2475548,-2.867824,-0.1778601,-0.07237077,0.7705704,-0.9843047,0.04366558,-0.1709902,0.1056514,0.9218939,-0.3727592,0.1413581,-0.384974,-0.9120378,moving,-11.180702348807422,-4.540689378629751,-12.997169607518718,-5.365391719733981,0.2425359999999998,-0.31538957,-0.7116720000000001,-0.1933181163278418,-0.077673646886498,0.9780566187632784,-10.294003714988914,-3.946428237334058,1.968460318490832,1.994915349931652,3.0529597453816786
1801,05/05/2023 12:21:52.148280,1999,True,True,True,True,Eyes,1.175532,0.062986,-2.162331,0.3203338,-0.4565746,-0.8300155,0.0,0.0,0.0,0.0,0.0,0.0,0.0,0.7222743,-0.9927896,-2.111749,1.146887,0.06820992,-2.155642,0.03999262,0.9762978,-0.1940091,0.08720002,22.69316,170.3439,2.7494,0.5344625,0.02834268,-0.8447163,-0.5051601,-0.02725379,-0.06118265,1.402452,-0.2494351,-2.868174,-0.1756423,-0.071733,0.7719605,-0.9815937,0.04425422,-0.1857842,0.1119246,0.9215221,-0.3718465,0.1547485,-0.3857959,-0.9095135,moving,-10.426033681793388,-4.446285977140672,-12.81814978418733,-5.308859085109195,0.255565,-0.31764502,-0.7125319999999999,-0.1804391525123095,-0.0762519834233171,0.9806259155725484,-9.550341865635804,-3.8440778229110033,2.5157659237111583,2.542882579656965,3.581082621028869
1802,05/05/2023 12:21:52.168340,2000,True,True,True,True,Eyes,1.175532,0.062986,-2.162331,0.3203338,-0.4565746,-0.8300155,0.0,0.0,0.0,0.0,0.0,0.0,0.0,0.6730615,-0.9973234,-2.119097,1.136006,0.0677124,-2.154794,0.0421059,0.9753999,-0.1943358,0.09516207,22.77566,169.421,2.807002,0.5288644,0.02807212,-0.8482414,-0.4748505,-0.02561857,-0.05751169,1.404397,-0.251051,-2.868474,-0.1734958,-0.07087979,0.7732754,-0.9783427,0.04515338,-0.2020075,0.119127,0.9209214,-0.3710965,0.1692768,-0.387124,-0.9063557,moving,-9.602031487000303,-4.3209195923752,-12.645739562302634,-5.237197709404686,0.2683909999999998,-0.3187634,-0.7136800000000001,-0.1663427218736814,-0.0742931275905783,0.9832652079171292,-8.738410237886118,-3.709400507005807,3.15040273098002,3.178635624825173,4.195400665145471
1803,05/05/2023 12:21:52.188011,2001,True,True,True,True,Eyes,1.175532,0.062986,-2.162331,0.3203338,-0.4565746,-0.8300155,0.0,0.0,0.0,0.0,0.0,0.0,0.0,0.6295608,-1.001644,-2.123825,1.125207,0.06748606,-2.153978,0.04307389,0.9744917,-0.195134,0.1021439,22.89927,168.5882,2.743139,0.5238063,0.02782756,-0.8513823,-0.4463595,-0.02408145,-0.05406099,1.406558,-0.2528454,-2.868809,-0.1713506,-0.06799448,0.7750961,-0.9754227,0.04408681,-0.2158871,0.1238138,0.9201347,-0.3715134,0.1822664,-0.3891123,-0.902979,moving,-8.847219198823444,-4.183439594829998,-12.46588902680278,-5.013377400469864,0.2813509999999999,-0.32033146,-0.7148310000000002,-0.1534000717981862,-0.0720865073637253,0.9855312234811542,-7.994708322141141,-3.562747629072826,3.686996698043501,3.71262280405084,4.700615239242836
1804,05/05/2023 12:21:52.198067,2002,True,True,True,True,Eyes,1.175532,0.062986,-2.162331,0.3203338,-0.4565746,-0.8300155,0.0,0.0,0.0,0.0,0.0,0.0,0.0,0.584717,-1.015714,-2.123351,1.114113,0.06803432,-2.153211,0.04559137,0.9731585,-0.1975397,0.1089137,23.22893,167.8144,2.850931,0.5192381,0.02760661,-0.8541833,-0.4195779,-0.02263656,-0.05081733,1.408648,-0.2545822,-2.869132,-0.1695036,-0.06374016,0.7774791,-0.9721184,0.04570569,-0.2299927,0.1317648,0.917799,-0.3745438,0.1939683,-0.3944059,-0.8982316,moving,-8.145155780254647,-3.820278470945232,-12.298996943749271,-4.686804981019572,0.294535,-0.3226165199999999,-0.7159209999999998,-0.1413729069681089,-0.0659578643289645,0.9877565997432765,-7.303533261387931,-3.1843643163369357,4.218878082086841,4.243261081315172,5.21651084084785
1805,05/05/2023 12:21:52.217802,2003,True,True,True,True,Eyes,1.175532,0.062986,-2.162331,0.3203338,-0.4565746,-0.8300155,0.0,0.0,0.0,0.0,0.0,0.0,0.0,0.5417422,-1.006293,-2.132988,1.103208,0.06788662,-2.152689,0.0472907,0.9728452,-0.1948662,0.1155991,22.95965,167.0409,2.923387,0.5151139,0.02740708,-0.8566831,-0.3944032,-0.02127837,-0.04776829,1.410769,-0.2563441,-2.86946,-0.1675505,-0.06073302,0.7800334,-0.968801,0.04696032,-0.2433508,0.1370658,0.9195815,-0.3682157,0.2064894,-0.3900827,-0.8973283,moving,-7.476403011577938,-4.067176338139399,-12.122879514322282,-4.452039697229825,0.307561,-0.32423072,-0.716771,-0.1297956848334518,-0.070326031874371,0.9890435624719826,-6.643755338066978,-3.4336190720946798,4.645092443910066,4.662388196592565,5.572968895348872
1806,05/05/2023 12:21:52.237843,2004,True,True,True,True,Eyes,1.175532,0.062986,-2.162331,0.3203338,-0.4565746,-0.8300155,0.0,0.0,0.0,0.0,0.0,0.0,0.0,0.5045174,-1.017299,-2.129909,1.092143,0.06778803,-2.151412,0.04776862,0.9715701,-0.1976601,0.1212444,23.30743,166.3514,2.80171,0.5113919,0.02722696,-0.8589159,-0.370739,-0.02000167,-0.04490219,1.412897,-0.2581114,-2.869789,-0.1659565,-0.05689669,0.7829492,-0.9660361,0.04489078,-0.2544788,0.1407515,0.9172973,-0.3724979,0.216711,-0.3956646,-0.8924608,moving,-6.833051217355093,-3.727310097305312,-11.96747431302495,-4.156361436174741,0.320754,-0.32589943,-0.7183769999999998,-0.1187286189436,-0.0645481351684432,0.9908263684005753,-6.010398010018092,-3.0796024492765834,5.1356333315846685,5.152318466160033,6.05360784951518
1807,05/05/2023 12:21:52.248353,2005,True,True,True,True,Eyes,1.175532,0.062986,-2.162331,0.3203338,-0.4565746,-0.8300155,0.0,0.0,0.0,0.0,0.0,0.0,0.0,0.4681457,-1.033963,-2.124109,1.081193,0.06921954,-2.150885,0.04903466,0.9701226,-0.2011578,0.1264651,23.74694,165.7285,2.771583,0.5080339,0.02706441,-0.8609115,-0.3484947,-0.01880157,-0.04220806,1.415196,-0.2600213,-2.870144,-0.164845,-0.05211625,0.7860422,-0.9632046,0.04426038,-0.2651007,0.1460181,0.9142623,-0.3778931,0.2256459,-0.4026978,-0.8870844,moving,-6.251589010490126,-3.2869802803976067,-11.8441498068039,-3.793278731338764,0.3340029999999998,-0.32924084,-0.7192589999999996,-0.1087174084637664,-0.0569973058542786,0.9924372379400758,-5.438282578893606,-2.622697196148758,5.599896637921355,5.615431807251439,6.51194257285358
1808,05/05/2023 12:21:52.267880,2006,True,True,True,True,Eyes,1.175532,0.062986,-2.162331,0.3203338,-0.4565746,-0.8300155,0.0,0.0,0.0,0.0,0.0,0.0,0.0,0.4306834,-1.034599,-2.125193,1.070064,0.07037631,-2.149962,0.05070578,0.9693831,-0.2008359,0.1318727,23.75004,165.1034,2.839129,0.5050049,0.02691776,-0.8626963,-0.327585,-0.01767347,-0.03967558,1.417219,-0.2617024,-2.870457,-0.164585,-0.04466569,0.7899255,-0.9600772,0.04533708,-0.2760374,0.1512762,0.9141877,-0.3760004,0.2353033,-0.4027473,-0.8845492,moving,-5.698297278679121,-3.275164814245901,-11.76948373235218,-3.236296753394931,0.3471550000000001,-0.33207871,-0.7204950000000001,-0.0991295922797576,-0.0568498816093043,0.993449170276621,-4.8929253424322,-2.6066873763439475,6.062306543333944,6.0713108701019065,6.905321372510435
1809,05/05/2023 12:21:52.287910,2007,True,True,True,True,Eyes,1.175532,0.062986,-2.162331,0.3203338,-0.4565746,-0.8300155,0.0,0.0,0.0,0.0,0.0,0.0,0.0,0.3986892,-1.047089,-2.118345,1.058911,0.0703031,-2.148604,0.0509606,0.9680355,-0.2041937,0.1364383,24.15706,164.5321,2.69764,0.5022736,0.02678549,-0.8642935,-0.3079299,-0.01661307,-0.03729505,1.419288,-0.2634211,-2.870777,-0.1642238,-0.04348028,0.793172,-0.9575755,0.04294367,-0.2849659,0.154383,0.9114159,-0.3814274,0.2433426,-0.4092393,-0.8793795,moving,-5.1600114207335785,-2.8824967317449923,-11.697629380169408,-3.1377123825141298,0.3603770000000001,-0.3337242,-0.7221729999999997,-0.0898246177312751,-0.050084551583073,0.994697398594167,-4.36325695472882,-2.1991001908338137,6.531932472654834,6.542597619595401,7.394187698553113
1810,05/05/2023 12:21:52.298262,2008,True,True,True,True,Eyes,1.175532,0.062986,-2.162331,0.3203338,-0.4565746,-0.8300155,0.0,0.0,0.0,0.0,0.0,0.0,0.0,0.3707531,-1.073406,-2.103251,1.047586,0.07135224,-2.147276,0.05103097,0.9661068,-0.2107296,0.1400944,24.92762,164.0509,2.500178,0.4998111,0.02666622,-0.8657236,-0.2894541,-0.01561628,-0.03505734,1.421494,-0.2652534,-2.871118,-0.1635048,-0.03935316,0.7977505,-0.9555389,0.03955866,-0.2921999,0.1576468,0.9059777,-0.3928763,0.2491849,-0.4214729,-0.8719333,moving,-4.685057437655055,-2.130600951469485,-11.582779133157498,-2.824120670038302,0.3739080000000001,-0.33660564,-0.7238419999999999,-0.0816224896287096,-0.0370533798402003,0.995974224193116,-3.8968618728444016,-1.4225124560322282,6.921349843909818,6.932498408845751,7.81267110007506
1811,05/05/2023 12:21:52.318331,2009,True,True,True,True,Eyes,1.170319,0.06320849,-2.16168,0.3248285,-0.4563896,-0.8283688,0.0,0.0,0.0,0.0,0.0,0.0,0.0,0.3459972,-1.07713,-2.099216,1.036482,0.07229089,-2.146418,0.05111646,0.9654076,-0.2118441,0.1431695,25.0664,163.6642,2.406679,0.4975914,0.02655869,-0.8670046,-0.2720869,-0.01467931,-0.0329539,1.423577,-0.2669841,-2.87144,-0.1625104,-0.03154799,0.8026854,-0.9537794,0.03803719,-0.2980914,0.1593557,0.9050184,-0.3943951,0.2547765,-0.4236684,-0.8692493,moving,-4.605406237923551,-1.9877013455666208,-11.44530650673324,-2.250740833804725,0.3870950000000002,-0.33927499,-0.725022,-0.0802449708090927,-0.0345731196792844,0.996175353172994,-3.818685623072091,-1.27499410809992,6.83901805191379,6.844956205823046,7.688785845360763
1812,05/05/2023 12:21:52.338101,2010,True,True,True,True,Eyes,1.1649,0.06342296,-2.161015,0.3293469,-0.4561905,-0.8266928,0.0,0.0,0.0,0.0,0.0,0.0,0.0,0.325661,-1.079144,-2.09523,1.02581,0.07299083,-2.145456,0.05066255,0.964871,-0.2127814,0.1455387,25.17345,163.3513,2.268925,0.49544,0.02647409,-0.8682383,-0.2557617,-0.01379855,-0.03097667,1.425629,-0.2686883,-2.871757,-0.1622338,-0.02884418,0.8074994,-0.9525038,0.03582978,-0.3024122,0.1597015,0.9043148,-0.3958665,0.2592919,-0.4253599,-0.8670853,moving,-4.593745808242519,-1.8789465236637373,-11.35999581117357,-2.0457568369248587,0.3998189999999999,-0.34167913,-0.7263010000000003,-0.0800473388136688,-0.0326827135897314,0.9962551892878456,-3.807448084904133,-1.1630655718791578,6.763672255017054,6.76830590197981,7.603954302004031
1813,05/05/2023 12:21:52.348541,2011,True,True,True,True,Eyes,1.1649,0.06342296,-2.161015,0.3293469,-0.4561905,-0.8266928,0.0,0.0,0.0,0.0,0.0,0.0,0.0,0.3049774,-1.076408,-2.093787,1.015442,0.07295928,-2.144566,0.04976856,0.9645012,-0.212845,0.1481806,25.17143,162.9969,2.08484,0.4933435,0.02640995,-0.8694332,-0.240416,-0.01297063,-0.02911807,1.427682,-0.2703944,-2.872075,-0.1616999,-0.0247232,0.8128163,-0.9511313,0.03292469,-0.3070267,0.1590827,0.9044402,-0.3958291,0.2646547,-0.425328,-0.8654791,moving,-4.272250380513767,-1.8949093075057004,-11.251402627926534,-1.7422121211512975,0.4122399999999999,-0.34335368,-0.727509,-0.0744552527488567,-0.0329745995477722,0.996679100575741,-3.4905092804338285,-1.1772402994828184,6.978049597025901,6.980822481863239,7.78143037689318
1814,05/05/2023 12:21:52.368216,2012,True,True,True,True,Eyes,1.1649,0.06342296,-2.161015,0.3293469,-0.4561905,-0.8266928,0.0,0.0,0.0,0.0,0.0,0.0,0.0,0.2852213,-1.071663,-2.092859,1.005106,0.07242508,-2.143452,0.04836151,0.9642007,-0.2127001,0.1507877,25.1352,162.6343,1.842986,0.491454,0.02635208,-0.8705043,-0.225991,-0.0121924,-0.02737098,1.42983,-0.2721787,-2.872406,-0.1618474,-0.02024481,0.8183735,-0.9498487,0.02911528,-0.3113523,0.1574055,0.9048397,-0.3955864,0.2702062,-0.4247557,-0.8640436,moving,-3.94269406540084,-1.9478638347035595,-11.18686778895914,-1.4170860169137585,0.4247239999999999,-0.34460378,-0.7289539999999999,-0.0687191597531665,-0.0339097402478545,0.9970596496703902,-3.165537615828628,-1.229402403300504,7.262168724091272,7.263592639248862,8.023525589489505
1815,05/05/2023 12:21:52.387931,2013,True,True,True,True,Eyes,1.1649,0.06342296,-2.161015,0.3293469,-0.4561905,-0.8266928,0.0,0.0,0.0,0.0,0.0,0.0,0.0,0.2617037,-1.082229,-2.084307,0.9949068,0.07187708,-2.142204,0.04927365,0.9630694,-0.2155729,0.1536157,25.49053,162.2864,1.820575,0.4897515,0.02629989,-0.8714649,-0.2124315,-0.01146085,-0.02572872,1.431939,-0.2739305,-2.872733,-0.1623765,-0.01898077,0.8238916,-0.9479488,0.02867711,-0.3171293,0.1611387,0.9022008,-0.400085,0.274641,-0.4303618,-0.8598611,moving,-3.620179136073343,-1.593778371827787,-11.149237579902389,-1.3197436109313294,0.4370322000000001,-0.34580758,-0.7305290000000002,-0.063117687671596,-0.0277576381492282,0.9976200726875276,-2.8484658320213354,-0.862999599672063,7.532468390034385,7.53404380799402,8.313328256615486
1816,05/05/2023 12:21:52.398014,2014,True,True,True,True,Eyes,1.1649,0.06342296,-2.161015,0.3293469,-0.4561905,-0.8266928,0.0,0.0,0.0,0.0,0.0,0.0,0.0,0.2362033,-1.076247,-2.084923,0.9851462,0.07091248,-2.141369,0.05020022,0.9627187,-0.2145006,0.1569777,25.38941,161.897,1.859444,0.4882174,0.02625283,-0.8723267,-0.1996856,-0.0107732,-0.024185,1.434151,-0.2757679,-2.873075,-0.1639111,-0.01805639,0.8296738,-0.9456758,0.02931376,-0.3237867,0.164001,0.9029388,-0.3972469,0.2807148,-0.4287681,-0.8586949,moving,-3.278006158583633,-1.6931097672983717,-11.175494355789452,-1.2467449877141048,0.4490048,-0.34668038,-0.731706,-0.0571559158595517,-0.0294977416410878,0.9979294679094464,-2.510948520873644,-0.9627692971786994,7.908723337243837,7.910092372498475,8.66919815889405
1817,05/05/2023 12:21:52.418073,2015,True,True,True,True,Eyes,1.157528,0.06350998,-2.160237,0.3354001,-0.4558713,-0.824432,0.0,0.0,0.0,0.0,0.0,0.0,0.0,0.2068318,-1.084329,-2.077965,0.9752629,0.07006685,-2.140196,0.05254157,0.961523,-0.2164754,0.1607834,25.67003,161.4693,1.998315,0.4868358,0.02621042,-0.8730998,-0.1877045,-0.01012681,-0.0227339,1.436232,-0.2774968,-2.873396,-0.1641482,-0.015475,0.8357689,-0.9427762,0.03142855,-0.3319419,0.1706512,0.9007556,-0.3993964,0.286446,-0.4331877,-0.8545742,moving,-3.261186160327528,-1.3841722603390012,-11.111674759137172,-1.0607607949921602,0.4609690999999999,-0.34756365,-0.7332000000000001,-0.0568711614929134,-0.024116917532146,0.998090194895679,-2.495096840602467,-0.6449299804074717,7.85612602430651,7.85714746049468,8.626605954402812
1818,05/05/2023 12:21:52.437816,2016,True,True,True,True,Eyes,1.150064,0.06359657,-2.159475,0.3414892,-0.4555062,-0.822131,0.0,0.0,0.0,0.0,0.0,0.0,0.0,0.173411,-1.086622,-2.07494,0.965456,0.06992269,-2.139907,0.0550932,0.9605243,-0.2168098,0.1653822,25.7678,160.9581,2.171546,0.4853729,0.02618022,-0.8739148,-0.1764422,-0.0095192,-0.02136987,1.438389,-0.2792883,-2.87373,-0.1653877,-0.01290548,0.8419374,-0.9392269,0.03412375,-0.3415968,0.1775497,0.8999165,-0.3982793,0.2938178,-0.4347251,-0.8512845,moving,-3.1789905658746487,-1.253853692891835,-11.11350833053539,-0.8781788685560105,0.4729329999999999,-0.34921099,-0.7338230000000001,-0.0554421558866832,-0.0218484734018622,0.9982229033020256,-2.414382911043953,-0.5103326644027979,7.94274153071361,7.943406305317426,8.706899212346034
1819,05/05/2023 12:21:52.457844,2017,True,True,True,True,Eyes,1.142092,0.06369798,-2.158928,0.3494262,-0.453733,-0.8197729,0.0,0.0,0.0,0.0,0.0,0.0,0.0,0.1438305,-1.081007,-2.07538,0.9557776,0.06999365,-2.139639,0.05611237,0.9599957,-0.2156257,0.1696031,25.66021,160.4628,2.199475,0.4838325,0.02616104,-0.8747691,-0.1658557,-0.008948048,-0.02008768,1.440468,-0.2810156,-2.874051,-0.1674215,-0.00736928,0.8484513,-0.9361725,0.03459369,-0.3498351,0.1808769,0.9007139,-0.3949658,0.301438,-0.4330332,-0.8494808,moving,-3.2129617706157174,-1.2452719514716044,-11.162540662207736,-0.4976337770003823,0.4846904000000001,-0.35100925,-0.7344120000000003,-0.0560341784483898,-0.0216982388167148,0.9981930020731046,-2.4478888815401163,-0.5017438031161654,7.9843976906420275,7.984658251520353,8.714652749858022
1820,05/05/2023 12:21:52.472580,2018,True,True,True,True,Eyes,1.134061,0.06380355,-2.158403,0.357291,-0.4519809,-0.8173472,0.0,0.0,0.0,0.0,0.0,0.0,0.0,0.1147172,-1.079216,-2.073563,0.9460468,0.07000481,-2.139538,0.05639941,0.9592234,-0.2155734,0.1738899,25.66959,159.9312,2.112719,0.482202,0.02615247,-0.8756692,-0.1559044,-0.008411164,-0.01888242,1.442724,-0.2828899,-2.8744,-0.1697672,-0.01028609,0.8545505,-0.933163,0.03322719,-0.3579149,0.1831713,0.9006944,-0.3939516,0.3092821,-0.4331807,-0.846581,moving,-3.20443306372367,-1.1280438662135002,-11.236231832592674,-0.6896269844963521,0.4966771999999999,-0.35289471,-0.7348620000000001,-0.05588795724488,-0.0196560384935301,0.9982435646571356,-2.4397582789384358,-0.3811229087609991,8.043373301508112,8.043755393209086,8.801881716137961
1821,05/05/2023 12:21:52.478107,2019,True,True,True,True,Eyes,1.125875,0.06393875,-2.15795,0.3652362,-0.4502825,-0.8147688,0.0,0.0,0.0,0.0,0.0,0.0,0.0,0.09153879,-1.076642,-2.071823,0.9365921,0.07020044,-2.139592,0.05531222,0.9586573,-0.2155961,0.1772996,25.65677,159.4722,1.881845,0.4804864,0.02615361,-0.8766117,-0.1465501,-0.007906495,-0.01774947,1.44476,-0.284581,-2.874715,-0.1723939,-0.004166901,0.8613556,-0.9310109,0.02960075,-0.3637892,0.1825011,0.9009178,-0.3937518,0.3160889,-0.4329791,-0.8441664,moving,-3.2660706558304806,-1.0442368740149603,-11.317785237791757,-0.2771723763822213,0.5081679,-0.35478144,-0.7351230000000002,-0.0569633891328575,-0.018194771269673,0.9982104646050712,-2.50071253337686,-0.2953627283857518,8.087932743620984,8.08817010533881,8.817091468497095
1822,05/05/2023 12:21:52.497726,2020,True,True,True,True,Eyes,1.117654,0.06409885,-2.157536,0.3731135,-0.4485733,-0.8121381,0.0,0.0,0.0,0.0,0.0,0.0,0.0,0.06880128,-1.082256,-2.065762,0.9271011,0.07107516,-2.139816,0.05476633,0.9577173,-0.2173026,0.1804377,25.84848,159.0476,1.686242,0.4786871,0.02616474,-0.8775952,-0.1377571,-0.007432105,-0.0166845,1.446853,-0.2863195,-2.875038,-0.1759673,0.001989573,0.8680696,-0.9288858,0.02648214,-0.3694184,0.1833205,0.8995605,-0.3964651,0.321815,-0.4359928,-0.8404437,moving,-3.350580013456845,-0.7538918196061412,-11.459211728822163,0.1313188900159385,0.5197518999999999,-0.35739466,-0.7352219999999998,-0.0584402858867061,-0.0131350272449496,0.9982044814923968,-2.5846983815182627,0.0026488455248026,8.156185186061979,8.156807359246505,8.875446080723181
1823,05/05/2023 12:21:52.518233,2021,True,True,True,True,Eyes,1.109402,0.06427078,-2.157148,0.3810733,-0.4467751,-0.8094289,0.0,0.0,0.0,0.0,0.0,0.0,0.0,0.04463017,-1.078387,-2.064957,0.9179618,0.07182405,-2.140362,0.05407754,0.9572082,-0.2167341,0.1839955,25.7738,158.5846,1.512598,0.476809,0.02618588,-0.8786164,-0.1294917,-0.006986179,-0.01568343,1.448999,-0.2881026,-2.87537,-0.1798195,0.002360404,0.8751997,-0.9264425,0.02377074,-0.3756849,0.1832832,0.9002039,-0.3950194,0.328803,-0.4348195,-0.8383439,moving,-3.4155441044361554,-0.7234796116632494,-11.6104779570094,0.1545257148096659,0.5310371999999999,-0.35992665,-0.7350080000000001,-0.0595724568049368,-0.012604340371057,0.9981444019289716,-2.648805783082574,0.0334727847744822,8.241181626994852,8.24183439541015,8.962489719090588
1824,05/05/2023 12:21:52.537669,2022,True,True,True,True,Eyes,1.101114,0.06448153,-2.156804,0.3889553,-0.4451498,-0.8065702,0.0,0.0,0.0,0.0,0.0,0.0,0.0,0.02181244,-1.075053,-2.063333,0.908713,0.07228364,-2.140695,0.05267489,0.9566631,-0.2165297,0.1874462,25.72418,158.1129,1.247202,0.4748579,0.02621651,-0.8796715,-0.1217222,-0.006567008,-0.01474243,1.451116,-0.2898611,-2.875697,-0.1838358,0.009623915,0.882225,-0.9241784,0.01960891,-0.381457,0.1819595,0.9006805,-0.3945445,0.3358343,-0.4340393,-0.8359576,moving,-3.469975571060398,-0.685142269039146,-11.770711723727723,0.6249968443152097,0.5424030000000001,-0.3621447399999999,-0.7350020000000002,-0.0605211737115082,-0.011935784296404,0.9980955775635826,-2.7025497478723377,0.0725206561281538,8.40108338195519,8.403492439012442,9.084976145200558
1825,05/05/2023 12:21:52.548231,2023,True,True,True,True,Eyes,1.092872,0.06471661,-2.156492,0.3969076,-0.4434131,-0.8036474,0.0,0.0,0.0,0.0,0.0,0.0,0.0,-0.004291475,-1.082498,-2.056341,0.899517,0.07345669,-2.141455,0.05237109,0.9554686,-0.2185012,0.1912961,25.9495,157.5988,1.050231,0.4728372,0.02625728,-0.8807581,-0.1144188,-0.006172988,-0.01385788,1.453416,-0.2917721,-2.876053,-0.1892024,0.0213145,0.8896189,-0.9213262,0.01648103,-0.3884411,0.1836747,0.899029,-0.3975053,0.3426685,-0.4375787,-0.8313261,moving,-3.4869230509424427,-0.3607865970068632,-12.006658914396684,1.372494777647779,0.553899,-0.3652287899999999,-0.7345980000000001,-0.0608195253911595,-0.0062852153857401,0.9981289721848968,-2.7200193316156165,0.4059810695211829,8.687580476817919,8.694260377211686,9.33679942423916
1826,05/05/2023 12:21:52.568111,2024,True,True,True,True,Eyes,1.084597,0.06494649,-2.156218,0.4048039,-0.4416915,-0.8006512,0.0,0.0,0.0,0.0,0.0,0.0,0.0,-0.03031152,-1.074434,-2.057814,0.8906931,0.07426523,-2.142679,0.05132484,0.9550661,-0.2168956,0.1953732,25.74421,157.0707,0.845152,0.4707537,0.02630814,-0.8818719,-0.1075537,-0.005802609,-0.01302641,1.455411,-0.2934289,-2.876361,-0.195886,0.02366161,0.89618,-0.9183903,0.01328608,-0.395453,0.1827884,0.9006442,-0.3942442,0.3509244,-0.4343542,-0.8295714,moving,-3.4982700556667043,-0.4684799660274758,-12.32972896227689,1.5124143554836258,0.5647179,-0.36769413,-0.7336820000000004,-0.0610163681394179,-0.0081611918632636,0.99810336160908,-2.7309504248611773,0.2951463538462172,9.042384718834084,9.050889941444394,9.675654541071776
1827,05/05/2023 12:21:52.587765,2025,True,True,True,True,Eyes,1.076322,0.0651767,-2.15599,0.4127424,-0.4401837,-0.7974221,0.0,0.0,0.0,0.0,0.0,0.0,0.0,-0.05484092,-1.072366,-2.055166,0.8815674,0.07436194,-2.14336,0.05017245,0.9543318,-0.2169685,0.1991438,25.72822,156.5618,0.5944567,0.4686107,0.02636787,-0.8830108,-0.1011005,-0.005454452,-0.01224482,1.457525,-0.2951855,-2.876688,-0.2032684,0.02546874,0.9025889,-0.9156491,0.009346508,-0.4018701,0.1821782,0.9008148,-0.3941368,0.3583267,-0.4341029,-0.826533,moving,-3.530660699708277,-0.4040141593411547,-12.691615031650567,1.616310814092324,0.5759576,-0.36954744,-0.7333280000000002,-0.0615811371212675,-0.0070379359804022,0.9980772590735888,-2.7630301021349686,0.361219343668558,9.371587266314934,9.38108721152358,10.007599777256024
1828,05/05/2023 12:21:52.598024,2026,True,True,True,True,Eyes,1.068022,0.06540868,-2.155837,0.4205871,-0.4386459,-0.7941638,0.0,0.0,0.0,0.0,0.0,0.0,0.0,-0.08160746,-1.078316,-2.048659,0.8726566,0.07462628,-2.144605,0.05060408,0.9531274,-0.2185919,0.2029902,25.92767,156.0676,0.4918482,0.4664123,0.02643557,-0.884172,0.0,0.0,0.0,1.459577,-0.2968897,-2.877006,-0.2097292,0.0260689,0.9087608,-0.9124685,0.007720228,-0.4090743,0.1852083,0.8993136,-0.3961476,0.3648277,-0.4372361,-0.8220252,moving,-3.5710949647812247,-0.1135490276353673,-12.995524825099212,1.643147948945383,0.5869203999999999,-0.3715159799999999,-0.7324010000000003,-0.0622868932969419,-0.0019779548796455,0.9980562640059776,-2.80357098293256,0.6596617673360522,9.577967210544598,9.586754532143884,10.239295297542313
1829,05/05/2023 12:21:52.619913,2027,True,True,True,True,Eyes,1.05957,0.06560982,-2.155814,0.4287261,-0.436972,-0.7907272,0.0,0.0,0.0,0.0,0.0,0.0,0.0,-0.1072893,-1.072511,-2.04845,0.8636898,0.07488384,-2.146245,0.05104535,0.9526216,-0.2173581,0.2065483,25.79844,155.6417,0.4750001,0.4641603,0.02651046,-0.885354,0.0,0.0,0.0,1.461836,-0.2987667,-2.877355,-0.2161295,0.02634487,0.9152015,-0.9094646,0.007463954,-0.4157148,0.1870436,0.9002997,-0.3930333,0.3713343,-0.4352066,-0.8201869,moving,-3.69560541680115,-0.1397007114200491,-13.287253647435694,1.648853445646572,0.5981462,-0.37365054,-0.7311100000000001,-0.064455580491302,-0.0024331649692079,0.9979176620727844,-2.9262405327881416,0.6318981958901226,9.747798596283255,9.756979130499104,10.410801637813764
1830,05/05/2023 12:21:52.637596,2028,True,True,True,True,Eyes,1.051095,0.06578449,-2.15586,0.4366902,-0.4353718,-0.787244,0.0,0.0,0.0,0.0,0.0,0.0,0.0,-0.1331906,-1.068099,-2.047025,0.8546633,0.07433841,-2.147768,0.05228912,0.951997,-0.2165379,0.20995,25.73713,155.252,0.5491747,0.4618517,0.02659052,-0.8865581,0.0,0.0,0.0,1.463786,-0.3003862,-2.877656,-0.2219152,0.03394163,0.9213678,-0.9063739,0.008633922,-0.4223888,0.1904825,0.9007544,-0.3903306,0.3770985,-0.434243,-0.818065,moving,-3.8440287020925377,-0.0973821210804653,-13.541994694298364,2.109725526325607,0.6091227,-0.37472461,-0.7298879999999999,-0.0670405424183198,-0.0016958141136301,0.9977488363481212,-3.072642534652801,0.6743850672468583,9.931124720375758,9.945947343175463,10.567286164202406
1831,05/05/2023 12:21:52.648067,2029,True,True,True,True,Eyes,1.042493,0.06591225,-2.156038,0.4447986,-0.4336194,-0.7836635,0.0,0.0,0.0,0.0,0.0,0.0,0.0,-0.1574132,-1.066219,-2.044293,0.8455783,0.07387722,-2.149482,0.05376891,0.9513174,-0.2162802,0.2129017,25.74694,154.9189,0.6494674,0.4594886,0.0266741,-0.8877827,0.0,0.0,0.0,1.465965,-0.3021966,-2.877993,-0.2271268,0.03458163,0.9274856,-0.9035638,0.01020977,-0.4283325,0.1943954,0.9006636,-0.3886072,0.3818159,-0.4343972,-0.8157918,moving,-4.052038360654337,0.0263578971413086,-13.760054824947252,2.135304356355116,0.6203867,-0.37607382,-0.7285110000000001,-0.0706624678252458,0.0004588821368434,0.997500207979227,-3.2779712633034315,0.8001930262836561,9.91953751480458,9.93444708269226,10.566768572130687
1832,05/05/2023 12:21:52.667653,2030,True,True,True,True,Eyes,1.033872,0.06599747,-2.156286,0.4527051,-0.4319731,-0.7800368,0.0,0.0,0.0,0.0,0.0,0.0,0.0,-0.1807113,-1.060446,-2.043661,0.836457,0.07284594,-2.151461,0.05493334,0.9508503,-0.2152589,0.2157075,25.66172,154.6047,0.7374324,0.4570691,0.0267588,-0.8890283,0.0,0.0,0.0,1.468048,-0.3039269,-2.878315,-0.2313272,0.04201961,0.9339436,-0.9009052,0.01160082,-0.4338609,0.1973327,0.9012919,-0.3856589,0.3865613,-0.433057,-0.8142678,moving,-4.268371652079018,0.0475600736521418,-13.911533575028091,2.5760910973303,0.631591,-0.37677284,-0.7268540000000003,-0.0744282278116011,0.0008277774823055,0.997226067515849,-3.491263066042987,0.8204894758424551,9.947283490011552,9.96915447818509,10.567127070959044
1833,05/05/2023 12:21:52.687633,2031,True,True,True,True,Eyes,1.02525,0.06603,-2.156609,0.4605252,-0.4303518,-0.7763464,0.0,0.0,0.0,0.0,0.0,0.0,0.0,-0.2025641,-1.060627,-2.039774,0.8273215,0.07191826,-2.153371,0.0559601,0.9501134,-0.2156911,0.2182444,25.73999,154.3039,0.7754028,0.4545956,0.02684267,-0.8902931,0.0,0.0,0.0,1.470252,-0.3057581,-2.878656,-0.2345836,0.04577348,0.9405214,-0.8984758,0.0121901,-0.438854,0.2004836,0.9006916,-0.385436,0.3905737,-0.4342879,-0.8116935,moving,-4.491701468532392,0.2267443668280929,-14.00489089631806,2.786283767279782,0.6429304999999998,-0.37767636,-0.725285,-0.0783140898883831,0.0039452708616712,0.996920860727682,-3.711823668979157,1.0032114105057686,9.826778066696813,9.851498111018325,10.44636683139214
1834,05/05/2023 12:21:52.703983,2032,True,True,True,True,Eyes,1.01661,0.06599256,-2.157007,0.4682004,-0.4287303,-0.772644,0.0,0.0,0.0,0.0,0.0,0.0,0.0,-0.2252697,-1.057683,-2.037669,0.8183742,0.07067961,-2.155644,0.05663558,0.9494703,-0.2154715,0.2210671,25.73492,153.9649,0.7811056,0.4520709,0.02692351,-0.8915753,0.0,0.0,0.0,1.472292,-0.3074523,-2.878971,-0.237959,0.04546562,0.9471922,-0.8958436,0.01228026,-0.4442,0.2028149,0.9007289,-0.3841271,0.3953867,-0.4342081,-0.8094028,moving,-4.674333646433274,0.3208763493807682,-14.102319457206823,2.7481119825197475,0.6539177999999999,-0.37813191,-0.7233269999999998,-0.0814907763504386,0.0055816934874461,0.9966584838859625,-3.8920678003528657,1.098746411253257,9.711636416572976,9.735419316440716,10.342613097470496
1835,05/05/2023 12:21:52.722821,2033,True,True,True,True,Eyes,1.007946,0.06590627,-2.157497,0.4758708,-0.4272574,-0.768764,0.0,0.0,0.0,0.0,0.0,0.0,0.0,-0.2471118,-1.052406,-2.036493,0.8092403,0.06895887,-2.157846,0.05654937,0.9489426,-0.21492,0.2238744,25.67165,153.6117,0.7052763,0.4494971,0.02699859,-0.8928734,0.0,0.0,0.0,1.474407,-0.3092093,-2.879298,-0.2408749,0.04665399,0.9539472,-0.8933651,0.01109408,-0.449195,0.2035543,0.9012232,-0.3825734,0.4005807,-0.4332133,-0.8073795,moving,-4.849735468127283,0.3404131375115246,-14.171160047933508,2.79989144350468,0.6651667,-0.37816817,-0.7214519999999998,-0.0845413331752555,0.0059200250923805,0.9964023826402946,-4.065009128410624,1.117615553798165,9.615520125019518,9.640435142392,10.24521051893328
1836,05/05/2023 12:21:52.738004,2034,True,True,True,True,Eyes,0.9992609,0.06577381,-2.158085,0.4833941,-0.4257311,-0.7649073,0.0,0.0,0.0,0.0,0.0,0.0,0.0,-0.2698027,-1.054295,-2.031782,0.8000004,0.06771282,-2.160528,0.05759579,0.9480489,-0.2158215,0.2265107,25.80507,153.292,0.7278001,0.4468753,0.02706635,-0.8941864,0.0,0.0,0.0,1.476577,-0.3110127,-2.879634,-0.2447973,0.04649895,0.9604589,-0.8907514,0.01143551,-0.4543471,0.206979,0.9002076,-0.3831266,0.4046255,-0.4353108,-0.8042281,moving,-5.044135206212766,0.5672765853314239,-14.298845872105067,2.7717115477769214,0.6765766000000001,-0.37872552,-0.719106,-0.0879188143095555,0.0098623434691897,0.996078821824361,-4.257165417346336,1.3495741251401334,9.49046830662599,9.513632482550122,10.141884499655257
1837,05/05/2023 12:21:52.747666,2035,True,True,True,True,Eyes,0.9905679,0.06558583,-2.158746,0.4908393,-0.4243321,-0.760933,0.0,0.0,0.0,0.0,0.0,0.0,0.0,-0.293568,-1.0444,-2.033062,0.7907511,0.06644153,-2.163468,0.05858343,0.9477317,-0.2139186,0.229372,25.61677,152.976,0.8202763,0.4442069,0.02712543,-0.8955132,0.0,0.0,0.0,1.478932,-0.3129691,-2.879998,-0.249322,0.04914716,0.967109,-0.8879128,0.01290885,-0.4598304,0.2091766,0.9016136,-0.3786001,0.409702,-0.4323497,-0.8032545,moving,-5.244335738825424,0.4705261483288201,-14.45615604447885,2.9091907103048293,0.6881808999999999,-0.3794106299999999,-0.7165300000000001,-0.091400115637774,0.0081777641522208,0.9957806601048104,-4.454277067250976,1.2486765273989553,9.50221595426787,9.529150968973385,10.138781506016612
1838,05/05/2023 12:21:52.768266,2036,True,True,True,True,Eyes,0.9818399,0.06535885,-2.159503,0.4981101,-0.4230835,-0.7568928,0.0,0.0,0.0,0.0,0.0,0.0,0.0,-0.3163302,-1.041052,-2.03056,0.7813014,0.06492016,-2.166191,0.0591211,0.9470714,-0.2137313,0.2321199,25.61259,152.6418,0.8108671,0.4414935,0.02717428,-0.8968525,0.0,0.0,0.0,1.480763,-0.3144895,-2.880281,-0.2526093,0.04767334,0.9733342,-0.8852503,0.01276124,-0.4649401,0.2112064,0.9016473,-0.3773912,0.4143961,-0.4322839,-0.8008788,moving,-5.419398378286979,0.5396569031093711,-14.548982540439546,2.8040729040796823,0.6994616,-0.37940966,-0.7140900000000001,-0.0944412204598875,0.009376553443467,0.9954862964951696,-4.6270009194890624,1.3185521866404306,9.381447699725085,9.406215328136891,10.032571509260244
1839,05/05/2023 12:21:52.787837,2037,True,True,True,True,Eyes,0.9730743,0.06509372,-2.160376,0.5053275,-0.4218424,-0.7527902,0.0,0.0,0.0,0.0,0.0,0.0,0.0,-0.3398367,-1.044435,-2.024584,0.7716843,0.06378101,-2.169264,0.0600879,0.9460418,-0.215027,0.2348572,25.78995,152.3009,0.8075452,0.4387359,0.02721213,-0.8982036,0.0,0.0,0.0,1.482889,-0.3162562,-2.88061,-0.2560146,0.04645598,0.9800073,-0.8824633,0.01269004,-0.4702104,0.2146926,0.9003056,-0.3786249,0.4185283,-0.4350733,-0.7972111,moving,-5.585178427100561,0.7903342965096052,-14.640606981784924,2.7140007375461592,0.7112046999999999,-0.38003721,-0.7113459999999998,-0.0973162734284216,0.0137280273371171,0.9951588125025502,-4.791002613842973,1.5752014233491631,9.236034938429004,9.257498522028682,9.915219114220156
1840,05/05/2023 12:21:52.798423,2038,True,True,True,True,Eyes,0.9642676,0.06481001,-2.161369,0.5123339,-0.4205696,-0.7487558,0.0,0.0,0.0,0.0,0.0,0.0,0.0,-0.3623966,-1.035164,-2.02563,0.7619911,0.06256777,-2.172907,0.06079453,0.9457572,-0.2132997,0.2373831,25.61505,152.0182,0.8722073,0.4359339,0.02723833,-0.8995661,0.0,0.0,0.0,1.485,-0.3180093,-2.880936,-0.2586277,0.04954648,0.9866732,-0.8799068,0.01372623,-0.4749484,0.2162612,0.9016145,-0.3745963,0.4230786,-0.4323227,-0.7963052,moving,-5.794789916926349,0.6961280478398009,-14.687983178530674,2.8747326599167766,0.7230089000000001,-0.3805770699999999,-0.7080290000000002,-0.1009584562533608,0.012087352141751,0.9948172433146448,-4.997396731349313,1.476854729519555,9.13064066493306,9.156156641517642,9.790890071826292
1841,05/05/2023 12:21:52.818094,2039,True,True,True,True,Eyes,0.9554529,0.06452927,-2.162495,0.5193235,-0.4191179,-0.7447438,0.0,0.0,0.0,0.0,0.0,0.0,0.0,-0.3819042,-1.027618,-2.026327,0.752164,0.06181385,-2.176759,0.06180385,0.9455841,-0.2118362,0.2391162,25.47863,151.841,0.9885396,0.4330874,0.0272531,-0.9009395,0.0,0.0,0.0,1.487141,-0.3197878,-2.881267,-0.2609302,0.04530635,0.9931784,-0.8780075,0.01557454,-0.4783934,0.2181884,0.9026114,-0.3710613,0.4260243,-0.4301745,-0.7958978,moving,-6.097676888329348,0.6543262158898226,-14.720223693889247,2.61188146733801,0.734977,-0.38160165,-0.7045079999999997,-0.1062169083545345,0.0113552962842394,0.9942781627980176,-5.295856886097022,1.4317520936710797,8.82057029692604,8.841964486274733,9.49796794406084
1842,05/05/2023 12:21:52.837798,2040,True,True,True,True,Eyes,0.9466093,0.06422788,-2.163762,0.5261364,-0.4173326,-0.7409548,0.0,0.0,0.0,0.0,0.0,0.0,0.0,-0.3998671,-1.011011,-2.03264,0.7426223,0.06153283,-2.181372,0.06226797,0.9460031,-0.2080836,0.240629,25.06602,151.7058,1.117718,0.4301971,0.0272575,-0.9023231,0.0,0.0,0.0,1.489255,-0.3215446,-2.881594,-0.2634552,0.04503432,0.9997901,-0.8764409,0.0176695,-0.4811855,0.2179533,0.9056479,-0.3637284,0.4293577,-0.4236623,-0.797598,moving,-6.42872008942966,0.3588135029398633,-14.762456100224568,2.579074861587687,0.7466327,-0.38307743,-0.7002220000000001,-0.1119648878044985,0.0062230590006543,0.9936926906777372,-5.621473087239849,1.125528060872268,8.600518548794705,8.624425569179927,9.255828906453772
1843,05/05/2023 12:21:52.848261,2041,True,True,True,True,Eyes,0.9377596,0.06388759,-2.165146,0.5329241,-0.4154202,-0.7371689,0.0,0.0,0.0,0.0,0.0,0.0,0.0,-0.4148651,-0.9865835,-2.043064,0.7330567,0.06064767,-2.185983,0.06168616,0.9469254,-0.202685,0.2417558,24.43629,151.6125,1.184729,0.4272633,0.02725153,-0.9037163,0.0,0.0,0.0,1.491364,-0.3232966,-2.88192,-0.2660069,0.04881778,1.005799,-0.8754978,0.01882383,-0.4828552,0.2148249,0.9102272,-0.3540291,0.4328437,-0.413681,-0.8009458,moving,-6.802560960858026,-0.1536074441506318,-14.814021570990452,2.778745505144684,0.7583072999999999,-0.38394427,-0.6959370000000002,-0.1184479328055664,-0.0026620792839659,0.992956709330288,-5.988764265107845,0.5959296444013608,8.497005480486061,8.531248145901301,9.091196378747242
1844,05/05/2023 12:21:52.868319,2042,True,True,True,True,Eyes,0.9288899,0.06352355,-2.166672,0.5394576,-0.4134422,-0.7335197,0.0,0.0,0.0,0.0,0.0,0.0,0.0,-0.4285709,-0.9724016,-2.048428,0.7234883,0.05931754,-2.190512,0.06182753,0.9473652,-0.1997646,0.2424267,24.10922,151.5646,1.273736,0.4242867,0.02723438,-0.905118,0.0,0.0,0.0,1.493526,-0.3250919,-2.882254,-0.2698288,0.04698476,1.011616,-0.8748133,0.02028999,-0.4840351,0.214003,0.912543,-0.3485227,0.4346313,-0.4084772,-0.8026469,moving,-7.196147069571223,-0.3574725777774741,-14.934829497093045,2.6592059019000622,0.7700376999999999,-0.38440944,-0.6917420000000001,-0.1252641240065126,-0.0061898911380813,0.9921041728121448,-6.376245574007211,0.3835230098580791,8.270579081278571,8.305874713947025,8.855963606160305
1845,05/05/2023 12:21:52.887997,2043,True,True,True,True,Eyes,0.919969,0.06313092,-2.168362,0.5462345,-0.4114078,-0.7296379,0.0,0.0,0.0,0.0,0.0,0.0,0.0,-0.4432508,-0.9606176,-2.052794,0.714128,0.05834304,-2.195412,0.06289983,0.9476494,-0.1972602,0.2430902,23.85651,151.5341,1.460489,0.4212677,0.02720598,-0.906528,0.0,0.0,0.0,1.495579,-0.3267978,-2.882572,-0.274,0.04757425,1.016996,-0.8739017,0.02330995,-0.4855437,0.2151179,0.9142641,-0.3432863,0.4359132,-0.4044476,-0.8039914,moving,-7.624392745796391,-0.4714676463586011,-15.07864627771568,2.678297711617439,0.781451,-0.38514084,-0.68716,-0.1326739574974241,-0.0081558270326509,0.9911261652760888,-6.79810292091135,0.26330016113801,8.053423553303192,8.092398749965126,8.625520938049942
1846,05/05/2023 12:21:52.897644,2044,True,True,True,True,Eyes,0.9110412,0.06272918,-2.1702,0.5527163,-0.4094012,-0.7258756,0.0,0.0,0.0,0.0,0.0,0.0,0.0,-0.4578082,-0.9482514,-2.057546,0.7048689,0.05719109,-2.20049,0.06389936,0.9479486,-0.1946654,0.2437535,23.59175,151.5017,1.641148,0.4182052,0.02716601,-0.907946,0.0,0.0,0.0,1.497703,-0.3285624,-2.8829,-0.2791984,0.04931909,1.022127,-0.8730022,0.02624584,-0.4870096,0.2160474,0.9160445,-0.3379143,0.4372536,-0.4002171,-0.8053791,moving,-8.03435015221891,-0.5979262871817008,-15.277890006665585,2.7624608037147813,0.7928341,-0.38575349,-0.68241,-0.1397593053110924,-0.0103331731120375,0.9901316072295072,-7.201903972996205,0.1303868768834482,7.940139024553901,7.985052975630223,8.494078147293456
1847,05/05/2023 12:21:52.917899,2045,True,True,True,True,Eyes,0.9020777,0.06235727,-2.172231,0.5593407,-0.4074283,-0.7219005,0.0,0.0,0.0,0.0,0.0,0.0,0.0,-0.4708651,-0.9423778,-2.059949,0.6957728,0.05654797,-2.205875,0.06514928,0.9480469,-0.193434,0.2440203,23.48847,151.51,1.819839,0.4150997,0.02711505,-0.9093714,0.0,0.0,0.0,1.499825,-0.3303246,-2.883228,-0.2848232,0.04974228,1.026883,-0.8724192,0.02912546,-0.4878896,0.2179328,0.9166777,-0.3349735,0.4374813,-0.3985645,-0.8060746,moving,-8.490504170398344,-0.5656556139489094,-15.502245479601076,2.773243597078811,0.8040522,-0.38687257,-0.6773530000000001,-0.1476384702070625,-0.009764205726337,0.9889932823933044,-7.651615495226388,0.1603941591787862,7.718826793485389,7.766129288685684,8.274017968115455
1848,05/05/2023 12:21:52.938416,2046,True,True,True,True,Eyes,0.8931373,0.06200634,-2.174418,0.5657102,-0.4053559,-0.7180937,0.0,0.0,0.0,0.0,0.0,0.0,0.0,-0.4841778,-0.9356722,-2.063384,0.6871207,0.05681874,-2.211809,0.06669998,0.9482074,-0.1917572,0.2443012,23.3434,151.5274,2.04714,0.4119502,0.0270552,-0.9108043,0.0,0.0,0.0,1.501934,-0.3320768,-2.883554,-0.2906039,0.05281246,1.031621,-0.8717362,0.0327978,-0.4888768,0.2201839,0.9175606,-0.3310614,0.437716,-0.3962409,-0.8070923,moving,-8.939570140488891,-0.559435423514988,-15.732335918159375,2.930622552310981,0.8148133000000001,-0.38889554,-0.671745,-0.1553854348516885,-0.0096452426176373,0.9878068302858298,-8.094278875689572,0.163659652113274,7.582334595495319,7.636895415345019,8.123792160998033
1849,05/05/2023 12:21:52.948408,2047,True,True,True,True,Eyes,0.8842435,0.06167542,-2.176738,0.5722773,-0.4033367,-0.7140155,0.0,0.0,0.0,0.0,0.0,0.0,0.0,-0.4976833,-0.9220259,-2.069861,0.6787235,0.05690981,-2.217711,0.06783506,0.9486429,-0.1885463,0.2447968,23.01286,151.5224,2.26595,0.4087588,0.02698803,-0.912243,0.0,0.0,0.0,1.504079,-0.3338585,-2.883886,-0.2957667,0.05442935,1.036213,-0.870946,0.03639146,-0.4900296,0.2210135,0.9196974,-0.3245144,0.4388694,-0.3909377,-0.8090498,moving,-9.394146256262486,-0.7409502771920243,-15.930357357908742,3.006822554401508,0.8253554999999999,-0.39076831,-0.666175,-0.163211876055567,-0.0127582609511328,0.9865085129862566,-8.541931296212514,-0.0261864955808749,7.47098183694689,7.534444688397039,7.986737980328832
1850,05/05/2023 12:21:52.967687,2048,True,True,True,True,Eyes,0.8753717,0.06139359,-2.179199,0.5785044,-0.4015941,-0.7099681,0.0,0.0,0.0,0.0,0.0,0.0,0.0,-0.5084862,-0.9203886,-2.071589,0.6703318,0.05706701,-2.223634,0.0690216,0.9486854,-0.188081,0.2446583,22.99388,151.571,2.423669,0.405528,0.0269149,-0.913686,0.0,0.0,0.0,1.50621,-0.3356289,-2.884215,-0.3008554,0.05513674,1.040921,-0.8707567,0.03892843,-0.4901708,0.2229907,0.9197232,-0.3230859,0.4382442,-0.3906327,-0.8095358,moving,-9.867757758796936,-0.6381922989538814,-16.12077881632086,3.032077292394886,0.8358782,-0.39269591,-0.6605810000000001,-0.1713643890205719,-0.0109735645182881,0.9851465332878911,-9.009016922595444,0.0761906303125199,7.18447591403416,7.25059661124635,7.701585758278705
1851,05/05/2023 12:21:52.988093,2049,True,True,True,True,Eyes,0.8664359,0.06116258,-2.181856,0.5856321,-0.4002882,-0.7048436,0.0,0.0,0.0,0.0,0.0,0.0,0.0,-0.5243959,-0.9269671,-2.068346,0.6619883,0.05797619,-2.229512,0.07236893,0.94806,-0.1893729,0.2451184,23.23802,151.5769,2.768525,0.4022597,0.02683827,-0.9151319,0.0,0.0,0.0,1.508342,-0.3373999,-2.884545,-0.3066337,0.05931619,1.045237,-0.8693596,0.0443826,-0.4921833,0.2300578,0.9178013,-0.3235959,0.4373644,-0.3945517,-0.8081098,moving,-10.368611133837218,-0.2662730470733457,-16.349728462835483,3.2479964529667544,0.8463537000000001,-0.3953760899999999,-0.655033,-0.1799784076938454,-0.0045714366844655,0.9836599894278704,-9.50358936047026,0.4551925523470649,6.867148438701496,6.937135909159877,7.393874102001645
1852,05/05/2023 12:21:52.998215,2050,True,True,True,True,Eyes,0.8575209,0.06094985,-2.18462,0.5924097,-0.3992895,-0.6997276,0.0,0.0,0.0,0.0,0.0,0.0,0.0,-0.5404667,-0.9239624,-2.069595,0.6538236,0.05889507,-2.235639,0.07565789,0.9478437,-0.1884618,0.2456636,23.23089,151.5913,3.170751,0.3989516,0.02676045,-0.9165812,0.0,0.0,0.0,1.510504,-0.3391966,-2.884879,-0.3125876,0.05795312,1.049739,-0.8678505,0.05082726,-0.4942186,0.2360201,0.9175161,-0.3200918,0.4371842,-0.3944374,-0.8082631,moving,-10.87110401302732,-0.1491769109587457,-16.58229442529966,3.1599301643338618,0.8566804000000001,-0.39809167,-0.6492400000000003,-0.1885995778613722,-0.0025569009435345,0.9820507793154982,-9.99917742794848,0.5721141313686411,6.5323020199846695,6.600597363949957,7.073487203726737
1853,05/05/2023 12:21:53.018384,2051,True,True,True,True,Eyes,0.8486339,0.06073331,-2.187497,0.59909,-0.3984925,-0.6944746,0.0,0.0,0.0,0.0,0.0,0.0,0.0,-0.5586573,-0.933517,-2.06364,0.6453996,0.0591396,-2.241009,0.07893538,0.946865,-0.1907404,0.2466459,23.58748,151.5231,3.465157,0.3956058,0.02668216,-0.9180324,0.0,0.0,0.0,1.512612,-0.3409475,-2.885205,-0.3182737,0.05985776,1.054346,-0.8658704,0.05539166,-0.4971929,0.2435729,0.9147746,-0.3222725,0.4369683,-0.4001489,-0.8055682,moving,-11.275217763444434,0.3038837738696738,-16.797403989052878,3.249331316839716,0.8672124000000001,-0.4000871,-0.644196,-0.1955193411048842,0.0052013845767693,0.9806860881820476,-10.398583866083646,1.035239325552793,6.194682627562616,6.258610224218144,6.77104883396929
1854,05/05/2023 12:21:53.037746,2052,True,True,True,True,Eyes,0.839785,0.0605185,-2.190447,0.6054615,-0.3979786,-0.6892236,0.0,0.0,0.0,0.0,0.0,0.0,0.0,-0.5714425,-0.9458764,-2.057927,0.6375044,0.05884587,-2.246423,0.07911057,0.9460795,-0.1937518,0.2472559,23.9369,151.4235,3.379379,0.392225,0.02660312,-0.9194843,0.0,0.0,0.0,1.514749,-0.3427227,-2.885535,-0.3240878,0.06475095,1.058872,-0.8652123,0.05387724,-0.4985032,0.2455023,0.9124035,-0.327488,0.4371919,-0.4057302,-0.8026499,moving,-11.637984849138157,0.6573946791038862,-17.01772090123204,3.4993295970274327,0.8772445999999999,-0.40156857,-0.6391119999999999,-0.2017145352236975,0.0112376043628286,0.9793797666711532,-10.756999920478362,1.3962724130652395,6.017062007252065,6.084254602489265,6.60450427495238
1855,05/05/2023 12:21:53.058371,2053,True,True,True,True,Eyes,0.831071,0.0603261,-2.193414,0.6118479,-0.3976357,-0.6837602,0.0,0.0,0.0,0.0,0.0,0.0,0.0,-0.58367,-0.9656919,-2.047755,0.6294975,0.05889098,-2.250954,0.07904147,0.9449489,-0.1984918,0.2478411,24.47578,151.3038,3.211744,0.388812,0.02652332,-0.920935,0.0,0.0,0.0,1.51695,-0.3445515,-2.885876,-0.3312588,0.06327914,1.063155,-0.8646546,0.05099144,-0.4997725,0.2477691,0.908707,-0.3359497,0.4370162,-0.4143085,-0.7983518,moving,-11.983498562071086,1.1698594769606263,-17.30603704790733,3.4062345475107563,0.8874525,-0.40344248,-0.634922,-0.2075885599648589,0.0199717332033285,0.9780123380599612,-11.098783703197752,1.9208995006140248,5.72085273587598,5.773282375684225,6.382492795683202
1856,05/05/2023 12:21:53.068261,2054,True,True,True,True,Eyes,0.8224118,0.06014509,-2.196428,0.6180885,-0.3972942,-0.6783243,0.0,0.0,0.0,0.0,0.0,0.0,0.0,-0.5990245,-0.979238,-2.039699,0.6220215,0.05920664,-2.25559,0.07874722,0.9439002,-0.2017575,0.2492897,24.8434,151.0802,3.036302,0.3853741,0.02644369,-0.9223812,0.0,0.0,0.0,1.519133,-0.3463649,-2.886213,-0.3403637,0.06216817,1.066989,-0.8633073,0.04806693,-0.5023848,0.2492512,0.9061855,-0.3416162,0.4388334,-0.4201396,-0.7942975,moving,-12.238845568509957,1.5106192125958584,-17.692400625935857,3.334571586481105,0.8971115000000001,-0.4055715399999999,-0.6306229999999999,-0.2119170462537399,0.0257634757675732,0.9769479719922878,-11.351284687802586,2.269567939105108,5.708153164148476,5.750483894993296,6.429928779525631
1857,05/05/2023 12:21:53.087718,2055,True,True,True,True,Eyes,0.8139307,0.05998472,-2.199387,0.6243367,-0.3972313,-0.6726151,0.0,0.0,0.0,0.0,0.0,0.0,0.0,-0.6141865,-0.9861898,-2.034463,0.6147166,0.05921651,-2.259967,0.07665509,0.9431649,-0.2035772,0.2512375,24.99449,150.7612,2.675284,0.3819145,0.02636457,-0.9238213,0.0,0.0,0.0,1.521129,-0.3480231,-2.886522,-0.3502443,0.05524787,1.070198,-0.8620073,0.0423043,-0.5051274,0.2468893,0.9053607,-0.3454964,0.4427065,-0.4225309,-0.7908721,moving,-12.43366295053879,1.5778919849974968,-18.121748145090496,2.9552122480999143,0.9064124,-0.40723961,-0.6265549999999998,-0.2152312643259659,0.0268905741395343,0.9761928566086122,-11.543476605207434,2.3373950250764475,5.823580643999123,5.852463095794012,6.607219882333257
1858,05/05/2023 12:21:53.097685,2056,True,True,True,True,Eyes,0.8055067,0.05985351,-2.202395,0.6304876,-0.3971902,-0.6668773,0.0,0.0,0.0,0.0,0.0,0.0,0.0,-0.6336452,-1.007419,-2.02014,0.6073074,0.05981306,-2.263839,0.07619745,0.9414147,-0.2087072,0.2537198,25.57078,150.3749,2.386423,0.3784421,0.02628675,-0.9252514,0.0,0.0,0.0,1.523279,-0.3498091,-2.886854,-0.3611451,0.04427947,1.073201,-0.8596404,0.03756047,-0.5095171,0.2493731,0.9012705,-0.3542944,0.4459053,-0.4316257,-0.7841351,moving,-12.548333814709803,2.0854445016126424,-18.59870806629364,2.3626409249639284,0.9159716,-0.4096221599999999,-0.6230150000000001,-0.2171260112798669,0.0355217056989698,0.9754970556772692,-11.657704756714384,2.858579937588403,6.04958794978631,6.056720766334483,6.958698329991973
1859,05/05/2023 12:21:53.118386,2057,True,True,True,True,Eyes,0.7971522,0.05976217,-2.205419,0.6369249,-0.3969301,-0.6608881,0.0,0.0,0.0,0.0,0.0,0.0,0.0,-0.6558993,-1.011992,-2.01341,0.6002105,0.06039977,-2.268094,0.07557618,0.9403096,-0.209973,0.2569389,25.70363,149.9308,2.177107,0.3749588,0.0262112,-0.9266705,0.0,0.0,0.0,1.525439,-0.3516031,-2.887188,-0.372679,0.03944457,1.075589,-0.8565414,0.03422952,-0.5149422,0.2500305,0.9003991,-0.3560423,0.4514663,-0.4337161,-0.7797876,moving,-12.648624692375757,2.182470961850701,-19.11060238517037,2.1002400176817,0.9252285,-0.41200287,-0.619094,-0.2188201451332234,0.0371591801210756,0.975057358653446,-11.756791082539369,2.9576659272465284,6.459434175044571,6.46250088049156,7.403628830856974
1860,05/05/2023 12:21:53.137695,2058,True,True,True,True,Eyes,0.7888424,0.05970696,-2.20848,0.6432786,-0.396671,-0.6548625,0.0,0.0,0.0,0.0,0.0,0.0,0.0,-0.6773427,-1.017173,-2.00584,0.5928836,0.06124828,-2.271908,0.07533141,0.9392042,-0.2113661,0.2598945,25.86093,149.5272,2.014838,0.3714679,0.02613933,-0.9280774,0.0,0.0,0.0,1.527465,-0.3532865,-2.887501,-0.3843326,0.03621003,1.077461,-0.8535601,0.03163736,-0.5200329,0.2513689,0.8992991,-0.3578754,0.4563429,-0.4361882,-0.7755585,moving,-12.782325630563491,2.311448948493802,-19.631424076901663,1.9248041116793897,0.9345814,-0.41453478,-0.6155930000000001,-0.2210764765524181,0.0393335130409963,0.9744630314343548,-11.88888532028221,3.089378986880769,6.858969080352355,6.860003189319029,7.829632241536295
1861,05/05/2023 12:21:53.148057,2059,True,True,True,True,Eyes,0.7806097,0.05969591,-2.211545,0.6498756,-0.3960598,-0.6486896,0.0,0.0,0.0,0.0,0.0,0.0,0.0,-0.7035068,-1.016433,-1.999598,0.5855986,0.06206397,-2.275889,0.07558842,0.9380759,-0.2114806,0.2637727,25.89008,149.0326,1.926907,0.3679706,0.02607222,-0.9294715,0.0,0.0,0.0,1.529599,-0.355059,-2.887831,-0.3960691,0.03280404,1.079176,-0.8494207,0.03024973,-0.5268486,0.253381,0.8991247,-0.3568934,0.4629066,-0.436646,-0.7713999,moving,-12.850975326550955,2.355505887915715,-20.15367526697931,1.7411010530342708,0.9440004,-0.41712297,-0.611942,-0.2222373267309676,0.040071952645635,0.9741687056245438,-11.956657810191238,3.134209938528673,7.328319711461307,7.328500509726256,8.314556365419133
1862,05/05/2023 12:21:53.168268,2060,True,True,True,True,Eyes,0.7724247,0.05971655,-2.214643,0.6563728,-0.3953301,-0.6425642,0.0,0.0,0.0,0.0,0.0,0.0,0.0,-0.727152,-1.009357,-1.996971,0.5782629,0.06306197,-2.27971,0.07571734,0.9374278,-0.2100593,0.2671538,25.73995,148.6185,1.890928,0.36447,0.0260112,-0.9308515,0.0,0.0,0.0,1.531711,-0.3568138,-2.888158,-0.4084498,0.03180553,1.08043,-0.8457918,0.02972278,-0.5326852,0.2541954,0.9002839,-0.3533745,0.4690646,-0.4342873,-0.769008,moving,-12.990111979120018,2.235099436413734,-20.708784998894988,1.686177269737147,0.9534481,-0.41987577,-0.6084479999999997,-0.2246205028918374,0.0380033565848398,0.9737049174346368,-12.093522454416474,3.009409506499173,7.737836306083422,7.7381670136584,8.716288904270018
1863,05/05/2023 12:21:53.188083,2061,True,True,True,True,Eyes,0.764304,0.05978114,-2.217747,0.6630081,-0.3943379,-0.6363316,0.0,0.0,0.0,0.0,0.0,0.0,0.0,-0.7505899,-0.999913,-1.995501,0.5711776,0.06381568,-2.28362,0.07566852,0.9368805,-0.2081238,0.2705806,25.52616,148.2009,1.851548,0.3609673,0.02595693,-0.9322169,0.0,0.0,0.0,1.533877,-0.3586125,-2.888493,-0.4209583,0.02928244,1.081395,-0.8421208,0.02915614,-0.5385002,0.2544132,0.9019175,-0.3490254,0.4755065,-0.4309231,-0.7669411,moving,-13.138508504070424,2.0663185578074827,-21.26963936384817,1.551098663770045,0.9626994,-0.42242818,-0.604873,-0.2271656952284551,0.0351135955533466,0.9732228971408698,-12.239400659716445,2.834794565917336,8.14712906227693,8.147437670706172,9.121024406435302
1864,05/05/2023 12:21:53.197751,2062,True,True,True,True,Eyes,0.75624,0.05990299,-2.22088,0.6695591,-0.3932646,-0.630106,0.0,0.0,0.0,0.0,0.0,0.0,0.0,-0.7731106,-0.9927116,-1.992629,0.5641559,0.06488516,-2.287195,0.0756454,0.9362558,-0.2066649,0.2738479,25.36688,147.7986,1.804769,0.3574645,0.02591052,-0.933567,0.0,0.0,0.0,1.535948,-0.3603332,-2.888813,-0.4329207,0.02350323,1.082281,-0.8385703,0.02845738,-0.54405,0.2548364,0.9031348,-0.3455516,0.481517,-0.428413,-0.764594,moving,-13.295971541135772,1.95441570454606,-21.80178827900997,1.244061618047477,0.9717921,-0.42521836,-0.6016179999999998,-0.2298545978916006,0.0331912291776915,0.9726588360652128,-12.394349837807969,2.718611729338839,8.535471116286892,8.535427423773575,9.522299935189734
1865,05/05/2023 12:21:53.218220,2063,True,True,True,True,Eyes,0.748246,0.06005483,-2.224016,0.6762341,-0.3919757,-0.6237488,0.0,0.0,0.0,0.0,0.0,0.0,0.0,-0.8007081,-0.980588,-1.990294,0.5574033,0.06635354,-2.291038,0.07670876,0.9355025,-0.2041262,0.2779992,25.12351,147.3233,1.900639,0.3539633,0.02587356,-0.9349011,0.0,0.0,0.0,1.538091,-0.3621138,-2.889144,-0.4457123,0.02298881,1.08279,-0.8336647,0.03002863,-0.5514544,0.2570163,0.9048966,-0.3392712,0.4888214,-0.4245711,-0.7620981,moving,-13.395013149809165,1.8099332732626856,-22.373691763485283,1.2162690225981614,0.9806877,-0.42846734,-0.598106,-0.2315538651209167,0.0307256541489991,0.9723367804518251,-12.491635673884067,2.5693303297990986,8.998284227161221,8.998283552444986,9.974257238464867
1866,05/05/2023 12:21:53.237614,2064,True,True,True,True,Eyes,0.7402958,0.06023315,-2.22717,0.6828753,-0.3906808,-0.6172922,0.0,0.0,0.0,0.0,0.0,0.0,0.0,-0.8314708,-0.9626263,-1.988713,0.5505665,0.06717272,-2.294632,0.0774302,0.9347358,-0.2004889,0.2829803,24.74817,146.747,1.974153,0.3504656,0.02584631,-0.9362186,0.0,0.0,0.0,1.540236,-0.363895,-2.889476,-0.4574133,0.0284152,1.083887,-0.8278534,0.03128476,-0.5600713,0.2582223,0.9076176,-0.3309858,0.4979758,-0.4186307,-0.7594528,moving,-13.408611290835594,1.5351173970832162,-22.88032748996123,1.5017231572808014,0.9896695,-0.43106772,-0.5948440000000002,-0.2318153289785572,0.0260598900734092,0.9724105914681792,-12.50439193953727,2.2866053464892704,9.46935827093423,9.471775067643389,10.405579205286385
1957,05/05/2023 12:21:54.747871,2155,True,True,True,True,Eyes,0.1595241,0.06332273,-2.699842,0.9493026,-0.2958417,-0.1063124,0.0,0.0,0.0,0.0,0.0,0.0,0.0,-2.822835,-0.13226,-0.3417571,0.1559055,0.06476334,-2.841511,0.1460785,0.7198104,-0.1376466,0.6645207,23.09789,94.92264,1.704463,0.06168574,0.02459829,-0.9977896,0.0,0.0,0.0,1.540243,-0.3639009,-2.889477,-0.139124,0.1668447,1.455164,-0.07414695,0.02735968,-0.9968721,0.3932357,0.919429,-0.004014455,0.9164433,-0.3923032,-0.07893167,moving,1.583930299436869,5.840492265196608,-5.461283278986113,6.5407981992721895,1.3843375,-0.42866424,-0.0479659999999997,0.0274979027298567,0.1017209014120646,0.9944328975756916,2.263758247409246,6.818952482468982,7.036513273552602,7.0799338109121495,7.730047631793317
1958,05/05/2023 12:21:54.768156,2156,True,True,True,True,Eyes,0.1598001,0.06335931,-2.70585,0.9498922,-0.295849,-0.1008871,0.0,0.0,0.0,0.0,0.0,0.0,0.0,-2.833002,-0.1137635,-0.3122725,0.156662,0.06569707,-2.847367,0.1482462,0.7156672,-0.1364576,0.6687474,23.17837,94.26163,1.850081,0.06141391,0.02447916,-0.9978092,0.0,0.0,0.0,1.537239,-0.3639105,-2.889317,-0.1411244,0.1626573,1.451292,-0.06160035,0.02967856,-0.9976596,0.3947011,0.9188048,0.002962023,0.9167423,-0.3935948,-0.06831288,moving,1.9217590255582204,5.903565727868421,-5.5540100398374985,6.39488540199324,1.380577,-0.42960757,-0.0419499999999999,0.0333570785414673,0.1027972034059695,0.9941428819095072,2.596610709067094,6.88617526610005,7.4474260851301795,7.491896831998535,8.165413910087361
1959,05/05/2023 12:21:54.788038,2157,True,True,True,True,Eyes,0.1601111,0.0634477,-2.711863,0.9503808,-0.2960696,-0.09549432,0.0,0.0,0.0,0.0,0.0,0.0,0.0,-2.84313,-0.09434653,-0.2814698,0.1582409,0.06732141,-2.853409,0.1505416,0.7112595,-0.135064,0.6732049,23.25486,93.56354,2.014513,0.06116636,0.0243681,-0.9978271,0.0,0.0,0.0,1.534448,-0.3639195,-2.889168,-0.1399513,0.1700612,1.446379,-0.04826481,0.03229676,-0.9983123,0.3959997,0.9181899,0.01055952,0.9169812,-0.3948217,-0.05710577,moving,2.29912793328294,5.945164020303905,-5.526721434396877,6.705889078348648,1.3762071,-0.43124091,-0.035759,0.039901161747355,0.103494106917598,0.9938294146027288,2.968488917331114,6.931587975415116,7.812954853761331,7.8627362247217585,8.498207982406846
1960,05/05/2023 12:21:54.807807,2158,True,True,True,True,Eyes,0.1604555,0.06359124,-2.717872,0.9508079,-0.2964736,-0.08982003,0.0,0.0,0.0,0.0,0.0,0.0,0.0,-2.852953,-0.0782167,-0.24876,0.1594377,0.06871809,-2.85958,0.1522702,0.7067527,-0.1341086,0.6777384,23.32598,92.83212,2.087818,0.06094196,0.02426622,-0.9978433,0.0,0.0,0.0,1.531346,-0.3639295,-2.889003,-0.1393681,0.1603448,1.4428,-0.03496895,0.03345359,-0.9988283,0.3970158,0.9176573,0.01683542,0.9171454,-0.3959619,-0.04537111,moving,2.682495903541659,5.971007465547389,-5.517401017344748,6.341513264387051,1.3719083,-0.43264759,-0.0294230000000004,0.0465479199523989,0.1039124440311708,0.9934965481128482,3.346317583790156,6.960839689236034,8.160207286046928,8.20826315733945,8.88532906878643
1961,05/05/2023 12:21:54.817974,2159,True,True,True,True,Eyes,0.1608354,0.06377573,-2.723897,0.951145,-0.2970328,-0.08423042,0.0,0.0,0.0,0.0,0.0,0.0,0.0,-2.862134,-0.06973612,-0.2141788,0.1606222,0.07027312,-2.865625,0.1543499,0.701992,-0.1352687,0.681972,23.60567,92.07846,2.01418,0.06073961,0.02417464,-0.9978579,0.0,0.0,0.0,1.528636,-0.3639382,-2.888858,-0.1373487,0.162584,1.438834,-0.02218069,0.03220584,-0.9992352,0.4012037,0.9157569,0.02060954,0.9157203,-0.4004397,-0.0332332,moving,3.0849596056141197,6.200715582312114,-5.4528372318671625,6.446908212101593,1.3680138000000002,-0.4342113199999999,-0.0232329999999998,0.0535027479832137,0.1078570700843883,0.9927257261425602,3.74248872895954,7.199886049872971,8.489069752322818,8.541345657978491,9.226104007110932
1962,05/05/2023 12:21:54.838152,2160,True,True,True,True,Eyes,0.1612337,0.06397555,-2.729911,0.9514481,-0.2976721,-0.07834364,0.0,0.0,0.0,0.0,0.0,0.0,0.0,-2.870716,-0.06289701,-0.1797788,0.1619177,0.07141414,-2.871579,0.155012,0.6974711,-0.1356628,0.6863679,23.70529,91.31355,1.877829,0.06055838,0.02409381,-0.9978709,0.0,0.0,0.0,1.525723,-0.3639476,-2.888703,-0.1335524,0.1570555,1.435123,-0.009740701,0.03000362,-0.9995023,0.4024619,0.9151338,0.02354878,0.9153849,-0.4020322,-0.02098934,moving,3.466428349186686,6.249824793926784,-5.316627094319466,6.2454224688921895,1.3638053,-0.43536174,-0.0171239999999999,0.0601056294250297,0.1086670058266521,0.9922593850382876,4.118390487406538,7.25305183862003,8.731129433382723,8.783056546793306,9.488670808612603
1963,05/05/2023 12:21:54.848424,2161,True,True,True,True,Eyes,0.1616426,0.06417542,-2.735925,0.9516276,-0.2985314,-0.07269201,0.0,0.0,0.0,0.0,0.0,0.0,0.0,-2.878856,-0.05531942,-0.1432796,0.16282,0.07194021,-2.87745,0.1559069,0.6926537,-0.1363698,0.6908887,23.84994,90.5107,1.725899,0.06039684,0.02402321,-0.9978825,0.0,0.0,0.0,1.522852,-0.3639568,-2.88855,-0.1293054,0.1612935,1.431453,0.003268278,0.02754623,-0.9996152,0.4044116,0.9141927,0.02651449,0.9145712,-0.4043426,-0.008152229,moving,3.897012731162906,6.330220048984063,-5.161609041382361,6.428867157355527,1.360032,-0.43589701,-0.0110999999999998,0.0675508012591457,0.1100067131441192,0.99163280830055,4.542632291498,7.338735785444241,9.003188857200692,9.059158883142585,9.746802591986956
1964,05/05/2023 12:21:54.867642,2162,True,True,True,True,Eyes,0.1620654,0.06437533,-2.741941,0.9517598,-0.2994976,-0.06674159,0.0,0.0,0.0,0.0,0.0,0.0,0.0,-2.88667,-0.04572478,-0.1057734,0.1635413,0.07218356,-2.883433,0.1574255,0.6875826,-0.1373265,0.6954055,24.06644,89.69285,1.599768,0.0602534,0.02396182,-0.9978929,0.0,0.0,0.0,1.520002,-0.363966,-2.888398,-0.1231927,0.1665833,1.42707,0.01674318,0.02549083,-0.9995349,0.4074812,0.9127173,0.03010246,0.9130601,-0.4077957,0.004894784,moving,4.329404416768402,6.475382226746005,-4.933861950931158,6.658061226715565,1.3564607,-0.43614956,-0.0049649999999998,0.0750115947242532,0.1124585733045244,0.9908210227305247,4.968502960652318,7.491040879962208,9.204447123483847,9.26506748037939,9.937337970748631
1965,05/05/2023 12:21:54.887904,2163,True,True,True,True,Eyes,0.1624997,0.06456892,-2.747953,0.9518076,-0.3005424,-0.06112761,0.0,0.0,0.0,0.0,0.0,0.0,0.0,-2.894189,-0.03251974,-0.06904173,0.1643533,0.07240902,-2.889619,0.1592499,0.6825048,-0.1377317,0.6998978,24.26278,88.89045,1.545054,0.06012676,0.02390871,-0.9979019,0.0,0.0,0.0,1.517115,-0.3639753,-2.888244,-0.1171061,0.163707,1.423723,0.03043453,0.02458137,-0.9992346,0.4101737,0.9113389,0.03491216,0.9114995,-0.4109223,0.01765351,moving,4.772929181610272,6.590311850813744,-4.702189030683972,6.55935655457539,1.3527617,-0.43638432,0.0013750000000003,0.0826609699612063,0.1143764092905612,0.9899925390439586,5.405418852693883,7.612331406764271,9.4131310132658,9.475168777774636,10.16230747239348
1966,05/05/2023 12:21:54.898406,2164,True,True,True,True,Eyes,0.1629421,0.0647434,-2.753984,0.9518386,-0.3015712,-0.05530031,0.0,0.0,0.0,0.0,0.0,0.0,0.0,-2.901299,-0.01837964,-0.03523755,0.1651387,0.0724845,-2.895961,0.1606425,0.6778513,-0.1374416,0.7041461,24.36584,88.14899,1.523917,0.06001562,0.0238628,-0.9979098,0.0,0.0,0.0,1.514262,-0.3639845,-2.888092,-0.1105573,0.1653299,1.419908,0.04325516,0.02422549,-0.9987705,0.4113413,0.9106076,0.03990166,0.9104546,-0.4125614,0.02942352,moving,5.14580579265028,6.613368580512422,-4.452198358614542,6.641445349479779,1.3491233,-0.436469,0.0078689999999999,0.0890985121443788,0.1147108810195359,0.9893952204831375,5.772912650049681,7.638644004288968,9.534228648661824,9.59804521726442,10.27362157647728
1967,05/05/2023 12:21:54.918258,2165,True,True,True,True,Eyes,0.1633869,0.06489877,-2.760024,0.9518225,-0.3025651,-0.04988308,0.0,0.0,0.0,0.0,0.0,0.0,0.0,-2.908178,-0.002343372,-0.005227804,0.1658268,0.07220492,-2.902554,0.1618041,0.6736948,-0.1364127,0.7080583,24.38931,87.48848,1.562676,0.0599187,0.02382267,-0.9979168,0.0,0.0,0.0,1.511368,-0.3639938,-2.887938,-0.1038995,0.1552052,1.417017,0.0550539,0.02483685,-0.9981746,0.4111894,0.910422,0.04533242,0.9098861,-0.4129345,0.03990963,moving,5.468378946735921,6.555689963812961,-4.193576303523774,6.250663211493454,1.3455412,-0.43619872,0.0146159999999997,0.0946788834757532,0.113656025214081,0.9889986096405128,6.091012075938678,7.581574786214869,9.606403723413546,9.666768879912846,10.370346366187656
1968,05/05/2023 12:21:54.937820,2166,True,True,True,True,Eyes,0.1638379,0.06502656,-2.766097,0.9518135,-0.3034613,-0.04429791,0.0,0.0,0.0,0.0,0.0,0.0,0.0,-2.914824,0.01753451,0.02199173,0.1664129,0.07192956,-2.909317,0.1633454,0.6698027,-0.1347327,0.7117091,24.39327,86.89281,1.701221,0.05983462,0.02378703,-0.9979228,0.0,0.0,0.0,1.508429,-0.3640033,-2.887781,-0.09713484,0.1433804,1.414489,0.06642312,0.0270374,-0.9974251,0.4105993,0.9103307,0.0520202,0.9093933,-0.4129973,0.04936546,moving,5.72951932827058,6.477665407257615,-3.9284099573775935,5.788045990519069,1.3420161,-0.43593286,0.0215360000000002,0.0992013515488668,0.1122594211084827,0.9887147811343644,6.348604558029843,7.503152697492064,9.6262964789359,9.682518940158262,10.41914671967906
1969,05/05/2023 12:21:54.947889,2167,True,True,True,True,Eyes,0.1642837,0.06511898,-2.772183,0.951682,-0.3045759,-0.03917708,0.0,0.0,0.0,0.0,0.0,0.0,0.0,-2.921301,0.0372553,0.04772401,0.1670537,0.07139032,-2.916275,0.1642117,0.6662098,-0.1324357,0.7153041,24.29171,86.32649,1.844366,0.05976223,0.02375441,-0.9979281,0.0,0.0,0.0,1.505582,-0.3640124,-2.88763,-0.08917092,0.1403064,1.411012,0.07725083,0.02933514,-0.9965801,0.4082624,0.9109907,0.05846258,0.90959,-0.4113825,0.05839837,moving,5.983669250490159,6.278921004143261,-3.6160798384672512,5.678637124706178,1.3385283,-0.43540272,0.028645,0.1036263890622807,0.1087798163017079,0.988649824071909,6.599590930936598,7.300529393251855,9.565216583330566,9.618499015275235,10.343619472874112
1970,05/05/2023 12:21:54.967839,2168,True,True,True,True,Eyes,0.1647243,0.06516875,-2.77832,0.9515449,-0.305635,-0.03390553,0.0,0.0,0.0,0.0,0.0,0.0,0.0,-2.927713,0.05442968,0.07283163,0.1675195,0.07067782,-2.923476,0.1652184,0.6626953,-0.1308921,0.7186134,24.26386,85.78063,1.939681,0.05970015,0.02372322,-0.9979327,0.0,0.0,0.0,1.502708,-0.3640217,-2.887476,-0.08182296,0.142526,1.407315,0.08740456,0.03085737,-0.9956949,0.4071005,0.9111403,0.06397328,0.9091918,-0.4109395,0.06707576,moving,6.206685959359056,6.16263779725345,-3.32749839616321,5.78291978712446,1.3351885,-0.43469952,0.036,0.1074978274514987,0.1067289902703196,0.9884600015350532,6.819694685354685,7.182494928836498,9.489276213356185,9.54174287498368,10.243258173594128
1971,05/05/2023 12:21:54.987816,2169,True,True,True,True,Eyes,0.1651572,0.06518904,-2.784474,0.9513057,-0.306873,-0.02909451,0.0,0.0,0.0,0.0,0.0,0.0,0.0,-2.934071,0.07052606,0.09744334,0.1678834,0.06970626,-2.930904,0.1660816,0.6592795,-0.1295097,0.7217997,24.2376,85.24834,2.0129,0.05964704,0.02369177,-0.9979367,0.0,0.0,0.0,1.499756,-0.3640312,-2.887319,-0.07306871,0.1448884,1.403656,0.09715574,0.03202829,-0.9947537,0.4059485,0.9112883,0.06898917,0.908717,-0.4105214,0.07553502,moving,6.439403176466708,6.037561129710957,-2.979899095695117,5.893322338139707,1.3318726,-0.43373746,0.0435849999999997,0.1115380077267494,0.1045241101998708,0.9882479682311028,7.049381045962605,7.055484611798887,9.369267088843438,9.420406579513797,10.096389518544072
1972,05/05/2023 12:21:54.998063,2170,True,True,True,True,Eyes,0.1655869,0.06518342,-2.790699,0.9510706,-0.3080298,-0.02413089,0.0,0.0,0.0,0.0,0.0,0.0,0.0,-2.94047,0.08665368,0.1202714,0.1683356,0.06909383,-2.938576,0.1671999,0.6560479,-0.1282058,0.7247129,24.24015,84.75904,2.109093,0.05960167,0.02365901,-0.9979404,0.0,0.0,0.0,1.496937,-0.3640403,-2.887169,-0.06565027,0.1332703,1.400804,0.106329,0.03355754,-0.9937646,0.405207,0.9112149,0.07412562,0.9080206,-0.4105621,0.08329083,moving,6.625700136434385,5.946221851991808,-2.683268371385477,5.4346731813776135,1.3286014,-0.43313413,0.0514069999999997,0.1147701054194427,0.1029104032054388,0.9880471727294684,7.233231008386773,6.962847281733644,9.27565881141909,9.32301328552036,10.03355749622348
1973,05/05/2023 12:21:55.017858,2171,True,True,True,True,Eyes,0.1660053,0.0651604,-2.796988,0.9507695,-0.3092864,-0.01947453,0.0,0.0,0.0,0.0,0.0,0.0,0.0,-2.946854,0.1033391,0.1444588,0.1687457,0.06846742,-2.946579,0.1679747,0.6527187,-0.1265151,0.7278301,24.18422,84.24429,2.206215,0.059563,0.02362411,-0.9979436,0.0,0.0,0.0,1.493892,-0.3640501,-2.887007,-0.05558079,0.1328349,1.397749,0.1159043,0.03511749,-0.9926394,0.4034436,0.9115568,0.07935658,0.9076341,-0.4096718,0.09148547,moving,6.849816973311662,5.786193704483495,-2.277138310150513,5.428792749221223,1.3251463,-0.43251752,0.0595719999999997,0.1186681917022324,0.1001041880377341,0.9878749862656504,7.4545222469850225,6.799831678431236,9.089185099108825,9.133950305817333,9.827765002517962
1974,05/05/2023 12:21:55.037863,2172,True,True,True,True,Eyes,0.1664039,0.06508959,-2.803361,0.950444,-0.31055,-0.01465819,0.0,0.0,0.0,0.0,0.0,0.0,0.0,-2.953372,0.1149699,0.1683919,0.1690217,0.06807586,-2.954788,0.1686467,0.6495026,-0.1258552,0.7306609,24.20066,83.74303,2.209038,0.05952982,0.02358664,-0.9979466,0.0,0.0,0.0,1.491116,-0.364059,-2.886859,-0.04486962,0.1313757,1.39445,0.1246139,0.03515786,-0.9915823,0.4029878,0.9114376,0.08296042,0.906682,-0.4099336,0.09940957,moving,7.045329351818053,5.710279626465662,-1.8429869422012577,5.382136294865288,1.3220943,-0.43213486,0.0679290000000003,0.1220549972858452,0.0987543575702451,0.9875981554602642,7.647419590934045,6.7231224213136205,8.85164449113829,8.894371511725994,9.584678396039386
1975,05/05/2023 12:21:55.047706,2173,True,True,True,True,Eyes,0.166777,0.06500269,-2.809821,0.9499933,-0.3121052,-0.01014888,0.0,0.0,0.0,0.0,0.0,0.0,0.0,-2.959884,0.1245399,0.194078,0.1690137,0.06686151,-2.963284,0.169307,0.6460753,-0.1259762,0.7335203,24.27775,83.20563,2.134902,0.05950069,0.02354511,-0.9979494,0.0,0.0,0.0,1.488261,-0.3640682,-2.886707,-0.03385079,0.1299577,1.391322,0.1334334,0.03395794,-0.9904759,0.4035822,0.9109303,0.08559996,0.9051613,-0.4111603,0.1078437,moving,7.286338115245104,5.682595239182441,-1.3937282967581166,5.3362813812813545,1.3192473,-0.43092971,0.0765769999999999,0.1262147691110115,0.0982256242980732,0.9871278967118156,7.885049522218058,6.696331516549085,8.645510657489762,8.686972211591378,9.377923767250726
1976,05/05/2023 12:21:55.068187,2174,True,True,True,True,Eyes,0.1671335,0.06490822,-2.816379,0.949485,-0.313764,-0.005512333,0.0,0.0,0.0,0.0,0.0,0.0,0.0,-2.96686,0.1302965,0.2167888,0.1688833,0.06645308,-2.972085,0.171173,0.6428509,-0.1279199,0.7355809,24.60058,82.74104,2.009759,0.05947411,0.02349933,-0.9979522,0.0,0.0,0.0,1.485181,-0.3640781,-2.886543,-0.02246637,0.1332266,1.387552,0.1407584,0.0318865,-0.9895306,0.4082683,0.9086726,0.08735625,0.9019447,-0.4162901,0.1148851,moving,7.456623366782127,5.907080340125576,-0.927616199515049,5.4844745480773165,1.3162977,-0.43053118,0.0855419999999997,0.129097986936118,0.1020542437657423,0.9863663821494256,8.052372402467906,6.928387248178094,8.351487905492222,8.394883487013729,9.09533282388589
1977,05/05/2023 12:21:55.088725,2175,True,True,True,True,Eyes,0.1674697,0.06481472,-2.823014,0.9489751,-0.315349,-0.001126695,0.0,0.0,0.0,0.0,0.0,0.0,0.0,-2.973472,0.1428231,0.2403479,0.1689168,0.06620997,-2.981071,0.173285,0.6394143,-0.1285532,0.7379674,24.84437,82.25811,2.012388,0.05944905,0.02344941,-0.9979549,0.0,0.0,0.0,1.482536,-0.3640866,-2.886402,-0.01111557,0.1326081,1.384271,0.1492469,0.03186571,-0.9882865,0.411338,0.9068928,0.09135991,0.8991811,-0.4201549,0.1222434,moving,7.667467797279674,6.038053894229369,-0.4600700007147277,5.472028110298602,1.3136192,-0.43029657,0.0946690000000001,0.1326963590639244,0.1042587538725377,0.985658049322764,8.259895206001595,7.064555309101808,8.103088929022777,8.147223812189164,8.864194046007297
1978,05/05/2023 12:21:55.098227,2176,True,True,True,True,Eyes,0.1677704,0.06471635,-2.829756,0.9484135,-0.3170176,0.003420997,0.0,0.0,0.0,0.0,0.0,0.0,0.0,-2.980116,0.1516574,0.2640052,0.1689429,0.06616187,-2.990129,0.1732617,0.6364675,-0.1278129,0.7406439,24.79343,81.78108,1.970989,0.05942449,0.02339578,-0.9979576,0.0,0.0,0.0,1.479628,-0.364096,-2.886246,0.00108611,0.1336779,1.380694,0.1571459,0.03122327,-0.9870816,0.4098786,0.9072884,0.09395296,0.8985013,-0.419348,0.1297789,moving,7.843519650995034,5.876079461473911,0.0450711788788905,5.5301035887228,1.3106851,-0.43025787,0.1038830000000001,0.1357642681010142,0.1014293550577566,0.9855354779773522,8.433812906153465,6.899202897051053,7.765617409890165,7.806119258426462,8.499730624142304
1979,05/05/2023 12:21:55.118244,2177,True,True,True,True,Eyes,0.1680459,0.06463175,-2.836586,0.9478363,-0.3186613,0.007829714,0.0,0.0,0.0,0.0,0.0,0.0,0.0,-2.986416,0.1633626,0.290627,0.1684706,0.0659709,-2.999516,0.1749926,0.6327925,-0.1284655,0.7432683,25.00624,81.24751,1.92859,0.0593989,0.02333859,-0.9979606,0.0,0.0,0.0,1.476696,-0.3641054,-2.88609,0.01352131,0.1367974,1.376893,0.1661404,0.03049925,-0.9856304,0.4124367,0.9057484,0.09754878,0.8957083,-0.4227169,0.1379024,moving,8.093415566612952,5.974448852279489,0.5626356547718473,5.6738441798433685,1.3082254,-0.4300763,0.113426,0.1400377928145258,0.1030593066892529,0.9847680823549614,8.679905966892658,7.002112034166741,7.49614092843156,7.536777112909731,8.225227827414065
1980,05/05/2023 12:21:55.137893,2178,True,True,True,True,Eyes,0.1682931,0.06456421,-2.843542,0.9472389,-0.3202877,0.01241736,0.0,0.0,0.0,0.0,0.0,0.0,0.0,-2.99276,0.1748004,0.3177066,0.1683764,0.06624882,-3.009214,0.1759862,0.6292092,-0.1283229,0.746095,25.093,80.70658,1.897218,0.05937134,0.02327866,-0.9979637,0.0,0.0,0.0,1.473789,-0.3641148,-2.885935,0.02544103,0.1394038,1.372993,0.1752579,0.02998204,-0.9840659,0.4129464,0.9051242,0.1011208,0.8937337,-0.4240887,0.1462492,moving,8.334523101287786,5.946342604342695,1.06154718332834,5.797532335288521,1.3054126,-0.43036362,0.1232790000000001,0.1441887207248425,0.1025144785015024,0.9842257514346836,8.917634252002877,6.974887962090708,7.235702402817229,7.2744981407238,7.943819629281498
1981,05/05/2023 12:21:55.148044,2179,True,True,True,True,Eyes,0.1685129,0.0645046,-2.850603,0.9466621,-0.3217826,0.01693602,0.0,0.0,0.0,0.0,0.0,0.0,0.0,-2.998883,0.1886137,0.3456635,0.1680296,0.06660103,-3.019219,0.177068,0.6255202,-0.1277742,0.7490296,25.15756,80.15637,1.906062,0.05934078,0.0232168,-0.9979669,0.0,0.0,0.0,1.47101,-0.3641237,-2.885787,0.03574701,0.139986,1.369363,0.1847965,0.0301059,-0.9823156,0.4129325,0.9046413,0.1054076,0.8918168,-0.425109,0.1547428,moving,8.591510733626999,5.896727541351817,1.4953578755818702,5.836904765426144,1.3029804,-0.43072473,0.133432,0.148615883138435,0.1015948437900398,0.98366244667918,9.171066386594406,6.925654220366013,7.059366135851565,7.0964050158697605,7.752540004518657
1982,05/05/2023 12:21:55.167621,2180,True,True,True,True,Eyes,0.1687126,0.06444788,-2.857801,0.9460999,-0.3231549,0.02158918,0.0,0.0,0.0,0.0,0.0,0.0,0.0,-3.005284,0.2011613,0.3724513,0.1678448,0.06675275,-3.02957,0.1776683,0.6220818,-0.1270018,0.751877,25.16209,79.63171,1.903799,0.05930638,0.02315344,-0.9979705,0.0,0.0,0.0,1.468093,-0.3641331,-2.885632,0.04396629,0.1389937,1.365769,0.1937697,0.03006906,-0.9805861,0.4120279,0.904609,0.1091584,0.8903294,-0.4251804,0.1628966,moving,8.812658257148804,5.79836709551295,1.843806107794885,5.810959501839308,1.3002482000000002,-0.43088585,0.1439379999999999,0.1524385806622124,0.0998472348122374,0.9832564323171916,9.38928543489138,6.826039108814699,6.93394490320711,6.968863526304116,7.61345157495192
1983,05/05/2023 12:21:55.187775,2181,True,True,True,True,Eyes,0.1688937,0.06438372,-2.865112,0.9455989,-0.3242843,0.02612381,0.0,0.0,0.0,0.0,0.0,0.0,0.0,-3.01197,0.2121794,0.3973689,0.1676341,0.0667515,-3.04012,0.1775157,0.6190761,-0.1257155,0.7546048,25.05977,79.15343,1.901659,0.05926756,0.02308876,-0.9979743,0.0,0.0,0.0,1.465229,-0.3641423,-2.885479,0.05070512,0.1375635,1.362408,0.2018807,0.0300604,-0.9789487,0.4095226,0.9053676,0.1122535,0.8896827,-0.4235634,0.1704658,moving,8.992596115886155,5.610803160417738,2.131409341637303,5.765662943823995,1.2975949,-0.4308938,0.1546409999999998,0.1555761350961061,0.0965800873166772,0.9830912436183514,9.567093905387797,6.6343966661784375,6.831311965182682,6.862934175966137,7.48626096338841
1984,05/05/2023 12:21:55.198686,2182,True,True,True,True,Eyes,0.1690554,0.0643466,-2.872555,0.9450985,-0.3253404,0.03069985,0.0,0.0,0.0,0.0,0.0,0.0,0.0,-3.019298,0.2184178,0.4193723,0.1675721,0.06649727,-3.050777,0.1766215,0.6166298,-0.1246441,0.7569917,24.90536,78.7373,1.839272,0.05922395,0.02302259,-0.9979785,0.0,0.0,0.0,1.462324,-0.3641517,-2.885324,0.05643933,0.1338449,1.359147,0.2084632,0.02911107,-0.9775968,0.4065293,0.9065374,0.1136835,0.8895375,-0.4211206,0.1771452,moving,9.103440046627831,5.390312976882639,2.377872745081389,5.624190227691003,1.2947519,-0.43064897,0.1654529999999998,0.1575350960864258,0.0927670012250562,0.9831464836682188,9.67687339942792,6.408409903082454,6.701451215507949,6.729632537967908,7.341008857876562
1985,05/05/2023 12:21:55.218094,2183,True,True,True,True,Eyes,0.1691904,0.06428771,-2.880098,0.9446712,-0.3261239,0.03520872,0.0,0.0,0.0,0.0,0.0,0.0,0.0,-3.026953,0.2244041,0.438267,0.1673201,0.06709795,-3.061435,0.1764868,0.6144853,-0.124111,0.7588522,24.85881,78.39529,1.802077,0.05917511,0.02295595,-0.997983,0.0,0.0,0.0,1.459434,-0.364161,-2.88517,0.06136023,0.1321906,1.35586,0.2140085,0.02853331,-0.9764151,0.4052609,0.9068978,0.1153261,0.8887994,-0.4203836,0.1825204,moving,9.157348021712943,5.296188153896062,2.5911856945989773,5.568496383128678,1.2921139,-0.43125895,0.1762649999999999,0.1584839921309708,0.0911377642981716,0.9831464084161878,9.730232806831546,6.311984605932713,6.545539464133213,6.5718064090262525,7.177657585042943
1986,05/05/2023 12:21:55.238247,2184,True,True,True,True,Eyes,0.1692668,0.06415809,-2.887765,0.9442086,-0.3269314,0.03982399,0.0,0.0,0.0,0.0,0.0,0.0,0.0,-3.033004,0.2364848,0.4631474,0.1670368,0.0665039,-3.072006,0.1753018,0.6117257,-0.1215334,0.7617681,24.56775,77.93349,1.847,0.05912049,0.0228881,-0.9979878,0.0,0.0,0.0,1.456525,-0.3641703,-2.885015,0.06565478,0.1309012,1.352592,0.2220426,0.02931279,-0.9745962,0.3996338,0.9089978,0.1183885,0.8893762,-0.4157689,0.1901219,moving,9.313885838773327,4.933411392700981,2.778954470644851,5.527758379747848,1.2894882,-0.4306742,0.1869909999999999,0.1612590249833486,0.0848723842622993,0.9832559056779124,9.8853884852244,5.939984049604426,6.540662347608395,6.561903407332449,7.118380040884436
1987,05/05/2023 12:21:55.247809,2185,True,True,True,True,Eyes,0.1692894,0.06402706,-2.895541,0.9435405,-0.3282634,0.0444354,0.0,0.0,0.0,0.0,0.0,0.0,0.0,-3.039559,0.240625,0.4876919,0.1657835,0.06465745,-3.082694,0.1752438,0.6088512,-0.122443,0.7639355,24.63582,77.47151,1.659124,0.05905848,0.02281666,-0.9979931,0.0,0.0,0.0,1.453686,-0.3641795,-2.884864,0.06875361,0.1300094,1.349484,0.2286159,0.02631766,-0.9731609,0.400472,0.9085946,0.1186508,0.8873313,-0.4168491,0.1971797,moving,9.463520513321749,4.935708822988985,2.916587794453805,5.502897179039644,1.2879025,-0.42883695,0.1978300000000001,0.1638263237774003,0.0848754263718171,0.9828311845524412,10.032879435564023,5.943390285347469,6.550181849007729,6.571455748662015,7.129911703383141
1988,05/05/2023 12:21:55.268934,2186,True,True,True,True,Eyes,0.1693082,0.0639271,-2.903427,0.9428723,-0.3295132,0.04911906,0.0,0.0,0.0,0.0,0.0,0.0,0.0,-3.046036,0.2529052,0.5093637,0.1647953,0.06460632,-3.093609,0.1803408,0.6051378,-0.1267167,0.7650023,25.42216,77.03893,1.547134,0.0589878,0.02274191,-0.997999,0.0,0.0,0.0,1.450678,-0.3641891,-2.884704,0.07196824,0.1277065,1.346433,0.2355022,0.02438495,-0.9715679,0.4121393,0.9028401,0.1225601,0.8801591,-0.4292844,0.2025709,moving,9.618136200847312,5.652117071579887,3.059607263407239,5.418182274227325,1.2858827,-0.42879542,0.2089049999999996,0.1662910323271937,0.0971168446988494,0.9812825363676404,10.183597543080058,6.68124753219978,6.530415536855193,6.562699696973128,7.235093043684361
1989,05/05/2023 12:21:55.288672,2187,True,True,True,True,Eyes,0.1692992,0.06379579,-2.911443,0.9422759,-0.3304694,0.05390928,0.0,0.0,0.0,0.0,0.0,0.0,0.0,-3.051534,0.273098,0.5299952,0.1648087,0.0652813,-3.104176,0.1816332,0.6023396,-0.1245079,0.7672642,25.38593,76.66373,1.760098,0.05890904,0.02266524,-0.9980054,0.0,0.0,0.0,1.447888,-0.3641981,-2.884555,0.07452484,0.1272033,1.34371,0.2433696,0.02774889,-0.9695367,0.4098705,0.9030144,0.1287292,0.8790777,-0.4287133,0.2083928,moving,9.708910699054886,5.514414233872008,3.1744860761689906,5.407831449478111,1.2830793,-0.4294794,0.2196209999999996,0.1678842622756667,0.0947322517874463,0.9812445064705962,10.273399327197849,6.540262185854749,6.505303689758265,6.535293799218718,7.188669467872594
1990,05/05/2023 12:21:55.298024,2188,True,True,True,True,Eyes,0.1692485,0.06366719,-2.919575,0.9415679,-0.3316595,0.05875335,0.0,0.0,0.0,0.0,0.0,0.0,0.0,-3.05662,0.2956159,0.5517862,0.1641167,0.06439859,-3.115076,0.1816325,0.5997161,-0.1207301,0.7699186,25.11852,76.28308,2.022294,0.0588219,0.0225857,-0.9980123,0.0,0.0,0.0,1.444835,-0.364208,-2.884392,0.0774589,0.1289777,1.340571,0.2515296,0.03195122,-0.9673221,0.4037606,0.9048677,0.134877,0.8796081,-0.4244922,0.2147004,moving,9.791400596396404,5.121881421870624,3.3069035234790864,5.495570210755168,1.2807183000000002,-0.42860659,0.2306840000000001,0.169402083210794,0.0879844004656507,0.9816118223948942,10.35563536097546,6.137143103299609,6.471965249285238,6.4952556223455336,7.0778694741696695
1991,05/05/2023 12:21:55.318152,2189,True,True,True,True,Eyes,0.1691891,0.0635718,-2.927782,0.9408613,-0.3327618,0.06363611,0.0,0.0,0.0,0.0,0.0,0.0,0.0,-3.060884,0.3250137,0.5726066,0.1631923,0.0644324,-3.125978,0.1863004,0.5960761,-0.120508,0.7716628,25.54284,75.88913,2.294027,0.05872565,0.02250366,-0.9980198,0.0,0.0,0.0,1.442046,-0.3642169,-2.884244,0.07855345,0.1361276,1.337698,0.2603421,0.03611545,-0.9648408,0.4080814,0.90154,0.1438583,0.8750381,-0.431186,0.2199708,moving,9.920285330295462,5.4228417190175024,3.36071248509969,5.810564110752527,1.2788537,-0.4286493,0.2417340000000001,0.1715295428990638,0.0931045338573559,0.9807696557096908,10.481969145322225,6.447559866046458,6.544607197419792,6.571021576930217,7.149689504658667
1992,05/05/2023 12:21:55.337921,2190,True,True,True,True,Eyes,0.1691141,0.06352338,-2.936104,0.9401308,-0.3338389,0.06859861,0.0,0.0,0.0,0.0,0.0,0.0,0.0,-3.064958,0.3537801,0.5928581,0.163267,0.06521997,-3.136828,0.1888325,0.5929634,-0.1177221,0.7738724,25.58656,75.52314,2.652353,0.05862085,0.0224205,-0.9980278,0.0,0.0,0.0,1.439197,-0.3642261,-2.884092,0.08002629,0.1410149,1.334916,0.2690719,0.04173766,-0.9622154,0.4061453,0.9009676,0.1526546,0.8732963,-0.4318743,0.2254735,moving,10.006031218487715,5.331899805243262,3.430693548571172,6.030121143982082,1.27593,-0.42944607,0.252736,0.1730226008805003,0.0915234465890625,0.9806562801842388,10.56670399544816,6.354630004882486,6.588405875114902,6.612305083047345,7.143385128826555
1993,05/05/2023 12:21:55.348296,2191,True,True,True,True,Eyes,0.1690134,0.06349444,-2.944487,0.9393696,-0.3348919,0.07370333,0.0,0.0,0.0,0.0,0.0,0.0,0.0,-3.067864,0.3878151,0.6149218,0.1629398,0.06637888,-3.147914,0.1918436,0.5895199,-0.1143054,0.776271,25.63368,75.13291,3.098154,0.0585077,0.02233789,-0.9980363,0.0,0.0,0.0,1.436331,-0.3642353,-2.883939,0.08090893,0.1389577,1.333017,0.2788012,0.0487273,-0.9591118,0.4036551,0.9002606,0.1630746,0.8713968,-0.4326158,0.2313247,moving,10.113416851562231,5.227742491562341,3.473369094324566,5.951190027928289,1.2733912,-0.4306141799999999,0.2639750000000003,0.1748892327239829,0.089710524691746,0.9804926256630426,10.672800493744012,6.248259874143914,6.656354154539904,6.679342075105222,7.205557783300139
1994,05/05/2023 12:21:55.368170,2192,True,True,True,True,Eyes,0.1688966,0.06350845,-2.952976,0.9384953,-0.3361658,0.07886136,0.0,0.0,0.0,0.0,0.0,0.0,0.0,-3.070524,0.4135135,0.6411088,0.1627431,0.06692053,-3.158982,0.1942038,0.5856934,-0.1125216,0.7788371,25.74155,74.64662,3.32321,0.05838617,0.02225644,-0.9980451,0.0,0.0,0.0,1.433277,-0.3642451,-2.883776,0.08293723,0.1432753,1.330718,0.2886044,0.05221579,-0.9560236,0.4027597,0.8992476,0.1706999,0.8686151,-0.4343125,0.2384964,moving,10.289312895358533,5.198051398832472,3.566356412009052,6.145229928031261,1.2705339,-0.4311656299999999,0.2752059999999998,0.1779074151697092,0.0891534096669285,0.98000031045157,10.846252908193415,6.218951139842135,6.767547772416953,6.789351297670934,7.280269762325311
1995,05/05/2023 12:21:55.380381,2193,True,True,True,True,Eyes,0.1687992,0.06357894,-2.961568,0.9375954,-0.3373798,0.08420086,0.0,0.0,0.0,0.0,0.0,0.0,0.0,-3.074785,0.4294124,0.6643493,0.1623646,0.06801574,-3.170027,0.1973295,0.582133,-0.1137965,0.7805337,26.13795,74.20472,3.327029,0.05825644,0.02217745,-0.9980544,0.0,0.0,0.0,1.430582,-0.3642538,-2.883633,0.08472452,0.1442639,1.329013,0.2963433,0.05210005,-0.9536594,0.4073879,0.8962229,0.1755553,0.8638378,-0.4405339,0.2443647,moving,10.415229098072713,5.50577674412286,3.6476673126078016,6.195180314260567,1.2682174,-0.43226954,0.286394,0.1799736237734698,0.094379451248163,0.9791333220261071,10.969644641643546,6.536304611108509,6.776395871011005,6.80258552335828,7.329919357865639
1996,05/05/2023 12:21:55.398254,2194,True,True,True,True,Eyes,0.1687106,0.0637031,-2.97022,0.9367163,-0.338434,0.08958225,0.0,0.0,0.0,0.0,0.0,0.0,0.0,-3.079923,0.4379939,0.6862102,0.1627246,0.06941985,-3.180779,0.1986474,0.5792176,-0.1144852,0.7822655,26.32189,73.79814,3.262153,0.0581199,0.02210254,-0.998064,0.0,0.0,0.0,1.427481,-0.3642638,-2.883468,0.08641952,0.1445996,1.327371,0.3028004,0.05100453,-0.9516882,0.4092358,0.8948647,0.1781664,0.8607194,-0.4434137,0.2500924,moving,10.484537556350976,5.627911550061925,3.725028995431738,6.217105134163012,1.2647564,-0.43368365,0.2973109999999996,0.1811218648497756,0.0964457353645298,0.9787201176843596,11.037674878481589,6.662395595018831,6.757245238648299,6.785138544251425,7.326190920622742
1997,05/05/2023 12:21:55.418067,2195,True,True,True,True,Eyes,0.1686234,0.06386622,-2.978911,0.9358618,-0.3392613,0.09520817,0.0,0.0,0.0,0.0,0.0,0.0,0.0,-3.085891,0.4326234,0.7096586,0.1629042,0.07076515,-3.190918,0.1965868,0.5771297,-0.1144984,0.7843246,26.13813,73.39484,3.020485,0.05797754,0.02203307,-0.9980738,0.0,0.0,0.0,1.424819,-0.3642724,-2.883326,0.08719794,0.1439631,1.326207,0.3076229,0.04730432,-0.9503318,0.40652,0.8964875,0.1762149,0.8602962,-0.4405366,0.2565499,moving,10.49533119414932,5.43116236375355,3.761775606891076,6.19534215967492,1.2619148,-0.43503755,0.3075920000000001,0.1813646104753729,0.0930800988116676,0.9790010762425164,11.04877787767044,6.460127193238664,6.752053657858114,6.776779589686472,7.291811380469394
1998,05/05/2023 12:21:55.437929,2196,True,True,True,True,Eyes,0.1685401,0.06405256,-2.987631,0.9349845,-0.3400224,0.1009393,0.0,0.0,0.0,0.0,0.0,0.0,0.0,-3.091209,0.4240662,0.73559,0.1629569,0.07177661,-3.200749,0.1948066,0.5746398,-0.1158189,0.7864004,26.07201,72.92939,2.662593,0.05783002,0.02196979,-0.9980837,0.0,0.0,0.0,1.421864,-0.3642819,-2.883168,0.08660047,0.14101,1.325191,0.3127502,0.04172721,-0.9489184,0.4060474,0.8972727,0.1732837,0.8586692,-0.4395003,0.263679,moving,10.557554394299046,5.371751893838205,3.73892987395808,6.073834474310492,1.2589071,-0.43605851,0.3175810000000001,0.1824452953220987,0.0920461919931316,0.978897953200892,11.11025188559246,6.399461324317537,6.829805362206756,6.85467433939773,7.378510760624468
1999,05/05/2023 12:21:55.448086,2197,True,True,True,True,Eyes,0.1684442,0.06424115,-2.996342,0.9340809,-0.3406854,0.1068942,0.0,0.0,0.0,0.0,0.0,0.0,0.0,-3.094984,0.4151661,0.7654579,0.1630562,0.07243723,-3.210199,0.1928396,0.5716457,-0.1172539,0.7888509,25.99538,72.38065,2.26227,0.05767803,0.02191284,-0.9980937,0.0,0.0,0.0,1.419041,-0.364291,-2.883018,0.08434379,0.1373046,1.32436,0.3189455,0.03548022,-0.9471087,0.4054635,0.8981289,0.170188,0.8566641,-0.4382987,0.2720682,moving,10.682187766417796,5.309673423030985,3.6440435443204136,5.919061106990023,1.2559848,-0.43672823,0.3271809999999999,0.184592923368961,0.090948427789733,0.9785979131575374,11.233250497777613,6.336486808932142,7.038718987313473,7.064476444889864,7.600678022324388
2000,05/05/2023 12:21:55.468052,2198,True,True,True,True,Eyes,0.1683528,0.06443305,-3.005066,0.933078,-0.3414913,0.1129118,0.0,0.0,0.0,0.0,0.0,0.0,0.0,-3.097307,0.4114948,0.7963178,0.1629263,0.07272086,-3.21946,0.192232,0.5681127,-0.1192637,0.7912465,26.08578,71.79528,1.894065,0.05752174,0.02186167,-0.9981038,0.0,0.0,0.0,1.416143,-0.3643003,-2.882863,0.08058973,0.1354588,1.323898,0.3260483,0.02968488,-0.9448871,0.407153,0.897646,0.1686954,0.8531818,-0.4397164,0.2805896,moving,10.84821655731584,5.398460046821822,3.483471294313344,5.842068140917847,1.2532167,-0.43702116,0.3365970000000002,0.1874024575023735,0.0924147298043467,0.9779262616763036,11.396697492606547,6.428955848602898,7.348985683815719,7.378093312642853,7.934959738195635
2001,05/05/2023 12:21:55.487648,2199,True,True,True,True,Eyes,0.1682632,0.0646363,-3.013773,0.9320383,-0.3422366,0.1190739,0.0,0.0,0.0,0.0,0.0,0.0,0.0,-3.099217,0.4151557,0.8232939,0.1630702,0.07297522,-3.228529,0.19322,0.56457,-0.1212931,0.7932305,26.32696,71.26659,1.646059,0.05736181,0.0218158,-0.9981139,0.0,0.0,0.0,1.413225,-0.3643097,-2.882708,0.07958978,0.1288212,1.323439,0.3330974,0.02574576,-0.9425408,0.4105991,0.895908,0.1695792,0.8487958,-0.4434929,0.2878534,moving,10.970311329045284,5.626843455431599,3.441543495926192,5.559555058444445,1.2501548,-0.43728492,0.3458209999999999,0.1894163404376092,0.0962741562107238,0.9771656018960126,11.516509359386117,6.664684677924772,7.493628865511856,7.529068522292638,8.150238350618698
2002,05/05/2023 12:21:55.498053,2200,True,True,True,True,Eyes,0.1681846,0.06480922,-3.022473,0.9309541,-0.3429653,0.1252969,0.0,0.0,0.0,0.0,0.0,0.0,0.0,-3.0991,0.4286498,0.8508599,0.1634091,0.07336672,-3.237288,0.1942765,0.5608426,-0.1210108,0.7956563,26.41633,70.73924,1.622073,0.05719881,0.0217751,-0.9981241,0.0,0.0,0.0,1.410394,-0.3643188,-2.882557,0.07848303,0.1324127,1.322663,0.3416242,0.02535107,-0.9394947,0.410483,0.8952261,0.1734186,0.8454565,-0.4448906,0.2954247,moving,11.100525438585963,5.6623920075049385,3.3957856074975163,5.716872106940421,1.2469849,-0.43768552,0.3547310000000001,0.1916261027587725,0.0968381037080266,0.976678997865843,11.644778918245084,6.702152088393364,7.66895168079491,7.704932442662645,8.307627054858086
2003,05/05/2023 12:21:55.518126,2201,True,True,True,True,Eyes,0.1681137,0.06496819,-3.031156,0.9298013,-0.3437309,0.1315997,0.0,0.0,0.0,0.0,0.0,0.0,0.0,-3.098638,0.4452544,0.8762035,0.1637241,0.07282463,-3.245832,0.1951782,0.557377,-0.1198778,0.7980387,26.43317,70.2579,1.679307,0.05703353,0.02173803,-0.9981343,0.0,0.0,0.0,1.407409,-0.3643284,-2.882398,0.07697295,0.1507566,1.320618,0.3499203,0.02624148,-0.9364119,0.4089099,0.8950696,0.1778853,0.8428218,-0.4451538,0.3024726,moving,11.1863191571465,5.612047071477327,3.3357421899679816,6.512471019526085,1.2436849,-0.43715303,0.3634340000000002,0.1931049899249863,0.0959515144815663,0.9764751097039568,11.729465255621616,6.65097389746936,7.870551781052709,7.902045431647021,8.394865689818058
2004,05/05/2023 12:21:55.538164,2202,True,True,True,True,Eyes,0.1680768,0.06511559,-3.039804,0.9286093,-0.3444639,0.1379476,0.0,0.0,0.0,0.0,0.0,0.0,0.0,-3.097431,0.4688818,0.8994784,0.1640692,0.07270788,-3.254349,0.1980794,0.5535794,-0.119423,0.8000329,26.68983,69.79168,1.810052,0.05686659,0.02170379,-0.9981446,0.0,0.0,0.0,1.404565,-0.3643376,-2.882246,0.07462879,0.1487566,1.320274,0.3585759,0.02822069,-0.9330739,0.4103901,0.8930053,0.1847198,0.838453,-0.4491603,0.3086287,moving,11.27396120593905,5.790600663805501,3.235214367441868,6.428462022895573,1.2404958,-0.43704548,0.3721030000000001,0.1945407483637078,0.0989654748507951,0.9758892779455594,11.815434151229391,6.835215763046422,8.027917378494001,8.064013755374472,8.589855653224072
2005,05/05/2023 12:21:55.547993,2203,True,True,True,True,Eyes,0.1680731,0.06526536,-3.048439,0.9273653,-0.3451561,0.144433,0.0,0.0,0.0,0.0,0.0,0.0,0.0,-3.096189,0.4845779,0.9236526,0.1649735,0.07259026,-3.262185,0.1988408,0.5502284,-0.1181406,0.8023427,26.68503,69.32767,1.875199,0.05669943,0.02167176,-0.9981548,0.0,0.0,0.0,1.401706,-0.3643467,-2.882094,0.07222243,0.1431559,1.320614,0.366583,0.02923725,-0.9299258,0.4083942,0.8930103,0.1890683,0.8359613,-0.4490855,0.3154221,moving,11.332078736490848,5.723967138512607,3.130303339387108,6.186763113553861,1.2367325,-0.43693696,0.3800910000000002,0.1955529612046461,0.0978103911460908,0.9758033568543628,11.872878180283626,6.767092823106161,8.17779676207471,8.214821956625148,8.761814733288183
2006,05/05/2023 12:21:55.567755,2204,True,True,True,True,Eyes,0.1681099,0.0654265,-3.057018,0.9260777,-0.3458015,0.1510011,0.0,0.0,0.0,0.0,0.0,0.0,0.0,-3.095094,0.4973688,0.9479494,0.1656419,0.07278196,-3.269993,0.1997183,0.5468812,-0.117681,0.804478,26.74708,68.85946,1.867465,0.05653328,0.02164179,-0.9981648,0.0,0.0,0.0,1.398698,-0.3643564,-2.881934,0.07070452,0.1527244,1.319685,0.3741443,0.02910083,-0.9269139,0.4077878,0.8925276,0.1926229,0.8329018,-0.4500529,0.3220671,moving,11.38558344850347,5.741574715081778,3.066793276309928,6.60135535996593,1.2330561,-0.43713836,0.3880589999999997,0.1964586283113241,0.0980921449955646,0.9755930783338678,11.925576809652044,6.785574179783625,8.327172914700427,8.363103053669807,8.860698745820693
2007,05/05/2023 12:21:55.588185,2205,True,True,True,True,Eyes,0.1681907,0.0655937,-3.065557,0.9247826,-0.3462645,0.1577278,0.0,0.0,0.0,0.0,0.0,0.0,0.0,-3.092184,0.509063,0.9760904,0.1667831,0.07320679,-3.277243,0.1999062,0.5431534,-0.1166998,0.8070953,26.70896,68.31736,1.846495,0.05636955,0.0216141,-0.9981747,0.0,0.0,0.0,1.396006,-0.3643651,-2.88179,0.06836352,0.1525615,1.319577,0.3827309,0.02878384,-0.9234114,0.4055352,0.8928373,0.195915,0.8300954,-0.4494585,0.3300436,moving,11.493909865225293,5.666427704327934,2.965679509375723,6.5949111823595095,1.2292229,-0.4375718899999999,0.3954529999999998,0.1983284821540811,0.0967753398017681,0.9753462805017306,12.03253228994274,6.709045808985003,8.542854515846754,8.578624281982028,9.067571122272534
2008,05/05/2023 12:21:55.598627,2206,True,True,True,True,Eyes,0.1683171,0.06580357,-3.074036,0.9233807,-0.3468262,0.1645593,0.0,0.0,0.0,0.0,0.0,0.0,0.0,-3.088557,0.5162545,1.00801,0.1678588,0.0734548,-3.284541,0.199123,0.539223,-0.1157873,0.8100505,26.58146,67.71178,1.740116,0.05620957,0.02158868,-0.9981842,0.0,0.0,0.0,1.3931,-0.3643745,-2.881635,0.06658968,0.1521935,1.319905,0.3916637,0.02715633,-0.9197077,0.4023306,0.8938866,0.1977292,0.827484,-0.4474698,0.3391772,moving,11.641274528078409,5.507478587438735,2.8881439204525883,6.577522345888238,1.2252412,-0.4378293,0.4029059999999997,0.2008897195208623,0.0940191080403635,0.9750916989030026,12.17816561655244,6.54660468603678,8.784073749322738,8.818292866487974,9.290073143721562
2009,05/05/2023 12:21:55.618151,2207,True,True,True,True,Eyes,0.168511,0.06605931,-3.082433,0.9219718,-0.3472332,0.1714561,0.0,0.0,0.0,0.0,0.0,0.0,0.0,-3.084094,0.5254904,1.039618,0.1692342,0.07467915,-3.29156,0.2001625,0.5347656,-0.1165641,0.8126338,26.74282,67.07074,1.580561,0.05605462,0.02156675,-0.9981934,0.0,0.0,0.0,1.390247,-0.3643836,-2.881483,0.06644705,0.1539089,1.319731,0.4008773,0.02463212,-0.9158006,0.4035278,0.8926956,0.2006486,0.8224736,-0.4499865,0.3479216,moving,11.828376989692847,5.655273048087345,2.8823475098831937,6.651867263157341,1.2210128,-0.4390627499999999,0.4100770000000002,0.2040247854342977,0.0964701716353839,0.974200945553749,12.362246093395022,6.699906384442706,8.963990836947433,9.0013689782796,9.480020301183089
2010,05/05/2023 12:21:55.637945,2208,True,True,True,True,Eyes,0.1687727,0.06633012,-3.090762,0.9205585,-0.3474553,0.178457,0.0,0.0,0.0,0.0,0.0,0.0,0.0,-3.079036,0.5320387,1.073052,0.1713586,0.07599002,-3.298458,0.1992876,0.5305573,-0.1154261,0.8157636,26.59131,66.42896,1.483221,0.05590657,0.02154948,-0.9982021,0.0,0.0,0.0,1.38735,-0.364393,-2.881329,0.06516781,0.1621921,1.319227,0.4103714,0.02314624,-0.9116247,0.3997879,0.8939225,0.2026629,0.8196128,-0.4476235,0.3575867,moving,12.002586609481732,5.489854979464375,2.82802564978919,7.009044504906425,1.2159914,-0.44038302,0.4171290000000001,0.207042970492316,0.0935965229054843,0.9738444113610047,12.53435599984764,6.530999571268284,9.265231234934804,9.29948953530931,9.718095277524444
2011,05/05/2023 12:21:55.647838,2209,True,True,True,True,Eyes,0.1691063,0.06663582,-3.099033,0.919111,-0.3476744,0.1853581,0.0,0.0,0.0,0.0,0.0,0.0,0.0,-3.075306,0.5313348,1.104648,0.1733681,0.07655283,-3.305171,0.1971249,0.5269892,-0.1143792,0.8187439,26.31736,65.84113,1.30863,0.05576709,0.02153692,-0.9982101,0.0,0.0,0.0,1.38438,-0.3644025,-2.881171,0.06265736,0.1651129,1.318795,0.4183996,0.0204708,-0.9080324,0.3950599,0.8961183,0.2022364,0.8178444,-0.4433428,0.3668484,moving,12.12007349364627,5.22377577203241,2.720138229731859,7.136288922864535,1.2110119,-0.44095533,0.4239999999999999,0.2091273128914682,0.0890326698357793,0.973827035297684,12.65079094060747,6.258173803180691,9.561663567386354,9.592522583652723,9.969400655377358
2012,05/05/2023 12:21:55.667775,2210,True,True,True,True,Eyes,0.1695283,0.06697273,-3.107221,0.9176706,-0.3476845,0.1923439,0.0,0.0,0.0,0.0,0.0,0.0,0.0,-3.071756,0.5367996,1.132024,0.1754286,0.07765833,-3.311875,0.1973818,0.5232483,-0.1147641,0.8210244,26.37285,65.29105,1.158319,0.05563776,0.02152976,-0.9982175,0.0,0.0,0.0,1.381634,-0.3644114,-2.881024,0.05982193,0.1599155,1.319683,0.426081,0.01811119,-0.9045038,0.3950076,0.8957393,0.2040104,0.8138944,-0.4442108,0.3745034,moving,12.215753689039042,5.299759988094038,2.595471258862692,6.909255636609435,1.2062054,-0.44206973,0.4308510000000001,0.2107292404374589,0.0902922801805952,0.973365557679262,12.7449248026527,6.336985827088375,9.72007315096068,9.7539894545232,10.165574256894727
2013,05/05/2023 12:21:55.688069,2211,True,True,True,True,Eyes,0.1700301,0.06733453,-3.115359,0.9162132,-0.3476182,0.1992857,0.0,0.0,0.0,0.0,0.0,0.0,0.0,-3.067438,0.5384794,1.161277,0.1780835,0.07868887,-3.318101,0.1953253,0.5198659,-0.1129064,0.8239172,26.05642,64.75269,1.086519,0.05552056,0.02152847,-0.9982241,0.0,0.0,0.0,1.378762,-0.3644206,-2.880871,0.05850485,0.1577163,1.320029,0.4339831,0.01703496,-0.9007599,0.3891368,0.8982003,0.2044714,0.812546,-0.439256,0.3831749,moving,12.296020617990932,4.9928698124396655,2.537738711074505,6.813368009459973,1.2006785,-0.44310947,0.43723,0.2121908801215821,0.0850498961464753,0.9735200956367936,12.824767832968163,6.021929093357176,9.89658115765886,9.9266449246564,10.317429123217188
2014,05/05/2023 12:21:55.697830,2212,True,True,True,True,Eyes,0.1706152,0.06771244,-3.12342,0.9146768,-0.3475619,0.2063179,0.0,0.0,0.0,0.0,0.0,0.0,0.0,-3.062359,0.5433092,1.191014,0.1803522,0.07959751,-3.324587,0.1943213,0.5161184,-0.1118038,0.8266565,25.89236,64.18718,1.002446,0.05541693,0.02153328,-0.9982298,0.0,0.0,0.0,1.37586,-0.36443,-2.880717,0.05926234,0.1554584,1.320085,0.4422434,0.01573885,-0.8967571,0.3854322,0.8994783,0.2058659,0.8098536,-0.4366819,0.3917221,moving,12.40102302985156,4.838641807999169,2.570443323544431,6.716441632836731,1.1955078,-0.4440275099999999,0.44387,0.2140225459170166,0.0823953909115338,0.9733474960393091,12.928633149522645,5.8640479122246365,9.98012975858427,10.00831801773992,10.39320314080012
2015,05/05/2023 12:21:55.718197,2213,True,True,True,True,Eyes,0.1712838,0.06810586,-3.131396,0.9130944,-0.3476082,0.2131362,0.0,0.0,0.0,0.0,0.0,0.0,0.0,-3.056731,0.5468147,1.221406,0.1830704,0.08032592,-3.330837,0.194018,0.5119892,-0.1120931,0.8292522,25.88464,63.57007,0.8128639,0.05532827,0.02154411,-0.9982346,0.0,0.0,0.0,1.372936,-0.3644393,-2.880561,0.06132239,0.1574146,1.319676,0.4506044,0.01276337,-0.8926325,0.3845772,0.8995844,0.2069988,0.8056402,-0.4365606,0.4004481,moving,12.562129055213292,4.851997579549086,2.660492842708688,6.802258710902702,1.1898656,-0.44476522,0.4502759999999997,0.2167554055672821,0.0825712889797462,0.9727275878490472,13.087405465649883,5.878906924356386,10.06367799998388,10.091873867882576,10.467716339687888
2016,05/05/2023 12:21:55.738194,2214,True,True,True,True,Eyes,0.1720629,0.06850015,-3.139294,0.9115033,-0.3475354,0.2199565,0.0,0.0,0.0,0.0,0.0,0.0,0.0,-3.052756,0.5502892,1.24725,0.1860458,0.08106925,-3.337152,0.1938188,0.5084363,-0.1122621,0.831459,25.8783,63.04374,0.6627052,0.05525588,0.02156088,-0.9982383,0.0,0.0,0.0,1.370042,-0.3644487,-2.880407,0.06265813,0.1627244,1.318675,0.4577795,0.01040631,-0.8890048,0.3837718,0.8996629,0.2081485,0.8019708,-0.4364611,0.4078536,moving,12.64222740354388,4.874519180580691,2.7204187724236752,7.0347316899089245,1.1839962,-0.44551795,0.4567450000000002,0.2181085746528149,0.0829280288298582,0.9723947623026422,13.16630612369344,5.902627484826764,10.12630777368857,10.154250568014833,10.507055842936325
2017,05/05/2023 12:21:55.748043,2215,True,True,True,True,Eyes,0.172946,0.06889763,-3.147103,0.9099358,-0.3474115,0.2265435,0.0,0.0,0.0,0.0,0.0,0.0,0.0,-3.049456,0.5580919,1.268497,0.1895762,0.08146998,-3.343225,0.1931598,0.5055435,-0.110418,0.8336205,25.70171,62.63145,0.7126943,0.05520172,0.02158303,-0.9982409,0.0,0.0,0.0,1.367202,-0.3644578,-2.880255,0.06471491,0.1641009,1.318015,0.4644673,0.01120796,-0.8855194,0.3793947,0.9009943,0.2104017,0.8002062,-0.433686,0.4142302,moving,12.640456621655852,4.6946286135041975,2.810981520834255,7.097151315129173,1.1776258,-0.44592778,0.4629699999999999,0.2181330895204882,0.0798741608792697,0.97264481776557,13.164984527014472,5.717609452315056,10.093991895330284,10.11882879040332,10.445502094358396
2018,05/05/2023 12:21:55.768044,2216,True,True,True,True,Eyes,0.1739577,0.0692881,-3.154835,0.9084136,-0.3470398,0.2331267,0.0,0.0,0.0,0.0,0.0,0.0,0.0,-3.045935,0.5667707,1.289577,0.1932844,0.08194908,-3.349311,0.1920998,0.502771,-0.1077014,0.8358944,25.43258,62.23957,0.8318136,0.05516736,0.02161014,-0.9982423,0.0,0.0,0.0,1.364244,-0.3644673,-2.880098,0.06613269,0.1645565,1.317111,0.4712434,0.01311051,-0.8819059,0.3732184,0.9029961,0.2128521,0.7991481,-0.4294486,0.4206379,moving,12.624387126127507,4.424002905109187,2.8744309304693667,7.121488047778395,1.1709596,-0.44641638,0.4692130000000003,0.2179383848425242,0.0752825429401757,0.9730546484358332,13.1497823496401,5.439176548531455,10.095069095761472,10.116228146506668,10.412157258126314
2019,05/05/2023 12:21:55.787727,2217,True,True,True,True,Eyes,0.1751513,0.06965359,-3.162568,0.9069235,-0.346506,0.2396316,0.0,0.0,0.0,0.0,0.0,0.0,0.0,-3.042657,0.5778629,1.308202,0.1974702,0.08216892,-3.355196,0.190742,0.5003363,-0.1037906,0.8381578,25.06235,61.90738,1.068018,0.05515494,0.02164152,-0.9982423,0.0,0.0,0.0,1.361377,-0.3644766,-2.879945,0.06764182,0.1701151,1.315804,0.4777821,0.0168844,-0.8783161,0.3648562,0.90569,0.2158833,0.7991272,-0.4236042,0.4265621,moving,12.562497364878752,4.041634905214542,2.942825981239503,7.366681894951026,1.1639068,-0.44664552,0.4752509999999996,0.2169889943645236,0.0688020642560889,0.973746372976857,13.08967798868743,5.045504477451431,10.161288325232173,10.17811451169437,10.408961055963276
2020,05/05/2023 12:21:55.798411,2218,True,True,True,True,Eyes,0.1764882,0.06998457,-3.17023,0.9054763,-0.3457481,0.2461116,0.0,0.0,0.0,0.0,0.0,0.0,0.0,-3.03929,0.5901544,1.326713,0.2020868,0.08190919,-3.361277,0.1888775,0.4979939,-0.098891,0.840564,24.58366,61.58971,1.378173,0.0551679,0.02167591,-0.9982409,0.0,0.0,0.0,1.358496,-0.3644858,-2.879791,0.06914836,0.1694129,1.314639,0.4844454,0.02187121,-0.874548,0.3543681,0.9090918,0.2190329,0.7998349,-0.4160214,0.4326548,moving,12.488926607737437,3.5501164052421688,3.0109113847425,7.343036314609104,1.1564092,-0.44639499,0.4814859999999998,0.2158552952191581,0.0604618020799916,0.974551620071995,13.018316749596504,4.53949679760527,10.195687691012854,10.208771424916703,10.39268954409352
2021,05/05/2023 12:21:55.817803,2219,True,True,True,True,Eyes,0.1779795,0.07027418,-3.17783,0.9040045,-0.3451058,0.2523448,0.0,0.0,0.0,0.0,0.0,0.0,0.0,-3.036638,0.6034417,1.342572,0.2069288,0.08141291,-3.367249,0.1877811,0.4957471,-0.09475649,0.8426117,24.23019,61.29796,1.66513,0.0552082,0.02171192,-0.998238,0.0,0.0,0.0,1.35555,-0.3644953,-2.879634,0.07064345,0.1701399,1.313596,0.4905121,0.02649804,-0.8710315,0.3458697,0.9115189,0.2225026,0.7998576,-0.4104036,0.4379462,moving,12.403592618092626,3.1836766808164723,3.0783256320433696,7.379991936278337,1.1486212,-0.44590821,0.4876150000000003,0.2144803222432178,0.0542446115849964,0.9752208779478464,12.93506565099366,4.162042427617603,10.214706629099496,10.225931061977787,10.368728120722714
2022,05/05/2023 12:21:55.837829,2220,True,True,True,True,Eyes,0.1796309,0.07052001,-3.185353,0.9025558,-0.3443302,0.2585146,0.0,0.0,0.0,0.0,0.0,0.0,0.0,-3.034998,0.6153729,1.356463,0.2120688,0.08072823,-3.373188,0.1870274,0.4936438,-0.09140517,0.8443825,23.95936,61.02596,1.899348,0.05527791,0.02174812,-0.9982333,0.0,0.0,0.0,1.352726,-0.3645044,-2.879484,0.07400259,0.168064,1.312457,0.4959219,0.03028793,-0.8678389,0.3390116,0.9133317,0.2256021,0.7994577,-0.4060884,0.4426732,moving,12.3031205260145,2.922119136803204,3.227192406389216,7.297181599265377,1.1406572,-0.44523263,0.4937039999999997,0.2128191001044217,0.0498106603692665,0.9758211854141932,12.836645640255789,3.892346955498272,10.065601179218548,10.075397897008855,10.19482664910323
2023,05/05/2023 12:21:55.847884,2221,True,True,True,True,Eyes,0.1814544,0.07072482,-3.192827,0.9010035,-0.3438475,0.2645028,0.0,0.0,0.0,0.0,0.0,0.0,0.0,-3.035032,0.62088,1.36878,0.2176158,0.07990956,-3.378864,0.1859889,0.4918236,-0.08922173,0.8459063,23.72961,60.76973,2.003259,0.05537907,0.02178314,-0.9982269,0.0,0.0,0.0,1.349827,-0.3645137,-2.879329,0.07836422,0.1641699,1.311476,0.5002981,0.03200098,-0.8652617,0.3338938,0.9148952,0.2268956,0.7988847,-0.402421,0.4470356,moving,12.188520802303293,2.7130662218630883,3.419511212287092,7.135142065365203,1.1322112000000002,-0.44442326,0.4995350000000003,0.2109028609333754,0.0462695603342074,0.9764114155994572,12.724176166798427,3.676550541554747,9.812376196744646,9.820910546150037,9.926663348995218
2024,05/05/2023 12:21:55.867810,2222,True,True,True,True,Eyes,0.1834471,0.0708748,-3.200221,0.8994676,-0.3432872,0.270392,0.0,0.0,0.0,0.0,0.0,0.0,0.0,-3.035656,0.6268684,1.379514,0.2232372,0.07914884,-3.384543,0.1856763,0.4900102,-0.08790096,0.8471646,23.62454,60.52338,2.066254,0.05551381,0.02181583,-0.9982187,0.0,0.0,0.0,1.346856,-0.3645233,-2.879171,0.08359778,0.1658744,1.309677,0.5043269,0.0330334,-0.8628808,0.3308997,0.9155955,0.2284521,0.7975962,-0.4007415,0.4508287,moving,12.074450091196306,2.642901110977612,3.652282722194508,7.218244932898707,1.1236188,-0.44367214,0.5053719999999999,0.2089697273300149,0.0450929348630106,0.9768818654692386,12.611900881651495,3.6035948403192415,9.57674006474704,9.584710443214766,9.661286294021938
2025,05/05/2023 12:21:55.887936,2223,True,True,True,True,Eyes,0.1856129,0.0709786,-3.207544,0.8978051,-0.3430606,0.2761438,0.0,0.0,0.0,0.0,0.0,0.0,0.0,-3.037376,0.6315853,1.387969,0.2293265,0.0779748,-3.390035,0.1851155,0.488521,-0.08649979,0.8482909,23.48928,60.31749,2.131531,0.05568396,0.02184476,-0.9982086,0.0,0.0,0.0,1.343972,-0.3645326,-2.879017,0.08863804,0.1600087,1.308264,0.5077301,0.0341116,-0.8608407,0.3276195,0.9165001,0.2295496,0.7967909,-0.3985774,0.4541591,moving,11.924152751119706,2.5253315841992934,3.8760036464083703,6.972993199471923,1.1146455,-0.4425074,0.511018,0.206424545877564,0.0431121166041651,0.9775122625307366,12.464028353759502,3.481634170673109,9.18845858187502,9.195346532656362,9.270585539330751
2026,05/05/2023 12:21:55.898470,2224,True,True,True,True,Eyes,0.1879474,0.07103724,-3.214771,0.8961512,-0.3428018,0.28178,0.0,0.0,0.0,0.0,0.0,0.0,0.0,-3.039509,0.6358789,1.395003,0.2354233,0.07698274,-3.395238,0.1849641,0.4871109,-0.08569617,0.8492157,23.43047,60.12605,2.164037,0.05589125,0.02186891,-0.9981964,0.0,0.0,0.0,1.341085,-0.3645419,-2.878864,0.09244189,0.1522601,1.306957,0.5107582,0.03464697,-0.859026,0.3257451,0.9168889,0.2306617,0.7956231,-0.3976359,0.4570224,moving,11.76911521846023,2.4939987727223176,4.045828618095172,6.644986910020031,1.1056617000000002,-0.4415246399999999,0.5163739999999999,0.2037831989051918,0.0426016343375978,0.9780887098522368,12.31128017002886,3.4483292673157924,8.762377550273662,8.7681160135667,8.862071396802353
2027,05/05/2023 12:21:55.918180,2225,True,True,True,True,Eyes,0.190457,0.07104965,-3.221915,0.8943706,-0.3428355,0.2873415,0.0,0.0,0.0,0.0,0.0,0.0,0.0,-3.041646,0.6406759,1.401196,0.2418474,0.07595739,-3.400171,0.1849086,0.4857352,-0.0848498,0.8501004,23.37896,59.94304,2.208452,0.05613711,0.02188743,-0.9981819,0.0,0.0,0.0,1.338117,-0.3645514,-2.878705,0.09558696,0.1515371,1.304963,0.5137237,0.03537151,-0.8572263,0.3238949,0.9172187,0.2319526,0.7944685,-0.3968108,0.4597403,moving,11.606704364028651,2.450095277501811,4.1893646604658334,6.623729800829934,1.0962696,-0.44050879,0.5214659999999998,0.2010160638403221,0.041876601143565,0.9786924849929453,12.151293651429867,3.402044819877513,8.505519018033375,8.510943156452505,8.589037627909658
2028,05/05/2023 12:21:55.938189,2226,True,True,True,True,Eyes,0.1931287,0.07102273,-3.228964,0.8925714,-0.3428903,0.2928181,0.0,0.0,0.0,0.0,0.0,0.0,0.0,-3.043715,0.6420192,1.409194,0.2485005,0.07488858,-3.405123,0.1840864,0.4843241,-0.08384336,0.8511832,23.24085,59.73628,2.219344,0.05642297,0.02189951,-0.9981652,0.0,0.0,0.0,1.335426,-0.3645601,-2.878562,0.09879717,0.1421113,1.303514,0.516801,0.03558282,-0.8553659,0.321047,0.918165,0.2321677,0.7936281,-0.3945971,0.4630848,moving,11.46509992058262,2.322125366139573,4.334329144454777,6.221909750484662,1.0869255,-0.43944868,0.5265610000000001,0.1986142099978464,0.0397104343501819,0.9792728826074532,12.01201430353222,3.269448654843874,8.122923241112536,8.127497161245932,8.225805487804243
2029,05/05/2023 12:21:55.947857,2227,True,True,True,True,Eyes,0.1959838,0.07096436,-3.235948,0.8905441,-0.3433937,0.2983489,0.0,0.0,0.0,0.0,0.0,0.0,0.0,-3.045046,0.6452271,1.417618,0.2551093,0.07391634,-3.409944,0.1843359,0.482529,-0.08396102,0.8521366,23.27757,59.48937,2.171238,0.05674969,0.02190466,-0.9981462,0.0,0.0,0.0,1.332496,-0.3645695,-2.878406,0.1024215,0.1364083,1.301807,0.5202326,0.03480231,-0.8533153,0.3209873,0.9179417,0.2331314,0.7914072,-0.3951859,0.4663721,moving,11.356483162348908,2.3494279627531025,4.498559462454317,5.981841090222303,1.0773867,-0.43848584,0.5315379999999998,0.1967536507892059,0.0401924583052549,0.979628838168931,11.904885367686674,3.2967701498778177,7.7567001820889425,7.760511748730651,7.87802445853009
2030,05/05/2023 12:21:55.967977,2228,True,True,True,True,Eyes,0.1990051,0.07089292,-3.242835,0.8884803,-0.3439367,0.3038262,1.226407,1.288644,-0.3509134,-2.87022,-0.03648078,0.9193662,0.3917077,0.06073454,0.06959356,1.233572,0.262006,0.07314613,-3.414666,0.1853707,0.480268,-0.08421627,0.8531635,23.40299,59.19697,2.145328,0.05711866,0.02190266,-0.9981248,0.0,0.0,0.0,1.329635,-0.3645787,-2.878253,0.1069773,0.1343976,1.299183,0.5245005,0.03435471,-0.8507167,0.3217557,0.9170907,0.2354102,0.7882718,-0.3971957,0.4699607,moving,11.297021001146936,2.453247659641949,4.707228418883593,5.906113127544197,1.067629,-0.4377248299999999,0.536413,0.1957225033881637,0.0419763068307159,0.9797605565819356,11.846028300385676,3.403127258647168,7.436324825091201,7.439599869393835,7.564879510476843
2031,05/05/2023 12:21:55.987957,2229,True,True,True,True,Eyes,0.2021931,0.07077716,-3.249638,0.8862481,-0.344739,0.3093852,1.221646,1.284875,-0.350372,-2.871679,0.09774628,0.9567484,0.2740042,0.05867839,0.06933466,1.225752,0.2690816,0.07276882,-3.41925,0.186137,0.4779214,-0.08435811,0.8542998,23.49485,58.88702,2.111109,0.05753057,0.02189391,-0.9981008,0.0,0.0,0.0,1.326761,-0.364588,-2.8781,0.1094597,0.132384,1.296558,0.5289499,0.0337835,-0.8479804,0.3220519,0.9164734,0.2374005,0.7851717,-0.3986667,0.4738884,moving,11.242468350407323,2.5080660014328267,4.825655649897829,5.82993544108886,1.0576794,-0.43735682,0.54115,0.1947817116007885,0.0429218757675681,0.979906971227428,11.79212604866158,3.4591239147583286,7.222736650804064,7.225669644229567,7.358835309356588
2032,05/05/2023 12:21:55.997999,2230,True,True,True,True,Eyes,0.2055443,0.07064114,-3.256348,0.8839852,-0.3455776,0.314875,1.21717,1.281505,-0.3499856,-2.873091,0.06289908,0.9834696,0.1697973,0.05817965,0.06898046,1.218013,0.2762003,0.07164937,-3.423806,0.1869438,0.4749939,-0.08389062,0.855801,23.55745,58.50642,2.126092,0.057985,0.02187786,-0.9980751,0.0,0.0,0.0,1.323885,-0.3645972,-2.877947,0.1098375,0.126342,1.293866,0.5346864,0.03400698,-0.8443661,0.3211817,0.9160287,0.2402783,0.7816347,-0.3996685,0.4788657,moving,11.257212374134967,2.513837787083213,4.852258964273435,5.577074279611292,1.0476847,-0.43624657,0.5458590000000001,0.1950330658936597,0.0430183996081291,0.9798527938262334,11.806645777019856,3.46516263644324,7.097245107440253,7.099777883261743,7.267989180636561
2033,05/05/2023 12:21:56.018087,2231,True,True,True,True,Eyes,0.2090802,0.0704964,-3.262979,0.881605,-0.3464778,0.3205086,1.213126,1.278578,-0.3498247,-2.874161,0.05867642,0.994369,0.08824501,0.05571845,0.06917974,1.210952,0.2835372,0.07104818,-3.428287,0.1881843,0.4726401,-0.0835119,0.8568688,23.66827,58.21728,2.175622,0.05848519,0.02185459,-0.9980466,0.0,0.0,0.0,1.320853,-0.364607,-2.877785,0.109663,0.117956,1.291208,0.5392743,0.03476945,-0.8414122,0.3210043,0.9152249,0.2435564,0.7785497,-0.4014406,0.4823961,moving,11.179756499441227,2.567956352530862,4.8545120005265,5.219665664667061,1.0373158,-0.43565518,0.5505020000000003,0.1937003562342615,0.0439557295705433,0.9800755432232972,11.730169242090014,3.520279902481616,6.856503821322182,6.858591710192468,7.082554233621045
2034,05/05/2023 12:21:56.038166,2232,True,True,True,True,Eyes,0.2127802,0.07037,-3.269504,0.879263,-0.3472127,0.326098,1.210541,1.277164,-0.3499453,-2.874749,0.156783,0.9868701,0.03881247,0.05444443,0.0651626,1.205424,0.2911354,0.07049631,-3.432632,0.1883165,0.4699817,-0.08152735,0.8584915,23.57623,57.88035,2.315492,0.05902939,0.02182475,-0.9980155,0.0,0.0,0.0,1.318151,-0.3646157,-2.877641,0.1084544,0.107335,1.288533,0.544941,0.03702959,-0.8376564,0.3169917,0.9157803,0.2467036,0.7762445,-0.399969,0.4873082,moving,11.14516899727357,2.406467035789768,4.811182436623556,4.761753878092834,1.0270156,-0.43511201,0.5549909999999998,0.1931313985363965,0.0411979050441716,0.980307596284777,11.696456523613104,3.353957504819209,6.755914093373928,6.757718687546927,7.027722951395574
2035,05/05/2023 12:21:56.048284,2233,True,True,True,True,Eyes,0.2166488,0.07025068,-3.275928,0.8768603,-0.3478019,0.3318882,0.0,0.0,0.0,0.0,0.0,0.0,0.0,-3.035846,0.6932842,1.485754,0.2989429,0.07102874,-3.436577,0.1871671,0.4681473,-0.07917028,0.8599644,23.3309,57.6296,2.439012,0.05961736,0.02178971,-0.9979814,0.0,0.0,0.0,1.315278,-0.3646249,-2.877488,0.1064174,0.0945047,1.285451,0.5491404,0.03907625,-0.834816,0.3114107,0.9174012,0.2477873,0.7755437,-0.3960406,0.4916133,moving,11.0104706355957,2.1150403906672297,4.732499037165311,4.204747164136239,1.0163351,-0.4356536399999999,0.5590890000000002,0.1908630031751763,0.0362275787451453,0.9809479095324872,11.564369725073387,3.0533049383148456,6.615203241245333,6.616630697702637,6.928223170171563
2036,05/05/2023 12:21:56.067866,2234,True,True,True,True,Eyes,0.2206454,0.07010204,-3.282245,0.8744849,-0.3481559,0.3377332,0.0,0.0,0.0,0.0,0.0,0.0,0.0,-3.031978,0.6927416,1.504022,0.3067337,0.07106154,-3.440309,0.1844361,0.4656823,-0.07588953,0.8621858,22.8747,57.2636,2.545222,0.06025262,0.0217501,-0.9979443,0.0,0.0,0.0,1.312295,-0.3646345,-2.877329,0.1036408,0.0847404,1.281754,0.5547616,0.04091554,-0.8310028,0.302639,0.9204482,0.2473556,0.7750158,-0.3887172,0.4982467,moving,10.970393438058125,1.618803634189528,4.622797718660506,3.782482280504357,1.0055613,-0.4356960399999999,0.56298,0.1902285389512257,0.0277338517225367,0.9813480635595984,11.526034533369758,2.542678407893688,6.704892329475685,6.70622671115686,7.0136860610165295
2037,05/05/2023 12:21:56.088730,2235,True,True,True,True,Eyes,0.2248165,0.069969,-3.288486,0.8719112,-0.34872,0.3437515,0.0,0.0,0.0,0.0,0.0,0.0,0.0,-3.027401,0.6908769,1.524088,0.3138559,0.07016192,-3.444108,0.1821778,0.4628481,-0.07401074,0.8643526,22.54712,56.84033,2.525656,0.0609327,0.02170566,-0.9979041,0.0,0.0,0.0,1.309433,-0.3646437,-2.877177,0.100259,0.07714806,1.277728,0.5605881,0.0406985,-0.8270941,0.296584,0.9226673,0.2464201,0.7731616,-0.3834431,0.5051658,moving,10.971464195450714,1.2577845131674636,4.486613301183334,3.4552724877555563,0.9955771,-0.43480562,0.5669309999999999,0.1902758699245136,0.0215496913867864,0.9814940534528438,11.527940667246147,2.17140131840492,6.845552350162426,6.847061013262532,7.157416870320944
2038,05/05/2023 12:21:56.098676,2236,True,True,True,True,Eyes,0.229137,0.06987451,-3.294615,0.869372,-0.3490731,0.3497719,0.0,0.0,0.0,0.0,0.0,0.0,0.0,-3.025678,0.693472,1.535913,0.3216392,0.07040828,-3.447644,0.1823332,0.4604342,-0.07392223,0.8656158,22.56514,56.51286,2.47816,0.06165815,0.02165744,-0.9978607,0.0,0.0,0.0,1.306523,-0.3646531,-2.877022,0.09632671,0.0707169,1.273154,0.5650718,0.03992837,-0.8240749,0.2958814,0.9225802,0.2475883,0.7701611,-0.3837336,0.50951,moving,10.901799739178504,1.2710705731935723,4.326749723232544,3.1792074991950496,0.9848838,-0.43506138,0.5706219999999997,0.1890814226596385,0.021782406066411,0.9817198316975088,11.459240424334078,2.1845793564742584,6.845224201252816,6.846332539437545,7.201507393844158
2039,05/05/2023 12:21:56.117962,2237,True,True,True,True,Eyes,0.2335844,0.06981593,-3.300588,0.8667809,-0.3493474,0.3558755,0.0,0.0,0.0,0.0,0.0,0.0,0.0,-3.019827,0.7039613,1.552038,0.3296015,0.07122558,-3.451091,0.1814877,0.457618,-0.07029996,0.8675863,22.28745,56.15828,2.733116,0.06242868,0.02160707,-0.997814,0.0,0.0,0.0,1.303656,-0.3646623,-2.876869,0.09216139,0.06713814,1.268466,0.5712874,0.04412147,-0.8195633,0.2880866,0.9242403,0.2505714,0.768529,-0.3792535,0.515296,moving,10.843605944204164,0.9333929087563952,4.155567744394965,3.029758752377965,0.9740545,-0.43588788,0.5742219999999998,0.1881047771002457,0.0159992654103628,0.9820186975461392,11.402673908640006,1.836894146659879,7.007373809091629,7.008894685498581,7.344622095343874
2040,05/05/2023 12:21:56.137765,2238,True,True,True,True,Eyes,0.2381577,0.06981643,-3.30644,0.8641652,-0.3495768,0.3619593,0.0,0.0,0.0,0.0,0.0,0.0,0.0,-3.016132,0.7039466,1.567477,0.3376728,0.07207317,-3.454036,0.1783482,0.4555901,-0.06580843,0.8696546,21.72585,55.86686,2.96466,0.06324259,0.02155601,-0.9977639,0.0,0.0,0.0,1.300799,-0.3646715,-2.876717,0.08703423,0.06318182,1.263296,0.5762138,0.04804612,-0.8158855,0.2769685,0.9277223,0.2502392,0.7689383,-0.3701659,0.5212591,moving,10.709750683104552,0.3272882002998025,3.941140262059853,2.863175229070545,0.9631262,-0.43674467,0.5773189999999997,0.1858309050004114,0.0056127285025347,0.9825656918859188,11.272159645903564,1.2126216503685,7.224727390979071,7.228057142452778,7.514530745326574
2041,05/05/2023 12:21:56.148443,2239,True,True,True,True,Eyes,0.2428824,0.06984524,-3.31219,0.8613539,-0.3499405,0.3682541,0.0,0.0,0.0,0.0,0.0,0.0,0.0,-3.009937,0.7137661,1.583212,0.345337,0.07349992,-3.457034,0.178724,0.452502,-0.06403417,0.8713205,21.6788,55.48089,3.094049,0.06410126,0.02150608,-0.9977103,0.0,0.0,0.0,1.29787,-0.3646809,-2.87656,0.08179376,0.06076938,1.257976,0.582283,0.05015744,-0.8114375,0.2733345,0.9279147,0.2535006,0.7656596,-0.369403,0.5265992,moving,10.671989184273484,0.2376133262901734,3.720142344599075,2.765652440287002,0.952533,-0.4381808199999999,0.5804740000000002,0.1851846725071159,0.0040753932285797,0.9826952757547658,11.23514906978044,1.1201335767125398,7.3938939243689425,7.397239771981773,7.693052606729044
2042,05/05/2023 12:21:56.168020,2240,True,True,True,True,Eyes,0.2476935,0.06986467,-3.317827,0.8584533,-0.3503731,0.3745619,0.0,0.0,0.0,0.0,0.0,0.0,0.0,-3.002382,0.7089015,1.606772,0.3531715,0.07416245,-3.459526,0.1760013,0.4491524,-0.06182652,0.8737639,21.29108,54.98928,3.079767,0.06500314,0.02145817,-0.997653,0.0,0.0,0.0,1.295041,-0.3646901,-2.87641,0.076482,0.05844188,1.252377,0.5888791,0.05005928,-0.8066694,0.2661464,0.930402,0.2520281,0.7631432,-0.3631062,0.5345713,moving,10.710069362314403,-0.1815569218117992,3.494682767212319,2.671755945762916,0.9418695,-0.43885255,0.583116,0.1858383990459406,-0.0031135619617052,0.9825753862111865,11.273672774828176,0.6893099415019315,7.753812898514994,7.759071982978783,8.027625906729691
2043,05/05/2023 12:21:56.187915,2241,True,True,True,True,Eyes,0.2476935,0.06986467,-3.317827,0.8584533,-0.3503731,0.3745619,0.0,0.0,0.0,0.0,0.0,0.0,0.0,-2.996082,0.7074735,1.626961,0.360137,0.07394902,-3.462494,0.1762069,0.4455337,-0.06337223,0.8754626,21.40722,54.48023,2.835282,0.06594623,0.02141187,-0.9975922,0.0,0.0,0.0,1.291996,-0.3646999,-2.876247,0.07125598,0.05418417,1.246522,0.5949674,0.04605222,-0.8024294,0.2679723,0.9298701,0.2520562,0.757763,-0.3649941,0.5409017,moving,11.18963577281866,-0.0787998068241581,3.271686047243323,2.488982261887823,0.931859,-0.43864892,0.5862469999999997,0.1940567260150438,-0.0013491713166045,0.980989378760642,11.746143952264603,0.798333175545383,8.319903035721167,8.32390729219982,8.641454224673542
2044,05/05/2023 12:21:56.198432,2242,True,True,True,True,Eyes,0.2476935,0.06986467,-3.317827,0.8584533,-0.3503731,0.3745619,0.0,0.0,0.0,0.0,0.0,0.0,0.0,-2.990179,0.713577,1.641918,0.3674968,0.07416668,-3.464924,0.1786575,0.441916,-0.06606954,0.8765995,21.81534,54.00826,2.597266,0.06679475,0.02137019,-0.9975368,0.0,0.0,0.0,1.289191,-0.3647089,-2.876098,0.06715921,0.05375102,1.240689,0.6006901,0.04207015,-0.7983744,0.2737362,0.9274327,0.2548277,0.7511591,-0.3716165,0.5455834,moving,11.647309199086578,0.3212322774088624,3.098429642744281,2.4807038362553606,0.9216942,-0.43887558,0.5888260000000001,0.2018836448184509,0.0054910903009983,0.9793941169407924,12.196334524788275,1.2129316036352455,8.815183222119966,8.817406596177483,9.185810779486074
2045,05/05/2023 12:21:56.218256,2243,True,True,True,True,Eyes,0.2531729,0.06989833,-3.323548,0.8549215,-0.3517386,0.3812994,0.0,0.0,0.0,0.0,0.0,0.0,0.0,-2.984504,0.7126252,1.659291,0.3746238,0.07397107,-3.467352,0.1781895,0.4388298,-0.06629829,0.8782265,21.78771,53.57503,2.465194,0.06755877,0.02133265,-0.9974862,0.0,0.0,0.0,1.286175,-0.3647186,-2.875937,0.06382874,0.05479294,1.234423,0.6060659,0.03993992,-0.7944111,0.2728395,0.9277061,0.2547942,0.7471564,-0.3711687,0.5513539,moving,11.60618910666842,0.2397641298030739,2.9599767246352577,2.541547621837702,0.9115512,-0.43868967,0.591415,0.2011820484199009,0.0040991012485805,0.979545316509194,12.155994012379082,1.128860190204059,8.94473257046132,8.94735691695747,9.303892719500745
2046,05/05/2023 12:21:56.237879,2244,True,True,True,True,Eyes,0.2587119,0.06993453,-3.329115,0.8513721,-0.3530414,0.3879783,0.0,0.0,0.0,0.0,0.0,0.0,0.0,-2.97962,0.7217085,1.670531,0.381452,0.07441173,-3.469673,0.1804083,0.4358546,-0.06766471,0.8791504,22.09824,53.20401,2.368382,0.06839687,0.02129605,-0.99743,0.0,0.0,0.0,1.283408,-0.3647275,-2.87579,0.06090385,0.05472991,1.228376,0.6109046,0.03828862,-0.7907779,0.2762384,0.9257487,0.258228,0.7419488,-0.3761959,0.5549673,moving,11.524817492208143,0.4994337347272144,2.83844554430658,2.551108413680078,0.901956,-0.43913923,0.5938829999999999,0.1997850642249499,0.0085409220562559,0.9798024417229844,12.075173349681023,1.3953459514841948,8.923549397641446,8.925381034193865,9.308755417326124
2047,05/05/2023 12:21:56.248072,2245,True,True,True,True,Eyes,0.264286,0.06996951,-3.334551,0.8476051,-0.3547929,0.3945726,0.0,0.0,0.0,0.0,0.0,0.0,0.0,-2.973915,0.7226475,1.685816,0.3884806,0.07450042,-3.471584,0.1802303,0.4329545,-0.06767105,0.8806179,22.08769,52.80717,2.280932,0.06930363,0.02126044,-0.9973682,0.0,0.0,0.0,1.280561,-0.3647366,-2.875638,0.05932397,0.05455312,1.221952,0.6159421,0.03687834,-0.7869277,0.2752477,0.9258753,0.2588311,0.7381422,-0.3760251,0.5601349,moving,11.449022769879251,0.4054216299287815,2.779443406683285,2.556229229766807,0.8920804,-0.43923702,0.5959460000000001,0.1984912175282497,0.0069350918418882,0.9800781015676648,12.000683272678044,1.2981320945296528,8.93031850728884,8.932389359307756,9.3066682044598
2048,05/05/2023 12:21:56.268062,2246,True,True,True,True,Eyes,0.2698894,0.06998135,-3.339854,0.8437563,-0.3566526,0.4010913,0.0,0.0,0.0,0.0,0.0,0.0,0.0,-2.968762,0.7286866,1.698189,0.3948699,0.07457492,-3.473744,0.1815208,0.4301101,-0.06855554,0.8816778,22.27538,52.43912,2.183705,0.07027237,0.0212258,-0.9973012,0.0,0.0,0.0,1.277697,-0.3647459,-2.875485,0.05583903,0.05491833,1.215618,0.620611,0.03526007,-0.7833255,0.2770356,0.9247007,0.2611128,0.7335484,-0.3790585,0.5641111,moving,11.355221540139704,0.507480986922992,2.630014854656032,2.5867093349820616,0.8828271000000001,-0.43932082,0.5982590000000001,0.1968837437585885,0.0086837369239019,0.9803883852681952,11.907981997223777,1.4024393449917811,8.967658092370796,8.969527424997452,9.353243806709962
2049,05/05/2023 12:21:56.288251,2247,True,True,True,True,Eyes,0.2755077,0.0700339,-3.345008,0.8397636,-0.3589577,0.4073652,0.0,0.0,0.0,0.0,0.0,0.0,0.0,-2.961083,0.7387522,1.712958,0.4012522,0.07406047,-3.475846,0.1834793,0.4266234,-0.06972159,0.8828742,22.54867,51.99536,2.075163,0.07129814,0.0211914,-0.9972291,0.0,0.0,0.0,1.274811,-0.3647552,-2.875332,0.05310187,0.05071041,1.209237,0.6262627,0.03344239,-0.7788944,0.2796639,0.9229485,0.2644887,0.7277246,-0.3834681,0.5686556,moving,11.33974827379592,0.6600823843765934,2.514444702877888,2.4013415473367363,0.8735587999999999,-0.43881567,0.600514,0.1966138370846158,0.0112954899636683,0.9804159073671924,11.892370268829096,1.5592719996273587,8.994092089553012,8.995441433940371,9.415655529154662
2050,05/05/2023 12:21:56.298580,2248,True,True,True,True,Eyes,0.2811599,0.07011278,-3.35002,0.8357373,-0.3611487,0.4136602,0.0,0.0,0.0,0.0,0.0,0.0,0.0,-2.954395,0.7573438,1.721666,0.4075837,0.07521344,-3.477696,0.1870193,0.4235528,-0.07042652,0.8835536,22.96333,51.65327,2.114574,0.07237522,0.02115854,-0.9971522,0.0,0.0,0.0,1.271491,-0.3647659,-2.875155,0.04835248,0.04217671,1.202849,0.6312864,0.03397392,-0.7748054,0.2828763,0.9201278,0.2708246,0.7221209,-0.3901419,0.5712537,moving,11.235323377343862,0.9426624953059076,2.3019533202459144,2.008197069791319,0.8639072999999999,-0.43997934,0.602541,0.19481371141482,0.0161366092505079,0.9807075032208636,11.788771775785715,1.8491589557586257,8.995615053566523,8.996691864595451,9.48815142849679
2051,05/05/2023 12:21:56.318264,2249,True,True,True,True,Eyes,0.2868099,0.07019552,-3.354901,0.8315841,-0.3634915,0.4199308,0.0,0.0,0.0,0.0,0.0,0.0,0.0,-2.941684,0.7684412,1.743239,0.4141304,0.0759268,-3.479313,0.1873758,0.4194606,-0.06878921,0.885557,22.92791,51.13717,2.20031,0.07349966,0.02112793,-0.9970706,0.0,0.0,0.0,1.269025,-0.3647738,-2.875023,0.04625556,0.02988954,1.196859,0.6386417,0.03535999,-0.7686915,0.279027,0.9203167,0.2741551,0.7171337,-0.3895726,0.5778863,moving,11.270991725258176,0.7380906912067833,2.2132348545954463,1.430568352512226,0.8548946000000001,-0.4407006,0.6042899999999998,0.1954340523111665,0.0126333559607605,0.9806355042767444,11.82441245291094,1.6390189672018796,9.08354704779234,9.084188727643484,9.613437807835762
2052,05/05/2023 12:21:56.337932,2250,True,True,True,True,Eyes,0.2924753,0.07030194,-3.359663,0.8272525,-0.3660899,0.4261826,0.0,0.0,0.0,0.0,0.0,0.0,0.0,-2.929706,0.7751237,1.765434,0.4199693,0.07616203,-3.481175,0.1883303,0.4151921,-0.06948154,0.8873103,23.07347,50.57256,2.060788,0.07466549,0.02109955,-0.9969846,0.0,0.0,0.0,1.266013,-0.3647835,-2.874863,0.04524648,0.0213581,1.190511,0.6455756,0.03308311,-0.7629794,0.2796899,0.9194081,0.2765184,0.7106376,-0.3919111,0.5842944,moving,11.34930107868372,0.7384177138046413,2.176531933589528,1.0277920376726328,0.8460437000000001,-0.44094553,0.606312,0.1967741593866914,0.0126354995504986,0.9803674803510112,11.901601978766124,1.6399013796362918,9.176691251877392,9.17733247128522,9.744314507963622
2053,05/05/2023 12:21:56.348090,2251,True,True,True,True,Eyes,0.2981797,0.07044212,-3.364325,0.8227981,-0.3687185,0.4324929,0.0,0.0,0.0,0.0,0.0,0.0,0.0,-2.913063,0.8024937,1.785949,0.4261333,0.0769091,-3.483108,0.1928597,0.4098159,-0.0702558,0.8887745,23.60328,49.94283,2.075771,0.07587028,0.02107393,-0.9968942,0.0,0.0,0.0,1.26324,-0.3647924,-2.874715,0.04255819,0.01894505,1.184098,0.65423,0.03319084,-0.755567,0.2829571,0.9157385,0.2852337,0.7013689,-0.4004015,0.589712,moving,11.497084132132963,1.0833918779294849,2.0584069199130304,0.916629197971152,0.8371066999999999,-0.4417015,0.608393,0.1992838637332347,0.0185283771936059,0.9797667043997744,12.046460310825603,1.9957153138229775,9.43838923352341,9.440150279942936,10.046175261518403
2054,05/05/2023 12:21:56.367781,2252,True,True,True,True,Eyes,0.3038898,0.07059784,-3.368892,0.8181685,-0.3714943,0.4388534,0.0,0.0,0.0,0.0,0.0,0.0,0.0,-2.893991,0.8191596,1.814126,0.4324449,0.07789876,-3.484851,0.1942093,0.4042853,-0.06906445,0.8911039,23.70107,49.25253,2.124528,0.07710993,0.02105186,-0.9967996,0.0,0.0,0.0,1.260284,-0.3648019,-2.874557,0.03994346,0.009585798,1.177707,0.6635669,0.03394472,-0.7473464,0.2801192,0.9150257,0.2902778,0.6936947,-0.4019648,0.5976723,moving,11.674522534894216,0.9740080615703836,1.942516048899547,0.4663414928490822,0.8278390999999999,-0.44270066,0.6102940000000001,0.2023238092034477,0.0166472707581651,0.9791771855093496,12.221620825444148,1.8844585805846243,9.743445950475085,9.74523861115979,10.376466213586856
2055,05/05/2023 12:21:56.388338,2253,True,True,True,True,Eyes,0.3096471,0.07078495,-3.373382,0.8133794,-0.3744017,0.4452384,0.0,0.0,0.0,0.0,0.0,0.0,0.0,-2.873903,0.8428898,1.840899,0.43842,0.07847587,-3.487165,0.1974986,0.3982858,-0.06927043,0.8930646,24.0753,48.52122,2.108774,0.0783816,0.02103347,-0.9967008,0.0,0.0,0.0,1.257444,-0.3648111,-2.874406,0.03608274,-0.005513623,1.171104,0.67314,0.03359579,-0.7387516,0.2810477,0.9123919,0.2975791,0.6840283,-0.4079368,0.6047254,moving,11.891472799659786,1.1413106868107603,1.76477485346565,-0.2697497349898191,0.819024,-0.44328697,0.612759,0.2060194004702012,0.0194910216241808,0.9783537299196824,12.435076606557011,2.058031294460186,10.220646567790553,10.224534356508592,10.921259269108669
2056,05/05/2023 12:21:56.398164,2254,True,True,True,True,Eyes,0.3154227,0.07098284,-3.377781,0.8084866,-0.3772417,0.4517058,0.0,0.0,0.0,0.0,0.0,0.0,0.0,-2.854798,0.8649611,1.865575,0.4448598,0.07948052,-3.489151,0.200753,0.3925212,-0.06965414,0.8948597,24.45465,47.81778,2.073664,0.07968265,0.02101938,-0.9965979,0.0,0.0,0.0,1.254568,-0.3648203,-2.874253,0.03455442,-0.01046427,1.16497,0.6821508,0.03293823,-0.7304693,0.282261,0.9096931,0.30461,0.6745362,-0.4139729,0.6112507,moving,12.0743347098275,1.32569471677918,1.6989640318766104,-0.5146419070909547,0.8097081999999999,-0.44430082,0.6148980000000002,0.2091270098100033,0.0226241086709489,0.9776267466814016,12.614890913456632,2.248933400536791,10.531538003501549,10.537322031429088,11.260320073822554
2057,05/05/2023 12:21:56.417994,2255,True,True,True,True,Eyes,0.3212132,0.07116292,-3.382111,0.8035447,-0.3800824,0.4580975,1.11127,1.214169,-0.3512114,-2.873041,0.3893744,0.917288,-0.08348791,0.06668413,0.01195839,1.070448,0.4511791,0.0799416,-3.491428,0.2014577,0.3870314,-0.06906579,0.8971352,24.51496,47.1097,2.016683,0.08101062,0.02100951,-0.9964911,0.0,0.0,0.0,1.251685,-0.3648296,-2.874099,0.03489429,-0.02175902,1.158048,0.6908733,0.03201817,-0.7222666,0.2798636,0.9092895,0.3080083,0.6666113,-0.4149308,0.6192431,moving,12.248585500902372,1.1947165585910784,1.7259136042092469,-1.076426306338996,0.8005058999999999,-0.4447712,0.6173289999999998,0.2121095054667868,0.0203757988970063,0.977033479315854,12.78696025127948,2.115446070088358,10.758510023242218,10.764976254427044,11.512376044764334
2058,05/05/2023 12:21:56.437905,2256,True,True,True,True,Eyes,0.327005,0.07130689,-3.386375,0.7984413,-0.3830498,0.4645044,1.100848,1.205968,-0.3503728,-2.875026,0.03047773,0.97369,-0.2258293,0.06862459,0.01257406,1.060054,0.4571976,0.079748,-3.493832,0.2031097,0.3815713,-0.06974661,0.899047,24.73593,46.40387,1.867028,0.08236322,0.02100295,-0.9963803,0.0,0.0,0.0,1.248743,-0.3648391,-2.873942,0.03621307,-0.02154611,1.151856,0.6990777,0.02959066,-0.7144333,0.2804126,0.9077638,0.3119836,0.6577684,-0.4184368,0.6262997,moving,12.417179032703269,1.23751150193071,1.8007223827776313,-1.071624591105239,0.7915454,-0.4445871,0.6198899999999998,0.2149803180768441,0.0210919987998436,0.9763905913471802,12.95304370760502,2.1606335593770627,10.857762013208418,10.864679530290417,11.611277435474486
2059,05/05/2023 12:21:56.458056,2257,True,True,True,True,Eyes,0.3327903,0.07142702,-3.390574,0.7933266,-0.3860579,0.4707358,1.093656,1.200416,-0.3507874,-2.875751,-0.1535693,0.9464362,-0.2840334,0.0711939,0.01622128,1.052794,0.4631401,0.07906449,-3.496523,0.2058851,0.3759688,-0.07076758,0.9006947,25.0932,45.69829,1.729526,0.08373737,0.02099832,-0.9962659,0.0,0.0,0.0,1.245887,-0.3648483,-2.87379,0.03722498,-0.0160722,1.145469,0.7072788,0.02733278,-0.7064062,0.2822927,0.9052065,0.3176664,0.6481262,-0.424092,0.6325175,moving,12.596489803102488,1.4106068394839315,1.861319597401785,-0.8038705573893262,0.7827469,-0.44391279,0.6227329999999998,0.2180205024859284,0.0240250587860125,0.9756484238022024,13.129384221075322,2.33990121964097,10.953536786340331,10.961194710734164,11.69840080307284
2060,05/05/2023 12:21:56.467917,2258,True,True,True,True,Eyes,0.3385744,0.07151829,-3.394727,0.788069,-0.3891799,0.4769553,1.0884,1.196308,-0.352065,-2.875609,-0.4274071,0.8613559,-0.274571,0.07363895,0.01993415,1.048116,0.4685955,0.0784594,-3.499668,0.2087509,0.3704874,-0.07157218,0.9022415,25.44983,45.01491,1.620072,0.08513061,0.02099477,-0.9961479,0.0,0.0,0.0,1.243006,-0.3648575,-2.873637,0.03711602,-0.01889993,1.139044,0.7152331,0.02552836,-0.6984197,0.2838299,0.9026009,0.3236542,0.6386566,-0.4297206,0.6383243,moving,12.749094693692546,1.5728633486443806,1.866336249979189,-0.9506102117700308,0.7744105000000001,-0.4433169,0.6260309999999998,0.2206029353819295,0.0267719757495219,0.9749962603715174,13.279426027116791,2.5078356200025027,11.161723941379988,11.171497220799232,11.925580314278534
2061,05/05/2023 12:21:56.487945,2259,True,True,True,True,Eyes,0.3443789,0.07157785,-3.398854,0.7827863,-0.3922326,0.4831142,1.080987,1.190561,-0.3524204,-2.876614,-0.4057543,0.8387859,-0.363045,0.07501301,0.02333693,1.041055,0.4744643,0.0779044,-3.502708,0.2118049,0.3650624,-0.07188696,0.9037149,25.80495,44.35359,1.573009,0.08654014,0.02099137,-0.9960265,0.0,0.0,0.0,1.23999,-0.3648672,-2.873476,0.03620613,-0.0155461,1.133116,0.7231234,0.0247134,-0.6902767,0.2845746,0.8999419,0.330336,0.6293727,-0.4353089,0.6437362,moving,12.883624304174717,1.7261347995267875,1.8301329104968476,-0.7860360602097547,0.7655257,-0.4427716,0.629232,0.2228753734664913,0.0293645158067087,0.9744046527627522,13.411672024278198,2.666403427369255,11.324572889312192,11.335372707530183,12.085172181621664
2062,05/05/2023 12:21:56.498025,2260,True,True,True,True,Eyes,0.35019,0.07160012,-3.402946,0.7773808,-0.3952948,0.4893067,1.075462,1.186234,-0.3535244,-2.876715,-0.518128,0.7664773,-0.3795471,0.07679486,0.02484363,1.035843,0.4804345,0.07724721,-3.505817,0.2141071,0.3595192,-0.07161362,0.9054148,26.05312,43.67194,1.548111,0.08796495,0.02098718,-0.9959018,0.0,0.0,0.0,1.236916,-0.3648771,-2.873312,0.0355871,-0.01842739,1.126596,0.7312349,0.02427117,-0.6816937,0.2836312,0.8980593,0.3362184,0.6203618,-0.4392043,0.6498083,moving,13.026280351919748,1.764814823150467,1.8092669104931367,-0.9370861708380016,0.7564814999999999,-0.44212431,0.6325050000000001,0.225296459033615,0.0300051760919685,0.9738280796604576,13.552198344688696,2.707178115522323,11.525950606643764,11.537835998421071,12.295409747424422
2063,05/05/2023 12:21:56.517888,2261,True,True,True,True,Eyes,0.3560165,0.07159467,-3.407016,0.7720007,-0.3981422,0.4954771,1.070173,1.182191,-0.3544865,-2.876769,-0.5932845,0.7024221,-0.3932134,0.07869333,0.02574386,1.03083,0.4865115,0.07640131,-3.509091,0.2160664,0.3538398,-0.07092567,0.907239,26.2469,42.97406,1.54695,0.08940361,0.02098121,-0.9957737,0.0,0.0,0.0,1.234427,-0.3648852,-2.87318,0.03510565,-0.01696691,1.121221,0.7395339,0.0242127,-0.6726837,0.2815988,0.8965698,0.341855,0.6113851,-0.4422403,0.6562255,moving,13.184220404684757,1.7546621470952195,1.793356250957122,-0.8669639086246234,0.7479155,-0.44128651,0.6359110000000001,0.2279813273398063,0.0298134844233725,0.973208877567738,13.707905324135176,2.6978381487302774,11.677046799246536,11.688657294347642,12.436409985413384
2064,05/05/2023 12:21:56.538000,2262,True,True,True,True,Eyes,0.3618492,0.07153666,-3.411069,0.7665218,-0.4008694,0.5017449,1.065102,1.178273,-0.35543,-2.876659,-0.6584306,0.639935,-0.396172,0.08076087,0.02439024,1.026235,0.4926758,0.07573873,-3.512524,0.2171564,0.3479463,-0.06959021,0.909359,26.31933,42.24352,1.569648,0.09085478,0.02097284,-0.9956425,0.0,0.0,0.0,1.231572,-0.3648943,-2.873028,0.03578693,-0.01348336,1.115366,0.7481813,0.02455257,-0.66304,0.2776825,0.8960006,0.346519,0.6025921,-0.4433736,0.663553,moving,13.359808887067722,1.621674617071349,1.837725788864771,-0.6925995526466677,0.7388961999999999,-0.44063303,0.6394959999999998,0.2309778556734675,0.0275345268520756,0.9725692625346174,13.881297972108252,2.5622936391595683,11.7424960228994,11.752202510785718,12.475654717210748
2065,05/05/2023 12:21:56.548079,2263,True,True,True,True,Eyes,0.3676621,0.07143931,-3.415093,0.7611328,-0.403424,0.507864,1.060314,1.174702,-0.3563169,-2.876597,-0.706961,0.5816832,-0.4023067,0.08303896,0.02216724,1.021845,0.4987585,0.07441461,-3.516226,0.2173395,0.3420961,-0.06821605,0.9116362,26.29174,41.50086,1.554764,0.09231669,0.02096079,-0.9955084,0.0,0.0,0.0,1.228661,-0.3649037,-2.872872,0.03476155,-0.008899435,1.110133,0.7566336,0.02432557,-0.6533865,0.2730784,0.8962202,0.3495962,0.5940823,-0.442942,0.6714676,moving,13.55156769538376,1.4051345375853732,1.7935144125443678,-0.4593045545484577,0.7299025,-0.43931831,0.643354,0.2342538224651998,0.0238394581152445,0.9718830857696074,14.07082674551678,2.340933560481553,11.898001953604435,11.904954856292694,12.592606228347782
2066,05/05/2023 12:21:56.568249,2264,True,True,True,True,Eyes,0.3734922,0.07131752,-3.419117,0.7556245,-0.4059359,0.5140502,1.057905,1.172871,-0.3581241,-2.875301,-0.8291001,0.4612781,-0.3159362,0.08526447,0.02303457,1.019998,0.5049587,0.07339386,-3.520189,0.2189207,0.3362258,-0.06738977,0.9135014,26.44157,40.77581,1.541845,0.09378723,0.02094433,-0.9953713,0.0,0.0,0.0,1.225712,-0.3649132,-2.872715,0.03643498,-0.01295741,1.104296,0.7648216,0.02409224,-0.6437914,0.2703348,0.8950648,0.3546522,0.5847794,-0.4452849,0.6780519,moving,13.724946657845855,1.3709064357901928,1.8897230173686208,-0.6722571106178327,0.7207532999999999,-0.4383070599999999,0.6474739999999999,0.2371970406551455,0.0232417782108685,0.9711834696282357,14.241808738910398,2.306941256170113,12.00284354892795,12.010288751627993,12.706283665218097
2067,05/05/2023 12:21:56.588573,2265,True,True,True,True,Eyes,0.379321,0.0711511,-3.423145,0.7502,-0.4081917,0.5201725,1.051127,1.167876,-0.3579101,-2.876377,-0.7788762,0.4764708,-0.4078323,0.08652472,0.02237743,1.01402,0.5113158,0.07270039,-3.52424,0.2201635,0.3301761,-0.06572247,0.9155285,26.52139,40.04066,1.603875,0.09526633,0.02092316,-0.9952313,0.0,0.0,0.0,1.222906,-0.3649222,-2.872566,0.03940767,-0.01267146,1.09907,0.7733285,0.02504388,-0.6335108,0.2657271,0.8944172,0.3597319,0.5756319,-0.4465319,0.6850235,moving,13.91301943408256,1.261938199842327,2.0534873334982264,-0.660548474934893,0.7115902000000001,-0.43762259,0.6516739999999999,0.2403936582936552,0.0213773754873879,0.970440019050433,14.427450680346732,2.196186079119464,12.00773889170093,12.014343788134504,12.699444917848906
2068,05/05/2023 12:21:56.598134,2266,True,True,True,True,Eyes,0.3851689,0.07093869,-3.427206,0.7446327,-0.4105102,0.5263112,1.046676,1.164558,-0.3587324,-2.876329,-0.805635,0.4225511,-0.4152143,0.08851415,0.02023613,1.010369,0.5176836,0.07145322,-3.528697,0.2204688,0.323916,-0.06368088,0.9178326,26.48487,39.268,1.66011,0.09675191,0.0208965,-0.9950885,0.0,0.0,0.0,1.219879,-0.364932,-2.872404,0.04320014,-0.005821556,1.093762,0.7820463,0.02592998,-0.6226806,0.2597235,0.8946765,0.3634524,0.5665221,-0.4459614,0.6929439,moving,14.12309793042488,1.0288838728724623,2.261826433036064,-0.3049543130272393,0.7021953999999999,-0.4363852199999999,0.6562930000000002,0.2439689772853089,0.0174138564699093,0.969626658659907,14.635076262526374,1.9579699294177035,11.932102037387638,11.936033086454334,12.578479139785818
2069,05/05/2023 12:21:56.618070,2267,True,True,True,True,Eyes,0.3910404,0.07071177,-3.431308,0.739158,-0.4127497,0.5322435,1.042268,1.161442,-0.3594842,-2.876567,-0.8159534,0.37308,-0.4416238,0.08962721,0.02312469,1.006927,0.5241044,0.07016744,-3.533583,0.2226294,0.3180423,-0.0630608,0.9194066,26.7107,38.55391,1.645689,0.09824352,0.02086355,-0.9949431,0.0,0.0,0.0,1.217008,-0.3649412,-2.872251,0.04775378,-0.007614791,1.088387,0.7897449,0.02565407,-0.6128988,0.2575681,0.8929189,0.3692619,0.556742,-0.4494858,0.6985705,moving,14.299334671661432,1.086156955915125,2.5122831714085603,-0.4008576614318409,0.6929036000000001,-0.43510864,0.6613320000000003,0.2469460892691438,0.0183688013575556,0.9688551095172604,14.808659590049537,2.018100538564326,11.87576467696762,11.880479600664993,12.532048188633754
2070,05/05/2023 12:21:56.638132,2268,True,True,True,True,Eyes,0.3969486,0.0704767,-3.435441,0.7336162,-0.4148568,0.5382389,1.038089,1.158507,-0.3601815,-2.876702,-0.8250773,0.3272415,-0.4606088,0.09034809,0.02644312,1.004077,0.5307943,0.06961748,-3.53873,0.225541,0.3119618,-0.06178127,0.9208661,26.9963,37.84554,1.732301,0.0997407,0.02082451,-0.9947949,0.0,0.0,0.0,1.214129,-0.3649505,-2.872098,0.05288184,-0.003536254,1.083444,0.7977259,0.0269358,-0.6024184,0.2545049,0.8906286,0.3768393,0.5466815,-0.4539329,0.7036222,moving,14.46895328825675,1.186777999936872,2.7943332641676384,-0.1870070903625287,0.6833347,-0.43456798,0.6666320000000003,0.249805108940594,0.0200550615842216,0.9680884303274784,14.97561722549531,2.1227655391940345,11.75013366800608,11.75517069978958,12.39833571681084
2071,05/05/2023 12:21:56.657822,2269,True,True,True,True,Eyes,0.4028763,0.07022739,-3.439634,0.7281097,-0.416853,0.5441414,1.033865,1.155644,-0.3607425,-2.877065,-0.8185881,0.2905327,-0.4954838,0.09006253,0.0234358,1.001201,0.5377128,0.06918135,-3.543692,0.225294,0.3067293,-0.06017523,0.9227886,26.91785,37.19061,1.744898,0.101243,0.02077976,-0.9946441,0.0,0.0,0.0,1.211221,-0.3649598,-2.871943,0.05728292,1.746416e-05,1.078194,0.8045921,0.02715051,-0.5932068,0.2492665,0.8912432,0.3788824,0.5389783,-0.4527124,0.7103195,moving,14.581567850411332,0.9556637255678364,3.0411843628703115,0.0009280543767204,0.6735082000000001,-0.43414115,0.6717490000000002,0.2517252341014848,0.0161416300923251,0.9676641340524952,15.08716708205066,1.885864940974656,11.576810584204102,11.579808773954523,12.192566864169708
2072,05/05/2023 12:21:56.668196,2270,True,True,True,True,Eyes,0.408823,0.06996536,-3.443887,0.722452,-0.418913,0.5500681,1.032296,1.154607,-0.3624769,-2.876053,-0.8869103,0.1747178,-0.4276257,0.09128034,0.02544492,1.001368,0.5441901,0.06856328,-3.549339,0.2267944,0.3010673,-0.06003173,0.9242939,27.09044,36.48043,1.646904,0.1027504,0.02072943,-0.9944906,0.0,0.0,0.0,1.208329,-0.3649691,-2.871789,0.06130454,-0.00180006,1.073039,0.8115093,0.02558683,-0.583779,0.2475347,0.889921,0.3831021,0.5293196,-0.4553965,0.7158456,moving,14.742510832547628,0.9932814183531288,3.269850627137713,-0.0961155597558553,0.6641389,-0.43353238,0.6775499999999997,0.2544397681231138,0.0167646379047523,0.9669432557415084,15.24572151593958,1.9256746154580469,11.520719285807193,11.524266482718508,12.145333221358872
2073,05/05/2023 12:21:56.683818,2271,True,True,True,True,Eyes,0.4147983,0.06970352,-3.448214,0.7168257,-0.420855,0.5559155,1.025947,1.150224,-0.3620715,-2.877874,-0.7965716,0.2030059,-0.5694404,0.09179828,0.02795655,0.9968321,0.5506816,0.06801187,-3.554971,0.2285114,0.2952303,-0.06005587,0.9257511,27.29358,35.74747,1.530364,0.1042617,0.02067373,-0.9943345,0.0,0.0,0.0,1.20551,-0.3649782,-2.871639,0.06545281,0.0002443045,1.067986,0.8184648,0.02373341,-0.5740663,0.2461205,0.8883517,0.3876288,0.5191725,-0.45855,0.7212433,moving,14.92875931536269,1.0701892116056868,3.5070545042096306,0.0131065543199062,0.6548284000000001,-0.43299007,0.683332,0.2575758797611319,0.0180470338422697,0.966089555414256,15.429127249436569,2.0060680569881564,11.46662037132706,11.470517187008234,12.087502392702996
2074,05/05/2023 12:21:56.699071,2272,True,True,True,True,Eyes,0.4208124,0.0694466,-3.452608,0.7110874,-0.422771,0.5618001,1.022222,1.147702,-0.3627193,-2.878323,-0.7762792,0.1604884,-0.6096181,0.09223956,0.0297485,0.995205,0.5574586,0.0677706,-3.561051,0.230134,0.2894027,-0.05948156,0.9272251,27.46459,35.02943,1.478716,0.1057777,0.02061313,-0.9941756,0.0,0.0,0.0,1.20272,-0.3649872,-2.87149,0.06942508,0.0053716,1.063004,0.8254161,0.0228972,-0.5640603,0.2435084,0.8870006,0.3923439,0.5093054,-0.4612004,0.7265688,moving,15.0948935145484,1.1024406556687196,3.7366960799572366,0.2895260879797275,0.6452614,-0.4327578,0.6895609999999999,0.2603735179874811,0.0185764037722239,0.9653292234224988,15.59281136141799,2.0403950966022384,11.383761520510426,11.38725072427556,11.984699072260511
2075,05/05/2023 12:21:56.717944,2273,True,True,True,True,Eyes,0.4268431,0.06919458,-3.457056,0.7054555,-0.4243756,0.5676599,1.018513,1.145359,-0.3630377,-2.878887,-0.7404689,0.1398784,-0.6573734,0.09230226,0.02983499,0.9934916,0.5645153,0.0676417,-3.567052,0.2310506,0.2837157,-0.05822394,0.9288331,27.53259,34.33427,1.4827,0.1072975,0.02054828,-0.994014,0.0,0.0,0.0,1.199821,-0.3649965,-2.871336,0.07283634,0.01064244,1.058644,0.8322308,0.02294468,-0.5539544,0.239266,0.8864512,0.3961768,0.5001436,-0.462253,0.7322421,moving,15.245005321055151,1.0391128892701431,3.935835528378972,0.575969217035163,0.6353057,-0.4326382,0.695716,0.2629068400045199,0.0174969806172326,0.9646624920518768,15.740927259592317,1.976313436524598,11.316163518753513,11.31864936556967,11.887857448481586
2076,05/05/2023 12:21:56.738116,2274,True,True,True,True,Eyes,0.4329237,0.06897263,-3.461572,0.699785,-0.4258423,0.5735496,1.014948,1.143169,-0.3632354,-2.879448,-0.6977961,0.1273069,-0.7048925,0.09131768,0.02622432,0.9921598,0.5717013,0.06746393,-3.573228,0.229864,0.2787229,-0.05692669,0.9307177,27.36198,33.69109,1.4305,0.10882,0.02047976,-0.9938499,0.0,0.0,0.0,1.196649,-0.3650067,-2.871166,0.07534429,0.01554218,1.053873,0.8381458,0.02217135,-0.5449954,0.2341021,0.8878438,0.3961434,0.4926538,-0.4596105,0.7389523,moving,15.338469277476568,0.7692613058072834,4.089275858049768,0.8449184743197612,0.6249477000000001,-0.43247063,0.7020619999999997,0.2644984169502452,0.0129475955424572,0.964299124522538,15.833691454196948,1.6994405022582142,11.248565520459596,11.249447835108286,11.775462011796272
2077,05/05/2023 12:21:56.747778,2275,True,True,True,True,Eyes,0.4390345,0.06876914,-3.466148,0.6942296,-0.4268861,0.5794942,1.011349,1.141143,-0.3629615,-2.880077,-0.6366637,0.1461787,-0.7571599,0.08942536,0.02326894,0.9910029,0.5790669,0.06794592,-3.579373,0.2291091,0.2741072,-0.05555053,0.9323564,27.23727,33.10979,1.418823,0.1103468,0.02040872,-0.993683,0.0,0.0,0.0,1.194001,-0.3650153,-2.871025,0.07831708,0.01864049,1.049406,0.8435588,0.02201512,-0.5365853,0.2291867,0.8888463,0.3967691,0.4856768,-0.4576764,0.7447485,moving,15.384160777896062,0.5703333524575622,4.268067014757561,1.017631973489355,0.6149341,-0.43296122,0.708348,0.2652773692913832,0.0095973988880214,0.9641243773494356,15.879198752148747,1.4951747416634094,11.1247424414586,11.12508951007872,11.62094778055939
2078,05/05/2023 12:21:56.768303,2276,True,True,True,True,Eyes,0.4451721,0.06852394,-3.470816,0.688651,-0.4277487,0.5854835,1.009755,1.140541,-0.3633977,-2.879621,-0.6767851,0.1171162,-0.7268052,0.08756813,0.01651385,0.9918905,0.5863464,0.06810992,-3.585636,0.2263841,0.2698382,-0.05336741,0.9343926,26.86336,32.56008,1.44152,0.1118771,0.02033597,-0.9935133,0.0,0.0,0.0,1.191092,-0.3650246,-2.87087,0.08105198,0.02081886,1.044803,0.8486786,0.02244187,-0.5284325,0.2219063,0.8918044,0.394262,0.4801064,-0.4518643,0.7518753,moving,15.394039318579525,0.1296640503163791,4.435911840805271,1.1415309666016775,0.6047456,-0.4331345199999999,0.714766,0.2654551964301636,0.0021818713065551,0.9641207689137108,15.88997448584676,1.0420440709385772,11.00405218475,11.004745906899617,11.45449469505065
2079,05/05/2023 12:21:56.788443,2277,True,True,True,True,Eyes,0.4513301,0.06829876,-3.475569,0.6830564,-0.4288116,0.5912315,1.004994,1.137798,-0.3626544,-2.881385,-0.4728504,0.1679054,-0.8649972,0.08543581,0.01369822,0.9895856,0.5932177,0.06682739,-3.592541,0.2246233,0.2654729,-0.05214183,0.9361355,26.63083,31.99326,1.387107,0.1134101,0.02026046,-0.9933411,0.0,0.0,0.0,1.188155,-0.3650341,-2.870714,0.08397615,0.02058917,1.040392,0.8536108,0.02163915,-0.5204618,0.2168864,0.8936512,0.3928712,0.4736127,-0.4482402,0.758137,moving,15.430706061999723,-0.1655048409158471,4.614674679004669,1.1337251533380512,0.5949373000000001,-0.4318614899999999,0.7218270000000002,0.2660717437031954,-0.0027844758480394,0.9639492696012392,15.926812767241096,0.738737865358744,10.892025442834196,10.893784166023432,11.319031896986356
2080,05/05/2023 12:21:56.798348,2278,True,True,True,True,Eyes,0.4575381,0.06812763,-3.480372,0.6774619,-0.4296873,0.5970044,1.002324,1.136574,-0.3625581,-2.881981,-0.3632342,0.1749786,-0.9151193,0.08257723,0.02052441,0.9898252,0.6002305,0.06710435,-3.599421,0.2280029,0.2614107,-0.05221875,0.9364574,27.02191,31.52482,1.376747,0.114945,0.02018303,-0.9931662,0.0,0.0,0.0,1.185308,-0.3650432,-2.870562,0.0869078,0.01935256,1.036064,0.8578753,0.02140356,-0.513412,0.2170061,0.8905757,0.399729,0.4657879,-0.4543311,0.7593582,moving,15.395060407745602,0.1773407629144631,4.7948970701144695,1.0700990297813515,0.5850775,-0.43214755,0.7288589999999999,0.2654718250966774,0.0029841161922996,0.9641140287759792,15.89086864167843,1.0910835725104946,10.637186527980596,10.637691483941351,11.095991414379752
2081,05/05/2023 12:21:56.818305,2279,True,True,True,True,Eyes,0.4575381,0.06812763,-3.480372,0.6774619,-0.4296873,0.5970044,1.001494,1.136012,-0.3622016,-2.882476,-0.2020864,0.1994116,-0.9588513,0.08067119,0.01579368,0.9900952,0.6077182,0.06822139,-3.605447,0.2269604,0.2569743,-0.04894195,0.9381141,26.80677,31.01785,1.593496,0.1164831,0.02010538,-0.9929886,0.0,0.0,0.0,1.182366,-0.3650527,-2.870405,0.08920738,0.02113596,1.031955,0.8631378,0.02481969,-0.5043581,0.2084722,0.8921874,0.4006757,0.4599266,-0.4509831,0.7649063,moving,15.841399034561997,-0.174170313634878,4.940653012052869,1.1733379962605937,0.5746478,-0.43327409,0.735042,0.2729742662965893,-0.002924391745895,0.962016919406834,16.331657270193084,0.7326899650164025,10.981716418333924,10.983717152789662,11.399524055696707
2082,05/05/2023 12:21:56.837932,2280,True,True,True,True,Eyes,0.4575381,0.06812763,-3.480372,0.6774619,-0.4296873,0.5970044,1.001254,1.13585,-0.3620985,-2.882619,-0.02330483,0.2068095,-0.9781036,0.07881802,0.006917775,0.9910227,0.6146388,0.06763817,-3.612038,0.2225539,0.2531515,-0.04618997,0.9403461,26.22782,30.519,1.648795,0.1178671,0.02003545,-0.9928267,0.0,0.0,0.0,1.179567,-0.3650617,-2.870256,0.09150839,0.02128953,1.028136,0.8675616,0.02581057,-0.4966595,0.1995488,0.8966725,0.3951692,0.4555405,-0.4419415,0.7727682,moving,16.270337508843042,-0.8466339557633951,5.086161061618187,1.1862496022736373,0.5649282,-0.43269987,0.7417820000000002,0.2801415941239804,-0.0141843618988692,0.9598539193395298,16.756050666047713,0.0440962929968336,11.35997988948453,11.367427957246814,11.725648705358022
2083,05/05/2023 12:21:56.848453,2281,True,True,True,True,Eyes,0.4575381,0.06812763,-3.480372,0.6774619,-0.4296873,0.5970044,1.001904,1.13629,-0.362378,-2.882231,0.1943873,0.1888552,-0.9625733,0.07802516,0.01642218,0.9937356,0.6212489,0.06788581,-3.619438,0.2270425,0.2484059,-0.04575782,0.9405597,26.73259,29.99594,1.714508,0.1191127,0.01997247,-0.9926794,0.0,0.0,0.0,1.176643,-0.3650711,-2.8701,0.09392267,0.01996779,1.024359,0.8724015,0.02672143,-0.488059,0.1988733,0.8927159,0.4043609,0.4465031,-0.449827,0.7734925,moving,16.748517428952642,-0.4460243536616584,5.238757079667802,1.1167229653068944,0.5553941000000001,-0.43295691,0.7493380000000003,0.2881634916634242,-0.0074543055291517,0.9575522391774148,17.226453329518574,0.4594316626917696,11.61167025855396,11.615367513811728,12.005702529847213
2084,05/05/2023 12:21:56.868122,2282,True,True,True,True,Eyes,0.4575381,0.06812763,-3.480372,0.6774619,-0.4296873,0.5970044,1.001904,1.13629,-0.362378,-2.882231,0.1943873,0.1888552,-0.9625733,0.0760923,0.01546365,0.9954235,0.6284043,0.06900305,-3.625776,0.2273638,0.2442295,-0.04350687,0.941682,26.70905,29.52263,1.867982,0.1202338,0.01991576,-0.9925453,0.0,0.0,0.0,1.173681,-0.3650807,-2.869942,0.09508967,0.02372634,1.020885,0.8769183,0.02911862,-0.4797567,0.1929971,0.8928257,0.4069574,0.4401892,-0.4494601,0.7773154,moving,17.167399379803165,-0.5956244886950378,5.3214242694906,1.3313688268963324,0.5452767,-0.43408375,0.7558340000000001,0.2951499088198633,-0.0099323154301386,0.9553993593184384,17.639701876203954,0.3084987847784073,11.9957559364147,12.00168444646328,12.360672567426016
2085,05/05/2023 12:21:56.887960,2283,True,True,True,True,Eyes,0.4575381,0.06812763,-3.480372,0.6774619,-0.4296873,0.5970044,0.0,0.0,0.0,0.0,0.0,0.0,0.0,-2.274421,1.306836,2.593311,0.635155,0.07027336,-3.632865,0.2276458,0.2400986,-0.0409115,0.9427919,26.67253,29.06453,2.06333,0.1212424,0.0198647,-0.9924237,0.0,0.0,0.0,1.170882,-0.3650897,-2.869793,0.09592599,0.02782455,1.017931,0.8813578,0.03217282,-0.4713527,0.1864569,0.8930074,0.4095995,0.4340994,-0.4488907,0.7810602,moving,17.57100811937188,-0.7731252656526977,5.383440566021456,1.5657568205996475,0.535727,-0.43536306,0.7630719999999998,0.3018625637854557,-0.0128637354655488,0.9532646915977768,18.037961211921,0.1287654133670236,12.400824699490602,12.409962622057815,12.735848502630606
2086,05/05/2023 12:21:56.897959,2284,True,True,True,True,Eyes,0.4575381,0.06812763,-3.480372,0.6774619,-0.4296873,0.5970044,0.0,0.0,0.0,0.0,0.0,0.0,0.0,-2.254059,1.335231,2.607814,0.6420198,0.07202749,-3.639634,0.2302014,0.2357058,-0.03817984,0.9433942,26.89389,28.61679,2.344423,0.12215,0.01981873,-0.9923133,0.0,0.0,0.0,1.167919,-0.3650992,-2.869635,0.0954133,0.02542785,1.015067,0.8859702,0.03648229,-0.462305,0.1805569,0.8910993,0.4163428,0.4271488,-0.4523397,0.7829002,moving,17.972423352874596,-0.7237456844418801,5.369856119410349,1.4349829654294066,0.5258991999999999,-0.43712669,0.7699989999999999,0.3085369473018139,-0.01201515293169,0.9511365010354536,18.43352378371708,0.1823483566143571,12.778190965663422,12.786117872824487,13.123585878358645
2087,05/05/2023 12:21:56.918220,2285,True,True,True,True,Eyes,0.4575381,0.06812763,-3.480372,0.6774619,-0.4296873,0.5970044,0.0,0.0,0.0,0.0,0.0,0.0,0.0,-2.233981,1.339004,2.634236,0.6490484,0.07334828,-3.64639,0.2286348,0.2313796,-0.03515381,0.9449624,26.63917,28.1147,2.524106,0.1229672,0.01977733,-0.9922131,0.0,0.0,0.0,1.165119,-0.3651082,-2.869486,0.09590966,0.02822116,1.012832,0.8904554,0.03936481,-0.4533648,0.1722409,0.8929807,0.4158348,0.4212152,-0.4483702,0.7883792,moving,18.404879959849296,-1.1329026182208044,5.409466951434682,1.5960545268124726,0.5160706,-0.43845648,0.7769039999999996,0.3156742944183262,-0.0187606241824499,0.9486821565603712,18.86076460163671,-0.2354270515855163,13.264364030753272,13.27885410563351,13.575409137346169
2088,05/05/2023 12:21:56.938196,2286,True,True,True,True,Eyes,0.4575381,0.06812763,-3.480372,0.6774619,-0.4296873,0.5970044,0.0,0.0,0.0,0.0,0.0,0.0,0.0,-2.218761,1.35251,2.651518,0.655716,0.07477783,-3.653379,0.2294894,0.2276083,-0.03377678,0.945721,26.70786,27.68241,2.603683,0.123702,0.01974008,-0.9921226,0.0,0.0,0.0,1.162177,-0.3651177,-2.869329,0.09660366,0.03150451,1.010597,0.8941071,0.04058056,-0.4460108,0.1683542,0.8923875,0.41869,0.4150051,-0.4494416,0.7910581,moving,18.788582826991693,-1.176226078466481,5.460351707783174,1.7855693796224612,0.506461,-0.43989553,0.7840500000000001,0.3220162337259017,-0.0194341576490192,0.946534687206823,19.23908635883629,-0.2773066413495773,13.636573045794684,13.653350398440477,13.932300099482257
2089,05/05/2023 12:21:56.947997,2287,True,True,True,True,Eyes,0.4659164,0.06834389,-3.487432,0.66997,-0.4298309,0.6052979,0.0,0.0,0.0,0.0,0.0,0.0,0.0,-2.202307,1.357045,2.673452,0.6626385,0.07625185,-3.659804,0.228627,0.2237964,-0.03167536,0.9469117,26.56141,27.23553,2.713444,0.1243629,0.01970657,-0.9920406,0.0,0.0,0.0,1.159347,-0.3651268,-2.869179,0.09663785,0.03403652,1.00889,0.8978237,0.04234429,-0.4383145,0.1623193,0.8934526,0.4188015,0.4093471,-0.4471568,0.7952897,moving,18.54677644338969,-1.316641926760358,5.471458452279871,1.932232047847945,0.4967084999999999,-0.44137865,0.7906249999999999,0.3180032706635421,-0.0217849317034019,0.9478392732089064,19.001066304067557,-0.4234013978480098,13.452660580788836,13.472903275520364,13.733145945253632
2090,05/05/2023 12:21:56.967805,2288,True,True,True,True,Eyes,0.4741994,0.06859254,-3.494478,0.662437,-0.4299878,0.6134228,0.0,0.0,0.0,0.0,0.0,0.0,0.0,-2.186862,1.346467,2.70194,0.6690032,0.07732598,-3.66637,0.2256573,0.2200443,-0.0302959,0.9485472,26.19489,26.74281,2.672288,0.1251659,0.01967809,-0.9919402,0.0,0.0,0.0,1.156467,-0.3651361,-2.869025,0.09603587,0.03453961,1.007238,0.9013253,0.041835,-0.4311177,0.1567833,0.8963219,0.4147602,0.4037718,-0.4414259,0.8013187,moving,18.345189318299976,-1.6375232410735183,5.446445108825531,1.9639834215781464,0.4874637999999999,-0.44246208,0.797345,0.3146253341505536,-0.0271250591084725,0.948828197808589,18.80311600122968,-0.7548126148470471,13.365621667318065,13.392104107367702,13.630572593096655
2091,05/05/2023 12:21:56.988286,2289,True,True,True,True,Eyes,0.4741994,0.06859254,-3.494478,0.662437,-0.4299878,0.6134228,0.0,0.0,0.0,0.0,0.0,0.0,0.0,-2.167988,1.353683,2.724122,0.6750903,0.07834778,-3.67309,0.2259455,0.2155751,-0.03014172,0.9495092,26.23604,26.18135,2.5672,0.1260937,0.01965505,-0.9918231,0.0,0.0,0.0,1.153637,-0.3651452,-2.868874,0.09428614,0.03116813,1.006008,0.9052377,0.04017675,-0.4230018,0.1546561,0.8960802,0.416079,0.3957602,-0.4420702,0.8049521,moving,18.84637531039417,-1.672401125978202,5.354294479052133,1.7745696313062282,0.4785467,-0.44349298,0.8042160000000003,0.3229085297880389,-0.0276213361734909,0.9460269350582984,19.297222124505737,-0.7871872129115913,13.899777807646988,13.925439043744406,14.17631226572169
2092,05/05/2023 12:21:56.998695,2290,True,True,True,True,Eyes,0.4741994,0.06859254,-3.494478,0.662437,-0.4299878,0.6134228,0.0,0.0,0.0,0.0,0.0,0.0,0.0,-2.147152,1.353992,2.750433,0.6812029,0.07924266,-3.679419,0.2251457,0.210811,-0.03004405,0.950771,26.15438,25.56413,2.413314,0.1269289,0.0196343,-0.991717,0.0,0.0,0.0,1.150694,-0.3651546,-2.868717,0.09133938,0.02801585,1.005106,0.9093121,0.03779637,-0.4143946,0.1520564,0.8968135,0.4154569,0.3873375,-0.4407913,0.8097362,moving,19.39391003316746,-1.8249358158762352,5.192512693139527,1.5966220970772873,0.4694911000000001,-0.44439726,0.810702,0.3319109804658455,-0.0300404373073845,0.942832165260744,19.837291882920837,-0.9402409271686428,14.580445788072485,14.607763174457869,14.86288099667214
2093,05/05/2023 12:21:57.018405,2291,True,True,True,True,Eyes,0.4830604,0.06893057,-3.502104,0.6539706,-0.430672,0.6219679,0.0,0.0,0.0,0.0,0.0,0.0,0.0,-2.125147,1.360438,2.774748,0.6870975,0.07982147,-3.686163,0.2253237,0.2058632,-0.03020593,0.9518074,26.19107,24.93275,2.252707,0.1276798,0.01961563,-0.991621,0.0,0.0,0.0,1.147736,-0.3651642,-2.86856,0.08778951,0.0208962,1.00446,0.9134159,0.03527126,-0.4054965,0.1502722,0.8966337,0.4164928,0.378272,-0.441366,0.8136992,moving,19.274136940274754,-1.750482733221172,4.994941860993684,1.191776073238327,0.4606385,-0.44498567,0.8176030000000001,0.3299510616108691,-0.0288362460854441,0.9435574989010104,19.719054936969098,-0.8645060395524518,14.557266567247432,14.57917346753077,14.867003800412965
2094,05/05/2023 12:21:57.037777,2292,True,True,True,True,Eyes,0.4918034,0.06927991,-3.509672,0.6454812,-0.4312591,0.6303726,0.0,0.0,0.0,0.0,0.0,0.0,0.0,-2.103855,1.376679,2.792751,0.6929037,0.08081883,-3.69246,0.2271858,0.2011101,-0.03048825,0.9523717,26.42293,24.3481,2.131417,0.128574,0.01960356,-0.9915057,0.0,0.0,0.0,1.144891,-0.3651733,-2.868408,0.08468282,0.01808372,1.003912,0.9172504,0.0333064,-0.3969161,0.149451,0.8949142,0.4204676,0.3692101,-0.4449936,0.8158828,moving,19.12297842867803,-1.4810407875539575,4.821646883820678,1.0319717164733615,0.4519873000000001,-0.44599213,0.824052,0.3274991448446908,-0.0244207820955532,0.9445358337537269,19.56942161965947,-0.5884567245417216,14.50478766977384,14.520444752187505,14.836530861070438
2095,05/05/2023 12:21:57.048281,2293,True,True,True,True,Eyes,0.5003352,0.06960674,-3.517145,0.6369371,-0.4319178,0.6385594,0.0,0.0,0.0,0.0,0.0,0.0,0.0,-2.077573,1.38418,2.81834,0.6988961,0.08142722,-3.698678,0.226677,0.1960035,-0.02868233,0.9536129,26.33175,23.74033,2.18404,0.1295913,0.0195978,-0.9913734,0.0,0.0,0.0,1.142022,-0.3651825,-2.868255,0.08014798,0.02485597,1.003978,0.92152,0.03415524,-0.3868261,0.1435626,0.8955897,0.4210805,0.3608196,-0.4435678,0.8204004,moving,18.983792426539967,-1.605561638228626,4.564266393079346,1.4182096776296955,0.4431259000000001,-0.44660972,0.8304230000000001,0.3251864658040383,-0.0264958520254632,0.9452786334858808,19.43251802593623,-0.7174888911909509,14.71304562406153,14.73315729910789,15.02085600073491
2096,05/05/2023 12:21:57.068003,2294,True,True,True,True,Eyes,0.5087551,0.0699411,-3.524572,0.628383,-0.4326748,0.6464731,0.0,0.0,0.0,0.0,0.0,0.0,0.0,-2.058565,1.381555,2.84286,0.7045733,0.0813321,-3.704754,0.2250113,0.1919635,-0.027663,0.9548585,26.12484,23.23134,2.142104,0.1307132,0.0195971,-0.9912261,0.0,0.0,0.0,1.139043,-0.3651921,-2.868096,0.07596013,0.01951894,1.003837,0.9247695,0.03355939,-0.3790449,0.1392164,0.8972094,0.4190873,0.3541469,-0.4403284,0.8250399,moving,18.76513345057696,-1.802865601437876,4.327312615942244,1.1139377921742746,0.4344697,-0.4465242,0.8366579999999999,0.3215468165908532,-0.0297899864488827,0.9464250354440724,19.217448644322435,-0.9219279348869344,14.708611193462197,14.72950822295163,15.028669275830389
2097,05/05/2023 12:21:57.088103,2295,True,True,True,True,Eyes,0.5170175,0.0702852,-3.531881,0.6197984,-0.4332779,0.654309,0.0,0.0,0.0,0.0,0.0,0.0,0.0,-2.035497,1.406414,2.856918,0.7103887,0.081886,-3.711047,0.2273272,0.1874816,-0.02599647,0.9552473,26.36289,22.741,2.27537,0.1319262,0.01960117,-0.9910653,0.0,0.0,0.0,1.136199,-0.3652013,-2.867945,0.07175303,0.01000431,1.003893,0.9283496,0.03557321,-0.370002,0.1349054,0.8952931,0.4245596,0.3463631,-0.4440551,0.826346,moving,18.54157376740109,-1.6018155126355829,4.088250813200679,0.5709630068163142,0.4258103,-0.4470873,0.843102,0.317880982217008,-0.0265033930640339,0.9477601563965502,18.996609936619627,-0.7167200623559364,14.602111081506694,14.615728203309205,14.963866460225509
2098,05/05/2023 12:21:57.099226,2296,True,True,True,True,Eyes,0.5251732,0.07063165,-3.539124,0.6112607,-0.43363,0.6620615,0.0,0.0,0.0,0.0,0.0,0.0,0.0,-2.01037,1.398636,2.886479,0.7163612,0.08250865,-3.71612,0.2238069,0.183157,-0.02208928,0.9570143,25.87851,22.25013,2.529245,0.1332153,0.01960985,-0.9908926,0.0,0.0,0.0,1.133375,-0.3652104,-2.867795,0.06836009,0.01915148,1.004874,0.9319311,0.0397041,-0.3604552,0.1242631,0.898845,0.4202812,0.3406802,-0.4364644,0.832728,moving,18.299920343854097,-2.14615030173778,3.891750898242408,1.0918444970709074,0.4170138,-0.44771905,0.848325,0.3137925897859902,-0.0355571593327055,0.9488255630316512,18.759692419757645,-1.278217967745623,14.74136317574715,14.767530500749622,15.055659440035466
2099,05/05/2023 12:21:57.118320,2297,True,True,True,True,Eyes,0.5331596,0.07099748,-3.546257,0.6023849,-0.4341539,0.6698082,0.0,0.0,0.0,0.0,0.0,0.0,0.0,-1.987532,1.391522,2.914276,0.7220286,0.08286831,-3.72175,0.221159,0.1788252,-0.02008641,0.9584919,25.54006,21.72077,2.578514,0.1345701,0.01962276,-0.9907093,0.0,0.0,0.0,1.130362,-0.3652201,-2.867634,0.06380749,0.01772246,1.005438,0.9352362,0.04059227,-0.3516896,0.1176029,0.9013705,0.4167742,0.3339204,-0.4311421,0.8382205,moving,18.086322803783336,-2.491824328831758,3.631256915593032,1.0098255856943092,0.4083334,-0.44808841,0.8541160000000003,0.3101842581570225,-0.0413324036493823,0.94977763703964,18.5499617529259,-1.6352106232242294,14.841174832821018,14.873146336798523,15.151368603857186
2100,05/05/2023 12:21:57.137928,2298,True,True,True,True,Eyes,0.5410579,0.0714075,-3.553296,0.5935097,-0.4344661,0.6774846,0.0,0.0,0.0,0.0,0.0,0.0,0.0,-1.961706,1.395774,2.937572,0.7276845,0.08377603,-3.72683,0.2207661,0.1738889,-0.01919893,0.9595085,25.48856,21.11769,2.535612,0.1359784,0.01964006,-0.9905167,0.0,0.0,0.0,1.127576,-0.365229,-2.867485,0.05922368,0.01640773,1.00706,0.9387882,0.03993447,-0.3421726,0.1136206,0.9017874,0.416977,0.3252187,-0.4303309,0.84205,moving,17.955803637419354,-2.522126491812493,3.36560205604571,0.933420561166498,0.3998914999999999,-0.44900503,0.8593450000000002,0.3080129857730738,-0.0418657573452162,0.9504605190314468,18.421379134379496,-1.667284592925741,14.962486595587178,14.993824982987825,15.278746373017748
2101,05/05/2023 12:21:57.147695,2299,True,True,True,True,Eyes,0.5488282,0.07181372,-3.56024,0.5843279,-0.4348367,0.6851847,0.0,0.0,0.0,0.0,0.0,0.0,0.0,-1.937705,1.383284,2.966784,0.7335625,0.08519186,-3.73157,0.2181568,0.1691128,-0.01876847,0.9609663,25.19059,20.49547,2.38868,0.1374321,0.01966256,-0.9903156,0.0,0.0,0.0,1.124658,-0.3652384,-2.86733,0.0546107,0.01903978,1.008589,0.9420972,0.03771451,-0.3332123,0.1098579,0.9041107,0.4129347,0.3168345,-0.4256307,0.8476169,moving,17.82472893730963,-2.769934563390758,3.099290409062929,1.0814806411478226,0.3910954999999999,-0.45043026,0.8642400000000001,0.3057820498241749,-0.0460109275723741,0.950989198702407,18.2927614350592,-1.9230530394198448,15.18349945259385,15.22077326967731,15.487697842334532
2102,05/05/2023 12:21:57.167779,2300,True,True,True,True,Eyes,0.5565102,0.07224347,-3.567105,0.5751281,-0.4352567,0.692661,0.0,0.0,0.0,0.0,0.0,0.0,0.0,-1.915506,1.373509,2.993135,0.7390577,0.08550429,-3.736447,0.2164226,0.1644058,-0.01982963,0.9621533,25.0231,19.85653,2.08733,0.1389223,0.01968966,-0.9901071,0.0,0.0,0.0,1.121781,-0.3652477,-2.867177,0.05041379,0.01378995,1.010091,0.945155,0.03300399,-0.3249504,0.1093205,0.9055362,0.4099431,0.3077841,-0.4229835,0.852264,moving,17.726923145005046,-2.8469755204946585,2.85726982723318,0.7821640356796736,0.3827232999999999,-0.45075199,0.8692700000000002,0.3041396554482412,-0.047315721232708,0.9514516696782628,18.19653484134925,-2.00296667525373,15.270143191705898,15.3061178523136,15.590061072692103
2103,05/05/2023 12:21:57.187907,2301,True,True,True,True,Eyes,0.564071,0.07270098,-3.573855,0.5658053,-0.4357442,0.6999938,0.0,0.0,0.0,0.0,0.0,0.0,0.0,-1.896811,1.377095,3.010925,0.7447152,0.08648191,-3.741373,0.2170715,0.1601496,-0.02148814,0.9626892,25.13974,19.28748,1.782248,0.1404428,0.01972156,-0.9898919,0.0,0.0,0.0,1.118977,-0.3652567,-2.867027,0.04562655,0.01454815,1.012075,0.9477807,0.02815501,-0.3176774,0.1109006,0.9048364,0.4110621,0.2990196,-0.4248273,0.8544642,moving,17.57225703631851,-2.63235333920994,2.581271015712037,0.8235458738601533,0.3742618000000001,-0.45173861,0.8743459999999996,0.3016187302501372,-0.0437881841152732,0.9524225437663434,18.04357322434186,-1.7833203631299694,15.35324257304003,15.384176976390943,15.680514697182542
2104,05/05/2023 12:21:57.197942,2302,True,True,True,True,Eyes,0.5715623,0.07318984,-3.580504,0.5565525,-0.4360537,0.7071821,0.0,0.0,0.0,0.0,0.0,0.0,0.0,-1.876087,1.373665,3.032241,0.7505649,0.08763222,-3.745679,0.216073,0.1559384,-0.02147698,0.9636049,25.03148,18.74977,1.644182,0.1419868,0.01975857,-0.9896709,0.0,0.0,0.0,1.116027,-0.3652662,-2.86687,0.04081255,0.01120037,1.013634,0.9504439,0.02599753,-0.3098073,0.1087788,0.9057025,0.4097198,0.291245,-0.4231162,0.8579913,moving,17.38815483144052,-2.6813120255391447,2.3056887032114086,0.6330764498081376,0.3654621000000001,-0.4528984199999999,0.878809,0.2985455122312722,-0.0446472319211216,0.953350533072017,17.86221724088562,-1.8349550088842053,15.4124287177164,15.442342939939303,15.751087563230902
2105,05/05/2023 12:21:57.218039,2303,True,True,True,True,Eyes,0.5789531,0.07370114,-3.58704,0.5472232,-0.4364235,0.7141999,0.0,0.0,0.0,0.0,0.0,0.0,0.0,-1.859373,1.362356,3.054249,0.7564615,0.08882324,-3.74988,0.2140456,0.1523162,-0.02161378,0.9646332,24.80525,18.27226,1.483879,0.1435496,0.01980107,-0.9894446,0.0,0.0,0.0,1.113073,-0.3652757,-2.866713,0.03698865,0.004575253,1.015459,0.9526652,0.02350651,-0.3031112,0.106904,0.9074346,0.4063667,0.2846059,-0.4195352,0.8619685,moving,17.152129458003486,-2.8369949087527826,2.0861078320134387,0.2581501697809346,0.3566114999999999,-0.4540989399999999,0.8831670000000003,0.2945797802235211,-0.0472984443264294,0.9544557660668525,17.62993155851321,-1.996710598446648,15.350713873416996,15.380667433241356,15.706522629932731
2106,05/05/2023 12:21:57.237937,2304,True,True,True,True,Eyes,0.5862822,0.07424228,-3.593466,0.5379983,-0.4366286,0.7210502,0.0,0.0,0.0,0.0,0.0,0.0,0.0,-1.844738,1.355691,3.072389,0.7622168,0.08987636,-3.753862,0.2129444,0.1489615,-0.0222798,0.9653853,24.69479,17.8254,1.288099,0.145127,0.01984918,-0.9892135,0.0,0.0,0.0,1.110198,-0.365285,-2.866559,0.03488815,0.005341858,1.017533,0.9546282,0.02042382,-0.2970992,0.1064582,0.9083166,0.404509,0.2781218,-0.4177843,0.8649304,moving,16.904512875253307,-2.854397020030237,1.9637308902189052,0.3007893664621725,0.3479812,-0.45516136,0.8873029999999997,0.2904472557987594,-0.0476512810273914,0.9557038469506698,17.385894473397922,-2.0163342886286357,15.240274860129954,15.270303450090164,15.595261832342365
2107,05/05/2023 12:21:57.257627,2305,True,True,True,True,Eyes,0.5935429,0.07480284,-3.599776,0.5287021,-0.4368342,0.7277706,0.0,0.0,0.0,0.0,0.0,0.0,0.0,-1.831383,1.344935,3.091175,0.7681248,0.09108636,-3.757641,0.2111232,0.1458951,-0.02246177,0.966249,24.49094,17.42128,1.14573,0.1467145,0.01990313,-0.9889781,0.0,0.0,0.0,1.107408,-0.3652939,-2.866411,0.03384551,0.003910512,1.019355,0.9564202,0.01819637,-0.2914264,0.105011,0.9098449,0.401441,0.2724576,-0.4145493,0.8682832,moving,16.617166824057435,-2.97719599081932,1.901685611596214,0.2198004956165652,0.3392831999999999,-0.45638026,0.8912300000000002,0.2856210183557588,-0.0497748745647551,0.9570491997770504,17.10294401132482,-2.14462881004197,15.02731455328784,15.058757380626814,15.384043125159796
2108,05/05/2023 12:21:57.268292,2306,True,True,True,True,Eyes,0.6007477,0.07538835,-3.60597,0.5195238,-0.4369008,0.734311,0.0,0.0,0.0,0.0,0.0,0.0,0.0,-1.818234,1.33439,3.109251,0.7739595,0.09209986,-3.761185,0.2092469,0.1429447,-0.02239803,0.9670992,24.27574,17.03882,1.037091,0.1483099,0.01996291,-0.988739,0.0,0.0,0.0,1.104437,-0.3653035,-2.866252,0.03303349,0.005087256,1.021491,0.9581303,0.01649923,-0.2858568,0.1031437,0.9114281,0.3983216,0.26711,-0.4111283,0.8715651,moving,16.322117877231246,-3.113198535413277,1.852214261850393,0.2853435696711959,0.3304774999999998,-0.45740336,0.894933,0.2806551250706595,-0.0521260867482494,0.9583921454081132,16.81243184149806,-2.286556059861965,14.829615503831564,14.863653624813915,15.179683057784572
2109,05/05/2023 12:21:57.288126,2307,True,True,True,True,Eyes,0.6078836,0.07598588,-3.612031,0.5103171,-0.4370447,0.7406541,0.0,0.0,0.0,0.0,0.0,0.0,0.0,-1.805149,1.326626,3.125776,0.779878,0.09324893,-3.764581,0.2077862,0.1400314,-0.0222449,0.9678437,24.10681,16.66815,0.9500076,0.1499101,0.02002863,-0.9884962,0.0,0.0,0.0,1.10159,-0.3653127,-2.866101,0.03201324,0.009286433,1.023629,0.9597928,0.01513399,-0.2803013,0.1012523,0.9126602,0.395979,0.2618126,-0.408439,0.8744323,moving,16.020396041252866,-3.215455924206136,1.791299275255927,0.5197770103934884,0.3217120000000001,-0.45856163,0.8984800000000002,0.2755780784814863,-0.0539189315801416,0.9597653774100304,16.515262624994527,-2.393825157231265,14.67420281159,14.711191653017856,15.00946948814758
2110,05/05/2023 12:21:57.298000,2308,True,True,True,True,Eyes,0.6149794,0.07657792,-3.617972,0.5012491,-0.4370157,0.7468377,0.0,0.0,0.0,0.0,0.0,0.0,0.0,-1.791196,1.315864,3.143389,0.7858832,0.09412959,-3.767533,0.2057636,0.1370645,-0.02178469,0.9687106,23.86747,16.29487,0.8896945,0.1515133,0.02010008,-0.9882504,0.0,0.0,0.0,1.098758,-0.3653218,-2.86595,0.03110099,0.007946968,1.025612,0.9614775,0.01419963,-0.2745166,0.09861185,0.9143736,0.3926789,0.2565866,-0.4046225,0.8777494,moving,15.732959915030705,-3.3885068114352745,1.7369234750843243,0.4439482124925699,0.3128747999999999,-0.4594513899999999,0.9015829999999996,0.2707149016969217,-0.0568990808673729,0.9609765184614366,16.2323417848565,-2.573801116520895,14.471796926570168,14.51126278236104,14.806213661434164
2111,05/05/2023 12:21:57.318016,2309,True,True,True,True,Eyes,0.6220029,0.07716113,-3.623768,0.492223,-0.4370683,0.7527868,0.0,0.0,0.0,0.0,0.0,0.0,0.0,-1.776703,1.309262,3.159507,0.7920765,0.09456718,-3.770543,0.2039889,0.1341602,-0.02048158,0.9695206,23.64312,15.95351,0.939465,0.1531173,0.0201765,-0.9880016,0.0,0.0,0.0,1.095854,-0.3653311,-2.865795,0.0288513,0.005319089,1.027424,0.9631631,0.01501976,-0.2684981,0.094449,0.915938,0.3900473,0.2517861,-0.4010386,0.8807791,moving,15.419662619369484,-3.5807352130592105,1.608511598504475,0.2966240109349422,0.3037775000000001,-0.45989828,0.904748,0.265404504637459,-0.0602151380782223,0.9622550248829548,15.923974525213904,-2.7736802383450327,14.303386578013903,14.345096969802368,14.64101249876998
2112,05/05/2023 12:21:57.338323,2310,True,True,True,True,Eyes,0.6290072,0.07773941,-3.629426,0.4833835,-0.4368955,0.7585927,0.0,0.0,0.0,0.0,0.0,0.0,0.0,-1.761768,1.307578,3.173192,0.7984586,0.09502655,-3.773084,0.2026857,0.1313407,-0.0183865,0.9702218,23.46132,15.64656,1.097091,0.1547203,0.02025722,-0.9877502,0.0,0.0,0.0,1.093002,-0.3653403,-2.865643,0.02648878,0.01014248,1.029713,0.9648231,0.01756382,-0.2623126,0.08891974,0.9171609,0.3884704,0.2474059,-0.39813,0.8833362,moving,15.084013200535866,-3.7423681825297,1.4735762828032608,0.5643344365450677,0.2945434,-0.46036685,0.907441,0.259717682065315,-0.0630304450653934,0.963625476574415,15.593502466167651,-2.94224983180696,14.229720709544363,14.275562354622814,14.5488298036204
2113,05/05/2023 12:21:57.348086,2311,True,True,True,True,Eyes,0.6359113,0.07828579,-3.634917,0.4745297,-0.4367515,0.7642446,0.0,0.0,0.0,0.0,0.0,0.0,0.0,-1.750028,1.297893,3.18806,0.8050478,0.09546974,-3.775399,0.2002924,0.1289642,-0.01630829,0.9710743,23.15401,15.38506,1.245651,0.1563223,0.02034172,-0.9874962,0.0,0.0,0.0,1.089864,-0.3653504,-2.865476,0.02367815,0.001366675,1.031075,0.9662045,0.01998795,-0.2570004,0.08333421,0.919234,0.3847912,0.2439347,-0.393204,0.8865024,moving,14.710610034440998,-4.022386461900592,1.3155392676676532,0.0759446825962527,0.2848161999999999,-0.46082014,0.909923,0.25335175207228,-0.0678576630674539,0.9649913703492016,15.226095122870657,-3.2328342506082826,13.960386117792806,14.008006247029543,14.298656658215858
2114,05/05/2023 12:21:57.368195,2312,True,True,True,True,Eyes,0.6428039,0.07881464,-3.640261,0.4658671,-0.4363863,0.7697628,0.0,0.0,0.0,0.0,0.0,0.0,0.0,-1.740374,1.284378,3.202711,0.8115529,0.09531236,-3.777325,0.1973609,0.1268989,-0.01432585,0.9719775,22.78639,15.1552,1.38232,0.1579209,0.02042881,-0.9872401,0.0,0.0,0.0,1.087162,-0.3653591,-2.865332,0.0220978,-0.004144937,1.033043,0.9673828,0.02224095,-0.2523404,0.07793855,0.9216869,0.3800249,0.241031,-0.3872966,0.8898907,moving,14.323165139186804,-4.342261491817321,1.225425869439112,-0.2298898710149519,0.2756090999999999,-0.46067146,0.9119929999999998,0.2467239286371378,-0.0733735850749453,0.9663040649842296,14.844940625050766,-3.5645066509788097,13.676525181730163,13.728159903128732,14.021799144458608
2115,05/05/2023 12:21:57.388068,2313,True,True,True,True,Eyes,0.6496631,0.0793123,-3.645445,0.4570316,-0.4361376,0.7751813,0.0,0.0,0.0,0.0,0.0,0.0,0.0,-1.730523,1.272559,3.216527,0.8182085,0.09539936,-3.7791,0.19483,0.1247364,-0.01264202,0.972791,22.47074,14.90955,1.488789,0.159516,0.02051779,-0.9869817,0.0,0.0,0.0,1.08426,-0.3653685,-2.865177,0.02197906,-0.005229205,1.0348,0.968562,0.02400871,-0.247611,0.07320089,0.9237629,0.375904,0.2377588,-0.3822117,0.8929641,moving,13.944617789239938,-4.611189747054664,1.21677430890725,-0.2895330753988285,0.2660515,-0.46076786,0.913923,0.240248959185358,-0.0780389656686363,0.9675692713442956,14.472436477678103,-3.8437215782312095,13.385451174134294,13.441529527829587,13.723878294645749
2116,05/05/2023 12:21:57.397770,2314,True,True,True,True,Eyes,0.6565132,0.07976913,-3.650484,0.4483398,-0.4357673,0.7804475,0.0,0.0,0.0,0.0,0.0,0.0,0.0,-1.720605,1.257467,3.231083,0.824762,0.09516911,-3.780518,0.1920407,0.1224758,-0.01159937,0.9736455,22.13564,14.63519,1.512732,0.161107,0.02060767,-0.9867214,0.0,0.0,0.0,1.081469,-0.3653774,-2.865028,0.02202666,-0.01131931,1.0365,0.9697303,0.02445332,-0.2429511,0.06962802,0.9259716,0.3711179,0.2340409,-0.3768004,0.8962401,moving,13.609735301846786,-4.877406132573788,1.217409286897608,-0.6256853926555038,0.256707,-0.46054651,0.9154899999999996,0.2345021266802119,-0.0826531777952795,0.9685954888664202,14.14296682282051,-4.119843027459808,13.042360420467151,13.101407302692236,13.389517362149936
2117,05/05/2023 12:21:57.418004,2315,True,True,True,True,Eyes,0.6565132,0.07976913,-3.650484,0.4483398,-0.4357673,0.7804475,0.0,0.0,0.0,0.0,0.0,0.0,0.0,-1.709647,1.250812,3.242923,0.8314468,0.09461878,-3.782025,0.1905918,0.1199714,-0.0110637,0.9742481,21.96388,14.33027,1.493605,0.1626947,0.02069732,-0.986459,0.0,0.0,0.0,1.078651,-0.3653865,-2.864878,0.02287033,-0.0138799,1.038047,0.9709689,0.02417354,-0.2379811,0.06728869,0.9271047,0.3687127,0.2295465,-0.374022,0.8985633,moving,13.883513191366298,-5.085545097394772,1.262140753733392,-0.7660657954994728,0.2472041999999999,-0.46000528,0.917147,0.2390582255972074,-0.086072824685468,0.9671828420182814,14.413322811905498,-4.331991148208571,13.27541249055643,13.340050361559417,13.626056404854689
2118,05/05/2023 12:21:57.437781,2316,True,True,True,True,Eyes,0.6565132,0.07976913,-3.650484,0.4483398,-0.4357673,0.7804475,0.0,0.0,0.0,0.0,0.0,0.0,0.0,-1.698481,1.256988,3.249542,0.8382155,0.09412174,-3.783241,0.1909739,0.1174774,-0.01042413,0.9744843,22.00276,14.04309,1.517529,0.1641228,0.02077794,-0.9862207,0.0,0.0,0.0,1.075773,-0.3653958,-2.864725,0.02255604,-0.01180419,1.040027,0.9721808,0.02455394,-0.2329413,0.06518654,0.9268407,0.3697529,0.2249783,-0.3746513,0.8994561,moving,14.139055653030749,-5.092105207794605,1.242432478298228,-0.6502727604213279,0.2375575000000001,-0.45951754,0.918516,0.2433691945794728,-0.0860884584297922,0.9661057026663806,14.665228976217168,-4.336955764767918,13.573468219520803,13.64011601129499,13.91988137158801
2119,05/05/2023 12:21:57.448255,2317,True,True,True,True,Eyes,0.6639131,0.08015943,-3.655435,0.4389854,-0.4358708,0.7856898,0.0,0.0,0.0,0.0,0.0,0.0,0.0,-1.686692,1.256262,3.258693,0.8452165,0.09363917,-3.784052,0.190274,0.1149226,-0.009472973,0.9749354,21.9123,13.74776,1.560338,0.165408,0.02085047,-0.9860045,0.0,0.0,0.0,1.072884,-0.3654051,-2.864571,0.02159485,-0.01424801,1.041544,0.9734061,0.02526249,-0.2276891,0.06220464,0.9274122,0.3688323,0.2204793,-0.3731869,0.9011772,moving,13.78701458572558,-5.146445838741135,1.1877717262473204,-0.7837402191248789,0.2276674999999999,-0.45904427,0.9194809999999998,0.2374068884198067,-0.0871371465105059,0.9674942297288762,14.318346693319944,-4.395296511976907,13.267728894838418,13.33319620179442,13.618198773051938
2120,05/05/2023 12:21:57.468002,2318,True,True,True,True,Eyes,0.671294,0.08051696,-3.660205,0.4297789,-0.4358965,0.7907492,0.0,0.0,0.0,0.0,0.0,0.0,0.0,-1.677531,1.258504,3.265057,0.8521317,0.09348041,-3.784662,0.1903153,0.1126611,-0.009180227,0.975194,21.91664,13.47871,1.542763,0.1667341,0.02092266,-0.9857796,0.0,0.0,0.0,1.070001,-0.3654144,-2.864417,0.01962736,-0.01884979,1.043045,0.9744464,0.02497725,-0.2232271,0.06078726,0.9273916,0.3691202,0.2162385,-0.3732572,0.9021751,moving,13.430025360927749,-5.085718736698379,1.07802845088468,-1.0353300766344984,0.2178692999999999,-0.45889481,0.920245,0.2313923361917566,-0.0862402166979524,0.969030531342388,13.966315826332403,-4.335332126910711,12.938330523058369,12.999133662028695,13.304058215595436
2121,05/05/2023 12:21:57.488704,2319,True,True,True,True,Eyes,0.6786863,0.08083065,-3.664795,0.4202819,-0.4361808,0.7956818,0.0,0.0,0.0,0.0,0.0,0.0,0.0,-1.664886,1.257716,3.274086,0.8591139,0.09304505,-3.785049,0.1896992,0.1099734,-0.008428457,0.9756275,21.83935,13.16362,1.560478,0.1680974,0.02099378,-0.9855466,0.0,0.0,0.0,1.067106,-0.3654237,-2.864263,0.01745811,-0.02124763,1.044455,0.9756696,0.02527769,-0.217784,0.05816983,0.9278862,0.3682978,0.2113885,-0.3720054,0.9038401,moving,13.09743832246287,-5.13726452329992,0.9576122286717028,-1.1654227569739142,0.2079921000000001,-0.45846875,0.920786,0.2257439735816415,-0.087230716048786,0.9702734424772624,13.63860298458701,-4.390662896615615,12.713371230853046,12.773053848012408,13.084712473339469
2122,05/05/2023 12:21:57.499628,2320,True,True,True,True,Eyes,0.6860648,0.08110816,-3.669205,0.4109379,-0.4364721,0.8003887,0.0,0.0,0.0,0.0,0.0,0.0,0.0,-1.654003,1.249083,3.284764,0.8660911,0.09232384,-3.785098,0.188142,0.1074553,-0.008190523,0.9762116,21.65969,12.85126,1.507011,0.1694941,0.02106279,-0.9853058,0.0,0.0,0.0,1.064192,-0.365433,-2.864108,0.01445866,-0.02557075,1.045755,0.9767725,0.02444234,-0.2128802,0.05642508,0.929071,0.3655725,0.2067163,-0.369093,0.906112,moving,12.78128453407902,-5.277927901443749,0.7921237905956428,-1.4007144752520022,0.1981009,-0.45775684,0.9209900000000002,0.2203376086023796,-0.0897262904650271,0.9712880385638852,13.32729854822339,-4.537530683766342,12.540329560351468,12.60050631067357,12.921695791585025
2123,05/05/2023 12:21:57.518383,2321,True,True,True,True,Eyes,0.6934366,0.08132545,-3.673431,0.4014244,-0.4369191,0.8049598,0.0,0.0,0.0,0.0,0.0,0.0,0.0,-1.640473,1.258423,3.289917,0.873198,0.09175859,-3.78516,0.1888338,0.1047241,-0.007048827,0.9763837,21.72948,12.54926,1.590657,0.1709214,0.02112905,-0.9850578,0.0,0.0,0.0,1.061254,-0.3654425,-2.863951,0.01123571,-0.02999651,1.046846,0.9779664,0.02578617,-0.2071638,0.05331561,0.9285842,0.3672721,0.2018396,-0.3702249,0.9067494,moving,12.439172640609584,-5.209001429409519,0.6149271671041521,-1.641314267489964,0.1880559999999999,-0.45720109,0.9212089999999996,0.2145544823058455,-0.0886747499618665,0.9726784110474954,12.989913092027471,-4.469030035655088,12.294838760548243,12.350755956743672,12.69394552956566
2124,05/05/2023 12:21:57.538161,2322,True,True,True,True,Eyes,0.7008005,0.08149402,-3.677495,0.3920485,-0.4374891,0.8092597,0.0,0.0,0.0,0.0,0.0,0.0,0.0,-1.624636,1.257666,3.299612,0.8804584,0.09060541,-3.784863,0.1876616,0.1018103,-0.004916282,0.9769307,21.57174,12.23497,1.762728,0.1723757,0.02119129,-0.9848031,0.0,0.0,0.0,1.058057,-0.3654528,-2.863781,0.007556349,-0.03377441,1.047871,0.979221,0.02860602,-0.2007683,0.04781749,0.9295179,0.3656637,0.197078,-0.3676659,0.9088356,moving,12.11081293372551,-5.397559966475507,0.4131609730225155,-1.8460874013877973,0.1775986,-0.45605821,0.9210820000000002,0.2089135029894271,-0.0919902687085151,0.9735979353648876,12.666690018773084,-4.665239979658331,12.167288633123771,12.2248934054375,12.57364685899132
2125,05/05/2023 12:21:57.547734,2323,True,True,True,True,Eyes,0.708168,0.08162774,-3.681373,0.3825698,-0.4383775,0.8133053,0.0,0.0,0.0,0.0,0.0,0.0,0.0,-1.606564,1.281919,3.301157,0.8876911,0.08968028,-3.784965,0.1900583,0.09862283,-0.002804162,0.9768027,21.82988,11.91176,1.9761,0.1738551,0.02124871,-0.9845418,0.0,0.0,0.0,1.055423,-0.3654613,-2.86364,0.004497468,-0.03871843,1.048512,0.9805313,0.03200994,-0.193736,0.04296639,0.92774,0.3707457,0.1916042,-0.371852,0.9083028,moving,11.79020528149792,-5.199851986681966,0.2457619507859303,-2.114801843688211,0.1677319,-0.45514158,0.921325,0.203522723034315,-0.0887331414329311,0.9750409869367138,12.350198052834832,-4.464146012686076,11.89841066715291,11.949548368068408,12.33032000286242
2126,05/05/2023 12:21:57.567992,2324,True,True,True,True,Eyes,0.7155433,0.08171576,-3.685076,0.3732632,-0.4391585,0.8171991,0.0,0.0,0.0,0.0,0.0,0.0,0.0,-1.587419,1.300233,3.304473,0.8952271,0.08910928,-3.784266,0.1913625,0.09543519,0.0002766369,0.9768687,21.95135,11.60385,2.290331,0.1753568,0.02130093,-0.9842743,0.0,0.0,0.0,1.052516,-0.3654706,-2.863485,0.000393033,-0.04297248,1.048985,0.9817841,0.0370659,-0.1863494,0.03598495,0.9267606,0.3739249,0.1865612,-0.3738192,0.9085451,moving,11.45931773843158,-5.1502207804245,0.0214675434401688,-2.3458541417284566,0.1572888999999999,-0.45457988,0.9207810000000004,0.1979014854267454,-0.0879918837696367,0.9762645154331172,12.023922014620576,-4.4154110104523525,11.72844045344721,11.776624700112354,12.179572199615258
2127,05/05/2023 12:21:57.588786,2325,True,True,True,True,Eyes,0.7229195,0.08177003,-3.688602,0.3637853,-0.4400815,0.820968,0.0,0.0,0.0,0.0,0.0,0.0,0.0,-1.568054,1.30686,3.312477,0.9028437,0.08815092,-3.783686,0.1908613,0.09223099,0.00360836,0.9772679,21.86246,11.28693,2.609815,0.1768797,0.02134737,-0.9840007,0.0,0.0,0.0,1.049693,-0.3654797,-2.863335,-0.004329905,-0.04660788,1.049113,0.9829609,0.04225933,-0.1788914,0.02815399,0.9271179,0.3737109,0.1816461,-0.3723797,0.9101308,moving,11.12352590996872,-5.318239678349781,-0.2364701167492653,-2.5437489028916147,0.1468492999999999,-0.45363062,0.9203509999999996,0.1921250908914279,-0.090960832683962,0.9771458460893854,11.693324628321536,-4.590549106804879,11.644272338223187,11.69390049513638,12.104106482275274
2128,05/05/2023 12:21:57.598483,2326,True,True,True,True,Eyes,0.7303013,0.08176369,-3.691944,0.3544464,-0.4407785,0.8246709,0.0,0.0,0.0,0.0,0.0,0.0,0.0,-1.549188,1.316357,3.318699,0.9103871,0.08747978,-3.782867,0.1912688,0.08890659,0.005661007,0.9774865,21.89573,10.93274,2.784623,0.1784215,0.02138778,-0.9837214,0.0,0.0,0.0,1.046714,-0.3654893,-2.863176,-0.01015638,-0.05257493,1.048889,0.9841272,0.04507722,-0.1716444,0.02294299,0.9267685,0.3749318,0.1759755,-0.3729186,0.9110238,moving,10.84687265696722,-5.325656684020417,-0.5547770290610298,-2.869514904761852,0.1363268999999999,-0.45296908,0.9196909999999998,0.187401085331393,-0.0911720740283016,0.9780432076222468,11.420642284892429,-4.600106256383203,11.614895143129004,11.663200590006484,12.099818766052495
2129,05/05/2023 12:21:57.618173,2327,True,True,True,True,Eyes,0.7377059,0.08168677,-3.695114,0.3447194,-0.4414669,0.8284176,0.0,0.0,0.0,0.0,0.0,0.0,0.0,-1.531443,1.306314,3.331642,0.9179596,0.08600134,-3.781741,0.1889449,0.0856226,0.007329615,0.9782203,21.61724,10.55436,2.879102,0.1799817,0.02142129,-0.9834365,0.0,0.0,0.0,1.043905,-0.3654983,-2.863026,-0.01618963,-0.05915797,1.0481,0.9852301,0.04669587,-0.1647458,0.01801596,0.9284922,0.3709147,0.1702853,-0.3684044,0.9139372,moving,10.567242826018225,-5.627666920290721,-0.884957262536822,-3.2305213469551126,0.1259454000000001,-0.45149964,0.9187149999999996,0.182534988354577,-0.0964159439216701,0.9784606033488614,11.14572005638103,-4.912654035335123,11.64771896511443,11.70039288947438,12.147706249874542
2130,05/05/2023 12:21:57.638148,2328,True,True,True,True,Eyes,0.7451205,0.08162048,-3.698097,0.3351765,-0.4420764,0.8320007,0.0,0.0,0.0,0.0,0.0,0.0,0.0,-1.514828,1.303641,3.341121,0.9255596,0.08424933,-3.780676,0.1877155,0.08248708,0.00880045,0.9787141,21.46838,10.198,2.968532,0.1815589,0.02144678,-0.983146,0.0,0.0,0.0,1.041084,-0.3655074,-2.862876,-0.02206376,-0.06504175,1.04731,0.9862369,0.04819446,-0.1581586,0.01374196,0.9293709,0.3688914,0.1647665,-0.3659877,0.9159176,moving,10.285472698866233,-5.793005576753791,-1.2068760513827927,-3.553711707766342,0.1155243999999998,-0.44975673,0.9178000000000002,0.1776697393347786,-0.0993289891863043,0.979064456520427,10.868366074493872,-5.084658957735529,11.653685354028053,11.70848055167856,12.17190502266324
2131,05/05/2023 12:21:57.647989,2329,True,True,True,True,Eyes,0.7525555,0.08157776,-3.700886,0.3254314,-0.4424131,0.8356824,0.0,0.0,0.0,0.0,0.0,0.0,0.0,-1.501164,1.305402,3.346885,0.9332894,0.08442044,-3.779028,0.1873697,0.07980726,0.01044894,0.9789863,21.41971,9.907627,3.101361,0.1831521,0.02146546,-0.98285,0.0,0.0,0.0,1.038149,-0.3655169,-2.86272,-0.02731782,-0.0711132,1.046095,0.9870432,0.05036568,-0.1523448,0.009448175,0.9295669,0.3685325,0.1601761,-0.3651969,0.9170468,moving,9.932547171278486,-5.837688824415786,-1.495887222608563,-3.888965328325369,0.1048595999999999,-0.4499373399999999,0.916308,0.1716205615483327,-0.1002016340148429,0.9800540986200306,10.520589214517097,-5.133073885592507,11.538796577473583,11.59338759636696,12.080708260125377
2132,05/05/2023 12:21:57.668331,2330,True,True,True,True,Eyes,0.759997,0.08151169,-3.703503,0.3158095,-0.4424569,0.8393427,0.0,0.0,0.0,0.0,0.0,0.0,0.0,-1.481256,1.284222,3.363921,0.9410461,0.08495076,-3.777105,0.1831498,0.07648777,0.01400264,0.980005,20.90585,9.553718,3.403725,0.1847607,0.02147874,-0.9825487,0.0,0.0,0.0,1.035198,-0.3655264,-2.862562,-0.03210202,-0.07387507,1.04507,0.9879071,0.05546275,-0.1447876,0.0005721173,0.9325202,0.3611174,0.155046,-0.3568333,0.9212116,moving,9.609054033605794,-6.364582032345455,-1.7594343741235443,-4.043461718285059,0.0941519,-0.45047716,0.914543,0.1659241400804777,-0.1093179896242309,0.9800605458716416,10.202960392112557,-5.677204975457556,11.539942331148454,11.603022373029372,12.073442159286204
2133,05/05/2023 12:21:57.688079,2331,True,True,True,True,Eyes,0.7674954,0.08141769,-3.705968,0.3057463,-0.4428782,0.8428394,0.0,0.0,0.0,0.0,0.0,0.0,0.0,-1.459425,1.265019,3.38111,0.9486809,0.08433047,-3.775578,0.1794842,0.07268528,0.01624296,0.9809375,20.47291,9.116209,3.546924,0.1863839,0.02148663,-0.9822418,0.0,0.0,0.0,1.032333,-0.3655356,-2.86241,-0.03706881,-0.07289517,1.044131,0.988906,0.05795838,-0.1367687,-0.00577493,0.9350432,0.3544869,0.1484301,-0.3497644,0.9250045,moving,9.353774891276249,-6.814562895709779,-2.03326472017394,-3.9935791316252,0.0836520999999999,-0.44986607,0.9131679999999998,0.1614117812445388,-0.1171004327887342,0.9799152410833532,9.952389542462043,-6.14176105777319,11.660983622373267,11.731266790503248,12.176641314060005
2134,05/05/2023 12:21:57.698712,2332,True,True,True,True,Eyes,0.7750106,0.08130857,-3.708255,0.2958032,-0.4432734,0.8461733,0.0,0.0,0.0,0.0,0.0,0.0,0.0,-1.437019,1.287874,3.382679,0.9564526,0.08359267,-3.774172,0.1821275,0.06877424,0.01736203,0.9807132,20.78374,8.687728,3.624635,0.1880224,0.02148902,-0.9819294,0.0,0.0,0.0,1.029445,-0.3655449,-2.862256,-0.04215376,-0.07440498,1.042681,0.9899373,0.05910571,-0.1285714,-0.00900298,0.9330563,0.3596179,0.1412198,-0.3548416,0.9241994,moving,9.13908711511974,-6.5104467519342535,-2.3151068969291733,-4.081667603530426,0.0729923999999999,-0.44913757,0.9119160000000002,0.1578329733517594,-0.1119631957392923,0.98109789992308,9.740053103411244,-5.830494619572004,11.64472014435698,11.708865385569108,12.181349620048035
2135,05/05/2023 12:21:57.717877,2333,True,True,True,True,Eyes,0.7825473,0.08120773,-3.710371,0.285662,-0.4437951,0.849378,0.0,0.0,0.0,0.0,0.0,0.0,0.0,-1.418588,1.290944,3.389217,0.9644318,0.08312443,-3.772093,0.182195,0.06525939,0.01808916,0.9809276,20.7983,8.279658,3.634963,0.1896751,0.02148616,-0.9816115,0.0,0.0,0.0,1.026604,-0.365554,-2.862104,-0.0473918,-0.07456422,1.041374,0.990828,0.05926817,-0.121438,-0.01170844,0.9329555,0.3598011,0.134621,-0.3550792,0.9250924,moving,8.891328477241622,-6.495247364194094,-2.605670870711633,-4.095489742846548,0.0621722000000001,-0.4486784299999999,0.909989,0.1535922381220934,-0.1117785334424287,0.9817916478368086,9.495799173487924,-5.81659079067545,11.681745596380049,11.744778867567204,12.223246951914902
2136,05/05/2023 12:21:57.737979,2334,True,True,True,True,Eyes,0.7900834,0.08110901,-3.712297,0.2756647,-0.4440774,0.8525282,0.0,0.0,0.0,0.0,0.0,0.0,0.0,-1.404876,1.295847,3.392979,0.972183,0.08324114,-3.770031,0.1828132,0.06234894,0.01825422,0.9809989,20.87944,7.936145,3.596555,0.1913422,0.02147889,-0.9812881,0.0,0.0,0.0,1.023765,-0.3655632,-2.861953,-0.05198275,-0.07598448,1.039741,0.9915588,0.05861115,-0.1156543,-0.01301833,0.9324923,0.3609553,0.1290027,-0.3564028,0.9253839,moving,8.604829625805806,-6.384454206233208,-2.8621688619509125,-4.17975661741496,0.051582,-0.4488043399999999,0.9080779999999996,0.1487113625718773,-0.1099628347387825,0.9827477811881932,9.213133385896633,-5.704645175922996,11.616719521202905,11.677017846023697,12.171204110224291
2137,05/05/2023 12:21:57.753763,2335,True,True,True,True,Eyes,0.7976367,0.08097166,-3.714083,0.2652857,-0.4444451,0.8556238,0.0,0.0,0.0,0.0,0.0,0.0,0.0,-1.391282,1.276017,3.405279,0.9797685,0.08313419,-3.767353,0.1800393,0.0593337,0.01810362,0.9817014,20.56938,7.549992,3.484853,0.1930221,0.02146781,-0.9809593,0.0,0.0,0.0,1.020863,-0.3655725,-2.861799,-0.05656686,-0.07915214,1.037613,0.9923035,0.05690949,-0.1099772,-0.01417989,0.9345163,0.355638,0.1230147,-0.3513414,0.9281307,moving,8.32623204790996,-6.662300918015067,-3.120467096772252,-4.362240519707672,0.0410945,-0.44870669,0.905554,0.1438516636622988,-0.1148105695985119,0.9829167150043762,8.939171722246854,-5.9923351517317975,11.611084786402529,11.675495670194495,12.169309633440443
2138,05/05/2023 12:21:57.767955,2336,True,True,True,True,Eyes,0.805171,0.08080091,-3.715732,0.2549419,-0.4450511,0.8584487,0.0,0.0,0.0,0.0,0.0,0.0,0.0,-1.375032,1.264263,3.416437,0.987054,0.08198787,-3.76565,0.1787971,0.05571364,0.01613711,0.9821748,20.45196,7.063107,3.158292,0.194715,0.02145235,-0.980625,0.0,0.0,0.0,1.01778,-0.3655824,-2.861634,-0.06171812,-0.077786,1.035908,0.9932712,0.05162181,-0.1036705,-0.01177606,0.9355423,0.3530182,0.1152116,-0.349422,0.9298551,moving,8.176426339364214,-6.747646437125504,-3.4095813837623137,-4.294262826331963,0.0307259999999999,-0.44757027,0.904016,0.1412562863997604,-0.1163184748373705,0.9831158113277229,8.791707870182789,-6.081152108445398,11.77761830636454,11.842916283671768,12.331440822749306
2139,05/05/2023 12:21:57.787746,2337,True,True,True,True,Eyes,0.812667,0.08062979,-3.717242,0.2443743,-0.4459808,0.8610356,0.0,0.0,0.0,0.0,0.0,0.0,0.0,-1.358522,1.285006,3.415453,0.9942158,0.08101273,-3.763923,0.1825671,0.05197983,0.01289933,0.9817337,20.92365,6.563742,2.718848,0.1964191,0.02143217,-0.9802856,0.0,0.0,0.0,1.014971,-0.3655915,-2.861485,-0.06671771,-0.07996514,1.033437,0.9942634,0.04430703,-0.09735071,-0.006347805,0.9330057,0.3598056,0.1067707,-0.3571236,0.9279347,moving,8.05986545396313,-6.252587128633214,-3.693834923746664,-4.424608132775198,0.0207552,-0.44660423,0.902438,0.139389920017219,-0.1078485158536808,0.9843470550381312,8.675646144283089,-5.572828823552674,11.83670211980549,11.894998099128616,12.422659644660476
2140,05/05/2023 12:21:57.803299,2338,True,True,True,True,Eyes,0.8201376,0.08046013,-3.718628,0.2338341,-0.447092,0.8633831,0.0,0.0,0.0,0.0,0.0,0.0,0.0,-1.341661,1.302099,3.415637,1.001273,0.08085011,-3.762048,0.1857606,0.04826989,0.0101728,0.981356,21.32222,6.070864,2.331688,0.1981326,0.0214078,-0.9799411,0.0,0.0,0.0,1.012006,-0.365601,-2.861326,-0.07162073,-0.07460627,1.03206,0.9951331,0.03789957,-0.09096049,-0.002032999,0.930779,0.3655766,0.0985193,-0.3636125,0.926326,moving,7.927665734015884,-5.851524955342685,-3.9697277475443697,-4.134645030961756,0.0107329999999998,-0.44645111,0.900722,0.1372177164613701,-0.1009865708315545,0.9853796379838738,8.544390553702264,-5.161284502663223,11.969490322590516,12.020634273191025,12.556159662191758
2141,05/05/2023 12:21:57.818184,2339,True,True,True,True,Eyes,0.8275464,0.0803079,-3.719898,0.2230945,-0.4485494,0.8654665,0.0,0.0,0.0,0.0,0.0,0.0,0.0,-1.319823,1.321621,3.416812,1.008222,0.0807184,-3.760345,0.1890338,0.04399228,0.008118807,0.980951,21.72496,5.52107,2.008623,0.1998542,0.02137977,-0.9795921,0.0,0.0,0.0,1.009274,-0.3656098,-2.861181,-0.07690193,-0.07214716,1.029924,0.9959975,0.03256036,-0.08323909,0.0007037506,0.9284006,0.3715802,0.089378,-0.3701515,0.9246618,moving,7.826151969187836,-5.484039852960621,-4.270212985506615,-4.007078213335753,0.001052,-0.4463281999999999,0.8991639999999999,0.1355559913473437,-0.0946863463788097,0.98623478533873,8.443461527979958,-4.784058014542975,12.140340135167204,12.186199604556109,12.73739444495467
2142,05/05/2023 12:21:57.838113,2340,True,True,True,True,Eyes,0.8349261,0.08019521,-3.721057,0.2123282,-0.4502735,0.8672777,0.0,0.0,0.0,0.0,0.0,0.0,0.0,-1.294651,1.350658,3.415301,1.014962,0.08102997,-3.758718,0.19364,0.0393095,0.006172948,0.9802654,22.28116,4.926034,1.692247,0.2015824,0.02134898,-0.9792386,0.0,0.0,0.0,1.006375,-0.3656191,-2.861027,-0.08246441,-0.07297552,1.027522,0.9968333,0.02732603,-0.07467682,0.003121528,0.9249309,0.3801225,0.07945814,-0.3791519,0.9219166,moving,7.763718344223795,-4.986913727044713,-4.588473486425993,-4.062375868622446,-0.0085869999999999,-0.44664907,0.897691,0.1345860904851293,-0.0861373341908915,0.9871509723143648,8.380748702581837,-4.273231686088119,12.346185096113429,12.386743449059862,12.97093614060343
2143,05/05/2023 12:21:57.847908,2341,True,True,True,True,Eyes,0.8422789,0.08011384,-3.722112,0.2013195,-0.4521065,0.8689477,0.0,0.0,0.0,0.0,0.0,0.0,0.0,-1.263928,1.381313,3.414793,1.021748,0.08189571,-3.757083,0.1982909,0.03396156,0.004881558,0.9795425,22.83864,4.260661,1.432039,0.2033156,0.02131681,-0.9788809,0.0,0.0,0.0,1.003538,-0.3656283,-2.860875,-0.08700738,-0.07210505,1.025321,0.9976456,0.02303192,-0.06459765,0.003905149,0.9213138,0.3888003,0.06846953,-0.3881372,0.9190547,moving,7.74185086612514,-4.508719503850617,-4.850423496934961,-4.02266674404095,-0.01821,-0.44752401,0.8962080000000001,0.1343006489013456,-0.07789864283812,0.98787401570567,8.358066935033298,-3.781592693053224,12.566072746303323,12.601651515571254,13.210690223809529
2144,05/05/2023 12:21:57.867765,2342,True,True,True,True,Eyes,0.8496014,0.08007146,-3.723072,0.1903059,-0.454123,0.8703769,0.0,0.0,0.0,0.0,0.0,0.0,0.0,-1.232305,1.402993,3.417788,1.028534,0.08256654,-3.755467,0.2017311,0.02840785,0.003241902,0.9790236,23.25443,3.552664,1.110693,0.2050531,0.02128427,-0.9785192,0.0,0.0,0.0,1.000574,-0.3656378,-2.860717,-0.09143049,-0.07623371,1.022212,0.9983649,0.01780929,-0.05431591,0.005113695,0.9185882,0.3951831,0.05693188,-0.3948148,0.9169951,moving,7.757712279880072,-4.179657811043256,-5.111149150444763,-4.26506348529563,-0.0279599999999999,-0.44820434,0.8947499999999997,0.1346318167671561,-0.0722205478627756,0.9882603144606158,8.372926310084267,-3.4430636518963,12.834682407921346,12.869144829478634,13.509107104148288
2145,05/05/2023 12:21:57.887975,2343,True,True,True,True,Eyes,0.8569217,0.08007406,-3.723927,0.1791972,-0.4560105,0.8717469,0.0,0.0,0.0,0.0,0.0,0.0,0.0,-1.202998,1.427659,3.418492,1.035232,0.08347229,-3.754041,0.2055438,0.02323379,0.001865714,0.9783704,23.7101,2.894172,0.8261717,0.2067935,0.02125246,-0.9781535,0.0,0.0,0.0,0.997703,-0.365647,-2.860564,-0.09605572,-0.07770765,1.01929,0.9989134,0.01320184,-0.04469554,0.005900405,0.9154965,0.4022826,0.04622948,-0.4021092,0.9144239,moving,7.718698567839818,-3.8031350563896553,-5.383533220036711,-4.359627368644256,-0.0375289999999999,-0.44911929,0.8934769999999999,0.1340191255154293,-0.0657301264640318,0.9887963868910536,8.333582902722853,-3.0561066846908056,13.081737916834664,13.114044437809438,13.778912907002672
2146,05/05/2023 12:21:57.898164,2344,True,True,True,True,Eyes,0.864211,0.08010677,-3.724687,0.1681177,-0.457851,0.8729885,0.0,0.0,0.0,0.0,0.0,0.0,0.0,-1.17202,1.440197,3.424102,1.042028,0.08454143,-3.75224,0.2072807,0.01804605,0.001738837,0.9781136,23.91779,2.258438,0.682126,0.2085373,0.02122256,-0.9777839,0.0,0.0,0.0,0.9948367,-0.3656563,-2.860412,-0.1018649,-0.0792549,1.016639,0.9993426,0.01088275,-0.03458131,0.004079633,0.9140634,0.4055509,0.03602302,-0.4054253,0.9134181,moving,7.649136601246858,-3.6894188579536937,-5.721808725393779,-4.457634968179676,-0.0471912999999999,-0.4501977299999999,0.8918279999999998,0.1328354169083363,-0.0637777719054106,0.9890840046285804,8.264747038998248,-2.9396421023775563,13.360084533612708,13.392995741058977,14.068690219458029
2147,05/05/2023 12:21:57.918042,2345,True,True,True,True,Eyes,0.8714807,0.08016106,-3.725356,0.1569925,-0.4594945,0.8741957,0.0,0.0,0.0,0.0,0.0,0.0,0.0,-1.139085,1.445851,3.433099,1.048666,0.08529236,-3.750626,0.2078096,0.01272119,0.002166804,0.9780842,23.98236,1.6172,0.5973688,0.2102834,0.02119519,-0.9774105,0.0,0.0,0.0,0.9919989,-0.3656654,-2.86026,-0.1074036,-0.089091,1.013303,0.999667,0.009525805,-0.02398423,0.001048537,0.9136209,0.4065657,0.02578536,-0.4064555,0.9133067,moving,7.577577714043382,-3.714487331901288,-6.05039357134334,-5.024603678026511,-0.0566671,-0.45095776,0.8903660000000002,0.1315962548111287,-0.064221223375857,0.9892209170214622,8.194269812657023,-2.9659224050646404,13.6518591953759,13.690800056815874,14.39265797228311
2148,05/05/2023 12:21:57.938183,2346,True,True,True,True,Eyes,0.8787315,0.08022127,-3.725924,0.1459129,-0.4610561,0.8752924,0.0,0.0,0.0,0.0,0.0,0.0,0.0,-1.104996,1.455076,3.440583,1.055379,0.08585346,-3.748957,0.2087726,0.007273308,0.002752821,0.9779334,24.09754,0.9650711,0.5285628,0.212031,0.02117072,-0.9770333,0.0,0.0,0.0,0.9890063,-0.365675,-2.860101,-0.1114122,-0.09648278,1.010202,0.9998791,0.008421086,-0.01307619,-0.002347217,0.9128128,0.4083714,0.01537505,-0.4082913,0.9127222,moving,7.51775051486673,-3.687039898542234,-6.293548194123357,-5.455679934899315,-0.0663727,-0.4515284599999999,0.8888560000000001,0.1305671672063263,-0.0637560857957312,0.9893874183569864,8.135232881607676,-2.938111720419621,13.88021565621267,13.924082002313703,14.646770055064444
2149,05/05/2023 12:21:57.948817,2347,True,True,True,True,Eyes,0.8859415,0.08028038,-3.726408,0.1349063,-0.4623721,0.8763632,0.0,0.0,0.0,0.0,0.0,0.0,0.0,-1.070567,1.457844,3.450304,1.062263,0.08605603,-3.747027,0.2085976,0.001894796,0.004020568,0.9779915,24.07914,0.3378558,0.5431461,0.2137804,0.02114906,-0.9766526,0.0,0.0,0.0,0.986199,-0.3656841,-2.859951,-0.1146503,-0.09069833,1.008545,0.9999605,0.008654661,-0.002028827,-0.007073661,0.9129417,0.4080286,0.00538355,-0.4079981,0.9129669,moving,7.434870268348608,-3.786840968993347,-6.485480539181427,-5.138779187335734,-0.0760639999999999,-0.45174013,0.887076,0.1291213064443177,-0.0654918660846438,0.989463809672291,8.053772174710163,-3.041328560942883,13.943819630785104,13.985846543949956,14.689764076000667
2150,05/05/2023 12:21:57.968239,2348,True,True,True,True,Eyes,0.8931478,0.08032941,-3.726799,0.1239845,-0.4636226,0.8773152,0.0,0.0,0.0,0.0,0.0,0.0,0.0,-1.035824,1.462718,3.459183,1.069293,0.08609206,-3.745347,0.2084679,-0.003378905,0.006094542,0.9780045,24.0671,359.7447,0.659663,0.2155303,0.02112994,-0.9762683,0.0,0.0,0.0,0.9832993,-0.3656934,-2.859797,-0.1186936,-0.09070286,1.005864,0.9999029,0.01051219,0.009150201,-0.01332976,0.913008,0.4077239,-0.004068135,-0.4078063,0.9130594,moving,7.3202260690982195,-3.887151274230161,-6.7298745449284665,-5.152658267170469,-0.0859937,-0.4517854599999999,0.8855500000000003,0.1271263784753696,-0.0672415318674339,0.9896047149796264,7.941002628514209,-3.1452906223908044,14.06326324928764,14.106978245303065,14.807571100607609
2151,05/05/2023 12:21:57.988256,2349,True,True,True,True,Eyes,0.9003599,0.08037343,-3.7271,0.1131347,-0.464619,0.8782538,0.0,0.0,0.0,0.0,0.0,0.0,0.0,-1.001537,1.467308,3.467413,1.076475,0.08592243,-3.743373,0.2082088,-0.008529796,0.008530264,0.9780099,24.042,359.1761,0.8239993,0.2172806,0.0211129,-0.9758806,0.0,0.0,0.0,0.9803283,-0.365703,-2.859638,-0.1235273,-0.09013191,1.003518,0.999709,0.01313341,0.0202366,-0.02023732,0.9131526,0.4071151,-0.0131323,-0.4074062,0.9131526,moving,7.184842364166704,-3.988183828693463,-7.017479937451357,-5.132303119753338,-0.0961467,-0.45162543,0.8837350000000002,0.1247726166644164,-0.0690072301537163,0.9897827079903732,7.80779165035332,-3.2501400970907306,14.203170067102644,14.24833210278358,14.944270316614562
2152,05/05/2023 12:21:58.008138,2350,True,True,True,True,Eyes,0.9075732,0.08039138,-3.727315,0.1023601,-0.4655167,0.8791,0.0,0.0,0.0,0.0,0.0,0.0,0.0,-0.9702335,1.465688,3.477156,1.083756,0.08583281,-3.741432,0.2073274,-0.01343068,0.01021045,0.9781262,23.94497,358.6182,0.903113,0.2190321,0.02109762,-0.9754893,0.0,0.0,0.0,0.9773714,-0.3657125,-2.859481,-0.1277676,-0.09654662,1.000028,0.9994307,0.01440513,0.03050761,-0.02554332,0.9138222,0.4053105,-0.02203998,-0.405859,0.9136699,moving,7.049752054350388,-4.143179746544558,-7.280893353916841,-5.514468393293992,-0.1063845999999999,-0.45154531,0.8819509999999999,0.1224152433656603,-0.0717057434689401,0.9898853431565664,7.674997029770245,-3.410485316002475,14.34442405604178,14.396104694332925,15.103158674873049
2153,05/05/2023 12:21:58.018072,2351,True,True,True,True,Eyes,0.9147724,0.08037166,-3.727458,0.09159414,-0.4662498,0.8798987,0.0,0.0,0.0,0.0,0.0,0.0,0.0,-0.9400522,1.464248,3.486211,1.091106,0.08521367,-3.739467,0.2065606,-0.01827521,0.01139138,0.9781969,23.86169,358.0545,0.9232719,0.2207848,0.02108329,-0.9750944,0.0,0.0,0.0,0.9745525,-0.3657216,-2.859331,-0.1294876,-0.09875676,0.9977449,0.9990725,0.01473614,0.04045953,-0.0298359,0.914406,0.4036975,-0.03104749,-0.4045302,0.9139975,moving,6.924888450130193,-4.266823403984766,-7.394531265661707,-5.652722530999972,-0.1165534999999998,-0.45093527,0.8801359999999998,0.1202387410745941,-0.0738615254752061,0.989993537829082,7.552209096959317,-3.538515469387125,14.331666760802674,14.386330226547395,15.095526455442954
2154,05/05/2023 12:21:58.038294,2352,True,True,True,True,Eyes,0.9219834,0.08030442,-3.727539,0.08085699,-0.4670397,0.8805317,0.0,0.0,0.0,0.0,0.0,0.0,0.0,-0.9079461,1.465979,3.494436,1.098463,0.08426463,-3.737757,0.2062614,-0.02342152,0.01227683,0.9781396,23.83348,357.4464,0.8991944,0.2225385,0.02106888,-0.974696,0.0,0.0,0.0,0.9717198,-0.3657307,-2.85918,-0.1302382,-0.09113973,0.9966832,0.9986014,0.014355,0.05088349,-0.03367881,0.914611,0.4029298,-0.04075455,-0.4040799,0.9138153,moving,6.844813007890982,-4.3372137201813725,-7.444749871676602,-5.224769042615662,-0.1267431999999999,-0.44999533,0.8785770000000004,0.1188440861679428,-0.0750904153775536,0.9900694529244772,7.4734438118516495,-3.611465713201487,14.267049876386736,14.31710032581658,15.005174121347643
2155,05/05/2023 12:21:58.048290,2353,True,True,True,True,Eyes,0.9292042,0.08018542,-3.727567,0.07014947,-0.4678541,0.8810174,0.0,0.0,0.0,0.0,0.0,0.0,0.0,-0.8767896,1.478304,3.497905,1.106009,0.0830628,-3.736219,0.2076206,-0.02858523,0.0124146,0.9777128,23.99747,356.816,0.7780928,0.2242937,0.02105317,-0.9742939,0.0,0.0,0.0,0.9688363,-0.3657399,-2.859026,-0.1313433,-0.08548695,0.995683,0.9980575,0.01240607,0.06105134,-0.03614559,0.9134791,0.4052768,-0.05074123,-0.4066963,0.9121532,moving,6.79461710791425,-4.20740237376087,-7.514657805532607,-4.907243613531419,-0.1371727,-0.4488027,0.8771930000000001,0.1179962821603376,-0.0728545083206697,0.990337904022936,7.423659344235631,-3.4783132742954668,14.280970806191682,14.326378687912836,15.00650396266395
2156,05/05/2023 12:21:58.068471,2354,True,True,True,True,Eyes,0.9364482,0.08002294,-3.727535,0.05948607,-0.4687811,0.8813092,0.0,0.0,0.0,0.0,0.0,0.0,0.0,-0.8463603,1.496424,3.498604,1.113686,0.08168301,-3.734819,0.2098614,-0.03372383,0.01219858,0.9770732,24.26282,356.1772,0.6085684,0.22605,0.02103497,-0.9738883,0.0,0.0,0.0,0.9658513,-0.3657496,-2.858867,-0.1317769,-0.07955965,0.9950358,0.9974278,0.009683141,0.07102132,-0.03799247,0.9116188,0.4092772,-0.06078127,-0.4109227,0.9096417,moving,6.757374931661575,-3.978932879387232,-7.544028074416406,-4.571448743024426,-0.1478346999999999,-0.44743261,0.8759519999999998,0.1173855301091644,-0.0689099506465898,0.9906928253847253,7.386411018418746,-3.2436070492351807,14.273779781098591,14.313671890570848,14.989368734827536
2157,05/05/2023 12:21:58.088367,2355,True,True,True,True,Eyes,0.9436882,0.07983416,-3.727449,0.0488337,-0.4696306,0.8815114,0.0,0.0,0.0,0.0,0.0,0.0,0.0,-0.817393,1.514595,3.498463,1.121559,0.08048584,-3.733229,0.2121075,-0.03865921,0.01214543,0.9764059,24.52846,355.5655,0.460883,0.2278083,0.02101344,-0.973479,0.0,0.0,0.0,0.9631392,-0.3657583,-2.858722,-0.1310761,-0.07130131,0.9950042,0.9967159,0.007317927,0.08064643,-0.04011756,0.9097258,0.413267,-0.07034188,-0.4151451,0.9070317,moving,6.694365789947564,-3.7462749921197953,-7.504602403455497,-4.098769548854651,-0.1584198,-0.44624414,0.8745069999999999,0.1163273492518777,-0.0648946678449965,0.991088597928222,7.32375407324462,-3.004773022189449,14.17017886572166,14.203342922347524,14.868657780729563
2158,05/05/2023 12:21:58.101488,2356,True,True,True,True,Eyes,0.95096,0.07962236,-3.72731,0.03823919,-0.4705005,0.8815707,0.0,0.0,0.0,0.0,0.0,0.0,0.0,-0.7890404,1.528233,3.499859,1.129515,0.07964803,-3.731614,0.21369,-0.04346409,0.01238756,0.9758556,24.71708,354.9769,0.3532985,0.2295683,0.02098824,-0.973066,0.0,0.0,0.0,0.9602482,-0.3657676,-2.858568,-0.1297078,-0.06333575,0.9953281,0.9959149,0.005601258,0.09012353,-0.04275262,0.9083663,0.4159842,-0.07953515,-0.4181379,0.9048949,moving,6.610633025874256,-3.5958037484108547,-7.424751259892576,-3.6409954350234903,-0.1692668,-0.44541563,0.873046,0.1148978495951091,-0.0623020629683949,0.9914216017209316,7.240863308916273,-2.8506070996818083,14.0077376729156,14.03545704057012,14.686897711957505
2159,05/05/2023 12:21:58.118348,2357,True,True,True,True,Eyes,0.9582667,0.07939582,-3.727119,0.02767437,-0.4712585,0.8815609,0.0,0.0,0.0,0.0,0.0,0.0,0.0,-0.759764,1.537507,3.503255,1.137609,0.07888429,-3.730092,0.2145877,-0.04835144,0.01289984,0.975422,24.82666,354.3857,0.2786778,0.2313307,0.02095917,-0.9726491,0.0,0.0,0.0,0.9573591,-0.3657769,-2.858414,-0.1277677,-0.05770668,0.9955539,0.9949915,0.004414322,0.09986239,-0.0459168,0.9075715,0.4173796,-0.08878981,-0.4198745,0.9032285,moving,6.528773681065659,-3.521484029367769,-7.313266481428137,-3.317403197994904,-0.1802499,-0.44466119,0.8716780000000002,0.1134902500037186,-0.0610259589317778,0.9916631789456072,7.15999862992581,-2.7747449759080807,13.819195931814486,13.843544518866008,14.483434707607646
2160,05/05/2023 12:21:58.137916,2358,True,True,True,True,Eyes,0.9656191,0.07915063,-3.726892,0.01717197,-0.4720796,0.8813887,0.0,0.0,0.0,0.0,0.0,0.0,0.0,-0.7312249,1.544153,3.507401,1.145836,0.07826989,-3.728524,0.2151533,-0.05316038,0.01336954,0.9750407,24.89697,353.8031,0.2019069,0.2330965,0.02092625,-0.9722282,0.0,0.0,0.0,0.9544193,-0.3657863,-2.858258,-0.1266934,-0.05141333,0.9960411,0.9939905,0.003196442,0.1094201,-0.04894696,0.9070606,0.418145,-0.09791405,-0.4209879,0.9017661,moving,6.442551006751699,-3.490334052933864,-7.24892262825828,-2.954852741869593,-0.1914167000000001,-0.44405619,0.870266,0.1120014107546921,-0.060497097737901,0.9918648350111928,7.074934696196991,-2.7433105369619795,13.680521611943051,13.70194112279981,14.325419322163247
2161,05/05/2023 12:21:58.148209,2359,True,True,True,True,Eyes,0.9730329,0.0788821,-3.726631,0.006678635,-0.4728462,0.8811196,0.0,0.0,0.0,0.0,0.0,0.0,0.0,-0.7019165,1.557487,3.508977,1.154344,0.07758835,-3.72731,0.2165694,-0.05804595,0.01407231,0.9744385,25.06846,353.2141,0.1444246,0.2348662,0.02088939,-0.971803,0.0,0.0,0.0,0.9515268,-0.3657957,-2.858104,-0.1262628,-0.04938814,0.9960381,0.9928653,0.002283241,0.1192197,-0.05256715,0.9057993,0.4204335,-0.1070291,-0.4237008,0.8994567,moving,6.360624878162548,-3.357276013244602,-7.224567586315048,-2.83866280385944,-0.2028172,-0.44338405,0.8692060000000001,0.1105981506575578,-0.0582027262346059,0.9921594500149918,6.99386578129622,-2.6070403574273024,13.575456789020729,13.595087861350793,14.22031984123046
2162,05/05/2023 12:21:58.168176,2360,True,True,True,True,Eyes,0.9805043,0.0786045,-3.726342,-0.003728819,-0.4737327,0.8806608,0.0,0.0,0.0,0.0,0.0,0.0,0.0,-0.6725354,1.574912,3.50859,1.163003,0.07675427,-3.726176,0.2184595,-0.06288239,0.0151049,0.9737007,25.29811,352.6375,0.1229953,0.2366408,0.02084839,-0.9713732,0.0,0.0,0.0,0.9486278,-0.365805,-2.857949,-0.1257123,-0.04930487,0.9960598,0.9916353,0.001940799,0.1290569,-0.05688981,0.9040946,0.4235286,-0.1158576,-0.4273279,0.8966426,moving,6.2694430273829145,-3.177673082797716,-7.193244397863065,-2.8338228970961987,-0.2143752,-0.44255927,0.8682270000000001,0.1090382874673802,-0.0551019176363246,0.9925091688926836,6.903563735587428,-2.422966346515272,13.448795821573375,13.467077844138393,14.102794143589817
2163,05/05/2023 12:21:58.187830,2361,True,True,True,True,Eyes,0.9880444,0.07835246,-3.726014,-0.01420246,-0.4745623,0.8801073,0.0,0.0,0.0,0.0,0.0,0.0,0.0,-0.6421794,1.594165,3.507358,1.171911,0.07629935,-3.725066,0.2205132,-0.06774972,0.0167163,0.9728848,25.55217,352.071,0.1680822,0.2384215,0.02080343,-0.9709387,0.0,0.0,0.0,0.9458188,-0.365814,-2.857799,-0.1250031,-0.04810736,0.996107,0.9902611,0.002646649,0.1391976,-0.06240546,0.902189,0.4268026,-0.124453,-0.4313328,0.8935679,moving,6.161530208215634,-2.9764561213255853,-7.152750138762922,-2.764972715513322,-0.2260921999999999,-0.4421133499999999,0.867267,0.1071887005575394,-0.0516264361678265,0.9928973962731632,6.796718880871357,-2.2167803917647517,13.299464845146764,13.315959837310768,13.96023641467269
2164,05/05/2023 12:21:58.198203,2362,True,True,True,True,Eyes,0.9956433,0.07812622,-3.725644,-0.0246697,-0.47528,0.8794888,0.0,0.0,0.0,0.0,0.0,0.0,0.0,-0.604302,1.611666,3.507664,1.180963,0.07668734,-3.723681,0.2220995,-0.07334252,0.01966506,0.9720629,25.76454,351.4526,0.3596275,0.2402092,0.02075559,-0.970499,0.0,0.0,0.0,0.9429271,-0.3658233,-2.857645,-0.1250461,-0.04880223,0.9956994,0.9884683,0.005652669,0.1513222,-0.07081001,0.9005702,0.4289047,-0.1338519,-0.4346739,0.8905854,moving,6.092977066902472,-2.827969228811281,-7.158083799705003,-2.8059934364614176,-0.2380358999999999,-0.44251064,0.8660359999999998,0.1060143937508885,-0.0490593059422731,0.9931537416944188,6.728795495100062,-2.0645493894353937,13.235221026067489,13.251079089115176,13.906658686519776
2165,05/05/2023 12:21:58.219854,2363,True,True,True,True,Eyes,1.003321,0.07789707,-3.725247,-0.03532648,-0.4756799,0.8789088,0.0,0.0,0.0,0.0,0.0,0.0,0.0,-0.5665991,1.606215,3.517917,1.190039,0.0770722,-3.722172,0.2207808,-0.0791828,0.02132688,0.9718699,25.62746,350.7781,0.4124131,0.2420049,0.02070582,-0.9700538,0.0,0.0,0.0,0.9400365,-0.3658327,-2.857491,-0.1258711,-0.04888785,0.9954888,0.9865505,0.006489818,0.1633279,-0.07641799,0.9016019,0.4257631,-0.1444936,-0.4325179,0.8899718,moving,6.070654553672008,-2.9956313449734804,-7.206323255310531,-2.8115021674948526,-0.2500025,-0.4429049,0.864681,0.1056118844539892,-0.0519675464866812,0.993048594050096,6.707187041421591,-2.23713457759416,13.261433565298148,13.278254527392289,13.925360566448507
2166,05/05/2023 12:21:58.237930,2364,True,True,True,True,Eyes,1.011069,0.07767951,-3.724821,-0.04600599,-0.4760653,0.8782057,0.0,0.0,0.0,0.0,0.0,0.0,0.0,-0.5273084,1.606502,3.525891,1.199391,0.07673194,-3.721073,0.2202915,-0.0853589,0.02241581,0.9714335,25.58336,350.0425,0.3775409,0.243809,0.02065426,-0.9696031,0.0,0.0,0.0,0.9370837,-0.3658421,-2.857334,-0.1273539,-0.04898915,0.9949712,0.9844228,0.005943259,0.175717,-0.08115862,0.9019384,0.4241703,-0.155965,-0.4318238,0.8883711,moving,6.104791077440513,-3.063414679361097,-7.294059560934705,-2.818781726653193,-0.2623073000000001,-0.44257404,0.8637390000000003,0.106196960828529,-0.0531389974358354,0.992924178854941,6.7409954666051535,-2.306607252790961,13.38368771582861,13.401083676741916,14.044397185986584
2167,05/05/2023 12:21:58.248164,2365,True,True,True,True,Eyes,1.018879,0.07746283,-3.72437,-0.05668677,-0.4761785,0.8775196,0.0,0.0,0.0,0.0,0.0,0.0,0.0,-0.4868411,1.608999,3.532465,1.208891,0.07678984,-3.719796,0.2201294,-0.09164805,0.02372924,0.970866,25.58069,349.2973,0.3637924,0.2456228,0.02060138,-0.9691463,0.0,0.0,0.0,0.9342681,-0.3658512,-2.857184,-0.1289334,-0.05054545,0.9945258,0.9820752,0.005726965,0.1884029,-0.08642469,0.9019599,0.4230829,-0.1675089,-0.4317819,0.8862873,moving,6.147128555570309,-3.0747603440197007,-7.386801751885568,-2.909478347373071,-0.2746228999999999,-0.44264104,0.8626119999999999,0.1069295348479703,-0.0533314039194277,0.9928352522310148,6.78275466739495,-2.317980286082915,13.51673742166208,13.53493951613705,14.18189687861549
2168,05/05/2023 12:21:58.268632,2366,True,True,True,True,Eyes,1.026778,0.07724765,-3.723898,-0.06735803,-0.4762896,0.8767047,0.0,0.0,0.0,0.0,0.0,0.0,0.0,-0.4446317,1.605348,3.541669,1.218711,0.07655775,-3.718486,0.218924,-0.09805221,0.02573305,0.9704617,25.4651,348.5618,0.4451156,0.2474465,0.02054735,-0.9686834,0.0,0.0,0.0,0.9312546,-0.3658609,-2.857023,-0.1306464,-0.05145565,0.9939876,0.9794472,0.007013906,0.201579,-0.09287785,0.9028201,0.4198684,-0.1790446,-0.4299611,0.884916,moving,6.175696317594494,-3.208582984467028,-7.487843188961476,-2.963379292788094,-0.2874564,-0.4424186499999999,0.8614630000000001,0.1074109561650717,-0.0556472636729841,0.9926561775444434,6.811229519568658,-2.4554089026108845,13.646226023003411,13.665739522529645,14.308092613661966
2169,05/05/2023 12:21:58.288525,2367,True,True,True,True,Eyes,1.034774,0.07706294,-3.723395,-0.07807259,-0.47624,0.8758425,0.0,0.0,0.0,0.0,0.0,0.0,0.0,-0.4059185,1.608081,3.547393,1.228812,0.07638695,-3.717375,0.2186932,-0.1040634,0.02747159,0.9698399,25.462,347.8626,0.4930964,0.2492812,0.0204923,-0.9682141,0.0,0.0,0.0,0.9284616,-0.3658699,-2.856874,-0.1314028,-0.05103889,0.9937825,0.9768323,0.007770153,0.2138654,-0.09880201,0.9028372,0.4184771,-0.189834,-0.4299123,0.8826882,moving,6.1720976949784525,-3.2135296013638515,-7.532235570000206,-2.9400255381967746,-0.3003504,-0.44225685,0.8605010000000002,0.1073480896004617,-0.0557333429335434,0.9926581152945568,6.80769397785016,-2.4605212696273724,13.687621610587694,13.7070622202633,14.347944235356096
2170,05/05/2023 12:21:58.298373,2368,True,True,True,True,Eyes,1.04286,0.0768863,-3.722872,-0.08871665,-0.4760824,0.8749143,0.0,0.0,0.0,0.0,0.0,0.0,0.0,-0.3731737,1.613502,3.5507,1.239038,0.07690855,-3.716045,0.2190347,-0.1093688,0.02888638,0.9691377,25.52267,347.2388,0.5129324,0.251128,0.02043713,-0.9677378,0.0,0.0,0.0,0.9254967,-0.3658794,-2.856716,-0.132036,-0.0471327,0.9939836,0.9744081,0.008078638,0.2246411,-0.1039009,0.9023788,0.418231,-0.1993326,-0.4308681,0.8801246,moving,6.108256679568907,-3.140389776611608,-7.566598551179236,-2.714816940701172,-0.3135413000000001,-0.44278795,0.8593289999999998,0.1062493806431335,-0.0544726093275474,0.9928463787854952,6.744592922784811,-2.385746938965549,13.66395405685915,13.681475717940105,14.314974274182386
2171,05/05/2023 12:21:58.318141,2369,True,True,True,True,Eyes,1.051067,0.07668352,-3.722341,-0.09950793,-0.4758003,0.8739063,0.0,0.0,0.0,0.0,0.0,0.0,0.0,-0.3448672,1.605177,3.559762,1.249301,0.07690008,-3.714938,0.217539,-0.1142358,0.02961918,0.968891,25.36038,346.6611,0.4878541,0.2529879,0.02038206,-0.9672545,0.0,0.0,0.0,0.9227434,-0.3658883,-2.85657,-0.1324106,-0.04131266,0.994415,0.9721457,0.007694023,0.2342507,-0.107097,0.903599,0.414776,-0.2084774,-0.4283103,0.8792539,moving,5.997485619148844,-3.2740536762288097,-7.58456257287525,-2.378967191874649,-0.3265576,-0.44278838,0.858368,0.1043161333460571,-0.0568003306306855,0.9929208636928916,6.635719759314652,-2.52398398163745,13.595222966909876,13.61151030947479,14.221021745166745
2172,05/05/2023 12:21:58.338109,2370,True,True,True,True,Eyes,1.059361,0.07648221,-3.721817,-0.110104,-0.4757419,0.8726665,0.0,0.0,0.0,0.0,0.0,0.0,0.0,-0.3227548,1.612631,3.561468,1.25963,0.07602181,-3.714345,0.2183156,-0.1184593,0.02942115,0.9682149,25.45,346.1245,0.3330668,0.254862,0.02032638,-0.9667636,0.0,0.0,0.0,0.9198402,-0.3658977,-2.856415,-0.1336111,-0.03563577,0.9948015,0.9702036,0.00524899,0.2422343,-0.108695,0.9029454,0.4157824,-0.2165419,-0.4297233,0.8766114,moving,5.867178250300264,-3.1556888965496595,-7.64957874199033,-2.051571640422357,-0.3397898,-0.4419195099999999,0.8579299999999996,0.1020693195417225,-0.0547618147318263,0.9932688780533836,6.506995604245788,-2.4031622462038325,13.547922803329042,13.561776967046567,14.160939699560348
2173,05/05/2023 12:21:58.348234,2371,True,True,True,True,Eyes,1.067733,0.07630986,-3.721281,-0.1206579,-0.4754952,0.8714045,0.0,0.0,0.0,0.0,0.0,0.0,0.0,-0.3044137,1.638678,3.554419,1.270041,0.0758947,-3.713901,0.2216016,-0.122007,0.03006335,0.9670075,25.84363,345.6775,0.25905,0.2567509,0.02027018,-0.9662648,0.0,0.0,0.0,0.9169825,-0.3659068,-2.856263,-0.1352701,-0.03150836,0.9953083,0.968421,0.004069082,0.2492875,-0.1122169,0.8999779,0.4212449,-0.2226392,-0.4359166,0.872014,moving,5.656149739370445,-2.7255386154268426,-7.739520276582116,-1.8132003375977184,-0.3530584999999999,-0.4418014999999999,0.8576379999999997,0.0984477544904031,-0.0473206841601026,0.9940164028637136,6.297969161561418,-1.9622524220639532,13.416389128319796,13.42670236169264,14.038280744089535
2174,05/05/2023 12:21:58.368013,2372,True,True,True,True,Eyes,1.07618,0.07611919,-3.720753,-0.1310474,-0.4751341,0.8701001,0.0,0.0,0.0,0.0,0.0,0.0,0.0,-0.2843099,1.640977,3.55774,1.280316,0.07639318,-3.712965,0.2214904,-0.1255969,0.03162834,0.9665232,25.85506,345.2726,0.3503112,0.2586546,0.02021423,-0.9657581,0.0,0.0,0.0,0.9140245,-0.3659164,-2.856105,-0.1371503,-0.02863765,0.9960227,0.9664502,0.005502031,0.2567954,-0.1167761,0.8998833,0.4202065,-0.2287739,-0.4360962,0.8703349,moving,5.409610139399147,-2.6852124477091053,-7.84020836840694,-1.646914836492807,-0.3662915,-0.44230958,0.8568600000000002,0.0941727012236993,-0.0466404434248264,0.994462764225462,6.054857642417335,-1.922498842201572,13.281163998793357,13.290438383261035,13.897798602273904
2175,05/05/2023 12:21:58.388117,2373,True,True,True,True,Eyes,1.084726,0.07592679,-3.720232,-0.141455,-0.4747295,0.86869,0.0,0.0,0.0,0.0,0.0,0.0,0.0,-0.2663526,1.632801,3.566195,1.290589,0.07573938,-3.712597,0.2199649,-0.1291105,0.03214054,0.9663919,25.68631,344.8578,0.3383127,0.260573,0.02015804,-0.9652435,0.0,0.0,0.0,0.9111421,-0.3659256,-2.855952,-0.1392264,-0.02656281,0.9968374,0.9645949,0.005321144,0.2636823,-0.1189203,0.9011649,0.4168451,-0.2354031,-0.4334438,0.8698918,moving,5.174708929583593,-2.8130985699881896,-7.950959441676136,-1.526404238676591,-0.3794469,-0.44166498,0.8566450000000003,0.0900851674520179,-0.0488785586841451,0.9947338741599944,5.823614560973337,-2.055659441599317,13.179327931564258,13.18858417323548,13.784737938179584
2176,05/05/2023 12:21:58.397960,2374,True,True,True,True,Eyes,1.093338,0.07574334,-3.719706,-0.1516423,-0.4742773,0.8672172,0.0,0.0,0.0,0.0,0.0,0.0,0.0,-0.250059,1.651541,3.562232,1.30106,0.07548081,-3.712299,0.2222288,-0.1324015,0.03266893,0.9654103,25.95945,344.4439,0.2696212,0.2625068,0.02010156,-0.9647204,0.0,0.0,0.0,0.9083229,-0.3659347,-2.855801,-0.1413773,-0.02239859,0.9981374,0.9628052,0.004230971,0.2701635,-0.1219247,0.8990942,0.4204332,-0.2411236,-0.4377349,0.8661684,moving,4.954398267858512,-2.492374077061582,-8.061811284648044,-1.2855237372380703,-0.3927371,-0.44141551,0.8564979999999998,0.086281755029073,-0.0433242459583948,0.9953283301914294,5.605696453918913,-1.7273516136815583,13.065120326393082,13.072038817931006,13.67464733205907
2177,05/05/2023 12:21:58.418404,2375,True,True,True,True,Eyes,1.102043,0.07559058,-3.719177,-0.1619122,-0.4735926,0.8657334,0.0,0.0,0.0,0.0,0.0,0.0,0.0,-0.2369003,1.649044,3.567294,1.31127,0.07550706,-3.711592,0.2215634,-0.1352362,0.03339898,0.9651452,25.89449,344.1138,0.289344,0.2644559,0.02004502,-0.9641892,0.0,0.0,0.0,0.9054307,-0.365944,-2.855647,-0.1439295,-0.01689386,0.9995726,0.9611914,0.004542966,0.275845,-0.1243965,0.8995883,0.4186481,-0.2462451,-0.4367151,0.8652417,moving,4.652076911124831,-2.499041671341726,-8.193760492222614,-0.9682685678772772,-0.4058392999999999,-0.44145106,0.8559450000000002,0.0810282420417476,-0.043459299528335,0.9957637995203936,5.3077110434598325,-1.7363170394384486,12.930736144164014,12.9367231124242,13.523299600449247
2178,05/05/2023 12:21:58.438036,2376,True,True,True,True,Eyes,1.110811,0.0755178,-3.718644,-0.1719584,-0.4729989,0.8641194,0.0,0.0,0.0,0.0,0.0,0.0,0.0,-0.223215,1.646654,3.572656,1.321535,0.07605069,-3.71119,0.2207762,-0.1379401,0.03502994,0.9648852,25.83056,343.8259,0.4259863,0.2664199,0.01998923,-0.9636495,0.0,0.0,0.0,0.9023087,-0.3659541,-2.855481,-0.1471029,-0.01103014,1.001345,0.9594908,0.00669196,0.2816603,-0.1285075,0.9000616,0.4163832,-0.2507252,-0.4357114,0.8644608,moving,4.318610307978264,-2.518954417314736,-8.35727657989183,-0.6311060726817672,-0.4192262999999999,-0.44200479,0.855709,0.0752302691280243,-0.0438253411227323,0.996202657229206,4.9790566685193,-1.759121429214201,12.810348592457954,12.815696616509396,13.383953196169251
2179,05/05/2023 12:21:58.447828,2377,True,True,True,True,Eyes,1.119652,0.07546829,-3.718095,-0.1822206,-0.4720661,0.8625249,0.0,0.0,0.0,0.0,0.0,0.0,0.0,-0.1986324,1.653014,3.574279,1.331839,0.07795805,-3.710459,0.220951,-0.1415962,0.03880075,0.9641711,25.91626,343.4703,0.7803406,0.2683996,0.01993615,-0.9631011,0.0,0.0,0.0,0.8996581,-0.3659626,-2.85534,-0.1491635,-0.006282419,1.003394,0.95689,0.01224947,0.290192,-0.1373927,0.8993503,0.415081,-0.2558998,-0.4370571,0.8622623,moving,4.026086948401025,-2.384298219583615,-8.455605225504081,-0.3587338475706592,-0.4321809,-0.44392065,0.8551190000000002,0.070150174561859,-0.0414993552390892,0.99667281967417,4.690396235224078,-1.62267625059705,12.640504186616464,12.6449812395785,13.206623520174832
2180,05/05/2023 12:21:58.467715,2378,True,True,True,True,Eyes,1.128564,0.0754528,-3.717564,-0.1923416,-0.4713851,0.8606979,0.0,0.0,0.0,0.0,0.0,0.0,0.0,-0.163262,1.630354,3.589395,1.342284,0.07838948,-3.709527,0.2171934,-0.1469596,0.04128405,0.9641192,25.52689,342.8932,1.001235,0.2703941,0.01988609,-0.9625441,0.0,0.0,0.0,0.8967586,-0.3659719,-2.855185,-0.1506077,-0.007906377,1.005596,0.953397,0.01576821,0.3013063,-0.1434427,0.9022453,0.4066663,-0.2654398,-0.4309347,0.8624599,moving,3.933636498749273,-2.740384266393077,-8.517854116331522,-0.4504718587541837,-0.4455254,-0.44436138,0.8543419999999999,0.0685229079233482,-0.0476981202888626,0.9965086949282568,4.600105975698972,-1.9895321669620265,12.654489256879588,12.660304789858088,13.207936387203167
2181,05/05/2023 12:21:58.488394,2379,True,True,True,True,Eyes,1.137553,0.07550465,-3.716989,-0.2026729,-0.4706785,0.8587114,0.0,0.0,0.0,0.0,0.0,0.0,0.0,-0.1377301,1.65489,3.58303,1.352949,0.07923264,-3.709311,0.2202697,-0.1512722,0.04237527,0.9627057,25.90818,342.359,0.952226,0.2724031,0.01983961,-0.9619784,0.0,0.0,0.0,0.893923,-0.3659811,-2.855034,-0.1511633,-0.007160485,1.00818,0.9506421,0.01494845,0.3099293,-0.1482312,0.8993711,0.4112895,-0.2725933,-0.4369303,0.8571959,moving,3.8122882478058,-2.3028847749846104,-8.52722510916161,-0.4069299842382591,-0.4590259999999999,-0.44521374,0.8542770000000002,0.0664344315530269,-0.0400933265989509,0.9969848618274382,4.479460926257646,-1.5404387744469537,12.480273238609833,12.484319543144156,13.055984214200423
2182,05/05/2023 12:21:58.505597,2380,True,True,True,True,Eyes,1.146574,0.07559757,-3.716394,-0.212928,-0.4696265,0.8568037,0.0,0.0,0.0,0.0,0.0,0.0,0.0,-0.1101203,1.662501,3.582816,1.363303,0.08087665,-3.707757,0.220995,-0.1556706,0.04445658,0.9617441,26.03514,341.8577,1.0654,0.2744272,0.01979809,-0.9614038,0.0,0.0,0.0,0.8910002,-0.3659905,-2.854878,-0.1517755,-0.005964279,1.011,0.9475806,0.01670687,0.3190798,-0.1543165,0.8983697,0.41124,-0.2797812,-0.4389223,0.8538558,moving,3.6590660565939337,-2.1068262513141907,-8.537721360120754,-0.3380059844340311,-0.4723027999999999,-0.44686715,0.8528790000000002,0.0637763827125098,-0.0366879271908458,0.9972895928598106,4.327966334825191,-1.3398739009998386,12.321082604937049,12.324380245069356,12.904637119505818
2183,05/05/2023 12:21:58.517965,2381,True,True,True,True,Eyes,1.155619,0.07571567,-3.715803,-0.2236718,-0.4684344,0.8547164,0.0,0.0,0.0,0.0,0.0,0.0,0.0,-0.08393431,1.62456,3.603533,1.373165,0.0818869,-3.70667,0.2155781,-0.1601317,0.04531331,0.9622011,25.42765,341.3625,1.152129,0.276465,0.01976207,-0.9608205,0.0,0.0,0.0,0.888036,-0.366,-2.85472,-0.152866,-0.006169587,1.013849,0.9446091,0.01815928,0.3276948,-0.1562428,0.9029457,0.4003466,-0.2886206,-0.429371,0.8557679,moving,3.460519098656543,-2.632200364472127,-8.574348969715293,-0.3486583634792466,-0.4851289999999999,-0.4478869,0.85195,0.0602972843344966,-0.0458408433082286,0.9971272938969404,4.133494605699426,-1.881571387771212,12.244653928745164,12.24959646247233,12.79996526078306
2184,05/05/2023 12:21:58.538199,2382,True,True,True,True,Eyes,1.164671,0.07586303,-3.715199,-0.2344381,-0.4672061,0.8525006,0.0,0.0,0.0,0.0,0.0,0.0,0.0,-0.0483793,1.622341,3.608263,1.38285,0.08253917,-3.70605,0.2150428,-0.1656733,0.0461714,0.9613414,25.38874,340.6942,1.111158,0.2785154,0.01973164,-0.9602288,0.0,0.0,0.0,0.8852341,-0.366009,-2.854571,-0.1545313,-0.004401684,1.017001,0.9408411,0.01751925,0.3383949,-0.1600267,0.9032496,0.3981602,-0.2986796,-0.4287577,0.8526179,moving,3.4276664840946363,-2.586985082115316,-8.639892223113366,-0.2479804259828323,-0.4976158999999999,-0.4485481699999999,0.8514789999999999,0.0597276730607453,-0.0450554874156253,0.9971973945682318,4.101004920022838,-1.8352995248526012,12.2873615885561,12.292148548293788,12.839394141999575
2185,05/05/2023 12:21:58.548070,2383,True,True,True,True,Eyes,1.173746,0.07603361,-3.714583,-0.2457332,-0.4658615,0.8500519,0.0,0.0,0.0,0.0,0.0,0.0,0.0,-0.009315252,1.615325,3.614235,1.392154,0.08335026,-3.704998,0.2141298,-0.1718663,0.04585541,0.9604727,25.28325,339.9156,0.917723,0.2805776,0.01970698,-0.9596287,0.0,0.0,0.0,0.8821856,-0.3660188,-2.854408,-0.1577391,-0.002247751,1.020323,0.9367185,0.01448233,0.3497838,-0.1616891,0.9040914,0.3955696,-0.3105078,-0.4270936,0.8492209,moving,3.466591247901584,-2.595067598452345,-8.788195488635345,-0.1262212430356798,-0.5099683999999999,-0.44936906,0.85059,0.060404739525386,-0.0451943120784298,0.9971502981279836,4.139392485856508,-1.843340422094032,12.496042550777087,12.500999971388511,13.041128368102065
2186,05/05/2023 12:21:58.567897,2384,True,True,True,True,Eyes,1.182815,0.07622062,-3.713958,-0.2569986,-0.4646532,0.8473778,0.0,0.0,0.0,0.0,0.0,0.0,0.0,0.03298569,1.614132,3.617345,1.401494,0.08399071,-3.704113,0.2140281,-0.178483,0.04532851,0.9593129,25.26596,339.071,0.6695477,0.2826501,0.0196881,-0.9590208,0.0,0.0,0.0,0.8794301,-0.3660277,-2.854261,-0.161362,-0.003628939,1.023574,0.9321783,0.01056768,0.3618453,-0.1633692,0.9042745,0.3944591,-0.3230389,-0.4268206,0.8446715,moving,3.5661459129615736,-2.522841647362503,-8.958702228889347,-0.2031333520087885,-0.5220639,-0.45001841,0.8498519999999998,0.0621407546008571,-0.0439325979560405,0.9971000281112766,4.237354306277005,-1.7683665092768734,12.73309381461664,12.737851763620084,13.288561356140775
2187,05/05/2023 12:21:58.588553,2385,True,True,True,True,Eyes,1.191928,0.07638422,-3.713281,-0.2686598,-0.4632684,0.8445142,0.0,0.0,0.0,0.0,0.0,0.0,0.0,0.0721873,1.626038,3.613926,1.410486,0.08456567,-3.703113,0.2156894,-0.1846042,0.04498552,0.9577975,25.45375,338.2751,0.4149832,0.2847314,0.01967483,-0.9584051,0.0,0.0,0.0,0.8766007,-0.3660368,-2.854111,-0.1655584,0.0001488924,1.026996,0.9277952,0.00653971,0.3730326,-0.1658083,0.9029088,0.3965643,-0.334221,-0.4297824,0.8387988,moving,3.599840672898189,-2.230258839775322,-9.157664407813142,0.0083066594824165,-0.5338852999999999,-0.45060247,0.849002,0.0627403679324129,-0.0388388613403047,0.9972738448679648,4.2698781413255205,-1.4672292549391486,12.948479482980511,12.952417202161245,13.508371668845845
2188,05/05/2023 12:21:58.598095,2386,True,True,True,True,Eyes,1.201012,0.07648943,-3.712608,-0.2802389,-0.4619266,0.8414809,0.0,0.0,0.0,0.0,0.0,0.0,0.0,0.1108148,1.618279,3.618511,1.419056,0.08409059,-3.701883,0.214628,-0.1907164,0.04417728,0.9568755,25.31503,337.4941,0.169749,0.2868217,0.01966601,-0.9577818,0.0,0.0,0.0,0.8737269,-0.3660461,-2.853958,-0.1712237,0.008983016,1.030767,0.9233513,0.002678158,0.383947,-0.1664104,0.9039664,0.3938938,-0.3460203,-0.4275951,0.8351242,moving,3.619902274116575,-2.266992386571311,-9.431448710867768,0.4993134962781568,-0.5453291000000001,-0.45013669,0.847925,0.0630879769669756,-0.0394773639746998,0.9972269424867156,4.289739614195428,-1.5048674057756424,13.336203531902976,13.341297192205086,13.86678586190786
2189,05/05/2023 12:21:58.618045,2387,True,True,True,True,Eyes,1.210074,0.07656252,-3.711906,-0.2918662,-0.4606847,0.8382027,0.0,0.0,0.0,0.0,0.0,0.0,0.0,0.1481397,1.621786,3.61817,1.427484,0.08278348,-3.70118,0.2148153,-0.1964066,0.04432422,0.9556748,25.34059,336.7778,0.02135191,0.2889189,0.0196597,-0.9571514,0.0,0.0,0.0,0.8708972,-0.3660552,-2.853807,-0.1774896,0.01068223,1.034369,0.9189197,0.0003367931,0.3944446,-0.1691013,0.9037794,0.3931759,-0.3563585,-0.4279983,0.8305577,moving,3.572502551395406,-2.1499029577533686,-9.736683063192569,0.5916891721612549,-0.5565867999999999,-0.44883868,0.8473729999999997,0.0622678484702985,-0.0374412843555063,0.9973569587046102,4.242741342831696,-1.3847791279786557,13.583618149634566,13.588625726333229,14.118453657012326
2190,05/05/2023 12:21:58.637892,2388,True,True,True,True,Eyes,1.219089,0.07662808,-3.711166,-0.3034078,-0.4593824,0.8348123,0.0,0.0,0.0,0.0,0.0,0.0,0.0,0.1905615,1.628467,3.615081,1.43575,0.08207802,-3.699853,0.2151991,-0.2022888,0.04667378,0.9542485,25.44155,336.0912,0.1276609,0.2910218,0.01965483,-0.9565141,0.0,0.0,0.0,0.8680419,-0.3660644,-2.853655,-0.1834498,0.01015729,1.038153,0.9138016,0.002012027,0.4061559,-0.1761415,0.9030218,0.3918237,-0.3659792,-0.42959,0.8255371,moving,3.492673359638848,-1.9687355585537616,-10.021163627803896,0.5605640780732336,-0.5677081,-0.44814242,0.8461980000000002,0.0608850783977903,-0.034290423083403,0.9975556289626892,4.163626037885409,-1.1990169953818532,13.744171331745456,13.74849616412708,14.29350843613658
2191,05/05/2023 12:21:58.648044,2389,True,True,True,True,Eyes,1.228028,0.07668942,-3.710397,-0.3149754,-0.4579378,0.8313144,0.0,0.0,0.0,0.0,0.0,0.0,0.0,0.2362002,1.613642,3.620397,1.443705,0.08195417,-3.698095,0.212711,-0.2084755,0.04947716,0.9533333,25.22654,335.4095,0.3576227,0.2931287,0.01965107,-0.9558706,0.0,0.0,0.0,0.8650895,-0.3660738,-2.853497,-0.1896062,0.01722491,1.042273,0.90818,0.005646379,0.4185418,-0.1830265,0.9046121,0.3849393,-0.3764445,-0.4261985,0.822584,moving,3.401902838560084,-2.101290895641116,-10.310275053218929,0.9468007057966692,-0.5786155000000001,-0.44802797,0.844598,0.0592997692750241,-0.0366017024593809,0.9975690530797172,4.074464989744428,-1.335974480022296,14.0405092859062,14.046874561501168,14.564745402945572
2192,05/05/2023 12:21:58.668512,2390,True,True,True,True,Eyes,1.236906,0.07671526,-3.70959,-0.3264901,-0.4564553,0.8276792,0.0,0.0,0.0,0.0,0.0,0.0,0.0,0.2811942,1.599549,3.624657,1.451489,0.08185758,-3.696247,0.2105561,-0.2148024,0.0510804,0.9523219,25.02278,334.6744,0.4321284,0.2952367,0.01964821,-0.9552217,0.0,0.0,0.0,0.8621308,-0.3660834,-2.85334,-0.1969703,0.01792774,1.046044,0.9025015,0.006834099,0.4306326,-0.1877459,0.9061139,0.3790899,-0.3876114,-0.4229787,0.8190522,moving,3.364737061066473,-2.212448281455768,-10.663940122482009,0.9818738826402084,-0.5893582,-0.44794098,0.8429069999999999,0.0586483925263482,-0.0385384625954266,0.9975345795327584,4.0380922417234535,-1.4505517579103948,14.380597114104509,14.387754432441795,14.901894179430776
2193,05/05/2023 12:21:58.688555,2391,True,True,True,True,Eyes,1.245711,0.07673012,-3.708762,-0.3377565,-0.4551462,0.8238705,0.0,0.0,0.0,0.0,0.0,0.0,0.0,0.3185991,1.594882,3.624763,1.458961,0.08099332,-3.694447,0.2099811,-0.2206383,0.05010687,0.9511657,24.9334,333.9177,0.1680809,0.2973449,0.01964529,-0.9545676,0.0,0.0,0.0,0.8593237,-0.3660924,-2.85319,-0.2047818,0.01869813,1.050242,0.8976161,0.002660145,0.4407701,-0.1879796,0.9067945,0.3773425,-0.3986841,-0.4215645,0.8144535,moving,3.37060815650206,-2.2017133100214243,-11.033400158348558,1.0199656488153044,-0.5996372999999999,-0.4470857199999999,0.8412569999999997,0.0587510337961522,-0.0383513320147504,0.9975357681795264,4.043854142915078,-1.439470599680225,14.752372497810263,14.759900773653497,15.276531802912158
2194,05/05/2023 12:21:58.698318,2392,True,True,True,True,Eyes,1.254449,0.07680304,-3.707859,-0.3488526,-0.4539703,0.8198858,0.0,0.0,0.0,0.0,0.0,0.0,0.0,0.3507633,1.618536,3.612548,1.466739,0.08073331,-3.692609,0.2131784,-0.2256559,0.04998633,0.9492818,25.29583,333.2379,359.9171,0.2994512,0.01964202,-0.953909,0.0,0.0,0.0,0.8563726,-0.3661019,-2.853033,-0.2115898,0.02186161,1.055078,0.8931615,-0.001307698,0.4497341,-0.1911122,0.9041127,0.3821733,-0.4071101,-0.4272922,0.8072687,moving,3.3117752541497203,-1.7468054120034224,-11.33991183861897,1.1870200823756958,-0.6103664,-0.44683521,0.8395760000000001,0.0577424425959865,-0.030431921363373,0.9978675279493128,3.984790064852797,-0.97203784799953,14.935703763480298,14.94253213802378,15.476046639144874
2195,05/05/2023 12:21:58.718185,2393,True,True,True,True,Eyes,1.2631,0.07690303,-3.706897,-0.3597047,-0.4525597,0.8159671,0.0,0.0,0.0,0.0,0.0,0.0,0.0,0.3824794,1.627798,3.605257,1.473926,0.08221357,-3.689807,0.2145772,-0.2304394,0.05071803,0.9477775,25.47503,332.6294,359.8251,0.3015544,0.01963998,-0.9532463,0.0,0.0,0.0,0.8534433,-0.3661113,-2.852877,-0.2149543,0.01744285,1.060135,0.8886507,-0.002755279,0.4585764,-0.1950329,0.9027686,0.383368,-0.4150447,-0.4301177,0.8017086,moving,3.1985671243525973,-1.4684643729916902,-11.461974546247232,0.9426266635248144,-0.6204827,-0.44832487,0.8369300000000002,0.0557782696874018,-0.0255868370485014,0.9981153039349324,3.872543841326113,-0.6865717500809367,14.852864405870166,14.85748437864783,15.420821691781557
2196,05/05/2023 12:21:58.738143,2394,True,True,True,True,Eyes,1.271684,0.07699082,-3.705879,-0.3703977,-0.451189,0.8119324,0.0,0.0,0.0,0.0,0.0,0.0,0.0,0.4121372,1.612985,3.608767,1.481033,0.08289306,-3.687064,0.212766,-0.2351965,0.0502935,0.9470395,25.25536,332.0372,359.6944,0.3036527,0.01963975,-0.9525799,0.0,0.0,0.0,0.8505198,-0.3661208,-2.852721,-0.2188047,0.02624431,1.065813,0.8843064,-0.004823761,0.4668822,-0.1953435,0.9044024,0.3793379,-0.4240792,-0.4266533,0.7988265,moving,3.0799184776782176,-1.5898720335237606,-11.601274690872245,1.4105517570719406,-0.6305132,-0.44901386,0.8343430000000001,0.0537082149812087,-0.0277048984696519,0.9981723590143984,3.755876784288942,-0.8122589868027683,14.97682605743324,14.984658013296984,15.5171836695365
2197,05/05/2023 12:21:58.747857,2395,True,True,True,True,Eyes,1.280194,0.07709192,-3.704806,-0.3807773,-0.4499703,0.8077966,0.0,0.0,0.0,0.0,0.0,0.0,0.0,0.436398,1.617778,3.60415,1.488059,0.08266392,-3.684616,0.2135627,-0.239367,0.04924406,0.9458697,25.31407,331.4679,359.4243,0.3057453,0.01964088,-0.9519104,0.0,0.0,0.0,0.8477579,-0.3661296,-2.852574,-0.223117,0.02966598,1.070644,0.8805569,-0.009082787,0.4738533,-0.1953967,0.903932,0.3804303,-0.4317865,-0.4275798,0.7941889,moving,2.9568683321078306,-1.4361609765432473,-11.77168252265968,1.5871761774722557,-0.6403011000000001,-0.44879352,0.832042,0.0515680217696532,-0.0250297657101951,0.9983557582386138,3.6342228580004265,-0.6550353083820566,15.026951152704012,15.035650229648311,15.56821868246811
2198,05/05/2023 12:21:58.767938,2396,True,True,True,True,Eyes,1.288624,0.07724703,-3.703638,-0.3909258,-0.448782,0.8035992,0.0,0.0,0.0,0.0,0.0,0.0,0.0,0.4611065,1.644621,3.589192,1.495183,0.08287752,-3.682018,0.2171985,-0.2432894,0.04978442,0.9440109,25.74073,330.9267,359.2564,0.3078312,0.01964359,-0.951238,0.0,0.0,0.0,0.8447447,-0.3661394,-2.852413,-0.2273509,0.02001724,1.075928,0.8766636,-0.0116901,0.4809619,-0.1996783,0.9006926,0.3858515,-0.4377095,-0.4342996,0.7872702,moving,2.811076234722095,-0.9227718440339254,-11.931471743140316,1.0658436905215067,-0.6504382999999999,-0.44901692,0.8296049999999999,0.0490365083170044,-0.016085336012013,0.9986674229630887,3.489304449239638,-0.1280648423585618,14.872133544152229,14.876065092081651,15.466924579901342
2199,05/05/2023 12:21:58.788228,2397,True,True,True,True,Eyes,1.296989,0.07738933,-3.702402,-0.4008587,-0.4474805,0.7994207,0.0,0.0,0.0,0.0,0.0,0.0,0.0,0.481527,1.642928,3.586418,1.5017,0.08433007,-3.678486,0.2171318,-0.2466148,0.05055337,0.9431222,25.75335,330.5212,359.2531,0.3099096,0.01964915,-0.9505627,0.0,0.0,0.0,0.8418952,-0.3661485,-2.852261,-0.2278951,0.02123487,1.081906,0.873251,-0.01173981,0.4871292,-0.2024518,0.9005963,0.3846292,-0.4432223,-0.434498,0.7840698,moving,2.557892680073845,-0.8238580223157209,-11.895017803928726,1.124415830208789,-0.6598048000000001,-0.4504785699999999,0.826225,0.044624215630576,-0.0143642159408836,0.9989005453568384,3.2395058674526105,-0.0281040234958683,14.579605425216586,14.583634405148194,15.178343413323647
2200,05/05/2023 12:21:58.798938,2398,True,True,True,True,Eyes,1.305278,0.07753421,-3.701087,-0.4105987,-0.44633,0.795109,0.0,0.0,0.0,0.0,0.0,0.0,0.0,0.5060228,1.639914,3.584249,1.508324,0.08437181,-3.675603,0.2167112,-0.2504558,0.0511662,0.9421732,25.72096,330.0507,359.228,0.3119799,0.01965697,-0.949885,0.0,0.0,0.0,0.8389225,-0.3661581,-2.852103,-0.2264034,0.02043453,1.088061,0.8693078,-0.01213829,0.494122,-0.204968,0.9008365,0.3827292,-0.4497689,-0.4339887,0.7806163,moving,2.370754981950146,-0.7798799707419944,-11.754360278731273,1.0759274530134235,-0.6694015,-0.45052991,0.8235000000000001,0.0413618505497014,-0.0135994056290565,0.9990517187354866,3.0549387795651315,0.0158195198617882,14.242860189318693,14.246504915999603,14.847193924374723
2201,05/05/2023 12:21:58.822675,2399,True,True,True,True,Eyes,1.313482,0.07766204,-3.699684,-0.4201813,-0.4449946,0.7908397,0.0,0.0,0.0,0.0,0.0,0.0,0.0,0.5350053,1.6482,3.575544,1.514808,0.08461127,-3.672262,0.2177252,-0.2545903,0.05313495,0.9407212,25.89305,329.5538,359.3063,0.3140418,0.01966695,-0.949205,0.0,0.0,0.0,0.836136,-0.366167,-2.851954,-0.2234223,0.02143779,1.094564,0.8647209,-0.0108911,0.5021346,-0.2108318,0.8995448,0.3825821,-0.4558593,-0.4366927,0.7755591,moving,2.2131097470025414,-0.5243081280254783,-11.53672581837912,1.1220338578432905,-0.6786719999999999,-0.45077827,0.8203079999999998,0.0386148322840005,-0.0091439502561067,0.9992123062174184,2.898944117983933,0.2775591058181993,13.844695426117164,13.848047516147131,14.460349377467471
2202,05/05/2023 12:21:58.838371,2400,True,True,True,True,Eyes,1.321617,0.07776985,-3.698202,-0.4295999,-0.4437816,0.7864489,0.0,0.0,0.0,0.0,0.0,0.0,0.0,0.5661285,1.637858,3.57443,1.521278,0.08430083,-3.668548,0.216246,-0.2591269,0.05456602,0.9397413,25.76682,329.0299,359.3947,0.3160944,0.01967846,-0.9485233,0.0,0.0,0.0,0.8332848,-0.3661762,-2.851802,-0.2209049,0.02632537,1.100712,0.8597516,-0.009514439,0.5106238,-0.2146262,0.9005204,0.3781515,-0.4634251,-0.4347096,0.7721818,moving,2.0891476147643906,-0.5753118496060475,-11.348091521356972,1.3700632875525458,-0.6879931999999999,-0.45047703,0.8167459999999997,0.0364525911333251,-0.0100342441886766,0.99928503312769,2.7768736117461383,0.2242406624599723,13.572542769442624,13.57732963529966,14.17136371347347
2203,05/05/2023 12:21:58.848052,2401,True,True,True,True,Eyes,1.329682,0.07784442,-3.696612,-0.4388832,-0.442414,0.7820814,0.0,0.0,0.0,0.0,0.0,0.0,0.0,0.5968429,1.642355,3.566525,1.527752,0.08395614,-3.665048,0.2167048,-0.2634712,0.05660177,0.9383061,25.88057,328.5145,359.4923,0.3181373,0.01969089,-0.9478399,0.0,0.0,0.0,0.8303918,-0.3661855,-2.851648,-0.2183043,0.02582744,1.106277,0.8547583,-0.007971374,0.5189651,-0.2204105,0.8996705,0.376845,-0.4699016,-0.4364967,0.7672439,moving,1.9634028382945656,-0.3765977638377066,-11.162893916888471,1.3373997116256342,-0.6973602,-0.45014164,0.8134000000000001,0.0342603972945451,-0.0065689647266098,0.9993913151232808,2.652457519702712,0.4277282218925213,13.233541431952734,13.237728424885573,13.845267694622423
2204,05/05/2023 12:21:58.868466,2402,True,True,True,True,Eyes,1.337682,0.07788389,-3.694926,-0.4480202,-0.4410581,0.777654,0.0,0.0,0.0,0.0,0.0,0.0,0.0,0.6270084,1.63355,3.563819,1.533996,0.08323328,-3.660923,0.2153764,-0.2677973,0.05849118,0.9372708,25.78908,328.0254,359.6366,0.3201709,0.01970336,-0.9471546,0.0,0.0,0.0,0.8274364,-0.3661951,-2.851491,-0.2163911,0.0297685,1.11171,0.8497268,-0.005710296,0.5271923,-0.2249986,0.9003836,0.3724045,-0.4768018,-0.4350596,0.7637953,moving,1.8221835138984128,-0.3849849621787831,-11.01472735303547,1.5338549946196014,-0.7065596,-0.44942838,0.8094319999999997,0.0317970253888822,-0.0067158073180758,0.9994718295220406,2.5132760118692863,0.4181177424896184,12.974170687552684,12.97953109266322,13.573936225600333
2205,05/05/2023 12:21:58.887779,2403,True,True,True,True,Eyes,1.34561,0.07786585,-3.693129,-0.4570682,-0.4394942,0.7732615,0.0,0.0,0.0,0.0,0.0,0.0,0.0,0.659036,1.622886,3.561499,1.540456,0.08244875,-3.656851,0.2136993,-0.272198,0.06125834,0.9362096,25.68884,327.5533,359.896,0.3221949,0.01971501,-0.9464678,0.0,0.0,0.0,0.8245819,-0.3662042,-2.851339,-0.2147588,0.03531158,1.116733,0.8443113,-0.001635738,0.5358505,-0.2310383,0.9011601,0.3667858,-0.483487,-0.4334835,0.7604817,moving,1.6712232492473111,-0.3916718801602812,-10.885648463164546,1.8111138514454677,-0.7158741000000001,-0.44865295,0.8055120000000002,0.0291635291776896,-0.0068330024750491,0.9995512179524412,2.3644887574390303,0.4101879616967004,12.741353405655858,12.748619226462724,13.323990757779466
2206,05/05/2023 12:21:58.898396,2404,True,True,True,True,Eyes,1.353472,0.07777838,-3.691235,-0.4659906,-0.4379296,0.768811,0.0,0.0,0.0,0.0,0.0,0.0,0.0,0.6924723,1.606508,3.560615,1.546656,0.08104759,-3.652349,0.2112186,-0.27677,0.06410643,0.9352409,25.50349,327.0724,0.1899324,0.3242092,0.01972453,-0.9457794,0.0,0.0,0.0,0.8216031,-0.3662138,-2.85118,-0.2130419,0.03445378,1.121854,0.8385775,0.002991938,0.5447742,-0.2368279,0.9025541,0.3595951,-0.4906124,-0.4305661,0.7575701,moving,1.532833617925884,-0.483469518305778,-10.752527022711504,1.759084420870093,-0.7250529,-0.44726139,0.8011690000000002,0.0267488497419186,-0.0084350152354204,0.9996065611634322,2.2282930477533918,0.3148150326359031,12.481355766457874,12.488359949994855,13.06091894805165
2207,05/05/2023 12:21:58.918224,2405,True,True,True,True,Eyes,1.361262,0.07762203,-3.689244,-0.4748383,-0.4363412,0.7642872,0.0,0.0,0.0,0.0,0.0,0.0,0.0,0.7230232,1.595884,3.557581,1.552952,0.07929908,-3.648019,0.209563,-0.2811519,0.06611576,0.934166,25.38573,326.5813,0.3607418,0.3262141,0.0197304,-0.9450897,0.0,0.0,0.0,0.8189344,-0.3662224,-2.851038,-0.2099689,0.03315851,1.126985,0.8331646,0.005688147,0.5529958,-0.2413642,0.9034241,0.354356,-0.4975741,-0.4287103,0.754074,moving,1.4066373789799351,-0.5022128514537728,-10.553790693001089,1.6852884009141165,-0.7340176000000002,-0.44552148,0.7969810000000002,0.0245470448195872,-0.0087625143161207,0.9996602617797984,2.1039443447481623,0.2946587094839571,12.152406432528014,12.158824013618371,12.733895995513398
2208,05/05/2023 12:21:58.938160,2406,True,True,True,True,Eyes,1.36898,0.07742269,-3.687131,-0.4835839,-0.4347402,0.7597023,0.0,0.0,0.0,0.0,0.0,0.0,0.0,0.7565796,1.595365,3.548917,1.559234,0.0774954,-3.643514,0.2092791,-0.2858431,0.06845377,0.9326361,25.43561,326.0357,0.5102972,0.3282094,0.01973129,-0.9443987,0.0,0.0,0.0,0.8159747,-0.3662319,-2.85088,-0.2065257,0.0336405,1.131929,0.8272156,0.008042952,0.5618271,-0.2473269,0.9030327,0.3512283,-0.5045234,-0.4294965,0.7489919,moving,1.33494087820027,-0.352598102652339,-10.340142042658195,1.7023077344584785,-0.7432593,-0.4437273,0.7926340000000001,0.0232965649798067,-0.0061522888328914,0.9997096747870348,2.0329198611787405,0.4480277179968222,11.848399761346986,11.85454339940232,12.436473746037338
2209,05/05/2023 12:21:58.948304,2407,True,True,True,True,Eyes,1.376641,0.07718253,-3.684893,-0.4922349,-0.4330381,0.7551045,0.0,0.0,0.0,0.0,0.0,0.0,0.0,0.7852764,1.585347,3.544491,1.565241,0.07625273,-3.638352,0.2079486,-0.2902465,0.06939276,0.9315037,25.32116,325.509,0.543,0.3301952,0.01972668,-0.9437063,0.0,0.0,0.0,0.8130305,-0.3662414,-2.850723,-0.2046576,0.04256219,1.136748,0.8218832,0.008566492,0.5695916,-0.2499919,0.9038841,0.3471277,-0.5118712,-0.4276918,0.7450287,moving,1.2509989378797337,-0.3578310434095926,-10.20607107626297,2.144270525455176,-0.7522105000000001,-0.44249413,0.7876289999999999,0.0218318900525413,-0.006243800742611,0.9997421578981708,1.9501897992006365,0.4420606106650463,11.717718734068784,11.7271038867183,12.274860368506724
2210,05/05/2023 12:21:58.967707,2408,True,True,True,True,Eyes,1.384228,0.07690186,-3.682532,-0.5007895,-0.4312938,0.7504636,0.0,0.0,0.0,0.0,0.0,0.0,0.0,0.8139001,1.578447,3.538547,1.57132,0.07500073,-3.633259,0.2070545,-0.2946704,0.07019794,0.9302528,25.25175,324.9691,0.5434201,0.332172,0.01971613,-0.9430125,0.0,0.0,0.0,0.8099983,-0.3662512,-2.850561,-0.2039063,0.04636788,1.141283,0.8164833,0.008578017,0.5773054,-0.2526293,0.9044014,0.3438555,-0.5191662,-0.4265965,0.7405956,moving,1.183879225793908,-0.3150590538862368,-10.12981717100696,2.3265251015546293,-0.7613217000000001,-0.44125193,0.7826979999999999,0.020660808774314,-0.0054976165808603,0.9997714675596476,1.88392845716168,0.4855807447324922,11.607197008599249,11.617990058924184,12.153977132743686
2211,05/05/2023 12:21:58.987906,2409,True,True,True,True,Eyes,1.391748,0.07658111,-3.680053,-0.5091695,-0.4294853,0.7458478,0.0,0.0,0.0,0.0,0.0,0.0,0.0,0.8373803,1.56934,3.534137,1.577147,0.07371294,-3.627855,0.2059775,-0.2987148,0.06972017,0.9292373,25.11629,324.4506,0.4123366,0.3341399,0.01969928,-0.9423173,0.0,0.0,0.0,0.8072814,-0.3662599,-2.850417,-0.2030207,0.04276997,1.145693,0.8118172,0.006516127,0.5838755,-0.2526302,0.9054248,0.341151,-0.5264323,-0.4244568,0.7366855,moving,1.107675108160325,-0.3317087898335905,-10.048693889951176,2.137921202622264,-0.7698656,-0.43997284,0.7774379999999996,0.019331050989081,-0.0057882967986963,0.9997964540340236,1.8088525444324055,0.4679261699569568,11.417262529762557,11.426444833003,11.974568503820487
2212,05/05/2023 12:21:58.998315,2410,True,True,True,True,Eyes,1.399192,0.07621951,-3.677448,-0.5173565,-0.4277146,0.7412169,0.0,0.0,0.0,0.0,0.0,0.0,0.0,0.8543419,1.570411,3.526714,1.583064,0.07239156,-3.622496,0.20623,-0.3019461,0.06920014,0.9281752,25.1269,324.0146,0.2480136,0.3360993,0.0196758,-0.9416208,0.0,0.0,0.0,0.8044424,-0.3662691,-2.850265,-0.2025254,0.04518378,1.149763,0.8080798,0.003919012,0.58906,-0.2530003,0.905361,0.3410456,-0.5319754,-0.4246245,0.7325955,moving,0.967184733724534,-0.2037700333019423,-9.989906520652347,2.2504711231582832,-0.7786216,-0.43866066,0.7722310000000001,0.0168796498433326,-0.0035559438437103,0.9998512152693352,1.6700683416643876,0.5985231031807668,11.218727143471982,11.228586216029404,11.776414821607034
2213,05/05/2023 12:21:59.018103,2411,True,True,True,True,Eyes,1.406586,0.07584872,-3.674689,-0.5252992,-0.4258529,0.7366886,0.0,0.0,0.0,0.0,0.0,0.0,0.0,0.8684828,1.56898,3.520555,1.588698,0.07104024,-3.616802,0.2060822,-0.3046985,0.06929773,0.9273009,25.11461,323.6617,0.1856464,0.3380499,0.01964538,-0.9409229,0.0,0.0,0.0,0.8015149,-0.3662785,-2.850109,-0.2027467,0.0549522,1.15363,0.8047133,0.002933809,0.5936563,-0.2541056,0.9054559,0.3399706,-0.5365322,-0.4244303,0.7293779,moving,0.7663668781177668,-0.0949585011729507,-9.96775336775187,2.7271751081113846,-0.7871830999999999,-0.43731874,0.7666930000000001,0.0133752083422171,-0.001657189516443,0.9999091923038408,1.4718638199462757,0.7090282426600285,11.084839958146173,11.098908755433602,11.61627126799344
2214,05/05/2023 12:21:59.037892,2412,True,True,True,True,Eyes,1.413874,0.07553378,-3.671785,-0.5330359,-0.4239309,0.7322263,0.0,0.0,0.0,0.0,0.0,0.0,0.0,0.8792183,1.56121,3.517898,1.593846,0.07042097,-3.611192,0.2051267,-0.3069301,0.06961872,0.9267526,25.02031,323.3952,0.1972471,0.3399931,0.01960855,-0.9402232,0.0,0.0,0.0,0.7985861,-0.3662879,-2.849953,-0.2051023,0.0551998,1.157056,0.8018944,0.003119553,0.5974577,-0.2549578,0.9061525,0.3374673,-0.5403351,-0.4229397,0.7274339,moving,0.4992435876693269,-0.0654403878916832,-10.051960415223416,2.731345265528132,-0.7952599000000001,-0.43670887,0.7612389999999998,0.008713328575855,-0.0011421066450247,0.9999614025415432,1.2084882228290643,0.7375229047716301,10.90125988080699,10.91558133595434,11.435603662967276
2215,05/05/2023 12:21:59.048095,2413,True,True,True,True,Eyes,1.421124,0.07530147,-3.668679,-0.5405915,-0.4217123,0.7279557,0.0,0.0,0.0,0.0,0.0,0.0,0.0,0.8907161,1.542665,3.518772,1.598592,0.07143149,-3.604768,0.2028947,-0.3091457,0.07065829,0.9264287,24.81075,323.1686,0.3453844,0.3419279,0.01956745,-0.9395222,0.0,0.0,0.0,0.7957539,-0.366297,-2.849802,-0.2059259,0.05613339,1.160711,0.7988726,0.005471668,0.6014753,-0.2563678,0.9076823,0.3322475,-0.5441306,-0.4196223,0.7265254,moving,0.2106244083570462,-0.1334474610512042,-10.060369312464292,2.768736134768539,-0.8028381,-0.4377284899999999,0.754966,0.0036760710412146,-0.0023290796551407,0.9999904984027046,0.9241537184712588,0.6655693886760434,10.658094639577484,10.673143006490475,11.18405367382609
2216,05/05/2023 12:21:59.068232,2414,True,True,True,True,Eyes,1.428277,0.07500574,-3.665447,-0.5481766,-0.4190801,0.7237916,0.0,0.0,0.0,0.0,0.0,0.0,0.0,0.9143441,1.500318,3.526498,1.603234,0.0731171,-3.598257,0.1973855,-0.312447,0.07411452,0.9262413,24.32845,322.9077,0.8772563,0.3438564,0.0195247,-0.938819,0.0,0.0,0.0,0.7928293,-0.3663064,-2.849646,-0.2063351,0.06131333,1.16402,0.7937679,0.01395083,0.6080609,-0.2606409,0.911092,0.3193395,-0.5495444,-0.4119669,0.7268317,moving,-0.0493983585377098,-0.447375482601011,-10.05188148130262,3.015198594972582,-0.8104047000000001,-0.4394234999999999,0.7486109999999999,-0.0008621376108192,-0.0078080929029664,0.9999691423429468,0.6685864471350905,0.3409016770129669,10.566126594615314,10.584851811144146,11.048995276045233
2217,05/05/2023 12:21:59.088863,2415,True,True,True,True,Eyes,1.435387,0.07467004,-3.662107,-0.555416,-0.4168891,0.7195252,0.0,0.0,0.0,0.0,0.0,0.0,0.0,0.9447676,1.438263,3.540055,1.608106,0.07119922,-3.59195,0.1890211,-0.3170844,0.07553896,0.9262951,23.45839,322.4666,1.253724,0.3457777,0.0194789,-0.938114,0.0,0.0,0.0,0.7898881,-0.3663159,-2.84949,-0.2062958,0.06091377,1.167293,0.7875027,0.02007148,0.6159844,-0.259814,0.9171298,0.302274,-0.5588706,-0.398083,0.727457,moving,-0.1457355784039984,-1.177099189041263,-10.022398617717949,2.987201225715662,-0.8182179,-0.43751512,0.7424600000000003,-0.002543026143337,-0.020542744576336,0.9997857254697906,0.575345371341881,-0.4102432419556578,10.698022261399398,10.718669261456617,11.12900743860674
2218,05/05/2023 12:21:59.098573,2416,True,True,True,True,Eyes,1.442389,0.07436237,-3.658634,-0.5624335,-0.4149966,0.7151548,0.0,0.0,0.0,0.0,0.0,0.0,0.0,0.961189,1.474216,3.517723,1.613486,0.06996057,-3.58655,0.1937295,-0.3195341,0.07807156,0.9242683,24.07982,322.1324,1.287367,0.3476923,0.01942941,-0.9374071,0.0,0.0,0.0,0.7871041,-0.3663249,-2.849341,-0.2061619,0.06553689,1.170424,0.7836056,0.02051177,0.6209199,-0.2681245,0.9127475,0.3082229,-0.5604209,-0.4080091,0.7207337,moving,-0.297062306806384,-0.4330396759790071,-9.989771726853231,3.2048814558771315,-0.8263819,-0.43628547,0.737209,-0.0051845440516247,-0.0075577946352567,0.9999580031881732,0.4244278885634048,0.3539180295240214,10.33192258681184,10.352926449225375,10.797386076645918
2219,05/05/2023 12:21:59.117950,2417,True,True,True,True,Eyes,1.449305,0.07405705,-3.655047,-0.5693341,-0.4129476,0.7108678,0.0,0.0,0.0,0.0,0.0,0.0,0.0,0.9809546,1.486455,3.502271,1.617946,0.07038192,-3.579807,0.1955233,-0.3223543,0.08115547,0.9226442,24.40089,321.8056,1.491248,0.3495999,0.01937737,-0.9366984,0.0,0.0,0.0,0.7842559,-0.366334,-2.84919,-0.2065673,0.06620088,1.173065,0.779003,0.0236997,0.6265722,-0.2758108,0.9103689,0.3084753,-0.563101,-0.4131185,0.7157168,moving,-0.4520561449614647,0.0217102212877996,-9.986939107684153,3.2300102792450973,-0.8336901000000001,-0.43671592,0.7306170000000001,-0.0078897859736374,0.0003789030527404,0.9999688367920156,0.2705774068354145,0.820517708493398,10.040015804996798,10.060178048857196,10.53671198686522
2220,05/05/2023 12:21:59.138137,2418,True,True,True,True,Eyes,1.456129,0.07373236,-3.651406,-0.5760826,-0.4112162,0.7064205,0.0,0.0,0.0,0.0,0.0,0.0,0.0,0.9941263,1.457375,3.506806,1.622246,0.07004617,-3.57398,0.1918444,-0.3250706,0.08063798,0.9225088,23.97779,321.4978,1.508441,0.3514999,0.01932315,-0.9359882,0.0,0.0,0.0,0.7813712,-0.3663433,-2.849036,-0.2073013,0.06723952,1.17588,0.7756533,0.02405254,0.6307007,-0.2735044,0.9133865,0.3015303,-0.568821,-0.4063824,0.7150497,moving,-0.6412293947517282,-0.2882798941874734,-9.998200927402102,3.272740330079814,-0.8408748,-0.43638947,0.7249440000000003,-0.0111911880858436,-0.0050310966260659,0.9999246438414328,0.084837919241362,0.5003939455347262,9.98988908359715,10.011682241285431,10.457226059468226
2221,05/05/2023 12:21:59.147897,2419,True,True,True,True,Eyes,1.462875,0.07340249,-3.64769,-0.5827515,-0.4097455,0.7017901,0.0,0.0,0.0,0.0,0.0,0.0,0.0,1.011942,1.486563,3.486421,1.626887,0.06930977,-3.568958,0.1960155,-0.328197,0.08019096,0.9205618,24.42651,321.0144,1.194343,0.3533917,0.01926651,-0.9352769,0.0,0.0,0.0,0.7784414,-0.3663527,-2.84888,-0.2078366,0.06705514,1.178215,0.7717122,0.01897807,0.6356886,-0.2763049,0.9102947,0.3082519,-0.5728139,-0.4135256,0.7077293,moving,-0.6516274443440585,0.2496017576082416,-10.004032685551271,3.2573311885826426,-0.8484456,-0.4356624699999999,0.720078,-0.0113726914934046,0.0043560770444414,0.9999258554820394,0.0733210367834805,1.0534975376886213,9.804075999307678,9.824149842388897,10.315519415224175
2222,05/05/2023 12:21:59.168136,2420,True,True,True,True,Eyes,1.46954,0.0730636,-3.643919,-0.5892233,-0.408459,0.6971207,0.0,0.0,0.0,0.0,0.0,0.0,0.0,1.027086,1.511222,3.468184,1.631466,0.06881923,-3.563787,0.1996962,-0.3312497,0.07860038,0.918813,24.77397,320.5179,0.7660644,0.3552749,0.01920759,-0.9345642,0.0,0.0,0.0,0.7755767,-0.3663619,-2.848727,-0.2082116,0.06824347,1.180586,0.7681913,0.01213949,0.6401052,-0.2767366,0.9078868,0.3148942,-0.5773204,-0.4190396,0.7007902,moving,-0.6511714613836002,0.6729601092913049,-10.001997335529175,3.308286315381264,-0.8558893000000001,-0.43518113,0.7150600000000003,-0.0113640582297485,0.0117443418927744,0.9998665165543033,0.0727729344292321,1.4888970958569772,9.69552644727657,9.715085627059336,10.237732811739082
2223,05/05/2023 12:21:59.188308,2421,True,True,True,True,Eyes,1.47615,0.07274161,-3.640094,-0.5954801,-0.4074199,0.6923962,0.0,0.0,0.0,0.0,0.0,0.0,0.0,1.031403,1.533465,3.454064,1.636214,0.06829598,-3.558653,0.2029515,-0.3329748,0.07697459,0.917613,25.06985,320.1972,0.3865092,0.3571492,0.0191464,-0.9338507,0.0,0.0,0.0,0.77269,-0.3663712,-2.848573,-0.2075916,0.07291317,1.182873,0.7664054,0.006110298,0.6423282,-0.2764212,0.9057713,0.3212006,-0.5798398,-0.423723,0.695877,moving,-0.8093532484391758,1.0298870589729938,-9.953917047343362,3.527291498558148,-0.8635240000000001,-0.43466718,0.71008,-0.0141231279502471,0.0179721597187915,0.9997387463324624,-0.0839894372363745,1.8548700393618824,9.458155365363664,9.47945546996707,10.010617591634016
2224,05/05/2023 12:21:59.198120,2422,True,True,True,True,Eyes,1.482673,0.07246899,-3.636224,-0.6014867,-0.4063932,0.6877924,0.0,0.0,0.0,0.0,0.0,0.0,0.0,1.030755,1.562719,3.438443,1.640942,0.06848053,-3.55388,0.2070392,-0.3336304,0.07734423,0.9164297,25.53628,320.0434,0.2293525,0.3590143,0.01908365,-0.9331366,0.0,0.0,0.0,0.7698206,-0.3663805,-2.84842,-0.2075957,0.0729668,1.184985,0.7654172,0.003611879,0.6435242,-0.2799103,0.9023053,0.327865,-0.5794712,-0.4310826,0.6916509,moving,-1.1031398909515335,1.5574696558036982,-9.936722400574247,3.523603935459916,-0.8711213999999999,-0.43486103,0.70546,-0.019245124568457,0.0271745931147448,0.9994454639700372,-0.3748209625887477,2.3954055137534254,9.02976680494302,9.049743861566006,9.628228850026892
2225,05/05/2023 12:21:59.217938,2423,True,True,True,True,Eyes,1.489092,0.07224684,-3.632354,-0.6073285,-0.4051589,0.6833727,0.0,0.0,0.0,0.0,0.0,0.0,0.0,1.029513,1.558702,3.437633,1.645385,0.06939072,-3.548896,0.206659,-0.3342149,0.07782471,0.9162619,25.51376,319.9846,0.2843348,0.3608696,0.01902078,-0.932422,0.0,0.0,0.0,0.7667834,-0.3663903,-2.848258,-0.2074924,0.07398152,1.187352,0.7644874,0.004478599,0.644623,-0.2807526,0.9024708,0.3266871,-0.5802904,-0.4307278,0.691185,moving,-1.467040513295037,1.6115596635891625,-9.912470132495468,3.565375854563479,-0.8786016000000001,-0.43578102,0.7006380000000001,-0.0255917682379884,0.02811410108111,0.9992770121370772,-0.7336488226679865,2.448495884720005,8.64816383609416,8.668487708994073,9.246522670970998
2226,05/05/2023 12:21:59.237929,2424,True,True,True,True,Eyes,1.495441,0.07206742,-3.628454,-0.6130078,-0.4039006,0.6790329,0.0,0.0,0.0,0.0,0.0,0.0,0.0,1.032788,1.543707,3.440912,1.649927,0.07032095,-3.544341,0.2047113,-0.3351822,0.07917288,0.9162304,25.35338,319.9241,0.4977178,0.3627139,0.01895907,-0.9317073,0.0,0.0,0.0,0.7639763,-0.3663993,-2.848109,-0.2077391,0.07295413,1.189316,0.7627692,0.007850026,0.6466232,-0.2823123,0.9036499,0.3220508,-0.581793,-0.4282001,0.6914924,moving,-1.8158352438665508,1.5340664046731978,-9.907958282585662,3.510196477212113,-0.8859506999999999,-0.43672025,0.6962320000000002,-0.031675651919353,0.026757876154328,0.999139933123886,-1.077276604579981,2.366366812117898,8.310011059306666,8.329918687319902,8.904453110720207
2227,05/05/2023 12:21:59.247970,2425,True,True,True,True,Eyes,1.501682,0.0719267,-3.624575,-0.6185994,-0.4025058,0.6747769,0.0,0.0,0.0,0.0,0.0,0.0,0.0,1.042221,1.52644,3.443392,1.654664,0.07116579,-3.539804,0.2024815,-0.3369403,0.08060803,0.9159557,25.16639,319.7658,0.7101967,0.364547,0.01889952,-0.9309928,0.0,0.0,0.0,0.7611361,-0.3664084,-2.847957,-0.2096531,0.07482864,1.190994,0.7599472,0.01121839,0.6498881,-0.2841151,0.9050072,0.316608,-0.5846015,-0.4252484,0.6909449,moving,-2.0688443335300457,1.4405061080728307,-9.98360971799806,3.5950955227162336,-0.8935278999999999,-0.43757419,0.6918470000000001,-0.0360889055656756,0.0251225500069073,0.999032757152553,-1.3264496832396662,2.268381804141122,8.181270009182263,8.202790173890012,8.758229795938982
2228,05/05/2023 12:21:59.267953,2426,True,True,True,True,Eyes,1.507878,0.07186487,-3.620674,-0.6240011,-0.4012908,0.6705134,0.0,0.0,0.0,0.0,0.0,0.0,0.0,1.050648,1.51594,3.443262,1.659329,0.07192057,-3.535455,0.2012269,-0.3387164,0.08119392,0.9155252,25.05323,319.5677,0.7812713,0.3663681,0.01884287,-0.9302788,0.0,0.0,0.0,0.7581158,-0.3664182,-2.847796,-0.2131385,0.07639575,1.192201,0.7573575,0.01235245,0.6528836,-0.2849879,0.9058306,0.3134532,-0.5875301,-0.42346,0.6895579,moving,-2.2806037219432658,1.4053355523895212,-10.13610342662565,3.666477060148265,-0.9012132,-0.43833877,0.6876589999999996,-0.0397815814855321,0.0245058577431764,0.9989077971745898,-1.5351001126038126,2.230734481401804,8.151430454524961,8.174450227897564,8.72001231422526
2229,05/05/2023 12:21:59.285019,2427,True,True,True,True,Eyes,1.514001,0.07185706,-3.616763,-0.6295516,-0.3998725,0.6661581,0.0,0.0,0.0,0.0,0.0,0.0,0.0,1.063996,1.517713,3.436297,1.664437,0.07378935,-3.530989,0.2016367,-0.3406789,0.08407504,0.9144463,25.21759,319.3661,1.037266,0.3681764,0.0187909,-0.9295657,0.0,0.0,0.0,0.7553815,-0.3664269,-2.847651,-0.2175396,0.07559229,1.193238,0.7537386,0.01637747,0.6569703,-0.2911509,0.904548,0.3114867,-0.5891598,-0.4260571,0.6865611,moving,-2.489629112236884,1.6685426410765605,-10.332139150247734,3.6248754030113832,-0.9090555,-0.44021625,0.683338,-0.0434201661467876,0.0290899839161328,0.9986332207181796,-1.741758687500229,2.4999681184772395,8.060904921691092,8.082833758758154,8.66372049950551
2230,05/05/2023 12:21:59.298665,2428,True,True,True,True,Eyes,1.5201,0.07190078,-3.612851,-0.6349673,-0.398629,0.6617488,0.0,0.0,0.0,0.0,0.0,0.0,0.0,1.084351,1.493441,3.438227,1.669222,0.0750242,-3.526423,0.1986645,-0.3440028,0.08482016,0.9137834,24.92487,318.9973,1.158313,0.3699723,0.01874451,-0.9288533,0.0,0.0,0.0,0.7522895,-0.3664369,-2.847486,-0.222998,0.07112423,1.194423,0.7489353,0.01833221,0.6623895,-0.2916968,0.9066759,0.3047159,-0.5949865,-0.4214294,0.684389,moving,-2.5525724898127566,1.4589776340036915,-10.575333077159092,3.407764127444799,-0.9169325,-0.4414611,0.6789369999999999,-0.0445216496945619,0.0254359651494439,0.9986845650139592,-1.803308788131672,2.2840052773236925,8.235708819830517,8.256055731334195,8.8437121210786
2231,05/05/2023 12:21:59.318161,2429,True,True,True,True,Eyes,1.526152,0.072016,-3.60891,-0.6404434,-0.3974844,0.6571441,0.0,0.0,0.0,0.0,0.0,0.0,0.0,1.097888,1.503956,3.427979,1.67477,0.07633023,-3.522442,0.2003666,-0.3464432,0.08541407,0.9124336,25.13956,318.6578,1.078418,0.3717566,0.01870444,-0.9281414,0.0,0.0,0.0,0.7495352,-0.3664458,-2.847339,-0.2271669,0.06182434,1.196022,0.7453631,0.01703803,0.666441,-0.2947006,0.9051154,0.3064601,-0.5979846,-0.4248246,0.6796607,moving,-2.648516944551983,1.7415246480337212,-10.754393915344131,2.9590791692315874,-0.9252348,-0.44277603,0.675103,-0.0461875812150145,0.0303582251478413,0.9984713568846676,-1.898547948756699,2.573917333905691,8.182781865420885,8.19680916440708,8.864217812267166
2232,05/05/2023 12:21:59.337968,2430,True,True,True,True,Eyes,1.532182,0.07216866,-3.604942,-0.6459052,-0.3961498,0.6525885,0.0,0.0,0.0,0.0,0.0,0.0,0.0,1.119881,1.504434,3.418182,1.679814,0.0781701,-3.517603,0.2007776,-0.3496817,0.08758947,0.9109002,25.27945,318.27,1.213764,0.3735295,0.01867191,-0.92743,0.0,0.0,0.0,0.7466719,-0.366455,-2.847187,-0.2284038,0.04754961,1.197436,0.7401016,0.01915405,0.6722223,-0.299987,0.9040329,0.3045198,-0.6018783,-0.4270335,0.6748222,moving,-2.6919754026840104,1.971065086631646,-10.79910739524754,2.273993216782511,-0.9331421,-0.4446251,0.6704159999999999,-0.0469388209872622,0.0343568782974865,0.9983067132686764,-1.9419262479789003,2.80968160575878,8.105992560395567,8.112789569370317,8.873365760838162
2233,05/05/2023 12:21:59.348186,2431,True,True,True,True,Eyes,1.53819,0.07233788,-3.600987,-0.6514265,-0.3949386,0.6478172,0.0,0.0,0.0,0.0,0.0,0.0,0.0,1.137418,1.477005,3.422314,1.685322,0.07916979,-3.512964,0.1973783,-0.3529333,0.08738834,0.9104083,24.90242,317.897,1.250548,0.3752921,0.01864714,-0.9267187,0.0,0.0,0.0,0.7438501,-0.3664641,-2.847036,-0.2312244,0.06276038,1.19842,0.7356027,0.01979531,0.677124,-0.2984409,0.9068101,0.2977052,-0.6081298,-0.4210742,0.6729597,moving,-2.772888259028335,1.6715881749202777,-10.92051688046996,2.997799593294897,-0.9414719,-0.44563389,0.6659280000000001,-0.0483566038823315,0.0291364547518926,0.998405134779218,-2.020977178246225,2.501124940303333,8.239927848021587,8.254858501462154,8.913388391761062
2234,05/05/2023 12:21:59.368301,2432,True,True,True,True,Eyes,1.544182,0.0725203,-3.597008,-0.6568545,-0.3937712,0.6430292,0.0,0.0,0.0,0.0,0.0,0.0,0.0,1.15621,1.485866,3.410845,1.691244,0.07974858,-3.50882,0.1987901,-0.356019,0.08836097,0.9088044,25.1025,317.4836,1.206023,0.377044,0.01862977,-0.9260076,0.0,0.0,0.0,0.7408391,-0.3664738,-2.846876,-0.2343882,0.07030681,1.198944,0.7308856,0.01905956,0.6822339,-0.3021518,0.9053497,0.2984063,-0.6119727,-0.424239,0.6674659,moving,-2.804169642709236,1.9423296282763047,-11.061558518512456,3.3560162992637945,-0.9504049,-0.44622238,0.6619440000000001,-0.0488944190452714,0.0338530186313706,0.9982301603779058,-2.052449498870228,2.7793466783684577,8.358927752419989,8.377528337759678,9.027546354323666
2235,05/05/2023 12:21:59.388226,2433,True,True,True,True,Eyes,1.550124,0.07270005,-3.593072,-0.6623701,-0.3925353,0.6381081,0.0,0.0,0.0,0.0,0.0,0.0,0.0,1.170705,1.485021,3.404317,1.696872,0.08024439,-3.504198,0.1989218,-0.3587856,0.08839621,0.9076834,25.12197,317.1146,1.122125,0.378787,0.0186194,-0.9252961,0.0,0.0,0.0,0.7379934,-0.3664829,-2.846724,-0.2376924,0.06241669,1.200403,0.726918,0.01773103,0.6864953,-0.3032121,0.9052325,0.2976854,-0.6161596,-0.4245466,0.6634061,moving,-2.890209794762057,2.034629756919705,-11.200285013955206,2.9764963990585183,-0.9588786,-0.44672729,0.6574740000000001,-0.0503905803885323,0.0354584223064047,0.9980999689917628,-2.137477608158349,2.873671322650221,8.34956015981983,8.363280631440146,9.063390704968242
2236,05/05/2023 12:21:59.398265,2434,True,True,True,True,Eyes,1.556069,0.07285033,-3.589132,-0.6678094,-0.3913638,0.633139,0.0,0.0,0.0,0.0,0.0,0.0,0.0,1.187307,1.477277,3.400659,1.702706,0.08034824,-3.500123,0.1980614,-0.3618482,0.08823343,0.9066709,25.0246,316.7204,1.053563,0.3805204,0.01861525,-0.9245847,0.0,0.0,0.0,0.7350472,-0.3664924,-2.846567,-0.237299,0.07238978,1.202331,0.7225614,0.01666107,0.6911059,-0.3033338,0.9059731,0.2952988,-0.6212034,-0.4230072,0.6596751,moving,-2.9531404815539,2.0066665248866857,-11.164734730198472,3.445497160294084,-0.9676588,-0.44684064,0.653556,-0.0514876972166488,0.0349693346893797,0.9980612078758038,-2.199443111885622,2.8444741194246004,8.317005503392016,8.336696809993722,8.985414987469786
2237,05/05/2023 12:21:59.418360,2435,True,True,True,True,Eyes,1.56199,0.07298023,-3.585217,-0.6732609,-0.3902784,0.6280147,0.0,0.0,0.0,0.0,0.0,0.0,0.0,1.205892,1.478529,3.392329,1.708723,0.07979057,-3.496,0.1983388,-0.3650761,0.08851027,0.9052885,25.07052,316.2916,0.9765294,0.3822451,0.01861595,-0.9238731,0.0,0.0,0.0,0.7322927,-0.3665013,-2.84642,-0.2368311,0.07950716,1.204251,0.7177708,0.01543715,0.6961084,-0.3050722,0.9056553,0.2944816,-0.6258883,-0.4237335,0.6547623,moving,-2.9888149632562437,2.116092350269997,-11.12594916644223,3.7773047830631694,-0.9764303,-0.44629187,0.6495799999999998,-0.0521055449623905,0.036874223180558,0.9979605384184602,-2.2348656404424165,2.9567626483536915,8.281082623857317,8.3049731960751,8.92886642643616
2238,05/05/2023 12:21:59.438306,2436,True,True,True,True,Eyes,1.567926,0.07308371,-3.581295,-0.6786708,-0.3892502,0.6228083,0.0,0.0,0.0,0.0,0.0,0.0,0.0,1.228433,1.478154,3.383217,1.71472,0.07942298,-3.491929,0.1984251,-0.3687075,0.08927494,0.9037214,25.11742,315.8223,0.951619,0.383961,0.01862049,-0.9231611,0.0,0.0,0.0,0.7293941,-0.3665106,-2.846266,-0.240062,0.08564785,1.205781,0.7121694,0.01503767,0.7018465,-0.307681,0.9053149,0.2928094,-0.630989,-0.4244747,0.6493644,moving,-2.98678087589814,2.22574443148022,-11.25992979732163,4.062953541778988,-0.9853259,-0.44593358,0.6456629999999999,-0.0520663489936084,0.0387841210024009,0.997890193749852,-2.233118996390271,3.069546827697182,8.446547920504184,8.474687627931514,9.081308833829729
2239,05/05/2023 12:21:59.448268,2437,True,True,True,True,Eyes,1.573851,0.07315566,-3.5774,-0.68412,-0.3882072,0.6174747,0.0,0.0,0.0,0.0,0.0,0.0,0.0,1.254683,1.47391,3.374316,1.721024,0.07889856,-3.487763,0.1979667,-0.3727567,0.09053832,0.9020337,25.12805,315.3174,0.9968149,0.3856696,0.0186278,-0.9224485,0.0,0.0,0.0,0.7265002,-0.3665199,-2.846112,-0.2460348,0.09551075,1.206942,0.7057106,0.01575039,0.7083251,-0.310924,0.905224,0.2896478,-0.6366308,-0.4246428,0.6437234,moving,-2.9562787975059925,2.3038138545517195,-11.521864262587114,4.524643658964047,-0.9945238,-0.44541846,0.641651,-0.0515323328328313,0.0401448929187414,0.9978641269818648,-2.203236755876848,3.1500488303813805,8.812330131654928,8.848804403973174,9.419465459970825
2240,05/05/2023 12:21:59.468073,2438,True,True,True,True,Eyes,1.579812,0.07317073,-3.57351,-0.6895518,-0.3872348,0.6120192,0.0,0.0,0.0,0.0,0.0,0.0,0.0,1.283598,1.464244,3.366625,1.727362,0.07818884,-3.483663,0.196793,-0.377211,0.09153539,0.9003365,25.05044,314.7657,1.034766,0.387371,0.01863678,-0.9217351,0.0,0.0,0.0,0.7236708,-0.366529,-2.845961,-0.2534628,0.09500879,1.208483,0.6986662,0.01636034,0.7152607,-0.3132902,0.9057876,0.2853034,-0.6432066,-0.423416,0.6379687,moving,-2.888288372743494,2.2889578457313693,-11.845309749128848,4.495246332314819,-1.0036912,-0.44471784,0.637702,-0.0503486910279826,0.0398885697208314,0.9979348113480736,-2.13618292290774,3.1352445287711155,9.1877123795463,9.224746111576993,9.803914964609216
2241,05/05/2023 12:21:59.487883,2439,True,True,True,True,Eyes,1.585804,0.07314142,-3.56962,-0.6950369,-0.386288,0.6063871,0.0,0.0,0.0,0.0,0.0,0.0,0.0,1.315087,1.46053,3.355504,1.734164,0.07685,-3.479767,0.1963379,-0.3818946,0.09307885,0.8983009,25.07685,314.1793,1.092217,0.3890663,0.01864579,-0.9210207,0.0,0.0,0.0,0.7208108,-0.3665382,-2.845809,-0.2604434,0.09249604,1.210646,0.6909857,0.01726487,0.7226622,-0.3171864,0.9055755,0.2816484,-0.6495626,-0.4238336,0.631216,moving,-2.79477330995026,2.3773342973408864,-12.14086934004697,4.36903672330125,-1.0133532,-0.4433882,0.6339579999999998,-0.0487167901141061,0.0414311543757185,0.9979529849447286,-2.044212453381004,3.2267860579511782,9.520849840079258,9.555960943691948,10.16106376663152
2242,05/05/2023 12:21:59.498243,2440,True,True,True,True,Eyes,1.591846,0.07307836,-3.565723,-0.700514,-0.3853856,0.6006314,0.0,0.0,0.0,0.0,0.0,0.0,0.0,1.349251,1.45225,3.344744,1.741002,0.07575227,-3.475628,0.1953181,-0.386873,0.09503859,0.8961852,25.06321,313.5716,1.215644,0.3907576,0.0186537,-0.9203043,0.0,0.0,0.0,0.7178884,-0.3665476,-2.845653,-0.2656896,0.08979222,1.213398,0.6825939,0.01921778,0.7305453,-0.3214709,0.905637,0.2765466,-0.6562943,-0.423618,0.6243603,moving,-2.683935083895118,2.4257303545298883,-12.35074848642588,4.232209871456685,-1.0231135999999998,-0.44229987,0.629975,-0.0467845064135218,0.0422779901369022,0.9980099123049562,-1.935072165467796,3.2773311693216542,9.80118405928139,9.834157289998185,10.459354978140764
2243,05/05/2023 12:21:59.518119,2441,True,True,True,True,Eyes,1.597911,0.07301909,-3.561831,-0.7059764,-0.3844544,0.5948043,0.0,0.0,0.0,0.0,0.0,0.0,0.0,1.385886,1.438098,3.335276,1.748229,0.07490462,-3.471449,0.1935145,-0.3920493,0.09785429,0.8940214,25.00767,312.9687,1.46903,0.3924457,0.01865973,-0.9195856,0.0,0.0,0.0,0.7149986,-0.3665569,-2.845499,-0.2701505,0.08820549,1.216265,0.6734439,0.02323323,0.7388732,-0.3267021,0.9059533,0.2692848,-0.6631283,-0.4227396,0.6176991,moving,-2.5747785021373217,2.4392890996488923,-12.522944295754254,4.147920231239344,-1.0332304,-0.44146152,0.62595,-0.0448826153273381,0.0425178770123054,0.9980870700046937,-1.8275074028277665,3.2920366565179013,10.061948387633445,10.093830937811967,10.729627534264688
2244,05/05/2023 12:21:59.538054,2442,True,True,True,True,Eyes,1.604043,0.07289072,-3.557924,-0.711533,-0.3833503,0.5888662,0.0,0.0,0.0,0.0,0.0,0.0,0.0,1.424441,1.415938,3.327457,1.755439,0.07497504,-3.466799,0.1907622,-0.3973815,0.1014735,0.8918526,24.8921,312.3773,1.85658,0.3941314,0.01866416,-0.9188643,0.0,0.0,0.0,0.712141,-0.3665661,-2.845346,-0.2745471,0.09250766,1.219407,0.6635821,0.02938807,0.747526,-0.3326095,0.9066258,0.2596161,-0.6700968,-0.4209108,0.6113955,moving,-2.4800762575953987,2.4086084393600613,-12.688456767816168,4.338309868394004,-1.043298,-0.44154114,0.6214529999999998,-0.0432338240535091,0.0419864735370146,0.9981823664036376,-1.734086179559415,3.261144010905072,10.353141289488656,10.389166484693122,11.007203153817253
2245,05/05/2023 12:21:59.548089,2443,True,True,True,True,Eyes,1.610264,0.0727393,-3.554011,-0.716947,-0.38244,0.5828608,0.0,0.0,0.0,0.0,0.0,0.0,0.0,1.46692,1.378064,3.324366,1.763195,0.07317722,-3.462385,0.1857612,-0.4036072,0.1036008,0.8898656,24.47103,311.676,2.168056,0.3958167,0.01866535,-0.9181396,0.0,0.0,0.0,0.7093346,-0.3665752,-2.845197,-0.275752,0.08718888,1.223446,0.6527363,0.03443239,0.7568024,-0.3343307,0.9095193,0.2469771,-0.6798223,-0.4142331,0.605188,moving,-2.29593088058802,2.054079919342139,-12.701628330600634,4.076292330264668,-1.0538604,-0.43975242,0.6171879999999996,-0.0400351312782586,0.0358140437483727,0.9985562623706098,-1.5517368945357215,2.897818752820055,10.56747011697612,10.60037180744563,11.211997101710685
2246,05/05/2023 12:21:59.568007,2444,True,True,True,True,Eyes,1.616558,0.07258099,-3.550065,-0.7223732,-0.3816334,0.5766566,0.0,0.0,0.0,0.0,0.0,0.0,0.0,1.501868,1.381583,3.307253,1.771483,0.07254109,-3.458162,0.1863842,-0.4084178,0.1074216,0.8870832,24.73502,311.0873,2.419247,0.3975039,0.01866303,-0.9174104,0.0,0.0,0.0,0.7063968,-0.3665846,-2.84504,-0.2778873,0.09208763,1.227636,0.6433111,0.03833851,0.7646444,-0.3428289,0.9074431,0.2429308,-0.6845577,-0.4184223,0.5969118,moving,-2.20286102623084,2.3760547991951277,-12.754512293032612,4.2898462380854285,-1.0650862,-0.43912569,0.6131220000000002,-0.0384047068478305,0.0414275075534536,0.9984031082219252,-1.4607557047841524,3.229597884161202,10.688265851746143,10.7238025964566,11.34341502575854
2247,05/05/2023 12:21:59.588590,2445,True,True,True,True,Eyes,1.622953,0.07241818,-3.546075,-0.7279235,-0.3804538,0.5704229,0.0,0.0,0.0,0.0,0.0,0.0,0.0,1.547185,1.363787,3.292902,1.779516,0.07227362,-3.453259,0.1843606,-0.4146245,0.1115406,0.8841134,24.73905,310.3634,2.798847,0.399194,0.01865736,-0.9166765,0.0,0.0,0.0,0.7034836,-0.366594,-2.844885,-0.278887,0.09566122,1.231527,0.6312905,0.04434826,0.7742775,-0.3501098,0.9071398,0.2334964,-0.6920227,-0.4184861,0.5881954,moving,-1.992580591037397,2.4613850119945586,-12.759775809963273,4.441640630983886,-1.0760324,-0.4388676199999999,0.608374,-0.0347380417749489,0.0429201402966244,0.9984744015955844,-1.2536812864673343,3.3188208204610694,10.909639347499164,10.94778083444307,11.560749781503176
2248,05/05/2023 12:21:59.598375,2446,True,True,True,True,Eyes,1.629453,0.07222421,-3.542078,-0.7334972,-0.3794353,0.5639244,0.0,0.0,0.0,0.0,0.0,0.0,0.0,1.585016,1.328593,3.288974,1.787887,0.07193694,-3.448633,0.1799652,-0.4205788,0.1125651,0.8820744,24.34125,309.6564,2.969694,0.4008895,0.01864855,-0.9159364,0.0,0.0,0.0,0.700636,-0.3666032,-2.844733,-0.2806869,0.08857495,1.236213,0.6208851,0.04720238,0.7824792,-0.3499607,0.9098833,0.2228005,-0.701448,-0.4121704,0.5814519,moving,-1.8389883357868912,2.127019466156545,-12.792339778833831,4.098252408487056,-1.087251,-0.43854014,0.6038999999999999,-0.0320688032969911,0.037095877307882,0.9987970294064492,-1.1014960232052595,2.976018800215589,11.09605118406271,11.129315663949312,11.744583261659548
2249,05/05/2023 12:21:59.618245,2447,True,True,True,True,Eyes,1.636062,0.07201824,-3.53807,-0.7390885,-0.378303,0.5573464,0.0,0.0,0.0,0.0,0.0,0.0,0.0,1.631696,1.323166,3.268599,1.796884,0.07103022,-3.444285,0.1796347,-0.4272198,0.1153409,0.8785848,24.46898,308.8083,3.097781,0.402592,0.0186361,-0.9151896,0.0,0.0,0.0,0.6976549,-0.3666128,-2.844574,-0.2815363,0.0943166,1.240775,0.6083596,0.04918656,0.792136,-0.3561605,0.9088557,0.2170968,-0.7092591,-0.4142004,0.5704293,moving,-1.5337989385560338,2.3167457630016632,-12.784153173132674,4.346937000089647,-1.0992291,-0.43764302,0.5997109999999997,-0.0267447812921235,0.0404093638319,0.9988252000337936,-0.8011149026645497,3.1732681303918917,11.394904953872066,11.43206660506338,12.040378100674468
2250,05/05/2023 12:21:59.628111,2448,True,True,True,True,Eyes,1.642796,0.0718076,-3.534041,-0.7446631,-0.3774025,0.5504946,0.0,0.0,0.0,0.0,0.0,0.0,0.0,1.676076,1.317557,3.248691,1.80611,0.07053508,-3.439792,0.1793505,-0.4337866,0.1171927,0.8751733,24.55703,307.9482,3.121505,0.4043035,0.01862002,-0.9144351,0.0,0.0,0.0,0.6947446,-0.3666221,-2.844419,-0.2834534,0.09574544,1.244887,0.59619,0.04952817,0.8013141,-0.3607275,0.9081986,0.2122522,-0.7172399,-0.4155987,0.5593252,moving,-1.2350106352108896,2.44829406198157,-12.82721995620689,4.398014537093168,-1.1113654,-0.43715718,0.5953730000000004,-0.0215336684692053,0.042707886340067,0.9988555559757588,-0.50690631686018,3.31064055633287,11.717137578197256,11.755029854188203,12.368205623529512
2251,05/05/2023 12:21:59.648333,2449,True,True,True,True,Eyes,1.649638,0.07161855,-3.529993,-0.750081,-0.3765034,0.5437129,0.0,0.0,0.0,0.0,0.0,0.0,0.0,1.721098,1.318743,3.225009,1.815779,0.0702596,-3.435107,0.1800269,-0.4402305,0.1201906,0.8714022,24.80775,307.1024,3.218434,0.4060255,0.01860054,-0.9136721,0.0,0.0,0.0,0.6918296,-0.3666315,-2.844264,-0.2845999,0.09535572,1.249689,0.5835027,0.05096196,0.8105108,-0.3679753,0.906289,0.2079286,-0.7239606,-0.4195748,0.5475749,moving,-0.9279543883161888,2.742652735761067,-12.829535037127176,4.363416799462482,-1.1239494,-0.4368911,0.590843,-0.016176605435704,0.0478437815038503,0.998723847921416,-0.2049315720530102,3.615510462044466,11.974885811100105,12.011431975011892,12.646737782523708
2252,05/05/2023 12:21:59.668081,2450,True,True,True,True,Eyes,1.656599,0.07143161,-3.525921,-0.7555254,-0.3755856,0.5367653,0.0,0.0,0.0,0.0,0.0,0.0,0.0,1.760428,1.314437,3.20564,1.825334,0.07061434,-3.430182,0.1799898,-0.4460984,0.1226101,0.8680821,24.9536,306.3354,3.305983,0.4077593,0.01857854,-0.9129001,0.0,0.0,0.0,0.6890062,-0.3666406,-2.844114,-0.285031,0.09874289,1.254227,0.5719259,0.0522849,0.8186373,-0.3734576,0.9051409,0.2030995,-0.7303631,-0.4218842,0.5371997,moving,-0.7071695647619654,2.935947264596769,-12.803371625461615,4.501502057473698,-1.1363278,-0.43725494,0.586068,-0.0123259273211974,0.0512156378338667,0.9986116313229848,0.0122427258707158,3.8158408893119513,12.158361757734378,12.197092526613645,12.833943370593472
2253,05/05/2023 12:21:59.687988,2451,True,True,True,True,Eyes,1.663684,0.0712813,-3.52182,-0.7607852,-0.3744667,0.5300761,0.0,0.0,0.0,0.0,0.0,0.0,0.0,1.797365,1.297664,3.192434,1.835114,0.07046858,-3.425416,0.1781712,-0.4519961,0.1236695,0.8652518,24.84229,305.5729,3.344758,0.4095068,0.01855429,-0.912118,0.0,0.0,0.0,0.6861047,-0.3666499,-2.843959,-0.2844815,0.1023807,1.25916,0.5608109,0.0529452,0.8262494,-0.3750758,0.9059218,0.1965296,-0.738112,-0.4201221,0.5279092,moving,-0.4880832114734403,2.8827366703977524,-12.731068420203862,4.648421301623162,-1.1490093,-0.43711848,0.5814569999999999,-0.0085077774891162,0.0502902041034763,0.9986984604136356,0.2283236708317141,3.7626450739184634,12.32800783380127,12.369653553682795,12.98962828162385
2254,05/05/2023 12:21:59.698259,2452,True,True,True,True,Eyes,1.670888,0.07108378,-3.517705,-0.7661132,-0.3732297,0.5232306,0.0,0.0,0.0,0.0,0.0,0.0,0.0,1.827502,1.291277,3.178545,1.845032,0.07117341,-3.420687,0.1777459,-0.4568535,0.1252889,0.862551,24.90451,304.9339,3.396012,0.4112692,0.01852893,-0.9113253,0.0,0.0,0.0,0.6832398,-0.3666591,-2.843806,-0.2832623,0.1058633,1.264419,0.5511752,0.05372849,0.8326579,-0.3785439,0.9054182,0.1921524,-0.7435796,-0.4211072,0.5193825,moving,-0.3811827535440259,3.016271038356232,-12.627236793517069,4.785918915162198,-1.1617922,-0.43783251,0.5768810000000002,-0.0066436291407915,0.0526183896244848,0.998592645785986,0.3333818487468887,3.900721910064199,12.329486345086313,12.373257176581433,12.990812496839236
2255,05/05/2023 12:21:59.717879,2453,True,True,True,True,Eyes,1.678221,0.07092028,-3.513589,-0.7711717,-0.372048,0.5165991,0.0,0.0,0.0,0.0,0.0,0.0,0.0,1.864609,1.26518,3.168366,1.855062,0.06981178,-3.416118,0.1745241,-0.4629342,0.1257662,0.8598933,24.6193,304.1603,3.449849,0.4130473,0.01850135,-0.9105214,0.0,0.0,0.0,0.6802911,-0.3666686,-2.843649,-0.2810544,0.1076888,1.270151,0.5397497,0.05470472,0.8400462,-0.3778773,0.9074484,0.1837012,-0.7522493,-0.4165871,0.5104668,moving,-0.1506017942438496,2.7910582177439043,-12.4771541983484,4.846189806487889,-1.1747709,-0.43648038,0.5724689999999999,-0.002625376287163,0.0486937274586537,0.9988103742008456,0.561198432285452,3.670713210976256,12.4515464502162,12.49669796459005,13.09123311790575
2256,05/05/2023 12:21:59.738001,2454,True,True,True,True,Eyes,1.685645,0.07080773,-3.509445,-0.776205,-0.370998,0.5097709,0.0,0.0,0.0,0.0,0.0,0.0,0.0,1.892414,1.280337,3.14723,1.865441,0.07048485,-3.411849,0.1769674,-0.4672087,0.128118,0.8567289,25.02046,303.5497,3.426753,0.4148421,0.0184726,-0.9097056,0.0,0.0,0.0,0.6774146,-0.3666779,-2.843496,-0.2780471,0.1127429,1.276031,0.5306036,0.05416323,0.8458878,-0.3848861,0.9045367,0.1835106,-0.755197,-0.4229419,0.5007971,moving,-0.042624408377439,3.251424251419396,-12.29259928991711,5.049220164696208,-1.1880264,-0.43716275,0.5683530000000001,-0.0007427386896898,0.0567175923086112,0.998390029786838,0.6665480274858991,4.1449225514900405,12.333485654766193,12.381193591255558,12.990660236008177
2257,05/05/2023 12:21:59.748325,2455,True,True,True,True,Eyes,1.69318,0.07070575,-3.505276,-0.7812309,-0.3694173,0.503199,0.0,0.0,0.0,0.0,0.0,0.0,0.0,1.931811,1.263647,3.13032,1.874992,0.07164292,-3.406886,0.1754514,-0.4729386,0.1316103,0.853361,25.0832,302.8354,3.713961,0.4166542,0.01844409,-0.9088777,0.0,0.0,0.0,0.6745955,-0.366687,-2.843346,-0.2745141,0.1169849,1.282074,0.5180157,0.05866667,0.8533569,-0.3905776,0.9037911,0.1749596,-0.760992,-0.4239339,0.4910918,moving,0.1748222705371561,3.399340666878605,-12.085525696514104,5.213607953278005,-1.2003965,-0.43832992,0.5635400000000002,0.0030458510964291,0.0592946140417132,0.998235926919004,0.880538809067256,4.298561278153571,12.34359975035924,12.39385727123227,12.998312935937228
2349,05/05/2023 12:22:01.288514,2547,True,True,True,True,Eyes,2.050761,0.07437272,-2.882691,-0.9418824,-0.3357354,0.01179981,0.0,0.0,0.0,0.0,0.0,0.0,0.0,2.840967,0.3633626,1.703903,2.061731,0.08259038,-2.617031,0.09940563,-0.729468,0.177464,0.6530709,22.87652,264.7684,5.403778,0.5696976,0.0209909,-0.8215858,0.0,0.0,0.0,0.6745955,-0.366687,-2.843346,-0.20561,0.1002134,1.432591,-0.1272339,0.08676668,0.9880704,-0.3768196,0.9172501,-0.1290707,-0.9175068,-0.3887464,-0.08400986,moving,5.881633281613818,2.6183750199154243,-8.167496131531417,4.001467760056952,-1.3871355,-0.44927738,-0.226315,0.1023678034389481,0.0454433669218844,0.9937080471551204,6.507638507784446,3.5351856880944057,14.091063575822654,14.117045823936916,14.682540504036826
2350,05/05/2023 12:22:01.298272,2548,True,True,True,True,Eyes,2.050761,0.07437272,-2.882691,-0.9418824,-0.3357354,0.01179981,0.0,0.0,0.0,0.0,0.0,0.0,0.0,2.85372,0.3448363,1.670863,2.060486,0.08298951,-2.608049,0.0977121,-0.7338495,0.1773581,0.64843,22.76965,264.0135,5.388913,0.570687,0.02099375,-0.8208989,0.0,0.0,0.0,0.6768047,-0.3648475,-2.843241,-0.1980509,0.1111785,1.431159,-0.139982,0.08659667,0.9863601,-0.3734205,0.9179929,-0.1335894,-0.91704,-0.3870272,-0.09616543,moving,6.575507085809762,2.4195409412676496,-7.878834932296018,4.442057747799502,-1.3836813,-0.44783701,-0.235192,0.1144117360809056,0.0419391873018616,0.9925477363705834,7.1920652279523525,3.335536577430753,14.56549603908264,14.595155956997584,15.11146653176483
2351,05/05/2023 12:22:01.318033,2549,True,True,True,True,Eyes,2.050779,0.07461078,-2.871405,-0.9419792,-0.3356644,0.002122402,0.0,0.0,0.0,0.0,0.0,0.0,0.0,2.86578,0.3311382,1.638258,2.05972,0.08320794,-2.599397,0.09666846,-0.7380171,0.1772335,0.6438745,22.71127,263.2747,5.321083,0.5715768,0.0209963,-0.8202795,0.0,0.0,0.0,0.6788795,-0.3631198,-2.843142,-0.1907127,0.1169751,1.430502,-0.1521619,0.08554638,0.9846465,-0.3709182,0.918487,-0.1371181,-0.916115,-0.3860875,-0.108028,moving,6.707772893389731,2.3545768537529743,-7.593820882966693,4.674793019969592,-1.3808405,-0.44632774,-0.2437449999999996,0.1167081933396506,0.0408027959014972,0.9923276861522432,7.322594005949903,3.269647618839155,14.457422032818036,14.488581283268896,14.982451960096878
2352,05/05/2023 12:22:01.338345,2550,True,True,True,True,Eyes,2.050725,0.07487751,-2.860254,-0.9419714,-0.3356039,-0.007737922,0.0,0.0,0.0,0.0,0.0,0.0,0.0,2.878952,0.3175445,1.602125,2.057961,0.08393258,-2.59109,0.09585463,-0.7424122,0.1771189,0.6389562,22.67381,262.4819,5.224144,0.572529,0.02101081,-0.819615,0.0,0.0,0.0,0.6809725,-0.361377,-2.843043,-0.1806724,0.1223167,1.430729,-0.1650939,0.08401521,0.9826931,-0.3686698,0.9188815,-0.1404967,-0.9147825,-0.3854843,-0.1207279,moving,6.881117643545835,2.3080879105143497,-7.1972129572621375,4.886481524077837,-1.3769885000000002,-0.44530958,-0.2519530000000003,0.1197138526009686,0.0399832138627426,0.9920029776440632,7.493571166447055,3.223045602344744,14.280426171728717,14.31249475570598,14.784659523815153
2353,05/05/2023 12:22:01.347870,2551,True,True,True,True,Eyes,2.050587,0.07517011,-2.84925,-0.9419497,-0.3353065,-0.01732922,0.0,0.0,0.0,0.0,0.0,0.0,0.0,2.893939,0.308496,1.560967,2.056019,0.08486111,-2.583072,0.09587941,-0.7471527,0.1767933,0.6334937,22.68479,261.5951,5.019226,0.5735347,0.02103691,-0.8189108,0.0,0.0,0.0,0.6831428,-0.3595699,-2.84294,-0.1680862,0.1234557,1.430881,-0.1789858,0.08072181,0.9805346,-0.367268,0.9191025,-0.1427052,-0.9127312,-0.3856611,-0.1348598,moving,7.159863445593902,2.3243004424781177,-6.699854424544695,4.931239216304724,-1.3728762,-0.44443101,-0.259868,0.1245372600998465,0.040239841844677,0.9913986151459394,7.768295430855163,3.2416629679272995,14.071705563528944,14.102762467343757,14.566469309252264
2354,05/05/2023 12:22:01.368262,2552,True,True,True,True,Eyes,2.050367,0.07545804,-2.838375,-0.9418101,-0.3350462,-0.02715914,0.0,0.0,0.0,0.0,0.0,0.0,0.0,2.91023,0.302659,1.515001,2.053685,0.08575287,-2.57513,0.0965274,-0.7522044,0.176383,0.6275032,22.73656,260.6237,4.735772,0.5745862,0.02107422,-0.8181724,0.0,0.0,0.0,0.6854067,-0.3576848,-2.842832,-0.1611705,0.153445,1.4287,-0.1938446,0.07614508,0.9780728,-0.3665783,0.919143,-0.1442095,-0.9099696,-0.3864945,-0.1502578,moving,7.504264272826487,2.382118824128894,-6.436280409801803,6.130173030903354,-1.3682783,-0.44343767,-0.2677019999999999,0.130489034814165,0.0412084555709341,0.9905929105665532,8.107638459598908,3.303527075008901,14.39173208728426,14.435605161726874,14.816055596537309
2355,05/05/2023 12:22:01.387980,2553,True,True,True,True,Eyes,2.050062,0.07574768,-2.827648,-0.9415957,-0.3347469,-0.03663268,0.0,0.0,0.0,0.0,0.0,0.0,0.0,2.926257,0.2935652,1.468669,2.051313,0.08590174,-2.567272,0.09662502,-0.7572934,0.1762148,0.6213845,22.76642,259.6503,4.518758,0.5756758,0.0211215,-0.8174049,0.0,0.0,0.0,0.6874036,-0.3560221,-2.842738,-0.1544168,0.1537355,1.428293,-0.2090899,0.07264734,0.9751943,-0.3653412,0.9192238,-0.1468101,-0.9070873,-0.3869752,-0.1656594,moving,7.871663091809404,2.411154925157493,-6.1704425813873405,6.143426705266997,-1.3639093999999998,-0.44192384,-0.2754660000000002,0.136835663641799,0.0416744482037319,0.9897166989016128,8.469718654355988,3.335950865474792,14.486507841561847,14.529645018988797,14.906919252467244
2356,05/05/2023 12:22:01.398454,2554,True,True,True,True,Eyes,2.049676,0.07602933,-2.817045,-0.941246,-0.3345354,-0.04628035,0.0,0.0,0.0,0.0,0.0,0.0,0.0,2.940635,0.2876805,1.423151,2.048722,0.08625469,-2.559443,0.097474,-0.7618852,0.1772757,0.6153073,22.9595,258.7307,4.336882,0.5767964,0.02117782,-0.816613,0.0,0.0,0.0,0.6894651,-0.3543055,-2.84264,-0.1512292,0.1447463,1.42926,-0.2237915,0.06963005,0.9721467,-0.366686,0.9181443,-0.1501745,-0.9030277,-0.3900804,-0.1799406,moving,8.19264127589212,2.6022703716054787,-6.039960834572224,5.782833180797651,-1.3592569,-0.44056019,-0.2831969999999999,0.1423578277188827,0.0449401556272839,0.988794452080228,8.785659663404365,3.534738948438462,14.543837717783823,14.583653267203337,14.99509755978901
2357,05/05/2023 12:22:01.418425,2555,True,True,True,True,Eyes,2.049191,0.07631518,-2.806603,-0.9408569,-0.334235,-0.05545524,0.0,0.0,0.0,0.0,0.0,0.0,0.0,2.953218,0.2797867,1.380544,2.046201,0.08633536,-2.551722,0.09778305,-0.7662852,0.177859,0.6095996,23.06645,257.8586,4.175229,0.5779421,0.02124207,-0.8158008,0.0,0.0,0.0,0.6915431,-0.3525752,-2.842541,-0.1438287,0.1583156,1.428307,-0.2376536,0.0669862,0.9690375,-0.366705,0.9176093,-0.1533644,-0.8994712,-0.3917985,-0.1935089,moving,8.48976113928976,2.713523358600627,-5.750228252448473,6.324928521067664,-1.3546579,-0.4389105599999999,-0.2908190000000004,0.1474707374050057,0.046824595183919,0.9879574201559258,9.078271473936285,3.651227338371283,14.64546542794233,14.690797974388966,15.067617003021574
2358,05/05/2023 12:22:01.437934,2556,True,True,True,True,Eyes,2.048601,0.07659868,-2.796289,-0.9403435,-0.3340085,-0.06474955,0.0,0.0,0.0,0.0,0.0,0.0,0.0,2.963593,0.2732638,1.340022,2.042934,0.08674233,-2.544034,0.09814174,-0.7704363,0.1777288,0.6043249,23.10868,257.0316,3.964316,0.5791069,0.02131359,-0.8149725,0.0,0.0,0.0,0.6937171,-0.350765,-2.842438,-0.1360313,0.1491368,1.428998,-0.2503194,0.06358793,0.9660731,-0.3660358,0.9175614,-0.1552384,-0.8963026,-0.3924764,-0.2064079,moving,8.729379601874957,2.7705479905156176,-5.437799029856127,5.958081650314647,-1.3492168999999998,-0.4375073299999999,-0.2984040000000001,0.1515943574926601,0.0477777112571983,0.987287456302932,9.31433137021694,3.711544424864533,14.480978370029334,14.521340200399193,14.922207639826388
2359,05/05/2023 12:22:01.447922,2557,True,True,True,True,Eyes,2.047924,0.0768614,-2.786196,-0.939864,-0.3337636,-0.07250931,0.0,0.0,0.0,0.0,0.0,0.0,0.0,2.972612,0.2707776,1.301206,2.039682,0.08694212,-2.536734,0.09907176,-0.7742019,0.1777617,0.5993304,23.20364,256.2533,3.722528,0.5802858,0.02139162,-0.8141316,0.0,0.0,0.0,0.695807,-0.3490248,-2.842339,-0.1266999,0.1479339,1.429659,-0.2619757,0.05967292,0.963228,-0.3664792,0.9171711,-0.1564935,-0.8927833,-0.3940004,-0.2184078,moving,9.012806856485977,2.8825493046228807,-5.064462020182212,5.907653499073477,-1.3438750000000002,-0.43596692,-0.3056049999999999,0.1564618798031197,0.0496694012995168,0.9864343414341664,9.59344447889796,3.828706934746138,14.359531050543856,14.398637241534123,14.804602046428172
2360,05/05/2023 12:22:01.467970,2558,True,True,True,True,Eyes,2.047153,0.07710745,-2.776235,-0.939243,-0.3336838,-0.0804847,0.0,0.0,0.0,0.0,0.0,0.0,0.0,2.981597,0.268493,1.261147,2.036212,0.08680295,-2.529585,0.1000532,-0.7780037,0.1778771,0.594188,23.30833,255.4578,3.477196,0.5814732,0.0214749,-0.8132818,0.0,0.0,0.0,0.6979867,-0.3472098,-2.842235,-0.1184087,0.1551567,1.429255,-0.2738601,0.05570146,0.9601554,-0.3670685,0.9166982,-0.1578774,-0.8889666,-0.395679,-0.2306008,moving,9.298137710946786,2.996257072204421,-4.735936489864289,6.195638557869971,-1.3382253,-0.43401275,-0.3126500000000001,0.1613566296524224,0.0515857743759785,0.985547068543543,9.874429963633354,3.947637695202274,14.35276922462471,14.39414049412783,14.782297378420042
2361,05/05/2023 12:22:01.487921,2559,True,True,True,True,Eyes,2.046297,0.07733616,-2.766482,-0.9385401,-0.3336376,-0.08847892,0.0,0.0,0.0,0.0,0.0,0.0,0.0,2.991803,0.2664749,1.217643,2.032995,0.08663309,-2.522692,0.1014191,-0.7819337,0.1789231,0.588456,23.5265,254.6045,3.249404,0.5826645,0.02156243,-0.8124263,0.0,0.0,0.0,0.7000948,-0.3454545,-2.842135,-0.1110747,0.1539065,1.429136,-0.2868676,0.05197068,0.9565595,-0.3691827,0.9154015,-0.1604506,-0.8839747,-0.3991733,-0.2434124,moving,9.643541556045562,3.2140774290244902,-4.444183984954521,6.146607673010802,-1.3329002,-0.4320875899999999,-0.3194429999999997,0.1672618819132628,0.0552769790118318,0.9843617247619368,10.214384660498323,4.174060364661747,14.348098188701735,14.389709675682846,14.790692262944573
2362,05/05/2023 12:22:01.498318,2560,True,True,True,True,Eyes,2.045336,0.07753877,-2.756842,-0.9377346,-0.3336245,-0.09668734,0.0,0.0,0.0,0.0,0.0,0.0,0.0,3.001844,0.2574818,1.173466,2.029159,0.08654574,-2.515831,0.1018572,-0.7860003,0.1803073,0.5825101,23.71008,253.7413,3.126813,0.5838559,0.02165327,-0.8115683,0.0,0.0,0.0,0.7022554,-0.3436554,-2.842032,-0.103594,0.1560275,1.428443,-0.3006145,0.04994195,0.9524373,-0.3701812,0.9142289,-0.1647774,-0.8789749,-0.4021088,-0.2563429,moving,9.987794781602911,3.3792456875340497,-4.147960965075902,6.233651868058151,-1.3269036,-0.43020114,-0.3262010000000002,0.1731458641857174,0.0580544835022237,0.9831836631140476,10.553329245790524,4.346325770437659,14.378258466225727,14.421068794412475,14.821940954641413
2363,05/05/2023 12:22:01.523614,2561,True,True,True,True,Eyes,2.04418,0.07771076,-2.747141,-0.9369397,-0.3333973,-0.1048343,0.0,0.0,0.0,0.0,0.0,0.0,0.0,3.010959,0.2391264,1.131893,2.025443,0.08612872,-2.508864,0.100592,-0.7901935,0.1812727,0.5767284,23.73516,252.9079,3.138321,0.5850441,0.02174637,-0.8107097,0.0,0.0,0.0,0.7043963,-0.3418727,-2.841931,-0.09498823,0.1564449,1.427561,-0.3145309,0.05011592,0.9479231,-0.3680645,0.9140429,-0.1704525,-0.8749849,-0.4025095,-0.2690489,moving,10.306531625960048,3.378498897178243,-3.80678233290465,6.254027148175186,-1.3210467,-0.4280014199999999,-0.3330670000000002,0.178613352222465,0.0579841030582139,0.9822092983373036,10.867513033818485,4.347780460045723,14.361579758278149,14.403273712033895,14.797591727907504
2364,05/05/2023 12:22:01.538052,2562,True,True,True,True,Eyes,2.042892,0.0778446,-2.737546,-0.9360504,-0.3331946,-0.1130968,0.0,0.0,0.0,0.0,0.0,0.0,0.0,3.018074,0.218364,1.092483,2.02093,0.08534545,-2.501704,0.09866822,-0.7942679,0.1816342,0.5713249,23.65795,252.1218,3.179713,0.5862269,0.02184077,-0.8098521,0.0,0.0,0.0,0.7067009,-0.3399538,-2.841821,-0.08636537,0.1520372,1.426397,-0.3277051,0.05080629,0.9434131,-0.3642823,0.9145471,-0.1757892,-0.871727,-0.4012757,-0.2811939,moving,10.568577738797106,3.2740192942473345,-3.464910169197644,6.084087305331734,-1.3142291,-0.4252992499999999,-0.3401169999999998,0.1831229328666171,0.0561455693546405,0.9814853771094768,11.126060640769609,4.242157402331179,14.273994557376891,14.31206711452803,14.706771737702468
2365,05/05/2023 12:22:01.548090,2563,True,True,True,True,Eyes,2.042892,0.0778446,-2.737546,-0.9360504,-0.3331946,-0.1130968,0.0,0.0,0.0,0.0,0.0,0.0,0.0,3.022975,0.1983146,1.057393,2.01631,0.08458311,-2.494619,0.0969182,-0.797726,0.182799,0.5664141,23.66814,251.4403,3.283047,0.5874015,0.02193527,-0.8089979,0.0,0.0,0.0,0.7087553,-0.3382431,-2.841724,-0.07774699,0.1492919,1.425091,-0.3395641,0.05245149,0.9391195,-0.3617081,0.9143828,-0.1818553,-0.8682533,-0.4014386,-0.2915195,moving,11.212589856527382,3.1834823975520683,-3.1227218721218786,5.980466394825227,-1.3075546999999998,-0.42282621,-0.347105,0.1941611330076275,0.0544768371234621,0.9794557711432296,11.76108302518257,4.153537150020023,14.56967942743695,14.605625006775684,14.995509950866907
2366,05/05/2023 12:22:01.567935,2564,True,True,True,True,Eyes,2.042892,0.0778446,-2.737546,-0.9360504,-0.3331946,-0.1130968,0.0,0.0,0.0,0.0,0.0,0.0,0.0,3.025604,0.173456,1.026553,2.011012,0.08363783,-2.48737,0.09379292,-0.8011649,0.1823804,0.5622057,23.43418,250.8275,3.423068,0.5884575,0.02202027,-0.8082278,0.0,0.0,0.0,0.7109848,-0.3363867,-2.841618,-0.06917068,0.1480913,1.423764,-0.3502555,0.05478335,0.9350508,-0.3553577,0.9158806,-0.1867717,-0.8666269,-0.3976953,-0.3013246,moving,11.776408892135498,2.844858645558822,-2.7814120373601967,5.938206124987533,-1.3000272000000002,-0.4200245299999999,-0.3542480000000001,0.2038519121969019,0.0485895673842974,0.9777951374468136,12.317642876230172,3.8092165638752142,14.850734047123266,14.882840751810484,15.248411583995976
2367,05/05/2023 12:22:01.588660,2565,True,True,True,True,Eyes,2.041021,0.07781827,-2.727488,-0.9352366,-0.3324923,-0.1215791,0.0,0.0,0.0,0.0,0.0,0.0,0.0,3.027136,0.1519112,0.9976707,2.005738,0.08240109,-2.480362,0.09095486,-0.8043453,0.1816267,0.5583617,23.1882,250.2587,3.524462,0.5894072,0.02209674,-0.8075333,0.0,0.0,0.0,0.7129899,-0.3347171,-2.841523,-0.05922472,0.1463459,1.421974,-0.3599189,0.05650855,0.9312707,-0.349145,0.9174779,-0.1906097,-0.8651914,-0.3937525,-0.3104881,moving,11.81790595866185,2.6146225602794977,-2.384970760032156,5.876045914461885,-1.2927481,-0.41711819,-0.361161,0.2045976885518488,0.0446529432380956,0.9778271859562284,12.359089451710586,3.5727231871190024,14.544309963847695,14.57252858572,14.92288869870005
2368,05/05/2023 12:22:01.607812,2566,True,True,True,True,Eyes,2.039008,0.07771978,-2.717546,-0.9343745,-0.3317186,-0.1300278,0.0,0.0,0.0,0.0,0.0,0.0,0.0,3.027378,0.1343133,0.9703898,2.000169,0.08065379,-2.473364,0.08862457,-0.8071821,0.1810054,0.5548331,22.98888,249.739,3.598723,0.5903676,0.0221709,-0.8068294,0.0,0.0,0.0,0.715292,-0.3328002,-2.841413,-0.04705608,0.145399,1.419639,-0.368612,0.05778326,0.9277857,-0.3439279,0.9187655,-0.1938651,-0.8636195,-0.3905524,-0.3187946,moving,11.817480574509286,2.447106349340626,-1.8984601265730467,5.847825916366022,-1.284877,-0.41345399,-0.368049,0.2046157682465166,0.0417937138351285,0.9779498133737768,12.359064868766854,3.4004407527947453,14.106445115271123,14.131239255251336,14.466053820292904
2369,05/05/2023 12:22:01.618220,2567,True,True,True,True,Eyes,2.036819,0.07756173,-2.707714,-0.9335721,-0.3307903,-0.1379163,0.0,0.0,0.0,0.0,0.0,0.0,0.0,3.026166,0.1193836,0.9460003,1.99462,0.07881568,-2.466196,0.08666947,-0.8096178,0.1806893,0.5516875,22.84301,249.2846,3.672503,0.5913347,0.02224093,-0.806119,0.0,0.0,0.0,0.7172453,-0.3311737,-2.841321,-0.03303984,0.145082,1.417257,-0.3762589,0.05902985,0.9246324,-0.3397064,0.9196795,-0.1969496,-0.8619913,-0.3882075,-0.3259847,moving,11.793244049519984,2.3466098419338155,-1.3354674273713874,5.844903897769391,-1.2773747000000002,-0.40998938,-0.3751250000000001,0.2042163886357513,0.0400817426476531,0.9781048587943368,12.3354114910562,3.2969176534351816,13.565057175937486,13.586799709444229,13.906299446783972
2370,05/05/2023 12:22:01.638075,2568,True,True,True,True,Eyes,2.034452,0.07733958,-2.697991,-0.9327683,-0.3297129,-0.145714,0.0,0.0,0.0,0.0,0.0,0.0,0.0,3.024423,0.1050022,0.9216013,1.9883,0.07719864,-2.459311,0.08473293,-0.8120177,0.180003,0.548677,22.66319,248.8398,3.72291,0.5923033,0.02230551,-0.8054059,0.0,0.0,0.0,0.719376,-0.3293996,-2.84122,-0.01882786,0.145075,1.414277,-0.3835478,0.0599177,0.9215754,-0.3351363,0.9208385,-0.1993492,-0.8605666,-0.3853132,-0.333105,moving,11.763162372988608,2.226787110575668,-0.7627170584712404,5.856853432664269,-1.268924,-0.40659824,-0.3819089999999998,0.2037190887301492,0.0380401679465223,0.9782900113038352,12.306042029073785,3.173478035393328,13.02247054489032,13.041282031849123,13.341400511601831
2371,05/05/2023 12:22:01.648166,2569,True,True,True,True,Eyes,2.031914,0.07705123,-2.688405,-0.9320434,-0.3284839,-0.1529486,0.0,0.0,0.0,0.0,0.0,0.0,0.0,3.019968,0.09596133,0.9032681,1.981586,0.07542334,-2.452128,0.08307847,-0.8138847,0.1782176,0.5467435,22.39206,248.5164,3.698728,0.5932681,0.02236327,-0.8046938,0.0,0.0,0.0,0.7216598,-0.3274979,-2.841111,-0.005647451,0.14903,1.410454,-0.3883394,0.05964599,0.9195843,-0.3301112,0.9226729,-0.1992519,-0.8603601,-0.3809423,-0.3386205,moving,11.644069222948064,2.051968051794207,-0.2294107983249678,6.031550691180456,-1.2599262000000002,-0.40292124,-0.3889830000000001,0.2017071346456435,0.0350699808388466,0.978817743281014,12.189062675247904,2.992857568765074,12.505989026771127,12.522643722444329,12.784840214333837
2372,05/05/2023 12:22:01.668531,2570,True,True,True,True,Eyes,2.02919,0.07669989,-2.678927,-0.9313326,-0.3270849,-0.1601097,0.0,0.0,0.0,0.0,0.0,0.0,0.0,3.015508,0.08639812,0.8857541,1.974758,0.07355103,-2.445451,0.08146741,-0.8155601,0.1770189,0.5448753,22.18004,248.2225,3.716506,0.5942253,0.02241294,-0.8039859,0.0,0.0,0.0,0.7236539,-0.3258375,-2.841017,0.006360561,0.1511387,1.407063,-0.3929479,0.06002327,0.9175997,-0.3257896,0.9240548,-0.1999599,-0.8599146,-0.3775182,-0.3435504,moving,11.509231481976377,1.9409746571959856,0.2590010669955722,6.130879658720637,-1.2511041,-0.39938853,-0.3955660000000001,0.1994158986732547,0.0331896411899728,0.979352748880034,12.0564133300694,2.8777678286800894,11.990404745201634,12.005123419272309,12.23771517415218
2373,05/05/2023 12:22:01.688208,2571,True,True,True,True,Eyes,2.026257,0.07631242,-2.669543,-0.9306558,-0.3256153,-0.1668964,0.0,0.0,0.0,0.0,0.0,0.0,0.0,3.010538,0.07256737,0.8685839,1.967528,0.07162664,-2.438594,0.07895818,-0.8173875,0.1752833,0.5430645,21.858,247.9309,3.787129,0.5951703,0.02245343,-0.8032854,0.0,0.0,0.0,0.7257857,-0.3240624,-2.840915,0.01677662,0.1512721,1.403073,-0.3976931,0.06130141,0.9154685,-0.3194591,0.9260828,-0.20079,-0.8601082,-0.3723075,-0.3487134,moving,11.387937460155362,1.711004767486273,0.685056098336828,6.153566027654427,-1.2417423,-0.39568904,-0.4023209999999997,0.1973663488015034,0.0292709104547959,0.979892692167158,11.93739450857766,2.640412991335632,11.57540121246883,11.588270794018811,11.788017812812177
2374,05/05/2023 12:22:01.698636,2572,True,True,True,True,Eyes,2.023138,0.07588516,-2.660277,-0.9299651,-0.3240725,-0.1736143,0.0,0.0,0.0,0.0,0.0,0.0,0.0,3.005497,0.06101254,0.8511989,1.959867,0.07032004,-2.432129,0.07717873,-0.8189766,0.1743672,0.5412183,21.66297,247.6532,3.845301,0.5961004,0.02248464,-0.8025945,0.0,0.0,0.0,0.7278996,-0.3223023,-2.840815,0.02633536,0.1529803,1.398793,-0.4022529,0.06232622,0.9134048,-0.3151565,0.9272791,-0.2020641,-0.8595752,-0.3691462,-0.3533581,moving,11.266765355431376,1.6161384277694135,1.0785918530561065,6.24140092586465,-1.2319674,-0.3926223399999999,-0.4086859999999999,0.1953025476667681,0.0276600886965787,0.9803529119694174,11.818177514295584,2.542004169990581,11.177137842210144,11.188920077057828,11.358883595339472
2375,05/05/2023 12:22:01.718230,2573,True,True,True,True,Eyes,2.01982,0.07540717,-2.651096,-0.9292431,-0.3226481,-0.1800151,0.0,0.0,0.0,0.0,0.0,0.0,0.0,3.000507,0.04940969,0.8332026,1.952219,0.06891982,-2.425655,0.07539231,-0.820609,0.173503,0.5392714,21.47345,247.3636,3.90623,0.5970113,0.02250624,-0.8019167,0.0,0.0,0.0,0.7300671,-0.3204974,-2.840712,0.03628367,0.1551932,1.394026,-0.4070049,0.06339508,0.9112234,-0.3108656,0.9284255,-0.2034423,-0.8589002,-0.36607,-0.3581663,moving,11.17365248827921,1.5149936114970162,1.4909563327695134,6.3524291099361845,-1.2221519,-0.38941722,-0.415057,0.1937180385806949,0.0259377263945542,0.9807142945002688,11.726633579347702,2.4373340174821125,10.81283842285539,10.823834211659085,10.9588803387516
2376,05/05/2023 12:22:01.738233,2574,True,True,True,True,Eyes,2.016314,0.07488228,-2.642024,-0.9284841,-0.3212822,-0.1862658,0.0,0.0,0.0,0.0,0.0,0.0,0.0,2.994548,0.03847221,0.8165331,1.944252,0.06721886,-2.41886,0.07382379,-0.8219737,0.1733264,0.537464,21.36419,247.1136,3.999255,0.5979008,0.02251769,-0.8012533,0.0,0.0,0.0,0.7322162,-0.3187079,-2.84061,0.04797786,0.1601853,1.389042,-0.4113655,0.06495097,0.9091536,-0.3076758,0.929016,-0.2055843,-0.8579711,-0.3642948,-0.3621813,moving,11.05764788972784,1.4881874387462724,1.9782241904764493,6.578330834254328,-1.2120358000000002,-0.38592676,-0.4217499999999998,0.1917342368818163,0.0254890090647645,0.9811158020659608,11.612349874727618,2.4089566625925114,10.39840643208907,10.40891418435958,10.49762157268344
2377,05/05/2023 12:22:01.747913,2575,True,True,True,True,Eyes,2.012617,0.07432848,-2.633062,-0.9276994,-0.320048,-0.192206,0.0,0.0,0.0,0.0,0.0,0.0,0.0,2.987697,0.03055596,0.8033636,1.936182,0.06558654,-2.412375,0.0729394,-0.8227823,0.174045,0.5361134,21.38358,246.95,4.10084,0.5987663,0.02251857,-0.8006067,0.0,0.0,0.0,0.7342926,-0.3169791,-2.840511,0.05986515,0.1639213,1.383646,-0.4145249,0.06658923,0.9075987,-0.3066422,0.9287764,-0.2081947,-0.8568197,-0.3646099,-0.3645818,moving,10.886649482569636,1.5892315678817983,2.4774274205493096,6.756370681835228,-1.2018894000000002,-0.38256564,-0.4281359999999998,0.1887965769762676,0.0272350095383851,0.9816385038688368,11.443556977832078,2.5116814822867672,9.860262324681525,9.869870430320594,9.920124275367876
2378,05/05/2023 12:22:01.768572,2576,True,True,True,True,Eyes,2.008724,0.07379328,-2.624221,-0.9269155,-0.3187898,-0.197992,0.0,0.0,0.0,0.0,0.0,0.0,0.0,2.980338,0.02417487,0.7915597,1.927845,0.06435756,-2.405999,0.07201082,-0.8235733,0.1737627,0.5351151,21.30182,246.8074,4.145686,0.5996051,0.02250901,-0.7999789,0.0,0.0,0.0,0.7364981,-0.3151426,-2.840407,0.07102594,0.1641481,1.378524,-0.4169328,0.06735373,0.9064386,-0.3045785,0.9292419,-0.2091445,-0.8563874,-0.3632808,-0.366917,moving,10.695664203148008,1.6033598458482117,2.949452688557307,6.79053599576837,-1.1913469,-0.37950016,-0.4344079999999999,0.1855221047674037,0.0274945230924502,0.982255421278438,11.255267627108516,2.524879654425452,9.313781545914283,9.322584901146143,9.337150840374138
2379,05/05/2023 12:22:01.787971,2577,True,True,True,True,Eyes,2.004642,0.07327063,-2.615515,-0.9261162,-0.3175288,-0.2036771,0.0,0.0,0.0,0.0,0.0,0.0,0.0,2.972865,0.01913917,0.7808049,1.919245,0.06425469,-2.400067,0.07135658,-0.8242638,0.1731317,0.5343434,21.20281,246.6842,4.14515,0.6004147,0.02249059,-0.799372,0.0,0.0,0.0,0.7385566,-0.3134285,-2.840309,0.08053628,0.1619714,1.373111,-0.4187708,0.06739028,0.905588,-0.3026568,0.9298673,-0.2091546,-0.8561716,-0.3616702,-0.3690052,moving,10.489423395818251,1.610513499812124,3.3566903967438244,6.7274897572801375,-1.1806884000000002,-0.37768319,-0.440242,0.1819844936990917,0.0276357483779329,0.9829130303648268,11.051957187623907,2.530798497316374,8.770214805970205,8.77834415226338,8.765235222986211
2380,05/05/2023 12:22:01.797931,2578,True,True,True,True,Eyes,2.000388,0.07275029,-2.606928,-0.925296,-0.3162714,-0.2092836,0.0,0.0,0.0,0.0,0.0,0.0,0.0,2.966094,0.01536092,0.7669792,1.910434,0.06400521,-2.394232,0.07031786,-0.8254996,0.1704653,0.5334299,20.8828,246.4845,4.036492,0.6011929,0.02246451,-0.7987877,0.0,0.0,0.0,0.7408888,-0.3114865,-2.840198,0.0877727,0.1620162,1.367129,-0.4210159,0.0657679,0.9046658,-0.2979573,0.931994,-0.2064188,-0.8567188,-0.3564574,-0.3727882,moving,10.339731352851736,1.4058293057089677,3.6734738127706033,6.758506499707773,-1.1695452,-0.37549171,-0.4459659999999998,0.1794321468485074,0.024135710747128,0.9834741905342445,10.904886577355771,2.319250310404673,8.539966891938032,8.549277322314646,8.485300589022831
2381,05/05/2023 12:22:01.818389,2579,True,True,True,True,Eyes,1.995951,0.07223714,-2.598428,-0.9243476,-0.3152869,-0.2148855,0.0,0.0,0.0,0.0,0.0,0.0,0.0,2.960261,0.01380974,0.7506173,1.902039,0.06351591,-2.38851,0.07030711,-0.8266225,0.1696908,0.5319372,20.81419,246.2478,3.944135,0.601937,0.0224316,-0.7982281,0.0,0.0,0.0,0.7428871,-0.3098226,-2.840103,0.09278929,0.1561556,1.361755,-0.4241995,0.06429478,0.9032834,-0.2967645,0.9325239,-0.2057425,-0.8555615,-0.3553383,-0.3764957,moving,10.240904122238488,1.4273125398682696,3.8980796809383818,6.541665872638301,-1.1591519,-0.37333851,-0.4515929999999999,0.1777339127147162,0.024512145743831,0.9837732991039,10.807420987038826,2.34065523909413,8.139253510497971,8.14788511857954,8.086253002926448
2382,05/05/2023 12:22:01.837834,2580,True,True,True,True,Eyes,1.991346,0.07179772,-2.590031,-0.9232913,-0.3146109,-0.2203479,0.0,0.0,0.0,0.0,0.0,0.0,0.0,2.953652,0.008653015,0.7360809,1.893425,0.06317332,-2.382623,0.07015272,-0.8274297,0.1704203,0.5304676,20.88228,246.0603,3.971572,0.602647,0.02239268,-0.7976934,0.0,0.0,0.0,0.7449741,-0.3080848,-2.840004,0.09678331,0.1504785,1.356222,-0.4273658,0.06471207,0.9017602,-0.2968979,0.932071,-0.2075942,-0.8539384,-0.3564492,-0.3791224,moving,10.112713511736564,1.549819705009141,4.0818468979717295,6.331309758817701,-1.1484508999999998,-0.37125812,-0.4573809999999998,0.1755229269571548,0.026626276462055,0.984115228823876,10.68077358059808,2.4657519083118338,7.688972285017031,7.696362728438253,7.647769011828584
2383,05/05/2023 12:22:01.848323,2581,True,True,True,True,Eyes,1.986547,0.0714303,-2.581729,-0.9221721,-0.3139394,-0.2259221,0.0,0.0,0.0,0.0,0.0,0.0,0.0,2.946936,-0.008107543,0.7215893,1.884732,0.06461304,-2.376722,0.06964456,-0.8279155,0.1750419,0.5282668,21.31048,245.888,4.285568,0.6033213,0.02235059,-0.7971846,0.0,0.0,0.0,0.7471155,-0.3063017,-2.839903,0.09946206,0.1464978,1.350139,-0.4321674,0.06961803,0.8991019,-0.3002573,0.92902,-0.216258,-0.8503392,-0.3634216,-0.3805888,moving,10.000161891026096,1.983729339300408,4.213255592832151,6.192692260692406,-1.1376165,-0.37091474,-0.463181,0.1735500370107165,0.0340904025782193,0.9842349075626272,10.568807914572956,2.9112147109386237,7.150791832206713,7.15567281097518,7.152701603165272
2384,05/05/2023 12:22:01.868216,2582,True,True,True,True,Eyes,1.981605,0.07109516,-2.573531,-0.9210138,-0.3133202,-0.231439,0.0,0.0,0.0,0.0,0.0,0.0,0.0,2.940645,-0.02836448,0.7044644,1.875492,0.06595344,-2.371212,0.06683823,-0.8295117,0.1744245,0.5263261,21.08372,245.6226,4.47015,0.6039588,0.02230784,-0.796703,0.0,0.0,0.0,0.7493202,-0.3044659,-2.839798,0.1004854,0.1441208,1.344019,-0.437027,0.07272211,0.8965038,-0.2944945,0.9302174,-0.2190168,-0.8498709,-0.3597317,-0.3851139,moving,9.922542876821838,1.7723741077616413,4.275756246965289,6.120509002073719,-1.1261717999999998,-0.37041934,-0.4685860000000001,0.1722366818041093,0.0304666172765444,0.9845843229060244,10.49279611357049,2.693308400294642,7.121161247507294,7.126884052814455,7.099104779322057
2385,05/05/2023 12:22:01.888082,2583,True,True,True,True,Eyes,1.976522,0.07080102,-2.565437,-0.9196705,-0.3130056,-0.2371366,0.0,0.0,0.0,0.0,0.0,0.0,0.0,2.935108,-0.02517945,0.6858685,1.867083,0.06637172,-2.365482,0.06796695,-0.8306744,0.1739525,0.5245009,21.11821,245.3354,4.276388,0.6045585,0.02226547,-0.7962492,0.0,0.0,0.0,0.7516456,-0.3025296,-2.839688,0.1010183,0.1406069,1.337243,-0.4405588,0.06955972,0.8950249,-0.2953933,0.930242,-0.2176984,-0.8477328,-0.3602933,-0.3892789,moving,9.860006410847216,1.868101051330991,4.320045011489903,6.00241541628015,-1.1154374,-0.36890132,-0.4742060000000001,0.1711530965998469,0.032117726911287,0.9847208591288727,10.430927743098117,2.791321202820326,6.907626640409796,6.912577491398849,6.903188669534001
2386,05/05/2023 12:22:01.902183,2584,True,True,True,True,Eyes,1.971314,0.07051276,-2.557453,-0.9183432,-0.312585,-0.2427678,0.0,0.0,0.0,0.0,0.0,0.0,0.0,2.929386,-0.01577041,0.6680667,1.858572,0.06708531,-2.359889,0.07058275,-0.8314196,0.1745356,0.5227782,21.34746,245.0775,4.009159,0.6051209,0.02222465,-0.7958231,0.0,0.0,0.0,0.7537187,-0.3008035,-2.839589,0.09808606,0.1354006,1.330931,-0.4434422,0.06511904,0.8939344,-0.2998546,0.9291108,-0.2164264,-0.8446575,-0.3640229,-0.3924807,moving,9.786532609822212,2.179905281798641,4.21492610561721,5.808929119095298,-1.1048532999999998,-0.36788881,-0.4797000000000002,0.1698583991859156,0.0374846022987853,0.9847552227556752,10.357769186391389,3.1114790925100744,6.646058556026467,6.649256578698616,6.709005720741323
2387,05/05/2023 12:22:01.928257,2585,True,True,True,True,Eyes,1.965998,0.07022794,-2.549546,-0.9168626,-0.3124336,-0.2484918,0.0,0.0,0.0,0.0,0.0,0.0,0.0,2.923613,-0.007435054,0.6513684,1.850324,0.06686611,-2.354501,0.07168851,-0.8326268,0.1718906,0.5215814,21.16311,244.817,3.684623,0.6056447,0.02218545,-0.7954255,0.0,0.0,0.0,0.7556761,-0.2991736,-2.839496,0.09508815,0.1315392,1.324391,-0.4456275,0.05993027,0.8932104,-0.2986894,0.9306288,-0.2114586,-0.8439201,-0.3610242,-0.3968132,moving,9.67190801733766,2.072062416938173,4.106655034134057,5.672044552376951,-1.0946479,-0.36603971,-0.484995,0.1678993133447047,0.0356431569648374,0.9851595516945044,10.245036715923575,2.999770422823536,6.6249315096822805,6.628115278307623,6.69483223798846
2388,05/05/2023 12:22:01.938003,2586,True,True,True,True,Eyes,1.960563,0.06998801,-2.541747,-0.9153488,-0.3123796,-0.2540779,0.0,0.0,0.0,0.0,0.0,0.0,0.0,2.917681,0.004371405,0.63586,1.842616,0.06667044,-2.348941,0.07466037,-0.833082,0.1729176,0.5200959,21.45499,244.6009,3.416916,0.6061302,0.02214785,-0.7950568,0.0,0.0,0.0,0.7578275,-0.2973822,-2.839394,0.09154946,0.1251938,1.317623,-0.4478519,0.05547106,0.8923852,-0.3042638,0.9290507,-0.2104479,-0.8407448,-0.3657701,-0.3991993,moving,9.556633320694294,2.427084804182719,3.97456722121985,5.427657810977969,-1.0847885000000002,-0.36405264,-0.490453,0.1658775736798461,0.0417612802296167,0.9852617141905397,10.130572771161006,3.364083861449181,6.335259042622764,6.337420635243499,6.492668309414871
2389,05/05/2023 12:22:01.948379,2587,True,True,True,True,Eyes,1.955034,0.06976642,-2.534051,-0.9138179,-0.3121648,-0.2597886,0.0,0.0,0.0,0.0,0.0,0.0,0.0,2.911179,0.006161809,0.622189,1.83431,0.06751405,-2.343687,0.07589607,-0.8336594,0.1735369,0.5187839,21.59779,244.4173,3.299435,0.6065792,0.0221129,-0.7947152,0.0,0.0,0.0,0.7598957,-0.29566,-2.839296,0.0879733,0.1210868,1.310441,-0.4502058,0.05351336,0.8913198,-0.3065992,0.9282495,-0.2105939,-0.8386367,-0.3680886,-0.4014962,moving,9.399248355730553,2.621148359241054,3.840651400540498,5.279229012014264,-1.0744143000000002,-0.3631740499999999,-0.4956089999999999,0.1631467158423669,0.045118994872334,0.9855696620843044,9.97497959367351,3.562568010998176,6.159332948228903,6.161444056947641,6.370000578765756
2390,05/05/2023 12:22:01.967907,2588,True,True,True,True,Eyes,1.949414,0.06956077,-2.526447,-0.9122716,-0.3119909,-0.2653717,0.0,0.0,0.0,0.0,0.0,0.0,0.0,2.904627,-0.004972845,0.6087677,1.826339,0.06773335,-2.338243,0.07399432,-0.8349476,0.1721116,0.5174601,21.34523,244.2103,3.358147,0.6069904,0.02208103,-0.794402,0.0,0.0,0.0,0.7620558,-0.2938615,-2.839193,0.08457744,0.1172965,1.30315,-0.4535198,0.05455906,0.8895748,-0.3016846,0.9298049,-0.2108302,-0.8386336,-0.3639866,-0.4052252,moving,9.252117908116752,2.3851332634097666,3.7134200309929337,5.143331537669113,-1.0642832,-0.36159485,-0.50095,0.1606433509746374,0.0410759127459983,0.986157399297892,9.83050779876532,3.3188159039155525,6.185470317868502,6.187473789373426,6.383386253113758
2391,05/05/2023 12:22:01.988027,2589,True,True,True,True,Eyes,1.943696,0.06936683,-2.518918,-0.910634,-0.3118384,-0.2711133,0.0,0.0,0.0,0.0,0.0,0.0,0.0,2.897972,-0.01026922,0.5959585,1.818501,0.06792205,-2.332801,0.07382723,-0.835692,0.1727411,0.5160707,21.40246,244.0327,3.380454,0.6073663,0.02205229,-0.7941156,0.0,0.0,0.0,0.7641644,-0.2921057,-2.839093,0.08005238,0.1156593,1.295581,-0.456441,0.05489956,0.8880582,-0.3016868,0.9294201,-0.2125165,-0.8370463,-0.3649168,-0.407663,moving,9.08557164672766,2.4675004020553817,3.5357417078487385,5.1013941616394645,-1.0543366,-0.36002775,-0.5062920000000002,0.157766633632664,0.0425135192160478,0.9865607842923484,9.666147434578091,3.4023637073930644,6.141013769952855,6.14312694702403,6.3614918736702615
2392,05/05/2023 12:22:01.999084,2590,True,True,True,True,Eyes,1.9379,0.069217,-2.511479,-0.909017,-0.3116332,-0.276718,0.0,0.0,0.0,0.0,0.0,0.0,0.0,2.891593,-0.01385084,0.5821347,1.810618,0.06799123,-2.327536,0.07377388,-0.8365619,0.1728018,0.5146467,21.41089,243.8329,3.35176,0.6077059,0.02202676,-0.7938554,0.0,0.0,0.0,0.7663046,-0.2903236,-2.838992,0.0740467,0.116992,1.287679,-0.4593924,0.05443099,0.8865642,-0.3012966,0.9293939,-0.2131839,-0.8355712,-0.3650538,-0.4105566,moving,8.94290902805374,2.509019477002812,3.2911124147551694,5.191351781182818,-1.0443134,-0.35831483,-0.5114560000000004,0.1553048030353123,0.0432454970567476,0.9869195784326692,9.525425662119888,3.444068501522532,6.253579657101992,6.256014030366367,6.4745394064479695
2393,05/05/2023 12:22:02.018107,2591,True,True,True,True,Eyes,1.932031,0.06911027,-2.504144,-0.9072735,-0.3114229,-0.2826139,0.0,0.0,0.0,0.0,0.0,0.0,0.0,2.884646,-0.01964289,0.5715935,1.802928,0.06894034,-2.32228,0.07317372,-0.8373144,0.1723494,0.5136591,21.33338,243.6871,3.355401,0.6080104,0.02200553,-0.793622,0.0,0.0,0.0,0.7684992,-0.2884962,-2.838887,0.06721643,0.1157615,1.279868,-0.4615996,0.05451884,0.8854113,-0.2995965,0.9298826,-0.2134486,-0.8349655,-0.363794,-0.4128999,moving,8.727002243687657,2.467365737817625,3.006312240071137,5.168225764370992,-1.0344288,-0.3574365399999999,-0.516607,0.1515892308455428,0.0425528400232519,0.9875272167477116,9.312702380433867,3.3997247266236887,6.323545848144993,6.326210477095418,6.549668123117197
2394,05/05/2023 12:22:02.038129,2592,True,True,True,True,Eyes,1.926096,0.06903972,-2.496913,-0.9055429,-0.3110376,-0.2885271,0.0,0.0,0.0,0.0,0.0,0.0,0.0,2.879011,-0.03496808,0.5540493,1.79513,0.06989702,-2.317222,0.07141253,-0.8387871,0.1726968,0.5113828,21.26917,243.3954,3.496195,0.6082804,0.02198954,-0.7934151,0.0,0.0,0.0,0.7706778,-0.2866821,-2.838784,0.06003973,0.1130567,1.272183,-0.4667759,0.05682854,0.882548,-0.2964281,0.9301521,-0.2166734,-0.8332171,-0.36275,-0.417327,moving,8.655972558430777,2.413499761425405,2.702026795259756,5.07843563945349,-1.0244521999999998,-0.35657912,-0.5215619999999999,0.1503707257467064,0.0416322496291148,0.9877528134193334,9.242814649864082,3.343831766335964,6.520090116241117,6.523139840964892,6.766886755042807
2395,05/05/2023 12:22:02.048084,2593,True,True,True,True,Eyes,1.920099,0.06900431,-2.489739,-0.903523,-0.310949,-0.2948846,0.0,0.0,0.0,0.0,0.0,0.0,0.0,2.874376,-0.04102683,0.5327652,1.787556,0.07058874,-2.312405,0.07038431,-0.8407654,0.1704121,0.5090379,20.99029,243.0127,3.385752,0.6085162,0.02197938,-0.7932342,0.0,0.0,0.0,0.7727597,-0.2849486,-2.838685,0.05394793,0.1054991,1.264741,-0.4718532,0.05513908,0.8799514,-0.2918458,0.9320115,-0.2148966,-0.831974,-0.3582098,-0.4236804,moving,8.615600247277595,2.15915927522974,2.4424890837259263,4.768321363649168,-1.0147963,-0.35553734,-0.5262799999999999,0.1497005805928339,0.0372509688251774,0.9880294129928088,9.203618575919432,3.081977672646869,6.69889023095384,6.701867518924219,6.968258538142228
2396,05/05/2023 12:22:02.068074,2594,True,True,True,True,Eyes,1.914025,0.06902162,-2.482665,-0.9014454,-0.3108656,-0.3012619,0.0,0.0,0.0,0.0,0.0,0.0,0.0,2.870632,-0.04121685,0.5057747,1.780323,0.07139307,-2.307247,0.07225955,-0.8424194,0.172445,0.5053423,21.31983,242.5253,3.233291,0.6087191,0.02197561,-0.7930785,0.0,0.0,0.0,0.7748519,-0.2832066,-2.838586,0.04931349,0.1037821,1.257034,-0.4788151,0.05254183,0.8763419,-0.2960332,0.9300826,-0.2175104,-0.8264986,-0.3635736,-0.4297835,moving,8.709564543647256,2.507968787283132,2.2465635238566835,4.719697880362348,-1.0054711,-0.35459967,-0.531339,0.1512841045686611,0.043254691029019,0.9875434746100918,9.295418194846665,3.441360705703918,6.826754068586189,6.83096828882897,7.163832640762274
2397,05/05/2023 12:22:02.088071,2595,True,True,True,True,Eyes,1.907894,0.06906882,-2.475657,-0.8992041,-0.3107778,-0.3079757,0.0,0.0,0.0,0.0,0.0,0.0,0.0,2.86638,-0.04270637,0.4797683,1.77234,0.07265095,-2.302536,0.07299395,-0.8443622,0.1718894,0.5021737,21.32054,242.055,3.037932,0.6088892,0.02197929,-0.7929478,0.0,0.0,0.0,0.7769713,-0.2814417,-2.838485,0.04375544,0.1049014,1.249048,-0.4849866,0.04937003,0.8731267,-0.2959033,0.9302518,-0.2169625,-0.8229392,-0.363585,-0.436551,moving,8.743031248216171,2.539546234177544,2.0063098364582497,4.800724658283693,-0.9953687,-0.35409265,-0.535949,0.1518573227919686,0.0437950532675323,0.987431634617754,9.328332246545171,3.474069425173859,7.101159389199452,7.106077908753942,7.441238222322465
2398,05/05/2023 12:22:02.097946,2596,True,True,True,True,Eyes,1.901707,0.06915325,-2.468743,-0.8968679,-0.3107638,-0.3147281,0.0,0.0,0.0,0.0,0.0,0.0,0.0,2.862329,-0.04765859,0.4524479,1.765053,0.07336831,-2.297632,0.07299932,-0.8465753,0.1712731,0.498645,21.27181,241.5428,2.903948,0.6090276,0.02199065,-0.7928413,0.0,0.0,0.0,0.7791266,-0.2796471,-2.838383,0.03875923,0.1119794,1.240954,-0.4920483,0.04721018,0.8692868,-0.2944078,0.9306732,-0.2171897,-0.8192754,-0.3627927,-0.4440371,moving,8.811560499376338,2.504382507835634,1.788961225380493,5.156208339375706,-0.9859264,-0.35301541,-0.5407509999999998,0.1530423412324437,0.0431810498115863,0.9872757391416652,9.395965057521853,3.4383837216666038,7.501036200493501,7.506602480746543,7.798552988819192
2399,05/05/2023 12:22:02.118078,2597,True,True,True,True,Eyes,1.895447,0.06926922,-2.461882,-0.894357,-0.3107699,-0.3217881,0.0,0.0,0.0,0.0,0.0,0.0,0.0,2.858182,-0.0553692,0.4234905,1.75746,0.07435329,-2.292907,-0.07317331,0.8487365,-0.172048,-0.4946629,21.37307,241.0036,2.831513,0.6091348,0.02201013,-0.7927585,0.0,0.0,0.0,0.781301,-0.2778365,-2.83828,0.03446195,0.1047293,1.233467,-0.4999085,0.0460018,0.8648557,-0.2944213,0.9300902,-0.2196546,-0.8144984,-0.3644391,-0.4514161,moving,8.89689204923239,2.6079882257400646,1.6003758209183587,4.853141113267678,-0.976159,-0.35218979,-0.5453730000000001,0.1545004294364733,0.044955905601379,0.9869693710303906,9.47983307314103,3.5455304874722646,7.627728322312107,7.634124740821544,7.987220551499597
2400,05/05/2023 12:22:02.137993,2598,True,True,True,True,Eyes,1.889143,0.06938764,-2.455101,-0.8917543,-0.3107877,-0.3289152,0.0,0.0,0.0,0.0,0.0,0.0,0.0,2.853827,-0.06806332,0.3928132,1.749837,0.07517893,-2.28816,-0.07204537,0.851334,-0.171797,-0.4904344,21.29563,240.4209,2.820117,0.6092114,0.02203801,-0.7926991,0.0,0.0,0.0,0.7833669,-0.2761163,-2.838181,0.03053942,0.1044317,1.22611,-0.5085673,0.04584101,0.8598014,-0.2911797,0.9305905,-0.2218462,-0.8102926,-0.3631803,-0.4599199,moving,9.010543682838598,2.5192207808040905,1.4268036004137614,4.868314651618843,-0.9664701,-0.3512952299999999,-0.5500210000000001,0.1564685566950968,0.043413139490869,0.9867283440319928,9.592069766004578,3.455031526306528,7.932576010825965,7.939228907877422,8.286672477372006
2401,05/05/2023 12:22:02.147962,2599,True,True,True,True,Eyes,1.882801,0.06950445,-2.448398,-0.8889703,-0.3109901,-0.33618,0.0,0.0,0.0,0.0,0.0,0.0,0.0,2.84914,-0.08065009,0.3615026,1.742402,0.07535842,-2.28323,-0.07112217,0.8538672,-0.1722818,-0.4859747,21.30538,239.8247,2.829567,0.6092583,0.02207354,-0.7926623,0.0,0.0,0.0,0.7856802,-0.2741901,-2.838072,0.02607745,0.1081204,1.218136,-0.5175403,0.04599144,0.8544219,-0.288907,0.9305212,-0.2250844,-0.8054097,-0.3633387,-0.4682951,moving,9.130475018541931,2.502785644410913,1.2263816529092462,5.072217813737885,-0.9567218,-0.34954852,-0.5548419999999998,0.1585356802999375,0.0431157025288122,0.9864114269651296,9.71032598439532,3.4389654057325614,8.303790020229929,8.311237790209766,8.639723655766419
2402,05/05/2023 12:22:02.168113,2600,True,True,True,True,Eyes,1.876415,0.06961302,-2.441769,-0.8860954,-0.3111915,-0.3435035,0.0,0.0,0.0,0.0,0.0,0.0,0.0,2.843997,-0.09371656,0.3305423,1.734948,0.07547346,-2.278293,-0.07060374,0.8561677,-0.1740007,-0.4813688,21.46423,239.2369,2.871371,0.6092762,0.02211596,-0.7926475,0.0,0.0,0.0,0.7876952,-0.2725122,-2.837976,0.02135289,0.1037955,1.211146,-0.5265987,0.04661969,0.848835,-0.2884143,0.9294778,-0.2299746,-0.7996945,-0.3659204,-0.476016,moving,9.24730526223494,2.6313437044778345,1.0100382135344996,4.8982934270675225,-0.9472528,-0.34798566,-0.5596829999999997,0.1605310652801447,0.0453140561771592,0.985989997656394,9.825183775154832,3.571993680109929,8.534905543540306,8.543513883429668,8.914362696869272
2403,05/05/2023 12:22:02.187965,2601,True,True,True,True,Eyes,1.869988,0.06970941,-2.4352,-0.8830965,-0.311445,-0.3509169,0.0,0.0,0.0,0.0,0.0,0.0,0.0,2.838399,-0.1088929,0.2991807,1.727423,0.07539096,-2.273367,-0.06921395,0.8587129,-0.1746477,-0.4767808,21.4657,238.6371,2.935992,0.609266,0.02216433,-0.7926542,0.0,0.0,0.0,0.7898316,-0.2707334,-2.837875,0.01645803,0.109754,1.203717,-0.5357792,0.04766752,0.8430117,-0.2854071,0.9294152,-0.2339447,-0.7946595,-0.3659442,-0.4843568,moving,9.359825843762293,2.595069295668692,0.7833376982305426,5.209780005739334,-0.9375914,-0.34612436,-0.564508,0.1624717917712658,0.044675434311296,0.9857013287454728,9.93618188833634,3.535472486313588,8.956584599570084,8.966206611929302,9.30472258790981
2404,05/05/2023 12:22:02.198029,2602,True,True,True,True,Eyes,1.863521,0.06977451,-2.428698,-0.8799931,-0.3116757,-0.3584276,0.0,0.0,0.0,0.0,0.0,0.0,0.0,2.83248,-0.1244923,0.2678936,1.720064,0.07518902,-2.268466,-0.06775065,0.8612419,-0.1753997,-0.4721304,21.47514,238.0345,3.013629,0.6092284,0.02221772,-0.7926818,0.0,0.0,0.0,0.7919116,-0.2690014,-2.837776,0.01089469,0.1112802,1.196435,-0.5450052,0.04892367,0.8370038,-0.2823224,0.9292896,-0.2381489,-0.78947,-0.3660974,-0.4926555,moving,9.468649702318013,2.5661491041178937,0.5217186924787499,5.313782268361895,-0.9281524,-0.34419042,-0.5693099999999998,0.1643474034466664,0.0441639805739755,0.9854133225505226,10.043518776574006,3.506488844888635,9.348675092008586,9.359330237793564,9.691799954601112
2405,05/05/2023 12:22:02.218181,2603,True,True,True,True,Eyes,1.85703,0.06980298,-2.42227,-0.8767694,-0.3118872,-0.3660624,0.0,0.0,0.0,0.0,0.0,0.0,0.0,2.826047,-0.1441673,0.23333,1.71255,0.07451084,-2.263491,-0.06551424,0.8641199,-0.1761114,-0.4668935,21.44076,237.3631,3.154856,0.6091641,0.02227463,-0.7927297,0.0,0.0,0.0,0.7941132,-0.2671682,-2.837671,0.005583733,0.105308,1.189939,-0.555437,0.05122618,0.8299795,-0.2776748,0.9293854,-0.2431863,-0.7838283,-0.365539,-0.5019907,moving,9.633247603870736,2.477276712244077,0.2688557873206478,5.05742357034055,-0.9184368,-0.34167904,-0.5741799999999997,0.167188846802126,0.042614791963707,0.9850034294381034,10.205973951874348,3.4162372269822643,9.70250902353272,9.713340923864216,10.071733218762738
2406,05/05/2023 12:22:02.237899,2604,True,True,True,True,Eyes,1.850502,0.06979293,-2.415899,-0.8734199,-0.3120413,-0.3738556,0.0,0.0,0.0,0.0,0.0,0.0,0.0,2.819211,-0.1633503,0.1970782,1.705093,0.07368301,-2.258473,-0.06323629,0.8671548,-0.1765093,-0.4613981,21.37534,236.6517,3.275747,0.6090741,0.02233354,-0.7927973,0.0,0.0,0.0,0.7961851,-0.265443,-2.837573,5.77867e-05,0.1058554,1.183153,-0.566226,0.05321084,0.8225307,-0.2725534,0.9296913,-0.2477676,-0.7778836,-0.364476,-0.5119126,moving,9.821648953914869,2.3603019233115314,0.0027983988709456,5.112577964611901,-0.9089079,-0.33912601,-0.5791,0.1704413128912927,0.040580789138906,0.9845319002885669,10.391958637758613,3.2972501251037283,10.185795629378385,10.19729619211889,10.54656653296123
2407,05/05/2023 12:22:02.247972,2605,True,True,True,True,Eyes,1.843954,0.06974947,-2.40961,-0.869987,-0.3121649,-0.3816747,0.0,0.0,0.0,0.0,0.0,0.0,0.0,2.811896,-0.1822658,0.1573091,1.697543,0.07274301,-2.253393,-0.06094087,0.8704848,-0.1765898,-0.4553665,21.28076,235.8626,3.367199,0.6089589,0.022393,-0.7928841,0.0,0.0,0.0,0.7982516,-0.2637223,-2.837475,-0.005075574,0.1054407,1.176356,-0.5778553,0.05472994,0.8143023,-0.2669223,0.9302045,-0.2519366,-0.7712561,-0.3629383,-0.5229149,moving,10.076888627710144,2.2118253551269764,-0.247210167868614,5.121923767875611,-0.8992914000000001,-0.33646531,-0.584082,0.1748432121590938,0.0379995536251296,0.9838626767325208,10.643900742184115,3.146331601120157,10.714392697365906,10.72640148012151,11.06884191161908
2408,05/05/2023 12:22:02.268096,2606,True,True,True,True,Eyes,1.837373,0.06967118,-2.403368,-0.8663942,-0.3121881,-0.3897433,0.0,0.0,0.0,0.0,0.0,0.0,0.0,2.804189,-0.1999259,0.1179206,1.690032,0.07192329,-2.248549,-0.05882847,0.8737319,-0.1765808,-0.4493897,21.18881,235.0797,3.437529,0.6088192,0.02245187,-0.7929896,0.0,0.0,0.0,0.8004106,-0.2619246,-2.837372,-0.01134494,0.1026308,1.170115,-0.5891762,0.05590656,0.806068,-0.2615078,0.9307169,-0.2556947,-0.7645161,-0.3614424,-0.5337362,moving,10.30917292314319,2.077418147070028,-0.5554982321056116,5.012585721119914,-0.8896214,-0.33384789,-0.5888229999999997,0.1788458884237513,0.0356653932357139,0.9832305362372558,10.87318235343015,3.009722414368465,11.24178556562112,11.2541675835865,11.602853155656732
2409,05/05/2023 12:22:02.288038,2607,True,True,True,True,Eyes,1.830762,0.06954361,-2.397175,-0.8626965,-0.3121827,-0.3978651,0.0,0.0,0.0,0.0,0.0,0.0,0.0,2.795599,-0.2195247,0.07101011,1.682491,0.07098909,-2.243388,-0.05624474,0.8776888,-0.1759533,-0.4421985,21.01468,234.128,3.493463,0.6086558,0.02250906,-0.7931132,0.0,0.0,0.0,0.8026665,-0.2600461,-2.837265,-0.01445487,0.09997647,1.163653,-0.6025943,0.05688182,0.7960182,-0.2543433,0.9317539,-0.2591218,-0.7564324,-0.3586071,-0.547002,moving,10.689314408787077,1.8450850601938769,-0.7116902114233331,4.910568218414946,-0.8798245,-0.33103519,-0.593877,0.1853904886359431,0.0316391011026283,0.9821554159573184,11.24843898983642,2.773433948935253,11.79383920612092,11.80593466623444,12.149569267945706
2410,05/05/2023 12:22:02.298447,2608,True,True,True,True,Eyes,1.824122,0.06936437,-2.391003,-0.858781,-0.3122311,-0.4062106,0.0,0.0,0.0,0.0,0.0,0.0,0.0,2.786333,-0.2371977,0.02235484,1.674975,0.0696607,-2.238307,-0.05389029,0.8817129,-0.1751575,-0.4347393,20.83842,233.1385,3.512836,0.6084695,0.02256313,-0.7932545,0.0,0.0,0.0,0.8048655,-0.258215,-2.837161,-0.01620421,0.09311353,1.157683,-0.6161953,0.05726416,0.7855089,-0.2473272,0.9328314,-0.2620208,-0.7477517,-0.3557337,-0.5606432,moving,11.08635004101189,1.6102522942707926,-0.8019226488988365,4.598454349433091,-0.8701095000000001,-0.3278757,-0.5988540000000002,0.1922150643723097,0.0275765114781298,0.9809653522747964,11.640354241996516,2.5346925385779726,12.247174331018323,12.25807403600392,12.612270495103273
2411,05/05/2023 12:22:02.318152,2609,True,True,True,True,Eyes,1.817443,0.0691808,-2.384843,-0.8547508,-0.312424,-0.4144784,0.0,0.0,0.0,0.0,0.0,0.0,0.0,2.775633,-0.254358,-0.02570462,1.66747,0.06825023,-2.232573,-0.05240451,0.8853996,-0.1760715,-0.4269896,20.88784,232.1433,3.532387,0.6082613,0.02261268,-0.7934124,0.0,0.0,0.0,0.8068786,-0.2565388,-2.837065,-0.0154323,0.09840921,1.151485,-0.6298674,0.05756353,0.7745668,-0.2431593,0.9325052,-0.2670349,-0.737659,-0.3565397,-0.5733576,moving,11.503503258779158,1.5896236082425232,-0.7678369451245028,4.884792008667959,-0.8605914,-0.32478903,-0.604492,0.1993541549285513,0.0271837839930026,0.9795504033707224,12.051594861101997,2.516386306290744,12.693799095415686,12.706058601592575,13.036378998999089
2412,05/05/2023 12:22:02.338070,2610,True,True,True,True,Eyes,1.810702,0.06897842,-2.378686,-0.8506009,-0.3124467,-0.4229126,0.0,0.0,0.0,0.0,0.0,0.0,0.0,2.762997,-0.2789522,-0.07077718,1.659622,0.06801538,-2.226657,-0.05012035,0.8888019,-0.1780874,-0.41929,21.01417,231.1975,3.700372,0.6080322,0.02265803,-0.7935864,0.0,0.0,0.0,0.8090965,-0.2546921,-2.83696,-0.01562092,0.09646538,1.145011,-0.6433679,0.06024644,0.7631831,-0.2384347,0.9315456,-0.274539,-0.7274799,-0.3585988,-0.5849617,moving,11.873145286447189,1.631368388781298,-0.7816145588197868,4.815707361452298,-0.8505254999999999,-0.32270748,-0.610303,0.2056656570955721,0.0278603020435559,0.9782256077827588,12.415856262864155,2.5618957855628945,13.03680063536617,13.04925137447558,13.388536242204076
2413,05/05/2023 12:22:02.348344,2611,True,True,True,True,Eyes,1.803933,0.06874985,-2.372535,-0.8464719,-0.3125442,-0.4310469,0.0,0.0,0.0,0.0,0.0,0.0,0.0,2.749555,-0.2989866,-0.1118572,1.651275,0.06733648,-2.220521,-0.04677271,0.8922569,-0.176871,-0.4128035,20.74715,230.3577,3.835809,0.6077827,0.02269901,-0.7937761,0.0,0.0,0.0,0.8111292,-0.2529995,-2.836864,-0.01477823,0.0942163,1.139369,-0.6548113,0.06255938,0.753199,-0.2294925,0.9330579,-0.2770129,-0.720108,-0.3542446,-0.59662,moving,12.129016719849297,1.2918784898089757,-0.7431154694228554,4.72712743838025,-0.8401458,-0.3203359799999999,-0.6163429999999996,0.2100626695159305,0.0220425828878653,0.9774394016297548,12.668871188115563,2.214536948132989,13.311044220037765,13.322639469592964,13.645310442553866
2414,05/05/2023 12:22:02.368065,2612,True,True,True,True,Eyes,1.797101,0.06851064,-2.366368,-0.8422356,-0.3125734,-0.439246,0.0,0.0,0.0,0.0,0.0,0.0,0.0,2.735816,-0.3173356,-0.1474946,1.643316,0.06655121,-2.214097,-0.04480291,0.8949054,-0.1781113,-0.4067107,20.80749,229.6099,3.96829,0.6075138,0.02273519,-0.7939804,0.0,0.0,0.0,0.8132159,-0.251262,-2.836764,-0.01330137,0.09461465,1.133258,-0.6651586,0.06469081,0.7438949,-0.2250682,0.9325381,-0.2823419,-0.7119753,-0.3552292,-0.6057259,moving,12.315727530695714,1.2956524689835145,-0.6724659066739945,4.772502766002759,-0.8301001,-0.3178132099999999,-0.6226669999999999,0.2132465186150985,0.0220913746077582,0.9767486259408814,12.85290496980292,2.219720268660565,13.433711076030006,13.445506935568345,13.76416927478686
2415,05/05/2023 12:22:02.388171,2613,True,True,True,True,Eyes,1.790251,0.06828851,-2.360218,-0.8380572,-0.312518,-0.4472055,0.0,0.0,0.0,0.0,0.0,0.0,0.0,2.720948,-0.3376389,-0.1811037,1.634835,0.06606326,-2.207558,-0.04178017,0.8975726,-0.1782355,-0.4010611,20.69979,228.9142,4.166521,0.6072261,0.02276672,-0.7941992,0.0,0.0,0.0,0.8153304,-0.2495013,-2.836664,-0.01122874,0.09164858,1.127409,-0.6748086,0.06796516,0.7348563,-0.2179681,0.9329731,-0.2864457,-0.7050695,-0.3534713,-0.6147641,moving,12.45636537798385,1.1266023730920165,-0.570634205849448,4.647431070636669,-0.8195046,-0.31556456,-0.6291059999999997,0.2156562930163367,0.0191990032807148,0.976280641814416,12.99193140961954,2.046844039864274,13.483390871083582,13.494404502409392,13.809642970711565
2416,05/05/2023 12:22:02.398416,2614,True,True,True,True,Eyes,1.783333,0.06807709,-2.354043,-0.8337757,-0.3123707,-0.4552392,0.0,0.0,0.0,0.0,0.0,0.0,0.0,2.705572,-0.3588729,-0.2128565,1.626579,0.0663491,-2.200921,-0.03847298,0.9001572,-0.1781391,-0.3956053,20.55746,228.2461,4.390701,0.6069205,0.02279463,-0.7944314,0.0,0.0,0.0,0.817494,-0.2476996,-2.836561,-0.008958519,0.09114614,1.121431,-0.6840328,0.0716821,0.725921,-0.210209,0.9335726,-0.2902662,-0.6985068,-0.3511466,-0.623526,moving,12.56211426026008,0.9267414708074644,-0.4576959360468703,4.646594585552962,-0.8090849999999999,-0.3140486999999999,-0.63564,0.217470793715698,0.0157868908086914,0.9759392036929748,13.09664005524013,1.8420376130699707,13.529870598482866,13.54078154107584,13.841443709982029
2417,05/05/2023 12:22:02.418199,2615,True,True,True,True,Eyes,1.776367,0.06789678,-2.347869,-0.8295408,-0.3121122,-0.4630854,0.0,0.0,0.0,0.0,0.0,0.0,0.0,2.689033,-0.3807905,-0.2457812,1.617912,0.06640477,-2.194142,-0.03494729,0.902801,-0.1780153,-0.3899224,20.4065,227.5538,4.634199,0.6065975,0.0228197,-0.7946768,0.0,0.0,0.0,0.8196146,-0.245934,-2.836461,-0.006762683,0.09361869,1.115294,-0.6934783,0.07572342,0.716487,-0.2019252,0.9341785,-0.2941714,-0.6916024,-0.3486783,-0.632542,moving,12.700573775944983,0.7143935209091492,-0.3474137271741054,4.79820617863041,-0.7982974,-0.31233877,-0.6423190000000001,0.2198397156709025,0.0121631744914426,0.9754602034663776,13.233621316016508,1.6246171823569426,13.660302263410784,13.672143347146282,13.946905748646882
2418,05/05/2023 12:22:02.438120,2616,True,True,True,True,Eyes,1.769338,0.06774658,-2.341666,-0.8251735,-0.3118105,-0.4710232,0.0,0.0,0.0,0.0,0.0,0.0,0.0,2.672843,-0.3962986,-0.2788968,1.609118,0.06701816,-2.187503,-0.03227393,0.90546,-0.1769162,-0.3844496,20.19379,226.8561,4.741864,0.6062573,0.02284328,-0.7949351,0.0,0.0,0.0,0.8217294,-0.244173,-2.83636,-0.004590899,0.09319286,1.10935,-0.7023141,0.07758521,0.707627,-0.1944762,0.9353181,-0.2955656,-0.6847879,-0.3451965,-0.6417986,moving,12.828730949292522,0.473210416646621,-0.2371096906074203,4.801955944624595,-0.7873886,-0.31119116,-0.648857,0.2220302527961767,0.0080528395797203,0.9750064956546236,13.36051540202823,1.3774698376212098,13.751826741170513,13.764237337144774,14.022214991110852
2419,05/05/2023 12:22:02.447987,2617,True,True,True,True,Eyes,1.762264,0.06757536,-2.335444,-0.8208748,-0.311183,-0.4788838,0.0,0.0,0.0,0.0,0.0,0.0,0.0,2.655684,-0.4123009,-0.3132944,1.600421,0.06759206,-2.180569,-0.03000229,0.9080881,-0.1767213,-0.3784781,20.10048,226.1101,4.842841,0.6059018,0.02286658,-0.7952059,0.0,0.0,0.0,0.8239001,-0.2423655,-2.836257,-0.002365559,0.09312598,1.103476,-0.7117086,0.07928086,0.6979869,-0.1882597,0.9357389,-0.2982466,-0.6767787,-0.3436675,-0.6510479,moving,13.020660390391392,0.3632593328261997,-0.1228267214384817,4.823949098621231,-0.7765209000000001,-0.30995756,-0.6556879999999996,0.2252980902310878,0.0061770259878373,0.9742702938890468,13.549961211688696,1.2657307603008252,13.866875304991572,13.879805713536,14.128200437685887
2420,05/05/2023 12:22:02.468049,2618,True,True,True,True,Eyes,1.755146,0.06744012,-2.32918,-0.8163487,-0.3109176,-0.486729,0.0,0.0,0.0,0.0,0.0,0.0,0.0,2.63857,-0.4223421,-0.3506863,1.591859,0.06690767,-2.173686,-0.02802313,0.9109883,-0.1752302,-0.3723027,19.8849,225.3074,4.844705,0.6055295,0.02288902,-0.7954893,0.0,0.0,0.0,0.8260323,-0.2405901,-2.836156,0.0009631217,0.09257773,1.097532,-0.7212107,0.07941992,0.6881479,-0.1815349,0.9370181,-0.2983992,-0.6685059,-0.3401316,-0.6613699,moving,13.245586883756998,0.1236003835563311,0.050278984487623,4.821532736830132,-0.7658266999999999,-0.30749777,-0.6624699999999999,0.2291249205189527,0.0020998432724217,0.9733947990809612,13.77223817254277,1.0208257311450155,13.992655157588962,14.006666946581456,14.238593248692617
2421,05/05/2023 12:22:02.488246,2619,True,True,True,True,Eyes,1.747938,0.06735056,-2.32289,-0.8117696,-0.310455,-0.4946189,0.0,0.0,0.0,0.0,0.0,0.0,0.0,2.62061,-0.4387313,-0.3811629,1.583488,0.06771428,-2.166414,-0.02821556,0.9127217,-0.1794867,-0.3659612,20.38303,224.5764,4.887478,0.6051432,0.02291188,-0.7957829,0.0,0.0,0.0,0.8281322,-0.2388416,-2.836056,0.004848421,0.09157351,1.091753,-0.7305525,0.07986443,0.67817,-0.1828762,0.9339768,-0.3069912,-0.6579128,-0.3482944,-0.6677138,moving,13.463319006587612,0.6091432630558556,0.254446046314733,4.794603605241465,-0.7553558,-0.30655588,-0.6696420000000001,0.2328103616122163,0.010339228764925,0.9724672141624652,13.985714761823507,1.5216931868834305,13.844376722360776,13.856132330366815,14.1159372038879
2422,05/05/2023 12:22:02.497840,2620,True,True,True,True,Eyes,1.740686,0.06728269,-2.316566,-0.8070618,-0.3099504,-0.5025754,0.0,0.0,0.0,0.0,0.0,0.0,0.0,2.6013,-0.4562351,-0.4177182,1.574513,0.06865901,-2.159999,-0.02536857,0.9155093,-0.1787488,-0.3595108,20.21433,223.7738,5.017553,0.6047404,0.02293687,-0.7960886,0.0,0.0,0.0,0.8303018,-0.237035,-2.835953,0.009805351,0.09009741,1.085925,-0.7402168,0.08207393,0.66734,-0.1749746,0.9348106,-0.3090519,-0.6492017,-0.345533,-0.6776016,moving,13.6846934475282,0.4005385556171921,0.5173377179592868,4.742873517626026,-0.7442112000000001,-0.30569401,-0.6759539999999999,0.2365731350772258,0.0067922206824774,0.971589959634461,14.204417255983763,1.3087006443247189,13.852778221872692,13.864888381494296,14.11133195711613
2423,05/05/2023 12:22:02.518204,2621,True,True,True,True,Eyes,1.733402,0.0672785,-2.310255,-0.802385,-0.3095185,-0.5102711,0.0,0.0,0.0,0.0,0.0,0.0,0.0,2.582909,-0.4672877,-0.4498544,1.56605,0.06910082,-2.152872,-0.0236809,0.9179112,-0.1781791,-0.3537383,20.11214,223.0459,5.045478,0.6043229,0.02296456,-0.7964053,0.0,0.0,0.0,0.8324159,-0.2352747,-2.835853,0.01470602,0.08852938,1.080161,-0.7486172,0.08258361,0.6578395,-0.1695314,0.9353828,-0.3103514,-0.6409618,-0.3438587,-0.6862432,moving,13.853744286223304,0.2876577736895667,0.780014113213345,4.685456882643422,-0.7336341,-0.30437552,-0.6829810000000003,0.2394414443377459,0.0048745102704197,0.9708985629021898,14.371318306558756,1.1937890199259873,13.781375920399755,13.793587555070156,14.032651001845029
2424,05/05/2023 12:22:02.538265,2622,True,True,True,True,Eyes,1.726062,0.06736073,-2.303941,-0.7976199,-0.3088742,-0.5180727,0.0,0.0,0.0,0.0,0.0,0.0,0.0,2.563668,-0.4839655,-0.4794374,1.557165,0.07073087,-2.146325,-0.02259544,0.9198059,-0.1802173,-0.3478053,20.31905,222.3454,5.126469,0.603891,0.02299688,-0.7967321,0.0,0.0,0.0,0.8345225,-0.2335206,-2.835753,0.02212679,0.08544159,1.074655,-0.7570421,0.08379421,0.6479709,-0.1669279,0.9340224,-0.3158122,-0.6316825,-0.3472475,-0.6931067,moving,14.020090993581928,0.4879900535515716,1.1795344329429376,4.545799722873412,-0.7226425,-0.3042514699999999,-0.6894279999999999,0.2422538596527537,0.0082632359468393,0.9701777595894324,14.53481583710761,1.400977689115377,13.456189578597426,13.466466206819474,13.720548349407787
2425,05/05/2023 12:22:02.548076,2623,True,True,True,True,Eyes,1.718709,0.06746409,-2.297621,-0.7928214,-0.3081316,-0.5258223,0.0,0.0,0.0,0.0,0.0,0.0,0.0,2.544215,-0.4974338,-0.511673,1.548357,0.07285255,-2.13999,-0.01952359,0.9224289,-0.1778309,-0.3422281,19.96438,221.6318,5.231413,0.6034454,0.02303638,-0.7970688,0.0,0.0,0.0,0.8366235,-0.2317711,-2.835653,0.03010681,0.08267902,1.069006,-0.7649977,0.08569922,0.6383058,-0.1577357,0.9359899,-0.3147097,-0.6244183,-0.3414358,-0.7025125,moving,14.15021259658684,0.1258276718946528,1.613215726127094,4.422563681695601,-0.7117335,-0.30462365,-0.6956630000000001,0.2444643290102977,0.0021294717370352,0.9696559202033864,14.663931346978538,1.0294247682240667,13.241379436211448,13.252857460481405,13.48460492200089
2426,05/05/2023 12:22:02.568034,2624,True,True,True,True,Eyes,1.711326,0.06762823,-2.291284,-0.7878171,-0.3077581,-0.5335066,0.0,0.0,0.0,0.0,0.0,0.0,0.0,2.524679,-0.5058228,-0.5455074,1.540051,0.07349409,-2.133139,-0.01836343,0.9248733,-0.1771386,-0.3359974,19.87697,220.8412,5.189931,0.6029848,0.02308332,-0.7974162,0.0,0.0,0.0,0.8387901,-0.2299671,-2.83555,0.03774545,0.08442798,1.063331,-0.7735372,0.08506852,0.6280158,-0.1530039,0.9365694,-0.3153214,-0.6150042,-0.3400016,-0.7114555,moving,14.369528971687442,0.0312450524468784,2.03299565839964,4.5397339357843,-0.7012609000000001,-0.30346119,-0.7024110000000001,0.2481747210309322,0.0005282685863595,0.9687152069546032,14.88033651256629,0.9336821345254304,13.12167452834709,13.134554663217052,13.343829158697355
2427,05/05/2023 12:22:02.588231,2625,True,True,True,True,Eyes,1.703888,0.06787157,-2.284953,-0.7827627,-0.3073353,-0.5411354,0.0,0.0,0.0,0.0,0.0,0.0,0.0,2.506735,-0.5130504,-0.5716517,1.531778,0.07515775,-2.126437,-0.02030102,0.9262078,-0.1807078,-0.3302603,20.37452,220.1493,5.003207,0.6025107,0.02313913,-0.7977731,0.0,0.0,0.0,0.8409433,-0.2281742,-2.835448,0.0442484,0.08642407,1.057905,-0.7810322,0.0817553,0.6191165,-0.1569671,0.9338652,-0.3213366,-0.6044423,-0.3481551,-0.7165459,moving,14.549874101605628,0.5768503770673018,2.395082441412469,4.67032735293194,-0.6908347000000001,-0.30333195,-0.7090109999999998,0.251210715173969,0.0097449191080625,0.967883342869326,15.056818850314444,1.4960591685924447,12.815703613532085,12.8255804568306,13.053564547456904
2428,05/05/2023 12:22:02.598207,2626,True,True,True,True,Eyes,1.696429,0.06817435,-2.278632,-0.7776233,-0.306861,-0.5487608,0.0,0.0,0.0,0.0,0.0,0.0,0.0,2.489279,-0.5168833,-0.5996277,1.523287,0.077241,-2.120579,-0.02023053,0.9281679,-0.1798533,-0.3251893,20.30549,219.4868,4.857651,0.6020236,0.02320567,-0.7981389,0.0,0.0,0.0,0.8430341,-0.2264332,-2.835349,0.0477792,0.08169627,1.052906,-0.7876855,0.07941807,0.6109375,-0.1545274,0.934487,-0.3207105,-0.5963834,-0.3470256,-0.7238097,moving,14.649469805318088,0.5566738408183141,2.5982089329073936,4.4367604787545565,-0.6802529,-0.3036742,-0.7147699999999997,0.2528936325788449,0.0093998232669177,0.9674484686866568,15.155038853086712,1.476003452204739,12.651602597634271,12.660488179086476,12.901165056481322
2429,05/05/2023 12:22:02.618087,2627,True,True,True,True,Eyes,1.688963,0.06849956,-2.272356,-0.7725133,-0.3062788,-0.5562521,0.0,0.0,0.0,0.0,0.0,0.0,0.0,2.472167,-0.5198516,-0.625468,1.515175,0.07893478,-2.114493,-0.01995681,0.930034,-0.1787041,-0.3204737,20.19358,218.8692,4.73167,0.6015226,0.02328422,-0.7985144,0.0,0.0,0.0,0.845204,-0.2246264,-2.835246,0.04996568,0.08347161,1.047917,-0.7937967,0.07741891,0.6032355,-0.151661,0.9353331,-0.3196106,-0.5889701,-0.3451931,-0.730723,moving,14.712253436790927,0.5018332596654219,2.729849809031061,4.554267503950928,-0.669971,-0.30356118,-0.7207530000000002,0.253955675800129,0.0084713893239079,0.9671787068854248,15.21705451551513,1.4200413231926432,12.63936471534373,12.649119337045194,12.874535142434798
2430,05/05/2023 12:22:02.637956,2628,True,True,True,True,Eyes,1.681485,0.06882791,-2.266109,-0.7673182,-0.305556,-0.5637892,0.0,0.0,0.0,0.0,0.0,0.0,0.0,2.454153,-0.5243916,-0.6536896,1.506969,0.07980443,-2.10899,-0.01892008,0.9320815,-0.1771238,-0.3154259,20.00629,218.2165,4.66787,0.6010075,0.02337452,-0.7988998,0.0,0.0,0.0,0.8473669,-0.2228255,-2.835143,0.05057064,0.0818866,1.043151,-0.8002972,0.07646875,0.5947077,-0.147009,0.9365384,-0.3182518,-0.5813029,-0.3421233,-0.7382674,moving,14.799188707610847,0.359402549031773,2.775453944305176,4.488472878773651,-0.6596021,-0.30262993,-0.726153,0.2554273643087348,0.0060646395254786,0.9668092019284878,15.303083076003643,1.274166895840327,12.702513873205426,12.712962654168384,12.933416200420565
2431,05/05/2023 12:22:02.648021,2629,True,True,True,True,Eyes,1.674003,0.06914393,-2.259899,-0.7619871,-0.3049028,-0.5713229,0.0,0.0,0.0,0.0,0.0,0.0,0.0,2.435977,-0.5280449,-0.6822507,1.499071,0.08016348,-2.103483,-0.01757347,0.9342039,-0.1750221,-0.3103574,19.75025,217.5592,4.619738,0.6004793,0.02347547,-0.7992939,0.0,0.0,0.0,0.8495034,-0.2210464,-2.835042,0.05062288,0.07910751,1.039101,-0.806739,0.07580438,0.5860255,-0.1414732,0.9381169,-0.3161045,-0.5737225,-0.3379207,-0.7460912,moving,14.880424833773626,0.140147662999574,2.789128227683382,4.353571122175838,-0.6495676,-0.30120988,-0.7315589999999998,0.2568018860944442,0.0023640055185427,0.9664611305453028,15.383674956409322,1.04924408511269,12.792889083080448,12.804389515427369,13.020798150264362
2432,05/05/2023 12:22:02.667932,2630,True,True,True,True,Eyes,1.666512,0.0694293,-2.253742,-0.7565456,-0.3041648,-0.5788977,0.0,0.0,0.0,0.0,0.0,0.0,0.0,2.416442,-0.5372729,-0.7106514,1.49135,0.08018632,-2.098171,-0.01635013,0.936075,-0.175077,-0.3047041,19.73889,216.8685,4.636454,0.5999376,0.02358577,-0.7996974,0.0,0.0,0.0,0.8516214,-0.2192828,-2.834941,0.05064821,0.07635491,1.034914,-0.8137766,0.07608347,0.5761768,-0.1373033,0.9381614,-0.3178065,-0.5647267,-0.3377343,-0.7530072,moving,15.008975865543636,0.1481716155394285,2.8017933998386573,4.219579643178673,-0.6397286,-0.29946912,-0.7367700000000004,0.258969556696912,0.00249785683456,0.9658822634871856,15.51037006008602,1.058392647495719,12.857400841778484,12.868242579254572,13.095839948283542
2433,05/05/2023 12:22:02.687995,2631,True,True,True,True,Eyes,1.658983,0.06969412,-2.247611,-0.7508948,-0.3035579,-0.5865232,0.0,0.0,0.0,0.0,0.0,0.0,0.0,2.396863,-0.5443984,-0.7401512,1.483516,0.07971606,-2.093315,-0.01458986,0.9381158,-0.1738295,-0.2991809,19.56491,216.1815,4.665308,0.5993826,0.02370342,-0.8001102,0.0,0.0,0.0,0.853735,-0.2175229,-2.834841,0.05036637,0.07209854,1.030961,-0.8205557,0.07663898,0.566405,-0.1313869,0.9391409,-0.3174144,-0.5562603,-0.3348744,-0.7605482,moving,15.110245367622246,-0.0151341403734807,2.796893274379433,4.000371870342531,-0.629781,-0.29723896,-0.7415259999999999,0.2606771195772106,-0.0002550081716046,0.9654259359254084,15.61057720103703,0.8911495611463177,12.940435967064913,12.951560843939372,13.18551323006756
2434,05/05/2023 12:22:02.698462,2632,True,True,True,True,Eyes,1.651445,0.06996424,-2.241556,-0.7451128,-0.302949,-0.5941623,0.0,0.0,0.0,0.0,0.0,0.0,0.0,2.375937,-0.5572385,-0.7685826,1.475886,0.07942306,-2.088483,-0.01277714,0.9399053,-0.1744155,-0.2932477,19.59454,215.479,4.766022,0.5988129,0.02382722,-0.8005331,0.0,0.0,0.0,0.8559189,-0.2157044,-2.834737,0.05080792,0.0701717,1.027118,-0.8276853,0.07827526,0.5557071,-0.1263125,0.938832,-0.3203744,-0.5467929,-0.3353618,-0.7671703,moving,15.237762615411008,0.0031569775129009,2.8319126487527533,3.90831864678041,-0.6199671,-0.29512746,-0.746254,0.26282514888954,5.316254054574081e-05,0.9648434890442416,15.736229100958523,0.9108500225438936,12.995383502698008,13.005975590410388,13.247875348596502
2435,05/05/2023 12:22:02.723038,2633,True,True,True,True,Eyes,1.643847,0.07022495,-2.235544,-0.7391315,-0.3022678,-0.6019293,0.0,0.0,0.0,0.0,0.0,0.0,0.0,2.354846,-0.5697216,-0.7973545,1.468,0.07982969,-2.084287,-0.01077243,0.94174,-0.1743909,-0.2873986,19.55148,214.7811,4.866914,0.5982291,0.02395662,-0.8009656,0.0,0.0,0.0,0.8580946,-0.2138928,-2.834634,0.05206788,0.06731494,1.023166,-0.8345723,0.07994972,0.5450666,-0.120529,0.9389436,-0.3222697,-0.5375522,-0.3346536,-0.77398,moving,15.343235766060475,-0.0440881976011989,2.913211071728873,3.764112220658693,-0.6099053999999999,-0.29372249,-0.7503470000000001,0.2646007736928745,-0.0007420582429475,0.9643577963174644,15.840306343194005,0.8629969677259545,12.989959706081772,13.000304009034876,13.248632452760363
2436,05/05/2023 12:22:02.738022,2634,True,True,True,True,Eyes,1.636255,0.07046439,-2.229613,-0.7330001,-0.3016334,-0.6096952,0.0,0.0,0.0,0.0,0.0,0.0,0.0,2.333455,-0.576037,-0.8297734,1.460161,0.07971204,-2.080127,-0.008664534,0.9439715,-0.1723037,-0.2813439,19.27939,214.025,4.898068,0.5976293,0.02409096,-0.8014092,0.0,0.0,0.0,0.8601809,-0.2121557,-2.834535,0.05296293,0.07599092,1.019464,-0.8415413,0.08059502,0.534147,-0.1133113,0.9404727,-0.3204241,-0.5281753,-0.330175,-0.7823144,moving,15.478477882809411,-0.3127054612286209,2.973941898240375,4.262947901130649,-0.5999801,-0.29186774,-0.7544079999999997,0.2668727075749541,-0.0052597715635136,0.963717481554279,15.974248771041454,0.5876847911188556,13.299414050879829,13.315405509478548,13.509831150492316
2437,05/05/2023 12:22:02.748035,2635,True,True,True,True,Eyes,1.628634,0.07072759,-2.223758,-0.7267472,-0.3012664,-0.6173145,0.0,0.0,0.0,0.0,0.0,0.0,0.0,2.313642,-0.5787736,-0.859436,1.45255,0.07942598,-2.076135,-0.008774514,0.9457397,-0.1721298,-0.2754467,19.29389,213.285,4.754324,0.5970139,0.02422891,-0.8018638,0.0,0.0,0.0,0.8623224,-0.2103725,-2.834433,0.0541977,0.07220876,1.015768,-0.8481045,0.07822835,0.5240224,-0.111422,0.9405887,-0.3207462,-0.5179809,-0.3304138,-0.789001,moving,15.622960780920332,-0.261234346265349,3.0541990533127525,4.066193325853075,-0.5902276,-0.2897984799999999,-0.7582980000000004,0.2693031990797733,-0.0043909395605663,0.9630454999646826,16.116545695796134,0.6416270197762504,13.278453464628216,13.292870330473752,13.503797769261562
2438,05/05/2023 12:22:02.768115,2636,True,True,True,True,Eyes,1.621012,0.07103159,-2.218012,-0.720374,-0.3008851,-0.6249235,0.0,0.0,0.0,0.0,0.0,0.0,0.0,2.294521,-0.5827668,-0.8858287,1.444769,0.08021867,-2.072521,-0.009892464,0.9471155,-0.1733946,-0.2698311,19.49885,212.5871,4.553444,0.5963814,0.02437115,-0.8023302,0.0,0.0,0.0,0.8644747,-0.2085803,-2.834331,0.05398813,0.07069273,1.012813,-0.8541868,0.07483587,0.514553,-0.1123131,0.9396729,-0.3231108,-0.5076917,-0.3337879,-0.7942511,moving,15.739295245146147,0.0055593764796327,3.051271241042941,3.992678447936437,-0.5802942999999999,-0.28879897,-0.7618100000000001,0.2712606150465509,9.339139262140755e-05,0.9625058930379984,16.23058906394322,0.9168181757058604,13.288289380378696,13.299739531986097,13.533489376036888
2439,05/05/2023 12:22:02.787401,2637,True,True,True,True,Eyes,1.61335,0.07135163,-2.212361,-0.7138646,-0.3004561,-0.6325532,0.0,0.0,0.0,0.0,0.0,0.0,0.0,2.274384,-0.5881131,-0.913861,1.436978,0.081486,-2.06937,-0.009393168,0.9488052,-0.1728166,-0.2642253,19.44504,211.8895,4.470535,0.5957317,0.02451858,-0.8028082,0.0,0.0,0.0,0.8665887,-0.2068201,-2.83423,0.05379498,0.07328668,1.009396,-0.8601936,0.07350047,0.5046432,-0.1091496,0.9400924,-0.3229748,-0.4981501,-0.3329024,-0.800639,moving,15.828829835511696,-0.0142794662488298,3.050648262639484,4.1526442123382274,-0.5703893000000001,-0.2883061,-0.7648599999999997,0.272764381008731,-0.000239773363158,0.9620808806707823,16.318890933062338,0.8970395937428405,13.427830557322718,13.44043069445546,13.661816313867252
2440,05/05/2023 12:22:02.798064,2638,True,True,True,True,Eyes,1.605692,0.07169341,-2.206816,-0.7071988,-0.3001992,-0.6401173,0.0,0.0,0.0,0.0,0.0,0.0,0.0,2.254302,-0.5873328,-0.9450777,1.429245,0.0820841,-2.066526,-0.009082559,0.9507917,-0.1706208,-0.2584595,19.21687,211.1447,4.307606,0.5950625,0.02467158,-0.8032997,0.0,0.0,0.0,0.8687222,-0.2050435,-2.834129,0.05303097,0.06554702,1.006902,-0.8662325,0.07092588,0.4945815,-0.1054684,0.9416121,-0.3197547,-0.4883828,-0.3291446,-0.8081746,moving,15.945209941296136,-0.2028149158425927,3.014837608202747,3.724569072525971,-0.5605228000000001,-0.2871276,-0.7676029999999998,0.2747163967299619,-0.0034035884027272,0.9615192026761928,16.43405219335899,0.7039547913372013,13.50160626443759,13.513655081602488,13.754978397590872
2441,05/05/2023 12:22:02.818307,2639,True,True,True,True,Eyes,1.598032,0.0720617,-2.201408,-0.7004906,-0.2999493,-0.6475673,0.0,0.0,0.0,0.0,0.0,0.0,0.0,2.23383,-0.5935577,-0.9713213,1.421514,0.08296554,-2.063538,-0.00991483,0.9520798,-0.1721222,-0.2526255,19.43624,210.4303,4.140357,0.5943731,0.02483045,-0.8038051,0.0,0.0,0.0,0.8708767,-0.2032495,-2.834027,0.05392006,0.06420167,1.004289,-0.8721641,0.06808548,0.4844524,-0.1058443,0.9405513,-0.3227386,-0.4776261,-0.3327576,-0.8131087,moving,16.069617767442423,0.06083478260513,3.0732473484113694,3.657797702560035,-0.5506373,-0.28621504,-0.770489,0.2768050077765084,0.0010202797262345,0.96092560481406,16.5560609617385,0.9759688235587448,13.475524357287265,13.484946656038204,13.746943990137032
2442,05/05/2023 12:22:02.837997,2640,True,True,True,True,Eyes,1.590363,0.07244615,-2.196119,-0.6936848,-0.2996533,-0.6549882,0.0,0.0,0.0,0.0,0.0,0.0,0.0,2.211827,-0.5997744,-1.000638,1.41334,0.08399595,-2.061212,-0.009030897,0.953775,-0.1713589,-0.2467141,19.34962,209.7036,4.091936,0.5936632,0.02499548,-0.8043244,0.0,0.0,0.0,0.8730109,-0.2014725,-2.833925,0.05388418,0.07241152,1.001445,-0.8781012,0.06732641,0.4737146,-0.1017802,0.9411092,-0.3224195,-0.4675245,-0.3313317,-0.8195367,moving,16.181046234402654,-0.0132488149756282,3.0799113743379998,4.135690478552848,-0.5403291,-0.28546845,-0.772713,0.2786734473752436,-0.0002220752906934,0.9603860184851364,16.666071657577046,0.900555735843811,13.729612628121872,13.742395420121849,13.966024776053676
2443,05/05/2023 12:22:02.848048,2641,True,True,True,True,Eyes,1.582633,0.07284373,-2.190933,-0.6868537,-0.2994938,-0.6622201,0.0,0.0,0.0,0.0,0.0,0.0,0.0,2.191402,-0.6024215,-1.02742,1.405334,0.08474391,-2.058787,-0.008718131,0.9553125,-0.1704036,-0.2413804,19.2558,209.0367,3.984981,0.592931,0.02516685,-0.804859,0.0,0.0,0.0,0.8750709,-0.1997572,-2.833828,0.05284172,0.07006229,0.9989672,-0.8833189,0.06560712,0.4641587,-0.09892128,0.9417732,-0.3213687,-0.4582163,-0.3297862,-0.8253961,moving,16.24152502405337,-0.0772235495880639,3.0279157278746487,4.01185441116866,-0.5302631000000001,-0.28450111,-0.7750409999999999,0.2796867701660354,-0.0012940156612052,0.960090432409208,16.725836937874107,0.8351836545061634,13.819145551538794,13.831848365320054,14.061446674207732
2444,05/05/2023 12:22:02.868057,2642,True,True,True,True,Eyes,1.574886,0.07324197,-2.185883,-0.679954,-0.2992742,-0.6694009,0.0,0.0,0.0,0.0,0.0,0.0,0.0,2.170995,-0.6079412,-1.051701,1.397123,0.08541079,-2.05661,-0.009143512,0.9564716,-0.1712862,-0.2360923,19.38888,208.3896,3.853106,0.5921752,0.02534444,-0.8054096,0.0,0.0,0.0,0.8772181,-0.1979693,-2.833726,0.0511032,0.06763008,0.9968828,-0.8883535,0.06338766,0.4547634,-0.0983697,0.941155,-0.3233432,-0.4484988,-0.3319781,-0.8298428,moving,16.299040983806307,0.0996801649824025,2.9345845797876544,3.88108790173692,-0.5199048999999999,-0.28338009,-0.7771159999999999,0.2806502599505752,0.0016698260264157,0.9598086773379192,16.782114140186007,1.0175186441156636,13.878731942213626,13.889123062544378,14.14051285559685
2445,05/05/2023 12:22:02.887984,2643,True,True,True,True,Eyes,1.56708,0.07364612,-2.180948,-0.6730697,-0.2990956,-0.6764016,0.0,0.0,0.0,0.0,0.0,0.0,0.0,2.151566,-0.6083624,-1.076691,1.388874,0.08579843,-2.054817,-0.009132263,0.9578505,-0.1701642,-0.2312644,19.28138,207.7794,3.71816,0.5913949,0.02552765,-0.805977,0.0,0.0,0.0,0.8794029,-0.1961501,-2.833622,0.05019337,0.06443144,0.9941891,-0.8928668,0.06121113,0.4461413,-0.09620051,0.9419215,-0.3217598,-0.4399254,-0.3302076,-0.835122,moving,16.312904539123945,0.0396347921095687,2.890223345126968,3.708041213070695,-0.5094711,-0.28194853,-0.7788050000000002,0.2808828310137663,0.0006639088802876,0.95974190173541,16.79592106872735,0.9558625825445412,13.904973032745431,13.914940751042703,14.17543355225757
2446,05/05/2023 12:22:02.907889,2644,True,True,True,True,Eyes,1.559247,0.07403331,-2.176162,-0.6661614,-0.2987837,-0.6833428,0.0,0.0,0.0,0.0,0.0,0.0,0.0,2.132553,-0.6131873,-1.097605,1.380542,0.08629595,-2.053089,-0.0087788,0.9588955,-0.1701449,-0.226921,19.28617,207.2515,3.667895,0.5905883,0.02571623,-0.8065622,0.0,0.0,0.0,0.8816263,-0.1942987,-2.833517,0.04949316,0.06064105,0.9916596,-0.8968595,0.060383,0.4381744,-0.09405481,0.9419473,-0.3223181,-0.4321997,-0.3302865,-0.8391151,moving,16.259535475301995,0.0877913089837611,2.8572285541879623,3.499340943412056,-0.4989156999999999,-0.28059465,-0.7804280000000001,0.2799884969201571,0.0014709621394947,0.960002276252648,16.74320118763136,1.0050162411473391,13.821203418497662,13.829696371067188,14.10822071336662
2447,05/05/2023 12:22:02.923245,2645,True,True,True,True,Eyes,1.551367,0.07438782,-2.171502,-0.6592249,-0.2984223,-0.6901933,0.0,0.0,0.0,0.0,0.0,0.0,0.0,2.113284,-0.6145503,-1.120891,1.372022,0.08624372,-2.051866,-0.007746954,0.960218,-0.1683993,-0.2226278,19.07766,206.7199,3.64625,0.5897542,0.02590901,-0.8071663,0.0,0.0,0.0,0.88362,-0.1926386,-2.833422,0.05016431,0.061157,0.9889929,-0.9007539,0.0601032,0.4301517,-0.08985826,0.9431633,-0.3199506,-0.4249333,-0.3268494,-0.8441572,moving,16.199078347897977,-0.0833131072663791,2.903703496516441,3.5385308114038057,-0.4884020000000001,-0.27888232,-0.7815560000000001,0.2789754049074602,-0.0013963577939948,0.960297299238012,16.684011182544996,0.8286249403411848,13.769821284929812,13.779867409012208,14.044232615263724
2448,05/05/2023 12:22:02.938070,2646,True,True,True,True,Eyes,1.543467,0.07470264,-2.166999,-0.6522642,-0.2980281,-0.6969438,0.0,0.0,0.0,0.0,0.0,0.0,0.0,2.094394,-0.6158153,-1.142383,1.36342,0.08596171,-2.050475,-0.007005302,0.9613799,-0.1671273,-0.2185589,18.9297,206.218,3.611542,0.5888907,0.02610446,-0.8077902,0.0,0.0,0.0,0.8857779,-0.1908418,-2.833319,0.05060035,0.05933094,0.9859096,-0.904366,0.05958482,0.4225779,-0.08652384,0.9440387,-0.3182836,-0.4178948,-0.3244078,-0.8486011,moving,16.117961470183925,-0.1841654114470693,2.9380431295894285,3.443842817909025,-0.4776421,-0.27680351,-0.7828439999999999,0.2776145070115124,-0.0030879418360545,0.9606875899384056,16.60429112259014,0.7243392715449494,13.659734179513576,13.67013866707338,13.934203735588294
2449,05/05/2023 12:22:02.948102,2647,True,True,True,True,Eyes,1.535447,0.07498441,-2.162612,-0.6452106,-0.2975773,-0.7036697,0.0,0.0,0.0,0.0,0.0,0.0,0.0,2.075531,-0.6189899,-1.163451,1.354997,0.0853122,-2.049707,-0.006300412,0.9624091,-0.1665745,-0.2144342,18.86429,205.7189,3.593541,0.5879968,0.02630085,-0.8084346,0.0,0.0,0.0,0.8879333,-0.1890471,-2.833217,0.05177087,0.06081109,0.9828608,-0.9079568,0.05931139,0.4148459,-0.08356568,0.9444265,-0.3179235,-0.4106479,-0.3233276,-0.8525421,moving,16.037155292238406,-0.2032452414647044,3.015191579251622,3.54046374298665,-0.4670636999999999,-0.2743593,-0.7835099999999997,0.2762590554230708,-0.0034092420485549,0.961077169581687,16.524684640038696,0.7041534114240819,13.538334235552078,13.549424190813657,13.80402329237323
2450,05/05/2023 12:22:02.968024,2648,True,True,True,True,Eyes,1.5274,0.07519455,-2.158375,-0.6381269,-0.297105,-0.7102977,0.0,0.0,0.0,0.0,0.0,0.0,0.0,2.056017,-0.6185719,-1.186586,1.346249,0.08445165,-2.048976,-0.005405401,0.963656,-0.1647624,-0.2102176,18.65211,205.1971,3.561304,0.5870692,0.02649707,-0.8091021,0.0,0.0,0.0,0.8900551,-0.1872803,-2.833116,0.05282018,0.06018281,0.9796437,-0.9115589,0.05885399,0.406936,-0.07968978,0.9456483,-0.3152759,-0.4033736,-0.3198211,-0.8573241,moving,15.971774954092686,-0.3674079110443016,3.086270867368993,3.5154545265430794,-0.4561939,-0.27173195,-0.7841399999999998,0.2751585765066249,-0.0061649069907779,0.9613791634160492,16.46062542091868,0.5348669110390395,13.44522102547092,13.45781692096456,13.702454607031228
2451,05/05/2023 12:22:02.987951,2649,True,True,True,True,Eyes,1.519283,0.07533234,-2.154274,-0.6309954,-0.2967932,-0.7167696,0.0,0.0,0.0,0.0,0.0,0.0,0.0,2.036748,-0.6191233,-1.208169,1.337482,0.08293297,-2.048313,-0.005155223,0.9646611,-0.1641762,-0.2060306,18.59479,204.6836,3.490486,0.5861083,0.0266901,-0.809792,0.0,0.0,0.0,0.892248,-0.1854543,-2.833012,0.05439997,0.05621192,0.9765022,-0.9150499,0.05770456,0.3991922,-0.07759675,0.9460391,-0.3146245,-0.3958068,-0.3188731,-0.8611954,moving,15.910916272716696,-0.3754372459048154,3.188595235862297,3.294570528669304,-0.445234,-0.2683872699999999,-0.7846990000000003,0.2741370142403336,-0.0063015446850302,0.9616700295993102,16.400655342507665,0.5261848665905253,13.229620903344184,13.24108793227439,13.49898112583366
2452,05/05/2023 12:22:02.997914,2650,True,True,True,True,Eyes,1.51113,0.07541394,-2.150333,-0.6238539,-0.2964695,-0.7231266,0.0,0.0,0.0,0.0,0.0,0.0,0.0,2.017605,-0.622498,-1.227467,1.328462,0.08131497,-2.0478,-0.005222797,0.9653968,-0.1648514,-0.2020048,18.68736,204.1997,3.420455,0.5851116,0.02687777,-0.8105064,0.0,0.0,0.0,0.8942808,-0.1837617,-2.832916,0.05631176,0.05738667,0.9732344,-0.9183336,0.05651739,0.3917516,-0.07668568,0.9455935,-0.3161838,-0.3883077,-0.320404,-0.8640362,moving,15.834907617136905,-0.2297652039391355,3.3114662737406326,3.374532658125187,-0.4341812,-0.26507667,-0.7851159999999999,0.2728643906593199,-0.0038579733379782,0.9620447354228712,16.3253896160226,0.67546898810807,13.021296006359885,13.03178982948883,13.290866994052635
2453,05/05/2023 12:22:03.018151,2651,True,True,True,True,Eyes,1.502939,0.07543292,-2.14656,-0.6166788,-0.2961581,-0.7293817,0.0,0.0,0.0,0.0,0.0,0.0,0.0,1.998344,-0.6249417,-1.247367,1.319345,0.08004387,-2.047627,-0.004740631,0.9662566,-0.1645645,-0.198102,18.65695,203.7296,3.390907,0.5840783,0.02705834,-0.8112453,0.0,0.0,0.0,0.8964009,-0.1819963,-2.832815,0.05757421,0.0608516,0.9697901,-0.9214665,0.05603978,0.3843951,-0.07436244,0.9457921,-0.3161448,-0.3812745,-0.3199013,-0.8673485,moving,15.740641802814224,-0.2176386215688862,3.397530968858756,3.590441776943225,-0.4229441,-0.26204017,-0.7851880000000002,0.2712814376775773,-0.0036560579017528,0.9624931385065272,16.232442305703987,0.687283021412113,12.90564082941498,12.917192472857288,13.15915194017058
2454,05/05/2023 12:22:03.038187,2652,True,True,True,True,Eyes,1.494708,0.07542326,-2.142954,-0.6095011,-0.2958453,-0.7355161,0.0,0.0,0.0,0.0,0.0,0.0,0.0,1.979483,-0.6251296,-1.267803,1.310178,0.0785609,-2.047859,-0.004537807,0.9671437,-0.1639305,-0.1942663,18.5935,203.2592,3.321526,0.5830065,0.02723017,-0.8120101,0.0,0.0,0.0,0.8985412,-0.1802142,-2.832713,0.058709,0.05928838,0.9665053,-0.9244802,0.05491495,0.3772547,-0.07246979,0.9462124,-0.3153256,-0.3742792,-0.3188518,-0.8707749,moving,15.649417924310152,-0.2281922989716584,3.4760801109832205,3.5102990532560203,-0.4116368,-0.2587751,-0.7848540000000002,0.2697484651612765,-0.0038350610577464,0.9629231660118732,16.142546903335003,0.6757931037297378,12.723240463986048,12.734459984940724,12.97974595204584
2455,05/05/2023 12:22:03.048124,2653,True,True,True,True,Eyes,1.486469,0.07534115,-2.13954,-0.6022991,-0.2953852,-0.7416086,0.0,0.0,0.0,0.0,0.0,0.0,0.0,1.961235,-0.6250287,-1.287096,1.300921,0.07786196,-2.048233,-0.004899904,0.967931,-0.1635832,-0.1905942,18.5748,202.8021,3.197385,0.5818961,0.02739284,-0.8128008,0.0,0.0,0.0,0.9006822,-0.1784315,-2.832612,0.06048924,0.05540147,0.9630191,-0.9272998,0.05287049,0.3705671,-0.07184156,0.9464331,-0.3148068,-0.367361,-0.3185423,-0.8738289,moving,15.550042496361556,-0.1682399795601821,3.594145749493572,3.292536476276011,-0.4002388,-0.25629346,-0.7843789999999999,0.2680788339948514,-0.0028288584439711,0.9633927932871804,16.044450303928308,0.736757147980968,12.43717858674589,12.446704009457228,12.709920986108392
2456,05/05/2023 12:22:03.068077,2654,True,True,True,True,Eyes,1.478189,0.07519994,-2.136285,-0.5950949,-0.2949475,-0.7475749,0.0,0.0,0.0,0.0,0.0,0.0,0.0,1.94194,-0.6204078,-1.310067,1.291495,0.07605655,-2.04904,-0.004402373,0.9690719,-0.1612781,-0.1867345,18.31399,202.3171,3.121776,0.5807456,0.02754444,-0.8136181,0.0,0.0,0.0,0.9028214,-0.1766502,-2.83251,0.06217837,0.05889575,0.959388,-0.930222,0.05169994,0.3633384,-0.06876481,0.9479401,-0.310936,-0.3604984,-0.3142243,-0.8782395,moving,15.468228385367071,-0.3699558453464654,3.7081792364662647,3.512914955404003,-0.3886736,-0.25270675,-0.7834699999999999,0.2666988456111824,-0.0062230338258064,0.963759927820168,15.964280641480212,0.5287350400779529,12.371643873459384,12.38448390688458,12.61417264100267
2457,05/05/2023 12:22:03.088676,2655,True,True,True,True,Eyes,1.469864,0.07502992,-2.133215,-0.5877851,-0.2945531,-0.7534899,0.0,0.0,0.0,0.0,0.0,0.0,0.0,1.92321,-0.6209242,-1.328907,1.282152,0.07449723,-2.049587,-0.004609541,0.9697804,-0.1612226,-0.1830635,18.32391,201.8676,3.024491,0.5795535,0.02768376,-0.814463,0.0,0.0,0.0,0.9050829,-0.174767,-2.832403,0.06355518,0.05685319,0.955378,-0.9329334,0.05008744,0.3565491,-0.06796841,0.9479721,-0.3110133,-0.3535764,-0.3143886,-0.8809904,moving,15.364449398878866,-0.2930530006711058,3.805913676987881,3.405574358466643,-0.3770690999999999,-0.24926423,-0.782816,0.2649546312090293,-0.0049319216267028,0.9642482053152006,15.861803470383602,0.6071008827900388,12.124433994504033,12.135880370866888,12.37642648362477
2458,05/05/2023 12:22:03.098648,2656,True,True,True,True,Eyes,1.461492,0.07482636,-2.130324,-0.5804946,-0.293986,-0.7593406,0.0,0.0,0.0,0.0,0.0,0.0,0.0,1.903454,-0.6257598,-1.347654,1.272545,0.07365637,-2.050874,-0.004346143,0.970412,-0.1617086,-0.1792545,18.38532,201.4158,2.992401,0.5783193,0.0278107,-0.8153355,0.0,0.0,0.0,0.9071276,-0.1730645,-2.832306,0.06412557,0.05507103,0.9517682,-0.9356982,0.04953888,0.349307,-0.06640907,0.9476629,-0.3122897,-0.3464958,-0.315406,-0.8834366,moving,15.269644402192608,-0.173143182180342,3.8544890989834952,3.3115450842697176,-0.3654174,-0.24672087,-0.7814320000000001,0.2633608526419003,-0.0029152324029637,0.9646929347462266,15.768070710560233,0.7297591657567717,11.925452588197963,11.93519262143338,12.190120809275482
2459,05/05/2023 12:22:03.118080,2657,True,True,True,True,Eyes,1.453111,0.07457478,-2.127622,-0.5730985,-0.2933931,-0.7651658,0.0,0.0,0.0,0.0,0.0,0.0,0.0,1.884191,-0.6212892,-1.369595,1.262962,0.07260374,-2.052223,-0.003796584,0.971485,-0.1592685,-0.1756027,18.10668,200.9587,2.928475,0.5770414,0.02792508,-0.8162366,0.0,0.0,0.0,0.9092021,-0.1713372,-2.832207,0.06445777,0.0571411,0.9476902,-0.9382989,0.04855931,0.3424001,-0.06331261,0.9492383,-0.3081206,-0.3399814,-0.3107873,-0.8875948,moving,15.159274060592404,-0.3830246152631487,3.8910172587167913,3.450478882084716,-0.3537598999999999,-0.24394094,-0.7799839999999998,0.2614977469105934,-0.0064523808537336,0.9651825726055676,15.659772132717816,0.5131401687255404,11.889839031307512,11.902493873856615,12.129779470432323
2460,05/05/2023 12:22:03.138336,2658,True,True,True,True,Eyes,1.444675,0.07430723,-2.125111,-0.5657414,-0.2926911,-0.7708881,0.0,0.0,0.0,0.0,0.0,0.0,0.0,1.864808,-0.62375,-1.388257,1.253355,0.07123932,-2.053743,-0.003266754,0.9721659,-0.1590118,-0.1720407,18.07705,200.535,2.916031,0.5757192,0.02802613,-0.8171663,0.0,0.0,0.0,0.9113653,-0.1695359,-2.832105,0.06394207,0.05553159,0.9435118,-0.9407827,0.04836131,0.335543,-0.06106461,0.9494092,-0.3080476,-0.3334652,-0.3102956,-0.8902346,moving,15.035830013512657,-0.3480437054986,3.8770234678354782,3.36833037626822,-0.3419896999999999,-0.2407752199999999,-0.778362,0.2594185573455441,-0.0058665112532808,0.9657471048702404,15.538009700487956,0.5482549084463966,11.749671026466793,11.76139446832203,11.997142391516451
2461,05/05/2023 12:22:03.148382,2659,True,True,True,True,Eyes,1.436201,0.07400551,-2.122797,-0.5583127,-0.2917491,-0.7766398,0.0,0.0,0.0,0.0,0.0,0.0,0.0,1.845516,-0.6242663,-1.407852,1.243555,0.07056051,-2.055792,-0.002172462,0.9730083,-0.1574848,-0.1686675,17.89063,200.1323,2.945274,0.5743515,0.02811436,-0.8181252,0.0,0.0,0.0,0.9134862,-0.1677699,-2.832004,0.06224182,0.05567078,0.9393755,-0.9430931,0.0488975,0.3289141,-0.05735279,0.9503877,-0.3057352,-0.3275456,-0.3072009,-0.8934997,moving,14.882356407253452,-0.4628884115843761,3.790804113852872,3.3915876274064245,-0.3300687999999999,-0.23833041,-0.7762120000000001,0.2568273658723399,-0.0078078528068647,0.9664257492688,15.386999875360852,0.4290743889628352,11.729292309795785,11.742210942254184,11.968635712860891
2462,05/05/2023 12:22:03.168320,2660,True,True,True,True,Eyes,1.427682,0.07364542,-2.120671,-0.55093,-0.2906436,-0.7823058,0.0,0.0,0.0,0.0,0.0,0.0,0.0,1.82598,-0.6208466,-1.429379,1.233804,0.06939338,-2.05808,-0.0004571945,0.9740764,-0.1544267,-0.1653094,17.51755,199.7284,3.015452,0.572937,0.02818955,-0.8191139,0.0,0.0,0.0,0.9155974,-0.1660119,-2.831904,0.06043056,0.05266869,0.9348738,-0.9453453,0.05016568,0.3221893,-0.05194705,0.9523044,-0.3006957,-0.3219068,-0.300998,-0.8976505,moving,14.726745055537348,-0.7657786255216593,3.698473176892544,3.2245069373860296,-0.3182065999999999,-0.23540528,-0.7738240000000003,0.2541881807926085,-0.0129259849098259,0.967068363402534,15.234325949650271,0.116486454664404,11.712663830167395,11.727964849148266,11.947204297062946
2463,05/05/2023 12:22:03.188075,2661,True,True,True,True,Eyes,1.419132,0.07327857,-2.118738,-0.5434197,-0.2895998,-0.7879257,0.0,0.0,0.0,0.0,0.0,0.0,0.0,1.807241,-0.6159941,-1.450175,1.224153,0.06758668,-2.060451,0.0004241708,0.9750181,-0.1519448,-0.1620258,17.22714,199.3253,3.004627,0.5714743,0.02825055,-0.8201329,0.0,0.0,0.0,0.9181736,-0.1638669,-2.831781,0.05761704,0.05135357,0.9301301,-0.947495,0.0500651,0.3158272,-0.0484108,0.9538252,-0.2964353,-0.316085,-0.2961604,-0.9013208,moving,14.57066079326203,-0.9680251667640234,3.5446658942120406,3.1601585540123733,-0.3059794,-0.23145358,-0.7713299999999998,0.2515401519227535,-0.0163512132869843,0.96770869223302,15.080948722322304,-0.0925993419018741,11.7563451988176,11.77346441564078,11.986085909069072
2464,05/05/2023 12:22:03.198587,2662,True,True,True,True,Eyes,1.410539,0.07292353,-2.116999,-0.5359553,-0.2883783,-0.7934669,0.0,0.0,0.0,0.0,0.0,0.0,0.0,1.788867,-0.6205037,-1.466474,1.214477,0.06706975,-2.063047,0.001279133,0.9755254,-0.1518753,-0.1590051,17.2121,198.9764,3.048138,0.5699629,0.0282983,-0.8211824,0.0,0.0,0.0,0.9199368,-0.1623987,-2.831698,0.0559181,0.05102478,0.9254287,-0.9494318,0.05079356,0.3098385,-0.04580225,0.9538645,-0.2967233,-0.3106155,-0.2959097,-0.9033028,moving,14.38207339938857,-0.8923512540897287,3.4578357828887167,3.1558859510375314,-0.2945402,-0.22946845,-0.7686509999999998,0.2483585416561999,-0.0150858798773538,0.9685506181502964,14.894877969438175,-0.0160887876826903,11.634388662102824,11.65020137039386,11.868755525327469
2465,05/05/2023 12:22:03.217944,2663,True,True,True,True,Eyes,1.401946,0.07257333,-2.115453,-0.5282905,-0.2871197,-0.7990441,0.0,0.0,0.0,0.0,0.0,0.0,0.0,1.767888,-0.6224755,-1.487008,1.204784,0.06695798,-2.06594,0.003818685,0.9764538,-0.1494775,-0.1554986,16.90155,198.5769,3.232044,0.5684015,0.02833438,-0.8222626,0.0,0.0,0.0,0.9220343,-0.1606522,-2.831598,0.05379456,0.04876548,0.9204675,-0.951611,0.0539446,0.3025327,-0.03902952,0.9552839,-0.2931032,-0.304816,-0.290728,-0.9069533,moving,14.21422311700606,-1.1502139861313951,3.3447126508667595,3.0326399191804265,-0.2827497000000001,-0.22761018,-0.7656580000000002,0.2455015448235295,-0.0194593426147556,0.9692008944163292,14.730033910621326,-0.2824542498193363,11.628498006929812,11.646567072175996,11.85813600601526
2466,05/05/2023 12:22:03.238234,2664,True,True,True,True,Eyes,1.393317,0.0722193,-2.114086,-0.5206161,-0.2858625,-0.8045132,0.0,0.0,0.0,0.0,0.0,0.0,0.0,1.745275,-0.6279463,-1.507499,1.195237,0.06674722,-2.06877,0.006812794,0.9773062,-0.1477602,-0.1516353,16.66334,198.1486,3.478597,0.5667905,0.02835992,-0.8233731,0.0,0.0,0.0,0.9241614,-0.158881,-2.831497,0.05161467,0.04971573,0.9151775,-0.9539207,0.05812768,0.2943749,-0.03149493,0.9562411,-0.2908799,-0.2984015,-0.2867477,-0.9103475,moving,14.078170004639844,-1.3551617462719,3.2279783956117387,3.109456284999908,-0.2710756000000001,-0.22562822,-0.7627269999999999,0.2431814545441506,-0.0229398803595123,0.9697095047046732,14.596407948836358,-0.4941783859416973,11.71183308166808,11.732837343020709,11.925911845567338
2467,05/05/2023 12:22:03.257828,2665,True,True,True,True,Eyes,1.384669,0.07194044,-2.112885,-0.5125501,-0.2849823,-0.8099861,0.0,0.0,0.0,0.0,0.0,0.0,0.0,1.722161,-0.6344296,-1.527651,1.185653,0.06630018,-2.071688,0.008647191,0.9779874,-0.1473824,-0.1474598,16.60225,197.676,3.612387,0.5651293,0.02837562,-0.8245136,0.0,0.0,0.0,0.9263016,-0.1570989,-2.831395,0.0488683,0.05315758,0.9096057,-0.9563616,0.06037965,0.2858788,-0.02655227,0.9564073,-0.2908264,-0.2909766,-0.285726,-0.9130681,moving,13.974165723306411,-1.3807995038323673,3.0752425222022826,3.3445753221766346,-0.2593514000000001,-0.22339908,-0.7597070000000001,0.2414183366221495,-0.0233843982309867,0.9701393483301664,14.493950321233214,-0.5212704178837506,11.856807863635062,11.879212692339737,12.055357775097049
2468,05/05/2023 12:22:03.268128,2666,True,True,True,True,Eyes,1.375975,0.07171333,-2.111878,-0.5044913,-0.283834,-0.8154305,0.0,0.0,0.0,0.0,0.0,0.0,0.0,1.696161,-0.6579933,-1.542965,1.175986,0.06793261,-2.074392,0.01129869,0.978146,-0.1505835,-0.1429245,16.93913,197.2079,3.904996,0.563418,0.02838524,-0.8256836,0.0,0.0,0.0,0.9283994,-0.1553522,-2.831296,0.0458135,0.0541888,0.9040751,-0.9588897,0.06514765,0.2761993,-0.02094061,0.9543939,-0.2978149,-0.2830049,-0.2913555,-0.9137943,moving,13.891016082686944,-1.031610813921385,2.9009501610292867,3.4301126442500496,-0.2475866,-0.22328481,-0.756904,0.2400391750316865,-0.0174776532815206,0.9706059126895004,14.411166104819202,-0.1627325310522702,11.843437579038865,11.861219379961666,12.057927165411506
2469,05/05/2023 12:22:03.287744,2667,True,True,True,True,Eyes,1.367277,0.07153041,-2.111021,-0.4960662,-0.2829301,-0.8208952,0.0,0.0,0.0,0.0,0.0,0.0,0.0,1.670191,-0.6607215,-1.567389,1.16613,0.06889983,-2.078025,0.01521393,0.9792597,-0.1471426,-0.1384497,16.49722,196.7064,4.219005,0.5616551,0.02839126,-0.8268836,0.0,0.0,0.0,0.930518,-0.153588,-2.831195,0.04272181,0.05485761,0.8982292,-0.9612006,0.07054044,0.2666791,-0.0109469,0.9562352,-0.2923943,-0.2756335,-0.2839688,-0.9183617,moving,13.769730339633265,-1.4803587550083936,2.7230646078104224,3.4948879431876136,-0.2356120000000001,-0.22248783,-0.7531700000000003,0.2379454312383644,-0.0250922623930606,0.9709543736820372,14.2926709556481,-0.6250862290917281,12.09161193802616,12.115358166333316,12.281285691008687
2470,05/05/2023 12:22:03.298591,2668,True,True,True,True,Eyes,1.358547,0.07141892,-2.110341,-0.4876133,-0.2821027,-0.8262272,0.0,0.0,0.0,0.0,0.0,0.0,0.0,1.645043,-0.6735489,-1.584893,1.156597,0.06986012,-2.080655,0.01680177,0.9796546,-0.1485,-0.1339497,16.64591,196.2087,4.351954,0.5598419,0.0283956,-0.8281122,0.0,0.0,0.0,0.9328455,-0.15165,-2.831085,0.03908312,0.05567232,0.892404,-0.9635503,0.07270292,0.2574587,-0.006863201,0.9553309,-0.2954586,-0.267439,-0.2864562,-0.9200104,moving,13.689988650883278,-1.299754966102015,2.5076846263403407,3.5697515386936627,-0.2237515000000001,-0.22151012,-0.7504299999999997,0.2366109048098219,-0.0220389615428223,0.9713545251880036,14.213643231320328,-0.4399031226200103,12.17538964041529,12.196557583906886,12.373633151362595
2471,05/05/2023 12:22:03.318327,2669,True,True,True,True,Eyes,1.349832,0.0713116,-2.109815,-0.47886,-0.2812251,-0.8316282,0.0,0.0,0.0,0.0,0.0,0.0,0.0,1.619998,-0.6826541,-1.604489,1.14701,0.07147676,-2.084239,0.01780436,0.9801753,-0.1490476,-0.129323,16.71316,195.6786,4.398511,0.557978,0.02840112,-0.829369,0.0,0.0,0.0,0.9348818,-0.1499545,-2.830988,0.03593311,0.05341363,0.886315,-0.9659173,0.07345333,0.248211,-0.003647781,0.9549356,-0.2967906,-0.2588257,-0.2875805,-0.9221209,moving,13.62168564600558,-1.178309609825285,2.321622287347487,3.448749798514572,-0.2121282000000001,-0.22143126,-0.7467489999999999,0.2354629207672574,-0.019985742593962,0.9716777771164524,14.146030126089324,-0.3154808275483547,12.192193113691951,12.210696568091176,12.409111690330194
2472,05/05/2023 12:22:03.337726,2670,True,True,True,True,Eyes,1.341113,0.07116048,-2.109401,-0.4700662,-0.2806996,-0.8368067,0.0,0.0,0.0,0.0,0.0,0.0,0.0,1.59619,-0.6758684,-1.628232,1.137631,0.07148481,-2.08721,0.01771055,0.9811545,-0.146571,-0.1246564,16.45141,195.0979,4.263245,0.5560643,0.02840768,-0.830653,0.0,0.0,0.0,0.9369924,-0.148197,-2.830888,0.03228486,0.05534689,0.8803713,-0.9682944,0.07129559,0.2394227,-0.001788461,0.9564066,-0.2920331,-0.2498061,-0.2832021,-0.9259556,moving,13.5835325816524,-1.370395784387849,2.1002021251127907,3.597317710998297,-0.2006386000000001,-0.2196818099999999,-0.7436780000000001,0.2347992742138534,-0.023247049017997,0.9717658290597032,14.108874894148853,-0.513294957023803,12.490359899397566,12.511796663402578,12.692728555369488
2473,05/05/2023 12:22:03.348310,2671,True,True,True,True,Eyes,1.332414,0.07100924,-2.109107,-0.4609249,-0.2806863,-0.8418809,0.0,0.0,0.0,0.0,0.0,0.0,0.0,1.574609,-0.6831523,-1.64287,1.128735,0.07032496,-2.089527,0.01498608,0.9811948,-0.1502494,-0.1202393,16.93244,194.5578,3.928427,0.5541024,0.0284133,-0.8319628,0.0,0.0,0.0,0.939114,-0.1464304,-2.830787,0.02865878,0.05713369,0.873953,-0.9706361,0.06554028,0.2314531,-0.006723241,0.954401,-0.2984516,-0.2404597,-0.291244,-0.9259356,moving,13.542085498436794,-0.7972646646226749,1.8781776012877336,3.740324517917916,-0.189621,-0.21675536,-0.74126,0.2341381113014238,-0.0135276694520241,0.9721092321482748,14.066669616087491,0.0758438869752111,12.500238541025558,12.515448974075424,12.727441058177869
2474,05/05/2023 12:22:03.368375,2672,True,True,True,True,Eyes,1.323719,0.07089686,-2.108927,-0.4517927,-0.2808428,-0.8467649,0.0,0.0,0.0,0.0,0.0,0.0,0.0,1.553646,-0.6958406,-1.654636,1.119874,0.07026736,-2.092074,0.01225876,0.9809875,-0.1550442,-0.1160795,17.53851,194.0539,3.610513,0.5520942,0.02841794,-0.8332966,0.0,0.0,0.0,0.9413426,-0.1445747,-2.830681,0.02468458,0.05406724,0.8677957,-0.9727504,0.06004628,0.2239438,-0.01194351,0.9516221,-0.3070388,-0.2315464,-0.3013467,-0.9249737,moving,13.47320922483113,-0.110203174679395,1.6293477633798723,3.565154322601916,-0.1785314,-0.21484206,-0.7386069999999996,0.2329902767515542,-0.0018704732134693,0.9724773263301988,13.997158659683784,0.7819613882648104,12.392590683305938,12.401020403614869,12.67710176958747
2475,05/05/2023 12:22:03.387824,2673,True,True,True,True,Eyes,1.315045,0.07080156,-2.108862,-0.4423974,-0.2808972,-0.8516933,0.0,0.0,0.0,0.0,0.0,0.0,0.0,1.531224,-0.7051836,-1.669023,1.11122,0.07111604,-2.094683,0.01163642,0.9811512,-0.1571237,-0.1118898,17.80149,193.5588,3.49214,0.5500408,0.02842309,-0.8346533,0.0,0.0,0.0,0.9434307,-0.1428361,-2.830582,0.02055517,0.05498378,0.8613451,-0.9746907,0.05799525,0.2159048,-0.01232689,0.9503534,-0.3109282,-0.2232183,-0.3057202,-0.9255859,moving,13.357507545128042,0.195343822053895,1.3670490448446262,3.652508017591201,-0.1677893000000001,-0.21395214,-0.7358990000000003,0.2310251459129025,0.0033171550992123,0.972942214212879,13.882390413562678,1.0953896457178898,12.47182829373703,12.478905373546349,12.7739040212191
2476,05/05/2023 12:22:03.398374,2674,True,True,True,True,Eyes,1.306384,0.07071872,-2.10889,-0.432969,-0.28098,-0.8564976,0.0,0.0,0.0,0.0,0.0,0.0,0.0,1.505245,-0.7067903,-1.68945,1.102566,0.07142432,-2.097331,0.01251396,0.9818478,-0.1561217,-0.1069793,17.69187,192.9796,3.48891,0.5479439,0.02842926,-0.8360311,0.0,0.0,0.0,0.9456405,-0.140996,-2.830477,0.01581126,0.05287407,0.8547519,-0.9767979,0.05797718,0.2061673,-0.008829961,0.9509389,-0.3092529,-0.2139821,-0.3038979,-0.9283632,moving,13.300081173778546,0.08846901562382,1.059740445576704,3.539747375157402,-0.1569254999999999,-0.21242032,-0.7331460000000001,0.2300508624426753,0.001502660795441,0.9731774744961348,13.826036508656951,0.9850754332003264,12.710370748823566,12.717596606963976,13.019395681107516
2477,05/05/2023 12:22:03.418353,2675,True,True,True,True,Eyes,1.297758,0.07063174,-2.109015,-0.4232416,-0.2809285,-0.8613628,0.0,0.0,0.0,0.0,0.0,0.0,0.0,1.479522,-0.710316,-1.708005,1.094127,0.07163739,-2.09966,0.01240148,0.9823388,-0.1563902,-0.1019749,17.74174,192.3818,3.386436,0.5458052,0.02843673,-0.8374287,0.0,0.0,0.0,0.9476582,-0.139316,-2.830382,0.01120886,0.04833733,0.8481902,-0.9788949,0.05626066,0.1964688,-0.007530844,0.9507766,-0.3097857,-0.2042267,-0.3047271,-0.9302866,moving,13.254316720922096,0.1721699818100412,0.75712144506337,3.261688964690358,-0.1464688,-0.21095339,-0.7307220000000001,0.2292727618041705,0.0029248841192346,0.9733578956654266,13.780728812828723,1.070837264254944,12.867525369383827,12.873422905681435,13.206596080860988
2478,05/05/2023 12:22:03.437934,2676,True,True,True,True,Eyes,1.289142,0.07057419,-2.109226,-0.413523,-0.2808823,-0.8660854,0.0,0.0,0.0,0.0,0.0,0.0,0.0,1.452271,-0.7108073,-1.728542,1.085568,0.07144514,-2.102054,0.01260782,0.9829791,-0.1557155,-0.09667511,17.67951,191.7477,3.302937,0.5436267,0.02844505,-0.8388442,0.0,0.0,0.0,0.9498047,-0.1375286,-2.83028,0.006541431,0.04584172,0.8413271,-0.9809902,0.05489406,0.1861327,-0.005321174,0.9511875,-0.3085678,-0.1939857,-0.3036923,-0.9328135,moving,13.240376376492952,0.1338946098016789,0.445473390865697,3.1188136153094037,-0.1357633000000001,-0.20897374,-0.7282260000000003,0.2290363091579812,0.0022747799870766,0.9734152518523376,13.7670778679877,1.031376334101675,13.132808352272171,13.138465811541865,13.484158863193985
2479,05/05/2023 12:22:03.447936,2677,True,True,True,True,Eyes,1.280542,0.07055136,-2.109514,-0.4033731,-0.2806976,-0.8709185,0.0,0.0,0.0,0.0,0.0,0.0,0.0,1.42713,-0.714792,-1.745269,1.077092,0.0720915,-2.104345,0.0129793,0.9834122,-0.1557394,-0.09207295,17.69332,191.2054,3.26179,0.5414099,0.02845524,-0.8402765,0.0,0.0,0.0,0.9519142,-0.1357721,-2.830179,0.001295075,0.04616834,0.8345316,-0.9827084,0.05420677,0.1770485,-0.003150764,0.9511536,-0.3087021,-0.1851341,-0.3039219,-0.9345358,moving,13.119845181648376,0.1846579347554848,0.0889148740283762,3.1665155776357525,-0.1251777999999999,-0.2078636,-0.7258339999999999,0.2269875295557075,0.0031387586462482,0.9738926243236352,13.64814947425139,1.0827425685279866,13.36193931451415,13.367745497444696,13.7184165594055
2480,05/05/2023 12:22:03.468208,2678,True,True,True,True,Eyes,1.271974,0.07055102,-2.109875,-0.3931355,-0.280432,-0.8756725,0.0,0.0,0.0,0.0,0.0,0.0,0.0,1.396974,-0.7169712,-1.76635,1.068881,0.07285569,-2.106599,0.01390386,0.9840782,-0.154811,-0.08620051,17.59551,190.5154,3.250853,0.539156,0.02846839,-0.841724,0.0,0.0,0.0,0.9541009,-0.1339513,-2.830076,-0.003461078,0.04182911,0.827857,-0.9847523,0.05405455,0.1653511,0.0006754079,0.9516805,-0.3070892,-0.173961,-0.3022951,-0.9372061,moving,13.13165667851182,0.1036906747497912,-0.2395389621608381,2.892522583765194,-0.1147800999999999,-0.20680699,-0.7234769999999999,0.2271890495376753,0.0017624190974418,0.9738490565224124,13.659982967415823,0.999555404217392,13.6536977196385,13.658933204239853,14.027830716601468
2481,05/05/2023 12:22:03.487834,2679,True,True,True,True,Eyes,1.263401,0.0705932,-2.110287,-0.3823623,-0.2803212,-0.8804652,0.0,0.0,0.0,0.0,0.0,0.0,0.0,1.367762,-0.713269,-1.788416,1.060942,0.0734834,-2.108781,0.01312837,0.9848043,-0.1534894,-0.08018232,17.47014,189.7756,3.033092,0.5368669,0.02848502,-0.8431854,0.0,0.0,0.0,0.9563364,-0.1320899,-2.82997,-0.007743582,0.03880566,0.8212605,-0.986797,0.05047203,0.1538976,0.001243481,0.9525373,-0.3044194,-0.1619579,-0.3002088,-0.9400237,moving,13.159584980304125,0.0317025834715813,-0.540220087837858,2.705290259986509,-0.1046056,-0.2055733,-0.7211889999999999,0.2276640273739603,0.0005387842201271,0.9737395300557552,13.687681795177916,0.9257151184372516,13.953311619702752,13.958249530979922,14.338761441531268
2482,05/05/2023 12:22:03.499008,2680,True,True,True,True,Eyes,1.25485,0.07070561,-2.110778,-0.3714191,-0.2801076,-0.8852048,0.0,0.0,0.0,0.0,0.0,0.0,0.0,1.332806,-0.7248843,-1.80759,1.052964,0.07464097,-2.110665,0.01288996,0.985033,-0.1556199,-0.0729813,17.74012,188.9266,2.895278,0.5345439,0.02850645,-0.8446593,0.0,0.0,0.0,0.9582676,-0.1304818,-2.829878,-0.01116952,0.03833564,0.8146689,-0.9890153,0.04810876,0.1397661,0.002679379,0.9512326,-0.308463,-0.1477898,-0.3047001,-0.9409124,moving,13.305637245705336,0.3303098043944575,-0.7855047122453025,2.694163589295032,-0.0946964,-0.20512277,-0.7192129999999999,0.2301418584312383,0.0056102132280392,0.9731408962072048,13.830943328028496,1.2338316141285917,14.28363721399132,14.28803997739038,14.689217909463975
2483,05/05/2023 12:22:03.518252,2681,True,True,True,True,Eyes,1.24628,0.0708539,-2.111316,-0.3600048,-0.2798079,-0.8900024,0.0,0.0,0.0,0.0,0.0,0.0,0.0,1.295346,-0.7246429,-1.832805,1.044791,0.07614213,-2.113012,0.01365603,0.9858237,-0.1539226,-0.06537027,17.55948,188.0244,2.828592,0.5321881,0.02853496,-0.8461448,0.0,0.0,0.0,0.9604404,-0.1286726,-2.829775,-0.01475973,0.04183917,0.8085473,-0.9910807,0.04704879,0.1246832,0.006800947,0.9522427,-0.3052665,-0.133091,-0.3016956,-0.9440693,moving,13.453827928296384,0.1646265451248244,-1.0457969742696374,2.962191148595856,-0.0843506,-0.20481473,-0.7167630000000003,0.2326608128683462,0.0027944230901905,0.9725540222970872,13.977406738199509,1.0644706263914878,14.761070315567112,14.767040665810692,15.142588714177716
2484,05/05/2023 12:22:03.537948,2682,True,True,True,True,Eyes,1.237723,0.07103948,-2.111911,-0.3484204,-0.2796196,-0.8946597,0.0,0.0,0.0,0.0,0.0,0.0,0.0,1.255859,-0.7267668,-1.856791,1.03657,0.07707065,-2.114859,0.01451206,0.9864522,-0.1529909,-0.05740264,17.46784,187.0872,2.775825,0.5297999,0.02857126,-0.847641,0.0,0.0,0.0,0.9627972,-0.1267101,-2.829663,-0.01880066,0.03495134,0.8018681,-0.9929885,0.04619508,0.1088095,0.01106676,0.9527664,-0.3035025,-0.1176903,-0.3001704,-0.9465974,moving,13.633665822832176,0.0744897710565774,-1.3431150956692024,2.495793904513108,-0.0737727999999999,-0.20378075,-0.714804,0.2357129738805155,0.0012634582711063,0.9718218315421868,14.154887103096884,0.9730249503321474,15.166634652036253,15.171245182498394,15.572632964299128
2485,05/05/2023 12:22:03.548621,2683,True,True,True,True,Eyes,1.229104,0.07126103,-2.112554,-0.3360952,-0.2793501,-0.8994463,0.0,0.0,0.0,0.0,0.0,0.0,0.0,1.216667,-0.7355314,-1.87702,1.028176,0.07816425,-2.116892,0.01489524,0.9867076,-0.1540324,-0.04960182,17.60735,186.1718,2.686487,0.5273808,0.02861604,-0.8491466,0.0,0.0,0.0,0.9648451,-0.1250049,-2.829566,-0.02221848,0.03642739,0.7961074,-0.9946359,0.04467506,0.09329628,0.01411392,0.9521043,-0.3054475,-0.1024737,-0.3024922,-0.9476276,moving,13.762581209935634,0.2371134521376128,-1.5986470707729803,2.619848686656479,-0.0633308999999999,-0.20316915,-0.7126739999999998,0.2378972683325093,0.0040195867670316,0.971282060505028,14.281577068423465,1.1411717640067005,15.539993692279944,15.54492719474298,15.948918588816436
2486,05/05/2023 12:22:03.568244,2684,True,True,True,True,Eyes,1.220494,0.07148723,-2.113237,-0.323661,-0.2790603,-0.9040846,0.0,0.0,0.0,0.0,0.0,0.0,0.0,1.177896,-0.7372874,-1.898472,1.019575,0.079132,-2.118828,0.0154278,0.9871663,-0.1532887,-0.04203948,17.53845,185.2791,2.605635,0.5249296,0.02866992,-0.8506622,0.0,0.0,0.0,0.9668263,-0.1233552,-2.829472,-0.02524342,0.03578344,0.7898611,-0.9959893,0.04334797,0.07827009,0.01757126,0.9525291,-0.3039401,-0.08772972,-0.3013458,-0.9494705,moving,13.85730960026526,0.1939944770584374,-1.8305108303644744,2.593923378794565,-0.0527486999999998,-0.2024871999999999,-0.7106439999999998,0.2395034194795861,0.0032872929966021,0.970889985362188,14.37505337254391,1.0974873073876117,15.86524856911242,15.870329820046967,16.274508657725846
2487,05/05/2023 12:22:03.588006,2685,True,True,True,True,Eyes,1.21191,0.07170739,-2.113954,-0.310915,-0.2787734,-0.9086348,0.0,0.0,0.0,0.0,0.0,0.0,0.0,1.14059,-0.7376034,-1.918391,1.011087,0.07945405,-2.120523,0.01531951,0.9875331,-0.1527593,-0.03476313,17.49632,184.4102,2.45649,0.5224478,0.02873214,-0.8521866,0.0,0.0,0.0,0.9689961,-0.1215485,-2.829369,-0.02816401,0.03241804,0.7839991,-0.9971138,0.04087782,0.06397907,0.01963626,0.9528599,-0.3027748,-0.07333986,-0.3006445,-0.9509124,moving,13.9154452539458,0.1991920979270947,-2.057381562714834,2.367808024407835,-0.0420909,-0.20100255,-0.7088459999999999,0.2404883344795985,0.0033745211348493,0.9706461348658116,14.432346008327547,1.103238130119378,16.11502707108286,16.119370073040045,16.538145373189103
2488,05/05/2023 12:22:03.598721,2686,True,True,True,True,Eyes,1.203336,0.07192396,-2.114702,-0.2980691,-0.278498,-0.9130136,0.0,0.0,0.0,0.0,0.0,0.0,0.0,1.103585,-0.7416632,-1.935657,1.002579,0.07951044,-2.122085,0.01486836,0.987659,-0.1534514,-0.02759381,17.59548,183.5528,2.274984,0.5199373,0.02880158,-0.8537184,0.0,0.0,0.0,0.9710435,-0.1198437,-2.829271,-0.03061882,0.04034092,0.7782594,-0.9980351,0.03783835,0.04994341,0.02090113,0.9524633,-0.3039358,-0.05906968,-0.3022946,-0.9513826,moving,13.96628109235474,0.3547486961778888,-2.25300825757157,2.967259624112627,-0.0315355000000001,-0.19935414,-0.7071859999999996,0.2413464913853691,0.0060084670392048,0.9704204900884876,14.482088850334572,1.2635724227354552,16.421530124938634,16.42834624559671,16.821594017547355
2489,05/05/2023 12:22:03.618352,2687,True,True,True,True,Eyes,1.194797,0.07212511,-2.115476,-0.2850659,-0.2781585,-0.9172596,0.0,0.0,0.0,0.0,0.0,0.0,0.0,1.065544,-0.7432265,-1.953614,0.994117,0.07963159,-2.123621,0.01467527,0.9878527,-0.1533657,-0.02026747,17.60244,182.6785,2.117005,0.5173992,0.02887734,-0.8552566,0.0,0.0,0.0,0.9732257,-0.1180267,-2.829168,-0.03372173,0.04888301,0.7724899,-0.9987477,0.03521067,0.03554118,0.02277734,0.9525272,-0.3036002,-0.04454391,-0.3024105,-0.9521365,moving,14.023526438443096,0.4153828312428739,-2.499562678515097,3.620837873024832,-0.0208913,-0.19765829,-0.7055470000000001,0.2423142847849459,0.0070336761729919,0.9701722563781514,14.538373274847414,1.3263298663707892,16.820662252017172,16.831144227052054,17.191743033895154
2490,05/05/2023 12:22:03.638224,2688,True,True,True,True,Eyes,1.186257,0.0723011,-2.116276,-0.2719845,-0.2778136,-0.9213273,0.0,0.0,0.0,0.0,0.0,0.0,0.0,1.027143,-0.7431143,-1.971352,0.9854394,0.07943486,-2.125105,0.01470941,0.9880541,-0.1528509,-0.01301237,17.55777,181.8158,1.986269,0.5148358,0.02895812,-0.8567994,0.0,0.0,0.0,0.9753688,-0.1162422,-2.829066,-0.03700997,0.05195825,0.7673376,-0.9992286,0.03304529,0.02121715,0.02508948,0.9528404,-0.3024328,-0.03021054,-0.3016672,-0.9529346,moving,14.066769124054424,0.4195878443490506,-2.76133094313254,3.8737201396324585,-0.0100705999999999,-0.19567706,-0.7039610000000001,0.2430463191329357,0.0071035375853174,0.969988651902797,14.580988105087872,1.3309560006668666,17.166491147584516,17.17894006580667,17.527740283238966
2491,05/05/2023 12:22:03.648593,2689,True,True,True,True,Eyes,1.177704,0.0724557,-2.117099,-0.2587149,-0.2773913,-0.9252679,0.0,0.0,0.0,0.0,0.0,0.0,0.0,0.9885113,-0.743867,-1.987965,0.9767426,0.07899538,-2.126553,0.01495181,0.9881674,-0.152538,-0.00581663,17.53524,180.9649,1.882551,0.5122477,0.02904234,-0.8583464,0.0,0.0,0.0,0.9775478,-0.1144277,-2.828963,-0.03949599,0.05062908,0.7624514,-0.9994855,0.03132429,0.006934169,0.02777527,0.9530172,-0.3016402,-0.01605705,-0.3012923,-0.9533969,moving,14.092237533905736,0.4462060590623449,-2.965346602111665,3.799035902137097,0.0008051999999999,-0.19342308,-0.70241,0.2434766672904737,0.0075533294803615,0.96987735269311,14.60602984492431,1.3585086979669263,17.371710390446996,17.38397665995687,17.74005195250976
2492,05/05/2023 12:22:03.668158,2690,True,True,True,True,Eyes,1.169141,0.07256896,-2.117945,-0.2453802,-0.2768895,-0.9290429,0.0,0.0,0.0,0.0,0.0,0.0,0.0,0.9488596,-0.7434752,-2.004576,0.9678808,0.07857697,-2.128015,0.01539277,0.9882801,-0.1518664,0.001486885,17.47075,180.1043,1.800681,0.5096351,0.02912878,-0.8598973,0.0,0.0,0.0,0.9796224,-0.1127003,-2.828864,-0.04154895,0.0514954,0.7579266,-0.9995218,0.02997312,-0.007614206,0.03087636,0.9533994,-0.3001273,-0.001736373,-0.3002189,-0.9538689,moving,14.125342429341677,0.4294366541171749,-3.1377696791711576,3.8868429391768142,0.0117416,-0.19127727,-0.7008489999999998,0.2440375180557037,0.0072684073681078,0.9697385254996546,14.638701178639849,1.3414933189761915,17.592754598739198,17.60592791905761,17.957776055170623
2493,05/05/2023 12:22:03.688601,2691,True,True,True,True,Eyes,1.160583,0.07264476,-2.118807,-0.2319975,-0.2762806,-0.9326555,0.0,0.0,0.0,0.0,0.0,0.0,0.0,0.9089941,-0.7405269,-2.021273,0.9589521,0.07767411,-2.129453,0.01626743,0.9884338,-0.1505278,0.008690151,17.32889,179.2628,1.773415,0.5069984,0.02921548,-0.8614515,0.0,0.0,0.0,0.9817998,-0.1108873,-2.828761,-0.04347722,0.05135818,0.7533845,-0.9993199,0.02954233,-0.02207668,0.03477477,0.9541535,-0.2972907,0.01228188,-0.2978562,-0.954532,moving,14.138781927798036,0.3301777504781993,-3.302830564211941,3.8998166118545776,0.0228477,-0.1885614099999999,-0.6993080000000003,0.244267632714023,0.0055880939980898,0.9696918007473384,14.65218250994408,1.2395057482920313,17.789439090458906,17.803150505516907,18.15102609727347
2494,05/05/2023 12:22:03.698348,2692,True,True,True,True,Eyes,1.152003,0.07270224,-2.119699,-0.2185352,-0.2756016,-0.9361016,0.0,0.0,0.0,0.0,0.0,0.0,0.0,0.8680952,-0.7385949,-2.036973,0.9498127,0.07680582,-2.130804,0.0171298,0.9884853,-0.149487,0.01602991,17.22235,178.406,1.744198,0.5043387,0.02930085,-0.8630084,0.0,0.0,0.0,0.9839094,-0.1091306,-2.82866,-0.04649156,0.05152127,0.7492274,-0.9988993,0.02907259,-0.03681201,0.03865764,0.9547204,-0.2949823,0.02656928,-0.2960806,-0.9547933,moving,14.166736533852816,0.2696313859720172,-3.5508032264575173,3.933800974095664,0.0340967,-0.18593642,-0.6978560000000003,0.2447419884801853,0.0045628224290258,0.9695775476001935,14.679880305665842,1.1774327136760787,18.077952710220085,18.092466772906,18.43787916316522
2495,05/05/2023 12:22:03.718325,2693,True,True,True,True,Eyes,1.143386,0.0727396,-2.120618,-0.2049413,-0.2747271,-0.9394275,0.0,0.0,0.0,0.0,0.0,0.0,0.0,0.8257661,-0.7363924,-2.052783,0.9405878,0.07640328,-2.132496,0.01844041,0.9885204,-0.1481001,0.02353854,17.07768,177.5373,1.767589,0.5016557,0.02938422,-0.8645679,0.0,0.0,0.0,0.9860718,-0.1073301,-2.828558,-0.04756981,0.05017045,0.7454988,-0.9982119,0.02948531,-0.0519987,0.04342955,0.9554526,-0.2919317,0.04107459,-0.293668,-0.9550247,moving,14.201006382722362,0.1689989081713923,-3.65105779887669,3.850076187986174,0.045484,-0.18373338,-0.696062,0.2453234039988867,0.0028594475818971,0.9694370503989804,14.713897553914745,1.0741777724563244,18.21331235862088,18.227630824764372,18.57356177805872
2496,05/05/2023 12:22:03.738053,2694,True,True,True,True,Eyes,1.134736,0.0727557,-2.121548,-0.1912405,-0.2737955,-0.9425832,0.0,0.0,0.0,0.0,0.0,0.0,0.0,0.7820266,-0.728627,-2.069921,0.9310979,0.07588319,-2.134088,0.01994928,0.9886814,-0.1453802,0.03124039,16.7811,176.6484,1.817385,0.4989491,0.02946494,-0.86613,0.0,0.0,0.0,0.9881905,-0.1055659,-2.828457,-0.04800239,0.04844172,0.7420472,-0.9972525,0.03036349,-0.06757405,0.04853044,0.9569333,-0.286223,0.05597312,-0.2887159,-0.9557775,moving,14.246614934851452,-0.0884414921296179,-3.7012571851607783,3.735036571467089,0.0570925999999999,-0.18144909,-0.694369,0.2460957537032294,-0.0014961221666421,0.9692443630016332,14.75946096317694,0.8097352082661821,18.336242581500525,18.350615742778704,18.691054079904397
2497,05/05/2023 12:22:03.747938,2695,True,True,True,True,Eyes,1.126014,0.07272566,-2.122501,-0.1774032,-0.2728032,-0.945572,0.0,0.0,0.0,0.0,0.0,0.0,0.0,0.7364908,-0.7258935,-2.084566,0.9214879,0.07537068,-2.1354,0.02154425,0.988575,-0.1439279,0.03924696,16.63406,175.7267,1.871941,0.4962183,0.02954238,-0.8676948,0.0,0.0,0.0,0.9903307,-0.1037838,-2.828356,-0.04694775,0.05148974,0.7389066,-0.9959911,0.03129875,-0.08379876,0.05389367,0.9576412,-0.2828758,0.07139549,-0.286258,-0.9554889,moving,14.323280943386273,-0.1968561802084284,-3.63550281497878,3.9861378060530224,0.0688427999999999,-0.17915448,-0.6929559999999997,0.2473913470099095,-0.0033289824707643,0.9689098656659516,14.835286858528516,0.6987724227620212,18.422799020716084,18.43950522028224,18.76104587506261
2498,05/05/2023 12:22:03.768359,2696,True,True,True,True,Eyes,1.117237,0.07269162,-2.123458,-0.1635246,-0.2720401,-0.94829,0.0,0.0,0.0,0.0,0.0,0.0,0.0,0.6922135,-0.7221377,-2.09808,0.9114927,0.07418515,-2.13688,0.02252223,0.9883962,-0.1426967,0.04694255,16.51081,174.8317,1.860334,0.4934619,0.02961494,-0.8692628,0.0,0.0,0.0,0.9924957,-0.1019811,-2.828253,-0.04573071,0.04836698,0.7359363,-0.9945784,0.03112467,-0.09922336,0.05791886,0.9582608,-0.2799672,0.08636798,-0.2841961,-0.9548683,moving,14.374930566391724,-0.2760099140975941,-3.5557588677086915,3.760168070002816,0.0810029999999999,-0.17616625,-0.691373,0.248263366701387,-0.0046664471095905,0.9686813510843676,14.886384909446186,0.6177281630442182,18.364105671832604,18.379345916041117,18.707955411163944
2499,05/05/2023 12:22:03.789080,2697,True,True,True,True,Eyes,1.10842,0.07266585,-2.124444,-0.1496073,-0.2711402,-0.9508421,0.0,0.0,0.0,0.0,0.0,0.0,0.0,0.6473814,-0.7353741,-2.104572,0.901291,0.07410896,-2.138056,0.02493193,0.9876472,-0.144836,0.05435104,16.78636,173.9962,2.005482,0.4906791,0.02968296,-0.8708344,0.0,0.0,0.0,0.994647,-0.1001898,-2.828151,-0.04417247,0.04713406,0.7333423,-0.9928489,0.03350393,-0.1145814,0.06499187,0.9568019,-0.2833836,0.1001372,-0.2888038,-0.9521372,moving,14.382968421074626,0.017881625261724,-3.447014976832393,3.677509381620695,0.093356,-0.17429876,-0.6900949999999999,0.2484019529651721,0.0003023113153612,0.9686570238080644,14.893615397974855,0.920032443730764,18.18836823605368,18.20168078186058,18.54676256407832
2500,05/05/2023 12:22:03.798410,2698,True,True,True,True,Eyes,1.099543,0.07261635,-2.125427,-0.1356797,-0.2702064,-0.9531944,0.0,0.0,0.0,0.0,0.0,0.0,0.0,0.6043066,-0.7293608,-2.116881,0.8909499,0.074264,-2.139866,0.02702729,0.9875218,-0.1424819,0.06139592,16.54251,173.1967,2.145304,0.4878694,0.02974719,-0.8724093,0.0,0.0,0.0,0.9968729,-0.09833635,-2.828045,-0.04309802,0.04873118,0.7305063,-0.9910005,0.03588445,-0.1289614,0.07087568,0.9579369,-0.2780893,0.1135578,-0.2847267,-0.9518592,moving,14.340805105228032,-0.2001283278085538,-3.3763919828719016,3.816476750553825,0.1059229999999999,-0.17260035,-0.6881789999999999,0.2476876541539182,-0.0033840525195899,0.9688340507809806,14.852568306679432,0.6955294378659512,18.151749919310824,18.166788076435065,18.494196532064137
2501,05/05/2023 12:22:03.818172,2699,True,True,True,True,Eyes,1.090617,0.07257703,-2.126416,-0.1217187,-0.2694393,-0.9552943,0.0,0.0,0.0,0.0,0.0,0.0,0.0,0.5622714,-0.7263178,-2.126093,0.8805038,0.07363337,-2.140851,0.02843982,0.9871866,-0.1413867,0.06829352,16.4414,172.4032,2.201261,0.4850324,0.02980703,-0.8739877,0.0,0.0,0.0,0.9989238,-0.09662865,-2.827948,-0.04255359,0.04774991,0.7280648,-0.9890547,0.03683922,-0.1428789,0.07546238,0.9584019,-0.2752655,0.1267948,-0.2830345,-0.9506919,moving,14.297354510437108,-0.2635177526532714,-3.3449913582626345,3.752352486986843,0.11842,-0.17026202,-0.6870970000000001,0.2469518399141642,-0.0044567879553128,0.9690175972245296,14.809887995943756,0.6300345567192452,18.078856974275528,18.093633729366083,18.42141453915687
2502,05/05/2023 12:22:03.837947,2700,True,True,True,True,Eyes,1.081618,0.07256903,-2.127422,-0.107755,-0.2685589,-0.9572173,0.0,0.0,0.0,0.0,0.0,0.0,0.0,0.5189441,-0.7375483,-2.130164,0.8697727,0.07390265,-2.142176,0.03144049,0.9863741,-0.1429991,0.07502582,16.66761,171.6562,2.426978,0.4821676,0.02986334,-0.8755695,0.0,0.0,0.0,1.001007,-0.09489398,-2.827849,-0.04232978,0.04783313,0.7257606,-0.9867652,0.04056692,-0.156999,0.08348142,0.9571255,-0.2773836,0.1390151,-0.286819,-0.9478447,moving,14.224177875124049,-0.0309610573966711,-3.337978411909058,3.770773051450769,0.1312343,-0.16879663,-0.685673,0.2457164180996366,-0.0005238054929363,0.9693416063068738,14.737209091216624,0.8686936112786483,17.95504588776194,17.96893195725752,18.306678244570215
2503,05/05/2023 12:22:03.848309,2701,True,True,True,True,Eyes,1.072552,0.07255568,-2.12843,-0.09367836,-0.2676044,-0.9589642,0.0,0.0,0.0,0.0,0.0,0.0,0.0,0.474373,-0.7322238,-2.1395,0.8588938,0.07463607,-2.143681,0.03460623,0.9860555,-0.1406148,0.08200368,16.43836,170.8822,2.700269,0.4792737,0.02991777,-0.8771551,0.0,0.0,0.0,1.003141,-0.09311737,-2.827747,-0.0423353,0.05006622,0.7235066,-0.984156,0.04518546,-0.1714527,0.09130918,0.9580598,-0.2716323,0.1519881,-0.2829836,-0.947006,moving,14.153563403587436,-0.2628947984452892,-3.3487895156793157,3.9585228691863006,0.1442472,-0.16775344,-0.6840660000000001,0.2445191881142662,-0.0044490816376606,0.9696342914881936,14.668150226130688,0.6296724956253685,17.988033122522275,18.00424185671692,18.321882066795688
2504,05/05/2023 12:22:03.867794,2702,True,True,True,True,Eyes,1.063391,0.07254158,-2.129444,-0.07970447,-0.2667312,-0.9604695,0.0,0.0,0.0,0.0,0.0,0.0,0.0,0.4311617,-0.7305255,-2.14597,0.8476025,0.07450826,-2.144941,0.03692244,0.9855244,-0.1396687,0.08871984,16.37037,170.1244,2.867189,0.4763501,0.02997029,-0.8787445,0.0,0.0,0.0,1.005379,-0.09125394,-2.827641,-0.0422861,0.05122392,0.7214988,-0.9815313,0.04799315,-0.1851849,0.09755868,0.9582588,-0.2687422,0.1645573,-0.2818452,-0.9452432,moving,14.081330367764505,-0.3103958174503464,-3.354193602943917,4.060988225831166,0.1577765,-0.1657622,-0.6826999999999996,0.2432956100292236,-0.0052546213946546,0.9699379521990966,14.597061343226994,0.5803170861841151,17.95798371249931,17.97516327010701,18.285585189563868
2505,05/05/2023 12:22:03.887860,2703,True,True,True,True,Eyes,1.054198,0.07251883,-2.130452,-0.06580289,-0.2657162,-0.961803,0.0,0.0,0.0,0.0,0.0,0.0,0.0,0.3922003,-0.7336787,-2.149069,0.8360545,0.07450382,-2.146174,0.03915288,0.9848701,-0.1399483,0.09440587,16.44258,169.487,3.03,0.4733948,0.03002109,-0.8803383,0.0,0.0,0.0,1.007423,-0.08955145,-2.827544,-0.04245477,0.0519754,0.7196925,-0.9791094,0.0506971,-0.1969138,0.1035449,0.957763,-0.2682693,0.1749963,-0.2830544,-0.9430043,moving,13.907240868318423,-0.1938736430357256,-3.375974424111704,4.130666817130392,0.1713684999999999,-0.16405527,-0.6813700000000003,0.2403494359432598,-0.0032845380624095,0.9706809416771632,14.425185055115849,0.6989385074674122,17.798989497346753,17.816037186650245,18.12892820870101
2506,05/05/2023 12:22:03.898774,2704,True,True,True,True,Eyes,1.044924,0.07252222,-2.131461,-0.05212326,-0.2647437,-0.9629091,0.0,0.0,0.0,0.0,0.0,0.0,0.0,0.3585452,-0.7273163,-2.153979,0.8245947,0.07432398,-2.147483,0.04076437,0.9845849,-0.1382544,0.09907955,16.27956,168.959,3.157687,0.4704083,0.03006997,-0.8819361,0.0,0.0,0.0,1.009696,-0.08765887,-2.827436,-0.04301709,0.05350547,0.7179023,-0.9770432,0.05287557,-0.2063762,0.1076683,0.9584479,-0.2641686,0.1838327,-0.2803243,-0.942138,moving,13.630092359401038,-0.2938873786904221,-3.42909367227658,4.262390797136816,0.1851012999999999,-0.16198285,-0.6799530000000003,0.2356496366907522,-0.0049848295020153,0.9718252908768528,14.152232720929934,0.5941482229708079,17.63877927929682,17.65716565247391,17.959928767324886
2507,05/05/2023 12:22:03.918262,2705,True,True,True,True,Eyes,1.035584,0.07254931,-2.132473,-0.03830027,-0.2635948,-0.9638728,0.0,0.0,0.0,0.0,0.0,0.0,0.0,0.3284821,-0.7285097,-2.155193,0.813327,0.07496816,-2.148573,0.04187585,0.9841197,-0.138332,0.103049,16.31399,168.5062,3.220197,0.4673899,0.03011823,-0.8835378,0.0,0.0,0.0,1.011657,-0.08602622,-2.827343,-0.04336384,0.05430652,0.7164082,-0.9752545,0.05391174,-0.2144107,0.1109317,0.9582213,-0.26364,0.1912396,-0.2809011,-0.9404902,moving,13.2857152753357,-0.1598647319125833,-3.4638594780831937,4.33495177488068,0.19833,-0.16099438,-0.6787700000000001,0.2298062431511585,-0.0027154873840935,0.9732325624361168,13.81246105653957,0.7295802333855761,17.324099128570143,17.342192186978803,17.648511415052855
2508,05/05/2023 12:22:03.940379,2706,True,True,True,True,Eyes,1.026179,0.07246598,-2.133467,-0.02448601,-0.2621085,-0.9647277,0.0,0.0,0.0,0.0,0.0,0.0,0.0,0.2915918,-0.7192056,-2.160658,0.8022059,0.07554211,-2.149764,0.04453376,0.9838145,-0.1356096,0.108332,16.05013,167.9225,3.474635,0.4643387,0.03016693,-0.8851434,0.0,0.0,0.0,1.013829,-0.08421741,-2.82724,-0.04421741,0.0548846,0.7149545,-0.9725619,0.05824421,-0.2252355,0.1170076,0.9592535,-0.2571805,0.2010787,-0.2764782,-0.9397485,moving,13.052466170583688,-0.3637394264184017,-3.539033887829512,4.389790438231925,0.2116231,-0.15975952,-0.6774760000000004,0.2258388749988971,-0.006184394634454,0.974145020727149,13.583025524889742,0.5182818778441134,17.23966458166813,17.25902431664223,17.55430138358813
2509,05/05/2023 12:22:03.948067,2707,True,True,True,True,Eyes,1.016689,0.07237524,-2.134406,-0.01041635,-0.2613623,-0.9651846,0.0,0.0,0.0,0.0,0.0,0.0,0.0,0.2524036,-0.6934187,-2.170481,0.791154,0.07271735,-2.150421,0.04454599,0.9837678,-0.1305607,0.1147624,15.4922,167.1593,3.43141,0.461255,0.03021141,-0.8867527,0.0,0.0,0.0,1.015917,-0.08247901,-2.827141,-0.04502861,0.05589004,0.7137755,-0.9696904,0.05767892,-0.237431,0.1176127,0.9619391,-0.2466583,0.2141672,-0.2671071,-0.939567,moving,12.956669354970256,-0.8565650657032032,-3.609727368677596,4.477238019241396,0.2247629999999999,-0.15519636,-0.67672,0.2241903218662225,-0.0145687949314933,0.9744365110573064,13.489758922382675,0.0107748970514534,17.380865735578702,17.403877606851147,17.6731922481492
2510,05/05/2023 12:22:03.968299,2708,True,True,True,True,Eyes,1.007142,0.07237116,-2.135377,0.00367347,-0.2606146,-0.9654359,0.0,0.0,0.0,0.0,0.0,0.0,0.0,0.2115746,-0.7344192,-2.156906,0.7797314,0.07259358,-2.150145,0.04634206,0.9816362,-0.1401731,0.1208077,16.64225,166.468,3.417491,0.4581384,0.03025184,-0.8883656,0.0,0.0,0.0,1.018087,-0.08067185,-2.827038,-0.04587699,0.05604678,0.7126159,-0.9665161,0.0571141,-0.2501702,0.1248501,0.9564078,-0.2640011,0.2241865,-0.286395,-0.9315143,moving,12.890716780943992,0.3574137026242858,-3.683520812472436,4.497018842107304,0.2383556,-0.15326543,-0.6768929999999997,0.2230880484600081,0.0060807969055705,0.9747793020305202,13.421888297728106,1.2588127488320513,17.065378314178464,17.083374447510437,17.40922168076036
2511,05/05/2023 12:22:03.989395,2709,True,True,True,True,Eyes,0.9975412,0.0723295,-2.136329,0.01828445,-0.2592501,-0.9656371,0.0,0.0,0.0,0.0,0.0,0.0,0.0,0.1623681,-0.7324132,-2.15984,0.7687159,0.07470616,-2.152021,0.05073241,0.9806726,-0.1386314,0.128409,16.55484,165.6366,3.822408,0.4549879,0.03029225,-0.8899819,0.0,0.0,0.0,1.020212,-0.07890248,-2.826937,-0.04675071,0.05451441,0.7118861,-0.9618748,0.06390072,-0.2659206,0.1351068,0.9564151,-0.258875,0.2377882,-0.284933,-0.9285851,moving,12.863635366427085,0.2644081988197478,-3.757311119115422,4.37901738102002,0.2514960999999999,-0.15360864,-0.6749160000000001,0.2226291478234103,0.0044989610165652,0.9748927973102564,13.395413033327117,1.1629738179224516,17.10528501249089,17.122671251808654,17.45161545672855
2512,05/05/2023 12:22:03.998085,2710,True,True,True,True,Eyes,0.98789,0.07228629,-2.137217,0.03285496,-0.2586274,-0.9654182,0.0,0.0,0.0,0.0,0.0,0.0,0.0,0.1182764,-0.6991435,-2.170387,0.7577394,0.07361158,-2.152622,0.05031497,0.9806181,-0.1316979,0.1360599,15.78227,164.7206,3.744292,0.4518038,0.03033107,-0.8916013,0.0,0.0,0.0,1.022357,-0.07711657,-2.826835,-0.04729587,0.05499837,0.7115108,-0.9579124,0.06284193,-0.2800983,0.1345171,0.9602481,-0.244599,0.2535928,-0.2719824,-0.9282869,moving,12.867312631735675,-0.4576370203437424,-3.8029964488203785,4.420060544812105,0.2646176,-0.15072815,-0.674213,0.2226872118424093,-0.0077866286483613,0.9748587874224393,13.40073912184825,0.4204231730059514,17.34886333418255,17.369258429144203,17.662548420073403
2513,05/05/2023 12:22:04.018232,2711,True,True,True,True,Eyes,0.9781996,0.07234106,-2.138119,0.04783892,-0.2578633,-0.9649963,0.0,0.0,0.0,0.0,0.0,0.0,0.0,0.07315445,-0.7354526,-2.156098,0.7467852,0.07366312,-2.152182,0.05055059,0.978303,-0.1406552,0.1434711,16.84072,163.8331,3.507033,0.4485872,0.03036844,-0.8932227,0.0,0.0,0.0,1.024551,-0.07528933,-2.826731,-0.04864876,0.05644812,0.710961,-0.9537213,0.05854767,-0.2949369,0.1392675,0.9553214,-0.2607018,0.266496,-0.289712,-0.9192643,moving,12.938585359767902,0.6993758721454996,-3.9144628860518327,4.539585927462015,0.2777657999999999,-0.14895245,-0.6745490000000003,0.2238906548977231,0.0118962469723017,0.974541613644481,13.468267051084933,1.610832288931193,17.266424358556353,17.285035390327717,17.62773093573413
2514,05/05/2023 12:22:04.038445,2712,True,True,True,True,Eyes,0.9684693,0.07245101,-2.138981,0.06287797,-0.2570069,-0.9643618,0.0,0.0,0.0,0.0,0.0,0.0,0.0,0.02675307,-0.7354015,-2.154951,0.7362837,0.07602859,-2.153473,0.05193365,0.9771206,-0.1403436,0.1511357,16.85576,162.9394,3.538584,0.445338,0.03040864,-0.8948457,0.0,0.0,0.0,1.026654,-0.07353826,-2.826631,-0.05051578,0.06200947,0.7108129,-0.948922,0.05906902,-0.3099327,0.1439127,0.9552132,-0.2585671,0.2807785,-0.2899632,-0.9149237,moving,12.94752080372348,0.7587022128924662,-4.065040153560403,4.985712762801886,0.2903702999999999,-0.1495668499999999,-0.6731579999999999,0.2240398281687261,0.0129048655969782,0.974494477611968,13.476935013632568,1.6719078620384835,17.507023338621465,17.52982739545217,17.852232232601573
2515,05/05/2023 12:22:04.048294,2713,True,True,True,True,Eyes,0.9586561,0.07257861,-2.139825,0.07854204,-0.2561327,-0.9634455,0.0,0.0,0.0,0.0,0.0,0.0,0.0,-0.02377349,-0.7249613,-2.154982,0.7254872,0.07745505,-2.153543,0.05460664,0.9759995,-0.1377844,0.1595584,16.64141,161.9789,3.747543,0.4420571,0.03045378,-0.8964695,0.0,0.0,0.0,1.028787,-0.07176258,-2.82653,-0.05328356,0.06083879,0.7108371,-0.9431188,0.06262279,-0.3265057,0.1505614,0.9560671,-0.2515291,0.2964098,-0.2863809,-0.9111134,moving,12.97146946045825,0.5456261740237698,-4.286811068380176,4.891882647353355,0.3032997999999999,-0.14921763,-0.672987,0.2244561767734206,0.0092798467394257,0.9744400200523649,13.501043515138496,1.4529400967855706,17.77438299211823,17.797139999001043,18.11723203335741
2516,05/05/2023 12:22:04.068513,2714,True,True,True,True,Eyes,0.9488124,0.07279275,-2.140635,0.09417421,-0.2556272,-0.9621778,0.0,0.0,0.0,0.0,0.0,0.0,0.0,-0.07420367,-0.7340617,-2.147281,0.714814,0.07793488,-2.153633,0.05601211,0.9741253,-0.140265,0.1681318,16.9841,160.9695,3.714516,0.4387433,0.03050416,-0.8980943,0.0,0.0,0.0,1.030877,-0.0700219,-2.826431,-0.0560651,0.06238425,0.7115003,-0.9371888,0.06195961,-0.343276,0.1562917,0.9543767,-0.2544366,0.3118498,-0.2921063,-0.9041149,moving,13.0747656116166,0.9157039406821448,-4.505507146517905,5.010871620978988,0.3160630000000001,-0.14795678,-0.6727979999999998,0.2261949300344672,0.0155671655417323,0.9739577418992584,13.601991519814808,1.834261214610156,18.02637225823951,18.050938717422817,18.384024630779077
2517,05/05/2023 12:22:04.090008,2715,True,True,True,True,Eyes,0.9389491,0.07308915,-2.141453,0.1100792,-0.254614,-0.9607571,0.0,0.0,0.0,0.0,0.0,0.0,0.0,-0.1215288,-0.7518267,-2.135651,0.7041354,0.08029068,-2.153779,0.0565333,0.972058,-0.144503,0.1761426,17.50845,160.0046,3.546993,0.4353977,0.03056298,-0.899719,0.0,0.0,0.0,1.033028,-0.06823134,-2.826329,-0.05944894,0.06736144,0.7119322,-0.9315556,0.05900101,-0.35878,0.1608135,0.9518458,-0.2610147,0.3261032,-0.3008464,-0.8961854,moving,13.132907159509946,1.5369570666746215,-4.773332900310662,5.405107660791416,0.3288926000000001,-0.14852202,-0.6725499999999998,0.2271331278718563,0.0261207225811316,0.9735133150317136,13.65783833953214,2.473584877321965,18.288628902378928,18.31928006496681,18.662848097287
2518,05/05/2023 12:22:04.098724,2716,True,True,True,True,Eyes,0.9290899,0.07340152,-2.142248,0.125922,-0.2533191,-0.9591522,0.0,0.0,0.0,0.0,0.0,0.0,0.0,-0.1634977,-0.7388871,-2.135135,0.6940923,0.08242099,-2.154746,0.05548371,0.9711581,-0.1417506,0.1835218,17.19888,159.1038,3.344954,0.4320211,0.0306329,-0.9013428,0.0,0.0,0.0,1.035141,-0.06647199,-2.826228,-0.06280605,0.06630485,0.7130949,-0.926483,0.05573827,-0.372187,0.1597955,0.9536567,-0.2549595,0.3407276,-0.2956894,-0.8924533,moving,13.076997263608346,1.3581331075403242,-5.033354991645924,5.312191004467707,0.3410487000000001,-0.14889298,-0.6714820000000001,0.2261999384370629,0.023087346766361,0.9738071788316252,13.603148774801392,2.2892862416594078,18.506861544815877,18.53697474405269,18.88007483676413
2519,05/05/2023 12:22:04.119034,2717,True,True,True,True,Eyes,0.6834326,0.08091924,-2.161565,0.5106883,-0.1910609,-0.838268,0.0,0.0,0.0,0.0,0.0,0.0,0.0,-0.2030355,-0.7199758,-2.13539,0.6842287,0.0830306,-2.15509,0.05397431,0.9704221,-0.1380111,0.1905799,16.76403,158.2385,3.122231,0.4286153,0.03071351,-0.9029647,0.0,0.0,0.0,1.037259,-0.06470805,-2.826128,-0.0666898,0.06816093,0.7143335,-0.9215325,0.05215148,-0.384784,0.15736,0.9560795,-0.2472851,0.3549877,-0.2884308,-0.8892648,moving,-9.143391154491612,6.103206770927176,-5.333643707815677,5.450599136682563,0.3530302999999999,-0.14773865,-0.6710380000000002,-0.1580276883300504,0.1049837843085156,0.981837920352959,-8.310886585094487,7.014330084773764,3.837757850419696,3.865238974724352,3.362919807001888
2520,05/05/2023 12:22:04.138126,2718,True,True,True,True,Eyes,0.6830679,0.08091459,-2.161593,0.5112355,-0.1907719,-0.8380002,0.0,0.0,0.0,0.0,0.0,0.0,0.0,-0.2450017,-0.7074352,-2.132665,0.6747826,0.08295685,-2.155582,0.0539543,0.9692665,-0.1357425,0.197953,16.5291,157.3562,3.040562,0.4106368,0.03150333,-0.9112543,-0.7369718,0.02255315,-0.05795074,1.03951,-0.0628339,-2.826021,-0.07229654,0.0719117,0.7155761,-0.9158071,0.05085094,-0.3983861,0.1583335,0.9573258,-0.2417805,0.3690905,-0.2845022,-0.8847771,moving,-8.32486456288314,5.853808065626416,-5.769167042552458,5.7386628381996845,0.3647273999999999,-0.14579075,-0.670439,-0.1440463116252215,0.1009269071413145,0.9844106912320476,-7.503469245237535,6.763547829859952,2.5441774102401293,2.558290100599139,2.014495811951164
2521,05/05/2023 12:22:04.148500,2719,True,True,True,True,Eyes,0.6823908,0.08088934,-2.161639,0.5123506,-0.1900882,-0.8374745,0.0,0.0,0.0,0.0,0.0,0.0,0.0,-0.2883463,-0.6867089,-2.131954,0.6655588,0.08277854,-2.156413,0.05468421,0.9682207,-0.1315444,0.205559,16.09373,156.4646,3.091226,0.3957775,0.03213465,-0.9177837,-0.6927535,0.02119996,-0.05447369,1.041679,-0.0610274,-2.825918,-0.07924525,0.07286695,0.7170283,-0.9095107,0.05181253,-0.4124397,0.159973,0.9594114,-0.2322463,0.3836661,-0.2772096,-0.8808835,moving,-7.527990699388515,5.445594799897014,-6.306677774992839,5.802678909404372,0.3761202,-0.14380594,-0.669505,-0.1304293392700974,0.0940898630701449,0.9869830213204566,-6.717020993014788,6.349284190009668,1.2702514872793558,1.2724442308245103,0.6834902262375098
2522,05/05/2023 12:22:04.168104,2720,True,True,True,True,Eyes,0.6813908,0.08088586,-2.161724,0.5139713,-0.1892679,-0.8366667,0.0,0.0,0.0,0.0,0.0,0.0,0.0,-0.3331925,-0.6682853,-2.129443,0.6565204,0.08218537,-2.1574,0.05622626,0.9669177,-0.1279569,0.2133913,15.75021,155.5555,3.223666,0.3834776,0.03264004,-0.9229729,-0.6511883,0.01992797,-0.05120527,1.043719,-0.05932935,-2.825821,-0.08672132,0.07542074,0.7187297,-0.9026057,0.05412257,-0.4270528,0.1633421,0.9609313,-0.2234511,0.3982746,-0.2714439,-0.8761826,moving,-6.737581420669311,5.143360822285514,-6.880001317822076,5.990475459977793,0.3871986,-0.1415147199999999,-0.6684209999999999,-0.1168562187722518,0.0890338714953286,0.989149936027797,-5.9371946667868345,6.043968236419605,0.8515033196063361,0.8590032808421194,0.9443229629569228
2523,05/05/2023 12:22:04.190142,2721,True,True,True,True,Eyes,0.6801224,0.08089379,-2.161846,0.516111,-0.1880734,-0.8356182,0.0,0.0,0.0,0.0,0.0,0.0,0.0,-0.3779595,-0.6530807,-2.12516,0.6476836,0.08267938,-2.158551,0.0581102,0.9654557,-0.1248972,0.2211769,15.47814,154.654,3.388173,0.3732697,0.03304657,-0.9271337,-0.6121169,0.01873229,-0.04813295,1.045851,-0.0575536,-2.82572,-0.09246308,0.07467839,0.7210181,-0.8954082,0.0569569,-0.4415886,0.1674544,0.9620478,-0.2154602,0.4125574,-0.2668707,-0.8709631,moving,-5.982486366570052,4.933347320384312,-7.307703242369295,5.913241584218325,0.3981674,-0.14023298,-0.6671689999999999,-0.103842522009601,0.0855318795752362,0.9909091645952282,-5.192395218812794,5.833248747053567,1.6310246768543477,1.6481482142689434,2.1168199943595063
2524,05/05/2023 12:22:04.198667,2722,True,True,True,True,Eyes,0.6785684,0.08088248,-2.162018,0.5187226,-0.1867049,-0.834307,0.0,0.0,0.0,0.0,0.0,0.0,0.0,-0.4235504,-0.6295813,-2.122653,0.6392648,0.08290022,-2.160068,0.05875303,0.9640868,-0.1201045,0.229477,14.98388,153.6767,3.451915,0.3647676,0.03337507,-0.9304999,-0.5753899,0.01760835,-0.04524498,1.047934,-0.05581902,-2.825621,-0.0960982,0.07310002,0.7237219,-0.887777,0.0581636,-0.4565845,0.1684085,0.964246,-0.2046175,0.4283584,-0.2585473,-0.8658306,moving,-5.2047048048824776,4.4944575348616125,-7.563678412401839,5.767637944039409,0.4086691999999999,-0.13871924,-0.6655530000000001,-0.0904376884715164,0.0780415392118856,0.9928396488583332,-4.424694151616986,5.387303172383964,2.6575632839616907,2.6806239637978044,3.161941923562991
2525,05/05/2023 12:22:04.218380,2723,True,True,True,True,Eyes,0.6767231,0.08087058,-2.162251,0.5216376,-0.1856551,-0.8327222,0.0,0.0,0.0,0.0,0.0,0.0,0.0,-0.4651136,-0.6147112,-2.117286,0.6307774,0.08235259,-2.161582,0.05720217,0.9626185,-0.1175502,0.2372243,14.68185,152.7273,3.2212,0.3576508,0.03364065,-0.9332489,-0.5408666,0.01655185,-0.04253028,1.050195,-0.0539365,-2.825513,-0.09967737,0.09105109,0.7259873,-0.8809052,0.05435621,-0.4701613,0.1658993,0.9658197,-0.1991726,0.4432647,-0.2534516,-0.8598132,moving,-4.490877164986019,4.204079472534174,-7.817776519708838,7.148535305772257,0.4194175999999999,-0.13628909,-0.6639309999999998,-0.0780909573791409,0.0730853321350932,0.9942636475628194,-3.720383032986119,5.09364620947971,4.395467161189021,4.442755841855918,4.583797834012727
2526,05/05/2023 12:22:04.237996,2724,True,True,True,True,Eyes,0.674624,0.0809193,-2.162554,0.5248557,-0.1846478,-0.8309222,0.0,0.0,0.0,0.0,0.0,0.0,0.0,-0.5045352,-0.6210263,-2.105472,0.6224767,0.08225044,-2.163099,0.05669433,0.9606175,-0.119682,0.2442869,14.92987,151.8563,2.992902,0.3516537,0.03385599,-0.9355174,-0.5084146,0.01555874,-0.03997846,1.052252,-0.05222387,-2.825416,-0.1017677,0.0912349,0.7288924,-0.8742196,0.05044965,-0.4829031,0.1673966,0.964924,-0.2022378,0.455762,-0.2576365,-0.8520006,moving,-3.847584804391865,4.468237914155434,-7.948235613526475,7.134563107304019,0.4297752999999999,-0.1344743099999999,-0.6623170000000003,-0.0668995312980495,0.0777319078474538,0.9947272096080746,-3.0869058971823278,5.369801897404583,4.842223194849351,4.891280721250332,5.171741364277258
2527,05/05/2023 12:22:04.248621,2725,True,True,True,True,Eyes,0.674624,0.0809193,-2.162554,0.5248557,-0.1846478,-0.8309222,0.0,0.0,0.0,0.0,0.0,0.0,0.0,-0.5400841,-0.6196173,-2.096847,0.6142215,0.08374389,-2.165202,0.05662867,0.9590566,-0.1195985,0.2503993,14.93737,151.1137,2.890627,0.3462985,0.03404525,-0.9375061,-0.4779097,0.01462521,-0.03757976,1.054345,-0.05048113,-2.825316,-0.1034998,0.08527918,0.7334217,-0.8681869,0.04872546,-0.4938397,0.168515,0.9649788,-0.2010439,0.4667488,-0.257763,-0.8459929,moving,-3.1236299923134068,4.440916265404108,-8.032487043352829,6.632328621593062,0.4401235000000001,-0.13422502,-0.6601140000000001,-0.0543275135083336,0.0773166756097454,0.9955253242729836,-2.373232171775894,5.346751874718629,5.331436633758536,5.375794421515491,5.803436333205656
2528,05/05/2023 12:22:04.268076,2726,True,True,True,True,Eyes,0.674624,0.0809193,-2.162554,0.5248557,-0.1846478,-0.8309222,0.0,0.0,0.0,0.0,0.0,0.0,0.0,-0.5738506,-0.6101876,-2.090776,0.6064,0.08519559,-2.167486,0.05664025,0.9577616,-0.1176474,0.2562107,14.73685,150.4166,2.857406,0.3414691,0.03421464,-0.9392697,-0.4492351,0.0137477,-0.03532497,1.056632,-0.04857647,-2.825208,-0.1041646,0.1018326,0.7366759,-0.8622963,0.04821061,-0.5041047,0.1687808,0.9659019,-0.1963327,0.4774504,-0.25438,-0.8410306,moving,-2.448788445534121,4.211459837501995,-8.048162705352311,7.870266547258332,0.4502319999999999,-0.13377206,-0.6577220000000001,-0.042611251202047,0.0733709697260349,0.9963939985731688,-1.7074935779347162,5.115476958812563,6.622656810438568,6.688786036409932,6.913244582682998
2529,05/05/2023 12:22:04.288229,2727,True,True,True,True,Eyes,0.674624,0.0809193,-2.162554,0.5248557,-0.1846478,-0.8309222,0.0,0.0,0.0,0.0,0.0,0.0,0.0,-0.6050569,-0.6004013,-2.085069,0.5985935,0.08583755,-2.169886,0.05566782,0.9565839,-0.115767,0.2616224,14.51359,149.7541,2.719209,0.337115,0.03436631,-0.9408358,-0.422281,0.01292284,-0.03320547,1.058646,-0.04689964,-2.825112,-0.1049951,0.1026331,0.7406554,-0.8569098,0.04592742,-0.5134165,0.1670763,0.9669982,-0.1923538,0.4876385,-0.2506096,-0.8363037,moving,-1.8166117938580069,3.9566940157786137,-8.068472604300045,7.889273241761813,0.4600525,-0.13273719,-0.6552259999999999,-0.0316250625547698,0.0689679488294141,0.9971174934644564,-1.0837505518250152,4.857875462434835,7.317062411970599,7.385861016955003,7.614178527381632
2530,05/05/2023 12:22:04.298040,2728,True,True,True,True,Eyes,0.674624,0.0809193,-2.162554,0.5248557,-0.1846478,-0.8309222,0.0,0.0,0.0,0.0,0.0,0.0,0.0,-0.6356946,-0.6053999,-2.07482,0.5909299,0.08712555,-2.172257,0.05607006,0.9549977,-0.1171302,0.2666759,14.69202,149.1369,2.644009,0.33319,0.03450219,-0.9422279,-0.3969441,0.01214747,-0.03121314,1.060842,-0.04507085,-2.825008,-0.1047154,0.1022416,0.7462727,-0.8514801,0.04462198,-0.522485,0.1695651,0.9662734,-0.193813,0.4962149,-0.2536231,-0.8303289,moving,-1.2063648744963804,4.107981185574371,-7.987472442017363,7.801127116555219,0.4699121,-0.1321964,-0.6527509999999999,-0.0209994171635564,0.0716205890798519,0.9972108774069884,-0.4825806697761303,5.017719985999495,7.653617788060518,7.721576698434765,8.004421013882428
2531,05/05/2023 12:22:04.317885,2729,True,True,True,True,Eyes,0.6709591,0.08120465,-2.163418,0.5300499,-0.1831007,-0.827962,0.0,0.0,0.0,0.0,0.0,0.0,0.0,-0.666701,-0.6007111,-2.067274,0.5833507,0.08811551,-2.175064,0.05639309,0.9536198,-0.1163325,0.271838,14.62748,148.5155,2.624615,0.3296527,0.03462397,-0.9434669,-0.3731275,0.01141862,-0.02934035,1.062934,-0.04332902,-2.824909,-0.103335,0.109474,0.7508937,-0.8458479,0.04430797,-0.5315809,0.1708023,0.9665731,-0.1912143,0.5053396,-0.2525335,-0.8251418,moving,-0.9378566518415392,4.122052899866105,-7.835600335272365,8.294804058156002,0.4795833,-0.13144453,-0.649845,-0.0163256247136697,0.0718717640591689,0.9972801811844212,-0.2179426431567562,5.034064268744448,7.987026552125647,8.061682215972018,8.286201342503077
2532,05/05/2023 12:22:04.328467,2730,True,True,True,True,Eyes,0.6671523,0.08149955,-2.164366,0.5353608,-0.1816071,-0.8248683,0.0,0.0,0.0,0.0,0.0,0.0,0.0,-0.6951314,-0.6033817,-2.057961,0.5760123,0.08940639,-2.177773,0.05668299,0.9521704,-0.117133,0.2764754,14.73827,147.9483,2.558752,0.3263083,0.03474632,-0.9446243,-0.3507398,0.0107335,-0.02757993,1.065022,-0.04159076,-2.82481,-0.1026244,0.117172,0.7557219,-0.8406971,0.04317494,-0.5397822,0.1727125,0.9661338,-0.1917182,0.5132245,-0.254404,-0.8196827,moving,-0.727889238704272,4.310130043603517,-7.733263105006569,8.813332081107587,0.4890096999999999,-0.13099715,-0.6470369999999996,-0.0126678002073674,0.0751490015688311,0.9970918672284184,-0.0114188787511324,5.2289535213169245,8.2458284973721,8.327910398008134,8.513204327069884
2533,05/05/2023 12:22:04.348345,2731,True,True,True,True,Eyes,0.6630834,0.08180123,-2.165491,0.5408868,-0.1800275,-0.821603,0.0,0.0,0.0,0.0,0.0,0.0,0.0,-0.7246402,-0.6009398,-2.04969,0.5687378,0.08992693,-2.180805,0.05673119,0.9507469,-0.1169339,0.2814047,14.7308,147.3466,2.492695,0.3231311,0.03486959,-0.9457113,-0.3296954,0.01008949,-0.02592514,1.067165,-0.03980631,-2.824708,-0.103107,0.1138657,0.7611674,-0.8351861,0.04206249,-0.5483569,0.1736855,0.9662161,-0.1904202,0.5218217,-0.2542779,-0.8142759,moving,-0.5046500473443298,4.3846244657659215,-7.7142761031157905,8.507986363261171,0.4984271999999999,-0.12973324,-0.6439030000000003,-0.0087819152262275,0.0764485114444076,0.9970348157624104,0.2084546450306469,5.307122923593084,8.227490772701097,8.305469354694795,8.54489258370337
2534,05/05/2023 12:22:04.368140,2732,True,True,True,True,Eyes,0.6588886,0.08210402,-2.166706,0.5464616,-0.1785246,-0.8182351,0.0,0.0,0.0,0.0,0.0,0.0,0.0,-0.7520252,-0.5978838,-2.041949,0.5615677,0.0901672,-2.18382,0.05749338,0.9494307,-0.1166632,0.2857721,14.73728,146.8229,2.518347,0.320092,0.03499387,-0.9467396,-0.3099137,0.009484122,-0.02436963,1.069312,-0.03801845,-2.824606,-0.1035609,0.1104254,0.7669905,-0.8300579,0.0424938,-0.5560563,0.1758501,0.9661685,-0.1886672,0.5292269,-0.2543872,-0.8094483,moving,-0.3560957092084963,4.472818077401323,-7.689708360183568,8.192709474880745,0.5077443,-0.12818565,-0.6407860000000003,-0.0061960751291026,0.0779846380054589,0.996935302233742,0.3546782980017715,5.3988602307677045,8.149738397761569,8.223105649545252,8.515735452984744
2535,05/05/2023 12:22:04.388236,2733,True,True,True,True,Eyes,0.6588886,0.08210402,-2.166706,0.5464616,-0.1785246,-0.8182351,0.0,0.0,0.0,0.0,0.0,0.0,0.0,-0.7799714,-0.5926422,-2.03469,0.5542737,0.09049157,-2.187267,0.05932909,0.9481149,-0.1159384,0.2900285,14.72975,146.3289,2.681754,0.3171714,0.03511903,-0.9477174,-0.2913189,0.008915074,-0.02290745,1.071409,-0.03627269,-2.824506,-0.1028058,0.1103905,0.7721609,-0.824727,0.0452507,-0.5637177,0.1797525,0.9660767,-0.1854316,0.5362037,-0.2542601,-0.8048835,moving,0.143302067534262,4.444088979775968,-7.58378110748871,8.136050584289432,0.5171353000000001,-0.12676426,-0.6372390000000001,0.0024935706093234,0.0774859940846757,0.9969903182970514,0.8470072713650534,5.37279678817001,8.490858924696132,8.563783911503414,8.872077785433582
2536,05/05/2023 12:22:04.398055,2734,True,True,True,True,Eyes,0.6588886,0.08210402,-2.166706,0.5464616,-0.1785246,-0.8182351,0.0,0.0,0.0,0.0,0.0,0.0,0.0,-0.8056827,-0.5777969,-2.031068,0.5471207,0.09034875,-2.191051,0.06044829,0.9471927,-0.1130562,0.2939228,14.46013,145.8817,2.844457,0.3145401,0.03523139,-0.9485898,-0.2738397,0.00838017,-0.021533,1.073541,-0.03449697,-2.824405,-0.1016341,0.1078894,0.7774622,-0.819911,0.04805273,-0.5704712,0.180972,0.9671286,-0.1786378,0.5431349,-0.2497063,-0.8016556,moving,0.5831497668472743,4.152381458987433,-7.447783069532611,7.900549848473072,0.5264203000000001,-0.12484572,-0.6333540000000002,0.0101509939884181,0.0724055725305968,0.9973236096369592,1.2812568125622308,5.075861962257052,8.79375530635615,8.862541875691424,9.174693396388667
2537,05/05/2023 12:22:04.417870,2735,True,True,True,True,Eyes,0.654026,0.08234162,-2.168326,0.5521235,-0.1767316,-0.8148163,0.0,0.0,0.0,0.0,0.0,0.0,0.0,-0.8291551,-0.5681854,-2.026438,0.5397462,0.08978821,-2.194857,0.06226582,0.9462513,-0.1115071,0.2971494,14.36108,145.517,3.051476,0.3121698,0.03533229,-0.9493687,-0.2574094,0.00787736,-0.02024102,1.075604,-0.03277965,-2.824307,-0.09968436,0.1070018,0.7824497,-0.8156506,0.0515697,-0.5762421,0.1841068,0.9673782,-0.1740229,0.5484698,-0.248032,-0.7985369,moving,0.5789410455433087,4.156658648025907,-7.260389776894451,7.787027416007496,0.5358578,-0.12256786,-0.6294500000000003,0.0100776799778823,0.0724800783484173,0.9973189555229414,1.2770981563228845,5.080231421906907,8.573942308034344,8.639136828130392,8.956307540695025
2538,05/05/2023 12:22:04.438056,2736,True,True,True,True,Eyes,0.6490679,0.08251783,-2.170042,0.557732,-0.1748973,-0.8113852,0.0,0.0,0.0,0.0,0.0,0.0,0.0,-0.851009,-0.5570759,-2.023122,0.5326459,0.08904698,-2.199075,0.06379812,0.9454487,-0.1096131,0.3000697,14.21463,145.1874,3.243815,0.3098198,0.03543333,-0.9501345,-0.2419648,0.007404719,-0.01902656,1.077806,-0.03094583,-2.824203,-0.09766251,0.1061346,0.7875319,-0.8117763,0.05485253,-0.5813872,0.1864188,0.9678296,-0.1689794,0.5534147,-0.2455549,-0.7958866,moving,0.5389389770366968,4.1180357188051895,-7.069208055023973,7.675428461861818,0.5451601,-0.11999281,-0.6251279999999997,0.0093818385476291,0.0718082571319288,0.9973743266514692,1.2377587338363325,5.040231310189919,8.337209178077321,8.39874659635624,8.714927495935221
2539,05/05/2023 12:22:04.448172,2737,True,True,True,True,Eyes,0.6440145,0.08263583,-2.171871,0.5631559,-0.1731403,-0.8080086,0.0,0.0,0.0,0.0,0.0,0.0,0.0,-0.8713385,-0.5454678,-2.020056,0.5253499,0.08771927,-2.203111,0.06451555,0.9447576,-0.1076877,0.3027779,14.03681,144.8731,3.35011,0.3074831,0.03553167,-0.9508895,-0.2274469,0.006960435,-0.01788497,1.079845,-0.02924771,-2.824106,-0.09447059,0.1019331,0.7926666,-0.808327,0.05669223,-0.5859985,0.187114,0.9684823,-0.1644097,0.5582083,-0.2425452,-0.7934582,moving,0.4860585446496213,4.044891057354447,-6.796495000187967,7.327745090757814,0.5544950999999999,-0.11696698,-0.6209950000000002,0.0084620909091025,0.070535515915048,0.9974733895572878,1.1858063263442844,4.9646380470873765,7.9341507342588145,7.988286220339083,8.324746805002743
2540,05/05/2023 12:22:04.468219,2738,True,True,True,True,Eyes,0.6388819,0.08270846,-2.173812,0.5685472,-0.1714477,-0.8045866,0.0,0.0,0.0,0.0,0.0,0.0,0.0,-0.8922579,-0.541833,-2.014678,0.5182709,0.08637895,-2.207389,0.06607017,0.9437847,-0.1076629,0.3054734,14.09832,144.5607,3.483786,0.3051531,0.03562487,-0.9516363,-0.2138001,0.006542809,-0.01681187,1.08209,-0.02737883,-2.823999,-0.0920853,0.1008269,0.7974173,-0.8046417,0.05893575,-0.5908289,0.1904883,0.9680869,-0.1628558,0.5623757,-0.2435865,-0.7901896,moving,0.447651236987391,4.206949910401419,-6.587306033916565,7.206341511466991,0.5638191,-0.11375778,-0.6166100000000001,0.0077918579049365,0.0733569364346738,0.997275225898046,1.1475660040420363,5.1310371455398975,7.596739230887397,7.647677672338652,8.008441399849906
2541,05/05/2023 12:22:04.488496,2739,True,True,True,True,Eyes,0.6337204,0.08273313,-2.175837,0.5738505,-0.1697993,-0.801164,0.0,0.0,0.0,0.0,0.0,0.0,0.0,-0.9146992,-0.5347763,-2.00976,0.5111829,0.08535482,-2.212059,0.06757241,0.942791,-0.1068206,0.3084938,14.07019,144.2112,3.635489,0.3028246,0.03571128,-0.9523766,-0.2009721,0.006150241,-0.01580316,1.084166,-0.02565003,-2.823901,-0.0899581,0.1068087,0.8012233,-0.8005309,0.06150635,-0.5961266,0.1933203,0.9680467,-0.1597276,0.5672542,-0.2431103,-0.7868417,moving,0.4462217333482778,4.274425660255074,-6.406109228420355,7.593162723978186,0.5729831,-0.11100485,-0.6118420000000002,0.0077662986415119,0.0745313698449462,0.997188403984516,1.1459979336147077,5.200421572898728,7.559692867544477,7.61370181368712,7.922091441212373
2542,05/05/2023 12:22:04.498343,2740,True,True,True,True,Eyes,0.6284729,0.08272221,-2.177997,0.5790858,-0.1682102,-0.7977248,0.0,0.0,0.0,0.0,0.0,0.0,0.0,-0.9372184,-0.5274144,-2.005003,0.5040089,0.08429381,-2.217082,0.06949455,0.9417863,-0.1059738,0.3114143,14.05733,143.8788,3.835829,0.300495,0.03578936,-0.9531114,-0.1889138,0.005781226,-0.01485497,1.086318,-0.02385852,-2.823798,-0.08986947,0.108128,0.8052541,-0.7963835,0.06489446,-0.6013006,0.1969015,0.9678801,-0.1563262,0.5718422,-0.2428926,-0.7835815,moving,0.435685526246689,4.354254991717299,-6.368078661578232,7.647823051329092,0.5823090999999999,-0.1081523299999999,-0.606716,0.0075821267701947,0.0759207693366364,0.9970849712124304,1.1354241873830893,5.282447345365632,7.504619274907125,7.559020947637591,7.867500062582319
2543,05/05/2023 12:22:04.518235,2741,True,True,True,True,Eyes,0.6231728,0.08268464,-2.180282,0.5843041,-0.1664926,-0.7942726,0.0,0.0,0.0,0.0,0.0,0.0,0.0,-0.9579338,-0.5195389,-2.001402,0.4966576,0.0834242,-2.222507,0.07135811,0.940953,-0.1049453,0.3138505,14.02166,143.6057,4.043631,0.2981594,0.03585817,-0.9538421,-0.1775789,0.005434353,-0.01396367,1.088439,-0.02209173,-2.823698,-0.09003353,0.1065659,0.8093361,-0.7928119,0.06841501,-0.6056144,0.2001635,0.9677891,-0.1527056,0.5756596,-0.2422886,-0.7809689,moving,0.3671683735343854,4.422932446273546,-6.347694916058524,7.50102857279758,0.5917813999999999,-0.10551593,-0.601191,0.0063891700465453,0.0771165161501794,0.9970016307335235,1.0677243327803485,5.352599811014805,7.33435142625345,7.3867492689304655,7.7203749119136384
2544,05/05/2023 12:22:04.538992,2742,True,True,True,True,Eyes,0.6178077,0.08261092,-2.182714,0.5894089,-0.164727,-0.7908617,0.0,0.0,0.0,0.0,0.0,0.0,0.0,-0.9754238,-0.5098444,-2.0,0.4895468,0.08277625,-2.228202,0.0724421,0.9404368,-0.1033131,0.3156854,13.88988,143.3996,4.195795,0.2958148,0.03591727,-0.9545696,-0.1669242,0.005108292,-0.01312585,1.090611,-0.0202831,-2.823595,-0.09086406,0.1053294,0.8132207,-0.7901896,0.07102558,-0.6087326,0.2014832,0.9681571,-0.148581,0.5787958,-0.2400566,-0.7793382,moving,0.2286371611905756,4.403623808347551,-6.375419228053701,7.379938655379586,0.6010641999999999,-0.10305935,-0.5953930000000001,0.0039786807324682,0.0767814837004386,0.9970400384716196,0.9312182577616684,5.331776090804464,7.193001928593516,7.243756681514191,7.588275248042159
2545,05/05/2023 12:22:04.548732,2743,True,True,True,True,Eyes,0.6123766,0.08250445,-2.185315,0.5946548,-0.1627198,-0.7873423,0.0,0.0,0.0,0.0,0.0,0.0,0.0,-0.9912386,-0.4997966,-1.999715,0.4826042,0.08180888,-2.23419,0.0727395,0.9400784,-0.1015467,0.3172538,13.71411,143.2171,4.269742,0.2934579,0.03596583,-0.9552949,-0.1569088,0.004801794,-0.0123383,1.092936,-0.01834728,-2.823484,-0.09189889,0.1094234,0.816586,-0.7881182,0.07232954,-0.6112598,0.2011938,0.9687945,-0.1447699,0.5817139,-0.2370775,-0.7780769,moving,0.0484421105635799,4.357666804641225,-6.421070802224624,7.6322304527301235,0.6103318,-0.10015616,-0.5892940000000002,0.0008430300837258,0.0759823027461633,0.997108790861879,0.7537065215717342,5.283255725907225,7.197566914885224,7.251025059542863,7.549510706881284
2546,05/05/2023 12:22:04.568257,2744,True,True,True,True,Eyes,0.606892,0.0823542,-2.188068,0.5998077,-0.1605721,-0.7838669,0.0,0.0,0.0,0.0,0.0,0.0,0.0,-1.006713,-0.48687,-2.000557,0.4759626,0.08077227,-2.240464,0.07249081,0.9398186,-0.09906406,0.3188614,13.44038,143.0259,4.309203,0.2910853,0.03600321,-0.9560192,-0.1474942,0.004513687,-0.011598,1.09497,-0.01665365,-2.823388,-0.09275824,0.1100874,0.8199579,-0.7861454,0.07308102,-0.6137061,0.1994318,0.9698628,-0.1399754,0.5849811,-0.2324335,-0.7770278,moving,-0.1267793942012826,4.221366092921619,-6.454181252142285,7.646793568544013,0.6190074,-0.09742592,-0.5829240000000002,-0.0022067131840203,0.0736099197657855,0.9972846651394516,0.5813101372360064,5.141857448593175,7.141921738914308,7.19510720299733,7.468121855932082
2547,05/05/2023 12:22:04.588136,2745,True,True,True,True,Eyes,0.6013604,0.08217542,-2.190991,0.6051587,-0.1583212,-0.7802034,0.0,0.0,0.0,0.0,0.0,0.0,0.0,-1.023294,-0.469732,-2.001806,0.46916,0.07951663,-2.246902,0.07282217,0.9395348,-0.09578776,0.3206188,13.10217,142.8256,4.44091,0.2886948,0.03602838,-0.9567428,-0.1386446,0.004242865,-0.01090212,1.096957,-0.01499928,-2.823293,-0.09402391,0.1128618,0.8230448,-0.7838014,0.07541522,-0.6164158,0.1982606,0.9710433,-0.1332955,0.588514,-0.2266881,-0.776057,moving,-0.3063879157614193,4.02782743367311,-6.5171662489309865,7.808109956706966,0.6277969999999999,-0.09451591,-0.5763910000000001,-0.0053342448861194,0.0702399634111108,0.9975158611762474,0.4047242986098512,4.9415630925255165,7.215917123271861,7.270784239524906,7.491973016281072
2548,05/05/2023 12:22:04.598195,2746,True,True,True,True,Eyes,0.5957891,0.08199555,-2.194081,0.6104455,-0.1559664,-0.7765506,0.0,0.0,0.0,0.0,0.0,0.0,0.0,-1.042385,-0.4545006,-2.001651,0.4625806,0.07857624,-2.253793,0.07459541,0.9389454,-0.0931097,0.3227196,12.8851,142.5956,4.706496,0.2862844,0.03604105,-0.9574664,-0.1303259,0.003988293,-0.01024799,1.099103,-0.01321238,-2.823191,-0.09503493,0.1147853,0.8260621,-0.7805755,0.0799854,-0.6199232,0.2001787,0.9715322,-0.1267031,0.5921409,-0.2229966,-0.7743656,moving,-0.4348870284391593,3.960287605546524,-6.562783192137926,7.910868044598303,0.6365223999999999,-0.09178862,-0.5693980000000001,-0.0075720148741937,0.069063055526737,0.9975835903379856,0.2782206107456333,4.871206706315832,7.234913070474566,7.290966821930588,7.485911706834146
2549,05/05/2023 12:22:04.618035,2747,True,True,True,True,Eyes,0.5901808,0.08178843,-2.197341,0.6160626,-0.1534356,-0.7726089,0.0,0.0,0.0,0.0,0.0,0.0,0.0,-1.062206,-0.435636,-2.001939,0.4560139,0.07831808,-2.260915,0.07617343,0.938377,-0.0894881,0.3250201,12.56006,142.3403,4.983379,0.2838525,0.03604217,-0.9581901,-0.1225063,0.003748996,-0.009633114,1.101221,-0.01144906,-2.823091,-0.096791,0.117329,0.8289051,-0.7771192,0.08478794,-0.623616,0.2011297,0.972379,-0.1184314,0.5963496,-0.217463,-0.7727078,moving,-0.5714824940986067,3.7966354700981735,-6.660249089415358,8.056522510015403,0.6452070999999999,-0.08976714,-0.562176,-0.0099521989951044,0.0662120320596802,0.9977560039263204,0.1439627401592104,4.701948637475729,7.372782579670901,7.43099698863483,7.58620224407762
2550,05/05/2023 12:22:04.638616,2748,True,True,True,True,Eyes,0.5845336,0.08154457,-2.200764,0.621622,-0.1508718,-0.7686506,0.0,0.0,0.0,0.0,0.0,0.0,0.0,-1.08396,-0.4113871,-2.002251,0.4494483,0.07735173,-2.26831,0.07770776,0.9377093,-0.08489157,0.3278054,12.13133,142.0248,5.286518,0.2813984,0.03603144,-0.9589141,-0.115156,0.003524056,-0.009055126,1.103353,-0.009673784,-2.82299,-0.09900463,0.119814,0.8315691,-0.7730104,0.09007873,-0.6279658,0.2013904,0.9735098,-0.1082612,0.6015788,-0.2101533,-0.7706742,moving,-0.6558230329759265,3.5277825850185973,-6.789539041205841,8.198856704521303,0.6539047,-0.087025514,-0.5546799999999998,-0.0114243345670344,0.0615285085276914,0.9980399205531102,0.061460949544558,4.424862877714258,7.648978051753509,7.70982525739098,7.8217153027989745
2551,05/05/2023 12:22:04.648033,2749,True,True,True,True,Eyes,0.5789083,0.08126356,-2.204306,0.62748,-0.1482984,-0.7643797,0.0,0.0,0.0,0.0,0.0,0.0,0.0,-1.10575,-0.3937174,-2.000725,0.4428201,0.07618779,-2.275675,0.07954471,0.936869,-0.08189509,0.3305184,11.88991,141.7153,5.565936,0.2789209,0.0360082,-0.9596385,-0.1082466,0.003312613,-0.008511819,1.105535,-0.007857119,-2.822886,-0.1021253,0.1189491,0.8343306,-0.7688608,0.09491029,-0.6323335,0.2031816,0.9739317,-0.100868,0.6062762,-0.2060319,-0.7681018,moving,-0.7563641380160979,3.449370865415122,-6.978511369668179,8.113883529275553,0.6627148999999999,-0.084044909,-0.5472109999999999,-0.0131767496533524,0.0601612921500809,0.9981016400197202,-0.0374586387514186,4.343520427561828,7.714609212104546,7.776425564722522,7.8989778409697635
2552,05/05/2023 12:22:04.668205,2750,True,True,True,True,Eyes,0.5732565,0.08099563,-2.208026,0.6332957,-0.1457065,-0.7600698,0.0,0.0,0.0,0.0,0.0,0.0,0.0,-1.129611,-0.3756115,-1.997971,0.4364309,0.07510924,-2.283172,0.08161207,0.9358101,-0.07890063,0.333727,11.66238,141.3452,5.865521,0.2764223,0.03597188,-0.9603626,-0.1017518,0.003113856,-0.00800111,1.107682,-0.006069172,-2.822784,-0.1063421,0.1211042,0.8366944,-0.7639316,0.1000842,-0.6374888,0.2054093,0.9742283,-0.0931997,0.6117318,-0.2021443,-0.764802,moving,-0.7944754117207627,3.3811164898768693,-7.243337122733908,8.235867143475444,0.6712511000000001,-0.0811784119999999,-0.539612,-0.0138416356865609,0.0589717189134926,0.998163650982487,-0.0748644650156463,4.273059496590021,8.005489104441864,8.071952754841123,8.190900114802274
2553,05/05/2023 12:22:04.688099,2751,True,True,True,True,Eyes,0.5680839,0.08069973,-2.211455,0.640398,-0.1423216,-0.7547417,0.0,0.0,0.0,0.0,0.0,0.0,0.0,-1.153765,-0.3561931,-1.995559,0.430098,0.07512754,-2.291215,0.08426604,0.9347242,-0.07551117,0.3368802,11.41648,140.9861,6.246572,0.273902,0.0359241,-0.9610862,0.0,0.0,0.0,1.109816,-0.004291898,-2.822683,-0.1110951,0.1226362,0.8386559,-0.7588223,0.1066546,-0.6425061,0.2084074,0.9743946,-0.0843891,0.617054,-0.1979393,-0.76162,moving,-0.9298958504493934,3.352909383607623,-7.545925965041824,8.319367498706438,0.6797179999999999,-0.079419438,-0.5314680000000003,-0.0162012593597052,0.0584782398233285,0.9981572444318452,-0.2082832523532941,4.24310597663291,8.201611163459196,8.272699721748928,8.393861362651178
2554,05/05/2023 12:22:04.697933,2752,True,True,True,True,Eyes,0.5628659,0.08044402,-2.215076,0.6474584,-0.1386918,-0.7493745,0.0,0.0,0.0,0.0,0.0,0.0,0.0,-1.17999,-0.3262101,-1.993604,0.42388,0.07566514,-2.299532,0.08672506,0.9335771,-0.0697571,0.3406563,10.91393,140.5465,6.690727,0.271385,0.035865,-0.9618021,0.0,0.0,0.0,1.111952,-0.002513417,-2.822582,-0.1162735,0.1242196,0.8408551,-0.7528644,0.1144027,-0.6481571,0.2094554,0.9752254,-0.0711604,0.6239583,-0.1893341,-0.7581748,moving,-1.010059716723625,3.0778039662164938,-7.87293713341813,8.403529087567307,0.688072,-0.078178557,-0.52305,-0.0176025344016749,0.0536836613888104,0.9984028003018516,-0.2866533228991259,3.959619022354677,8.61061874222511,8.68691167819511,8.79204405820631
2555,05/05/2023 12:22:04.718153,2753,True,True,True,True,Eyes,0.5575102,0.08023728,-2.218966,0.654658,-0.1350212,-0.7437688,0.0,0.0,0.0,0.0,0.0,0.0,0.0,-1.205231,-0.2933934,-1.991998,0.4176225,0.07639547,-2.307915,0.08794435,0.9325582,-0.06317079,0.3443988,10.27639,140.0945,7.035211,0.2688673,0.03579722,-0.9625116,0.0,0.0,0.0,1.114096,-0.0007278523,-2.82248,-0.1211465,0.1293418,0.8423338,-0.7473108,0.1205146,-0.6534548,0.2075384,0.9765505,-0.05724504,0.6312328,-0.1783968,-0.7547981,moving,-1.1177233758694047,2.6708077234883203,-8.184296156711547,8.729681517782787,0.6964735,-0.0771233222999999,-0.5145650000000002,-0.0194855330689935,0.0465886583230847,0.9987240160242228,-0.3918194310905853,3.5402992093858465,9.22319370295132,9.30840493973738,9.362285098310537
2556,05/05/2023 12:22:04.738353,2754,True,True,True,True,Eyes,0.5521241,0.08009347,-2.223019,0.6617895,-0.1313941,-0.7380854,0.0,0.0,0.0,0.0,0.0,0.0,0.0,-1.230023,-0.2698421,-1.988293,0.4114572,0.07691952,-2.316003,0.08923585,0.9313876,-0.05871601,0.3480037,9.874087,139.6569,7.310388,0.2663412,0.03572343,-0.9632164,0.0,0.0,0.0,1.116236,0.001054091,-2.822378,-0.1257216,0.132847,0.8439382,-0.7418607,0.1253596,-0.6587318,0.2070931,0.9771788,-0.04726593,0.6377734,-0.1714835,-0.7508917,moving,-1.2174566727457372,2.4961701500668503,-8.473049256824956,8.945704860887393,0.7047787999999999,-0.075865429,-0.5063750000000002,-0.0212268750072761,0.0435427901707298,0.9988259381492822,-0.4897160157315274,3.360000394716237,9.614937938414087,9.707735149468403,9.743392839342553
2557,05/05/2023 12:22:04.748566,2755,True,True,True,True,Eyes,0.5467492,0.08002616,-2.227193,0.6690276,-0.1278227,-0.7321635,0.0,0.0,0.0,0.0,0.0,0.0,0.0,-1.257086,-0.2503316,-1.982187,0.4053824,0.07835133,-2.324117,0.09180319,0.9298565,-0.05529245,0.3519685,9.639692,139.1836,7.683043,0.263805,0.03564674,-0.9639169,0.0,0.0,0.0,1.118309,0.00277984,-2.82228,-0.1306025,0.1366691,0.8453035,-0.7353809,0.1318052,-0.6647125,0.20965,0.9770299,-0.03820444,0.6444084,-0.1674518,-0.7461221,moving,-1.2709446335087573,2.4849845697494954,-8.782960934532861,9.184134897506269,0.7129266000000001,-0.0755714899999999,-0.4981629999999999,-0.0221595012397026,0.04334691926879,0.9988142790449144,-0.5424132655297298,3.348123758019893,9.963559742982063,10.06523740508566,10.097804311102584
2558,05/05/2023 12:22:04.768606,2756,True,True,True,True,Eyes,0.5413433,0.08005979,-2.231532,0.6762369,-0.1242012,-0.7261389,0.0,0.0,0.0,0.0,0.0,0.0,0.0,-1.286206,-0.2238864,-1.975188,0.3993476,0.08036933,-2.332355,0.09444351,0.9281392,-0.05036789,0.3565126,9.255506,138.6332,8.119529,0.2612588,0.03557058,-0.9646129,0.0,0.0,0.0,1.120516,0.004617756,-2.822175,-0.1368268,0.1401783,0.8465459,-0.7279584,0.1393999,-0.6713005,0.211227,0.977087,-0.02615621,0.6522728,-0.1608374,-0.7407236,moving,-1.269020729048103,2.320372855383988,-9.18128735938081,9.402209153843762,0.7211684,-0.075751574,-0.4898199999999999,-0.0221286289218018,0.0404771626459592,0.9989353873912136,-0.540128975618158,3.178844791264386,10.506313778432183,10.618680171643692,10.648938078639324
2559,05/05/2023 12:22:04.778017,2757,True,True,True,True,Eyes,0.5359081,0.08022631,-2.236023,0.6835263,-0.1207402,-0.7198705,0.0,0.0,0.0,0.0,0.0,0.0,0.0,-1.315538,-0.2026783,-1.967055,0.3932498,0.0828516,-2.340835,0.09574508,0.9264303,-0.04626755,0.361136,8.909913,138.0609,8.380318,0.2587016,0.03549905,-0.9653044,0.0,0.0,0.0,1.122641,0.006387088,-2.822074,-0.1441811,0.1418393,0.8475971,-0.7208275,0.1439845,-0.6779944,0.21082,0.9773843,-0.01657333,0.660275,-0.1548813,-0.7348804,moving,-1.2627279989201332,2.179559369184749,-9.65393140064386,9.500012482956866,0.7293912,-0.076464512,-0.481239,-0.0220210414443001,0.0380220897653284,0.9990341985545672,-0.5335943677933199,3.0340712118972264,11.012890617144606,11.135588368830618,11.179845442293797
2560,05/05/2023 12:22:04.798315,2758,True,True,True,True,Eyes,0.5304523,0.08044522,-2.240652,0.6907747,-0.1168952,-0.7135586,0.0,0.0,0.0,0.0,0.0,0.0,0.0,-1.341145,-0.186951,-1.960204,0.3870837,0.08620366,-2.349204,0.09610076,0.9250798,-0.04290273,0.3648991,8.598593,137.588,8.520119,0.2561324,0.03543724,-0.9659916,0.0,0.0,0.0,1.124867,0.008240347,-2.821968,-0.1522153,0.1430391,0.8483909,-0.7152264,0.1464914,-0.6833676,0.2091121,0.977848,-0.009242725,0.6668756,-0.149511,-0.7300158,moving,-1.3510274679007,2.106038687454411,-10.17158585319893,9.57009219887135,0.7377833,-0.077963313,-0.4727640000000002,-0.0235617758642215,0.0367388314460035,0.999047121290681,-0.6204587804305091,2.9578442415129627,11.4212846332387,11.554840762630636,11.616619620602204
2561,05/05/2023 12:22:04.818107,2759,True,True,True,True,Eyes,0.524941,0.08066382,-2.245419,0.6981112,-0.1133548,-0.7069593,0.0,0.0,0.0,0.0,0.0,0.0,0.0,-1.365899,-0.158042,-1.954249,0.3811693,0.08755275,-2.357284,0.09351089,0.9239655,-0.03646328,0.3690718,7.839936,137.0335,8.468346,0.2535503,0.03538621,-0.9666745,0.0,0.0,0.0,1.126934,0.00996168,-2.82187,-0.1601206,0.1425305,0.8490337,-0.7100836,0.1458865,-0.6888387,0.1997168,0.9798523,0.001642835,0.6751999,-0.1364061,-0.724913,moving,-1.44874444786644,1.5586853354155266,-10.680061684399377,9.529602475169792,0.7457647000000001,-0.07759107,-0.4645860000000001,-0.0252733175925202,0.0271921473487682,0.9993106907490787,-0.7154896228109704,2.3942456838123407,12.053787403824671,12.196423162974396,12.255856269986165
2562,05/05/2023 12:22:04.838335,2760,True,True,True,True,Eyes,0.5194305,0.08089285,-2.25027,0.7053293,-0.1099984,-0.7002934,0.0,0.0,0.0,0.0,0.0,0.0,0.0,-1.389631,-0.1590244,-1.945028,0.3752162,0.08744023,-2.364542,0.09023947,0.9228106,-0.0365695,0.3727468,7.745112,136.5578,8.080709,0.2509538,0.03534464,-0.9673533,0.0,0.0,0.0,1.128992,0.01167555,-2.821772,-0.1679347,0.1415698,0.8498315,-0.7058336,0.1392855,-0.6945495,0.1938102,0.981039,-0.0002204998,0.6813495,-0.1347664,-0.7194452,moving,-1.5350806482081587,1.659063895027398,-11.178169432650224,9.457810099859564,0.7537758,-0.07576468,-0.45723,-0.0267777833559613,0.028941698100957,0.9992223195836768,-0.8008285851927159,2.496876401544757,12.252086408835712,12.40199998677699,12.495751318614053
2563,05/05/2023 12:22:04.848901,2761,True,True,True,True,Eyes,0.5139045,0.08116537,-2.255216,0.7127258,-0.1069894,-0.6932353,0.0,0.0,0.0,0.0,0.0,0.0,0.0,-1.416684,-0.1701852,-1.932059,0.3697582,0.08783378,-2.371576,0.08769005,0.9211785,-0.03895901,0.3771246,7.927304,136.0044,7.668815,0.2483441,0.03531189,-0.9680277,0.0,0.0,0.0,1.131078,0.01341235,-2.821673,-0.1749832,0.1424623,0.850123,-0.700175,0.1321715,-0.7016308,0.1909412,0.9815853,-0.005636249,0.6879655,-0.1379166,-0.7125185,moving,-1.5354241488329592,2.0051462580269512,-11.630910415683177,9.513144439911985,0.7613198000000001,-0.07442143,-0.4500969999999999,-0.0267786040276268,0.0349767130850416,0.9990292862434952,-0.801982659118673,2.8527970837581225,12.422512784235012,12.581290858387714,12.713217659645366
2564,05/05/2023 12:22:04.868040,2762,True,True,True,True,Eyes,0.5083985,0.08150365,-2.260228,0.7200649,-0.1039644,-0.6860743,0.0,0.0,0.0,0.0,0.0,0.0,0.0,-1.444633,-0.1725245,-1.918343,0.3645818,0.08892218,-2.378222,0.08497911,0.9194174,-0.03925163,0.381981,7.87996,135.3833,7.323967,0.2457218,0.03528875,-0.9686975,0.0,0.0,0.0,1.133311,0.01527187,-2.821567,-0.1820548,0.1413186,0.8508364,-0.693738,0.1262758,-0.7090711,0.1862493,0.9824758,-0.007256456,0.6957288,-0.1370981,-0.7050995,moving,-1.501727710931463,2.118147583592478,-12.07754701368268,9.430380173314775,0.7687291999999999,-0.07365031,-0.4433449999999999,-0.0261891981879077,0.0369475520540592,0.9989739766857528,-0.7690340180217048,2.969246539616777,12.693610032045427,12.857554175294853,13.024158859808823
2565,05/05/2023 12:22:04.888162,2763,True,True,True,True,Eyes,0.5029405,0.08185939,-2.265285,0.7275127,-0.1009886,-0.6786211,0.0,0.0,0.0,0.0,0.0,0.0,0.0,-1.473695,-0.1693579,-1.904005,0.3596014,0.09076185,-2.384982,0.08301359,0.9174767,-0.03837616,0.387134,7.740881,134.7264,7.108011,0.2430889,0.03527696,-0.969362,0.0,0.0,0.0,1.135447,0.01704997,-2.821466,-0.1883527,0.1393345,0.8516582,-0.6864724,0.1226126,-0.7167443,0.1820395,0.9832721,-0.006143704,0.7040013,-0.1346932,-0.6973094,moving,-1.456593111220753,2.138662747619943,-12.47079610536344,9.291490319665847,0.7758456,-0.07371188,-0.4364840000000001,-0.0254019127772753,0.0373059979886245,0.9989809951634658,-0.7245927415206077,2.9906597907838486,12.966708983335865,13.132996987420723,13.329432051608354
2566,05/05/2023 12:22:04.898864,2764,True,True,True,True,Eyes,0.4975082,0.08220559,-2.270392,0.7348688,-0.09800781,-0.6710904,0.0,0.0,0.0,0.0,0.0,0.0,0.0,-1.50295,-0.1522841,-1.890314,0.3548392,0.09148556,-2.391873,0.08006302,0.9155499,-0.03446493,0.3926454,7.23744,134.0128,6.92087,0.2404489,0.035276,-0.9700204,0.0,0.0,0.0,1.1376,0.018843,-2.821364,-0.1945745,0.1403591,0.8521879,-0.6788389,0.1195384,-0.7244917,0.1736684,0.9848042,-0.0002359745,0.7134541,-0.1259815,-0.6892834,moving,-1.397341674001975,1.792081659520143,-12.861499343139595,9.352896773001858,0.7827607999999999,-0.07264256,-0.429491,-0.0243738753403261,0.0312633353091791,0.9992139546027348,-0.6653713625478053,2.634636997519624,13.556942389272104,13.73291069814045,13.924099688304326
2567,05/05/2023 12:22:04.918062,2765,True,True,True,True,Eyes,0.4921193,0.08257077,-2.275542,0.7422429,-0.09540278,-0.6633052,0.0,0.0,0.0,0.0,0.0,0.0,0.0,-1.530009,-0.1499124,-1.876048,0.3500725,0.0915202,-2.398339,0.07793197,0.9136665,-0.03399451,0.3974726,7.127107,133.3953,6.677595,0.2378033,0.03528422,-0.970672,0.0,0.0,0.0,1.139685,0.02057856,-2.821265,-0.1996676,0.1414796,0.8527598,-0.6718844,0.1153839,-0.7316134,0.1694314,0.985542,-0.0001676466,0.7210163,-0.1240709,-0.68172,moving,-1.400375538188441,1.8255544248717293,-13.178000825167931,9.42001866859036,0.7896125,-0.07094164,-0.4229259999999999,-0.0244263341512434,0.0318470397803797,0.9991942361905102,-0.6684407448448679,2.6690403909843967,13.830398599902018,14.013862584941366,14.214949915772475
2568,05/05/2023 12:22:04.937833,2766,True,True,True,True,Eyes,0.4867665,0.08297908,-2.280718,0.7494951,-0.09280717,-0.6554723,0.0,0.0,0.0,0.0,0.0,0.0,0.0,-1.555467,-0.1505011,-1.862662,0.3455999,0.09235826,-2.404926,0.07704021,0.9118343,-0.0342641,0.4018073,7.145935,132.8465,6.537008,0.2351551,0.03530138,-0.9713163,0.0,0.0,0.0,1.141817,0.02235438,-2.821163,-0.205202,0.1416276,0.8532342,-0.6652315,0.1129607,-0.7380428,0.1680309,0.9857816,-0.0005757243,0.7274839,-0.124397,-0.674754,moving,-1.4508889166665024,1.9965480196869612,-13.522765470200572,9.424547094359008,0.7962171,-0.0700038799999999,-0.4162369999999997,-0.0253047212949421,0.03482812903724,0.999072912405626,-0.7186351928268995,2.844543865231903,13.985273960117684,14.174109276321191,14.39590895550817
2569,05/05/2023 12:22:04.948455,2767,True,True,True,True,Eyes,0.4814404,0.08341198,-2.285953,0.756817,-0.09043351,-0.6473405,0.0,0.0,0.0,0.0,0.0,0.0,0.0,-1.580095,-0.1441299,-1.849306,0.3411647,0.09377402,-2.410854,0.07652152,0.9100094,-0.03301029,0.4061255,7.021051,132.2984,6.50602,0.2325065,0.03532832,-0.9719528,0.0,0.0,0.0,1.143927,0.02411138,-2.821063,-0.2099615,0.1376537,0.8544524,-0.6584132,0.112458,-0.7442079,0.1660832,0.9861096,0.002075339,0.7341039,-0.122234,-0.667945,moving,-1.5316351728203532,2.016445839042409,-13.805556214337352,9.151811238031268,0.8027622999999999,-0.06966264,-0.410209,-0.0267123523060565,0.0351737970886384,0.9990241080138228,-0.7982744538318614,2.8644443863375924,14.01349583037857,14.197273580180148,14.447157530980109
2570,05/05/2023 12:22:04.972582,2768,True,True,True,True,Eyes,0.4761576,0.08385823,-2.291196,0.7640418,-0.08818118,-0.6391119,0.0,0.0,0.0,0.0,0.0,0.0,0.0,-1.605959,-0.1360429,-1.834955,0.3370357,0.09465446,-2.417047,0.07508836,0.908058,-0.03124751,0.4108722,6.802803,131.6898,6.400439,0.2298589,0.03536497,-0.972581,0.0,0.0,0.0,1.146143,0.02595673,-2.820958,-0.2152599,0.1313092,0.856108,-0.6510915,0.1106917,-0.7508841,0.1620466,0.9867706,0.004954332,0.7414989,-0.1184525,-0.6604152,moving,-1.5665746514012877,1.927908158247352,-14.113876328370166,8.720027151724283,0.8091073,-0.06869773,-0.4039109999999999,-0.0273230130722558,0.0336294327405535,0.9990607226716725,-0.8325060165580984,2.7731455209210067,14.094401877807543,14.267713895169615,14.551982630908697
2571,05/05/2023 12:22:04.987988,2769,True,True,True,True,Eyes,0.4709246,0.08435602,-2.296465,0.7713292,-0.08625668,-0.630564,0.0,0.0,0.0,0.0,0.0,0.0,0.0,-1.633687,-0.137862,-1.816956,0.332852,0.09539986,-2.422679,0.07454307,0.9057323,-0.03194323,0.4160193,6.885567,131.0373,6.271623,0.2272145,0.0354108,-0.9732004,0.0,0.0,0.0,1.148208,0.02767613,-2.82086,-0.2201745,0.128319,0.8574179,-0.6427428,0.1084541,-0.7583665,0.1616101,0.986846,0.004158696,0.7488419,-0.1198867,-0.6518154,moving,-1.5437801490462486,2.116048632246768,-14.401692681910408,8.511571395531949,0.815356,-0.06772373,-0.3981810000000001,-0.0269224274018994,0.0369102350548682,0.9989558174234964,-0.8104805722134532,2.9667946523144684,14.192234790826388,14.36066245402642,14.678746395482776
2572,05/05/2023 12:22:04.998356,2770,True,True,True,True,Eyes,0.4657411,0.08487923,-2.301738,0.7786418,-0.08428892,-0.6217815,0.0,0.0,0.0,0.0,0.0,0.0,0.0,-1.665436,-0.1333981,-1.795466,0.3291224,0.09707719,-2.428461,0.07392878,0.9028918,-0.03115252,0.422316,6.816926,130.235,6.19716,0.2245759,0.03546698,-0.9738106,0.0,0.0,0.0,1.150341,0.02945219,-2.820759,-0.2241498,0.1273787,0.8588015,-0.6323677,0.1071869,-0.7672173,0.1598118,0.9871281,0.006187911,0.758005,-0.1186973,-0.6413577,moving,-1.3980481404252991,2.1431173024994328,-14.628033878944526,8.436686053046799,0.8212186000000001,-0.0676249999999999,-0.3922979999999998,-0.0243810653314803,0.0373846136880566,0.9990034348274052,-0.6668948869451965,2.9956492731170923,14.482532511606156,14.650649482507198,14.983934169452024
2573,05/05/2023 12:22:05.018145,2771,True,True,True,True,Eyes,0.4605849,0.08543335,-2.307044,0.7860796,-0.08264639,-0.6125754,0.0,0.0,0.0,0.0,0.0,0.0,0.0,-1.700995,-0.1293365,-1.769181,0.3252183,0.0981409,-2.434074,0.07217734,0.8995568,-0.03030084,0.4297326,6.692951,129.2821,5.999802,0.2219451,0.03553346,-0.9744112,0.0,0.0,0.0,1.152529,0.0312741,-2.820655,-0.2273329,0.1238941,0.8608714,-0.6202407,0.1038127,-0.7775116,0.1558977,0.9877446,0.007519267,0.7687635,-0.1165485,-0.6288236,moving,-1.138366507606907,2.081184219923871,-14.792588041327573,8.189608949910445,0.8273107,-0.0668668,-0.386581,-0.0198538387604641,0.0363083752773758,0.999143488680451,-0.4107782244646927,2.933766040450258,14.79750821681147,14.958295971594914,15.312097775854763
2574,05/05/2023 12:22:05.037842,2772,True,True,True,True,Eyes,0.4554803,0.08599956,-2.312346,0.7936137,-0.08094702,-0.6030132,0.0,0.0,0.0,0.0,0.0,0.0,0.0,-1.7406,-0.1347224,-1.736752,0.3215349,0.09925999,-2.439448,0.07056692,0.8955262,-0.0315829,0.4382414,6.800773,128.188,5.705003,0.2193225,0.03561037,-0.975002,0.0,0.0,0.0,1.154656,0.03304505,-2.820554,-0.2307675,0.1197901,0.8629875,-0.6059294,0.09870718,-0.7893708,0.1540709,0.9880456,0.005284064,0.780456,-0.1184173,-0.6138939,moving,-0.7375796243453197,2.241428626261082,-14.970925070186592,7.902650365252172,0.8331210999999998,-0.06621494,-0.3811059999999999,-0.0128629902724695,0.0391070971641527,0.9991522520023932,-0.0160962570438651,3.101361824313238,15.167311270081717,15.317883475163134,15.706663442111294
2575,05/05/2023 12:22:05.049254,2773,True,True,True,True,Eyes,0.4504229,0.08654818,-2.317646,0.8011543,-0.07953799,-0.5931488,0.0,0.0,0.0,0.0,0.0,0.0,0.0,-1.782532,-0.1352556,-1.700897,0.3177744,0.1000213,-2.44495,0.067826,0.8911054,-0.03153666,0.4475893,6.71446,126.9748,5.352858,0.2167107,0.03569709,-0.9755827,0.0,0.0,0.0,1.156976,0.034977,-2.820444,-0.2361217,0.1152575,0.8650944,-0.5901269,0.0926493,-0.8019765,0.1491112,0.9888101,0.004511401,0.7934205,-0.1169214,-0.5973386,moving,-0.2557491965351202,2.185649892741125,-15.26663736751605,7.5888894661812065,0.8392016,-0.0650443,-0.3754940000000002,-0.0044604034801762,0.0381371565561712,0.9992625607385548,0.4589801461605399,3.047357094073438,15.812010495845993,15.95373816914657,16.368279154308027
2576,05/05/2023 12:22:05.068192,2774,True,True,True,True,Eyes,0.4454068,0.08707922,-2.322941,0.808743,-0.07825113,-0.5829335,0.0,0.0,0.0,0.0,0.0,0.0,0.0,-1.82444,-0.1429646,-1.662468,0.3140603,0.1000928,-2.45034,0.06596559,0.8863908,-0.03346479,0.4569902,6.87,125.7518,4.989945,0.2141111,0.0357918,-0.976153,0.0,0.0,0.0,1.158864,0.03654845,-2.820354,-0.2406882,0.1045812,0.867742,-0.5736172,0.08635642,-0.8145589,0.1475288,0.9890573,0.0009654899,0.8057289,-0.119617,-0.5800803,moving,0.2389794257743949,2.370173083898611,-15.502577905714844,6.87220326649796,0.8448036999999999,-0.06354435,-0.3700139999999998,0.0041673973923818,0.041355166564592,0.9991357904784092,0.9462041969071404,3.2405771240460672,16.25567781147812,16.372687714165874,16.84491439865686
2577,05/05/2023 12:22:05.088259,2775,True,True,True,True,Eyes,0.4404189,0.08759272,-2.328245,0.8161422,-0.07728563,-0.5726595,0.0,0.0,0.0,0.0,0.0,0.0,0.0,-1.865252,-0.1507946,-1.623368,0.3101467,0.1001561,-2.455811,0.06455105,0.8816118,-0.03555303,0.4661865,7.057975,124.5489,4.662443,0.2115251,0.03589285,-0.9767129,0.0,0.0,0.0,1.161053,0.03837176,-2.82025,-0.2449933,0.1042657,0.8698992,-0.5570066,0.08066922,-0.826581,0.1469666,0.9891382,-0.002502287,0.817401,-0.1228736,-0.5628123,moving,0.7179853619931754,2.5755077027501123,-15.729031215467211,6.834838592316678,0.8509062999999999,-0.06178434,-0.3644389999999999,0.012518225139269,0.0449324332141121,0.998911624044094,1.4178812035720525,3.455090704085749,16.873185771237296,16.989592517952648,17.476821830476055
2578,05/05/2023 12:22:05.098866,2776,True,True,True,True,Eyes,0.4354643,0.08808018,-2.333532,0.8235354,-0.07642449,-0.5620931,0.0,0.0,0.0,0.0,0.0,0.0,0.0,-1.903544,-0.1586757,-1.584914,0.3062634,0.1001799,-2.461052,0.06318446,0.8769484,-0.03762293,0.4749253,7.238653,123.3978,4.340643,0.2089531,0.03599879,-0.9772626,0.0,0.0,0.0,1.163175,0.04013852,-2.820149,-0.2471018,0.1072073,0.8720382,-0.5409075,0.07508284,-0.8377241,0.1465551,0.9891845,-0.005970946,0.8282154,-0.1260025,-0.5460611,moving,1.129225605731091,2.777701115751547,-15.820672488811896,7.008703901942937,0.8569116000000001,-0.06004138,-0.3590969999999998,0.0196842822422701,0.0484516500993687,0.9986315023209438,1.822768305337736,3.66590119458276,17.347557449351598,17.46998654813882,17.957319760949794
2579,05/05/2023 12:22:05.118182,2777,True,True,True,True,Eyes,0.4305344,0.0885299,-2.338814,0.830654,-0.07568543,-0.5516209,0.0,0.0,0.0,0.0,0.0,0.0,0.0,-1.939773,-0.1640505,-1.547187,0.3022138,0.1000131,-2.466187,0.06230152,0.8723826,-0.03934034,0.4832388,7.403296,122.2978,4.087171,0.2063959,0.03610797,-0.9778019,0.0,0.0,0.0,1.16543,0.04201585,-2.820042,-0.2482201,0.1062791,0.8751309,-0.5251979,0.07067996,-0.8480401,0.146723,0.9891418,-0.008426621,0.8382362,-0.1288527,-0.5298655,moving,1.502728668498693,2.962279258355078,-15.835334709824805,6.924300896691432,0.8632162,-0.0579972499999999,-0.3538549999999998,0.0261895379178713,0.0516607692947078,0.9983212120187682,2.190499005598042,3.858332370841951,17.665782434783548,17.784995281793243,18.28471613500124
2580,05/05/2023 12:22:05.137805,2778,True,True,True,True,Eyes,0.4256201,0.08894057,-2.344074,0.837767,-0.07503071,-0.5408481,0.0,0.0,0.0,0.0,0.0,0.0,0.0,-1.975631,-0.1630108,-1.508675,0.2981692,0.09952419,-2.47123,0.06147649,0.867695,-0.03975257,0.4916763,7.437192,121.1783,3.908793,0.2038539,0.03621839,-0.9783308,0.0,0.0,0.0,1.16747,0.04371444,-2.819946,-0.2485904,0.1034759,0.8783816,-0.5089499,0.06759492,-0.8581378,0.1457765,0.9892808,-0.008533143,0.8483624,-0.1294393,-0.5133481,moving,1.8747207445594247,3.011907550512876,-15.802020793751662,6.718643805655257,0.8693008,-0.05580975,-0.348716,0.0326690666232846,0.0525154450711497,0.9980855079203668,2.5570582969675426,3.911965914343307,17.949091263935188,18.06120386567406,18.572378034189978
2581,05/05/2023 12:22:05.148348,2779,True,True,True,True,Eyes,0.420731,0.08930451,-2.34932,0.8445557,-0.07441144,-0.5302722,0.0,0.0,0.0,0.0,0.0,0.0,0.0,-2.010856,-0.1625658,-1.468966,0.2937433,0.0989871,-2.476236,0.06131577,0.8628983,-0.04059311,0.4999991,7.548831,120.0694,3.772544,0.2013273,0.03632827,-0.9788498,0.0,0.0,0.0,1.169716,0.04558441,-2.819839,-0.2485991,0.09641558,0.8821493,-0.4924825,0.0652255,-0.8678747,0.1464116,0.9891852,-0.008739797,0.8579187,-0.1313711,-0.4967063,moving,2.2629954395448664,3.1369676975720835,-15.738403594897791,6.237453652709427,0.8759726999999999,-0.0534026899999999,-0.3436029999999999,0.0394273774446723,0.05468051500045,0.9977251736251442,2.9394897833894413,4.043289734608459,18.170005734740283,18.26645505715975,18.806330220172203
2582,05/05/2023 12:22:05.168211,2780,True,True,True,True,Eyes,0.4158402,0.08962786,-2.354551,0.8513156,-0.07380417,-0.519437,0.0,0.0,0.0,0.0,0.0,0.0,0.0,-2.04552,-0.1580064,-1.429203,0.2894479,0.09825883,-2.481593,0.06110458,0.8580512,-0.04054689,0.5083015,7.567938,118.9593,3.68097,0.198816,0.03643568,-0.9793589,0.0,0.0,0.0,1.171693,0.04723087,-2.819745,-0.2488381,0.09562996,0.8851774,-0.4757918,0.06364162,-0.8772527,0.1460818,0.9892443,-0.007463504,0.8673423,-0.1317017,-0.4799712,moving,2.636635890854245,3.1693003593571976,-15.701556935158116,6.166023124160966,0.8822451000000001,-0.05102796,-0.338152,0.0459315301662739,0.0552281755783273,0.9974167867248992,3.307714648481248,4.079147348314455,18.486989214731896,18.58143329921307,19.12347919821009
2583,05/05/2023 12:22:05.188205,2781,True,True,True,True,Eyes,0.4110256,0.08990007,-2.359656,0.8569511,-0.07284687,-0.5102237,0.0,0.0,0.0,0.0,0.0,0.0,0.0,-2.077575,-0.1533534,-1.39085,0.2846349,0.09758913,-2.486716,0.06079575,0.8534731,-0.04038525,0.5160007,7.566494,117.9242,3.591524,0.1963199,0.03653912,-0.9798586,0.0,0.0,0.0,1.173831,0.04901142,-2.819643,-0.2497828,0.0966767,0.8877494,-0.4600947,0.06209745,-0.8856959,0.1454527,0.9893458,-0.006194144,0.875875,-0.1316768,-0.4642249,moving,3.0486378755250167,3.199583074933102,-15.714814838082646,6.215069611647251,0.8891961,-0.0485777099999999,-0.3329270000000002,0.0531009967311238,0.0557354961134356,0.997032555597282,3.713757682955136,4.113164240950589,18.90774406407637,19.004218394580057,19.54194044593801
2584,05/05/2023 12:22:05.197950,2782,True,True,True,True,Eyes,0.4062023,0.09015056,-2.364759,0.862638,-0.071779,-0.5007031,0.0,0.0,0.0,0.0,0.0,0.0,0.0,-2.109292,-0.147679,-1.352031,0.2801692,0.09693132,-2.492192,0.0607489,0.8487795,-0.04010974,0.5237119,7.568908,116.8832,3.534531,0.1938418,0.03663698,-0.9803481,0.0,0.0,0.0,1.175891,0.05072624,-2.819546,-0.250284,0.09533599,0.8910213,-0.4440707,0.06111294,-0.8939051,0.1451367,0.9894016,-0.004458802,0.8841587,-0.1317185,-0.4482339,moving,3.4523221204715604,3.2399108393790867,-15.689821158259598,6.107202121229928,0.8957218,-0.04620508,-0.3273539999999997,0.0601220369065725,0.0564147474486943,0.9965956327333144,4.111578170556438,4.1574538055909445,19.26208783137601,19.35569705793233,19.897158939747484
2585,05/05/2023 12:22:05.218210,2783,True,True,True,True,Eyes,0.4013513,0.09035726,-2.369931,0.8682054,-0.07059739,-0.4911571,0.0,0.0,0.0,0.0,0.0,0.0,0.0,-2.14036,-0.1360455,-1.312724,0.2753175,0.09661874,-2.497551,0.05991073,0.8440884,-0.03805912,0.5314856,7.350216,115.8317,3.507946,0.1913805,0.0367289,-0.9808281,0.0,0.0,0.0,1.178093,0.05255999,-2.819441,-0.2501132,0.0927593,0.8943763,-0.4278674,0.06068417,-0.9018019,0.1415957,0.9899244,-0.000567142,0.8926813,-0.1279339,-0.4321489,moving,3.856691210551096,3.063763746444064,-15.623700697358675,5.921201608824685,0.9027755,-0.0440587499999999,-0.3218899999999998,0.067165433350971,0.0533265913577175,0.9963157050660828,4.51058380149942,3.979117911982135,19.60073855953441,19.68884506575037,20.22773099896523
2586,05/05/2023 12:22:05.238130,2784,True,True,True,True,Eyes,0.3964787,0.09052929,-2.375118,0.8737632,-0.06945442,-0.4813667,0.0,0.0,0.0,0.0,0.0,0.0,0.0,-2.170113,-0.1271981,-1.274261,0.2704617,0.09563869,-2.503401,0.05916223,0.8395017,-0.03676395,0.5388739,7.208982,114.8248,3.450552,0.1889332,0.03681352,-0.9812993,0.0,0.0,0.0,1.180241,0.05434889,-2.819339,-0.248292,0.09478611,0.898031,-0.4122294,0.05971132,-0.9091212,0.1389558,0.9902965,0.002035168,0.9004211,-0.1254888,-0.4165266,moving,4.2081753643088025,2.968885966976336,-15.455317323173531,6.025193191950291,0.9097793,-0.0412898,-0.3159379999999996,0.0732825368100958,0.0516543873267053,0.9959726100999196,4.8572687361035625,3.883993398864736,19.80910124766148,19.899596943759924,20.425128860534706
2587,05/05/2023 12:22:05.248948,2785,True,True,True,True,Eyes,0.3915727,0.0906826,-2.38037,0.8790715,-0.06823802,-0.4717804,0.0,0.0,0.0,0.0,0.0,0.0,0.0,-2.198155,-0.1212546,-1.236444,0.2652256,0.09496737,-2.509187,0.05915195,0.8350512,-0.03638578,0.5457715,7.200096,113.8793,3.413565,0.1864985,0.03689008,-0.981762,0.0,0.0,0.0,1.18235,0.05610476,-2.819239,-0.2441335,0.09349267,0.9022429,-0.3972689,0.05907317,-0.9157989,0.1385065,0.9903542,0.003798915,0.9071898,-0.1253349,-0.401619,moving,4.525654521742549,3.012189752356471,-15.14081731990689,5.916017870420116,0.9171244,-0.03886261,-0.3100520000000002,0.0787971183248318,0.0523850213169793,0.9955132841882386,5.17010901241092,3.9307424543518303,19.79348869271826,19.87969648756357,20.407720278230155
2588,05/05/2023 12:22:05.268183,2786,True,True,True,True,Eyes,0.3866309,0.09080685,-2.385643,0.8843442,-0.06706421,-0.4619933,0.0,0.0,0.0,0.0,0.0,0.0,0.0,-2.224574,-0.1161263,-1.200426,0.2600021,0.09460376,-2.515291,0.05914373,0.8308313,-0.03608287,0.5521951,7.196655,112.994,3.376176,0.1840741,0.03695852,-0.982217,0.0,0.0,0.0,1.184565,0.05794925,-2.819134,-0.2377853,0.09137572,0.9074536,-0.383165,0.05842735,-0.9218299,0.1381265,0.9904001,0.005360197,0.9132937,-0.1252753,-0.387557,moving,4.774199392247159,3.0633149900049346,-14.683417125434596,5.749996704742256,0.9245629,-0.0366545099999999,-0.3038430000000001,0.0831110072187081,0.0532545820943164,0.9951163708564468,5.414981657260576,3.985054648041394,19.562311515729217,19.642227449692808,20.175744201683223
2589,05/05/2023 12:22:05.287738,2787,True,True,True,True,Eyes,0.3816489,0.09091408,-2.390983,0.8893143,-0.06590148,-0.4525231,0.0,0.0,0.0,0.0,0.0,0.0,0.0,-2.250098,-0.1114145,-1.164038,0.2543322,0.09401858,-2.521272,0.05903768,0.8266424,-0.03587366,0.5584712,7.195254,112.124,3.324676,0.1816581,0.03701838,-0.9826643,0.0,0.0,0.0,1.186621,0.05966153,-2.819036,-0.2284541,0.09215381,0.9128779,-0.369249,0.05753728,-0.9275478,0.1376749,0.9904553,0.006632303,0.9190761,-0.1252511,-0.3736461,moving,5.031029736681491,3.116786875322806,-14.050102376015364,5.764404695838711,0.9322888,-0.03435705,-0.2977639999999999,0.0875665190366604,0.0541625123729406,0.9946851824982336,5.668015845427778,4.041837994232751,19.186193106329707,19.263942556644643,19.793216571247072
2590,05/05/2023 12:22:05.298081,2788,True,True,True,True,Eyes,0.3766135,0.09102542,-2.396349,0.8942477,-0.06478795,-0.4428584,0.0,0.0,0.0,0.0,0.0,0.0,0.0,-2.274387,-0.1096192,-1.129009,0.2487715,0.09367078,-2.527617,0.05919315,0.8226174,-0.03637835,0.5643346,7.276652,111.305,3.255282,0.1792486,0.03706974,-0.9831049,0.0,0.0,0.0,1.188802,0.06147746,-2.818933,-0.2176622,0.09008029,0.9189927,-0.3560455,0.0563275,-0.9327695,0.1384457,0.9903456,0.006958559,0.9241561,-0.1266604,-0.3604063,moving,5.231995967282792,3.255954244463148,-13.324887489633529,5.598287467589417,0.9400305,-0.03219332,-0.2913160000000001,0.0910427241236822,0.0565606642494939,0.994239459845991,5.865782303324046,4.186363972342919,18.63296119776624,18.7041291848013,19.24253972475472
2591,05/05/2023 12:22:05.317961,2789,True,True,True,True,Eyes,0.3766135,0.09102542,-2.396349,0.8942477,-0.06478795,-0.4428584,0.0,0.0,0.0,0.0,0.0,0.0,0.0,-2.298797,-0.1053355,-1.091957,0.2425786,0.09387425,-2.533826,0.05923898,0.8184304,-0.03618213,0.5703976,7.284984,110.4565,3.218435,0.1768432,0.03711357,-0.9835388,0.0,0.0,0.0,1.191002,0.06330924,-2.818828,-0.2060498,0.09263737,0.9247302,-0.3422749,0.05568956,-0.9379482,0.1382423,0.9903632,0.008354432,0.9293746,-0.1268046,-0.3466751,moving,6.076514485235769,3.2144631074132106,-12.56152558082702,5.720675174323169,0.9484234,-0.03056501,-0.285002,0.1056917949338744,0.0557594667130844,0.9928343850948054,6.698330241990924,4.149582309821685,18.734329239199838,18.805787312114504,19.32382930747997
2592,05/05/2023 12:22:05.337839,2790,True,True,True,True,Eyes,0.3766135,0.09102542,-2.396349,0.8942477,-0.06478795,-0.4428584,0.0,0.0,0.0,0.0,0.0,0.0,0.0,-2.322275,-0.1002727,-1.055967,0.236578,0.09365632,-2.540342,0.05821136,0.8143883,-0.03525826,0.5763161,7.153274,109.6241,3.129817,0.1746773,0.03715283,-0.9839243,0.0,0.0,0.0,1.193137,0.06508665,-2.818727,-0.1946806,0.09598965,0.9303198,-0.3289427,0.0541735,-0.9427949,0.1354531,0.9907366,0.00966847,0.9345852,-0.1245241,-0.3332335,moving,6.893557765931121,3.0404766732530604,-11.81927586844954,5.89088685560995,0.956559,-0.02856967,-0.2783850000000001,0.1198586846159146,0.0526590482886343,0.991393418490626,7.504107772052281,3.976346300160577,18.856900966044943,18.928681434154147,19.417997344125727
2593,05/05/2023 12:22:05.348318,2791,True,True,True,True,Eyes,0.3709978,0.0911154,-2.402292,0.899128,-0.06327026,-0.4330886,0.0,0.0,0.0,0.0,0.0,0.0,0.0,-2.345553,-0.0967826,-1.018181,0.2300431,0.093367,-2.54677,0.05778788,0.8101878,-0.03506867,0.5822599,7.129913,108.7825,3.050228,0.1727274,0.03718801,-0.9842672,0.0,0.0,0.0,1.195231,0.06683015,-2.818628,-0.1838036,0.09942874,0.9357166,-0.3152681,0.05279991,-0.9475328,0.1344762,0.9908615,0.01047071,0.9394266,-0.1241195,-0.3194875,moving,7.107829960555983,3.101162134792861,-11.113165819870629,6.065458374331712,0.9651879,-0.02653685,-0.2718579999999999,0.1235586520974829,0.0536845204783453,0.9908840766645162,7.715174977731348,4.040251558056475,18.388199333573464,18.460545480187427,18.936944839105664
2594,05/05/2023 12:22:05.368466,2792,True,True,True,True,Eyes,0.3653352,0.09121188,-2.408278,0.9039196,-0.06170867,-0.4232275,0.0,0.0,0.0,0.0,0.0,0.0,0.0,-2.367831,-0.08915,-0.9828663,0.2235126,0.09333986,-2.553807,0.05794471,0.8062418,-0.03417729,0.5877488,7.078217,108.0064,3.076461,0.17071,0.03721569,-0.984618,0.0,0.0,0.0,1.197319,0.06856921,-2.818528,-0.1735305,0.1031992,0.9410547,-0.3023877,0.05325956,-0.9516959,0.1336102,0.9909486,0.01300355,0.9437744,-0.1232242,-0.3067666,moving,7.2586285252455935,3.127336030673268,-10.447975529893013,6.258239112982845,0.9738064,-0.0247706499999999,-0.2647210000000002,0.1261632010468647,0.0541192922275459,0.9905322149652562,7.863756925302792,4.068221293613412,17.908405483101443,17.98127863296341,18.442226643218195
2595,05/05/2023 12:22:05.388022,2793,True,True,True,True,Eyes,0.3595893,0.09132024,-2.414473,0.9076244,-0.05947556,-0.4155484,0.0,0.0,0.0,0.0,0.0,0.0,0.0,-2.388187,-0.07852174,-0.9512556,0.2168294,0.09358305,-2.560999,0.0578574,0.8027795,-0.0323263,0.5925813,6.919356,107.3239,3.151825,0.1686302,0.03723684,-0.9849756,0.0,0.0,0.0,1.199458,0.07035042,-2.818427,-0.1627404,0.1054884,0.9466289,-0.291,0.05458153,-0.955165,0.1312054,0.9912151,0.01666864,0.9476838,-0.1204722,-0.2956049,moving,7.454347514797238,3.075837819112369,-9.75469171790544,6.358570586313864,0.9826286,-0.02323263,-0.257428,0.1295524121559553,0.0532055157173741,0.9901440360154956,8.056800396102789,4.016623599228111,17.4486667845511,17.51934261704926,17.964797995460383
2596,05/05/2023 12:22:05.398430,2794,True,True,True,True,Eyes,0.3538006,0.09140958,-2.420718,0.9112562,-0.0570951,-0.407863,0.0,0.0,0.0,0.0,0.0,0.0,0.0,-2.406915,-0.06765084,-0.9234107,0.2100265,0.09363499,-2.568584,0.05732863,0.7998152,-0.03011519,0.5967429,6.695579,106.735,3.218593,0.1664911,0.03725227,-0.9853389,0.0,0.0,0.0,1.201697,0.07221454,-2.818321,-0.1520113,0.1094417,0.9523831,-0.2812226,0.05576256,-0.9580212,0.1276467,0.991613,0.02024773,0.9511153,-0.1165941,-0.2859819,moving,7.554302874380591,2.974613785538377,-9.068572096725484,6.555306419271376,0.9916705,-0.02142045,-0.2497370000000001,0.131291706868478,0.0514442822303162,0.9900080367273892,8.155565889309178,3.913218340163631,16.934621001961965,17.004156316686064,17.425600671991923
2597,05/05/2023 12:22:05.418246,2795,True,True,True,True,Eyes,0.3479541,0.09147941,-2.427057,0.9147507,-0.05472501,-0.4002953,0.0,0.0,0.0,0.0,0.0,0.0,0.0,-2.42288,-0.05771954,-0.9015143,0.2032551,0.09321336,-2.576122,0.05578097,0.7976421,-0.02746159,0.5999179,6.357805,106.2849,3.232272,0.1642975,0.0372617,-0.9857066,0.0,0.0,0.0,1.203738,0.07391434,-2.818224,-0.1412508,0.111991,0.9577823,-0.2739739,0.05603708,-0.9601032,0.1219359,0.9922687,0.02311895,0.9539759,-0.110737,-0.2786887,moving,7.51529594634014,2.774165520479178,-8.389333738084561,6.669163266019785,1.0004829,-0.01929902,-0.242102,0.1306402067901021,0.0479846159102777,0.9902679486269674,8.11758869936183,3.706798393040324,16.308819931011637,16.374622219655933,16.770631890198224
2598,05/05/2023 12:22:05.438226,2796,True,True,True,True,Eyes,0.3420519,0.09159743,-2.433444,0.9181362,-0.05242429,-0.3927819,0.0,0.0,0.0,0.0,0.0,0.0,0.0,-2.437448,-0.05036839,-0.8820493,0.196364,0.09249867,-2.583522,0.05503343,0.795782,-0.02591435,0.6025205,6.174788,105.9135,3.249855,0.1620531,0.0372648,-0.986078,0.0,0.0,0.0,1.205809,0.07563841,-2.818125,-0.1316624,0.1143232,0.9635723,-0.2678809,0.05636136,-0.9618021,0.1188171,0.9925995,0.02507319,0.9560975,-0.1075619,-0.2725951,moving,7.412760460847346,2.7284576326693366,-7.780703895016851,6.76623713619245,1.009445,-0.01686026,-0.2346030000000003,0.1288726226630751,0.0472056226457605,0.9905369681231596,8.01662616991939,3.659075787324686,15.658050962708362,15.720846747296635,16.100002758646852
2599,05/05/2023 12:22:05.448664,2797,True,True,True,True,Eyes,0.3361175,0.09166901,-2.439837,0.9214247,-0.04985519,-0.3853453,0.0,0.0,0.0,0.0,0.0,0.0,0.0,-2.451715,-0.04026277,-0.8636837,0.1891521,0.0937895,-2.591119,0.05615858,0.7940313,-0.02447618,0.6047821,6.130716,105.5938,3.435251,0.1597613,0.0372641,-0.9864519,0.0,0.0,0.0,1.207978,0.07744434,-2.818022,-0.1219419,0.1168315,0.9689452,-0.2621699,0.05957783,-0.963181,0.1187889,0.9924942,0.02905769,0.9576828,-0.1067971,-0.2672793,moving,7.282885346127995,2.818513620541997,-7.172972014231864,6.875302949961887,1.0188259,-0.0163451599999999,-0.226903,0.1266174266479602,0.0487767468171681,0.9907516713138051,7.888394796648788,3.7507867960222088,14.95387284286623,15.014304901871595,15.382047048690472
2600,05/05/2023 12:22:05.468077,2798,True,True,True,True,Eyes,0.3301181,0.09165458,-2.446275,0.924633,-0.04753505,-0.3778813,0.0,0.0,0.0,0.0,0.0,0.0,0.0,-2.467721,-0.01847181,-0.839427,0.1822517,0.09295753,-2.598609,0.05426404,0.7915709,-0.01892303,0.608369,5.507898,105.0855,3.622072,0.157427,0.03725807,-0.9868273,0.0,0.0,0.0,1.210159,0.07926014,-2.817919,-0.1121329,0.1153674,0.9751827,-0.2538851,0.0628833,-0.965188,0.108932,0.9933947,0.03606727,0.9610807,-0.09598296,-0.2590581,moving,7.301341856782536,2.3037599877672688,-6.559436160661295,6.746924488190825,1.0279073,-0.0136973899999999,-0.2193099999999996,0.1269867807449494,0.0398719432101771,0.9911027334327512,7.907800485984755,3.221525054690609,14.50374527467617,14.55551022900531,14.890580155110884
2601,05/05/2023 12:22:05.487994,2799,True,True,True,True,Eyes,0.3240767,0.09169798,-2.452719,0.9276618,-0.04585643,-0.3705951,0.0,0.0,0.0,0.0,0.0,0.0,0.0,-2.483656,-0.01912454,-0.8137572,0.1747281,0.09090579,-2.606207,0.05501844,0.7890235,-0.02058399,0.6115483,5.726234,104.6213,3.552013,0.1550527,0.03724373,-0.9872037,0.0,0.0,0.0,1.212213,0.08097042,-2.817822,-0.1032467,0.1156959,0.9807775,-0.2459636,0.06164548,-0.967317,0.1119979,0.9930986,0.03481037,0.962787,-0.09977537,-0.2511702,moving,7.331915192128926,2.626762669113588,-6.009408278212766,6.727716689538877,1.0374849,-0.0099353699999999,-0.2116150000000001,0.1274851857731419,0.0454556502156148,0.9907982977213164,7.937175823189017,3.5539253925366605,13.908046602690527,13.9573900073736,14.30315207548322
2602,05/05/2023 12:22:05.498333,2800,True,True,True,True,Eyes,0.3179971,0.09179284,-2.459206,0.9306677,-0.04372933,-0.363243,0.0,0.0,0.0,0.0,0.0,0.0,0.0,-2.498672,-0.01677527,-0.7913077,0.1674521,0.09259157,-2.614039,0.05973969,0.7866933,-0.02338152,0.6140018,6.323889,104.2652,3.765937,0.1526415,0.03722422,-0.9875801,0.0,0.0,0.0,1.214344,0.08274528,-2.81772,-0.09522235,0.1181827,0.9864753,-0.2388662,0.06528103,-0.9688557,0.1227062,0.991769,0.03657237,0.9632686,-0.1101487,-0.2449104,moving,7.295165942468536,3.3257495680935527,-5.513556922500378,6.831646093304791,1.0468919,-0.0098462899999999,-0.203681,0.1267705122864932,0.057544651403368,0.990261556097188,7.899304688733968,4.272531435266052,13.22857918752891,13.279860386203827,13.65481323325635
2603,05/05/2023 12:22:05.518234,2801,True,True,True,True,Eyes,0.31187,0.09184412,-2.465708,0.9335552,-0.04171139,-0.3559984,0.0,0.0,0.0,0.0,0.0,0.0,0.0,-2.513786,0.009864718,-0.7671504,0.160524,0.09384561,-2.621671,0.0579276,0.7842799,-0.01622419,0.6174839,5.565714,103.7699,4.080733,0.1501965,0.03720209,-0.9879557,0.0,0.0,0.0,1.216485,0.08452821,-2.817619,-0.08838496,0.1205163,0.9919813,-0.2307164,0.07082655,-0.97044,0.1108993,0.9927623,0.0460901,0.9666807,-0.09698733,-0.2369011,moving,7.311722563342317,2.641528305057617,-5.091575706974177,6.926945341426924,1.055961,-0.0093173999999999,-0.195948,0.1271345016556769,0.0457130620859446,0.9908315430732016,7.917236958666246,3.568970069973909,13.077553973405264,13.12275150866008,13.435222547223274
2604,05/05/2023 12:22:05.538238,2802,True,True,True,True,Eyes,0.3056909,0.09192785,-2.472256,0.9363664,-0.04005044,-0.3487316,0.0,0.0,0.0,0.0,0.0,0.0,0.0,-2.528343,0.01491791,-0.7437034,0.1531285,0.09291624,-2.629401,0.05790625,0.7820317,-0.01577479,0.6203423,5.53859,103.3519,4.090411,0.1477209,0.03717582,-0.9883298,0.0,0.0,0.0,1.21863,0.08631384,-2.817517,-0.08172834,0.1231636,0.9979185,-0.223645,0.07099751,-0.9720815,0.1101406,0.9927961,0.0471706,0.9684276,-0.09651616,-0.2298535,moving,7.289245400237392,2.711191738473697,-4.682006899350129,7.0358926858673225,1.0655015,-0.0066023999999999,-0.1881159999999999,0.1267386737544913,0.0469201277837712,0.9908257222213304,7.89491684932823,3.640457610739864,12.68481486859238,12.728468875114824,13.027201937848185
2605,05/05/2023 12:22:05.548605,2803,True,True,True,True,Eyes,0.299475,0.09206923,-2.478865,0.9391075,-0.03835094,-0.3414765,0.0,0.0,0.0,0.0,0.0,0.0,0.0,-2.542999,0.02388053,-0.7190733,0.1457594,0.09388899,-2.637124,0.06179826,0.7794642,-0.01678927,0.623165,5.923143,102.9419,4.348274,0.145216,0.03714707,-0.9887021,0.0,0.0,0.0,1.220682,0.08802243,-2.817419,-0.07604429,0.1269464,1.003358,-0.2156925,0.07541408,-0.9735447,0.117264,0.9917982,0.05084774,0.9693946,-0.1031943,-0.2227668,moving,7.306805330384282,3.162642990621281,-4.334149066149093,7.210836874116413,1.0749226,-0.00586656,-0.1802950000000001,0.1269918342226098,0.0547238304342754,0.9903929864608098,7.911162079225572,4.104868154397354,12.279376944519276,12.324759347773778,12.633079067864264
2606,05/05/2023 12:22:05.568498,2804,True,True,True,True,Eyes,0.2932168,0.09222364,-2.485498,0.9417816,-0.03671488,-0.3342146,0.0,0.0,0.0,0.0,0.0,0.0,0.0,-2.555885,0.04039954,-0.6994376,0.1387842,0.09538989,-2.644812,0.06225153,0.7775948,-0.01341977,0.6255326,5.667253,102.5989,4.612534,0.1426844,0.03711831,-0.9890717,0.0,0.0,0.0,1.222844,0.08982296,-2.817317,-0.06984612,0.1291335,1.009827,-0.2096675,0.08002391,-0.9744928,0.1136019,0.9918893,0.05701045,0.9711512,-0.09875102,-0.2170578,moving,7.207159492123673,2.9765120976838717,-3.956642551515473,7.287254201405168,1.0840598,-0.00556693,-0.1725050000000001,0.1252906067223805,0.0515173945225876,0.9907816032274096,7.813378785377085,3.912749822127048,11.925388718109744,11.967162301663544,12.24421014507156
2607,05/05/2023 12:22:05.588327,2805,True,True,True,True,Eyes,0.2869323,0.09241786,-2.492139,0.9443868,-0.03512355,-0.3269555,0.0,0.0,0.0,0.0,0.0,0.0,0.0,-2.568917,0.0555339,-0.6765535,0.1315721,0.09589883,-2.652099,0.06400689,0.7753102,-0.01159613,0.6282219,5.647173,102.2063,4.881401,0.1401281,0.03709001,-0.9894381,0.0,0.0,0.0,1.224989,0.091609,-2.817215,-0.06420758,0.129178,1.016272,-0.2024808,0.0846805,-0.9756183,0.1138203,0.9915373,0.06243987,0.9726493,-0.09840225,-0.2104056,moving,7.178445201268585,3.0186282223714827,-3.615115023925704,7.244000932623527,1.0934169,-0.00428983,-0.1651159999999998,0.124789304072629,0.0522489972195093,0.990806571757433,7.784975588516077,3.955863262701094,11.552149240418478,11.59114821212458,11.864818384966796
2608,05/05/2023 12:22:05.598333,2806,True,True,True,True,Eyes,0.2806183,0.0926511,-2.498798,0.9469506,-0.03348679,-0.3196301,0.0,0.0,0.0,0.0,0.0,0.0,0.0,-2.58235,0.07093561,-0.651366,0.1246383,0.09713136,-2.659487,0.065419,0.7727355,-0.009335877,0.6312791,5.567803,101.757,5.148618,0.1375496,0.03706368,-0.9898009,0.0,0.0,0.0,1.227098,0.09336499,-2.817115,-0.05817959,0.1312474,1.023031,-0.1944145,0.08931608,-0.9768449,0.1128902,0.9912664,0.06816696,0.9744019,-0.09702361,-0.2027994,moving,7.198445833711928,2.999673705040423,-3.2548947865526983,7.310695330851045,1.1024597,-0.00376637,-0.1576279999999998,0.1251373346675818,0.0519189287534327,0.990780135590265,7.8047350707229395,3.936509255808831,11.270711348426763,11.30739747163251,11.562895149959267
2609,05/05/2023 12:22:05.618401,2807,True,True,True,True,Eyes,0.2742852,0.09293658,-2.505458,0.9494603,-0.03190622,-0.3122613,0.0,0.0,0.0,0.0,0.0,0.0,0.0,-2.595718,0.08515835,-0.6242838,0.1176864,0.09831055,-2.666687,0.06596656,0.7699939,-0.006744901,0.6345962,5.400174,101.2653,5.361646,0.1349513,0.03704062,-0.9901593,0.0,0.0,0.0,1.229269,0.09517314,-2.817012,-0.05353963,0.1327734,1.029724,-0.1858723,0.09302711,-0.9781603,0.1101483,0.9912058,0.07333718,0.9763805,-0.09411131,-0.1944845,moving,7.247364816230443,2.89223093663464,-2.9763655181754567,7.347222966415318,1.1115826,-0.0031374099999999,-0.150325,0.1259952027769997,0.0500554137245801,0.9907672037681264,7.853208160692128,3.826352531957474,11.117864520130633,11.15220229085093,11.387545595178135
2610,05/05/2023 12:22:05.638035,2808,True,True,True,True,Eyes,0.267938,0.09328465,-2.512122,0.9519423,-0.03024969,-0.3047802,0.0,0.0,0.0,0.0,0.0,0.0,0.0,-2.609101,0.09695298,-0.5960121,0.1109027,0.09992528,-2.673902,0.06694911,0.7670861,-0.004963303,0.6380222,5.338785,100.7553,5.554812,0.1323354,0.03702255,-0.990513,0.0,0.0,0.0,1.231444,0.09698345,-2.816908,-0.05063142,0.1322277,1.036772,-0.1768912,0.09637807,-0.9795004,0.1090449,0.9909863,0.07781548,0.9781712,-0.0930446,-0.1858063,moving,7.318607334057471,2.8958899154054807,-2.7958546147817938,7.268143924399979,1.1205413,-0.00294183,-0.1430060000000002,0.1272266986535098,0.0501107483011796,0.9906071050829643,7.92342398633741,3.830612362765589,10.986343194904585,11.019026528404668,11.256978145383629
2611,05/05/2023 12:22:05.648631,2809,True,True,True,True,Eyes,0.2615825,0.09369152,-2.518773,0.9543902,-0.02859138,-0.2971899,0.0,0.0,0.0,0.0,0.0,0.0,0.0,-2.622407,0.1074878,-0.5650513,0.1043036,0.101765,-2.680787,0.06670668,0.7639152,-0.002502563,0.6418549,5.132283,100.18,5.687417,0.1297043,0.03701139,-0.9908614,0.0,0.0,0.0,1.233623,0.09879808,-2.816805,-0.04977003,0.1307526,1.043943,-0.1671452,0.09870391,-0.9809791,0.105129,0.9910879,0.08180851,0.9803114,-0.08945551,-0.1760322,moving,7.431479926302826,2.7562963899420945,-2.7295121673707667,7.13905136487744,1.1293194,-0.0029669199999999,-0.1360179999999999,0.1291932926533731,0.0476848893979578,0.9904722116166804,8.03501253319046,3.687836668994488,11.034956547232976,11.06590717013376,11.304241456465412
2612,05/05/2023 12:22:05.668342,2810,True,True,True,True,Eyes,0.255231,0.09415524,-2.525415,0.9568162,-0.02687966,-0.2894482,0.0,0.0,0.0,0.0,0.0,0.0,0.0,-2.635985,0.1106832,-0.531492,0.09780315,0.1035958,-2.687537,0.06581371,0.7604934,-0.001270386,0.6460005,4.988951,99.55489,5.672082,0.1270606,0.03700874,-0.991204,0.0,0.0,0.0,1.235699,0.1005267,-2.816706,-0.05146688,0.1275866,1.051165,-0.1567037,0.09846045,-0.9827255,0.1017431,0.9913339,0.08309915,0.9823911,-0.08696363,-0.1653634,moving,7.585676204725347,2.69738209775748,-2.803063290910959,6.920501866158703,1.13789585,-0.0030691,-0.1291690000000001,0.1318648685583069,0.0466498617433544,0.9901694117810456,8.187144135751769,3.6283224616249834,11.184149758023468,11.214305546330316,11.472711297365962
2613,05/05/2023 12:22:05.688280,2811,True,True,True,True,Eyes,0.2488872,0.09462466,-2.532037,0.9591942,-0.02521943,-0.2816212,0.0,0.0,0.0,0.0,0.0,0.0,0.0,-2.649266,0.1127355,-0.496341,0.09164916,0.1053877,-2.694098,0.0645775,0.7568648,-2.34319e-05,0.6503733,4.820504,98.8922,5.628002,0.1244069,0.03701592,-0.9915403,0.0,0.0,0.0,1.237807,0.1022825,-2.816606,-0.05425064,0.1276085,1.058207,-0.1456887,0.0977224,-0.9844922,0.09778336,0.9916595,0.08396348,0.9844862,-0.08403442,-0.1540292,moving,7.769230488991295,2.6110445959845183,-2.9347885852200752,6.8760593143052695,1.14615784,-0.0031052,-0.1225080000000002,0.1350457088184122,0.0451382365931694,0.9898107038113886,8.368278830080145,3.540810004942448,11.491742397122906,11.52242920952754,11.78487254705908
2614,05/05/2023 12:22:05.698678,2812,True,True,True,True,Eyes,0.2425486,0.09509675,-2.538658,0.9615299,-0.02371609,-0.273675,0.0,0.0,0.0,0.0,0.0,0.0,0.0,-2.662009,0.1198989,-0.4608667,0.08554806,0.1060376,-2.700834,0.06395095,0.7531271,0.001705342,0.6547571,4.656166,98.22452,5.67502,0.1217456,0.03703213,-0.9918699,0.0,0.0,0.0,1.239989,0.1040987,-2.816503,-0.05779856,0.1285103,1.065507,-0.1344066,0.09855954,-0.9860125,0.09409321,0.9918147,0.08631336,0.9864488,-0.081176,-0.1425803,moving,7.9554682467198035,2.5074864179344325,-3.104973589704269,6.87719874379119,1.15444094,-0.0019388999999999,-0.115669,0.1382734270471213,0.0433296721329598,0.9894459085919718,8.552099227959202,3.435605922118073,11.860667292425775,11.892340367970654,12.154501545785434
2615,05/05/2023 12:22:05.723413,2813,True,True,True,True,Eyes,0.2362257,0.09559035,-2.545268,0.9637848,-0.02245327,-0.2657343,0.0,0.0,0.0,0.0,0.0,0.0,0.0,-2.673818,0.1286719,-0.4273536,0.07943892,0.1066218,-2.707547,0.06554055,0.7495161,0.002015803,0.6587308,4.779735,97.6199,5.811458,0.1190794,0.03705649,-0.9921926,0.0,0.0,0.0,1.242164,0.1059105,-2.816399,-0.05807318,0.1204708,1.073839,-0.1235565,0.1009031,-0.9871942,0.09559165,0.9914007,0.08936891,0.9877228,-0.08332541,-0.1321396,moving,8.113469974533789,2.670176183403119,-3.095538557109572,6.401077941408508,1.16272508,-0.0007112999999999,-0.1088520000000001,0.1409837911678322,0.046121188191737,0.9889370125892498,8.707459728402634,3.604023533158692,11.784076504656928,11.81361503479529,12.129892080744732
2616,05/05/2023 12:22:05.739106,2814,True,True,True,True,Eyes,0.2299251,0.0960796,-2.551873,0.965979,-0.02119261,-0.257751,0.0,0.0,0.0,0.0,0.0,0.0,0.0,-2.684912,0.1384514,-0.3961523,0.07355,0.1077546,-2.714375,0.06707548,0.746163,0.002749187,0.6623703,4.861931,97.06289,5.976183,0.1164099,0.03708897,-0.9925081,0.0,0.0,0.0,1.244221,0.1076228,-2.816302,-0.05879751,0.1290691,1.080795,-0.1135334,0.1037404,-0.9881034,0.09645652,0.9909866,0.09296029,0.9888411,-0.08475493,-0.1225165,moving,8.220418581719972,2.7921014917342357,-3.113940747215356,6.810040684633564,1.170671,-0.0001318,-0.1019269999999998,0.1428153872717785,0.0482127514789597,0.9885744427780097,8.812592722211392,3.730161546443964,11.99218370639026,12.025453702678323,12.317786168918987
2617,05/05/2023 12:22:05.748673,2815,True,True,True,True,Eyes,0.2236467,0.0965416,-2.558439,0.9680532,-0.02022151,-0.2499282,0.0,0.0,0.0,0.0,0.0,0.0,0.0,-2.695295,0.1419621,-0.3676188,0.06787354,0.1081276,-2.720958,0.06665772,0.7432517,0.003477874,0.665674,4.794071,96.55354,5.974238,0.1137398,0.03712852,-0.9928162,0.0,0.0,0.0,1.24634,0.1093875,-2.816201,-0.06074707,0.1416504,1.086921,-0.1048701,0.1037172,-0.9890628,0.09445666,0.9910893,0.09391448,0.9899901,-0.08357474,-0.1137325,moving,8.264481576803044,2.7757833468780237,-3.1988834165045588,7.425089332957189,1.17846646,0.0012598999999999,-0.0952429999999999,0.1435775785156032,0.0479258547049525,0.9884779228948692,8.856064498729008,3.713686675363905,12.332016172830588,12.37031863461818,12.613337342899564
2618,05/05/2023 12:22:05.767965,2816,True,True,True,True,Eyes,0.2174037,0.09701186,-2.564985,0.9700623,-0.01934345,-0.2420848,0.0,0.0,0.0,0.0,0.0,0.0,0.0,-2.705389,0.1406511,-0.3395362,0.0621574,0.1080688,-2.727389,0.06722407,0.7403769,0.002105613,0.6688189,4.979743,96.07056,5.897357,0.1110714,0.03717335,-0.9931165,0.0,0.0,0.0,1.248521,0.1112034,-2.816097,-0.0611105,0.1289291,1.096122,-0.09632475,0.1023588,-0.9900729,0.09672575,0.990953,0.09303934,0.9906391,-0.08680356,-0.105354,moving,8.305851031823583,3.020271396136514,-3.191025074404379,6.708474162927497,1.1863636,0.0031345999999999,-0.088708,0.144260777783895,0.0521381276552272,0.9881652336365744,8.896266682675554,3.965415135575295,12.039367910040845,12.073980282032934,12.394635728746165
2619,05/05/2023 12:22:05.788402,2817,True,True,True,True,Eyes,0.2111921,0.09749658,-2.571532,0.9719934,-0.01850009,-0.2342786,0.0,0.0,0.0,0.0,0.0,0.0,0.0,-2.715128,0.1351991,-0.311847,0.05685898,0.1087163,-2.733568,0.06667459,0.7375911,0.0008769933,0.6719474,5.066384,95.58673,5.734917,0.1084074,0.03722319,-0.993409,0.0,0.0,0.0,1.250707,0.1130239,-2.815994,-0.06265754,0.1320491,1.103874,-0.08808266,0.09953574,-0.9911278,0.09717856,0.9911075,0.09089734,0.9913616,-0.08830988,-0.09697215,moving,8.335017884580834,3.176359893665601,-3.2487082020310343,6.821498057712933,1.19384802,0.0043075999999999,-0.0824259999999998,0.1447429088133469,0.0548260412372201,0.9879491287217346,8.924648940030231,4.126145342920962,12.106831653047784,12.14371204717267,12.468181517980495
2620,05/05/2023 12:22:05.798862,2818,True,True,True,True,Eyes,0.205034,0.09799085,-2.578051,0.9738725,-0.01755314,-0.2264161,0.0,0.0,0.0,0.0,0.0,0.0,0.0,-2.72463,0.1299445,-0.2829173,0.05151248,0.1094846,-2.739689,0.06544745,0.7346961,0.0003172341,0.6752321,5.043859,95.07536,5.564824,0.1057495,0.03727803,-0.9936934,0.0,0.0,0.0,1.252788,0.1147563,-2.815895,-0.06316209,0.1414206,1.110818,-0.07955696,0.09659639,-0.9921392,0.09573957,0.9914331,0.08885057,0.9922221,-0.08791828,-0.08812357,moving,8.377176005272995,3.228442881453561,-3.254384199102864,7.255415939734792,1.20127552,0.0052717,-0.076206,0.1454626149355781,0.0557181429457215,0.9877935642238737,8.966081888014752,4.18000327987977,12.268385316229756,12.30892784933534,12.601506037565043
2621,05/05/2023 12:22:05.818455,2819,True,True,True,True,Eyes,0.1989352,0.09850816,-2.584584,0.9756664,-0.0166036,-0.2186307,0.0,0.0,0.0,0.0,0.0,0.0,0.0,-2.733851,0.1212254,-0.2531147,0.04674043,0.1101229,-2.745613,0.06269807,0.7317155,0.0002682708,0.6787205,4.859713,94.52884,5.304615,0.1031,0.03733771,-0.9939694,0.0,0.0,0.0,1.254934,0.1165432,-2.815793,-0.06570777,0.1380308,1.118974,-0.07081509,0.09211846,-0.9932268,0.09139014,0.9921377,0.08550151,0.9932941,-0.08471633,-0.07867711,moving,8.438202030282202,3.129284314855976,-3.360631781531831,7.032184111955784,1.20819357,0.0064203,-0.0701800000000001,0.1465284870429718,0.0539999544830327,0.9877314381982272,9.026469488052156,4.078450744411628,12.38849797440744,12.427594543796792,12.734395104184298
2622,05/05/2023 12:22:05.838297,2820,True,True,True,True,Eyes,0.1929147,0.09905759,-2.591089,0.977397,-0.01546568,-0.2108459,0.0,0.0,0.0,0.0,0.0,0.0,0.0,-2.742706,0.1099752,-0.2249427,0.04217096,0.111038,-2.751549,0.06021243,0.7289062,-0.0005066177,0.6819606,4.753182,94.01974,5.013355,0.100462,0.03740251,-0.9942371,0.0,0.0,0.0,1.257007,0.1182691,-2.815695,-0.06637806,0.1400634,1.126873,-0.06260866,0.08708742,-0.9942315,0.08846939,0.9927484,0.08138645,0.9941094,-0.08286355,-0.06985929,moving,8.470707624272626,3.1270087565742912,-3.371092498857939,7.085176750207519,1.21483604,0.0072311,-0.064146,0.1470891878750794,0.053956188716135,0.9876505338039112,9.058515932273718,4.076337159626335,12.446174637522438,12.485804900846302,12.788599666621357
2623,05/05/2023 12:22:05.848055,2821,True,True,True,True,Eyes,0.1869824,0.09959848,-2.597594,0.9790144,-0.01411375,-0.203302,0.0,0.0,0.0,0.0,0.0,0.0,0.0,-2.750786,0.1040308,-0.2002535,0.03810751,0.1122707,-2.757478,0.05719771,0.7264563,0.0006676066,0.6848279,4.437479,93.56651,4.834064,0.09783823,0.03747312,-0.994496,0.0,0.0,0.0,1.259138,0.1200439,-2.815593,-0.06602478,0.140145,1.134894,-0.0554782,0.08401766,-0.9949187,0.08218888,0.9934559,0.07931115,0.9950714,-0.0773712,-0.06202056,moving,8.4505160336043,2.9158642337834504,-3.329546203060984,7.039662806898064,1.2210304900000002,0.0077731999999999,-0.0581149999999999,0.1467690313159815,0.0503185929950804,0.9878901696018574,9.03911040844492,3.859048019876553,12.443424229311848,12.48100881224469,12.771060128147884
2624,05/05/2023 12:22:05.868405,2822,True,True,True,True,Eyes,0.1811412,0.100128,-2.604078,0.9805519,-0.01277158,-0.1958438,0.0,0.0,0.0,0.0,0.0,0.0,0.0,-2.758434,0.09948651,-0.1789076,0.03436062,0.1124869,-2.763517,0.05356624,0.7243827,0.002593626,0.6873091,4.00684,93.17204,4.667263,0.09523174,0.03754854,-0.9947462,0.0,0.0,0.0,1.261283,0.1218298,-2.815492,-0.06481956,0.1383647,1.143312,-0.04947384,0.08117016,-0.9954717,0.07403966,0.9942479,0.07739067,0.9960275,-0.06987557,-0.05519908,moving,8.369382219479563,2.5921317793242564,-3.2448847964339835,6.900431952236953,1.22692238,0.0093429,-0.0519750000000001,0.1454085725180736,0.0447451275339139,0.9883593255734356,8.95989883183478,3.5255445740918265,12.353618617374636,12.3876006028955,12.662804121837333
2625,05/05/2023 12:22:05.878080,2823,True,True,True,True,Eyes,0.1754019,0.100659,-2.610561,0.9819752,-0.01151184,-0.188659,0.0,0.0,0.0,0.0,0.0,0.0,0.0,-2.765654,0.09625174,-0.1610687,0.03075583,0.1127154,-2.769548,0.05255763,0.7226238,0.002478964,0.6892362,3.948887,92.86676,4.563555,0.09264541,0.03762779,-0.9949874,0.0,0.0,0.0,1.263434,0.1236214,-2.81539,-0.06300159,0.1381502,1.151458,-0.04438274,0.07937597,-0.9958563,0.0725416,0.9944631,0.07603195,0.9963775,-0.06886652,-0.04989499,moving,8.252122214887802,2.631733300470476,-3.1317942411580324,6.841558858052672,1.23267817,0.010906,-0.0458419999999999,0.1433810129548179,0.0454418354780228,0.9886237701313196,8.844221183180403,3.565454434928576,12.104591620683015,12.137387902819263,12.416030188236713
2626,05/05/2023 12:22:05.898723,2824,True,True,True,True,Eyes,0.1697656,0.1011989,-2.617028,0.9833125,-0.01026891,-0.1816343,0.0,0.0,0.0,0.0,0.0,0.0,0.0,-2.772517,0.09751508,-0.1477094,0.02749607,0.1132766,-2.775714,0.05214306,0.7213405,0.003050813,0.6906083,3.877271,92.64845,4.566831,0.09008265,0.03771045,-0.9952195,0.0,0.0,0.0,1.265569,0.1253988,-2.815288,-0.05982426,0.1345026,1.159964,-0.04068272,0.07943963,-0.9960092,0.07101195,0.9945436,0.07642221,0.9966455,-0.0676195,-0.04610183,moving,8.06153758406269,2.6473566943097384,-2.952370380387397,6.614143820007638,1.23807293,0.0121222,-0.039574,0.1400898666357717,0.0457331747124666,0.9890820229394623,8.656323232724692,3.5801930298935813,11.67661741654449,11.706475505034794,11.998609286077413
2627,05/05/2023 12:22:05.918720,2825,True,True,True,True,Eyes,0.1642418,0.1017751,-2.623529,0.984548,-0.009141182,-0.1748759,0.0,0.0,0.0,0.0,0.0,0.0,0.0,-2.779059,0.1016283,-0.1371114,0.02436062,0.1140343,-2.781852,0.05229788,0.720356,0.003867448,0.6916194,3.828405,92.48698,4.638934,0.08754563,0.03779646,-0.9954427,0.0,0.0,0.0,1.267683,0.1271591,-2.815188,-0.05555813,0.1317787,1.168339,-0.03785531,0.08069577,-0.9960198,0.06999656,0.9945,0.07791233,0.9968289,-0.06676856,-0.04329561,moving,7.834807079881596,2.6728703378567302,-2.722540457597378,6.435278773320287,1.24332238,0.0131247999999999,-0.0333359999999998,0.1361718657734425,0.046199086863268,0.9896073833889616,8.432772636357345,3.604851036272602,11.180618788797116,11.207734127037488,11.508793655236268
2628,05/05/2023 12:22:05.938236,2826,True,True,True,True,Eyes,0.1588402,0.1023577,-2.630011,0.9857162,-0.007854966,-0.168231,0.0,0.0,0.0,0.0,0.0,0.0,0.0,-2.785713,0.104837,-0.1260147,0.02155866,0.1154208,-2.788061,0.0519914,0.7192924,0.005050487,0.6927409,3.713509,92.307,4.701436,0.08503678,0.03788674,-0.9956567,0.0,0.0,0.0,1.26991,0.1290138,-2.815082,-0.05024333,0.1284852,1.176632,-0.03481406,0.08179139,-0.9960412,0.06779668,0.9945428,0.07929868,0.9970917,-0.06476758,-0.04016932,moving,7.628208360232901,2.641276668622016,-2.445100084581416,6.2318608740608505,1.24835134,0.013593,-0.0270209999999999,0.1326058221672159,0.0456756811028384,0.9901157633718642,8.229200700422819,3.570918295304772,10.670173548567211,10.694102952595614,11.000968714444154
2629,05/05/2023 12:22:05.947962,2827,True,True,True,True,Eyes,0.153556,0.1029357,-2.636528,0.9868162,-0.006727637,-0.1617049,0.0,0.0,0.0,0.0,0.0,0.0,0.0,-2.792449,0.1009677,-0.1135263,0.01912624,0.1160899,-2.794102,0.04958199,0.7181116,0.006316038,0.6941308,3.426125,92.08317,4.595597,0.08255937,0.03798103,-0.9958616,0.0,0.0,0.0,1.271932,0.1306971,-2.814986,-0.04447229,0.1262355,1.184581,-0.03144825,0.07997911,-0.9963005,0.06244248,0.9950035,0.07790402,0.9975532,-0.05976153,-0.0362852,moving,7.449434880825862,2.446552583067419,-2.150024697632652,6.082798477999863,1.25280576,0.0146072,-0.0208840000000001,0.129534964280101,0.0423277741302433,0.9906709852075944,8.053440764271,3.3694106289795656,10.24460281951302,10.265081997084678,10.558086050580934
2630,05/05/2023 12:22:05.968442,2828,True,True,True,True,Eyes,0.1484087,0.1035221,-2.643032,0.9878594,-0.005559721,-0.1552511,0.0,0.0,0.0,0.0,0.0,0.0,0.0,-2.79938,0.09649073,-0.09764075,0.01668023,0.1164664,-2.800272,0.04857589,0.7164704,0.006006164,0.6958984,3.382489,91.80132,4.479465,0.08011525,0.03807862,-0.9960575,0.0,0.0,0.0,1.274155,0.1325483,-2.814881,-0.03904004,0.1303162,1.192072,-0.02673178,0.07796573,-0.9965976,0.061247,0.9952086,0.07621425,0.9977647,-0.05900129,-0.03137891,moving,7.354115615013364,2.4928737577538524,-1.8757510772244537,6.238747543248472,1.25747477,0.0160819,-0.014609,0.1278822387806575,0.0431380063263953,0.9908507728875212,7.959374482983509,3.416384218004437,9.94122016663484,9.96102452428147,10.232078455755632
2631,05/05/2023 12:22:05.988349,2829,True,True,True,True,Eyes,0.1433973,0.1041013,-2.649558,0.9888428,-0.004509817,-0.1488946,0.0,0.0,0.0,0.0,0.0,0.0,0.0,-2.806117,0.09466387,-0.08317041,0.01484985,0.1172274,-2.806458,0.04749615,0.7149195,0.006544348,0.6975611,3.262211,91.53427,4.425746,0.07770768,0.03817941,-0.9962444,0.0,0.0,0.0,1.276207,0.1342564,-2.814783,-0.03457907,0.132933,1.199292,-0.02230547,0.07704202,-0.9967785,0.05878168,0.9954026,0.0756203,0.9980218,-0.05690558,-0.02673156,moving,7.245686215062231,2.448295305838145,-1.651546095572473,6.325011189300282,1.26135715,0.017029,-0.0083249999999996,0.1260109823212007,0.0423773017500064,0.9911233122579692,7.852599603033763,3.3697820619713794,9.68651727983652,9.705136208755125,9.952997772296976
2632,05/05/2023 12:22:05.998968,2830,True,True,True,True,Eyes,0.1385335,0.104664,-2.656078,0.9897714,-0.00346873,-0.1426205,0.0,0.0,0.0,0.0,0.0,0.0,0.0,-2.812887,0.0947943,-0.06808281,0.01311637,0.1175929,-2.812819,0.04659899,0.7132657,0.007297033,0.6993049,3.139337,91.25326,4.404416,0.07533896,0.03828268,-0.9964224,0.0,0.0,0.0,1.278358,0.1360481,-2.814681,-0.03134944,0.1332081,1.206694,-0.01760259,0.07668062,-0.9969003,0.05626922,0.9955505,0.07558325,0.9982604,-0.05476435,-0.02183895,moving,7.157496413378745,2.394841703667648,-1.488187277481291,6.299429675911616,1.26524163,0.0184552,-0.001862,0.1244900886419968,0.0414606474123219,0.991354273664103,7.765796005994424,3.3141935353548915,9.46917552423145,9.486498496041389,9.723571433672609
2633,05/05/2023 12:22:06.018591,2831,True,True,True,True,Eyes,0.1338211,0.1051978,-2.662617,0.9906325,-0.002570927,-0.1365307,0.0,0.0,0.0,0.0,0.0,0.0,0.0,-2.819651,0.0922118,-0.05500555,0.01182168,0.1177418,-2.819212,0.04584231,0.7118202,0.007213026,0.700827,3.094692,91.00874,4.328987,0.07301129,0.03838752,-0.9965917,0.0,0.0,0.0,1.280579,0.1378975,-2.814576,-0.02798978,0.1392998,1.213613,-0.01348015,0.07537313,-0.9970644,0.0551528,0.9956929,0.07452381,0.9983871,-0.0539863,-0.01757915,moving,7.047382027854576,2.419742407046026,-1.3211888907526286,6.547816114440652,1.26875732,0.0201557,0.0046359999999996,0.1225823563236035,0.0419015107432352,0.991573406803534,7.657196503902297,3.339034396553683,9.314126915923367,9.331343512776767,9.534552134631102
2634,05/05/2023 12:22:06.038297,2832,True,True,True,True,Eyes,0.1292645,0.1056975,-2.669145,0.9914412,-0.001684641,-0.1305431,0.0,0.0,0.0,0.0,0.0,0.0,0.0,-2.826269,0.09105541,-0.04439354,0.01074628,0.1175556,-2.825619,0.04502921,0.7106498,0.007480321,0.7020636,3.01486,90.8091,4.278617,0.0707275,0.03849255,-0.9967524,0.0,0.0,0.0,1.282629,0.139604,-2.814478,-0.02470284,0.1423771,1.220299,-0.01015833,0.07450332,-0.9971691,0.05349668,0.9958329,0.07385851,0.9985164,-0.05259496,-0.01410176,moving,6.896797475926393,2.4084504711147714,-1.1596954409829745,6.654836537260786,1.27188272,0.0220484,0.0111410000000002,0.1199768012614277,0.0417194672620827,0.9918997153144022,7.508790444093662,3.3263712759900343,9.09070939474753,9.107078167171393,9.285544062426233
2635,05/05/2023 12:22:06.048750,2833,True,True,True,True,Eyes,0.1248585,0.1061592,-2.675705,0.9922074,-0.0009687915,-0.1245931,0.0,0.0,0.0,0.0,0.0,0.0,0.0,-2.832736,0.08987137,-0.03392863,0.009943826,0.1172263,-2.831922,0.04449233,0.7094606,0.007444583,0.7032999,2.981851,90.60976,4.226672,0.06848973,0.03859642,-0.9969046,0.0,0.0,0.0,1.284835,0.1414406,-2.814373,-0.02093501,0.1431242,1.227501,-0.006779455,0.07360266,-0.9972646,0.05265956,0.99593,0.07314617,0.9985895,-0.05201962,-0.01062778,moving,6.751243450137712,2.4337842996878964,-0.977083878574396,6.65054530482209,1.274891174,0.0242142999999999,0.0175490000000002,0.1174543648668919,0.0421708451509454,0.9921824407498404,7.365256721007651,3.351410439431917,8.788700320982093,8.803869414873141,8.971005380639786
2636,05/05/2023 12:22:06.068403,2834,True,True,True,True,Eyes,0.1206137,0.1065863,-2.682256,0.9929293,-0.000306531,-0.1187063,0.0,0.0,0.0,0.0,0.0,0.0,0.0,-2.839219,0.08669923,-0.0212338,0.009136761,0.1167145,-2.838208,0.04397101,0.7080078,0.006846408,0.7048012,2.997192,90.36816,4.129607,0.06630004,0.03869771,-0.9970487,0.0,0.0,0.0,1.286931,0.1431865,-2.814274,-0.01658256,0.1402742,1.234475,-0.00264373,0.07191434,-0.9974073,0.05261292,0.9960393,0.07167626,0.9986115,-0.05228702,-0.006416848,moving,6.653274522583294,2.505830639362128,-0.7696012968768161,6.482750652014968,1.277794239,0.0264719999999999,0.0239339999999996,0.1157514435607863,0.0434271676474726,0.992328352332607,7.268518025387173,3.424822200856424,8.407414618402077,8.42110314734146,8.600133060096137
2637,05/05/2023 12:22:06.088234,2835,True,True,True,True,Eyes,0.1165311,0.1069749,-2.688815,0.9936096,0.0003378831,-0.1128704,0.0,0.0,0.0,0.0,0.0,0.0,0.0,-2.845755,0.08231507,-0.008309364,0.008783223,0.1163073,-2.844567,0.04346253,0.7064792,0.005966135,0.706373,3.036471,90.11495,4.010401,0.06416006,0.03879537,-0.997185,0.0,0.0,0.0,1.289109,0.1450001,-2.814171,-0.01285104,0.1389352,1.241154,0.001703233,0.06983938,-0.9975568,0.05298211,0.9961508,0.0698314,0.998594,-0.05297161,-0.002003601,moving,6.570583803562678,2.601880627988147,-0.5932253720164642,6.387119339389167,1.280325777,0.0286927999999999,0.030396,0.1143106984780574,0.045098207568143,0.99242082528578,7.186782649151272,3.523026688206535,8.089604502558906,8.102357311696439,8.290449416285746
2638,05/05/2023 12:22:06.098647,2836,True,True,True,True,Eyes,0.1126194,0.1073205,-2.69537,0.9942481,0.001004393,-0.1070964,0.0,0.0,0.0,0.0,0.0,0.0,0.0,-2.852099,0.08062229,0.004600048,0.008592184,0.1157443,-2.850881,0.04266854,0.7049271,0.006006398,0.7079697,2.977736,89.85575,3.942421,0.06207155,0.03888825,-0.9973136,0.0,0.0,0.0,1.291263,0.1467934,-2.814068,-0.01032017,0.1328041,1.247818,0.006083351,0.06866111,-0.9976214,0.05165172,0.9962866,0.06888421,0.9986466,-0.05194792,0.002514307,moving,6.492519132939987,2.594538966948546,-0.4738581293521888,6.075067256547984,1.282670816,0.0310490999999999,0.0368130000000004,0.1129590493865349,0.0449780416373209,0.9925810601578242,7.1098508382878745,3.5149318851686933,7.776068098982177,7.787457180317809,8.00418233335871
2639,05/05/2023 12:22:06.118186,2837,True,True,True,True,Eyes,0.1088758,0.107626,-2.701879,0.9948443,0.001839738,-0.101397,0.0,0.0,0.0,0.0,0.0,0.0,0.0,-2.858519,0.08032481,0.01637506,0.008802515,0.1150443,-2.857365,0.04198963,0.7034596,0.006256887,0.7094663,2.910589,89.61199,3.901527,0.06003668,0.03897521,-0.9974347,0.0,0.0,0.0,1.293306,0.1484949,-2.813971,-0.009136204,0.125108,1.254214,0.010211,0.06795411,-0.9976363,0.05019791,0.9963954,0.06838338,0.9986871,-0.05077751,0.006763055,moving,6.404840587115623,2.5860284318683657,-0.4173583387279169,5.696417606292692,1.284503485,0.0334506,0.0433940000000001,0.1114406912021157,0.0448383413055853,0.992758990380222,7.023445290750667,3.5055679291636355,7.487508837265217,7.4977942756624625,7.756634641404618
2640,05/05/2023 12:22:06.138237,2838,True,True,True,True,Eyes,0.1053159,0.107883,-2.708389,0.9953977,0.00277563,-0.09579001,0.0,0.0,0.0,0.0,0.0,0.0,0.0,-2.864856,0.08066887,0.02639127,0.00916067,0.1144627,-2.863812,0.04111491,0.7021955,0.006910799,0.7107626,2.793727,89.39983,3.878774,0.05805724,0.03905537,-0.9975488,0.0,0.0,0.0,1.295435,0.1502676,-2.81387,-0.009010732,0.1257163,1.259724,0.01374751,0.06756528,-0.9976202,0.04791753,0.9965236,0.06815134,0.9987568,-0.04874041,0.01046211,moving,6.288782351259646,2.5333115015703087,-0.4098263660649415,5.699060087641471,1.28627433,0.0358049,0.0499419999999997,0.1094339357683377,0.0439347588499361,0.9930226392031736,6.909169769440555,3.450542680580512,7.399107596950285,7.409002824809052,7.656600744547187
2641,05/05/2023 12:22:06.148299,2839,True,True,True,True,Eyes,0.1019332,0.1080799,-2.714871,0.995917,0.003846061,-0.09019215,0.0,0.0,0.0,0.0,0.0,0.0,0.0,-2.871235,0.08242115,0.03466153,0.01002778,0.1135246,-2.870365,0.0399241,0.7010858,0.00816153,0.7119117,2.602181,89.21022,3.880216,0.05613517,0.03912761,-0.9976559,0.0,0.0,0.0,1.297559,0.1520354,-2.813769,-0.010687,0.1258287,1.264936,0.01682429,0.06760102,-0.9975706,0.04435987,0.9966789,0.06828874,0.9988741,-0.04540102,0.01376967,moving,6.147158869702731,2.412551575561971,-0.4840604008539462,5.680772865366652,1.28753122,0.0385107999999999,0.0565959999999998,0.1069886296628533,0.04185291641933,0.9933790079853206,6.769854666432847,3.3253613812099383,7.383302891818949,7.392857324021262,7.626745509265908
2642,05/05/2023 12:22:06.168177,2840,True,True,True,True,Eyes,0.09873991,0.1082393,-2.721354,0.9963917,0.004934168,-0.08473025,0.0,0.0,0.0,0.0,0.0,0.0,0.0,-2.877467,0.08475944,0.04145741,0.01094442,0.1123266,-2.876801,0.03931562,0.7001423,0.008919268,0.7128643,2.496817,89.05309,3.889583,0.0542716,0.03919055,-0.9977567,0.0,0.0,0.0,1.299685,0.1538057,-2.813668,-0.01337826,0.126342,1.270002,0.01944259,0.0677695,-0.9975116,0.04233659,0.9967495,0.06854292,0.9989142,-0.04356389,0.01651024,moving,5.987704983266956,2.379630297245749,-0.6035340768041288,5.681191130316931,1.28874058,0.0414790999999999,0.0631330000000001,0.1042260688945919,0.0412943085370921,0.993695973501467,6.612756982484523,3.2903920461009952,7.362205520170613,7.371888243962766,7.602024527285945
2643,05/05/2023 12:22:06.187834,2841,True,True,True,True,Eyes,0.09573463,0.1083558,-2.727848,0.9968336,0.006096959,-0.07928164,0.0,0.0,0.0,0.0,0.0,0.0,0.0,-2.883852,0.08717214,0.04600453,0.01231075,0.1115705,-2.883352,0.03889741,0.6994215,0.009624962,0.7135853,2.409966,88.93369,3.911076,0.05246852,0.03924371,-0.997851,0.0,0.0,0.0,1.301934,0.155679,-2.813562,-0.01588223,0.1248215,1.275069,0.02143396,0.06814784,-0.9974449,0.04067491,0.9967887,0.06897706,0.9989425,-0.04204944,0.01859324,moving,5.793655826687008,2.370763375293953,-0.7136379998620229,5.591093525227829,1.28962325,0.0441085,0.0697899999999998,0.1008606118793532,0.0411548778091962,0.9940489879492508,6.421501722175914,3.2799197929606776,7.250907551216745,7.260537116468469,7.500116190681667
2644,05/05/2023 12:22:06.198762,2842,True,True,True,True,Eyes,0.09291944,0.1084259,-2.734328,0.9972355,0.007241712,-0.07395174,0.0,0.0,0.0,0.0,0.0,0.0,0.0,-2.890053,0.09028593,0.05024362,0.01381735,0.1106372,-2.889749,0.03841729,0.6987212,0.01052722,0.7142843,2.302223,88.8172,3.943936,0.05072707,0.03928652,-0.9979393,0.0,0.0,0.0,1.303945,0.1573533,-2.813466,-0.01781293,0.119776,1.279912,0.02335567,0.06872481,-0.9973624,0.0386471,0.9968266,0.06959292,0.9989801,-0.04017055,0.02062551,moving,5.602489746948295,2.3387224206594257,-0.7973515548031572,5.3462509031486105,1.2901276499999998,0.0467160999999999,0.0762830000000001,0.0975455997008896,0.0406124648418454,0.9944020456437288,6.233142944456194,3.2456346678828334,7.062167599043902,7.07129381800724,7.3376046140398
2645,05/05/2023 12:22:06.218153,2843,True,True,True,True,Eyes,0.0903004,0.1084657,-2.74077,0.9976081,0.00833186,-0.0686193,0.0,0.0,0.0,0.0,0.0,0.0,0.0,-2.896,0.09358457,0.05533361,0.01557684,0.1095898,-2.895925,0.03834752,0.6978794,0.01103083,0.715103,2.260818,88.68175,3.976897,0.04904889,0.03931832,-0.998022,0.0,0.0,0.0,1.306179,0.1592136,-2.81336,-0.01809469,0.1205229,1.284505,0.02568553,0.06930023,-0.9972652,0.03774752,0.9968156,0.07024123,0.9989572,-0.03944847,0.0229878,moving,5.434818008763631,2.368602118975991,-0.8070663788878627,5.360271277486227,1.29060216,0.0496238,0.0825650000000002,0.0946330900402357,0.041142659100224,0.994661655680342,6.067796864159499,3.275194722975785,6.912752916334495,6.921792041284454,7.184099724305949
2646,05/05/2023 12:22:06.238019,2844,True,True,True,True,Eyes,0.08788394,0.1084705,-2.747199,0.9979476,0.009362016,-0.06334715,0.0,0.0,0.0,0.0,0.0,0.0,0.0,-2.901924,0.09876288,0.06244445,0.01772007,0.1089771,-2.902176,0.03896454,0.6967237,0.01139393,0.7161901,2.288726,88.5023,4.052576,0.0474351,0.0393392,-0.9980991,0.0,0.0,0.0,1.308263,0.1609489,-2.813261,-0.01870024,0.1190351,1.288548,0.02889253,0.07061546,-0.9970852,0.03797458,0.9967039,0.07168886,0.998861,-0.03993518,0.02611567,moving,5.321348548215523,2.457077607394736,-0.8314549523443077,5.277961340832425,1.29054293,0.0519718,0.088915,0.0926570542655346,0.0426865221150458,0.994782615563331,5.9557404290070375,3.365394696342302,6.759538256312785,6.768631763811254,7.051519858459822
2647,05/05/2023 12:22:06.248007,2845,True,True,True,True,Eyes,0.0856548,0.1084409,-2.753562,0.998264,0.0102496,-0.05800085,0.0,0.0,0.0,0.0,0.0,0.0,0.0,-2.907629,0.1060949,0.07067394,0.02019055,0.1081596,-2.908341,0.03975574,0.6953787,0.01205065,0.7174419,2.308804,88.29462,4.165682,0.04588731,0.03934902,-0.9981712,0.0,0.0,0.0,1.310375,0.1627074,-2.813161,-0.01903542,0.1178837,1.292539,0.03260648,0.07258187,-0.9968295,0.0379993,0.9965485,0.0738044,0.9987459,-0.04028533,0.02973585,moving,5.232571053256589,2.524699041417188,-0.8437427323756884,5.211141860073702,1.29018445,0.0545478,0.09518,0.091110916572962,0.0438668411386471,0.9948741969347854,5.868072245001573,3.434319828228648,6.634571399401181,6.643686043107096,6.9430221678600255
2648,05/05/2023 12:22:06.269546,2846,True,True,True,True,Eyes,0.08361961,0.1083794,-2.759905,0.9985517,0.01101859,-0.05266142,0.0,0.0,0.0,0.0,0.0,0.0,0.0,-2.912966,0.1171501,0.08069181,0.02256521,0.1074573,-2.91437,0.04187448,0.6937817,0.01227891,0.7188622,2.474009,88.05968,4.348791,0.04440577,0.03934775,-0.9982381,0.0,0.0,0.0,1.312642,0.1645954,-2.813053,-0.02014474,0.1188547,1.296085,0.03703243,0.07575717,-0.9964384,0.04044979,0.9961915,0.0772417,0.998495,-0.04316618,0.03382698,moving,5.185965500695965,2.722239007265812,-0.890462933584896,5.239532448313153,1.29007679,0.0571381,0.1013169999999998,0.0902874731361725,0.0473001850752216,0.994791936407523,5.821667227451986,3.63715176029673,6.567272188419971,6.577214363640349,6.900747435461538
2649,05/05/2023 12:22:06.294297,2847,True,True,True,True,Eyes,0.08177788,0.1082879,-2.766164,0.9988149,0.01171386,-0.04723818,0.0,0.0,0.0,0.0,0.0,0.0,0.0,-2.917965,0.1295951,0.09259629,0.02522466,0.1066799,-2.920252,0.04379865,0.6919106,0.01300835,0.7205362,2.585822,87.78082,4.556168,0.0429916,0.03933544,-0.9983005,0.0,0.0,0.0,1.314641,0.1662593,-2.812958,-0.02224134,0.1191898,1.29922,0.04218102,0.07935546,-0.9959536,0.04186352,0.995825,0.08111825,0.9982326,-0.04511579,0.03868283,moving,5.176211642308125,2.857365770968461,-0.9807503341097694,5.241614606870135,1.28941634,0.0595794,0.107294,0.0901078342227227,0.0496469798867187,0.9946937318731028,5.811734351369982,3.776052781256984,6.591703030542758,6.602486144669615,6.948792676945508
2650,05/05/2023 12:22:06.297917,2848,True,True,True,True,Eyes,0.08013743,0.1081672,-2.772404,0.99905,0.01232441,-0.04180033,0.0,0.0,0.0,0.0,0.0,0.0,0.0,-2.922872,0.1426019,0.105464,0.028197,0.1060682,-2.92619,0.04585963,0.6898732,0.01375607,0.7223454,2.709558,87.47857,4.774882,0.04164561,0.03931224,-0.9983585,0.0,0.0,0.0,1.31465,0.1662669,-2.812958,-0.02414754,0.1189334,1.300113,0.04777167,0.08314792,-0.9953915,0.0434014,0.9954153,0.08523286,0.9979149,-0.04727309,0.04394388,moving,5.191307351641314,2.9967409410931087,-1.0640560205605436,5.226828834178194,1.286453,0.0601986999999999,0.113232,0.0903587693865901,0.0520652950019205,0.9945474141644836,5.826285926881739,3.9194962991047086,6.629324746547964,6.640998639449437,7.013268176103376
2742,05/05/2023 12:22:07.838213,2940,True,True,True,True,Eyes,0.3296064,0.1077038,-3.292305,0.8907965,0.03228376,0.4532541,0.0,0.0,0.0,0.0,0.0,0.0,0.0,-2.92466,0.3783057,1.909242,0.5032057,0.1037698,-3.475338,0.06376251,0.410321,0.02771716,0.909287,5.34836,48.85196,5.922382,0.08552638,0.03321168,-0.9957812,0.0,0.0,0.0,1.31465,0.1662669,-2.812958,0.05957925,0.1582749,1.094968,0.6617369,0.1027319,-0.7426644,0.001920481,0.9903322,0.1387027,0.7497337,-0.09321098,0.6551421,moving,14.9144334283941,5.732433306652105,3.114498942675905,8.224993802373998,0.8114443000000001,0.0624971,0.6623799999999997,0.2561737896207217,0.0965499772270154,0.9617967644713816,15.404020327167236,6.80078131053965,12.014633957675615,12.060319717655702,12.371770975966486
2743,05/05/2023 12:22:07.848286,2941,True,True,True,True,Eyes,0.3375288,0.1074438,-3.299504,0.8864731,0.0325206,0.4616361,0.0,0.0,0.0,0.0,0.0,0.0,0.0,-2.917229,0.392115,1.92392,0.5122882,0.1024408,-3.477429,0.06501378,0.4070146,0.02892622,0.9106457,5.443392,48.45444,6.089658,0.08693067,0.0331442,-0.9956619,0.0,0.0,0.0,1.314655,0.1639253,-2.813002,0.05695766,0.1527186,1.093323,0.6670047,0.1056062,-0.737531,0.0002400404,0.989873,0.1419558,0.7450534,-0.09486224,0.6602246,moving,14.80163617219638,5.8119345237041,2.982180037224571,7.951794122459077,0.8023667999999999,0.0614845,0.6644269999999999,0.2542452386018865,0.09793598575531,0.9621683514923912,15.292647636711052,6.881756520319252,11.962936035214767,12.011600327554463,12.356884436944435
2744,05/05/2023 12:22:07.868032,2942,True,True,True,True,Eyes,0.3455133,0.1071524,-3.306474,0.8821193,0.03285581,0.4698789,0.0,0.0,0.0,0.0,0.0,0.0,0.0,-2.910606,0.4026164,1.937542,0.5218107,0.1012821,-3.47926,0.06548241,0.4038701,0.03054095,0.9119585,5.437813,48.071,6.262737,0.08840948,0.03306788,-0.9955342,0.0,0.0,0.0,1.31466,0.1615816,-2.813045,0.05483073,0.1446227,1.091873,0.6719124,0.1085969,-0.7326258,-0.002811369,0.9895586,0.1441036,0.7406254,-0.09476533,0.665202,moving,14.669451463852434,5.797016539696179,2.874814784674701,7.545122921630636,0.7928493,0.0602994999999999,0.6662150000000002,0.2520295783953963,0.0977440276040669,0.9627706585838758,15.162387027025003,6.8654925579390245,11.873597365460752,11.923478113216996,12.306353198337405
2745,05/05/2023 12:22:07.888044,2943,True,True,True,True,Eyes,0.3535764,0.1068083,-3.313215,0.8777517,0.03333943,0.4779543,0.0,0.0,0.0,0.0,0.0,0.0,0.0,-2.905273,0.4041428,1.950427,0.5313364,0.1002173,-3.480768,0.06451135,0.4009715,0.03207658,0.9132531,5.284822,47.70243,6.361058,0.08995647,0.03298295,-0.9953986,0.0,0.0,0.0,1.314666,0.1592593,-2.813088,0.05308086,0.1413865,1.089463,0.676386,0.1103225,-0.7282382,-0.00685365,0.9896188,0.143554,0.7365154,-0.0921068,0.6701204,moving,14.504688791650848,5.66469646590225,2.789361500484658,7.394308893924485,0.7833295999999998,0.059042,0.6676799999999998,0.2493123166321376,0.0955897629194394,0.9636938535316218,15.00029063668244,6.728261041186089,11.794797192234386,11.842316187735925,12.229080509645089
2746,05/05/2023 12:22:07.898693,2944,True,True,True,True,Eyes,0.3617134,0.1064186,-3.319736,0.8733967,0.03386041,0.4858309,0.0,0.0,0.0,0.0,0.0,0.0,0.0,-2.901959,0.3992239,1.961415,0.5413595,0.09858388,-3.482112,0.06265679,0.3983937,0.03315317,0.914471,5.058891,47.36297,6.372488,0.0915679,0.0328889,-0.9952548,0.0,0.0,0.0,1.314671,0.1568256,-2.813133,0.05142763,0.1404564,1.086613,0.6803666,0.1105594,-0.7244846,-0.01071108,0.9899499,0.1410117,0.7327937,-0.08817962,0.6747131,moving,14.303588244357943,5.486486577819808,2.709694259260996,7.365255624587443,0.7733114999999999,0.05824172,0.6689789999999998,0.2459965012947238,0.0926729242998641,0.9648302631984214,14.802483778312084,6.543581448946302,11.701323737211917,11.74513307156455,12.12067270422675
2747,05/05/2023 12:22:07.917783,2945,True,True,True,True,Eyes,0.3699484,0.105982,-3.326045,0.8690435,0.03444187,0.4935354,0.0,0.0,0.0,0.0,0.0,0.0,0.0,-2.900708,0.3993491,1.968224,0.5513039,0.09708511,-3.483408,0.06199408,0.3963571,0.03373589,0.9153795,4.976854,47.10306,6.391736,0.09323835,0.03278559,-0.9951031,0.0,0.0,0.0,1.314676,0.1545724,-2.813175,0.04950607,0.1379712,1.083558,0.6835258,0.1109059,-0.7214515,-0.01261867,0.9900373,0.1402391,0.7298173,-0.08675332,0.6781155,moving,14.052399324319614,5.46103977056562,2.615935352998632,7.256515339992428,0.7633721,0.0574872899999999,0.6702329999999996,0.2417716560291848,0.0923455199134039,0.965928987890588,14.554944361259835,6.515659403320028,11.53330163294921,11.576547010561113,11.96197323263369
2748,05/05/2023 12:22:07.938667,2946,True,True,True,True,Eyes,0.3782591,0.1054999,-3.332142,0.8647202,0.03500934,0.5010324,0.0,0.0,0.0,0.0,0.0,0.0,0.0,-2.900098,0.3962228,1.974355,0.5616853,0.09546337,-3.4844,0.06029218,0.3944424,0.03506774,0.9162697,4.750875,46.85007,6.442852,0.09496436,0.03267282,-0.9949436,0.0,0.0,0.0,1.314681,0.1522322,-2.813219,0.04802072,0.1391002,1.080121,0.6863709,0.1118266,-0.7186027,-0.01669943,0.9902702,0.1381522,0.7270599,-0.0828234,0.6815601,moving,13.788931408095078,5.283236169546382,2.545616613875436,7.338277995869864,0.7529956999999999,0.05676883,0.6711809999999998,0.2373904715990574,0.0894471083755978,0.9672875078394516,14.295660419328795,6.330962731268301,11.3903064279967,11.42958111524028,11.793142646147048
2749,05/05/2023 12:22:07.948951,2947,True,True,True,True,Eyes,0.3866436,0.1050115,-3.338014,0.8604368,0.03503889,0.508351,0.0,0.0,0.0,0.0,0.0,0.0,0.0,-2.899868,0.4004673,1.978486,0.5718402,0.09389,-3.485427,0.0603063,0.3927066,0.03566337,0.9169911,4.737467,46.63566,6.497391,0.09674307,0.03255038,-0.9947762,0.0,0.0,0.0,1.314686,0.149964,-2.813261,0.04674348,0.1382622,1.076428,0.6890193,0.1127714,-0.7159154,-0.01804063,0.9901825,0.1386112,0.7245184,-0.08259021,0.6842894,moving,13.521705457212583,5.288411782357644,2.4864854852457388,7.319301755883604,0.7428458,0.0560739999999999,0.6721660000000003,0.2328725266915218,0.089635212267632,0.9683676289724452,14.032240987621888,6.334422007667884,11.181775552745766,11.220543387655706,11.587685629110526
2750,05/05/2023 12:22:07.969096,2948,True,True,True,True,Eyes,0.39511,0.1045536,-3.343677,0.8561732,0.03514815,0.5154921,0.0,0.0,0.0,0.0,0.0,0.0,0.0,-2.899204,0.4063532,1.98257,0.5822543,0.09333327,-3.486167,0.06062409,0.3908967,0.03648772,0.9177108,4.74636,46.41633,6.589748,0.09857068,0.03241935,-0.9946011,0.0,0.0,0.0,1.314692,0.1474992,-2.813307,0.04581684,0.1366461,1.072669,0.6917368,0.1143659,-0.7130362,-0.01957484,0.9899867,0.1397966,0.7218843,-0.08274489,0.687049,moving,13.27562828421362,5.310542601437065,2.445784202419002,7.259743363361091,0.7324377,0.05416593,0.67286,0.2287017549371739,0.0901008082191719,0.9693180064643292,13.78962816139938,6.355466086115062,10.965283958630213,11.003858707120294,11.3798292236676
2751,05/05/2023 12:22:07.988065,2949,True,True,True,True,Eyes,0.4036439,0.104186,-3.349118,0.8519173,0.03487998,0.5225135,0.0,0.0,0.0,0.0,0.0,0.0,0.0,-2.898515,0.4058841,1.987914,0.5927141,0.09359028,-3.486813,0.05984927,0.3889991,0.03755727,0.9185245,4.63033,46.1752,6.657588,0.1004444,0.03228175,-0.9944181,0.0,0.0,0.0,1.314697,0.145248,-2.813349,0.04511619,0.1353106,1.068546,0.6945383,0.1155571,-0.7101148,-0.02243191,0.9900151,0.1391655,0.7191058,-0.08072655,0.6901956,moving,13.035400242361986,5.189489787573301,2.4177085885678418,7.2169858657795185,0.7219829,0.0516577199999999,0.6734640000000001,0.2246752538528574,0.0881374290300638,0.9704395296134968,13.553118267975478,6.229295950827229,10.773651197990272,10.809538214104771,11.179126982745286
2752,05/05/2023 12:22:07.998669,2950,True,True,True,True,Eyes,0.4122657,0.1038754,-3.354347,0.8476208,0.03506276,0.5294426,0.0,0.0,0.0,0.0,0.0,0.0,0.0,-2.897566,0.4065256,1.993149,0.6031715,0.09546316,-3.487244,0.0592402,0.3870907,0.03908369,0.9193063,4.511657,45.93629,6.781787,0.1023615,0.03214115,-0.9942272,0.0,0.0,0.0,1.314702,0.1429109,-2.813392,0.04470143,0.1314663,1.064431,0.6972666,0.1177224,-0.7070791,-0.02599712,0.9899262,0.1391776,0.7163404,-0.07866191,0.6933029,moving,12.803939288082836,5.07993963494435,2.4047582188872707,7.040860287128032,0.7115305000000001,0.04744774,0.6738520000000001,0.2207875646991524,0.0863604186580762,0.971490923163792,13.325223074622723,6.115016687755636,10.548767715209806,10.582446631761291,10.959641373505432
2753,05/05/2023 12:22:08.018313,2951,True,True,True,True,Eyes,0.4209537,0.1036046,-3.359367,0.8432862,0.03491859,0.5363292,0.0,0.0,0.0,0.0,0.0,0.0,0.0,-2.893436,0.3962892,2.004779,0.6139579,0.09642682,-3.487394,0.05490296,0.3844146,0.04334039,0.9205068,3.885095,45.57051,7.023837,0.1043201,0.03199976,-0.9940282,0.0,0.0,0.0,1.314707,0.1405675,-2.813436,0.04489979,0.1282787,1.059969,0.7006941,0.1220013,-0.7029534,-0.03757926,0.9902146,0.1343985,0.7124714,-0.06775575,0.6984221,moving,12.635442732627952,4.405715127415548,2.425572298445004,6.900445202325343,0.7007491000000001,0.04414068,0.6739580000000003,0.2181313095288138,0.0749686460461259,0.9730356456594608,13.160723061136864,5.420445861523447,10.486308524192436,10.510239408760514,10.836690451724536
2754,05/05/2023 12:22:08.038014,2952,True,True,True,True,Eyes,0.4297177,0.1034394,-3.364192,0.8389381,0.03475287,0.5431161,0.0,0.0,0.0,0.0,0.0,0.0,0.0,-2.890117,0.3911822,2.014624,0.624683,0.09719566,-3.487812,0.05353153,0.3818118,0.04425519,0.9216267,3.71984,45.2357,7.04853,0.1063175,0.03185907,-0.9938211,0.0,0.0,0.0,1.314713,0.1381644,-2.813481,0.04548711,0.1246695,1.055336,0.7045226,0.1224515,-0.6990377,-0.0406956,0.9903517,0.1324665,0.7085139,-0.06487788,0.7027084,moving,12.486659974935948,4.241547787904549,2.4680360483073644,6.737270351155746,0.69003,0.0409687399999999,0.674331,0.2156476916196302,0.0722211561201663,0.9737967823893484,13.01445327145128,5.250572950791767,10.303289527548165,10.324798133423036,10.650689433312552
2755,05/05/2023 12:22:08.048396,2953,True,True,True,True,Eyes,0.4385285,0.1033849,-3.368792,0.8345162,0.0344869,0.549903,0.0,0.0,0.0,0.0,0.0,0.0,0.0,-2.88532,0.390946,2.025285,0.6353172,0.09957279,-3.488001,0.05374863,0.3789425,0.0443995,0.9227905,3.758304,44.88285,7.061957,0.108352,0.0317223,-0.9936058,0.0,0.0,0.0,1.314718,0.1357433,-2.813526,0.04639566,0.120831,1.050431,0.7088625,0.1226782,-0.6945964,-0.0412076,0.9902795,0.1328472,0.704142,-0.06554774,0.7070273,moving,12.380130462375517,4.274811592023515,2.5290084839516247,6.561888637604282,0.6794008,0.03617051,0.6744750000000002,0.2138274650317513,0.0728163238137099,0.974153756820453,12.909367707569658,5.284039713329438,10.091735282503867,10.113126403155883,10.458716722649216
2756,05/05/2023 12:22:08.068315,2954,True,True,True,True,Eyes,0.4474022,0.1033955,-3.373214,0.8300539,0.03427753,0.5566288,0.0,0.0,0.0,0.0,0.0,0.0,0.0,-2.882203,0.3669061,2.037696,0.6461082,0.1022945,-3.487979,0.04930755,0.3761528,0.04567021,0.924117,3.254657,44.49544,6.990216,0.1104214,0.03159251,-0.9933822,0.0,0.0,0.0,1.314723,0.133563,-2.813566,0.04754281,0.1194596,1.045183,0.7128466,0.1215036,-0.6907145,-0.04731488,0.990966,0.1254898,0.6997221,-0.05677395,0.7121557,moving,12.229975059841022,3.786431730427753,2.604449104548573,6.520349056568964,0.6686148000000001,0.0312684999999999,0.6744130000000004,0.2113943966427693,0.0645452155527321,0.9752673331834928,12.762508837999958,4.780725853986636,9.990419767376968,10.006250739521958,10.305943257913327
2757,05/05/2023 12:22:08.088379,2955,True,True,True,True,Eyes,0.4563193,0.103442,-3.377448,0.8254575,0.03353067,0.5634676,0.0,0.0,0.0,0.0,0.0,0.0,0.0,-2.875742,0.3541509,2.052764,0.6565729,0.1038875,-3.488163,0.0480256,0.3727328,0.04469072,0.9256167,3.186785,44.05779,6.818121,0.1125237,0.03147107,-0.9931501,0.0,0.0,0.0,1.314728,0.1311801,-2.813611,0.04838905,0.1204872,1.039396,0.718146,0.1185344,-0.6857229,-0.04693152,0.9913926,0.122222,0.6943082,-0.05559121,0.7175275,moving,12.170087884586389,3.716580240109164,2.6654787415464587,6.612237663154711,0.6581550999999999,0.0272926,0.6745520000000003,0.2103907878642404,0.063370219851352,0.9755614065780353,12.7036420556814,4.708470540437003,9.921094601331486,9.935916005763987,10.217096063891416
2758,05/05/2023 12:22:08.097937,2956,True,True,True,True,Eyes,0.4652743,0.1034748,-3.381531,0.8208485,0.03254871,0.5702178,0.0,0.0,0.0,0.0,0.0,0.0,0.0,-2.869281,0.3299358,2.069446,0.6670443,0.1049175,-3.488306,0.0462881,0.3691149,0.04128208,0.9273119,3.174168,43.58649,6.367437,0.1146568,0.03135836,-0.9929096,0.0,0.0,0.0,1.314733,0.1288682,-2.813653,0.04847038,0.1205793,1.033599,0.7240999,0.110734,-0.6807476,-0.04239146,0.9923064,0.1163227,0.6883911,-0.05537135,0.7232231,moving,12.136121283533123,3.7431364341300273,2.684905004469527,6.65402855116042,0.6476886999999999,0.0239506999999999,0.6746530000000002,0.2098062304619594,0.0638305761331965,0.975657225218776,12.67009826946074,4.735544982853103,9.874476697500448,9.889326674280024,10.167824926752578
2759,05/05/2023 12:22:08.118219,2957,True,True,True,True,Eyes,0.4742999,0.1034611,-3.385484,0.8160998,0.03066309,0.577097,0.0,0.0,0.0,0.0,0.0,0.0,0.0,-2.863553,0.3147147,2.083719,0.6769605,0.1045974,-3.48879,0.04728564,0.3657971,0.0355774,0.9288115,3.543749,43.17162,5.789627,0.1168182,0.03125324,-0.9926609,0.0,0.0,0.0,1.314738,0.1265457,-2.813697,0.04791257,0.1186807,1.027603,0.7298535,0.1006833,-0.6761485,-0.0314955,0.9929966,0.1138671,0.6828777,-0.06181066,0.7279131,moving,12.06590898628157,4.131212147897495,2.669514727975692,6.588059033435943,0.6377775,0.0219483,0.6750929999999999,0.2085172521777177,0.0704572452412948,0.9754775180365,12.599974888671357,5.134165849325308,9.694056789506863,9.712276853369843,10.036326239913045
2760,05/05/2023 12:22:08.137934,2958,True,True,True,True,Eyes,0.4833496,0.1034052,-3.389313,0.8114141,0.02831265,0.5837856,0.0,0.0,0.0,0.0,0.0,0.0,0.0,-2.860314,0.310025,2.092845,0.6872235,0.1035644,-3.489199,0.05022728,0.3631079,0.02938309,0.9299283,4.133296,42.84747,5.241955,0.1190067,0.03115369,-0.9924041,0.0,0.0,0.0,1.314744,0.1241974,-2.81374,0.04677606,0.1141164,1.021772,0.7345785,0.09112418,-0.672377,-0.0181725,0.9932277,0.114754,0.6782802,-0.07207706,0.7312598,moving,11.93326804622431,4.711040046433788,2.621133598319964,6.372658715960777,0.6275204999999999,0.020633,0.675459,0.2061034752372296,0.080367221329075,0.9752243546113748,12.467863153232749,5.729555951046166,9.433924661840608,9.459219025837566,9.867708147986225
2761,05/05/2023 12:22:08.148315,2959,True,True,True,True,Eyes,0.4924598,0.1033739,-3.393046,0.8067236,0.02520258,0.5903912,0.0,0.0,0.0,0.0,0.0,0.0,0.0,-2.859122,0.3232009,2.097012,0.6968886,0.1025964,-3.490031,0.05538457,0.3610989,0.02440787,0.9305614,4.901911,42.62757,4.918478,0.1212203,0.031058,-0.9921391,0.0,0.0,0.0,1.314749,0.1218681,-2.813784,0.04456896,0.1090084,1.015612,0.7380237,0.08542466,-0.6693457,-0.005427435,0.9926736,0.1207048,0.674753,-0.08545016,0.7330803,moving,11.72522010138032,5.38479055865097,2.512746948828979,6.126258316509581,0.6178604,0.0192716999999999,0.676247,0.2023582757847593,0.0919025419537242,0.974989721421164,12.261200682779537,6.421013467165745,9.205870493611874,9.242263576766414,9.752908837973054
2762,05/05/2023 12:22:08.168324,2960,True,True,True,True,Eyes,0.5015926,0.1033725,-3.39666,0.8020651,0.02214032,0.5968262,0.0,0.0,0.0,0.0,0.0,0.0,0.0,-2.859199,0.3442831,2.098367,0.7068253,0.1033033,-3.490905,0.06089483,0.359419,0.02140167,0.9309414,5.623708,42.45815,4.81998,0.1234578,0.03096659,-0.9918661,0.0,0.0,0.0,1.314754,0.1195291,-2.813827,0.04125684,0.1064882,1.009285,0.7407199,0.08362093,-0.6665896,0.003926121,0.9916676,0.1287634,0.6718026,-0.0979947,0.7342196,moving,11.487650215417444,5.970475994046586,2.340793237709624,6.022911627269122,0.6079287,0.0162258,0.6770780000000003,0.1981189390731584,0.1019541819504749,0.9748612014935704,12.025645655713626,7.02169593940164,9.099242699955516,9.147007273763023,9.736217769785144
2763,05/05/2023 12:22:08.188047,2961,True,True,True,True,Eyes,0.5107888,0.1033557,-3.400189,0.797284,0.01898565,0.6033056,0.0,0.0,0.0,0.0,0.0,0.0,0.0,-2.858239,0.3443067,2.10427,0.7165361,0.1040338,-3.491673,0.06147507,0.3574597,0.02061574,0.9316751,5.728287,42.21873,4.748229,0.1257173,0.03087999,-0.9915849,0.0,0.0,0.0,1.314759,0.1171445,-2.813872,0.03746954,0.1015292,1.002739,0.7435952,0.08236405,-0.6635379,0.005535384,0.9915916,0.1292882,0.6686072,-0.099811,0.7368868,moving,11.250951965910808,5.923607246715762,2.1399866961109817,5.781601064189319,0.5982229,0.0131107,0.6778010000000001,0.1941041631220245,0.1012395495970689,0.9757427970573824,11.79244031150808,6.971843880175298,9.064380961039252,9.112071877645302,9.725561102496796
2764,05/05/2023 12:22:08.197855,2962,True,True,True,True,Eyes,0.5199962,0.1033603,-3.403622,0.7925789,0.01555398,0.609571,0.0,0.0,0.0,0.0,0.0,0.0,0.0,-2.858448,0.331845,2.110845,0.7265679,0.1036621,-3.492544,0.06107337,0.3555091,0.01782271,0.9325052,5.810014,41.96217,4.419575,0.1279975,0.03079735,-0.9912958,0.0,0.0,0.0,1.314764,0.1148478,-2.813914,0.03350642,0.1004284,0.9960404,0.7465912,0.07666381,-0.6608512,0.01018475,0.9919048,0.1265747,0.6652051,-0.1012302,0.7397666,moving,11.014633559252092,5.884642739868664,1.9266816776155773,5.757539887382071,0.5881961,0.0111857,0.6786300000000001,0.1900893569098972,0.1006565441620075,0.9765932313747594,11.559590757169486,6.930123464211341,9.041909565334802,9.088840659734933,9.704014096218216
2765,05/05/2023 12:22:08.217983,2963,True,True,True,True,Eyes,0.5292645,0.1034123,-3.406979,0.7876909,0.01224804,0.6159489,0.0,0.0,0.0,0.0,0.0,0.0,0.0,-2.860433,0.3375131,2.11246,0.7360673,0.1042666,-3.493682,0.0647748,0.3540661,0.01362117,0.9328752,6.384957,41.79732,4.113228,0.1302965,0.03071895,-0.9909987,0.0,0.0,0.0,1.31477,0.1124794,-2.813958,0.02958816,0.09858812,0.9890478,0.7489034,0.07128281,-0.6588342,0.02045541,0.9912373,0.1304992,0.6623635,-0.111208,0.7408829,moving,10.723549197902935,6.346534207581296,1.713538244208665,5.69242999720715,0.5787027,0.0082127999999999,0.6797240000000002,0.1849692648433076,0.1086340750033042,0.9767215696652576,11.271577686368412,7.403118752688981,8.977780397055565,9.033722914929363,9.709921420692002
2766,05/05/2023 12:22:08.238115,2964,True,True,True,True,Eyes,0.5385329,0.1034469,-3.410251,0.7827928,0.009040294,0.6222168,0.0,0.0,0.0,0.0,0.0,0.0,0.0,-2.859475,0.3245455,2.120651,0.7459549,0.1054466,-3.494499,0.06337305,0.3519652,0.0126666,0.9337794,6.282834,41.52162,3.938079,0.1326139,0.0306458,-0.9906936,0.0,0.0,0.0,1.314775,0.1100323,-2.814004,0.02562726,0.0937125,0.9822811,0.7519202,0.06826583,-0.6557102,0.02095459,0.9916468,0.1272693,0.658921,-0.1094365,0.7442088,moving,10.49907455742459,6.10306911152709,1.494481393516396,5.449691616230847,0.5688201,0.0045856999999999,0.6804949999999996,0.1812208831850652,0.1045569783300639,0.9778685344307784,11.050884517859645,7.151165447062555,8.976654359320053,9.028266732815428,9.706691190718006
2767,05/05/2023 12:22:08.258208,2965,True,True,True,True,Eyes,0.5478011,0.103462,-3.41345,0.7776585,0.005549736,0.6286625,0.0,0.0,0.0,0.0,0.0,0.0,0.0,-2.855288,0.3159183,2.132904,0.7552722,0.1050697,-3.495751,0.06299923,0.3491972,0.01079239,0.9348669,6.329982,41.16874,3.702214,0.1349472,0.03057691,-0.9903805,0.0,0.0,0.0,1.31478,0.1079162,-2.814043,0.02164057,0.0875223,0.9755065,0.7558898,0.06417722,-0.6515459,0.02381941,0.9918293,0.1253292,0.6542656,-0.1102545,0.7481848,moving,10.342340516667448,5.998197328016887,1.270837241047154,5.12684190249122,0.5595078000000001,0.0028465,0.681708,0.1785777844957859,0.1028174685911537,0.978539025351188,10.89663735109226,7.042218689575988,9.06264740259256,9.113255837360365,9.814514557279312
2768,05/05/2023 12:22:08.268283,2966,True,True,True,True,Eyes,0.5570837,0.1035021,-3.416584,0.7724619,0.001891982,0.6350583,0.0,0.0,0.0,0.0,0.0,0.0,0.0,-2.84611,0.3299465,2.148641,0.7645693,0.1047944,-3.497187,0.06713723,0.345405,0.007721511,0.9360173,6.912252,40.72194,3.513252,0.1372943,0.03051137,-0.9900599,0.0,0.0,0.0,1.314785,0.1054843,-2.814088,0.01886842,0.07312351,0.9689573,0.7612716,0.06083399,-0.6455732,0.03192412,0.9908659,0.1310173,0.6476468,-0.1203491,0.752376,moving,10.327498836298917,6.403137444564567,1.115574666294186,4.31571338016076,0.5502157000000001,0.0006899,0.6830989999999999,0.1781916772457323,0.1097385076781104,0.977857452310572,10.881053591529623,7.45856961899174,9.384286191912624,9.44546907985884,10.258758403295024
2769,05/05/2023 12:22:08.288201,2967,True,True,True,True,Eyes,0.7892591,0.1051183,-3.493455,0.6183801,-0.09046798,0.7806546,0.0,0.0,0.0,0.0,0.0,0.0,0.0,-2.836126,0.3388166,2.166506,0.7742587,0.1055016,-3.498792,0.0701687,0.3413437,0.005244116,0.9373012,7.351625,40.23539,3.337214,0.139654,0.0304496,-0.9897317,0.0,0.0,0.0,1.314791,0.1031357,-2.814132,0.01599595,0.06703843,0.9619663,0.766914,0.05773392,-0.6391476,0.03807265,0.9900977,0.1351185,0.6406195,-0.1279583,0.7571217,moving,-1.7165850176505228,2.2620390235970627,0.95264872221438,3.986438116834619,0.5405323000000001,-0.0023659,0.68466,-0.0299322572007858,0.0394520884166138,0.9987730476343882,-0.9811600237769312,3.115731165971318,3.1746285400076637,3.17779184195436,2.1207892069590875
2770,05/05/2023 12:22:08.298059,2968,True,True,True,True,Eyes,0.7896528,0.1051451,-3.49352,0.6181375,-0.09058169,0.7808335,0.0,0.0,0.0,0.0,0.0,0.0,0.0,-2.82644,0.3441081,2.1846,0.7838538,0.1062825,-3.500561,0.07238486,0.3373491,0.003105412,0.9385874,7.6883,39.75166,3.162225,0.150907,0.03032278,-0.9880825,0.6965262,0.004848517,-0.230612,1.314796,0.1007439,-2.814177,0.01376489,0.06267572,0.9547848,0.7723718,0.05466733,-0.6328137,0.04300853,0.9895015,0.1379742,0.6337129,-0.1337838,0.761912,moving,-1.24133144359939,2.561966898598643,0.8259614831899297,3.7557253167931055,0.5309422,-0.0055386,0.6863839999999999,-0.021641982098077,0.0446893885395288,0.998766463871603,-0.5134046495515681,3.42750155671609,2.3845615575980927,2.387207407445633,1.378996908703573
2771,05/05/2023 12:22:08.318403,2969,True,True,True,True,Eyes,0.7904018,0.1051719,-3.493658,0.6175632,-0.09069496,0.7812747,0.0,0.0,0.0,0.0,0.0,0.0,0.0,-2.819152,0.3397178,2.200935,0.7937511,0.1069782,-3.502236,0.07304783,0.3337965,0.0008871355,0.9398102,7.85751,39.30793,2.918287,0.1602167,0.03021262,-0.9866191,0.6547347,0.004557606,-0.2167753,1.314801,0.09837851,-2.81422,0.01082474,0.0490301,0.9479426,0.7771583,0.0504337,-0.6272811,0.04709874,0.9893265,0.1378944,0.6275403,-0.1367099,0.7664878,moving,-0.8437052998411232,2.699517753406811,0.6542431580859851,2.9608509093364344,0.5210499000000001,-0.0085996899999999,0.6880159999999997,-0.0147085664062026,0.0470929492541918,0.998782233937182,-0.121784780658851,3.571736465470887,1.5187899428406684,1.520573773611244,0.987623675499053
2772,05/05/2023 12:22:08.338150,2970,True,True,True,True,Eyes,0.7915041,0.1051881,-3.493866,0.6167669,-0.09097769,0.7818706,0.0,0.0,0.0,0.0,0.0,0.0,0.0,-2.811685,0.3334605,2.217926,0.8032027,0.1070875,-3.504191,0.07357465,0.3302328,-0.001780343,0.9410261,8.02743,38.85863,2.618786,0.1679422,0.0301173,-0.9853364,0.6154506,0.00428415,-0.2037688,1.314806,0.09611069,-2.814263,0.009677172,0.04376362,0.9409908,0.7818863,0.04524282,-0.6217772,0.05194422,0.9891672,0.1372955,0.6212533,-0.1396472,0.7710661,moving,-0.4602973207431169,2.831230496790336,0.5892104021074582,2.66279455844897,0.5116032999999999,-0.01097681,0.6899280000000001,-0.0080238117999096,0.0493925963090376,0.9987472022647964,0.2558338605921629,3.70986810790305,1.0617547474030422,1.0629379688617469,1.0988643848988215
2773,05/05/2023 12:22:08.348881,2971,True,True,True,True,Eyes,0.792944,0.1051786,-3.494163,0.6155977,-0.09139725,0.7827427,0.0,0.0,0.0,0.0,0.0,0.0,0.0,-2.804372,0.3304378,2.234158,0.8128496,0.1068891,-3.506137,0.07480794,0.326682,-0.00480732,0.942157,8.285314,38.41385,2.306107,0.1743779,0.03003474,-0.9842203,0.5785235,0.004027101,-0.1915427,1.314811,0.09382626,-2.814305,0.008995235,0.03993589,0.9339845,0.7865114,0.03981832,-0.6162908,0.05793532,0.9887613,0.1378207,0.6148522,-0.1441026,0.7753652,moving,-0.1068065815322681,3.0480254345362727,0.5518004494073385,2.448397158940117,0.5019614,-0.01306284,0.6918319999999998,-0.0018614884029984,0.0531729020537068,0.998583645622266,0.6037623043840872,3.9352925949430255,0.8901942693903107,0.8906836083017935,1.4878031025572254
2774,05/05/2023 12:22:08.368280,2972,True,True,True,True,Eyes,0.794706,0.1051435,-3.494541,0.6142203,-0.09208699,0.7837432,0.0,0.0,0.0,0.0,0.0,0.0,0.0,-2.796041,0.3327433,2.251154,0.8222559,0.1063514,-3.508396,0.07664306,0.3229617,-0.007529292,0.9432735,8.595292,37.95454,2.046019,0.1797652,0.02996248,-0.9832529,0.5438121,0.003785475,-0.1800501,1.314816,0.09148137,-2.814349,0.008198678,0.04368287,0.9273227,0.791278,0.03530119,-0.6104367,0.06370991,0.9881383,0.1397274,0.6081284,-0.1494541,0.7796431,moving,0.2492388338958776,3.304829156931636,0.5065522582936561,2.697006408626573,0.4925600999999999,-0.0148700299999999,0.6940469999999999,0.0043427904209465,0.0576476278971821,0.9983275441330756,0.9541146438986045,4.20188131560375,0.6599747214702805,0.6600444619360355,1.570019291173824
2775,05/05/2023 12:22:08.378194,2973,True,True,True,True,Eyes,0.7967874,0.105073,-3.49502,0.6124501,-0.0928985,0.7850317,0.0,0.0,0.0,0.0,0.0,0.0,0.0,-2.787801,0.3442128,2.266752,0.8318074,0.1057639,-3.510753,0.07964943,0.319279,-0.009747257,0.9442573,9.012115,37.51199,1.882997,0.1843024,0.02989831,-0.9824144,0.5111834,0.003558346,-0.1692471,1.314822,0.0891358,-2.814392,0.005981177,0.05170079,0.9201861,0.7959318,0.03245295,-0.6045159,0.06926862,0.9871219,0.1441949,0.6014104,-0.1566433,0.7834338,moving,0.567804173796248,3.664967691403768,0.3724152891365709,3.215790719717082,0.4830145999999999,-0.0166280999999999,0.696361,0.0098896254161593,0.0639190163719854,0.9979060982639176,1.26727901574104,4.574481765014349,0.4895904182693698,0.4898334085606803,1.6269057888407117
2776,05/05/2023 12:22:08.398461,2974,True,True,True,True,Eyes,0.799171,0.104942,-3.495586,0.6104623,-0.09389676,0.7864599,0.0,0.0,0.0,0.0,0.0,0.0,0.0,-2.777431,0.3576737,2.284842,0.8412302,0.1049139,-3.513386,0.08221383,0.315219,-0.01087959,0.9453886,9.340824,37.02798,1.815429,0.1881524,0.02983993,-0.9816861,0.4805124,0.003344845,-0.1590923,1.314827,0.08680176,-2.814436,0.002497107,0.06251481,0.913571,0.8010373,0.03125984,-0.5977978,0.07240159,0.986245,0.1485891,0.59422,-0.1623069,0.7877557,moving,0.9145558606387648,3.925613600285621,0.1566088851156584,3.914594195270116,0.4735967999999999,-0.01811214,0.69895,0.0159238937231963,0.0684526097084069,0.9975272755171152,1.6084613825562908,4.844957113297646,0.7562472413445823,0.7580270740491529,1.7243696916744105
2777,05/05/2023 12:22:08.417967,2975,True,True,True,True,Eyes,0.8018249,0.104745,-3.49625,0.60814,-0.09502062,0.7881224,0.0,0.0,0.0,0.0,0.0,0.0,0.0,-2.766582,0.3703153,2.303556,0.8509305,0.1033815,-3.516064,0.08461751,0.3110187,-0.01218061,0.9465511,9.657978,36.52433,1.719208,0.1916259,0.02978298,-0.9810157,0.4516816,0.003144155,-0.1495467,1.314832,0.08447108,-2.814479,-0.002110213,0.07081067,0.906951,0.806238,0.02957612,-0.5908514,0.07569437,0.985383,0.1526128,0.5867288,-0.1677664,0.7922145,moving,1.254295095089715,4.168848792208395,-0.1333104882132736,4.464341194867259,0.4639014999999999,-0.0189104199999999,0.7015850000000001,0.0218319421308236,0.0726786320083094,0.997116481640506,1.94277253166888,5.097477776387461,1.4150748138603952,1.4187194982951123,2.1704798170685877
2778,05/05/2023 12:22:08.428429,2976,True,True,True,True,Eyes,0.8047634,0.1045067,-3.497004,0.6056313,-0.09626167,0.7899016,0.0,0.0,0.0,0.0,0.0,0.0,0.0,-2.755544,0.3890141,2.321628,0.8601791,0.101684,-3.519099,0.08787635,0.306847,-0.01335187,0.9475994,10.06336,36.03217,1.665939,0.194817,0.02972495,-0.9803887,0.4245808,0.002955505,-0.1405739,1.314837,0.08213188,-2.814523,-0.00622502,0.0691416,0.9011978,0.8113332,0.02862475,-0.5838827,0.07923362,0.9841989,0.1583492,0.5791895,-0.1747371,0.7962453,moving,1.575149230054911,4.494040127970017,-0.3957640608209683,4.387245920174197,0.4546579,-0.0195521199999999,0.7045760000000003,0.0274036302622552,0.078325974839719,0.9965511532517014,2.258275338121879,5.434153278299904,1.96781271284524,1.9738044996832704,2.853058034397243
2779,05/05/2023 12:22:08.448438,2977,True,True,True,True,Eyes,0.8079162,0.104251,-3.497809,0.6028738,-0.09730002,0.7918813,0.0,0.0,0.0,0.0,0.0,0.0,0.0,-2.744722,0.4060457,2.339551,0.8700149,0.1004883,-3.522052,0.09000819,0.3027497,-0.01301141,0.9487213,10.29194,35.55354,1.736271,0.1977609,0.02966476,-0.979801,0.3991059,0.002778175,-0.1321395,1.314843,0.07980375,-2.814566,-0.01067102,0.06814118,0.8952844,0.8163466,0.02981151,-0.5767924,0.07918831,0.9834585,0.162907,0.5721079,-0.1786638,0.8004822,moving,1.8687254830173785,4.651555735908434,-0.6828840738530542,4.352459637473441,0.4448280999999999,-0.0206845499999999,0.7074859999999998,0.0325023396561797,0.0810529687455862,0.996179762935652,2.5472851674512893,5.59819503703547,2.561010362361149,2.5690795641263358,3.462058638034695
2780,05/05/2023 12:22:08.468192,2978,True,True,True,True,Eyes,0.8113351,0.1039675,-3.498706,0.5999154,-0.09813385,0.7940221,0.0,0.0,0.0,0.0,0.0,0.0,0.0,-2.733671,0.4198522,2.358302,0.8799392,0.09986559,-3.525132,0.09078735,0.2986994,-0.01118929,0.9499533,10.32153,35.08354,1.920918,0.2004876,0.0296021,-0.9792486,0.3751596,0.002611485,-0.1242111,1.314848,0.07740122,-2.81461,-0.0158599,0.07382754,0.8894632,0.821307,0.03297765,-0.5695326,0.07549485,0.9832649,0.165803,0.5654693,-0.179172,0.8050727,moving,2.142111215297956,4.617656491022471,-1.0215251708344242,4.744808279509577,0.4349088,-0.0224643699999999,0.7105220000000001,0.0372570248702837,0.0804501910486263,0.9960620040034897,2.816844038163481,5.565238338783335,3.155751516827149,3.16619057559336,3.925071167092789
2781,05/05/2023 12:22:08.488089,2979,True,True,True,True,Eyes,0.8149647,0.1036507,-3.499666,0.5966815,-0.09861873,0.7963954,0.0,0.0,0.0,0.0,0.0,0.0,0.0,-2.719033,0.4245196,2.382652,0.8898361,0.09896268,-3.528283,0.08935927,0.2940162,-0.008330282,0.9515777,10.07651,34.52827,2.135746,0.2030258,0.02953635,-0.9787275,0.35265,0.002454796,-0.1167585,1.314853,0.07512464,-2.814653,-0.02008587,0.06837589,0.8841245,0.8269702,0.03669233,-0.5610473,0.06839997,0.983891,0.1651661,0.5580697,-0.174963,0.8111387,moving,2.471723257354584,4.32363977048363,-1.3014430079403023,4.422303921826992,0.4250169,-0.0238380399999999,0.7136300000000002,0.0430038263129174,0.0753204117665965,0.9962317029607026,3.142438653868208,5.2651599224559735,3.763560288200287,3.774456024425197,4.523106284618376
2782,05/05/2023 12:22:08.498093,2980,True,True,True,True,Eyes,0.8188579,0.1033151,-3.500729,0.5932192,-0.09902214,0.7989278,0.0,0.0,0.0,0.0,0.0,0.0,0.0,-2.703473,0.42853,2.408217,0.8999702,0.09785369,-3.531628,0.08811374,0.2890899,-0.006000622,0.9532193,9.872303,33.94124,2.298151,0.2053994,0.02946685,-0.9782343,0.331491,0.002307508,-0.1097529,1.314858,0.07277554,-2.814697,-0.02282575,0.06665476,0.8792334,0.832782,0.03950577,-0.5521896,0.06238541,0.9843999,0.164514,0.5500747,-0.1714529,0.817326,moving,2.812889618946478,4.074344168691176,-1.4871198556389411,4.335305439590569,0.4148878,-0.0250781499999999,0.7169310000000002,0.0489507386433561,0.0709656294615279,0.99627693825214,3.479317098049287,5.011154826300791,4.296586240471642,4.307920875136149,5.012211927729772
2783,05/05/2023 12:22:08.518444,2981,True,True,True,True,Eyes,0.822968,0.1029565,-3.501871,0.5893517,-0.09913462,0.801771,0.0,0.0,0.0,0.0,0.0,0.0,0.0,-2.686001,0.4386896,2.434854,0.9102665,0.09698479,-3.53519,0.08778899,0.2838096,-0.003508353,0.9548471,9.766978,33.32145,2.508361,0.2076311,0.02939334,-0.9777652,0.3116015,0.002169057,-0.1031678,1.314864,0.07038268,-2.814741,-0.02373844,0.07288237,0.8739933,0.8388796,0.04313084,-0.5426055,0.0565306,0.9845616,0.1656587,0.5413736,-0.1696415,0.8234904,moving,3.164554687514042,3.935692366601121,-1.555822125986066,4.766870518449696,0.4045975,-0.0266021099999999,0.7204489999999999,0.055074026023718,0.0685326066897928,0.9961274863662156,3.826283507910074,4.871012855214616,4.780309724941674,4.79299638864248,5.383113103095961
2784,05/05/2023 12:22:08.537992,2982,True,True,True,True,Eyes,0.8273229,0.1025582,-3.503127,0.5852445,-0.09919236,0.8047668,0.0,0.0,0.0,0.0,0.0,0.0,0.0,-2.668356,0.4425566,2.462571,0.9207051,0.09609531,-3.538828,0.08619451,0.2785226,-0.0005678846,0.9565539,9.509767,32.69516,2.727261,0.2097405,0.02931552,-0.9773172,0.2929054,0.002038914,-0.0969777,1.314869,0.06802623,-2.814785,-0.02474368,0.07590018,0.8689973,0.8448496,0.04692781,-0.5329416,0.04910066,0.9851404,0.164583,0.5327458,-0.1652157,0.8299913,moving,3.49824877120932,3.64569636685403,-1.630989509384016,4.991674777637433,0.3941639,-0.02806908,0.724043,0.0608950054167818,0.0634684677735459,0.9961241907305672,4.155892357907941,4.575097953437953,5.289930824242337,5.302899510777015,5.801856426735546
2785,05/05/2023 12:22:08.548700,2983,True,True,True,True,Eyes,0.8318599,0.1021366,-3.504472,0.5807166,-0.09937146,0.8080183,0.0,0.0,0.0,0.0,0.0,0.0,0.0,-2.64807,0.4545645,2.491681,0.9310442,0.09474888,-3.542817,0.08599715,0.2727721,0.002072125,0.9582253,9.420495,32.02315,2.956744,0.2117456,0.02923261,-0.9768873,0.2753311,0.001916579,-0.09115904,1.314874,0.06547567,-2.814832,-0.02602383,0.0770728,0.8644384,0.8511822,0.05088637,-0.5223978,0.04294412,0.9852003,0.1659397,0.5231107,-0.1636788,0.8363997,moving,3.8564966099103417,3.512027426616938,-1.7243628004239933,5.094984538259876,0.3838298000000001,-0.0292732099999999,0.7279849999999999,0.0671320101332445,0.0611198738139665,0.9958703148268938,4.50933572750915,4.440126434918647,5.787270769624828,5.8010124095039,6.268000994947871
2786,05/05/2023 12:22:08.568194,2984,True,True,True,True,Eyes,0.836634,0.1016993,-3.50594,0.5759355,-0.09956051,0.8114098,0.0,0.0,0.0,0.0,0.0,0.0,0.0,-2.626546,0.4753664,2.520385,0.9414998,0.09389963,-3.547086,0.08748163,0.2668166,0.004362556,0.9597588,9.531774,31.33916,3.200365,0.2136607,0.0291444,-0.9764729,0.2588112,0.001801584,-0.08568949,1.314879,0.06339592,-2.814871,-0.02837038,0.07621122,0.8598442,0.8575797,0.05505711,-0.5113959,0.0383091,0.9846559,0.1702505,0.5129225,-0.1655945,0.8423117,moving,4.221933454374522,3.5742619032101683,-1.8897767186565,5.065104023841666,0.3733791999999999,-0.03050371,0.7322150000000001,0.0734775403480682,0.062173661786302,0.9953568936277232,4.869403758660997,4.506678901731265,6.275561751748232,6.290914994480525,6.782209031130934
2787,05/05/2023 12:22:08.587938,2985,True,True,True,True,Eyes,0.8416005,0.1012796,-3.507516,0.5705606,-0.09972587,0.815178,0.8333485,1.317076,0.01817318,-2.828188,0.140921,-0.5218027,-0.841346,-0.05055013,0.06317398,0.8095949,0.952089,0.09310707,-3.551486,0.08801146,0.2605681,0.006785418,0.9614115,9.537574,30.61456,3.424825,0.2155001,0.02905085,-0.9760713,0.2432825,0.001693489,-0.08054812,1.314884,0.06112285,-2.814913,-0.03058016,0.07574695,0.8557815,0.8641165,0.05891311,-0.499832,0.03281879,0.9844159,0.1727666,0.5022207,-0.1656944,0.8487166,moving,4.580184208650869,3.5307866574297075,-2.0465141194731498,5.05818347627573,0.362795,-0.03198422,0.7365729999999999,0.0797035642492491,0.0613889259902109,0.9949264096984012,5.222637476653667,4.464465719901029,6.783977126669364,6.80044643932901,7.293357642520189
2788,05/05/2023 12:22:08.598508,2986,True,True,True,True,Eyes,0.8467852,0.100888,-3.509211,0.5649464,-0.09991485,0.8190559,0.8299193,1.315645,0.01796677,-2.829461,0.04517875,-0.3812221,-0.9233789,-0.05258074,0.06509678,0.8069555,0.9626135,0.09320097,-3.55602,0.08965055,0.2546191,0.007866473,0.9628447,9.70836,29.92542,3.536551,0.2172761,0.0289529,-0.9756805,0.2286856,0.00159188,-0.07571524,1.314889,0.05880237,-2.814956,-0.03302309,0.07679857,0.8515272,0.8702145,0.06080187,-0.4889069,0.0305051,0.9838018,0.1766451,0.4917278,-0.1686332,0.8542637,moving,4.892137984063528,3.660892903796584,-2.2208756156859115,5.153518507450309,0.3522754999999999,-0.0343985999999999,0.7410640000000002,0.085107446598646,0.0636195015830584,0.9943386048022445,5.529826795125219,4.60044689858974,7.24915678753305,7.267935997441303,7.770410289391487
2789,05/05/2023 12:22:08.618342,2987,True,True,True,True,Eyes,0.8521661,0.1005104,-3.511021,0.5588291,-0.09994172,0.8232386,0.8269723,1.314302,0.01786137,-2.830226,-0.04468926,-0.2332577,-0.9713874,-0.05416399,0.06500878,0.8051777,0.9731765,0.09350608,-3.560556,0.0901449,0.248215,0.009633662,0.9644534,9.735419,29.17912,3.684276,0.2189993,0.02885168,-0.9752982,0.2149644,0.001496367,-0.07117232,1.314895,0.05636526,-2.815002,-0.03522369,0.07887892,0.8476584,0.8765931,0.06333307,-0.4770468,0.02616819,0.9835622,0.1786636,0.4805204,-0.1690987,0.8605264,moving,5.220900390699131,3.650518833573194,-2.3795061284116032,5.31635339809206,0.3417184999999999,-0.03714082,0.7455540000000003,0.0908127496721256,0.0634073910774316,0.993847397836846,5.853915563040471,4.592070473809923,7.760173922506612,7.780821553800519,8.265217389983171
2790,05/05/2023 12:22:08.638465,2988,True,True,True,True,Eyes,0.8577508,0.1000786,-3.512954,0.5524379,-0.1000189,0.8275316,0.8246421,1.313314,0.01759886,-2.830537,-0.1108961,-0.09480123,-0.9893001,-0.05579117,0.06343397,0.8043678,0.9836317,0.093476,-3.565177,0.08956014,0.2418801,0.01185319,0.9660915,9.631597,28.43699,3.851747,0.2206796,0.02874776,-0.9749224,0.2020666,0.001406585,-0.06690198,1.3149,0.05406421,-2.815045,-0.03773621,0.08274697,0.843677,0.8827071,0.06622815,-0.4652333,0.02042309,0.9836769,0.1787807,0.4694797,-0.1673125,0.866946,moving,5.5203745325069375,3.5044044591329304,-2.561033942823744,5.601595318684981,0.3312682999999999,-0.03941179,0.7501319999999998,0.0960214867047934,0.0608428232561938,0.9935179855751968,6.149454449608715,4.443889781128213,8.326731520538301,8.34909410933517,8.787086556213625
2791,05/05/2023 12:22:08.648847,2989,True,True,True,True,Eyes,0.8635246,0.09970397,-3.515015,0.5456533,-0.1005015,0.8319627,0.8227439,1.312458,0.01701697,-2.830523,-0.1683631,0.02404559,-0.9854317,-0.05615717,0.06544841,0.8039042,0.9942641,0.09177728,-3.570024,0.09030983,0.2346471,0.01409878,0.9677739,9.682161,27.60133,4.052899,0.2223253,0.02863984,-0.9745516,0.1899426,0.00132219,-0.06288786,1.314906,0.05149828,-2.815092,-0.03967634,0.08537274,0.8402217,0.889484,0.06967072,-0.451624,0.01509301,0.9832907,0.1814155,0.4567171,-0.1681825,0.8735698,moving,5.900476480839869,3.4779528901712005,-2.703571438675348,5.8017637736836285,0.3206418999999999,-0.040279,0.7549320000000002,0.1026134679074179,0.0603442292534472,0.9928892484533464,6.524186990246407,4.419336717135449,8.887765276816722,8.912336260691971,9.330735779627078
2792,05/05/2023 12:22:08.668368,2990,True,True,True,True,Eyes,0.8694921,0.09937894,-3.517154,0.5386469,-0.1006857,0.8364938,0.8210139,1.311729,0.01671457,-2.83038,-0.2169961,0.003886729,-0.9761646,-0.05818173,0.07249065,0.8037231,1.004684,0.09288164,-3.57505,0.09544218,0.2284662,0.01515168,0.9687437,10.25298,26.92172,4.252437,0.2239439,0.02852977,-0.9741842,0.178546,0.001242859,-0.05911459,1.31491,0.04945354,-2.81513,-0.04166481,0.08895248,0.8365676,0.8951473,0.0729668,-0.4397581,0.01425442,0.9813224,0.1918413,0.4455425,-0.1779947,0.8773881,moving,6.155356561563313,3.999468421839091,-2.851230288839246,6.069471636005784,0.3102260000000001,-0.0434281,0.7599200000000002,0.1069665706046663,0.0693470510539931,0.991841272475456,6.774195922146119,4.957458744792891,9.210686199985735,9.241402490991543,9.689447993221684
2793,05/05/2023 12:22:08.688593,2991,True,True,True,True,Eyes,0.8756011,0.09904657,-3.519392,0.5312699,-0.1006519,0.8412024,0.8200542,1.311271,0.01650654,-2.829561,-0.2481378,0.3178857,-0.9150826,-0.05939299,0.06575584,0.8045662,1.015439,0.09373285,-3.579026,0.09235407,0.2216969,0.02010437,0.9705241,9.808144,26.13426,4.65519,0.2255418,0.02841912,-0.9738187,0.1678333,0.001168287,-0.05556772,1.314915,0.04714693,-2.815173,-0.04362875,0.09382123,0.8334062,0.9008926,0.07997278,-0.426611,0.001925684,0.9821331,0.1881779,0.4340379,-0.1703495,0.8846424,moving,6.425218753347228,3.488370225617152,-2.9966941216441363,6.423065951479184,0.2994760000000001,-0.04658592,0.7638529999999997,0.1117015740003531,0.060465152433326,0.9919005560500704,7.041406039582534,4.433709560995769,9.837808127077306,9.86837784173878,10.233327596396787
2794,05/05/2023 12:22:08.697868,2992,True,True,True,True,Eyes,0.8818726,0.09878541,-3.521735,0.5236291,-0.1010229,0.8459355,0.8191499,1.310803,0.01603246,-2.828787,-0.2796199,0.4250793,-0.8608835,-0.06022567,0.0621356,0.8061803,1.025517,0.09324682,-3.583813,0.09014608,0.2149283,0.02338691,0.9721792,9.510207,25.34048,4.898803,0.2271244,0.02830759,-0.9734539,0.1577633,0.00109819,-0.05223365,1.31492,0.04480467,-2.815217,-0.04616001,0.09561716,0.8302915,0.9065177,0.08422244,-0.4136813,-0.00672265,0.9826534,0.1853293,0.4221142,-0.1652233,0.891359,moving,6.683964410127066,3.115809821135124,-3.182080000708903,6.569297765933773,0.2894030000000001,-0.0484421499999999,0.7685960000000001,0.1162230296601281,0.0539859869676315,0.9917548343412405,7.297332039768426,4.052359914785089,10.422147243967736,10.453009676713078,10.777432572771966
2795,05/05/2023 12:22:08.718256,2993,True,True,True,True,Eyes,0.8883062,0.09858453,-3.524138,0.5155514,-0.1010512,0.8508792,0.8188776,1.31048,0.01583599,-2.827372,-0.3016428,0.5705054,-0.7638947,-0.05976957,0.06876539,0.8079398,1.035849,0.09482592,-3.58856,0.09528418,0.2072437,0.02655835,0.9732757,10.04767,24.50887,5.313872,0.2286964,0.02819717,-0.973089,0.1482975,0.001032298,-0.04909963,1.314926,0.04249471,-2.81526,-0.04892963,0.09412735,0.8277491,0.9126894,0.09119128,-0.3983493,-0.0122031,0.9804311,0.1964837,0.4084717,-0.1744674,0.8959419,moving,7.042794137548089,3.571091139973661,-3.382912583024924,6.487512253994961,0.279077,-0.0523312099999999,0.7733000000000003,0.1223761345258749,0.0618187909642238,0.9905566732086896,7.64996122545644,4.523089279988935,10.79060139723174,10.82593518998292,11.20639380419396
2796,05/05/2023 12:22:08.737975,2994,True,True,True,True,Eyes,0.8948869,0.09840558,-3.526639,0.5072586,-0.1012025,0.855831,0.8191097,1.310387,0.01550965,-2.82562,-0.3080578,0.7001824,-0.6440847,-0.05960694,0.05913667,0.8105815,1.046488,0.09604715,-3.592407,0.09043203,0.1995769,0.03150211,0.9751916,9.427702,23.60048,5.674274,0.2302622,0.02808935,-0.9727228,0.1393996,0.0009703605,-0.04615365,1.314931,0.0400112,-2.815306,-0.05063626,0.08883436,0.8258706,0.9183533,0.09753747,-0.3835539,-0.02534488,0.9816594,0.1889513,0.3949491,-0.1638029,0.9039822,moving,7.346589802329139,2.861185818729992,-3.5085601575147707,6.139386800416849,0.268443,-0.05603595,0.777101,0.1277143144038154,0.0495075939223121,0.9905745736094768,7.951088353376793,3.7951166049057936,11.30951331619727,11.339351054052075,11.696971691114785
2797,05/05/2023 12:22:08.748407,2995,True,True,True,True,Eyes,0.9016144,0.09831919,-3.529201,0.4986495,-0.1017204,0.8608146,0.8199555,1.310485,0.01491297,-2.823371,-0.3019537,0.8169358,-0.4913652,-0.05983712,0.06117047,0.8139613,1.056749,0.09643989,-3.59721,0.09182301,0.1924094,0.03332156,0.9764409,9.584193,22.78523,5.844538,0.2318252,0.0279844,-0.9723546,0.1310356,0.0009121389,-0.04338443,1.314936,0.03783559,-2.815346,-0.05231801,0.0846443,0.8239878,0.9237366,0.1004083,-0.3696335,-0.02973783,0.9809164,0.1921423,0.3818722,-0.1664967,0.9090943,moving,7.607851632351569,2.9371654605358937,-3.6330424536231294,5.865146758861044,0.2581870000000001,-0.0586043,0.7818640000000001,0.1322213540136837,0.0507908790691067,0.9899181478009914,8.208437664723412,3.875078609716924,11.586427882291066,11.61597065834116,12.007540240675205
2798,05/05/2023 12:22:08.768235,2996,True,True,True,True,Eyes,0.9084748,0.09830523,-3.531811,0.4898567,-0.101926,0.8658241,0.8188271,1.309583,0.01484542,-2.822851,-0.3621387,0.8125482,-0.4567506,-0.06044006,0.06392826,0.8147296,1.067135,0.09865132,-3.601131,0.09463093,0.1854173,0.03484474,0.9774719,9.908573,22.00353,6.014192,0.2333881,0.02788452,-0.9719836,0.1231735,0.0008574105,-0.04078137,1.314941,0.03540416,-2.815392,-0.05374905,0.08148751,0.8222743,0.9288126,0.1032119,-0.3558856,-0.0330271,0.9796617,0.1979198,0.3690752,-0.1720765,0.9133309,moving,7.847675841479679,3.201845517961058,-3.739894108344812,5.659541710269626,0.2478059999999999,-0.06324716,0.785739,0.136330739070924,0.0553321768605351,0.989116852520444,8.444211064031794,4.148957156094198,11.8145231455848,11.84533865770682,12.27738915840203
2799,05/05/2023 12:22:08.788217,2997,True,True,True,True,Eyes,0.9154668,0.09832391,-3.534491,0.4808676,-0.1024179,0.8707911,0.0,0.0,0.0,0.0,0.0,0.0,0.0,-2.252787,0.633307,2.947818,1.077327,0.1003257,-3.604866,0.09079134,0.1786339,0.03702945,0.9790178,9.470703,21.18752,6.107367,0.2349544,0.0277911,-0.9716088,0.1157831,0.0008059659,-0.03833449,1.314947,0.03304438,-2.815435,-0.05541027,0.07630171,0.8208574,0.9334375,0.1049418,-0.3430476,-0.04006815,0.9807715,0.1910021,0.3564954,-0.1645433,0.9196938,moving,8.02127460691695,2.697699438720625,-3.861773856971247,5.310593022667665,0.2376200000000001,-0.06728132,0.789431,0.1393891670423517,0.0466068712153702,0.9891403714721856,8.616516998132518,3.631686475975061,12.140837079712316,12.166924577564671,12.590729520448509
2800,05/05/2023 12:22:08.798680,2998,True,True,True,True,Eyes,0.9225681,0.09839948,-3.537204,0.4717363,-0.1030049,0.8757025,0.0,0.0,0.0,0.0,0.0,0.0,0.0,-2.222801,0.6452885,2.976567,1.087214,0.1011365,-3.609007,0.09255932,0.1720385,0.03684874,0.9800397,9.714848,20.42834,6.061053,0.2365261,0.02770432,-0.9712299,0.1088361,0.000757608,-0.03603442,1.314952,0.0307002,-2.815479,-0.05644375,0.07408009,0.8196552,0.9380898,0.104074,-0.3303876,-0.04037893,0.9801499,0.1941024,0.3440304,-0.1687448,0.9236711,moving,8.202249500402278,2.893671112122429,-3.939328636027729,5.164337223101325,0.227738,-0.0704363,0.7935280000000002,0.1424895800563587,0.0499675122517701,0.9885342593773276,8.794443949975596,3.8344925563963344,12.325197235540854,12.352078538876896,12.803025076504907
2801,05/05/2023 12:22:08.818409,2999,True,True,True,True,Eyes,0.9297937,0.09851058,-3.539951,0.4625091,-0.1037021,0.8805289,0.0,0.0,0.0,0.0,0.0,0.0,0.0,-2.193465,0.6527683,3.004404,1.097075,0.1025957,-3.612442,0.09367471,0.1656178,0.03683618,0.9810397,9.880613,19.68526,6.019057,0.2381043,0.02762506,-0.9708464,0.1023059,0.0007121515,-0.03387235,1.314957,0.02831613,-2.815523,-0.05745921,0.0742785,0.8186185,0.9424276,0.1033039,-0.3180541,-0.0412471,0.9797363,0.1959987,0.3318566,-0.1715958,0.9275915,moving,8.355152834684933,3.007111439659269,-4.015032204001774,5.184615697955264,0.2178819999999999,-0.07427957,0.7969189999999999,0.1451127762032326,0.0519046203827787,0.9880526956736368,8.944894961601824,3.9522247875868977,12.532072773352596,12.560374305180783,13.01839081813527
2802,05/05/2023 12:22:08.838342,3000,True,True,True,True,Eyes,0.9371027,0.09862819,-3.542722,0.453153,-0.1045255,0.8852834,0.0,0.0,0.0,0.0,0.0,0.0,0.0,-2.165136,0.6498461,3.03315,1.106888,0.1035323,-3.615825,0.09282078,0.159397,0.03751463,0.9821252,9.80897,18.95395,6.016279,0.2396915,0.02755345,-0.9704579,0.09616759,0.0006694224,-0.03184001,1.314962,0.02600112,-2.815567,-0.05822447,0.07299115,0.8179483,0.9463705,0.1032788,-0.3061314,-0.04409739,0.9799539,0.1942827,0.3200599,-0.1703638,0.9319537,moving,8.466061433139762,2.8732703446813237,-4.071649544043425,5.099389072584512,0.2080739999999998,-0.0775311799999999,0.8002579999999999,0.1470424682389539,0.0495821379065953,0.9878866554466752,9.054534025958397,3.815351396447907,12.706599255035572,12.733805446059758,13.188838002914586
2803,05/05/2023 12:22:08.849083,3001,True,True,True,True,Eyes,0.9444977,0.0987575,-3.545504,0.443622,-0.1056732,0.8899622,0.0,0.0,0.0,0.0,0.0,0.0,0.0,-2.134398,0.6639214,3.059139,1.116332,0.1038408,-3.619087,0.09446802,0.1530413,0.03808318,0.9829568,10.02392,18.23026,6.049754,0.2412881,0.02748886,-0.9700639,0.0,0.0,0.0,1.314968,0.02368531,-2.815609,-0.05959466,0.07314871,0.8174903,0.950256,0.1037833,-0.2936707,-0.04595323,0.979251,0.1973725,0.3080612,-0.1740593,0.9353083,moving,8.594021181755167,3.0021892259712164,-4.169459951878508,5.113186381873956,0.1986359999999998,-0.08015549,0.8034780000000001,0.149231647374654,0.0517876420707173,0.9874451767372616,9.180361428481328,3.948828363573153,12.908129814733714,12.936875961407848,13.400502247389609
2804,05/05/2023 12:22:08.868379,3002,True,True,True,True,Eyes,0.9519658,0.09891319,-3.54828,0.4339498,-0.106833,0.8945805,0.0,0.0,0.0,0.0,0.0,0.0,0.0,-2.100651,0.6807455,3.085664,1.125777,0.1043166,-3.622046,0.09600539,0.1463931,0.03977498,0.983753,10.20937,17.48302,6.204521,0.2428944,0.0274309,-0.9696646,0.0,0.0,0.0,1.314973,0.02136072,-2.815653,-0.06030682,0.07107184,0.8174488,0.953974,0.1063666,-0.2803921,-0.05014846,0.9784018,0.2005367,0.2956665,-0.1772456,0.938704,moving,8.742533946311585,3.0800578679249995,-4.219319820515578,4.968998862353592,0.1891959999999999,-0.08295588,0.8063929999999999,0.1517800887716116,0.0531087479521145,0.9869864514433472,9.326568430936616,4.029946824737839,13.070035047768174,13.09876907014718,13.578398552486991
2805,05/05/2023 12:22:08.887986,3003,True,True,True,True,Eyes,0.9594806,0.09908638,-3.551033,0.4241947,-0.1081568,0.899089,0.0,0.0,0.0,0.0,0.0,0.0,0.0,-2.066533,0.6904041,3.1129,1.135132,0.1051321,-3.624608,0.09646176,0.1397308,0.04165713,0.9845991,10.27138,16.72668,6.359333,0.244511,0.02737961,-0.9692597,0.0,0.0,0.0,1.314978,0.01902098,-2.815696,-0.061133,0.06752012,0.817777,0.95748,0.1089885,-0.267121,-0.05507378,0.9779196,0.2015939,0.2831942,-0.1783107,0.9423409,moving,8.88283932066162,3.0238188241742354,-4.275199726434711,4.719945454319911,0.1798459999999999,-0.08611112,0.8089119999999999,0.1542046035220556,0.0521201414346396,0.9866633153841128,9.465001329592216,3.973087067067562,13.239857788575163,13.266907594100482,13.76048409434249
2806,05/05/2023 12:22:08.898689,3004,True,True,True,True,Eyes,0.9670506,0.09927126,-3.55376,0.4142852,-0.1094551,0.9035416,0.0,0.0,0.0,0.0,0.0,0.0,0.0,-2.029761,0.6946522,3.142142,1.144551,0.1058365,-3.62689,0.09642403,0.1326142,0.04291024,0.9855328,10.29271,15.90701,6.428016,0.2461375,0.02733478,-0.9688492,0.0,0.0,0.0,1.314983,0.01665628,-2.81574,-0.06061184,0.06781355,0.8180314,0.9611444,0.1101533,-0.253116,-0.05900451,0.9777223,0.2014391,0.2696663,-0.178677,0.9462318,moving,9.069456677260352,2.933992688088612,-4.23757352796215,4.738896699005264,0.1704319999999999,-0.08918022,0.81115,0.1574301735200914,0.0505471810402262,0.9862356674446178,9.649163544661574,3.882008138506763,13.4022266096133,13.428876772512549,13.913149338999252
2807,05/05/2023 12:22:08.917819,3005,True,True,True,True,Eyes,0.9746779,0.09952367,-3.556458,0.4042396,-0.111109,0.9078795,0.0,0.0,0.0,0.0,0.0,0.0,0.0,-1.995284,0.6937392,3.169993,1.153583,0.1062938,-3.628943,0.09637079,0.125797,0.04254588,0.986447,10.33627,15.10649,6.313555,0.2477746,0.02729608,-0.9684328,0.0,0.0,0.0,1.314988,0.01433003,-2.815784,-0.06185699,0.0729974,0.8184069,0.9647299,0.1081848,-0.2399839,-0.0596922,0.9778051,0.2008336,0.2563846,-0.179425,0.9497756,moving,9.223284729694145,2.877879887043188,-4.322322622484904,5.096980750191397,0.161405,-0.09196377,0.8131590000000002,0.160085383940194,0.0495598474469421,0.9858582768223664,9.800925582041025,3.825372513737269,13.69692353745204,13.726175256794306,14.180378251431192
2808,05/05/2023 12:22:08.938623,3006,True,True,True,True,Eyes,0.9823593,0.09983642,-3.559095,0.3940329,-0.1125389,0.9121804,0.0,0.0,0.0,0.0,0.0,0.0,0.0,-1.959495,0.7069956,3.194899,1.162738,0.108239,-3.630862,0.09854409,0.1189321,0.04230142,0.9870942,10.63097,14.32238,6.247232,0.2494221,0.02726471,-0.9680107,0.0,0.0,0.0,1.314994,0.01173717,-2.815832,-0.06227762,0.0636624,0.8191401,0.9681315,0.1069511,-0.2264572,-0.06007086,0.9769993,0.2046066,0.2431315,-0.1844826,0.9522885,moving,9.386822020680604,3.08028780642086,-4.34772195671687,4.44401307169861,0.1522559999999999,-0.09650183,0.8150300000000001,0.1628696605985696,0.0530177757182111,0.9852221077270752,9.96164895248572,4.0346762509341865,13.775413845198807,13.802081178801334,14.31522449876239
2809,05/05/2023 12:22:08.948645,3007,True,True,True,True,Eyes,0.9901134,0.1001293,-3.561694,0.3836587,-0.1140226,0.9164087,0.0,0.0,0.0,0.0,0.0,0.0,0.0,-1.92381,0.6911355,3.224608,1.171854,0.1099585,-3.632007,0.09618314,0.1119828,0.04266903,0.9881235,10.40036,13.49424,6.178981,0.25108,0.02724161,-0.9675826,0.0,0.0,0.0,1.314999,0.009654528,-2.815871,-0.06230307,0.05823396,0.8205184,0.9712784,0.1058663,-0.2130976,-0.06278284,0.9778563,0.199638,0.2295137,-0.1805252,0.9564173,moving,9.524509880313667,2.7527271198729717,-4.342213580709943,4.059598012567231,0.143145,-0.100303972,0.8161360000000002,0.1652837908932974,0.0473651295169943,0.9851080498127702,10.098141062812406,3.6987616739857847,13.906197585654228,13.928170413757655,14.444862238662518
2810,05/05/2023 12:22:08.968431,3008,True,True,True,True,Eyes,0.99791,0.100422,-3.564245,0.3732191,-0.1158139,0.9204861,0.0,0.0,0.0,0.0,0.0,0.0,0.0,-1.892145,0.6793343,3.250782,1.180952,0.1097174,-3.633539,0.09487045,0.1055969,0.04141061,0.9890066,10.30624,12.72568,5.947584,0.2527487,0.02722539,-0.9671485,0.0,0.0,0.0,1.315004,0.007278956,-2.815915,-0.06098467,0.06257179,0.8215459,0.9742689,0.1019468,-0.2010147,-0.06187469,0.9785695,0.1964007,0.2167293,-0.1789093,0.9596978,moving,9.610064021914878,2.578573955621579,-4.245371246473405,4.355436834532237,0.134052,-0.102438444,0.8176239999999999,0.1667776052260904,0.0443593177709535,0.9849961916947578,10.182882979069104,3.520253146320162,13.946517021516744,13.96890576125949,14.452406435951794
2811,05/05/2023 12:22:08.988290,3009,True,True,True,True,Eyes,1.005788,0.1007375,-3.566728,0.3626993,-0.1177726,0.9244344,0.0,0.0,0.0,0.0,0.0,0.0,0.0,-1.860704,0.7063898,3.267841,1.189891,0.1100692,-3.634836,0.0991778,0.09962232,0.04034883,0.9892478,10.8468,12.0542,5.819926,0.2544283,0.02721537,-0.9667084,0.0,0.0,0.0,1.315009,0.005004924,-2.815957,-0.06009337,0.05053328,0.8228629,0.9768947,0.09959062,-0.1890989,-0.06006933,0.9770715,0.2042621,0.2051057,-0.1881835,0.9604783,moving,9.67198965393079,3.021738023169742,-4.176874347371493,3.5142088332246133,0.125118,-0.105064276,0.8188789999999999,0.1677804703344151,0.0519675707106518,0.9844537636696836,10.242879442986688,3.976450247250376,13.836547158937064,13.857617458471076,14.42716072203362
2812,05/05/2023 12:22:08.998698,3010,True,True,True,True,Eyes,1.013703,0.1010391,-3.569149,0.3521443,-0.1197102,0.9282585,0.0,0.0,0.0,0.0,0.0,0.0,0.0,-1.832647,0.7093948,3.287157,1.199027,0.1108997,-3.635557,0.09938823,0.09412082,0.04085057,0.9897447,10.89724,11.42013,5.819837,0.2561193,0.02721156,-0.9662619,0.0,0.0,0.0,1.315014,0.002658151,-2.816,-0.05960801,0.05043107,0.8244321,0.978945,0.09957226,-0.178191,-0.06215426,0.9769064,0.2044277,0.1944313,-0.1890482,0.9625266,moving,9.649486177583167,2.961091292814693,-4.135397908962337,3.500459923754299,0.1159869999999998,-0.108241549,0.8195570000000001,0.1674027612218464,0.0509288252353422,0.984572269122094,10.22084044932583,3.913922122967649,13.77504176450182,13.795432135295265,14.36219101635133
2813,05/05/2023 12:22:09.018395,3011,True,True,True,True,Eyes,1.02166,0.101332,-3.571502,0.3417264,-0.1219738,0.9318506,0.0,0.0,0.0,0.0,0.0,0.0,0.0,-1.803958,0.7145483,3.306094,1.207906,0.1108769,-3.63645,0.09985045,0.08859612,0.04120844,0.9901932,10.9785,10.78407,5.805544,0.257822,0.02721297,-0.9658089,0.0,0.0,0.0,1.31502,0.0002814602,-2.816045,-0.05931564,0.05082804,0.8254588,0.9809052,0.09930135,-0.1672252,-0.0639159,0.9766635,0.2050443,0.1836839,-0.1904407,0.9643613,moving,9.640779361832672,2.912876480769428,-4.110083257772817,3.523567628259173,0.1071140000000001,-0.1105954398,0.820405,0.1672601571867619,0.0501015151142545,0.9846389993621396,10.212371665482586,3.8642756248112455,13.744373488601582,13.76441667710208,14.326506795712536
2814,05/05/2023 12:22:09.038201,3012,True,True,True,True,Eyes,1.029651,0.1015986,-3.573772,0.3312583,-0.124133,0.935339,0.0,0.0,0.0,0.0,0.0,0.0,0.0,-1.775637,0.7307395,3.32182,1.21688,0.1110348,-3.637064,0.1023349,0.08314443,0.04063043,0.9904362,11.30057,10.16217,5.706261,0.2595359,0.02721887,-0.9653496,0.0,0.0,0.0,1.315025,-0.00201669,-2.816087,-0.05945285,0.04075971,0.8270119,0.9828724,0.09750084,-0.1563827,-0.06346655,0.9757535,0.2094687,0.1730143,-0.1959559,0.9652292,moving,9.639766787018065,3.1267608425905946,-4.111848252247063,2.821569069521958,0.0981450000000001,-0.11305149,0.8209770000000001,0.1672107454078851,0.0537772593279404,0.9844534935324292,10.210869579830325,4.084234642361296,13.735931907692368,13.7550012070698,14.378267296379674
2815,05/05/2023 12:22:09.054029,3013,True,True,True,True,Eyes,1.03766,0.1018127,-3.575963,0.3209433,-0.1264621,0.9386174,0.0,0.0,0.0,0.0,0.0,0.0,0.0,-1.74668,0.7281473,3.341238,1.225808,0.1106586,-3.637321,0.1018991,0.07753818,0.04040442,0.990945,11.28486,9.502953,5.610742,0.2612609,0.02722812,-0.9648839,0.0,0.0,0.0,1.31503,-0.0043922,-2.816132,-0.05922695,0.04126611,0.8285392,0.9847106,0.09587925,-0.1454378,-0.06427497,0.9759681,0.2082185,0.1619065,-0.195687,0.9672089,moving,9.64959841031285,2.987693131020118,-4.0887526526989735,2.851309634708584,0.0892219999999999,-0.1150508,0.821189,0.1674007567471758,0.0513859616941554,0.9845488092092236,10.220888395690508,3.9412811565392776,13.721109200595762,13.739028000139756,14.351092810380509
2816,05/05/2023 12:22:09.068540,3014,True,True,True,True,Eyes,1.045703,0.1020021,-3.578065,0.3106491,-0.1288735,0.9417478,0.0,0.0,0.0,0.0,0.0,0.0,0.0,-1.723595,0.7363681,3.355029,1.23483,0.1097152,-3.637636,0.1032458,0.0728162,0.03943871,0.9912028,11.47448,8.951886,5.45826,0.2629963,0.02723903,-0.964412,0.0,0.0,0.0,1.315035,-0.006743341,-2.816175,-0.05913942,0.03995349,0.8297035,0.9862848,0.09321945,-0.1362074,-0.06314757,0.9755698,0.2104187,0.152495,-0.1989316,0.9680762,moving,9.574742929718967,3.07042839022128,-4.077020588788446,2.756887776431625,0.0802049999999998,-0.116458541,0.8214610000000002,0.1661019094952937,0.0528193719076187,0.984693064234334,10.14690766449896,4.025846954533927,13.637149119489983,13.655363593904976,14.280419894049258
2817,05/05/2023 12:22:09.088423,3015,True,True,True,True,Eyes,1.053784,0.1021703,-3.580067,0.3007223,-0.1312178,0.9446417,0.0,0.0,0.0,0.0,0.0,0.0,0.0,-1.699339,0.7513378,3.367243,1.243768,0.1093441,-3.637537,0.1052596,0.0680825,0.03937975,0.9913297,11.73187,8.41439,5.41569,0.264742,0.0272508,-0.963934,0.0,0.0,0.0,1.31504,-0.009033883,-2.816218,-0.05942127,0.0358612,0.8309957,0.987628,0.09240931,-0.1266942,-0.06374396,0.9747393,0.2140562,0.1432746,-0.2033319,0.9685704,moving,9.523205969056644,3.204615792157647,-4.0900368416125215,2.47103726050062,0.071272,-0.1183779829999999,0.8213189999999999,0.1651954045432692,0.0551338939299094,0.9847185822309492,10.095790988832013,4.163490528456951,13.614473055863984,13.63299370220436,14.28643095035393
2818,05/05/2023 12:22:09.098055,3016,True,True,True,True,Eyes,1.061901,0.1022816,-3.581975,0.2908273,-0.1334813,0.9474187,0.0,0.0,0.0,0.0,0.0,0.0,0.0,-1.678547,0.7417027,3.382246,1.25253,0.1090105,-3.636828,0.1038655,0.06372171,0.03912487,0.9917766,11.59758,7.893173,5.321058,0.2664981,0.02726283,-0.9634495,0.0,0.0,0.0,1.315046,-0.01143199,-2.816262,-0.05890077,0.03644309,0.8321694,0.9888176,0.09084322,-0.118268,-0.06436928,0.9753625,0.2110089,0.1345228,-0.2010365,0.9703031,moving,9.416666731523575,2.963261714523041,-4.048630966415861,2.5075446909214056,0.062516,-0.12044249,0.8205659999999999,0.1634000120523467,0.0510008251087656,0.9852407426026332,9.991342927511498,3.9145306909622337,13.456734017654028,13.473007091949942,14.11029682701511
2819,05/05/2023 12:22:09.118602,3017,True,True,True,True,Eyes,1.07006,0.1023206,-3.583758,0.281236,-0.1357467,0.949989,0.0,0.0,0.0,0.0,0.0,0.0,0.0,-1.65773,0.7429617,3.395107,1.261596,0.1077535,-3.636424,0.1038666,0.05940469,0.03891746,0.9920526,11.62227,7.387889,5.245952,0.2682644,0.02727362,-0.9629589,0.0,0.0,0.0,1.315051,-0.01376226,-2.816306,-0.0579201,0.03655995,0.833242,0.989913,0.08955664,-0.1097807,-0.06487599,0.9753943,0.2107061,0.1259496,-0.2014586,0.9713656,moving,9.331748114057806,2.876240051735489,-3.976333082676151,2.5123411299324614,0.053455,-0.12151576,0.8201179999999999,0.1619517102794943,0.0495163504422298,0.9855555433126632,9.907842865994182,3.824442420886128,13.297668947126908,13.313055530724467,13.946037127849545
2820,05/05/2023 12:22:09.138262,3018,True,True,True,True,Eyes,1.078248,0.1022728,-3.585438,0.2717376,-0.1379872,0.9524276,0.0,0.0,0.0,0.0,0.0,0.0,0.0,-1.640209,0.7436478,3.405722,1.270661,0.1060419,-3.635439,0.1037503,0.05558309,0.03868963,0.9922951,11.63059,6.93934,5.173267,0.2700419,0.02728142,-0.9624617,0.0,0.0,0.0,1.315056,-0.01609404,-2.816349,-0.05684187,0.03448159,0.8342249,0.9908273,0.08831658,-0.1022815,-0.06524953,0.975478,0.2102028,0.1183378,-0.2016008,0.9722927,moving,9.196792367093348,2.779397434296738,-3.897957412302596,2.366898440443663,0.0443949999999999,-0.12213594,0.8190899999999997,0.1596427150491768,0.0478687174521419,0.9860136476137512,9.775043857344734,3.723905006776173,13.087260463843558,13.101245253979483,13.74017578274918
2821,05/05/2023 12:22:09.148776,3019,True,True,True,True,Eyes,1.086497,0.1021511,-3.586995,0.2624936,-0.1403496,0.9546722,0.0,0.0,0.0,0.0,0.0,0.0,0.0,-1.624625,0.751896,3.413743,1.279618,0.1039237,-3.63458,0.1044694,0.05215292,0.03890137,0.9923975,11.72958,6.547211,5.162866,0.2718301,0.02728429,-0.9619582,0.0,0.0,0.0,1.315061,-0.01836449,-2.816391,-0.05494614,0.03177106,0.8350923,0.9915335,0.088108,-0.09538487,-0.06631447,0.9751456,0.2114081,0.1116409,-0.2032928,0.9727324,moving,9.034065615709832,2.7600245003184014,-3.764434989550752,2.1787653192885608,0.0354430000000001,-0.1222881899999999,0.8181890000000003,0.1568440020848153,0.0475569150981612,0.9864776776746264,9.61468815408981,3.702846434441262,12.798602878069854,12.81169309569922,13.465651092251855
2822,05/05/2023 12:22:09.168520,3020,True,True,True,True,Eyes,1.094777,0.1019641,-3.58843,0.2534125,-0.1426224,0.9567868,0.0,0.0,0.0,0.0,0.0,0.0,0.0,-1.612283,0.7622592,3.419084,1.288679,0.1020207,-3.633115,0.1053312,0.04924823,0.03961378,0.9924268,11.83916,6.223185,5.217499,0.2736297,0.02728081,-0.9614479,0.0,0.0,0.0,1.315066,-0.02073036,-2.816436,-0.0529435,0.02933478,0.8358932,0.9920107,0.08900229,-0.08940539,-0.06825279,0.9746722,0.2129687,0.1060956,-0.2051651,0.9729599,moving,8.819669933807637,2.7527517487447315,-3.6241381874823135,2.009909397071674,0.0263870000000001,-0.12275106,0.8166790000000002,0.1531523205114814,0.0474595174309306,0.9870623008298018,9.403373368169929,3.693871794578098,12.453608554915917,12.465960665705667,13.135896874171486
2823,05/05/2023 12:22:09.188198,3021,True,True,True,True,Eyes,1.103087,0.101706,-3.589726,0.2445688,-0.1448732,0.958748,0.0,0.0,0.0,0.0,0.0,0.0,0.0,-1.599418,0.7701645,3.425119,1.297732,0.1000932,-3.631612,0.1056342,0.04630714,0.04082873,0.9924868,11.88218,5.897308,5.325629,0.2754412,0.02726996,-0.9609307,0.0,0.0,0.0,1.315072,-0.02311388,-2.81648,-0.05099227,0.02914557,0.8367968,0.9923773,0.0908272,-0.08329262,-0.07126073,0.9743488,0.2134625,0.1005443,-0.2058998,0.9733942,moving,8.618152164128423,2.670749487863831,-3.487147073321352,1.9948013318948403,0.0173399999999999,-0.12320708,0.8151320000000002,0.1496894615727616,0.0460714906421271,0.9876590263647416,9.204928553317616,3.608132545726359,12.1127374873527,12.124156693880195,12.794202644864042
2824,05/05/2023 12:22:09.198026,3022,True,True,True,True,Eyes,1.111435,0.1014063,-3.590885,0.2359332,-0.1469971,0.960587,0.0,0.0,0.0,0.0,0.0,0.0,0.0,-1.5927,0.7727622,3.428985,1.307017,0.09837333,-3.629576,0.104928,0.04425913,0.04277153,0.9925733,11.8009,5.677423,5.522101,0.2772641,0.02725068,-0.9604068,0.0,0.0,0.0,1.315077,-0.02538881,-2.816522,-0.04899743,0.02145967,0.8372489,0.9924234,0.0941958,-0.07888499,-0.07561972,0.9743215,0.2120835,0.09683672,-0.2045114,0.9740625,moving,8.3172963940523,2.4709989897884106,-3.349240152021962,1.4682364746577512,0.0080599999999999,-0.1237621399999999,0.8130540000000002,0.1445232184880015,0.0426610675010982,0.9885813469195066,8.9088427517561,3.400604200730133,11.70063192329692,11.709551983002491,12.409457744182951
2825,05/05/2023 12:22:09.219012,3023,True,True,True,True,Eyes,1.119827,0.101063,-3.591886,0.2274835,-0.1489892,0.9623167,0.0,0.0,0.0,0.0,0.0,0.0,0.0,-1.589197,0.7747697,3.431378,1.316338,0.0970779,-3.627396,0.1044373,0.04260771,0.04413294,0.9926378,11.74615,5.498096,5.65741,0.2790992,0.0272228,-0.9598759,0.0,0.0,0.0,1.315082,-0.02776668,-2.816566,-0.0475606,0.01761696,0.8377142,0.9924737,0.09651573,-0.07536978,-0.0787164,0.9742903,0.2110976,0.09380628,-0.203576,0.9745548,moving,7.988460137174864,2.3193610965305687,-3.249436898488144,1.2047410625971184,-0.0012559999999999,-0.12484458,0.8108300000000002,0.138861992350123,0.0400773536909096,0.9895004337490044,8.585062941527413,3.2423614011602804,11.285625561775642,11.293038014821752,12.008633690285272
2826,05/05/2023 12:22:09.238391,3024,True,True,True,True,Eyes,1.128247,0.1006672,-3.592743,0.2192553,-0.1508131,0.9639411,0.0,0.0,0.0,0.0,0.0,0.0,0.0,-1.587869,0.7639917,3.434948,1.325525,0.09566454,-3.624598,0.1023068,0.04116335,0.04506581,0.9928787,11.50459,5.326234,5.734555,0.2809469,0.02718614,-0.9593378,0.0,0.0,0.0,1.315087,-0.03016385,-2.816611,-0.04638779,0.02259429,0.8379557,0.9925493,0.09791235,-0.07251935,-0.08106718,0.9750048,0.2068667,0.09096151,-0.1994464,0.9756777,moving,7.644746937074365,1.9999775928429295,-3.168561973177308,1.544525403169767,-0.0104380000000001,-0.12582839,0.8079870000000002,0.132950861617144,0.0345892922253056,0.9905188394157484,8.247014045618267,2.911499466796471,10.81710765254647,10.822896390782198,11.497129812763216
2827,05/05/2023 12:22:09.248062,3025,True,True,True,True,Eyes,1.136728,0.1002514,-3.59344,0.2108687,-0.1527001,0.9655139,0.0,0.0,0.0,0.0,0.0,0.0,0.0,-1.587529,0.7606273,3.436595,1.334633,0.09399535,-3.622003,0.1011932,0.03991969,0.0459795,0.9930016,11.37906,5.184461,5.819079,0.2828068,0.02714028,-0.9587924,0.0,0.0,0.0,1.315092,-0.03239301,-2.816652,-0.0465676,0.02020936,0.8378739,0.9925846,0.09939466,-0.06997503,-0.08323625,0.9752917,0.204641,0.08858627,-0.1972991,0.9763327,moving,7.274715622657012,1.7969098305962987,-3.1811287935849277,1.3816954661826617,-0.019541,-0.12638836,0.8053509999999999,0.1265656081626777,0.0311046880085084,0.9914704561847596,7.882749049224758,2.700077136171552,10.459593539030225,10.464085503524576,11.142150741592836
2828,05/05/2023 12:22:09.268277,3026,True,True,True,True,Eyes,1.145237,0.09982601,-3.593973,0.2026947,-0.1543104,0.9670073,0.0,0.0,0.0,0.0,0.0,0.0,0.0,-1.585857,0.7643452,3.436736,1.343809,0.09305601,-3.618818,0.1007768,0.03862453,0.04791201,0.9930038,11.329,5.053258,6.026251,0.2846808,0.0270857,-0.9582392,0.0,0.0,0.0,1.315098,-0.03482266,-2.816698,-0.04640649,0.01893494,0.8379741,0.9924251,0.1029385,-0.06705177,-0.08736869,0.9750969,0.2038448,0.08636545,-0.1964424,0.9767044,moving,6.920137637125528,1.6706788924196354,-3.1697672296940924,1.2944404382479455,-0.0287109999999999,-0.12787867,0.8021199999999999,0.1204352773252909,0.0289425031112371,0.9922991659266756,7.533535498010655,2.567784218157022,10.093173635769157,10.096917133257444,10.778779785426782
2829,05/05/2023 12:22:09.277906,3027,True,True,True,True,Eyes,1.153773,0.09935369,-3.594336,0.1943182,-0.1558247,0.9684829,0.0,0.0,0.0,0.0,0.0,0.0,0.0,-1.583092,0.7550745,3.440073,1.353003,0.09238113,-3.615421,0.0981343,0.03716449,0.05084597,0.9931783,11.01993,4.897627,6.334154,0.2865684,0.02702316,-0.9576782,0.0,0.0,0.0,1.315103,-0.03716211,-2.816741,-0.04619258,0.02099437,0.8378336,0.992067,0.1082925,-0.06384246,-0.09370402,0.9755687,0.198709,0.0838014,-0.1911504,0.9779769,moving,6.551709420243431,1.2815965865210952,-3.15571386324534,1.4354128611134918,-0.0379,-0.12954324,0.7986800000000001,0.1140716961488197,0.0222202202145005,0.9932240117541916,7.171289000990329,2.1650692733846317,9.706025203492112,9.708641833498104,10.35274778200938
2830,05/05/2023 12:22:09.298562,3028,True,True,True,True,Eyes,1.162339,0.09889058,-3.594536,0.1861886,-0.1573325,0.9698352,0.0,0.0,0.0,0.0,0.0,0.0,0.0,-1.57828,0.7451268,3.444098,1.362214,0.09078409,-3.611665,0.09520216,0.03542269,0.05394998,0.9933636,10.67971,4.707507,6.657657,0.2884697,0.02695232,-0.9571092,0.0,0.0,0.0,1.315108,-0.03944603,-2.816783,-0.04579398,0.01861413,0.8374633,0.9916692,0.1139285,-0.06010291,-0.1004393,0.9760519,0.1929628,0.08064752,-0.1853186,0.9793635,moving,6.225104320306632,0.8574646481480372,-3.129917839508487,1.273292227394127,-0.047106,-0.13023012,0.7948819999999999,0.1084229369475553,0.014876801942377,0.9939935477621992,6.8503505481198,1.7265997276855205,9.36277051377722,9.364259297258572,9.990557781170828
2831,05/05/2023 12:22:09.318149,3029,True,True,True,True,Eyes,1.170876,0.09850604,-3.594549,0.1779968,-0.1587802,0.9711365,0.0,0.0,0.0,0.0,0.0,0.0,0.0,-1.575023,0.7600164,3.442137,1.371521,0.09057998,-3.607957,0.09572051,0.03414354,0.05767122,0.9931495,10.7306,4.603708,7.079351,0.2903848,0.02687437,-0.9565321,0.0,0.0,0.0,1.315113,-0.04179745,-2.816827,-0.04674226,0.0198326,0.8369885,0.9910165,0.1210887,-0.05677864,-0.1080158,0.9750232,0.1940677,0.0788599,-0.1861914,0.9793437,moving,5.856774408019338,0.8308801969524288,-3.1964062568242237,1.3573802755635174,-0.056408,-0.13237743,0.7911299999999999,0.102031463243518,0.0144254090177554,0.9946766320958724,6.487346788695874,1.6966908057537675,9.066933236970192,9.06847740709954,9.689695799276558
2832,05/05/2023 12:22:09.337999,3030,True,True,True,True,Eyes,1.179435,0.09814111,-3.594393,0.1699441,-0.1598123,0.9724089,0.0,0.0,0.0,0.0,0.0,0.0,0.0,-1.571516,0.7532988,3.444277,1.380713,0.09227334,-3.60351,0.09312952,0.03271596,0.06213731,0.9931744,10.42347,4.464625,7.567453,0.2923133,0.0267922,-0.9559468,0.0,0.0,0.0,1.315119,-0.04419107,-2.816872,-0.04769328,0.02146338,0.8363128,0.9901372,0.12952,-0.05341167,-0.1173327,0.9749317,0.1890535,0.07655895,-0.180922,0.9805131,moving,5.487824440201463,0.4657323840561679,-3.2639307665675954,1.4701331824340982,-0.0655940000000001,-0.1364644099999999,0.786638,0.0956310963176893,0.0080912201090256,0.9953839775330596,6.124529599261743,1.3185872833561874,8.807824912794768,8.80920201624367,9.389683391908148
2833,05/05/2023 12:22:09.348473,3031,True,True,True,True,Eyes,1.188,0.09778633,-3.594093,0.1616253,-0.1612964,0.9735814,0.0,0.0,0.0,0.0,0.0,0.0,0.0,-1.564287,0.7291038,3.452019,1.389835,0.0923321,-3.599285,0.08831996,0.030488,0.06543516,0.9934728,9.87487,4.199027,7.899605,0.2942544,0.02670691,-0.9553535,0.0,0.0,0.0,1.315124,-0.04652619,-2.816915,-0.04920505,0.01727524,0.835253,0.9895775,0.1354015,-0.04901953,-0.1246307,0.9758357,0.1794769,0.07213645,-0.171497,0.9825401,moving,5.185285420509214,-0.1614808523455315,-3.371418172753835,1.1848592490766434,-0.0747109999999999,-0.13885829,0.7823700000000002,0.0903764606941075,-0.0028068351497848,0.9959037231117563,5.827791842557986,0.6714297285867705,8.6610232756487,8.661974835547506,9.213526728583568
2834,05/05/2023 12:22:09.368113,3032,True,True,True,True,Eyes,1.196575,0.09748997,-3.593645,0.153463,-0.163045,0.9746104,0.0,0.0,0.0,0.0,0.0,0.0,0.0,-1.559261,0.7480958,3.449826,1.398726,0.0923184,-3.595454,0.09064488,0.02880416,0.06630448,0.993256,10.15126,4.033589,7.996595,0.2962082,0.02661915,-0.954752,0.0,0.0,0.0,1.315129,-0.0487834,-2.816957,-0.05098797,0.01650842,0.8342798,0.9895481,0.1369365,-0.0451995,-0.1264928,0.9747744,0.1838869,0.06924015,-0.1762475,0.9819077,moving,4.903646645479043,0.050258925403169,-3.497347413229224,1.1335997473148562,-0.0835969999999999,-0.1411018,0.7784970000000002,0.0854803035180602,0.000873972998271,0.9963394753114112,5.549678816976385,0.88722623198387,8.469742883346058,8.47055656441015,9.050380296931444
2835,05/05/2023 12:22:09.388307,3033,True,True,True,True,Eyes,1.196575,0.09748997,-3.593645,0.153463,-0.163045,0.9746104,0.0,0.0,0.0,0.0,0.0,0.0,0.0,-1.54585,0.7807384,3.448076,1.407592,0.09351591,-3.59143,0.0944588,0.02620972,0.06874088,0.9928069,10.60023,3.79333,8.273586,0.2981743,0.0265308,-0.9541423,0.0,0.0,0.0,1.315134,-0.05111862,-2.817001,-0.05352604,0.01582949,0.8327079,0.9891755,0.1414443,-0.03905602,-0.1315414,0.9727045,0.191162,0.06502873,-0.1839553,0.9807812,moving,5.202626425864909,0.4330621868924582,-3.67788362384179,1.0890418401222652,-0.0924579999999999,-0.1446345299999999,0.774429,0.0906756621889621,0.0075271524998475,0.9958520283877504,5.843484105607854,1.2829992908278591,8.90384402116581,8.904704826573038,9.52334305441578
2836,05/05/2023 12:22:09.399077,3034,True,True,True,True,Eyes,1.196575,0.09748997,-3.593645,0.153463,-0.163045,0.9746104,0.0,0.0,0.0,0.0,0.0,0.0,0.0,-1.536489,0.7747447,3.452669,1.416164,0.09427743,-3.587135,0.09332245,0.02371082,0.06972963,0.9929081,10.48712,3.504159,8.355998,0.2999426,0.02645119,-0.9535901,0.0,0.0,0.0,1.315139,-0.05345703,-2.817044,-0.05662645,0.01700899,0.8312038,0.9891512,0.1428957,-0.03407066,-0.1340447,0.9728574,0.1886279,0.06010002,-0.1820145,0.9814574,moving,5.468304142522806,0.267546435178458,-3.897300771531091,1.1722845214968354,-0.1010249999999999,-0.14773446,0.7700909999999999,0.095294057927159,0.0046482988746726,0.9954383115108174,6.105755240913796,1.1146298706935611,9.408229757889712,9.40920328247751,10.00322216322666
2837,05/05/2023 12:22:09.418215,3035,True,True,True,True,Eyes,1.205839,0.09728207,-3.592737,0.1440859,-0.1654975,0.9756279,0.0,0.0,0.0,0.0,0.0,0.0,0.0,-1.521001,0.8100855,3.451206,1.424724,0.09509056,-3.583521,0.0983164,0.02071544,0.07017743,0.9924617,11.08371,3.208037,8.400703,0.3015332,0.02637947,-0.9530904,0.0,0.0,0.0,1.315145,-0.05579844,-2.817088,-0.06074939,0.01816013,0.8291493,0.989292,0.1433701,-0.02731937,-0.1352235,0.970818,0.198058,0.05491773,-0.192243,0.9798095,moving,5.2884568940603724,0.7526035724749021,-4.190409919065136,1.2546986115552623,-0.109579,-0.150889,0.7664330000000001,0.0921620964309223,0.0130791298965305,0.9956581002965208,5.927335095636101,1.61222524852122,9.490671208627283,9.492155471189946,10.124059930613406
2838,05/05/2023 12:22:09.437909,3036,True,True,True,True,Eyes,1.215066,0.0970282,-3.591736,0.1348241,-0.1680415,0.9765165,0.0,0.0,0.0,0.0,0.0,0.0,0.0,-1.505944,0.8024082,3.458611,1.432905,0.09543791,-3.579301,0.09771132,0.01725956,0.06926672,0.9926513,11.04591,2.79164,8.253188,0.3031926,0.02630804,-0.9525658,0.0,0.0,0.0,1.31515,-0.05811602,-2.817131,-0.06492537,0.01846901,0.8271374,0.9898085,0.1408883,-0.02072917,-0.1341425,0.9713092,0.1963776,0.04780174,-0.1915955,0.9803092,moving,5.136998982428882,0.6017444978216541,-4.488175572966272,1.2791351393251564,-0.117755,-0.15355393,0.7621700000000002,0.0895325755902609,0.0104600513902068,0.9959289450901598,5.778397021942068,1.4560203626625592,9.647532550244478,9.648981464539292,10.268096280652909
2839,05/05/2023 12:22:09.448937,3037,True,True,True,True,Eyes,1.22409,0.09670687,-3.590656,0.1239151,-0.1715001,0.9773601,0.0,0.0,0.0,0.0,0.0,0.0,0.0,-1.493001,0.8156747,3.461214,1.441331,0.09410435,-3.576044,0.1001868,0.01420622,0.06747194,0.9925767,11.35977,2.438946,8.020185,0.3049126,0.02623576,-0.9520187,0.0,0.0,0.0,1.315155,-0.0604802,-2.817175,-0.07097368,0.01690724,0.8246055,0.9904914,0.1367887,-0.01468193,-0.1310956,0.9708202,0.2008031,0.04172111,-0.1969691,0.9795216,moving,4.872333294846133,0.7772710013959989,-4.919316164232779,1.1745953470276365,-0.1261759999999998,-0.15458455,0.7588689999999998,0.0849280438506603,0.0135165110178994,0.996295404324256,5.517099865035008,1.63469224380784,9.798214239542595,9.79970743262838,10.44655295733403
2840,05/05/2023 12:22:09.468451,3038,True,True,True,True,Eyes,1.233067,0.09640632,-3.58949,0.1132324,-0.1750507,0.9780264,0.0,0.0,0.0,0.0,0.0,0.0,0.0,-1.47967,0.8437372,3.459968,1.44955,0.09288465,-3.572517,0.1048219,0.01125604,0.06561952,0.9922599,11.91989,2.114122,7.787814,0.3066829,0.026161,-0.951452,0.0,0.0,0.0,1.315161,-0.06299888,-2.817222,-0.07768139,0.01515722,0.8220363,0.9911348,0.132583,-0.008581108,-0.1278635,0.9694129,0.2094983,0.03609456,-0.2065439,0.9777714,moving,4.625617401238481,1.191146293624354,-5.398347638830764,1.0563357560081177,-0.1343889999999998,-0.15588353,0.7552949999999998,0.0806272692421725,0.0207202480147451,0.99652891471044,5.27293436895569,2.058615439875288,10.02296209419448,10.024871520652162,10.718247256636682
2841,05/05/2023 12:22:09.488222,3039,True,True,True,True,Eyes,1.242032,0.09614901,-3.588233,0.1025347,-0.1783689,0.9786067,0.0,0.0,0.0,0.0,0.0,0.0,0.0,-1.469687,0.8623661,3.459521,1.457429,0.09311163,-3.569197,0.1079108,0.008810719,0.064696,0.9920143,12.29576,1.844195,7.661389,0.3084975,0.02608462,-0.9508672,0.0,0.0,0.0,1.315165,-0.06507725,-2.81726,-0.08456858,0.01112714,0.8188188,0.9914736,0.1302602,-0.003517923,-0.1264572,0.9683394,0.2152381,0.03144351,-0.212958,0.9765552,moving,4.301610621106573,1.4334597072285655,-5.896668997621766,0.7785592125066958,-0.1422640000000001,-0.15818888,0.7519369999999999,0.0749834133903621,0.024945554999657,0.9968726646258682,4.9529867445292135,2.305559474609784,10.217348449645494,10.21928577933687,10.956585212722649
2842,05/05/2023 12:22:09.498332,3040,True,True,True,True,Eyes,1.250939,0.09592862,-3.586884,0.09199226,-0.1812871,0.9791182,0.0,0.0,0.0,0.0,0.0,0.0,0.0,-1.459844,0.8543373,3.465487,1.465293,0.09371237,-3.565777,0.1069953,0.006194842,0.06437273,0.9921542,12.2111,1.528321,7.587987,0.3103527,0.02600794,-0.9502653,0.0,0.0,0.0,1.31517,-0.06741212,-2.817304,-0.09167053,0.008875176,0.8157758,0.9916356,0.129061,0.001482688,-0.1264097,0.9688163,0.2131093,0.02606764,-0.2115141,0.9770272,moving,3.973397180283561,1.228974414938384,-6.411556342639085,0.6233208510243928,-0.150123,-0.16112449,0.7484730000000002,0.0692774284283218,0.0213964753508745,0.9973679696333124,4.629945375750598,2.092970924407344,10.401258002092984,10.402599478627696,11.13887927645312
2843,05/05/2023 12:22:09.518354,3041,True,True,True,True,Eyes,1.259826,0.09573406,-3.585456,0.08120181,-0.1839044,0.9795843,0.0,0.0,0.0,0.0,0.0,0.0,0.0,-1.45059,0.8267159,3.475602,1.472844,0.09430214,-3.562207,0.1037566,0.003410886,0.06293514,0.9926037,11.86164,1.161115,7.376486,0.3122428,0.02593206,-0.9496481,0.0,0.0,0.0,1.315176,-0.06987309,-2.817349,-0.09892778,0.007005081,0.8123308,0.9920551,0.1256471,0.006288559,-0.1242315,0.9705474,0.2064077,0.01983119,-0.2055491,0.9784459,moving,3.647373041068204,0.7818596864371681,-6.943439272164984,0.4940741234878267,-0.1576680000000001,-0.16417523,0.7448579999999998,0.0636097818032712,0.0136179676253902,0.9978819117058992,4.309633736439522,1.6308691334010503,10.594113133197329,10.594721609573975,11.310347255126471
2844,05/05/2023 12:22:09.538421,3042,True,True,True,True,Eyes,1.268637,0.09552852,-3.583944,0.07049055,-0.1861628,0.979987,0.0,0.0,0.0,0.0,0.0,0.0,0.0,-1.436831,0.8011408,3.486989,1.480104,0.09446085,-3.558901,0.101106,-1.360662e-05,0.06067058,0.9930241,11.58392,0.715976,7.06511,0.3141641,0.02585762,-0.9490163,0.0,0.0,0.0,1.315181,-0.07202796,-2.817389,-0.1062752,0.001727819,0.8087134,0.9926382,0.120492,0.01229534,-0.1204974,0.9721933,0.2007997,0.01224129,-0.200803,0.9795551,moving,3.416357326548169,0.4190610213118059,-7.486493475257176,0.1224124465286916,-0.1649230000000001,-0.16648881,0.7415120000000002,0.0595897703838175,0.0073009322607714,0.9981962640512486,4.082774155692225,1.2561434417879824,10.906760401256536,10.906885714233388,11.624684919865365
2845,05/05/2023 12:22:09.548163,3043,True,True,True,True,Eyes,1.277311,0.09529219,-3.582379,0.05962235,-0.188457,0.9802699,0.0,0.0,0.0,0.0,0.0,0.0,0.0,-1.420972,0.7733462,3.499121,1.487193,0.09390786,-3.55535,0.09822949,-0.003741049,0.05798517,0.993466,11.28031,0.2312736,6.703574,0.3161119,0.02578424,-0.9483713,0.0,0.0,0.0,1.315186,-0.07438605,-2.817433,-0.1131891,-0.003234029,0.8046579,0.9932474,0.1144776,0.01882492,-0.1159476,0.9739774,0.1947415,0.003958498,-0.1956092,0.980674,moving,3.215932486224455,0.0248641467396595,-8.00710865320448,-0.230278252171869,-0.172007,-0.16829391,0.7379169999999999,0.0560991367067581,0.0004332777995232,0.9984250805371616,3.886142283504381,0.849340070880395,11.22586245131294,11.225940943236637,11.942151965495848
2846,05/05/2023 12:22:09.568323,3044,True,True,True,True,Eyes,1.285902,0.09510385,-3.580739,0.04884426,-0.1907701,0.9804188,0.0,0.0,0.0,0.0,0.0,0.0,0.0,-1.400038,0.768399,3.508505,1.494119,0.09307852,-3.552337,0.09812354,-0.00784885,0.05634915,0.9935467,11.29527,359.7349,6.465902,0.3180805,0.02571106,-0.9477147,0.0,0.0,0.0,1.315191,-0.0767581,-2.817477,-0.1209684,-0.003667489,0.8008657,0.9935264,0.1104307,0.02665475,-0.1135113,0.9743931,0.1940961,-0.004538042,-0.1958652,0.9806203,moving,3.0721840289011872,-0.0650676189888456,-8.589427917280048,-0.2623787886557323,-0.1789279999999999,-0.16983662,0.7348600000000003,0.0535940027413814,-0.0011340118152626,0.9985621728614384,3.74465992995958,0.7558486997500801,11.663180709214844,11.66328105127336,12.376045824154398
2847,05/05/2023 12:22:09.588402,3045,True,True,True,True,Eyes,1.294368,0.09496475,-3.579032,0.03782023,-0.1931627,0.9804376,0.0,0.0,0.0,0.0,0.0,0.0,0.0,-1.376409,0.7756647,3.515562,1.500806,0.09405243,-3.548813,0.09952896,-0.01209838,0.05590739,0.9933892,11.48403,359.2453,6.366464,0.3200665,0.02563936,-0.9470478,0.0,0.0,0.0,1.315197,-0.07910714,-2.817521,-0.1290485,-0.01080313,0.7966629,0.993456,0.1086673,0.0351656,-0.1134839,0.9739367,0.1963892,-0.01290799,-0.1990948,0.9798952,moving,2.9267919439892465,0.0072925673020714,-9.201210003300634,-0.7769105582748356,-0.1856090000000001,-0.17315957,0.7312919999999998,0.0510599451078168,0.0001271132911069,0.9986956252082518,3.6011750242706877,0.8292525260213154,12.15232843664834,12.153328999728087,12.9027447563508
2848,05/05/2023 12:22:09.598691,3046,True,True,True,True,Eyes,1.302752,0.09485903,-3.57726,0.02679892,-0.1954696,0.9803435,0.0,0.0,0.0,0.0,0.0,0.0,0.0,-1.34656,0.7621458,3.529345,1.507327,0.09520907,-3.545316,0.09776286,-0.01728688,0.05610693,0.9934766,11.31425,358.6339,6.329399,0.3220652,0.02557036,-0.9463719,0.0,0.0,0.0,1.315202,-0.08148162,-2.817565,-0.1357096,-0.02001134,0.7924959,0.9931064,0.1081018,0.04531857,-0.1148619,0.9745889,0.1923104,-0.02337787,-0.19619,0.9802872,moving,2.860933302511051,-0.2897318179485469,-9.717265091538431,-1.446470232380538,-0.1921250000000001,-0.17669069,0.727751,0.0499113206282377,-0.0050504499624116,0.9987408460946708,3.536957402052386,0.5233231043647073,12.627810723704602,12.631275414600523,13.399794763319877
2849,05/05/2023 12:22:09.618360,3047,True,True,True,True,Eyes,1.311068,0.09479778,-3.575433,0.01549037,-0.1982447,0.9800302,0.0,0.0,0.0,0.0,0.0,0.0,0.0,-1.314842,0.7597104,3.541134,1.513798,0.09588971,-3.541867,0.09779985,-0.02269417,0.05558539,0.9933934,11.35167,358.0001,6.206509,0.3240739,0.0255047,-0.9456877,0.0,0.0,0.0,1.315207,-0.08387975,-2.81761,-0.1419323,-0.0181537,0.7890421,0.9927905,0.1059974,0.05596096,-0.1148753,0.9746909,0.1917845,-0.03421599,-0.1968304,0.9798403,moving,2.8206607342336723,-0.4045517046839446,-10.19727215673348,-1.3179866134922442,-0.1985909999999999,-0.17976946,0.7242569999999997,0.0492087128544046,-0.0070521470307278,0.9987636734254688,3.4975308899730644,0.4049575185585887,13.046964476549542,13.04994023305678,13.802759396955787
2850,05/05/2023 12:22:09.637952,3048,True,True,True,True,Eyes,1.319297,0.09479297,-3.573543,0.004178524,-0.2010461,0.9795729,0.0,0.0,0.0,0.0,0.0,0.0,0.0,-1.28053,0.7764499,3.549542,1.520148,0.09691872,-3.538593,0.1006257,-0.02829708,0.05498911,0.9930005,11.7098,357.3583,6.068287,0.32609,0.02544326,-0.944996,0.0,0.0,0.0,1.315212,-0.086119,-2.817652,-0.1470095,-0.01466279,0.7859446,0.9923509,0.1035136,0.06726467,-0.1149033,0.9737014,0.1967307,-0.0451314,-0.2029548,0.9781474,moving,2.821611134179692,-0.2023250824771517,-10.594644552020515,-1.0688012030966652,-0.204936,-0.18303772,0.7209410000000003,0.0492261967727053,-0.0035269505494657,0.9987814590657732,3.49799119716807,0.612941002120335,13.442134390148716,13.444206838080976,14.192626226464087
2851,05/05/2023 12:22:09.648616,3049,True,True,True,True,Eyes,1.327465,0.09481838,-3.571609,-0.007409228,-0.204237,0.9788935,0.0,0.0,0.0,0.0,0.0,0.0,0.0,-1.24588,0.7848565,3.559218,1.52635,0.0982723,-3.535089,0.1024245,-0.03400744,0.05412178,0.9926851,11.94845,356.6933,5.895284,0.3281105,0.02538715,-0.9442979,0.0,0.0,0.0,1.315217,-0.08851133,-2.817696,-0.1521868,-0.01915826,0.7823752,0.9918287,0.1004854,0.07860413,-0.1144181,0.9731601,0.1996694,-0.05643056,-0.2070316,0.9767054,moving,2.812846252030947,-0.1406842656563041,-11.007653958563198,-1.402738888330893,-0.211133,-0.18678363,0.717393,0.049073565976198,-0.0024524429888927,0.9987922225450956,3.4892063213101947,0.6762734291044471,13.874217003714952,13.878004465399451,14.645178393936302
2852,05/05/2023 12:22:09.668545,3050,True,True,True,True,Eyes,1.335539,0.0948633,-3.569625,-0.01901906,-0.2074655,0.9780575,0.0,0.0,0.0,0.0,0.0,0.0,0.0,-1.208754,0.799688,3.568279,1.532295,0.09900105,-3.532064,0.104929,-0.03993237,0.0535121,0.9922358,12.26904,356.0087,5.744889,0.3301341,0.02533665,-0.9435936,0.0,0.0,0.0,1.315223,-0.09085329,-2.817739,-0.1559081,-0.01404133,0.7800529,0.9910837,0.09781311,0.0904746,-0.1145734,0.9722527,0.203955,-0.06801471,-0.2125024,0.9747906,moving,2.828524671474778,-0.0028816374768526,-11.302694528261608,-1.0312404107426654,-0.2170719999999999,-0.18985434,0.7143250000000001,0.0493470219784554,-5.023279153452964e-05,0.998781758212628,3.5043359853010347,0.8181037539358936,14.166413747907187,14.168587714996544,14.92207178876331
2853,05/05/2023 12:22:09.688160,3051,True,True,True,True,Eyes,1.343553,0.09490032,-3.567611,-0.03079506,-0.2110494,0.9769901,0.0,0.0,0.0,0.0,0.0,0.0,0.0,-1.169569,0.8119773,3.577848,1.538202,0.09952837,-3.52877,0.1070389,-0.0461388,0.05292976,0.9917724,12.54466,355.2879,5.591621,0.3321586,0.02529175,-0.9428841,0.0,0.0,0.0,1.315228,-0.09324661,-2.817784,-0.158847,-0.01794071,0.7770477,0.9901393,0.09511125,0.1028495,-0.1148658,0.9714823,0.2074321,-0.08018729,-0.2172006,0.9728278,moving,2.861300438654284,0.0668760060619584,-11.553437172983388,-1.322627131731947,-0.222974,-0.1927749799999999,0.7109860000000001,0.0499183209126248,0.0011657509861797,0.9987525432862118,3.5364790083558955,0.8900734905277107,14.477830885460795,14.481553072177752,15.25128238554363
2854,05/05/2023 12:22:09.697919,3052,True,True,True,True,Eyes,1.351479,0.09492955,-3.56556,-0.04258609,-0.2146913,0.975753,0.0,0.0,0.0,0.0,0.0,0.0,0.0,-1.127166,0.8270367,3.58779,1.544122,0.09936762,-3.525981,0.109159,-0.05267009,0.05305615,0.991209,12.82581,354.5368,5.51336,0.3341821,0.0252517,-0.9421699,0.0,0.0,0.0,1.315233,-0.0955564,-2.817827,-0.1619742,-0.01534325,0.7747867,0.9888218,0.09368065,0.1159972,-0.1166783,0.9705387,0.2108098,-0.09283103,-0.2219877,0.9706203,moving,2.9211913666552767,0.1320067647418798,-11.80799433101009,-1.1344910512256634,-0.2288889999999999,-0.19492402,0.708154,0.0509621832490898,0.0023009566731104,0.9986978561322,3.5953606133640683,0.95747386647818,14.780658367436404,14.783535708150488,15.544763129725698
2855,05/05/2023 12:22:09.718137,3053,True,True,True,True,Eyes,1.359341,0.09494792,-3.563483,-0.05442511,-0.2184892,0.9743205,0.0,0.0,0.0,0.0,0.0,0.0,0.0,-1.08416,0.8443762,3.596524,1.550046,0.09924659,-3.522905,0.1113991,-0.05919413,0.05375851,0.9905537,13.12392,353.7932,5.498264,0.3362028,0.02521585,-0.9414517,0.0,0.0,0.0,1.315238,-0.09791872,-2.817871,-0.1648935,-0.009696707,0.7724323,0.9872121,0.09331303,0.1292472,-0.1196897,0.9694005,0.2143292,-0.1052926,-0.2270579,0.9681726,moving,2.9699095960530144,0.2028621287159149,-12.050233124347464,-0.7192231661740204,-0.2348080000000001,-0.1971653099999999,0.7050340000000004,0.051811169833286,0.0035358493939576,0.9986506697964868,3.643215690941309,1.030683711673761,15.04714001563338,15.04841947289654,15.79070960404337
2856,05/05/2023 12:22:09.738039,3054,True,True,True,True,Eyes,1.367123,0.09494542,-3.561377,-0.0663118,-0.2222083,0.9727416,0.0,0.0,0.0,0.0,0.0,0.0,0.0,-1.038686,0.8573697,3.606734,1.555952,0.0990154,-3.520183,0.1127887,-0.06598601,0.05506919,0.9898949,13.33037,353.0219,5.551888,0.3382197,0.0251835,-0.9407299,0.0,0.0,0.0,1.315244,-0.1002553,-2.817914,-0.1688039,-0.007559791,0.7703775,0.9852265,0.09414045,0.1430608,-0.1239104,0.9684922,0.2160304,-0.1182161,-0.2305656,0.965849,moving,3.0329656563602003,0.1808159556136823,-12.359230629444529,-0.562231134246139,-0.2407079999999999,-0.1992707,0.7022689999999998,0.0529102556446329,0.0031514080739993,0.9985943006313728,3.7054226149056015,1.008450386473195,15.409302049488865,15.410120878127142,16.141255350831248
2857,05/05/2023 12:22:09.748352,3055,True,True,True,True,Eyes,1.374851,0.09491428,-3.559241,-0.07820073,-0.226022,0.9709781,0.0,0.0,0.0,0.0,0.0,0.0,0.0,-0.99003,0.862892,3.618766,1.561913,0.09853662,-3.517233,0.1128986,-0.07317489,0.05700194,0.9892675,13.39812,352.2068,5.678752,0.3402313,0.02515379,-0.9400051,0.0,0.0,0.0,1.315249,-0.1025189,-2.817956,-0.1730064,-0.01177739,0.7682359,0.9827924,0.09625765,0.15765,-0.129303,0.9680094,0.2150316,-0.1319082,-0.231716,0.9637987,moving,3.1220576610689443,0.0063776618354278,-12.69126696793534,-0.8783003817113718,-0.2466640000000002,-0.20105552,0.6992769999999999,0.0544632178100762,0.000111145973936,0.9985156558053996,3.793652509325264,0.829673293060436,15.836280319062434,15.838051997105175,16.573163374729628
2858,05/05/2023 12:22:09.768390,3056,True,True,True,True,Eyes,1.382513,0.09485364,-3.557086,-0.09017416,-0.2298005,0.9690512,0.0,0.0,0.0,0.0,0.0,0.0,0.0,-0.9390156,0.8681325,3.630909,1.567923,0.09780274,-3.514393,0.1130671,-0.08068928,0.05863494,0.9885681,13.47444,351.349,5.764945,0.3422369,0.02512572,-0.9392775,0.0,0.0,0.0,1.315254,-0.105019,-2.818003,-0.1767021,-0.02026351,0.7660086,0.9801024,0.09768265,0.1727931,-0.1341759,0.9675555,0.2140867,-0.1462743,-0.2330115,0.9614102,moving,3.2457157992925403,-0.1598031999134169,-12.989708402590908,-1.515313139313835,-0.252669,-0.20282174,0.6963900000000001,0.056617911268283,-0.0027846142838389,0.998391974727513,3.9159351228188433,0.6596294757655334,16.28673661679883,16.29191229447655,17.044974578658568
2859,05/05/2023 12:22:09.777931,3057,True,True,True,True,Eyes,1.390132,0.09475505,-3.554909,-0.1021113,-0.2335579,0.9669665,0.0,0.0,0.0,0.0,0.0,0.0,0.0,-0.8858215,0.8770432,3.642088,1.574062,0.09706073,-3.511638,0.1137822,-0.0884584,0.06023852,0.9877247,13.61686,350.4624,5.838659,0.3442355,0.02509837,-0.9385476,0.0,0.0,0.0,1.315259,-0.1072586,-2.818045,-0.1788274,-0.0274833,0.7641975,0.9770929,0.09886816,0.1884533,-0.1391281,0.9668499,0.2141138,-0.161037,-0.2354282,0.9584574,moving,3.4033597261903283,-0.2621923186431915,-13.170610462129304,-2.059675329403352,-0.2588030000000001,-0.20431933,0.6935929999999999,0.0593642957599416,-0.0045680332878981,0.9982260444524356,4.071567546993798,0.555428294626812,16.661567760378784,16.671155718104227,17.439365512044983
2860,05/05/2023 12:22:09.798298,3058,True,True,True,True,Eyes,1.397702,0.09461012,-3.552717,-0.1141383,-0.2372662,0.9647161,0.0,0.0,0.0,0.0,0.0,0.0,0.0,-0.832176,0.8800384,3.654014,1.580246,0.09603772,-3.508903,0.1137325,-0.09632541,0.06161532,0.9869092,13.67166,349.5575,5.889731,0.3462269,0.02507069,-0.9378154,0.0,0.0,0.0,1.315264,-0.109621,-2.818089,-0.1801881,-0.03472246,0.7621446,0.9738499,0.09970681,0.2041442,-0.1435281,0.9665369,0.2126171,-0.1761136,-0.2363576,0.9555727,moving,3.562223949202749,-0.4494625614147555,-13.30176221779818,-2.608528199796296,-0.264982,-0.20565872,0.690814,0.0621305847126986,-0.0078293655396019,0.9980372970320524,4.228602836382593,0.363940938124109,16.986349327412388,17.00163503524407,17.780586933752545
2861,05/05/2023 12:22:09.820229,3059,True,True,True,True,Eyes,1.586417,0.09005009,-3.49733,-0.4051239,-0.3185676,0.8569652,0.0,0.0,0.0,0.0,0.0,0.0,0.0,-0.778596,0.8873683,3.664258,1.586701,0.09479924,-3.506253,0.114337,-0.1041761,0.06279556,0.9859671,13.8009,348.6531,5.910759,0.3482105,0.02504152,-0.9370815,0.0,0.0,0.0,1.31527,-0.1119438,-2.818132,-0.1807621,-0.03696454,0.7609451,0.9704081,0.1000063,0.219788,-0.1476511,0.9659675,0.2123815,-0.1910686,-0.2385487,0.9521487,moving,-13.718930846958743,-3.889481880117279,-13.362901123753106,-2.781079189217194,-0.271431,-0.20674304,0.6881210000000002,-0.2366435290703494,-0.0659054730327551,0.9693587328257116,-12.797494853828962,-3.294404274538794,1.1302937622705145,1.164179405847927,0.7636667422966399
2862,05/05/2023 12:22:09.838166,3060,True,True,True,True,Eyes,1.586685,0.09002111,-3.497221,-0.4056475,-0.3186271,0.8566953,0.0,0.0,0.0,0.0,0.0,0.0,0.0,-0.7266948,0.8976171,3.672585,1.593183,0.09371268,-3.503522,0.1153622,-0.1117543,0.06403199,0.9849378,13.97869,347.7818,5.935746,0.3556782,0.0248625,-0.9342775,0.5661453,-0.01368011,0.1661611,1.315275,-0.1141952,-2.818174,-0.1812534,-0.0382756,0.7598053,0.9668217,0.1003506,0.2349159,-0.1519195,0.9651829,0.2129375,-0.2053684,-0.241561,0.9484051,moving,-12.906609645020689,-3.733958461856973,-13.417284999411674,-2.883867850472805,-0.277908,-0.20790788,0.6853479999999998,-0.2229119880187709,-0.0634851407654945,0.9727691620586324,-11.997148354835232,-3.1287938793851926,0.978013543858926,0.9916871306747234,1.4411026503714526
2863,05/05/2023 12:22:09.848447,3061,True,True,True,True,Eyes,1.587203,0.08993899,-3.497025,-0.4063836,-0.3187443,0.8563027,0.0,0.0,0.0,0.0,0.0,0.0,0.0,-0.6737052,0.9012185,3.682026,1.59996,0.09300458,-3.500695,0.1154212,-0.1194984,0.06561842,0.9839168,14.05259,346.8917,6.008348,0.3619858,0.0247102,-0.9318558,0.5321766,-0.01285931,0.1561914,1.31528,-0.1165799,-2.818218,-0.1806668,-0.04451981,0.7588053,0.9628288,0.1015408,0.2503005,-0.1567114,0.9647443,0.2114472,-0.2200054,-0.2428124,0.9447961,moving,-12.106167688075068,-3.679812951224327,-13.392417109363857,-3.3577472339690937,-0.28468,-0.20958448,0.682477,-0.2093103763048865,-0.0627590535436938,0.9758331520952476,-11.2082724648007,-3.0675268724587026,1.3260583932080556,1.3259577293401426,2.2033419359257724
2864,05/05/2023 12:22:09.868159,3062,True,True,True,True,Eyes,1.587985,0.08979988,-3.496744,-0.4076086,-0.3190488,0.8556069,0.0,0.0,0.0,0.0,0.0,0.0,0.0,-0.6207407,0.900614,3.692023,1.606736,0.09171197,-3.498206,0.115007,-0.12729,0.0666446,0.9829188,14.0667,345.9857,6.020193,0.3673398,0.02457886,-0.9297617,0.500246,-0.01208775,0.1468199,1.315285,-0.1189006,-2.818261,-0.1793551,-0.04777355,0.7580875,0.9587115,0.101734,0.2655606,-0.1602909,0.9646638,0.2091186,-0.2349022,-0.2430514,0.9411414,moving,-11.327586546951911,-3.713768442434007,-13.310794334654272,-3.605926653744988,-0.2914509999999999,-0.21061257,0.679945,-0.1960216737959463,-0.0635155054002628,0.9785404227107812,-10.440737400510423,-3.0970184310145776,1.9837646482339064,1.986137704337474,2.9148266473994315
2865,05/05/2023 12:22:09.888124,3063,True,True,True,True,Eyes,1.589061,0.0896223,-3.496373,-0.4088882,-0.319677,0.8547614,0.0,0.0,0.0,0.0,0.0,0.0,0.0,-0.5682325,0.9179547,3.697009,1.613945,0.09023846,-3.495775,0.117167,-0.134962,0.0673088,0.9815939,14.37037,345.0941,5.955737,0.3719869,0.02446134,-0.9279154,0.4702312,-0.01136248,0.1380107,1.31529,-0.1212493,-2.818305,-0.1774242,-0.04718891,0.7580719,0.9545096,0.1005136,0.2807285,-0.163766,0.9634829,0.2118525,-0.249183,-0.248189,0.9361144,moving,-10.532460721218426,-3.496158817327162,-13.172776776125808,-3.56198570219842,-0.2986549999999999,-0.21148776,0.67747,-0.1824636945310606,-0.059957899598424,0.9813827213742968,-9.657486847394326,-2.867676344499295,2.635705385134448,2.641136506993445,3.5832009108099925
2866,05/05/2023 12:22:09.898775,3064,True,True,True,True,Eyes,1.590385,0.08943142,-3.495922,-0.4106121,-0.3205048,0.8536242,0.0,0.0,0.0,0.0,0.0,0.0,0.0,-0.5156448,0.9454529,3.698713,1.621173,0.08913211,-3.493437,0.1206867,-0.1425125,0.06829259,0.9800313,14.83394,344.222,5.905503,0.3761886,0.02435038,-0.9262229,0.4420173,-0.01068074,0.1297301,1.315296,-0.1236166,-2.818349,-0.1752876,-0.04867399,0.7578914,0.9500526,0.09945903,0.2958173,-0.1682564,0.9615417,0.2170883,-0.2628493,-0.2560185,0.9302499,moving,-9.770897193692075,-3.128070256742381,-13.022576665879184,-3.674655008665883,-0.3058769999999999,-0.21274871,0.6750880000000001,-0.1694633507096299,-0.0537787602112995,0.9840680444113054,-8.90767355728976,-2.483810560737009,3.2840908452503594,3.297298027306342,4.283752804754486
2867,05/05/2023 12:22:09.918196,3065,True,True,True,True,Eyes,1.591974,0.0892259,-3.495392,-0.4123789,-0.3214128,0.8524302,0.0,0.0,0.0,0.0,0.0,0.0,0.0,-0.463571,0.9646803,3.701515,1.628534,0.08866423,-3.49095,0.1231184,-0.1500387,0.06940378,0.9785261,15.17546,343.3493,5.880528,0.3799971,0.02424507,-0.9246696,0.4154963,-0.01003989,0.1219463,1.315301,-0.12591,-2.818392,-0.1724891,-0.04825172,0.7582337,0.945343,0.09888176,0.3107233,-0.1727719,0.9600499,0.2201227,-0.2765438,-0.2617758,0.9246605,moving,-9.029633226639348,-2.8836295328411325,-12.81599623481109,-3.641221724805365,-0.3132329999999999,-0.2145742299999999,0.6725580000000004,-0.1567514149749921,-0.0496856821281398,0.9863874076324624,-8.177578388403838,-2.2272500500069645,3.8452059899789615,3.8614104623798458,4.849147967942563
2868,05/05/2023 12:22:09.938223,3066,True,True,True,True,Eyes,1.593802,0.08898804,-3.494801,-0.4146368,-0.3224855,0.8509286,0.0,0.0,0.0,0.0,0.0,0.0,0.0,-0.4074792,0.9777699,3.70579,1.636186,0.08811606,-3.488564,0.1247812,-0.1581644,0.07027607,0.9769723,15.42911,342.3979,5.825653,0.3834594,0.02414452,-0.9232418,0.3905665,-0.009437498,0.1146295,1.315306,-0.1282827,-2.818436,-0.1693082,-0.04836495,0.7583876,0.9400906,0.09784365,0.3265828,-0.1767875,0.9589818,0.2215853,-0.2915063,-0.266046,0.9188274,moving,-8.256919212061081,-2.745365496080441,-12.584779826552884,-3.649004693551658,-0.3208799999999998,-0.21639876,0.6701280000000001,-0.1434507032200493,-0.0474019556058473,0.988521626608576,-7.41623241311285,-2.07966600114206,4.403091104143197,4.421192293677779,5.401546657807514
2869,05/05/2023 12:22:09.948338,3067,True,True,True,True,Eyes,1.595858,0.08873954,-3.494165,-0.4168624,-0.3237256,0.8493689,0.0,0.0,0.0,0.0,0.0,0.0,0.0,-0.3506172,0.9950524,3.708313,1.643828,0.08713291,-3.486386,0.1271777,-0.1664166,0.07041037,0.9752814,15.75373,341.4177,5.66541,0.3866167,0.02404745,-0.9219267,0.3671325,-0.008871248,0.1077517,1.315311,-0.1305914,-2.818479,-0.1657272,-0.04733838,0.7590055,0.9346958,0.09501088,0.3425152,-0.1796688,0.9577364,0.2246333,-0.3066967,-0.2715031,0.9122627,moving,-7.446634334216196,-2.563505778368261,-12.317094783136993,-3.568855213324818,-0.3285170000000001,-0.2177243099999999,0.667907,-0.1294751777185192,-0.0443502119206078,0.9905903744604452,-6.617955195556814,-1.8869846446424636,4.954616815404656,4.973139096272015,5.942127619676598
2870,05/05/2023 12:22:09.967963,3068,True,True,True,True,Eyes,1.598153,0.0884864,-3.493454,-0.419561,-0.3250939,0.8475156,0.0,0.0,0.0,0.0,0.0,0.0,0.0,-0.2929368,1.025916,3.706574,1.651984,0.08674613,-3.484313,0.1313402,-0.1746413,0.07117441,0.973234,16.29061,340.4473,5.539953,0.3895057,0.02395326,-0.9207123,0.3451046,-0.008338973,0.1012866,1.315316,-0.1329386,-2.818522,-0.1623546,-0.04601583,0.7593992,0.9288692,0.09266391,0.3586297,-0.1844136,0.9553679,0.2307895,-0.3212375,-0.2805095,0.9045004,moving,-6.6601226436472185,-2.170254675738206,-12.067789758039766,-3.467600518497002,-0.3366679999999999,-0.21968473,0.665791,-0.11589740770485,-0.0376138437400584,0.992548819166072,-5.843609547953368,-1.477066855669095,5.5407346140002645,5.561112285847692,6.534725973633648
2871,05/05/2023 12:22:09.988376,3069,True,True,True,True,Eyes,1.600696,0.08821508,-3.492692,-0.4224303,-0.3263207,0.8456166,0.0,0.0,0.0,0.0,0.0,0.0,0.0,-0.2345021,1.039484,3.708088,1.660097,0.08641011,-3.481673,0.1331421,-0.1830621,0.07199937,0.9713792,16.56026,339.4494,5.455607,0.3921595,0.02386155,-0.9195874,0.3243983,-0.007838635,0.09520941,1.315321,-0.1352298,-2.818565,-0.1587538,-0.04547696,0.7601131,0.9226087,0.09113085,0.3748177,-0.1886239,0.9541786,0.2323022,-0.3364731,-0.2850236,0.8975229,moving,-5.888185170224412,-2.030750627847532,-11.79695926728617,-3.423879346443358,-0.3447759999999999,-0.22163991,0.6631079999999998,-0.1025236664925034,-0.0352491372956338,0.994105823306044,-5.083031938750044,-1.3282129516676409,6.050510374684408,6.070784047936843,7.033394472874138
2872,05/05/2023 12:22:09.998135,3070,True,True,True,True,Eyes,1.603473,0.08791286,-3.491866,-0.4257368,-0.3276915,0.8434255,0.0,0.0,0.0,0.0,0.0,0.0,0.0,-0.1747729,1.049284,3.71047,1.668612,0.08570207,-3.479586,0.1344787,-0.1917242,0.07239491,0.9694929,16.76889,338.4123,5.3219,0.394608,0.02377161,-0.9185416,0.3049344,-0.007368317,0.08949685,1.315327,-0.1376067,-2.818609,-0.1549361,-0.04647838,0.7605776,0.9160016,0.08880707,0.3912216,-0.1919383,0.9533489,0.2329925,-0.3522793,-0.2885119,0.8903146,moving,-5.1154426905282735,-1.966422076536494,-11.514093449496348,-3.496957502267332,-0.353285,-0.22330877,0.6609769999999999,-0.0891106674096655,-0.0341772948945116,0.995435240266406,-4.321483689193545,-1.256666515931618,6.557858704684307,6.579154218032877,7.533428095326868
2873,05/05/2023 12:22:10.018468,3071,True,True,True,True,Eyes,1.606495,0.08758362,-3.490978,-0.4291278,-0.3288946,0.8412358,0.0,0.0,0.0,0.0,0.0,0.0,0.0,-0.1179987,1.065404,3.709596,1.677088,0.08468454,-3.477113,0.1366641,-0.1999655,0.072721,0.9674959,17.06925,337.4203,5.164979,0.3968777,0.02368246,-0.9175655,0.2866384,-0.006926218,0.08412704,1.315332,-0.1400487,-2.818654,-0.1505797,-0.04729456,0.7612599,0.9094509,0.08605834,0.4068083,-0.1953708,0.9520692,0.2353606,-0.3670549,-0.2935273,0.8826735,moving,-4.381120223296064,-1.7987694977500142,-11.188859225751337,-3.5550281830583588,-0.3617559999999999,-0.22473324,0.6584590000000001,-0.0763530577056212,-0.0312976630918968,0.996589516655492,-3.5980498869383397,-1.0791259973627616,7.0080982594404695,7.030629765196834,7.98438964801586
2874,05/05/2023 12:22:10.038027,3072,True,True,True,True,Eyes,1.609748,0.08724043,-3.49004,-0.4328585,-0.3302191,0.838802,0.0,0.0,0.0,0.0,0.0,0.0,0.0,-0.06525266,1.072098,3.710668,1.685874,0.08367801,-3.474699,0.1375567,-0.2077748,0.07294894,0.965705,17.21705,336.4772,5.029046,0.398993,0.0235933,-0.9166501,0.2694401,-0.006510645,0.07907942,1.315337,-0.1422891,-2.818696,-0.1458751,-0.04705104,0.7621692,0.9030162,0.08373267,0.4213675,-0.198056,0.9515132,0.2353646,-0.3812291,-0.2959924,0.8758156,moving,-3.733500767090846,-1.7832977816702806,-10.835070198969904,-3.532561078639075,-0.3705370000000001,-0.22596711,0.6560030000000001,-0.0650843712566399,-0.0310534113613557,0.9973964309601328,-2.9597215042528955,-1.058698168261589,7.292433174686101,7.313836919013248,8.25476315606464
2875,05/05/2023 12:22:10.048707,3073,True,True,True,True,Eyes,1.609748,0.08724043,-3.49004,-0.4328585,-0.3302191,0.838802,0.0,0.0,0.0,0.0,0.0,0.0,0.0,-0.01598644,1.08588,3.709148,1.694731,0.08302572,-3.472487,0.1393429,-0.2150195,0.0735925,0.9638124,17.47253,335.605,4.927731,0.4009745,0.02350377,-0.9157873,0.2532737,-0.006120007,0.07433465,1.315343,-0.1448366,-2.818743,-0.141101,-0.04805323,0.7630829,0.8967015,0.08193584,0.4349862,-0.2017816,0.9503354,0.2369532,-0.3939678,-0.3002485,0.8687003,moving,-2.88628084527063,-1.5904142640780254,-10.476184241019164,-3.603299903724771,-0.379388,-0.22786232,0.6537440000000001,-0.0503344505763856,-0.0277192189653272,0.9983476439678646,-2.1250630278447176,-0.8544219876003329,7.829903448442431,7.8522826079485455,8.791902826742847
2876,05/05/2023 12:22:10.068046,3074,True,True,True,True,Eyes,1.609748,0.08724043,-3.49004,-0.4328585,-0.3302191,0.838802,0.0,0.0,0.0,0.0,0.0,0.0,0.0,0.03480458,1.105202,3.70499,1.703478,0.08432304,-3.469969,0.1417036,-0.2221342,0.07622065,0.9616481,17.84244,334.7782,5.040886,0.4027566,0.0234231,-0.915007,0.2380772,-0.005752806,0.06987457,1.315348,-0.1469671,-2.818783,-0.1364042,-0.04746689,0.7640939,0.8896936,0.08364047,0.4488312,-0.2095493,0.948221,0.2386755,-0.4056283,-0.3064004,0.861153,moving,-2.0779722890251766,-1.2737099459249115,-10.12168211632539,-3.5547490369173333,-0.3881300000000001,-0.2312901399999999,0.651186,-0.0362505594254376,-0.0222139903858203,0.9990957740895224,-1.32905162733781,-0.5230755598700285,8.338999002033457,8.360885546426381,9.300612613548964
2877,05/05/2023 12:22:10.088015,3075,True,True,True,True,Eyes,1.609748,0.08724043,-3.49004,-0.4328585,-0.3302191,0.838802,0.0,0.0,0.0,0.0,0.0,0.0,0.0,0.09449208,1.073196,3.715239,1.712833,0.08321197,-3.467414,0.1370906,-0.2308933,0.07763413,0.9601394,17.40371,333.7465,5.157135,0.4043592,0.02335041,-0.9143018,0.2237926,-0.005407638,0.0656821,1.315353,-0.1492875,-2.818826,-0.1321512,-0.04653436,0.765126,0.8813224,0.08577253,0.4646654,-0.2123857,0.9503582,0.2274017,-0.4220937,-0.2991025,0.8557889,moving,-1.1493901379938385,-1.7853235247183832,-9.799344953625868,-3.480397053350414,-0.39748,-0.2324994699999999,0.6485880000000002,-0.020049562728531,-0.0311484680468145,0.999313623545577,-0.4125335819024138,-1.042761190549773,8.795834703723065,8.81447630775333,9.69815942990878
2878,05/05/2023 12:22:10.098735,3076,True,True,True,True,Eyes,1.609748,0.08724043,-3.49004,-0.4328585,-0.3302191,0.838802,0.0,0.0,0.0,0.0,0.0,0.0,0.0,0.139987,1.090373,3.711322,1.722079,0.07917198,-3.465631,0.1394347,-0.2379282,0.07583155,0.9582264,17.65621,332.8496,4.75418,0.4058006,0.02328492,-0.9136646,0.210365,-0.00508318,0.06174117,1.315358,-0.1516235,-2.81887,-0.128201,-0.04723309,0.7661992,0.8752795,0.07897671,0.4771253,-0.2116785,0.9496151,0.231135,-0.4348311,-0.3033049,0.8478963,moving,-0.2715874198112786,-1.608961350506651,-9.498779876186672,-3.527589662753459,-0.4067209999999999,-0.23079548,0.6467610000000001,-0.0047382079659491,-0.0280776663079464,0.999594479912245,0.4523095859564039,-0.8552628616662199,9.405517378966588,9.42455384766547,10.303664979772204
2879,05/05/2023 12:22:10.118290,3077,True,True,True,True,Eyes,1.609748,0.08724043,-3.49004,-0.4328585,-0.3302191,0.838802,0.0,0.0,0.0,0.0,0.0,0.0,0.0,0.1757805,1.186573,3.682955,1.731981,0.07999573,-3.463647,0.1520614,-0.2426912,0.07883175,0.9548634,19.18741,332.2671,4.660584,0.4070968,0.02322594,-0.9130893,0.1977431,-0.004778189,0.0580367,1.315363,-0.1540464,-2.818915,-0.1239511,-0.04831745,0.767485,0.869773,0.07673915,0.4874485,-0.224355,0.9413258,0.2521321,-0.4394994,-0.3286591,0.8359566,moving,0.4035495671373953,-0.12839534689228,-9.174221024157864,-3.602333889443295,-0.4166179999999999,-0.23404213,0.6447319999999999,0.0070431924790136,-0.0022408640109377,0.9999726507256326,1.1143100320645034,0.6721105232679616,10.166723268674586,10.188323635265116,11.141128593289398
2880,05/05/2023 12:22:10.138130,3078,True,True,True,True,Eyes,1.609748,0.08724043,-3.49004,-0.4328585,-0.3302191,0.838802,0.0,0.0,0.0,0.0,0.0,0.0,0.0,0.2156075,1.130917,3.699202,1.740583,0.08101296,-3.460254,0.1444083,-0.2489507,0.08043857,0.9543058,18.40125,331.5579,4.934873,0.4082628,0.02317281,-0.9125699,0.1858785,-0.004491497,0.0545545,1.315368,-0.1563076,-2.818957,-0.1197733,-0.04526064,0.7691691,0.8631064,0.08162487,0.4983821,-0.2254271,0.9453518,0.235569,-0.4519181,-0.3156699,0.8343397,moving,1.0021208758980484,-0.9741996440908726,-8.850889174025804,-3.367603772525949,-0.4252149999999999,-0.2373205599999999,0.6412969999999998,0.0174868891687708,-0.016999571757266,0.9997025325057092,1.7063206204559085,-0.193569740233255,10.122756336275089,10.139536003482135,11.024026972157351
2881,05/05/2023 12:22:10.148408,3079,True,True,True,True,Eyes,1.609748,0.08724043,-3.49004,-0.4328585,-0.3302191,0.838802,0.0,0.0,0.0,0.0,0.0,0.0,0.0,0.2488439,1.086738,3.712741,1.749882,0.07858248,-3.458194,0.1384406,-0.2547245,0.07908538,0.9537795,17.72048,330.8487,4.837668,0.4093111,0.02312499,-0.9121014,0.1747258,-0.004222007,0.05128123,1.315374,-0.1587234,-2.819002,-0.1156667,-0.04045869,0.7712281,0.8577218,0.0803316,0.5077993,-0.2213885,0.9491594,0.2237936,-0.4640048,-0.3043735,0.8318992,moving,1.613450019836651,-1.7130573823803696,-8.529493021257624,-3.0029885554998823,-0.4345079999999999,-0.2373058799999999,0.6391920000000004,0.0281437187493005,-0.0298821948643981,0.9991571026400738,2.310654731211214,-0.949173494979478,10.211964951752869,10.224637693643148,11.032994135690258
2882,05/05/2023 12:22:10.168325,3080,True,True,True,True,Eyes,1.609748,0.08724043,-3.49004,-0.4328585,-0.3302191,0.838802,0.0,0.0,0.0,0.0,0.0,0.0,0.0,0.2968247,1.15987,3.689965,1.759618,0.0785148,-3.456418,0.147741,-0.260952,0.08280142,0.9503793,18.90708,330.1036,4.86782,0.4102545,0.02308191,-0.9116787,0.1642423,-0.003968687,0.04820435,1.315379,-0.1610538,-2.819045,-0.1119549,-0.03773588,0.7732551,0.850096,0.08027888,0.5204731,-0.2344921,0.9426331,0.2376056,-0.4715404,-0.3240344,0.8201533,moving,2.4125888915589457,-0.600404781024138,-8.23826099492695,-2.793893898396556,-0.4442389999999998,-0.2395686,0.6373730000000002,0.0420928690000431,-0.010469560746392,0.9990588115362292,3.095751972274181,0.2006897445563576,10.863574055346504,10.874373444593846,11.72294251181522
2883,05/05/2023 12:22:10.188559,3081,True,True,True,True,Eyes,1.609748,0.08724043,-3.49004,-0.4328585,-0.3302191,0.838802,0.0,0.0,0.0,0.0,0.0,0.0,0.0,0.3390495,1.139935,3.693665,1.768765,0.07880341,-3.452945,0.1452,-0.2675352,0.08308666,0.9489145,18.66426,329.3061,4.843381,0.4111029,0.02304313,-0.9112974,0.1543877,-0.003730566,0.04531209,1.315384,-0.163361,-2.819088,-0.1075485,-0.03610203,0.7755535,0.8430431,0.07999204,0.5318643,-0.2353765,0.9440271,0.2311076,-0.4836075,-0.320022,0.8146838,moving,3.141530904018292,-0.91801738162625,-7.895039203410731,-2.6651956496286244,-0.4533809999999998,-0.24216441,0.6338570000000003,0.0547955739870332,-0.0159976686476759,0.9983693955146716,3.8150256493123775,-0.1208707596760169,11.164626299679618,11.174010543953129,11.983288697207184
2884,05/05/2023 12:22:10.198346,3082,True,True,True,True,Eyes,1.609748,0.08724043,-3.49004,-0.4328585,-0.3302191,0.838802,0.0,0.0,0.0,0.0,0.0,0.0,0.0,0.3747252,1.175826,3.682189,1.778857,0.07812186,-3.451241,0.1497487,-0.2727606,0.08456968,0.946586,19.2466,328.6594,4.764245,0.4118662,0.0230082,-0.9109535,0.1451245,-0.003506732,0.04259337,1.31539,-0.1657469,-2.819132,-0.1024715,-0.03329486,0.7780987,0.8368993,0.07841383,0.5417111,-0.241796,0.9408466,0.2373655,-0.4910543,-0.3296346,0.806354,moving,3.797893025985645,-0.3973296988217214,-7.502378630268323,-2.450192936234686,-0.4634669999999998,-0.24386876,0.6321089999999998,0.0662356195715365,-0.0069194272022924,0.9977799829913544,4.46078131099898,0.4191996186940823,11.477676360338585,11.485224724691218,12.302463550631774
2885,05/05/2023 12:22:10.218303,3083,True,True,True,True,Eyes,1.616483,0.08679476,-3.488394,-0.4381101,-0.3312782,0.835652,0.0,0.0,0.0,0.0,0.0,0.0,0.0,0.4060585,1.211925,3.668466,1.787662,0.0794064,-3.448078,0.1546948,-0.2774388,0.08579513,0.9443181,19.86273,328.0688,4.647141,0.4125529,0.02297675,-0.9106435,0.136417,-0.003296328,0.04003777,1.315395,-0.1680425,-2.819175,-0.09771872,-0.02783842,0.7812131,0.8313339,0.07619915,0.5505251,-0.2478725,0.9374175,0.2445563,-0.4974368,-0.3397679,0.7981945,moving,4.047796395445705,0.1386257568936335,-7.129860574730331,-2.04086355533629,-0.472267,-0.2474489,0.6289030000000002,0.0705884151514859,0.0024134381773957,0.9975025922692204,4.705850624745597,0.9721374587605284,11.382942044106851,11.388160035978128,12.2131992003876
2886,05/05/2023 12:22:10.238153,3084,True,True,True,True,Eyes,1.623309,0.08638207,-3.486725,-0.4434861,-0.3324835,0.832331,0.0,0.0,0.0,0.0,0.0,0.0,0.0,0.4394631,1.192572,3.672854,1.796596,0.08018458,-3.445436,0.1523637,-0.2829262,0.08531415,0.9431118,19.61311,327.389,4.548764,0.4133323,0.02293609,-0.9102911,0.128232,-0.003098548,0.0376355,1.3154,-0.1703433,-2.819218,-0.09311904,-0.02608067,0.7837307,0.8253486,0.07470617,0.5596595,-0.2471369,0.9390136,0.2391167,-0.5076645,-0.3356671,0.7934761,moving,4.29853373609825,-0.205727666014432,-6.775837918852656,-1.905962194096532,-0.4811960000000002,-0.25052788,0.6262180000000002,0.0749527307054122,-0.0035805174936423,0.9971807059308458,4.953816284539669,0.6197410023738668,11.199968573080753,11.204128926536976,11.998498421378404
2887,05/05/2023 12:22:10.248091,3085,True,True,True,True,Eyes,1.630327,0.08602749,-3.484932,-0.4490347,-0.3337912,0.8288253,0.0,0.0,0.0,0.0,0.0,0.0,0.0,0.4732779,1.208683,3.665469,1.80553,0.08054126,-3.442985,0.1547103,-0.2881771,0.08526351,0.9411423,19.89825,326.7143,4.3501,0.4141964,0.02288801,-0.9098995,0.1205381,-0.002912635,0.03537737,1.315405,-0.1726697,-2.819261,-0.08815002,-0.02467373,0.7868677,0.8193681,0.07132224,0.5688136,-0.2496581,0.9375897,0.2420669,-0.5160491,-0.3403508,0.7860373,moving,4.57221897347396,-0.0128133864366159,-6.391993803215787,-1.7960294014627591,-0.4901250000000001,-0.25321096,0.6237240000000002,0.0797156085656188,-0.0002229241036027,0.9968176748921928,5.2231359343242,0.8200492697247712,11.10473010417466,11.10827714673938,11.906095347918564
2888,05/05/2023 12:22:10.268312,3086,True,True,True,True,Eyes,1.637408,0.08573096,-3.483103,-0.4546881,-0.3351898,0.8251706,0.0,0.0,0.0,0.0,0.0,0.0,0.0,0.5074449,1.223302,3.65784,1.814201,0.08133356,-3.440322,0.15697,-0.2935019,0.08497743,0.9391464,20.16457,326.0231,4.121748,0.4151424,0.02283475,-0.9094696,0.1133058,-0.002737877,0.03325473,1.31541,-0.17506,-2.819305,-0.0836798,-0.02181146,0.7896273,0.813271,0.0674705,0.5779602,-0.2517545,0.9362785,0.2449536,-0.5246046,-0.3447177,0.7784341,moving,4.848199560893958,0.1591184524391652,-6.049273154325298,-1.582248874186189,-0.498791,-0.25639356,0.6210170000000002,0.0845157802744768,0.0027672011051552,0.9964182931342894,5.494767574539597,0.9987944756480504,11.0330185128781,11.035727060107387,11.829060027044203
2889,05/05/2023 12:22:10.288083,3087,True,True,True,True,Eyes,1.644648,0.08548845,-3.481166,-0.4605178,-0.3366942,0.8213162,0.0,0.0,0.0,0.0,0.0,0.0,0.0,0.5389431,1.235129,3.650948,1.822791,0.08240438,-3.437451,0.1589133,-0.2985467,0.0844712,0.9372733,20.38505,325.362,3.88183,0.416163,0.02277836,-0.9090043,0.1065074,-0.002573604,0.03125945,1.315415,-0.1773246,-2.819348,-0.08024082,-0.02072923,0.7924518,0.807469,0.06345913,0.5864868,-0.2532312,0.9352224,0.2474531,-0.5327925,-0.3483274,0.7712329,moving,5.075710162124146,0.2859292802328858,-5.781858170936987,-1.4984212353464927,-0.507376,-0.25972898,0.6181029999999996,0.0884709334017134,0.0049708179667415,0.99606631994295,5.718728194478568,1.13079766650384,11.000774588033472,11.00321302481872,11.797299639418728
2890,05/05/2023 12:22:10.298969,3088,True,True,True,True,Eyes,1.651923,0.08526779,-3.479209,-0.4664215,-0.3382819,0.8173226,0.0,0.0,0.0,0.0,0.0,0.0,0.0,0.5688789,1.253158,3.642106,1.831038,0.08327813,-3.435015,0.1616749,-0.3033193,0.08383109,0.9353241,20.6888,324.7223,3.599931,0.4172553,0.02272056,-0.9085049,0.100117,-0.002419188,0.02938388,1.315421,-0.1799271,-2.819396,-0.07758746,-0.01860368,0.7957271,0.8019395,0.05874024,0.5945104,-0.2548967,0.9336672,0.2515816,-0.5402969,-0.353292,0.7637173,moving,5.27853858525762,0.4988726827782848,-5.569027215240169,-1.3393011271596362,-0.515617,-0.26320523,0.6156190000000001,0.0919941473715308,0.0086699393484099,0.9957217487841168,5.918156393587667,1.3512104562631997,11.00006074979737,11.002207358147317,11.798060850981203
2891,05/05/2023 12:22:10.318265,3089,True,True,True,True,Eyes,1.659257,0.08507159,-3.477221,-0.4723829,-0.3400164,0.8131687,0.0,0.0,0.0,0.0,0.0,0.0,0.0,0.5992342,1.266491,3.63432,1.839174,0.08356968,-3.432466,0.1637196,-0.3081492,0.08325294,0.9334394,20.9132,324.0793,3.346154,0.4184131,0.02266203,-0.9079737,0.0,0.0,0.0,1.315426,-0.182073,-2.819436,-0.07554904,-0.01602007,0.799237,0.796226,0.05452305,0.6025373,-0.2563232,0.9325296,0.2543359,-0.5480168,-0.3569532,0.75648,moving,5.469035999589554,0.6230950546270512,-5.399921826673798,-1.1482945637089244,-0.5237480000000001,-0.26564268,0.6130299999999997,0.0953022225037661,0.0108253482790819,0.995389566632853,6.1056388520313005,1.4802934776184706,11.01055092035767,11.012359665804592,11.802008372407398
2892,05/05/2023 12:22:10.338347,3090,True,True,True,True,Eyes,1.66661,0.08490864,-3.475201,-0.4783775,-0.3418291,0.808893,0.0,0.0,0.0,0.0,0.0,0.0,0.0,0.6291602,1.293659,3.621579,1.847148,0.0840349,-3.430191,0.1674266,-0.3126052,0.08398958,0.9312316,21.36679,323.4883,3.185574,0.4196302,0.02260354,-0.9074133,0.0,0.0,0.0,1.315431,-0.1844028,-2.819479,-0.07212031,-0.02258602,0.8022803,0.7904474,0.05175063,0.6103399,-0.2611043,0.9298282,0.2593147,-0.5540915,-0.364337,0.7484926,moving,5.617749062535151,0.9685205062327464,-5.136748782192957,-1.6125809256039894,-0.531717,-0.2684377,0.6107120000000004,0.0978773472860664,0.016821906809645,0.9950563300143316,6.251412840178102,1.8365780168971493,11.056263406813018,11.059896405197074,11.899030319647084
2893,05/05/2023 12:22:10.353824,3091,True,True,True,True,Eyes,1.673962,0.08473869,-3.473173,-0.4844151,-0.3434292,0.8046107,0.0,0.0,0.0,0.0,0.0,0.0,0.0,0.6601996,1.306523,3.612726,1.854929,0.08462612,-3.427351,0.1691854,-0.3172165,0.0850823,0.929253,21.61766,322.9016,3.131729,0.4209019,0.0225459,-0.9068256,0.0,0.0,0.0,1.315436,-0.1866966,-2.819522,-0.0686487,-0.01705694,0.8052932,0.7842694,0.05078914,0.6183381,-0.2654628,0.9282746,0.2604532,-0.5607594,-0.3684112,0.7415,moving,5.749867381355411,1.1149718058348486,-4.872504026559979,-1.2134022284756345,-0.539493,-0.27132272,0.6078289999999997,0.100166979104476,0.0193608359328438,0.9947822462248735,6.381298074021127,1.9881149295219929,10.87171464893595,10.874562058830216,11.700332210326206
2894,05/05/2023 12:22:10.368208,3092,True,True,True,True,Eyes,1.681319,0.08457733,-3.471117,-0.4904466,-0.3451233,0.8002199,0.0,0.0,0.0,0.0,0.0,0.0,0.0,0.6905738,1.305561,3.608934,1.862429,0.08430691,-3.424914,0.1689961,-0.3217905,0.08585313,0.9276425,21.64098,322.3333,3.115578,0.4222223,0.02248885,-0.906213,0.0,0.0,0.0,1.315441,-0.1891122,-2.819567,-0.06898972,0.002527744,0.8099366,0.7781602,0.05051933,0.6260307,-0.2680447,0.928139,0.2582825,-0.5679954,-0.3687894,0.7357824,moving,5.848414691365911,1.0265157234407618,-4.868654296554148,0.1788147278132338,-0.5469879999999998,-0.27341911,0.6053469999999996,0.1018807397081133,0.0178219001926584,0.9946368899053116,6.478645553553728,1.8978308542130145,10.749489863818276,10.750542529092463,11.476769159091802
2895,05/05/2023 12:22:10.378571,3093,True,True,True,True,Eyes,1.688631,0.08443507,-3.469059,-0.4964947,-0.346616,0.7958331,0.0,0.0,0.0,0.0,0.0,0.0,0.0,0.7215395,1.316535,3.600027,1.869903,0.08438945,-3.422048,0.1703372,-0.3262294,0.08767219,0.9256746,21.87334,321.7837,3.1611,0.4235866,0.02243256,-0.9055774,0.0,0.0,0.0,1.315447,-0.191403,-2.819609,-0.06988826,-0.01077551,0.8126357,0.7717759,0.05117382,0.6338322,-0.2734498,0.9265977,0.2581511,-0.5740969,-0.3725561,0.7291193,moving,5.942189508383271,1.1543682567099556,-4.915454154812407,-0.7596947369840897,-0.5544560000000001,-0.2757924499999999,0.6024390000000004,0.1035041663945148,0.0200379588005152,0.994427136287916,6.570779046944554,2.0299727631639675,11.022951745516275,11.02506521798226,11.82014373544274
2896,05/05/2023 12:22:10.398628,3094,True,True,True,True,Eyes,1.69592,0.08429708,-3.466975,-0.5026078,-0.3479796,0.7913883,0.0,0.0,0.0,0.0,0.0,0.0,0.0,0.7538537,1.312997,3.595593,1.876833,0.08475659,-3.419191,0.1698765,-0.3309411,0.0888996,0.9239681,21.88605,321.207,3.202739,0.424989,0.02237748,-0.9049215,0.0,0.0,0.0,1.315452,-0.1939816,-2.819657,-0.07026666,-0.01962875,0.8157367,0.7651498,0.05184259,0.6417618,-0.2767189,0.9264777,0.2550798,-0.581354,-0.3727619,0.72324,moving,6.043905421053629,1.0690075919969413,-4.923242607767828,-1.3784197128074218,-0.5613809999999999,-0.27873819,0.5995340000000002,0.1052723979155305,0.018552951338783,0.9942702621760472,6.671242555338538,1.942894218792264,11.233671469210655,11.236914002446772,12.06081309156774
2897,05/05/2023 12:22:10.418226,3095,True,True,True,True,Eyes,1.703197,0.08417507,-3.464856,-0.5088277,-0.3492536,0.7868394,0.0,0.0,0.0,0.0,0.0,0.0,0.0,0.7840111,1.304644,3.59296,1.883595,0.08472885,-3.416288,0.1689107,-0.3356093,0.08886027,0.922464,21.79412,320.6165,3.12171,0.426425,0.0223236,-0.904247,0.0,0.0,0.0,1.315457,-0.1960452,-2.819696,-0.06822452,-0.003368229,0.8206167,0.7589405,0.05056481,0.6491937,-0.2773167,0.9271461,0.2519833,-0.589156,-0.3712727,0.7176712,moving,6.142071295098989,0.8971489060183605,-4.752533077422303,-0.2351697478293012,-0.5681379999999998,-0.28077405,0.5965920000000002,0.1069811988612636,0.0155677039689351,0.9941391333590848,6.768410573218359,1.766833360023847,10.95232155258771,10.953289458770431,11.6935947871085
2898,05/05/2023 12:22:10.438284,3096,True,True,True,True,Eyes,1.71042,0.08412123,-3.462691,-0.5150658,-0.3505019,0.782212,0.0,0.0,0.0,0.0,0.0,0.0,0.0,0.8142354,1.313972,3.583735,1.890569,0.08479279,-3.413387,0.1703166,-0.3401878,0.08905013,0.9205078,21.97136,320.0117,2.970834,0.4278916,0.02227122,-0.9035553,0.0,0.0,0.0,1.315463,-0.1986398,-2.819744,-0.06756935,-0.008879617,0.8238671,0.7526847,0.04806344,0.6566244,-0.2798219,0.9261246,0.252968,-0.5959575,-0.3741431,0.710529,moving,6.263874499310519,1.0025708427926716,-4.6886119299287365,-0.6175084294606765,-0.5751059999999999,-0.28343259,0.5936430000000001,0.1090910822308958,0.017392841082591,0.9938795691802996,6.888224776043471,1.8761023236175152,11.070065341763456,11.071658224089784,11.842349543254189
2899,05/05/2023 12:22:10.448063,3097,True,True,True,True,Eyes,1.717632,0.08409747,-3.460432,-0.5215105,-0.3513739,0.7775366,0.0,0.0,0.0,0.0,0.0,0.0,0.0,0.8427849,1.312715,3.577511,1.896504,0.08636062,-3.409972,0.1705391,-0.3445716,0.08908876,0.9188308,22.01122,319.4423,2.855688,0.4293844,0.02222198,-0.902848,0.0,0.0,0.0,1.315467,-0.2007045,-2.819782,-0.06760645,-0.0004004091,0.8286399,0.7466673,0.04618914,0.6635922,-0.2812409,0.9259593,0.2519982,-0.6028197,-0.374788,0.7043737,moving,6.336022955982634,0.9944749129370096,-4.664274132058055,-0.0276860307149618,-0.581037,-0.28706512,0.5901899999999998,0.1103427901620789,0.0172500071510953,0.9937438751829136,6.959361292845887,1.8682793172121148,11.046586696381969,11.047685233562907,11.777248621457478
2900,05/05/2023 12:22:10.468051,3098,True,True,True,True,Eyes,1.724805,0.0840778,-3.458118,-0.5279922,-0.3521438,0.7727994,0.0,0.0,0.0,0.0,0.0,0.0,0.0,0.8727224,1.289229,3.578401,1.902783,0.08711423,-3.405956,0.1678447,-0.3494938,0.08796623,0.9175752,21.68525,318.8187,2.720819,0.4309013,0.0221764,-0.9021261,0.0,0.0,0.0,1.315473,-0.2030987,-2.819827,-0.06820583,0.005860344,0.8323374,0.7402321,0.04410989,0.670903,-0.2787526,0.9281802,0.246533,-0.6118444,-0.3695076,0.6993644,moving,6.436975439978726,0.6254314041218141,-4.684631630793523,0.4034030303181699,-0.58731,-0.29021293,0.5861290000000001,0.1121036311980079,0.010846813709289,0.9936372850714776,7.059740730666096,1.489446195892763,11.123319846204296,11.123823103386046,11.79448057025437
2901,05/05/2023 12:22:10.488157,3099,True,True,True,True,Eyes,1.731902,0.08406791,-3.455755,-0.5343621,-0.3529205,0.7680523,0.0,0.0,0.0,0.0,0.0,0.0,0.0,0.8996321,1.282332,3.573966,1.909046,0.08714906,-3.40219,0.167262,-0.3539374,0.08689017,0.9160796,21.58974,318.2303,2.514611,0.4324396,0.02213424,-0.9013908,0.0,0.0,0.0,1.315478,-0.2054265,-2.81987,-0.06832308,0.0002925545,0.8364882,0.7343568,0.04079605,0.6775366,-0.2775972,0.928947,0.2449432,-0.6194028,-0.367958,0.6935034,moving,6.521582463805816,0.4972383263349711,-4.669466349697508,0.0200387016148194,-0.5935680000000001,-0.29257556,0.5823200000000002,0.1135732514305669,0.0086221852342054,0.993492246196832,7.143440766828557,1.3581980067715365,11.200939831026531,11.201218372482844,11.888458473227288
2902,05/05/2023 12:22:10.498749,3100,True,True,True,True,Eyes,1.738928,0.08407489,-3.453315,-0.540777,-0.3535217,0.763271,0.0,0.0,0.0,0.0,0.0,0.0,0.0,0.9291464,1.285454,3.564574,1.914564,0.08738911,-3.398337,0.1678929,-0.3583466,0.08731351,0.914208,21.68818,317.6567,2.425085,0.4339954,0.02209545,-0.9006437,0.0,0.0,0.0,1.315483,-0.2077257,-2.819913,-0.06767741,0.002893209,0.840758,0.7279282,0.03931769,0.6845253,-0.2799731,0.9283766,0.2444011,-0.6258879,-0.3695551,0.6867995,moving,6.60000047168446,0.5621326200214339,-4.602141473587736,0.1971649518898132,-0.599081,-0.29511481,0.578424,0.1149316986283775,0.0097458945388195,0.9933255748901888,7.220585253065356,1.425484392721751,11.207723171495417,11.20808572240631,11.886363443115938
2903,05/05/2023 12:22:10.518287,3101,True,True,True,True,Eyes,1.745867,0.0840781,-3.450817,-0.5471429,-0.3540835,0.7584586,0.0,0.0,0.0,0.0,0.0,0.0,0.0,0.9570633,1.268442,3.561917,1.919852,0.08775704,-3.393912,0.1659736,-0.3628268,0.08674233,0.9128447,21.46675,317.0903,2.335574,0.4355663,0.02206017,-0.8998858,0.0,0.0,0.0,1.315488,-0.2101379,-2.819958,-0.06670788,0.004615158,0.8450154,0.7216651,0.0379252,0.6912027,-0.2788039,0.9298571,0.2400714,-0.633615,-0.3659611,0.681619,moving,6.659449117147731,0.3104989886784788,-4.51372821212913,0.3129250022937865,-0.6043639999999999,-0.29789494,0.5739539999999996,0.1159661107001062,0.0053826405106653,0.993238548515332,7.279777295214297,1.167110224692792,11.173013641624246,11.17317759265503,11.824398697012231
2904,05/05/2023 12:22:10.538351,3102,True,True,True,True,Eyes,1.752719,0.08409134,-3.448235,-0.5535394,-0.35458,0.7535696,0.0,0.0,0.0,0.0,0.0,0.0,0.0,0.986286,1.263488,3.5545,1.924804,0.08765633,-3.389849,0.1656048,-0.3673281,0.08638029,0.9111441,21.42232,316.5026,2.200706,0.4371488,0.02202802,-0.8991189,0.0,0.0,0.0,1.315494,-0.2125125,-2.820002,-0.06621665,0.005440265,0.8492087,0.7152171,0.0357472,0.6979876,-0.2790724,0.930227,0.2383199,-0.6407676,-0.3652395,0.6752903,moving,6.742492411805533,0.2439496719460457,-4.458590016382354,0.3670475348236243,-0.60931,-0.30016883,0.5698469999999998,0.1174062222155522,0.0042282656413698,0.9930749652222928,7.361790695582208,1.0992477078214673,11.20160473128414,11.201758819350848,11.843036657425406
2905,05/05/2023 12:22:10.548641,3103,True,True,True,True,Eyes,1.759493,0.08409339,-3.445561,-0.5598167,-0.3551892,0.7486294,0.0,0.0,0.0,0.0,0.0,0.0,0.0,1.016093,1.256361,3.546713,1.929563,0.08788281,-3.385133,0.1650079,-0.3719338,0.08610824,0.9094081,21.35664,315.9054,2.084215,0.4387409,0.02199898,-0.8983438,0.0,0.0,0.0,1.315499,-0.2148544,-2.820045,-0.06533757,0.007767618,0.8535347,0.7085012,0.03387105,0.7048963,-0.2793591,0.9307155,0.2360658,-0.6480622,-0.3641721,0.6688753,moving,6.836988180633923,0.1463218302494141,-4.377420634768955,0.5214075567619686,-0.6140639999999999,-0.30273721,0.5650880000000003,0.1190445901993671,0.0025356347691894,0.9928857134839192,7.455166142933292,0.9995028244108266,11.220454308113633,11.220679764667524,11.842241550348575
2906,05/05/2023 12:22:10.567991,3104,True,True,True,True,Eyes,1.766185,0.0840938,-3.442787,-0.5660747,-0.3558722,0.7435821,0.0,0.0,0.0,0.0,0.0,0.0,0.0,1.048894,1.248821,3.537906,1.934151,0.08762569,-3.380517,0.1641955,-0.3767221,0.08683309,0.9075134,21.3118,315.3042,2.084883,0.4403414,0.02197251,-0.8975611,0.0,0.0,0.0,1.315504,-0.2170833,-2.820087,-0.06437117,0.009610876,0.8575512,0.701081,0.03389224,0.7122757,-0.2813165,0.9309998,0.2325953,-0.6552454,-0.3634431,0.6622407,moving,6.933080435934635,0.0509591424674489,-4.292796190541012,0.6421069420607997,-0.618647,-0.30470899,0.5604300000000002,0.1207099482809354,0.0008829011835087,0.992687391390086,7.550109925196564,0.9020986367820708,11.241101628545923,11.241430591958318,11.845759618846676
2907,05/05/2023 12:22:10.588068,3105,True,True,True,True,Eyes,1.772772,0.08408874,-3.439919,-0.5721359,-0.3567775,0.738492,0.0,0.0,0.0,0.0,0.0,0.0,0.0,1.082011,1.250434,3.524821,1.938832,0.08761974,-3.375196,0.1645199,-0.3813669,0.08889469,0.9053123,21.44985,314.7267,2.184048,0.4419478,0.02194837,-0.8967718,0.0,0.0,0.0,1.315509,-0.2194,-2.82013,-0.06359121,0.01486857,0.8617548,0.6933141,0.03547001,0.7197621,-0.2864397,0.9300619,0.2300807,-0.6612624,-0.3656867,0.6549851,moving,7.019895426361415,0.1137321752600301,-4.220360669090747,0.9884735048962356,-0.6233230000000001,-0.30701974,0.5550660000000001,0.1222137578047606,0.001970119777058,0.9925019005877838,7.635536397725739,0.9672620010707628,11.27347502358142,11.274241858551871,11.855916041657949
2908,05/05/2023 12:22:10.598758,3106,True,True,True,True,Eyes,1.779273,0.08406741,-3.436933,-0.5781648,-0.357605,0.7333786,0.0,0.0,0.0,0.0,0.0,0.0,0.0,1.113803,1.242718,3.514778,1.943126,0.08755288,-3.369742,0.1635905,-0.3858502,0.09101605,0.9033681,21.45695,314.1888,2.352293,0.4435586,0.02192625,-0.8959767,0.0,0.0,0.0,1.315515,-0.2220825,-2.82018,-0.06318632,0.01662408,0.8656934,0.6856714,0.03819908,0.7269081,-0.2906848,0.9299084,0.2253278,-0.6673508,-0.365802,0.6487156,moving,7.065715274538563,0.0447071597726961,-4.174573754356904,1.1001268662708223,-0.6276109999999999,-0.30963538,0.5495619999999999,0.1230076274903811,0.0007743613606679,0.9924054447984808,7.6808641159768,0.8965938118475618,11.288774734102056,11.289730209795644,11.85718485988919
2909,05/05/2023 12:22:10.618187,3107,True,True,True,True,Eyes,1.785662,0.08403274,-3.433845,-0.5840022,-0.3585677,0.7282655,0.0,0.0,0.0,0.0,0.0,0.0,0.0,1.141135,1.229861,3.507274,1.947543,0.08716191,-3.363807,0.1619215,-0.389873,0.09304027,0.9017339,21.381,313.7194,2.556669,0.4451721,0.02190562,-0.8951767,0.0,0.0,0.0,1.315519,-0.2241128,-2.820218,-0.06260604,0.01652251,0.8693095,0.6786852,0.04153745,0.7332537,-0.2940527,0.9302498,0.2194725,-0.6729929,-0.3645681,0.643561,moving,7.051191275913756,-0.1152285589368581,-4.119222817515487,1.0888597456150926,-0.6320239999999999,-0.31127471,0.5435889999999999,0.1227558469815984,-0.0019959061209106,0.9924348955820564,7.66692452861144,0.7320091012076496,11.234124545427813,11.235122592292504,11.79154831423884
2910,05/05/2023 12:22:10.638235,3108,True,True,True,True,Eyes,1.791958,0.08397692,-3.430613,-0.5897991,-0.3593481,0.7231915,0.0,0.0,0.0,0.0,0.0,0.0,0.0,1.167645,1.219551,3.498537,1.951706,0.08690711,-3.35764,0.1605361,-0.3936459,0.09591195,0.9000401,21.37611,313.2918,2.847504,0.446787,0.02188604,-0.8943723,0.0,0.0,0.0,1.315525,-0.2265871,-2.820264,-0.06233931,0.01879577,0.8728957,0.6716876,0.04626042,0.7393888,-0.2990379,0.9300581,0.2134672,-0.6777995,-0.3644886,0.6385421,moving,7.003845581365635,-0.2000077521026126,-4.084938721155356,1.233540158627316,-0.6361809999999999,-0.31349421,0.5373760000000001,0.1219352278542089,-0.0034647386391017,0.9925320029102211,7.620455181120048,0.64448907965001,11.179739585599403,11.181064212327648,11.720205953014244
2911,05/05/2023 12:22:10.648659,3109,True,True,True,True,Eyes,1.798151,0.08387178,-3.427259,-0.5954224,-0.3602015,0.7181414,0.0,0.0,0.0,0.0,0.0,0.0,0.0,1.189213,1.196619,3.494911,1.955746,0.08635382,-3.350839,0.1575222,-0.3971023,0.09766258,0.8988652,21.14605,312.9091,3.101769,0.4484026,0.02186695,-0.8935639,0.0,0.0,0.0,1.31553,-0.2287194,-2.820303,-0.06138948,0.01765886,0.8763071,0.6655435,0.05046614,0.744651,-0.3006758,0.9312975,0.2056184,-0.6831148,-0.3607465,0.634993,moving,6.910090482711537,-0.5057404781517534,-4.00729491409414,1.154436872353555,-0.6402159999999999,-0.31507322,0.5305360000000001,0.1203070560706043,-0.0087626111200111,0.9926980680569264,7.52876026758722,0.32940916275088,11.04136984799096,11.042893313688976,11.565519438244422
2912,05/05/2023 12:22:10.668230,3110,True,True,True,True,Eyes,1.804251,0.0837213,-3.423752,-0.6009364,-0.3610222,0.7131189,0.0,0.0,0.0,0.0,0.0,0.0,0.0,1.20732,1.184209,3.488698,1.959778,0.08513584,-3.344101,0.1558173,-0.4000923,0.09935279,0.8976504,21.0535,312.5669,3.297796,0.4500179,0.02184711,-0.892752,0.0,0.0,0.0,1.315535,-0.2310193,-2.820346,-0.06020844,0.01495554,0.8795952,0.6601104,0.05368553,0.7492476,-0.3030508,0.9317,0.2002384,-0.6873241,-0.3592395,0.6312943,moving,6.790794750766376,-0.6610568765333168,-3.9157976810075215,0.9740921311483144,-0.6442430000000001,-0.31615514,0.5237550000000004,0.1182366839514683,-0.011456434433264,0.9929194267176198,7.411535272217853,0.168844494222675,10.829297801963936,10.83073560647846,11.355918967217043
2913,05/05/2023 12:22:10.688541,3111,True,True,True,True,Eyes,1.810255,0.08353282,-3.420095,-0.6062878,-0.3619708,0.7080905,0.0,0.0,0.0,0.0,0.0,0.0,0.0,1.222697,1.178357,3.480489,1.963635,0.08392591,-3.336826,0.1549947,-0.4027489,0.1010606,0.8964133,21.05615,312.2556,3.460876,0.4516324,0.02182553,-0.8919369,0.0,0.0,0.0,1.31554,-0.233471,-2.820392,-0.05873716,0.01616266,0.8831096,0.6551601,0.05633617,0.7533867,-0.306032,0.9315268,0.1964745,-0.6907313,-0.3592827,0.6275399,moving,6.65365071390863,-0.722243083923089,-3.8052376280224247,1.0485095245577638,-0.6480950000000001,-0.31739691,0.5164339999999998,0.1158581889808056,-0.0125202991445554,0.9931868076183596,7.276495226758182,0.1049621059660868,10.6060834668371,10.60772879316883,11.121829201882887
2914,05/05/2023 12:22:10.698574,3112,True,True,True,True,Eyes,1.816163,0.08329451,-3.41628,-0.6115755,-0.3628504,0.7030753,0.0,0.0,0.0,0.0,0.0,0.0,0.0,1.237338,1.174108,3.471828,1.9673,0.08287598,-3.329562,0.1544485,-0.405353,0.1024173,0.895179,21.07246,311.941,3.572911,0.4532459,0.02180147,-0.8911186,0.0,0.0,0.0,1.315545,-0.235685,-2.820433,-0.05744389,0.01375093,0.886168,0.6503993,0.05815119,0.7573633,-0.3085759,0.9313127,0.1934879,-0.6940905,-0.3595484,0.6236692,moving,6.524309705811225,-0.7597135791085379,-3.708883693991029,0.8890041463444014,-0.6517550000000001,-0.31856098,0.5091290000000002,0.1136148945815628,-0.0131732594420038,0.9934374682965172,7.14909082126037,0.0655241912777463,10.36372965235803,10.365158816727272,10.889156524278889
2915,05/05/2023 12:22:10.723345,3113,True,True,True,True,Eyes,1.821977,0.08300725,-3.41229,-0.6167808,-0.3638526,0.697992,0.0,0.0,0.0,0.0,0.0,0.0,0.0,1.254042,1.166232,3.463088,1.970854,0.08144966,-3.321867,0.1534523,-0.4083327,0.103394,0.8938829,21.02499,311.5761,3.65627,0.454858,0.021774,-0.8902976,0.0,0.0,0.0,1.315551,-0.2381229,-2.820478,-0.05623564,0.006153598,0.8889351,0.6451482,0.05952504,0.7617353,-0.3101634,0.9315242,0.1898984,-0.6982712,-0.358775,0.6194335,moving,6.437795123124873,-0.8699429920975642,-3.619810745751826,0.3966201385948166,-0.6553030000000002,-0.31957256,0.5013890000000001,0.112111690378886,-0.0150870687411823,0.9935811245573194,7.064072286165103,-0.0484428616446186,10.135974657285882,10.13704187510796,10.693149101825176
2916,05/05/2023 12:22:10.738093,3114,True,True,True,True,Eyes,1.827684,0.0826821,-3.408131,-0.6219271,-0.3648121,0.692906,0.0,0.0,0.0,0.0,0.0,0.0,0.0,1.269096,1.162295,3.453151,1.974131,0.0799899,-3.313939,0.1530767,-0.4112366,0.1035142,0.8926013,21.00261,311.198,3.616807,0.4564688,0.02174229,-0.8894735,0.0,0.0,0.0,1.315556,-0.2404659,-2.820522,-0.05509722,0.002889961,0.891547,0.6403387,0.05889229,0.7658317,-0.3106952,0.9317048,0.1881353,-0.7024494,-0.3584104,0.614904,moving,6.369246865747726,-0.940186125931795,-3.536357030725442,0.185724351395219,-0.6585750000000001,-0.3204558,0.493417,0.1109207613018601,-0.0163073529805574,0.9936954089698732,6.9966691132334695,-0.1211613530827613,9.968325416416013,9.96938628787044,10.537495840328235
2917,05/05/2023 12:22:10.748421,3115,True,True,True,True,Eyes,1.83328,0.08231444,-3.403794,-0.6270871,-0.3658018,0.6877143,0.0,0.0,0.0,0.0,0.0,0.0,0.0,1.284001,1.159807,3.44226,1.977251,0.07874705,-3.305637,0.1529434,-0.4141471,0.103619,0.8912653,21.00523,310.8147,3.563342,0.458078,0.02170589,-0.8886467,0.0,0.0,0.0,1.315561,-0.2427197,-2.820564,-0.05350947,0.002447903,0.8937167,0.6354907,0.05802184,0.7699255,-0.311386,0.9317428,0.1867993,-0.7065341,-0.3584532,0.6101811,moving,6.302186331565729,-0.9859061264439428,-3.426377930023094,0.1569335784145487,-0.6616900000000001,-0.32146675,0.4850729999999998,0.1097561921517321,-0.0171025080034066,0.9938114654191132,6.9306746191873545,-0.168649030984,9.794326143567496,9.79546043751208,10.36216876636592
2918,05/05/2023 12:22:10.768104,3116,True,True,True,True,Eyes,1.838773,0.08190534,-3.399285,-0.6322171,-0.366706,0.6825161,0.0,0.0,0.0,0.0,0.0,0.0,0.0,1.298683,1.145871,3.434809,1.980087,0.07735436,-3.297087,0.1513228,-0.4172099,0.1030274,0.8901814,20.81658,310.4211,3.505888,0.4596854,0.02166427,-0.8878173,0.0,0.0,0.0,1.315566,-0.2451797,-2.820609,-0.05244991,-0.003473029,0.8954998,0.6306427,0.05715938,0.7739657,-0.3096928,0.9329736,0.1834414,-0.711604,-0.3553775,0.6060748,moving,6.234876595522966,-1.2180812805645296,-3.3520154079628304,-0.2222098834031474,-0.6645209999999999,-0.32253406,0.4764779999999997,0.1085802329989306,-0.0211322437921383,0.9938630388548656,6.86487383308283,-0.4078953785872838,9.636909874774975,9.63847799842818,10.218576459904597
2919,05/05/2023 12:22:10.788731,3117,True,True,True,True,Eyes,1.844115,0.08145748,-3.394655,-0.637229,-0.3678004,0.677246,0.0,0.0,0.0,0.0,0.0,0.0,0.0,1.313721,1.140936,3.424061,1.983099,0.07592138,-3.288365,0.1509263,-0.4203201,0.1023834,0.8888589,20.75495,310.0025,3.38014,0.461291,0.02161699,-0.8869853,0.0,0.0,0.0,1.315572,-0.2475056,-2.820653,-0.05042276,-0.00610593,0.8971634,0.6256973,0.05513412,0.7781152,-0.3088835,0.9334778,0.1822367,-0.7163058,-0.3543719,0.6011046,moving,6.200798898689234,-1.3305684813043042,-3.216777723123578,-0.389938574913255,-0.667527,-0.32342698,0.4677120000000001,0.1079844370013562,-0.0230849333832502,0.993884562921344,6.83154816987892,-0.5238187493979134,9.462573447127411,9.464435220789058,10.049217738366726
2920,05/05/2023 12:22:10.808322,3118,True,True,True,True,Eyes,1.849345,0.08098336,-3.389848,-0.6422055,-0.3687963,0.6719832,0.0,0.0,0.0,0.0,0.0,0.0,0.0,1.327641,1.141397,3.411493,1.985685,0.07464111,-3.27951,0.151261,-0.423209,0.1019928,0.887475,20.78176,309.6061,3.249864,0.4628932,0.02156368,-0.8861514,0.0,0.0,0.0,1.315577,-0.2500116,-2.820699,-0.04858711,-0.009717703,0.8984882,0.6209834,0.05300212,0.7820297,-0.3090622,0.9334351,0.1821523,-0.7203196,-0.3548093,0.5960286,moving,6.153602510810593,-1.3464711913854237,-3.0953411858414768,-0.6196649656636171,-0.6701079999999999,-0.32465271,0.4588110000000003,0.1071650112725184,-0.0233628727331891,0.993966736235571,6.785063700159475,-0.5405027712224519,9.275513690384871,9.277456914132667,9.880722006227089
2921,05/05/2023 12:22:10.824586,3119,True,True,True,True,Eyes,1.854453,0.08048127,-3.384885,-0.6471526,-0.3699661,0.6665723,0.0,0.0,0.0,0.0,0.0,0.0,0.0,1.341689,1.134522,3.400879,1.988123,0.07344717,-3.270354,0.1506236,-0.4261763,0.1015847,0.8862093,20.70485,309.2129,3.166251,0.4644918,0.02150438,-0.885316,0.0,0.0,0.0,1.315582,-0.2522382,-2.820741,-0.04647064,-0.01219839,0.8995418,0.6161086,0.05166612,0.7859648,-0.308435,0.9339862,0.1803821,-0.7247607,-0.3535541,0.5913726,moving,6.090913929630221,-1.481078960454274,-2.957290826239439,-0.776921569322946,-0.672541,-0.32568537,0.4496130000000002,0.1060713382069759,-0.0257010117671647,0.9940263392729518,6.723588131330233,-0.6793752182373747,9.073201825424244,9.075563174570888,9.681370392755632
2922,05/05/2023 12:22:10.838418,3120,True,True,True,True,Eyes,1.859439,0.07994612,-3.379748,-0.6520635,-0.3710083,0.6611853,0.0,0.0,0.0,0.0,0.0,0.0,0.0,1.356201,1.129329,3.389375,1.99056,0.07231411,-3.261129,0.1502267,-0.4292054,0.1012035,0.8848575,20.65453,308.808,3.071932,0.466087,0.02143903,-0.8844789,0.0,0.0,0.0,1.315587,-0.2544894,-2.820783,-0.04519269,-0.01210088,0.9003654,0.6110811,0.05014512,0.7899781,-0.3080575,0.9343796,0.1789842,-0.7291643,-0.3527325,0.5864293,moving,6.044073077503446,-1.5816287682460328,-2.8734768553667687,-0.7700069448909497,-0.674973,-0.3268035099999999,0.4403459999999999,0.1052537664291312,-0.0274478100487086,0.994066511865902,6.677653572626138,-0.7831107650641658,8.951771501339048,8.954408232227289,9.551139416982409
2923,05/05/2023 12:22:10.848179,3121,True,True,True,True,Eyes,1.864299,0.07939766,-3.374445,-0.6570078,-0.3722241,0.6555837,0.0,0.0,0.0,0.0,0.0,0.0,0.0,1.368986,1.12078,3.37929,1.992716,0.07101344,-3.251755,0.1493655,-0.4320765,0.100547,0.8836799,20.54058,308.4267,2.976677,0.4676779,0.02136749,-0.8836405,0.0,0.0,0.0,1.315592,-0.2568797,-2.820827,-0.04442769,-0.0141903,0.9008691,0.6064005,0.04862795,0.793671,-0.3067772,0.9351605,0.1770947,-0.733598,-0.3508705,0.5819998,moving,5.961238014890898,-1.753475523531178,-2.823338564675302,-0.9024363985390936,-0.6771239999999998,-0.3278931399999999,0.4309280000000002,0.1038075145035508,-0.0304338297067423,0.994131681181782,6.596407166885319,-0.9604215657816766,8.822486473921328,8.825704123441387,9.419924199635297
2924,05/05/2023 12:22:10.868038,3122,True,True,True,True,Eyes,1.869022,0.07885414,-3.368963,-0.6619339,-0.3731952,0.6500529,0.0,0.0,0.0,0.0,0.0,0.0,0.0,1.38277,1.111288,3.368697,1.994622,0.07017778,-3.242174,0.1483952,-0.4349779,0.1005558,0.8824181,20.44892,308.0529,2.958927,0.4692648,0.02129012,-0.8828006,0.0,0.0,0.0,1.315598,-0.2591864,-2.82087,-0.04516762,-0.0172053,0.9009756,0.6013656,0.04836719,0.7975087,-0.3065616,0.9357348,0.1744141,-0.7378208,-0.3493722,0.5775461,moving,5.875294117735448,-1.8958804732854444,-2.8699437272546136,-1.0940044019304265,-0.6790239999999998,-0.32936418,0.4213039999999997,0.1023081607402235,-0.0329097208316245,0.9942081817161822,6.512026978078297,-1.1074750744041353,8.778127333767353,8.781924060207887,9.381980375951647
2925,05/05/2023 12:22:10.887986,3123,True,True,True,True,Eyes,1.873602,0.07837568,-3.363307,-0.6669155,-0.3742052,0.6443557,0.0,0.0,0.0,0.0,0.0,0.0,0.0,1.395849,1.087728,3.362361,1.99603,0.06972185,-3.232341,0.1455856,-0.437897,0.1002546,0.8814762,20.14901,307.7,3.006609,0.470847,0.02120773,-0.8819597,0.0,0.0,0.0,1.315603,-0.261505,-2.820913,-0.04653066,-0.01925109,0.900865,0.5963905,0.04924114,0.8011827,-0.3042471,0.9375077,0.1688581,-0.7428002,-0.3444628,0.5741021,moving,5.748087071075705,-2.252641505690895,-2.956761999009638,-1.224199358491356,-0.6804269999999999,-0.3312268499999999,0.4114279999999999,0.1000782251749627,-0.0391085524503324,0.9942107190836608,6.387478391052652,-1.475267544798089,8.760188949385428,8.765391638888822,9.347612727399804
2926,05/05/2023 12:22:10.898526,3124,True,True,True,True,Eyes,1.878024,0.07791461,-3.357479,-0.6720191,-0.3746841,0.6387505,0.0,0.0,0.0,0.0,0.0,0.0,0.0,1.408844,1.063172,3.355912,1.997175,0.07083917,-3.222358,0.1427631,-0.4406709,0.1008688,0.8804848,19.89524,307.3793,3.158131,0.4724242,0.0211226,-0.8811179,0.0,0.0,0.0,1.315608,-0.2639154,-2.820958,-0.04914004,-0.02477744,0.9001174,0.5912693,0.0518038,0.8048087,-0.30345,0.9388883,0.1625016,-0.7472073,-0.3403015,0.5708557,moving,5.590171533351602,-2.5375766657017933,-3.124842135192713,-1.576776910857061,-0.6815669999999998,-0.33475457,0.4013999999999997,0.0973175628642397,-0.0440644366850257,0.994277458351373,6.232490898717794,-1.7694059486035116,8.761102278231455,8.767816114165713,9.359315544082053
2927,05/05/2023 12:22:10.918251,3125,True,True,True,True,Eyes,1.882309,0.07751517,-3.351499,-0.6771994,-0.3753881,0.6328386,0.0,0.0,0.0,0.0,0.0,0.0,0.0,1.428249,1.009179,3.355105,1.997804,0.07071192,-3.212296,0.1360376,-0.4447233,0.09929825,0.8796902,19.12696,306.9118,3.258632,0.4739956,0.02103557,-0.8802755,0.0,0.0,0.0,1.315613,-0.2661648,-2.821,-0.05214724,-0.02734703,0.8991823,0.584722,0.05370517,0.8094541,-0.2957016,0.9432672,0.1510215,-0.7554209,-0.3276624,0.5674298,moving,5.525203342899816,-3.3560869302681926,-3.3190976460455874,-1.742012236986456,-0.682191,-0.3368767199999999,0.3912959999999996,0.0961199963242305,-0.0582702155137509,0.9936626564999516,6.1703797922150665,-2.6116432839877586,8.97926724730935,8.990378028678947,9.529241323902262
2928,05/05/2023 12:22:10.938138,3126,True,True,True,True,Eyes,1.886427,0.07716964,-3.345356,-0.682407,-0.3758847,0.6269222,0.0,0.0,0.0,0.0,0.0,0.0,0.0,1.443567,0.997617,3.343261,1.998797,0.07182106,-3.202525,0.1350433,-0.4477865,0.09956022,0.8782588,19.04855,306.5188,3.271234,0.4755615,0.02094847,-0.8794327,0.0,0.0,0.0,1.315618,-0.2685392,-2.821044,-0.05582795,-0.02867877,0.8979138,0.5791501,0.05393819,0.8134346,-0.2958204,0.9437022,0.1480425,-0.7596549,-0.3263693,0.5625012,moving,5.430619291133585,-3.457718298501499,-3.557795465275462,-1.8293672280926112,-0.683179,-0.3403602599999999,0.3814809999999999,0.0944695922815731,-0.0600422162723795,0.993715499826376,6.077386842662019,-2.716824082689999,9.12293580409602,9.134720961350364,9.675965986709716
2929,05/05/2023 12:22:10.948333,3127,True,True,True,True,Eyes,1.890413,0.07688382,-3.339058,-0.6877721,-0.3766289,0.6205805,0.0,0.0,0.0,0.0,0.0,0.0,0.0,1.46758,0.9694784,3.331406,1.998866,0.07275446,-3.192363,0.1318942,-0.4520108,0.0999443,0.876528,18.75788,306.0011,3.38887,0.4771206,0.02086284,-0.8785899,0.0,0.0,0.0,1.315624,-0.2708389,-2.821087,-0.05931875,-0.02994369,0.8966205,0.5713947,0.05597277,0.8187645,-0.2944431,0.9452301,0.1408661,-0.7660362,-0.3215697,0.5565803,moving,5.407855424557434,-3.805319606390793,-3.7850666939138753,-1.9127486643253775,-0.6832420000000001,-0.34359336,0.3712759999999999,0.094038863460702,-0.0660724373405981,0.9933735812959604,6.055767337611074,-3.0744680398501485,9.371599882350017,9.385714775499489,9.909167792680131
2930,05/05/2023 12:22:10.968190,3128,True,True,True,True,Eyes,1.894244,0.07667354,-3.332628,-0.6931151,-0.3773432,0.614169,0.0,0.0,0.0,0.0,0.0,0.0,0.0,1.488946,0.9435765,3.320351,1.999326,0.07387901,-3.18265,0.1291082,-0.4560593,0.0991692,0.8749323,18.4439,305.4857,3.370393,0.4786727,0.02078017,-0.8777472,0.0,0.0,0.0,1.315629,-0.273204,-2.821131,-0.0623996,-0.03205244,0.8949386,0.5643507,0.0557707,0.8236492,-0.2912946,0.9469931,0.1354677,-0.7724349,-0.3163759,0.5506819,moving,5.388030028933285,-4.161009333036435,-3.988493520568624,-2.0511853064955177,-0.683697,-0.3470830099999999,0.3615190000000003,0.0936549833767246,-0.0722405721805403,0.992980380881205,6.037063371080132,-3.4404099152860845,9.594150365584252,9.610959957118393,10.121350502840771
2931,05/05/2023 12:22:10.978599,3129,True,True,True,True,Eyes,1.897921,0.07654358,-3.326079,-0.698575,-0.3782151,0.6074096,0.0,0.0,0.0,0.0,0.0,0.0,0.0,1.51277,0.9378133,3.301934,1.999386,0.07545915,-3.172932,0.1291479,-0.4602391,0.0989121,0.8727641,18.45005,304.9194,3.249832,0.4802168,0.02070222,-0.8769052,0.0,0.0,0.0,1.315634,-0.2755285,-2.821174,-0.06522289,-0.03393988,0.8929856,0.5567927,0.05377601,0.8289088,-0.2915317,0.9470744,0.1343849,-0.7778116,-0.3164777,0.5430017,moving,5.418986605118025,-4.200104788116533,-4.1774159012875565,-2.176604338067408,-0.6837520000000001,-0.35098765,0.3517579999999998,0.0941868460003171,-0.0729144395972835,0.9928808776504344,6.067669692870878,-3.4804011581116145,9.789814884857956,9.807420411927712,10.327713443913424
2932,05/05/2023 12:22:10.998508,3130,True,True,True,True,Eyes,1.901456,0.07642398,-3.31945,-0.7041042,-0.3788081,0.6006178,0.0,0.0,0.0,0.0,0.0,0.0,0.0,1.532528,0.9068331,3.292372,1.999269,0.07718561,-3.163489,0.1259148,-0.4644369,0.09550644,0.8713911,17.94811,304.3573,2.981841,0.4817528,0.02063068,-0.8760639,0.0,0.0,0.0,1.315639,-0.2778365,-2.821217,-0.06816992,-0.03573804,0.8908542,0.5503538,0.04948799,0.8334637,-0.2834059,0.950048,0.1307286,-0.785361,-0.3081554,0.5368877,moving,5.431612634599216,-4.714298626751654,-4.375858212689663,-2.297279924693564,-0.68363,-0.35502211,0.3422720000000003,0.0943402163820533,-0.0818206730850504,0.9921720333636632,6.081326900769892,-4.009127846699675,10.07904939079065,10.10091400946072,10.596374087641337
2933,05/05/2023 12:22:11.018013,3131,True,True,True,True,Eyes,1.905126,0.07631667,-3.312315,-0.7098355,-0.3808183,0.5925461,0.0,0.0,0.0,0.0,0.0,0.0,0.0,1.55502,0.8873097,3.278859,1.999393,0.07720529,-3.154805,0.1239964,-0.4688283,0.09235772,0.8696523,17.59384,303.7549,2.668058,0.4832795,0.02056525,-0.8752242,0.0,0.0,0.0,1.315644,-0.2802259,-2.821261,-0.07119209,-0.04055379,0.8882819,0.5433402,0.04437214,0.8383392,-0.2769043,0.9521899,0.1290677,-0.7925311,-0.3022674,0.5296498,moving,5.425696285583116,-5.162240624277938,-4.582223462772157,-2.6139772627485915,-0.6837489999999999,-0.35743119,0.3335440000000003,0.0941746789565257,-0.0895763602599063,0.9915175746432194,6.076550593860554,-4.4698481548413,10.30063764707969,10.327250546453898,10.819136802835224
2934,05/05/2023 12:22:11.037838,3132,True,True,True,True,Eyes,1.908641,0.0762163,-3.305131,-0.7155195,-0.3827079,0.5844368,0.0,0.0,0.0,0.0,0.0,0.0,0.0,1.576279,0.8916435,3.259428,1.999509,0.07724508,-3.146355,0.1252678,-0.4728247,0.0900593,0.8675451,17.60875,303.17,2.272937,0.4848059,0.02050585,-0.8743811,0.0,0.0,0.0,1.31565,-0.2826994,-2.821307,-0.0739688,-0.04348538,0.8859333,0.5366524,0.03780153,0.8429563,-0.2747204,0.9523945,0.1321864,-0.7978302,-0.3025154,0.5214896,moving,5.427837447298132,-5.225259800384261,-4.772699151873851,-2.810065627649757,-0.683859,-0.35994448,0.3250479999999998,0.094202398511653,-0.0906666279864839,0.9914158236991744,6.078809651492051,-4.534644324792387,10.454444376132852,10.482562177400036,10.987693797706862
2935,05/05/2023 12:22:11.048106,3133,True,True,True,True,Eyes,1.911941,0.07612217,-3.298028,-0.7210255,-0.3846703,0.5763253,0.0,0.0,0.0,0.0,0.0,0.0,0.0,1.600224,0.8886037,3.24032,1.999363,0.07730997,-3.137926,0.1254816,-0.4770433,0.08887947,0.8653234,17.57555,302.582,2.049811,0.4863301,0.02045209,-0.8735354,0.0,0.0,0.0,1.315655,-0.284934,-2.821349,-0.07683942,-0.04510399,0.8832936,0.5290604,0.03409865,0.8478988,-0.2735392,0.9527096,0.1323656,-0.8032878,-0.301963,0.5133682,moving,5.422086116242184,-5.358020936734131,-4.9717545613342295,-2.9231793793837304,-0.683708,-0.36224397,0.3165770000000001,0.0940828579292612,-0.0929646663912888,0.9912143307171504,6.073453336339235,-4.671220578322606,10.645264001333713,10.675222594411911,11.18267702904881
2936,05/05/2023 12:22:11.068271,3134,True,True,True,True,Eyes,1.915096,0.07605895,-3.290888,-0.7264562,-0.3864771,0.5682402,0.0,0.0,0.0,0.0,0.0,0.0,0.0,1.620996,0.8831058,3.223341,1.999191,0.07749896,-3.129643,0.1252978,-0.480798,0.08810785,0.8633485,17.52221,302.0663,1.90198,0.4878475,0.02040359,-0.87269,0.0,0.0,0.0,1.31566,-0.2873265,-2.821393,-0.08008218,-0.04856194,0.880431,0.5221406,0.03164972,0.852272,-0.2726214,0.9530749,0.1316271,-0.8081131,-0.3010754,0.5062675,moving,5.346401966435329,-5.503793971538742,-5.19720415079588,-3.157064806295483,-0.6835309999999999,-0.36482546,0.3082500000000001,0.0927511097140376,-0.0954982247824991,0.991099089369522,5.999194217248423,-4.821666395703598,10.76931614694557,10.801609497214695,11.319462658068408
2937,05/05/2023 12:22:11.088715,3135,True,True,True,True,Eyes,1.918093,0.07598136,-3.283736,-0.7317426,-0.3882872,0.5601659,0.0,0.0,0.0,0.0,0.0,0.0,0.0,1.641725,0.8723035,3.207743,1.998893,0.07816035,-3.121556,0.1244119,-0.4844974,0.08772469,0.8614454,17.41875,301.5726,1.836962,0.4893564,0.02036069,-0.8718459,0.0,0.0,0.0,1.315666,-0.2897734,-2.821439,-0.08322611,-0.05172322,0.8776765,0.5151333,0.03058556,0.8565641,-0.2716946,0.953652,0.1293435,-0.8129081,-0.299353,0.4995679,moving,5.246836656372304,-5.706879012548463,-5.416903457345734,-3.3726533522121867,-0.683227,-0.36793375,0.3001170000000002,0.0909971599060117,-0.099026659503937,0.9909153624088896,5.901530250289903,-5.03122039895271,10.881134712340083,10.916224743302582,11.43930881839791
2938,05/05/2023 12:22:11.105391,3136,True,True,True,True,Eyes,1.920954,0.07595166,-3.276566,-0.7368581,-0.3901127,0.5521342,0.0,0.0,0.0,0.0,0.0,0.0,0.0,1.66263,0.8490069,3.19512,1.998379,0.07773433,-3.113581,0.121702,-0.4883746,0.08639846,0.8597757,17.07735,301.0719,1.780116,0.4908551,0.02032247,-0.8710039,0.0,0.0,0.0,1.31567,-0.2918968,-2.821478,-0.08671039,-0.05547727,0.8744352,0.508051,0.02969426,0.8608149,-0.2674389,0.9554479,0.1248832,-0.8187554,-0.2936624,0.4933577,moving,5.155134700294637,-6.150704525938228,-5.663027801269891,-3.630182055466369,-0.682709,-0.36963113,0.292103,0.0893396302537072,-0.1067155321187189,0.9902677308270168,5.812184530774461,-5.488305399175534,11.067319765825998,11.107910399098945,11.624677218139851
2939,05/05/2023 12:22:11.118460,3137,True,True,True,True,Eyes,1.923681,0.07597887,-3.269337,-0.7418557,-0.392098,0.5439754,0.0,0.0,0.0,0.0,0.0,0.0,0.0,1.680002,0.850013,3.17802,1.997987,0.07887663,-3.105892,0.1223685,-0.4913377,0.08773837,0.8578551,17.22754,300.6713,1.817017,0.4923418,0.0202898,-0.8701652,0.0,0.0,0.0,1.315676,-0.2943615,-2.821524,-0.09045503,-0.0596059,0.8712453,0.5017787,0.03028508,0.8644658,-0.2707821,0.9546558,0.1237306,-0.8215201,-0.2961673,0.4872266,moving,4.968916518625594,-6.115144552273736,-5.927365461521714,-3.9137693176017456,-0.6823109999999999,-0.37323813,0.2843679999999997,0.0861260932224441,-0.1061310631395609,0.9906151879184752,5.628543654974254,-5.453032886173592,11.074732594623477,11.116429908685166,11.657974431360156
2940,05/05/2023 12:22:11.138201,3138,True,True,True,True,Eyes,1.926269,0.07600762,-3.262111,-0.7469004,-0.3937951,0.5357846,0.0,0.0,0.0,0.0,0.0,0.0,0.0,1.709884,0.8193425,3.161986,1.996942,0.08024767,-3.09822,0.1188647,-0.4960839,0.08878556,0.8555051,16.94592,300.0867,2.035667,0.4938164,0.02026365,-0.8693299,0.0,0.0,0.0,1.315681,-0.2964891,-2.821564,-0.09467894,-0.06696835,0.8673375,0.4920359,0.03397931,0.8699116,-0.2698467,0.9559767,0.1152885,-0.8276976,-0.2914689,0.4795439,moving,4.919345526900393,-6.520191673908838,-6.229765805062876,-4.415127996054257,-0.6812609999999999,-0.37673677,0.276656,0.0852027027280697,-0.1131404272717934,0.9899190214688868,5.580635465105379,-5.869943045753034,11.296325024352496,11.34609961970784,11.899666591599196
2941,05/05/2023 12:22:11.148248,3139,True,True,True,True,Eyes,1.928726,0.07605865,-3.254918,-0.7515925,-0.3962356,0.5273576,0.0,0.0,0.0,0.0,0.0,0.0,0.0,1.741274,0.7932524,3.143948,1.996231,0.08026627,-3.091006,0.1159074,-0.5012594,0.08792138,0.8529796,16.61123,299.4132,2.020812,0.4952776,0.02024347,-0.8684987,0.0,0.0,0.0,1.315686,-0.2988758,-2.821608,-0.09956899,-0.07520042,0.8637992,0.4820176,0.0337909,0.8755096,-0.2661897,0.9576706,0.1095905,-0.8347467,-0.2858762,0.4706088,moving,4.972635251856392,-7.010789568037413,-6.575389001944721,-4.975497445142328,-0.6805450000000002,-0.37914207,0.2693980000000002,0.0860366695583642,-0.1216036614234262,0.9888428672246624,5.634319676108584,-6.374119279821411,11.664761016450893,11.72600862151728,12.289553655010067
2942,05/05/2023 12:22:11.168167,3140,True,True,True,True,Eyes,1.931038,0.07617912,-3.247713,-0.7562839,-0.398596,0.5188023,0.0,0.0,0.0,0.0,0.0,0.0,0.0,1.779956,0.815023,3.109259,1.995815,0.08101444,-3.083854,0.119626,-0.5066823,0.09155121,0.8488706,17.20964,298.6454,2.052125,0.4967235,0.02022927,-0.8676729,0.0,0.0,0.0,1.315691,-0.3013667,-2.821654,-0.102622,-0.09027255,0.8588601,0.469783,0.03420547,0.8821191,-0.276655,0.954616,0.1103193,-0.8383115,-0.2958687,0.4579254,moving,5.123598297646918,-6.574446420100295,-6.813755602370351,-6.000179207761329,-0.680124,-0.38238114,0.2622,0.0887218888220037,-0.1140425822931963,0.989506266260227,5.782097262873712,-5.924316145326307,11.88069205982195,11.951158980007968,12.596081319486592
2943,05/05/2023 12:22:11.187945,3141,True,True,True,True,Eyes,1.93323,0.07632758,-3.240557,-0.759951,-0.4031416,0.5098543,0.0,0.0,0.0,0.0,0.0,0.0,0.0,1.819397,0.8009869,3.081708,1.994664,0.08280431,-3.076226,0.118666,-0.5126873,0.09290393,0.845245,17.20941,297.843,2.122385,0.4981536,0.02022233,-0.8668527,0.0,0.0,0.0,1.315696,-0.3035622,-2.821695,-0.106085,-0.09579584,0.855652,0.4570414,0.03537613,0.8887417,-0.2787302,0.9545745,0.1053423,-0.8446435,-0.2958649,0.4461405,moving,5.289993117856096,-6.88062346034372,-7.067549978100746,-6.388036251100581,-0.678968,-0.38636651,0.254531,0.0915382587693726,-0.1192981239791876,0.98862975075433,5.946835718532504,-6.238038852191716,12.286054891919395,12.367356772048767,13.0152500659961
2944,05/05/2023 12:22:11.199129,3142,True,True,True,True,Eyes,1.935292,0.0765145,-3.233396,-0.7636269,-0.4075819,0.5007504,0.0,0.0,0.0,0.0,0.0,0.0,0.0,1.859575,0.7886786,3.053137,1.994066,0.08416061,-3.068924,0.1178962,-0.5188131,0.09431022,0.8414506,17.23349,297.0174,2.183086,0.4995663,0.02022271,-0.8660393,0.0,0.0,0.0,1.315701,-0.3057607,-2.821736,-0.1080873,-0.104422,0.8513316,0.4438772,0.03638265,0.8953486,-0.2810469,0.9544122,0.1005488,-0.8508735,-0.2962663,0.4338671,moving,5.4683994802843925,-7.1573394381005055,-7.235709952313248,-6.992814320191298,-0.6783649999999999,-0.3899213099999999,0.2471879999999999,0.0945608337850626,-0.1240362060619284,0.9877617521502928,6.123344649172768,-6.521379020340083,12.609563187634864,12.705174732755127,13.367370387904664
2945,05/05/2023 12:22:11.218220,3143,True,True,True,True,Eyes,1.937283,0.07673889,-3.226125,-0.7673753,-0.4118432,0.4914473,0.0,0.0,0.0,0.0,0.0,0.0,0.0,1.90029,0.7826812,3.021345,1.993026,0.08528365,-3.061502,0.1180359,-0.5250387,0.09552689,0.8374227,17.33767,296.157,2.164093,0.5009616,0.02023072,-0.8652328,0.0,0.0,0.0,1.315707,-0.3081714,-2.821781,-0.1098785,-0.1137784,0.8476471,0.4304181,0.03604591,0.9019097,-0.2839396,0.9538842,0.09738133,-0.8568074,-0.2980025,0.4208039,moving,5.676161223723022,-7.337913332645437,-7.385931494767142,-7.64503091828256,-0.677319,-0.39345505,0.2397209999999998,0.0981035433634979,-0.127104838874116,0.9870259245976934,6.328562924456109,-6.705638633252463,12.954594276692337,13.065702713510715,13.746629224652848
2946,05/05/2023 12:22:11.238232,3144,True,True,True,True,Eyes,1.939163,0.07697414,-3.218849,-0.771108,-0.4160251,0.4819912,0.0,0.0,0.0,0.0,0.0,0.0,0.0,1.939541,0.7719437,2.991022,1.99223,0.08632545,-3.054095,0.1175078,-0.5312719,0.09575405,0.8335307,17.31565,295.293,2.087248,0.5023413,0.0202467,-0.864432,0.0,0.0,0.0,1.315712,-0.3104782,-2.821824,-0.1103819,-0.1190149,0.8445628,0.4171628,0.03477066,0.9081664,-0.284485,0.9540462,0.09414986,-0.8631589,-0.2976356,0.4078843,moving,5.882235883067457,-7.634102042850811,-7.446185145066848,-8.021243482881333,-0.676518,-0.3968036499999999,0.2322709999999999,0.1015851914473149,-0.1321590929898941,0.9860093160767552,6.53239065033334,-7.008812288114996,13.210248525434682,13.334042357732391,14.01519169301241
2947,05/05/2023 12:22:11.248345,3145,True,True,True,True,Eyes,1.940974,0.07720271,-3.211463,-0.7748087,-0.4201614,0.4723726,0.0,0.0,0.0,0.0,0.0,0.0,0.0,1.978766,0.7683841,2.957936,1.991475,0.08683804,-3.046604,0.1179251,-0.5373991,0.0969405,0.8293967,17.44588,294.4323,2.045937,0.5037051,0.02027019,-0.8636376,0.0,0.0,0.0,1.315717,-0.3128722,-2.821868,-0.1107701,-0.1321913,0.8404458,0.4036097,0.03405855,0.9142973,-0.2875499,0.9533924,0.09142192,-0.8685703,-0.2998048,0.3945919,moving,6.07449142197376,-7.778486377256473,-7.508263134710289,-8.938656422616738,-0.6757580000000001,-0.39971024,0.224736,0.1048584368885493,-0.1345974255743006,0.9853366115792466,6.722239033672256,-7.1559614377867735,13.48686508712016,13.632212435304568,14.341729092870157
2948,05/05/2023 12:22:11.268496,3146,True,True,True,True,Eyes,1.942674,0.07740871,-3.204087,-0.7784474,-0.4243013,0.4625882,0.0,0.0,0.0,0.0,0.0,0.0,0.0,2.017592,0.7625734,2.924849,1.990607,0.08686146,-3.039223,0.1179818,-0.5435674,0.09765826,0.8252743,17.51181,293.563,1.978687,0.5050546,0.02030035,-0.8628483,0.0,0.0,0.0,1.315722,-0.3151847,-2.821911,-0.1097993,-0.1413528,0.8367534,0.3899948,0.03292757,0.9202281,-0.2894519,0.9530863,0.08856706,-0.8741405,-0.3009024,0.3812297,moving,6.267541800279404,-7.985191052718509,-7.475675462006183,-9.588453514229393,-0.674885,-0.40204616,0.2173119999999997,0.1081251126691932,-0.1381027018106476,0.9844980417911272,6.913017744872355,-7.367197439854904,13.673508630733386,13.836418295168532,14.559137019398444
2949,05/05/2023 12:22:11.288071,3147,True,True,True,True,Eyes,1.94429,0.07759197,-3.196645,-0.7818791,-0.4285962,0.4527366,0.0,0.0,0.0,0.0,0.0,0.0,0.0,2.057616,0.7644049,2.888104,1.989723,0.08656031,-3.031955,0.1191236,-0.5497317,0.09962492,0.8207797,17.76313,292.6805,1.959812,0.5063892,0.02033596,-0.862065,0.0,0.0,0.0,1.315727,-0.3175293,-2.821955,-0.1084205,-0.145251,0.8341382,0.3757399,0.03256813,0.9261526,-0.2945123,0.9517689,0.0860146,-0.8786819,-0.3050825,0.3672092,moving,6.468132145269954,-8.023595515275177,-7.405732348595008,-9.878039939708964,-0.6739959999999998,-0.40408961,0.2099999999999999,0.1115615944288506,-0.1387095740632605,0.9840293305397416,7.110832105317476,-7.405295099233349,13.82679453312736,13.997252591756729,14.725661635074134
2950,05/05/2023 12:22:11.300011,3148,True,True,True,True,Eyes,1.945804,0.07775129,-3.1892,-0.7852535,-0.4328571,0.442732,0.0,0.0,0.0,0.0,0.0,0.0,0.0,2.098633,0.7615665,2.850557,1.988851,0.08621623,-3.024394,0.1196734,-0.5561024,0.1018715,0.8161193,17.97714,291.7753,1.998892,0.5077097,0.02037595,-0.8612869,0.0,0.0,0.0,1.315733,-0.3198773,-2.821999,-0.1073506,-0.1495865,0.8312747,0.3607445,0.03317732,0.9320744,-0.29938,0.9506009,0.08203351,-0.8833092,-0.3086376,0.3528567,moving,6.670953697451344,-8.105844985208366,-7.358436779855212,-10.201106530202004,-0.6731179999999999,-0.40609353,0.2023950000000001,0.1150220646833559,-0.1400663836465303,0.983438500830032,7.31094910155736,-7.48846892202314,14.005101507938008,14.184989182465705,14.918085833346476
2951,05/05/2023 12:22:11.318192,3149,True,True,True,True,Eyes,1.947225,0.07787342,-3.181743,-0.7883995,-0.4371855,0.4327759,0.0,0.0,0.0,0.0,0.0,0.0,0.0,2.13961,0.755641,2.812712,1.988009,0.08582197,-3.016742,0.1198317,-0.5625229,0.1042867,0.811377,18.16682,290.8652,2.07576,0.5090162,0.02041929,-0.8605145,0.0,0.0,0.0,1.315738,-0.3222144,-2.822042,-0.1073495,-0.1541443,0.8283795,0.3453844,0.0344154,0.9378301,-0.3040478,0.9495293,0.07713015,-0.8878427,-0.3117847,0.3384165,moving,6.876930151360482,-8.223652037971892,-7.383796489614111,-10.541001007472808,-0.6722709999999998,-0.40803637,0.1946999999999996,0.1185232554002095,-0.1420292689466859,0.982740981807066,7.51425970048824,-7.608189392657383,14.256056416029208,14.447782894792178,15.183987032773812
2952,05/05/2023 12:22:11.338323,3150,True,True,True,True,Eyes,1.948552,0.07795915,-3.17428,-0.7915146,-0.4414337,0.4226593,0.0,0.0,0.0,0.0,0.0,0.0,0.0,2.180029,0.7493725,2.774141,1.987267,0.08510407,-3.008899,0.1199342,-0.5689781,0.1065021,0.8065586,18.34045,289.943,2.132514,0.5103081,0.02046469,-0.8597478,0.0,0.0,0.0,1.315743,-0.3246429,-2.822087,-0.1077194,-0.1597917,0.8255233,0.3298423,0.03532061,0.943375,-0.3082803,0.9485462,0.07227309,-0.8922821,-0.3146627,0.3237593,moving,7.085372514831088,-8.351814988107643,-7.434304776310834,-10.954932115845589,-0.6715239999999998,-0.40974697,0.1868120000000002,0.1220595949996509,-0.1441649338436081,0.9819968861985912,7.720025372462552,-7.738543030449389,14.544890362500905,14.75117783160467,15.491897269433393
2953,05/05/2023 12:22:11.348067,3151,True,True,True,True,Eyes,1.949804,0.07799982,-3.166774,-0.7943908,-0.4457241,0.4126419,0.0,0.0,0.0,0.0,0.0,0.0,0.0,2.219581,0.7419851,2.735515,1.986471,0.08433263,-3.001158,0.1198804,-0.5754343,0.1081594,0.8017514,18.46383,289.0127,2.142913,0.5115863,0.02051104,-0.8589868,0.0,0.0,0.0,1.315748,-0.326887,-2.822129,-0.10794,-0.1676353,0.8215192,0.3143538,0.03546735,0.948643,-0.3114006,0.9478605,0.06775133,-0.8967782,-0.3167059,0.3090082,moving,7.314034356337534,-8.530401356159908,-7.485256341047395,-11.53316908783716,-0.6707230000000002,-0.41121963,0.1790290000000003,0.1259216568986754,-0.1471534579340106,0.9810655687684774,7.945840395796277,-7.920612855294104,14.874344402467765,15.100848293923963,15.848321962754072
2954,05/05/2023 12:22:11.368577,3152,True,True,True,True,Eyes,1.950973,0.07799947,-3.159252,-0.7972364,-0.4499628,0.402427,0.0,0.0,0.0,0.0,0.0,0.0,0.0,2.258555,0.7384067,2.694967,1.985822,0.08332013,-2.993114,0.1203728,-0.5818903,0.1098539,0.7967725,18.64268,288.0652,2.115041,0.5128506,0.02055706,-0.8582315,0.0,0.0,0.0,1.315754,-0.3294345,-2.822176,-0.1094328,-0.1699558,0.8196304,0.2986718,0.03496962,0.9537149,-0.3151445,0.946885,0.06397361,-0.9008213,-0.3196652,0.2938284,moving,7.551781078891514,-8.64712562802336,-7.604859548274288,-11.714645496808346,-0.6700679999999999,-0.41275463,0.170938,0.1299536525987602,-0.1490735887020215,0.9802494593344808,8.18046470822229,-8.038998206289133,15.22559513571917,15.463939771172274,16.207616878709853
2955,05/05/2023 12:22:11.388345,3153,True,True,True,True,Eyes,1.952071,0.07794793,-3.151686,-0.7998794,-0.4542292,0.3922612,0.0,0.0,0.0,0.0,0.0,0.0,0.0,2.298307,0.7343507,2.65278,1.98514,0.0822903,-2.985159,0.1208462,-0.588536,0.1113654,0.7915928,18.80855,287.0813,2.062473,0.5141012,0.02060172,-0.8574818,0.0,0.0,0.0,1.315759,-0.3316968,-2.822218,-0.1090671,-0.1781746,0.8162369,0.2824463,0.0340674,0.9586779,-0.3185567,0.9459879,0.06023688,-0.9048457,-0.322407,0.2780432,moving,7.82930533017053,-8.780525213282651,-7.610885855141943,-12.313814942378617,-0.669381,-0.4139871,0.162941,0.1346549362484934,-0.1512596834282143,0.9792796464828372,8.454337412620896,-8.174255637593074,15.5799656779769,15.83930680770898,16.589977392416937
2956,05/05/2023 12:22:11.400547,3154,True,True,True,True,Eyes,1.953097,0.07783838,-3.14413,-0.8024515,-0.4585303,0.3818657,0.0,0.0,0.0,0.0,0.0,0.0,0.0,2.337801,0.7325729,2.60856,1.984513,0.08098806,-2.976862,0.121649,-0.5952737,0.1127166,0.7862225,18.99471,286.0677,1.964379,0.5153395,0.02064385,-0.8567371,0.0,0.0,0.0,1.315764,-0.3339719,-2.822261,-0.1067057,-0.1861185,0.8129123,0.2658884,0.03241165,0.9634589,-0.3220695,0.944993,0.05709202,-0.9086115,-0.3254808,0.2617016,moving,8.126152590593772,-8.892255583329295,-7.478089750754886,-12.895762727802984,-0.668749,-0.41495996,0.154601,0.1396874953958028,-0.1530613085032143,0.9782941777278252,8.747205936650877,-8.28709294894878,15.832682581132865,16.109638372831036,16.867129491240412
2957,05/05/2023 12:22:11.418177,3155,True,True,True,True,Eyes,1.954068,0.07766321,-3.136549,-0.8047018,-0.4629816,0.3716222,0.0,0.0,0.0,0.0,0.0,0.0,0.0,2.37887,0.7342809,2.56148,1.983882,0.07966316,-2.969383,0.1230707,-0.6020501,0.1149578,0.780496,19.30113,285.0318,1.898005,0.5165656,0.02068215,-0.8559976,0.0,0.0,0.0,1.315769,-0.336264,-2.822303,-0.1030282,-0.1813488,0.8133199,0.2486407,0.03125882,0.9680912,-0.3276376,0.9432766,0.05369157,-0.9114996,-0.3305331,0.2447785,moving,8.449810773596399,-8.902667521950368,-7.219553265925883,-12.56982159919644,-0.668113,-0.41592716,0.1470800000000003,0.1452102882595985,-0.1531160917047035,0.9774811727288056,9.066263510584037,-8.295543913254962,15.825779754540411,16.092761988836365,16.83737740310495
2958,05/05/2023 12:22:11.428195,3156,True,True,True,True,Eyes,1.95498,0.07743511,-3.128955,-0.8068175,-0.4675409,0.3611801,0.0,0.0,0.0,0.0,0.0,0.0,0.0,2.417024,0.737159,2.514297,1.983671,0.07799073,-2.960754,0.1246408,-0.608616,0.1173524,0.7747772,19.63231,284.0153,1.833016,0.5177796,0.02071524,-0.855263,0.0,0.0,0.0,1.315775,-0.3386532,-2.822348,-0.09955753,-0.1863414,0.8113797,0.2316301,0.03012727,0.9723372,-0.3335606,0.9413862,0.0502925,-0.9138296,-0.3359827,0.2281026,moving,8.743208035613478,-8.893807611300446,-6.99531324719999,-12.934257168726436,-0.667896,-0.41664393,0.1384060000000002,0.1502200785528003,-0.1528492601484752,0.9767656155837614,9.355447187695454,-8.28438606574851,15.975252989865464,16.24888564781217,16.99907844777626
2959,05/05/2023 12:22:11.448368,3157,True,True,True,True,Eyes,1.955851,0.07716107,-3.121311,-0.8086458,-0.472165,0.3509304,0.0,0.0,0.0,0.0,0.0,0.0,0.0,2.453874,0.7433755,2.466482,1.983219,0.07655344,-2.952731,0.126819,-0.6148213,0.1205095,0.7690184,20.07414,283.0337,1.794114,0.5189823,0.02074224,-0.854533,0.0,0.0,0.0,1.31578,-0.3409615,-2.822391,-0.09580877,-0.1903229,0.8100477,0.2149446,0.0294061,0.9761834,-0.3412901,0.9387888,0.04686861,-0.9150519,-0.3432358,0.2118237,moving,9.013450558155306,-8.781976268456342,-6.74534781165274,-13.221983292700378,-0.6674390000000001,-0.41751494,0.1303399999999999,0.1548739493963242,-0.1508328158008574,0.976352131253253,9.62156437738676,-8.167490304059692,16.09787514390204,16.372336071422463,17.129615114647137
2960,05/05/2023 12:22:11.468059,3158,True,True,True,True,Eyes,1.956674,0.07685199,-3.113635,-0.8103404,-0.4768659,0.3405106,0.0,0.0,0.0,0.0,0.0,0.0,0.0,2.488297,0.7455408,2.42006,1.983205,0.07524992,-2.943702,0.1284728,-0.6208704,0.1238667,0.7633294,20.48392,282.079,1.809033,0.5201751,0.02076253,-0.853807,0.0,0.0,0.0,1.315785,-0.3432929,-2.822434,-0.09132728,-0.1932362,0.8085822,0.198354,0.02957229,0.9796842,-0.3486322,0.9363036,0.04232378,-0.9160302,-0.3499445,0.1960293,moving,9.239558611993225,-8.713289933985108,-6.444100821928823,-13.440543885399048,-0.6674200000000001,-0.41854282,0.1212680000000001,0.1587565856489881,-0.1495688747599601,0.9759229566843096,9.844279452736512,-8.095274134100857,16.10819417142497,16.380601428531577,17.14302309064099
2961,05/05/2023 12:22:11.488107,3159,True,True,True,True,Eyes,1.957467,0.0765019,-3.105943,-0.8117417,-0.4815906,0.3303727,0.0,0.0,0.0,0.0,0.0,0.0,0.0,2.52203,0.7477206,2.373341,1.982929,0.07415406,-2.935126,0.1302016,-0.6268249,0.1270615,0.7576236,20.8902,281.1256,1.79733,0.5213582,0.02077585,-0.8530846,0.0,0.0,0.0,1.31579,-0.3455777,-2.822476,-0.08685474,-0.1978117,0.8068982,0.181892,0.02930249,0.9828818,-0.3557568,0.9338059,0.03799694,-0.9167074,-0.3565782,0.1802764,moving,9.484471489113892,-8.649325471951913,-6.143678277793255,-13.77444871557155,-0.6671389999999999,-0.41973176,0.1126499999999999,0.162956352746715,-0.1483763422169233,0.975412683228158,10.085541752779644,-8.02778296552064,16.17439032827306,16.447065191065857,17.216612618153338
2962,05/05/2023 12:22:11.501368,3160,True,True,True,True,Eyes,1.958221,0.07612276,-3.098198,-0.8129794,-0.486443,0.320059,0.0,0.0,0.0,0.0,0.0,0.0,0.0,2.554778,0.7521895,2.325074,1.98319,0.07292013,-2.925796,0.1323427,-0.6327416,0.1306525,0.7517005,21.36468,280.1582,1.781126,0.5225332,0.02078176,-0.8523654,0.0,0.0,0.0,1.315795,-0.3479395,-2.82252,-0.08263966,-0.1997358,0.8056455,0.1651361,0.02894563,0.985846,-0.3639006,0.9308307,0.03362563,-0.9166823,-0.3643027,0.1642471,moving,9.730375204702572,-8.527118761438073,-5.856671776927294,-13.924035007307396,-0.667395,-0.42085963,0.1032760000000001,0.1671961470703553,-0.1461903061343221,0.975025078319292,10.32764349442492,-7.900386543620529,16.227492240466365,16.49493069316949,17.268943268671702
2963,05/05/2023 12:22:11.518389,3161,True,True,True,True,Eyes,1.958961,0.07572393,-3.090383,-0.8140417,-0.4911649,0.309989,0.0,0.0,0.0,0.0,0.0,0.0,0.0,2.587377,0.7553698,2.27581,1.983043,0.07190747,-2.916639,0.1344602,-0.6386104,0.1345633,0.7456474,21.8629,279.1883,1.786809,0.5237005,0.02078023,-0.8516486,0.0,0.0,0.0,1.315801,-0.3504555,-2.822567,-0.07819776,-0.2022885,0.8040603,0.1481389,0.02893801,0.9885432,-0.3724089,0.9276263,0.0286529,-0.9161695,-0.3723868,0.1481943,moving,9.987284935269162,-8.380236199269618,-5.554752093048756,-14.12161563717266,-0.6672419999999999,-0.42236297,0.0940720000000001,0.1716326957800856,-0.1435791184113873,0.974642130706122,10.580535828509166,-7.747535871460505,16.306731978300224,16.568595379197994,17.34867168319333
2964,05/05/2023 12:22:11.538234,3162,True,True,True,True,Eyes,1.959669,0.07531302,-3.082493,-0.8149606,-0.4959814,0.2997362,0.0,0.0,0.0,0.0,0.0,0.0,0.0,2.619785,0.7554604,2.226023,1.983506,0.0711239,-2.906857,0.1362341,-0.6446444,0.1384657,0.7393925,22.33264,278.1885,1.803792,0.5248621,0.02077149,-0.8509334,0.0,0.0,0.0,1.315806,-0.3526983,-2.822609,-0.07363643,-0.201589,0.8030428,0.1305219,0.02911598,0.9910178,-0.380406,0.924535,0.02293861,-0.9155629,-0.3799831,0.131748,moving,10.2549279474471,-8.27434727019308,-5.239186417862741,-14.091851450314456,-0.6677,-0.4238222,0.0842480000000001,0.176232825837414,-0.1416607050501409,0.9741018191292,10.844104657631126,-7.636769621428135,16.297667906786028,16.550254827374424,17.33032986520104
2965,05/05/2023 12:22:11.548722,3163,True,True,True,True,Eyes,1.960365,0.07488377,-3.074501,-0.8158749,-0.5004749,0.2896082,0.0,0.0,0.0,0.0,0.0,0.0,0.0,2.65102,0.7541902,2.176106,1.983475,0.07047932,-2.897068,0.1378806,-0.6505972,0.1421421,0.7331493,22.77595,277.1915,1.803225,0.5260191,0.02075593,-0.8502191,0.0,0.0,0.0,1.315811,-0.35498,-2.822651,-0.06939386,-0.2013573,0.8018581,0.1130379,0.02901337,0.993167,-0.3878322,0.9215692,0.0172196,-0.9147725,-0.3871286,0.1154246,moving,10.525808720521756,-8.17272192638791,-4.94612921903007,-14.096267377106502,-0.667664,-0.42545932,0.0744169999999999,0.1808841275697288,-0.1398127102412255,0.9735159094414436,11.110875025757116,-7.53036561146315,16.322349874593883,16.567113638533183,17.347577678546138
2966,05/05/2023 12:22:11.568597,3164,True,True,True,True,Eyes,1.961034,0.07443619,-3.066421,-0.8166786,-0.5049908,0.2793212,0.0,0.0,0.0,0.0,0.0,0.0,0.0,2.680548,0.7501699,2.127509,1.983894,0.06966017,-2.886815,0.1390606,-0.6565211,0.145402,0.7269804,23.148,276.1987,1.795905,0.5271728,0.02073377,-0.8495048,0.0,0.0,0.0,1.315816,-0.3572925,-2.822694,-0.06543177,-0.2014044,0.8006268,0.09567656,0.02881625,0.9949952,-0.3940012,0.9190408,0.01126979,-0.9141165,-0.3931077,0.09928434,moving,10.78096525639786,-8.142644629339047,-4.6721531231466304,-14.12025022400318,-0.668078,-0.42695267,0.0641210000000001,0.1852341980789407,-0.1391869240857632,0.9727873706918876,11.36231444965718,-7.49765374169319,16.329470183682027,16.56896606000434,17.34828333037023
2967,05/05/2023 12:22:11.588638,3165,True,True,True,True,Eyes,1.96167,0.07396787,-3.058287,-0.8175257,-0.509054,0.2692871,0.0,0.0,0.0,0.0,0.0,0.0,0.0,2.708503,0.7430944,2.08011,1.983944,0.06881127,-2.876502,0.1397816,-0.6623352,0.1483744,0.7209426,23.45922,275.2254,1.797486,0.5283252,0.02070516,-0.8487894,0.0,0.0,0.0,1.315821,-0.3596542,-2.822738,-0.061561,-0.201426,0.7993388,0.07859427,0.02877419,0.9964913,-0.3991033,0.9168923,0.005001957,-0.9135314,-0.3980961,0.08354635,moving,11.028788669164763,-8.145604697341733,-4.403935605988186,-14.143546247341396,-0.668123,-0.4284654699999999,0.0537639999999997,0.1894417705538859,-0.1391234692302139,0.9719857319846104,11.606603389026173,-7.498969778945426,16.32215454929462,16.55730296244251,17.33458264150703
2968,05/05/2023 12:22:11.601972,3166,True,True,True,True,Eyes,1.962281,0.07351186,-3.050051,-0.8182785,-0.5130823,0.2591656,0.0,0.0,0.0,0.0,0.0,0.0,0.0,2.732571,0.7321872,2.037308,1.983871,0.06788138,-2.865888,0.1396748,-0.6678692,0.1501691,0.7154655,23.60642,274.3112,1.770616,0.5294765,0.02067019,-0.8480725,0.0,0.0,0.0,1.315827,-0.3619642,-2.822781,-0.0574334,-0.2021028,0.797884,0.06279986,0.0283125,0.9976245,-0.4014507,0.9158804,-0.0007215387,-0.9137251,-0.4004517,0.06888325,moving,11.221152184778903,-8.297530547855775,-4.117171835262535,-14.213976641952824,-0.6680439999999999,-0.42984558,0.043107,0.1926354202273502,-0.141610613841798,0.970998448649678,11.796575976314694,-7.653874131765939,16.205543069743793,16.43984544112676,17.21285317298208
2969,05/05/2023 12:22:11.618316,3167,True,True,True,True,Eyes,1.962868,0.07305361,-3.04177,-0.819141,-0.5166075,0.2492484,0.0,0.0,0.0,0.0,0.0,0.0,0.0,2.752925,0.7235211,1.997506,1.983897,0.06774641,-2.855114,0.139953,-0.6728055,0.1522413,0.7103298,23.80864,273.4773,1.751322,0.530628,0.02062986,-0.8473536,0.0,0.0,0.0,1.315832,-0.3643798,-2.822826,-0.05335696,-0.2018827,0.7966907,0.0483105,0.02796074,0.9984409,-0.4046054,0.9144715,-0.006032035,-0.9132144,-0.4036832,0.05549163,moving,11.352855169189096,-8.35359765060233,-3.8315622952859454,-14.21952904941111,-0.6680650000000001,-0.4321262099999999,0.0322879999999998,0.1948418525537116,-0.1424974255096694,0.9704283528712276,11.926529009828917,-7.710617048212221,16.048862656262212,16.278073746945164,17.0494391995657
2970,05/05/2023 12:22:11.638278,3168,True,True,True,True,Eyes,1.963451,0.07257129,-3.0334,-0.8199362,-0.5200803,0.2392095,0.0,0.0,0.0,0.0,0.0,0.0,0.0,2.77469,0.703276,1.959148,1.983973,0.06723406,-2.844484,0.1383034,-0.678341,0.153016,0.7052034,23.74445,272.5955,1.764258,0.5317795,0.02058464,-0.8466325,0.0,0.0,0.0,1.315837,-0.3667653,-2.82287,-0.048758,-0.2018144,0.7955182,0.03287928,0.02818113,0.999062,-0.4034485,0.9149166,-0.01253002,-0.9144115,-0.402658,0.04145144,moving,11.511716775392822,-8.684624073191559,-3.507320546717831,-14.235013502468169,-0.6681360000000001,-0.43399936,0.021614,0.1973697983622269,-0.1480253310577475,0.9690891287536346,12.083900455865162,-8.049948252691875,15.780496509654052,16.011817663825,16.773228803524244
2971,05/05/2023 12:22:11.647996,3169,True,True,True,True,Eyes,1.964021,0.07209529,-3.024929,-0.820624,-0.5234879,0.2292088,0.0,0.0,0.0,0.0,0.0,0.0,0.0,2.793682,0.6975175,1.91887,1.984466,0.06619266,-2.83386,0.1387189,-0.6833374,0.1540429,0.7000558,23.87535,271.7305,1.635183,0.5329328,0.02053434,-0.8459082,0.0,0.0,0.0,1.315842,-0.3691043,-2.822914,-0.04405685,-0.2011866,0.7943463,0.0186416,0.02609356,0.9994858,-0.4052607,0.9140558,-0.01630462,-0.9140112,-0.4047484,0.02761412,moving,11.678111196548487,-8.786794045484502,-3.1745448889311345,-14.212613836732428,-0.6686240000000001,-0.43529696,0.0109460000000001,0.2001332808705362,-0.1496675615447131,0.9682697432684264,12.248157811529405,-8.153863034390422,15.586193737207688,15.81268203691684,16.570100176874995
2972,05/05/2023 12:22:11.668985,3170,True,True,True,True,Eyes,1.964571,0.07166079,-3.01637,-0.8211595,-0.5269547,0.2191253,0.0,0.0,0.0,0.0,0.0,0.0,0.0,2.813012,0.7018169,1.87246,1.984694,0.06591436,-2.822823,0.1413257,-0.6879558,0.1577019,0.6941717,24.40553,270.8487,1.541214,0.534089,0.02047967,-0.8451799,0.0,0.0,0.0,1.315848,-0.3715203,-2.822959,-0.03845213,-0.1988558,0.7938855,0.003694029,0.02449265,0.9996933,-0.413396,0.9103143,-0.02077525,-0.910544,-0.4131925,0.01348789,moving,11.845943762820426,-8.50323110191562,-2.77297461128694,-14.062352930793828,-0.668846,-0.43743466,-0.0001359999999999,0.2031179670614745,-0.1447828334816518,0.9683909850769306,12.412923849390824,-7.861066708956631,15.432962941962316,15.640224101243694,16.403275979607344
2973,05/05/2023 12:22:11.688087,3171,True,True,True,True,Eyes,1.965112,0.07121606,-3.007743,-0.8217509,-0.530127,0.2090232,0.0,0.0,0.0,0.0,0.0,0.0,0.0,2.832282,0.6916124,1.830625,1.984752,0.066514,-2.812059,0.1418079,-0.6927481,0.1608899,0.6885529,24.72079,269.9988,1.582668,0.5352495,0.02042221,-0.8444469,0.0,0.0,0.0,1.315853,-0.3736853,-2.822999,-0.03435013,-0.1955156,0.7934499,-0.01157086,0.02508811,0.9996184,-0.4180367,0.9080099,-0.02762785,-0.9083565,-0.4181968,-1.869205e-05,moving,11.964222357006854,-8.437729898495148,-2.478907996341553,-13.842597825949534,-0.6688990000000001,-0.4401993,-0.0109399999999997,0.2051519365325242,-0.1436134128383218,0.9681362231152878,12.52935787576469,-7.792878187827833,15.22476607665095,15.421303826753402,16.181691882732913
2974,05/05/2023 12:22:11.704021,3172,True,True,True,True,Eyes,1.96565,0.07077572,-2.999032,-0.822055,-0.5335522,0.198866,0.0,0.0,0.0,0.0,0.0,0.0,0.0,2.850226,0.6792926,1.790875,1.985054,0.06582195,-2.801373,0.1414128,-0.6977561,0.1621604,0.6832591,24.80555,269.1339,1.530943,0.5364138,0.02036198,-0.8437092,0.0,0.0,0.0,1.315858,-0.3759338,-2.823041,-0.03015027,-0.1909479,0.7934511,-0.02631888,0.02425182,0.9993595,-0.4189384,0.9074128,-0.03305355,-0.9076332,-0.41954,-0.01372212,moving,12.104299733446457,-8.603092863131492,-2.176129687876086,-13.5312077299484,-0.6691960000000001,-0.44175575,-0.021668,0.2074346314712509,-0.1463349995063442,0.9672419556097142,12.667823165904204,-7.961966351704497,14.914753133451129,15.106852107501291,15.8543175776946
2975,05/05/2023 12:22:11.722955,3173,True,True,True,True,Eyes,1.966144,0.0704463,-2.990273,-0.8219446,-0.5373335,0.1888911,0.0,0.0,0.0,0.0,0.0,0.0,0.0,2.86542,0.685891,1.747143,1.985493,0.06556509,-2.790538,0.1445216,-0.7015859,0.1666202,0.6775903,25.44532,268.3362,1.460275,0.5375838,0.02029937,-0.8429657,0.0,0.0,0.0,1.315863,-0.3782898,-2.823085,-0.02761494,-0.1868891,0.7936634,-0.03997012,0.02301178,0.9989359,-0.428589,0.9027025,-0.03794384,-0.9026152,-0.4296495,-0.02621851,moving,12.196026608119066,-8.227791745300577,-1.992761007730844,-13.250422463178642,-0.66963,-0.44385489,-0.0325469999999996,0.2091781555019082,-0.1399430975952262,0.9678122194139174,12.757354913564638,-7.575354037258283,14.875907951679512,15.051528604625782,15.804186829145392
2976,05/05/2023 12:22:11.737928,3174,True,True,True,True,Eyes,1.966605,0.07016248,-2.981447,-0.8218936,-0.540836,0.1788502,0.0,0.0,0.0,0.0,0.0,0.0,0.0,2.880398,0.6734444,1.708343,1.984725,0.06796452,-2.779372,0.1453354,-0.7054302,0.1718556,0.6720948,25.96504,267.6089,1.654531,0.5387584,0.02023771,-0.842217,0.0,0.0,0.0,1.315868,-0.3806608,-2.823129,-0.02458056,-0.183142,0.7938667,-0.05433229,0.02595861,0.9981855,-0.4360546,0.8986865,-0.04710596,-0.8982786,-0.4378227,-0.03750825,moving,12.18713683402198,-7.998887015746896,-1.773487328881361,-12.99064181793481,-0.668857,-0.44862532,-0.0437570000000002,0.2091417307907905,-0.1360765286666817,0.9683713014360036,12.74805280260607,-7.340002485511324,14.664159264779297,14.826214723354264,15.582196656939333
2977,05/05/2023 12:22:11.748411,3175,True,True,True,True,Eyes,1.967058,0.06986861,-2.972545,-0.8216307,-0.5444854,0.1686969,0.0,0.0,0.0,0.0,0.0,0.0,0.0,2.898935,0.6364841,1.673372,1.984419,0.06874835,-2.768838,0.1414114,-0.7109956,0.1726614,0.6668404,25.72936,266.7531,1.856822,0.5399385,0.02017817,-0.8414623,0.0,0.0,0.0,1.315873,-0.382999,-2.823172,-0.02222384,-0.1780958,0.7946656,-0.07065327,0.02918947,0.9970738,-0.431361,0.9003817,-0.0569253,-0.8994086,-0.4341207,-0.05102365,moving,12.276021017720335,-8.554902019190877,-1.6019322204618056,-12.632064177000176,-0.6685459999999999,-0.45174735,-0.0543339999999998,0.2103610360332773,-0.1454284172498459,0.9667465086776736,12.836976963980032,-7.911207720109122,14.292460544455007,14.464468097453231,15.191069222511258
2978,05/05/2023 12:22:11.768483,3176,True,True,True,True,Eyes,1.967492,0.06961498,-2.963584,-0.8209483,-0.5485694,0.1584781,0.0,0.0,0.0,0.0,0.0,0.0,0.0,2.913635,0.6397887,1.628146,1.984605,0.06824316,-2.757924,0.1438693,-0.7152815,0.1754895,0.6609672,26.18267,265.8686,1.671208,0.541124,0.02012032,-0.8407018,0.0,0.0,0.0,1.315879,-0.3854487,-2.823218,-0.01971717,-0.1731209,0.7953937,-0.0848483,0.02617148,0.9960501,-0.4377996,0.8970101,-0.06086301,-0.8950601,-0.4412344,-0.06465195,moving,12.435642318019976,-8.37516296799579,-1.4200254619094794,-12.279164314684202,-0.6687259999999999,-0.4536918599999999,-0.0652939999999997,0.2131511942104325,-0.1423069170290449,0.966599770246825,12.993893719248168,-7.725244739564639,14.232791390204603,14.395164331910914,15.11619163869
2979,05/05/2023 12:22:11.787967,3177,True,True,True,True,Eyes,1.967875,0.06938495,-2.954593,-0.8202928,-0.5524356,0.1481033,0.0,0.0,0.0,0.0,0.0,0.0,0.0,2.927366,0.6584437,1.577483,1.984472,0.06906949,-2.747466,0.1496582,-0.7185571,0.1814874,0.6544773,27.17526,265.0059,1.448161,0.5423153,0.02006511,-0.8399351,0.0,0.0,0.0,1.315884,-0.3878177,-2.823262,-0.01765763,-0.1684227,0.7966533,-0.09852386,0.02248277,0.9948808,-0.4526347,0.8893296,-0.06492218,-0.8862365,-0.4567139,-0.07744369,moving,12.566860756677496,-7.62828427802702,-1.2697393557643752,-11.937285192163436,-0.668588,-0.45688719,-0.0757959999999999,0.2157432034464924,-0.129619545680873,0.9678086592370516,13.12147713124785,-6.956213797383537,14.3537025167696,14.49203200209187,15.22886024021322
2980,05/05/2023 12:22:11.802265,3178,True,True,True,True,Eyes,1.968227,0.06917466,-2.945557,-0.8194043,-0.5564209,0.1377403,0.0,0.0,0.0,0.0,0.0,0.0,0.0,2.937069,0.6564174,1.541636,1.983591,0.06938422,-2.7376,0.1505879,-0.7225499,0.181079,0.6499657,27.22146,264.2229,1.145402,0.5435123,0.02001293,-0.8391623,0.0,0.0,0.0,1.315889,-0.3901058,-2.823305,-0.015566,-0.1642796,0.7975088,-0.1097358,0.01777575,0.9938019,-0.4530047,0.8890674,-0.06592327,-0.8847287,-0.457431,-0.08950992,moving,12.641246620500652,-7.805782168734917,-1.1181730831198995,-11.639603327805242,-0.667702,-0.45949002,-0.0857049999999999,0.2169137803155497,-0.1325818926328136,0.9671455261306376,13.195218248003624,-7.13824003957437,14.144543453251371,14.283550513094312,15.004514082452475
2981,05/05/2023 12:22:11.818556,3179,True,True,True,True,Eyes,1.968517,0.06896763,-2.936481,-0.8185536,-0.5601193,0.1274218,0.0,0.0,0.0,0.0,0.0,0.0,0.0,2.942545,0.6714635,1.505566,1.983112,0.06970104,-2.727373,0.1545286,-0.7251676,0.183078,0.6455505,27.71258,263.5471,0.7931001,0.5447138,0.01996409,-0.8383841,0.0,0.0,0.0,1.315894,-0.3924435,-2.823348,-0.01407843,-0.1607843,0.7985869,-0.1187712,0.01225398,0.9928462,-0.4604904,0.8852068,-0.06601249,-0.879683,-0.4650364,-0.09949424,moving,12.62950702190029,-7.492713432378009,-1.009972831583724,-11.383517112764386,-0.6672180000000001,-0.46214454,-0.0959750000000001,0.2168670443031988,-0.1272967281128846,0.9678657807400972,13.182908719503422,-6.8163511841789415,14.056109623975876,14.183573736999588,14.909624118079623
2982,05/05/2023 12:22:11.837911,3180,True,True,True,True,Eyes,1.968788,0.06872124,-2.927408,-0.817633,-0.5637013,0.11712,0.0,0.0,0.0,0.0,0.0,0.0,0.0,2.950688,0.6689287,1.471237,1.981954,0.06955427,-2.717643,0.1554789,-0.7287372,0.183537,0.6411573,27.83153,262.8243,0.5666491,0.5459191,0.01991837,-0.8376008,0.0,0.0,0.0,1.3159,-0.394787,-2.823392,-0.01291978,-0.1581851,0.7992736,-0.1294874,0.008745743,0.9915425,-0.4619587,0.8842809,-0.06812767,-0.877398,-0.4668733,-0.110463,moving,12.64408747690439,-7.578328660361801,-0.9260713773761378,-11.194803303278109,-0.6660539999999999,-0.46434127,-0.1057490000000003,0.2170726512816204,-0.1287368111963094,0.9676292007888472,13.197482553935018,-6.9042991702341645,13.916452942748348,14.043792229069211,14.760867229479503
2983,05/05/2023 12:22:11.849734,3181,True,True,True,True,Eyes,1.969023,0.06843884,-2.918324,-0.8165701,-0.56727,0.1068554,0.0,0.0,0.0,0.0,0.0,0.0,0.0,2.957819,0.6668445,1.440517,1.981753,0.06837107,-2.708586,0.1561239,-0.7320502,0.1837206,0.6371614,27.90051,262.1605,0.3590656,0.5471281,0.01987431,-0.8368126,0.0,0.0,0.0,1.315905,-0.397097,-2.823435,-0.01276045,-0.1577397,0.799463,-0.1393016,0.00553838,0.9902347,-0.4627005,0.8837441,-0.07003322,-0.875502,-0.4679377,-0.1205443,moving,12.60921286234068,-7.709883527490205,-0.9144361301272212,-11.16149663303555,-0.665848,-0.46546807,-0.1148489999999999,0.2164195809597098,-0.1309776682610799,0.9674747919285982,13.163416290711718,-7.039837946272478,13.827088704326425,13.95717432368925,14.668810419154315
2984,05/05/2023 12:22:11.868045,3182,True,True,True,True,Eyes,1.969193,0.0681567,-2.909235,-0.8154253,-0.5707272,0.09670582,0.0,0.0,0.0,0.0,0.0,0.0,0.0,2.965425,0.668654,1.405976,1.981137,0.0672629,-2.699664,0.1584028,-0.7345496,0.1878207,0.6325099,28.44468,261.5432,0.3184898,0.5483405,0.01983074,-0.8360197,0.0,0.0,0.0,1.31591,-0.3995575,-2.82348,-0.0137529,-0.1572558,0.8004134,-0.1496795,0.004887652,0.9887224,-0.4703064,0.8792639,-0.07554471,-0.8697171,-0.47631,-0.129309,moving,12.509071883921868,-7.390455852603206,-0.984373318199839,-11.115228098442056,-0.665227,-0.4668204,-0.1238160000000001,0.2148782672323786,-0.1256257053375825,0.968527482703226,13.063953672839062,-6.7120258063822416,13.876004889685763,13.998106718625657,14.722217281101136
2985,05/05/2023 12:22:11.888154,3183,True,True,True,True,Eyes,1.969311,0.06787358,-2.900205,-0.8143325,-0.5739128,0.08652563,0.0,0.0,0.0,0.0,0.0,0.0,0.0,2.97401,0.646125,1.378376,1.979912,0.06661447,-2.690286,0.1565295,-0.7379401,0.1901624,0.6283163,28.51292,260.9568,0.5180828,0.5495552,0.01978759,-0.8352227,0.0,0.0,0.0,1.315915,-0.401726,-2.823521,-0.01423723,-0.1597949,0.8005796,-0.1614345,0.007945395,0.9868515,-0.469983,0.8786736,-0.08395676,-0.8677874,-0.477357,-0.1381141,moving,12.361148703966174,-7.575285134422024,-1.0188208806897718,-11.287839695775965,-0.663997,-0.46834047,-0.133235,0.21228924397416,-0.1288240213472571,0.9686783034753012,12.91857986356432,-6.903142179275614,13.758640206801015,13.88548333538837,14.610842269258088
2986,05/05/2023 12:22:11.904068,3184,True,True,True,True,Eyes,1.969384,0.06757048,-2.891166,-0.8130768,-0.5771241,0.07638039,0.0,0.0,0.0,0.0,0.0,0.0,0.0,2.984172,0.6208118,1.349501,1.97861,0.06629406,-2.681893,0.1543024,-0.7415926,0.1922981,0.6239011,28.53872,260.3317,0.7233776,0.55077,0.0197448,-0.8344231,0.0,0.0,0.0,1.31592,-0.4040816,-2.823565,-0.01444406,-0.1590894,0.8016854,-0.1738765,0.01109097,0.9847052,-0.4688091,0.8784244,-0.09267493,-0.8660169,-0.4777527,-0.1475379,moving,12.243460269626883,-7.810458105439963,-1.0321931088677263,-11.224165871171968,-0.66269,-0.47037566,-0.1416719999999998,0.2101861127727167,-0.1328606782856181,0.9685917156565929,12.803127365099542,-7.145822901878738,13.57577268074684,13.707529804299329,14.423902869631416
2987,05/05/2023 12:22:11.919847,3185,True,True,True,True,Eyes,1.969398,0.06725405,-2.882165,-0.8117557,-0.5802414,0.06612517,0.0,0.0,0.0,0.0,0.0,0.0,0.0,2.992642,0.6120247,1.314176,1.97739,0.06592403,-2.672662,0.1548985,-0.7449036,0.1949553,0.618965,28.82913,259.6263,0.6914478,0.5519848,0.01970174,-0.833621,0.0,0.0,0.0,1.315925,-0.4064183,-2.823608,-0.01482349,-0.1534888,0.8040967,-0.1857778,0.01057211,0.982535,-0.4721098,0.8759978,-0.09869226,-0.861742,-0.4821992,-0.1577497,moving,12.209138222278971,-7.73368286959345,-1.0561257380167537,-10.8068167629178,-0.661465,-0.47234233,-0.1509460000000002,0.2096420155589191,-0.1315783756662907,0.9688845613556823,12.769114879678725,-7.067103937824861,13.488571129204503,13.616584735631012,14.322106344785372
2988,05/05/2023 12:22:11.938566,3186,True,True,True,True,Eyes,1.969353,0.06694972,-2.873176,-0.8102107,-0.5834645,0.05592658,0.0,0.0,0.0,0.0,0.0,0.0,0.0,3.000998,0.6086503,1.277232,1.975913,0.06530774,-2.664445,0.1562172,-0.7481623,0.1969772,0.6140435,29.1167,258.8928,0.5347401,0.5531987,0.01965803,-0.8328169,0.0,0.0,0.0,1.315931,-0.4088127,-2.823653,-0.01577586,-0.1516894,0.8063081,-0.1970936,0.008153496,0.980351,-0.4756567,0.8735924,-0.1028934,-0.8572661,-0.4865901,-0.1683012,moving,12.213511034538262,-7.645422785447387,-1.1208803223830763,-10.654429560206266,-0.6599820000000001,-0.47412044,-0.159208,0.2097577289003063,-0.1300824236886251,0.969061526281544,12.773217234230144,-6.976303719368699,13.543505780890554,13.66967865862557,14.37270178545852
2989,05/05/2023 12:22:11.948078,3187,True,True,True,True,Eyes,1.969226,0.06669609,-2.864209,-0.8085938,-0.5865898,0.04570229,0.0,0.0,0.0,0.0,0.0,0.0,0.0,3.006603,0.6109009,1.241953,1.974409,0.06534025,-2.655701,0.1585948,-0.750782,0.1996485,0.609356,29.54232,258.2174,0.3407404,0.5544101,0.01961408,-0.8320121,0.0,0.0,0.0,1.315936,-0.4111432,-2.823696,-0.01626586,-0.151747,0.8077264,-0.2070661,0.00517382,0.9783133,-0.4814541,0.8699764,-0.1065036,-0.8516605,-0.4930663,-0.1776516,moving,12.168384268767491,-7.396313095868975,-1.1536569537974193,-10.640095075612193,-0.6584730000000001,-0.47648345,-0.1679949999999999,0.2091085972826103,-0.125885850947321,0.9697559348864498,12.72814835634794,-6.720425386611675,13.591292330686086,13.71126922891625,14.424573794038052
2990,05/05/2023 12:22:11.968080,3188,True,True,True,True,Eyes,1.96901,0.06647656,-2.855306,-0.8069006,-0.5896193,0.03550239,0.0,0.0,0.0,0.0,0.0,0.0,0.0,3.011594,0.6081313,1.209343,1.972223,0.06633501,-2.647258,0.1603652,-0.7532436,0.202511,0.6048937,29.93969,257.5928,0.225282,0.5556183,0.01957135,-0.8312067,0.0,0.0,0.0,1.315941,-0.4134098,-2.823738,-0.01742471,-0.1441495,0.8110094,-0.2167732,0.003407166,0.976216,-0.4865834,0.8665446,-0.1110725,-0.8463131,-0.499088,-0.1861858,moving,12.07150139090439,-7.1791414261457165,-1.2308226825700233,-10.078546982111904,-0.656282,-0.47974481,-0.1764800000000002,0.2075635456726002,-0.1222503406964234,0.9705524950336222,12.632138228319851,-6.497754140405181,13.502180833976066,13.614638384243062,14.317952458088367
2991,05/05/2023 12:22:11.988376,3189,True,True,True,True,Eyes,1.968738,0.06626347,-2.846466,-0.8052176,-0.5924497,0.02505786,0.0,0.0,0.0,0.0,0.0,0.0,0.0,3.018025,0.5996442,1.177002,1.969856,0.06694064,-2.639805,0.1606333,-0.7565073,0.2029961,0.6005716,30.00527,256.9043,0.05206467,0.5568212,0.01953068,-0.8304023,0.0,0.0,0.0,1.315946,-0.41572,-2.823781,-0.02054855,-0.140965,0.814183,-0.2270216,0.0007868876,0.9738894,-0.4868679,0.865979,-0.1141926,-0.8434577,-0.5000797,-0.1962128,moving,12.025310650470312,-7.273806605622674,-1.4457380074756552,-9.822628839931475,-0.65391,-0.48266064,-0.1839759999999999,0.2067390426431199,-0.1238758433351157,0.970522369867202,12.586830624988874,-6.595433198286315,13.59380153759937,13.710056408594925,14.398881002851606
2992,05/05/2023 12:22:12.003202,3190,True,True,True,True,Eyes,1.968378,0.06608092,-2.837699,-0.8032779,-0.5954242,0.0146533,0.0,0.0,0.0,0.0,0.0,0.0,0.0,3.023545,0.6030411,1.140306,1.968087,0.06688311,-2.632099,0.1628097,-0.7595456,0.20368,0.5959008,30.22822,256.1499,359.6965,0.5580176,0.01949205,-0.8295998,0.0,0.0,0.0,1.315951,-0.4180805,-2.823825,-0.02180701,-0.146851,0.8153731,-0.2367903,-0.004576657,0.97155,-0.490069,0.8640149,-0.1153716,-0.8389056,-0.5034454,-0.2068332,moving,12.048618296705603,-7.19233821827968,-1.5320003322883164,-10.209680251659274,-0.6521359999999998,-0.48496361,-0.1917259999999996,0.2071698996916335,-0.1224843399979289,0.970607181558003,12.609613234222738,-6.511485753577125,13.793974457832809,13.911777574867132,14.617177457025504
2993,05/05/2023 12:22:12.018136,3191,True,True,True,True,Eyes,1.967924,0.06593425,-2.829015,-0.8013665,-0.5981591,0.004181266,0.0,0.0,0.0,0.0,0.0,0.0,0.0,3.029109,0.6083853,1.101346,1.965551,0.06748179,-2.625005,0.1660448,-0.7620599,0.2062708,0.590886,30.70437,255.4083,359.3798,0.5592062,0.01945609,-0.8287999,0.0,0.0,0.0,1.315957,-0.4204212,-2.823868,-0.02173938,-0.1415894,0.8183591,-0.2465657,-0.00930721,0.9690814,-0.4968372,0.859763,-0.1181542,-0.8320807,-0.5106084,-0.2166123,moving,12.042210959617426,-6.84637259246692,-1.5216814424527914,-9.815923860760376,-0.649594,-0.48790299,-0.1988630000000002,0.2072086722062772,-0.1166204040713412,0.9713209082158026,12.60248225239223,-6.155727414151855,13.777803321282995,13.885150767275142,14.590717532271803
2994,05/05/2023 12:22:12.038246,3192,True,True,True,True,Eyes,1.967369,0.06579046,-2.820414,-0.7993525,-0.6008301,-0.0062284,0.0,0.0,0.0,0.0,0.0,0.0,0.0,3.034672,0.6006139,1.066911,1.962604,0.06816879,-2.617595,0.1667324,-0.7651918,0.2073026,0.5862658,30.84728,254.6937,359.1927,0.5603847,0.01942358,-0.8280042,0.0,0.0,0.0,1.315962,-0.4228179,-2.823913,-0.02125052,-0.1298961,0.8230298,-0.2569857,-0.01209573,0.9663396,-0.4982333,0.858452,-0.1217534,-0.8280835,-0.5127515,-0.2266363,moving,12.010684721758391,-6.853886933091098,-1.479040791803943,-8.968824712242215,-0.6466419999999999,-0.49098669,-0.206318,0.2066707339954501,-0.1167613681828535,0.9714185564928592,12.571424237267228,-6.163675270611817,13.552165747217044,13.654510472401975,14.327750379003373
2995,05/05/2023 12:22:12.048431,3193,True,True,True,True,Eyes,1.966695,0.06564508,-2.811836,-0.7971267,-0.6035843,-0.01658573,0.0,0.0,0.0,0.0,0.0,0.0,0.0,3.039658,0.5929009,1.034674,1.959582,0.06810223,-2.610939,0.1671807,-0.7681303,0.2081121,0.581993,30.95137,254.0306,359.025,0.5615516,0.01939424,-0.8272139,0.0,0.0,0.0,1.315967,-0.4251284,-2.823956,-0.02134874,-0.1315253,0.8246013,-0.2666696,-0.01459354,0.9636775,-0.4990726,0.85748,-0.1251184,-0.8245083,-0.5143104,-0.235947,moving,11.936720993744698,-6.905110568579871,-1.483043400226352,-9.06243629901684,-0.6436149999999998,-0.49323063,-0.2130169999999998,0.2053945646789405,-0.1176620973050752,0.9715805541266936,12.498638165813892,-6.216871216658587,13.488539794265012,13.592061311548688,14.268309642423874
2996,05/05/2023 12:22:12.068428,3194,True,True,True,True,Eyes,1.965903,0.06548986,-2.803342,-0.7948152,-0.6062584,-0.02682383,0.0,0.0,0.0,0.0,0.0,0.0,0.0,3.044082,0.58295,1.002666,1.95631,0.06790153,-2.603813,0.167542,-0.7708777,0.2098801,0.5776051,31.13994,253.3914,358.9387,0.5627062,0.01936771,-0.8264296,0.0,0.0,0.0,1.315972,-0.4274729,-2.823999,-0.02279007,-0.1265118,0.8276891,-0.2766041,-0.01585322,0.9608533,-0.5007644,0.85576,-0.1300375,-0.8201984,-0.51713,-0.2446454,moving,11.835505874511984,-6.8817354572721685,-1.5772165943453744,-8.69036578640983,-0.6403380000000001,-0.49537443,-0.220186,0.2036864821266142,-0.1173084690522711,0.9719827712799056,12.398814352429534,-6.193537268010735,13.432523176231005,13.534114957915335,14.197309381551875
2997,05/05/2023 12:22:12.088038,3195,True,True,True,True,Eyes,1.965903,0.06548986,-2.803342,-0.7948152,-0.6062584,-0.02682383,0.0,0.0,0.0,0.0,0.0,0.0,0.0,3.04905,0.5652547,0.9731686,1.952669,0.06751944,-2.597269,0.1665729,-0.7737733,0.2115184,0.5734007,31.22235,252.7955,358.9809,0.5638459,0.01934345,-0.825653,0.0,0.0,0.0,1.315978,-0.4298331,-2.824043,-0.02363253,-0.1266964,0.8292302,-0.2869302,-0.01520967,0.9578308,-0.5003489,0.8550269,-0.1363086,-0.8168978,-0.5183606,-0.2529432,moving,12.301076901151887,-6.876917950248381,-1.6324511767092005,-8.68692530494945,-0.6366909999999999,-0.49735254,-0.2267740000000002,0.2115848571583616,-0.1170259997481408,0.9703281564407438,12.857720920354632,-6.185336112760551,13.945344968108412,14.05059896661403,14.704524333993383
2998,05/05/2023 12:22:12.103409,3196,True,True,True,True,Eyes,1.965903,0.06548986,-2.803342,-0.7948152,-0.6062584,-0.02682383,0.0,0.0,0.0,0.0,0.0,0.0,0.0,3.053399,0.5469136,0.9443238,1.949071,0.06696341,-2.590509,0.165469,-0.7766172,0.2132239,0.5692288,31.30315,252.2118,359.0433,0.5648708,0.01932158,-0.8249527,0.0,0.0,0.0,1.315983,-0.4321288,-2.824086,-0.02440138,-0.1261727,0.831009,-0.2971974,-0.01426576,0.9547098,-0.4997585,0.8543112,-0.1428073,-0.8135819,-0.5195661,-0.2610285,moving,12.754263259165338,-6.880687087937253,-1.6819245936185818,-8.633322688797968,-0.6330880000000001,-0.49909221,-0.2335769999999999,0.219256672315576,-0.1168870761010621,0.9686402276713032,13.304440032064472,-6.186052124670683,14.43350568338536,14.542188668500708,15.184869374083148
2999,05/05/2023 12:22:12.119943,3197,True,True,True,True,Eyes,1.965903,0.06548986,-2.803342,-0.7948152,-0.6062584,-0.02682383,0.0,0.0,0.0,0.0,0.0,0.0,0.0,3.056883,0.5289366,0.9166336,1.944819,0.06578636,-2.584159,0.1641364,-0.7794046,0.2143485,0.5653694,31.31372,251.6597,359.0956,0.5657923,0.01930188,-0.8243214,0.0,0.0,0.0,1.315988,-0.4345221,-2.824131,-0.02595654,-0.118975,0.8335909,-0.3068335,-0.01348515,0.9516677,-0.4982294,0.854228,-0.148533,-0.8109382,-0.5197238,-0.2688245,moving,13.186117345311583,-6.952405214679578,-1.783512529411306,-8.122732179989596,-0.6288310000000001,-0.5003084600000001,-0.2399719999999998,0.2265240150401242,-0.1178983160124389,0.9668437439777956,13.730291824321084,-6.256797988983047,14.903453044321685,15.015308314914078,15.625614737700827
3000,05/05/2023 12:22:12.138577,3198,True,True,True,True,Eyes,1.965903,0.06548986,-2.803342,-0.7948152,-0.6062584,-0.02682383,0.0,0.0,0.0,0.0,0.0,0.0,0.0,3.059802,0.5115159,0.8880491,1.940494,0.0644681,-2.577401,0.1631861,-0.7819778,0.2163977,0.5612958,31.44151,251.1085,359.1747,0.566621,0.01928413,-0.8237524,0.0,0.0,0.0,1.315993,-0.4369161,-2.824175,-0.02895021,-0.1191677,0.834996,-0.3166346,-0.01228946,0.9484679,-0.4981421,0.8530846,-0.1552452,-0.8072156,-0.5216278,-0.276238,moving,13.608938583577643,-6.916842575613586,-1.9857109327935631,-8.122204675293865,-0.624501,-0.5013842,-0.2467739999999998,0.2336751000092208,-0.1170945617735017,0.9652381979678494,14.146987061791329,-6.21727559215234,15.525440431690273,15.641163362416568,16.24477452586775
3001,05/05/2023 12:22:12.148318,3199,True,True,True,True,Eyes,1.965903,0.06548986,-2.803342,-0.7948152,-0.6062584,-0.02682383,0.0,0.0,0.0,0.0,0.0,0.0,0.0,3.062385,0.4937543,0.8601687,1.935609,0.06326552,-2.571245,0.1622147,-0.7844139,0.2184671,0.557363,31.5715,250.5829,359.2632,0.5673665,0.01926813,-0.8232395,0.0,0.0,0.0,1.315998,-0.4390846,-2.824215,-0.03053804,-0.120109,0.8362765,-0.3260659,-0.01095598,0.9452835,-0.4980178,0.8519171,-0.1619123,-0.8035293,-0.523562,-0.2832374,moving,14.009992944439318,-6.8818288639338725,-2.09132231387819,-8.173131405322023,-0.6196109999999999,-0.50235012,-0.2529700000000003,0.2404481300824951,-0.1163066429420316,0.9636687341222892,14.542227768527331,-6.17846952278294,16.034270644463138,16.153012576641046,16.752721103437114
3002,05/05/2023 12:22:12.167929,3200,True,True,True,True,Eyes,1.965903,0.06548986,-2.803342,-0.7948152,-0.6062584,-0.02682383,0.0,0.0,0.0,0.0,0.0,0.0,0.0,3.063828,0.4750671,0.8339183,1.930395,0.06141935,-2.564753,0.1605807,-0.7870343,0.2193985,0.5537647,31.54688,250.0755,359.3428,0.5680368,0.01925373,-0.8227776,0.0,0.0,0.0,1.316003,-0.4414023,-2.824259,-0.03144151,-0.1172085,0.8384908,-0.335117,-0.009774706,0.9421257,-0.4957552,0.8521563,-0.1675004,-0.801201,-0.523196,-0.2904179,moving,14.403652211542411,-7.000427652741342,-2.1474561209268974,-7.957532505696433,-0.614392,-0.50282165,-0.259506,0.2470107827138437,-0.1181001220098943,0.9617889591702592,14.93054101967871,-6.297695434139694,16.45484314351464,16.578758600470817,17.15846862160628
3003,05/05/2023 12:22:12.188374,3201,True,True,True,True,Eyes,1.963856,0.06496035,-2.79349,-0.7927132,-0.6084152,-0.03790364,0.0,0.0,0.0,0.0,0.0,0.0,0.0,3.065217,0.4555418,0.8073664,1.925064,0.05925163,-2.558425,0.1591986,-0.7893357,0.2216378,0.5499834,31.66868,249.5913,359.4932,0.5686395,0.01924076,-0.8223615,0.0,0.0,0.0,1.316009,-0.4437858,-2.824303,-0.0308052,-0.1144039,0.8403377,-0.3443482,-0.007527984,0.9388118,-0.4951164,0.851065,-0.1747802,-0.7976741,-0.5250064,-0.2967899,moving,14.104295520977749,-7.02634155224397,-2.099415470210753,-7.752607929418074,-0.6090550000000001,-0.50303743,-0.2658779999999998,0.241965155947021,-0.1186907337208849,0.9629980955364664,14.635523260211356,-6.326433752038579,16.0989013309391,16.219978814307268,16.79559903948669
3004,05/05/2023 12:22:12.204284,3202,True,True,True,True,Eyes,1.961642,0.064381,-2.783794,-0.7905607,-0.610438,-0.04877868,0.0,0.0,0.0,0.0,0.0,0.0,0.0,3.065527,0.4351781,0.7835755,1.919332,0.05742976,-2.552193,0.1576162,-0.7914153,0.2238117,0.5465596,31.7726,249.1661,359.6747,0.5692775,0.01921877,-0.8219205,0.0,0.0,0.0,1.316014,-0.4460629,-2.824345,-0.03130086,-0.1099606,0.8428444,-0.3528596,-0.004826861,0.9356641,-0.4941326,0.8501309,-0.1819626,-0.7945586,-0.5265493,-0.302362,moving,13.766539788571407,-7.060327940487921,-2.126825999822,-7.433037163175612,-0.603318,-0.50349266,-0.2721520000000001,0.2362629547298098,-0.119434547948511,0.9643211792912708,14.302674210616766,-6.36374187280375,15.779379587433288,15.897735318225376,16.464260371569047
3005,05/05/2023 12:22:12.218042,3203,True,True,True,True,Eyes,1.959196,0.06373555,-2.774118,-0.7883593,-0.6123111,-0.05970648,0.0,0.0,0.0,0.0,0.0,0.0,0.0,3.065434,0.4163399,0.7587907,1.913075,0.05565558,-2.54618,0.1559226,-0.7937903,0.2246832,0.5432336,31.74282,248.7062,359.769,0.5699428,0.01918711,-0.82146,0.0,0.0,0.0,1.316019,-0.4484349,-2.824389,-0.0324249,-0.1070987,0.8452489,-0.361171,-0.00342869,0.9324933,-0.4916505,0.8504112,-0.187298,-0.7923605,-0.5261074,-0.3088296,moving,13.467506361579591,-7.199837798645635,-2.1968669948568422,-7.221278414196865,-0.597056,-0.50409048,-0.2782089999999999,0.231156026261639,-0.1219360711200057,0.9652453672079636,14.00824276404258,-6.50930395106978,15.544613550200411,15.664388029853924,16.220742582697085
3006,05/05/2023 12:22:12.237986,3204,True,True,True,True,Eyes,1.956579,0.06303906,-2.764582,-0.7860051,-0.6141938,-0.07044093,0.0,0.0,0.0,0.0,0.0,0.0,0.0,3.065298,0.3989412,0.7331743,1.906726,0.05345902,-2.54053,0.1545221,-0.796055,0.2258285,0.5398341,31.76095,248.2432,359.852,0.5706277,0.01914482,-0.8209854,0.0,0.0,0.0,1.316025,-0.4508497,-2.824434,-0.03178203,-0.1089828,0.8466418,-0.3694041,-0.002196379,0.9292662,-0.489836,0.8502488,-0.1927112,-0.7896842,-0.5263763,-0.3151613,moving,13.178950920297057,-7.291655179321713,-2.149813002285962,-7.3349847969897235,-0.5907009999999999,-0.50430872,-0.2839040000000001,0.2262441287404739,-0.1236291817365679,0.9661932443550436,13.72402719167136,-6.605744366847159,15.208345894790527,15.328825162094123,15.890581931076328
3007,05/05/2023 12:22:12.248592,3205,True,True,True,True,Eyes,1.953815,0.06231031,-2.755279,-0.7835618,-0.6159966,-0.08111229,0.0,0.0,0.0,0.0,0.0,0.0,0.0,3.063926,0.3902354,0.7033706,1.899916,0.05164517,-2.534227,0.1551126,-0.797929,0.2279616,0.5359879,32.01027,247.719,359.7859,0.5713257,0.01909133,-0.8205009,0.0,0.0,0.0,1.31603,-0.453165,-2.824477,-0.03012443,-0.1075813,0.8486204,-0.3773142,-0.003168362,0.9260799,-0.4919069,0.8479472,-0.1975174,-0.784641,-0.5300712,-0.3215011,moving,12.951576791795226,-7.121821029716157,-2.0330388695045545,-7.224960245218323,-0.5838859999999999,-0.50481017,-0.2902499999999999,0.2224842224521113,-0.1208720195981156,0.967414510361508,13.499502102712537,-6.432666646426769,14.872246989781551,14.984970611070448,15.552734749885268
3008,05/05/2023 12:22:12.268248,3206,True,True,True,True,Eyes,1.950869,0.06153353,-2.74612,-0.7809395,-0.6178513,-0.0916156,0.0,0.0,0.0,0.0,0.0,0.0,0.0,3.061593,0.3859053,0.6733735,1.892582,0.05019222,-2.528106,0.1564029,-0.7996278,0.2297539,0.5323032,32.27224,247.1941,359.6252,0.5720286,0.01902678,-0.8200126,0.0,0.0,0.0,1.316035,-0.455531,-2.824521,-0.02833119,-0.1033895,0.8507223,-0.3843829,-0.005530871,0.9231573,-0.4947257,0.8455026,-0.2009275,-0.7794206,-0.5339427,-0.3277331,moving,12.741497112720054,-6.924606942975332,-1.907388485449777,-6.929256726827316,-0.5765469999999999,-0.50572322,-0.2964149999999996,0.2190213614144241,-0.1176359321212468,0.968602901324086,13.291959805901003,-6.231309848206438,14.545025970014038,14.648886336126626,15.215364547954955
3009,05/05/2023 12:22:12.288529,3207,True,True,True,True,Eyes,1.947744,0.06071783,-2.737106,-0.7781286,-0.6197381,-0.1021793,0.0,0.0,0.0,0.0,0.0,0.0,0.0,3.059601,0.3826998,0.6410928,1.885173,0.04828773,-2.522382,0.1579213,-0.8014321,0.2314783,0.5283799,32.54169,246.6245,359.4216,0.5727327,0.01895053,-0.8195227,0.0,0.0,0.0,1.31604,-0.4578327,-2.824564,-0.0274819,-0.1042081,0.8520235,-0.391751,-0.008509348,0.9200318,-0.4977433,0.8429573,-0.2041435,-0.7738104,-0.5379132,-0.3344648,moving,12.563551671007987,-6.719571270393645,-1.847426938295101,-6.973020199460105,-0.5691329999999999,-0.50612043,-0.3021820000000002,0.2160981682661553,-0.1142452291952403,0.9696647097611628,13.116074111309656,-6.021684972022907,14.315946316829365,14.4132071669506,14.993712094624389
3010,05/05/2023 12:22:12.303884,3208,True,True,True,True,Eyes,1.944443,0.0598608,-2.728226,-0.775112,-0.6217214,-0.1125344,0.0,0.0,0.0,0.0,0.0,0.0,0.0,3.056698,0.3802956,0.611764,1.877734,0.04660691,-2.516788,0.1596273,-0.8028337,0.2335605,0.524811,32.85868,246.1207,359.2389,0.5734311,0.01886266,-0.8190364,0.0,0.0,0.0,1.316046,-0.4604096,-2.824612,-0.02658771,-0.1052827,0.8528354,-0.398185,-0.0111582,0.917237,-0.5014586,0.8399373,-0.2074722,-0.7681066,-0.5425688,-0.3400458,moving,12.336637454883954,-6.473517494290655,-1.785655622779015,-7.037568799109598,-0.561688,-0.5070165099999999,-0.3078240000000001,0.2123544883469912,-0.110172586295763,0.9709622420326705,12.8918227643895,-5.770217143076351,14.043757011898428,14.13355283167949,14.732092588150843
3011,05/05/2023 12:22:12.318498,3209,True,True,True,True,Eyes,1.941003,0.05897767,-2.719546,-0.771947,-0.6237119,-0.1228058,0.0,0.0,0.0,0.0,0.0,0.0,0.0,3.053596,0.3783014,0.5808976,1.870152,0.04479306,-2.511081,0.1616107,-0.8042089,0.2359746,0.5210047,33.22619,245.587,359.0376,0.5741189,0.01876305,-0.8185567,0.0,0.0,0.0,1.316051,-0.4625622,-2.824652,-0.02668583,-0.1046131,0.8534859,-0.4048719,-0.01404994,0.9142652,-0.5058252,0.836396,-0.2111458,-0.7617211,-0.5479456,-0.3457401,moving,12.133699434507704,-6.179734602134019,-1.7908760646533766,-6.987977012878464,-0.554101,-0.50735526,-0.313571,0.209025723250209,-0.1052697953759188,0.9722275899836876,12.691092523140703,-5.469495841359818,13.866114373430216,13.94801271243911,14.561359800722975
3012,05/05/2023 12:22:12.338555,3210,True,True,True,True,Eyes,1.937392,0.05806584,-2.710993,-0.7685704,-0.6258327,-0.1327887,0.0,0.0,0.0,0.0,0.0,0.0,0.0,3.049764,0.3777198,0.5521371,1.862481,0.0432841,-2.50557,0.1638546,-0.8052787,0.238487,0.5174957,33.6202,245.0972,358.8257,0.5747927,0.01865178,-0.8180861,0.0,0.0,0.0,1.316056,-0.464882,-2.824695,-0.02707525,-0.1056888,0.8535495,-0.4106998,-0.01706522,0.9116109,-0.5107293,0.8325512,-0.214509,-0.7553021,-0.5536852,-0.3506443,moving,11.906467634155906,-5.8657865215750045,-1.816857205247005,-7.058589948302493,-0.5464250000000002,-0.5081661000000001,-0.3191250000000001,0.2052800036246994,-0.1000220435943813,0.973578747662554,12.46636814939415,-5.148205375036671,13.700361702593732,13.77506532335095,14.41041622401088
3013,05/05/2023 12:22:12.348965,3211,True,True,True,True,Eyes,1.933597,0.05714417,-2.702557,-0.7650279,-0.627965,-0.1428012,0.0,0.0,0.0,0.0,0.0,0.0,0.0,3.045882,0.371178,0.5261478,1.854719,0.04172867,-2.500056,0.1654033,-0.80611,0.242021,0.5140567,34.07271,244.6731,358.7658,0.5754487,0.01852912,-0.8176275,0.0,0.0,0.0,1.316061,-0.4671812,-2.824738,-0.02787121,-0.1065242,0.8536692,-0.416775,-0.01784144,0.9088346,-0.5154915,0.8281352,-0.2201378,-0.7487103,-0.5602445,-0.354343,moving,11.6048506950172,-5.519652806801701,-1.869969849157076,-7.112826738096668,-0.5386580000000001,-0.50890987,-0.3246820000000001,0.2002656052492606,-0.0942385755032264,0.9751987951008348,12.16824577624856,-4.79433281429381,13.501294169742232,13.568676865231147,14.228384027010716
3014,05/05/2023 12:22:12.368244,3212,True,True,True,True,Eyes,1.929612,0.05623988,-2.694251,-0.7613866,-0.6300961,-0.1525427,0.0,0.0,0.0,0.0,0.0,0.0,0.0,3.0429,0.352586,0.5018234,1.846595,0.0406302,-2.494758,0.1651074,-0.8073181,0.2457888,0.5104556,34.43143,244.2721,358.9121,0.5760839,0.01839575,-0.8171832,0.0,0.0,0.0,1.316066,-0.4695568,-2.824782,-0.02885172,-0.1083014,0.8527957,-0.4243493,-0.01565976,0.9053633,-0.5175169,0.8246548,-0.2282996,-0.743037,-0.5654195,-0.3580459,moving,11.2833973548851,-5.309145467116148,-1.93768743809735,-7.237575455028592,-0.530529,-0.510187,-0.3300239999999999,0.19485451052553,-0.0907559274572155,0.9766242914126684,11.850890048030198,-4.580081440124825,13.297499076075418,13.360985192773464,14.042333977305653
3015,05/05/2023 12:22:12.378276,3213,True,True,True,True,Eyes,1.925439,0.05535924,-2.686094,-0.7577418,-0.6320494,-0.1622987,0.0,0.0,0.0,0.0,0.0,0.0,0.0,3.040375,0.325012,0.4778693,1.838008,0.04017653,-2.489576,0.1632573,-0.8090742,0.2490261,0.5066873,34.63887,243.8575,359.177,0.5766951,0.01825308,-0.8167553,0.0,0.0,0.0,1.316072,-0.472017,-2.824828,-0.03036986,-0.1082042,0.8522377,-0.43323,-0.01181798,0.9012058,-0.5165312,0.8226661,-0.2375202,-0.7385846,-0.568402,-0.3625081,moving,10.967600120334923,-5.260258165431352,-2.0408963401597666,-7.235832960412727,-0.5219360000000002,-0.51219353,-0.3352520000000001,0.1894814423352543,-0.0900190569814535,0.9777490986546656,11.5394904275547,-4.532006262673898,13.095497618272883,13.157654651694903,13.846934085642188
3016,05/05/2023 12:22:12.404369,3214,True,True,True,True,Eyes,1.921098,0.05446521,-2.67806,-0.7541008,-0.6338598,-0.171912,0.0,0.0,0.0,0.0,0.0,0.0,0.0,3.038047,0.2932838,0.4538419,1.829198,0.03987398,-2.484786,0.1603606,-0.8113222,0.251221,0.5029202,34.67632,243.4241,359.4761,0.577278,0.01810284,-0.8163467,0.0,0.0,0.0,1.316077,-0.4742053,-2.824868,-0.03184889,-0.1082778,0.8510472,-0.4427115,-0.007519925,0.8966325,-0.5128965,0.822345,-0.2463453,-0.7354887,-0.5689396,-0.3679184,moving,10.676387728770216,-5.378504334196402,-2.1431899630336484,-7.250723568340309,-0.5131210000000002,-0.51407928,-0.3400819999999998,0.1844738002820899,-0.0921260715603752,0.9785101953015188,11.252718148049032,-4.655645486909016,12.891863889548672,12.955569345146268,13.644954538923752
3017,05/05/2023 12:22:12.418571,3215,True,True,True,True,Eyes,1.9166,0.05361968,-2.67017,-0.7498791,-0.6362225,-0.18139,0.0,0.0,0.0,0.0,0.0,0.0,0.0,3.035024,0.2686122,0.4265614,1.820764,0.03865521,-2.479678,0.1579938,-0.8139537,0.2518527,0.4990868,34.58986,242.9044,359.5959,0.5778313,0.01794508,-0.8159586,0.0,0.0,0.0,1.316082,-0.4765718,-2.824913,-0.03397729,-0.1103268,0.8492181,-0.4519006,-0.005806615,0.8920493,-0.5085919,0.8232164,-0.2522876,-0.7328846,-0.5676981,-0.3749652,moving,10.46330122925195,-5.636781035057805,-2.291187057461099,-7.402164708362727,-0.5046820000000001,-0.51522701,-0.3452350000000002,0.1807563191471635,-0.0966038517049597,0.978772146695642,11.043285282522072,-4.92275214412834,12.807060429691418,12.876084458012532,13.56302470872407
3018,05/05/2023 12:22:12.438568,3216,True,True,True,True,Eyes,1.911937,0.05280624,-2.662414,-0.7455965,-0.6385103,-0.1907627,0.0,0.0,0.0,0.0,0.0,0.0,0.0,3.031572,0.246865,0.3982518,1.81213,0.03903926,-2.474801,-0.1584245,0.8149858,-0.2573274,-0.4944516,35.1769,242.4069,359.7368,0.5783529,0.01778185,-0.8155925,0.0,0.0,0.0,1.316087,-0.4789126,-2.824956,-0.03647138,-0.1099139,0.8474084,-0.4608386,-0.003755505,0.887476,-0.5126992,0.8173686,-0.2627699,-0.7244082,-0.5761027,-0.3786005,moving,10.219070567172569,-5.217434744539271,-2.464416606385209,-7.390342909778458,-0.496043,-0.51795186,-0.350155,0.1767002476303987,-0.0895047169467789,0.980186655622929,10.80155661205224,-4.493185053318438,12.80567149339708,12.868270154778685,13.578643860030638
3019,05/05/2023 12:22:12.448661,3217,True,True,True,True,Eyes,1.907162,0.05199082,-2.654772,-0.7408438,-0.6411052,-0.2003363,0.0,0.0,0.0,0.0,0.0,0.0,0.0,3.028926,0.2194141,0.3650775,1.803419,0.03900649,-2.470218,-0.1565562,0.8178055,-0.258983,-0.489502,35.23031,241.7496,359.8233,0.5788403,0.01761473,-0.8152502,0.0,0.0,0.0,1.316092,-0.4812324,-2.824999,-0.03979611,-0.1102122,0.845428,-0.471756,-0.002519605,0.8817256,-0.5096103,0.8168361,-0.2703262,-0.7195441,-0.5768644,-0.3866313,moving,10.091108125739048,-5.359964256763244,-2.6950459072488577,-7.4273418805191325,-0.487327,-0.52023889,-0.354781,0.1744711848331703,-0.0919799013185143,0.9803568482851116,10.675758626241327,-4.640659683044204,12.885883837376028,12.952211594723869,13.658111565751884
3020,05/05/2023 12:22:12.468209,3218,True,True,True,True,Eyes,1.90229,0.05118439,-2.647242,-0.7356565,-0.6440763,-0.2097029,0.0,0.0,0.0,0.0,0.0,0.0,0.0,3.025078,0.2156545,0.3275633,1.795906,0.03818565,-2.465394,-0.1592499,0.8194374,-0.261824,-0.4843657,35.68773,241.0073,359.4813,0.5792937,0.01744375,-0.8149319,0.0,0.0,0.0,1.316097,-0.4835628,-2.825042,-0.04257753,-0.1128225,0.8428296,-0.4800588,-0.007353572,0.8772056,-0.5146279,0.8121753,-0.2748263,-0.7104238,-0.5833672,-0.3936764,moving,10.055512071168458,-5.061599869633865,-2.8919733328692314,-7.6243788149322915,-0.4798089999999999,-0.52174845,-0.3596479999999999,0.1739420154741895,-0.0868817875084297,0.9809157979839382,10.639968203707545,-4.334059652450126,13.133928853442686,13.198682290677125,13.926221380558662
3021,05/05/2023 12:22:12.488089,3219,True,True,True,True,Eyes,1.89733,0.05039744,-2.639865,-0.7301201,-0.6472192,-0.219162,0.0,0.0,0.0,0.0,0.0,0.0,0.0,3.021251,0.2118782,0.285825,1.788518,0.03767005,-2.460554,-0.1638097,0.8201959,-0.2681753,-0.4780453,36.62173,240.1801,359.121,0.5797133,0.0172693,-0.8146373,0.0,0.0,0.0,1.316103,-0.4859371,-2.825087,-0.04506582,-0.114475,0.8400126,-0.4892784,-0.01231225,0.872041,-0.5251121,0.8024967,-0.2832955,-0.6963221,-0.5965294,-0.3991097,moving,10.05304220786229,-4.304383533331435,-3.070916192754092,-7.760333056368852,-0.472415,-0.52360715,-0.3645329999999998,0.1740823800141384,-0.0739090115766438,0.9819535724732746,10.635749388633291,-3.555329393809324,13.513789046470835,13.571362172121551,14.337180237484937
3022,05/05/2023 12:22:12.503934,3220,True,True,True,True,Eyes,1.892318,0.04960166,-2.632599,-0.7243121,-0.6505057,-0.2285047,0.0,0.0,0.0,0.0,0.0,0.0,0.0,3.017231,0.2062878,0.2475448,1.781072,0.03736288,-2.4564,-0.1663844,0.8219191,-0.2707743,-0.4727014,37.04265,239.3867,358.7424,0.5800974,0.01709258,-0.8143675,0.0,0.0,0.0,1.316108,-0.4882157,-2.825129,-0.04740933,-0.1131361,0.8377697,-0.4977394,-0.01751819,0.8671497,-0.5294997,0.797995,-0.2878089,-0.6869393,-0.6024093,-0.4064694,moving,10.031611979128632,-4.065109146239771,-3.23890973976276,-7.690945719599469,-0.4649639999999999,-0.52557858,-0.3687290000000001,0.1737665162451078,-0.0698115736791328,0.9823093320708458,10.614061594483914,-3.309400778417342,13.701218345049458,13.75694143144765,14.529375446283256
3023,05/05/2023 12:22:12.518167,3221,True,True,True,True,Eyes,1.887266,0.04877916,-2.625478,-0.7181441,-0.6539734,-0.237882,0.0,0.0,0.0,0.0,0.0,0.0,0.0,3.012761,0.2056103,0.2075059,1.774691,0.03638252,-2.451776,-0.1700705,0.8233355,-0.2740146,-0.4670235,37.59425,238.5332,358.2565,0.580447,0.01691344,-0.814122,0.0,0.0,0.0,1.316113,-0.490515,-2.825172,-0.04966336,-0.1122864,0.8353771,-0.5059304,-0.02410755,0.8622375,-0.5359925,0.7919841,-0.2923581,-0.6758302,-0.6100657,-0.4136104,moving,10.040098243150709,-3.695445999016018,-3.4022427746686006,-7.6554723570205345,-0.4585779999999999,-0.52689752,-0.3733959999999996,0.1739858415818818,-0.0634699643860457,0.9827006119598416,10.621555542070276,-2.92916722728618,13.96040861410183,14.013505656881076,14.798813445946314
3024,05/05/2023 12:22:12.538603,3222,True,True,True,True,Eyes,1.882168,0.04795045,-2.61847,-0.7117922,-0.6574754,-0.2471399,0.0,0.0,0.0,0.0,0.0,0.0,0.0,3.007979,0.2053782,0.1671066,1.768175,0.03492985,-2.447525,-0.1737632,0.8247398,-0.277023,-0.4613774,38.1181,237.6671,357.7422,0.5807634,0.01673053,-0.813899,0.0,0.0,0.0,1.316118,-0.4930269,-2.825218,-0.05108511,-0.1112402,0.8328085,-0.5138749,-0.03099458,0.8573054,-0.5422431,0.7861292,-0.2966029,-0.6647598,-0.6172846,-0.4207786,moving,10.05337435220905,-3.3530832955116656,-3.510168763524658,-7.608099166507223,-0.4520570000000001,-0.52795675,-0.3776929999999998,0.1742757603272606,-0.0575938861991483,0.9830112264836268,10.633835215484416,-2.576976995121562,14.164735778486063,14.215303792560729,15.012163030743867
3025,05/05/2023 12:22:12.549236,3223,True,True,True,True,Eyes,1.877008,0.04714118,-2.61157,-0.7052705,-0.6608163,-0.25674,0.0,0.0,0.0,0.0,0.0,0.0,0.0,3.002918,0.2003412,0.1302891,1.761849,0.03396242,-2.443228,-0.1762557,0.8263575,-0.2793844,-0.4560829,38.5002,236.8578,357.3301,0.5810471,0.01654427,-0.8136996,0.0,0.0,0.0,1.316124,-0.4953709,-2.825262,-0.05327076,-0.1096031,0.8303322,-0.5218447,-0.03645561,0.8522612,-0.5461454,0.7817565,-0.3009683,-0.6552888,-0.6225172,-0.4278655,moving,9.99586758060302,-3.151642002181448,-3.670834925373176,-7.5195194317677725,-0.4457249999999999,-0.52933332,-0.382034,0.1733225171077263,-0.0541466999430464,0.9833755783344732,10.576675566794531,-2.3702088226362803,14.298423209963545,14.347721443725677,15.149486954142809
3026,05/05/2023 12:22:12.568248,3224,True,True,True,True,Eyes,1.871807,0.04635537,-2.604795,-0.6987668,-0.6639245,-0.2663253,0.0,0.0,0.0,0.0,0.0,0.0,0.0,2.998019,0.1883453,0.09452844,1.755352,0.03364082,-2.439289,-0.1773091,0.828489,-0.2810108,-0.4507778,38.71762,236.0565,357.0282,0.5812985,0.01635546,-0.8135233,0.0,0.0,0.0,1.316129,-0.4976695,-2.825305,-0.05535367,-0.1071273,0.8278913,-0.5307221,-0.04045046,0.8465803,-0.5471442,0.7791888,-0.3057748,-0.6472772,-0.6254829,-0.4356649,moving,9.93254724230448,-3.1169162204160563,-3.825161955929076,-7.372978545131518,-0.4392229999999999,-0.53131032,-0.3860160000000001,0.1722410720404644,-0.0535609977226575,0.9835975704158104,10.51417826416696,-2.3349371920785083,14.35228309086413,14.400994024546453,15.19863607771224
3027,05/05/2023 12:22:12.588187,3225,True,True,True,True,Eyes,1.86658,0.04558061,-2.598127,-0.6922727,-0.6667933,-0.2759443,0.0,0.0,0.0,0.0,0.0,0.0,0.0,2.992651,0.1798967,0.05961609,1.749085,0.03338273,-2.435458,-0.1775763,0.831372,-0.2797768,-0.4461081,38.58197,235.2635,356.6527,0.5815182,0.01616494,-0.8133698,0.0,0.0,0.0,1.316134,-0.4999486,-2.825347,-0.05785742,-0.1046388,0.8255646,-0.5389087,-0.0456426,0.8411269,-0.5448852,0.7803833,-0.3067606,-0.6424,-0.6236335,-0.4454253,moving,9.886422815918596,-3.403938877161417,-4.008862188870789,-7.223616679182762,-0.4329510000000001,-0.53333133,-0.3898889999999997,0.1714016544872297,-0.0584963237239624,0.9834631186488346,10.469389283682164,-2.6304428732986453,14.359827961778414,14.41072114349519,15.189371656310929
3028,05/05/2023 12:22:12.603815,3226,True,True,True,True,Eyes,1.861346,0.04482127,-2.59159,-0.6857199,-0.6695144,-0.2855498,0.0,0.0,0.0,0.0,0.0,0.0,0.0,2.987006,0.1730499,0.02373219,1.743335,0.0328369,-2.431547,-0.1783369,0.8340743,-0.2790371,-0.4411965,38.52372,234.4411,356.2424,0.581707,0.01597308,-0.8132383,0.0,0.0,0.0,1.316139,-0.502271,-2.82539,-0.06150243,-0.1012536,0.823293,-0.5470829,-0.05127217,0.8355064,-0.5437128,0.7806686,-0.3081119,-0.6364561,-0.6228384,-0.4549678,moving,9.858897154804165,-3.599180320824763,-4.27222942517403,-7.011375886733762,-0.4271960000000001,-0.5351079000000001,-0.3938429999999999,0.1708945164711475,-0.0618527611339437,0.9833459724449024,10.44271702200546,-2.8314278803938957,14.484793611160656,14.537256171622458,15.297111305049228
3029,05/05/2023 12:22:12.618199,3227,True,True,True,True,Eyes,1.856115,0.0440731,-2.585149,-0.6790513,-0.6721472,-0.2951398,0.0,0.0,0.0,0.0,0.0,0.0,0.0,2.981502,0.1651828,-0.01447749,1.737839,0.03242153,-2.42811,-0.1792475,0.8368362,-0.2786257,-0.4358247,38.504,233.5581,355.8129,0.581866,0.01578036,-0.8131281,0.0,0.0,0.0,1.316144,-0.5046498,-2.825435,-0.06574729,-0.09965721,0.8208538,-0.5558542,-0.05713768,0.8293137,-0.5428655,0.7804762,-0.3100871,-0.6295418,-0.6225691,-0.464849,moving,9.872216768051738,-3.7502018269472095,-4.579399398160373,-6.922218035581171,-0.4216949999999999,-0.5370713300000001,-0.3973249999999999,0.171095022515451,-0.0644421935985075,0.9831448138490176,10.45620215072099,-2.986650738637377,14.74039529762726,14.795637757236412,15.542136400298936
3030,05/05/2023 12:22:12.638362,3228,True,True,True,True,Eyes,1.850882,0.04335818,-2.578817,-0.6722274,-0.6747712,-0.3046211,0.0,0.0,0.0,0.0,0.0,0.0,0.0,2.975471,0.15338,-0.05262494,1.732733,0.03192682,-2.424116,-0.1801317,0.8393325,-0.2796268,-0.4299795,38.63124,232.657,355.4542,0.5819968,0.01558706,-0.8130382,0.0,0.0,0.0,1.316149,-0.5069774,-2.825478,-0.07016593,-0.1007853,0.8182071,-0.5653404,-0.0619133,0.8225309,-0.5428483,0.7787229,-0.3144937,-0.6210523,-0.6243054,-0.473853,moving,9.881693199069709,-3.7677070046503753,-4.901448517160128,-7.02221935788347,-0.416584,-0.53890422,-0.4013619999999998,0.1712542969890171,-0.0647407400829155,0.9830973840681928,10.465584409423682,-3.004587585131238,15.07835683253191,15.13714403906766,15.88354702288312
3031,05/05/2023 12:22:12.648703,3229,True,True,True,True,Eyes,1.845643,0.04268295,-2.57257,-0.6653922,-0.6772121,-0.3140654,0.0,0.0,0.0,0.0,0.0,0.0,0.0,2.969159,0.1344283,-0.09023166,1.727235,0.03202844,-2.420278,-0.1804553,0.8417133,-0.2817675,-0.4237473,38.84897,231.7557,355.2134,0.5821003,0.01539414,-0.8129678,0.0,0.0,0.0,1.316155,-0.5094771,-2.825524,-0.0742557,-0.1046788,0.8152488,-0.5757484,-0.06498672,0.8150404,-0.5425797,0.7760859,-0.3214001,-0.6116548,-0.6272699,-0.4820908,moving,9.873853112183124,-3.7014909495976496,-5.204338766506199,-7.316803093923766,-0.4110800000000001,-0.5415055400000001,-0.405246,0.1711323056249585,-0.0636059187101226,0.9831928115893328,10.45770033256946,-2.936543375762966,15.441799856773276,15.505558752637214,16.263029974132028
3032,05/05/2023 12:22:12.668071,3230,True,True,True,True,Eyes,1.840421,0.0420597,-2.566411,-0.6583381,-0.6796877,-0.3234432,0.0,0.0,0.0,0.0,0.0,0.0,0.0,2.962745,0.1082542,-0.1317391,1.722185,0.03232579,-2.416602,-0.1789643,0.8452761,-0.2823822,-0.4168218,38.79784,230.7563,355.0578,0.5821779,0.01520271,-0.8129159,0.0,0.0,0.0,1.31616,-0.5116033,-2.825564,-0.07732102,-0.1090814,0.8118925,-0.5884628,-0.06714229,0.8057317,-0.5379546,0.7764642,-0.3281895,-0.6035864,-0.6265743,-0.4930398,moving,9.952310352303684,-3.9262374286700186,-5.440186896486724,-7.652121461912347,-0.4060250000000001,-0.54392909,-0.4089619999999998,0.172434866109184,-0.0674465003549192,0.9827090686510028,10.535565977763872,-3.167133309389353,15.76464593962571,15.837019397070598,16.593366102976148
3033,05/05/2023 12:22:12.688104,3231,True,True,True,True,Eyes,1.835202,0.04149862,-2.560333,-0.6511778,-0.6820811,-0.3327653,0.0,0.0,0.0,0.0,0.0,0.0,0.0,2.955232,0.08573139,-0.1737571,1.717316,0.03295466,-2.412607,-0.1792959,0.8479033,-0.2850079,-0.409492,39.06182,229.7036,354.7807,0.5822311,0.01501412,-0.8128814,0.0,0.0,0.0,1.316165,-0.5140466,-2.825609,-0.08069763,-0.1056125,0.8107315,-0.6003389,-0.07063419,0.7966207,-0.537468,0.7732471,-0.3364778,-0.5922177,-0.6301586,-0.502174,moving,10.043271113292908,-3.811611694469117,-5.684316053442117,-7.422020650023549,-0.401151,-0.54700126,-0.4130020000000001,0.1740178111819894,-0.0654618533757057,0.9825642198951616,10.624956795191506,-3.0486139221365467,16.066215219022965,16.13666789995989,16.88546911574284
3034,05/05/2023 12:22:12.704076,3232,True,True,True,True,Eyes,1.830007,0.04099018,-2.55434,-0.6438512,-0.68441,-0.3421089,0.0,0.0,0.0,0.0,0.0,0.0,0.0,2.946826,0.05899143,-0.2179861,1.712245,0.03390226,-2.408704,-0.1788115,0.8510298,-0.2870687,-0.4017042,39.21755,228.5903,354.5403,0.582261,0.01482996,-0.8128634,0.0,0.0,0.0,1.31617,-0.5163105,-2.825651,-0.082133,-0.1092132,0.808361,-0.6133205,-0.07371452,0.7863868,-0.5349813,0.771236,-0.3449494,-0.5810621,-0.6322668,-0.5124506,moving,10.17679147251216,-3.808595604114236,-5.801591389553716,-7.694327322671144,-0.3960749999999999,-0.55021276,-0.4169469999999999,0.176307988776158,-0.0653830664053794,0.9821611186672918,10.756562013734603,-3.044580964856011,16.368631836454828,16.444075829165946,17.198621611014172
3035,05/05/2023 12:22:12.718209,3233,True,True,True,True,Eyes,1.824855,0.04054082,-2.548443,-0.6364167,-0.6867808,-0.3511495,0.0,0.0,0.0,0.0,0.0,0.0,0.0,2.937493,0.03338295,-0.2636464,1.707516,0.03465077,-2.404719,-0.1781023,0.8544747,-0.288249,-0.3937833,39.26221,227.4384,354.2663,0.5822692,0.01465135,-0.8128609,0.0,0.0,0.0,1.316176,-0.5186849,-2.825696,-0.08166534,-0.1063735,0.8075141,-0.6264287,-0.07735243,0.7756312,-0.5313831,0.7703842,-0.3523355,-0.5702801,-0.6328703,-0.5236946,moving,10.360304349417564,-3.915774822544798,-5.77479021129888,-7.50434168102946,-0.39134,-0.5533356700000001,-0.4209770000000001,0.1794313726757052,-0.0671816623919094,0.9814739229219244,10.93770500224851,-3.153528052891106,16.455081108742714,16.52934023429477,17.26954184365176
3036,05/05/2023 12:22:12.728315,3234,True,True,True,True,Eyes,1.819731,0.04013246,-2.542611,-0.6287696,-0.6891139,-0.3602372,0.0,0.0,0.0,0.0,0.0,0.0,0.0,2.9273,0.00576812,-0.3114879,1.70308,0.03557911,-2.400916,-0.1775603,0.8578693,-0.2900384,-0.3852404,39.37825,226.2076,353.9716,0.582257,0.01447951,-0.8128728,0.0,0.0,0.0,1.316181,-0.5210359,-2.825739,-0.08047342,-0.09687461,0.8079321,-0.6401241,-0.08117814,0.7639704,-0.5281162,0.7687001,-0.3608233,-0.5579732,-0.634437,-0.534935,moving,10.581970400224886,-3.947473314377741,-5.688138385027566,-6.837373372974438,-0.3868989999999999,-0.55661501,-0.4248229999999999,0.1832210036568168,-0.0676765415488377,0.9807395000020072,11.156278090840685,-3.1845820882796056,16.45887328673477,16.52476814459514,17.235929060600252
3037,05/05/2023 12:22:12.748008,3235,True,True,True,True,Eyes,1.819731,0.04013246,-2.542611,-0.6287696,-0.6891139,-0.3602372,0.0,0.0,0.0,0.0,0.0,0.0,0.0,2.915341,-0.0233922,-0.3607152,1.698479,0.03615018,-2.39661,-0.1766621,0.861452,-0.2916222,-0.376361,39.45073,224.9359,353.6905,0.5822262,0.01431499,-0.8128979,0.0,0.0,0.0,1.316186,-0.5232895,-2.825781,-0.07909557,-0.09492952,0.8072331,-0.6542861,-0.08486149,0.751471,-0.5238823,0.7674939,-0.3694596,-0.5453966,-0.6354145,-0.5466182,moving,11.513972152750638,-3.88499042770775,-5.596180638801602,-6.70710084054915,-0.382293,-0.55943968,-0.4291710000000002,0.1991664253862993,-0.0663965252687217,0.9777137892820648,12.074814113972282,-3.113823201754584,17.276039715281094,17.34132739246136,18.032628752958438
3038,05/05/2023 12:22:12.768297,3236,True,True,True,True,Eyes,1.819731,0.04013246,-2.542611,-0.6287696,-0.6891139,-0.3602372,0.0,0.0,0.0,0.0,0.0,0.0,0.0,2.902256,-0.05125719,-0.4098308,1.694125,0.03628819,-2.392133,-0.1759024,0.8649266,-0.2931736,-0.3674368,39.52488,223.6549,353.3863,0.5821983,0.01416692,-0.8129206,0.0,0.0,0.0,1.316191,-0.525641,-2.825825,-0.0770008,-0.09000459,0.8074501,-0.6680973,-0.0888398,0.7387515,-0.5197307,0.7662153,-0.3778811,-0.5324718,-0.6364131,-0.5580791,moving,12.452576009601652,-3.8217758400742654,-5.447419642381867,-6.360371747392139,-0.377934,-0.5619291900000001,-0.4336920000000002,0.2151741627207156,-0.0650918174271424,0.974403998515339,12.999856171856676,-3.0422657687974275,18.017422669646287,18.07911263092522,18.7433138012406
3039,05/05/2023 12:22:12.788126,3237,True,True,True,True,Eyes,1.814318,0.03973423,-2.536476,-0.6204255,-0.6916723,-0.3696778,0.0,0.0,0.0,0.0,0.0,0.0,0.0,2.887985,-0.08067536,-0.4584434,1.689787,0.03616371,-2.387562,-0.1748192,0.8683781,-0.2947765,-0.3584194,39.58871,222.3777,353.1203,0.5821733,0.01403366,-0.812941,0.0,0.0,0.0,1.316196,-0.5280555,-2.82587,-0.07464784,-0.08527893,0.8071787,-0.6819475,-0.09231106,0.7255523,-0.5149255,0.7650901,-0.3866378,-0.5194218,-0.6372721,-0.5692846,moving,12.662961511790204,-3.9246528827174783,-5.283681646489545,-6.030961719632275,-0.373591,-0.56421921,-0.4383080000000001,0.2187260794995962,-0.0667872674704722,0.9734980279902696,13.20747763291378,-3.1466009538564936,18.01087785285462,18.0698239495324,18.714767124477135
3040,05/05/2023 12:22:12.803811,3238,True,True,True,True,Eyes,1.808962,0.03934126,-2.530401,-0.6119351,-0.6941021,-0.379154,0.0,0.0,0.0,0.0,0.0,0.0,0.0,2.872288,-0.1122319,-0.507127,1.685457,0.03588617,-2.382804,-0.172976,0.8720989,-0.2958415,-0.349286,39.55676,221.1044,352.9193,0.5821292,0.01390431,-0.8129749,0.0,0.0,0.0,1.316202,-0.5304063,-2.825914,-0.07301545,-0.08263439,0.8070951,-0.6961573,-0.09503775,0.7115707,-0.508371,0.7651141,-0.3951699,-0.5068769,-0.6368423,-0.5809543,moving,12.868999613942064,-4.125726120931694,-5.169304009052754,-5.845855466778436,-0.3692549999999999,-0.56629247,-0.4431099999999999,0.2221740423731574,-0.0701471682099758,0.972480394270297,13.411045201188708,-3.3519548209686225,18.060371500381983,18.120133624280783,18.746970880803413
3041,05/05/2023 12:22:12.818182,3239,True,True,True,True,Eyes,1.803645,0.03893838,-2.524358,-0.6035619,-0.6963487,-0.3883446,0.0,0.0,0.0,0.0,0.0,0.0,0.0,2.855551,-0.1460934,-0.5551529,1.681318,0.03560374,-2.378151,-0.1704248,0.8759691,-0.2965872,-0.3401028,39.45902,219.8514,352.795,0.582068,0.01377856,-0.8130209,0.0,0.0,0.0,1.316207,-0.5327598,-2.825957,-0.07137054,-0.08282369,0.8069805,-0.7105712,-0.09683338,0.6969306,-0.5003139,0.7659829,-0.4036785,-0.4947474,-0.6355263,-0.5927326,moving,13.078493875483598,-4.3949439000959645,-5.054172487575746,-5.859980444855167,-0.3651110000000002,-0.56836354,-0.4478059999999999,0.2256542477942051,-0.0746545328119725,0.9713428172666526,13.618180110196162,-3.6273667904406897,18.127759402892675,18.19175421754328,18.80535336720364
3042,05/05/2023 12:22:12.838989,3240,True,True,True,True,Eyes,1.798391,0.03850649,-2.518339,-0.5950158,-0.6984926,-0.3975731,0.0,0.0,0.0,0.0,0.0,0.0,0.0,2.836913,-0.1784901,-0.6043148,1.677074,0.03492711,-2.373042,-0.1677834,0.8799695,-0.296808,-0.330768,39.29837,218.5752,352.6545,0.5819918,0.01365567,-0.8130776,0.0,0.0,0.0,1.316212,-0.53501,-2.825999,-0.06927246,-0.08789517,0.8065037,-0.7248828,-0.09893943,0.6817305,-0.4916378,0.7675074,-0.4113693,-0.4825326,-0.6333588,-0.6049954,moving,13.304442878076772,-4.7155421946640885,-4.909217537816556,-6.219717375855907,-0.360862,-0.56993711,-0.452957,0.2293873167080387,-0.080016778792259,0.9700406478046198,13.841655687687105,-3.955505512571897,18.202857253720182,18.27566602674696,18.887082942602497
3134,05/05/2023 12:22:14.369987,3332,True,True,True,True,Eyes,1.22146,0.04511435,-2.094385,0.07862487,-0.6286521,-0.7737019,0.0,0.0,0.0,0.0,0.0,0.0,0.0,1.129288,-1.038677,-1.740872,1.046868,0.04875003,-2.070378,-0.06031752,0.9571971,-0.2830608,-0.003489845,32.84109,178.1266,352.2365,0.5240068,0.01780524,-0.8515276,0.0,0.0,0.0,1.316212,-0.53501,-2.825999,-0.2178848,-0.1818893,0.928052,-0.9926994,-0.1134958,0.04082799,-0.1174472,0.8324767,-0.541469,0.02746611,-0.542311,-0.839729,moving,-2.208714867057197,-6.529826089800692,-13.2124151384965,-11.08886687243904,0.269344,-0.58376003,-0.7556210000000001,-0.0382901509872048,-0.1136370181615069,0.9927841938313056,-1.445540756785651,-5.929559014657107,11.685989045810356,11.910762885786664,12.848260204647689
3135,05/05/2023 12:22:14.378141,3333,True,True,True,True,Eyes,1.213629,0.04511901,-2.093615,0.08869556,-0.6294948,-0.7719257,0.0,0.0,0.0,0.0,0.0,0.0,0.0,1.071575,-1.086843,-1.743643,1.039342,0.05024038,-2.070515,-0.05039396,0.9563382,-0.2878014,0.006941618,33.35132,177.0984,353.0979,0.5219894,0.01788558,-0.8527642,0.0,0.0,0.0,1.314075,-0.5332397,-2.82603,-0.2204919,-0.1996167,0.9254088,-0.9948247,-0.100383,0.01572983,-0.09239173,0.8292617,-0.5511705,0.04228397,-0.5497712,-0.8342445,moving,-2.1430155177075543,-6.016822282198147,-13.40166544922083,-12.172565921312907,0.2747330000000001,-0.58348008,-0.7555149999999999,-0.0371882429413683,-0.1047479422978514,0.993803197359791,-1.381989067761489,-5.4015099923295455,12.556224314088292,12.831616345218,13.79564491817734
3136,05/05/2023 12:22:14.405230,3334,True,True,True,True,Eyes,1.205837,0.04515028,-2.092904,0.09882028,-0.6302828,-0.7700508,0.0,0.0,0.0,0.0,0.0,0.0,0.0,1.007456,-1.123045,-1.753931,1.032269,0.05143317,-2.069841,-0.04167234,0.9558942,-0.2901185,0.01900291,33.57729,175.8351,353.7505,0.5199463,0.01796163,-0.8540099,0.0,0.0,0.0,1.311924,-0.5314583,-2.826061,-0.2221107,-0.2115867,0.9242324,-0.9958047,-0.09069488,-0.01214971,-0.0686425,0.8281893,-0.5562291,0.06050938,-0.5530614,-0.8309404,moving,-1.836557340117496,-5.768158628878862,-13.513019445867052,-12.894652826502318,0.279655,-0.5828914700000001,-0.7562200000000003,-0.0318863800225728,-0.1004522883960164,0.9944308356144324,-1.0804961734743423,-5.143638597489321,13.368966084056384,13.679425677116935,14.65079712838002
3137,05/05/2023 12:22:14.418968,3335,True,True,True,True,Eyes,1.205837,0.04515028,-2.092904,0.09882028,-0.6302828,-0.7700508,0.0,0.0,0.0,0.0,0.0,0.0,0.0,0.9623269,-1.13527,-1.767963,1.02536,0.05207176,-2.070394,-0.03768564,0.9560961,-0.2893294,0.02735832,33.4488,174.9035,353.9532,0.5178789,0.01803486,-0.8552636,0.0,0.0,0.0,1.309816,-0.5297118,-2.826091,-0.223368,-0.222372,0.9227953,-0.9956626,-0.08789332,-0.03050723,-0.05623107,0.8297366,-0.5553155,0.07412148,-0.5511914,-0.83108,moving,-1.123179711558191,-5.792352882649979,-13.607057418259869,-13.54862478863455,0.284456,-0.58178356,-0.7556970000000001,-0.0195018838222106,-0.1009043231074932,0.9947050238142772,-0.3772558505819068,-5.163546059057872,14.352335549698749,14.697175118894402,15.663243432358875
3138,05/05/2023 12:22:14.428159,3336,True,True,True,True,Eyes,1.205837,0.04515028,-2.092904,0.09882028,-0.6302828,-0.7700508,0.0,0.0,0.0,0.0,0.0,0.0,0.0,0.9132249,-1.149492,-1.781707,1.018508,0.05445383,-2.071103,-0.03376524,0.9561275,-0.2886779,0.03667856,33.33607,173.8411,354.1093,0.5160156,0.01810068,-0.8563877,0.0,0.0,0.0,1.307591,-0.5278685,-2.826123,-0.2256494,-0.2297994,0.9211903,-0.9950293,-0.08574434,-0.05064418,-0.04339117,0.8310499,-0.5545028,0.08963331,-0.5495489,-0.8306397,moving,-0.3045007196360659,-5.801979553930381,-13.763823172141452,-14.007077157415456,0.289083,-0.58232233,-0.75502,-0.0052872910076036,-0.1010892615231081,0.9948633554686152,0.4297467312836365,-5.167737394573237,15.38837102343652,15.76315284336329,16.720985438854317
3139,05/05/2023 12:22:14.448360,3337,True,True,True,True,Eyes,1.205837,0.04515028,-2.092904,0.09882028,-0.6302828,-0.7700508,0.0,0.0,0.0,0.0,0.0,0.0,0.0,0.8736422,-1.129649,-1.813344,1.012739,0.05707207,-2.073324,-0.03100591,0.9586192,-0.2795922,0.04377433,32.23074,173.1246,354.3062,0.5143365,0.01815985,-0.857396,0.0,0.0,0.0,1.305417,-0.5260674,-2.826154,-0.2298993,-0.2281553,0.9210935,-0.9942452,-0.08392366,-0.06658781,-0.03496781,0.8417337,-0.5387595,0.1012639,-0.5333303,-0.8398244,moving,0.3416280987352443,-6.841075693048459,-14.014341146821442,-13.912173783889669,0.292678,-0.58313947,-0.7528299999999999,0.0059200507689179,-0.1191137188684195,0.9928630143539374,1.0690906806556495,-6.231874034013465,15.617345893223924,16.00294601595805,16.926219895242333
3140,05/05/2023 12:22:14.468155,3338,True,True,True,True,Eyes,1.205837,0.04515028,-2.092904,0.09882028,-0.6302828,-0.7700508,0.0,0.0,0.0,0.0,0.0,0.0,0.0,0.829656,-1.106509,-1.845991,1.007626,0.05784477,-2.074058,-0.03076113,0.9605355,-0.2713731,0.05274527,31.20368,172.0687,354.1135,0.5128235,0.01821304,-0.8583007,0.0,0.0,0.0,1.303316,-0.5243274,-2.826185,-0.2347959,-0.227254,0.9201147,-0.9925436,-0.0877216,-0.08463191,-0.03046702,0.8508208,-0.524572,0.1180229,-0.518082,-0.8471495,moving,1.294112876132291,-7.779166948047328,-14.315295262739124,-13.873512225706396,0.29569,-0.58217217,-0.7521270000000002,0.0223768723556927,-0.1353214362677124,0.9905490774140264,2.0101746982994837,-7.189997379126703,16.352267387794292,16.7569289193811,17.640587863028404
3141,05/05/2023 12:22:14.488274,3339,True,True,True,True,Eyes,1.19755,0.04559447,-2.092482,0.1107132,-0.6298437,-0.768791,0.0,0.0,0.0,0.0,0.0,0.0,0.0,0.7888577,-1.114633,-1.857282,1.002807,0.05956564,-2.074856,-0.03283635,0.9596094,-0.2724433,0.06201823,31.25216,170.7839,353.4975,0.5114602,0.01826088,-0.8591127,0.0,0.0,0.0,1.301183,-0.5225597,-2.826215,-0.23863,-0.2256427,0.9194103,-0.9901514,-0.09681305,-0.1011345,-0.02922724,0.8493929,-0.5269512,0.1369186,-0.5188054,-0.8438572,moving,1.682839402026215,-7.6523306873237615,-14.54989117929199,-13.789060245284592,0.298376,-0.5821253399999999,-0.7513589999999999,0.0291055580887626,-0.1331052464496618,0.9906744978149216,2.3930473737735856,-7.056843791262681,16.943989378233777,17.353990659015967,18.231453732403214
3142,05/05/2023 12:22:14.505536,3340,True,True,True,True,Eyes,1.189427,0.0461119,-2.092147,0.1227046,-0.6294698,-0.7672753,0.0,0.0,0.0,0.0,0.0,0.0,0.0,0.7476819,-1.116774,-1.872905,0.9982512,0.06147376,-2.076946,-0.03463969,0.9591565,-0.271574,0.07117973,31.06651,169.5502,352.9514,0.509984,0.01832583,-0.8599885,0.0,0.0,0.0,1.29907,-0.5208095,-2.826246,-0.2392525,-0.2201541,0.9196566,-0.9874671,-0.1051109,-0.1177305,-0.02778864,0.8500953,-0.5258952,0.1553594,-0.5160327,-0.8423621,moving,2.043346017504573,-7.764233759047951,-14.582489888921565,-13.462534859807452,0.3008187999999999,-0.5822832600000001,-0.7492999999999999,0.0353290899030597,-0.1350127485465884,0.9902138390770991,2.7486659543337355,-7.169414785834594,17.177419358265837,17.57523982830179,18.43833840476529
3143,05/05/2023 12:22:14.518045,3341,True,True,True,True,Eyes,1.181461,0.04668782,-2.091936,0.132604,-0.6280776,-0.7667691,0.0,0.0,0.0,0.0,0.0,0.0,0.0,0.7121766,-1.130638,-1.878204,0.9939469,0.06376919,-2.078747,-0.03554283,0.9579384,-0.2736034,0.07894246,31.23697,168.4844,352.521,0.5084072,0.01840923,-0.8609198,0.0,0.0,0.0,1.296903,-0.5190143,-2.826277,-0.2371659,-0.2106853,0.9209134,-0.9850097,-0.1112935,-0.1317948,-0.02489783,0.8477557,-0.5298021,0.1706933,-0.5185788,-0.8378186,moving,2.33164201569289,-7.448073840403314,-14.441756344143416,-12.886283020441144,0.3029560999999999,-0.5827834900000001,-0.7475300000000002,0.040340904969464,-0.1295220988779802,0.99075566233106,3.032097167517681,-6.842254550300488,17.267593077933586,17.63295243637908,18.48961429275532
3144,05/05/2023 12:22:14.538286,3342,True,True,True,True,Eyes,1.173654,0.04725691,-2.091824,0.1425394,-0.6267062,-0.7661083,0.0,0.0,0.0,0.0,0.0,0.0,0.0,0.6748027,-1.148315,-1.881949,0.9899114,0.06578275,-2.081218,-0.03414701,0.9567391,-0.2756751,0.08653045,31.43889,167.5182,352.386,0.5067416,0.01851156,-0.861899,0.0,0.0,0.0,1.294741,-0.5172236,-2.826308,-0.2324426,-0.1949206,0.9238858,-0.9826928,-0.1130481,-0.1467472,-0.01763097,0.8456745,-0.5334077,0.1844011,-0.5215887,-0.8330314,moving,2.495156557670433,-7.121284611152041,-14.122079443169548,-11.913497703260951,0.3048295999999999,-0.58300635,-0.7450900000000003,0.0431997337872392,-0.1238543788669887,0.9913596445467578,3.1925050314410504,-6.505032928695725,16.98398167156758,17.294445311364928,18.13963414036069
3145,05/05/2023 12:22:14.547996,3343,True,True,True,True,Eyes,1.165921,0.04779505,-2.09182,0.1519813,-0.6255325,-0.7652521,0.0,0.0,0.0,0.0,0.0,0.0,0.0,0.6383276,-1.155598,-1.890578,0.9858654,0.06617995,-2.083469,-0.03198675,0.9562914,-0.2752241,0.0934635,31.35974,166.7055,352.4211,0.5049986,0.01863056,-0.8629189,0.0,0.0,0.0,1.292516,-0.5153803,-2.82634,-0.2265092,-0.1746467,0.9274663,-0.9804831,-0.1126241,-0.1611496,-0.009730496,0.8464571,-0.532368,0.1963637,-0.5204096,-0.8310328,moving,2.584957678544678,-7.105312917518748,-13.724330104771507,-10.664214877820887,0.3066506,-0.58156025,-0.7428710000000001,0.0447550630210034,-0.1235695510123135,0.9913261577588638,3.280985241084749,-6.48798085725684,16.444675818019302,16.693071951024145,17.510616225779458
3146,05/05/2023 12:22:14.568208,3344,True,True,True,True,Eyes,1.158317,0.04829158,-2.091944,0.1611286,-0.6245327,-0.7641966,0.0,0.0,0.0,0.0,0.0,0.0,0.0,0.6038973,-1.182131,-1.885611,0.981143,0.06617586,-2.085817,-0.02677266,0.9547939,-0.2789784,0.09911112,31.83176,166.093,352.804,0.5031845,0.01876326,-0.8639751,0.0,0.0,0.0,1.290388,-0.5136175,-2.82637,-0.2201066,-0.1512967,0.9316673,-0.9789206,-0.1064245,-0.1743234,0.004174984,0.8429085,-0.5380407,0.2041994,-0.5274268,-0.8246962,moving,2.420259555371918,-6.585364969168509,-13.292415462883406,-9.223940308711006,0.3092450000000001,-0.5797933599999999,-0.7405529999999998,0.0419508054059523,-0.1145824495254969,0.992527558683052,3.1174155228983427,-5.954396919432044,15.75006893939572,15.932678244781911,16.73237780341756
3147,05/05/2023 12:22:14.587967,3345,True,True,True,True,Eyes,1.150716,0.04872065,-2.092205,0.1677089,-0.6229024,-0.7641115,0.0,0.0,0.0,0.0,0.0,0.0,0.0,0.5743332,-1.198431,-1.885705,0.9766082,0.06566879,-2.088995,-0.02028404,0.9542756,-0.2798768,0.1030322,32.00406,165.8019,353.4736,0.5013073,0.01890646,-0.8650625,0.0,0.0,0.0,1.288384,-0.5119572,-2.826399,-0.2146331,-0.1283227,0.9356052,-0.9779459,-0.09638578,-0.1852882,0.01895953,0.8425151,-0.538339,0.2079963,-0.5299793,-0.8221067,moving,2.168607161628312,-6.335608491407122,-12.920416397067676,-7.809661452272814,0.3117757999999999,-0.57762599,-0.7374039999999997,0.0376095206765795,-0.1102739526192146,0.99318942746358,2.868770787315462,-5.699293615910374,15.03132754348714,15.16085301314934,15.929597745964642
3148,05/05/2023 12:22:14.605538,3346,True,True,True,True,Eyes,1.143219,0.04906721,-2.092592,0.1740188,-0.6215165,-0.7638291,0.0,0.0,0.0,0.0,0.0,0.0,0.0,0.5467927,-1.213971,-1.884616,0.9719543,0.0646191,-2.091796,-0.01297953,0.9538316,-0.2806553,0.1061581,32.18401,165.6473,354.2803,0.49937,0.01905623,-0.866179,0.0,0.0,0.0,1.286187,-0.5101379,-2.826431,-0.2083978,-0.1059108,0.939477,-0.9771243,-0.08434828,-0.1952284,0.0348271,0.8421282,-0.5381516,0.2097995,-0.53264,-0.8199264,moving,1.815801636564848,-6.103976202797649,-12.507019773940453,-6.4320139825303695,0.3142326999999999,-0.5747570000000001,-0.7346349999999999,0.0315069503293668,-0.1062802955461551,0.9938370124884988,2.520461126216805,-5.463535248063076,14.239989359054798,14.326577467844894,15.058656422925203
3149,05/05/2023 12:22:14.618510,3347,True,True,True,True,Eyes,1.135883,0.04932458,-2.093107,0.1799693,-0.6201329,-0.7635747,0.0,0.0,0.0,0.0,0.0,0.0,0.0,0.5140789,-1.232572,-1.882819,0.9669284,0.06292903,-2.095139,-0.003722953,0.9532124,-0.2816601,0.109726,32.42172,165.5049,355.3176,0.4973782,0.01920838,-0.867321,0.0,0.0,0.0,1.284032,-0.5083522,-2.826462,-0.2030727,-0.08223289,0.9435421,-0.975893,-0.06890839,-0.2070871,0.05471333,0.8413074,-0.5377809,0.2112815,-0.5361469,-0.8172558,moving,1.4530881669495872,-5.812427841755151,-12.14613491562368,-4.980935449357057,0.3171036,-0.5712812300000001,-0.7313229999999997,0.0252281647595872,-0.101239862500233,0.9945421635248992,2.162243925513148,-5.166226211198927,13.572394848860975,13.624619189107984,14.3095785307575
3150,05/05/2023 12:22:14.638333,3348,True,True,True,True,Eyes,1.128631,0.04946747,-2.093744,0.1857036,-0.6188762,-0.7632211,0.0,0.0,0.0,0.0,0.0,0.0,0.0,0.4792755,-1.240256,-1.888519,0.9617519,0.06082924,-2.098994,0.006041775,0.9533238,-0.2797908,0.1133779,32.33255,165.4138,356.4768,0.4953395,0.01935877,-0.8684835,0.0,0.0,0.0,1.28179,-0.5064949,-2.826494,-0.1971976,-0.06740618,0.9469998,-0.9742181,-0.05192461,-0.2195525,0.07496369,0.8433613,-0.5320924,0.2127907,-0.5348324,-0.8177254,moving,1.0820716654921645,-5.850265120988109,-11.762836720362715,-4.071370535338269,0.3200381,-0.56732414,-0.7275,0.0187862685284988,-0.1019110720411561,0.9946161244293232,1.7966184841417592,-5.207726665823719,12.931760609916898,12.96750312850779,13.60698830374508
3151,05/05/2023 12:22:14.648379,3349,True,True,True,True,Eyes,1.121637,0.04949069,-2.094439,0.1910229,-0.6178825,-0.7627131,0.0,0.0,0.0,0.0,0.0,0.0,0.0,0.4459025,-1.249616,-1.891709,0.9564744,0.05817877,-2.102547,0.01460937,0.9529819,-0.2791335,0.117033,32.37362,165.2588,357.4558,0.4932579,0.01950268,-0.8696642,0.0,0.0,0.0,1.279856,-0.5048931,-2.826521,-0.1868985,-0.05685091,0.9514201,-0.9721799,-0.03749076,-0.2312167,0.0931806,0.8437421,-0.5285987,0.2149048,-0.5354378,-0.8167759,moving,0.7951905848172279,-5.7607249273511165,-11.113760054206669,-3.419571152481621,0.3233816000000001,-0.56307187,-0.7239740000000001,0.0138081717294717,-0.10036472412552,0.994854794222236,1.5136260083057058,-5.1176410004791375,12.111367460936272,12.136890306841094,12.741048621695548
3152,05/05/2023 12:22:14.667972,3350,True,True,True,True,Eyes,1.114705,0.04944311,-2.095238,0.1962815,-0.6173492,-0.7618093,0.0,0.0,0.0,0.0,0.0,0.0,0.0,0.410561,-1.266853,-1.889059,0.9510441,0.05514818,-2.105824,0.0218629,0.9516718,-0.281204,0.1215205,32.7205,164.9118,358.1792,0.4911445,0.01963554,-0.8708565,0.0,0.0,0.0,1.277698,-0.5031054,-2.826553,-0.1793794,-0.05493349,0.9531409,-0.9695098,-0.02673149,-0.2435911,0.1099567,0.8408927,-0.5299143,0.2189993,-0.5405415,-0.8123143,moving,0.6777127975821767,-5.385416355569024,-10.658295573143434,-3.298545988882245,0.3266539,-0.55825358,-0.720729,0.0117758400531314,-0.0938483935821622,0.9955167904975138,1.3969426547627963,-4.732479910985783,11.504532779832388,11.526496159220134,12.140219735430284
3153,05/05/2023 12:22:14.688099,3351,True,True,True,True,Eyes,1.107826,0.04935971,-2.096173,0.2015903,-0.6169155,-0.7607737,0.0,0.0,0.0,0.0,0.0,0.0,0.0,0.3778814,-1.29509,-1.87768,0.9455676,0.05348114,-2.109212,0.02682587,0.9492983,-0.2867283,0.1260949,33.44571,164.4263,358.5319,0.4890015,0.01975537,-0.8720589,0.0,0.0,0.0,1.275526,-0.5013058,-2.826584,-0.1698263,-0.05409986,0.955987,-0.9667609,-0.02137844,-0.2547868,0.1232415,0.8341346,-0.5376161,0.2240199,-0.5511465,-0.8037738,moving,0.6975331999671079,-4.631556014854512,-10.07322266753404,-3.2389468446295937,0.3299584,-0.5547869400000001,-0.7173720000000001,0.0121342028144982,-0.0807419498433886,0.996661178366838,1.414703480643349,-3.957045632939048,10.841659167294708,10.860411698379806,11.510348085776958
3154,05/05/2023 12:22:14.698560,3352,True,True,True,True,Eyes,1.101005,0.04924661,-2.097229,0.206906,-0.6166491,-0.7595615,0.0,0.0,0.0,0.0,0.0,0.0,0.0,0.350569,-1.315249,-1.870954,0.9401827,0.0525795,-2.113419,0.02861598,0.9473792,-0.2909594,0.1303709,33.97003,163.8724,358.5045,0.4868305,0.01986182,-0.8732703,0.0,0.0,0.0,1.273425,-0.4995657,-2.826614,-0.1623112,-0.07181448,0.9559007,-0.9643694,-0.02164491,-0.2636735,0.1300856,0.8290475,-0.5438364,0.2303692,-0.5587592,-0.7966923,moving,0.8093686382132507,-4.0855498789974325,-9.636864614440238,-4.296420599336891,0.3332423,-0.5521452,-0.7131950000000002,0.0140897876574711,-0.0712388086609465,0.9973597082664792,1.5236542000667528,-3.3947341437640666,10.419716613294575,10.448361384903375,11.196884328826838
3155,05/05/2023 12:22:14.723213,3353,True,True,True,True,Eyes,1.101005,0.04924661,-2.097229,0.206906,-0.6166491,-0.7595615,0.0,0.0,0.0,0.0,0.0,0.0,0.0,0.3321729,-1.326109,-1.8684,0.9347128,0.05177989,-2.117416,0.02787873,0.9461529,-0.293639,0.1333933,34.26992,163.4031,358.2259,0.484633,0.01995486,-0.8744897,0.0,0.0,0.0,1.271288,-0.4977952,-2.826645,-0.1492611,-0.08599696,0.956539,-0.9628581,-0.02558385,-0.2687934,0.131094,0.8259979,-0.5482171,0.2360483,-0.5630924,-0.7919648,moving,1.1898521115030671,-3.774872191665473,-8.869074479306992,-5.137324814732129,0.3365751999999999,-0.54957509,-0.7092290000000001,0.0207203107190012,-0.0658221569099388,0.997616153654546,1.897968428008856,-3.072569154311364,10.112829795920062,10.150777374635249,10.963230769495828
3156,05/05/2023 12:22:14.729694,3354,True,True,True,True,Eyes,1.101005,0.04924661,-2.097229,0.206906,-0.6166491,-0.7595615,0.0,0.0,0.0,0.0,0.0,0.0,0.0,0.3153445,-1.332449,-1.868609,0.9292505,0.05120723,-2.121422,0.02728043,0.9453592,-0.2950555,0.1359927,34.42221,163.0109,358.0081,0.4826529,0.02003847,-0.8755821,0.0,0.0,0.0,1.26906,-0.4959493,-2.826677,-0.1338145,-0.08345935,0.9590886,-0.9615237,-0.02867119,-0.2732224,0.1318304,0.824396,-0.550447,0.2410254,-0.5652868,-0.7888966,moving,1.508000187477825,-3.612599788572541,-7.942779388472832,-4.973318434540796,0.3398095000000001,-0.54715653,-0.7052550000000002,0.0262642706417401,-0.062988251740511,0.9976685551220864,2.2111877353248186,-2.903463990979571,9.51552463984966,9.548234906342206,10.362786583187637
3157,05/05/2023 12:22:14.748109,3355,True,True,True,True,Eyes,1.093814,0.04915491,-2.098773,0.2126844,-0.6158546,-0.7586095,0.0,0.0,0.0,0.0,0.0,0.0,0.0,0.2999223,-1.332025,-1.873693,0.9240407,0.05124792,-2.125674,0.02639034,0.9451777,-0.2946119,0.1383714,34.34845,162.6635,357.8034,0.4808687,0.02011363,-0.8765616,0.0,0.0,0.0,1.26699,-0.4942347,-2.826706,-0.1186897,-0.08557731,0.9600848,-0.9603141,-0.03164457,-0.2771209,0.1314188,0.8250148,-0.5496178,0.2460213,-0.5642245,-0.7881147,moving,1.4624765583937671,-3.624292460807295,-7.047387548333565,-5.093607102302685,0.3429493,-0.54548262,-0.7010320000000001,0.0254712475408209,-0.0631931486548142,0.9976761786003387,2.166342200116755,-2.915806599202104,8.605223584404706,8.63577863488168,9.467609566769402
3158,05/05/2023 12:22:14.768224,3356,True,True,True,True,Eyes,1.086732,0.04911667,-2.100481,0.2184988,-0.6147324,-0.757867,0.0,0.0,0.0,0.0,0.0,0.0,0.0,0.2863947,-1.330216,-1.880119,0.9190591,0.0521328,-2.130483,0.02457116,0.9451437,-0.2938095,0.1406255,34.21468,162.3023,357.4919,0.4789986,0.02017916,-0.8775834,0.0,0.0,0.0,1.264765,-0.4923914,-2.826738,-0.1062797,-0.08194375,0.9613208,-0.9592413,-0.03618765,-0.280261,0.1290808,0.8261444,-0.5484738,0.2513841,-0.5622951,-0.7878007,moving,1.4385454268434574,-3.669648888293069,-6.308767333422982,-4.872160257551788,0.3457058999999999,-0.5445242,-0.6962550000000003,0.0250532760553556,-0.0639835881514964,0.9976364431526916,2.142859923844316,-2.9626196026909475,7.8145183242124,7.840082180601404,8.664660917101713
3159,05/05/2023 12:22:14.788127,3357,True,True,True,True,Eyes,1.079724,0.04908844,-2.102352,0.2244416,-0.6128076,-0.7576891,0.0,0.0,0.0,0.0,0.0,0.0,0.0,0.2775067,-1.313088,-1.8976,0.914507,0.05331473,-2.136102,0.02056217,0.9463024,-0.2894652,0.1424743,33.62138,161.9696,357.001,0.477051,0.02023809,-0.8786423,0.0,0.0,0.0,1.262585,-0.4905854,-2.82677,-0.09564987,-0.07763055,0.961545,-0.9585567,-0.04356661,-0.2815515,0.1213987,0.8315743,-0.541984,0.2577434,-0.5537022,-0.791822,moving,1.429722735891091,-4.112490158522269,-5.680819819337661,-4.615776094583392,0.3480780000000001,-0.54390013,-0.6906679999999996,0.0248865749808237,-0.0716926662014874,0.997116231281878,2.1352067882678964,-3.4181144137847457,7.106355428091435,7.128331653560737,7.907253975461487
3160,05/05/2023 12:22:14.798008,3358,True,True,True,True,Eyes,1.072842,0.04906534,-2.10437,0.2302776,-0.6106342,-0.7576925,0.0,0.0,0.0,0.0,0.0,0.0,0.0,0.2751405,-1.287797,-1.919121,0.9101983,0.05345022,-2.141455,0.01521623,0.94802,-0.2837404,0.1432405,32.84325,161.7609,356.4218,0.4750325,0.02029134,-0.879734,0.0,0.0,0.0,1.260369,-0.4887503,-2.826802,-0.08686018,-0.07666904,0.9604276,-0.9585011,-0.05243562,-0.2802245,0.1101368,0.8385197,-0.5336241,0.2629547,-0.5423424,-0.7979469,moving,1.3581665738888151,-4.724623473253666,-5.167718365139252,-4.564130436546438,0.3501707,-0.5422005200000001,-0.6853469999999997,0.0236217632100859,-0.0823438263136154,0.996323908374445,2.0661155628507712,-4.048152493971248,6.506947895765359,6.527858167290774,7.252212526875071
3161,05/05/2023 12:22:14.818168,3359,True,True,True,True,Eyes,1.066094,0.04902682,-2.106551,0.23598,-0.6081312,-0.7579511,0.0,0.0,0.0,0.0,0.0,0.0,0.0,0.2745693,-1.271588,-1.934254,0.9062959,0.05350107,-2.146957,0.01104681,0.9491493,-0.2800887,0.1433312,32.33434,161.6577,355.9741,0.472951,0.02033949,-0.8808537,0.0,0.0,0.0,1.258334,-0.4870645,-2.826831,-0.08329377,-0.06647804,0.9595075,-0.9586685,-0.05932078,-0.2782736,0.1012611,0.8428566,-0.5285254,0.2658973,-0.5348588,-0.8020132,moving,1.1945355776446984,-5.053991436992002,-4.961344772148575,-3.96331878479279,0.3520381,-0.54056557,-0.6798739999999999,0.0207660526598824,-0.0880754493448521,0.9958973205528164,1.905598985149206,-4.38802698744964,6.23536402699171,6.251754131060035,6.8800649432469
3162,05/05/2023 12:22:14.828121,3360,True,True,True,True,Eyes,1.059492,0.04894149,-2.108876,0.2414449,-0.6054074,-0.7584103,0.0,0.0,0.0,0.0,0.0,0.0,0.0,0.2775635,-1.251651,-1.951809,0.9030187,0.05303018,-2.152899,0.007492708,0.9506688,-0.2754509,0.1424767,31.72618,161.7216,355.6683,0.4708138,0.02038219,-0.8819968,0.0,0.0,0.0,1.256207,-0.4853024,-2.826861,-0.08360913,-0.06167853,0.9567634,-0.9592887,-0.06424451,-0.2750241,0.09273685,0.8481413,-0.5215901,0.2667685,-0.5258602,-0.8076544,moving,0.9129122223336414,-5.480845766050938,-4.994245856332321,-3.688515005088816,0.3531883000000001,-0.5383325800000001,-0.673962,0.0158598266759856,-0.095500965923006,0.995302956020146,1.6290058932215712,-4.828982653275949,6.158682174763968,6.173084004210505,6.720723933813246
3163,05/05/2023 12:22:14.853985,3361,True,True,True,True,Eyes,1.053027,0.04883753,-2.111365,0.2465858,-0.6027883,-0.7588423,0.0,0.0,0.0,0.0,0.0,0.0,0.0,0.278082,-1.234474,-1.967468,0.8999066,0.05176622,-2.158627,0.006009655,0.9520374,-0.2711771,0.1416038,31.20111,161.8559,355.6178,0.4686283,0.02041783,-0.8831592,0.0,0.0,0.0,1.254045,-0.4835113,-2.826892,-0.08589219,-0.05617842,0.9538636,-0.9598247,-0.06535657,-0.2728835,0.08824224,0.8528537,-0.5146396,0.2663648,-0.5180436,-0.8128228,moving,0.5640200559334528,-5.8431554271343495,-5.145414027829607,-3.3705787978914565,0.3541384000000001,-0.53527752,-0.6682649999999999,0.0097927070223294,-0.1018007316357384,0.9947565740297588,1.2859531874341554,-5.204027448856669,6.209835735878541,6.221838373367913,6.687601828256204
3164,05/05/2023 12:22:14.868404,3362,True,True,True,True,Eyes,1.046705,0.04874306,-2.114056,0.2514057,-0.6001546,-0.7593481,0.0,0.0,0.0,0.0,0.0,0.0,0.0,0.2712051,-1.230797,-1.976302,0.8967813,0.05119014,-2.165028,0.008438334,0.9526871,-0.2689812,0.1412977,30.99041,162.0155,355.9909,0.4664004,0.02044611,-0.8843371,0.0,0.0,0.0,1.251894,-0.4817294,-2.826923,-0.0890213,-0.04909411,0.9502799,-0.9599274,-0.05993471,-0.2737646,0.09209108,0.8551557,-0.5101254,0.2646856,-0.5148946,-0.8153679,moving,0.1452344211721535,-5.895311175965987,-5.3517942064317685,-2.957430469357997,0.3551127,-0.53291954,-0.6618949999999999,0.0025214100202625,-0.1027108032459935,0.9947080175887456,0.8732749825866735,-5.260586631620381,6.223967975637251,6.23285382300568,6.6374705058353305
3165,05/05/2023 12:22:14.888219,3363,True,True,True,True,Eyes,1.040534,0.04858557,-2.116917,0.2559791,-0.5975447,-0.7598783,0.0,0.0,0.0,0.0,0.0,0.0,0.0,0.2605962,-1.228202,-1.986235,0.8939202,0.0512904,-2.172508,0.01306212,0.9534357,-0.2661931,0.1411776,30.74941,162.2325,356.6478,0.4641357,0.02046793,-0.8855273,0.0,0.0,0.0,1.24976,-0.4799614,-2.826954,-0.09267657,-0.04714969,0.9457892,-0.959797,-0.05025321,-0.2761616,0.1000688,0.8579412,-0.503908,0.2622533,-0.5112842,-0.8184205,moving,-0.3347168252705962,-5.97738424249745,-5.596467490206158,-2.8539590318936474,0.3558397999999999,-0.5312517999999999,-0.6544460000000001,-0.0058101166702211,-0.1041341402667845,0.9945462896823688,0.4003757302886401,-5.348340358157433,6.111912415496198,6.118970918887035,6.494926236071346
3166,05/05/2023 12:22:14.898300,3364,True,True,True,True,Eyes,1.034476,0.0483878,-2.119935,0.2601342,-0.5953138,-0.7602181,0.0,0.0,0.0,0.0,0.0,0.0,0.0,0.2467688,-1.214816,-2.002501,0.8910478,0.04955748,-2.179509,0.01868708,0.9547532,-0.2609445,0.1414392,30.2359,162.4632,357.4703,0.461839,0.02048106,-0.886727,0.0,0.0,0.0,1.247648,-0.4782118,-2.826984,-0.0954611,-0.04250678,0.9414816,-0.9592916,-0.03813244,-0.2798316,0.1094986,0.8631176,-0.4929889,0.2603264,-0.5035613,-0.8238059,moving,-0.813495609251151,-6.348361579645144,-5.789692697030426,-2.585081099534793,0.3566002000000001,-0.52776928,-0.647475,-0.0141106557554717,-0.1105622281058343,0.9937689697098184,-0.070687062365084,-5.733205057389847,6.233812695125772,6.238975671406527,6.528224100270678
3167,05/05/2023 12:22:14.918312,3365,True,True,True,True,Eyes,1.028556,0.04811196,-2.123117,0.2639447,-0.5935514,-0.7602827,0.0,0.0,0.0,0.0,0.0,0.0,0.0,0.2321709,-1.234892,-1.997902,0.8877635,0.0484305,-2.186322,0.02665572,0.9539239,-0.2633562,0.1412873,30.66222,162.7198,358.4303,0.4595149,0.02048446,-0.8879336,0.0,0.0,0.0,1.245515,-0.4764446,-2.827015,-0.09560579,-0.03246385,0.9376709,-0.9586549,-0.02356273,-0.2835946,0.1252729,0.859866,-0.4949113,0.2555149,-0.5099758,-0.821363,moving,-1.3497060446332076,-5.800487464733522,-5.821811588118871,-1.9828907291165725,0.3577514999999999,-0.5248751,-0.6406929999999997,-0.0234340971552329,-0.1010370000434275,0.9946065657998056,-0.6005259073868832,-5.173491628459658,5.877097346920308,5.879946668794573,6.1189670908336975
3168,05/05/2023 12:22:14.938345,3366,True,True,True,True,Eyes,1.022725,0.04774434,-2.126419,0.2673141,-0.5921681,-0.7601842,0.0,0.0,0.0,0.0,0.0,0.0,0.0,0.2155972,-1.244958,-2.00008,0.8846228,0.0463023,-2.193632,0.03530152,0.9536574,-0.2633151,0.1412682,30.8104,163.0179,359.5287,0.4571671,0.02047562,-0.8891448,0.0,0.0,0.0,1.24327,-0.4745855,-2.827047,-0.0936231,-0.01786989,0.93471,-0.9575946,-0.007064995,-0.2880337,0.1417272,0.8588378,-0.4922509,0.250852,-0.5121988,-0.8214172,moving,-1.890531949863168,-5.540054528913683,-5.719824091417292,-1.0952536749992448,0.3586472,-0.5208878,-0.6334149999999998,-0.0328360871109721,-0.0964895293800857,0.9947921726417585,-1.1342369618310428,-4.909424840478934,5.8638849804281685,5.866833297131144,5.9645210203840975
3169,05/05/2023 12:22:14.948091,3367,True,True,True,True,Eyes,1.016989,0.0473119,-2.129843,0.2705114,-0.5916657,-0.7594441,0.0,0.0,0.0,0.0,0.0,0.0,0.0,0.2014732,-1.264648,-1.994337,0.880994,0.04378179,-2.199827,0.0437228,0.9526415,-0.266017,0.1407031,31.2747,163.355,0.5661703,0.4547995,0.02045172,-0.8903587,0.0,0.0,0.0,1.241173,-0.4728481,-2.827077,-0.09071997,-0.008336455,0.9314926,-0.9565821,0.008445485,-0.2913412,0.1581632,0.8546465,-0.494534,0.2448172,-0.5191417,-0.8188753,moving,-2.4454813634526618,-5.013373968223787,-5.562609941919653,-0.5127587014264594,0.360179,-0.51662989,-0.6272500000000001,-0.0425058037870605,-0.0873092947231984,0.995274034028123,-1.6824970622825302,-4.371638272528863,5.470405333549922,5.474671529363641,5.472314638523388
3170,05/05/2023 12:22:14.968184,3368,True,True,True,True,Eyes,1.011322,0.04684654,-2.133406,0.2732599,-0.5913938,-0.7586714,0.0,0.0,0.0,0.0,0.0,0.0,0.0,0.1864117,-1.299893,-1.978597,0.8771344,0.04190626,-2.206398,0.05265922,0.9505064,-0.2723345,0.139995,32.17152,163.7086,1.614926,0.4524145,0.02041138,-0.8915739,0.0,0.0,0.0,1.239091,-0.4711233,-2.827107,-0.08893463,-0.002950162,0.9283409,-0.955257,0.02385492,-0.2948141,0.1763568,0.8461218,-0.5029674,0.2374504,-0.5324555,-0.8124707,moving,-2.9579372336716365,-4.054587153951928,-5.472209527146292,-0.1820788704536719,0.3619565999999999,-0.51302956,-0.6207089999999997,-0.0514739997348507,-0.0706131093280199,0.9961747381592928,-2.1898890430740208,-3.3891623520349987,4.612115911427195,4.617129581406278,4.589009938755007
3171,05/05/2023 12:22:14.978681,3369,True,True,True,True,Eyes,1.0057,0.0463821,-2.137083,0.2761383,-0.591505,-0.7575418,0.0,0.0,0.0,0.0,0.0,0.0,0.0,0.1765266,-1.314174,-1.975999,0.8732118,0.04068756,-2.213286,0.05995583,0.9498816,-0.2737277,0.1385765,32.45486,164.1516,2.583649,0.4500141,0.02035471,-0.8927892,0.0,0.0,0.0,1.236935,-0.4693377,-2.827138,-0.08810405,-0.0001136363,0.9251539,-0.9544038,0.03803739,-0.2960857,0.1897664,0.8429568,-0.503401,0.2304394,-0.5366349,-0.8117394,moving,-3.547717273052583,-3.726181544902344,-5.4399732828374825,-0.0070376186672714,0.3637231999999999,-0.51002526,-0.6138520000000001,-0.0617494786705711,-0.0648642881244048,0.995981792257849,-2.7720148324837925,-3.0555314969984084,4.165926561595923,4.172848469644962,4.051088399311484
3172,05/05/2023 12:22:14.998115,3370,True,True,True,True,Eyes,1.000148,0.04590421,-2.140841,0.2788213,-0.5917105,-0.7563976,0.0,0.0,0.0,0.0,0.0,0.0,0.0,0.1667942,-1.332316,-1.969973,0.8692262,0.04027475,-2.219573,0.06648125,0.9489136,-0.2762017,0.1373169,32.84996,164.5443,3.43366,0.4475994,0.02028329,-0.8940039,0.0,0.0,0.0,1.234726,-0.4675079,-2.82717,-0.08754084,-0.001596898,0.921989,-0.9534487,0.05031561,-0.2973283,0.2020243,0.8385857,-0.5059249,0.2238793,-0.542441,-0.8097135,moving,-4.061756284634484,-3.286819819190709,-5.423849185139755,-0.0992370019831074,0.3654998,-0.50778265,-0.6075970000000002,-0.0707157239336437,-0.0571908322009702,0.9958556409090632,-3.279743397687337,-2.607261351331378,3.458940689405028,3.466407547615256,3.299602364635892
3173,05/05/2023 12:22:15.018170,3371,True,True,True,True,Eyes,0.9945924,0.04544403,-2.144663,0.2819203,-0.5920919,-0.7549491,0.0,0.0,0.0,0.0,0.0,0.0,0.0,0.155821,-1.339553,-1.970699,0.8653817,0.03948756,-2.225284,0.06949308,0.9484463,-0.2769497,0.1375474,32.98783,164.623,3.803002,0.4451723,0.02019793,-0.8952168,0.0,0.0,0.0,1.232704,-0.4658328,-2.827199,-0.0868552,-0.005298436,0.9189682,-0.9525028,0.05563348,-0.2994047,0.2080083,0.8369392,-0.5062266,0.2224204,-0.544461,-0.8087592,moving,-4.332702146401191,-3.146213672496254,-5.399204633725307,-0.3303429400321733,0.3673223,-0.50532036,-0.601915,-0.0754346459097602,-0.054727817324706,0.9956477777787952,-3.547148700122209,-2.464546568411724,3.003841175580076,3.011072157457593,2.8257629604379204
3174,05/05/2023 12:22:15.028111,3372,True,True,True,True,Eyes,0.9890783,0.04502815,-2.148578,0.2849571,-0.5925828,-0.7534223,0.0,0.0,0.0,0.0,0.0,0.0,0.0,0.1451479,-1.357619,-1.962828,0.860881,0.03942818,-2.230296,0.07000655,0.9471161,-0.2809483,0.1383408,33.47347,164.5144,3.77203,0.4427335,0.02010074,-0.8964276,0.0,0.0,0.0,1.230537,-0.4640375,-2.82723,-0.08580528,-0.01727059,0.9151645,-0.9519218,0.05487548,-0.301386,0.2103418,0.8323344,-0.5128117,0.2227131,-0.5515507,-0.8038599,moving,-4.404005374746716,-2.697527329282482,-5.356359276564173,-1.0811329246756065,0.369656,-0.50346568,-0.5969340000000001,-0.0767041440194491,-0.0469246909191381,0.9959491119057876,-3.618490240621712,-2.0035992409226857,1.873026322517373,1.8760887040732777,1.9675194765740025
3175,05/05/2023 12:22:15.048390,3373,True,True,True,True,Eyes,0.9836124,0.04465763,-2.152578,0.2886588,-0.5925584,-0.752031,0.0,0.0,0.0,0.0,0.0,0.0,0.0,0.1323925,-1.36824,-1.961396,0.8563523,0.04010091,-2.236455,0.07029541,0.9463401,-0.2828512,0.139622,33.7091,164.3436,3.726226,0.4402834,0.01999469,-0.8976359,0.0,0.0,0.0,1.228424,-0.4622869,-2.82726,-0.08579713,-0.03144544,0.9106209,-0.9511287,0.0540622,-0.3040261,0.2120312,0.8301075,-0.5157173,0.2244935,-0.5549765,-0.8010019,moving,-4.474838291707302,-2.4632136385169967,-5.382420283578686,-1.9777443794876688,0.3720717,-0.50238781,-0.590805,-0.0779496349259946,-0.0428471769796574,0.996036123355362,-3.6888630592704,-1.7631168874405652,1.029239107092567,1.0292645303476229,1.7071031112235768
3176,05/05/2023 12:22:15.068066,3374,True,True,True,True,Eyes,0.9781872,0.04431227,-2.156643,0.2924638,-0.5922163,-0.7508295,0.0,0.0,0.0,0.0,0.0,0.0,0.0,0.121702,-1.348311,-1.980757,0.8519368,0.04072269,-2.242475,0.06885654,0.9477693,-0.2775719,0.1412307,33.06551,164.1077,3.565438,0.4378237,0.0198825,-0.8988407,0.0,0.0,0.0,1.226274,-0.4605056,-2.827291,-0.0869423,-0.04125893,0.9056388,-0.9506254,0.0521169,-0.3059335,0.2089236,0.8364252,-0.5066988,0.2294829,-0.5455975,-0.8060154,moving,-4.54826811154562,-3.093589521855071,-5.483651577664915,-2.60846720564355,0.3743372,-0.50122829,-0.584816,-0.0791840785421178,-0.0537976406342886,0.9954073808918634,-3.75975818216948,-2.411929322403047,1.053693395824311,1.0537010441181964,1.7350606844088876
3177,05/05/2023 12:22:15.088104,3375,True,True,True,True,Eyes,0.9728324,0.04396471,-2.160754,0.2969526,-0.5914629,-0.7496605,0.0,0.0,0.0,0.0,0.0,0.0,0.0,0.1099766,-1.331353,-1.99725,0.8474295,0.04093143,-2.248064,0.06645131,0.9488294,-0.2734236,0.1433409,32.54182,163.7657,3.244852,0.4353555,0.0197658,-0.9000413,0.0,0.0,0.0,1.224167,-0.4587604,-2.827322,-0.08971158,-0.05251622,0.899503,-0.9500753,0.04771635,-0.3083507,0.2044875,0.8416475,-0.4998143,0.2356733,-0.5379151,-0.8093858,moving,-4.550969244939561,-3.588243652742298,-5.6955375103801344,-3.341340623517026,0.3767375,-0.49969183,-0.5792580000000003,-0.0791913323994988,-0.0623891838723119,0.9949052199038654,-3.7612551506622633,-2.920667583536854,1.169970341521335,1.1708960757019633,1.9794984348773543
3178,05/05/2023 12:22:15.105841,3376,True,True,True,True,Eyes,0.9675177,0.04363887,-2.164908,0.3015383,-0.5906661,-0.7484573,0.0,0.0,0.0,0.0,0.0,0.0,0.0,0.09777224,-1.313223,-2.014075,0.8430926,0.04048935,-2.253478,0.06209753,0.9497929,-0.2695708,0.1461817,32.02086,163.2601,2.646386,0.4328812,0.01964488,-0.9012367,0.0,0.0,0.0,1.222014,-0.4569773,-2.827353,-0.09343307,-0.06130776,0.8929047,-0.9495499,0.03914696,-0.311164,0.1967722,0.8469509,-0.4939179,0.2442053,-0.530228,-0.8119252,moving,-4.401806957773442,-4.098094180721862,-5.9736603058350095,-3.927822846970504,0.3789213999999999,-0.4974666499999999,-0.5738750000000001,-0.0765553899521437,-0.0712545467867007,0.9945160530684698,-3.6130230509331542,-3.443975324162413,1.578269744761108,1.5810487895412413,2.409712985929671
3179,05/05/2023 12:22:15.118279,3377,True,True,True,True,Eyes,0.9622793,0.04339366,-2.169102,0.3066779,-0.5899746,-0.7469128,0.0,0.0,0.0,0.0,0.0,0.0,0.0,0.08584815,-1.312866,-2.01884,0.8386781,0.04068583,-2.258687,0.05827147,0.9495764,-0.2698192,0.1486832,31.98897,162.7914,2.05619,0.4304024,0.01952106,-0.9024258,0.0,0.0,0.0,1.219894,-0.4552209,-2.827383,-0.09848385,-0.06542033,0.8863347,-0.9489956,0.03043127,-0.3138176,0.1909016,0.8476041,-0.4951,0.2509265,-0.5297559,-0.8101819,moving,-4.289030370482268,-4.124473867907943,-6.34033329149176,-4.22134454405598,0.3812159,-0.4959067299999999,-0.5686960000000001,-0.0745952018177961,-0.0717231113057287,0.9946313110735046,-3.50179590552846,-3.470318658595105,2.047581469811833,2.053588956349213,2.936210886864848
3180,05/05/2023 12:22:15.137960,3378,True,True,True,True,Eyes,0.9570972,0.04319556,-2.173321,0.3119883,-0.5891826,-0.745337,0.0,0.0,0.0,0.0,0.0,0.0,0.0,0.06941462,-1.324767,-2.016134,0.8347825,0.04241724,-2.264059,0.05616704,0.9485188,-0.2723118,0.1516696,32.25061,162.2996,1.62265,0.4279217,0.01939797,-0.9036074,0.0,0.0,0.0,1.217735,-0.4534324,-2.827414,-0.104573,-0.07060674,0.8789662,-0.9476832,0.02394815,-0.3183128,0.1891538,0.8453831,-0.4995481,0.257133,-0.5336233,-0.8056852,moving,-4.168370844306062,-3.836860584716045,-6.784743132750137,-4.592668312463614,0.3829525,-0.49584964,-0.563355,-0.0725255761334921,-0.0667395942107388,0.9951311202146884,-3.3835383390877114,-3.1736857854174847,2.710591381180933,2.7233525796453586,3.685336546435682
3181,05/05/2023 12:22:15.148392,3379,True,True,True,True,Eyes,0.951914,0.04305362,-2.177554,0.3178594,-0.5887489,-0.7431959,0.0,0.0,0.0,0.0,0.0,0.0,0.0,0.05263734,-1.322293,-2.022107,0.8308778,0.04333775,-2.2689,0.05201652,0.9482588,-0.2719229,0.1554269,32.1323,161.6583,0.9555328,0.4254403,0.01927748,-0.9047809,0.0,0.0,0.0,1.215541,-0.4516144,-2.827446,-0.1108592,-0.07761329,0.8706186,-0.9462737,0.01412197,-0.3230589,0.1831785,0.8467045,-0.4995369,0.2664809,-0.531876,-0.803801,moving,-3.966039656183874,-3.967024499982051,-7.256639657169491,-5.094296832446889,0.3846632,-0.49495215,-0.5585460000000002,-0.0690002582956998,-0.0690174472594743,0.9952263900868448,-3.183791797569908,-3.3061399013329,3.458673149507183,3.4783316802782416,4.448100144751229
3182,05/05/2023 12:22:15.168307,3380,True,True,True,True,Eyes,0.9467845,0.04300457,-2.181857,0.3237019,-0.5884141,-0.7409357,0.0,0.0,0.0,0.0,0.0,0.0,0.0,0.03370142,-1.349594,-2.007587,0.8263859,0.04463255,-2.273333,0.04985165,0.9459329,-0.278335,0.1589196,32.84834,161.0439,0.3987627,0.4229588,0.0191617,-0.905946,0.0,0.0,0.0,1.213398,-0.4498391,-2.827476,-0.1186021,-0.07033724,0.8639305,-0.9445189,0.005846884,-0.3284054,0.1827784,0.8400889,-0.5107275,0.2729036,-0.5424172,-0.7945486,moving,-3.782080183802965,-3.259684432415938,-7.816816986762447,-4.654492394854797,0.3870120999999999,-0.49447165,-0.5541429999999998,-0.0658555597452424,-0.0567380970573893,0.9962146446774696,-3.004127866438716,-2.577404056448854,4.2483136608344365,4.269026858809692,5.241781427570628
3183,05/05/2023 12:22:15.182938,3381,True,True,True,True,Eyes,0.9416643,0.04300945,-2.186213,0.3298424,-0.5877922,-0.738718,0.0,0.0,0.0,0.0,0.0,0.0,0.0,0.01165062,-1.359864,-2.006129,0.8225031,0.04683311,-2.279302,0.05014274,0.9449183,-0.2797571,0.1623299,33.02293,160.5841,0.2689468,0.4204777,0.01905399,-0.9071025,0.0,0.0,0.0,1.211286,-0.4480897,-2.827507,-0.1267405,-0.06627992,0.8558471,-0.9422693,0.003935694,-0.3348325,0.1855875,0.8384433,-0.5124159,0.2787215,-0.5449746,-0.7907698,moving,-3.776220873747537,-3.0495834631797565,-8.42358462827405,-4.428355144099095,0.3887829,-0.49492281,-0.5482050000000003,-0.065766919519966,-0.0530849665920894,0.9964219293860264,-2.9988473529927555,-2.361288089590594,4.82660593722006,4.847576839513934,5.805216681025849
3184,05/05/2023 12:22:15.198405,3382,True,True,True,True,Eyes,0.9365693,0.04299601,-2.190571,0.3359517,-0.5870916,-0.7365189,0.0,0.0,0.0,0.0,0.0,0.0,0.0,-0.01152998,-1.343217,-2.021637,0.8185417,0.048082,-2.284525,0.05085439,0.9456921,-0.2748989,0.1658643,32.46669,160.2029,0.339101,0.4179969,0.01895576,-0.9082505,0.0,0.0,0.0,1.209128,-0.4463025,-2.827538,-0.1351484,-0.05652565,0.8487732,-0.939806,0.004993377,-0.3416728,0.187377,0.8436888,-0.5030696,0.2857536,-0.5368093,-0.7938396,moving,-3.84979383673344,-3.5541673235515376,-9.047139585576858,-3.8100942319268087,0.3905862999999999,-0.4943845,-0.5430130000000002,-0.0670124809802922,-0.0618528027005899,0.9958331887277144,-3.0701799801908525,-2.8807326535554725,5.191290140337733,5.203643090705902,6.04878161845581
3185,05/05/2023 12:22:15.218175,3383,True,True,True,True,Eyes,0.9314377,0.04297047,-2.194949,0.3420668,-0.5866402,-0.7340597,0.0,0.0,0.0,0.0,0.0,0.0,0.0,-0.03895199,-1.336015,-2.029189,0.8140013,0.04759974,-2.288929,0.05302348,0.9455408,-0.272608,0.1697819,32.2442,159.7917,0.5218934,0.4155168,0.01886526,-0.9093896,0.0,0.0,0.0,1.206918,-0.4444712,-2.827569,-0.1435003,-0.04094645,0.8419645,-0.9367254,0.007703914,-0.3499807,0.1928395,0.8457468,-0.4975193,0.2921622,-0.533529,-0.7937181,moving,-3.909422940021079,-3.734155313462533,-9.672272495348096,-2.7842169783585438,0.3929166999999999,-0.49207094,-0.53864,-0.0680352963596207,-0.0649762737214702,0.9955648373586228,-3.128532861225054,-3.066254354678645,5.836584210730459,5.840617932876017,6.549814766910151
3186,05/05/2023 12:22:15.228238,3384,True,True,True,True,Eyes,0.926308,0.04292297,-2.199324,0.3481474,-0.5863153,-0.7314559,0.0,0.0,0.0,0.0,0.0,0.0,0.0,-0.07251942,-1.34188,-2.027382,0.8089958,0.04726913,-2.293353,0.05747503,0.9443237,-0.2731486,0.174182,32.40521,159.3625,0.909066,0.4130363,0.01878122,-0.9105207,0.0,0.0,0.0,1.204817,-0.4427311,-2.8276,-0.1529837,-0.03532737,0.8344967,-0.9327146,0.01339493,-0.3603667,0.2037052,0.8441729,-0.4958591,0.2975698,-0.5359036,-0.7901009,moving,-3.963071017192649,-3.524738360012212,-10.388368805551082,-2.424097464364404,0.3958212,-0.49000023,-0.5342469999999997,-0.0689833801681329,-0.061333037734272,0.995730650592079,-3.181907750264223,-2.8512568286983897,6.515739698878877,6.518885031219385,7.219109783339245
3187,05/05/2023 12:22:15.248569,3385,True,True,True,True,Eyes,0.9210933,0.04285575,-2.203693,0.3542309,-0.5862437,-0.7285869,0.0,0.0,0.0,0.0,0.0,0.0,0.0,-0.1101321,-1.344894,-2.026511,0.8038611,0.04668957,-2.297661,0.06194887,0.9430532,-0.2731853,0.1793956,32.51248,158.8318,1.279206,0.4105557,0.01870205,-0.9116434,0.0,0.0,0.0,1.202673,-0.4409547,-2.82763,-0.1613446,-0.02855641,0.8280427,-0.9279592,0.0188257,-0.3722062,0.2148587,0.8430642,-0.4930299,0.3045121,-0.5374833,-0.786374,moving,-3.9383434894348377,-3.3855965973002986,-11.025961224511928,-1.9751560988648915,0.3988119000000001,-0.48764427,-0.5299689999999999,-0.0685636404585526,-0.0589164571741092,0.9959055956451052,-3.1578614470394,-2.7079861875260214,7.224535348826085,7.226594464767345,7.902153760027093
3188,05/05/2023 12:22:15.268508,3386,True,True,True,True,Eyes,0.9158211,0.04277092,-2.20804,0.3603477,-0.5863718,-0.7254775,0.0,0.0,0.0,0.0,0.0,0.0,0.0,-0.1476192,-1.348528,-2.023429,0.7979482,0.0461239,-2.301246,0.0650101,0.941604,-0.2737943,0.1849119,32.66008,158.2015,1.441035,0.408072,0.01862647,-0.9127594,0.0,0.0,0.0,1.200554,-0.4391997,-2.827661,-0.1655294,-0.02597448,0.8223534,-0.9231628,0.02117192,-0.3838263,0.2236832,0.8416208,-0.4915693,0.3126287,-0.5396539,-0.7816888,moving,-3.825759718081056,-3.233301723308833,-11.380841935328265,-1.809116939879263,0.4026057999999999,-0.4853236,-0.5264150000000001,-0.0666167552264106,-0.056276523814796,0.996190301361746,-3.0472453772552868,-2.5505757651605734,7.686178302944939,7.6881447441315345,8.366516167576163
3189,05/05/2023 12:22:15.288588,3387,True,True,True,True,Eyes,0.9104829,0.042643,-2.212367,0.3663459,-0.5866542,-0.7222379,0.0,0.0,0.0,0.0,0.0,0.0,0.0,-0.1864483,-1.358162,-2.015456,0.7912177,0.04564824,-2.305064,0.0675448,0.9396319,-0.2759925,0.1906776,32.98512,157.4963,1.481264,0.4055839,0.01855341,-0.9138692,0.0,0.0,0.0,1.198455,-0.437461,-2.827691,-0.1674672,-0.01957405,0.8184326,-0.9181597,0.02168334,-0.3956171,0.2321856,0.8385317,-0.492904,0.3210497,-0.5444211,-0.7749407,moving,-3.637116665210258,-2.921994653988683,-11.56419819135987,-1.3700537978492189,0.4072373,-0.48310924,-0.5226270000000004,-0.0633548920668444,-0.0508739168817517,0.9966935613583378,-2.86203161312536,-2.2291012986308463,8.076189543024633,8.077570299488414,8.744464864355102
3190,05/05/2023 12:22:15.305840,3388,True,True,True,True,Eyes,0.9050408,0.04244566,-2.216639,0.3724125,-0.5869138,-0.7189167,0.0,0.0,0.0,0.0,0.0,0.0,0.0,-0.2225676,-1.352383,-2.017251,0.7840405,0.04444248,-2.308912,0.06877212,0.9387274,-0.2748823,0.1962173,32.8927,156.8154,1.449675,0.4030903,0.01848084,-0.9149733,0.0,0.0,0.0,1.196256,-0.4356388,-2.827723,-0.1692505,-0.01791799,0.8139369,-0.9135387,0.0212432,-0.4061977,0.2369899,0.8394203,-0.4890904,0.3305807,-0.5430676,-0.7718773,moving,-3.4824951379771165,-3.0318744385337397,-11.746719455714622,-1.2611044088814627,0.4122154999999999,-0.48008128,-0.5188110000000004,-0.0606588802478541,-0.0527941054592272,0.996761447389202,-2.7093607474615187,-2.3410272164290244,8.450268910542244,8.451806320059557,9.101652909878492
3191,05/05/2023 12:22:15.318340,3389,True,True,True,True,Eyes,0.8994943,0.04216302,-2.220844,0.3783934,-0.5872174,-0.7155377,0.0,0.0,0.0,0.0,0.0,0.0,0.0,-0.2567939,-1.348064,-2.016336,0.7760278,0.04258221,-2.311882,0.06961257,0.9376885,-0.2744754,0.2013897,32.87332,156.1597,1.3643,0.4005887,0.01840588,-0.9160728,0.0,0.0,0.0,1.194166,-0.4339076,-2.827752,-0.1710119,-0.02893379,0.8092353,-0.9091927,0.01999675,-0.4158955,0.2411028,0.8396346,-0.4867064,0.3394677,-0.5427834,-0.7682109,moving,-3.3405008969815264,-3.0754313979514736,-11.932487049396372,-2.0477087022569838,0.4181382,-0.47648981,-0.5158699999999996,-0.05818607796893,-0.0535597362671846,0.996867982798722,-2.5692929995101483,-2.384832502403388,8.649455070697819,8.653232920852993,9.369261191388034
3192,05/05/2023 12:22:15.338432,3390,True,True,True,True,Eyes,0.8938052,0.0418025,-2.224974,0.3843632,-0.587622,-0.7120149,0.0,0.0,0.0,0.0,0.0,0.0,0.0,-0.2881766,-1.347481,-2.012302,0.7676137,0.04024132,-2.314576,0.06990446,0.9364426,-0.2751729,0.2060791,32.96858,155.5318,1.195779,0.3980775,0.0183253,-0.9171685,0.0,0.0,0.0,1.191997,-0.4321107,-2.827784,-0.1711795,-0.03792259,0.8048792,-0.9052897,0.01750826,-0.4244341,0.2443378,0.8387864,-0.4865556,0.3474908,-0.544179,-0.7636227,moving,-3.217264549228462,-3.0164629486930497,-12.006616207440404,-2.697546024580228,0.4243833,-0.47235202,-0.5132079999999997,-0.0560448375131805,-0.0525401805022234,0.997044837427668,-2.447956673620528,-2.3233279187628293,8.786557302938215,8.795135620114031,9.565981981699904
3193,05/05/2023 12:22:15.348074,3391,True,True,True,True,Eyes,0.8879645,0.04137349,-2.229031,0.3901294,-0.588071,-0.7084994,0.0,0.0,0.0,0.0,0.0,0.0,0.0,-0.318273,-1.351371,-2.004342,0.7584358,0.03804416,-2.316941,0.0704625,0.9349328,-0.276968,0.2102961,33.19765,154.9583,1.045257,0.3955536,0.0182365,-0.9182615,0.0,0.0,0.0,1.189888,-0.4303643,-2.827814,-0.1690199,-0.04687563,0.8006666,-0.9016212,0.0152648,-0.4322572,0.248246,0.8366475,-0.4882569,0.3541938,-0.5475289,-0.7581287,moving,-3.126344536230039,-2.826030907575306,-11.920072955807044,-3.350599941659706,0.4314522,-0.4684084599999999,-0.5108730000000001,-0.0544717993170315,-0.0492303431536946,0.9973008803655266,-2.358784646067062,-2.126846986502873,8.793089646117286,8.809360486936411,9.639284487825096
3194,05/05/2023 12:22:15.368306,3392,True,True,True,True,Eyes,0.881961,0.04086494,-2.233004,0.3958052,-0.5885782,-0.7049213,0.0,0.0,0.0,0.0,0.0,0.0,0.0,-0.34601,-1.357188,-1.994831,0.7487519,0.03599319,-2.31929,0.07100184,0.9333952,-0.2792228,0.2139317,33.47888,154.452,0.8982861,0.3930142,0.01813755,-0.9193532,0.0,0.0,0.0,1.187692,-0.4285446,-2.827846,-0.1668797,-0.04930383,0.7972766,-0.8983839,0.01307636,-0.4390163,0.2520147,0.8339867,-0.4908713,0.3597149,-0.5516295,-0.7525357,moving,-3.0876924963561,-2.588208867144802,-11.822029038857329,-3.5386823027370027,0.4389400999999999,-0.46453779,-0.508556,-0.0538095334440183,-0.0450919837791917,0.99753262611574,-2.321245337564596,-1.8819930303568864,8.766278793367755,8.78589975981053,9.644143833641689
3195,05/05/2023 12:22:15.378494,3393,True,True,True,True,Eyes,0.875788,0.04027955,-2.236876,0.4012438,-0.5891204,-0.7013848,0.0,0.0,0.0,0.0,0.0,0.0,0.0,-0.3665229,-1.360255,-1.987616,0.7388052,0.03360799,-2.321268,0.07055645,0.9323502,-0.280962,0.2163454,33.67208,154.0805,0.6882762,0.3904561,0.01802627,-0.9204448,0.0,0.0,0.0,1.185483,-0.4267147,-2.827877,-0.1641172,-0.04860565,0.7947764,-0.8964332,0.009997001,-0.4430667,0.2531363,0.8321643,-0.4933808,0.363772,-0.554439,-0.7485103,moving,-3.1452384769585118,-2.446700422945494,-11.66729406439631,-3.4996439752348585,0.4466778,-0.46032269,-0.5066090000000001,-0.0548173345468048,-0.0426258137099735,0.9975861718389978,-2.3783024137666944,-1.736862147202315,8.567500537110462,8.58685749035627,9.454774754519988
3196,05/05/2023 12:22:15.398592,3394,True,True,True,True,Eyes,0.8694317,0.03962945,-2.240657,0.4065477,-0.5897011,-0.6978334,0.0,0.0,0.0,0.0,0.0,0.0,0.0,-0.3881579,-1.365454,-1.977839,0.7283151,0.03121152,-2.322835,0.07078636,0.9310814,-0.2832603,0.2187244,33.94814,153.7268,0.5459197,0.3878765,0.0179008,-0.9215372,0.0,0.0,0.0,1.183348,-0.4249462,-2.827908,-0.159554,-0.05268845,0.7923261,-0.8942979,0.007903866,-0.4474024,0.2557276,0.8295058,-0.4965113,0.3671986,-0.5584421,-0.7438465,moving,-3.213994476816652,-2.222126364992523,-11.38561758655774,-3.804478725516367,0.4550329000000001,-0.45615772,-0.5050729999999999,-0.0560233408357394,-0.038712801370098,0.9976785946204026,-2.446605045166222,-1.5063818857230076,8.29910483516481,8.323416560554325,9.22969091032972
3197,05/05/2023 12:22:15.418125,3395,True,True,True,True,Eyes,0.8628563,0.0389115,-2.244339,0.41182,-0.5899665,-0.6945098,0.0,0.0,0.0,0.0,0.0,0.0,0.0,-0.4071921,-1.366229,-1.971234,0.7176383,0.02914147,-2.324284,0.07094441,0.9302757,-0.2844442,0.2205575,34.09161,153.4626,0.4513133,0.3852723,0.01776,-0.9226318,0.0,0.0,0.0,1.181295,-0.4232454,-2.827937,-0.1558186,-0.04493749,0.7913014,-0.8926427,0.006523137,-0.450718,0.2574683,0.8281168,-0.4979284,0.3699991,-0.5605177,-0.7408921,moving,-3.3518728245292757,-2.1076579102686237,-11.139837056560603,-3.250298816086377,0.4636567,-0.45238687,-0.5036529999999999,-0.0584284357528918,-0.0367144448977533,0.9976162655297928,-2.582782807229547,-1.3896200619968582,7.854842553724426,7.871341379907704,8.757014494216326
3198,05/05/2023 12:22:15.428032,3396,True,True,True,True,Eyes,0.8560969,0.03814986,-2.247887,0.4169418,-0.5903913,-0.6910844,0.0,0.0,0.0,0.0,0.0,0.0,0.0,-0.4232687,-1.364643,-1.965965,0.7064688,0.02681808,-2.325211,0.06990665,0.929741,-0.2852442,0.2221049,34.15681,153.1988,0.2272363,0.3826396,0.01760272,-0.9237298,0.0,0.0,0.0,1.179149,-0.4214675,-2.827968,-0.1541878,-0.04530925,0.7884854,-0.8915651,0.003281873,-0.452881,0.2566985,0.8274975,-0.4993533,0.3731191,-0.5614597,-0.7386104,moving,-3.481694268655872,-2.0912548573442926,-11.064527775980208,-3.288807911790539,0.4726802,-0.44828558,-0.5027569999999999,-0.0606893386285992,-0.036423915175539,0.9974919058350292,-2.7107877267316285,-1.3736559059449052,7.659907610596997,7.676815571447202,8.570459731888027
3199,05/05/2023 12:22:15.448363,3397,True,True,True,True,Eyes,0.8491418,0.03732138,-2.251294,0.4221938,-0.5905061,-0.68779,0.0,0.0,0.0,0.0,0.0,0.0,0.0,-0.4373067,-1.374975,-1.952221,0.6951742,0.02495719,-2.32574,0.06888582,0.9284354,-0.2888387,0.2232372,34.54768,152.9377,359.9272,0.379976,0.01742891,-0.9248319,0.0,0.0,0.0,1.177025,-0.4197087,-2.827999,-0.153551,-0.05409336,0.7849829,-0.8908401,-0.001047069,-0.4543164,0.2568712,0.8236538,-0.5055805,0.3747289,-0.5670921,-0.7334749,moving,-3.614510715512819,-1.7334805950613843,-11.067910054305138,-3.942034054350171,0.4818508,-0.44466589,-0.502259,-0.0630145451233583,-0.0301902113393436,0.99755594391384,-2.84254923074498,-1.0066346713814225,7.745249028242836,7.773729483719268,8.73344893013588
3200,05/05/2023 12:22:15.468092,3398,True,True,True,True,Eyes,0.841983,0.03647674,-2.254539,0.4273059,-0.5909202,-0.6842682,0.0,0.0,0.0,0.0,0.0,0.0,0.0,-0.4546866,-1.378919,-1.94123,0.6836627,0.02254457,-2.325645,0.06777809,0.9273353,-0.2911485,0.2251398,34.78535,152.5895,359.6238,0.3772794,0.01723758,-0.9259388,0.0,0.0,0.0,1.17489,-0.4179395,-2.828029,-0.1529653,-0.05592206,0.78171,-0.8894364,-0.005392196,-0.457027,0.2568042,0.8212774,-0.5094656,0.3780931,-0.5705037,-0.7290893,moving,-3.679155384504321,-1.548322534424101,-11.071758381349117,-4.091861264829762,0.4912273,-0.44048407,-0.5023839999999997,-0.0641459223540333,-0.0269643900422176,0.9975761659086948,-2.906706406213936,-0.8166625150478601,7.785771077635735,7.817938880678992,8.79744284478347
3201,05/05/2023 12:22:15.488094,3399,True,True,True,True,Eyes,0.8346697,0.03567381,-2.257651,0.4326872,-0.5910335,-0.6807798,0.0,0.0,0.0,0.0,0.0,0.0,0.0,-0.4780448,-1.393814,-1.919907,0.6715883,0.02138281,-2.325038,0.06871807,0.9251277,-0.2959695,0.2276373,35.37355,152.1825,359.4659,0.3745481,0.01702999,-0.9270509,0.0,0.0,0.0,1.172731,-0.416151,-2.82806,-0.1527778,-0.05197278,0.7790574,-0.8869182,-0.007601454,-0.461864,0.2618934,0.8153597,-0.5163336,0.3805102,-0.5789048,-0.7211666,moving,-3.718081974729728,-0.9805869727940628,-11.0952419299071,-3.8166829079389055,0.5011426999999999,-0.4375338099999999,-0.5030219999999996,-0.064837778623031,-0.0170776251372988,0.9977496501813624,-2.9464144959755103,-0.2330550730541545,7.872466874918897,7.903539027398908,8.902009717302988
3202,05/05/2023 12:22:15.505556,3400,True,True,True,True,Eyes,0.8271482,0.0349435,-2.260648,0.4381495,-0.5910891,-0.6772286,0.0,0.0,0.0,0.0,0.0,0.0,0.0,-0.5118942,-1.399313,-1.903363,0.659851,0.02153417,-2.325303,0.0708094,0.9231353,-0.2982972,0.2320047,35.70369,151.6104,359.4582,0.3717808,0.01680957,-0.9281681,0.0,0.0,0.0,1.170602,-0.4143878,-2.828091,-0.1515716,-0.04840237,0.7766151,-0.88232,-0.007679405,-0.470588,0.2691461,0.8120096,-0.5178812,0.386099,-0.5835937,-0.7143854,moving,-3.632535046630825,-0.6499090098394945,-11.043565950069253,-3.566334312125914,0.510751,-0.43592197,-0.5027880000000002,-0.0633531693931113,-0.0113200223953438,0.997926910233328,-2.862869235575394,0.1076221488986162,7.935553484577648,7.964227244091909,8.967817728524285
3203,05/05/2023 12:22:15.518266,3401,True,True,True,True,Eyes,0.8193813,0.03426129,-2.263541,0.4448957,-0.5892451,-0.6744315,0.0,0.0,0.0,0.0,0.0,0.0,0.0,-0.5514786,-1.388486,-1.896177,0.647246,0.02253003,-2.325527,0.07279477,0.9220995,-0.2966991,0.2374938,35.57364,150.9629,359.5294,0.3689755,0.01658075,-0.929291,0.0,0.0,0.0,1.168467,-0.4126188,-2.828122,-0.149533,-0.04421285,0.7752497,-0.8765953,-0.006680351,-0.481182,0.2751764,0.8133411,-0.5125954,0.3947895,-0.5817487,-0.7111326,moving,-3.52801701810366,-0.6384664869130561,-10.917347293930076,-3.264069180516428,0.5212209999999999,-0.43514883,-0.5025949999999999,-0.0615327977060504,-0.0111219952317801,0.9980430030681448,-2.7598717537684845,0.1201188929657597,7.818279887801337,7.841937989419591,8.831598728714622
3204,05/05/2023 12:22:15.538235,3402,True,True,True,True,Eyes,0.811382,0.03364775,-2.266295,0.4515182,-0.587647,-0.6714182,0.0,0.0,0.0,0.0,0.0,0.0,0.0,-0.5899029,-1.37845,-1.886991,0.6338436,0.02231212,-2.325207,0.0725578,0.9208866,-0.295727,0.2434111,35.44947,150.1558,359.2733,0.3661274,0.01634644,-0.9304209,0.0,0.0,0.0,1.16628,-0.410807,-2.828153,-0.1473213,-0.03783545,0.7742805,-0.870973,-0.01033146,-0.4912226,0.2776015,0.8145618,-0.5093393,0.4053934,-0.5799848,-0.7065933,moving,-3.2892532119738203,-0.6515723759340509,-10.772822168811516,-2.79755027087814,0.5324364,-0.4331191199999999,-0.5029460000000001,-0.0573730745999878,-0.0113531070278708,0.998288294083046,-2.524489050531214,0.1083053650420664,7.7684666650667475,7.785179860307244,8.745227052908856
3205,05/05/2023 12:22:15.547998,3403,True,True,True,True,Eyes,0.803194,0.03316018,-2.268969,0.4579672,-0.5859744,-0.6685058,0.0,0.0,0.0,0.0,0.0,0.0,0.0,-0.6119863,-1.390632,-1.865727,0.620226,0.02342122,-2.32467,0.07130124,0.9189677,-0.2996936,0.2461675,35.86811,149.6304,358.8331,0.3632342,0.01611018,-0.9315583,0.0,0.0,0.0,1.164094,-0.4089963,-2.828184,-0.1458989,-0.03658581,0.7727007,-0.8686355,-0.01650257,-0.4951769,0.2785967,0.8101998,-0.5157133,0.4097029,-0.5859215,-0.6991707,moving,-3.273826784641925,-0.1383593639366797,-10.692524480711938,-2.710814362943444,0.5438679999999999,-0.43241752,-0.503514,-0.0571078025032091,-0.0024108831043005,0.998365085978447,-2.5104923659331826,0.6362189616713864,7.83417328494177,7.85204433428578,8.84015167309663
3206,05/05/2023 12:22:15.568269,3404,True,True,True,True,Eyes,0.7948382,0.03279701,-2.271534,0.4643406,-0.5839844,-0.6658453,0.0,0.0,0.0,0.0,0.0,0.0,0.0,-0.6290233,-1.390471,-1.856928,0.6075185,0.02593657,-2.325405,0.07004444,0.9185036,-0.3000326,0.2478418,35.86531,149.34,358.5824,0.3602934,0.01587741,-0.9327037,0.0,0.0,0.0,1.161931,-0.4072045,-2.828216,-0.1451139,-0.03331143,0.7717914,-0.8673368,-0.02004903,-0.4973183,0.2773934,0.8101485,-0.5164422,0.4132558,-0.5858819,-0.6971102,moving,-3.4337359978850337,-0.025173271111901,-10.648555033323127,-2.471419738045443,0.5544125000000001,-0.43314107,-0.5028109999999999,-0.0598941234211287,-0.0004385676750955,0.9982046069928848,-2.668383146202477,0.7515083275802347,7.602646984326639,7.6182501593938685,8.606416714532735
3207,05/05/2023 12:22:15.588044,3405,True,True,True,True,Eyes,0.7864018,0.03256651,-2.27396,0.4707183,-0.5816237,-0.6634291,0.0,0.0,0.0,0.0,0.0,0.0,0.0,-0.6420417,-1.370349,-1.863343,0.5950903,0.02850448,-2.325334,0.06756515,0.9198375,-0.2954278,0.2491113,35.25058,149.1828,358.3937,0.3573049,0.01565304,-0.9338564,0.0,0.0,0.0,1.159839,-0.4054718,-2.828246,-0.1448624,-0.02809355,0.7710926,-0.8667571,-0.02289085,-0.498205,0.2714867,0.8163148,-0.5098286,0.4183626,-0.5771536,-0.7013322,moving,-3.6788113610635658,-0.5029031358989545,-10.639934785614937,-2.0865589983112183,0.5647487000000001,-0.43397628,-0.5029120000000002,-0.0641608022926462,-0.0087591181276987,0.9979011405856693,-2.908830645211511,0.2584853681595271,7.129456266693528,7.138991891183975,8.078935840225443
3208,05/05/2023 12:22:15.605629,3406,True,True,True,True,Eyes,0.7778312,0.03248066,-2.276302,0.4770728,-0.5790736,-0.6611168,0.0,0.0,0.0,0.0,0.0,0.0,0.0,-0.6600283,-1.358198,-1.8623,0.582839,0.03128788,-2.325471,0.06639344,0.9202272,-0.2928011,0.2510805,34.90569,148.9314,358.2643,0.3542715,0.01544182,-0.9350148,0.0,0.0,0.0,1.157693,-0.4036934,-2.828276,-0.1456927,-0.02080148,0.7709368,-0.8651012,-0.02483916,-0.5009823,0.2692274,0.8197189,-0.5055469,0.4232221,-0.5722272,-0.7024524,moving,-3.849128927819312,-0.6897518472581247,-10.701627412205022,-1.5455844185616825,0.5748540000000001,-0.4349812799999999,-0.502805,-0.0671246137886127,-0.0120109998222213,0.9976723590768866,-3.0762740623972133,0.0651359765625134,6.9013216038787855,6.9057356500674505,7.793614944343493
3209,05/05/2023 12:22:15.618159,3407,True,True,True,True,Eyes,0.7692472,0.03251868,-2.278488,0.4837618,-0.5760965,-0.6588529,0.0,0.0,0.0,0.0,0.0,0.0,0.0,-0.6803343,-1.343317,-1.862556,0.5709984,0.0346308,-2.325774,0.0648417,0.920693,-0.2893724,0.2537396,34.45453,148.5923,358.0921,0.3511935,0.0152485,-0.9361784,0.0,0.0,0.0,1.155485,-0.4018649,-2.828308,-0.1476609,-0.01280275,0.7708976,-0.8628239,-0.02745191,-0.5047593,0.2662491,0.8241183,-0.4999405,0.4297057,-0.5657521,-0.70376,moving,-3.958480646158514,-0.9524772076414568,-10.843331696640934,-0.9514572522791324,0.5844866000000001,-0.4364957,-0.5025339999999998,-0.0690240712378689,-0.0165834498184489,0.9974770508998028,-3.1834440559310666,-0.2058224404865636,6.883936727226248,6.884851126032997,7.696093160874335
3210,05/05/2023 12:22:15.628267,3408,True,True,True,True,Eyes,0.7605602,0.03266108,-2.280581,0.4903926,-0.573162,-0.6565062,0.0,0.0,0.0,0.0,0.0,0.0,0.0,-0.7001671,-1.331357,-1.86045,0.5594843,0.03740717,-2.325854,0.06219032,0.9208691,-0.2867226,0.256754,34.05602,148.1485,357.7383,0.3480756,0.01507647,-0.937345,0.0,0.0,0.0,1.153432,-0.4001645,-2.828338,-0.1513562,-0.005834162,0.7708772,-0.8604195,-0.03269606,-0.5085363,0.2617726,0.827845,-0.4961328,0.4372109,-0.5600032,-0.7037351,moving,-3.97724932307736,-1.1719504567462269,-11.108309555455532,-0.4336183216645017,0.5939477,-0.4375716699999999,-0.5024839999999999,-0.0693459209974264,-0.0204037306195454,0.9973839792351912,-3.201427374571405,-0.4316672078734127,7.168991422438429,7.169180872282396,7.906882421613967
3211,05/05/2023 12:22:15.648353,3409,True,True,True,True,Eyes,0.751802,0.0329145,-2.282603,0.4974526,-0.5698755,-0.6540512,0.0,0.0,0.0,0.0,0.0,0.0,0.0,-0.720292,-1.331068,-1.849514,0.5482782,0.04004782,-2.325737,0.06037577,0.9200767,-0.2869823,0.2597208,34.01798,147.6699,357.3744,0.3449189,0.01492802,-0.9385135,0.0,0.0,0.0,1.151208,-0.3983219,-2.82837,-0.15541,0.002848834,0.7711958,-0.8577997,-0.03796986,-0.5125796,0.2601712,0.8279918,-0.4967297,0.4432725,-0.559453,-0.7003726,moving,-4.004455931012616,-1.0076379224526604,-11.393549573806744,0.2116523745055463,0.6029298,-0.43836972,-0.5026329999999999,-0.0698233133831502,-0.0175427740717502,0.997405184944672,-3.228632367884781,-0.2628722374482672,7.487627160845263,7.4890168707405795,8.178694675002266
3212,05/05/2023 12:22:15.668052,3410,True,True,True,True,Eyes,0.7429911,0.0332424,-2.284547,0.5045624,-0.566387,-0.6516308,0.0,0.0,0.0,0.0,0.0,0.0,0.0,-0.7450144,-1.323017,-1.842899,0.5377204,0.04291481,-2.326094,0.05941162,0.9195892,-0.2853168,0.2634777,33.78347,147.1637,357.1669,0.3417246,0.01480545,-0.9396833,0.0,0.0,0.0,1.149177,-0.3966393,-2.828399,-0.1607738,0.009524614,0.7718214,-0.8540997,-0.04108066,-0.5184847,0.2596178,0.8301291,-0.4934412,0.4506801,-0.5560558,-0.6983477,moving,-4.004180808960911,-1.013200171721136,-11.766700576182744,0.7070191164696179,0.6114565999999999,-0.43955411,-0.5023050000000002,-0.0698184051524693,-0.017639607739601,0.997403821584898,-3.228348070926065,-0.2685907285003805,7.946801026356648,7.9508406810835535,8.593909359169748
3213,05/05/2023 12:22:15.688057,3411,True,True,True,True,Eyes,0.7341363,0.03360288,-2.286407,0.5120673,-0.5625867,-0.6490633,0.0,0.0,0.0,0.0,0.0,0.0,0.0,-0.7721439,-1.303213,-1.843061,0.5275778,0.04496825,-2.326174,0.05825922,0.9197258,-0.2809839,0.2678773,33.23464,146.6355,357.0276,0.3384947,0.0147093,-0.940853,0.0,0.0,0.0,1.146966,-0.3948073,-2.82843,-0.1662167,0.01546532,0.7727668,-0.8496951,-0.04337346,-0.5254872,0.2577035,0.8353078,-0.4856437,0.4600076,-0.5480691,-0.6985794,moving,-3.993506757748701,-1.3072254795228273,-12.138971075935904,1.146502792570138,0.6193881999999999,-0.43977555,-0.502256,-0.0696253793023445,-0.0227580446079807,0.9973135214744138,-3.2171337353972964,-0.5709020936143026,8.498163389004679,8.50701894861703,9.085629371381994
3214,05/05/2023 12:22:15.705993,3412,True,True,True,True,Eyes,0.7252483,0.03401135,-2.288207,0.5195976,-0.5588006,-0.6463438,0.0,0.0,0.0,0.0,0.0,0.0,0.0,-0.8036923,-1.286374,-1.83841,0.5176153,0.04607193,-2.326022,0.05805424,0.919193,-0.2777533,0.2730703,32.84194,146.0048,356.932,0.3352316,0.01463833,-0.9420217,0.0,0.0,0.0,1.144906,-0.3931007,-2.82846,-0.171807,0.02535352,0.7743373,-0.8441249,-0.04496623,-0.534258,0.2584184,0.8389657,-0.4789119,0.469759,-0.5423234,-0.6965716,moving,-3.909746263081253,-1.4358418849488508,-12.50991243828074,1.875320896637536,0.6272907,-0.43917263,-0.5024380000000002,-0.0681636931288045,-0.0249992664815076,0.997360933613799,-3.134267133819308,-0.7025915508078671,9.197352031490244,9.21556602749979,9.723597968949749
3215,05/05/2023 12:22:15.718439,3413,True,True,True,True,Eyes,0.716329,0.03444643,-2.289968,0.52738,-0.5548332,-0.643452,0.0,0.0,0.0,0.0,0.0,0.0,0.0,-0.8400325,-1.272054,-1.82991,0.5078667,0.0476046,-2.326403,0.0595493,0.918121,-0.2752374,0.2788409,32.5892,145.3339,356.9965,0.331937,0.01459206,-0.9431884,0.0,0.0,0.0,1.142767,-0.3913292,-2.828491,-0.1762984,0.03417715,0.7763199,-0.8374035,-0.04414793,-0.5447997,0.2628418,0.8413965,-0.4721929,0.479239,-0.5386121,-0.6929845,moving,-3.818861082453729,-1.4003361749902157,-12.794585086920865,2.520794343050423,0.6349003000000001,-0.4389338,-0.5020880000000001,-0.0665825589062657,-0.0243838140204667,0.9974829386959704,-3.0447643843236483,-0.6654424613414054,9.766843621744078,9.794839761010753,10.257246643542034
3216,05/05/2023 12:22:15.738591,3414,True,True,True,True,Eyes,0.7073981,0.03490808,-2.29168,0.5351594,-0.5508645,-0.6404317,0.0,0.0,0.0,0.0,0.0,0.0,0.0,-0.8770663,-1.249672,-1.826235,0.4983385,0.04865666,-2.327091,0.06044166,0.917501,-0.2708248,0.2849432,32.10071,144.6485,357.0613,0.3286128,0.01456915,-0.9443521,0.0,0.0,0.0,1.140587,-0.3895229,-2.828522,-0.1802981,0.0477576,0.7794303,-0.8303083,-0.04342883,-0.5556096,0.26525,0.8460014,-0.4625193,0.4901332,-0.531409,-0.6909225,moving,-3.704980915496165,-1.6003388841023336,-13.024594107290984,3.506268992938792,0.6422485,-0.43817956,-0.5014310000000002,-0.0645939620863966,-0.027869228587004,0.9975224154340828,-2.9320403176336187,-0.8703380235870568,10.578786563799856,10.626976712806634,11.000651388632882
3217,05/05/2023 12:22:15.748081,3415,True,True,True,True,Eyes,0.6984474,0.03540444,-2.293375,0.5429271,-0.5470188,-0.6371816,0.0,0.0,0.0,0.0,0.0,0.0,0.0,-0.9080094,-1.237971,-1.817327,0.4890609,0.04972865,-2.327677,0.06046923,0.9164656,-0.2688337,0.2901084,31.85955,143.9997,356.9531,0.3252615,0.0145684,-0.9455117,0.0,0.0,0.0,1.138411,-0.3877208,-2.828553,-0.1822765,0.05710778,0.7831253,-0.8243611,-0.04514584,-0.5642609,0.2668177,0.8481439,-0.4576683,0.4992363,-0.5278388,-0.6871312,moving,-3.632670752753974,-1.5772932139655345,-13.102605006157487,4.170792657264543,0.6493501,-0.4374494499999999,-0.5008759999999999,-0.0633356793171815,-0.0274702165962002,0.9976140404845948,-2.860817785257768,-0.8461328033065316,11.01531890611547,11.077912526591822,11.404549379748026
3218,05/05/2023 12:22:15.768337,3416,True,True,True,True,Eyes,0.6895013,0.03591977,-2.295047,0.5506507,-0.5431166,-0.6338835,0.0,0.0,0.0,0.0,0.0,0.0,0.0,-0.9387511,-1.230765,-1.805555,0.4797996,0.05108976,-2.328786,0.0612588,0.9151201,-0.2679168,0.2949972,31.76891,143.3838,356.9017,0.321884,0.01458903,-0.9466664,0.0,0.0,0.0,1.136306,-0.3859768,-2.828584,-0.1839167,0.06018686,0.788464,-0.8184482,-0.0459511,-0.5727403,0.2701877,0.8489359,-0.4542097,0.5070912,-0.5264944,-0.6823948,moving,-3.594246307479951,-1.3995406469087317,-13.130009060151863,4.365168755886544,0.6565064,-0.43706656,-0.4997980000000002,-0.0626716724945345,-0.024376151809377,0.99773653379437,-2.823361275870565,-0.663057959299096,11.07715327328178,11.14282934330062,11.46778324038858
3219,05/05/2023 12:22:15.788098,3417,True,True,True,True,Eyes,0.680543,0.0364111,-2.29668,0.5581865,-0.539286,-0.6305541,0.0,0.0,0.0,0.0,0.0,0.0,0.0,-0.9663779,-1.215742,-1.800336,0.4709032,0.05202239,-2.329949,0.06135007,0.9145218,-0.2650287,0.2994097,31.43201,142.8645,356.8765,0.3184831,0.01462973,-0.9478154,0.0,0.0,0.0,1.134094,-0.3841445,-2.828615,-0.1842193,0.06419218,0.7942422,-0.8131804,-0.04649236,-0.5801524,0.2709163,0.851992,-0.4480113,0.5151143,-0.5214865,-0.6802276,moving,-3.6141486253229793,-1.4784814220399058,-13.05847809813523,4.620711296214614,0.6631908,-0.43616689,-0.498666,-0.0630160688684732,-0.0257502253723152,0.997680275720984,-2.842793175437392,-0.7443821730540767,11.1704789209766,11.242575817197723,11.538823439754395
3220,05/05/2023 12:22:15.798750,3418,True,True,True,True,Eyes,0.6715894,0.03690483,-2.298301,0.5655504,-0.5356414,-0.6270893,0.0,0.0,0.0,0.0,0.0,0.0,0.0,-0.9892368,-1.206919,-1.792335,0.4615999,0.05194435,-2.330651,0.0612723,0.9137518,-0.2638113,0.3028318,31.28037,142.43,356.7934,0.3150601,0.0146875,-0.9489578,0.0,0.0,0.0,1.131924,-0.382347,-2.828647,-0.1882254,0.07371134,0.799758,-0.8090774,-0.04780552,-0.5857549,0.2717562,0.8532987,-0.4450056,0.5210977,-0.5192264,-0.6773932,moving,-3.707669994507101,-1.3960312063104745,-13.2437135762605,5.265906039890357,0.6703241,-0.4342913499999999,-0.4979960000000001,-0.0646467799142729,-0.0243119675438257,0.9976119869916728,-2.935172384122045,-0.6602396903945424,11.543300965820585,11.632606546488972,11.890551910091864
3221,05/05/2023 12:22:15.818095,3419,True,True,True,True,Eyes,0.6626586,0.03739636,-2.299939,0.5727666,-0.5319586,-0.6236653,0.0,0.0,0.0,0.0,0.0,0.0,0.0,-1.015923,-1.201528,-1.780525,0.4527279,0.05250301,-2.332021,0.06358124,0.9124349,-0.2636371,0.3064562,31.33715,142.0112,356.9424,0.3116169,0.01476074,-0.950093,0.0,0.0,0.0,1.129829,-0.3806113,-2.828677,-0.194582,0.07543206,0.8048728,-0.8040839,-0.04555892,-0.5927674,0.2776139,0.8529059,-0.4421336,0.5257179,-0.520073,-0.6731601,moving,-3.8210505392874174,-1.088763950357459,-13.590771366830868,5.35407747281562,0.6771011,-0.43311431,-0.4966559999999997,-0.066628509268616,-0.0189591476442041,0.9975976789702636,-3.047656718309905,-0.3450260723754841,11.61071055620719,11.702890696417324,11.984867446520513
3222,05/05/2023 12:22:15.838179,3420,True,True,True,True,Eyes,0.6537494,0.0378824,-2.301575,0.5799167,-0.5283228,-0.6201385,0.0,0.0,0.0,0.0,0.0,0.0,0.0,-1.041154,-1.181744,-1.779627,0.4444318,0.05292714,-2.333939,0.06406066,0.9122732,-0.2596325,0.3102336,30.89451,141.6208,357.0467,0.3081555,0.01484779,-0.9512199,0.0,0.0,0.0,1.127671,-0.3788233,-2.828708,-0.2015102,0.06871527,0.8109348,-0.7993027,-0.04421181,-0.5993,0.2779751,0.8569745,-0.433964,0.5327711,-0.513459,-0.6726921,moving,-3.930084049739712,-1.2887954660537593,-13.954854481592776,4.843437900936486,0.6832392,-0.4317504399999999,-0.4947689999999998,-0.0685218780204116,-0.022438964331469,0.9973972950801836,-3.154660778192018,-0.5515057511234094,11.66867239479136,11.751608752787169,12.072679944398375
3223,05/05/2023 12:22:15.848123,3421,True,True,True,True,Eyes,0.6448656,0.03836073,-2.303231,0.5869288,-0.5248281,-0.6164982,0.0,0.0,0.0,0.0,0.0,0.0,0.0,-1.06692,-1.173651,-1.769762,0.4359941,0.05326682,-2.335573,0.06418341,0.9111576,-0.2585274,0.314382,30.76209,141.0907,356.9587,0.304678,0.01494702,-0.9523378,0.0,0.0,0.0,1.125593,-0.3771022,-2.828737,-0.2072656,0.06578374,0.8169178,-0.7940891,-0.04559033,-0.6060895,0.2795151,0.8580882,-0.4307621,0.5397168,-0.5114745,-0.6686553,moving,-3.928313943625894,-1.190579952451276,-14.236486387690087,4.603908943176811,0.6895989,-0.43036902,-0.4931639999999997,-0.0684935882291853,-0.0207292485578252,0.9974361674052172,-3.1531473947843534,-0.4504851745238982,11.748086221279436,11.825164721817687,12.181432720690626
3224,05/05/2023 12:22:15.868363,3422,True,True,True,True,Eyes,0.6360173,0.03881432,-2.304911,0.5939346,-0.5212934,-0.6127765,0.0,0.0,0.0,0.0,0.0,0.0,0.0,-1.093951,-1.167277,-1.758203,0.427688,0.05357043,-2.337681,0.06443733,0.9097964,-0.2578634,0.3187867,30.68314,140.5172,356.8567,0.3011858,0.01505688,-0.9534463,0.0,0.0,0.0,1.123413,-0.3752964,-2.828769,-0.2114921,0.06071883,0.8232804,-0.7884459,-0.04715712,-0.6132939,0.2816565,0.8587086,-0.4281228,0.5468298,-0.5102898,-0.6637631,moving,-3.89345997508082,-1.0343396661703024,-14.407156954427418,4.218059157388924,0.6957249999999999,-0.42886683,-0.4910879999999999,-0.0678904017577359,-0.0180100046009039,0.9975302952775014,-3.119159649376452,-0.2895592032131959,11.686639340980834,11.752681293017696,12.15473185404249
3225,05/05/2023 12:22:15.887897,3423,True,True,True,True,Eyes,0.6271926,0.03924787,-2.306617,0.6007823,-0.5180366,-0.6088504,0.0,0.0,0.0,0.0,0.0,0.0,0.0,-1.121215,-1.154882,-1.750314,0.4196303,0.05339965,-2.339985,0.06404595,0.9087914,-0.2557151,0.3234289,30.41184,139.9342,356.7427,0.2976814,0.01517523,-0.9545444,0.0,0.0,0.0,1.121224,-0.3734829,-2.8288,-0.2141309,0.05642265,0.8296391,-0.782584,-0.04900246,-0.6206139,0.2818201,0.8610159,-0.4233547,0.5551038,-0.5062119,-0.6600074,moving,-3.837589401500487,-1.089151592113616,-14.4722680909866,3.8906187500161393,0.7015937,-0.42688255,-0.4888150000000002,-0.0669164680221243,-0.018965532276049,0.997578365546256,-3.063958323321822,-0.3455400704962759,11.68461212898198,11.74284903628439,12.169411378846585
3226,05/05/2023 12:22:15.898378,3424,True,True,True,True,Eyes,0.6184044,0.03968609,-2.308376,0.6075557,-0.5149509,-0.6047328,0.0,0.0,0.0,0.0,0.0,0.0,0.0,-1.149866,-1.152962,-1.734068,0.4113378,0.05339422,-2.342319,0.06451836,0.9068689,-0.2563085,0.3282258,30.47947,139.2775,356.5918,0.2941655,0.01530035,-0.9556317,0.0,0.0,0.0,1.11918,-0.37179,-2.82883,-0.2162073,0.05743483,0.8358213,-0.7762102,-0.05123474,-0.6283886,0.2852735,0.8602866,-0.4225232,0.5622423,-0.5072296,-0.6531475,moving,-3.738736687372552,-0.813766513037183,-14.503162122833372,3.9309937785635314,0.7078422000000001,-0.42518422,-0.4865110000000001,-0.0652004220159183,-0.0141722082419148,0.99777160256826,-2.967167131430852,-0.0616351755916555,11.707171485002174,11.763741121783784,12.2073857318929
3227,05/05/2023 12:22:15.921669,3425,True,True,True,True,Eyes,0.6096405,0.04010425,-2.310179,0.6140726,-0.5120303,-0.6006162,0.0,0.0,0.0,0.0,0.0,0.0,0.0,-1.177191,-1.153641,-1.717488,0.4033819,0.05395904,-2.345379,0.06502597,0.9049119,-0.2573141,0.3327094,30.59476,138.6504,356.4342,0.2906397,0.01543172,-0.9567078,0.0,0.0,0.0,1.117063,-0.3700362,-2.82886,-0.2171759,0.05569047,0.8418276,-0.7701522,-0.05353609,-0.6356096,0.2889072,0.8591222,-0.4224236,0.5686813,-0.5089626,-0.6461878,moving,-3.6557896684227056,-0.503634889054649,-14.465831527675803,3.78484420114048,0.7136810999999998,-0.42399524,-0.4834810000000002,-0.0637598285124708,-0.0087720886677878,0.9979267210671106,-2.886136213114717,0.2578933499029161,11.57957805162706,11.629619852163913,12.10490503412205
3228,05/05/2023 12:22:15.938175,3426,True,True,True,True,Eyes,0.6008937,0.04051042,-2.312039,0.6204538,-0.5092689,-0.596391,0.0,0.0,0.0,0.0,0.0,0.0,0.0,-1.205299,-1.145916,-1.705389,0.39496,0.0539133,-2.348471,0.06582122,0.9034357,-0.2565188,0.3371495,30.52269,138.0886,356.4033,0.2871051,0.0155678,-0.9577723,0.0,0.0,0.0,1.114902,-0.3682461,-2.828891,-0.2169527,0.05033582,0.8478315,-0.7639958,-0.05403988,-0.6429545,0.2919008,0.8597314,-0.4191132,0.575417,-0.5078796,-0.6410569,moving,-3.6150316971715655,-0.3885615523557941,-14.353491098776512,3.397666451497774,0.7199420000000001,-0.4221594,-0.48042,-0.0630509067159715,-0.0067681329809745,0.9979873400303712,-2.8462318317815045,0.3765229773842121,11.34637537230788,11.38639683205722,11.897240172788871
3229,05/05/2023 12:22:15.948439,3427,True,True,True,True,Eyes,0.5921247,0.04089643,-2.314014,0.6265805,-0.506641,-0.5922092,0.0,0.0,0.0,0.0,0.0,0.0,0.0,-1.229614,-1.143099,-1.692332,0.3864596,0.05392396,-2.35167,0.06711254,0.9019436,-0.2569139,0.3405715,30.60769,137.6438,356.4074,0.2835622,0.01570757,-0.9588249,0.0,0.0,0.0,1.112789,-0.3664954,-2.828922,-0.2151711,0.04851848,0.8536386,-0.759014,-0.05393159,-0.6488368,0.2960585,0.8589824,-0.4177304,0.5798682,-0.5091568,-0.6360127,moving,-3.670148468728843,-0.1324727714616375,-14.147462373116822,3.253035244256988,0.7263294,-0.42041936,-0.477252,-0.0640122063906885,-0.0023073421109272,0.997946429439611,-2.901164401179873,0.6395091837405322,10.97589471460746,11.010711656181751,11.545983567569795
3230,05/05/2023 12:22:15.968063,3428,True,True,True,True,Eyes,0.5833721,0.04125743,-2.316081,0.6325638,-0.5039481,-0.5881322,0.0,0.0,0.0,0.0,0.0,0.0,0.0,-1.254504,-1.134758,-1.68307,0.3781419,0.05396957,-2.355478,0.06958054,0.9007902,-0.2561667,0.3436777,30.6193,137.3081,356.621,0.2800091,0.01584973,-0.9598662,0.0,0.0,0.0,1.110615,-0.3646946,-2.828953,-0.2127521,0.048821,0.8591893,-0.7540886,-0.05072264,-0.6548114,0.3014325,0.8590744,-0.4136783,0.5835146,-0.5093315,-0.6325287,moving,-3.803328871125242,0.0599415963449516,-13.9078069525019,3.2521733399576496,0.7324731,-0.41866417,-0.4734749999999996,-0.0663318405944809,0.0010438740107126,0.9977971389472352,-3.0328950183306462,0.8364660428180644,10.563506641107136,10.596736327848769,11.139988838478867
3231,05/05/2023 12:22:15.988168,3429,True,True,True,True,Eyes,0.574672,0.04157678,-2.318197,0.6380391,-0.5012969,-0.5844721,0.0,0.0,0.0,0.0,0.0,0.0,0.0,-1.275571,-1.116645,-1.683537,0.3698721,0.05380477,-2.359782,0.07122972,0.9007618,-0.2527326,0.3459489,30.30397,137.1432,356.9097,0.2764463,0.0159929,-0.960896,0.0,0.0,0.0,1.108311,-0.362786,-2.828986,-0.209739,0.04585025,0.8643826,-0.7504913,-0.04654314,-0.6592394,0.3031872,0.8621051,-0.4060201,0.587231,-0.5045875,-0.6328912,moving,-4.025703452308399,-0.0814419375049571,-13.638995988983906,3.036347694382089,0.7384389,-0.41659077,-0.4692039999999999,-0.070203917105711,-0.0014179224107127,0.997531708907482,-3.251758675011267,0.6895115928822703,10.076182610013449,10.106235975099898,10.649053418219312
3232,05/05/2023 12:22:15.998379,3430,True,True,True,True,Eyes,0.5659969,0.04186523,-2.32042,0.6433352,-0.4985643,-0.5809934,0.0,0.0,0.0,0.0,0.0,0.0,0.0,-1.293158,-1.098153,-1.686369,0.3613792,0.05304697,-2.364028,0.07252699,0.9010656,-0.2491825,0.3474606,29.96429,137.0737,357.1908,0.2728757,0.01613518,-0.9619136,0.0,0.0,0.0,1.106319,-0.361136,-2.829014,-0.2074099,0.0456693,0.8695124,-0.748022,-0.04245906,-0.6623145,0.3038654,0.8652959,-0.398659,0.5900246,-0.4994601,-0.6343586,moving,-4.316202528655526,-0.2470825480092538,-13.416387510040266,3.006576981653573,0.7449398,-0.41418297,-0.4649860000000001,-0.0752600146170556,-0.0043001601597688,0.997154607099386,-3.5377161560869155,0.5171352590806471,9.633402431789872,9.664350316000869,10.187515291252591
3233,05/05/2023 12:22:16.018195,3431,True,True,True,True,Eyes,0.5573702,0.04212348,-2.322734,0.6484411,-0.4956476,-0.5778041,0.0,0.0,0.0,0.0,0.0,0.0,0.0,-1.308445,-1.079654,-1.691429,0.353285,0.05255348,-2.368763,0.07395867,0.9016103,-0.2454776,0.3483816,29.61582,137.0903,357.5161,0.2692981,0.01627524,-0.962919,0.0,0.0,0.0,1.104091,-0.3592899,-2.829046,-0.2055735,0.04751275,0.87401,-0.746321,-0.03767598,-0.6645193,0.3044035,0.8685417,-0.3911187,0.5918984,-0.4941821,-0.6367422,moving,-4.66393483098215,-0.4088981006360269,-13.235804480535863,3.111638495596182,0.7508059999999999,-0.41184338,-0.460283,-0.081309095416373,-0.007112927902,0.996663543424265,-3.880098001475044,0.3482936306709729,9.23185477876853,9.266667535546445,9.755271321949438
3234,05/05/2023 12:22:16.038086,3432,True,True,True,True,Eyes,0.5487888,0.04234194,-2.325166,0.6534559,-0.4925527,-0.5747933,0.0,0.0,0.0,0.0,0.0,0.0,0.0,-1.324656,-1.05834,-1.697488,0.3453701,0.05203855,-2.373662,0.07496766,0.9022293,-0.2410448,0.3496565,29.1686,137.0641,357.8151,0.2657146,0.01641195,-0.9639117,0.0,0.0,0.0,1.101998,-0.3575565,-2.829077,-0.2045821,0.04563053,0.8781961,-0.7442407,-0.0332897,-0.6670818,0.3038418,0.8725545,-0.3825295,0.5947995,-0.4873812,-0.6392758,moving,-4.962447507021063,-0.6531429594980732,-13.113582216153336,2.974378718361438,0.7566279,-0.40959505,-0.4554149999999999,-0.0864972300366875,-0.0113565255448328,0.9961874179944856,-4.17376934919512,0.0950220849909042,8.887065967840437,8.921878197429146,9.392068394042209
3235,05/05/2023 12:22:16.048542,3433,True,True,True,True,Eyes,0.5402398,0.04250279,-2.327719,0.6585329,-0.4892967,-0.571772,0.0,0.0,0.0,0.0,0.0,0.0,0.0,-1.339344,-1.038277,-1.70413,0.3378494,0.05124389,-2.378897,0.07474018,0.9029207,-0.2366049,0.3509507,28.66785,137.0002,357.9684,0.2621263,0.01654386,-0.9648916,0.0,0.0,0.0,1.099793,-0.3557296,-2.829108,-0.2048845,0.04738154,0.8818876,-0.7424951,-0.03110444,-0.6691291,0.3010422,0.876864,-0.3748107,0.5983935,-0.4797312,-0.6417034,moving,-5.230421165963083,-0.9490475221316392,-13.07921761344595,3.075397145669569,0.7619435999999999,-0.40697349,-0.4502110000000003,-0.091148932904627,-0.0164942988102092,0.9957006935492244,-4.437216361771655,-0.2111651234830178,8.780085958613947,8.820417255335103,9.245846482770384
3236,05/05/2023 12:22:16.068230,3434,True,True,True,True,Eyes,0.531755,0.0426059,-2.330404,0.6635319,-0.4859281,-0.5688578,0.0,0.0,0.0,0.0,0.0,0.0,0.0,-1.3564,-1.019933,-1.707461,0.3303033,0.05001802,-2.384094,0.0753604,0.9031604,-0.232996,0.3526119,28.295,136.8842,358.1654,0.2585338,0.01666892,-0.9658582,0.0,0.0,0.0,1.097696,-0.3539928,-2.829138,-0.2054143,0.05214179,0.8851185,-0.7399713,-0.02818928,-0.6720475,0.3004394,0.8800673,-0.3677195,0.6018128,-0.4740114,-0.6427554,moving,-5.452160180724986,-1.1004408257873766,-13.065654771785043,3.371363065578901,0.7673927,-0.40401082,-0.4450439999999998,-0.0949972300543524,-0.0191182793365732,0.9952938837274492,-4.655429948152202,-0.3684095349268665,8.780546588909308,8.82962796107171,9.204226240567088
3237,05/05/2023 12:22:16.088499,3435,True,True,True,True,Eyes,0.5233604,0.04265271,-2.333194,0.668538,-0.4825839,-0.5658355,0.0,0.0,0.0,0.0,0.0,0.0,0.0,-1.3739,-1.000796,-1.711576,0.3233265,0.04868556,-2.389933,0.07564013,0.9034055,-0.2290883,0.3544796,27.87505,136.7375,358.3309,0.2549385,0.01678525,-0.9668114,0.0,0.0,0.0,1.095622,-0.3522747,-2.829168,-0.2057926,0.04867871,0.8881267,-0.7372456,-0.02574681,-0.6751341,0.2990816,0.8835943,-0.3602934,0.6058211,-0.4675449,-0.6437256,moving,-5.650612810197194,-1.3009770833070364,-13.046074529077684,3.1372738519211145,0.7722955,-0.40096026,-0.439235,-0.0984368749700356,-0.0225941150978081,0.9948868170061056,-4.850574119851545,-0.5760318727745879,8.578214441593758,8.625017414445047,8.997492226319714
3238,05/05/2023 12:22:16.098635,3436,True,True,True,True,Eyes,0.5150415,0.04264271,-2.336131,0.6734679,-0.4791234,-0.5629223,0.0,0.0,0.0,0.0,0.0,0.0,0.0,-1.391909,-0.9813287,-1.715292,0.3164175,0.04731761,-2.395889,0.07622418,0.9035759,-0.225222,0.3563927,27.47372,136.5892,358.5283,0.2513436,0.01689126,-0.9677503,0.0,0.0,0.0,1.093512,-0.3505267,-2.829198,-0.2045376,0.0499308,0.8914687,-0.7343484,-0.02278633,-0.6783904,0.2982836,0.8869299,-0.3526788,0.609721,-0.4613418,-0.6445189,moving,-5.842529777081128,-1.470770115547255,-12.922227458049992,3.205763911130141,0.7770945,-0.39784431,-0.4333089999999999,-0.1017615527454013,-0.0255337170845159,0.9944809582239132,-5.039348465928105,-0.7519912374251256,8.434058491853254,8.484815245872323,8.820635295734219
3239,05/05/2023 12:22:16.128211,3437,True,True,True,True,Eyes,0.5068029,0.04262434,-2.339221,0.6785651,-0.4756008,-0.5597796,0.0,0.0,0.0,0.0,0.0,0.0,0.0,-1.410892,-0.9582165,-1.720621,0.3098871,0.04589401,-2.402331,0.07727004,0.903823,-0.2206314,0.3584064,27.01422,136.4535,358.8118,0.2477505,0.01698546,-0.9686747,0.0,0.0,0.0,1.091294,-0.3486891,-2.82923,-0.2027834,0.05192871,0.8944208,-0.7311484,-0.01847452,-0.6819683,0.2978283,0.8907023,-0.3434353,0.6137755,-0.4542116,-0.6457334,moving,-6.063962641055091,-1.6869936104050145,-12.774168246219444,3.322775626505949,0.7814068999999999,-0.3945831099999999,-0.4268989999999997,-0.1055933601908978,-0.0292747539242146,0.9939783435976268,-5.257107515577832,-0.9759071258786554,8.317463225308616,8.374046039441064,8.659380776579992
3240,05/05/2023 12:22:16.138265,3438,True,True,True,True,Eyes,0.4986661,0.04271225,-2.342505,0.6835349,-0.4721379,-0.556656,0.0,0.0,0.0,0.0,0.0,0.0,0.0,-1.430747,-0.9396899,-1.722649,0.303652,0.04565198,-2.409,0.07908458,0.9036868,-0.2171206,0.3604924,26.70755,136.2975,359.1273,0.2441608,0.01706855,-0.9695843,0.0,0.0,0.0,1.089144,-0.3469081,-2.829261,-0.2006833,0.05114819,0.8972155,-0.727582,-0.01360531,-0.6858861,0.299476,0.8932085,-0.3353992,0.6172025,-0.4494368,-0.645808,moving,-6.2664110449551575,-1.7475320666767458,-12.608020471842396,3.2627690028859124,0.7854919999999999,-0.39256008,-0.420261,-0.1091014365001568,-0.0303134216656933,0.9935683325725212,-5.456520241360503,-1.0395787451442238,8.025245035471563,8.08202492763081,8.345906283415992
3241,05/05/2023 12:22:16.147992,3439,True,True,True,True,Eyes,0.4906472,0.04288588,-2.345978,0.6887633,-0.4685431,-0.5532382,0.0,0.0,0.0,0.0,0.0,0.0,0.0,-1.453429,-0.9239117,-1.722426,0.2979391,0.04827162,-2.416965,0.0820789,0.903217,-0.2139769,0.3628721,26.49396,136.1181,359.5504,0.2405768,0.01714587,-0.9704784,0.0,0.0,0.0,1.086998,-0.3451301,-2.829292,-0.1980276,0.05565991,0.9000927,-0.7231739,-0.007022365,-0.6906304,0.3035626,0.8949539,-0.3269669,0.6203783,-0.4461034,-0.6450755,moving,-6.475064693722713,-1.692732936025359,-12.407856051428936,3.538549184663509,0.7890588999999999,-0.39340172,-0.4123270000000003,-0.1127222127974677,-0.0293511972880109,0.993192949976762,-5.662321310430608,-0.9846764713229776,7.846365091189982,7.909761432578905,8.121687587994861
3242,05/05/2023 12:22:16.167951,3440,True,True,True,True,Eyes,0.482718,0.04297461,-2.349572,0.6940868,-0.4646994,-0.5498163,0.0,0.0,0.0,0.0,0.0,0.0,0.0,-1.484239,-0.887598,-1.725887,0.2925452,0.05043174,-2.42515,0.08501948,0.9029095,-0.2065032,0.3672635,25.80799,135.7583,0.1175879,0.2370013,0.0172214,-0.9713565,0.0,0.0,0.0,1.084894,-0.3433874,-2.829322,-0.1959964,0.05995376,0.902516,-0.7157784,0.0018476,-0.698325,0.305212,0.9002562,-0.3104584,0.6280978,-0.4353566,-0.6449479,moving,-6.534036081794627,-2.0655988427732908,-12.252483701205485,3.800550737207738,0.7923488000000001,-0.39381914,-0.404172,-0.1137204311318013,-0.0358098685881684,0.9928672111089104,-5.719571392373195,-1.368555909704133,8.118973579551374,8.192213014238417,8.330582618403165
3243,05/05/2023 12:22:16.178163,3441,True,True,True,True,Eyes,0.4748493,0.04305899,-2.353235,0.6993498,-0.4620169,-0.54539,0.0,0.0,0.0,0.0,0.0,0.0,0.0,-1.507318,-0.866555,-1.72471,0.2867087,0.04840561,-2.431668,0.08259987,0.9024966,-0.2019064,0.3713637,25.20061,135.2549,359.9449,0.2334361,0.01729165,-0.9722182,0.0,0.0,0.0,1.082715,-0.3415824,-2.829354,-0.194884,0.06228021,0.9048827,-0.7105327,-0.0008692156,-0.7036637,0.2990536,0.9048221,-0.3030905,0.6369539,-0.4257888,-0.6426458,moving,-6.479360273506662,-2.5147886883383954,-12.154105893781871,3.937277716302359,0.7960063000000002,-0.38998801,-0.3976859999999997,-0.1127379954545794,-0.04359752335014,0.9926678251481044,-5.6646184762149865,-1.830137007918209,8.512513039766576,8.592549024866052,8.681965189052253
3244,05/05/2023 12:22:16.205771,3442,True,True,True,True,Eyes,0.4671236,0.04319126,-2.357033,0.704639,-0.4594451,-0.5407348,0.0,0.0,0.0,0.0,0.0,0.0,0.0,-1.532875,-0.9112822,-1.685603,0.2801565,0.04858079,-2.437324,0.08727979,0.8978642,-0.2143927,0.3745104,26.76713,134.6579,359.7527,0.2298826,0.01735687,-0.9730633,0.0,0.0,0.0,1.08053,-0.3397727,-2.829385,-0.1956182,0.06686287,0.9067551,-0.7042485,-0.003853838,-0.7099432,0.3173154,0.892836,-0.3196167,0.6350946,-0.4503655,-0.6275555,moving,-6.349319174447595,-0.7949255141742908,-12.174088924664323,4.217279124886606,0.8003735000000001,-0.3883534899999999,-0.392061,-0.1105793430686848,-0.0137885399682387,0.9937716685527376,-5.5404882455676745,-0.0604633641371379,7.616704815778102,7.6844087597461535,7.893271740673228
3245,05/05/2023 12:22:16.218321,3443,True,True,True,True,Eyes,0.4595017,0.04330259,-2.360829,0.710156,-0.4570594,-0.5355139,0.0,0.0,0.0,0.0,0.0,0.0,0.0,-1.562481,-0.9110868,-1.668038,0.2758115,0.04986394,-2.444426,0.08726937,0.8954927,-0.2148361,0.3798979,26.81269,133.9174,359.5549,0.2263444,0.01741942,-0.9738913,0.0,0.0,0.0,1.078369,-0.3379826,-2.829416,-0.1978127,0.07041326,0.908006,-0.6961234,-0.006933379,-0.7178887,0.3195297,0.892459,-0.3184614,0.6428943,-0.4510752,-0.6190462,moving,-6.1282080657880496,-0.6022126649432898,-12.290083123740375,4.434248977110057,0.8025574999999999,-0.38784654,-0.3849900000000001,-0.1067477638227005,-0.0104503451296471,0.9942312013626884,-5.32299095459555,0.1392711190495028,7.888435239238779,7.958306987148062,8.184571344584246
3246,05/05/2023 12:22:16.238072,3444,True,True,True,True,Eyes,0.4519354,0.04337213,-2.364646,0.7155772,-0.455313,-0.529754,0.0,0.0,0.0,0.0,0.0,0.0,0.0,-1.590041,-0.9178504,-1.644053,0.2698781,0.049426,-2.449144,0.08338843,0.8928833,-0.2163316,0.3860139,26.78834,132.9634,358.8381,0.2228245,0.01747865,-0.9747016,0.0,0.0,0.0,1.076291,-0.3362606,-2.829446,-0.2023852,0.06859277,0.9088993,-0.6880795,-0.01810174,-0.7254096,0.3159263,0.892494,-0.3219396,0.6532514,-0.4506959,-0.6083881,moving,-5.730421183169405,-0.561209423002887,-12.553289443884996,4.315814177620301,0.8064129000000001,-0.3856866,-0.3803019999999999,-0.0998433161902561,-0.0097458524845301,0.9949554202155608,-4.930985146427502,0.1842142428020665,8.321276861574232,8.386709158192845,8.670042723333548
3247,05/05/2023 12:22:16.248142,3445,True,True,True,True,Eyes,0.4444242,0.04345648,-2.36851,0.7209895,-0.4538966,-0.5235953,0.0,0.0,0.0,0.0,0.0,0.0,0.0,-1.615918,-0.9631183,-1.597909,0.263635,0.04858812,-2.453617,0.081809,0.8878222,-0.227709,0.3914432,27.92902,131.8819,357.8591,0.2193235,0.0175331,-0.9754944,0.0,0.0,0.0,1.07415,-0.3344873,-2.829477,-0.2084405,0.06680997,0.9093719,-0.6801593,-0.03300659,-0.7323211,0.3235339,0.8829118,-0.3402832,0.6578065,-0.4683774,-0.5898419,moving,-5.2770259329865485,0.6147926728341894,-12.9099691209845,4.201872015135939,0.8105149999999999,-0.38307542,-0.3758599999999998,-0.0919660723719072,0.010684478549602,0.9957048278654216,-4.486840050315453,1.396817247859829,8.383464932066477,8.433798664846837,8.877918426555203
3248,05/05/2023 12:22:16.268279,3446,True,True,True,True,Eyes,0.4369692,0.04357658,-2.372419,0.7262385,-0.4526419,-0.5173905,0.0,0.0,0.0,0.0,0.0,0.0,0.0,-1.634109,-0.9908143,-1.568841,0.2576078,0.04908012,-2.45856,0.08034735,0.8847292,-0.2343391,0.3948215,28.56132,131.1889,357.2021,0.215842,0.01758379,-0.9762696,0.0,0.0,0.0,1.071999,-0.3327053,-2.829507,-0.215703,0.06437141,0.9091688,-0.6753209,-0.04287298,-0.7362771,0.3272155,0.877259,-0.3512076,0.6609631,-0.478099,-0.5784026,moving,-5.170359113518864,1.280929523684689,-13.3468197752867,4.049925158164065,0.8143912,-0.38178542,-0.3709470000000001,-0.0900950281308941,0.0222636629628459,0.9956842839101562,-4.383267155853749,2.082639277808693,8.591090618572743,8.632603649954213,9.176899764974497
3249,05/05/2023 12:22:16.288178,3447,True,True,True,True,Eyes,0.429605,0.04375154,-2.376369,0.731564,-0.4509589,-0.511322,0.0,0.0,0.0,0.0,0.0,0.0,0.0,-1.65551,-0.9899806,-1.553832,0.251547,0.05004556,-2.463612,0.08213071,0.8829488,-0.2352797,0.3978688,28.73991,130.7794,357.2422,0.2123804,0.01763254,-0.9770277,0.0,0.0,0.0,1.069839,-0.330916,-2.829538,-0.2223237,0.0603614,0.9089893,-0.6699101,-0.04218645,-0.7412428,0.3322552,0.875796,-0.3501253,0.663948,-0.4808342,-0.5726879,moving,-5.283154264491813,1.5621037236151236,-13.743781110075345,3.799146354824962,0.818292,-0.38096156,-0.365926,-0.0920438975997691,0.0271447537114264,0.995384893661642,-4.495112977953408,2.3710219763641884,8.716810030256447,8.751375112178598,9.358279834375644
3250,05/05/2023 12:22:16.305935,3448,True,True,True,True,Eyes,0.4223278,0.04400351,-2.380368,0.7369139,-0.4489176,-0.5054018,0.0,0.0,0.0,0.0,0.0,0.0,0.0,-1.676906,-0.9643122,-1.554372,0.2461914,0.0514541,-2.46875,0.08393176,0.8828039,-0.2301588,0.4007988,28.27147,130.5682,357.6375,0.2089404,0.01768172,-0.9777682,0.0,0.0,0.0,1.0676,-0.3290612,-2.829571,-0.2284484,0.0551271,0.9083208,-0.6646315,-0.03630418,-0.7462887,0.3326853,0.8799648,-0.3390907,0.6690181,-0.4736497,-0.5727744,moving,-5.527601518846833,1.238040943740638,-14.117442309449691,3.4730908082255407,0.8214086,-0.3805153,-0.360821,-0.0963029873960726,0.0215057860271375,0.9951197530107404,-4.7353034333048205,2.03603994454268,8.844255236771392,8.875855604089036,9.491556514928446
3251,05/05/2023 12:22:16.318285,3449,True,True,True,True,Eyes,0.4151027,0.0442851,-2.384454,0.7424659,-0.4461336,-0.4997092,0.0,0.0,0.0,0.0,0.0,0.0,0.0,-1.704079,-0.9234223,-1.557125,0.2408916,0.05351043,-2.473932,0.08562715,0.8828204,-0.2215956,0.4052058,27.42915,130.2432,358.1666,0.2055237,0.0177344,-0.9784912,0.0,0.0,0.0,1.065531,-0.3273471,-2.8296,-0.234008,0.05260602,0.9076965,-0.6569526,-0.02839684,-0.7533969,0.3307704,0.8871268,-0.321865,0.6774986,-0.4606515,-0.5734074,moving,-5.659842337662701,0.6130575057715109,-14.456311257177871,3.316896204657614,0.8246394,-0.38085753,-0.3556680000000001,-0.0986167211613989,0.010647512648355,0.9950685700283114,-4.864181840081041,1.39236316788856,9.167817552551783,9.202641423069275,9.783290559108927
3252,05/05/2023 12:22:16.338156,3450,True,True,True,True,Eyes,0.4079355,0.04457326,-2.388559,0.7480668,-0.4431778,-0.4939528,0.0,0.0,0.0,0.0,0.0,0.0,0.0,-1.732314,-0.8775815,-1.559694,0.2357699,0.05439264,-2.478943,0.08504263,0.8828654,-0.2114661,0.4106078,26.31019,129.764,358.498,0.2021298,0.01779135,-0.9791968,0.0,0.0,0.0,1.063431,-0.3256078,-2.82963,-0.2391472,0.04904836,0.9064145,-0.648338,-0.02349691,-0.76099,0.3238216,0.8960997,-0.3035539,0.6890554,-0.4432305,-0.5733667,moving,-5.664027674811811,-0.2850112629318801,-14.780036231351822,3.097397336922936,0.8276611,-0.38000044,-0.3506869999999997,-0.0986937833026527,-0.004950078510585,0.995105472883688,-4.866191227365789,0.4687289837324497,9.684125853447457,9.723286478309817,10.256423356810307
3253,05/05/2023 12:22:16.348447,3451,True,True,True,True,Eyes,0.4008236,0.04491607,-2.39271,0.7535828,-0.4403332,-0.4880776,0.0,0.0,0.0,0.0,0.0,0.0,0.0,-1.76135,-0.8507708,-1.548449,0.229936,0.05477884,-2.483544,0.08548287,0.8814252,-0.2064778,0.416112,25.79359,129.1488,358.6545,0.1987591,0.01785234,-0.9798855,0.0,0.0,0.0,1.061295,-0.3238381,-2.829661,-0.2442752,0.04597786,0.9049712,-0.6390868,-0.02114229,-0.7688438,0.3225293,0.9001192,-0.2928486,0.6982426,-0.4351304,-0.5684351,moving,-5.569036280816828,-0.5968127304155989,-15.105619934940233,2.9084618561287643,0.8313590000000001,-0.37861694,-0.346117,-0.0970398360038193,-0.0103670002827143,0.9952265584445232,-4.771822575092652,0.1487239887461171,10.122257827123654,10.160382754560354,10.695958160494952
3254,05/05/2023 12:22:16.368580,3452,True,True,True,True,Eyes,0.3937799,0.04531169,-2.396897,0.7591432,-0.4374293,-0.4820346,0.0,0.0,0.0,0.0,0.0,0.0,0.0,-1.792168,-0.8389246,-1.526816,0.2243018,0.05642372,-2.488641,0.08769578,0.8787607,-0.2054875,0.4217393,25.79282,128.4452,358.7783,0.195412,0.01791914,-0.9805573,0.0,0.0,0.0,1.059166,-0.3220749,-2.829692,-0.2495903,0.04217635,0.9029858,-0.6288906,-0.01919709,-0.7772567,0.3274515,0.9001687,-0.2871791,0.7051751,-0.4351182,-0.5598216,moving,-5.414394309888877,-0.3883269642730451,-15.451095132264705,2.674207993619812,0.8348642000000001,-0.37849862,-0.3410510000000002,-0.0943562824812158,-0.006747294705534,0.9955157016202062,-4.619881730099874,0.3642163622625471,10.46245324341432,10.493544861780284,11.074802260093657
3255,05/05/2023 12:22:16.388102,3453,True,True,True,True,Eyes,0.3867916,0.0457386,-2.401091,0.7645754,-0.4347335,-0.475848,0.0,0.0,0.0,0.0,0.0,0.0,0.0,-1.82183,-0.8242161,-1.507188,0.2188338,0.05805238,-2.493742,0.0875858,0.8764686,-0.2029324,0.4277265,25.50903,127.6858,358.726,0.192089,0.01799327,-0.9812123,0.0,0.0,0.0,1.057,-0.3202805,-2.829723,-0.2545758,0.03986591,0.9011383,-0.6187577,-0.02006673,-0.7853258,0.3271315,0.9022943,-0.2808022,0.7142298,-0.4306533,-0.5517372,moving,-5.20219568862933,-0.4902812676353468,-15.775235042291266,2.533085109133392,0.8381662,-0.37833288,-0.3359809999999998,-0.0906674556526035,-0.0085216742585201,0.995844802649853,-4.410475234093832,0.260842798014001,10.967871328822168,10.996813421271629,11.58968725283219
3256,05/05/2023 12:22:16.406182,3454,True,True,True,True,Eyes,0.3798406,0.04622585,-2.405337,0.7699571,-0.4323051,-0.4693384,0.0,0.0,0.0,0.0,0.0,0.0,0.0,-1.853553,-0.8171554,-1.479398,0.2128437,0.05922088,-2.498641,0.08897369,0.8732123,-0.2030693,0.4339898,25.58645,126.8438,358.6738,0.1887904,0.0180752,-0.9818507,0.0,0.0,0.0,1.054825,-0.3184786,-2.829754,-0.2597004,0.03650594,0.8994441,-0.6074734,-0.02087416,-0.794066,0.3316458,0.9016931,-0.2774178,0.7217947,-0.4318725,-0.5408317,moving,-4.934650859077663,-0.2444550943001329,-16.105245065908978,2.324201014409752,0.8419812999999999,-0.37769948,-0.3311129999999997,-0.0860186989390664,-0.0042507198776954,0.9962845396041896,-4.1473329219618185,0.5155246676216971,11.43934782129439,11.462118876477678,12.093922976842109
3257,05/05/2023 12:22:16.418119,3455,True,True,True,True,Eyes,0.3729314,0.0467896,-2.409659,0.7751272,-0.4300552,-0.4628501,0.0,0.0,0.0,0.0,0.0,0.0,0.0,-1.888156,-0.8096066,-1.448133,0.2067555,0.06118487,-2.504236,0.09195958,0.8694364,-0.2037578,0.440575,25.80688,125.9677,358.7502,0.1855158,0.01816653,-0.9824731,0.0,0.0,0.0,1.052699,-0.3167171,-2.829785,-0.2622134,0.02710219,0.8982596,-0.5948739,-0.01963516,-0.8035789,0.3394472,0.9000524,-0.2732787,0.728629,-0.4353391,-0.5287527,moving,-4.63009857215638,0.1454167672715839,-16.273196215138423,1.72819767668831,0.8459435000000001,-0.37790197,-0.3255490000000001,-0.0807222766189278,0.0025297160585719,0.9967333549605986,-3.8480514149843215,0.9186061793171112,11.739356276684903,11.750188004080108,12.451492348205182
3258,05/05/2023 12:22:16.433725,3456,True,True,True,True,Eyes,0.366044,0.04739712,-2.414048,0.780323,-0.4278023,-0.4561593,0.0,0.0,0.0,0.0,0.0,0.0,0.0,-1.92134,-0.7947301,-1.422429,0.2008549,0.06357262,-2.510391,0.09317681,0.8663814,-0.2018324,0.4471744,25.66194,125.1239,358.7886,0.1822647,0.01826934,-0.9830796,0.0,0.0,0.0,1.050544,-0.3149325,-2.829816,-0.2622521,0.02034633,0.8971016,-0.5827062,-0.01905528,-0.8124593,0.3419619,0.9011635,-0.2663952,0.737235,-0.4330603,-0.5185975,moving,-4.355037399773431,0.1631643987988346,-16.295365557293042,1.299249734939713,0.8496891,-0.37850512,-0.3194250000000003,-0.0759362696391993,0.0028395298824442,0.9971086797406338,-3.576962743305777,0.9387765996071616,11.98838605215614,11.994253890936696,12.723510168979928
3259,05/05/2023 12:22:16.448119,3457,True,True,True,True,Eyes,0.359195,0.04802802,-2.418477,0.7853115,-0.4256268,-0.4495862,0.0,0.0,0.0,0.0,0.0,0.0,0.0,-1.95062,-0.7869141,-1.396604,0.1944486,0.06521326,-2.516463,0.09280755,0.8635219,-0.2009141,0.4531559,25.53739,124.3073,358.6151,0.1790355,0.01838414,-0.9836706,0.0,0.0,0.0,1.048464,-0.3132089,-2.829845,-0.2610171,0.04623328,0.8972144,-0.5720733,-0.0218081,-0.8199128,0.3423735,0.9020406,-0.2628748,0.7453274,-0.4311,-0.5085668,moving,-4.091661759642627,0.1793414494566746,-16.220739751341583,2.9498310798390013,0.8540154000000001,-0.37842216,-0.3133820000000002,-0.071351941228789,0.0031221158102856,0.9974463539542768,-3.317388914388788,0.9572502910052632,12.410819022976986,12.441468792741956,13.056295072551006
3260,05/05/2023 12:22:16.468120,3458,True,True,True,True,Eyes,0.3523716,0.04866562,-2.422964,0.7902797,-0.4234208,-0.442914,0.0,0.0,0.0,0.0,0.0,0.0,0.0,-1.97392,-0.7876684,-1.37266,0.1883432,0.06639072,-2.522121,0.09139071,0.8610252,-0.2013524,0.4579746,25.49601,123.5949,358.2827,0.175828,0.01851058,-0.9842466,0.0,0.0,0.0,1.046345,-0.311454,-2.829876,-0.2571715,0.04649785,0.8969647,-0.5638143,-0.02704916,-0.8254588,0.341808,0.9022099,-0.2630298,0.7518518,-0.4304482,-0.4994333,moving,-3.9284786516866874,0.2646959042837734,-15.998288936163943,2.967505821180523,0.8580018,-0.37784472,-0.3077550000000002,-0.0685104494278302,0.0046089439046407,0.9976397473316762,-3.1567388497986686,1.0461697249509891,12.338908697446977,12.368730805953712,12.984488477229378
3261,05/05/2023 12:22:16.478785,3459,True,True,True,True,Eyes,0.3455764,0.04928639,-2.427503,0.7950438,-0.4211832,-0.4364748,0.0,0.0,0.0,0.0,0.0,0.0,0.0,-1.996353,-0.7851032,-1.351689,0.1820946,0.0671678,-2.528083,0.08997438,0.8588509,-0.2010005,0.4624702,25.37112,122.9494,358.0107,0.1726418,0.01864763,-0.9848079,0.0,0.0,0.0,1.044151,-0.3096364,-2.829907,-0.2500527,0.04673479,0.8992745,-0.5560521,-0.03136434,-0.8305556,0.3404626,0.9030068,-0.262038,0.7582161,-0.4284799,-0.4914405,moving,-3.804924537437605,0.2712826010939804,-15.539147306651907,2.974953090181371,0.8620564000000001,-0.3768042,-0.3018239999999998,-0.0663589261025245,0.0047243210662274,0.9977847245937886,-3.034965870009524,1.0538053177526476,12.012600466955028,12.041670071510408,12.65090361057185
3262,05/05/2023 12:22:16.498424,3460,True,True,True,True,Eyes,0.3388024,0.04987561,-2.432086,0.7998107,-0.4189281,-0.4298862,0.0,0.0,0.0,0.0,0.0,0.0,0.0,-2.019812,-0.7781008,-1.3307,0.1759707,0.06736368,-2.533839,0.08869027,0.856623,-0.1998594,0.4673192,25.16976,122.2791,357.7933,0.1694761,0.01879342,-0.9853548,0.0,0.0,0.0,1.041987,-0.3078438,-2.829938,-0.2420507,0.06518134,0.9009202,-0.5474936,-0.03484802,-0.8360839,0.3387445,0.9043805,-0.259515,0.7651817,-0.4253017,-0.483338,moving,-3.662081079246021,0.2080087749612214,-15.03855362964784,4.138124344087874,0.8660163,-0.37520748,-0.2960989999999999,-0.0638714461337604,0.0036230172694533,0.9979515849324492,-2.8940145810371503,0.9897284458093956,11.981683086565114,12.036192756712472,12.54600436137046
3263,05/05/2023 12:22:16.518411,3461,True,True,True,True,Eyes,0.3320657,0.05044477,-2.436698,0.8043144,-0.4168063,-0.4234983,0.0,0.0,0.0,0.0,0.0,0.0,0.0,-2.044767,-0.7698987,-1.307281,0.1696708,0.06717566,-2.539587,0.08807481,0.8540666,-0.1989465,0.4724758,25.02753,121.5694,357.6248,0.1663302,0.01894567,-0.9858878,0.0,0.0,0.0,1.039828,-0.306055,-2.82997,-0.2395635,0.07485101,0.9016327,-0.5380185,-0.03755134,-0.8420959,0.3384383,0.9053262,-0.2566007,0.7720072,-0.4230535,-0.4743735,moving,-3.466154352316336,0.2029169489941988,-14.879677593176732,4.745652264036706,0.8701572,-0.37323066,-0.2903829999999998,-0.0604585336293392,0.0035350828422692,0.998164427722521,-2.7008756899254243,0.9858581328306482,12.214815452848818,12.284337870320677,12.745951031903786
3264,05/05/2023 12:22:16.528145,3462,True,True,True,True,Eyes,0.3253455,0.05098045,-2.441363,0.8088716,-0.4145783,-0.4169551,0.0,0.0,0.0,0.0,0.0,0.0,0.0,-2.070811,-0.7600043,-1.28279,0.1633701,0.06720097,-2.545625,0.08790661,0.8513498,-0.1978612,0.4778357,24.89192,120.8421,357.5098,0.1632045,0.01910279,-0.986407,0.0,0.0,0.0,1.03769,-0.3042839,-2.83,-0.2401149,0.07916144,0.9021577,-0.527891,-0.03941168,-0.8483971,0.3387687,0.9062468,-0.2528883,0.7788239,-0.4209079,-0.4650481,moving,-3.2626732926895614,0.2153989881906849,-14.904109934371442,5.014676743257836,0.8743199,-0.3714848699999999,-0.2843750000000002,-0.0569132198729548,0.0037533191477802,0.9983720676844516,-2.5003318288180845,1.0001140711121097,12.515459377863042,12.591906688527194,13.037270601640156
3265,05/05/2023 12:22:16.548263,3463,True,True,True,True,Eyes,0.3186195,0.05146042,-2.446096,0.8132459,-0.4124522,-0.410505,0.0,0.0,0.0,0.0,0.0,0.0,0.0,-2.097644,-0.7440479,-1.259444,0.1570023,0.06689376,-2.551625,0.0873706,0.848769,-0.1953002,0.4835446,24.58387,120.1025,357.4437,0.1600977,0.01926284,-0.986913,0.0,0.0,0.0,1.035562,-0.3025213,-2.830031,-0.2421703,0.07363307,0.9026961,-0.5171021,-0.04055784,-0.8549624,0.3371877,0.9084483,-0.2470344,0.7867085,-0.4160247,-0.4560851,moving,-3.0287259715718458,0.0535746043578176,-15.017386119149142,4.66330176327587,0.8785597,-0.36941506,-0.2784059999999999,-0.0528366040433352,0.0009337470269956,0.9986027676540392,-2.269346353136455,0.8353197092008645,12.77656000849568,12.84435894133198,13.310370561414176
3266,05/05/2023 12:22:16.567957,3464,True,True,True,True,Eyes,0.311895,0.05188603,-2.450886,0.8176324,-0.4103635,-0.4038306,0.0,0.0,0.0,0.0,0.0,0.0,0.0,-2.126322,-0.7246664,-1.233672,0.1503487,0.0660461,-2.557609,0.08843503,0.8457882,-0.1930214,0.4894531,24.39847,119.349,357.5232,0.1570086,0.01942311,-0.987406,0.0,0.0,0.0,1.033341,-0.3006811,-2.830063,-0.2422358,0.06253201,0.90425,-0.50523,-0.03935526,-0.8620871,0.3385445,0.9098439,-0.2399409,0.7938076,-0.4130801,-0.4463569,moving,-2.7974445428803256,0.0191367999697011,-14.996614996863237,3.955903051894208,0.8829923000000001,-0.3667272,-0.2724540000000002,-0.0488052215091866,0.0003336021548593,0.998808308045849,-2.041288837709768,0.8015155229282543,12.76933583529083,12.818653918708522,13.333815529432757
3267,05/05/2023 12:22:16.588651,3465,True,True,True,True,Eyes,0.3051521,0.05224268,-2.455758,0.8218753,-0.408315,-0.3972402,0.0,0.0,0.0,0.0,0.0,0.0,0.0,-2.157124,-0.7004617,-1.205957,0.1436256,0.06515488,-2.563843,0.09070377,0.8424661,-0.1904229,0.4957449,24.25394,118.5651,357.7388,0.1539353,0.0195813,-0.9878867,0.0,0.0,0.0,1.031217,-0.2989219,-2.830093,-0.2401955,0.04757096,0.9060448,-0.4920199,-0.03597268,-0.8698405,0.3416321,0.9110239,-0.2309178,0.8007522,-0.4107815,-0.4359523,moving,-2.530722352946436,0.0300521371668515,-14.847759189493384,3.005496892495044,0.8875914,-0.36407678,-0.2662500000000003,-0.0441550692029917,0.0005239971379907,0.9990245140945282,-1.7784038835856666,0.8146012233313357,12.642978563626476,12.671332523648193,13.25171958446218
3268,05/05/2023 12:22:16.598817,3466,True,True,True,True,Eyes,0.2983991,0.05256309,-2.460713,0.8261005,-0.4063051,-0.3904793,0.0,0.0,0.0,0.0,0.0,0.0,0.0,-2.187674,-0.6699896,-1.180962,0.1365726,0.06386407,-2.57036,0.09278776,0.8394591,-0.1863702,0.5019611,23.95708,117.828,358.0361,0.1508765,0.01973468,-0.9883553,0.0,0.0,0.0,1.029128,-0.2971914,-2.830123,-0.2368459,0.04244304,0.908191,-0.4788507,-0.03131812,-0.8773373,0.3428842,0.9133131,-0.2197487,0.8081658,-0.4060521,-0.4266022,moving,-2.3080553706078377,-0.1158108988295708,-14.616532914510604,2.6756915651640027,0.8925554,-0.36105547,-0.2597629999999999,-0.0402721885545784,-0.0020196403006315,0.9991866822555384,-1.5585751583870355,0.6661434002885119,12.598263669499486,12.621058016475518,13.211682125591054
3269,05/05/2023 12:22:16.618304,3467,True,True,True,True,Eyes,0.2916569,0.05284176,-2.465732,0.8301505,-0.4042149,-0.3840058,0.0,0.0,0.0,0.0,0.0,0.0,0.0,-2.217643,-0.640036,-1.155879,0.1295416,0.06330112,-2.577374,0.0959769,0.8363704,-0.1828897,0.507764,23.79055,117.1435,358.4228,0.1478305,0.01988216,-0.9888126,0.0,0.0,0.0,1.026899,-0.2953452,-2.830155,-0.2325493,0.04423615,0.9102198,-0.4659282,-0.02518513,-0.884464,0.3462741,0.9146796,-0.2084598,0.8142512,-0.4033942,-0.417454,moving,-2.1187749293108915,-0.1271517535710353,-14.331746678251566,2.782352207974148,0.8973574,-0.3586463199999999,-0.2527810000000001,-0.0369710799369369,-0.0022176977220362,0.9993138713792632,-1.3719728513664329,0.6558000219416082,12.530774349029,12.55475576196806,13.133086531502665
3270,05/05/2023 12:22:16.638194,3468,True,True,True,True,Eyes,0.2848903,0.05305845,-2.470829,0.8342266,-0.4020416,-0.3773971,0.0,0.0,0.0,0.0,0.0,0.0,0.0,-2.246573,-0.6020433,-1.135651,0.1226982,0.06254129,-2.584625,0.09772413,0.8339129,-0.1767212,0.5136234,23.2739,116.5023,358.843,0.1447974,0.02002252,-0.9892585,0.0,0.0,0.0,1.024809,-0.2936137,-2.830185,-0.2274296,0.04082754,0.912726,-0.4532823,-0.01854946,-0.8911741,0.3445231,0.9184393,-0.1943534,0.8220944,-0.3951269,-0.4099215,moving,-1.968898920645079,-0.4868531766693548,-13.991811304607763,2.561214866975113,0.9021108,-0.3561549899999999,-0.2455600000000002,-0.0343557678419686,-0.0084920727044051,0.9993736064574156,-1.223391029227591,0.2869157935390262,12.38167779410547,12.40327138262845,12.9693867474207
3271,05/05/2023 12:22:16.648799,3469,True,True,True,True,Eyes,0.2780898,0.05317328,-2.475979,0.8380469,-0.400104,-0.3709368,0.0,0.0,0.0,0.0,0.0,0.0,0.0,-2.273702,-0.572198,-1.112048,0.1153124,0.06123678,-2.591666,0.0992173,0.831183,-0.1724895,0.5191709,22.93969,115.8419,359.1185,0.141775,0.02015391,-0.9896935,0.0,0.0,0.0,1.022726,-0.2918881,-2.830215,-0.2213617,0.04398601,0.9155288,-0.4412353,-0.01416759,-0.8972796,0.3440385,0.9208066,-0.1837192,0.8288239,-0.389762,-0.4014181,moving,-1.7922435866223656,-0.6850294854516717,-13.592430562157206,2.750624893453676,0.9074136,-0.35312488,-0.2385489999999999,-0.0312732163533128,-0.0119498868461217,0.999439399440073,-1.048793169297494,0.0843363278625682,12.265447447194092,12.29016410260146,12.823881384298211
3272,05/05/2023 12:22:16.668530,3470,True,True,True,True,Eyes,0.2712501,0.05322089,-2.481197,0.8417494,-0.3984506,-0.3642733,0.0,0.0,0.0,0.0,0.0,0.0,0.0,-2.299735,-0.5572397,-1.080791,0.1075527,0.05896191,-2.598531,0.1007969,0.8276361,-0.1721398,0.5246201,22.99797,115.0862,359.1429,0.1387619,0.02027303,-0.990118,0.0,0.0,0.0,1.02061,-0.290135,-2.830245,-0.2152685,0.04914586,0.9183197,-0.4292272,-0.01376964,-0.9030914,0.3474624,0.9204158,-0.1791781,0.8336867,-0.3906984,-0.390283,moving,-1.538252278488882,-0.5155219826052075,-13.192817932921251,3.063384885957288,0.9130573,-0.34909691,-0.2317140000000002,-0.0268432556349131,-0.0089941922463543,0.9995991768035648,-0.7988308644597479,0.2604349202593492,12.163864292471164,12.191696968318988,12.706984062451523
3273,05/05/2023 12:22:16.688543,3471,True,True,True,True,Eyes,0.2643789,0.05324252,-2.486481,0.8451761,-0.3971202,-0.3577328,0.0,0.0,0.0,0.0,0.0,0.0,0.0,-2.322069,-0.5555842,-1.04932,0.09978091,0.05743462,-2.605474,0.1024623,0.8241529,-0.1746343,0.5289391,23.34354,114.4112,359.0107,0.1357563,0.02037836,-0.9905325,0.0,0.0,0.0,1.018289,-0.288212,-2.830279,-0.2097243,0.04773241,0.9208779,-0.41945,-0.01585262,-0.9076402,0.3536309,0.9180088,-0.179458,0.8360665,-0.3962432,-0.3794528,moving,-1.3477837533327388,-0.0848984613710058,-12.829932273708591,2.967190662068392,0.91850809,-0.34564662,-0.2248049999999999,-0.0235210671735114,-0.0014813470861972,0.9997221686373264,-0.6120988625810933,0.7046312846018634,11.857475042745568,11.880866242045927,12.425563496221216
3274,05/05/2023 12:22:16.706486,3472,True,True,True,True,Eyes,0.257475,0.05318978,-2.491805,0.8486248,-0.3957994,-0.3509683,0.0,0.0,0.0,0.0,0.0,0.0,0.0,-2.344108,-0.5555876,-1.016089,0.092181,0.05691221,-2.61232,0.1039567,0.8205225,-0.1772891,0.5333898,23.69314,113.7041,358.8405,0.1327568,0.02047016,-0.9909371,0.0,0.0,0.0,1.016362,-0.2866162,-2.830307,-0.2051983,0.04653849,0.9238786,-0.409377,-0.01853075,-0.9121773,0.359726,0.9155232,-0.1800404,0.8384559,-0.4018382,-0.3681282,moving,-1.1418624432994968,0.3494213023573698,-12.52242166857966,2.883719969282787,0.924181,-0.34352841,-0.2179869999999999,-0.0199275692359504,0.0060973032845203,0.9997828157641504,-0.410143608888349,1.1527367527804304,11.639526506944932,11.659322365098642,12.235341543704138
3275,05/05/2023 12:22:16.721887,3473,True,True,True,True,Eyes,0.2505123,0.05313009,-2.497161,0.8517255,-0.3950473,-0.3442403,0.0,0.0,0.0,0.0,0.0,0.0,0.0,-2.365962,-0.5519678,-0.9826047,0.08447528,0.05506082,-2.618737,0.1027717,0.8171043,-0.1778495,0.538654,23.66323,112.9025,358.5205,0.1297619,0.0205468,-0.991332,0.0,0.0,0.0,1.014239,-0.2848572,-2.830337,-0.2017309,0.04646848,0.9260789,-0.39858,-0.02364832,-0.9168287,0.359549,0.9156151,-0.1799265,0.8437172,-0.40136,-0.356443,moving,-0.8324915973372289,0.3703884491547177,-12.288957748865537,2.872559402528359,0.9297637199999998,-0.33991802,-0.2116000000000002,-0.0145289052050373,0.0064637708614878,0.9998735976669368,-0.1052431422439007,1.1764574928397211,11.707523167761323,11.726528734498569,12.301205766251323
3276,05/05/2023 12:22:16.728092,3474,True,True,True,True,Eyes,0.2435286,0.05318224,-2.502598,0.8546785,-0.3946997,-0.3372488,0.0,0.0,0.0,0.0,0.0,0.0,0.0,-2.387774,-0.5570214,-0.9427974,0.07601722,0.05493891,-2.625225,0.1072198,0.8125359,-0.1838066,0.5426828,24.52382,112.1773,358.4091,0.1267703,0.02060948,-0.9917177,0.0,0.0,0.0,1.012095,-0.2830809,-2.830368,-0.1994736,0.04551721,0.927949,-0.3879988,-0.0252576,-0.921314,0.3737372,0.9094381,-0.1823263,0.8424832,-0.4150716,-0.3434213,moving,-0.626581034130753,1.258361511504626,-12.131788904637643,2.808188203919612,0.93607778,-0.33801981,-0.205143,-0.0109330467844783,0.0219594728290802,0.9996990520575966,0.0956325642787192,2.091115636171163,11.59363122111562,11.60912446828337,12.248429648160377
3277,05/05/2023 12:22:16.748031,3475,True,True,True,True,Eyes,0.2364967,0.05318702,-2.508074,0.857669,-0.3939854,-0.3304231,0.0,0.0,0.0,0.0,0.0,0.0,0.0,-2.41485,-0.536707,-0.9053063,0.06855556,0.05775212,-2.632698,0.1136341,0.8078865,-0.1847257,0.5479808,25.02499,111.4383,358.8083,0.1237814,0.020664,-0.992094,0.0,0.0,0.0,1.009962,-0.2813145,-2.830399,-0.1965055,0.0441341,0.929787,-0.3736083,-0.0188453,-0.9273949,0.3860592,0.9059274,-0.1739361,0.8434303,-0.4230134,-0.3311867,moving,-0.3769091728701076,1.814408143661543,-11.933547341020164,2.717612834588231,0.94140644,-0.33906662,-0.1977009999999999,-0.0065749607148625,0.0316614196958656,0.9994770424488048,0.3404263368156741,2.664714322881551,11.5785442478362,11.59187924640585,12.274087668610967
3278,05/05/2023 12:22:16.769447,3476,True,True,True,True,Eyes,0.2293759,0.05320507,-2.513607,0.8603263,-0.3940166,-0.3234032,0.0,0.0,0.0,0.0,0.0,0.0,0.0,-2.441511,-0.5004561,-0.8728251,0.06025156,0.05655833,-2.639399,0.1140462,0.8043985,-0.1789875,0.5548873,24.4891,110.5958,359.0456,0.1207935,0.02070925,-0.9924614,0.0,0.0,0.0,1.007801,-0.2795237,-2.83043,-0.192993,0.0444096,0.9316826,-0.3581871,-0.01515865,-0.9335267,0.3821129,0.909914,-0.161389,0.8518754,-0.4145201,-0.320127,moving,-0.0160152929569793,1.284358373972279,-11.70299608000618,2.7289961294591287,0.94754944,-0.33608203,-0.1910309999999997,-0.0002794493716672,0.0224144048456585,0.9997487532780188,0.6974119366020761,2.122109495558398,11.76188740096367,11.77592876003567,12.415249911490694
3279,05/05/2023 12:22:16.788088,3477,True,True,True,True,Eyes,0.2222609,0.05337027,-2.519229,0.8629485,-0.3938665,-0.3165265,0.0,0.0,0.0,0.0,0.0,0.0,0.0,-2.460101,-0.5087094,-0.8356884,0.05106174,0.0570308,-2.646393,0.1199569,0.7999943,-0.1867622,0.55744,25.62981,110.0266,358.9649,0.1178043,0.02074663,-0.9928198,0.0,0.0,0.0,1.005662,-0.2777525,-2.83046,-0.1893905,0.04476068,0.9336528,-0.349742,-0.01628783,-0.9367045,0.400147,0.9014605,-0.1650799,0.8470909,-0.4325549,-0.3087611,moving,0.0629488430199529,2.4360019994521265,-11.46680134453565,2.744741885914212,0.95460026,-0.3347833,-0.1840669999999997,0.001097671487674,0.0425034211920405,0.9990956976091068,0.7725340136890653,3.3070503076102344,11.520968884764414,11.53388311475936,12.2522455399898
3280,05/05/2023 12:22:16.798403,3478,True,True,True,True,Eyes,0.2151638,0.05358218,-2.524914,0.8658383,-0.3927713,-0.3099269,0.0,0.0,0.0,0.0,0.0,0.0,0.0,-2.481833,-0.4854628,-0.8099513,0.04407744,0.06076209,-2.654346,0.1263577,0.7966184,-0.1865756,0.5609122,26.04075,109.5822,359.4906,0.1148148,0.02078266,-0.9931692,0.0,0.0,0.0,1.003452,-0.2759215,-2.830492,-0.1853763,0.04287228,0.935716,-0.3388225,-0.007987364,-0.9408163,0.4106227,0.8984466,-0.155508,0.8465153,-0.4390103,-0.3011342,moving,0.0777922409504954,2.914462366840685,-11.205865131252828,2.623321599677912,0.95937456,-0.33668359,-0.1761460000000001,0.0013559741323259,0.0508449828372994,0.9987056063969084,0.7860378889698996,3.7992190162144,11.27582159549418,11.28741275224675,12.049417943645418
3281,05/05/2023 12:22:16.818673,3479,True,True,True,True,Eyes,0.2080306,0.05385463,-2.530625,0.8687023,-0.3914876,-0.3034697,0.0,0.0,0.0,0.0,0.0,0.0,0.0,-2.497036,-0.4413692,-0.8118122,0.03733043,0.06192341,-2.661543,0.1219349,0.7977734,-0.1735025,0.5644346,24.48657,109.4224,359.9176,0.1118266,0.02081925,-0.9935094,0.0,0.0,0.0,1.001304,-0.2741417,-2.830523,-0.1812642,0.04405145,0.9378362,-0.3330911,-0.001308736,-0.9428937,0.3904145,0.9100575,-0.1391828,0.8582697,-0.4144799,-0.302621,moving,-0.1550234535523116,1.439165933964777,-10.93919372722812,2.689284553002286,0.96397357,-0.33606511,-0.1689799999999999,-0.0027048130144414,0.0251154520439331,0.999680941026849,0.5600254549370982,2.2803495722376503,10.843867483167749,10.856386371776624,11.506488153123415
3282,05/05/2023 12:22:16.838377,3480,True,True,True,True,Eyes,0.200955,0.05426797,-2.53643,0.8716083,-0.3899481,-0.2970515,0.0,0.0,0.0,0.0,0.0,0.0,0.0,-2.516209,-0.4193414,-0.7856364,0.0288813,0.06333955,-2.668246,0.1266499,0.794673,-0.1731167,0.5678778,24.77057,108.9651,0.2948216,0.1088394,0.02085865,-0.9938402,0.0,0.0,0.0,0.9992083,-0.272406,-2.830553,-0.176825,0.04635667,0.9400466,-0.3229492,0.004672171,-0.9464048,0.3979087,0.9079809,-0.1312991,0.8587039,-0.4189856,-0.2950908,moving,-0.124748436845587,1.8198966364591256,-10.65299313554952,2.823149089211081,0.970327,-0.3357455499999999,-0.1623070000000002,-0.0021761711689388,0.0317577747128181,0.9994932971256404,0.588970710645813,2.6721173242705856,10.562867740584265,10.575937401466607,11.242978329303316
3283,05/05/2023 12:22:16.848276,3481,True,True,True,True,Eyes,0.1939172,0.05478421,-2.542303,0.8748091,-0.3874069,-0.2909034,0.0,0.0,0.0,0.0,0.0,0.0,0.0,-2.5338,-0.3909654,-0.7715247,0.02351147,0.06740519,-2.676406,0.1276166,0.7932429,-0.1673515,0.5713785,24.28875,108.6208,0.705292,0.1058559,0.02090601,-0.9941614,0.0,0.0,0.0,0.9970546,-0.2706218,-2.830584,-0.1732623,0.04673932,0.9422432,-0.3144813,0.01121979,-0.9491974,0.3937039,0.911415,-0.119666,0.8637701,-0.4113354,-0.2910404,moving,-0.1910364196300033,1.4978094270268003,-10.419312172697298,2.839789721262952,0.97354313,-0.33802699,-0.1541779999999999,-0.0033330688928483,0.0261385816013639,0.9996527001642144,0.5243889386191454,2.3404094329590306,10.30261070037412,10.315936021074505,10.955088985771647
3284,05/05/2023 12:22:16.868484,3482,True,True,True,True,Eyes,0.1869207,0.05537771,-2.548222,0.8780451,-0.3846782,-0.2847094,0.0,0.0,0.0,0.0,0.0,0.0,0.0,-2.550837,-0.352129,-0.7600064,0.01732939,0.07022757,-2.683866,0.1253284,0.7925953,-0.1570772,0.5756842,23.15977,108.2436,1.110298,0.1028779,0.02096443,-0.9944729,0.0,0.0,0.0,0.9948511,-0.2687964,-2.830616,-0.1708254,0.04866202,0.9442621,-0.3057613,0.0178156,-0.9519416,0.3795231,0.919239,-0.1046983,0.8731967,-0.3932965,-0.2878291,moving,-0.2463009704387084,0.5406389780798857,-10.254406488467524,2.9500962268324544,0.97752171,-0.33902397,-0.1467499999999999,-0.0042985581857877,0.009435702832939,0.999946222327572,0.4721695329720983,1.355636834321303,10.278050757430233,10.294059466195302,10.844433313829288
3285,05/05/2023 12:22:16.888328,3483,True,True,True,True,Eyes,0.1799881,0.05603422,-2.554188,0.8813033,-0.3818087,-0.2784359,0.0,0.0,0.0,0.0,0.0,0.0,0.0,-2.566763,-0.3352195,-0.7390299,0.01133663,0.07248902,-2.69099,0.1240798,0.7907373,-0.1530101,0.5795919,22.69421,107.754,1.171506,0.09990774,0.02103569,-0.994774,0.0,0.0,0.0,0.9926676,-0.2669876,-2.830647,-0.1689804,0.04488751,0.9462525,-0.2973551,0.01886231,-0.9545807,0.3735959,0.9223843,-0.09815029,0.8786388,-0.3858129,-0.2813226,moving,-0.1989413987399882,0.2524174013500905,-10.12506710984795,2.715911805685634,0.98133097,-0.33947662,-0.1396569999999997,-0.0034721416517584,0.0044054738048978,0.9999842380899282,0.5195314697775859,1.059550053921733,10.213295098189633,10.227256538921427,10.772697581110888
3286,05/05/2023 12:22:16.898534,3484,True,True,True,True,Eyes,0.1731377,0.05672965,-2.560204,0.8845695,-0.3787904,-0.2721297,0.0,0.0,0.0,0.0,0.0,0.0,0.0,-2.581215,-0.3344481,-0.7147987,0.005932149,0.07458888,-2.698122,0.1223206,0.7885574,-0.1523399,0.5831018,22.51394,107.2259,0.9461552,0.09694842,0.02112083,-0.9950651,0.0,0.0,0.0,0.9905598,-0.2652416,-2.830677,-0.1671052,0.04440617,0.9486181,-0.2900602,0.01525429,-0.9568869,0.370573,0.9236605,-0.09760679,0.8823497,-0.3829083,-0.27357,moving,-0.1122532588955047,0.2569981910807493,-9.990523837710064,2.680140854466948,0.984627651,-0.33983048,-0.1325549999999999,-0.0019591679440174,0.0044854408247618,0.999987991710938,0.6049700241942322,1.064865617221865,10.15776791839862,10.17112825577358,10.71791044325846
3287,05/05/2023 12:22:16.918439,3485,True,True,True,True,Eyes,0.1663746,0.05745734,-2.566259,0.8877379,-0.3758666,-0.2657927,0.0,0.0,0.0,0.0,0.0,0.0,0.0,-2.595938,-0.3204951,-0.6949127,0.001002797,0.07629865,-2.705308,0.1210426,0.7867182,-0.1488761,0.586736,22.10389,106.759,0.9740993,0.09400263,0.02121983,-0.9953455,0.0,0.0,0.0,0.9884647,-0.263506,-2.830707,-0.1639948,0.05088011,0.9510068,-0.2821793,0.01575094,-0.9592324,0.3651547,0.9263692,-0.09220695,0.8871511,-0.3762871,-0.2671538,moving,-0.083903605414214,0.0274105791500886,-9.78405171077053,3.062479507628662,0.987461903,-0.33980465,-0.1253989999999998,-0.0014643935067034,0.0004784043342813,0.999998833072424,0.6334555378921689,0.8289474692769503,10.1463594113169,10.163882952221744,10.65425373464906
3288,05/05/2023 12:22:16.938229,3486,True,True,True,True,Eyes,0.1597162,0.05822469,-2.572368,0.8908631,-0.3729328,-0.2593918,0.0,0.0,0.0,0.0,0.0,0.0,0.0,-2.611833,-0.302005,-0.6725044,-0.003773447,0.07777509,-2.712762,0.1222511,0.784211,-0.1464004,0.590453,21.96157,106.272,1.164996,0.0910736,0.02133239,-0.9956154,0.0,0.0,0.0,0.9862149,-0.2616423,-2.83074,-0.1622963,0.06098077,0.9530276,-0.27284,0.01885625,-0.9618746,0.3646264,0.9272432,-0.08525056,0.8902841,-0.3739847,-0.2598645,moving,-0.0339581589620162,0.0656671638834219,-9.664499174696244,3.661157421860224,0.989988347,-0.33941739,-0.1179779999999999,-0.0005926812703367,0.0011461077921633,0.9999991886649362,0.6825971086049406,0.8686401598944958,10.255714459716549,10.279828327892703,10.71730162654209
3289,05/05/2023 12:22:16.947975,3487,True,True,True,True,Eyes,0.1531718,0.05902569,-2.578512,0.8938571,-0.3701208,-0.2530418,0.0,0.0,0.0,0.0,0.0,0.0,0.0,-2.627162,-0.2825311,-0.6513336,-0.007912524,0.07947696,-2.720232,0.1230829,0.7818444,-0.1432834,0.5941718,21.73506,105.796,1.369038,0.08816478,0.02145853,-0.9958745,0.0,0.0,0.0,0.9841202,-0.2599071,-2.83077,-0.160004,0.07012798,0.9555791,-0.2636214,0.02219339,-0.964371,0.3627332,0.928641,-0.07778588,0.8938281,-0.3703153,-0.2528598,moving,0.009868716726524,0.0117647452967283,-9.505535050449309,4.197294673139588,0.992032724,-0.33938406,-0.1105379999999995,0.0001722416017457,0.000205333544232,1.000000001265628,0.7259247006299769,0.8135106745980066,10.364640350116275,10.395266693512596,10.77649120942162
3290,05/05/2023 12:22:16.968379,3488,True,True,True,True,Eyes,0.1467516,0.05984395,-2.58469,0.896808,-0.3672948,-0.2466373,0.0,0.0,0.0,0.0,0.0,0.0,0.0,-2.641021,-0.2690734,-0.6309173,-0.01176521,0.08105278,-2.727406,0.1230239,0.7796863,-0.1408302,0.5975963,21.50879,105.3379,1.448676,0.0852797,0.02159801,-0.9961227,0.0,0.0,0.0,0.9819231,-0.258087,-2.830801,-0.1558734,0.0741095,0.9584656,-0.2554878,0.02352091,-0.9665262,0.3601593,0.930064,-0.07256948,0.8972243,-0.366644,-0.2460912,moving,0.0354635398439062,-0.0410001553334048,-9.237034566035078,4.421368754721322,0.99368831,-0.33913978,-0.1033949999999999,0.0006189553418697,-0.0007155875122359,0.999999560775467,0.7512780995588637,0.7594239107241643,10.257701357323448,10.290381791408535,10.638431742796572
3291,05/05/2023 12:22:16.988038,3489,True,True,True,True,Eyes,-0.01079546,0.08097409,-2.740884,0.9523813,-0.2952526,-0.07612924,0.0,0.0,0.0,0.0,0.0,0.0,0.0,-2.654063,-0.2619452,-0.6095638,-0.01519726,0.08225876,-2.734452,0.1222608,0.7774857,-0.1393682,0.6009533,21.32512,104.8577,1.390475,0.08242171,0.02175001,-0.9963599,0.0,0.0,0.0,0.9797611,-0.256296,-2.830832,-0.1533609,0.09220153,0.961184,-0.2478152,0.02260453,-0.9685437,0.3576196,0.9312576,-0.0697675,0.9003866,-0.3636596,-0.2388636,moving,-9.751810507448944,4.127725962072279,-9.065367729201991,5.479329802040354,0.99495836,-0.33855476,-0.0963799999999999,-0.1689538338801834,0.0709453146976732,0.98306727334352,-8.905956626746825,4.978434444666622,1.5071984730996,1.5159276460385038,0.5256501294820835
3292,05/05/2023 12:22:16.998837,3490,True,True,True,True,Eyes,-0.01089819,0.08101959,-2.741152,0.9524063,-0.2952723,-0.07573948,0.0,0.0,0.0,0.0,0.0,0.0,0.0,-2.66708,-0.2585483,-0.5844243,-0.01840455,0.08372103,-2.741235,0.1222716,0.7747485,-0.1394628,0.604454,21.34066,104.3195,1.283391,0.07168186,0.02276411,-0.9971675,-0.4726412,0.06339042,-0.4685819,0.9777362,-0.2546185,-2.830862,-0.150015,0.1024802,0.9645965,-0.2393702,0.02086181,-0.9707042,0.3580571,0.9311996,-0.06828208,0.9024949,-0.3639123,-0.2303712,moving,-9.266447632450223,4.138464473501564,-8.839880727079837,6.064442097685958,0.99614075,-0.33833953,-0.0896270000000001,-0.1606168682162896,0.0712300833313752,0.9844432218927848,-8.427554991907122,4.992862984389706,1.9550231882899884,1.9726502816303328,1.1481699821622666
3293,05/05/2023 12:22:17.018721,3491,True,True,True,True,Eyes,-0.01110129,0.08106805,-2.741694,0.9524204,-0.2954076,-0.07503095,0.0,0.0,0.0,0.0,0.0,0.0,0.0,-2.680435,-0.2524656,-0.5574782,-0.02096922,0.08486093,-2.748019,0.1227553,0.7716503,-0.1394477,0.6083106,21.38028,103.7308,1.217979,0.06264224,0.02360768,-0.9977566,-0.4442827,0.05958699,-0.440467,0.9755984,-0.2528476,-2.830892,-0.1444112,0.09913791,0.9693185,-0.2297794,0.01979337,-0.9730416,0.3591034,0.930971,-0.06586295,0.9045699,-0.3645564,-0.2210258,moving,-8.74744013598621,4.17397928569191,-8.473724544809897,5.839671513160314,0.99656762,-0.33770853,-0.0828729999999997,-0.151685144650277,0.0719430505812665,0.9858071445761124,-7.9160479052418,5.033006950264007,1.673129437935535,1.68803164114351,0.9806686246396678
3294,05/05/2023 12:22:17.038474,3492,True,True,True,True,Eyes,-0.01139622,0.0811078,-2.742487,0.9523864,-0.2957816,-0.07398221,0.0,0.0,0.0,0.0,0.0,0.0,0.0,-2.69333,-0.2442711,-0.5318086,-0.02352656,0.08495663,-2.754767,0.1224049,0.7687723,-0.138452,0.6122395,21.2697,103.1489,1.14807,0.05501565,0.02431078,-0.9981892,-0.4176258,0.05601177,-0.414039,0.9734543,-0.2510714,-2.830923,-0.144731,0.1218129,0.9715971,-0.2203597,0.01867146,-0.9752399,0.3577347,0.9316961,-0.06299392,0.907451,-0.3627585,-0.2119877,moving,-8.255628277905716,4.043308498357734,-8.47258972620816,7.146107661262464,0.99698086,-0.33602803,-0.0761559999999996,-0.1432397871927311,0.0697833843182352,0.9872247058487136,-7.430956238583634,4.90205024599352,3.0749563876076573,3.110375365670804,2.4740238490290203
3295,05/05/2023 12:22:17.048818,3493,True,True,True,True,Eyes,-0.01174383,0.0811571,-2.743545,0.9523094,-0.2963398,-0.0727288,0.0,0.0,0.0,0.0,0.0,0.0,0.0,-2.706399,-0.231301,-0.5064728,-0.02600516,0.08483569,-2.761654,0.1258005,0.7653764,-0.1394802,0.6155636,21.61612,102.6285,1.285196,0.04856228,0.02489777,-0.9985095,-0.3925682,0.05265107,-0.3891966,0.9713002,-0.249287,-2.830954,-0.1455318,0.1296402,0.9742056,-0.2105117,0.02085167,-0.977369,0.3642872,0.929439,-0.05863325,0.9071823,-0.368386,-0.2032537,moving,-7.814073449503381,4.384805614567694,-8.496306532835998,7.579972279522849,0.99730536,-0.33412269,-0.0693000000000001,-0.1355683012674354,0.0757487842086015,0.9878680610912676,-6.99651599847962,5.256336884271857,3.225657442888768,3.2671902296674094,2.765619839567294
3296,05/05/2023 12:22:17.068697,3494,True,True,True,True,Eyes,-0.01214294,0.08120868,-2.744836,0.9522516,-0.2968888,-0.07123329,0.0,0.0,0.0,0.0,0.0,0.0,0.0,-2.718438,-0.213505,-0.4881215,-0.02755639,0.08512209,-2.768708,0.1281146,0.7628443,-0.1380908,0.6185355,21.66446,102.2184,1.518934,0.04308354,0.02538928,-0.9987486,-0.3690141,0.049492,-0.3658448,0.9691836,-0.2475336,-2.830984,-0.1502215,0.1057686,0.9793217,-0.2020009,0.02463488,-0.9790754,0.366291,0.9290352,-0.05219663,0.9083097,-0.3691703,-0.1966895,moving,-7.487543753740004,4.436546095470595,-8.720820287209401,6.164159800338926,0.99673999,-0.33265569,-0.0622759999999997,-0.1299268029591002,0.0766992993689256,0.9885527270820548,-6.6747743975074405,5.311825643391881,2.0927743898690947,2.122644605499276,2.216478580511194
3297,05/05/2023 12:22:17.088834,3495,True,True,True,True,Eyes,-0.01260399,0.08122016,-2.746378,0.9521592,-0.297584,-0.06954538,0.0,0.0,0.0,0.0,0.0,0.0,0.0,-2.730397,-0.1922451,-0.4694328,-0.02919314,0.08523107,-2.775658,0.1303362,0.7602769,-0.1359083,0.6217077,21.63658,101.7956,1.799701,0.03833567,0.02581038,-0.9989313,-0.3468733,0.04652248,-0.3438942,0.9670829,-0.2457935,-2.831015,-0.1503902,0.1140032,0.9831914,-0.1929841,0.02919276,-0.9807676,0.3671738,0.9290828,-0.04459386,0.9099125,-0.368718,-0.190017,moving,-7.157281174888371,4.406034256269992,-8.696627538585703,6.614035171576277,0.99627604,-0.33102457,-0.0553569999999998,-0.1242309658118609,0.0762289019930225,0.9893208583237164,-6.349159444052322,5.2827493016337375,2.653862617090394,2.691626881538672,2.6986901493800373
3298,05/05/2023 12:22:17.098837,3496,True,True,True,True,Eyes,-0.01311565,0.0812059,-2.748132,0.9519933,-0.2985721,-0.06755316,0.0,0.0,0.0,0.0,0.0,0.0,0.0,-2.742065,-0.1735491,-0.447341,-0.03100741,0.0842794,-2.78228,0.1325742,0.7572936,-0.1347654,0.6251151,21.70712,101.3055,1.992764,0.03404529,0.02618764,-0.9990768,-0.3260609,0.04373113,-0.3232605,0.9648863,-0.2439738,-2.831046,-0.1527542,0.1053327,0.9862192,-0.1833106,0.03230744,-0.9825242,0.3692829,0.9285247,-0.03836567,0.9110585,-0.3698622,-0.1821391,moving,-6.784410642568524,4.44224458226473,-8.804504918106613,6.0963394219361,0.99589371,-0.3282532,-0.048766,-0.1177838373851494,0.0769150018186722,0.9900560699856086,-5.981702632678259,5.322589470354005,2.5789550050890537,2.610902261803228,2.926927011422189
3299,05/05/2023 12:22:17.122640,3497,True,True,True,True,Eyes,-0.01364442,0.08116642,-2.750076,0.9517736,-0.2997124,-0.06556971,0.0,0.0,0.0,0.0,0.0,0.0,0.0,-2.754139,-0.1557091,-0.422097,-0.03272134,0.08370606,-2.789196,0.1371029,0.7535678,-0.1358785,0.628391,22.15391,100.7859,2.21914,0.03016519,0.02652436,-0.9991927,-0.3064972,0.04110726,-0.3038649,0.9627236,-0.2421822,-2.831077,-0.1544946,0.08703242,0.9907564,-0.1726548,0.03586297,-0.9843292,0.3774023,0.9254797,-0.03247888,0.9098119,-0.3770958,-0.1733233,moving,-6.36872456979745,4.84561408479528,-8.863096762780149,5.02022780874233,0.99544494,-0.32588826,-0.041881,-0.1105348455981407,0.0839535180615041,0.9903200240093584,-5.5729072696465805,5.740327415665957,2.489508390530319,2.500476472537979,3.368069230971669
3300,05/05/2023 12:22:17.138570,3498,True,True,True,True,Eyes,-0.01421122,0.08110714,-2.752221,0.951522,-0.3009973,-0.06329799,0.0,0.0,0.0,0.0,0.0,0.0,0.0,-2.765761,-0.1358387,-0.3987434,-0.03374998,0.08311711,-2.796218,0.1397396,0.7502671,-0.1348241,0.6319768,22.26757,100.2615,2.432214,0.02665382,0.02682357,-0.9992845,-0.2881074,0.03864083,-0.285633,0.9606829,-0.2404917,-2.831106,-0.1544439,0.0797359,0.9943024,-0.1621566,0.03927258,-0.9859833,0.3800954,0.9245906,-0.02568384,0.9106223,-0.3789325,-0.1648557,moving,-5.974292385606377,4.902269014851608,-8.82913464116793,4.584897841027999,0.99443288,-0.3236088099999999,-0.034888,-0.103705595128074,0.0849956080155015,0.9909697385826356,-5.184245101005788,5.801343883049414,2.866060118856585,2.8724290706845914,3.842520101851512
3301,05/05/2023 12:22:17.148790,3499,True,True,True,True,Eyes,-0.01421122,0.08110714,-2.752221,0.951522,-0.3009973,-0.06329799,0.0,0.0,0.0,0.0,0.0,0.0,0.0,-2.777069,-0.1207753,-0.373704,-0.03521973,0.0826182,-2.803263,0.142626,0.746779,-0.1352234,0.6353689,22.5323,99.72608,2.555697,0.02347332,0.02708811,-0.9993572,-0.270821,0.03632238,-0.268495,0.9584919,-0.2386767,-2.831138,-0.1537974,0.07662522,0.9968318,-0.1519285,0.04118666,-0.9875332,0.3848537,0.9227449,-0.02072377,0.9103876,-0.3832043,-0.1560421,moving,-5.441783440820789,5.173264372457402,-8.770791000582985,4.39561126724237,0.99371163,-0.3212949,-0.0278750000000003,-0.0944514697202666,0.0897647733836947,0.9914743223888278,-4.659984372869855,6.083758342665332,3.4139827268745067,3.418630673969395,4.443936507051975
3302,05/05/2023 12:22:17.168374,3500,True,True,True,True,Eyes,-0.01421122,0.08110714,-2.752221,0.951522,-0.3009973,-0.06329799,0.0,0.0,0.0,0.0,0.0,0.0,0.0,-2.787678,-0.108829,-0.3509514,-0.03609069,0.08206256,-2.810359,0.1445365,0.74366,-0.1354004,0.6385498,22.70404,99.222,2.612705,0.02061045,0.02732598,-0.9994138,-0.2545717,0.03414303,-0.2523853,0.9563211,-0.2368784,-2.831169,-0.1537734,0.07032662,0.9989806,-0.1427268,0.04205218,-0.9888685,0.3878917,0.9215519,-0.01679621,0.9105873,-0.3859711,-0.1478419,moving,-4.947552091807597,5.342550297556643,-8.750872876299749,4.026886736782276,0.99241179,-0.31894096,-0.0208099999999999,-0.0858719170072379,0.0927661043486989,0.9919781199113208,-4.173214585352688,6.261304373227159,4.021440341724938,4.024452707499428,5.093876480906491
3303,05/05/2023 12:22:17.188156,3501,True,True,True,True,Eyes,-0.01421122,0.08110714,-2.752221,0.951522,-0.3009973,-0.06329799,0.0,0.0,0.0,0.0,0.0,0.0,0.0,-2.798104,-0.09769706,-0.3290026,-0.0369317,0.08170567,-2.817646,0.145428,0.7408171,-0.1347911,0.6417727,22.7291,98.7254,2.638577,0.0180338,0.02753987,-0.9994578,-0.2392974,0.03209445,-0.2372422,0.9541877,-0.2351111,-2.8312,-0.1533476,0.06927323,1.00065,-0.1339572,0.04246058,-0.9900772,0.3884815,0.9213641,-0.01304766,0.9116676,-0.3863745,-0.1399185,moving,-4.468585632120904,5.360851122078343,-8.712679348016984,3.960167131260633,0.9911194,-0.3168167699999999,-0.013554,-0.0775737635592586,0.0931465182834199,0.9926258932590156,-3.701135778971496,6.283465651945935,4.465310050314327,4.469255767064761,5.523883141473912
3304,05/05/2023 12:22:17.198609,3502,True,True,True,True,Eyes,-0.01421122,0.08110714,-2.752221,0.951522,-0.3009973,-0.06329799,0.0,0.0,0.0,0.0,0.0,0.0,0.0,-2.808011,-0.08924517,-0.3083591,-0.03752925,0.08109642,-2.824888,0.1455541,0.7382377,-0.1341088,0.6448519,22.68907,98.24836,2.60585,0.01571479,0.0277322,-0.9994916,-0.2249396,0.03016878,-0.2230077,0.952093,-0.2333759,-2.83123,-0.1529779,0.06633195,1.002001,-0.1259601,0.04194652,-0.9911481,0.3878677,0.9216577,-0.01028657,0.9130677,-0.38573,-0.1323618,moving,-4.016333987129958,5.30885948977638,-8.680454639711806,3.787424902878775,0.98962225,-0.31447232,-0.006342,-0.0697418801803952,0.0922992676525104,0.9932859819654378,-3.25522439524389,6.233149439698845,4.901567184499876,4.905994768041322,5.951024425718076
3305,05/05/2023 12:22:17.223352,3503,True,True,True,True,Eyes,-0.01487855,0.08094967,-2.755873,0.9516214,-0.3014829,-0.05936978,0.0,0.0,0.0,0.0,0.0,0.0,0.0,-2.818196,-0.08205982,-0.2878909,-0.03908604,0.08076313,-2.83263,0.1446708,0.7359759,-0.1327726,0.6479053,22.51348,97.78796,2.537568,0.01362758,0.02790517,-0.9995174,-0.2114432,0.02835866,-0.2096272,0.9498355,-0.2315058,-2.831262,-0.1526489,0.06316674,1.002928,-0.118578,0.04090026,-0.9921021,0.3849965,0.9228837,-0.007968862,0.9152688,-0.3829007,-0.1251802,moving,-3.8148842120425295,5.094903987695949,-8.6541845623293,3.603861359866318,0.98892154,-0.31226893,0.0013679999999998,-0.0662713878565233,0.0886104790387618,0.9938592882615274,-3.0561492311015286,6.014515009915101,5.059339703878859,5.063796599221848,6.095018506138266
3306,05/05/2023 12:22:17.238319,3504,True,True,True,True,Eyes,-0.01550824,0.08077843,-2.759678,0.951759,-0.3018174,-0.05532589,0.0,0.0,0.0,0.0,0.0,0.0,0.0,-2.827565,-0.07318244,-0.2708869,-0.03927202,0.08007326,-2.840054,0.1438296,0.733959,-0.1309181,0.6507518,22.29478,97.3749,2.523623,0.01172551,0.02805115,-0.9995375,-0.1987566,0.02665714,-0.1970496,0.9477276,-0.2297596,-2.831293,-0.1518867,0.06054766,1.003605,-0.1116706,0.04073967,-0.99291,0.3815205,0.924347,-0.004982316,0.9175904,-0.3793718,-0.1187654,moving,-3.66218359510793,4.851790306832177,-8.605900169057996,3.4524794641136367,0.98699962,-0.30983286,0.0087609999999997,-0.0636457033907237,0.0844070674486021,0.9943965821203729,-2.9050578833695075,5.765553347354212,5.133437683088262,5.137937757320368,6.152228340660284
3307,05/05/2023 12:22:17.248485,3505,True,True,True,True,Eyes,-0.01550824,0.08077843,-2.759678,0.951759,-0.3018174,-0.05532589,0.0,0.0,0.0,0.0,0.0,0.0,0.0,-2.836918,-0.06399152,-0.2537982,-0.039004,0.07951593,-2.84759,0.1431392,0.7318636,-0.1290698,0.6536267,22.08874,96.95652,2.523027,0.009991399,0.02817221,-0.9995529,-0.1868312,0.02505771,-0.1852266,0.9456219,-0.2280153,-2.831323,-0.1498137,0.06103927,1.004227,-0.1045668,0.04078985,-0.9936811,0.3782437,0.9257044,-0.00180374,0.9197813,-0.3760422,-0.1122264,moving,-3.2701037616449846,4.636488527919527,-8.48498531776605,3.478292427567412,0.9846259,-0.30753123,0.016267,-0.0568570301982625,0.0807029350087113,0.9951151719906924,-2.518073631896182,5.546863720556969,5.335934198062367,5.341947945388696,6.315300646932882
3308,05/05/2023 12:22:17.268323,3506,True,True,True,True,Eyes,-0.01550824,0.08077843,-2.759678,0.951759,-0.3018174,-0.05532589,0.0,0.0,0.0,0.0,0.0,0.0,0.0,-2.845523,-0.05722151,-0.2451749,-0.03842789,0.07904616,-2.855287,0.1409582,0.7310156,-0.1259691,0.6556514,21.65455,96.7043,2.522253,0.008430813,0.02828108,-0.9995642,-0.1756213,0.02355425,-0.174113,0.9434553,-0.2262205,-2.831354,-0.1466737,0.06220902,1.004215,-0.1005039,0.04090158,-0.9940956,0.3712688,0.9285251,0.0006681497,0.9230701,-0.3690096,-0.1085059,moving,-3.046323744799645,4.196621549304261,-8.309752615706612,3.5448239265344386,0.98188319,-0.30526666,0.0239329999999999,-0.053001242590419,0.0730765287159898,0.9959169545513042,-2.2964550092939504,5.096049831245569,5.295745622080959,5.3036330585878,6.210156995659218
3309,05/05/2023 12:22:17.288603,3507,True,True,True,True,Eyes,-0.01600849,0.08055845,-2.764346,0.9522627,-0.301029,-0.05076683,0.0,0.0,0.0,0.0,0.0,0.0,0.0,-2.853962,-0.04937767,-0.2370906,-0.0375024,0.07840601,-2.8629,0.1384936,0.7302315,-0.1223397,0.6577345,21.15281,96.45431,2.539989,0.00702624,0.02837902,-0.9995723,-0.165084,0.02214099,-0.1636662,0.9413168,-0.2244489,-2.831385,-0.1436692,0.06171238,1.00403,-0.09641006,0.04133068,-0.9944833,0.3631987,0.9317051,0.0035114,0.9267103,-0.3608565,-0.104837,moving,-3.088430782812821,3.744457773512492,-8.143319271689265,3.517241784455058,0.9788192,-0.30285491,0.0315149999999997,-0.0537625040841578,0.0652121556370587,0.9964220730154008,-2.3368948848283377,4.630735324108581,5.051395671696791,5.059992563300754,5.912227331825412
3310,05/05/2023 12:22:17.298481,3508,True,True,True,True,Eyes,-0.01642571,0.08032586,-2.769134,0.9528087,-0.3000225,-0.04628253,0.0,0.0,0.0,0.0,0.0,0.0,0.0,-2.862155,-0.04351393,-0.2310352,-0.03635205,0.07784182,-2.870509,0.13631,0.7296216,-0.1193113,0.6594215,20.72455,96.25208,2.546588,0.005745375,0.0284542,-0.9995783,-0.155179,0.02081253,-0.1538462,0.9391521,-0.2226557,-2.831416,-0.1414058,0.06989031,1.003028,-0.09316581,0.04155663,-0.994783,0.3562623,0.9343688,0.005667346,0.9297298,-0.3538757,-0.1018563,moving,-3.169603412460922,3.3793007436652225,-8.024612543318021,3.985888571937364,0.97550415,-0.30049752,0.0390930000000002,-0.0551959547415399,0.0588558748569326,0.9967393763969272,-2.416047112580422,4.254629140897123,4.87882392935798,4.892756120441087,5.615000239026678
3311,05/05/2023 12:22:17.318203,3509,True,True,True,True,Eyes,-0.0167486,0.08007759,-2.774024,0.9533928,-0.2987563,-0.0422708,0.0,0.0,0.0,0.0,0.0,0.0,0.0,-2.870269,-0.03424048,-0.2269683,-0.03481671,0.07723811,-2.878185,0.1348479,0.7290728,-0.1160639,0.6609071,20.33337,96.08891,2.64139,0.004577819,0.02850845,-0.9995829,-0.1458683,0.01956378,-0.1446155,0.937025,-0.2208937,-2.831446,-0.1409597,0.07229279,1.001451,-0.09003587,0.04321292,-0.9950008,0.3500428,0.9366904,0.009005807,0.9323968,-0.347482,-0.09946208,moving,-3.254516623738888,3.072041922046533,-8.012058796737174,4.128908187376917,0.97184171,-0.29813181,0.046739,-0.0566901682757686,0.0535053746075328,0.9969570593175728,-2.499022895177724,3.9380413934989353,4.856867635268646,4.873517603400099,5.516338911351321
3312,05/05/2023 12:22:17.338376,3510,True,True,True,True,Eyes,-0.0169633,0.07982557,-2.779021,0.9540066,-0.2973249,-0.0383326,0.0,0.0,0.0,0.0,0.0,0.0,0.0,-2.878075,-0.02417057,-0.2245824,-0.03294434,0.07654126,-2.885722,0.132993,0.7287458,-0.1122014,0.6623092,19.85845,95.95114,2.755314,0.003516446,0.02854319,-0.9995862,-0.1371162,0.01838995,-0.1359385,0.9347531,-0.2190116,-2.831479,-0.1401606,0.07375847,0.9998935,-0.08731911,0.04521223,-0.995154,0.3424602,0.9394474,0.01263247,0.9354661,-0.3396975,-0.09751511,moving,-3.363089487896612,2.6930125801539213,-7.979473880839294,4.218857964613143,0.96769744,-0.29555286,0.054243,-0.0585987231123346,0.0469038965508515,0.997179167133109,-2.6051511147168105,3.547477368739353,4.84280425903092,4.862016968366143,5.416096112420668
3313,05/05/2023 12:22:17.348667,3511,True,True,True,True,Eyes,-0.0170652,0.07956076,-2.784121,0.9545727,-0.295965,-0.03457942,0.0,0.0,0.0,0.0,0.0,0.0,0.0,-2.885849,-0.01261514,-0.2227542,-0.03058867,0.07613212,-2.893298,0.1321715,0.7282694,-0.1088597,0.663554,19.50957,95.8267,2.921676,0.002554794,0.02856019,-0.9995885,-0.1288892,0.01728656,-0.1277822,0.9327299,-0.2173356,-2.831508,-0.1380405,0.07772341,0.9985433,-0.08445346,0.04804436,-0.9952684,0.3369816,0.9413605,0.01684749,0.9377158,-0.3339643,-0.09569125,moving,-3.467093311821551,2.439173949246804,-7.87079001910699,4.450745931865811,0.96331857,-0.29346772,0.0617900000000002,-0.0604206798526998,0.042481004990285,0.997268651246483,-2.707070576372688,3.285695665388188,4.818633346974857,4.841380643061892,5.293518735840257
3314,05/05/2023 12:22:17.368487,3512,True,True,True,True,Eyes,-0.01705151,0.07927015,-2.789315,0.955163,-0.2944678,-0.03086112,0.0,0.0,0.0,0.0,0.0,0.0,0.0,-2.893463,0.003548779,-0.2203491,-0.02803626,0.07547672,-2.900726,0.1316054,0.7276443,-0.104766,0.6650097,19.11726,95.68356,3.165993,0.001687492,0.02856071,-0.9995905,-0.1211558,0.01624936,-0.1201153,0.9305329,-0.2155156,-2.83154,-0.1353618,0.08798605,0.9965544,-0.08088429,0.05218301,-0.9953565,0.3308647,0.9434082,0.02257295,0.9402053,-0.3275026,-0.09357238,moving,-3.551730258294886,2.154933471933456,-7.735136535694082,5.045576204323182,0.95856916,-0.2909923199999999,0.0691860000000001,-0.0619060526347834,0.0375296977047021,0.9973761642283554,-2.789828280712137,2.992782706314276,5.054358657291909,5.084948720301959,5.354440669412652
3315,05/05/2023 12:22:17.378625,3513,True,True,True,True,Eyes,-0.01691256,0.07894912,-2.794656,0.9556815,-0.2931643,-0.02697306,0.0,0.0,0.0,0.0,0.0,0.0,0.0,-2.901052,0.02270892,-0.2173223,-0.02527997,0.07448784,-2.908206,0.1317215,0.7267962,-0.100725,0.666537,18.78437,95.52586,3.463536,0.0009079188,0.02854544,-0.9995918,-0.1138865,0.0152744,-0.1129084,0.9284325,-0.2137757,-2.83157,-0.1328277,0.09212475,0.9945151,-0.07675628,0.05719555,-0.9954082,0.3257431,0.9450079,0.02918147,0.9423376,-0.3220075,-0.0911663,moving,-3.6297273952027096,1.9223026871016216,-7.607418085084058,5.2923671365357965,0.95371247,-0.28826354,0.0766359999999997,-0.0632728425261963,0.0334770032024332,0.997434619339906,-2.8661626688801425,2.752993243621847,5.179638302464558,5.213382550485704,5.3784684334572335
3316,05/05/2023 12:22:17.398646,3514,True,True,True,True,Eyes,-0.01663611,0.07862558,-2.80008,0.9562038,-0.2917887,-0.02310508,0.0,0.0,0.0,0.0,0.0,0.0,0.0,-2.90848,0.04360753,-0.2131817,-0.02212121,0.07329497,-2.915603,0.1324405,0.7256671,-0.09693801,0.668184,18.5226,95.34132,3.789695,0.0002128996,0.02851481,-0.9995931,-0.1070533,0.01435794,-0.1061339,0.9262713,-0.2119853,-2.831601,-0.1302271,0.09877675,0.9926447,-0.0719794,0.06267065,-0.9954353,0.3217603,0.9461251,0.03629987,0.9440812,-0.3176787,-0.08826653,moving,-3.6777196115042825,1.7663927019491923,-7.474066611102175,5.68271915076738,0.94839251,-0.28528027,0.0840019999999999,-0.064113898904085,0.0307610695020542,0.9974684766318902,-2.913101692039171,2.592315345715772,5.41655287252172,5.45434353474997,5.509355377101831
3317,05/05/2023 12:22:17.418322,3515,True,True,True,True,Eyes,-0.01620819,0.07827383,-2.805545,0.9566741,-0.290533,-0.01910906,0.0,0.0,0.0,0.0,0.0,0.0,0.0,-2.915873,0.06264371,-0.2088988,-0.01859132,0.07284088,-2.923051,0.1331807,0.7245089,-0.09344158,0.66979,18.28867,95.1543,4.095329,-0.0004021514,0.02847021,-0.9995944,-0.1006301,0.01349646,-0.09976584,0.9241027,-0.2101889,-2.831632,-0.1282993,0.1034835,0.9902854,-0.06728894,0.06780876,-0.9954267,0.3181537,0.9470631,0.04300771,0.9456482,-0.3138047,-0.08530044,moving,-3.7313672193238143,1.6305515560137438,-7.382001409160248,5.965680195511179,0.94269402,-0.28302978,0.0914190000000001,-0.0650523760789701,0.0283943796529101,0.9974777498493388,-2.965662578668389,2.4522374985730258,5.626977664457465,5.667492418079939,5.643432311136393
3318,05/05/2023 12:22:17.438622,3516,True,True,True,True,Eyes,-0.0156448,0.07787462,-2.811076,0.9571368,-0.2892424,-0.015095,0.9410745,0.8850923,-0.194324,-2.825281,-0.3232984,-0.8290991,0.4561501,-0.1794437,0.03314052,0.9262785,-0.01462236,0.07177286,-2.930145,0.132577,0.7232698,-0.08930662,0.6718099,17.89771,94.90656,4.326175,-0.0009383436,0.02841218,-0.9995956,-0.09459229,0.01268667,-0.09377989,0.9220086,-0.2084542,-2.831662,-0.1269007,0.1053706,0.9883063,-0.0621898,0.07178377,-0.9954795,0.311772,0.9488953,0.04894751,0.9481196,-0.3073186,-0.08139176,moving,-3.742800485605467,1.3327287711021505,-7.316867866730328,6.085734365445119,0.93663096,-0.28022706,0.0984829999999998,-0.065260155284117,0.0232088258962755,0.9975982866012798,-2.976230694369441,2.145866510989796,5.904795839890707,5.946849571384523,5.862055080997748
3319,05/05/2023 12:22:17.448380,3517,True,True,True,True,Eyes,-0.01493662,0.07753511,-2.816669,0.9574296,-0.2884594,-0.01093995,0.935733,0.8809618,-0.1923859,-2.826906,-0.453328,-0.819847,0.3497779,-0.1803598,0.03231748,0.9180906,-0.01085084,0.07018767,-2.937314,0.1331771,0.7217183,-0.08671641,0.6736966,17.7348,94.65063,4.539895,-0.001399848,0.02834031,-0.9995971,-0.08891675,0.01192547,-0.0881531,0.9199054,-0.2067119,-2.831692,-0.1259271,0.1061672,0.9861195,-0.05679371,0.07539162,-0.9955353,0.3090738,0.9494882,0.05427232,0.9493408,-0.3046115,-0.07722655,moving,-3.74105453466846,1.230780487673914,-7.277263426973496,6.144886222408566,0.93075624,-0.27689957,0.1056220000000003,-0.0652323439131028,0.0214337701206008,0.9976398557177546,-2.974269470301973,2.0410315439960955,6.011632442900911,6.054189334846508,5.9462072123900604
3320,05/05/2023 12:22:17.468454,3518,True,True,True,True,Eyes,-0.01406759,0.07712729,-2.822315,0.9578351,-0.2872413,-0.006653714,0.9305903,0.8772845,-0.1901767,-2.828507,-0.6986825,-0.6728481,0.2431423,-0.181962,0.03668964,0.9103992,-0.006703601,0.07129984,-2.944602,0.1375632,0.7197513,-0.08557165,0.6750645,17.99348,94.45826,4.975616,-0.001789949,0.02825792,-0.9995981,-0.08358175,0.01120994,-0.08286391,0.9177104,-0.2048936,-2.831724,-0.1260377,0.1047282,0.9849907,-0.05072879,0.08248988,-0.9953001,0.3135554,0.9475077,0.06254751,0.948214,-0.3089087,-0.07393111,moving,-3.766305054325398,1.593874928472503,-7.2918435453543795,6.06911777815122,0.924414001,-0.27619344,0.1128780000000002,-0.0656617862532284,0.0277547503339906,0.9974558229754472,-3.0000147227196683,2.414274346335466,5.65623262081352,5.697123854659243,5.637169072671567
3321,05/05/2023 12:22:17.488378,3519,True,True,True,True,Eyes,-0.01310652,0.07670724,-2.828017,0.9580314,-0.286656,-0.002082062,0.9279194,0.8758695,-0.1892864,-2.829949,-0.5127382,-0.8451664,0.1509743,-0.1811316,0.02697762,0.9048672,-0.002064007,0.06908675,-2.951592,0.135994,0.7176176,-0.07755931,0.6786129,17.21093,94.01837,5.401415,-0.002109203,0.02816384,-0.9995997,-0.07856684,0.01053735,-0.07789208,0.915503,-0.2030649,-2.831755,-0.1263947,0.1025069,0.9825215,-0.04198067,0.08991782,-0.9950641,0.3004488,0.9509804,0.07325867,0.9528738,-0.2958903,-0.06693848,moving,-3.665402993896517,0.8659734256480046,-7.33045138779998,5.9561456699144175,0.917567007,-0.2721516499999999,0.1198370000000004,-0.0639224566717253,0.0150826041832139,0.9978409669322243,-2.89883940238734,1.6663788947619689,6.230164764512325,6.272354677946276,6.167761650262986
3322,05/05/2023 12:22:17.498482,3520,True,True,True,True,Eyes,-0.0119679,0.07641935,-2.833792,0.9580995,-0.2864248,0.002522659,0.0,0.0,0.0,0.0,0.0,0.0,0.0,-2.950221,0.1693606,-0.165839,0.001089463,0.06848205,-2.958935,0.1421018,0.7149899,-0.07969275,0.6798866,17.88968,93.78414,5.719423,-0.00236156,0.02805884,-0.9996019,-0.07385283,0.009905106,-0.07321855,0.9135,-0.2014056,-2.831784,-0.1267648,0.1001998,0.9799598,-0.03512279,0.09483862,-0.9948729,0.3115668,0.9469123,0.07926722,0.9495751,-0.3071853,-0.06280672,moving,-3.6320572085090608,1.5785833360283037,-7.370688296951407,5.838140567028977,0.912410537,-0.26988765,0.127151,-0.0633249695928911,0.0274927038047567,0.9976142948190364,-2.867649274691962,2.3994841222587717,5.628319239181915,5.667555929996432,5.665837853411529
3323,05/05/2023 12:22:17.518447,3521,True,True,True,True,Eyes,-0.0106602,0.07620492,-2.839627,0.9583181,-0.285603,0.007557345,0.0,0.0,0.0,0.0,0.0,0.0,0.0,-2.95592,0.2089434,-0.1556172,0.006450246,0.07135743,-2.966514,0.1492442,0.7118235,-0.07708412,0.6819762,18.25838,93.49747,6.489571,-0.002547575,0.02794866,-0.9996045,0.0,0.0,0.0,0.9113153,-0.1995958,-2.831816,-0.1301821,0.09389968,0.9769543,-0.02526933,0.1073321,-0.9939021,0.3176102,0.9435684,0.09382144,0.9478847,-0.3133026,-0.05793313,moving,-3.578796574737716,2.0438336427344947,-7.590121456770118,5.49010279901916,0.904865054,-0.27095323,0.1346980000000002,-0.0623816130739332,0.0355945972363218,0.9974173283324972,-2.816246026709956,2.878335050336547,5.25300097394503,5.288430618507846,5.4416190049277375
3324,05/05/2023 12:22:17.538390,3522,True,True,True,True,Eyes,-0.009275453,0.07603143,-2.845518,0.9583742,-0.2852317,0.01271424,0.0,0.0,0.0,0.0,0.0,0.0,0.0,-2.961624,0.2393236,-0.1402807,0.01171263,0.07264152,-2.973677,0.1446868,0.7101687,-0.06591786,0.6858434,16.98315,93.02963,6.911325,-0.002668088,0.02783644,-0.9996073,0.0,0.0,0.0,0.909091,-0.1977533,-2.831848,-0.1335555,0.08661157,0.9736164,-0.01736951,0.1150854,-0.9932039,0.2959227,0.9494412,0.1048394,0.9550541,-0.2920906,-0.05054765,moving,-3.5607220041555703,0.8110041587692525,-7.810781061686412,5.083571734659814,0.89737837,-0.27039482,0.1418289999999999,-0.0621001259765651,0.0141269006107993,0.9979698827330086,-2.795524800456957,1.6105765925538136,5.989749468875156,6.026428103201041,6.100368072738982
3325,05/05/2023 12:22:17.548276,3523,True,True,True,True,Eyes,-0.007736142,0.07594844,-2.851476,0.9583285,-0.2850935,0.01811337,0.0,0.0,0.0,0.0,0.0,0.0,0.0,-2.968691,0.2544703,-0.1189277,0.01490737,0.07352918,-2.981005,0.1496618,0.7063228,-0.06787085,0.6885515,17.5764,92.56004,7.107437,-0.002727129,0.02772379,-0.9996104,0.0,0.0,0.0,0.9070547,-0.1960664,-2.831877,-0.1377071,0.08038795,0.9701079,-0.00699673,0.117954,-0.9929945,0.3048842,0.9459898,0.1102223,0.9523638,-0.3019772,-0.04258112,moving,-3.3443525860795376,1.405141806383296,-8.079176368545978,4.736989782299239,0.89214733,-0.26959558,0.1491280000000001,-0.0583193395171646,0.0244801548540979,0.9979977397188124,-2.5836473269970748,2.2231171626972106,5.758145887651977,5.789625824319304,6.043210652798078
3326,05/05/2023 12:22:17.568718,3524,True,True,True,True,Eyes,-0.006112506,0.07590553,-2.857502,0.9582569,-0.2849315,0.02361681,0.0,0.0,0.0,0.0,0.0,0.0,0.0,-2.975967,0.2665913,-0.09925747,0.02009028,0.07561385,-2.988508,0.1510718,0.7031447,-0.0666922,0.6916046,17.623,92.07271,7.24546,-0.002725621,0.02761394,-0.9996135,0.0,0.0,0.0,0.9048957,-0.1942779,-2.831908,-0.1423867,0.07502992,0.965929,0.002279331,0.1202014,-0.9927469,0.3047,0.9454589,0.1151754,0.9524457,-0.3027525,-0.03447028,moving,-3.183175906528973,1.452544498490756,-8.385528232418993,4.441613136292031,0.88480542,-0.26989175,0.1566,-0.0555105363093804,0.0253098829563074,0.9981372600939308,-2.4248855919023145,2.272991698765779,5.9712053483051255,5.999916753104203,6.342884172617696
3327,05/05/2023 12:22:17.588087,3525,True,True,True,True,Eyes,-0.004410754,0.07588261,-2.863441,0.957998,-0.2852696,0.0293442,0.0,0.0,0.0,0.0,0.0,0.0,0.0,-2.982997,0.2816556,-0.07904434,0.02369009,0.07650492,-2.996237,0.1518563,0.7001503,-0.06458707,0.6946638,17.54288,91.5951,7.406447,-0.002666894,0.02750796,-0.9996166,0.0,0.0,0.0,0.9026569,-0.1924233,-2.83194,-0.1473774,0.06840752,0.9613452,0.01123618,0.1229119,-0.992354,0.3023772,0.9455363,0.1205369,0.9531223,-0.3014196,-0.02654159,moving,-3.0629629078048954,1.3474035439927272,-8.715776191155364,4.070199588899802,0.87896681,-0.26892822,0.1642969999999999,-0.05341859599288,0.0234808868496211,0.9982960965148088,-2.306142715912456,2.1656994095397484,6.248944971752268,6.274385732371346,6.686592721269702
3328,05/05/2023 12:22:17.598760,3526,True,True,True,True,Eyes,-0.002642945,0.07586305,-2.869441,0.9576791,-0.2856831,0.03515511,0.0,0.0,0.0,0.0,0.0,0.0,0.0,-2.990848,0.2836446,-0.05913377,0.0274198,0.07754658,-3.003724,0.1555582,0.6966622,-0.06835359,0.6969875,18.1848,91.15032,7.345083,-0.002554187,0.02740628,-0.9996197,0.0,0.0,0.0,0.9006439,-0.1907558,-2.831969,-0.1525067,0.06360381,0.9564941,0.01997939,0.1214598,-0.9923953,0.3120262,0.9422588,0.1216055,0.9498635,-0.3120829,-0.01907283,moving,-2.893627929871297,1.9456656570794504,-9.059181091344936,3.804385929966133,0.8732241000000001,-0.26830238,0.1717550000000001,-0.0504528378882732,0.0339085057864104,0.9981506391050824,-2.1406372692066764,2.7821537275439456,6.419263233369189,6.439634061016008,6.99365478805727
3329,05/05/2023 12:22:17.618132,3527,True,True,True,True,Eyes,-0.0008356447,0.07581651,-2.875404,0.9572476,-0.2863414,0.04105699,0.0,0.0,0.0,0.0,0.0,0.0,0.0,-2.999452,0.2764902,-0.0383625,0.03076503,0.07764602,-3.011255,0.155239,0.6938916,-0.07054126,0.6995995,18.36722,90.67432,7.065444,-0.002390843,0.02730855,-0.9996228,0.0,0.0,0.0,0.8984454,-0.1889345,-2.832,-0.1571421,0.05864375,0.9512476,0.02707687,0.1167368,-0.9927937,0.3141393,0.9418496,0.1193142,0.9489907,-0.3151062,-0.01116924,moving,-2.768433854532056,2.060750467016069,-9.380305451791116,3.527780031178234,0.86768037,-0.26658052,0.1792549999999999,-0.0482683236405876,0.0359172136289063,0.9981884412202152,-2.0175034203646405,2.9013839705373043,6.755410180494625,6.772667256020104,7.389399554684013
3330,05/05/2023 12:22:17.638042,3528,True,True,True,True,Eyes,0.001026826,0.07579308,-2.881423,0.9567348,-0.2871657,0.04684312,0.0,0.0,0.0,0.0,0.0,0.0,0.0,-3.008587,0.2616148,-0.02531099,0.03367199,0.07735059,-3.018868,0.1556711,0.6919582,-0.07508046,0.7009445,18.79231,90.36794,6.683544,-0.00218081,0.02721351,-0.9996257,0.0,0.0,0.0,0.8961374,-0.1870225,-2.832034,-0.1615039,0.05523882,0.9455503,0.03111355,0.1101812,-0.9934245,0.3206902,0.9402589,0.1143285,0.9466731,-0.3221387,-0.006079178,moving,-2.7771336765161574,2.4191998516537185,-9.692818710554048,3.3434055129223355,0.86246541,-0.26437309,0.1868339999999997,-0.0484080659305153,0.0421609700806333,0.9979373760079292,-2.026923542777588,3.2699650528474624,6.962776099509196,6.977166731155032,7.666246945182139
3331,05/05/2023 12:22:17.648382,3529,True,True,True,True,Eyes,0.002963024,0.07581513,-2.887475,0.9563076,-0.2875762,0.05268528,0.0,0.0,0.0,0.0,0.0,0.0,0.0,-3.016616,0.2556949,-0.01850748,0.03688434,0.07793158,-3.026261,0.1568306,0.6905954,-0.07780956,0.701732,19.12171,90.18409,6.527639,-0.001927105,0.02712165,-0.9996285,0.0,0.0,0.0,0.8939592,-0.1852182,-2.832065,-0.1652972,0.05320503,0.9396049,0.03404731,0.10741,-0.9936317,0.3258159,0.9386997,0.1126363,0.94482,-0.327576,-0.003035686,moving,-2.908211582692679,2.7299172005221037,-9.977496017978906,3.240906670325555,0.85707486,-0.26314978,0.1941959999999998,-0.0506786457885544,0.0475668176636386,0.9975816297783712,-2.1568604689097626,3.5886034530733726,7.075162106622313,7.087728314857315,7.828360840182139
3332,05/05/2023 12:22:17.668688,3530,True,True,True,True,Eyes,0.004954796,0.07585643,-2.893575,0.955943,-0.2876529,0.0585563,0.0,0.0,0.0,0.0,0.0,0.0,0.0,-3.023701,0.2597617,-0.00875783,0.04060116,0.07903034,-3.03355,0.1541648,0.6895636,-0.07437455,0.7037071,18.63545,89.91108,6.540713,-0.001631814,0.02703423,-0.9996312,0.0,0.0,0.0,0.8921264,-0.1836999,-2.832091,-0.1692205,0.0506999,0.9339635,0.0379409,0.107937,-0.9934335,0.3172886,0.9414033,0.1144017,0.9475698,-0.3195457,0.001470532,moving,-3.0376167139932315,2.250384711877212,-10.269744030267,3.1072326967530106,0.85152524,-0.26273024,0.2014589999999998,-0.0529508280769991,0.0392114398727287,0.9978270006299526,-2.283286440223491,3.0945332404485897,7.26961170082922,7.282709247799128,7.986467686890996
3333,05/05/2023 12:22:17.688003,3531,True,True,True,True,Eyes,0.007009656,0.07591596,-2.899716,0.9556186,-0.287329,0.06507893,0.0,0.0,0.0,0.0,0.0,0.0,0.0,-3.030825,0.262996,0.007590532,0.04391637,0.07946016,-3.040868,0.1512268,0.6878179,-0.0712606,0.7063703,18.16007,89.51314,6.487604,-0.001297457,0.02695145,-0.9996336,0.0,0.0,0.0,0.889941,-0.1818895,-2.832123,-0.1720425,0.04611646,0.9276113,0.04365709,0.1073603,-0.9932612,0.3087057,0.9441048,0.1156156,0.9501551,-0.3116729,0.008074136,moving,-3.0837110444314466,1.793975875934691,-10.507160205078993,2.846132699165876,0.8460246299999999,-0.26134966,0.2087449999999999,-0.0537686434716463,0.0312603858742047,0.9980640516976452,-2.3276466262073425,2.624825161135891,7.485449100504142,7.497641723994999,8.182506914957946
3334,05/05/2023 12:22:17.698089,3532,True,True,True,True,Eyes,0.009133657,0.07597897,-2.905909,0.9553542,-0.2866572,0.07159636,0.0,0.0,0.0,0.0,0.0,0.0,0.0,-3.038633,0.259484,0.02399611,0.04751704,0.07991775,-3.048369,0.1482033,0.6860653,-0.06958182,0.7088784,17.79376,89.11538,6.313272,-0.000926059,0.02687345,-0.9996356,0.0,0.0,0.0,0.8877633,-0.1800855,-2.832154,-0.1745944,0.04581395,0.921206,0.04894564,0.1047041,-0.9932982,0.3020044,0.9463884,0.1146409,0.9520493,-0.3055916,0.0147005,moving,-3.11774028879512,1.4599214636968345,-10.731867638241765,2.847121127114474,0.84024626,-0.26000325,0.216215,-0.0543703821277869,0.0254399940656376,0.998196726494306,-2.3604024453150148,2.2810347410002887,7.725729983721294,7.73946110525645,8.390583011503306
3335,05/05/2023 12:22:17.718427,3533,True,True,True,True,Eyes,0.01130686,0.0760655,-2.912123,0.955037,-0.2858703,0.07862911,0.0,0.0,0.0,0.0,0.0,0.0,0.0,-3.046602,0.2531094,0.03965354,0.05128744,0.07998271,-3.055878,0.1440182,0.68458,-0.06741923,0.7113816,17.2902,88.72666,6.087942,-0.0005192488,0.02679983,-0.9996374,0.0,0.0,0.0,0.8856459,-0.1783315,-2.832184,-0.1777493,0.0503049,0.9149404,0.0536098,0.1012624,-0.9934143,0.2931055,0.9494268,0.112596,0.9545759,-0.2972115,0.02121801,moving,-3.202678307421747,0.9966626681510264,-10.994140764179503,3.147045841228844,0.83435846,-0.25831421,0.223694,-0.0558597524342554,0.0173670093526473,0.9982875897128096,-2.443035094357885,1.804011049344253,8.062813449348065,8.08276159527929,8.655931528649468
3336,05/05/2023 12:22:17.738224,3534,True,True,True,True,Eyes,0.01354013,0.0761949,-2.91837,0.954716,-0.2849183,0.08566699,0.0,0.0,0.0,0.0,0.0,0.0,0.0,-3.054451,0.2469464,0.05041766,0.05472261,0.08066168,-3.063282,0.1422795,0.6832852,-0.06736118,0.7129799,17.15386,88.45542,5.909685,-7.919071e-05,0.02673097,-0.9996387,0.0,0.0,0.0,0.8835625,-0.1766056,-2.832214,-0.1780602,0.0411823,0.9085972,0.05716743,0.0983806,-0.9935055,0.2904893,0.9504381,0.110831,0.9551691,-0.2949386,0.02575562,moving,-3.357722135680565,0.9201933192333152,-11.087886395969036,2.5951633562863874,0.82883989,-0.25726728,0.231068,-0.0585622382097003,0.016032149713805,0.9981549709028024,-2.5956831274396217,1.7242861251180155,7.896051866360884,7.909548919885808,8.536740801136528
3337,05/05/2023 12:22:17.748581,3535,True,True,True,True,Eyes,0.01580721,0.07633526,-2.924608,0.9543217,-0.2839005,0.09311652,0.0,0.0,0.0,0.0,0.0,0.0,0.0,-3.061316,0.246826,0.06927276,0.05840083,0.08177438,-3.070386,0.1402384,0.6810453,-0.06575304,0.7156726,16.87539,88.02249,5.811885,0.000391275,0.02666802,-0.9996407,0.0,0.0,0.0,0.8814154,-0.1748269,-2.832245,-0.1800348,0.0539304,0.9027194,0.06370776,0.09690216,-0.993253,0.2851327,0.9520194,0.111168,0.9563686,-0.2902912,0.03302101,moving,-3.3942021562828915,0.6991651445564504,-11.278860445133034,3.41890955266232,0.82301457,-0.25660128,0.2381410000000001,-0.059200969974703,0.0121810294454456,0.99817180633584,-2.6311210270591854,1.496718708230917,8.314350018762354,8.340554296769275,8.85879307159413
3338,05/05/2023 12:22:17.768305,3536,True,True,True,True,Eyes,0.01811573,0.07652066,-2.930889,0.9537879,-0.28314,0.1006,0.0,0.0,0.0,0.0,0.0,0.0,0.0,-3.068595,0.2396943,0.09210372,0.06162998,0.08222563,-3.077605,0.137586,0.6784911,-0.06541502,0.7186384,16.6495,87.52099,5.551361,0.0008918771,0.02661049,-0.9996422,0.0,0.0,0.0,0.8792416,-0.1730262,-2.832276,-0.1817044,0.05920917,0.8960948,0.07074142,0.09268233,-0.9931797,0.2807212,0.9535819,0.1089822,0.957179,-0.2865162,0.04143987,moving,-3.3643660752884004,0.5001917139871171,-11.462656021630204,3.780304799171561,0.81761162,-0.2552518299999999,0.2453290000000003,-0.0586832983077608,0.0087148366754252,0.9982385986866328,-2.601242464121605,1.292295609359932,8.70366666353183,8.737358977781499,9.204066490730296
3339,05/05/2023 12:22:17.788596,3537,True,True,True,True,Eyes,0.02048851,0.07678085,-2.937212,0.953108,-0.2824708,0.1086067,0.0,0.0,0.0,0.0,0.0,0.0,0.0,-3.075232,0.2399203,0.1163547,0.06497712,0.08354098,-3.084955,0.1393584,0.675,-0.06776528,0.7213613,17.01001,87.00827,5.422626,0.001420939,0.02655933,-0.9996433,0.0,0.0,0.0,0.8770185,-0.1711846,-2.832308,-0.1834985,0.03938609,0.8904873,0.07956582,0.09036738,-0.992725,0.2859004,0.9519742,0.1095724,0.9549503,-0.2925387,0.04990856,moving,-3.297178767314896,0.8889769037024748,-11.643687473609289,2.532531238856435,0.81204138,-0.25472558,0.252647,-0.0575079697089149,0.0154892751376385,0.9982248962920124,-2.535931380467221,1.6926042830023846,8.493351244623364,8.506790137111148,9.1464035742655
3340,05/05/2023 12:22:17.798945,3538,True,True,True,True,Eyes,0.022905,0.07708398,-2.943583,0.9523592,-0.2817641,0.1167083,0.0,0.0,0.0,0.0,0.0,0.0,0.0,-3.081346,0.2439456,0.1421473,0.06893532,0.08556452,-3.092302,0.1384259,0.6717255,-0.06632033,0.7247241,16.84234,86.45103,5.386105,0.001976019,0.02651656,-0.9996437,0.0,0.0,0.0,0.8749084,-0.1694366,-2.832339,-0.1823011,0.04874396,0.8860736,0.0887731,0.0898405,-0.9919921,0.2820962,0.9528798,0.111543,0.9552702,-0.2897392,0.05924641,moving,-3.241718289822527,0.756827234856428,-11.625828918938984,3.148735101396377,0.80597308,-0.2550011199999999,0.2599629999999999,-0.0565435555009489,0.013187609983525,0.9983129741902456,-2.480952057402668,1.557083744986084,8.6963880047545,8.718631445546901,9.282355673697548
3341,05/05/2023 12:22:17.818527,3539,True,True,True,True,Eyes,0.02536115,0.07742698,-2.949996,0.9514098,-0.28133,0.1251913,0.0,0.0,0.0,0.0,0.0,0.0,0.0,-3.087387,0.2459285,0.1724715,0.07243297,0.08688112,-3.099901,0.1376353,0.6679243,-0.06581622,0.7284244,16.76424,85.81549,5.271801,0.00255586,0.0264827,-0.9996435,0.0,0.0,0.0,0.8727696,-0.1676648,-2.832369,-0.1823048,0.04778472,0.8804017,0.09909065,0.08797561,-0.9911819,0.2797441,0.9534495,0.1125932,0.9549474,-0.2884343,0.06986725,moving,-3.1279196888461445,0.6893414344176129,-11.698900009183088,3.1067398478070904,0.80033663,-0.25454592,0.2675320000000001,-0.0545614476023904,0.0120130664933485,0.998438166688698,-2.368620643801877,1.4884725883097691,8.883396343262406,8.905364604588694,9.46957770754427
3342,05/05/2023 12:22:17.838638,3540,True,True,True,True,Eyes,0.02787011,0.07779693,-2.95645,0.9503867,-0.2808571,0.1337324,0.0,0.0,0.0,0.0,0.0,0.0,0.0,-3.093622,0.2409654,0.2032621,0.07591701,0.08820547,-3.107465,0.1376829,0.6639526,-0.06780954,0.7318555,16.95213,85.17722,5.012478,0.003159329,0.02645813,-0.9996427,0.0,0.0,0.0,0.8706518,-0.1659105,-2.8324,-0.1828633,0.04663768,0.8759784,0.1091377,0.08357629,-0.9905069,0.2820834,0.9528906,0.1114833,0.9531621,-0.2915726,0.08042079,moving,-2.9932822614685906,0.8819368999709376,-11.791343263878264,3.047588530529872,0.79473479,-0.2541159699999999,0.2750650000000001,-0.0522126992144168,0.0153710994153793,0.9985176554826496,-2.23636103056998,1.687483324957669,9.040475619184342,9.06068012828311,9.65129896174922
3343,05/05/2023 12:22:17.848786,3541,True,True,True,True,Eyes,0.03041647,0.07816273,-2.962943,0.9491971,-0.2805149,0.1426053,0.0,0.0,0.0,0.0,0.0,0.0,0.0,-3.099842,0.2330015,0.2325656,0.07973,0.08920591,-3.114977,0.1362199,0.660377,-0.06890794,0.7352538,16.93717,84.5599,4.711954,0.003785396,0.02644278,-0.9996411,0.0,0.0,0.0,0.8684666,-0.1641002,-2.832431,-0.1825371,0.05556498,0.8710264,0.1183081,0.07858332,-0.9898626,0.2812426,0.9533917,0.109302,0.952316,-0.2913228,0.09069289,moving,-2.9182881370373925,0.8663871448435287,-11.83593459070641,3.6500969021470993,0.7887366,-0.25330611,0.2825459999999999,-0.0509059119363276,0.0151011274080342,0.9985892846608396,-2.162401947571017,1.6720143910109062,9.31237321722496,9.342026454979814,9.87370468561162
3344,05/05/2023 12:22:17.868711,3542,True,True,True,True,Eyes,0.032998,0.07852171,-2.969471,0.9479097,-0.2801867,0.1515341,0.0,0.0,0.0,0.0,0.0,0.0,0.0,-3.10577,0.225129,0.2624111,0.08327591,0.08943435,-3.122565,0.1346293,0.6567615,-0.07003921,0.7386703,16.91133,83.93555,4.397925,0.004432208,0.02643551,-0.9996387,0.0,0.0,0.0,0.8663082,-0.1623122,-2.832462,-0.1828925,0.0578049,0.866538,0.1275176,0.07336684,-0.9891192,0.2803104,0.953939,0.1068951,0.9514018,-0.2908914,0.1010785,moving,-2.8414160417287366,0.8390844079825932,-11.917997656111153,3.8164248790132898,0.78303229,-0.25174655,0.2901029999999998,-0.0495664368673802,0.0146262616212891,0.99866371240826,-2.0865640364634865,1.6444713800093824,9.51967132362948,9.552428491382814,10.068488914398907
3345,05/05/2023 12:22:17.888096,3543,True,True,True,True,Eyes,0.03562484,0.07886616,-2.976061,0.946465,-0.2799944,0.1606458,0.0,0.0,0.0,0.0,0.0,0.0,0.0,-3.110908,0.2208324,0.2934923,0.08674593,0.089627,-3.130031,0.1339351,0.6528364,-0.07134126,0.7421432,16.97452,83.29131,4.136151,0.005099916,0.02643522,-0.9996356,0.0,0.0,0.0,0.8642311,-0.1605915,-2.832492,-0.185526,0.06393311,0.8617852,0.1374301,0.06898454,-0.9881064,0.2807663,0.9539436,0.1056497,0.949886,-0.2919464,0.1117321,moving,-2.7503023486768727,0.8953824761270498,-12.14926934351254,4.242819788783334,0.7774851700000001,-0.2502185,0.297539,-0.0479775523031258,0.0156087401585913,0.9987264165023684,-1.9968850335554336,1.7030056436471526,9.936420978031778,9.97727002401828,10.465255040795569
3346,05/05/2023 12:22:17.898812,3544,True,True,True,True,Eyes,0.03830336,0.07919943,-2.982694,0.9449544,-0.2796895,0.1698088,0.0,0.0,0.0,0.0,0.0,0.0,0.0,-3.115589,0.2200761,0.3252468,0.09037956,0.08963754,-3.13766,0.133012,0.6488267,-0.07162483,0.7457895,16.93832,82.63289,3.9423,0.005786089,0.02644065,-0.9996319,0.0,0.0,0.0,0.8619912,-0.158736,-2.832524,-0.1898314,0.06849499,0.8565159,0.1477877,0.06576932,-0.9868301,0.2794375,0.9543554,0.1054536,0.9487222,-0.291342,0.1226636,moving,-2.654878289142072,0.8626543578297012,-12.49658218060465,4.572174327720713,0.7716116399999999,-0.24837354,0.3051360000000001,-0.0463145507662021,0.0150394344188854,0.9988137167894396,-1.9027474857076836,1.6700123549542971,10.468809414516532,10.517588787086604,10.984164859422592
3347,05/05/2023 12:22:17.918447,3545,True,True,True,True,Eyes,0.04103645,0.07949415,-2.989389,0.9433174,-0.2793971,0.1791359,0.0,0.0,0.0,0.0,0.0,0.0,0.0,-3.12017,0.219668,0.3563726,0.09433006,0.08967365,-3.145437,0.1315136,0.6449481,-0.07114566,0.7494562,16.79198,81.98467,3.772997,0.006490211,0.02645077,-0.9996274,0.0,0.0,0.0,0.8599572,-0.1570511,-2.832553,-0.1940717,0.06071891,0.8521314,0.1579607,0.06299777,-0.9854339,0.27628,0.955285,0.1053569,0.9480074,-0.2888979,0.1334924,moving,-2.5863224671152216,0.722053105352489,-12.830187593635928,4.075741435601451,0.76562714,-0.24672475,0.3128839999999999,-0.04512094157753,0.0125890366913242,0.9989022695370762,-1.834840038649405,1.5258912364003665,10.738429267060209,10.77886812920518,11.287134441181868
3348,05/05/2023 12:22:17.938681,3546,True,True,True,True,Eyes,0.04382071,0.07975344,-2.996128,0.9416038,-0.2790308,0.1884783,0.0,0.0,0.0,0.0,0.0,0.0,0.0,-3.124546,0.2200987,0.3865213,0.09832025,0.08900355,-3.153259,0.1297627,0.6411956,-0.07029805,0.7530525,16.59387,81.35453,3.621256,0.007212667,0.02646377,-0.9996223,0.0,0.0,0.0,0.8577054,-0.1551857,-2.832586,-0.1965428,0.05377181,0.8480403,0.167853,0.06053029,-0.983952,0.2722828,0.9564397,0.1052867,0.9474637,-0.2855859,0.1440599,moving,-2.538719255033435,0.5362855075913372,-13.048564578678995,3.628104490222106,0.75938515,-0.24418925,0.3206729999999997,-0.0442925755810856,0.0093506253469418,0.9989748278350086,-1.787479357848669,1.33517337222233,10.921780118977814,10.955190247015814,11.492152690540395
3349,05/05/2023 12:22:17.948403,3547,True,True,True,True,Eyes,0.04666491,0.0799682,-3.002948,0.939757,-0.2786909,0.1979596,0.0,0.0,0.0,0.0,0.0,0.0,0.0,-3.128734,0.222213,0.4158022,0.1023634,0.08839284,-3.161163,0.1287865,0.6374115,-0.06985305,0.7564662,16.49284,80.74319,3.497625,0.007953021,0.02647811,-0.9996164,0.0,0.0,0.0,0.8556739,-0.1535028,-2.832615,-0.1991922,0.04789461,0.8439083,0.1776541,0.05849704,-0.9823529,0.2698629,0.9570692,0.105795,0.9463683,-0.2838956,0.1542411,moving,-2.511408928625763,0.4486181077786562,-13.280755418912303,3.2482420627034068,0.7533105,-0.24189564,0.328548,-0.0438169762479184,0.0078222625155361,0.9990088712446938,-1.7603527289512275,1.2452036335355618,11.099731578331882,11.127296082914103,11.693239118720935
3350,05/05/2023 12:22:17.968019,3548,True,True,True,True,Eyes,0.04956588,0.08012056,-3.009818,0.9378166,-0.2783124,0.2074662,0.0,0.0,0.0,0.0,0.0,0.0,0.0,-3.132396,0.2278937,0.4454744,0.106484,0.0874957,-3.169115,0.1280364,0.6335093,-0.06888741,0.7599521,16.37272,80.12496,3.437137,0.008710879,0.02649209,-0.9996098,0.0,0.0,0.0,0.8534939,-0.1516969,-2.832646,-0.2022159,0.04030331,0.8393614,0.1878409,0.05752217,-0.9805136,0.2669267,0.9577224,0.1073213,0.9452333,-0.2818846,0.1645453,moving,-2.4801328500633164,0.3468456423275283,-13.545367447534922,2.7490391052325385,0.7470099,-0.2391925999999999,0.3364690000000001,-0.0432721760057839,0.0060478912096375,0.9990450105813056,-1.7292837832274384,1.1407554124810435,11.302582406128533,11.322983269894298,11.92503289715733
3351,05/05/2023 12:22:17.978409,3549,True,True,True,True,Eyes,0.05252258,0.0802211,-3.016764,0.9357171,-0.278094,0.2170188,0.0,0.0,0.0,0.0,0.0,0.0,0.0,-3.135664,0.2358201,0.4763367,0.1107678,0.08613846,-3.177296,0.1277191,0.6293514,-0.06801728,0.7635301,16.2989,79.48193,3.398264,0.009485883,0.02650362,-0.9996026,0.0,0.0,0.0,0.8514087,-0.1499696,-2.832676,-0.2062531,0.0377863,0.8349315,0.1985809,0.05689384,-0.9784318,0.2646268,0.958123,0.1094212,0.9436833,-0.2806483,0.1752093,moving,-2.426912389300685,0.2818124890795139,-13.87597148994388,2.591253570739004,0.7406409,-0.23610806,0.3446199999999999,-0.0423444339738922,0.0049141242163518,0.999090948771165,-1.676670614807554,1.0742442007631403,11.660938375576649,11.679660628617482,12.293260725726778
3352,05/05/2023 12:22:17.998530,3550,True,True,True,True,Eyes,0.0555458,0.08029287,-3.023762,0.9334902,-0.2779393,0.2265963,0.0,0.0,0.0,0.0,0.0,0.0,0.0,-3.138321,0.2489642,0.5071442,0.1149697,0.0850167,-3.18556,0.1288359,0.6249624,-0.06749912,0.7669858,16.37958,78.8429,3.435541,0.01027691,0.02651116,-0.9995947,0.0,0.0,0.0,0.8492544,-0.148185,-2.832707,-0.2079759,0.03299481,0.8309511,0.2097318,0.05749345,-0.9760672,0.2645769,0.9576904,0.1132618,0.941282,-0.2819994,0.1856467,moving,-2.371072434880085,0.3707294021713783,-14.051695796221944,2.2738651566109502,0.7342847,-0.2332017,0.3528530000000001,-0.0413703473568354,0.0064648644103966,0.9991230109660922,-1.6218381419961505,1.1660788314788617,11.820535991196827,11.834647768706573,12.479124642636808
3353,05/05/2023 12:22:18.018248,3551,True,True,True,True,Eyes,0.0586203,0.08029419,-3.030821,0.9311103,-0.2778997,0.2362317,0.0,0.0,0.0,0.0,0.0,0.0,0.0,-3.140369,0.2644659,0.5390751,0.1196156,0.08440681,-3.193905,0.1300672,0.620363,-0.06647249,0.7705932,16.43527,78.18021,3.522569,0.01108511,0.02651414,-0.999586,0.0,0.0,0.0,0.8470603,-0.1463674,-2.832739,-0.2088197,0.02919084,0.8274402,0.2214624,0.0589312,-0.9733867,0.2638242,0.9573279,0.1179836,0.9388033,-0.2829319,0.1964646,moving,-2.299145134043594,0.4289088716514523,-14.163885269586348,2.020470598830762,0.7274446999999999,-0.23077421,0.3611659999999999,-0.0401157631009844,0.0074797764930676,0.9991670674144087,-1.551075786945698,1.2264141968496531,11.960137056339288,11.971011954525023,12.637780209155288
3354,05/05/2023 12:22:18.038185,3552,True,True,True,True,Eyes,0.06174573,0.0802428,-3.037943,0.9285388,-0.2780999,0.245919,0.0,0.0,0.0,0.0,0.0,0.0,0.0,-3.141418,0.2753526,0.5773168,0.1239303,0.08276223,-3.202407,0.1301463,0.6151906,-0.06567612,0.7747834,16.40809,77.40331,3.487892,0.01190937,0.02651064,-0.9995767,0.0,0.0,0.0,0.8449342,-0.1446061,-2.832769,-0.2089109,0.03343254,0.8241483,0.2344545,0.05835994,-0.9703738,0.261899,0.9574972,0.1208636,0.9361838,-0.282477,0.2092051,moving,-2.129828976146622,0.3799203062236663,-14.224127947491136,2.3229966356788987,0.7210038999999999,-0.22736833,0.3696380000000001,-0.0371631522527238,0.0066262311989,0.9992872486033184,-1.3840637593653005,1.1772133889719123,12.234652863565977,12.24939236167877,12.891084810970176
3355,05/05/2023 12:22:18.048669,3553,True,True,True,True,Eyes,0.06493852,0.08016456,-3.045141,0.925769,-0.2784946,0.2557199,0.0,0.0,0.0,0.0,0.0,0.0,0.0,-3.142828,0.2853017,0.613162,0.1283201,0.08150449,-3.211171,0.132579,0.6099223,-0.06771994,0.7783518,16.79774,76.66301,3.371823,0.01275002,0.02649954,-0.9995667,0.0,0.0,0.0,0.8428008,-0.1428388,-2.8328,-0.2092458,0.02960932,0.8208026,0.2468175,0.05630583,-0.9674248,0.2671456,0.9556737,0.1237784,0.9315119,-0.288994,0.2208352,moving,-1.9815387591213016,0.7348675958104064,-14.301693742398504,2.0659702594788407,0.7144807,-0.2243432899999999,0.378371,-0.0345746437431027,0.0128178402993772,0.9993199927081752,-1.2387290111127245,1.5432875671946962,12.381432442788872,12.39185430487283,13.07341748616748
3356,05/05/2023 12:22:18.068294,3554,True,True,True,True,Eyes,0.06818164,0.08005368,-3.052407,0.9228619,-0.2788491,0.2656487,0.0,0.0,0.0,0.0,0.0,0.0,0.0,-3.142971,0.301068,0.6509242,0.1330951,0.08083945,-3.219994,0.1343925,0.604449,-0.06759697,0.7823112,16.97722,75.89001,3.398876,0.01360598,0.02648071,-0.9995559,0.0,0.0,0.0,0.8405164,-0.1409464,-2.832833,-0.208647,0.02771489,0.8178519,0.2601442,0.05670314,-0.9639035,0.2682306,0.9547386,0.1285557,0.9275654,-0.2919914,0.2331602,moving,-1.8221943084534515,0.8864123939290863,-14.311785266350936,1.940863378805211,0.7074213,-0.22178585,0.3871609999999998,-0.0317941301037024,0.0154623776090365,0.9993748981356968,-1.0820187144569495,1.7002526716541468,12.525339504713454,12.534023662619314,13.2319543730323
3357,05/05/2023 12:22:18.088507,3555,True,True,True,True,Eyes,0.07147316,0.07989959,-3.059757,0.9198001,-0.2792736,0.2756338,0.0,0.0,0.0,0.0,0.0,0.0,0.0,-3.141737,0.3160492,0.6939044,0.1375702,0.07993533,-3.229023,0.1346206,0.5986155,-0.06602468,0.7868784,16.91226,75.03421,3.431418,0.01447759,0.02645382,-0.9995444,0.0,0.0,0.0,0.8384582,-0.1392414,-2.832862,-0.2077827,0.02898176,0.8152264,0.2746006,0.05726518,-0.9598517,0.2650788,0.9550361,0.1328133,0.9242985,-0.2909069,0.2470737,moving,-1.6036466471142783,0.7859089704395388,-14.298950442738786,2.0360399395677757,0.7008880000000001,-0.21917673,0.3961610000000002,-0.0279826287017521,0.0137108975925623,0.999514353622576,-0.866357326221022,1.5984155175677022,12.746809005232535,12.756706702874828,13.439719973595109
3358,05/05/2023 12:22:18.098615,3556,True,True,True,True,Eyes,0.07480559,0.07970941,-3.067191,0.9165349,-0.2798212,0.2857691,0.0,0.0,0.0,0.0,0.0,0.0,0.0,-3.139327,0.3327455,0.7390656,0.1419631,0.07877931,-3.238202,0.1364197,0.5921999,-0.06610066,0.7914037,17.11051,74.1284,3.416182,0.0153638,0.02641826,-0.999532,0.0,0.0,0.0,0.8363726,-0.1375137,-2.832892,-0.2075243,0.02747988,0.8121945,0.28986,0.05695085,-0.9553732,0.2662001,0.9540408,0.1376365,0.9193035,-0.2942157,0.261378,moving,-1.3344471427395086,0.937256517433481,-14.333017271123252,1.9378126342511068,0.6944095,-0.21629301,0.4053099999999996,-0.0232852778506333,0.0163530483361597,0.9995951575752022,-0.6013613627090886,1.75594383748803,13.028479707698567,13.037021819626265,13.732860235447008
3359,05/05/2023 12:22:18.118203,3557,True,True,True,True,Eyes,0.07818631,0.0795068,-3.074728,0.9131093,-0.2803266,0.2960549,0.0,0.0,0.0,0.0,0.0,0.0,0.0,-3.13616,0.3496182,0.7861111,0.1463225,0.07775332,-3.247807,0.1381995,0.585537,-0.06619509,0.7960311,17.31,73.19039,3.390068,0.01626361,0.02637371,-0.9995191,0.0,0.0,0.0,0.8341829,-0.1356998,-2.832924,-0.2072534,0.02668409,0.8091804,0.3055294,0.05645509,-0.9505075,0.2672285,0.9530382,0.1425028,0.913915,-0.2975415,0.2760948,moving,-1.0457068915065872,1.0909056627471716,-14.366195367246425,1.888740627880153,0.6878603999999999,-0.21345312,0.4148829999999996,-0.018246709187822,0.0190355765691576,0.9996523418951988,-0.3171093169988463,1.915975468361248,13.336540731111215,13.34436037672494,14.049112448257972
3360,05/05/2023 12:22:18.138440,3558,True,True,True,True,Eyes,0.08160564,0.07927376,-3.082353,0.909509,-0.2808296,0.306477,0.0,0.0,0.0,0.0,0.0,0.0,0.0,-3.132971,0.366829,0.8307216,0.1507451,0.07725909,-3.257526,0.1397592,0.5792125,-0.06575403,0.8004105,17.45163,72.30491,3.403825,0.01717806,0.02632058,-0.9995052,0.0,0.0,0.0,0.8320395,-0.1339242,-2.832954,-0.2065393,0.02738415,0.806402,0.3203786,0.05664013,-0.9455948,0.2671609,0.9522876,0.1475583,0.9088359,-0.2999006,0.2899606,moving,-0.8207868613695589,1.1906956765083314,-14.366030328640578,1.944927626998308,0.6812944000000001,-0.21118329,0.4245719999999999,-0.0143218509500849,0.0207779332612238,0.99968154875486,-0.095638578573142,2.020171453688955,13.558014240725823,13.566225946179287,14.270590118626762
3361,05/05/2023 12:22:18.148018,3559,True,True,True,True,Eyes,0.0850461,0.07901895,-3.090057,0.9058101,-0.2812243,0.316893,0.0,0.0,0.0,0.0,0.0,0.0,0.0,-3.128233,0.385233,0.8783653,0.1551258,0.07629421,-3.267398,0.1404807,0.5726174,-0.06420402,0.8051412,17.44212,71.37115,3.455187,0.01810619,0.02625872,-0.9994905,0.0,0.0,0.0,0.8298724,-0.132129,-2.832986,-0.2059588,0.02712688,0.8035557,0.3359742,0.05749674,-0.9401146,0.2642699,0.9522861,0.1526848,0.9040369,-0.2997422,0.304749,moving,-0.5591134118075788,1.1435952033939591,-14.375966991417656,1.933488503707497,0.6747466,-0.20842321,0.434412,-0.0097562726180716,0.0199572286766876,0.999753340474363,0.1624064867482083,1.973556479800203,13.83119842367939,13.839413797782914,14.538428692033566
3362,05/05/2023 12:22:18.168455,3560,True,True,True,True,Eyes,0.08852218,0.07877771,-3.09785,0.9019051,-0.2817222,0.3274139,0.0,0.0,0.0,0.0,0.0,0.0,0.0,-3.122932,0.4008534,0.9271402,0.1592477,0.07553949,-3.277485,0.1412973,0.5658879,-0.06346965,0.809801,17.49838,70.4202,3.433659,0.01904583,0.02618836,-0.9994749,0.0,0.0,0.0,0.8277729,-0.1303898,-2.833016,-0.2058789,0.02532807,0.800591,0.351485,0.05712131,-0.9344492,0.2627124,0.9520134,0.157012,0.8985769,-0.3006788,0.319612,moving,-0.2887080320313573,1.154388606579887,-14.421621816205729,1.8120459107090297,0.6685252,-0.20592929,0.4444689999999998,-0.0050378619123861,0.0201462639675536,0.9997843853989524,0.4289222844792874,1.9865424638089717,14.14103144191173,14.148207135908788,14.851569248178263
3363,05/05/2023 12:22:18.188555,3561,True,True,True,True,Eyes,0.09202356,0.07854632,-3.105709,0.8978761,-0.2817165,0.3383111,0.0,0.0,0.0,0.0,0.0,0.0,0.0,-3.116682,0.4219338,0.9741335,0.1636258,0.07564512,-3.287579,0.1431751,0.5591248,-0.06250216,0.814232,17.6408,69.49861,3.50875,0.01999624,0.02611079,-0.9994583,0.0,0.0,0.0,0.8256119,-0.1285997,-2.833047,-0.2061668,0.02361871,0.7973565,0.3669458,0.058323,-0.9284122,0.261888,0.9511887,0.1632625,0.8926172,-0.3030485,0.3337606,moving,-0.0602220286204929,1.2841616258869888,-14.497062593536908,1.6966774821220472,0.6619861,-0.20424482,0.4545319999999999,-0.0010508085446404,0.0224109605816636,0.9997483295079216,0.6538373880168556,2.1215988768951264,14.43653565185006,14.442732941810617,15.156857472536377
3364,05/05/2023 12:22:18.198401,3562,True,True,True,True,Eyes,0.0955426,0.07827009,-3.113654,0.8936626,-0.2816167,0.3493699,0.0,0.0,0.0,0.0,0.0,0.0,0.0,-3.108468,0.440112,1.025704,0.1679933,0.07560925,-3.297636,0.1426515,0.5522164,-0.05927705,0.8192642,17.40993,68.51911,3.63056,0.02095734,0.02602701,-0.9994408,0.0,0.0,0.0,0.8234966,-0.1268473,-2.833077,-0.2067749,0.02331728,0.7941675,0.3830866,0.06042188,-0.9217341,0.2546761,0.9522735,0.168271,0.8879103,-0.299206,0.3494152,moving,0.1895746375955494,1.0432600401403596,-14.593903135525316,1.681758619697728,0.6555033,-0.20245655,0.4645589999999999,0.0033081473249563,0.0182072181345072,0.9998288297267384,0.9006320498157936,1.8755893097928824,14.790920571055125,14.797259729573426,15.495747511694828
3365,05/05/2023 12:22:18.218371,3563,True,True,True,True,Eyes,0.09908993,0.07797676,-3.121697,0.8892517,-0.2812787,0.3607127,0.0,0.0,0.0,0.0,0.0,0.0,0.0,-3.098823,0.4564055,1.079695,0.1719877,0.07422879,-3.307818,0.142054,0.5449774,-0.05681239,0.8243742,17.22556,67.49207,3.671464,0.02192705,0.02593629,-0.9994223,0.0,0.0,0.0,0.8213186,-0.1250431,-2.833108,-0.2074098,0.02331599,0.7908852,0.3995442,0.06116308,-0.9146713,0.2485017,0.953186,0.1722884,0.8823896,-0.2961342,0.3656408,moving,0.4674663490005719,0.860428809531108,-14.694913109311637,1.6886407806108308,0.6493309,-0.19927189,0.4747099999999999,0.0081578162911323,0.015016251157754,0.9998539429348654,1.1749834402049593,1.6894972264116677,15.178350835399366,15.184982249146286,15.86989657262637
3366,05/05/2023 12:22:18.239395,3564,True,True,True,True,Eyes,0.1026652,0.07771962,-3.129809,0.8846465,-0.2809718,0.3720961,0.0,0.0,0.0,0.0,0.0,0.0,0.0,-3.089297,0.4756126,1.129373,0.1761031,0.07349446,-3.317986,0.1436126,0.5378303,-0.05622051,0.8288265,17.36957,66.5221,3.681637,0.02290586,0.02583865,-0.9994029,0.0,0.0,0.0,0.8191944,-0.1232834,-2.833139,-0.2079691,0.02447486,0.7876037,0.4151557,0.06128433,-0.9076839,0.2476725,0.9524294,0.1775857,0.875388,-0.2985341,0.380228,moving,0.704937508460294,1.007143205248806,-14.791515052580282,1.779899026806486,0.6430913,-0.19677786,0.4848469999999998,0.0123012702814131,0.0175757306131638,0.999769904745876,1.408715380673775,1.842039395299797,15.508373571238684,15.515707961170586,16.200349610916653
3367,05/05/2023 12:22:18.248411,3565,True,True,True,True,Eyes,0.1062395,0.0774612,-3.137956,0.8799946,-0.2801144,0.3835954,0.0,0.0,0.0,0.0,0.0,0.0,0.0,-3.079498,0.4968049,1.175966,0.1804625,0.07405983,-3.327907,0.1445449,0.5311918,-0.05381287,0.8330944,17.33806,65.62966,3.838329,0.02389324,0.02573597,-0.9993825,0.0,0.0,0.0,0.8170899,-0.12154,-2.833169,-0.2085753,0.02785975,0.7845619,0.4298788,0.06389978,-0.9006226,0.2432246,0.9524218,0.1836692,0.8695091,-0.2980091,0.3938839,moving,0.85486081820864,1.0145202536009343,-14.887690426627078,2.0337154637585004,0.6366274000000001,-0.1955998299999999,0.4947380000000003,0.0149172441261211,0.0177038234520947,0.9997319913259448,1.556478872332798,1.850671698830853,15.765727957770444,15.775508821356183,16.445188018163044
3368,05/05/2023 12:22:18.268056,3566,True,True,True,True,Eyes,0.1098084,0.07721961,-3.146163,0.8750469,-0.2795953,0.3951193,0.0,0.0,0.0,0.0,0.0,0.0,0.0,-3.068198,0.5106174,1.226307,0.1842885,0.07370324,-3.337515,0.1429546,0.5245962,-0.05008312,0.8377675,16.98207,64.69986,3.96133,0.02488614,0.0256289,-0.999361,0.0,0.0,0.0,0.8150179,-0.1198236,-2.833199,-0.2091366,0.03050589,0.7814952,0.444581,0.06607089,-0.8932986,0.233903,0.9541113,0.1869787,0.8646601,-0.2920724,0.4087256,moving,1.0083309043179132,0.6756290913244086,-14.981911825425422,2.235422289624453,0.6307294,-0.19352684,0.5043159999999998,0.0175965615807949,0.0117898524006466,0.9997755901276516,1.7085543760924184,1.5032145260920582,16.053605389009835,16.066138844712274,16.706519393128733
3369,05/05/2023 12:22:18.288173,3567,True,True,True,True,Eyes,0.1133789,0.07711141,-3.15437,0.8699786,-0.2790346,0.4065426,0.0,0.0,0.0,0.0,0.0,0.0,0.0,-3.053898,0.542557,1.274333,0.187746,0.07397027,-3.347218,0.1470876,0.5170193,-0.04960179,0.8417814,17.39283,63.74691,4.121556,0.02588404,0.02551837,-0.9993386,0.0,0.0,0.0,0.8128451,-0.1180237,-2.83323,-0.2084383,0.0327942,0.7789019,0.4604613,0.06858651,-0.8850261,0.2356019,0.9518098,0.1963409,0.8558428,-0.2989213,0.4221125,moving,1.2409365540588528,1.100509072442884,-14.981616329888029,2.4109071579711383,0.6250991,-0.19199397,0.5139879999999999,0.0216527420837334,0.0192018224624042,0.999581115690096,1.936834887892252,1.941797878705681,16.261421889336066,16.27539139974856,16.924953622515602
3370,05/05/2023 12:22:18.306705,3568,True,True,True,True,Eyes,0.1169667,0.07710844,-3.1626,0.8646892,-0.2783189,0.4181523,0.0,0.0,0.0,0.0,0.0,0.0,0.0,-3.037411,0.5782233,1.322315,0.1919708,0.07712718,-3.356475,0.1508619,0.5094131,-0.04691096,0.845895,17.63913,62.80872,4.473965,0.0268862,0.02540899,-0.9993149,0.0,0.0,0.0,0.8106732,-0.1162244,-2.833261,-0.2083161,0.04010041,0.7762184,0.4765953,0.07433855,-0.8759741,0.2330656,0.9500801,0.2074325,0.8476658,-0.3030207,0.435478,moving,1.4401973375204915,1.3666301435191444,-15.022656080837017,2.957342316364566,0.6187024,-0.19335158,0.5232140000000003,0.0251263959400606,0.0238424061971083,0.999400006295245,2.132621125856009,2.2168755439205645,16.518493250856285,16.53952562473193,17.171250015056415
3371,05/05/2023 12:22:18.318345,3569,True,True,True,True,Eyes,0.12054,0.07718666,-3.170846,0.8592299,-0.2774807,0.4298004,0.0,0.0,0.0,0.0,0.0,0.0,0.0,-3.015302,0.6035352,1.383643,0.1960645,0.07959622,-3.365411,0.1499761,0.5009472,-0.04067351,0.8514134,17.22555,61.67994,4.864758,0.02789178,0.02530403,-0.99929,0.0,0.0,0.0,0.808502,-0.1144258,-2.833292,-0.2081117,0.04445012,0.7736632,0.4947951,0.08100031,-0.8652265,0.2195202,0.9517056,0.2146328,0.8408263,-0.2961339,0.4531181,moving,1.764786985949665,0.9623580547681276,-15.055903394878568,3.288262258226036,0.6124375000000001,-0.19402202,0.5321189999999998,0.0307921326721696,0.0167875621518138,0.9993847938052484,2.45352491629865,1.8033716680369265,16.953744930652007,16.98073777111438,17.572278732397983
3372,05/05/2023 12:22:18.338414,3570,True,True,True,True,Eyes,0.1241303,0.07740372,-3.179102,0.8534244,-0.2769562,0.4415452,0.0,0.0,0.0,0.0,0.0,0.0,0.0,-2.993782,0.6227777,1.443467,0.1996315,0.08162306,-3.374561,0.1514071,0.4921686,-0.03954773,0.8563188,17.35156,60.52227,4.88644,0.02889976,0.02520559,-0.9992639,0.0,0.0,0.0,0.8063725,-0.1126618,-2.833323,-0.2071887,0.04590225,0.7719679,0.512412,0.08130476,-0.8548821,0.2167666,0.9510238,0.2203773,0.8309309,-0.2982339,0.4696918,moving,2.1390444998588847,1.0841950945364651,-15.023578248402814,3.402877451269492,0.6067410000000001,-0.19428486,0.5412379999999999,0.0373180266007784,0.0189084658178805,0.9991245876705654,2.822147124769903,1.9312829842788504,17.28995699434368,17.318542302127362,17.906297896828868
3373,05/05/2023 12:22:18.348095,3571,True,True,True,True,Eyes,0.1277179,0.07774064,-3.187319,0.8476124,-0.2759616,0.453209,0.0,0.0,0.0,0.0,0.0,0.0,0.0,-2.971333,0.6440553,1.500331,0.2037618,0.08523282,-3.383169,0.1546761,0.4832252,-0.04018755,0.8607867,17.76572,59.37406,4.837045,0.02990983,0.02511738,-0.9992363,0.0,0.0,0.0,0.8043146,-0.110957,-2.833353,-0.2055982,0.0510238,0.7705439,0.5297567,0.08030097,-0.8443398,0.2186726,0.9489205,0.227447,0.8194755,-0.3051255,0.4851374,moving,2.534542274199204,1.5237299492896363,-14.939735340299954,3.788475489624954,0.6005528,-0.19618982,0.5498160000000003,0.0442060753087248,0.0265649752089562,0.9986691684373094,3.210957467099117,2.3860738459424624,17.585758719948384,17.6204270808359,18.204790022375203
3374,05/05/2023 12:22:18.368072,3572,True,True,True,True,Eyes,0.1312962,0.07814757,-3.19553,0.8415191,-0.2750086,0.4649903,0.0,0.0,0.0,0.0,0.0,0.0,0.0,-2.950107,0.6414642,1.561408,0.2079173,0.08839397,-3.391394,0.1517953,0.4751651,-0.03795018,0.8658731,17.39371,58.23581,4.720714,0.03092151,0.02504215,-0.9992075,0.0,0.0,0.0,0.8020707,-0.1090983,-2.833385,-0.2041097,0.05621426,0.7693141,0.5455559,0.07853556,-0.8343866,0.2099757,0.951036,0.2268057,0.8113441,-0.2989361,0.5023527,moving,2.838826622183397,1.1828568608669805,-14.859029080972874,4.179210780658502,0.5941534,-0.19749227,0.5580090000000002,0.0495160764909269,0.0206179588718131,0.9985605453720696,3.51169673552388,2.0376300965753185,17.90711770475939,17.949714017287043,18.49513273408273
3375,05/05/2023 12:22:18.388206,3573,True,True,True,True,Eyes,0.1348371,0.07862142,-3.203672,0.8353102,-0.2739955,0.4766375,0.0,0.0,0.0,0.0,0.0,0.0,0.0,-2.926252,0.6494705,1.620194,0.2114022,0.09047596,-3.399546,0.1517033,0.4666486,-0.03740509,0.8705322,17.39967,57.09066,4.595809,0.0319329,0.02498083,-0.9991772,0.0,0.0,0.0,0.7999853,-0.1073707,-2.833415,-0.2034918,0.06021208,0.7683989,0.56168,0.07645963,-0.8238141,0.2067089,0.951174,0.2292152,0.8011162,-0.2990353,0.5184504,moving,3.186107921179458,1.2224480978612855,-14.83289692805332,4.48056700301566,0.5885831,-0.19784666,0.5661309999999999,0.0555668073585234,0.0213011634101177,0.9982277099980226,3.8539220225374686,2.08076886437654,18.26242801333861,18.311195333915222,18.840282205911212
3376,05/05/2023 12:22:18.398441,3574,True,True,True,True,Eyes,0.1383776,0.07914454,-3.21178,0.8288228,-0.2729254,0.4884306,0.0,0.0,0.0,0.0,0.0,0.0,0.0,-2.899385,0.6635121,1.678858,0.2151083,0.09261079,-3.407404,0.1525536,0.4577362,-0.03667328,0.8751343,17.49264,55.92195,4.538553,0.03294326,0.02493407,-0.9991456,0.0,0.0,0.0,0.7977916,-0.1055534,-2.833447,-0.2025002,0.06292406,0.7677473,0.5782653,0.07547055,-0.8123505,0.2038467,0.9507649,0.2334365,0.7899719,-0.3005832,0.5344099,moving,3.550130496300582,1.3481506818316071,-14.775764048320722,4.685451605613838,0.5826833,-0.19816419,0.573957,0.0619047501754074,0.0234823723160507,0.9978057620987616,4.212446443158828,2.2125842665849054,18.57442492514916,18.62729149169193,19.148556356685745
3377,05/05/2023 12:22:18.418189,3575,True,True,True,True,Eyes,0.1418908,0.07967802,-3.219836,0.822286,-0.2718379,0.4999498,0.0,0.0,0.0,0.0,0.0,0.0,0.0,-2.871258,0.6679565,1.73992,0.2188109,0.09428576,-3.414797,0.1513087,0.4488765,-0.03533734,0.8799813,17.33883,54.72706,4.424839,0.03395179,0.02490196,-0.9991126,0.0,0.0,0.0,0.795644,-0.1037743,-2.833477,-0.2014619,0.06619461,0.7676771,0.5945224,0.07364545,-0.8006995,0.1980302,0.9517139,0.2345735,0.7793121,-0.2980219,0.5512312,moving,3.930942145676768,1.2291404236318393,-14.70457951378272,4.928261937027374,0.5768331,-0.1980600599999999,0.5813200000000003,0.0685383694602841,0.0214004588024779,0.9974188811463408,4.588096641276198,2.092845592873104,18.94082319254219,18.999109649955955,19.49992151442349
3378,05/05/2023 12:22:18.428609,3576,True,True,True,True,Eyes,0.1454086,0.08026293,-3.227837,0.8154634,-0.2708246,0.5115402,0.0,0.0,0.0,0.0,0.0,0.0,0.0,-2.842418,0.6803581,1.796756,0.2222936,0.0950783,-3.422296,0.1519925,0.4400278,-0.03508121,0.8843321,17.43942,53.56973,4.311005,0.03495765,0.02488332,-0.9990783,0.0,0.0,0.0,0.7934936,-0.1019929,-2.833508,-0.200798,0.07012024,0.7676148,0.6102897,0.07171501,-0.7889255,0.1958088,0.9513351,0.2379503,0.7675972,-0.2996972,0.5665476,moving,4.284028715298115,1.3647704983453992,-14.659350401808602,5.219381513811336,0.5712,-0.1970712,0.5887879999999996,0.0746796805575765,0.023750976517411,0.9969246377470302,4.935817941818617,2.2347945077369533,19.26670465550952,19.33157102914779,19.821159956266897
3379,05/05/2023 12:22:18.448097,3577,True,True,True,True,Eyes,0.1488904,0.08086426,-3.235723,0.8087014,-0.2695272,0.5228357,0.0,0.0,0.0,0.0,0.0,0.0,0.0,-2.81274,0.6934124,1.851105,0.2261024,0.09689978,-3.429053,0.1524645,0.4314437,-0.03383828,0.888519,17.46564,52.46016,4.294323,0.03596067,0.0248784,-0.9990429,0.0,0.0,0.0,0.7913662,-0.1002307,-2.833539,-0.1995926,0.06940454,0.7682741,0.6254225,0.07142777,-0.7770101,0.1916916,0.9512191,0.2417365,0.7563736,-0.3001337,0.5812218,moving,4.60609920591358,1.4389272346370503,-14.563132017617171,5.161988724053862,0.5652638,-0.19713048,0.5955140000000001,0.0802798734281609,0.025030328071744,0.9964580571681224,5.253111240666013,2.3133058232570543,19.464476997508584,19.52743230829811,20.01995232613569
3380,05/05/2023 12:22:18.468242,3578,True,True,True,True,Eyes,0.1523676,0.08146721,-3.243546,0.8016527,-0.2682402,0.5342286,0.0,0.0,0.0,0.0,0.0,0.0,0.0,-2.781796,0.6938992,1.909245,0.2299465,0.09789824,-3.435498,0.1499862,0.4229214,-0.03136711,0.8931169,17.12408,51.31858,4.250752,0.03695945,0.02488636,-0.9990063,0.0,0.0,0.0,0.789154,-0.0983981,-2.83357,-0.1977535,0.07052865,0.769106,0.6403073,0.0708357,-0.7648456,0.1828937,0.9530405,0.2413787,0.7460272,-0.2944419,0.5972834,moving,4.9172889387261005,1.1459055296302334,-14.419612178135573,5.239490408073901,0.5592075000000001,-0.19629634,0.601928,0.0857005509105868,0.0199249160250611,0.996121712777262,5.560544461191002,2.014122247171067,19.70104192203249,19.765454256361245,20.23881565471141
3381,05/05/2023 12:22:18.478831,3579,True,True,True,True,Eyes,0.1523676,0.08146721,-3.243546,0.8016527,-0.2682402,0.5342286,0.0,0.0,0.0,0.0,0.0,0.0,0.0,-2.749874,0.6979061,1.965108,0.2335181,0.09851333,-3.441845,0.1492744,0.4141782,-0.0309927,0.8973366,17.07192,50.16547,4.080988,0.03795385,0.02490593,-0.9989685,0.0,0.0,0.0,0.7870831,-0.09668253,-2.8336,-0.1964465,0.07526133,0.7698251,0.6549918,0.06803063,-0.7525672,0.1792742,0.9535132,0.2422258,0.7340616,-0.2935718,0.6123472,moving,6.0156484738483575,0.9995772956293738,-14.315411852525768,5.583731322092833,0.5535650000000001,-0.19519586,0.6082449999999997,0.1047843104378517,0.0173489950578576,0.9943436599223814,6.6435530060418255,1.8712926493959767,20.769072881869054,20.841460652579155,21.28521573395972
3382,05/05/2023 12:22:18.498766,3580,True,True,True,True,Eyes,0.1523676,0.08146721,-3.243546,0.8016527,-0.2682402,0.5342286,0.0,0.0,0.0,0.0,0.0,0.0,0.0,-2.718646,0.7095054,2.015115,0.237503,0.09981358,-3.448007,0.1503353,0.4057266,-0.03115454,0.9010077,17.22872,49.0835,3.953251,0.0388487,0.02492353,-0.9989337,0.0,0.0,0.0,0.7848985,-0.0948728,-2.833632,-0.1961161,0.07690169,0.7705932,0.6688306,0.06584909,-0.7404928,0.178131,0.9528574,0.245626,0.7217582,-0.296187,0.6255705,moving,7.061526173163595,1.063799484788867,-14.278658952223577,5.698988709137312,0.5473955,-0.19468638,0.6143749999999999,0.1229142375953682,0.0184249588845279,0.9922462720805468,7.674333566564312,1.944634409868572,21.76279025243521,21.837776451170843,22.271709784711067
3383,05/05/2023 12:22:18.518285,3581,True,True,True,True,Eyes,0.1523676,0.08146721,-3.243546,0.8016527,-0.2682402,0.5342286,0.0,0.0,0.0,0.0,0.0,0.0,0.0,-2.68686,0.7112639,2.066663,0.2415991,0.1007515,-3.453648,0.1487904,0.3975814,-0.02955275,0.9049404,17.0252,48.01821,3.887452,0.03965394,0.02493935,-0.9989017,0.0,0.0,0.0,0.7827031,-0.09305418,-2.833663,-0.1950643,0.0750754,0.7720677,0.6821113,0.06482568,-0.7283693,0.1717996,0.9539761,0.2457937,0.7107806,-0.2927922,0.6395808,moving,8.06659457185007,0.7603421620325909,-14.179153892530469,5.553946036560084,0.541104,-0.1938056799999999,0.6199849999999998,0.1403118811431271,0.0131388088035825,0.9900202023618456,8.665754371744463,1.639557253373502,22.685428885122803,22.75636093153679,23.177840131234703
3384,05/05/2023 12:22:18.538262,3582,True,True,True,True,Eyes,0.1523676,0.08146721,-3.243546,0.8016527,-0.2682402,0.5342286,0.0,0.0,0.0,0.0,0.0,0.0,0.0,-2.65547,0.7171196,2.114935,0.2455067,0.1009813,-3.459518,0.1486384,0.3895029,-0.02942215,0.9084759,17.03698,46.97388,3.737907,0.04037909,0.02495358,-0.9988723,0.0,0.0,0.0,0.7806344,-0.0913405,-2.833693,-0.1928189,0.08316725,0.7735996,0.6948436,0.06233159,-0.7164545,0.1692488,0.9540819,0.2471488,0.6989615,-0.2929889,0.6523882,moving,9.065525778065332,0.6840526816780043,-13.995736450211604,6.136120881437331,0.5351277,-0.1923218,0.6258250000000003,0.1575529765397811,0.0117895804409725,0.9874401848961644,9.650590405294144,1.5680645689328492,23.61175381806682,23.696980044220396,24.08351951504648
3385,05/05/2023 12:22:18.548440,3583,True,True,True,True,Eyes,0.1523676,0.08146721,-3.243546,0.8016527,-0.2682402,0.5342286,0.0,0.0,0.0,0.0,0.0,0.0,0.0,-2.623818,0.7346041,2.157518,0.2497016,0.1018673,-3.465,0.1507548,0.3815431,-0.02964443,0.9114929,17.30421,45.98512,3.663075,0.04103077,0.02496635,-0.9988454,0.0,0.0,0.0,0.7784665,-0.08954462,-2.833724,-0.1907855,0.08677597,0.775304,0.707092,0.06099751,-0.7044857,0.1690803,0.9527884,0.2522025,0.6866096,-0.297445,0.6633957,moving,10.028782648787708,0.8554207615804762,-13.82457038691679,6.386256426533189,0.5287649,-0.19141192,0.6312759999999997,0.1741240609310126,0.0147012895953536,0.9846140039936548,10.59967833572504,1.7510227138264494,24.39502407741372,24.48617148920317,24.86019543842896
3386,05/05/2023 12:22:18.568734,3584,True,True,True,True,Eyes,0.1523676,0.08146721,-3.243546,0.8016527,-0.2682402,0.5342286,0.0,0.0,0.0,0.0,0.0,0.0,0.0,-2.594196,0.7383047,2.20085,0.2543112,0.1022177,-3.470384,0.1495901,0.3742824,-0.02790848,0.9147442,17.13143,45.05615,3.65497,0.04161811,0.02497786,-0.9988208,0.0,0.0,0.0,0.7762322,-0.08769377,-2.833756,-0.1864877,0.0822581,0.7782626,0.7182676,0.06091963,-0.6930948,0.1630361,0.9536878,0.2527819,0.6763956,-0.2945645,0.675071,moving,10.906009444201976,0.5790843130218872,-13.475173846882168,6.033449821302256,0.5219210000000001,-0.18991147,0.636628,0.1891891219855883,0.009924234858192,0.981890543317376,11.465020515264722,1.472946098090787,24.903827352197464,24.98383881174707,25.353727320279543
3387,05/05/2023 12:22:18.588483,3585,True,True,True,True,Eyes,0.1523676,0.08146721,-3.243546,0.8016527,-0.2682402,0.5342286,0.0,0.0,0.0,0.0,0.0,0.0,0.0,-2.565512,0.7512319,2.238867,0.2586441,0.1022094,-3.475828,0.1506183,0.3672209,-0.02753127,0.9174449,17.25279,44.17656,3.608311,0.04214682,0.02498821,-0.9987984,0.0,0.0,0.0,0.7741942,-0.08600543,-2.833785,-0.1815158,0.08430204,0.7814124,0.7287818,0.06010353,-0.6821032,0.1611372,0.9531122,0.2561479,0.6655163,-0.2965882,0.684926,moving,11.75455263371566,0.6059878622242135,-13.077422503218168,6.157493163201216,0.5155501,-0.18821483,0.6420429999999997,0.203708628072585,0.0103545183010567,0.9789768292308192,12.301374452091087,1.5065319636653884,25.36366898027065,25.44496414436608,25.8014490867936
3388,05/05/2023 12:22:18.607263,3586,True,True,True,True,Eyes,0.1523676,0.08146721,-3.243546,0.8016527,-0.2682402,0.5342286,0.0,0.0,0.0,0.0,0.0,0.0,0.0,-2.538172,0.7629133,2.273962,0.263282,0.1026735,-3.480718,0.1519024,0.3604581,-0.02780472,0.9199035,17.42854,43.33243,3.506482,0.04262221,0.02499751,-0.998778,0.0,0.0,0.0,0.7721351,-0.08429971,-2.833815,-0.1763553,0.08836365,0.7840089,0.7385936,0.05835361,-0.6716206,0.1606642,0.9523051,0.2594263,0.6547261,-0.299516,0.6939912,moving,12.571597921942573,0.701126032228225,-12.677134866851535,6.430524357306641,0.5088531,-0.18697321,0.646903,0.2176439246070614,0.0119433185575711,0.9759551898497996,13.106519816373051,1.6100730234618346,25.804189587901178,25.890625960129626,26.230394581205516
3389,05/05/2023 12:22:18.622348,3587,True,True,True,True,Eyes,0.1523676,0.08146721,-3.243546,0.8016527,-0.2682402,0.5342286,0.0,0.0,0.0,0.0,0.0,0.0,0.0,-2.512972,0.7632642,2.309741,0.2681446,0.1031257,-3.48568,0.1512968,0.354129,-0.02791082,0.9224548,17.39137,42.51503,3.344007,0.0430509,0.02500588,-0.9987586,0.0,0.0,0.0,0.7699514,-0.08249074,-2.833846,-0.1720103,0.08195113,0.7871724,0.7476272,0.05566423,-0.6617817,0.1586501,0.9526606,0.2593609,0.6448904,-0.298897,0.7034038,moving,13.348611845682113,0.6005617708465161,-12.326328924353778,5.943551140378056,0.5018068,-0.18561644,0.651834,0.2308633344066561,0.0101984409534173,0.9729327654057348,13.872667010952018,1.5120677717870972,26.152229780753725,26.22499035171945,26.57113909609951
3390,05/05/2023 12:22:18.638149,3588,True,True,True,True,Eyes,0.1523676,0.08146721,-3.243546,0.8016527,-0.2682402,0.5342286,0.0,0.0,0.0,0.0,0.0,0.0,0.0,-2.487686,0.7655448,2.343894,0.2728749,0.1028414,-3.490479,0.1513317,0.3477929,-0.02891436,0.9248258,17.45901,41.69677,3.111739,0.04343672,0.0250134,-0.9987411,0.0,0.0,0.0,0.767875,-0.08077071,-2.833876,-0.1665407,0.08180268,0.79028,0.7564082,0.05178266,-0.6520469,0.1587457,0.9525254,0.2597985,0.6345443,-0.3000233,0.7122778,moving,14.132068299535828,0.6230560429598745,-11.900179321218992,5.909697363400243,0.4950001,-0.18361211,0.656603,0.2441442395236878,0.0105451014734213,0.9696816201793274,14.64487470483416,1.5406651012106418,26.49334211505462,26.56363101383699,26.902199466849066
3391,05/05/2023 12:22:18.648396,3589,True,True,True,True,Eyes,0.1523676,0.08146721,-3.243546,0.8016527,-0.2682402,0.5342286,0.0,0.0,0.0,0.0,0.0,0.0,0.0,-2.464699,0.7700307,2.374311,0.2778535,0.1029412,-3.495317,0.1519001,0.3419129,-0.03006369,0.9268864,17.58657,40.94424,2.894804,0.04378396,0.02502018,-0.9987254,0.0,0.0,0.0,0.7656981,-0.07896738,-2.833907,-0.1604426,0.08298049,0.7930064,0.7643835,0.04814195,-0.6429621,0.1596044,0.9520451,0.2610299,0.6246955,-0.3021465,0.720044,moving,14.855749306511791,0.7125359432444776,-11.437796174350783,5.973712096040145,0.4878446000000001,-0.18190858,0.66141,0.2563678489414016,0.0120201655341834,0.9665045757889508,15.35800331563805,1.637735923861889,26.74479572011482,26.814744236425877,27.144346735064072
3392,05/05/2023 12:22:18.668080,3590,True,True,True,True,Eyes,0.1523676,0.08146721,-3.243546,0.8016527,-0.2682402,0.5342286,0.0,0.0,0.0,0.0,0.0,0.0,0.0,-2.443539,0.7740237,2.402066,0.2831576,0.103236,-3.499869,0.1520938,0.3365346,-0.03038097,0.9288104,17.63675,40.26248,2.762662,0.04409647,0.02502627,-0.9987112,0.0,0.0,0.0,0.7635227,-0.07716526,-2.833939,-0.1538763,0.08095108,0.7957838,0.7716429,0.04593334,-0.6343953,0.158806,0.9518889,0.2620841,0.6159123,-0.3029811,0.7272239,moving,15.50815415165057,0.7126635868075782,-10.943904236364668,5.808431057253978,0.4803651,-0.18040126,0.6659299999999999,0.2673563169242904,0.0119852341352441,0.963523226152173,16.001084858649044,1.64241674879383,26.874057345655768,26.93841567493952,27.265144645658903
3393,05/05/2023 12:22:18.688413,3591,True,True,True,True,Eyes,0.1583591,0.08222881,-3.253942,0.7925873,-0.2673691,0.5480139,0.0,0.0,0.0,0.0,0.0,0.0,0.0,-2.423574,0.7754342,2.428718,0.2885977,0.1030742,-3.504249,0.1515117,0.3315233,-0.0299645,0.9307194,17.57161,39.62718,2.686385,0.04437774,0.02503176,-0.9986985,0.0,0.0,0.0,0.7613979,-0.07540509,-2.833969,-0.1473622,0.08336699,0.7982233,0.7783888,0.04468221,-0.6261904,0.1562364,0.9522926,0.2621618,0.6080304,-0.3018976,0.734273,moving,15.180172238779402,0.7650084483283929,-10.459763218070822,5.962394306098959,0.4728001999999999,-0.17847929,0.67028,0.2618334821138101,0.01288572659928,0.96502708979773,15.677666534318623,1.6939628304431134,26.09634409024725,26.16140496964945,26.483669332693733
3394,05/05/2023 12:22:18.698784,3592,True,True,True,True,Eyes,0.1643425,0.08294794,-3.264087,0.7834546,-0.2665451,0.5613846,0.0,0.0,0.0,0.0,0.0,0.0,0.0,-2.40509,0.7801591,2.452744,0.2941369,0.1024897,-3.508852,0.1513207,0.326834,-0.02930702,0.9324284,17.53862,39.04356,2.660507,0.04479935,0.02505184,-0.9986786,0.0,0.0,0.0,0.7592275,-0.07360713,-2.834,-0.1411127,0.08385218,0.8002744,0.7846413,0.04426014,-0.6183681,0.1535669,0.9524863,0.2630344,0.6006291,-0.3013486,0.7405632,moving,14.821976921068178,0.8354387780408722,-10.000189651954564,5.981584566761454,0.4650906000000001,-0.17609683,0.674852,0.255791177399184,0.0140955733261998,0.9666293281758396,15.324423945793912,1.7638979399049548,25.28713125419933,25.350005322635617,25.673428566469862
3395,05/05/2023 12:22:18.718375,3593,True,True,True,True,Eyes,0.1703121,0.08362182,-3.273973,0.7743565,-0.265483,0.5743611,0.0,0.0,0.0,0.0,0.0,0.0,0.0,-2.390206,0.7876719,2.471505,0.2999778,0.1022044,-3.513035,0.1519769,0.3227803,-0.02921834,0.9337357,17.61832,38.5451,2.618697,0.04534701,0.02508393,-0.9986533,0.0,0.0,0.0,0.7570898,-0.07183626,-2.834031,-0.1345186,0.07982854,0.8024862,0.7899183,0.04354589,-0.611664,0.1526747,0.9520986,0.2649503,0.593902,-0.3026747,0.7454317,moving,14.40890936367291,1.043318210372963,-9.515866860814022,5.6808957557382005,0.457112,-0.17404066,0.6790039999999999,0.2488017822069836,0.0176357590821684,0.9683937932198268,14.916769378791743,1.9748078105348563,24.31554759646706,24.37010551641193,24.71211851449565
3396,05/05/2023 12:22:18.728458,3594,True,True,True,True,Eyes,0.1762918,0.08424703,-3.283617,0.7652673,-0.2643683,0.5869203,0.0,0.0,0.0,0.0,0.0,0.0,0.0,-2.37786,0.7836742,2.491194,0.3061355,0.1017903,-3.517148,0.1503964,0.3192803,-0.02813823,0.9352269,17.41422,38.09851,2.607343,0.04600551,0.02512543,-0.9986224,0.0,0.0,0.0,0.7549796,-0.07008822,-2.834061,-0.1273149,0.0799416,0.8044559,0.7945366,0.04340599,-0.6056629,0.1486685,0.9531783,0.2633416,0.5887352,-0.2992775,0.750882,moving,13.952310522612992,0.9647980517565596,-8.993163206553211,5.675050649863202,0.4488440999999999,-0.17187852,0.683087,0.2410820106612207,0.0163414633048079,0.970367197383996,14.466880449330922,1.8908708656774504,23.37234558593164,23.423945956943864,23.76328396865697
3397,05/05/2023 12:22:18.748097,3595,True,True,True,True,Eyes,0.1822083,0.08482612,-3.292965,0.7562644,-0.2631797,0.5989996,0.0,0.0,0.0,0.0,0.0,0.0,0.0,-2.367555,0.7850161,2.506818,0.3123958,0.1012334,-3.52106,0.1498361,0.3161558,-0.02735458,0.9364008,17.33211,37.71059,2.612626,0.04676346,0.02517404,-0.9985862,0.0,0.0,0.0,0.7528658,-0.06833712,-2.834092,-0.1209818,0.08237198,0.8058185,0.7985945,0.04351339,-0.6002944,0.1459728,0.9536017,0.2633166,0.5838997,-0.2979099,0.7551893,moving,13.471100751635118,1.0105820160776986,-8.538346837897636,5.836587868209171,0.44047,-0.16957052,0.6869679999999998,0.2329206048038459,0.0171519740051723,0.972344444960296,13.99243938455252,1.9346009575803411,22.480402355780683,22.532334891910256,22.866172168783923
3398,05/05/2023 12:22:18.768368,3596,True,True,True,True,Eyes,0.188157,0.08535874,-3.302078,0.7473092,-0.2618901,0.6106902,0.0,0.0,0.0,0.0,0.0,0.0,0.0,-2.358163,0.783046,2.52229,0.3188636,0.1007835,-3.524799,0.1488717,0.3131678,-0.02673972,0.9375757,17.21181,37.33204,2.586256,0.0476093,0.02522785,-0.9985451,0.0,0.0,0.0,0.7506952,-0.06653906,-2.834123,-0.1148275,0.08014666,0.8070736,0.8024218,0.0431026,-0.5951986,0.1433847,0.9542444,0.2624088,0.5792755,-0.2959049,0.7595263,moving,12.99826616350978,1.0288591990222156,-8.097489240807015,5.671179322032444,0.4318316,-0.16732256,0.6906759999999998,0.2248871387406341,0.017496068800596,0.9742277185875312,13.526318634390966,1.950100528120099,21.55374894945515,21.60050999868445,21.94163837123332
3399,05/05/2023 12:22:18.788392,3597,True,True,True,True,Eyes,0.337486,0.09728196,-3.523941,0.476184,-0.2094875,0.8540279,0.0,0.0,0.0,0.0,0.0,0.0,0.0,-2.350446,0.7773699,2.536903,0.3256248,0.1001754,-3.528274,0.1474814,0.3104323,-0.02643334,0.9387132,17.05544,36.97515,2.514292,0.04853478,0.02528507,-0.9984993,0.0,0.0,0.0,0.748463,-0.06468985,-2.834155,-0.1088944,0.08161861,0.8080661,0.8058662,0.0419393,-0.5906105,0.1411926,0.955101,0.260474,0.5750168,-0.293297,0.7637622,moving,-7.467620358020059,5.18455764734246,-7.674901556367746,5.767592113079723,0.4228382,-0.16486525,0.6941190000000002,-0.1294430757814874,0.089603913381882,0.9875299981922268,-6.656898268449662,6.0812455428319065,0.6113265553459363,0.6187848442116115,1.0652272847647763
3400,05/05/2023 12:22:18.798403,3598,True,True,True,True,Eyes,0.3377648,0.09724151,-3.524058,0.4760115,-0.2093439,0.8541594,0.0,0.0,0.0,0.0,0.0,0.0,0.0,-2.343766,0.7713895,2.550449,0.332468,0.09930581,-3.531667,0.1459217,0.3079236,-0.02587022,0.9397982,16.87029,36.64894,2.469896,0.05581642,0.02562041,-0.9981103,0.4479871,0.03576965,-0.6655884,0.7462171,-0.06282943,-2.834187,-0.1033621,0.08612236,0.8083788,0.8090277,0.04123986,-0.5863221,0.138491,0.9560751,0.2583418,0.5712219,-0.290206,0.7677798,moving,-7.16958677740281,4.997710402175447,-7.286498396696976,6.081189833360146,0.4137491,-0.16213524,0.6974800000000001,-0.1243394541020897,0.0864398956276701,0.9884674712934626,-6.362683377332435,5.891163710644493,1.0799031096589564,1.0897687848926043,0.943156464918654
3401,05/05/2023 12:22:18.818312,3599,True,True,True,True,Eyes,0.3382735,0.09715806,-3.524267,0.4755784,-0.2091941,0.8544372,0.0,0.0,0.0,0.0,0.0,0.0,0.0,-2.337696,0.7619529,2.563806,0.3394744,0.09826164,-3.534628,0.1440672,0.3054769,-0.02585689,0.9408826,16.67233,36.31929,2.354898,0.06177421,0.02589356,-0.9977524,0.4211079,0.03362347,-0.6256531,0.7441964,-0.06115542,-2.834216,-0.09900868,0.08487377,0.8089385,0.8120306,0.0393618,-0.582286,0.136675,0.9571521,0.2553032,0.5673855,-0.2868979,0.771857,moving,-6.8915236140640985,4.790284016687847,-6.977916224844236,5.989555210213625,0.4047219999999999,-0.15941706,0.700412,-0.1195768454698531,0.0829096769808033,0.9893570024291676,-6.088105030952636,5.679778314540513,1.1927812142724064,1.2023789248062162,0.9421919580784296
3402,05/05/2023 12:22:18.838093,3600,True,True,True,True,Eyes,0.3390554,0.09703998,-3.524573,0.4749733,-0.2090237,0.8548155,0.0,0.0,0.0,0.0,0.0,0.0,0.0,-2.330858,0.7607185,2.575485,0.3464335,0.09718037,-3.53769,0.143544,0.3028997,-0.02597672,0.9417921,16.62544,35.9901,2.27459,0.06665448,0.02611457,-0.9974326,0.3958414,0.03160606,-0.5881139,0.7420315,-0.05936202,-2.834247,-0.09505123,0.0882355,0.8090575,0.815154,0.03802952,-0.5779945,0.1358882,0.9574407,0.2546405,0.5630793,-0.2861138,0.7752938,moving,-6.617484170392606,4.739920033210312,-6.7006159136494485,6.224057164161084,0.3955979999999999,-0.15654239,0.703443,-0.1148513759829118,0.0820860775546159,0.9899854136407058,-5.81786299427162,5.629893268053506,1.4757120734393856,1.486463558316756,1.06408808475042
3403,05/05/2023 12:22:18.848662,3601,True,True,True,True,Eyes,0.340108,0.0969023,-3.524966,0.4739868,-0.2088222,0.8554121,0.0,0.0,0.0,0.0,0.0,0.0,0.0,-2.323486,0.7620791,2.586322,0.3538229,0.09622511,-3.540334,0.1432582,0.3002801,-0.02561684,0.9426839,16.58747,35.66625,2.256699,0.07066128,0.02629173,-0.9971523,0.3720909,0.0297097,-0.5528271,0.739894,-0.05759138,-2.834278,-0.091492,0.09165705,0.8086759,0.8183513,0.03773798,-0.573478,0.1343323,0.9576418,0.2547099,0.5587987,-0.2854788,0.778618,moving,-6.368495744438898,4.708130554808137,-6.454883831753372,6.46642978962358,0.3860711,-0.15381649,0.7060560000000002,-0.1105527941496299,0.081576808762123,0.990516714948005,-5.572357758580798,5.598936191791934,1.7486896285652205,1.7604201489367317,1.237496429129513
3404,05/05/2023 12:22:18.868382,3602,True,True,True,True,Eyes,0.3414344,0.09673759,-3.525427,0.4728738,-0.2085398,0.8560966,0.0,0.0,0.0,0.0,0.0,0.0,0.0,-2.316978,0.7626188,2.59647,0.3614133,0.0956153,-3.542862,0.1428401,0.2978222,-0.02507628,0.9435411,16.52822,35.36379,2.257377,0.07396354,0.02643217,-0.9969092,0.3497655,0.02792712,-0.5196574,0.7377901,-0.05584851,-2.834308,-0.08879516,0.09200122,0.8085641,0.8213462,0.03776094,-0.5691788,0.1324029,0.9579358,0.2546146,0.5548512,-0.2844876,0.7817973,moving,-6.148394861997986,4.662212906575141,-6.26701386342488,6.491394046114927,0.3763768,-0.15146381,0.7085539999999999,-0.1067535543965841,0.0808167134502383,0.9909955624990646,-5.3552939668404695,5.553247769217613,1.821247654466612,1.8330232155506323,1.3081863807134593
3405,05/05/2023 12:22:18.888381,3603,True,True,True,True,Eyes,0.3414344,0.09673759,-3.525427,0.4728738,-0.2085398,0.8560966,0.0,0.0,0.0,0.0,0.0,0.0,0.0,-2.310411,0.7618357,2.606488,0.369354,0.09478123,-3.544964,0.1419028,0.2954363,-0.02383189,0.9444645,16.38712,35.07427,2.319615,0.07669999,0.02654146,-0.9966996,0.3287795,0.02625149,-0.488478,0.7356772,-0.05409823,-2.834339,-0.08589381,0.09444337,0.8081086,0.8242989,0.03882971,-0.5648218,0.1288632,0.9585913,0.2539626,0.5512946,-0.2821258,0.785162,moving,-5.863855099189881,4.52294140788405,-6.067184960926348,6.665898746241401,0.3663232,-0.14887946,0.7106249999999998,-0.1018501509775146,0.0784481704743136,0.9917017186317318,-5.074492167908807,5.412000381695778,2.1391146056528307,2.152581981410556,1.599281116601817
3406,05/05/2023 12:22:18.898685,3604,True,True,True,True,Eyes,0.3414344,0.09673759,-3.525427,0.4728738,-0.2085398,0.8560966,0.0,0.0,0.0,0.0,0.0,0.0,0.0,-2.303953,0.7625499,2.615939,0.3772269,0.09399625,-3.547066,0.1412011,0.293089,-0.02256579,0.9453317,16.27162,34.79322,2.394407,0.07894293,0.02663004,-0.9965221,0.3090528,0.0246764,-0.4591693,0.733507,-0.05230043,-2.83437,-0.08414337,0.09745418,0.8074611,0.8271793,0.04010465,-0.5605051,0.1254333,0.9591061,0.2537362,0.5477599,-0.2801913,0.7883223,moving,-5.586249493428251,4.409709378262745,-5.949168201934028,6.881861989647507,0.3562801,-0.14629668,0.7126960000000002,-0.0970585989067373,0.0765249694158469,0.9923323157472022,-4.800586792884933,5.297484529795455,2.4827094204485056,2.498649339735369,1.956908579494823
3407,05/05/2023 12:22:18.918636,3605,True,True,True,True,Eyes,0.3436322,0.09644355,-3.526051,0.4709693,-0.2081172,0.8572486,0.0,0.0,0.0,0.0,0.0,0.0,0.0,-2.2976,0.7614425,2.625171,0.3854287,0.09279915,-3.548678,0.1401212,0.2907782,-0.02115936,0.9462382,16.10994,34.51426,2.472438,0.0807839,0.02670188,-0.9963727,0.2905096,0.02319582,-0.4316191,0.7313817,-0.05053981,-2.8344,-0.08336449,0.0992119,0.8066023,0.8300006,0.0414448,-0.5562207,0.121532,0.9598367,0.2528706,0.5443611,-0.2774813,0.7916281,moving,-5.439889607352384,4.277454020128259,-5.900720452199298,7.012147304455528,0.345953,-0.14333896,0.7142780000000002,-0.0945397060868572,0.0742522622577697,0.9927481343235574,-4.656006783713126,5.162489185215234,2.7555261518884406,2.773249434671715,2.229472420683388
3408,05/05/2023 12:22:18.938403,3606,True,True,True,True,Eyes,0.3460846,0.09610888,-3.526692,0.4690023,-0.2077101,0.8584248,0.0,0.0,0.0,0.0,0.0,0.0,0.0,-2.291818,0.7647902,2.632577,0.3937231,0.09138485,-3.550272,0.1397007,0.2885771,-0.01971543,0.947005,16.02003,34.25798,2.581281,0.08240217,0.02675327,-0.9962389,0.273079,0.02180407,-0.405722,0.7292359,-0.04876228,-2.834431,-0.08323014,0.09985166,0.8055899,0.8326691,0.04328764,-0.5520763,0.1179701,0.96019,0.2532157,0.5410593,-0.2759734,0.794414,moving,-5.315066332346278,4.21896191083679,-5.898629313547523,7.065689069099143,0.3355128,-0.14014713,0.7158410000000002,-0.0923835354782677,0.0732536291487451,0.9930251600495396,-4.532829433020335,5.103204332401461,2.886776374423461,2.9059251997628803,2.390973788107986
3409,05/05/2023 12:22:18.948949,3607,True,True,True,True,Eyes,0.3487281,0.09574515,-3.527309,0.4666429,-0.2071985,0.8598331,0.0,0.0,0.0,0.0,0.0,0.0,0.0,-2.286437,0.7749325,2.636988,0.4023205,0.09008116,-3.551344,0.140019,0.2865854,-0.01740224,0.9476079,15.98232,34.04959,2.818632,0.08392534,0.02678938,-0.9961108,0.2566943,0.02049582,-0.3813787,0.7270772,-0.04697403,-2.834462,-0.08393344,0.1015108,0.8045052,0.835132,0.0472738,-0.5480145,0.1132358,0.9601836,0.2553918,0.5382679,-0.2753407,0.796527,moving,-5.251926579202891,4.231958371136818,-5.9560793629895405,7.19145873320089,0.3247566999999999,-0.13705519,0.716882,-0.0912876019445263,0.0734863345709385,0.9931093125838746,-4.470622583987699,5.117010647607076,3.021143944006984,3.042116621034089,2.5514538408731533
3410,05/05/2023 12:22:18.968506,3608,True,True,True,True,Eyes,0.3516137,0.09535594,-3.527926,0.4641708,-0.2066244,0.8613082,0.0,0.0,0.0,0.0,0.0,0.0,0.0,-2.278596,0.7815114,2.644354,0.4110205,0.08908039,-3.552252,0.1389847,0.284388,-0.01319369,0.9484898,15.73302,33.82553,3.217456,0.08536842,0.02681093,-0.9959877,0.2412926,0.01926607,-0.358496,0.7247881,-0.04507773,-2.834495,-0.08588639,0.1044099,0.8026792,0.8378987,0.05402298,-0.5431457,0.1040793,0.9610184,0.2561468,0.5358108,-0.2711553,0.7996134,moving,-5.179355749704483,4.051271005064232,-6.107391156988576,7.411236340979278,0.3137676,-0.13415812,0.7177570000000002,-0.0900500046753352,0.0703620833573334,0.993448621479152,-4.398663048901796,4.931691581425113,3.460308049777576,3.4857734831345053,3.011294399755419
3411,05/05/2023 12:22:18.988416,3609,True,True,True,True,Eyes,0.3546937,0.09492588,-3.528522,0.4611085,-0.2059708,0.8631078,0.0,0.0,0.0,0.0,0.0,0.0,0.0,-2.265224,0.7930267,2.654452,0.4197373,0.08823127,-3.552785,0.1385455,0.2813222,-0.008645548,0.9495201,15.54338,33.50677,3.661943,0.08674607,0.02681866,-0.9958684,0.2268151,0.01811011,-0.3369862,0.7227038,-0.04335113,-2.834525,-0.08876038,0.1033478,0.801255,0.8415662,0.06153361,-0.5366376,0.09437009,0.9614608,0.2582392,0.5318463,-0.2679679,0.803326,moving,-5.048724440145977,3.935599755754947,-6.321264033209215,7.349569966498017,0.3029665,-0.1315824,0.7182599999999999,-0.087796956576552,0.0683701326567519,0.9937893705519912,-4.269625929132186,4.813642224832126,3.614077253019537,3.643425533169936,3.2619240366770432
3412,05/05/2023 12:22:18.998899,3610,True,True,True,True,Eyes,0.3579956,0.09445139,-3.529112,0.4578906,-0.2054794,0.8649361,0.0,0.0,0.0,0.0,0.0,0.0,0.0,-2.251001,0.7979481,2.667235,0.4284714,0.08687342,-3.553411,0.137935,0.2778056,-0.006299299,0.9506621,15.41206,33.09977,3.845898,0.08807061,0.0268128,-0.9957525,0.2132062,0.0170235,-0.316767,0.7206911,-0.04168381,-2.834554,-0.092262,0.1040823,0.7994218,0.8455688,0.0646612,-0.5299362,0.08861522,0.9618685,0.2587592,0.5264606,-0.2657591,0.807596,moving,-4.856376324848075,3.840629331566159,-6.58343160991403,7.418010116526601,0.2922197,-0.12855723,0.7188570000000003,-0.0844695403649165,0.0667420541769935,0.9941883309668772,-4.079802727494334,4.717312695882438,3.937570042829268,3.972451791813015,3.682651780817749
3413,05/05/2023 12:22:19.018671,3611,True,True,True,True,Eyes,0.3615038,0.09393766,-3.52968,0.4540601,-0.2049945,0.8670678,0.0,0.0,0.0,0.0,0.0,0.0,0.0,-2.236854,0.8118452,2.677015,0.4371922,0.08537477,-3.553954,0.1391777,0.2742364,-0.005042952,0.9515244,15.52315,32.6963,3.97176,0.08935315,0.02679346,-0.9956387,0.2004138,0.01600209,-0.297761,0.7185886,-0.0399421,-2.834584,-0.09613237,0.1041462,0.7974284,0.849538,0.06673817,-0.5232888,0.08593214,0.9612083,0.262096,0.5204814,-0.2676278,0.810848,moving,-4.695662308485621,3.983143112833033,-6.874005025089638,7.440860567109158,0.2813964,-0.12531687,0.7193700000000001,-0.081666634078164,0.0692309482878168,0.9942522446123084,-3.92172115652646,4.864999540791059,4.047347494682943,4.086684106288072,3.918040335101579
3414,05/05/2023 12:22:19.038623,3612,True,True,True,True,Eyes,0.3652295,0.09350704,-3.530225,0.4501672,-0.2047706,0.8691481,0.0,0.0,0.0,0.0,0.0,0.0,0.0,-2.22431,0.8292306,2.683731,0.4459853,0.08381178,-3.554105,0.1411183,0.2709665,-0.004079109,0.9521798,15.72084,32.33538,4.093174,0.09060309,0.0267609,-0.9955267,0.188389,0.01504197,-0.2798953,0.7164468,-0.03816778,-2.834615,-0.1005338,0.1037294,0.7950948,0.853121,0.06870858,-0.5171689,0.08424475,0.960138,0.2665294,0.5148664,-0.2709506,0.8133256,moving,-4.573116032368976,4.197888632038903,-7.206381311950689,7.432923053756578,0.2704615000000001,-0.12197956,0.71949,-0.0795186597458308,0.0729696416764067,0.9941590116574176,-3.801432102172619,5.08670584130768,4.127934946752775,4.171274834190235,4.135022893426321
3415,05/05/2023 12:22:19.048764,3613,True,True,True,True,Eyes,0.3694635,0.0930598,-3.530883,0.4444488,-0.203513,0.8723806,0.0,0.0,0.0,0.0,0.0,0.0,0.0,-2.212149,0.8579012,2.686306,0.4549997,0.08546196,-3.554083,0.1444363,0.2680755,-0.001041173,0.9525086,16.00444,32.07086,4.50228,0.09183019,0.02671879,-0.9954153,0.1770856,0.01413945,-0.2631016,0.7143102,-0.03639793,-2.834646,-0.1053548,0.1032086,0.7926581,0.8562689,0.07545617,-0.5109891,0.07942309,0.9582742,0.2745953,0.5103877,-0.2757117,0.8145474,moving,-4.635909803650397,4.593756469463791,-7.570996027737977,7.418501499593924,0.2593105,-0.12185989,0.7194369999999997,-0.0805656926782544,0.0798299627886221,0.9935474495217832,-3.864261330039735,5.493392130547415,4.027987820885484,4.073563013882758,4.176832316709725
3416,05/05/2023 12:22:19.068454,3614,True,True,True,True,Eyes,0.373868,0.09257725,-3.531549,0.4386806,-0.2025947,0.8755083,0.0,0.0,0.0,0.0,0.0,0.0,0.0,-2.191049,0.831013,2.712431,0.4639687,0.0836942,-3.553349,0.1373578,0.2637344,0.004770534,0.9547535,15.05639,31.52448,4.845022,0.09305103,0.02666748,-0.9953033,0.1664605,0.01329108,-0.2473155,0.7121099,-0.03457515,-2.834677,-0.1102089,0.1024846,0.7898006,0.8608429,0.08156133,-0.502292,0.06334259,0.9622201,0.264802,0.504913,-0.2597694,0.823154,moving,-4.520445530072978,3.7201804936235177,-7.943768196495484,7.393394545975939,0.2481411999999999,-0.11826935,0.7186719999999998,-0.0786497869697755,0.0646827982449515,0.9948016944467633,-3.748388637442401,4.595781559884206,4.967099039038985,5.021119352578805,5.042603302310182
3417,05/05/2023 12:22:19.088065,3615,True,True,True,True,Eyes,0.373868,0.09257725,-3.531549,0.4386806,-0.2025947,0.8755083,0.0,0.0,0.0,0.0,0.0,0.0,0.0,-2.17777,0.8572322,2.717542,0.472511,0.0824286,-3.554223,0.1409997,0.2603182,0.004983718,0.9551589,15.47153,31.16114,4.936304,0.09426988,0.02660693,-0.9951902,0.1564729,0.01249362,-0.2324766,0.7100377,-0.03285858,-2.834707,-0.1148721,0.1039128,0.7869623,0.8644191,0.08293009,-0.4958852,0.06388912,0.9601884,0.271949,0.498696,-0.2667596,0.824707,moving,-4.125044308340868,4.116023490538643,-8.304756080664413,7.521987330849094,0.2375266999999999,-0.11528718,0.719516,-0.071748848765305,0.0715914036904091,0.9948501587032244,-3.359570515814121,5.005637529764467,5.332379612148285,5.391714029991052,5.5485923072633785
3418,05/05/2023 12:22:19.098961,3616,True,True,True,True,Eyes,0.373868,0.09257725,-3.531549,0.4386806,-0.2025947,0.8755083,0.0,0.0,0.0,0.0,0.0,0.0,0.0,-2.156914,0.9019718,2.720609,0.4817393,0.08502848,-3.553624,0.1464905,0.2562624,0.009044132,0.9553996,15.97862,30.80388,5.513102,0.09536694,0.02655239,-0.9950872,0.1470845,0.011744,-0.218528,0.7078976,-0.03108575,-2.834738,-0.119691,0.1053679,0.7835911,0.8684956,0.09236152,-0.4870162,0.05779848,0.9569175,0.2845492,0.4923157,-0.2752785,0.8257403,moving,-3.6875710061872153,4.633404678574111,-8.684617799986755,7.658507872292192,0.2261583,-0.11611423,0.7188859999999999,-0.0641065120389689,0.0806138973669755,0.9946817678628902,-2.9295679158647,5.540780971070616,5.776923129785169,5.841380486842609,6.132321452508081
3419,05/05/2023 12:22:19.118599,3617,True,True,True,True,Eyes,0.3789815,0.09231969,-3.532078,0.4318929,-0.2014447,0.8791409,0.0,0.0,0.0,0.0,0.0,0.0,0.0,-2.142174,0.8483374,2.749688,0.4909043,0.08585063,-3.552607,0.1359062,0.2527221,0.01453731,0.957836,14.65534,30.29802,5.726979,0.09635419,0.02650328,-0.9949935,0.1382594,0.01103936,-0.2054163,0.7056593,-0.02923149,-2.83477,-0.1250001,0.1062745,0.780107,0.8718404,0.09654173,-0.4801813,0.04084428,0.9626364,0.2676995,0.4880841,-0.2530039,0.8353221,moving,-3.736431761281393,3.3935100050091807,-9.103380144944692,7.757686604174997,0.2147549999999999,-0.11508212,0.7178370000000003,-0.0650530459206772,0.059067922903051,0.99613214383518,-2.974808847646247,4.265289653646666,6.840877254744159,6.917381899361391,7.053809084893774
3420,05/05/2023 12:22:19.138461,3618,True,True,True,True,Eyes,0.384261,0.09219152,-3.532526,0.4249313,-0.2001003,0.8828325,0.0,0.0,0.0,0.0,0.0,0.0,0.0,-2.117207,0.8945474,2.757092,0.4987497,0.087772,-3.553573,0.1432931,0.2475273,0.01410854,0.9581223,15.52151,29.7669,5.836015,0.09738337,0.02645107,-0.9948947,0.1299639,0.010377,-0.1930913,0.7034329,-0.02738717,-2.834802,-0.1304777,0.1062954,0.7762346,0.8770624,0.09797331,-0.4702796,0.04390251,0.9585361,0.2815691,0.4783662,-0.2676001,0.8363946,moving,-3.570041400039913,4.334340047212945,-9.541681345647431,7.79742691586475,0.2046832,-0.11515917,0.7187710000000003,-0.0620912655695125,0.0754305452863433,0.9952159918398674,-2.8130131392993665,5.23403214953972,6.8250585600309615,6.90314814412989,7.200414471344122
3421,05/05/2023 12:22:19.148777,3619,True,True,True,True,Eyes,0.3896118,0.09204856,-3.532936,0.4174555,-0.1979895,0.8868659,0.0,0.0,0.0,0.0,0.0,0.0,0.0,-2.088361,0.8823677,2.782837,0.5081199,0.09068786,-3.552126,0.1401162,0.2417113,0.01791415,0.9600115,15.09179,29.06943,6.072064,0.09845576,0.02639972,-0.9947905,0.122166,0.009754379,-0.1815059,0.7012913,-0.02561313,-2.834833,-0.1359481,0.1066498,0.7724927,0.8825094,0.1021309,-0.4590712,0.03333975,0.9600931,0.2776864,0.4691114,-0.2603662,0.8438862,moving,-3.387716838560312,4.026754309616683,-9.981065612172038,7.860524940827615,0.1931714,-0.1163009899999999,0.7172929999999997,-0.0589469999972344,0.070100173039726,0.9957968056307654,-2.632569262349928,4.91897177578544,7.540716666652617,7.626928956219714,7.915373246165876
3422,05/05/2023 12:22:19.168063,3620,True,True,True,True,Eyes,0.3951076,0.0919064,-3.533336,0.4098728,-0.1964087,0.8907458,0.0,0.0,0.0,0.0,0.0,0.0,0.0,-2.061071,0.852219,2.814327,0.5168703,0.09019163,-3.552385,0.1340213,0.2358798,0.02078404,0.9622719,14.36658,28.31809,6.116931,0.09956802,0.02634879,-0.9946811,0.1148361,0.009169117,-0.1706155,0.6992394,-0.02391331,-2.834862,-0.1414134,0.1066163,0.768289,0.8878576,0.1032256,-0.4483899,0.02322605,0.9632126,0.267735,0.4595319,-0.2481249,0.852798,moving,-3.202434125404533,3.377351679337922,-10.429287060610758,7.9005408061457345,0.1823690999999999,-0.1141049399999999,0.7175229999999999,-0.0557672040962166,0.0588201033818839,0.9967097793332848,-2.448404075160062,4.2523957103861,8.429955330885496,8.525646205653343,8.775161301490217
3423,05/05/2023 12:22:19.188349,3621,True,True,True,True,Eyes,0.4007379,0.09180725,-3.533693,0.4019935,-0.1943474,0.8947795,0.0,0.0,0.0,0.0,0.0,0.0,0.0,-2.03884,0.8862424,2.821877,0.5259455,0.09017393,-3.55254,0.1395918,0.2309308,0.01956708,0.9627057,15.0543,27.78117,6.071936,0.1007208,0.02629823,-0.9945664,0.1079459,0.008618969,-0.1603786,0.6970289,-0.02208216,-2.834894,-0.1473013,0.1079759,0.7637261,0.8925762,0.1021468,-0.4391739,0.0267974,0.9602625,0.2778089,0.4500996,-0.2597343,0.8543702,moving,-3.104049238229849,4.176656940963014,-10.91669734260196,8.047166244123273,0.1710834,-0.11225609,0.7176460000000002,-0.0540059948743393,0.0727255833756248,0.995888739563596,-2.353308550303547,5.075114987870705,8.61820076782433,8.718848127396146,9.0644755103566
3424,05/05/2023 12:22:19.198771,3622,True,True,True,True,Eyes,0.4064738,0.09169944,-3.534043,0.3941371,-0.1921055,0.8987499,0.0,0.0,0.0,0.0,0.0,0.0,0.0,-2.02495,0.8616115,2.840356,0.5349396,0.09101374,-3.551897,0.1350866,0.2273319,0.02147679,0.9641632,14.5205,27.31153,6.097825,0.1019138,0.02624923,-0.9944462,0.1014692,0.008101831,-0.1507559,0.6948878,-0.02030847,-2.834925,-0.1534941,0.1101022,0.7585212,0.8957179,0.1028332,-0.4325676,0.02000472,0.9625807,0.2702558,0.4441725,-0.2507263,0.8601437,moving,-3.1878624416052777,3.782061934297196,-11.439872472377344,8.259015115487122,0.1599482000000001,-0.1113222099999999,0.7169719999999997,-0.0554892566712787,0.0658598778931303,0.9962847877763872,-2.434994252037572,4.668715356586937,9.273792223765303,9.38822556900554,9.69422942383294
3425,05/05/2023 12:22:19.218408,3623,True,True,True,True,Eyes,0.412255,0.09162737,-3.534365,0.3859492,-0.1899569,0.9027511,0.0,0.0,0.0,0.0,0.0,0.0,0.0,-2.011562,0.8443778,2.856808,0.5432826,0.09063713,-3.552089,0.1317171,0.2238681,0.0229008,0.9654063,14.12673,26.86872,6.108389,0.1031456,0.02620139,-0.9943204,0.095381,0.007615721,-0.1417105,0.6927192,-0.018512,-2.834956,-0.159374,0.1096539,0.7536712,0.8987173,0.1031916,-0.4262143,0.01475735,0.9642523,0.2645746,0.4382801,-0.2440675,0.8650674,moving,-3.303037071627502,3.524531968076817,-11.940069761121771,8.278051647763707,0.1494366,-0.10914913,0.717133,-0.0575083268873019,0.0613741566462578,0.9964567038381772,-2.547916188660809,4.403059456537283,9.736151630617652,9.858716094125196,10.160123680878938
3426,05/05/2023 12:22:19.238408,3624,True,True,True,True,Eyes,0.418124,0.09160954,-3.534678,0.3776085,-0.1877532,0.9067307,0.0,0.0,0.0,0.0,0.0,0.0,0.0,-1.991196,0.8533598,2.869976,0.5511606,0.09152576,-3.55214,0.1330841,0.2193831,0.02293597,0.9662472,14.3072,26.34831,6.085026,0.1044136,0.02615559,-0.9941892,0.08965814,0.007158778,-0.1332079,0.6906247,-0.01677692,-2.834986,-0.16369,0.1099663,0.7488362,0.90269,0.1027165,-0.4178519,0.01406919,0.9635251,0.2672478,0.4300615,-0.2471208,0.8683194,moving,-3.2922482544389,3.8324678712943,-12.330476683045298,8.35415217262052,0.1394640999999999,-0.10830268,0.7171540000000003,-0.0573009542400111,0.0667294950281081,0.9961243802063364,-2.538007142518892,4.719826630858803,9.97868556772841,10.106196220563346,10.44513196879958
3427,05/05/2023 12:22:19.248671,3625,True,True,True,True,Eyes,0.4240875,0.09157307,-3.535003,0.3687057,-0.185501,0.9108488,0.0,0.0,0.0,0.0,0.0,0.0,0.0,-1.962327,0.843213,2.894433,0.5592683,0.09277575,-3.552195,0.1311128,0.2134377,0.02404551,0.9678202,14.09455,25.62397,6.067162,0.1057165,0.02611318,-0.9940527,0.08427865,0.006729251,-0.1252154,0.6885191,-0.01503265,-2.835016,-0.167405,0.1109154,0.7441607,0.9077324,0.1025123,-0.4068332,0.009425356,0.9644625,0.2640516,0.4194438,-0.2435228,0.8745076,moving,-3.1534397500090647,3.736944803266007,-12.678100130348774,8.477392976028309,0.1292508,-0.1078084,0.7171790000000002,-0.0548935157431481,0.0650774897975911,0.9963692452730218,-2.4009571573313595,4.622555384836224,10.502796386426922,10.63912610318434,10.976312702465652
3428,05/05/2023 12:22:19.268456,3626,True,True,True,True,Eyes,0.430128,0.09154499,-3.535351,0.3597101,-0.1836622,0.9148097,0.0,0.0,0.0,0.0,0.0,0.0,0.0,-1.93142,0.8361664,2.919277,0.5672058,0.09221958,-3.552676,0.1300332,0.2070194,0.02336717,0.9693753,14.02982,24.83229,5.865308,0.1070527,0.02607326,-0.9939107,0.07922193,0.006325496,-0.1177025,0.6863098,-0.01320248,-2.835048,-0.1711396,0.1150764,0.7389667,0.9131939,0.09914187,-0.3952819,0.008535637,0.9650907,0.2617767,0.4074359,-0.2424269,0.8804687,moving,-2.948656400381848,3.748778527985876,-13.039427013801708,8.851354762366851,0.1191039999999999,-0.10542206,0.7176279999999999,-0.0513312700255723,0.0652956602972664,0.9965447929866704,-2.199128088580779,4.636153655608933,11.154235040835871,11.307516783110575,11.630993128643794
3429,05/05/2023 12:22:19.288596,3627,True,True,True,True,Eyes,0.4362374,0.09159702,-3.535691,0.3503793,-0.1819243,0.9187697,0.0,0.0,0.0,0.0,0.0,0.0,0.0,-1.90611,0.8595875,2.931718,0.5752075,0.09246524,-3.553548,0.1342136,0.2015919,0.02139005,0.9699948,14.58102,24.20697,5.669556,0.1084215,0.02603577,-0.9937633,0.07446862,0.005945967,-0.1106403,0.6841857,-0.01144288,-2.835078,-0.1751892,0.1202512,0.7332534,0.9178063,0.0956092,-0.3853444,0.01261623,0.9630584,0.268997,0.3968278,-0.2517488,0.8826949,moving,-2.866107791132631,4.385013867759277,-13.437231655918811,9.313419513439133,0.1089782,-0.10390812,0.7184699999999999,-0.0498561520921988,0.0763631511237466,0.9958327669272996,-2.119258292448833,5.291055748296069,11.492697453770106,11.663526138051948,12.01149163573583
3430,05/05/2023 12:22:19.298842,3628,True,True,True,True,Eyes,0.4424176,0.09169241,-3.536039,0.3409488,-0.1799141,0.9227052,0.0,0.0,0.0,0.0,0.0,0.0,0.0,-1.879263,0.8595291,2.950836,0.5831919,0.09444751,-3.553706,0.1339893,0.196125,0.02229174,0.9711256,14.56611,23.56232,5.6837,0.1098212,0.02600273,-0.9936104,0.0700005,0.005589209,-0.1040019,0.6819992,-0.009631621,-2.83511,-0.1801907,0.1243302,0.7277145,0.9220762,0.09585343,-0.3749503,0.009261122,0.9631,0.2689847,0.3868977,-0.2514969,0.8871637,moving,-2.807629015996429,4.483343051015955,-13.907386747255186,9.695385726134838,0.0988073,-0.1040791309999999,0.7185960000000002,-0.0488332388281458,0.0780760119198817,0.995750724255589,-2.061846886573588,5.392588685185968,12.070846366664542,12.262545027028402,12.602812264197023
3431,05/05/2023 12:22:19.318455,3629,True,True,True,True,Eyes,0.4486738,0.09183013,-3.536422,0.3310654,-0.1781027,0.9266473,0.0,0.0,0.0,0.0,0.0,0.0,0.0,-1.851346,0.8342167,2.977929,0.5911853,0.09550283,-3.554271,0.1294256,0.1904079,0.02416768,0.972836,14.04101,22.8506,5.697471,0.1112511,0.02597486,-0.9934521,0.06580047,0.005253856,-0.09776179,0.6799244,-0.00791286,-2.83514,-0.1823189,0.1157166,0.7240332,0.9263216,0.09630971,-0.3642155,0.002264946,0.9653298,0.2610233,0.3767272,-0.2426164,0.8939877,moving,-2.7569692718225336,4.058783997582314,-14.133814303345572,9.080345366594216,0.0887390999999999,-0.10341569,0.719131,-0.0479792690935236,0.0706984001217179,0.996343221675754,-2.0109106822490705,4.956310739836473,12.261479053872945,12.435782301650471,12.80517293163554
3432,05/05/2023 12:22:19.338373,3630,True,True,True,True,Eyes,0.4550082,0.09204614,-3.536824,0.321031,-0.176332,0.9305085,0.0,0.0,0.0,0.0,0.0,0.0,0.0,-1.818408,0.8408262,2.999138,0.5989555,0.09662998,-3.555326,0.1300317,0.1840564,0.02513056,0.9739525,14.12502,22.11343,5.729772,0.1127091,0.02595282,-0.9932883,0.06185244,0.004938625,-0.09189609,0.6778259,-0.006174489,-2.83517,-0.1864377,0.1235876,0.7190338,0.9309834,0.09681828,-0.3519888,-0.001085615,0.9649204,0.2625403,0.3650599,-0.2440385,0.89843,moving,-2.6280057835464445,4.236778972662764,-14.536062594145934,9.752708653413563,0.0788704,-0.102804469,0.7201559999999998,-0.0457262341032289,0.0738010941481487,0.9962240991737366,-1.8842095228665676,5.1402662595878965,12.917730638923125,13.12353981391654,13.466403045119412
3433,05/05/2023 12:22:19.349004,3631,True,True,True,True,Eyes,0.4613898,0.09231158,-3.537241,0.3108619,-0.1745744,0.934285,0.0,0.0,0.0,0.0,0.0,0.0,0.0,-1.783963,0.8391334,3.022995,0.6073028,0.09871808,-3.556206,0.1293659,0.1774053,0.02655618,0.9752368,14.05791,21.33316,5.780276,0.1141945,0.02593818,-0.9931191,0.05814129,0.004642307,-0.08638232,0.6756878,-0.004403339,-2.8352,-0.1897004,0.1300579,0.7133337,0.9356442,0.09769752,-0.3391534,-0.005896721,0.9651185,0.2617472,0.3528952,-0.2429024,0.9035836,moving,-2.475050805669372,4.260848081546284,-14.892271992696774,10.332901429705322,0.0683849999999999,-0.103121419,0.721006,-0.0430652138525648,0.074228367322096,0.9963108651783832,-1.7334970181430225,5.166086397134624,13.585859143953844,13.822344731283891,14.136807857919717
3434,05/05/2023 12:22:19.368625,3632,True,True,True,True,Eyes,0.4678524,0.09262269,-3.537687,0.300607,-0.1728477,0.9379548,0.0,0.0,0.0,0.0,0.0,0.0,0.0,-1.753655,0.8295233,3.046197,0.6156572,0.1002962,-3.557195,0.1276859,0.1713114,0.02736305,0.9765246,13.88663,20.60057,5.745825,0.1157056,0.02593155,-0.9929444,0.0,0.0,0.0,0.6735548,-0.002636313,-2.835231,-0.1937709,0.1143205,0.710776,0.9398074,0.09718945,-0.3275918,-0.009693278,0.9658952,0.2587519,0.3415673,-0.2400015,0.9086974,moving,-2.387816095083117,4.180224914125924,-15.249333771426816,9.137141947510884,0.0578975999999999,-0.102932513,0.7219640000000003,-0.0415525470364296,0.072831025966144,0.9964783641298164,-1.6473189355100144,5.0837790740994375,13.592805029526785,13.78367379963569,14.19311657741354
3526,05/05/2023 12:22:20.898663,3724,True,True,True,True,Eyes,1.231656,0.09350466,-3.605202,-0.5615195,-0.1141875,0.8195468,0.9230953,0.7133203,-0.01190132,-2.848682,-0.2347207,-0.6268951,-0.7429055,-0.3153296,0.09009761,0.9689742,1.431161,0.09925556,-3.568967,0.0879791,-0.2311834,0.0446909,0.9678929,11.00953,333.3909,2.676271,0.3006031,0.02463768,-0.9534308,0.0,0.0,0.0,0.6735548,-0.002636328,-2.835231,-0.3154909,0.09552033,0.9661748,0.889114,0.04583341,0.4553852,-0.1271906,0.9805248,0.1496451,-0.4396577,-0.1909723,0.8776279,moving,-7.569200374282371,4.750345819801129,-18.0837267742683,5.646167279899927,-0.7576061999999999,-0.101891888,0.7337359999999999,-0.1312788724371656,0.0820975004676055,0.9879401548147224,-6.756003541562358,5.633978705044639,10.49447730003786,10.552618703638192,11.327729790127542
3527,05/05/2023 12:22:20.918430,3725,True,True,True,True,Eyes,1.240013,0.0937617,-3.603164,-0.5693313,-0.1139031,0.8141793,0.0,0.0,0.0,0.0,0.0,0.0,0.0,0.3711109,0.6074805,3.779773,1.437734,0.1000519,-3.566,0.08655502,-0.2349983,0.04539517,0.9670695,10.87955,332.9456,2.750247,0.3028694,0.02462813,-0.9527136,0.0,0.0,0.0,0.6764837,-0.002626902,-2.835387,-0.3183982,0.1014321,0.9651951,0.8854301,0.04712,0.4623777,-0.1284811,0.980895,0.1460738,-0.446661,-0.188745,0.874568,moving,-7.668616713990281,4.650187772805692,-18.256670187125927,5.999178431832554,-0.7612503,-0.102678802,0.730613,-0.1330118825336096,0.0803516429097978,0.98785192740833,-6.853763196275586,5.530279422875358,10.601191867464928,10.673642871490571,11.412543718320846
3528,05/05/2023 12:22:20.938580,3726,True,True,True,True,Eyes,1.2483,0.09402459,-3.601083,-0.577018,-0.1136134,0.8087907,0.0,0.0,0.0,0.0,0.0,0.0,0.0,0.393155,0.6006847,3.778271,1.444512,0.1005558,-3.562864,0.08561423,-0.2386845,0.04663182,0.9661913,10.81859,332.5195,2.873554,0.3051218,0.02462576,-0.9519947,0.0,0.0,0.0,0.6793793,-0.002617582,-2.835541,-0.3182094,0.1047651,0.9646686,0.8817104,0.04924092,0.4692145,-0.1309801,0.9809914,0.1431788,-0.4532451,-0.1877,0.8713998,moving,-7.775609713138183,4.626657675814381,-18.255860363602416,6.198154063774634,-0.7651327,-0.103173382,0.7273229999999997,-0.1348609898975674,0.0799257965878951,0.9876358406992368,-6.959171798622128,5.505334140139823,10.517328827965043,10.59741735489964,11.317913764503675
3529,05/05/2023 12:22:20.948380,3727,True,True,True,True,Eyes,1.256558,0.09428696,-3.598936,-0.5845615,-0.1134106,0.803384,0.0,0.0,0.0,0.0,0.0,0.0,0.0,0.4136568,0.5937598,3.776787,1.451208,0.1009479,-3.559718,0.0846528,-0.2421725,0.04778675,0.9653512,10.75353,332.1158,2.990887,0.3073599,0.02463004,-0.9512743,0.0,0.0,0.0,0.6821944,-0.002608522,-2.835691,-0.3190817,0.1085904,0.964358,0.8781379,0.05126083,0.4756535,-0.1332631,0.9811007,0.1402941,-0.4594724,-0.1865846,0.8683729,moving,-7.899734415807586,4.594234347290467,-18.30807499672892,6.424661080197334,-0.7690136000000001,-0.103556422,0.724027,-0.1370066522173706,0.0793432971718634,0.9873873512318736,-7.081446333542156,5.471123282252998,10.478396576242272,10.56806584352094,11.26705043359597
3530,05/05/2023 12:22:20.968373,3728,True,True,True,True,Eyes,1.264753,0.09453921,-3.596744,-0.591951,-0.113192,0.797986,0.0,0.0,0.0,0.0,0.0,0.0,0.0,0.4307595,0.5860658,3.775596,1.45798,0.1011816,-3.556432,0.08359675,-0.2452677,0.04867194,0.9646173,10.67006,331.7563,3.085324,0.3095849,0.02464031,-0.9505522,0.0,0.0,0.0,0.6851615,-0.002598972,-2.83585,-0.3211572,0.1190924,0.9628791,0.8749496,0.05289241,0.4813166,-0.1349068,0.9812852,0.1374024,-0.4650413,-0.1851531,0.8657107,moving,-8.063038011464577,4.543038175317167,-18.445525122736814,7.050743292104066,-0.7728185000000001,-0.103780572,0.7205819999999998,-0.1398304765691018,0.0784297371873671,0.9870644789516932,-7.2422956520027455,5.417332568153109,10.562522993755966,10.681040378563006,11.321677489093322
3531,05/05/2023 12:22:20.988163,3729,True,True,True,True,Eyes,1.272897,0.09476868,-3.594504,-0.5991496,-0.1130163,0.7926204,0.0,0.0,0.0,0.0,0.0,0.0,0.0,0.4464343,0.5797791,3.774272,1.46472,0.1011778,-3.553159,0.08268954,-0.2481702,0.04957087,0.9639071,10.60366,331.4192,3.179741,0.3117965,0.02465575,-0.9498288,0.0,0.0,0.0,0.6880032,-0.002589826,-2.836001,-0.3237634,0.123001,0.9619154,0.8719085,0.05452127,0.486624,-0.1366056,0.9814104,0.134806,-0.470228,-0.1840141,0.863148,moving,-8.238357731406154,4.50740031282248,-18.60230614946985,7.286919249958537,-0.7767168,-0.103767626,0.717158,-0.1428574126464265,0.077781804094909,0.9866822063591296,-7.415026042234666,5.37945876332032,10.598816823588596,10.730198149809864,11.348728638302454
3532,05/05/2023 12:22:20.998652,3730,True,True,True,True,Eyes,1.280984,0.09496392,-3.592225,-0.6062065,-0.1128592,0.7872589,0.0,0.0,0.0,0.0,0.0,0.0,0.0,0.4622267,0.5694937,3.773473,1.471457,0.1008307,-3.54989,0.08126406,-0.2511298,0.05009121,0.9632345,10.46947,331.0723,3.246181,0.3139951,0.02467526,-0.9491037,0.0,0.0,0.0,0.6908482,-0.002580669,-2.836153,-0.3240811,0.1180128,0.9628742,0.8688494,0.05568353,0.4919351,-0.1373148,0.981774,0.1313939,-0.4756526,-0.1817115,0.86066,moving,-8.402578564736915,4.398819055628644,-18.602038108515806,6.9874965984359365,-0.7806088,-0.1034113689999999,0.7137370000000001,-0.1457062656036683,0.0758799469917411,0.9864137129543892,-7.576644273027779,5.266644845513602,10.403454598564826,10.522843076175617,11.158881663641449
3533,05/05/2023 12:22:21.018618,3731,True,True,True,True,Eyes,1.289013,0.09513015,-3.589912,-0.6127063,-0.1128327,0.7822147,0.0,0.0,0.0,0.0,0.0,0.0,0.0,0.478044,0.5691743,3.771142,1.478241,0.1002052,-3.546654,0.08111551,-0.2540488,0.05064903,0.9624522,10.47895,330.7279,3.281088,0.3161809,0.02469757,-0.9483771,0.0,0.0,0.0,0.6938092,-0.002571139,-2.83631,-0.3231953,0.114418,0.9639105,0.8657877,0.05627994,0.4972366,-0.1387091,0.98171,0.1304049,-0.4808029,-0.1818742,0.8577589,moving,-8.528980554998087,4.420225592132127,-18.536094556398044,6.769441890261829,-0.7844317999999999,-0.102776339,0.7103440000000001,-0.1478781769764397,0.0762236381668791,0.9860639263778996,-7.701290393199447,5.287778602810793,10.170789451289926,10.279160853513932,10.935643892896564
3534,05/05/2023 12:22:21.028465,3732,True,True,True,True,Eyes,1.297,0.09527136,-3.587558,-0.6190911,-0.112858,0.7771675,0.0,0.0,0.0,0.0,0.0,0.0,0.0,0.4938051,0.5752923,3.767773,1.485147,0.09970723,-3.543348,0.08178788,-0.2569249,0.05155375,0.9615835,10.59016,330.3901,3.331309,0.318354,0.02472165,-0.9476492,0.0,0.0,0.0,0.6967166,-0.002561782,-2.836465,-0.3202634,0.1189096,0.9652004,0.8626637,0.05711979,0.5025423,-0.1411731,0.9813059,0.1308008,-0.4856764,-0.1837826,0.8546007,moving,-8.65104271055454,4.542610578789744,-18.356374094247347,7.023267560607442,-0.7884304,-0.1022690119999999,0.7068829999999999,-0.1499542741443542,0.078304952854369,0.9855871809960676,-7.821896633702537,5.412792356291948,9.901166195544842,10.017340781301863,10.656868477673996
3535,05/05/2023 12:22:21.048747,3733,True,True,True,True,Eyes,1.304951,0.09538895,-3.585173,-0.6250778,-0.113003,0.7723393,0.0,0.0,0.0,0.0,0.0,0.0,0.0,0.5092133,0.5791363,3.764742,1.492182,0.09926002,-3.539989,0.08221053,-0.2598056,0.052126,0.9607421,10.66413,330.0486,3.350922,0.3205145,0.02474669,-0.9469201,0.0,0.0,0.0,0.6995813,-0.002552561,-2.836618,-0.3178611,0.1183124,0.9664968,0.8595678,0.05744176,0.507783,-0.1428768,0.9810486,0.130881,-0.4906418,-0.1850515,0.8514849,moving,-8.748002409098982,4.615137989157546,-18.204981697595876,6.979063005892353,-0.7926006999999999,-0.101812581,0.7033709999999997,-0.1516071494011365,0.0795321980788374,0.9852359261139132,-7.917641655964334,5.486705905333087,9.63648471050964,9.747953567175204,10.395022599674578
3536,05/05/2023 12:22:21.068436,3734,True,True,True,True,Eyes,1.31287,0.09548997,-3.582754,-0.6310011,-0.113191,0.7674799,0.0,0.0,0.0,0.0,0.0,0.0,0.0,0.5259289,0.5888531,3.760802,1.499372,0.09884614,-3.53682,0.08340485,-0.2628229,0.05278616,0.959782,10.82721,329.6896,3.355261,0.3226629,0.024772,-0.9461895,0.0,0.0,0.0,0.7024582,-0.002543302,-2.836771,-0.3154147,0.1103768,0.9687494,0.8562756,0.057485,0.5133105,-0.1451678,0.9805145,0.1323541,-0.4957,-0.1878478,0.8479356,moving,-8.822913275531867,4.770928844821165,-18.034709017386422,6.500102048388781,-0.7969137999999999,-0.101389442,0.7000489999999999,-0.1528620302102972,0.0821947458954238,0.9848234415637114,-7.991849124136723,5.646404220443406,9.286671585878466,9.372684821201767,10.079079065910832
3537,05/05/2023 12:22:21.088587,3735,True,True,True,True,Eyes,1.320742,0.09556684,-3.58033,-0.6366334,-0.1134486,0.7627761,0.0,0.0,0.0,0.0,0.0,0.0,0.0,0.5446337,0.5938209,3.75717,1.506577,0.09856568,-3.533565,0.08407159,-0.2661572,0.0529284,0.9587967,10.91717,329.2879,3.312882,0.3248001,0.02479712,-0.9454573,0.0,0.0,0.0,0.7055379,-0.00253339,-2.836936,-0.3129564,0.1066262,0.9703811,0.852718,0.05674263,0.5192807,-0.1462476,0.9802611,0.1330406,-0.5014816,-0.1893897,0.8441846,moving,-8.844102409739435,4.839981370820847,-17.874965710232594,6.270547387387143,-0.8010391,-0.10109907,0.6966289999999997,-0.1532111320934468,0.083377030401374,0.984669827593403,-8.012898171283577,5.717272464965788,9.068954883989832,9.143468219442148,9.877575070966166
3538,05/05/2023 12:22:21.098779,3736,True,True,True,True,Eyes,1.328593,0.09561839,-3.577888,-0.6422512,-0.1138246,0.7579956,0.0,0.0,0.0,0.0,0.0,0.0,0.0,0.5649753,0.6015997,3.753084,1.513918,0.0981416,-3.530606,0.08513759,-0.2697055,0.05273365,0.9577212,11.04158,328.8554,3.217304,0.3269258,0.02482145,-0.9447237,0.0,0.0,0.0,0.7082658,-0.00252461,-2.837081,-0.3118405,0.1069607,0.9713809,0.8489563,0.05508412,0.5255845,-0.1469324,0.9799415,0.134631,-0.5076259,-0.1915212,0.8400211,moving,-8.84006938823302,4.927126790672808,-17.798086343424107,6.283639190188078,-0.8056522000000002,-0.1006662099999999,0.6935250000000002,-0.1531223703340091,0.0848757693914942,0.9845555426482838,-8.009128125294634,5.806923954556797,8.987227959712179,9.060143136812446,9.800559188748748
3539,05/05/2023 12:22:21.118851,3737,True,True,True,True,Eyes,1.336385,0.09565157,-3.57546,-0.6476672,-0.1141996,0.7533164,0.0,0.0,0.0,0.0,0.0,0.0,0.0,0.589236,0.6139403,3.747587,1.521299,0.09761999,-3.527698,0.08671519,-0.2736726,0.05329501,0.9564223,11.24726,328.3775,3.184348,0.3290403,0.0248444,-0.9439887,0.0,0.0,0.0,0.7110125,-0.00251577,-2.837227,-0.3109162,0.1056473,0.9724839,0.844526,0.05448192,0.532736,-0.1494082,0.9792802,0.1367019,-0.5142499,-0.1950434,0.8351677,moving,-8.769809705012381,5.102912686946219,-17.729778252569336,6.200101359502445,-0.8102864999999999,-0.10013576,0.6904710000000001,-0.1518747708958143,0.0879131452087346,0.9844822405558225,-7.940286676040805,5.988198209635897,8.960682273398112,9.026896440992084,9.791784733737073
3540,05/05/2023 12:22:21.138663,3738,True,True,True,True,Eyes,1.344172,0.09565888,-3.573024,-0.6531447,-0.1146585,0.7485021,0.0,0.0,0.0,0.0,0.0,0.0,0.0,0.6191326,0.6175851,3.742565,1.528846,0.09730753,-3.524868,0.08719797,-0.2783999,0.05386668,0.9549809,11.33457,327.81,3.176513,0.3311436,0.02486564,-0.9432524,0.0,0.0,0.0,0.7138966,-0.002506488,-2.837381,-0.3093282,0.1024574,0.9738997,0.8391837,0.05433149,0.5411273,-0.1514351,0.9789898,0.1365519,-0.5223389,-0.1965377,0.8297801,moving,-8.620912429194773,5.156486840845983,-17.620791548436454,6.00561029073793,-0.8149493999999999,-0.099814018,0.687487,-0.1493031287732035,0.088868849976544,0.9847897581246106,-7.793643411397922,6.044334060015354,8.981556572685548,9.03984705590304,9.827224432036084
3541,05/05/2023 12:22:21.148417,3739,True,True,True,True,Eyes,1.351927,0.09563797,-3.570607,-0.6585066,-0.1151285,0.7437167,0.0,0.0,0.0,0.0,0.0,0.0,0.0,0.6517067,0.6261571,3.736173,1.536557,0.0967197,-3.522133,0.08831535,-0.2834542,0.05440658,0.9533594,11.49229,327.1993,3.139625,0.3332364,0.02488464,-0.9425146,0.0,0.0,0.0,0.7168414,-0.002497009,-2.837538,-0.3066928,0.1005387,0.975411,0.8333873,0.05367133,0.5500773,-0.1538047,0.9784807,0.137549,-0.5308576,-0.1992361,0.8237082,moving,-8.422717627874379,5.273553978845405,-17.45440824324994,5.884875655514693,-0.8197156,-0.099216709,0.6845950000000003,-0.1458684872081585,0.0909279020787929,0.985116513250008,-7.598556703186419,6.166112069094016,9.000098340861264,9.052356022838955,9.859863259705758
3542,05/05/2023 12:22:21.168788,3740,True,True,True,True,Eyes,1.359701,0.09559606,-3.568182,-0.6639653,-0.1156539,0.7387654,0.0,0.0,0.0,0.0,0.0,0.0,0.0,0.6882335,0.6346972,3.728924,1.544566,0.09612042,-3.51944,0.08932952,-0.2889532,0.05593342,0.951524,11.67281,326.5437,3.208955,0.3353188,0.02490088,-0.9417753,0.0,0.0,0.0,0.7197566,-0.002487627,-2.837693,-0.3037982,0.09805253,0.9769999,0.826755,0.05481987,0.5598847,-0.1580681,0.9777834,0.1376741,-0.5398986,-0.2023226,0.8170525,moving,-8.179663807588156,5.424227137745678,-17.273085958089574,5.731062277925995,-0.8248094000000001,-0.098608047,0.6817470000000001,-0.1416533289682865,0.0935760722390962,0.9854835937360736,-7.359331207405733,6.322764497766933,9.053259811177668,9.09859737599589,9.9313969195512
3543,05/05/2023 12:22:21.188114,3741,True,True,True,True,Eyes,1.367482,0.09552666,-3.565772,-0.6693829,-0.1161796,0.7337771,0.0,0.0,0.0,0.0,0.0,0.0,0.0,0.7256874,0.6354006,3.722682,1.552894,0.09555748,-3.516832,0.08931692,-0.2946195,0.05751118,0.9496918,11.74375,325.8704,3.314518,0.3373916,0.02491407,-0.9410344,0.0,0.0,0.0,0.7226179,-0.002478418,-2.837846,-0.3013858,0.09728535,0.9783155,0.8197836,0.05660675,0.5698689,-0.1618648,0.9774299,0.1357592,-0.549322,-0.2035349,0.8104436,moving,-7.919664127273639,5.469163282855513,-17.12228920300153,5.678919496980015,-0.8302761,-0.098035898,0.6789860000000001,-0.1371690679666963,0.0944091105175523,0.98603831842247,-7.1031528608643,6.370791494761836,9.161353523175867,9.205015260920517,10.042996559973998
3544,05/05/2023 12:22:21.198995,3742,True,True,True,True,Eyes,1.375301,0.09544349,-3.563366,-0.6749317,-0.1168334,0.7285719,0.0,0.0,0.0,0.0,0.0,0.0,0.0,0.768573,0.641102,3.714267,1.561327,0.09488553,-3.514364,0.08993425,-0.3008986,0.05962773,0.9475318,11.90648,325.1243,3.44961,0.3394561,0.02492377,-0.9402913,0.0,0.0,0.0,0.7254121,-0.002469425,-2.837995,-0.2993599,0.09651251,0.979504,0.8118092,0.05887614,0.580947,-0.1671205,0.9767128,0.1345473,-0.5594968,-0.2063149,0.8027437,moving,-7.593976303070444,5.598522931365931,-16.99440829962252,5.627304927391807,-0.8359148999999999,-0.0973549549999999,0.6763690000000002,-0.1315327249418043,0.0967096419782776,0.9865831155598992,-6.782423996798918,6.506100620910409,9.35906651117434,9.400476058428918,10.249727082808716
3545,05/05/2023 12:22:21.218454,3743,True,True,True,True,Eyes,1.383132,0.09534644,-3.560987,-0.6804196,-0.1173534,0.7233653,0.0,0.0,0.0,0.0,0.0,0.0,0.0,0.8124576,0.6483955,3.705018,1.570106,0.09453784,-3.511907,0.09085142,-0.3073424,0.06149655,0.9452539,12.09635,324.3523,3.542367,0.3415135,0.02492996,-0.9395459,0.0,0.0,0.0,0.7283427,-0.002459992,-2.838151,-0.2981565,0.09542465,0.9803249,0.8035176,0.06041473,0.5922073,-0.1721047,0.9759284,0.1339543,-0.5698591,-0.2095563,0.7945734,moving,-7.242094782710669,5.754413982267747,-16.91664028145087,5.5596457628944105,-0.8417633,-0.0969978319999999,0.673756,-0.1254368672944552,0.0994727822967425,0.9871022073247068,-6.435938266526546,6.668878221354715,9.637470138873732,9.676505839737407,10.53923675474371
3546,05/05/2023 12:22:21.238323,3744,True,True,True,True,Eyes,1.39102,0.09523372,-3.558608,-0.6860602,-0.1178421,0.7179378,0.0,0.0,0.0,0.0,0.0,0.0,0.0,0.8583096,0.6468587,3.696366,1.579196,0.0941733,-3.509347,0.09067485,-0.3141439,0.06293625,0.9429373,12.1542,323.5341,3.619787,0.3435645,0.0249326,-0.9387978,0.0,0.0,0.0,0.7312335,-0.002450688,-2.838305,-0.2973178,0.09486286,0.9809997,0.7947053,0.06171997,0.6038494,-0.1756597,0.9756342,0.1314593,-0.5810224,-0.2105434,0.7861834,moving,-6.86676166969419,5.775832680670979,-16.86081469100029,5.523339523525319,-0.8479625000000001,-0.096623988,0.6710419999999999,-0.1189625348633903,0.0999220037867095,0.9878580625188088,-6.06601921138846,6.69352334125599,9.957771863417223,9.997242049039471,10.858035716183968
3547,05/05/2023 12:22:21.258109,3745,True,True,True,True,Eyes,1.398924,0.09509087,-3.556267,-0.6915393,-0.1180799,0.7126223,0.0,0.0,0.0,0.0,0.0,0.0,0.0,0.9032147,0.6399425,3.68849,1.58853,0.09368071,-3.506862,0.08983651,-0.3209155,0.06376407,0.940679,12.11886,322.7135,3.653551,0.3456105,0.02493159,-0.9380466,0.0,0.0,0.0,0.7341686,-0.002441241,-2.838461,-0.296366,0.09332825,0.9817569,0.7858948,0.06230316,0.6152136,-0.1776229,0.9757271,0.1280889,-0.5923002,-0.2099404,0.7778853,moving,-6.486717739031436,5.712068215689915,-16.797652846322137,5.430360549289085,-0.8543614,-0.096121951,0.6684009999999998,-0.1124190366340892,0.0988984090104222,0.9887269964875344,-5.691255938083466,6.630595999269639,10.275397731529836,10.314782692624645,11.17106160661213
3548,05/05/2023 12:22:21.268253,3746,True,True,True,True,Eyes,1.40691,0.09492008,-3.55392,-0.6971451,-0.1182863,0.7071047,0.0,0.0,0.0,0.0,0.0,0.0,0.0,0.9471318,0.6356336,3.679859,1.598165,0.09289055,-3.504239,0.0893067,-0.3275833,0.06457318,0.938373,12.11721,321.9023,3.675462,0.3476519,0.02492649,-0.937292,0.0,0.0,0.0,0.7370083,-0.002432102,-2.838613,-0.2954622,0.09438778,0.9823827,0.777039,0.06267667,0.6263244,-0.1796982,0.9757092,0.1252998,-0.603257,-0.2099122,0.7694269,moving,-6.128848670125622,5.682927291901161,-16.73922689661698,5.488158231019948,-0.8611567000000001,-0.095322652,0.665626,-0.1062459131398371,0.0984627604918424,0.9894528218774244,-5.338432227397178,6.6031220685002765,10.569524513504142,10.6121657118742,11.455185002809843
3549,05/05/2023 12:22:21.278664,3747,True,True,True,True,Eyes,1.414934,0.09470542,-3.551606,-0.7024655,-0.1182753,0.7018213,0.0,0.0,0.0,0.0,0.0,0.0,0.0,0.988482,0.6285159,3.672028,1.608148,0.09204392,-3.501615,0.08839674,-0.3339793,0.06524376,0.9361556,12.06881,321.123,3.70031,0.3496911,0.02491695,-0.9365334,0.0,0.0,0.0,0.7398443,-0.002422974,-2.838764,-0.2946954,0.09715588,0.9828836,0.7684021,0.06311124,0.6368479,-0.181202,0.9758585,0.1219261,-0.6137785,-0.2090863,0.7612877,moving,-5.783324611499299,5.620108465530839,-16.69016926116643,5.645223049539557,-0.8683036999999999,-0.094466894,0.6628510000000003,-0.1002872472381168,0.0974384532887268,0.9901758319996156,-4.997697758185262,6.540926529301727,10.858010630612766,10.90687356460606,11.726729065331254
3550,05/05/2023 12:22:21.298788,3748,True,True,True,True,Eyes,1.423049,0.0944624,-3.549285,-0.7078388,-0.1182902,0.696399,0.0,0.0,0.0,0.0,0.0,0.0,0.0,1.024258,0.6216192,3.665236,1.618375,0.09084006,-3.498869,0.08744971,-0.3397112,0.06571528,0.9341469,12.00694,320.4222,3.714067,0.3517284,0.02490223,-0.9357706,0.0,0.0,0.0,0.7430154,-0.002412768,-2.838933,-0.2938149,0.09904736,0.9833254,0.7605556,0.06336012,0.6461739,-0.1821907,0.9760681,0.1187333,-0.6231868,-0.2080302,0.7538977,moving,-5.5259958836690615,5.545319960961995,-16.63599949074828,5.75182845704533,-0.8753595999999999,-0.093252828,0.6599360000000001,-0.0958508486429213,0.0961881319976686,0.990737282774657,-4.743870085657066,6.465805927812975,11.058396395942747,11.111922691787765,11.91354294977774
3551,05/05/2023 12:22:21.323454,3749,True,True,True,True,Eyes,1.431248,0.09426637,-3.546959,-0.7129089,-0.1182487,0.6912149,0.0,0.0,0.0,0.0,0.0,0.0,0.0,1.055512,0.6233434,3.658153,1.6287,0.08991792,-3.496283,0.08766095,-0.3448447,0.06587849,0.9322327,12.05652,319.7861,3.656583,0.3537661,0.02488207,-0.9350026,0.0,0.0,0.0,0.74568,-0.002404192,-2.839075,-0.2930286,0.1024838,0.9842676,0.7534843,0.06236932,0.6545009,-0.183287,0.9759512,0.1180051,-0.631401,-0.2088765,0.7467954,moving,-5.311763728429658,5.580404085592516,-16.578917394472995,5.944324907073665,-0.88302,-0.092322112,0.6572080000000002,-0.0921400128677983,0.0968288441692496,0.9910268844478836,-4.532782022161095,6.503381605731633,11.21357188245969,11.27302932217163,12.059101202012458
3552,05/05/2023 12:22:21.329078,3750,True,True,True,True,Eyes,1.439533,0.09405444,-3.544623,-0.7180699,-0.1178996,0.685912,0.0,0.0,0.0,0.0,0.0,0.0,0.0,1.079776,0.6310393,3.651796,1.639178,0.09087399,-3.493505,0.08878086,-0.3490268,0.06681395,0.9305022,12.23145,319.2705,3.658866,0.3558055,0.02485824,-0.9342291,0.0,0.0,0.0,0.7485974,-0.002394802,-2.83923,-0.291517,0.1042599,0.9853809,0.7474324,0.06236724,0.661404,-0.1863148,0.9753077,0.1185818,-0.6376768,-0.2118613,0.7405965,moving,-5.212715433649704,5.770671889845091,-16.48042687776529,6.039805517595471,-0.8905806000000001,-0.093268792,0.6542749999999997,-0.0903969430711294,0.1001353725886329,0.9908588539999532,-4.435597480673502,6.699750313772672,11.210532380813532,11.270925165994113,12.06289527182624
3553,05/05/2023 12:22:21.348361,3751,True,True,True,True,Eyes,1.447925,0.09376758,-3.542306,-0.7229496,-0.1174891,0.6808379,0.0,0.0,0.0,0.0,0.0,0.0,0.0,1.109651,0.5985892,3.650382,1.649555,0.09020617,-3.49081,0.08462317,-0.354249,0.06587835,0.9289816,11.76519,318.6302,3.657048,0.3578485,0.02483064,-0.9334492,0.0,0.0,0.0,0.7514874,-0.002385501,-2.839384,-0.2895122,0.106575,0.9869236,0.7403355,0.06244419,0.669331,-0.1823548,0.976998,0.110552,-0.6470318,-0.2039014,0.7346932,moving,-5.004166329702873,5.31693935930115,-16.34895256310842,6.163320844492528,-0.8980676000000001,-0.092591671,0.6514260000000003,-0.0868557092068187,0.0923147797695739,0.9919345371795738,-4.228959446321076,6.23457039814004,11.307248711650926,11.3763147064479,12.120202541618996
3554,05/05/2023 12:22:21.368684,3752,True,True,True,True,Eyes,1.45643,0.09355574,-3.539996,-0.7277775,-0.1178192,0.6756171,0.0,0.0,0.0,0.0,0.0,0.0,0.0,1.134292,0.6161574,3.642972,1.660559,0.08810347,-3.488881,0.08676643,-0.358544,0.06495669,0.9271993,11.97467,318.0755,3.412944,0.3598964,0.02479767,-0.9326624,0.0,0.0,0.0,0.7544779,-0.002375876,-2.839544,-0.2864442,0.1107174,0.9885656,0.7344537,0.05823646,0.6761556,-0.1826748,0.9765044,0.1143199,-0.6536114,-0.2074792,0.7278356,moving,-4.8727617403972365,5.478601409856594,-16.159336636652366,6.390383855968491,-0.9060811,-0.090479346,0.649337,-0.0845580037956022,0.0951320510343449,0.9918668035917936,-4.099813584098563,6.401745596183785,11.249182703759017,11.323344034242458,12.059528404718709
3555,05/05/2023 12:22:21.388182,3753,True,True,True,True,Eyes,1.464993,0.09338759,-3.537677,-0.7324042,-0.1175243,0.6706505,0.0,0.0,0.0,0.0,0.0,0.0,0.0,1.16133,0.6755111,3.626908,1.671758,0.08987395,-3.486633,0.09447875,-0.3624867,0.06968676,0.9245654,13.01608,317.5889,3.552162,0.3619513,0.02476176,-0.9318678,0.0,0.0,0.0,0.7573171,-0.002366738,-2.839695,-0.282104,0.1128181,0.9911323,0.7274944,0.06036536,0.6834531,-0.1973545,0.9724351,0.1241825,-0.6571174,-0.2252246,0.7193544,moving,-4.708541420293621,6.541396075685791,-15.88783691559169,6.493884476199374,-0.9144409,-0.0922406879999999,0.646938,-0.0815562443523026,0.1135415352399426,0.9901802185465456,-3.940444294654873,7.49590559855865,11.113072348934816,11.17939645612756,11.98933846250366
3556,05/05/2023 12:22:21.399335,3754,True,True,True,True,Eyes,1.47368,0.09320977,-3.535387,-0.7370496,-0.1174958,0.6655469,0.0,0.0,0.0,0.0,0.0,0.0,0.0,1.192481,0.6226363,3.628193,1.681994,0.09065881,-3.483697,0.08782037,-0.3679237,0.06921165,0.9231086,12.30201,316.938,3.706277,0.364013,0.02472435,-0.9310653,0.0,0.0,0.0,0.7602597,-0.002357267,-2.839852,-0.2769669,0.1163004,0.9938436,0.7196838,0.06315733,0.6914235,-0.1924021,0.9749947,0.1112063,-0.6671107,-0.2130647,0.7138395,moving,-4.478791368147577,5.829706198381094,-15.572227620168512,6.674443636268344,-0.9217343,-0.093016077,0.6438449999999998,-0.0776886490944857,0.1012651185506232,0.9918215068973912,-3.71230044712436,6.765581266432559,11.047307416527532,11.125552085924571,11.860277341510317
3557,05/05/2023 12:22:21.418548,3755,True,True,True,True,Eyes,1.482441,0.09311295,-3.533093,-0.741408,-0.1177606,0.6606411,0.0,0.0,0.0,0.0,0.0,0.0,0.0,1.219709,0.6466433,3.618759,1.693682,0.09030217,-3.482031,0.09088712,-0.3723504,0.07030132,0.920952,12.69487,316.3762,3.63231,0.3660835,0.02468527,-0.9302543,0.0,0.0,0.0,0.7630928,-0.002348148,-2.840003,-0.2710784,0.120786,0.9969749,0.7128258,0.06180456,0.6986126,-0.197172,0.9735945,0.1150519,-0.6730547,-0.2197588,0.7061895,moving,-4.282481524578483,6.190781180476008,-15.211041178183264,6.907860425255449,-0.9305892,-0.092650318,0.6420280000000003,-0.0742407644799873,0.1075417996998912,0.9914247901844624,-3.5196467216361045,7.138292241025585,10.871016251498377,10.952060022922252,11.69366508671686
3558,05/05/2023 12:22:21.428411,3756,True,True,True,True,Eyes,1.491285,0.09308191,-3.53079,-0.7458065,-0.1177231,0.6556782,0.0,0.0,0.0,0.0,0.0,0.0,0.0,1.248021,0.6785541,3.605726,1.704439,0.09225231,-3.479315,0.09518668,-0.3766667,0.07358599,0.9185025,13.31433,315.8408,3.739695,0.3681628,0.02464678,-0.9294343,0.0,0.0,0.0,0.7659729,-0.002338879,-2.840156,-0.2650296,0.1235531,1.000607,0.7054147,0.06347053,0.7059474,-0.2068851,0.9710492,0.1194236,-0.6779298,-0.2302932,0.6981234,moving,-4.082930453077531,6.81024713429126,-14.835204198662383,7.039146147980521,-0.9384661,-0.094591189,0.6391590000000003,-0.0707004358846544,0.1182848132184651,0.9904595483908932,-3.3244069387521984,7.776764034791045,10.676426683359528,10.75470991977288,11.534406517272512
3559,05/05/2023 12:22:21.448311,3757,True,True,True,True,Eyes,1.50022,0.09305687,-3.528482,-0.749943,-0.1176336,0.6509593,0.0,0.0,0.0,0.0,0.0,0.0,0.0,1.268081,0.6417057,3.60811,1.715267,0.09374548,-3.476686,0.09057358,-0.3805838,0.07371762,0.9173431,12.84331,315.3743,3.899609,0.370252,0.0246105,-0.9286051,0.0,0.0,0.0,0.768881,-0.002329519,-2.840311,-0.2574499,0.1281748,1.004519,0.6994434,0.06630699,0.7116055,-0.2041904,0.9727243,0.1100626,-0.684898,-0.2222855,0.6939048,moving,-3.9876360187497126,6.350874923290421,-14.375021629332716,7.271543909598316,-0.946386,-0.096074999,0.6363750000000001,-0.0691164911216711,0.1103523206252936,0.9914864867168336,-3.22939185224841,7.304994294026864,10.340820377605194,10.42810678912026,11.145679972798732
3560,05/05/2023 12:22:21.468346,3758,True,True,True,True,Eyes,1.509228,0.09308715,-3.526175,-0.7540501,-0.1177056,0.646184,0.0,0.0,0.0,0.0,0.0,0.0,0.0,1.28761,0.6500877,3.60271,1.726182,0.09385217,-3.474415,0.09162058,-0.3840686,0.07481683,0.9156961,13.01833,314.9386,3.922081,0.3723515,0.02457634,-0.927766,0.0,0.0,0.0,0.771791,-0.002320153,-2.840466,-0.2496799,0.1328096,1.008733,0.6937875,0.06664181,0.7170899,-0.2073962,0.9720162,0.1103236,-0.6896708,-0.2252628,0.6881939,moving,-3.9026049738451913,6.518531692853093,-13.902339971545748,7.500412104374901,-0.954391,-0.096172323,0.6339489999999999,-0.0676226674289739,0.1132647020135646,0.9912609169965988,-3.1459709722990272,7.478011282146065,9.957748886462324,10.047825096346353,10.75639232478959
3561,05/05/2023 12:22:21.488277,3759,True,True,True,True,Eyes,1.518301,0.09318812,-3.52385,-0.7578977,-0.117555,0.6416945,0.0,0.0,0.0,0.0,0.0,0.0,0.0,1.304671,0.6594005,3.597823,1.736964,0.09525263,-3.472059,0.0929069,-0.3871863,0.0763529,0.9141254,13.23719,314.5515,3.984933,0.3744616,0.02454551,-0.9269173,0.0,0.0,0.0,0.7745957,-0.002311126,-2.840616,-0.2415617,0.1351132,1.01355,0.6885141,0.06764771,0.7220611,-0.2115368,0.9710771,0.1107315,-0.6936862,-0.2289827,0.6829102,moving,-3.8356103823143535,6.746899230519178,-13.40535088828742,7.593154827635059,-0.9623683,-0.097563756,0.631443,-0.0664328354086831,0.1172241165892266,0.9908809806883864,-3.0804718552495585,7.713339547568863,9.519631093389334,9.60708498387058,10.325578502620102
3562,05/05/2023 12:22:21.498722,3760,True,True,True,True,Eyes,1.527417,0.09332804,-3.521522,-0.7617493,-0.1172136,0.6371804,0.0,0.0,0.0,0.0,0.0,0.0,0.0,1.319949,0.644538,3.597492,1.747548,0.09703188,-3.469338,0.09108777,-0.3902299,0.07780769,0.9128909,13.12241,314.1907,4.178985,0.3765824,0.02451947,-0.9260584,0.0,0.0,0.0,0.777499,-0.002301782,-2.84077,-0.2335768,0.1357239,1.018667,0.6833331,0.07096948,0.7266492,-0.2131502,0.9712979,0.1055806,-0.6983,-0.2270321,0.6788473,moving,-3.80072204899041,6.663807510832733,-12.914477383404249,7.589207225518185,-0.970049,-0.099333662,0.628568,-0.0658405974494885,0.1157915468712977,0.9910889060120978,-3.045886292518299,7.628128441965369,9.07618937467511,9.160616842085286,9.868667842226897
3563,05/05/2023 12:22:21.518608,3761,True,True,True,True,Eyes,1.536579,0.09350534,-3.519181,-0.7654325,-0.1167603,0.632835,0.0,0.0,0.0,0.0,0.0,0.0,0.0,1.33347,0.625077,3.598535,1.757716,0.09805621,-3.466862,0.08871966,-0.393241,0.07683197,0.911914,12.84042,313.8119,4.137848,0.3787134,0.02449875,-0.9251894,0.0,0.0,0.0,0.7805094,-0.002292093,-2.840931,-0.2258697,0.137173,1.023603,0.6789167,0.07035188,0.730837,-0.2099047,0.9724513,0.1013824,-0.703571,-0.2222364,0.6749806,moving,-3.772134896771996,6.403010645818168,-12.443561017105052,7.632730831701545,-0.9772066,-0.100348303,0.625931,-0.0653799988079016,0.1112825449102266,0.9916358544806264,-3.0170931348940178,7.360115274413101,8.673746744805012,8.758187180916119,9.430409109706318
3564,05/05/2023 12:22:21.538256,3762,True,True,True,True,Eyes,1.545753,0.09372813,-3.516823,-0.769112,-0.1161662,0.6284681,0.0,0.0,0.0,0.0,0.0,0.0,0.0,1.347377,0.6271161,3.595527,1.767881,0.09910305,-3.464288,0.08910381,-0.3960975,0.07674712,0.9106466,12.89017,313.4455,4.070285,0.3808541,0.02448377,-0.9243107,0.0,0.0,0.0,0.7835716,-0.002282237,-2.841094,-0.2189083,0.1379007,1.028676,0.6744333,0.0691914,0.7350866,-0.2103666,0.9723408,0.1014855,-0.7077328,-0.2230829,0.6703345,moving,-3.7376911022115578,6.48019248989059,-12.013666622732435,7.635349928729689,-0.9843094,-0.101385287,0.6231939999999998,-0.0647740147650736,0.1126227132926029,0.99152431071854,-2.983323414735536,7.439731947739798,8.275697072694745,8.356204851771293,9.032461726943676
3565,05/05/2023 12:22:21.548737,3763,True,True,True,True,Eyes,1.554944,0.09394973,-3.514444,-0.7726675,-0.1153329,0.6242462,0.0,0.0,0.0,0.0,0.0,0.0,0.0,1.359899,0.6108201,3.595587,1.777376,0.1003773,-3.461434,0.08718122,-0.3989089,0.07596899,0.9096702,12.66332,313.0911,4.035267,0.3830039,0.02447513,-0.9234222,0.0,0.0,0.0,0.7863531,-0.002273285,-2.841242,-0.2137578,0.138784,1.033659,0.6702009,0.06865872,0.7389972,-0.2077682,0.9732563,0.09800291,-0.7125049,-0.2192217,0.6665424,moving,-3.717346218747796,6.297630283208867,-11.683910995730724,7.647072824061346,-0.9910229,-0.102650585,0.6201920000000003,-0.0644448108920052,0.1094651825320049,0.9918993405358372,-2.962839088287802,7.252120532430176,8.000245575059814,8.080046380864868,8.730010454028953
3566,05/05/2023 12:22:21.568396,3764,True,True,True,True,Eyes,1.564134,0.09417154,-3.512055,-0.7761867,-0.1146348,0.6199944,0.0,0.0,0.0,0.0,0.0,0.0,0.0,1.372054,0.5961418,3.595509,1.786832,0.1004898,-3.458719,0.08537284,-0.4017149,0.07430564,0.9087439,12.40752,312.7281,3.901868,0.3851619,0.02447214,-0.9225242,0.0,0.0,0.0,0.78901,-0.002264733,-2.841384,-0.2098107,0.1412201,1.038512,0.6662077,0.0664585,0.742799,-0.2036407,0.9743803,0.09546471,-0.7174244,-0.2148634,0.6626734,moving,-3.7009741287629225,6.071587557337041,-11.42173203882794,7.743760851258993,-0.997822,-0.102754533,0.6173349999999997,-0.0641886821493747,0.1055528516683575,0.9923398587419004,-2.9461683291030987,7.01976454231027,7.817536660433495,7.899763681955134,8.506429971085174
3567,05/05/2023 12:22:21.588104,3765,True,True,True,True,Eyes,1.57332,0.09439985,-3.509607,-0.7795909,-0.1138346,0.6158569,0.0,0.0,0.0,0.0,0.0,0.0,0.0,1.384542,0.6066761,3.590932,1.795998,0.1007349,-3.456016,0.08674698,-0.4042286,0.07451662,0.9074808,12.57315,312.4013,3.82524,0.387327,0.02447424,-0.9216173,0.0,0.0,0.0,0.7919039,-0.00225542,-2.841538,-0.2078742,0.1443414,1.042862,0.662093,0.06511358,0.7465876,-0.205376,0.9738445,0.09719895,-0.7207313,-0.2176859,0.6581484,moving,-3.678958586504789,6.277003690784836,-11.273043366003108,7.880181022717708,-1.0040941,-0.10299032,0.6144780000000001,-0.0637827180190107,0.1091127376308205,0.9919809394168796,-2.9249514203949785,7.231175127584954,7.678443404325497,7.761462568088018,8.37328178101301
3568,05/05/2023 12:22:21.598884,3766,True,True,True,True,Eyes,1.582478,0.09461336,-3.507143,-0.7829667,-0.113052,0.6117046,0.0,0.0,0.0,0.0,0.0,0.0,0.0,1.395355,0.5970156,3.589588,1.804509,0.1010401,-3.452843,0.08556113,-0.406695,0.07394581,0.9065377,12.43169,312.0881,3.785579,0.3894983,0.0244811,-0.9207015,0.0,0.0,0.0,0.7949876,-0.002245494,-2.841702,-0.203972,0.1372696,1.048678,0.6582623,0.06447474,0.7500224,-0.2036639,0.9744226,0.094982,-0.724715,-0.2152756,0.6545569,moving,-3.684718607095749,6.178276819895301,-11.00682532403989,7.457489254484801,-1.0095214,-0.103285594,0.6111409999999999,-0.0638944154595644,0.1074025225717097,0.9921604343514024,-2.930396496646249,7.129600829747407,7.3626010658394465,7.43300956726997,8.083081926037357
3569,05/05/2023 12:22:21.618733,3767,True,True,True,True,Eyes,1.59162,0.09479345,-3.504627,-0.7862592,-0.112368,0.6075937,0.0,0.0,0.0,0.0,0.0,0.0,0.0,1.406387,0.5965124,3.586877,1.813014,0.100891,-3.449962,0.08548218,-0.4090778,0.0737013,0.9054924,12.42175,311.7817,3.730134,0.3916746,0.02449187,-0.9197775,0.0,0.0,0.0,0.7977307,-0.002236666,-2.841849,-0.201474,0.1433681,1.053632,0.654447,0.06353422,0.7534338,-0.2034096,0.9745219,0.09450779,-0.7282333,-0.215106,0.6506964,moving,-3.6865238594350767,6.2041261803994745,-10.825338048034247,7.748669402487613,-1.0152833,-0.1031276659999999,0.6081130000000003,-0.0639225641947733,0.1078499404882798,0.9921101236313284,-2.9322368610080005,7.156172617611253,7.227890171868239,7.303990812168596,7.915307877064794
3570,05/05/2023 12:22:21.638252,3768,True,True,True,True,Eyes,1.600709,0.09493789,-3.502093,-0.7894996,-0.111841,0.6034749,0.0,0.0,0.0,0.0,0.0,0.0,0.0,1.417989,0.6034169,3.582328,1.821142,0.1002234,-3.446923,0.08631621,-0.4114752,0.07341664,0.9043494,12.50579,311.4668,3.626689,0.3938549,0.02450529,-0.9188457,0.0,0.0,0.0,0.8006342,-0.002227321,-2.842003,-0.1987234,0.1624093,1.056891,0.6505963,0.0617546,0.7569088,-0.2038225,0.974319,0.09570179,-0.7315606,-0.2165383,0.6464753,moving,-3.678862808186064,6.31107161196362,-10.64878815581766,8.736136194932087,-1.0205078,-0.102450721,0.6049199999999999,-0.06377689315129,0.1097025870689557,0.9919162428862216,-2.9249372858108824,7.266212424490719,7.280113440374499,7.379755929780162,7.862477227503621
3571,05/05/2023 12:22:21.653204,3769,True,True,True,True,Eyes,1.609728,0.09509134,-3.49954,-0.7926216,-0.1115858,0.5994161,0.0,0.0,0.0,0.0,0.0,0.0,0.0,1.427967,0.6173458,3.577041,1.82899,0.09953969,-3.443881,0.08800831,-0.4135488,0.07380436,0.9032082,12.71038,311.1934,3.557517,0.3960375,0.02452018,-0.9179066,0.0,0.0,0.0,0.8035145,-0.002218051,-2.842157,-0.1945172,0.1498101,1.063788,0.6470607,0.06052995,0.7600321,-0.2061129,0.9736149,0.09793622,-0.7340504,-0.220023,0.6424639,moving,-3.696380044973752,6.526678706869324,-10.362248841368569,8.016079294484193,-1.0254754999999998,-0.101757741,0.6017240000000004,-0.0640531582916287,0.1134324284328602,0.9914788598755406,-2.9427122376894213,7.487828064927307,6.754265217520068,6.830235788106996,7.43831787266873
3572,05/05/2023 12:22:21.669108,3770,True,True,True,True,Eyes,1.618666,0.09527425,-3.496948,-0.7957274,-0.111306,0.5953392,0.0,0.0,0.0,0.0,0.0,0.0,0.0,1.438933,0.6341859,3.570373,1.83658,0.09999256,-3.440532,0.09017453,-0.4156342,0.07533756,0.9019097,13.0196,310.9252,3.585844,0.3982205,0.02453665,-0.9169613,0.0,0.0,0.0,0.8065691,-0.002208219,-2.842319,-0.1911644,0.1584463,1.069163,0.643145,0.06093611,0.763316,-0.2108545,0.9723856,0.1000328,-0.7361419,-0.2252842,0.6382335,moving,-3.7026438378555415,6.854559717096733,-10.137261657485414,8.429684343798026,-1.0300109000000002,-0.1022007789999999,0.5982130000000003,-0.0641186702438033,0.1191038680013684,0.9908092392366348,-2.949659113385932,7.824988560908507,6.543159405386716,6.6245999180583865,7.212994338122672
3573,05/05/2023 12:22:21.688481,3771,True,True,True,True,Eyes,1.839646,0.1004914,-3.431547,-0.8655593,-0.1036306,0.4899673,0.0,0.0,0.0,0.0,0.0,0.0,0.0,1.45042,0.6294573,3.56675,1.843607,0.1008727,-3.436943,0.08971889,-0.4180253,0.07518812,0.900862,12.97405,310.6193,3.55706,0.4004018,0.02455532,-0.9160103,0.0,0.0,0.0,0.8093573,-0.002199245,-2.842468,-0.1878187,0.1695166,1.073152,0.6392033,0.06045873,0.7666576,-0.2104777,0.9725946,0.09878757,-0.7396744,-0.2245097,0.6344109,moving,-10.68826487588647,7.587782105865754,-9.927131347403412,8.976353586419606,-1.0342497000000002,-0.103071945,0.5944749999999996,-0.1838965383136796,0.1297930807731215,0.9743387385923888,-9.837181878394333,8.530345537346939,1.5779512323046558,1.5834945547075887,0.4549880073283489
3574,05/05/2023 12:22:21.698130,3772,True,True,True,True,Eyes,1.839909,0.1005503,-3.431386,-0.8656464,-0.1036178,0.489816,0.0,0.0,0.0,0.0,0.0,0.0,0.0,1.461887,0.6306015,3.561835,1.850465,0.1017234,-3.433202,0.09005896,-0.4204306,0.0745124,0.8997641,12.98631,310.3006,3.433607,0.4100259,0.02473658,-0.9117382,0.662938,0.01565147,0.1962054,0.8120756,-0.002190497,-2.842613,-0.1868823,0.1608914,1.079905,0.635372,0.05836008,0.7699978,-0.2098143,0.9726745,0.09940907,-0.7431557,-0.2247182,0.630255,moving,-10.394073176315503,7.565214099030492,-9.818047079989174,8.473972659477372,-1.0383894,-0.103913897,0.590589,-0.1788974639108991,0.1295306862667894,0.9753038249116546,-9.547141062067636,8.50918736702785,1.073358275166134,1.0759406046963904,0.2731851865932164
3575,05/05/2023 12:22:21.718449,3773,True,True,True,True,Eyes,1.840418,0.1006331,-3.431065,-0.8657547,-0.1035375,0.4896416,0.0,0.0,0.0,0.0,0.0,0.0,0.0,1.469863,0.6320509,3.557867,1.857065,0.1031828,-3.429149,0.09050822,-0.4224302,0.0735769,0.898859,12.99526,310.0305,3.283154,0.4180007,0.02488498,-0.9081056,0.6231617,0.01471238,0.1844331,0.8150202,-0.002181019,-2.84277,-0.1856061,0.1653109,1.084728,0.6322784,0.05580372,0.7727289,-0.2087373,0.9727894,0.100546,-0.7460917,-0.2248704,0.6267221,moving,-10.153952107039592,7.541698005773933,-9.709758252729957,8.665116981378919,-1.0420448,-0.105363819,0.586379,-0.174815499494324,0.1292266504637215,0.976084076745122,-9.310395961449204,8.486677089731812,1.2013552829471386,1.208047339699818,0.4374140311284537
3576,05/05/2023 12:22:21.738095,3774,True,True,True,True,Eyes,1.841163,0.1007318,-3.430593,-0.865918,-0.1035061,0.4893592,0.0,0.0,0.0,0.0,0.0,0.0,0.0,1.476536,0.6217937,3.556168,1.863504,0.1037734,-3.424864,0.08936271,-0.4243903,0.07196067,0.898181,12.80341,309.771,3.14024,0.4246357,0.0250079,-0.9050186,0.585772,0.01382964,0.1733671,0.8178657,-0.002171861,-2.842921,-0.1851267,0.1694817,1.089518,0.629429,0.05341806,0.7752197,-0.2051167,0.9736719,0.09944893,-0.7494974,-0.2216066,0.6238143,moving,-9.937084485267198,7.318227772783399,-9.643375743169408,8.84187218152384,-1.0456383,-0.105945261,0.5819429999999999,-0.1712022990466174,0.1254994993498526,0.9772100953991104,-9.09610085508405,8.258364897953177,1.5370355769368031,1.551694915075342,0.7999940956712462
3577,05/05/2023 12:22:21.749040,3775,True,True,True,True,Eyes,1.842214,0.1008757,-3.429832,-0.8662344,-0.1036529,0.488768,0.0,0.0,0.0,0.0,0.0,0.0,0.0,1.48064,0.6307251,3.552293,1.869923,0.104256,-3.420733,0.09061932,-0.4258451,0.07116406,0.8974296,12.9005,309.5659,2.972625,0.4301816,0.02511103,-0.9023927,0.5506257,0.01299986,0.1629651,0.8208179,-0.002162359,-2.843079,-0.1852339,0.1673062,1.09479,0.6271831,0.05054986,0.7772297,-0.204909,0.9734476,0.1020391,-0.7514343,-0.2232586,0.6208881,moving,-9.788258928521683,7.371933022079222,-9.603257870148903,8.688738601103173,-1.0491051,-0.106418359,0.5776539999999999,-0.168642443558777,0.1264720639227968,0.9775298770489844,-8.949528593535916,8.31463507124056,1.3158464645982713,1.329737690128264,0.7532034374301603
3578,05/05/2023 12:22:21.768468,3776,True,True,True,True,Eyes,1.843453,0.1010521,-3.428921,-0.8665885,-0.1037192,0.4881256,0.0,0.0,0.0,0.0,0.0,0.0,0.0,1.483451,0.6433586,3.547644,1.875978,0.1053036,-3.416128,0.09239446,-0.4270779,0.07105228,0.8966713,13.08431,309.3912,2.8542,0.4348455,0.0251997,-0.900152,0.5175882,0.01221987,0.1531872,0.823711,-0.002153048,-2.843233,-0.18539,0.1618285,1.100347,0.6251121,0.04850181,0.7790266,-0.2063403,0.9728296,0.1050052,-0.7527673,-0.2263846,0.6181355,moving,-9.6651134442518,7.527086272427482,-9.563559836497374,8.366536719438729,-1.052267,-0.107456648,0.5728949999999999,-0.1664827331793438,0.1291667553069883,0.977547620851716,-8.82850847517624,8.47505879897319,0.836496570106955,0.8455709244264034,0.7430192093926882
3579,05/05/2023 12:22:21.788591,3777,True,True,True,True,Eyes,1.843453,0.1010521,-3.428921,-0.8665885,-0.1037192,0.4881256,0.0,0.0,0.0,0.0,0.0,0.0,0.0,1.483881,0.6385559,3.547041,1.881756,0.1062434,-3.411578,0.09192322,-0.4281392,0.0701115,0.8962876,12.99195,309.2488,2.762851,0.4387929,0.02527791,-0.8982322,0.4865329,0.01148668,0.1439959,0.8266625,-0.002143548,-2.84339,-0.1853805,0.1625668,1.104927,0.6235626,0.04696827,0.7803614,-0.204392,0.973269,0.1047443,-0.7545819,-0.2248143,0.6164939,moving,-9.53657906059961,7.415273022091194,-9.524166837003175,8.369821552600698,-1.0550935,-0.108386948,0.5681880000000001,-0.1643292109664294,0.1273054311840531,0.9781559894875884,-8.701547406497783,8.360962519088313,0.9422211289638376,0.9546292266594716,0.8226671319068182
3580,05/05/2023 12:22:21.798376,3778,True,True,True,True,Eyes,1.843453,0.1010521,-3.428921,-0.8665885,-0.1037192,0.4881256,0.0,0.0,0.0,0.0,0.0,0.0,0.0,1.487161,0.6417053,3.54363,1.887342,0.1060992,-3.406968,0.09232336,-0.4294253,0.07010483,0.8956314,13.03728,309.0789,2.72308,0.4422807,0.02534668,-0.8965181,0.4573409,0.01079748,0.1353562,0.8295376,-0.002134294,-2.843544,-0.1856614,0.1577157,1.109663,0.6213585,0.04628421,0.7821582,-0.2048681,0.9731234,0.1051658,-0.7562689,-0.225585,0.6141406,moving,-9.369987914178212,7.44879858960779,-9.4983675345184,8.089233693161372,-1.0578044000000002,-0.108233494,0.5634239999999999,-0.1614711977429989,0.1279389331577224,0.9785492240240932,-8.537415879399015,8.396603097876845,0.641997098200586,0.6531756645668744,1.0089123026466826
3581,05/05/2023 12:22:21.818602,3779,True,True,True,True,Eyes,1.843453,0.1010521,-3.428921,-0.8665885,-0.1037192,0.4881256,0.0,0.0,0.0,0.0,0.0,0.0,0.0,1.48854,0.6523395,3.539526,1.892893,0.1063825,-3.402231,0.09368664,-0.4303737,0.07093497,0.8949691,13.22351,308.9522,2.727767,0.4454139,0.02540825,-0.8949637,0.4299005,0.01014963,0.1272348,0.8324724,-0.002124849,-2.8437,-0.1857854,0.1530732,1.114285,0.6194934,0.04632868,0.7836336,-0.2076097,0.9723821,0.1066362,-0.7570509,-0.2287504,0.6120026,moving,-9.237381788590072,7.631525774317723,-9.465885947023729,7.821961424205819,-1.0604206,-0.108507349,0.5585309999999999,-0.159139520796348,0.1311093467110021,0.9785115504080536,-8.407135287368316,8.58545078772881,0.2912047350064575,0.2974556894224319,1.3053233191564113
3582,05/05/2023 12:22:21.838807,3780,True,True,True,True,Eyes,1.843453,0.1010521,-3.428921,-0.8665885,-0.1037192,0.4881256,0.0,0.0,0.0,0.0,0.0,0.0,0.0,1.491244,0.6499017,3.536751,1.898188,0.1065543,-3.397104,0.0933191,-0.4315019,0.07242186,0.8943449,13.26288,308.823,2.885972,0.4482292,0.0254634,-0.8935555,0.4041064,0.009540651,0.1196007,0.8352785,-0.002115818,-2.843849,-0.1857468,0.1566503,1.117707,0.6171224,0.04900549,0.7853397,-0.210075,0.9720933,0.1044186,-0.7583063,-0.2294192,0.6101953,moving,-9.08592271205281,7.691724341031199,-9.435501556436124,7.978223578955853,-1.0629095,-0.108670118,0.553255,-0.1565295812508078,0.1321931952630102,0.9787866731192516,-8.257982439932,8.648417278214438,0.4424720785315446,0.4519813953823551,1.35488407779358
3583,05/05/2023 12:22:21.848622,3781,True,True,True,True,Eyes,1.845732,0.1012183,-3.427019,-0.8670548,-0.1040273,0.4872313,0.0,0.0,0.0,0.0,0.0,0.0,0.0,1.492696,0.6436477,3.535021,1.903315,0.1064241,-3.391882,0.0924134,-0.4324954,0.0738138,0.8938451,13.24143,308.7147,3.06336,0.450759,0.02551281,-0.8922806,0.37986,0.008968212,0.1124247,0.8380911,-0.002106765,-2.843999,-0.1861608,0.1541451,1.121105,0.6149986,0.05201947,0.7868105,-0.2118929,0.9720226,0.1013583,-0.7595249,-0.2290548,0.6088151,moving,-9.013129000580047,7.678347623353594,-9.428006695689174,7.828733552947522,-1.0652239,-0.1085308649999999,0.5478829999999997,-0.1552901527251223,0.1319908248409795,0.9790114583969008,-8.186197445910352,8.635167826572484,0.4342389564756858,0.4412929069437777,1.480684453390816
3584,05/05/2023 12:22:21.868244,3782,True,True,True,True,Eyes,1.848115,0.1013666,-3.424966,-0.8675333,-0.1043681,0.4863056,0.0,0.0,0.0,0.0,0.0,0.0,0.0,1.493742,0.644412,3.532073,1.90854,0.1061756,-3.386484,0.09235272,-0.4333565,0.07598062,0.8932525,13.34665,308.6239,3.281548,0.4530993,0.02556182,-0.8910931,0.3570684,0.008430119,0.1056792,0.8410501,-0.002097242,-2.844157,-0.1862077,0.1545959,1.124165,0.6128581,0.05569647,0.7882277,-0.2157831,0.9713959,0.09913521,-0.7601596,-0.230842,0.6073462,moving,-8.949966683222158,7.796092321902614,-9.40512893136751,7.830237635265677,-1.0674899,-0.108272842,0.5423269999999998,-0.1541682957460242,0.1340262661425562,0.9789121309231544,-8.124215175843458,8.756701011955014,0.4516778810938519,0.4564412060292031,1.580846114407516
3585,05/05/2023 12:22:21.887977,3783,True,True,True,True,Eyes,1.850618,0.1014826,-3.422734,-0.8679961,-0.1046146,0.4854262,0.0,0.0,0.0,0.0,0.0,0.0,0.0,1.493878,0.6389297,3.530163,1.913404,0.1059013,-3.380773,0.09147838,-0.4341401,0.07810713,0.8927786,13.3653,308.5492,3.537807,0.4552733,0.02561008,-0.889983,0.3356443,0.007924312,0.09933844,0.8438765,-0.002088144,-2.844308,-0.1859982,0.157176,1.126659,0.6108434,0.06003587,0.789472,-0.2188936,0.9710619,0.09552097,-0.7608916,-0.2311587,0.6063082,moving,-8.897728403085,7.839074712457321,-9.374309217178563,7.94186393599304,-1.0695275,-0.107989444,0.5364650000000002,-0.1532599322618538,0.1347798781044737,0.9789513866459586,-8.072824672044677,8.80126987390582,0.4809149608311601,0.4875396361703927,1.5596283491082437
3586,05/05/2023 12:22:21.898372,3784,True,True,True,True,Eyes,1.853212,0.101558,-3.420356,-0.8684555,-0.1049749,0.4845259,0.0,0.0,0.0,0.0,0.0,0.0,0.0,1.493374,0.6348252,3.528182,1.91828,0.1051803,-3.374963,0.09070566,-0.4348295,0.08040731,0.8923176,13.40327,308.4874,3.808614,0.457302,0.02565692,-0.8889409,0.3155057,0.007448853,0.09337813,0.8468726,-0.002078502,-2.844467,-0.1860673,0.1621944,1.128384,0.6089159,0.06461469,0.7905988,-0.2223807,0.9706143,0.09194957,-0.7614252,-0.2318034,0.6053915,moving,-8.856479303080196,7.89726647437077,-9.363648030138991,8.179692594386973,-1.0714074,-0.107258802,0.5304960000000003,-0.1525338890558355,0.1357895019245741,0.978925255950447,-8.03230214890011,8.861403946492498,0.5692714137136154,0.5805037734363535,1.4957313338568787
3587,05/05/2023 12:22:21.918607,3785,True,True,True,True,Eyes,1.855888,0.1015901,-3.417837,-0.8689373,-0.10538,0.4835733,0.0,0.0,0.0,0.0,0.0,0.0,0.0,1.492145,0.6375612,3.525142,1.923072,0.1043061,-3.369052,0.09078512,-0.4353732,0.08288985,0.891817,13.53878,308.4398,4.057678,0.4592036,0.02570152,-0.8879588,0.2965753,0.007001922,0.08777545,0.8496939,-0.002069421,-2.844618,-0.1860588,0.1684567,1.129813,0.6071588,0.06879436,0.7915968,-0.226896,0.9697747,0.08975139,-0.7614961,-0.2341035,0.6044165,moving,-8.830630753908894,8.047401988982491,-9.35159447087043,8.480405938427602,-1.0733780999999998,-0.106375521,0.5244339999999998,-0.1520375341873689,0.1383648806617947,0.9786418447020604,-8.007176748727389,9.015988759990432,0.6626040624810063,0.6774183453564293,1.447172405197627
3588,05/05/2023 12:22:21.938087,3786,True,True,True,True,Eyes,1.858642,0.1015762,-3.415169,-0.869401,-0.1058946,0.4826265,0.0,0.0,0.0,0.0,0.0,0.0,0.0,1.490395,0.6410055,3.522026,1.927862,0.103324,-3.362961,0.09092833,-0.4358484,0.08548998,0.8913247,13.68682,308.402,4.31698,0.4609943,0.02574305,-0.8870293,0.2787808,0.006581807,0.08250892,0.8526238,-0.002059991,-2.844774,-0.185672,0.1669671,1.131793,0.6054552,0.0731367,0.7925118,-0.2316606,0.968847,0.08757199,-0.761418,-0.2366147,0.6035363,moving,-8.810846884982391,8.205581982454092,-9.316455605567567,8.391996087413318,-1.0752381999999998,-0.105383991,0.5181869999999997,-0.1516410344336661,0.1410748397049387,0.9783164058169131,-7.988048318647796,9.178804501801626,0.529436695697819,0.5388788331893635,1.5439343900871545
3589,05/05/2023 12:22:21.948632,3787,True,True,True,True,Eyes,1.861461,0.1015256,-3.412366,-0.8699006,-0.1064719,0.481598,0.0,0.0,0.0,0.0,0.0,0.0,0.0,1.486584,0.6451977,3.519371,1.932468,0.1022291,-3.35668,0.09115258,-0.4360864,0.08781864,0.890959,13.82867,308.3922,4.547345,0.4626886,0.02578071,-0.8861456,0.262054,0.006186898,0.07755838,0.8554588,-0.002050867,-2.844925,-0.1852839,0.166308,1.133529,0.6042332,0.07698482,0.7930799,-0.2359864,0.9679582,0.0858334,-0.7610603,-0.2390194,0.6030398,moving,-8.827695497524958,8.351547807709352,-9.283331549924249,8.346715993940043,-1.0770092,-0.104279967,0.511755,-0.1518738343329161,0.1435615200468603,0.977918391984128,-8.005000103702567,9.328803313386492,0.451177034114691,0.4556616712762992,1.6120256788949514
3590,05/05/2023 12:22:21.968491,3788,True,True,True,True,Eyes,1.864338,0.1014461,-3.409416,-0.8703717,-0.1070998,0.4806066,0.0,0.0,0.0,0.0,0.0,0.0,0.0,1.481123,0.655428,3.516227,1.937097,0.1013464,-3.350305,0.09219699,-0.4361226,0.08978232,0.8906381,14.03653,308.3994,4.700994,0.4642989,0.02581402,-0.8853019,0.2463307,0.005815684,0.07290488,0.8583804,-0.002041463,-2.845081,-0.1859916,0.1648274,1.134821,0.6034724,0.07950869,0.79341,-0.2403454,0.9668777,0.08591607,-0.7602993,-0.2425404,0.6025937,moving,-8.865494605398457,8.549676704086272,-9.307745841005772,8.264151169294255,-1.0787166,-0.103387863,0.5052240000000001,-0.1524427597370347,0.1469292781758003,0.9773295040583724,-8.042725910207862,9.532302333820969,0.5262000806104755,0.5264133227934723,1.7912238278357078
3591,05/05/2023 12:22:21.988232,3789,True,True,True,True,Eyes,1.86724,0.1013269,-3.406358,-0.8709235,-0.1076244,0.4794885,0.0,0.0,0.0,0.0,0.0,0.0,0.0,1.474049,0.6602108,3.514462,1.941388,0.1005895,-3.343805,0.09260072,-0.4360732,0.0907829,0.8905188,14.12873,308.413,4.786945,0.4658366,0.02584273,-0.884493,0.2315509,0.005466743,0.06853058,0.8613412,-0.002031934,-2.845238,-0.1871049,0.1601838,1.136144,0.6031972,0.0809264,0.7934759,-0.2424492,0.9663671,0.08574937,-0.7598495,-0.2441013,0.6025306,moving,-8.934324830447904,8.62959619789941,-9.351766522832396,8.025178745304858,-1.0800468,-0.102621434,0.498567,-0.1535857540938346,0.1482658166934977,0.9769486371859568,-8.110760853159753,9.614014318437764,0.7338983675898348,0.7345597481088353,2.0160589154616027
3592,05/05/2023 12:22:21.998767,3790,True,True,True,True,Eyes,1.870185,0.1011624,-3.403159,-0.871476,-0.1081181,0.4783724,0.0,0.0,0.0,0.0,0.0,0.0,0.0,1.468257,0.661397,3.51273,1.945426,0.09955823,-3.337349,0.0925882,-0.4362835,0.09080505,0.8904148,14.12968,308.3859,4.786523,0.4673108,0.02586634,-0.8837144,0.2176578,0.005138739,0.06441875,0.8641284,-0.002022963,-2.845387,-0.1890141,0.1613473,1.136742,0.6028222,0.08091892,0.7937617,-0.2424977,0.9663637,0.08565031,-0.7601317,-0.2441173,0.6021683,moving,-8.980318802753368,8.604671947194854,-9.440600468450697,8.078506434921918,-1.0812976,-0.101581193,0.491962,-0.1543803191390047,0.1478223026461111,0.9768906689636824,-8.156038832407473,9.588060617120473,0.6990444093619178,0.6990775050611675,1.9821333017199383
3593,05/05/2023 12:22:22.018564,3791,True,True,True,True,Eyes,1.873168,0.1009718,-3.39981,-0.8722621,-0.1083916,0.4768754,0.0,0.0,0.0,0.0,0.0,0.0,0.0,1.464775,0.6640276,3.509613,1.949417,0.0983056,-3.330765,0.09280917,-0.4368385,0.09028969,0.8901721,14.12962,308.3067,4.711972,0.4687298,0.02588427,-0.882962,0.2045984,0.004830414,0.06055362,0.8670716,-0.002013491,-2.845544,-0.1913846,0.1636911,1.136465,0.6020398,0.07966148,0.7944822,-0.2418319,0.9664685,0.08634822,-0.7609633,-0.2441163,0.6011172,moving,-9.010289380762176,8.57833990686949,-9.559114426721512,8.196245903758214,-1.0823454,-0.100319091,0.4852210000000001,-0.1549020696677591,0.147361142478637,0.9768777301546832,-8.18551907779851,9.560770835547675,0.6686724170315408,0.6687336975851204,1.9361540414073304
3594,05/05/2023 12:22:22.038218,3792,True,True,True,True,Eyes,1.876166,0.1007704,-3.396323,-0.8730822,-0.1085599,0.4753339,0.0,0.0,0.0,0.0,0.0,0.0,0.0,1.463611,0.6650275,3.505643,1.953056,0.09741712,-3.324159,0.09286756,-0.4376278,0.09019741,0.8897877,14.13519,308.2023,4.686521,0.470102,0.02589648,-0.8822318,0.1923224,0.00454059,0.05692041,0.8699788,-0.002004134,-2.845699,-0.1944003,0.1607178,1.136665,0.6006927,0.07923023,0.7955444,-0.2417959,0.9664801,0.08631901,-0.7620386,-0.2442106,0.5997151,moving,-9.010333332051395,8.569895139754806,-9.705220429584694,8.047939645714344,-1.0830772,-0.099421254,0.4784599999999996,-0.1549061822155276,0.1472170667189171,0.9768988209185984,-8.185542502411632,9.552085638337362,0.8691836167366082,0.8690832043465527,2.138194605142594
3595,05/05/2023 12:22:22.048772,3793,True,True,True,True,Eyes,1.879174,0.1005597,-3.392705,-0.874139,-0.1084068,0.4734228,0.0,0.0,0.0,0.0,0.0,0.0,0.0,1.46672,0.6536049,3.501904,1.95645,0.09693278,-3.317334,0.09139971,-0.4390354,0.09013345,0.8892525,13.9868,308.0285,4.731888,0.4714341,0.02590334,-0.8815205,0.1807831,0.004268154,0.05350518,0.8728309,-0.001994954,-2.845851,-0.196496,0.1616625,1.136233,0.5982477,0.08004736,0.7973031,-0.2405582,0.9670441,0.08341128,-0.7643504,-0.2416984,0.5977879,moving,-8.963962086179126,8.435136202742145,-9.811481061578068,8.097657104134148,-1.0836191,-0.0989277339999999,0.4714829999999996,-0.1541679858569791,0.1449359515195807,0.9773566264475808,-8.139516375671063,9.413818254799978,0.9101111393094202,0.9122393083278844,2.127850108781657
3596,05/05/2023 12:22:22.068466,3794,True,True,True,True,Eyes,1.882182,0.1003376,-3.388955,-0.8752779,-0.1081553,0.4713714,0.0,0.0,0.0,0.0,0.0,0.0,0.0,1.475896,0.637316,3.496463,1.959679,0.09641848,-3.310597,0.08934591,-0.4412018,0.09022868,0.8883789,13.79001,307.7609,4.8124,0.4727317,0.02590522,-0.8808253,0.1699361,0.004012065,0.05029487,0.8757316,-0.001985618,-2.846005,-0.1992679,0.1651112,1.135244,0.5943995,0.08147538,0.800032,-0.2391537,0.9677522,0.07912793,-0.7677857,-0.2383642,0.5947165,moving,-8.830932502806032,8.257670116019336,-9.955634838394026,8.275141575658418,-1.0839474,-0.098404098,0.4645920000000001,-0.151964612518047,0.1419570305016496,0.9781385003760223,-8.007969645293937,9.232233673507308,1.1133597497525225,1.124838030819997,2.1701209616466994
3597,05/05/2023 12:22:22.088227,3795,True,True,True,True,Eyes,1.885198,0.1001057,-3.385052,-0.876705,-0.1077037,0.4688157,0.0,0.0,0.0,0.0,0.0,0.0,0.0,1.490235,0.6203533,3.488495,1.962726,0.09589885,-3.303596,0.08724447,-0.4440041,0.09068283,0.8871444,13.61072,307.4132,4.923996,0.4739996,0.0259024,-0.8801438,0.15974,0.003771341,0.04727718,0.8786581,-0.001976199,-2.846161,-0.2018162,0.1662046,1.134198,0.5892739,0.08342373,0.8036148,-0.2383714,0.96833,0.07426979,-0.7719685,-0.235324,0.5904974,moving,-8.645889965040576,8.11030643983281,-10.089461114509088,8.33674849474334,-1.0840679,-0.0978750489999999,0.4574350000000002,-0.1488571659724371,0.1395075037253841,0.9789683882169772,-7.82522416751162,9.081970165716353,1.4417240177425976,1.4612233463129245,2.383720682260448
3598,05/05/2023 12:22:22.108344,3796,True,True,True,True,Eyes,1.888199,0.09986044,-3.381008,-0.8782343,-0.1071356,0.4660757,0.0,0.0,0.0,0.0,0.0,0.0,0.0,1.507755,0.6021101,3.479107,1.965511,0.09531397,-3.296623,0.08495335,-0.4471254,0.09190128,0.8856726,13.45399,307.0313,5.121561,0.4752429,0.02589517,-0.8794732,0.1501556,0.003545061,0.04444055,0.8814882,-0.001967091,-2.846312,-0.2048003,0.1664572,1.133082,0.5832661,0.08681928,0.8076281,-0.2387585,0.9686741,0.06829894,-0.7763988,-0.2326645,0.5857236,moving,-8.425683978965912,8.002295177333385,-10.24538235318876,8.357347603015699,-1.0840228,-0.097281061,0.4503109999999997,-0.1451298751341773,0.1377388756512677,0.9797782412833032,-7.607910461449358,8.972423254542463,1.8279574906444465,1.8540130523090088,2.708242241162428
3599,05/05/2023 12:22:22.119315,3797,True,True,True,True,Eyes,1.891186,0.09959258,-3.376823,-0.879982,-0.1064252,0.4629313,0.0,0.0,0.0,0.0,0.0,0.0,0.0,1.526714,0.5774176,3.469494,1.968186,0.09477708,-3.289212,0.0818343,-0.4505034,0.09331645,0.8841051,13.2252,306.6211,5.379747,0.4764647,0.02588371,-0.8788122,0.1411462,0.003332357,0.04177412,0.8844708,-0.001957491,-2.846471,-0.2079788,0.1694711,1.131393,0.5766773,0.09126983,0.8118579,-0.2387364,0.9691904,0.06062147,-0.7813119,-0.228779,0.5806995,moving,-8.20126137894106,7.837854225652204,-10.416133412381082,8.518985146613833,-1.0837152,-0.096734571,0.4427409999999998,-0.1413448243822419,0.135001014997364,0.9807121894871932,-7.386307431128638,8.80487150297458,2.279412872663301,2.317239188345644,3.043283832544306
3600,05/05/2023 12:22:22.138251,3798,True,True,True,True,Eyes,1.894157,0.0992998,-3.372506,-0.881789,-0.1057173,0.4596434,0.0,0.0,0.0,0.0,0.0,0.0,0.0,1.544793,0.5530928,3.459849,1.970698,0.09382325,-3.281829,0.0787032,-0.4537654,0.09475157,0.8825673,12.99769,306.2242,5.643779,0.4776698,0.02586793,-0.8781583,0.1326775,0.003132416,0.03926767,0.8872682,-0.001948487,-2.84662,-0.2115843,0.1709084,1.129569,0.5702382,0.0958237,0.8158715,-0.2386749,0.9696559,0.05293178,-0.7860426,-0.2249117,0.5758055,moving,-8.000003286638892,7.675249396617433,-10.609370256031095,8.603825788247219,-1.0834298000000002,-0.095771737,0.4352089999999999,-0.1379501396766878,0.1322811658563606,0.981565838508408,-7.187542209380974,8.63904654553969,2.7223166512999284,2.769666062190033,3.422009304865438
3601,05/05/2023 12:22:22.148507,3799,True,True,True,True,Eyes,1.897028,0.09896254,-3.368172,-0.8837708,-0.1048768,0.4560152,0.0,0.0,0.0,0.0,0.0,0.0,0.0,1.563042,0.5359911,3.448642,1.973324,0.09291574,-3.274275,0.07650319,-0.4569882,0.09669092,0.880886,12.89437,305.8298,5.913283,0.4788601,0.0258477,-0.8775104,0.1247168,0.002944471,0.03691161,0.8902938,-0.00193875,-2.846781,-0.2152985,0.1731991,1.127322,0.5636255,0.1004252,0.8199031,-0.2402694,0.9695963,0.04640796,-0.7903144,-0.2231543,0.5706183,moving,-7.813321859367553,7.6447858840136655,-10.812275583597586,8.734491581065667,-1.0830302,-0.09485449,0.4274939999999998,-0.1347596494770753,0.1318176651320387,0.982071164821508,-7.003456716765626,8.609018639893716,3.135303199504178,3.190796443877417,3.810885017853652
3602,05/05/2023 12:22:22.168610,3800,True,True,True,True,Eyes,1.899883,0.09864158,-3.363708,-0.8857766,-0.1040951,0.4522874,0.0,0.0,0.0,0.0,0.0,0.0,0.0,1.580042,0.5113164,3.438745,1.975625,0.09180825,-3.266714,0.07332857,-0.4601847,0.09775413,0.8793732,12.64656,305.4345,6.144253,0.4800355,0.02582235,-0.8768687,0.1172338,0.002767803,0.03469691,0.8930252,-0.001929958,-2.846927,-0.2193978,0.17755,1.124828,0.5573484,0.1044353,0.8236845,-0.2394141,0.9701341,0.03899645,-0.7950118,-0.2189362,0.565706,moving,-7.650080744647639,7.461231514785947,-11.036973661515118,8.969921958085145,-1.0825998,-0.0937382079999999,0.4197869999999999,-0.1320152965930192,0.1287187693418769,0.9828546723879884,-6.842115838165124,8.421383338623293,3.637817071508907,3.707720389137971,4.230570502327288
3603,05/05/2023 12:22:22.188102,3801,True,True,True,True,Eyes,1.902683,0.09829885,-3.35913,-0.8879062,-0.1030112,0.4483429,0.0,0.0,0.0,0.0,0.0,0.0,0.0,1.595204,0.4975837,3.427901,1.978117,0.09189047,-3.259046,0.07165238,-0.462995,0.100007,0.8777813,12.61482,305.0912,6.426055,0.4811987,0.02579288,-0.8762317,0.1101998,0.002601735,0.0326151,0.8959715,-0.001920476,-2.847084,-0.2236221,0.1822589,1.121953,0.5512684,0.1092191,0.8271483,-0.2419179,0.9697291,0.0331848,-0.7984853,-0.2183957,0.5610031,moving,-7.526643761429113,7.521277091387541,-11.272191278868435,9.226977471964252,-1.0821454999999998,-0.093810946,0.4119619999999999,-0.1298793461654568,0.1297856663291599,0.9829990435190764,-6.720584281993149,8.483997076428949,4.035113776432226,4.115645756584916,4.6118484496082335
3604,05/05/2023 12:22:22.198757,3802,True,True,True,True,Eyes,1.905471,0.09790608,-3.354437,-0.8900657,-0.1018457,0.444309,0.0,0.0,0.0,0.0,0.0,0.0,0.0,1.613425,0.4540011,3.419,1.979885,0.09100211,-3.251245,0.06614104,-0.4666769,0.09940162,0.8763317,12.04617,304.624,6.604624,0.4823519,0.02575919,-0.8755984,0.1035878,0.00244563,0.03065819,0.8987204,-0.001911628,-2.84723,-0.2286078,0.1868741,1.118854,0.5446641,0.1124846,0.8310766,-0.2359506,0.9714894,0.02314611,-0.8047784,-0.2086999,0.5556762,moving,-7.3501892993524285,7.027401247145905,-11.54790594812122,9.48217312436477,-1.0811646,-0.092913738,0.4040149999999998,-0.1269879156226012,0.1213535409691962,0.9844528286241268,-6.545487659749655,7.977308575593947,4.760642896975694,4.862790354573732,5.223868876798258
3605,05/05/2023 12:22:22.218575,3803,True,True,True,True,Eyes,1.908216,0.09755822,-3.34963,-0.8922125,-0.1010019,0.4401767,0.0,0.0,0.0,0.0,0.0,0.0,0.0,1.628137,0.4397486,3.408146,1.982417,0.08937827,-3.243718,0.06432681,-0.4696823,0.09892538,0.8749139,11.85806,304.2307,6.611299,0.4834959,0.02572051,-0.8749684,0.09737252,0.002298893,0.0288187,0.9018283,-0.001901626,-2.847396,-0.2339526,0.192202,1.115206,0.5392246,0.1126761,0.8345904,-0.2335287,0.9721516,0.01963386,-0.8091361,-0.2054878,0.5505213,moving,-7.239013307479575,6.877756938525728,-11.847936489992229,9.778670124332768,-1.0805887,-0.091279896,0.396322,-0.1251162239593464,0.1188104345215803,0.9850025722472494,-6.435547785599484,7.824184477376434,5.326586377672288,5.445867260032301,5.754473532096268
3606,05/05/2023 12:22:22.228284,3804,True,True,True,True,Eyes,1.910908,0.09726103,-3.344697,-0.8944251,-0.09970613,0.4359615,0.0,0.0,0.0,0.0,0.0,0.0,0.0,1.638619,0.4455487,3.396017,1.984259,0.0901905,-3.235908,0.06529263,-0.4717475,0.1010959,0.873482,12.08997,303.9712,6.754561,0.4846334,0.02567851,-0.8743401,0.0,0.0,0.0,0.9044874,-0.001893067,-2.847538,-0.2399727,0.1949145,1.111921,0.5344679,0.1150077,0.8373274,-0.2382142,0.971033,0.01868037,-0.8109241,-0.2094474,0.5463825,moving,-7.206172119430126,7.201867863078391,-12.17867640851624,9.942660102485872,-1.0797716,-0.092083567,0.3883699999999996,-0.12446585332011,0.1243907205840911,0.9843958560161172,-6.403939615159951,8.157740385778569,5.552783838154185,5.677828898846466,6.04429676865997
3607,05/05/2023 12:22:22.248321,3805,True,True,True,True,Eyes,1.913572,0.09696735,-3.339654,-0.8966697,-0.098467,0.4316107,0.0,0.0,0.0,0.0,0.0,0.0,0.0,1.65036,0.3850932,3.390976,1.985699,0.09100071,-3.227913,0.05767326,-0.4748182,0.1002963,0.8724461,11.29606,303.584,7.042922,0.4857648,0.02563495,-0.8737133,0.0,0.0,0.0,0.9073231,-0.001883941,-2.847689,-0.2453273,0.1956472,1.108717,0.5289766,0.1202376,0.8400754,-0.2297749,0.9732289,0.005388588,-0.8169377,-0.1958787,0.5424429,moving,-7.143864762959755,6.5111222829842985,-12.476879749608466,10.0075417208845,-1.0783759000000002,-0.092884651,0.3802240000000001,-0.1235713016455884,0.1125269877490715,0.9859350423731348,-6.340895023786984,7.447788230286095,6.233227637139122,6.376989707812466,6.648507087169665
3608,05/05/2023 12:22:22.268324,3806,True,True,True,True,Eyes,1.91619,0.09673776,-3.334482,-0.8989086,-0.09733491,0.4271875,0.0,0.0,0.0,0.0,0.0,0.0,0.0,1.664176,0.3582184,3.380958,1.987644,0.09076694,-3.220204,0.05426667,-0.4777068,0.1014668,0.8709512,11.03858,303.2189,7.310854,0.4868914,0.02559013,-0.8730873,0.0,0.0,0.0,0.9103112,-0.001874323,-2.847848,-0.249895,0.1961672,1.105466,0.5230015,0.1248981,0.8431309,-0.2285923,0.9735192,-0.00241551,-0.8211059,-0.19147,0.5377028,moving,-7.056833968181389,6.345375794930923,-12.737849785436744,10.062505515260783,-1.0773328,-0.092641263,0.3723559999999999,-0.1221124465706552,0.1096943338132093,0.9864358162276567,-6.254717364883615,7.277935716775325,6.635765225848339,6.78903484109966,7.055836941502009
3609,05/05/2023 12:22:22.288369,3807,True,True,True,True,Eyes,1.918744,0.09653045,-3.3292,-0.9010895,-0.09609284,0.4228521,0.0,0.0,0.0,0.0,0.0,0.0,0.0,1.677784,0.3464525,3.368471,1.989177,0.09209806,-3.211896,0.05302696,-0.4804056,0.1036843,0.8692803,11.05853,302.8797,7.571257,0.4880147,0.02554591,-0.8724613,0.0,0.0,0.0,0.9132546,-0.00186485,-2.848005,-0.2536654,0.1965669,1.102172,0.5169202,0.1293126,0.8462103,-0.2312104,0.9728754,-0.007430477,-0.8242181,-0.1918116,0.5327973,moving,-6.958697487198298,6.461260216947894,-12.960952198727185,10.112100416246758,-1.0759224,-0.09396291,0.3638909999999997,-0.1203954625988019,0.1117128464144752,0.9864203930959266,-6.158256335873655,7.397799622089558,6.867684364259373,7.025360900543636,7.324213254926903
3610,05/05/2023 12:22:22.298593,3808,True,True,True,True,Eyes,1.921254,0.09631837,-3.323803,-0.9032159,-0.09482543,0.41858,0.0,0.0,0.0,0.0,0.0,0.0,0.0,1.684016,0.30242,3.36235,1.990478,0.09242797,-3.20347,0.04743619,-0.4827328,0.1026062,0.8684417,10.45446,302.5731,7.738513,0.4891348,0.02550288,-0.871835,0.0,0.0,0.0,0.9162424,-0.001855234,-2.848164,-0.2561384,0.1938321,1.099424,0.5128821,0.132417,0.8481849,-0.224013,0.9744436,-0.01667161,-0.8287159,-0.1814539,0.5294377,moving,-6.973579964561038,5.952890085114777,-13.114554484822264,9.99868514897407,-1.0742356,-0.094283204,0.3553059999999997,-0.1207665158519386,0.1029516463437109,0.9873279332377864,-6.171728255053309,6.87487040424033,7.189932267934368,7.35391227560173,7.613215786787062
3611,05/05/2023 12:22:22.318482,3809,True,True,True,True,Eyes,1.923695,0.09614088,-3.318314,-0.905248,-0.09380761,0.4143985,0.0,0.0,0.0,0.0,0.0,0.0,0.0,1.684963,0.2947521,3.355609,1.991934,0.09208354,-3.195279,0.04645785,-0.4839523,0.102222,0.867861,10.34524,302.4102,7.738449,0.4902529,0.02546087,-0.871208,0.0,0.0,0.0,0.9190152,-0.001846309,-2.848312,-0.2567331,0.1903624,1.097359,0.5106816,0.1324622,0.8495046,-0.2223957,0.9747847,-0.01830326,-0.8305086,-0.1795791,0.5272636,moving,-7.084512387238918,5.916263971953997,-13.167820933930306,9.841344955940766,-1.0729188,-0.093929849,0.3469670000000002,-0.1226862222705739,0.1022962068131087,0.9871593098060654,-6.280989127295294,6.836429253703475,7.080404335082064,7.239675656070721,7.513851922312011
3612,05/05/2023 12:22:22.340188,3810,True,True,True,True,Eyes,1.926074,0.09596509,-3.312738,-0.9072715,-0.09255812,0.4102334,0.0,0.0,0.0,0.0,0.0,0.0,0.0,1.683895,0.2921296,3.34941,1.992804,0.09278007,-3.187399,0.04625322,-0.4847805,0.1020766,0.8674266,10.32386,302.2997,7.725008,0.4913686,0.02542074,-0.8705803,0.0,0.0,0.0,0.9218733,-0.00183711,-2.848464,-0.2557501,0.1872713,1.095259,0.5091364,0.1322425,0.8504658,-0.2219332,0.9748821,-0.01872693,-0.8315803,-0.179212,0.5256969,moving,-7.235696586486515,5.984498281894304,-13.143431587963123,9.702808223372394,-1.0709307,-0.09461718,0.3389350000000002,-0.125275705464128,0.103438027886275,0.9867150524711824,-6.4301736548981845,6.905549494599095,6.828366944843208,6.980484343408171,7.2727222187814755
3613,05/05/2023 12:22:22.348402,3811,True,True,True,True,Eyes,1.928379,0.09576693,-3.307148,-0.9092394,-0.09180628,0.4060238,0.0,0.0,0.0,0.0,0.0,0.0,0.0,1.687872,0.2665796,3.342768,1.993702,0.0925792,-3.179725,0.04301945,-0.4865693,0.100442,0.866782,9.922792,302.0554,7.716251,0.4924828,0.0253824,-0.8699517,0.0,0.0,0.0,0.9246879,-0.001828052,-2.848614,-0.2536855,0.1850049,1.093105,0.5063233,0.1322587,0.852141,-0.2159865,0.9761215,-0.02316701,-0.8348572,-0.172321,0.5227993,moving,-7.30353908276832,5.632751856250571,-13.065785746429622,9.606116270025396,-1.0690141,-0.094407252,0.3311109999999999,-0.126521893410212,0.0973630177672962,0.9871740773467356,-6.496217839392565,6.543328198620198,6.846596875774017,6.999365069599382,7.248440746499432
3614,05/05/2023 12:22:22.368582,3812,True,True,True,True,Eyes,1.930626,0.09557924,-3.301487,-0.9112017,-0.0912552,0.4017263,0.0,0.0,0.0,0.0,0.0,0.0,0.0,1.69879,0.2834727,3.329633,1.994911,0.09211588,-3.172466,0.04536926,-0.4886244,0.1014284,0.8653902,10.23262,301.7864,7.662295,0.4935941,0.02534512,-0.8693227,0.0,0.0,0.0,0.9276096,-0.001818648,-2.84877,-0.2513168,0.1815042,1.090879,0.5019169,0.1312133,0.8549049,-0.2198874,0.9753078,-0.02059657,-0.836498,-0.1776451,0.5183757,moving,-7.270734595992372,5.964499149402287,-12.973446086552809,9.446532343960762,-1.0673014,-0.093934528,0.323696,-0.1258837198162408,0.1030856130079015,0.9866745741112574,-6.464663839512283,6.884737356794636,6.541384883004572,6.681726836123811,6.994786622596817
3615,05/05/2023 12:22:22.388101,3813,True,True,True,True,Eyes,1.932794,0.09537639,-3.295798,-0.9131567,-0.0909977,0.3973213,0.0,0.0,0.0,0.0,0.0,0.0,0.0,1.715875,0.2979492,3.313,1.995759,0.09221292,-3.165029,0.04760637,-0.4915429,0.1019388,0.8635554,10.51168,301.3981,7.554241,0.4947022,0.02530912,-0.8686937,0.0,0.0,0.0,0.9309095,-0.001808027,-2.848946,-0.2489141,0.1783552,1.088083,0.4959882,0.1292585,0.8586549,-0.2228607,0.9746842,-0.0179931,-0.8392432,-0.182436,0.5122385,moving,-7.136726821640703,6.228534551170215,-12.88548085114486,9.308962668511992,-1.0648495000000002,-0.094020947,0.3160829999999999,-0.1235153908550616,0.1076636695216931,0.9864848899404972,-6.333193217032022,7.157215004994406,6.391817298307776,6.5220556788370105,6.896556477518431
3616,05/05/2023 12:22:22.398719,3814,True,True,True,True,Eyes,1.934912,0.09518015,-3.290051,-0.9150858,-0.09099051,0.3928597,0.0,0.0,0.0,0.0,0.0,0.0,0.0,1.730925,0.3039169,3.298026,1.996463,0.0918003,-3.157713,0.04868722,-0.49438,0.1009058,0.8619955,10.58581,301.0111,7.353984,0.4958066,0.02527391,-0.8680648,0.0,0.0,0.0,0.9334658,-0.0017998,-2.849082,-0.246985,0.1777426,1.085574,0.4908129,0.1258207,0.8621322,-0.2221007,0.9748952,-0.01583529,-0.8424809,-0.183708,0.506436,moving,-7.042692068014076,6.265023593221068,-12.817496474923765,9.298614226822163,-1.0629972,-0.0936001,0.3086310000000001,-0.1218875360398862,0.1083138620779073,0.986616224271466,-6.240588219641053,7.195397350790397,6.394404530254443,6.52311567200336,6.905015816493885
3617,05/05/2023 12:22:22.418412,3815,True,True,True,True,Eyes,1.93695,0.09499206,-3.284299,-0.9170515,-0.09118822,0.3882027,0.0,0.0,0.0,0.0,0.0,0.0,0.0,1.746036,0.32503,3.281668,1.997388,0.09181031,-3.150499,0.05176815,-0.4969474,0.1018355,0.8602284,10.96905,300.6668,7.241658,0.4969074,0.02523962,-0.8674361,0.0,0.0,0.0,0.936383,-0.001790411,-2.849237,-0.2451262,0.1742861,1.082871,0.4853456,0.1237515,0.8655202,-0.2266557,0.9738992,-0.01214894,-0.8444328,-0.1902786,0.5007267,moving,-6.959566859095297,6.613313910697537,-12.754907902521827,9.143238877186974,-1.061005,-0.093600721,0.3012619999999999,-0.1203743538388291,0.1143305478815028,0.9861230258772524,-6.159471571953135,7.554170839691375,6.206682957481505,6.323487814939687,6.784166685627318
3618,05/05/2023 12:22:22.438339,3816,True,True,True,True,Eyes,1.938949,0.09484614,-3.278503,-0.9190258,-0.09158377,0.3834111,0.0,0.0,0.0,0.0,0.0,0.0,0.0,1.764622,0.3240166,3.265409,1.998004,0.09200601,-3.14345,0.05199967,-0.5002108,0.1020323,0.8582976,11.03086,300.23,7.206406,0.4980041,0.02520638,-0.8668079,0.0,0.0,0.0,0.9391915,-0.001781371,-2.849387,-0.244109,0.1740927,1.079844,0.4787573,0.1231265,0.8692706,-0.2271697,0.9737709,-0.01281287,-0.8480481,-0.1913377,0.4941705,moving,-6.820669316006249,6.631723205416328,-12.738150408759452,9.158432920488083,-1.0588125,-0.093787381,0.2940629999999999,-0.1179786319475369,0.1146805958351504,0.9863718786233442,-6.022602281988487,7.574072198838607,6.31679885741048,6.434348799010638,6.899911995038971
3619,05/05/2023 12:22:22.448745,3817,True,True,True,True,Eyes,1.940888,0.09472017,-3.272696,-0.9210912,-0.09208995,0.3782994,0.0,0.0,0.0,0.0,0.0,0.0,0.0,1.786689,0.3315588,3.2466,1.99904,0.09292749,-3.136527,0.05346062,-0.5037395,0.103959,0.8559095,11.31784,299.7642,7.270836,0.499096,0.02517525,-0.8661807,0.0,0.0,0.0,0.9421005,-0.001772009,-2.849542,-0.2418343,0.1640347,1.077765,0.4708781,0.1240986,0.8734263,-0.2318195,0.9726689,-0.01322163,-0.8511955,-0.1962515,0.4867769,moving,-6.635564978813267,6.877259943987475,-12.646840108895072,8.65394376084572,-1.0569395,-0.094699499,0.286985,-0.1147333083402674,0.1189520726152113,0.9862487850571198,-5.8407216883766,7.827881504101121,6.172792353852901,6.268335829757847,6.85606496513407
3620,05/05/2023 12:22:22.468874,3818,True,True,True,True,Eyes,1.942808,0.0946148,-3.266843,-0.9231998,-0.09276897,0.3729557,0.0,0.0,0.0,0.0,0.0,0.0,0.0,1.815953,0.3244843,3.22476,1.999875,0.09345216,-3.129507,0.0530535,-0.5084052,0.1053836,0.852997,11.40039,299.1454,7.375481,0.5001834,0.02514654,-0.8655541,0.0,0.0,0.0,0.9449404,-0.001762868,-2.849694,-0.2408532,0.1614137,1.075107,0.4608369,0.1258384,0.8785182,-0.2337291,0.9721593,-0.01664619,-0.8561543,-0.1976641,0.4774189,moving,-6.330230302783497,6.898220347988695,-12.627320301418017,8.538461029904477,-1.0549346000000002,-0.095215028,0.2798129999999998,-0.1094701671241812,0.1193841700484593,0.9867946134475172,-5.539799698065977,7.851567163363157,6.414277406973921,6.507206155141731,7.120728297501016
3621,05/05/2023 12:22:22.488675,3819,True,True,True,True,Eyes,1.944694,0.09454529,-3.260962,-0.9253494,-0.09373244,0.3673456,0.0,0.0,0.0,0.0,0.0,0.0,0.0,1.847143,0.330385,3.200369,2.001303,0.09388852,-3.122408,0.05441315,-0.5132384,0.1070695,0.8498009,11.67647,298.4978,7.399494,0.5012671,0.02512058,-0.8649276,0.0,0.0,0.0,0.9478347,-0.001753553,-2.849848,-0.2412511,0.1648221,1.070656,0.4502449,0.1261217,0.8839529,-0.2378294,0.9711506,-0.0174237,-0.860649,-0.2023851,0.467251,moving,-5.999997652942222,7.083272578495603,-12.698388098685722,8.751692718266547,-1.0534683,-0.095642073,0.2725599999999999,-0.103739281405311,0.1226464405482327,0.987013720442848,-5.214722184607566,8.044184161359007,6.802784284365506,6.903047176893774,7.517035577382392
3622,05/05/2023 12:22:22.498839,3820,True,True,True,True,Eyes,1.946556,0.0945316,-3.255018,-0.9275535,-0.0945941,0.3615195,0.0,0.0,0.0,0.0,0.0,0.0,0.0,1.878958,0.3427738,3.174157,2.002536,0.09485117,-3.115141,0.05674827,-0.5180684,0.1093202,0.8464243,12.08349,297.8475,7.418999,0.5023468,0.02509806,-0.8643017,0.0,0.0,0.0,0.9506437,-0.001744512,-2.849998,-0.2411944,0.1496039,1.06874,0.4393085,0.1262635,0.8894187,-0.2438614,0.9696575,-0.01720442,-0.8646038,-0.2093368,0.4567696,moving,-5.664253043850941,7.404286848511398,-12.71752086268932,7.968574565318896,-1.0518923,-0.096595682,0.2651430000000001,-0.0978838273118931,0.128250933072959,0.986899357844558,-4.884531849492491,8.376667663193121,7.003505674724591,7.075804374882118,7.843612487712202
3623,05/05/2023 12:22:22.518437,3821,True,True,True,True,Eyes,1.948379,0.09453177,-3.24907,-0.9297295,-0.0953517,0.3556841,0.0,0.0,0.0,0.0,0.0,0.0,0.0,1.907504,0.3294619,3.151824,2.003755,0.09615517,-3.107543,0.0556807,-0.5230149,0.1089076,0.8435012,11.99663,297.1734,7.370532,0.503424,0.02508015,-0.8636752,0.0,0.0,0.0,0.9535211,-0.001735251,-2.850151,-0.2403982,0.1454461,1.065814,0.4291891,0.1254838,0.8944556,-0.2419711,0.9700776,-0.01998715,-0.8701993,-0.2078541,0.4467101,moving,-5.370148338033058,7.232955917954336,-12.710571243448037,7.770856675187402,-1.0502338999999998,-0.0978904209999999,0.2573920000000003,-0.0928513082379905,0.125359964426822,0.9877568439314148,-4.594226250190391,8.202515947813906,7.28928968495237,7.360105002985541,8.12781555999045
3624,05/05/2023 12:22:22.538271,3822,True,True,True,True,Eyes,1.950198,0.09453272,-3.24306,-0.9319369,-0.09607515,0.3496617,0.0,0.0,0.0,0.0,0.0,0.0,0.0,1.935813,0.3258387,3.128343,2.005161,0.09666302,-3.100009,0.05581151,-0.527861,0.1083668,0.8405383,12.01857,296.5051,7.239297,0.504498,0.02506677,-0.8630487,0.0,0.0,0.0,0.9564612,-0.001725789,-2.850307,-0.2399843,0.1448089,1.061833,0.4192388,0.1232515,0.8994709,-0.2410944,0.9702834,-0.0205818,-0.8752785,-0.2082286,0.4364957,moving,-5.090134676070488,7.166448025743203,-12.73542227378793,7.765880688065862,-1.0486998,-0.098388809,0.2497020000000001,-0.0880350839097396,0.1242678788486187,0.9883356933570157,-4.318057327773018,8.136069608229068,7.594897779018114,7.668751004464245,8.425501318676073
3625,05/05/2023 12:22:22.548070,3823,True,True,True,True,Eyes,1.951998,0.09451232,-3.237062,-0.9340566,-0.09686838,0.3437366,0.0,0.0,0.0,0.0,0.0,0.0,0.0,1.96248,0.3303904,3.104668,2.006831,0.0966361,-3.092367,0.05695959,-0.5325313,0.1068756,0.8377015,12.07895,295.848,6.954129,0.5055695,0.02505754,-0.8624217,0.0,0.0,0.0,0.9593682,-0.001716432,-2.850462,-0.2418878,0.1333583,1.058475,0.409976,0.1183941,0.9043795,-0.2397252,0.9706664,-0.01839891,-0.8800293,-0.2092594,0.426332,moving,-4.829240637605292,7.1229575457063845,-12.87246319567239,7.1809148261642965,-1.0474628,-0.098352532,0.241905,-0.0835412201890501,0.1235656223459662,0.9888136663348271,-4.060789041912697,8.093161840906816,7.982882883709911,8.043431367579231,8.8587694409519
3626,05/05/2023 12:22:22.568495,3824,True,True,True,True,Eyes,1.953808,0.09449025,-3.231003,-0.9361738,-0.0977286,0.3376798,0.0,0.0,0.0,0.0,0.0,0.0,0.0,1.986172,0.3481742,3.081223,2.00882,0.09632666,-3.084705,0.05979808,-0.5366054,0.106651,0.8349279,12.37523,295.2695,6.6974,0.506639,0.02505146,-0.861794,0.0,0.0,0.0,0.9622958,-0.00170701,-2.850618,-0.2454501,0.1312532,1.053694,0.4013605,0.1139159,0.9088085,-0.2422678,0.9700995,-0.01460485,-0.8832985,-0.2143132,0.4169578,moving,-4.62555282865412,7.323701488142293,-13.112782846893344,7.100464473255682,-1.0465242,-0.0980336699999999,0.2340870000000001,-0.0799897780292959,0.1270664380556777,0.988663575804786,-3.860484991914285,8.3010342766867,8.430559637421485,8.490165378089902,9.329865135689824
3627,05/05/2023 12:22:22.588144,3825,True,True,True,True,Eyes,1.955613,0.09446084,-3.224931,-0.9382319,-0.09853095,0.3316812,0.0,0.0,0.0,0.0,0.0,0.0,0.0,2.008265,0.3587016,3.059268,2.010794,0.09624673,-3.07707,0.06166124,-0.540561,0.1063317,0.8322774,12.56787,294.7083,6.490601,0.5077081,0.02504822,-0.8611647,0.0,0.0,0.0,0.9652364,-0.001697545,-2.850775,-0.249379,0.129643,1.048399,0.3929749,0.1103317,0.9129063,-0.2436583,0.9697829,-0.01231904,-0.88668,-0.2175961,0.4079837,moving,-4.440601996518751,7.432037235311098,-13.3800944462407,7.049300003213376,-1.0455576000000002,-0.097944275,0.2262949999999999,-0.076778951326467,0.1289682423996178,0.9886718615417928,-3.678432419823663,8.413740264347426,8.887140457313386,8.947681992978382,9.79713954687928
3628,05/05/2023 12:22:22.598952,3826,True,True,True,True,Eyes,1.957431,0.09442523,-3.218799,-0.9403003,-0.09931316,0.3255338,0.0,0.0,0.0,0.0,0.0,0.0,0.0,2.029609,0.3648313,3.038036,2.012803,0.09614365,-3.069438,0.06291365,-0.5445117,0.1056174,0.8296951,12.67486,294.1462,6.281444,0.5087758,0.02504735,-0.8605342,0.0,0.0,0.0,0.9680365,-0.001688533,-2.850924,-0.2516017,0.1218959,1.044426,0.384704,0.1067461,0.916847,-0.243775,0.9697737,-0.01062158,-0.8902678,-0.2194182,0.3990978,moving,-4.27254199277794,7.458458978070239,-13.544453929748784,6.656925468282303,-1.0447665,-0.097832183,0.2185139999999998,-0.0738739556214168,0.129452646583067,0.9888299468792396,-3.512836286773997,8.442085267032871,9.253820338261674,9.30649273003828,10.18921724382782
3629,05/05/2023 12:22:22.618419,3827,True,True,True,True,Eyes,1.959272,0.09437426,-3.212592,-0.9423413,-0.09990909,0.3193917,0.0,0.0,0.0,0.0,0.0,0.0,0.0,2.052166,0.367218,3.01606,2.014857,0.09592226,-3.0617,0.06366092,-0.5486972,0.1048815,0.8269696,12.73181,293.5521,6.097353,0.5098441,0.02504847,-0.8599017,0.0,0.0,0.0,0.9710282,-0.001678904,-2.851084,-0.25146,0.1270409,1.039736,0.3758624,0.1036065,0.9208655,-0.2433288,0.9698943,-0.009805111,-0.8941581,-0.2203877,0.3897572,moving,-4.072644594882728,7.445758439484152,-13.59590750183652,6.966196538314319,-1.0438288,-0.0976011639999999,0.2106159999999999,-0.0704253473213684,0.1292657807635758,0.9891059793356096,-3.3157655378251327,8.430417580226594,9.47264440373166,9.535329884802918,10.383894359045
3630,05/05/2023 12:22:22.638300,3828,True,True,True,True,Eyes,1.961141,0.0943055,-3.206327,-0.94439,-0.1004979,0.3130938,0.0,0.0,0.0,0.0,0.0,0.0,0.0,2.074159,0.3649741,2.994643,2.017076,0.0954217,-3.053772,0.06372062,-0.5529642,0.1033949,0.8243058,12.67367,292.9445,5.882257,0.5109145,0.02505102,-0.859266,0.0,0.0,0.0,0.9739057,-0.001669643,-2.851237,-0.2495232,0.1305791,1.035448,0.3670802,0.0999875,0.9247999,-0.2409284,0.9704984,-0.009296773,-0.8984463,-0.2193979,0.3803405,moving,-3.8827871523775817,7.317883447308875,-13.548862448344982,7.187559713036436,-1.0431703,-0.097091343,0.2025350000000001,-0.0671665005511651,0.1270865604033448,0.9896149225690802,-3.1283198829401293,8.300230486228516,9.59588125747771,9.66695380681143,10.479777841487396
3631,05/05/2023 12:22:22.648412,3829,True,True,True,True,Eyes,1.963036,0.09421255,-3.199986,-0.9464129,-0.1009178,0.3067869,0.0,0.0,0.0,0.0,0.0,0.0,0.0,2.09702,0.3670373,2.972062,2.019497,0.09489515,-3.045978,0.06437691,-0.5572384,0.1028469,0.82144,12.73159,292.3353,5.720111,0.5119882,0.0250544,-0.8586266,0.0,0.0,0.0,0.9766722,-0.001660739,-2.851385,-0.2481902,0.1305307,1.03146,0.3578159,0.09721846,0.9287177,-0.2407116,0.9705563,-0.008856902,-0.9022339,-0.2203839,0.370682,moving,-3.6725461465988265,7.319744471268737,-13.5293327068016,7.212410996523034,-1.0428248,-0.0965558889999999,0.1945929999999998,-0.0635342516072941,0.127149008228273,0.9898467104729536,-2.921087650174205,8.303610545474758,9.78404913146832,9.857370935913645,10.664219598127747
3632,05/05/2023 12:22:22.668485,3830,True,True,True,True,Eyes,1.964956,0.09409213,-3.193585,-0.9484524,-0.1013208,0.300287,0.0,0.0,0.0,0.0,0.0,0.0,0.0,2.120396,0.3594241,2.949692,2.02182,0.09413207,-3.037981,0.06367615,-0.5617766,0.1015194,0.8185635,12.6097,291.6922,5.566225,0.5130664,0.02505792,-0.8579827,0.0,0.0,0.0,0.9795911,-0.001651345,-2.85154,-0.2467938,0.1360351,1.026941,0.3482018,0.09465662,0.9326283,-0.2377437,0.9712783,-0.009816513,-0.9067708,-0.2183084,0.3607048,moving,-3.4543499129955504,7.143368125022268,-13.513033240397467,7.545829605014148,-1.0422289,-0.095783415,0.1864409999999998,-0.0597872645593627,0.1241301134681606,0.9904631946086084,-2.7055938865493783,8.123740601504663,9.980571283337504,10.066731620731256,10.822879769588548
3633,05/05/2023 12:22:22.688386,3831,True,True,True,True,Eyes,1.966907,0.09394829,-3.187107,-0.9504465,-0.101598,0.2938183,0.0,0.0,0.0,0.0,0.0,0.0,0.0,2.145846,0.3564339,2.924997,2.024243,0.09333307,-3.030024,0.06364956,-0.56648,0.1013113,0.8153435,12.62531,291.0249,5.474427,0.5141499,0.02506086,-0.8573338,0.0,0.0,0.0,0.9824343,-0.001642194,-2.851691,-0.2441248,0.1357765,1.023349,0.3376729,0.09309468,0.9366484,-0.2373195,0.9713695,-0.01098916,-0.9108548,-0.2185742,0.3500983,moving,-3.188461077557679,7.113206546743695,-13.417412675799936,7.557781317170402,-1.0418086999999998,-0.094975264,0.1783329999999998,-0.0551936450086483,0.1236414390619344,0.9907907712925536,-2.443433587611392,8.094575569239302,10.150557542769278,10.23860818303361,10.987099940250554
3634,05/05/2023 12:22:22.698885,3832,True,True,True,True,Eyes,1.968893,0.09377499,-3.18056,-0.9524768,-0.1017665,0.287109,0.0,0.0,0.0,0.0,0.0,0.0,0.0,2.172457,0.345567,2.899807,2.026692,0.09255887,-3.02189,0.06255829,-0.5714833,0.1008326,0.8119891,12.52359,290.3191,5.422329,0.5152403,0.02506268,-0.856679,0.0,0.0,0.0,0.9852815,-0.00163303,-2.851843,-0.2404411,0.139269,1.020042,0.3264792,0.0922479,0.9406921,-0.235252,0.9718385,-0.01365502,-0.9154605,-0.2168416,0.3389866,moving,-2.902946281573017,6.97316305570739,-13.263468618594288,7.774670727760277,-1.0414105,-0.0941919,0.1700469999999998,-0.0502706385044589,0.1212509317055378,0.9913481363307156,-2.1616688698670155,7.9525410374802,10.294842969147291,10.391479088381804,11.10322455451212
3635,05/05/2023 12:22:22.718267,3833,True,True,True,True,Eyes,1.970911,0.09356225,-3.173935,-0.95445,-0.1019138,0.2804262,0.0,0.0,0.0,0.0,0.0,0.0,0.0,2.200422,0.3340258,2.873107,2.029396,0.09163903,-3.013525,0.06136356,-0.5767773,0.100008,0.8084311,12.39095,289.5681,5.340889,0.5163383,0.02506272,-0.8560176,0.0,0.0,0.0,0.9883592,-0.001623124,-2.852007,-0.2343194,0.1393731,1.017291,0.3146528,0.09091295,0.9448431,-0.2324854,0.9724659,-0.01614825,-0.9202957,-0.2145811,0.3271251,moving,-2.5758624483951427,6.798473479608955,-12.971082632838016,7.801192317649972,-1.0410368,-0.093262154,0.161518,-0.0446267680164292,0.1182595815208542,0.9919794361436132,-1.8388475077605004,7.7751651550895,10.344962951444176,10.443469143498769,11.132265550785274
3636,05/05/2023 12:22:22.738677,3834,True,True,True,True,Eyes,1.972972,0.09332612,-3.167237,-0.956446,-0.1020814,0.2734784,0.0,0.0,0.0,0.0,0.0,0.0,0.0,2.229691,0.3304298,2.843782,2.032023,0.09044377,-3.005079,0.06127762,-0.5821413,0.1000624,0.8045769,12.42175,288.7994,5.268359,0.5174444,0.02506014,-0.8553494,0.0,0.0,0.0,0.9913324,-0.001613555,-2.852166,-0.2278979,0.1427453,1.01483,0.3021981,0.08967125,0.9490181,-0.2323602,0.9724651,-0.01789575,-0.9244917,-0.215106,0.3147131,moving,-2.2308687978043373,6.786133468241205,-12.656798381910091,8.006657233714355,-1.0406906,-0.092057325,0.1529129999999998,-0.0386538659125519,0.1180753421613694,0.9922520297948554,-1.4987548113594669,7.764880077155331,10.392610007862968,10.49712750969599,11.1606627274432
3637,05/05/2023 12:22:22.748731,3835,True,True,True,True,Eyes,1.97508,0.09306931,-3.160465,-0.9583759,-0.102262,0.2665671,0.0,0.0,0.0,0.0,0.0,0.0,0.0,2.259365,0.3264378,2.81362,2.034973,0.08963948,-2.996431,0.06120395,-0.5876238,0.1002867,0.8005592,12.46578,288.0107,5.208556,0.5185612,0.02505458,-0.854673,0.0,0.0,0.0,0.9940367,-0.001604851,-2.85231,-0.221454,0.1478828,1.012197,0.2892817,0.08864113,0.953131,-0.2325007,0.9723933,-0.01986697,-0.9285793,-0.2158565,0.3019048,moving,-1.8600918201433527,6.7853261958668725,-12.341026934063418,8.31215045187187,-1.0409362999999998,-0.091244331,0.1441209999999997,-0.0322319101248005,0.1180882654099945,0.9924798066909908,-1.1332744118752982,7.76663546736569,10.478063841322587,10.591562357411105,11.221020595156885
3638,05/05/2023 12:22:22.768102,3836,True,True,True,True,Eyes,1.977224,0.09279005,-3.153606,-0.9603237,-0.1024613,0.259384,0.0,0.0,0.0,0.0,0.0,0.0,0.0,2.289236,0.3233963,2.782981,2.038231,0.08880293,-2.987958,0.06124958,-0.5931669,0.100268,0.7964597,12.50454,287.2067,5.115952,0.5196884,0.0250458,-0.8539884,0.0,0.0,0.0,0.9969849,-0.001595362,-2.852467,-0.2162062,0.1436854,1.010354,0.2761987,0.08705641,0.9571498,-0.2323813,0.9723896,-0.02138568,-0.9325843,-0.216517,0.288803,moving,-1.494043955239554,6.777923998801111,-12.0785864530257,8.093926483203818,-1.0412461000000002,-0.090398292,0.135491,-0.0258909306272059,0.1179818063186465,0.9926781650285386,-0.77244000536443,7.761575430302505,10.559101811305167,10.666039678643385,11.311030223561785
3639,05/05/2023 12:22:22.778503,3837,True,True,True,True,Eyes,1.979415,0.09248726,-3.146705,-0.9621753,-0.1027248,0.2523221,0.0,0.0,0.0,0.0,0.0,0.0,0.0,2.318681,0.3229764,2.750757,2.04112,0.08796245,-2.978816,0.06166949,-0.5987538,0.1000421,0.7922643,12.5633,286.3878,4.976482,0.5208266,0.02503355,-0.8532951,0.0,0.0,0.0,0.9999096,-0.001585949,-2.852623,-0.2110334,0.1419394,1.008316,0.2629712,0.08466979,0.9610814,-0.2323691,0.9723769,-0.02208404,-0.9364032,-0.2175182,0.2753817,moving,-1.1090612721066635,6.78489316766259,-11.820972060774336,8.012806199893477,-1.0412103999999998,-0.089548399,0.1261930000000002,-0.0192200606377534,0.1181203394197518,0.9928133305400282,-0.3929752267145505,7.771427445401175,10.677217630025114,10.782059319030727,11.430545714986696
3640,05/05/2023 12:22:22.798712,3838,True,True,True,True,Eyes,1.981662,0.09217154,-3.139722,-0.9640371,-0.1030398,0.2449802,0.0,0.0,0.0,0.0,0.0,0.0,0.0,2.348786,0.3238985,2.717858,2.044226,0.08717636,-2.970185,0.0623033,-0.6043716,0.1000971,0.7879301,12.66046,285.5589,4.846378,0.5219779,0.02501751,-0.8525919,0.0,0.0,0.0,1.002872,-0.001576415,-2.852781,-0.2065498,0.1409346,1.006209,0.2494311,0.08243027,0.9648778,-0.2330476,0.9721978,-0.02281034,-0.9399323,-0.2191729,0.2617066,moving,-0.7258602503157519,6.829367257115313,-11.600259815416033,7.973259444750796,-1.041354,-0.0887527749999999,0.117404,-0.0125784412439435,0.1189034968108594,0.9928261530673496,-0.0153550228192123,7.819838394187375,10.83011431608042,10.934397799530922,11.585920639823524
3641,05/05/2023 12:22:22.818787,3839,True,True,True,True,Eyes,1.983954,0.09185752,-3.132653,-0.9658327,-0.1033391,0.2376725,0.0,0.0,0.0,0.0,0.0,0.0,0.0,2.378184,0.3221005,2.684879,2.047626,0.08654951,-2.96105,0.06259891,-0.6099877,0.1005876,0.7835041,12.75646,284.7303,4.778778,0.5231417,0.02499774,-0.8518788,0.0,0.0,0.0,1.005652,-0.001567466,-2.852929,-0.2031433,0.144683,1.003717,0.2355944,0.08125245,0.9684489,-0.2339907,0.971927,-0.0246214,-0.9432622,-0.2208074,0.2479929,moving,-0.3328576279709599,6.875248304007845,-11.441597596477228,8.202526039998181,-1.0419740000000002,-0.088116976,0.1081210000000001,-0.0057676554980499,0.1197059662307048,0.9927926304285196,0.3719233994661867,7.869764658251642,11.075863947769852,11.187750885515117,11.818206651551568
3642,05/05/2023 12:22:22.838502,3840,True,True,True,True,Eyes,1.986308,0.09152467,-3.125493,-0.9676394,-0.1036199,0.2300801,0.0,0.0,0.0,0.0,0.0,0.0,0.0,2.407856,0.3163993,2.651273,2.050825,0.08625855,-2.951915,0.06241089,-0.6157184,0.1009385,0.7789783,12.79908,283.8838,4.729487,0.5243194,0.02497468,-0.8511552,0.0,0.0,0.0,1.00849,-0.001558332,-2.85308,-0.2001898,0.1466107,1.001389,0.2214046,0.08040272,0.9718619,-0.2341129,0.9718326,-0.02706593,-0.9466632,-0.2215329,0.2339915,moving,0.0597273570082654,6.869500862967668,-11.30509101246908,8.329345619168803,-1.042335,-0.087816882,0.0988350000000002,0.0010349553131644,0.1196082994447558,0.992820592099002,0.7589118059292858,7.866591486423648,11.34131080080481,11.458195463659088,12.07287477735508
3643,05/05/2023 12:22:22.848101,3841,True,True,True,True,Eyes,1.988729,0.0911752,-3.118187,-0.9693568,-0.1039195,0.2225941,0.0,0.0,0.0,0.0,0.0,0.0,0.0,2.43652,0.3096305,2.617924,2.05451,0.08545838,-2.9424,0.06196313,-0.6214487,0.1009347,0.774451,12.79282,283.0336,4.665786,0.525512,0.02494815,-0.8504202,0.0,0.0,0.0,1.011424,-0.001548889,-2.853236,-0.1974385,0.1470751,0.9992165,0.2072274,0.07932418,0.9750715,-0.2333518,0.9719455,-0.02947668,-0.9500546,-0.2214263,0.2199242,moving,0.4572740125262822,6.813585654755479,-11.177281961590522,8.373266505027104,-1.043086,-0.087007269,0.0891640000000002,0.0079244904073498,0.1186356863037883,0.9929062281647312,1.1509091911115008,7.811858647137917,11.619027922177231,11.73863267461594,12.340967380252655
3644,05/05/2023 12:22:22.868508,3842,True,True,True,True,Eyes,1.991205,0.09085399,-3.110782,-0.9710461,-0.1042937,0.2149237,0.0,0.0,0.0,0.0,0.0,0.0,0.0,2.462707,0.3094798,2.585293,2.058172,0.08462334,-2.932782,0.06243557,-0.6267588,0.1014595,0.7700527,12.90521,282.2339,4.589453,0.5267219,0.02491808,-0.8496722,0.0,0.0,0.0,1.014345,-0.001539489,-2.853392,-0.1943292,0.1468833,0.9972849,0.1937588,0.0779943,0.9779438,-0.2345225,0.9716155,-0.03102397,-0.9526052,-0.2233387,0.2065505,moving,0.8022291683108972,6.8772415529727695,-11.026385165271329,8.378468763531584,-1.0438269999999998,-0.086162829,0.07939,0.0139003636826725,0.1197309215739343,0.99270901442222,1.490784871859279,7.879730123868313,11.802773166240266,11.923497816930611,12.527102057903631
3645,05/05/2023 12:22:22.878269,3843,True,True,True,True,Eyes,1.993729,0.09057263,-3.103241,-0.9726392,-0.1044605,0.2075119,0.0,0.0,0.0,0.0,0.0,0.0,0.0,2.483923,0.3052889,2.557033,2.061855,0.08500386,-2.922845,0.06246937,-0.631387,0.1026376,0.7661029,13.02193,281.5393,4.614202,0.5279495,0.0248856,-0.8489109,0.0,0.0,0.0,1.017275,-0.001530057,-2.853548,-0.1915336,0.1449275,0.9956921,0.181632,0.07837722,0.9802381,-0.2361466,0.9711262,-0.03389214,-0.9545913,-0.225324,0.1948961,moving,1.0714465850563482,6.963034500050103,-10.888542985655173,8.281502994364299,-1.04458,-0.086533917,0.0692970000000001,0.0185613158310853,0.1212080845601895,0.99245366434427,1.7559529596131584,7.969839949756562,11.913610088868568,12.032444045248145,12.648336316025182
3646,05/05/2023 12:22:22.899456,3844,True,True,True,True,Eyes,1.996307,0.09022502,-3.095595,-0.9742457,-0.1043245,0.1999047,0.0,0.0,0.0,0.0,0.0,0.0,0.0,2.504553,0.2789018,2.530989,2.065296,0.08564216,-2.912679,0.05939005,-0.6362131,0.1034239,0.7622397,12.83465,280.8426,4.830136,0.5291956,0.02485209,-0.8481356,0.0,0.0,0.0,1.020251,-0.001520479,-2.853707,-0.1883539,0.1452503,0.9940733,0.169073,0.08209818,0.9821783,-0.2332371,0.9715526,-0.04106041,-0.9576088,-0.2221382,0.1834116,moving,1.3305257382743678,6.759182459576463,-10.729035647078952,8.313018793900698,-1.045045,-0.087162639,0.0589719999999998,0.0230586680585714,0.1176652655700644,0.992785655343852,2.011810159024746,7.761998148559057,12.039816919979556,12.159252779713524,12.75275560835786
3647,05/05/2023 12:22:22.918560,3845,True,True,True,True,Eyes,1.998964,0.08982405,-3.087835,-0.9756836,-0.1045138,0.1926611,0.0,0.0,0.0,0.0,0.0,0.0,0.0,2.52381,0.2528909,2.505632,2.069059,0.08363716,-2.90237,0.05573964,-0.6411291,0.1014446,0.7586538,12.39513,280.1247,4.842543,0.5304611,0.02481586,-0.8473457,0.0,0.0,0.0,1.022918,-0.001511895,-2.853849,-0.1851455,0.1427781,0.9930722,0.1573249,0.08245001,0.9840992,-0.2253952,0.9732042,-0.04550393,-0.9614812,-0.2146523,0.1716931,moving,1.5842635408121868,6.285092949019346,-10.560812516217018,8.181584910246833,-1.0461410000000002,-0.085149055,0.048521,0.0274810429086274,0.1094343509070247,0.9936140278170504,2.2630391036668005,7.276197534119831,12.177583450659467,12.292255862534937,12.855772892737605
3648,05/05/2023 12:22:22.928371,3846,True,True,True,True,Eyes,2.001665,0.08949131,-3.079974,-0.9770467,-0.1049737,0.1853656,0.0,0.0,0.0,0.0,0.0,0.0,0.0,2.538491,0.279869,2.479494,2.073478,0.08201661,-2.892078,0.05990431,-0.6444761,0.1043429,0.7550992,13.00055,279.5779,4.731063,0.5317476,0.02477574,-0.8465401,0.0,0.0,0.0,1.02588,-0.001502365,-2.854007,-0.1810831,0.1428765,0.9917155,0.1475265,0.0803647,0.9857877,-0.2347923,0.9710481,-0.04402563,-0.9607854,-0.2249604,0.1621243,moving,1.7404377535952251,6.855277282762778,-10.347969896392677,8.19819523588541,-1.0475980000000005,-0.083518975,0.0380709999999999,0.0301547652261556,0.1193076243511176,0.992399374365879,2.415638015632589,7.863683915539548,12.046866302960858,12.1627722226927,12.767990631080266
3649,05/05/2023 12:22:22.948382,3847,True,True,True,True,Eyes,2.004405,0.08914112,-3.072012,-0.9783869,-0.1048065,0.1782548,0.0,0.0,0.0,0.0,0.0,0.0,0.0,2.549559,0.2826943,2.458743,2.077162,0.08341169,-2.881671,0.06108303,-0.6474547,0.1077656,0.7519694,13.38021,279.1165,4.892762,0.5330549,0.024734,-0.8457187,0.0,0.0,0.0,1.028696,-0.0014933,-2.854157,-0.1767157,0.1410866,0.9908797,0.138378,0.08297593,0.9868975,-0.2411699,0.9693109,-0.0476816,-0.9605668,-0.2314119,0.1541426,moving,1.838977497871865,7.234562238128302,-10.11194511311378,8.103600836388637,-1.048466,-0.08490499,0.027514,0.0318354865902948,0.1258678534680126,0.991536125168324,2.511875888359029,8.254440855975352,11.868956459243288,11.982478013292337,12.624722150951872
3650,05/05/2023 12:22:22.968376,3848,True,True,True,True,Eyes,2.007249,0.08871809,-3.063964,-0.9796453,-0.1050844,0.1710336,0.0,0.0,0.0,0.0,0.0,0.0,0.0,2.5614,0.2463848,2.441344,2.080749,0.08252157,-2.871465,0.05581101,-0.6515473,0.1041218,0.7493531,12.66939,278.5316,4.899047,0.5343832,0.02469034,-0.8448812,0.0,0.0,0.0,1.031682,-0.001483689,-2.854316,-0.1719718,0.1388242,0.9902554,0.1292896,0.08332101,0.9881001,-0.2287751,0.9720875,-0.0520363,-0.9648555,-0.2193249,0.1447425,moving,1.9370413290595088,6.4958331294544935,-9.85196097367083,7.980303812422744,-1.049067,-0.084005259,0.0171490000000003,0.0335845554865293,0.1130671436491991,0.9930196553564252,2.610279051680017,7.495390127457391,11.776179761118744,11.882096974119232,12.471670607072788
3651,05/05/2023 12:22:22.978499,3849,True,True,True,True,Eyes,2.010136,0.08829969,-3.055845,-0.9807783,-0.1056591,0.1640427,0.0,0.0,0.0,0.0,0.0,0.0,0.0,2.576598,0.2707117,2.414991,2.085964,0.08044573,-2.861224,0.05964751,-0.6549532,0.1078325,0.745554,13.30834,277.9715,4.87247,0.5357341,0.02464296,-0.8440267,0.0,0.0,0.0,1.034507,-0.001474598,-2.854467,-0.1667563,0.1397005,0.9893681,0.118817,0.0826572,0.9894696,-0.2389225,0.9696287,-0.0523096,-0.963742,-0.2301913,0.134957,moving,2.139548934525085,7.087422746453321,-9.567185330187725,8.037130401508524,-1.051457,-0.0819203279999999,0.0067569999999999,0.0370486236506676,0.1232989306947343,0.9916777197064156,2.808498804708207,8.105213549254112,11.636666502598342,11.745193560545156,12.37587140858056
3652,05/05/2023 12:22:22.998806,3850,True,True,True,True,Eyes,2.013077,0.08788934,-3.047629,-0.9818639,-0.1062172,0.1570392,0.0,0.0,0.0,0.0,0.0,0.0,0.0,2.588261,0.2865262,2.391351,2.089832,0.08030882,-2.850597,0.06257299,-0.6578922,0.1118885,0.742121,13.89212,277.4891,4.948494,0.5371068,0.02459233,-0.8431553,0.0,0.0,0.0,1.037383,-0.001465341,-2.85462,-0.1614964,0.1405334,0.9888204,0.1093175,0.08373704,0.9904737,-0.2484022,0.9671312,-0.05434771,-0.9624689,-0.2400946,0.1265248,moving,2.2731835387453128,7.62789881366537,-9.27578123053246,8.088835112062641,-1.052449,-0.081774161,-0.0040230000000001,0.0393136900080192,0.1326364132960875,0.9903848432208529,2.938950206106207,8.661989741184597,11.447385721829534,11.558159434494724,12.228171175531232
3653,05/05/2023 12:22:23.018998,3851,True,True,True,True,Eyes,2.016075,0.08747504,-3.03932,-0.982884,-0.1067469,0.1501472,0.0,0.0,0.0,0.0,0.0,0.0,0.0,2.594386,0.2721182,2.377381,2.094021,0.0801316,-2.839978,0.06081411,-0.6605293,0.1133814,0.7396941,13.87185,277.1005,5.164853,0.5385024,0.02453901,-0.8422663,0.0,0.0,0.0,1.04028,-0.001456017,-2.854774,-0.1560133,0.1412902,0.9886807,0.1016913,0.08739613,0.9909697,-0.2480742,0.9668926,-0.05981582,-0.9633889,-0.2397512,0.1200052,moving,2.284300925882816,7.569976863446064,-8.967301459841094,8.132947649126663,-1.053741,-0.081587617,-0.014796,0.039511182444447,0.1316341055739037,0.990510660465121,2.9500452063130336,8.602498330515337,11.157089838351888,11.265677625068,11.92659336959584
3654,05/05/2023 12:22:23.028428,3852,True,True,True,True,Eyes,2.019112,0.08709124,-3.030935,-0.9838582,-0.1072947,0.143216,0.0,0.0,0.0,0.0,0.0,0.0,0.0,2.601678,0.2661753,2.361315,2.09826,0.07970171,-2.829548,0.0604246,-0.6630526,0.1167306,0.7369424,14.11424,276.7162,5.438623,0.5399204,0.02448315,-0.8413596,0.0,0.0,0.0,1.043167,-0.001446725,-2.854928,-0.1509369,0.1422183,0.9880515,0.0934702,0.09191813,0.9913699,-0.2521769,0.9654456,-0.06573825,-0.9631563,-0.243856,0.1134201,moving,2.322698284588536,7.770956880323554,-8.68548121428087,8.190791265768247,-1.0550929999999998,-0.0811484349999999,-0.0253800000000001,0.0401560464080417,0.1351042820369419,0.9900173018303706,2.9874202848193336,8.80946089877081,10.907637315569009,11.016182496242989,11.68928490210138
3655,05/05/2023 12:22:23.048333,3853,True,True,True,True,Eyes,2.022186,0.08678617,-3.022481,-0.9847732,-0.1078535,0.1363434,0.0,0.0,0.0,0.0,0.0,0.0,0.0,2.609483,0.2578366,2.344759,2.102175,0.08007769,-2.81926,0.05962845,-0.6658857,0.1178853,0.7342641,14.15597,276.2809,5.545777,0.5413609,0.02442585,-0.8404351,0.0,0.0,0.0,1.045978,-0.001437679,-2.855078,-0.1452347,0.1438635,0.9878321,0.0853985,0.09370635,0.9919305,-0.2525293,0.965095,-0.06943015,-0.9638134,-0.2445623,0.1060813,moving,2.373769297919237,7.772661622629359,-8.363914562763483,8.286050128704778,-1.0561969999999998,-0.081515369,-0.0358179999999999,0.0410383551021921,0.1351289050944634,0.9899778725014658,3.037757465789493,8.81157025898235,10.6421254340109,10.749949881284866,11.413776607854835
3656,05/05/2023 12:22:23.068234,3854,True,True,True,True,Eyes,2.025275,0.08654191,-3.01397,-0.9856764,-0.1082021,0.1293613,0.0,0.0,0.0,0.0,0.0,0.0,0.0,2.618612,0.2540691,2.32606,2.106037,0.08173861,-2.808943,0.05986866,-0.6687179,0.1207285,0.7312023,14.41946,275.8352,5.717384,0.5428232,0.02436941,-0.8394931,0.0,0.0,0.0,1.04889,-0.001428306,-2.855233,-0.1399669,0.1455817,0.9877384,0.07648199,0.09648346,0.9923918,-0.2566244,0.9636808,-0.07391444,-0.9634803,-0.2490188,0.09846424,moving,2.462679966016715,8.003915100189877,-8.065366868845862,8.384398241703398,-1.057147,-0.083166916,-0.0462899999999999,0.0425508257625708,0.1391146575591661,0.9893616857237696,3.124852673890853,9.050019356839522,10.425909766074966,10.534919913223638,11.209998433700235
3657,05/05/2023 12:22:23.088122,3855,True,True,True,True,Eyes,2.028402,0.08634537,-3.005423,-0.9865603,-0.1084149,0.1222492,0.0,0.0,0.0,0.0,0.0,0.0,0.0,2.629454,0.233994,2.306953,2.109406,0.08291395,-2.798989,0.0573748,-0.6723597,0.1195338,0.7282529,14.14083,275.2828,5.737914,0.5443064,0.02431542,-0.8385336,0.0,0.0,0.0,1.05178,-0.001419002,-2.855387,-0.1344306,0.1460687,0.9877688,0.06728812,0.09694867,0.9930123,-0.2512547,0.9648396,-0.07717269,-0.9655795,-0.2443061,0.08928108,moving,2.573695758818316,7.699255984546776,-7.750066414564319,8.411789883910561,-1.057626,-0.084332952,-0.0563979999999997,0.0445003475148986,0.1338405909891912,0.9900031809309794,3.234999903276925,8.737471549942661,10.242912462961304,10.348322084778223,10.989893109350955
3658,05/05/2023 12:22:23.098570,3856,True,True,True,True,Eyes,2.031531,0.08620052,-2.996838,-0.9873985,-0.1087419,0.1149752,0.0,0.0,0.0,0.0,0.0,0.0,0.0,2.643131,0.2400716,2.282382,2.113331,0.08386779,-2.789237,0.05883759,-0.6759617,0.1201295,0.724695,14.34054,274.6907,5.601683,0.5458099,0.02426493,-0.8375573,0.0,0.0,0.0,1.054629,-0.001409835,-2.855539,-0.1293983,0.1463325,0.9882794,0.05728948,0.0945706,0.9938683,-0.2536584,0.964214,-0.07712727,-0.9655958,-0.2476845,0.07922797,moving,2.743719183568701,7.868371331954171,-7.459469457539504,8.422472367222653,-1.058702,-0.085277625,-0.0663019999999998,0.0474189749101582,0.1367437346043454,0.9894708116452076,3.402195167349692,8.912581285220671,10.112963565104636,10.218223250806624,10.872716549927649
3659,05/05/2023 12:22:23.118991,3857,True,True,True,True,Eyes,2.034672,0.0861233,-2.98824,-0.9882178,-0.1088792,0.1075682,0.0,0.0,0.0,0.0,0.0,0.0,0.0,2.659445,0.2465565,2.253738,2.116397,0.0849578,-2.779644,0.0604683,-0.6799833,0.1204831,0.7207289,14.53762,274.0243,5.420287,0.5473323,0.02421902,-0.8365644,0.0,0.0,0.0,1.057633,-0.001400165,-2.855699,-0.1251903,0.1486758,0.9882527,0.04621285,0.09143644,0.994738,-0.2559062,0.9636548,-0.07669054,-0.9655964,-0.2510155,0.06793238,moving,2.9742418390059155,8.042313085171168,-7.219684142879322,8.555593112547323,-1.058764,-0.086357965,-0.0760550000000002,0.0513780488792607,0.1397196047186235,0.98885729315779,3.629013742906576,9.09307655524702,10.09822094189422,10.206840025720895,10.862004155229904
3660,05/05/2023 12:22:23.138564,3858,True,True,True,True,Eyes,2.037805,0.08609393,-2.979629,-0.9889984,-0.1090239,0.09997938,0.0,0.0,0.0,0.0,0.0,0.0,0.0,2.67486,0.248964,2.226615,2.119694,0.08649807,-2.770214,0.06149411,-0.6839644,0.1202957,0.7168961,14.63886,273.3669,5.239779,0.5488732,0.02417908,-0.8355554,0.0,0.0,0.0,1.06037,-0.001391358,-2.855845,-0.1229965,0.1503258,0.9885339,0.03544324,0.08835944,0.9954579,-0.2565986,0.9634949,-0.07638614,-0.965868,-0.2527257,0.05682226,moving,3.17540194979806,8.123499029776998,-7.092471351248425,8.646691505554776,-1.059324,-0.0878894279999999,-0.0856309999999997,0.0548387063986478,0.1410946228724386,0.9884760725864646,3.8271079333971407,9.177973782056515,10.169686724446771,10.281194118051353,10.932496174752837
3661,05/05/2023 12:22:23.148414,3859,True,True,True,True,Eyes,2.040933,0.08608132,-2.971058,-0.9897631,-0.108913,0.0922328,0.0,0.0,0.0,0.0,0.0,0.0,0.0,2.692293,0.2463633,2.197173,2.122523,0.08759335,-2.761145,0.0617943,-0.6882952,0.1199835,0.7127661,14.67038,272.658,5.098728,0.5504298,0.02414586,-0.8345318,0.0,0.0,0.0,1.063312,-0.001381889,-2.856002,-0.1208857,0.1468242,0.9892355,0.02370759,0.08597487,0.9960154,-0.2561057,0.9635708,-0.07707835,-0.9663582,-0.2532578,0.04486258,moving,3.418914361942715,8.144871360757817,-6.967066262076774,8.442315676508912,-1.059211,-0.088975239,-0.0948570000000001,0.0590364651893016,0.1414294149141414,0.9881863900405864,4.06709014223928,9.20165196308742,10.281098823048088,10.390239008005585,11.060253123279947
3662,05/05/2023 12:22:23.168173,3860,True,True,True,True,Eyes,2.044043,0.08611712,-2.962479,-0.9904658,-0.1089216,0.08434176,0.0,0.0,0.0,0.0,0.0,0.0,0.0,2.709836,0.2406521,2.167441,2.125351,0.08801114,-2.7521,0.06144707,-0.6927984,0.1187198,0.7086328,14.5713,271.9249,4.926568,0.5520005,0.02411913,-0.8334944,0.0,0.0,0.0,1.066149,-0.001372758,-2.856153,-0.1193093,0.1412163,0.9904629,0.01187208,0.08311665,0.9964693,-0.2533984,0.9642597,-0.07741097,-0.9672893,-0.2515846,0.03250938,moving,3.661140628495513,8.030731817290992,-6.868647805397825,8.114319090704937,-1.0592020000000002,-0.089383898,-0.1040529999999999,0.0632317846583298,0.1394246622219743,0.9882117452091472,4.306123894589532,9.085956074360992,10.42619591808759,10.530120193750436,11.21693367078751
3663,05/05/2023 12:22:23.178146,3861,True,True,True,True,Eyes,2.047117,0.08622814,-2.953929,-0.9911388,-0.1087642,0.07625151,0.0,0.0,0.0,0.0,0.0,0.0,0.0,2.726111,0.2486221,2.13722,2.127895,0.08918621,-2.743229,0.06332836,-0.6968076,0.1188245,0.7045066,14.76328,271.2383,4.696225,0.5535842,0.02409959,-0.832444,0.0,0.0,0.0,1.069104,-0.001363245,-2.85631,-0.1196137,0.1532787,0.9895438,0.0006797978,0.07916995,0.996861,-0.2556807,0.9637405,-0.07636517,-0.9667612,-0.2548262,0.02089739,moving,3.8657010492281136,8.226718232029134,-6.892338399401924,8.805045318186917,-1.058791,-0.090549455,-0.1130810000000002,0.0667273845764189,0.1427715627000304,0.9875038237273528,4.507299296839154,9.288941789198663,10.653572378874502,10.773572991206947,11.409903391362182
3664,05/05/2023 12:22:23.198514,3862,True,True,True,True,Eyes,2.050148,0.08637797,-2.9454,-0.9917776,-0.1083826,0.06804617,0.0,0.0,0.0,0.0,0.0,0.0,0.0,2.741069,0.2464993,2.109415,2.129962,0.09105878,-2.734744,0.06365777,-0.7008169,0.1175583,0.7007021,14.71338,270.5691,4.478338,0.5551786,0.0240886,-0.8313817,0.0,0.0,0.0,1.071916,-0.001354194,-2.85646,-0.1212572,0.1590683,0.9891069,-0.009928515,0.07552177,0.9970947,-0.2539715,0.9642555,-0.07556336,-0.9671608,-0.2539839,0.009606754,moving,4.026857999268063,8.197043968012451,-6.989165318567817,9.136088106711242,-1.0580459999999998,-0.092412974,-0.1217160000000001,0.0695101264812521,0.1422329989179059,0.98738948416092,4.666223202603338,9.259547578906464,10.927486931297471,11.055974567333646,11.65604237383869
3665,05/05/2023 12:22:23.218344,3863,True,True,True,True,Eyes,2.053139,0.08659195,-2.936895,-0.992337,-0.1081009,0.05984531,0.0,0.0,0.0,0.0,0.0,0.0,0.0,2.755455,0.2430798,2.082232,2.131809,0.09200947,-2.726579,0.06336095,-0.7049548,0.1139742,0.6971616,14.42065,269.8846,4.120098,0.5567821,0.02408642,-0.8303089,0.0,0.0,0.0,1.074831,-0.001344813,-2.856616,-0.1223694,0.1478307,0.9911088,-0.01990259,0.06958365,0.9973776,-0.2482501,0.9659905,-0.07234769,-0.9684916,-0.2490389,-0.001951582,moving,4.163730453628666,7.929282543971088,-7.038526631259791,8.483515760412383,-1.056978,-0.093354283,-0.1300369999999997,0.0719162788673465,0.1375935538612384,0.98787451128598,4.801770653562912,8.985126946520387,11.100126283077955,11.2159590875743,11.850917836817896
3666,05/05/2023 12:22:23.238058,3864,True,True,True,True,Eyes,2.056044,0.0868889,-2.928402,-0.9928501,-0.1076488,0.05157929,0.0,0.0,0.0,0.0,0.0,0.0,0.0,2.76829,0.2604367,2.05425,2.133684,0.09370405,-2.718421,0.06655671,-0.7083278,0.1135426,0.6935056,14.66492,269.2706,3.745512,0.5583924,0.02409396,-0.8292266,0.0,0.0,0.0,1.07772,-0.001335515,-2.85677,-0.1221482,0.1613616,0.9911132,-0.02924038,0.06319688,0.9975727,-0.2517728,0.9653566,-0.0685358,-0.9673447,-0.2531656,-0.01231623,moving,4.269174399542358,8.216073097411602,-7.025899895012696,9.24710339938058,-1.055964,-0.0950395649999999,-0.1383489999999998,0.0736823305219753,0.142518135079265,0.9870458468129704,4.905032012175186,9.280807589947791,11.2083500020381,11.3420336273129,11.93097951328455
3667,05/05/2023 12:22:23.248610,3865,True,True,True,True,Eyes,2.058887,0.08721478,-2.919922,-0.9933218,-0.1069552,0.04327028,0.0,0.0,0.0,0.0,0.0,0.0,0.0,2.780313,0.2556068,2.028862,2.134647,0.09583151,-2.710324,0.06641472,-0.7119251,0.1118594,0.6901009,14.53295,268.6683,3.543216,0.5600078,0.02411261,-0.8281359,0.0,0.0,0.0,1.080639,-0.00132612,-2.856925,-0.1234263,0.172078,0.9901164,-0.03869962,0.05982397,0.9974585,-0.2489532,0.9661531,-0.06760532,-0.9677421,-0.2509368,-0.02249639,moving,4.356516419975164,8.130642602151495,-7.105742917367399,9.859282435418448,-1.0540080000000005,-0.09715763,-0.1466009999999999,0.0752030877354966,0.1410301876225158,0.9871448283143476,4.991327198794095,9.193556992940255,11.445531180194148,11.591875809792562,12.11537435492978
3668,05/05/2023 12:22:23.268202,3866,True,True,True,True,Eyes,2.061658,0.08755917,-2.911474,-0.9937087,-0.1063927,0.03497968,0.0,0.0,0.0,0.0,0.0,0.0,0.0,2.790077,0.2419165,2.007367,2.135694,0.0968072,-2.702224,0.06452595,-0.7153915,0.1086843,0.6871967,14.13384,268.1151,3.372853,0.5616262,0.02414211,-0.8270385,0.0,0.0,0.0,1.08349,-0.001316943,-2.857077,-0.1268245,0.1729574,0.9910098,-0.04719453,0.05705238,0.9972552,-0.2416976,0.9680482,-0.06681966,-0.9692033,-0.2441877,-0.03189716,moving,4.382186918971616,7.772182413978506,-7.29278818540576,9.89991596257534,-1.052204,-0.098124143,-0.1548529999999996,0.0757111616594044,0.1348463862252036,0.9879697552071464,5.017475509160659,8.825083145090614,11.721376520747077,11.867278278596824,12.35709746725752
3669,05/05/2023 12:22:23.278071,3867,True,True,True,True,Eyes,2.064332,0.08793537,-2.903059,-0.9940252,-0.1058192,0.02676046,0.0,0.0,0.0,0.0,0.0,0.0,0.0,2.798496,0.2511421,1.984984,2.136616,0.09757667,-2.694469,0.06638598,-0.7180372,0.1088524,0.684227,14.30989,267.636,3.172451,0.5632459,0.02418193,-0.8259352,0.0,0.0,0.0,1.086398,-0.001307586,-2.857232,-0.1294701,0.178778,0.991196,-0.05485245,0.05362435,0.9970535,-0.2442948,0.9674881,-0.065474,-0.9681484,-0.2471663,-0.03996893,moving,4.374151602166844,7.995859695158839,-7.441846831328376,10.224281334439455,-1.050218,-0.098884256,-0.1627630000000004,0.0755319783906395,0.1387041763115059,0.9874492368001682,5.009027962680743,9.055064566611383,11.866983107478855,12.0242954880016,12.505652761302064
3670,05/05/2023 12:22:23.298420,3868,True,True,True,True,Eyes,2.066914,0.08832214,-2.894684,-0.9942837,-0.1051474,0.01854565,0.0,0.0,0.0,0.0,0.0,0.0,0.0,2.80477,0.243184,1.966652,2.136847,0.09868889,-2.686585,0.06560934,-0.7206022,0.1081518,0.6817122,14.20087,267.2126,3.128059,0.5648645,0.02423198,-0.8248276,0.0,0.0,0.0,1.089233,-0.001298462,-2.857383,-0.1319453,0.1799089,0.9921448,-0.06192835,0.05290032,0.9966778,-0.2420132,0.9679972,-0.06641545,-0.9682948,-0.2453222,-0.04714382,moving,4.313374429745688,7.932078757104929,-7.575312459990788,10.277952029723634,-1.047614,-0.099987352,-0.170798,0.0744959111222598,0.1376156349076192,0.9876802565615096,4.94926959725605,8.989046212666084,11.95873762990613,12.11792050532511,12.59072809308319
3671,05/05/2023 12:22:23.318209,3869,True,True,True,True,Eyes,2.069386,0.08871382,-2.886305,-0.9944662,-0.1045508,0.01029932,0.0,0.0,0.0,0.0,0.0,0.0,0.0,2.812718,0.2293583,1.946971,2.137137,0.09908237,-2.679089,0.06389179,-0.7234585,0.107417,0.6789604,14.01545,266.7534,3.156115,0.5664802,0.02429157,-0.8237171,0.0,0.0,0.0,1.092136,-0.001289116,-2.857538,-0.1337815,0.1837713,0.9927636,-0.06986105,0.05341776,0.9961255,-0.23831,0.9687589,-0.06866354,-0.9686732,-0.2421835,-0.05494852,moving,4.291698390622591,7.780136939977797,-7.674754133303131,10.487358309169414,-1.045001,-0.100371486,-0.178449,0.074149185324456,0.1349994361572745,0.9880673151503798,4.928261337325394,8.83263283219929,12.105614734856031,12.268864395255823,12.71118072238122
3672,05/05/2023 12:22:23.338205,3870,True,True,True,True,Eyes,2.071747,0.08908897,-2.877973,-0.9945837,-0.1039189,0.002010965,0.0,0.0,0.0,0.0,0.0,0.0,0.0,2.821505,0.2151157,1.925284,2.136996,0.09954149,-2.671558,0.06228231,-0.7264087,0.1075438,0.6759332,13.91245,266.2729,3.242338,0.568092,0.02435999,-0.8226042,0.0,0.0,0.0,1.095052,-0.00127973,-2.857693,-0.1347102,0.1781581,0.994767,-0.07847045,0.05490008,0.9954036,-0.2358697,0.9691105,-0.07204419,-0.9686113,-0.2404389,-0.06309725,moving,4.302137911730324,7.707127460251503,-7.712015077137729,10.153757403113186,-1.041944,-0.10082122,-0.1861349999999997,0.0743420398746242,0.1337383474025586,0.9882242830473472,4.9387237094494285,8.757620157004608,12.104789353065124,12.260745088176106,12.727544580807107
3673,05/05/2023 12:22:23.348488,3871,True,True,True,True,Eyes,2.073993,0.08945383,-2.869656,-0.9946198,-0.1033983,-0.006332707,0.0,0.0,0.0,0.0,0.0,0.0,0.0,2.831843,0.2051982,1.900501,2.136543,0.09973363,-2.664317,0.0612827,-0.7295969,0.1073541,0.6726128,13.8328,265.7396,3.246663,0.569697,0.02443591,-0.8214912,0.0,0.0,0.0,1.09791,-0.001270534,-2.857845,-0.1344124,0.1807703,0.9961388,-0.08767304,0.0549921,0.9946303,-0.2338388,0.9694391,-0.07421131,-0.9683145,-0.2390894,-0.07213438,moving,4.352291073324164,7.6539469964187345,-7.684700411530196,10.28558955314821,-1.038633,-0.101004164,-0.1935280000000001,0.0752164894262872,0.1328123078350007,0.9882829699933132,4.988285482275292,8.703277271378505,12.1631348781855,12.321311072805766,12.771385344653575
3674,05/05/2023 12:22:23.369149,3872,True,True,True,True,Eyes,2.076126,0.08979455,-2.861363,-0.9945809,-0.1029157,-0.01473365,0.0,0.0,0.0,0.0,0.0,0.0,0.0,2.841991,0.1951009,1.874462,2.135912,0.09982748,-2.656407,0.06019684,-0.7329386,0.1067716,0.6691616,13.71408,265.1791,3.225025,0.5712945,0.02451839,-0.8203785,0.0,0.0,0.0,1.100836,-0.001261115,-2.858001,-0.1327601,0.1828122,0.9969409,-0.09719847,0.05465376,0.9937633,-0.2311361,0.9699523,-0.07595127,-0.9680541,-0.2370769,-0.08164542,moving,4.420228620132033,7.5599688538001875,-7.585306040015118,10.39106532059451,-1.035076,-0.1010885949999999,-0.2015939999999996,0.0764050380472116,0.1311792337422642,0.9884099186012952,5.055473630268159,8.607100660757048,12.176516317775532,12.334827509142148,12.766042479178736
3675,05/05/2023 12:22:23.378066,3873,True,True,True,True,Eyes,2.078118,0.09011368,-2.853084,-0.9944463,-0.1026712,-0.02313397,0.0,0.0,0.0,0.0,0.0,0.0,0.0,2.852431,0.1873728,1.847344,2.13519,0.09959819,-2.648621,0.05960683,-0.7362058,0.1073616,0.6655236,13.73432,264.6186,3.253891,0.5728829,0.02460615,-0.8192675,0.0,0.0,0.0,1.103798,-0.001251582,-2.858159,-0.131306,0.1828489,0.9984006,-0.1070507,0.05513765,0.9927235,-0.2306692,0.969841,-0.07874101,-0.9671255,-0.23742,-0.09110361,moving,4.503088668709798,7.587226350893836,-7.4923319285751395,10.378241202646109,-1.031392,-0.100849772,-0.2095380000000002,0.0778296391025472,0.1316348965893334,0.988238230761274,5.137085363983071,8.635711039359123,12.158240274268628,12.315838550763385,12.74906241727341
3676,05/05/2023 12:22:23.398351,3874,True,True,True,True,Eyes,2.079984,0.09039547,-2.844824,-0.9942422,-0.1024105,-0.03153668,0.9299994,1.15534,-0.004846178,-2.874153,0.3528842,-0.2495244,-0.9017817,-0.1224795,0.1439598,0.9933418,2.133786,0.09940554,-2.641284,0.05907905,-0.739354,0.1084205,0.6618991,13.79986,264.0737,3.315589,0.5744604,0.02469814,-0.8181593,0.0,0.0,0.0,1.106666,-0.001242352,-2.858312,-0.1285007,0.1820567,0.9998208,-0.1167987,0.05616625,0.9915663,-0.2308876,0.9695093,-0.08211356,-0.9659448,-0.238531,-0.1002693,moving,4.577696209164169,7.659021320690712,-7.323718241295381,10.319884279167905,-1.0271200000000005,-0.100647892,-0.217028,0.0791033628027743,0.13285975348857,0.9879731620103662,5.210457574945004,8.710067747072173,12.040013666728466,12.195239136868263,12.637130713078584
3677,05/05/2023 12:22:23.418247,3875,True,True,True,True,Eyes,2.081706,0.09062435,-2.836575,-0.9939434,-0.1024403,-0.039781,0.9272965,1.160026,-0.004368193,-2.873464,0.4855289,-0.2183004,-0.8465261,-0.1218211,0.1433723,0.9892511,2.132516,0.09879124,-2.633393,0.05816641,-0.7421873,0.1085902,0.658774,13.75823,263.5893,3.348429,0.5760258,0.02479294,-0.8170551,0.0,0.0,0.0,1.109581,-0.001232968,-2.858467,-0.1254684,0.1795739,1.001538,-0.1252673,0.05673202,0.9904997,-0.2294135,0.9696497,-0.08455146,-0.9652345,-0.2378255,-0.1084504,moving,4.588245495773442,7.612547414402909,-7.14057070785521,10.165017346281,-1.022935,-0.100024208,-0.2250740000000002,0.0792938554835846,0.1320563375700828,0.9880656018801456,5.220965617604004,8.662345939264599,11.854559952699068,12.003342546626078,12.452533946274242
3678,05/05/2023 12:22:23.438086,3876,True,True,True,True,Eyes,2.083283,0.09080655,-2.828342,-0.9935793,-0.1024752,-0.04794774,0.9245495,1.16467,-0.003936887,-2.872673,0.5924532,-0.1901669,-0.7828383,-0.1218433,0.1464163,0.9840084,2.130782,0.09778512,-2.62602,0.05810456,-0.7444167,0.1102354,0.6559846,13.90741,263.1922,3.4325,0.5775781,0.02488887,-0.8159556,0.0,0.0,0.0,1.112425,-0.001223817,-2.858619,-0.1228755,0.1813161,1.002345,-0.1326161,0.05811746,0.9894621,-0.2311335,0.9689441,-0.08789078,-0.9638414,-0.2403536,-0.1150647,moving,4.536027577419608,7.757809489304424,-6.988906646249615,10.25346484253708,-1.018357,-0.099008937,-0.232599,0.0783665730064024,0.1345708494274741,0.9878002553625091,5.169151619761128,8.811374341417144,11.642657309065324,11.79204835904352,12.243284110610702
3679,05/05/2023 12:22:23.448916,3877,True,True,True,True,Eyes,2.084706,0.09094306,-2.820112,-0.9931414,-0.1026715,-0.05593631,0.9221491,1.168882,-0.003735356,-2.871694,0.6842531,-0.1772928,-0.7073648,-0.1231639,0.1467281,0.9793987,2.128828,0.09686799,-2.618114,0.05706246,-0.746473,0.1110135,0.6536039,13.906,262.8419,3.53946,0.5791157,0.02498456,-0.8148621,0.0,0.0,0.0,1.115345,-0.001214418,-2.858775,-0.120565,0.178081,1.003542,-0.1390916,0.05992658,0.9884647,-0.2303089,0.9688398,-0.09114464,-0.9631259,-0.2403296,-0.1209559,moving,4.438884722069953,7.744291247987359,-6.850650662191924,10.062528874063544,-1.013483,-0.098082408,-0.2406610000000002,0.076693952853139,0.1343553250050524,0.9879609467591184,5.073428809432201,8.796794287576615,11.382520329707017,11.525095873070052,11.99106981420078
3680,05/05/2023 12:22:23.468530,3878,True,True,True,True,Eyes,2.085975,0.09104136,-2.811898,-0.9926463,-0.1028497,-0.06383705,0.9230967,1.169667,-0.003898837,-2.870826,0.7366386,-0.1882062,-0.6495705,-0.1240142,0.1483499,0.9777379,2.126623,0.09592019,-2.610771,0.05621473,-0.7483445,0.1122096,0.651329,13.95569,262.5187,3.664934,0.5806374,0.02507881,-0.8137756,0.0,0.0,0.0,1.118114,-0.001205507,-2.858922,-0.118307,0.1711799,1.005228,-0.1452209,0.06203477,0.9874527,-0.2303067,0.9684979,-0.09471428,-0.9622213,-0.2411714,-0.126359,moving,4.32579724962627,7.783393707403911,-6.712360065669998,9.664172776057264,-1.008509,-0.097125697,-0.248151,0.0747366893819716,0.1350496552554552,0.9880161560025666,4.961865242521799,8.836219993257213,11.06451142328898,11.197242822334124,11.703548280627214
3681,05/05/2023 12:22:23.488370,3879,True,True,True,True,Eyes,2.087067,0.09110954,-2.803658,-0.9920877,-0.1030477,-0.07171492,0.9174717,1.176855,-0.003433831,-2.869455,0.8281754,-0.158482,-0.5375956,-0.1260386,0.1476188,0.969754,2.124129,0.09512205,-2.602888,0.05482484,-0.7502333,0.1129677,0.6491399,13.92681,262.2009,3.804446,0.582142,0.02517076,-0.8126971,0.0,0.0,0.0,1.121041,-0.001196085,-2.859078,-0.1167037,0.1729835,1.005333,-0.1512233,0.06440087,0.9863996,-0.2289265,0.9684651,-0.0983263,-0.9616258,-0.2406823,-0.1317116,moving,4.204455377788318,7.74269290328338,-6.621521887559485,9.763047006655285,-1.003088,-0.096318135,-0.2561899999999997,0.0726508749446206,0.1343685333095482,0.9882645447162456,4.84235327561009,8.79351569914015,10.881289305208078,11.01288402067502,11.504800072708273
3682,05/05/2023 12:22:23.499013,3880,True,True,True,True,Eyes,2.087995,0.09113856,-2.795456,-0.9914791,-0.1031573,-0.07954659,0.9153417,1.180453,-0.003285594,-2.868269,0.8811842,-0.1492179,-0.4486072,-0.1270451,0.145713,0.9651663,2.121226,0.0943955,-2.595646,0.05315929,-0.7522743,0.1129772,0.6469109,13.81327,261.8607,3.908481,0.5836285,0.02525987,-0.8116274,0.0,0.0,0.0,1.123946,-0.001186737,-2.859233,-0.1152204,0.1679498,1.005793,-0.1573611,0.06619161,0.9853204,-0.2261531,0.9688205,-0.101201,-0.9612973,-0.2387583,-0.1374851,moving,4.096773877813476,7.623816188668979,-6.535131548817047,9.479926502259808,-0.9972800000000002,-0.0955822369999999,-0.2635870000000002,0.070812952168808,0.1323353420797143,0.9886722294585356,4.736490678730591,8.670507854288452,10.669479898963614,10.792708580195882,11.300647157938778
3683,05/05/2023 12:22:23.518897,3881,True,True,True,True,Eyes,2.088748,0.09111886,-2.787291,-0.9908131,-0.1032309,-0.0873657,0.9129329,1.184202,-0.003124028,-2.86705,0.9239901,-0.139082,-0.356228,-0.1276237,0.143692,0.9603934,2.118148,0.09346783,-2.588293,0.0520376,-0.7545497,0.1124537,0.6444387,13.69621,261.4702,3.919382,0.5850957,0.02534538,-0.8105677,0.0,0.0,0.0,1.126758,-0.001177685,-2.859383,-0.1147014,0.1595047,1.006804,-0.163982,0.06640916,0.9842256,-0.223469,0.9692925,-0.1026338,-0.9608182,-0.2367739,-0.1441061,moving,4.027274830074905,7.506503578930292,-6.499470443293446,9.002365625845588,-0.9913900000000002,-0.094645515,-0.2710899999999996,0.0696323922482621,0.1303216311839568,0.989023551680266,4.668261213341279,8.549374854735804,10.519508825573842,10.632495911769002,11.176915092873884
3684,05/05/2023 12:22:23.538128,3882,True,True,True,True,Eyes,2.089327,0.09107356,-2.779177,-0.9900934,-0.103224,-0.09518425,0.910877,1.187473,-0.002950788,-2.865878,0.9548164,-0.1281235,-0.2681603,-0.1275048,0.1418844,0.9557241,2.114711,0.09225945,-2.58134,0.05117308,-0.756959,0.1117071,0.6418068,13.57994,261.0507,3.888368,0.5865421,0.02542634,-0.8095191,0.0,0.0,0.0,1.129754,-0.001168043,-2.859542,-0.1146529,0.1612448,1.005796,-0.1709309,0.06591693,0.9830757,-0.2208606,0.9698057,-0.103429,-0.9602101,-0.2348019,-0.1512114,moving,3.981519639810691,7.395384316853978,-6.503200960980338,9.10790784062376,-0.984957,-0.093427493,-0.2782019999999998,0.0688598786987577,0.1284101924850902,0.9893277090626528,4.6234217072184745,8.434776886261412,10.510404275512174,10.62365769855734,11.146965384453136
3685,05/05/2023 12:22:23.548875,3883,True,True,True,True,Eyes,2.089714,0.09099483,-2.771119,-0.9893278,-0.1030336,-0.1030269,0.9086935,1.190718,-0.00263118,-2.864739,0.9774255,-0.1074721,-0.1819039,-0.1268039,0.1398012,0.9510702,2.111045,0.0915816,-2.574425,0.05009277,-0.759581,0.1111686,0.6388809,13.46726,260.5934,3.888357,0.5879663,0.02550252,-0.8084828,0.0,0.0,0.0,1.132573,-0.001158968,-2.859693,-0.1156215,0.157892,1.005089,-0.1786436,0.06594791,0.9817011,-0.218146,0.9702646,-0.1048764,-0.9594261,-0.2328897,-0.1589454,moving,3.9771841588276,7.293613392078926,-6.562236719781739,8.927777488301256,-0.9784719999999998,-0.092740568,-0.2852679999999998,0.0688006794024722,0.1266532144554263,0.9895581794352852,4.619387986382487,8.330081912115968,10.55536938489002,10.665359100838966,11.19758773447628
3686,05/05/2023 12:22:23.568679,3884,True,True,True,True,Eyes,2.089923,0.09088872,-2.763116,-0.9885117,-0.1026853,-0.1109063,0.9095214,1.190851,-0.002505712,-2.863987,0.9863049,-0.09911354,-0.1318295,-0.1252435,0.1343535,0.9495507,2.106804,0.09066018,-2.567789,0.04758446,-0.7626107,0.1090776,0.6358167,13.1133,260.0861,3.893406,0.5893666,0.02557349,-0.8074604,0.0,0.0,0.0,1.135419,-0.001149809,-2.859844,-0.1154282,0.1540298,1.004544,-0.1869463,0.06612986,0.9801421,-0.2112835,0.9716756,-0.1058575,-0.9593804,-0.2268775,-0.167679,moving,4.003366609408811,6.956220203121194,-6.554884617473935,8.71744136120274,-0.971385,-0.091809989,-0.2920549999999999,0.069303651353816,0.1208196955845484,0.9902522225779428,4.645991291774015,7.983277665341619,10.60064926737229,10.70413793528676,11.224910577224728
3687,05/05/2023 12:22:23.588279,3885,True,True,True,True,Eyes,2.089932,0.09073358,-2.755165,-0.9876245,-0.1022604,-0.1189143,0.9043698,1.196754,-0.001747668,-2.862708,0.9984152,-0.04980776,-0.02619607,-0.1241876,0.130081,0.9421808,2.102654,0.08986381,-2.561043,0.04539068,-0.7655742,0.1079231,0.6326045,12.8662,259.5796,3.943461,0.5907413,0.02563902,-0.8064531,0.0,0.0,0.0,1.138373,-0.001140302,-2.860002,-0.1147426,0.1515493,1.003375,-0.1955025,0.06704538,0.9784087,-0.2060451,0.9725845,-0.1078176,-0.9588139,-0.222675,-0.1763282,moving,4.034793774869887,6.727405370827494,-6.52381342784722,8.58900741049287,-0.9642809999999996,-0.091004112,-0.298959,0.0698801567539467,0.1168593930855541,0.9906869329372524,4.677508518244636,7.748175731777234,10.62223721152407,10.721462037210964,11.2328362959642
3688,05/05/2023 12:22:23.598801,3886,True,True,True,True,Eyes,2.089756,0.09054562,-2.747281,-0.9866723,-0.1018013,-0.1269422,0.902162,1.199618,-0.001295619,-2.861804,0.9988152,-0.02028053,0.04423426,-0.122526,0.1259909,0.9371955,2.097812,0.08850224,-2.554549,0.04258779,-0.7686694,0.1067429,0.6292374,12.57372,259.0538,4.045774,0.5920888,0.0256983,-0.8054625,0.0,0.0,0.0,1.141301,-0.001130879,-2.860158,-0.11308,0.1494777,1.00195,-0.2044933,0.06886133,0.976443,-0.1998051,0.9735845,-0.1105043,-0.9582591,-0.2176956,-0.1853327,moving,4.086051549627538,6.450200889786799,-6.439150256381885,8.485191729536803,-0.956511,-0.089633119,-0.305609,0.0708058384202022,0.1120576435530049,0.9911759037510848,4.7286869921327845,7.463446497968578,10.625582625004954,10.720124102597437,11.214479574529712
3689,05/05/2023 12:22:23.618491,3887,True,True,True,True,Eyes,2.089383,0.09031921,-2.739486,-0.9856459,-0.1014099,-0.1349752,0.8997667,1.202531,-0.0009260103,-2.860932,0.9935949,0.003717973,0.1129385,-0.1212224,0.1248743,0.931963,2.093157,0.08751908,-2.548191,0.04142534,-0.7714545,0.1066064,0.6259209,12.49427,258.5557,4.084388,0.5934078,0.02575104,-0.8044896,0.0,0.0,0.0,1.144175,-0.001121627,-2.860311,-0.1117545,0.146797,1.000635,-0.2130141,0.06953888,0.9745713,-0.1973699,0.973838,-0.1126261,-0.9569066,-0.216342,-0.1937164,moving,4.117666771615585,6.388263845164104,-6.372589809846126,8.345976768444913,-0.9489820000000002,-0.088640707,-0.3121199999999997,0.0713614201919736,0.1109817097507769,0.9912571414264004,4.759996369714567,7.399968767141745,10.57996401081125,10.67136931395786,11.172708095348924
3690,05/05/2023 12:22:23.638321,3888,True,True,True,True,Eyes,2.088823,0.09003214,-2.731775,-0.9845622,-0.1009181,-0.1430134,0.897491,1.205187,-0.0005409196,-2.860128,0.983876,0.02879136,0.1765196,-0.1200859,0.1221022,0.9265189,2.087865,0.08637933,-2.542181,0.040121,-0.7742504,0.1054587,0.6227401,12.31421,258.0588,4.06277,0.5946966,0.02579682,-0.8035359,0.0,0.0,0.0,1.147075,-0.001112294,-2.860466,-0.1100775,0.1469352,0.998841,-0.2211704,0.06921928,0.9727757,-0.1934741,0.9745375,-0.1133329,-0.9558513,-0.2132727,-0.2021466,moving,4.133162211379468,6.236123709436513,-6.288916341321079,8.368514823038677,-0.9407899999999998,-0.087491624,-0.3182850000000004,0.071650447948508,0.1083469348701646,0.9915276981350694,4.775628867784713,7.243610644652836,10.548383189137578,10.637989153032176,11.121581276729303
3691,05/05/2023 12:22:23.652154,3889,True,True,True,True,Eyes,2.088083,0.08967607,-2.724169,-0.9833811,-0.1006586,-0.1510947,0.8949777,1.207979,-0.0004111156,-2.859396,0.9710857,0.03679715,0.2358785,-0.1189834,0.119971,0.9209713,2.082738,0.08459934,-2.536427,0.03934624,-0.7769839,0.1041291,0.6196006,12.15583,257.565,3.982475,0.5959543,0.0258346,-0.8026024,0.0,0.0,0.0,1.150046,-0.001102733,-2.860624,-0.108236,0.1477005,0.9962062,-0.2290937,0.06789412,0.9710336,-0.1901797,0.975218,-0.1130554,-0.9546453,-0.2105712,-0.2105042,moving,4.136930066896048,6.096927223945568,-6.2007602311463685,8.433406997879421,-0.932692,-0.0857020729999999,-0.3241969999999998,0.0717343906665981,0.1059371294701872,0.9917820585968312,4.779670871806431,7.10048243752828,10.510043361778298,10.598442264419914,11.061037704043889
3692,05/05/2023 12:22:23.668638,3890,True,True,True,True,Eyes,2.087159,0.08930743,-2.716658,-0.9821318,-0.1004737,-0.1591292,0.8952418,1.207913,-0.0006408691,-2.859117,0.9668279,0.02148568,0.2545233,-0.1175607,0.1217552,0.9177089,2.077521,0.08262844,-2.530966,0.03983784,-0.7794856,0.1042282,0.6164021,12.21619,257.0895,3.894815,0.5971792,0.02586317,-0.8016904,0.0,0.0,0.0,1.152743,-0.00109405,-2.860768,-0.1081474,0.1471442,0.9941245,-0.2369228,0.06638691,0.9692577,-0.190599,0.9750988,-0.1133765,-0.9526487,-0.211601,-0.21837,moving,4.140274874379462,6.173555867838439,-6.208596545133065,8.419439716697513,-0.924778,-0.08372249,-0.3298020000000004,0.0717820175122679,0.1072630857694747,0.9916359773871904,4.782787319420447,7.179313311542758,10.500794778333052,10.589765527157306,11.061122581308345
3693,05/05/2023 12:22:23.688361,3891,True,True,True,True,Eyes,2.086056,0.08891928,-2.709265,-0.9808022,-0.1003349,-0.167212,0.889897,1.213243,-0.0003684163,-2.858066,0.9378102,0.03840894,0.3450168,-0.1171879,0.1213171,0.9088734,2.071913,0.08154301,-2.525687,0.03986105,-0.7818441,0.1041985,0.6134115,12.23,256.6452,3.843074,0.5983704,0.0258831,-0.8008011,0.0,0.0,0.0,1.155783,-0.001084268,-2.860929,-0.1088799,0.1502023,0.9905374,-0.244275,0.06550293,0.9674914,-0.1901634,0.9751075,-0.1140316,-0.9508775,-0.2118365,-0.2257381,moving,4.109001692067221,6.20102747539438,-6.272771244079533,8.622482984005773,-0.91613,-0.082627278,-0.335242,0.0712370342894995,0.1077427514305937,0.991623257637018,4.751896305414629,7.207347979497642,10.567768959024594,10.66042476066942,11.115120406808638
3694,05/05/2023 12:22:23.698087,3892,True,True,True,True,Eyes,2.084764,0.08845837,-2.701962,-0.9794377,-0.09994799,-0.1752489,0.8872524,1.215756,-0.0002207309,-2.857452,0.9169971,0.04765492,0.3960371,-0.1159924,0.1197625,0.9033374,2.066477,0.08126646,-2.52063,0.03723264,-0.7843199,0.1052189,0.6102336,12.15117,256.2061,4.106816,0.5995259,0.02589464,-0.799936,0.0,0.0,0.0,1.158615,-0.001075153,-2.86108,-0.1110852,0.1507025,0.9873639,-0.2524574,0.07001157,0.9650717,-0.1868208,0.9750854,-0.1196093,-0.9494014,-0.2104917,-0.2330879,moving,4.102891341391397,6.128197155316788,-6.419174175188672,8.678145575287534,-0.907862,-0.082341613,-0.3404499999999997,0.071140995377982,0.1064829200452313,0.991766269013426,4.746044884717863,7.132404147584637,10.7321613458419,10.826638429342449,11.27170941858497
3695,05/05/2023 12:22:23.718517,3893,True,True,True,True,Eyes,2.083319,0.08805298,-2.694756,-0.977939,-0.1002807,-0.1832457,0.8845581,1.218275,-0.0006511733,-2.856847,0.8946466,0.01834006,0.4463977,-0.116348,0.1145388,0.8976293,2.060594,0.07900771,-2.515457,0.03449983,-0.7866837,0.1030866,0.6077103,11.77828,255.8012,4.159893,0.6006452,0.02589653,-0.7990959,0.0,0.0,0.0,1.161461,-0.001065993,-2.861232,-0.1131728,0.1520747,0.9837382,-0.2589962,0.0710127,0.9632644,-0.1795745,0.9763659,-0.1202613,-0.9490385,-0.2041249,-0.240123,moving,4.013761834710115,5.738155462305734,-6.562662798798822,8.787712457020072,-0.899133,-0.080073703,-0.3457750000000001,0.0696470420813764,0.0997395805188504,0.992573019323626,4.6591081216815855,6.730650228326429,10.91328692857528,11.007295575767277,11.40875311348518
3696,05/05/2023 12:22:23.738366,3894,True,True,True,True,Eyes,2.081648,0.08773973,-2.687672,-0.9764409,-0.1000592,-0.1911841,0.8816476,1.220771,-0.0004772469,-2.856229,0.8666231,0.02931316,0.4981014,-0.116399,0.1261568,0.8905353,2.055365,0.08003853,-2.510559,0.03649728,-0.787868,0.1105145,0.6047468,12.60831,255.5125,4.475818,0.6017283,0.02589134,-0.798281,0.0,0.0,0.0,1.164431,-0.001056433,-2.86139,-0.1160515,0.1519723,0.9800664,-0.2658987,0.07615644,0.9609882,-0.1911766,0.972909,-0.1299984,-0.9448543,-0.2182848,-0.244136,moving,3.9415075429748647,6.571612660991972,-6.753055464777312,8.814272960511692,-0.8909340000000001,-0.0810949629999999,-0.3508309999999999,0.0682885155596786,0.1141778106940613,0.9911105594120292,4.585922464086791,7.587302585583142,10.82378865695573,10.927177272554111,11.405168862065112
3697,05/05/2023 12:22:23.748905,3895,True,True,True,True,Eyes,2.079822,0.08739199,-2.680681,-0.9749131,-0.09959319,-0.199062,0.8787312,1.223135,-0.0001236573,-2.855603,0.8335903,0.0522654,0.5499049,-0.1175257,0.1111106,0.8850454,2.048231,0.08185586,-2.506376,0.02942405,-0.7901884,0.1067496,0.6027778,11.78132,255.172,4.816232,0.6027731,0.02588248,-0.7974927,0.0,0.0,0.0,1.167236,-0.001047407,-2.86154,-0.118187,0.1501895,0.9764125,-0.2715864,0.08219144,0.9588979,-0.1751936,0.9754775,-0.1332322,-0.9463338,-0.2041769,-0.250527,moving,3.7865312959776927,5.7614039109519215,-6.901625353820757,8.744568231745173,-0.880995,-0.082903267,-0.3551640000000002,0.0657071933079546,0.1001691561408756,0.9927984391585244,4.435069973892904,6.75297514289071,11.000345943480443,11.096664450882736,11.510304252493832
3698,05/05/2023 12:22:23.768353,3896,True,True,True,True,Eyes,2.077824,0.08709247,-2.673796,-0.9733068,-0.09956554,-0.2067859,0.8758025,1.225399,-0.0001072884,-2.8549,0.7929525,0.05274362,0.6069962,-0.1194426,0.1040408,0.8798585,2.042545,0.08063915,-2.501353,0.02636905,-0.7920744,0.1037513,0.6009647,11.30614,254.8573,4.851328,0.6037787,0.02586931,-0.796732,0.0,0.0,0.0,1.170339,-0.001037417,-2.861705,-0.1199518,0.1482639,0.9724485,-0.2762923,0.08292929,0.957489,-0.1664743,0.9770806,-0.1326638,-0.9465457,-0.1960513,-0.2561542,moving,3.608177349417524,5.299474399225598,-7.031930025459878,8.668815149220828,-0.872206,-0.081676567,-0.3603520000000002,0.062665008214149,0.0921799198006074,0.9937684797032028,4.26035319779479,6.276667095780958,11.06848988033883,11.160839665477637,11.542878007835611
3699,05/05/2023 12:22:23.788315,3897,True,True,True,True,Eyes,2.075646,0.08680892,-2.667022,-0.9716593,-0.09921668,-0.2145562,0.8751372,1.22531,-1.928955e-05,-2.854789,0.7868869,0.05859845,0.6143088,-0.1202156,0.112942,0.8750139,2.03658,0.08149696,-2.496942,0.02906427,-0.7931501,0.1088117,0.5985218,11.96998,254.5951,4.934564,0.6047451,0.02585367,-0.7959993,0.0,0.0,0.0,1.173147,-0.001028381,-2.861855,-0.1209739,0.1464967,0.9684206,-0.2818542,0.08414766,0.9557603,-0.176357,0.9746306,-0.1378168,-0.9431102,-0.2073992,-0.2598636,moving,3.4848120193530723,5.993734825377656,-7.120433175131124,8.602131683604753,-0.8634329999999999,-0.0825253409999999,-0.3649129999999996,0.0604528860452399,0.1042287411249929,0.992714423143662,4.13711488189558,6.989808252179172,10.824694594428076,10.92130760509652,11.372421690378424
3700,05/05/2023 12:22:23.798657,3898,True,True,True,True,Eyes,2.073348,0.0864474,-2.660347,-0.9699567,-0.09897605,-0.2222338,0.869417,1.230052,0.0003959537,-2.853561,0.6905828,0.08496292,0.7182456,-0.1215885,0.1013782,0.8667606,2.029751,0.08164565,-2.492709,0.02490888,-0.7953807,0.1045669,0.596502,11.30651,254.23,4.980083,0.6056719,0.02583627,-0.7952948,0.0,0.0,0.0,1.176056,-0.001019018,-2.86201,-0.1213996,0.1442778,0.9643284,-0.2871295,0.08512468,0.9541017,-0.1643728,0.9768906,-0.1366246,-0.9436831,-0.1960574,-0.2665019,moving,3.3421016336313603,5.351504060302828,-7.175236982555993,8.50917967149163,-0.8536950000000001,-0.082664668,-0.3693010000000001,0.0580443625427956,0.093108382515942,0.9939626760060956,3.9979571607907936,6.328320717887076,10.89061328440648,10.981135043020018,11.384042038767957
3701,05/05/2023 12:22:23.818682,3899,True,True,True,True,Eyes,2.070925,0.08603814,-2.65379,-0.9681191,-0.09937145,-0.2299362,0.8666282,1.231926,-7.996708e-05,-2.853059,0.6471146,0.05268808,0.76057,-0.1218266,0.1042165,0.8612891,2.024513,0.07942299,-2.488357,0.02599959,-0.7971202,0.1052267,0.5940127,11.45772,253.8778,4.891062,0.6065588,0.02581499,-0.7946193,0.0,0.0,0.0,1.178878,-0.001009935,-2.86216,-0.1211152,0.1381431,0.9603911,-0.2929462,0.08356237,0.9524705,-0.1664615,0.9765028,-0.1368684,-0.9415272,-0.1986448,-0.2721529,moving,3.242066792798394,5.493966901650011,-7.187643997714748,8.185308001051835,-0.8456349999999997,-0.080432925,-0.3738029999999996,0.056295577000841,0.0955891050115464,0.9938276832246052,3.899016150167532,6.474136839591253,10.685509211784826,10.77135943542298,11.217938312294978
3702,05/05/2023 12:22:23.829104,3900,True,True,True,True,Eyes,2.068372,0.08562326,-2.647325,-0.9662217,-0.09984975,-0.2375829,0.8636488,1.233896,-0.000611864,-2.852514,0.589964,0.01663389,0.8072581,-0.1215449,0.1143109,0.854511,2.018729,0.07806468,-2.483901,0.02899413,-0.7986071,0.1102829,0.5909516,12.1466,253.5262,4.931133,0.6074067,0.02578873,-0.7939722,0.0,0.0,0.0,1.181779,-0.0010006,-2.862315,-0.1208253,0.1338508,0.9563036,-0.299871,0.08403391,0.9502714,-0.1766536,0.973994,-0.1418772,-0.9374811,-0.2104137,-0.2772277,moving,3.2047813033626955,6.160092852098289,-7.200947134462471,7.967747393479769,-0.8369500000000001,-0.07906528,-0.3784140000000002,0.0555830262890805,0.107141002220239,0.9926889307986424,3.860693869939935,7.158943806287622,10.474999306724529,10.561571817809147,11.0911705853319
3703,05/05/2023 12:22:23.848755,3901,True,True,True,True,Eyes,2.065732,0.08521494,-2.640981,-0.964231,-0.1006815,-0.2451973,0.8606525,1.235864,-0.001436874,-2.852011,0.5236544,-0.03899939,0.8510377,-0.1213627,0.1150037,0.8490072,2.012948,0.07755131,-2.479628,0.02872641,-0.8005618,0.11173,0.5880411,12.27935,253.137,5.014558,0.6082158,0.02575783,-0.7933536,0.0,0.0,0.0,1.184636,-0.0009914038,-2.862467,-0.1200891,0.1293539,0.9516091,-0.3067654,0.08540916,0.9479455,-0.1773982,0.9733824,-0.145109,-0.9351072,-0.2126782,-0.2834485,moving,3.1577762217229437,6.245841838223688,-7.1924682972921286,7.740871663134863,-0.8283120000000002,-0.0785427138,-0.3828390000000001,0.0547597000632681,0.1086314871967832,0.9925726557632624,3.814158448375109,7.246803240377915,10.374535488072594,10.457661104700968,11.017710103501676
3704,05/05/2023 12:22:23.868543,3902,True,True,True,True,Eyes,2.062983,0.08482608,-2.634723,-0.962159,-0.1016212,-0.2528305,0.8596985,1.235816,-0.002537504,-2.852081,0.5205112,-0.1123684,0.8464286,-0.1204783,0.1202348,0.8457938,2.007719,0.07749324,-2.475119,0.03004744,-0.8024641,0.1154215,0.5846593,12.73125,252.7222,5.101871,0.6089867,0.02572286,-0.7927631,0.0,0.0,0.0,1.187624,-0.0009817855,-2.862626,-0.1197024,0.1279531,0.946568,-0.3145415,0.08674049,0.9452723,-0.1831885,0.97155,-0.1501082,-0.9313998,-0.2203782,-0.289703,moving,3.164320838797703,6.641247431248546,-7.207331273566712,7.698340643227856,-0.8200949999999998,-0.0784750255,-0.3875070000000002,0.0548304623206178,0.1154782791440612,0.9917955730634836,3.819677838024763,7.653497673443514,10.340140204826715,10.425383139181312,11.02710029151184
3705,05/05/2023 12:22:23.888223,3903,True,True,True,True,Eyes,2.060143,0.08440868,-2.628519,-0.9599687,-0.1025278,-0.2606683,0.8550718,1.2393,-0.003259942,-2.851409,0.3785622,-0.1617609,0.9113309,-0.1189591,0.1208793,0.8394488,2.002239,0.07761315,-2.470855,0.03019056,-0.8049462,0.1171782,0.5808781,12.92753,252.2153,5.152401,0.6097206,0.02568478,-0.7922,0.0,0.0,0.0,1.19043,-0.0009727568,-2.862776,-0.1194274,0.1248366,0.941252,-0.3233383,0.087529,0.9422265,-0.1847361,0.9707156,-0.1535703,-0.9280759,-0.2237184,-0.2976997,moving,3.221922051693181,6.778443709564545,-7.23113123817881,7.554946723041068,-0.8118089999999998,-0.0785859068,-0.3919210000000004,0.0558118758138952,0.117846393816289,0.9914620917413086,3.87613263875825,7.794996756123671,10.397384784411624,10.481854798213996,11.109857553105437
3706,05/05/2023 12:22:23.898345,3904,True,True,True,True,Eyes,2.057239,0.0840148,-2.622376,-0.957674,-0.1038705,-0.268461,0.852717,1.240614,-0.004557364,-2.851298,0.2745416,-0.2488458,0.9288179,-0.1172409,0.1212517,0.8359252,1.997168,0.07648268,-2.46623,0.03116699,-0.8076661,0.1174935,0.5769745,13.04734,251.6563,5.019528,0.6104178,0.02564307,-0.7916642,0.0,0.0,0.0,1.19341,-0.0009631642,-2.862935,-0.1191198,0.1226034,0.9357407,-0.3322583,0.08523647,0.9393293,-0.1859265,0.9704478,-0.1538259,-0.9246815,-0.2257561,-0.3065915,moving,3.3005898458595757,6.819767874355196,-7.254732847037271,7.464534792821079,-0.803758,-0.0774458442,-0.3967049999999998,0.0571682759123707,0.118552338343997,0.9913006662308,3.953578880632693,7.838044547806019,10.490940753253676,10.574996999069604,11.214533486583068
3707,05/05/2023 12:22:23.920986,3905,True,True,True,True,Eyes,2.054243,0.08368806,-2.616303,-0.9552735,-0.1049767,-0.2764642,0.8502815,1.241991,-0.005571686,-2.851375,0.160052,-0.3171625,0.934768,-0.1163849,0.1292237,0.8318359,1.99262,0.07675067,-2.461535,0.03473862,-0.8095286,0.1221436,0.573182,13.74378,251.197,4.947715,0.6110804,0.02559877,-0.7911542,0.0,0.0,0.0,1.196184,-0.0009542367,-2.863083,-0.1186466,0.1241349,0.9298153,-0.340511,0.0837772,0.9365006,-0.1962648,0.9677483,-0.1579343,-0.9195282,-0.2375805,-0.3130865,moving,3.3288785164253425,7.456536616498366,-7.271777738817589,7.604301575506242,-0.7964360000000001,-0.0777049066999999,-0.401548,0.0575778043871944,0.1295587744160964,0.989898652206643,3.979962867057533,8.493116827709002,10.5103278181246,10.601686069910375,11.286791360455252
3708,05/05/2023 12:22:23.938219,3906,True,True,True,True,Eyes,2.051181,0.083442,-2.610288,-0.9528028,-0.1059493,-0.2845024,0.8483678,1.242854,-0.006441996,-2.85165,0.03704217,-0.3757445,0.9259827,-0.1153389,0.1252191,0.8294553,1.987216,0.07804489,-2.45698,0.03295915,-0.8122802,0.1222161,0.5693663,13.65524,250.6626,5.055352,0.6117101,0.02555404,-0.7906688,0.0,0.0,0.0,1.199174,-0.0009446132,-2.863242,-0.1187966,0.1240209,0.9235415,-0.3494717,0.08562734,0.9330262,-0.1927156,0.9679539,-0.1610158,-0.9169136,-0.2360791,-0.3217708,moving,3.37859392362328,7.301616139189417,-7.329796869493541,7.648401453546473,-0.7880420000000001,-0.0789895032,-0.4062619999999999,0.0584571621527332,0.12687525100473,0.9901946658812226,4.029332873471405,8.334137939023153,10.622185455700665,10.714004546963883,11.379809446780063
3709,05/05/2023 12:22:23.949239,3907,True,True,True,True,Eyes,2.04806,0.08325867,-2.604326,-0.9502423,-0.1066715,-0.2926786,0.8470206,1.243185,-0.007094257,-2.852231,-0.1350544,-0.4197988,0.8975128,-0.1142152,0.1204837,0.8285158,1.982466,0.07973261,-2.452325,0.03084891,-0.815118,0.1218637,0.5654914,13.50653,250.1143,5.165014,0.6123074,0.02551142,-0.7902078,0.0,0.0,0.0,1.202002,-0.0009355122,-2.863393,-0.1183027,0.1223456,0.9179305,-0.3585359,0.0875347,0.929403,-0.1881167,0.9683952,-0.1637769,-0.9143655,-0.2335561,-0.3307377,moving,3.428280650588252,7.100383635203735,-7.343787089345386,7.591875406904195,-0.780464,-0.0806681222,-0.4110679999999997,0.0593421165439445,0.1233902869970149,0.9905823291369472,4.078783735614529,8.12752995956308,10.693413879898818,10.783274435688272,11.435123525830829
3710,05/05/2023 12:22:23.968279,3908,True,True,True,True,Eyes,2.044887,0.08312846,-2.598413,-0.9475627,-0.1073263,-0.3010083,0.8432109,1.245892,-0.007370263,-2.852226,0.0453704,-0.4381711,0.8977458,-0.1111655,0.1178803,0.8251643,1.977688,0.08106934,-2.447502,0.0289216,-0.8185904,0.1227281,0.560367,13.49388,249.4174,5.322188,0.6128737,0.02547256,-0.78977,0.0,0.0,0.0,1.204852,-0.0009263376,-2.863544,-0.1193422,0.1174859,0.9120322,-0.3703047,0.09019566,0.9245211,-0.1848954,0.9682027,-0.1685146,-0.9103231,-0.2333414,-0.3418533,moving,3.634515929352277,7.0221434941458325,-7.4549710659273725,7.340287679569343,-0.7728359999999999,-0.0819956776,-0.416042,0.0629181226715563,0.1220107098500436,0.9905325326778748,4.282256228296171,8.04850327498101,11.006460747897853,11.09404964569725,11.75857448357795
3711,05/05/2023 12:22:23.978339,3909,True,True,True,True,Eyes,2.041685,0.08307143,-2.592551,-0.944723,-0.1080975,-0.3095376,0.0,0.0,0.0,0.0,0.0,0.0,0.0,2.993519,-0.1367524,0.9416814,1.973098,0.08220056,-2.442693,0.02795705,-0.8223429,0.1223923,0.554969,13.43414,248.6528,5.301434,0.6134114,0.02543862,-0.7893535,0.0,0.0,0.0,1.207772,-0.0009169401,-2.8637,-0.1201559,0.1291855,0.9047379,-0.3824557,0.08986735,0.9195932,-0.1818285,0.968477,-0.1702664,-0.9059063,-0.2323276,-0.3540591,moving,3.866794717393804,6.89560965612248,-7.565034660277447,8.126206594507766,-0.765326,-0.0831175001,-0.4210070000000003,0.0669514759756422,0.1197913876223425,0.9905390781615871,4.51151385864581,7.919991296008735,11.395206367726148,11.497873357493146,12.078309024000111
3712,05/05/2023 12:22:23.998850,3910,True,True,True,True,Eyes,2.038432,0.08309254,-2.586735,-0.941744,-0.1087949,-0.3182482,0.0,0.0,0.0,0.0,0.0,0.0,0.0,2.999486,-0.1396795,0.8994892,1.968829,0.08396161,-2.437657,0.02948474,-0.8258303,0.1251508,0.5490649,13.83253,247.8734,5.243192,0.6139213,0.02541136,-0.7889578,0.0,0.0,0.0,1.210629,-0.0009077433,-2.863852,-0.1221044,0.1136358,0.8991067,-0.3953169,0.0887331,0.914249,-0.1861307,0.9669358,-0.1743287,-0.8994889,-0.2390848,-0.3657301,moving,4.143074024623407,7.232342045654176,-7.733816480364467,7.203274771507314,-0.7582,-0.0848693533,-0.4261949999999999,0.0716754346081001,0.1255694418966437,0.989492271794356,4.783051626495946,8.26822517395602,11.78376772251658,11.87692607427938,12.562090055568582
3713,05/05/2023 12:22:24.019364,3911,True,True,True,True,Eyes,2.03516,0.08315938,-2.580977,-0.9386747,-0.109271,-0.3270314,0.0,0.0,0.0,0.0,0.0,0.0,0.0,3.004959,-0.1533882,0.8549507,1.964143,0.08584458,-2.432902,0.02834853,-0.8298697,0.1247941,0.5430831,13.76363,247.0344,5.227596,0.6144057,0.02539246,-0.7885813,0.0,0.0,0.0,1.213504,-0.0008984911,-2.864006,-0.1249399,0.1064559,0.8936051,-0.4085145,0.08849598,0.9084519,-0.1825983,0.9672456,-0.1763345,-0.894301,-0.237917,-0.3789747,moving,4.432827657121287,7.107992440165496,-7.959245801137377,6.793674449689533,-0.7506390000000001,-0.0867430711,-0.4311039999999999,0.0766997808496106,0.1233753839531391,0.9893914992049848,5.068957627024399,8.142360336720477,12.306958791187554,12.396059067059005,13.097825704575651
3714,05/05/2023 12:22:24.038288,3912,True,True,True,True,Eyes,2.031857,0.08325541,-2.575252,-0.9354373,-0.1098107,-0.3360042,0.8271832,1.258079,-0.007578127,-2.853189,-0.101739,-0.4550485,0.8846356,-0.09569299,0.1095502,0.813158,1.959856,0.0870217,-2.427812,0.02738188,-0.8341206,0.1240903,0.5367444,13.67456,246.1415,5.168407,0.6148646,0.02538251,-0.7882237,0.0,0.0,0.0,1.216442,-0.0008890341,-2.864162,-0.1267481,0.1149502,0.8859938,-0.4223114,0.08752994,0.9022149,-0.1788891,0.9677037,-0.1776184,-0.8886236,-0.2364067,-0.3930141,moving,4.7548529031274365,6.959446621977384,-8.141354723608652,7.392349085015248,-0.743414,-0.0879107341,-0.43635,0.0822860329113717,0.1207559017113126,0.9892659781236878,5.386731087074795,7.991836323509357,12.801846234892183,12.903471459045056,13.541362215461636
3715,05/05/2023 12:22:24.048671,3913,True,True,True,True,Eyes,2.028549,0.08337368,-2.569576,-0.9321019,-0.1103264,-0.3449842,0.8219446,1.262413,-0.007308476,-2.853134,-0.01102951,-0.4378096,0.899,-0.09122372,0.1092426,0.8089828,1.955579,0.08781336,-2.422807,0.0278774,-0.8381943,0.1246795,0.5301964,13.80229,245.242,5.049562,0.6152993,0.02538153,-0.7878846,0.0,0.0,0.0,1.219692,-0.0008785748,-2.864335,-0.1290025,0.103308,0.8796579,-0.4362292,0.0854759,0.8957667,-0.1789426,0.9673557,-0.1794503,-0.8818636,-0.2385723,-0.4066935,moving,5.0955962291335135,7.033641534856977,-8.342999416286977,6.698197610892301,-0.735887,-0.0886919348,-0.4415279999999999,0.0881545482656898,0.12197536980233,0.9886105145869466,5.722430292642681,8.070517116362518,13.34848784945763,13.442781540560697,14.13221757976911
3716,05/05/2023 12:22:24.068311,3914,True,True,True,True,Eyes,2.025215,0.08351039,-2.563921,-0.9286106,-0.1108651,-0.3541062,0.8176838,1.265905,-0.007142209,-2.853468,0.2217836,-0.4267441,0.8767562,-0.08744755,0.1085352,0.8060859,1.951421,0.0885074,-2.41744,0.02795822,-0.8421673,0.1249779,0.5237874,13.87432,244.3623,4.953781,0.6157127,0.02538926,-0.7875614,0.0,0.0,0.0,1.222217,-0.0008704474,-2.86447,-0.1299171,0.1066225,0.8736927,-0.4497303,0.08383273,0.8892216,-0.1780147,0.9671977,-0.1812163,-0.875245,-0.2397929,-0.4200547,moving,5.40283505275364,7.052858278990906,-8.457841816162006,6.957778541919359,-0.729204,-0.0893778474,-0.4470299999999998,0.0934513540676837,0.1222476349747725,0.988090217477534,6.025233328503982,8.0924228140738,13.758966101886276,13.861002973121924,14.527452745418744
3717,05/05/2023 12:22:24.088526,3915,True,True,True,True,Eyes,2.021855,0.08366831,-2.558257,-0.9249871,-0.1114212,-0.3632962,0.8123927,1.270402,-0.006849453,-2.853396,0.1389753,-0.4085188,0.9021077,-0.08424041,0.1078107,0.8020065,1.947246,0.08907129,-2.412244,0.02823059,-0.8459311,0.1251756,0.5176241,13.9459,243.5167,4.836389,0.6161054,0.02540544,-0.7872536,0.0,0.0,0.0,1.225048,-0.0008613383,-2.864621,-0.1304177,0.1173487,0.8662148,-0.4625368,0.08182559,0.8828164,-0.1773501,0.9670682,-0.1825542,-0.8686813,-0.2410056,-0.4327928,moving,5.666889048039667,7.077336807696359,-8.562168477672678,7.715060785966289,-0.7221980000000001,-0.0899326283,-0.4523770000000002,0.0979995854772344,0.1226158778387116,0.9876038556316104,6.285456257771877,8.119438763269262,14.124108629646468,14.243341249246663,14.85313037151134
3718,05/05/2023 12:22:24.098442,3916,True,True,True,True,Eyes,2.018476,0.0838322,-2.552605,-0.9212054,-0.1118547,-0.3726514,0.8077558,1.274367,-0.006519094,-2.853616,0.2114548,-0.3870449,0.8974871,-0.08125097,0.106975,0.7989417,1.943316,0.08966199,-2.40684,0.02815187,-0.8496674,0.1252854,0.5114455,13.98679,242.6732,4.747675,0.6164793,0.02542989,-0.7869601,0.0,0.0,0.0,1.228008,-0.00085181,-2.864779,-0.1310058,0.1188195,0.8598477,-0.4752623,0.08031382,0.876171,-0.1759927,0.9670221,-0.1841055,-0.8620629,-0.2416981,-0.4454544,moving,5.917794310126505,7.077594049059373,-8.662923403561313,7.8676868170546275,-0.715308,-0.0905137999999999,-0.4579390000000001,0.1023240963742754,0.1225666708262116,0.9871712715263634,6.532775425169418,8.121453009605291,14.477065099068293,14.602108602126206,15.197817612209002
3719,05/05/2023 12:22:24.118638,3917,True,True,True,True,Eyes,2.01509,0.08399522,-2.546967,-0.9173439,-0.112285,-0.3819323,0.8033954,1.2781,-0.006214023,-2.853809,0.2509346,-0.3673145,0.8956069,-0.07777038,0.1038756,0.7963177,1.939236,0.08992845,-2.401464,0.02714968,-0.8537112,0.1240682,0.5050221,13.84282,241.7803,4.664461,0.6168373,0.02546216,-0.7866784,0.0,0.0,0.0,1.230759,-0.0008429566,-2.864925,-0.1308819,0.1247357,0.8538522,-0.4884315,0.07895842,0.8690228,-0.1716704,0.9677399,-0.1844145,-0.8555491,-0.2392593,-0.4591199,moving,6.203310791178372,6.88887883994059,-8.714696552426508,8.31130970267971,-0.708477,-0.0907714065999999,-0.4634610000000001,0.1072857142234251,0.1192518536973127,0.9870505583752154,6.814656490213,7.929362810530483,14.851288055233471,14.98566824212794,15.534049354606784
3720,05/05/2023 12:22:24.138250,3918,True,True,True,True,Eyes,2.011677,0.08416419,-2.541338,-0.9133139,-0.1125778,-0.3913873,0.7991291,1.281821,-0.005800031,-2.854107,0.3156529,-0.3403803,0.8857226,-0.07438484,0.1020295,0.7939012,1.93533,0.09004187,-2.39589,0.02624988,-0.8576806,0.1233978,0.4984657,13.75915,240.8845,4.605536,0.6171793,0.02550136,-0.7864077,0.0,0.0,0.0,1.233622,-0.0008337401,-2.865078,-0.1297901,0.1263825,0.8482447,-0.5016858,0.07799108,0.8615271,-0.1680471,0.9681678,-0.1855024,-0.8485704,-0.2378411,-0.47261,moving,6.488464803454145,6.767070708023001,-8.699367784169505,8.47432856151255,-0.701708,-0.0908756100999999,-0.4691879999999999,0.1122258826311839,0.1170888850964597,0.9867601551754408,7.096022611518169,7.806079637159453,15.145401688742105,15.283487432127025,15.809519738976308
3721,05/05/2023 12:22:24.148450,3919,True,True,True,True,Eyes,2.008234,0.08431421,-2.535696,-0.9091769,-0.1127447,-0.4008566,0.795,1.285438,-0.005317792,-2.854377,0.3659742,-0.3088511,0.8778803,-0.0709013,0.09872376,0.7914116,1.930994,0.09032181,-2.390463,-0.02458891,0.8617584,-0.1221708,-0.4917746,13.57676,239.9703,4.589576,0.6175066,0.02554707,-0.7861483,0.0,0.0,0.0,1.236496,-0.0008244918,-2.865231,-0.1286423,0.1277832,0.8431624,-0.5151064,0.07778158,0.8535897,-0.1625404,0.9689394,-0.186379,-0.8415736,-0.2347478,-0.4864642,moving,6.785129131976104,6.5479583482346735,-8.674788209685657,8.617728792149757,-0.6944980000000001,-0.0911463018,-0.4747680000000001,0.1173862025456847,0.1132464275320099,0.9866082012320804,7.388963844485292,7.582805696130171,15.457916754274452,15.597852220787274,16.09705550318306
3722,05/05/2023 12:22:24.168297,3920,True,True,True,True,Eyes,2.004774,0.08445533,-2.530048,-0.9048589,-0.1128474,-0.4104822,0.7925761,1.287605,-0.004984796,-2.855386,0.5104532,-0.2866907,0.8107071,-0.06728217,0.09485745,0.7909201,1.926799,0.08992587,-2.384746,-0.02241287,0.8659688,-0.1201013,-0.4849447,13.28211,239.0311,4.57718,0.6178206,0.0255981,-0.7858993,0.0,0.0,0.0,1.239591,-0.0008145312,-2.865396,-0.1282994,0.136513,0.8373029,-0.5286525,0.07766727,0.8452777,-0.1553027,0.9701467,-0.1862699,-0.8345104,-0.2297459,-0.5008086,moving,7.084607991930465,6.218851830009996,-8.711637320794903,9.25996975583374,-0.6872079999999998,-0.0907404012,-0.4806500000000002,0.1226200437050226,0.1075089759243399,0.9866133721424458,7.684938570461215,7.246429583593962,15.93416125831696,16.086322271375913,16.51974712224569
3723,05/05/2023 12:22:24.188111,3921,True,True,True,True,Eyes,2.001266,0.08459677,-2.524363,-0.9004906,-0.1129662,-0.4199466,0.7871698,1.292427,-0.004326835,-2.854932,0.4451602,-0.2440495,0.8615522,-0.06398314,0.09315194,0.7872886,1.92266,0.08988512,-2.378986,-0.02110632,0.86989,-0.1195618,-0.4780699,13.19063,238.113,4.571334,0.6181222,0.02565369,-0.7856596,0.0,0.0,0.0,1.242298,-0.0008058164,-2.86554,-0.1276216,0.1330182,0.8331034,-0.5420076,0.07759739,0.8367835,-0.1510381,0.970519,-0.1878306,-0.8266895,-0.2281917,-0.5143085,moving,7.389660890883098,6.091874753223319,-8.709331587387439,9.071610966482242,-0.6803620000000001,-0.0906909364,-0.4865540000000004,0.1279022520117644,0.1052514395975268,0.9861860769019848,7.985931398906966,7.117969253548447,16.224560574532497,16.372427636609604,16.80917969813063
3724,05/05/2023 12:22:24.198517,3922,True,True,True,True,Eyes,1.997724,0.08470689,-2.518666,-0.8959582,-0.1128814,-0.4295539,0.7834751,1.295763,-0.003732912,-2.855211,0.4803906,-0.2050151,0.8527565,-0.06127402,0.09091543,0.7852969,1.918169,0.08996671,-2.372983,-0.01885062,0.8737134,-0.1189113,-0.4713065,13.03567,237.2201,4.659893,0.6184126,0.0257135,-0.7854287,0.0,0.0,0.0,1.245211,-0.0007964423,-2.865695,-0.1269044,0.1284065,0.8296456,-0.55503,0.07914726,0.8280566,-0.1450274,0.9710095,-0.19002,-0.8190904,-0.2255577,-0.5274609,moving,7.663169386651298,5.9040260882027145,-8.69667880842012,8.798015467200923,-0.672958,-0.0907631523,-0.492712,0.1326542705917686,0.1019533654380457,0.9859047699387764,8.255974033423794,6.926686500600827,16.47333909033968,16.61384385058244,17.055624013131713
3725,05/05/2023 12:22:24.218422,3923,True,True,True,True,Eyes,1.99417,0.08479434,-2.512955,-0.8914398,-0.112974,-0.4388302,0.7801206,1.298739,-0.003339,-2.855295,0.481895,-0.1794035,0.8576664,-0.05865768,0.0872271,0.7836413,1.913612,0.08925112,-2.36693,-0.01586415,0.8775333,-0.1171155,-0.4647232,12.72609,236.3411,4.763908,0.6186923,0.02577618,-0.785206,0.0,0.0,0.0,1.248103,-0.0007871339,-2.865849,-0.1239851,0.1261409,0.826272,-0.5675616,0.08100992,0.8193361,-0.1366952,0.9720646,-0.1908006,-0.8119042,-0.2202904,-0.540633,moving,7.925138800603568,5.54810769298222,-8.533769863544666,8.679910408419211,-0.6655090000000001,-0.0900382539,-0.4989189999999999,0.1372454049249258,0.0957666004687398,0.9858967710636516,8.51503850866238,6.562474553482884,16.621594549361987,16.754219249585827,17.179796317535523
3726,05/05/2023 12:22:24.238346,3924,True,True,True,True,Eyes,1.990579,0.08488229,-2.507227,-0.8867588,-0.1129988,-0.4482078,0.7768396,1.30171,-0.002899677,-2.855412,0.4875223,-0.1507227,0.8600027,-0.05637571,0.08818407,0.7819946,1.909286,0.08885452,-2.360537,-0.01447444,0.8809252,-0.1178928,-0.4581077,12.76609,235.4948,4.853303,0.6189625,0.0258408,-0.7849905,0.0,0.0,0.0,1.25105,-0.0007776505,-2.866006,-0.1205816,0.1230026,0.8232645,-0.5798558,0.08251344,0.8105302,-0.133517,0.9717836,-0.1944478,-0.8037044,-0.2209712,-0.5524774,moving,8.17723800481582,5.549992385069001,-8.33272743809084,8.497610275495955,-0.658236,-0.0896321705,-0.5054690000000002,0.1415823443747264,0.0957399844975842,0.9852859611754746,8.763530721702905,6.566170852425666,16.643225025706233,16.771028893718395,17.20501384222937
3727,05/05/2023 12:22:24.248935,3925,True,True,True,True,Eyes,1.986977,0.08492922,-2.501492,-0.8820928,-0.1130502,-0.4573095,0.7738733,1.304349,-0.002557315,-2.855391,0.4729348,-0.1285344,0.8716717,-0.05434498,0.08649643,0.7805277,1.904601,0.08895615,-2.354411,-0.01249987,0.8842866,-0.1175084,-0.451744,12.6571,234.6696,4.942398,0.619224,0.02590725,-0.7847819,0.0,0.0,0.0,1.253925,-0.0007683943,-2.86616,-0.1166631,0.1258373,0.8200219,-0.5915421,0.08406051,0.80188,-0.1282744,0.9720711,-0.1965287,-0.7960048,-0.2191157,-0.5642381,moving,8.407942329040779,5.401505028127476,-8.0970347011548,8.724324992150533,-0.650676,-0.0897245443,-0.511749,0.1455846623355831,0.0931315383474427,0.9849526166165572,8.99128811724444,6.415070135399382,16.70716989737836,16.83613373909206,17.243649113202604
3728,05/05/2023 12:22:24.268346,3926,True,True,True,True,Eyes,1.983341,0.08495302,-2.495718,-0.8772443,-0.1132475,-0.4664948,0.7709983,1.306987,-0.002360635,-2.855385,0.4561213,-0.1160402,0.8823197,-0.05229604,0.08477963,0.7794355,1.900049,0.08809586,-2.347904,-0.009908669,0.8877274,-0.116716,-0.4452185,12.47695,233.8248,5.072953,0.6194773,0.0259741,-0.7845795,0.0,0.0,0.0,1.256819,-0.0007590801,-2.866314,-0.1124453,0.1218146,0.817417,-0.6033648,0.08633582,0.7927783,-0.1215206,0.9725584,-0.1984008,-0.7881522,-0.2160469,-0.5763159,moving,8.64377348186751,5.16538316967114,-7.832547951826648,8.476057287864773,-0.6432300000000002,-0.0888549401,-0.5184099999999998,0.1496940673636023,0.0890164354377749,0.9847170745873526,9.224305573170616,6.173878816584912,16.686661946898003,16.80564581036048,17.211515850930624
3729,05/05/2023 12:22:24.278425,3927,True,True,True,True,Eyes,1.979663,0.08496229,-2.489894,-0.8723587,-0.1136717,-0.4754672,0.7699565,1.307985,-0.00255996,-2.855983,0.5227761,-0.1293516,0.8425992,-0.04999703,0.08775321,0.7796773,1.895348,0.08762944,-2.341233,-0.008622065,0.8907416,-0.1188693,-0.4386058,12.66951,233.0126,5.228756,0.6197236,0.02604066,-0.7843828,0.0,0.0,0.0,1.259606,-0.0007501114,-2.866462,-0.1077159,0.1182423,0.8154039,-0.6151011,0.08891346,0.7834188,-0.1196336,0.9715915,-0.2042002,-0.7793192,-0.219327,-0.5869899,moving,8.895556231067022,5.285016351276421,-7.525273863813144,8.250988334625404,-0.635742,-0.0883795514,-0.525229,0.1539920077048827,0.0910115073105243,0.983871628934642,9.47220839987638,6.298669529804625,16.572306480411733,16.686541007978054,17.10923586897138
3730,05/05/2023 12:22:24.298123,3928,True,True,True,True,Eyes,1.975952,0.08495177,-2.484019,-0.8672984,-0.1141132,-0.4845324,0.7658945,1.311693,-0.00244689,-2.85512,0.3675225,-0.1231365,0.9218268,-0.04797304,0.08915126,0.7772456,1.890567,0.08738102,-2.334355,-0.006343477,0.8938928,-0.1206619,-0.4316899,12.7792,232.167,5.462503,0.6199633,0.02610659,-0.784191,0.0,0.0,0.0,1.262578,-0.0007405449,-2.866621,-0.1028152,0.1179867,0.8127548,-0.6272073,0.09283631,0.7732999,-0.1155178,0.9708009,-0.2102408,-0.7702383,-0.2211945,-0.5981693,moving,9.1696556905814,5.304407216650914,-7.209741317138704,8.259863583517395,-0.6279890000000001,-0.0881215649,-0.5322659999999999,0.1586931529710732,0.0912756828321221,0.9830997999339584,9.74234522977341,6.320523202129557,16.53122312239866,16.643898842307408,17.062657454478778
3731,05/05/2023 12:22:24.318665,3929,True,True,True,True,Eyes,1.9722,0.08490433,-2.478089,-0.8621947,-0.1147219,-0.493416,0.7639054,1.313565,-0.002732337,-2.855012,0.3159062,-0.1426776,0.9380012,-0.04614103,0.08963861,0.7770708,1.885806,0.08693833,-2.327278,-0.004196839,0.8969427,-0.1215678,-0.4250853,12.80577,231.3484,5.639497,0.6201976,0.0261714,-0.7840035,0.0,0.0,0.0,1.265488,-0.0007311785,-2.866776,-0.09855583,0.1172217,0.8105033,-0.6385697,0.09582469,0.7635746,-0.110882,0.9704074,-0.2145106,-0.7615339,-0.2216467,-0.6090475,moving,9.40914952775182,5.24051027770403,-6.933032602342903,8.22952683442678,-0.6203180000000001,-0.0876695084999999,-0.539498,0.1628183213289997,0.0901179022987684,0.9825319954223252,9.978567211898712,6.256479491815131,16.503794954538133,16.613281937942006,17.026306824829742
3732,05/05/2023 12:22:24.338106,3930,True,True,True,True,Eyes,1.968407,0.08484095,-2.472103,-0.8569248,-0.115383,-0.5023611,0.7620319,1.315403,-0.00308454,-2.854918,0.2469273,-0.1667884,0.9545725,-0.04455495,0.09197114,0.7767457,1.880939,0.08608023,-2.320132,-0.002685135,0.8997922,-0.1232038,-0.4185542,12.94193,230.5498,5.788987,0.620427,0.02623412,-0.7838199,0.0,0.0,0.0,1.268318,-0.000722072,-2.866927,-0.0947198,0.1165761,0.8081966,-0.6496102,0.09830284,0.7538853,-0.1079671,0.9696272,-0.2194679,-0.752562,-0.2239634,-0.6192663,moving,9.630559354363069,5.289125024298955,-6.684511752181844,8.207861081431009,-0.6126209999999999,-0.086802302,-0.5467949999999999,0.1666021242836566,0.0908932831801844,0.9818259354866066,10.196698493822849,6.3080205831278295,16.465786757089234,16.57409319941273,16.987779527907897
3733,05/05/2023 12:22:24.348670,3931,True,True,True,True,Eyes,1.964547,0.08478519,-2.466041,-0.8515943,-0.1160819,-0.511187,0.760608,1.316818,-0.003507599,-2.854854,0.1489365,-0.1956451,0.9692991,-0.04326704,0.09330896,0.777019,1.875919,0.08567883,-2.312831,-0.001107529,0.902567,-0.1244411,-0.4121726,13.03497,229.7668,5.925974,0.6206522,0.02629454,-0.7836396,0.0,0.0,0.0,1.271195,-0.0007128133,-2.86708,-0.09107363,0.1156268,0.8062704,-0.6602252,0.1005831,0.7443023,-0.1045816,0.9690264,-0.2237198,-0.743751,-0.2255457,-0.6292565,moving,9.834227327696802,5.294905698013144,-6.44462440250296,8.161112299231803,-0.6047239999999998,-0.0863916433,-0.554249,0.1700904494523026,0.0909373630949087,0.9812235439835096,10.397442388186088,6.315385908704178,16.423103479987237,16.529251463230185,16.942901749426543
3734,05/05/2023 12:22:24.368279,3932,True,True,True,True,Eyes,1.960634,0.08470324,-2.459922,-0.8460873,-0.1165958,-0.5201364,0.7597882,1.317787,-0.003884859,-2.855115,0.213526,-0.2207539,0.9516692,-0.04182047,0.09362159,0.7780792,1.870836,0.0858115,-2.305559,0.001526767,0.9053512,-0.1255975,-0.4056627,13.07233,228.9791,6.168309,0.6208736,0.02635322,-0.7834622,0.0,0.0,0.0,1.274335,-0.0007027049,-2.867247,-0.08717403,0.1123336,0.8043898,-0.6708711,0.104665,0.7341509,-0.09913591,0.9684459,-0.2286584,-0.734918,-0.226181,-0.6393263,moving,10.035527422092224,5.237229848410184,-6.185169077147468,7.949980855038857,-0.596501,-0.0865142049,-0.5616879999999997,0.1735532876018063,0.0898944618236145,0.9807132182753212,10.596001765190724,6.257473837483056,16.34556515786909,16.445972544802927,16.86630590390845
3735,05/05/2023 12:22:24.389289,3933,True,True,True,True,Eyes,1.956686,0.0845446,-2.453727,-0.8405313,-0.1172311,-0.5289271,0.7593745,1.318408,-0.004477695,-2.855381,-0.1387128,-0.2616006,0.9551565,-0.03989834,0.09056588,0.7797534,1.865411,0.08510274,-2.298091,0.004979381,0.908553,-0.1243023,-0.3988178,12.82058,228.1155,6.370793,0.6210915,0.02640961,-0.7832876,0.0,0.0,0.0,1.277086,-0.0006938526,-2.867394,-0.08305797,0.1102337,0.8029844,-0.6818392,0.108196,0.7234563,-0.09009989,0.9690483,-0.2298422,-0.7259321,-0.2218987,-0.6509867,moving,10.27620292719213,4.8791081290109215,-5.905478781718142,7.816705073877663,-0.588325,-0.0857965926,-0.5693030000000001,0.1777675772173303,0.0836989213533354,0.9805065289205772,10.834081817721811,5.890847422246258,16.354568178078026,16.446163648066126,16.849979725705005
3736,05/05/2023 12:22:24.398403,3934,True,True,True,True,Eyes,1.952693,0.08439101,-2.447472,-0.8348144,-0.118173,-0.5376989,0.0,0.0,0.0,0.0,0.0,0.0,0.0,2.912434,-0.452458,-0.1630857,1.86051,0.08315502,-2.290235,0.005720299,0.9112786,-0.1260476,-0.3919829,13.01726,227.2848,6.437766,0.6213068,0.02646157,-0.7831151,0.0,0.0,0.0,1.279948,-0.0006846394,-2.867546,-0.07895413,0.1065598,0.8013505,-0.6926332,0.1092426,0.7129693,-0.08839146,0.9681585,-0.2342135,-0.7158533,-0.2252445,-0.6609227,moving,10.522046857806904,4.977517502076261,-5.626982355131879,7.574485318787723,-0.580562,-0.0838396594,-0.5773109999999999,0.1819480338057924,0.0853165718682851,0.9795999402799184,11.076180702957844,5.99376942194244,16.26829483826557,16.356508990655225,16.777792432011804
3737,05/05/2023 12:22:24.418761,3935,True,True,True,True,Eyes,1.948656,0.08424371,-2.441185,-0.8290246,-0.1188839,-0.5464293,0.0,0.0,0.0,0.0,0.0,0.0,0.0,2.898751,-0.4667405,-0.1958797,1.855271,0.08322068,-2.282546,0.005844854,0.9133284,-0.1301201,-0.3858312,13.48405,226.5791,6.559459,0.62152,0.02650977,-0.7829443,0.0,0.0,0.0,1.282848,-0.0006753051,-2.867701,-0.07484236,0.1020708,0.8000667,-0.7022001,0.1110853,0.7032601,-0.08973227,0.9660692,-0.2421951,-0.7063023,-0.2331745,-0.6684058,moving,10.68663637784995,5.364434719189895,-5.344190078133908,7.270398273775911,-0.5724229999999999,-0.0838959851,-0.5851549999999999,0.184653010879388,0.0918826455919341,0.9784993581985956,11.237506502296474,6.392836243247956,16.054918841169588,16.143732342097415,16.604902185887184
3738,05/05/2023 12:22:24.438111,3936,True,True,True,True,Eyes,1.944568,0.08405859,-2.43484,-0.8230923,-0.1193968,-0.5552147,0.0,0.0,0.0,0.0,0.0,0.0,0.0,2.883793,-0.4845681,-0.2320666,1.849668,0.08329941,-2.275238,0.009494175,0.9159705,-0.1286681,-0.3799376,13.20865,225.8441,6.793652,0.621731,0.02655485,-0.7827753,0.0,0.0,0.0,1.28575,-0.0006659678,-2.867856,-0.07089403,0.1001409,0.7986203,-0.7111149,0.1151644,0.69358,-0.08037887,0.9667088,-0.2429266,-0.6984663,-0.2284979,-0.6781842,moving,10.787330447740771,4.999230190298517,-5.072885373722569,7.147151114812472,-0.5639180000000001,-0.0839653778,-0.5926180000000003,0.18647689897189,0.0856138194487335,0.9787218876345044,11.337622172924377,6.01794945966931,15.92514663528818,16.004999537686995,16.449311666952344
3739,05/05/2023 12:22:24.448604,3937,True,True,True,True,Eyes,1.940449,0.0838478,-2.428438,-0.8171294,-0.1200411,-0.563817,0.0,0.0,0.0,0.0,0.0,0.0,0.0,2.868769,-0.4967386,-0.2696853,1.844155,0.08219603,-2.26752,0.01243391,0.9186763,-0.1270021,-0.3738313,12.9471,225.0739,6.942494,0.62194,0.02659599,-0.782608,0.0,0.0,0.0,1.288556,-0.0006569363,-2.868005,-0.06762481,0.09737877,0.7972554,-0.7201915,0.1178002,0.6837015,-0.07210925,0.9674317,-0.2426441,-0.690018,-0.2240513,-0.6882417,moving,10.92168680035276,4.649301394335213,-4.848338164107445,6.963756344510159,-0.555599,-0.0828529663,-0.6004849999999999,0.1888659326557933,0.0795978065520041,0.9787715669126976,11.470883090661763,5.65900751269464,15.867498367471372,15.93895821865681,16.371296585067263
3740,05/05/2023 12:22:24.468710,3938,True,True,True,True,Eyes,1.936272,0.08363101,-2.421983,-0.8110081,-0.1207109,-0.5724463,0.0,0.0,0.0,0.0,0.0,0.0,0.0,2.852999,-0.5114017,-0.3048449,1.838888,0.08149115,-2.259627,0.01330205,0.9208947,-0.1300426,-0.3672397,13.28183,224.3085,7.08326,0.6221477,0.02663279,-0.7824417,0.0,0.0,0.0,1.29151,-0.0006474291,-2.868163,-0.06487903,0.09328685,0.7958747,-0.7299163,0.1200132,0.6729186,-0.07101405,0.9658239,-0.2492812,-0.6798379,-0.229741,-0.696448,moving,11.12490461260668,4.89322283438452,-4.660398183576614,6.685304557449111,-0.5473780000000001,-0.0821385791,-0.608536,0.1922713080379634,0.0837075456650516,0.9777652156485293,11.670622120162502,5.911281903567021,15.815105859836995,15.88670328511659,16.349352746511464
3741,05/05/2023 12:22:24.488110,3939,True,True,True,True,Eyes,1.932079,0.08339979,-2.415492,-0.80478,-0.1214495,-0.5810156,0.0,0.0,0.0,0.0,0.0,0.0,0.0,2.837602,-0.519278,-0.3411298,1.833099,0.0811438,-2.251925,0.01413177,0.9232978,-0.1305499,-0.3609411,13.34838,223.536,7.104451,0.6223539,0.02666558,-0.7822766,0.0,0.0,0.0,1.294395,-0.0006381433,-2.868316,-0.06240663,0.09386765,0.7945032,-0.7390436,0.1203373,0.6628223,-0.06814601,0.9655141,-0.2512743,-0.670202,-0.2308714,-0.7053565,moving,11.287218826693376,4.888221775104304,-4.491246828319091,6.73805168130973,-0.5387040000000001,-0.0817819433,-0.6163910000000001,0.1950426221039607,0.0835755836672984,0.9772274322137562,11.830628614377186,5.907270540986948,15.815051826005012,15.886530430156864,16.3430050868868
3742,05/05/2023 12:22:24.498551,3940,True,True,True,True,Eyes,1.927853,0.08319602,-2.408963,-0.7984169,-0.1223798,-0.5895368,0.0,0.0,0.0,0.0,0.0,0.0,0.0,2.823508,-0.5224063,-0.3725662,1.82783,0.0806753,-2.244201,0.01347924,0.9252985,-0.1322381,-0.3551819,13.60013,222.838,7.025517,0.6225591,0.02669432,-0.7821124,0.0,0.0,0.0,1.297254,-0.0006289412,-2.868469,-0.06047228,0.09185117,0.7931317,-0.7473284,0.1188818,0.6537336,-0.06899256,0.9646627,-0.2542947,-0.6608635,-0.2351443,-0.7127179,moving,11.389556025698822,5.087589657663261,-4.36007760981931,6.605895340606772,-0.5305760000000002,-0.0813042412,-0.6242680000000003,0.1967308127436575,0.0869455539134745,0.9765948280529592,11.93103361823452,6.113021019656177,15.749708761882182,15.82264869735477,16.29856527860885
3743,05/05/2023 12:22:24.519215,3941,True,True,True,True,Eyes,1.923595,0.08298664,-2.402412,-0.7919465,-0.1230337,-0.5980666,0.0,0.0,0.0,0.0,0.0,0.0,0.0,2.807786,-0.5352082,-0.4022424,1.822604,0.08119848,-2.236835,0.01399941,0.927114,-0.134932,-0.3493666,13.91091,222.1653,7.115659,0.6227635,0.02672035,-0.7819488,0.0,0.0,0.0,1.300143,-0.0006196413,-2.868623,-0.05851126,0.08993082,0.792082,-0.755494,0.1202396,0.6440274,-0.06832337,0.9631948,-0.2599766,-0.6515833,-0.2404128,-0.7194726,moving,11.488660066145274,5.332345627569822,-4.224777550227216,6.477467801595568,-0.5224609999999998,-0.0818181213,-0.6317879999999998,0.1983460392589054,0.0910863251552821,0.9758905360303024,12.02814471702748,6.3654276314561695,15.679601473755296,15.755107950029268,16.25330843936546
3744,05/05/2023 12:22:24.538099,3942,True,True,True,True,Eyes,1.919308,0.08277226,-2.395806,-0.7852887,-0.1239073,-0.6066042,0.0,0.0,0.0,0.0,0.0,0.0,0.0,2.790916,-0.5451716,-0.4399357,1.817194,0.08087692,-2.229625,0.01609812,0.9296532,-0.1338989,-0.342866,13.76381,221.3593,7.20094,0.6229669,0.02674378,-0.781786,0.0,0.0,0.0,1.303056,-0.0006102681,-2.868778,-0.05681503,0.09284993,0.7906017,-0.7643678,0.1217501,0.6331819,-0.06188743,0.9636239,-0.259998,-0.641804,-0.23792,-0.7290282,moving,11.644378041605076,5.090404257696824,-4.110382032021334,6.69825400984871,-0.514138,-0.0814871881,-0.6391529999999999,0.2010727756607186,0.0869153391694517,0.975712805852098,12.182207542257917,6.117692655664349,15.763459157607691,15.836591988272849,16.30292999806738
3745,05/05/2023 12:22:24.548902,3943,True,True,True,True,Eyes,1.914957,0.08261757,-2.38917,-0.778424,-0.124767,-0.6152148,0.0,0.0,0.0,0.0,0.0,0.0,0.0,2.773118,-0.5571822,-0.4748681,1.811968,0.08060808,-2.221803,0.01642814,0.9317469,-0.1367323,-0.3359794,14.10861,220.5568,7.255955,0.6231699,0.02676477,-0.7816235,0.0,0.0,0.0,1.306181,-0.0006002077,-2.868944,-0.05503523,0.09448726,0.7893521,-0.7736959,0.1224922,0.6216031,-0.06126474,0.9620688,-0.2658388,-0.6305881,-0.2437607,-0.7368442,moving,11.853926364737,5.346216938680202,-3.9883237281984503,6.825957866255034,-0.505787,-0.0812082876999999,-0.647141,0.2045611396421435,0.0912034736951156,0.9745956313970896,12.388158598705202,6.382240556069181,15.832487692678932,15.911207409239982,16.38249243719484
3746,05/05/2023 12:22:24.568679,3944,True,True,True,True,Eyes,1.910563,0.08254179,-2.382519,-0.7713904,-0.1255151,-0.6238612,0.0,0.0,0.0,0.0,0.0,0.0,0.0,2.754802,-0.5725957,-0.5082381,1.806321,0.08187311,-2.214861,0.01749905,0.9337337,-0.1389553,-0.3294339,14.35711,219.7963,7.367728,0.6233717,0.02678556,-0.7814619,0.0,0.0,0.0,1.308825,-0.0005916975,-2.869085,-0.05365539,0.09526033,0.7887771,-0.782334,0.1242321,0.6103439,-0.05887426,0.9607704,-0.2710239,-0.6200703,-0.2479648,-0.7443293,moving,12.007607618429548,5.508112097625383,-3.8914654462901206,6.88624084334969,-0.4974960000000001,-0.0824648075,-0.6542240000000001,0.20712225788958,0.0939052171041832,0.9737978059602254,12.539262237853844,6.549810837394636,15.87648241421478,15.958689268141232,16.43417163654444
3747,05/05/2023 12:22:24.588261,3945,True,True,True,True,Eyes,1.90612,0.08253051,-2.375853,-0.7641379,-0.1259904,-0.6326292,0.0,0.0,0.0,0.0,0.0,0.0,0.0,2.735734,-0.5853215,-0.5454042,1.800684,0.08369435,-2.207904,0.01970635,0.9361603,-0.138091,-0.3227174,14.23098,218.9745,7.470468,0.623572,0.0268088,-0.7813014,0.0,0.0,0.0,1.311698,-0.0005824511,-2.869238,-0.05269834,0.09794004,0.7878412,-0.7909304,0.1260253,0.5987878,-0.05223215,0.961085,-0.2712698,-0.6096728,-0.2458315,-0.7535688,moving,12.154819828448302,5.307135819038503,-3.826788172912533,7.086337872414199,-0.4889859999999999,-0.0842768011,-0.6613340000000001,0.2096911620991822,0.0904382281333452,0.9735761702254252,12.684844319799751,6.344146463956598,15.999959763935916,16.080340613802214,16.52830468200476
3748,05/05/2023 12:22:24.598936,3946,True,True,True,True,Eyes,1.901647,0.08256656,-2.36919,-0.7566823,-0.1264582,-0.641436,0.0,0.0,0.0,0.0,0.0,0.0,0.0,2.717155,-0.5904976,-0.5870018,1.795339,0.08510932,-2.201295,0.02034342,0.9387972,-0.137237,-0.315297,14.17279,218.0496,7.391789,0.6237701,0.02683642,-0.7811423,0.0,0.0,0.0,1.314584,-0.0005731633,-2.869392,-0.05231774,0.0996386,0.787167,-0.8003482,0.1247375,0.5864162,-0.04834417,0.9615043,-0.2705038,-0.5975837,-0.244847,-0.7635079,moving,12.38786811814604,5.197806112366305,-3.802475888996693,7.214061992783197,-0.480755,-0.0856824833,-0.6680969999999999,0.2136867035823732,0.088501915010537,0.97288505247439,12.914819916967788,6.233333175109173,16.235094921853353,16.31540765181607,16.74603857865895
3749,05/05/2023 12:22:24.619162,3947,True,True,True,True,Eyes,1.89713,0.08263735,-2.362535,-0.7490624,-0.1268702,-0.650238,0.0,0.0,0.0,0.0,0.0,0.0,0.0,2.699839,-0.5868087,-0.6282578,1.789911,0.08622774,-2.194758,0.01911408,0.941353,-0.1365228,-0.3079783,14.19713,217.1198,7.115003,0.6239657,0.02686958,-0.7809849,0.0,0.0,0.0,1.317474,-0.0005638619,-2.869546,-0.05185699,0.1001685,0.7867841,-0.809568,0.1200783,0.5746136,-0.0481059,0.9619924,-0.2688057,-0.5850517,-0.2452588,-0.7730217,moving,12.615621856364932,5.218389983142735,-3.770914322343896,7.255512278292584,-0.472437,-0.0867916019,-0.6747879999999999,0.2175469949541846,0.0887738999996613,0.9720043636995944,13.139270504489827,6.2560905831085964,16.430950508187887,16.51267498564451,16.939692872141514
3750,05/05/2023 12:22:24.638406,3948,True,True,True,True,Eyes,1.892581,0.0827489,-2.355905,-0.7412738,-0.1272626,-0.6590276,0.0,0.0,0.0,0.0,0.0,0.0,0.0,2.682304,-0.5854955,-0.6659954,1.784354,0.08704145,-2.188519,0.01783568,0.9435761,-0.1368581,-0.3010248,14.33164,216.254,6.879504,0.6241582,0.02690895,-0.7808298,0.0,0.0,0.0,1.320488,-0.0005541616,-2.869707,-0.05125639,0.09747319,0.7866985,-0.818132,0.116054,0.5631977,-0.04873671,0.9619035,-0.26901,-0.5729615,-0.2475341,-0.7813079,moving,12.79399980236562,5.353182547442836,-3.7277684141524263,7.063041598291423,-0.4638659999999999,-0.0875956116,-0.6811880000000001,0.2205276117726557,0.0909979399611232,0.971126634819394,13.314781777540714,6.3959598409052205,16.52709930411839,16.61001032432294,17.05560069617653
3751,05/05/2023 12:22:24.648756,3949,True,True,True,True,Eyes,1.888007,0.08288516,-2.349311,-0.7333315,-0.1274909,-0.6678106,0.0,0.0,0.0,0.0,0.0,0.0,0.0,2.664107,-0.5861921,-0.7030606,1.778823,0.08809828,-2.182524,0.01750975,0.9457954,-0.1362982,-0.2942573,14.33055,215.4095,6.717529,0.6243468,0.02695529,-0.7806776,0.0,0.0,0.0,1.32328,-0.0005451754,-2.869856,-0.05029222,0.1022066,0.7865157,-0.8262119,0.1133348,0.5518413,-0.04709221,0.9622325,-0.2681252,-0.5613875,-0.2475157,-0.7896708,moving,12.934662250507683,5.351280526803201,-3.6586864071705087,7.404015040214956,-0.455543,-0.0886434554,-0.687332,0.222912778545365,0.0909151235092001,0.9705896915926484,13.45343861172615,6.394984648087602,16.63385563870282,16.719836681553513,17.141848354089056
3752,05/05/2023 12:22:24.668756,3950,True,True,True,True,Eyes,1.883407,0.0830287,-2.342752,-0.7251947,-0.1277031,-0.6765978,0.0,0.0,0.0,0.0,0.0,0.0,0.0,2.645151,-0.5868523,-0.7420681,1.773484,0.08874808,-2.17687,0.01751107,0.9481127,-0.1352834,-0.287183,14.26873,214.5264,6.571181,0.624531,0.02700878,-0.7805285,0.0,0.0,0.0,1.326131,-0.000535999,-2.870008,-0.05088019,0.1088465,0.7859256,-0.8344386,0.1109071,0.5398258,-0.04449724,0.9627835,-0.2665856,-0.5493016,-0.2464701,-0.7984487,moving,13.099082527024754,5.28247456096434,-3.7041135162610535,7.885001423586315,-0.4473530000000001,-0.0892840789999999,-0.6931379999999998,0.2257223112908971,0.08968994632334,0.9700542094834452,13.6156714172989,6.325368798405375,16.913165093553207,17.003545022722903,17.389864981370593
3753,05/05/2023 12:22:24.688268,3951,True,True,True,True,Eyes,1.878761,0.08316868,-2.33622,-0.716783,-0.1279652,-0.6854539,0.0,0.0,0.0,0.0,0.0,0.0,0.0,2.625549,-0.5861605,-0.7817395,1.768046,0.08902764,-2.171244,0.01705327,0.9503958,-0.1346258,-0.2798803,14.26162,213.6177,6.384496,0.6247101,0.027069,-0.7803832,0.0,0.0,0.0,1.328984,-0.000526817,-2.87016,-0.05201319,0.1053386,0.7863004,-0.8427523,0.1077729,0.5274025,-0.04294352,0.9631702,-0.2654414,-0.5365858,-0.2463498,-0.8070858,moving,13.278860146820133,5.273739235587404,-3.7845598077469824,7.630333722982389,-0.439062,-0.089554457,-0.6989159999999996,0.2287693501113126,0.0894766965320642,0.9693598484322564,13.792900560649905,6.317638768593103,17.136257514602583,17.225383540691908,17.62640862586143
3754,05/05/2023 12:22:24.698801,3952,True,True,True,True,Eyes,1.874097,0.08330866,-2.329737,-0.708185,-0.1283405,-0.6942642,0.0,0.0,0.0,0.0,0.0,0.0,0.0,2.605455,-0.5875662,-0.8198574,1.762731,0.08896041,-2.165794,0.01629822,0.9524586,-0.135216,-0.2725323,14.4001,212.7205,6.208442,0.6248833,0.02713522,-0.7802423,0.0,0.0,0.0,1.33199,-0.000517141,-2.87032,-0.05302224,0.1031784,0.7868072,-0.8509212,0.1047482,0.5147439,-0.04265467,0.9629021,-0.2664587,-0.523559,-0.2486916,-0.8148856,moving,13.46061944401509,5.404479340421784,-3.855282871681488,7.470884123693581,-0.430741,-0.089477551,-0.704526,0.2317979167535021,0.0916208906626364,0.968439670681562,13.971754413586368,6.453363916734881,17.34730022700572,17.438764340832027,17.856052356047226
3755,05/05/2023 12:22:24.718454,3953,True,True,True,True,Eyes,1.869385,0.08346067,-2.323301,-0.6992997,-0.1285822,-0.7031689,0.0,0.0,0.0,0.0,0.0,0.0,0.0,2.584937,-0.5910671,-0.8563929,1.757441,0.08910161,-2.160585,0.01565833,0.9543639,-0.1362501,-0.2652927,14.58146,211.8457,6.060611,0.6250501,0.02720689,-0.7801062,0.0,0.0,0.0,1.334732,-0.0005083164,-2.870466,-0.05289444,0.1088759,0.7870009,-0.8587494,0.1021798,0.5021048,-0.04240482,0.9623815,-0.2683724,-0.5106385,-0.2517563,-0.8221116,moving,13.613797955009078,5.585407331144411,-3.845074610862515,7.876463392100802,-0.422709,-0.0896099264,-0.7098809999999998,0.2343201507553839,0.0946197186357558,0.9675438647934286,14.122317646826165,6.640504714973174,17.50873489554396,17.608553862989112,18.009852259061375
3756,05/05/2023 12:22:24.738606,3954,True,True,True,True,Eyes,1.864653,0.08362747,-2.316937,-0.6902444,-0.1288565,-0.7120104,0.0,0.0,0.0,0.0,0.0,0.0,0.0,2.564136,-0.5929375,-0.8931878,1.751968,0.08942015,-2.155635,0.01497517,0.9562787,-0.136731,-0.2580922,14.70106,210.9678,5.887603,0.6252096,0.02728392,-0.7799759,0.0,0.0,0.0,1.337977,-0.0004978723,-2.870639,-0.05400461,0.1103811,0.787094,-0.8663287,0.09921925,0.4895209,-0.04193751,0.9621608,-0.2692358,-0.4977112,-0.2537759,-0.8293864,moving,13.754529606687935,5.70987151264045,-3.9250639965930847,7.9830278812162785,-0.413991,-0.0899180223,-0.715004,0.2366492464726924,0.096665161600349,0.966774596122827,14.26074493596668,6.76948937968109,17.7201647686401,17.825130289935387,18.22625365307634
3757,05/05/2023 12:22:24.749258,3955,True,True,True,True,Eyes,1.859898,0.08384116,-2.31065,-0.6810375,-0.1290547,-0.7207863,0.0,0.0,0.0,0.0,0.0,0.0,0.0,2.544355,-0.5885215,-0.9302728,1.746529,0.08989974,-2.15106,0.01327666,0.9582065,-0.1365688,-0.251024,14.77695,210.0841,5.579293,0.6253607,0.0273663,-0.7798519,0.0,0.0,0.0,1.340566,-0.0004895394,-2.870777,-0.05511633,0.1146556,0.7876718,-0.8736215,0.09400766,0.4774393,-0.04312053,0.9623454,-0.2683878,-0.484692,-0.2550567,-0.8366719,moving,13.87913179679984,5.828865828160379,-4.0026748376207175,8.281958726764469,-0.4059630000000001,-0.0903892794,-0.7197169999999997,0.2387050945317485,0.0986216995335284,0.966071281268488,14.383286145684986,6.892736165979491,17.93709878589559,18.04928456421442,18.4383703347946
3758,05/05/2023 12:22:24.768495,3956,True,True,True,True,Eyes,1.855109,0.08406883,-2.304466,-0.6716921,-0.1289865,-0.7295151,0.0,0.0,0.0,0.0,0.0,0.0,0.0,2.52448,-0.5868223,-0.9642649,1.740931,0.09117208,-2.146628,0.01195742,0.9599404,-0.1365497,-0.2443887,14.85149,209.2612,5.32467,0.6255028,0.02745509,-0.779735,0.0,0.0,0.0,1.343394,-0.0004804377,-2.870928,-0.05615422,0.1189178,0.7880942,-0.8802626,0.08969922,0.4659316,-0.04378556,0.9624224,-0.2680036,-0.4724627,-0.2563145,-0.8432569,moving,13.946655038448997,5.958747240358557,-4.075618630601503,8.580791316122253,-0.397537,-0.0916525177,-0.7242999999999999,0.2397912342763856,0.1007836073489435,0.965579051122492,14.449538423501831,7.026781578596525,18.092374328329203,18.21201425810441,18.59022297186129
3759,05/05/2023 12:22:24.788219,3957,True,True,True,True,Eyes,1.850297,0.08427178,-2.298363,-0.6623247,-0.1288518,-0.7380537,0.0,0.0,0.0,0.0,0.0,0.0,0.0,2.504511,-0.5765157,-1.003197,1.735129,0.09162866,-2.14296,0.01144013,0.9621361,-0.1328686,-0.2377166,14.4915,208.3986,5.047595,0.6256341,0.02755016,-0.7796263,0.0,0.0,0.0,1.346256,-0.0004712268,-2.87108,-0.05609211,0.1175332,0.789243,-0.8867201,0.08518405,0.4543914,-0.04115619,0.9644302,-0.2611143,-0.4604715,-0.2502362,-0.8516738,moving,14.008527253935483,5.65925644244671,-4.065219978116144,8.47017663639427,-0.388873,-0.0920998868,-0.7281200000000001,0.2409551224581954,0.095706652117707,0.9658058419675232,14.511232169317802,6.719206345253975,18.17909948688032,18.291025431747563,18.658790725723872
3760,05/05/2023 12:22:24.798663,3958,True,True,True,True,Eyes,1.84545,0.08449023,-2.292357,-0.6528596,-0.1288821,-0.746434,0.0,0.0,0.0,0.0,0.0,0.0,0.0,2.485592,-0.5682761,-1.036014,1.729593,0.09114386,-2.138838,0.009543281,0.9637732,-0.1321701,-0.2314766,14.49798,207.6108,4.715106,0.6257542,0.02765006,-0.7795265,0.0,0.0,0.0,1.349251,-0.0004615879,-2.87124,-0.05561998,0.1229992,0.7900794,-0.8926553,0.07958369,0.4436592,-0.04279346,0.96488,-0.2591821,-0.4487046,-0.2503459,-0.8578995,moving,14.034367679563417,5.739233166347077,-4.026862701210115,8.848750555098365,-0.3803419999999999,-0.0916054479,-0.732402,0.2413592490268774,0.0970446385407371,0.9655713440281094,14.536514878839924,6.801637374025699,18.209052374646348,18.326951226494916,18.67591121085196
3761,05/05/2023 12:22:24.818288,3959,True,True,True,True,Eyes,1.84059,0.08471815,-2.2865,-0.6434386,-0.1286513,-0.7546096,0.0,0.0,0.0,0.0,0.0,0.0,0.0,2.467025,-0.5715809,-1.06433,1.724282,0.09212878,-2.136371,0.008189106,0.9649458,-0.1338214,-0.2256201,14.74784,206.9056,4.518743,0.6258617,0.02775487,-0.7794366,0.0,0.0,0.0,1.35211,-0.0004523862,-2.871392,-0.05559215,0.1255812,0.7907325,-0.898057,0.07618967,0.4332305,-0.04458151,0.9640496,-0.261956,-0.4376141,-0.2545655,-0.8623748,moving,14.027953635962463,6.052803416708115,-4.021541056103858,9.024135899934825,-0.3721720000000001,-0.0925811662,-0.7350210000000001,0.2411227158059809,0.1023337734963334,0.9650842823806424,14.529453620317812,7.12407914158927,18.16548840258273,18.29243218833429,18.648045987973106
3762,05/05/2023 12:22:24.838116,3960,True,True,True,True,Eyes,1.83571,0.08495563,-2.280791,-0.6339475,-0.1284347,-0.7626369,0.0,0.0,0.0,0.0,0.0,0.0,0.0,2.447758,-0.569742,-1.095555,1.718657,0.09251361,-2.134016,0.008843093,0.9665616,-0.1314189,-0.220022,14.48683,206.2122,4.438291,0.6259552,0.02786439,-0.7793577,0.0,0.0,0.0,1.355151,-0.0004425982,-2.871554,-0.05560309,0.1224367,0.7924194,-0.9030244,0.07492489,0.4230053,-0.04073531,0.9653018,-0.2579402,-0.427654,-0.2501576,-0.8686388,moving,13.970545839684783,5.827530574832198,-4.01379515261358,8.783313180229829,-0.3635060000000001,-0.0929562082,-0.7375380000000002,0.2402475797698019,0.0985605488323655,0.9656950164469966,14.473397009112752,6.892000422017997,18.107060089616567,18.22561855569337,18.583684725424355
3763,05/05/2023 12:22:24.848484,3961,True,True,True,True,Eyes,1.830745,0.08519014,-2.275184,-0.6243507,-0.1282401,-0.7705458,0.0,0.0,0.0,0.0,0.0,0.0,0.0,2.427531,-0.5711448,-1.123664,1.712618,0.09257247,-2.130752,0.008701909,0.9678506,-0.1312553,-0.2143871,14.49762,205.5309,4.331568,0.6260332,0.02797845,-0.7792911,0.0,0.0,0.0,1.357953,-0.0004335794,-2.871703,-0.05374795,0.1202433,0.7941818,-0.9079251,0.07312318,0.4127049,-0.03943459,0.9653926,-0.2578022,-0.4172736,-0.2503399,-0.8736205,moving,13.9261893708898,5.8801754138202496,-3.871710424666643,8.609492928652115,-0.354665,-0.0930060494,-0.7409509999999999,0.2394782094062608,0.0994672980152116,0.965793245773268,14.429550355241592,6.94583287581618,17.890066632004682,18.00595488246697,18.37672198477219
3764,05/05/2023 12:22:24.868500,3962,True,True,True,True,Eyes,1.825729,0.08539766,-2.269693,-0.6147212,-0.1280082,-0.7782877,0.0,0.0,0.0,0.0,0.0,0.0,0.0,2.408298,-0.5674949,-1.151834,1.706342,0.09259905,-2.128026,0.007674342,0.9691221,-0.1306931,-0.2089562,14.4839,204.8582,4.115894,0.6260937,0.02809654,-0.7792383,0.0,0.0,0.0,1.360905,-0.0004240784,-2.871861,-0.05216801,0.1192883,0.7956576,-0.9125568,0.069493,0.4030021,-0.03974351,0.9657208,-0.2565223,-0.4070141,-0.2501079,-0.8785133,moving,13.864877380988087,5.937426668312796,-3.751280296279728,8.526516057076634,-0.345437,-0.0930231284,-0.7438349999999998,0.2384206823465982,0.1004592019766603,0.9659521333562888,14.368979623993017,7.004284487215038,17.690772851320972,17.805403538627573,18.184086683980752
3765,05/05/2023 12:22:24.888571,3963,True,True,True,True,Eyes,1.825729,0.08539766,-2.269693,-0.6147212,-0.1280082,-0.7782877,0.0,0.0,0.0,0.0,0.0,0.0,0.0,2.389826,-0.5622133,-1.178202,1.699964,0.09211493,-2.125357,0.006636749,0.9703102,-0.1298594,-0.2039382,14.43615,204.2331,3.898709,0.6261355,0.02821737,-0.7792006,0.0,0.0,0.0,1.363785,-0.0004148079,-2.872014,-0.05101234,0.1202398,0.7966385,-0.9167306,0.06584602,0.3940429,-0.0400872,0.9661849,-0.2547149,-0.3974903,-0.2493009,-0.8830917,moving,14.457249766901556,5.87824153363326,-3.6639036369810265,8.583092621619572,-0.336179,-0.0925297378999999,-0.7466569999999999,0.2484260318847644,0.0992041695379735,0.9635574899279448,14.953026344238353,6.947547361628713,18.20593094145145,18.321910929136894,18.688635322652736
3766,05/05/2023 12:22:24.898409,3964,True,True,True,True,Eyes,1.825729,0.08539766,-2.269693,-0.6147212,-0.1280082,-0.7782877,0.0,0.0,0.0,0.0,0.0,0.0,0.0,2.37202,-0.5604154,-1.201076,1.693557,0.0921279,-2.122852,0.005350339,0.971226,-0.1302858,-0.1992916,14.53323,203.6626,3.691406,0.6261731,0.02832611,-0.7791666,0.0,0.0,0.0,1.366706,-0.0004054094,-2.87217,-0.05010891,0.1191578,0.7978568,-0.9205086,0.06232253,0.3857203,-0.04153697,0.9659939,-0.2552065,-0.3885086,-0.2509413,-0.8866171,moving,15.01004096185902,5.970419504752022,-3.5937064730106245,8.494190962619372,-0.326851,-0.0925333094,-0.7493180000000002,0.2576770082311289,0.1005025293487295,0.9609900093089068,15.4977008365652,7.046201271831574,18.65494163844608,18.774153535964405,19.146240027868476
3767,05/05/2023 12:22:24.918420,3965,True,True,True,True,Eyes,1.825729,0.08539766,-2.269693,-0.6147212,-0.1280082,-0.7782877,0.0,0.0,0.0,0.0,0.0,0.0,0.0,2.352707,-0.5577456,-1.22493,1.686495,0.09163292,-2.119929,0.005109829,0.9722971,-0.129321,-0.1946493,14.44719,203.0939,3.568939,0.626207,0.02842398,-0.7791361,0.0,0.0,0.0,1.369545,-0.0003962707,-2.872321,-0.04824686,0.1175446,0.7991374,-0.9241713,0.06028102,0.3771923,-0.04040793,0.9664999,-0.2534661,-0.3798355,-0.2494876,-0.8907758,moving,15.5528987433594,5.859569558808338,-3.454962966624046,8.367598078927633,-0.31695,-0.0920291907,-0.752392,0.2668269854104352,0.0983892534065372,0.9587089817243052,16.0330622654332,6.9359849759790855,19.05619565746851,19.172611033544356,19.540538465503804
3768,05/05/2023 12:22:24.938490,3966,True,True,True,True,Eyes,1.825729,0.08539766,-2.269693,-0.6147212,-0.1280082,-0.7782877,0.0,0.0,0.0,0.0,0.0,0.0,0.0,2.334274,-0.5583752,-1.246996,1.679809,0.09094198,-2.117921,0.005286241,0.973213,-0.1288866,-0.1903069,14.40984,202.5728,3.51288,0.6262375,0.02851206,-0.7791085,0.0,0.0,0.0,1.372303,-0.0003873942,-2.872468,-0.04595059,0.1170066,0.8003253,-0.9275106,0.05934529,0.3690555,-0.03876673,0.9667206,-0.2528802,-0.3717809,-0.2488562,-0.8943431,moving,16.059414293429775,5.784771267721794,-3.286023354998021,8.317647645506636,-0.307506,-0.0913293742,-0.7545470000000001,0.2753323088032166,0.0968961678440608,0.9564534747462606,16.532515851580253,6.862592016555967,19.39578711298062,19.51054639302416,19.87188172182044
3769,05/05/2023 12:22:24.948963,3967,True,True,True,True,Eyes,1.825729,0.08539766,-2.269693,-0.6147212,-0.1280082,-0.7782877,0.0,0.0,0.0,0.0,0.0,0.0,0.0,2.3147,-0.5660099,-1.267307,1.672824,0.09016794,-2.116081,0.006318244,0.9739541,-0.1295311,-0.1859982,14.47541,202.0785,3.581931,0.6262649,0.02859134,-0.7790837,0.0,0.0,0.0,1.375229,-0.0003779749,-2.872624,-0.04346177,0.1188457,0.8010832,-0.9307297,0.06049247,0.3606706,-0.03587776,0.9663635,-0.2546651,-0.3639442,-0.2499644,-0.897253,moving,16.560157736068675,5.779010097596374,-3.105466504066093,8.438635990750708,-0.297595,-0.0905459149,-0.7565430000000002,0.2836901789593503,0.0965549992407763,0.9540424578872764,17.026117141126477,6.8601589693747655,19.728304387821694,19.844656375097884,20.193371431496946
3770,05/05/2023 12:22:24.968579,3968,True,True,True,True,Eyes,1.825729,0.08539766,-2.269693,-0.6147212,-0.1280082,-0.7782877,0.0,0.0,0.0,0.0,0.0,0.0,0.0,2.295081,-0.5734846,-1.287348,1.665706,0.08938664,-2.114469,0.008101837,0.9747448,-0.1292787,-0.1819174,14.42306,201.6139,3.719688,0.6262895,0.02866268,-0.7790614,0.0,0.0,0.0,1.378173,-0.0003684997,-2.872781,-0.04104349,0.1211122,0.8016978,-0.933681,0.06283053,0.3525513,-0.03124163,0.9664428,-0.2549752,-0.3567409,-0.2490797,-0.9003863,moving,17.026803016684283,5.635639023999295,-2.930739546412769,8.590693590850146,-0.2875329999999998,-0.0897551397,-0.7583119999999997,0.2915242460066604,0.093936376266891,0.9519398973528022,17.486431791945304,6.715965351856795,20.060428500951996,20.17512955722705,20.503060538123314
3771,05/05/2023 12:22:24.988730,3969,True,True,True,True,Eyes,1.825729,0.08539766,-2.269693,-0.6147212,-0.1280082,-0.7782877,0.0,0.0,0.0,0.0,0.0,0.0,0.0,2.276307,-0.5791187,-1.306005,1.658256,0.08863644,-2.113038,0.009475535,0.9754553,-0.1290307,-0.178181,14.37993,201.1851,3.816005,0.6263117,0.0287269,-0.7790413,0.0,0.0,0.0,1.380966,-0.0003595127,-2.87293,-0.03862908,0.1222978,0.8023503,-0.9363235,0.06446753,0.3451698,-0.0274957,0.9665226,-0.255104,-0.3500604,-0.2483506,-0.9032053,moving,17.45451084232606,5.5152665395417975,-2.756371555949563,8.666570868820129,-0.27729,-0.0889959526999999,-0.7598920000000002,0.2986840803223002,0.09172370396218,0.9499339867914248,17.90831122003047,6.5951527484902215,20.342458792938583,20.455084607320885,20.76824227663759
3772,05/05/2023 12:22:24.998442,3970,True,True,True,True,Eyes,1.825729,0.08539766,-2.269693,-0.6147212,-0.1280082,-0.7782877,0.0,0.0,0.0,0.0,0.0,0.0,0.0,2.258332,-0.5853629,-1.322869,1.650624,0.08806431,-2.111962,0.01116308,0.9760888,-0.1286152,-0.1748834,14.31042,200.8118,3.951731,0.6263317,0.02878469,-0.7790233,0.0,0.0,0.0,1.383979,-0.0003498149,-2.87309,-0.03647792,0.1225664,0.8028471,-0.9385824,0.06677762,0.3385319,-0.02319301,0.9666671,-0.2549842,-0.3442748,-0.2471753,-0.9057479,moving,17.827795863374217,5.360177833280487,-2.601484664209631,8.680022555900504,-0.266645,-0.0884141249,-0.7611279999999998,0.3049431314057323,0.0889669789714266,0.9482059693068452,18.276627359403182,6.43825726334733,20.588211905648848,20.697267255776172,20.99812070870681
3773,05/05/2023 12:22:25.019117,3971,True,True,True,True,Eyes,1.825729,0.08539766,-2.269693,-0.6147212,-0.1280082,-0.7782877,0.0,0.0,0.0,0.0,0.0,0.0,0.0,2.240473,-0.588042,-1.341206,1.64293,0.08715262,-2.111286,0.01325207,0.976869,-0.1268186,-0.171664,14.07669,200.4405,4.104795,0.6263497,0.0288367,-0.779007,0.0,0.0,0.0,1.386774,-0.0003408178,-2.873239,-0.03500926,0.1221674,0.8035021,-0.9407119,0.06943143,0.3320252,-0.01764927,0.9674829,-0.2523201,-0.3387477,-0.2432204,-0.9088972,moving,18.18361224243294,5.033098345745957,-2.4948471834685555,8.645247600506016,-0.256156,-0.0874934378,-0.7619529999999997,0.3109765018492125,0.0833812812557989,0.9467529636614498,18.628129753240906,6.104358689581279,20.889865492226637,20.991577036214263,21.275250201264846
3774,05/05/2023 12:22:25.038894,3972,True,True,True,True,Eyes,1.825729,0.08539766,-2.269693,-0.6147212,-0.1280082,-0.7782877,0.0,0.0,0.0,0.0,0.0,0.0,0.0,2.222816,-0.5919536,-1.358064,1.635156,0.08597995,-2.110576,0.01458067,0.9774674,-0.1263668,-0.1684531,14.01208,200.0727,4.201127,0.6263658,0.02888351,-0.7789924,0.0,0.0,0.0,1.389782,-0.0003311379,-2.873399,-0.03351253,0.1162525,0.8041302,-0.9428221,0.071078,0.3256297,-0.0140695,0.9676376,-0.2519512,-0.3329998,-0.2421265,-0.9113102,moving,18.546992725026577,4.891711254947085,-2.386449397357403,8.226213815481271,-0.2453739999999999,-0.0863110879,-0.762823,0.3170404181255755,0.0808737348074698,0.9449575700850392,18.98665060664196,5.9614853504973855,21.102757533627564,21.197356118568397,21.492752238861037
3775,05/05/2023 12:22:25.049470,3973,True,True,True,True,Eyes,1.817287,0.08533376,-2.263676,-0.6018923,-0.1279668,-0.7882577,0.0,0.0,0.0,0.0,0.0,0.0,0.0,2.205321,-0.5956485,-1.374976,1.627205,0.08521077,-2.110389,0.0158092,0.9780498,-0.1258532,-0.165317,13.94287,199.7121,4.286155,0.6263804,0.02892564,-0.7789792,0.0,0.0,0.0,1.392663,-0.0003218653,-2.873553,-0.03247967,0.1165899,0.8043918,-0.9448407,0.07253572,0.3193972,-0.01068697,0.9678221,-0.2514085,-0.3273557,-0.2409544,-0.9136626,moving,17.977952586395133,4.86878985597341,-2.31222850658962,8.247114598892423,-0.234542,-0.0855326353,-0.7631639999999997,0.3076428782929424,0.0807579466624393,0.9480685934030936,18.42579618054965,5.933943983402784,20.477901870347097,20.569504779034784,20.86663428109005
3776,05/05/2023 12:22:25.068278,3974,True,True,True,True,Eyes,1.808869,0.08523324,-2.257911,-0.5891659,-0.12777,-0.7978461,0.0,0.0,0.0,0.0,0.0,0.0,0.0,2.187832,-0.5900678,-1.39606,1.61928,0.08446693,-2.110585,0.01693974,0.9789807,-0.1227618,-0.1619861,13.58424,199.3033,4.303399,0.626318,0.02897142,-0.7790278,0.0,0.0,0.0,1.395414,-0.0003130089,-2.8737,-0.0311349,0.1186906,0.8033029,-0.9469471,0.07293874,0.3130034,-0.006604044,0.9692852,-0.2458508,-0.3213216,-0.2348748,-0.9173801,moving,17.441530916877184,4.579694532438526,-2.2195934994581523,8.404826693450989,-0.2238660000000001,-0.0847799388999999,-0.763115,0.2988610257867666,0.0761964501597044,0.9512498190048512,17.897721290708798,5.632887607085104,19.944915544614663,20.02976408657449,20.307387834608196
3777,05/05/2023 12:22:25.088691,3975,True,True,True,True,Eyes,1.800511,0.08510861,-2.252415,-0.5764924,-0.127544,-0.8070868,0.0,0.0,0.0,0.0,0.0,0.0,0.0,2.169863,-0.5843203,-1.417475,1.611358,0.08345736,-2.110812,0.01696318,0.9798118,-0.1209113,-0.1583083,13.38951,198.8511,4.216331,0.6261821,0.02901906,-0.7791352,0.0,0.0,0.0,1.398241,-0.0003039125,-2.87385,-0.03056449,0.1142886,0.8028958,-0.9493018,0.07152399,0.3061227,-0.005041076,0.9701854,-0.2423116,-0.3143268,-0.2315699,-0.9206382,moving,16.971220051714518,4.480137697247621,-2.180072538261286,8.101371335081655,-0.213117,-0.0837612725,-0.7630379999999999,0.2910751088644888,0.0747312011520609,0.9537770129867336,17.434365854045485,5.527220195164409,19.412449901873,19.490647524560156,19.78262994489699
3778,05/05/2023 12:22:25.098958,3976,True,True,True,True,Eyes,1.792168,0.08492412,-2.247174,-0.5639078,-0.127159,-0.8159894,0.0,0.0,0.0,0.0,0.0,0.0,0.0,2.15099,-0.5819215,-1.438978,1.603427,0.08284799,-2.111446,0.0167656,0.9805438,-0.1201035,-0.1543631,13.31812,198.3744,4.122628,0.6259761,0.02906733,-0.7792985,0.0,0.0,0.0,1.401269,-0.0002941659,-2.874012,-0.03085667,0.1142392,0.802493,-0.951782,0.06995791,0.2986923,-0.004200284,0.9705881,-0.2407095,-0.3067468,-0.2303575,-0.9234945,moving,16.552987250144806,4.508365724352163,-2.201996075091711,8.101926743562473,-0.2021579999999998,-0.0831421559,-0.7625660000000001,0.2840916816342541,0.0753659209365269,0.9558305359643052,17.022043172109566,5.553334324286242,19.01864566008329,19.09615354799724,19.39224093026712
3779,05/05/2023 12:22:25.119176,3977,True,True,True,True,Eyes,1.783898,0.08470474,-2.242188,-0.5512868,-0.1270151,-0.8245909,0.0,0.0,0.0,0.0,0.0,0.0,0.0,2.131814,-0.5747014,-1.462382,1.595342,0.08119201,-2.112288,0.01670254,0.9814141,-0.1180764,-0.1503511,13.10529,197.8818,4.020663,0.6257026,0.0291139,-0.7795159,0.0,0.0,0.0,1.404017,-0.000285322,-2.874158,-0.03125837,0.1137146,0.8017688,-0.9542313,0.06829006,0.2911691,-0.002721607,0.971558,-0.2367861,-0.2990578,-0.2267412,-0.9269052,moving,16.142949811081024,4.378401561262701,-2.232646238220928,8.072401309866386,-0.1913249999999999,-0.081477332,-0.76187,0.2772858632681357,0.0733495654090964,0.957983567255202,16.618171491211005,5.416815281522702,18.669213884501342,18.74321648783382,19.03695002415564
3780,05/05/2023 12:22:25.138862,3978,True,True,True,True,Eyes,1.775628,0.08445356,-2.237469,-0.538793,-0.1267075,-0.8328549,0.0,0.0,0.0,0.0,0.0,0.0,0.0,2.113269,-0.5835986,-1.478025,1.58738,0.0802988,-2.113014,0.01702415,0.9816908,-0.1200445,-0.146911,13.33776,197.496,4.048502,0.6253647,0.02915749,-0.7797845,0.0,0.0,0.0,1.406958,-0.0002758545,-2.874315,-0.03259769,0.1132499,0.8008986,-0.9562547,0.0686966,0.284355,-0.001846794,0.970599,-0.2406951,-0.2925296,-0.230691,-0.928013,moving,15.695618856278582,4.6746063807945495,-2.330731669525275,8.048466388351569,-0.180422,-0.0805746545,-0.761301,0.2696925026133955,0.0784770458702883,0.9597433402555378,16.17653503471608,5.718323100524735,18.2611976433755,18.33936325584238,18.65337740474161
3781,05/05/2023 12:22:25.148951,3979,True,True,True,True,Eyes,1.767486,0.08412953,-2.233008,-0.5262858,-0.1264438,-0.8408539,0.0,0.0,0.0,0.0,0.0,0.0,0.0,2.094056,-0.5830364,-1.49888,1.57907,0.0792482,-2.114688,0.01854644,0.9824153,-0.118112,-0.1434078,13.10585,197.0859,4.140215,0.6249657,0.02919699,-0.7801031,0.0,0.0,0.0,1.409763,-0.0002668281,-2.874465,-0.03443542,0.1143516,0.7998348,-0.9581803,0.07031696,0.2773909,0.002564236,0.9714112,-0.2373895,-0.2861531,-0.2267507,-0.9309674,moving,15.241576176526154,4.483089518359281,-2.465242258238611,8.136384316330698,-0.1693069999999998,-0.0795150281,-0.7597769999999997,0.2621403992038202,0.0754314160101804,0.96207721705134,15.729431995270309,5.5181942608450445,18.004364302983944,18.07976719879463,18.38208612638795
3782,05/05/2023 12:22:25.168870,3980,True,True,True,True,Eyes,1.759344,0.08381733,-2.228802,-0.5139559,-0.1263177,-0.8484653,0.0,0.0,0.0,0.0,0.0,0.0,0.0,2.076173,-0.5851961,-1.515927,1.571202,0.07737284,-2.115731,0.01967718,0.9828998,-0.1176788,-0.1402589,13.0507,196.7254,4.220398,0.624507,0.02923015,-0.7804694,0.0,0.0,0.0,1.412732,-0.0002572731,-2.874623,-0.03719994,0.1135396,0.7991731,-0.9598806,0.07169238,0.2710898,0.005670378,0.9715289,-0.2368528,-0.2803521,-0.2258131,-0.9329583,moving,14.773256080179602,4.467034851015627,-2.6650824162792635,8.085975262044721,-0.1584699999999999,-0.0776301131,-0.7588920000000003,0.2542700284630405,0.075325671529657,0.9641955142066369,15.267842120802923,5.498417250415967,17.73497641005495,17.809895541963705,18.1186434071712
3783,05/05/2023 12:22:25.188442,3981,True,True,True,True,Eyes,1.751195,0.08351164,-2.224857,-0.5014156,-0.1258798,-0.8560004,0.0,0.0,0.0,0.0,0.0,0.0,0.0,2.058556,-0.597639,-1.529256,1.563008,0.07738572,-2.117655,0.02091444,0.983055,-0.1194695,-0.1374501,13.24649,196.4252,4.35776,0.6239904,0.02925769,-0.7808816,0.0,0.0,0.0,1.415582,-0.0002480995,-2.874774,-0.03965977,0.1134813,0.7978146,-0.9613401,0.07396227,0.2652447,0.008277899,0.9705792,-0.2406396,-0.2752393,-0.2291408,-0.933669,moving,14.267788492671158,4.713830537216358,-2.845859748782507,8.095457526685452,-0.147426,-0.0776338195,-0.7571189999999999,0.2456709779922509,0.0796605636915786,0.966074519866988,14.769016240114125,5.7487055905888536,17.36563116705809,17.444550932257215,17.770512112873394
3784,05/05/2023 12:22:25.198724,3982,True,True,True,True,Eyes,1.743052,0.08311658,-2.221147,-0.4890598,-0.1252383,-0.8632126,0.0,0.0,0.0,0.0,0.0,0.0,0.0,2.040346,-0.592705,-1.550359,1.554881,0.07725838,-2.119976,0.02374522,0.9839437,-0.1149217,-0.1344775,12.69531,196.0731,4.564554,0.6234155,0.02928023,-0.7813401,0.0,0.0,0.0,1.41852,-0.0002386418,-2.874931,-0.04247615,0.1150108,0.7960309,-0.9627041,0.07763667,0.259179,0.01581915,0.9724584,-0.2325393,-0.2700943,-0.2197665,-0.9374177,moving,13.767013806754436,4.203567416521459,-3.05440184447708,8.221222805467294,-0.1363609999999999,-0.0774970218,-0.7549550000000003,0.237370277286721,0.0712053195452422,0.968806103661086,14.276600073913963,5.22044118319416,17.221947402416237,17.29455345869971,17.588869146134616
3785,05/05/2023 12:22:25.218959,3983,True,True,True,True,Eyes,1.734879,0.08275481,-2.217648,-0.4764816,-0.1252327,-0.8702195,0.0,0.0,0.0,0.0,0.0,0.0,0.0,2.02339,-0.5878043,-1.568775,1.546804,0.07467329,-2.121909,0.02539168,0.9845778,-0.1123272,-0.1316986,12.38629,195.7449,4.673841,0.6227846,0.02929484,-0.7818428,0.0,0.0,0.0,1.421405,-0.0002293569,-2.875085,-0.04568747,0.1149619,0.7943223,-0.9640215,0.07958682,0.2536306,0.02041348,0.9734758,-0.2278779,-0.2650393,-0.2145017,-0.9400762,moving,13.248041005924222,3.926706278608696,-3.2918857249940374,8.2352094516062,-0.125399,-0.0749026469,-0.7531759999999998,0.2286572830606321,0.0666660634869312,0.9712216046560056,13.765695877087875,4.93208854657521,17.02214337067797,17.091880407254024,17.374455324554383
3786,05/05/2023 12:22:25.238710,3984,True,True,True,True,Eyes,1.726685,0.08245562,-2.214408,-0.464104,-0.1248392,-0.8769394,0.0,0.0,0.0,0.0,0.0,0.0,0.0,2.005546,-0.6233146,-1.572255,1.538528,0.07510451,-2.123678,0.0280459,0.9839882,-0.1190594,-0.1296364,13.12255,195.594,5.06985,0.6220979,0.0293033,-0.7823891,0.0,0.0,0.0,1.42435,-0.0002198798,-2.875242,-0.04980615,0.1149909,0.7923751,-0.9648159,0.08606253,0.2484431,0.02432479,0.9700766,-0.2415777,-0.2617996,-0.2270346,-0.9380388,moving,12.700598246512785,4.671106944363438,-3.596696560980293,8.257221976618796,-0.1141779999999998,-0.0753243898,-0.7515640000000001,0.2191612914601237,0.0794560998865329,0.9724480019319036,13.22432214016513,5.693838352086301,16.605942032804194,16.687181879122328,17.0152168881506
3787,05/05/2023 12:22:25.248780,3985,True,True,True,True,Eyes,1.718468,0.08213468,-2.211362,-0.4514804,-0.1243807,-0.8835694,0.0,0.0,0.0,0.0,0.0,0.0,0.0,1.98596,-0.6256863,-1.591567,1.52976,0.0762304,-2.126647,0.03295714,0.9847321,-0.1143556,-0.1270416,12.52382,195.3089,5.5235,0.6213551,0.02930824,-0.7829792,0.0,0.0,0.0,1.427178,-0.000210779,-2.875392,-0.05461755,0.1145126,0.7902222,-0.9655488,0.09396373,0.2426662,0.03585205,0.9716733,-0.2335932,-0.2577415,-0.2168454,-0.9415666,moving,12.141867553890462,4.067450560765818,-3.953807216600021,8.245443322463982,-0.1025819999999999,-0.076441179,-0.748745,0.2098265729247707,0.0693517743275321,0.9752759278405668,12.674998235425374,5.069120924622689,16.554756737786814,16.629082050257797,16.929447561463363
3788,05/05/2023 12:22:25.268694,3986,True,True,True,True,Eyes,1.710261,0.08186546,-2.208542,-0.4390621,-0.1243639,-0.8898079,0.0,0.0,0.0,0.0,0.0,0.0,0.0,1.970728,-0.6259291,-1.604687,1.521489,0.07532705,-2.128372,0.03457785,0.9850948,-0.1129481,-0.1250423,12.34992,195.0813,5.661688,0.6205575,0.02930907,-0.7836114,0.0,0.0,0.0,1.430195,-0.0002010656,-2.875553,-0.05969939,0.1120813,0.7879494,-0.9663379,0.09637147,0.238546,0.03987835,0.9720942,-0.2311765,-0.254168,-0.2138817,-0.9432147,moving,11.565704892100737,3.9386623134674776,-4.332766121476792,8.095687590121598,-0.0912939999999999,-0.0755281156,-0.7471809999999999,0.2000369886904705,0.0673001892674322,0.9774742420454088,12.107372525056888,4.932652758405547,16.36013346708788,16.432961988646664,16.741653086356173
3789,05/05/2023 12:22:25.278494,3987,True,True,True,True,Eyes,1.702062,0.08165895,-2.205955,-0.4262699,-0.1238947,-0.8960716,0.0,0.0,0.0,0.0,0.0,0.0,0.0,1.95141,-0.6533992,-1.613241,1.513474,0.0764101,-2.13097,0.03611055,0.9847614,-0.1183368,-0.1222195,12.95819,194.8194,5.892424,0.6197056,0.02930781,-0.7842854,0.0,0.0,0.0,1.433139,-0.0001915921,-2.87571,-0.06480893,0.112236,0.7854111,-0.9675172,0.1000466,0.2321676,0.04219444,0.9693848,-0.2418937,-0.2492604,-0.2242401,-0.9421179,moving,11.103741006139389,4.597617242417961,-4.717127976801537,8.132562652469758,-0.080335,-0.0766016921,-0.7447400000000002,0.1919892369631872,0.0786663139809088,0.9782392246253522,11.650457488443465,5.607123299303108,16.127226262988156,16.210975739523775,16.56127102273923
3790,05/05/2023 12:22:25.298811,3988,True,True,True,True,Eyes,1.693901,0.08144454,-2.203554,-0.4135953,-0.1236014,-0.9020319,0.0,0.0,0.0,0.0,0.0,0.0,0.0,1.934586,-0.6369375,-1.636522,1.505507,0.07759196,-2.133998,0.03695529,0.9857831,-0.1125213,-0.1191838,12.30023,194.419,5.855688,0.6188002,0.02930672,-0.785,0.0,0.0,0.0,1.435918,-0.000182648,-2.875858,-0.06994715,0.1118442,0.7825758,-0.968859,0.09968124,0.2266622,0.04603837,0.9719465,-0.2306522,-0.2432952,-0.2130343,-0.9462683,moving,10.624761016415928,4.018356177268983,-5.107562788491266,8.133521728060895,-0.0695889999999999,-0.077774608,-0.74186,0.1839382059402603,0.0688804116521937,0.9805213675222804,11.179687149156956,5.008051003828935,16.18300170348901,16.261629678875178,16.584422744836584
3791,05/05/2023 12:22:25.318311,3989,True,True,True,True,Eyes,1.693901,0.08144454,-2.203554,-0.4135953,-0.1236014,-0.9020319,0.0,0.0,0.0,0.0,0.0,0.0,0.0,1.914298,-0.6414135,-1.654476,1.498179,0.07722681,-2.136056,0.03581029,0.9860861,-0.1145314,-0.1150404,12.57025,193.937,5.702153,0.6178436,0.0293053,-0.7857535,0.0,0.0,0.0,1.438881,-0.0001731106,-2.876016,-0.07492787,0.1073327,0.7800366,-0.9709666,0.09697553,0.2186766,0.04427259,0.9712004,-0.2341149,-0.2350822,-0.2176364,-0.9472966,moving,11.11972032008675,4.25596146454914,-5.486818771077032,7.834675464257869,-0.0592979999999998,-0.0773999206,-0.73996,0.1923475793343456,0.0728264724503069,0.9786207848376828,11.667013506190798,5.255864106916064,16.90521793972926,16.987770144373336,17.346591302425693
3792,05/05/2023 12:22:25.338486,3990,True,True,True,True,Eyes,1.693901,0.08144454,-2.203554,-0.4135953,-0.1236014,-0.9020319,0.0,0.0,0.0,0.0,0.0,0.0,0.0,1.892199,-0.6420338,-1.676504,1.490777,0.07727266,-2.138901,0.03402048,0.9865454,-0.115865,-0.1102089,12.77444,193.3592,5.452243,0.6169816,0.02930398,-0.7864306,0.0,0.0,0.0,1.441783,-0.0001637716,-2.876171,-0.07929698,0.1051821,0.7772844,-0.9733932,0.09266421,0.2095686,0.04158679,0.9708358,-0.236111,-0.2253357,-0.2211135,-0.9488586,moving,11.693880238963873,4.437957135320083,-5.8250467657355465,7.706451676447595,-0.0489939999999999,-0.0774364316,-0.7372699999999996,0.2020998512654937,0.0757828000884691,0.9764284634374794,12.232539719359712,5.447038662424021,17.733202694849815,17.821219373582913,18.198389402214527
3793,05/05/2023 12:22:25.350222,3991,True,True,True,True,Eyes,1.685244,0.08119535,-2.201544,-0.3996215,-0.1238073,-0.908281,0.0,0.0,0.0,0.0,0.0,0.0,0.0,1.869976,-0.6396158,-1.698731,1.483562,0.07650319,-2.141213,0.03239608,0.9870592,-0.1164558,-0.1053693,12.88944,192.7753,5.208652,0.6162049,0.02930277,-0.7870395,0.0,0.0,0.0,1.444531,-0.0001549275,-2.876317,-0.08303316,0.1042175,0.7742156,-0.9756958,0.08849544,0.2004661,0.03941197,0.9707771,-0.2367247,-0.2155569,-0.2230705,-0.9506709,moving,11.390303950543426,4.626030598454542,-6.1214656140447765,7.666525811658522,-0.039031,-0.0766581175,-0.7351039999999998,0.1968730599578927,0.0790733339632043,0.9772350648003274,11.932858437524072,5.638342927470372,17.682073729489254,17.77376393521513,18.167887680486444
3794,05/05/2023 12:22:25.368807,3992,True,True,True,True,Eyes,1.676656,0.08096604,-2.199718,-0.3857394,-0.123989,-0.9142385,0.0,0.0,0.0,0.0,0.0,0.0,0.0,1.845854,-0.6530345,-1.716358,1.476431,0.07632405,-2.143324,0.03160395,0.9871371,-0.1202936,-0.1004541,13.36438,192.2196,5.104484,0.6153452,0.02929997,-0.7877119,0.0,0.0,0.0,1.447518,-0.0001453124,-2.876477,-0.08700435,0.1023276,0.7709805,-0.9778206,0.08656285,0.1907205,0.03822688,0.9690613,-0.2438421,-0.2059275,-0.2311431,-0.950877,moving,11.118316399979504,5.146443053229399,-6.43853018938066,7.560337066689688,-0.0289129999999999,-0.0764693624,-0.7331530000000002,0.1920870335997681,0.0880312180121823,0.9774217451508552,11.663531385721967,6.171656395853951,17.622162198868775,17.722013047917187,18.15524902815601
3795,05/05/2023 12:22:25.388303,3993,True,True,True,True,Eyes,1.668221,0.08075941,-2.19806,-0.3701251,-0.1240364,-0.9206641,0.0,0.0,0.0,0.0,0.0,0.0,0.0,1.821255,-0.6559957,-1.738615,1.469407,0.07657068,-2.14594,0.03218758,0.9876369,-0.1200506,-0.09552624,13.35497,191.6468,5.10147,0.6144087,0.02929625,-0.7884428,0.0,0.0,0.0,1.450343,-0.00013622,-2.876627,-0.09162098,0.1059809,0.7672856,-0.9796774,0.08651524,0.1809622,0.04064331,0.9691036,-0.2432823,-0.1964187,-0.2309832,-0.9529253,moving,10.719467768793312,5.180707546363304,-6.8094027598762406,7.864187904102211,-0.0190639999999999,-0.0767069,-0.7306870000000001,0.1852667679774667,0.0887340421409749,0.9786738464127298,11.270301646463752,6.204113811231453,17.626266982362832,17.733086839048372,18.1557582439966
3796,05/05/2023 12:22:25.398473,3994,True,True,True,True,Eyes,1.659852,0.08057544,-2.196572,-0.3546167,-0.1239062,-0.9267654,0.0,0.0,0.0,0.0,0.0,0.0,0.0,1.795269,-0.6621321,-1.760073,1.462419,0.07701243,-2.148178,0.03322614,0.98806,-0.120231,-0.09043291,13.3902,191.0644,5.154802,0.6134017,0.02929226,-0.7892266,0.0,0.0,0.0,1.453243,-0.000126885,-2.876781,-0.09641507,0.1034844,0.7634879,-0.9814361,0.0874045,0.1707167,0.04391314,0.9688811,-0.2436004,-0.1866959,-0.2315814,-0.954733,moving,10.353503731435126,5.256648580878739,-7.197349537241289,7.718923645182146,-0.0091759999999998,-0.077139315,-0.7286029999999997,0.1789893052675283,0.0901376403144482,0.9797131678980744,10.90938836991364,6.27966214495383,17.61516332386049,17.7227325475193,18.163849572831214
3797,05/05/2023 12:22:25.424232,3995,True,True,True,True,Eyes,1.651741,0.08038111,-2.195249,-0.3392826,-0.1236489,-0.9325225,0.0,0.0,0.0,0.0,0.0,0.0,0.0,1.769423,-0.6572671,-1.785378,1.455516,0.07733165,-2.150796,0.03378155,0.988778,-0.1180039,-0.08515885,13.15615,190.4358,5.1202,0.6123293,0.02928865,-0.7900591,0.0,0.0,0.0,1.456157,-0.0001175071,-2.876937,-0.1014812,0.1043572,0.7599245,-0.9832137,0.08690307,0.1604337,0.04670677,0.9698678,-0.2391129,-0.1763791,-0.2276057,-0.9576462,moving,10.014436392020755,5.080025746356077,-7.606342704036799,7.819277602693472,0.0006409999999998,-0.0774491571,-0.7261409999999997,0.1732337745618872,0.0872082861902782,0.981012089788406,10.5755825540558,6.095652620672805,17.723520114582882,17.832424307550188,18.263441328772387
3798,05/05/2023 12:22:25.428460,3996,True,True,True,True,Eyes,1.643689,0.08022775,-2.194072,-0.3240685,-0.123467,-0.9379421,0.0,0.0,0.0,0.0,0.0,0.0,0.0,1.744003,-0.654681,-1.808181,1.448676,0.07721966,-2.152916,0.03385249,0.989331,-0.1169424,-0.08001637,13.06004,189.826,5.046993,0.6111997,0.02928468,-0.7909337,0.0,0.0,0.0,1.459201,-0.0001077125,-2.877099,-0.1073755,0.1066794,0.7553982,-0.9849026,0.08569724,0.1504077,0.04826802,0.970357,-0.236807,-0.1662429,-0.225972,-0.9598436,moving,9.68050868326634,5.043052903104708,-8.090068740920408,8.038309663687604,0.0105249999999998,-0.0773273724999999,-0.724183,0.167521400638654,0.0866620435367641,0.982052007926136,10.246513861910492,6.055299820999688,17.90559437076302,18.02123705661832,18.443497216814333
3799,05/05/2023 12:22:25.448386,3997,True,True,True,True,Eyes,1.635713,0.0801309,-2.193038,-0.3088234,-0.1230915,-0.9431207,0.0,0.0,0.0,0.0,0.0,0.0,0.0,1.716785,-0.6643997,-1.828111,1.441947,0.0780831,-2.155332,0.03537076,0.9896016,-0.1176101,-0.07487042,13.14863,189.2485,5.162217,0.6100167,0.0292817,-0.7918466,0.0,0.0,0.0,1.46183,-9.925093e-05,-2.877239,-0.112691,0.09939439,0.7520056,-0.9862868,0.08761696,0.1398638,0.05239489,0.9698336,-0.2380708,-0.1565037,-0.2274779,-0.9611248,moving,9.354334513743174,5.172798117902225,-8.5225808100138,7.529279114180353,0.0198829999999998,-0.07818235093,-0.7219069999999999,0.1618950170488348,0.0889703757417172,0.9827890619168668,9.924695067628935,6.186459710564787,17.92141002209362,18.031558562104298,18.496084754795703
3800,05/05/2023 12:22:25.468213,3998,True,True,True,True,Eyes,1.627793,0.08006354,-2.192128,-0.293607,-0.1227092,-0.9480176,0.0,0.0,0.0,0.0,0.0,0.0,0.0,1.687347,-0.6637148,-1.853386,1.435374,0.07935163,-2.1578,0.03710333,0.9902225,-0.1153739,-0.06907684,12.90679,188.5766,5.263615,0.6087836,0.0292815,-0.792795,0.0,0.0,0.0,1.46502,-8.898101e-05,-2.877409,-0.1187274,0.0977131,0.7479405,-0.9877035,0.08942045,0.1282414,0.05754179,0.9706244,-0.2336176,-0.1453644,-0.2233657,-0.9638346,moving,9.092405686598273,4.965390881238009,-9.019822001212274,7.44313122880907,0.029646,-0.07944061101,-0.7196090000000002,0.1574488658014209,0.0854744062577353,0.9838211060229062,9.66699797661512,5.971328368092772,18.17220876295363,18.28091871447036,18.74469110293743
3801,05/05/2023 12:22:25.488951,3999,True,True,True,True,Eyes,1.431595,0.07911141,-2.172203,0.1117813,-0.1073462,-0.9879179,0.7016238,1.510023,0.003794767,-2.865349,-0.05683435,0.2490569,0.9668198,-0.1686677,0.09495419,0.6873649,1.428662,0.07999237,-2.160006,0.03810612,0.9906687,-0.1149035,-0.0626163,12.87886,187.8308,5.290784,0.6075042,0.02928472,-0.7937757,0.0,0.0,0.0,1.467605,-8.066138e-05,-2.877547,-0.1253365,0.1074573,0.7427955,-0.9892545,0.08989073,0.115307,0.06111141,0.9706902,-0.2324347,-0.1328211,-0.2228905,-0.9657531,moving,-13.66345612044769,7.818716178423672,-9.577654874905708,8.231647106313826,0.0389429999999999,-0.0800730313799999,-0.7175409999999998,-0.2341433489016219,0.1322575985173677,0.9631639853234196,-12.7704011746877,8.74709860195177,4.080453423358315,4.106614636081724,3.234087070430694
3802,05/05/2023 12:22:25.498506,4000,True,True,True,True,Eyes,1.431321,0.07916138,-2.172281,0.1123187,-0.1074725,-0.9878432,0.7021417,1.510185,0.00370045,-2.865887,-0.235866,0.2421691,0.9411278,-0.1658847,0.09573072,0.6873732,1.421861,0.08074312,-2.162021,0.0390029,0.990923,-0.1159328,-0.05576732,13.02704,187.0493,5.313876,0.6009642,0.02942608,-0.7987334,-0.588595,-0.002856374,0.05977607,1.470511,-7.130911e-05,-2.877702,-0.1322174,0.0991766,0.7389841,-0.9907376,0.09022826,0.1014788,0.06436721,0.9700767,-0.2341111,-0.1195657,-0.2254108,-0.9668993,moving,-12.89946956029937,7.911801350526474,-10.14390213991882,7.643802564518467,0.0486499999999998,-0.08081442911,-0.715681,-0.2212205607080204,0.1342381538838176,0.9659407838858828,-12.017551480662476,8.848158282082485,2.7377496355587043,2.768569153473411,2.227337995567417
3803,05/05/2023 12:22:25.518852,4001,True,True,True,True,Eyes,1.430824,0.07925789,-2.172444,0.1134156,-0.1076697,-0.9876963,0.7031888,1.510577,0.003545754,-2.866982,-0.4165158,0.2312043,0.8792378,-0.16368,0.09648582,0.6879113,1.414883,0.08201645,-2.164125,0.03941633,0.9911022,-0.1173281,-0.04895959,13.22106,186.2687,5.282125,0.5954447,0.02954337,-0.8028522,-0.5532793,-0.002684991,0.0561895,1.473606,-6.134828e-05,-2.877867,-0.1397829,0.09807125,0.7352282,-0.9920986,0.08961987,0.08779863,0.06664253,0.9693609,-0.2364279,-0.1062972,-0.2287087,-0.9676741,moving,-12.17315919869567,8.035708572417523,-10.764701751748044,7.5977691083405725,0.058723,-0.08207779828,-0.7137420000000003,-0.2088871746152638,0.1367064215111646,0.9683374134329436,-11.301912211163218,8.980653689396021,1.4498019856726891,1.474972323149906,1.4835649100143773
3804,05/05/2023 12:22:25.538985,4002,True,True,True,True,Eyes,1.430069,0.07937917,-2.172679,0.1149802,-0.1078482,-0.987496,0.704565,1.51108,0.003393084,-2.868434,-0.5689116,0.2204359,0.7923052,-0.1619196,0.09539707,0.6888549,1.407974,0.08331061,-2.166422,0.03928508,0.9913937,-0.1174765,-0.04235948,13.27369,185.4961,5.178436,0.5907657,0.02964348,-0.8062978,-0.5200826,-0.002523892,0.05281813,1.476459,-5.2167e-05,-2.878019,-0.1452768,0.1050232,0.7301806,-0.9933246,0.08784645,0.0747597,0.06794147,0.969312,-0.2362591,-0.09322,-0.2296027,-0.9688098,moving,-11.5007055961841,8.008669325020145,-11.252630371529271,8.184822503892134,0.0684849999999999,-0.083362777,-0.7115970000000003,-0.1975116694411907,0.136578350112008,0.9707396795055384,-10.639004397722417,8.957534953821613,0.3043723644711314,0.3042552538810946,0.9867225374979698
3805,05/05/2023 12:22:25.549024,4003,True,True,True,True,Eyes,1.42909,0.0795074,-2.172975,0.1170437,-0.1081075,-0.9872252,0.7065158,1.511783,0.003127754,-2.870465,-0.7169393,0.202087,0.6672023,-0.1608098,0.09447288,0.6904994,1.400883,0.08399329,-2.168514,0.03846636,0.9916928,-0.1173687,-0.03592097,13.29848,184.7315,4.994502,0.5867086,0.02973288,-0.8092514,-0.4888776,-0.002372458,0.04964904,1.479112,-4.362618e-05,-2.87816,-0.1508393,0.09496988,0.7271382,-0.9944602,0.08472562,0.06221565,0.06786165,0.9694899,-0.2355508,-0.08027463,-0.2300238,-0.9698687,moving,-10.87813149500615,7.9385567290253505,-11.719357430367156,7.441151942143461,0.0782289999999998,-0.08403691618,-0.7096459999999998,-0.1869756072729549,0.1356754240623542,0.972950336025118,-10.025161802391535,8.88977026086601,0.9775066393297518,0.9772781570960342,2.229079150499204
3806,05/05/2023 12:22:25.568689,4004,True,True,True,True,Eyes,1.427872,0.07964101,-2.173332,0.1194776,-0.1083787,-0.9869038,0.705934,1.512215,0.00313279,-2.870021,-0.6881211,0.2024163,0.6967905,-0.1596377,0.09474456,0.6896529,1.393807,0.08431856,-2.170399,0.03726071,0.9918495,-0.1181453,-0.02979864,13.42333,184.0038,4.774186,0.5830138,0.02981802,-0.8119143,-0.459545,-0.002230111,0.0466701,1.481995,-3.434719e-05,-2.878314,-0.1540931,0.09802111,0.7237578,-0.9954472,0.08095518,0.05030717,0.06687291,0.9693067,-0.2365853,-0.06791588,-0.232144,-0.9703074,moving,-10.313245817522068,7.968126371109908,-12.01920917710484,7.712844030016528,0.0881879999999999,-0.08435290719,-0.7079149999999998,-0.1773558183035143,0.1364245839526826,0.9746451644455628,-9.468418134741302,8.924119940048023,1.7161962422730084,1.7249579872892709,2.823778368077899
3807,05/05/2023 12:22:25.588505,4005,True,True,True,True,Eyes,1.426448,0.07976925,-2.173742,0.122283,-0.1087141,-0.9865233,0.7138818,1.513744,0.002160192,-2.878003,-0.9731721,0.1363449,0.1853275,-0.1605605,0.09574404,0.6970614,1.386729,0.08454054,-2.172367,0.03569666,0.9920021,-0.118653,-0.02406356,13.51442,183.3143,4.514547,0.5796402,0.02989973,-0.8143232,-0.4319723,-0.002096304,0.04386989,1.484899,-2.500173e-05,-2.878469,-0.1564309,0.0993321,0.7201607,-0.9962933,0.07653275,0.03927117,0.0651119,0.9692944,-0.2371261,-0.05621324,-0.2336901,-0.9706848,moving,-9.816193172305946,7.961412603756772,-12.2552184034946,7.853281264569224,0.0981699999999998,-0.08456554173,-0.706102,-0.1688918597081588,0.1365164562763992,0.9761346761388784,-8.978452655725404,8.920681471101398,2.4226379121982795,2.441420992964827,3.446235187368725
3808,05/05/2023 12:22:25.598449,4006,True,True,True,True,Eyes,1.424818,0.07988445,-2.1742,0.1254323,-0.1090738,-0.9860881,0.0,0.0,0.0,0.0,0.0,0.0,0.0,1.43127,-0.6881014,-2.028844,1.379793,0.08474436,-2.174217,0.03409908,0.9920646,-0.1196068,-0.01842059,13.65406,182.6369,4.252918,0.5765508,0.02997832,-0.8165105,-0.4060539,-0.001970526,0.0412377,1.487802,-1.56576e-05,-2.878623,-0.158734,0.1004475,0.7171894,-0.9969958,0.07206344,0.02839186,0.06325053,0.9690629,-0.2385715,-0.04470579,-0.236059,-0.9707097,moving,-9.34944142016346,8.007468117819021,-12.47996710578889,7.972821612977233,0.108009,-0.0847600176,-0.7044060000000001,-0.1609125989721797,0.1374868873320642,0.9773456850035708,-8.51847940519562,8.97130145355268,3.10337859301434,3.1307174015963697,4.085382086658154
3809,05/05/2023 12:22:25.618589,4007,True,True,True,True,Eyes,1.422983,0.07999185,-2.174705,0.1290905,-0.1094481,-0.9855744,0.0,0.0,0.0,0.0,0.0,0.0,0.0,1.401351,-0.6881105,-2.046955,1.373086,0.08451003,-2.175959,0.03272339,0.9921167,-0.1203087,-0.0126275,13.76228,181.9429,4.012737,0.5737124,0.03005378,-0.8185046,-0.3816907,-0.001852294,0.03876344,1.490768,-6.113049e-06,-2.878781,-0.1608929,0.105915,0.7140208,-0.9975395,0.06796923,0.0171821,0.06189243,0.96891,-0.239547,-0.03292973,-0.2378941,-0.9707328,moving,-8.895128611797539,8.029531588729547,-12.69857678067216,8.437501531779056,0.117682,-0.084516143049,-0.7028219999999998,-0.153146198947601,0.1380357295306478,0.9785154678593808,-8.070710810325977,8.997160445526626,3.7775484616950536,3.825265670217892,4.661583587068384
3810,05/05/2023 12:22:25.638414,4008,True,True,True,True,Eyes,1.420952,0.08008622,-2.175249,0.1331168,-0.1098211,-0.9849971,0.0,0.0,0.0,0.0,0.0,0.0,0.0,1.367825,-0.688064,-2.066902,1.366351,0.08419813,-2.177718,0.03202006,0.9921744,-0.1205271,-0.006170106,13.81411,181.1779,3.83958,0.5710948,0.03012626,-0.8203305,-0.3587892,-0.001741157,0.03643763,1.49381,3.679105e-06,-2.878943,-0.1631768,0.1051172,0.7113898,-0.9978736,0.0650263,0.004525071,0.06205164,0.9688959,-0.2395629,-0.01996221,-0.2387727,-0.9708706,moving,-8.38498448967802,8.006422033702124,-12.918884197103276,8.405382973347129,0.127459,-0.084194450895,-0.701225,-0.1444321401330001,0.1378236635292645,0.9798693985036134,-7.567802300563694,8.976951274739669,4.4974303445445,4.551419162014552,5.381520954770166
3811,05/05/2023 12:22:25.648595,4009,True,True,True,True,Eyes,1.418714,0.08016541,-2.175833,0.1376812,-0.1102272,-0.9843241,0.0,0.0,0.0,0.0,0.0,0.0,0.0,1.333351,-0.6886485,-2.086349,1.359484,0.0839551,-2.179373,0.03152853,0.9921827,-0.1207452,0.0003680403,13.86445,180.4062,3.689536,0.5686706,0.03019569,-0.8220103,-0.3372619,-0.001636687,0.03425137,1.496447,1.216774e-05,-2.879084,-0.1649046,0.1049393,0.7092995,-0.9980118,0.06247523,-0.008344159,0.06265299,0.9688531,-0.2395793,-0.006883507,-0.2396257,-0.9708411,moving,-7.896756117574013,7.987001758982675,-13.088155436712542,8.415736078385985,0.1369630000000001,-0.08394293226,-0.6997110000000002,-0.1360805492948073,0.1376559193646226,0.9810876689988488,-7.086505053314385,8.960383457774457,5.148182388867187,5.209072854874099,6.02631297663986
3812,05/05/2023 12:22:25.668677,4010,True,True,True,True,Eyes,1.416286,0.08023561,-2.176456,0.1426112,-0.1105369,-0.9835871,0.0,0.0,0.0,0.0,0.0,0.0,0.0,1.29636,-0.6910837,-2.106015,1.35256,0.0836494,-2.181062,0.03216205,0.9921414,-0.1207037,0.007194113,13.88494,179.6157,3.6666,0.5664151,0.03026193,-0.8235636,-0.3170262,-0.001538486,0.03219629,1.499277,2.127391e-05,-2.879235,-0.1666109,0.1012421,0.7074641,-0.9978279,0.0620819,-0.02203931,0.06555532,0.9687924,-0.2390474,0.006510999,-0.2399729,-0.9707578,moving,-7.394858666676057,7.961976244082852,-13.251934985718249,8.144054726420137,0.146717,-0.08362812609,-0.6981730000000002,-0.1274861635119598,0.1373856439076794,0.9822791898816416,-6.591720853500051,8.93814633931035,5.801350734779523,5.859905765523458,6.707386508668004
3813,05/05/2023 12:22:25.688282,4011,True,True,True,True,Eyes,1.413679,0.08029789,-2.177114,0.1479661,-0.1107826,-0.9827682,0.0,0.0,0.0,0.0,0.0,0.0,0.0,1.258414,-0.6884792,-2.126998,1.345453,0.08348218,-2.182778,0.03289621,0.9921994,-0.1194077,0.01414572,13.76163,178.8075,3.653962,0.564306,0.03032506,-0.8250079,-0.2980046,-0.001446177,0.03026451,1.502305,3.102053e-05,-2.879396,-0.168702,0.09972349,0.7058339,-0.9974355,0.06190097,-0.03592686,0.06865741,0.9693192,-0.2360217,0.02021463,-0.2378831,-0.9710834,moving,-6.905529047735006,7.798891559548055,-13.44213682471888,8.041787282470008,0.156852,-0.08345115947,-0.696618,-0.1191364058090226,0.1347299674700234,0.9836942811766488,-6.108999576639175,8.773836751618541,6.476827780882006,6.541119136840412,7.369586034809191
3814,05/05/2023 12:22:25.698765,4012,True,True,True,True,Eyes,1.410888,0.08034787,-2.177812,0.1536544,-0.110956,-0.9818753,0.0,0.0,0.0,0.0,0.0,0.0,0.0,1.220028,-0.684795,-2.147729,1.338383,0.08332549,-2.184477,0.03317224,0.9922127,-0.1181655,0.02122544,13.64461,177.9784,3.587782,0.5623236,0.03038521,-0.8263581,-0.2801243,-0.001359406,0.02844864,1.505115,4.006504e-05,-2.879546,-0.1704311,0.1000351,0.7039271,-0.9968982,0.06081159,-0.04995994,0.07084405,0.969873,-0.2330825,0.03428067,-0.2358989,-0.9711727,moving,-6.422054717650851,7.640083193949241,-13.61024275283533,8.08814758448477,0.1667319999999998,-0.08328542496,-0.6950690000000002,-0.1108707819295231,0.1321301389037715,0.9850123397364404,-5.632059991726455,8.613884246377369,7.12796652551965,7.202139191048398,7.995486177044696
3815,05/05/2023 12:22:25.719240,4013,True,True,True,True,Eyes,1.407953,0.08038541,-2.178531,0.1597067,-0.1111588,-0.9808861,0.0,0.0,0.0,0.0,0.0,0.0,0.0,1.181671,-0.6817565,-2.167356,1.331084,0.08304869,-2.186294,0.03321019,0.9921435,-0.1172706,0.02821546,13.56643,177.158,3.4962,0.56045,0.03044228,-0.827628,-0.2633168,-0.001277842,0.02674172,1.508042,4.948378e-05,-2.879702,-0.1714432,0.09585772,0.7029435,-0.9962022,0.05928085,-0.06377672,0.07251623,0.9702894,-0.2308244,0.04819842,-0.2345726,-0.9709033,moving,-5.970510267810016,7.517859877670829,-13.706466012448445,7.765309109380331,0.1769580000000001,-0.08299920622,-0.6934079999999998,-0.1031320160689382,0.1301375803310928,0.986117664106401,-5.18668020861696,8.491334408464898,7.669771352630126,7.739912299585696,8.55066446997421
3816,05/05/2023 12:22:25.731981,4014,True,True,True,True,Eyes,1.404842,0.08041384,-2.179276,0.1660775,-0.1113612,-0.9798045,0.0,0.0,0.0,0.0,0.0,0.0,0.0,1.142077,-0.6817057,-2.185574,1.323794,0.08282285,-2.187808,0.03362135,0.9919478,-0.1168786,0.03533872,13.54748,176.3288,3.446307,0.5586701,0.03049621,-0.8288285,-0.2475178,-0.001201171,0.02513722,1.510876,5.860623e-05,-2.879853,-0.1715194,0.09475074,0.7020911,-0.9952418,0.05844055,-0.07796756,0.07496192,0.970418,-0.2294986,0.06224909,-0.2342511,-0.9701813,moving,-5.520923485337582,7.46026387629992,-13.728346517939396,7.685918446575883,0.1870820000000002,-0.08276424377,-0.6920450000000002,-0.0954022908053551,0.1292463423262256,0.9870125110637262,-4.7433824002600575,8.435235885692881,8.138181778745533,8.210524515593944,9.016155323670398
3817,05/05/2023 12:22:25.748894,4015,True,True,True,True,Eyes,1.40154,0.08043391,-2.180045,0.1728689,-0.1116356,-0.9785979,0.7142071,1.525004,0.0007029697,-2.878966,-0.9861328,0.03674415,0.1618393,-0.1484349,0.09440932,0.7034516,1.316353,0.08261609,-2.189368,0.03370973,0.9916612,-0.1168766,0.0425628,13.57238,175.4842,3.356182,0.5569693,0.03054705,-0.8299706,-0.2326668,-0.001129101,0.02362899,1.513723,6.776973e-05,-2.880005,-0.1711505,0.09573957,0.7014194,-0.994104,0.05690807,-0.0922955,0.07680644,0.970407,-0.2289344,0.07653598,-0.2346735,-0.9690565,moving,-5.084377573810743,7.439613577594241,-13.712558068866771,7.772501259575107,0.1973699999999998,-0.08254832027,-0.6906370000000002,-0.0878824601879181,0.1289802135541828,0.9877453069297856,-4.313026162108567,8.417042661329049,8.55577000390289,8.634599751238033,9.42160462366897
3818,05/05/2023 12:22:25.768665,4016,True,True,True,True,Eyes,1.39807,0.08045771,-2.180827,0.1799642,-0.1120198,-0.9772739,0.7108703,1.526001,0.0008261651,-2.875542,-0.919679,0.04495711,0.3900889,-0.1467903,0.09538455,0.7013984,1.308895,0.08241799,-2.190843,0.0335082,0.9912187,-0.1177614,0.04995077,13.69787,174.6177,3.225371,0.5553342,0.0305949,-0.8310638,-0.2187068,-0.001061355,0.02221125,1.516824,7.775149e-05,-2.88017,-0.1713471,0.09665846,0.7008022,-0.9927645,0.05466337,-0.1069162,0.07819246,0.9700189,-0.2301071,0.09113232,-0.2368021,-0.9672745,moving,-4.645434742312448,7.510635680030035,-13.739346112032043,7.8529994047655665,0.207929,-0.08234023851,-0.689327,-0.0802989844111877,0.1302881315289793,0.9882190548558094,-3.880523266303081,8.493145221390954,9.015887917963926,9.100353670068552,9.87958372453062
3819,05/05/2023 12:22:25.788610,4017,True,True,True,True,Eyes,1.394442,0.08048961,-2.181628,0.187383,-0.112429,-0.9758316,0.7087136,1.527243,0.0008096248,-2.873214,-0.8370429,0.04386196,0.5453765,-0.1452757,0.09720394,0.7007319,1.301291,0.08253569,-2.192152,0.03343421,0.9906305,-0.1192956,0.05746366,13.89824,173.7385,3.102126,0.5537535,0.0306403,-0.8321164,-0.2055843,-0.0009976737,0.02087857,1.519613,8.672621e-05,-2.880318,-0.1715748,0.09557962,0.7003319,-0.9911603,0.05253157,-0.1218276,0.0799522,0.9693014,-0.2325131,0.1058734,-0.2401981,-0.9649332,moving,-4.209324212723865,7.657489289579994,-13.765797820594395,7.7715766014509535,0.2183220000000001,-0.08244896379,-0.6881659999999998,-0.072749415557646,0.1328978040110561,0.9884562086979982,-3.4509908817825456,8.647215776285073,9.472855210802893,9.557154583486446,10.351907367701148
3820,05/05/2023 12:22:25.798718,4018,True,True,True,True,Eyes,1.390652,0.08052481,-2.182428,0.1951035,-0.1129073,-0.9742621,0.7071714,1.528624,0.0006799921,-2.871399,-0.7448728,0.03521569,0.6662765,-0.1438124,0.09723486,0.7008208,1.293714,0.08276193,-2.193633,0.03338064,0.9901234,-0.119618,0.06506115,13.95836,172.8465,2.985007,0.5522166,0.0306839,-0.8331354,-0.1932493,-0.0009378133,0.01962586,1.522538,9.61413e-05,-2.880474,-0.172385,0.09462126,0.700041,-0.9893056,0.05053693,-0.136823,0.08166687,0.9691545,-0.2325296,0.1208513,-0.2412167,-0.9629171,moving,-3.784755193329525,7.662599520375115,-13.833837896871866,7.697749699904651,0.2288239999999999,-0.0826657886999999,-0.6868409999999998,-0.0654215219724408,0.1330536357422649,0.9889473333198914,-3.0325010836164905,8.655432050873033,9.96290536474628,10.049144178374336,10.843709348684246
3821,05/05/2023 12:22:25.818274,4019,True,True,True,True,Eyes,1.386699,0.08056838,-2.183232,0.2031118,-0.1134979,-0.9725553,0.7060858,1.530114,0.0004291087,-2.86994,-0.6455514,0.01849061,0.7634929,-0.1421684,0.09855303,0.7018344,1.285928,0.08287606,-2.194609,0.03354842,0.9894482,-0.1206308,0.07290401,14.09955,171.9287,2.884096,0.5507153,0.03072611,-0.834127,-0.1816543,-0.0008815445,0.01844831,1.525478,0.0001056019,-2.880631,-0.1736186,0.09520733,0.6997498,-0.9871189,0.04879991,-0.1523634,0.08397777,0.9686455,-0.2338242,0.1361755,-0.2436074,-0.9602664,moving,-3.3470049743463046,7.744182980242811,-13.934562774925928,7.748035367062501,0.2395499999999999,-0.0827704581,-0.6860220000000004,-0.057852351033389,0.1345246434154025,0.989220002808075,-2.601198643618866,8.742387959677623,10.49569359948829,10.587558501443976,11.376901142720625
3822,05/05/2023 12:22:25.828725,4020,True,True,True,True,Eyes,1.382582,0.08062873,-2.184027,0.2114043,-0.1141585,-0.970709,0.7053986,1.531707,0.0001014993,-2.868763,-0.5394365,-0.003347058,0.8420197,-0.1404112,0.1004189,0.703169,1.277976,0.08314091,-2.195732,0.03408081,0.9886302,-0.1220315,0.08097586,14.28868,170.9882,2.816863,0.5492404,0.03076751,-0.8350974,-0.1707551,-0.0008286518,0.01734141,1.528343,0.0001148244,-2.880784,-0.1753712,0.09537131,0.6994175,-0.9845626,0.04762344,-0.1684282,0.08714985,0.9678937,-0.2357686,0.1517925,-0.2468075,-0.9571024,moving,-2.897989503321075,7.872271906926544,-14.076084000878804,7.764860115318973,0.250367,-0.0830260856,-0.6850519999999998,-0.0500826290332295,0.1367932891100976,0.9893327196577,-2.158901516304601,8.877250258138002,11.081866028416488,11.178610552716592,11.968987016472326
3823,05/05/2023 12:22:25.848743,4021,True,True,True,True,Eyes,1.37829,0.08070026,-2.184815,0.2198892,-0.1148783,-0.9687372,0.7050918,1.533332,-0.0002994612,-2.867863,-0.4309919,-0.03007005,0.9018546,-0.1389028,0.1016744,0.7053705,1.269821,0.08361187,-2.196522,0.03460189,0.9878,-0.1230448,0.08896079,14.43276,170.056,2.750189,0.5477857,0.03080892,-0.8360508,-0.1605098,-0.0007789327,0.01630092,1.531204,0.0001240314,-2.880936,-0.1771195,0.09617762,0.699226,-0.9817774,0.04646717,-0.1842661,0.09025181,0.9673254,-0.2369309,0.1672357,-0.2492438,-0.9538921,moving,-2.471878239816134,7.953577215641976,-14.214486458263655,7.831814433639621,0.2613829999999999,-0.0834878386,-0.6844140000000003,-0.0427149141500491,0.1382444225422872,0.9894766103837288,-1.7390710532689675,8.963838942297391,11.6396931982045,11.743239499687991,12.52667030840122
3824,05/05/2023 12:22:25.868331,4022,True,True,True,True,Eyes,1.373832,0.0807904,-2.185596,0.2285997,-0.115556,-0.966638,0.7051292,1.535024,-0.0006915182,-2.867201,-0.3183088,-0.0562193,0.9463187,-0.1378762,0.1032868,0.7078507,1.261517,0.08395357,-2.197306,0.03530835,0.98692,-0.1240784,0.096679,14.58038,169.1566,2.706644,0.5463434,0.03085092,-0.8369924,-0.1508792,-0.0007321967,0.01532287,1.534041,0.000133163,-2.881087,-0.1784095,0.09711967,0.6992638,-0.9788131,0.04570149,-0.1995909,0.09368457,0.9667158,-0.2380837,0.1820669,-0.251738,-0.9505156,moving,-2.089675585345877,8.044287403434147,-14.313032027085736,7.907138408333981,0.272524,-0.083820407,-0.6837809999999998,-0.0361053098231714,0.139847259167672,0.9895146212795206,-1.362543897020949,9.059793732401753,12.114090401012492,12.224125839857846,13.001682856578634
3825,05/05/2023 12:22:25.878157,4023,True,True,True,True,Eyes,1.369172,0.08088092,-2.186376,0.2374707,-0.116087,-0.9644333,0.705476,1.536702,-0.001015656,-2.86676,-0.2064178,-0.0778057,0.9753655,-0.1373642,0.1028164,0.7109376,1.252985,0.08448181,-2.19813,0.03603751,0.9861892,-0.1236172,0.1041683,14.5561,168.2836,2.68407,0.544908,0.03089427,-0.837926,-0.1418264,-0.0006882649,0.0144035,1.537015,0.0001427337,-2.881246,-0.1789498,0.09768829,0.6996981,-0.9757008,0.04532563,-0.214369,0.0968336,0.9668402,-0.236312,0.1965496,-0.2513279,-0.9477358,moving,-1.7484897121124363,7.97424849287113,-14.34604734717739,7.947969581349151,0.28403,-0.0843390763,-0.6831160000000001,-0.0302174016626457,0.1386646701807225,0.9898783425031634,-1.026068606773624,8.990142556402104,12.482283988222116,12.597585044363626,13.360687039023816
3826,05/05/2023 12:22:25.898720,4024,True,True,True,True,Eyes,1.36434,0.08096155,-2.187149,0.2464931,-0.1164992,-0.962117,0.7061315,1.538397,-0.001302198,-2.86653,-0.09345809,-0.09692366,0.9908941,-0.1374946,0.1021786,0.7144127,1.244199,0.0845414,-2.19884,0.03736227,0.9855129,-0.1224,0.1112959,14.45207,167.4618,2.746257,0.5434737,0.03093897,-0.8388554,-0.1333168,-0.000646969,0.01353929,1.539798,0.0001516938,-2.881394,-0.1793341,0.09829381,0.7003914,-0.9724346,0.04639676,-0.2285133,0.1008872,0.9672446,-0.2329369,0.2102207,-0.24957,-0.9452629,moving,-1.460332657267157,7.836163243138801,-14.36193927260844,7.988786259830127,0.2955989999999999,-0.0843897062,-0.6825539999999997,-0.025247028451013,0.1362974160396929,0.9903462200526374,-0.7417040028490001,8.850140373580405,12.782435022507908,12.90250933122088,13.6474444389004
3918,05/05/2023 12:22:27.438617,4116,True,True,True,True,Eyes,0.7071216,0.08519962,-2.312337,0.8311194,-0.1008972,-0.546864,0.0,0.0,0.0,0.0,0.0,0.0,0.0,-1.613642,-0.3637925,-1.768524,0.5183958,0.08528101,-2.363864,0.07518858,0.8866476,-0.07968556,0.4492806,12.056,126.638,3.618997,0.3213822,0.03526094,-0.9462926,0.0,0.0,0.0,1.539803,0.0001517087,-2.881394,-0.2581748,0.1541484,1.003296,-0.5849877,0.06172924,-0.8086901,0.2049339,0.9759938,-0.07374448,0.7847242,-0.2088676,-0.5835947,moving,-2.8945493334960672,6.449023096304939,-14.430650197333968,8.7347349878196,1.0214072,-0.0851293013,-0.5175299999999998,-0.0501791933955569,0.1121776736737422,0.9924203517660848,-2.152156872638733,7.413555922586255,11.615126440252752,11.760361473681542,12.349368908855071
3919,05/05/2023 12:22:27.453305,4117,True,True,True,True,Eyes,0.6993932,0.08520539,-2.314251,0.8346227,-0.1010126,-0.5414807,0.0,0.0,0.0,0.0,0.0,0.0,0.0,-1.634544,-0.3988071,-1.740208,0.5074253,0.08545484,-2.365232,0.07921853,0.8840527,-0.08922519,0.4519008,13.25924,126.2575,3.500219,0.3184827,0.03525765,-0.9472725,0.0,0.0,0.0,1.537682,-0.001641301,-2.881136,-0.2513909,0.1520732,1.008472,-0.5790204,0.05942483,-0.8131447,0.2207085,0.9715266,-0.08616169,0.7848716,-0.2293573,-0.5756493,moving,-2.8316248319247226,7.636407344678638,-13.99735707956336,8.57534515319248,1.0302567,-0.087096141,-0.5159040000000004,-0.0489639913898805,0.1327268149076437,0.9899424555691022,-2.092929436703871,8.635141775402213,11.079269070109657,11.205140821703855,11.904577822842136
3920,05/05/2023 12:22:27.468425,4118,True,True,True,True,Eyes,0.6915634,0.08519836,-2.316156,0.8381149,-0.1009043,-0.5360799,0.0,0.0,0.0,0.0,0.0,0.0,0.0,-1.656578,-0.3829361,-1.72383,0.4982025,0.08701165,-2.367847,0.07946701,0.8824282,-0.08631783,0.4555818,12.98794,125.7997,3.624393,0.3155587,0.03525555,-0.9482507,0.0,0.0,0.0,1.535457,-0.003522831,-2.880865,-0.2456202,0.1495869,1.014045,-0.5722604,0.0615982,-0.8177552,0.2188975,0.9724684,-0.07993114,0.7903175,-0.224746,-0.569989,moving,-2.7425435451012223,7.373045530540037,-13.615846679279205,8.391471014006916,1.0372545,-0.090534481,-0.5130180000000002,-0.0474534055933129,0.1281844826148556,0.9906143726288592,-2.004500574429993,8.364912581883429,10.80252823132844,10.920893347757753,11.611376478131858
3921,05/05/2023 12:22:27.478452,4119,True,True,True,True,Eyes,0.683652,0.08521515,-2.318048,0.841333,-0.1011426,-0.5309699,0.0,0.0,0.0,0.0,0.0,0.0,0.0,-1.674563,-0.3733887,-1.707957,0.4879827,0.08661244,-2.369614,0.07734293,0.8812153,-0.08448298,0.4586287,12.69956,125.3953,3.456684,0.3126085,0.03525402,-0.9492274,0.0,0.0,0.0,1.533507,-0.005171023,-2.880627,-0.2412623,0.1474303,1.019774,-0.5673557,0.05881891,-0.8213696,0.2138042,0.9737614,-0.077952,0.795233,-0.2198387,-0.5650448,moving,-2.7237839244018285,7.060579286938616,-13.31053226984204,8.226342461132715,1.0455243,-0.091783463,-0.5110130000000002,-0.0471615353639839,0.1227819322132451,0.9913124955501488,-1.9852727610790748,8.043692305081901,10.538468455308797,10.650739143739656,11.326732274594088
3922,05/05/2023 12:22:27.498590,4120,True,True,True,True,Eyes,0.6756806,0.08525385,-2.319952,0.8445413,-0.1011083,-0.5258585,0.0,0.0,0.0,0.0,0.0,0.0,0.0,-1.693964,-0.3910108,-1.684478,0.4780815,0.08725628,-2.371432,0.07841924,0.8791167,-0.08934718,0.4615426,13.26651,124.98,3.263231,0.3096316,0.03525399,-0.9502026,0.0,0.0,0.0,1.531343,-0.00700076,-2.880364,-0.2365291,0.1450651,1.025499,-0.561658,0.05540424,-0.8255127,0.2203544,0.971735,-0.08470555,0.7974865,-0.2294808,-0.5579913,moving,-2.650840399008216,7.615833981951934,-12.988011551042096,8.051528751845009,1.0532615,-0.09425704,-0.5089320000000002,-0.0458422834952725,0.1323909860660369,0.9901369448764304,-1.9146799735559863,8.61524411936871,10.245845695057646,10.346348986910971,11.08767095654148
3923,05/05/2023 12:22:27.518999,4121,True,True,True,True,Eyes,0.6676425,0.08528134,-2.321811,0.847463,-0.1012275,-0.5211138,0.0,0.0,0.0,0.0,0.0,0.0,0.0,-1.710089,-0.3843562,-1.67021,0.4687005,0.08770413,-2.373681,0.07537883,0.8781046,-0.08755576,0.4643106,12.93024,124.6039,3.003883,0.3066275,0.03525619,-0.9511762,0.0,0.0,0.0,1.529207,-0.008806148,-2.880104,-0.2315819,0.1403781,1.031807,-0.5574673,0.05107483,-0.8286263,0.2136871,0.973304,-0.08376785,0.8022268,-0.2237646,-0.5534993,moving,-2.645931232849099,7.258834991781614,-12.650006098792089,7.747564599109476,1.0605065,-0.096510278,-0.5064230000000003,-0.0457946008193943,0.1262193843485932,0.9909448305663362,-1.908999755303916,8.248128238739595,9.925243617911434,10.016005718472362,10.75266391310418
3924,05/05/2023 12:22:27.538128,4122,True,True,True,True,Eyes,0.6595518,0.08533601,-2.32367,0.8503419,-0.1014744,-0.5163543,0.0,0.0,0.0,0.0,0.0,0.0,0.0,-1.725737,-0.3925258,-1.651418,0.4587438,0.08750232,-2.375147,0.07527722,0.8766339,-0.09009408,0.4666149,13.19171,124.2752,2.820145,0.3035964,0.03525999,-0.9521477,0.0,0.0,0.0,1.527071,-0.01061143,-2.879844,-0.2258434,0.1404012,1.037878,-0.553208,0.04790265,-0.8316649,0.2160596,0.9724328,-0.08770812,0.8045368,-0.22821,-0.5483075,moving,-2.65014748392274,7.496932078649595,-12.276251487962789,7.704043696179627,1.0683272,-0.09811375,-0.5046969999999997,-0.0458429028208063,0.1303359440924394,0.9904095788197704,-1.9137167890254976,8.492966119693005,9.543438925613769,9.62833181390794,10.39252250307891
3925,05/05/2023 12:22:27.548817,4123,True,True,True,True,Eyes,0.6513862,0.08541681,-2.325553,0.8530377,-0.1016635,-0.5118507,0.0,0.0,0.0,0.0,0.0,0.0,0.0,-1.741343,-0.3995143,-1.633516,0.449433,0.0882,-2.377075,0.07528204,0.8751879,-0.09218492,0.4689145,13.41249,123.9504,2.670311,0.3005388,0.03526632,-0.953117,0.0,0.0,0.0,1.52499,-0.01237081,-2.87959,-0.2206373,0.14068,1.043855,-0.548904,0.04531816,-0.8346563,0.2182255,0.9716691,-0.0907566,0.8068969,-0.2319599,-0.5432426,moving,-2.6386844490642245,7.698753726898305,-11.93481566503561,7.6754869767250895,1.075557,-0.10057081,-0.5025149999999998,-0.0456233432922608,0.1338251292377929,0.989954175341139,-1.902893120414663,8.700606423990235,9.216007605843616,9.29616033242872,10.084162822090647
3926,05/05/2023 12:22:27.568410,4124,True,True,True,True,Eyes,0.6431798,0.08549354,-2.327438,0.8556935,-0.101871,-0.5073568,0.0,0.0,0.0,0.0,0.0,0.0,0.0,-1.756749,-0.3953241,-1.617989,0.4399591,0.0888766,-2.378839,0.07498004,0.8739945,-0.09171434,0.471275,13.35525,123.639,2.628456,0.2974537,0.03527599,-0.954084,0.0,0.0,0.0,1.522905,-0.01413412,-2.879336,-0.2153414,0.1388731,1.050237,-0.5445557,0.04461894,-0.8375371,0.2175096,0.971933,-0.08964319,0.81003,-0.2309881,-0.5389766,moving,-2.636203844536421,7.627312774000439,-11.587367781119442,7.532536306531892,1.0829459,-0.10301072,-0.5004969999999997,-0.0455881149109043,0.1325908894098731,0.9901218959874886,-1.9002796262486288,8.627151374475389,8.877631046698017,8.951665677312253,9.748736280524126
3927,05/05/2023 12:22:27.588391,4125,True,True,True,True,Eyes,0.634917,0.08557157,-2.329329,0.858173,-0.102212,-0.5030824,0.0,0.0,0.0,0.0,0.0,0.0,0.0,-1.770629,-0.3960857,-1.603081,0.4308094,0.08883605,-2.380839,0.07461242,0.8728815,-0.09241142,0.4732559,13.4119,123.3654,2.521066,0.2943417,0.03528844,-0.9550481,0.0,0.0,0.0,1.520792,-0.01592002,-2.879079,-0.2086923,0.1386273,1.057037,-0.5409236,0.04278709,-0.8399825,0.2177241,0.9717863,-0.09070687,0.8124024,-0.2319499,-0.5349779,moving,-2.6601847126916467,7.659798324708244,-11.168353543657844,7.471532358073056,1.0899826,-0.10475607,-0.49824,-0.0459990468116618,0.1331497431648192,0.9900279418533204,-1.923994349260201,8.660393408092961,8.441468413619198,8.510251519809376,9.320491806299636
3928,05/05/2023 12:22:27.598826,4126,True,True,True,True,Eyes,0.6266372,0.08565247,-2.331221,0.8606163,-0.1025259,-0.4988267,0.0,0.0,0.0,0.0,0.0,0.0,0.0,-1.784177,-0.3983816,-1.587293,0.421524,0.08896674,-2.382414,0.07539474,0.8716745,-0.09382202,0.4750755,13.60347,123.1154,2.494013,0.2912029,0.03530344,-0.9560093,0.0,0.0,0.0,1.518689,-0.01769746,-2.878823,-0.2011625,0.1416662,1.063744,-0.5372381,0.04229426,-0.8423696,0.2205844,0.9710261,-0.09192816,0.8140749,-0.2352009,-0.5310016,moving,-2.6900150430566163,7.833036121603843,-10.708631886201532,7.585840570742888,1.097165,-0.1066642,-0.4964090000000003,-0.0464954193410081,0.1361394140865926,0.9895980439258424,-1.953806602268146,8.838349130864202,7.955883252542463,8.022426174015736,8.843966499562086
3929,05/05/2023 12:22:27.618882,4127,True,True,True,True,Eyes,0.6183138,0.08572986,-2.333149,0.8629333,-0.1028592,-0.4947384,0.0,0.0,0.0,0.0,0.0,0.0,0.0,-1.797238,-0.3934932,-1.574478,0.4128708,0.08911866,-2.384423,0.07566263,0.8707181,-0.09340199,0.4768661,13.58075,122.8833,2.516601,0.2880391,0.03532079,-0.9569666,0.0,0.0,0.0,1.516405,-0.01962903,-2.878544,-0.1930468,0.14831,1.07004,-0.5337479,0.04268115,-0.8445659,0.2208421,0.9711024,-0.09049173,0.8162978,-0.2348155,-0.5277497,moving,-2.727060279483025,7.793644476497881,-10.226771954223548,7.891052228714029,1.1035342,-0.10874769,-0.4941210000000002,-0.0471397075314594,0.1354549196998061,0.9896614534329696,-1.990229635078563,8.797579064629723,7.430671247560313,7.500344223729408,8.286279037016648
3930,05/05/2023 12:22:27.638178,4128,True,True,True,True,Eyes,0.6099799,0.08582102,-2.335083,0.865177,-0.1033088,-0.4907098,0.0,0.0,0.0,0.0,0.0,0.0,0.0,-1.808909,-0.3909475,-1.562257,0.4040508,0.08909149,-2.386303,0.07588474,0.8698978,-0.09350021,0.4783064,13.60716,122.6919,2.510938,0.2848499,0.03534006,-0.9579201,0.0,0.0,0.0,1.514405,-0.02131946,-2.878301,-0.1865463,0.1446824,1.077436,-0.530929,0.04258045,-0.8463458,0.2214674,0.9709984,-0.09007895,0.8179649,-0.2352636,-0.5249614,moving,-2.8021425808697717,7.796652769022254,-9.8227594991866,7.648153622963664,1.1103542,-0.11041095,-0.4919980000000001,-0.0484362628609951,0.1354984716355471,0.9895929213201616,-2.06424608322322,8.800149309559602,6.962340034159146,7.022187259688864,7.843572176477972
3931,05/05/2023 12:22:27.648992,4129,True,True,True,True,Eyes,0.6016313,0.08590299,-2.337054,0.8672937,-0.1038084,-0.4868526,0.0,0.0,0.0,0.0,0.0,0.0,0.0,-1.819567,-0.3923762,-1.550556,0.3954872,0.08954904,-2.388426,0.07703348,0.8691152,-0.09466749,0.479315,13.79216,122.5548,2.546601,0.281637,0.03536157,-0.9588689,0.0,0.0,0.0,1.512354,-0.02305304,-2.878051,-0.1809282,0.1468187,1.084444,-0.5286462,0.04315084,-0.847745,0.224653,0.9702079,-0.0907073,0.8185747,-0.2384005,-0.5225907,moving,-2.9079437573890026,7.958763616135677,-9.471962330893724,7.710175516241209,1.1168668,-0.11260208,-0.4896250000000002,-0.0502440002145628,0.1382854792620734,0.9891171147870744,-2.168917324449925,8.966131908673946,6.5125660775080885,6.568724067634754,7.410255921750364
3932,05/05/2023 12:22:27.672030,4130,True,True,True,True,Eyes,0.5932831,0.08595577,-2.339022,0.8693104,-0.1045156,-0.4830901,0.0,0.0,0.0,0.0,0.0,0.0,0.0,-1.828651,-0.3897917,-1.541564,0.38728,0.0893975,-2.390469,0.07719841,0.8686522,-0.09466086,0.4801284,13.80304,122.4475,2.55071,0.2784019,0.03538461,-0.9598125,0.0,0.0,0.0,1.510237,-0.024843,-2.877793,-0.1757792,0.1418852,1.091757,-0.5270344,0.04321839,-0.8487444,0.2250158,0.9701595,-0.09032442,0.8195137,-0.238585,-0.5210323,moving,-3.0473335624210107,7.934335512073692,-9.146457257528962,7.404682128493399,1.122957,-0.1142405,-0.4873240000000001,-0.052653439770865,0.1378466302886496,0.9890531071221051,-2.306257659569905,8.940037164935232,6.076089695323827,6.122078287229371,7.010395540042412
3933,05/05/2023 12:22:27.688294,4131,True,True,True,True,Eyes,0.5849273,0.08600642,-2.341023,0.8712106,-0.1055851,-0.4794204,0.0,0.0,0.0,0.0,0.0,0.0,0.0,-1.83652,-0.3978813,-1.530956,0.3789581,0.08878856,-2.392374,0.07825001,0.8680549,-0.09745896,0.4804782,14.14604,122.3795,2.494093,0.2751462,0.03540778,-0.9607499,0.0,0.0,0.0,1.508005,-0.02673009,-2.877521,-0.1704337,0.1313617,1.099733,-0.5260351,0.04219679,-0.8494152,0.2295044,0.9687574,-0.09400461,0.8189106,-0.2443943,-0.5192847,moving,-3.215410735457224,8.218501462712371,-8.80946537149037,6.811633791075084,1.1290469,-0.11551865,-0.4851470000000004,-0.0555157994390807,0.1427280854280712,0.9882037909627788,-2.4726025616356377,9.231111173695318,5.738845005632318,5.768251374240036,6.783045118229045
3934,05/05/2023 12:22:27.698409,4132,True,True,True,True,Eyes,0.5766072,0.0860258,-2.343032,0.8730694,-0.1065364,-0.4758149,0.0,0.0,0.0,0.0,0.0,0.0,0.0,-1.846414,-0.4034424,-1.518594,0.370958,0.0888548,-2.394292,0.08114769,0.8670881,-0.1003109,0.481156,14.59863,122.2827,2.617517,0.2718707,0.0354309,-0.9616811,0.0,0.0,0.0,1.505956,-0.02846175,-2.877272,-0.1685765,0.1538296,1.104602,-0.5238082,0.04419401,-0.8506893,0.2372548,0.9667056,-0.09586739,0.8181294,-0.2520462,-0.5168535,moving,-3.319943513725004,8.627608586464671,-8.677122283917836,7.928161023514132,1.134998,-0.1173165499999999,-0.4829799999999999,-0.0572583723947901,0.1497656587343665,0.9870621698038532,-2.576605533411815,9.651122135720971,5.358291684849173,5.402646691124844,6.339156065075347
3935,05/05/2023 12:22:27.718249,4133,True,True,True,True,Eyes,0.568274,0.08599677,-2.345097,0.8748409,-0.1077817,-0.4722674,0.0,0.0,0.0,0.0,0.0,0.0,0.0,-1.855673,-0.3952637,-1.511043,0.3635044,0.08801087,-2.396482,0.0811162,0.8666654,-0.09912272,0.482168,14.47963,122.16,2.664659,0.2685789,0.0354526,-0.9626048,0.0,0.0,0.0,1.503788,-0.03029474,-2.877007,-0.1663146,0.1467412,1.111312,-0.5218686,0.04501361,-0.8518375,0.2361888,0.9671897,-0.09358921,0.8196757,-0.2500357,-0.5153776,moving,-3.425680240731102,8.443736009988411,-8.511493205995988,7.522003471326624,1.1402835999999998,-0.11830561,-0.4805250000000001,-0.0591083593998568,0.1465813980638734,0.9874310547380803,-2.6803979972588765,9.46128385936888,5.133158096785543,5.168663694852308,6.145118368005797
3936,05/05/2023 12:22:27.738116,4134,True,True,True,True,Eyes,0.5599874,0.08595602,-2.347182,0.8765539,-0.1091826,-0.4687562,0.0,0.0,0.0,0.0,0.0,0.0,0.0,-1.866552,-0.401219,-1.497662,0.3555616,0.08680926,-2.398755,0.08234907,0.8655928,-0.1017806,0.4833305,14.82127,121.9844,2.619017,0.2652705,0.0354709,-0.963521,0.0,0.0,0.0,1.501736,-0.03202987,-2.876758,-0.1655844,0.1407482,1.118811,-0.5192204,0.04417421,-0.8534979,0.2409488,0.9657187,-0.09659743,0.8199717,-0.2558047,-0.5120647,moving,-3.4719661577105514,8.703260260951884,-8.418681520066686,7.17023288549947,1.1461744,-0.11883913,-0.4780030000000002,-0.0598653408804293,0.151045671242404,0.98671236991669,-2.726634001912627,9.727864804077186,5.152377385400698,5.178818958996028,6.240263294112782
3937,05/05/2023 12:22:27.748657,4135,True,True,True,True,Eyes,0.5599874,0.08595602,-2.347182,0.8765539,-0.1091826,-0.4687562,0.0,0.0,0.0,0.0,0.0,0.0,0.0,-1.876401,-0.4083083,-1.485914,0.348411,0.08662849,-2.401384,0.08332122,0.8646742,-0.1043044,0.4842693,15.13407,121.8369,2.557157,0.2619489,0.03548557,-0.9644288,0.0,0.0,0.0,1.499492,-0.03392662,-2.876484,-0.1634707,0.1500953,1.124185,-0.5170816,0.04306858,-0.8548518,0.2451142,0.9643564,-0.0996788,0.8200887,-0.2610784,-0.5092076,moving,-3.3219967259907195,9.006505321103665,-8.273541118877029,7.604857013461971,1.151081,-0.12055511,-0.4750999999999998,-0.0572351980966557,0.1562899785638103,0.9860514841963222,-2.5795222081168765,10.04077833051445,5.114330699351084,5.146106280775658,6.193186903280484
3938,05/05/2023 12:22:27.768606,4136,True,True,True,True,Eyes,0.5599874,0.08595602,-2.347182,0.8765539,-0.1091826,-0.4687562,0.0,0.0,0.0,0.0,0.0,0.0,0.0,-1.885705,-0.4059572,-1.477595,0.34151,0.08688391,-2.40412,0.08276498,0.8641744,-0.1039592,0.4853298,15.07092,121.6928,2.501107,0.2589566,0.03549841,-0.9652361,0.0,0.0,0.0,1.497544,-0.03557376,-2.876247,-0.1634037,0.1419624,1.13112,-0.5152099,0.0421377,-0.8560276,0.2439558,0.9646849,-0.09934121,0.8216108,-0.2600144,-0.507295,moving,-3.1881229973905847,8.93506212795303,-8.220186736222129,7.153562864737543,1.156034,-0.1224576699999999,-0.4721270000000004,-0.054941700589432,0.1550803421318202,0.9863728766582284,-2.4473932197573065,9.968237248343645,5.311915865790116,5.3381087565261,6.422424532018003
3939,05/05/2023 12:22:27.788229,4137,True,True,True,True,Eyes,0.5599874,0.08595602,-2.347182,0.8765539,-0.1091826,-0.4687562,0.0,0.0,0.0,0.0,0.0,0.0,0.0,-1.894265,-0.4069958,-1.469433,0.3347776,0.08712329,-2.406959,0.08157443,0.8637388,-0.1040918,0.4862778,15.01974,121.5522,2.354752,0.2562615,0.03550968,-0.9659547,0.0,0.0,0.0,1.495413,-0.03737505,-2.875988,-0.1629437,0.1464753,1.137151,-0.5137593,0.03968294,-0.8570163,0.242153,0.9650211,-0.1004806,0.8230513,-0.2591519,-0.5053979,moving,-3.071249613549026,8.871200478635279,-8.15447157238137,7.339797579506896,1.1606354,-0.12449834,-0.4690289999999999,-0.0529386338551521,0.1539975251656866,0.9866520248166544,-2.3320395022523925,9.90337473611679,5.278650555008023,5.308892570227254,6.361811302542577
3940,05/05/2023 12:22:27.798616,4138,True,True,True,True,Eyes,0.5599874,0.08595602,-2.347182,0.8765539,-0.1091826,-0.4687562,0.0,0.0,0.0,0.0,0.0,0.0,0.0,-1.902685,-0.4070542,-1.462065,0.3282165,0.08757456,-2.410009,0.08053582,0.8633632,-0.1039825,0.4871403,14.95225,121.4275,2.239592,0.2538342,0.03551957,-0.9665949,0.0,0.0,0.0,1.493183,-0.03925973,-2.875716,-0.1625017,0.1491792,1.142647,-0.5124166,0.03775514,-0.8579066,0.2403715,0.9654032,-0.1010849,0.8244093,-0.2580139,-0.5037639,moving,-2.965841994171102,8.793714837830656,-8.094050594352101,7.438225993524909,1.1649664999999998,-0.12683429,-0.4657070000000001,-0.0511339903401414,0.1526774324630572,0.9869523146711766,-2.227955598513663,9.824420882986988,5.271285116169939,5.3043259189088,6.332850586481234
3941,05/05/2023 12:22:27.819837,4139,True,True,True,True,Eyes,0.5507096,0.08598097,-2.349805,0.8782408,-0.1106238,-0.4652478,0.0,0.0,0.0,0.0,0.0,0.0,0.0,-1.910661,-0.4053714,-1.456433,0.32195,0.08777108,-2.413461,0.07905897,0.8631558,-0.1032949,0.4878954,14.8011,121.3205,2.115323,0.2516485,0.03552829,-0.9671659,0.0,0.0,0.0,1.491048,-0.04106549,-2.875456,-0.162239,0.1468452,1.149093,-0.5114155,0.0356862,-0.8585922,0.2372746,0.9661597,-0.1011742,0.8259266,-0.2554642,-0.5025765,moving,-3.109107630773884,8.556767092225467,-8.036400308970567,7.282485667042438,1.169098,-0.12883657,-0.4619949999999999,-0.0536355638173828,0.1485750609221858,0.9874455533759215,-2.3686156137420005,9.579736557903546,5.059308687769483,5.089401368253159,6.115647554186665
3942,05/05/2023 12:22:27.838313,4140,True,True,True,True,Eyes,0.541572,0.08604331,-2.352466,0.8798639,-0.1120041,-0.4618382,0.0,0.0,0.0,0.0,0.0,0.0,0.0,-1.917819,-0.4107887,-1.449524,0.3155799,0.08807191,-2.416723,0.07816613,0.862845,-0.1044153,0.4883505,14.86447,121.2368,1.951146,0.2492939,0.03553669,-0.9677752,0.0,0.0,0.0,1.489036,-0.04276593,-2.875211,-0.1627868,0.1473553,1.154709,-0.5108081,0.03290796,-0.859065,0.236873,0.9659749,-0.1038435,0.826418,-0.2565334,-0.5012227,moving,-3.268063303085575,8.535245859003556,-8.024475201125343,7.27235091419577,1.1734561,-0.13083784,-0.458488,-0.0563781849223496,0.1481817161260622,0.987351813281394,-2.525249065343912,9.556494897947369,4.8928971333448095,4.921215072056426,5.9547293667277765
3943,05/05/2023 12:22:27.848895,4141,True,True,True,True,Eyes,0.5325635,0.08613349,-2.355185,0.8814772,-0.1133634,-0.4584175,0.0,0.0,0.0,0.0,0.0,0.0,0.0,-1.924609,-0.4163187,-1.443722,0.3098074,0.08900667,-2.420304,0.07703727,0.86262,-0.1052647,0.4887449,14.88679,121.1623,1.779602,0.2467923,0.03554617,-0.9684159,0.0,0.0,0.0,1.486933,-0.04454368,-2.874954,-0.1631234,0.150649,1.160265,-0.5103875,0.03001255,-0.8594208,0.235803,0.9659692,-0.1063038,0.8269835,-0.2569101,-0.5000955,moving,-3.4384388086456164,8.472824329519169,-8.00284681848087,7.39790631597935,1.1771256,-0.1335503499999999,-0.45465,-0.0593237898171617,0.1470807966802661,0.9873438337758926,-2.69304278406608,9.49111032171513,4.660429720919238,4.68927171489141,5.70749699023275
3944,05/05/2023 12:22:27.868418,4142,True,True,True,True,Eyes,0.5236979,0.08623261,-2.35794,0.8830497,-0.1145927,-0.4550734,0.0,0.0,0.0,0.0,0.0,0.0,0.0,-1.932247,-0.4162721,-1.438475,0.3041738,0.08970257,-2.423943,0.07527184,0.8624228,-0.1046466,0.4895002,14.72562,121.0523,1.622442,0.2441627,0.03555759,-0.9690818,0.0,0.0,0.0,1.484795,-0.046351,-2.874694,-0.1638533,0.1495366,1.16556,-0.5094477,0.02738319,-0.8600661,0.2322814,0.9667664,-0.1068081,0.8285583,-0.2541904,-0.4988775,moving,-3.569057291811148,8.233586670096042,-8.002146309290868,7.310877703229674,1.1806212,-0.13605357,-0.4507509999999999,-0.0616123136085108,0.1429370433458126,0.9878122207192536,-2.8212309805408653,9.244159165077418,4.500158989454448,4.528097842851335,5.529869876805503
3945,05/05/2023 12:22:27.878407,4143,True,True,True,True,Eyes,0.3050646,0.08876994,-2.428536,0.9182469,-0.1487635,-0.3670044,0.0,0.0,0.0,0.0,0.0,0.0,0.0,-1.939768,-0.418518,-1.432721,0.2987385,0.08997596,-2.427592,0.07369799,0.862139,-0.1047038,0.4902267,14.64302,120.9393,1.446206,0.2414229,0.03557096,-0.9697675,0.0,0.0,0.0,1.482662,-0.04815479,-2.874434,-0.1653821,0.1495816,1.170805,-0.5084929,0.02441862,-0.8607199,0.229733,0.9672114,-0.108281,0.8298541,-0.2527959,-0.49743,moving,-8.949065423253826,6.206163941683832,-8.040124048132903,7.280645063272865,1.1839235,-0.13813075,-0.4468419999999997,-0.1546665940377334,0.1068054434514391,0.9821766744578742,-8.119580409499779,7.121569934292003,1.4065797650126663,1.407367792745713,0.1778151006577943
3946,05/05/2023 12:22:27.898699,4144,True,True,True,True,Eyes,0.3048609,0.08877368,-2.428689,0.9182781,-0.1488057,-0.3669088,0.0,0.0,0.0,0.0,0.0,0.0,0.0,-1.949107,-0.4216018,-1.424207,0.2933699,0.09012379,-2.431243,0.07342561,0.8614413,-0.1055966,0.4913015,14.719,120.7797,1.347486,0.2260062,0.03569335,-0.9734714,-0.6558997,0.007611976,-0.2117901,1.48051,-0.049974,-2.874172,-0.1678245,0.152448,1.175281,-0.5064633,0.02274419,-0.8619618,0.2302632,0.9669161,-0.1097822,0.8309478,-0.2540787,-0.4949447,moving,-8.806041042313414,6.264260150820267,-8.126624936089542,7.390682229696379,1.1871401,-0.14009779,-0.4429290000000003,-0.1521971881242451,0.1078431065922294,0.9824488552067994,-7.978736770265862,7.182315468061189,1.3129011132293105,1.3154592145619686,0.2555144163154562
3947,05/05/2023 12:22:27.918574,4145,True,True,True,True,Eyes,0.3044401,0.08877426,-2.429045,0.9184157,-0.1489406,-0.36651,0.0,0.0,0.0,0.0,0.0,0.0,0.0,-1.958631,-0.4222347,-1.416487,0.2882815,0.09022322,-2.435099,0.07362438,0.8607607,-0.1061279,0.492349,14.78539,120.6325,1.31813,0.2131812,0.03578724,-0.9763567,-0.6165457,0.007155257,-0.1990827,1.478504,-0.0516695,-2.873928,-0.1708761,0.1523534,1.179827,-0.5043442,0.02224199,-0.8632165,0.2312499,0.9666327,-0.1102037,0.831962,-0.2551993,-0.492659,moving,-8.686579664494335,6.318237194913669,-8.240930793451016,7.35799952827514,1.1902225,-0.14189272,-0.4388289999999997,-0.1501326865779818,0.1088033678173861,0.9826608183942828,-7.861109707837069,7.238660393120604,1.1270224700227227,1.1312420722990617,0.3981279772339412
3948,05/05/2023 12:22:27.938161,4146,True,True,True,True,Eyes,0.3038463,0.08877387,-2.429542,0.9186002,-0.1491096,-0.3659781,0.0,0.0,0.0,0.0,0.0,0.0,0.0,-1.969737,-0.4188412,-1.407964,0.2833593,0.09014395,-2.439105,0.07424165,0.8598962,-0.1060145,0.4937892,14.81165,120.4445,1.362194,0.2024893,0.03585947,-0.9786275,-0.579553,0.006725941,-0.1871377,1.476324,-0.05351246,-2.873662,-0.1744438,0.1592385,1.183348,-0.5013208,0.02298261,-0.8649561,0.2323778,0.9664983,-0.1090034,0.8334734,-0.2556423,-0.4898664,moving,-8.526842616737715,6.341096072673634,-8.38588679415278,7.66402950011665,1.1929647,-0.14365641,-0.4345569999999998,-0.1473853693482536,0.1092410332062348,0.9830279342408956,-7.7037091987315955,7.2632831819359875,1.3189232656448096,1.3304215111635576,0.7911787934657922
3949,05/05/2023 12:22:27.948667,4147,True,True,True,True,Eyes,0.303085,0.08877584,-2.430207,0.9188924,-0.1493817,-0.3651327,0.0,0.0,0.0,0.0,0.0,0.0,0.0,-1.981673,-0.4149147,-1.39825,0.2786175,0.09013493,-2.443058,0.075152,0.8588524,-0.1059342,0.4954824,14.85873,120.2241,1.429452,0.1935502,0.03591513,-0.9804325,-0.5447798,0.006322385,-0.1759095,1.474275,-0.0552445,-2.873413,-0.1767116,0.1683978,1.186611,-0.4976987,0.02411188,-0.8670148,0.234066,0.9662603,-0.1074907,0.8351701,-0.2564366,-0.4865503,moving,-8.351135472074182,6.381755369262447,-8.470308629617039,8.077189461108867,1.1956575,-0.14537943,-0.430355,-0.1443580969006599,0.109988218201184,0.9833937946713356,-7.5306087522808705,7.306323905058445,1.6797605696329665,1.699617310241876,1.2154297861129355
3950,05/05/2023 12:22:27.968686,4148,True,True,True,True,Eyes,0.3021764,0.08875003,-2.431024,0.919249,-0.1495839,-0.3641509,0.0,0.0,0.0,0.0,0.0,0.0,0.0,-1.994857,-0.4089058,-1.387924,0.2740726,0.0902006,-2.447394,0.07583632,0.857687,-0.1052969,0.4975286,14.83789,119.9609,1.500422,0.186048,0.03595801,-0.9818822,-0.5120931,0.005943042,-0.1653549,1.472063,-0.05711431,-2.873143,-0.1790166,0.166076,1.190606,-0.4934286,0.02531118,-0.8694181,0.2348641,0.9663228,-0.1051621,0.8374769,-0.2560851,-0.4827559,moving,-8.14184819147543,6.358543401653021,-8.550799814436433,7.940872272928864,1.1979904,-0.14731491,-0.4257489999999997,-0.14077038106869,0.1096470381365539,0.9839518138367738,-7.324257535684477,7.283911381360209,1.6107060271199918,1.6343212924010753,1.391403455011063
3951,05/05/2023 12:22:27.988585,4149,True,True,True,True,Eyes,0.3011065,0.08869607,-2.432024,0.9197114,-0.1499254,-0.3628407,1.228501,1.430973,-0.09548748,-2.877774,-0.484746,-0.652052,-0.582966,-0.2017172,0.1370174,1.226713,0.2696326,0.08949808,-2.451912,0.07591721,0.8565912,-0.104289,0.4996118,14.7454,119.692,1.531836,0.1797215,0.03598975,-0.9830587,-0.4813675,0.005586459,-0.1554336,1.470084,-0.05878789,-2.872902,-0.1804304,0.1737383,1.193915,-0.4892491,0.02585199,-0.8717608,0.234268,0.9667208,-0.1028078,0.8400915,-0.2545243,-0.4790235,moving,-7.951816541136074,6.249623259075963,-8.593794343377883,8.279555454933172,1.2004514,-0.14828597,-0.4209899999999997,-0.1375337282206756,0.1078258511301015,0.9846106427727666,-7.136684826188664,7.17321932542491,2.0969264140880197,2.129027998488722,1.82952118778076
3952,05/05/2023 12:22:27.998427,4150,True,True,True,True,Eyes,0.299906,0.08861868,-2.433177,0.9201897,-0.1503621,-0.3614445,1.222764,1.425081,-0.09523866,-2.875139,-0.7412106,-0.5204025,-0.4240142,-0.2023702,0.1409169,1.222198,0.2651107,0.08878935,-2.456592,0.0773652,0.8553857,-0.105169,0.5012679,14.92068,119.4673,1.596336,0.1740523,0.03601316,-0.9840774,-0.4524854,0.005251272,-0.1461076,1.467993,-0.06055506,-2.872648,-0.1823936,0.1794632,1.196554,-0.4854903,0.02691844,-0.8738276,0.2377899,0.9659082,-0.1023588,0.841282,-0.2574815,-0.47534,moving,-7.803907506468663,6.407187212989266,-8.667016345483576,8.529833684548157,1.2028823000000002,-0.14934441,-0.4160559999999997,-0.1349505200391306,0.1105727681459622,0.9846633900823456,-6.991260714130844,7.336294992994082,2.25430078287958,2.29141548201261,2.0573506128628165
3953,05/05/2023 12:22:28.018969,4151,True,True,True,True,Eyes,0.2985753,0.08850595,-2.434507,0.9207497,-0.1508235,-0.3598228,1.219194,1.421148,-0.09537712,-2.873201,-0.8582844,-0.4070099,-0.3125555,-0.2041056,0.1442253,1.219516,0.2607797,0.08818137,-2.461459,0.07892755,0.8543301,-0.1056492,0.5027215,15.06269,119.2762,1.699356,0.1688913,0.03602869,-0.9849758,-0.4253363,0.004936195,-0.1373411,1.465837,-0.06237815,-2.872385,-0.1847068,0.1768131,1.200117,-0.4820833,0.02863614,-0.8756574,0.2410846,0.9652174,-0.1011614,0.8423028,-0.2598757,-0.4722189,moving,-7.699091234656102,6.535231627747596,-8.749586175636802,8.381087466471632,1.2050573,-0.15055952,-0.4109259999999999,-0.1331154226610235,0.1128012739413316,0.984660521423079,-6.888244002772446,7.468711237206341,2.086728389940633,2.1238463688265354,2.072926691470722
3954,05/05/2023 12:22:28.038193,4152,True,True,True,True,Eyes,0.2971361,0.08835411,-2.43598,0.9213098,-0.1513747,-0.3581533,1.21664,1.418039,-0.09581453,-2.871723,-0.9207808,-0.313692,-0.2318621,-0.2074467,0.145083,1.217581,0.2566202,0.08722653,-2.466522,0.07967264,0.8537008,-0.1054107,0.503722,15.08455,119.1494,1.77087,0.1641829,0.03603561,-0.9857712,-0.3998161,0.004640024,-0.1291007,1.463661,-0.06421755,-2.87212,-0.1873293,0.1740551,1.203441,-0.479833,0.02983778,-0.8768524,0.2422286,0.9650817,-0.09971273,0.843259,-0.2602442,-0.4703056,moving,-7.66582475587294,6.534128357894741,-8.847735121804808,8.229689842225051,1.2070408,-0.1514440799999999,-0.4055979999999999,-0.1325438287161812,0.1127910104842,0.984738622732057,-6.855450309251336,7.467808580443929,2.0296243929452524,2.0668432113350077,2.132993631351116
3955,05/05/2023 12:22:28.048579,4153,True,True,True,True,Eyes,0.2955867,0.08818472,-2.437632,0.9219314,-0.1519772,-0.3562939,1.214481,1.415255,-0.09638869,-2.870344,-0.9606051,-0.2289027,-0.1576114,-0.2100249,0.1486506,1.215755,0.252576,0.08616541,-2.471447,0.0812244,0.8528165,-0.1058802,0.5048724,15.22491,118.9995,1.878345,0.1598775,0.03603316,-0.9864787,-0.3758272,0.004361622,-0.1213546,1.4616,-0.06595977,-2.871869,-0.1903282,0.1708976,1.206654,-0.4770131,0.03162702,-0.878327,0.245451,0.964384,-0.09857688,0.8439267,-0.2626087,-0.4677868,moving,-7.614897198815508,6.652947282094306,-8.963540697496116,8.06114912343152,1.209024,-0.15212518,-0.4004219999999998,-0.1316372826906364,0.114846899983365,0.9846226354157446,-6.805530493430601,7.590361217430614,1.9142101925171688,1.949838893980472,2.208766464180313
3956,05/05/2023 12:22:28.068808,4154,True,True,True,True,Eyes,0.2939605,0.08800565,-2.439428,0.9225923,-0.152542,-0.3543366,1.215654,1.415514,-0.09743258,-2.870179,-0.9431278,-0.298388,-0.1465421,-0.2120588,0.1502112,1.217392,0.2488097,0.08557236,-2.476622,0.08244034,0.8517947,-0.105631,0.5064501,15.27521,118.7978,1.987181,0.1559302,0.03602145,-0.9871108,-0.3532775,0.004099925,-0.1140733,1.459482,-0.06775048,-2.871611,-0.1939375,0.1660018,1.209503,-0.473424,0.03345083,-0.8801994,0.2474381,0.9640914,-0.09644797,0.8453664,-0.2634556,-0.464701,moving,-7.519712683117551,6.683379000794383,-9.109537581419437,7.814902255545109,1.2106723,-0.15332284,-0.3949890000000002,-0.1299930584014803,0.1153951067811663,0.984777037700028,-6.711777891294978,7.622322020168317,1.9179681958118364,1.951381070755344,2.4054809661777647
3957,05/05/2023 12:22:28.078148,4155,True,True,True,True,Eyes,0.2922586,0.08781058,-2.441388,0.92333,-0.1530708,-0.3521804,1.211151,1.410551,-0.09758124,-2.867932,-0.9968097,-0.07369202,-0.03066055,-0.2123067,0.1489915,1.213611,0.245338,0.08516163,-2.481915,0.08318064,0.8506218,-0.1047728,0.5084744,15.23832,118.5386,2.076622,0.1523021,0.03600091,-0.9876778,-0.3320809,0.003853929,-0.1072289,1.457369,-0.06953689,-2.871353,-0.1978641,0.1654233,1.211898,-0.4690694,0.03496192,-0.882469,0.2480591,0.9642073,-0.09365361,0.8476087,-0.2628345,-0.4609528,moving,-7.383704964818936,6.625285763081051,-9.272749231853204,7.772800244391629,1.212031,-0.15469852,-0.3894380000000002,-0.1276693717981289,0.114431390952865,0.9851933724533796,-6.577576865208373,7.563525375517621,2.1741853602244903,2.210266438154576,2.7032850490964
3958,05/05/2023 12:22:28.098982,4156,True,True,True,True,Eyes,0.2904967,0.08760022,-2.443485,0.9241279,-0.1535437,-0.3498743,1.209813,1.408519,-0.09815893,-2.866768,-0.999524,-0.0006233971,0.03084426,-0.2121692,0.1466896,1.213035,0.2420352,0.08456654,-2.487408,0.08314034,0.8493171,-0.1037156,0.510873,15.13672,118.2234,2.092972,0.1489578,0.03597165,-0.9881887,-0.312156,0.003622693,-0.1007952,1.455244,-0.07133297,-2.871095,-0.2020099,0.163135,1.213889,-0.4641928,0.03525405,-0.8850321,0.247196,0.9646615,-0.09122658,0.8505403,-0.2611232,-0.4565036,moving,-7.21135447458405,6.495454052449899,-9.448317727067897,7.654141343967641,1.2132088,-0.15589951,-0.3836870000000001,-0.1247366263162826,0.1122408715435449,0.9858208914295576,-6.40738337393131,7.431203839639965,2.4809303486034677,2.519238145251026,3.049095418467924
3959,05/05/2023 12:22:28.119415,4157,True,True,True,True,Eyes,0.288682,0.0873638,-2.445746,0.9250069,-0.1539922,-0.3473453,1.208521,1.406572,-0.09873899,-2.86552,-0.9923095,0.07653157,0.09728758,-0.2109424,0.1453497,1.212553,0.2388263,0.08398253,-2.492842,0.08340086,0.8477253,-0.1029064,0.5136308,15.0788,117.8576,2.1183,0.1458662,0.03593379,-0.9886513,-0.2934267,0.003405332,-0.09474749,1.453153,-0.07310087,-2.87084,-0.2054425,0.1572257,1.216326,-0.4584556,0.0356902,-0.8880006,0.2471139,0.9649091,-0.08879823,0.8536707,-0.2601472,-0.4511876,moving,-7.000539765831285,6.410973090416225,-9.587009882114767,7.365371531529398,1.2143267,-0.1570833999999999,-0.3779979999999998,-0.1211277562214919,0.1108371045739285,0.9864295834285156,-6.199382186877966,7.345790813516857,2.7213193175742503,2.756937439773841,3.3876842837037344
3960,05/05/2023 12:22:28.138197,4158,True,True,True,True,Eyes,0.2868303,0.08711537,-2.448164,0.9259266,-0.1544002,-0.3447037,1.207228,1.404635,-0.09928081,-2.8643,-0.9728918,0.1664747,0.1605237,-0.2098939,0.1446698,1.211573,0.235844,0.08314268,-2.498861,0.08388942,0.8460553,-0.1021438,0.5164492,15.03967,117.4841,2.162783,0.1429995,0.03588698,-0.9890717,-0.2758211,0.003201012,-0.08906264,1.451026,-0.07489864,-2.870581,-0.208667,0.1532172,1.218266,-0.4524856,0.03644602,-0.8910266,0.2474543,0.9650584,-0.08618929,0.8567514,-0.2594877,-0.4456938,moving,-6.786526900807838,6.349593658606295,-9.719418487393613,7.16826073085561,1.215182,-0.1580413199999999,-0.3717199999999998,-0.1174556031319327,0.109829101529677,0.9869862617541282,-5.9882829805523405,7.2841585028350835,3.010672395934691,3.045007197668156,3.732935100421848
3961,05/05/2023 12:22:28.148879,4159,True,True,True,True,Eyes,0.2849376,0.08685346,-2.450783,0.9268956,-0.1547269,-0.3419417,1.206292,1.403045,-0.09979245,-2.863264,-0.9458687,0.2445823,0.2133354,-0.2099477,0.1436582,1.210624,0.2330962,0.08260365,-2.505104,0.08467694,0.8445891,-0.1010569,0.5189283,14.98615,117.1634,2.263498,0.1403333,0.03583147,-0.9894555,-0.2592718,0.003008951,-0.08371888,1.448977,-0.07663117,-2.870331,-0.2105878,0.1530599,1.219943,-0.4470867,0.03815192,-0.8936768,0.247917,0.9652347,-0.08282056,0.859448,-0.2585856,-0.441002,moving,-6.626980058338292,6.285807287219927,-9.793936869461008,7.151236008186733,1.2158808,-0.15923482,-0.3652269999999999,-0.1147202637409788,0.1087652353822933,0.9874256314990484,-5.830865794426007,7.219670992838857,3.24674696872708,3.2830751308172657,3.9636619044645354
3962,05/05/2023 12:22:28.168713,4160,True,True,True,True,Eyes,0.2830291,0.08658626,-2.453561,0.9278889,-0.1549063,-0.3391552,1.206997,1.402988,-0.1003851,-2.86292,-0.949782,0.205115,0.2363093,-0.2115074,0.1405822,1.21107,0.230544,0.08200807,-2.511782,0.08490786,0.8434563,-0.09915917,0.5210947,14.8188,116.8913,2.364803,0.1378453,0.03576735,-0.9898075,-0.2437155,0.002828414,-0.07869574,1.446803,-0.07846911,-2.870066,-0.2125742,0.1527795,1.221187,-0.4425021,0.03988951,-0.8958799,0.2465748,0.9659162,-0.07878279,0.8622023,-0.2557629,-0.4372558,moving,-6.5210336703465135,6.117557627513414,-9.874634868687629,7.131073757052307,1.216259,-0.16047718,-0.3582839999999998,-0.1129294939452861,0.1058870508687696,0.9879447778421204,-5.726036951800763,7.047376039065755,3.4639580260175538,3.503406334176848,4.14944212924993
3963,05/05/2023 12:22:28.188303,4161,True,True,True,True,Eyes,0.2811,0.08629284,-2.456521,0.9289219,-0.1550194,-0.3362635,1.204733,1.400203,-0.1004641,-2.861629,-0.849883,0.4415664,0.2876072,-0.2139377,0.1360061,1.208373,0.2282405,0.0815841,-2.518417,0.08455365,0.8426585,-0.09720915,0.5228076,14.61003,116.6771,2.419838,0.1355167,0.03569512,-0.9901317,-0.2290926,0.002658709,-0.073974,1.44464,-0.08029764,-2.869803,-0.2135567,0.1520719,1.222453,-0.439046,0.04085634,-0.8975354,0.2441431,0.9668021,-0.07541766,0.8646578,-0.2522388,-0.4344454,moving,-6.485791111714521,5.907847895858801,-9.90930111574761,7.091107427717118,1.2163995,-0.16188174,-0.3513860000000002,-0.1123644658468915,0.1022769428153301,0.9883894505160972,-5.69080387272086,6.831949058776988,3.580320022408185,3.62222636888533,4.226450289500161
3964,05/05/2023 12:22:28.198156,4162,True,True,True,True,Eyes,0.2791788,0.08595952,-2.459633,0.92996,-0.1550681,-0.3333592,1.204264,1.399096,-0.1007834,-2.861086,-0.7866384,0.5356361,0.3070731,-0.2164523,0.131526,1.207292,0.2261369,0.08062895,-2.524988,0.08386673,0.8419145,-0.09520724,0.5244824,14.37611,116.4657,2.446401,0.1333299,0.0356143,-0.9904314,-0.215347,0.002499187,-0.06953556,1.442527,-0.08208407,-2.869546,-0.2136578,0.1518666,1.223733,-0.4357691,0.04134819,-0.8991082,0.2410863,0.9678039,-0.07233948,0.8671693,-0.248286,-0.4317075,moving,-6.45816297253811,5.673609386854015,-9.903734917038436,7.074299405598143,1.2163901,-0.1627130199999999,-0.3445580000000001,-0.1119336036679176,0.0982401412293964,0.9888477215847704,-5.663018603719883,6.59124273585836,3.674601034636389,3.719394917636089,4.268139945717124
3965,05/05/2023 12:22:28.218422,4163,True,True,True,True,Eyes,0.2772813,0.08562765,-2.46289,0.930993,-0.1552471,-0.3303791,1.203852,1.398059,-0.1012669,-2.860617,-0.7086089,0.6286091,0.3205057,-0.219131,0.1301171,1.205527,0.2243977,0.07932433,-2.531759,0.08377885,0.8410875,-0.09426989,0.5259908,14.28304,116.2682,2.469785,0.1312709,0.03552399,-0.9907095,-0.2024262,0.002349235,-0.06536343,1.44041,-0.08387308,-2.869288,-0.2131083,0.1500868,1.225031,-0.4326296,0.04176046,-0.9006042,0.2401008,0.9681886,-0.07044459,0.8690129,-0.2467122,-0.4288937,moving,-6.444541990588733,5.5724894095255815,-9.868504931458098,6.984882201122352,1.2160123,-0.16319741,-0.3375289999999999,-0.1117176551254749,0.0964971500640835,0.9890437014545898,-5.64935399706799,6.487342438170108,3.659899705518638,3.703832558067564,4.248385625491582
3966,05/05/2023 12:22:28.238611,4164,True,True,True,True,Eyes,0.2754196,0.08537144,-2.4663,0.9320162,-0.1554376,-0.3273913,1.203688,1.397276,-0.101727,-2.860377,-0.6223989,0.7144707,0.3196109,-0.2220285,0.1308884,1.203618,0.2229962,0.07907284,-2.538658,0.08507814,0.8401868,-0.09380291,0.5273036,14.32063,116.1023,2.604997,0.1293271,0.03542503,-0.9909687,-0.1902806,0.002208281,-0.06144162,1.438248,-0.08570111,-2.869025,-0.2126514,0.1472829,1.226143,-0.4294254,0.04403782,-0.9020281,0.2418883,0.9679254,-0.0678999,0.8701059,-0.2473479,-0.4263041,moving,-6.447477457134273,5.614484175865763,-9.83900531316126,6.8494868497500025,1.2152518,-0.16477395,-0.3303670000000003,-0.1117604180440271,0.0972215766096141,0.988967988294897,-5.652346468437941,6.530510838515847,3.5692303119028512,3.609389533246341,4.198792442815297
3967,05/05/2023 12:22:28.248799,4165,True,True,True,True,Eyes,0.2736039,0.0851195,-2.469851,0.9331196,-0.1554267,-0.3242381,1.204045,1.397122,-0.1020213,-2.860248,-0.4910459,0.8138214,0.3107554,-0.2249889,0.1293871,1.202426,0.2219869,0.08063708,-2.545791,0.08769272,0.8392344,-0.09170024,0.5287597,14.27952,115.9462,2.970145,0.1274881,0.03532118,-0.9912108,-0.1788638,0.002075784,-0.05775512,1.436204,-0.08742901,-2.868775,-0.2131206,0.150454,1.22652,-0.4254467,0.0502147,-0.9035895,0.2441643,0.9678021,-0.06117925,0.8714237,-0.2466528,-0.4240088,moving,-6.450887993607247,5.616098388451582,-9.85731739218779,6.993385885818555,1.2142171,-0.16806609,-0.3229839999999999,-0.1118189810472627,0.097248788682856,0.9889586346485524,-5.655712071240137,6.532147167184748,3.6308927001430087,3.6743274347718633,4.226846156247301
3968,05/05/2023 12:22:28.268766,4166,True,True,True,True,Eyes,0.2718048,0.08483002,-2.47352,0.9341953,-0.1556743,-0.3210056,1.203861,1.396447,-0.1025803,-2.859967,-0.5363005,0.7769761,0.3296815,-0.22578,0.1181301,1.201671,0.2212794,0.08043274,-2.552669,0.08787299,0.838302,-0.08571647,0.5312071,13.71368,115.6769,3.320012,0.1257452,0.03521295,-0.9914371,-0.1681319,0.001951237,-0.05428982,1.434027,-0.08926924,-2.86851,-0.2142474,0.1527514,1.226562,-0.4201946,0.05626179,-0.9056882,0.2383946,0.969862,-0.05035503,0.8755595,-0.2370701,-0.4209434,moving,-6.373030315584533,5.073348718095665,-9.908071664007164,7.098851256875814,1.2127476,-0.16970198,-0.3158410000000002,-0.1105715990152877,0.0878887290447796,0.9899744614140488,-5.57768810189086,5.974507566705517,4.020904705563253,4.074208864265863,4.473965861366498
3969,05/05/2023 12:22:28.288489,4167,True,True,True,True,Eyes,0.2700304,0.08461829,-2.47732,0.9352345,-0.1567644,-0.3174291,1.204318,1.39635,-0.1041759,-2.859606,-0.2565106,0.9124448,0.318821,-0.2262193,0.1255234,1.200435,0.2198813,0.07930129,-2.559219,0.09088486,0.8365627,-0.08729561,0.5331814,14.06206,115.4074,3.485434,0.1240889,0.03509913,-0.9916498,-0.158044,0.001834163,-0.05103243,1.431851,-0.09110901,-2.868245,-0.2169835,0.1526231,1.226367,-0.4149151,0.05897294,-0.9079469,0.2451505,0.9682388,-0.04914024,0.8762116,-0.2429727,-0.4161941,moving,-6.289649258281222,5.37334647342943,-10.033613298856569,7.09406583097893,1.2119697,-0.1704103,-0.3090259999999998,-0.1090790563239129,0.0930863967786628,0.9896648740006234,-5.496205469047287,6.283617097789708,4.06966185340872,4.1204540823271945,4.609218693351682
3970,05/05/2023 12:22:28.298123,4168,True,True,True,True,Eyes,0.2683312,0.08446604,-2.481241,0.9363534,-0.1575445,-0.3137231,1.205427,1.397036,-0.1054422,-2.859411,-0.07016192,0.9466196,0.3146247,-0.2235812,0.1427273,1.199471,0.2188473,0.08111572,-2.565886,0.09791639,0.8335651,-0.09191217,0.5358487,14.96129,115.0357,3.842206,0.1225116,0.0349833,-0.99185,-0.1485614,0.001724113,-0.04797048,1.429669,-0.09295414,-2.867979,-0.2188689,0.1552674,1.225911,-0.4065569,0.06473732,-0.911329,0.2617414,0.9639291,-0.04829279,0.8753301,-0.2581663,-0.4088365,moving,-6.06157234630588,6.256138317316804,-10.122688779650408,7.218346474495735,1.2108217,-0.17406986,-0.3020930000000001,-0.1049752478825747,0.1083712832593539,0.9885524796095212,-5.273467966877913,7.193101274028599,4.1297202735935095,4.173548996109024,4.849286525992515
3971,05/05/2023 12:22:28.318470,4169,True,True,True,True,Eyes,0.2666495,0.08429942,-2.485255,0.9375196,-0.1586367,-0.3096635,0.0,0.0,0.0,0.0,0.0,0.0,0.0,-2.270167,-0.2428379,-1.208774,0.218917,0.08232829,-2.572753,0.09709968,0.8319039,-0.08798145,0.5392279,14.54273,114.6027,3.94954,0.1210077,0.03486789,-0.9920387,-0.1396477,0.001620667,-0.04509225,1.427662,-0.09465069,-2.867735,-0.2198676,0.1556634,1.225793,-0.3996097,0.0666711,-0.9142575,0.2564393,0.9656619,-0.04166653,0.8800856,-0.2511019,-0.4029849,moving,-5.890178455649032,5.776956838035773,-10.16887547048642,7.237250743598079,1.208745,-0.17697898,-0.2949820000000001,-0.1021062874658362,0.1001300932227841,0.9897213530557178,-5.10339422410993,6.701489676642451,4.469377846022002,4.521029355733137,5.093735385574847
3972,05/05/2023 12:22:28.338343,4170,True,True,True,True,Eyes,0.2650267,0.08413993,-2.489361,0.9386798,-0.1599526,-0.3054432,0.0,0.0,0.0,0.0,0.0,0.0,0.0,-2.28717,-0.2489553,-1.188125,0.2177369,0.08189482,-2.578886,0.09876564,0.8291383,-0.09102845,0.5426683,14.95998,114.0974,3.856858,0.1195704,0.03475216,-0.992217,-0.1312688,0.001523427,-0.04238671,1.425503,-0.09647585,-2.867472,-0.2196876,0.1537233,1.225782,-0.3915128,0.06498423,-0.9178751,0.2625772,0.9639184,-0.04375635,0.8819132,-0.2581443,-0.3944498,moving,-5.629198371153555,6.094351753828142,-10.160813267521412,7.14805206014268,1.2077661,-0.17837067,-0.288586,-0.0975409947847975,0.1056598045124678,0.9896069470490896,-4.846891484565589,7.029729538173838,4.605667540542312,4.65250662595019,5.31523893485302
3973,05/05/2023 12:22:28.348902,4171,True,True,True,True,Eyes,0.2634356,0.0839503,-2.493524,0.9398459,-0.1613397,-0.3010968,0.0,0.0,0.0,0.0,0.0,0.0,0.0,-2.302536,-0.2639141,-1.168843,0.2175232,0.08197111,-2.585243,0.09925057,0.826596,-0.09518486,0.5457366,15.40785,113.6171,3.579442,0.118195,0.03463634,-0.9923859,-0.1233927,0.001432021,-0.03984351,1.423523,-0.09814958,-2.867231,-0.2187236,0.1504499,1.226005,-0.3846421,0.06018854,-0.9211015,0.2679719,0.9621783,-0.0490295,0.8833129,-0.2656882,-0.386223,moving,-5.420351293846965,6.423203496093936,-10.115347885263256,6.996105678375869,1.2059998,-0.18012069,-0.2819879999999997,-0.0938742081452835,0.1113773655025947,0.9893345303849136,-4.641803756649284,7.369388446431781,4.689515837623122,4.729821339530067,5.486257864228765
3974,05/05/2023 12:22:28.368574,4172,True,True,True,True,Eyes,0.2618721,0.08371018,-2.497736,0.9409641,-0.163003,-0.2966759,0.0,0.0,0.0,0.0,0.0,0.0,0.0,-2.315737,-0.2730806,-1.152955,0.2166536,0.08111472,-2.590946,0.0985203,0.8246124,-0.09751855,0.5484507,15.59865,113.1968,3.304172,0.1168771,0.03451923,-0.992546,-0.1159892,0.0013461,-0.0374529,1.421467,-0.09988776,-2.86698,-0.2165153,0.1480515,1.226225,-0.3789909,0.05551389,-0.9237337,0.2694504,0.9615678,-0.05276295,0.8853034,-0.2688971,-0.3793838,moving,-5.290259105478646,6.484427281425992,-10.013537622706384,6.884432890825173,1.2048134,-0.18100248,-0.2760339999999996,-0.0916164194584162,0.1124582069628333,0.9894238669604368,-4.513714875838578,7.433260305006804,4.7029135918245375,4.7401861185881575,5.527138660963901
3975,05/05/2023 12:22:28.378450,4173,True,True,True,True,Eyes,0.2603254,0.08343864,-2.502005,0.9420632,-0.1647995,-0.2921613,0.0,0.0,0.0,0.0,0.0,0.0,0.0,-2.327773,-0.2870229,-1.13712,0.2157529,0.07974137,-2.596352,0.09978966,0.8225027,-0.1021161,0.5505486,16.1325,112.8441,3.085995,0.1156121,0.03439892,-0.9926984,-0.1090298,0.001265334,-0.03520573,1.41923,-0.1017784,-2.866708,-0.2144435,0.1460789,1.2258,-0.3738765,0.05171482,-0.9260356,0.2765942,0.9592287,-0.05810334,0.8852751,-0.2778596,-0.3729371,moving,-5.211745127810208,6.889403647361005,-9.92300276249708,6.795902872003279,1.2034771,-0.18151977,-0.270356,-0.0901862048335189,0.1194644265386967,0.9887339745663072,-4.437277134611096,7.850299531185056,4.6812534260277365,4.712185363012349,5.586138020076012
3976,05/05/2023 12:22:28.398953,4174,True,True,True,True,Eyes,0.2588117,0.08318469,-2.506327,0.9431211,-0.1667589,-0.2876008,0.0,0.0,0.0,0.0,0.0,0.0,0.0,-2.340179,-0.2914075,-1.122336,0.21478,0.07877517,-2.601664,0.1017212,0.8204261,-0.1048999,0.5527658,16.53382,112.5021,3.045923,0.1143946,0.0342744,-0.9928437,-0.102488,0.001189414,-0.03309338,1.417238,-0.1034626,-2.866465,-0.2135723,0.1438995,1.225184,-0.3682058,0.05093929,-0.928348,0.2828796,0.9572976,-0.05966923,0.8856659,-0.2845812,-0.3668922,moving,-5.132394060016253,7.169513360964045,-9.888357191282044,6.69877566692786,1.202458,-0.18223777,-0.2648009999999998,-0.0887635215854312,0.1243126888328173,0.988264920345738,-4.359720039226319,8.138927408793059,4.752654747614266,4.779202787342888,5.713130997858198
3977,05/05/2023 12:22:28.418504,4175,True,True,True,True,Eyes,0.2573373,0.0829524,-2.510705,0.9441802,-0.1683413,-0.2831695,0.0,0.0,0.0,0.0,0.0,0.0,0.0,-2.352775,-0.2879925,-1.109685,0.2140537,0.07899413,-2.607265,0.1045797,0.8184664,-0.1061959,0.554886,16.85168,112.2021,3.194736,0.1132227,0.03414688,-0.9929824,-0.09633873,0.001118049,-0.03110778,1.415048,-0.1053145,-2.866199,-0.2141031,0.1390527,1.224162,-0.3623295,0.05333667,-0.930523,0.2890432,0.9555711,-0.05777595,0.8860993,-0.2898952,-0.3616481,moving,-5.066875774497541,7.406175840108423,-9.920557391975697,6.480457500559093,1.2009943,-0.18430863,-0.258934,-0.0875873039304329,0.1284070954508769,0.9878461879847728,-4.29569567703338,8.382776184027408,4.919928430455036,4.941171894199122,5.937835100918217
3978,05/05/2023 12:22:28.438528,4176,True,True,True,True,Eyes,0.2558899,0.08271844,-2.51513,0.945248,-0.1697508,-0.2787309,0.0,0.0,0.0,0.0,0.0,0.0,0.0,-2.364339,-0.2726445,-1.102051,0.2135714,0.07923935,-2.612864,0.1049326,0.8172387,-0.1032981,0.5571712,16.60484,111.9223,3.374085,0.1120916,0.03401733,-0.9931152,0.0,0.0,0.0,1.41295,-0.1070874,-2.865943,-0.2159332,0.1330403,1.22294,-0.3570989,0.05640053,-0.9323621,0.2866194,0.9566373,-0.05190758,0.8890047,-0.2857693,-0.3577797,moving,-5.0434106879276985,7.092724681216322,-10.01344377641762,6.208635686253338,1.1993786,-0.1863267499999999,-0.253079,-0.0872429111002113,0.1230046694531229,0.9885638856315448,-4.271827319122053,8.06057579987434,5.027826880684603,5.048053313080136,6.032896628247982
3979,05/05/2023 12:22:28.448644,4177,True,True,True,True,Eyes,0.2544737,0.08246991,-2.519588,0.946301,-0.1708694,-0.2744413,0.0,0.0,0.0,0.0,0.0,0.0,0.0,-2.375659,-0.2584336,-1.094154,0.2127509,0.07893652,-2.618438,0.105397,0.8160032,-0.1008552,0.5593377,16.40955,111.652,3.537253,0.1109998,0.03388603,-0.9932424,0.0,0.0,0.0,1.4109,-0.1088207,-2.865693,-0.2177855,0.1269265,1.221513,-0.3520661,0.05918438,-0.9341024,0.2848327,0.9574394,-0.04669127,0.891583,-0.2825013,-0.3539396,moving,-5.021880334036307,6.846256038934923,-10.10913303754147,5.932272110633696,1.1981491,-0.18775722,-0.247255,-0.0869167291383423,0.1187544445030717,0.989112140108344,-4.2500238786319375,7.807249061725782,5.1501335043472665,5.168704546645468,6.15180450787768
3980,05/05/2023 12:22:28.470898,4178,True,True,True,True,Eyes,0.2530757,0.08220453,-2.524086,0.9473497,-0.1718924,-0.2701509,0.0,0.0,0.0,0.0,0.0,0.0,0.0,-2.386436,-0.2485927,-1.085892,0.212018,0.07832403,-2.623919,0.1053687,0.814788,-0.0991556,0.5614147,16.2538,111.3789,3.605422,0.1099437,0.03375246,-0.9933643,0.0,0.0,0.0,1.408685,-0.110693,-2.865423,-0.2197931,0.1238806,1.219147,-0.3474225,0.06037153,-0.9357635,0.2830411,0.9581312,-0.04327046,0.8939719,-0.2798927,-0.3499638,moving,-5.007770039326786,6.636399335923606,-10.219752584477511,5.802054339807047,1.196667,-0.18901703,-0.2415039999999999,-0.0867103610777664,0.1151329226990389,0.9895583274528084,-4.235620732701846,7.591523564949053,5.259497321553366,5.278341938857371,6.245961425366508
3981,05/05/2023 12:22:28.488705,4179,True,True,True,True,Eyes,0.2516962,0.08194672,-2.528627,0.9483859,-0.1728373,-0.2658786,0.0,0.0,0.0,0.0,0.0,0.0,0.0,-2.396824,-0.2418688,-1.07749,0.2110421,0.07764216,-2.629388,0.1054033,0.8135986,-0.09819671,0.5632985,16.17263,111.1226,3.63456,0.1089213,0.03361626,-0.9934815,0.0,0.0,0.0,1.406613,-0.112445,-2.865171,-0.222185,0.1230981,1.216437,-0.3431703,0.06088387,-0.9372979,0.2821401,0.9584951,-0.04103835,0.8958969,-0.2785324,-0.3461047,moving,-5.010070675270887,6.502828934922022,-10.351101070513565,5.778410967934427,1.1955709,-0.19008716,-0.235783,-0.0867732187556984,0.1128250918934149,0.9898186120063004,-4.237573757006636,7.454139099105706,5.369813432160798,5.389933865438478,6.339028394209479
3982,05/05/2023 12:22:28.498603,4180,True,True,True,True,Eyes,0.2503315,0.08171742,-2.533206,0.9494324,-0.1736879,-0.2615542,0.0,0.0,0.0,0.0,0.0,0.0,0.0,-2.407491,-0.2348305,-1.068302,0.2101678,0.07756625,-2.634813,0.1064833,0.8122258,-0.09767784,0.5651633,16.20255,110.87,3.73587,0.10793,0.03347802,-0.9935944,0.0,0.0,0.0,1.404493,-0.1142373,-2.864913,-0.2245234,0.1196495,1.21384,-0.3385033,0.06256908,-0.9388826,0.2833848,0.9582407,-0.03831202,0.8972784,-0.2790338,-0.3420989,moving,-5.00485739347271,6.492099708070613,-10.479529452901003,5.62952031817397,1.1943252,-0.19180355,-0.2301000000000002,-0.0866849815005123,0.1126406041676048,0.9898473501448708,-4.232409692563968,7.443141145821663,5.52366178700925,5.542208707921357,6.505053866531083
3983,05/05/2023 12:22:28.518429,4181,True,True,True,True,Eyes,0.2489626,0.08152267,-2.537847,0.9504989,-0.17456,-0.2570612,0.0,0.0,0.0,0.0,0.0,0.0,0.0,-2.419663,-0.2220833,-1.057014,0.2091386,0.07800452,-2.640369,0.1073246,0.8106208,-0.09575342,0.5676325,16.08609,110.548,3.896498,0.1069664,0.03333891,-0.9937033,0.0,0.0,0.0,1.40235,-0.1160484,-2.864652,-0.2247748,0.1067112,1.212005,-0.3325494,0.06529364,-0.9408227,0.2827047,0.9586254,-0.0333975,0.8997159,-0.2770813,-0.337249,moving,-4.942679046402389,6.336265431371901,-10.506533231110277,5.031642378431697,1.1932114,-0.19405292,-0.2242829999999998,-0.0856366106046674,0.109957980609703,0.9902400852677248,-4.170752691081868,7.283309384662068,5.702676641968387,5.714762873379306,6.723995788097218
3984,05/05/2023 12:22:28.538310,4182,True,True,True,True,Eyes,0.2475972,0.0813682,-2.542529,0.9515597,-0.1754877,-0.2524645,0.0,0.0,0.0,0.0,0.0,0.0,0.0,-2.433155,-0.212851,-1.041707,0.2078346,0.0786227,-2.646001,0.1091593,0.8084951,-0.09529965,0.5703841,16.17809,110.1705,4.047874,0.1060287,0.0332005,-0.9938083,0.0,0.0,0.0,1.400199,-0.117867,-2.86439,-0.22428,0.1134457,1.209125,-0.3254927,0.06779468,-0.9431112,0.2852243,0.9580045,-0.02957316,0.9014999,-0.278624,-0.3311602,moving,-4.820689865765117,6.381291662108446,-10.508334313502248,5.360063472981484,1.1923644,-0.1964897,-0.2183890000000001,-0.0835206506671287,0.1107561122490767,0.9903320169454484,-4.050612857652921,7.330466611198597,5.761963982055463,5.778598997866399,6.75164090635992
3985,05/05/2023 12:22:28.548638,4183,True,True,True,True,Eyes,0.246222,0.08125407,-2.547268,0.9525937,-0.1765234,-0.2477996,0.0,0.0,0.0,0.0,0.0,0.0,0.0,-2.446785,-0.2092166,-1.024724,0.2065361,0.07945459,-2.65172,0.1103047,0.806276,-0.09567233,0.5732353,16.30424,109.7607,4.073929,0.1051147,0.03306433,-0.99391,0.0,0.0,0.0,1.39809,-0.1196505,-2.864133,-0.2206256,0.1295352,1.205991,-0.3184684,0.06818654,-0.9454778,0.2875575,0.9573593,-0.02781552,0.9032654,-0.2807377,-0.3244962,moving,-4.682285745762122,6.441667843827902,-10.367126645403143,6.130621805676611,1.1915539000000002,-0.19910509,-0.2124129999999997,-0.0811184046563938,0.1118218758288824,0.9904118245959712,-3.914328827216552,7.393524728229192,5.6646513329228245,5.693343981535015,6.575220412593445
3986,05/05/2023 12:22:28.568682,4184,True,True,True,True,Eyes,0.2448499,0.08118097,-2.55204,0.9536391,-0.1775836,-0.242974,0.0,0.0,0.0,0.0,0.0,0.0,0.0,-2.461202,-0.2106261,-1.004214,0.2050755,0.08032195,-2.657407,0.1115461,0.8036809,-0.09732985,0.5763519,16.56028,109.2928,4.014345,0.1042209,0.0329316,-0.9940085,0.0,0.0,0.0,1.396008,-0.1214103,-2.863879,-0.2177962,0.11724,1.204419,-0.3107521,0.06710241,-0.9481196,0.2914874,0.9561688,-0.02786469,0.9046925,-0.2850239,-0.316691,moving,-4.4973458278501965,6.62061633267469,-10.25008133584063,5.559743334036938,1.1909325,-0.20173225,-0.2064719999999997,-0.0778931824110907,0.1149442733060557,0.990313232710634,-3.732453399843802,7.578851226738244,5.831034071761728,5.849736519206023,6.823215561189238
3987,05/05/2023 12:22:28.588595,4185,True,True,True,True,Eyes,0.2434699,0.08112485,-2.556836,0.9546695,-0.1786842,-0.2380716,0.0,0.0,0.0,0.0,0.0,0.0,0.0,-2.475665,-0.216092,-0.9818866,0.2037464,0.08125743,-2.663006,0.1111177,0.8010605,-0.09889482,0.579806,16.69607,108.7627,3.79187,0.1033457,0.03280358,-0.9941041,0.0,0.0,0.0,1.393869,-0.1232184,-2.863619,-0.2124506,0.1235721,1.202508,-0.302956,0.06334435,-0.9508971,0.2927035,0.9557454,-0.0295881,0.9069412,-0.2872948,-0.30809,moving,-4.281758030491635,6.662582315480415,-10.01922206602086,5.867232735730808,1.1901226,-0.20447583,-0.2006129999999997,-0.074159803730547,0.1157026276424799,0.9905115899138796,-3.5200452825213846,7.623513899321868,5.769036085445372,5.792328936878427,6.732296962312591
3988,05/05/2023 12:22:28.598662,4186,True,True,True,True,Eyes,0.2420797,0.08107311,-2.561662,0.9557182,-0.1797942,-0.2329738,0.0,0.0,0.0,0.0,0.0,0.0,0.0,-2.490849,-0.222409,-0.9564207,0.2021609,0.08163242,-2.66852,0.1101194,0.7981493,-0.1005229,0.5837181,16.79941,108.1579,3.499172,0.1024866,0.0326804,-0.9941971,0.0,0.0,0.0,1.391781,-0.1249839,-2.863364,-0.2079468,0.1291766,1.199639,-0.2942943,0.05842936,-0.9539273,0.2931375,0.9555377,-0.03190727,0.9096492,-0.289022,-0.2983372,moving,-4.013881509586261,6.665406313238645,-9.833998584082345,6.145903658530726,1.1896201,-0.20661632,-0.1948439999999998,-0.0695273314609419,0.1157901803712385,0.9908373266893188,-3.256003427243151,7.628286235999699,5.814631398955922,5.843256435335472,6.7429576885357525
3989,05/05/2023 12:22:28.618125,4187,True,True,True,True,Eyes,0.2406713,0.08103475,-2.566535,0.9567372,-0.1809268,-0.2278587,0.0,0.0,0.0,0.0,0.0,0.0,0.0,-2.505878,-0.2284252,-0.9307506,0.2004971,0.08170887,-2.67414,0.1093203,0.7951924,-0.1022757,0.5875864,16.9255,107.5555,3.215969,0.1016428,0.03256186,-0.9942876,0.0,0.0,0.0,1.38964,-0.1267932,-2.863104,-0.2046923,0.130504,1.197607,-0.2855824,0.05366977,-0.9568502,0.294053,0.9551775,-0.03418742,0.9121268,-0.2911281,-0.2885637,moving,-3.747216505330164,6.6930295061552725,-9.699144072849329,6.219019048403973,1.1891429,-0.2085020699999999,-0.1889639999999999,-0.0649111377766975,0.1163041204566087,0.9910903388415808,-2.9932142107142496,7.658554474582761,5.940058146727791,5.970772787759737,6.858699407256359
3990,05/05/2023 12:22:28.638081,4188,True,True,True,True,Eyes,0.2392503,0.08100025,-2.571442,0.957763,-0.1820212,-0.2226169,0.0,0.0,0.0,0.0,0.0,0.0,0.0,-2.520512,-0.2318371,-0.9062178,0.1987157,0.08199145,-2.679879,0.109149,0.7923126,-0.1037747,0.5912345,17.06817,106.9906,3.013139,0.1008109,0.03244785,-0.994376,0.0,0.0,0.0,1.387502,-0.128601,-2.862843,-0.2020835,0.1397351,1.194595,-0.2770566,0.05024981,-0.9595388,0.2956706,0.9546346,-0.03537876,0.9142311,-0.2935093,-0.2793451,moving,-3.5152881575753185,6.748566101328931,-9.601533123318092,6.6717280070263145,1.1887863,-0.21059245,-0.1829639999999996,-0.0608916216391898,0.1172944844019094,0.99122862142247,-2.764731029622604,7.717287585506002,6.047199835128027,6.0867299821632725,6.916289301389122
3991,05/05/2023 12:22:28.648920,4189,True,True,True,True,Eyes,0.2378028,0.08096211,-2.576381,0.9587541,-0.1830329,-0.2174617,0.0,0.0,0.0,0.0,0.0,0.0,0.0,-2.534035,-0.232664,-0.8848205,0.196966,0.08205825,-2.685674,0.1086356,0.7898194,-0.1044226,0.5945417,17.10519,106.4863,2.844948,0.09998974,0.03233808,-0.9944625,0.0,0.0,0.0,1.385486,-0.1303057,-2.862598,-0.199474,0.1465858,1.192089,-0.2694373,0.04743787,-0.9618489,0.2957723,0.9545884,-0.03577319,0.9164729,-0.2941268,-0.2712325,moving,-3.338728234762093,6.708986540663524,-9.499378940498868,7.01021190657449,1.18852,-0.21236395,-0.176924,-0.0578413688283812,0.1166309201006863,0.9914896178198928,-2.590600922696797,7.677813838175167,6.121046345991926,6.168010525215016,6.940958582093836
3992,05/05/2023 12:22:28.668448,4190,True,True,True,True,Eyes,0.2363342,0.08093229,-2.581352,0.9597443,-0.1840316,-0.2121863,0.0,0.0,0.0,0.0,0.0,0.0,0.0,-2.547331,-0.2312175,-0.8636265,0.1948904,0.0819331,-2.691377,0.1085904,0.7873294,-0.1049193,0.5977563,17.15954,105.9994,2.733074,0.09917814,0.03223208,-0.9945472,0.0,0.0,0.0,1.383354,-0.1321074,-2.862338,-0.1975799,0.150993,1.189561,-0.2617911,0.04556053,-0.9640486,0.2964252,0.9544001,-0.03539087,0.9184757,-0.2950334,-0.2633587,moving,-3.1790230005202886,6.692396746670526,-9.4304394330589,7.233965830707608,1.1884636,-0.2140405,-0.1709609999999997,-0.055079228509376,0.1163620199127409,0.9916783430111696,-2.433138818653004,7.661866026063063,6.222609627162387,6.274831032450082,7.010371920629488
3993,05/05/2023 12:22:28.688356,4191,True,True,True,True,Eyes,0.2348918,0.08089948,-2.58612,0.9603263,-0.1850097,-0.208674,0.0,0.0,0.0,0.0,0.0,0.0,0.0,-2.560735,-0.227217,-0.8424459,0.1928874,0.08211105,-2.697176,0.108924,0.7847913,-0.1050375,0.6010035,17.20507,105.5152,2.68263,0.09837402,0.03212972,-0.9946303,0.0,0.0,0.0,1.381104,-0.1340096,-2.862064,-0.1966076,0.143571,1.18804,-0.2538605,0.04470928,-0.9662068,0.297221,0.9542054,-0.03393773,0.9204425,-0.2957924,-0.2555235,moving,-2.910795443614642,6.668324148645084,-9.396660298420004,6.890605907212976,1.1882166,-0.21612065,-0.1648880000000003,-0.0504384573147648,0.1159738457211395,0.9919707954240068,-2.168687566672099,7.638979420885517,6.442636805490059,6.489672726339243,7.266612190481742
3994,05/05/2023 12:22:28.698567,4192,True,True,True,True,Eyes,0.233418,0.08085796,-2.590933,0.9609693,-0.1858313,-0.2049507,0.0,0.0,0.0,0.0,0.0,0.0,0.0,-2.574604,-0.2169523,-0.8207538,0.1908193,0.08225602,-2.702982,0.1087868,0.7822149,-0.1034941,0.6046439,17.06544,104.9979,2.70017,0.09757826,0.03203075,-0.9947119,0.0,0.0,0.0,1.379074,-0.1357259,-2.861817,-0.1959871,0.1380445,1.186658,-0.2451425,0.04503518,-0.9684407,0.2953434,0.9549088,-0.03035465,0.9234055,-0.2934638,-0.2473896,moving,-2.622286149420206,6.471085677310458,-9.378246466306711,6.635421142638698,1.1882547,-0.21798192,-0.1588349999999998,-0.045460666930343,0.1125852773570925,0.9926016019115348,-1.8838363728473355,7.438144474430084,6.712917016158152,6.757958711660635,7.53727718717761
3995,05/05/2023 12:22:28.718377,4193,True,True,True,True,Eyes,0.2319014,0.08082071,-2.595867,0.9616451,-0.1865499,-0.2010915,0.0,0.0,0.0,0.0,0.0,0.0,0.0,-2.588577,-0.206637,-0.7984426,0.1886136,0.08197916,-2.708993,0.1082943,0.7796035,-0.1018083,0.6083795,16.88839,104.4652,2.694138,0.09679027,0.03193463,-0.994792,0.0,0.0,0.0,1.376877,-0.1375835,-2.861549,-0.1953673,0.1331175,1.184944,-0.2362932,0.04497708,-0.9706402,0.2927294,0.9558148,-0.02697214,0.9265392,-0.2905083,-0.2390187,moving,-2.3310870630303757,6.240811149335383,-9.362396701880078,6.409776366181885,1.1882634,-0.21956266,-0.1525560000000001,-0.0404332730347857,0.1086185520078483,0.993260849680326,-1.5962559808830286,7.203352861470316,6.989629418491381,7.033339497129704,7.806580900253506
3996,05/05/2023 12:22:28.738599,4194,True,True,True,True,Eyes,0.2303685,0.08078194,-2.600856,0.9623812,-0.1870453,-0.1970696,0.0,0.0,0.0,0.0,0.0,0.0,0.0,-2.602352,-0.1969836,-0.7762191,0.1864171,0.08197328,-2.715158,0.1088045,0.7769138,-0.1008822,0.6118737,16.85213,103.9589,2.731504,0.09600568,0.0318409,-0.9948711,0.0,0.0,0.0,1.374757,-0.1393752,-2.861291,-0.1952032,0.1298374,1.183278,-0.2275445,0.04560917,-0.972699,0.2925178,0.9559687,-0.02360429,0.9287933,-0.2899027,-0.230867,moving,-2.065058792664387,6.166885809628625,-9.367609402587265,6.2618363433912325,1.1883399,-0.22134848,-0.1461329999999998,-0.0358260172937485,0.1073558014180922,0.9935749463409576,-1.3338551179926654,7.129180634942925,7.260197601404224,7.303167875268019,8.080438974791493
3997,05/05/2023 12:22:28.748670,4195,True,True,True,True,Eyes,0.2288048,0.08073403,-2.605915,0.9631253,-0.1874355,-0.1930223,0.0,0.0,0.0,0.0,0.0,0.0,0.0,-2.615544,-0.1837203,-0.7567673,0.1844928,0.08185642,-2.72154,0.1079713,0.7746389,-0.09814873,0.6153402,16.55513,103.4802,2.779839,0.09522453,0.03174935,-0.9949492,0.0,0.0,0.0,1.372764,-0.1410607,-2.861048,-0.1948138,0.1286322,1.181571,-0.2193972,0.04648786,-0.9745274,0.2880673,0.957418,-0.01918147,0.9321384,-0.2849379,-0.2234464,moving,-1.8384380486321097,5.839665737385652,-9.362520499908769,6.2130600157315055,1.1882712,-0.22291712,-0.1395079999999997,-0.0319149761838067,0.1016931972956562,0.9943037495537286,-1.109701795337747,6.794236531912924,7.488802724306177,7.5333418892753565,8.273257080103221
3998,05/05/2023 12:22:28.768672,4196,True,True,True,True,Eyes,0.2272158,0.08068791,-2.611031,0.9638966,-0.1877471,-0.1888239,0.0,0.0,0.0,0.0,0.0,0.0,0.0,-2.628425,-0.1733769,-0.7367508,0.1822654,0.08156198,-2.727931,0.1074376,0.7723184,-0.09632049,0.6186306,16.3622,103.012,2.794447,0.0944454,0.03165933,-0.9950262,0.0,0.0,0.0,1.370598,-0.1428915,-2.860784,-0.193294,0.1239546,1.180524,-0.2115068,0.04677849,-0.9762565,0.2851257,0.9583591,-0.01585183,0.9348627,-0.2817086,-0.2160372,moving,-1.6302387868200403,5.620270359507118,-9.29885525409024,5.994072787033584,1.1883326,-0.22445348,-0.1328530000000003,-0.0283125460971768,0.0978957340782202,0.9947939079246324,-0.9039607779372358,6.570054613236904,7.635549820865767,7.677721457366916,8.41463061161099
3999,05/05/2023 12:22:28.788687,4197,True,True,True,True,Eyes,0.2256114,0.08064197,-2.616197,0.9646317,-0.188074,-0.184699,0.0,0.0,0.0,0.0,0.0,0.0,0.0,-2.641398,-0.1617216,-0.7164485,0.1800694,0.08154632,-2.734476,0.1077672,0.769876,-0.09475011,0.6218518,16.25556,102.5525,2.871515,0.09366682,0.03157072,-0.9951027,0.0,0.0,0.0,1.368466,-0.144694,-2.860525,-0.1905971,0.123446,1.179572,-0.2033732,0.0480937,-0.9779193,0.2837758,0.9588172,-0.01186122,0.9370756,-0.2799221,-0.2086456,moving,-1.4163749313492449,5.48759479699809,-9.178610648053033,5.974439493534469,1.1883966,-0.22624032,-0.126049,-0.0246046715111931,0.0956012778708671,0.9951155071302896,-0.6928404550401102,6.435097855560045,7.734895382765676,7.777488095794012,8.49826464021512
4000,05/05/2023 12:22:28.798754,4198,True,True,True,True,Eyes,0.2239751,0.08058642,-2.62142,0.9653953,-0.1883426,-0.1803855,0.0,0.0,0.0,0.0,0.0,0.0,0.0,-2.654412,-0.1472718,-0.6961749,0.1780481,0.08152743,-2.74115,0.1075399,0.767463,-0.09215431,0.6252547,16.01743,102.0785,2.971456,0.09288877,0.03148337,-0.9951783,0.0,0.0,0.0,1.366349,-0.1464835,-2.860267,-0.1875937,0.1230098,1.17872,-0.1949837,0.04982594,-0.9795401,0.2803056,0.9598855,-0.006970387,0.939899,-0.2759297,-0.2011285,moving,-1.20404939504949,5.226642867295061,-9.04280438926552,5.957752872696416,1.1883009,-0.22801093,-0.1191169999999997,-0.0209257480982716,0.0910757130460638,0.9956240637945526,-0.4829342077966021,6.168206515621174,7.829602619548719,7.872775984323746,8.562456905551176
4001,05/05/2023 12:22:28.818854,4199,True,True,True,True,Eyes,0.2223001,0.08050229,-2.626726,0.966102,-0.1887707,-0.1761035,0.0,0.0,0.0,0.0,0.0,0.0,0.0,-2.667775,-0.1370604,-0.6724596,0.1756573,0.08123138,-2.747828,0.1077485,0.7646577,-0.09099001,0.6288162,15.94177,101.556,3.001562,0.09211059,0.03139684,-0.9952535,0.0,0.0,0.0,1.364263,-0.1482467,-2.860013,-0.1834632,0.124984,1.178019,-0.1859612,0.05034939,-0.9812663,0.2792134,0.9602222,-0.003644465,0.9420502,-0.2746603,-0.1926222,moving,-0.9409959356694996,5.114164260443329,-8.852062249864638,6.056240354448337,1.1886057,-0.22947808,-0.1121849999999997,-0.0163573777267762,0.089128597529123,0.995885748261885,-0.2233748012540952,6.054364030225862,7.921901640466747,7.966961628782253,8.628687652615644
4002,05/05/2023 12:22:28.838547,4200,True,True,True,True,Eyes,0.220588,0.0804002,-2.632092,0.9668091,-0.1892683,-0.1716327,0.0,0.0,0.0,0.0,0.0,0.0,0.0,-2.681165,-0.1284326,-0.647511,0.1731456,0.08046828,-2.754625,0.1080238,0.7617108,-0.09037287,0.6324242,15.92088,101.0155,2.995788,0.09132937,0.03130972,-0.9953282,0.0,0.0,0.0,1.362055,-0.1501132,-2.859744,-0.1784949,0.1237309,1.177603,-0.1767409,0.05025784,-0.9829733,0.2788737,0.9603272,-0.001042227,0.9439237,-0.2743097,-0.1837448,moving,-0.6716488445558106,5.0510353251416,-8.618987199713263,5.998067241759566,1.1889094,-0.23058148,-0.1051190000000001,-0.0116767009069878,0.0880370554614259,0.996048814295063,0.0422720159218655,5.991318343407764,7.959544579942019,8.003565229474292,8.661261845023127
4003,05/05/2023 12:22:28.848604,4201,True,True,True,True,Eyes,0.2188584,0.08029283,-2.637436,0.9674282,-0.1902808,-0.1669605,0.0,0.0,0.0,0.0,0.0,0.0,0.0,-2.694418,-0.1183527,-0.6224833,0.1705572,0.07995548,-2.761503,0.1094976,0.758639,-0.09027408,0.6358677,16.0349,100.494,3.061713,0.09054445,0.03122139,-0.9954027,0.0,0.0,0.0,1.360086,-0.1517782,-2.859504,-0.1722243,0.1224923,1.177744,-0.1673652,0.05133352,-0.9845577,0.280943,0.9597217,0.002281046,0.9450185,-0.2762228,-0.1750457,moving,-0.4198787553611769,5.094410054892925,-8.319530870242811,5.937749338940597,1.1895288,-0.23173368,-0.098001,-0.0072992540302976,0.088794750356758,0.9960231557367588,0.290342053117251,6.037682137680195,7.902094357035287,7.944540558406882,8.610452852241437
4004,05/05/2023 12:22:28.868719,4202,True,True,True,True,Eyes,0.2170936,0.08016138,-2.642846,0.9680805,-0.191204,-0.1620528,0.0,0.0,0.0,0.0,0.0,0.0,0.0,-2.707962,-0.1033055,-0.5959823,0.1681785,0.07988655,-2.76844,0.1111803,0.7553313,-0.08918704,0.6396557,16.07919,99.93446,3.213143,0.08975662,0.03113192,-0.9954768,0.0,0.0,0.0,1.358006,-0.1535368,-2.859251,-0.1660666,0.121996,1.177697,-0.1569593,0.05385787,-0.9861354,0.2820538,0.9593692,0.007502639,0.946472,-0.2769656,-0.1657727,moving,-0.1404075540651468,5.071569734998008,-8.026337163982413,5.914096647545495,1.1898275,-0.23342335,-0.0908109999999999,-0.0024409777772873,0.0883997823677202,0.996082051935944,0.5658733718183784,6.016141257642083,7.889131204907223,7.930809379309069,8.592816476218719
4005,05/05/2023 12:22:28.888586,4203,True,True,True,True,Eyes,0.2152815,0.08002239,-2.648308,0.9686426,-0.1925957,-0.1569662,0.0,0.0,0.0,0.0,0.0,0.0,0.0,-2.72175,-0.08801365,-0.5671048,0.1655976,0.07917036,-2.775533,0.1117711,0.7518628,-0.08746173,0.6438636,15.98878,99.31378,3.306507,0.08896446,0.03104042,-0.9955508,0.0,0.0,0.0,1.35585,-0.1553594,-2.858988,-0.1606563,0.1218839,1.177586,-0.1458942,0.0554462,-0.9877453,0.2806998,0.9597153,0.01241223,0.9486426,-0.2754491,-0.1555806,moving,0.1750848678284876,4.882513978439827,-7.768814955273513,5.909253769317874,1.1902524,-0.23452976,-0.0834550000000002,0.0030447141919906,0.0851124504475022,0.9963666888400076,0.8773028176946847,5.82390986532733,7.9685110279189555,8.009977465489667,8.646538968048711
4006,05/05/2023 12:22:28.898781,4204,True,True,True,True,Eyes,0.2134346,0.07988511,-2.653844,0.9692257,-0.193927,-0.1516374,0.0,0.0,0.0,0.0,0.0,0.0,0.0,-2.735303,-0.07655728,-0.5366111,0.1626753,0.07894372,-2.782625,0.1140052,0.7480896,-0.08782372,0.6478056,16.20688,98.70123,3.390272,0.08816728,0.03094686,-0.9956247,0.0,0.0,0.0,1.353768,-0.1571195,-2.858734,-0.1565737,0.1200244,1.177465,-0.1347018,0.05678681,-0.9892576,0.2843575,0.9585797,0.01630637,0.9492082,-0.2791063,-0.1452701,moving,0.4854092381784499,5.00499446445624,-7.574483998629256,5.820317785869964,1.1910927,-0.23606322,-0.0761090000000002,0.0084395880664655,0.0872394752470564,0.9961516386876734,1.182903984399994,5.9520370855240525,8.060560406454334,8.10102654650506,8.758378517694156
4007,05/05/2023 12:22:28.919341,4205,True,True,True,True,Eyes,0.2115451,0.07974079,-2.659464,0.9697719,-0.1954072,-0.1461454,0.0,0.0,0.0,0.0,0.0,0.0,0.0,-2.74904,-0.05938847,-0.5054505,0.1600304,0.07885384,-2.790053,0.115252,0.7442863,-0.08614787,0.652176,16.17467,98.04976,3.533573,0.08736435,0.03085146,-0.9956983,0.0,0.0,0.0,1.351611,-0.1589422,-2.858472,-0.1527067,0.1189036,1.177492,-0.1227672,0.05919379,-0.9906688,0.283928,0.958591,0.02209178,0.9509538,-0.2785665,-0.1344903,moving,0.8141996290344866,4.865086007780233,-7.389337856113069,5.766203704231398,1.1915806,-0.23779604,-0.068419,0.0141587999503209,0.0848012684071031,0.9962972764406832,1.5073255615511494,5.8104432105781,8.21296351474717,8.25288073178563,8.896773409564085
4008,05/05/2023 12:22:28.938413,4206,True,True,True,True,Eyes,0.2096118,0.07957889,-2.665166,0.9703185,-0.1969013,-0.1403989,0.0,0.0,0.0,0.0,0.0,0.0,0.0,-2.762442,-0.04264433,-0.4728503,0.1571953,0.07855525,-2.797429,0.1164431,0.7403372,-0.08463398,0.6566423,16.15508,97.37633,3.657065,0.08655427,0.03075404,-0.9957721,0.0,0.0,0.0,1.349473,-0.16075,-2.858211,-0.1488764,0.1174874,1.177555,-0.1105242,0.06126577,-0.9919835,0.2835627,0.9585562,0.0276075,0.9525633,-0.2782382,-0.1233164,moving,1.147995661139659,4.734903403443693,-7.205584586787325,5.697677178598129,1.1922777,-0.23930525,-0.0607819999999996,0.0199666168681781,0.0825291671009604,0.9963885965292908,1.8366583310393896,5.678886645612892,8.369742478742225,8.408878421090472,9.042262441950978
4009,05/05/2023 12:22:28.950200,4207,True,True,True,True,Eyes,0.2076345,0.07942776,-2.670972,0.9708011,-0.198553,-0.1346178,0.0,0.0,0.0,0.0,0.0,0.0,0.0,-2.775924,-0.027637,-0.4386609,0.1542568,0.07799086,-2.805185,0.1180333,0.7361559,-0.08396694,0.6611296,16.24207,96.68199,3.747785,0.08573717,0.03065421,-0.9958459,0.0,0.0,0.0,1.3474,-0.1625023,-2.857959,-0.1444641,0.1125709,1.17816,-0.09795187,0.06275579,-0.9932107,0.2848079,0.9580354,0.03244512,0.953567,-0.2796961,-0.1117147,moving,1.5036129362445876,4.699584979274103,-6.990621170757501,5.457931436529295,1.1931432,-0.2404931599999999,-0.0527740000000003,0.0261518256564174,0.0819032684606481,0.996297123491456,2.1872769827172083,5.645043856784291,8.491590264560621,8.528018668705474,9.179805312389156
4010,05/05/2023 12:22:28.968678,4208,True,True,True,True,Eyes,0.2056152,0.07929274,-2.676874,0.9712878,-0.2001226,-0.12865,0.0,0.0,0.0,0.0,0.0,0.0,0.0,-2.788721,-0.01213605,-0.4071064,0.1512922,0.07811373,-2.813158,0.1196619,0.7323059,-0.08300066,0.6652218,16.306,96.05151,3.873145,0.08491089,0.0305524,-0.9959197,0.0,0.0,0.0,1.34523,-0.1643371,-2.857694,-0.1400438,0.1071537,1.17875,-0.08632226,0.06483062,-0.9941558,0.285686,0.9575838,0.0376397,0.9544276,-0.2807672,-0.101182,moving,1.7869456682991085,4.648686071012673,-6.77538272734628,5.194169018282674,1.1939378,-0.24245083,-0.0445359999999999,0.0310805462263721,0.0810067304307374,0.9962287775560352,2.466680765207084,5.594673481981285,8.546249548553257,8.579686427873556,9.25073734498122
4011,05/05/2023 12:22:28.988074,4209,True,True,True,True,Eyes,0.2035482,0.07911678,-2.682881,0.971737,-0.2016542,-0.1227307,0.0,0.0,0.0,0.0,0.0,0.0,0.0,-2.80118,0.007552646,-0.376734,0.1482944,0.07836992,-2.821429,0.1210688,0.7286126,-0.08085191,0.6692751,16.25281,95.44318,4.073678,0.08407614,0.03044951,-0.9959937,0.0,0.0,0.0,1.343116,-0.1661243,-2.857437,-0.1361214,0.1045398,1.179106,-0.0748267,0.06820022,-0.9948618,0.2846489,0.9576107,0.04423727,0.9557073,-0.2798762,-0.09106801,moving,2.0484515618572714,4.480391528041821,-6.585335357040928,5.066608671539925,1.1948216,-0.2444942199999999,-0.0360079999999998,0.0356355168727127,0.0780682988888207,0.996310939875173,2.724846241366892,5.423417164512607,8.621909572257692,8.653665529720266,9.317016351600389
4012,05/05/2023 12:22:28.998588,4210,True,True,True,True,Eyes,0.2014211,0.07889596,-2.688984,0.9721295,-0.2033261,-0.1167167,0.0,0.0,0.0,0.0,0.0,0.0,0.0,-2.812943,0.02424914,-0.3480072,0.1451292,0.07719531,-2.829722,0.1212862,0.7252697,-0.07867075,0.6731155,16.10474,94.86337,4.179507,0.08323109,0.03034393,-0.9960679,0.0,0.0,0.0,1.341011,-0.1679035,-2.85718,-0.1331627,0.09663223,1.17951,-0.06441034,0.07002134,-0.9954638,0.2818394,0.9582012,0.04916416,0.9572971,-0.2773942,-0.08145286,moving,2.260404485305485,4.21364306558631,-6.441226749530718,4.683539475482377,1.1958818,-0.24509881,-0.0274580000000002,0.0393348245416376,0.0734188102192103,0.996525215764571,2.93439885898046,5.150561871293755,8.686876661651201,8.714309426633314,9.387250154819569
4013,05/05/2023 12:22:29.019566,4211,True,True,True,True,Eyes,0.1992586,0.07871417,-2.695174,0.9723854,-0.2052852,-0.111016,0.0,0.0,0.0,0.0,0.0,0.0,0.0,-2.824286,0.03088269,-0.3219335,0.1415923,0.07594026,-2.838198,0.1231915,0.7221192,-0.08016948,0.675974,16.39945,94.38002,4.156538,0.08237468,0.03023423,-0.9961425,0.0,0.0,0.0,1.33881,-0.1697641,-2.856912,-0.1304545,0.09094464,1.179876,-0.05576633,0.06953288,-0.9960198,0.2863028,0.9567934,0.05076464,0.9565151,-0.2823323,-0.07326432,moving,2.418422000722452,4.382419632885046,-6.309354062236185,4.407633634053224,1.1972177,-0.24570436,-0.0187139999999996,0.042073738010414,0.0763454277742522,0.9961933085280176,3.0897605789446825,5.325239470053395,8.702240010737142,8.727812483721717,9.443799897727722
4014,05/05/2023 12:22:29.029808,4212,True,True,True,True,Eyes,0.1970703,0.07853182,-2.701448,0.9727082,-0.2067907,-0.1052443,0.0,0.0,0.0,0.0,0.0,0.0,0.0,-2.834658,0.04076611,-0.3017914,0.1386215,0.0768019,-2.846561,0.1260541,0.7195401,-0.08107467,0.6780853,16.71575,94.02675,4.278431,0.08150819,0.03012239,-0.9962172,0.0,0.0,0.0,1.336762,-0.1714958,-2.856663,-0.1279215,0.08706941,1.180234,-0.04862192,0.07145088,-0.9962585,0.291353,0.9550745,0.05427793,0.9553794,-0.2876238,-0.06725499,moving,2.459809998652447,4.603619818934021,-6.185944279927724,4.219238624145239,1.1981405,-0.2482977,-0.0101020000000002,0.0427803866951597,0.0801884186164817,0.9958612627621484,3.1300359145574417,5.553018015217894,8.629732137444417,8.65429465343621,9.410975212383146
4015,05/05/2023 12:22:29.048931,4213,True,True,True,True,Eyes,0.1948169,0.07832351,-2.707816,0.972958,-0.2084216,-0.09956477,0.0,0.0,0.0,0.0,0.0,0.0,0.0,-2.844725,0.06091878,-0.2805378,0.1358142,0.07653099,-2.854921,0.1241812,0.7173803,-0.07583965,0.6813172,16.14238,93.5878,4.46786,0.08063035,0.03000837,-0.996292,0.0,0.0,0.0,1.334638,-0.1732912,-2.856404,-0.1253162,0.08040533,1.180571,-0.04077215,0.07482855,-0.9963627,0.281512,0.9576548,0.0604018,0.9586912,-0.2780253,-0.06011074,moving,2.5241252301762174,3.919536590557052,-6.059189020299011,3.896235529704792,1.1988238,-0.24982219,-0.0014829999999999,0.0439372376101548,0.0682894627808283,0.9966975694562556,3.195043989374601,4.849931654706351,8.563549109488937,8.583345878027286,9.303244858444591
4016,05/05/2023 12:22:29.068474,4214,True,True,True,True,Eyes,0.1925271,0.07812405,-2.714276,0.9731447,-0.2102197,-0.09379313,0.0,0.0,0.0,0.0,0.0,0.0,0.0,-2.854908,0.07372947,-0.2562134,0.1320362,0.07575652,-2.863286,0.1260748,0.7144686,-0.07580781,0.6840271,16.30806,93.14887,4.568353,0.07974079,0.0298915,-0.9963671,0.0,0.0,0.0,1.332491,-0.1751063,-2.856143,-0.1217467,0.07725701,1.181065,-0.03242429,0.07644378,-0.9965466,0.2838621,0.9567166,0.06415254,0.9583167,-0.2808017,-0.05272039,moving,2.633988082982427,3.966540178470938,-5.885384049002873,3.74255719168248,1.2004548000000002,-0.25086282,0.0071430000000001,0.0458457256958017,0.069101169029653,0.9965557076829864,3.303226123434155,4.899037900715248,8.503550860982287,8.522315994001774,9.26110169101809
4017,05/05/2023 12:22:29.088288,4215,True,True,True,True,Eyes,0.1902006,0.0779373,-2.720829,0.9732605,-0.2120782,-0.08824372,0.0,0.0,0.0,0.0,0.0,0.0,0.0,-2.86532,0.08800241,-0.2306871,0.1289072,0.07582578,-2.872046,0.1292394,0.7111662,-0.07643045,0.686803,16.6326,92.68712,4.719553,0.0788402,0.02977243,-0.9964423,0.0,0.0,0.0,1.330359,-0.1769091,-2.855883,-0.1179282,0.0756553,1.181527,-0.02319789,0.07883608,-0.9966177,0.2888067,0.9549111,0.06881454,0.9571064,-0.2862335,-0.04492025,moving,2.79580788018572,4.162289198614667,-5.699814046988153,3.663750118159968,1.2014518,-0.25273488,0.0161630000000001,0.0486483482314172,0.0724958363691499,0.9961816148767354,3.462272233960792,5.101481418561168,8.49129851327822,8.51023696169608,9.274205966642436
4018,05/05/2023 12:22:29.098811,4216,True,True,True,True,Eyes,0.1878358,0.07775754,-2.727467,0.973322,-0.2140196,-0.08270416,0.0,0.0,0.0,0.0,0.0,0.0,0.0,-2.874988,0.1003813,-0.2109909,0.1257334,0.07597703,-2.880723,0.1298185,0.7089648,-0.07499795,0.6891237,16.57462,92.33012,4.830404,0.07792737,0.02965166,-0.9965178,0.0,0.0,0.0,1.328206,-0.1787289,-2.855621,-0.1143653,0.07675362,1.181929,-0.01651142,0.08070774,-0.9966011,0.2874392,0.9550449,0.0725802,0.9576567,-0.2852638,-0.03896764,moving,2.819950642561828,3.9826027065000007,-5.526823313311013,3.7155296802054782,1.2024726,-0.2547059299999999,0.0251019999999999,0.0490790410790112,0.0693698743613508,0.9963830343835252,3.486493390725057,4.916853972168363,8.332701242298082,8.351045651402659,9.093022493193104
4019,05/05/2023 12:22:29.119938,4217,True,True,True,True,Eyes,0.1854493,0.07760495,-2.734323,0.9733833,-0.2158536,-0.07702108,0.0,0.0,0.0,0.0,0.0,0.0,0.0,-2.884437,0.1116849,-0.1929367,0.1224712,0.07600376,-2.889445,0.1320775,0.7067295,-0.0753146,0.6909536,16.79647,92.02463,4.950191,0.07700302,0.02952967,-0.9965932,0.0,0.0,0.0,1.326177,-0.1804443,-2.855374,-0.1100511,0.0762122,1.182527,-0.01027765,0.08260833,-0.9965292,0.2907639,0.9537665,0.07606474,0.9567397,-0.2889729,-0.03382197,moving,2.8110993107950244,4.093116598463826,-5.316879667219536,3.6875324152316207,1.2037057999999998,-0.25644806,0.0340709999999999,0.048918467179245,0.0712921607774354,0.9962552300975558,3.4775081398578718,5.030448557930306,8.119989138213937,8.138091962907199,8.896329617746437
4020,05/05/2023 12:22:29.138562,4218,True,True,True,True,Eyes,0.1830381,0.07746122,-2.741243,0.9734048,-0.2176932,-0.07136388,0.0,0.0,0.0,0.0,0.0,0.0,0.0,-2.893613,0.1210431,-0.1750042,0.1195115,0.07622441,-2.897961,0.1328829,0.7047092,-0.07472079,0.6929243,16.82613,91.70896,5.018718,0.07606717,0.02940737,-0.9966686,0.0,0.0,0.0,1.324063,-0.1822315,-2.855116,-0.1048995,0.07332174,1.183354,-0.00439652,0.08373593,-0.9964784,0.2908393,0.9535179,0.07884272,0.956762,-0.2894684,-0.02854579,moving,2.7927642049669577,4.013191877944464,-5.065795411050604,3.545568326933176,1.2045515,-0.25845591,0.0428449999999998,0.0486044430748405,0.0699034378087698,0.9963689852930157,3.4596233750129386,4.948123349659639,7.855979104917957,7.872460290402391,8.640018869744464
4021,05/05/2023 12:22:29.148595,4219,True,True,True,True,Eyes,0.1830381,0.07746122,-2.741243,0.9734048,-0.2176932,-0.07136388,0.0,0.0,0.0,0.0,0.0,0.0,0.0,-2.902653,0.1284099,-0.1578746,0.1165097,0.07630926,-2.906443,0.133981,0.7027559,-0.0748691,0.6946784,16.9404,91.41566,5.055197,0.07512055,0.02928514,-0.996744,0.0,0.0,0.0,1.321894,-0.1840645,-2.854852,-0.09963349,0.07634065,1.18424,0.001057566,0.08429192,-0.9964406,0.2923317,0.9528875,0.08091795,0.9563165,-0.2913768,-0.02363339,moving,3.09129580295726,4.097204830521297,-4.809131856750136,3.688402074226607,1.2053843,-0.26037376,0.0515909999999997,0.0537896948841911,0.0713453481499716,0.9960002747888972,3.753690932488243,5.036606990353695,7.893201942077333,7.910997212730126,8.668309559295247
4022,05/05/2023 12:22:29.168747,4220,True,True,True,True,Eyes,0.1830381,0.07746122,-2.741243,0.9734048,-0.2176932,-0.07136388,0.0,0.0,0.0,0.0,0.0,0.0,0.0,-2.911414,0.1383601,-0.1398187,0.1136761,0.0767068,-2.914827,0.1358214,0.7005557,-0.07507461,0.6965187,17.12109,91.10627,5.146,0.07426913,0.02917518,-0.9968111,0.0,0.0,0.0,1.319754,-0.1858738,-2.854591,-0.09411047,0.07408676,1.185268,0.007171236,0.08571913,-0.9962937,0.2948826,0.9518327,0.08401638,0.9555067,-0.2943921,-0.01845125,moving,3.415824626893097,4.2419035299092815,-4.539769949089027,3.576695995196186,1.2060779,-0.2625806,0.0602359999999997,0.0594194388524098,0.0738368763692151,0.9954986104121069,4.073241214876218,5.187683244902654,7.965232066834508,7.983356820387979,8.7623764601452
4023,05/05/2023 12:22:29.188496,4221,True,True,True,True,Eyes,0.1830381,0.07746122,-2.741243,0.9734048,-0.2176932,-0.07136388,0.0,0.0,0.0,0.0,0.0,0.0,0.0,-2.919896,0.151292,-0.1220112,0.1109487,0.0777562,-2.923219,0.1378802,0.6983456,-0.07465558,0.6983762,17.26882,90.80372,5.305662,0.07350267,0.02907619,-0.9968708,0.0,0.0,0.0,1.317684,-0.187624,-2.854339,-0.08811545,0.0723524,1.186518,0.01347995,0.08830075,-0.9960029,0.2968515,0.9508312,0.08831372,0.9548287,-0.2968553,-0.01339505,moving,3.736308768136056,4.348618124538082,-4.247211323315101,3.489504908072892,1.2067353,-0.2653802,0.06888,0.0649778770956142,0.0756646186429264,0.99501395886274,4.38889411676868,5.29966712611469,8.01107201850213,8.029611981242272,8.823774953378553
4024,05/05/2023 12:22:29.198688,4222,True,True,True,True,Eyes,0.1830381,0.07746122,-2.741243,0.9734048,-0.2176932,-0.07136388,0.0,0.0,0.0,0.0,0.0,0.0,0.0,-2.928191,0.1665633,-0.1019588,0.1083159,0.07854901,-2.931644,0.1404391,0.6957489,-0.07432882,0.7004896,17.46845,90.45526,5.491673,0.07281388,0.02898721,-0.996924,0.0,0.0,0.0,1.315708,-0.189294,-2.854099,-0.08195874,0.0731352,1.187745,0.0208173,0.09128758,-0.9956071,0.2995539,0.9495041,0.09332386,0.9538524,-0.3001807,-0.00757944,moving,4.109404241182824,4.4981518856155045,-3.947360714081431,3.5235294404584683,1.2073921,-0.26784301,0.0775449999999997,0.0714415617974285,0.0782265433783389,0.9943725401060488,4.756305627749215,5.456054605438398,8.095497030847529,8.115500628733763,8.915630168596966
4025,05/05/2023 12:22:29.220142,4223,True,True,True,True,Eyes,0.180196,0.07751784,-2.74952,0.9732438,-0.2203385,-0.06517234,0.0,0.0,0.0,0.0,0.0,0.0,0.0,-2.936597,0.1736807,-0.08036375,0.1059213,0.07990815,-2.939833,0.1416371,0.6932141,-0.07454396,0.7027351,17.60281,90.07294,5.514646,0.07219362,0.02890708,-0.9969714,0.0,0.0,0.0,1.313402,-0.1912436,-2.853817,-0.07735655,0.0725358,1.188891,0.02779496,0.0916004,-0.995408,0.301139,0.9487642,0.09571692,0.9531751,-0.3024166,-0.001213616,moving,4.126539802192885,4.473336305423835,-3.7227676403434,3.491362924620084,1.2074807,-0.27115175,0.0860160000000003,0.0717413801008146,0.0777941792391051,0.9943848464148624,4.773254791551377,5.430652899084549,7.891130261558226,7.9104929712415935,8.714542028604694
4026,05/05/2023 12:22:29.238360,4224,True,True,True,True,Eyes,0.1773859,0.07761817,-2.757784,0.9730336,-0.2229923,-0.0589914,0.0,0.0,0.0,0.0,0.0,0.0,0.0,-2.944979,0.1787284,-0.05882072,0.103415,0.08135027,-2.948049,0.143595,0.6905842,-0.07596878,0.7047714,17.89834,89.70209,5.502452,0.0715121,0.02882867,-0.9970228,0.0,0.0,0.0,1.311419,-0.1929201,-2.853576,-0.07355361,0.06986987,1.190462,0.0346445,0.09124764,-0.9952255,0.3054101,0.9472184,0.09747764,0.9515905,-0.307329,0.004947925,moving,4.1464105311680886,4.612170701680384,-3.535569372059877,3.358915704347885,1.208004,-0.27427037,0.0944730000000002,0.0720724425271414,0.0802015386443082,0.99416961032284,4.792514424916339,5.573573565022308,7.764200002038376,7.783537969454329,8.617522217511528
4027,05/05/2023 12:22:29.248454,4225,True,True,True,True,Eyes,0.1746004,0.07775741,-2.766091,0.9727996,-0.2255375,-0.05285544,0.0,0.0,0.0,0.0,0.0,0.0,0.0,-2.952962,0.1835926,-0.03894353,0.101378,0.08252468,-2.95603,0.1447601,0.6882297,-0.07667706,0.7067568,18.06907,89.35098,5.485069,0.07077823,0.02875355,-0.9970773,0.0,0.0,0.0,1.309287,-0.1947223,-2.853316,-0.07053642,0.06639384,1.191795,0.04092083,0.09087239,-0.9950215,0.3076405,0.9463302,0.09907751,0.9506225,-0.3101632,0.01076863,moving,4.136910813154181,4.635236024254995,-3.387101125339066,3.1886010557504605,1.207909,-0.27724698,0.1027140000000002,0.0719052718111964,0.0806027253024178,0.994149262316069,4.783096110493845,5.597228494507901,7.643242229552922,7.661821479432226,8.517840630767106
4028,05/05/2023 12:22:29.268859,4226,True,True,True,True,Eyes,0.1718594,0.07793708,-2.774374,0.9724904,-0.2281962,-0.04678695,0.0,0.0,0.0,0.0,0.0,0.0,0.0,-2.960799,0.1874033,-0.0208509,0.09909174,0.08349332,-2.963967,0.14639,0.686041,-0.07808821,0.7083926,18.33344,89.04413,5.454158,0.06999846,0.02868275,-0.9971344,0.0,0.0,0.0,1.307201,-0.1964863,-2.853062,-0.06913913,0.07230637,1.192926,0.0464999,0.0902248,-0.9948353,0.3114932,0.9449444,0.1002597,0.94911,-0.3145465,0.01583542,moving,4.095625091764307,4.750141459353941,-3.317015246961409,3.4686036933606426,1.20810926,-0.27997962,0.1109049999999998,0.071177220734529,0.0826006382931845,0.9940377459025236,4.7421296163024,5.715113313642352,7.502659292691797,7.522604325429511,8.366398353000514
4029,05/05/2023 12:22:29.288492,4227,True,True,True,True,Eyes,0.1691574,0.0781347,-2.782655,0.9721662,-0.2306862,-0.04094548,0.0,0.0,0.0,0.0,0.0,0.0,0.0,-2.968288,0.1920069,-0.005250454,0.09742493,0.08469106,-2.971694,0.1485489,0.6839935,-0.07968035,0.7097445,18.65477,88.78004,5.457311,0.06917959,0.0286173,-0.9971935,0.0,0.0,0.0,1.305018,-0.1983313,-2.852796,-0.0701586,0.0767221,1.193906,0.05160775,0.09010759,-0.9945941,0.3163183,0.9431685,0.1018618,0.9472485,-0.3198652,0.02017216,moving,4.035145455211509,4.932312056282976,-3.363057220141817,3.676852732044415,1.20759307,-0.28302236,0.1188979999999997,0.0701090691653182,0.0857672252460662,0.9938452983838446,4.682084993520455,5.902042103819362,7.4823302594022705,7.503971011432724,8.347201984995383
4030,05/05/2023 12:22:29.299014,4228,True,True,True,True,Eyes,0.1664936,0.07831333,-2.790901,0.9717829,-0.2332397,-0.03517373,0.0,0.0,0.0,0.0,0.0,0.0,0.0,-2.975396,0.2007563,0.0093472,0.09560909,0.08527666,-2.979423,0.1499029,0.6821885,-0.07964781,0.7111991,18.77734,88.52953,5.529708,0.06832761,0.02855734,-0.9972539,0.0,0.0,0.0,1.302912,-0.2001123,-2.85254,-0.07065834,0.06376685,1.195657,0.05655024,0.09123313,-0.9942226,0.317815,0.9423707,0.104552,0.9464649,-0.3218913,0.02429604,moving,3.950653677531831,4.908991847384895,-3.3820081562561968,3.052809723836388,1.20730291,-0.28538896,0.1268830000000003,0.06864575803059,0.0853714248638425,0.9939816061636836,4.598855570928339,5.877469589760223,7.544989990162121,7.563950134980574,8.4659842422515
4031,05/05/2023 12:22:29.320523,4229,True,True,True,True,Eyes,0.1638769,0.07849485,-2.799107,0.9713422,-0.2358316,-0.02962804,0.0,0.0,0.0,0.0,0.0,0.0,0.0,-2.981998,0.2109966,0.02334142,0.09386765,0.08503225,-2.986861,0.1520489,0.6802666,-0.0802285,0.7125182,19.01579,88.28848,5.617131,0.06744853,0.0285017,-0.9973153,0.0,0.0,0.0,1.300814,-0.2018856,-2.852284,-0.07008463,0.06685269,1.197442,0.06160189,0.09253903,-0.9938018,0.3211961,0.9408891,0.1075217,0.9450072,-0.3258287,0.02823739,moving,3.882663831638614,4.997520767204057,-3.3496216792934663,3.1954823063511246,1.20694635,-0.28691785,0.1345770000000001,0.0674571750540279,0.0869142102931914,0.993929315090607,4.531628711346577,5.968041666386785,7.433796121665701,7.453408369734701,8.354710834306905
4032,05/05/2023 12:22:29.338373,4230,True,True,True,True,Eyes,0.1613336,0.07870901,-2.807277,0.9708676,-0.2383958,-0.02415507,0.0,0.0,0.0,0.0,0.0,0.0,0.0,-2.988518,0.2227297,0.03530431,0.09240711,0.08534832,-2.994372,0.1554495,0.6783313,-0.08151887,0.7134824,19.41539,88.0918,5.754711,0.06654651,0.02845004,-0.9973773,0.0,0.0,0.0,1.298597,-0.2037595,-2.852014,-0.06914023,0.07221381,1.198645,0.06644301,0.09456786,-0.9932987,0.3272169,0.9383803,0.1112273,0.9426106,-0.3324144,0.03140461,moving,3.79762352279329,5.249386087508385,-3.301276527190713,3.447685947475392,1.20618989,-0.28910782,0.1423579999999997,0.0659559372840406,0.0912917270165546,0.9936375377920376,4.447210170090756,6.226475647633855,7.302511426654017,7.323967866823133,8.231689880920845
4033,05/05/2023 12:22:29.358518,4231,True,True,True,True,Eyes,0.1588712,0.07894184,-2.815386,0.9704403,-0.2406126,-0.01874366,0.0,0.0,0.0,0.0,0.0,0.0,0.0,-2.994627,0.2368953,0.04733682,0.09162404,0.08635455,-3.001716,0.1573879,0.6765906,-0.08062262,0.7148107,19.51795,87.87746,5.95065,0.06562722,0.02840317,-0.9974396,0.0,0.0,0.0,1.296457,-0.2055692,-2.851753,-0.07092495,0.06972514,1.200337,0.0714504,0.09771453,-0.9926463,0.3282341,0.9374581,0.1159081,0.9418903,-0.3341021,0.03490849,moving,3.70963346921586,5.2202131079309,-3.3815344617288923,3.324459752574708,1.20483296,-0.29192375,0.149963,0.0644328605197319,0.0907948530313619,0.9937830875403872,4.36054625371432,6.195859546421396,7.319581249365978,7.340200501975647,8.257405802099136
4034,05/05/2023 12:22:29.368834,4232,True,True,True,True,Eyes,0.1564941,0.07918811,-2.823449,0.9699969,-0.2427484,-0.01338568,0.0,0.0,0.0,0.0,0.0,0.0,0.0,-3.001096,0.2441353,0.0597918,0.09113382,0.08705138,-3.008965,0.1571351,0.6752073,-0.07922141,0.7163293,19.39646,87.64204,6.006386,0.06469736,0.0283614,-0.9975016,0.0,0.0,0.0,1.294394,-0.2073127,-2.851502,-0.07326043,0.07342123,1.201813,0.07563836,0.09870033,-0.9922385,0.3256948,0.9380651,0.1181393,0.9424446,-0.3321027,0.03880749,moving,3.607881400242809,4.979452219558423,-3.4883345512738435,3.495972160597535,1.20326018,-0.29436408,0.1574629999999999,0.0626912409948162,0.0866277379102839,0.9942662578345448,4.260815553570495,5.94754314865904,7.229795896518602,7.249620260116663,8.127701252932091
4035,05/05/2023 12:22:29.388714,4233,True,True,True,True,Eyes,0.1542129,0.0794702,-2.831451,0.9695563,-0.2447366,-0.008029056,0.0,0.0,0.0,0.0,0.0,0.0,0.0,-3.007844,0.2443004,0.07282448,0.09080125,0.08762477,-3.015989,0.156925,0.6737569,-0.07954712,0.7177037,19.41707,87.39577,5.920156,0.06376022,0.02832465,-0.997563,0.0,0.0,0.0,1.292321,-0.2090653,-2.85125,-0.07559213,0.07275314,1.203348,0.07944788,0.0972761,-0.9920815,0.3256412,0.9380936,0.1180605,0.9421498,-0.3324422,0.04285247,moving,3.520805462098661,4.896354828289048,-3.5944933904355025,3.4598304282379364,1.20151975,-0.29669007,0.1647389999999999,0.0611877138077366,0.0851936015086911,0.9944837866604272,4.175179753084303,5.861475691106177,7.239713025331208,7.25886217756035,8.132387148051327
4036,05/05/2023 12:22:29.408551,4234,True,True,True,True,Eyes,0.1520299,0.07974271,-2.839411,0.9691443,-0.2464794,-0.002684569,0.0,0.0,0.0,0.0,0.0,0.0,0.0,-3.014433,0.2478303,0.08526182,0.09087099,0.0888091,-3.023136,0.1573658,0.6722182,-0.07957239,0.7190459,19.46838,87.1598,5.91347,0.06282154,0.02829376,-0.9976234,0.0,0.0,0.0,1.290141,-0.2109083,-2.850984,-0.07823069,0.07389135,1.204741,0.08358191,0.09713593,-0.9917555,0.3260007,0.9378085,0.1193265,0.9416676,-0.3332866,0.04671743,moving,3.4362311057737167,4.854285813681779,-3.715324858317889,3.5097715334648703,1.19927001,-0.2997174,0.172152,0.0597233798268444,0.0844708948188293,0.9946344864261094,4.091913110164042,5.817620680626579,7.257770429618575,7.276844876541028,8.141199689392277
4037,05/05/2023 12:22:29.421395,4235,True,True,True,True,Eyes,0.1499329,0.08000319,-2.847297,0.9686796,-0.2482996,0.002677655,0.0,0.0,0.0,0.0,0.0,0.0,0.0,-3.020953,0.2485244,0.1002569,0.09103534,0.08881683,-3.030149,0.1555525,0.6707644,-0.07832357,0.7209326,19.22988,86.85774,5.820025,0.0618839,0.0282678,-0.9976828,0.0,0.0,0.0,1.288116,-0.2126198,-2.850738,-0.08023071,0.07631591,1.206178,0.08788093,0.09574613,-0.9915188,0.3216103,0.9393377,0.1192124,0.9427851,-0.3293591,0.05175694,moving,3.3756460765498773,4.517013257559945,-3.805507534672971,3.620326980073171,1.19708066,-0.30143663,0.179411,0.05869980411425,0.0786193163671228,0.9951750422631858,4.03298857689058,5.470335422925137,7.218953403443155,7.236920164559786,8.053853272168576
4038,05/05/2023 12:22:29.439032,4236,True,True,True,True,Eyes,0.147954,0.08027577,-2.855131,0.968165,-0.2501838,0.008040762,0.0,0.0,0.0,0.0,0.0,0.0,0.0,-3.026994,0.2521737,0.1154785,0.09108441,0.08886804,-3.03701,0.1569629,0.6686668,-0.07967933,0.7224255,19.47198,86.56467,5.770108,0.06095245,0.02824593,-0.9977407,0.0,0.0,0.0,1.285883,-0.2145081,-2.850466,-0.08243173,0.07731196,1.207646,0.09307191,0.09478698,-0.9911372,0.3250365,0.9380277,0.1202301,0.9411104,-0.3333458,0.05649475,moving,3.360476095082602,4.65265508552636,-3.9048492491138624,3.663004194848489,1.19479859,-0.30337614,0.186544,0.0584252536040592,0.0809763752693664,0.9950021966058754,4.01771576159998,5.609728384407239,7.313500979902726,7.332418512499336,8.158233351602563
4039,05/05/2023 12:22:29.450179,4237,True,True,True,True,Eyes,0.1460868,0.08054134,-2.862892,0.9676501,-0.2519289,0.01361394,0.0,0.0,0.0,0.0,0.0,0.0,0.0,-3.032608,0.2572749,0.1317987,0.09195219,0.08946131,-3.043651,0.1583478,0.6663558,-0.08056615,0.7241582,19.6765,86.23734,5.750536,0.06003047,0.02822821,-0.9977971,0.0,0.0,0.0,1.28389,-0.2161926,-2.850223,-0.08349753,0.07988801,1.209183,0.09895802,0.09434672,-0.9906089,0.3277172,0.9368702,0.1219663,0.9395791,-0.3367091,0.0617918,moving,3.365395547632004,4.754893456044634,-3.9501662015523977,3.77991038579272,1.19193781,-0.30565391,0.1934279999999999,0.0585021312112601,0.0827513574369385,0.9948517173597418,4.022324007473373,5.71490816826177,7.360212508053216,7.380246316581026,8.203951276742929
4040,05/05/2023 12:22:29.468821,4238,True,True,True,True,Eyes,0.1443377,0.08080005,-2.870603,0.9670908,-0.2537039,0.01923015,0.0,0.0,0.0,0.0,0.0,0.0,0.0,-3.038187,0.2623863,0.1503041,0.09285912,0.08959509,-3.05047,0.1579239,0.6641144,-0.07978226,0.7263933,19.59679,85.85925,5.717462,0.05912265,0.02821403,-0.9978517,0.0,0.0,0.0,1.281614,-0.2181168,-2.849946,-0.08409574,0.07989529,1.21066,0.1051738,0.0938525,-0.9900153,0.3256657,0.9373897,0.1234606,0.9396173,-0.3353988,0.06802432,moving,3.385334171309893,4.567931246438163,-3.973538186502673,3.7756552956096376,1.18875488,-0.30771189,0.2005239999999997,0.0588639400355615,0.0795029163274979,0.9950951742661528,4.042418247502527,5.522768804633978,7.382125670833395,7.4013987570485025,8.204143048806786
4041,05/05/2023 12:22:29.489629,4239,True,True,True,True,Eyes,0.1427077,0.08105095,-2.878197,0.9665197,-0.2553747,0.02496545,0.0,0.0,0.0,0.0,0.0,0.0,0.0,-3.043231,0.2682385,0.1701841,0.09396008,0.08971065,-3.057007,0.158915,0.6613995,-0.08034294,0.728589,19.74563,85.45434,5.679117,0.05823058,0.02820281,-0.9979045,0.0,0.0,0.0,1.279645,-0.2197815,-2.849706,-0.08460125,0.0835812,1.212322,0.1121915,0.09313859,-0.9893121,0.3272865,0.9365821,0.1252898,0.9382413,-0.3378449,0.07459354,moving,3.4481727577656183,4.612826477039537,-3.991884094694848,3.9439061591520113,1.18568492,-0.3094921499999999,0.2073010000000001,0.0599515246656004,0.0802774030972784,0.9949679365809276,4.104253069760971,5.569378818823667,7.44954211816229,7.470066958168895,8.257699337770948
4042,05/05/2023 12:22:29.498596,4240,True,True,True,True,Eyes,0.1412107,0.08128604,-2.885751,0.9659261,-0.2569833,0.0307636,0.0,0.0,0.0,0.0,0.0,0.0,0.0,-3.048422,0.2727981,0.1922619,0.09548378,0.08992028,-3.06383,0.1589597,0.6585665,-0.08027809,0.7311479,19.76622,84.99858,5.609022,0.05735863,0.0281941,-0.9979552,0.0,0.0,0.0,1.277521,-0.2215767,-2.849447,-0.08555844,0.084609,1.213537,0.1196911,0.0919808,-0.9885411,0.3267614,0.9365745,0.1267092,0.9374972,-0.3381831,0.08204382,moving,3.5406306010106583,4.530585757836648,-4.032871895371034,3.9882644374596254,1.18203722,-0.31149698,0.2143829999999997,0.0615641036423609,0.0788414269018028,0.9949843902151732,4.195583456872527,5.485444373132214,7.572149973562879,7.592894868048366,8.363553386189764
4043,05/05/2023 12:22:29.521387,4241,True,True,True,True,Eyes,0.1398158,0.0814843,-2.893073,0.9652778,-0.2586305,0.0367296,0.0,0.0,0.0,0.0,0.0,0.0,0.0,-3.053273,0.2780032,0.2134757,0.09720818,0.08977452,-3.070476,0.1589867,0.6558029,-0.08007886,0.7336438,19.77401,84.5552,5.551077,0.056508,0.0281871,-0.998004,0.0,0.0,0.0,1.275364,-0.2234002,-2.849184,-0.08718216,0.08791165,1.214762,0.1270198,0.09102917,-0.9877145,0.3260266,0.9366212,0.1282473,0.9367886,-0.3383111,0.08929153,moving,3.6106527004922335,4.435136646669192,-4.105018009483104,4.139247535956297,1.17815582,-0.31317472,0.221292,0.0627882409725719,0.077177874699603,0.9950383121627386,4.264829834924186,5.38776950420448,7.699894577122705,7.721342167694021,8.462455910888263
4044,05/05/2023 12:22:29.540329,4242,True,True,True,True,Eyes,0.1385661,0.08165777,-2.900365,0.9646017,-0.2602297,0.04270787,0.0,0.0,0.0,0.0,0.0,0.0,0.0,-3.057914,0.2870764,0.2328086,0.09910151,0.08954898,-3.077273,0.1602764,0.652979,-0.08026089,0.7358587,19.91946,84.14796,5.566205,0.05568286,0.02818061,-0.9980505,0.0,0.0,0.0,1.273261,-0.2251785,-2.848928,-0.08934127,0.09218429,1.215401,0.1343531,0.09119286,-0.9867285,0.3274356,0.9357393,0.1310642,0.9352729,-0.3406989,0.09585969,moving,3.664818707348967,4.479016751044783,-4.204116785656178,4.3373975787665415,1.17415949,-0.31472748,0.228345,0.0637251270603597,0.0779352617434901,0.9949196458624344,4.318118402521358,5.433275049134368,7.847051831402355,7.8702097674098175,8.592405951342801
4045,05/05/2023 12:22:29.548942,4243,True,True,True,True,Eyes,0.1374516,0.081802,-2.907602,0.9638721,-0.2618544,0.04881432,0.0,0.0,0.0,0.0,0.0,0.0,0.0,-3.062011,0.2999778,0.2500086,0.1013614,0.08913176,-3.083858,0.1612455,0.6504108,-0.07915392,0.7380382,19.93633,83.77522,5.672231,0.05488478,0.02817374,-0.9980949,0.0,0.0,0.0,1.271184,-0.2269345,-2.848675,-0.09199712,0.09306648,1.216315,0.141401,0.09291436,-0.9855825,0.3265888,0.935469,0.1350456,0.9345297,-0.3409758,0.1019314,moving,3.67168474619512,4.3921032487965785,-4.325384082115288,4.375467533559324,1.1698226,-0.31606626,0.2351830000000001,0.0638518409421782,0.0764253356384756,0.9950286931921478,4.325091120565609,5.343938076341207,7.9737742877308175,7.997086131320298,8.704519310360183
4046,05/05/2023 12:22:29.568252,4244,True,True,True,True,Eyes,0.136488,0.08190577,-2.914818,0.9631119,-0.2634389,0.0549133,0.0,0.0,0.0,0.0,0.0,0.0,0.0,-3.065849,0.3165161,0.2677274,0.1036865,0.08870337,-3.090739,0.1628216,0.6476317,-0.07788523,0.7402678,19.99542,83.39288,5.838019,0.05411704,0.02816559,-0.9981371,0.0,0.0,0.0,1.269094,-0.2287006,-2.848421,-0.09421796,0.09717566,1.21673,0.1490141,0.09558499,-0.9842045,0.3262087,0.934846,0.1401812,0.933479,-0.341945,0.1081246,moving,3.6967248480723214,4.344612485346528,-4.427884822366061,4.56630649122636,1.1654075,-0.31740397,0.242318,0.0642907609288234,0.0755984276063072,0.9950636322740156,4.349885297763322,5.295271549290407,8.103045306783558,8.127633759540592,8.80798718991544
4047,05/05/2023 12:22:29.578973,4245,True,True,True,True,Eyes,0.135673,0.08196182,-2.92196,0.9623135,-0.265004,0.0610364,0.0,0.0,0.0,0.0,0.0,0.0,0.0,-3.069415,0.33499,0.2834363,0.1064482,0.08787908,-3.097549,0.1643644,0.6450284,-0.07613192,0.7423791,20.01438,83.04079,6.048214,0.05338091,0.02815489,-0.998177,0.0,0.0,0.0,1.26694,-0.2305223,-2.848158,-0.09706628,0.1041832,1.216719,0.1562845,0.09900197,-0.982738,0.3250769,0.9343765,0.1458269,0.9326844,-0.3422559,0.1138453,moving,3.689713285298216,4.259060377209752,-4.561229462259618,4.8940904928270905,1.1604918,-0.31840138,0.2493909999999997,0.0641761578290561,0.0741130882992843,0.9951826492319148,4.343175520125058,5.207237905712699,8.248658458986666,8.27534406965766,8.909909617527777
4048,05/05/2023 12:22:29.598989,4246,True,True,True,True,Eyes,0.1350217,0.08197369,-2.929094,0.9615095,-0.2664477,0.06712041,0.0,0.0,0.0,0.0,0.0,0.0,0.0,-3.073117,0.3546759,0.2974987,0.1095772,0.08700006,-3.104637,0.1657436,0.6426144,-0.07386899,0.7443919,19.98017,82.71629,6.294727,0.05267955,0.02814038,-0.9982147,0.0,0.0,0.0,1.264814,-0.2323195,-2.847899,-0.09999946,0.1041659,1.216855,0.1631802,0.1030435,-0.9812005,0.3229934,0.9341449,0.1518179,0.9322272,-0.341695,0.1191515,moving,3.655080376804311,4.128650072718177,-4.6979312997888,4.892737522095412,1.1552368000000002,-0.31931956,0.2567379999999999,0.0635851614858321,0.0718505050522182,0.9953865967686472,4.309344811981584,5.072877923035229,8.36143016688441,8.38788612819682,9.00907728447926
4049,05/05/2023 12:22:29.621907,4247,True,True,True,True,Eyes,0.1345321,0.08193965,-2.93619,0.9606751,-0.2678469,0.07322059,0.0,0.0,0.0,0.0,0.0,0.0,0.0,-3.076891,0.3727251,0.3101122,0.1129245,0.08597585,-3.111625,0.166546,0.6404782,-0.0713361,0.7462984,19.87471,82.41713,6.524623,0.05201485,0.02812094,-0.9982501,0.0,0.0,0.0,1.262803,-0.2340192,-2.847654,-0.1031249,0.09947857,1.217122,0.1693977,0.1068622,-0.9797372,0.3198142,0.9343472,0.1572077,0.9322142,-0.3399645,0.1241002,moving,3.584661483210509,3.934727946764073,-4.8430173467467705,4.6725480967505,1.1498784999999998,-0.31999505,0.2639710000000002,0.0623765321677418,0.0684863623627912,0.9957000807495232,4.240389162327818,4.872950631528241,8.435498951707777,8.459914245111241,9.085616929248337
4050,05/05/2023 12:22:29.638677,4248,True,True,True,True,Eyes,0.1342147,0.08185892,-2.943278,0.9598172,-0.2692017,0.07925465,0.0,0.0,0.0,0.0,0.0,0.0,0.0,-3.081428,0.3852257,0.3213267,0.1165238,0.08494193,-3.118662,0.1669583,0.6385984,-0.06962593,0.7479769,19.79695,82.14225,6.657454,0.05138903,0.02809558,-0.9982831,0.0,0.0,0.0,1.260648,-0.2358409,-2.847392,-0.1057856,0.09741396,1.216929,0.1746886,0.1090814,-0.978563,0.3173958,0.9345543,0.1608359,0.9320644,-0.3386879,0.128634,moving,3.490366874051621,3.780080993686104,-4.968137312335296,4.576711378769938,1.1441242,-0.3207828299999999,0.2712699999999999,0.0607487599994756,0.0658052442369095,0.9959815109904396,4.147806441054056,4.713248789301124,8.472627054542313,8.49593508929793,9.116966215766784
4051,05/05/2023 12:22:29.654048,4249,True,True,True,True,Eyes,0.1340641,0.08173858,-2.950295,0.9589286,-0.2705307,0.08525886,0.0,0.0,0.0,0.0,0.0,0.0,0.0,-3.086,0.3964255,0.3318832,0.1204042,0.08376097,-3.125569,0.1677573,0.6366845,-0.0686452,0.7495186,19.80897,81.87437,6.758146,0.05080378,0.02806332,-0.9983141,0.0,0.0,0.0,1.258452,-0.2376978,-2.847124,-0.1086873,0.09543417,1.216516,0.1798414,0.1107153,-0.9774452,0.3165187,0.9342906,0.1640638,0.9313822,-0.3388851,0.1329806,moving,3.399157283596175,3.719160949354083,-5.105426693761603,4.485596064432571,1.1380477999999998,-0.32145877,0.278445,0.0591672592655103,0.064752389101973,0.9961457505232578,4.058043802007325,4.649960456676005,8.516373573117207,8.539049795706548,9.164944472295792
4052,05/05/2023 12:22:29.668868,4250,True,True,True,True,Eyes,0.1340862,0.08156101,-2.95731,0.9580361,-0.2717441,0.09122448,0.0,0.0,0.0,0.0,0.0,0.0,0.0,-3.090773,0.4051976,0.3433781,0.1246537,0.08286793,-3.132502,0.1678708,0.6347863,-0.06744329,0.7512103,19.74513,81.5854,6.821683,0.05026115,0.02802364,-0.9983426,0.0,0.0,0.0,1.256392,-0.2394394,-2.846873,-0.1107374,0.08829576,1.216281,0.1849955,0.111796,-0.9763597,0.3144524,0.9345416,0.1665885,0.9310726,-0.3378368,0.1377314,moving,3.3191421408706,3.589186979362605,-5.202203224135832,4.152095967271547,1.1317383,-0.32230733,0.2856290000000001,0.0577843781324276,0.0624975630376169,0.9963708901797051,3.979478353082916,4.515732742021358,8.5198472143886,8.539917643536457,9.188879599243238
4053,05/05/2023 12:22:29.688570,4251,True,True,True,True,Eyes,0.1342764,0.08132552,-2.96429,0.9570515,-0.2731247,0.09723864,0.0,0.0,0.0,0.0,0.0,0.0,0.0,-3.096132,0.4086537,0.3556519,0.1288851,0.08129451,-3.139474,0.1672148,0.6329661,-0.06683145,0.7529454,19.65838,81.27897,6.771745,0.04976264,0.02797536,-0.998369,0.0,0.0,0.0,1.253781,-0.241646,-2.846555,-0.1118804,0.09078594,1.215161,0.1897748,0.1110417,-0.9755283,0.3123234,0.9351456,0.1672031,0.9308274,-0.3364112,0.1427862,moving,3.2411305821638545,3.431333089272409,-5.260416585882148,4.272689296246305,1.1248959,-0.32294051,0.2929189999999999,0.0564372001043571,0.0597568730560316,0.9966162687204818,3.9029535506539217,4.352846324820256,8.522752098941282,8.543078164076721,9.163720718594108
4054,05/05/2023 12:22:29.698709,4252,True,True,True,True,Eyes,0.1346606,0.08105332,-2.971259,0.9560844,-0.2743184,0.1032097,0.0,0.0,0.0,0.0,0.0,0.0,0.0,-3.10071,0.4175583,0.3668199,0.1333458,0.07977949,-3.146295,0.1686209,0.6307804,-0.06715256,0.7544358,19.82476,80.9875,6.800879,0.0493102,0.02791756,-0.998393,0.0,0.0,0.0,1.25217,-0.2430085,-2.846359,-0.1119938,0.09280515,1.214253,0.1952133,0.111401,-0.9744135,0.3140502,0.934115,0.1697104,0.9291201,-0.3391444,0.1473661,moving,3.188279919497813,3.5330510441741665,-5.2696339586604894,4.370609554321542,1.1188242,-0.3227879899999999,0.2999359999999997,0.0555118953036556,0.061529286245953,0.9965604763835808,3.850618454579301,4.457088034756181,8.478013048034759,8.499282994950992,9.120662399671664
4055,05/05/2023 12:22:29.722440,4253,True,True,True,True,Eyes,0.1352215,0.08073284,-2.978204,0.9550574,-0.2755515,0.109255,0.0,0.0,0.0,0.0,0.0,0.0,0.0,-3.105691,0.4227955,0.3779719,0.1384511,0.07860238,-3.153028,0.1675945,0.62909,-0.06553695,0.7562161,19.62926,80.69363,6.813528,0.04890496,0.02784991,-0.998414,0.0,0.0,0.0,1.249932,-0.2448999,-2.846087,-0.1120417,0.08850014,1.213298,0.1999013,0.1117439,-0.9734233,0.3099843,0.935234,0.171018,0.9294888,-0.3359326,0.1523156,moving,3.087583855894428,3.274220264841847,-5.27600123810333,4.171868937568751,1.1114809,-0.32350228,0.3069410000000001,0.053774754413874,0.0570321837795873,0.9969230297636164,3.751971247776366,4.19019529992142,8.3926931648121,8.411618676817788,9.02799108669021
4056,05/05/2023 12:22:29.738563,4254,True,True,True,True,Eyes,0.1359719,0.08038643,-2.985135,0.9540138,-0.2767126,0.1152724,0.0,0.0,0.0,0.0,0.0,0.0,0.0,-3.10991,0.4329625,0.3899877,0.1434373,0.07720286,-3.159834,0.1681482,0.6269307,-0.06461327,0.7579641,19.62829,80.3821,6.883432,0.0485485,0.02777192,-0.9984331,0.0,0.0,0.0,1.247938,-0.2465864,-2.845844,-0.1107616,0.08916807,1.212077,0.2055661,0.1128855,-0.9721109,0.3087836,0.9351026,0.1738845,0.9286525,-0.3359166,0.1573682,moving,3.032442860992353,3.2074437317686755,-5.2212816503807815,4.2074615118404,1.1045007,-0.32378926,0.31399,0.0528187659503964,0.0558731158474225,0.9970397648438792,3.697775576308916,4.12113547634325,8.29535959935567,8.314084668206192,8.91947498440185
4057,05/05/2023 12:22:29.748714,4255,True,True,True,True,Eyes,0.1369058,0.0800007,-2.99205,0.9529136,-0.277905,0.1213437,0.0,0.0,0.0,0.0,0.0,0.0,0.0,-3.114275,0.4400863,0.4026835,0.1488301,0.07623453,-3.166476,0.16823,0.6247742,-0.06378654,0.7597945,19.5935,80.0544,6.906238,0.04824225,0.02768386,-0.9984501,0.0,0.0,0.0,1.245873,-0.2483318,-2.845592,-0.1091585,0.08675718,1.210783,0.2111772,0.1132822,-0.9708612,0.3071408,0.9352599,0.175936,0.927938,-0.3353447,0.162712,moving,2.981899343593097,3.1062083815649304,-5.151590759108456,4.098454635689929,1.0970429,-0.32456633,0.3208839999999999,0.05194424378238,0.0541138524981869,0.9971826804178514,3.6481928795513054,4.016669073403875,8.176321289542205,8.19379117866505,8.800163689694783
4058,05/05/2023 12:22:29.768975,4256,True,True,True,True,Eyes,0.1380255,0.07960412,-2.998953,0.951763,-0.2791548,0.1273565,0.0,0.0,0.0,0.0,0.0,0.0,0.0,-3.118573,0.4465346,0.4161339,0.1542766,0.07492293,-3.173112,0.16828,0.622518,-0.06319063,0.7616825,19.57415,79.71005,6.903571,0.04798726,0.0275855,-0.9984649,0.0,0.0,0.0,1.243686,-0.2501807,-2.845326,-0.1077049,0.08424791,1.209122,0.2169567,0.1132523,-0.9695895,0.305777,0.9353775,0.1776773,0.9270546,-0.3350265,0.1683065,moving,2.9499712388835406,3.0157226405647224,-5.090298324216471,3.985752287975008,1.0894094,-0.32510363,0.3277860000000001,0.0513928813376436,0.0525404636752686,0.9972954226551392,3.616934247795511,3.923387755310021,8.082250613430311,8.098573464763247,8.707455908475271
4059,05/05/2023 12:22:29.788294,4257,True,True,True,True,Eyes,0.1393305,0.07918032,-3.005819,0.9505346,-0.2804781,0.1334764,0.0,0.0,0.0,0.0,0.0,0.0,0.0,-3.122942,0.4546908,0.4268351,0.1599452,0.07429466,-3.179716,0.1696514,0.6203005,-0.06340501,0.7631682,19.73104,79.41608,6.937338,0.04778451,0.02747761,-0.9984776,0.0,0.0,0.0,1.241532,-0.2520016,-2.845063,-0.1067863,0.08490444,1.20711,0.2224142,0.1136923,-0.9683007,0.307247,0.9343964,0.1802847,0.9252737,-0.3376053,0.1728915,moving,2.88621360171661,3.101408972229273,-5.055477994175736,4.023384367180351,1.0815868000000002,-0.32629626,0.3346529999999998,0.0502790643039512,0.0540349370480615,0.9972723705210432,3.5538858158515083,4.011065929267057,7.978421970641717,7.995029958240451,8.609372622747806
4060,05/05/2023 12:22:29.798657,4258,True,True,True,True,Eyes,0.1408231,0.07881343,-3.012671,0.9492527,-0.2818941,0.139481,0.0,0.0,0.0,0.0,0.0,0.0,0.0,-3.125793,0.4707747,0.4390864,0.1659361,0.07332263,-3.186235,0.1705845,0.6178995,-0.06141213,0.7650685,19.68877,79.08997,7.128448,0.04763484,0.02736035,-0.9984879,0.0,0.0,0.0,1.239372,-0.2538278,-2.8448,-0.1065612,0.08311707,1.204813,0.2288576,0.1168392,-0.9664227,0.3047771,0.934259,0.1851246,0.9245188,-0.3369107,0.1782023,moving,2.8416783379929456,2.971161651992804,-5.054444741021905,3.9464413538126655,1.0734359,-0.32715043,0.3414349999999997,0.0495098311610017,0.0517697467658385,0.9974309957943508,3.510293875156961,3.876804511061599,7.940390748294564,7.9561253242852334,8.565021707697758
4061,05/05/2023 12:22:29.823201,4259,True,True,True,True,Eyes,0.1425204,0.07843642,-3.019526,0.9479432,-0.2831677,0.1456702,0.0,0.0,0.0,0.0,0.0,0.0,0.0,-3.129167,0.4881979,0.4456117,0.1720202,0.07440833,-3.192721,0.1733699,0.6158443,-0.06050089,0.7661713,19.88787,78.88029,7.382515,0.04753902,0.02723663,-0.998496,0.0,0.0,0.0,1.237295,-0.2555837,-2.844547,-0.106288,0.08244888,1.202546,0.234151,0.1208297,-0.9646624,0.3062458,0.932565,0.1911439,0.9227062,-0.3401804,0.1813574,moving,2.710724836841241,3.103261503882325,-5.051008151128706,3.922171461693997,1.0652748,-0.32999203,0.3481740000000002,0.0472242305488624,0.0540752569019958,0.9974195719744128,3.3809004568772965,4.011747364221691,7.789078811859853,7.804813418368437,8.432384396840515
4062,05/05/2023 12:22:29.829058,4260,True,True,True,True,Eyes,0.1443781,0.07808786,-3.026366,0.9465893,-0.2845174,0.1517189,0.0,0.0,0.0,0.0,0.0,0.0,0.0,-3.131487,0.5006337,0.4624414,0.1785238,0.07369834,-3.198967,0.1717848,0.6134158,-0.0566302,0.7687681,19.48749,78.47052,7.538692,0.04749824,0.02710685,-0.9985015,0.0,0.0,0.0,1.235219,-0.2573381,-2.844295,-0.1066502,0.08130595,1.199772,0.2410284,0.1236801,-0.9626052,0.297822,0.934566,0.1946497,0.9236924,-0.3336011,0.1884223,moving,2.6921248198328755,2.6134198918642637,-5.079787908473409,3.876883302873453,1.0566952,-0.33103644,0.3546720000000003,0.0469204126693971,0.0455467497666868,0.9978597330562464,3.3637204632829745,3.5078475929929755,7.859569927684716,7.873942293881014,8.451569143010493
4063,05/05/2023 12:22:29.848845,4261,True,True,True,True,Eyes,0.1464565,0.07780997,-3.033198,0.9451236,-0.286029,0.157889,0.0,0.0,0.0,0.0,0.0,0.0,0.0,-3.13587,0.5117978,0.4675679,0.1842962,0.07408764,-3.20543,0.1738127,0.6117512,-0.05646918,0.7696497,19.6723,78.29081,7.673688,0.04751209,0.02697263,-0.9985046,0.0,0.0,0.0,1.233135,-0.2590999,-2.844041,-0.1080181,0.07915753,1.196722,0.2451434,0.1257373,-0.9612985,0.2995833,0.9332007,0.1984597,0.9220382,-0.33664,0.1910992,moving,2.5216836273619347,2.7283869771706213,-5.157635086143551,3.7843336036767705,1.0488388000000002,-0.33318754,0.3613889999999999,0.0439476993428957,0.0475553537188574,0.9979014142159036,3.195444011372066,3.624895148332576,7.737523117449559,7.751577851097496,8.354600590716164
4064,05/05/2023 12:22:29.868298,4262,True,True,True,True,Eyes,0.1487266,0.07757965,-3.039988,0.9437865,-0.2869421,0.1641073,0.0,0.0,0.0,0.0,0.0,0.0,0.0,-3.136286,0.5377766,0.4794436,0.1915888,0.07551709,-3.211378,0.1760857,0.6089561,-0.05309434,0.7715876,19.65741,77.96655,8.089767,0.04758213,0.02683682,-0.9985049,0.0,0.0,0.0,1.231012,-0.2608949,-2.843782,-0.1100819,0.07558957,1.19346,0.2527069,0.1325231,-0.9584241,0.2963908,0.9323496,0.2070669,0.9210275,-0.3363954,0.1963326,moving,2.478057092315097,2.6493574396565287,-5.269914530285989,3.624072863199782,1.0394232,-0.33641199,0.3675959999999998,0.0431906426210584,0.0461803991075326,0.99799893355464,3.152627127768106,3.543314207199705,7.7958912598078784,7.809041837608812,8.422928822100753
4065,05/05/2023 12:22:29.878656,4263,True,True,True,True,Eyes,0.1511705,0.07740863,-3.04679,0.9422567,-0.2881897,0.1705839,0.0,0.0,0.0,0.0,0.0,0.0,0.0,-3.139197,0.5415386,0.4971147,0.1985288,0.0763828,-3.217095,0.1713633,0.6071979,-0.04732464,0.7744067,18.83722,77.5593,8.188757,0.04770883,0.02670123,-0.9985025,0.0,0.0,0.0,1.22884,-0.2627314,-2.843517,-0.1128623,0.07237785,1.189896,0.2581423,0.1348058,-0.9566556,0.2813999,0.93679,0.2079389,0.9242167,-0.3228806,0.2038908,moving,2.3621651708191544,1.7578116861989488,-5.418326588707965,3.480843865302241,1.0303112,-0.3391142,0.3735780000000002,0.0411965161006205,0.030648745854946,0.9986808099983095,3.0404920961999373,2.625609530627747,7.957792129504453,7.968995665094495,8.501943266768672
4066,05/05/2023 12:22:29.898433,4264,True,True,True,True,Eyes,0.1538205,0.07730348,-3.053536,0.9407719,-0.2890801,0.1771462,0.0,0.0,0.0,0.0,0.0,0.0,0.0,-3.140539,0.5563274,0.5134118,0.2049416,0.07760483,-3.22305,0.1741366,0.6038927,-0.04737451,0.7763671,19.12353,77.15908,8.322661,0.04789189,0.02656783,-0.9984972,0.0,0.0,0.0,1.226628,-0.2646009,-2.843248,-0.1155778,0.07098807,1.185915,0.2661387,0.1367596,-0.9541839,0.2838796,0.9348642,0.2131695,0.9211855,-0.327606,0.2099803,moving,2.397739806205642,1.983275428529488,-5.5663961845141845,3.425599055640706,1.0216864,-0.34220573,0.3798020000000002,0.0418112200292908,0.0345775080607865,0.99852694807703,3.0750270971151066,2.857732325061028,8.082244748124952,8.093686398916265,8.660061717793008
4067,05/05/2023 12:22:29.918584,4265,True,True,True,True,Eyes,0.1566286,0.07721552,-3.060292,0.9391295,-0.2901083,0.1840463,0.0,0.0,0.0,0.0,0.0,0.0,0.0,-3.142617,0.5587217,0.535655,0.2125757,0.07892727,-3.228578,0.1712366,0.6010681,-0.04398928,0.7793974,18.65105,76.64891,8.330815,0.04813217,0.02643864,-0.9984889,0.0,0.0,0.0,1.224652,-0.2662716,-2.843007,-0.1181885,0.06783815,1.182003,0.2735643,0.1372794,-0.9520068,0.2744199,0.937486,0.2140415,0.9218765,-0.3198037,0.2187906,moving,2.400611516800611,1.4416573777455803,-5.710026813304595,3.28474671797748,1.0120763000000002,-0.34519887,0.3855710000000001,0.0418730837428253,0.0251369480351738,0.9988067194128069,3.079133997694888,2.3007336058946826,8.307079269477095,8.317417413948169,8.844073132124134
4068,05/05/2023 12:22:29.938325,4266,True,True,True,True,Eyes,0.1595797,0.07714117,-3.066988,0.9373698,-0.2913547,0.1909197,0.0,0.0,0.0,0.0,0.0,0.0,0.0,-3.146171,0.5522303,0.5579479,0.2188381,0.0790342,-3.234273,0.1696311,0.5981011,-0.04446643,0.7819995,18.57185,76.14467,8.088021,0.04842873,0.02631382,-0.9984776,0.0,0.0,0.0,1.222491,-0.2680983,-2.842744,-0.1207267,0.06443977,1.177867,0.2805956,0.1333676,-0.9505152,0.2724585,0.9384961,0.2121119,0.9203437,-0.3184936,0.2270007,moving,2.447465856012077,1.287888272167148,-5.852154305056209,3.1314654955103043,1.0036529,-0.3471325,0.3915289999999998,0.0426925808696917,0.0224555059888578,0.998835886821098,3.1256811083765257,2.142918876050553,8.492310343991454,8.501909891103342,9.032095721898228
4069,05/05/2023 12:22:29.948391,4267,True,True,True,True,Eyes,0.1626652,0.07707618,-3.073614,0.9354464,-0.2928934,0.1978724,0.0,0.0,0.0,0.0,0.0,0.0,0.0,-3.15108,0.5398437,0.5752625,0.2253141,0.07927679,-3.239539,0.1706073,0.5951729,-0.04904643,0.7837453,19.01451,75.71233,7.671047,0.04878033,0.02619345,-0.9984632,0.0,0.0,0.0,1.22042,-0.2698494,-2.842492,-0.1227674,0.0663607,1.173367,0.2867273,0.1262019,-0.9496633,0.2799615,0.9369752,0.2090431,0.9161927,-0.3258076,0.2333247,moving,2.485130297031143,1.6529913256908888,-5.973027799214787,3.2369599268670664,0.9951059,-0.34912619,0.3970470000000001,0.0433420977660771,0.0288190321185049,0.9986445432020687,3.1619470157785416,2.518666143343781,8.594481988323778,8.605195808963478,9.163171439518669
4070,05/05/2023 12:22:29.968543,4268,True,True,True,True,Eyes,0.1658744,0.07699776,-3.080175,0.9334382,-0.2945458,0.2047827,0.0,0.0,0.0,0.0,0.0,0.0,0.0,-3.155713,0.5254623,0.5948815,0.231811,0.07944128,-3.244761,0.1696599,0.5923988,-0.05197393,0.7858612,19.1618,75.24609,7.25716,0.04918556,0.02607749,-0.9984458,0.0,0.0,0.0,1.218292,-0.271648,-2.842233,-0.1258126,0.06031939,1.1687,0.2927247,0.1193241,-0.9487222,0.2827012,0.9370285,0.2050796,0.9134507,-0.3282368,0.2405583,moving,2.512174725338768,1.7140781298358905,-6.144328495652982,2.9545499981251875,0.986481,-0.35108928,0.4025280000000002,0.0438120991640318,0.0298831239100747,0.998592787180233,3.188461033292243,2.581678521115034,8.735540985956629,8.744931015797532,9.340235196715197
4071,05/05/2023 12:22:29.978862,4269,True,True,True,True,Eyes,0.1692221,0.07692383,-3.086684,0.9312847,-0.2965097,0.2116379,0.0,0.0,0.0,0.0,0.0,0.0,0.0,-3.160212,0.5136749,0.6109133,0.2380714,0.07901585,-3.249784,0.169961,0.5897821,-0.05574039,0.7875045,19.47767,74.84055,6.864908,0.04964122,0.02596555,-0.9984264,0.0,0.0,0.0,1.21617,-0.2734422,-2.841974,-0.1280605,0.05862409,1.164004,0.2981,0.1126884,-0.9478597,0.2882716,0.9360125,0.2019408,0.9099649,-0.3334396,0.2465404,moving,2.500303824201883,1.9310286422415917,-6.278274096467912,2.883217955743956,0.9780986,-0.35245805,0.40781,0.0435999538545221,0.0336643813339567,0.9984816216725648,3.1762485642237817,2.8047151533745143,8.820663517802101,8.830067655347797,9.454848567349591
4072,05/05/2023 12:22:29.998952,4270,True,True,True,True,Eyes,0.1727024,0.07690379,-3.093108,0.9291164,-0.2983749,0.2184382,0.0,0.0,0.0,0.0,0.0,0.0,0.0,-3.164875,0.502116,0.6247814,0.2447021,0.07900705,-3.254656,0.1699818,0.5874721,-0.05893155,0.7889929,19.72281,74.47446,6.510025,0.0501494,0.02585667,-0.9984041,0.0,0.0,0.0,1.214092,-0.2751988,-2.841721,-0.1301444,0.05564006,1.15919,0.3028072,0.106726,-0.9470572,0.2927123,0.9352666,0.1989875,0.9069881,-0.3374701,0.2519654,moving,2.444609351569724,2.086216202569008,-6.405877463174329,2.7480359074146223,0.9693899,-0.35420585,0.412935,0.0426253202603765,0.0363702126906343,0.998428967237904,3.12098430513426,2.963927024404356,8.866219514571336,8.875197022020428,9.529307641526476
4073,05/05/2023 12:22:30.023727,4271,True,True,True,True,Eyes,0.1763176,0.07688537,-3.099454,0.926873,-0.3001845,0.2253788,0.0,0.0,0.0,0.0,0.0,0.0,0.0,-3.169639,0.4863933,0.6389503,0.2514254,0.08022325,-3.259109,0.1684535,0.5855219,-0.06099506,0.7906119,19.74232,74.1178,6.149072,0.05070659,0.02575289,-0.9983789,0.0,0.0,0.0,1.21191,-0.2770435,-2.841455,-0.1319716,0.05310646,1.154222,0.3068873,0.1008196,-0.946391,0.2937132,0.9358061,0.1949348,0.9052916,-0.3377905,0.257575,moving,2.3446379104584767,2.0220489190476294,-6.522766944437628,2.6343559422817906,0.9604846,-0.3572667499999999,0.4176540000000002,0.040884797746213,0.0352545818894928,0.9985416583336612,3.022592675651656,2.8972380177771204,8.88017726543188,8.888520054054943,9.548978859671214
4074,05/05/2023 12:22:30.028377,4272,True,True,True,True,Eyes,0.1800278,0.07685185,-3.105701,0.9246019,-0.3018939,0.2323177,0.0,0.0,0.0,0.0,0.0,0.0,0.0,-3.173884,0.4644342,0.6576931,0.2581949,0.0801138,-3.263237,0.1639708,0.5836074,-0.06151715,0.7929259,19.38032,73.683,5.708552,0.05131356,0.02565352,-0.9983507,0.0,0.0,0.0,1.209829,-0.2788028,-2.841202,-0.1344188,0.0536694,1.149163,0.3112362,0.09383204,-0.9456888,0.2889462,0.9386584,0.1882297,0.9053408,-0.3318371,0.2650321,moving,2.2784980496521245,1.5778876973207043,-6.671630000155309,2.6739438231380035,0.9516341,-0.3589166,0.4220350000000001,0.0397417631658995,0.0275141024440199,0.9988311571538384,2.958444554770127,2.439986021017213,9.008755830052356,9.016991246468605,9.632916079079871
4075,05/05/2023 12:22:30.048679,4273,True,True,True,True,Eyes,0.1838542,0.0768496,-3.111837,0.922161,-0.3038984,0.2393007,0.0,0.0,0.0,0.0,0.0,0.0,0.0,-3.177558,0.4426486,0.6765053,0.2642544,0.07963797,-3.267155,0.1617199,0.5812424,-0.0646804,0.7948713,19.40741,73.23814,5.181029,0.05196731,0.02555789,-0.9983195,0.0,0.0,0.0,1.207636,-0.2806565,-2.840935,-0.1366642,0.05070178,1.143864,0.3159476,0.08517176,-0.9449459,0.2908222,0.9393262,0.1819031,0.9031054,-0.332283,0.2720081,moving,2.2556393633622425,1.5056164424223015,-6.813170081312659,2.537974582730346,0.9433816,-0.36029447,0.4262199999999998,0.0393445973986368,0.0262545949964842,0.9988807092747156,2.9360828183312817,2.365500356389775,9.119814969288177,9.127380131981193,9.75077840277214
4076,05/05/2023 12:22:30.068790,4274,True,True,True,True,Eyes,0.1877914,0.07686,-3.117848,0.9197249,-0.3056191,0.24638,0.0,0.0,0.0,0.0,0.0,0.0,0.0,-3.180023,0.4237318,0.6959407,0.2709414,0.08036215,-3.270559,0.1610683,0.5783889,-0.06874745,0.7967416,19.64462,72.76497,4.675766,0.05266647,0.02546675,-0.9982854,0.0,0.0,0.0,1.205562,-0.28241,-2.840682,-0.1407079,0.05105155,1.138883,0.32148,0.07677235,-0.9437991,0.2958682,0.9386616,0.1771341,0.899507,-0.3361852,0.2790464,moving,2.274875730043936,1.656618434451879,-7.043146817454463,2.566621462432895,0.9346206,-0.3627721499999999,0.4298769999999998,0.0396770769046818,0.0288866536084014,0.9987949344967806,2.954688483780692,2.5209301751246405,9.354271803352256,9.362352786913297,9.997939707977826
4077,05/05/2023 12:22:30.089017,4275,True,True,True,True,Eyes,0.1918417,0.07686558,-3.123806,0.9170648,-0.3076092,0.2537096,0.0,0.0,0.0,0.0,0.0,0.0,0.0,-3.180062,0.4072503,0.7222729,0.2776251,0.0805773,-3.273645,0.1576165,0.5751894,-0.06932688,0.7996926,19.38059,72.1837,4.282227,0.05340984,0.02538016,-0.9982482,0.0,0.0,0.0,1.203446,-0.2841986,-2.840424,-0.1423644,0.04055642,1.133665,0.3287021,0.07043825,-0.9418033,0.292199,0.9407017,0.1723373,0.8980951,-0.3318416,0.2886287,moving,2.3405690775702044,1.2800465816817306,-7.157672077861327,2.048860241638369,0.9258209,-0.3647759,0.4332210000000001,0.0408290980044793,0.0223205394427369,0.9989167166140356,3.020330384761488,2.1341087644286745,9.52408407969836,9.529305299468016,10.178359467015987
4078,05/05/2023 12:22:30.100192,4276,True,True,True,True,Eyes,0.1959961,0.07690363,-3.129636,0.9142868,-0.3096918,0.2610948,0.0,0.0,0.0,0.0,0.0,0.0,0.0,-3.17899,0.4004886,0.7470622,0.283883,0.08037902,-3.2768,0.1571652,0.5715293,-0.07122481,0.8022346,19.48627,71.61681,3.976246,0.05419635,0.02529754,-0.998208,0.0,0.0,0.0,1.201388,-0.2859384,-2.840174,-0.1470556,0.04121584,1.128797,0.3365625,0.06537104,-0.9393893,0.293927,0.9404522,0.1707526,0.8946131,-0.3335809,0.2973067,moving,2.4191990124204503,1.2655127781848856,-7.422484467764232,2.0911156468373573,0.917505,-0.36631742,0.4366259999999999,0.0422001629713883,0.0220658929419506,0.9988654067702928,3.0978709277793373,2.119710024655046,9.870643142768374,9.876252012826894,10.520394255301722
4079,05/05/2023 12:22:30.123498,4277,True,True,True,True,Eyes,0.2002629,0.07696082,-3.135345,0.9113984,-0.3118894,0.2684731,0.0,0.0,0.0,0.0,0.0,0.0,0.0,-3.175929,0.4027717,0.7733343,0.2906572,0.08121197,-3.279591,0.1585939,0.5671877,-0.07304794,0.8048666,19.76467,71.00621,3.796802,0.05502523,0.0252196,-0.9981648,0.0,0.0,0.0,1.199305,-0.2876992,-2.83992,-0.1494925,0.03695017,1.123248,0.3459243,0.06231726,-0.9361908,0.2974927,0.939024,0.1724301,0.889851,-0.3381576,0.3062923,moving,2.5510887882674784,1.4084663801400097,-7.580915601194872,1.884112528917818,0.9086478,-0.3689111699999999,0.4396709999999997,0.0444967640997683,0.0245555524088606,0.9987076196810932,3.2275391262829816,2.267648190241919,10.138296924638928,10.143162830544105,10.81525742640672
4080,05/05/2023 12:22:30.138771,4278,True,True,True,True,Eyes,0.2046079,0.07700735,-3.140929,0.9084013,-0.3141639,0.2758769,0.0,0.0,0.0,0.0,0.0,0.0,0.0,-3.173449,0.396794,0.8002839,0.2976648,0.08171359,-3.282285,0.1566294,0.5634561,-0.07285025,0.8078845,19.58305,70.4051,3.57806,0.0558951,0.02514664,-0.9981184,0.0,0.0,0.0,1.197201,-0.2894782,-2.839664,-0.1525925,0.0167739,1.118073,0.3544204,0.05879842,-0.9332357,0.2942167,0.9403201,0.1709811,0.8875937,-0.3351728,0.3159692,moving,2.638459856105298,1.091099728129998,-7.77160554925229,0.8595159538521754,0.8995362,-0.37119179,0.4426209999999999,0.0460252076152523,0.0190219518391937,0.9987591238485436,3.3144094618246367,1.9418666264937512,10.41128757111566,10.41264100928922,11.138725771127982
4081,05/05/2023 12:22:30.148825,4279,True,True,True,True,Eyes,0.2090494,0.07706368,-3.146404,0.9051985,-0.316879,0.2832022,0.0,0.0,0.0,0.0,0.0,0.0,0.0,-3.170556,0.3972747,0.8243968,0.3039966,0.08151482,-3.284939,0.1578379,0.5594366,-0.07502386,0.8102403,19.85954,69.83419,3.35402,0.056804,0.02507791,-0.9980689,0.0,0.0,0.0,1.195049,-0.2912977,-2.839401,-0.1530165,0.01797953,1.113485,0.3628044,0.05502586,-0.9302392,0.2981753,0.9389172,0.1718311,0.8828728,-0.3397154,0.3242359,moving,2.7247543131348686,1.2073928317240663,-7.824648115198219,0.9250790723060612,0.8910524,-0.37281252,0.445538,0.0475274827064519,0.0210476096708604,0.998648210153516,3.3991967288881595,2.0620682536080848,10.551550374518746,10.55317926757983,11.28128704902602
4082,05/05/2023 12:22:30.168644,4280,True,True,True,True,Eyes,0.2135658,0.07711893,-3.151746,0.9018925,-0.3196051,0.29059,0.0,0.0,0.0,0.0,0.0,0.0,0.0,-3.166957,0.3996411,0.8485034,0.3106469,0.08185779,-3.287261,0.1597451,0.5552144,-0.07747655,0.8125367,20.22025,69.25127,3.144917,0.05775093,0.02501339,-0.9980163,0.0,0.0,0.0,1.192974,-0.2930515,-2.839149,-0.1536026,0.003669925,1.10797,0.3714688,0.05148052,-0.9270172,0.3032907,0.9369577,0.1735654,0.8775111,-0.3456298,0.3324369,moving,2.820338599942879,1.4064729345451394,-7.892849093268317,0.1897799079860027,0.8823270999999999,-0.37490929,0.448112,0.0491895314269909,0.0245154061110735,0.9984885750290096,3.492945999174477,2.267475678134387,10.78083526588759,10.782056040980748,11.573813096831438
4083,05/05/2023 12:22:30.189115,4281,True,True,True,True,Eyes,0.2181528,0.07715994,-3.156976,0.8984032,-0.3227431,0.29784,0.0,0.0,0.0,0.0,0.0,0.0,0.0,-3.162719,0.3980943,0.8755608,0.3170698,0.08188579,-3.289474,0.1603744,0.5508938,-0.07951865,0.815152,20.43055,68.62183,2.878481,0.05873437,0.02495272,-0.9979605,0.0,0.0,0.0,1.190834,-0.2948605,-2.838888,-0.1529471,-0.002204224,1.103406,0.3803855,0.04705895,-0.9236299,0.3063381,0.9359137,0.1738463,0.872619,-0.3490717,0.3415921,moving,2.9505304376376955,1.4306495457717203,-7.891688859077209,-0.1144570215371846,0.8737641999999999,-0.37674629,0.4505859999999999,0.0514577124878739,0.0249338746284821,0.9983639064436256,3.621220400428099,2.2932476358192444,10.950307602401812,10.951761209157098,11.761977781591789
4084,05/05/2023 12:22:30.198926,4282,True,True,True,True,Eyes,0.2228077,0.07718843,-3.162079,0.8947766,-0.3260227,0.3050967,0.0,0.0,0.0,0.0,0.0,0.0,0.0,-3.158165,0.4026085,0.9000657,0.3233157,0.08166216,-3.291658,0.1630882,0.5464151,-0.08267193,0.8173115,20.91203,68.01756,2.643924,0.05975236,0.02489516,-0.9979016,0.0,0.0,0.0,1.188768,-0.2966076,-2.838636,-0.1519112,0.001341447,1.098715,0.3891917,0.0430903,-0.9201484,0.3133652,0.9331352,0.1762414,0.8662171,-0.3569341,0.3496655,moving,3.065699089438501,1.7181045392332115,-7.871955474745146,0.0699537308131128,0.8654523000000001,-0.37826976,0.4530219999999998,0.0534570401006097,0.0299392168763566,0.9981212097387032,3.734065931215725,2.589679427692066,11.059177709811143,11.061134139531228,11.876394674442832
4085,05/05/2023 12:22:30.218589,4283,True,True,True,True,Eyes,0.2275817,0.07720274,-3.167182,0.8909575,-0.3294336,0.3125191,0.0,0.0,0.0,0.0,0.0,0.0,0.0,-3.153052,0.4120008,0.9233396,0.3297162,0.08143488,-3.293736,0.1658979,0.5419925,-0.08477367,0.8194727,21.3332,67.43462,2.516058,0.06080372,0.0248401,-0.9978396,0.0,0.0,0.0,1.186597,-0.2984429,-2.838372,-0.1511512,-0.0008271784,1.093945,0.3981151,0.04089144,-0.9164237,0.3187702,0.9305826,0.1800042,0.8601686,-0.363791,0.357444,moving,3.145052281327391,1.9341612940160104,-7.866791071285103,-0.0433237705660591,0.8568807999999999,-0.37987778,0.4553639999999999,0.0548327912493162,0.033700294129029,0.9979266539477966,3.811776049832288,2.812433040833173,11.185391761672284,11.187990936853726,12.02265681820359
4086,05/05/2023 12:22:30.238789,4284,True,True,True,True,Eyes,0.2324178,0.07719952,-3.172153,0.8870217,-0.3329627,0.3198884,0.0,0.0,0.0,0.0,0.0,0.0,0.0,-3.148218,0.4216468,0.9446788,0.3360017,0.08106413,-3.295757,0.1684925,0.5378509,-0.08653639,0.8214855,21.71041,66.89016,2.410225,0.06188845,0.02478683,-0.9977743,0.0,0.0,0.0,1.184361,-0.300333,-2.838099,-0.1508778,0.0008488148,1.089077,0.4064559,0.03907087,-0.9128347,0.3234244,0.9282435,0.1837409,0.8545118,-0.3699155,0.3646535,moving,3.184880868502124,2.100193382385616,-7.887399101679686,0.0446556999925732,0.8483593,-0.38139713,0.4576579999999999,0.0555208377449815,0.0365905590102184,0.9977869571627778,3.85064425287856,2.983463930792172,11.25846246663492,11.261466108008632,12.10034113613763
4087,05/05/2023 12:22:30.248720,4285,True,True,True,True,Eyes,0.2324178,0.07719952,-3.172153,0.8870217,-0.3329627,0.3198884,0.0,0.0,0.0,0.0,0.0,0.0,0.0,-3.143465,0.433252,0.9637613,0.3424045,0.08069348,-3.297599,0.1714277,0.533871,-0.08818044,0.8232975,22.11247,66.38065,2.341046,0.06300501,0.02473473,-0.9977058,0.0,0.0,0.0,1.18236,-0.3020248,-2.837856,-0.1514697,0.00103537,1.08405,0.4144121,0.03784308,-0.9093023,0.328238,0.9256735,0.1881181,0.8488361,-0.376426,0.3711887,moving,3.679578291272633,2.476239171405195,-7.954198545330649,0.05472285706049,0.8399555000000001,-0.3827182799999999,0.459743,0.0641169488024677,0.0431161798060246,0.9970106600392676,4.337386260740444,3.373652210104362,11.878566098272422,11.883118477256913,12.731784992503368
4088,05/05/2023 12:22:30.268920,4286,True,True,True,True,Eyes,0.2324178,0.07719952,-3.172153,0.8870217,-0.3329627,0.3198884,0.0,0.0,0.0,0.0,0.0,0.0,0.0,-3.138409,0.4454274,0.9832139,0.3488171,0.08007505,-3.299491,0.1732012,0.5300732,-0.08833395,0.825361,22.30606,65.88152,2.341846,0.06400975,0.02468782,-0.997643,0.0,0.0,0.0,1.180295,-0.3037706,-2.837604,-0.1525643,-0.004356675,1.079176,0.422439,0.03780388,-0.9056026,0.3294335,0.9243969,0.1922601,0.8444045,-0.379554,0.3780474,moving,4.158165988701222,2.639269999500613,-8.046644038755163,-0.2313040080142475,0.8314779000000001,-0.38384565,0.4618870000000004,0.0724334944210912,0.045926712337095,0.9963153969986588,4.808750686750044,3.5446561912972685,12.53187910630112,12.537846024693392,13.398471889560083
4089,05/05/2023 12:22:30.288424,4287,True,True,True,True,Eyes,0.2324178,0.07719952,-3.172153,0.8870217,-0.3329627,0.3198884,0.0,0.0,0.0,0.0,0.0,0.0,0.0,-3.133065,0.4598114,1.001876,0.3551328,0.07940847,-3.301341,0.1751599,0.5263103,-0.08818796,0.8273689,22.4993,65.39743,2.385145,0.06491389,0.02464558,-0.9975857,0.0,0.0,0.0,1.178175,-0.3055626,-2.837346,-0.1526185,-0.01602832,1.073752,0.4304406,0.03844893,-0.9017996,0.3303048,0.9230838,0.1970151,0.8400117,-0.3826721,0.3846329,moving,4.6246873397067,2.7980964405874293,-8.089589761528197,-0.8552132022400579,0.8230422,-0.38497107,0.4639949999999997,0.0805329095541023,0.0486580333399257,0.9955637049365458,5.268231103840322,3.711252090615397,13.220069790472236,13.228738169355472,14.11679792099214
4090,05/05/2023 12:22:30.298726,4288,True,True,True,True,Eyes,0.2324178,0.07719952,-3.172153,0.8870217,-0.3329627,0.3198884,0.0,0.0,0.0,0.0,0.0,0.0,0.0,-3.127439,0.4725074,1.021606,0.3617451,0.07895277,-3.303139,0.176673,0.5224767,-0.08787877,0.8295072,22.63953,64.89336,2.410808,0.06572765,0.02460754,-0.9975333,0.0,0.0,0.0,1.175945,-0.3074478,-2.837075,-0.1513255,-0.02022694,1.06896,0.438591,0.03882283,-0.8978477,0.3304071,0.922128,0.2012738,0.8357446,-0.3849322,0.3916097,moving,5.10695515137822,2.9021104708957224,-8.057439859287346,-1.084025603625287,0.8141999,-0.38640057,0.4660639999999998,0.0889019570214043,0.0504292593515279,0.9947630753881856,5.74336211715862,3.8215868181164567,13.744129138398868,13.75465654974468,14.646746001259864
4091,05/05/2023 12:22:30.318607,4289,True,True,True,True,Eyes,0.2324178,0.07719952,-3.172153,0.8870217,-0.3329627,0.3198884,0.0,0.0,0.0,0.0,0.0,0.0,0.0,-3.122063,0.4804429,1.042131,0.3684745,0.07843202,-3.304877,0.1774208,0.5187234,-0.08778815,0.8317099,22.7183,64.37702,2.363281,0.06646016,0.02457329,-0.9974856,0.0,0.0,0.0,1.173883,-0.3091908,-2.836823,-0.1489887,-0.02167737,1.064197,0.4464386,0.03803611,-0.8940056,0.3300931,0.9216302,0.2040497,0.8317038,-0.3862008,0.3988959,moving,5.594195889688548,2.9491002358343934,-7.969669535331108,-1.1669362654853983,0.8054085,-0.38762282,0.4680539999999999,0.0973542162704286,0.0512043988083257,0.9939318439580194,6.223529360571703,3.873310496652048,14.16297371883033,14.174632332030365,15.061573036103958
4092,05/05/2023 12:22:30.338923,4290,True,True,True,True,Eyes,0.2324178,0.07719952,-3.172153,0.8870217,-0.3329627,0.3198884,0.0,0.0,0.0,0.0,0.0,0.0,0.0,-3.116245,0.4875686,1.063686,0.3751537,0.07768092,-3.306563,0.1779181,0.5148762,-0.08768038,0.8340023,22.77152,63.84139,2.2973,0.06711856,0.02454248,-0.9974423,0.0,0.0,0.0,1.171799,-0.3109522,-2.83657,-0.1453008,-0.03171125,1.059132,0.4544293,0.03696033,-0.8900158,0.3294629,0.9213146,0.2064792,0.8276161,-0.3870573,0.4064953,moving,6.097325497694358,2.970394432982621,-7.811563006133058,-1.7149686281958691,0.7966453,-0.38863312,0.4699930000000001,0.106076567123734,0.0515275792154859,0.9930221119412076,6.719418965486809,3.898718765322285,14.662022350499852,14.676845929114275,15.57764177312106
4093,05/05/2023 12:22:30.348830,4291,True,True,True,True,Eyes,0.2324178,0.07719952,-3.172153,0.8870217,-0.3329627,0.3198884,0.0,0.0,0.0,0.0,0.0,0.0,0.0,-3.108931,0.4985041,1.087376,0.3816918,0.07655247,-3.308292,0.1787582,0.5106062,-0.08730131,0.836484,22.84316,63.26002,2.269726,0.06771162,0.02451473,-0.9974029,0.0,0.0,0.0,1.169639,-0.3127783,-2.836306,-0.1413836,-0.03418259,1.054521,0.4633198,0.03649775,-0.8854393,0.3286023,0.920848,0.2099035,0.823016,-0.3882099,0.4146539,moving,6.646141722617769,3.0017243289812963,-7.636321864620955,-1.8566084515027312,0.7879472000000001,-0.38933077,0.4719859999999998,0.1155804419067836,0.0520150660814439,0.9919354004500068,7.26031866867866,3.9347666900476064,15.069740499098875,15.086158010796709,15.98280091875364
4094,05/05/2023 12:22:30.368385,4292,True,True,True,True,Eyes,0.2324178,0.07719952,-3.172153,0.8870217,-0.3329627,0.3198884,0.0,0.0,0.0,0.0,0.0,0.0,0.0,-3.098974,0.518052,1.11404,0.3880127,0.07536062,-3.310117,0.1816239,0.505349,-0.08765401,0.8390184,23.16394,62.58804,2.274039,0.06824473,0.02448977,-0.9973672,0.0,0.0,0.0,1.167493,-0.3145927,-2.836045,-0.1365906,-0.03433706,1.049953,0.4738784,0.03648024,-0.8798342,0.3306535,0.9186591,0.2161798,0.8161541,-0.3933633,0.4232703,moving,7.29327811568394,3.2694130452455616,-7.412101811062281,-1.8731006935469297,0.7794802999999999,-0.38995332,0.474072,0.126744956620466,0.0565711317514812,0.9903209920729604,7.897576586459384,4.214579840973505,15.559185772223222,15.578627871016762,16.47562159452324
4095,05/05/2023 12:22:30.378706,4293,True,True,True,True,Eyes,0.2324178,0.07719952,-3.172153,0.8870217,-0.3329627,0.3198884,0.0,0.0,0.0,0.0,0.0,0.0,0.0,-3.086772,0.5452583,1.142721,0.3941167,0.07415006,-3.312167,0.1860132,0.4993375,-0.08830614,0.8415838,23.65825,61.85059,2.323397,0.06872526,0.02446727,-0.9973348,0.0,0.0,0.0,1.165313,-0.3164357,-2.835779,-0.1325937,-0.04276705,1.04465,0.4857281,0.03713264,-0.8733209,0.3344007,0.9152023,0.2249021,0.8076164,-0.4012804,0.4321223,moving,8.013521804154484,3.696020100384208,-7.23366893325292,-2.3443295764355967,0.7711963000000001,-0.39058576,0.476388,0.139122482703507,0.0638361075909461,0.9882156295519668,8.606522618126913,4.658339925132943,16.372604134494008,16.40008078032359,17.319037171061307
4096,05/05/2023 12:22:30.399464,4294,True,True,True,True,Eyes,0.2324178,0.07719952,-3.172153,0.8870217,-0.3329627,0.3198884,0.0,0.0,0.0,0.0,0.0,0.0,0.0,-3.072745,0.5778219,1.172845,0.4001729,0.07304719,-3.314472,0.1916866,0.492673,-0.08947886,0.8441109,24.31651,61.05321,2.378402,0.06915781,0.02444698,-0.9973046,0.0,0.0,0.0,1.16323,-0.3181968,-2.835526,-0.1283229,-0.04187086,1.040098,0.4985337,0.03781742,-0.8660451,0.3399377,0.9104996,0.2354418,0.7974375,-0.411777,0.4410591,moving,8.800624014643928,4.275818516410011,-7.033368752330138,-2.3052912999563016,0.7630570999999999,-0.39124399,0.4789459999999996,0.1525807081033726,0.0736848738847854,0.985540415808503,9.38101078118391,5.260113544307625,17.111396893662576,17.147196078649714,18.073937200506617
4097,05/05/2023 12:22:30.418687,4295,True,True,True,True,Eyes,0.2398986,0.07681186,-3.177919,0.8813783,-0.3399274,0.3280574,0.0,0.0,0.0,0.0,0.0,0.0,0.0,-3.057977,0.6125537,1.202531,0.4062935,0.07220693,-3.316962,0.1979705,0.4857819,-0.09095157,0.8464938,25.05744,60.24031,2.427006,0.0695471,0.02442873,-0.9972774,0.0,0.0,0.0,1.161152,-0.3199536,-2.835273,-0.1237507,-0.04008053,1.035463,0.5114875,0.03836108,-0.8584341,0.3463208,0.905071,0.2467963,0.7864112,-0.4235268,0.4496473,moving,9.012067174384253,4.560978429167191,-6.815232724565807,-2.216688883190302,0.7548585,-0.39216053,0.4816890000000002,0.1561585508745374,0.0785444929793608,0.9846041195768938,9.588760445057916,5.554856367035251,17.178028476070118,17.21743872613763,18.15180176966918
4098,05/05/2023 12:22:30.429001,4296,True,True,True,True,Eyes,0.2473342,0.07642044,-3.183557,0.8755358,-0.3469516,0.3362464,0.0,0.0,0.0,0.0,0.0,0.0,0.0,-3.042293,0.6471705,1.233048,0.4125437,0.07167762,-3.319556,0.2038079,0.4787857,-0.09191885,0.8489862,25.72671,59.40956,2.48659,0.07011735,0.02439541,-0.9972385,0.0,0.0,0.0,1.158982,-0.3217882,-2.835008,-0.1185031,-0.04088724,1.030821,0.5246304,0.03908496,-0.8504324,0.3512363,0.9000266,0.2580413,0.7754973,-0.434079,0.4584532,moving,9.227649900907808,4.766069285445403,-6.557929965872647,-2.2714311030322483,0.7464382999999999,-0.39346582,0.4845479999999997,0.159817250442568,0.0820197446387776,0.9837332968277156,9.800779189039648,5.767282268756707,17.240124352064004,17.28325615873142,18.22713027025345
4099,05/05/2023 12:22:30.448389,4297,True,True,True,True,Eyes,0.2548594,0.07602848,-3.189258,0.8695546,-0.3538164,0.3445122,0.0,0.0,0.0,0.0,0.0,0.0,0.0,-3.02658,0.6769578,1.264641,0.4189729,0.07126341,-3.322222,0.2083489,0.4719543,-0.09242196,0.8516504,26.23913,58.5718,2.507365,0.07084817,0.02434858,-0.9971881,0.0,0.0,0.0,1.156782,-0.3236474,-2.83474,-0.1135187,-0.03650144,1.0264,0.5374346,0.03923992,-0.8423921,0.3540846,0.8960978,0.2676428,0.765368,-0.4421186,0.4676998,moving,9.427341790731084,4.828700500862441,-6.311199876008391,-2.036727857326006,0.7378091,-0.3949108099999999,0.4874819999999999,0.1632309041952451,0.0830479993331984,0.9830862652693892,9.997469860689314,5.833086931364015,17.127409799983493,17.17078333498832,18.10819409518696
4100,05/05/2023 12:22:30.468739,4298,True,True,True,True,Eyes,0.2623476,0.07563671,-3.194846,0.8634146,-0.3606281,0.3527927,0.0,0.0,0.0,0.0,0.0,0.0,0.0,-3.010962,0.7038693,1.296469,0.4254779,0.07074144,-3.325074,0.2120356,0.4652959,-0.09257165,0.8543835,26.6453,57.73964,2.50951,0.07172703,0.02428946,-0.9971268,0.0,0.0,0.0,1.154707,-0.3254019,-2.834488,-0.1090605,-0.03294612,1.02179,0.5498605,0.0391352,-0.8343392,0.355502,0.8929428,0.276173,0.7558253,-0.4484659,0.4770813,moving,9.605439057362483,4.7909284121409925,-6.092385118793348,-1.8467785598425603,0.7292291,-0.39614334,0.4905859999999999,0.1662955020686002,0.0823571357081694,0.982630752300048,10.1731110834808,5.795482771407288,17.00098272949844,17.043498400018162,17.97138071939136
4101,05/05/2023 12:22:30.488132,4299,True,True,True,True,Eyes,0.2697372,0.07523859,-3.200232,0.8573622,-0.3669313,0.3609591,0.0,0.0,0.0,0.0,0.0,0.0,0.0,-2.994633,0.7319577,1.328128,0.4320786,0.07039437,-3.328043,0.2153976,0.4586851,-0.09197453,0.8571773,26.97762,56.91945,2.56754,0.07273638,0.02421948,-0.9970555,0.0,0.0,0.0,1.152712,-0.3270884,-2.834244,-0.1052748,-0.02992222,1.017163,0.5622973,0.03992241,-0.8259709,0.3552763,0.8902891,0.2848931,0.7467266,-0.4536425,0.4864237,moving,9.779505594981623,4.700261099007603,-5.908985766915901,-1.6850029306641574,0.7206334,-0.39748277,0.4937990000000001,0.1693021855275881,0.0807601356277972,0.982249745864208,10.344903815477686,5.703451223998462,16.89702544138313,16.938133248411802,17.854360289637768
4102,05/05/2023 12:22:30.499079,4300,True,True,True,True,Eyes,0.2770959,0.07483702,-3.205531,0.8511677,-0.3731133,0.3691882,0.0,0.0,0.0,0.0,0.0,0.0,0.0,-2.97657,0.7582769,1.36319,0.4387474,0.06989219,-3.331044,0.2176276,0.4518751,-0.09049004,0.860383,27.14645,56.05431,2.638853,0.07385956,0.02413977,-0.996975,0.0,0.0,0.0,1.150608,-0.3288672,-2.833988,-0.1021324,-0.02662273,1.012289,0.575241,0.04096875,-0.8169574,0.3523931,0.8888996,0.2927057,0.7381849,-0.4562665,0.4968944,moving,9.97597271965044,4.445681471270744,-5.761220628855841,-1.5065050909576387,0.7118606000000001,-0.39875939,0.4970559999999997,0.1727295261961517,0.0763488532782,0.9820057426321788,10.539163255896518,5.443002791106707,16.78781137109679,16.825212609647537,17.71999363976096
4103,05/05/2023 12:22:30.522384,4301,True,True,True,True,Eyes,0.460488,0.06462692,-3.335705,0.6645714,-0.4989296,0.5562501,0.0,0.0,0.0,0.0,0.0,0.0,0.0,-2.958217,0.7840899,1.398376,0.445396,0.06943099,-3.334382,0.2198902,0.445005,-0.0892164,0.8635157,27.33296,55.18095,2.685648,0.07508405,0.02405128,-0.9968858,0.0,0.0,0.0,1.148419,-0.3307177,-2.833722,-0.09954852,-0.02677114,1.007188,0.5880219,0.04162491,-0.8077732,0.349784,0.8873775,0.3003537,0.7293019,-0.4591607,0.5072378,moving,-4.553122303372736,-2.4843895398340847,-5.644671153061226,-1.522568041152886,0.7030230000000001,-0.40014869,0.5006600000000003,-0.0793092200784535,-0.0432106516236197,0.995913124926537,-3.765978478802131,-1.78544083146387,1.454042180041499,1.4548468945499429,1.8969945356275204
4104,05/05/2023 12:22:30.538822,4302,True,True,True,True,Eyes,0.4607685,0.06459944,-3.335846,0.6642438,-0.4989635,0.5566109,0.0,0.0,0.0,0.0,0.0,0.0,0.0,-2.940836,0.8047652,1.433236,0.4523932,0.06884645,-3.337803,0.2212733,0.4384417,-0.08799804,0.8666393,27.43178,54.32494,2.680352,0.08315715,0.0234187,-0.9962599,0.5501764,-0.03063031,-0.3905232,1.146354,-0.3324631,-2.83347,-0.09718812,-0.02667001,1.002206,0.6000504,0.04150579,-0.7988847,0.346556,0.886589,0.3063642,0.7209982,-0.4606923,0.517614,moving,-3.8334183583118833,-2.39253895940952,-5.538892845851475,-1.5243557280737847,0.6939608000000002,-0.40130955,0.5043329999999999,-0.0667978505079552,-0.0416523123910427,0.9968967981739616,-3.056775682958058,-1.685959653405923,1.9136419107810256,1.9137359668514855,2.487372396528678
4105,05/05/2023 12:22:30.548728,4303,True,True,True,True,Eyes,0.4612642,0.06453976,-3.336069,0.6639979,-0.4988632,0.556994,0.0,0.0,0.0,0.0,0.0,0.0,0.0,-2.92525,0.8215874,1.465918,0.4594441,0.06816904,-3.341448,0.2221626,0.4323858,-0.08695778,0.8695542,27.48805,53.52402,2.64197,0.08986833,0.02289155,-0.9956893,0.5171658,-0.02879249,-0.3670918,1.144173,-0.3343073,-2.833205,-0.09480804,-0.02797347,0.9970177,0.6109616,0.04089096,-0.7906034,0.3433489,0.8861642,0.3111663,0.7133282,-0.4615635,0.5273725,moving,-3.1602556966426425,-2.340380633112711,-5.432015609080177,-1.607134358171678,0.6847289000000001,-0.40247634,0.5082430000000002,-0.0550830593270936,-0.040773991950464,0.9976489150549112,-2.393355558065071,-1.6276239190833075,2.386998260685287,2.3871621644691623,3.038729130367081
4106,05/05/2023 12:22:30.568642,4304,True,True,True,True,Eyes,0.4620059,0.06443659,-3.336444,0.6634507,-0.4988223,0.5576823,0.0,0.0,0.0,0.0,0.0,0.0,0.0,-2.910597,0.8393695,1.495582,0.4664161,0.06739005,-3.345265,0.2233211,0.4266663,-0.08593544,0.8721805,27.57337,52.78059,2.629383,0.09546399,0.02245058,-0.9951786,0.4861358,-0.02706495,-0.3450663,1.142107,-0.3360536,-2.832953,-0.09228888,-0.03033565,0.9917564,0.621142,0.04066471,-0.7826422,0.3404695,0.8854855,0.316221,0.7058775,-0.462884,0.5361672,moving,-2.5612844728239934,-2.263985468895805,-5.316405468920826,-1.7520057879158624,0.6756909,-0.40344365,0.5123120000000001,-0.0446531486833627,-0.0394643172294268,0.9982227857644536,-1.8031237697262823,-1.5448795567271598,2.801591392701567,2.802287440087103,3.5193819874434973
4107,05/05/2023 12:22:30.588301,4305,True,True,True,True,Eyes,0.4629971,0.06429523,-3.336994,0.6628347,-0.4987997,0.5584344,0.0,0.0,0.0,0.0,0.0,0.0,0.0,-2.89625,0.8565071,1.524778,0.4731208,0.06625579,-3.349414,0.2244131,0.4210525,-0.08508546,0.8747081,27.66122,52.04835,2.596834,0.1001485,0.0220793,-0.9947264,0.4569677,-0.02544105,-0.3243623,1.14005,-0.3377923,-2.832702,-0.08950785,-0.03293426,0.9864747,0.6309505,0.0401295,-0.7747847,0.3378292,0.8847985,0.3209409,0.6984075,-0.4642427,0.5447071,moving,-1.9766429497557343,-2.18983600494237,-5.1845397606103205,-1.9121559618275703,0.6669292,-0.4040480899999999,0.5167120000000001,-0.0344669247445119,-0.0381878400697554,0.9986759631216736,-1.2270116161280826,-1.464544678545137,3.2184192132283798,3.2198925689276123,3.9827609613546695
4108,05/05/2023 12:22:30.598833,4306,True,True,True,True,Eyes,0.4642172,0.06412136,-3.337699,0.6619288,-0.4989181,0.5594023,0.0,0.0,0.0,0.0,0.0,0.0,0.0,-2.882953,0.8789012,1.548847,0.4798329,0.06522185,-3.353852,0.2270995,0.4155911,-0.08497393,0.8766353,27.95615,51.37154,2.581127,0.1040908,0.02176407,-0.9943286,0.4295496,-0.02391458,-0.3049006,1.137985,-0.3395379,-2.832451,-0.0861086,-0.03475553,0.9812813,0.6401269,0.03977879,-0.7672387,0.3377434,0.8824105,0.3275381,0.6900486,-0.4687957,0.5514197,moving,-1.4518632010637935,-1.918264809274312,-5.014926955814425,-2.028483692393132,0.6581521,-0.40475975,0.521401,-0.0253228907767016,-0.0334630472601847,0.9991190698275728,-0.7103709891217038,-1.18159190676841,3.562449932684288,3.5647680881950268,4.387075081070364
4109,05/05/2023 12:22:30.623814,4307,True,True,True,True,Eyes,0.465643,0.06390329,-3.338558,0.6609896,-0.4990544,0.5603904,0.0,0.0,0.0,0.0,0.0,0.0,0.0,-2.869127,0.9028534,1.572344,0.4866016,0.06429625,-3.35833,0.229498,0.4102662,-0.08398488,0.8786119,28.17666,50.72503,2.648345,0.1074609,0.02149121,-0.9939761,0.4037766,-0.02247971,-0.2866066,1.135751,-0.3414271,-2.832179,-0.08137435,-0.03232297,0.9765157,0.6492564,0.04073033,-0.7594783,0.3358907,0.8805544,0.334367,0.6823808,-0.4721916,0.5580246,moving,-0.96185945809858,-1.7221356460878454,-4.763527580496241,-1.89581575442587,0.6491494,-0.40572335,0.526151,-0.0167792454501984,-0.0300481800888277,0.9994075793564664,-0.2278316456321106,-0.9764688425535352,3.8034632402705992,3.805633362909105,4.627930029496146
4110,05/05/2023 12:22:30.638703,4308,True,True,True,True,Eyes,0.4672788,0.06365268,-3.339579,0.6597888,-0.4993322,0.5615569,0.0,0.0,0.0,0.0,0.0,0.0,0.0,-2.855256,0.9252428,1.596694,0.4931717,0.06304643,-3.363153,0.2312453,0.4050661,-0.08259364,0.8806959,28.30893,50.08646,2.725202,0.110531,0.0212384,-0.9936448,0.37955,-0.02113093,-0.2694102,1.133749,-0.3431197,-2.831935,-0.07563129,-0.02654746,0.9723002,0.6581995,0.0418595,-0.7516789,0.332819,0.8794078,0.3404018,0.6752813,-0.4742253,0.5648941,moving,-0.5009543232716102,-1.6258384551595892,-4.447849990377836,-1.564002149886388,0.6405772999999999,-0.40616613,0.531218,-0.0087396716516044,-0.028371343400211,0.999559274637067,0.2262601513207651,-0.8742193525431285,3.945930425732448,3.9473800343609855,4.7247334236166605
4111,05/05/2023 12:22:30.648823,4309,True,True,True,True,Eyes,0.4690924,0.06340797,-3.340713,0.6586109,-0.4996466,0.5626589,0.0,0.0,0.0,0.0,0.0,0.0,0.0,-2.84226,0.9496228,1.617932,0.4998977,0.0620444,-3.368112,0.233727,0.4000317,-0.081577,0.8824351,28.5395,49.48624,2.807164,0.113337,0.02100258,-0.9933338,0.356777,-0.01986307,-0.2532456,1.131591,-0.3449438,-2.831672,-0.06929767,-0.01827271,0.9683226,0.6666396,0.04302368,-0.7441376,0.3309692,0.8774337,0.3472311,0.6678706,-0.4777646,0.5706926,moving,-0.0651041554038121,-1.435656823335686,-4.093373975760855,-1.0810704188001754,0.6316933,-0.4069882,0.5364399999999998,-0.0011359249814034,-0.0250543014187946,0.9996854864878418,0.6554337999077526,-0.6755905758953367,4.043115981532898,4.043845850657611,4.766087409317287
4112,05/05/2023 12:22:30.668499,4310,True,True,True,True,Eyes,0.4711029,0.06315618,-3.341997,0.6572697,-0.4998603,0.5640357,0.0,0.0,0.0,0.0,0.0,0.0,0.0,-2.82796,0.9758581,1.639372,0.5068712,0.06199699,-3.372897,0.2359462,0.3950209,-0.0794206,0.8842965,28.68791,48.9091,3.002163,0.1159098,0.0207822,-0.9930415,0.3353704,-0.01867129,-0.2380508,1.129532,-0.3466842,-2.831421,-0.06294689,-0.008823827,0.9644969,0.6753017,0.04594462,-0.7361092,0.3268701,0.8760436,0.3545472,0.6611533,-0.4800384,0.5765758,moving,0.3265389687124539,-1.3225439368546217,-3.734054051714988,-0.5241633664564559,0.6226608,-0.40868119,0.5414759999999998,0.0056976312531545,-0.023080322383747,0.9997174023920136,1.0412137315159706,-0.5565302420454861,4.137997673743391,4.138336285602386,4.775377473687176
4113,05/05/2023 12:22:30.690853,4311,True,True,True,True,Eyes,0.473243,0.06288391,-3.34341,0.6558465,-0.5001515,0.5654324,0.0,0.0,0.0,0.0,0.0,0.0,0.0,-2.812526,0.9928663,1.667807,0.5136574,0.06155425,-3.377874,0.2356671,0.3899778,-0.07635204,0.8868757,28.52656,48.27484,3.156619,0.1182781,0.02057543,-0.9927664,0.3152482,-0.01755101,-0.2237678,1.127257,-0.3486075,-2.831144,-0.05682814,-0.001203984,0.9606094,0.6841754,0.04838031,-0.7277111,0.3192394,0.8772628,0.3584637,0.6557364,-0.4775661,0.5847567,moving,0.7477125231113003,-1.5304067016808085,-3.385582276103997,-0.0718118786673057,0.6135995999999999,-0.41016175,0.5467299999999997,0.0130450205457456,-0.0267051866428026,0.999558209375319,1.4568584198592194,-0.7673664439823777,4.382618767354542,4.383106746925292,4.892139414126641
4114,05/05/2023 12:22:30.698701,4312,True,True,True,True,Eyes,0.4755502,0.06261767,-3.344973,0.6541244,-0.50064,0.5669929,0.0,0.0,0.0,0.0,0.0,0.0,0.0,-2.797402,1.014249,1.693032,0.5198755,0.06086174,-3.383274,0.2377145,0.3845282,-0.07572326,0.888761,28.73623,47.59974,3.152189,0.1204653,0.02038029,-0.9925075,0.2963333,-0.01649795,-0.2103417,1.12524,-0.3503124,-2.830899,-0.05085692,0.003804371,0.9567327,0.6928082,0.04821613,-0.7195083,0.3174156,0.8755156,0.3643073,0.6475062,-0.4807782,0.5912598,moving,1.2086832763888409,-1.382948847489461,-3.0428007468074245,0.227830880191068,0.6053645,-0.41117414,0.5523750000000001,0.0210877975214943,-0.0241293013500676,0.9994864534038568,1.9108943464893935,-0.6125010999656246,4.545841509022586,4.546397225342244,5.02446543566846
4115,05/05/2023 12:22:30.718957,4313,True,True,True,True,Eyes,0.4779694,0.06236016,-3.346645,0.6523398,-0.5011861,0.5685642,0.0,0.0,0.0,0.0,0.0,0.0,0.0,-2.78279,1.036021,1.715863,0.52636,0.06077626,-3.388318,0.2405362,0.379083,-0.075922,0.8903225,29.06956,46.9292,3.094073,0.1224937,0.02019571,-0.992263,0.2785533,-0.01550807,-0.1977212,1.123067,-0.3521499,-2.830634,-0.04550433,0.00692755,0.9527959,0.7010639,0.04717624,-0.7115363,0.3175565,0.8727564,0.3707481,0.6384883,-0.485871,0.5968769,moving,1.6697899540122438,-1.1157759934228595,-2.73429651693882,0.4165765022143398,0.596707,-0.41292616,0.5576840000000001,0.0291336864207796,-0.0194644679649281,0.9993859783993708,2.364782167813467,-0.3345157597016788,4.662542246383064,4.663054987291029,5.154099632254428
4116,05/05/2023 12:22:30.738342,4314,True,True,True,True,Eyes,0.4805638,0.06214682,-3.348449,0.6503409,-0.5018029,0.5703076,0.0,0.0,0.0,0.0,0.0,0.0,0.0,-2.767546,1.055,1.741428,0.5327097,0.06079993,-3.393734,0.2421968,0.3737252,-0.07520853,0.8921961,29.23474,46.25837,3.076197,0.1243824,0.0200208,-0.9920316,0.2618401,-0.01457759,-0.1858579,1.121078,-0.3538312,-2.830391,-0.0405592,0.008879021,0.9490101,0.7093463,0.04682858,-0.7033029,0.3152317,0.8713688,0.3759595,0.6304418,-0.4883888,0.6033404,moving,2.104665241848714,-1.0226057205491217,-2.447242260344926,0.5360486533815345,0.5883683000000001,-0.41463113,0.5633429999999997,0.0367192400584285,-0.017834855413033,0.9991665579976684,2.793223457750765,-0.2356636198242774,4.810815244177934,4.811368346520552,5.296982232852275
4117,05/05/2023 12:22:30.748600,4315,True,True,True,True,Eyes,0.483296,0.06205472,-3.350329,0.6481953,-0.502554,0.572086,0.0,0.0,0.0,0.0,0.0,0.0,0.0,-2.754926,1.069437,1.764682,0.5395167,0.06166958,-3.398902,0.2435193,0.368916,-0.07478279,0.893872,29.37523,45.64655,3.024817,0.1261499,0.01985586,-0.9918118,0.2461297,-0.01370293,-0.1747065,1.118944,-0.3556349,-2.830132,-0.03538072,0.008065969,0.9451658,0.716617,0.04598385,-0.6959494,0.3133688,0.8702118,0.380173,0.6231052,-0.4905272,0.6091987,moving,2.47948622150738,-0.9585077915867294,-2.143771884534657,0.4889457096848887,0.5794273,-0.41730448,0.5687700000000002,0.0432556514807313,-0.0167126799659287,0.9989242695006584,3.1625371319506463,-0.1671292737510875,4.844022859822005,4.844547156693479,5.346713921870493
4118,05/05/2023 12:22:30.768409,4316,True,True,True,True,Eyes,0.4862041,0.06200251,-3.352312,0.6460004,-0.5029042,0.5742568,0.0,0.0,0.0,0.0,0.0,0.0,0.0,-2.740612,1.09615,1.781491,0.5465001,0.06456642,-3.403436,0.2470455,0.3640773,-0.07364913,0.8949817,29.72451,45.11491,3.172354,0.1278114,0.01970346,-0.9916021,0.2313619,-0.01288076,-0.1642241,1.116805,-0.3574432,-2.829871,-0.03049511,0.007581249,0.9415708,0.724047,0.04805808,-0.6880745,0.3117166,0.8670886,0.3885744,0.6152957,-0.4958304,0.6128325,moving,2.776380351130441,-0.6626777377908096,-1.855017764597643,0.4613186652560005,0.5703049,-0.42200962,0.5735650000000003,0.0484347855979713,-0.0115520766196737,0.9987595529424949,3.454491511214991,0.1391829844546971,4.765519162951435,4.765838480312968,5.319272520447296
4119,05/05/2023 12:22:30.778433,4317,True,True,True,True,Eyes,0.4891531,0.0619817,-3.354359,0.6436617,-0.5033002,0.5765315,0.9053685,1.071904,-0.3936905,-2.832386,-0.7379776,-0.5098463,-0.4420924,-0.03387988,-0.02306601,0.899375,0.5536941,0.06539953,-3.407928,0.2430504,0.3588405,-0.06879283,0.8985698,29.08895,44.40313,3.332776,0.1293822,0.01956347,-0.9914011,0.2174802,-0.01210791,-0.1543706,1.114652,-0.3592632,-2.829609,-0.02636865,0.005645126,0.9377631,0.7330022,0.05080231,-0.6783267,0.298063,0.8723881,0.3874243,0.6114461,-0.4861668,0.6243201,moving,3.162935685162981,-1.3692462930694258,-1.61065664222428,0.3449037265072855,0.5609579,-0.42466273,0.578319,0.0551599020452505,-0.0238592017722903,0.9981924511617626,3.837187792945832,-0.5847809196458409,5.070934133302069,5.072030559618639,5.526601354458888
4120,05/05/2023 12:22:30.798737,4318,True,True,True,True,Eyes,0.4922487,0.06200292,-3.356509,0.6410573,-0.5039526,0.5788586,0.9011651,1.069947,-0.3921416,-2.834862,-0.726537,-0.2866799,-0.6244666,-0.03377476,-0.02093634,0.896333,0.5596926,0.06623228,-3.413244,0.2445116,0.3545002,-0.06935088,0.8998523,29.28922,43.83832,3.190943,0.1308728,0.01943547,-0.991208,0.2044314,-0.01138144,-0.1451084,1.112538,-0.3610509,-2.829351,-0.02340141,0.003226951,0.9340483,0.7390401,0.0485477,-0.6719098,0.2981699,0.8708091,0.3908788,0.6040815,-0.4892184,0.6290873,moving,3.4613045726594143,-1.2306978549346506,-1.43517374544965,0.1979447287725964,0.5528454,-0.42728318,0.5838930000000002,0.0603605451882497,-0.0214389153294993,0.9979463618943064,4.1309664618492485,-0.4402122331724605,5.09968193592726,5.100639131686724,5.602603066021041
4121,05/05/2023 12:22:30.818473,4319,True,True,True,True,Eyes,0.4954138,0.06202905,-3.35872,0.6383336,-0.5045508,0.581342,0.8983847,1.068883,-0.3912517,-2.836451,-0.6552374,-0.1070888,-0.747794,-0.03314239,-0.01575324,0.8940848,0.5664356,0.06730747,-3.417833,0.2479988,0.3495474,-0.07021374,0.9007682,29.7268,43.23947,3.094715,0.1322942,0.01931954,-0.9910217,0.1921655,-0.01069855,-0.1364019,1.110423,-0.3628387,-2.829094,-0.02145249,0.001527548,0.9304901,0.7457734,0.04688203,-0.6645481,0.2998672,0.8671333,0.3976927,0.5948964,-0.4958649,0.6326265,moving,3.788601034630972,-0.8557196483170361,-1.3207227352406086,0.0940600816477795,0.5439873999999999,-0.43014617,0.5887389999999999,0.0660680439034304,-0.0149019384859971,0.9977037443238016,4.452702219138905,-0.0522892648600802,5.196338256329259,5.1968520202933215,5.775279546054491
4122,05/05/2023 12:22:30.828459,4320,True,True,True,True,Eyes,0.4986678,0.0620612,-3.361047,0.6353456,-0.5054693,0.5838123,0.8967342,1.068404,-0.3912104,-2.837523,-0.5479786,0.01344674,-0.8363842,-0.03360036,-0.02019078,0.8927148,0.5725111,0.06747504,-3.422479,0.2462012,0.3459313,-0.06929827,0.9027261,29.50169,42.71876,2.978413,0.1336554,0.0192145,-0.9908412,0.1806356,-0.01005664,-0.1282178,1.108279,-0.3646508,-2.828832,-0.0198772,0.0003855079,0.9272093,0.7510587,0.04522266,-0.658685,0.2954521,0.8691655,0.3965596,0.5904397,-0.4924493,0.6394331,moving,4.001858516045489,-1.1548780399684424,-1.2280994705006818,0.0238219939836604,0.5357679,-0.43212584,0.5936470000000003,0.0697747260836811,-0.020105937448902,0.997360158213866,4.663617120590285,-0.3584669533984559,5.360180912763939,5.361137408337598,5.904106132940624
4123,05/05/2023 12:22:30.848850,4321,True,True,True,True,Eyes,0.5019782,0.06205633,-3.363419,0.6321053,-0.5064822,0.5864456,0.8956155,1.068102,-0.3915571,-2.838189,-0.4262454,0.1101685,-0.8978739,-0.03297266,-0.01222709,0.8928736,0.5780336,0.06771217,-3.427566,0.2507087,0.3411121,-0.07038178,0.9032353,30.0605,42.15946,2.907217,0.1349645,0.01911939,-0.9906656,0.1697974,-0.009453239,-0.1205247,1.106171,-0.3664334,-2.828576,-0.01924711,0.002692237,0.9242094,0.7573779,0.04389689,-0.6514996,0.2981821,0.8643832,0.4048817,0.5809183,-0.500914,0.6415755,moving,4.269373008509968,-0.6820654924283117,-1.1930400048004608,0.1669030646473031,0.5281374,-0.43414557,0.5989900000000001,0.0744404248044653,-0.0118709779141517,0.9971546891042444,4.92619467583602,0.1296553463093575,5.527593487708436,5.527992722398082,6.119348042824957
4124,05/05/2023 12:22:30.868662,4322,True,True,True,True,Eyes,0.5053825,0.06203337,-3.365893,0.6287057,-0.5076259,0.5891052,0.8954438,1.068353,-0.3925171,-2.838382,-0.4096192,0.04619611,-0.9110862,-0.03215241,-0.01222381,0.8925955,0.5840133,0.06687922,-3.431914,0.2511515,0.3365313,-0.06944919,0.9049013,30.0846,41.57207,2.871753,0.1362275,0.01903213,-0.9904944,0.1596096,-0.008886045,-0.1132932,1.104056,-0.3682209,-2.828318,-0.01926279,0.003760949,0.9213301,0.763847,0.0433513,-0.6439397,0.29473,0.8641995,0.4077909,0.5741707,-0.5012783,0.6473393,moving,4.524606581893655,-0.7563786529071124,-1.1977420417700693,0.2338850188018843,0.5200427,-0.43510012,0.603596,0.0788803933299275,-0.013159780545668,0.9967971468430504,5.177956014047411,0.055008994550158,5.80686196047504,5.807400099033361,6.378206827236547
4125,05/05/2023 12:22:30.888681,4323,True,True,True,True,Eyes,0.5088824,0.06204249,-3.368413,0.625049,-0.5089619,0.5918374,0.8950332,1.068322,-0.3934953,-2.838699,-0.1271124,0.2215604,-0.9668264,-0.03244153,-0.008472413,0.8928255,0.5897987,0.0664695,-3.436787,0.2538903,0.3319462,-0.06833931,0.9059145,30.3563,41.05417,2.97181,0.1374516,0.01895131,-0.9903268,0.150033,-0.008352882,-0.1064956,1.101941,-0.3700091,-2.82806,-0.01965335,0.003924176,0.9187272,0.7702829,0.04473669,-0.6361312,0.2923751,0.8617389,0.414636,0.5667284,-0.5053759,0.6507028,moving,4.715811328669571,-0.600585674411871,-1.2254805225386012,0.2447270044366752,0.5121423,-0.4364786,0.608727,0.082209050223013,-0.010446524912223,0.9965603435166672,5.366061306445212,0.2165652528103978,6.000750027617172,6.001125093368304,6.591601987946324
4126,05/05/2023 12:22:30.899007,4324,True,True,True,True,Eyes,0.5125015,0.06207076,-3.370972,0.6214063,-0.5098465,0.594904,0.895373,1.068892,-0.3944321,-2.838311,0.05466132,0.2805912,-0.9582696,-0.03232899,-0.006039172,0.8935504,0.5962654,0.06737166,-3.440703,0.2573448,0.3264647,-0.06471823,0.9071968,30.60931,40.50631,3.370729,0.1386425,0.01887724,-0.9901623,0.141031,-0.00785171,-0.1001059,1.099706,-0.3718987,-2.827788,-0.02088958,0.005379155,0.916276,0.7784648,0.05060362,-0.6256452,0.2854523,0.8591704,0.4246684,0.5590256,-0.5091812,0.6543889,moving,4.918963657245005,-0.4615769364399729,-1.3060229322698491,0.3363608107221346,0.5034406000000001,-0.43927036,0.6129150000000001,0.0857439256198448,-0.0080262818159616,0.9962848841960058,5.565982996305788,0.3609433339144449,6.275638995522492,6.275919270352824,6.872049896706601
4127,05/05/2023 12:22:30.924338,4325,True,True,True,True,Eyes,0.5161543,0.06205459,-3.373567,0.6174505,-0.5107056,0.5982763,0.8960759,1.069437,-0.3955764,-2.837466,0.229041,0.3210585,-0.918946,-0.031674,-0.01817736,0.8939884,0.6028621,0.06781914,-3.444196,0.2530396,0.3212917,-0.0590698,0.9106336,29.9213,39.84077,3.639472,0.1398073,0.01880975,-0.9899998,0.1325691,-0.007380607,-0.09409954,1.097676,-0.3736149,-2.827541,-0.02248457,0.004855901,0.9141621,0.7865647,0.05501714,-0.615052,0.2701809,0.8649635,0.4228953,0.5552641,-0.4988099,0.6654853,moving,5.141621370614919,-1.2605264337383568,-1.408952829727525,0.3043442911431619,0.4948139000000001,-0.44143404,0.6166549999999997,0.0895963079998308,-0.0219100857110615,0.9957370690600168,5.787341467952213,-0.4591712693604213,6.733283122350999,6.734897381533238,7.236684850810419
4128,05/05/2023 12:22:30.938748,4326,True,True,True,True,Eyes,0.5199069,0.06205837,-3.376208,0.6132482,-0.5117717,0.6016781,0.8978272,1.070498,-0.3974242,-2.836005,0.4420467,0.3181502,-0.8386747,-0.0288578,-0.02025697,0.8958954,0.6086791,0.06677175,-3.448473,0.2520986,0.3155725,-0.05784925,0.9129696,29.79038,39.07598,3.533119,0.1409488,0.01874687,-0.9898391,0.124615,-0.006937771,-0.08845356,1.095557,-0.3754064,-2.827283,-0.02369076,-0.0001969635,0.9122125,0.7941349,0.05348159,-0.6053838,0.2647401,0.8661994,0.4238056,0.5470489,-0.4968282,0.6737205,moving,5.475343118181224,-1.4938333625516382,-1.4876747597166329,-0.0123712151420315,0.4868778999999998,-0.44217815,0.6211899999999999,0.0953852551336568,-0.0259504940419625,0.9951022001311248,6.116844008709912,-0.6967849760589826,7.116686908911516,7.118872667925214,7.635255588091604
4129,05/05/2023 12:22:30.948749,4327,True,True,True,True,Eyes,0.5237135,0.06210448,-3.378841,0.6087701,-0.512962,0.6052016,0.0,0.0,0.0,0.0,0.0,0.0,0.0,-2.555771,1.261929,2.043456,0.6149948,0.06726725,-3.452159,0.2550088,0.309994,-0.05882876,0.9140096,30.17442,38.37374,3.352994,0.1420718,0.0186887,-0.9896797,0.1171381,-0.006521504,-0.08314635,1.093479,-0.3771631,-2.82703,-0.02394551,0.001217097,0.9108896,0.8008858,0.05056231,-0.5966787,0.2656425,0.8630194,0.4296878,0.5366713,-0.5026341,0.6777485,moving,5.769690599220719,-1.2055787233008597,-1.5058474179359245,0.0765564563019818,0.4784842000000001,-0.44443035,0.6251289999999998,0.100507965040939,-0.0209332257465577,0.9947160266949272,6.406305981657433,-0.3982812953839674,7.386092242482077,7.387646719887655,7.926388982955788
4130,05/05/2023 12:22:30.968631,4328,True,True,True,True,Eyes,0.5276097,0.06216645,-3.3815,0.604142,-0.5140747,0.6088839,0.897818,1.070019,-0.399379,-2.834833,0.5494011,0.3055321,-0.7776943,-0.02515605,-0.01814106,0.8967049,0.6215205,0.06837162,-3.455397,0.2551001,0.3045914,-0.05836808,0.9158282,30.18625,37.66031,3.215963,0.1431796,0.01863599,-0.9895209,0.1101098,-0.006130214,-0.07815757,1.091365,-0.3789498,-2.826772,-0.02420029,0.003839463,0.9095733,0.8076345,0.04849233,-0.5876861,0.2623128,0.8630342,0.4316989,0.5281274,-0.5028125,0.684296,moving,6.038163814225411,-1.286967111152267,-1.5240634682039866,0.2418537559604254,0.4698444999999999,-0.4473214199999999,0.628625,0.1051646315869324,-0.0223353800305138,0.9942039469270768,6.671134435773037,-0.4801117290211412,7.713266411571952,7.715217087991673,8.226937634797899
4131,05/05/2023 12:22:30.988644,4329,True,True,True,True,Eyes,0.5315804,0.06223952,-3.384178,0.5991812,-0.5154495,0.6126122,0.0,0.0,0.0,0.0,0.0,0.0,0.0,-2.519376,1.266351,2.09997,0.6277128,0.06873617,-3.458616,0.2540232,0.2995311,-0.05934311,0.9177318,30.1192,36.92287,2.866279,0.1442758,0.01858866,-0.9893626,0.1035032,-0.005762402,-0.07346811,1.089331,-0.3806696,-2.826524,-0.02475613,0.004029661,0.9087464,0.813519,0.0432536,-0.5799276,0.2610978,0.8639012,0.4307001,0.5196294,-0.5018006,0.6915066,moving,6.310354622468696,-1.441293539607839,-1.560469496984808,0.2540654410279944,0.4616182000000001,-0.44940577,0.6320920000000001,0.1098795859689913,-0.0250003631518214,0.9936304461428755,6.939799223561604,-0.6369282428206853,8.048803407494459,8.051342396929446,8.546837898670944
4132,05/05/2023 12:22:30.998762,4330,True,True,True,True,Eyes,0.5356611,0.06235575,-3.386854,0.5940943,-0.516857,0.616369,0.0,0.0,0.0,0.0,0.0,0.0,0.0,-2.504915,1.276817,2.11816,0.6339898,0.06907772,-3.461899,0.2561621,0.2946692,-0.06151971,0.9185677,30.45492,36.25853,2.52295,0.1453635,0.01854647,-0.9892042,0.09729303,-0.005416657,-0.06906003,1.087246,-0.382432,-2.826271,-0.02643174,0.002877891,0.9079832,0.8187708,0.03794611,-0.5728651,0.2639861,0.8611926,0.4343484,0.5098291,-0.5068603,0.6951021,moving,6.531077685141745,-1.1858861608180524,-1.6674312719250852,0.1816007785575099,0.4532561999999999,-0.45150972,0.6356279999999996,0.1137180678028959,-0.0205618850720592,0.9933002314708024,7.156766285213492,-0.3727192420557079,8.31000167232428,8.311772954578812,8.841591101869792
4133,05/05/2023 12:22:31.018813,4331,True,True,True,True,Eyes,0.539859,0.06249979,-3.389536,0.5888059,-0.5181639,0.6203337,0.0,0.0,0.0,0.0,0.0,0.0,0.0,-2.486603,1.289716,2.138118,0.6408576,0.07022954,-3.464459,0.2573742,0.2897363,-0.06108647,0.919826,30.58905,35.63729,2.447647,0.146447,0.01851013,-0.9890451,0.09145544,-0.005091658,-0.06491642,1.085086,-0.3842578,-2.826007,-0.0289216,0.003089964,0.9077975,0.8246427,0.03676344,-0.5644581,0.2615192,0.8600539,0.4380811,0.5015698,-0.508877,0.6996228,moving,6.682975796655963,-1.1485488448228094,-1.8247740380955564,0.1950228022478939,0.4442283999999999,-0.4544873399999999,0.638452,0.1163525745382925,-0.0199084740298444,0.9930084821157492,7.306405762227109,-0.3332609912630933,8.611480934390809,8.61318710011148,9.146448945481904
4134,05/05/2023 12:22:31.028623,4332,True,True,True,True,Eyes,0.5441463,0.06265298,-3.392225,0.5833825,-0.5195054,0.6243228,0.0,0.0,0.0,0.0,0.0,0.0,0.0,-2.467278,1.292595,2.16477,0.6476733,0.071033,-3.466982,0.2558947,0.2850247,-0.05909908,0.9218385,30.36299,35.02774,2.451905,0.1475293,0.01847987,-0.9888847,0.08596811,-0.004786158,-0.06102144,1.08298,-0.3860387,-2.825751,-0.02987331,-0.01051909,0.9065692,0.8305365,0.03691298,-0.5557397,0.2548322,0.8620504,0.4380978,0.4952472,-0.5054766,0.7065576,moving,6.801037826716673,-1.4808319035659276,-1.887330249817556,-0.664783687309219,0.4353067,-0.4570717,0.6412309999999999,0.1183829565861589,-0.0256607903618088,0.9926363684467624,7.423563627617335,-0.6741690801093012,8.724097180035695,8.726607274570963,9.310898607677592
4135,05/05/2023 12:22:31.048806,4333,True,True,True,True,Eyes,0.5485411,0.06282905,-3.394907,0.5777699,-0.5211096,0.6281932,0.0,0.0,0.0,0.0,0.0,0.0,0.0,-2.447973,1.304847,2.185709,0.6542575,0.07139613,-3.46978,0.2569905,0.2799112,-0.05898559,0.923107,30.49617,34.37157,2.325882,0.1486127,0.01845534,-0.988723,0.0,0.0,0.0,1.080849,-0.3878399,-2.825491,-0.03180519,-0.01027697,0.9067093,0.8363408,0.034969,-0.5470934,0.252769,0.8609532,0.4414379,0.4864585,-0.5074808,0.7112113,moving,6.969931305271633,-1.4605478202286846,-2.008974976179185,-0.6493832080878523,0.4265914999999999,-0.45923603,0.6442890000000001,0.1213095945034808,-0.0253003667759681,0.9922922164397002,7.589995787263139,-0.6521304465099922,9.012967817050148,9.015472590999684,9.598971156573992
4136,05/05/2023 12:22:31.068560,4334,True,True,True,True,Eyes,0.5530385,0.06300208,-3.397581,0.5721084,-0.5226343,0.632096,0.0,0.0,0.0,0.0,0.0,0.0,0.0,-2.432543,1.317452,2.201293,0.6613797,0.07214346,-3.472176,0.2589044,0.2753011,-0.05980478,0.9239054,30.7528,33.77327,2.136993,0.1496997,0.0184366,-0.9885594,0.0,0.0,0.0,1.078714,-0.3896451,-2.825231,-0.0331915,-0.006950051,0.9062346,0.8412654,0.03204541,-0.5396718,0.2530613,0.8587838,0.4454778,0.4777369,-0.511335,0.7143556,moving,7.091469833666551,-1.2972769880041852,-2.0975619266358527,-0.4394014342181158,0.4173342999999999,-0.46178856,0.6469450000000001,0.1234225758541006,-0.0224667206671805,0.9920998439345968,7.709412785833841,-0.4833695228059063,9.226975771394844,9.228989931603028,9.807073274113645
4137,05/05/2023 12:22:31.078629,4335,True,True,True,True,Eyes,0.5576252,0.06316854,-3.400239,0.5663104,-0.5243223,0.6359077,0.0,0.0,0.0,0.0,0.0,0.0,0.0,-2.419044,1.319515,2.220857,0.6684579,0.07220551,-3.47463,0.2585497,0.2712526,-0.0599038,0.925195,30.72485,33.21948,1.961216,0.1507936,0.01842297,-0.9883934,0.0,0.0,0.0,1.076624,-0.3914121,-2.824977,-0.03569955,-0.01296249,0.9056894,0.8456672,0.02941913,-0.5328992,0.2511099,0.8591272,0.4459196,0.4709468,-0.5109158,0.7191483,moving,7.160443771932414,-1.4258755202787634,-2.257258617060608,-0.819977868261661,0.4081661,-0.46361761,0.6496529999999998,0.1246102604602878,-0.0246897041767835,0.9918985068243732,7.777704091871443,-0.6151437128346886,9.434673147734866,9.437172789154848,10.037053033679078
4138,05/05/2023 12:22:31.098909,4336,True,True,True,True,Eyes,0.5623245,0.06333364,-3.402864,0.5604986,-0.5259528,0.6396992,0.0,0.0,0.0,0.0,0.0,0.0,0.0,-2.408288,1.329585,2.232334,0.6755842,0.07223822,-3.476971,0.2601254,0.2675781,-0.06075899,0.9257673,30.94044,32.73612,1.78458,0.1518958,0.01841375,-0.9882248,0.0,0.0,0.0,1.074497,-0.39321,-2.824718,-0.0369781,-0.006294549,0.9060597,0.8494205,0.02671036,-0.52704,0.2517051,0.8572863,0.4491156,0.4638202,-0.5141466,0.7214735,moving,7.177017321113041,-1.3001835776794968,-2.337057844306389,-0.3980370054583098,0.3989128,-0.46544822,0.652253,0.1249036046118226,-0.0225128455874024,0.9919134822397424,7.793744630701125,-0.4857621939243235,9.55470069583744,9.55675126238102,10.13118228521774
4139,05/05/2023 12:22:31.118625,4337,True,True,True,True,Eyes,0.5671527,0.06346573,-3.405473,0.5545531,-0.5275321,0.6435688,0.0,0.0,0.0,0.0,0.0,0.0,0.0,-2.398469,1.331839,2.246609,0.6830783,0.07233889,-3.478775,0.2601738,0.264204,-0.06112018,0.9266986,30.96416,32.2739,1.617075,0.1530083,0.01840845,-0.9880532,0.0,0.0,0.0,1.072366,-0.3950118,-2.824458,-0.03816235,-0.007518768,0.9051639,0.8529212,0.02419793,-0.5214786,0.2507579,0.8571479,0.4499089,0.4578712,-0.5145018,0.7250118,moving,7.1606669541507,-1.3610319966263418,-2.4142008171056206,-0.4759179701330942,0.3892876999999999,-0.46735069,0.6543170000000003,0.1246175084812802,-0.0235671040554228,0.9919249597473688,7.777771292452178,-0.5484548329625281,9.61345277846526,9.615691326001372,10.192230230841195
4140,05/05/2023 12:22:31.139123,4338,True,True,True,True,Eyes,0.5720835,0.06353214,-3.408057,0.5486402,-0.5289808,0.647436,0.0,0.0,0.0,0.0,0.0,0.0,0.0,-2.388494,1.327372,2.264906,0.6905269,0.07165851,-3.480612,0.2584718,0.2610363,-0.06060604,0.9281054,30.75838,31.8297,1.496583,0.1541331,0.01840572,-0.9878784,0.0,0.0,0.0,1.070228,-0.3968184,-2.824198,-0.04034609,-0.004766047,0.9050213,0.856374,0.02244344,-0.5158683,0.2474386,0.8590385,0.4481373,0.4532084,-0.5114188,0.7301047,moving,7.124620419779258,-1.6470055026967152,-2.5525709750216024,-0.301729753431985,0.3797010999999999,-0.46847691,0.6564139999999998,0.1239774340409217,-0.028519970830259,0.9918751620204784,7.74291371666387,-0.8428112530414196,9.7669622216643,9.770250771252886,10.30969321686875
4141,05/05/2023 12:22:31.148444,4339,True,True,True,True,Eyes,0.5771372,0.06353474,-3.410622,0.5425785,-0.5305876,0.6512184,0.0,0.0,0.0,0.0,0.0,0.0,0.0,-2.378124,1.329179,2.279911,0.6980019,0.07012223,-3.482537,0.2576753,0.2578327,-0.05998557,0.9292618,30.65238,31.40487,1.424731,0.1552727,0.01840341,-0.9877,0.0,0.0,0.0,1.068072,-0.3986416,-2.823935,-0.04217473,-0.003784835,0.9046429,0.8598481,0.02138964,-0.5101019,0.2443588,0.8600104,0.4479631,0.4482746,-0.5098281,0.7342514,moving,7.068817515508425,-1.8481105893159933,-2.669214163867483,-0.2397120525492459,0.3700700999999999,-0.46876383,0.6586020000000001,0.1229983529613719,-0.0320051438661057,0.9918906746055582,7.688382116174938,-1.050023825097552,9.865841444928476,9.869964885530353,10.38924472081965
4142,05/05/2023 12:22:31.168804,4340,True,True,True,True,Eyes,0.5823056,0.06348519,-3.413144,0.5365577,-0.5321233,0.6549432,0.0,0.0,0.0,0.0,0.0,0.0,0.0,-2.366739,1.340252,2.290343,0.7056675,0.06862267,-3.484354,0.2583929,0.2544887,-0.05918401,0.9300355,30.71396,30.99914,1.42831,0.1564277,0.01839961,-0.9875178,0.0,0.0,0.0,1.066002,-0.4003918,-2.823683,-0.04311797,-0.01744196,0.9036551,0.8634655,0.02142968,-0.5039525,0.2416026,0.8594608,0.4505056,0.4427816,-0.5107523,0.7369373,moving,7.001805889563777,-1.885070828788836,-2.731800429532397,-1.1057610578399562,0.3603344999999999,-0.46901447,0.6606710000000002,0.1218356345810226,-0.0326497003782066,0.9920131260572478,7.62241519062667,-1.0885023205693127,9.760389619556962,9.76475374468017,10.354230003856308
4143,05/05/2023 12:22:31.188439,4341,True,True,True,True,Eyes,0.5875976,0.06339261,-3.415609,0.5303429,-0.5338133,0.6586196,0.0,0.0,0.0,0.0,0.0,0.0,0.0,-2.353842,1.352484,2.301031,0.7136729,0.06734306,-3.48578,0.2588041,0.2511293,-0.05733065,0.93095,30.70795,30.61845,1.549076,0.1576005,0.01839299,-0.9873314,0.0,0.0,0.0,1.063866,-0.4021973,-2.823423,-0.04199669,-0.02081475,0.9031156,0.8672946,0.02324264,-0.4972523,0.2367305,0.8594673,0.4530725,0.4379027,-0.5106621,0.7399091,moving,6.899552225938431,-2.0113923627250148,-2.662450847977341,-1.3203029886872155,0.3501930999999999,-0.46954036,0.6623570000000001,0.1200561325804102,-0.0348443476167485,0.9921554337957628,7.521920407585287,-1.2191288241526572,9.5819495135658,9.586944628424774,10.184873788255777
4144,05/05/2023 12:22:31.198611,4342,True,True,True,True,Eyes,0.5930065,0.06324922,-3.418013,0.5241861,-0.5353339,0.6623039,0.0,0.0,0.0,0.0,0.0,0.0,0.0,-2.341473,1.358615,2.314055,0.7219418,0.0662531,-3.486774,0.2583002,0.247843,-0.05558176,0.9320759,30.60137,30.22612,1.62597,0.1587927,0.0183826,-0.9871406,0.0,0.0,0.0,1.061779,-0.4039617,-2.823169,-0.0413084,-0.01772562,0.9029289,0.870969,0.02442295,-0.4907305,0.2316486,0.8603834,0.4539597,0.4333034,-0.5090619,0.7437097,moving,6.808460284593727,-2.222439411575166,-2.6194175555175434,-1.1246431242190884,0.3398372,-0.4702148,0.663605,0.1184626614362051,-0.0385060941228877,0.9922115633464872,7.43262748420417,-1.4368121426511138,9.485809186755477,9.491577174347473,10.056891118862865
4145,05/05/2023 12:22:31.224106,4343,True,True,True,True,Eyes,0.5985366,0.06306075,-3.420346,0.5178112,-0.5370421,0.6659259,0.0,0.0,0.0,0.0,0.0,0.0,0.0,-2.331361,1.357815,2.328612,0.7302303,0.06486246,-3.487678,0.2570729,0.2447589,-0.05469421,0.933282,30.43874,29.81996,1.578611,0.1600055,0.0183674,-0.986945,0.0,0.0,0.0,1.05956,-0.4058371,-2.822898,-0.0409303,-0.02130586,0.9025953,0.8742032,0.02375151,-0.484979,0.227932,0.8618442,0.4530692,0.4287374,-0.5066168,0.7480132,moving,6.722775386921356,-2.4878933197841744,-2.596432673878845,-1.3522219768490429,0.3293297,-0.47069956,0.6647799999999999,0.1169566823491493,-0.043110374875439,0.99220088204992,7.3487925368731455,-1.7104116518837205,9.38096135657206,9.388151483633374,9.951673443993148
4146,05/05/2023 12:22:31.238817,4344,True,True,True,True,Eyes,0.6041819,0.06284285,-3.422597,0.5114707,-0.5386443,0.6695223,0.0,0.0,0.0,0.0,0.0,0.0,0.0,-2.322125,1.359697,2.34024,0.7387694,0.06361037,-3.488257,0.2568136,0.2416267,-0.05463184,0.9341728,30.41221,29.40179,1.464091,0.1612402,0.01834659,-0.9867445,0.0,0.0,0.0,1.057551,-0.4075354,-2.822654,-0.03973073,-0.02531266,0.9021223,0.8772638,0.02203485,-0.4795025,0.2261772,0.8621243,0.4534155,0.4233817,-0.5062175,0.7513267,moving,6.655896407088776,-2.60379355320101,-2.5217568081481487,-1.6072412273801304,0.3187815999999999,-0.47114577,0.665603,0.1157881500503906,-0.0451235720352235,0.9922484752484936,7.283142370057298,-1.8300738436840325,9.223659274657754,9.23159981136789,9.807430971955029
4147,05/05/2023 12:22:31.248805,4345,True,True,True,True,Eyes,0.6099463,0.06259012,-3.424768,0.5047768,-0.5404084,0.6731709,0.0,0.0,0.0,0.0,0.0,0.0,0.0,-2.314987,1.35704,2.351862,0.7472579,0.0626445,-3.488504,0.2562313,0.2387584,-0.05519746,0.9350365,30.36647,28.99321,1.270551,0.1624983,0.01831993,-0.9865385,0.0,0.0,0.0,1.055446,-0.4093156,-2.822397,-0.03942597,-0.02296349,0.9018684,0.8798953,0.01913148,-0.4747823,0.225578,0.8625975,0.4528135,0.418209,-0.5055289,0.7546799,moving,6.565053647241975,-2.738643190542195,-2.503141619482771,-1.4585574087025617,0.3081881000000001,-0.4719601,0.6661069999999998,0.1142023612966623,-0.0474675389511626,0.9923228157388084,7.193915521568897,-1.9693913698531205,9.14963843536936,9.158099420967051,9.710503001013178
4148,05/05/2023 12:22:31.268865,4346,True,True,True,True,Eyes,0.6158139,0.06231552,-3.426856,0.4980803,-0.5422084,0.6767023,0.0,0.0,0.0,0.0,0.0,0.0,0.0,-2.308717,1.352673,2.36338,0.7558009,0.06154992,-3.488616,0.2556953,0.2358948,-0.05640186,0.9358379,30.34387,28.56672,1.000453,0.1637807,0.01828705,-0.9863271,0.0,0.0,0.0,1.053268,-0.4111567,-2.822132,-0.04017332,-0.0247736,0.9012057,0.882345,0.01506842,-0.4703619,0.2262004,0.8628775,0.4519689,0.4126752,-0.5051885,0.757947,moving,6.497007591961251,-2.846670980700168,-2.552401590917721,-1.5746297970110297,0.2974671000000001,-0.4727066199999999,0.6664840000000001,0.1130134757666047,-0.049345171298614,0.9923673440156128,7.127096407033695,-2.080965407207969,9.129261387337513,9.13837487369475,9.692732186669502
4149,05/05/2023 12:22:31.288787,4347,True,True,True,True,Eyes,0.6218173,0.06201977,-3.428852,0.4910789,-0.5441935,0.6802168,0.0,0.0,0.0,0.0,0.0,0.0,0.0,-2.301911,1.359174,2.369057,0.7642287,0.0607336,-3.488674,0.2571345,0.2329326,-0.05774173,0.9361038,30.55125,28.15882,0.7774833,0.1650874,0.018248,-0.9861099,0.0,0.0,0.0,1.051266,-0.4128489,-2.821888,-0.04116708,-0.03166801,0.9002651,0.8848166,0.01168549,-0.4657928,0.2278945,0.8610955,0.4545093,0.4064032,-0.5083089,0.7592486,moving,6.398410731089396,-2.7409754557529404,-2.618182093966857,-2.014623795261836,0.2870373,-0.4735825,0.6667860000000001,0.1113154481852037,-0.0475235996257197,0.9926481375309388,7.029659463028675,-1.972952038183267,9.036862996087676,9.045801949388132,9.647931552629712
4150,05/05/2023 12:22:31.308523,4348,True,True,True,True,Eyes,0.6279293,0.06170802,-3.430745,0.4841564,-0.5460778,0.6836605,0.0,0.0,0.0,0.0,0.0,0.0,0.0,-2.294548,1.365485,2.374561,0.7730509,0.05996656,-3.488099,0.2580661,0.2301292,-0.05802111,0.9365234,30.6688,27.79571,0.6728639,0.1664208,0.01820281,-0.9858866,0.0,0.0,0.0,1.049075,-0.414701,-2.821621,-0.04139951,-0.03258738,0.8997251,0.8873482,0.01010086,-0.4609894,0.2274533,0.8600708,0.4566652,0.4010963,-0.5100746,0.7608849,moving,6.261222431249787,-2.7295803475176146,-2.6345216718123803,-2.074304174216655,0.2760241,-0.47466756,0.6664780000000001,0.1089393108320607,-0.047338719394117,0.9929206084957702,6.89440476205642,-1.962189598583537,8.911025681742462,8.91984585127239,9.529585964781102
4151,05/05/2023 12:22:31.318735,4349,True,True,True,True,Eyes,0.634176,0.06138296,-3.43254,0.4769197,-0.5481277,0.687098,0.0,0.0,0.0,0.0,0.0,0.0,0.0,-2.285949,1.369071,2.382689,0.7817708,0.0592772,-3.487469,0.2580694,0.2273432,-0.05743857,0.9372386,30.65462,27.44604,0.6442916,0.1677808,0.01815171,-0.985657,0.0,0.0,0.0,1.046976,-0.416476,-2.821365,-0.04249376,-0.03211719,0.8989722,0.8900318,0.009673397,-0.455796,0.225008,0.860202,0.4576287,0.3965034,-0.5098618,0.7634304,moving,6.092070864313629,-2.868049823585917,-2.706315244835429,-2.0461112240093384,0.2652051999999999,-0.4757532,0.6661039999999998,0.1059950282711886,-0.0497541416631634,0.993121149069202,6.727996685181711,-2.10577597942601,8.827330512662623,8.836695150741651,9.43450059493891
4152,05/05/2023 12:22:31.338584,4350,True,True,True,True,Eyes,0.6405088,0.06105151,-3.434213,0.469802,-0.5500265,0.6904759,0.0,0.0,0.0,0.0,0.0,0.0,0.0,-2.277709,1.370033,2.3916,0.7907243,0.0586633,-3.486547,0.2575965,0.2246503,-0.0567012,0.9380626,30.5812,27.10578,0.6229259,0.1691694,0.01809493,-0.9854206,0.0,0.0,0.0,1.044877,-0.4182504,-2.82111,-0.04436404,-0.03542426,0.8978326,0.8926345,0.009359729,-0.4506841,0.2221168,0.860858,0.4578074,0.39226,-0.5087591,0.7663526,moving,5.921863219099472,-3.056613771572156,-2.828819703179155,-2.2594505566002496,0.2541527,-0.4769137,0.6654369999999998,0.103026874796801,-0.0530389214001325,0.9932634968996772,6.560665660388165,-2.300888613183745,8.776303802859962,8.786917593648138,9.389576801175778
4153,05/05/2023 12:22:31.348869,4351,True,True,True,True,Eyes,0.646938,0.06071536,-3.435767,0.4623759,-0.5519807,0.6939207,0.0,0.0,0.0,0.0,0.0,0.0,0.0,-2.27164,1.367551,2.39978,0.7992393,0.05814229,-3.485301,0.2568866,0.2223291,-0.05644006,0.9388258,30.49345,26.7958,0.5486996,0.1705855,0.01803296,-0.9851776,0.0,0.0,0.0,1.042779,-0.4200235,-2.820854,-0.04704538,-0.03491181,0.8967784,0.8947687,0.008251932,-0.4464539,0.2202014,0.8616477,0.4572469,0.3884591,-0.50744,0.7691582,moving,5.711527752663138,-3.255290198675021,-3.0030083622875186,-2.229413373966679,0.2435396999999999,-0.47816579,0.664447,0.0993609597339764,-0.0565039702384609,0.9934459245423598,6.35380407758214,-2.506681102160376,8.763216963517138,8.774711559832207,9.360919635804876
4154,05/05/2023 12:22:31.368498,4352,True,True,True,True,Eyes,0.6534644,0.06035808,-3.437189,0.4551396,-0.5536754,0.697346,0.0,0.0,0.0,0.0,0.0,0.0,0.0,-2.265207,1.36634,2.407322,0.8078394,0.05771486,-3.483865,0.2561717,0.2200697,-0.05568307,0.9395983,30.39147,26.51039,0.538821,0.1720298,0.01796623,-0.9849277,0.0,0.0,0.0,1.040605,-0.4218614,-2.820589,-0.05024591,-0.03782651,0.8951603,0.8969375,0.008111842,-0.442083,0.2173907,0.8625509,0.4568887,0.3850254,-0.5059053,0.7718908,moving,5.487468155177696,-3.4568053773731227,-3.212676924625403,-2.419690373222777,0.2327656,-0.47957626,0.6632760000000002,0.0954556280163999,-0.060020707789601,0.9936225065314038,6.133421173440202,-2.715488766875592,8.748908581389937,8.76174251741375,9.350777847235657
4155,05/05/2023 12:22:31.388658,4353,True,True,True,True,Eyes,0.6600868,0.05996898,-3.438521,0.4475473,-0.5555454,0.7007644,0.0,0.0,0.0,0.0,0.0,0.0,0.0,-2.25896,1.359639,2.417343,0.8167341,0.05682643,-3.482065,0.2540731,0.2180359,-0.05408976,0.9407346,30.1071,26.25909,0.5978067,0.1735029,0.01789466,-0.9846705,0.0,0.0,0.0,1.038524,-0.4236206,-2.820336,-0.05371526,-0.0434615,0.8930811,0.8990693,0.009025913,-0.4377133,0.2125623,0.8650423,0.4544437,0.3827423,-0.5016177,0.7758144,moving,5.211463221953397,-3.8564784350294175,-3.441965732694425,-2.786082400896057,0.2217898999999999,-0.48044703,0.6617289999999998,0.0906278435146821,-0.0669806604447166,0.9936298136690934,5.86230216730752,-3.128451092512172,8.703564421135624,8.719379584754051,9.310564831201464
4156,05/05/2023 12:22:31.408670,4354,True,True,True,True,Eyes,0.6668028,0.05962782,-3.43972,0.4400664,-0.5575114,0.7039337,0.0,0.0,0.0,0.0,0.0,0.0,0.0,-2.253488,1.357285,2.424748,0.8248869,0.05569647,-3.480846,0.253285,0.2158933,-0.05377327,0.9414591,30.00884,25.97518,0.5369018,0.1750041,0.0178179,-0.9844061,0.0,0.0,0.0,1.036378,-0.4254354,-2.820075,-0.05757147,-0.04674095,0.8907483,0.900997,0.008114439,-0.4337494,0.2106158,0.8659102,0.4536964,0.3792696,-0.5001336,0.7784736,moving,4.983060537923795,-4.069396391893392,-3.6980374265646887,-3.0037724534052708,0.2114911,-0.48113187,0.660771,0.0866438709909369,-0.0706977958554898,0.9937276854427938,5.637665108868193,-3.349016055422753,8.728689468817194,8.746257270817331,9.3420840809116
4157,05/05/2023 12:22:31.418682,4355,True,True,True,True,Eyes,0.6736466,0.0592884,-3.440801,0.4322666,-0.5593106,0.7073312,0.0,0.0,0.0,0.0,0.0,0.0,0.0,-2.245247,1.378586,2.420496,0.8339015,0.05656933,-3.47877,0.2563384,0.2134473,-0.05239837,0.941268,30.32702,25.74735,0.7160942,0.1765337,0.01773789,-0.9841344,0.0,0.0,0.0,1.034222,-0.4272577,-2.819812,-0.06182876,-0.04743004,0.8884759,0.9033893,0.01078766,-0.4286856,0.2080713,0.8630901,0.4601976,0.3749588,-0.5049348,0.7774618,moving,4.670951480633586,-3.870650622082857,-3.980777717145536,-3.0557542738448835,0.2003205,-0.48382703,0.6589579999999997,0.0812486957295774,-0.0672810525841576,0.9944204828173894,5.32954784580349,-3.1467955242474,8.673769917243547,8.69002152874637,9.310770676876158
4158,05/05/2023 12:22:31.438494,4356,True,True,True,True,Eyes,0.6805568,0.05898007,-3.441791,0.4245638,-0.5611889,0.7105017,0.0,0.0,0.0,0.0,0.0,0.0,0.0,-2.234949,1.360648,2.439831,0.8427032,0.05626715,-3.476467,0.2511888,0.211285,-0.04856444,0.9433475,29.63272,25.50197,0.9570634,0.1780931,0.01765505,-0.983855,0.0,0.0,0.0,1.032145,-0.4290139,-2.819559,-0.06660777,-0.04936409,0.8858733,0.9060003,0.01451858,-0.4230281,0.1977711,0.8690914,0.4533947,0.3742327,-0.4944384,0.7845257,moving,4.370141466467944,-4.69529601482424,-4.299911374533208,-3.1894312590144667,0.1894418000000001,-0.48528105,0.656908,0.0759451869941192,-0.0816202845682931,0.9937658301511272,5.034979600801624,-3.996987083116097,8.778678936801912,8.79985482428785,9.369756449899228
4159,05/05/2023 12:22:31.448675,4357,True,True,True,True,Eyes,0.6875588,0.05869571,-3.442661,0.4163727,-0.5633397,0.7136401,0.0,0.0,0.0,0.0,0.0,0.0,0.0,-2.221609,1.384544,2.439797,0.8512726,0.05676871,-3.475231,0.2539802,0.2081457,-0.04639128,0.9434074,29.90251,25.20511,1.202878,0.1796809,0.01757061,-0.9835677,0.0,0.0,0.0,1.030038,-0.4307947,-2.819302,-0.07134593,-0.05327624,0.8829325,0.9090465,0.018198,-0.4162973,0.1932615,0.8666839,0.4599012,0.3691674,-0.4985257,0.7843389,moving,4.093851247220592,-4.575168273451813,-4.619784815601211,-3.4530466636062207,0.1787653999999999,-0.48756341,0.655929,0.0711640752454743,-0.0795646796535462,0.994286262288419,4.762354566616804,-3.8753702697768335,8.764275196438476,8.785591063929113,9.39163971922343
4160,05/05/2023 12:22:31.468594,4358,True,True,True,True,Eyes,0.6946304,0.05845793,-3.443439,0.4082596,-0.5653784,0.7167087,0.0,0.0,0.0,0.0,0.0,0.0,0.0,-2.204277,1.397417,2.44805,0.8601884,0.05712692,-3.472949,0.2545534,0.2044482,-0.0436761,0.9441907,29.9043,24.81706,1.4284,0.1812973,0.01748545,-0.9832726,0.0,0.0,0.0,1.027822,-0.4326678,-2.819032,-0.07594019,-0.05802011,0.8798016,0.9125867,0.02160881,-0.4083119,0.1865631,0.8665899,0.4628348,0.3638403,-0.4985528,0.7868071,moving,3.8958829644633295,-4.718260111268068,-4.933265498191944,-3.773010697281752,0.1676336,-0.48979472,0.6539169999999999,0.0677144127261199,-0.0820673329414369,0.9943237440629916,4.56755246258205,-4.023911401051928,8.855833937468788,8.879603540150285,9.504130317231454
4161,05/05/2023 12:22:31.488636,4359,True,True,True,True,Eyes,0.6946304,0.05845793,-3.443439,0.4082596,-0.5653784,0.7167087,0.0,0.0,0.0,0.0,0.0,0.0,0.0,-2.192697,1.398677,2.458739,0.8689919,0.05799622,-3.47147,0.2544792,0.2011289,-0.0433246,0.9449396,29.89172,24.39348,1.354124,0.1829409,0.01740106,-0.9829696,0.0,0.0,0.0,1.025796,-0.4343807,-2.818786,-0.08018792,-0.06086272,0.8766053,0.9153403,0.02048799,-0.4021597,0.1842445,0.8667267,0.4635071,0.3580588,-0.4983624,0.789575,moving,4.251530363942269,-4.751585747894263,-5.2266148741135545,-3.971673218253197,0.1568040999999999,-0.49237692,0.6526840000000003,0.0738817327943767,-0.0826093994465912,0.99383961156556,4.918196112498216,-4.055704528141716,9.483153842804418,9.510178794721549,10.145159003934854
4162,05/05/2023 12:22:31.498764,4360,True,True,True,True,Eyes,0.6946304,0.05845793,-3.443439,0.4082596,-0.5653784,0.7167087,0.0,0.0,0.0,0.0,0.0,0.0,0.0,-2.182762,1.409004,2.46264,0.877629,0.0586251,-3.469967,0.2568763,0.1976844,-0.04480207,0.9449489,30.21083,23.93416,1.119863,0.1844198,0.01732506,-0.9826945,0.0,0.0,0.0,1.023694,-0.4361582,-2.818529,-0.08440022,-0.06453475,0.8733832,0.9178273,0.01688958,-0.3966205,0.1862322,0.8640147,0.4677565,0.3505861,-0.5031832,0.7898709,moving,4.654315517151645,-4.443326417090127,-5.519693076508421,-4.225935905111513,0.1460650000000001,-0.4947833,0.6514380000000002,0.0809015361141264,-0.0772190171943511,0.9937264018190936,5.314499023130948,-3.7358711392312567,10.147489132122477,10.176330846556002,10.845270025529352
4163,05/05/2023 12:22:31.524565,4361,True,True,True,True,Eyes,0.7024444,0.05825759,-3.444044,0.3990585,-0.5679856,0.7198226,0.0,0.0,0.0,0.0,0.0,0.0,0.0,-2.179182,1.398353,2.472868,0.8863515,0.05883733,-3.468461,0.2558822,0.1953035,-0.04642256,0.9456353,30.13739,23.55539,0.8050961,0.1857507,0.01725662,-0.9824451,0.0,0.0,0.0,1.021491,-0.4380204,-2.818261,-0.08840674,-0.06798944,0.870114,0.919403,0.01215175,-0.3931291,0.187747,0.8647386,0.4658094,0.3456143,-0.5020754,0.7927618,moving,4.431310517159313,-4.656280749221368,-5.801550075543316,-4.467930296642107,0.1351394999999999,-0.49685773,0.6501999999999999,0.0770103885567226,-0.0809369267818959,0.9937396629086588,5.095182600409693,-3.9564358709204313,10.202516780258325,10.234593875805391,10.908730886713007
4164,05/05/2023 12:22:31.539594,4362,True,True,True,True,Eyes,0.7102937,0.05810076,-3.444566,0.3900091,-0.5705017,0.7227867,0.0,0.0,0.0,0.0,0.0,0.0,0.0,-2.173785,1.40327,2.476676,0.8945751,0.05869032,-3.467668,0.2574539,0.1926071,-0.04818785,0.9456734,30.36436,23.16895,0.5335666,0.1871586,0.01718834,-0.9821791,0.0,0.0,0.0,1.01941,-0.4397793,-2.818008,-0.09245138,-0.06801096,0.8673241,0.9211609,0.008034968,-0.389099,0.1903148,0.8627909,0.4683719,0.3394744,-0.5054972,0.7932401,moving,4.225069949963154,-4.570253034151351,-6.084400682678653,-4.48365664080608,0.1248348999999999,-0.49846962,0.6496600000000003,0.0734415731204829,-0.0794662215344648,0.9941284406228474,4.891686544825246,-3.869400212629324,10.27796746157396,10.309834317807647,10.993261653637228
4165,05/05/2023 12:22:31.548737,4363,True,True,True,True,Eyes,0.7184978,0.05797664,-3.445151,0.3795128,-0.5733969,0.7260758,0.0,0.0,0.0,0.0,0.0,0.0,0.0,-2.169098,1.405447,2.480626,0.9033198,0.05957486,-3.466156,0.2581498,0.1903378,-0.04861479,0.9459211,30.45658,22.8682,0.418737,0.1886375,0.01712144,-0.9818973,0.0,0.0,0.0,1.017286,-0.441575,-2.817749,-0.09736833,-0.06968382,0.8638443,0.9228163,0.006299835,-0.3851889,0.1902428,0.8619906,0.4698722,0.3349893,-0.5068852,0.7942604,moving,3.850426235501693,-4.650765240480835,-6.430958914808034,-4.611898550006763,0.1139661999999999,-0.50114986,0.6484069999999997,0.0669319340754659,-0.080900237908175,0.9944723753561024,4.522586280013026,-3.954814333370432,10.248170223510732,10.281458613865922,10.97323616818394
4166,05/05/2023 12:22:31.568496,4364,True,True,True,True,Eyes,0.7267095,0.0578639,-3.445668,0.3692078,-0.5759336,0.7293737,0.0,0.0,0.0,0.0,0.0,0.0,0.0,-2.159058,1.391914,2.498164,0.912012,0.06045206,-3.464731,0.2552715,0.1874803,-0.04763792,0.9473216,30.10001,22.48624,0.3615917,0.1901893,0.01705667,-0.981599,0.0,0.0,0.0,1.015168,-0.4433656,-2.817491,-0.1025048,-0.07325673,0.860303,0.9251635,0.005459907,-0.3795295,0.1859736,0.8651342,0.4657862,0.3308871,-0.5015109,0.7993751,moving,3.5468417994026447,-5.165671666839128,-6.794738667194068,-4.867123111071099,0.103156,-0.5038176600000001,0.64724,0.0616142291992024,-0.089864818368545,0.9940462296197632,4.224553414947963,-4.486478968753634,10.307248092563867,10.345888931708377,11.02586449919636
4167,05/05/2023 12:22:31.588372,4365,True,True,True,True,Eyes,0.7348605,0.05775058,-3.446119,0.3588962,-0.5783598,0.7325937,0.0,0.0,0.0,0.0,0.0,0.0,0.0,-2.152136,1.373632,2.51581,0.9204392,0.06057882,-3.463665,0.2523115,0.1848107,-0.04822856,0.9486085,29.76976,22.07975,0.1161519,0.1918066,0.01699416,-0.9812853,0.0,0.0,0.0,1.01301,-0.4451897,-2.817228,-0.1079475,-0.07795313,0.8564683,0.927038,0.001759696,-0.3749632,0.1847598,0.8680258,0.4608632,0.3262888,-0.4965158,0.8043678,moving,3.2833129640559897,-5.638744895097264,-7.183563500428391,-5.200557902383048,0.0925707999999999,-0.50576852,0.6464370000000002,0.0569970334640469,-0.0980961495788542,0.9935434331342896,3.965905175196345,-4.9748415675114295,10.43093141017554,10.476044614422037,11.151753208019134
4168,05/05/2023 12:22:31.598557,4366,True,True,True,True,Eyes,0.7430182,0.05766568,-3.446516,0.3487293,-0.5806854,0.7356578,0.0,0.0,0.0,0.0,0.0,0.0,0.0,-2.147208,1.36601,2.526255,0.9285311,0.0604316,-3.463038,0.2519567,0.1821213,-0.05045838,0.9491068,29.77839,21.65423,359.7354,0.1934807,0.01693372,-0.9809577,0.0,0.0,0.0,1.011004,-0.4468861,-2.816984,-0.1130605,-0.08293948,0.8525753,0.9285716,-0.004007464,-0.3711317,0.1875541,0.8679436,0.4598885,0.3202784,-0.4966467,0.8066994,moving,3.060494576182286,-5.763227407543862,-7.553951806307718,-5.556314005079261,0.0824728999999999,-0.5073177,0.6460539999999999,0.0531212057316415,-0.1002759794020871,0.9935405993763212,3.746564229641872,-5.10441751709946,10.565938101108706,10.616462930885907,11.309547874013456
4169,05/05/2023 12:22:31.618618,4367,True,True,True,True,Eyes,0.7512712,0.05762563,-3.446897,0.3382842,-0.583137,0.7385899,0.0,0.0,0.0,0.0,0.0,0.0,0.0,-2.145119,1.363054,2.531477,0.9369001,0.0610405,-3.462127,0.2525942,0.1799237,-0.05260929,0.9492397,29.89924,21.3071,359.4063,0.1952069,0.01687595,-0.9806166,0.0,0.0,0.0,1.008805,-0.4487447,-2.816716,-0.1187897,-0.08834624,0.8485635,0.9297194,-0.008982269,-0.368159,0.1907731,0.8668569,0.4606136,0.3150038,-0.4984762,0.8076472,moving,2.7554665125988227,-5.789373711617128,-7.969001804596504,-5.943804358889478,0.0719048999999999,-0.5097852,0.6454110000000002,0.0478287877675199,-0.100756338379268,0.9937608205487588,3.445956689879812,-5.133434397278576,10.669251711733828,10.725580148008,11.443687207596083
4170,05/05/2023 12:22:31.638406,4368,True,True,True,True,Eyes,0.7595194,0.05763293,-3.447216,0.3279833,-0.5853556,0.7414755,0.0,0.0,0.0,0.0,0.0,0.0,0.0,-2.13413,1.368362,2.539751,0.9451078,0.06219792,-3.461237,0.2533282,0.1767322,-0.05250937,0.9496491,29.98055,20.90413,359.326,0.1969821,0.01682184,-0.9802625,0.0,0.0,0.0,1.006702,-0.4505224,-2.81646,-0.1251293,-0.09601778,0.8435906,0.932017,-0.01018844,-0.3622714,0.1892734,0.8661352,0.4625855,0.309063,-0.4997059,0.809181,moving,2.4793803793513534,-5.855341948938132,-8.437131515491727,-6.493480906711211,0.0615941999999999,-0.51272032,0.6447769999999999,0.0430345664889362,-0.1019227011982392,0.9938611219370964,3.1739713275868398,-5.20320370472267,10.868880442557632,10.935147611243211,11.682573538844878
4171,05/05/2023 12:22:31.648930,4369,True,True,True,True,Eyes,0.7677446,0.05767411,-3.447521,0.3173215,-0.5878597,0.744129,0.0,0.0,0.0,0.0,0.0,0.0,0.0,-2.123128,1.359687,2.555129,0.9532788,0.06333104,-3.460109,0.2519565,0.1734627,-0.05294087,0.9505925,29.82697,20.45003,359.1255,0.198801,0.0167724,-0.9798961,0.0,0.0,0.0,1.004604,-0.4522964,-2.816204,-0.1304858,-0.1004791,0.839632,0.9342159,-0.01324028,-0.3564623,0.1880605,0.8674303,0.4606493,0.3031071,-0.4973824,0.8128573,moving,2.2467661178157594,-6.1741599114982,-8.833577804573036,-6.824156259767882,0.0513252,-0.51562744,0.6439050000000002,0.0389763657325269,-0.107469259752501,0.9934440754314626,2.945432410632395,-5.532709267434573,11.024776194871412,11.099392627129747,11.849595646431176
4172,05/05/2023 12:22:31.668599,4370,True,True,True,True,Eyes,0.7759657,0.05774977,-3.447786,0.3067064,-0.590328,0.7466218,0.0,0.0,0.0,0.0,0.0,0.0,0.0,-2.10512,1.37035,2.567169,0.9610915,0.06425387,-3.460046,0.2538775,0.168747,-0.05415984,0.9508615,30.07169,19.81877,358.8535,0.2006583,0.01672813,-0.9795182,0.0,0.0,0.0,1.002497,-0.4540773,-2.815948,-0.1373436,-0.1006247,0.8363788,0.9371823,-0.01731484,-0.34841,0.1886792,0.8652259,0.4645261,0.2934102,-0.5010833,0.8141413,moving,2.1630731690357843,-6.09328569447182,-9.325438045594163,-6.860280066772964,0.0414054999999999,-0.5183311700000001,0.6440980000000001,0.0375308464101443,-0.1060727672287672,0.9936498775928924,2.862744885736402,-5.4501190577852086,11.436260223479264,11.514085734256964,12.269488874392737
4173,05/05/2023 12:22:31.688630,4371,True,True,True,True,Eyes,0.7841639,0.0578656,-3.448015,0.2958224,-0.5929894,0.7489009,0.0,0.0,0.0,0.0,0.0,0.0,0.0,-2.086006,1.382095,2.578652,0.9692754,0.06518082,-3.45938,0.2554315,0.1641141,-0.05419337,0.9512542,30.2483,19.23171,358.7222,0.2025497,0.01668949,-0.9791295,0.0,0.0,0.0,1.000402,-0.4558483,-2.815692,-0.144086,-0.1142951,0.8306204,0.9402593,-0.01926354,-0.3399138,0.1869431,0.8636357,0.4681727,0.284543,-0.5037483,0.8156427,moving,2.017815348920805,-6.100631830561531,-9.841050582324876,-7.834817014710114,0.0311266,-0.52102912,0.643688,0.0350110814710374,-0.1062098753170627,0.9937271081309456,2.7195801400511623,-5.458687035236155,11.883535883641168,11.984994761291302,12.783404782109171
4174,05/05/2023 12:22:31.698786,4372,True,True,True,True,Eyes,0.7923541,0.05801035,-3.448216,0.2849742,-0.5955297,0.7510886,0.0,0.0,0.0,0.0,0.0,0.0,0.0,-2.06267,1.395774,2.592602,0.9776322,0.06652576,-3.458928,0.2567558,0.1589641,-0.05325511,0.951825,30.37813,18.60677,358.6883,0.2044717,0.01665705,-0.9787305,0.0,0.0,0.0,0.9983033,-0.4576227,-2.815437,-0.1503738,-0.1139593,0.8282186,0.9437886,-0.01974915,-0.3299592,0.183009,0.8624807,0.4718418,0.275265,-0.5057045,0.8176138,moving,1.8955934860631585,-6.150646209570905,-10.290689264617509,-7.834456679909806,0.0206711,-0.52414846,0.6434909999999996,0.0328881078063586,-0.1070850079843926,0.9937057797595776,2.5992227031701987,-5.510975868673517,12.197078841437804,12.302061005358416,13.09764840028545
4175,05/05/2023 12:22:31.718133,4373,True,True,True,True,Eyes,0.8005354,0.05817692,-3.448396,0.2738329,-0.5981019,0.7531863,0.0,0.0,0.0,0.0,0.0,0.0,0.0,-2.038018,1.403208,2.610522,0.985697,0.06736755,-3.458496,0.2570661,0.1535956,-0.05264552,0.9526563,30.39533,17.93273,358.5825,0.2064204,0.01663102,-0.9783219,0.0,0.0,0.0,0.9961917,-0.4594078,-2.81518,-0.1556219,-0.1178119,0.8245411,0.9472737,-0.02133776,-0.3197143,0.1792746,0.862291,0.4736189,0.2655808,-0.5059634,0.8206509,moving,1.8076109908055933,-6.314009236880507,-10.688140351046323,-8.131485718119324,0.0104946999999999,-0.52677535,0.643316,0.031352377794986,-0.1099232697696827,0.9934454416743036,2.51288243226345,-5.6795976056523205,12.511181551698856,12.6272333611623,13.426792537367987
4176,05/05/2023 12:22:31.738342,4374,True,True,True,True,Eyes,0.8087088,0.05833283,-3.448567,0.2627163,-0.6005341,0.7552079,0.0,0.0,0.0,0.0,0.0,0.0,0.0,-2.01356,1.403577,2.63203,0.9939533,0.06781131,-3.45825,0.2562478,0.1482022,-0.05229717,0.9537495,30.28447,17.23752,358.4204,0.2083924,0.01661137,-0.977904,0.0,0.0,0.0,0.9940651,-0.4612056,-2.814921,-0.1601906,-0.1226467,0.8219295,0.9506023,-0.0238038,-0.3094977,0.1757098,0.8632041,0.4732913,0.2558935,-0.5042936,0.8247463,moving,1.7478068191406666,-6.59445727483209,-11.028456871892946,-8.486942854760118,0.0001117999999999,-0.52901691,0.643329,0.0302986458215087,-0.1147883294853505,0.9929278237849192,2.454593700985254,-5.968437117246911,12.78619445414462,12.915665510265406,13.716250358632204
4177,05/05/2023 12:22:31.749285,4375,True,True,True,True,Eyes,0.8169211,0.05847917,-3.448755,0.2512094,-0.6030067,0.7571504,0.0,0.0,0.0,0.0,0.0,0.0,0.0,-1.986443,1.410507,2.651909,1.002005,0.06771069,-3.458253,0.2562196,0.1424614,-0.05164472,0.954667,30.25992,16.51549,358.3013,0.2103852,0.01659715,-0.9774775,0.0,0.0,0.0,0.9918814,-0.4630517,-2.814655,-0.1638573,-0.1229323,0.8201665,0.9540752,-0.02560421,-0.2984712,0.1716098,0.8633686,0.4744941,0.2455416,-0.5039237,0.8281125,moving,1.680746391108774,-6.7936504842687135,-11.298109741859037,-8.524433811510859,-0.0101236,-0.53076239,0.6435979999999999,0.0291245868958323,-0.1182437439204884,0.9925573769688194,2.388960944097547,-6.173761953108935,12.960200539531384,13.093751083861932,13.887460608342144
4178,05/05/2023 12:22:31.768578,4376,True,True,True,True,Eyes,0.8251335,0.05862054,-3.44894,0.23972,-0.6054242,0.7589439,0.0,0.0,0.0,0.0,0.0,0.0,0.0,-1.957076,1.423311,2.670381,1.010186,0.06770184,-3.458588,0.2569957,0.136376,-0.05075854,0.9553944,30.32532,15.76354,358.2146,0.2123973,0.01658753,-0.9770423,0.0,0.0,0.0,0.9897738,-0.4648334,-2.814398,-0.168408,-0.1287521,0.8171828,0.9576503,-0.02689274,-0.2866752,0.167085,0.8627536,0.47722,0.2344963,-0.504909,0.8307096,moving,1.6323060359607189,-6.900364863475202,-11.644697083761598,-8.953692726426643,-0.0204121999999999,-0.53253524,0.64419,0.0282790956915702,-0.1200951105126324,0.992359532060168,2.341464265328421,-6.283848512642399,13.284832024363451,13.43484153810118,14.23870701323181
4179,05/05/2023 12:22:31.788341,4377,True,True,True,True,Eyes,0.8333385,0.05874389,-3.449136,0.2279508,-0.6077142,0.7607377,0.0,0.0,0.0,0.0,0.0,0.0,0.0,-1.926635,1.439391,2.687169,1.018476,0.06773658,-3.458723,0.2581746,0.130209,-0.04953895,0.9560009,30.43303,15.0152,358.1732,0.214426,0.01658189,-0.9765993,0.0,0.0,0.0,0.9877563,-0.466539,-2.814152,-0.1726679,-0.1293406,0.8155299,0.961183,-0.02748527,-0.2745391,0.1619518,0.8617836,0.4807293,0.2233803,-0.506531,0.832783,moving,1.5559518326756092,-6.9576793123779845,-11.954395585534892,-9.011880651126384,-0.0307196999999999,-0.53427558,0.644571,0.0269533315295732,-0.1210921687724566,0.9922752485500232,2.2663362309207,-6.343325131968744,13.510583175811464,13.665622214186328,14.468946124524033
4180,05/05/2023 12:22:31.798455,4378,True,True,True,True,Eyes,0.8415489,0.05883236,-3.449347,0.2162071,-0.6098723,0.762437,0.0,0.0,0.0,0.0,0.0,0.0,0.0,-1.89187,1.451531,2.709122,1.026829,0.06740127,-3.459268,0.2581261,0.1235518,-0.04748792,0.957001,30.3837,14.22373,358.1992,0.2164697,0.01657932,-0.9761483,0.0,0.0,0.0,0.9855921,-0.4683685,-2.813889,-0.17865,-0.1329482,0.8132372,0.9649597,-0.02710808,-0.2609941,0.1546758,0.8622316,0.4823194,0.2119626,-0.5057883,0.8362117,moving,1.5115147275640124,-7.164227251771231,-12.389798201482646,-9.284595568954124,-0.0412369,-0.53576977,0.6453789999999997,0.0261720510807254,-0.124671054306078,0.991852843584742,2.2230208350713667,-6.556056062640064,13.892652717300122,14.062093121288624,14.86537614837216
4181,05/05/2023 12:22:31.818364,4379,True,True,True,True,Eyes,0.849791,0.05888134,-3.449584,0.2040136,-0.6119793,0.7641072,0.0,0.0,0.0,0.0,0.0,0.0,0.0,-1.859118,1.461298,2.730432,1.035238,0.06664844,-3.459886,0.257976,0.1171151,-0.04605604,0.9579203,30.33326,13.44019,358.1535,0.2185262,0.0165785,-0.97569,0.0,0.0,0.0,0.9834649,-0.4701668,-2.813629,-0.1839037,-0.1424941,0.8102283,0.9683258,-0.02781027,-0.2481365,0.1486618,0.8626544,0.4834532,0.2006111,-0.5050287,0.8394648,moving,1.4426137773461871,-7.367182120509433,-12.788187703042624,-9.974552944794336,-0.0517731000000001,-0.53681524,0.6462569999999999,0.0249679992901847,-0.1281875928443952,0.9914356084776734,2.1555827211299032,-6.7652623539930925,14.268540908935696,14.467691363502627,15.28449608546448
4182,05/05/2023 12:22:31.838723,4380,True,True,True,True,Eyes,0.8580552,0.05889301,-3.449834,0.1919383,-0.6138856,0.765705,0.0,0.0,0.0,0.0,0.0,0.0,0.0,-1.82677,1.472011,2.750794,1.043989,0.06574283,-3.460713,0.2579147,0.1107548,-0.04447971,0.9587674,30.2924,12.67301,358.131,0.2205942,0.01657812,-0.9752246,0.0,0.0,0.0,0.9813912,-0.47192,-2.813377,-0.1882664,-0.1512673,0.8073529,0.9715099,-0.02816082,-0.2353201,0.142422,0.8630031,0.4847077,0.1894322,-0.5044131,0.8424268,moving,1.3624808874301084,-7.5471665823364065,-13.126218704588007,-10.612019951497745,-0.0625978,-0.53766283,0.6473360000000001,0.0235716681732061,-0.1313058230598973,0.991061625333836,2.077019048542896,-6.9509234100787936,14.580659497092876,14.809312679601492,15.637840837654494
4183,05/05/2023 12:22:31.848820,4381,True,True,True,True,Eyes,0.866336,0.05886502,-3.450101,0.179601,-0.6156987,0.7672408,0.0,0.0,0.0,0.0,0.0,0.0,0.0,-1.795156,1.476846,2.773034,1.052841,0.06483303,-3.461315,0.2565167,0.1048085,-0.04189482,0.9599267,30.08315,11.98766,358.2343,0.2226729,0.01657707,-0.9747521,0.0,0.0,0.0,0.9793124,-0.4736773,-2.813124,-0.1919092,-0.155164,0.8058129,0.97452,-0.02666165,-0.2227104,0.1342022,0.864888,0.4836926,0.1797235,-0.5012563,0.8464288,moving,1.189802002493212,-7.893257915615533,-13.39579388567528,-10.899238566207714,-0.0735285999999999,-0.53851033,0.6481909999999997,0.0205678217931127,-0.1372989298584978,0.9903160213455744,1.9076232840340268,-7.308059891017285,14.647808016851917,14.89212970278906,15.719132970596569
4184,05/05/2023 12:22:31.868514,4382,True,True,True,True,Eyes,0.8746257,0.05879473,-3.450394,0.1673412,-0.6173539,0.7686814,0.0,0.0,0.0,0.0,0.0,0.0,0.0,-1.764163,1.474346,2.798356,1.061626,0.06380008,-3.462029,0.2540745,0.09894599,-0.03963306,0.9612935,29.75706,11.29896,358.2892,0.2247615,0.01657429,-0.9742725,0.0,0.0,0.0,0.9771777,-0.475482,-2.812864,-0.1967661,-0.1583448,0.8045069,0.9772778,-0.0259187,-0.2103717,0.1264773,0.8677508,0.4806373,0.1700928,-0.4963235,0.8513116,moving,1.03262297726449,-8.34368634398312,-13.743583638222844,-11.134753071508529,-0.0844482999999999,-0.53928208,0.649165,0.0178310044626216,-0.1450875735232334,0.9892581367153894,1.7537517349507608,-7.772392162497251,14.77744696789545,15.03749764492321,15.857896283904276
4185,05/05/2023 12:22:31.888178,4383,True,True,True,True,Eyes,0.8829496,0.05869761,-3.450721,0.1549412,-0.6188997,0.7700366,0.0,0.0,0.0,0.0,0.0,0.0,0.0,-1.734053,1.479225,2.819007,1.070206,0.06270491,-3.46303,0.2533281,0.09299791,-0.03846903,0.9621313,29.64502,10.5724,358.2259,0.226858,0.01656874,-0.9737866,0.0,0.0,0.0,0.9750369,-0.4772917,-2.812603,-0.2015907,-0.1615574,0.8036987,0.979743,-0.02690654,-0.1984429,0.1211425,0.8686901,0.4803146,0.1594618,-0.4946248,0.8543525,moving,0.9066483025361324,-8.570166219160136,-14.080922751122388,-11.365970609989484,-0.0951691,-0.53999661,0.6504269999999996,0.0156466993460677,-0.1490022358332731,0.988713049359292,1.6301109244551446,-8.00619038871212,14.970497952660224,15.24610797155272,16.066259748006622
4186,05/05/2023 12:22:31.899911,4384,True,True,True,True,Eyes,0.8912887,0.05857748,-3.451082,0.1425877,-0.6203686,0.7712402,0.0,0.0,0.0,0.0,0.0,0.0,0.0,-1.699881,1.492485,2.837443,1.079084,0.06198823,-3.464092,0.2538802,0.08638776,-0.03721503,0.9626511,29.68465,9.770171,358.1672,0.2289623,0.01655992,-0.9732941,0.0,0.0,0.0,0.9729807,-0.47903,-2.812352,-0.2053139,-0.1683668,0.8022661,0.9823044,-0.02778588,-0.1852189,0.1155144,0.8683197,0.4823663,0.1474262,-0.495226,0.856164,moving,0.8376725827533439,-8.638683485498708,-14.354897961246028,-11.852317673572882,-0.1061032999999999,-0.54101823,0.6517399999999998,0.0144538011390022,-0.1501871742351046,0.9885518693934064,1.562282330942737,-8.077136919210893,15.22568650125458,15.528736086016677,16.358747451505803
4187,05/05/2023 12:22:31.918735,4385,True,True,True,True,Eyes,0.8996669,0.05841863,-3.451501,0.1300492,-0.6220327,0.7721156,0.0,0.0,0.0,0.0,0.0,0.0,0.0,-1.665508,1.504387,2.856308,1.087865,0.06131703,-3.465312,0.2541247,0.07985701,-0.03573166,0.9632066,29.68663,8.984975,358.1367,0.2310736,0.0165475,-0.9727954,0.0,0.0,0.0,0.9708645,-0.480819,-2.812095,-0.2071559,-0.1687768,0.8035185,0.9846922,-0.02824667,-0.1719982,0.1094212,0.8682878,0.4838422,0.135677,-0.4952559,0.858087,moving,0.7435880965100422,-8.760450909126853,-14.45667427764208,-11.862368475939029,-0.1170005,-0.54213603,0.6532170000000002,0.0128263200412361,-0.1522911329687958,0.988252432522466,1.4698292550771148,-8.20302285032508,15.208800148297485,15.51353824355884,16.34149091072834
4188,05/05/2023 12:22:31.929055,4386,True,True,True,True,Eyes,0.9080603,0.0582296,-3.451977,0.1175345,-0.6237899,0.7727042,0.0,0.0,0.0,0.0,0.0,0.0,0.0,-1.627928,1.526617,2.871586,1.096759,0.0602823,-3.467016,0.255782,0.07287697,-0.03395054,0.9633858,29.85335,8.156416,358.1411,0.2331907,0.01653071,-0.9722903,0.0,0.0,0.0,0.968672,-0.4826725,-2.811828,-0.2101256,-0.1700923,0.8039795,0.9870726,-0.02813371,-0.1577851,0.1026962,0.8668458,0.4878851,0.1230494,-0.4977819,0.858529,moving,0.6749407569665598,-8.724236303101128,-14.647014667839034,-11.945521892227289,-0.128087,-0.5429548,0.6551879999999999,0.0116433915634187,-0.1516686594558058,0.9883628017593942,1.4020775670122838,-8.166257209277886,15.345164764163624,15.656915369460275,16.488062442462837
4189,05/05/2023 12:22:31.948423,4387,True,True,True,True,Eyes,0.9164667,0.05802372,-3.452512,0.1049217,-0.6257121,0.7729656,0.0,0.0,0.0,0.0,0.0,0.0,0.0,-1.590752,1.556231,2.88212,1.105602,0.05940299,-3.468872,0.2587348,0.06595967,-0.03231093,0.9631521,30.17642,7.33297,358.1367,0.2353134,0.01650913,-0.9717791,0.0,0.0,0.0,0.9666014,-0.484423,-2.811575,-0.21313,-0.171753,0.8048656,0.9892107,-0.02810855,-0.1437783,0.09637278,0.8640248,0.4941393,0.1103384,-0.5026642,0.8574113,moving,0.5934117620969013,-8.544307183582202,-14.83162499963296,-12.04586638595912,-0.1390005999999999,-0.54382599,0.6572970000000002,0.0102418686909935,-0.1485663874191864,0.9888494054483672,1.3212896672815204,-7.981780419947396,15.498162556204829,15.817480075804369,16.65633353940039
4190,05/05/2023 12:22:31.968789,4388,True,True,True,True,Eyes,0.9248942,0.05780414,-3.453101,0.0923893,-0.6276589,0.7729867,0.0,0.0,0.0,0.0,0.0,0.0,0.0,-1.551495,1.588126,2.892028,1.114801,0.05880238,-3.47086,0.2617409,0.05890442,-0.02986941,0.9628759,30.50189,6.517529,358.2252,0.2374402,0.01648273,-0.9712621,0.0,0.0,0.0,0.9644715,-0.4862236,-2.811316,-0.2152069,-0.1746449,0.805569,0.9912762,-0.02668567,-0.1290714,0.08835645,0.8611991,0.5005291,0.09779919,-0.5075669,0.8560439,moving,0.4958687378967342,-8.365025566646803,-14.95721150597531,-12.23225230556629,-0.1503294999999999,-0.54502598,0.6595439999999999,0.0085623687710974,-0.1454737916828997,0.9893250111338628,1.2247181077661726,-7.798081218677064,15.599456767432676,15.929630619501582,16.7784599785525
4191,05/05/2023 12:22:31.988627,4389,True,True,True,True,Eyes,0.9333416,0.05757955,-3.453753,0.07981726,-0.6297151,0.7727147,0.0,0.0,0.0,0.0,0.0,0.0,0.0,-1.512873,1.612979,2.904472,1.123812,0.05826902,-3.472764,0.2635828,0.05210423,-0.02722308,0.9628438,30.69148,5.738673,358.337,0.2395705,0.01645158,-0.9707394,0.0,0.0,0.0,0.9623284,-0.4880353,-2.811055,-0.2171368,-0.1790541,0.805989,0.9930881,-0.02495559,-0.1146875,0.07989071,0.859566,0.5047413,0.08598541,-0.510415,0.8556185,moving,0.3682743687977348,-8.330736103206968,-15.077751571304145,-12.5251111874395,-0.1614836,-0.54630432,0.6617090000000001,0.0063597362603698,-0.1448840709191048,0.989428152776448,1.0988662917558665,-7.763706528595845,15.658702863073772,16.005389707518237,16.86279750850167
4192,05/05/2023 12:22:32.008138,4390,True,True,True,True,Eyes,0.9418104,0.0573687,-3.454465,0.06734347,-0.6318201,0.7721841,0.0,0.0,0.0,0.0,0.0,0.0,0.0,-1.472062,1.639645,2.91662,1.132905,0.05792426,-3.474946,0.2655455,0.0451073,-0.02415968,0.9627395,30.89603,4.948645,358.4933,0.2417033,0.01641599,-0.970211,0.0,0.0,0.0,0.9602363,-0.4898039,-2.8108,-0.2188218,-0.1812959,0.8068527,0.9947633,-0.02256287,-0.09968413,0.07047503,0.8578038,0.5091227,0.07402216,-0.5134819,0.8549019,moving,0.2473487273402681,-8.28496515387747,-15.173860456750576,-12.663758208469067,-0.1726687,-0.54772816,0.6641460000000001,0.0042719830851806,-0.1440952268592794,0.9895546380899612,0.9795608517829492,-7.717477376690557,15.675883104083567,16.030830337647124,16.89374777951312
4193,05/05/2023 12:22:32.018799,4391,True,True,True,True,Eyes,0.9502988,0.05717483,-3.455234,0.05490065,-0.6340025,0.7713798,0.0,0.0,0.0,0.0,0.0,0.0,0.0,-1.429217,1.667604,2.928159,1.141955,0.05805584,-3.477104,0.2675862,0.03799891,-0.02057462,0.9625645,31.11126,4.162277,358.7101,0.2438387,0.01637677,-0.9696773,0.0,0.0,0.0,0.9581028,-0.4916075,-2.81054,-0.2206154,-0.1819869,0.8085269,0.9962655,-0.01927284,-0.08416378,0.05994478,0.8559486,0.5135744,0.06214184,-0.5167016,0.8539074,moving,0.1153461951970763,-8.23433206516214,-15.262246166816164,-12.684993431030192,-0.1838522,-0.54966334,0.6665640000000002,0.001992415063567,-0.1432217085868682,0.9896886478566808,0.8493253554301663,-7.666325077206702,15.651926971538824,16.00870805049172,16.87512278361637
4194,05/05/2023 12:22:32.038692,4392,True,True,True,True,Eyes,0.9588173,0.0569837,-3.456065,0.04255723,-0.636179,0.7703668,0.0,0.0,0.0,0.0,0.0,0.0,0.0,-1.380986,1.696627,2.940869,1.151449,0.05824027,-3.479245,0.2693345,0.03035798,-0.01587753,0.9624372,31.29195,3.346494,359.0472,0.2459754,0.01633473,-0.9691381,0.0,0.0,0.0,0.9559441,-0.4934324,-2.810277,-0.2227043,-0.1820065,0.8102958,0.9976526,-0.01420934,-0.06698802,0.04691514,0.8544137,0.517471,0.04988256,-0.519399,0.8530747,moving,-0.0062712197792456,-8.216907554620088,-15.36789919776844,-12.659514300324098,-0.1955048999999999,-0.55167267,0.668968,-0.0001083297865327,-0.1429209910730145,0.9897340162810804,0.7294048209055048,-7.64925320791375,15.634490284533848,15.99113406957478,16.859000945599867
4195,05/05/2023 12:22:32.048748,4393,True,True,True,True,Eyes,0.9673465,0.05681961,-3.456949,0.03033921,-0.6384256,0.7690852,0.0,0.0,0.0,0.0,0.0,0.0,0.0,-1.332742,1.719826,2.956088,1.160758,0.05811407,-3.481627,0.2702591,0.02274378,-0.01149872,0.9624503,31.38223,2.521889,359.3396,0.2481132,0.01629021,-0.9685937,0.0,0.0,0.0,0.9538471,-0.4952052,-2.810022,-0.2246224,-0.1832414,0.8119979,0.998701,-0.009840472,-0.04999477,0.03442731,0.8536557,0.5196987,0.03756424,-0.5207449,0.8528855,moving,-0.1081623202032927,-8.294353945532007,-15.463002969258966,-12.716771223673987,-0.2069109,-0.55331927,0.671605,-0.0018680410979498,-0.1442584211464672,0.9895381637959244,0.6291522543146999,-7.729612294843099,15.618106196541628,15.97901454846015,16.84723163967917
4196,05/05/2023 12:22:32.068617,4394,True,True,True,True,Eyes,0.9759129,0.05664082,-3.457876,0.01824853,-0.640483,0.7677556,0.0,0.0,0.0,0.0,0.0,0.0,0.0,-1.286932,1.752911,2.963295,1.170552,0.05856871,-3.483732,0.2729573,0.01550844,-0.007058054,0.9618753,31.68984,1.749725,359.6558,0.2502514,0.01624418,-0.9680443,0.0,0.0,0.0,0.9517236,-0.4970004,-2.809763,-0.2265131,-0.1843453,0.8136606,0.9994193,-0.005111649,-0.03368746,0.02204422,0.850889,0.5248828,0.02598128,-0.5253207,0.8505076,moving,-0.251882856546039,-8.14028546726179,-15.5565483705266,-12.765587235336666,-0.2188284,-0.55556911,0.673969,-0.0043518778613252,-0.1415959658963707,0.989915040328449,0.4871224792505672,-7.572165177182111,15.623846443530317,15.988314574731834,16.863303561583532
4197,05/05/2023 12:22:32.088484,4395,True,True,True,True,Eyes,0.9844319,0.05645564,-3.458877,0.006290127,-0.6424586,0.7662945,0.0,0.0,0.0,0.0,0.0,0.0,0.0,-1.243303,1.756324,2.985975,1.180081,0.0580098,-3.485766,0.2710509,0.008554184,-0.003233352,0.9625216,31.45576,0.9883588,359.8934,0.2523904,0.01619636,-0.9674896,0.0,0.0,0.0,0.9496499,-0.4987535,-2.80951,-0.228996,-0.184955,0.8154591,0.9998327,-0.001587102,-0.01821998,0.01086158,0.8530419,0.5217294,0.01471437,-0.52184,0.8529165,moving,-0.385455219027545,-8.521513246894335,-15.685724325182736,-12.779101618366315,-0.2304310999999999,-0.5567633000000001,0.676256,-0.0066531462029135,-0.1481774648484998,0.9889383467631134,0.3563571896652325,-7.9651644856439265,15.515156361176494,15.881602358126854,16.748802048111692
4198,05/05/2023 12:22:32.098731,4396,True,True,True,True,Eyes,0.9929781,0.05628464,-3.459905,-0.005526125,-0.6444584,0.7646195,0.0,0.0,0.0,0.0,0.0,0.0,0.0,-1.206351,1.781722,2.992954,1.189538,0.05762063,-3.488448,0.2732092,0.002337696,-0.0005926455,0.9619517,31.71071,0.2810989,0.009238237,0.2545274,0.01614674,-0.9669304,0.0,0.0,0.0,0.9475221,-0.5005523,-2.809251,-0.232782,-0.1877307,0.8164,0.9999884,0.0001371669,-0.004821332,0.002417553,0.8507128,0.5256253,0.004173668,-0.5256308,0.8507026,moving,-0.5387138019497635,-8.416352225878692,-15.914561836090458,-12.950011632864218,-0.2420158999999999,-0.5581729299999999,0.6791969999999998,-0.0093009445774696,-0.1463590408904533,0.9891878844526548,0.2050409104870242,-7.858082003036944,15.650238885360109,16.030307869393422,16.90471354571207
4199,05/05/2023 12:22:32.118680,4397,True,True,True,True,Eyes,1.001483,0.05613597,-3.460972,-0.01717656,-0.646113,0.7630485,0.0,0.0,0.0,0.0,0.0,0.0,0.0,-1.167172,1.803546,3.001049,1.198801,0.05780979,-3.490114,0.2747646,-0.003985875,0.002599684,0.9614998,31.89694,359.5791,0.189558,0.2566626,0.01609588,-0.9663668,0.0,0.0,0.0,0.9453813,-0.502362,-2.808991,-0.2363102,-0.1921156,0.8171656,0.9999547,0.002808836,0.009093438,-0.007189545,0.8489953,0.5283515,-0.006236235,-0.5283929,0.848977,moving,-0.6979418564427884,-8.353273548428259,-16.128957388473268,-13.229978629477918,-0.2534197,-0.56017179,0.6811230000000004,-0.0120518739311461,-0.1452656515787475,0.9893193110117852,0.0479396243463495,-7.794320086901591,15.783205603996567,16.183278184511984,17.065707742571217
4200,05/05/2023 12:22:32.138453,4398,True,True,True,True,Eyes,1.010011,0.05601041,-3.462075,-0.02874996,-0.6478438,0.7612305,0.0,0.0,0.0,0.0,0.0,0.0,0.0,-1.129758,1.810211,3.017234,1.208102,0.0581454,-3.491995,0.2741309,-0.01016041,0.005251028,0.9616244,31.82514,358.8763,0.3053725,0.258795,0.0160445,-0.9657987,0.0,0.0,0.0,0.9433145,-0.5041093,-2.808739,-0.2389092,-0.1934923,0.8191212,0.9997383,0.004528466,0.02241994,-0.0156696,0.8496494,0.5271152,-0.01666206,-0.5273287,0.849498,moving,-0.8465051891714447,-8.554452378235533,-16.260130574738227,-13.290741993991476,-0.2647875,-0.5622547,0.6832560000000001,-0.0146094416666357,-0.148733405185854,0.9887694179760522,-0.0980266649609085,-8.002255364802652,15.719942569768609,16.12489649116875,17.005343090262784
4201,05/05/2023 12:22:32.148793,4399,True,True,True,True,Eyes,1.0185,0.05591835,-3.463196,-0.04034926,-0.6493087,0.7594538,0.0,0.0,0.0,0.0,0.0,0.0,0.0,-1.087897,1.834726,3.023705,1.217265,0.05860301,-3.493904,0.2763934,-0.01696705,0.007724942,0.9608638,32.10111,358.0831,0.3697092,0.2609238,0.01599331,-0.9652267,0.0,0.0,0.0,0.9412267,-0.5058743,-2.808485,-0.2410697,-0.1927681,0.8222036,0.9993049,0.00546607,0.03687629,-0.0242244,0.847094,0.5308907,-0.0283358,-0.531415,0.8466376,moving,-0.9188372244414033,-8.388215614425546,-16.341111729086442,-13.194846957685684,-0.2760383,-0.56447731,0.685419,-0.0158645424027133,-0.1458611911935192,0.9891778172859708,-0.1697167679443482,-7.831796132788645,15.75296681721692,16.153954802667833,17.037497737041107
4202,05/05/2023 12:22:32.168523,4400,True,True,True,True,Eyes,1.02701,0.05585725,-3.464341,-0.05187943,-0.6508512,0.7574307,0.0,0.0,0.0,0.0,0.0,0.0,0.0,-1.052901,1.849526,3.032443,1.226511,0.05928968,-3.495313,0.2777617,-0.02314229,0.008745413,0.9603315,32.26875,357.3163,0.267042,0.2630484,0.01594318,-0.9646506,0.0,0.0,0.0,0.9389571,-0.5077929,-2.808208,-0.243574,-0.1925106,0.8255037,0.9987759,0.003940907,0.04930681,-0.02965307,0.8455439,0.5330818,-0.03959025,-0.5338914,0.8446258,moving,-0.9864732182468344,-8.339217646772665,-16.439277777545403,-13.126983615094847,-0.2875538999999999,-0.56708258,0.6871049999999999,-0.0170343755008292,-0.1450124329518211,0.9892831998178002,-0.2365016843478488,-7.781876587670746,15.778673532988725,16.17751129547752,17.06165649229033
4203,05/05/2023 12:22:32.188988,4401,True,True,True,True,Eyes,1.035447,0.05582266,-3.4655,-0.06330774,-0.6522517,0.7553542,0.0,0.0,0.0,0.0,0.0,0.0,0.0,-1.018911,1.872348,3.035628,1.235622,0.05999392,-3.496933,0.2805104,-0.02919722,0.009474314,0.9593601,32.60023,356.5493,0.1223046,0.2651687,0.01589487,-0.9640707,0.0,0.0,0.0,0.9369059,-0.509527,-2.807958,-0.2457455,-0.1888089,0.8297909,0.9981155,0.001798306,0.06133658,-0.03455881,0.8424483,0.5376678,-0.05070601,-0.5387743,0.8409228,moving,-1.0435826412419205,-8.11694004621956,-16.496841085687485,-12.81871367362079,-0.2987161,-0.56952092,0.6889749999999997,-0.0180305486247518,-0.1411709910678401,0.9898210788580186,-0.2933187597012141,-7.553676864922787,15.77059057722848,16.15270478261006,17.037451345951965
4204,05/05/2023 12:22:32.198585,4402,True,True,True,True,Eyes,1.043894,0.05579215,-3.466676,-0.07461645,-0.653684,0.75308,0.0,0.0,0.0,0.0,0.0,0.0,0.0,-0.9900314,1.891829,3.038171,1.244634,0.0605472,-3.498126,0.2828563,-0.03451461,0.01006752,0.9584882,32.8829,355.8708,359.9846,0.2672822,0.01584893,-0.9634877,0.0,0.0,0.0,0.9349439,-0.5111856,-2.807719,-0.247838,-0.1827477,0.8348645,0.9974148,-0.0002261479,0.07185901,-0.03882455,0.8397819,0.5415338,-0.06046838,-0.5429237,0.8376021,moving,-1.166368060267478,-7.947448799846171,-16.534055882705537,-12.347017845367748,-0.3096900999999999,-0.5717328,0.690407,-0.0201601265214724,-0.1382366679526784,0.9901939536265516,-0.4147489256731902,-7.380222447614285,15.630135145388472,15.985056671598716,16.86716079540882
4205,05/05/2023 12:22:32.218871,4403,True,True,True,True,Eyes,1.043894,0.05579215,-3.466676,-0.07461645,-0.653684,0.75308,0.0,0.0,0.0,0.0,0.0,0.0,0.0,-0.9592512,1.910287,3.0418,1.253398,0.06062804,-3.499603,0.284804,-0.03993256,0.01107601,0.9576896,33.11986,355.1935,359.8953,0.2693898,0.01580523,-0.9629014,0.0,0.0,0.0,0.9327475,-0.5130424,-2.807452,-0.2508323,-0.1765028,0.8403513,0.9965654,-0.001531143,0.08279499,-0.04396068,0.837528,0.5446231,-0.07017702,-0.5463923,0.8345842,moving,-0.6364722392584929,-7.704374480058877,-16.619577831565454,-11.861674599156872,-0.3206505,-0.57367044,0.692151,-0.0110080441567594,-0.1340537143063569,0.9909128607052768,0.1070018117670241,-7.126541172089778,16.18060376415109,16.514926843770343,17.383899307602785
4206,05/05/2023 12:22:32.238688,4404,True,True,True,True,Eyes,1.043894,0.05579215,-3.466676,-0.07461645,-0.653684,0.75308,0.0,0.0,0.0,0.0,0.0,0.0,0.0,-0.930729,1.933215,3.041028,1.262138,0.06113062,-3.500672,0.2876361,-0.04504688,0.01193556,0.9566054,33.46201,354.5443,359.7885,0.2712855,0.01576583,-0.9623696,0.0,0.0,0.0,0.9306058,-0.5148531,-2.807191,-0.2539009,-0.1721293,0.8453943,0.9956567,-0.003078967,0.09305038,-0.04874946,0.834246,0.5492331,-0.07931797,-0.5513839,0.8304725,moving,-0.127404898510559,-7.35863518897755,-16.71681474426248,-11.508582886094988,-0.3315321999999999,-0.57598372,0.6934809999999998,-0.002205318987885,-0.1280793043547979,0.9917614134613,0.6079798003928039,-6.76742093518463,16.779233513992523,17.100601887627846,17.96182403486009
4207,05/05/2023 12:22:32.248682,4405,True,True,True,True,Eyes,1.043894,0.05579215,-3.466676,-0.07461645,-0.653684,0.75308,0.0,0.0,0.0,0.0,0.0,0.0,0.0,-0.8996321,1.947466,3.045692,1.270537,0.06124413,-3.501455,0.2889166,-0.05035537,0.01318926,0.9559381,33.6213,353.8886,359.733,0.2729908,0.01573033,-0.9618878,0.0,0.0,0.0,0.9285431,-0.5165968,-2.80694,-0.2569184,-0.1671316,0.8509585,0.9945807,-0.003880776,0.1038944,-0.05431325,0.8327065,0.5510446,-0.08865204,-0.5537012,0.827983,moving,0.3791673941033614,-7.197874005549709,-16.799930980188822,-11.111681541614145,-0.3419939000000001,-0.5778409299999999,0.694515,0.006565521437924,-0.1252937119515579,0.9920979047151802,1.1069342639006965,-6.598555984243147,17.31424547858755,17.619288021454306,18.46683852657451
4208,05/05/2023 12:22:32.268520,4406,True,True,True,True,Eyes,1.043894,0.05579215,-3.466676,-0.07461645,-0.653684,0.75308,0.0,0.0,0.0,0.0,0.0,0.0,0.0,-0.8684678,1.959153,3.051649,1.278723,0.06099362,-3.502317,0.2898618,-0.05572956,0.01405795,0.9553413,33.73832,353.2091,359.6247,0.274525,0.01569832,-0.9614516,0.0,0.0,0.0,0.9264391,-0.5183755,-2.806683,-0.2600265,-0.1620037,0.8569277,0.9933931,-0.005447445,0.1146312,-0.05916802,0.8315651,0.5522668,-0.09833175,-0.5554006,0.8257488,moving,0.9101844651482436,-7.081442957572441,-16.87991793524131,-10.705521468489923,-0.3522839000000001,-0.57936912,0.6956340000000001,0.0157639043638713,-0.1232647459366938,0.9922485447683816,1.630088640994364,-6.475111212644547,17.867038059492923,18.15548645643074,18.98727769810748
4209,05/05/2023 12:22:32.288616,4407,True,True,True,True,Eyes,1.043894,0.05579215,-3.466676,-0.07461645,-0.653684,0.75308,0.0,0.0,0.0,0.0,0.0,0.0,0.0,-0.8366444,1.976057,3.053582,1.286527,0.06106416,-3.502892,0.2919659,-0.06137574,0.01406717,0.9543539,33.98697,352.4508,359.3788,0.2759051,0.01566948,-0.9610569,0.0,0.0,0.0,0.9240541,-0.5203917,-2.806393,-0.2637123,-0.1568777,0.8631912,0.9920702,-0.008989128,0.1253626,-0.06268936,0.829116,0.5555508,-0.1089341,-0.5590042,0.8219779,moving,1.515480439337526,-6.832617692805061,-16.98836051091652,-10.300595807157436,-0.3624729,-0.58145586,0.6964990000000002,0.0262593392892404,-0.1189281981570634,0.992555491471288,2.2261484966073697,-6.214989662561148,18.55302290266225,18.82601928486013,19.64407121675595
4210,05/05/2023 12:22:32.298599,4408,True,True,True,True,Eyes,1.043894,0.05579215,-3.466676,-0.07461645,-0.653684,0.75308,0.0,0.0,0.0,0.0,0.0,0.0,0.0,-0.8020949,1.991924,3.056151,1.294316,0.06134941,-3.503164,0.2939947,-0.06746336,0.01384687,0.9533228,34.22275,351.6212,359.0807,0.2771469,0.0156435,-0.9606999,0.0,0.0,0.0,0.9221578,-0.5219948,-2.806162,-0.2663519,-0.1523895,0.8692198,0.9905139,-0.01326667,0.1367705,-0.06606878,0.8267508,0.5586752,-0.1204869,-0.5624118,0.8180317,moving,2.1785620890578983,-6.5954779460396855,-17.03644756607073,-9.943899098015162,-0.3721582,-0.58334421,0.6970019999999999,0.0377626951845715,-0.1147768164315369,0.992673226257685,2.879195793251819,-5.9664829345451,19.245125140001974,19.504576905374883,20.30893128042836
4211,05/05/2023 12:22:32.318472,4409,True,True,True,True,Eyes,1.043894,0.05579215,-3.466676,-0.07461645,-0.653684,0.75308,0.0,0.0,0.0,0.0,0.0,0.0,0.0,-0.7683938,1.998834,3.063615,1.301856,0.06113928,-3.503275,0.2946595,-0.07347153,0.01328361,0.9526812,34.29021,350.7952,358.7524,0.2782638,0.0156201,-0.9603775,0.0,0.0,0.0,0.92002,-0.523802,-2.805902,-0.2702445,-0.145274,0.8759222,0.988851,-0.01798808,0.1478181,-0.06860826,0.8259986,0.5594812,-0.1321616,-0.5633851,0.8155554,moving,2.843805727043301,-6.524435682334298,-17.14633829776605,-9.416935890098472,-0.3818359999999999,-0.58494128,0.6973729999999998,0.0492928551314651,-0.1134888093326653,0.9923156642197304,3.5347655622966307,-5.8887815289422605,19.95932922790944,20.198327049152777,20.97989347129401
4212,05/05/2023 12:22:32.338714,4410,True,True,True,True,Eyes,1.043894,0.05579215,-3.466676,-0.07461645,-0.653684,0.75308,0.0,0.0,0.0,0.0,0.0,0.0,0.0,-0.7362071,2.026918,3.056365,1.30937,0.06188737,-3.503353,0.2986731,-0.07911003,0.01329546,0.9509781,34.76186,350.0096,358.4677,0.2792688,0.01559901,-0.960086,0.0,0.0,0.0,0.9179075,-0.5255879,-2.805644,-0.2735956,-0.1458414,0.8807739,0.9871296,-0.02196869,0.1584058,-0.07254345,0.8212352,0.5659596,-0.1425218,-0.5701667,0.809072,moving,3.4588403403081074,-6.049781209219713,-17.256409599898685,-9.401913814276025,-0.3914624999999999,-0.58747527,0.6977090000000001,0.0599966970867666,-0.1052026467318747,0.9926392458118356,4.139892763135531,-5.396341494112894,20.74351630722957,20.9847176079908,21.768012413227822
4213,05/05/2023 12:22:32.348666,4411,True,True,True,True,Eyes,1.043894,0.05579215,-3.466676,-0.07461645,-0.653684,0.75308,0.0,0.0,0.0,0.0,0.0,0.0,0.0,-0.7005823,2.03157,3.064058,1.317107,0.06253223,-3.502551,0.2986909,-0.08493189,0.01435444,0.9504548,34.76576,349.2752,358.3642,0.2801729,0.01558002,-0.9598229,0.0,0.0,0.0,0.9158661,-0.5273136,-2.805396,-0.2770421,-0.1392434,0.8873912,0.985161,-0.02345027,0.1700229,-0.07802325,0.8211554,0.5653461,-0.1528727,-0.5702227,0.8071406,moving,4.028378099750957,-6.053738180077371,-17.338279526556363,-8.917748815374926,-0.4012409,-0.58984583,0.697155,0.0698607049926931,-0.1052035132634078,0.9919937376624725,4.701301033067874,-5.3964393024629285,21.335331076790904,21.557750695258868,22.31911136066781
4214,05/05/2023 12:22:32.368640,4412,True,True,True,True,Eyes,1.043894,0.05579215,-3.466676,-0.07461645,-0.653684,0.75308,0.0,0.0,0.0,0.0,0.0,0.0,0.0,-0.6702068,2.036377,3.071128,1.324785,0.06206651,-3.502703,0.2988349,-0.09024194,0.01446622,0.9499185,34.77453,348.5685,358.1546,0.2809866,0.01556292,-0.9595853,0.0,0.0,0.0,0.9136994,-0.5291454,-2.805132,-0.2805084,-0.134361,0.8934554,0.9832942,-0.02645142,0.180091,-0.08141834,0.8209769,0.5651267,-0.1627989,-0.5703484,0.8051082,moving,4.587758979726563,-6.046331749128505,-17.430152381955004,-8.552256945891916,-0.4110856,-0.59121191,0.6975709999999999,0.0795438243018707,-0.104998873858736,0.9912859775919524,5.252670791609294,-5.3849214242897006,21.950211889105475,22.160055997732496,22.90289242496652
4215,05/05/2023 12:22:32.378685,4413,True,True,True,True,Eyes,1.043894,0.05579215,-3.466676,-0.07461645,-0.653684,0.75308,0.0,0.0,0.0,0.0,0.0,0.0,0.0,-0.6407403,2.070625,3.057595,1.332202,0.06216051,-3.502613,0.3035455,-0.09519646,0.01540717,0.9479243,35.33878,347.8907,357.992,0.2817184,0.01554752,-0.9593709,0.0,0.0,0.0,0.9115721,-0.5309438,-2.804873,-0.2837142,-0.13368,0.8992935,0.9814005,-0.02858325,0.1898316,-0.08700258,0.8152454,0.5725428,-0.1711245,-0.5784097,0.7975956,moving,5.09561189647947,-5.487296755937295,-17.509738045745102,-8.455104753076293,-0.4206299000000001,-0.59310431,0.69774,0.0884141809886172,-0.0952505643108356,0.9915191049420992,5.751949116941992,-4.806448975448342,22.59421983004955,22.79933618152762,23.5460990110536
4216,05/05/2023 12:22:32.398819,4414,True,True,True,True,Eyes,1.043894,0.05579215,-3.466676,-0.07461645,-0.653684,0.75308,0.0,0.0,0.0,0.0,0.0,0.0,0.0,-0.6094673,2.077708,3.061137,1.339636,0.06248412,-3.501478,0.3038649,-0.1001632,0.01704176,0.947282,35.38764,347.2871,357.9906,0.2823775,0.01553365,-0.9591773,0.0,0.0,0.0,0.9094368,-0.5327489,-2.804612,-0.2854279,-0.1275355,0.9065556,0.9793538,-0.02858548,0.2001224,-0.09315886,0.8147514,0.5722776,-0.1794088,-0.5791054,0.7952669,moving,5.55220210555183,-5.457666209486538,-17.47654340316363,-8.00789696915985,-0.4301992,-0.59523302,0.696866,0.0963180843652507,-0.0946680527073903,0.9908383618367838,6.2019447375090655,-4.772791859667663,22.982050880154183,23.169523012629465,23.89846659719908
4217,05/05/2023 12:22:32.418670,4415,True,True,True,True,Eyes,1.043894,0.05579215,-3.466676,-0.07461645,-0.653684,0.75308,0.0,0.0,0.0,0.0,0.0,0.0,0.0,-0.5778629,2.081801,3.067153,1.346792,0.06219506,-3.501076,0.3036507,-0.1051745,0.01841831,0.9467816,35.37012,346.6726,357.9622,0.2829699,0.01552117,-0.959003,0.0,0.0,0.0,0.9073498,-0.5345133,-2.804358,-0.287042,-0.1242869,0.91326,0.9771982,-0.02899639,0.2103401,-0.09874886,0.814914,0.5711075,-0.1879691,-0.578856,0.7934692,moving,6.022510822252143,-5.495184508583897,-17.44818355059173,-7.749856407216098,-0.4394422,-0.5967083599999999,0.6967179999999997,0.1044422736429302,-0.0952383591849463,0.9899602715678324,6.665621049768975,-4.8080972740508265,23.39968202972104,23.578741266529192,24.29258156520089
4218,05/05/2023 12:22:32.438681,4416,True,True,True,True,Eyes,1.043894,0.05579215,-3.466676,-0.07461645,-0.653684,0.75308,0.0,0.0,0.0,0.0,0.0,0.0,0.0,-0.5470258,2.096489,3.064799,1.35406,0.06206493,-3.500024,0.3052929,-0.1102114,0.01949455,0.9456585,35.57038,346.0173,357.8565,0.2835027,0.01550993,-0.9588457,0.0,0.0,0.0,0.9052334,-0.5363024,-2.8041,-0.288342,-0.1184173,0.9206405,0.9749469,-0.03042314,0.2203477,-0.1041639,0.8128324,0.5731086,-0.1965415,-0.5817026,0.7892994,moving,6.520619351463062,-5.310925766802073,-17.390408537865518,-7.329420980477143,-0.4488266000000001,-0.59836733,0.6959239999999998,0.1130794996130983,-0.0919667671446561,0.9893204806203166,7.156177330970428,-4.615125643151464,23.83327006634726,23.996074213334943,24.696199646795144
4219,05/05/2023 12:22:32.448830,4417,True,True,True,True,Eyes,1.057297,0.05580272,-3.467566,-0.09249672,-0.6537908,0.7510006,0.0,0.0,0.0,0.0,0.0,0.0,0.0,-0.514816,2.095973,3.07264,1.361135,0.06160208,-3.498967,0.3045484,-0.1154487,0.02030383,0.9452565,35.48155,345.3542,357.7524,0.2839836,0.01549979,-0.9587036,0.0,0.0,0.0,0.9051973,-0.5363329,-2.804096,-0.2885524,-0.1122303,0.9259062,0.9725187,-0.03193479,0.2306242,-0.1087041,0.8136761,0.5710646,-0.2058903,-0.5804408,0.7878438,moving,6.002767498778872,-5.368326826491062,-17.309291870124348,-6.911181103254916,-0.4559377,-0.59793498,0.694871,0.104122792172143,-0.0930494100486737,0.9902021036210882,6.645860944772992,-4.677770124390824,23.21770120415316,23.363058689704925,24.059041356329946
4311,05/05/2023 12:22:33.989001,4509,True,True,True,True,Eyes,1.974679,0.05856558,-3.308015,-0.822929,-0.45027,0.3464748,0.0,0.0,0.0,0.0,0.0,0.0,0.0,1.84464,1.902898,2.80351,1.985156,0.06198783,-3.30737,0.2628009,-0.47639,0.1397651,0.8273173,34.61122,299.7162,358.668,0.4618428,0.01356745,-0.8868577,0.6945972,0.02216619,0.2107269,0.9051973,-0.5363329,-2.804096,-0.221789,0.1803361,1.257235,0.5070366,-0.01913128,0.8617122,-0.4816516,0.8228027,0.3016741,-0.7147907,-0.5680048,0.4079765,moving,-6.374540615940669,7.539027421541245,-10.004620833699263,8.162751635544199,-1.0799587,-0.59832073,0.5032740000000002,-0.1100792689892042,0.1304041551913831,0.9853310661009648,-5.584986756354341,8.510286333269045,3.638159093549283,3.683274939845776,4.433277088537465
4312,05/05/2023 12:22:33.998863,4510,True,True,True,True,Eyes,1.974679,0.05856558,-3.308015,-0.822929,-0.45027,0.3464748,0.0,0.0,0.0,0.0,0.0,0.0,0.0,1.862841,1.890012,2.796483,1.989921,0.06134751,-3.301376,0.2613353,-0.4796855,0.1402753,0.8257897,34.48512,299.2862,358.6763,0.4690736,0.01380014,-0.883051,0.6529214,0.02083622,0.1980833,0.9058666,-0.5340489,-2.803994,-0.2105381,0.1815272,1.261949,0.5004493,-0.0190417,0.8655565,-0.4823934,0.8240533,0.29704,-0.7189209,-0.5661921,0.4032113,moving,-5.983137416196782,7.442989124628949,-9.471743114246626,8.185658173842338,-1.0840544,-0.5953964100000001,0.497382,-0.1033669220618468,0.1288457070050816,0.9862626740305348,-5.198950492705585,8.414246679730551,3.521634638921657,3.566781046423422,4.278902837377799
4313,05/05/2023 12:22:34.018839,4511,True,True,True,True,Eyes,1.975387,0.05847986,-3.307081,-0.8232127,-0.4502032,0.3458872,0.0,0.0,0.0,0.0,0.0,0.0,0.0,1.879963,1.87812,2.788748,1.99441,0.06094357,-3.295045,0.26007,-0.4829979,0.1403214,0.8242492,34.35194,298.8336,358.6183,0.4749473,0.01398924,-0.8799027,0.6137461,0.01958605,0.1861983,0.9065627,-0.5316729,-2.803887,-0.1994882,0.1795318,1.266634,0.4940459,-0.01990689,0.869208,-0.4825461,0.825347,0.2931751,-0.7232345,-0.5642748,0.3981533,moving,-5.6175877439600175,7.335136874235263,-8.95026490605532,8.067325098165117,-1.0878473,-0.5926164700000001,0.491158,-0.0970948924657907,0.1270696318389638,0.9871301415602384,-4.838370466765717,8.305876857793752,3.3703822772777734,3.4121601167021978,4.118808422575961
4314,05/05/2023 12:22:34.028879,4512,True,True,True,True,Eyes,1.976245,0.05837803,-3.305917,-0.8236307,-0.4500469,0.3450944,0.0,0.0,0.0,0.0,0.0,0.0,0.0,1.897004,1.865244,2.781301,1.9988,0.06028833,-3.288549,0.2586521,-0.4865156,0.1396866,0.8227329,34.16116,298.3404,358.4885,0.4797499,0.01414108,-0.877291,0.5769213,0.01841088,0.1750264,0.9072556,-0.529308,-2.803781,-0.1891614,0.1895424,1.269664,0.4875803,-0.02182711,0.8728053,-0.481526,0.8271735,0.2896837,-0.7282844,-0.5615225,0.3928033,moving,-5.2367173335198505,7.170008021256576,-8.473904110518552,8.490723310812424,-1.0915444,-0.58959633,0.4847680000000003,-0.0905629122765544,0.124300985041177,0.9881029860957018,-4.462553676964646,8.13870863513756,3.4456287408554047,3.496236134079308,4.026766274898953
4315,05/05/2023 12:22:34.048744,4513,True,True,True,True,Eyes,1.977221,0.05826782,-3.304551,-0.8239135,-0.4501038,0.3443446,0.0,0.0,0.0,0.0,0.0,0.0,0.0,1.908589,1.859532,2.772418,2.003274,0.05978417,-3.281797,0.2582048,-0.489521,0.1384364,0.8213006,34.03248,297.8699,358.2438,0.4836946,0.01426223,-0.8751203,0.5423061,0.01730623,0.1645248,0.9079428,-0.5269626,-2.803676,-0.1789565,0.197781,1.272305,0.482409,-0.02539763,0.8755777,-0.4801892,0.8283312,0.2885925,-0.7325979,-0.5596627,0.3873988,moving,-4.885761245535021,7.04295644105521,-8.00643383154616,8.835961690135761,-1.0953312000000002,-0.58674677,0.4781210000000002,-0.0845312839874465,0.1221746026496038,0.9889023805718616,-4.11631345008131,8.010491789561557,3.543970931928771,3.5990922761596225,3.976736996463585
4316,05/05/2023 12:22:34.068617,4514,True,True,True,True,Eyes,1.978315,0.05814986,-3.302947,-0.8243593,-0.4499696,0.3434517,0.0,0.0,0.0,0.0,0.0,0.0,0.0,1.923925,1.856559,2.758553,2.007493,0.05945529,-3.274804,0.2582949,-0.4927389,0.1382481,0.8193776,34.02279,297.366,358.0648,0.4869528,0.01435818,-0.87331,0.5097677,0.01626785,0.1546533,0.908622,-0.5246448,-2.803572,-0.168164,0.1933039,1.276444,0.4761916,-0.02798921,0.8788961,-0.4810987,0.8283424,0.2870418,-0.736061,-0.5595226,0.3809841,moving,-4.5134291101542825,7.055421686014494,-7.5051604534673775,8.611404704550546,-1.0988710000000002,-0.5841000900000001,0.4712320000000001,-0.0781005234464939,0.1224541814052436,0.9893964060715484,-3.7493313907498633,8.02590794077586,3.324231998558218,3.3721713456665485,3.801191709022863
4317,05/05/2023 12:22:34.078554,4515,True,True,True,True,Eyes,1.979523,0.05801429,-3.301144,-0.8247398,-0.4497563,0.3428168,0.0,0.0,0.0,0.0,0.0,0.0,0.0,1.93498,1.839548,2.756387,2.011437,0.05911128,-3.267472,0.2562284,-0.4957074,0.1369731,0.8184496,33.72567,296.9734,357.9454,0.4896639,0.0144334,-0.8717915,0.4791816,0.01529178,0.1453741,0.9093127,-0.5222874,-2.803466,-0.1568797,0.1951075,1.279611,0.4710252,-0.02981755,0.8816158,-0.4782397,0.8311707,0.283623,-0.7412302,-0.5552172,0.3772424,moving,-4.205899127684888,6.784967446203923,-6.989555414463508,8.669349657584009,-1.1021242999999998,-0.58139868,0.4640060000000003,-0.072829967125431,0.1178296868985747,0.9903594227500756,-3.4455587982200564,7.749908005494577,3.315331422546976,3.3614935135275568,3.661322843937964
4318,05/05/2023 12:22:34.098558,4516,True,True,True,True,Eyes,1.980843,0.05786888,-3.299116,-0.8251999,-0.4495278,0.3420087,0.0,0.0,0.0,0.0,0.0,0.0,0.0,1.947825,1.831786,2.747054,2.015746,0.05850695,-3.260232,0.2555097,-0.4984798,0.1372978,0.8169345,33.66594,296.5848,357.9063,0.492137,0.01449761,-0.8703967,0.4504308,0.01437428,0.1366517,0.9099874,-0.5199848,-2.803363,-0.1451062,0.1978451,1.282043,0.4653344,-0.03040635,0.8846126,-0.4790595,0.8317282,0.2805891,-0.7442889,-0.5543498,0.3724652,moving,-3.913607562129584,6.757614285236618,-6.457459807760027,8.77269181380208,-1.1057586,-0.57849175,0.4568689999999997,-0.0677802638052796,0.1173987663000494,0.990769112517267,-3.157379687226465,7.72381536648107,3.2027446424694683,3.24526142147725,3.4627547709425737
4319,05/05/2023 12:22:34.118454,4517,True,True,True,True,Eyes,1.982233,0.05773125,-3.296916,-0.8256543,-0.4491067,0.3414645,0.0,0.0,0.0,0.0,0.0,0.0,0.0,1.960773,1.822206,2.738256,2.019753,0.05812044,-3.252742,0.2545789,-0.501114,0.1381962,0.8154607,33.62138,296.2384,357.952,0.4944086,0.01455196,-0.8691075,0.4234049,0.01351182,0.1284526,0.9106651,-0.5176717,-2.803259,-0.134655,0.1964402,1.2847,0.4595732,-0.02975903,0.8876412,-0.4805332,0.8321828,0.2766942,-0.7469139,-0.5537024,0.3681487,moving,-3.636423115493373,6.761138168350134,-5.983571979513701,8.693614606545768,-1.1090879,-0.57579214,0.4494829999999998,-0.062985623899534,0.1174966754400557,0.9910737602702188,-2.884164567574436,7.729372398391945,3.002856070538403,3.040324484993864,3.24593427862756
4320,05/05/2023 12:22:34.138464,4518,True,True,True,True,Eyes,1.983704,0.05760573,-3.294494,-0.8262086,-0.4485963,0.3407943,0.0,0.0,0.0,0.0,0.0,0.0,0.0,1.972814,1.80676,2.733485,2.02352,0.05809011,-3.245044,0.2528225,-0.5037053,0.1388461,0.8142994,33.47832,295.9297,358.037,0.4965025,0.01459768,-0.8679122,0.3980006,0.01270111,0.1207454,0.9113663,-0.5152785,-2.803152,-0.1248281,0.1991126,1.286468,0.4540054,-0.02857146,0.8905407,-0.4808206,0.8336051,0.2718713,-0.750127,-0.5516214,0.3647235,moving,-3.393566633409115,6.670488614411132,-5.542153531301088,8.798122377913153,-1.1121537,-0.57336861,0.4418920000000002,-0.0587949695292428,0.1159582249453914,0.9915124243425842,-2.64456495561795,7.637838822535983,2.9895694705786133,3.0237809261563284,3.121262161819818
4321,05/05/2023 12:22:34.154083,4519,True,True,True,True,Eyes,1.985231,0.05747671,-3.291901,-0.8268398,-0.4477446,0.3403831,0.0,0.0,0.0,0.0,0.0,0.0,0.0,1.981984,1.791863,2.729916,2.026929,0.05823355,-3.237228,0.251129,-0.5060796,0.1388852,0.813344,33.30409,295.6389,358.0623,0.4984414,0.01463604,-0.8667995,0.3741206,0.01193904,0.1135007,0.9120551,-0.5129279,-2.803047,-0.1165269,0.2004027,1.287829,0.4491886,-0.02825973,0.8929899,-0.4801054,0.8352903,0.2679347,-0.7534774,-0.5490825,0.3616352,moving,-3.161806826933317,6.565894861655577,-5.170226729143989,8.845017923804162,-1.1148739,-0.57116145,0.4341810000000001,-0.0547952559766005,0.1141740325410947,0.9919484395242396,-2.4158705884171754,7.53188716732399,3.006636982070129,3.037787424428094,3.051358735641173
4322,05/05/2023 12:22:34.168541,4520,True,True,True,True,Eyes,1.986827,0.05734129,-3.289104,-0.8276061,-0.4466778,0.3399223,0.0,0.0,0.0,0.0,0.0,0.0,0.0,1.989582,1.766311,2.734367,2.030325,0.05792071,-3.22947,0.2477487,-0.5085091,0.137927,0.8130285,32.89681,295.3942,358.1103,0.5002434,0.01466771,-0.8657603,0.3516733,0.0112227,0.1066907,0.9127268,-0.5106353,-2.802944,-0.1093509,0.2007244,1.289117,0.4447892,-0.0276878,0.8952073,-0.4762421,0.8391935,0.2625792,-0.7585223,-0.5431278,0.3600781,moving,-2.966252947461427,6.239929856772641,-4.848576354131218,8.850280381985192,-1.1175982,-0.56855601,0.4265259999999999,-0.0514419912741628,0.1085482550859062,0.9927593271578432,-2.2223431356908057,7.198017173897776,3.1901036049100915,3.218240399935096,3.102752749807694
4323,05/05/2023 12:22:34.188723,4521,True,True,True,True,Eyes,1.988454,0.05719605,-3.286148,-0.8284451,-0.4453398,0.339634,0.0,0.0,0.0,0.0,0.0,0.0,0.0,1.996341,1.738754,2.740436,2.033613,0.05758532,-3.221759,0.2440489,-0.5106804,0.1374347,0.8128698,32.48851,295.211,358.2453,0.5019267,0.01469327,-0.8647851,0.3305729,0.01054934,0.1002892,0.9134327,-0.5082261,-2.802836,-0.1040296,0.2015667,1.289806,0.4406344,-0.02582894,0.8973151,-0.4726951,0.8431036,0.2563896,-0.7631519,-0.5371305,0.3592913,moving,-2.8110285356782745,5.931298883256158,-4.611222503394735,8.882155721622505,-1.1201803,-0.5658114200000001,0.4189229999999999,-0.0487801059167642,0.1032128831497854,0.9934624689200432,-2.0686096787303976,6.881692860183092,3.4306280823390827,3.456624712336612,3.235232856556993
4324,05/05/2023 12:22:34.198857,4522,True,True,True,True,Eyes,1.990122,0.05707366,-3.282993,-0.8294346,-0.4437165,0.3393433,0.0,0.0,0.0,0.0,0.0,0.0,0.0,2.003587,1.704966,2.749284,2.036494,0.05711469,-3.213916,0.2394535,-0.5128285,0.1372403,0.8129171,32.0104,295.0729,358.4817,0.5035061,0.01471312,-0.8638662,0.3107386,0.009916378,0.09427187,0.9141006,-0.5059467,-2.802734,-0.1004642,0.2024277,1.290352,0.436344,-0.02246715,0.8994994,-0.4687271,0.8476543,0.2485501,-0.7680488,-0.530073,0.3593379,moving,-2.690001996953564,5.5727808703557695,-4.45195243011125,8.915773893642463,-1.1223933999999998,-0.56306139,0.4111820000000001,-0.0467108119641245,0.0970040907323292,0.9941872407807024,-1.948467850085124,6.513824509703335,3.7542319722465782,3.778898210146453,3.4694085786246256
4325,05/05/2023 12:22:34.218649,4523,True,True,True,True,Eyes,1.991782,0.05698249,-3.279704,-0.8305476,-0.4418007,0.3391205,0.0,0.0,0.0,0.0,0.0,0.0,0.0,2.010033,1.665296,2.761573,2.039151,0.05748792,-3.205977,0.234101,-0.5148945,0.1369605,0.8132172,31.45242,294.973,358.7696,0.5049948,0.01472848,-0.8629964,0.2920943,0.009321395,0.08861556,0.9147973,-0.5035688,-2.802627,-0.09837043,0.2038435,1.290372,0.4322508,-0.01831748,0.9015673,-0.4638319,0.8528771,0.2397095,-0.773317,-0.5217904,0.3601606,moving,-2.5995621716780266,5.1529565186104325,-4.359463648415479,8.97698275065736,-1.1243537,-0.5610567200000001,0.4033499999999996,-0.0451724220550581,0.0897231776761605,0.9949417528578606,-1.8583311868065775,6.082693302208584,4.185443287076052,4.209564090402435,3.825254893718288
4326,05/05/2023 12:22:34.238772,4524,True,True,True,True,Eyes,1.993469,0.05690045,-3.276235,-0.8318309,-0.4395389,0.3389143,0.0,0.0,0.0,0.0,0.0,0.0,0.0,2.01555,1.621197,2.776091,2.041316,0.05805542,-3.197977,0.2281435,-0.5168657,0.1365273,0.8137326,30.8257,294.9033,359.0895,0.5064039,0.01474067,-0.8621703,0.2745686,0.008762112,0.08329862,0.9154848,-0.5012224,-2.802522,-0.09655368,0.2040977,1.290464,0.4284202,-0.01364571,0.9034767,-0.4580325,0.8586217,0.230163,-0.7788854,-0.5124282,0.3616006,moving,-2.5403073481591574,4.685900345316021,-4.278949010384874,8.987364408515614,-1.1258312,-0.5592778199999999,0.3954549999999996,-0.0441743462550433,0.0816135020637316,0.9956846172188974,-1.7988225916530356,5.602769786137676,4.616188518167297,4.639554711028263,4.19601094025281
4327,05/05/2023 12:22:34.248393,4525,True,True,True,True,Eyes,1.995148,0.05689386,-3.272625,-0.8331297,-0.4373776,0.3385198,0.0,0.0,0.0,0.0,0.0,0.0,0.0,2.022096,1.573035,2.791749,2.043679,0.05813534,-3.190168,0.22155,-0.5189998,0.1360259,0.81428,30.13255,294.8248,359.4407,0.5077435,0.0147503,-0.8613818,0.2580945,0.008236385,0.07830071,0.916193,-0.4988054,-2.802414,-0.09480032,0.204575,1.290267,0.4242724,-0.008442323,0.9054954,-0.4514952,0.8648251,0.2196126,-0.7849492,-0.5020023,0.3631098,moving,-2.485505288234367,4.146660275313031,-4.2021657418743095,9.00939069020479,-1.127486,-0.55694074,0.3877539999999997,-0.043253333117859,0.0722420367929636,0.9964487715332334,-1.743533040562322,5.048578801515188,5.134126996027775,5.15684692433319,4.661856451838214
4328,05/05/2023 12:22:34.268604,4526,True,True,True,True,Eyes,1.996824,0.05695118,-3.268819,-0.834576,-0.4349498,0.3380852,0.0,0.0,0.0,0.0,0.0,0.0,0.0,2.029758,1.543018,2.795068,2.045672,0.05995972,-3.181958,0.2178982,-0.5205587,0.1385021,0.8138525,29.92535,294.7672,359.9063,0.5090221,0.01475962,-0.8606266,0.2426088,0.007742202,0.07360266,0.9169047,-0.4963764,-2.802305,-0.09294808,0.2044228,1.289957,0.4196716,-0.001417,0.9076748,-0.4522983,0.866675,0.2104771,-0.7869573,-0.4988711,0.363078,moving,-2.4570322691959583,4.1140467766953455,-4.121334798440148,9.00492577988415,-1.1287673000000005,-0.55633612,0.3796529999999998,-0.0427598966763532,0.0716763615270624,0.9965109739433629,-1.7153900589542894,5.0152365078999335,5.144517745846482,5.166294642457176,4.658990295809343
4329,05/05/2023 12:22:34.278527,4527,True,True,True,True,Eyes,1.998525,0.05701593,-3.264869,-0.8360375,-0.4327061,0.3373525,0.0,0.0,0.0,0.0,0.0,0.0,0.0,2.042026,1.491839,2.805386,2.047265,0.06153143,-3.173415,0.2112962,-0.5231774,0.1395625,0.8137332,29.33463,294.6272,0.3971326,0.5102485,0.01477042,-0.8598999,0.2280523,0.00727767,0.0691865,0.917557,-0.4941502,-2.802205,-0.09060705,0.2029157,1.28982,0.4136154,0.00604246,0.9104317,-0.448224,0.8717524,0.1978456,-0.7924757,-0.4899094,0.3632786,moving,-2.370532380761385,3.6876954962653183,-4.018302801465207,8.94054755913153,-1.129708,-0.55568163,0.37121,-0.0412762965104282,0.0642631859421402,0.9970789787768364,-1.6291216504419108,4.577365305904178,5.484448444434908,5.505234068929702,4.974489516250197
4330,05/05/2023 12:22:34.298968,4528,True,True,True,True,Eyes,2.000255,0.05707918,-3.260747,-0.8374013,-0.4306951,0.3365425,0.0,0.0,0.0,0.0,0.0,0.0,0.0,2.048758,1.462914,2.808487,2.049798,0.06180008,-3.16538,0.207561,-0.5250618,0.1404658,0.8133252,29.02136,294.488,0.68958,0.5114304,0.01478279,-0.8591972,0.2143691,0.006841009,0.06503531,0.9182323,-0.4918455,-2.802102,-0.08941329,0.2025301,1.28946,0.4091588,0.01052397,0.9124025,-0.4464535,0.8743756,0.1901227,-0.7957817,-0.4851356,0.3624569,moving,-2.302541425917532,3.514728641572462,-3.966634743119031,8.926282851848894,-1.1315657,-0.55364558,0.3632779999999997,-0.0401006674880633,0.0612558120955289,0.9973162601018192,-1.5616947346683954,4.3999543429756205,5.641178397296256,5.661636295199053,5.125562038887589
4331,05/05/2023 12:22:34.318708,4529,True,True,True,True,Eyes,2.000255,0.05707918,-3.260747,-0.8374013,-0.4306951,0.3365425,0.0,0.0,0.0,0.0,0.0,0.0,0.0,2.05087,1.464328,2.798615,2.052226,0.06188117,-3.157072,0.2081049,-0.5258843,0.1430156,0.8122097,29.24,294.3862,0.8824796,0.5125746,0.01479658,-0.8585149,0.201507,0.006430549,0.06113319,0.9189054,-0.4895482,-2.801999,-0.08746332,0.2046704,1.288579,0.4059845,0.01343913,0.9137812,-0.4511954,0.8724778,0.1876304,-0.7947322,-0.4884689,0.3602762,moving,-2.195850739532589,3.7413850395018966,-3.883040498081452,9.02513632907315,-1.1333206000000002,-0.55142937,0.3550729999999999,-0.0382339048235633,0.0652053810247982,0.9971391515326752,-1.4570627562439584,4.633799634206926,5.526430357638703,5.546587867454915,5.016892062977792
4332,05/05/2023 12:22:34.338797,4530,True,True,True,True,Eyes,2.000255,0.05707918,-3.260747,-0.8374013,-0.4306951,0.3365425,0.0,0.0,0.0,0.0,0.0,0.0,0.0,2.04861,1.445461,2.801672,2.05388,0.06293175,-3.148515,0.2057698,-0.5265287,0.1440323,0.8122076,29.07341,294.3856,1.132937,0.5136036,0.01480897,-0.8578995,0.1894166,0.006044716,0.0574652,0.9195833,-0.4872345,-2.801895,-0.08754027,0.2001098,1.288291,0.4040445,0.01728088,0.9145761,-0.4506556,0.873827,0.1825812,-0.7960261,-0.4859298,0.3608527,moving,-2.1818267183240763,3.5843595071187275,-3.887312481382712,8.829176920145368,-1.1342967,-0.55016625,0.3466200000000001,-0.0379964931242344,0.0624729336330135,0.9973231471220828,-1.4428691382761898,4.4724069397953565,5.495325684122266,5.515142009412193,4.99567291957118
4333,05/05/2023 12:22:34.348697,4531,True,True,True,True,Eyes,2.002118,0.05720784,-3.255836,-0.8389581,-0.4286109,0.3353237,0.0,0.0,0.0,0.0,0.0,0.0,0.0,2.046971,1.409781,2.813137,2.055666,0.06325594,-3.14031,0.2008993,-0.5277796,0.1429763,0.8128014,28.5224,294.3434,1.327905,0.5145287,0.0148201,-0.8573449,0.1780516,0.005682033,0.05401729,0.9202695,-0.4848925,-2.80179,-0.08769655,0.2014717,1.287338,0.4020129,0.02036162,0.9154076,-0.4444837,0.8783945,0.1756624,-0.8005123,-0.4775023,0.3621764,moving,-2.240912328140061,3.17350171409814,-3.897104885944557,8.894784683229187,-1.1353965,-0.54814844,0.3385199999999999,-0.0390414559404241,0.0553175305734355,0.997705225237103,-1.5001422885367506,4.049454534409271,5.936326833699732,5.956177683833481,5.405798178292934
4334,05/05/2023 12:22:34.368525,4532,True,True,True,True,Eyes,2.003988,0.05732527,-3.250823,-0.8405053,-0.4266491,0.3339483,0.0,0.0,0.0,0.0,0.0,0.0,0.0,2.047009,1.400373,2.810539,2.057541,0.06355333,-3.132555,0.1998529,-0.5291061,0.1420233,0.8123636,28.35918,294.1631,1.254266,0.5154541,0.01483473,-0.8567886,0.1673685,0.005341111,0.05077625,0.9209426,-0.4825954,-2.801687,-0.08851823,0.2028448,1.286168,0.3997521,0.01926231,0.9164208,-0.442236,0.8797764,0.1744157,-0.8028857,-0.4749973,0.360211,moving,-2.1910539054899014,3.131718558835193,-3.937072013266789,8.962440180681899,-1.1365984,-0.54614873,0.3308680000000001,-0.0381747735914865,0.0545917678939056,0.9977787863405628,-1.4508978985193186,4.006830979933114,6.065793120557569,6.086533813604873,5.544287535778278
4335,05/05/2023 12:22:34.388417,4533,True,True,True,True,Eyes,2.00587,0.05742973,-3.245733,-0.8420059,-0.4252549,0.3319403,0.0,0.0,0.0,0.0,0.0,0.0,0.0,2.052542,1.406641,2.796433,2.059698,0.06323494,-3.12494,0.2011177,-0.531092,0.1412599,0.8108877,28.43827,293.8097,1.007908,0.5163811,0.01485226,-0.8562298,0.1573264,0.005020645,0.04772968,0.9216281,-0.4802557,-2.801582,-0.0899632,0.2016089,1.285263,0.3959738,0.01546782,0.9181316,-0.4427159,0.8791946,0.1761237,-0.8044922,-0.4762117,0.3549858,moving,-2.0220138010184976,3.289758443263345,-4.003941816399819,8.914884216473865,-1.1380699,-0.54349064,0.3233580000000002,-0.0352254020967486,0.0573499604766623,0.9977325199938898,-1.2846458055001493,4.170543468644286,5.941813098593398,5.964065611861643,5.468394638868978
4336,05/05/2023 12:22:34.398773,4534,True,True,True,True,Eyes,2.007775,0.05754298,-3.240555,-0.8433862,-0.4242338,0.3297356,0.0,0.0,0.0,0.0,0.0,0.0,0.0,2.055879,1.4238,2.77863,2.062029,0.06301005,-3.117482,0.2039176,-0.5328494,0.1400851,0.8092377,28.64126,293.4303,0.6143034,0.5173103,0.01487209,-0.8556684,0.1478868,0.004719406,0.0448659,0.9223036,-0.4779505,-2.801479,-0.09191322,0.1992198,1.284302,0.3928956,0.009409533,0.919535,-0.444039,0.8775876,0.1807471,-0.8052717,-0.4793241,0.3489785,moving,-1.8459714540083263,3.544550344930534,-4.093489117932298,8.817397985561609,-1.1397254,-0.54096055,0.3160029999999998,-0.0321511506276161,0.0617926638206499,0.9975711180319466,-1.1117195124987007,4.433807910010334,5.707762954888503,5.731863387325186,5.3015857939261215
4337,05/05/2023 12:22:34.418681,4535,True,True,True,True,Eyes,2.009662,0.05768632,-3.235297,-0.8447981,-0.4235075,0.3270437,0.0,0.0,0.0,0.0,0.0,0.0,0.0,2.06369,1.449567,2.752897,2.064305,0.06351106,-3.110162,0.208187,-0.5345456,0.1415914,0.8067659,29.16264,293.0454,0.3865465,0.518244,0.01489426,-0.8551029,0.1390136,0.004436241,0.04217394,0.9229997,-0.4755747,-2.801372,-0.0945189,0.1920587,1.283836,0.3884259,0.005891283,0.9214612,-0.451033,0.8732201,0.1845423,-0.8035512,-0.4872904,0.3418384,moving,-1.6820825665706416,4.105928073211745,-4.2106478247361725,8.50821211517743,-1.1413053,-0.53908576,0.3087899999999997,-0.0292783872522537,0.071569948587048,0.9970057835984224,-0.9514954189775122,5.012291071999961,5.050781110697088,5.076785109786257,4.7794914315325965
4338,05/05/2023 12:22:34.428379,4536,True,True,True,True,Eyes,2.01156,0.05784145,-3.229958,-0.8462546,-0.4227947,0.3241878,0.0,0.0,0.0,0.0,0.0,0.0,0.0,2.074434,1.444072,2.740243,2.065827,0.06442966,-3.10254,0.2080737,-0.5370396,0.1417459,0.80511,29.16266,292.6715,0.3119511,0.5191817,0.01491934,-0.8545335,0.1306728,0.004170067,0.03964351,0.9237174,-0.4731252,-2.801262,-0.09803259,0.1850088,1.28316,0.3829931,0.004754425,0.923739,-0.4517297,0.8732269,0.1827981,-0.8057647,-0.4872908,0.3365876,moving,-1.5314184989433484,4.15007692295742,-4.368873336793368,8.20448890213589,-1.1421096,-0.53755486,0.3012779999999999,-0.0266550861117849,0.0723434715182583,0.9970235025069124,-0.8030884012830866,5.058745934183756,4.920864758926916,4.948677242834126,4.755052158150567
4339,05/05/2023 12:22:34.448417,4537,True,True,True,True,Eyes,2.013456,0.05802715,-3.224549,-0.847762,-0.422285,0.3208972,0.0,0.0,0.0,0.0,0.0,0.0,0.0,2.091323,1.433644,2.726132,2.067953,0.06486347,-3.095178,0.2072858,-0.5402728,0.1424102,0.8030301,29.13009,292.216,0.3107525,0.5201246,0.0149474,-0.8539594,0.1228324,0.003919863,0.0372649,0.9243957,-0.47081,-2.801159,-0.1021215,0.1763638,1.282304,0.3756493,0.004737658,0.9267498,-0.4527011,0.8735039,0.1790327,-0.8086714,-0.4867941,0.3302758,moving,-1.3254322002611083,4.15101655800727,-4.553372502397066,7.831137581848127,-1.1435573,-0.53567347,0.294019,-0.0230704463366757,0.0723662795856353,0.9971112871297768,-0.6000479038712236,5.061148734948512,4.865720249165584,4.895190429826918,4.827174493765247
4340,05/05/2023 12:22:34.468639,4538,True,True,True,True,Eyes,2.015355,0.05826332,-3.219039,-0.8493335,-0.4217308,0.317452,0.0,0.0,0.0,0.0,0.0,0.0,0.0,2.109468,1.424877,2.709489,2.069887,0.06582882,-3.087507,0.2068768,-0.5436223,0.1434603,0.8006846,29.16082,291.7332,0.3154173,0.5210728,0.01497896,-0.8533806,0.1154625,0.003684671,0.03502901,0.9250863,-0.468453,-2.801053,-0.1068548,0.1652398,1.281794,0.367788,0.004807269,0.9298972,-0.4546585,0.8732423,0.1753097,-0.8111828,-0.4872625,0.3233537,moving,-1.1033692692232064,4.217892521640275,-4.765356674383111,7.345653342737052,-1.1448007,-0.53428182,0.286454,-0.0192041015510694,0.0735360758664169,0.9971076582920596,-0.3813158798533733,5.131474848187628,4.785657265436754,4.815915230725905,4.911456005486162
4341,05/05/2023 12:22:34.488275,4539,True,True,True,True,Eyes,2.017269,0.05853805,-3.213392,-0.8511073,-0.421026,0.3136136,0.0,0.0,0.0,0.0,0.0,0.0,0.0,2.129103,1.405371,2.696646,2.071793,0.06727439,-3.07948,0.2050125,-0.5472956,0.1443539,0.7984982,29.03951,291.25,0.4015844,0.5220274,0.01501507,-0.8527963,0.1085347,0.003463591,0.03292726,0.9257748,-0.4661035,-2.800948,-0.1120606,0.1522813,1.281038,0.359259,0.006127814,0.9332178,-0.4549374,0.8742637,0.1693957,-0.8148404,-0.4854126,0.3168749,moving,-0.9006788106206283,4.143034649972659,-4.999303021139272,6.779129970363849,-1.1460182,-0.53337789,0.2785320000000002,-0.0156780962719247,0.0722377191430202,0.9972642218211544,-0.1813455208342302,5.055901886643676,4.843746008831918,4.873163136735513,5.116857385472797
4342,05/05/2023 12:22:34.498807,4540,True,True,True,True,Eyes,2.019199,0.05885398,-3.207655,-0.8529578,-0.4202262,0.3096336,0.0,0.0,0.0,0.0,0.0,0.0,0.0,2.147916,1.375726,2.689359,2.073659,0.06847195,-3.071492,0.2015925,-0.5512731,0.1436426,0.7967592,28.66019,290.7523,0.4330472,0.5229898,0.01505633,-0.8522057,0.1020226,0.003255775,0.03095163,0.9264407,-0.4638309,-2.800846,-0.1170774,0.1385183,1.28037,0.3509296,0.00663201,0.9363784,-0.4511621,0.8774546,0.1628688,-0.8205492,-0.4796139,0.3109169,moving,-0.6994780191459345,3.814561647089922,-5.224613271935808,6.174594834484875,-1.1472183,-0.53230285,0.2706460000000001,-0.0121808500023836,0.0665225536919766,0.997710584658576,0.0177540579987877,4.719491960088788,5.076519872717789,5.103587532476273,5.440564271933688
4343,05/05/2023 12:22:34.518886,4541,True,True,True,True,Eyes,2.021137,0.05920784,-3.201797,-0.8549067,-0.4193687,0.3053926,0.0,0.0,0.0,0.0,0.0,0.0,0.0,2.164021,1.360956,2.676618,2.075928,0.06973156,-3.063517,0.2002695,-0.5549269,0.1426871,0.7947255,28.46882,290.2245,0.2948859,0.5239602,0.01510335,-0.8516085,0.09590127,0.003060429,0.02909453,0.9271291,-0.4614812,-2.80074,-0.1226595,0.1342327,1.278789,0.3433931,0.004524356,0.9391809,-0.449064,0.8790651,0.1599567,-0.8248774,-0.4766804,0.3038966,moving,-0.4964898959328135,3.6756090446269134,-5.478962437033088,5.992313872195414,-1.1487989,-0.53121276,0.2627770000000002,-0.0086474527185627,0.0641050971000322,0.997905792380531,0.218168855857979,4.578003835288071,5.467068285312693,5.494738745463465,5.870057738126218
4344,05/05/2023 12:22:34.538746,4542,True,True,True,True,Eyes,2.023072,0.05960114,-3.195846,-0.85697,-0.4182815,0.3010701,0.0,0.0,0.0,0.0,0.0,0.0,0.0,2.178305,1.350211,2.662591,2.077777,0.07098598,-3.055369,0.1995122,-0.5584188,0.1413449,0.7927074,28.30525,289.6956,0.08248724,0.52494,0.01515661,-0.8510041,0.0,0.0,0.0,0.9278133,-0.4591461,-2.800636,-0.1267785,0.1216156,1.277645,0.3363802,0.001267531,0.9417254,-0.446913,0.880433,0.1584503,-0.8289253,-0.4741689,0.2967268,moving,-0.3026868717652211,3.579170378190954,-5.666810585246237,5.437448806686665,-1.1499637000000005,-0.53013208,0.2547329999999999,-0.00527255448483,0.0624268257534311,0.9980357162205246,0.4094296350678893,4.480174461027628,5.6524666080616495,5.676884879169371,6.151184389027856
4345,05/05/2023 12:22:34.548588,4543,True,True,True,True,Eyes,2.025012,0.06002262,-3.189749,-0.8591466,-0.4170275,0.2965721,0.0,0.0,0.0,0.0,0.0,0.0,0.0,2.19055,1.328869,2.655294,2.079625,0.07224516,-3.047117,0.1971183,-0.5619403,0.1388052,0.7912653,27.90105,289.2066,359.8785,0.5259292,0.01521659,-0.8503921,0.0,0.0,0.0,0.9284831,-0.4568601,-2.800533,-0.1313666,0.1164768,1.276183,0.3299124,-0.001873843,0.9440098,-0.4412009,0.883755,0.1559452,-0.8345656,-0.4679462,0.290735,moving,-0.1546522945916605,3.2535857536421275,-5.877162508909985,5.214918502801398,-1.1511419,-0.52910526,0.2465839999999999,-0.0026948374904295,0.0567550589999025,0.9983844087700078,0.5561159499413427,4.146364287557683,6.025540272210585,6.049293289790322,6.52141701166515
4346,05/05/2023 12:22:34.568414,4544,True,True,True,True,Eyes,2.026944,0.06045923,-3.183563,-0.8614587,-0.4154682,0.292019,0.0,0.0,0.0,0.0,0.0,0.0,0.0,2.202487,1.305266,2.64887,2.081265,0.07332867,-3.038773,0.1943709,-0.5653512,0.1365634,0.7899042,27.48273,288.7521,359.7396,0.526929,0.01528343,-0.8497717,0.0,0.0,0.0,0.929166,-0.4545297,-2.800429,-0.1369909,0.1230797,1.273273,0.3234569,-0.00403172,0.9462343,-0.4355197,0.8871408,0.1526562,-0.8400586,-0.4614813,0.2851959,moving,-0.0373779747511273,2.9337843638174728,-6.140806887781714,5.521286766953208,-1.1520990000000002,-0.52785837,0.2383440000000001,-0.0006515136595629,0.0511818139824958,0.9986891462438864,0.6724679508052911,3.8182872858259023,6.601340237846034,6.629254345901275,7.022885536504398
4347,05/05/2023 12:22:34.588492,4545,True,True,True,True,Eyes,2.028867,0.06090442,-3.177265,-0.8639165,-0.4137135,0.2872098,0.0,0.0,0.0,0.0,0.0,0.0,0.0,2.216012,1.273471,2.64481,2.08297,0.0740432,-3.030381,0.1903942,-0.5690801,0.1339772,0.7886369,26.92292,288.2888,359.6542,0.52794,0.01535696,-0.8491427,0.0,0.0,0.0,0.9298593,-0.4521631,-2.800323,-0.1446074,0.1200157,1.270696,0.3163958,-0.005380455,0.9486121,-0.4280178,0.8916003,0.1478163,-0.8465781,-0.4527913,0.2797957,moving,0.0766677204526781,2.485056473380446,-6.492427385471696,5.395511364173754,-1.1531107,-0.5262063,0.2300580000000001,0.0013368453863391,0.0433587826822126,0.9990586955125658,0.78594125729235,3.357595294765559,7.156350286888277,7.18496751433312,7.558290283253421
4348,05/05/2023 12:22:34.603255,4546,True,True,True,True,Eyes,2.030771,0.06136202,-3.170873,-0.866449,-0.4117574,0.2823508,0.0,0.0,0.0,0.0,0.0,0.0,0.0,2.229164,1.245449,2.638531,2.084529,0.0746594,-3.021809,0.1869625,-0.5726906,0.13172,0.7872231,26.43819,287.828,359.5676,0.5289614,0.01543673,-0.8485054,0.0,0.0,0.0,0.9305439,-0.4498267,-2.800218,-0.1514381,0.1091508,1.268845,0.3093507,-0.006757327,0.950924,-0.4215294,0.8953897,0.1434929,-0.8524171,-0.445232,0.274141,moving,0.1857697779478917,2.124207640010631,-6.806121536335703,4.916693441578901,-1.1539851,-0.5244861000000001,0.2215910000000001,0.0032400605912997,0.0370657301364981,0.9993075772619826,0.8943345001998755,2.987246692369436,7.503394538021051,7.528912345267061,7.938500357665307
4349,05/05/2023 12:22:34.618579,4547,True,True,True,True,Eyes,2.032654,0.06181962,-3.164361,-0.8690742,-0.4096759,0.2772645,0.0,0.0,0.0,0.0,0.0,0.0,0.0,2.241487,1.220092,2.63109,2.085932,0.07534982,-3.013093,0.1839226,-0.5761174,0.1297994,0.7857566,26.01434,287.3853,359.4937,0.5299932,0.01552253,-0.8478597,0.0,0.0,0.0,0.9312529,-0.447407,-2.80011,-0.1554179,0.1065381,1.266736,0.3024818,-0.007940518,0.9531221,-0.4159034,0.8986493,0.1394774,-0.85763,-0.438596,0.2685226,moving,0.2660384410068159,1.831973100929971,-6.99475426759612,4.807514358283461,-1.1546791,-0.52275682,0.2129829999999999,0.0046408566283764,0.0319681690002317,0.9994780686574508,0.9741447064210992,2.68726233451337,7.821484339720475,7.846843730539964,8.246139672743475
4350,05/05/2023 12:22:34.638556,4548,True,True,True,True,Eyes,2.034513,0.06226932,-3.157754,-0.8717462,-0.4074314,0.2721365,0.0,0.0,0.0,0.0,0.0,0.0,0.0,2.252632,1.190795,2.625886,2.087153,0.0757774,-3.004276,0.1802336,-0.5794811,0.1274354,0.784524,25.49854,286.9695,359.433,0.5310357,0.01561384,-0.8472053,0.0,0.0,0.0,0.931922,-0.4451233,-2.800007,-0.1561015,0.1095667,1.264719,0.2959238,-0.008931733,0.9551699,-0.4088362,0.9025522,0.1351024,-0.8632973,-0.430488,0.263435,moving,0.3212533494436549,1.4577570868298002,-7.036305405492511,4.951356334021036,-1.1552309999999997,-0.5209007,0.204269,0.0056050848647595,0.0254395170926251,0.9996606782035606,1.0294523562753668,2.302790678322447,8.117709333009739,8.144869951835512,8.489484572343887
4351,05/05/2023 12:22:34.648761,4549,True,True,True,True,Eyes,2.036338,0.06271325,-3.151045,-0.8743431,-0.4053622,0.2668436,0.0,0.0,0.0,0.0,0.0,0.0,0.0,2.263932,1.168788,2.616841,2.088401,0.07597698,-2.995349,0.1775931,-0.5827604,0.1256114,0.7829896,25.11965,286.5362,359.3492,0.532089,0.01570997,-0.8465424,0.0,0.0,0.0,0.9326127,-0.4427662,-2.799901,-0.1564752,0.1150435,1.262746,0.2892242,-0.01028359,0.9572061,-0.4036934,0.9053649,0.1317044,-0.8679752,-0.4245099,0.2577021,moving,0.384646472554817,1.2096441955305095,-7.06388936509277,5.205607624367662,-1.1557883000000002,-0.51874318,0.1954479999999998,0.0067118005311833,0.0211102288269865,0.9997545631503324,1.0925242126611934,2.0480648680380904,8.42271256442287,8.452716122603693,8.74626541498819
4352,05/05/2023 12:22:34.668228,4550,True,True,True,True,Eyes,2.038131,0.06314099,-3.144244,-0.8769706,-0.4031586,0.2615068,0.0,0.0,0.0,0.0,0.0,0.0,0.0,2.27485,1.148692,2.606706,2.089344,0.07626457,-2.986331,0.1752499,-0.585945,0.123984,0.7813988,24.78256,286.109,359.2672,0.5331528,0.0158104,-0.845871,0.0,0.0,0.0,0.9332973,-0.4404295,-2.799797,-0.1562917,0.1273464,1.260483,0.2825931,-0.01161161,0.9591697,-0.3991355,0.9078309,0.1285844,-0.8722569,-0.4191757,0.2519121,moving,0.4403910380252028,1.0116921187812389,-7.06822838481141,5.769008622236082,-1.1560467,-0.51669407,0.1865339999999999,0.007685000189697,0.0176559204175658,0.9998146356754604,1.1479386157858391,1.8448728378596853,8.852811683506316,8.888837154040063,9.105176650451464
4353,05/05/2023 12:22:34.688930,4551,True,True,True,True,Eyes,2.039894,0.06354784,-3.137328,-0.8794485,-0.4012657,0.2560394,0.0,0.0,0.0,0.0,0.0,0.0,0.0,2.286294,1.128708,2.595856,2.090363,0.07625129,-2.977273,0.1728864,-0.589202,0.1224364,0.7797183,24.44911,285.6717,359.1945,0.5342267,0.0159143,-0.8451911,0.0,0.0,0.0,0.9339693,-0.4381361,-2.799694,-0.1561317,0.1277996,1.258841,0.2757005,-0.01279813,0.9611585,-0.3946619,0.9102393,0.1253258,-0.8764881,-0.413885,0.2459025,moving,0.5022729962742741,0.7979183558209167,-7.070182650420483,5.796900288843723,-1.1563937,-0.51438739,0.1775789999999997,0.0087653552638033,0.0139253173480913,0.9998646181283511,1.2094399880764826,1.625452037274484,9.037307626258048,9.07369301265189,9.27109117372014
4354,05/05/2023 12:22:34.698888,4552,True,True,True,True,Eyes,2.041619,0.06393492,-3.130317,-0.881914,-0.3993394,0.250511,0.0,0.0,0.0,0.0,0.0,0.0,0.0,2.298422,1.114073,2.581676,2.091215,0.07617723,-2.96816,0.1713398,-0.5924253,0.1215711,0.7777503,24.24018,285.2181,359.126,0.5353105,0.01602086,-0.8445031,0.0,0.0,0.0,0.9346533,-0.4358016,-2.799589,-0.1541588,0.1286332,1.257814,0.2685055,-0.01390812,0.9631777,-0.3921159,0.9117263,0.1224755,-0.8798578,-0.4105626,0.2393499,moving,0.5754111558686789,0.7108526820997509,-6.987374448090121,5.839182691358166,-1.1565617,-0.51197883,0.168571,0.0100418776835,0.0124057761016312,0.9998726310492076,1.281738143001338,1.5364207153862637,9.101299446440002,9.137586922995968,9.321586971434476
4355,05/05/2023 12:22:34.718323,4553,True,True,True,True,Eyes,2.04331,0.06428143,-3.123195,-0.8842248,-0.397732,0.2448584,0.0,0.0,0.0,0.0,0.0,0.0,0.0,2.310931,1.099247,2.566721,2.092002,0.0760647,-2.958808,0.1697959,-0.5956395,0.1212427,0.7756825,24.0698,284.7696,359.11,0.5364046,0.01612942,-0.8438066,0.0,0.0,0.0,0.9353307,-0.4334895,-2.799486,-0.1518459,0.1303027,1.256765,0.2610275,-0.01418266,0.9652272,-0.390366,0.9129391,0.1189815,-0.8828812,-0.4078493,0.2327658,moving,0.640485652472765,0.6417501875539106,-6.889244141717613,5.919335892099812,-1.1566713,-0.5095542000000001,0.1593219999999999,0.0111776488533484,0.0111997191528331,0.999874743788745,1.346045539301648,1.4658071165064492,9.15864444791968,9.195093346037632,9.362366938191457
4356,05/05/2023 12:22:34.738800,4554,True,True,True,True,Eyes,2.04497,0.0645904,-3.115983,-0.8864838,-0.3961882,0.2391264,0.0,0.0,0.0,0.0,0.0,0.0,0.0,2.32487,1.081112,2.551658,2.09274,0.07546248,-2.949496,0.1677407,-0.5990294,0.1211316,0.7735335,23.86787,284.3115,359.1501,0.5375077,0.01623865,-0.8431022,0.0,0.0,0.0,0.9360347,-0.4310871,-2.799378,-0.1496892,0.1284479,1.25613,0.2529819,-0.01356444,0.967376,-0.3883618,0.9143804,0.1143833,-0.8861012,-0.4046288,0.2260538,moving,0.712514672269032,0.5364445602067145,-6.795716954325994,5.838592161915222,-1.1567053,-0.5065495799999999,0.1501179999999999,0.0124348618451431,0.0093618634101335,0.9998788838569512,1.4172933834984378,1.3580094605532067,9.156647794645773,9.191643560805929,9.3557020128345
4357,05/05/2023 12:22:34.748455,4555,True,True,True,True,Eyes,2.046598,0.06486097,-3.108632,-0.8886069,-0.3949631,0.2331993,0.0,0.0,0.0,0.0,0.0,0.0,0.0,2.339604,1.069126,2.532856,2.093498,0.07493382,-2.940032,0.1666776,-0.6023069,0.1223637,0.7710202,23.85508,283.8474,359.2424,0.5386202,0.01634762,-0.8423897,0.0,0.0,0.0,0.9367059,-0.4287963,-2.799275,-0.1473908,0.1209558,1.25606,0.244507,-0.01209233,0.9695722,-0.389472,0.9144914,0.1096226,-0.887991,-0.4044247,0.2188899,moving,0.7797989293128594,0.5994350101085274,-6.692695557932847,5.500496171544169,-1.1567921,-0.5037301200000001,0.1407569999999998,0.013608893876734,0.0104609548231018,0.9998526656669726,1.4834677085946608,1.4232602263508929,8.905347524181478,8.936362479781712,9.13638324030302
4358,05/05/2023 12:22:34.768427,4556,True,True,True,True,Eyes,2.048185,0.06510135,-3.101189,-0.8907135,-0.3937262,0.2271766,0.0,0.0,0.0,0.0,0.0,0.0,0.0,2.355234,1.052648,2.514549,2.094096,0.07435027,-2.930423,0.1649877,-0.6057546,0.1235955,0.7684821,23.78572,283.3754,359.3787,0.5397424,0.01645539,-0.841669,0.0,0.0,0.0,0.9373971,-0.4264372,-2.79917,-0.1449384,0.1173929,1.255997,0.2355712,-0.009922186,0.9718066,-0.389846,0.9150065,0.1038431,-0.8902396,-0.4033172,0.211681,moving,0.85103153721981,0.6056789166022911,-6.582650058035353,5.339689157942432,-1.1566989,-0.50078747,0.1312529999999996,0.0148519270188206,0.0105697288512836,0.9998338703665166,1.5536676750088128,1.4301784171687484,8.7842310760665,8.813085442950651,9.02684554455618
4359,05/05/2023 12:22:34.788813,4557,True,True,True,True,Eyes,2.049742,0.06529457,-3.093625,-0.8926576,-0.3928351,0.2210042,0.0,0.0,0.0,0.0,0.0,0.0,0.0,2.372029,1.034713,2.495417,2.094813,0.07379833,-2.920713,0.1631006,-0.6094972,0.1244082,0.7657899,23.66913,282.8585,359.4821,0.5408747,0.01656141,-0.8409397,0.0,0.0,0.0,0.9380982,-0.4240444,-2.799062,-0.1426227,0.1141081,1.25549,0.2260715,-0.008277627,0.9740757,-0.3893598,0.9158416,0.09814864,-0.8929115,-0.4014544,0.2038227,moving,0.9581824321650592,0.5433313378658291,-6.480973330308497,5.193190780519808,-1.1567147999999998,-0.49784273,0.1216509999999999,0.0167219059418855,0.0094814521095939,0.99981515440354,1.6594342723722426,1.3668052276431943,8.745843618025006,8.772812051718757,8.994857549569378
4360,05/05/2023 12:22:34.798981,4558,True,True,True,True,Eyes,2.051271,0.06544899,-3.085978,-0.8945292,-0.3920861,0.2146764,0.0,0.0,0.0,0.0,0.0,0.0,0.0,2.389968,1.024241,2.471738,2.095467,0.07293205,-2.911048,0.1623337,-0.6133255,0.1256801,0.7626823,23.68973,282.2923,359.5358,0.5420165,0.01666459,-0.8402021,0.0,0.0,0.0,0.9387856,-0.4216985,-2.798957,-0.1411861,0.1055134,1.255393,0.2160726,-0.007418862,0.9763492,-0.3908347,0.9157046,0.0934524,-0.8947407,-0.4017836,0.1949591,moving,1.1016109943718393,0.6097541377913586,-6.416730998167146,4.804310119315127,-1.1566814,-0.49463055,0.1120909999999999,0.01922446564565,0.0106400494957921,0.9997585535769004,1.8006566968965445,1.4361169340676343,8.586058893404763,8.60928372159449,8.880888799221157
4361,05/05/2023 12:22:34.818908,4559,True,True,True,True,Eyes,2.052769,0.06557419,-3.078249,-0.8962072,-0.3917268,0.2082374,0.0,0.0,0.0,0.0,0.0,0.0,0.0,2.409134,1.019107,2.444315,2.09629,0.07217821,-2.901299,0.1624495,-0.6172422,0.1276119,0.7591689,23.84027,281.6846,359.5751,0.5431679,0.01676426,-0.8394563,0.0,0.0,0.0,0.9394626,-0.4193878,-2.798853,-0.1403175,0.09679379,1.254984,0.2054545,-0.006783385,0.9786431,-0.3942994,0.9146507,0.08911832,-0.8957212,-0.4041882,0.1852444,moving,1.2789246254266242,0.7816462994587507,-6.379641803113484,4.410349378574423,-1.1568274,-0.49156601,0.102446,0.0223175166489898,0.0136384809231126,0.9996579246009965,1.9750314456319231,1.6141332795452945,8.455010131634843,8.474734554943012,8.810186693014616
4362,05/05/2023 12:22:34.834272,4560,True,True,True,True,Eyes,2.054245,0.06567304,-3.070427,-0.8978139,-0.3915036,0.2016311,0.0,0.0,0.0,0.0,0.0,0.0,0.0,2.429265,1.015107,2.414627,2.097054,0.07168874,-2.891267,0.1628604,-0.6212803,0.1299796,0.7553759,24.05096,281.0468,359.6237,0.5443283,0.01686,-0.8387024,0.0,0.0,0.0,0.9401366,-0.4170877,-2.79875,-0.139217,0.08549935,1.254687,0.1942323,-0.005997001,0.9809372,-0.3987307,0.9131636,0.08453413,-0.8962632,-0.4075491,0.1749747,moving,1.475803250558449,1.004429349409044,-6.331500694865095,3.8983350807123216,-1.1569174,-0.48877644,0.0925169999999999,0.0257508225704376,0.0175238880852128,0.9995147706846068,2.1685716852020325,1.844624012200434,8.31087036424929,8.32638488648561,8.744653201774687
4363,05/05/2023 12:22:34.848911,4561,True,True,True,True,Eyes,2.055688,0.06574185,-3.062498,-0.8992966,-0.3914894,0.19494,0.0,0.0,0.0,0.0,0.0,0.0,0.0,2.450729,1.004696,2.385712,2.09795,0.07118381,-2.881084,0.1624004,-0.6255165,0.1326818,0.751499,24.20966,280.4043,359.7646,0.545498,0.01695157,-0.8379403,0.0,0.0,0.0,0.9408224,-0.4147471,-2.798645,-0.1382882,0.075919,1.253993,0.1822494,-0.003747808,0.9832452,-0.4025886,0.9120433,0.07809821,-0.8970549,-0.4100767,0.1647105,moving,1.6761894858738138,1.15885823630782,-6.293052061611055,3.46456115762469,-1.1571276,-0.48593091,0.0824389999999999,0.0292448737882803,0.0202158615851391,0.9993677926476308,2.3657304749934305,2.0048414186655625,8.283763927369668,8.296088042175553,8.780962175781974
4364,05/05/2023 12:22:34.868363,4562,True,True,True,True,Eyes,2.0571,0.0657912,-3.054463,-0.9007314,-0.3915288,0.188117,0.0,0.0,0.0,0.0,0.0,0.0,0.0,2.471777,0.9890542,2.358298,2.098576,0.07061215,-2.870622,0.1611828,-0.6297925,0.1352508,0.7477224,24.2928,279.7761,359.952,0.5466772,0.01703866,-0.8371698,0.0,0.0,0.0,0.9415138,-0.412387,-2.79854,-0.1377981,0.06758849,1.253019,0.1701372,-0.0007632659,0.9854202,-0.4052836,0.9114546,0.07068003,-0.8982198,-0.4113999,0.1547629,moving,1.8585778415799608,1.2318555368775637,-6.275762833402768,3.087571655232675,-1.1570622,-0.48299915,0.0720819999999999,0.0324251241956705,0.0214869727037308,0.999243105149755,2.5453404577890004,2.0811862555696816,8.333449094857816,8.343331500581852,8.878326128642104
4365,05/05/2023 12:22:34.878509,4563,True,True,True,True,Eyes,2.058477,0.06582973,-3.046328,-0.9021351,-0.3915108,0.1813051,0.0,0.0,0.0,0.0,0.0,0.0,0.0,2.491836,0.9706998,2.332287,2.099226,0.07021026,-2.859962,0.1595754,-0.6340083,0.1377262,0.7440436,24.3369,279.1659,0.1637762,0.5478655,0.01712119,-0.8363909,0.0,0.0,0.0,0.9422098,-0.4100117,-2.798433,-0.137862,0.05745403,1.251779,0.1581299,0.002604458,0.987415,-0.4072928,0.9111344,0.06282284,-0.8995041,-0.4121012,0.1451383,moving,2.02626513598222,1.267376832899438,-6.284819628961169,2.627911779754976,-1.1570161999999995,-0.4802219599999999,0.0615289999999997,0.035348987690429,0.0221042714666429,0.999130539372534,2.710547766103345,2.1188869546105407,8.41440543892306,8.421709168078015,9.009758090248765
4366,05/05/2023 12:22:34.898749,4564,True,True,True,True,Eyes,2.059828,0.06585672,-3.038087,-0.9035195,-0.3914575,0.1743947,0.0,0.0,0.0,0.0,0.0,0.0,0.0,2.509832,0.948031,2.309372,2.099758,0.07003297,-2.849092,0.157259,-0.6381494,0.1393738,0.7406821,24.25764,278.5833,0.361597,0.5490634,0.01719943,-0.8356034,0.0,0.0,0.0,0.9428856,-0.4077052,-2.79833,-0.1377488,0.05047648,1.250379,0.1466806,0.005753771,0.9891672,-0.4071728,0.9116891,0.05507534,-0.9014961,-0.4108405,0.1360699,moving,2.1624149625128206,1.181553163478667,-6.286675206041786,2.311714904319991,-1.1568724,-0.4777381699999999,0.0507620000000001,0.0377242897775605,0.020605853107046,0.9990756975090024,2.8449542115328965,2.0315723654272544,8.518622278645491,8.524341044141043,9.135925550375976
4367,05/05/2023 12:22:34.918759,4565,True,True,True,True,Eyes,2.061146,0.06587326,-3.029732,-0.9048893,-0.3913096,0.1674876,0.0,0.0,0.0,0.0,0.0,0.0,0.0,2.527699,0.922861,2.287231,2.100449,0.06978235,-2.838239,0.1545667,-0.6422811,0.1411987,0.7373244,24.1615,278.0119,0.6071267,0.550271,0.01727356,-0.834807,0.0,0.0,0.0,0.9435744,-0.4053546,-2.798224,-0.1377676,0.04427597,1.248675,0.135076,0.009667882,0.9907881,-0.406769,0.912344,0.04655313,-0.9034896,-0.4093101,0.1271683,moving,2.2889918962065443,1.082036042485351,-6.296037734738284,2.0307636784337046,-1.1568745999999996,-0.47513695,0.0400150000000003,0.0399327071750888,0.0188689061160755,0.9990241677457364,2.9699568289629656,1.930108200145077,8.632826904163357,8.637292277757702,9.26654125226077
4368,05/05/2023 12:22:34.928489,4566,True,True,True,True,Eyes,2.062444,0.06587655,-3.021277,-0.906181,-0.3912783,0.1604282,0.0,0.0,0.0,0.0,0.0,0.0,0.0,2.545007,0.9018697,2.263251,2.100966,0.06958674,-2.827337,0.1524576,-0.6464974,0.1423008,0.7338585,24.06413,277.3996,0.7361009,0.5514883,0.01734374,-0.8340018,0.0,0.0,0.0,0.9442681,-0.4029869,-2.798118,-0.1376491,0.03855107,1.246942,0.1235832,0.01173047,0.992265,-0.4059842,0.9130142,0.0397704,-0.9054856,-0.4077589,0.1175956,moving,2.4423899655241046,0.9768391662095222,-6.299338200795735,1.770820343211338,-1.1566979000000002,-0.4725736399999999,0.0292189999999998,0.0426086539571289,0.0170327505584269,0.998946599265199,3.121410685733414,1.822989815457626,8.774275899662868,8.777711401228842,9.42089333539419
4369,05/05/2023 12:22:34.948560,4567,True,True,True,True,Eyes,2.06371,0.06588355,-3.012707,-0.9074486,-0.3911871,0.1533283,0.0,0.0,0.0,0.0,0.0,0.0,0.0,2.564035,0.8883262,2.233933,2.101722,0.06929852,-2.816349,0.151649,-0.6507032,0.1449611,0.7297769,24.2044,276.7482,0.8934132,0.5527155,0.01741007,-0.8331877,0.0,0.0,0.0,0.9449412,-0.4006899,-2.798015,-0.1372692,0.03553832,1.245066,0.1111433,0.01422163,0.9937027,-0.4089354,0.9119778,0.03268646,-0.9057698,-0.4099931,0.107176,moving,2.633735528735293,1.109671389410457,-6.291481423115229,1.6349679774663035,-1.1567808,-0.4699884199999999,0.0183340000000002,0.0459425677096998,0.0193457582950597,0.9987566763418848,3.3097088852369847,1.960933420445598,8.937586055405784,8.94066184032385,9.606722063597612
4370,05/05/2023 12:22:34.968464,4568,True,True,True,True,Eyes,2.064955,0.0659024,-3.00403,-0.9086156,-0.3912487,0.1460895,0.0,0.0,0.0,0.0,0.0,0.0,0.0,2.581691,0.8676173,2.208012,2.102171,0.06944046,-2.80522,0.1498089,-0.6547899,0.1475336,0.725976,24.25023,276.146,1.132778,0.553953,0.0174731,-0.8323641,0.0,0.0,0.0,0.9456491,-0.3982739,-2.797907,-0.1371962,0.0335991,1.243004,0.09896787,0.01802497,0.9949274,-0.4103985,0.9115822,0.02430833,-0.9065199,-0.4107224,0.0976148,moving,2.7731602517721603,1.135302973917336,-6.298509978953896,1.5483602426944274,-1.1565218999999998,-0.46771436,0.0073129999999999,0.0483724061913123,0.0197902840036024,0.998633291455687,3.4470808035870224,1.988266108619016,9.078218724287558,9.08106915964915,9.75551417771618
4371,05/05/2023 12:22:34.978723,4569,True,True,True,True,Eyes,2.066172,0.06590884,-2.995252,-0.9097463,-0.3912437,0.1388891,0.0,0.0,0.0,0.0,0.0,0.0,0.0,2.600938,0.8490261,2.178752,2.102892,0.06978127,-2.79386,0.1484974,-0.6589717,0.1512554,0.7216834,24.43635,275.5095,1.42281,0.5552007,0.01753353,-0.8315311,0.0,0.0,0.0,0.9463083,-0.3960239,-2.797806,-0.1368899,0.03146305,1.240921,0.08575633,0.02260591,0.9960598,-0.4140282,0.9101406,0.01499008,-0.9062156,-0.4136822,0.0874098,moving,2.951694343975132,1.299908793233111,-6.295025353038948,1.4524001388212155,-1.1565837,-0.46580517,-0.003946,0.0514807870759996,0.0226556621423184,0.9984170445195326,3.6226757418056783,2.1587974383908377,9.245209100425644,9.24797700935872,9.942826165206831
4372,05/05/2023 12:22:34.998580,4570,True,True,True,True,Eyes,2.067374,0.06592762,-2.986387,-0.9107115,-0.3915207,0.1315904,0.0,0.0,0.0,0.0,0.0,0.0,0.0,2.6164,0.8354267,2.151438,2.103396,0.06951542,-2.782637,0.147548,-0.6629813,0.1527837,0.7178737,24.48324,274.8769,1.493229,0.5564587,0.01759133,-0.8306885,0.0,0.0,0.0,0.9469938,-0.3936844,-2.797701,-0.136662,0.03358646,1.238761,0.07422598,0.02371569,0.9969594,-0.4150019,0.9097735,0.009256174,-0.9067878,-0.4144271,0.07737089,moving,3.1138958837853936,1.3181374954914549,-6.295499516664863,1.553076884184462,-1.1564022,-0.46319982,-0.0150640000000001,0.0543066513014391,0.0229698625300349,0.9982600368504568,3.782516435050377,2.1786755806626967,9.409203608134186,9.41232799674841,10.0974144835231
4373,05/05/2023 12:22:35.018773,4571,True,True,True,True,Eyes,2.068523,0.06602213,-2.977439,-0.9116123,-0.3917719,0.1244099,0.0,0.0,0.0,0.0,0.0,0.0,0.0,2.62912,0.8394089,2.120721,2.104212,0.06988934,-2.771596,0.1494264,-0.6661157,0.1560771,0.7138639,24.91486,274.2951,1.501543,0.5577276,0.01764718,-0.829836,0.0,0.0,0.0,0.9476818,-0.3913363,-2.797596,-0.1363589,0.03461178,1.236519,0.06385948,0.02376516,0.997676,-0.4219061,0.9066234,0.0054093,-0.9043878,-0.421271,0.0679232,moving,3.2458579764182973,1.727531030335369,-6.292946896102962,1.603364952867665,-1.1565302,-0.46122564,-0.0259999999999998,0.0565949604001949,0.0300982184937046,0.9979434543398316,3.911628098248983,2.600630297171989,9.535694638167422,9.539612969656003,10.25318921030444
4374,05/05/2023 12:22:35.038533,4572,True,True,True,True,Eyes,2.069632,0.06617874,-2.968425,-0.9125099,-0.3919272,0.1171271,0.0,0.0,0.0,0.0,0.0,0.0,0.0,2.640387,0.8284513,2.096173,2.104039,0.07182948,-2.760393,0.1492154,-0.6692518,0.1587228,0.7103829,25.11593,273.7788,1.631709,0.5590065,0.0177034,-0.8289739,0.0,0.0,0.0,0.9483639,-0.3890083,-2.797492,-0.1353214,0.03461781,1.234589,0.05381832,0.02578257,0.9982179,-0.4252333,0.9050837,-0.0004508235,-0.9034823,-0.4244512,0.05967369,moving,3.309855422597717,1.908608751101532,-6.255132203920398,1.6061497642134894,-1.1556751000000005,-0.46083778,-0.0370989999999999,0.0577038268281383,0.03324985137959,0.9977798960717152,3.974284329885209,2.787303177898573,9.5654861455531,9.56976853085768,10.297382483367093
4375,05/05/2023 12:22:35.048666,4573,True,True,True,True,Eyes,2.070717,0.06636479,-2.959331,-0.9133064,-0.3921773,0.1098565,0.0,0.0,0.0,0.0,0.0,0.0,0.0,2.654742,0.803095,2.073926,2.104192,0.07346118,-2.749685,0.1466498,-0.6733304,0.1593536,0.7069134,24.95666,273.1766,1.75783,0.5602947,0.01776173,-0.8281025,0.0,0.0,0.0,0.9490336,-0.3867227,-2.797389,-0.1333314,0.03777966,1.232601,0.04246515,0.02781085,0.9987109,-0.4227859,0.9062005,-0.007257855,-0.9052343,-0.4219326,0.05023995,moving,3.442749893903637,1.7190473508081114,-6.17372389066737,1.7555864437310955,-1.1551584,-0.46018388,-0.0477039999999999,0.0600242429839637,0.0299444463184312,0.9977477065357676,4.105726379446113,2.593278415389607,9.612121790335488,9.616543201933482,10.313526346265729
4376,05/05/2023 12:22:35.068816,4574,True,True,True,True,Eyes,2.071777,0.06660742,-2.950183,-0.9138869,-0.3928288,0.1024514,0.0,0.0,0.0,0.0,0.0,0.0,0.0,2.668576,0.8064383,2.041167,2.104652,0.07433623,-2.739146,0.1484524,-0.6769878,0.1609268,0.702675,25.24682,272.4902,1.593863,0.5615929,0.01782286,-0.8272214,0.0,0.0,0.0,0.9497422,-0.3843042,-2.797281,-0.1306698,0.04383134,1.230761,0.03158029,0.02515769,0.9991846,-0.4271594,0.9041289,-0.009263513,-0.9036248,-0.4265185,0.039299,moving,3.650017872288691,1.967232523850588,-6.060385522331699,2.0396241708071443,-1.1549098000000002,-0.45864043,-0.058135,0.0636243812477629,0.0342583881660976,0.9973857440399428,4.309447650624778,2.8499660206854127,9.70471621041893,9.710673232933146,10.40144672382706
4377,05/05/2023 12:22:35.088395,4575,True,True,True,True,Eyes,2.071777,0.06660742,-2.950183,-0.9138869,-0.3928288,0.1024514,0.0,0.0,0.0,0.0,0.0,0.0,0.0,2.680189,0.8261195,2.004105,2.105031,0.07601655,-2.728625,0.1530256,-0.6798766,0.164136,0.6981478,25.90328,271.8285,1.344428,0.5629001,0.01788811,-0.826331,0.0,0.0,0.0,0.950436,-0.3819365,-2.797174,-0.1276909,0.05091153,1.229009,0.02165435,0.02110535,0.9995427,-0.4372593,0.8992851,-0.009515486,-0.8990748,-0.4368533,0.02870194,moving,4.266790343403898,2.607372441598731,-5.931603175360844,2.372113598515066,-1.154595,-0.45795305,-0.0685489999999999,0.0743241292199326,0.0453657058223253,0.9962017356007524,4.915897937724583,3.5126091320487016,10.19165378581822,10.201106659908609,10.907291618930875
4378,05/05/2023 12:22:35.098724,4576,True,True,True,True,Eyes,2.071777,0.06660742,-2.950183,-0.9138869,-0.3928288,0.1024514,0.0,0.0,0.0,0.0,0.0,0.0,0.0,2.689871,0.824931,1.977493,2.105021,0.07764266,-2.718318,0.1541232,-0.6829179,0.1655188,0.6946027,26.11539,271.2596,1.240093,0.5640755,0.01794681,-0.8255278,0.0,0.0,0.0,0.9511046,-0.3796543,-2.797072,-0.1247178,0.05708404,1.227499,0.01245337,0.01943262,0.9997337,-0.4404466,0.8976991,-0.01196275,-0.8976925,-0.4401804,0.01973845,moving,4.790244478779346,2.798334430447831,-5.801524530124354,2.662584527372944,-1.1539164,-0.45729696,-0.0787539999999999,0.083409288647789,0.0486506133302184,0.9953270969148148,5.4314218360718,3.712651362029313,10.580731234857716,10.592638895674568,11.281920245378648
4379,05/05/2023 12:22:35.118730,4577,True,True,True,True,Eyes,2.071777,0.06660742,-2.950183,-0.9138869,-0.3928288,0.1024514,0.0,0.0,0.0,0.0,0.0,0.0,0.0,2.700723,0.8146363,1.954027,2.105279,0.07845725,-2.708763,0.1536921,-0.6861271,0.1667723,0.6912276,26.18854,270.7162,1.254793,0.5651319,0.01799958,-0.8248039,0.0,0.0,0.0,0.9518502,-0.3771097,-2.796958,-0.1221689,0.0618774,1.225605,0.002833312,0.01965057,0.999803,-0.4414599,0.8971314,-0.01638151,-0.8972766,-0.4413264,0.01121678,moving,5.292186198659041,2.84060564233274,-5.692466921854202,2.890251082307958,-1.1534288,-0.45556695,-0.0881950000000002,0.0921224244771433,0.0493468796473915,0.99452419067639,5.926091099397668,3.759624834773688,10.971105640879356,10.98476530690172,11.651038632442711
4380,05/05/2023 12:22:35.138731,4578,True,True,True,True,Eyes,2.071777,0.06660742,-2.950183,-0.9138869,-0.3928288,0.1024514,0.0,0.0,0.0,0.0,0.0,0.0,0.0,2.716501,0.7924964,1.928334,2.105516,0.07836539,-2.699363,0.1516634,-0.6899878,0.1691757,0.687237,26.22618,270.1169,1.484255,0.5660818,0.01804704,-0.8241513,0.0,0.0,0.0,0.9524952,-0.3749084,-2.79686,-0.1201833,0.06545684,1.224082,-0.009407214,0.02323576,0.9996858,-0.4418193,0.8967556,-0.02500091,-0.8970548,-0.4419157,0.001829984,moving,5.854971503052656,2.8198699211473977,-5.607464581443576,3.060932228975109,-1.1530208000000002,-0.4532737899999999,-0.0974970000000001,0.1018885356647671,0.0489401233598184,0.9935912701350718,6.480882944435601,3.742224090676013,11.449975880589436,11.464970650961847,12.107530900528362
4381,05/05/2023 12:22:35.148812,4579,True,True,True,True,Eyes,2.071777,0.06660742,-2.950183,-0.9138869,-0.3928288,0.1024514,0.0,0.0,0.0,0.0,0.0,0.0,0.0,2.73686,0.7592056,1.899998,2.105621,0.07809038,-2.690177,0.1481589,-0.6946366,0.171911,0.682624,26.17441,269.4291,1.843314,0.566936,0.01808974,-0.8235629,0.0,0.0,0.0,0.953142,-0.372701,-2.796761,-0.1189692,0.06611747,1.222684,-0.02414679,0.02886786,0.9992915,-0.4405343,0.8969911,-0.03655759,-0.897411,-0.441105,-0.008942161,moving,6.501459872558143,2.681819763948761,-5.557480625606379,3.095293582641381,-1.152479,-0.45079138,-0.1065840000000002,0.1131061069925813,0.0464892439389211,0.9924947255386194,7.118458151080419,3.604756825325988,12.050892396754994,12.066026957412976,12.6861726563199
4382,05/05/2023 12:22:35.168635,4580,True,True,True,True,Eyes,2.071777,0.06660742,-2.950183,-0.9138869,-0.3928288,0.1024514,0.0,0.0,0.0,0.0,0.0,0.0,0.0,2.75975,0.7255798,1.866581,2.105465,0.07822018,-2.680989,0.1449334,-0.6996652,0.1752699,0.6773061,26.20531,268.6541,2.210915,0.5677042,0.01812815,-0.8230329,0.0,0.0,0.0,0.9538237,-0.3703744,-2.796656,-0.1179368,0.06677321,1.221413,-0.04050189,0.03461304,0.9985799,-0.4402324,0.8965496,-0.04893199,-0.89697,-0.441589,-0.02107421,moving,7.229903675460223,2.606701789542605,-5.5152494246690384,3.1291778869584856,-1.1516413,-0.4485945799999999,-0.1156670000000001,0.1257228558610322,0.0451189720180933,0.9910388808423138,7.836669342299231,3.532582711460868,12.74024969161012,12.755857823686554,13.358011461746516
4383,05/05/2023 12:22:35.188234,4581,True,True,True,True,Eyes,2.071777,0.06660742,-2.950183,-0.9138869,-0.3928288,0.1024514,0.0,0.0,0.0,0.0,0.0,0.0,0.0,2.77997,0.6954908,1.834135,2.104774,0.07887249,-2.672021,0.1418922,-0.7048547,0.1757916,0.6724163,26.01691,267.8377,2.320325,0.5683952,0.0181627,-0.8225551,0.0,0.0,0.0,0.9545358,-0.3679439,-2.796547,-0.1162606,0.06718542,1.220104,-0.05544585,0.03638356,0.9977986,-0.4364371,0.8979278,-0.05699392,-0.8980247,-0.4386363,-0.03390725,moving,7.973618415861842,2.331191023622905,-5.443134470335369,3.1518274908137305,-1.1502382,-0.44681639,-0.1245259999999999,0.1386045273088627,0.0402831245903861,0.9895282089691696,8.570405436373676,3.2544242086380444,13.427028792048205,13.441826595391143,14.013915470111671
4384,05/05/2023 12:22:35.199023,4582,True,True,True,True,Eyes,2.071777,0.06660742,-2.950183,-0.9138869,-0.3928288,0.1024514,0.0,0.0,0.0,0.0,0.0,0.0,0.0,2.800765,0.6766114,1.796495,2.10486,0.07814888,-2.663256,0.140315,-0.7102224,0.1756942,0.6671039,25.89818,266.928,2.236353,0.5690171,0.01819381,-0.8221242,0.0,0.0,0.0,0.955201,-0.3656737,-2.796446,-0.1138362,0.07281847,1.218953,-0.07056846,0.03510293,0.9968891,-0.4337221,0.8988865,-0.06235462,-0.8982791,-0.4367732,-0.04820815,moving,8.797273708967747,2.1384646441271418,-5.335292747959131,3.4187031921222317,-1.149659,-0.4438225799999999,-0.1331899999999999,0.152834792489612,0.0368762036441148,0.9875635135384784,9.382744649181816,3.0619614996706046,14.174681058638484,14.19043499682893,14.722360186422987
4385,05/05/2023 12:22:35.218839,4583,True,True,True,True,Eyes,2.071777,0.06660742,-2.950183,-0.9138869,-0.3928288,0.1024514,0.0,0.0,0.0,0.0,0.0,0.0,0.0,2.818566,0.6805049,1.754096,2.104986,0.07804529,-2.654656,0.1425226,-0.7145638,0.1773176,0.6615469,26.23029,266.0477,1.975658,0.5695761,0.01822177,-0.8217364,0.0,0.0,0.0,0.955878,-0.3633633,-2.796342,-0.1124146,0.07611653,1.217766,-0.08408592,0.03092482,0.9959786,-0.4382908,0.8964916,-0.0648387,-0.8948914,-0.4419802,-0.06182827,moving,9.606564272487836,2.426071440553513,-5.274149315653081,3.576622840278764,-1.1491079999999998,-0.44140859,-0.1416859999999999,0.1667362907084064,0.0417377238164037,0.9851177560243431,10.17979258704807,3.36338987723155,14.9062035401198,14.92512664655451,15.455412923263886
4386,05/05/2023 12:22:35.238940,4584,True,True,True,True,Eyes,2.071777,0.06660742,-2.950183,-0.9138869,-0.3928288,0.1024514,0.0,0.0,0.0,0.0,0.0,0.0,0.0,2.833372,0.6830156,1.715209,2.104509,0.07932265,-2.645977,0.1447825,-0.7182617,0.179809,0.656359,26.63841,265.269,1.798613,0.570079,0.01824693,-0.821387,0.0,0.0,0.0,0.9565484,-0.3610753,-2.796239,-0.1104166,0.08244309,1.216865,-0.09646203,0.02805501,0.9949414,-0.444022,0.8934135,-0.06824113,-0.8908086,-0.4483584,-0.07372341,moving,10.327410122201249,2.78691461177597,-5.184739181246126,3.875888937616316,-1.1479606000000002,-0.44039795,-0.1502620000000001,0.1790676550182424,0.0478357751886375,0.982673157769856,10.889487135932248,3.73952030671737,15.526327594054871,15.550326076799236,16.074804760847424
4387,05/05/2023 12:22:35.248778,4585,True,True,True,True,Eyes,2.072742,0.06703788,-2.937551,-0.9153324,-0.3919337,0.09249065,0.0,0.0,0.0,0.0,0.0,0.0,0.0,2.847841,0.6649708,1.684177,2.103822,0.08007482,-2.637491,0.1433825,-0.7225425,0.180061,0.6518832,26.56039,264.5308,1.765508,0.5705312,0.01826956,-0.8210724,0.0,0.0,0.0,0.9572465,-0.3586926,-2.796133,-0.1086843,0.08595704,1.215731,-0.1089793,0.02755754,0.9936621,-0.4419574,0.894039,-0.0732661,-0.8903916,-0.4471408,-0.08525252,moving,10.43146221387781,2.759948508780794,-5.10856557435413,4.044310293976382,-1.1465755,-0.4387674199999999,-0.1586420000000004,0.1808560634292855,0.0473575210812398,0.9823687177128424,10.992115842370326,3.7125130416152254,15.568167180078142,15.593012821590689,16.10409983512058
4388,05/05/2023 12:22:35.268862,4586,True,True,True,True,Eyes,2.073623,0.06750424,-2.925096,-0.9166204,-0.3911496,0.08251655,0.0,0.0,0.0,0.0,0.0,0.0,0.0,2.858678,0.6564213,1.654901,2.103214,0.08043833,-2.629,0.1432287,-0.7261367,0.1802942,0.6478466,26.57807,263.865,1.640227,0.5711226,0.01830699,-0.8206603,0.0,0.0,0.0,0.9579811,-0.3561856,-2.79602,-0.1076913,0.09718008,1.214471,-0.1195609,0.02559868,0.992497,-0.4416131,0.8939591,-0.07625595,-0.8892038,-0.4474168,-0.09557787,moving,10.468392216357504,2.846015823803035,-5.067359086751449,4.574971315359633,-1.1452329,-0.43662393,-0.1670199999999999,0.1814763523582975,0.0488274666182822,0.9821823457681318,11.02831530497436,3.801285178327636,15.602348435873076,15.63166196038781,16.11425841803133
4389,05/05/2023 12:22:35.288256,4587,True,True,True,True,Eyes,2.074384,0.0680097,-2.912725,-0.9179858,-0.3899118,0.07260041,0.0,0.0,0.0,0.0,0.0,0.0,0.0,2.869694,0.6435473,1.626032,2.102016,0.08178386,-2.620709,0.142823,-0.7295068,0.1819086,0.6436853,26.69706,263.2403,1.655057,0.5718342,0.01835864,-0.8201635,0.0,0.0,0.0,0.9586244,-0.35399,-2.795922,-0.1080882,0.1016821,1.213481,-0.1305418,0.02580318,0.991107,-0.4425644,0.8930218,-0.08154104,-0.8871842,-0.4492731,-0.105157,moving,10.484930233889653,3.0398962965399607,-5.090064738261338,4.789837588065704,-1.1433915999999995,-0.43577386,-0.1752129999999998,0.1817292965606878,0.0521482641355778,0.9819648576360824,11.04416014567584,4.000793893383248,15.640264451480634,15.672994701278864,16.15350743824931
4390,05/05/2023 12:22:35.298990,4588,True,True,True,True,Eyes,2.075079,0.06851123,-2.900536,-0.9192826,-0.3885837,0.06262683,0.0,0.0,0.0,0.0,0.0,0.0,0.0,2.88062,0.6124982,1.603633,2.100358,0.08312256,-2.612727,0.1388785,-0.7338214,0.1796554,0.640268,26.20019,262.6,1.675276,0.5726523,0.01842435,-0.819591,0.0,0.0,0.0,0.9593188,-0.35162,-2.795815,-0.1065101,0.09916201,1.213416,-0.1415397,0.02623124,0.989585,-0.4338793,0.8968734,-0.08583113,-0.8897839,-0.4415089,-0.115562,moving,10.490973278220418,2.6213239597784783,-5.016398485852166,4.671907421686767,-1.1410391999999998,-0.43474256,-0.1830880000000001,0.1818963882488337,0.0449718119488356,0.9822887307082206,11.051103125466012,3.5703617596044515,15.614149108328998,15.642361444596766,16.10521688383502
4391,05/05/2023 12:22:35.318836,4589,True,True,True,True,Eyes,2.075692,0.06901132,-2.888543,-0.920419,-0.3873509,0.05280249,0.0,0.0,0.0,0.0,0.0,0.0,0.0,2.891619,0.5966625,1.575541,2.099456,0.08349606,-2.604824,0.1373498,-0.7378203,0.1784625,0.6363236,25.98554,261.9109,1.558048,0.5735638,0.01850267,-0.8189517,0.0,0.0,0.0,0.9600163,-0.3492393,-2.795709,-0.1033213,0.1064991,1.212761,-0.152455,0.02444099,0.9880083,-0.4297987,0.8985724,-0.08854873,-0.8899612,-0.4381443,-0.1264871,moving,10.555788006348669,2.4984716510468044,-4.869561208045737,5.01857824923506,-1.1394397,-0.4327353599999999,-0.1908850000000002,0.1830245054238759,0.0428563838750396,0.9821737723119626,11.115281117385234,3.4444681804096,15.600103132556102,15.629853986913956,16.06216071011827
4392,05/05/2023 12:22:35.328484,4590,True,True,True,True,Eyes,2.076214,0.06952386,-2.876717,-0.9214398,-0.3861422,0.04293041,0.0,0.0,0.0,0.0,0.0,0.0,0.0,2.903072,0.5875844,1.5423,2.09793,0.08400772,-2.596806,0.1373869,-0.7415118,0.1793054,0.6317712,26.07251,261.1992,1.45526,0.5745556,0.01859233,-0.8182542,0.0,0.0,0.0,0.9607208,-0.3468349,-2.795601,-0.1006495,0.1207335,1.211622,-0.1639801,0.02281198,0.9861999,-0.430308,0.8979488,-0.09231997,-0.8876631,-0.4395083,-0.1374296,moving,10.65070191367393,2.6712233701468264,-4.748660369783707,5.690520576406413,-1.1372091999999998,-0.43084262,-0.198795,0.1846271285021548,0.0458035592271862,0.981740791212639,11.208431626240142,3.622793909176263,15.656075500845231,15.692562389772569,16.090502743542324
4393,05/05/2023 12:22:35.348760,4591,True,True,True,True,Eyes,2.076638,0.07003687,-2.865043,-0.9223307,-0.3849772,0.03314741,0.0,0.0,0.0,0.0,0.0,0.0,0.0,2.913484,0.5733053,1.512223,2.096252,0.08481121,-2.588904,0.1364836,-0.7451953,0.1795532,0.6275483,26.03401,260.5267,1.399336,0.5756156,0.01869251,-0.8175064,0.0,0.0,0.0,0.961384,-0.3445715,-2.7955,-0.09960801,0.1256129,1.210961,-0.1751108,0.02194273,0.9843042,-0.4287705,0.8982657,-0.0963043,-0.8862799,-0.4389045,-0.1478877,moving,10.71305206505049,2.7103264828117286,-4.702297792231646,5.922107388936435,-1.1348679999999998,-0.4293827099999999,-0.2065960000000002,0.1856896929697934,0.046464097893899,0.9815093178384644,11.269798641362083,3.663443702748032,15.707572620080365,15.74638205466118,16.131008218066338
4394,05/05/2023 12:22:35.368503,4592,True,True,True,True,Eyes,2.076941,0.07054969,-2.853527,-0.9231668,-0.383688,0.02338245,0.0,0.0,0.0,0.0,0.0,0.0,0.0,2.923629,0.5537338,1.483573,2.09432,0.08537092,-2.581038,0.1348713,-0.7487391,0.1806477,0.6233506,26.01843,259.8995,1.482329,0.5767347,0.01880232,-0.8167149,0.0,0.0,0.0,0.9620687,-0.3422349,-2.795395,-0.09812025,0.1286847,1.210467,-0.1864876,0.0232469,0.9821822,-0.4271805,0.8983523,-0.1023718,-0.8847255,-0.4386602,-0.157601,moving,10.743574949363,2.7581228433751157,-4.634253815662992,6.068319606020541,-1.1322513,-0.42760582,-0.2143570000000001,0.1862054245411002,0.0472781650640104,0.981372750749628,11.299772723602825,3.712811985498503,15.68981211308214,15.730067391269786,16.107191496482702
4395,05/05/2023 12:22:35.388651,4593,True,True,True,True,Eyes,2.077135,0.07104075,-2.842213,-0.9239652,-0.3822238,0.01390355,0.0,0.0,0.0,0.0,0.0,0.0,0.0,2.93079,0.5293132,1.460956,2.091718,0.08584606,-2.573215,0.132,-0.7521382,0.1800715,0.620031,25.75765,259.3613,1.573779,0.5779018,0.01892074,-0.8158867,0.0,0.0,0.0,0.9627615,-0.3398701,-2.795289,-0.0948641,0.1322341,1.209763,-0.1962753,0.02473533,0.9802369,-0.4218644,0.9003005,-0.1071891,-0.8851591,-0.4345655,-0.1662718,moving,10.702360248593315,2.576995261161465,-4.483698818691937,6.237995734535291,-1.1289565,-0.42571616,-0.2220740000000001,0.1855257584555329,0.0441813248035456,0.9816456775681262,11.259573784680612,3.526246701242605,15.581341653088494,15.62111758041402,15.97511236529072
4396,05/05/2023 12:22:35.398785,4594,True,True,True,True,Eyes,2.077207,0.07148981,-2.831048,-0.9247433,-0.3805653,0.004462481,0.0,0.0,0.0,0.0,0.0,0.0,0.0,2.937385,0.500062,1.43979,2.088944,0.08582698,-2.565197,0.1281477,-0.7556702,0.1789341,0.6168657,25.37432,258.8373,1.717608,0.5791093,0.01904644,-0.8150271,0.0,0.0,0.0,0.9634371,-0.3375645,-2.795185,-0.08935343,0.1341714,1.209295,-0.2061096,0.0270818,0.9781541,-0.4144313,0.9031215,-0.1123305,-0.8864341,-0.4285301,-0.1749185,moving,10.64936178104559,2.2768400562917224,-4.2258406295981095,6.331078775753467,-1.1255069,-0.42339148,-0.229988,0.184657194178817,0.0390446973003869,0.9820271200157272,11.20803993904787,3.217187116908463,15.380401927348844,15.417798103231307,15.74487188484722
4397,05/05/2023 12:22:35.418509,4595,True,True,True,True,Eyes,2.077181,0.07188218,-2.820084,-0.9254489,-0.3788443,-0.004616403,0.0,0.0,0.0,0.0,0.0,0.0,0.0,2.942599,0.4728213,1.420312,2.086039,0.08522281,-2.557522,0.1244,-0.7589055,0.1776805,0.6140168,24.98955,258.3631,1.857662,0.5803486,0.01917749,-0.814142,0.0,0.0,0.0,0.9641306,-0.3351977,-2.795079,-0.08201203,0.1373856,1.208708,-0.2150158,0.02938198,0.9761684,-0.4070134,0.9059085,-0.116918,-0.8877545,-0.4224529,-0.1828257,moving,10.571059863620734,1.982715904474004,-3.881625762061016,6.484590800350548,-1.1219084,-0.4204205099999999,-0.2375569999999998,0.1833487047667998,0.0340115065655135,0.982459389090378,11.131550024004293,2.91415362235885,15.102192492406989,15.13760216721629,15.431897771346303
4398,05/05/2023 12:22:35.428770,4596,True,True,True,True,Eyes,2.077034,0.07222045,-2.809245,-0.9260862,-0.3770642,-0.01367056,0.0,0.0,0.0,0.0,0.0,0.0,0.0,2.947705,0.4478859,1.399136,2.083212,0.08429668,-2.549562,0.1211018,-0.7620669,0.1770601,0.6109322,24.69787,257.8755,2.003849,0.5816128,0.01931179,-0.8132362,0.0,0.0,0.0,0.9648239,-0.3328314,-2.794973,-0.07445495,0.1348438,1.208461,-0.2241925,0.03176804,0.9740272,-0.4009189,0.9079682,-0.1218932,-0.888258,-0.4178333,-0.1908232,moving,10.510329250776762,1.782810055523045,-3.525615521760692,6.366902386760571,-1.1183881000000002,-0.41712808,-0.2454110000000002,0.1823274153192002,0.0305893990925073,0.9827618975362102,11.072158307134002,2.708140024391869,14.733968370323804,14.765556141203492,15.049303730865711
4399,05/05/2023 12:22:35.448671,4597,True,True,True,True,Eyes,2.076773,0.07250401,-2.798602,-0.9266063,-0.3753687,-0.02234266,0.0,0.0,0.0,0.0,0.0,0.0,0.0,2.952389,0.4267864,1.376693,2.080129,0.08332122,-2.541682,0.1185089,-0.7650415,0.1769497,0.6077468,24.50637,257.3888,2.125846,0.5828962,0.01944754,-0.8123137,0.0,0.0,0.0,0.9654941,-0.3305441,-2.794871,-0.06514813,0.1350066,1.20832,-0.2331992,0.03375286,0.9718431,-0.3964096,0.9092889,-0.126701,-0.8879627,-0.4147945,-0.1986656,moving,10.473224547081983,1.6799155614690249,-3.0861876249643423,6.375263780913655,-1.1146349,-0.41386532,-0.2531889999999999,0.1817004715576596,0.0288278643244502,0.982931321847804,11.035826290108693,2.6020610162105293,14.320375189407516,14.349353760824211,14.61739840467789
4400,05/05/2023 12:22:35.468600,4598,True,True,True,True,Eyes,2.076364,0.07273396,-2.788078,-0.9270555,-0.3736435,-0.03096306,0.0,0.0,0.0,0.0,0.0,0.0,0.0,2.956015,0.4099921,1.354478,2.076607,0.08235231,-2.534097,0.1165108,-0.767794,0.1766127,0.6047524,24.33838,256.9222,2.182702,0.5841923,0.01958303,-0.8113787,0.0,0.0,0.0,0.9661811,-0.3281993,-2.794765,-0.05635186,0.1440176,1.207322,-0.2413993,0.03470132,0.9698052,-0.3925266,0.9104664,-0.130284,-0.887496,-0.4121248,-0.2061648,moving,10.420219010191405,1.6161156179319756,-2.6723460232883167,6.802487781234869,-1.1104259,-0.41055161,-0.2606679999999999,0.1807966392851392,0.0277380316394993,0.9831293165606592,10.983728546704397,2.5360773119487545,14.052580594777998,14.082390257771545,14.307013348481776
4401,05/05/2023 12:22:35.488224,4599,True,True,True,True,Eyes,2.075819,0.07290782,-2.777704,-0.9273942,-0.3720156,-0.03929882,0.0,0.0,0.0,0.0,0.0,0.0,0.0,2.958247,0.3957225,1.333061,2.072603,0.08128082,-2.526377,0.1148574,-0.7703024,0.1763099,0.6019608,24.19875,256.4881,2.218785,0.5854962,0.0197168,-0.8104351,0.0,0.0,0.0,0.9668706,-0.3258461,-2.79466,-0.04955897,0.1532993,1.20604,-0.2489021,0.03531347,0.9678848,-0.3892131,0.9114453,-0.1333445,-0.8868829,-0.409903,-0.2131161,moving,10.353594225908846,1.5799066449591146,-2.353092090745026,7.243998682577409,-1.1057324,-0.40712692,-0.2682829999999998,0.17965634245432,0.0271224815637157,0.9833554676210194,10.918141164543265,2.498374142585992,13.880864545645007,13.911930698520951,14.094203928950318
4402,05/05/2023 12:22:35.498702,4600,True,True,True,True,Eyes,2.07513,0.07302772,-2.76744,-0.9276699,-0.3703578,-0.04757882,0.0,0.0,0.0,0.0,0.0,0.0,0.0,2.96073,0.3796984,1.311403,2.068557,0.08014944,-2.518833,0.112953,-0.7728579,0.1761395,0.5990888,24.05411,256.0503,2.287844,0.5868024,0.01984738,-0.8094866,0.0,0.0,0.0,0.9675473,-0.3235366,-2.794557,-0.04336233,0.1528481,1.205591,-0.2566686,0.03645316,0.9658117,-0.3856395,0.912433,-0.1369238,-0.8862298,-0.4075992,-0.2201352,moving,10.29479507573768,1.533691620952904,-2.0599091734657478,7.225564806238569,-1.1010097,-0.40368604,-0.2757240000000003,0.1786508645497908,0.026334195711163,0.9835600979255416,10.860291164042248,2.4504349762402096,13.573845182046089,13.602798882680696,13.774376270985265
4403,05/05/2023 12:22:35.518662,4601,True,True,True,True,Eyes,2.074293,0.07311574,-2.757321,-0.9278234,-0.3688537,-0.05559385,0.0,0.0,0.0,0.0,0.0,0.0,0.0,2.961911,0.3671741,1.290736,2.064302,0.07895749,-2.511207,0.1114783,-0.7751989,0.1757298,0.596455,23.91837,255.6396,2.306813,0.588107,0.0199736,-0.8085362,0.0,0.0,0.0,0.968259,-0.3211075,-2.794448,-0.0387886,0.1548616,1.204677,-0.2636283,0.03679404,0.9639223,-0.3824654,0.9133834,-0.1394674,-0.8855622,-0.4054345,-0.2267212,moving,10.224136316038232,1.4969459235071254,-1.844191871131495,7.325216244619073,-1.096043,-0.40006499,-0.2832409999999998,0.1774406545708133,0.0257091194300997,0.9837956317410046,10.79072871751108,2.41215168988827,13.373835312265395,13.401987918558564,13.556526900362652
4404,05/05/2023 12:22:35.538766,4602,True,True,True,True,Eyes,2.073295,0.07317553,-2.747316,-0.927952,-0.3672394,-0.06356263,0.0,0.0,0.0,0.0,0.0,0.0,0.0,2.962601,0.3588033,1.269705,2.059695,0.07831137,-2.503881,0.1107478,-0.7773646,0.1753484,0.5938789,23.83855,255.2344,2.261161,0.5894063,0.020095,-0.8075865,0.0,0.0,0.0,0.968936,-0.3187972,-2.794344,-0.03451291,0.1578915,1.20348,-0.2700855,0.03608853,0.9621597,-0.3804542,0.9139758,-0.1410777,-0.8844819,-0.4041608,-0.2331216,moving,10.152988992064008,1.5346655729740384,-1.6426548532887577,7.474276443194043,-1.090759,-0.39710857,-0.2904630000000003,0.1762158763835529,0.0263626699384773,0.9839984114280718,10.720509223945436,2.4504477360224426,13.178872743651477,13.206672215817434,13.344912172045776
4405,05/05/2023 12:22:35.548629,4603,True,True,True,True,Eyes,2.072138,0.07319906,-2.737439,-0.9279974,-0.3657025,-0.07129259,0.0,0.0,0.0,0.0,0.0,0.0,0.0,2.962686,0.3484384,1.249806,2.054773,0.07764667,-2.496559,0.1093547,-0.7797167,0.1736166,0.5915581,23.58585,254.8294,2.181002,0.5906969,0.02021132,-0.80664,0.0,0.0,0.0,0.9695978,-0.3165386,-2.794243,-0.03006138,0.1477478,1.203563,-0.2762015,0.03487726,0.9604669,-0.3759399,0.9157977,-0.1413642,-0.8845237,-0.4001227,-0.239833,moving,10.086565278773252,1.3991361814561172,-1.4307785826844035,6.998538909871434,-1.0851752,-0.39418527,-0.2976839999999998,0.1750852714352019,0.0240399433699641,0.98425980063759,10.6553540704636,2.3106014136078787,12.782948267412484,12.806346884964553,12.963462518878364
4406,05/05/2023 12:22:35.568899,4604,True,True,True,True,Eyes,2.070824,0.07317608,-2.727674,-0.9280006,-0.3641092,-0.07898969,0.0,0.0,0.0,0.0,0.0,0.0,0.0,2.961811,0.3365734,1.231772,2.049567,0.0768107,-2.489224,0.1077826,-0.7817855,0.1725404,0.5894271,23.38073,254.4795,2.177423,0.591975,0.020322,-0.8056999,0.0,0.0,0.0,0.9702813,-0.3142056,-2.794138,-0.0246162,0.1447177,1.203119,-0.2819176,0.03487429,0.9588047,-0.3719257,0.9172254,-0.1427193,-0.8844173,-0.3968391,-0.2456114,moving,9.975636192982847,1.3061593014866384,-1.1721264538521854,6.858895293753589,-1.0792857000000002,-0.3910163,-0.3049139999999997,0.1731857320931608,0.022450357649223,0.9846332707623046,10.546229268059024,2.2142072078456536,12.43308873085655,12.45413541880717,12.605276206439282
4407,05/05/2023 12:22:35.588634,4605,True,True,True,True,Eyes,2.069346,0.07313371,-2.718044,-0.9279202,-0.3625923,-0.08655062,0.0,0.0,0.0,0.0,0.0,0.0,0.0,2.96313,0.3140714,1.21139,2.044424,0.07567801,-2.482106,0.1048804,-0.784214,0.1727746,0.5866497,23.20614,254.0878,2.383235,0.5932375,0.02042622,-0.8047681,0.0,0.0,0.0,0.9709699,-0.3118557,-2.794033,-0.01873672,0.1476829,1.201451,-0.289685,0.03821892,0.9563588,-0.3672135,0.9182981,-0.1479284,-0.8838762,-0.3940404,-0.2519828,moving,9.916307211978006,1.1971282663908358,-0.8934596254212146,7.007670222811524,-1.0734540999999995,-0.38753371,-0.3119270000000003,0.1721730034481429,0.0205803199663426,0.9848517607860804,10.488005022959127,2.1016621872882064,12.252053429148525,12.27246743349768,12.393815086039924
4408,05/05/2023 12:22:35.598660,4606,True,True,True,True,Eyes,2.067693,0.0730618,-2.708517,-0.9278232,-0.3609591,-0.09408738,0.0,0.0,0.0,0.0,0.0,0.0,0.0,2.962761,0.2904573,1.193626,2.038711,0.07525355,-2.474886,0.101776,-0.7863999,0.172826,0.58425,23.00093,253.751,2.607308,0.5944819,0.02052415,-0.8038468,0.0,0.0,0.0,0.9716595,-0.3095019,-2.793927,-0.01352949,0.1477386,1.20009,-0.2965871,0.04187383,0.9540873,-0.3620205,0.9195457,-0.1528954,-0.8837291,-0.3907459,-0.2575662,moving,9.806824024335574,1.0674973426672631,-0.6459097545550179,7.01815793554402,-1.0670515000000005,-0.38475545,-0.3190409999999999,0.1702981401932042,0.018358123533222,0.9852214574162445,10.380391825300118,1.9675817775726476,12.00867966350879,12.027884475001276,12.127969576865896
4409,05/05/2023 12:22:35.623451,4607,True,True,True,True,Eyes,2.065877,0.07296224,-2.699148,-0.9276773,-0.359317,-0.1015194,0.0,0.0,0.0,0.0,0.0,0.0,0.0,2.963246,0.2635751,1.173671,2.032755,0.0744773,-2.467824,0.09809778,-0.7889059,0.1726263,0.5815535,22.73503,253.3676,2.859015,0.5957052,0.02061554,-0.8029382,0.0,0.0,0.0,0.9723287,-0.3072183,-2.793825,-0.008884922,0.1483928,1.198403,-0.304345,0.04600305,0.9514505,-0.3555627,0.921154,-0.1582737,-0.8837135,-0.3864701,-0.2639916,moving,9.743179483224411,0.8679169504897638,-0.4247813172192183,7.058745810493532,-1.0604262999999998,-0.3816956,-0.3260010000000002,0.1692133274892813,0.0149289953555432,0.985466408812766,10.31812705392412,1.7618825703046543,11.885743284388152,11.90436007575434,11.977764418122684
4410,05/05/2023 12:22:35.638816,4608,True,True,True,True,Eyes,2.063891,0.0728109,-2.68989,-0.9275339,-0.3575107,-0.1089353,0.0,0.0,0.0,0.0,0.0,0.0,0.0,2.961753,0.2381296,1.157273,2.026505,0.07380255,-2.460854,0.09418616,-0.7912096,0.1710835,0.579523,22.32699,253.0444,3.052059,0.5969055,0.02070027,-0.8020441,0.0,0.0,0.0,0.9730431,-0.3047798,-2.793716,-0.006236538,0.1438836,1.196621,-0.3105642,0.04925167,0.9492755,-0.3473356,0.9237188,-0.1615597,-0.8848207,-0.3798919,-0.2697671,moving,9.616274531348587,0.5535700896768281,-0.2986108975972061,6.856418062579332,-1.0534618999999998,-0.3785823499999999,-0.332862,0.1670412219087076,0.0095257255747748,0.985903862749969,10.193776303176636,1.43771240829776,11.731021861282136,11.748652928682624,11.809003350778836
4411,05/05/2023 12:22:35.648676,4609,True,True,True,True,Eyes,2.061745,0.0726058,-2.680766,-0.9272799,-0.3558381,-0.1163234,0.0,0.0,0.0,0.0,0.0,0.0,0.0,2.96151,0.2177642,1.13682,2.020353,0.07238127,-2.454232,0.09106757,-0.7936937,0.1695747,0.577063,21.98007,252.653,3.162063,0.5980806,0.0207775,-0.8011662,0.0,0.0,0.0,0.9737192,-0.3024724,-2.793612,-0.004082277,0.1371607,1.194926,-0.3174103,0.05115102,0.9469078,-0.34027,0.9259022,-0.1640772,-0.8851368,-0.3742841,-0.2764858,moving,9.554242065219915,0.2986582686353203,-0.1957412701207821,6.548091260146587,-1.0466338,-0.3748536699999999,-0.3393799999999998,0.1659790498109719,0.0051402444778584,0.986115831256012,10.133230948640096,1.1751196867705254,11.564360476007698,11.58091480647409,11.642872954053963
4412,05/05/2023 12:22:35.668635,4610,True,True,True,True,Eyes,2.059428,0.07239781,-2.671751,-0.926954,-0.3542124,-0.1236529,0.0,0.0,0.0,0.0,0.0,0.0,0.0,2.960918,0.2048474,1.114799,2.014022,0.07094038,-2.447541,0.08923711,-0.7959997,0.1683913,0.5745136,21.75353,252.2498,3.173711,0.5992277,0.02084631,-0.8003069,0.0,0.0,0.0,0.9743983,-0.3001549,-2.793508,-0.002665386,0.1309267,1.192812,-0.3239421,0.05142076,0.9446786,-0.3355516,0.9273623,-0.165543,-0.8845716,-0.3706147,-0.2831573,moving,9.511984050454757,0.1758800066345563,-0.1280294919871363,6.263885015470178,-1.0396237000000002,-0.37109528,-0.3459669999999999,0.1652531525866859,0.0030274761922099,0.9862466284131148,10.091866115024033,1.048555586925911,11.38600737314071,11.40147648710774,11.473705908138228
4413,05/05/2023 12:22:35.688563,4611,True,True,True,True,Eyes,2.056945,0.0721959,-2.662879,-0.9266389,-0.3523093,-0.1312193,0.0,0.0,0.0,0.0,0.0,0.0,0.0,2.9601,0.1884713,1.09389,2.007511,0.07069077,-2.441149,0.0875373,-0.7979285,0.1692758,0.5718334,21.73125,251.893,3.326264,0.6003458,0.02090753,-0.7994668,0.0,0.0,0.0,0.9750801,-0.2978278,-2.793404,-0.001212686,0.1270369,1.190502,-0.330688,0.05389814,0.9421999,-0.3332921,0.9273658,-0.1700265,-0.8829281,-0.3702534,-0.2887049,moving,9.427892683170432,0.2574385299368191,-0.0583634178210718,6.090908394795336,-1.0324309,-0.36851857,-0.3522550000000004,0.163804615856914,0.0044324451839852,0.9864828431381104,10.008784252660304,1.1318467824529626,11.122247168571256,11.136356023305424,11.222288282444286
4414,05/05/2023 12:22:35.698857,4612,True,True,True,True,Eyes,2.054304,0.0719699,-2.654119,-0.9263233,-0.350223,-0.1388123,0.0,0.0,0.0,0.0,0.0,0.0,0.0,2.960159,0.1563497,1.072071,2.000638,0.07069457,-2.434906,0.08281909,-0.8007302,0.1680669,0.568969,21.30887,251.4712,3.607414,0.6014324,0.02096203,-0.7986484,0.0,0.0,0.0,0.9757499,-0.2955417,-2.793302,0.000218302,0.1251711,1.187786,-0.3388308,0.05861816,0.9390197,-0.3238811,0.9297891,-0.1749095,-0.8833432,-0.3633954,-0.2960559,moving,9.380484429343808,-0.0775398943058009,0.0105303338466979,6.015732568290498,-1.0248881,-0.36623627,-0.3583960000000004,0.1629897588173708,-0.0013352289490152,0.9866267866663102,9.962842790197552,0.7870127777383904,11.162078476514958,11.176940952477,11.242243276008026
4415,05/05/2023 12:22:35.723614,4613,True,True,True,True,Eyes,2.051504,0.07178485,-2.645452,-0.9258156,-0.3484165,-0.1465314,0.0,0.0,0.0,0.0,0.0,0.0,0.0,2.96049,0.1327592,1.048084,1.994121,0.06986493,-2.428828,0.07921214,-0.8035538,0.1663204,0.5660076,20.91387,251.0112,3.742659,0.6024874,0.02100982,-0.7978516,0.0,0.0,0.0,0.9764577,-0.2931263,-2.793193,0.001273245,0.1237332,1.184538,-0.3467219,0.0609748,0.935984,-0.3155796,0.932126,-0.1776254,-0.8832856,-0.3569641,-0.3039462,moving,9.358329190581712,-0.3816239900122101,0.0615864891548339,5.963314764938888,-1.0176633000000002,-0.36299123,-0.3643649999999998,0.1626048834479374,-0.0065719025548371,0.9866693954092534,9.941720674913512,0.4741276716882474,11.239609299636314,11.255561854506167,11.302576098983218
4416,05/05/2023 12:22:35.738841,4614,True,True,True,True,Eyes,2.048524,0.07165018,-2.636899,-0.925312,-0.3464061,-0.1542741,0.0,0.0,0.0,0.0,0.0,0.0,0.0,2.959939,0.1207705,1.022242,1.985888,0.0703524,-2.423244,0.07895058,-0.8053352,0.1688492,0.5627539,21.15056,250.6123,3.865776,0.6035097,0.02105279,-0.7970774,0.0,0.0,0.0,0.977128,-0.2908382,-2.793091,0.001377016,0.1227719,1.180932,-0.3541496,0.06287766,0.9330724,-0.3172044,0.9305135,-0.1831008,-0.8797495,-0.3608198,-0.3095959,moving,9.321192968936604,-0.033370378085211,0.0668092399599636,5.935254824656417,-1.00876,-0.3611906,-0.369847,0.1619688069679351,-0.0005747325484992,0.9867957015734824,9.904294539462436,0.8320247670132972,10.998063173697426,11.012179848420118,11.082376732414373
4417,05/05/2023 12:22:35.748434,4615,True,True,True,True,Eyes,2.045349,0.07145818,-2.628467,-0.9247882,-0.3442333,-0.1620813,0.0,0.0,0.0,0.0,0.0,0.0,0.0,2.959439,0.09142953,0.9982488,1.978485,0.07141427,-2.417361,0.0747137,-0.8081918,0.1672324,0.5597119,20.72898,250.1543,4.07352,0.604498,0.02109295,-0.7963271,0.0,0.0,0.0,0.977811,-0.2885073,-2.792986,0.001740873,0.1217985,1.177267,-0.362281,0.06643793,0.9296981,-0.3079699,0.9329024,-0.1866754,-0.8797199,-0.3539479,-0.317512,moving,9.292775457644872,-0.3525624619954057,0.0847255574693854,5.906731404382595,-1.000674,-0.35992157,-0.3756249999999999,0.1614764180448309,-0.0060725844658991,0.9868579521041188,9.877035240137088,0.5035584130900418,11.118656222210443,11.13404430877653,11.184078294392478
4418,05/05/2023 12:22:35.768369,4616,True,True,True,True,Eyes,2.04205,0.0712233,-2.620136,-0.9241007,-0.3423682,-0.16977,0.0,0.0,0.0,0.0,0.0,0.0,0.0,2.958007,0.07798326,0.9766428,1.972208,0.07015948,-2.41147,0.07213032,-0.8106751,0.1641468,0.5573678,20.27618,249.7419,4.03661,0.6054501,0.02112884,-0.7956024,0.0,0.0,0.0,0.9785244,-0.2860724,-2.792877,0.001302183,0.121144,1.17338,-0.3682767,0.0660318,0.9273683,-0.2999288,0.9357061,-0.1857332,-0.8800086,-0.3465457,-0.324794,moving,9.223677890859296,-0.6768146110336064,0.0635851637356991,5.894539166778683,-0.9936836,-0.35623188,-0.3814069999999998,0.1602782145949452,-0.0116596565834795,0.9870029824404494,9.809689134948863,0.1696044303114324,11.25646673214826,11.273419589577532,11.303159750906222
4419,05/05/2023 12:22:35.788798,4617,True,True,True,True,Eyes,2.038593,0.07100561,-2.61185,-0.9232913,-0.3406189,-0.177516,0.0,0.0,0.0,0.0,0.0,0.0,0.0,2.956356,0.08016026,0.9537425,1.965847,0.06893262,-2.405574,0.07372884,-0.8119743,0.1665818,0.554538,20.62752,249.3875,3.983772,0.6063668,0.02115964,-0.7949031,0.0,0.0,0.0,0.979216,-0.283712,-2.792771,0.0007982254,0.1209482,1.169326,-0.3741034,0.06502001,0.9251047,-0.3044837,0.9336292,-0.1887494,-0.8759773,-0.3522911,-0.3294763,moving,9.151140773981536,-0.196072430972917,0.0391122231234754,5.905338347931078,-0.986631,-0.35264462,-0.387197,0.1590384364181249,-0.0033785476125546,0.9872666058905302,9.737055804520775,0.6635104851096498,10.951731848336475,10.966142339244842,11.023922580071767
4420,05/05/2023 12:22:35.798921,4618,True,True,True,True,Eyes,2.035023,0.07078715,-2.603692,-0.922454,-0.3388041,-0.1851771,0.0,0.0,0.0,0.0,0.0,0.0,0.0,2.953277,0.07022625,0.93647,1.959238,0.06901977,-2.400079,0.0725183,-0.8135309,0.166005,0.5525857,20.50233,249.0973,4.00823,0.6072473,0.02118637,-0.79423,0.0,0.0,0.0,0.9798959,-0.2813915,-2.792667,-4.136562e-05,0.117142,1.16543,-0.3787803,0.06547219,0.9231679,-0.3014557,0.9343669,-0.1899552,-0.8750144,-0.3502455,-0.3341828,moving,8.990833990093357,-0.1921786620962684,-0.0020336489037923,5.7397485875847565,-0.9793421,-0.35041127,-0.3925879999999999,0.1562756103564483,-0.0033129336525939,0.987708011881828,9.579030663042603,0.6663970707581196,10.759596626983653,10.773088195500415,10.841387778459914
4421,05/05/2023 12:22:35.818838,4619,True,True,True,True,Eyes,2.03135,0.07059246,-2.595624,-0.9213921,-0.3373957,-0.1928753,0.0,0.0,0.0,0.0,0.0,0.0,0.0,2.951159,0.05864933,0.9174657,1.952928,0.06876072,-2.394966,0.07088614,-0.8153682,0.1649716,0.5503948,20.30735,248.7638,4.035627,0.6080927,0.02120942,-0.7935822,0.0,0.0,0.0,0.9805757,-0.2790716,-2.792563,-0.001886368,0.1144533,1.161166,-0.3840818,0.06600242,0.9209371,-0.2971956,0.935519,-0.1909945,-0.8741603,-0.3470559,-0.3397002,moving,8.858611590790643,-0.2881035304405229,-0.0930795682340525,5.629321531375159,-0.9723523,-0.34783232,-0.3975969999999997,0.1539947895712564,-0.0049683546846107,0.9880592400800784,9.448923779432777,0.5668225626018113,10.717364579512935,10.730735947210947,10.801792614918886
4422,05/05/2023 12:22:35.834625,4620,True,True,True,True,Eyes,2.027578,0.0703976,-2.587689,-0.9202206,-0.3360957,-0.2005835,0.0,0.0,0.0,0.0,0.0,0.0,0.0,2.951431,0.05418044,0.8913176,1.947113,0.06898884,-2.390046,0.07151878,-0.8172873,0.16659,0.5469685,20.52039,248.3091,4.000361,0.6089027,0.02122984,-0.7929603,0.0,0.0,0.0,0.9812532,-0.2767594,-2.792459,-0.002294421,0.1126783,1.15679,-0.391421,0.06533618,0.9178892,-0.2991417,0.9342657,-0.1940667,-0.870232,-0.3505407,-0.3461465,moving,8.865832655109147,0.0116110407591323,-0.1136424652156035,5.563402593543487,-0.9658598,-0.34574824,-0.4024130000000001,0.1541212039750116,0.0002002296076403,0.9880519354206526,9.455335428755149,0.8751097548317183,10.545154312341904,10.557147478466849,10.655769689553962
4423,05/05/2023 12:22:35.850698,4621,True,True,True,True,Eyes,2.023705,0.07019906,-2.579844,-0.9188477,-0.3351426,-0.2083223,0.0,0.0,0.0,0.0,0.0,0.0,0.0,2.95275,0.04794917,0.8605258,1.940873,0.06891737,-2.38533,0.07183029,-0.8196945,0.1677038,0.5429706,20.66695,247.7609,3.944216,0.6096776,0.02124787,-0.7923642,0.0,0.0,0.0,0.9819621,-0.2743399,-2.792351,-0.004110008,0.1096363,1.15225,-0.4000469,0.06435873,0.9142322,-0.2998742,0.9334317,-0.1969283,-0.8660474,-0.3529352,-0.3541169,moving,8.949214859503465,0.2163762786758851,-0.2043698099115367,5.435315707036746,-0.9589109,-0.34325727,-0.4070209999999998,0.1555578534827256,0.0037304974205284,0.9878196578405304,9.537043590914076,1.0862788776667207,10.52570130352623,10.53686106281415,10.668142124522046
4424,05/05/2023 12:22:35.868493,4622,True,True,True,True,Eyes,2.019737,0.07005145,-2.572125,-0.917315,-0.3344931,-0.2159806,0.0,0.0,0.0,0.0,0.0,0.0,0.0,2.953126,0.0437336,0.8317347,1.934813,0.06862371,-2.38043,0.07264802,-0.8217368,0.1696726,0.5391495,20.92764,247.2595,3.902103,0.6104174,0.02126362,-0.7917941,0.0,0.0,0.0,0.9826359,-0.2720405,-2.792248,-0.005015105,0.1055346,1.147568,-0.40808,0.06356268,0.9107307,-0.3023528,0.931867,-0.200516,-0.8614251,-0.3571886,-0.3610578,moving,8.997010626987779,0.5196183353900992,-0.2503925876612869,5.254352589378662,-0.9521771,-0.34066421,-0.4118179999999998,0.1563766639277711,0.0089573562511686,0.9876569077856848,9.583441810531363,1.398476806170024,10.379127880786951,10.389041085210632,10.56276843571854
4425,05/05/2023 12:22:35.888815,4623,True,True,True,True,Eyes,2.015678,0.0699108,-2.564543,-0.9157677,-0.3337287,-0.2235949,0.0,0.0,0.0,0.0,0.0,0.0,0.0,2.952359,0.03009909,0.8064864,1.928439,0.06978051,-2.375712,0.07267779,-0.8233535,0.1736458,0.5354008,21.33174,246.8379,4.079159,0.6111225,0.02127886,-0.7912495,0.0,0.0,0.0,0.9833072,-0.269749,-2.792145,-0.007427424,0.09851791,1.142927,-0.4161276,0.06626116,0.9068885,-0.3056192,0.9291301,-0.2081202,-0.8564078,-0.3637672,-0.3663861,moving,8.986880016913746,0.9475100923446108,-0.3723370410233359,4.926598421971624,-0.9451318,-0.33952951,-0.416433,0.1561874554312469,0.0163334727870678,0.9875923760872276,9.572447717596663,1.8384648494742053,10.161435213742337,10.169960072318592,10.413227782818652
4426,05/05/2023 12:22:35.898983,4624,True,True,True,True,Eyes,2.011566,0.06977696,-2.557081,-0.9140709,-0.3332467,-0.23113,0.0,0.0,0.0,0.0,0.0,0.0,0.0,2.951869,0.008488059,0.7803652,1.922098,0.06980275,-2.371337,0.06969117,-0.8260078,0.1728526,0.5319552,21.08179,246.3505,4.22663,0.611793,0.02129382,-0.7907308,0.0,0.0,0.0,0.983998,-0.2673916,-2.79204,-0.008303106,0.09347081,1.137887,-0.4243337,0.06876872,0.9028909,-0.2990305,0.9305303,-0.21141,-0.8547057,-0.3597003,-0.3742914,moving,8.991061906690291,0.7020463922555412,-0.4180770914632926,4.695972254220794,-0.9381,-0.33719435,-0.420703,0.1562689434547469,0.0121021845523411,0.9876404227391152,9.577148239174928,1.58605064895799,10.213668413616167,10.221709273768722,10.467862331971714
4427,05/05/2023 12:22:35.918465,4625,True,True,True,True,Eyes,2.007347,0.0696965,-2.549696,-0.9121788,-0.3330934,-0.2387018,0.0,0.0,0.0,0.0,0.0,0.0,0.0,2.951136,0.00999403,0.7551551,1.916608,0.0698709,-2.366705,0.07164744,-0.8274918,0.175405,0.5285428,21.47097,245.9163,4.118948,0.6124294,0.0213087,-0.7902377,0.0,0.0,0.0,0.9846825,-0.2650554,-2.791935,-0.009172738,0.09081864,1.132567,-0.4310186,0.0668427,0.8998641,-0.3039933,0.9281995,-0.2145548,-0.8495949,-0.3660297,-0.3797516,moving,8.982406339051552,1.121562124868784,-0.4640323116381862,4.584642171794738,-0.9319255,-0.3349263,-0.42523,0.1561019819053204,0.0193337458961239,0.9875516711195902,9.567627846634156,2.0174347852170555,10.053580175809016,10.061218941691989,10.354938884260385
4428,05/05/2023 12:22:35.938470,4626,True,True,True,True,Eyes,2.003041,0.06965314,-2.542458,-0.9102772,-0.3327774,-0.2462813,0.0,0.0,0.0,0.0,0.0,0.0,0.0,2.950576,0.003593445,0.7283244,1.910387,0.07104788,-2.362571,0.07304007,-0.8289988,0.17939,0.5246384,21.96669,245.4619,4.15096,0.6130319,0.02132514,-0.7897701,0.0,0.0,0.0,0.9853872,-0.2626502,-2.791827,-0.01037154,0.09116134,1.127125,-0.4388396,0.06712954,0.8960544,-0.30933,0.9249687,-0.220789,-0.8436438,-0.3740675,-0.3851477,moving,9.004202518959774,1.6328294076984955,-0.5272074506572925,4.623990624324246,-0.9249998,-0.33369808,-0.4292560000000001,0.1564449046522389,0.0281435295474377,0.9872855671350887,9.587907843482492,2.543391746177047,9.981176135140894,9.989735803952057,10.326879930815888
4429,05/05/2023 12:22:35.948844,4627,True,True,True,True,Eyes,1.998657,0.06962173,-2.535302,-0.908275,-0.332521,-0.253902,0.0,0.0,0.0,0.0,0.0,0.0,0.0,2.949498,-0.01167458,0.7030921,1.903936,0.07186118,-2.358787,0.07100271,-0.8314772,0.1779091,0.5214908,21.71002,244.9898,4.165274,0.6136008,0.02134415,-0.7893277,0.0,0.0,0.0,0.9860408,-0.2604197,-2.791727,-0.01069438,0.08315376,1.122202,-0.4460119,0.06748164,0.8924794,-0.3036302,0.9266139,-0.2218002,-0.8419513,-0.3699092,-0.3927914,moving,8.98088755359733,1.3909366574067994,-0.5460017806768669,4.237800631014327,-0.9178952,-0.33228088,-0.4329399999999999,0.156060104436069,0.0239766226753509,0.9874564709588404,9.565496031405958,2.294458284397093,9.936072184649197,9.943151154022146,10.296551242037868
4430,05/05/2023 12:22:35.972099,4628,True,True,True,True,Eyes,1.994195,0.06962374,-2.528295,-0.9061794,-0.3322811,-0.2615876,0.0,0.0,0.0,0.0,0.0,0.0,0.0,2.949771,-0.01842159,0.6724882,1.898235,0.07204181,-2.354833,0.07152838,-0.8337178,0.1795505,0.5172621,21.92464,244.4296,4.109532,0.6141363,0.02136582,-0.7889104,0.0,0.0,0.0,0.9867452,-0.2580156,-2.791619,-0.01027963,0.07672218,1.117111,-0.4546476,0.0664804,0.8881872,-0.3050183,0.9252906,-0.2253911,-0.8368153,-0.3733868,-0.4004034,moving,9.069041779412968,1.619230282401197,-0.5272195785241713,3.928853190113324,-0.9114898,-0.33005741,-0.4367859999999997,0.1575631360179617,0.0279041743992498,0.987114543553387,9.651852581313602,2.5298580923972978,9.863483681384384,9.870288244305035,10.274760207353644
4431,05/05/2023 12:22:35.978583,4629,True,True,True,True,Eyes,1.989654,0.06963678,-2.521408,-0.9040879,-0.3318021,-0.2693186,0.0,0.0,0.0,0.0,0.0,0.0,0.0,2.950241,-0.02587897,0.6392496,1.891838,0.07283458,-2.351356,0.07153821,-0.8364196,0.1793808,0.5129396,21.92946,243.8089,3.977832,0.6146386,0.02139091,-0.7885185,0.0,0.0,0.0,0.9874307,-0.255676,-2.791514,-0.0105204,0.08077177,1.110045,-0.4635507,0.06435115,0.8837307,-0.303695,0.9254096,-0.2266857,-0.8324004,-0.3734649,-0.4094311,moving,9.195209168595635,1.6581587892348415,-0.5430018352999529,4.161758927454433,-0.9044073,-0.32851058,-0.4401579999999998,0.1597334460047383,0.0285647551472908,0.9867468539537418,9.776125284026053,2.570773345452279,10.047302738531188,10.054887727293938,10.441054526576716
4432,05/05/2023 12:22:35.998389,4630,True,True,True,True,Eyes,1.985049,0.06964029,-2.514661,-0.9018774,-0.3313848,-0.2771304,0.0,0.0,0.0,0.0,0.0,0.0,0.0,2.950531,-0.03349313,0.6049924,1.885571,0.07302041,-2.347777,0.07092228,-0.8394468,0.1777651,0.5086243,21.75228,243.1565,3.812706,0.6151076,0.02141944,-0.7881519,0.0,0.0,0.0,0.9881018,-0.2533855,-2.791412,-0.01053643,0.07182784,1.104988,-0.4725427,0.06176035,0.8791411,-0.2999023,0.9267392,-0.2263031,-0.828711,-0.3705944,-0.4194019,moving,9.330410908127057,1.514659893175986,-0.5463178556583066,3.719180887454465,-0.8974692000000001,-0.3264059099999999,-0.443635,0.1620724312867731,0.0260832524053853,0.9864340727421734,9.909733092308,2.424136945960489,10.113508146242951,10.119766987811516,10.53594515156886
4433,05/05/2023 12:22:36.018441,4631,True,True,True,True,Eyes,1.980387,0.06964389,-2.50807,-0.8996834,-0.3308036,-0.2848488,0.0,0.0,0.0,0.0,0.0,0.0,0.0,2.950918,-0.03798214,0.5690653,1.879355,0.07278832,-2.344338,0.0714286,-0.8422252,0.1778346,0.5039142,21.81071,242.4864,3.637913,0.6155427,0.02145068,-0.7878112,0.0,0.0,0.0,0.98879,-0.2510366,-2.791306,-0.011287,0.0649585,1.100094,-0.4819368,0.05890884,0.8742234,-0.2995447,0.9265456,-0.2275658,-0.8234136,-0.3715414,-0.4288907,moving,9.505700419970228,1.615926843995562,-0.5878359236189814,3.379285121546321,-0.8905650000000002,-0.32382492,-0.446968,0.1650818525047681,0.0278126054096771,0.985887682154453,10.082279062759977,2.5295057655375763,10.240432490972529,10.246409533800753,10.703900166595698
4434,05/05/2023 12:22:36.038502,4632,True,True,True,True,Eyes,1.975653,0.06964559,-2.501616,-0.8973754,-0.3302508,-0.2926634,0.0,0.0,0.0,0.0,0.0,0.0,0.0,2.95094,-0.04323059,0.5330565,1.87302,0.07278975,-2.341059,0.07161266,-0.8451046,0.1772541,0.4992504,21.78358,241.8103,3.45418,0.6159449,0.0214844,-0.7874959,0.0,0.0,0.0,0.9894701,-0.2487155,-2.791202,-0.01213381,0.07351238,1.094244,-0.4912417,0.05594796,0.8692249,-0.2980287,0.9269053,-0.2280912,-0.8184505,-0.3711017,-0.4386604,moving,9.67312943240924,1.632641895471782,-0.6353131566470904,3.8434112012853143,-0.8835498999999999,-0.32150525,-0.4501430000000002,0.1679608047784014,0.028086367389907,0.9853935199454024,10.247276093609749,2.547863670802105,10.53560449221772,10.542840676752997,10.959433935817431
4435,05/05/2023 12:22:36.048801,4633,True,True,True,True,Eyes,1.970864,0.06962904,-2.495334,-0.8950855,-0.3295753,-0.3003364,0.0,0.0,0.0,0.0,0.0,0.0,0.0,2.950574,-0.04952574,0.4961636,1.866446,0.07273062,-2.337863,-0.07174741,0.8479914,-0.176973,-0.4944124,21.78277,241.1212,3.29129,0.6163132,0.02152021,-0.7872067,0.0,0.0,0.0,0.9901742,-0.2463126,-2.791095,-0.01455706,0.07176919,1.089059,-0.5008175,0.0533129,0.8639095,-0.2966776,0.9270658,-0.2291975,-0.8131202,-0.3710887,-0.448474,moving,9.864091781982491,1.678017438703244,-0.765806473786967,3.7703507953705904,-0.8762718,-0.3190432199999999,-0.4532319999999998,0.1712403630197311,0.0288502138445425,0.9848067257484056,10.435402631906417,2.595861127496246,10.826310277954194,10.833863383088852,11.26261565576185
4436,05/05/2023 12:22:36.068708,4634,True,True,True,True,Eyes,1.966012,0.06958281,-2.489192,-0.8926513,-0.3289865,-0.3081258,0.0,0.0,0.0,0.0,0.0,0.0,0.0,2.950303,-0.05241165,0.45785,1.859876,0.07227161,-2.335015,-0.07232616,0.8509262,-0.176331,-0.4894905,21.77084,240.407,3.057653,0.6166482,0.02155741,-0.7869422,0.0,0.0,0.0,0.9908513,-0.2440016,-2.790991,-0.01584083,0.0689685,1.084085,-0.5103361,0.04953623,0.8585472,-0.2957131,0.9273526,-0.2292834,-0.8075339,-0.3708952,-0.4586129,moving,10.066495429780913,1.7186527543814871,-0.8371558640049932,3.64019947984596,-0.8690247000000001,-0.31627321,-0.4559760000000001,0.1747147612446755,0.0295303518376084,0.9841761426305476,10.63481813939891,2.6390633561587133,11.064052524168815,11.07167346676293,11.515574717439268
4437,05/05/2023 12:22:36.078417,4635,True,True,True,True,Eyes,1.961101,0.06951433,-2.483202,-0.8901876,-0.3284178,-0.3157653,0.0,0.0,0.0,0.0,0.0,0.0,0.0,2.949969,-0.05022636,0.4175904,1.853373,0.07149077,-2.332193,-0.07393751,0.8538069,-0.1760112,-0.4843212,21.85001,239.6554,2.731693,0.6169496,0.02159483,-0.7867042,0.0,0.0,0.0,0.9915401,-0.241651,-2.790886,-0.01419142,0.07342128,1.079211,-0.5199322,0.04423521,0.8530611,-0.2967486,0.9271066,-0.2289401,-0.8010058,-0.372178,-0.4689059,moving,10.31350757840064,1.862416007603,-0.7533852131429815,3.8919704190376274,-0.8618328999999999,-0.31314177,-0.4586929999999998,0.1789426115211206,0.0319750076845994,0.9833397581203872,10.8779616801483,2.7886370021709004,11.242652817140907,11.251453558029468,11.68356003882599
4438,05/05/2023 12:22:36.098730,4636,True,True,True,True,Eyes,1.956127,0.06941001,-2.477353,-0.8875362,-0.3280202,-0.3235462,0.0,0.0,0.0,0.0,0.0,0.0,0.0,2.949601,-0.04642507,0.3750963,1.846835,0.07086314,-2.32963,-0.076105,0.8567171,-0.1760504,-0.4788006,21.9952,238.8585,2.360257,0.6172173,0.02163171,-0.7864927,0.0,0.0,0.0,0.9922227,-0.2393214,-2.790781,-0.01100969,0.07660084,1.073942,-0.529916,0.03818514,0.8471901,-0.298987,0.9264286,-0.2287725,-0.7935968,-0.374529,-0.4795125,moving,10.591459084843663,2.069250940072949,-0.587356368899667,4.079814932538368,-0.8546123,-0.31018454,-0.4611510000000001,0.1836890053574992,0.035493001151405,0.9823433705344377,11.151453831563815,3.003291501524372,11.348147057298652,11.35818130321264,11.788068867292372
4439,05/05/2023 12:22:36.118933,4637,True,True,True,True,Eyes,1.951122,0.0692834,-2.471695,-0.8848501,-0.3277307,-0.3311085,0.0,0.0,0.0,0.0,0.0,0.0,0.0,2.948781,-0.04240313,0.3309827,1.840213,0.06988834,-2.327098,-0.07853319,0.8596173,-0.1765772,-0.4729812,22.20162,238.0301,1.981816,0.6174513,0.02166694,-0.7863078,0.0,0.0,0.0,0.9928836,-0.2370656,-2.79068,-0.008676082,0.0821949,1.068714,-0.5402427,0.03201837,0.8408999,-0.3020523,0.9253061,-0.229288,-0.7854312,-0.3778669,-0.4902187,moving,10.909735027682276,2.3310354067754324,-0.4651309527808401,4.397966172417395,-0.8473294000000001,-0.30695394,-0.4635820000000001,0.1891112690515846,0.0399391016376714,0.9811430813305592,11.46456469588779,3.274739206175301,11.54896853779777,11.561132248333394,11.982457055527329
4440,05/05/2023 12:22:36.139033,4638,True,True,True,True,Eyes,1.946055,0.06913333,-2.466175,-0.8819454,-0.3276509,-0.3388468,0.0,0.0,0.0,0.0,0.0,0.0,0.0,2.947547,-0.03879857,0.2848556,1.833439,0.0692427,-2.324734,-0.08141608,0.8624734,-0.1779479,-0.4667396,22.51658,237.1583,1.592499,0.6176513,0.02169989,-0.7861496,0.0,0.0,0.0,0.9936104,-0.2345849,-2.790569,-0.007388413,0.08924651,1.063311,-0.5510513,0.02567224,0.8340764,-0.306549,0.923412,-0.2309503,-0.7761252,-0.3829508,-0.5009776,moving,11.254572522612456,2.6916369003455585,-0.398113129142639,4.797741494796771,-0.8398286,-0.3038276,-0.4658350000000002,0.1949614561590365,0.0460595151719196,0.9797287922668632,11.803624697301704,3.6479989878844736,11.825872999067798,11.841484681465731,12.255786952190531
4441,05/05/2023 12:22:36.148934,4639,True,True,True,True,Eyes,1.940962,0.06895155,-2.460824,-0.879043,-0.3276143,-0.3463413,0.0,0.0,0.0,0.0,0.0,0.0,0.0,2.945816,-0.03577054,0.2371874,1.826718,0.06851641,-2.322451,-0.0841563,0.8654656,-0.1790174,-0.4602606,22.78874,236.2482,1.188367,0.6178175,0.02173,-0.7860182,0.0,0.0,0.0,0.9942613,-0.2323635,-2.790469,-0.005497903,0.0848854,1.058594,-0.5621558,0.0191205,0.8268104,-0.310458,0.921741,-0.232399,-0.7665486,-0.3873344,-0.5122259,moving,11.642435378006669,3.009243767720804,-0.2975681005693318,4.584563131625645,-0.8324567,-0.30087991,-0.4680179999999998,0.2015364167582025,0.051419883026928,0.978130405339156,12.185196527048648,3.977341646061289,12.025664518390842,12.043476000171236,12.497524982213143
4442,05/05/2023 12:22:36.168843,4640,True,True,True,True,Eyes,1.93582,0.06874445,-2.455589,-0.8758775,-0.3278857,-0.3540193,0.0,0.0,0.0,0.0,0.0,0.0,0.0,2.943341,-0.03435296,0.1889296,1.820082,0.06755889,-2.3201,-0.08694544,0.8683689,-0.1808034,-0.4535263,23.13334,235.3195,0.8097978,0.61795,0.02175647,-0.7859135,0.0,0.0,0.0,0.9949878,-0.2298841,-2.790358,-0.004031301,0.09283075,1.053606,-0.5735089,0.01299676,0.8190963,-0.3149996,0.9195013,-0.235144,-0.7562162,-0.3928722,-0.5232482,moving,12.030525815634528,3.3792911827824765,-0.2192237004247313,5.035194088701169,-0.8250942,-0.29744299,-0.4702579999999998,0.2080860870441591,0.0576552835098107,0.9764098221061094,12.566869119938,4.360617565129432,12.338594833432326,12.361164089195809,12.803875315586508
4443,05/05/2023 12:22:36.188394,4641,True,True,True,True,Eyes,1.930665,0.06851321,-2.450518,-0.8727743,-0.3281204,-0.361389,0.0,0.0,0.0,0.0,0.0,0.0,0.0,2.940036,-0.0405184,0.1398737,1.813561,0.06676734,-2.317662,-0.08902687,0.8712711,-0.1838232,-0.4462847,23.56457,234.3617,0.5589524,0.6180492,0.0217788,-0.785835,0.0,0.0,0.0,0.9956357,-0.2276728,-2.790259,-0.00185582,0.1010818,1.048189,-0.5858085,0.008941905,0.8104003,-0.319208,0.9165665,-0.240857,-0.7449395,-0.3997823,-0.5340781,moving,12.470091090040444,3.810488029309897,-0.1014421468191015,5.508268902236647,-0.8179253,-0.29444014,-0.4725969999999999,0.2154747821622143,0.0648954431422337,0.974350647697824,12.999136875606924,4.807140635776463,12.656944709400172,12.685657563482474,13.119327405353458
4444,05/05/2023 12:22:36.199002,4642,True,True,True,True,Eyes,1.925451,0.06826692,-2.445548,-0.8694428,-0.3285547,-0.368946,0.0,0.0,0.0,0.0,0.0,0.0,0.0,2.935905,-0.05058151,0.09105253,1.80699,0.06593491,-2.315347,-0.09013042,0.8743389,-0.1861512,-0.4390396,23.86983,233.4034,0.3663083,0.6181157,0.02179654,-0.7857824,0.0,0.0,0.0,0.9962991,-0.2254087,-2.790158,-0.0002323687,0.0958095,1.043587,-0.5982414,0.0058464,0.8012944,-0.3210645,0.9144484,-0.2463768,-0.734183,-0.40466,-0.5451838,moving,12.892501482813165,4.093918313628435,-0.0127576767254805,5.245498924012426,-0.8106909000000001,-0.29134361,-0.4748109999999998,0.2225814704158649,0.0696006524005983,0.9724265332110454,13.41484308230006,5.101575830929335,12.923944552266864,12.956537032597424,13.42837205325001
4445,05/05/2023 12:22:36.218744,4643,True,True,True,True,Eyes,1.920251,0.06801636,-2.440768,-0.8668723,-0.3280066,-0.3754252,0.0,0.0,0.0,0.0,0.0,0.0,0.0,2.930549,-0.06284356,0.04397178,1.800174,0.06534159,-2.312811,-0.09085686,0.8772923,-0.1884784,-0.4319484,24.15409,232.4739,0.2141128,0.6181498,0.02180962,-0.7857554,0.0,0.0,0.0,0.9969956,-0.2230316,-2.790051,0.00357455,0.09996004,1.03861,-0.6103315,0.003409809,0.7921391,-0.3222418,0.912442,-0.2522103,-0.7236407,-0.4091921,-0.5557933,moving,13.368832497034331,4.405304022242837,0.1971922280879173,5.497445861851674,-0.8031784,-0.28837319,-0.4772400000000001,0.23057196740879,0.0747416673019834,0.9701805223565608,13.883633501488294,5.425137367777738,13.178959489675512,13.216840816638252,13.68663228294501
4446,05/05/2023 12:22:36.239299,4644,True,True,True,True,Eyes,1.91499,0.06775986,-2.436064,-0.8641227,-0.3274958,-0.3821499,0.0,0.0,0.0,0.0,0.0,0.0,0.0,2.924068,-0.0819785,-0.001463175,1.793218,0.06475705,-2.31021,-0.08998098,0.8804141,-0.1901775,-0.4249789,24.28966,231.5768,0.2012665,0.618152,0.02181826,-0.7857536,0.0,0.0,0.0,0.9976993,-0.2206301,-2.789943,0.008000612,0.09939194,1.033452,-0.6225929,0.003201809,0.7825396,-0.3200839,0.9114718,-0.2583898,-0.7140902,-0.41135,-0.5664511,moving,13.804272909741131,4.537022657179636,0.4435543631124043,5.493508662597269,-0.7955187,-0.28538715,-0.4797329999999999,0.2379005814666147,0.0768321649857675,0.9682459488706296,14.3125410081331,5.563637917996262,13.354758146786594,13.39491192807137,13.869163950008854
4447,05/05/2023 12:22:36.249476,4645,True,True,True,True,Eyes,1.909736,0.06746716,-2.431498,-0.8613367,-0.3268686,-0.3889164,0.0,0.0,0.0,0.0,0.0,0.0,0.0,2.916442,-0.1056336,-0.04509044,1.786257,0.06437805,-2.307373,-0.08789694,0.8836523,-0.1912074,-0.4181776,24.295,230.7125,0.2877042,0.6181229,0.02182267,-0.7857766,0.0,0.0,0.0,0.9983891,-0.2182756,-2.789838,0.0126074,0.09615211,1.028571,-0.6348033,0.004576662,0.7726603,-0.315258,0.9114277,-0.2644087,-0.7054341,-0.4114348,-0.5771344,moving,14.211490122821672,4.522928769751759,0.7022506359019036,5.34056097615741,-0.7878679,-0.28265365,-0.4824649999999999,0.2447831377990805,0.0764590059126907,0.9665584278696704,14.713972212032573,5.551983009883195,13.494076041384872,13.533960024320454,14.01331655259919
4448,05/05/2023 12:22:36.268476,4646,True,True,True,True,Eyes,1.904431,0.06715766,-2.426973,-0.8583592,-0.3263722,-0.3958544,0.0,0.0,0.0,0.0,0.0,0.0,0.0,2.907872,-0.1285839,-0.08915758,1.779345,0.0631728,-2.304374,-0.08556657,0.8869569,-0.1918028,-0.4113364,24.24472,229.8411,0.3772306,0.6180635,0.02182201,-0.7858234,0.0,0.0,0.0,0.9990462,-0.216033,-2.789737,0.01786107,0.0974433,1.023195,-0.6469617,0.00600317,0.7624992,-0.3095786,0.9117801,-0.2698483,-0.6968514,-0.4106349,-0.5880284,moving,14.60994540308214,4.442637577470313,1.000063528243124,5.440118777000776,-0.7802988,-0.2792058,-0.485363,0.2515274731641066,0.0749706229104709,0.9649421594587604,15.106922675223617,5.472187401400888,13.60811560194185,13.646386092679933,14.106895597168714
4449,05/05/2023 12:22:36.288737,4647,True,True,True,True,Eyes,1.898985,0.06683438,-2.422409,-0.8554045,-0.3257199,-0.4027279,0.0,0.0,0.0,0.0,0.0,0.0,0.0,2.898345,-0.1515569,-0.1288223,1.772535,0.06250657,-2.300909,-0.08391981,0.8896447,-0.193932,-0.4048212,24.39382,229.0393,0.4842989,0.617975,0.02181622,-0.7858933,0.0,0.0,0.0,0.999728,-0.213706,-2.789633,0.02305692,0.09702716,1.017836,-0.6581547,0.007697906,0.7528436,-0.3063332,0.9106957,-0.2771161,-0.6877447,-0.4130062,-0.5970204,moving,14.954756524362622,4.570882622358342,1.2976926584587465,5.445374915739473,-0.772807,-0.27621257,-0.4887239999999999,0.2572898994677149,0.0770094579280194,0.9632608807255671,15.446504186827744,5.60648358712368,13.644832672910344,13.685033072980142,14.149728748965568
4450,05/05/2023 12:22:36.298791,4648,True,True,True,True,Eyes,1.893483,0.06650043,-2.417878,-0.8523015,-0.3250586,-0.4097793,0.0,0.0,0.0,0.0,0.0,0.0,0.0,2.887681,-0.1803189,-0.1670165,1.765388,0.06186212,-2.29754,-0.0808163,0.8924608,-0.1954761,-0.3984614,24.41318,228.2761,0.7254192,0.6178579,0.02180543,-0.7859856,0.0,0.0,0.0,1.000404,-0.2113977,-2.78953,0.02838206,0.09705023,1.012193,-0.6693943,0.0115286,0.7428176,-0.3000301,0.9105156,-0.2845051,-0.679627,-0.4133138,-0.6060352,moving,15.25734087472526,4.536893947854501,1.60616232248805,5.476843012865626,-0.7649839999999999,-0.27325982,-0.4919899999999999,0.2623871094026198,0.0763295295918824,0.9619390951491262,15.744844632002556,5.573638533220464,13.644479756193652,13.683500287202705,14.13901364389112
4451,05/05/2023 12:22:36.318452,4649,True,True,True,True,Eyes,1.887974,0.06615359,-2.413308,-0.8492849,-0.3241893,-0.4166729,0.0,0.0,0.0,0.0,0.0,0.0,0.0,2.876627,-0.2092264,-0.2035022,1.759853,0.06168564,-2.293313,-0.07735659,0.8953523,-0.1965557,-0.3920793,24.37035,227.5097,0.9818004,0.6177133,0.02178977,-0.7860997,0.0,0.0,0.0,1.001109,-0.2089937,-2.789422,0.03419781,0.09730455,1.0062,-0.6805795,0.01560805,0.7325079,-0.2926536,0.9107636,-0.2913133,-0.6716884,-0.412633,-0.6152794,moving,15.573798656380124,4.444764171628422,1.9465675402049123,5.523611226600159,-0.7587439999999999,-0.27067934,-0.4961090000000001,0.2677298274846022,0.07466883877582,0.9605962487891808,16.056997253484745,5.481095904961222,13.633244362367924,13.66986974560018,14.110493763365776
4452,05/05/2023 12:22:36.338370,4650,True,True,True,True,Eyes,1.882465,0.06581412,-2.408721,-0.8461148,-0.3232867,-0.4237635,0.0,0.0,0.0,0.0,0.0,0.0,0.0,2.863968,-0.2418885,-0.2401705,1.754437,0.06106523,-2.288389,-0.0733639,0.8982334,-0.1982337,-0.3853544,24.37219,226.7251,1.320076,0.6175442,0.0217693,-0.7862329,0.0,0.0,0.0,1.001798,-0.20664,-2.789316,0.0405041,0.09950037,0.9999778,-0.6922396,0.02098462,0.7213627,-0.2845762,0.9106423,-0.299578,-0.6631899,-0.4126624,-0.6244109,moving,15.901272389890908,4.372303431212949,2.319497560078718,5.68237380306895,-0.7526390000000001,-0.26770523,-0.5009269999999999,0.2732428358706856,0.0733358553767073,0.95914558544034,16.37996205996156,5.408858413591673,13.610521390754384,13.64481190441755,14.063124568201284
4453,05/05/2023 12:22:36.348858,4651,True,True,True,True,Eyes,1.876751,0.06547845,-2.404003,-0.8439699,-0.3212267,-0.4295673,0.0,0.0,0.0,0.0,0.0,0.0,0.0,2.849917,-0.2719953,-0.2775345,1.747204,0.06058224,-2.283997,-0.06938376,0.9011356,-0.1988956,-0.3789212,24.27054,225.96,1.614425,0.6173531,0.02174473,-0.7863835,0.0,0.0,0.0,1.002465,-0.2043664,-2.789214,0.04758027,0.1026158,0.9935484,-0.7032095,0.02568321,0.710519,-0.2757799,0.9112529,-0.3058819,-0.6553186,-0.4110458,-0.6337187,moving,16.304302840103272,4.267011584271532,2.7417562061319414,5.896722575970475,-0.744739,-0.26494864,-0.505217,0.2800216941138631,0.0714279188740937,0.9573326242007568,16.7774812226008,5.303383171752381,13.62886761147156,13.660110874920138,14.048260689015123
4454,05/05/2023 12:22:36.368485,4652,True,True,True,True,Eyes,1.870969,0.06515756,-2.399278,-0.8416622,-0.3191597,-0.4355935,0.0,0.0,0.0,0.0,0.0,0.0,0.0,2.834353,-0.3032542,-0.3139307,1.739513,0.06009185,-2.279156,-0.06504062,0.9039762,-0.199492,-0.3725587,24.1505,225.2137,1.950347,0.61714,0.02171672,-0.7865513,0.0,0.0,0.0,1.003162,-0.2019876,-2.789108,0.0550023,0.1071983,0.9866652,-0.7139399,0.03105457,0.6995184,-0.2662352,0.9119453,-0.312209,-0.6476181,-0.4091348,-0.6428064,moving,16.676237547339205,4.1308847365788965,3.190688512800718,6.200697809521931,-0.736351,-0.26207945,-0.5099520000000002,0.2862789046820084,0.0690201567430943,0.955657091718786,17.144421664154898,5.165979301672689,13.6160055252366,13.643465795752478,13.992044570029298
4455,05/05/2023 12:22:36.378296,4653,True,True,True,True,Eyes,1.865109,0.06488158,-2.394569,-0.8392886,-0.3168848,-0.4417901,0.0,0.0,0.0,0.0,0.0,0.0,0.0,2.818443,-0.3326488,-0.3482835,1.731932,0.06015079,-2.274285,-0.06099426,0.9066228,-0.2000327,-0.3664718,24.04248,224.5001,2.26013,0.6169055,0.02168611,-0.7867358,0.0,0.0,0.0,1.003876,-0.1995502,-2.788998,0.06299981,0.1133173,0.9793656,-0.7239561,0.0360151,0.6889051,-0.2572103,0.9125332,-0.3180031,-0.6401017,-0.4074138,-0.6513705,moving,17.00799936663452,4.028626344017934,3.680603743882637,6.600048138977611,-0.728056,-0.25970099,-0.514713,0.2918440612409201,0.0671963837516965,0.9541024645959736,17.471683491682995,5.06312677675686,13.549205027005042,13.573197270095935,13.876455162751029
4456,05/05/2023 12:22:36.398625,4654,True,True,True,True,Eyes,1.859176,0.0646117,-2.389844,-0.8368001,-0.3144143,-0.4482289,0.0,0.0,0.0,0.0,0.0,0.0,0.0,2.802101,-0.3594409,-0.3829706,1.723895,0.06091668,-2.269826,-0.05671886,0.9094359,-0.1991098,-0.3606448,23.76999,223.7957,2.533359,0.6166497,0.02165463,-0.7869368,0.0,0.0,0.0,1.004556,-0.197229,-2.788894,0.07144141,0.1186993,0.9720839,-0.7334365,0.04045149,0.678553,-0.2467801,0.9142765,-0.3212445,-0.6333799,-0.4030659,-0.6605811,moving,17.30545339280282,3.784909213883219,4.203284784802972,6.961813121335355,-0.719339,-0.25814568,-0.5190679999999999,0.2968741658567668,0.0630350860707512,0.9528337807669356,17.765461114150327,4.814553945467569,13.46262020331059,13.481822601920015,13.73110879560198
4457,05/05/2023 12:22:36.418508,4655,True,True,True,True,Eyes,1.853203,0.06433942,-2.385087,-0.8342826,-0.3120226,-0.4545485,0.0,0.0,0.0,0.0,0.0,0.0,0.0,2.785382,-0.3789568,-0.4190037,1.716054,0.06075662,-2.264728,-0.05271409,0.912464,-0.1966051,-0.3549327,23.34147,223.0696,2.707027,0.6163732,0.02162259,-0.7871538,0.0,0.0,0.0,1.005235,-0.1949116,-2.78879,0.08000863,0.1255444,0.9645596,-0.7424881,0.04336374,0.6684543,-0.2357626,0.9171353,-0.3213702,-0.6269988,-0.39621,-0.6707385,moving,17.611103054657065,3.4040979971948877,4.741735356725917,7.41577051707504,-0.7108189999999999,-0.25566822,-0.5240620000000002,0.3020695005182323,0.0566039890777596,0.9516038586002686,18.06764029297431,4.4250459640407085,13.464986775157094,13.480138773444258,13.657385391137344
4458,05/05/2023 12:22:36.438236,4656,True,True,True,True,Eyes,1.847149,0.06411525,-2.380299,-0.8316511,-0.3097433,-0.4608855,0.0,0.0,0.0,0.0,0.0,0.0,0.0,2.769526,-0.3919907,-0.4493093,1.708638,0.06046021,-2.258919,-0.05133749,0.9145223,-0.1968408,-0.3496673,23.32416,222.4125,2.731365,0.6160775,0.02158999,-0.7873856,0.0,0.0,0.0,1.005928,-0.1925464,-2.788684,0.08908266,0.1335739,0.95687,-0.7501945,0.043759,0.6597676,-0.2315561,0.9172363,-0.3241284,-0.6193464,-0.3959326,-0.6779731,moving,17.86543602357341,3.484162618647317,5.318790046098155,7.946828816557114,-0.7027100000000002,-0.25300661,-0.5297649999999998,0.3062686813552862,0.0578522130188769,0.950185521046318,18.318150132552283,4.509160784789192,13.302149353990156,13.316670562796943,13.446223416035291
4459,05/05/2023 12:22:36.448728,4657,True,True,True,True,Eyes,1.841017,0.06392109,-2.37551,-0.8291304,-0.307374,-0.4669732,0.0,0.0,0.0,0.0,0.0,0.0,0.0,2.754212,-0.4060414,-0.4720292,1.70053,0.06140616,-2.253395,-0.05001142,0.9159984,-0.1975741,-0.3455582,23.36073,221.9177,2.805035,0.6157631,0.02155851,-0.7876319,0.0,0.0,0.0,1.0066,-0.1902524,-2.788582,0.09812838,0.1393006,0.9493011,-0.7561771,0.044926,0.6528234,-0.2281675,0.9169266,-0.3273915,-0.6132996,-0.3965189,-0.6831082,moving,17.99113167183491,3.629712930037186,5.901651453174208,8.348014003134882,-0.6939300000000002,-0.25165856,-0.5351870000000001,0.3083091441440801,0.0602240993411831,0.9493779516578676,18.441706600158568,4.659726301400648,12.964049721833508,12.977592110009596,13.071206878485745
4460,05/05/2023 12:22:36.468754,4658,True,True,True,True,Eyes,1.834853,0.0637471,-2.370675,-0.8265613,-0.3049353,-0.4730865,0.0,0.0,0.0,0.0,0.0,0.0,0.0,2.73817,-0.4236106,-0.4934151,1.691891,0.06198702,-2.248142,-0.04646169,0.9178116,-0.1961405,-0.3420411,23.06803,221.4996,3.046079,0.61543,0.02152905,-0.7878923,0.0,0.0,0.0,1.0073,-0.1878624,-2.788474,0.1062615,0.1444305,0.9417357,-0.7616984,0.0488901,0.6460846,-0.2194624,0.9187404,-0.3282565,-0.6096325,-0.3918238,-0.6890736,moving,18.030504153589213,3.408020886909436,6.4377854156548375,8.719301235360392,-0.684591,-0.24984942,-0.5403319999999998,0.309028213748309,0.0565363993161466,0.9493709259219631,18.481038819099503,4.432005097429457,12.738100630566722,12.751502918350296,12.783616887012029
4461,05/05/2023 12:22:36.488596,4659,True,True,True,True,Eyes,1.828677,0.06363475,-2.365825,-0.8240288,-0.3026161,-0.4789572,0.0,0.0,0.0,0.0,0.0,0.0,0.0,2.722889,-0.4405997,-0.5119863,1.684873,0.06230642,-2.242253,-0.04316329,0.9194058,-0.1953565,-0.3386236,22.85846,221.1042,3.293278,0.6150799,0.02150213,-0.7881658,0.0,0.0,0.0,1.007988,-0.1855139,-2.788369,0.1138985,0.1467761,0.9345281,-0.7669423,0.05293544,0.6395293,-0.2116738,0.9199456,-0.3299915,-0.6058004,-0.388456,-0.6943401,moving,18.06585609169365,3.2608935036776048,6.948828827903467,8.925904226270927,-0.676885,-0.24782032,-0.546116,0.3096560081506984,0.0540867503131538,0.9493090891259957,18.516232250339566,4.280940732558486,12.462910397411758,12.477204882142136,12.465171791648428
4462,05/05/2023 12:22:36.498462,4660,True,True,True,True,Eyes,1.822435,0.06359704,-2.360962,-0.8214859,-0.3000662,-0.4848929,0.0,0.0,0.0,0.0,0.0,0.0,0.0,2.706724,-0.4622945,-0.5297062,1.677636,0.06378559,-2.236544,-0.04019846,0.9207022,-0.1963497,-0.3348708,22.86007,220.6972,3.576526,0.6147156,0.02147964,-0.7884511,0.0,0.0,0.0,1.008648,-0.1832634,-2.788268,0.1209262,0.1465931,0.9279816,-0.7724913,0.05748195,0.6324184,-0.2055252,0.9196618,-0.3346367,-0.6008466,-0.3884818,-0.6986168,moving,18.12918233925261,3.325613199398317,7.424433658576402,8.97682469677353,-0.6689879999999999,-0.24704899,-0.5517240000000001,0.310687122046128,0.0551395118218774,0.9489115233689596,18.57850105206976,4.347942313373817,12.091075521654572,12.10486826464893,12.076413852544963
4463,05/05/2023 12:22:36.518965,4661,True,True,True,True,Eyes,1.816125,0.06363189,-2.356061,-0.8189303,-0.2974679,-0.4907809,0.0,0.0,0.0,0.0,0.0,0.0,0.0,2.690592,-0.480397,-0.5490572,1.66976,0.06552953,-2.231397,-0.03579971,0.922574,-0.1937976,-0.3316899,22.41633,220.3182,3.876999,0.6143351,0.02146355,-0.7887486,0.0,0.0,0.0,1.009367,-0.1808092,-2.788158,0.1277961,0.1464591,0.9212266,-0.7774006,0.06250563,0.6258928,-0.1946171,0.9223218,-0.3338364,-0.5981412,-0.381334,-0.7048489,moving,18.13390573542151,2.946543300168901,7.897885377406063,9.033436298008647,-0.660393,-0.24633873,-0.5567610000000003,0.3108671488072085,0.0488573080467546,0.9491967440084332,18.5840501612247,3.958126650678344,11.890308125125012,11.909088090062028,11.830168460474672
4464,05/05/2023 12:22:36.538537,4662,True,True,True,True,Eyes,1.809782,0.06373441,-2.351139,-0.8163255,-0.2947945,-0.4966979,0.0,0.0,0.0,0.0,0.0,0.0,0.0,2.674075,-0.4997718,-0.5673189,1.662159,0.06730376,-2.225982,-0.0317505,0.9242082,-0.1923774,-0.3283629,22.11365,219.938,4.187618,0.6139398,0.02145579,-0.7890571,0.0,0.0,0.0,1.010051,-0.1784729,-2.788054,0.1332328,0.1491106,0.9147554,-0.7823396,0.06765107,0.6191674,-0.1850273,0.9239657,-0.3347422,-0.5947351,-0.3764449,-0.7103376,moving,18.14819527317408,2.7096734233010724,8.286778012694212,9.258128634733836,-0.6521079999999999,-0.2457766599999999,-0.5620719999999997,0.3111613265043785,0.0449282212186275,0.9492944784791894,18.59869364055309,3.7146211211222218,11.8119064921243,11.837644024105105,11.707522345464415
4465,05/05/2023 12:22:36.549093,4663,True,True,True,True,Eyes,1.803332,0.06391701,-2.346156,-0.8135613,-0.2923023,-0.5026703,0.0,0.0,0.0,0.0,0.0,0.0,0.0,2.658075,-0.5163359,-0.5853374,1.65496,0.06903724,-2.22057,-0.02845807,0.92572,-0.1913157,-0.3250092,21.88271,219.5479,4.429661,0.6135293,0.02145784,-0.7893766,0.0,0.0,0.0,1.01077,-0.176021,-2.787944,0.138114,0.1493341,0.9083807,-0.7871181,0.0716703,0.612624,-0.1770471,0.9251769,-0.3357112,-0.5908461,-0.3727078,-0.7155346,moving,18.164819232246558,2.554914266715984,8.645276810858805,9.33568908693886,-0.64419,-0.24505824,-0.567374,0.311471749193689,0.0423594320121731,0.94931084578177,18.61544470241578,3.5555773766982868,11.656172249926296,11.687625724464722,11.524493011351684
4466,05/05/2023 12:22:36.568824,4664,True,True,True,True,Eyes,1.796857,0.06417524,-2.341172,-0.8107694,-0.28981,-0.5085894,0.0,0.0,0.0,0.0,0.0,0.0,0.0,2.643445,-0.52569,-0.6025071,1.647517,0.07101826,-2.215358,-0.02649157,0.9270946,-0.1899303,-0.3220565,21.66815,219.1779,4.518626,0.6131044,0.02147157,-0.7897066,0.0,0.0,0.0,1.011435,-0.1737511,-2.787842,0.1434371,0.1486628,0.9041259,-0.7911557,0.0732162,0.6072168,-0.1714569,0.9264494,-0.3351031,-0.5870906,-0.3692302,-0.7204123,moving,18.159503319269035,2.4696487406795185,9.01468955678556,9.337427389912834,-0.6360819999999998,-0.24476936,-0.5724839999999998,0.3114020111339587,0.0409476396435746,0.9493956562666936,18.61040566810459,3.467850288700393,11.400476484613945,11.436520551521436,11.24854226271587
4467,05/05/2023 12:22:36.588801,4665,True,True,True,True,Eyes,1.790344,0.0645085,-2.336208,-0.8079296,-0.2873716,-0.5144582,0.0,0.0,0.0,0.0,0.0,0.0,0.0,2.630299,-0.5313115,-0.6172097,1.64037,0.07307334,-2.21033,-0.02545961,0.928212,-0.1888821,-0.3195275,21.5255,218.8522,4.528131,0.6126649,0.02149848,-0.7900473,0.0,0.0,0.0,1.012102,-0.1714731,-2.78774,0.1487808,0.1490862,0.9000692,-0.7945078,0.07344224,0.6027963,-0.1679699,0.9273508,-0.3343751,-0.5835608,-0.3669153,-0.7244512,moving,18.116630415510667,2.4864174734207496,9.386077882812131,9.405000650862698,-0.628268,-0.2445464399999999,-0.57741,0.3106878150316096,0.0412356347240152,0.949617090521096,18.568105914527525,3.484796859067177,11.099581134138209,11.139539519629684,10.925129368185866
4468,05/05/2023 12:22:36.598969,4666,True,True,True,True,Eyes,1.783819,0.06487276,-2.331267,-0.8051041,-0.2847505,-0.5203118,0.0,0.0,0.0,0.0,0.0,0.0,0.0,2.618279,-0.5317197,-0.6331687,1.633075,0.07516281,-2.205997,-0.02410319,0.9296311,-0.1855829,-0.3174339,21.12166,218.5435,4.488814,0.6122122,0.02153978,-0.7903972,0.0,0.0,0.0,1.012744,-0.1692837,-2.787642,0.1527266,0.147139,0.8949594,-0.79731,0.07300645,0.599139,-0.1626347,0.929956,-0.3297449,-0.5812464,-0.3603497,-0.7295898,moving,18.035707595194047,2.2722513615166045,9.684348242939182,9.336393932088749,-0.620331,-0.24444651,-0.581645,0.3093894897993497,0.037702562475043,0.9501876071023098,18.488844142834765,3.263976702664582,10.890428078133636,10.938341432222,10.695484984772108
4469,05/05/2023 12:22:36.628674,4667,True,True,True,True,Eyes,1.77727,0.06522783,-2.326348,-0.8020946,-0.2823128,-0.5262545,0.0,0.0,0.0,0.0,0.0,0.0,0.0,2.606629,-0.5294006,-0.6501122,1.626248,0.07620252,-2.201575,-0.02290864,0.9311177,-0.18198,-0.3152435,20.69133,218.2156,4.418692,0.6117455,0.02159527,-0.7907572,0.0,0.0,0.0,1.013433,-0.166932,-2.787536,0.155706,0.1449955,0.8898954,-0.8001936,0.07207477,0.5953954,-0.1573973,0.9327169,-0.324446,-0.5787197,-0.3533332,-0.7350097,moving,17.958533141027434,2.02829642747966,9.924640289658011,9.254191674512692,-0.6128149999999999,-0.24313452,-0.5859609999999997,0.3081537838377175,0.0336707105614597,0.9507405492141552,18.413347364458573,3.0125468300659004,10.748608293738467,10.805415145582296,10.53642625210172
4470,05/05/2023 12:22:36.638479,4668,True,True,True,True,Eyes,1.770714,0.06555849,-2.321468,-0.7990691,-0.2797646,-0.5321845,0.0,0.0,0.0,0.0,0.0,0.0,0.0,2.593723,-0.532576,-0.6681054,1.619452,0.07629659,-2.197488,-0.02113829,0.9325325,-0.179563,-0.3125595,20.3718,217.8604,4.455383,0.611266,0.02166318,-0.7911263,0.0,0.0,0.0,1.014106,-0.1646339,-2.787433,0.1580682,0.142691,0.885311,-0.8037194,0.07282396,0.5905349,-0.1516725,0.9346206,-0.3216828,-0.5753524,-0.3481107,-0.7401274,moving,17.922321135690492,1.862028555559054,10.1232259919531,9.155970017521632,-0.6053459999999999,-0.24093049,-0.5899450000000002,0.3075802006718439,0.030917627586475,0.95101972665519,18.378044617123365,2.841298672414736,10.615152510580916,10.678364439913302,10.393127764593872
4471,05/05/2023 12:22:36.653354,4669,True,True,True,True,Eyes,1.764129,0.06587886,-2.316628,-0.7958059,-0.2775737,-0.5381876,0.0,0.0,0.0,0.0,0.0,0.0,0.0,2.580294,-0.5384002,-0.6858037,1.612677,0.07601218,-2.193538,-0.01892144,0.93389,-0.1775255,-0.3098006,20.07819,217.5121,4.558939,0.6107726,0.02174168,-0.7915053,0.0,0.0,0.0,1.014813,-0.1622225,-2.787325,0.1598904,0.13722,0.880908,-0.8073314,0.07465389,0.5853573,-0.1453361,0.9362534,-0.3198548,-0.5719212,-0.3433023,-0.7450168,moving,17.869171036824827,1.681063409936748,10.28755087227651,8.85387166001911,-0.597864,-0.2382346799999999,-0.5937869999999998,0.3067249286753446,0.0279218411101747,0.9513886015285148,18.326080456681076,2.6548172119492177,10.37043525698469,10.436960405785548,10.151169091758964
4472,05/05/2023 12:22:36.668989,4670,True,True,True,True,Eyes,1.757528,0.06621864,-2.311856,-0.7925213,-0.2752392,-0.5441998,0.0,0.0,0.0,0.0,0.0,0.0,0.0,2.565392,-0.5539287,-0.7016306,1.60579,0.07610088,-2.189978,-0.01584827,0.9349616,-0.1773604,-0.3068209,19.96069,217.187,4.833622,0.6102661,0.02182925,-0.7918937,0.0,0.0,0.0,1.015479,-0.1599476,-2.787223,0.1613334,0.1306681,0.8771623,-0.8112194,0.07920069,0.5793532,-0.1384708,0.9365843,-0.321925,-0.5681098,-0.3413754,-0.7488084,moving,17.814636974469646,1.6339598876513557,10.421735659504632,8.47286399702348,-0.590311,-0.23604848,-0.597245,0.3058257762254543,0.0271479325952441,0.9517003913219078,18.272436688590616,2.6059940258619654,10.00719544547817,10.071027716673129,9.800697419398706
4473,05/05/2023 12:22:36.689102,4671,True,True,True,True,Eyes,1.75086,0.06658745,-2.307134,-0.7889104,-0.2730747,-0.5505003,0.0,0.0,0.0,0.0,0.0,0.0,0.0,2.549209,-0.5729342,-0.7190294,1.598868,0.07650713,-2.186661,-0.01150585,0.9362483,-0.1763801,-0.3036394,19.70993,216.8439,5.214952,0.609745,0.0219259,-0.7922924,0.0,0.0,0.0,1.01617,-0.1575903,-2.787117,0.1614554,0.1315454,0.8733149,-0.8153415,0.08556729,0.5726226,-0.1286566,0.9375153,-0.3232839,-0.564505,-0.3372585,-0.7533864,moving,17.741325145949578,1.411055897205534,10.47437599325779,8.56593458451648,-0.5826979999999999,-0.23409743,-0.6004559999999999,0.3046362692201142,0.0234546211739461,0.95217992812786,18.200697735301976,2.376240608139057,10.124304233712982,10.19808016334174,9.899917130096982
4474,05/05/2023 12:22:36.698694,4672,True,True,True,True,Eyes,1.744183,0.06694725,-2.302487,-0.7852262,-0.2707975,-0.5568559,0.0,0.0,0.0,0.0,0.0,0.0,0.0,2.530659,-0.5951334,-0.7421856,1.591592,0.07770395,-2.184045,-0.005794991,0.9380128,-0.1740272,-0.2996884,19.26592,216.4015,5.680405,0.6092083,0.02203176,-0.7927023,0.0,0.0,0.0,1.016854,-0.1552558,-2.787013,0.158888,0.1320313,0.8697274,-0.8203068,0.09343634,0.56424,-0.1151794,0.9393619,-0.3230062,-0.560206,-0.3299529,-0.759803,moving,17.737844513255098,0.9584807720376972,10.353032800402609,8.632032060367692,-0.574738,-0.23295975,-0.6029680000000002,0.3046235603729381,0.0159328366096772,0.952339538043436,18.198333254967253,1.910772416703188,10.561898265281584,10.649827858182226,10.330734263349594
4475,05/05/2023 12:22:36.718485,4673,True,True,True,True,Eyes,1.737456,0.06729916,-2.297896,-0.7812113,-0.2689873,-0.5633424,0.0,0.0,0.0,0.0,0.0,0.0,0.0,2.513268,-0.6083544,-0.7668581,1.584568,0.07802706,-2.181223,-0.00247618,0.9396619,-0.1724767,-0.2954341,19.00209,215.8957,5.904046,0.6086558,0.02214569,-0.7931237,0.0,0.0,0.0,1.017546,-0.1528953,-2.786907,0.1550545,0.1274257,0.8665479,-0.8254254,0.09725747,0.5560706,-0.1065646,0.9404913,-0.3226765,-0.5543622,-0.3256027,-0.7659412,moving,17.784310085413765,0.7248662589801855,10.144777774373049,8.365380356209759,-0.5670219999999999,-0.23092236,-0.6056839999999997,0.3054123870401061,0.0120465040275042,0.9521439376637966,18.244685295766523,1.6708391958408937,10.71763787470635,10.804624454436116,10.50834826235786
4476,05/05/2023 12:22:36.739248,4674,True,True,True,True,Eyes,1.730715,0.067702,-2.293396,-0.7771176,-0.267404,-0.5697222,0.0,0.0,0.0,0.0,0.0,0.0,0.0,2.497651,-0.6143447,-0.7906604,1.577519,0.07815687,-2.178565,-0.001614527,0.9410324,-0.1721491,-0.2912393,18.96171,215.3798,5.901214,0.6080869,0.02226657,-0.7935567,0.0,0.0,0.0,1.01823,-0.1505607,-2.786802,0.1517531,0.1249813,0.8646446,-0.8303542,0.09723453,0.548687,-0.1033118,0.9407241,-0.3230554,-0.5475752,-0.3249362,-0.7710888,moving,17.86094111445226,0.7695609914073319,9.954552288261928,8.224933722686746,-0.5592889999999999,-0.2287175699999999,-0.6082369999999999,0.3066827833308959,0.0127837551409689,0.9517259556361328,18.32011593616405,1.7173391925100812,10.787651650778464,10.86708640037485,10.5986528255381
4477,05/05/2023 12:22:36.748608,4675,True,True,True,True,Eyes,1.723919,0.0681351,-2.288985,-0.7727649,-0.2661256,-0.5762044,0.0,0.0,0.0,0.0,0.0,0.0,0.0,2.48356,-0.62274,-0.8079062,1.570372,0.07981366,-2.176269,-0.001930953,0.9417746,-0.1739651,-0.287738,19.19492,214.971,5.863274,0.6075005,0.02239566,-0.7940022,0.0,0.0,0.0,1.018917,-0.148215,-2.786697,0.1487416,0.1245156,0.862493,-0.8344064,0.09647568,0.5426406,-0.1037498,0.9394649,-0.3265605,-0.5412969,-0.328783,-0.7738863,moving,17.848723905859124,1.1030342656834864,9.78472368863168,8.214867403698463,-0.551455,-0.22802866,-0.6104280000000002,0.3064534056383745,0.0183241700640177,0.951709236684628,18.307287543125803,2.06020945014299,10.686028973735889,10.752035625239166,10.51255959218274
4478,05/05/2023 12:22:36.768441,4676,True,True,True,True,Eyes,1.71712,0.06858098,-2.284664,-0.7683319,-0.2650142,-0.5826092,0.0,0.0,0.0,0.0,0.0,0.0,0.0,2.468868,-0.6250501,-0.8317358,1.563005,0.08092719,-2.174453,-0.0009555375,0.9432645,-0.1720133,-0.284012,18.96865,214.4867,5.820487,0.6068958,0.02253311,-0.7944607,0.0,0.0,0.0,1.019619,-0.145819,-2.78659,0.1447185,0.1169405,0.860797,-0.8386727,0.09590501,0.5361255,-0.09951031,0.9408211,-0.3239653,-0.535468,-0.3250508,-0.7794973,moving,17.85744144900016,0.9554088891087872,9.543407085943578,7.736352311915978,-0.5433859999999999,-0.22674619,-0.6121369999999997,0.3066110642915831,0.0158711398178414,0.9517025148956768,18.31622836389704,1.9084471964598373,10.669263237162024,10.728670052406205,10.53218264224813
4479,05/05/2023 12:22:36.788822,4677,True,True,True,True,Eyes,1.710261,0.06905907,-2.280418,-0.7635647,-0.2645553,-0.5890497,0.0,0.0,0.0,0.0,0.0,0.0,0.0,2.45569,-0.6247424,-0.8521407,1.556065,0.08169094,-2.172291,-0.002392316,0.9442408,-0.1727164,-0.2803081,19.11788,214.0131,5.606633,0.6062716,0.02267884,-0.7949333,0.0,0.0,0.0,1.020332,-0.1433848,-2.78648,0.1408307,0.1117089,0.8591723,-0.8428434,0.09230975,0.5301831,-0.1013454,0.9403266,-0.3248305,-0.5285304,-0.3275129,-0.783193,moving,17.8725855104231,1.2014804442839204,9.308821999626389,7.407994243243764,-0.535733,-0.22507574,-0.6141890000000001,0.3068401654477549,0.0199567676967474,0.9515518625936068,18.330576189340132,2.1616213058989917,10.5314375473593,10.576334856912018,10.43630574759676
4480,05/05/2023 12:22:36.798891,4678,True,True,True,True,Eyes,1.70339,0.06956057,-2.276279,-0.7587035,-0.2641398,-0.5954822,0.0,0.0,0.0,0.0,0.0,0.0,0.0,2.440668,-0.6324935,-0.8720808,1.54891,0.08294224,-2.170583,-0.003777065,0.9449505,-0.175625,-0.2760623,19.51169,213.5118,5.468668,0.6056272,0.02283309,-0.7954199,0.0,0.0,0.0,1.021043,-0.1409588,-2.786372,0.137293,0.1078956,0.857665,-0.8475509,0.08982855,0.5230569,-0.1041051,0.9382832,-0.3298284,-0.5204035,-0.3339992,-0.7858912,moving,17.936226017052263,1.6595348398522685,9.094614984272544,7.170231661619564,-0.5278670000000001,-0.22390104,-0.6157889999999999,0.3078412708944642,0.0275539177625803,0.9510386001225946,18.392227935525455,2.633144094111812,10.389407508473292,10.418342724080842,10.34556765898031
4481,05/05/2023 12:22:36.818597,4679,True,True,True,True,Eyes,1.696473,0.0700634,-2.272221,-0.7536104,-0.2641221,-0.6019226,0.0,0.0,0.0,0.0,0.0,0.0,0.0,2.424535,-0.6364449,-0.8970816,1.541686,0.08400579,-2.168948,-0.00389694,0.9462698,-0.1755406,-0.2715583,19.53205,212.947,5.355489,0.6049626,0.02299574,-0.7959207,0.0,0.0,0.0,1.021675,-0.138803,-2.786275,0.1331058,0.1042322,0.856194,-0.8524818,0.08796389,0.515303,-0.1027141,0.9383407,-0.330101,-0.5125667,-0.334334,-0.7908832,moving,18.00843634591849,1.7030776699964805,8.836591791299055,6.94097597444415,-0.5200109999999998,-0.22280879,-0.617327,0.30903349587395,0.0282651783102975,0.9506310079154484,18.46330376273293,2.6784286068159187,10.538360629300414,10.562116794555813,10.52819516546985
4482,05/05/2023 12:22:36.834370,4680,True,True,True,True,Eyes,1.689535,0.07059027,-2.268272,-0.7484176,-0.2643576,-0.6082649,0.0,0.0,0.0,0.0,0.0,0.0,0.0,2.408896,-0.6392702,-0.9204848,1.534412,0.08456258,-2.167295,-0.005498364,0.9472558,-0.1771926,-0.2669817,19.79338,212.377,5.133944,0.6042764,0.02316628,-0.7964369,0.0,0.0,0.0,1.022377,-0.1364055,-2.786168,0.1285025,0.1020893,0.8546628,-0.8573814,0.08419762,0.5077484,-0.105031,0.9371451,-0.3327574,-0.5038512,-0.3386293,-0.7946474,moving,18.104275588834625,2.005829237537911,8.550635670159956,6.811694723655095,-0.512035,-0.22096808,-0.6188729999999998,0.3105753313797915,0.0332703234310584,0.949966358539425,18.557060062245228,2.990457130949878,10.678367570658096,10.694315254673697,10.71122709377514
4483,05/05/2023 12:22:36.849050,4681,True,True,True,True,Eyes,1.682548,0.07110623,-2.264415,-0.7430434,-0.2646704,-0.6146837,0.0,0.0,0.0,0.0,0.0,0.0,0.0,2.393889,-0.6431808,-0.9410636,1.526897,0.0857152,-2.165924,-0.00750167,0.9479748,-0.1795552,-0.2627688,20.14334,211.8559,4.896809,0.6035679,0.02334477,-0.7969687,0.0,0.0,0.0,1.023037,-0.1341534,-2.786067,0.123566,0.09583356,0.8532224,-0.8617927,0.0801402,0.5008903,-0.1085858,0.9354073,-0.3364852,-0.4955024,-0.34437,-0.7974251,moving,18.149529447860303,2.4087909612045184,8.240439485437143,6.408576984180283,-0.50386,-0.2198686,-0.6201430000000001,0.3112494166323082,0.0399412980204593,0.94948852511439,18.6007177260138,3.405192489528233,10.678249938498215,10.685895007578344,10.78682917473353
4484,05/05/2023 12:22:36.869497,4682,True,True,True,True,Eyes,1.675545,0.07159347,-2.260659,-0.7376229,-0.2650782,-0.6210041,0.0,0.0,0.0,0.0,0.0,0.0,0.0,2.378294,-0.6436845,-0.9649081,1.519392,0.08596586,-2.164652,-0.008148251,0.9491646,-0.1792987,-0.2585967,20.1563,211.3199,4.721053,0.6028368,0.02353,-0.7975166,0.0,0.0,0.0,1.023737,-0.1317661,-2.78596,0.119197,0.09045907,0.851696,-0.8661226,0.07726404,0.4938235,-0.1082002,0.9355711,-0.3361538,-0.4879796,-0.3445822,-0.8019594,moving,18.17867090618217,2.446781756769969,7.966942170997936,6.062685314615188,-0.4956550000000002,-0.21773196,-0.6213080000000004,0.3117244897588134,0.0405642158341345,0.9493063119008688,18.629353228212526,3.4444667565439397,10.827403442355877,10.83301261425579,10.979165631815592
4485,05/05/2023 12:22:36.898708,4683,True,True,True,True,Eyes,1.668519,0.07206368,-2.25702,-0.7321049,-0.2655948,-0.6272813,0.0,0.0,0.0,0.0,0.0,0.0,0.0,2.364317,-0.6430182,-0.9846852,1.511926,0.08578469,-2.163284,-0.009593702,0.9499922,-0.1799748,-0.2550132,20.2943,210.8577,4.498493,0.6020817,0.02372052,-0.7980811,0.0,0.0,0.0,1.024424,-0.129421,-2.785855,0.1158041,0.08724894,0.8494298,-0.8697524,0.07356402,0.4879744,-0.1100198,0.935034,-0.3370563,-0.4810679,-0.3468424,-0.8051546,moving,18.144295625154268,2.6315777019147983,7.763362400388514,5.8645530921002464,-0.4875020000000001,-0.21520569,-0.6225710000000002,0.3111145801771284,0.0436349702446861,0.9493701696881436,18.59503373809884,3.634277584661986,10.868479367011464,10.872713759250274,11.058898354142444
4486,05/05/2023 12:22:36.908520,4684,True,True,True,True,Eyes,1.66146,0.07252367,-2.253497,-0.7266109,-0.2660069,-0.6334642,0.0,0.0,0.0,0.0,0.0,0.0,0.0,2.350508,-0.6456898,-1.001563,1.504052,0.0859331,-2.162261,-0.01083505,0.9505659,-0.1813786,-0.2518108,20.50453,210.4583,4.331833,0.6013029,0.02391507,-0.7986623,0.0,0.0,0.0,1.025123,-0.1270337,-2.785748,0.1125385,0.08471133,0.8469467,-0.8729478,0.07074732,0.482656,-0.111945,0.9339688,-0.339368,-0.474795,-0.3502814,-0.8073861,moving,18.06431315118949,2.8861685515372977,7.568870350602239,5.711709022216729,-0.4789289999999999,-0.2129668,-0.6234869999999999,0.3097287575128019,0.0478757883543205,0.9496188546922856,18.51559433197912,3.895549865434909,10.86519100798946,10.869130532468832,11.096359763779024
4487,05/05/2023 12:22:36.918571,4685,True,True,True,True,Eyes,1.654302,0.07292144,-2.250053,-0.7209769,-0.2661504,-0.6398096,0.0,0.0,0.0,0.0,0.0,0.0,0.0,2.336836,-0.6460835,-1.019714,1.496155,0.08612905,-2.161514,-0.01055999,0.9515256,-0.1802094,-0.2490225,20.37769,210.098,4.261374,0.6004984,0.02411313,-0.7992615,0.0,0.0,0.0,1.025785,-0.124776,-2.785646,0.1094998,0.08393595,0.8441218,-0.8757528,0.06965619,0.4777085,-0.1098486,0.9348261,-0.3376884,-0.4700964,-0.3482071,-0.811025,moving,17.911512082681575,2.797756702891141,7.391156731566631,5.678586716971262,-0.4703699999999999,-0.2109050499999999,-0.6241319999999999,0.3072158525945748,0.0464501742561747,0.9505055766443928,18.36518514953598,3.8035585011489816,10.903643850606452,10.907660532110343,11.133060249928072
4488,05/05/2023 12:22:36.938434,4686,True,True,True,True,Eyes,1.647116,0.07323498,-2.246715,-0.715365,-0.2663291,-0.6460045,0.0,0.0,0.0,0.0,0.0,0.0,0.0,2.322999,-0.643103,-1.039637,1.488191,0.08490372,-2.160748,-0.009988239,0.9526642,-0.1780547,-0.2462267,20.13123,209.7278,4.193206,0.5996668,0.02431219,-0.7998796,0.0,0.0,0.0,1.026469,-0.1224409,-2.785542,0.1067447,0.08073442,0.8414073,-0.878545,0.06865279,0.4726996,-0.1067145,0.9363935,-0.334334,-0.4655859,-0.3441715,-0.8153377,moving,17.76487227732709,2.583633658128305,7.230175472651572,5.480845562260478,-0.4617219999999999,-0.20734462,-0.6247940000000001,0.3048301985587205,0.0429322431474121,0.9514386261325752,18.221145400752963,3.5823243584159963,10.921945703038592,10.92582599092104,11.153734922521522
4489,05/05/2023 12:22:36.958366,4687,True,True,True,True,Eyes,1.63985,0.07349163,-2.243474,-0.7097169,-0.2664277,-0.6521643,0.0,0.0,0.0,0.0,0.0,0.0,0.0,2.310039,-0.6429826,-1.055333,1.480316,0.08320728,-2.159901,-0.01050659,0.9532712,-0.1783514,-0.2436279,20.19118,209.4002,4.085791,0.5988083,0.02450902,-0.8005165,0.0,0.0,0.0,1.02715,-0.1201184,-2.785438,0.1052023,0.07343903,0.8384163,-0.8810701,0.06687148,0.4682346,-0.106934,0.9361608,-0.334915,-0.4607391,-0.3451538,-0.8176726,moving,17.6037919772381,2.699296175843188,7.151947126359615,5.005907553477634,-0.4531659999999999,-0.20332568,-0.625537,0.3021280681547017,0.0448933459690539,0.9522096878252188,18.06209443345505,3.700152398787591,10.699676481737075,10.703341386420773,10.988007589482336
4490,05/05/2023 12:22:36.978598,4688,True,True,True,True,Eyes,1.632553,0.07369108,-2.240349,-0.7040953,-0.2664796,-0.6582085,0.0,0.0,0.0,0.0,0.0,0.0,0.0,2.296729,-0.6470048,-1.069197,1.472103,0.08194055,-2.159388,-0.01024242,0.9537679,-0.178884,-0.241293,20.25326,209.1241,4.082382,0.5979205,0.02470207,-0.8011739,0.0,0.0,0.0,1.027857,-0.1177047,-2.785329,0.1045615,0.07017246,0.8350602,-0.8833455,0.06678912,0.4639395,-0.1058647,0.9357913,-0.3362847,-0.4566107,-0.3461705,-0.8195565,moving,17.40453755102063,2.793801493270687,7.137107074735083,4.803440379964131,-0.4442459999999999,-0.19964525,-0.6259410000000001,0.2987925948577716,0.0465150988546445,0.9531837855351938,17.86546470946362,3.7959554346198634,10.458273225664902,10.462254873604817,10.775559542489356
4491,05/05/2023 12:22:36.988487,4689,True,True,True,True,Eyes,1.625178,0.0738347,-2.237333,-0.6984011,-0.2662976,-0.6643203,0.0,0.0,0.0,0.0,0.0,0.0,0.0,2.282933,-0.6483424,-1.085933,1.463966,0.08086611,-2.159084,-0.009789013,0.9545459,-0.1782304,-0.2387057,20.17761,208.8024,4.056647,0.5970044,0.02488934,-0.8018511,0.0,0.0,0.0,1.028511,-0.1154718,-2.785229,0.1041752,0.07055409,0.8313326,-0.8858478,0.06640106,0.4592004,-0.1037773,0.9362763,-0.3355847,-0.4522216,-0.3449315,-0.8225074,moving,17.232692642614126,2.7654217638827765,7.142565992461657,4.850992014222094,-0.4354550000000001,-0.19633791,-0.6261450000000002,0.2959382996180428,0.0460858525106254,0.954094642190496,17.6961423724755,3.765570376661576,10.299748020425804,10.303410070710449,10.60924665280578
4492,05/05/2023 12:22:36.998624,4690,True,True,True,True,Eyes,1.617769,0.07391763,-2.234439,-0.6927278,-0.2660961,-0.6703142,0.0,0.0,0.0,0.0,0.0,0.0,0.0,2.269403,-0.645666,-1.10444,1.455635,0.0795778,-2.159086,-0.009533066,0.9554871,-0.1766191,-0.2361342,19.99979,208.465,3.978269,0.5960574,0.02506964,-0.8025498,0.0,0.0,0.0,1.029198,-0.1131258,-2.785124,0.1025552,0.07371475,0.827555,-0.8882998,0.0651942,0.4546139,-0.1016291,0.9374296,-0.3330124,-0.447879,-0.3420167,-0.8260929,moving,17.070874040427828,2.6485587599735982,7.064393422100351,5.090207282525815,-0.4264369999999999,-0.1927036,-0.6260380000000003,0.2932678238021413,0.0441777896385478,0.9550090954931784,17.536911558916792,3.644255975942506,10.29676787256822,10.300063197507326,10.571868865387955
4493,05/05/2023 12:22:37.018385,4691,True,True,True,True,Eyes,1.610301,0.07394508,-2.231672,-0.6869569,-0.2657231,-0.6763737,0.0,0.0,0.0,0.0,0.0,0.0,0.0,2.255593,-0.644592,-1.122176,1.447368,0.07820451,-2.159048,-0.009768611,0.9562563,-0.1760881,-0.2333914,19.95796,208.1138,3.874448,0.5950794,0.02524136,-0.8032698,0.0,0.0,0.0,1.029925,-0.1106451,-2.785013,0.1013699,0.07061182,0.8236476,-0.8908662,0.0635123,0.4498042,-0.1008775,0.9377952,-0.3322109,-0.4429237,-0.3413305,-0.829043,moving,16.927808900764376,2.684035679621242,7.016356997854089,4.900021553159788,-0.417443,-0.18884961,-0.6259650000000003,0.2908741634171902,0.0448033400309171,0.955711678364,17.395807254850364,3.679744001500348,10.152822483171072,10.156154400924908,10.450936079631528
4494,05/05/2023 12:22:37.038474,4692,True,True,True,True,Eyes,1.602787,0.07393804,-2.22903,-0.6812479,-0.2653097,-0.6822845,0.0,0.0,0.0,0.0,0.0,0.0,0.0,2.242488,-0.6414816,-1.139414,1.43863,0.07686964,-2.159386,-0.01019557,0.9570037,-0.1751749,-0.2309843,19.87663,207.7953,3.744143,0.5940689,0.02540338,-0.8040123,0.0,0.0,0.0,1.030577,-0.1084216,-2.784913,0.1005533,0.07348622,0.819802,-0.8930847,0.06141092,0.4456777,-0.1004397,0.9384196,-0.330576,-0.4385338,-0.3399961,-0.8319201,moving,16.758134100222264,2.693374990354957,6.99272028592454,5.122245517705418,-0.408053,-0.18529124,-0.6255269999999999,0.2880401432470964,0.0449993977027805,0.956560508903294,17.228535136172717,3.688165642866893,10.059676200266022,10.06293789124769,10.33578689486088
4495,05/05/2023 12:22:37.048751,4693,True,True,True,True,Eyes,1.595204,0.07391553,-2.226525,-0.6755055,-0.2646501,-0.6882243,0.0,0.0,0.0,0.0,0.0,0.0,0.0,2.230279,-0.6381797,-1.154779,1.429974,0.0760314,-2.159705,-0.01070851,0.9576614,-0.1742484,-0.2289265,19.79434,207.5186,3.611555,0.5930254,0.02555533,-0.8047776,0.0,0.0,0.0,1.031267,-0.1060665,-2.784808,0.1004759,0.07913452,0.8152263,-0.8949559,0.05926986,0.4421999,-0.1002904,0.9390457,-0.328839,-0.4347362,-0.3386449,-0.8344603,moving,16.548363214903496,2.7229646369779115,7.026218810145114,5.544365908425514,-0.3987070000000001,-0.1820978999999999,-0.6251029999999997,0.2845290438368625,0.0455432325421124,0.9575850250780062,17.02169219779387,3.7171338199273976,9.92795910256958,9.931341258843013,10.161115359468749
4496,05/05/2023 12:22:37.068493,4694,True,True,True,True,Eyes,1.587563,0.07390602,-2.224166,-0.6698663,-0.2638248,-0.6940286,0.0,0.0,0.0,0.0,0.0,0.0,0.0,2.21864,-0.6322182,-1.170701,1.420914,0.07557084,-2.160531,-0.01092249,0.9584598,-0.1720916,-0.2272004,19.56336,207.2722,3.483963,0.5919473,0.02569762,-0.8055664,0.0,0.0,0.0,1.031986,-0.1036134,-2.784698,0.1007088,0.07956226,0.8109688,-0.8965216,0.05726106,0.4392843,-0.09913611,0.9405304,-0.3249227,-0.4317656,-0.3348491,-0.8375291,moving,16.310105224030107,2.6141787796528355,7.07893943114105,5.603224155674411,-0.3889279999999999,-0.17918424,-0.6241669999999999,0.2805667514541382,0.0437782446433016,0.958835671980926,16.787095297991016,3.603593185388909,9.699687432020236,9.703031183899236,9.911953104831476
4497,05/05/2023 12:22:37.088848,4695,True,True,True,True,Eyes,1.579908,0.07386419,-2.221977,-0.6643687,-0.2625684,-0.6997657,0.0,0.0,0.0,0.0,0.0,0.0,0.0,2.207472,-0.6257277,-1.186237,1.411842,0.07583896,-2.161615,-0.01104507,0.9592824,-0.1695039,-0.2256628,19.28026,207.0461,3.359298,0.5908328,0.02583168,-0.8063799,0.0,0.0,0.0,1.032624,-0.1014334,-2.7846,0.1011273,0.08381069,0.8063494,-0.8979087,0.05531077,0.436693,-0.09769213,0.9422929,-0.3202194,-0.4292043,-0.3301892,-0.8406894,moving,16.061905736842373,2.478881686581228,7.148356433748895,5.933926076654654,-0.379218,-0.17727236,-0.6229850000000003,0.2764366829782827,0.0415657453121076,0.9601328128104744,16.54276143697757,3.462718151512282,9.55529565322406,9.559743349905167,9.71399577794712
4498,05/05/2023 12:22:37.098945,4696,True,True,True,True,Eyes,1.572185,0.07381871,-2.21993,-0.6589924,-0.2612485,-0.7053214,0.0,0.0,0.0,0.0,0.0,0.0,0.0,2.194696,-0.6134789,-1.20751,1.402631,0.07497564,-2.162899,-0.01079452,0.9605689,-0.1649951,-0.223534,18.77207,206.7311,3.210553,0.5896824,0.02595694,-0.8072175,0.0,0.0,0.0,1.033308,-0.09910069,-2.784495,0.1007239,0.08885862,0.8014838,-0.8998321,0.05302626,0.4330018,-0.09450179,0.9453202,-0.3121524,-0.4258776,-0.3218041,-0.8456184,moving,15.896264775284743,2.1140719637615586,7.162911509158935,6.326411814478612,-0.369323,-0.17407633,-0.6215960000000003,0.2737240739948823,0.0354802849238559,0.9611536401665116,16.38034712903517,3.086380110087514,9.687499616583894,9.69614698160508,9.770308329424545
4499,05/05/2023 12:22:37.118963,4697,True,True,True,True,Eyes,1.564423,0.07376625,-2.218057,-0.6535608,-0.259721,-0.7109174,0.0,0.0,0.0,0.0,0.0,0.0,0.0,2.185296,-0.605911,-1.219846,1.393246,0.07482542,-2.164239,-0.01174975,0.9610774,-0.1632528,-0.2225778,18.60413,206.575,3.029475,0.5884939,0.02607414,-0.8080806,0.0,0.0,0.0,1.033994,-0.0967574,-2.78439,0.1002552,0.08989686,0.7968324,-0.9006425,0.05008806,0.4316654,-0.09525774,0.946421,-0.3085667,-0.4239927,-0.3190276,-0.8476155,moving,15.599394288499663,2.1310112476724457,7.171111956010585,6.436765819282494,-0.3592519999999999,-0.17158282,-0.6201510000000003,0.2687371353849919,0.0358167045159628,0.9625475481777956,16.087679069014534,3.101730826430028,9.455268590546822,9.4644315997892,9.519854383563546
4500,05/05/2023 12:22:37.138722,4698,True,True,True,True,Eyes,1.55659,0.07373532,-2.216334,-0.6482792,-0.2579715,-0.7163692,0.0,0.0,0.0,0.0,0.0,0.0,0.0,2.171975,-0.6030023,-1.237027,1.383507,0.07455602,-2.166028,-0.01029361,0.9620168,-0.1601423,-0.2208443,18.21995,206.351,3.073438,0.5872667,0.02618372,-0.8089694,0.0,0.0,0.0,1.034767,-0.0941202,-2.784272,0.09874886,0.09358765,0.7919357,-0.9022436,0.05092776,0.4282087,-0.09053826,0.948497,-0.3035725,-0.4216149,-0.3126657,-0.8511644,moving,15.375494740686536,1.8708222490460011,7.107698053273641,6.739717108686878,-0.34874,-0.16867622,-0.6182440000000002,0.2650123570570233,0.0314789424680613,0.963731069054902,15.867592181901053,2.8325820911146566,9.581096724990308,9.594925701569188,9.591738590594517
4501,05/05/2023 12:22:37.148811,4699,True,True,True,True,Eyes,1.548691,0.07373288,-2.21478,-0.6428047,-0.2562121,-0.7219124,0.0,0.0,0.0,0.0,0.0,0.0,0.0,2.161096,-0.6001588,-1.249977,1.373945,0.07497955,-2.167861,-0.008730932,0.9627485,-0.1569646,-0.2200027,17.82295,206.2374,3.146442,0.5859997,0.02628711,-0.8098844,0.0,0.0,0.0,1.03537,-0.09206378,-2.78418,0.09636974,0.09728238,0.7870055,-0.9030454,0.05225392,0.4263555,-0.0858767,0.9505717,-0.2983934,-0.4208738,-0.3060766,-0.8539219,moving,15.034306230917322,1.605998851153597,6.981180747628416,7.0466322806946735,-0.338575,-0.16704333,-0.6163190000000003,0.2593023154236027,0.0270676922347671,0.9654168452307544,15.531903336713423,2.557849263451339,9.69940257603744,9.718709902257451,9.657330364618414
4502,05/05/2023 12:22:37.168479,4700,True,True,True,True,Eyes,1.540724,0.07373327,-2.213385,-0.6374418,-0.2541946,-0.7273604,0.0,0.0,0.0,0.0,0.0,0.0,0.0,2.147462,-0.6023107,-1.265644,1.364126,0.07559933,-2.170178,-0.006939625,0.9635012,-0.1547973,-0.2183004,17.53719,206.0348,3.259279,0.5846905,0.02638597,-0.8108268,0.0,0.0,0.0,1.036033,-0.08979825,-2.784078,0.09329417,0.09631486,0.7824755,-0.9045933,0.05421196,0.4228138,-0.08095731,0.9519793,-0.295265,-0.4185169,-0.3013247,-0.8567653,moving,14.796292671847263,1.4449975452759602,6.799250271992333,7.017236260096909,-0.3280929999999999,-0.16539758,-0.6139000000000001,0.2553072920065182,0.0243815906649562,0.9665525434395718,15.297670412219691,2.390610159354636,9.726254196415072,9.74692420407725,9.67619832144276
4503,05/05/2023 12:22:37.188381,4701,True,True,True,True,Eyes,1.532729,0.07370391,-2.21216,-0.6317442,-0.2520476,-0.7330561,0.0,0.0,0.0,0.0,0.0,0.0,0.0,2.13559,-0.5939382,-1.283383,1.35452,0.07559549,-2.172588,-0.006019203,0.9644865,-0.1507369,-0.2168136,17.06026,205.8222,3.223263,0.583338,0.02648077,-0.8117973,0.0,0.0,0.0,1.0368,-0.08718099,-2.783961,0.09016067,0.09539241,0.7775174,-0.9059117,0.05375272,0.4200422,-0.07697448,0.9544843,-0.2881573,-0.4164129,-0.2933774,-0.8605409,moving,14.530076372817357,1.141704760761198,6.614458474517784,6.994575362942548,-0.31772,-0.16277648,-0.6113729999999999,0.2508415039035529,0.0192881434981878,0.9678359778838598,15.035973055556132,2.0768369028103457,9.82021085200914,9.844445184862336,9.752233559595716
4504,05/05/2023 12:22:37.198615,4702,True,True,True,True,Eyes,1.524663,0.07369575,-2.211087,-0.6261781,-0.2499472,-0.7385305,0.0,0.0,0.0,0.0,0.0,0.0,0.0,2.124691,-0.5910957,-1.296238,1.344685,0.07484782,-2.174893,-0.005815737,0.9649521,-0.1493264,-0.2157208,16.89956,205.6769,3.187459,0.5819428,0.02657064,-0.8127952,0.0,0.0,0.0,1.037399,-0.08513612,-2.783869,0.0868203,0.0987426,0.772375,-0.9068617,0.05320181,0.4180574,-0.07564944,0.9553356,-0.2856764,-0.4145836,-0.2906948,-0.8623325,moving,14.232554741638223,1.1566901882398677,6.413520616356794,7.285335693176547,-0.3072859999999999,-0.15998394,-0.6089760000000002,0.2458110909433247,0.0195673073387777,0.9691201902707748,14.742667760048477,2.090173664826444,9.909371338096236,9.934666092903983,9.816537100326064
4505,05/05/2023 12:22:37.218544,4703,True,True,True,True,Eyes,1.516606,0.07367495,-2.210213,-0.6191177,-0.2475698,-0.7452533,0.0,0.0,0.0,0.0,0.0,0.0,0.0,2.113282,-0.598166,-1.305837,1.334903,0.07534394,-2.177459,-0.004525095,0.9651615,-0.1493445,-0.2148003,16.87155,205.5864,3.320225,0.5805034,0.0266568,-0.813821,0.0,0.0,0.0,1.038076,-0.08282823,-2.783766,0.08271819,0.1017276,0.7669324,-0.9076809,0.05542358,0.4159856,-0.07289337,0.9553515,-0.2863391,-0.4132823,-0.2902271,-0.8631142,moving,13.785232489023237,1.298488930800383,6.155891612216193,7.55573245663927,-0.2968269999999999,-0.15817217,-0.6063070000000002,0.2382254331054754,0.0220085555522171,0.9709604935271228,14.301403712049016,2.2328849920327687,9.843240823425775,9.86711400340401,9.73047134007345
4506,05/05/2023 12:22:37.238798,4704,True,True,True,True,Eyes,1.508496,0.07364509,-2.20947,-0.6122034,-0.2452966,-0.7516891,0.0,0.0,0.0,0.0,0.0,0.0,0.0,2.102564,-0.5888278,-1.322418,1.325157,0.07493944,-2.18051,-0.002834595,0.9661103,-0.1445046,-0.2138722,16.2857,205.4466,3.364557,0.5790194,0.02673903,-0.8148749,0.0,0.0,0.0,1.038999,-0.07967599,-2.783624,0.07900655,0.1033762,0.7612438,-0.9085015,0.05633398,0.4140676,-0.0672881,0.9582208,-0.2780023,-0.4124292,-0.2804272,-0.8667545,moving,13.364519437896158,0.8902777896977926,5.925293253758449,7.733406863359517,-0.2861579999999999,-0.15461543,-0.6031140000000001,0.2311190442153417,0.015116978338189,0.9728079935777868,13.88766461569753,1.8101326823927133,10.078055334600224,10.107942507630051,9.923937460924249
4507,05/05/2023 12:22:37.249101,4705,True,True,True,True,Eyes,1.500489,0.07364052,-2.208964,-0.6054122,-0.2431009,-0.7578773,0.0,0.0,0.0,0.0,0.0,0.0,0.0,2.091878,-0.5915902,-1.33259,1.31574,0.07469841,-2.182884,-0.002870925,0.9662952,-0.1448604,-0.2127925,16.33051,205.3193,3.35146,0.577491,0.02681726,-0.8159562,0.0,0.0,0.0,1.03951,-0.07793261,-2.783546,0.07548684,0.1025887,0.7561076,-0.9094222,0.0561021,0.4120725,-0.06719874,0.9580144,-0.2787341,-0.4104089,-0.2811777,-0.8674695,moving,12.98389034181466,1.1192991834177315,5.701295639287815,7.726709637650829,-0.27623,-0.15263102,-0.6006619999999998,0.2246363757395218,0.0190349708104421,0.9742567166439232,13.511935140328866,2.043011887632966,9.80829818474425,9.833313709629165,9.659736514459436
4508,05/05/2023 12:22:37.268857,4706,True,True,True,True,Eyes,1.492425,0.07365797,-2.208599,-0.5987752,-0.2407181,-0.7638867,0.0,0.0,0.0,0.0,0.0,0.0,0.0,2.080447,-0.5926009,-1.345953,1.305928,0.0755383,-2.186292,-0.00220814,0.9667501,-0.1436333,-0.2115627,16.17961,205.1675,3.37299,0.57592,0.02689259,-0.8170632,0.0,0.0,0.0,1.040206,-0.07555838,-2.78344,0.07210666,0.1043053,0.7504739,-0.9104727,0.05650546,0.4096909,-0.06504434,0.9587292,-0.2767808,-0.4084222,-0.2786493,-0.8692214,moving,12.629821354179922,1.1504743934205723,5.488217522081613,7.91261648411758,-0.265722,-0.1510966799999999,-0.5971480000000002,0.2186091689344232,0.0195925732270088,0.9756157012736546,13.162852413523058,2.0726044486431245,9.810555080973298,9.835093845480957,9.64394946541182
4509,05/05/2023 12:22:37.288427,4707,True,True,True,True,Eyes,1.484384,0.07367864,-2.208399,-0.5920345,-0.238594,-0.7697845,0.0,0.0,0.0,0.0,0.0,0.0,0.0,2.069692,-0.5847404,-1.361651,1.296481,0.07602082,-2.189292,-0.001783528,0.967507,-0.1402989,-0.210341,15.79704,204.9905,3.310741,0.574306,0.02696605,-0.818196,0.0,0.0,0.0,1.040825,-0.07344553,-2.783345,0.06795815,0.1051627,0.7446418,-0.9115068,0.05557004,0.4075132,-0.06247235,0.9606261,-0.2707299,-0.4065123,-0.2722305,-0.8721457,moving,12.281530232553155,0.9493794804988948,5.214532335146349,8.038486812919645,-0.2556560000000001,-0.14946635,-0.5940530000000002,0.2126875498269913,0.0161899453189193,0.9769861894037504,12.820012289357988,1.863362669987881,9.983629682578876,10.00989021181221,9.79670778958594
4510,05/05/2023 12:22:37.298993,4708,True,True,True,True,Eyes,1.476298,0.07368464,-2.208321,-0.5853749,-0.2364987,-0.7755028,0.0,0.0,0.0,0.0,0.0,0.0,0.0,2.057593,-0.5852987,-1.375726,1.287169,0.07622001,-2.192322,-0.002798826,0.9678508,-0.1407138,-0.2084624,15.87544,204.7527,3.17357,0.5726494,0.02703781,-0.8193539,0.0,0.0,0.0,1.041505,-0.07112393,-2.783241,0.06321368,0.105817,0.7390308,-0.9130712,0.05324939,0.4043087,-0.06408478,0.9603836,-0.2712131,-0.4027334,-0.2735468,-0.8734862,moving,12.028471176405288,1.2133482468613794,4.888947279701678,8.148425168013322,-0.2456640000000001,-0.14734394,-0.590919,0.2083530234670769,0.0207106185042454,0.9778343874873904,12.56994750412081,2.1330725735209413,9.93140980152734,9.95329560366295,9.75613813368758
4511,05/05/2023 12:22:37.318230,4709,True,True,True,True,Eyes,1.468216,0.07366794,-2.208361,-0.57847,-0.2348897,-0.7811525,0.0,0.0,0.0,0.0,0.0,0.0,0.0,2.045646,-0.5781031,-1.392451,1.277975,0.07582774,-2.195182,-0.004459212,0.9684295,-0.139713,-0.2064089,15.80983,204.4695,2.921471,0.5709505,0.02710741,-0.8205364,0.0,0.0,0.0,1.042236,-0.06862758,-2.783129,0.0577378,0.104214,0.7332289,-0.9147508,0.04903916,0.401031,-0.06631289,0.9609208,-0.2687636,-0.398539,-0.2724452,-0.8757511,moving,11.795726261742889,1.3226258067111036,4.502441184517934,8.089282746330747,-0.2357390000000001,-0.14445532,-0.5879470000000002,0.2043708418130351,0.0225949422803888,0.9786327032765242,12.340271069570342,2.243834348360611,9.930098948901492,9.948851861203629,9.777568423711095
4512,05/05/2023 12:22:37.338392,4710,True,True,True,True,Eyes,1.4601,0.07364411,-2.208507,-0.571667,-0.2335297,-0.7865499,0.0,0.0,0.0,0.0,0.0,0.0,0.0,2.034579,-0.5801818,-1.403363,1.268825,0.07568367,-2.197704,-0.007345086,0.9684053,-0.1424085,-0.20459,16.19002,204.2323,2.628708,0.5692108,0.02717408,-0.8217421,0.0,0.0,0.0,1.042881,-0.06642894,-2.783031,0.05205631,0.1009759,0.7277527,-0.9161781,0.04404467,0.3983441,-0.07249676,0.9593318,-0.2728129,-0.3941601,-0.2788238,-0.8757257,moving,11.55146057183754,1.8712198323904268,4.091411150912271,7.899371851953568,-0.2259440000000001,-0.14211261,-0.5853269999999999,0.2001454772412963,0.0319924446678015,0.979243736913916,12.098203322356838,2.806324038110466,9.578956656147875,9.591191486651208,9.489354925957716
4513,05/05/2023 12:22:37.349046,4711,True,True,True,True,Eyes,1.451955,0.07363066,-2.208757,-0.5645391,-0.2323296,-0.7920343,0.0,0.0,0.0,0.0,0.0,0.0,0.0,2.024095,-0.5820473,-1.413869,1.259878,0.07539658,-2.200406,-0.009832486,0.9683868,-0.1446829,-0.2029711,16.51159,204.0196,2.372533,0.5674301,0.02723778,-0.8229706,0.0,0.0,0.0,1.043568,-0.06408326,-2.782926,0.04725021,0.09601982,0.7219731,-0.9174122,0.03968957,0.3959542,-0.07777616,0.9579404,-0.2762265,-0.3902638,-0.2842093,-0.8757393,moving,11.25885627970072,2.3450195358827317,3.744436363914693,7.575674627510593,-0.21631,-0.13947984,-0.5825199999999997,0.1950846190480343,0.0401307213368845,0.9799649419531928,11.808663981240654,3.291555569072424,9.147329419770816,9.15566815466431,9.131563019051882
4514,05/05/2023 12:22:37.368779,4712,True,True,True,True,Eyes,1.443784,0.07361735,-2.209094,-0.5575439,-0.2313205,-0.7972676,0.0,0.0,0.0,0.0,0.0,0.0,0.0,2.014577,-0.5760823,-1.426105,1.250909,0.07536175,-2.203115,-0.01190873,0.9686781,-0.1443629,-0.2016938,16.52814,203.829,2.101983,0.5656089,0.02729913,-0.8242214,0.0,0.0,0.0,1.044266,-0.06169942,-2.782819,0.04044795,0.09490597,0.7158374,-0.9183557,0.03516276,0.394191,-0.08130565,0.9580351,-0.2748786,-0.3873142,-0.2844862,-0.876958,moving,10.940437318154476,2.5024506222951013,3.234023741503929,7.552249774146182,-0.2066430000000001,-0.13706117,-0.579704,0.1896139467509381,0.0428700314536101,0.9809223780493124,11.494424334526682,3.4512426480445115,9.20532368007417,9.213537957181256,9.22239000506633
4515,05/05/2023 12:22:37.388604,4713,True,True,True,True,Eyes,1.443784,0.07361735,-2.209094,-0.5575439,-0.2313205,-0.7972676,0.0,0.0,0.0,0.0,0.0,0.0,0.0,2.005031,-0.5758402,-1.435646,1.242082,0.07534368,-2.205534,-0.01431595,0.9686791,-0.1459159,-0.2004105,16.76396,203.6493,1.840424,0.5637479,0.02735829,-0.8254933,0.0,0.0,0.0,1.044959,-0.05933664,-2.782713,0.03456432,0.09086355,0.7095013,-0.9192615,0.03075103,0.3924447,-0.08622127,0.9570072,-0.2769533,-0.384089,-0.2884296,-0.8770884,moving,11.113273847776057,2.77467536771065,2.789036763446344,7.297961057460155,-0.1971229999999999,-0.13468032,-0.5771790000000001,0.1925317077131704,0.0475026117633946,0.9801403183003576,11.664149544519915,3.732413273350741,9.464762309698868,9.473807918003336,9.564557380116606
4516,05/05/2023 12:22:37.398829,4714,True,True,True,True,Eyes,1.443784,0.07361735,-2.209094,-0.5575439,-0.2313205,-0.7972676,0.0,0.0,0.0,0.0,0.0,0.0,0.0,1.997444,-0.5644464,-1.447474,1.233385,0.07571363,-2.208301,-0.01721987,0.9689921,-0.1447608,-0.1995047,16.70326,203.4822,1.459109,0.5620705,0.02741142,-0.8266346,0.0,0.0,0.0,1.045664,-0.05693018,-2.782605,0.02746037,0.08623755,0.7034827,-0.9198026,0.02438909,0.3916225,-0.09113274,0.9574956,-0.2736732,-0.3816515,-0.287415,-0.8784843,moving,11.255310081082516,2.776639163493144,2.2353995507677507,6.98882567736775,-0.187721,-0.13264381,-0.5743040000000001,0.1949607852773081,0.0475129671536369,0.97965953795874,11.804151423079125,3.7354234000156543,9.944184862196725,9.954963646470553,10.106712560083135
4517,05/05/2023 12:22:37.418312,4715,True,True,True,True,Eyes,1.434921,0.0736207,-2.209724,-0.5497973,-0.2301268,-0.8029724,0.0,0.0,0.0,0.0,0.0,0.0,0.0,1.990474,-0.5533125,-1.457819,1.224991,0.075952,-2.210657,-0.02047975,0.9691926,-0.144067,-0.1987236,16.70218,203.3289,1.05057,0.560559,0.02745914,-0.8276587,0.0,0.0,0.0,1.046322,-0.05468312,-2.782504,0.02152064,0.08250087,0.6968837,-0.9201791,0.01756137,0.3911037,-0.09695666,0.9576506,-0.2711177,-0.3793019,-0.2873969,-0.8795074,moving,10.839952490472283,2.9544947122769902,1.7688031796804289,6.751560701536837,-0.1786689999999999,-0.13063512,-0.571847,0.1878250730746331,0.0506254801191329,0.980896983895101,11.394310293896105,3.915439700316115,9.82174114356472,9.833791737955073,10.034638485734392
4518,05/05/2023 12:22:37.438419,4716,True,True,True,True,Eyes,1.426098,0.0736635,-2.21042,-0.5421864,-0.2291529,-0.8084076,0.0,0.0,0.0,0.0,0.0,0.0,0.0,1.982662,-0.5381496,-1.47137,1.216883,0.07549396,-2.213363,-0.02377281,0.9696057,-0.1423864,-0.197549,16.58933,203.1203,0.6071852,0.558953,0.02750682,-0.8287426,0.0,0.0,0.0,1.047026,-0.05228234,-2.782397,0.01554328,0.07733262,0.6903263,-0.9208186,0.01015608,0.3898592,-0.1023571,0.9583219,-0.2667248,-0.3763195,-0.28551,-0.8814012,moving,10.486539087515569,3.0030663105341318,1.2898449545926816,6.391812927919938,-0.1698569999999999,-0.1277763,-0.5690339999999998,0.1817628385819373,0.0515167180103913,0.9819920009537776,11.045832791808431,3.962927880701784,9.788035665029115,9.801162513262495,10.05379437090801
4519,05/05/2023 12:22:37.449055,4717,True,True,True,True,Eyes,1.417148,0.07375523,-2.211131,-0.5324505,-0.2278003,-0.8152322,0.0,0.0,0.0,0.0,0.0,0.0,0.0,1.973597,-0.5387111,-1.480288,1.20901,0.07647514,-2.215625,-0.02677819,0.9695335,-0.1443156,-0.1961136,16.87836,202.9121,0.280205,0.55726,0.02755588,-0.8298802,0.0,0.0,0.0,1.04767,-0.05008416,-2.782298,0.008775324,0.07663848,0.6832402,-0.9216446,0.004679814,0.3880065,-0.1085292,0.9569119,-0.2693345,-0.3725484,-0.2903408,-0.8814247,moving,10.00040213250948,3.456142465447677,0.7358486591524102,6.400067274282395,-0.1613399999999998,-0.1265592999999999,-0.5666729999999998,0.1733487556741955,0.059371815739936,0.9830692996676944,10.5655752413391,4.425496995198845,9.70354736131583,9.7210413197746,10.026088592646074
4520,05/05/2023 12:22:37.468583,4718,True,True,True,True,Eyes,1.40826,0.07385915,-2.211894,-0.5227829,-0.2264463,-0.8218395,0.0,0.0,0.0,0.0,0.0,0.0,0.0,1.958564,-0.5347514,-1.499534,1.201203,0.07756423,-2.218475,-0.02733411,0.9703708,-0.1425523,-0.1931637,16.69142,202.5342,0.1210317,0.5554844,0.02760809,-0.8310682,0.0,0.0,0.0,1.048374,-0.04768062,-2.78219,0.001699001,0.07651252,0.6760744,-0.9238814,0.002023388,0.3826739,-0.1081203,0.9578634,-0.2660972,-0.3670878,-0.287217,-0.8847334,moving,9.69021125023414,3.390972999184261,0.1439861970295862,6.456791047902314,-0.1528290000000001,-0.12524485,-0.5637149999999997,0.1680346029991884,0.0583080655284508,0.9840551777037634,10.259970611834666,4.356311341733377,10.00693327162024,10.02644767972564,10.33175472398599
4521,05/05/2023 12:22:37.488439,4719,True,True,True,True,Eyes,1.399549,0.07400196,-2.212756,-0.5130233,-0.2254287,-0.8282445,0.0,0.0,0.0,0.0,0.0,0.0,0.0,1.942446,-0.5301318,-1.519037,1.193726,0.07793251,-2.220485,-0.02920675,0.971095,-0.1419234,-0.1896818,16.66183,202.0793,359.8275,0.5536333,0.02766352,-0.8323007,0.0,0.0,0.0,1.049047,-0.04538336,-2.782087,-0.005025834,0.07052303,0.6690376,-0.9263356,-0.002884472,0.3766883,-0.1105656,0.9580094,-0.2645623,-0.3601077,-0.2867223,-0.8877571,moving,9.449983459306468,3.480162577967125,-0.4303998166051164,6.0173081382188185,-0.144679,-0.12331587,-0.5616020000000002,0.1638919179414014,0.0598821449767839,0.9846590906772243,10.02296556666341,4.446361759823881,10.179325043917617,10.200935313627776,10.570748334905572
4522,05/05/2023 12:22:37.498665,4720,True,True,True,True,Eyes,1.390877,0.07419266,-2.213681,-0.5033459,-0.2243712,-0.8344461,0.0,0.0,0.0,0.0,0.0,0.0,0.0,1.924435,-0.5405745,-1.535403,1.186049,0.07901061,-2.222652,-0.03139708,0.9713058,-0.1452826,-0.1856668,17.09077,201.5798,359.5778,0.5517163,0.02772314,-0.8335708,0.0,0.0,0.0,1.049743,-0.04300791,-2.781981,-0.01157176,0.07209907,0.6619622,-0.9290839,-0.007044035,0.3698014,-0.1149406,0.9558144,-0.2705688,-0.3515556,-0.2938863,-0.8888415,moving,9.267125461498637,4.018763124925932,-1.0014854114670184,6.215993193361726,-0.1363059999999998,-0.1220185199999999,-0.559329,0.1606518183060697,0.0691728442129629,0.9845841432502876,9.84145153068344,4.99900203742286,10.471592047499474,10.501056577031989,10.911019613449724
4523,05/05/2023 12:22:37.519030,4721,True,True,True,True,Eyes,1.382299,0.0744142,-2.214662,-0.493514,-0.2232286,-0.8406028,0.0,0.0,0.0,0.0,0.0,0.0,0.0,1.907596,-0.539134,-1.554391,1.178231,0.08031344,-2.225093,-0.03236252,0.9720429,-0.1444267,-0.1822805,17.01224,201.1499,359.385,0.5497383,0.02778827,-0.8348745,0.0,0.0,0.0,1.050439,-0.04063376,-2.781874,-0.01795319,0.07008637,0.6544119,-0.9314531,-0.01026318,0.3637171,-0.1155679,0.9561872,-0.2689798,-0.345021,-0.292576,-0.8918296,moving,9.010496262677067,4.046016627420022,-1.5714629736612626,6.112976823155152,-0.1277920000000001,-0.1209472,-0.556781,0.156234619949626,0.0696911917944241,0.9852583543098068,9.588425398589772,5.025240876093987,10.750094180926345,10.781937939455943,11.212772983148856
4524,05/05/2023 12:22:37.539356,4722,True,True,True,True,Eyes,1.37377,0.0746654,-2.215689,-0.4837583,-0.2221175,-0.846547,0.0,0.0,0.0,0.0,0.0,0.0,0.0,1.890675,-0.5385364,-1.572447,1.170761,0.08120304,-2.227103,-0.03311435,0.972742,-0.1437657,-0.1789076,16.95034,200.727,359.2224,0.5477061,0.02785943,-0.8362066,0.0,0.0,0.0,1.051149,-0.03820811,-2.781765,-0.02416736,0.06599532,0.6475495,-0.9337913,-0.0129819,0.3575832,-0.115865,0.9564698,-0.2678451,-0.3385403,-0.2915427,-0.8946472,moving,8.75901274198351,4.081264860105433,-2.137358406203113,5.819234864973554,-0.119612,-0.11941115,-0.554662,0.1519016219259401,0.0703453922489935,0.9858892041602566,9.340452573639606,5.059737655375185,11.000771545560214,11.034103676187527,11.502911844415124
4525,05/05/2023 12:22:37.548672,4723,True,True,True,True,Eyes,1.365256,0.07494044,-2.216744,-0.4735942,-0.2208662,-0.8525999,0.0,0.0,0.0,0.0,0.0,0.0,0.0,1.87324,-0.5413488,-1.589842,1.163335,0.08214866,-2.229257,-0.03367252,0.9733496,-0.1438065,-0.1754316,16.96351,200.2992,359.0958,0.5456241,0.02793711,-0.8375639,0.0,0.0,0.0,1.051822,-0.0359129,-2.781663,-0.02935758,0.06722857,0.6402371,-0.9361796,-0.01509385,0.3511973,-0.1160067,0.9563717,-0.2681336,-0.331828,-0.2917625,-0.8970867,moving,8.49128422124244,4.193087320370839,-2.625414875631608,5.994418199549292,-0.1115129999999999,-0.11806156,-0.552406,0.1472723022000979,0.0723205908290339,0.9864484452838438,9.076286459431904,5.1728727353281165,11.2246056221386,11.261695775802242,11.730505150453224
4526,05/05/2023 12:22:37.568810,4724,True,True,True,True,Eyes,1.356802,0.0752125,-2.217821,-0.4634565,-0.2196172,-0.8584732,0.0,0.0,0.0,0.0,0.0,0.0,0.0,1.853551,-0.541121,-1.610456,1.15601,0.0829631,-2.231321,-0.03321801,0.9742987,-0.142214,-0.1715048,16.76888,199.8262,359.0456,0.5434964,0.02802154,-0.8389434,0.0,0.0,0.0,1.052489,-0.03363603,-2.781561,-0.0342609,0.0673639,0.6332097,-0.9389652,-0.0159478,0.3436418,-0.1135093,0.9573435,-0.2657236,-0.3247455,-0.2885118,-0.9007225,moving,8.28069215188207,4.083657110511235,-3.097066801212819,6.072560727846274,-0.1035209999999999,-0.11659913,-0.5502400000000001,0.1436646303204604,0.0704741975090595,0.9871138427388554,8.868961647654283,5.058862354933797,11.511865488561368,11.550287286201122,12.008889258809168
4527,05/05/2023 12:22:37.588345,4725,True,True,True,True,Eyes,1.348376,0.07548363,-2.218914,-0.4528975,-0.2183942,-0.8644002,0.0,0.0,0.0,0.0,0.0,0.0,0.0,1.832252,-0.5442402,-1.630821,1.14886,0.0831474,-2.232963,-0.03304491,0.9751199,-0.1418639,-0.1671046,16.72106,199.2987,358.9809,0.5413272,0.02811188,-0.8403417,0.0,0.0,0.0,1.053189,-0.03124612,-2.781453,-0.03968245,0.07230624,0.6260142,-0.9419685,-0.0170333,0.3352697,-0.1118577,0.9575654,-0.2656246,-0.3165182,-0.2877124,-0.9039017,moving,8.099043467878005,4.120390199604707,-3.6270725778006514,6.588613263051792,-0.095671,-0.11439352,-0.5484900000000001,0.1405277474608975,0.0711393906618256,0.9875176034632298,8.68982220620459,5.095373205875095,11.938202323643855,11.98306816335677,12.407081163134729
4528,05/05/2023 12:22:37.598805,4726,True,True,True,True,Eyes,1.340003,0.07576014,-2.220026,-0.4423391,-0.2172028,-0.8701488,0.0,0.0,0.0,0.0,0.0,0.0,0.0,1.809823,-0.5520161,-1.650508,1.141729,0.08340199,-2.234694,-0.03265001,0.9758244,-0.142503,-0.1624616,16.78162,198.7508,358.9575,0.5391203,0.02820749,-0.841756,0.0,0.0,0.0,1.053896,-0.02883285,-2.781345,-0.04519227,0.07664578,0.6187618,-0.9450804,-0.0174188,0.3263733,-0.1100239,0.9572538,-0.2675071,-0.3077624,-0.2887246,-0.9065983,moving,7.944284357121084,4.256929114952686,-4.177272894539868,7.061237074837424,-0.087833,-0.11223484,-0.5466509999999998,0.1378360305443041,0.0735205759617847,0.9877225437602032,8.536952905578456,5.234715336838464,12.388359043468109,12.441715851889848,12.844754546342145
4529,05/05/2023 12:22:37.618785,4727,True,True,True,True,Eyes,1.340003,0.07576014,-2.220026,-0.4423391,-0.2172028,-0.8701488,0.0,0.0,0.0,0.0,0.0,0.0,0.0,1.785157,-0.5614478,-1.6713,1.134484,0.08381634,-2.23633,-0.03103118,0.9766802,-0.1425654,-0.1575061,16.75363,198.1837,359.0602,0.5368791,0.02830801,-0.8431839,0.0,0.0,0.0,1.054574,-0.0265204,-2.781242,-0.05116956,0.07727127,0.6120208,-0.948458,-0.01570521,0.3165142,-0.1055249,0.9574243,-0.2687064,-0.2988183,-0.2882568,-0.9097341,moving,8.506786373970609,4.205827781590924,-4.779244472790073,7.195859137841362,-0.0799100000000001,-0.11033674,-0.5449120000000001,0.1475368638696061,0.0725370446334716,0.9863929849778196,9.09153706251526,5.18608357092678,13.557936263133875,13.618329676301611,14.015626216103731
4530,05/05/2023 12:22:37.639475,4728,True,True,True,True,Eyes,1.340003,0.07576014,-2.220026,-0.4423391,-0.2172028,-0.8701488,0.0,0.0,0.0,0.0,0.0,0.0,0.0,1.758281,-0.5673771,-1.69484,1.127193,0.08400409,-2.23793,-0.02846223,0.9778175,-0.1410654,-0.1521954,16.53112,197.5835,359.2396,0.5348587,0.02839831,-0.8444639,0.0,0.0,0.0,1.05524,-0.0242481,-2.78114,-0.05719966,0.08021574,0.6053467,-0.952053,-0.01272273,0.3056687,-0.09860072,0.9585809,-0.2672087,-0.2896085,-0.284536,-0.9138742,moving,9.107185859913429,3.944087608438763,-5.397893867372993,7.548405002565016,-0.0719529999999999,-0.10825219,-0.5432100000000002,0.1579163858886847,0.0679199028790378,0.9851137861784538,9.68397345904816,4.921087811814816,14.87769817359443,14.946184856763164,15.30900119774577
4531,05/05/2023 12:22:37.648906,4729,True,True,True,True,Eyes,1.331063,0.07602505,-2.221256,-0.4303629,-0.2156533,-0.8765166,0.0,0.0,0.0,0.0,0.0,0.0,0.0,1.730313,-0.5723332,-1.718843,1.119994,0.08382248,-2.23932,-0.02613662,0.9789394,-0.1396405,-0.1466125,16.32366,196.9478,359.3895,0.5330378,0.02847944,-0.8456117,0.0,0.0,0.0,1.055917,-0.02193637,-2.781036,-0.06344236,0.07941594,0.5989357,-0.9556434,-0.01022625,0.294349,-0.09211842,0.9596348,-0.2657352,-0.27975,-0.2810631,-0.9180107,moving,8.963941433443411,3.808677791643647,-6.046517637013913,7.553080616337,-0.0640769999999999,-0.10575885,-0.5417159999999996,0.155477037844433,0.0656172590042368,0.9856577436396228,9.54309509464995,4.780828754152061,15.398131461259169,15.47043742172296,15.83418471253395
4532,05/05/2023 12:22:37.669670,4730,True,True,True,True,Eyes,1.322199,0.07627882,-2.222486,-0.4183382,-0.2139648,-0.88273,0.0,0.0,0.0,0.0,0.0,0.0,0.0,1.700626,-0.5770289,-1.743864,1.112661,0.08375924,-2.240787,-0.02382597,0.9800816,-0.1381486,-0.1406674,16.11087,196.2692,359.5326,0.5311257,0.02856674,-0.8468111,0.0,0.0,0.0,1.056601,-0.0196011,-2.780931,-0.0697657,0.07943154,0.5928929,-0.95929,-0.007836777,0.2823142,-0.08556882,0.9606946,-0.2640907,-0.2691481,-0.2774969,-0.9222552,moving,8.863845339174516,3.676639009158989,-6.711132573439313,7.630640828569493,-0.05606,-0.10336034,-0.5401439999999997,0.1537773106016667,0.0633626898358078,0.9860718768929422,9.444740520535722,4.644337480159173,15.991400523089853,16.069040648598477,16.429553953694334
4533,05/05/2023 12:22:37.688650,4731,True,True,True,True,Eyes,1.313375,0.07651655,-2.223699,-0.4056776,-0.2121486,-0.889055,0.0,0.0,0.0,0.0,0.0,0.0,0.0,1.669218,-0.5784947,-1.770635,1.105484,0.08371482,-2.242095,-0.02139303,0.9813539,-0.1357962,-0.1343363,15.79975,195.5439,359.6723,0.5291322,0.02865913,-0.8480551,0.0,0.0,0.0,1.057299,-0.01722177,-2.780825,-0.07522307,0.07883921,0.5866875,-0.9629921,-0.005503539,0.2694732,-0.07847298,0.9622035,-0.2607805,-0.2578528,-0.2722759,-0.9270262,moving,8.773353944264048,3.4544706035616803,-7.306405563274801,7.653571138178439,-0.0481849999999999,-0.1009365899999999,-0.5387300000000002,0.1522555326380535,0.0595528612684145,0.9865454100772896,9.35606576716899,4.4152207614656485,16.537957169838027,16.618998499311104,16.97424119070473
4534,05/05/2023 12:22:37.698651,4732,True,True,True,True,Eyes,1.304618,0.07673196,-2.224894,-0.3929016,-0.2102274,-0.8952277,0.0,0.0,0.0,0.0,0.0,0.0,0.0,1.63455,-0.5784383,-1.799577,1.098308,0.08352163,-2.243114,-0.01938786,0.9826769,-0.1334081,-0.1271721,15.49327,194.714,359.7519,0.5270655,0.02875547,-0.8493379,0.0,0.0,0.0,1.057978,-0.01490252,-2.780721,-0.08049063,0.0811509,0.5808871,-0.966903,-0.004172422,0.2551112,-0.07203558,0.9636528,-0.2572628,-0.2447653,-0.2671252,-0.9320593,moving,8.779486408199862,3.2497034601334813,-7.888956504653043,7.952845439872046,-0.0403299999999999,-0.09842415,-0.5376070000000004,0.1523922674400282,0.0560255099247047,0.9867307641412492,9.362593094542936,4.204673910393873,17.229247505984347,17.319253263943434,17.654029381076427
4535,05/05/2023 12:22:37.718603,4733,True,True,True,True,Eyes,1.295925,0.07693134,-2.226069,-0.3797054,-0.208253,-0.9013626,0.0,0.0,0.0,0.0,0.0,0.0,0.0,1.598172,-0.5785348,-1.828553,1.091039,0.08316691,-2.24392,-0.01757404,0.9839377,-0.1312891,-0.1196714,15.22242,193.844,359.8123,0.524934,0.02885447,-0.8506535,0.0,0.0,0.0,1.058659,-0.01257866,-2.780617,-0.08360596,0.07865167,0.5755624,-0.9707401,-0.003160419,0.2401128,-0.0660066,0.9649087,-0.2541544,-0.2308837,-0.2625668,-0.9368842,moving,8.803215230760031,3.086038692060556,-8.264954000178582,7.7813776728866095,-0.03238,-0.09574557,-0.5366969999999998,0.1528245442388663,0.0532031108096269,0.9868202101473612,9.386368474413109,4.036520872792768,17.613135569631694,17.702220455096143,18.04419955429541
4536,05/05/2023 12:22:37.739012,4734,True,True,True,True,Eyes,1.287285,0.07710848,-2.227211,-0.3663546,-0.2061556,-0.9073501,0.0,0.0,0.0,0.0,0.0,0.0,0.0,1.558507,-0.5794532,-1.858705,1.083604,0.08293308,-2.244642,-0.01518068,0.9852318,-0.1289914,-0.111576,14.92536,192.9135,359.9331,0.522745,0.02895523,-0.8519971,0.0,0.0,0.0,1.059368,-0.01015715,-2.780508,-0.08623998,0.07862561,0.5708049,-0.9746406,-0.001128278,0.2237728,-0.05869766,0.9662615,-0.2507852,-0.2159401,-0.2575605,-0.941824,moving,8.884813002896365,2.8922509600940263,-8.59154619232266,7.84286182108105,-0.0242359999999999,-0.09309023,-0.5358660000000004,0.1542564576798601,0.0498539291156841,0.9867722935603332,9.467256823942916,3.837791886489702,18.07192032893568,18.164021543073527,18.497593128870854
4537,05/05/2023 12:22:37.749138,4735,True,True,True,True,Eyes,1.2787,0.077259,-2.228311,-0.3526838,-0.2041025,-0.9132121,0.0,0.0,0.0,0.0,0.0,0.0,0.0,1.51744,-0.578976,-1.888717,1.076096,0.08253998,-2.245059,-0.01270293,0.9865,-0.1264412,-0.1032912,14.60138,191.9627,0.06262054,0.5205052,0.02905672,-0.8533639,0.0,0.0,0.0,1.060027,-0.007909381,-2.780407,-0.08856183,0.08231683,0.5656043,-0.9783394,0.001057636,0.2070058,-0.0511834,0.9677025,-0.2468443,-0.2005811,-0.2520927,-0.9466873,moving,8.972073529539966,2.6669551002653598,-8.899066640718933,8.280566505985773,-0.0160689999999998,-0.090449361,-0.5353479999999999,0.155788226449069,0.0459622284173251,0.9867205961840804,9.55380124937796,3.606698340492085,18.629060744038828,18.732065662907427,19.035581866540998
4538,05/05/2023 12:22:37.768899,4736,True,True,True,True,Eyes,1.270156,0.07738458,-2.22936,-0.3388368,-0.2020609,-0.9188913,0.0,0.0,0.0,0.0,0.0,0.0,0.0,1.474436,-0.5823241,-1.917364,1.068519,0.08202292,-2.245191,-0.01054317,0.9875609,-0.1251368,-0.09462057,14.42755,190.9673,0.1690234,0.5182205,0.02915783,-0.8547497,0.0,0.0,0.0,1.060761,-0.005403836,-2.780295,-0.0916391,0.08095208,0.5607539,-0.9818716,0.002856979,0.1895258,-0.04450507,0.9684592,-0.2451652,-0.1842485,-0.2491556,-0.9507754,moving,9.09785697198886,2.592968848471574,-9.281304179027044,8.214634614867098,-0.0077579999999999,-0.087426756,-0.535104,0.1579632973132912,0.0446724081742896,0.9864340719016969,9.677961555732177,3.531485471121646,19.114435293967265,19.219695382707695,19.52909734482828
4539,05/05/2023 12:22:37.788760,4737,True,True,True,True,Eyes,1.261664,0.07750293,-2.230359,-0.3248033,-0.2001083,-0.9243698,0.0,0.0,0.0,0.0,0.0,0.0,0.0,1.430661,-0.5867088,-1.944545,1.06079,0.08154124,-2.245072,-0.008460945,0.9884918,-0.12422,-0.08591732,14.30211,189.9693,0.2730644,0.5158963,0.02925765,-0.8561511,0.0,0.0,0.0,1.061408,-0.003195242,-2.780196,-0.09456861,0.08008914,0.5564498,-0.9850935,0.004618146,0.1719592,-0.03807244,0.9689956,-0.244127,-0.1677551,-0.2470347,-0.9543755,moving,9.220804947377172,2.562097374527377,-9.645257617478004,8.190265500279667,0.000618,-0.084736482,-0.5351240000000002,0.1600835493755899,0.0441256321189468,0.9861167417609522,9.799225322078478,3.500593558036481,19.579243859973477,19.68767617452004,20.002023390461424
4540,05/05/2023 12:22:37.798913,4738,True,True,True,True,Eyes,1.2532,0.07760261,-2.231304,-0.3106205,-0.1981155,-0.9296586,0.0,0.0,0.0,0.0,0.0,0.0,0.0,1.3869,-0.5895779,-1.970698,1.052864,0.08146454,-2.244902,-0.006537986,0.9893616,-0.1230332,-0.07735441,14.14994,188.986,0.3602928,0.5135375,0.02935603,-0.8575646,0.0,0.0,0.0,1.062132,-0.0007240206,-2.780085,-0.09745464,0.08017857,0.5519012,-0.9879473,0.006097466,0.1546718,-0.03197119,0.9696402,-0.2424373,-0.1514542,-0.2444602,-0.9577585,moving,9.324632104506382,2.509871953510692,-10.014051753213224,8.265932702057952,0.009268,-0.0821885606,-0.535183,0.1618767032642916,0.0432139531677355,0.9858643142473316,9.901691827454872,3.447607167647876,20.0632331929898,20.17713876370461,20.49031730663219
4541,05/05/2023 12:22:37.818735,4739,True,True,True,True,Eyes,1.244787,0.07769457,-2.23218,-0.2960622,-0.1959063,-0.9348625,0.0,0.0,0.0,0.0,0.0,0.0,0.0,1.342965,-0.590013,-1.996245,1.044912,0.08109584,-2.244604,-0.004753169,0.9901897,-0.1215027,-0.06883986,13.96186,188.0067,0.4319042,0.5111486,0.02945242,-0.8589874,0.0,0.0,0.0,1.062784,0.00150025,-2.779985,-0.09970942,0.0783871,0.5479719,-0.9904772,0.007315379,0.1374841,-0.02614153,0.970429,-0.239967,-0.135174,-0.2412759,-0.9609965,moving,9.405745851534029,2.4377162572677773,-10.312757692252497,8.140902244121502,0.0178719999999998,-0.07959559,-0.5353810000000001,0.1632809516760269,0.0419625261049525,0.9856868041002896,9.981816464274512,3.373965400369893,20.413146624349128,20.526707295788245,20.846904496041866
4542,05/05/2023 12:22:37.838686,4740,True,True,True,True,Eyes,1.236388,0.07778706,-2.232987,-0.2813294,-0.1936752,-0.9398637,0.0,0.0,0.0,0.0,0.0,0.0,0.0,1.29733,-0.5927922,-2.020456,1.036903,0.08094916,-2.243878,-0.002987515,0.990883,-0.1205698,-0.06004222,13.84522,186.9965,0.5050169,0.5087334,0.02954676,-0.8604168,0.0,0.0,0.0,1.063467,0.003831713,-2.779881,-0.1015763,0.07887679,0.5442085,-0.9927724,0.008558007,0.11971,-0.02039912,0.970908,-0.2385825,-0.1182692,-0.2393,-0.9637159,moving,9.513079240272834,2.4367559821104585,-10.572578610840758,8.246938782656832,0.026564,-0.077117447,-0.536003,0.1651273846877501,0.0419329398950196,0.9853804668020544,10.087618299212528,3.3737263106561928,20.790059467771037,20.909133781382863,21.227150919504908
4543,05/05/2023 12:22:37.848639,4741,True,True,True,True,Eyes,1.228004,0.07787759,-2.23372,-0.2663634,-0.1911426,-0.9447301,0.0,0.0,0.0,0.0,0.0,0.0,0.0,1.249961,-0.5931369,-2.045025,1.028695,0.08103514,-2.243114,-0.001281041,0.991573,-0.1190972,-0.05096328,13.66931,185.9523,0.5660042,0.5062954,0.02963931,-0.8618504,0.0,0.0,0.0,1.064134,0.006105776,-2.779779,-0.1032212,0.08035921,0.5403708,-0.9948022,0.009598675,0.1013727,-0.01467966,0.9716285,-0.2360566,-0.1007625,-0.2363177,-0.9664373,moving,9.64345624890862,2.395075489700667,-10.814317969565296,8.458536156758157,0.035439,-0.074929364,-0.5366650000000002,0.1673742880450139,0.041200267653541,0.985032132413472,10.216230405915134,3.331769835395364,21.210179671999573,21.337433801537838,21.64642459823983
4544,05/05/2023 12:22:37.868829,4742,True,True,True,True,Eyes,1.219614,0.07795357,-2.234375,-0.2512435,-0.1885537,-0.949381,0.0,0.0,0.0,0.0,0.0,0.0,0.0,1.201609,-0.589341,-2.06967,1.020231,0.08098834,-2.242161,0.0003526376,0.9922751,-0.1168047,-0.0417951,13.40162,184.8962,0.6163117,0.5038372,0.02973025,-0.8632867,0.0,0.0,0.0,1.064842,0.008523945,-2.779671,-0.1047405,0.08126129,0.5368093,-0.9965062,0.01046356,0.08286209,-0.009063903,0.9727131,-0.2318343,-0.08302686,-0.2317753,-0.9692197,moving,9.779333512851714,2.2661399910966527,-11.040654542856718,8.607984100742042,0.0446109999999999,-0.072464395,-0.5375100000000002,0.1697250512516684,0.0389676079086479,0.984720777554956,10.350469769148644,3.2001156485606987,21.630983239387074,21.764440938165304,22.06411658163012
4545,05/05/2023 12:22:37.888653,4743,True,True,True,True,Eyes,1.211216,0.07803127,-2.234957,-0.2360224,-0.1857089,-0.9538373,0.0,0.0,0.0,0.0,0.0,0.0,0.0,1.153278,-0.5860454,-2.092515,1.011534,0.08068866,-2.241072,0.002198597,0.9928578,-0.1146828,-0.0328129,13.15482,183.8664,0.6997367,0.5013607,0.02981922,-0.8647242,0.0,0.0,0.0,1.065535,0.0108891,-2.779565,-0.1059295,0.08072245,0.5336467,-0.9978371,0.01189194,0.0646528,-0.00316036,0.9736861,-0.2278716,-0.06566137,-0.2275831,-0.9715425,moving,9.889849070326964,2.168459169007896,-11.227335624916634,8.601676775667613,0.0540009999999999,-0.06979956,-0.5384929999999999,0.1716351960206322,0.037276227054623,0.9844550807912928,10.459636203863312,3.1004279924418463,21.9402942238094,22.07536586848941,22.37383483619288
4546,05/05/2023 12:22:37.899107,4744,True,True,True,True,Eyes,1.000569,0.08073473,-2.247458,0.1647265,-0.09685618,-0.9815723,0.0,0.0,0.0,0.0,0.0,0.0,0.0,1.105327,-0.5820361,-2.113898,1.002541,0.08072934,-2.239971,0.00452719,0.9933836,-0.1121869,-0.02414086,12.86594,182.8797,0.8469868,0.4988676,0.02990658,-0.8661618,0.0,0.0,0.0,1.066229,0.01325899,-2.779458,-0.1068882,0.08077122,0.5307258,-0.9987935,0.01441105,0.04694647,0.003577895,0.9747872,-0.2231079,-0.04897804,-0.2226707,-0.9736627,moving,-12.33842066045888,7.3588386430147485,-11.387043079064886,8.6534490260504,0.0636880000000001,-0.06747035,-0.5394869999999998,-0.2120049108590915,0.1251716443426788,0.9692193233514856,-11.463217127651578,8.283384779727959,1.601605493051093,1.6065912193967695,0.3778227522056921
4547,05/05/2023 12:22:37.918678,4745,True,True,True,True,Eyes,1.000242,0.0807448,-2.2474,0.1652674,-0.09635685,-0.9815305,0.0,0.0,0.0,0.0,0.0,0.0,0.0,1.05838,-0.5762792,-2.133666,0.9933014,0.08154157,-2.238638,0.007461408,0.9938906,-0.1089601,-0.01591587,12.49482,181.9525,1.074014,0.4877923,0.03027923,-0.8724342,-0.6319388,0.008110374,-0.03750515,1.066909,0.01557853,-2.779354,-0.1076222,0.08064477,0.5279306,-0.999382,0.01830004,0.03001127,0.01136326,0.9761441,-0.2168263,-0.03326325,-0.2163513,-0.9757487,moving,-11.410121739382786,7.067435587044724,-11.5222487661405,8.685156819874313,0.0736076000000001,-0.06596304,-0.5407160000000002,-0.1963855908290138,0.1206415240164372,0.9730767702872488,-10.547497151980982,7.990169295571409,1.587481908727863,1.621602435024446,1.1971417494362415
4548,05/05/2023 12:22:37.938854,4746,True,True,True,True,Eyes,0.99956,0.08072941,-2.24727,0.166428,-0.09557433,-0.9814109,0.0,0.0,0.0,0.0,0.0,0.0,0.0,1.011544,-0.5582444,-2.155362,0.9840263,0.08168326,-2.237289,0.01043399,0.9945796,-0.1031624,-0.007750587,11.83211,181.0286,1.308708,0.4784705,0.03058761,-0.8775705,-0.5940225,0.007623752,-0.03525484,1.067587,0.01789077,-2.779251,-0.1078917,0.07971753,0.5256517,-0.9996622,0.022354,0.01326436,0.01915573,0.9784973,-0.2053681,-0.01756994,-0.2050447,-0.978595,moving,-10.524692468534438,6.493955081649909,-11.599048420354528,8.623461905216123,0.0835607,-0.06379249,-0.5419619999999998,-0.1815260244847396,0.1112193919125107,0.9770765761572304,-9.67336954457554,7.406556649737416,2.3229864742853605,2.385170858204149,2.2779590719398626
4549,05/05/2023 12:22:37.948996,4747,True,True,True,True,Eyes,0.9985688,0.08072755,-2.247068,0.168082,-0.09484,-0.9812002,0.0,0.0,0.0,0.0,0.0,0.0,0.0,0.9659887,-0.5431176,-2.174001,0.9747042,0.08099619,-2.235572,0.01175832,0.9950078,-0.09910148,0.0003023801,11.37448,180.101,1.364164,0.4705971,0.03084347,-0.8818086,-0.5583811,0.007166327,-0.03313955,1.068258,0.02018302,-2.779148,-0.1074284,0.07902981,0.52389,-0.9997233,0.02333931,-0.002932276,0.02345918,0.9800813,-0.1972064,-0.001728793,-0.1972206,-0.9803575,moving,-9.688591563759982,6.083986291260621,-11.588374553713736,8.578496710872667,0.0935537999999999,-0.06081317,-0.5435760000000003,-0.1673718430235904,0.1044911010794359,0.9803409064004897,-8.84825067709342,6.990761117754822,3.0580795161588443,3.135563369232185,3.1668885633817343
4550,05/05/2023 12:22:37.968534,4748,True,True,True,True,Eyes,0.9972481,0.08075067,-2.246793,0.1702965,-0.09394488,-0.9809044,0.0,0.0,0.0,0.0,0.0,0.0,0.0,0.9212587,-0.5452964,-2.186758,0.9652062,0.08128837,-2.233773,0.01270603,0.9949718,-0.09901649,0.008090677,11.37577,179.2061,1.384208,0.4639183,0.03105758,-0.8853331,-0.5248783,0.006736347,-0.03115118,1.068951,0.02254684,-2.779042,-0.1068567,0.07896871,0.5223638,-0.9995462,0.02368207,-0.0186162,0.02688651,0.9800686,-0.1968316,0.01358377,-0.1972428,-0.9802606,moving,-8.919690527923123,6.134168198317659,-11.561137178965298,8.596634226001795,0.1037447999999999,-0.05874153,-0.5452690000000002,-0.1541833116665568,0.1055792537840521,0.9823851118088872,-8.090455642291982,7.047731866674683,3.5291334773261083,3.611229617152641,3.800622165874181
4551,05/05/2023 12:22:37.988555,4749,True,True,True,True,Eyes,0.9956627,0.08076032,-2.246447,0.1729654,-0.09282229,-0.9805443,0.0,0.0,0.0,0.0,0.0,0.0,0.0,0.8757989,-0.5370798,-2.201431,0.9558445,0.08188032,-2.231912,0.01423398,0.9951228,-0.0962948,0.01598008,11.07567,178.303,1.474427,0.4581574,0.03124106,-0.8883216,-0.4933856,0.006332166,-0.0292821,1.069621,0.02483403,-2.778939,-0.1058675,0.07867569,0.5211972,-0.9990844,0.02525152,-0.03454561,0.03140671,0.9810494,-0.1911954,0.02906298,-0.1921052,-0.9809442,moving,-8.164509588867384,5.904830221694983,-11.48191943169793,8.584095962870698,0.1137764999999999,-0.05704629,-0.5470269999999999,-0.1412773880067914,0.10184455485797,0.9847174811407864,-7.345526001961949,6.817139017738693,4.175583028767348,4.264231815596666,4.497987044391437
4552,05/05/2023 12:22:37.999027,4750,True,True,True,True,Eyes,0.9937699,0.08077159,-2.245991,0.1761313,-0.09198631,-0.9800593,0.0,0.0,0.0,0.0,0.0,0.0,0.0,0.8308519,-0.5202407,-2.216897,0.946394,0.08148829,-2.230088,0.01485244,0.9953378,-0.09226708,0.02385136,10.62512,177.391,1.467161,0.4529085,0.03140683,-0.8910033,-0.4637824,0.005952236,-0.02752518,1.0703,0.02715274,-2.778836,-0.1048835,0.07845794,0.5204447,-0.9984213,0.02516501,-0.05022109,0.03396779,0.9825324,-0.1829653,0.04473953,-0.1843823,-0.9818361,moving,-7.442620466963421,5.49271872141474,-11.39401651999218,8.57288426129943,0.123906,-0.05433555,-0.5487480000000002,-0.1289483728780958,0.0949201214418204,0.98709798665642,-6.632981758225728,6.398343391721383,4.913479739490417,5.0100848816147225,5.234126478813231
4553,05/05/2023 12:22:38.018698,4751,True,True,True,True,Eyes,0.9916352,0.08084193,-2.245465,0.1797362,-0.09115835,-0.9794821,0.0,0.0,0.0,0.0,0.0,0.0,0.0,0.7864207,-0.5340836,-2.222864,0.9370085,0.08172704,-2.227142,0.01482025,0.9948277,-0.09538757,0.03161401,10.99512,176.4915,1.369193,0.4481149,0.03155723,-0.8934185,-0.4359555,0.005595102,-0.02587367,1.071035,0.02965857,-2.778723,-0.1037374,0.07997879,0.5198526,-0.9975618,0.02345602,-0.06572831,0.03551835,0.9813632,-0.1888513,0.06007364,-0.1907254,-0.9798036,moving,-6.757592118999257,5.889277062121431,-11.28522513159405,8.746320201841097,0.1340264999999999,-0.05206847,-0.5515809999999997,-0.117056472615305,0.1019009903861678,0.9878836474822088,-5.95867702800997,6.810954763643464,5.256514255226479,5.353704903985408,5.667252780595293
4554,05/05/2023 12:22:38.038776,4752,True,True,True,True,Eyes,0.9892119,0.0809963,-2.244861,0.1838113,-0.09018521,-0.9788157,0.0,0.0,0.0,0.0,0.0,0.0,0.0,0.7415337,-0.5292577,-2.233617,0.9275701,0.08318975,-2.225246,0.01629464,0.9947196,-0.09341284,0.03926444,10.78469,175.6172,1.463067,0.4437259,0.03169657,-0.8956015,-0.4097982,0.005259396,-0.02432125,1.071706,0.03195103,-2.77862,-0.1027315,0.08178532,0.5196249,-0.9963858,0.02508158,-0.08115846,0.03975279,0.982017,-0.1845595,0.07506994,-0.1871187,-0.9794649,moving,-6.113427238530353,5.736646178096738,-11.18334065338614,8.944576103788878,0.1441359000000001,-0.05123872,-0.5533740000000003,-0.1059697484705619,0.0993933527219697,0.98938946553958,-5.3233577503496905,6.658475971413102,5.893505457492341,5.999569688093125,6.290123483615249
4555,05/05/2023 12:22:38.049993,4753,True,True,True,True,Eyes,0.9865375,0.08118997,-2.24419,0.1882935,-0.08902907,-0.9780692,0.0,0.0,0.0,0.0,0.0,0.0,0.0,0.695534,-0.5220853,-2.24399,0.9180924,0.08520699,-2.222989,0.01865617,0.9946077,-0.0905351,0.04701803,10.47743,174.7398,1.666538,0.4396946,0.03182977,-0.8975828,-0.3852103,0.004943832,-0.02286197,1.072373,0.03422606,-2.778518,-0.1020972,0.08294042,0.5196688,-0.9948825,0.02859757,-0.09690706,0.0456247,0.9829107,-0.1783395,0.09015092,-0.1818482,-0.9791853,moving,-5.481873078568008,5.505792245852257,-11.11509999398824,9.06806684805481,0.1542806,-0.0509809299999999,-0.5555289999999999,-0.0950940922393529,0.0955115779833567,0.9908756882315044,-4.700284664563838,6.425461948647746,6.551487684416171,6.665061576768236,6.937810631963698
4556,05/05/2023 12:22:38.068800,4754,True,True,True,True,Eyes,0.9835783,0.08141191,-2.243447,0.1931654,-0.08787291,-0.9772233,0.0,0.0,0.0,0.0,0.0,0.0,0.0,0.6473575,-0.5096582,-2.255376,0.9083837,0.08630973,-2.22102,0.02124668,0.9944822,-0.08666753,0.05516129,10.06252,173.818,1.903046,0.4359788,0.03195936,-0.8993889,-0.3620977,0.004647202,-0.02149025,1.073063,0.03657972,-2.778413,-0.101599,0.08416092,0.519924,-0.9930119,0.0326975,-0.1133966,0.05182027,0.9840747,-0.1700346,0.106031,-0.1747226,-0.9788922,moving,-4.830850270311704,5.164489439469575,-11.05690711373524,9.194803330579589,0.1646793,-0.04973001,-0.5573929999999998,-0.0838749088481252,0.0896981449775812,0.9924309248432444,-4.057760888255098,6.078994246667763,7.295060592534263,7.416684830732352,7.661351978145918
4557,05/05/2023 12:22:38.088605,4755,True,True,True,True,Eyes,0.980378,0.0816968,-2.242641,0.1983006,-0.08689937,-0.9762813,0.0,0.0,0.0,0.0,0.0,0.0,0.0,0.6032616,-0.5078045,-2.261854,0.8984864,0.08723325,-2.218757,0.02332039,0.994109,-0.08549556,0.06240436,9.956145,172.997,2.076922,0.4325395,0.03208721,-0.9010434,-0.3403718,0.00436837,-0.02020084,1.073737,0.03888112,-2.77831,-0.100905,0.08591057,0.5207514,-0.9911242,0.03569542,-0.128061,0.05703659,0.9842933,-0.1670732,0.1200859,-0.1728944,-0.9775928,moving,-4.296356103536659,5.11383656733007,-10.966195222325748,9.36794864962615,0.1752505999999999,-0.04835213,-0.5595529999999997,-0.0746187688580463,0.0888863271595633,0.9932427021502044,-3.5307854000912062,6.030628380765604,7.783938208666428,7.911019117614791,8.150032257698697
4558,05/05/2023 12:22:38.098995,4756,True,True,True,True,Eyes,0.9769292,0.08204307,-2.241788,0.2036755,-0.0857596,-0.9752752,0.0,0.0,0.0,0.0,0.0,0.0,0.0,0.5629316,-0.5134034,-2.265156,0.888625,0.0890594,-2.216714,0.02531236,0.9936049,-0.08587663,0.06880177,10.0285,172.2743,2.239756,0.4293424,0.03221634,-0.9025666,-0.3199495,0.004106268,-0.01898879,1.074415,0.04119515,-2.778206,-0.1001085,0.08693117,0.5219409,-0.9892511,0.03848404,-0.141071,0.06211789,0.983969,-0.1671718,0.1323761,-0.1741379,-0.9757831,moving,-3.869569766015379,5.2506275336090615,-10.8574981084967,9.456022581488416,0.1857899999999999,-0.04786425,-0.5614919999999999,-0.0672035155164433,0.0913056479527894,0.9935527666820736,-3.110420252145307,6.174285142772627,8.027394534781354,8.155764220990081,8.413502001487785
4559,05/05/2023 12:22:38.118945,4757,True,True,True,True,Eyes,0.9732977,0.08243813,-2.240881,0.2090657,-0.08458848,-0.9742363,0.0,0.0,0.0,0.0,0.0,0.0,0.0,0.5272803,-0.5024311,-2.270792,0.879134,0.09084739,-2.21491,0.02616757,0.9934237,-0.08294679,0.07446222,9.712218,171.6227,2.304744,0.4263561,0.03234941,-0.9039764,-0.3007525,0.003859892,-0.01784946,1.075115,0.04358552,-2.778099,-0.09949312,0.08736898,0.5235534,-0.9875415,0.03963817,-0.1522861,0.06434377,0.9848702,-0.1609056,0.143604,-0.1686996,-0.9751507,moving,-3.5365174198883027,4.994954795344698,-10.759865550691009,9.474042975021462,0.195981,-0.04726187,-0.5631889999999999,-0.0614513195307998,0.0869034726232955,0.9943196507546386,-2.78152484585872,5.913664995631265,8.369423604168569,8.499352277679224,8.736716302965913
4560,05/05/2023 12:22:38.138377,4758,True,True,True,True,Eyes,0.9694549,0.08287071,-2.23993,0.2146693,-0.08337148,-0.9731219,0.0,0.0,0.0,0.0,0.0,0.0,0.0,0.4937935,-0.4939066,-2.274894,0.8698825,0.0923647,-2.213071,0.025981,0.9931749,-0.08096579,0.07983361,9.495765,170.9953,2.247553,0.4235541,0.03248825,-0.9052877,-0.2827074,0.003628299,-0.01677849,1.075782,0.04586054,-2.777997,-0.09923666,0.08823514,0.5253525,-0.9859034,0.03867978,-0.1627846,0.06453495,0.985539,-0.1566781,0.1543703,-0.1649747,-0.9741425,moving,-3.2481002925063733,4.835145641318156,-10.696869823469177,9.534081623583424,0.2058995,-0.0465041599999999,-0.5649260000000003,-0.0564586946266581,0.0841546345529791,0.9948519274664944,-2.4968526973425678,5.751323011538274,8.674851223646927,8.80705211128145,9.030478591180614
4561,05/05/2023 12:22:38.148916,4759,True,True,True,True,Eyes,0.9654326,0.08331776,-2.238931,0.2205716,-0.08219841,-0.9719011,0.0,0.0,0.0,0.0,0.0,0.0,0.0,0.4597346,-0.4886493,-2.278002,0.8608958,0.09365936,-2.211224,0.02570106,0.9928152,-0.07979337,0.08538513,9.371147,170.3471,2.172743,0.4209117,0.03263407,-0.906514,-0.2657449,0.003410601,-0.01577178,1.076479,0.04824117,-2.77789,-0.09957074,0.08860943,0.5273643,-0.9840977,0.03740646,-0.1736448,0.06465913,0.9859449,-0.1540511,0.1654417,-0.1628291,-0.9726849,moving,-2.954951183499956,4.763958579892374,-10.692050556422007,9.537927762128223,0.2155831999999999,-0.04541819,-0.5666660000000001,-0.0513731498919286,0.0829413315405308,0.99522946726208,-2.2077250105239816,5.680156052594104,8.957937657846658,9.091396397661278,9.32020292330911
4562,05/05/2023 12:22:38.169026,4760,True,True,True,True,Eyes,0.9612296,0.08376011,-2.237897,0.226682,-0.0810604,-0.9705898,0.0,0.0,0.0,0.0,0.0,0.0,0.0,0.4244781,-0.4824331,-2.281027,0.852001,0.09441966,-2.20934,0.02578628,0.9924074,-0.07842382,0.09117346,9.227721,169.6747,2.141309,0.4184077,0.03278696,-0.907667,-0.2498002,0.003205965,-0.01482548,1.077158,0.05055804,-2.777786,-0.1005526,0.08760999,0.5299869,-0.9820453,0.03688065,-0.1850069,0.06548134,0.9863696,-0.1509547,0.1769179,-0.1603588,-0.9710745,moving,-2.647373692424124,4.6741804004637295,-10.74284614305647,9.386449516498686,0.225157,-0.04386162,-0.5684459999999998,-0.0460356614219824,0.0814029864885461,0.995617571713349,-1.9043313195383629,5.589969961056418,9.235480128001123,9.367078222203771,9.619386742430123
4563,05/05/2023 12:22:38.188406,4761,True,True,True,True,Eyes,0.9568075,0.08418271,-2.23684,0.2335219,-0.07991808,-0.9690617,0.0,0.0,0.0,0.0,0.0,0.0,0.0,0.3892117,-0.4809003,-2.282816,0.8433921,0.09474503,-2.207648,0.02618512,0.9918727,-0.07810798,0.0969646,9.208312,169.0052,2.136343,0.4160222,0.03294626,-0.908757,-0.2348122,0.003013607,-0.01393595,1.077856,0.0529398,-2.777679,-0.1016086,0.08465101,0.5330687,-0.9798246,0.03679719,-0.1964436,0.06709203,0.986427,-0.1498683,0.1882625,-0.1600244,-0.9689941,moving,-2.379910278236047,4.711358272831252,-10.791734890087929,9.023194249730386,0.2344638999999999,-0.0418052299999999,-0.5700310000000002,-0.041385257799257,0.0820657088535602,0.9957672597372532,-1.6407776164374954,5.630070130327798,9.329149298954873,9.45255112613726,9.759780239013958
4564,05/05/2023 12:22:38.198669,4762,True,True,True,True,Eyes,0.952229,0.08457892,-2.235752,0.2405877,-0.07881235,-0.9674225,0.0,0.0,0.0,0.0,0.0,0.0,0.0,0.3517857,-0.4837186,-2.283471,0.8348386,0.09466489,-2.205913,0.02771504,0.9911778,-0.0785707,0.1030791,9.292155,168.3084,2.249909,0.4137363,0.0331107,-0.9097941,-0.2207235,0.00283279,-0.01309979,1.078521,0.05521035,-2.777578,-0.1028011,0.08405025,0.5362653,-0.9772134,0.03874307,-0.2086946,0.07113905,0.9861171,-0.1500414,0.1999842,-0.1614688,-0.966403,moving,-2.0856483533447507,4.85336871065721,-10.851848075243616,8.907648625366063,0.2436824,-0.03945454,-0.5716650000000003,-0.0362630773282581,0.084550357794493,0.9957591815441976,-1.3510553783778383,5.778170617133561,9.53684466138334,9.658335425477382,10.002934293137638
4565,05/05/2023 12:22:38.218577,4763,True,True,True,True,Eyes,0.9474205,0.08495118,-2.234658,0.2483811,-0.07746151,-0.9655603,0.0,0.0,0.0,0.0,0.0,0.0,0.0,0.3122891,-0.4809802,-2.285159,0.8264384,0.09447381,-2.204289,0.03007755,0.9904844,-0.0776439,0.1095789,9.230222,167.5734,2.471636,0.4115351,0.03327887,-0.9107858,-0.2074801,0.002662823,-0.0123138,1.07922,0.05759545,-2.777471,-0.1044018,0.08686157,0.5391871,-0.974176,0.04256642,-0.2217431,0.07659896,0.9861335,-0.1472184,0.2124018,-0.1604019,-0.9639281,moving,-1.7919539746708537,4.8661202675551705,-10.95846756837946,9.151566092067252,0.2527816,-0.03687836,-0.5731819999999996,-0.0311578002903659,0.0847865770143096,0.9959119324237672,-1.061588000446035,5.793332840250427,9.98840062949921,10.118795253313149,10.45112222470804
4566,05/05/2023 12:22:38.235626,4764,True,True,True,True,Eyes,0.9424586,0.08534943,-2.233542,0.2563123,-0.07617567,-0.9635876,0.0,0.0,0.0,0.0,0.0,0.0,0.0,0.2716922,-0.4757326,-2.286824,0.8177467,0.09419422,-2.202752,0.03238572,0.9897565,-0.07625392,0.1162701,9.118484,166.8147,2.692139,0.4094012,0.03344964,-0.9117408,-0.1950313,0.002503054,-0.01157497,1.079909,0.05994719,-2.777365,-0.1056621,0.08666719,0.5428787,-0.970865,0.04637584,-0.2350973,0.08184005,0.986273,-0.1434146,0.2252192,-0.1584766,-0.9613332,moving,-1.485977766600409,4.822389293819818,-11.013949320320265,9.070373537874696,0.2621622999999999,-0.03424703,-0.5746130000000003,-0.025840557813389,0.0840391525732096,0.996127239418574,-0.7598812119093608,5.750492121858624,10.302056704773335,10.432047357361508,10.77810397928775
4567,05/05/2023 12:22:38.248758,4765,True,True,True,True,Eyes,0.9373064,0.08575502,-2.232442,0.2645784,-0.0743897,-0.9614908,0.0,0.0,0.0,0.0,0.0,0.0,0.0,0.2350662,-0.4752913,-2.2865,0.8090395,0.09523118,-2.201278,0.03344291,0.9890227,-0.07597751,0.1222415,9.117706,166.1284,2.761878,0.4073231,0.03362395,-0.9126647,-0.1833294,0.00235287,-0.01088047,1.080586,0.0622575,-2.777262,-0.1069846,0.0857771,0.5467842,-0.9678771,0.04757638,-0.2468811,0.0847268,0.986218,-0.1421108,0.2367174,-0.1584632,-0.9585689,moving,-1.2793388861038546,4.916958160274038,-11.070715531674646,8.915645856254217,0.2715465,-0.03297368,-0.575984,-0.0222446991336258,0.0856906095111936,0.9960734955309998,-0.5564180789695174,5.849191014843784,10.449538424287027,10.57641526725442,10.952332912141186
4568,05/05/2023 12:22:38.268523,4766,True,True,True,True,Eyes,0.932032,0.08616139,-2.231328,0.2728295,-0.07245427,-0.9593302,0.0,0.0,0.0,0.0,0.0,0.0,0.0,0.2040297,-0.4518628,-2.290284,0.8005772,0.09560555,-2.20026,0.03242723,0.9887621,-0.07118892,0.127399,8.571307,165.5159,2.665573,0.4052876,0.03380189,-0.9135638,-0.1723296,0.002211698,-0.01022765,1.081268,0.06458357,-2.777158,-0.108158,0.09217098,0.5508428,-0.9654362,0.04598682,-0.2565514,0.08226439,0.9877613,-0.1325154,0.2473176,-0.1490402,-0.9574035,moving,-1.1847788261550882,4.474718784408195,-11.108707530459286,9.499140832275266,0.2806907999999999,-0.0310219799999999,-0.5768979999999999,-0.0206138186123532,0.0780026293645804,0.9967400113559964,-0.4621672429833281,5.395036153413743,10.978483036246656,11.123361804922355,11.410192606082584
4569,05/05/2023 12:22:38.278504,4767,True,True,True,True,Eyes,0.9265904,0.08662522,-2.230244,0.2812987,-0.07028177,-0.9570431,0.0,0.0,0.0,0.0,0.0,0.0,0.0,0.1774149,-0.4387665,-2.290908,0.7923177,0.09595361,-2.198926,0.03095979,0.9884182,-0.06878201,0.1316811,8.28658,165.0038,2.495588,0.403286,0.03398329,-0.9144425,-0.1619898,0.002078996,-0.009613988,1.081979,0.06701102,-2.777049,-0.1094731,0.09209079,0.5550898,-0.963403,0.04308785,-0.2645709,0.07931701,0.9886211,-0.1278171,0.256053,-0.1441244,-0.9558581,moving,-1.1967437166682324,4.311137733114822,-11.156524958398265,9.41971719749309,0.2896613,-0.0289425899999999,-0.5781229999999997,-0.0208265299424361,0.0751562630222228,0.9969542481241176,-0.4735757028431402,5.226720302571607,11.049865609755951,11.19351716517131,11.476350803177242
4570,05/05/2023 12:22:38.298458,4768,True,True,True,True,Eyes,0.921062,0.08712068,-2.229191,0.2897649,-0.06759851,-0.9547076,0.0,0.0,0.0,0.0,0.0,0.0,0.0,0.1493363,-0.427561,-2.2916,0.7842253,0.09762466,-2.198181,0.03031677,0.9880003,-0.06630048,0.1361645,8.005369,164.4756,2.42217,0.4013082,0.03417024,-0.9153053,-0.1522705,0.001954257,-0.009037149,1.082675,0.06938596,-2.776942,-0.1105106,0.09075007,0.560137,-0.9610806,0.04185041,-0.2730811,0.07796149,0.9893703,-0.1227537,0.2650411,-0.1392659,-0.9541272,moving,-1.1837415277375112,4.18171100482502,-11.16067070375954,9.202758191142928,0.2984497,-0.0282387,-0.5787610000000001,-0.0206037417653092,0.072904362846154,0.9971260186291674,-0.460454346666723,5.0937040475349455,11.031205620749498,11.169155323057808,11.462065958792012
4571,05/05/2023 12:22:38.318554,4769,True,True,True,True,Eyes,0.9154006,0.08758523,-2.228178,0.298283,-0.06476194,-0.9522778,0.0,0.0,0.0,0.0,0.0,0.0,0.0,0.1226504,-0.3930439,-2.296601,0.7765666,0.09872642,-2.197977,0.02855629,0.9878951,-0.05897694,0.1406043,7.155136,163.9432,2.300991,0.3993475,0.03436359,-0.9161551,-0.1431342,0.001837001,-0.00849492,1.083333,0.07163385,-2.776841,-0.1111788,0.08913262,0.5652034,-0.9588298,0.03983641,-0.281173,0.07300606,0.9914125,-0.1084958,0.2744364,-0.1245563,-0.9535042,moving,-1.1956520359194738,3.491588665030406,-11.128334929950832,8.96174442465199,0.3067664000000001,-0.0270925699999999,-0.5788640000000003,-0.0208278320577633,0.0608887920727984,0.99792716254549,-0.4705684997307455,4.383875294892586,11.207011424730824,11.339347137639995,11.59934787176979
4572,05/05/2023 12:22:38.335588,4770,True,True,True,True,Eyes,0.90967,0.08805585,-2.227205,0.3067694,-0.06211462,-0.9497548,0.0,0.0,0.0,0.0,0.0,0.0,0.0,0.09458667,-0.3775383,-2.297523,0.7688414,0.0982798,-2.19757,0.02755599,0.9874297,-0.05605122,0.1451956,6.816809,163.401,2.2015,0.3973969,0.03456146,-0.9169955,-0.1345462,0.001726781,-0.007985225,1.084038,0.07403835,-2.776734,-0.1129204,0.09081854,0.5700376,-0.9563181,0.03814243,-0.2898299,0.07069598,0.9921979,-0.1026913,0.2836517,-0.1186953,-0.9515533,moving,-1.1749278253619606,3.3021182417877304,-11.204827784032611,9.052298935882122,0.3151966,-0.0242414499999999,-0.579164,-0.0204708902500857,0.0575888618794337,0.9981304206149342,-0.4496939888597113,4.1891618758676055,11.424987874087988,11.561291934540767,11.803516637704076
4573,05/05/2023 12:22:38.349146,4771,True,True,True,True,Eyes,0.9038248,0.08855033,-2.226299,0.3154322,-0.05963143,-0.9470726,0.0,0.0,0.0,0.0,0.0,0.0,0.0,0.06685233,-0.3816742,-2.295449,0.7613909,0.09891419,-2.197664,0.02791479,0.9867195,-0.05695039,0.1495398,6.934632,162.8976,2.197022,0.3954515,0.03476368,-0.9178284,-0.1264734,0.001623174,-0.007506112,1.084683,0.07623858,-2.776635,-0.1154551,0.09316635,0.5745469,-0.9537175,0.03805544,-0.2982873,0.07212085,0.9919548,-0.1040394,0.2919282,-0.1207369,-0.9487892,moving,-1.1828242623568606,3.562860121349234,-11.362250847836895,9.21069446152932,0.3232921000000001,-0.02267561,-0.5789710000000001,-0.0206028295248612,0.0621303782503512,0.9978553148755998,-0.458091976334529,4.457262781391975,11.498810977308905,11.641252438775442,11.895200436844144
4574,05/05/2023 12:22:38.368662,4772,True,True,True,True,Eyes,0.8979334,0.08905527,-2.225434,0.3241236,-0.05720927,-0.9442833,0.0,0.0,0.0,0.0,0.0,0.0,0.0,0.03820407,-0.375644,-2.294989,0.7539996,0.09989491,-2.197964,0.02916966,0.9860849,-0.05537644,0.154011,6.788035,162.3846,2.335796,0.393505,0.03497085,-0.9186569,-0.118885,0.001525784,-0.007055745,1.085377,0.0786093,-2.776529,-0.1186322,0.09158516,0.5793449,-0.9508597,0.04047035,-0.3069664,0.07458466,0.9921651,-0.1002268,0.3005051,-0.1181966,-0.9464284,moving,-1.1854148442213297,3.5585995011386915,-11.572454874695108,8.983206593904029,0.3313774,-0.02128561,-0.5785650000000002,-0.0206480430110458,0.0620561199697943,0.9978590359383892,-0.4606354988442152,4.452862946687759,11.579127921493878,11.718232063990913,11.999855974277695
4575,05/05/2023 12:22:38.388148,4773,True,True,True,True,Eyes,0.8920041,0.08957025,-2.224623,0.332836,-0.05498282,-0.9413804,0.0,0.0,0.0,0.0,0.0,0.0,0.0,0.006727457,-0.371854,-2.29386,0.7469317,0.1006521,-2.198199,0.03023888,0.9852859,-0.05441194,0.1591753,6.710296,161.789,2.439092,0.3915547,0.0351829,-0.9194818,-0.1117519,0.001434237,-0.0066324,1.086071,0.08097638,-2.776423,-0.1218764,0.09099286,0.5840363,-0.9474977,0.0422658,-0.3169571,0.07690994,0.9922499,-0.09759606,0.3103757,-0.1168492,-0.9434053,moving,-1.108537646549074,3.607918383062909,-11.787296181367129,8.85548921947666,0.3391393,-0.0196757199999999,-0.5782240000000001,-0.0193080949776466,0.062916716123574,0.9978319774370198,-0.3849731036060799,4.50412029536896,11.760088794706352,11.898440382173185,12.204400152540574
4576,05/05/2023 12:22:38.398975,4774,True,True,True,True,Eyes,0.8860386,0.09010838,-2.223878,0.341658,-0.05272112,-0.9383445,0.0,0.0,0.0,0.0,0.0,0.0,0.0,-0.02845877,-0.3691936,-2.292477,0.739994,0.1013902,-2.198793,0.03036356,0.9843133,-0.0538818,0.1652339,6.667499,161.0826,2.421702,0.3895981,0.03539978,-0.9203042,-0.1050468,0.001348183,-0.006234456,1.086757,0.08331813,-2.776318,-0.1245306,0.09146146,0.588709,-0.943552,0.04196831,-0.3285559,0.07758071,0.9923496,-0.09603897,0.3220117,-0.1161073,-0.9395893,moving,-0.9350933498121874,3.6874909036647954,-11.94380492277551,8.830839259176601,0.3467629999999999,-0.0180720699999999,-0.5775249999999996,-0.0162859560870083,0.0643059105844885,0.9977973860641932,-0.2141948606562894,4.587164944589986,12.011254906418545,12.150957279278146,12.473673231957402
4577,05/05/2023 12:22:38.418521,4775,True,True,True,True,Eyes,0.8800374,0.09062282,-2.223217,0.3505979,-0.0504888,-0.9351642,0.0,0.0,0.0,0.0,0.0,0.0,0.0,-0.06490964,-0.3620781,-2.291599,0.7330827,0.1024479,-2.199734,0.02974691,0.9833158,-0.05241704,0.1716329,6.505355,160.3309,2.336639,0.387633,0.03562194,-0.9211251,0.0,0.0,0.0,1.087431,0.08561695,-2.776215,-0.1266514,0.09230589,0.5935405,-0.9393148,0.04050823,-0.3406571,0.07649417,0.9927351,-0.09287391,0.3344201,-0.1132961,-0.9355895,moving,-0.734696455917123,3.643844724408422,-12.0452920844483,8.83968142557571,0.3543483,-0.0168309499999999,-0.5764810000000002,-0.0127966033890206,0.0635490248188559,0.9978967159770428,-0.0165588356700193,4.543675173344914,12.305291304186422,12.446939081450733,12.772865508157134
4578,05/05/2023 12:22:38.439226,4776,True,True,True,True,Eyes,0.8740161,0.09109418,-2.222625,0.3595915,-0.04841751,-0.9318528,0.0,0.0,0.0,0.0,0.0,0.0,0.0,-0.09939587,-0.3495407,-2.291453,0.7264189,0.1023064,-2.20106,0.02837915,0.9823933,-0.05010268,0.1777295,6.230509,159.6096,2.187799,0.3856565,0.03584785,-0.9219455,0.0,0.0,0.0,1.088119,0.08796634,-2.776109,-0.1283683,0.09492685,0.5979933,-0.9352138,0.03794952,-0.3520442,0.07356841,0.9933687,-0.08835346,0.3463567,-0.1085287,-0.9318039,moving,-0.5785533727994321,3.4796275346975483,-12.115539119470226,9.02000267590386,0.3617001000000001,-0.01434006,-0.5750489999999999,-0.0100788759564008,0.0606905477395239,0.9981057141852367,0.1377398790307618,4.375877398419121,12.64974408362848,12.79835133226862,13.103844695663868
4579,05/05/2023 12:22:38.448753,4777,True,True,True,True,Eyes,0.8679435,0.09154683,-2.222127,0.368564,-0.04668498,-0.9284294,0.0,0.0,0.0,0.0,0.0,0.0,0.0,-0.1336445,-0.3524283,-2.288311,0.7198442,0.1017565,-2.202249,0.02836272,0.9812577,-0.05107324,0.183632,6.352706,158.9187,2.128049,0.3836682,0.03607523,-0.9227658,0.0,0.0,0.0,1.088793,0.09026812,-2.776006,-0.129363,0.09926785,0.602436,-0.93095,0.03690491,-0.3632777,0.07441963,0.9931741,-0.08981541,0.3574834,-0.1106486,-0.9273419,moving,-0.4340503168384588,3.695340859786274,-12.119267338654767,9.356969772795312,0.3689487999999998,-0.01148838,-0.5737570000000001,-0.0075597852389505,0.0644493204106876,0.9978923764533436,0.2796696658000535,4.598732139824023,12.825742813939968,12.984542302120838,13.280604813496383
4580,05/05/2023 12:22:38.468499,4778,True,True,True,True,Eyes,0.8618538,0.09196144,-2.221716,0.3775702,-0.04494687,-0.9248894,0.0,0.0,0.0,0.0,0.0,0.0,0.0,-0.168015,-0.3541358,-2.28514,0.7133082,0.1017435,-2.203711,0.02979186,0.980096,-0.05148832,0.1894026,6.442859,158.2512,2.243182,0.3816652,0.0363031,-0.9235872,0.0,0.0,0.0,1.089497,0.09266853,-2.775898,-0.1295914,0.1025212,0.607154,-0.9264784,0.03889372,-0.3743333,0.0779018,0.9929228,-0.08964168,0.3681976,-0.1122123,-0.9229515,moving,-0.3067693284914149,3.8815619458953514,-12.048461166485614,9.584291692226502,0.3761888,-0.00907497,-0.572187,-0.0053418275619816,0.0676932576829276,0.9976918196646536,0.4046929851500065,4.791135943875423,12.888556565691212,13.053292832772494,13.343739743878045
4581,05/05/2023 12:22:38.488815,4779,True,True,True,True,Eyes,0.855725,0.09230582,-2.221402,0.3865739,-0.04342586,-0.9212354,0.0,0.0,0.0,0.0,0.0,0.0,0.0,-0.2013462,-0.3454238,-2.283416,0.7067348,0.1012392,-2.205474,0.03136895,0.9790522,-0.04972632,0.1949363,6.292213,157.6118,2.423848,0.3796463,0.03652973,-0.92441,0.0,0.0,0.0,1.09019,0.09503372,-2.775792,-0.1297462,0.1053071,0.6121089,-0.9220319,0.04203676,-0.3848253,0.08081063,0.9930866,-0.08513943,0.3785859,-0.1095992,-0.9190546,moving,-0.215001255275908,3.815713907228397,-11.967615364241828,9.761596761459517,0.3834552,-0.0062054799999999,-0.5703179999999999,-0.0037441525524901,0.0665470828315834,0.9977761847124732,0.4953048327316789,4.724055487965708,13.00186050320268,13.171084287578772,13.442514717056618
4582,05/05/2023 12:22:38.498431,4780,True,True,True,True,Eyes,0.8495845,0.09261636,-2.221172,0.3955691,-0.04218157,-0.917467,0.0,0.0,0.0,0.0,0.0,0.0,0.0,-0.2325271,-0.345037,-2.280207,0.7002133,0.09988714,-2.207303,0.03335872,0.9779606,-0.04994875,0.1999642,6.375091,157.0334,2.610885,0.3776099,0.0367522,-0.9252349,0.0,0.0,0.0,1.090869,0.09735131,-2.775689,-0.1308641,0.1075994,0.6169905,-0.9178033,0.04527109,-0.3944466,0.08522294,0.9927846,-0.0843547,0.3877818,-0.1110369,-0.9150392,moving,-0.1764613491904722,3.969608261792868,-11.97500628012019,9.892548823987902,0.3906557,-0.00253583,-0.5683859999999998,-0.0030724378061953,0.0692269897486328,0.9975961496656576,0.5329313706374139,4.882594525845956,13.028376051504814,13.201775918052183,13.473980345269569
4583,05/05/2023 12:22:38.518937,4781,True,True,True,True,Eyes,0.8434792,0.09289367,-2.221014,0.4044375,-0.04097098,-0.9136475,0.0,0.0,0.0,0.0,0.0,0.0,0.0,-0.2646551,-0.3519947,-2.275423,0.6937179,0.09945098,-2.209152,0.03626076,0.9767152,-0.05153335,0.2050781,6.634737,156.4503,2.867774,0.3755554,0.03696939,-0.926062,0.0,0.0,0.0,1.091519,0.09957173,-2.775589,-0.1331024,0.1040917,0.6221858,-0.9132565,0.04969615,-0.404343,0.09196959,0.992059,-0.08579423,0.3968684,-0.1155394,-0.9105749,moving,-0.1128576125607592,4.297553171372801,-12.075110276938016,9.497626569137244,0.3978010999999999,0.00012075,-0.5664370000000001,-0.0019641975008908,0.0749359997023201,0.997186444322952,0.5948534523106079,5.220307960065602,12.881333126384227,13.043628795260087,13.372488002760976
4584,05/05/2023 12:22:38.539458,4782,True,True,True,True,Eyes,0.8373573,0.0931353,-2.220946,0.4133104,-0.03984072,-0.9097182,0.0,0.0,0.0,0.0,0.0,0.0,0.0,-0.2966814,-0.345506,-2.272613,0.6873326,0.09900247,-2.21132,0.03814206,0.9755929,-0.05031005,0.210316,6.557946,155.8451,3.073159,0.3734842,0.03718034,-0.9268909,0.0,0.0,0.0,1.092228,0.1019887,-2.775481,-0.1361346,0.1034479,0.6270272,-0.9086249,0.05326023,-0.4142033,0.09558424,0.9920282,-0.08212046,0.4065276,-0.114208,-0.9064723,moving,-0.0492778525479118,4.283373486903445,-12.24944583582792,9.368354282158196,0.4048954,0.00298623,-0.5641609999999999,-0.0008576583805315,0.0746893246421774,0.9972064692610636,0.6575580562106564,5.206168456004953,13.05658396737724,13.217455447564792,13.561509514819132
4585,05/05/2023 12:22:38.558489,4783,True,True,True,True,Eyes,0.8312938,0.09333965,-2.220945,0.4219728,-0.03864179,-0.9057846,0.0,0.0,0.0,0.0,0.0,0.0,0.0,-0.3288539,-0.3423512,-2.268796,0.6807476,0.09840733,-2.213523,0.03977679,0.974402,-0.04990769,0.2155638,6.569551,155.2366,3.231519,0.371396,0.03738399,-0.9277214,0.0,0.0,0.0,1.092932,0.1043925,-2.775373,-0.1387883,0.1016156,0.6315922,-0.9039,0.05600059,-0.4240619,0.09903375,0.9918541,-0.08011144,0.4161212,-0.1144092,-0.9020828,moving,0.0300843808779851,4.360190430914808,-12.393401550864798,9.139878187779566,0.4121844,0.0059851699999999,-0.5618500000000002,0.0005235518159175,0.0760262379532611,0.9971056666710776,0.7356051811937668,5.2857230926760455,13.155624809181807,13.31121398480746,13.683030704765356
4586,05/05/2023 12:22:38.568731,4784,True,True,True,True,Eyes,0.8252048,0.09351736,-2.221043,0.4305805,-0.03741607,-0.9017762,0.0,0.0,0.0,0.0,0.0,0.0,0.0,-0.3581089,-0.3381525,-2.265595,0.6741907,0.09786396,-2.216168,0.04151972,0.9733359,-0.04925692,0.2201524,6.555661,154.7057,3.412632,0.3692924,0.03757945,-0.9285529,0.0,0.0,0.0,1.093602,0.1066784,-2.77527,-0.1413466,0.09366303,0.6364672,-0.8996179,0.05913721,-0.4326547,0.1025133,0.9916998,-0.07760572,0.4244741,-0.1141684,-0.8982133,moving,0.0337369015865738,4.417166261161712,-12.521039142788046,8.37160585386889,0.4194112999999999,0.00881444,-0.5591019999999998,0.000587070973832,0.0770177301648258,0.997029472357194,0.7390712531329419,5.344344478930797,13.030126605268832,13.162826216917589,13.601280790580123
4587,05/05/2023 12:22:38.588781,4785,True,True,True,True,Eyes,0.8191465,0.09367456,-2.221201,0.4390074,-0.03593846,-0.8977644,0.0,0.0,0.0,0.0,0.0,0.0,0.0,-0.3859078,-0.327916,-2.263039,0.66745,0.0974099,-2.218744,0.04333238,0.9723779,-0.04728902,0.2244267,6.396918,154.2105,3.63729,0.3671724,0.03776623,-0.9293856,0.0,0.0,0.0,1.094258,0.1089199,-2.77517,-0.1433907,0.09287721,0.6406587,-0.89551,0.06304507,-0.4405533,0.1054967,0.9917721,-0.07251571,0.4323567,-0.1114155,-0.8947928,moving,0.0064309732355156,4.345644125870775,-12.615885690169822,8.24878417555479,0.4268079999999999,0.01151,-0.5564260000000001,0.0001119189710611,0.0757730998682599,0.9971250738396812,0.7123240614817538,5.270598221941411,13.082044494068384,13.21201650766178,13.656894477088128
4588,05/05/2023 12:22:38.598988,4786,True,True,True,True,Eyes,0.8130523,0.09383932,-2.22145,0.447381,-0.03418727,-0.8936898,0.0,0.0,0.0,0.0,0.0,0.0,0.0,-0.4126946,-0.3153197,-2.260526,0.6607146,0.09718933,-2.2212,0.04511588,0.9714615,-0.04478534,0.2285202,6.178957,153.7348,3.875036,0.3650376,0.0379442,-0.9302189,0.0,0.0,0.0,1.094939,0.1112434,-2.775066,-0.1454103,0.09635827,0.6437158,-0.8914862,0.06718796,-0.4480382,0.1081254,0.9919177,-0.06639469,0.4399561,-0.1076342,-0.8915457,moving,-0.0415841882778626,4.232193123842682,-12.72902363990151,8.513433313858558,0.4342244,0.01405407,-0.5538659999999997,-0.0007238018529575,0.0737985328111831,0.9972729014070756,0.6652623739040577,5.153586451482594,13.250634135093517,13.390300123717292,13.809253012319132
4589,05/05/2023 12:22:38.618466,4787,True,True,True,True,Eyes,0.8069864,0.09399883,-2.221749,0.4555212,-0.03178767,-0.8896572,0.0,0.0,0.0,0.0,0.0,0.0,0.0,-0.4388518,-0.2900988,-2.259453,0.6537286,0.09749252,-2.223738,0.04635963,0.970676,-0.03948006,0.2325515,5.635913,153.2577,4.128068,0.362886,0.03811447,-0.9310535,0.0,0.0,0.0,1.095635,0.1136171,-2.774959,-0.1471735,0.09692585,0.647126,-0.8875412,0.07163808,-0.4551249,0.1083627,0.9925842,-0.05508268,0.4478038,-0.09820669,-0.8887223,moving,-0.0956624010936674,3.8310345328693463,-12.812635055196914,8.518378431165702,0.4419063999999999,0.01612458,-0.551221,-0.0016658921659341,0.066814260309199,0.9977640164627782,0.6129022094382868,4.740643960238307,13.411786879359486,13.553323810272737,13.946911076540982
4590,05/05/2023 12:22:38.635634,4788,True,True,True,True,Eyes,0.8008685,0.09414577,-2.222148,0.4635536,-0.02885477,-0.885599,0.0,0.0,0.0,0.0,0.0,0.0,0.0,-0.4625397,-0.2523447,-2.259774,0.6464877,0.09760135,-2.226371,0.04729541,0.9700601,-0.03152159,0.2361208,4.78923,152.8246,4.424324,0.360719,0.03827747,-0.9318885,0.0,0.0,0.0,1.096336,0.116009,-2.774852,-0.1476358,0.09838964,0.65067,-0.8840203,0.07687297,-0.4610845,0.1066446,0.993539,-0.0388208,0.4551212,-0.08349053,-0.8865068,moving,-0.2107732847332033,3.1613041075228665,-12.783855215067993,8.59871336679626,0.4498483,0.0184076499999999,-0.5484810000000002,-0.0036730817253428,0.0551468061255581,0.9984715643775248,0.5010143858675107,4.051067289161038,13.553180868912694,13.698460084248271,14.0416824191865
4591,05/05/2023 12:22:38.648850,4789,True,True,True,True,Eyes,0.7947381,0.09424549,-2.222635,0.4714098,-0.02498733,-0.8815602,0.0,0.0,0.0,0.0,0.0,0.0,0.0,-0.4827583,-0.2081193,-2.260792,0.639108,0.09736051,-2.229262,0.04821156,0.9695736,-0.02223825,0.2389736,3.793794,152.4661,4.763474,0.3585347,0.03843325,-0.9327246,0.0,0.0,0.0,1.096998,0.1182716,-2.774751,-0.1469095,0.09976324,0.654163,-0.8811346,0.08286058,-0.4655493,0.104118,0.9943622,-0.02008066,0.4612607,-0.06616581,-0.8847943,moving,-0.4035099298159663,2.40364026236792,-12.657274427152664,8.671090981024474,0.4578899999999999,0.02091109,-0.5454890000000003,-0.0070363225267357,0.0419380932676351,0.999095410318246,0.3128172887622522,3.2705155223439943,13.61553427553629,13.763563596212204,14.049537159783826
4592,05/05/2023 12:22:38.668492,4790,True,True,True,True,Eyes,0.7885714,0.09426872,-2.223224,0.4790618,-0.02078944,-0.877535,0.0,0.0,0.0,0.0,0.0,0.0,0.0,-0.4986908,-0.1634036,-2.262041,0.6318371,0.09625868,-2.232428,0.04893052,0.9692118,-0.01302996,0.2409663,2.79937,152.2007,5.087345,0.3563324,0.03858041,-0.9335622,0.0,0.0,0.0,1.097698,0.1206582,-2.774644,-0.1459038,0.09936306,0.6577505,-0.8790823,0.0885685,-0.4683698,0.1011276,0.994872,-0.001676371,0.4658196,-0.04883879,-0.8835312,moving,-0.6858583648765765,1.6753786656019076,-12.50697622099995,8.590431890657202,0.4658609,0.0243995199999999,-0.5422159999999998,-0.0119650849659881,0.0292346155065275,0.999501005130908,0.0362196916468698,2.51957713644204,13.549113519914888,13.695137402512852,13.935101045554594
4593,05/05/2023 12:22:38.690115,4791,True,True,True,True,Eyes,0.7824249,0.09422087,-2.22389,0.4865215,-0.01634723,-0.8735157,0.0,0.0,0.0,0.0,0.0,0.0,0.0,-0.5119097,-0.1273754,-2.262439,0.6247995,0.09440562,-2.235535,0.0496821,0.9688851,-0.005854925,0.2424029,2.03051,152.0024,5.364571,0.3541104,0.03871642,-0.9344016,0.0,0.0,0.0,1.098413,0.1230994,-2.774534,-0.1452167,0.09869059,0.6609517,-0.8775451,0.09343399,-0.4703029,0.09911098,0.9949948,0.01274067,0.4691394,-0.03543167,-0.8824132,moving,-1.011829447598341,1.1934592045649766,-12.3914863341392,8.492427556635102,0.4736135000000001,0.02869378,-0.538999,-0.0176550085565753,0.0208250408671672,0.9996272797313812,-0.2839576381506081,2.021681324135672,13.375626664324852,13.519302121778257,13.728175695612023
4594,05/05/2023 12:22:38.698667,4792,True,True,True,True,Eyes,0.7762565,0.09414434,-2.224653,0.4937704,-0.0118915,-0.869511,0.0,0.0,0.0,0.0,0.0,0.0,0.0,-0.5233516,-0.1045026,-2.262233,0.6180001,0.0926917,-2.238749,0.05081744,0.9685956,-0.001473051,0.2433885,1.581011,151.867,5.610384,0.3518705,0.03883921,-0.9352423,0.0,0.0,0.0,1.099086,0.1253947,-2.774431,-0.1443214,0.1030907,0.6635656,-0.8763594,0.09772605,-0.4716399,0.09916014,0.9948308,0.02188318,0.4713405,-0.02759035,-0.8815199,moving,-1.3632116162615364,1.0376702711345582,-12.270380848280531,8.830802643307168,0.4810858999999999,0.0327029999999999,-0.535682,-0.023786387053529,0.0181046487873384,0.9995531122920064,-0.6299513931881273,1.859012227066702,13.252257851828151,13.40519499396061,13.568546698411192
4595,05/05/2023 12:22:38.718733,4793,True,True,True,True,Eyes,0.7700917,0.09406563,-2.225504,0.5009269,-0.007435627,-0.8654577,0.0,0.0,0.0,0.0,0.0,0.0,0.0,-0.5362576,-0.08574004,-2.261253,0.6112943,0.09193578,-2.241887,0.05278008,0.9681737,0.00221157,0.2446408,1.234359,151.7023,5.929613,0.3496119,0.03894872,-0.9360844,0.0,0.0,0.0,1.099781,0.127767,-2.774325,-0.1434463,0.107097,0.6660273,-0.8747303,0.1032826,-0.4734761,0.1011185,0.9944188,0.03010669,0.4739431,-0.02154196,-0.880292,moving,-1.6718238097068587,0.9861147732329408,-12.154470303705155,9.134947910748426,0.4884866999999999,0.03583122,-0.532438,-0.0291703735804018,0.0172027768984192,0.9994264514980312,-0.9340319725685704,1.8038386587522488,13.116825538385187,13.277400311100262,13.403111549470262
4596,05/05/2023 12:22:38.738665,4794,True,True,True,True,Eyes,0.7639155,0.09400787,-2.226446,0.5079497,-0.002975356,-0.8613816,0.0,0.0,0.0,0.0,0.0,0.0,0.0,-0.551332,-0.06430971,-2.259783,0.6049352,0.09175495,-2.245073,0.05352517,0.9676389,0.006532103,0.2465108,0.787706,151.4575,6.13184,0.3473345,0.03904604,-0.9369278,0.0,0.0,0.0,1.100452,0.1300586,-2.774222,-0.1429398,0.1088596,0.6686078,-0.8727351,0.1068065,-0.4763675,0.1003656,0.9941848,0.03903049,0.477766,-0.01374763,-0.8783796,moving,-1.90787303655764,0.8256868119397766,-12.067446363781391,9.247487666315166,0.4955168,0.0383036499999999,-0.5291489999999999,-0.0332890599969772,0.0144024679758014,0.999341992859652,-1.1663299865455945,1.6372029003565616,13.03307824587615,13.19635024626106,13.29476485271628
4597,05/05/2023 12:22:38.748592,4795,True,True,True,True,Eyes,0.7577629,0.09392682,-2.227466,0.5151244,0.00155346,-0.857114,0.0,0.0,0.0,0.0,0.0,0.0,0.0,-0.5685896,-0.04729451,-2.257423,0.5984795,0.09221903,-2.24829,0.05510583,0.9669465,0.01000657,0.248752,0.4620233,151.1722,6.404716,0.3450384,0.03913309,-0.9377722,0.0,0.0,0.0,1.10112,0.1323366,-2.77412,-0.142905,0.1141954,0.6705212,-0.8701715,0.1115471,-0.479957,0.1015905,0.9937264,0.04676701,0.4821627,-0.00806374,-0.8760446,moving,-2.103168501806804,0.7907116955232916,-12.0311714721675,9.665218742087992,0.5026405,0.04011757,-0.52583,-0.0366954817639727,0.0137907898145429,0.9992313172853085,-1.3587522261609517,1.599871385458984,13.14139690947762,13.316235139821517,13.377232918119258
4598,05/05/2023 12:22:38.768689,4796,True,True,True,True,Eyes,0.7516115,0.0938126,-2.228559,0.5222233,0.006025543,-0.8527875,0.0,0.0,0.0,0.0,0.0,0.0,0.0,-0.5896126,-0.01360063,-2.254137,0.5924941,0.09150189,-2.251564,0.05489897,0.9659839,0.01673648,0.252153,359.7337,150.7255,6.57505,0.3427247,0.03920975,-0.938617,0.0,0.0,0.0,1.101825,0.1347443,-2.774012,-0.1425552,0.1210082,0.6722345,-0.8668099,0.1145033,-0.4853139,0.09762271,0.993412,0.06002022,0.4889891,0.004648462,-0.8722776,moving,-2.184040892446937,0.3315394695929009,-11.972870175073222,10.204468237320867,0.5093309,0.04324241,-0.5224479999999998,-0.0381088368988517,0.0057822197704379,0.9992568663123248,-1.4373869751694526,1.1270788151017055,13.712997959293022,13.90308962702292,13.9066676446254
4599,05/05/2023 12:22:38.788870,4797,True,True,True,True,Eyes,0.7454848,0.09370155,-2.229713,0.5295027,0.01022363,-0.8482467,0.0,0.0,0.0,0.0,0.0,0.0,0.0,-0.6122954,-0.00369069,-2.249467,0.5863723,0.09055653,-2.254548,0.05418986,0.9650624,0.0183006,0.2557012,359.564,150.2951,6.543382,0.340394,0.03927551,-0.939462,0.0,0.0,0.0,1.102527,0.1371397,-2.773905,-0.1422,0.123719,0.6743999,-0.8633608,0.1139522,-0.4915518,0.09523422,0.9934571,0.06303526,0.4955186,0.007609623,-0.8685641,moving,-2.236856888774025,0.4079197746820659,-11.906641750960214,10.395352630749542,0.5161547000000001,0.04658317,-0.5193569999999998,-0.0390296152096554,0.0071140586889407,0.9992127777826472,-1.4896281965952425,1.205262650956143,13.707900343438384,13.901566614429516,13.891433519566023
4600,05/05/2023 12:22:38.799078,4798,True,True,True,True,Eyes,0.7393649,0.09362497,-2.230926,0.5367131,0.0143846,-0.8436421,0.0,0.0,0.0,0.0,0.0,0.0,0.0,-0.637153,0.008223191,-2.244002,0.5804568,0.09047958,-2.257534,0.05365086,0.9639645,0.02046061,0.2597601,359.3369,149.7995,6.550126,0.3380474,0.03933145,-0.9403066,0.0,0.0,0.0,1.103203,0.1394457,-2.773802,-0.1419661,0.1274261,0.6765148,-0.8592925,0.1140648,-0.4986036,0.09280536,0.9934059,0.06731931,0.5029945,0.01157389,-0.8642121,moving,-2.229989291729716,0.4189348093475268,-11.8515044518487,10.667066545097429,0.5227461999999999,0.04896612,-0.5162679999999997,-0.0389097886381786,0.007306189146347,0.9992159472653896,-1.482884693930366,1.2166387850184217,13.85728892415695,14.05694696759164,14.029214537270658
4601,05/05/2023 12:22:38.818678,4799,True,True,True,True,Eyes,0.733278,0.09357239,-2.232176,0.5441033,0.0183217,-0.8388182,0.0,0.0,0.0,0.0,0.0,0.0,0.0,-0.6605631,0.01752627,-2.238448,0.5744976,0.09120116,-2.260295,0.05315063,0.9629397,0.02225589,0.2634899,359.149,149.3447,6.551872,0.3356861,0.03937988,-0.9411501,0.0,0.0,0.0,1.103913,0.1418692,-2.773693,-0.1427676,0.1309594,0.6781579,-0.8554964,0.1140901,-0.5050839,0.0906333,0.9933593,0.07087146,0.5098155,0.01485285,-0.8601557,moving,-2.2761409048420265,0.4624966095467718,-11.888457062619642,10.929876603298382,0.5294153999999999,0.05066804,-0.513398,-0.0397144140654116,0.0080656329591298,0.999178547254408,-1.5284794365544727,1.2611174089679371,14.003651098900267,14.211356932068943,14.170887084813018
4602,05/05/2023 12:22:38.839357,4800,True,True,True,True,Eyes,0.727207,0.09353957,-2.233464,0.5513809,0.02217877,-0.8339587,0.0,0.0,0.0,0.0,0.0,0.0,0.0,-0.6830679,0.03072596,-2.23276,0.5686935,0.09169158,-2.262945,0.05223666,0.9619238,0.02486413,0.2671248,358.8582,148.895,6.534509,0.3333119,0.03942245,-0.9419919,0.0,0.0,0.0,1.10461,0.1442492,-2.773586,-0.1440905,0.1328077,0.6802598,-0.8518315,0.113779,-0.5113097,0.08721172,0.9933062,0.07574221,0.5165051,0.01992739,-0.8560523,moving,-2.335437452212664,0.3986150637129075,-11.959444588491849,11.04695074188485,0.5359165000000001,0.05255762,-0.5106409999999997,-0.0407488003546347,0.0069513104663267,0.9991451959458504,-1.5867780983050694,1.1950059116543623,14.139994548925882,14.352998504639444,14.305699111002893
4603,05/05/2023 12:22:38.849389,4801,True,True,True,True,Eyes,0.7211499,0.09357925,-2.234771,0.5588334,0.0256615,-0.8288828,0.0,0.0,0.0,0.0,0.0,0.0,0.0,-0.704267,0.03557728,-2.227012,0.5630158,0.09210095,-2.265252,0.05142444,0.9610138,0.0256968,0.2704582,358.7638,148.4937,6.474745,0.3309255,0.03946051,-0.9428312,0.0,0.0,0.0,1.105253,0.1464452,-2.773488,-0.145545,0.1335927,0.6826655,-0.8484158,0.112739,-0.5171852,0.08493938,0.9933904,0.07720627,0.522471,0.02157364,-0.8523841,moving,-2.438428674282799,0.5140651958543102,-12.035325484254695,11.07244257328228,0.5422372000000001,0.05434425,-0.5082360000000001,-0.0425440530175085,0.0089638864325857,0.9990543678731992,-1.6885695921799193,1.3130206121339811,14.05249825445418,14.268137973310726,14.22327931617487
4604,05/05/2023 12:22:38.868876,4802,True,True,True,True,Eyes,0.7151144,0.09368966,-2.236106,0.5662467,0.02934399,-0.8237134,0.0,0.0,0.0,0.0,0.0,0.0,0.0,-0.7269145,0.04103372,-2.220198,0.5572729,0.09384872,-2.267159,0.05195416,0.9599209,0.02688952,0.2740977,358.6739,148.0513,6.575661,0.3285279,0.03949752,-0.9436678,0.0,0.0,0.0,1.105941,0.1487913,-2.773383,-0.1475253,0.1301972,0.6859459,-0.8443423,0.1144845,-0.5234302,0.08500306,0.9931554,0.08010466,0.5290182,0.0231426,-0.8482947,moving,-2.498486180757894,0.6476456024075388,-12.137627018007263,10.747283154797726,0.5486681000000001,0.0549425799999999,-0.506224,-0.0435902152407804,0.0112925644952037,0.9989857513858514,-1.7480836230047343,1.4499805128875234,13.75226863463287,13.96122182224674,13.94211061396054
4605,05/05/2023 12:22:38.878581,4803,True,True,True,True,Eyes,0.7091045,0.09384988,-2.23747,0.5737988,0.03293599,-0.8183337,0.0,0.0,0.0,0.0,0.0,0.0,0.0,-0.7512681,0.06291993,-2.212538,0.5517653,0.09559678,-2.269385,0.0511623,0.9586025,0.03162649,0.2783223,358.1573,147.5126,6.64707,0.3261209,0.0395365,-0.9445007,0.0,0.0,0.0,1.106653,0.1512208,-2.773274,-0.1505048,0.1235783,0.6897876,-0.8398381,0.1156933,-0.5303648,0.0804839,0.9927644,0.08911368,0.5368371,0.03215525,-0.8430728,moving,-2.5260193359620677,0.3415021977050331,-12.308466752171794,10.157023218432432,0.5548877000000001,0.0556240199999999,-0.5038889999999996,-0.0440722898774597,0.0059545107643446,0.999010542457348,-1.774501950784685,1.1349400392519633,13.660636295238447,13.857876112855454,13.869477255070349
4606,05/05/2023 12:22:38.898887,4804,True,True,True,True,Eyes,0.7031204,0.09408431,-2.23885,0.5813569,0.03658912,-0.8128255,0.0,0.0,0.0,0.0,0.0,0.0,0.0,-0.7778932,0.07847358,-2.203791,0.5464191,0.09683301,-2.271568,0.04977755,0.9571797,0.03491959,0.2830367,357.7838,146.9262,6.612007,0.3237054,0.03957929,-0.9453295,0.0,0.0,0.0,1.10736,0.1536337,-2.773165,-0.1547162,0.1156313,0.6935054,-0.8348248,0.1150592,-0.5383576,0.07552506,0.9926056,0.0950264,0.5453105,0.03867091,-0.8373417,moving,-2.49491319828805,0.1712311567100114,-12.576342954667576,9.466105607714251,0.5609408999999999,0.05680069,-0.5015970000000003,-0.0435304941028808,0.0029857100282832,0.9990475884306116,-1.7434391126569075,0.9600443277630633,13.528957261053408,13.712400117876737,13.773339614942136
4607,05/05/2023 12:22:38.918527,4805,True,True,True,True,Eyes,0.697156,0.09440763,-2.240251,0.5890428,0.04005221,-0.8071086,0.0,0.0,0.0,0.0,0.0,0.0,0.0,-0.806896,0.09166434,-2.193666,0.5410764,0.09880903,-2.27357,0.04905219,0.9555483,0.03782373,0.2882548,357.4778,146.2803,6.641766,0.3212827,0.03962859,-0.9461535,0.0,0.0,0.0,1.107983,0.1557595,-2.77307,-0.160081,0.1082535,0.6965656,-0.8290063,0.1155492,-0.5471721,0.0719377,0.9923265,0.1005638,0.5545935,0.04400573,-0.8309572,moving,-2.410850764312713,0.054669613173188,-12.942679489445563,8.833690978038266,0.5669065999999999,0.0569504699999999,-0.4995000000000003,-0.0420648470337317,0.0009533200065969,0.999114373721386,-1.6603032917008147,0.8407546132483541,13.5394170060967,13.71096759606305,13.826751042780014
4608,05/05/2023 12:22:38.938956,4806,True,True,True,True,Eyes,0.6912115,0.09479426,-2.241684,0.5967296,0.04363809,-0.8012549,0.0,0.0,0.0,0.0,0.0,0.0,0.0,-0.8369885,0.1087409,-2.182483,0.5356823,0.1011861,-2.275612,0.04846923,0.9537458,0.04163502,0.2937455,357.0799,145.5917,6.722851,0.3188538,0.03968747,-0.9469724,0.0,0.0,0.0,1.108692,0.1581818,-2.772962,-0.1659256,0.1045689,0.6989858,-0.8227288,0.1169148,-0.5562809,0.06799443,0.9918345,0.1078937,0.564353,0.05094322,-0.8239603,moving,-2.299434543610206,-0.1487607502473034,-13.35373710981102,8.508400354075667,0.5730097000000001,0.0569957,-0.4973499999999999,-0.0401217946484761,-0.0025942712602686,0.9991913853410824,-1.5499998842974512,0.632316750350169,13.871809422328038,14.040799251157909,14.190169323226852
4609,05/05/2023 12:22:38.948960,4807,True,True,True,True,Eyes,0.6852885,0.09522092,-2.243157,0.6043695,0.04698343,-0.7953176,0.0,0.0,0.0,0.0,0.0,0.0,0.0,-0.866138,0.126496,-2.171426,0.5302449,0.1030536,-2.278049,0.04786608,0.9519628,0.04549857,0.2990076,356.6749,144.9276,6.807957,0.3164192,0.03975757,-0.9477857,0.0,0.0,0.0,1.109351,0.1604289,-2.772861,-0.1720718,0.1044213,0.7005544,-0.8166067,0.1183423,-0.5649325,0.06392463,0.9912774,0.1152505,0.5736439,0.05800125,-0.8170488,moving,-2.216294697702325,-0.370013333358103,-13.799933308905132,8.477818329542583,0.5791061,0.0573753,-0.4948119999999996,-0.0386711892200993,-0.0064530755405402,0.999231162962278,-1.4675267814785038,0.4053527144296173,14.399988379543982,14.576172632415425,14.739503107801704
4610,05/05/2023 12:22:38.968856,4808,True,True,True,True,Eyes,0.6794028,0.09569609,-2.244665,0.611918,0.05036883,-0.7893158,0.0,0.0,0.0,0.0,0.0,0.0,0.0,-0.8919228,0.1390226,-2.161567,0.5250944,0.1043492,-2.280486,0.04646059,0.9504561,0.04823696,0.3035587,356.36,144.3596,6.767501,0.3139795,0.03983939,-0.9485933,0.0,0.0,0.0,1.110082,0.1629252,-2.772749,-0.1776222,0.1050474,0.7021817,-0.811387,0.117603,-0.5725561,0.05903201,0.9910292,0.1199013,0.5815205,0.06348719,-0.8110506,moving,-2.215184638405045,-0.4931311381205417,-14.195622208444004,8.508431520551985,0.5849876,0.0585759999999999,-0.4922630000000003,-0.0386512065905517,-0.0086002249200307,0.999215797638142,-1.4661424797864482,0.2787418447686787,14.800849384562062,14.985293279332527,15.158081881359465
4611,05/05/2023 12:22:38.988797,4809,True,True,True,True,Eyes,0.6735691,0.09620614,-2.246202,0.6193784,0.05353766,-0.783265,0.0,0.0,0.0,0.0,0.0,0.0,0.0,-0.915517,0.1488287,-2.152544,0.5201216,0.1059453,-2.282984,0.04543554,0.9490811,0.0504644,0.3076265,356.1104,143.8522,6.751489,0.3115363,0.0399337,-0.9493945,0.0,0.0,0.0,1.110709,0.1650631,-2.772653,-0.1822546,0.1030524,0.7040488,-0.8066033,0.1172924,-0.5793391,0.05519566,0.9907779,0.123744,0.5885106,0.06783526,-0.8056387,moving,-2.2659917838798496,-0.5558337800468608,-14.513363220562708,8.327312986269616,0.5905874,0.0591177999999999,-0.4896690000000001,-0.0395368496022929,-0.0096933920502333,0.9991710660962524,-1.5160758328445316,0.2139019739584469,14.94591056516161,15.129719216826002,15.321779194781204
