Time,Frame,EyeTrackingEnabled,EyeCalibrationValid,EyeTrackingEnabledAndValid,EyeTrackingDataValid,GazeInputSource,EyeGazeOrigin.x,EyeGazeOrigin.y,EyeGazeOrigin.z,EyeGazeDirection.x,EyeGazeDirection.y,EyeGazeDirection.z,EyeHitInfo.distance,EyeHitPosition.x,EyeHitPosition.y,EyeHitPosition.z,EyeHitNormal.x,EyeHitNormal.y,EyeHitNormal.z,LocalEyeHitPosition.x,LocalEyeHitPosition.y,LocalEyeHitPosition.z,HeadGazeOrigin.x,HeadGazeOrigin.y,HeadGazeOrigin.z,HeadRotation.x,HeadRotation.y,HeadRotation.z,HeadRotation.w,HeadEulerAngles.x,HeadEulerAngles.y,HeadEulerAngles.z,HeadMovementDirection.x,HeadMovementDirection.y,HeadMovementDirection.z,HeadVelocity.x,HeadVelocity.y,HeadVelocity.z,transform.position.x,transform.position.y,transform.position.z,localTransform.position.x,localTransform.position.y,localTransform.position.z,localXAxis.x,localXAxis.y,localXAxis.z,localYAxis.x,localYAxis.y,localYAxis.z,localZAxis.x,localZAxis.y,localZAxis.z,Movement,GazeAngleX,GazeAngleY,TargetAngleX,TargetAngleY
05/15/2023 14:22:33.720615,0,True,True,True,True,Eyes,1.203817,-0.298917,-3.361351,-0.5475561,0.4598173,0.6991068,0,0,0,0,0,0,0,0.8849535,-0.9174273,3.354559,1.215743,-0.3022577,-3.36281,-0.1700354,-0.2927481,-0.01603747,0.9408132,340.7717,324.7173,4.213753,0.3376752,-0.08340745,-0.9375575,0,0,0,0.6114076,0.2652256,-2.615382,-0.04527718,0.2238595,1.092586,0.8280827,0.06937857,0.5562964,0.1297316,0.9416615,-0.3105532,-0.5453887,0.3293329,0.770773,start,-38.06884,33.33377,-2.373,11.57905
05/15/2023 14:22:33.740769,1,True,True,True,True,Eyes,1.203863,-0.2989097,-3.361339,-0.5476161,0.4598778,0.6990201,0,0,0,0,0,0,0,0.883971,-0.9197453,3.354254,1.215827,-0.3023434,-3.362843,-0.170364,-0.2926063,-0.01622027,0.9407946,340.7283,324.7326,4.202741,0.3375066,-0.08340957,-0.937618,0,0,0,0.6114076,0.2652256,-2.615382,-0.04568192,0.2231099,1.092836,0.8282369,0.06917925,0.5560914,0.130219,0.941426,-0.3110628,-0.5450381,0.3300474,0.7707154,start,-38.07534,33.34049,-2.393642,11.53876
05/15/2023 14:22:33.760712,2,True,True,True,True,Eyes,1.203918,-0.2989007,-3.361314,-0.5477327,0.4598947,0.6989176,0,0,0,0,0,0,0,0.8823044,-0.9207689,3.354458,1.21595,-0.3023413,-3.362844,-0.1705033,-0.2923882,-0.01625812,0.9408365,340.7107,324.7582,4.199214,0.3373561,-0.08341126,-0.9376721,0,0,0,0.6114076,0.2652256,-2.615382,-0.04624784,0.2227927,1.092945,0.8284897,0.06911386,0.5557231,0.1302988,0.9413286,-0.3113242,-0.5446348,0.330339,0.7708755,start,-38.08534,33.34531,-2.423019,11.52168
05/15/2023 14:22:33.780831,3,True,True,True,True,Eyes,1.203972,-0.2988967,-3.361292,-0.5478392,0.459898,0.698832,0,0,0,0,0,0,0,0.8796157,-0.9205332,3.355106,1.215899,-0.3023342,-3.36274,-0.1704656,-0.2920089,-0.01637584,0.9409592,340.709,324.8084,4.176312,0.3372222,-0.08341255,-0.9377203,0,0,0,0.6114076,0.2652256,-2.615382,-0.04719248,0.2228544,1.092789,0.8289253,0.06873693,0.5551199,0.1303729,0.9413466,-0.3112385,-0.5439538,0.330366,0.7713447,start,-38.09416,33.34872,-2.472802,11.52638
05/15/2023 14:22:33.795600,4,True,True,True,True,Eyes,1.204033,-0.2988929,-3.361267,-0.5479776,0.4598297,0.6987683,0,0,0,0,0,0,0,0.8789777,-0.9189467,3.355788,1.215946,-0.3024496,-3.362794,-0.1702489,-0.2919146,-0.01642672,0.9410268,340.7307,324.8248,4.160142,0.3371033,-0.0834136,-0.9377631,0,0,0,0.6114076,0.2652256,-2.615382,-0.04749957,0.2233663,1.092794,0.8290321,0.06848034,0.5549923,0.1303123,0.9414909,-0.3108272,-0.5438057,0.330008,0.7716023,start,-38.10372,33.34721,-2.488862,11.55209
05/15/2023 14:22:33.814551,5,True,True,True,True,Eyes,1.204094,-0.2988871,-3.361242,-0.5481042,0.459766,0.698711,0,0,0,0,0,0,0,0.8781118,-0.9171,3.356545,1.215999,-0.3024627,-3.362798,-0.1699914,-0.2918085,-0.01630785,0.9411084,340.7629,324.8404,4.16143,0.336998,-0.08341445,-0.937801,0,0,0,0.6114076,0.2652256,-2.615382,-0.04775012,0.2240078,1.092691,0.8291637,0.06851493,0.5547913,0.1299047,0.941674,-0.310443,-0.5437024,0.3294781,0.7719015,start,-38.11243,33.34573,-2.502209,11.58544
05/15/2023 14:22:33.821122,6,True,True,True,True,Eyes,1.204167,-0.2988798,-3.361205,-0.5483219,0.4597132,0.698575,0,0,0,0,0,0,0,0.8773046,-0.9173689,3.3567,1.216066,-0.3024084,-3.362796,-0.1700209,-0.291707,-0.01629398,0.9411347,340.7597,324.8524,4.161999,0.3369049,-0.08341506,-0.9378345,0,0,0,0.6114076,0.2652256,-2.615382,-0.04801279,0.2239067,1.092707,0.8292831,0.06852291,0.5546117,0.1298622,0.9416548,-0.310519,-0.5435305,0.3295313,0.7719998,start,-38.12889,33.34782,-2.515918,11.58018
05/15/2023 14:22:33.840558,7,True,True,True,True,Eyes,1.20424,-0.2988777,-3.361167,-0.5485446,0.4596497,0.6984419,0,0,0,0,0,0,0,0.8770889,-0.9170967,3.356776,1.216062,-0.3024175,-3.362742,-0.1699747,-0.2916605,-0.01652514,0.9411534,340.7565,324.8629,4.132967,0.3368233,-0.08341543,-0.9378639,0,0,0,0.6114076,0.2652256,-2.615382,-0.04833311,0.2238639,1.092667,0.8293221,0.06804445,0.5546123,0.1302552,0.941671,-0.3103051,-0.543377,0.329584,0.7720854,start,-38.1455,33.34921,-2.532773,11.57844
05/15/2023 14:22:33.860701,8,True,True,True,True,Eyes,1.204323,-0.298869,-3.361127,-0.5487524,0.4595624,0.6983361,0,0,0,0,0,0,0,0.8781639,-0.9158607,3.35679,1.216125,-0.3025365,-3.362666,-0.1698221,-0.2918259,-0.01644997,0.9411309,340.7767,324.8435,4.139112,0.336752,-0.08341574,-0.9378896,0,0,0,0.6114076,0.2652256,-2.615382,-0.04804373,0.2243509,1.092625,0.829134,0.06815383,0.5548799,0.1300801,0.9417797,-0.3100486,-0.5437057,0.3292507,0.7719962,start,-38.16026,33.34819,-2.517727,11.60338
05/15/2023 14:22:33.880430,9,True,True,True,True,Eyes,1.204408,-0.2988528,-3.361084,-0.5489524,0.4595107,0.6982129,0,0,0,0,0,0,0,0.8775489,-0.914794,3.357332,1.21623,-0.302394,-3.362731,-0.1696483,-0.2917524,-0.01639528,0.9411861,340.7975,324.8547,4.137053,0.3366902,-0.0834158,-0.9379119,0,0,0,0.6114076,0.2652256,-2.615382,-0.04826957,0.224594,1.092594,0.8292234,0.06812861,0.5547495,0.1298526,0.9419013,-0.3097746,-0.5436237,0.328908,0.7721999,start,-38.17532,33.34987,-2.529619,11.61594
05/15/2023 14:22:33.895595,10,True,True,True,True,Eyes,1.20448,-0.2988349,-3.361049,-0.5490362,0.4595243,0.698138,0,0,0,0,0,0,0,0.878194,-0.9181422,3.356162,1.21634,-0.3022039,-3.362622,-0.1700986,-0.2918603,-0.01648736,0.9410698,340.745,324.8352,4.146285,0.3366371,-0.08341543,-0.9379311,0,0,0,0.6114076,0.2652256,-2.615382,-0.04814541,0.2234131,1.092728,0.8290914,0.06825855,0.5549309,0.1303216,0.9415893,-0.3105252,-0.5437129,0.3297732,0.771768,start,-38.18255,33.35348,-2.52281,11.55512
05/15/2023 14:22:33.910871,11,True,True,True,True,Eyes,1.204545,-0.2988268,-3.361009,-0.5490958,0.4595394,0.6980813,0,0,0,0,0,0,0,0.8783265,-0.9200915,3.355519,1.216365,-0.3021415,-3.362543,-0.1703335,-0.2918222,-0.01727747,0.9410249,340.6912,324.8498,4.064785,0.3365915,-0.08341461,-0.9379476,0,0,0,0.6114076,0.2652256,-2.615382,-0.04884714,0.2223051,1.092851,0.8290826,0.06689714,0.5551098,0.1319313,0.941376,-0.3104923,-0.543338,0.3306601,0.7716526,start,-38.18784,33.35648,-2.559245,11.49809
05/15/2023 14:22:33.921061,12,True,True,True,True,Eyes,1.204625,-0.2988164,-3.36096,-0.5493838,0.4595553,0.6978442,0,0,0,0,0,0,0,0.8765509,-0.919522,3.355986,1.216267,-0.30237,-3.362406,-0.1702799,-0.2915583,-0.01745958,0.9411131,340.6896,324.8869,4.036403,0.3365523,-0.0834137,-0.9379619,0,0,0,0.6114076,0.2652256,-2.615382,-0.0495587,0.2225789,1.092734,0.8293779,0.06643017,0.5547246,0.1321559,0.9413998,-0.3103243,-0.5428326,0.3306863,0.771997,start,-38.21189,33.36633,-2.596753,11.51308
05/15/2023 14:22:33.945604,13,True,True,True,True,Eyes,1.204702,-0.2988053,-3.360913,-0.5496528,0.4595646,0.6976262,0,0,0,0,0,0,0,0.8754781,-0.9202073,3.356073,1.216263,-0.3023596,-3.362402,-0.1703882,-0.2914354,-0.01717727,0.9411367,340.687,324.8955,4.070053,0.3365195,-0.08341262,-0.9379739,0,0,0,0.6114076,0.2652256,-2.615382,-0.04957497,0.2225636,1.092727,0.8295407,0.06698196,0.5544147,0.1316466,0.9413456,-0.310705,-0.5427074,0.3307292,0.7720666,start,-38.23423,33.37509,-2.597622,11.51238
05/15/2023 14:22:33.960643,14,True,True,True,True,Eyes,1.20479,-0.2987951,-3.360855,-0.5499988,0.4595213,0.6973819,0,0,0,0,0,0,0,0.8748593,-0.9193531,3.356492,1.216285,-0.3023325,-3.362421,-0.1702561,-0.2913415,-0.01727882,0.9411878,340.6976,324.9113,4.051417,0.3364923,-0.0834114,-0.9379838,0,0,0,0.6114076,0.2652256,-2.615382,-0.04990503,0.2227403,1.092686,0.8296432,0.0666801,0.5542977,0.1317306,0.9414286,-0.3104179,-0.5425304,0.330554,0.772266,start,-38.26151,33.38182,-2.614989,11.52169
05/15/2023 14:22:33.980274,15,True,True,True,True,Eyes,1.204873,-0.2987892,-3.360801,-0.5503298,0.4594599,0.6971612,0,0,0,0,0,0,0,0.8736911,-0.9164616,3.357531,1.216253,-0.3023854,-3.362372,-0.1698556,-0.2911813,-0.01722419,0.9413107,340.7431,324.9371,4.038781,0.3364705,-0.08341006,-0.9379918,0,0,0,0.6114076,0.2652256,-2.615382,-0.05032122,0.223704,1.092446,0.8298336,0.06649093,0.5540354,0.1313442,0.9417048,-0.3097431,-0.5423329,0.3298045,0.772725,start,-38.28709,33.38664,-2.637344,11.57267
05/15/2023 14:22:33.990942,16,True,True,True,True,Eyes,1.204958,-0.2987853,-3.360751,-0.5507417,0.4593084,0.6969357,0,0,0,0,0,0,0,0.8723905,-0.9149907,3.358274,1.216204,-0.3024742,-3.362385,-0.1696714,-0.2910188,-0.01692034,0.9413996,340.7734,324.9553,4.062768,0.3364535,-0.08340876,-0.9379981,0,0,0,0.6114076,0.2652256,-2.615382,-0.05043489,0.2244155,1.092323,0.8300435,0.06689754,0.5536719,0.1306128,0.9418507,-0.309609,-0.5421882,0.3293055,0.7730393,start,-38.31696,33.38647,-2.643591,11.60975
05/15/2023 14:22:34.010866,17,True,True,True,True,Eyes,1.205043,-0.2987766,-3.360706,-0.5511444,0.4591428,0.6967266,0,0,0,0,0,0,0,0.8731239,-0.9126872,3.358874,1.216233,-0.3025236,-3.362534,-0.1693559,-0.2911296,-0.01667601,0.9414267,340.8173,324.9424,4.08072,0.3364407,-0.08340751,-0.9380029,0,0,0,0.6114076,0.2652256,-2.615382,-0.05002955,0.2252425,1.092315,0.8299309,0.06721057,0.5538027,0.1300075,0.942081,-0.3091626,-0.542506,0.3285821,0.7731243,start,-38.3457,33.38488,-2.622394,11.65145
05/15/2023 14:22:34.021446,18,True,True,True,True,Eyes,1.205135,-0.2987635,-3.360656,-0.5516459,0.459032,0.6964026,0,0,0,0,0,0,0,0.8730378,-0.9111727,3.359386,1.216343,-0.3023931,-3.362584,-0.1691276,-0.2911413,-0.0164922,0.9414673,340.849,324.9416,4.093051,0.3364316,-0.08340619,-0.9380063,0,0,0,0.6114076,0.2652256,-2.615382,-0.0499962,0.2257022,1.092249,0.8299295,0.06742632,0.5537786,0.1295338,0.9422477,-0.3088531,-0.5426214,0.3280593,0.7732652,start,-38.38403,33.39077,-2.620806,11.67526
05/15/2023 14:22:34.040687,19,True,True,True,True,Eyes,1.205225,-0.2987541,-3.360611,-0.5521309,0.458934,0.6960827,0,0,0,0,0,0,0,0.8725836,-0.9137743,3.358799,1.21634,-0.302311,-3.362595,-0.1694773,-0.2910668,-0.01666359,0.9414244,340.804,324.948,4.085481,0.3364263,-0.08340467,-0.9380084,0,0,0,0.6114076,0.2652256,-2.615382,-0.05019194,0.22477,1.092396,0.8300049,0.06728344,0.5536829,0.1300335,0.9419996,-0.3093998,-0.5423865,0.3288006,0.7731151,start,-38.42136,33.39725,-2.630699,11.62684
05/15/2023 14:22:34.060729,20,True,True,True,True,Eyes,1.205312,-0.2987413,-3.360572,-0.5525805,0.4588155,0.6958039,0,0,0,0,0,0,0,0.8731915,-0.9146419,3.358513,1.216375,-0.3023926,-3.362683,-0.1696074,-0.2911474,-0.01667357,0.9413759,340.7896,324.9359,4.091064,0.336424,-0.08340307,-0.9380094,0,0,0,0.6114076,0.2652256,-2.615382,-0.04996246,0.2245277,1.092578,0.8299103,0.06736933,0.5538142,0.1301537,0.9419106,-0.3096198,-0.5425024,0.3290376,0.772933,start,-38.45524,33.40099,-2.618253,11.61277
05/15/2023 14:22:34.070518,21,True,True,True,True,Eyes,1.205398,-0.2987264,-3.360535,-0.5529973,0.4587309,0.6955286,0,0,0,0,0,0,0,0.8738571,-0.915938,3.35805,1.216453,-0.3022946,-3.362727,-0.1697681,-0.2912327,-0.01684259,0.9413174,340.7663,324.9255,4.079859,0.3364245,-0.08340129,-0.9380094,0,0,0,0.6114076,0.2652256,-2.615382,-0.04991084,0.2239423,1.092723,0.8297997,0.06717557,0.5540035,0.1305925,0.9417903,-0.3098011,-0.5425661,0.3294216,0.7727246,start,-38.48733,33.40656,-2.615206,11.58182
05/15/2023 14:22:34.090627,22,True,True,True,True,Eyes,1.205487,-0.2987091,-3.3605,-0.5534644,0.4586553,0.6952068,0,0,0,0,0,0,0,0.8732795,-0.9184712,3.357552,1.216532,-0.3022353,-3.362746,-0.1701059,-0.2911433,-0.01708355,0.9412799,340.7202,324.9352,4.063604,0.3364275,-0.08339929,-0.9380085,0,0,0,0.6114076,0.2652256,-2.615382,-0.05025756,0.2229931,1.092927,0.8298874,0.06688961,0.5539067,0.1312112,0.9415442,-0.310287,-0.5422827,0.3301821,0.7725991,start,-38.52382,33.41441,-2.632856,11.53194
05/15/2023 14:22:34.110632,23,True,True,True,True,Eyes,1.205569,-0.2986936,-3.360475,-0.5539075,0.4586267,0.6948726,0,0,0,0,0,0,0,0.8719168,-0.92178,3.357092,1.216543,-0.3021805,-3.36284,-0.1705603,-0.2909488,-0.01714184,0.9412568,340.6671,324.9529,4.07036,0.3364326,-0.08339701,-0.9380069,0,0,0,0.6114076,0.2652256,-2.615382,-0.05056018,0.221934,1.09317,0.83011,0.06697886,0.5535625,0.1315183,0.9412307,-0.3111072,-0.5418676,0.3310568,0.772516,start,-38.55959,33.42543,-2.648098,11.47614
05/15/2023 14:22:34.126402,24,True,True,True,True,Eyes,1.205645,-0.2986841,-3.360455,-0.5543391,0.4585184,0.6945999,0,0,0,0,0,0,0,0.8733219,-0.92557,3.355885,1.216459,-0.3022216,-3.363068,-0.1710803,-0.2910873,-0.01751405,0.9411126,340.5972,324.9333,4.05106,0.3364395,-0.08339452,-0.9380047,0,0,0,0.6114076,0.2652256,-2.615382,-0.05020311,0.2205344,1.093601,0.8299229,0.0666332,0.5538844,0.132564,0.9408495,-0.3118154,-0.5418991,0.3322079,0.7719994,start,-38.5923,33.42955,-2.62839,11.4013
05/15/2023 14:22:34.150583,25,True,True,True,True,Eyes,1.205725,-0.2986737,-3.360434,-0.5547563,0.4584228,0.6943299,0,0,0,0,0,0,0,0.874602,-0.9254633,3.355625,1.216488,-0.302336,-3.363091,-0.1710902,-0.2912821,-0.01731333,0.9410543,340.6039,324.9053,4.078432,0.3364478,-0.083392,-0.9380019,0,0,0,0.6114076,0.2652256,-2.615382,-0.04962456,0.2207398,1.093677,0.8297101,0.06708545,0.5541487,0.1322566,0.9408568,-0.3119243,-0.5423001,0.3320965,0.7717658,start,-38.62419,33.4343,-2.597961,11.41087
05/15/2023 14:22:34.160293,26,True,True,True,True,Eyes,1.20564,-0.2987405,-3.360508,-0.5539677,0.4517649,0.6993055,0,0,0,0,0,0,0,0.8738297,-0.9272409,3.355341,1.216643,-0.3023004,-3.363044,-0.1713537,-0.2912302,-0.01695959,0.9410288,340.587,324.9011,4.127725,0.3364574,-0.08338943,-0.9379988,0,0,0,0.6114076,0.2652256,-2.615382,-0.04954493,0.2204135,1.093782,0.8297947,0.06788779,0.5539241,0.1317256,0.9407007,-0.3126192,-0.5422999,0.3323757,0.7716458,start,-38.38515,32.86324,-2.593549,11.39338
05/15/2023 14:22:34.170796,27,True,True,True,True,Eyes,1.205552,-0.2988015,-3.360582,-0.5531379,0.4453658,0.704051,0,0,0,0,0,0,0,0.8710585,-0.9285018,3.355752,1.216761,-0.3021984,-3.36305,-0.171509,-0.290855,-0.01705374,0.941115,340.5648,324.9471,4.114983,0.3364632,-0.08338888,-0.9379967,0,0,0,0.6114076,0.2652256,-2.615382,-0.0504933,0.2199411,1.093849,0.8302252,0.06766939,0.5533056,0.1318675,0.9405878,-0.312899,-0.5416061,0.3327396,0.7719762,start,-38.15496,32.31647,-2.642961,11.36891
05/15/2023 14:22:34.190536,28,True,True,True,True,Eyes,1.205468,-0.2988658,-3.360662,-0.5523114,0.4392129,0.7085508,0,0,0,0,0,0,0,0.8679917,-0.9309226,3.355882,1.216611,-0.3021255,-3.363116,-0.1718329,-0.2904015,-0.01718667,0.9411933,340.5224,325.0008,4.102641,0.3364656,-0.08338998,-0.9379958,0,0,0,0.6114076,0.2652256,-2.615382,-0.05133715,0.2191374,1.093896,0.8307432,0.06744912,0.5525544,0.132153,0.9403561,-0.3134739,-0.5407415,0.3334381,0.7722808,start,-37.93621,31.79374,-2.686952,11.32797
05/15/2023 14:22:34.210650,29,True,True,True,True,Eyes,1.205018,-0.2989883,-3.360999,-0.5512972,0.4316124,0.7139903,0,0,0,0,0,0,0,0.8686137,-0.9334186,3.355245,1.216616,-0.3022705,-3.363318,-0.1722094,-0.290493,-0.0169758,0.9411002,340.4886,324.9792,4.14313,0.3364649,-0.08339263,-0.9379959,0,0,0,0.6114076,0.2652256,-2.615382,-0.05075184,0.2185664,1.094253,0.8306512,0.0680994,0.552613,0.1320031,0.9401115,-0.3142699,-0.5409193,0.3339953,0.7719154,start,-37.673,31.15327,-2.655494,11.29562
05/15/2023 14:22:34.231081,30,True,True,True,True,Eyes,1.204684,-0.2990945,-3.361263,-0.550406,0.4243395,0.7190196,0,0,0,0,0,0,0,0.8713056,-0.9320667,3.354916,1.216479,-0.3023422,-3.363354,-0.1720341,-0.2908497,-0.01690687,0.9410233,340.5119,324.9362,4.151869,0.3364501,-0.08339804,-0.9380007,0,0,0,0.6114076,0.2652256,-2.615382,-0.04983151,0.2190247,1.09419,0.8302411,0.06825263,0.55321,0.1318917,0.9402369,-0.3139415,-0.5415757,0.333611,0.7716214,start,-37.43388,30.54757,-2.607557,11.31933
05/15/2023 14:22:34.240277,31,True,True,True,True,Eyes,1.204366,-0.2991982,-3.361505,-0.5494993,0.4173211,0.723805,0,0,0,0,0,0,0,0.8753284,-0.931105,3.35435,1.216668,-0.3023414,-3.3635,-0.1718984,-0.2914252,-0.01678082,0.9408723,340.5339,324.8642,4.173314,0.3364261,-0.08340553,-0.9380087,0,0,0,0.6114076,0.2652256,-2.615382,-0.04859406,0.2192754,1.0944,0.8295795,0.06861381,0.554157,0.1317682,0.9403387,-0.3136881,-0.5426186,0.3332495,0.7710446,start,-37.20509,29.96627,-2.542404,11.32983
05/15/2023 14:22:34.260771,32,True,True,True,True,Eyes,1.197559,-0.3015184,-3.366652,-0.5170575,0.2411359,0.8212826,0,0,0,0,0,0,0,0.8739387,-0.9313042,3.354393,1.216704,-0.3023819,-3.36322,-0.1719502,-0.2912733,-0.0166176,0.9409129,340.5332,324.8795,4.190621,0.3363944,-0.08341487,-0.9380193,0,0,0,0.6114076,0.2652256,-2.615382,-0.04896569,0.2194226,1.094203,0.8297674,0.0688976,0.5538404,0.1314404,0.9403139,-0.3138998,-0.5424108,0.3332609,0.7711859,start,-32.19342,16.36271,-2.562282,11.33923
05/15/2023 14:22:34.280631,33,True,True,True,True,Eyes,1.197562,-0.3015183,-3.366648,-0.5170283,0.2411191,0.8213059,0,0,0,0,0,0,0,0.8715702,-0.9300808,3.355298,1.216739,-0.3023233,-3.363162,-0.1717623,-0.2909444,-0.01672376,0.941047,340.5488,324.9258,4.164217,0.3361503,-0.08348159,-0.9381005,0,0,0,0.6114076,0.2652256,-2.615382,-0.04988188,0.2197295,1.094049,0.8301434,0.06847083,0.5533297,0.1314222,0.9404361,-0.3135413,-0.5418396,0.333004,0.7716982,start,-32.19123,16.36119,-2.610525,11.35623
05/15/2023 14:22:34.295641,34,True,True,True,True,Eyes,1.197615,-0.3015133,-3.366608,-0.5171128,0.2411518,0.8212431,0,0,0,0,0,0,0,0.8685728,-0.9282882,3.356521,1.216795,-0.3023274,-3.363091,-0.1715009,-0.2905308,-0.01683225,0.9412205,340.5721,324.9839,4.132918,0.3359308,-0.08354164,-0.9381735,0,0,0,0.6114076,0.2652256,-2.615382,-0.05102557,0.2202571,1.093875,0.830617,0.06796685,0.5526806,0.1313383,0.9406083,-0.3130597,-0.5411337,0.3326208,0.7723586,start,-32.19742,16.36448,-2.670719,11.38456
05/15/2023 14:22:34.310690,35,True,True,True,True,Eyes,1.197666,-0.3015056,-3.366567,-0.5171612,0.2411717,0.8212067,0,0,0,0,0,0,0,0.8652467,-0.9264649,3.357896,1.216868,-0.3023558,-3.363074,-0.1712425,-0.2900826,-0.0167907,0.9414065,340.6001,325.0437,4.118096,0.3357348,-0.08359559,-0.9382387,0,0,0,0.6114076,0.2652256,-2.615382,-0.05210909,0.2208955,1.093739,0.8311403,0.0677352,0.5519218,0.1309627,0.9407881,-0.3126762,-0.5404208,0.332159,0.7730561,start,-32.20098,16.36644,-2.727685,11.41808
05/15/2023 14:22:34.331409,36,True,True,True,True,Eyes,1.197735,-0.3014965,-3.366513,-0.5172371,0.2412325,0.8211411,0,0,0,0,0,0,0,0.8618389,-0.92536,3.359001,1.216865,-0.3022868,-3.363006,-0.1710744,-0.2896156,-0.01680259,0.9415806,340.6163,325.1053,4.100296,0.3355601,-0.08364399,-0.9382968,0,0,0,0.6114076,0.2652256,-2.615382,-0.05322188,0.2212414,1.093531,0.831681,0.06744961,0.5511419,0.1307336,0.9409025,-0.312428,-0.5396438,0.3318932,0.7737128,start,-32.20684,16.37158,-2.786371,11.43759
05/15/2023 14:22:34.340638,37,True,True,True,True,Eyes,1.197801,-0.3014911,-3.366459,-0.5172979,0.2412723,0.821091,0,0,0,0,0,0,0,0.8597447,-0.9253321,3.359587,1.216872,-0.3023201,-3.363043,-0.1710587,-0.2893038,-0.01703832,0.9416752,340.6085,325.1487,4.066217,0.3354051,-0.08368735,-0.9383484,0,0,0,0.6114076,0.2652256,-2.615382,-0.05407137,0.2211488,1.093554,0.8320261,0.06688675,0.5506895,0.131065,0.9408972,-0.312305,-0.5390313,0.332022,0.7740844,start,-32.21146,16.37509,-2.830714,11.4327
05/15/2023 14:22:34.360796,38,True,True,True,True,Eyes,1.197896,-0.3014803,-3.366383,-0.517471,0.241365,0.8209548,0,0,0,0,0,0,0,0.8582872,-0.9236712,3.360347,1.216848,-0.3023972,-3.362974,-0.1708402,-0.2891128,-0.01692169,0.9417755,340.6359,325.1742,4.067029,0.3352677,-0.08372629,-0.938394,0,0,0,0.6114076,0.2652256,-2.615382,-0.05446988,0.2218088,1.093381,0.8322549,0.06691135,0.5503407,0.1306571,0.9410545,-0.3120018,-0.5387769,0.3315708,0.7744548,start,-32.22439,16.38361,-2.851995,11.46769
05/15/2023 14:22:34.380595,39,True,True,True,True,Eyes,1.197986,-0.3014689,-3.366305,-0.5176315,0.24144,0.8208315,0,0,0,0,0,0,0,0.8576673,-0.9231088,3.360647,1.216874,-0.3023575,-3.362955,-0.1707575,-0.2890365,-0.0168626,0.941815,340.6467,325.1841,4.068952,0.335147,-0.08376114,-0.9384339,0,0,0,0.6114076,0.2652256,-2.615382,-0.05464709,0.2219987,1.093315,0.8323472,0.06694737,0.5501966,0.1304732,0.9411151,-0.3118961,-0.5386789,0.3313917,0.7745996,start,-32.23629,16.39076,-2.861431,11.47792
05/15/2023 14:22:34.390646,40,True,True,True,True,Eyes,1.198076,-0.3014632,-3.366223,-0.5177861,0.2415349,0.8207061,0,0,0,0,0,0,0,0.8569406,-0.921864,3.361017,1.216828,-0.3023293,-3.362817,-0.1705854,-0.288945,-0.01680914,0.9418752,340.6672,325.1975,4.066493,0.3350413,-0.08379229,-0.9384689,0,0,0,0.6114076,0.2652256,-2.615382,-0.05489281,0.2224303,1.09308,0.8324565,0.06691537,0.550035,0.1302438,0.9412361,-0.3116265,-0.5385653,0.3310542,0.7748228,start,-32.24796,16.39923,-2.874891,11.50205
05/15/2023 14:22:34.410631,41,True,True,True,True,Eyes,1.198161,-0.3014572,-3.366144,-0.5179535,0.2416042,0.8205801,0,0,0,0,0,0,0,0.856464,-0.9205015,3.361456,1.216756,-0.3024763,-3.362775,-0.1704202,-0.2888823,-0.01668196,0.9419266,340.6896,325.2059,4.073298,0.3349492,-0.08382028,-0.9384994,0,0,0,0.6114076,0.2652256,-2.615382,-0.05492875,0.2230376,1.092962,0.8325375,0.06703638,0.5498977,0.1298891,0.9413574,-0.3114084,-0.5385259,0.3306849,0.775008,start,-32.26028,16.40606,-2.87708,11.53382
05/15/2023 14:22:34.426204,42,True,True,True,True,Eyes,1.198245,-0.3014533,-3.366059,-0.5181251,0.241651,0.8204579,0,0,0,0,0,0,0,0.8581724,-0.9187356,3.36147,1.216728,-0.3024552,-3.362753,-0.1701766,-0.2891262,-0.01654535,0.9418982,340.7224,325.1771,4.084686,0.334869,-0.08384541,-0.9385258,0,0,0,0.6114076,0.2652256,-2.615382,-0.05434957,0.2236162,1.092831,0.8322647,0.06723692,0.550286,0.129573,0.9415324,-0.3110106,-0.5390235,0.3301453,0.774892,start,-32.27271,16.41138,-2.847134,11.56428
05/15/2023 14:22:34.442277,43,True,True,True,True,Eyes,1.198345,-0.3014443,-3.365964,-0.518462,0.2420011,0.8201419,0,0,0,0,0,0,0,0.8587867,-0.9171617,3.361551,1.216804,-0.3024927,-3.36253,-0.1699776,-0.2892524,-0.0163356,0.9418991,340.7523,325.161,4.103589,0.3347997,-0.08386804,-0.9385486,0,0,0,0.6114076,0.2652256,-2.615382,-0.05414993,0.2242708,1.092616,0.8321325,0.06755985,0.5504464,0.1291058,0.9416815,-0.3107532,-0.5393397,0.3296536,0.7748814,start,-32.29949,16.43987,-2.83725,11.59944
05/15/2023 14:22:34.460698,44,True,True,True,True,Eyes,1.198444,-0.3014341,-3.365866,-0.5188791,0.242807,0.8196398,0,0,0,0,0,0,0,0.8584374,-0.9162741,3.36183,1.216849,-0.3024442,-3.362466,-0.1698394,-0.2892012,-0.01647796,0.9419373,340.7624,325.1722,4.081023,0.3347407,-0.08388829,-0.9385678,0,0,0,0.6114076,0.2652256,-2.615382,-0.05448669,0.2244283,1.092523,0.8321822,0.06719313,0.5504161,0.1292779,0.9417661,-0.3104252,-0.5392216,0.329487,0.7750345,start,-32.33616,16.50119,-2.85511,11.60833
05/15/2023 14:22:34.470637,45,True,True,True,True,Eyes,1.198538,-0.3014245,-3.365767,-0.5192785,0.2435743,0.8191589,0,0,0,0,0,0,0,0.8586679,-0.915817,3.361783,1.216819,-0.3024534,-3.362363,-0.1697767,-0.2892295,-0.01656437,0.9419384,340.7664,325.1712,4.069391,0.3346908,-0.08390637,-0.938584,0,0,0,0.6114076,0.2652256,-2.615382,-0.05454192,0.2245371,1.092416,0.8321439,0.06700359,0.5504971,0.1294141,0.941803,-0.3102565,-0.5392481,0.3294201,0.7750444,start,-32.37129,16.55968,-2.858278,11.61491
05/15/2023 14:22:34.495429,46,True,True,True,True,Eyes,1.198644,-0.3014204,-3.365656,-0.5197849,0.244646,0.8185182,0,0,0,0,0,0,0,0.8587486,-0.9149878,3.361857,1.216794,-0.3024602,-3.362241,-0.1696591,-0.2892347,-0.0166944,0.9419556,340.7749,325.1747,4.050217,0.3346492,-0.08392252,-0.9385975,0,0,0,0.6114076,0.2652256,-2.615382,-0.05471039,0.2247339,1.092273,0.8321291,0.06669186,0.5505573,0.1295934,0.9418741,-0.3099655,-0.5392278,0.3292799,0.7751181,start,-32.41684,16.64082,-2.867468,11.6263
05/15/2023 14:22:34.511074,47,True,True,True,True,Eyes,1.198745,-0.3014133,-3.365543,-0.5202503,0.2456519,0.817921,0,0,0,0,0,0,0,0.8588402,-0.9132521,3.36221,1.216833,-0.3026555,-3.362114,-0.1694473,-0.2892644,-0.016618,0.9419861,340.8011,325.1732,4.051422,0.3346153,-0.0839371,-0.9386083,0,0,0,0.6114076,0.2652256,-2.615382,-0.0547345,0.2254493,1.09216,0.8320999,0.0667223,0.5505978,0.129338,0.9420229,-0.3096201,-0.5393343,0.328848,0.7752274,start,-32.45898,16.71696,-2.869024,11.66346
05/15/2023 14:22:34.530822,48,True,True,True,True,Eyes,1.198869,-0.3014031,-3.365407,-0.5206802,0.246808,0.8172992,0,0,0,0,0,0,0,0.8564634,-0.9113021,3.363148,1.216815,-0.3025761,-3.36193,-0.1691706,-0.2889564,-0.01650628,0.9421322,340.8343,325.2144,4.04704,0.3345883,-0.0839502,-0.9386168,0,0,0,0.6114076,0.2652256,-2.615382,-0.05548519,0.2261252,1.091806,0.8324634,0.06666367,0.5500551,0.1288681,0.9422178,-0.309223,-0.5388855,0.3283013,0.775771,start,-32.50016,16.80326,-2.909247,11.70116
05/15/2023 14:22:34.540674,49,True,True,True,True,Eyes,1.19899,-0.3013944,-3.365274,-0.5210844,0.2478855,0.8167154,0,0,0,0,0,0,0,0.8542409,-0.9101126,3.363885,1.216778,-0.3026108,-3.36179,-0.1690107,-0.2886553,-0.01649905,0.9422532,340.851,325.2546,4.035409,0.3345684,-0.0839619,-0.9386229,0,0,0,0.6114076,0.2652256,-2.615382,-0.05622184,0.2265749,1.091577,0.8328119,0.06647909,0.5495497,0.1286642,0.9423262,-0.3089767,-0.5383957,0.3280269,0.776227,start,-32.53887,16.88384,-2.948424,11.72618
05/15/2023 14:22:34.561013,50,True,True,True,True,Eyes,1.199113,-0.3013885,-3.365139,-0.5214127,0.2490252,0.8161588,0,0,0,0,0,0,0,0.85317,-0.9071638,3.364887,1.216835,-0.3026367,-3.361701,-0.1685991,-0.2885216,-0.01644754,0.942369,340.8977,325.2772,4.022749,0.3345545,-0.08397239,-0.9386269,0,0,0,0.6114076,0.2652256,-2.615382,-0.05668125,0.2275312,1.091339,0.8329695,0.06628966,0.5493336,0.1282883,0.9426076,-0.3082742,-0.5382414,0.3272561,0.7766593,start,-32.57296,16.96792,-2.97312,11.77679
05/15/2023 14:22:34.580874,51,True,True,True,True,Eyes,1.199233,-0.3013778,-3.365005,-0.52171,0.2500981,0.8156406,0,0,0,0,0,0,0,0.8513269,-0.9045771,3.365979,1.216931,-0.302736,-3.361586,-0.1682501,-0.2882901,-0.01636647,0.9425036,340.9381,325.3105,4.013809,0.3345463,-0.08398187,-0.9386291,0,0,0,0.6114076,0.2652256,-2.615382,-0.05735329,0.2284601,1.091135,0.8332419,0.06615873,0.5489362,0.1278606,0.9428481,-0.307716,-0.5379215,0.3265891,0.7771615,start,-32.60429,17.047,-3.008866,11.82566
05/15/2023 14:22:34.590602,52,True,True,True,True,Eyes,1.199353,-0.3013637,-3.364874,-0.5219526,0.2512185,0.815141,0,0,0,0,0,0,0,0.849624,-0.9024249,3.366875,1.216956,-0.3026118,-3.361477,-0.167922,-0.2880521,-0.0165196,0.9426321,340.9681,325.3483,3.978941,0.334543,-0.08399031,-0.9386295,0,0,0,0.6114076,0.2652256,-2.615382,-0.05817047,0.2289677,1.09086,0.8335062,0.06559676,0.5486024,0.1278844,0.9430587,-0.3070603,-0.5375063,0.3260943,0.7776564,start,-32.63232,17.12878,-3.052425,11.8541
05/15/2023 14:22:34.611077,53,True,True,True,True,Eyes,1.199469,-0.3013506,-3.364748,-0.5221819,0.2522925,0.8146622,0,0,0,0,0,0,0,0.8481179,-0.9015259,3.367508,1.217003,-0.3025685,-3.361476,-0.1677767,-0.2878345,-0.01669593,0.9427214,340.9772,325.3809,3.948823,0.3345442,-0.0839977,-0.9386285,0,0,0,0.6114076,0.2652256,-2.615382,-0.05886412,0.2291139,1.090795,0.8337452,0.0651046,0.5482977,0.128063,0.9431445,-0.306722,-0.537093,0.3259446,0.7780046,start,-32.65905,17.20722,-3.088936,11.86214
05/15/2023 14:22:34.626580,54,True,True,True,True,Eyes,1.199567,-0.3013385,-3.36463,-0.5223796,0.253391,0.8141944,0,0,0,0,0,0,0,0.8479371,-0.9012563,3.367646,1.217052,-0.3025783,-3.361477,-0.1677334,-0.2878064,-0.01679473,0.9427359,340.9785,325.3868,3.935363,0.3345493,-0.08400419,-0.9386261,0,0,0,0.6114076,0.2652256,-2.615382,-0.05905479,0.2291358,1.090814,0.8337708,0.06488352,0.5482849,0.1282155,0.9431669,-0.3065894,-0.5370169,0.3259239,0.7780659,start,-32.68386,17.28702,-3.09887,11.86304
05/15/2023 14:22:34.640301,55,True,True,True,True,Eyes,1.199662,-0.3013258,-3.364514,-0.5225656,0.2544363,0.813749,0,0,0,0,0,0,0,0.8478407,-0.9004845,3.36767,1.216993,-0.3025952,-3.36129,-0.1676237,-0.2877811,-0.01701508,0.9427593,340.9829,325.3955,3.90562,0.3345574,-0.08400987,-0.9386228,0,0,0,0.6114076,0.2652256,-2.615382,-0.05936551,0.2292838,1.090614,0.8337851,0.06439561,0.5483208,0.1285601,0.9432256,-0.3062643,-0.5369122,0.3258508,0.7781687,start,-32.70738,17.36299,-3.115713,11.87261
05/15/2023 14:22:34.660626,56,True,True,True,True,Eyes,1.199737,-0.3013166,-3.364414,-0.5226684,0.255479,0.8133562,0,0,0,0,0,0,0,0.847697,-0.8993697,3.367983,1.217027,-0.3025732,-3.361258,-0.1674541,-0.2877525,-0.01718542,0.942795,340.9956,325.4048,3.879224,0.334568,-0.08401481,-0.9386186,0,0,0,0.6114076,0.2652256,-2.615382,-0.05965695,0.2294982,1.090538,0.8338064,0.06396597,0.5483387,0.1287753,0.9433276,-0.3058594,-0.5368276,0.32564,0.7783153,start,-32.72508,17.43775,-3.131195,11.88419
05/15/2023 14:22:34.680154,57,True,True,True,True,Eyes,1.199807,-0.3013108,-3.364316,-0.5227671,0.2564684,0.8129813,0,0,0,0,0,0,0,0.8480572,-0.8994632,3.367826,1.217034,-0.3026327,-3.361209,-0.1674735,-0.2877992,-0.01726911,0.9427758,340.9908,325.4001,3.871422,0.3345803,-0.08401916,-0.9386138,0,0,0,0.6114076,0.2652256,-2.615382,-0.05964452,0.2294608,1.090549,0.8337468,0.06383567,0.5484445,0.1289593,0.9433088,-0.3058397,-0.5368761,0.3257199,0.7782485,start,-32.74202,17.50874,-3.130515,11.8822
05/15/2023 14:22:34.690811,58,True,True,True,True,Eyes,1.199856,-0.3013085,-3.364233,-0.5229074,0.2574351,0.8125855,0,0,0,0,0,0,0,0.8482518,-0.8981706,3.368062,1.216982,-0.3027104,-3.361161,-0.1672988,-0.2878144,-0.01735727,0.9428005,341.0071,325.4025,3.855096,0.334594,-0.08402308,-0.9386086,0,0,0,0.6114076,0.2652256,-2.615382,-0.05970767,0.2298529,1.090441,0.8337231,0.06357314,0.548511,0.1290309,0.9434197,-0.3054674,-0.5368955,0.3254501,0.7783479,start,-32.76171,17.57871,-3.134131,11.90307
05/15/2023 14:22:34.710807,59,True,True,True,True,Eyes,1.199903,-0.3013057,-3.364157,-0.5230587,0.2583549,0.812196,0,0,0,0,0,0,0,0.8486785,-0.8960495,3.36851,1.216894,-0.3027766,-3.361178,-0.1670116,-0.2878658,-0.01727843,0.9428372,341.0419,325.3994,3.854246,0.3346082,-0.08402669,-0.9386033,0,0,0,0.6114076,0.2652256,-2.615382,-0.05952764,0.2305751,1.090295,0.8336694,0.06357236,0.5485926,0.1287353,0.9436172,-0.3049816,-0.5370498,0.3248771,0.7784808,start,-32.78176,17.64557,-3.125117,11.94095
05/15/2023 14:22:34.726618,60,True,True,True,True,Eyes,1.199936,-0.3013033,-3.364094,-0.5232,0.2592636,0.8118154,0,0,0,0,0,0,0,0.8499523,-0.8959366,3.368274,1.216886,-0.30275,-3.361238,-0.1670083,-0.2880639,-0.01694345,0.9427834,341.0546,325.369,3.896314,0.3346229,-0.08402999,-0.9385978,0,0,0,0.6114076,0.2652256,-2.615382,-0.05879697,0.2307706,1.090317,0.8334643,0.06427011,0.5488231,0.1281661,0.9436423,-0.3051437,-0.5375043,0.3246669,0.7782549,start,-32.80103,17.71155,-3.086772,11.95055
05/15/2023 14:22:34.740703,61,True,True,True,True,Eyes,1.199969,-0.3013034,-3.364033,-0.5233554,0.2601289,0.8114383,0,0,0,0,0,0,0,0.851335,-0.8974218,3.367543,1.216885,-0.3027517,-3.361252,-0.167226,-0.2882635,-0.01684147,0.9426856,341.0349,325.3387,3.920325,0.3346374,-0.084033,-0.9385924,0,0,0,0.6114076,0.2652256,-2.615382,-0.05821478,0.2303708,1.090442,0.833241,0.0646579,0.5491163,0.1281627,0.9435036,-0.3055736,-0.537851,0.3249927,0.7778792,start,-32.82091,17.77469,-3.055915,11.92911
05/15/2023 14:22:34.760533,62,True,True,True,True,Eyes,1.199984,-0.3013065,-3.363983,-0.5235382,0.2609883,0.8110442,0,0,0,0,0,0,0,0.8532785,-0.8968898,3.367213,1.216938,-0.3028075,-3.361248,-0.1671628,-0.2885422,-0.01677842,0.9426126,341.0452,325.3039,3.930893,0.3346519,-0.08403583,-0.938587,0,0,0,0.6114076,0.2652256,-2.615382,-0.05762154,0.2305704,1.090487,0.8329238,0.06483593,0.5495765,0.1280981,0.9435502,-0.3054568,-0.5383575,0.324822,0.7776,start,-32.8427,17.83781,-3.024706,11.93866
05/15/2023 14:22:34.780447,63,True,True,True,True,Eyes,1.200001,-0.3013058,-3.363938,-0.5237312,0.2617964,0.8106592,0,0,0,0,0,0,0,0.8544782,-0.8964915,3.366935,1.216867,-0.302848,-3.36119,-0.1671225,-0.2887125,-0.01666596,0.9425696,341.0543,325.2813,3.945686,0.3346657,-0.08403856,-0.9385818,0,0,0,0.6114076,0.2652256,-2.615382,-0.05714485,0.2307869,1.090408,0.8327347,0.06508306,0.5498337,0.1279184,0.9435846,-0.3054259,-0.5386927,0.3246726,0.7774303,start,-32.86472,17.89748,-2.999946,11.9504
05/15/2023 14:22:34.795811,64,True,True,True,True,Eyes,1.200011,-0.3012989,-3.363904,-0.5239033,0.2626238,0.8102802,0,0,0,0,0,0,0,0.8557307,-0.8956079,3.366934,1.21694,-0.3027453,-3.361255,-0.1669967,-0.2889148,-0.016347,0.9425356,341.0801,325.2527,3.981341,0.3346789,-0.08404107,-0.9385769,0,0,0,0.6114076,0.2652256,-2.615382,-0.05652049,0.2311414,1.090397,0.832522,0.06568042,0.5500848,0.1273109,0.9436898,-0.305355,-0.5391652,0.3242465,0.7772806,start,-32.88551,17.95828,-2.967257,11.96834
05/15/2023 14:22:34.810457,65,True,True,True,True,Eyes,1.200016,-0.3012917,-3.363871,-0.5240605,0.2634383,0.809914,0,0,0,0,0,0,0,0.8579737,-0.8989998,3.365492,1.217048,-0.3025654,-3.361265,-0.1674398,-0.2892157,-0.01665214,0.9423593,341.0218,325.2131,3.969823,0.3346913,-0.08404322,-0.9385722,0,0,0,0.6114076,0.2652256,-2.615382,-0.05608037,0.2297742,1.090682,0.832154,0.06546783,0.5506666,0.128237,0.9433733,-0.3059447,-0.5395136,0.3252089,0.7766364,start,-32.90517,18.018,-2.943425,11.89655
05/15/2023 14:22:34.830286,66,True,True,True,True,Eyes,1.199994,-0.3012921,-3.363855,-0.5241953,0.2642458,0.8095638,0,0,0,0,0,0,0,0.8584069,-0.8997648,3.365137,1.216942,-0.3025732,-3.361263,-0.1675184,-0.2892085,-0.01731966,0.9423354,340.9899,325.2242,3.896831,0.334703,-0.08404502,-0.9385679,0,0,0,0.6114076,0.2652256,-2.615382,-0.05651227,0.2291358,1.090738,0.832117,0.06425364,0.5508655,0.1295374,0.9432752,-0.3056991,-0.5392601,0.3257351,0.776592,start,-32.92319,18.07695,-2.965901,11.86384
05/15/2023 14:22:34.840583,67,True,True,True,True,Eyes,1.19997,-0.3012964,-3.363843,-0.5243294,0.2650214,0.8092233,0,0,0,0,0,0,0,0.8580133,-0.9008359,3.364941,1.216805,-0.3026924,-3.361292,-0.1676909,-0.2891425,-0.0172475,0.9423263,340.973,325.2283,3.910223,0.334713,-0.08404671,-0.9385642,0,0,0,0.6114076,0.2652256,-2.615382,-0.05641255,0.228957,1.090786,0.8321983,0.06446756,0.5507176,0.1294787,0.9431645,-0.3060651,-0.5391486,0.3260131,0.7765528,start,-32.94088,18.13367,-2.960547,11.85434
05/15/2023 14:22:34.860633,68,True,True,True,True,Eyes,1.199944,-0.3013031,-3.363837,-0.5244614,0.26576,0.8088954,0,0,0,0,0,0,0,0.8582263,-0.901309,3.364819,1.21673,-0.3027821,-3.36137,-0.1677827,-0.289181,-0.01696198,0.9423035,340.973,325.2171,3.946971,0.3347216,-0.08404838,-0.938561,0,0,0,0.6114076,0.2652256,-2.615382,-0.0559673,0.2290443,1.09085,0.8321733,0.06507246,0.5506843,0.1290058,0.9431226,-0.3063942,-0.5393006,0.3260146,0.7764467,start,-32.95807,18.18777,-2.937051,11.85806
05/15/2023 14:22:34.870766,69,True,True,True,True,Eyes,1.199918,-0.3013086,-3.363832,-0.5245715,0.2664445,0.8085989,0,0,0,0,0,0,0,0.858168,-0.8991881,3.365444,1.216795,-0.3028125,-3.361386,-0.1674968,-0.2891991,-0.01669319,0.9423535,341.0139,325.2149,3.96699,0.3347287,-0.0840501,-0.9385583,0,0,0,0.6114076,0.2652256,-2.615382,-0.05584005,0.2298546,1.090749,0.8321704,0.0654181,0.5506477,0.1283416,0.9433323,-0.3060271,-0.5394635,0.3253378,0.7766173,start,-32.97314,18.23777,-2.930655,11.89989
05/15/2023 14:22:34.890615,70,True,True,True,True,Eyes,1.199893,-0.3013126,-3.363829,-0.5246966,0.2670896,0.8083048,0,0,0,0,0,0,0,0.8560582,-0.8972263,3.366523,1.216786,-0.3027838,-3.36141,-0.1672206,-0.2889197,-0.01649599,0.9424918,341.0502,325.2509,3.973042,0.3347345,-0.08405184,-0.9385561,0,0,0,0.6114076,0.2652256,-2.615382,-0.05634922,0.2305713,1.090568,0.8325065,0.06553197,0.5501258,0.1277213,0.9435303,-0.305676,-0.5390919,0.32474,0.7771254,start,-32.9889,18.2852,-2.95782,11.93785
05/15/2023 14:22:34.910670,71,True,True,True,True,Eyes,1.19987,-0.3013241,-3.363841,-0.5248319,0.2676857,0.8080196,0,0,0,0,0,0,0,0.853797,-0.8969513,3.367268,1.216704,-0.3027578,-3.36154,-0.1671776,-0.2885993,-0.01636533,0.9425998,341.0581,325.2894,3.979582,0.3347391,-0.08405355,-0.9385543,0,0,0,0.6114076,0.2652256,-2.615382,-0.05681512,0.2307348,1.090539,0.8328852,0.0656428,0.5495391,0.1273466,0.9435676,-0.3057172,-0.5385954,0.3246093,0.7775241,start,-33.00488,18.32932,-2.98231,11.94638
05/15/2023 14:22:34.930704,72,True,True,True,True,Eyes,1.199838,-0.3013365,-3.363862,-0.5249215,0.2682067,0.8077887,0,0,0,0,0,0,0,0.8550333,-0.8952411,3.367782,1.216726,-0.3029364,-3.361889,-0.1669589,-0.2887664,-0.01607616,0.9425924,341.093,325.2672,4.00758,0.3347426,-0.08405539,-0.9385529,0,0,0,0.6114076,0.2652256,-2.615382,-0.05610043,0.2314495,1.090769,0.8327111,0.06611769,0.549746,0.1267307,0.9437326,-0.3054638,-0.5390099,0.3240328,0.7774775,start,-33.01683,18.3675,-2.944243,11.97987
05/15/2023 14:22:34.941296,73,True,True,True,True,Eyes,1.199807,-0.3013429,-3.363887,-0.5250187,0.2687257,0.8075531,0,0,0,0,0,0,0,0.8567038,-0.893887,3.367802,1.216724,-0.3029284,-3.361976,-0.166779,-0.2890136,-0.01576929,0.9425536,341.1246,325.234,4.040713,0.3347448,-0.08405737,-0.938552,0,0,0,0.6114076,0.2652256,-2.615382,-0.05532241,0.2319955,1.090746,0.8324449,0.06667601,0.5500817,0.1261296,0.9438722,-0.3052812,-0.5395617,0.3235113,0.7773117,start,-33.02931,18.40565,-2.903542,12.00755
05/15/2023 14:22:34.961023,74,True,True,True,True,Eyes,1.199792,-0.3013476,-3.36391,-0.5251905,0.269269,0.8072602,0,0,0,0,0,0,0,0.8580061,-0.8959107,3.367025,1.216693,-0.3027887,-3.362092,-0.1670463,-0.2891872,-0.01573609,0.9424537,341.0969,325.2074,4.058274,0.3347457,-0.0840593,-0.9385515,0,0,0,0.6114076,0.2652256,-2.615382,-0.05476481,0.2312813,1.090916,0.8322464,0.06695421,0.5503483,0.1262764,0.9436958,-0.3057654,-0.5398337,0.3239681,0.7769327,start,-33.04738,18.44659,-2.87388,11.96985
05/15/2023 14:22:34.980536,75,True,True,True,True,Eyes,1.199776,-0.301348,-3.36394,-0.5253652,0.2698213,0.8069621,0,0,0,0,0,0,0,0.8603185,-0.8975608,3.366211,1.216734,-0.3027858,-3.362294,-0.1672805,-0.2895091,-0.01559402,0.9423155,341.0774,325.1609,4.090037,0.334746,-0.08406113,-0.9385512,0,0,0,0.6114076,0.2652256,-2.615382,-0.05381134,0.2307962,1.091225,0.8318827,0.06746944,0.550835,0.1262474,0.9435481,-0.3062327,-0.5404007,0.3242911,0.7764035,start,-33.06577,18.48822,-2.823127,11.94217
05/15/2023 14:22:34.990630,76,True,True,True,True,Eyes,1.199782,-0.3013533,-3.363959,-0.5255988,0.2703837,0.8066217,0,0,0,0,0,0,0,0.8615531,-0.9006906,3.365225,1.216696,-0.3026832,-3.362483,-0.1677071,-0.2896687,-0.01555472,0.9421914,341.0323,325.1332,4.114134,0.3347456,-0.08406273,-0.9385512,0,0,0,0.6114076,0.2652256,-2.615382,-0.05318689,0.229768,1.091527,0.8317002,0.06784794,0.551064,0.12647,0.9432648,-0.3070129,-0.5406294,0.3250357,0.7759327,start,-33.08847,18.53142,-2.789647,11.88729
05/15/2023 14:22:35.010615,77,True,True,True,True,Eyes,1.199787,-0.3013542,-3.36398,-0.5258362,0.270941,0.8062799,0,0,0,0,0,0,0,0.8641222,-0.9032552,3.36402,1.216713,-0.3028628,-3.362602,-0.1681036,-0.2900359,-0.0153363,0.9420111,340.9977,325.077,4.161791,0.3347451,-0.08406428,-0.9385512,0,0,0,0.6114076,0.2652256,-2.615382,-0.05204213,0.2291944,1.091888,0.8312879,0.06861823,0.5515904,0.1264061,0.9430119,-0.3078147,-0.541278,0.325607,0.7752407,start,-33.11142,18.57432,-2.728796,11.85465
05/15/2023 14:22:35.030785,78,True,True,True,True,Eyes,1.199805,-0.3013547,-3.363994,-0.5261306,0.2714756,0.805908,0,0,0,0,0,0,0,0.865401,-0.9052531,3.36319,1.216723,-0.3027543,-3.362643,-0.1683782,-0.2902239,-0.01521671,0.9419063,340.9723,325.0469,4.18984,0.3347447,-0.08406565,-0.9385512,0,0,0,0.6114076,0.2652256,-2.615382,-0.05145583,0.2285731,1.092023,0.8310771,0.06906933,0.5518517,0.1264002,0.9428345,-0.3083605,-0.541603,0.3260255,0.7748378,start,-33.13819,18.61645,-2.697766,11.822
05/15/2023 14:22:35.040596,79,True,True,True,True,Eyes,1.199824,-0.3013558,-3.364017,-0.5264278,0.27197,0.8055471,0,0,0,0,0,0,0,0.8661758,-0.9083058,3.362237,1.216698,-0.3027904,-3.362719,-0.1688109,-0.2903192,-0.01529643,0.941798,340.9221,325.0291,4.199408,0.3347447,-0.08406685,-0.9385512,0,0,0,0.6114076,0.2652256,-2.615382,-0.05112624,0.2276127,1.092296,0.8309615,0.06920584,0.5520086,0.1268304,0.9425378,-0.3090899,-0.5416797,0.3268534,0.7744352,start,-33.16476,18.65579,-2.679842,11.77085
05/15/2023 14:22:35.061069,80,True,True,True,True,Eyes,1.199844,-0.301357,-3.364046,-0.5267327,0.272471,0.8051785,0,0,0,0,0,0,0,0.8671365,-0.9073312,3.362502,1.216733,-0.3027908,-3.362956,-0.1686813,-0.2904691,-0.01490738,0.9417813,340.9507,325.0058,4.241748,0.3347449,-0.08406789,-0.938551,0,0,0,0.6114076,0.2652256,-2.615382,-0.05042842,0.2280788,1.092413,0.830811,0.06991439,0.552146,0.1260724,0.9426488,-0.3090615,-0.5420876,0.326382,0.7743487,start,-33.19196,18.69573,-2.643035,11.79306
05/15/2023 14:22:35.070615,81,True,True,True,True,Eyes,1.199844,-0.301357,-3.364046,-0.5267327,0.272471,0.8051785,0,0,0,0,0,0,0,0.8689712,-0.9103477,3.36141,1.216787,-0.3027884,-3.363133,-0.1691145,-0.2907395,-0.01466389,0.9416241,340.9125,324.9605,4.291754,0.3347453,-0.08406878,-0.9385508,0,0,0,0.6114076,0.2652256,-2.615382,-0.04947484,0.2272593,1.092777,0.830511,0.0707208,0.5524943,0.1259523,0.9423705,-0.3099578,-0.5425749,0.3270113,0.7737417,start,-33.19196,18.69573,-2.592262,11.74806
05/15/2023 14:22:35.090714,82,True,True,True,True,Eyes,1.199844,-0.301357,-3.364046,-0.5267327,0.272471,0.8051785,0,0,0,0,0,0,0,0.8700442,-0.9120013,3.360709,1.216814,-0.3027227,-3.363154,-0.1693407,-0.2908926,-0.01465737,0.9415362,340.8885,324.9374,4.304434,0.3347457,-0.08406959,-0.9385506,0,0,0,0.6114076,0.2652256,-2.615382,-0.04908955,0.2267029,1.092905,0.8303333,0.07091904,0.5527359,0.1261208,0.9422178,-0.3103534,-0.5428076,0.3274083,0.7734104,start,-33.19196,18.69573,-2.571801,11.71875
05/15/2023 14:22:35.110749,83,True,True,True,True,Eyes,1.199927,-0.3013499,-3.364035,-0.5275173,0.27287,0.8045293,0,0,0,0,0,0,0,0.8690052,-0.9146877,3.360206,1.216844,-0.3026557,-3.363109,-0.1697159,-0.2907639,-0.0146212,0.941509,340.8477,324.9465,4.32031,0.3347461,-0.08407031,-0.9385504,0,0,0,0.6114076,0.2652256,-2.615382,-0.04929233,0.2259028,1.093013,0.8304852,0.07116254,0.5524765,0.1262265,0.9419655,-0.3110755,-0.5425507,0.3280808,0.7733058,start,-33.25223,18.73525,-2.582157,11.67742
05/15/2023 14:22:35.130578,84,True,True,True,True,Eyes,1.200011,-0.3013404,-3.364032,-0.5282836,0.2732589,0.8038942,0,0,0,0,0,0,0,0.8686502,-0.9166212,3.359889,1.216824,-0.3028101,-3.36322,-0.170014,-0.2907187,-0.01446794,0.9414715,340.8199,324.9445,4.348274,0.3347485,-0.08407072,-0.9385495,0,0,0,0.6114076,0.2652256,-2.615382,-0.04909849,0.2255084,1.093248,0.8305466,0.0716102,0.5523263,0.1260948,0.9417718,-0.3117144,-0.5424872,0.3285388,0.7731557,start,-33.31114,18.77387,-2.571465,11.65515
05/15/2023 14:22:35.140656,85,True,True,True,True,Eyes,1.200011,-0.3013404,-3.364032,-0.5282836,0.2732589,0.8038942,0,0,0,0,0,0,0,0.8700204,-0.9174549,3.359516,1.216924,-0.3027409,-3.363399,-0.1701172,-0.2909116,-0.0144167,0.941394,340.8112,324.9177,4.362157,0.3347529,-0.08407077,-0.9385479,0,0,0,0.6114076,0.2652256,-2.615382,-0.04859847,0.2251762,1.09348,0.8303251,0.07183458,0.55263,0.1261217,0.9417046,-0.3119067,-0.5428199,0.3286827,0.7728611,start,-33.31114,18.77387,-2.54477,11.63604
05/15/2023 14:22:35.161001,86,True,True,True,True,Eyes,1.200116,-0.3013287,-3.364013,-0.5290717,0.2736686,0.8032363,0,0,0,0,0,0,0,0.8699439,-0.9188911,3.359173,1.216974,-0.3027555,-3.363408,-0.1703191,-0.290903,-0.0144784,0.9413592,340.7867,324.9164,4.362768,0.3347568,-0.08407082,-0.9385465,0,0,0,0.6114076,0.2652256,-2.615382,-0.04864591,0.2247128,1.093616,0.8303316,0.07183392,0.5526204,0.1263514,0.9415636,-0.3122393,-0.5427566,0.3290865,0.7727336,start,-33.3719,18.81436,-2.546936,11.61135
05/15/2023 14:22:35.180731,87,True,True,True,True,Eyes,1.200217,-0.3013202,-3.363997,-0.5298299,0.2740559,0.8026043,0,0,0,0,0,0,0,0.8698651,-0.919336,3.359061,1.216991,-0.3027586,-3.363392,-0.1703806,-0.2908913,-0.01453224,0.9413509,340.7779,324.9177,4.35878,0.3347631,-0.08407049,-0.9385443,0,0,0,0.6114076,0.2652256,-2.615382,-0.04871961,0.2245513,1.093645,0.8303421,0.07176459,0.5526137,0.1264843,0.9415186,-0.3123212,-0.5427097,0.3292304,0.7727054,start,-33.43033,18.8529,-2.55072,11.60293
05/15/2023 14:22:35.190739,88,True,True,True,True,Eyes,1.200352,-0.3013063,-3.363953,-0.5306308,0.2744725,0.8019325,0,0,0,0,0,0,0,0.8702586,-0.9185662,3.359226,1.21699,-0.3028328,-3.363441,-0.1702744,-0.2909313,-0.01463339,0.9413563,340.7863,324.9163,4.344028,0.3347714,-0.08406992,-0.9385414,0,0,0,0.6114076,0.2652256,-2.615382,-0.04870796,0.2247507,1.093676,0.8302897,0.0715258,0.5527233,0.1266267,0.9415851,-0.312063,-0.5427566,0.3290923,0.7727312,start,-33.49221,18.89422,-2.550039,11.61262
05/15/2023 14:22:35.210316,89,True,True,True,True,Eyes,1.200484,-0.3012899,-3.363909,-0.5313876,0.2748621,0.8012977,0,0,0,0,0,0,0,0.869992,-0.9166775,3.359761,1.217049,-0.3028083,-3.363372,-0.1700025,-0.2909005,-0.01467266,0.9414143,340.8148,324.9254,4.328409,0.3347826,-0.084069,-0.9385375,0,0,0,0.6114076,0.2652256,-2.615382,-0.04896998,0.2252863,1.093528,0.8303232,0.07128149,0.5527046,0.1265337,0.9417678,-0.3115489,-0.5427271,0.328622,0.7729521,start,-33.5507,18.93306,-2.564087,11.64108
05/15/2023 14:22:35.230740,90,True,True,True,True,Eyes,1.200647,-0.3012669,-3.363847,-0.5321353,0.2752884,0.800655,0,0,0,0,0,0,0,0.8689972,-0.9154258,3.360326,1.217081,-0.3027358,-3.363334,-0.1698063,-0.2907534,-0.01485259,0.9414923,340.8296,324.9503,4.297293,0.3347964,-0.08406772,-0.9385327,0,0,0,0.6114076,0.2652256,-2.615382,-0.04953903,0.2255199,1.093407,0.8304838,0.07077633,0.5525282,0.1267107,0.9418904,-0.3111058,-0.5424399,0.3283796,0.7732566,start,-33.609,18.97446,-2.594127,11.65408
05/15/2023 14:22:35.245809,91,True,True,True,True,Eyes,1.200805,-0.3012512,-3.363786,-0.5328501,0.2757087,0.8000346,0,0,0,0,0,0,0,0.8688775,-0.9156582,3.360422,1.217128,-0.3026761,-3.363451,-0.1698136,-0.2907135,-0.01509332,0.9414995,340.8202,324.9594,4.269382,0.3348134,-0.08406594,-0.9385267,0,0,0,0.6114076,0.2652256,-2.615382,-0.04979086,0.2252331,1.09353,0.8305157,0.07031348,0.5525393,0.1271549,0.9418711,-0.3109831,-0.5422871,0.3285344,0.773298,start,-33.66496,19.01502,-2.607004,11.63839
05/15/2023 14:22:35.260594,92,True,True,True,True,Eyes,1.200976,-0.3012308,-3.363716,-0.5334623,0.2761087,0.7994885,0,0,0,0,0,0,0,0.8688083,-0.9163522,3.36024,1.217181,-0.3028392,-3.363406,-0.1699294,-0.2907031,-0.0152117,0.9414798,340.8032,324.9608,4.26018,0.3348331,-0.08406391,-0.9385199,0,0,0,0.6114076,0.2652256,-2.615382,-0.04993257,0.225065,1.093642,0.8305206,0.07015496,0.552552,0.127441,0.9417852,-0.3111259,-0.5422123,0.3288143,0.7732314,start,-33.71338,19.05269,-2.614147,11.62878
05/15/2023 14:22:35.280474,93,True,True,True,True,Eyes,1.201142,-0.3012055,-3.363652,-0.5340384,0.2765196,0.7989618,0,0,0,0,0,0,0,0.8676388,-0.9163224,3.360589,1.217199,-0.3027707,-3.363445,-0.1699068,-0.290531,-0.0153326,0.9415351,340.8007,324.9847,4.241937,0.3348558,-0.08406154,-0.938512,0,0,0,0.6114076,0.2652256,-2.615382,-0.05040619,0.2249613,1.093642,0.8307133,0.06985403,0.5523005,0.1275988,0.9417931,-0.3110372,-0.54188,0.3288557,0.7734468,start,-33.75938,19.09067,-2.638906,11.62356
05/15/2023 14:22:35.290563,94,True,True,True,True,Eyes,1.201306,-0.3011785,-3.36359,-0.5344819,0.2769305,0.7985228,0,0,0,0,0,0,0,0.8668333,-0.9187386,3.36021,1.217233,-0.3026344,-3.363518,-0.1702199,-0.2904096,-0.01548681,0.9415134,340.7601,324.9973,4.233912,0.3348809,-0.08405872,-0.9385033,0,0,0,0.6114076,0.2652256,-2.615382,-0.05070251,0.2240476,1.093814,0.8308448,0.06970492,0.5521214,0.1280291,0.9415707,-0.3115337,-0.5415767,0.3295237,0.7733749,start,-33.79591,19.12672,-2.653982,11.57587
05/15/2023 14:22:35.310415,95,True,True,True,True,Eyes,1.201463,-0.3011605,-3.363528,-0.5349106,0.277337,0.7980946,0,0,0,0,0,0,0,0.8668791,-0.9213564,3.359552,1.217208,-0.3025974,-3.3636,-0.1705723,-0.2903899,-0.01572787,0.9414518,340.7127,324.998,4.219674,0.3349081,-0.08405544,-0.9384939,0,0,0,0.6114076,0.2652256,-2.615382,-0.05077252,0.223075,1.094033,0.8308527,0.06945087,0.5521417,0.128679,0.9413155,-0.3120367,-0.5414107,0.3303056,0.7731576,start,-33.83136,19.16229,-2.657109,11.52471
05/15/2023 14:22:35.330928,96,True,True,True,True,Eyes,1.201637,-0.301139,-3.363456,-0.535304,0.2777449,0.7976888,0,0,0,0,0,0,0,0.8670186,-0.9225993,3.359134,1.217188,-0.3027911,-3.363549,-0.1707851,-0.290424,-0.01557569,0.9414053,340.6946,324.9875,4.245906,0.334937,-0.084052,-0.9384839,0,0,0,0.6114076,0.2652256,-2.615382,-0.05051768,0.222938,1.094127,0.8308226,0.06987412,0.5521335,0.1285263,0.9411797,-0.3125089,-0.5414931,0.3306032,0.7729726,start,-33.86433,19.19745,-2.643564,11.51686
05/15/2023 14:22:35.340791,97,True,True,True,True,Eyes,1.201808,-0.3011202,-3.363389,-0.5356854,0.2781332,0.7972974,0,0,0,0,0,0,0,0.8673184,-0.923515,3.358886,1.21723,-0.3027597,-3.363618,-0.170915,-0.2904794,-0.0154264,0.941367,340.6857,324.9757,4.269069,0.334968,-0.08404834,-0.9384732,0,0,0,0.6114076,0.2652256,-2.615382,-0.05024335,0.2227136,1.094239,0.8307675,0.07025074,0.5521686,0.1283384,0.9411002,-0.3128253,-0.5416223,0.3307495,0.7728196,start,-33.89623,19.23107,-2.62896,11.50443
05/15/2023 14:22:35.360822,98,True,True,True,True,Eyes,1.201983,-0.3010968,-3.363321,-0.5360741,0.2785259,0.796899,0,0,0,0,0,0,0,0.8675605,-0.9233489,3.358967,1.217328,-0.3028022,-3.363676,-0.1708963,-0.2905249,-0.01535837,0.9413575,340.6904,324.9692,4.277047,0.3350007,-0.08404452,-0.9384618,0,0,0,0.6114076,0.2652256,-2.615382,-0.05014306,0.2228077,1.094341,0.8307188,0.07038382,0.5522249,0.1282147,0.9411172,-0.3128251,-0.5417261,0.330673,0.7727796,start,-33.92873,19.26514,-2.623477,11.50812
05/15/2023 14:22:35.380446,99,True,True,True,True,Eyes,1.202156,-0.3010779,-3.363256,-0.5364552,0.2789075,0.7965089,0,0,0,0,0,0,0,0.8678825,-0.9252101,3.3584,1.217356,-0.3027014,-3.363703,-0.1711467,-0.2905748,-0.01534735,0.9412968,340.6633,324.9584,4.289033,0.3350351,-0.08404046,-0.9384499,0,0,0,0.6114076,0.2652256,-2.615382,-0.0499709,0.2221781,1.094459,0.8306614,0.07056902,0.5522876,0.1283547,0.9409466,-0.3132805,-0.5417809,0.3311187,0.7725502,start,-33.96059,19.29834,-2.614201,11.47527
05/15/2023 14:22:35.391190,100,True,True,True,True,Eyes,1.202336,-0.3010552,-3.363186,-0.5368457,0.2792592,0.7961224,0,0,0,0,0,0,0,0.8687289,-0.9255791,3.358164,1.217483,-0.30279,-3.363734,-0.1712069,-0.290701,-0.01537639,0.9412464,340.6562,324.9421,4.290749,0.3350709,-0.08403628,-0.9384375,0,0,0,0.6114076,0.2652256,-2.615382,-0.04978433,0.2220751,1.094625,0.8305129,0.07059412,0.5525077,0.128486,0.9409035,-0.3133559,-0.5419775,0.3312356,0.7723622,start,-33.9928,19.32955,-2.604059,11.46839
05/15/2023 14:22:35.410666,101,True,True,True,True,Eyes,1.202507,-0.3010319,-3.363121,-0.5372092,0.2796079,0.7957548,0,0,0,0,0,0,0,0.8684807,-0.9269123,3.357882,1.217562,-0.3027173,-3.363733,-0.1713773,-0.2906642,-0.01554068,0.941224,340.6315,324.9467,4.277873,0.3351082,-0.08403191,-0.9384246,0,0,0,0.6114076,0.2652256,-2.615382,-0.05001709,0.2215218,1.094732,0.8305456,0.07037194,0.5524869,0.128881,0.9407766,-0.3135745,-0.5418336,0.331643,0.7722883,start,-34.02305,19.36017,-2.615961,11.43948
05/15/2023 14:22:35.426368,102,True,True,True,True,Eyes,1.202676,-0.3010104,-3.363059,-0.5375876,0.2799257,0.7953874,0,0,0,0,0,0,0,0.867823,-0.9275314,3.357916,1.217516,-0.3026856,-3.363788,-0.1714464,-0.2905433,-0.01579332,0.9412445,340.6144,324.9651,4.249237,0.3351466,-0.08402734,-0.9384112,0,0,0,0.6114076,0.2652256,-2.615382,-0.05039287,0.2211611,1.094783,0.8306704,0.06989446,0.5523599,0.129356,0.9407134,-0.3135688,-0.5415291,0.3319233,0.7723814,start,-34.05403,19.38882,-2.635464,11.42082
05/15/2023 14:22:35.440644,103,True,True,True,True,Eyes,1.202835,-0.3009898,-3.363003,-0.5379684,0.2802409,0.795019,0,0,0,0,0,0,0,0.8688239,-0.9285682,3.357498,1.217476,-0.3027235,-3.363925,-0.1715923,-0.2906632,-0.01584081,0.9411802,340.5972,324.9484,4.252035,0.3351859,-0.08402263,-0.9383976,0,0,0,0.6114076,0.2652256,-2.615382,-0.05001631,0.2208056,1.094964,0.830528,0.069933,0.5525693,0.1295692,0.9406103,-0.3137898,-0.5416965,0.3322072,0.7721419,start,-34.08518,19.41734,-2.615366,11.40111
05/15/2023 14:22:35.460761,104,True,True,True,True,Eyes,1.202944,-0.3009789,-3.362984,-0.5383117,0.2804889,0.794699,0,0,0,0,0,0,0,0.8706776,-0.9297583,3.356745,1.217413,-0.3027264,-3.364005,-0.1717657,-0.2909147,-0.01575439,0.9410723,340.5822,324.9124,4.273951,0.3352258,-0.08401782,-0.9383838,0,0,0,0.6114076,0.2652256,-2.615382,-0.04925522,0.2204659,1.095088,0.8302408,0.07028631,0.5529557,0.1295904,0.9404967,-0.3141216,-0.5421314,0.3324543,0.7717303,start,-34.11285,19.44048,-2.575333,11.38278
05/15/2023 14:22:35.470793,105,True,True,True,True,Eyes,1.203051,-0.3009678,-3.362965,-0.5386507,0.280725,0.7943859,0,0,0,0,0,0,0,0.8730307,-0.9302037,3.356104,1.217441,-0.3027706,-3.364084,-0.1718431,-0.2912543,-0.0155539,0.9409564,340.5822,324.865,4.307015,0.3352645,-0.08401315,-0.9383704,0,0,0,0.6114076,0.2652256,-2.615382,-0.04831347,0.2204299,1.09523,0.829858,0.07082903,0.5534608,0.1293712,0.940456,-0.3143335,-0.5427696,0.3324541,0.7712818,start,-34.14009,19.4627,-2.52583,11.37953
05/15/2023 14:22:35.490485,106,True,True,True,True,Eyes,1.203148,-0.3009577,-3.36295,-0.5389743,0.2809156,0.794099,0,0,0,0,0,0,0,0.8733827,-0.9307261,3.355873,1.217512,-0.302748,-3.364066,-0.1719316,-0.2913448,-0.01519316,0.9409182,340.5855,324.8458,4.353391,0.3353022,-0.08400859,-0.9383573,0,0,0,0.6114076,0.2652256,-2.615382,-0.04787999,0.2204753,1.095255,0.8297748,0.07159168,0.5534876,0.1287738,0.9404174,-0.3146942,-0.5430388,0.3323999,0.7711155,start,-34.1657,19.48143,-2.50314,11.38156
05/15/2023 14:22:35.510613,107,True,True,True,True,Eyes,1.203243,-0.300947,-3.362942,-0.5392894,0.2811118,0.7938156,0,0,0,0,0,0,0,0.8731713,-0.9312479,3.355782,1.217502,-0.3027281,-3.36407,-0.1720096,-0.2913276,-0.01505206,0.9409115,340.5817,324.8442,4.372093,0.3353387,-0.08400416,-0.9383447,0,0,0,0.6114076,0.2652256,-2.615382,-0.04777732,0.2203978,1.095262,0.8298033,0.07189699,0.5534052,0.1285476,0.9403722,-0.3149215,-0.5430487,0.3324618,0.7710819,start,-34.19076,19.50044,-2.497763,11.37759
05/15/2023 14:22:35.525860,108,True,True,True,True,Eyes,1.203314,-0.3009434,-3.362945,-0.539554,0.2812651,0.7935814,0,0,0,0,0,0,0,0.8740172,-0.9323115,3.355449,1.21755,-0.3027087,-3.364237,-0.1721433,-0.2914248,-0.01521096,0.9408543,340.5618,324.8325,4.361299,0.3353739,-0.08399983,-0.9383325,0,0,0,0.6114076,0.2652256,-2.615382,-0.04760084,0.2199135,1.095497,0.8296804,0.07171104,0.5536135,0.1289563,0.9402706,-0.3150578,-0.5431397,0.3327892,0.7708765,start,-34.21169,19.5156,-2.488014,11.35087
05/15/2023 14:22:35.545503,109,True,True,True,True,Eyes,1.203383,-0.3009385,-3.362951,-0.5398059,0.2814165,0.7933564,0,0,0,0,0,0,0,0.873735,-0.9318995,3.355552,1.217509,-0.3028029,-3.364158,-0.172105,-0.2913927,-0.01513194,0.9408726,340.5687,324.8358,4.368108,0.3354073,-0.08399576,-0.9383209,0,0,0,0.6114076,0.2652256,-2.615382,-0.04762259,0.2201738,1.095417,0.8297226,0.07182582,0.5535353,0.1287747,0.9403018,-0.315039,-0.5431183,0.3326764,0.7709404,start,-34.23167,19.53043,-2.489333,11.36477
05/15/2023 14:22:35.560746,110,True,True,True,True,Eyes,1.203438,-0.3009314,-3.362969,-0.5400376,0.2815685,0.7931448,0,0,0,0,0,0,0,0.8733554,-0.9325897,3.35555,1.217549,-0.3027657,-3.364238,-0.1721994,-0.2913511,-0.01500683,0.9408702,340.5624,324.8372,4.385108,0.3354391,-0.0839919,-0.9383099,0,0,0,0.6114076,0.2652256,-2.615382,-0.04758099,0.220006,1.095509,0.8297787,0.07210202,0.5534155,0.12858,0.9402443,-0.3152902,-0.5430788,0.3327792,0.7709238,start,-34.25023,19.54499,-2.486951,11.3554
05/15/2023 14:22:35.570691,111,True,True,True,True,Eyes,1.203487,-0.3009266,-3.362986,-0.5402499,0.2817302,0.7929426,0,0,0,0,0,0,0,0.8732319,-0.9346368,3.355104,1.217576,-0.3026621,-3.364329,-0.1724623,-0.2913161,-0.01521374,0.9408296,340.526,324.8406,4.371037,0.3354689,-0.08398814,-0.9382996,0,0,0,0.6114076,0.2652256,-2.615382,-0.04772571,0.2191753,1.095693,0.829807,0.07185497,0.5534052,0.1291092,0.9400506,-0.3156512,-0.54291,0.3333792,0.7707834,start,-34.2675,19.55998,-2.494088,11.31178
05/15/2023 14:22:35.595477,112,True,True,True,True,Eyes,1.203519,-0.3009255,-3.363013,-0.5403801,0.2818337,0.7928172,0,0,0,0,0,0,0,0.8724002,-0.935988,3.354924,1.217479,-0.3027168,-3.364339,-0.1726604,-0.2911879,-0.0152511,0.9408323,340.5022,324.8539,4.37173,0.3354968,-0.08398455,-0.9382899,0,0,0,0.6114076,0.2652256,-2.615382,-0.04788974,0.2188047,1.095741,0.8299541,0.07185577,0.5531843,0.1292507,0.9399115,-0.3160071,-0.5426514,0.3337708,0.7707961,start,-34.27814,19.56948,-2.502539,11.29266
05/15/2023 14:22:35.611125,113,True,True,True,True,Eyes,1.20355,-0.3009233,-3.363042,-0.5405201,0.2819201,0.7926909,0,0,0,0,0,0,0,0.8728648,-0.9362796,3.354742,1.217396,-0.3027608,-3.364385,-0.1727106,-0.2912445,-0.01518859,0.9408066,340.4991,324.8448,4.382005,0.3355224,-0.08398121,-0.9382811,0,0,0,0.6114076,0.2652256,-2.615382,-0.04760572,0.2187768,1.095768,0.8298919,0.07202296,0.5532559,0.129181,0.9398807,-0.3161273,-0.5427629,0.3338217,0.7706954,start,-34.2893,19.5779,-2.487655,11.29099
05/15/2023 14:22:35.630605,114,True,True,True,True,Eyes,1.203573,-0.3009231,-3.363073,-0.540579,0.2819699,0.7926331,0,0,0,0,0,0,0,0.8740786,-0.935549,3.354726,1.217413,-0.302726,-3.364478,-0.1726089,-0.2914248,-0.01497422,0.9407728,340.5187,324.8202,4.406307,0.335546,-0.08397805,-0.9382729,0,0,0,0.6114076,0.2652256,-2.615382,-0.0470387,0.2190656,1.095789,0.8296947,0.07243033,0.5534983,0.1287797,0.9399638,-0.3160438,-0.5431597,0.3334992,0.7705556,start,-34.29415,19.58242,-2.458014,11.30529
05/15/2023 14:22:35.640787,115,True,True,True,True,Eyes,1.203595,-0.3009292,-3.363102,-0.5406455,0.2819943,0.7925792,0,0,0,0,0,0,0,0.8746169,-0.9366434,3.354239,1.217367,-0.3027504,-3.364451,-0.1727683,-0.2914934,-0.01501923,0.9407216,340.4998,324.8097,4.408859,0.3355675,-0.08397511,-0.9382654,0,0,0,0.6114076,0.2652256,-2.615382,-0.04685494,0.2187276,1.095834,0.8296121,0.0724638,0.553618,0.1289795,0.9398511,-0.3162977,-0.5432386,0.3338098,0.7703654,start,-34.29924,19.58521,-2.448324,11.28785
05/15/2023 14:22:35.660948,116,True,True,True,True,Eyes,1.203604,-0.3009358,-3.363141,-0.5406648,0.2819781,0.7925717,0,0,0,0,0,0,0,0.8752137,-0.93465,3.354657,1.217396,-0.3029003,-3.364444,-0.1725141,-0.2915919,-0.01482921,0.9407408,340.535,324.7984,4.422695,0.3355872,-0.08397256,-0.9382586,0,0,0,0.6114076,0.2652256,-2.615382,-0.04657936,0.219531,1.095774,0.8295085,0.07270654,0.5537412,0.1285083,0.940038,-0.3159339,-0.5435082,0.3332302,0.7704262,start,-34.30045,19.58434,-2.434074,11.32884
05/15/2023 14:22:35.671326,117,True,True,True,True,Eyes,1.203616,-0.3009348,-3.363182,-0.5406939,0.2819805,0.792551,0,0,0,0,0,0,0,0.8754798,-0.9345204,3.354682,1.217375,-0.3028729,-3.364513,-0.1724925,-0.2916265,-0.01476511,0.9407351,340.5399,324.7933,4.429884,0.3356048,-0.08397035,-0.9382525,0,0,0,0.6114076,0.2652256,-2.615382,-0.04640579,0.2195751,1.095793,0.829472,0.07282666,0.5537802,0.1283869,0.9400567,-0.3159277,-0.5435928,0.3331514,0.7704006,start,-34.30258,19.58497,-2.424972,11.33087
05/15/2023 14:22:35.690888,118,True,True,True,True,Eyes,1.203611,-0.300927,-3.363234,-0.5406772,0.2820037,0.7925541,0,0,0,0,0,0,0,0.876395,-0.9367407,3.353902,1.217455,-0.3026865,-3.36458,-0.1727875,-0.2917761,-0.01460456,0.9406369,340.5136,324.7666,4.462834,0.3356206,-0.08396823,-0.938247,0,0,0,0.6114076,0.2652256,-2.615382,-0.04591563,0.2188501,1.095952,0.8293068,0.07335535,0.5539577,0.1283057,0.9398623,-0.3165382,-0.5438638,0.3335832,0.7700223,start,-34.30165,19.58639,-2.399041,11.29282
05/15/2023 14:22:35.710742,119,True,True,True,True,Eyes,1.203599,-0.3009176,-3.36328,-0.5406491,0.2820465,0.7925582,0,0,0,0,0,0,0,0.8781362,-0.9421958,3.351903,1.217525,-0.302465,-3.364559,-0.1735137,-0.2919953,-0.01507311,0.9404278,340.4179,324.7347,4.442589,0.3356342,-0.083966,-0.9382423,0,0,0,0.6114076,0.2652256,-2.615382,-0.04568756,0.2167455,1.09629,0.8290231,0.07298002,0.5544319,0.1296807,0.9393317,-0.3175516,-0.5439702,0.3351567,0.7692635,start,-34.30013,19.58904,-2.386403,11.18361
05/15/2023 14:22:35.731136,120,True,True,True,True,Eyes,1.203568,-0.3009208,-3.363336,-0.5406196,0.2820758,0.7925677,0,0,0,0,0,0,0,0.8780475,-0.9429717,3.351551,1.217346,-0.3024373,-3.36447,-0.1735981,-0.2919149,-0.01570202,0.9404269,340.3861,324.7544,4.372613,0.3356458,-0.08396364,-0.9382384,0,0,0,0.6114076,0.2652256,-2.615382,-0.04623121,0.2161407,1.096212,0.8290783,0.07181855,0.5545009,0.1308849,0.9392343,-0.3173454,-0.5435976,0.33568,0.7692988,start,-34.29835,19.5907,-2.414938,11.15397
05/15/2023 14:22:35.741713,121,True,True,True,True,Eyes,1.203538,-0.3009245,-3.363391,-0.5405977,0.2820688,0.7925852,0,0,0,0,0,0,0,0.8781866,-0.9437462,3.351301,1.217263,-0.3026845,-3.364482,-0.1737432,-0.2919243,-0.01568493,0.9403975,340.3707,324.7504,4.380418,0.3356549,-0.08396151,-0.9382353,0,0,0,0.6114076,0.2652256,-2.615382,-0.04606381,0.2160856,1.096321,0.8290684,0.07193962,0.5545,0.1309399,0.9391345,-0.3176178,-0.5435995,0.3359331,0.769187,start,-34.29668,19.58986,-2.405966,11.15012
05/15/2023 14:22:35.760505,122,True,True,True,True,Eyes,1.203488,-0.3009336,-3.363456,-0.540529,0.2819804,0.7926636,0,0,0,0,0,0,0,0.8783275,-0.9408468,3.35209,1.217253,-0.3026938,-3.364496,-0.1733424,-0.2919576,-0.01545354,0.940465,340.4233,324.7491,4.391828,0.3356619,-0.08395959,-0.938233,0,0,0,0.6114076,0.2652256,-2.615382,-0.04590589,0.2171017,1.096135,0.8290439,0.0721502,0.5545092,0.1302842,0.9394273,-0.3170213,-0.5437942,0.3350684,0.7694264,start,-34.29065,19.5824,-2.398133,11.20307
05/15/2023 14:22:35.780156,123,True,True,True,True,Eyes,1.20344,-0.3009461,-3.363519,-0.5404454,0.2818763,0.7927575,0,0,0,0,0,0,0,0.877025,-0.9377891,3.35326,1.217247,-0.3027469,-3.364465,-0.1729253,-0.2917948,-0.0152215,0.940596,340.4768,324.7727,4.398457,0.3356664,-0.08395801,-0.9382316,0,0,0,0.6114076,0.2652256,-2.615382,-0.04620445,0.2182263,1.095903,0.8292482,0.07228286,0.5541865,0.129552,0.9397303,-0.3164226,-0.5436578,0.3341888,0.7699052,start,-34.28337,19.57357,-2.414222,11.26196
05/15/2023 14:22:35.795748,124,True,True,True,True,Eyes,1.203388,-0.3009612,-3.363588,-0.5403903,0.2817237,0.7928494,0,0,0,0,0,0,0,0.87494,-0.9360304,3.354318,1.217239,-0.3028386,-3.364482,-0.1726899,-0.2915116,-0.01510604,0.940729,340.5055,324.8103,4.396334,0.3356686,-0.08395684,-0.9382309,0,0,0,0.6114076,0.2652256,-2.615382,-0.0467748,0.2189166,1.095795,0.8295856,0.07226088,0.5536841,0.1291036,0.9399,-0.3161017,-0.5432495,0.333716,0.7703983,start,-34.27757,19.56169,-2.444227,11.29774
05/15/2023 14:22:35.811117,125,True,True,True,True,Eyes,1.203335,-0.3009706,-3.363658,-0.5403391,0.2815621,0.7929417,0,0,0,0,0,0,0,0.8737501,-0.9331063,3.355566,1.217229,-0.3028893,-3.364604,-0.1722828,-0.291348,-0.01492276,0.9408572,340.5562,324.8346,4.397838,0.3356688,-0.08395609,-0.9382309,0,0,0,0.6114076,0.2652256,-2.615382,-0.04702207,0.2199345,1.095685,0.8297873,0.07230812,0.5533756,0.1284689,0.9401919,-0.3154916,-0.5430918,0.3328825,0.77087,start,-34.27193,19.54921,-2.45738,11.35003
05/15/2023 14:22:35.826371,126,True,True,True,True,Eyes,1.203266,-0.3009812,-3.363743,-0.5402731,0.2813713,0.7930544,0,0,0,0,0,0,0,0.8736945,-0.9321522,3.355925,1.21715,-0.3027573,-3.364723,-0.1721342,-0.2913381,-0.01473546,0.9408904,340.5791,324.8351,4.413148,0.335667,-0.08395557,-0.9382315,0,0,0,0.6114076,0.2652256,-2.615382,-0.04681629,0.2202336,1.095604,0.8298099,0.07256962,0.5533075,0.1280274,0.9403054,-0.3153328,-0.5431616,0.3325048,0.7709838,start,-34.26488,19.5344,-2.44682,11.36588
05/15/2023 14:22:35.840654,127,True,True,True,True,Eyes,1.2032,-0.300995,-3.363827,-0.5402197,0.2811841,0.7931571,0,0,0,0,0,0,0,0.8746384,-0.9336793,3.355361,1.21714,-0.3027333,-3.364835,-0.1723438,-0.2914604,-0.01474551,0.9408141,340.5562,324.8163,4.422766,0.3356629,-0.08395527,-0.938233,0,0,0,0.6114076,0.2652256,-2.615382,-0.04643118,0.2197165,1.095782,0.8296669,0.0727172,0.5535026,0.1282083,0.9401604,-0.3156914,-0.5433375,0.3328823,0.7706969,start,-34.2588,19.52006,-2.426322,11.33809
05/15/2023 14:22:35.860619,128,True,True,True,True,Eyes,1.203124,-0.3010072,-3.363923,-0.5401419,0.2809834,0.7932812,0,0,0,0,0,0,0,0.8755811,-0.9334288,3.35528,1.217155,-0.3028193,-3.364917,-0.1723204,-0.2915919,-0.01466365,0.9407788,340.5623,324.7988,4.433986,0.3356569,-0.08395524,-0.9382352,0,0,0,0.6114076,0.2652256,-2.615382,-0.0460476,0.2198652,1.095878,0.8295183,0.07290398,0.5537006,0.128085,0.9401813,-0.3156793,-0.5435932,0.3327824,0.7705597,start,-34.25079,19.50435,-2.406092,11.3446
05/15/2023 14:22:35.871365,129,True,True,True,True,Eyes,1.203054,-0.3010115,-3.364019,-0.5400673,0.2808295,0.7933865,0,0,0,0,0,0,0,0.8761995,-0.9338311,3.355101,1.217199,-0.3027366,-3.365003,-0.1723725,-0.2916954,-0.0144524,0.9407405,340.5644,324.7813,4.462239,0.3356487,-0.0839554,-0.9382381,0,0,0,0.6114076,0.2652256,-2.615382,-0.0456368,0.2197893,1.09595,0.8294098,0.07336861,0.5538017,0.1277525,0.9401577,-0.3158842,-0.543837,0.332747,0.7704031,start,-34.24357,19.49208,-2.384495,11.34006
05/15/2023 14:22:35.895796,130,True,True,True,True,Eyes,1.202969,-0.3010199,-3.364129,-0.5399763,0.2807153,0.7934888,0,0,0,0,0,0,0,0.8766366,-0.937411,3.354109,1.217282,-0.3025581,-3.365109,-0.1728434,-0.2917483,-0.01463611,0.9406349,340.5062,324.7697,4.460826,0.3356387,-0.0839555,-0.9382417,0,0,0,0.6114076,0.2652256,-2.615382,-0.04555809,0.2184463,1.096247,0.8293374,0.07331907,0.5539169,0.128388,0.9398219,-0.3166249,-0.5437979,0.3337052,0.7700161,start,-34.23564,19.48243,-2.379742,11.26957
05/15/2023 14:22:35.910616,131,True,True,True,True,Eyes,1.202886,-0.3010296,-3.364236,-0.5398905,0.2806328,0.7935764,0,0,0,0,0,0,0,0.876636,-0.9398913,3.353509,1.217288,-0.3026083,-3.365197,-0.1731917,-0.2917324,-0.01478941,0.9405733,340.4622,324.7682,4.456622,0.3356267,-0.08395566,-0.938246,0,0,0,0.6114076,0.2652256,-2.615382,-0.0455693,0.2176209,1.096501,0.829347,0.0732302,0.5539141,0.1288723,0.9395719,-0.3171698,-0.5436685,0.334428,0.7697937,start,-34.22846,19.47514,-2.379777,11.22554
05/15/2023 14:22:35.926020,132,True,True,True,True,Eyes,1.202819,-0.301037,-3.36433,-0.5399054,0.2806335,0.793566,0,0,0,0,0,0,0,0.8770767,-0.9422924,3.352774,1.217277,-0.302653,-3.36525,-0.1735338,-0.2917845,-0.0148674,0.9404928,340.4219,324.7571,4.462216,0.3356129,-0.0839559,-0.9382509,0,0,0,0.6114076,0.2652256,-2.615382,-0.04538023,0.2168643,1.096712,0.8292816,0.0733036,0.5540025,0.1292343,0.9393299,-0.3177385,-0.5436825,0.3350908,0.7694957,start,-34.22955,19.47542,-2.369458,11.18539
05/15/2023 14:22:35.941656,133,True,True,True,True,Eyes,1.202761,-0.3010427,-3.364425,-0.5399323,0.2806402,0.7935454,0,0,0,0,0,0,0,0.8773546,-0.9438807,3.352251,1.217258,-0.3026526,-3.365254,-0.1737541,-0.2918113,-0.01499847,0.9404417,340.3931,324.7522,4.456479,0.335598,-0.08395617,-0.9382562,0,0,0,0.6114076,0.2652256,-2.615382,-0.04534477,0.2163025,1.096816,0.8292424,0.07319645,0.5540752,0.1296172,0.9391692,-0.3180577,-0.543651,0.3355646,0.7693114,start,-34.23157,19.47633,-2.367384,11.15611
05/15/2023 14:22:35.960790,134,True,True,True,True,Eyes,1.202709,-0.3010466,-3.364516,-0.5399438,0.2807011,0.7935159,0,0,0,0,0,0,0,0.8782772,-0.9450355,3.351863,1.217387,-0.3026108,-3.36539,-0.173917,-0.2919674,-0.01474828,0.9403672,340.3847,324.7253,4.49467,0.3355822,-0.0839564,-0.9382618,0,0,0,0.6114076,0.2652256,-2.615382,-0.04479864,0.216027,1.097035,0.829075,0.07381856,0.5542431,0.1292938,0.9390708,-0.3184796,-0.5439832,0.3357036,0.7690158,start,-34.23313,19.4809,-2.338437,11.14009
05/15/2023 14:22:35.980482,135,True,True,True,True,Eyes,1.202661,-0.3010492,-3.364605,-0.5399476,0.2807838,0.7934842,0,0,0,0,0,0,0,0.8793323,-0.9488447,3.35058,1.217412,-0.3026004,-3.36545,-0.1744384,-0.2920845,-0.01511719,0.9402285,340.3146,324.708,4.47562,0.335566,-0.08395655,-0.9382676,0,0,0,0.6114076,0.2652256,-2.615382,-0.04467291,0.2146138,1.097368,0.8289162,0.07347427,0.5545264,0.1303287,0.9386854,-0.3191928,-0.5439784,0.3368548,0.7685158,start,-34.23438,19.48693,-2.331175,11.06575
05/15/2023 14:22:35.995708,136,True,True,True,True,Eyes,1.202607,-0.3010541,-3.364695,-0.5398648,0.2808364,0.7935219,0,0,0,0,0,0,0,0.8788582,-0.9509162,3.350148,1.217437,-0.3025763,-3.365475,-0.1747218,-0.2920119,-0.01524855,0.9401962,340.2784,324.7144,4.470178,0.3355494,-0.08395661,-0.9382736,0,0,0,0.6114076,0.2652256,-2.615382,-0.04486415,0.2138935,1.097519,0.828993,0.07336845,0.5544255,0.130715,0.9384795,-0.31964,-0.5437684,0.3374511,0.7684026,start,-34.22903,19.48945,-2.340822,11.02804
05/15/2023 14:22:36.011052,137,True,True,True,True,Eyes,1.202555,-0.3010571,-3.364783,-0.539794,0.2809093,0.7935442,0,0,0,0,0,0,0,0.8786155,-0.9540576,3.349303,1.217419,-0.3026062,-3.365463,-0.1751833,-0.2920012,-0.0150403,0.9401171,340.2346,324.7039,4.511693,0.3355324,-0.08395664,-0.9382797,0,0,0,0.6114076,0.2652256,-2.615382,-0.04458848,0.2131074,1.097681,0.8290183,0.07402818,0.5543001,0.1305868,0.9381692,-0.3206021,-0.5437608,0.3381692,0.7680923,start,-34.22479,19.49362,-2.326112,10.98692
05/15/2023 14:22:36.030530,138,True,True,True,True,Eyes,1.20252,-0.3010607,-3.364858,-0.5397776,0.2809762,0.7935317,0,0,0,0,0,0,0,0.8798125,-0.9560469,3.348466,1.217442,-0.3025678,-3.365503,-0.1754549,-0.2921587,-0.01516044,0.9400155,340.2011,324.6815,4.512098,0.335515,-0.08395661,-0.9382859,0,0,0,0.6114076,0.2652256,-2.615382,-0.0442619,0.212379,1.097854,0.828827,0.07401923,0.5545872,0.1310234,0.9379715,-0.3210021,-0.5439473,0.3387191,0.7677178,start,-34.2244,19.4982,-2.308728,10.94858
05/15/2023 14:22:36.040703,139,True,True,True,True,Eyes,1.20249,-0.3010624,-3.36493,-0.5397629,0.2810374,0.79352,0,0,0,0,0,0,0,0.8805919,-0.9568785,3.348055,1.217494,-0.302627,-3.36551,-0.1755792,-0.2922694,-0.01519571,0.9399573,340.1867,324.666,4.515377,0.3354978,-0.08395653,-0.9382921,0,0,0,0.6114076,0.2652256,-2.615382,-0.04404807,0.212126,1.097976,0.8286954,0.07406618,0.5547775,0.1311994,0.9378821,-0.3211913,-0.5441053,0.3389563,0.7675012,start,-34.22406,19.50239,-2.297332,10.93467
05/15/2023 14:22:36.060734,140,True,True,True,True,Eyes,1.202459,-0.3010617,-3.365003,-0.5396925,0.281094,0.7935479,0,0,0,0,0,0,0,0.8805989,-0.9566256,3.348133,1.217583,-0.3025812,-3.365489,-0.1755358,-0.2922809,-0.01520872,0.9399616,340.1911,324.6655,4.512448,0.335481,-0.08395638,-0.9382982,0,0,0,0.6114076,0.2652256,-2.615382,-0.0441339,0.2121588,1.097978,0.8286812,0.07402028,0.554805,0.1312027,0.9379118,-0.3211034,-0.5441263,0.3388842,0.7675181,start,-34.21965,19.50539,-2.3018,10.93631
05/15/2023 14:22:36.080309,141,True,True,True,True,Eyes,1.202428,-0.3010622,-3.365072,-0.539618,0.2811483,0.7935793,0,0,0,0,0,0,0,0.8803338,-0.9579546,3.347848,1.217615,-0.3025176,-3.365509,-0.1757018,-0.2922236,-0.01548991,0.9399438,340.1626,324.6748,4.485693,0.3354644,-0.08395608,-0.9383041,0,0,0,0.6114076,0.2652256,-2.615382,-0.0444507,0.2115386,1.098083,0.8287309,0.0735691,0.5547907,0.1318077,0.9377779,-0.3212465,-0.5439042,0.3393526,0.7674685,start,-34.21492,19.50816,-2.318084,10.90408
05/15/2023 14:22:36.090919,142,True,True,True,True,Eyes,1.202401,-0.301061,-3.365142,-0.5395094,0.2811913,0.7936379,0,0,0,0,0,0,0,0.8797579,-0.9577233,3.348057,1.21761,-0.3025501,-3.365499,-0.1756685,-0.2921347,-0.01558761,0.939976,340.1624,324.6884,4.47132,0.3354481,-0.0839557,-0.93831,0,0,0,0.6114076,0.2652256,-2.615382,-0.04472867,0.2115806,1.098071,0.8288287,0.07333378,0.5546758,0.1319417,0.9377952,-0.321141,-0.5437227,0.3393557,0.7675958,start,-34.20759,19.50958,-2.332589,10.90632
05/15/2023 14:22:36.110755,143,True,True,True,True,Eyes,1.202377,-0.301062,-3.365209,-0.5393955,0.2812428,0.7936971,0,0,0,0,0,0,0,0.8802785,-0.9585017,3.347806,1.217659,-0.302509,-3.365592,-0.1757658,-0.2921999,-0.01566092,0.9399365,340.1494,324.6797,4.468217,0.3354321,-0.08395519,-0.9383158,0,0,0,0.6114076,0.2652256,-2.615382,-0.0446077,0.2112397,1.098211,0.8287479,0.07327697,0.5548038,0.132158,0.9377222,-0.3212652,-0.5437933,0.3395697,0.7674513,start,-34.19997,19.51154,-2.325991,10.8878
05/15/2023 14:22:36.126156,144,True,True,True,True,Eyes,1.202344,-0.3010644,-3.365279,-0.5392259,0.2812783,0.7937998,0,0,0,0,0,0,0,0.8794503,-0.9591736,3.347848,1.217736,-0.3025659,-3.365577,-0.1758612,-0.2920837,-0.01579688,0.9399524,340.1335,324.6951,4.453924,0.3354166,-0.08395463,-0.9383214,0,0,0,0.6114076,0.2652256,-2.615382,-0.04500824,0.2109987,1.098302,0.8288752,0.07303573,0.5546457,0.132429,0.9376466,-0.3213743,-0.5435334,0.3398303,0.76752,start,-34.18815,19.51148,-2.346658,10.8748
05/15/2023 14:22:36.140640,145,True,True,True,True,Eyes,1.202313,-0.301063,-3.365351,-0.5390527,0.2813287,0.7938995,0,0,0,0,0,0,0,0.8779712,-0.9596561,3.348092,1.217714,-0.3025734,-3.365578,-0.1759302,-0.291879,-0.01578395,0.9400033,340.1253,324.7193,4.453602,0.3354012,-0.08395407,-0.938327,0,0,0,0.6114076,0.2652256,-2.615382,-0.0454081,0.2108933,1.098298,0.829115,0.07302672,0.5542882,0.1323746,0.9375988,-0.3215359,-0.5431806,0.3399639,0.7677104,start,-34.17626,19.51245,-2.367491,10.86953
05/15/2023 14:22:36.161121,146,True,True,True,True,Eyes,1.202283,-0.3010606,-3.365422,-0.5388692,0.2813597,0.7940131,0,0,0,0,0,0,0,0.8769425,-0.9613818,3.347975,1.217721,-0.3024788,-3.365692,-0.1761591,-0.2917372,-0.01573551,0.9400052,340.1011,324.7322,4.464961,0.3353859,-0.0839534,-0.9383324,0,0,0,0.6114076,0.2652256,-2.615382,-0.04556727,0.2103336,1.098433,0.8292836,0.07320138,0.5540129,0.1323672,0.9374408,-0.3219996,-0.5429251,0.3403621,0.7677147,start,-34.16338,19.51185,-2.375491,10.84008
05/15/2023 14:22:36.180790,147,True,True,True,True,Eyes,1.202251,-0.3010593,-3.365492,-0.5386882,0.2813973,0.7941226,0,0,0,0,0,0,0,0.8766294,-0.9631297,3.34761,1.217689,-0.3024598,-3.36576,-0.1764012,-0.2916856,-0.01576349,0.9399754,340.0731,324.7349,4.470119,0.3353708,-0.08395258,-0.9383379,0,0,0,0.6114076,0.2652256,-2.615382,-0.04557234,0.2097715,1.098558,0.8293421,0.07327281,0.5539159,0.132542,0.9372683,-0.3224296,-0.5427932,0.3408215,0.7676042,start,-34.15077,19.51178,-2.375483,10.81058
05/15/2023 14:22:36.195714,148,True,True,True,True,Eyes,1.202218,-0.3010638,-3.365564,-0.5385045,0.2814025,0.7942452,0,0,0,0,0,0,0,0.8760848,-0.9640105,3.347529,1.217633,-0.3024817,-3.365809,-0.1765323,-0.2916104,-0.01566667,0.9399757,340.0616,324.7402,4.484624,0.3353558,-0.08395169,-0.9383433,0,0,0,0.6114076,0.2652256,-2.615382,-0.04555029,0.2095857,1.098608,0.8294358,0.07350475,0.5537447,0.1324099,0.9371818,-0.322735,-0.5426821,0.3410093,0.7675994,start,-34.13758,19.50933,-2.374226,10.80075
05/15/2023 14:22:36.210701,149,True,True,True,True,Eyes,1.202186,-0.3010631,-3.365634,-0.538339,0.2814112,0.7943544,0,0,0,0,0,0,0,0.8767458,-0.9643865,3.347343,1.217598,-0.3026083,-3.365905,-0.1766101,-0.2917103,-0.01544454,0.9399338,340.0613,324.7223,4.51517,0.3353408,-0.08395088,-0.9383488,0,0,0,0.6114076,0.2652256,-2.615382,-0.04504791,0.2096663,1.098725,0.8293331,0.07400425,0.5538321,0.1320716,0.9371407,-0.3229928,-0.5429214,0.3410142,0.7674279,start,-34.12574,19.5074,-2.347821,10.80368
05/15/2023 14:22:36.230554,150,True,True,True,True,Eyes,1.20216,-0.3010631,-3.365705,-0.5382155,0.2814201,0.7944349,0,0,0,0,0,0,0,0.8776571,-0.9651229,3.346905,1.217605,-0.3024784,-3.365927,-0.1767039,-0.2918503,-0.01530504,0.939875,340.0565,324.7005,4.537825,0.335326,-0.08395,-0.9383542,0,0,0,0.6114076,0.2652256,-2.615382,-0.04461086,0.2094258,1.098741,0.8291783,0.07437252,0.5540146,0.1319118,0.937083,-0.3232256,-0.5431966,0.3410928,0.7671983,start,-34.11694,19.50615,-2.325035,10.79143
05/15/2023 14:22:36.240577,151,True,True,True,True,Eyes,1.202138,-0.3010649,-3.365773,-0.5381045,0.2814309,0.7945062,0,0,0,0,0,0,0,0.8790666,-0.9657662,3.346478,1.217678,-0.3024968,-3.366027,-0.1767976,-0.2920547,-0.01521673,0.9397952,340.0503,324.6715,4.556069,0.3353114,-0.08394907,-0.9383595,0,0,0,0.6114076,0.2652256,-2.615382,-0.04407412,0.2092465,1.098915,0.828945,0.07466792,0.5543237,0.1318704,0.9370221,-0.3234189,-0.5435626,0.3411954,0.7668933,start,-34.10907,19.50522,-2.296727,10.78074
05/15/2023 14:22:36.260777,152,True,True,True,True,Eyes,1.202109,-0.3010644,-3.365845,-0.5380682,0.2814888,0.7945104,0,0,0,0,0,0,0,0.8797623,-0.9660775,3.346245,1.217724,-0.3025411,-3.366045,-0.1768496,-0.2921599,-0.01515886,0.9397537,340.0471,324.6563,4.56702,0.335297,-0.08394816,-0.9383647,0,0,0,0.6114076,0.2652256,-2.615382,-0.04380921,0.2091975,1.098996,0.8288256,0.07484553,0.5544784,0.1318279,0.9369888,-0.3235325,-0.543755,0.3412477,0.7667336,start,-34.10714,19.50884,-2.282769,10.7775
05/15/2023 14:22:36.280658,153,True,True,True,True,Eyes,1.202082,-0.3010634,-3.365921,-0.5380389,0.2815699,0.7945015,0,0,0,0,0,0,0,0.8800682,-0.9680406,3.345643,1.217751,-0.3024609,-3.366087,-0.1771114,-0.2921962,-0.01526619,0.9396915,340.0146,324.649,4.565886,0.3352828,-0.08394719,-0.9383699,0,0,0,0.6114076,0.2652256,-2.615382,-0.04374531,0.2084696,1.099139,0.8287767,0.07481156,0.5545561,0.1321936,0.936797,-0.3239388,-0.5437409,0.3417817,0.7665058,start,-34.10598,19.51423,-2.279147,10.73951
05/15/2023 14:22:36.295679,154,True,True,True,True,Eyes,1.20208,-0.3010612,-3.365981,-0.5383083,0.281886,0.7942069,0,0,0,0,0,0,0,0.8811617,-0.9701641,3.344882,1.21775,-0.302455,-3.36623,-0.1773984,-0.2923212,-0.01546628,0.9395951,339.9764,324.6318,4.557147,0.3352687,-0.08394614,-0.938375,0,0,0,0.6114076,0.2652256,-2.615382,-0.04346719,0.2076519,1.099399,0.8286182,0.07465056,0.5548145,0.1327787,0.9365811,-0.3243231,-0.5438398,0.3424076,0.7661563,start,-34.12917,19.54118,-2.264137,10.69589
05/15/2023 14:22:36.310675,155,True,True,True,True,Eyes,1.20208,-0.3010557,-3.366041,-0.5385661,0.2822221,0.7939126,0,0,0,0,0,0,0,0.8825313,-0.9716809,3.344181,1.21777,-0.3025193,-3.366317,-0.1776203,-0.2925082,-0.01546334,0.9394951,339.9529,324.6042,4.570357,0.3352554,-0.08394501,-0.9383799,0,0,0,0.6114076,0.2652256,-2.615382,-0.04295793,0.2071951,1.099608,0.8283997,0.07485531,0.5551132,0.1329663,0.9364238,-0.3247005,-0.5441267,0.3427931,0.76578,start,-34.15177,19.56941,-2.237212,10.67092
05/15/2023 14:22:36.330803,156,True,True,True,True,Eyes,1.20208,-0.3010556,-3.366099,-0.5388126,0.2825579,0.7936258,0,0,0,0,0,0,0,0.8830514,-0.9744103,3.343322,1.217802,-0.3024428,-3.366384,-0.177984,-0.2925597,-0.01572175,0.9394059,339.9038,324.5959,4.556392,0.3352429,-0.0839437,-0.9383844,0,0,0,0.6114076,0.2652256,-2.615382,-0.0429382,0.2061339,1.099833,0.8283232,0.0746037,0.5552611,0.1336801,0.9361491,-0.3251994,-0.5440682,0.3435976,0.765461,start,-34.17357,19.59747,-2.23573,10.61539
05/15/2023 14:22:36.342099,157,True,True,True,True,Eyes,1.202518,-0.3009382,-3.365866,-0.5406334,0.2894433,0.7898976,0,0,0,0,0,0,0,0.8827698,-0.9757649,3.343,1.217812,-0.3025709,-3.366368,-0.1782004,-0.2925369,-0.015589,0.9393741,339.8845,324.5924,4.579539,0.3352311,-0.08394239,-0.9383887,0,0,0,0.6114076,0.2652256,-2.615382,-0.04283413,0.205899,1.099941,0.8283582,0.07497263,0.5551592,0.1335482,0.9360031,-0.3256731,-0.5440473,0.3439145,0.7653335,start,-34.3891,20.12443,-2.230097,10.60254
05/15/2023 14:22:36.360642,158,True,True,True,True,Eyes,1.202728,-0.3008531,-3.365793,-0.54202,0.2959593,0.7865256,0,0,0,0,0,0,0,0.8823415,-0.9763002,3.342948,1.217795,-0.3024345,-3.366377,-0.1782608,-0.292483,-0.01552709,0.9393804,339.8797,324.5969,4.587773,0.3352335,-0.08393813,-0.9383882,0,0,0,0.6114076,0.2652256,-2.615382,-0.04287851,0.2056938,1.099904,0.8284251,0.07510483,0.5550415,0.1334482,0.935964,-0.3258266,-0.5439699,0.3439923,0.7653535,start,-34.57197,20.62066,-2.23248,10.59256
05/15/2023 14:22:36.370734,159,True,True,True,True,Eyes,1.20293,-0.3007764,-3.365723,-0.5433259,0.302213,0.7832397,0,0,0,0,0,0,0,0.8814961,-0.9783319,3.342628,1.217743,-0.3023967,-3.36645,-0.1785392,-0.2923534,-0.01558489,0.9393671,339.8463,324.6093,4.58927,0.3352416,-0.08393194,-0.9383858,0,0,0,0.6114076,0.2652256,-2.615382,-0.0430502,0.2050235,1.100025,0.8285732,0.07511322,0.5548193,0.133673,0.9357617,-0.3263152,-0.5436892,0.3445404,0.7653065,start,-34.74868,21.09911,-2.241165,10.5577
05/15/2023 14:22:36.391448,160,True,True,True,True,Eyes,1.203123,-0.300701,-3.365662,-0.5444713,0.3082006,0.7801047,0,0,0,0,0,0,0,0.8814234,-0.9795149,3.34235,1.217757,-0.3025208,-3.366483,-0.1787282,-0.2923551,-0.01546155,0.9393327,339.8297,324.6034,4.610814,0.3352545,-0.08392423,-0.9383819,0,0,0,0.6114076,0.2652256,-2.615382,-0.04288372,0.2048171,1.100163,0.8285789,0.07545709,0.5547641,0.1335513,0.9356343,-0.32673,-0.5437104,0.344811,0.7651695,start,-34.91297,21.55779,-2.232226,10.54601
05/15/2023 14:22:36.410385,161,True,True,True,True,Eyes,1.203307,-0.3006261,-3.365603,-0.5455382,0.3139597,0.7770569,0,0,0,0,0,0,0,0.8809451,-0.9797244,3.342553,1.217812,-0.3024547,-3.366607,-0.1787435,-0.2922899,-0.01542751,0.9393505,339.8289,324.6107,4.613842,0.3352715,-0.0839152,-0.9383767,0,0,0,0.6114076,0.2652256,-2.615382,-0.04297808,0.2047068,1.100261,0.8286572,0.07550615,0.5546405,0.1334735,0.9356256,-0.3267869,-0.5436103,0.3448241,0.7652347,start,-35.07104,22.00053,-2.236934,10.53954
05/15/2023 14:22:36.426405,162,True,True,True,True,Eyes,1.203509,-0.3005518,-3.365526,-0.5465649,0.3194952,0.7740733,0,0,0,0,0,0,0,0.8803393,-0.9822327,3.342609,1.218166,-0.3020846,-3.36714,-0.1790141,-0.2922025,-0.01554215,0.9393242,339.7946,324.6188,4.609498,0.3352919,-0.08390498,-0.9383703,0,0,0,0.6114076,0.2652256,-2.615382,-0.04320863,0.2034911,1.100846,0.8287522,0.07541854,0.5545104,0.133815,0.9354247,-0.3272217,-0.5433813,0.3453875,0.7651432,start,-35.22551,22.42816,-2.247728,10.4729
05/15/2023 14:22:36.440795,163,True,True,True,True,Eyes,1.208318,-0.2988403,-3.363814,-0.5648024,0.448451,0.692741,0,0,0,0,0,0,0,0.879963,-0.9840988,3.342174,1.218065,-0.3021237,-3.367187,-0.1792817,-0.2921328,-0.01560271,0.939294,339.7625,324.6238,4.611583,0.335316,-0.08389374,-0.9383627,0,0,0,0.6114076,0.2652256,-2.615382,-0.04322216,0.2029218,1.100947,0.82883,0.07543706,0.5543917,0.1340592,0.9352293,-0.3276803,-0.5432026,0.3459125,0.765033,start,-39.19089,32.9173,-2.248224,10.4433
05/15/2023 14:22:36.460696,164,True,True,True,True,Eyes,1.208346,-0.2988388,-3.363792,-0.564864,0.4484573,0.6926866,0,0,0,0,0,0,0,0.8810157,-0.9845067,3.341897,1.218032,-0.302194,-3.367313,-0.1793509,-0.2922769,-0.01547405,0.9392381,339.7601,324.6021,4.632211,0.335473,-0.08383621,-0.9383116,0,0,0,0.6114076,0.2652256,-2.615382,-0.04268575,0.2028831,1.101079,0.8286696,0.07577259,0.5545857,0.1339079,0.9351877,-0.327861,-0.5434845,0.3459518,0.764815,start,-39.19616,32.91972,-2.220084,10.44013
05/15/2023 14:22:36.480910,165,True,True,True,True,Eyes,1.208373,-0.2988358,-3.363772,-0.5649323,0.4484453,0.6926387,0,0,0,0,0,0,0,0.8817348,-0.9849631,3.341572,1.217994,-0.3022555,-3.367321,-0.1794313,-0.2923838,-0.01534414,0.9391916,339.7563,324.5847,4.652594,0.3356152,-0.08378442,-0.9382652,0,0,0,0.6114076,0.2652256,-2.615382,-0.04228929,0.2028565,1.101115,0.8285525,0.07610343,0.5547153,0.1337478,0.935138,-0.3280679,-0.5437024,0.3460134,0.7646323,start,-39.20149,32.92083,-2.199413,10.43845
05/15/2023 14:22:36.490905,166,True,True,True,True,Eyes,1.2084,-0.2988269,-3.363752,-0.5649679,0.4484461,0.6926091,0,0,0,0,0,0,0,0.8817352,-0.9838108,3.341941,1.217967,-0.302211,-3.367363,-0.1792723,-0.2924021,-0.01506676,0.9392207,339.7838,324.5803,4.678342,0.3357441,-0.08373775,-0.9382232,0,0,0,0.6114076,0.2652256,-2.615382,-0.04203826,0.203342,1.101026,0.828548,0.07653718,0.5546623,0.1331412,0.9352689,-0.3279414,-0.5438581,0.3455637,0.7647249,start,-39.20446,32.92199,-2.186547,10.46371
05/15/2023 14:22:36.511126,167,True,True,True,True,Eyes,1.208427,-0.2988287,-3.363733,-0.5650164,0.4484432,0.6925715,0,0,0,0,0,0,0,0.8828597,-0.9867064,3.340832,1.217932,-0.3020774,-3.367429,-0.1796654,-0.2925537,-0.01507795,0.9390982,339.7407,324.5542,4.696003,0.3358609,-0.08369552,-0.9381852,0,0,0,0.6114076,0.2652256,-2.615382,-0.0415507,0.2023428,1.101186,0.82837,0.07680419,0.5548913,0.1334429,0.9349861,-0.3286246,-0.5440554,0.3462691,0.7642654,start,-39.20839,32.92324,-2.160898,10.41195
05/15/2023 14:22:36.526518,168,True,True,True,True,Eyes,1.20848,-0.2988225,-3.363693,-0.5651783,0.4484164,0.6924566,0,0,0,0,0,0,0,0.8838837,-0.98661,3.340624,1.217945,-0.302334,-3.367435,-0.1796951,-0.2927119,-0.01488541,0.9390464,339.7451,324.5302,4.722676,0.3359669,-0.08365759,-0.9381506,0,0,0,0.6114076,0.2652256,-2.615382,-0.04103529,0.2026395,1.101295,0.8281963,0.07724158,0.5550896,0.1331539,0.9349762,-0.3287697,-0.5443903,0.3461983,0.7640589,start,-39.22109,32.92602,-2.133909,10.42587
05/15/2023 14:22:36.540610,169,True,True,True,True,Eyes,1.208532,-0.2988146,-3.363657,-0.5653316,0.4484076,0.6923372,0,0,0,0,0,0,0,0.8842083,-0.9861144,3.340645,1.217919,-0.302229,-3.367415,-0.1796148,-0.2927608,-0.01482744,0.9390474,339.7562,324.5245,4.727202,0.3360639,-0.08362332,-0.9381189,0,0,0,0.6114076,0.2652256,-2.615382,-0.04090396,0.2027585,1.101196,0.8281426,0.07732102,0.555159,0.1330157,0.9350373,-0.3286519,-0.544506,0.3460155,0.7640593,start,-39.23354,32.93001,-2.127276,10.43278
05/15/2023 14:22:36.560773,170,True,True,True,True,Eyes,1.208605,-0.2987988,-3.36361,-0.5655517,0.4484102,0.6921557,0,0,0,0,0,0,0,0.8837276,-0.9882851,3.34018,1.217943,-0.302183,-3.36746,-0.1799218,-0.2927122,-0.01468082,0.939006,339.7272,324.5222,4.754985,0.3361528,-0.0835923,-0.9380897,0,0,0,0.6114076,0.2652256,-2.615382,-0.04081249,0.2021588,1.101328,0.828208,0.07775988,0.5549999,0.1329014,0.9348252,-0.3293008,-0.5444342,0.3464898,0.7638954,start,-39.25182,32.93702,-2.122268,10.40137
05/15/2023 14:22:36.570381,171,True,True,True,True,Eyes,1.208674,-0.2987798,-3.363562,-0.5657425,0.4484548,0.6919709,0,0,0,0,0,0,0,0.8853886,-0.9915102,3.338852,1.218041,-0.3020501,-3.367503,-0.1803621,-0.2929578,-0.01467093,0.9388451,339.6802,324.483,4.779095,0.336235,-0.08356398,-0.9380628,0,0,0,0.6114076,0.2652256,-2.615382,-0.04021281,0.2010543,1.101568,0.827921,0.07812951,0.5553762,0.1332244,0.9345085,-0.3300682,-0.5447918,0.3472601,0.7632905,start,-39.26879,32.94659,-2.090658,10.34357
05/15/2023 14:22:36.590852,172,True,True,True,True,Eyes,1.208737,-0.2987692,-3.363515,-0.5659095,0.4485138,0.6917961,0,0,0,0,0,0,0,0.8855805,-0.9943096,3.337908,1.218023,-0.3019692,-3.367457,-0.1807235,-0.292929,-0.01532792,0.938774,339.6168,324.492,4.717882,0.3363112,-0.08353803,-0.9380378,0,0,0,0.6114076,0.2652256,-2.615382,-0.04069629,0.1997546,1.101704,0.8279153,0.07709944,0.5555286,0.1346573,0.934208,-0.3303372,-0.5444481,0.3482971,0.7630632,start,-39.28418,32.95665,-2.115511,10.27689
05/15/2023 14:22:36.610434,173,True,True,True,True,Eyes,1.208786,-0.2987641,-3.363477,-0.5658035,0.448751,0.6917289,0,0,0,0,0,0,0,0.884602,-0.9952423,3.337822,1.217942,-0.3021623,-3.367402,-0.1808761,-0.2927696,-0.015531,0.9387912,339.5919,324.513,4.697166,0.3363818,-0.08351442,-0.9380146,0,0,0,0.6114076,0.2652256,-2.615382,-0.0411084,0.1995091,1.101751,0.8280896,0.07674927,0.5553172,0.1350707,0.9340853,-0.3305157,-0.5440805,0.3487037,0.7631397,start,-39.28164,32.97301,-2.136823,10.2641
05/15/2023 14:22:36.626778,174,True,True,True,True,Eyes,1.20882,-0.2987572,-3.363449,-0.5654999,0.4490972,0.6917526,0,0,0,0,0,0,0,0.8840321,-0.9938986,3.338384,1.217913,-0.3022568,-3.367415,-0.1807042,-0.2926998,-0.01535825,0.9388489,339.6167,324.5218,4.708476,0.3364468,-0.08349308,-0.9379931,0,0,0,0.6114076,0.2652256,-2.615382,-0.04113814,0.200095,1.101684,0.8281819,0.07694601,0.5551522,0.1346223,0.9342203,-0.3303171,-0.5440511,0.3482985,0.7633457,start,-39.26561,32.9923,-2.138495,10.29421
05/15/2023 14:22:36.643495,175,True,True,True,True,Eyes,1.208853,-0.2987566,-3.363425,-0.5652028,0.4494003,0.6917985,0,0,0,0,0,0,0,0.8832779,-0.9916298,3.339248,1.21789,-0.3021765,-3.367421,-0.1803672,-0.2925845,-0.01540492,0.9389488,339.6517,324.5434,4.687198,0.3365065,-0.08347372,-0.9379734,0,0,0,0.6114076,0.2652256,-2.615382,-0.04150304,0.2007141,1.101508,0.828314,0.07661646,0.5550008,0.1344742,0.9344607,-0.3296966,-0.5438866,0.3477256,0.763724,start,-39.24899,33.00822,-2.157792,10.327
05/15/2023 14:22:36.660750,176,True,True,True,True,Eyes,1.208866,-0.298761,-3.363417,-0.5648313,0.449744,0.6918785,0,0,0,0,0,0,0,0.8819582,-0.9887195,3.340556,1.217888,-0.3023191,-3.367504,-0.1799715,-0.2924006,-0.015283,0.9390838,339.6989,324.5716,4.681296,0.3365611,-0.0834563,-0.9379554,0,0,0,0.6114076,0.2652256,-2.615382,-0.04186288,0.2017677,1.101431,0.8285366,0.07654352,0.5546785,0.1339516,0.9347534,-0.3290791,-0.5436764,0.3469541,0.7642243,start,-39.22729,33.02521,-2.176634,10.38074
05/15/2023 14:22:36.670608,177,True,True,True,True,Eyes,1.208883,-0.2987629,-3.363415,-0.5644875,0.4500602,0.6919535,0,0,0,0,0,0,0,0.8811183,-0.9873406,3.341293,1.217856,-0.3023874,-3.367615,-0.17979,-0.2922934,-0.01503114,0.9391561,339.7273,324.5838,4.700423,0.3366108,-0.08344075,-0.937939,0,0,0,0.6114076,0.2652256,-2.615382,-0.04186228,0.2023789,1.101413,0.8286774,0.07686965,0.5544231,0.133336,0.9348992,-0.3289147,-0.5436134,0.3464887,0.7644804,start,-39.20716,33.04077,-2.176638,10.41166
05/15/2023 14:22:36.690814,178,True,True,True,True,Eyes,1.208919,-0.2987576,-3.3634,-0.5640513,0.4504328,0.6920668,0,0,0,0,0,0,0,0.8819228,-0.9864783,3.341508,1.217939,-0.3023217,-3.367763,-0.1796583,-0.2924173,-0.0148636,0.9391455,339.7484,324.5676,4.717095,0.3366558,-0.0834268,-0.9379241,0,0,0,0.6114076,0.2652256,-2.615382,-0.04148993,0.202646,1.101491,0.8285424,0.07715219,0.5545855,0.1329885,0.935004,-0.3287578,-0.543904,0.3461432,0.7644301,start,-39.18087,33.05816,-2.157144,10.42438
05/15/2023 14:22:36.710751,179,True,True,True,True,Eyes,1.208954,-0.2987553,-3.363389,-0.5636334,0.4508069,0.6921636,0,0,0,0,0,0,0,0.8818923,-0.9873791,3.341321,1.217974,-0.3022268,-3.36783,-0.1797673,-0.2924084,-0.01492744,0.9391263,339.734,324.5678,4.713933,0.3366974,-0.08341411,-0.9379103,0,0,0,0.6114076,0.2652256,-2.615382,-0.04152775,0.2022539,1.101577,0.8285489,0.07709344,0.5545838,0.1331684,0.9349218,-0.3289185,-0.54385,0.3463782,0.764362,start,-39.15615,33.07624,-2.158939,10.40386
05/15/2023 14:22:36.727412,180,True,True,True,True,Eyes,1.208985,-0.2987534,-3.363383,-0.5631623,0.451197,0.6922929,0,0,0,0,0,0,0,0.882293,-0.989041,3.340774,1.217963,-0.3022993,-3.367878,-0.1800116,-0.29246,-0.01494077,0.9390633,339.7068,324.5571,4.723235,0.3367358,-0.08340262,-0.9378976,0,0,0,0.6114076,0.2652256,-2.615382,-0.04131612,0.2017742,1.101737,0.8284879,0.07723171,0.5546559,0.133353,0.9347452,-0.3293453,-0.5438979,0.3468237,0.7641259,start,-39.12746,33.09401,-2.147637,10.37825
05/15/2023 14:22:36.740850,181,True,True,True,True,Eyes,1.209018,-0.2987464,-3.363381,-0.5627109,0.4515894,0.6924041,0,0,0,0,0,0,0,0.8830281,-0.9893442,3.340597,1.218004,-0.3023055,-3.367968,-0.1800534,-0.2925642,-0.01489432,0.9390236,339.7044,324.5424,4.732532,0.3367712,-0.08339222,-0.9378858,0,0,0,0.6114076,0.2652256,-2.615382,-0.04102448,0.2016787,1.101853,0.8283688,0.07738213,0.5548128,0.1333266,0.9347178,-0.3294338,-0.5440857,0.3468639,0.763974,moving,-39.10047,33.11259,-2.132266,10.37237
05/15/2023 14:22:36.760582,182,True,True,True,True,Eyes,1.209036,-0.2987428,-3.363391,-0.5622296,0.4520124,0.6925191,0,0,0,0,0,0,0,0.8835022,-0.991276,3.339995,1.218097,-0.3021812,-3.368041,-0.1803049,-0.2926337,-0.01495457,0.9389527,339.6748,324.5301,4.737188,0.3368039,-0.08338264,-0.9378749,0,0,0,0.6156303,0.2621039,-2.615371,-0.03763378,0.1985848,1.098655,0.8282838,0.07744329,0.5549311,0.1336098,0.9345331,-0.329843,-0.5441456,0.3473479,0.7637114,moving,-39.07182,33.13278,-1.961866,10.24574
05/15/2023 14:22:36.770623,183,True,True,True,True,Eyes,1.209056,-0.2987385,-3.363404,-0.5617624,0.4524338,0.6926231,0,0,0,0,0,0,0,0.8829634,-0.994916,3.339091,1.218113,-0.3022254,-3.368066,-0.1808215,-0.292553,-0.01508906,0.9388763,339.6125,324.5331,4.740508,0.3368337,-0.08337388,-0.937865,0,0,0,0.619759,0.2590516,-2.61536,-0.0345785,0.195132,1.095606,0.8283702,0.0774662,0.554799,0.1341332,0.9341518,-0.3307093,-0.5438853,0.3483667,0.7634327,moving,-39.0443,33.15329,-1.807716,10.09872
05/15/2023 14:22:36.795805,184,True,True,True,True,Eyes,1.209049,-0.2987388,-3.363436,-0.5612375,0.4528597,0.6927702,0,0,0,0,0,0,0,0.8828613,-0.996371,3.338801,1.21819,-0.3022093,-3.368156,-0.181017,-0.2925352,-0.01517695,0.9388428,339.5877,324.5334,4.737835,0.3368609,-0.08336584,-0.937856,0,0,0,0.6237581,0.2560951,-2.61535,-0.03155571,0.1923755,1.092596,0.8283857,0.07741017,0.5547838,0.1344052,0.934005,-0.3310134,-0.5437946,0.3487726,0.763312,moving,-39.01215,33.1724,-1.654323,9.985829
05/15/2023 14:22:36.811477,185,True,True,True,True,Eyes,1.209046,-0.2987399,-3.363472,-0.5607318,0.453266,0.6929141,0,0,0,0,0,0,0,0.8817208,-0.9990365,3.338337,1.218175,-0.3022451,-3.368189,-0.181394,-0.2923672,-0.01529504,0.9388204,339.541,324.5497,4.735507,0.3368849,-0.08335853,-0.937848,0,0,0,0.6277002,0.2531808,-2.61534,-0.02882975,0.1893452,1.089614,0.828575,0.07734871,0.5545093,0.1347859,0.9337246,-0.3316492,-0.5434116,0.3495363,0.7632353,moving,-38.98107,33.19049,-1.515618,9.858009
05/15/2023 14:22:36.830583,186,True,True,True,True,Eyes,1.209037,-0.2987416,-3.363512,-0.5602461,0.4536847,0.6930329,0,0,0,0,0,0,0,0.8806602,-0.9994066,3.338677,1.218273,-0.3022634,-3.368321,-0.1814524,-0.2922484,-0.01502487,0.9388505,339.5435,324.5586,4.765952,0.3369061,-0.08335192,-0.937841,0,0,0,0.6318427,0.2501182,-2.61533,-0.02567795,0.1870762,1.086446,0.8287302,0.07784613,0.5542077,0.1342706,0.9336986,-0.3319314,-0.5433026,0.3494954,0.7633318,moving,-38.95199,33.21022,-1.353923,9.770009
05/15/2023 14:22:36.841115,187,True,True,True,True,Eyes,1.20903,-0.2987376,-3.363554,-0.5597605,0.4541122,0.6931453,0,0,0,0,0,0,0,0.8803227,-1.002361,3.337909,1.218364,-0.3022634,-3.368316,-0.1818752,-0.2922254,-0.01495423,0.9387769,339.4992,324.5523,4.790267,0.3369246,-0.08334593,-0.9378349,0,0,0,0.6357254,0.2472478,-2.615319,-0.02264377,0.1840672,1.083531,0.8287613,0.07821972,0.5541085,0.1343745,0.9333956,-0.3327404,-0.5432293,0.3502204,0.7630515,moving,-38.92316,33.2307,-1.1972,9.641203
05/15/2023 14:22:36.861110,188,True,True,True,True,Eyes,1.208992,-0.2987377,-3.363622,-0.5592692,0.4545178,0.693276,0,0,0,0,0,0,0,0.8794936,-1.004372,3.337598,1.2184,-0.3021296,-3.36839,-0.182124,-0.2920824,-0.01528447,0.9387679,339.4593,324.5718,4.759194,0.3369407,-0.08334035,-0.9378297,0,0,0,0.6399661,0.2441127,-2.615309,-0.01985034,0.1808233,1.080281,0.8289085,0.07769327,0.5539626,0.1350876,0.9331945,-0.3330156,-0.5428278,0.350873,0.7630374,moving,-38.8933,33.2492,-1.052701,9.502385
05/15/2023 14:22:36.880397,189,True,True,True,True,Eyes,1.208956,-0.2987416,-3.363688,-0.5587981,0.4549347,0.6933824,0,0,0,0,0,0,0,0.8792984,-1.007787,3.336721,1.218445,-0.302129,-3.368474,-0.182603,-0.2920545,-0.01535064,0.9386824,339.4038,324.5676,4.770019,0.3369537,-0.08333521,-0.9378255,0,0,0,0.644107,0.2410513,-2.615298,-0.01662505,0.1774455,1.077228,0.8289371,0.0778413,0.553899,0.1354788,0.9328411,-0.333846,-0.5426868,0.3517788,0.7627206,moving,-38.86541,33.26926,-0.8841855,9.354001
05/15/2023 14:22:36.890702,190,True,True,True,True,Eyes,1.208898,-0.2987489,-3.363767,-0.558392,0.455321,0.6934559,0,0,0,0,0,0,0,0.8796511,-1.010678,3.335801,1.218466,-0.3022285,-3.368505,-0.1830286,-0.292111,-0.01532118,0.9385824,339.3581,324.5519,4.791584,0.3369639,-0.08333058,-0.9378223,0,0,0,0.6481081,0.2380935,-2.615288,-0.01327407,0.1744313,1.074239,0.8288729,0.07816891,0.5539489,0.1356897,0.9325316,-0.3346238,-0.5427321,0.3525258,0.7623435,moving,-38.84209,33.28878,-0.7079521,9.223
05/15/2023 14:22:36.910848,191,True,True,True,True,Eyes,1.208845,-0.2987545,-3.363842,-0.5580052,0.4556951,0.6935217,0,0,0,0,0,0,0,0.879953,-1.012057,3.335258,1.21846,-0.3022455,-3.36846,-0.1832279,-0.2921529,-0.01537317,0.9385297,339.3344,324.5439,4.794534,0.336971,-0.08332649,-0.9378201,0,0,0,0.6520768,0.2351594,-2.615278,-0.01012281,0.1718093,1.0711,0.8288207,0.07820479,0.5540219,0.1359175,0.9323824,-0.334947,-0.5427547,0.3529123,0.7621484,moving,-38.82004,33.30788,-0.5414776,9.112873
05/15/2023 14:22:36.930763,192,True,True,True,True,Eyes,1.208796,-0.298761,-3.363918,-0.5576456,0.4560288,0.6935916,0,0,0,0,0,0,0,0.8802507,-1.012481,3.33507,1.218547,-0.302209,-3.368451,-0.1832829,-0.2922063,-0.01536754,0.9385024,339.3288,324.536,4.798593,0.3369753,-0.08332284,-0.9378189,0,0,0,0.6562536,0.2320715,-2.615267,-0.006844491,0.169336,1.067798,0.8287586,0.07826792,0.5541059,0.1359578,0.9323424,-0.335042,-0.5428394,0.3530039,0.7620457,moving,-38.79918,33.32448,-0.3672557,9.011168
05/15/2023 14:22:36.943276,193,True,True,True,True,Eyes,1.208753,-0.298767,-3.363992,-0.5572957,0.4563617,0.6936538,0,0,0,0,0,0,0,0.8800926,-1.013694,3.334816,1.218622,-0.3022288,-3.368495,-0.183453,-0.2921877,-0.01541128,0.9384742,339.3084,324.536,4.799936,0.3369774,-0.0833196,-0.9378185,0,0,0,0.6600581,0.2292589,-2.615258,-0.003970265,0.1668427,1.064888,0.8287777,0.07827923,0.5540757,0.1361316,0.932215,-0.3353259,-0.5427667,0.3533378,0.7619427,moving,-38.77911,33.34132,-0.2136172,8.904498
05/15/2023 14:22:36.960797,194,True,True,True,True,Eyes,1.208716,-0.2987714,-3.364053,-0.5569985,0.456648,0.6937041,0,0,0,0,0,0,0,0.8804847,-1.014469,3.334578,1.218749,-0.3022292,-3.368549,-0.1835471,-0.2922277,-0.01567353,0.938439,339.2889,324.5341,4.774649,0.3369775,-0.08331673,-0.9378187,0,0,0,0.6642149,0.2261858,-2.615247,-0.0009069443,0.1641422,1.061721,0.8287146,0.07785778,0.5542295,0.1366924,0.9321296,-0.335335,-0.5427222,0.353656,0.7618269,moving,-38.76216,33.3559,-0.04894325,8.788362
05/15/2023 14:22:36.970582,195,True,True,True,True,Eyes,1.208683,-0.2987739,-3.364113,-0.5567005,0.4569445,0.6937481,0,0,0,0,0,0,0,0.8795381,-1.014352,3.334699,1.218732,-0.3022088,-3.368394,-0.183529,-0.2920955,-0.01579022,0.9384819,339.2861,324.5533,4.75756,0.3369761,-0.08331417,-0.9378194,0,0,0,0.6683856,0.2231025,-2.615236,0.001877517,0.1618461,1.058245,0.8288617,0.07757836,0.5540486,0.1368537,0.9321355,-0.3352528,-0.5424567,0.3537018,0.7619946,moving,-38.74542,33.37132,0.1016529,8.69534
05/15/2023 14:22:36.995725,196,True,True,True,True,Eyes,1.208653,-0.298778,-3.36417,-0.5564027,0.4571909,0.6938245,0,0,0,0,0,0,0,0.879169,-1.016023,3.334319,1.218784,-0.302174,-3.368409,-0.1837487,-0.2920267,-0.01605413,0.9384558,339.2521,324.5628,4.734561,0.3369736,-0.08331182,-0.9378206,0,0,0,0.6722951,0.2202123,-2.615226,0.004592717,0.1590306,1.05523,0.8289254,0.07718685,0.5540081,0.1374512,0.9319574,-0.3355035,-0.5422084,0.3542565,0.7619137,moving,-38.72738,33.38261,0.249369,8.570384
05/15/2023 14:22:37.010570,197,True,True,True,True,Eyes,1.208625,-0.298784,-3.364219,-0.5560912,0.4574342,0.6939138,0,0,0,0,0,0,0,0.8778844,-1.016927,3.334384,1.218872,-0.3022136,-3.368376,-0.1838715,-0.291842,-0.01626979,0.9384854,339.23,324.5879,4.710546,0.33697,-0.08330972,-0.937822,0,0,0,0.6763447,0.2172184,-2.615216,0.007132173,0.1564616,1.052077,0.8291271,0.07678495,0.553762,0.1378608,0.9318532,-0.3356251,-0.5417958,0.3546179,0.7620391,moving,-38.70812,33.39323,0.3884101,8.458856
05/15/2023 14:22:37.030762,198,True,True,True,True,Eyes,1.208621,-0.2987952,-3.364246,-0.5558405,0.4576611,0.6939651,0,0,0,0,0,0,0,0.8754412,-1.016964,3.334997,1.218829,-0.3020722,-3.368386,-0.1838493,-0.2914876,-0.01640003,0.9385976,339.226,324.6354,4.686603,0.3369657,-0.08330791,-0.9378237,0,0,0,0.6804447,0.2141873,-2.615205,0.009498686,0.1540661,1.048731,0.829532,0.07639352,0.5532093,0.1379656,0.931861,-0.3355603,-0.5411488,0.3546819,0.7624689,moving,-38.69344,33.40434,0.5189317,8.35738
05/15/2023 14:22:37.040732,199,True,True,True,True,Eyes,1.208617,-0.2987963,-3.364277,-0.5555761,0.457884,0.6940298,0,0,0,0,0,0,0,0.8722674,-1.017764,3.335509,1.218877,-0.3022769,-3.368276,-0.1839895,-0.2910589,-0.01644501,0.9387025,339.2068,324.6877,4.677118,0.3369615,-0.08330654,-0.9378254,0,0,0,0.6846026,0.2111135,-2.615195,0.01173982,0.151714,1.045464,0.8300287,0.07622958,0.5524867,0.1379775,0.9317549,-0.3358498,-0.5403839,0.3549957,0.7628652,moving,-38.67754,33.41471,0.643364,8.256921
05/15/2023 14:22:37.060764,200,True,True,True,True,Eyes,1.208623,-0.2987989,-3.364297,-0.5552341,0.458024,0.6942111,0,0,0,0,0,0,0,0.869752,-1.01854,3.335948,1.2189,-0.3022322,-3.36829,-0.1840886,-0.2907119,-0.01647796,0.9387898,339.193,324.7303,4.669261,0.3369573,-0.08330527,-0.937827,0,0,0,0.688624,0.2081405,-2.615185,0.01411995,0.1492517,1.042288,0.8304302,0.07609481,0.5519016,0.1379722,0.9316797,-0.3360604,-0.539768,0.3552218,0.7631959,moving,-38.65302,33.41588,0.7761424,8.149137
05/15/2023 14:22:37.070624,201,True,True,True,True,Eyes,1.208633,-0.2988013,-3.364311,-0.5548781,0.4581676,0.6944011,0,0,0,0,0,0,0,0.8674874,-1.018672,3.33644,1.21895,-0.3022934,-3.36821,-0.1841234,-0.2904266,-0.01632235,0.9388742,339.1932,324.7626,4.681836,0.3369535,-0.08330415,-0.9378284,0,0,0,0.6927319,0.2051035,-2.615174,0.01673943,0.1471039,1.03899,0.8307719,0.07629939,0.5513588,0.1375979,0.9316643,-0.3362565,-0.5393375,0.3552183,0.7635019,moving,-38.62745,33.41693,0.923027,8.05858
05/15/2023 14:22:37.090388,202,True,True,True,True,Eyes,1.208647,-0.2988073,-3.364321,-0.5545116,0.4583026,0.6946047,0,0,0,0,0,0,0,0.8643284,-1.019445,3.336943,1.219044,-0.3022906,-3.368096,-0.1842331,-0.2900107,-0.01633495,0.9389809,339.1785,324.8133,4.675117,0.3369502,-0.08330317,-0.9378297,0,0,0,0.696561,0.2022727,-2.615164,0.01872283,0.1448148,1.035933,0.8312539,0.07618272,0.5506478,0.1375355,0.9315826,-0.3365081,-0.53861,0.3554574,0.763904,moving,-38.6008,33.41697,1.035417,7.957903
05/15/2023 14:22:37.110663,203,True,True,True,True,Eyes,1.208456,-0.2988482,-3.364472,-0.5523765,0.4574171,0.6968858,0,0,0,0,0,0,0,0.8607857,-1.019312,3.337875,1.219144,-0.3023835,-3.368028,-0.1842332,-0.2895562,-0.01614794,0.9391244,339.1828,324.867,4.685999,0.3369475,-0.08330242,-0.9378307,0,0,0,0.7006617,0.1992412,-2.615154,0.02097172,0.1427869,1.032687,0.8317929,0.07636185,0.5498086,0.1370216,0.9315947,-0.3366843,-0.5379086,0.3553872,0.7644307,moving,-38.4016,33.27982,1.163398,7.87222
05/15/2023 14:22:37.128038,204,True,True,True,True,Eyes,1.208206,-0.2988989,-3.364662,-0.5501169,0.4564095,0.6993296,0,0,0,0,0,0,0,0.8568503,-1.019017,3.338906,1.219281,-0.3023012,-3.367915,-0.1841709,-0.2890218,-0.01631004,0.9392985,339.1814,324.9386,4.652646,0.336939,-0.08330271,-0.9378338,0,0,0,0.7047929,0.196187,-2.615143,0.02277806,0.1405218,1.029363,0.8324008,0.0758188,0.548963,0.1370988,0.9316301,-0.3365549,-0.5369477,0.3554108,0.765095,moving,-38.18982,33.13002,1.267652,7.773586
05/15/2023 14:22:37.145677,205,True,True,True,True,Eyes,1.207975,-0.298945,-3.364837,-0.5478991,0.4554344,0.7017022,0,0,0,0,0,0,0,0.8532095,-1.019003,3.339766,1.21946,-0.3023087,-3.367774,-0.1841604,-0.2885326,-0.01649319,0.9394477,339.1737,325.0039,4.619964,0.3369235,-0.08330414,-0.9378393,0,0,0,0.7087191,0.1932844,-2.615133,0.02448183,0.1383384,1.026255,0.8329538,0.07528355,0.5481974,0.1372615,0.9316259,-0.3365004,-0.5360478,0.3555357,0.7656678,moving,-37.98323,32.98528,1.36656,7.677148
05/15/2023 14:22:37.160698,206,True,True,True,True,Eyes,1.20773,-0.29899,-3.365016,-0.5455152,0.454378,0.7042398,0,0,0,0,0,0,0,0.8492132,-1.017882,3.34104,1.219661,-0.3022588,-3.367619,-0.1839742,-0.2879778,-0.01686417,0.9396478,339.1787,325.0844,4.557372,0.3369021,-0.08330651,-0.9378467,0,0,0,0.7128443,0.1902347,-2.615123,0.02602667,0.1362492,1.022948,0.8335688,0.07426821,0.5474005,0.1376537,0.9317382,-0.3360289,-0.5349903,0.3554549,0.7664446,moving,-37.76193,32.83025,1.457451,7.586727
05/15/2023 14:22:37.170630,207,True,True,True,True,Eyes,1.207498,-0.2990355,-3.36518,-0.5431647,0.4533647,0.7067053,0,0,0,0,0,0,0,0.8431619,-1.01739,3.342578,1.219745,-0.3021926,-3.367452,-0.1838742,-0.2871255,-0.01726528,0.9399208,339.1717,325.2012,4.487835,0.3368753,-0.0833097,-0.937856,0,0,0,0.7169828,0.1871751,-2.615112,0.02707627,0.1339905,1.019597,0.8345217,0.07313395,0.5460998,0.1380459,0.9317843,-0.3357398,-0.5334012,0.355569,0.7674984,moving,-37.54543,32.68093,1.521181,7.486631
05/15/2023 14:22:37.195824,208,True,True,True,True,Eyes,1.207251,-0.2990849,-3.365347,-0.5406419,0.45226,0.7093428,0,0,0,0,0,0,0,0.8374697,-1.017278,3.343941,1.219836,-0.3022628,-3.367312,-0.1838562,-0.2863425,-0.01745276,0.9401597,339.1635,325.3037,4.447556,0.336844,-0.08331364,-0.9378669,0,0,0,0.7210109,0.1841972,-2.615102,0.02836305,0.1318569,1.016415,0.8354067,0.07247493,0.5448329,0.1381084,0.9317846,-0.3357134,-0.5319978,0.3557033,0.7684098,moving,-37.31367,32.52061,1.598424,7.391558
05/15/2023 14:22:37.211685,209,True,True,True,True,Eyes,1.207022,-0.2991355,-3.365499,-0.5381558,0.4511809,0.7119158,0,0,0,0,0,0,0,0.8309097,-1.016996,3.34549,1.219907,-0.3023111,-3.36711,-0.1838202,-0.2854551,-0.01751072,0.9404355,339.1613,325.4173,4.418997,0.3368081,-0.08331839,-0.9378794,0,0,0,0.7249597,0.1812779,-2.615092,0.02944353,0.1298816,1.013226,0.8364174,0.07200944,0.5433419,0.1378802,0.931807,-0.335745,-0.5304666,0.3557391,0.769451,moving,-37.08659,32.36473,1.6645,7.304691
05/15/2023 14:22:37.230726,210,True,True,True,True,Eyes,1.206782,-0.2991865,-3.365659,-0.5354604,0.4500029,0.7146884,0,0,0,0,0,0,0,0.8238442,-1.015444,3.347605,1.220096,-0.3023897,-3.366931,-0.1836137,-0.2845273,-0.01737219,0.9407595,339.1846,325.5352,4.405441,0.3367688,-0.08332391,-0.937893,0,0,0,0.729135,0.1781911,-2.615081,0.03062806,0.1282289,1.0099,0.8374849,0.07180009,0.5417231,0.1371723,0.9319685,-0.3355869,-0.5289639,0.3553583,0.7706605,moving,-36.84137,32.19654,1.737123,7.236228
05/15/2023 14:22:37.240658,211,True,True,True,True,Eyes,1.206557,-0.2992337,-3.365803,-0.5327973,0.4488558,0.717395,0,0,0,0,0,0,0,0.8166429,-1.013675,3.349876,1.220345,-0.3023491,-3.366817,-0.1833439,-0.2835613,-0.01745973,0.9411022,339.207,325.6633,4.362717,0.3367261,-0.08333013,-0.9379078,0,0,0,0.7331306,0.1752373,-2.615071,0.031432,0.1265391,1.006772,0.8385763,0.07111569,0.5401226,0.1368413,0.9321604,-0.3351889,-0.5273181,0.3549925,0.771956,moving,-36.60065,32.03317,1.788227,7.163828
05/15/2023 14:22:37.260612,212,True,True,True,True,Eyes,1.206347,-0.2992798,-3.365938,-0.5300602,0.4476539,0.7201682,0,0,0,0,0,0,0,0.8094265,-1.011963,3.351995,1.220505,-0.3023186,-3.366613,-0.1830821,-0.282577,-0.01767769,0.9414449,339.2241,325.796,4.304991,0.3366808,-0.0833369,-0.9379234,0,0,0,0.7372562,0.1721873,-2.61506,0.03226772,0.1247435,1.003451,0.8396755,0.07018442,0.5385342,0.1367547,0.9323369,-0.3347328,-0.5255884,0.354714,0.7732624,moving,-36.35391,31.86493,1.841811,7.086338
05/15/2023 14:22:37.280431,213,True,True,True,True,Eyes,1.206152,-0.2993281,-3.366057,-0.5273665,0.44649,0.7228631,0,0,0,0,0,0,0,0.8030384,-1.010553,3.353952,1.220707,-0.3023314,-3.366534,-0.1828638,-0.2817041,-0.01788038,0.9417452,339.2374,325.9135,4.253302,0.3366336,-0.08334413,-0.9379397,0,0,0,0.741273,0.1692176,-2.61505,0.03330982,0.1229128,1.000363,0.8406462,0.06934947,0.5371263,0.1367045,0.9324822,-0.3343484,-0.5240476,0.3544962,0.7744073,moving,-36.11271,31.70233,1.907114,7.004715
05/15/2023 14:22:37.290631,214,True,True,True,True,Eyes,1.205987,-0.2993702,-3.366157,-0.5246997,0.4452618,0.7255564,0,0,0,0,0,0,0,0.7964258,-1.009724,3.355621,1.220884,-0.302438,-3.366304,-0.1827608,-0.2808298,-0.017875,0.9420264,339.2451,326.0251,4.22989,0.3365852,-0.08335187,-0.9379564,0,0,0,0.7453408,0.1662104,-2.61504,0.03449264,0.1210714,0.9971573,0.8416302,0.06897191,0.5356318,0.1363268,0.932558,-0.3342912,-0.5225644,0.3543705,0.7754662,moving,-35.87328,31.53674,1.981127,6.922768
05/15/2023 14:22:37.310920,215,True,True,True,True,Eyes,1.205837,-0.2994114,-3.366242,-0.5220704,0.4440654,0.7281815,0,0,0,0,0,0,0,0.7892859,-1.007364,3.357979,1.221056,-0.302418,-3.366206,-0.1824047,-0.2798536,-0.01804851,0.9423826,339.2744,326.1573,4.174037,0.3365367,-0.08335992,-0.9379731,0,0,0,0.7492984,0.1632846,-2.615029,0.03530785,0.1195402,0.9940642,0.8427125,0.06807598,0.5340425,0.1361104,0.9328056,-0.333688,-0.520874,0.3538918,0.776821,moving,-35.63866,31.37601,2.034216,6.857123
05/15/2023 14:22:37.330679,216,True,True,True,True,Eyes,1.20571,-0.2994485,-3.366312,-0.5194176,0.4428101,0.7308382,0,0,0,0,0,0,0,0.7826395,-1.005531,3.359967,1.221286,-0.3024069,-3.366007,-0.1821305,-0.2789627,-0.01820136,0.9426968,339.2958,326.277,4.125697,0.3364885,-0.08336823,-0.9379897,0,0,0,0.7538455,0.159923,-2.615018,0.03670117,0.1175569,0.990489,0.843697,0.06729849,0.5325845,0.135932,0.9329944,-0.3332326,-0.5193244,0.3535426,0.7780166,moving,-35.40198,31.2114,2.122044,6.768528
05/15/2023 14:22:37.343925,217,True,True,True,True,Eyes,1.205593,-0.2994853,-3.366373,-0.5168015,0.4415912,0.7334258,0,0,0,0,0,0,0,0.7766018,-1.004616,3.361593,1.221491,-0.3023759,-3.365888,-0.1819709,-0.2781311,-0.01853059,0.9429668,339.2989,326.3905,4.06283,0.3364413,-0.08337668,-0.9380058,0,0,0,0.757324,0.1573514,-2.615009,0.03736162,0.1158088,0.9878318,0.8445994,0.06627607,0.5312809,0.136171,0.9330865,-0.3328772,-0.5177927,0.3534929,0.7790594,moving,-35.17007,31.05189,2.166,6.686569
05/15/2023 14:22:37.360768,218,True,True,True,True,Eyes,1.205488,-0.2995224,-3.366422,-0.5141285,0.4403024,0.7360745,0,0,0,0,0,0,0,0.7702892,-1.003136,3.363418,1.221641,-0.302422,-3.36576,-0.1817455,-0.2772612,-0.01879683,0.9432611,339.3113,326.5087,4.003877,0.3363955,-0.08338527,-0.9380215,0,0,0,0.7615306,0.1542414,-2.614998,0.03860751,0.1138996,0.9845928,0.8455459,0.06532129,0.5298918,0.1362426,0.9332305,-0.3324436,-0.5162269,0.3532901,0.7801897,moving,-34.93328,30.88687,2.245512,6.598756
05/15/2023 14:22:37.370669,219,True,True,True,True,Eyes,1.205396,-0.2995583,-3.366459,-0.5114976,0.4390449,0.738654,0,0,0,0,0,0,0,0.7641735,-1.002603,3.364827,1.221792,-0.3024592,-3.365557,-0.1816783,-0.2764568,-0.01873982,0.9435113,339.3173,326.6097,3.989516,0.3363511,-0.083394,-0.9380366,0,0,0,0.7655687,0.1512562,-2.614988,0.040034,0.1119418,0.9814366,0.846441,0.06508994,0.5284894,0.1358149,0.9332836,-0.3324696,-0.5148709,0.3531926,0.7811292,moving,-34.70154,30.72661,2.33587,6.506984
05/15/2023 14:22:37.397322,220,True,True,True,True,Eyes,1.205316,-0.2995896,-3.366485,-0.5087729,0.437708,0.7413244,0,0,0,0,0,0,0,0.7574936,-1.000883,3.366733,1.222028,-0.3024705,-3.365355,-0.181434,-0.27558,-0.01871872,0.9438152,339.3415,326.7234,3.962806,0.3363086,-0.08340283,-0.938051,0,0,0,0.7698325,0.148104,-2.614977,0.04137954,0.1101494,0.9781204,0.8474105,0.06466517,0.5269856,0.1353332,0.9334626,-0.3321633,-0.5134009,0.3527973,0.7822747,moving,-34.46191,30.55933,2.422462,6.425201
05/15/2023 14:22:37.412991,221,True,True,True,True,Eyes,1.205248,-0.2996243,-3.366501,-0.5060676,0.4363959,0.743945,0,0,0,0,0,0,0,0.7498674,-0.9993862,3.368729,1.222233,-0.3023935,-3.365132,-0.1811898,-0.2745418,-0.01900965,0.9441589,339.3547,326.8633,3.896605,0.3362681,-0.08341166,-0.9380648,0,0,0,0.7736655,0.1452703,-2.614967,0.04191425,0.1083837,0.9751197,0.848531,0.06359209,0.5253107,0.1353846,0.9336178,-0.3317061,-0.5115333,0.3525818,0.7835941,moving,-34.22544,30.39576,2.46127,6.342341
05/15/2023 14:22:37.428136,222,True,True,True,True,Eyes,1.205179,-0.2996605,-3.366512,-0.5032998,0.4350027,0.7466338,0,0,0,0,0,0,0,0.7409472,-0.9964144,3.371501,1.222467,-0.3025225,-3.364954,-0.1807664,-0.273335,-0.019176,0.9445866,339.3914,327.0249,3.834352,0.3362297,-0.08342058,-0.9380777,0,0,0,0.7779185,0.1421261,-2.614956,0.04251742,0.1069666,0.9718967,0.8498406,0.06259276,0.5233098,0.1350463,0.9339116,-0.3310161,-0.5094444,0.351982,0.7852229,moving,-33.98359,30.22587,2.504913,6.280672
05/15/2023 14:22:37.440808,223,True,True,True,True,Eyes,1.205124,-0.2996911,-3.366515,-0.5005461,0.4336498,0.7492673,0,0,0,0,0,0,0,0.7315742,-0.9926993,3.374493,1.222673,-0.3025445,-3.364728,-0.1802319,-0.2720766,-0.01923946,0.9450506,339.4438,327.1927,3.778848,0.3361934,-0.08342965,-0.93809,0,0,0,0.7817823,0.1392696,-2.614946,0.04275092,0.1059428,0.9688677,0.8512084,0.06170923,0.5211874,0.1344383,0.9342927,-0.3301873,-0.5073172,0.3511257,0.7869816,moving,-33.7448,30.06076,2.526516,6.240333
05/15/2023 14:22:37.460687,224,True,True,True,True,Eyes,1.20511,-0.2997217,-3.366487,-0.4978591,0.432303,0.7518314,0,0,0,0,0,0,0,0.7219701,-0.9913263,3.376917,1.222961,-0.3024494,-3.364585,-0.1800068,-0.2707885,-0.01935762,0.945461,339.4599,327.36,3.727837,0.3361593,-0.08343869,-0.9381014,0,0,0,0.7858588,0.1362559,-2.614936,0.04311189,0.1040293,0.9658222,0.8525978,0.0608838,0.5190089,0.1340913,0.9344457,-0.3298952,-0.5050709,0.3508625,0.7885423,moving,-33.51233,29.8989,2.555844,6.14766
05/15/2023 14:22:37.470990,225,True,True,True,True,Eyes,1.205112,-0.2997556,-3.366446,-0.4951549,0.4309874,0.7543682,0,0,0,0,0,0,0,0.710114,-0.9899016,3.379669,1.223306,-0.3025463,-3.364271,-0.1798047,-0.2692084,-0.01947938,0.9459481,339.4723,327.5633,3.670705,0.3361285,-0.08344774,-0.9381117,0,0,0,0.7899082,0.1332622,-2.614926,0.04278201,0.1023224,0.9627987,0.8542948,0.05995686,0.5163193,0.1336628,0.9345817,-0.3296837,-0.5023093,0.3506598,0.7903943,moving,-33.28024,29.74029,2.544267,6.066397
05/15/2023 14:22:37.491309,226,True,True,True,True,Eyes,1.205137,-0.2997773,-3.366385,-0.4924055,0.429617,0.7569453,0,0,0,0,0,0,0,0.6974008,-0.9873209,3.382927,1.223697,-0.3026772,-3.363973,-0.179434,-0.2675069,-0.01967604,0.946497,339.5008,327.7859,3.596239,0.3361012,-0.08345691,-0.9381206,0,0,0,0.793881,0.1303252,-2.614916,0.04207557,0.1009679,0.959873,0.8561057,0.05875308,0.51345,0.1332463,0.9348326,-0.3291406,-0.4993278,0.3501945,0.792487,moving,-33.04467,29.57781,2.509926,6.004794
05/15/2023 14:22:37.510692,227,True,True,True,True,Eyes,1.205174,-0.2997892,-3.366319,-0.4896394,0.4283081,0.7594771,0,0,0,0,0,0,0,0.6831102,-0.9834323,3.386822,1.223859,-0.3024537,-3.363783,-0.1788096,-0.2655348,-0.02009855,0.9471613,339.5496,328.0505,3.48078,0.3360777,-0.08346588,-0.9381282,0,0,0,0.7979856,0.1272907,-2.614905,0.04104769,0.09959272,0.9566934,0.8581746,0.05688722,0.5101962,0.1330335,0.9352463,-0.3280494,-0.4958209,0.3493968,0.7950367,moving,-32.81012,29.42088,2.456814,5.94314
05/15/2023 14:22:37.530934,228,True,True,True,True,Eyes,1.205246,-0.2997989,-3.366231,-0.4868474,0.4269919,0.7620089,0,0,0,0,0,0,0,0.6712439,-0.9839603,3.389034,1.224172,-0.3022545,-3.36368,-0.1788152,-0.2639131,-0.02050031,0.9476048,339.5302,328.2607,3.398124,0.3360581,-0.0834744,-0.9381345,0,0,0,0.8022532,0.1241357,-2.614894,0.04089755,0.09689417,0.9536473,0.8598592,0.05553097,0.5075022,0.1332357,0.9352097,-0.3280717,-0.4928391,0.3497129,0.79675,moving,-32.5745,29.2641,2.455648,5.801559
05/15/2023 14:22:37.540669,229,True,True,True,True,Eyes,1.205321,-0.2998063,-3.366132,-0.4840439,0.4257252,0.7644996,0,0,0,0,0,0,0,0.6608759,-0.9849036,3.390691,1.224493,-0.3022876,-3.363453,-0.1789012,-0.262486,-0.02110684,0.9479716,339.4963,328.4492,3.298984,0.3360429,-0.08348247,-0.9381392,0,0,0,0.8066447,0.1208891,-2.614883,0.04109734,0.09413657,0.9505168,0.8613112,0.05390076,0.5052106,0.1339355,0.9350978,-0.328106,-0.4901065,0.350267,0.798191,moving,-32.34,29.11202,2.475747,5.655972
05/15/2023 14:22:37.560793,230,True,True,True,True,Eyes,1.20544,-0.2998142,-3.366002,-0.4812914,0.424422,0.7669579,0,0,0,0,0,0,0,0.6498704,-0.9840787,3.392802,1.224637,-0.3022662,-3.363145,-0.1787301,-0.260953,-0.02173897,0.9484126,339.4903,328.6554,3.185427,0.336032,-0.0834901,-0.9381424,0,0,0,0.810234,0.1182356,-2.614874,0.04050809,0.09230632,0.947787,0.8628619,0.05204527,0.5027531,0.1345153,0.9351659,-0.327674,-0.4872115,0.3503654,0.7999182,moving,-32.10963,28.95942,2.447313,5.562574
05/15/2023 14:22:37.580821,231,True,True,True,True,Eyes,1.205561,-0.2998279,-3.365866,-0.4785492,0.4231339,0.7693818,0,0,0,0,0,0,0,0.6388958,-0.9826461,3.395191,1.224856,-0.3023831,-3.362945,-0.1785101,-0.2594566,-0.02203905,0.9488575,339.5006,328.8513,3.109379,0.3360263,-0.08349737,-0.9381438,0,0,0,0.8144294,0.115134,-2.614863,0.04066557,0.0904527,0.9447544,0.8643932,0.05080741,0.5002431,0.1344551,0.9352968,-0.327325,-0.4845063,0.3501978,0.8016329,moving,-31.88128,28.8093,2.464691,5.468944
05/15/2023 14:22:37.595732,232,True,True,True,True,Eyes,1.205748,-0.2998377,-3.365689,-0.4762059,0.4218737,0.7715248,0,0,0,0,0,0,0,0.6287351,-0.9789259,3.397991,1.225006,-0.3025443,-3.362704,-0.1779897,-0.2580849,-0.02213808,0.9493271,339.5513,329.0321,3.049128,0.3360253,-0.0835045,-0.9381436,0,0,0,0.8182015,0.1123453,-2.614853,0.04081529,0.08953857,0.9419236,0.8658043,0.04984033,0.4978946,0.1339054,0.9356592,-0.3265139,-0.4821332,0.3493679,0.8034238,moving,-31.684,28.67006,2.48118,5.430179
05/15/2023 14:22:37.610830,233,True,True,True,True,Eyes,1.205939,-0.2998467,-3.365505,-0.4738577,0.4206069,0.7736593,0,0,0,0,0,0,0,0.6187587,-0.9731076,3.401397,1.225214,-0.3025923,-3.362527,-0.1771651,-0.2567574,-0.02206803,0.9498428,339.6417,329.2085,2.99925,0.3360306,-0.08351143,-0.938141,0,0,0,0.8225514,0.1091295,-2.614842,0.04155239,0.0887953,0.9386548,0.8671774,0.04905455,0.4955776,0.1328992,0.936251,-0.3252257,-0.4799389,0.3478902,0.8053764,moving,-31.487,28.53111,2.534716,5.404011
05/15/2023 14:22:37.630673,234,True,True,True,True,Eyes,1.206161,-0.2998534,-3.365299,-0.4715918,0.4192719,0.7757657,0,0,0,0,0,0,0,0.6079991,-0.9675509,3.404749,1.225495,-0.3025821,-3.362252,-0.1763657,-0.2553307,-0.0220835,0.9503756,339.7263,329.3982,2.938486,0.3360417,-0.08351816,-0.9381365,0,0,0,0.8266733,0.1060822,-2.614832,0.04178059,0.08805612,0.9355229,0.8686371,0.04808789,0.4931096,0.1320384,0.936815,-0.3239501,-0.4775305,0.3465045,0.8074027,moving,-31.29562,28.38953,2.557139,5.377124
05/15/2023 14:22:37.641959,235,True,True,True,True,Eyes,1.206385,-0.2998561,-3.365097,-0.4693219,0.4179258,0.7778656,0,0,0,0,0,0,0,0.5964156,-0.9615002,3.408329,1.225734,-0.3025845,-3.361982,-0.1754841,-0.2537722,-0.02224903,0.9509521,339.8154,329.6081,2.855055,0.3360589,-0.08352468,-0.9381297,0,0,0,0.8305141,0.1032427,-2.614822,0.04150018,0.0875757,0.9326043,0.8702093,0.04675047,0.4904591,0.1313815,0.9374205,-0.3224617,-0.4748417,0.3450464,0.80961,moving,-31.1045,28.24791,2.547938,5.364597
05/15/2023 14:22:37.661079,236,True,True,True,True,Eyes,1.20664,-0.2998602,-3.36488,-0.4670807,0.416527,0.7799621,0,0,0,0,0,0,0,0.5865086,-0.955247,3.411845,1.225975,-0.3024949,-3.361942,-0.1745514,-0.2524289,-0.02242269,0.9514772,339.9107,329.7917,2.77414,0.3360818,-0.08353089,-0.938121,0,0,0,0.8345899,0.1002296,-2.614812,0.04193342,0.08687687,0.9296597,0.8715537,0.04545431,0.4881885,0.130793,0.9380581,-0.3208431,-0.4725329,0.3434837,0.8116229,moving,-30.91531,28.10378,2.582644,5.338797
05/15/2023 14:22:37.680672,237,True,True,True,True,Eyes,1.206897,-0.2998663,-3.364654,-0.4648225,0.4151433,0.7820461,0,0,0,0,0,0,0,0.5763086,-0.9521663,3.414432,1.226286,-0.30258,-3.36181,-0.1741186,-0.2510806,-0.02237202,0.9519142,339.9569,329.9644,2.736003,0.3361106,-0.08353687,-0.9381101,0,0,0,0.8386781,0.09720721,-2.614801,0.04247913,0.08551097,0.926809,0.872916,0.04484311,0.4858052,0.1300281,0.9383644,-0.3202575,-0.4702237,0.3427263,0.8132824,moving,-30.72585,27.96126,2.624243,5.271406
05/15/2023 14:22:37.690731,238,True,True,True,True,Eyes,1.207184,-0.2998665,-3.364407,-0.4625425,0.4136893,0.7841656,0,0,0,0,0,0,0,0.5646657,-0.9481397,3.417223,1.226561,-0.3026286,-3.361427,-0.1735597,-0.2495496,-0.02229476,0.9524206,340.0176,330.1608,2.692982,0.3361448,-0.08354271,-0.9380973,0,0,0,0.8426749,0.09425239,-2.614791,0.04252648,0.0844869,0.9237976,0.8744559,0.04415556,0.4830913,0.1290915,0.93876,-0.3194764,-0.4676135,0.341731,0.815204,moving,-30.53436,27.81405,2.635717,5.22551
05/15/2023 14:22:37.710482,239,True,True,True,True,Eyes,1.207468,-0.2998643,-3.364164,-0.4602488,0.4122649,0.7862625,0,0,0,0,0,0,0,0.5521722,-0.9438583,3.420292,1.226759,-0.3025494,-3.361203,-0.1729097,-0.2478537,-0.02254662,0.9529756,340.0784,330.3849,2.605577,0.3361849,-0.08354829,-0.9380825,0,0,0,0.8467836,0.09121489,-2.61478,0.0423525,0.08327457,0.9207877,0.8761203,0.04273988,0.4801942,0.1286854,0.9391878,-0.3183809,-0.4646001,0.340734,0.8173416,moving,-30.34311,27.66959,2.633517,5.167681
05/15/2023 14:22:37.730532,240,True,True,True,True,Eyes,1.207763,-0.2998612,-3.36391,-0.4577817,0.4107541,0.7884904,0,0,0,0,0,0,0,0.5420003,-0.9409561,3.422674,1.226968,-0.302497,-3.361087,-0.1724494,-0.2464638,-0.02287277,0.9534118,340.1167,330.5696,2.522662,0.3362302,-0.08355355,-0.9380658,0,0,0,0.8508548,0.08820515,-2.61477,0.04277411,0.08168244,0.9179308,0.8774649,0.04139072,0.4778517,0.1286194,0.9394761,-0.3175559,-0.4620741,0.3401051,0.8190336,moving,-30.13859,27.51669,2.667962,5.085094
05/15/2023 14:22:37.743938,241,True,True,True,True,Eyes,1.208055,-0.2998572,-3.363653,-0.4553273,0.4092662,0.7906821,0,0,0,0,0,0,0,0.5330511,-0.9371745,3.424887,1.227211,-0.3024818,-3.360765,-0.1718817,-0.245263,-0.02315819,0.9538168,340.169,330.7314,2.445282,0.3362804,-0.08355853,-0.9380473,0,0,0,0.8546187,0.08542249,-2.61476,0.0431754,0.08056277,0.9151304,0.8786196,0.0401351,0.4758328,0.1284898,0.9398407,-0.3165276,-0.4599109,0.339247,0.8206055,moving,-29.9362,27.36661,2.701183,5.031018
05/15/2023 14:22:37.761836,242,True,True,True,True,Eyes,1.20834,-0.2998551,-3.363395,-0.4526982,0.4077066,0.7929941,0,0,0,0,0,0,0,0.5249758,-0.93343,3.426917,1.227442,-0.3024647,-3.360439,-0.1713043,-0.2441676,-0.02359669,0.954191,340.2183,330.883,2.352337,0.3363351,-0.08356323,-0.9380272,0,0,0,0.8587835,0.08234347,-2.61475,0.04406521,0.07917041,0.9120468,0.8796508,0.03862242,0.4740494,0.1286854,0.940196,-0.315391,-0.4578805,0.3384372,0.8220741,moving,-29.72084,27.20932,2.766074,4.961136
05/15/2023 14:22:37.771400,243,True,True,True,True,Eyes,1.208619,-0.2998593,-3.363133,-0.4500932,0.4061279,0.7952837,0,0,0,0,0,0,0,0.5173594,-0.9292548,3.428995,1.227639,-0.3024917,-3.360147,-0.170644,-0.2431066,-0.02429044,0.9545626,340.2698,331.0359,2.228125,0.3363937,-0.08356775,-0.9380058,0,0,0,0.8629122,0.07929123,-2.614739,0.04492551,0.07788727,0.9090274,0.8806183,0.03659589,0.4724111,0.1293429,0.9405812,-0.3139704,-0.4558311,0.3375911,0.8235596,moving,-29.50782,27.05206,2.829342,4.897255
05/15/2023 14:22:37.790514,244,True,True,True,True,Eyes,1.20889,-0.2998595,-3.362871,-0.4475976,0.4046353,0.7974502,0,0,0,0,0,0,0,0.5092264,-0.9212637,3.432081,1.227776,-0.3026458,-3.359791,-0.1694941,-0.2420051,-0.02463074,0.9550386,340.3868,331.1933,2.128766,0.3364556,-0.08357228,-0.9379832,0,0,0,0.8669123,0.07633396,-2.614729,0.04572782,0.0778344,0.905989,0.8816537,0.03499025,0.4705979,0.1290835,0.9413301,-0.3118253,-0.4538989,0.3356683,0.8254105,moving,-29.30488,26.90375,2.889427,4.91028
05/15/2023 14:22:37.810297,245,True,True,True,True,Eyes,1.209159,-0.2998635,-3.362602,-0.4451083,0.4031386,0.7995986,0,0,0,0,0,0,0,0.5005798,-0.91454,3.43488,1.228,-0.3025372,-3.359442,-0.1685201,-0.2408724,-0.02465341,0.9554965,340.4933,331.346,2.071457,0.3365203,-0.08357672,-0.9379596,0,0,0,0.8711126,0.07322878,-2.614718,0.04675052,0.07719252,0.9027947,0.8827454,0.03407117,0.4686146,0.1282962,0.9419864,-0.3101641,-0.4519962,0.3339174,0.8271629,moving,-29.10314,26.75616,2.964369,4.887129
05/15/2023 14:22:37.828588,246,True,True,True,True,Eyes,1.209401,-0.2998703,-3.36234,-0.4423282,0.4014987,0.801963,0,0,0,0,0,0,0,0.4904324,-0.9082839,3.437366,1.227727,-0.3024113,-3.358902,-0.1676305,-0.2394896,-0.02463609,0.956001,340.5909,331.5274,2.016479,0.3365875,-0.08358122,-0.9379351,0,0,0,0.8750542,0.07031475,-2.614708,0.04749706,0.07665747,0.8994418,0.8840756,0.03318726,0.4661641,0.1273957,0.9425862,-0.3087096,-0.449645,0.33231,0.8290895,moving,-28.87924,26.5946,3.022826,4.871423
05/15/2023 14:22:37.840481,247,True,True,True,True,Eyes,1.209623,-0.2998686,-3.362068,-0.4395327,0.3998576,0.8043164,0,0,0,0,0,0,0,0.4780788,-0.9013094,3.440567,1.227947,-0.3024325,-3.358437,-0.1666505,-0.2378643,-0.02456143,0.95658,340.7,331.7385,1.960654,0.3366563,-0.08358584,-0.93791,0,0,0,0.8789051,0.06746785,-2.614698,0.04736441,0.07639937,0.8965058,0.8856347,0.03229045,0.4632587,0.1262703,0.9432487,-0.3071444,-0.446886,0.3305136,0.8312964,moving,-28.65516,26.43379,3.024253,4.870924
05/15/2023 14:22:37.860878,248,True,True,True,True,Eyes,1.209623,-0.2998686,-3.362068,-0.4395327,0.3998576,0.8043164,0,0,0,0,0,0,0,0.4650689,-0.8952978,3.443687,1.228208,-0.3024412,-3.358104,-0.1657931,-0.2361403,-0.02454785,0.9571561,340.7935,331.9611,1.899931,0.3367262,-0.08359037,-0.9378846,0,0,0,0.8832116,0.06428415,-2.614687,0.04748645,0.07557064,0.8934271,0.8872703,0.0313086,0.460186,0.1252931,0.9438202,-0.3057862,-0.4439066,0.3289731,0.8335008,moving,-28.65516,26.43379,3.042459,4.834862
05/15/2023 14:22:37.870624,249,True,True,True,True,Eyes,1.209623,-0.2998686,-3.362068,-0.4395327,0.3998576,0.8043164,0,0,0,0,0,0,0,0.4523811,-0.8883158,3.446827,1.228384,-0.3024758,-3.357671,-0.1647936,-0.2344471,-0.02465603,0.9577421,340.8998,332.1834,1.821899,0.336789,-0.08359444,-0.9378616,0,0,0,0.8871829,0.06134814,-2.614677,0.04735377,0.0751985,0.8904653,0.8888533,0.03004252,0.4572059,0.124499,0.9444703,-0.3040985,-0.4409533,0.3272206,0.8357552,moving,-28.65516,26.43379,3.044047,4.827092
05/15/2023 14:22:37.890651,250,True,True,True,True,Eyes,1.209623,-0.2998686,-3.362068,-0.4395327,0.3998576,0.8043164,0,0,0,0,0,0,0,0.4402121,-0.8818668,3.449727,1.228603,-0.3024436,-3.357254,-0.1638623,-0.2328311,-0.02474617,0.9582936,340.9993,332.3947,1.7501,0.3368456,-0.08359811,-0.937841,0,0,0,0.8911448,0.0584192,-2.614667,0.04735738,0.07463042,0.8875371,0.8903546,0.02887626,0.4543509,0.1237326,0.9450736,-0.302533,-0.4381311,0.3255796,0.8378778,moving,-28.65516,26.43379,3.054303,4.806529
05/15/2023 14:22:37.910393,251,True,True,True,True,Eyes,1.209875,-0.2998726,-3.361725,-0.4362897,0.3978444,0.8070756,0,0,0,0,0,0,0,0.4261962,-0.8756471,3.45269,1.228937,-0.3024665,-3.356739,-0.162985,-0.2309913,-0.02472208,0.9588889,341.0956,332.6304,1.689015,0.3368965,-0.08360141,-0.9378225,0,0,0,0.8952243,0.05540323,-2.614657,0.04700106,0.07399383,0.8845544,0.8920637,0.02788476,0.4510486,0.1227077,0.9456494,-0.3011478,-0.4349313,0.3239901,0.8401579,moving,-28.39481,26.24079,3.041568,4.781715
05/15/2023 14:22:37.928433,252,True,True,True,True,Eyes,1.210104,-0.2998768,-3.361391,-0.4329331,0.3957158,0.8099246,0,0,0,0,0,0,0,0.4104182,-0.8681966,3.456074,1.229239,-0.3025478,-3.356202,-0.1619377,-0.2289067,-0.02472135,0.9595661,341.2102,332.8981,1.615747,0.3369516,-0.08360504,-0.9378024,0,0,0,0.8994073,0.05231079,-2.614646,0.04631388,0.07364425,0.881505,0.8939812,0.02669368,0.4473087,0.1215807,0.9463301,-0.2994619,-0.4312955,0.3220975,0.8427559,moving,-28.12607,26.03937,3.00753,4.775616
05/15/2023 14:22:37.940867,253,True,True,True,True,Eyes,1.210332,-0.299881,-3.361049,-0.4295417,0.3935768,0.8127676,0,0,0,0,0,0,0,0.3940866,-0.8591888,3.459904,1.229513,-0.3025014,-3.355776,-0.1606108,-0.226715,-0.02501847,0.9603014,341.3484,333.1868,1.498369,0.3370098,-0.08360897,-0.9377811,0,0,0,0.9033819,0.04937242,-2.614636,0.04519203,0.07364644,0.8786354,0.8959488,0.02477518,0.4434659,0.1208763,0.9471565,-0.2971253,-0.427393,0.3198135,0.845609,moving,-27.85612,25.83825,2.944376,4.791282
05/15/2023 14:22:37.960583,254,True,True,True,True,Eyes,1.210485,-0.2998911,-3.360741,-0.4259494,0.3913275,0.8157389,0,0,0,0,0,0,0,0.3772269,-0.8501796,3.463644,1.229676,-0.3025109,-3.355342,-0.1592842,-0.224434,-0.0253791,0.9610483,341.4851,333.4868,1.372737,0.3370708,-0.08361319,-0.9377588,0,0,0,0.9074291,0.04638036,-2.614625,0.04407901,0.07363932,0.8757071,0.8979706,0.02271651,0.4394688,0.1202787,0.9479688,-0.2947678,-0.4232988,0.3175515,0.8485159,moving,-27.57194,25.62804,2.88157,4.806766
05/15/2023 14:22:37.980651,255,True,True,True,True,Eyes,1.210641,-0.299905,-3.360425,-0.4223319,0.3890908,0.8186844,0,0,0,0,0,0,0,0.3599895,-0.8428472,3.466915,1.22992,-0.3025303,-3.354885,-0.1582354,-0.2221353,-0.02542829,0.9617541,341.5991,333.7798,1.291573,0.3371322,-0.08361783,-0.9377363,0,0,0,0.911641,0.04326655,-2.614615,0.04319796,0.07313979,0.8727322,0.9000186,0.02138783,0.4353264,0.1192109,0.9486299,-0.2930701,-0.4192318,0.3156642,0.8512349,moving,-27.28769,25.42004,2.833679,4.79051
05/15/2023 14:22:37.996405,256,True,True,True,True,Eyes,1.210749,-0.2999249,-3.360125,-0.4185928,0.3868119,0.8216792,0,0,0,0,0,0,0,0.3426789,-0.8357446,3.470079,1.230135,-0.3026306,-3.354479,-0.1572461,-0.2198297,-0.02534387,0.9624481,341.7101,334.0702,1.228127,0.3371941,-0.08362295,-0.9377136,0,0,0,0.9155052,0.04040977,-2.614605,0.04213876,0.07283182,0.8700586,0.9020652,0.02035042,0.4311198,0.1179191,0.9492627,-0.2915398,-0.4151789,0.3138252,0.8538972,moving,-26.99592,25.20908,2.772788,4.785023
05/15/2023 14:22:38.012516,257,True,True,True,True,Eyes,1.21358,-0.3005158,-3.352489,-0.3209254,0.3266389,0.888996,0,0,0,0,0,0,0,0.3240081,-0.8278202,3.473375,1.230389,-0.3027064,-3.35397,-0.1561308,-0.2173445,-0.02532887,0.9631941,341.8335,334.3845,1.150337,0.337255,-0.08362868,-0.9376911,0,0,0,0.9199725,0.03710717,-2.614594,0.04120815,0.07235612,0.8669348,0.9042396,0.01907513,0.4265992,0.1166616,0.9499633,-0.2897584,-0.4107807,0.3117788,0.856769,moving,-19.84946,20.17457,2.721401,4.770963
05/15/2023 14:22:38.028369,258,True,True,True,True,Eyes,1.213555,-0.3005141,-3.352486,-0.3208376,0.3265038,0.8890773,0,0,0,0,0,0,0,0.306021,-0.8196932,3.476679,1.230632,-0.3028175,-3.353608,-0.1549923,-0.2149463,-0.02527074,0.9639174,341.9611,334.687,1.079414,0.3374471,-0.08366475,-0.9376186,0,0,0,0.9238182,0.03426409,-2.614583,0.03999373,0.07227379,0.8643458,0.906319,0.01791225,0.4222145,0.1153479,0.9506775,-0.2879359,-0.4065474,0.3096633,0.8595509,moving,-19.84278,20.1652,2.649216,4.779768
05/15/2023 14:22:38.040734,259,True,True,True,True,Eyes,1.213541,-0.3005161,-3.352463,-0.3205761,0.3262891,0.8892505,0,0,0,0,0,0,0,0.2884612,-0.8113744,3.479775,1.230897,-0.3027129,-3.353152,-0.1537878,-0.2126083,-0.02531554,0.9646274,342.0938,334.9839,0.9967471,0.3376194,-0.08369718,-0.9375535,0,0,0,0.9278672,0.0312707,-2.614573,0.03898054,0.07195878,0.8614947,0.9083136,0.01655301,0.4179621,0.1142333,0.9514169,-0.2859313,-0.4023893,0.3074605,0.862294,moving,-19.82431,20.1494,2.590728,4.774709
05/15/2023 14:22:38.060626,260,True,True,True,True,Eyes,1.213491,-0.3005247,-3.352441,-0.3201571,0.3259484,0.8895264,0,0,0,0,0,0,0,0.2703123,-0.8035042,3.482758,1.231163,-0.3028052,-3.352736,-0.1526836,-0.2101921,-0.0252792,0.9653332,342.2173,335.2875,0.9254672,0.3377743,-0.08372648,-0.9374951,0,0,0,0.9317497,0.02840045,-2.614563,0.03777668,0.07175423,0.8588761,0.9103605,0.01538005,0.4135301,0.1129914,0.9520974,-0.2841541,-0.3980913,0.305408,0.8650141,moving,-19.79475,20.12431,2.518466,4.775648
05/15/2023 14:22:38.080199,261,True,True,True,True,Eyes,1.213447,-0.3005371,-3.352403,-0.319589,0.3255243,0.8898858,0,0,0,0,0,0,0,0.2511481,-0.7951705,3.485741,1.231321,-0.3029053,-3.352292,-0.1515161,-0.2076246,-0.02524969,0.9660732,342.3479,335.6095,0.8496758,0.3379126,-0.08375318,-0.9374427,0,0,0,0.9357358,0.02545357,-2.614553,0.03651258,0.07160707,0.8561472,0.9125089,0.01413087,0.4088127,0.1117031,0.9528106,-0.2822665,-0.3935097,0.3032362,0.8678697,moving,-19.75498,20.09275,2.442045,4.781019
05/15/2023 14:22:38.090565,262,True,True,True,True,Eyes,1.213406,-0.300549,-3.352355,-0.3190562,0.3250408,0.8902537,0,0,0,0,0,0,0,0.2340492,-0.7861483,3.488713,1.23141,-0.3030042,-3.351976,-0.1502634,-0.2053327,-0.02511223,0.9667621,342.4913,335.8963,0.7902395,0.3380364,-0.08377768,-0.9373959,0,0,0,0.9399201,0.0223602,-2.614542,0.03607464,0.07147306,0.8533624,0.9144157,0.01315289,0.4045627,0.1102631,0.9535806,-0.2802252,-0.3894689,0.3008506,0.8705188,moving,-19.71707,20.05766,2.420654,4.787614
05/15/2023 14:22:38.110628,263,True,True,True,True,Eyes,1.213372,-0.3005617,-3.35229,-0.3184091,0.3245001,0.8906825,0,0,0,0,0,0,0,0.2185723,-0.7780563,3.491319,1.231534,-0.3029797,-3.351713,-0.1491465,-0.2032728,-0.02483305,0.9673772,342.623,336.1509,0.7558141,0.3381472,-0.0838002,-0.9373538,0,0,0,0.9439136,0.01940781,-2.614532,0.03594285,0.07110815,0.8507335,0.916127,0.01258903,0.4006906,0.1086807,0.9542773,-0.2784662,-0.3858755,0.2986577,0.8728709,moving,-19.67141,20.01807,2.419265,4.777934
05/15/2023 14:22:38.128473,264,True,True,True,True,Eyes,1.213359,-0.3005738,-3.352209,-0.3178072,0.3239215,0.891108,0,0,0,0,0,0,0,0.2040479,-0.7708936,3.493472,1.231696,-0.3030002,-3.351324,-0.1481896,-0.2013592,-0.02445461,0.9679341,342.7391,336.3844,0.7402617,0.3382467,-0.08382098,-0.9373161,0,0,0,0.9479975,0.0163886,-2.614522,0.03613639,0.07050362,0.8479947,0.9177129,0.01233778,0.3970528,0.1070196,0.9548836,-0.2770272,-0.3825571,0.2967238,0.8749886,moving,-19.62841,19.97642,2.440122,4.752731
05/15/2023 14:22:38.140459,265,True,True,True,True,Eyes,1.213352,-0.3005886,-3.352114,-0.3171016,0.3233179,0.8915785,0,0,0,0,0,0,0,0.1910568,-0.7649107,3.495338,1.231905,-0.3029938,-3.351057,-0.147375,-0.1996444,-0.02420391,0.96842,342.8361,336.5945,0.717582,0.3383366,-0.08384021,-0.937282,0,0,0,0.9520478,0.01339433,-2.614511,0.03662655,0.06956363,0.8454233,0.9191126,0.01196609,0.3938133,0.1057243,0.9553896,-0.2757773,-0.3795452,0.295106,0.8768455,moving,-19.5786,19.93244,2.480692,4.703849
05/15/2023 14:22:38.160849,266,True,True,True,True,Eyes,1.213339,-0.3006077,-3.352012,-0.3163736,0.3226485,0.8920795,0,0,0,0,0,0,0,0.1779231,-0.76034,3.496731,1.232059,-0.3030721,-3.350684,-0.1467642,-0.197899,-0.02405518,0.9688744,342.9076,336.8081,0.6879306,0.3384181,-0.08385814,-0.9372509,0,0,0,0.9560077,0.01046678,-2.614501,0.03699681,0.06841065,0.8428678,0.9205147,0.01147607,0.3905393,0.1047019,0.9557632,-0.2748712,-0.3764175,0.2939132,0.8785926,moving,-19.52692,19.88411,2.513326,4.640192
05/15/2023 14:22:38.170427,267,True,True,True,True,Eyes,1.21333,-0.3006281,-3.351901,-0.3155646,0.321952,0.8926174,0,0,0,0,0,0,0,0.1658736,-0.7541431,3.498417,1.23222,-0.3031394,-3.350359,-0.1459018,-0.1962957,-0.02401502,0.9693319,343.0053,337.0081,0.6424356,0.3384921,-0.08387505,-0.9372228,0,0,0,0.9602461,0.007333337,-2.614491,0.03782111,0.06744942,0.8401704,0.9217826,0.01072276,0.387559,0.1038369,0.9562719,-0.2734265,-0.3735436,0.2922826,0.8803613,moving,-19.46989,19.83351,2.577487,4.589898
05/15/2023 14:22:38.196675,268,True,True,True,True,Eyes,1.213341,-0.3006463,-3.351771,-0.3147314,0.3212142,0.8931772,0,0,0,0,0,0,0,0.1547827,-0.7491204,3.499792,1.232327,-0.3031948,-3.350094,-0.1451938,-0.1948076,-0.02404371,0.9697375,343.0841,337.1939,0.5951411,0.3385594,-0.08389108,-0.9371971,0,0,0,0.9641361,0.00445751,-2.61448,0.0386011,0.06639004,0.837738,0.9229438,0.009937573,0.3848065,0.1032019,0.9566813,-0.272232,-0.3708426,0.2909676,0.8819375,moving,-19.41107,19.78016,2.638196,4.531172
05/15/2023 14:22:38.212341,269,True,True,True,True,Eyes,1.213358,-0.3006708,-3.351634,-0.3138228,0.3204478,0.893772,0,0,0,0,0,0,0,0.1436231,-0.7444484,3.501007,1.23239,-0.3031479,-3.349806,-0.1445241,-0.1933055,-0.02406856,0.9701374,343.1587,337.3808,0.5492519,0.3386214,-0.08390629,-0.9371734,0,0,0,0.9683494,0.001342693,-2.61447,0.03970724,0.06497638,0.8350761,0.9241074,0.009174965,0.3820228,0.1025742,0.957067,-0.2711112,-0.3681088,0.2897215,0.8834916,moving,-19.34729,19.72449,2.722321,4.449159
05/15/2023 14:22:38.230605,270,True,True,True,True,Eyes,1.213367,-0.3006994,-3.351489,-0.3128096,0.3195986,0.894431,0,0,0,0,0,0,0,0.1321372,-0.7388505,3.50245,1.232528,-0.3033148,-3.349535,-0.1437984,-0.191787,-0.02378532,0.9705536,343.2467,337.5649,0.5377769,0.3386789,-0.08392096,-0.9371514,0,0,0,0.9723969,-0.001649574,-2.61446,0.04069215,0.0640161,0.8326181,0.925304,0.008987457,0.3791197,0.1013271,0.9575126,-0.2700046,-0.3654386,0.2882514,0.8850796,moving,-19.27628,19.66285,2.797963,4.396554
05/15/2023 14:22:38.240800,271,True,True,True,True,Eyes,1.213379,-0.3007239,-3.351342,-0.3117181,0.3187213,0.8951249,0,0,0,0,0,0,0,0.1195853,-0.7326226,3.503893,1.2327,-0.3033988,-3.349134,-0.1429829,-0.190136,-0.02346342,0.9710066,343.3456,337.7647,0.5266539,0.338732,-0.08393525,-0.9371309,0,0,0,0.9765656,-0.004731456,-2.614449,0.04150639,0.06308037,0.8299805,0.9265956,0.008806134,0.3759563,0.09993868,0.9580107,-0.2687523,-0.3625368,0.2865972,0.8868084,moving,-19.20015,19.59896,2.862913,4.346252
05/15/2023 14:22:38.260924,272,True,True,True,True,Eyes,1.213382,-0.3007523,-3.351194,-0.310526,0.3177764,0.8958749,0,0,0,0,0,0,0,0.1076488,-0.7269999,3.505347,1.232789,-0.3033269,-3.349,-0.1421753,-0.1885256,-0.02344727,0.9714395,343.437,337.9644,0.4813316,0.3387814,-0.08394912,-0.9371119,0,0,0,0.9805527,-0.00767905,-2.614439,0.04230578,0.06194493,0.8276374,0.9278167,0.008052148,0.3729497,0.09916257,0.9584728,-0.2673885,-0.3596152,0.2850702,0.8884885,moving,-19.11722,19.53014,2.926203,4.28035
05/15/2023 14:22:38.271500,273,True,True,True,True,Eyes,1.213389,-0.3007832,-3.351042,-0.3092944,0.3168016,0.8966457,0,0,0,0,0,0,0,0.09739792,-0.7216222,3.506594,1.232764,-0.3034283,-3.348828,-0.1414261,-0.1871318,-0.02345202,0.9718181,343.5213,338.1377,0.4390749,0.3388273,-0.0839627,-0.9370941,0,0,0,0.9844674,-0.01057315,-2.614429,0.04350315,0.06093121,0.8253196,0.9288634,0.007348457,0.3703496,0.09851287,0.9588973,-0.2661037,-0.3570827,0.2836582,0.8899606,moving,-19.03167,19.45926,3.017307,4.222339
05/15/2023 14:22:38.295657,274,True,True,True,True,Eyes,1.213406,-0.3008147,-3.350883,-0.3079141,0.3157332,0.8974974,0,0,0,0,0,0,0,0.08823693,-0.7152808,3.50796,1.232825,-0.3035124,-3.348614,-0.1405682,-0.1859134,-0.02327034,0.9721808,343.6223,338.2874,0.4192946,0.3388701,-0.08397611,-0.9370775,0,0,0,0.9885635,-0.01360133,-2.614418,0.04512595,0.06000721,0.8228719,0.9297894,0.00702107,0.368025,0.09751296,0.9593982,-0.2646628,-0.3549407,0.2819679,0.8913535,moving,-18.93611,19.38151,3.138932,4.170862
05/15/2023 14:22:38.310921,275,True,True,True,True,Eyes,1.213429,-0.3008479,-3.350717,-0.3064778,0.3146436,0.8983712,0,0,0,0,0,0,0,0.07771027,-0.7092205,3.509282,1.232988,-0.3035432,-3.348387,-0.1397613,-0.1845265,-0.02297719,0.9725682,343.7198,338.455,0.4109979,0.3389104,-0.0839894,-0.9370617,0,0,0,0.9926876,-0.01665025,-2.614408,0.04645409,0.05893603,0.8204542,0.930844,0.006885575,0.3653519,0.0962731,0.9598776,-0.263375,-0.3525066,0.2803346,0.8928335,moving,-18.83699,19.30219,3.240625,4.108695
05/15/2023 14:22:38.330817,276,True,True,True,True,Eyes,1.213465,-0.3008839,-3.350543,-0.3048913,0.3134516,0.8993272,0,0,0,0,0,0,0,0.0661031,-0.7032006,3.510564,1.233153,-0.303608,-3.348145,-0.1389618,-0.1829898,-0.02271136,0.9729793,343.8158,338.6409,0.3974481,0.3389486,-0.08400262,-0.9370467,0,0,0,0.9968761,-0.01974679,-2.614397,0.04759361,0.05782987,0.8180349,0.9319978,0.006661821,0.3624026,0.09505256,0.9603476,-0.262102,-0.3497785,0.2787258,0.8944087,moving,-18.72777,19.2155,3.329739,4.043721
05/15/2023 14:22:38.344424,277,True,True,True,True,Eyes,1.213506,-0.3009202,-3.350365,-0.3032143,0.3122462,0.900313,0,0,0,0,0,0,0,0.05225933,-0.6965783,3.511945,1.233346,-0.3036958,-3.347886,-0.1380771,-0.181149,-0.02246795,0.9734551,343.9209,338.864,0.3745867,0.3389855,-0.08401588,-0.9370322,0,0,0,1.000699,-0.02257267,-2.614387,0.04786429,0.05709417,0.8158576,0.9333604,0.006281968,0.3588855,0.09376813,0.9608598,-0.2606836,-0.3464763,0.2769637,0.8962395,moving,-18.61289,19.12755,3.357549,4.003064
05/15/2023 14:22:38.360707,278,True,True,True,True,Eyes,1.213553,-0.300961,-3.350178,-0.3014255,0.3109635,0.901357,0,0,0,0,0,0,0,0.0369246,-0.6908926,3.513157,1.233504,-0.3037413,-3.347712,-0.1372946,-0.1790844,-0.02236678,0.9739501,344.0113,339.1154,0.3341499,0.3390212,-0.08402918,-0.9370181,0,0,0,1.004904,-0.02568199,-2.614377,0.0481706,0.05585186,0.8135821,0.934857,0.005606374,0.3549802,0.09274288,0.9612998,-0.259425,-0.3426968,0.2754472,0.898158,moving,-18.4906,19.03417,3.388415,3.927155
05/15/2023 14:22:38.380914,279,True,True,True,True,Eyes,1.213606,-0.3010024,-3.349983,-0.2995185,0.3096318,0.9024504,0,0,0,0,0,0,0,0.01938891,-0.6826241,3.514677,1.233642,-0.3038723,-3.347401,-0.1361892,-0.1767333,-0.02210387,0.9745406,344.1418,339.4002,0.3011576,0.3390562,-0.08404266,-0.9370042,0,0,0,1.008892,-0.02862972,-2.614366,0.04782063,0.05540925,0.8113288,0.9365535,0.005056127,0.3504882,0.09122059,0.9619278,-0.2576309,-0.338447,0.2732568,0.9004356,moving,-18.36073,18.93715,3.373175,3.906917
05/15/2023 14:22:38.390911,280,True,True,True,True,Eyes,1.213682,-0.3010451,-3.349775,-0.2974964,0.308268,0.9035856,0,0,0,0,0,0,0,-4.041195E-05,-0.6731408,3.516378,1.233834,-0.303912,-3.347136,-0.134921,-0.1741343,-0.02170649,0.9751936,344.2936,339.7133,0.2769221,0.3390907,-0.08405633,-0.9369905,0,0,0,1.01302,-0.03168185,-2.614356,0.04721768,0.05504793,0.8090585,0.9384121,0.004652718,0.3454867,0.08932481,0.9626503,-0.2555886,-0.333772,0.270708,0.9029471,moving,-18.22361,18.83763,3.340066,3.892377
05/15/2023 14:22:38.410460,281,True,True,True,True,Eyes,1.213763,-0.3010938,-3.349563,-0.2953334,0.3068747,0.9047686,0,0,0,0,0,0,0,-0.02204072,-0.6665854,3.517385,1.233975,-0.3039845,-3.346897,-0.1340672,-0.1711625,-0.02137712,0.9758446,344.3967,340.0691,0.2482496,0.3391254,-0.08407021,-0.9369767,0,0,0,1.017045,-0.03465724,-2.614346,0.04601511,0.05407591,0.8069611,0.9404928,0.004173084,0.3397879,0.08761606,0.9631379,-0.2543396,-0.328324,0.2689754,0.9054587,moving,-18.07765,18.73564,3.263627,3.833761
05/15/2023 14:22:38.430446,282,True,True,True,True,Eyes,1.213847,-0.3011464,-3.349352,-0.2930319,0.305378,0.9060224,0,0,0,0,0,0,0,-0.04440236,-0.6583629,3.518641,1.234187,-0.3041666,-3.346716,-0.1330162,-0.1681554,-0.02090308,0.9765212,344.5251,340.4276,0.232466,0.3391605,-0.08408446,-0.9369627,0,0,0,1.021217,-0.03774172,-2.614335,0.04489867,0.05342859,0.8048913,0.9425737,0.003910199,0.3339754,0.08555937,0.9637395,-0.2527564,-0.3228536,0.2668163,0.9080609,moving,-17.92259,18.62657,3.192781,3.797716
05/15/2023 14:22:38.440758,283,True,True,True,True,Eyes,1.213938,-0.301198,-3.349135,-0.2905841,0.303856,0.9073216,0,0,0,0,0,0,0,-0.06695735,-0.6484404,3.520087,1.234444,-0.3042675,-3.346571,-0.1317504,-0.165136,-0.02022626,0.9772221,344.6818,340.7852,0.2365772,0.339196,-0.08409914,-0.9369485,0,0,0,1.025017,-0.04055135,-2.614325,0.04345162,0.05329259,0.8030326,0.944642,0.003982344,0.3280787,0.08304454,0.9644655,-0.2508185,-0.3174194,0.2641788,0.910744,moving,-17.75849,18.51536,3.097221,3.796819
05/15/2023 14:22:38.461848,284,True,True,True,True,Eyes,1.214032,-0.3012516,-3.348916,-0.2880035,0.3022788,0.9086701,0,0,0,0,0,0,0,-0.09097064,-0.6401032,3.52096,1.234719,-0.3042799,-3.346349,-0.1306917,-0.1619115,-0.01963242,0.9779156,344.8131,341.1668,0.2329233,0.3392321,-0.0841142,-0.9369341,0,0,0,1.02913,-0.04359202,-2.614315,0.04194266,0.05252464,0.8009876,0.9467984,0.003923299,0.3218032,0.08071867,0.9650685,-0.2492535,-0.31154,0.2619683,0.9134086,moving,-17.58604,18.40026,2.99748,3.751791
05/15/2023 14:22:38.470806,285,True,True,True,True,Eyes,1.214134,-0.3013103,-3.348684,-0.2852658,0.3006859,0.9100612,0,0,0,0,0,0,0,-0.1154104,-0.6335508,3.521322,1.234995,-0.3043502,-3.346128,-0.1298681,-0.1586137,-0.01921112,0.9785739,344.9142,341.5581,0.2135517,0.3392689,-0.08412965,-0.9369195,0,0,0,1.033466,-0.04679704,-2.614304,0.04051901,0.05124696,0.7989033,0.9489453,0.003598726,0.3154203,0.07879672,0.9655304,-0.2480768,-0.3054406,0.2602654,0.915952,moving,-17.40401,18.28365,2.903456,3.670303
05/15/2023 14:22:38.490730,286,True,True,True,True,Eyes,1.214243,-0.3013737,-3.348454,-0.2823908,0.2989514,0.9115281,0,0,0,0,0,0,0,-0.1409938,-0.6257493,3.521534,1.235284,-0.304528,-3.34574,-0.1288641,-0.1551595,-0.01892327,0.9792659,345.0334,341.9705,0.173602,0.3393064,-0.08414561,-0.9369044,0,0,0,1.037135,-0.04950969,-2.614294,0.03812227,0.05078821,0.7970431,0.9511349,0.002927138,0.3087618,0.0770508,0.9660719,-0.2465122,-0.2990077,0.2582567,0.9186392,moving,-17.21295,18.1578,2.738348,3.646002
05/15/2023 14:22:38.510772,287,True,True,True,True,Eyes,1.214364,-0.3014301,-3.348218,-0.2793545,0.2971975,0.913036,0,0,0,0,0,0,0,-0.1675214,-0.6138899,3.522492,1.235678,-0.3046616,-3.345617,-0.1273044,-0.1515893,-0.01843949,0.9800379,345.2195,342.3958,0.1453684,0.339345,-0.08416216,-0.936889,0,0,0,1.041177,-0.05249775,-2.614284,0.03592056,0.05088371,0.7952273,0.9533613,0.002453198,0.3018215,0.07473879,0.9669071,-0.2439359,-0.2924318,0.2551169,0.9216285,moving,-17.01213,18.03031,2.586302,3.661158
05/15/2023 14:22:38.528923,288,True,True,True,True,Eyes,1.214499,-0.3014826,-3.347973,-0.2762943,0.2954325,0.9145387,0,0,0,0,0,0,0,-0.1947285,-0.6053356,3.522472,1.23607,-0.304539,-3.345377,-0.1261811,-0.1479183,-0.01801,0.9807519,345.3548,342.8312,0.1185757,0.3393847,-0.08417904,-0.9368731,0,0,0,1.04522,-0.0554871,-2.614274,0.03357092,0.05003725,0.7933044,0.9555916,0.002002293,0.2946874,0.07265567,0.967508,-0.2421766,-0.2855973,0.2528327,0.9243971,moving,-16.81026,17.90253,2.423187,3.609119
05/15/2023 14:22:38.540698,289,True,True,True,True,Eyes,1.214644,-0.3015382,-3.347722,-0.2730645,0.293669,0.9160755,0,0,0,0,0,0,0,-0.2221653,-0.602246,3.521228,1.236408,-0.3045068,-3.345097,-0.1257224,-0.144169,-0.01824006,0.9813647,345.403,343.2819,0.02665698,0.339426,-0.08419614,-0.9368566,0,0,0,1.049503,-0.05865358,-2.614263,0.03125206,0.04795475,0.7913404,0.9577652,0.0004502307,0.2875511,0.07205085,0.9677224,-0.2414997,-0.2783784,0.2520183,0.9268184,moving,-16.59831,17.77444,2.261582,3.467849
05/15/2023 14:22:38.560834,290,True,True,True,True,Eyes,1.214819,-0.3015944,-3.347459,-0.2698971,0.2918766,0.9175857,0,0,0,0,0,0,0,-0.2495312,-0.5960475,3.520323,1.236749,-0.3046566,-3.344824,-0.1247998,-0.1404233,-0.01866257,0.9820173,345.5016,343.7364,359.9051,0.3394688,-0.0842135,-0.9368395,0,0,0,1.053503,-0.06161018,-2.614252,0.02861023,0.04692471,0.7895345,0.959866,-0.001604308,0.2804545,0.07170355,0.9681534,-0.2398699,-0.2711381,0.2503525,0.9294126,moving,-16.39063,17.64544,2.07531,3.401281
05/15/2023 14:22:38.570745,291,True,True,True,True,Eyes,1.214995,-0.3016512,-3.347196,-0.2665907,0.2900867,0.9191187,0,0,0,0,0,0,0,-0.2773212,-0.5885736,3.519401,1.236997,-0.3047419,-3.34462,-0.1237169,-0.1366095,-0.01892193,0.9826872,345.6219,344.1966,359.7997,0.339514,-0.08423112,-0.9368215,0,0,0,1.057712,-0.06472197,-2.614242,0.02623993,0.04595752,0.7876574,0.9619596,-0.003386855,0.2731707,0.07099049,0.9686722,-0.2379803,-0.2638068,0.2483199,0.9320639,moving,-16.17482,17.51642,1.90804,3.339257
05/15/2023 14:22:38.590727,292,True,True,True,True,Eyes,1.215199,-0.3017184,-3.346929,-0.2634213,0.2882599,0.920606,0,0,0,0,0,0,0,-0.3023748,-0.5821797,3.518317,1.237179,-0.3048179,-3.344458,-0.1228279,-0.1331678,-0.01897808,0.9832698,345.7236,344.6084,359.7276,0.3395614,-0.08424901,-0.9368027,0,0,0,1.061548,-0.06755789,-2.614232,0.02426706,0.04493773,0.7859772,0.9638123,-0.00460769,0.2665419,0.07003458,0.9691063,-0.2364913,-0.2572177,0.2466004,0.9343593,moving,-15.96789,17.38637,1.768447,3.272286
05/15/2023 14:22:38.611136,293,True,True,True,True,Eyes,1.215411,-0.3017866,-3.346662,-0.2601611,0.2864018,0.9221118,0,0,0,0,0,0,0,-0.3234107,-0.5752252,3.517633,1.237381,-0.3051356,-3.344399,-0.1218987,-0.1302844,-0.01896551,0.983772,345.831,344.9528,359.6719,0.3396114,-0.08426741,-0.936783,0,0,0,1.065595,-0.07054967,-2.614221,0.02341688,0.04406071,0.7843537,0.9653326,-0.005552479,0.2609639,0.06907845,0.9695621,-0.2348992,-0.2517164,0.2447829,0.9363334,moving,-15.75568,17.25445,1.710057,3.215185
05/15/2023 14:22:38.629012,294,True,True,True,True,Eyes,1.215624,-0.3018569,-3.346397,-0.2568062,0.2845087,0.923637,0,0,0,0,0,0,0,-0.3441886,-0.5658371,3.517177,1.237744,-0.3052232,-3.344249,-0.1205586,-0.12746,-0.01908071,0.9843045,345.9838,345.2929,359.5967,0.339664,-0.08428627,-0.9367622,0,0,0,1.069873,-0.07371222,-2.61421,0.02266367,0.04343669,0.7825178,0.9667798,-0.006829635,0.2555197,0.06829527,0.9702031,-0.2324688,-0.2463183,0.2421969,0.9384391,moving,-15.53795,17.12045,1.658965,3.177164
05/15/2023 14:22:38.640987,295,True,True,True,True,Eyes,1.215851,-0.3019266,-3.346126,-0.2530813,0.2825239,0.9252731,0,0,0,0,0,0,0,-0.3659993,-0.5554855,3.516589,1.237984,-0.3053275,-3.344112,-0.1191824,-0.1244896,-0.01876817,0.9848582,346.1472,345.6439,359.5695,0.3397189,-0.08430562,-0.9367405,0,0,0,1.074004,-0.07676677,-2.6142,0.02179798,0.04303843,0.7807524,0.9683001,-0.007294006,0.2496829,0.06664191,0.9708866,-0.2300827,-0.2407356,0.2394284,0.9405958,moving,-15.29742,16.97958,1.599237,3.155196
05/15/2023 14:22:38.660896,296,True,True,True,True,Eyes,1.216083,-0.3019969,-3.345862,-0.2491357,0.280476,0.9269654,0,0,0,0,0,0,0,-0.3872789,-0.5490441,3.515172,1.238119,-0.3053523,-3.343903,-0.1184143,-0.1215775,-0.01823863,0.9853245,346.244,345.9827,359.5783,0.3397763,-0.08432539,-0.9367179,0,0,0,1.077751,-0.07953693,-2.61419,0.02084674,0.04190645,0.7791025,0.9697725,-0.007148913,0.243906,0.06473497,0.9712908,-0.2289182,-0.2352671,0.2377878,0.942394,moving,-15.04359,16.83447,1.532719,3.078865
05/15/2023 14:22:38.673251,297,True,True,True,True,Eyes,1.21632,-0.3020696,-3.3456,-0.245176,0.2784291,0.9286366,0,0,0,0,0,0,0,-0.4052177,-0.5436051,3.514086,1.23829,-0.3054069,-3.34393,-0.117775,-0.1191217,-0.01775275,0.98571,346.325,346.2677,359.5908,0.339836,-0.08434553,-0.9366945,0,0,0,1.081837,-0.08255742,-2.61418,0.02096491,0.04031135,0.7775674,0.9709897,-0.00693901,0.2390206,0.06305724,0.9716278,-0.2279544,-0.2306573,0.2364134,0.9438781,moving,-14.7896,16.69008,1.544445,2.967723
05/15/2023 14:22:38.690828,298,True,True,True,True,Eyes,1.21655,-0.3021423,-3.345346,-0.2410262,0.2762882,0.9303608,0,0,0,0,0,0,0,-0.4220144,-0.5355344,3.513345,1.238616,-0.305513,-3.343796,-0.1168036,-0.1168592,-0.0171166,0.9861075,346.446,346.5285,359.6194,0.3398978,-0.08436607,-0.9366702,0,0,0,1.085869,-0.0855381,-2.61417,0.02116883,0.03935814,0.7759373,0.9721019,-0.006458475,0.23447,0.06105677,0.9721279,-0.2263613,-0.2264729,0.2343623,0.9454017,moving,-14.52416,16.53978,1.562734,2.903745
05/15/2023 14:22:38.710825,299,True,True,True,True,Eyes,1.216779,-0.3022067,-3.345088,-0.2368326,0.2741815,0.9320594,0,0,0,0,0,0,0,-0.4399163,-0.5287763,3.512196,1.238986,-0.305536,-3.343682,-0.1159821,-0.1144378,-0.01661048,0.986497,346.5478,346.8093,359.6331,0.3399614,-0.08438695,-0.9366452,0,0,0,1.08988,-0.0885032,-2.614159,0.02105622,0.03806472,0.7743688,0.9732562,-0.006226905,0.2296382,0.05931786,0.9725446,-0.2250302,-0.2219321,0.2326337,0.9469042,moving,-14.25691,16.39217,1.557572,2.814155
05/15/2023 14:22:38.730877,300,True,True,True,True,Eyes,1.216984,-0.3022766,-3.344841,-0.232528,0.2720057,0.9337792,0,0,0,0,0,0,0,-0.4593968,-0.5240781,3.51024,1.239201,-0.3053956,-3.343442,-0.1153718,-0.1117624,-0.01640646,0.9868786,346.6215,347.1233,359.6117,0.3400265,-0.08440792,-0.9366197,0,0,0,1.093991,-0.0915429,-2.614149,0.02072324,0.03620036,0.7726238,0.97448,-0.006593897,0.2243775,0.05817083,0.9728404,-0.2240487,-0.2168061,0.2313832,0.948397,moving,-13.98329,16.2406,1.536413,2.682563
05/15/2023 14:22:38.740399,301,True,True,True,True,Eyes,1.222103,-0.304065,-3.338755,-0.1234058,0.21563,0.9686459,0,0,0,0,0,0,0,-0.4775063,-0.5187516,3.508629,1.23937,-0.3055563,-3.34338,-0.1147027,-0.1092648,-0.01621846,0.9872394,346.7016,347.4165,359.5904,0.3400924,-0.08442912,-0.9365939,0,0,0,1.097915,-0.09444344,-2.614139,0.02056904,0.03479853,0.771192,0.9755963,-0.006957055,0.2194617,0.05708895,0.9731606,-0.2229338,-0.2120205,0.2300223,0.949809,moving,-7.260387,12.54996,1.527817,2.583607
05/15/2023 14:22:38.760875,302,True,True,True,True,Eyes,1.222112,-0.3040688,-3.338748,-0.1233662,0.2155201,0.9686753,0,0,0,0,0,0,0,-0.4923949,-0.5114231,3.507633,1.239558,-0.3056587,-3.343287,-0.113712,-0.1072219,-0.0161101,0.9875797,346.8175,347.6578,359.5625,0.3403313,-0.08450731,-0.9364997,0,0,0,1.10218,-0.09759658,-2.614128,0.02139744,0.03360267,0.7695769,0.9764879,-0.007435197,0.2154441,0.05620484,0.9736201,-0.2211445,-0.2081165,0.2280539,0.9511461,moving,-7.257867,12.5434,1.592651,2.500165
05/15/2023 14:22:38.780393,303,True,True,True,True,Eyes,1.222134,-0.3040774,-3.338732,-0.1231633,0.2153335,0.9687427,0,0,0,0,0,0,0,-0.5064306,-0.505914,3.50638,1.239744,-0.3057312,-3.343155,-0.1129208,-0.1052879,-0.01623541,0.9878764,346.9076,347.8888,359.5118,0.3405466,-0.08457781,-0.9364148,0,0,0,1.106194,-0.1005643,-2.614118,0.02210818,0.03220847,0.7680485,0.9773017,-0.00829877,0.2116895,0.05585556,0.9739706,-0.2196849,-0.2043562,0.2265224,0.9523267,moving,-7.245556,12.53204,1.648797,2.401319
05/15/2023 14:22:38.790788,304,True,True,True,True,Eyes,1.222176,-0.3040932,-3.338706,-0.1229868,0.2150512,0.9688278,0,0,0,0,0,0,0,-0.5220126,-0.4984092,3.505159,1.240065,-0.3058453,-3.343015,-0.1119204,-0.1031655,-0.01607618,0.9882167,347.0253,348.1384,359.4896,0.3407411,-0.08464151,-0.9363382,0,0,0,1.110204,-0.1035287,-2.614107,0.02246134,0.0311996,0.7665666,0.9781969,-0.008680853,0.2074983,0.05486615,0.9744308,-0.2178861,-0.2003013,0.2245202,0.9536614,moving,-7.234656,12.51506,1.678356,2.330678
05/15/2023 14:22:38.810866,305,True,True,True,True,Eyes,1.222224,-0.3041104,-3.33867,-0.1226308,0.214709,0.9689487,0,0,0,0,0,0,0,-0.5392125,-0.492987,3.503262,1.240298,-0.3060085,-3.34285,-0.1112213,-0.1007969,-0.01596321,0.9885418,347.1081,348.4166,359.4628,0.3409174,-0.0846993,-0.9362687,0,0,0,1.114313,-0.1065664,-2.614097,0.02263337,0.02970193,0.765073,0.9791703,-0.009139057,0.2028349,0.05398214,0.97475,-0.2166758,-0.1957331,0.223112,0.9549396,moving,-7.213045,12.49427,1.694503,2.22324
05/15/2023 14:22:38.831048,306,True,True,True,True,Eyes,1.222291,-0.3041267,-3.33863,-0.1222381,0.2142091,0.9691089,0,0,0,0,0,0,0,-0.5563895,-0.4865471,3.501382,1.240434,-0.306056,-3.342698,-0.1103476,-0.09841634,-0.01589601,0.9888808,347.2105,348.6969,359.429,0.3410776,-0.08475184,-0.9362055,0,0,0,1.118458,-0.1096309,-2.614086,0.0229155,0.02832498,0.7635497,0.9801231,-0.009718506,0.1981522,0.05315851,0.9751415,-0.2151123,-0.1911359,0.22137,0.9562753,moving,-7.189013,12.46409,1.719034,2.124495
05/15/2023 14:22:38.840662,307,True,True,True,True,Eyes,1.222368,-0.3041447,-3.338583,-0.1217004,0.2136917,0.9692909,0,0,0,0,0,0,0,-0.571619,-0.4788746,3.500019,1.240633,-0.3060273,-3.34266,-0.1092412,-0.09631251,-0.01596365,0.9892096,347.338,348.9467,359.381,0.3412237,-0.08479961,-0.9361479,0,0,0,1.122361,-0.1125161,-2.614076,0.02331291,0.02734514,0.7622194,0.9809381,-0.01054021,0.1940343,0.05262537,0.9756231,-0.2130498,-0.1870587,0.2191998,0.9575805,moving,-7.156384,12.43266,1.751878,2.054644
05/15/2023 14:22:38.861112,308,True,True,True,True,Eyes,1.222431,-0.3041687,-3.338531,-0.1209003,0.2130188,0.969539,0,0,0,0,0,0,0,-0.5863926,-0.4755209,3.497993,1.240903,-0.3060844,-3.342514,-0.1087879,-0.0942768,-0.01597943,0.9894553,347.3911,349.1865,359.3477,0.3413576,-0.08484315,-0.9360951,0,0,0,1.126486,-0.1155659,-2.614066,0.02399461,0.02531999,0.7607946,0.9817131,-0.01110952,0.1900421,0.05213422,0.9758196,-0.2122685,-0.1830886,0.2182945,0.9585541,moving,-7.108021,12.39165,1.806446,1.906157
05/15/2023 14:22:38.880676,309,True,True,True,True,Eyes,1.222506,-0.3041966,-3.338472,-0.1199426,0.2123014,0.9698154,0,0,0,0,0,0,0,-0.602991,-0.4718941,3.495567,1.241188,-0.3062245,-3.342297,-0.1082735,-0.09198278,-0.0161393,0.989725,347.45,349.4583,359.2939,0.3414801,-0.08488306,-0.9360469,0,0,0,1.13054,-0.1185631,-2.614055,0.02416466,0.02350894,0.7593804,0.9825574,-0.01202834,0.1855702,0.05186553,0.9760327,-0.2113529,-0.1785804,0.2172911,0.959632,moving,-7.050294,12.34779,1.822625,1.773199
05/15/2023 14:22:38.890834,310,True,True,True,True,Eyes,1.222578,-0.3042301,-3.338411,-0.11893,0.2114444,0.9701273,0,0,0,0,0,0,0,-0.620247,-0.4659952,3.493283,1.241498,-0.3063544,-3.342113,-0.1073883,-0.0895976,-0.0164427,0.9900352,347.5503,349.7429,359.2188,0.3415927,-0.08491984,-0.9360026,0,0,0,1.134666,-0.1216132,-2.614045,0.0242187,0.02217807,0.7579883,0.9834039,-0.01331425,0.180941,0.05180116,0.9763948,-0.2096898,-0.173878,0.2155828,0.96088,moving,-6.989141,12.29563,1.830051,1.675946
05/15/2023 14:22:38.911989,311,True,True,True,True,Eyes,1.222664,-0.3042607,-3.338342,-0.1177615,0.2105335,0.9704679,0,0,0,0,0,0,0,-0.6372616,-0.4606059,3.490961,1.241788,-0.3064985,-3.342019,-0.1065456,-0.08723632,-0.01685042,0.9903302,347.6449,350.0257,359.1327,0.3416963,-0.08495394,-0.9359617,0,0,0,1.138555,-0.1244881,-2.614035,0.02410445,0.02092354,0.7567869,0.9842118,-0.01478567,0.1763762,0.05196424,0.9767282,-0.2080907,-0.1691948,0.2139706,0.9620757,moving,-6.918736,12.24009,1.824314,1.583702
05/15/2023 14:22:38.930719,312,True,True,True,True,Eyes,1.222758,-0.3042977,-3.338264,-0.1164558,0.2094506,0.9708596,0,0,0,0,0,0,0,-0.6551108,-0.4537309,3.488522,1.242172,-0.3064718,-3.341843,-0.1054503,-0.08477229,-0.01730551,0.9906536,347.7684,350.3211,359.038,0.3417923,-0.08498557,-0.9359238,0,0,0,1.142872,-0.1276799,-2.614024,0.02415389,0.0196012,0.755367,0.9850284,-0.016409,0.1716097,0.05216606,0.9771615,-0.2059954,-0.1643102,0.2118635,0.9633878,moving,-6.840018,12.17425,1.831486,1.486448
05/15/2023 14:22:38.944466,313,True,True,True,True,Eyes,1.222866,-0.3043345,-3.338168,-0.1148939,0.2083278,0.9712873,0,0,0,0,0,0,0,-0.6774138,-0.4480773,3.484922,1.242672,-0.306646,-3.341568,-0.1045519,-0.08168919,-0.01781567,0.9909988,347.8699,350.6889,358.9316,0.3418817,-0.08501516,-0.9358885,0,0,0,1.146582,-0.1304224,-2.614015,0.02254765,0.01857778,0.7541673,0.986019,-0.01822909,0.1656331,0.05239211,0.977503,-0.2043108,-0.1581824,0.2101322,0.9647916,moving,-6.746188,12.10574,1.712486,1.411111
05/15/2023 14:22:38.960882,314,True,True,True,True,Eyes,1.222982,-0.3043778,-3.338066,-0.113095,0.2070251,0.9717768,0,0,0,0,0,0,0,-0.7051961,-0.4416478,3.480006,1.243099,-0.3066921,-3.341174,-0.1035398,-0.07781817,-0.01829616,0.9914077,347.9862,351.1481,358.8188,0.3419656,-0.08504295,-0.9358553,0,0,0,1.150948,-0.1336502,-2.614003,0.02049449,0.01717024,0.7526599,0.9872192,-0.02016336,0.1580878,0.05239246,0.9778895,-0.2024527,-0.1505103,0.2081478,0.9664477,moving,-6.638201,12.02637,1.559745,1.306847
05/15/2023 14:22:38.970904,315,True,True,True,True,Eyes,1.2231,-0.3044235,-3.337956,-0.1111058,0.2056851,0.9722906,0,0,0,0,0,0,0,-0.7329075,-0.4344329,3.475172,1.243347,-0.3068819,-3.34105,-0.1024267,-0.0739217,-0.01876378,0.9918127,348.1149,351.6096,358.7072,0.3420449,-0.08506929,-0.935824,0,0,0,1.154736,-0.1364506,-2.613994,0.01806243,0.01639161,0.751608,0.988367,-0.0220772,0.1504768,0.05236343,0.9783134,-0.2004022,-0.1427891,0.2059503,0.9680887,moving,-6.519037,11.94464,1.376651,1.249349
05/15/2023 14:22:38.995718,316,True,True,True,True,Eyes,1.223241,-0.3044719,-3.337839,-0.1090975,0.2041924,0.9728326,0,0,0,0,0,0,0,-0.7562569,-0.4275237,3.470886,1.243497,-0.3069963,-3.340842,-0.1013373,-0.07062802,-0.01924026,0.9921554,348.2406,352.0002,358.6032,0.3421202,-0.08509441,-0.9357942,0,0,0,1.15901,-0.1396104,-2.613983,0.017126,0.01520438,0.7503035,0.989283,-0.02386415,0.1440475,0.05249316,0.9787211,-0.1983669,-0.1362484,0.2038025,0.9694849,moving,-6.398653,11.854,1.307574,1.160901
05/15/2023 14:22:39.010844,317,True,True,True,True,Eyes,1.223392,-0.3045255,-3.337714,-0.1069379,0.2026763,0.9733893,0,0,0,0,0,0,0,-0.7778673,-0.4188893,3.467137,1.243771,-0.3070823,-3.340706,-0.1000719,-0.06760367,-0.01941325,0.9924911,348.389,352.3553,358.5373,0.3421924,-0.08511852,-0.9357656,0,0,0,1.162956,-0.1425274,-2.613973,0.01621458,0.01447597,0.749185,0.9901057,-0.02500451,0.1380775,0.05206542,0.9792175,-0.1960161,-0.1303066,0.2012657,0.9708307,moving,-6.26945,11.76191,1.239856,1.106948
05/15/2023 14:22:39.030702,318,True,True,True,True,Eyes,1.223603,-0.3045809,-3.337573,-0.1049511,0.2010865,0.973935,0,0,0,0,0,0,0,-0.7989482,-0.4114929,3.463166,1.244133,-0.307253,-3.340492,-0.09906243,-0.06466458,-0.0193708,0.9927891,348.5097,352.6976,358.5001,0.3422622,-0.08514187,-0.935738,0,0,0,1.167032,-0.1455415,-2.613962,0.01552612,0.01337747,0.7480114,0.9908866,-0.02565058,0.1322344,0.0512739,0.9796228,-0.194191,-0.1245587,0.1992014,0.9720103,moving,-6.150449,11.66583,1.189091,1.024571
05/15/2023 14:22:39.040745,319,True,True,True,True,Eyes,1.223823,-0.3046387,-3.337416,-0.1027616,0.1994663,0.9745015,0,0,0,0,0,0,0,-0.8229108,-0.4045241,3.458271,1.244545,-0.3073252,-3.340227,-0.09807965,-0.06131309,-0.01941611,0.9930983,348.6275,353.0886,358.4489,0.3423315,-0.08516456,-0.9357106,0,0,0,1.171098,-0.1485473,-2.613952,0.01415946,0.0121344,0.7468151,0.9917275,-0.02653708,0.1255885,0.05059135,0.9800068,-0.1924245,-0.1179712,0.1971864,0.9732422,moving,-6.019618,11.56783,1.086186,0.9308714
05/15/2023 14:22:39.061109,320,True,True,True,True,Eyes,1.224091,-0.3047037,-3.337249,-0.1005889,0.1977222,0.9750835,0,0,0,0,0,0,0,-0.8484247,-0.3961326,3.45281,1.244913,-0.3074288,-3.339809,-0.09693838,-0.05773426,-0.01933321,0.9934264,348.7649,353.5043,358.4098,0.3424006,-0.08518676,-0.9356834,0,0,0,1.175089,-0.1514977,-2.613942,0.01243438,0.01123697,0.745515,0.992586,-0.02721892,0.1184577,0.04960557,0.9804584,-0.1903699,-0.1109612,0.1948347,0.9745394,moving,-5.889758,11.46271,0.9555426,0.86354
05/15/2023 14:22:39.080664,321,True,True,True,True,Eyes,1.224365,-0.3047675,-3.337071,-0.09823368,0.1959444,0.9756824,0,0,0,0,0,0,0,-0.872812,-0.388034,3.447621,1.245249,-0.3076295,-3.339638,-0.09585416,-0.05430108,-0.01922171,0.9937273,348.8958,353.9023,358.377,0.3424709,-0.08520871,-0.9356557,0,0,0,1.179051,-0.1544263,-2.613932,0.0109759,0.01032035,0.7444969,0.9933638,-0.0277923,0.1116059,0.04861223,0.980885,-0.1884183,-0.104236,0.1925933,0.9757267,moving,-5.749281,11.35554,0.8446335,0.7941936
05/15/2023 14:22:39.091011,322,True,True,True,True,Eyes,1.224655,-0.3048391,-3.336893,-0.09576,0.1939928,0.976318,0,0,0,0,0,0,0,-0.8970429,-0.379253,3.442173,1.24562,-0.3076598,-3.339289,-0.0945935,-0.05089076,-0.01928806,0.9940273,349.0461,354.2992,358.3238,0.3425425,-0.08523041,-0.9356275,0,0,0,1.183215,-0.1575051,-2.613921,0.009688027,0.009375498,0.7432481,0.9940762,-0.02871785,0.1048227,0.04797359,0.9813601,-0.1860939,-0.09752456,0.1900202,0.9769245,moving,-5.601812,11.23821,0.7467918,0.7227035
05/15/2023 14:22:39.110805,323,True,True,True,True,Eyes,1.22495,-0.3049104,-3.336707,-0.09311838,0.1920157,0.9769642,0,0,0,0,0,0,0,-0.9206805,-0.3702156,3.436975,1.246001,-0.3078747,-3.339192,-0.0933669,-0.04755984,-0.01918246,0.9943103,349.1933,354.6845,358.2927,0.3426157,-0.0852521,-0.9355988,0,0,0,1.187389,-0.1605904,-2.61391,0.008579668,0.008510903,0.7423045,0.9947401,-0.0292656,0.09816047,0.04702766,0.9818293,-0.1838467,-0.09099644,0.1874959,0.9780414,moving,-5.444643,11.11937,0.6622038,0.6568968
05/15/2023 14:22:39.129094,324,True,True,True,True,Eyes,1.225254,-0.3049843,-3.33652,-0.09047171,0.1899199,0.9776222,0,0,0,0,0,0,0,-0.9446185,-0.3611977,3.431306,1.246385,-0.3079256,-3.338912,-0.09210604,-0.04418064,-0.01913363,0.9945846,349.3444,355.0758,358.2553,0.3426904,-0.08527377,-0.9355695,0,0,0,1.191427,-0.1635762,-2.6139,0.007249758,0.007648692,0.7412074,0.9953639,-0.02992142,0.0914074,0.04619863,0.9823008,-0.1815238,-0.0843581,0.1849052,0.9791291,moving,-5.287241,10.99375,0.5603927,0.5912275
05/15/2023 14:22:39.140684,325,True,True,True,True,Eyes,1.225561,-0.305057,-3.336327,-0.08766963,0.1878297,0.9782812,0,0,0,0,0,0,0,-0.9683184,-0.3537088,3.42549,1.246743,-0.3080283,-3.338785,-0.09107902,-0.04081927,-0.01906426,0.9948242,349.4688,355.4646,358.2225,0.3427669,-0.0852955,-0.9355395,0,0,0,1.195291,-0.1664325,-2.61389,0.005828921,0.006575748,0.7403321,0.9959407,-0.0304956,0.08468869,0.04536672,0.9826823,-0.1796588,-0.07774326,0.1827716,0.9800768,moving,-5.120938,10.86851,0.4511025,0.5088969
05/15/2023 14:22:39.160771,326,True,True,True,True,Eyes,1.225878,-0.305133,-3.336128,-0.08489964,0.1856481,0.9789417,0,0,0,0,0,0,0,-0.9915329,-0.3467613,3.41944,1.247087,-0.3080633,-3.338536,-0.0901401,-0.03751919,-0.01894612,0.9950418,349.5832,355.8456,358.1972,0.3428449,-0.08531725,-0.935509,0,0,0,1.199336,-0.1694229,-2.61388,0.0047107,0.005201265,0.7393098,0.9964666,-0.0309404,0.07808193,0.04446833,0.9830316,-0.1779647,-0.0712507,0.180808,0.9809341,moving,-4.956629,10.73815,0.3650697,0.4030862
05/15/2023 14:22:39.171098,327,True,True,True,True,Eyes,1.226195,-0.3052088,-3.335926,-0.08200058,0.1834889,0.9795957,0,0,0,0,0,0,0,-1.014609,-0.340776,3.413105,1.247374,-0.3081881,-3.338252,-0.08932841,-0.0342212,-0.0189141,0.9952345,349.6826,356.2271,358.1632,0.3429247,-0.08533914,-0.9354777,0,0,0,1.203414,-0.172438,-2.613869,0.003683481,0.003701329,0.7382843,0.9969423,-0.03153408,0.07149537,0.04376179,0.9833254,-0.1765109,-0.0647371,0.1790999,0.9816987,moving,-4.784994,10.60919,0.2858603,0.2872454
05/15/2023 14:22:39.195612,328,True,True,True,True,Eyes,1.226195,-0.3052088,-3.335926,-0.08200058,0.1834889,0.9795957,0,0,0,0,0,0,0,-1.035689,-0.3354373,3.407225,1.247671,-0.3082548,-3.33806,-0.08856342,-0.03120574,-0.01898338,0.9954006,349.776,356.5768,358.1212,0.3430061,-0.08536113,-0.9354458,0,0,0,1.207429,-0.1754058,-2.613859,0.003003735,0.002098441,0.7373752,0.9973316,-0.03226476,0.06548689,0.04331951,0.9835923,-0.1751274,-0.05876195,0.1774969,0.9823655,moving,-4.784994,10.60919,0.233396,0.1630533
05/15/2023 14:22:39.210805,329,True,True,True,True,Eyes,1.226195,-0.3052088,-3.335926,-0.08200058,0.1834889,0.9795957,0,0,0,0,0,0,0,-1.056056,-0.3285486,3.401566,1.247972,-0.3084603,-3.337854,-0.08763553,-0.02829414,-0.01891255,0.9955711,349.8885,356.9126,358.0966,0.3430794,-0.08538093,-0.9354172,0,0,0,1.211594,-0.178485,-2.613848,0.002644975,0.0007753819,0.7364731,0.9976835,-0.03269844,0.05965247,0.04261672,0.9839247,-0.1734246,-0.05302282,0.175565,0.9830389,moving,-4.784994,10.60919,0.2057716,0.06032277
05/15/2023 14:22:39.230599,330,True,True,True,True,Eyes,1.226195,-0.3052088,-3.335926,-0.08200058,0.1834889,0.9795957,0,0,0,0,0,0,0,-1.075996,-0.3201081,3.395995,1.248296,-0.308625,-3.337592,-0.08649623,-0.02544745,-0.01877183,0.9957503,350.0253,357.2396,358.0809,0.3431453,-0.08539874,-0.9353914,0,0,0,1.215756,-0.1815623,-2.613838,0.002363577,-0.0002683848,0.73554,0.9980001,-0.03298189,0.05392599,0.04178632,0.9843321,-0.1713019,-0.04743122,0.1732126,0.9837417,moving,-4.784994,10.60919,0.1841131,-0.02090616
05/15/2023 14:22:39.240698,331,True,True,True,True,Eyes,1.226195,-0.3052088,-3.335926,-0.08200058,0.1834889,0.9795957,0,0,0,0,0,0,0,-1.096108,-0.3102623,3.390417,1.248575,-0.3087893,-3.337417,-0.08521406,-0.02256599,-0.01843746,0.9959365,350.1792,357.5683,358.0878,0.3432047,-0.08541477,-0.9353681,0,0,0,1.219651,-0.1844419,-2.613828,0.001834756,-0.0009331405,0.7347627,0.9983017,-0.0328792,0.04809085,0.04057096,0.9847973,-0.1689035,-0.04180633,0.1705677,0.9844587,moving,-4.784994,10.60919,0.1430714,-0.07276497
05/15/2023 14:22:39.261118,332,True,True,True,True,Eyes,1.226195,-0.3052088,-3.335926,-0.08200058,0.1834889,0.9795957,0,0,0,0,0,0,0,-1.115121,-0.300665,3.384897,1.248918,-0.3089979,-3.337086,-0.08399747,-0.01984918,-0.01804484,0.9961049,350.3251,357.8773,358.104,0.3432581,-0.08542921,-0.9353472,0,0,0,1.223677,-0.1874179,-2.613817,0.001623483,-0.001720414,0.7338466,0.9985608,-0.03261454,0.04257516,0.03928366,0.9852376,-0.1666242,-0.03651227,0.1680569,0.9851009,moving,-4.784994,10.60919,0.1267548,-0.1343227
05/15/2023 14:22:39.280360,333,True,True,True,True,Eyes,1.226195,-0.3052088,-3.335926,-0.08200058,0.1834889,0.9795957,0,0,0,0,0,0,0,-1.132643,-0.290423,3.379824,1.249059,-0.3090764,-3.336879,-0.08259749,-0.01731734,-0.01783695,0.9962729,350.4913,358.1663,358.1011,0.3433062,-0.08544219,-0.9353284,0,0,0,1.227824,-0.190484,-2.613807,0.001996245,-0.002472579,0.7330335,0.9987639,-0.03268019,0.03745216,0.03840167,0.985719,-0.1639615,-0.03155901,0.165197,0.9857555,moving,-4.784994,10.60919,0.1560313,-0.1932624
05/15/2023 14:22:39.290993,334,True,True,True,True,Eyes,1.226195,-0.3052088,-3.335926,-0.08200058,0.1834889,0.9795957,0,0,0,0,0,0,0,-1.148229,-0.2787272,3.375372,1.249283,-0.3092003,-3.336606,-0.08094573,-0.01508286,-0.01774015,0.9964465,350.6856,358.4213,358.0887,0.3433495,-0.08545388,-0.9353114,0,0,0,1.231913,-0.1935066,-2.613796,0.00264338,-0.002765909,0.7322062,0.9989156,-0.03291244,0.03293051,0.03779601,0.9862661,-0.160781,-0.02718655,0.1618513,0.9864405,moving,-4.784994,10.60919,0.206846,-0.2164338
05/15/2023 14:22:39.310901,335,True,True,True,True,Eyes,1.226195,-0.3052088,-3.335926,-0.08200058,0.1834889,0.9795957,0,0,0,0,0,0,0,-1.163774,-0.2687366,3.370741,1.249528,-0.3093598,-3.336385,-0.07949721,-0.01284957,-0.0177886,0.9965937,350.8564,358.6777,358.0606,0.3433885,-0.0854644,-0.9352962,0,0,0,1.236034,-0.1965531,-2.613786,0.003300439,-0.003364071,0.7314606,0.9990369,-0.033413,0.02843988,0.03749903,0.9867275,-0.1579956,-0.0227833,0.15891,0.9870301,moving,-4.784994,10.60919,0.2585237,-0.263508
05/15/2023 14:22:39.330804,336,True,True,True,True,Eyes,1.226195,-0.3052088,-3.335926,-0.08200058,0.1834889,0.9795957,0,0,0,0,0,0,0,-1.180311,-0.2595507,3.365456,1.249882,-0.3095279,-3.335983,-0.07817066,-0.01048057,-0.01784183,0.9967253,351.0134,358.9498,358.0315,0.3434235,-0.08547387,-0.9352825,0,0,0,1.240226,-0.1996524,-2.613775,0.003727161,-0.004167639,0.7305605,0.9991437,-0.03392827,0.02368191,0.03720536,0.987142,-0.1554554,-0.01810308,0.1562033,0.987559,moving,-4.784994,10.60919,0.2923081,-0.3268525
05/15/2023 14:22:39.344504,337,True,True,True,True,Eyes,1.226195,-0.3052088,-3.335926,-0.08200058,0.1834889,0.9795957,0,0,0,0,0,0,0,-1.196785,-0.2477815,3.360419,1.250121,-0.309806,-3.335765,-0.0765107,-0.008104887,-0.01778429,0.9968773,351.2089,359.2209,358.0158,0.3434551,-0.0854824,-0.9352701,0,0,0,1.243872,-0.202348,-2.613766,0.003710968,-0.004025497,0.7299582,0.9992361,-0.03421728,0.01888053,0.03669772,0.9876597,-0.1522553,-0.01343778,0.1528318,0.9881608,moving,-4.784994,10.60919,0.2912783,-0.3159655
05/15/2023 14:22:39.360911,338,True,True,True,True,Eyes,1.227266,-0.3053732,-3.335582,-0.07972948,0.1797535,0.9804753,0,0,0,0,0,0,0,-1.212045,-0.2357672,3.355588,1.250332,-0.3098001,-3.335462,-0.07474619,-0.005901953,-0.01779354,0.9970265,351.4161,359.4722,357.9948,0.3434835,-0.08549006,-0.935259,0,0,0,1.248071,-0.2054524,-2.613755,0.004543746,-0.004383788,0.7291868,0.9992971,-0.03459897,0.0144288,0.03636356,0.9881928,-0.1488378,-0.009108808,0.1492579,0.9887564,moving,-4.648902,10.38884,0.3570198,-0.3444515
05/15/2023 14:22:39.381131,339,True,True,True,True,Eyes,1.228306,-0.3055388,-3.335238,-0.07738759,0.1760382,0.9813367,0,0,0,0,0,0,0,-1.226923,-0.2247448,3.35076,1.250518,-0.3099754,-3.335201,-0.07316405,-0.003745468,-0.01777104,0.9971546,351.6022,359.718,357.9787,0.3435384,-0.08550143,-0.9352378,0,0,0,1.252168,-0.2084814,-2.613745,0.005373216,-0.004770055,0.7285264,0.9993404,-0.03489288,0.01007002,0.03598901,0.9886624,-0.1457786,-0.004869217,0.1460449,0.9892659,moving,-4.508977,10.1699,0.422575,-0.375141
05/15/2023 14:22:39.390826,340,True,True,True,True,Eyes,1.229335,-0.3057051,-3.3349,-0.07503665,0.1723581,0.9821722,0,0,0,0,0,0,0,-1.241103,-0.2134521,3.346004,1.250777,-0.3101468,-3.334817,-0.07159051,-0.001699033,-0.01761308,0.9972772,351.7871,359.9498,357.98,0.3436166,-0.08551618,-0.9352078,0,0,0,1.256229,-0.2114837,-2.613734,0.006268625,-0.005137697,0.7277766,0.9993739,-0.03488697,0.005910671,0.03537351,0.9891291,-0.1427313,-0.000866954,0.142851,0.9897438,moving,-4.368834,9.953297,0.4934988,-0.4044695
05/15/2023 14:22:39.410496,341,True,True,True,True,Eyes,1.230336,-0.3058705,-3.334559,-0.07261275,0.1687055,0.9829882,0,0,0,0,0,0,0,-1.254307,-0.2029805,3.341648,1.25099,-0.3103185,-3.33464,-0.07006148,0.0002118295,-0.01764538,0.9973866,351.9667,0.1675197,357.9612,0.3437153,-0.08553399,-0.9351698,0,0,0,1.260372,-0.2145466,-2.613724,0.007480313,-0.005656257,0.7272497,0.9993771,-0.03522822,0.002049971,0.03516886,0.9895601,-0.1397642,0.002895075,0.1397493,0.9901826,moving,-4.224731,9.738521,0.5893096,-0.4456146
05/15/2023 14:22:39.431077,342,True,True,True,True,Eyes,1.231324,-0.3060413,-3.334221,-0.07017715,0.1650067,0.9837927,0,0,0,0,0,0,0,-1.268873,-0.1932724,3.336432,1.251279,-0.3104409,-3.334232,-0.06860465,0.002318581,-0.01777937,0.997483,352.1384,0.4086379,357.9296,0.3438317,-0.08555456,-0.9351251,0,0,0,1.264451,-0.2175621,-2.613714,0.008264711,-0.006263584,0.726525,0.999357,-0.03578737,-0.002185995,0.03515111,0.9899546,-0.1369464,0.007064985,0.1367815,0.9905761,moving,-4.080184,9.521315,0.65175,-0.4939514
05/15/2023 14:22:39.441015,343,True,True,True,True,Eyes,1.232285,-0.3062087,-3.333884,-0.0676652,0.1613331,0.9845775,0,0,0,0,0,0,0,-1.283713,-0.1834469,3.33114,1.251565,-0.3106821,-3.333936,-0.06721449,0.004473347,-0.01772551,0.9975711,352.3025,0.6537938,357.9201,0.3439639,-0.08557777,-0.9350743,0,0,0,1.268751,-0.2207409,-2.613702,0.009228201,-0.007029869,0.7259389,0.9993316,-0.03596626,-0.006542142,0.03476356,0.9903361,-0.134261,0.01130779,0.1339439,0.9909244,moving,-3.931477,9.305801,0.72831,-0.5548253
05/15/2023 14:22:39.460654,344,True,True,True,True,Eyes,1.232285,-0.3062087,-3.333884,-0.0676652,0.1613331,0.9845775,0,0,0,0,0,0,0,-1.298804,-0.173241,3.325617,1.251865,-0.3107424,-3.333603,-0.06572396,0.006666556,-0.01771295,0.9976584,352.4782,0.9033559,357.9063,0.3441094,-0.08560327,-0.9350183,0,0,0,1.272431,-0.2234614,-2.613693,0.00949035,-0.007398047,0.7253732,0.9992836,-0.03621924,-0.01097356,0.03446664,0.9907333,-0.1313763,0.01563022,0.1309039,0.9912719,moving,-3.931477,9.305801,0.749581,-0.5843366
05/15/2023 14:22:39.470662,345,True,True,True,True,Eyes,1.232285,-0.3062087,-3.333884,-0.0676652,0.1613331,0.9845775,0,0,0,0,0,0,0,-1.31281,-0.1651791,3.32035,1.252127,-0.3106478,-3.333339,-0.06446733,0.008709042,-0.01785521,0.9977221,352.6269,1.137089,357.8762,0.3442405,-0.08562621,-0.9349679,0,0,0,1.276282,-0.2263083,-2.613683,0.01018654,-0.008382924,0.7248641,0.9992107,-0.03675197,-0.01507625,0.03450618,0.9910504,-0.128952,0.01968056,0.1283299,0.9915362,moving,-3.931477,9.305801,0.8051266,-0.6625859
05/15/2023 14:22:39.490523,346,True,True,True,True,Eyes,1.232285,-0.3062087,-3.333884,-0.0676652,0.1613331,0.9845775,0,0,0,0,0,0,0,-1.325565,-0.1610799,3.315156,1.252412,-0.3106639,-3.332909,-0.06366941,0.01056512,-0.01838723,0.9977458,352.7232,1.35312,357.8024,0.3443584,-0.08564687,-0.9349226,0,0,0,1.280288,-0.2292699,-2.613673,0.01127535,-0.009995319,0.7242072,0.9991006,-0.03803692,-0.0187412,0.03534622,0.9912162,-0.1274403,0.02342402,0.1266632,0.9916692,moving,-3.931477,9.305801,0.8919792,-0.7907313
05/15/2023 14:22:39.510934,347,True,True,True,True,Eyes,1.232285,-0.3062087,-3.333884,-0.0676652,0.1613331,0.9845775,0,0,0,0,0,0,0,-1.339001,-0.1570564,3.309609,1.252611,-0.3108675,-3.332481,-0.06278427,0.01253176,-0.01923838,0.997763,352.8305,1.583817,357.6916,0.3444645,-0.08566546,-0.9348819,0,0,0,1.284411,-0.2323179,-2.613662,0.01238769,-0.01136268,0.7236011,0.9989457,-0.03996428,-0.02259172,0.0368171,0.991376,-0.1257698,0.0274232,0.1248055,0.9918022,moving,-3.931477,9.305801,0.9807798,-0.8996394
05/15/2023 14:22:39.528664,348,True,True,True,True,Eyes,1.232285,-0.3062087,-3.333884,-0.0676652,0.1613331,0.9845775,0,0,0,0,0,0,0,-1.353355,-0.1502843,3.305012,1.252717,-0.3111715,-3.333336,-0.06162291,0.01464906,-0.01970975,0.9977974,352.9695,1.828194,357.6244,0.34456,-0.08568218,-0.9348451,0,0,0,1.288554,-0.2353808,-2.613652,0.01338523,-0.01241724,0.7243206,0.9987938,-0.04113813,-0.02680445,0.03752725,0.9916283,-0.1235518,0.03166274,0.1223969,0.9919761,moving,-3.931477,9.305801,1.058689,-0.9821424
05/15/2023 14:22:39.545938,349,True,True,True,True,Eyes,1.232285,-0.3062087,-3.333884,-0.0676652,0.1613331,0.9845775,0,0,0,0,0,0,0,-1.368205,-0.1416039,3.299026,1.252989,-0.3114536,-3.33296,-0.06029282,0.01682506,-0.01992135,0.9978402,353.1278,2.076855,357.5878,0.3446459,-0.08569724,-0.9348121,0,0,0,1.292985,-0.2386564,-2.613641,0.01447405,-0.01331537,0.723832,0.9986401,-0.04178551,-0.03117521,0.03772778,0.9919358,-0.1209955,0.03597967,0.1196548,0.9921634,moving,-3.931477,9.305801,1.145558,-1.053875
05/15/2023 14:22:39.560617,350,True,True,True,True,Eyes,1.232285,-0.3062087,-3.333884,-0.0676652,0.1613331,0.9845775,0,0,0,0,0,0,0,-1.383144,-0.1325777,3.292917,1.253336,-0.3116963,-3.33256,-0.05889343,0.01900583,-0.0201538,0.9978799,353.2942,2.325847,357.5497,0.3447233,-0.08571079,-0.9347824,0,0,0,1.296761,-0.2414482,-2.613631,0.0148121,-0.01369847,0.7233763,0.9984652,-0.04246078,-0.03555721,0.03798351,0.9922508,-0.1183032,0.04030491,0.116771,0.9923407,moving,-3.931477,9.305801,1.173044,-1.084872
05/15/2023 14:22:39.570810,351,True,True,True,True,Eyes,1.232285,-0.3062087,-3.333884,-0.0676652,0.1613331,0.9845775,0,0,0,0,0,0,0,-1.399188,-0.1218675,3.286414,1.253655,-0.31203,-3.332279,-0.05721688,0.02135436,-0.02046691,0.9979237,353.4932,2.593728,357.5027,0.3447929,-0.08572299,-0.9347556,0,0,0,1.300773,-0.2444144,-2.613621,0.01516218,-0.01377053,0.7230785,0.9982502,-0.04329248,-0.04027792,0.03840516,0.9926147,-0.1150703,0.04496213,0.113322,0.9925404,moving,-3.931477,9.305801,1.201255,-1.091026
05/15/2023 14:22:39.596670,352,True,True,True,True,Eyes,1.250675,-0.3118284,-3.32301,0.08416517,0.03352232,0.9958878,0,0,0,0,0,0,0,-1.416611,-0.1088947,3.279227,1.254064,-0.3121746,-3.331943,-0.05519703,0.02390031,-0.02070618,0.9979747,353.7319,2.882637,357.4649,0.3448556,-0.08573397,-0.9347315,0,0,0,1.304705,-0.2473213,-2.613611,0.01506354,-0.01348826,0.722747,0.998,-0.04396694,-0.04541796,0.03869004,0.9930491,-0.1111602,0.04998964,0.1091807,0.9927641,moving,4.830742,1.92789,1.193989,-1.069157
05/15/2023 14:22:39.612381,353,True,True,True,True,Eyes,1.250695,-0.3118309,-3.322999,0.08436848,0.03339862,0.9958748,0,0,0,0,0,0,0,-1.433994,-0.09685275,3.271911,1.254404,-0.3123818,-3.331668,-0.0533716,0.02646217,-0.02082105,0.9980068,353.9482,3.172934,357.4419,0.3454598,-0.0859094,-0.9344923,0,0,0,1.308936,-0.2504491,-2.6136,0.01532801,-0.01364899,0.722503,0.9977325,-0.04438376,-0.05059636,0.03873445,0.9934359,-0.1076324,0.05504137,0.1054285,0.9929025,moving,4.842419,1.920807,1.215356,-1.08226
05/15/2023 14:22:39.628666,354,True,True,True,True,Eyes,1.250633,-0.3118361,-3.322977,0.08497883,0.03323293,0.9958284,0,0,0,0,0,0,0,-1.451586,-0.08790669,3.264299,1.254843,-0.3124211,-3.331403,-0.05190347,0.02905033,-0.021131,0.9980058,354.1242,3.468294,357.396,0.3460044,-0.08606748,-0.9342763,0,0,0,1.312994,-0.2534494,-2.613589,0.01528886,-0.01436808,0.7222709,0.9974192,-0.04519334,-0.05579125,0.0391621,0.993719,-0.1048277,0.06017834,0.1023722,0.9929242,moving,4.877508,1.911374,1.212642,-1.139631
05/15/2023 14:22:39.640638,355,True,True,True,True,Eyes,1.250594,-0.3118406,-3.322943,0.08579099,0.03297811,0.9957672,0,0,0,0,0,0,0,-1.470109,-0.08007064,3.256106,1.255232,-0.3125292,-3.331152,-0.05056082,0.03179348,-0.02155707,0.997982,354.2869,3.782331,357.3363,0.3464931,-0.08620994,-0.934082,0,0,0,1.317116,-0.2564965,-2.613579,0.01513816,-0.01524156,0.7220939,0.997049,-0.04624215,-0.06127875,0.03981213,0.9939578,-0.1022883,0.06563852,0.09954682,0.9928655,moving,4.924196,1.896845,1.200988,-1.209188
05/15/2023 14:22:39.660770,356,True,True,True,True,Eyes,1.25051,-0.3118476,-3.322898,0.08703054,0.03267199,0.9956697,0,0,0,0,0,0,0,-1.489413,-0.07366338,3.24738,1.255685,-0.3125017,-3.330894,-0.04945372,0.03466274,-0.02187448,0.9979351,354.4228,4.110786,357.2883,0.3469309,-0.08633798,-0.9339077,0,0,0,1.321014,-0.2593785,-2.613569,0.01453481,-0.01644927,0.7219161,0.99664,-0.04708702,-0.06701878,0.04023022,0.9941517,-0.1002197,0.07134587,0.09718674,0.9927057,moving,4.995473,1.879434,1.153418,-1.305291
05/15/2023 14:22:39.680611,357,True,True,True,True,Eyes,1.250454,-0.3118563,-3.322843,0.08845659,0.03231744,0.9955557,0,0,0,0,0,0,0,-1.508818,-0.06994024,3.238441,1.25618,-0.3126066,-3.330647,-0.04873548,0.03755349,-0.02227106,0.997857,354.5148,4.443245,357.2299,0.3473243,-0.08645391,-0.9337499,0,0,0,1.325169,-0.2624497,-2.613558,0.01412617,-0.01826236,0.7217744,0.9961875,-0.04810704,-0.07277524,0.04078629,0.9942577,-0.09893478,0.0771168,0.09558936,0.9924292,moving,5.077481,1.859266,1.121218,-1.44939
05/15/2023 14:22:39.690925,358,True,True,True,True,Eyes,1.250423,-0.311876,-3.322775,0.090076,0.03191859,0.9954233,0,0,0,0,0,0,0,-1.528981,-0.06807294,3.228962,1.256741,-0.3126608,-3.330384,-0.04811588,0.04055069,-0.02307084,0.9977517,354.5979,4.790354,357.1247,0.3476774,-0.08655867,-0.9336081,0,0,0,1.329144,-0.2653885,-2.613548,0.013313,-0.02011469,0.72163,0.9956468,-0.04994021,-0.07869889,0.04213567,0.9943052,-0.09788648,0.08313917,0.09414433,0.992081,moving,5.170621,1.83658,1.056902,-1.596647
05/15/2023 14:22:39.710542,359,True,True,True,True,Eyes,1.250423,-0.311876,-3.322775,0.090076,0.03191859,0.9954233,0,0,0,0,0,0,0,-1.550263,-0.0668624,3.218706,1.257252,-0.3129487,-3.33005,-0.04754868,0.0437328,-0.02405077,0.9976212,354.6772,5.159725,356.998,0.3479951,-0.08665368,-0.9334804,0,0,0,1.333329,-0.2684828,-2.613538,0.01249694,-0.021936,0.7214693,0.995018,-0.05214598,-0.08497038,0.04382823,0.9943213,-0.09697475,0.0895447,0.09276753,0.9916531,moving,5.170621,1.83658,0.9923506,-1.74152
05/15/2023 14:22:39.730951,360,True,True,True,True,Eyes,1.250423,-0.311876,-3.322775,0.090076,0.03191859,0.9954233,0,0,0,0,0,0,0,-1.571939,-0.06241155,3.208386,1.257877,-0.3130949,-3.329916,-0.04650979,0.04695932,-0.02490395,0.9975027,354.8106,5.53166,356.8888,0.348281,-0.08673919,-0.9333656,0,0,0,1.337359,-0.271462,-2.613527,0.01132764,-0.02314448,0.7215262,0.9943492,-0.05405165,-0.09136756,0.04531537,0.9944333,-0.09512622,0.09600066,0.09044833,0.9912633,moving,5.170621,1.83658,0.8994443,-1.837253
05/15/2023 14:22:39.744464,361,True,True,True,True,Eyes,1.250423,-0.311876,-3.322775,0.090076,0.03191859,0.9954233,0,0,0,0,0,0,0,-1.594986,-0.0581221,3.197001,1.258413,-0.3131352,-3.329642,-0.04550874,0.05042978,-0.02567387,0.9973599,354.9406,5.93111,356.7886,0.3485384,-0.08681615,-0.9332622,0,0,0,1.341265,-0.2743497,-2.613517,0.009793147,-0.0244257,0.7214646,0.9935954,-0.05580217,-0.0982565,0.04662218,0.9945396,-0.09336663,0.10293,0.08818772,0.9907715,moving,5.170621,1.83658,0.7776842,-1.939049
05/15/2023 14:22:39.760859,362,True,True,True,True,Eyes,1.250423,-0.311876,-3.322775,0.090076,0.03191859,0.9954233,0,0,0,0,0,0,0,-1.61825,-0.05631471,3.185271,1.258951,-0.3132659,-3.329379,-0.04490096,0.05395496,-0.02642345,0.9971833,355.0263,6.338059,356.6887,0.34877,-0.08688541,-0.9331692,0,0,0,1.345731,-0.2776515,-2.613506,0.008771427,-0.02657322,0.7214504,0.9927813,-0.0575433,-0.1052331,0.04785278,0.9945714,-0.09240033,0.1099788,0.08669763,0.9901456,moving,5.170621,1.83658,0.6965704,-2.109425
05/15/2023 14:22:39.770773,363,True,True,True,True,Eyes,1.250423,-0.311876,-3.322775,0.090076,0.03191859,0.9954233,0,0,0,0,0,0,0,-1.642259,-0.05285233,3.173017,1.259481,-0.3135046,-3.329154,-0.04404878,0.0576033,-0.02717131,0.9969972,355.1411,6.75807,356.5907,0.3489784,-0.08694775,-0.9330855,0,0,0,1.349406,-0.2803682,-2.613496,0.006744467,-0.02772403,0.7214828,0.9918872,-0.05925415,-0.1124669,0.04910473,0.9946429,-0.09096333,0.1172544,0.08470271,0.9894831,moving,5.170621,1.83658,0.535589,-2.200591
05/15/2023 14:22:39.790784,364,True,True,True,True,Eyes,1.250423,-0.311876,-3.322775,0.090076,0.03191859,0.9954233,0,0,0,0,0,0,0,-1.666642,-0.04621746,3.160412,1.260008,-0.313628,-3.328972,-0.04279066,0.06132123,-0.02768174,0.9968162,355.3014,7.183137,356.5235,0.349166,-0.08700385,-0.9330102,0,0,0,1.353473,-0.2833751,-2.613486,0.00501667,-0.02870293,0.721611,0.9909469,-0.06043516,-0.1198829,0.04993926,0.9948053,-0.08870379,0.124621,0.08191387,0.9888174,moving,5.170621,1.83658,0.3983162,-2.277807
05/15/2023 14:22:39.810757,365,True,True,True,True,Eyes,1.250423,-0.311876,-3.322775,0.090076,0.03191859,0.9954233,0,0,0,0,0,0,0,-1.689105,-0.03967199,3.148448,1.260465,-0.3138543,-3.328678,-0.0416982,0.06477449,-0.02788657,0.9966384,355.44,7.576884,356.4924,0.3493348,-0.08705434,-0.9329423,0,0,0,1.35754,-0.2863813,-2.613476,0.003754534,-0.02982229,0.721657,0.9900532,-0.0609876,-0.1267878,0.05018369,0.9949672,-0.08672871,0.1314391,0.07950336,0.988131,moving,5.170621,1.83658,0.2980876,-2.366387
05/15/2023 14:22:39.831058,366,True,True,True,True,Eyes,1.250423,-0.311876,-3.322775,0.090076,0.03191859,0.9954233,0,0,0,0,0,0,0,-1.709731,-0.03266373,3.137361,1.260964,-0.3139472,-3.328466,-0.04048232,0.06793628,-0.02815363,0.9964705,355.5923,7.936806,356.4573,0.3494868,-0.08709978,-0.9328813,0,0,0,1.361622,-0.2893991,-2.613465,0.002880305,-0.03089768,0.7218019,0.9891841,-0.06160894,-0.1331135,0.05060807,0.9951371,-0.08450418,0.1376724,0.07685357,0.9874917,moving,5.170621,1.83658,0.228634,-2.451125
05/15/2023 14:22:39.845791,367,True,True,True,True,Eyes,1.250423,-0.311876,-3.322775,0.090076,0.03191859,0.9954233,0,0,0,0,0,0,0,-1.729461,-0.02422509,3.126432,1.261392,-0.314201,-3.328118,-0.03906621,0.07097282,-0.02842723,0.9963076,355.7672,8.281427,356.4247,0.3496236,-0.08714068,-0.9328264,0,0,0,1.365627,-0.2923598,-2.613455,0.00217659,-0.03145035,0.721867,0.9883095,-0.0621898,-0.1392004,0.05109924,0.9953315,-0.08187904,0.1436426,0.0738088,0.9868734,moving,5.170621,1.83658,0.1727591,-2.494689
05/15/2023 14:22:39.860863,368,True,True,True,True,Eyes,1.250972,-0.3119917,-3.322643,0.09188669,0.02945586,0.9953337,0,0,0,0,0,0,0,-1.746904,-0.01436847,3.116768,1.261819,-0.3143436,-3.327931,-0.03739345,0.07364288,-0.02873753,0.9961691,355.9706,8.582861,356.3927,0.3497466,-0.08717749,-0.932777,0,0,0,1.369973,-0.2955728,-2.613444,0.002328634,-0.03196978,0.722159,0.9875018,-0.0627624,-0.1445723,0.05174735,0.9955518,-0.07873302,0.1488707,0.07026775,0.9863569,moving,5.274452,1.695114,0.1847522,-2.534814
05/15/2023 14:22:39.870630,369,True,True,True,True,Eyes,1.251518,-0.3121138,-3.322511,0.09383883,0.02693253,0.995223,0,0,0,0,0,0,0,-1.7646,-0.003712028,3.106576,1.262251,-0.3146699,-3.327514,-0.03573958,0.07637382,-0.02879688,0.9960223,356.17,8.890327,356.39,0.349872,-0.08721367,-0.9327267,0,0,0,1.373804,-0.2984055,-2.613434,0.001875035,-0.03199363,0.7222131,0.9866756,-0.0628238,-0.1500817,0.05190554,0.9957868,-0.0755935,0.1541984,0.06679619,0.9857795,moving,5.386451,1.550149,0.148753,-2.536512
05/15/2023 14:22:39.895621,370,True,True,True,True,Eyes,1.251518,-0.3121138,-3.322511,0.09383883,0.02693253,0.995223,0,0,0,0,0,0,0,-1.782527,0.008039802,3.096338,1.262698,-0.3149108,-3.327341,-0.033842,0.0791331,-0.02896763,0.9958683,356.3983,9.200438,356.3778,0.3499994,-0.08724947,-0.9326757,0,0,0,1.377792,-0.3013535,-2.613424,0.001481898,-0.03186669,0.722558,0.9857977,-0.06305192,-0.1556516,0.05233984,0.9960312,-0.07198894,0.1595729,0.06281975,0.9851854,moving,5.386451,1.550149,0.1175081,-2.525257
05/15/2023 14:22:39.910792,371,True,True,True,True,Eyes,1.251518,-0.3121138,-3.322511,0.09383883,0.02693253,0.995223,0,0,0,0,0,0,0,-1.798658,0.02076924,3.086841,1.262997,-0.3151225,-3.327119,-0.03180847,0.08163454,-0.02909472,0.9957297,356.6408,9.480143,356.374,0.350114,-0.08728168,-0.9326298,0,0,0,1.381767,-0.3042922,-2.613414,0.001594469,-0.03154524,0.7229121,0.9849786,-0.0631343,-0.1607209,0.05274762,0.9962834,-0.06809555,0.1644228,0.05859501,0.984648,moving,5.386451,1.550149,0.1263725,-2.498593
05/15/2023 14:22:39.929484,372,True,True,True,True,Eyes,1.251811,-0.312243,-3.322323,0.09668751,0.02393996,0.9950268,0,0,0,0,0,0,0,-1.813516,0.03209789,3.077884,1.263267,-0.3152176,-3.326866,-0.02994635,0.08394635,-0.02927482,0.99559,356.8636,9.738925,356.3642,0.3502172,-0.08731068,-0.9325885,0,0,0,1.385998,-0.3074199,-2.613403,0.002291039,-0.03174197,0.7232843,0.984192,-0.0633192,-0.1653989,0.05326365,0.9964924,-0.0645436,0.1689056,0.05471354,0.9841125,moving,5.55005,1.378248,0.1814866,-2.512864
05/15/2023 14:22:39.944201,373,True,True,True,True,Eyes,1.252104,-0.3123754,-3.322141,0.09955573,0.02094348,0.9948115,0,0,0,0,0,0,0,-1.826251,0.04228397,3.070074,1.263454,-0.3153781,-3.326643,-0.02823914,0.08593222,-0.02952299,0.9954631,357.0681,9.961041,356.3469,0.3503189,-0.08734055,-0.9325476,0,0,0,1.390006,-0.3103831,-2.613393,0.003307097,-0.03191689,0.7236972,0.9834881,-0.06363138,-0.1694173,0.05392478,0.9966619,-0.06129598,0.1727521,0.05114808,0.9836364,moving,5.714846,1.206053,0.2618241,-2.525254
05/15/2023 14:22:39.960593,374,True,True,True,True,Eyes,1.252383,-0.3125076,-3.321949,0.1025262,0.01793908,0.9945685,0,0,0,0,0,0,0,-1.837671,0.0505622,3.063221,1.263705,-0.3155698,-3.326617,-0.02677866,0.08769432,-0.02987739,0.9953392,357.2449,10.1587,356.3164,0.3504192,-0.08737128,-0.9325071,0,0,0,1.393916,-0.3132738,-2.613383,0.004459918,-0.03233687,0.7242919,0.9828341,-0.06417295,-0.172971,0.0547796,0.9967805,-0.05854786,0.1761713,0.04806755,0.9831852,moving,5.885607,1.033334,0.3528015,-2.55634
05/15/2023 14:22:39.970775,375,True,True,True,True,Eyes,1.252665,-0.3126397,-3.321758,0.1055299,0.01497306,0.9943034,0,0,0,0,0,0,0,-1.849686,0.05738379,3.055539,1.263944,-0.3156804,-3.32622,-0.02550988,0.08957287,-0.03027243,0.9951932,357.4007,10.37059,356.2794,0.3505179,-0.08740281,-0.9324671,0,0,0,1.398116,-0.3163785,-2.613372,0.005828947,-0.03328511,0.7245774,0.9821206,-0.06482382,-0.1767401,0.05568385,0.9968656,-0.05619771,0.1798291,0.04535135,0.9826519,moving,6.058377,0.8627433,0.4609126,-2.630163
05/15/2023 14:22:39.990758,376,True,True,True,True,Eyes,1.252888,-0.312774,-3.321555,0.1088319,0.01195446,0.9939882,0,0,0,0,0,0,0,-1.862112,0.06352702,3.047829,1.26428,-0.3157955,-3.326053,-0.02455078,0.09152933,-0.03023726,0.9950404,357.517,10.59165,356.2887,0.3506154,-0.08743507,-0.9324275,0,0,0,1.401993,-0.319245,-2.613362,0.006617457,-0.03453673,0.7250302,0.9814162,-0.06466883,-0.1806661,0.05568037,0.9969659,-0.05439322,0.1836355,0.04332284,0.9820393,moving,6.248434,0.6890494,0.5229324,-2.727216
05/15/2023 14:22:40.010891,377,True,True,True,True,Eyes,1.253119,-0.3129039,-3.321354,0.1121472,0.008989965,0.9936509,0,0,0,0,0,0,0,-1.874381,0.07057606,3.039998,1.264526,-0.3160217,-3.325804,-0.02360334,0.09349473,-0.02992676,0.99489,357.629,10.81318,356.3297,0.3507104,-0.08746811,-0.9323887,0,0,0,1.406136,-0.3223081,-2.613351,0.0077492,-0.03590807,0.7254879,0.9807262,-0.06396124,-0.1846212,0.05513409,0.9970946,-0.05256144,0.1874467,0.04136946,0.9814032,moving,6.439368,0.5183641,0.6119738,-2.833546
05/15/2023 14:22:40.030455,378,True,True,True,True,Eyes,1.253353,-0.3130374,-3.32115,0.1155258,0.006005564,0.9932863,0,0,0,0,0,0,0,-1.886274,0.07519928,3.032547,1.264909,-0.3160324,-3.325681,-0.02283642,0.09536853,-0.02994579,0.9947294,357.7236,11.02577,356.3316,0.3508032,-0.08750173,-0.9323507,0,0,0,1.41022,-0.3253273,-2.613341,0.008822694,-0.03767622,0.7260394,0.9800162,-0.06393167,-0.1883641,0.05522017,0.9971635,-0.05114388,0.1910995,0.03972034,0.9807667,moving,6.634076,0.346415,0.6962133,-2.970573
05/15/2023 14:22:40.050491,379,True,True,True,True,Eyes,1.253597,-0.3131713,-3.320945,0.1189416,0.003077358,0.9928964,0,0,0,0,0,0,0,-1.898691,0.07826272,3.024579,1.265305,-0.3162438,-3.32539,-0.0221918,0.09732173,-0.03026731,0.9945452,357.8079,11.24868,356.2978,0.3508943,-0.08753596,-0.9323133,0,0,0,1.414349,-0.3283798,-2.61333,0.009845659,-0.03939893,0.7264582,0.9792247,-0.06452389,-0.1922383,0.05588491,0.9971828,-0.05003282,0.1949251,0.03825016,0.980072,moving,6.831059,0.1775805,0.7764799,-3.104353
05/15/2023 14:22:40.060612,380,True,True,True,True,Eyes,1.253843,-0.3133047,-3.320741,0.1224652,0.0001222074,0.9924728,0,0,0,0,0,0,0,-1.913141,0.0802208,3.015424,1.265746,-0.3163851,-3.325224,-0.02154353,0.09958925,-0.03089816,0.9943156,357.8975,11.50842,356.2283,0.3509841,-0.08757076,-0.9322763,0,0,0,1.418344,-0.3313335,-2.61332,0.01022039,-0.04106512,0.7269979,0.9782546,-0.06573604,-0.196715,0.05715402,0.9971623,-0.04899638,0.1993776,0.03668788,0.9792357,moving,7.034396,0.007055074,0.8054314,-3.232968
05/15/2023 14:22:40.070689,381,True,True,True,True,Eyes,1.254094,-0.3134361,-3.320538,0.1260186,-0.00277456,0.9920241,0,0,0,0,0,0,0,-1.928505,0.08131826,3.005609,1.266157,-0.3165055,-3.325071,-0.02101182,0.1020213,-0.03154359,0.99406,357.9749,11.78758,356.1559,0.3510727,-0.08760606,-0.9322397,0,0,0,1.422306,-0.3342624,-2.61331,0.01035407,-0.04289702,0.7275677,0.9771933,-0.06699974,-0.201505,0.05842513,0.997127,-0.04821026,0.2041562,0.03533778,0.9783003,moving,7.23961,-0.1602483,0.8153257,-3.374224
05/15/2023 14:22:40.090317,382,True,True,True,True,Eyes,1.254362,-0.3135697,-3.320337,0.1296049,-0.005715319,0.9915492,0,0,0,0,0,0,0,-1.942729,0.08257779,2.996365,1.266479,-0.3165872,-3.324909,-0.02041965,0.1042822,-0.03224592,0.9938151,358.0595,12.04682,356.0784,0.3511603,-0.08764173,-0.9322034,0,0,0,1.427425,-0.3380463,-2.613297,0.01201497,-0.04543438,0.728387,0.9761709,-0.06835179,-0.2059575,0.05983417,0.9970864,-0.04731207,0.2085913,0.03386137,0.9774166,moving,7.446885,-0.3302509,0.945026,-3.569298
05/15/2023 14:22:40.110481,383,True,True,True,True,Eyes,1.254643,-0.3137091,-3.320132,0.1332385,-0.008609649,0.9910466,0,0,0,0,0,0,0,-1.957406,0.08126055,2.986869,1.266971,-0.3167656,-3.324736,-0.01999475,0.1065768,-0.03342818,0.9935414,358.1315,12.31153,355.9444,0.3512475,-0.08767778,-0.9321672,0,0,0,1.430203,-0.3401006,-2.61329,0.01109214,-0.04645316,0.7287416,0.9750479,-0.0706865,-0.2104401,0.0621626,0.9969655,-0.04685654,0.2131136,0.03260587,0.9764832,moving,7.657062,-0.4977406,0.8720291,-3.647348
05/15/2023 14:22:40.130326,384,True,True,True,True,Eyes,1.254915,-0.3138537,-3.319926,0.1371847,-0.01169764,0.9904764,0,0,0,0,0,0,0,-1.974032,0.08024269,2.975911,1.267534,-0.3170533,-3.324473,-0.01936683,0.1091737,-0.03491727,0.9932205,358.2323,12.61057,355.7778,0.3513347,-0.08771434,-0.932131,0,0,0,1.434383,-0.3431907,-2.613279,0.01111595,-0.04796936,0.7293108,0.9737238,-0.0735898,-0.2155146,0.06513241,0.9968114,-0.04609516,0.2182195,0.03084697,0.9754121,moving,7.885512,-0.6766383,0.8732189,-3.763126
05/15/2023 14:22:40.141039,385,True,True,True,True,Eyes,1.255209,-0.3140049,-3.319718,0.1412039,-0.01480242,0.9898699,0,0,0,0,0,0,0,-1.992241,0.08135992,2.964025,1.26831,-0.3173656,-3.324419,-0.01826867,0.111977,-0.03663213,0.9928674,358.3913,12.93133,355.5917,0.3514216,-0.08775151,-0.9320948,0,0,0,1.438418,-0.3461737,-2.613269,0.01042233,-0.04866593,0.7300846,0.9722385,-0.07683302,-0.2210181,0.06865035,0.9966487,-0.04448063,0.223695,0.02807281,0.9742548,moving,8.118411,-0.8567315,0.8178713,-3.813577
05/15/2023 14:22:40.160706,386,True,True,True,True,Eyes,1.255508,-0.3141583,-3.319511,0.1454672,-0.01811888,0.9891971,0,0,0,0,0,0,0,-2.012828,0.08360249,2.950118,1.269085,-0.3176794,-3.324179,-0.01686959,0.115179,-0.03853413,0.9924538,358.5899,13.29645,355.3886,0.3515089,-0.08778939,-0.9320583,0,0,0,1.442455,-0.3491578,-2.613259,0.0091784,-0.04889577,0.7307397,0.9704978,-0.08037274,-0.2273196,0.07260065,0.9964611,-0.04236122,0.2299198,0.02460792,0.9728984,moving,8.365718,-1.049355,0.7196214,-3.82811
05/15/2023 14:22:40.180341,387,True,True,True,True,Eyes,1.255831,-0.3143151,-3.319305,0.1498503,-0.02145924,0.9884758,0,0,0,0,0,0,0,-2.035902,0.08520932,2.934609,1.270007,-0.3179178,-3.324169,-0.01535509,0.1187632,-0.04075582,0.9919671,358.8091,13.70489,355.1514,0.3515965,-0.08782797,-0.9320216,0,0,0,1.446568,-0.3521989,-2.613248,0.007274657,-0.04905806,0.7316403,0.9684685,-0.08450411,-0.2343668,0.07720961,0.9962064,-0.04014407,0.23687,0.0207829,0.9713191,moving,8.620252,-1.243663,0.5696698,-3.836063
05/15/2023 14:22:40.200388,388,True,True,True,True,Eyes,1.256161,-0.3144745,-3.319102,0.1544024,-0.02497965,0.9876922,0,0,0,0,0,0,0,-2.061567,0.08553262,2.916835,1.270832,-0.3181714,-3.324012,-0.01389303,0.1228184,-0.04319168,0.9913915,359.0295,14.1675,354.8902,0.3516851,-0.08786726,-0.9319845,0,0,0,1.450544,-0.3551381,-2.613238,0.004674837,-0.04915783,0.7324094,0.9661003,-0.08905236,-0.2423221,0.08222709,0.9958829,-0.03815632,0.2447224,0.01693739,0.9694452,moving,8.884934,-1.448755,0.3657036,-3.839817
05/15/2023 14:22:40.210773,389,True,True,True,True,Eyes,1.256509,-0.3146356,-3.3189,0.1590735,-0.02849241,0.9868555,0,0,0,0,0,0,0,-2.087918,0.08583884,2.898381,1.271582,-0.3184161,-3.324015,-0.01252621,0.1270346,-0.04539063,0.9907799,359.2386,14.64837,354.656,0.3517747,-0.08790723,-0.931947,0,0,0,1.454599,-0.3581364,-2.613228,0.001939356,-0.04950512,0.7333736,0.9636038,-0.09312678,-0.2505896,0.08676174,0.9955656,-0.0363538,0.2528639,0.01328908,0.9674106,moving,9.15687,-1.65378,0.1515144,-3.861794
05/15/2023 14:22:40.231056,390,True,True,True,True,Eyes,1.25683,-0.3147991,-3.31869,0.1637929,-0.0320982,0.9859724,0,0,0,0,0,0,0,-2.113708,0.08538733,2.879853,1.272287,-0.3186322,-3.323908,-0.01134655,0.1312074,-0.04741807,0.9901552,359.4255,15.1247,354.4402,0.3518655,-0.08794786,-0.9319088,0,0,0,1.459037,-0.3614171,-2.613216,-0.0002700239,-0.05041353,0.7343349,0.9610723,-0.09688001,-0.2587554,0.090925,0.9952456,-0.03491289,0.2609075,0.01002648,0.9653118,moving,9.432024,-1.864598,-0.02106836,-3.927306
05/15/2023 14:22:40.240832,391,True,True,True,True,Eyes,1.257165,-0.314968,-3.318483,0.1686235,-0.03569585,0.985034,0,0,0,0,0,0,0,-2.139865,0.08728234,2.860626,1.273024,-0.3189306,-3.323781,-0.01001051,0.1354761,-0.04902317,0.9895164,359.6259,15.61066,354.2762,0.351957,-0.08798919,-0.9318704,0,0,0,1.462837,-0.3642265,-2.613207,-0.003365412,-0.05068441,0.7351298,0.9584859,-0.09973083,-0.2671302,0.0943061,0.994993,-0.03309407,0.2690932,0.00652819,0.963092,moving,9.714046,-2.075387,-0.2622973,-3.944086
05/15/2023 14:22:40.260849,392,True,True,True,True,Eyes,1.257564,-0.3151468,-3.318297,0.1732956,-0.0392894,0.9840859,0,0,0,0,0,0,0,-2.164531,0.09096169,2.842108,1.27362,-0.319221,-3.323708,-0.008671894,0.1395562,-0.05010197,0.9889079,359.8185,16.07448,354.1737,0.3520493,-0.08803127,-0.9318316,0,0,0,1.466942,-0.3672609,-2.613196,-0.005797565,-0.05122478,0.7361047,0.9560277,-0.1015129,-0.2751474,0.09667204,0.9948292,-0.03113549,0.2768854,0.003167331,0.9608977,moving,9.98728,-2.286306,-0.4512526,-3.980738
05/15/2023 14:22:40.280789,393,True,True,True,True,Eyes,1.257973,-0.3153283,-3.318109,0.1780497,-0.04286136,0.9830877,0,0,0,0,0,0,0,-2.187632,0.09391291,2.824611,1.27422,-0.319502,-3.323742,-0.007484206,0.1433897,-0.05111081,0.9883174,359.9922,16.51068,354.078,0.3521438,-0.0880742,-0.9317919,0,0,0,1.471181,-0.3703946,-2.613185,-0.0077658,-0.05207206,0.7372265,0.9536542,-0.1031737,-0.2826641,0.09888108,0.9946634,-0.02945107,0.2841942,0.000136009,0.9587668,moving,10.26572,-2.496442,-0.6035203,-4.040227
05/15/2023 14:22:40.290716,394,True,True,True,True,Eyes,1.258395,-0.3155071,-3.317924,0.1828646,-0.04641407,0.982042,0,0,0,0,0,0,0,-2.209563,0.09736083,2.80745,1.274811,-0.3197367,-3.323559,-0.006276846,0.1470566,-0.05199393,0.9877408,0.1657174,16.92751,353.9982,0.3522404,-0.08811797,-0.9317513,0,0,0,1.475033,-0.3732426,-2.613175,-0.009834453,-0.05268849,0.738054,0.9513419,-0.1045591,-0.2898549,0.1008669,0.9945145,-0.0276919,0.2911603,-0.002892311,0.9566699,moving,10.54816,-2.705946,-0.763412,-4.083327
05/15/2023 14:22:40.311002,395,True,True,True,True,Eyes,1.258583,-0.3156686,-3.317687,0.1898459,-0.05089815,0.9804937,0,0,0,0,0,0,0,-2.229913,0.1025507,2.791381,1.275476,-0.3198358,-3.323507,-0.004982532,0.150461,-0.05250145,0.9872084,0.3415563,17.31358,353.9636,0.3523393,-0.0881624,-0.9317096,0,0,0,1.479239,-0.3763518,-2.613165,-0.01129554,-0.05359587,0.7391208,0.9492102,-0.1051591,-0.2965495,0.1021604,0.9944375,-0.02563643,0.2975959,-0.005961245,0.9546733,moving,10.95817,-2.971599,-0.875549,-4.147429
05/15/2023 14:22:40.330755,396,True,True,True,True,Eyes,1.259003,-0.3158522,-3.317511,0.1962623,-0.05511875,0.979001,0,0,0,0,0,0,0,-2.24738,0.1067566,2.777226,1.275927,-0.3199576,-3.323363,-0.004052429,0.1534426,-0.05269268,0.9867435,0.4682943,17.65316,353.9593,0.3524349,-0.08820727,-0.9316692,0,0,0,1.483265,-0.3793283,-2.613154,-0.01208912,-0.05490055,0.7401009,0.9473577,-0.1052319,-0.3023899,0.1027447,0.9944141,-0.02416802,0.303244,-0.008173189,0.9528779,moving,11.33594,-3.222408,-0.93581,-4.24242
05/15/2023 14:22:40.340711,397,True,True,True,True,Eyes,1.259422,-0.3160358,-3.317335,0.2025894,-0.05926371,0.9774688,0,0,0,0,0,0,0,-2.263052,0.1103373,2.764404,1.276393,-0.3201447,-3.323226,-0.003364136,0.1561343,-0.05268016,0.9863243,0.5623156,17.96087,353.9743,0.3525328,-0.08825281,-0.9316278,0,0,0,1.48718,-0.382223,-2.613144,-0.01259567,-0.05644228,0.7410512,0.9456937,-0.1049699,-0.3076436,0.1028689,0.994427,-0.02308661,0.3083525,-0.0098141,0.9512216,moving,11.70929,-3.469583,-0.9737642,-4.355533
05/15/2023 14:22:40.361161,398,True,True,True,True,Eyes,1.259849,-0.3162172,-3.317167,0.2085277,-0.06327944,0.9759672,0,0,0,0,0,0,0,-2.276338,0.1172425,2.753198,1.276738,-0.3203062,-3.323087,-0.002263998,0.1584219,-0.0524781,0.9859734,0.6968991,18.21963,354.0184,0.3526326,-0.08829894,-0.9315857,0,0,0,1.491249,-0.385231,-2.613134,-0.01229341,-0.05749617,0.7421632,0.9442971,-0.1042013,-0.312162,0.1027667,0.9944819,-0.02109185,0.3126372,-0.01216288,0.9497948,moving,12.06062,-3.709732,-0.9489778,-4.429916
05/15/2023 14:22:40.380917,399,True,True,True,True,Eyes,1.260273,-0.3163939,-3.316996,0.2143424,-0.06718045,0.9744455,0,0,0,0,0,0,0,-2.286758,0.1235434,2.744333,1.277015,-0.3203809,-3.323022,-0.001349501,0.1602273,-0.05214559,0.9857009,0.8050255,18.42387,354.0741,0.3527344,-0.08834552,-0.9315427,0,0,0,1.4954,-0.3882995,-2.613123,-0.01114193,-0.05894465,0.7434126,0.9432161,-0.1032324,-0.3157316,0.1023675,0.994558,-0.0193707,0.3160131,-0.01404989,0.9486508,moving,12.40542,-3.943858,-0.8586585,-4.533457
05/15/2023 14:22:40.390662,400,True,True,True,True,Eyes,1.260711,-0.3165653,-3.316833,0.2196991,-0.0709153,0.9729868,0,0,0,0,0,0,0,-2.295563,0.1279877,2.736642,1.277324,-0.3204291,-3.322795,-0.0007701254,0.1617687,-0.05177286,0.9854693,0.8727968,18.59962,354.1282,0.3528378,-0.08839238,-0.9314991,0,0,0,1.499508,-0.3913367,-2.613113,-0.009598255,-0.06087561,0.7444755,0.9423009,-0.1022903,-0.3187564,0.101792,0.994638,-0.01826832,0.3189159,-0.01523258,0.9476606,moving,12.72393,-4.168582,-0.7386529,-4.674664
05/15/2023 14:22:40.410488,401,True,True,True,True,Eyes,1.271638,-0.3207092,-3.312683,0.3477832,-0.1605436,0.9237275,0,0,0,0,0,0,0,-2.302108,0.1316077,2.730975,1.277636,-0.3204268,-3.322683,-0.0003571898,0.1629091,-0.05136727,0.985303,0.9186347,18.72992,354.1829,0.352943,-0.08843933,-0.9314548,0,0,0,1.50343,-0.394236,-2.613103,-0.007672563,-0.0629653,0.7455941,0.941644,-0.101341,-0.3209929,0.1011083,0.9947225,-0.01744027,0.3210663,-0.01603251,0.946921,moving,20.63134,-9.859505,-0.5895835,-4.827165
05/15/2023 14:22:40.430652,402,True,True,True,True,Eyes,1.271638,-0.3207092,-3.312683,0.3477832,-0.1605436,0.9237275,0,0,0,0,0,0,0,-2.309596,0.1357929,2.724356,1.278021,-0.3203262,-3.322475,0.0001759098,0.1642124,-0.05096665,0.9851075,0.9789626,18.87854,354.2394,0.3533401,-0.08859672,-0.9312893,0,0,0,1.507681,-0.3973793,-2.613092,-0.005707964,-0.06520651,0.7467405,0.9408734,-0.1003575,-0.3235517,0.100473,0.9948047,-0.01639213,0.3235158,-0.01708529,0.9460685,moving,20.63134,-9.859505,-0.4379512,-4.990495
05/15/2023 14:22:40.440742,403,True,True,True,True,Eyes,1.271638,-0.3207092,-3.312683,0.3477832,-0.1605436,0.9237275,0,0,0,0,0,0,0,-2.315147,0.1385175,2.719389,1.278363,-0.3205087,-3.322233,0.0003570108,0.1651918,-0.05048338,0.9849685,0.9959753,18.99167,354.2985,0.3536978,-0.08873856,-0.9311392,0,0,0,1.511546,-0.4002366,-2.613082,-0.003607512,-0.06743319,0.7477068,0.9403262,-0.09933112,-0.3254535,0.09956703,0.9949026,-0.01597559,0.3253815,-0.01738217,0.945423,moving,20.63134,-9.859505,-0.2764367,-5.153374
05/15/2023 14:22:40.460495,404,True,True,True,True,Eyes,1.271638,-0.3207092,-3.312683,0.3477832,-0.1605436,0.9237275,0,0,0,0,0,0,0,-2.320999,0.1379323,2.714335,1.278701,-0.3206275,-3.322017,0.0003778624,0.1661993,-0.0506147,0.9847923,1.006652,19.10837,354.285,0.3540198,-0.08886622,-0.9310042,0,0,0,1.515654,-0.4032734,-2.613072,-0.001218334,-0.06997065,0.7487885,0.9396319,-0.09956433,-0.3273818,0.09981553,0.994876,-0.01608002,0.3273053,-0.01756849,0.9447553,moving,20.63134,-9.859505,-0.09322435,-5.33851
05/15/2023 14:22:40.480795,405,True,True,True,True,Eyes,1.271638,-0.3207092,-3.312683,0.3477832,-0.1605436,0.9237275,0,0,0,0,0,0,0,-2.327674,0.1399299,2.708558,1.27897,-0.3207753,-3.321939,0.001017323,0.1673168,-0.05107005,0.984579,1.094017,19.23415,354.2469,0.3543096,-0.08898111,-0.9308826,0,0,0,1.51953,-0.4061387,-2.613062,0.0007619262,-0.07133863,0.7500482,0.9387938,-0.1002246,-0.3295772,0.1009054,0.9947817,-0.01508649,0.3293694,-0.01909303,0.9440081,moving,20.63134,-9.859505,0.05820312,-5.433176
05/15/2023 14:22:40.490898,406,True,True,True,True,Eyes,1.271638,-0.3207092,-3.312683,0.3477832,-0.1605436,0.9237275,0,0,0,0,0,0,0,-2.33442,0.1463866,2.703762,1.278502,-0.3208883,-3.323212,0.002191965,0.1684908,-0.051201,0.9843702,1.23592,19.36393,354.2559,0.3545704,-0.08908451,-0.9307733,0,0,0,1.523641,-0.4091779,-2.613051,0.003039956,-0.07212269,0.7529976,0.9379786,-0.1000628,-0.3319391,0.1015401,0.9947473,-0.01293839,0.3314902,-0.02156921,0.9432121,moving,20.63134,-9.859505,0.2313098,-5.471143
05/15/2023 14:22:40.510574,407,True,True,True,True,Eyes,1.271638,-0.3207092,-3.312683,0.3477832,-0.1605436,0.9237275,0,0,0,0,0,0,0,-2.341003,0.151925,2.697721,1.278874,-0.3210854,-3.32302,0.003298488,0.1695742,-0.05147725,0.9841666,1.372419,19.48345,354.2473,0.3548051,-0.08917758,-0.9306748,0,0,0,1.527753,-0.4122178,-2.613041,0.00516142,-0.07293711,0.7543008,0.9371893,-0.1002057,-0.334118,0.1024431,0.9946784,-0.0109659,0.3334388,-0.02395095,0.9424675,moving,20.63134,-9.859505,0.3920491,-5.523044
05/15/2023 14:22:40.530918,408,True,True,True,True,Eyes,1.271638,-0.3207092,-3.312683,0.3477832,-0.1605436,0.9237275,0,0,0,0,0,0,0,-2.350689,0.1570742,2.689067,1.279449,-0.3215117,-3.32282,0.00460133,0.1711549,-0.05218658,0.9838504,1.542475,19.65911,354.1946,0.3550163,-0.08926134,-0.9305862,0,0,0,1.531967,-0.4153332,-2.61303,0.00644891,-0.07323154,0.7556224,0.9359651,-0.1011125,-0.3372619,0.1042627,0.9945108,-0.00880994,0.3363014,-0.02691802,0.9413697,moving,20.63134,-9.859505,0.4889828,-5.535563
05/15/2023 14:22:40.544404,409,True,True,True,True,Eyes,1.271638,-0.3207092,-3.312683,0.3477832,-0.1605436,0.9237275,0,0,0,0,0,0,0,-2.366447,0.1662252,2.675118,1.280116,-0.3218233,-3.322904,0.006655579,0.1737923,-0.05290619,0.9833377,1.803897,19.95353,354.158,0.3552065,-0.08933672,-0.9305064,0,0,0,1.535983,-0.418302,-2.61302,0.005660072,-0.07247776,0.7572497,0.9339944,-0.1017359,-0.3424972,0.1063627,0.9943132,-0.005300009,0.3410887,-0.03147874,0.9395038,moving,20.63134,-9.859505,0.42825,-5.46723
05/15/2023 14:22:40.560917,410,True,True,True,True,Eyes,1.271638,-0.3207092,-3.312683,0.3477832,-0.1605436,0.9237275,0,0,0,0,0,0,0,-2.385829,0.1797077,2.657255,1.280762,-0.3221852,-3.322849,0.009178665,0.1771338,-0.05315648,0.9827075,2.11306,20.32848,354.1864,0.3553776,-0.08940456,-0.9304346,0,0,0,1.540007,-0.4212772,-2.613009,0.003724873,-0.07114985,0.7588301,0.931596,-0.1012228,-0.3491172,0.1077262,0.9941803,-0.0007917346,0.3471656,-0.0368715,0.9370787,moving,20.63134,-9.859505,0.2812458,-5.356538
05/15/2023 14:22:40.580880,411,True,True,True,True,Eyes,1.271638,-0.3207092,-3.312683,0.3477832,-0.1605436,0.9237275,0,0,0,0,0,0,0,-2.4062,0.1899977,2.638255,1.281232,-0.3222125,-3.322786,0.01129879,0.1807305,-0.05347603,0.9820128,2.37964,20.73561,354.2014,0.3555316,-0.08946562,-0.93037,0,0,0,1.54403,-0.4242515,-2.612999,0.001624405,-0.0707237,0.7604393,0.9289536,-0.1009442,-0.3561677,0.1091124,0.9940253,0.002861627,0.3537509,-0.04152062,0.9344177,moving,20.63134,-9.859505,0.1223917,-5.313437
05/15/2023 14:22:40.596680,412,True,True,True,True,Eyes,1.272495,-0.3208709,-3.312866,0.3465804,-0.1613511,0.9240389,0,0,0,0,0,0,0,-2.424501,0.1936927,2.621356,1.281574,-0.3223514,-3.322783,0.01246828,0.184,-0.05406621,0.981359,2.542939,21.10919,354.1671,0.3556702,-0.08952057,-0.9303119,0,0,0,1.548018,-0.4271995,-2.612989,0.0001973957,-0.07145834,0.7620286,0.9264417,-0.1015284,-0.3624883,0.110705,0.9938428,0.004575353,0.3597918,-0.04436808,0.9319772,moving,20.55962,-9.904844,0.01484188,-5.357179
05/15/2023 14:22:40.612531,413,True,True,True,True,Eyes,1.273335,-0.3210274,-3.313044,0.3456528,-0.1622145,0.9242352,0,0,0,0,0,0,0,-2.442455,0.1966314,2.604673,1.281979,-0.3225308,-3.322812,0.01361294,0.1871986,-0.0548163,0.980697,2.706708,21.47445,354.1149,0.3558141,-0.08957333,-0.9302519,0,0,0,1.552142,-0.4302481,-2.612978,-0.001052156,-0.07222136,0.7636997,0.9239038,-0.1024197,-0.3686627,0.112613,0.9936197,0.006177264,0.3656778,-0.0472234,0.9295427,moving,20.50519,-9.954718,-0.07893688,-5.402267
05/15/2023 14:22:40.632099,414,True,True,True,True,Eyes,1.274021,-0.3211648,-3.313169,0.3451323,-0.163135,0.9242676,0,0,0,0,0,0,0,-2.460273,0.1979691,2.587906,1.282371,-0.322533,-3.322784,0.01448805,0.1904158,-0.05549828,0.9800265,2.839185,21.84356,354.0656,0.3559623,-0.089624,-0.9301904,0,0,0,1.556228,-0.4332691,-2.612968,-0.002316564,-0.07355188,0.7652994,0.9213235,-0.1032621,-0.3748333,0.1142971,0.9934201,0.007261843,0.371617,-0.04953284,0.9270638,moving,20.47622,-10.00972,-0.173434,-5.489758
05/15/2023 14:22:40.650748,415,True,True,True,True,Eyes,1.274696,-0.3212988,-3.313287,0.3448434,-0.164018,0.9242193,0,0,0,0,0,0,0,-2.476642,0.1951066,2.572645,1.282669,-0.3225189,-3.322809,0.01456627,0.1934328,-0.05603764,0.9794036,2.87812,22.19386,354.0153,0.3561112,-0.0896725,-0.9301288,0,0,0,1.560209,-0.4362124,-2.612958,-0.003252953,-0.07603753,0.7668456,0.9188871,-0.1041317,-0.3805301,0.1154021,0.9932952,0.006853482,0.3772651,-0.05021155,0.9247432,moving,20.46148,-10.06331,-0.2430468,-5.662724
05/15/2023 14:22:40.660522,416,True,True,True,True,Eyes,1.275319,-0.3214349,-3.31339,0.3447824,-0.1649261,0.9240803,0,0,0,0,0,0,0,-2.492262,0.1900045,2.557925,1.283037,-0.3225656,-3.322682,0.01430861,0.1963305,-0.05665606,0.9787951,2.880728,22.53189,353.9484,0.3562605,-0.089719,-0.9300672,0,0,0,1.564211,-0.439171,-2.612948,-0.003956079,-0.07895375,0.7681983,0.9164889,-0.1052909,-0.385956,0.1165278,0.9931707,0.005763764,0.3827133,-0.05025701,0.9224992,moving,20.46099,-10.11937,-0.2950601,-5.868131
05/15/2023 14:22:40.670756,417,True,True,True,True,Eyes,1.275934,-0.321574,-3.313488,0.3449208,-0.1658224,0.9238683,0,0,0,0,0,0,0,-2.506716,0.186426,2.544306,1.283341,-0.3228377,-3.322753,0.01417047,0.1990156,-0.05714439,0.9782263,2.892895,22.84501,353.8982,0.3564091,-0.08976383,-0.930006,0,0,0,1.568425,-0.4422866,-2.612937,-0.004206151,-0.08160651,0.7698721,0.9142547,-0.10616,-0.390984,0.1174406,0.9930674,0.004978614,0.387745,-0.0504691,0.920384,moving,20.47282,-10.1755,-0.313029,-6.050763
05/15/2023 14:22:40.690765,418,True,True,True,True,Eyes,1.27649,-0.3217036,-3.31357,0.3453507,-0.1668505,0.9235226,0,0,0,0,0,0,0,-2.521222,0.1844838,2.530205,1.283733,-0.3230393,-3.322681,0.01426998,0.2017158,-0.05755103,0.9776478,2.930233,23.1591,353.8627,0.3565568,-0.08980726,-0.9299452,0,0,0,1.572123,-0.4450202,-2.612927,-0.00506717,-0.08368605,0.7712128,0.9119972,-0.1067723,-0.3960565,0.1182862,0.9929685,0.004684117,0.3927715,-0.05111992,0.9182142,moving,20.50325,-10.24102,-0.3764503,-6.193063
05/15/2023 14:22:40.710607,419,True,True,True,True,Eyes,1.277044,-0.3218274,-3.313644,0.3459789,-0.1678478,0.9231066,0,0,0,0,0,0,0,-2.535788,0.1847962,2.515951,1.284091,-0.3230441,-3.32282,0.01473269,0.2044245,-0.05788065,0.9770586,3.006763,23.47271,353.8444,0.3567024,-0.08984925,-0.9298853,0,0,0,1.5762,-0.4480339,-2.612917,-0.005673617,-0.08566128,0.7730088,0.909721,-0.1070821,-0.4011749,0.119129,0.9928656,0.005124959,0.3977639,-0.05245384,0.9159871,moving,20.54592,-10.30546,-0.4205237,-6.323455
05/15/2023 14:22:40.728774,420,True,True,True,True,Eyes,1.277596,-0.3219522,-3.313719,0.3466142,-0.1688745,0.922681,0,0,0,0,0,0,0,-2.550973,0.1828622,2.500721,1.284549,-0.3230268,-3.322664,0.01467989,0.2073136,-0.05797117,0.9764451,3.021153,23.81092,353.8418,0.3568462,-0.08988982,-0.9298263,0,0,0,1.580246,-0.4510257,-2.612907,-0.006555974,-0.08851977,0.7744013,0.9073209,-0.1071246,-0.4065627,0.119298,0.9928477,0.004631783,0.4031586,-0.05270462,0.9136112,moving,20.58918,-10.37181,-0.4850466,-6.521026
05/15/2023 14:22:40.740286,421,True,True,True,True,Eyes,1.27814,-0.3220754,-3.313786,0.347415,-0.1698637,0.922198,0,0,0,0,0,0,0,-2.56496,0.1802012,2.486706,1.284835,-0.3231426,-3.322646,0.01445022,0.2100095,-0.05803905,0.9758682,3.014032,24.12767,353.8371,0.3569883,-0.08992912,-0.929768,0,0,0,1.584315,-0.4540336,-2.612896,-0.007026792,-0.09149759,0.7759796,0.9050549,-0.1072075,-0.4115605,0.1193463,0.9928454,0.003825522,0.4082058,-0.05258052,0.9113744,moving,20.64264,-10.43658,-0.5188209,-6.72483
05/15/2023 14:22:40.761174,422,True,True,True,True,Eyes,1.278609,-0.3221905,-3.313825,0.3485411,-0.1710778,0.9215485,0,0,0,0,0,0,0,-2.578303,0.1776032,2.473051,1.285165,-0.3232244,-3.322506,0.01431206,0.2125828,-0.05823031,0.9753015,3.019434,24.42942,353.8202,0.3571288,-0.08996727,-0.9297104,0,0,0,1.588459,-0.4570969,-2.612886,-0.00722152,-0.09437277,0.7775034,0.9028355,-0.1074992,-0.4163315,0.1196692,0.9928088,0.003159619,0.4129979,-0.05267467,0.9092074,moving,20.71724,-10.51676,-0.5321529,-6.920663
05/15/2023 14:22:40.770877,423,True,True,True,True,Eyes,1.279077,-0.3223147,-3.313856,0.349779,-0.1722937,0.9208525,0,0,0,0,0,0,0,-2.589523,0.176403,2.461528,1.285418,-0.3232923,-3.322506,0.01433852,0.2147474,-0.05835574,0.9748193,3.039156,24.68275,353.8134,0.3572662,-0.09000428,-0.929654,0,0,0,1.592484,-0.4600731,-2.612875,-0.006922692,-0.09691448,0.779188,0.9009564,-0.1076143,-0.4203532,0.1199309,0.992778,0.002891451,0.4170063,-0.05301841,0.907356,moving,20.79891,-10.59764,-0.5090307,-7.08997
05/15/2023 14:22:40.790885,424,True,True,True,True,Eyes,1.279499,-0.3224381,-3.313865,0.3512147,-0.1737908,0.9200245,0,0,0,0,0,0,0,-2.601034,0.1776971,2.449262,1.285806,-0.3236239,-3.32232,0.01481683,0.2169382,-0.05858101,0.9743134,3.112083,24.93675,353.8067,0.3574009,-0.09004055,-0.9295987,0,0,0,1.59673,-0.4632118,-2.612864,-0.006578982,-0.09862544,0.7808428,0.8990121,-0.1077238,-0.4244676,0.1205812,0.9926975,0.003455556,0.4209957,-0.0542894,0.9054365,moving,20.8941,-10.69701,-0.4827335,-7.198704
05/15/2023 14:22:40.810634,425,True,True,True,True,Eyes,1.279923,-0.3225683,-3.313869,0.3527571,-0.1753273,0.9191424,0,0,0,0,0,0,0,-2.613357,0.1812287,2.436005,1.286238,-0.3238078,-3.32225,0.01576458,0.2192606,-0.05888158,0.9737604,3.240238,25.20377,353.8039,0.3575323,-0.09007622,-0.9295449,0,0,0,1.600735,-0.4661728,-2.612854,-0.006820649,-0.09960601,0.7825918,0.8969155,-0.10776,-0.4288711,0.1215862,0.9925689,0.004881031,0.4251581,-0.05652268,0.9033526,moving,20.99627,-10.79949,-0.4993466,-7.253441
05/15/2023 14:22:40.830901,426,True,True,True,True,Eyes,1.280299,-0.3227055,-3.31385,0.3545675,-0.1771579,0.9180942,0,0,0,0,0,0,0,-2.625628,0.1867429,2.422416,1.286669,-0.3240785,-3.322101,0.01689209,0.2215963,-0.0589661,0.9732075,3.383125,25.47237,353.8303,0.3576607,-0.09011154,-0.9294921,0,0,0,1.604843,-0.4692097,-2.612844,-0.007044733,-0.1003552,0.7843612,0.8948361,-0.107286,-0.4333105,0.1222589,0.9924754,0.006745677,0.4293262,-0.05901236,0.9012194,moving,21.11654,-10.92171,-0.5145876,-7.2911
05/15/2023 14:22:40.840714,427,True,True,True,True,Eyes,1.280677,-0.3228494,-3.313831,0.3564741,-0.1790647,0.9169853,0,0,0,0,0,0,0,-2.638733,0.1940627,2.407756,1.287081,-0.3244671,-3.322047,0.01826233,0.2241011,-0.05896153,0.9726093,3.551801,25.76028,353.8741,0.3577855,-0.09014685,-0.9294407,0,0,0,1.608681,-0.4720472,-2.612834,-0.007911891,-0.1004858,0.7861488,0.8926044,-0.1065079,-0.4380792,0.1228783,0.99238,0.009097535,0.4337721,-0.06195092,0.8988903,moving,21.24338,-11.04941,-0.5766117,-7.284068
05/15/2023 14:22:40.860905,428,True,True,True,True,Eyes,1.281077,-0.3230028,-3.313819,0.3580662,-0.1810486,0.9159749,0,0,0,0,0,0,0,-2.651673,0.2032659,2.392911,1.287465,-0.3247369,-3.322001,0.02003555,0.2265709,-0.05904103,0.9719971,3.767216,26.04235,353.9195,0.3579071,-0.09018233,-0.9293905,0,0,0,1.613063,-0.4752865,-2.612823,-0.008225709,-0.100404,0.7883301,0.8903596,-0.1056965,-0.4428183,0.1238544,0.9922255,0.01219504,0.4380866,-0.06570295,0.8965284,moving,21.35116,-11.18078,-0.5978222,-7.258276
05/15/2023 14:22:40.870935,429,True,True,True,True,Eyes,1.28148,-0.3231601,-3.313805,0.3597707,-0.1830984,0.9148989,0,0,0,0,0,0,0,-2.664552,0.2132858,2.377831,1.287887,-0.3250221,-3.321914,0.02196764,0.2290311,-0.05914006,0.9713727,4.000624,26.32301,353.9678,0.3580263,-0.09021819,-0.9293411,0,0,0,1.617123,-0.4782882,-2.612813,-0.008897275,-0.09985267,0.7903559,0.8880944,-0.1048315,-0.4475474,0.1249566,0.9920397,0.0155877,0.4423507,-0.06976734,0.8941243,moving,21.46651,-11.31708,-0.6449686,-7.200534
05/15/2023 14:22:40.890785,430,True,True,True,True,Eyes,1.281889,-0.3233202,-3.313793,0.3613967,-0.1852448,0.9138253,0,0,0,0,0,0,0,-2.678029,0.2212605,2.362089,1.288348,-0.3252383,-3.321842,0.02365674,0.2316243,-0.05934761,0.9707052,4.210453,26.62051,353.9993,0.3581434,-0.09025451,-0.9292926,0,0,0,1.621307,-0.4813812,-2.612802,-0.009664506,-0.09978558,0.7924203,0.8856561,-0.1042591,-0.4524858,0.126177,0.9918364,0.01843473,0.4468699,-0.07342014,0.8915811,moving,21.57765,-11.45935,-0.6987554,-7.177198
05/15/2023 14:22:40.910461,431,True,True,True,True,Eyes,1.282299,-0.3234897,-3.313778,0.3631341,-0.1874522,0.9126858,0,0,0,0,0,0,0,-2.691654,0.2276918,2.346203,1.288834,-0.3254228,-3.321825,0.02524191,0.2342432,-0.05975952,0.9700113,4.414215,26.92111,354.0063,0.3582587,-0.0902913,-0.9292445,0,0,0,1.625173,-0.4842394,-2.612792,-0.01078895,-0.09963839,0.7943741,0.8831178,-0.1041093,-0.457454,0.1277603,0.9915833,0.02097335,0.4514202,-0.0769664,0.8889859,moving,21.69633,-11.60631,-0.778126,-7.149276
05/15/2023 14:22:40.930872,432,True,True,True,True,Eyes,1.282708,-0.3236611,-3.31376,0.3649786,-0.1897156,0.9114816,0,0,0,0,0,0,0,-2.705308,0.2345683,2.329896,1.289224,-0.3257851,-3.321731,0.02690571,0.2368994,-0.06020152,0.9692938,4.627796,27.22605,354.0133,0.3583725,-0.09032878,-0.929197,0,0,0,1.629146,-0.487177,-2.612782,-0.01179907,-0.09922761,0.7963784,0.8805088,-0.103958,-0.4624898,0.1294538,0.9913037,0.02363566,0.4560108,-0.08068248,0.8863096,moving,21.82232,-11.75766,-0.8488268,-7.102369
05/15/2023 14:22:40.945694,433,True,True,True,True,Eyes,1.283052,-0.3238498,-3.313723,0.3697023,-0.1951134,0.9084333,0,0,0,0,0,0,0,-2.719048,0.2401537,2.313319,1.289573,-0.3259692,-3.321609,0.0285033,0.2395938,-0.06080159,0.9685482,4.838591,27.53547,354.0021,0.3584849,-0.09036694,-0.92915,0,0,0,1.633106,-0.4901042,-2.612772,-0.01279879,-0.09901658,0.7983972,0.8777959,-0.1041201,-0.4675824,0.131437,0.9909815,0.02607827,0.4606502,-0.084349,0.8835648,moving,22.1447,-12.12184,-0.9184071,-7.069678
05/15/2023 14:22:40.960938,434,True,True,True,True,Eyes,1.282907,-0.3239867,-3.313445,0.3761009,-0.20115,0.9044815,0,0,0,0,0,0,0,-2.73238,0.2463459,2.297021,1.289907,-0.3261183,-3.321547,0.03002896,0.2422424,-0.06114067,0.9678218,5.034011,27.8413,354.0189,0.3585946,-0.09040631,-0.9291039,0,0,0,1.637173,-0.4931111,-2.612761,-0.01370135,-0.09909017,0.8005322,0.8751609,-0.103798,-0.4725668,0.1328951,0.9907202,0.02850364,0.4652229,-0.08774708,0.8808338,moving,22.57848,-12.53811,-0.9805388,-7.056202
05/15/2023 14:22:40.970780,435,True,True,True,True,Eyes,1.28278,-0.3241281,-3.313175,0.3823577,-0.2070156,0.900526,0,0,0,0,0,0,0,-2.744478,0.2534899,2.281757,1.290142,-0.3262158,-3.321437,0.03136723,0.2447215,-0.06099573,0.9671645,5.194011,28.1305,354.0848,0.3586923,-0.09044634,-0.9290623,0,0,0,1.641511,-0.4963177,-2.61275,-0.01405826,-0.09980837,0.8027906,0.8727818,-0.1026333,-0.4771985,0.1333383,0.9905912,0.0308206,0.4695454,-0.09052849,0.878255,moving,23.00577,-12.94639,-1.003246,-7.087035
05/15/2023 14:22:40.990599,436,True,True,True,True,Eyes,1.282729,-0.3242746,-3.31294,0.3882452,-0.2126491,0.8966862,0,0,0,0,0,0,0,-2.754104,0.2597991,2.269499,1.290382,-0.3264278,-3.321381,0.0324007,0.2467064,-0.06071346,0.9666438,5.31301,28.36333,354.1556,0.3587795,-0.09048706,-0.9290248,0,0,0,1.645428,-0.4992135,-2.61274,-0.01404956,-0.1006384,0.8048345,0.8708997,-0.1013897,-0.4808887,0.1333635,0.9905281,0.03268308,0.4730201,-0.09259667,0.8761723,moving,23.41154,-13.34123,-1.00008,-7.127405
05/15/2023 14:22:41.011147,437,True,True,True,True,Eyes,1.282698,-0.3244291,-3.312705,0.3939765,-0.2181228,0.8928634,0,0,0,0,0,0,0,-2.762616,0.2647744,2.25864,1.290691,-0.3265302,-3.321311,0.03355452,0.2484059,-0.06091284,0.9661564,5.457078,28.55987,354.1749,0.3588589,-0.09052837,-0.9289901,0,0,0,1.649413,-0.5021599,-2.61273,-0.01347947,-0.1012287,0.8069607,0.8691683,-0.1010324,-0.4840856,0.1343729,0.9903274,0.03457562,0.47591,-0.09510005,0.8743373,moving,23.8095,-13.72823,-0.9569796,-7.150084
05/15/2023 14:22:41.030956,438,True,True,True,True,Eyes,1.282757,-0.3245954,-3.312512,0.3991935,-0.223285,0.8892628,0,0,0,0,0,0,0,-2.770854,0.267424,2.248175,1.291055,-0.3268618,-3.321111,0.03434874,0.2500557,-0.0612264,0.965683,5.564142,28.75134,354.1715,0.3589315,-0.09057043,-0.928958,0,0,0,1.653464,-0.5051548,-2.61272,-0.01270509,-0.1021512,0.8089197,0.867447,-0.1010724,-0.4871552,0.1354288,0.9901429,0.03571998,0.478743,-0.09696002,0.8725847,moving,24.1755,-14.09501,-0.8998274,-7.197272
05/15/2023 14:22:41.045929,439,True,True,True,True,Eyes,1.282822,-0.3247607,-3.312324,0.404238,-0.2283529,0.8856899,0,0,0,0,0,0,0,-2.77805,0.2695239,2.238935,1.291262,-0.3271079,-3.320945,0.03518406,0.251496,-0.06173079,0.9652467,5.680016,28.91696,354.1471,0.359,-0.09061332,-0.9289274,0,0,0,1.657715,-0.5082976,-2.612709,-0.01124296,-0.1030899,0.8111493,0.8658782,-0.1014736,-0.4898551,0.1368682,0.9899028,0.03687249,0.4811674,-0.09897268,0.8710237,moving,24.53245,-14.45742,-0.7940988,-7.242956
05/15/2023 14:22:41.060825,440,True,True,True,True,Eyes,1.282912,-0.3249126,-3.312142,0.4089182,-0.2331761,0.8822781,0,0,0,0,0,0,0,-2.784041,0.2742229,2.230911,1.291454,-0.3272288,-3.320861,0.0365514,0.2526467,-0.06234043,0.9648562,5.856303,29.04603,354.1247,0.3590649,-0.09065689,-0.9288982,0,0,0,1.661749,-0.5112798,-2.612698,-0.009594887,-0.1031014,0.8134895,0.8645666,-0.1018299,-0.4920927,0.1387683,0.9895554,0.03903347,0.4829782,-0.1020339,0.8696672,moving,24.86678,-14.80414,-0.6757568,-7.223141
05/15/2023 14:22:41.080512,441,True,True,True,True,Eyes,1.283018,-0.3250515,-3.311958,0.413505,-0.2378008,0.8788995,0,0,0,0,0,0,0,-2.789834,0.2798011,2.222751,1.291711,-0.327006,-3.320638,0.03781438,0.2538143,-0.06251272,0.9644898,6.008524,29.1799,354.1485,0.359127,-0.09070069,-0.9288699,0,0,0,1.665669,-0.514178,-2.612688,-0.008129895,-0.1037269,0.8156255,0.8633409,-0.1013901,-0.4943304,0.1397814,0.9893245,0.04120992,0.4848749,-0.1046764,0.8682967,moving,25.19607,-15.13983,-0.5710872,-7.247663
05/15/2023 14:22:41.090681,442,True,True,True,True,Eyes,1.283148,-0.3251788,-3.311779,0.4178735,-0.242047,0.8756682,0,0,0,0,0,0,0,-2.795927,0.2839135,2.214504,1.292189,-0.3268083,-3.320435,0.0380447,0.2551509,-0.06162585,0.9641851,6.016339,29.34291,354.2623,0.3591872,-0.0907443,-0.9288425,0,0,0,1.669603,-0.5170858,-2.612678,-0.007228851,-0.1064368,0.8174253,0.8622006,-0.09942318,-0.4967145,0.1382517,0.9895098,0.04191648,0.4873363,-0.104812,0.8669012,moving,25.51073,-15.45155,-0.5066786,-7.418734
05/15/2023 14:22:41.111082,443,True,True,True,True,Eyes,1.283292,-0.3253011,-3.311594,0.4222346,-0.2460171,0.8724641,0,0,0,0,0,0,0,-2.803317,0.2847609,2.204924,1.292556,-0.3266267,-3.320238,0.03729087,0.2568905,-0.06015575,0.9638454,5.899978,29.55983,354.4153,0.359246,-0.0907874,-0.9288156,0,0,0,1.673737,-0.5201424,-2.612668,-0.006721944,-0.1110763,0.8191578,0.8607771,-0.09680234,-0.4996919,0.135121,0.9899814,0.04097839,0.4907189,-0.1027922,0.8652333,moving,25.82496,-15.74737,-0.470154,-7.722107
05/15/2023 14:22:41.130316,444,True,True,True,True,Eyes,1.283458,-0.3254471,-3.311412,0.426372,-0.2496963,0.8694013,0,0,0,0,0,0,0,-2.812413,0.2827106,2.193348,1.292977,-0.3266286,-3.319924,0.03619242,0.2589984,-0.05891016,0.9634001,5.753616,29.82014,354.5349,0.3593041,-0.09082989,-0.928789,0,0,0,1.677919,-0.5232338,-2.612657,-0.006712645,-0.1160756,0.8206957,0.8588989,-0.09476054,-0.5033023,0.1322557,0.9904394,0.03922028,0.4947739,-0.1002508,0.8632199,moving,26.12427,-16.02433,-0.468624,-8.050271
05/15/2023 14:22:41.140619,445,True,True,True,True,Eyes,1.283628,-0.3255971,-3.311234,0.430461,-0.25333,0.8663298,0,0,0,0,0,0,0,-2.821274,0.2830884,2.181648,1.293191,-0.3272996,-3.319615,0.03551827,0.2610565,-0.05783688,0.9629345,5.658611,30.0724,354.6467,0.359362,-0.09087248,-0.9287624,0,0,0,1.681816,-0.5261149,-2.612647,-0.006826937,-0.1194787,0.8222157,0.8570088,-0.09284169,-0.5068691,0.1299308,0.9907867,0.03820615,0.4986521,-0.09860092,0.8611759,moving,26.42181,-16.29984,-0.4757215,-8.267957
05/15/2023 14:22:41.160929,446,True,True,True,True,Eyes,1.283829,-0.3257404,-3.31107,0.4342638,-0.256874,0.8633833,0,0,0,0,0,0,0,-2.829976,0.2927319,2.169121,1.293388,-0.3275018,-3.319553,0.03700919,0.2629436,-0.05737878,0.9623922,5.82034,30.29573,354.7529,0.3594198,-0.09091525,-0.9287359,0,0,0,1.685936,-0.5291607,-2.612637,-0.00675118,-0.1197591,0.8246837,0.8551366,-0.09097911,-0.5103568,0.1299044,0.990676,0.04105994,0.5018626,-0.1014095,0.858982,moving,26.70144,-16.56881,-0.469035,-8.262632
05/15/2023 14:22:41.170830,447,True,True,True,True,Eyes,1.284036,-0.3258818,-3.310899,0.4380358,-0.2603045,0.8604453,0,0,0,0,0,0,0,-2.838798,0.3045655,2.155913,1.293723,-0.3273816,-3.319427,0.03874287,0.264881,-0.05664237,0.9618362,6.000409,30.52659,354.8983,0.3594781,-0.09095792,-0.9287091,0,0,0,1.690114,-0.5322497,-2.612626,-0.006906122,-0.1201435,0.8271533,0.8532594,-0.08843684,-0.5139331,0.1294858,0.9905812,0.04452159,0.5051552,-0.1045355,0.8566741,moving,26.97975,-16.83177,-0.4783666,-8.264384
05/15/2023 14:22:41.195807,448,True,True,True,True,Eyes,1.284264,-0.3260224,-3.310738,0.4413854,-0.263528,0.8577482,0,0,0,0,0,0,0,-2.845995,0.3117334,2.145051,1.294048,-0.3274981,-3.319081,0.03940468,0.2665501,-0.05566818,0.9614049,6.052773,30.72957,355.0369,0.3595371,-0.09100047,-0.9286821,0,0,0,1.693968,-0.5350991,-2.612616,-0.00670585,-0.1218997,0.8289889,0.8517042,-0.08603267,-0.5169123,0.128046,0.9906966,0.04609098,0.5081381,-0.1054444,0.8547966,moving,27.22973,-17.07866,-0.4634665,-8.365182
05/15/2023 14:22:41.211639,449,True,True,True,True,Eyes,1.284496,-0.3261657,-3.310574,0.4446813,-0.2667125,0.8550572,0,0,0,0,0,0,0,-2.852548,0.3164281,2.135357,1.294183,-0.3275539,-3.318841,0.03993337,0.2680676,-0.05510275,0.9609937,6.101722,30.91274,355.1252,0.3595971,-0.09104286,-0.9286548,0,0,0,1.698083,-0.5381408,-2.612606,-0.005783767,-0.1238728,0.8311874,0.8502069,-0.0844971,-0.5196233,0.1273165,0.990738,0.04720891,0.5108216,-0.1062939,0.8530903,moving,27.47715,-17.32393,-0.3986828,-8.476468
05/15/2023 14:22:41.230618,450,True,True,True,True,Eyes,1.284738,-0.3263126,-3.310406,0.4479187,-0.2698093,0.8523918,0,0,0,0,0,0,0,-2.858311,0.3261288,2.126013,1.294462,-0.3276685,-3.31862,0.04133622,0.2693615,-0.05455139,0.9606039,6.246351,31.06787,355.2373,0.3596583,-0.09108517,-0.928627,0,0,0,1.702332,-0.5412825,-2.612595,-0.004664272,-0.1244626,0.8336351,0.8489371,-0.08253577,-0.5220092,0.1270733,0.990631,0.05002739,0.5129893,-0.1088035,0.8514715,moving,27.72123,-17.56425,-0.3205723,-8.491595
05/15/2023 14:22:41.240711,451,True,True,True,True,Eyes,1.285249,-0.3264709,-3.31038,0.448975,-0.2715975,0.8512675,0,0,0,0,0,0,0,-2.862777,0.3339348,2.118689,1.294909,-0.3278716,-3.318367,0.04215202,0.2703876,-0.05372225,0.9603269,6.315956,31.19388,355.361,0.3597206,-0.0911275,-0.9285986,0,0,0,1.706178,-0.5441257,-2.612585,-0.003579438,-0.1257914,0.835584,0.848009,-0.08038709,-0.52385,0.1259766,0.9906743,0.05190779,0.514792,-0.1100111,0.8502275,moving,27.80804,-17.69532,-0.2454396,-8.561193
05/15/2023 14:22:41.260836,452,True,True,True,True,Eyes,1.285702,-0.3266225,-3.310324,0.4501558,-0.2734737,0.8500422,0,0,0,0,0,0,0,-2.869871,0.3358622,2.10874,1.295471,-0.3280131,-3.318118,0.04298399,0.2718362,-0.05419337,0.9598545,6.429476,31.36317,355.3438,0.3597893,-0.0911696,-0.9285679,0,0,0,1.710304,-0.5471759,-2.612574,-0.002705365,-0.1267826,0.8377527,0.8463364,-0.08066631,-0.5265052,0.1274047,0.9904309,0.05305331,0.5171874,-0.1119802,0.848515,moving,27.9043,-17.83391,-0.1850253,-8.605642
05/15/2023 14:22:41.280882,453,True,True,True,True,Eyes,1.286158,-0.3267818,-3.310254,0.4514162,-0.2753623,0.8487633,0,0,0,0,0,0,0,-2.879044,0.3399926,2.095741,1.295875,-0.3280813,-3.318084,0.04440539,0.2737351,-0.05484598,0.9592128,6.616025,31.58463,355.3281,0.3598626,-0.09121141,-0.9285355,0,0,0,1.714423,-0.5502209,-2.612564,-0.002655894,-0.1267955,0.8403589,0.8441221,-0.08090729,-0.5300114,0.1295285,0.9900402,0.0551619,0.5202695,-0.115215,0.8461946,moving,28.00635,-17.9745,-0.1810786,-8.58021
05/15/2023 14:22:41.290804,454,True,True,True,True,Eyes,1.286612,-0.3269431,-3.310178,0.4527195,-0.2772661,0.8474482,0,0,0,0,0,0,0,-2.888335,0.3440194,2.081978,1.296375,-0.3284076,-3.317683,0.04543294,0.2757572,-0.0550474,0.9585738,6.745597,31.82426,355.3518,0.3599401,-0.09125321,-0.9285013,0,0,0,1.718328,-0.5531082,-2.612554,-0.002998978,-0.1272973,0.842335,0.8418555,-0.08047707,-0.5336692,0.1305909,0.9898112,0.05674222,0.5236652,-0.1174611,0.8437877,moving,28.1118,-18.11694,-0.2039902,-8.59376
05/15/2023 14:22:41.310787,455,True,True,True,True,Eyes,1.287058,-0.3271099,-3.310094,0.4540741,-0.2792037,0.8460863,0,0,0,0,0,0,0,-2.897117,0.3457562,2.069105,1.296602,-0.3285853,-3.317362,0.0461466,0.2777146,-0.05534897,0.957957,6.843359,32.05616,355.3546,0.3600216,-0.09129509,-0.9284656,0,0,0,1.722688,-0.5563309,-2.612543,-0.002553821,-0.1286281,0.8447693,0.8396222,-0.08041267,-0.5371856,0.131675,0.989614,0.05767046,0.526969,-0.1191553,0.8414902,moving,28.22138,-18.2626,-0.1732102,-8.657598
05/15/2023 14:22:41.331183,456,True,True,True,True,Eyes,1.287528,-0.327285,-3.310022,0.4553268,-0.2811387,0.8447713,0,0,0,0,0,0,0,-2.905122,0.35094,2.056693,1.296804,-0.3288577,-3.317082,0.04746247,0.279486,-0.05566781,0.957359,7.007194,32.26527,355.3735,0.3601063,-0.0913372,-0.9284286,0,0,0,1.726768,-0.5593478,-2.612532,-0.002171963,-0.1286827,0.8472436,0.8375773,-0.08005796,-0.5404211,0.1331183,0.9892969,0.05976049,0.5298526,-0.121994,0.8392698,moving,28.32441,-18.40737,-0.1468811,-8.636305
05/15/2023 14:22:41.344815,457,True,True,True,True,Eyes,1.287992,-0.3274644,-3.30994,0.4566288,-0.2830762,0.8434204,0,0,0,0,0,0,0,-2.911457,0.3585141,2.046077,1.297005,-0.3291428,-3.316774,0.04885975,0.2809323,-0.055584,0.95687,7.165484,32.43815,355.4378,0.3601946,-0.0913797,-0.9283901,0,0,0,1.730488,-0.5620975,-2.612523,-0.001686752,-0.1285351,0.8494828,0.835975,-0.07892076,-0.5430629,0.1338259,0.9890463,0.06227418,0.5321997,-0.1247355,0.8373796,moving,28.43117,-18.55324,-0.1137676,-8.604147
05/15/2023 14:22:41.360488,458,True,True,True,True,Eyes,1.288493,-0.3276497,-3.309873,0.4578301,-0.2849604,0.8421337,0,0,0,0,0,0,0,-2.91803,0.3649823,2.03527,1.297324,-0.3294031,-3.316456,0.04993762,0.2824502,-0.0553275,0.9563822,7.283182,32.62133,355.512,0.360286,-0.0914227,-0.9283504,0,0,0,1.734743,-0.5652437,-2.612512,-0.0009486079,-0.129351,0.851916,0.8343215,-0.0776187,-0.5457865,0.1340383,0.9888902,0.06426436,0.5347348,-0.1267734,0.8354563,moving,28.53093,-18.69475,-0.06379879,-8.633582
05/15/2023 14:22:41.380929,459,True,True,True,True,Eyes,1.288989,-0.3278451,-3.309798,0.4591076,-0.2869007,0.8407784,0,0,0,0,0,0,0,-2.9259,0.3718199,2.022634,1.297802,-0.3296429,-3.316208,0.05120703,0.2842236,-0.0551823,0.955798,7.426567,32.83473,355.5825,0.3603809,-0.09146625,-0.9283093,0,0,0,1.738796,-0.5682394,-2.612502,-0.001032889,-0.1297268,0.8542696,0.8323438,-0.07637778,-0.5489721,0.1345948,0.9886655,0.06651893,0.5376692,-0.1292554,0.8331896,moving,28.63678,-18.8413,-0.06927572,-8.634792
05/15/2023 14:22:41.390793,460,True,True,True,True,Eyes,1.288989,-0.3278451,-3.309798,0.4591076,-0.2869007,0.8407784,0,0,0,0,0,0,0,-2.934322,0.3819492,2.008328,1.298163,-0.3300515,-3.315924,0.05295923,0.2861735,-0.05490838,0.9551363,7.619469,33.07056,355.6848,0.360479,-0.09151059,-0.9282668,0,0,0,1.742823,-0.5712169,-2.612491,-0.001502216,-0.1291826,0.8567438,0.8301796,-0.07457891,-0.5524852,0.135201,0.9883608,0.06973992,0.5408535,-0.1325932,0.8306001,moving,28.63678,-18.8413,-0.1004624,-8.574651
05/15/2023 14:22:41.410488,461,True,True,True,True,Eyes,1.288989,-0.3278451,-3.309798,0.4591076,-0.2869007,0.8407784,0,0,0,0,0,0,0,-2.942969,0.3920155,1.993224,1.298353,-0.3302343,-3.315555,0.0548317,0.2882266,-0.05472917,0.9544232,7.828832,33.31889,355.7823,0.3605672,-0.0915505,-0.9282286,0,0,0,1.746732,-0.5741063,-2.612481,-0.002073556,-0.1285242,0.8592483,0.8278602,-0.07286168,-0.5561821,0.1360775,0.9879964,0.07311649,0.5441786,-0.1362141,0.8278378,moving,28.63678,-18.8413,-0.1382671,-8.507088
05/15/2023 14:22:41.429225,462,True,True,True,True,Eyes,1.288989,-0.3278451,-3.309798,0.4591076,-0.2869007,0.8407784,0,0,0,0,0,0,0,-2.948848,0.4047401,1.981485,1.298424,-0.330545,-3.315213,0.05691002,0.2896862,-0.05430821,0.9538836,8.049915,33.4982,355.9091,0.3606467,-0.09158642,-0.9281942,0,0,0,1.750997,-0.57726,-2.61247,-0.001345009,-0.1276634,0.8621129,0.826265,-0.07063533,-0.5588353,0.1365795,0.9876238,0.07710639,0.5464725,-0.1400357,0.8256862,moving,28.63678,-18.8413,-0.08938882,-8.423259
05/15/2023 14:22:41.440607,463,True,True,True,True,Eyes,1.288989,-0.3278451,-3.309798,0.4591076,-0.2869007,0.8407784,0,0,0,0,0,0,0,-2.953515,0.415014,1.972028,1.298648,-0.330448,-3.314921,0.0585865,0.2908432,-0.05388176,0.9534541,8.225034,33.6416,356.0215,0.3607181,-0.09161875,-0.9281633,0,0,0,1.75483,-0.5800936,-2.612461,-0.0005277395,-0.127603,0.8646343,0.825014,-0.0686686,-0.5609247,0.1368265,0.9873287,0.08037679,0.5482978,-0.1430614,0.8239558,moving,28.63678,-18.8413,-0.03497114,-8.395128
05/15/2023 14:22:41.460894,464,True,True,True,True,Eyes,1.288989,-0.3278451,-3.309798,0.4591076,-0.2869007,0.8407784,0,0,0,0,0,0,0,-2.957418,0.4229966,1.963932,1.299005,-0.3305771,-3.31445,0.05965029,0.2918523,-0.05327733,0.9531138,8.326,33.76853,356.1324,0.3607825,-0.09164784,-0.9281355,0,0,0,1.758966,-0.5831509,-2.61245,0.0008395314,-0.1286232,0.8669586,0.8239676,-0.06674057,-0.5626928,0.1363768,0.9872067,0.0826088,0.5499808,-0.1448052,0.8225282,moving,28.63678,-18.8413,0.05548315,-8.438924
05/15/2023 14:22:41.471374,465,True,True,True,True,Eyes,1.288989,-0.3278451,-3.309798,0.4591076,-0.2869007,0.8407784,0,0,0,0,0,0,0,-2.960919,0.4273412,1.95731,1.29926,-0.3309852,-3.314075,0.06020965,0.2927348,-0.05295033,0.9528261,8.380101,33.87798,356.1949,0.3608404,-0.09167402,-0.9281104,0,0,0,1.762956,-0.5861008,-2.61244,0.002491623,-0.129947,0.8691936,0.8230051,-0.06565397,-0.5642269,0.1361558,0.9871421,0.08373784,0.5514745,-0.1457394,0.8213623,moving,28.63678,-18.8413,0.1642432,-8.502912
05/15/2023 14:22:41.490575,466,True,True,True,True,Eyes,1.288989,-0.3278451,-3.309798,0.4591076,-0.2869007,0.8407784,0,0,0,0,0,0,0,-2.964166,0.4356023,1.950246,1.29938,-0.3314849,-3.313792,0.06203553,0.2934519,-0.05333329,0.9524669,8.596508,33.96357,356.2198,0.3608925,-0.09169759,-0.9280879,0,0,0,1.766922,-0.5890328,-2.61243,0.004439831,-0.1286485,0.8719319,0.8220831,-0.06518749,-0.5656235,0.1380053,0.9866143,0.08687206,0.5523893,-0.1494751,0.8200751,moving,28.63678,-18.8413,0.2917445,-8.393104
05/15/2023 14:22:41.510813,467,True,True,True,True,Eyes,1.289903,-0.3281243,-3.309857,0.4606547,-0.2896998,0.8389704,0,0,0,0,0,0,0,-2.967225,0.4457541,1.942847,1.299627,-0.3315243,-3.313433,0.06435541,0.2941029,-0.05378987,0.9520864,8.869435,34.04151,356.2529,0.3609394,-0.0917188,-0.9280676,0,0,0,1.771104,-0.5921245,-2.612419,0.006576657,-0.1270699,0.8748907,0.8212202,-0.06457099,-0.5669461,0.1402794,0.9859301,0.0909043,0.5530995,-0.1541833,0.8187237,moving,28.76993,-19.04999,0.4306911,-8.263904
05/15/2023 14:22:41.529534,468,True,True,True,True,Eyes,1.290511,-0.3283841,-3.309722,0.4626256,-0.2925873,0.8368813,0,0,0,0,0,0,0,-2.968718,0.4525571,1.938575,1.299863,-0.3318021,-3.313069,0.0655498,0.2944683,-0.0537176,0.951896,8.99971,34.08789,356.3044,0.361003,-0.09174466,-0.9280403,0,0,0,1.775098,-0.5950776,-2.612409,0.009107947,-0.1272749,0.8773859,0.8208057,-0.06366247,-0.5676488,0.1408718,0.9856352,0.0931569,0.553564,-0.1564294,0.8179833,moving,28.93369,-19.27046,0.5947533,-8.253839
05/15/2023 14:22:41.545838,469,True,True,True,True,Eyes,1.291108,-0.3286549,-3.309581,0.4645347,-0.2954656,0.8348099,0,0,0,0,0,0,0,-2.970948,0.4570066,1.933778,1.300125,-0.3319825,-3.312755,0.06670918,0.2949311,-0.05408772,0.9516513,9.141431,34.14265,356.3068,0.3610762,-0.09177491,-0.9280089,0,0,0,1.77927,-0.5981616,-2.612398,0.01171878,-0.1274946,0.8800789,0.8201803,-0.06359609,-0.5685594,0.1422945,0.9852489,0.09506343,0.5541269,-0.158872,0.817131,moving,29.094,-19.49048,0.7628826,-8.242937
05/15/2023 14:22:41.560560,470,True,True,True,True,Eyes,1.291661,-0.3289284,-3.309421,0.4665985,-0.298401,0.832612,0,0,0,0,0,0,0,-2.974016,0.4622749,1.927534,1.300422,-0.3324959,-3.312433,0.06804422,0.2955752,-0.05453033,0.9513316,9.305634,34.21915,356.309,0.3611576,-0.09180944,-0.9279737,0,0,0,1.783265,-0.6011148,-2.612388,0.0137834,-0.1269506,0.8826379,0.8193234,-0.06352846,-0.569801,0.1439772,0.9847929,0.09722957,0.5549592,-0.1617008,0.8160105,moving,29.26641,-19.71725,0.8946661,-8.18477
05/15/2023 14:22:41.570622,471,True,True,True,True,Eyes,1.292197,-0.3292018,-3.309256,0.4685891,-0.3013839,0.8304168,0,0,0,0,0,0,0,-2.977181,0.4725938,1.919934,1.300606,-0.3328194,-3.312212,0.07025696,0.2962704,-0.05485972,0.9509355,9.56267,34.30449,356.3541,0.3612456,-0.09184798,-0.9279357,0,0,0,1.787314,-0.6041088,-2.612378,0.01561844,-0.1251729,0.8856295,0.8184286,-0.06270599,-0.5711765,0.1459662,0.9841087,0.1011131,0.5557594,-0.1661263,0.8145757,moving,29.43525,-19.9474,1.01033,-8.044771
05/15/2023 14:22:41.596162,472,True,True,True,True,Eyes,1.292716,-0.3294634,-3.309084,0.4706433,-0.3042402,0.8282107,0,0,0,0,0,0,0,-2.979444,0.4841512,1.913145,1.300738,-0.3330542,-3.311913,0.07250541,0.2968113,-0.05495403,0.9505926,9.815038,34.37369,356.4253,0.3613392,-0.09189016,-0.927895,0,0,0,1.7913,-0.6070552,-2.612367,0.01767504,-0.123489,0.888555,0.8177662,-0.06143693,-0.5722622,0.1475186,0.9834461,0.1052242,0.5563243,-0.1704682,0.8132921,moving,29.60806,-20.17063,1.139571,-7.912135
05/15/2023 14:22:41.610701,473,True,True,True,True,Eyes,1.293224,-0.3297287,-3.308909,0.472616,-0.3070502,0.8260473,0,0,0,0,0,0,0,-2.980574,0.4909796,1.909149,1.300882,-0.3330094,-3.311577,0.07380235,0.2971087,-0.05492681,0.9504014,9.957765,34.41278,356.4754,0.3614374,-0.09193531,-0.9278522,0,0,0,1.795404,-0.6100895,-2.612357,0.02045915,-0.1238044,0.8913411,0.817419,-0.0605504,-0.5728524,0.1482597,0.9830725,0.1076453,0.5566375,-0.1729222,0.8125594,moving,29.77567,-20.39062,1.314892,-7.907605
05/15/2023 14:22:41.629659,474,True,True,True,True,Eyes,1.29374,-0.3299927,-3.308751,0.4745088,-0.309698,0.8239713,0,0,0,0,0,0,0,-2.981831,0.4955367,1.905766,1.301097,-0.3333473,-3.31132,0.07473756,0.2973804,-0.05505442,0.9502359,10.0659,34.44678,356.4959,0.3615396,-0.09198327,-0.9278076,0,0,0,1.799506,-0.6131218,-2.612346,0.02328396,-0.1242576,0.8940174,0.8170678,-0.06017841,-0.5733923,0.1490803,0.9827666,0.1092924,0.5569338,-0.1747808,0.8119584,moving,29.93679,-20.59924,1.491885,-7.912729
05/15/2023 14:22:41.641159,475,True,True,True,True,Eyes,1.294244,-0.3302571,-3.308592,0.4763088,-0.31235,0.8219291,0,0,0,0,0,0,0,-2.983141,0.5011199,1.902165,1.301275,-0.3335409,-3.311181,0.07622589,0.297584,-0.05559407,0.9500225,10.24865,34.47022,356.489,0.3616453,-0.09203367,-0.9277614,0,0,0,1.803557,-0.6161165,-2.612336,0.02618027,-0.1236091,0.8969702,0.8167061,-0.06026402,-0.5738984,0.1509984,0.9821978,0.1117448,0.5569476,-0.1779204,0.8112667,moving,30.09234,-20.80783,1.671843,-7.846359
05/15/2023 14:22:41.660815,476,True,True,True,True,Eyes,1.294244,-0.3302571,-3.308592,0.4763088,-0.31235,0.8219291,0,0,0,0,0,0,0,-2.984621,0.5054861,1.898517,1.301474,-0.3337882,-3.310981,0.07758321,0.2978116,-0.05624941,0.9498026,10.42108,34.49528,356.465,0.361754,-0.09208628,-0.9277137,0,0,0,1.807563,-0.6190785,-2.612326,0.02907133,-0.1230288,0.8998082,0.8162885,-0.06064132,-0.5744526,0.153062,0.9816337,0.113874,0.5569965,-0.1808809,0.8105782,moving,30.09234,-20.80783,1.850489,-7.785648
05/15/2023 14:22:41.680568,477,True,True,True,True,Eyes,1.294244,-0.3302571,-3.308592,0.4763088,-0.31235,0.8219291,0,0,0,0,0,0,0,-2.986244,0.509084,1.894713,1.301732,-0.3338186,-3.310712,0.07870518,0.2981071,-0.05673164,0.949589,10.562,34.52961,356.453,0.3618519,-0.09213363,-0.9276708,0,0,0,1.811751,-0.6221743,-2.612315,0.03198415,-0.1232729,0.9026667,0.8158274,-0.06081832,-0.5750886,0.1546686,0.9811741,0.1156509,0.5572283,-0.1832993,0.8098752,moving,30.09234,-20.80783,2.02931,-7.776507
05/15/2023 14:22:41.690560,478,True,True,True,True,Eyes,1.294244,-0.3302571,-3.308592,0.4763088,-0.31235,0.8219291,0,0,0,0,0,0,0,-2.987287,0.5123938,1.892082,1.301855,-0.3339077,-3.310602,0.07947872,0.2983223,-0.05689703,0.9494471,10.65349,34.55626,356.4635,0.3619399,-0.09217624,-0.9276322,0,0,0,1.815498,-0.6249444,-2.612306,0.03464755,-0.123941,0.9053102,0.8155332,-0.06062088,-0.5755265,0.155462,0.9808917,0.1169744,0.5574381,-0.1848689,0.809374,moving,30.09234,-20.80783,2.191724,-7.795582
05/15/2023 14:22:41.710806,479,True,True,True,True,Eyes,1.294244,-0.3302571,-3.308592,0.4763088,-0.31235,0.8219291,0,0,0,0,0,0,0,-2.988085,0.5126977,1.890809,1.302128,-0.3339819,-3.310527,0.07971498,0.2984369,-0.05709633,0.9493794,10.68672,34.56897,356.4508,0.3620192,-0.09221458,-0.9275974,0,0,0,1.819618,-0.6279907,-2.612295,0.03780594,-0.1257422,0.908034,0.8153509,-0.06083236,-0.5757626,0.1559919,0.9807711,0.1172802,0.5575569,-0.1854388,0.8091618,moving,30.09234,-20.80783,2.38413,-7.88403
05/15/2023 14:22:41.730501,480,True,True,True,True,Eyes,1.294244,-0.3302571,-3.308592,0.4763088,-0.31235,0.8219291,0,0,0,0,0,0,0,-2.99142,0.5098063,1.886388,1.30251,-0.333924,-3.310426,0.08006215,0.2990299,-0.05802072,0.9491074,10.75881,34.63333,356.3669,0.3620905,-0.0922491,-0.9275661,0,0,0,1.823701,-0.6310086,-2.612285,0.04020047,-0.1270438,0.9107924,0.8144295,-0.06225384,-0.5769134,0.1580177,0.9804474,0.1172753,0.5583323,-0.186675,0.8083424,moving,30.09234,-20.80783,2.527276,-7.940784
05/15/2023 14:22:41.740914,481,True,True,True,True,Eyes,1.294831,-0.3305245,-3.308442,0.4781543,-0.3152167,0.8197602,0,0,0,0,0,0,0,-2.996019,0.5058358,1.88024,1.302821,-0.334143,-3.310333,0.08016025,0.2999581,-0.05889583,0.9487523,10.80325,34.73829,356.2838,0.3621547,-0.09228016,-0.927538,0,0,0,1.827583,-0.6338789,-2.612275,0.04186764,-0.1284106,0.9133787,0.813113,-0.06366568,-0.578614,0.1598445,0.9802112,0.1167719,0.5597296,-0.187437,0.807199,moving,30.25439,-21.03291,2.624499,-8.002683
05/15/2023 14:22:41.760731,482,True,True,True,True,Eyes,1.294831,-0.3305245,-3.308442,0.4781543,-0.3152167,0.8197602,0,0,0,0,0,0,0,-3.000374,0.5036968,1.873696,1.302919,-0.33404,-3.310213,0.08050949,0.3009123,-0.05959515,0.9483769,10.86949,34.84875,356.2292,0.3622279,-0.09231536,-0.9275059,0,0,0,1.827724,-0.6339829,-2.612274,0.04035836,-0.1276256,0.9135574,0.8118005,-0.06458472,-0.5803524,0.1614899,0.9799333,0.1168409,0.5611604,-0.1885725,0.8059401,moving,30.25439,-21.03291,2.52952,-7.952853
05/15/2023 14:22:41.770679,483,True,True,True,True,Eyes,1.294831,-0.3305245,-3.308442,0.4781543,-0.3152167,0.8197602,0,0,0,0,0,0,0,-3.004937,0.5016819,1.866916,1.303148,-0.3340372,-3.310125,0.08021442,0.3020364,-0.05950156,0.9480503,10.8383,34.98581,356.2425,0.3622938,-0.09234704,-0.9274771,0,0,0,1.827724,-0.6339829,-2.612274,0.03814349,-0.128304,0.9133596,0.8104672,-0.0643656,-0.5822371,0.1612763,0.9800504,0.1161513,0.5631456,-0.1880379,0.8046794,static,30.25439,-21.03291,2.391382,-7.996292
05/15/2023 14:22:41.790348,484,True,True,True,True,Eyes,1.295389,-0.3307855,-3.308267,0.4806524,-0.3179754,0.81723,0,0,0,0,0,0,0,-3.009486,0.4978123,1.86077,1.303493,-0.3340992,-3.310071,0.07925324,0.3032008,-0.05904053,0.9477883,10.72135,35.12954,356.2737,0.3623531,-0.09237555,-0.9274511,0,0,0,1.827724,-0.6339829,-2.612274,0.03575739,-0.1303143,0.9129121,0.809167,-0.06385655,-0.5840986,0.1599751,0.9804662,0.1144283,0.5653821,-0.1860328,0.8035764,static,30.46184,-21.26048,2.243043,-8.123846
05/15/2023 14:22:41.810368,485,True,True,True,True,Eyes,1.295938,-0.3310418,-3.308097,0.4831223,-0.3206465,0.8147262,0,0,0,0,0,0,0,-3.014566,0.4938727,1.853708,1.303709,-0.3342488,-3.310041,0.07865063,0.3044406,-0.05902769,0.9474418,10.65965,35.27918,356.2683,0.3624214,-0.09240836,-0.9274211,0,0,0,1.827724,-0.6339829,-2.612274,0.03339267,-0.1313188,0.9126611,0.8076633,-0.06396169,-0.5861646,0.1597395,0.9806595,0.1130929,0.5675943,-0.1849746,0.80226,static,30.6674,-21.48279,2.095417,-8.187843
05/15/2023 14:22:41.829881,486,True,True,True,True,Eyes,1.296488,-0.3312947,-3.307944,0.4856319,-0.3232205,0.8122131,0,0,0,0,0,0,0,-3.019876,0.4939255,1.845185,1.304013,-0.334387,-3.309994,0.07891965,0.3056999,-0.05915068,0.9470061,10.69842,35.43226,356.2784,0.3624976,-0.0924449,-0.9273877,0,0,0,1.827724,-0.6339829,-2.612274,0.03077692,-0.1307666,0.9125764,0.8060975,-0.06378067,-0.5883356,0.1602836,0.9805458,0.1133101,0.569663,-0.1856395,0.8006385,static,30.8757,-21.7001,1.931585,-8.154624
05/15/2023 14:22:41.845837,487,True,True,True,True,Eyes,1.297025,-0.3315364,-3.307788,0.4881176,-0.3257063,0.8097262,0,0,0,0,0,0,0,-3.025329,0.4954709,1.83592,1.304224,-0.3345206,-3.309956,0.07943977,0.3070254,-0.05923087,0.9465286,10.76346,35.5946,356.3029,0.3625808,-0.09248465,-0.9273512,0,0,0,1.827724,-0.6339829,-2.612274,0.02803224,-0.1298015,0.9126086,0.8044543,-0.06334738,-0.5906272,0.1609075,0.9803621,0.1140133,0.571806,-0.1867548,0.7988495,static,31.08233,-21.91208,1.759379,-8.094955
05/15/2023 14:22:41.860714,488,True,True,True,True,Eyes,1.297565,-0.3317802,-3.307653,0.4905454,-0.3280983,0.8072897,0,0,0,0,0,0,0,-3.030295,0.4958406,1.827339,1.30443,-0.3344887,-3.309727,0.07965235,0.3082904,-0.0591788,0.9461027,10.78984,35.75006,356.3307,0.36267,-0.09252702,-0.9273121,0,0,0,1.827724,-0.6339829,-2.612274,0.02555239,-0.1296284,0.9124234,0.8029099,-0.06286635,-0.5927762,0.1610905,0.9803068,0.1142301,0.5739212,-0.1872071,0.7972252,static,31.28474,-22.11778,1.604147,-8.085925
05/15/2023 14:22:41.870868,489,True,True,True,True,Eyes,1.298092,-0.3320197,-3.307523,0.4929231,-0.330452,0.8048778,0,0,0,0,0,0,0,-3.034129,0.4979678,1.820522,1.304541,-0.3347382,-3.309733,0.08012026,0.3092444,-0.05915695,0.9457532,10.84402,35.86809,356.3607,0.3627644,-0.09257174,-0.9272707,0,0,0,1.827724,-0.6339829,-2.612274,0.02352887,-0.128661,0.9124738,0.8017367,-0.06234227,-0.5944171,0.1614492,0.9801624,0.1149601,0.5754585,-0.1881359,0.7958973,static,31.48413,-22.32118,1.477091,-8.025934
05/15/2023 14:22:41.890809,490,True,True,True,True,Eyes,1.298582,-0.3322531,-3.307383,0.4955571,-0.3328557,0.8022658,0,0,0,0,0,0,0,-3.038647,0.4991676,1.812853,1.304785,-0.3348632,-3.30974,0.08079807,0.3102776,-0.05953199,0.9453335,10.93558,35.99277,356.3553,0.3628633,-0.09261845,-0.9272273,0,0,0,1.827724,-0.6339829,-2.612274,0.02134731,-0.1272346,0.9125522,0.8003675,-0.06241551,-0.5962518,0.1626948,0.9798552,0.1158193,0.5770116,-0.1897051,0.794399,static,31.7035,-22.5333,1.340075,-7.937418
05/15/2023 14:22:41.910714,491,True,True,True,True,Eyes,1.299063,-0.3324774,-3.307247,0.4981423,-0.3352103,0.7996801,0,0,0,0,0,0,0,-3.043528,0.5018632,1.80408,1.304973,-0.3349697,-3.309754,0.08168799,0.3114382,-0.05980177,0.9448584,11.04712,36.13477,356.3708,0.3629652,-0.09266685,-0.9271826,0,0,0,1.827724,-0.6339829,-2.612274,0.01887903,-0.125523,0.9127114,0.79886,-0.06212689,-0.5983,0.1638899,0.9795016,0.117118,0.5787597,-0.1916162,0.7926667,static,31.91989,-22.74248,1.184969,-7.830625
05/15/2023 14:22:41.930152,492,True,True,True,True,Eyes,1.299472,-0.3326942,-3.307082,0.5008986,-0.3375701,0.7969611,0,0,0,0,0,0,0,-3.047905,0.5043105,1.796091,1.305242,-0.3349678,-3.309703,0.08234055,0.3125133,-0.05983696,0.9444444,11.12393,36.26799,356.403,0.3630697,-0.09271651,-0.9271366,0,0,0,1.827724,-0.6339829,-2.612274,0.01652542,-0.124487,0.9127069,0.79751,-0.06156034,-0.6001568,0.1644904,0.9792792,0.1181324,0.5804487,-0.1929318,0.7911109,static,32.1498,-22.95614,1.037281,-7.76683
05/15/2023 14:22:41.945800,493,True,True,True,True,Eyes,1.299874,-0.3329,-3.306924,0.503583,-0.339879,0.7942836,0,0,0,0,0,0,0,-3.052021,0.5052708,1.789002,1.305302,-0.33508,-3.309768,0.08285246,0.3135091,-0.06007735,0.9440542,11.19239,36.38922,356.4066,0.3631751,-0.09276724,-0.9270903,0,0,0,1.827724,-0.6339829,-2.612274,0.01451507,-0.1234044,0.9128665,0.7962055,-0.06148255,-0.6018943,0.1653825,0.9790524,0.1187648,0.581984,-0.194104,0.789695,static,32.37507,-23.16639,0.9109573,-7.698767
05/15/2023 14:22:41.961810,494,True,True,True,True,Eyes,1.300256,-0.3331021,-3.306765,0.506433,-0.3421407,0.7914957,0,0,0,0,0,0,0,-3.056185,0.5047371,1.782171,1.305515,-0.335012,-3.309767,0.08331975,0.3144587,-0.06054866,0.9436671,11.26414,36.50247,356.3828,0.363281,-0.09281861,-0.9270436,0,0,0,1.827724,-0.6339829,-2.612274,0.01261073,-0.122466,0.9129211,0.7948992,-0.06187433,-0.6035784,0.1666768,0.9787833,0.1191721,0.5833987,-0.1953323,0.7883472,static,32.61286,-23.37743,0.7914111,-7.640465
05/15/2023 14:22:41.970743,495,True,True,True,True,Eyes,1.30063,-0.3332947,-3.306614,0.5092154,-0.3443387,0.7887525,0,0,0,0,0,0,0,-3.061351,0.5038133,1.773644,1.305678,-0.3351445,-3.309743,0.08371746,0.3156838,-0.06102114,0.9431922,11.32945,36.6493,356.3598,0.3633869,-0.09287048,-0.9269969,0,0,0,1.827724,-0.6339829,-2.612274,0.01024187,-0.121463,0.9129291,0.7932404,-0.06225285,-0.6057181,0.1679658,0.9785356,0.1193965,0.5852839,-0.1964501,0.7866703,static,32.84612,-23.58422,0.6427565,-7.578554
05/15/2023 14:22:41.996586,496,True,True,True,True,Eyes,1.300979,-0.3334846,-3.306464,0.5118882,-0.3464234,0.7861052,0,0,0,0,0,0,0,-3.065348,0.5038664,1.76694,1.305866,-0.3351013,-3.309794,0.08404973,0.3166467,-0.06121451,0.9428273,11.37652,36.76659,356.3623,0.3634925,-0.09292252,-0.9269503,0,0,0,1.827724,-0.6339829,-2.612274,0.008232057,-0.1208951,0.9129713,0.7919753,-0.06220127,-0.6073765,0.1686576,0.9783769,0.119722,0.5867962,-0.1972555,0.785341,static,33.07097,-23.78229,0.5166092,-7.543184
05/15/2023 14:22:42.012310,497,True,True,True,True,Eyes,1.301324,-0.3336606,-3.306322,0.5145016,-0.3484142,0.783515,0,0,0,0,0,0,0,-3.068363,0.5056021,1.761439,1.305944,-0.3352566,-3.309874,0.08443321,0.317413,-0.06118231,0.9425374,11.42021,36.86221,356.3891,0.3635973,-0.09297467,-0.9269039,0,0,0,1.827724,-0.6339829,-2.612274,0.0065611,-0.1201474,0.9130491,0.7910115,-0.06173283,-0.6086789,0.1689336,0.9782556,0.1203228,0.5880156,-0.198003,0.7842401,static,33.29124,-23.9738,0.411716,-7.496433
05/15/2023 14:22:42.030648,498,True,True,True,True,Eyes,1.301656,-0.3338345,-3.306188,0.5168616,-0.35021,0.7811575,0,0,0,0,0,0,0,-3.07217,0.5024607,1.755929,1.306165,-0.3351012,-3.309927,0.08421726,0.3183166,-0.06142527,0.9422361,11.40895,36.96995,356.3655,0.3637012,-0.0930265,-0.9268579,0,0,0,1.827724,-0.6339829,-2.612274,0.004789233,-0.1206112,0.9129643,0.789803,-0.06213871,-0.6102049,0.1693697,0.9782689,0.1195997,0.5895126,-0.1978104,0.783164,static,33.49106,-24.14774,0.3005598,-7.525735
05/15/2023 14:22:42.045802,499,True,True,True,True,Eyes,1.301975,-0.3339902,-3.306056,0.5191612,-0.351903,0.7788683,0,0,0,0,0,0,0,-3.07563,0.5016361,1.750203,1.306196,-0.3352342,-3.309957,0.08416463,0.3192172,-0.06142338,0.9419363,11.4066,37.08033,356.3748,0.3638039,-0.09307799,-0.9268125,0,0,0,1.827724,-0.6339829,-2.612274,0.003046483,-0.1206286,0.9129307,0.788655,-0.06198021,-0.6117039,0.1694474,0.978287,0.1193406,0.5910252,-0.1977702,0.7820334,static,33.68577,-24.31408,0.1911974,-7.52708
05/15/2023 14:22:42.061094,500,True,True,True,True,Eyes,1.302238,-0.3341351,-3.305899,0.5214279,-0.3534694,0.7766417,0,0,0,0,0,0,0,-3.077279,0.5000468,1.74749,1.306169,-0.3349595,-3.309854,0.08382364,0.3197156,-0.06124042,0.9418096,11.36455,37.14211,356.3886,0.3639051,-0.09312867,-0.9267676,0,0,0,1.827724,-0.6339829,-2.612274,0.002223611,-0.1216346,0.9128263,0.7880632,-0.06175418,-0.6124891,0.1689531,0.9784464,0.1187328,0.5919556,-0.1970508,0.7815111,static,33.87694,-24.47149,0.1395701,-7.58998
05/15/2023 14:22:42.080541,501,True,True,True,True,Eyes,1.302492,-0.3342706,-3.305745,0.5236064,-0.3549351,0.7745047,0,0,0,0,0,0,0,-3.077856,0.497303,1.747152,1.306091,-0.3349209,-3.309834,0.08330693,0.319894,-0.0612122,0.9417966,11.30777,37.16251,356.3749,0.364004,-0.09317844,-0.9267238,0,0,0,1.827724,-0.6339829,-2.612274,0.002076656,-0.1225838,0.9127414,0.7878417,-0.06200011,-0.612749,0.1685977,0.9786261,0.1177535,0.5923514,-0.1960792,0.7814555,static,34.06079,-24.62074,0.1303583,-7.649217
05/15/2023 14:22:42.090746,502,True,True,True,True,Eyes,1.302731,-0.3344074,-3.305595,0.5256817,-0.3563189,0.7724608,0,0,0,0,0,0,0,-3.077708,0.4958317,1.747701,1.306145,-0.3348378,-3.309752,0.08288866,0.3198918,-0.06103628,0.9418457,11.25563,37.1625,356.3789,0.3641004,-0.09322712,-0.926681,0,0,0,1.827724,-0.6339829,-2.612274,0.00213322,-0.1235129,0.9125499,0.7878877,-0.06194273,-0.6126958,0.1680043,0.978808,0.1170866,0.592459,-0.1951866,0.7815974,static,34.23641,-24.76282,0.1339371,-7.708096
05/15/2023 14:22:42.110826,503,True,True,True,True,Eyes,1.302891,-0.3345288,-3.305408,0.5275173,-0.357411,0.7707028,0,0,0,0,0,0,0,-3.076407,0.4962236,1.749702,1.306003,-0.3350108,-3.309697,0.082702,0.3196231,-0.06082618,0.941967,11.2265,37.13092,356.392,0.3641943,-0.09327488,-0.9266393,0,0,0,1.827724,-0.6339829,-2.612274,0.002748132,-0.1237589,0.9124976,0.7882825,-0.06172557,-0.6122097,0.1674594,0.9789211,0.1169222,0.5920879,-0.194688,0.7820029,static,34.39019,-24.87937,0.1725549,-7.723699
05/15/2023 14:22:42.130472,504,True,True,True,True,Eyes,1.303052,-0.3346407,-3.305236,0.5289369,-0.3581966,0.7693641,0,0,0,0,0,0,0,-3.074042,0.4964952,1.753863,1.305911,-0.3348667,-3.309794,0.08256931,0.3190298,-0.0606897,0.9421884,11.20473,37.05899,356.3951,0.3642844,-0.09332153,-0.9265993,0,0,0,1.827724,-0.6339829,-2.612274,0.003876984,-0.1241496,0.9126142,0.7890735,-0.06167813,-0.6111946,0.1670464,0.9789981,0.116868,0.5911502,-0.1943153,0.7828045,static,34.50848,-24.9655,0.2434035,-7.746811
05/15/2023 14:22:42.140643,505,True,True,True,True,Eyes,1.303206,-0.3347455,-3.305065,0.5302755,-0.35891,0.7681091,0,0,0,0,0,0,0,-3.07158,0.496003,1.758349,1.305878,-0.334756,-3.30984,0.08232768,0.3183983,-0.06060327,0.9424288,11.17276,36.98155,356.3882,0.3643709,-0.09336688,-0.9265607,0,0,0,1.827724,-0.6339829,-2.612274,0.005104423,-0.1246798,0.912626,0.7898996,-0.06180256,-0.610114,0.1666545,0.9790988,0.116584,0.5901567,-0.1937679,0.7836894,static,34.61983,-25.04501,0.3204586,-7.779394
05/15/2023 14:22:42.160751,506,True,True,True,True,Eyes,1.303305,-0.3348455,-3.304871,0.5314755,-0.359473,0.7670156,0,0,0,0,0,0,0,-3.069626,0.4944054,1.76191,1.305886,-0.3347008,-3.309684,0.08184763,0.3179346,-0.06046251,0.9426361,11.11339,36.92447,356.3806,0.364454,-0.09341089,-0.9265236,0,0,0,1.827724,-0.6339829,-2.612274,0.006138444,-0.125641,0.912382,0.7905237,-0.0619439,-0.6092907,0.1660327,0.9792905,0.1158588,0.5894959,-0.1927513,0.7844371,static,34.71862,-25.11082,0.3854763,-7.840695
05/15/2023 14:22:42.170802,507,True,True,True,True,Eyes,1.303392,-0.3349417,-3.30468,0.5325796,-0.3600194,0.7659928,0,0,0,0,0,0,0,-3.067771,0.4932708,1.765453,1.305764,-0.3347863,-3.309722,0.08152527,0.3174694,-0.06043904,0.9428223,11.07553,36.86661,356.366,0.3645329,-0.09345364,-0.9264883,0,0,0,1.827724,-0.6339829,-2.612274,0.007154286,-0.1260768,0.9123856,0.7911205,-0.06220299,-0.6084891,0.1657301,0.9794015,0.1153526,0.5887799,-0.1921028,0.7851337,static,34.81012,-25.17369,0.4492639,-7.867519
05/15/2023 14:22:42.191169,508,True,True,True,True,Eyes,1.30341,-0.3350237,-3.304455,0.5336225,-0.3605216,0.7650302,0,0,0,0,0,0,0,-3.065093,0.4938447,1.769565,1.305565,-0.3347925,-3.309599,0.08162285,0.3168088,-0.06053662,0.9430298,11.08719,36.78504,356.3509,0.3646078,-0.09349518,-0.9264546,0,0,0,1.827724,-0.6339829,-2.612274,0.008645415,-0.1257855,0.9124307,0.7919349,-0.06245799,-0.6074028,0.1658933,0.9793461,0.1155885,0.587638,-0.1923026,0.7859397,static,34.89648,-25.23223,0.5428697,-7.849182
05/15/2023 14:22:42.211102,509,True,True,True,True,Eyes,1.303428,-0.3350912,-3.30424,0.534588,-0.3609776,0.7641407,0,0,0,0,0,0,0,-3.062589,0.4922346,1.774293,1.305466,-0.3346678,-3.309625,0.08147234,0.3161228,-0.06079889,0.9432562,11.07761,36.69801,356.3083,0.3646777,-0.09353537,-0.9264231,0,0,0,1.827724,-0.6339829,-2.612274,0.01014021,-0.1259493,0.9125099,0.7927397,-0.06318732,-0.6062765,0.1662084,0.9793315,0.1152587,0.5864627,-0.1921384,0.7868572,static,34.97639,-25.2859,0.6366696,-7.858602
05/15/2023 14:22:42.229986,510,True,True,True,True,Eyes,1.303442,-0.3351583,-3.304037,0.5353842,-0.3613098,0.7634258,0,0,0,0,0,0,0,-3.060538,0.4900961,1.778451,1.305504,-0.3343968,-3.309654,0.08111431,0.3155637,-0.0608837,0.9434687,11.03934,36.62761,356.2794,0.364743,-0.09357392,-0.9263935,0,0,0,1.827724,-0.6339829,-2.612274,0.01128086,-0.1267518,0.9124749,0.7934254,-0.06369026,-0.605326,0.1660772,0.9794273,0.1146323,0.5855719,-0.191483,0.7876801,static,35.04166,-25.32699,0.7083077,-7.90834
05/15/2023 14:22:42.240646,511,True,True,True,True,Eyes,1.30345,-0.3352182,-3.303839,0.5361311,-0.3615978,0.762765,0,0,0,0,0,0,0,-3.05866,0.4868892,1.782629,1.305398,-0.3344912,-3.309724,0.08022862,0.3151263,-0.06066228,0.9437049,10.93276,36.57349,356.2667,0.364804,-0.09361096,-0.9263658,0,0,0,1.827724,-0.6339829,-2.612274,0.0122765,-0.128272,0.9123329,0.7940309,-0.06393028,-0.6045062,0.1650589,0.9797669,0.1131917,0.5850388,-0.1896568,0.7885175,static,35.10256,-25.36385,0.7709348,-8.003198
05/15/2023 14:22:42.260537,512,True,True,True,True,Eyes,1.303458,-0.3352763,-3.303658,0.5367514,-0.36185,0.7622091,0,0,0,0,0,0,0,-3.057559,0.483612,1.78511,1.305264,-0.3343876,-3.309628,0.07975174,0.3148515,-0.06084877,0.943825,10.88626,36.53669,356.2257,0.3648609,-0.09364644,-0.9263399,0,0,0,1.827724,-0.6339829,-2.612274,0.01314729,-0.1290558,0.9122472,0.7943319,-0.06464127,-0.604035,0.1650811,0.9798741,0.1122267,0.5846239,-0.18886,0.7890164,static,35.1534,-25.39549,0.8256888,-8.052207
05/15/2023 14:22:42.280726,513,True,True,True,True,Eyes,1.303463,-0.3353284,-3.303474,0.5373114,-0.3620605,0.7617142,0,0,0,0,0,0,0,-3.055075,0.482556,1.789581,1.305037,-0.3344152,-3.309681,0.07954244,0.3142256,-0.06095171,0.9440446,10.86458,36.45854,356.1996,0.3649139,-0.09368042,-0.9263155,0,0,0,1.827724,-0.6339829,-2.612274,0.01456133,-0.1292462,0.9123609,0.7950943,-0.06509373,-0.6029825,0.1650708,0.9799157,0.1118781,0.5835894,-0.1884884,0.7898706,static,35.19905,-25.42283,0.9143659,-8.062943
05/15/2023 14:22:42.296059,514,True,True,True,True,Eyes,1.303479,-0.3353728,-3.303317,0.5377198,-0.3622653,0.7613285,0,0,0,0,0,0,0,-3.052689,0.4800595,1.793761,1.304961,-0.3343319,-3.309417,0.0790972,0.3136482,-0.06105155,0.9442676,10.81715,36.38573,356.1658,0.3649635,-0.09371289,-0.9262928,0,0,0,1.827724,-0.6339829,-2.612274,0.01601765,-0.1300173,0.9120957,0.795795,-0.06568062,-0.6019937,0.1649154,0.9800327,0.1110804,0.5826776,-0.1876753,0.7907369,static,35.23324,-25.44665,1.006089,-8.112733
05/15/2023 14:22:42.310471,515,True,True,True,True,Eyes,1.303496,-0.3354016,-3.303165,0.5380588,-0.3624116,0.7610195,0,0,0,0,0,0,0,-3.048869,0.4769083,1.800999,1.304695,-0.3341765,-3.309492,0.07866634,0.3126492,-0.06137435,0.9446138,10.77752,36.2594,356.1032,0.3650099,-0.09374372,-0.9262714,0,0,0,1.827724,-0.6339829,-2.612274,0.01829734,-0.1306019,0.91223,0.7969673,-0.06676018,-0.6003218,0.1651401,0.9800896,0.1102413,0.5810093,-0.1869959,0.7921242,static,35.26122,-25.46466,1.149074,-8.147542
05/15/2023 14:22:42.329917,516,True,True,True,True,Eyes,1.303524,-0.3354289,-3.30303,0.5382821,-0.3624698,0.7608339,0,0,0,0,0,0,0,-3.045356,0.4734558,1.80782,1.30474,-0.333845,-3.309497,0.07798863,0.3117352,-0.06141578,0.9449693,10.70105,36.14556,356.064,0.3650536,-0.09377261,-0.9262513,0,0,0,1.827724,-0.6339829,-2.612274,0.02018142,-0.1320207,0.9120725,0.7980986,-0.06744847,-0.5987398,0.1646957,0.9802918,0.1091028,0.5795808,-0.1856846,0.793478,static,35.27901,-25.47366,1.267576,-8.236247
05/15/2023 14:22:42.340583,517,True,True,True,True,Eyes,1.303545,-0.335453,-3.302894,0.5384624,-0.362459,0.7607113,0,0,0,0,0,0,0,-3.041821,0.4694831,1.814657,1.304644,-0.3338422,-3.30946,0.07689638,0.3109051,-0.06115268,0.9453493,10.56864,36.04388,356.0448,0.3650948,-0.09379968,-0.9262323,0,0,0,1.827724,-0.6339829,-2.612274,0.02201313,-0.1340045,0.911769,0.7991967,-0.06780634,-0.5972327,0.1634362,0.9806946,0.1073625,0.578423,-0.1834132,0.7948499,static,35.29242,-25.47658,1.383042,-8.361018
05/15/2023 14:22:42.360709,518,True,True,True,True,Eyes,1.30356,-0.3354707,-3.302761,0.5385435,-0.3624612,0.7606529,0,0,0,0,0,0,0,-3.03879,0.4658109,1.820304,1.304523,-0.3338027,-3.30931,0.07602562,0.3102007,-0.0610473,0.945658,10.4666,35.9568,356.0177,0.3651336,-0.09382503,-0.9262145,0,0,0,1.827724,-0.6339829,-2.612274,0.02370024,-0.1355603,0.9114645,0.8000976,-0.06829334,-0.5959698,0.1626261,0.9809867,0.1059146,0.5774051,-0.1816623,0.7959913,static,35.29856,-25.47842,1.48949,-8.459478
05/15/2023 14:22:42.370784,519,True,True,True,True,Eyes,1.303578,-0.3354858,-3.302622,0.5385911,-0.3623873,0.7606544,0,0,0,0,0,0,0,-3.035684,0.4634466,1.825898,1.304379,-0.3336874,-3.309277,0.07552684,0.30944,-0.06108171,0.945945,10.40999,35.86255,355.9878,0.3651702,-0.09384864,-0.9261978,0,0,0,1.827724,-0.6339829,-2.612274,0.02540708,-0.1364435,0.9113822,0.8010318,-0.06881782,-0.594653,0.1623019,0.9811295,0.1050862,0.5761998,-0.1806907,0.7970852,static,35.3009,-25.47384,1.596851,-8.514546
05/15/2023 14:22:42.390796,520,True,True,True,True,Eyes,1.303589,-0.3355106,-3.302487,0.5388223,-0.362413,0.7604784,0,0,0,0,0,0,0,-3.032871,0.4589888,1.831257,1.304496,-0.3336565,-3.308994,0.07452361,0.3087679,-0.06097579,0.9462508,10.29351,35.77936,355.9567,0.3652049,-0.09387063,-0.9261819,0,0,0,1.827724,-0.6339829,-2.612274,0.02695024,-0.1382711,0.9107893,0.8018888,-0.0693758,-0.5934319,0.1614178,0.9814563,0.1033813,0.5752553,-0.1786908,0.7982173,static,35.31874,-25.48057,1.694887,-8.632417
05/15/2023 14:22:42.410730,521,True,True,True,True,Eyes,1.303598,-0.335535,-3.302356,0.5389853,-0.3624873,0.7603275,0,0,0,0,0,0,0,-3.03028,0.4547232,1.836571,1.304404,-0.3339417,-3.308984,0.07382278,0.308081,-0.06125893,0.9465113,10.2238,35.69169,355.8932,0.3652376,-0.09389143,-0.9261669,0,0,0,1.827724,-0.6339829,-2.612274,0.02857187,-0.138962,0.9105852,0.8026668,-0.07047775,-0.592249,0.1614514,0.9815951,0.1020028,0.5741597,-0.1774936,0.7992725,static,35.33228,-25.48955,1.797208,-8.676812
05/15/2023 14:22:42.430435,522,True,True,True,True,Eyes,1.303591,-0.3355615,-3.302222,0.5394142,-0.3627777,0.7598847,0,0,0,0,0,0,0,-3.028584,0.4540266,1.839456,1.304389,-0.3339527,-3.308944,0.07429049,0.3075222,-0.06203927,0.9466056,10.30013,35.61753,355.8173,0.3652685,-0.09391115,-0.9261527,0,0,0,1.827724,-0.6339829,-2.612274,0.02982751,-0.1376272,0.9107219,0.8031625,-0.07176147,-0.5914224,0.1631454,0.9812641,0.1024907,0.5729866,-0.1788045,0.799822,static,35.36954,-25.52034,1.875852,-8.593447
05/15/2023 14:22:42.441018,523,True,True,True,True,Eyes,1.303582,-0.335584,-3.302093,0.5397844,-0.3630994,0.7594679,0,0,0,0,0,0,0,-3.026894,0.4566264,1.841518,1.304312,-0.3340303,-3.308924,0.07508246,0.3070257,-0.06248818,0.9466748,10.40053,35.55451,355.7899,0.3652973,-0.09392996,-0.9261394,0,0,0,1.827724,-0.6339829,-2.612274,0.03080007,-0.135868,0.910957,0.8036609,-0.07220748,-0.5906905,0.1644165,0.9809157,0.1037864,0.5719235,-0.1805283,0.8001957,static,35.40294,-25.55233,1.936472,-8.483053
05/15/2023 14:22:42.460612,524,True,True,True,True,Eyes,1.303542,-0.3356087,-3.301949,0.5403112,-0.3635122,0.7588958,0,0,0,0,0,0,0,-3.024803,0.4602215,1.843983,1.30425,-0.3339474,-3.308916,0.07570974,0.3065018,-0.06250076,0.9467938,10.46741,35.49177,355.8046,0.3653243,-0.09394784,-0.926127,0,0,0,1.827724,-0.6339829,-2.612274,0.03169978,-0.1348217,0.9111386,0.8043006,-0.07194033,-0.5898518,0.164761,0.9807234,0.1050498,0.5709242,-0.1816762,0.8006494,static,35.44973,-25.59449,1.992596,-8.417012
05/15/2023 14:22:42.470880,525,True,True,True,True,Eyes,1.303508,-0.335636,-3.301811,0.5408168,-0.3639446,0.7583281,0,0,0,0,0,0,0,-3.023803,0.4638301,1.844878,1.304303,-0.3340697,-3.308971,0.07625902,0.3062347,-0.06242109,0.9468414,10.52365,35.46104,355.8296,0.365349,-0.09396501,-0.9261156,0,0,0,1.827724,-0.6339829,-2.612274,0.03195813,-0.1337945,0.9112526,0.8046478,-0.07149942,-0.5894318,0.1649121,0.9805763,0.1061794,0.5703911,-0.1826414,0.8008097,static,35.49533,-25.63776,2.008571,-8.352761
05/15/2023 14:22:42.491133,526,True,True,True,True,Eyes,1.303484,-0.3356688,-3.30169,0.5412916,-0.3643646,0.7577875,0,0,0,0,0,0,0,-3.024188,0.4669485,1.843549,1.304433,-0.3341477,-3.308962,0.07679135,0.3063106,-0.0623606,0.9467778,10.58022,35.47196,355.8557,0.3653716,-0.09398159,-0.926105,0,0,0,1.827724,-0.6339829,-2.612274,0.03156149,-0.1328689,0.9112939,0.80457,-0.07103924,-0.5895937,0.1651273,0.9804285,0.1072052,0.5704386,-0.1836121,0.8005539,static,35.53842,-25.6795,1.983573,-8.295413
05/15/2023 14:22:42.511154,527,True,True,True,True,Eyes,1.303459,-0.3356996,-3.301572,0.5417308,-0.3648213,0.7572536,0,0,0,0,0,0,0,-3.024444,0.4699487,1.842475,1.304349,-0.3342714,-3.309043,0.07738092,0.3063629,-0.06241514,0.9467093,10.64701,35.4791,355.8709,0.3653925,-0.09399774,-0.9260951,0,0,0,1.827724,-0.6339829,-2.612274,0.03135255,-0.131681,0.9115433,0.8044922,-0.07076469,-0.5897327,0.1655913,0.9802331,0.1082711,0.5704137,-0.1847578,0.8003079,static,35.57951,-25.72332,1.969913,-8.220047
05/15/2023 14:22:42.530311,528,True,True,True,True,Eyes,1.303436,-0.3357357,-3.301464,0.5422936,-0.3653158,0.7566122,0,0,0,0,0,0,0,-3.024127,0.4734016,1.841998,1.304306,-0.3342415,-3.309,0.07811018,0.3062734,-0.06251833,0.9466715,10.73021,35.46883,355.8839,0.3654118,-0.09401345,-0.9260859,0,0,0,1.827724,-0.6339829,-2.612274,0.03144601,-0.130384,0.9117285,0.8045762,-0.07052249,-0.5896472,0.1662148,0.9799805,0.109594,0.570114,-0.1861848,0.8001908,static,35.63065,-25.77269,1.975379,-8.138545
05/15/2023 14:22:42.540953,529,True,True,True,True,Eyes,1.303415,-0.3357717,-3.301367,0.5428007,-0.3658357,0.7559972,0,0,0,0,0,0,0,-3.023458,0.4764792,1.842435,1.304264,-0.3343805,-3.309076,0.07869263,0.3060808,-0.06258809,0.946681,10.7957,35.44599,355.8943,0.3654296,-0.09402888,-0.9260772,0,0,0,1.827724,-0.6339829,-2.612274,0.03167292,-0.1291754,0.9119293,0.8047947,-0.0703293,-0.589372,0.1666745,0.9797804,0.1106796,0.5696712,-0.1873076,0.8002442,static,35.67808,-25.82287,1.989185,-8.062347
05/15/2023 14:22:42.560817,530,True,True,True,True,Eyes,1.303408,-0.3357967,-3.301284,0.5431533,-0.3662431,0.7555465,0,0,0,0,0,0,0,-3.022478,0.4786684,1.843733,1.304278,-0.3344049,-3.309211,0.07926586,0.3057602,-0.06283584,0.9467202,10.86588,35.40587,355.8832,0.365446,-0.09404401,-0.9260693,0,0,0,1.827724,-0.6339829,-2.612274,0.03213438,-0.1279777,0.9121692,0.8051248,-0.07050324,-0.5889002,0.1674486,0.9795371,0.1116598,0.5689772,-0.1885106,0.8004553,static,35.71191,-25.86129,2.017612,-7.986488
05/15/2023 14:22:42.570659,531,True,True,True,True,Eyes,1.303404,-0.3358215,-3.301202,0.5434741,-0.3666067,0.7551394,0,0,0,0,0,0,0,-3.021531,0.4768327,1.845848,1.304302,-0.3341384,-3.309278,0.07940575,0.3054108,-0.06339728,0.946784,10.89937,35.35824,355.8218,0.3654613,-0.09405854,-0.9260617,0,0,0,1.827724,-0.6339829,-2.612274,0.03291556,-0.1276198,0.9123162,0.80541,-0.0715443,-0.5883843,0.1685498,0.979351,0.1116357,0.5682479,-0.1890846,0.8008379,static,35.74258,-25.89574,2.066285,-7.963178
05/15/2023 14:22:42.595648,532,True,True,True,True,Eyes,1.303378,-0.3358518,-3.301117,0.5439116,-0.366903,0.7546803,0,0,0,0,0,0,0,-3.020881,0.4726298,1.847916,1.304385,-0.3341717,-3.3092,0.07890324,0.3051822,-0.06376732,0.9468749,10.85617,35.32573,355.7607,0.3654758,-0.09407251,-0.9260546,0,0,0,1.827724,-0.6339829,-2.612274,0.03357202,-0.1282265,0.9120894,0.8055952,-0.07259963,-0.5880015,0.1689191,0.979416,0.1105017,0.5678757,-0.1883443,0.8012762,static,35.78097,-25.92764,2.107981,-8.002507
05/15/2023 14:22:42.610869,533,True,True,True,True,Eyes,1.303352,-0.3358797,-3.301034,0.5442808,-0.3672194,0.7542601,0,0,0,0,0,0,0,-3.019398,0.4698875,1.851228,1.304272,-0.3343759,-3.309331,0.07869478,0.3047275,-0.06424607,0.9470063,10.84799,35.26532,355.6951,0.365489,-0.09408616,-0.926048,0,0,0,1.827724,-0.6339829,-2.612274,0.0346441,-0.1280202,0.912176,0.8060272,-0.07372192,-0.5872694,0.1696438,0.9793591,0.1098938,0.5670461,-0.188204,0.8018966,static,35.81456,-25.95962,2.175026,-7.989049
05/15/2023 14:22:42.620909,534,True,True,True,True,Eyes,1.30331,-0.3358942,-3.300952,0.5446336,-0.3675223,0.7538578,0,0,0,0,0,0,0,-3.017879,0.4682087,1.85405,1.30423,-0.3343509,-3.309307,0.07892629,0.3042328,-0.06495628,0.9470975,10.89592,35.19873,355.6187,0.365501,-0.09409945,-0.926042,0,0,0,1.827724,-0.6339829,-2.612274,0.03581664,-0.1271612,0.9122647,0.8064462,-0.07501594,-0.5865297,0.1710638,0.9791026,0.1099781,0.5660227,-0.1890254,0.8024261,static,35.84668,-25.99026,2.248348,-7.935369
05/15/2023 14:22:42.645830,535,True,True,True,True,Eyes,1.303282,-0.3358975,-3.300868,0.5449451,-0.3677267,0.7535329,0,0,0,0,0,0,0,-3.015341,0.4686175,1.858188,1.304168,-0.3340666,-3.309424,0.07943324,0.3034906,-0.0655228,0.9472542,10.96784,35.10384,355.5648,0.3655115,-0.09411205,-0.9260365,0,0,0,1.827724,-0.6339829,-2.612274,0.03728995,-0.126137,0.9125668,0.8072004,-0.07591902,-0.585375,0.172348,0.9787942,0.1107158,0.5645562,-0.1902581,0.8031676,static,35.87396,-26.01254,2.339959,-7.869683
05/15/2023 14:22:42.660922,536,True,True,True,True,Eyes,1.303222,-0.3359021,-3.300772,0.5453311,-0.3678238,0.7532063,0,0,0,0,0,0,0,-3.012554,0.4637751,1.863833,1.304456,-0.3338235,-3.30929,0.07831348,0.3028075,-0.06531968,0.94758,10.83464,35.02039,355.5408,0.3655211,-0.09412372,-0.9260316,0,0,0,1.827724,-0.6339829,-2.612274,0.03863764,-0.1284471,0.9120002,0.8080819,-0.07636343,-0.5840996,0.1712191,0.9792007,0.108858,0.563638,-0.1879751,0.8043492,static,35.90503,-26.0283,2.425932,-8.016872
05/15/2023 14:22:42.670734,537,True,True,True,True,Eyes,1.303165,-0.3359113,-3.300682,0.5456583,-0.367922,0.7529212,0,0,0,0,0,0,0,-3.009911,0.4575915,1.86979,1.3044,-0.3339452,-3.309394,0.07713807,0.3021379,-0.06543576,0.9478821,10.70643,34.93564,355.4798,0.3655292,-0.09413464,-0.9260272,0,0,0,1.827724,-0.6339829,-2.612274,0.04019526,-0.1302067,0.9117545,0.8088617,-0.07743809,-0.5828775,0.1706634,0.9795357,0.1066943,0.5626871,-0.1857769,0.8055247,static,35.93166,-26.04288,2.524285,-8.127394
05/15/2023 14:22:42.695908,538,True,True,True,True,Eyes,1.303094,-0.3359117,-3.300592,0.5458707,-0.3679728,0.7527424,0,0,0,0,0,0,0,-3.008426,0.4546936,1.872999,1.304399,-0.3340761,-3.309446,0.07702372,0.3016587,-0.06604153,0.948002,10.71252,34.87143,355.4033,0.3655359,-0.094145,-0.9260235,0,0,0,1.827724,-0.6339829,-2.612274,0.04129532,-0.1298504,0.9117538,0.8092811,-0.07874524,-0.5821196,0.1716848,0.9794117,0.1061933,0.5617726,-0.1858813,0.8061387,static,35.94872,-26.05137,2.593279,-8.105457
05/15/2023 14:22:42.710994,539,True,True,True,True,Eyes,1.303024,-0.3358946,-3.300498,0.5460526,-0.3679352,0.7526289,0,0,0,0,0,0,0,-3.005461,0.4549313,1.87758,1.304212,-0.3338903,-3.309473,0.07702841,0.3009495,-0.06607845,0.9482246,10.71087,34.78475,355.3913,0.3655412,-0.09415463,-0.9260205,0,0,0,1.827724,-0.6339829,-2.612274,0.04278961,-0.1299179,0.911864,0.8101261,-0.07895108,-0.5809153,0.1716777,0.9794005,0.1063079,0.5605556,-0.185853,0.806992,static,35.9619,-26.05247,2.686658,-8.108646
05/15/2023 14:22:42.730337,540,True,True,True,True,Eyes,1.302955,-0.3358662,-3.300398,0.5463939,-0.3678045,0.752445,0,0,0,0,0,0,0,-3.001445,0.454255,1.883677,1.304166,-0.3334602,-3.309261,0.07613861,0.3001538,-0.06521633,0.9486083,10.57959,34.69458,355.4475,0.365545,-0.09416311,-0.9260181,0,0,0,1.827724,-0.6339829,-2.612274,0.04438898,-0.1323787,0.9114399,0.811309,-0.07802291,-0.5793877,0.1694361,0.9798995,0.1053016,0.5595258,-0.1836013,0.8082212,static,35.98557,-26.04996,2.788218,-8.263929
05/15/2023 14:22:42.745924,541,True,True,True,True,Eyes,1.302882,-0.3358348,-3.300298,0.5467386,-0.3675246,0.7523314,0,0,0,0,0,0,0,-2.997416,0.4528631,1.890009,1.304175,-0.3331867,-3.309053,0.07453465,0.299463,-0.06368118,0.9490581,10.34738,34.62221,355.5555,0.3655478,-0.09417027,-0.9260163,0,0,0,1.827724,-0.6339829,-2.612274,0.04565719,-0.1363576,0.9107163,0.8125333,-0.07623354,-0.5779085,0.165515,0.9807786,0.1033351,0.5589226,-0.1796157,0.8095329,static,36.00687,-26.03617,2.870022,-8.515394
05/15/2023 14:22:42.760715,542,True,True,True,True,Eyes,1.30285,-0.3358129,-3.300224,0.546962,-0.367115,0.7523691,0,0,0,0,0,0,0,-2.993226,0.4538892,1.896061,1.304035,-0.3330899,-3.308929,0.0730381,0.2988063,-0.06177488,0.9495074,10.11462,34.55724,355.7088,0.3655495,-0.09417616,-0.926015,0,0,0,1.827724,-0.6339829,-2.612274,0.04674691,-0.1401857,0.9100972,0.8137974,-0.07366291,-0.5764614,0.1609599,0.9816986,0.101783,0.5584137,-0.1756179,0.8107605,static,36.01664,-26.00985,2.940399,-8.756666
05/15/2023 14:22:42.770704,543,True,True,True,True,Eyes,1.302809,-0.3357993,-3.300148,0.5471452,-0.3666377,0.7524686,0,0,0,0,0,0,0,-2.98778,0.460038,1.90264,1.303777,-0.3332064,-3.308722,0.07208356,0.297934,-0.05945703,0.9500023,9.926669,34.47018,355.924,0.365551,-0.09418106,-0.9260139,0,0,0,1.827724,-0.6339829,-2.612274,0.04807323,-0.1431193,0.9095227,0.8154004,-0.07001632,-0.5746478,0.1559209,0.9825376,0.1015305,0.5575042,-0.1723876,0.8120786,static,36.02216,-25.9775,3.025579,-8.942535
05/15/2023 14:22:42.796797,544,True,True,True,True,Eyes,1.302788,-0.335793,-3.300092,0.5473824,-0.3663155,0.752453,0,0,0,0,0,0,0,-2.980819,0.4687702,1.911031,1.303555,-0.3333811,-3.308575,0.07168631,0.2966491,-0.0572961,0.950567,9.804038,34.33229,356.1365,0.3655521,-0.09418532,-0.9260131,0,0,0,1.827724,-0.6339829,-2.612274,0.05001903,-0.144923,0.9090898,0.8174329,-0.0663962,-0.5721843,0.1514589,0.9831564,0.1022916,0.555755,-0.1702789,0.8137208,static,36.03454,-25.95813,3.149296,-9.057618
05/15/2023 14:22:42.810536,545,True,True,True,True,Eyes,1.30278,-0.3357851,-3.300044,0.5475497,-0.3660942,0.752439,0,0,0,0,0,0,0,-2.975268,0.4773518,1.91773,1.303551,-0.3334978,-3.308671,0.07231107,0.2954297,-0.05635386,0.9509557,9.835872,34.19365,356.2493,0.3655531,-0.09418914,-0.9260123,0,0,0,1.827724,-0.6339829,-2.612274,0.05174512,-0.1442709,0.9091341,0.8190911,-0.06445436,-0.5700312,0.1499057,0.9831907,0.1042321,0.5537311,-0.1708264,0.8149848,static,36.04338,-25.94493,3.257585,-9.0171
05/15/2023 14:22:42.830573,546,True,True,True,True,Eyes,1.302773,-0.3357749,-3.299994,0.5478085,-0.3660663,0.7522641,0,0,0,0,0,0,0,-2.973027,0.4833555,1.920139,1.303854,-0.3334297,-3.308813,0.07351744,0.2947623,-0.05654376,0.951059,9.972342,34.11336,356.2618,0.3655543,-0.09419247,-0.9260115,0,0,0,1.827724,-0.6339829,-2.612274,0.05246586,-0.1421493,0.9093836,0.819836,-0.06421256,-0.5689865,0.1508932,0.982796,0.1065049,0.5523587,-0.1731728,0.8154208,static,36.06259,-25.94845,3.301955,-8.884235
05/15/2023 14:22:42.845826,547,True,True,True,True,Eyes,1.302769,-0.3357637,-3.299945,0.5480522,-0.3660762,0.7520818,0,0,0,0,0,0,0,-2.973697,0.4844518,1.919044,1.304088,-0.3333693,-3.308854,0.07419447,0.2947762,-0.0570871,0.9509698,10.06523,34.11158,356.2245,0.3655557,-0.09419532,-0.9260107,0,0,0,1.827724,-0.6339829,-2.612274,0.05227658,-0.1407329,0.9095314,0.8196961,-0.06483467,-0.5691175,0.1523177,0.9824725,0.1074576,0.5521753,-0.1747692,0.8152043,static,36.08133,-25.95453,3.289536,-8.795695
05/15/2023 14:22:42.860940,548,True,True,True,True,Eyes,1.302775,-0.3357643,-3.299911,0.5483426,-0.3662233,0.7517985,0,0,0,0,0,0,0,-2.975368,0.4817173,1.917176,1.304171,-0.3333357,-3.308845,0.07441728,0.2950269,-0.05790845,0.9508247,10.11851,34.13515,356.1435,0.3655573,-0.09419769,-0.9260098,0,0,0,1.827724,-0.6339829,-2.612274,0.05200091,-0.1398827,0.9096348,0.8192114,-0.06621137,-0.5696566,0.1540318,0.9822174,0.1073465,0.552419,-0.1756847,0.8148424,static,36.10606,-25.97208,3.271855,-8.7424
05/15/2023 14:22:42.870891,549,True,True,True,True,Eyes,1.302783,-0.3357745,-3.29988,0.5485858,-0.3664734,0.751499,0,0,0,0,0,0,0,-2.976798,0.4794717,1.915751,1.304127,-0.3335937,-3.30897,0.07498456,0.2951513,-0.05912089,0.950667,10.22242,34.14046,356.0294,0.3655592,-0.09419993,-0.9260089,0,0,0,1.827724,-0.6339829,-2.612274,0.05203101,-0.137864,0.9099773,0.8187808,-0.068145,-0.5700476,0.1566722,0.9817641,0.1076715,0.5523149,-0.1774699,0.814526,static,36.12902,-25.99648,3.272516,-8.614949
05/15/2023 14:22:42.890979,550,True,True,True,True,Eyes,1.302772,-0.3357854,-3.299843,0.5488946,-0.3668369,0.7510961,0,0,0,0,0,0,0,-2.978484,0.478512,1.913497,1.304172,-0.3338273,-3.309004,0.0760079,0.2952881,-0.06057818,0.9504515,10.38488,34.14574,355.9036,0.3655614,-0.09420229,-0.9260078,0,0,0,1.827724,-0.6339829,-2.612274,0.0519973,-0.1349546,0.9103382,0.8182704,-0.07026479,-0.5705229,0.1600417,0.9811062,0.1087076,0.5521052,-0.1802597,0.8140554,static,36.15902,-26.03098,3.269107,-8.432494
05/15/2023 14:22:42.910710,551,True,True,True,True,Eyes,1.302764,-0.335785,-3.29981,0.5491873,-0.3672497,0.7506803,0,0,0,0,0,0,0,-2.980882,0.4782168,1.910195,1.304266,-0.3338801,-3.309171,0.07703827,0.2956088,-0.06182839,0.9501883,10.54197,34.17504,355.803,0.3655635,-0.09420483,-0.9260067,0,0,0,1.827724,-0.6339829,-2.612274,0.05143139,-0.1323473,0.9108093,0.8175853,-0.07195084,-0.5712944,0.1630436,0.9804847,0.1098477,0.5522417,-0.1829557,0.8133611,static,36.18869,-26.06892,3.231934,-8.267635
05/15/2023 14:22:42.920662,552,True,True,True,True,Eyes,1.302758,-0.3357889,-3.299781,0.5496167,-0.3676408,0.7501745,0,0,0,0,0,0,0,-2.983388,0.4755527,1.907041,1.304318,-0.3336101,-3.309233,0.07754716,0.2960233,-0.06289358,0.9499481,10.63591,34.21637,355.7065,0.3655654,-0.09420718,-0.9260057,0,0,0,1.827724,-0.6339829,-2.612274,0.05085748,-0.1310789,0.9111319,0.8168292,-0.07357972,-0.5721679,0.1654028,0.9800617,0.1100956,0.552659,-0.1845674,0.8127133,static,36.22844,-26.10826,3.194816,-8.186618
05/15/2023 14:22:42.940690,553,True,True,True,True,Eyes,1.302756,-0.3357963,-3.299755,0.5500461,-0.3680177,0.7496749,0,0,0,0,0,0,0,-2.985828,0.4727511,1.904073,1.304354,-0.3337147,-3.309298,0.0776291,0.2964927,-0.06355426,0.9497509,10.66949,34.26737,355.6412,0.3655673,-0.09420948,-0.9260047,0,0,0,1.827724,-0.6339829,-2.612274,0.05011824,-0.1304373,0.9112587,0.8161059,-0.07468852,-0.5730557,0.1667543,0.9798691,0.1097699,0.5533211,-0.1851434,0.8121316,static,36.26798,-26.14656,3.148034,-8.145968
05/15/2023 14:22:42.960898,554,True,True,True,True,Eyes,1.302766,-0.3358147,-3.299738,0.5504218,-0.3683275,0.7492468,0,0,0,0,0,0,0,-2.987898,0.4695091,1.90178,1.304403,-0.3338118,-3.309357,0.07746368,0.2969064,-0.06402515,0.9496035,10.66921,34.31295,355.588,0.3655692,-0.09421182,-0.9260038,0,0,0,1.827724,-0.6339829,-2.612274,0.04946777,-0.1303491,0.9112924,0.8154947,-0.07559807,-0.573806,0.1675959,0.9798003,0.1091006,0.5539675,-0.1851385,0.8116919,static,36.30225,-26.17859,3.107143,-8.140239
05/15/2023 14:22:42.980920,555,True,True,True,True,Eyes,1.30277,-0.335838,-3.299728,0.5507627,-0.3687009,0.7488126,0,0,0,0,0,0,0,-2.9897,0.4686918,1.899246,1.304443,-0.3340662,-3.309372,0.07768122,0.2972604,-0.06445804,0.9494457,10.70952,34.35228,355.5513,0.3655713,-0.09421448,-0.9260026,0,0,0,1.827724,-0.6339829,-2.612274,0.0488444,-0.1294755,0.9113556,0.8149628,-0.07621571,-0.5744795,0.1685819,0.9796215,0.1091865,0.5544508,-0.1858298,0.8112038,static,36.33503,-26.21475,3.067851,-8.085851
05/15/2023 14:22:42.990562,556,True,True,True,True,Eyes,1.302775,-0.3358564,-3.299724,0.5511495,-0.3690846,0.7483387,0,0,0,0,0,0,0,-2.990221,0.4713723,1.897967,1.304321,-0.3341965,-3.309524,0.07858126,0.2972907,-0.06496301,0.9493276,10.82585,34.35271,355.5259,0.3655733,-0.09421753,-0.9260015,0,0,0,1.827724,-0.6339829,-2.612274,0.04875273,-0.1274441,0.9117897,0.8147961,-0.07661943,-0.5746624,0.1700653,0.9792096,0.1105729,0.5542429,-0.1878245,0.8108864,static,36.37155,-26.25276,3.060649,-7.956888
05/15/2023 14:22:43.011001,557,True,True,True,True,Eyes,1.302786,-0.3358643,-3.299719,0.5515178,-0.3694432,0.7478902,0,0,0,0,0,0,0,-2.989951,0.474858,1.897711,1.304317,-0.334082,-3.309645,0.07947217,0.2971474,-0.06525075,0.9492788,10.93298,34.33406,355.5224,0.3655753,-0.09422079,-0.9260004,0,0,0,1.827724,-0.6339829,-2.612274,0.04885247,-0.1258195,0.9121419,0.8148916,-0.07665239,-0.5745226,0.1711122,0.978853,0.1121043,0.5537801,-0.1896607,0.8107752,static,36.40623,-26.28847,3.065717,-7.853734
05/15/2023 14:22:43.030992,558,True,True,True,True,Eyes,1.302773,-0.3358719,-3.299705,0.5519173,-0.3696715,0.7474827,0,0,0,0,0,0,0,-2.98925,0.475894,1.898614,1.304489,-0.3338367,-3.309635,0.07944768,0.2969952,-0.06496003,0.9493482,10.91968,34.31832,355.5521,0.3655774,-0.09422396,-0.9259992,0,0,0,1.827724,-0.6339829,-2.612274,0.04892683,-0.1263098,0.9120452,0.8151481,-0.07614822,-0.5742255,0.1705305,0.9789366,0.1122614,0.5535819,-0.1894327,0.8109638,static,36.44097,-26.31494,3.070699,-7.884779
05/15/2023 14:22:43.045598,559,True,True,True,True,Eyes,1.30276,-0.335882,-3.299691,0.5523062,-0.3698741,0.7470951,0,0,0,0,0,0,0,-2.988568,0.4749255,1.900145,1.304482,-0.333899,-3.309755,0.07887424,0.2968916,-0.06452947,0.9494578,10.84146,34.30882,355.5794,0.3655791,-0.09422707,-0.9259983,0,0,0,1.827724,-0.6339829,-2.612274,0.0490391,-0.1274889,0.9119505,0.8153826,-0.0757018,-0.5739516,0.1693702,0.9792296,0.111459,0.5535927,-0.188092,0.8112684,static,36.47446,-26.33923,3.078051,-7.958261
05/15/2023 14:22:43.060665,560,True,True,True,True,Eyes,1.302773,-0.3358936,-3.299698,0.5525362,-0.3699488,0.7468879,0,0,0,0,0,0,0,-2.988242,0.4755941,1.900513,1.304497,-0.3339668,-3.309755,0.07874364,0.2968562,-0.06424814,0.9494989,10.81736,34.30696,355.6058,0.3655805,-0.09423019,-0.9259974,0,0,0,1.827724,-0.6339829,-2.612274,0.04902026,-0.1278282,0.911873,0.8154972,-0.075256,-0.5738477,0.1687581,0.9793432,0.111389,0.553611,-0.1876789,0.8113516,static,36.49347,-26.35015,3.077131,-7.97984
05/15/2023 14:22:43.080952,561,True,True,True,True,Eyes,1.302787,-0.3359067,-3.299705,0.5527509,-0.3700273,0.7466902,0,0,0,0,0,0,0,-2.987703,0.4770889,1.901141,1.304484,-0.3339608,-3.30985,0.07887942,0.2967356,-0.06410129,0.9495353,10.82675,34.29393,355.6253,0.3655819,-0.09423329,-0.9259965,0,0,0,1.827724,-0.6339829,-2.612274,0.04911944,-0.1276755,0.9119715,0.8156781,-0.07492021,-0.5736343,0.1685455,0.9793381,0.1117553,0.5534091,-0.1878398,0.8114522,static,36.51137,-26.36103,3.083013,-7.969579
05/15/2023 14:22:43.096648,562,True,True,True,True,Eyes,1.302781,-0.3359118,-3.299707,0.5529466,-0.3700302,0.7465439,0,0,0,0,0,0,0,-2.986814,0.4799674,1.901882,1.304513,-0.3340053,-3.309874,0.07910225,0.2965596,-0.06376974,0.949594,10.83919,34.2761,355.6677,0.3655835,-0.09423642,-0.9259955,0,0,0,1.827724,-0.6339829,-2.612274,0.04923987,-0.1274548,0.9119822,0.8159717,-0.07419366,-0.573311,0.1680278,0.9793525,0.112407,0.5531337,-0.1880531,0.8115906,static,36.52643,-26.36567,3.090521,-7.955891
05/15/2023 14:22:43.112471,563,True,True,True,True,Eyes,1.302778,-0.3359126,-3.299711,0.5531269,-0.370022,0.7464143,0,0,0,0,0,0,0,-2.986025,0.4803572,1.903277,1.304509,-0.3338659,-3.310036,0.07903552,0.2963738,-0.06360952,0.9496682,10.82556,34.25493,355.6811,0.3655847,-0.09423938,-0.9259948,0,0,0,1.827724,-0.6339829,-2.612274,0.04946843,-0.1277789,0.9120969,0.8162328,-0.07396777,-0.5729685,0.167664,0.9794145,0.1124107,0.5528589,-0.1878195,0.811832,static,36.54013,-26.36912,3.104449,-7.974865
05/15/2023 14:22:43.120967,564,True,True,True,True,Eyes,1.302794,-0.3359141,-3.299732,0.5531642,-0.3699167,0.7464388,0,0,0,0,0,0,0,-2.985533,0.4795786,1.904381,1.304605,-0.3337619,-3.310087,0.0788879,0.2962311,-0.06360464,0.9497254,10.8085,34.23734,355.675,0.3655857,-0.09424205,-0.925994,0,0,0,1.827724,-0.6339829,-2.612274,0.04966888,-0.1281387,0.9120536,0.8164032,-0.07407579,-0.5727116,0.167552,0.9794623,0.1121604,0.552641,-0.187527,0.8120477,static,36.54108,-26.36189,3.117151,-7.99741
05/15/2023 14:22:43.145735,565,True,True,True,True,Eyes,1.302809,-0.3359212,-3.299753,0.55319,-0.3698162,0.7464696,0,0,0,0,0,0,0,-2.985378,0.4774642,1.905354,1.30457,-0.3337616,-3.310216,0.07859989,0.2961624,-0.06374439,0.9497614,10.78124,34.22713,355.649,0.3655868,-0.09424444,-0.9259933,0,0,0,1.827724,-0.6339829,-2.612274,0.04987046,-0.1285183,0.9121083,0.816449,-0.07452723,-0.5725878,0.1676406,0.9795174,0.1115449,0.5525465,-0.1870596,0.8122198,static,36.54122,-26.35475,3.12959,-8.020319
05/15/2023 14:22:43.161164,566,True,True,True,True,Eyes,1.302845,-0.3359345,-3.299791,0.5531231,-0.3696911,0.7465811,0,0,0,0,0,0,0,-2.985132,0.4764908,1.906051,1.304584,-0.3339067,-3.310235,0.07854329,0.2960617,-0.06393898,0.9497844,10.78115,34.21294,355.6243,0.365588,-0.09424671,-0.9259927,0,0,0,1.827724,-0.6339829,-2.612274,0.05010757,-0.1283419,0.9120784,0.8165187,-0.07494918,-0.5724334,0.1679638,0.9794855,0.1113386,0.5523455,-0.1870581,0.8123569,static,36.53381,-26.34364,3.144542,-8.009711
05/15/2023 14:22:43.170905,567,True,True,True,True,Eyes,1.302875,-0.335948,-3.299828,0.5530199,-0.3696195,0.746693,0,0,0,0,0,0,0,-2.984443,0.4763001,1.907306,1.304522,-0.3340365,-3.31032,0.07872177,0.2958332,-0.06426167,0.9498189,10.81068,34.18242,355.5918,0.3655895,-0.094249,-0.9259918,0,0,0,1.827724,-0.6339829,-2.612274,0.05059978,-0.1276661,0.912204,0.8167062,-0.07549688,-0.5720935,0.1686509,0.9793466,0.1115214,0.5518584,-0.1875643,0.8125711,static,36.52459,-26.33581,3.174932,-7.966996
05/15/2023 14:22:43.190848,568,True,True,True,True,Eyes,1.302906,-0.3359582,-3.29987,0.5529922,-0.3695844,0.7467309,0,0,0,0,0,0,0,-2.983232,0.4776536,1.908827,1.304459,-0.3340473,-3.310324,0.07927474,0.2954681,-0.06468311,0.949858,10.88411,34.13498,355.5594,0.3655912,-0.09425132,-0.9259909,0,0,0,1.827724,-0.6339829,-2.612274,0.05135018,-0.1264004,0.9123741,0.8170294,-0.07603322,-0.571561,0.1697259,0.9790632,0.1123759,0.55105,-0.188823,0.8128282,static,36.52183,-26.33249,3.221318,-7.887557
05/15/2023 14:22:43.211192,569,True,True,True,True,Eyes,1.302935,-0.3359609,-3.299909,0.552947,-0.3695489,0.7467819,0,0,0,0,0,0,0,-2.98194,0.4784635,1.910845,1.304459,-0.3339895,-3.310447,0.07966907,0.2950705,-0.06502801,0.9499251,10.93732,34.08401,355.5296,0.3655931,-0.09425356,-0.9259899,0,0,0,1.827724,-0.6339829,-2.612274,0.05205682,-0.1255182,0.912569,0.8174095,-0.0765275,-0.5709512,0.1705595,0.9788485,0.1129836,0.5502283,-0.189735,0.8131726,static,36.51772,-26.32874,3.264857,-7.831541
05/15/2023 14:22:43.220831,570,True,True,True,True,Eyes,1.302953,-0.3359647,-3.299939,0.5532295,-0.3695036,0.7465951,0,0,0,0,0,0,0,-2.980978,0.4775629,1.912554,1.30448,-0.333813,-3.310448,0.07960575,0.2948134,-0.06515485,0.9500016,10.93342,34.05142,355.5104,0.3655952,-0.09425553,-0.9259889,0,0,0,1.827724,-0.6339829,-2.612274,0.05259427,-0.1257047,0.912559,0.8176798,-0.07685673,-0.5705198,0.1707321,0.9788355,0.1128341,0.549773,-0.1896682,0.813496,static,36.53857,-26.33166,3.298526,-7.843116
05/15/2023 14:22:43.246397,571,True,True,True,True,Eyes,1.302972,-0.3359683,-3.299965,0.5535012,-0.3694587,0.7464159,0,0,0,0,0,0,0,-2.980731,0.4755215,1.91358,1.304592,-0.3339017,-3.310471,0.07920505,0.2947316,-0.0651582,0.9500601,10.88903,34.04077,355.4957,0.3655972,-0.09425731,-0.925988,0,0,0,1.827724,-0.6339829,-2.612274,0.05273226,-0.1263143,0.9123915,0.8177753,-0.07711994,-0.5703472,0.1704969,0.9789619,0.1120908,0.5497038,-0.1889075,0.8137197,static,36.55861,-26.33435,3.307767,-7.882101
05/15/2023 14:22:43.260852,572,True,True,True,True,Eyes,1.302987,-0.3359751,-3.299991,0.5539383,-0.3694397,0.7461009,0,0,0,0,0,0,0,-2.980977,0.4744983,1.913364,1.304618,-0.3338989,-3.31041,0.07913512,0.2947741,-0.06529044,0.9500438,10.886,34.04454,355.4792,0.3655992,-0.09425893,-0.925987,0,0,0,1.827724,-0.6339829,-2.612274,0.05272862,-0.1263653,0.9123236,0.8176908,-0.07740359,-0.57043,0.1707115,0.9789496,0.1118718,0.5497629,-0.1888555,0.8136917,static,36.59183,-26.3428,3.307785,-7.885824
05/15/2023 14:22:43.280847,573,True,True,True,True,Eyes,1.303002,-0.3359804,-3.300016,0.5543451,-0.3694449,0.7457962,0,0,0,0,0,0,0,-2.981119,0.4747282,1.913172,1.304598,-0.3340016,-3.310458,0.07925226,0.2947839,-0.06540121,0.9500233,10.90268,34.04487,355.4709,0.3656011,-0.0942605,-0.9259861,0,0,0,1.827724,-0.6339829,-2.612274,0.05270222,-0.1259837,0.9123932,0.8176502,-0.07754076,-0.5704696,0.1709899,0.9788836,0.1120245,0.5497368,-0.1891415,0.813643,moving,36.62317,-26.35243,3.305881,-7.861718
05/15/2023 14:22:43.290900,574,True,True,True,True,Eyes,1.302998,-0.3359805,-3.300029,0.5548564,-0.3694517,0.7454125,0,0,0,0,0,0,0,-2.980544,0.4767945,1.913562,1.304625,-0.3339632,-3.310456,0.07960325,0.2946366,-0.0653774,0.9500413,10.93982,34.02778,355.4836,0.3656029,-0.09426199,-0.9259853,0,0,0,1.827717,-0.630896,-2.612279,0.0526281,-0.1224106,0.9118613,0.8178301,-0.07731438,-0.5702423,0.1711305,0.9787782,0.1127276,0.5494253,-0.1897779,0.8137052,moving,36.66258,-26.36457,3.303163,-7.645822
05/15/2023 14:22:43.310761,575,True,True,True,True,Eyes,1.302996,-0.3359694,-3.300043,0.5553294,-0.3694596,0.7450562,0,0,0,0,0,0,0,-2.979994,0.4774027,1.914322,1.30467,-0.3338913,-3.310477,0.07966898,0.2944984,-0.0653276,0.9500821,10.94472,34.01158,355.4897,0.3656043,-0.0942633,-0.9259846,0,0,0,1.827711,-0.627946,-2.612284,0.05258089,-0.1195112,0.9112994,0.8180059,-0.07720839,-0.5700045,0.1710579,0.9787703,0.1129064,0.5491862,-0.1898619,0.8138471,moving,36.69909,-26.37597,3.302237,-7.471347
05/15/2023 14:22:43.330825,576,True,True,True,True,Eyes,1.303008,-0.3359581,-3.300053,0.555836,-0.3693815,0.7447172,0,0,0,0,0,0,0,-2.979004,0.4771673,1.915931,1.304706,-0.3336136,-3.310497,0.07968439,0.2942425,-0.06537935,0.9501565,10.94695,33.98001,355.4814,0.3656054,-0.09426414,-0.925984,0,0,0,1.827705,-0.6249419,-2.612288,0.05282003,-0.1167721,0.9107524,0.8182938,-0.07734817,-0.5695723,0.1711343,0.9787518,0.1129505,0.5487334,-0.1899001,0.8141435,moving,36.73662,-26.38152,3.31921,-7.306313
05/15/2023 14:22:43.340787,577,True,True,True,True,Eyes,1.303018,-0.3359626,-3.300067,0.5563193,-0.3692913,0.744401,0,0,0,0,0,0,0,-2.979228,0.4728122,1.916538,1.304896,-0.3336061,-3.310352,0.07896238,0.2942782,-0.06546355,0.9501999,10.87046,33.98234,355.4484,0.3656066,-0.09426455,-0.9259835,0,0,0,1.827698,-0.6219751,-2.612293,0.0526422,-0.1151093,0.9098042,0.8182297,-0.07793311,-0.5695844,0.1708807,0.9789589,0.1115311,0.5489078,-0.1885891,0.8143306,moving,36.77217,-26.38564,3.3115,-7.210803
05/15/2023 14:22:43.360916,578,True,True,True,True,Eyes,1.303024,-0.3359684,-3.300077,0.5568253,-0.369282,0.7440272,0,0,0,0,0,0,0,-2.979614,0.4695537,1.916916,1.304859,-0.3339998,-3.310427,0.07860584,0.2943054,-0.06584175,0.950195,10.84408,33.98147,355.3947,0.3656078,-0.094265,-0.925983,0,0,0,1.827692,-0.6189297,-2.612297,0.05250961,-0.1120966,0.9091765,0.8180983,-0.07885673,-0.5696462,0.1713932,0.978972,0.1106266,0.548944,-0.1881369,0.8144109,moving,36.81095,-26.39652,3.305453,-7.028793
05/15/2023 14:22:43.370908,579,True,True,True,True,Eyes,1.303029,-0.3359744,-3.300091,0.5572902,-0.3693569,0.7436417,0,0,0,0,0,0,0,-2.980036,0.4709271,1.915881,1.304836,-0.3340358,-3.31041,0.07940937,0.2942913,-0.06650326,0.9500864,10.95478,33.97462,355.3478,0.3656089,-0.09426553,-0.9259825,0,0,0,1.827685,-0.615889,-2.612302,0.05234447,-0.107284,0.9087998,0.8179398,-0.07962868,-0.5697664,0.1731066,0.9785429,0.1117488,0.5486425,-0.1900342,0.8141735,moving,36.84814,-26.41298,3.296444,-6.732617
05/15/2023 14:22:43.396122,580,True,True,True,True,Eyes,1.303022,-0.3359756,-3.300095,0.5577148,-0.3693913,0.7433064,0,0,0,0,0,0,0,-2.980588,0.4741627,1.914336,1.304817,-0.3340344,-3.310482,0.08042461,0.2943201,-0.06699204,0.9499577,11.0832,33.97495,355.3277,0.3656099,-0.09426613,-0.9259821,0,0,0,1.827679,-0.6129267,-2.612306,0.05194646,-0.1023295,0.9085403,0.8177755,-0.07993805,-0.5699589,0.1746204,0.9780879,0.1133657,0.5484077,-0.1922342,0.8138151,moving,36.88149,-26.4254,3.272366,-6.426183
05/15/2023 14:22:43.410782,581,True,True,True,True,Eyes,1.303015,-0.3359774,-3.300105,0.558125,-0.3694339,0.7429771,0,0,0,0,0,0,0,-2.98057,0.4751434,1.914109,1.304858,-0.3339493,-3.310467,0.08054517,0.2943245,-0.06689803,0.9499528,11.09333,33.9766,355.3422,0.3656106,-0.09426671,-0.9259818,0,0,0,1.827673,-0.6100646,-2.612311,0.05163357,-0.09947875,0.9079849,0.8177955,-0.07968709,-0.5699653,0.1745127,0.9780742,0.1136487,0.548412,-0.1924077,0.8137711,moving,36.9139,-26.43815,3.254683,-6.252384
05/15/2023 14:22:43.420840,582,True,True,True,True,Eyes,1.303004,-0.3359772,-3.300107,0.5585613,-0.3694728,0.7426299,0,0,0,0,0,0,0,-2.980779,0.4765389,1.913738,1.304852,-0.3339616,-3.310643,0.08072106,0.2943651,-0.06679968,0.9499322,11.10958,33.98279,355.3595,0.365611,-0.09426726,-0.9259816,0,0,0,1.827666,-0.6069514,-2.612316,0.05114239,-0.09616812,0.9075543,0.8177739,-0.0793874,-0.5700381,0.1744332,0.9780439,0.1140321,0.5484695,-0.192686,0.8136666,moving,36.94827,-26.45124,3.225314,-6.048721
05/15/2023 14:22:43.440586,583,True,True,True,True,Eyes,1.302991,-0.335981,-3.300112,0.5590054,-0.3695012,0.7422816,0,0,0,0,0,0,0,-2.981988,0.4768251,1.911738,1.304967,-0.3339331,-3.310575,0.08074322,0.2946647,-0.0667003,0.9498444,11.11013,34.02022,355.3748,0.365611,-0.09426776,-0.9259815,0,0,0,1.82766,-0.6039883,-2.61232,0.0502584,-0.09337293,0.9068916,0.8174475,-0.07912546,-0.5705424,0.1742941,0.9780632,0.1140786,0.549,-0.1926954,0.8133065,moving,36.98306,-26.46372,3.17199,-5.87842
05/15/2023 14:22:43.460539,584,True,True,True,True,Eyes,1.302951,-0.3359825,-3.3001,0.5594845,-0.3695106,0.7419158,0,0,0,0,0,0,0,-2.982896,0.4782181,1.910097,1.304906,-0.3340323,-3.31066,0.08073372,0.2949426,-0.06636174,0.9497827,11.099,34.05732,355.4155,0.3656107,-0.09426831,-0.9259816,0,0,0,1.827654,-0.6010195,-2.612324,0.04940125,-0.09060418,0.9064055,0.81721,-0.07843483,-0.570978,0.1736821,0.9781564,0.1142132,0.5495474,-0.1925048,0.8129818,moving,37.02023,-26.47556,3.119669,-5.708317
05/15/2023 14:22:43.470724,585,True,True,True,True,Eyes,1.302911,-0.3359872,-3.300093,0.5599442,-0.369536,0.7415562,0,0,0,0,0,0,0,-2.983079,0.4803199,1.90922,1.304871,-0.3340307,-3.310637,0.08086579,0.2950497,-0.06603811,0.9497607,11.10312,34.07375,355.4572,0.3656096,-0.09426893,-0.9259819,0,0,0,1.827647,-0.5980021,-2.612329,0.04888532,-0.0876409,0.9058359,0.8171692,-0.07772194,-0.5711337,0.1731596,0.9781994,0.1146372,0.5497728,-0.1925753,0.8128128,moving,37.05621,-26.48823,3.089089,-5.526247
05/15/2023 14:22:43.496107,586,True,True,True,True,Eyes,1.302846,-0.3359852,-3.300068,0.5603994,-0.3695347,0.741213,0,0,0,0,0,0,0,-2.982897,0.483191,1.908985,1.304819,-0.3341054,-3.310769,0.08118909,0.2950282,-0.06581412,0.9497555,11.13104,34.07391,355.4926,0.3656076,-0.09426966,-0.9259827,0,0,0,1.827641,-0.5950038,-2.612334,0.04852271,-0.08420272,0.9054158,0.8172538,-0.07710849,-0.5710959,0.1729207,0.9781536,0.1153855,0.5497223,-0.1930535,0.8127335,moving,37.09136,-26.49873,3.06764,-5.313165
05/15/2023 14:22:43.510990,587,True,True,True,True,Eyes,1.302787,-0.3359752,-3.300048,0.5608255,-0.3695197,0.7408981,0,0,0,0,0,0,0,-2.982376,0.4854059,1.909299,1.304905,-0.334005,-3.310781,0.08152755,0.2948926,-0.06572549,0.9497747,11.16467,34.05892,355.5123,0.3656045,-0.09427039,-0.9259838,0,0,0,1.827634,-0.5919593,-2.612338,0.0483734,-0.08080925,0.9048417,0.817437,-0.07676507,-0.57088,0.1729326,0.9780668,0.1161017,0.5494462,-0.1936295,0.8127832,moving,37.12403,-26.50752,3.060155,-5.10341
05/15/2023 14:22:43.531127,588,True,True,True,True,Eyes,1.302739,-0.3359578,-3.30003,0.5611719,-0.3693588,0.740716,0,0,0,0,0,0,0,-2.981609,0.4845196,1.910887,1.304981,-0.3338056,-3.310867,0.08135005,0.294688,-0.0657011,0.949855,11.14334,34.03395,355.5066,0.3656005,-0.09427088,-0.9259854,0,0,0,1.827628,-0.5889135,-2.612343,0.0484542,-0.07833485,0.904263,0.8176846,-0.07686725,-0.5705115,0.1727588,0.9781311,0.1158188,0.5491322,-0.1932641,0.8130822,moving,37.14784,-26.50319,3.067214,-4.951081
05/15/2023 14:22:43.540680,589,True,True,True,True,Eyes,1.302696,-0.3359419,-3.300016,0.5614973,-0.3691869,0.740555,0,0,0,0,0,0,0,-2.981622,0.481007,1.911818,1.305135,-0.333626,-3.310861,0.08081107,0.2946575,-0.06579623,0.9499039,11.08705,34.02834,355.4776,0.3655959,-0.09427091,-0.9259872,0,0,0,1.827621,-0.5857981,-2.612348,0.04829586,-0.07634695,0.9035166,0.8176956,-0.07737701,-0.5704268,0.1726234,0.9782809,0.1147508,0.5491585,-0.1923002,0.813293,moving,37.16982,-26.49751,3.059731,-4.830007
05/15/2023 14:22:43.560974,590,True,True,True,True,Eyes,1.302657,-0.3359222,-3.300005,0.5618616,-0.3689376,0.7404031,0,0,0,0,0,0,0,-2.981745,0.4773421,1.912766,1.305198,-0.3336601,-3.310961,0.08042527,0.2946059,-0.06616188,0.9499272,11.05666,34.01781,355.4234,0.3655909,-0.09427059,-0.9259892,0,0,0,1.827615,-0.5828258,-2.612352,0.04822031,-0.07382748,0.9029292,0.8176599,-0.07831042,-0.5703505,0.1730855,0.9783088,0.1138129,0.5490662,-0.1917797,0.8134783,moving,37.19337,-26.48675,3.056937,-4.674358
05/15/2023 14:22:43.580674,591,True,True,True,True,Eyes,1.302623,-0.335908,-3.3,0.5622109,-0.3686882,0.740262,0,0,0,0,0,0,0,-2.981926,0.473827,1.913295,1.305169,-0.3335611,-3.310946,0.08021747,0.2945786,-0.06667323,0.9499176,11.0509,34.00916,355.3593,0.3655855,-0.0942698,-0.9259914,0,0,0,1.827608,-0.5797923,-2.612357,0.04823762,-0.0709821,0.9023496,0.8175563,-0.07940744,-0.5703475,0.1739288,0.9782397,0.113119,0.548954,-0.191681,0.8135772,moving,37.21578,-26.47564,3.059994,-4.497832
05/15/2023 14:22:43.591202,592,True,True,True,True,Eyes,1.302601,-0.3358844,-3.299997,0.5625111,-0.3683386,0.740208,0,0,0,0,0,0,0,-2.982593,0.4707645,1.913345,1.305254,-0.3336865,-3.311092,0.07993692,0.2946484,-0.06703033,0.9498945,11.0324,34.01371,355.311,0.3655799,-0.09426875,-0.9259937,0,0,0,1.827602,-0.5768828,-2.612361,0.0478532,-0.06826811,0.901813,0.8173785,-0.08023691,-0.5704861,0.17445,0.978234,0.1123625,0.5490532,-0.191364,0.8135849,moving,37.23253,-26.45563,3.037456,-4.329089
05/15/2023 14:22:43.610910,593,True,True,True,True,Eyes,1.302586,-0.3358637,-3.299994,0.5628096,-0.3679578,0.7401705,0,0,0,0,0,0,0,-2.983066,0.468758,1.913175,1.30541,-0.3334473,-3.311098,0.08001013,0.2946585,-0.06749944,0.949852,11.05634,34.01047,355.2614,0.3655744,-0.09426718,-0.9259961,0,0,0,1.827596,-0.5738884,-2.612366,0.0475738,-0.06518097,0.9012239,0.8172404,-0.08107761,-0.570565,0.1753802,0.9780844,0.112217,0.5489625,-0.1917741,0.8135495,moving,37.24857,-26.43315,3.021725,-4.136712
05/15/2023 14:22:43.620634,594,True,True,True,True,Eyes,1.30257,-0.3358448,-3.299996,0.5630931,-0.3675796,0.7401429,0,0,0,0,0,0,0,-2.983951,0.4628072,1.913331,1.30555,-0.3335181,-3.311087,0.07922331,0.2948049,-0.06786124,0.9498466,10.98265,34.02361,355.1965,0.3655691,-0.09426521,-0.9259983,0,0,0,1.827589,-0.5707482,-2.612371,0.04717073,-0.0631834,0.9004388,0.8169698,-0.08220468,-0.5707914,0.1756264,0.9782371,0.1104883,0.5492865,-0.1905116,0.8136274,moving,37.2635,-26.41052,2.998777,-4.013841
05/15/2023 14:22:43.645790,595,True,True,True,True,Eyes,1.302591,-0.3358335,-3.300019,0.5632585,-0.3667004,0.7404531,0,0,0,0,0,0,0,-2.98478,0.457478,1.913485,1.305515,-0.3335564,-3.311192,0.07879312,0.2949029,-0.06851911,0.9498048,10.95799,34.02856,355.1101,0.365564,-0.09426291,-0.9260006,0,0,0,1.827583,-0.5679725,-2.612375,0.04695439,-0.06073529,0.8999764,0.8166748,-0.0836869,-0.5709981,0.1766322,0.9781935,0.1092632,0.5494027,-0.1900891,0.8136479,moving,37.26004,-26.34635,2.98658,-3.860776
05/15/2023 14:22:43.661679,596,True,True,True,True,Eyes,1.302605,-0.3358124,-3.30003,0.5636476,-0.3654517,0.7407743,0,0,0,0,0,0,0,-2.986888,0.4545254,1.91116,1.305653,-0.3337024,-3.311275,0.07874361,0.2952908,-0.06907193,0.9496483,10.97322,34.0703,355.0515,0.3655596,-0.09426046,-0.9260025,0,0,0,1.827577,-0.56498,-2.61238,0.04593471,-0.05744544,0.8994101,0.8160648,-0.08468353,-0.5717229,0.1776926,0.978057,0.1087649,0.5499669,-0.1903501,0.8132056,moving,37.26714,-26.25885,2.923672,-3.654525
05/15/2023 14:22:43.671329,597,True,True,True,True,Eyes,1.302622,-0.3357941,-3.300044,0.5640424,-0.3642362,0.7410724,0,0,0,0,0,0,0,-2.988145,0.4524738,1.909612,1.305761,-0.3335165,-3.31121,0.07864116,0.2955553,-0.06931099,0.9495572,10.9714,34.1,355.0245,0.365556,-0.09425763,-0.9260042,0,0,0,1.82757,-0.5618361,-2.612384,0.04520774,-0.05462237,0.8987462,0.8156862,-0.08514383,-0.5721946,0.1781151,0.9780231,0.1083781,0.5503919,-0.190319,0.8129253,moving,37.27536,-26.17406,2.879602,-3.477942
05/15/2023 14:22:43.691520,598,True,True,True,True,Eyes,1.302622,-0.3357941,-3.300044,0.5640424,-0.3642362,0.7410724,0,0,0,0,0,0,0,-2.989779,0.4496472,1.907897,1.305847,-0.3335746,-3.311271,0.07832381,0.2959064,-0.0695077,0.9494596,10.94497,34.1404,354.9961,0.365553,-0.09425452,-0.9260057,0,0,0,1.827564,-0.5589404,-2.612389,0.04429841,-0.05218222,0.8981821,0.8152162,-0.08563648,-0.5727906,0.1783425,0.9780681,0.1075951,0.5510141,-0.1898661,0.8126096,moving,37.27536,-26.17406,2.823544,-3.32501
05/15/2023 14:22:43.710816,599,True,True,True,True,Eyes,1.302622,-0.3357941,-3.300044,0.5640424,-0.3642362,0.7410724,0,0,0,0,0,0,0,-2.99146,0.448244,1.905755,1.305944,-0.3335623,-3.31133,0.07829978,0.2962597,-0.06972235,0.9493356,10.95147,34.18125,354.9756,0.3655503,-0.09425171,-0.9260071,0,0,0,1.827557,-0.5558588,-2.612393,0.04331005,-0.04912511,0.8976188,0.814738,-0.08598567,-0.5734181,0.1787739,0.9780159,0.1073537,0.5515812,-0.1899773,0.8121988,moving,37.27536,-26.17406,2.762375,-3.132573
05/15/2023 14:22:43.721119,600,True,True,True,True,Eyes,1.302637,-0.33577,-3.300059,0.5646777,-0.3627039,0.74134,0,0,0,0,0,0,0,-2.992753,0.4490252,1.903822,1.305999,-0.3336436,-3.311462,0.07846062,0.2965445,-0.06971098,0.9492342,10.97028,34.21619,354.9855,0.3655479,-0.0942492,-0.9260083,0,0,0,1.827551,-0.5529397,-2.612398,0.0423649,-0.04594411,0.8971578,0.8144035,-0.08580997,-0.5739195,0.1788782,0.9779686,0.1076102,0.5520412,-0.1902998,0.8118106,moving,37.29648,-26.0704,2.703569,-2.931598
05/15/2023 14:22:43.740889,601,True,True,True,True,Eyes,1.302655,-0.3357415,-3.30008,0.565298,-0.3612197,0.7415918,0,0,0,0,0,0,0,-2.993697,0.4489963,1.902434,1.306034,-0.333486,-3.311516,0.07852852,0.2967618,-0.06972671,0.9491596,10.97943,34.24255,354.9886,0.365546,-0.09424621,-0.9260094,0,0,0,1.827545,-0.5499402,-2.612402,0.04164496,-0.04305803,0.8966586,0.8141413,-0.08575501,-0.5742997,0.1789721,0.9779429,0.1076877,0.5523975,-0.1904566,0.8115314,moving,37.31742,-25.97011,2.659169,-2.749262
05/15/2023 14:22:43.761122,602,True,True,True,True,Eyes,1.302652,-0.3357083,-3.300087,0.5660235,-0.3594443,0.7419011,0,0,0,0,0,0,0,-2.994703,0.4466149,1.901698,1.306129,-0.3333564,-3.311656,0.07828256,0.2969528,-0.06989814,0.9491075,10.9592,34.26382,354.9635,0.3655445,-0.09424265,-0.9260103,0,0,0,1.827538,-0.5469346,-2.612407,0.04096046,-0.0405719,0.8961638,0.8138666,-0.08618924,-0.5746239,0.1791742,0.9779721,0.1070842,0.5527367,-0.19011,0.8113818,moving,37.34134,-25.84976,2.616965,-2.592174
05/15/2023 14:22:43.780695,603,True,True,True,True,Eyes,1.302653,-0.3356771,-3.300098,0.5667288,-0.3577248,0.7421937,0,0,0,0,0,0,0,-2.995276,0.4437737,1.901565,1.306132,-0.3333288,-3.311717,0.07799936,0.2970505,-0.07016578,0.9490805,10.93767,34.27279,354.9254,0.3655431,-0.09423852,-0.9260113,0,0,0,1.827532,-0.5438782,-2.612411,0.04057842,-0.03792465,0.8956186,0.8136756,-0.08684644,-0.5747955,0.1795254,0.9779857,0.1063698,0.5529038,-0.1897409,0.8113543,moving,37.36485,-25.73328,2.594166,-2.424721
05/15/2023 14:22:43.790756,604,True,True,True,True,Eyes,1.302668,-0.3356395,-3.300119,0.5673175,-0.3556156,0.7427573,0,0,0,0,0,0,0,-2.996579,0.4396037,1.900738,1.306225,-0.3333571,-3.311826,0.07762583,0.2972785,-0.07060532,0.9490072,10.91274,34.29588,354.8666,0.3655418,-0.09423391,-0.9260123,0,0,0,1.827525,-0.5406907,-2.612417,0.03987861,-0.03516183,0.8950353,0.8132808,-0.08785693,-0.5752005,0.1801629,0.9779782,0.1053561,0.5532773,-0.1893138,0.8111994,moving,37.37257,-25.58406,2.551146,-2.249732
05/15/2023 14:22:43.810662,605,True,True,True,True,Eyes,1.302684,-0.3355974,-3.300146,0.5678928,-0.3535495,0.7433039,0,0,0,0,0,0,0,-2.997554,0.4358636,1.900186,1.306251,-0.3332126,-3.311901,0.07722004,0.2974742,-0.0708829,0.9489584,10.87861,34.3166,354.8244,0.3655408,-0.09422865,-0.9260132,0,0,0,1.827519,-0.537717,-2.612421,0.03932089,-0.03292069,0.8945308,0.8129694,-0.0885879,-0.5755284,0.1804718,0.9780253,0.1043855,0.5536341,-0.1887289,0.8110923,moving,37.38025,-25.43791,2.51693,-2.107659
05/15/2023 14:22:43.821290,606,True,True,True,True,Eyes,1.302721,-0.3355479,-3.300183,0.5684009,-0.3511384,0.744058,0,0,0,0,0,0,0,-2.998296,0.4310381,1.900399,1.306286,-0.3330742,-3.312064,0.07656483,0.2976122,-0.07111687,0.9489506,10.81526,34.33052,354.7779,0.3655401,-0.09422266,-0.9260141,0,0,0,1.827512,-0.5346601,-2.612426,0.03884023,-0.03102792,0.8940561,0.8127387,-0.08939954,-0.5757287,0.1805461,0.9781604,0.102982,0.5539486,-0.187643,0.8111295,moving,37.37694,-25.26372,2.487521,-1.987633
05/15/2023 14:22:43.845925,607,True,True,True,True,Eyes,1.302758,-0.3354927,-3.300224,0.5689124,-0.3487575,0.7447865,0,0,0,0,0,0,0,-2.999515,0.4253763,1.899904,1.306388,-0.3328953,-3.31213,0.07571395,0.2978884,-0.07126646,0.948921,10.7283,34.36195,354.7358,0.3655401,-0.09421577,-0.9260148,0,0,0,1.827506,-0.5319259,-2.61243,0.03815788,-0.02990393,0.8935364,0.8123672,-0.09014387,-0.5761369,0.1803611,0.978377,0.1012342,0.5545534,-0.186152,0.8110598,moving,37.37475,-25.09205,2.445293,-1.916799
05/15/2023 14:22:43.860940,608,True,True,True,True,Eyes,1.302808,-0.3354195,-3.300285,0.5694053,-0.3460602,0.7456675,0,0,0,0,0,0,0,-3.000626,0.4194319,1.899703,1.30644,-0.3327212,-3.31226,0.07476114,0.2981502,-0.07136457,0.9489068,10.62834,34.39212,354.6959,0.3655406,-0.09420789,-0.9260154,0,0,0,1.8275,-0.5288195,-2.612434,0.03747886,-0.02859717,0.8930233,0.8120272,-0.09085655,-0.5765042,0.1800168,0.9786357,0.099328,0.5551629,-0.1844374,0.8110344,moving,37.36602,-24.89575,2.403209,-1.834149
05/15/2023 14:22:43.870598,609,True,True,True,True,Eyes,1.302855,-0.3353149,-3.300352,0.5699223,-0.3432764,0.7465588,0,0,0,0,0,0,0,-3.001039,0.4116873,1.901067,1.306336,-0.3322646,-3.312531,0.07329755,0.2983081,-0.07122049,0.9489823,10.4634,34.41167,354.6644,0.3655417,-0.09419857,-0.926016,0,0,0,1.827493,-0.5257837,-2.612439,0.0371269,-0.02859284,0.892742,0.8118799,-0.09144347,-0.5766187,0.1789045,0.9791102,0.09662487,0.5557376,-0.1816075,0.8112795,moving,37.35808,-24.69352,2.381416,-1.834449
05/15/2023 14:22:43.895925,610,True,True,True,True,Eyes,1.302902,-0.3351904,-3.30042,0.570523,-0.3400846,0.74756,0,0,0,0,0,0,0,-3.001077,0.3989723,1.903959,1.306314,-0.3314531,-3.312761,0.07074146,0.2984438,-0.07079724,0.9491653,10.16879,34.43076,354.6268,0.3655434,-0.09418707,-0.9260165,0,0,0,1.827487,-0.5228437,-2.612444,0.03697291,-0.03105418,0.8923921,0.8118382,-0.09217189,-0.5765616,0.1766213,0.9799668,0.09203267,0.5565284,-0.1765487,0.8118539,moving,37.35015,-24.46203,2.372478,-1.99302
05/15/2023 14:22:43.911115,611,True,True,True,True,Eyes,1.302946,-0.3350683,-3.300495,0.5711552,-0.3367402,0.7485905,0,0,0,0,0,0,0,-3.000739,0.3803217,1.908415,1.306314,-0.3309916,-3.312871,0.0669011,0.2985514,-0.07022741,0.9494522,9.728042,34.44798,354.5619,0.3655455,-0.09417304,-0.9260171,0,0,0,1.827481,-0.5198931,-2.612448,0.03709921,-0.03541791,0.8917739,0.8118703,-0.09340829,-0.5763172,0.173302,0.9811847,0.0851058,0.557524,-0.1689718,0.8127825,moving,37.34269,-24.21975,2.382222,-2.274378
05/15/2023 14:22:43.920685,612,True,True,True,True,Eyes,1.303009,-0.3349464,-3.300594,0.5717284,-0.3332097,0.7497319,0,0,0,0,0,0,0,-3.000685,0.3612021,1.912609,1.306274,-0.3309937,-3.313117,0.0631109,0.298673,-0.06991278,0.9496966,9.301784,34.46581,354.4704,0.3655479,-0.09415679,-0.9260178,0,0,0,1.827474,-0.5167745,-2.612453,0.03711557,-0.03889577,0.891181,0.8118133,-0.09509279,-0.576122,0.1704909,0.9822584,0.07811031,0.5584729,-0.1616345,0.8136228,moving,37.32832,-23.96221,2.384855,-2.4991
05/15/2023 14:22:43.940829,613,True,True,True,True,Eyes,1.303069,-0.3348182,-3.300698,0.5722929,-0.3296919,0.7508556,0,0,0,0,0,0,0,-3.000575,0.3496928,1.915386,1.306199,-0.3309268,-3.313422,0.06098798,0.2986895,-0.06990616,0.9498307,9.068604,34.46872,354.3999,0.3655508,-0.09413847,-0.9260185,0,0,0,1.827468,-0.5138412,-2.612457,0.03707942,-0.0396123,0.8908348,0.8117954,-0.09636509,-0.5759358,0.169231,0.9827872,0.07409602,0.5588821,-0.157617,0.81413,moving,37.3142,-23.70572,2.38346,-2.546065
05/15/2023 14:22:43.960822,614,True,True,True,True,Eyes,1.303143,-0.3346842,-3.300817,0.5728006,-0.3260747,0.7520471,0,0,0,0,0,0,0,-3.000423,0.3397294,1.91775,1.306166,-0.3306798,-3.313654,0.05923133,0.2986853,-0.06995477,0.9499397,8.877434,34.46888,354.3354,0.3655539,-0.0941181,-0.9260193,0,0,0,1.827461,-0.5108039,-2.612462,0.03703329,-0.0397645,0.8904555,0.8117869,-0.09752256,-0.5757529,0.1682886,0.9831959,0.07074344,0.5591788,-0.1543213,0.8145576,moving,37.2949,-23.44073,2.38151,-2.556922
05/15/2023 14:22:43.980839,615,True,True,True,True,Eyes,1.303214,-0.3345496,-3.300945,0.5733061,-0.3224555,0.7532215,0,0,0,0,0,0,0,-3.000131,0.3282247,1.920522,1.306148,-0.3304669,-3.313863,0.05701873,0.2986883,-0.0698023,0.9500852,8.629452,34.47219,354.2779,0.3655576,-0.09409569,-0.9260201,0,0,0,1.827455,-0.5078617,-2.612466,0.03702968,-0.04086586,0.8900259,0.8118259,-0.09857461,-0.5755187,0.1666979,0.983753,0.06664703,0.5595986,-0.1500435,0.8150684,moving,37.27617,-23.17586,2.382427,-2.62891
05/15/2023 14:22:43.995735,616,True,True,True,True,Eyes,1.303296,-0.3344103,-3.301082,0.5736465,-0.318785,0.7545236,0,0,0,0,0,0,0,-2.999995,0.3176705,1.923088,1.306128,-0.3303553,-3.314219,0.05504973,0.2986877,-0.06975313,0.9502051,8.41175,34.47445,354.2172,0.3655615,-0.0940714,-0.9260211,0,0,0,1.827449,-0.5048388,-2.612471,0.03689867,-0.0413043,0.8897211,0.8118404,-0.0996742,-0.575309,0.1654449,0.984208,0.06294826,0.5599494,-0.1462859,0.8155103,moving,37.24487,-22.90398,2.37482,-2.657984
05/15/2023 14:22:44.015307,617,True,True,True,True,Eyes,1.303374,-0.3342711,-3.301225,0.5739959,-0.3151632,0.7557783,0,0,0,0,0,0,0,-3.00094,0.3095033,1.923399,1.306274,-0.3301439,-3.314446,0.05371546,0.298899,-0.0698749,0.950206,8.270841,34.50066,354.1607,0.3655658,-0.09404524,-0.926022,0,0,0,1.827442,-0.5016813,-2.612476,0.03621581,-0.04059468,0.8892938,0.8115538,-0.1006801,-0.5755379,0.1649021,0.9844643,0.06031044,0.5605245,-0.1438526,0.8155481,moving,37.21582,-22.63637,2.332038,-2.613636
05/15/2023 14:22:44.030556,618,True,True,True,True,Eyes,1.303483,-0.3341373,-3.301394,0.5742737,-0.3115852,0.7570499,0,0,0,0,0,0,0,-3.001835,0.3016921,1.923755,1.30624,-0.3300346,-3.314767,0.05237982,0.2991256,-0.06994399,0.9502044,8.128119,34.5293,354.1101,0.3655704,-0.09401742,-0.926023,0,0,0,1.827436,-0.4987135,-2.61248,0.03559375,-0.03997098,0.8890663,0.8112636,-0.1015859,-0.5757881,0.1642585,0.9847283,0.05769899,0.5611334,-0.1413871,0.8155605,moving,37.18279,-22.371,2.292611,-2.574192
05/15/2023 14:22:44.045826,619,True,True,True,True,Eyes,1.303589,-0.3339995,-3.301571,0.5745671,-0.3080847,0.7582589,0,0,0,0,0,0,0,-3.003246,0.2956249,1.922895,1.306261,-0.3299819,-3.314996,0.05135855,0.2994707,-0.0699975,0.9501474,8.020117,34.57209,354.0728,0.3655757,-0.09398813,-0.9260239,0,0,0,1.827429,-0.495599,-2.612485,0.03467861,-0.03865519,0.8887463,0.8108354,-0.1022551,-0.5762724,0.1637766,0.9849253,0.05567199,0.5618926,-0.1395208,0.8153593,moving,37.15285,-22.11217,2.23453,-2.490457
05/15/2023 14:22:44.060879,620,True,True,True,True,Eyes,1.303716,-0.3338655,-3.301762,0.5749214,-0.3047169,0.7593504,0,0,0,0,0,0,0,-3.004987,0.2888968,1.921773,1.306249,-0.3297667,-3.315356,0.05040724,0.2998667,-0.07023925,0.9500555,7.926589,34.61972,354.0174,0.3655815,-0.0939574,-0.9260247,0,0,0,1.827423,-0.4926685,-2.612489,0.03366271,-0.03744203,0.8886203,0.8102928,-0.1032315,-0.5768611,0.1636932,0.9850512,0.05365454,0.5626988,-0.1379042,0.8150781,moving,37.13019,-21.86491,2.169441,-2.412732
05/15/2023 14:22:44.081158,621,True,True,True,True,Eyes,1.303837,-0.3337305,-3.301957,0.5752837,-0.3014346,0.7603853,0,0,0,0,0,0,0,-3.006835,0.2850015,1.919675,1.306224,-0.329681,-3.315498,0.04983264,0.3003229,-0.07032716,0.9499353,7.869501,34.67517,353.9921,0.3655881,-0.09392544,-0.9260253,0,0,0,1.827417,-0.4897738,-2.612494,0.03257549,-0.03561467,0.8883453,0.8097205,-0.1036807,-0.5775837,0.1635443,0.9851416,0.05243385,0.5635654,-0.1369173,0.8146458,moving,37.11001,-21.62454,2.100087,-2.295817
05/15/2023 14:22:44.090812,622,True,True,True,True,Eyes,1.303957,-0.3335926,-3.302161,0.5757855,-0.2982966,0.7612426,0,0,0,0,0,0,0,-3.008219,0.2805704,1.918552,1.306185,-0.3295349,-3.315755,0.04915661,0.3006565,-0.07041766,0.9498583,7.800643,34.716,353.962,0.3655953,-0.09389234,-0.9260258,0,0,0,1.82741,-0.4867504,-2.612499,0.03166625,-0.0338691,0.888151,0.809294,-0.1042151,-0.5780852,0.1633321,0.9852499,0.05104058,0.5642393,-0.1357267,0.8143786,moving,37.10298,-21.39797,2.041966,-2.183881
05/15/2023 14:22:44.110742,623,True,True,True,True,Eyes,1.304072,-0.3334568,-3.302367,0.5762806,-0.295235,0.7620611,0,0,0,0,0,0,0,-3.008891,0.2771362,1.918415,1.306072,-0.3293302,-3.316062,0.04854672,0.3008351,-0.07038122,0.9498358,7.733706,34.73888,353.9468,0.3656028,-0.09385809,-0.9260263,0,0,0,1.827403,-0.4835689,-2.612503,0.0310373,-0.03196238,0.8880232,0.8090895,-0.1044921,-0.5783213,0.1629103,0.9853794,0.04987655,0.5646544,-0.1345691,0.814283,moving,37.09705,-21.17719,2.00173,-2.061342
05/15/2023 14:22:44.120671,624,True,True,True,True,Eyes,1.304179,-0.3333162,-3.302574,0.5767637,-0.2922329,0.7628523,0,0,0,0,0,0,0,-3.009478,0.2742931,1.91828,1.306029,-0.329257,-3.316304,0.04794791,0.3009934,-0.07025672,0.9498253,7.664831,34.75991,353.9416,0.3656106,-0.0938229,-0.9260268,0,0,0,1.827397,-0.4806363,-2.612508,0.03042704,-0.03021795,0.8878234,0.808934,-0.1045992,-0.5785196,0.1623272,0.98553,0.04879064,0.565045,-0.1333779,0.814208,moving,37.09154,-20.9608,1.962844,-1.949366
05/15/2023 14:22:44.141209,625,True,True,True,True,Eyes,1.304179,-0.3333162,-3.302574,0.5767637,-0.2922329,0.7628523,0,0,0,0,0,0,0,-3.009519,0.270102,1.919118,1.305972,-0.3290119,-3.316529,0.04714823,0.3010311,-0.07016759,0.94986,7.574411,34.76653,353.9247,0.3656183,-0.0937867,-0.9260274,0,0,0,1.827391,-0.477749,-2.612512,0.03011963,-0.02898943,0.8876325,0.8089136,-0.1049126,-0.5784913,0.1616849,0.9857071,0.04732318,0.5652582,-0.1318137,0.8143146,moving,37.09154,-20.9608,1.943446,-1.870574
05/15/2023 14:22:44.160842,626,True,True,True,True,Eyes,1.304179,-0.3333162,-3.302574,0.5767637,-0.2922329,0.7628523,0,0,0,0,0,0,0,-3.009646,0.2641379,1.920108,1.305941,-0.3287526,-3.316775,0.04605791,0.301091,-0.07011267,0.9498985,7.453485,34.77621,353.8943,0.3656254,-0.09375413,-0.9260279,0,0,0,1.827385,-0.4747452,-2.612517,0.02977806,-0.02813035,0.8874229,0.8088569,-0.1054646,-0.5784702,0.1609351,0.9859258,0.04528008,0.5655532,-0.1297212,0.8144458,moving,37.09154,-20.9608,1.921877,-1.815606
05/15/2023 14:22:44.171090,627,True,True,True,True,Eyes,1.304179,-0.3333162,-3.302574,0.5767637,-0.2922329,0.7628523,0,0,0,0,0,0,0,-3.009297,0.2567933,1.921955,1.30592,-0.3284128,-3.316993,0.04466766,0.3010565,-0.06999624,0.9499844,7.297009,34.77562,353.8598,0.3656317,-0.09372481,-0.9260284,0,0,0,1.827378,-0.4716139,-2.612522,0.02965549,-0.02775671,0.8871613,0.808931,-0.1060957,-0.5782511,0.1598856,0.9862106,0.04272152,0.5657448,-0.1270128,0.8147395,moving,37.09154,-20.9608,1.914535,-1.792035
05/15/2023 14:22:44.191030,628,True,True,True,True,Eyes,1.304179,-0.3333162,-3.302574,0.5767637,-0.2922329,0.7628523,0,0,0,0,0,0,0,-3.009159,0.2477253,1.923644,1.305872,-0.3282008,-3.317197,0.04294192,0.3010937,-0.06987399,0.9500611,7.10408,34.78464,353.8151,0.3656373,-0.09369843,-0.9260288,0,0,0,1.827372,-0.4686678,-2.612526,0.02948767,-0.02800594,0.8869042,0.8089204,-0.10691,-0.578116,0.1586282,0.9865472,0.03951767,0.5661139,-0.1236721,0.8149971,moving,37.09154,-20.9608,1.904261,-1.808638
05/15/2023 14:22:44.210872,629,True,True,True,True,Eyes,1.304179,-0.3333162,-3.302574,0.5767637,-0.2922329,0.7628523,0,0,0,0,0,0,0,-3.009153,0.2389529,1.925045,1.305767,-0.3280514,-3.317416,0.04128849,0.301166,-0.06978285,0.9501183,6.920403,34.79778,353.7697,0.3656424,-0.09367468,-0.9260291,0,0,0,1.827366,-0.4657146,-2.61253,0.0292722,-0.02803949,0.8867003,0.8088588,-0.1077345,-0.5780491,0.1574733,0.9868512,0.03642545,0.5665242,-0.1204903,0.8151886,moving,37.09154,-20.9608,1.890791,-1.81122
05/15/2023 14:22:44.220789,630,True,True,True,True,Eyes,1.304179,-0.3333162,-3.302574,0.5767637,-0.2922329,0.7628523,0,0,0,0,0,0,0,-3.00905,0.2317943,1.926312,1.305718,-0.3278352,-3.317592,0.0399321,0.3012002,-0.06968059,0.9501728,6.768639,34.80589,353.7353,0.365647,-0.09365331,-0.9260295,0,0,0,1.827359,-0.4625598,-2.612535,0.02903882,-0.02745638,0.8864359,0.8088461,-0.1083621,-0.5779495,0.1564723,0.9871001,0.03390917,0.5668196,-0.1178604,0.8153677,moving,37.09154,-20.9608,1.876286,-1.774107
05/15/2023 14:22:44.245784,631,True,True,True,True,Eyes,1.304179,-0.3333162,-3.302574,0.5767637,-0.2922329,0.7628523,0,0,0,0,0,0,0,-3.008996,0.2228147,1.927407,1.305648,-0.3275493,-3.317619,0.03819497,0.3012984,-0.06949709,0.9502267,6.572852,34.82334,353.6973,0.3656512,-0.09363407,-0.9260298,0,0,0,1.827353,-0.459755,-2.61254,0.02888849,-0.02797833,0.8861002,0.8087789,-0.1090598,-0.5779123,0.1550921,0.9874226,0.03070904,0.5672947,-0.1144665,0.8155209,moving,37.09154,-20.9608,1.867286,-1.808495
05/15/2023 14:22:44.261059,632,True,True,True,True,Eyes,1.304754,-0.3331511,-3.303141,0.575817,-0.2878011,0.7652485,0,0,0,0,0,0,0,-3.00852,0.215625,1.929211,1.305522,-0.3273739,-3.317828,0.03659387,0.301286,-0.06912468,0.9503207,6.38475,34.82836,353.6839,0.3656549,-0.09361676,-0.92603,0,0,0,1.827346,-0.4566361,-2.612544,0.02879465,-0.02793954,0.8859029,0.8088971,-0.1093308,-0.5776958,0.1534317,0.9877653,0.02789923,0.5675776,-0.1112044,0.8157752,moving,36.95991,-20.6107,1.861639,-1.806391
05/15/2023 14:22:44.270798,633,True,True,True,True,Eyes,1.305305,-0.3329771,-3.30369,0.5749156,-0.2834173,0.7675589,0,0,0,0,0,0,0,-3.007873,0.2083088,1.931038,1.305404,-0.3271778,-3.317903,0.0349059,0.3012603,-0.06867055,0.9504253,6.184265,34.8326,353.6765,0.365667,-0.09359467,-0.9260275,0,0,0,1.82734,-0.4537236,-2.612549,0.02882788,-0.02832076,0.885619,0.8090532,-0.1095009,-0.5774447,0.151564,0.9881319,0.02497549,0.5678567,-0.1077263,0.8160477,moving,36.83388,-20.26642,1.864383,-1.831608
05/15/2023 14:22:44.295829,634,True,True,True,True,Eyes,1.305305,-0.3329771,-3.30369,0.5749156,-0.2834173,0.7675589,0,0,0,0,0,0,0,-3.007365,0.2012019,1.932742,1.305385,-0.3268152,-3.318038,0.033364,0.3012302,-0.06830551,0.9505165,6.002821,34.83554,353.6642,0.3656862,-0.09356809,-0.9260226,0,0,0,1.827333,-0.4506338,-2.612553,0.02873403,-0.02840612,0.885346,0.8091894,-0.1097505,-0.5772065,0.1499515,0.9884424,0.0222747,0.5680907,-0.1045774,0.8162944,moving,36.83388,-20.26642,1.85889,-1.837691
05/15/2023 14:22:44.311485,635,True,True,True,True,Eyes,1.305305,-0.3329771,-3.30369,0.5749156,-0.2834173,0.7675589,0,0,0,0,0,0,0,-3.006799,0.1916512,1.934578,1.305387,-0.3265851,-3.318053,0.03139972,0.3012102,-0.06799357,0.9506121,5.777099,34.84092,353.6317,0.3657035,-0.09354416,-0.9260182,0,0,0,1.827327,-0.4476105,-2.612558,0.02873412,-0.02910416,0.8849393,0.8092986,-0.1103552,-0.5769382,0.1481868,0.9887819,0.01873719,0.5683982,-0.1006586,0.8165729,moving,36.83388,-20.26642,1.85975,-1.883682
05/15/2023 14:22:44.331172,636,True,True,True,True,Eyes,1.30557,-0.3327635,-3.30407,0.5745139,-0.278954,0.7694924,0,0,0,0,0,0,0,-3.005997,0.183042,1.936793,1.305277,-0.3264613,-3.318187,0.02963326,0.3011206,-0.06774634,0.9507149,5.574802,34.83718,353.5984,0.365719,-0.09352263,-0.9260143,0,0,0,1.82732,-0.4445419,-2.612563,0.02883837,-0.02925625,0.8846975,0.8094736,-0.1109685,-0.5765747,0.1466613,0.9890646,0.01554593,0.5685446,-0.09714519,0.8168966,moving,36.74554,-19.92644,1.867002,-1.894036
05/15/2023 14:22:44.341089,637,True,True,True,True,Eyes,1.305818,-0.3325456,-3.304441,0.5741241,-0.2745849,0.7713525,0,0,0,0,0,0,0,-3.005197,0.1786926,1.9386,1.305035,-0.3264619,-3.318375,0.02861959,0.3010117,-0.06750245,0.9507977,5.454828,34.82871,353.5902,0.365736,-0.09349614,-0.9260103,0,0,0,1.827314,-0.4415201,-2.612567,0.02892742,-0.02805211,0.884621,0.8096708,-0.1111327,-0.5762662,0.145592,0.9892486,0.01378484,0.5685387,-0.09506093,0.8171458,moving,36.66062,-19.59464,1.872925,-1.816291
05/15/2023 14:22:44.360889,638,True,True,True,True,Eyes,1.306017,-0.3323226,-3.304777,0.5739001,-0.2703253,0.773022,0,0,0,0,0,0,0,-3.004447,0.1748368,1.940259,1.304884,-0.3261579,-3.31855,0.02767842,0.3009107,-0.06716679,0.9508813,5.339683,34.82143,353.5946,0.365754,-0.09346512,-0.9260063,0,0,0,1.827307,-0.438472,-2.612572,0.02894863,-0.02707088,0.8845193,0.8098828,-0.1110778,-0.5759789,0.1443927,0.989445,0.01221537,0.5685426,-0.09306019,0.8173733,moving,36.5906,-19.2747,1.874513,-1.753001
05/15/2023 14:22:44.380809,639,True,True,True,True,Eyes,1.3062,-0.3321039,-3.305107,0.5736758,-0.2661445,0.7746375,0,0,0,0,0,0,0,-3.003522,0.1720028,1.941907,1.304795,-0.325931,-3.318586,0.02665054,0.3007995,-0.06651773,0.9509915,5.204217,34.81466,353.6305,0.3657721,-0.09343001,-0.9260027,0,0,0,1.827302,-0.4356583,-2.612576,0.02903038,-0.02658347,0.8842819,0.8101901,-0.1104826,-0.575661,0.1425485,0.9897303,0.01067189,0.5685701,-0.09070587,0.8176188,moving,36.52266,-18.96134,1.880307,-1.721919
05/15/2023 14:22:44.390763,640,True,True,True,True,Eyes,1.306357,-0.3318823,-3.305423,0.5735372,-0.2620392,0.7761382,0,0,0,0,0,0,0,-3.001971,0.1709834,1.944621,1.304613,-0.3258352,-3.3188,0.02576365,0.300531,-0.06568862,0.9511585,5.076949,34.78921,353.6901,0.3657899,-0.09339135,-0.9259996,0,0,0,1.827295,-0.4326565,-2.612581,0.02931014,-0.02562023,0.8842161,0.8107322,-0.109475,-0.5750899,0.1404461,0.9900424,0.009527691,0.5683205,-0.08849356,0.8180347,moving,36.46302,-18.65567,1.898555,-1.659685
05/15/2023 14:22:44.410699,641,True,True,True,True,Eyes,1.306502,-0.3316592,-3.305736,0.5733856,-0.2579974,0.7776029,0,0,0,0,0,0,0,-3.000235,0.1696374,1.947545,1.304423,-0.3255851,-3.318974,0.02487121,0.3002258,-0.0648932,0.9513332,4.950027,34.75914,353.7456,0.3658069,-0.09334949,-0.9259971,0,0,0,1.827289,-0.4295869,-2.612586,0.02970165,-0.0247277,0.8841358,0.8113068,-0.1085362,-0.5744573,0.1384041,0.9903405,0.008356397,0.5680016,-0.08628684,0.8184918,moving,36.40417,-18.3551,1.92407,-1.602043
05/15/2023 14:22:44.420589,642,True,True,True,True,Eyes,1.30664,-0.3314361,-3.306051,0.5732231,-0.2539955,0.7790388,0,0,0,0,0,0,0,-2.998066,0.1671038,1.951379,1.304265,-0.3253473,-3.319223,0.02382323,0.2997982,-0.0641834,0.9515429,4.808277,34.71452,353.7859,0.365823,-0.09330474,-0.9259952,0,0,0,1.827282,-0.4264729,-2.61259,0.03027406,-0.0239792,0.8840879,0.8120031,-0.1078622,-0.5735998,0.1364308,0.9906259,0.00685351,0.5674837,-0.08382178,0.819107,moving,36.34594,-18.05789,1.961229,-1.553658
05/15/2023 14:22:44.446285,643,True,True,True,True,Eyes,1.306767,-0.3312153,-3.306363,0.5730491,-0.2500316,0.7804478,0,0,0,0,0,0,0,-2.995746,0.1633963,1.955543,1.30405,-0.3251151,-3.319502,0.0225325,0.2993538,-0.06343979,0.9517642,4.638755,34.66887,353.8218,0.365838,-0.09325738,-0.925994,0,0,0,1.827276,-0.423687,-2.612595,0.03097618,-0.02396493,0.8841188,0.8127254,-0.107269,-0.5726873,0.1342498,0.9909354,0.004909382,0.5669695,-0.08087313,0.8197592,moving,36.28823,-17.76387,2.006607,-1.552679
05/15/2023 14:22:44.460913,644,True,True,True,True,Eyes,1.30688,-0.330991,-3.306672,0.5728576,-0.2461081,0.7818344,0,0,0,0,0,0,0,-2.99339,0.1591546,1.959771,1.30392,-0.3249729,-3.319728,0.02118209,0.2988864,-0.06275735,0.9519873,4.464695,34.62044,353.8489,0.3658519,-0.09320774,-0.9259935,0,0,0,1.82727,-0.4206718,-2.612599,0.03165749,-0.02370743,0.8840364,0.813457,-0.1068263,-0.5717308,0.1321505,0.9912257,0.002815538,0.5664135,-0.0778448,0.8204365,moving,36.23059,-17.47311,2.050895,-1.536147
05/15/2023 14:22:44.470758,645,True,True,True,True,Eyes,1.306862,-0.3307349,-3.30689,0.5746967,-0.2410717,0.7820538,0,0,0,0,0,0,0,-2.990766,0.1536067,1.964422,1.303693,-0.3246897,-3.319968,0.01981244,0.2983591,-0.06231375,0.9522113,4.296339,34.56403,353.8489,0.3658644,-0.093156,-0.9259937,0,0,0,1.827263,-0.4174481,-2.612604,0.03252843,-0.02325506,0.8840224,0.8141977,-0.1068493,-0.570671,0.1304942,0.9914489,0.0005475005,0.5657327,-0.074915,0.8211787,moving,36.31052,-17.13215,2.107301,-1.506873
05/15/2023 14:22:44.510548,646,True,True,True,True,Eyes,1.306399,-0.3304261,-3.306825,0.57822,-0.2361236,0.7809656,0,0,0,0,0,0,0,-2.988537,0.1460996,1.968611,1.303633,-0.3243116,-3.320164,0.01823154,0.297903,-0.06200886,0.9524056,4.110079,34.51661,353.8271,0.3658734,-0.09310181,-0.9259956,0,0,0,1.827257,-0.414589,-2.612608,0.03323868,-0.02355657,0.8839155,0.8148175,-0.1072527,-0.56971,0.1289776,0.991645,-0.002217598,0.5651879,-0.0716729,0.8218428,moving,36.51591,-16.8226,2.153531,-1.526585
05/15/2023 14:22:44.520930,647,True,True,True,True,Eyes,1.305965,-0.3301186,-3.306787,0.5815555,-0.2312671,0.7799415,0,0,0,0,0,0,0,-2.986248,0.1358863,1.972917,1.303455,-0.3241331,-3.320315,0.01624248,0.2974667,-0.06184508,0.9525887,3.884104,34.47299,353.7762,0.3658712,-0.09304506,-0.9260023,0,0,0,1.82725,-0.4115649,-2.612613,0.03405249,-0.0240779,0.8838037,0.8153776,-0.1081626,-0.5687357,0.127489,0.9918227,-0.005848887,0.5647177,-0.06773851,0.8224995,moving,36.70969,-16.51606,2.206485,-1.560551
05/15/2023 14:22:44.541015,648,True,True,True,True,Eyes,1.30554,-0.3298169,-3.30676,0.5847329,-0.2264459,0.7789799,0,0,0,0,0,0,0,-2.983859,0.1287686,1.977388,1.30326,-0.3238225,-3.32065,0.01474371,0.2969746,-0.06156978,0.9527844,3.707588,34.42125,353.7541,0.3658593,-0.09298595,-0.9260129,0,0,0,1.827237,-0.4052887,-2.612622,0.03446409,-0.02074877,0.8836702,0.8160306,-0.1085684,-0.567721,0.1260825,0.9919835,-0.008474172,0.56409,-0.06466447,0.8231774,moving,36.89334,-16.20891,2.233465,-1.34507
05/15/2023 14:22:44.560793,649,True,True,True,True,Eyes,1.305141,-0.329519,-3.306757,0.587723,-0.2217022,0.7780938,0,0,0,0,0,0,0,-2.981359,0.1207966,1.981882,1.303069,-0.3236912,-3.32087,0.01288648,0.2964965,-0.06107949,0.9529917,3.484649,34.37361,353.7437,0.3658389,-0.09292484,-0.9260271,0,0,0,1.827231,-0.4025506,-2.612627,0.03531504,-0.02147523,0.8836663,0.8167183,-0.1087749,-0.5666915,0.1240581,0.9922065,-0.01165829,0.5635431,-0.06078111,0.8238476,moving,37.0651,-15.90384,2.288563,-1.392152
05/15/2023 14:22:44.570856,650,True,True,True,True,Eyes,1.304752,-0.3292245,-3.306763,0.590573,-0.2169921,0.7772632,0,0,0,0,0,0,0,-2.979068,0.1130283,1.986065,1.302818,-0.323447,-3.321163,0.0112968,0.2960471,-0.06084205,0.9531667,3.299751,34.32766,353.7148,0.3658111,-0.09286196,-0.9260443,0,0,0,1.827224,-0.3995287,-2.612631,0.03607351,-0.02143377,0.8837684,0.8173088,-0.1092965,-0.565739,0.122674,0.9923412,-0.01448876,0.5629898,-0.05755967,0.824457,moving,37.22796,-15.59838,2.337392,-1.389305
05/15/2023 14:22:44.596126,651,True,True,True,True,Eyes,1.294754,-0.3218672,-3.306868,0.6548199,-0.1002515,0.7491065,0,0,0,0,0,0,0,-2.976904,0.1034218,1.990026,1.302679,-0.3232745,-3.321352,0.00935627,0.2956369,-0.06058699,0.9533314,3.076126,34.28833,353.6763,0.3657768,-0.09279754,-0.9260643,0,0,0,1.827218,-0.3966461,-2.612636,0.03677493,-0.02206982,0.8837219,0.8178561,-0.1099868,-0.5648134,0.1210511,0.9924833,-0.01798424,0.562546,-0.05366274,0.8250226,moving,41.15783,-7.622493,2.382914,-1.430591
05/15/2023 14:22:44.610983,652,True,True,True,True,Eyes,1.294744,-0.3218553,-3.306879,0.6548122,-0.1001231,0.7491304,0,0,0,0,0,0,0,-2.975284,0.09345731,1.993342,1.302547,-0.3230743,-3.321665,0.007507573,0.2953274,-0.06050516,0.9534487,2.869073,34.26049,353.6223,0.3655089,-0.09254414,-0.9261948,0,0,0,1.827212,-0.3935101,-2.61264,0.03717944,-0.02223959,0.8837839,0.8182417,-0.1109427,-0.5640676,0.1198115,0.9925655,-0.02142149,0.5622507,-0.05005384,0.8254507,moving,41.15659,-7.612605,2.408926,-1.44149
05/15/2023 14:22:44.620621,653,True,True,True,True,Eyes,1.294721,-0.3218285,-3.306892,0.6548173,-0.09995669,0.7491482,0,0,0,0,0,0,0,-2.973623,0.08450957,1.996475,1.302318,-0.322816,-3.321934,0.005815146,0.2950313,-0.06037663,0.9535604,2.677614,34.23389,353.5788,0.3652674,-0.09231573,-0.9263123,0,0,0,1.827205,-0.3904497,-2.612645,0.03765339,-0.02229957,0.8838871,0.8186224,-0.1117142,-0.5633626,0.1185768,0.9926417,-0.02453581,0.5619582,-0.04671618,0.8258454,moving,41.15614,-7.599924,2.439312,-1.445207
05/15/2023 14:22:44.640928,654,True,True,True,True,Eyes,1.294691,-0.3217911,-3.306916,0.654819,-0.09964291,0.7491885,0,0,0,0,0,0,0,-2.971878,0.07553633,1.999637,1.302182,-0.322475,-3.322144,0.004009446,0.2947215,-0.06009243,0.9536834,2.46841,34.20682,353.5487,0.3650493,-0.0921094,-0.9264184,0,0,0,1.827199,-0.3875984,-2.612649,0.03814986,-0.02293893,0.8839033,0.8190563,-0.112255,-0.5626239,0.1169817,0.9927457,-0.02777358,0.5616602,-0.04306855,0.8262463,moving,41.15468,-7.575941,2.471391,-1.486598
05/15/2023 14:22:44.660604,655,True,True,True,True,Eyes,1.29464,-0.3217429,-3.306941,0.6548762,-0.09928982,0.7491854,0,0,0,0,0,0,0,-2.970245,0.06649276,2.002698,1.302006,-0.3222201,-3.322428,0.002084622,0.2944463,-0.05969067,0.9537999,2.242442,34.18501,353.5276,0.3648522,-0.09192264,-0.9265144,0,0,0,1.827193,-0.3845533,-2.612654,0.03855258,-0.02356993,0.8839934,0.8194768,-0.1126383,-0.5619345,0.1150935,0.9928653,-0.03117477,0.5614367,-0.03912802,0.8265941,moving,41.15728,-7.549437,2.497192,-1.527317
05/15/2023 14:22:44.670753,656,True,True,True,True,Eyes,1.294583,-0.3216856,-3.306975,0.6549338,-0.09880062,0.7491997,0,0,0,0,0,0,0,-2.96909,0.05734076,2.004892,1.30176,-0.3219731,-3.322669,0.0001418386,0.2943057,-0.05928113,0.953871,2.015172,34.17967,353.5071,0.3646733,-0.09175321,-0.9266014,0,0,0,1.827186,-0.3815819,-2.612659,0.03879517,-0.02430657,0.8841069,0.8197398,-0.1130096,-0.5614761,0.1131766,0.9929715,-0.03462295,0.5614425,-0.03516414,0.8267683,moving,41.15923,-7.512524,2.512563,-1.574824
05/15/2023 14:22:44.690933,657,True,True,True,True,Eyes,1.2945,-0.321618,-3.307007,0.6550757,-0.09832676,0.749138,0,0,0,0,0,0,0,-2.967811,0.04930919,2.007282,1.301556,-0.3217304,-3.322944,-0.001685693,0.2941213,-0.05876595,0.9539583,1.796659,34.16882,353.502,0.3645107,-0.09159909,-0.9266806,0,0,0,1.82718,-0.3786124,-2.612663,0.03904763,-0.0249145,0.8842342,0.8200784,-0.1131121,-0.5609608,0.1111289,0.9930875,-0.0377848,0.561357,-0.03135248,0.8269796,moving,41.16772,-7.47751,2.528529,-1.613959
05/15/2023 14:22:44.710923,658,True,True,True,True,Eyes,1.294411,-0.3215429,-3.30705,0.6552068,-0.0977197,0.7491028,0,0,0,0,0,0,0,-2.96624,0.04065701,2.010069,1.301357,-0.3214932,-3.32321,-0.00364754,0.2938746,-0.05822521,0.954062,1.562183,34.15147,353.4952,0.3643621,-0.09145851,-0.9267529,0,0,0,1.827174,-0.3755952,-2.612668,0.03942239,-0.02570374,0.8843447,0.8204951,-0.1132448,-0.5603244,0.1089571,0.993193,-0.04118178,0.561174,-0.02726186,0.8272488,moving,41.17474,-7.432208,2.552446,-1.66485
05/15/2023 14:22:44.720629,659,True,True,True,True,Eyes,1.294303,-0.3214543,-3.30709,0.6553873,-0.09712452,0.7490222,0,0,0,0,0,0,0,-2.964443,0.03224477,2.013211,1.301139,-0.3212735,-3.323522,-0.005514425,0.2935635,-0.0577543,0.9541774,1.34002,34.12593,353.4838,0.3642258,-0.09132988,-0.9268192,0,0,0,1.827167,-0.3725809,-2.612672,0.03989235,-0.02627345,0.8845131,0.8209699,-0.1134534,-0.5595863,0.106978,0.9932681,-0.04443258,0.5608602,-0.02338563,0.8275802,moving,41.18562,-7.388228,2.582342,-1.701405
05/15/2023 14:22:44.740610,660,True,True,True,True,Eyes,1.29419,-0.3213598,-3.307141,0.6555536,-0.09641385,0.7489684,0,0,0,0,0,0,0,-2.962769,0.02291065,2.015986,1.300967,-0.3209323,-3.323735,-0.007397656,0.2932845,-0.05743593,0.9542697,1.121431,34.10437,353.4552,0.3641002,-0.09121165,-0.9268802,0,0,0,1.827161,-0.3695897,-2.612677,0.0403381,-0.02692853,0.8845891,0.8213706,-0.1139579,-0.5588953,0.1052795,0.9932928,-0.04780885,0.5605949,-0.01957141,0.827859,moving,41.19486,-7.33528,2.610933,-1.743651
05/15/2023 14:22:44.760921,661,True,True,True,True,Eyes,1.294057,-0.3212575,-3.307193,0.65577,-0.09574172,0.7488652,0,0,0,0,0,0,0,-2.961004,0.01382984,2.018979,1.300733,-0.3207323,-3.324039,-0.009194343,0.2929739,-0.05719992,0.9543636,0.9148621,34.07866,353.4205,0.3639841,-0.09110261,-0.9269367,0,0,0,1.827154,-0.3664756,-2.612682,0.04079968,-0.02712405,0.884783,0.8217889,-0.1145665,-0.5581555,0.1037916,0.9932872,-0.05106566,0.5602592,-0.01596667,0.8281634,moving,41.20815,-7.285687,2.640189,-1.755919
05/15/2023 14:22:44.771322,662,True,True,True,True,Eyes,1.293918,-0.3211481,-3.307257,0.6559671,-0.09496143,0.7487921,0,0,0,0,0,0,0,-2.959283,0.004996717,2.021889,1.300504,-0.320514,-3.324362,-0.0109706,0.2926721,-0.05692656,0.9544538,0.709326,34.05413,353.3907,0.363876,-0.09100161,-0.9269891,0,0,0,1.827148,-0.3634734,-2.612686,0.04124022,-0.02744148,0.8850011,0.8222048,-0.1150891,-0.5574349,0.102246,0.993278,-0.05426349,0.559933,-0.01237976,0.8284454,moving,41.21945,-7.227639,2.667999,-1.776017
05/15/2023 14:22:44.795908,663,True,True,True,True,Eyes,1.293768,-0.3210312,-3.307326,0.6561627,-0.09418306,0.7487189,0,0,0,0,0,0,0,-2.95725,-0.002850384,2.025191,1.300229,-0.3202679,-3.32469,-0.01264415,0.2923031,-0.0565578,0.9545681,0.51135,34.02115,353.3748,0.3637747,-0.09090766,-0.9270382,0,0,0,1.827141,-0.3604095,-2.612691,0.04182205,-0.02760158,0.885257,0.8227202,-0.1153684,-0.5566162,0.1005847,0.9932827,-0.05720345,0.5594767,-0.008924625,0.8287981,moving,41.23069,-7.169708,2.704804,-1.785856
05/15/2023 14:22:44.810947,664,True,True,True,True,Eyes,1.293614,-0.3209083,-3.307405,0.6563436,-0.09329025,0.7486722,0,0,0,0,0,0,0,-2.955264,-0.01110138,2.028315,1.299968,-0.3200065,-3.324974,-0.01443211,0.2919571,-0.05612876,0.9546741,0.2989967,33.99187,353.3619,0.3636794,-0.09081983,-0.9270843,0,0,0,1.827135,-0.3574897,-2.612695,0.04240456,-0.02814967,0.885472,0.8232213,-0.1155964,-0.5558274,0.09874222,0.9932826,-0.06033029,0.5590677,-0.005218447,0.8291056,moving,41.24029,-7.102879,2.741755,-1.820853
05/15/2023 14:22:44.820534,665,True,True,True,True,Eyes,1.29344,-0.3207791,-3.307485,0.6565409,-0.09242058,0.748607,0,0,0,0,0,0,0,-2.953366,-0.0188327,2.031313,1.299725,-0.3197723,-3.32527,-0.01619065,0.291626,-0.05562204,0.9547766,0.0873621,33.96436,353.3585,0.3635892,-0.09073731,-0.9271278,0,0,0,1.827129,-0.3544935,-2.6127,0.04291999,-0.02859864,0.8856955,0.8237209,-0.1156565,-0.5550743,0.09677003,0.9932881,-0.06335858,0.5586765,-0.001524758,0.8293842,moving,41.25131,-7.037938,2.774331,-1.849408
05/15/2023 14:22:44.841175,666,True,True,True,True,Eyes,1.293264,-0.3206429,-3.307574,0.6567225,-0.09144351,0.7485677,0,0,0,0,0,0,0,-2.951261,-0.02618875,2.034726,1.299501,-0.3195489,-3.325646,-0.01793521,0.2912323,-0.05505015,0.9548988,359.8746,33.92939,353.3628,0.3635032,-0.09065942,-0.9271693,0,0,0,1.827122,-0.3515755,-2.612704,0.04349664,-0.02913292,0.8859771,0.8243064,-0.1155813,-0.5542201,0.094688,0.9932956,-0.06631739,0.5581695,0.002187853,0.8297241,moving,41.26065,-6.96463,2.810653,-1.883335
05/15/2023 14:22:44.861118,667,True,True,True,True,Eyes,1.293067,-0.3205007,-3.307653,0.6569478,-0.09046742,0.7484886,0,0,0,0,0,0,0,-2.949358,-0.03339851,2.037691,1.299296,-0.3192686,-3.325945,-0.01962462,0.2908908,-0.05449684,0.9550012,359.6689,33.90037,353.3671,0.3634208,-0.09058549,-0.9272089,0,0,0,1.827116,-0.3485069,-2.612709,0.04398605,-0.02947575,0.8862002,0.8248253,-0.1155063,-0.5534632,0.09267186,0.9932899,-0.06918833,0.557741,0.005777824,0.8299949,moving,41.2734,-6.891726,2.841512,-1.905002
05/15/2023 14:22:44.870849,668,True,True,True,True,Eyes,1.292867,-0.3203553,-3.307742,0.6571544,-0.08938345,0.7484374,0,0,0,0,0,0,0,-2.947378,-0.04191013,2.040626,1.299146,-0.3190661,-3.326163,-0.02153897,0.2905395,-0.05396703,0.9550971,359.4394,33.87192,353.3613,0.3633412,-0.090515,-0.927247,0,0,0,1.827109,-0.3454213,-2.612714,0.04450426,-0.03008566,0.8863209,0.8253487,-0.1156034,-0.5526621,0.09057166,0.9932473,-0.07250272,0.5573117,0.009784505,0.8302457,moving,41.28427,-6.810393,2.874541,-1.944126
05/15/2023 14:22:44.890590,669,True,True,True,True,Eyes,1.292648,-0.3202054,-3.307831,0.6573141,-0.08828322,0.7484279,0,0,0,0,0,0,0,-2.945318,-0.05015565,2.043708,1.298911,-0.3188758,-3.326455,-0.02334085,0.2901687,-0.0535202,0.9551927,359.2248,33.84053,353.3502,0.3632639,-0.09044747,-0.9272839,0,0,0,1.827103,-0.3423431,-2.612718,0.04507253,-0.03045139,0.886565,0.8258755,-0.1157898,-0.5518355,0.08869863,0.9931816,-0.07564978,0.5568324,0.01353024,0.8305147,moving,41.29154,-6.727421,2.910383,-1.9672
05/15/2023 14:22:44.910691,670,True,True,True,True,Eyes,1.292429,-0.3200507,-3.307928,0.657446,-0.08711454,0.748449,0,0,0,0,0,0,0,-2.942642,-0.05737808,2.047717,1.298632,-0.3186777,-3.326797,-0.02482969,0.289638,-0.05324122,0.9553317,359.0489,33.78798,353.3315,0.3631884,-0.09038252,-0.9273199,0,0,0,1.827097,-0.3394861,-2.612723,0.04593784,-0.03040664,0.8868908,0.8265505,-0.1161093,-0.5507567,0.08734282,0.9930977,-0.07828254,0.5560446,0.01659983,0.8309867,moving,41.29643,-6.638979,2.965071,-1.96359
05/15/2023 14:22:44.920564,671,True,True,True,True,Eyes,1.292209,-0.3198901,-3.308035,0.6575494,-0.0858723,0.7485017,0,0,0,0,0,0,0,-2.940176,-0.06504452,2.051325,1.298444,-0.3184448,-3.327076,-0.02628287,0.2891454,-0.05309396,0.9554504,358.8815,33.73998,353.2995,0.3631143,-0.09031974,-0.9273552,0,0,0,1.82709,-0.3363273,-2.612727,0.04665285,-0.02996754,0.887134,0.827152,-0.1166564,-0.5497373,0.08625814,0.9929805,-0.08092771,0.5553191,0.01952021,0.8314083,moving,41.29891,-6.544679,3.010314,-1.934725
05/15/2023 14:22:44.940986,672,True,True,True,True,Eyes,1.292216,-0.3197628,-3.308282,0.6559744,-0.08483147,0.7500008,0,0,0,0,0,0,0,-2.937529,-0.0735997,2.055196,1.298223,-0.3181751,-3.327417,-0.02785774,0.2886173,-0.05298267,0.9555715,358.7018,33.6889,353.2598,0.3630414,-0.09025872,-0.9273897,0,0,0,1.827084,-0.3335237,-2.612732,0.04748186,-0.03009923,0.8874363,0.8277858,-0.1173379,-0.548637,0.08517699,0.9928336,-0.08382356,0.5545409,0.0226567,0.831848,moving,41.17397,-6.453213,3.062664,-1.94256
05/15/2023 14:22:44.960870,673,True,True,True,True,Eyes,1.292255,-0.3196358,-3.308556,0.654219,-0.08379971,0.7516482,0,0,0,0,0,0,0,-2.934984,-0.08184795,2.058793,1.298014,-0.3180078,-3.327685,-0.02947089,0.288122,-0.05277382,0.9556842,358.5148,33.64214,353.2295,0.3629737,-0.09019967,-0.927422,0,0,0,1.827078,-0.3304978,-2.612736,0.04824534,-0.03003168,0.8876861,0.8284013,-0.1178526,-0.5475966,0.08388779,0.9926928,-0.08674031,0.5538178,0.02591912,0.8322344,moving,41.03564,-6.361518,3.110939,-1.937659
05/15/2023 14:22:44.971458,674,True,True,True,True,Eyes,1.292284,-0.3195066,-3.308829,0.6525039,-0.08269056,0.7532602,0,0,0,0,0,0,0,-2.932234,-0.08977956,2.06275,1.297878,-0.3177815,-3.327991,-0.03097004,0.2875568,-0.05262309,0.9558153,358.3417,33.58638,353.197,0.3629113,-0.09014232,-0.9274521,0,0,0,1.827071,-0.3273922,-2.612741,0.04903996,-0.02972162,0.8879369,0.8290837,-0.1184072,-0.5464429,0.0827846,0.9925433,-0.08946753,0.5529618,0.02893902,0.8327038,moving,40.90041,-6.264668,3.161183,-1.917127
05/15/2023 14:22:44.990921,675,True,True,True,True,Eyes,1.292327,-0.3193786,-3.309116,0.650667,-0.08158856,0.7549674,0,0,0,0,0,0,0,-2.929328,-0.09753521,2.06673,1.297673,-0.3176291,-3.328214,-0.03246069,0.2869784,-0.05246086,0.9559485,358.169,33.52914,353.1661,0.3628534,-0.09008646,-0.9274803,0,0,0,1.827065,-0.3244534,-2.612746,0.04997018,-0.02948362,0.8881615,0.8297825,-0.1189308,-0.5452673,0.08166872,0.9923884,-0.09217176,0.552079,0.03195122,0.8331794,moving,40.75634,-6.167959,3.220208,-1.901306
05/15/2023 14:22:45.010612,676,True,True,True,True,Eyes,1.292364,-0.3192494,-3.309402,0.6488754,-0.08042989,0.7566319,0,0,0,0,0,0,0,-2.926388,-0.1046262,2.070853,1.297494,-0.3174732,-3.32849,-0.03379747,0.2863736,-0.05234071,0.9560902,358.0144,33.46771,353.136,0.3627998,-0.09003191,-0.9275066,0,0,0,1.827058,-0.3214209,-2.61275,0.05087003,-0.02887913,0.8884345,0.8305013,-0.1194423,-0.5440599,0.08072747,0.9922363,-0.09460484,0.5511358,0.03464885,0.8336958,moving,40.61586,-6.06775,3.277067,-1.861781
05/15/2023 14:22:45.020587,677,True,True,True,True,Eyes,1.292414,-0.3191194,-3.309698,0.6470257,-0.07924175,0.7583392,0,0,0,0,0,0,0,-2.923892,-0.1109828,2.074359,1.297383,-0.3173425,-3.328741,-0.03504443,0.2858575,-0.05216908,0.956209,357.8685,33.41619,353.1144,0.3627498,-0.08997853,-0.9275314,0,0,0,1.827052,-0.318393,-2.612755,0.05155179,-0.02814976,0.8886712,0.8311278,-0.1198045,-0.5430226,0.07973366,0.9921005,-0.09684545,0.5503356,0.03719376,0.8341147,moving,40.47128,-5.965405,3.320006,-1.814309
05/15/2023 14:22:45.040839,678,True,True,True,True,Eyes,1.292452,-0.3189906,-3.309989,0.6452284,-0.07801181,0.7599964,0,0,0,0,0,0,0,-2.921613,-0.1178548,2.077487,1.297252,-0.3171527,-3.328996,-0.03629776,0.2853984,-0.05208891,0.9563038,357.7253,33.37182,353.0826,0.3627034,-0.08992613,-0.9275547,0,0,0,1.827045,-0.3154114,-2.612759,0.05215019,-0.02748722,0.8889346,0.831669,-0.1203443,-0.5420738,0.078907,0.9919384,-0.09915556,0.5496366,0.03969118,0.8344604,moving,40.33089,-5.860748,3.357463,-1.771109
05/15/2023 14:22:45.060688,679,True,True,True,True,Eyes,1.292488,-0.3188573,-3.31028,0.6434537,-0.07679035,0.7616237,0,0,0,0,0,0,0,-2.919532,-0.1235016,2.080162,1.297029,-0.3170742,-3.32914,-0.0374068,0.2850062,-0.05194184,0.956386,357.5961,33.33419,353.0628,0.3626599,-0.08987468,-0.9275768,0,0,0,1.827039,-0.3123687,-2.612764,0.05272809,-0.02644337,0.8891838,0.832147,-0.1206752,-0.5412659,0.07803055,0.9918055,-0.1011582,0.5490378,0.04194318,0.8347444,moving,40.19262,-5.757364,3.393633,-1.703413
05/15/2023 14:22:45.071323,680,True,True,True,True,Eyes,1.292521,-0.3187236,-3.310567,0.6417354,-0.07553814,0.7631969,0,0,0,0,0,0,0,-2.917603,-0.1293616,2.082788,1.296898,-0.3168427,-3.329386,-0.03844521,0.2846203,-0.05189359,0.9564624,357.478,33.297,353.0346,0.362619,-0.08982396,-0.9275977,0,0,0,1.827033,-0.3094442,-2.612768,0.05318418,-0.02551005,0.8894717,0.8325967,-0.1211531,-0.540467,0.07738398,0.991658,-0.1030827,0.5484473,0.04400286,0.8350266,moving,40.05885,-5.652494,3.421813,-1.642793
05/15/2023 14:22:45.090983,681,True,True,True,True,Eyes,1.292532,-0.31859,-3.31084,0.6401563,-0.07430688,0.7646427,0,0,0,0,0,0,0,-2.916265,-0.1340582,2.084606,1.296895,-0.3167175,-3.329551,-0.03941154,0.2843487,-0.05169358,0.9565148,357.3636,33.27258,353.0252,0.3625804,-0.0897739,-0.9276177,0,0,0,1.827026,-0.3064966,-2.612773,0.05334848,-0.02443556,0.8896469,0.8329471,-0.1213046,-0.5398929,0.0764781,0.9915491,-0.1047935,0.5480421,0.04599744,0.8351851,moving,39.93596,-5.550493,3.431684,-1.573323
05/15/2023 14:22:45.111001,682,True,True,True,True,Eyes,1.292539,-0.3184597,-3.311114,0.6386272,-0.07305743,0.7660404,0,0,0,0,0,0,0,-2.914832,-0.1380972,2.086546,1.296735,-0.3166487,-3.329745,-0.04033311,0.2840773,-0.05141582,0.956572,357.2516,33.24764,353.0259,0.3625435,-0.08972449,-0.9276369,0,0,0,1.82702,-0.3034358,-2.612777,0.05360624,-0.02315734,0.8899487,0.833313,-0.1212813,-0.5393332,0.07545041,0.9914593,-0.1063752,0.5476282,0.04795092,0.8353466,moving,39.81705,-5.447833,3.447058,-1.490556
05/15/2023 14:22:45.120629,683,True,True,True,True,Eyes,1.292534,-0.318325,-3.311379,0.6372298,-0.07178529,0.7673233,0,0,0,0,0,0,0,-2.913668,-0.1410106,2.088397,1.296665,-0.316611,-3.33004,-0.04109321,0.2838279,-0.05109191,0.9566309,357.1559,33.22382,353.037,0.3625081,-0.08967575,-0.9276555,0,0,0,1.827013,-0.3002903,-2.612782,0.05366981,-0.02154298,0.8903092,0.8336627,-0.121079,-0.538838,0.07442541,0.9914019,-0.1076247,0.5472361,0.04961945,0.8355061,moving,39.70821,-5.344628,3.449742,-1.386126
05/15/2023 14:22:45.145631,684,True,True,True,True,Eyes,1.292527,-0.3181933,-3.311638,0.63589,-0.07048417,0.7685544,0,0,0,0,0,0,0,-2.91287,-0.144835,2.089473,1.296608,-0.3164215,-3.330221,-0.04188346,0.2836809,-0.05090079,0.9566504,357.0619,33.21284,353.0322,0.3624736,-0.08962753,-0.9276736,0,0,0,1.827007,-0.2974406,-2.612787,0.05364308,-0.02034408,0.8905641,0.8338685,-0.1211516,-0.5385032,0.07362545,0.9913098,-0.1090148,0.5470307,0.0512565,0.8355418,moving,39.60383,-5.239942,3.447043,-1.308639
05/15/2023 14:22:45.161764,685,True,True,True,True,Eyes,1.292518,-0.3180666,-3.311894,0.6346087,-0.06912617,0.7697359,0,0,0,0,0,0,0,-2.912486,-0.1493501,2.089856,1.296543,-0.3163753,-3.330354,-0.04285664,0.2836421,-0.0506615,0.9566315,356.9472,33.21633,353.0263,0.3624401,-0.08957987,-0.9276914,0,0,0,1.827001,-0.2944657,-2.612791,0.05343181,-0.01922288,0.8908076,0.8339611,-0.1212407,-0.5383396,0.07261688,0.9911934,-0.1107355,0.5470243,0.05325655,0.835421,moving,39.50387,-5.131684,3.432564,-1.236203
05/15/2023 14:22:45.170458,686,True,True,True,True,Eyes,1.292506,-0.3179395,-3.312143,0.633365,-0.0677761,0.7708794,0,0,0,0,0,0,0,-2.911947,-0.1515937,2.090577,1.296438,-0.31638,-3.330477,-0.04344193,0.2835535,-0.05041917,0.9566442,356.8745,33.2104,353.0338,0.3624075,-0.08953288,-0.9277087,0,0,0,1.826994,-0.2913536,-2.612796,0.0532994,-0.01725753,0.8910916,0.8341106,-0.1211026,-0.538139,0.07183018,0.9911414,-0.11171,0.5469002,0.05452387,0.8354204,moving,39.40699,-5.024553,3.422989,-1.109493
05/15/2023 14:22:45.190776,687,True,True,True,True,Eyes,1.292496,-0.3178084,-3.312391,0.6321365,-0.0663482,0.7720113,0,0,0,0,0,0,0,-2.910773,-0.1541237,2.0921,1.296354,-0.3162511,-3.330568,-0.04398644,0.2833214,-0.05026754,0.9566961,356.8081,33.1872,353.0332,0.3623756,-0.08948649,-0.9277257,0,0,0,1.826988,-0.2884177,-2.6128,0.05346084,-0.015458,0.891314,0.8344043,-0.1211061,-0.5376828,0.0712569,0.9910767,-0.112647,0.5465271,0.05567956,0.8355883,moving,39.31122,-4.912045,3.432477,-0.9935776
05/15/2023 14:22:45.210834,688,True,True,True,True,Eyes,1.292487,-0.317674,-3.312629,0.6309436,-0.0648932,0.77311,0,0,0,0,0,0,0,-2.909408,-0.1581013,2.093885,1.29626,-0.3160316,-3.330741,-0.04458906,0.2830464,-0.05034765,0.9567454,356.7427,33.16009,353.0053,0.3623444,-0.08944053,-0.9277424,0,0,0,1.826982,-0.2854203,-2.612805,0.05365574,-0.0136494,0.8916112,0.8346997,-0.1215813,-0.5371167,0.07109821,0.9909539,-0.1138222,0.5460964,0.0568193,0.8357931,moving,39.21827,-4.798038,3.443816,-0.8770547
05/15/2023 14:22:45.221115,689,True,True,True,True,Eyes,1.292478,-0.3175426,-3.312858,0.6298314,-0.06333829,0.7741452,0,0,0,0,0,0,0,-2.907947,-0.1652686,2.095326,1.296303,-0.3158441,-3.330721,-0.04573685,0.2827779,-0.0504588,0.9567647,356.6187,33.13895,352.9558,0.362314,-0.08939489,-0.9277586,0,0,0,1.826975,-0.2823488,-2.61281,0.05384949,-0.01262141,0.8916677,0.8349811,-0.1224211,-0.5364882,0.07068766,0.9907241,-0.1160561,0.5457195,0.05898152,0.8358895,moving,39.13122,-4.677355,3.456002,-0.8109583
05/15/2023 14:22:45.241180,690,True,True,True,True,Eyes,1.292468,-0.3174204,-3.31309,0.628768,-0.06181752,0.7751319,0,0,0,0,0,0,0,-2.906991,-0.1731848,2.096135,1.296351,-0.3158329,-3.33078,-0.0469863,0.2826177,-0.05064376,0.9567417,356.4866,33.13206,352.8945,0.3622844,-0.08934963,-0.9277745,0,0,0,1.826969,-0.2793942,-2.612814,0.05378532,-0.01168419,0.8918117,0.8351249,-0.1234643,-0.5360252,0.07034767,0.990455,-0.1185331,0.5455434,0.06128186,0.835839,moving,39.04812,-4.559743,3.451338,-0.7506251
05/15/2023 14:22:45.260876,691,True,True,True,True,Eyes,1.292463,-0.3173007,-3.313321,0.6277843,-0.06024411,0.7760526,0,0,0,0,0,0,0,-2.90733,-0.1780887,2.095691,1.296288,-0.3159497,-3.331069,-0.04752716,0.2827077,-0.05107766,0.9566654,356.4422,33.14928,352.8284,0.3622554,-0.08930498,-0.9277902,0,0,0,1.826962,-0.2763197,-2.612819,0.0531168,-0.009211794,0.8922796,0.8349348,-0.124601,-0.5360582,0.07085586,0.9902645,-0.1198153,0.5457686,0.06205507,0.835635,moving,38.97098,-4.438906,3.406758,-0.5914941
05/15/2023 14:22:45.270700,692,True,True,True,True,Eyes,1.292458,-0.3171853,-3.31355,0.6268443,-0.05870094,0.7769302,0,0,0,0,0,0,0,-2.908007,-0.1804572,2.094669,1.296213,-0.3158839,-3.331179,-0.04769445,0.2828807,-0.0513798,0.9565898,356.4351,33.17248,352.7889,0.3622271,-0.08926095,-0.9278054,0,0,0,1.826956,-0.2733397,-2.612823,0.05241475,-0.006454222,0.8926057,0.8346773,-0.1252825,-0.5363004,0.07131511,0.9901707,-0.1203168,0.5461026,0.06217934,0.8354076,moving,38.89735,-4.320772,3.36061,-0.4142851
05/15/2023 14:22:45.290925,693,True,True,True,True,Eyes,1.292449,-0.3170725,-3.313771,0.6259897,-0.05707487,0.7777399,0,0,0,0,0,0,0,-2.908277,-0.1818316,2.094449,1.296221,-0.3158769,-3.331349,-0.04806681,0.282939,-0.05120446,0.9565633,356.389,33.18246,352.7956,0.3621995,-0.08921759,-0.9278204,0,0,0,1.826949,-0.2703246,-2.612828,0.05187312,-0.004235484,0.8929231,0.8346473,-0.1251605,-0.5363756,0.07076065,0.9901354,-0.1209333,0.5462205,0.0629824,0.8352702,moving,38.83,-4.197158,3.324781,-0.2717743
05/15/2023 14:22:45.310809,694,True,True,True,True,Eyes,1.292442,-0.3169639,-3.313992,0.6251644,-0.05547848,0.7785188,0,0,0,0,0,0,0,-2.908369,-0.1833692,2.094332,1.296165,-0.3158627,-3.331464,-0.04843652,0.2829764,-0.05107083,0.9565407,356.3444,33.19006,352.7979,0.3621725,-0.08917493,-0.927835,0,0,0,1.826943,-0.2673013,-2.612833,0.05144849,-0.001973033,0.893232,0.8346323,-0.1251154,-0.5364094,0.07028987,0.9900914,-0.1215667,0.5463042,0.06375932,0.8351566,moving,38.76508,-4.076097,3.296488,-0.1265587
05/15/2023 14:22:45.321373,695,True,True,True,True,Eyes,1.292431,-0.3168578,-3.314209,0.6243623,-0.05391701,0.7792719,0,0,0,0,0,0,0,-2.908006,-0.1852188,2.094966,1.296182,-0.3158598,-3.331642,-0.04885464,0.2828907,-0.05094741,0.9565514,356.2939,33.18346,352.7978,0.362146,-0.08913301,-0.9278495,0,0,0,1.826937,-0.2643369,-2.612837,0.05116606,0.0001683831,0.8935419,0.8347544,-0.1251087,-0.536221,0.06982657,0.9900352,-0.122289,0.546177,0.06463884,0.8351721,moving,38.70214,-3.957928,3.277296,0.01079708
05/15/2023 14:22:45.341271,696,True,True,True,True,Eyes,1.292418,-0.3167475,-3.314422,0.6235269,-0.05196119,0.7800732,0,0,0,0,0,0,0,-2.907264,-0.1869236,2.09605,1.296104,-0.3158199,-3.331805,-0.04920183,0.2827361,-0.05087717,0.956583,356.2524,33.16811,352.7946,0.3621199,-0.08909184,-0.9278637,0,0,0,1.82693,-0.2613826,-2.612842,0.05109423,0.002430715,0.893886,0.8349437,-0.1251587,-0.5359145,0.06951421,0.9899814,-0.1229009,0.5459275,0.06536164,0.8352789,moving,38.63599,-3.810881,3.271448,0.1558021
05/15/2023 14:22:45.360880,697,True,True,True,True,Eyes,1.292411,-0.3166364,-3.314637,0.6225634,-0.049618,0.7809948,0,0,0,0,0,0,0,-2.90667,-0.1897776,2.096892,1.296172,-0.3156802,-3.331965,-0.04969196,0.2826004,-0.05085839,0.9565988,356.1971,33.1566,352.7809,0.3620943,-0.08905125,-0.9278776,0,0,0,1.826924,-0.2582721,-2.612846,0.05086187,0.004526071,0.8941572,0.8351008,-0.1253881,-0.5356159,0.06921621,0.9898883,-0.1238157,0.5457249,0.06632531,0.8353354,moving,38.5598,-3.635218,3.255617,0.290019
05/15/2023 14:22:45.370768,698,True,True,True,True,Eyes,1.292404,-0.3165252,-3.314851,0.6216274,-0.04732173,0.7818823,0,0,0,0,0,0,0,-2.905876,-0.1937332,2.097879,1.296132,-0.3155865,-3.332145,-0.0503631,0.2824475,-0.05086774,0.9566083,356.1227,33.14491,352.7581,0.362069,-0.08901115,-0.9278913,0,0,0,1.826917,-0.2551401,-2.612851,0.05073833,0.00640586,0.8945141,0.8352718,-0.1257709,-0.5352594,0.06887114,0.9897521,-0.1250904,0.5455069,0.06762058,0.8353739,moving,38.4861,-3.463478,3.246433,0.4103037
05/15/2023 14:22:45.396197,699,True,True,True,True,Eyes,1.292392,-0.3164093,-3.315061,0.6207127,-0.04477264,0.7827587,0,0,0,0,0,0,0,-2.905117,-0.197304,2.098902,1.296145,-0.3154885,-3.33234,-0.05097141,0.2822869,-0.05086835,0.9566236,356.0548,33.13169,352.7384,0.3620443,-0.08897147,-0.9279047,0,0,0,1.826911,-0.2522188,-2.612855,0.05060011,0.008168116,0.8948451,0.8354531,-0.1261009,-0.5348989,0.06854661,0.9896286,-0.1262398,0.5452702,0.06880196,0.8354321,moving,38.41375,-3.273667,3.236414,0.5229795
05/15/2023 14:22:45.411978,700,True,True,True,True,Eyes,1.292379,-0.3162902,-3.315272,0.6198186,-0.04223185,0.783608,0,0,0,0,0,0,0,-2.90394,-0.2021534,2.1003,1.296098,-0.3153354,-3.33252,-0.05183027,0.2820606,-0.05082555,0.9566464,355.9576,33.113,352.7154,0.3620199,-0.08893207,-0.927918,0,0,0,1.826905,-0.2492837,-2.61286,0.05066717,0.009453386,0.8951939,0.8357173,-0.1264827,-0.5343958,0.06800561,0.9894608,-0.1278382,0.544933,0.0704947,0.835511,moving,38.34331,-3.08492,3.239434,0.6050298
05/15/2023 14:22:45.420966,701,True,True,True,True,Eyes,1.292369,-0.3161698,-3.315485,0.618969,-0.0394647,0.7844233,0,0,0,0,0,0,0,-2.902358,-0.2096596,2.102031,1.29605,-0.3151711,-3.33273,-0.05307627,0.2817649,-0.05088328,0.9566622,355.8207,33.09034,352.6688,0.3619957,-0.08889284,-0.9279312,0,0,0,1.826898,-0.2460986,-2.612865,0.05082217,0.01038388,0.8955927,0.836039,-0.1272662,-0.5337061,0.06744615,0.9891876,-0.1302264,0.5445089,0.07287789,0.835583,moving,38.2761,-2.880149,3.247878,0.6642817
05/15/2023 14:22:45.440872,702,True,True,True,True,Eyes,1.292359,-0.316048,-3.315698,0.6181419,-0.03671107,0.7852088,0,0,0,0,0,0,0,-2.900859,-0.2167624,2.103656,1.296002,-0.3150751,-3.332933,-0.05434114,0.2814869,-0.05083927,0.9566753,355.6785,33.06976,352.6327,0.3619718,-0.08885369,-0.9279443,0,0,0,1.826892,-0.2432642,-2.612869,0.05099776,0.01093897,0.8959759,0.836361,-0.127866,-0.5330577,0.06668071,0.9889248,-0.1325948,0.5441085,0.07535248,0.8356243,moving,38.21098,-2.676816,3.257685,0.6994895
05/15/2023 14:22:45.460999,703,True,True,True,True,Eyes,1.292348,-0.3159235,-3.315916,0.6173664,-0.03380788,0.785949,0,0,0,0,0,0,0,-2.899633,-0.224256,2.104885,1.296012,-0.3149501,-3.333146,-0.05562264,0.2812634,-0.05085344,0.9566666,355.5368,33.05623,352.5894,0.3619481,-0.08881461,-0.9279572,0,0,0,1.826885,-0.2402835,-2.612874,0.05099228,0.01160252,0.8963585,0.8366097,-0.1285888,-0.5324933,0.06601036,0.9886401,-0.135031,0.5438077,0.07781821,0.8355941,moving,38.14979,-2.463081,3.255948,0.7415987
05/15/2023 14:22:45.480684,704,True,True,True,True,Eyes,1.292339,-0.3157903,-3.31613,0.6166095,-0.03092054,0.7866618,0,0,0,0,0,0,0,-2.89826,-0.2306739,2.106496,1.295928,-0.3148254,-3.333452,-0.05670567,0.2810018,-0.05087795,0.9566786,355.4169,33.03629,352.5517,0.3619246,-0.08877548,-0.9279702,0,0,0,1.826879,-0.2372882,-2.612878,0.05107,0.01261844,0.8968731,0.8368989,-0.1292165,-0.5318866,0.06547891,0.9883918,-0.1370918,0.5434269,0.0799046,0.8356449,moving,38.09043,-2.25091,3.259033,0.8060627
05/15/2023 14:22:45.491426,705,True,True,True,True,Eyes,1.292331,-0.3156543,-3.316349,0.6158015,-0.02784356,0.7874092,0,0,0,0,0,0,0,-2.896922,-0.2386562,2.107657,1.295966,-0.3145162,-3.333599,-0.05803225,0.2807661,-0.05090367,0.9566669,355.2705,33.02213,352.5057,0.3619013,-0.08873608,-0.927983,0,0,0,1.826873,-0.2343204,-2.612883,0.05111879,0.01302171,0.897186,0.8371586,-0.1299827,-0.531291,0.06480875,0.9880822,-0.1396191,0.5431073,0.08245102,0.8356054,moving,38.02755,-2.025192,3.261005,0.8315299
05/15/2023 14:22:45.510763,706,True,True,True,True,Eyes,1.292323,-0.3155178,-3.316577,0.6150071,-0.02476889,0.7881325,0,0,0,0,0,0,0,-2.894985,-0.2486755,2.1095,1.29588,-0.3143836,-3.333861,-0.05976949,0.2804252,-0.05089865,0.9566602,355.0773,32.99983,352.45,0.3618783,-0.08869635,-0.9279958,0,0,0,1.826866,-0.2311259,-2.612888,0.05137768,0.01311179,0.8977019,0.8375421,-0.1309071,-0.5304588,0.06386367,0.9876739,-0.1429047,0.5426275,0.08581164,0.8355787,moving,37.96615,-1.80006,3.275605,0.8368
05/15/2023 14:22:45.521043,707,True,True,True,True,Eyes,1.292304,-0.3153754,-3.316803,0.614263,-0.02159352,0.7888058,0,0,0,0,0,0,0,-2.893148,-0.2591633,2.111461,1.295908,-0.3142729,-3.334306,-0.06142476,0.2800676,-0.05110277,0.9566492,354.8997,32.97588,352.374,0.3618553,-0.08865628,-0.9280086,0,0,0,1.82686,-0.2281991,-2.612892,0.05146527,0.01318702,0.8982953,0.8379014,-0.132181,-0.5295749,0.06336867,0.987231,-0.1461484,0.5421307,0.08889943,0.8355783,moving,37.90879,-1.568078,3.279014,0.8410446
05/15/2023 14:22:45.541459,708,True,True,True,True,Eyes,1.292278,-0.3152319,-3.317031,0.6135298,-0.01841412,0.7894569,0,0,0,0,0,0,0,-2.891385,-0.2687283,2.113063,1.295815,-0.3141007,-3.334601,-0.06303583,0.2797625,-0.05114502,0.9566314,354.722,32.95728,352.3171,0.3618322,-0.08861578,-0.9280216,0,0,0,1.826853,-0.2250943,-2.612897,0.05163997,0.01337424,0.8988519,0.8382343,-0.133124,-0.5288112,0.06258375,0.9868214,-0.149221,0.541707,0.09198719,0.8355188,moving,37.85272,-1.336184,3.288087,0.8524551
05/15/2023 14:22:45.560921,709,True,True,True,True,Eyes,1.292228,-0.3150806,-3.317251,0.6129606,-0.01523125,0.7899667,0,0,0,0,0,0,0,-2.889325,-0.2779388,2.115016,1.29565,-0.313964,-3.334885,-0.06471173,0.2794032,-0.05103016,0.9566307,354.5317,32.93245,352.2757,0.3618087,-0.08857483,-0.9280346,0,0,0,1.826847,-0.2222425,-2.612901,0.05203852,0.01315263,0.8994237,0.8386595,-0.1337954,-0.5279669,0.0614727,0.9864166,-0.1523264,0.5411759,0.09529448,0.8354924,moving,37.80904,-1.104576,3.311306,0.8377992
05/15/2023 14:22:45.580673,710,True,True,True,True,Eyes,1.292179,-0.314925,-3.31748,0.6123856,-0.01205516,0.7904673,0,0,0,0,0,0,0,-2.887391,-0.2874521,2.116759,1.295542,-0.3137726,-3.335182,-0.06636094,0.2790654,-0.05100399,0.9566177,354.3474,32.91056,352.2253,0.3617845,-0.08853332,-0.928048,0,0,0,1.826841,-0.2192076,-2.612906,0.05230463,0.01314326,0.8999971,0.8390423,-0.1346207,-0.5271482,0.06054457,0.9859896,-0.155431,0.540687,0.09849719,0.8354375,moving,37.76543,-0.8737317,3.326086,0.8366694
05/15/2023 14:22:45.595664,711,True,True,True,True,Eyes,1.292115,-0.3147622,-3.317709,0.6118251,-0.008817285,0.7909439,0,0,0,0,0,0,0,-2.885015,-0.2953601,2.119565,1.295506,-0.3135452,-3.335635,-0.0678545,0.2785792,-0.05079719,0.9566657,354.1729,32.86845,352.201,0.3617594,-0.08849116,-0.9280618,0,0,0,1.826834,-0.2162529,-2.61291,0.05274254,0.01316313,0.9006398,0.8396266,-0.1349975,-0.5261205,0.05938617,0.9856308,-0.1581302,0.5399079,0.1015261,0.8355789,moving,37.72331,-0.6386955,3.351482,0.8373358
05/15/2023 14:22:45.611151,712,True,True,True,True,Eyes,1.292046,-0.3145981,-3.317941,0.6112614,-0.005558145,0.7914093,0,0,0,0,0,0,0,-2.882558,-0.3043231,2.122084,1.295377,-0.3133187,-3.335989,-0.06953304,0.2781174,-0.05059331,0.9566903,353.9785,32.83159,352.1701,0.3617333,-0.08844823,-0.928076,0,0,0,1.826828,-0.2130865,-2.612915,0.05324298,0.01309313,0.9012856,0.8401821,-0.1354809,-0.5251086,0.05812754,0.985211,-0.1611849,0.5391802,0.1049014,0.8356317,moving,37.68145,-0.4023873,3.380789,0.832287
05/15/2023 14:22:45.620900,713,True,True,True,True,Eyes,1.291964,-0.3144282,-3.318174,0.6107059,-0.00224241,0.7918544,0,0,0,0,0,0,0,-2.879965,-0.3139021,2.124583,1.2952,-0.3131627,-3.336311,-0.07140049,0.2776451,-0.05029881,0.9567054,353.7603,32.79539,352.1431,0.3617062,-0.08840457,-0.9280908,0,0,0,1.826821,-0.21015,-2.61292,0.05386603,0.01249462,0.9019263,0.8407665,-0.1358903,-0.5240664,0.0565943,0.984744,-0.1645489,0.5384318,0.108688,0.8356304,moving,37.64067,-0.1622524,3.417834,0.7936829
05/15/2023 14:22:45.641285,714,True,True,True,True,Eyes,1.291883,-0.3142579,-3.31841,0.6101424,0.001072323,0.792291,0,0,0,0,0,0,0,-2.877301,-0.3237493,2.127153,1.295046,-0.3129624,-3.336669,-0.07317157,0.2771534,-0.05017769,0.9567206,353.5581,32.75692,352.1003,0.3616777,-0.08836011,-0.9281061,0,0,0,1.826815,-0.2072167,-2.612924,0.05445528,0.0121075,0.9025831,0.8413364,-0.1365715,-0.5229734,0.05545254,0.9842562,-0.1678233,0.5376598,0.1121957,0.8356639,moving,37.59983,0.07754672,3.452624,0.7685353
05/15/2023 14:22:45.660949,715,True,True,True,True,Eyes,1.291782,-0.3140829,-3.318644,0.6096164,0.004375553,0.7926846,0,0,0,0,0,0,0,-2.874621,-0.3330752,2.12978,1.295004,-0.3128163,-3.336984,-0.07484852,0.2766366,-0.05007042,0.956746,353.3664,32.71466,352.0594,0.361648,-0.08831489,-0.928122,0,0,0,1.826809,-0.2042363,-2.612928,0.05499786,0.0119891,0.9031577,0.8419303,-0.137221,-0.5218466,0.05439766,0.9837813,-0.1709247,0.5368373,0.1155194,0.8357398,moving,37.56219,0.3162647,3.484728,0.7605367
05/15/2023 14:22:45.680845,716,True,True,True,True,Eyes,1.291674,-0.3139038,-3.318882,0.6090693,0.007663833,0.79308,0,0,0,0,0,0,0,-2.871423,-0.342468,2.133031,1.294761,-0.3126243,-3.33737,-0.07646411,0.276037,-0.05004539,0.9567928,353.1834,32.66245,352.0122,0.3616168,-0.08826889,-0.9281385,0,0,0,1.826802,-0.2011424,-2.612933,0.05579719,0.01209667,0.9039057,0.8425981,-0.1379799,-0.5205669,0.05355227,0.9832975,-0.1739493,0.5358737,0.1186918,0.8359137,moving,37.52353,0.5536537,3.532329,0.7667249
05/15/2023 14:22:45.690839,717,True,True,True,True,Eyes,1.29155,-0.3137158,-3.319119,0.6084349,0.01101149,0.7935274,0,0,0,0,0,0,0,-2.86784,-0.3511631,2.136743,1.294497,-0.312382,-3.337692,-0.0779598,0.2753571,-0.05000572,0.95687,353.0123,32.5993,351.9713,0.3615839,-0.08822208,-0.9281557,0,0,0,1.826796,-0.1982413,-2.612938,0.05682713,0.01218054,0.9045774,0.8433559,-0.1386315,-0.5191649,0.05276437,0.9828434,-0.1767336,0.5347586,0.1216559,0.8362015,moving,37.47908,0.7950219,3.594697,0.7714666
05/15/2023 14:22:45.710770,718,True,True,True,True,Eyes,1.291425,-0.3135292,-3.319365,0.6077922,0.01438226,0.7939658,0,0,0,0,0,0,0,-2.864434,-0.3618394,2.139945,1.294307,-0.3120762,-3.338061,-0.07982551,0.2747246,-0.04991584,0.9569027,352.7993,32.54633,351.9234,0.3615493,-0.0881743,-0.9281738,0,0,0,1.826789,-0.1951119,-2.612942,0.05768207,0.0117397,0.9052905,0.8440696,-0.1393892,-0.5178004,0.05166912,0.9822726,-0.1801967,0.5337386,0.1253443,0.8363086,moving,37.43457,1.037769,3.645766,0.7429633
05/15/2023 14:22:45.720795,719,True,True,True,True,Eyes,1.291298,-0.3133388,-3.319617,0.6071249,0.01774391,0.7944083,0,0,0,0,0,0,0,-2.861408,-0.3718044,2.14288,1.29418,-0.3119583,-3.338504,-0.08176176,0.2741432,-0.04960551,0.9569221,352.5719,32.4992,351.8972,0.361513,-0.08812566,-0.9281925,0,0,0,1.826783,-0.1921436,-2.612947,0.05839059,0.01104273,0.906048,0.8447697,-0.1397661,-0.5165555,0.05010836,0.9817086,-0.1836773,0.5327789,0.1292812,0.8363211,moving,37.38879,1.279546,3.687348,0.6982747
05/15/2023 14:22:45.741516,720,True,True,True,True,Eyes,1.291166,-0.313149,-3.31987,0.6064535,0.02111853,0.7948384,0,0,0,0,0,0,0,-2.858766,-0.3810285,2.145192,1.293977,-0.3117183,-3.338867,-0.08353728,0.2736654,-0.04931209,0.9569206,352.3636,32.46276,351.8739,0.3614751,-0.08807614,-0.928212,0,0,0,1.826777,-0.1893502,-2.612951,0.05904043,0.01033762,0.9067582,0.8453512,-0.140098,-0.5155132,0.04865299,0.9811797,-0.1868671,0.5319908,0.1328871,0.8362576,moving,37.34326,1.521967,3.725358,0.6531801
05/15/2023 14:22:45.760844,721,True,True,True,True,Eyes,1.29104,-0.3129573,-3.320134,0.6057202,0.02449327,0.7953007,0,0,0,0,0,0,0,-2.855933,-0.3898299,2.147688,1.293727,-0.3115727,-3.339174,-0.08532397,0.2731524,-0.04892736,0.9569294,352.1507,32.42178,351.8607,0.3614355,-0.08802586,-0.9282321,0,0,0,1.826771,-0.1862833,-2.612956,0.05979091,0.009931684,0.9074969,0.8459879,-0.1402529,-0.5144257,0.04702715,0.9806519,-0.1900273,0.5311245,0.1365688,0.8362152,moving,37.29377,1.764009,3.769514,0.6270223
05/15/2023 14:22:45.771545,722,True,True,True,True,Eyes,1.290911,-0.3127598,-3.320401,0.6049736,0.02786649,0.7957578,0,0,0,0,0,0,0,-2.85287,-0.3984393,2.150598,1.293481,-0.3113531,-3.33956,-0.08695584,0.2725804,-0.04867904,0.9569582,351.9586,32.37284,351.8382,0.3613945,-0.08797479,-0.928253,0,0,0,1.826764,-0.1832503,-2.61296,0.0605891,0.009755313,0.9082848,0.8466607,-0.1405725,-0.5132301,0.04576271,0.9801381,-0.1929641,0.5301618,0.1398883,0.8362773,moving,37.24386,2.00561,3.816385,0.6153541
05/15/2023 14:22:45.790910,723,True,True,True,True,Eyes,1.290775,-0.3125623,-3.32067,0.6043221,0.03115165,0.7961308,0,0,0,0,0,0,0,-2.849317,-0.4070611,2.154038,1.293331,-0.3110348,-3.339871,-0.08852945,0.2718946,-0.04848556,0.9570189,351.7737,32.31007,351.8127,0.3613521,-0.08792286,-0.9282745,0,0,0,1.826758,-0.1803231,-2.612965,0.06157365,0.009533286,0.9089226,0.8474449,-0.1409445,-0.5118318,0.04466182,0.9796234,-0.1958146,0.5290014,0.1430828,0.8364717,moving,37.20119,2.240772,3.875499,0.600928
05/15/2023 14:22:45.810790,724,True,True,True,True,Eyes,1.290636,-0.3123665,-3.320943,0.6036624,0.03443804,0.796496,0,0,0,0,0,0,0,-2.845869,-0.4165348,2.157185,1.293132,-0.3108873,-3.340221,-0.09032464,0.2712444,-0.04823074,0.9570485,351.5628,32.25421,351.7863,0.3613083,-0.08787014,-0.9282965,0,0,0,1.826751,-0.1771358,-2.61297,0.06247103,0.009299368,0.9096947,0.8482006,-0.1413184,-0.5104751,0.04331821,0.9790305,-0.1990547,0.5279008,0.1467255,0.8365359,moving,37.1584,2.475751,3.928478,0.5856866
05/15/2023 14:22:45.830775,725,True,True,True,True,Eyes,1.290469,-0.3121649,-3.321203,0.6031641,0.03758017,0.7967313,0,0,0,0,0,0,0,-2.842841,-0.4254597,2.159847,1.292914,-0.3107646,-3.340583,-0.09198101,0.2706845,-0.04803838,0.957059,351.3698,32.20797,351.7571,0.3612632,-0.08781677,-0.9283192,0,0,0,1.826745,-0.174161,-2.612974,0.06321603,0.009138465,0.9104782,0.8488444,-0.1417468,-0.5092849,0.04215546,0.9784636,-0.202069,0.5269592,0.150056,0.8365389,moving,37.12748,2.700522,3.971768,0.5750581
05/15/2023 14:22:45.841157,726,True,True,True,True,Eyes,1.290305,-0.3119633,-3.321468,0.602651,0.04071255,0.7969657,0,0,0,0,0,0,0,-2.839977,-0.434047,2.162219,1.292726,-0.3105485,-3.34088,-0.09346578,0.270165,-0.04797705,0.9570649,351.2002,32.16545,351.7188,0.3612162,-0.08776271,-0.9283426,0,0,0,1.826738,-0.1712691,-2.612979,0.06388369,0.009181261,0.9111764,0.8494182,-0.1423367,-0.5081625,0.04133194,0.9779247,-0.2048291,0.5260993,0.1529822,0.8365501,moving,37.09591,2.924381,4.010514,0.5773084
05/15/2023 14:22:45.860827,727,True,True,True,True,Eyes,1.290112,-0.3117571,-3.321718,0.6024749,0.04359801,0.7969462,0,0,0,0,0,0,0,-2.83715,-0.4419366,2.164848,1.292658,-0.3103743,-3.341256,-0.09490986,0.2696105,-0.04780942,0.9570875,351.0313,32.11749,351.694,0.3611676,-0.087708,-0.9283666,0,0,0,1.826732,-0.1679868,-2.612984,0.06443164,0.009631872,0.9119459,0.8500488,-0.142693,-0.5070065,0.04033821,0.9774128,-0.2074539,0.5251569,0.1558942,0.8366047,moving,37.08852,3.131321,4.041398,0.6051292
05/15/2023 14:22:45.870853,728,True,True,True,True,Eyes,1.289919,-0.3115541,-3.321974,0.6022732,0.04647158,0.7969363,0,0,0,0,0,0,0,-2.834465,-0.4496391,2.167078,1.292487,-0.3101873,-3.341535,-0.09632668,0.2691168,-0.0476377,0.9570936,350.8658,32.07653,351.6702,0.361117,-0.08765264,-0.9283915,0,0,0,1.826725,-0.1651649,-2.612988,0.06507015,0.009675592,0.9126306,0.8506135,-0.1430337,-0.5059624,0.0393412,0.9769036,-0.2100275,0.5243175,0.1587471,0.8365946,moving,37.07964,3.337297,4.078262,0.6074197
05/15/2023 14:22:45.895770,729,True,True,True,True,Eyes,1.289724,-0.3113513,-3.322231,0.6022316,0.04915127,0.7968069,0,0,0,0,0,0,0,-2.831752,-0.4567216,2.169635,1.292312,-0.3100892,-3.341931,-0.09762127,0.2685964,-0.04749696,0.9571156,350.7145,32.03105,351.6474,0.3610646,-0.08759678,-0.9284171,0,0,0,1.826719,-0.1621653,-2.612993,0.06565303,0.01018508,0.9134599,0.8512001,-0.1433616,-0.504882,0.03847872,0.9764282,-0.2123847,0.5234289,0.1613546,0.8366522,moving,37.08222,3.529835,4.110946,0.6388215
05/15/2023 14:22:45.910862,730,True,True,True,True,Eyes,1.289533,-0.3111449,-3.322489,0.6021688,0.0518183,0.7966854,0,0,0,0,0,0,0,-2.829025,-0.4639565,2.172039,1.292138,-0.3099225,-3.342262,-0.09883464,0.2680886,-0.04748703,0.9571339,350.5763,31.98715,351.6127,0.3610105,-0.08754047,-0.9284434,0,0,0,1.826713,-0.1591677,-2.612997,0.06622109,0.01085317,0.9142333,0.851747,-0.1438958,-0.5038067,0.03791003,0.9759533,-0.2146574,0.52258,0.1637345,0.8367205,moving,37.08354,3.721411,4.142897,0.6801456
05/15/2023 14:22:45.920619,731,True,True,True,True,Eyes,1.289338,-0.3109384,-3.322744,0.6021745,0.05439963,0.796509,0,0,0,0,0,0,0,-2.82684,-0.4718985,2.173493,1.292076,-0.3096584,-3.34252,-0.100102,0.2677021,-0.04755362,0.9571071,350.4356,31.95934,351.5665,0.3609549,-0.08748364,-0.9284704,0,0,0,1.826706,-0.1560574,-2.613002,0.06648177,0.01147915,0.9149133,0.8521484,-0.1446229,-0.5029187,0.03743275,0.9754364,-0.2170772,0.5219596,0.1661563,0.8366303,moving,37.0899,3.907096,4.156068,0.7188359
05/15/2023 14:22:45.945680,732,True,True,True,True,Eyes,1.289147,-0.3107345,-3.323002,0.6021628,0.05698384,0.7963371,0,0,0,0,0,0,0,-2.824842,-0.479632,2.174755,1.291931,-0.3095052,-3.342822,-0.1014486,0.2673589,-0.04748971,0.9570645,350.2824,31.93689,351.5318,0.3608979,-0.08742637,-0.9284979,0,0,0,1.8267,-0.1530578,-2.613006,0.06673938,0.01187102,0.9156899,0.8525279,-0.1451478,-0.5021238,0.03665501,0.9749058,-0.2195794,0.5213948,0.1687922,0.8364548,moving,37.09532,4.092962,4.16859,0.7427422
05/15/2023 14:22:45.961821,733,True,True,True,True,Eyes,1.28896,-0.3105316,-3.323261,0.6021724,0.059526,0.7961438,0,0,0,0,0,0,0,-2.823048,-0.4878025,2.175702,1.291869,-0.3093929,-3.34314,-0.1028463,0.2670508,-0.04746762,0.9570024,350.1252,31.91992,351.4904,0.3608397,-0.08736876,-0.9285259,0,0,0,1.826694,-0.1501627,-2.613011,0.06685156,0.01212133,0.9164411,0.8528614,-0.1457836,-0.5013727,0.03592288,0.9743389,-0.2222008,0.5209001,0.1714958,0.8362131,moving,37.10245,4.275929,4.172161,0.7577801
05/15/2023 14:22:45.980660,734,True,True,True,True,Eyes,1.288776,-0.3103297,-3.323523,0.6021822,0.06207485,0.7959418,0,0,0,0,0,0,0,-2.821705,-0.495841,2.176061,1.29178,-0.3092495,-3.343469,-0.1042086,0.2668453,-0.04745821,0.9569128,349.9732,31.91502,351.4476,0.3607806,-0.08731085,-0.9285544,0,0,0,1.826687,-0.1470355,-2.613016,0.06675121,0.01261458,0.9172715,0.8530827,-0.1464419,-0.5008041,0.03521156,0.9737766,-0.2247651,0.5205863,0.1741092,0.8358684,moving,37.1099,4.459424,4.162162,0.7878981
05/15/2023 14:22:45.995695,735,True,True,True,True,Eyes,1.288584,-0.3101284,-3.323781,0.6023285,0.0645526,0.7956339,0,0,0,0,0,0,0,-2.820966,-0.5050723,2.175332,1.291702,-0.3091085,-3.343796,-0.1057068,0.2667913,-0.0475519,0.9567589,349.8108,31.93145,351.3872,0.3607206,-0.08725271,-0.9285831,0,0,0,1.826681,-0.1440435,-2.61302,0.06635121,0.01277635,0.9181049,0.8531225,-0.1473947,-0.5004567,0.03458809,0.9731298,-0.2276447,0.5205629,0.176899,0.8352969,moving,37.12726,4.63845,4.133565,0.7972764
05/15/2023 14:22:46.011011,736,True,True,True,True,Eyes,1.288402,-0.3099215,-3.324034,0.6024712,0.0670264,0.7953212,0,0,0,0,0,0,0,-2.820619,-0.5133251,2.174239,1.291568,-0.3089922,-3.344111,-0.1071057,0.266819,-0.04756057,0.9565951,349.6574,31.95567,351.3386,0.3606597,-0.08719438,-0.9286122,0,0,0,1.826674,-0.1409739,-2.613025,0.0658493,0.01314496,0.9189926,0.8530912,-0.1481481,-0.5002874,0.03383672,0.9725327,-0.2302937,0.5206634,0.1795335,0.834672,moving,37.14463,4.817269,4.098455,0.8194833
05/15/2023 14:22:46.020858,737,True,True,True,True,Eyes,1.288211,-0.3097139,-3.324284,0.6025584,0.06952632,0.7950405,0,0,0,0,0,0,0,-2.820218,-0.5210109,2.173166,1.291626,-0.3086829,-3.344271,-0.1083916,0.2668126,-0.04755018,0.9564524,349.5155,31.97413,351.2962,0.3605983,-0.08713575,-0.9286416,0,0,0,1.826668,-0.1380672,-2.613029,0.06537789,0.01338273,0.919587,0.8531,-0.1487994,-0.500079,0.03311847,0.9719805,-0.2327168,0.5206952,0.1819688,0.8341246,moving,37.15836,4.997804,4.066592,0.8337656
05/15/2023 14:22:46.041189,738,True,True,True,True,Eyes,1.288025,-0.3095106,-3.324541,0.6026309,0.07202843,0.7947627,0,0,0,0,0,0,0,-2.819193,-0.5289294,2.172936,1.29147,-0.3085245,-3.344575,-0.109845,0.2666875,-0.04739159,0.9563294,349.3495,31.97962,351.2659,0.3605362,-0.08707682,-0.9286712,0,0,0,1.826661,-0.1349501,-2.613034,0.0652265,0.01357651,0.9204731,0.8532636,-0.1492325,-0.4996707,0.03205538,0.9713762,-0.2353735,0.5204936,0.1848185,0.8336237,moving,37.17132,5.178504,4.053314,0.8450222
05/15/2023 14:22:46.060889,739,True,True,True,True,Eyes,1.287822,-0.3093046,-3.324787,0.6027696,0.07448571,0.794431,0,0,0,0,0,0,0,-2.818014,-0.5359919,2.173327,1.291426,-0.3084525,-3.344984,-0.1111513,0.2664833,-0.04723924,0.956243,349.199,31.97357,351.2408,0.3604736,-0.08701772,-0.928701,0,0,0,1.826655,-0.1320354,-2.613038,0.06508797,0.01389703,0.9213616,0.8535102,-0.1495843,-0.4991441,0.03110447,0.9708277,-0.2377521,0.5201469,0.1873983,0.8332641,moving,37.18918,5.356383,4.040847,0.8641351
05/15/2023 14:22:46.070770,740,True,True,True,True,Eyes,1.287619,-0.3091016,-3.325039,0.6029003,0.07695264,0.7940967,0,0,0,0,0,0,0,-2.817085,-0.5431355,2.173174,1.291334,-0.3082913,-3.345305,-0.1124968,0.2663535,-0.04704116,0.9561316,349.0435,31.97676,351.2186,0.3604102,-0.08695845,-0.9287312,0,0,0,1.826649,-0.1290871,-2.613043,0.06491277,0.01407273,0.9222105,0.8536859,-0.1498829,-0.498754,0.03002722,0.9702632,-0.2401826,0.5199219,0.1900643,0.8328006,moving,37.20678,5.535015,4.026308,0.8742533
05/15/2023 14:22:46.090884,741,True,True,True,True,Eyes,1.287393,-0.3088935,-3.325281,0.6030208,0.07944716,0.7937593,0,0,0,0,0,0,0,-2.816338,-0.5505891,2.172712,1.291171,-0.3081884,-3.345666,-0.1138868,0.2662767,-0.04686975,0.9559968,348.8843,31.9874,351.1912,0.360346,-0.08689909,-0.9287617,0,0,0,1.826642,-0.1261082,-2.613047,0.06465581,0.01425138,0.9231627,0.8537999,-0.1502655,-0.4984435,0.02896384,0.9696661,-0.2427115,0.5197949,0.1927903,0.8322531,moving,37.22402,5.715683,4.006299,0.8844369
05/15/2023 14:22:46.110849,742,True,True,True,True,Eyes,1.287172,-0.3086866,-3.325523,0.6031254,0.08198154,0.7934223,0,0,0,0,0,0,0,-2.814928,-0.5582693,2.173001,1.290997,-0.3079824,-3.346026,-0.1153332,0.26606,-0.04664445,0.9558948,348.716,31.9817,351.1694,0.3602807,-0.08683954,-0.9287925,0,0,0,1.826636,-0.1230858,-2.613052,0.06469828,0.01425764,0.9240982,0.8540727,-0.1505454,-0.4978914,0.02780328,0.9690451,-0.2453132,0.51941,0.1956723,0.8318207,moving,37.24053,5.899238,4.004876,0.8839296
05/15/2023 14:22:46.120582,743,True,True,True,True,Eyes,1.286938,-0.3084787,-3.325758,0.6032436,0.08453636,0.7930642,0,0,0,0,0,0,0,-2.813493,-0.5665987,2.172936,1.290876,-0.3078356,-3.346237,-0.1170451,0.2658424,-0.04623446,0.9557671,348.5125,31.97834,351.1593,0.3602144,-0.08677986,-0.9288238,0,0,0,1.826629,-0.1199943,-2.613057,0.06480372,0.01383853,0.9249204,0.8543804,-0.1506099,-0.4973438,0.02614764,0.9683256,-0.2483179,0.5189899,0.1991535,0.8312565,moving,37.25841,6.084445,4.007828,0.8571874
05/15/2023 14:22:46.141138,744,True,True,True,True,Eyes,1.286712,-0.3082711,-3.325998,0.6033292,0.08709978,0.7927216,0,0,0,0,0,0,0,-2.811555,-0.5745541,2.173682,1.290737,-0.3076912,-3.346517,-0.1186802,0.2655056,-0.04582915,0.9556786,348.3166,31.95958,351.1526,0.3601471,-0.08672006,-0.9288555,0,0,0,1.826623,-0.117094,-2.613061,0.06514269,0.01337053,0.9257628,0.8548129,-0.1506164,-0.4965979,0.02457537,0.9676294,-0.251176,0.518354,0.2025045,0.8308436,moving,37.27425,6.270186,4.025069,0.8274491
05/15/2023 14:22:46.160875,745,True,True,True,True,Eyes,1.286487,-0.3080565,-3.326241,0.6034086,0.08968808,0.7923725,0,0,0,0,0,0,0,-2.809318,-0.5813482,2.175283,1.290725,-0.3075167,-3.346871,-0.1200226,0.2650611,-0.04552617,0.9556488,348.155,31.92433,351.1459,0.360079,-0.08666015,-0.9288875,0,0,0,1.826617,-0.1140858,-2.613066,0.06549683,0.01354505,0.9266031,0.85534,-0.1506407,-0.4956822,0.02338742,0.9670439,-0.2535334,0.5175388,0.2052645,0.8306745,moving,37.29005,6.457783,4.043221,0.8374881
05/15/2023 14:22:46.170901,746,True,True,True,True,Eyes,1.286268,-0.307841,-3.326484,0.6034567,0.09230455,0.7920353,0,0,0,0,0,0,0,-2.806877,-0.5898224,2.176616,1.290622,-0.307189,-3.347244,-0.1214223,0.2646307,-0.04550513,0.9555923,347.9962,31.89485,351.1056,0.36001,-0.08659993,-0.9289198,0,0,0,1.82661,-0.110936,-2.61307,0.06581733,0.01376833,0.9275165,0.8557997,-0.1512328,-0.4947074,0.02270457,0.9663718,-0.2561445,0.5168087,0.2079763,0.8304545,moving,37.304,6.647319,4.058952,0.8504531
05/15/2023 14:22:46.196045,747,True,True,True,True,Eyes,1.286093,-0.3076341,-3.326751,0.6032506,0.09509264,0.7918624,0,0,0,0,0,0,0,-2.804067,-0.6000841,2.177766,1.290581,-0.3069924,-3.347494,-0.1231581,0.2641459,-0.04548271,0.9555053,347.7998,31.86445,351.0546,0.3599406,-0.0865394,-0.9289523,0,0,0,1.826604,-0.1079706,-2.613075,0.0662618,0.01337849,0.9282951,0.8563166,-0.1519814,-0.4935824,0.02185453,0.9655268,-0.2593846,0.5159887,0.2113284,0.8301181,moving,37.3006,6.847706,4.082854,0.8256833
05/15/2023 14:22:46.210977,748,True,True,True,True,Eyes,1.285918,-0.3074306,-3.327024,0.6030248,0.09786636,0.7916964,0,0,0,0,0,0,0,-2.801099,-0.6098478,2.179195,1.290427,-0.3068914,-3.347772,-0.1247764,0.2636412,-0.04552042,0.955433,347.618,31.83066,351.0012,0.3598715,-0.08647874,-0.9289847,0,0,0,1.826598,-0.1050719,-2.61308,0.06680077,0.01325333,0.9291631,0.8568424,-0.1527758,-0.4924233,0.02119104,0.9647175,-0.262433,0.5151427,0.2144288,0.8298483,moving,37.29605,7.046926,4.112118,0.8171961
05/15/2023 14:22:46.230976,749,True,True,True,True,Eyes,1.285762,-0.3072316,-3.327306,0.6025906,0.1008264,0.7916557,0,0,0,0,0,0,0,-2.798515,-0.61796,2.180707,1.290265,-0.3067997,-3.348154,-0.1260812,0.2631902,-0.0455915,0.9553826,347.4722,31.79873,350.9542,0.3598028,-0.08641805,-0.929017,0,0,0,1.826591,-0.1019576,-2.613084,0.06714329,0.01387818,0.9301791,0.8573047,-0.1534813,-0.4913982,0.02074796,0.9640499,-0.2649101,0.5143911,0.2169131,0.8296689,moving,37.27758,7.258198,4.128631,0.854784
05/15/2023 14:22:46.245840,750,True,True,True,True,Eyes,1.285607,-0.3070321,-3.327578,0.6021378,0.1037451,0.7916231,0,0,0,0,0,0,0,-2.796095,-0.6230552,2.182672,1.290099,-0.3066787,-3.348432,-0.1269893,0.262734,-0.04548736,0.9553929,347.3645,31.75769,350.9406,0.3597346,-0.08635741,-0.9290491,0,0,0,1.826585,-0.09896764,-2.613089,0.06761724,0.01497592,0.9310709,0.8578035,-0.1536454,-0.4904755,0.02018777,0.9636093,-0.2665515,0.5135812,0.2187472,0.8296891,moving,37.25797,7.466271,4.153704,0.9215013
05/15/2023 14:22:46.262552,751,True,True,True,True,Eyes,1.285462,-0.3068365,-3.327855,0.6015593,0.1067525,0.7916631,0,0,0,0,0,0,0,-2.793425,-0.6274509,2.184756,1.28998,-0.3064791,-3.348448,-0.1278868,0.2622254,-0.04522617,0.9554254,347.2526,31.70836,350.9457,0.3596672,-0.08629683,-0.9290808,0,0,0,1.826578,-0.09578573,-2.613094,0.06830806,0.0161808,0.9317441,0.858385,-0.1534907,-0.4895058,0.01935017,0.9631991,-0.2680914,0.5126411,0.2206536,0.8297658,moving,37.23003,7.679772,4.192969,0.9949065
05/15/2023 14:22:46.280787,752,True,True,True,True,Eyes,1.285318,-0.3066467,-3.328135,0.6009577,0.1096891,0.7917185,0,0,0,0,0,0,0,-2.790971,-0.6314581,2.187008,1.289803,-0.3063706,-3.348702,-0.1287035,0.2617425,-0.04498939,0.9554593,347.1505,31.66108,350.9507,0.3596005,-0.08623639,-0.9291123,0,0,0,1.826572,-0.09300899,-2.613098,0.06892365,0.01717111,0.932584,0.8589337,-0.1533454,-0.4885879,0.01859672,0.9628227,-0.2694932,0.5117491,0.2223907,0.8298526,moving,37.20049,7.887862,4.226823,1.054834
05/15/2023 14:22:46.296038,753,True,True,True,True,Eyes,1.285182,-0.3064591,-3.328418,0.6002188,0.1126607,0.7918617,0,0,0,0,0,0,0,-2.78816,-0.633235,2.190514,1.289719,-0.3063219,-3.349024,-0.1291955,0.2611191,-0.0446646,0.9555786,347.0802,31.59033,350.9787,0.3595346,-0.08617625,-0.9291434,0,0,0,1.826566,-0.08998811,-2.613102,0.06967282,0.01897863,0.9334725,0.8596438,-0.1528319,-0.4874987,0.01789025,0.9626272,-0.2702385,0.5105805,0.2235874,0.8302507,moving,37.16156,8.09731,4.268546,1.164732
05/15/2023 14:22:46.310492,754,True,True,True,True,Eyes,1.285048,-0.3062741,-3.328705,0.5994587,0.1155871,0.7920157,0,0,0,0,0,0,0,-2.784993,-0.6350107,2.194313,1.289536,-0.3061715,-3.349297,-0.1296997,0.2604427,-0.04429821,0.9557119,347.0067,31.51287,351.0118,0.3594694,-0.0861164,-0.9291741,0,0,0,1.826559,-0.0868148,-2.613107,0.07064113,0.02080961,0.9343786,0.8604145,-0.1522314,-0.4863256,0.01711396,0.9624313,-0.2709854,0.5093074,0.2248368,0.8306951,moving,37.12125,8.303155,4.323465,1.275827
05/15/2023 14:22:46.320806,755,True,True,True,True,Eyes,1.284937,-0.3060924,-3.329004,0.5986267,0.1185839,0.792202,0,0,0,0,0,0,0,-2.781632,-0.638806,2.197936,1.289474,-0.3060609,-3.349635,-0.130515,0.2597273,-0.0439861,0.9558102,346.9003,31.43654,351.0287,0.359405,-0.08605689,-0.9292045,0,0,0,1.826552,-0.08386111,-2.613112,0.07156438,0.02193046,0.9352486,0.8612139,-0.1518813,-0.4850183,0.0162881,0.9620621,-0.2723438,0.5079817,0.2266463,0.8310152,moving,37.07648,8.513335,4.375695,1.343271
05/15/2023 14:22:46.341111,756,True,True,True,True,Eyes,1.284827,-0.3059117,-3.329303,0.5977785,0.1215402,0.7923943,0,0,0,0,0,0,0,-2.778571,-0.6430169,2.200854,1.289307,-0.3058952,-3.349895,-0.1313875,0.2591133,-0.04369306,0.9558706,346.7891,31.37363,351.0403,0.3593417,-0.08599772,-0.9292344,0,0,0,1.826546,-0.08096306,-2.613116,0.07243386,0.02285689,0.9361061,0.8619025,-0.1516183,-0.483876,0.01544133,0.9616565,-0.2738218,0.5068389,0.228536,0.8311953,moving,37.03073,8.720267,4.424606,1.398712
05/15/2023 14:22:46.360764,757,True,True,True,True,Eyes,1.284714,-0.305728,-3.3296,0.5969554,0.1245632,0.7925455,0,0,0,0,0,0,0,-2.775178,-0.6475878,2.204157,1.289225,-0.3057545,-3.350181,-0.1323007,0.2584169,-0.04342592,0.9559453,346.6735,31.30178,351.0488,0.3592795,-0.0859389,-0.9292639,0,0,0,1.82654,-0.07795691,-2.613121,0.07335001,0.02385688,0.9369668,0.8626698,-0.1514031,-0.4825743,0.01464815,0.9612215,-0.2753884,0.5055554,0.2305004,0.8314345,moving,36.98753,8.932026,4.476244,1.45854
05/15/2023 14:22:46.370703,758,True,True,True,True,Eyes,1.2846,-0.3055439,-3.329893,0.5961193,0.1275702,0.7926964,0,0,0,0,0,0,0,-2.771672,-0.6542572,2.206843,1.289044,-0.3055437,-3.35043,-0.1334918,0.2577572,-0.04326472,0.9559652,346.5308,31.24037,351.0355,0.3592181,-0.0858803,-0.9292931,0,0,0,1.826534,-0.07498731,-2.613125,0.07428202,0.02432379,0.9378486,0.8633788,-0.1515361,-0.4812628,0.01390219,0.9606162,-0.2775306,0.5043648,0.2329234,0.8314824,moving,36.9437,9.142333,4.528641,1.485675
05/15/2023 14:22:46.390808,759,True,True,True,True,Eyes,1.284498,-0.3053613,-3.330194,0.5952912,0.1306209,0.7928219,0,0,0,0,0,0,0,-2.767969,-0.6621364,2.209352,1.288936,-0.3053799,-3.350627,-0.1348274,0.2570723,-0.04320394,0.9559649,346.3749,31.17971,351.0065,0.3591575,-0.08582191,-0.9293219,0,0,0,1.826527,-0.07199412,-2.61313,0.07518169,0.02467528,0.9386768,0.8640945,-0.1519236,-0.479854,0.01328212,0.95991,-0.2799936,0.5031543,0.2355674,0.8314708,moving,36.9011,9.355687,4.579231,1.505805
05/15/2023 14:22:46.410945,760,True,True,True,True,Eyes,1.284391,-0.3051845,-3.330494,0.5944426,0.1336493,0.7929539,0,0,0,0,0,0,0,-2.763691,-0.6704875,2.212421,1.288708,-0.3052242,-3.350884,-0.1361503,0.2562975,-0.04326276,0.9559829,346.2233,31.10958,350.9658,0.3590979,-0.08576372,-0.9293504,0,0,0,1.826521,-0.06899818,-2.613134,0.0762879,0.02512881,0.9396108,0.8648799,-0.1525069,-0.4782515,0.01292699,0.9591829,-0.2824909,0.5018124,0.2381384,0.8315495,moving,36.85728,9.567065,4.641717,1.531945
05/15/2023 14:22:46.420633,761,True,True,True,True,Eyes,1.284286,-0.3050083,-3.330795,0.5936111,0.1366762,0.7930608,0,0,0,0,0,0,0,-2.759464,-0.6777294,2.215759,1.288485,-0.3052112,-3.351149,-0.1373995,0.255505,-0.04318724,0.9560196,346.0754,31.03447,350.9432,0.3590389,-0.08570588,-0.9293784,0,0,0,1.826514,-0.0657709,-2.613139,0.07740444,0.02598593,0.9406375,0.8657041,-0.1527882,-0.4766677,0.01236317,0.9585124,-0.2847824,0.5004033,0.2406442,0.8316771,moving,36.81509,9.778305,4.704233,1.582443
05/15/2023 14:22:46.440913,762,True,True,True,True,Eyes,1.284178,-0.304827,-3.331086,0.5927491,0.1396754,0.793183,0,0,0,0,0,0,0,-2.755182,-0.6850067,2.218987,1.288269,-0.3050696,-3.351337,-0.1386854,0.2547071,-0.04304326,0.9560533,345.9213,30.95855,350.9273,0.3589807,-0.08564837,-0.9294062,0,0,0,1.826508,-0.06291591,-2.613144,0.07866251,0.02627328,0.9414837,0.8665431,-0.1529516,-0.4750882,0.011655,0.9578273,-0.287108,0.4989661,0.2432544,0.8317813,moving,36.77092,9.987098,4.776063,1.598496
05/15/2023 14:22:46.460701,763,True,True,True,True,Eyes,1.284067,-0.3046456,-3.331375,0.5918555,0.1426777,0.7933159,0,0,0,0,0,0,0,-2.750204,-0.6919694,2.222937,1.288114,-0.304789,-3.351382,-0.1398385,0.2537704,-0.04297181,0.9561378,345.7827,30.86452,350.9099,0.3589231,-0.08559103,-0.9294338,0,0,0,1.826502,-0.06005499,-2.613148,0.08019835,0.02677698,0.9421238,0.8675081,-0.1531477,-0.4732607,0.0112002,0.9571973,-0.2892196,0.4972972,0.2455997,0.8320916,moving,36.72488,10.19563,4.865577,1.628019
05/15/2023 14:22:46.471032,764,True,True,True,True,Eyes,1.283974,-0.3044693,-3.331675,0.5910008,0.1457983,0.7933857,0,0,0,0,0,0,0,-2.744807,-0.7013473,2.22684,1.287939,-0.3046382,-3.351578,-0.1413955,0.2527693,-0.04293235,0.9561757,345.5998,30.77032,350.8764,0.358866,-0.08553386,-0.9294611,0,0,0,1.826495,-0.0570189,-2.613153,0.0817436,0.02682972,0.9429891,0.8685291,-0.1535826,-0.4712427,0.01062086,0.9563282,-0.2921019,0.4955245,0.248694,0.83223,moving,36.68279,10.41291,4.954336,1.629727
05/15/2023 14:22:46.490852,765,True,True,True,True,Eyes,1.283974,-0.3044693,-3.331675,0.5910008,0.1457983,0.7933857,0,0,0,0,0,0,0,-2.740427,-0.7099581,2.229834,1.287789,-0.304602,-3.351859,-0.1426707,0.2519804,-0.04313653,0.9561853,345.4574,30.7002,350.8219,0.3588097,-0.08547693,-0.9294881,0,0,0,1.826489,-0.05399996,-2.613157,0.08272254,0.02756821,0.9439685,0.8692902,-0.1543935,-0.4695713,0.01059258,0.9555686,-0.2945784,0.4941885,0.2511001,0.8323019,moving,36.68279,10.41291,5.008192,1.672824
05/15/2023 14:22:46.510639,766,True,True,True,True,Eyes,1.283974,-0.3044693,-3.331675,0.5910008,0.1457983,0.7933857,0,0,0,0,0,0,0,-2.736356,-0.7166502,2.232769,1.287509,-0.3044676,-3.352031,-0.1439106,0.2512328,-0.0429157,0.956206,345.3062,30.62887,350.8162,0.358759,-0.0854257,-0.9295124,0,0,0,1.826482,-0.05100682,-2.613162,0.08394894,0.0280087,0.9448967,0.8700806,-0.1543826,-0.4681087,0.009762355,0.9548959,-0.2967801,0.4928128,0.2536528,0.8323436,moving,36.68279,10.41291,5.077088,1.697869
05/15/2023 14:22:46.520935,767,True,True,True,True,Eyes,1.283888,-0.3042797,-3.331992,0.5900494,0.149277,0.793447,0,0,0,0,0,0,0,-2.731634,-0.7214894,2.236778,1.287389,-0.3042736,-3.351954,-0.144922,0.2503076,-0.04255256,0.9563122,345.1743,30.53001,350.8373,0.3587134,-0.08537959,-0.9295343,0,0,0,1.826476,-0.04797014,-2.613166,0.08554968,0.02885722,0.945495,0.8710707,-0.1539372,-0.4664109,0.008836916,0.9543738,-0.2984837,0.4910781,0.2558789,0.8326874,moving,36.63646,10.65493,5.170123,1.748168
05/15/2023 14:22:46.540983,768,True,True,True,True,Eyes,1.283799,-0.3040971,-3.332308,0.5890626,0.1527151,0.793526,0,0,0,0,0,0,0,-2.726131,-0.7265733,2.24196,1.287137,-0.3040855,-3.352148,-0.1459701,0.2492169,-0.04216173,0.9564549,345.0359,30.41135,350.8632,0.3586676,-0.08533221,-0.9295563,0,0,0,1.826469,-0.04483209,-2.613171,0.08745226,0.02966964,0.9463876,0.8722267,-0.153408,-0.4644208,0.007895164,0.9538302,-0.3002425,0.4890381,0.2582128,0.8331674,moving,36.58781,10.89346,5.279503,1.795658
05/15/2023 14:22:46.561082,769,True,True,True,True,Eyes,1.283692,-0.3039138,-3.332613,0.5882733,0.1560617,0.7934602,0,0,0,0,0,0,0,-2.721364,-0.730868,2.246688,1.287029,-0.3040806,-3.352416,-0.1470176,0.2482211,-0.04162301,0.9565771,344.8941,30.30205,350.9046,0.3586213,-0.0852839,-0.9295786,0,0,0,1.826463,-0.04182385,-2.613176,0.0890595,0.03039661,0.9473056,0.8733076,-0.152617,-0.4626467,0.006645486,0.9533067,-0.3019307,0.487124,0.2606039,0.8335442,moving,36.55333,11.12718,5.37079,1.837844
05/15/2023 14:22:46.581157,770,True,True,True,True,Eyes,1.28358,-0.3037315,-3.332907,0.5874626,0.1593505,0.7934073,0,0,0,0,0,0,0,-2.717103,-0.7338483,2.251039,1.286829,-0.3039766,-3.352614,-0.1477618,0.2473488,-0.04118177,0.9567077,344.79,30.20352,350.9435,0.3585744,-0.08523475,-0.9296013,0,0,0,1.826457,-0.0388364,-2.61318,0.09053263,0.0316149,0.9481905,0.8742453,-0.1518952,-0.4611106,0.005700411,0.952941,-0.3031021,0.485451,0.2623571,0.8339701,moving,36.51736,11.35638,5.454031,1.909669
05/15/2023 14:22:46.596217,771,True,True,True,True,Eyes,1.28347,-0.3035538,-3.333203,0.5867358,0.1625975,0.7932863,0,0,0,0,0,0,0,-2.713418,-0.7378079,2.254082,1.286618,-0.3038315,-3.352638,-0.1486109,0.2466416,-0.04084767,0.9567728,344.6791,30.12837,350.9641,0.3585269,-0.08518492,-0.9296242,0,0,0,1.82645,-0.03589245,-2.613185,0.09175295,0.03265089,0.9489558,0.8749988,-0.1514712,-0.4598191,0.004856596,0.9524925,-0.3045233,0.4841008,0.2642244,0.8341654,moving,36.48763,11.58331,5.522666,1.970609
05/15/2023 14:22:46.610941,772,True,True,True,True,Eyes,1.283359,-0.3033814,-3.333495,0.5859826,0.1657679,0.7931868,0,0,0,0,0,0,0,-2.709407,-0.7407926,2.258093,1.286356,-0.3037658,-3.352858,-0.1492977,0.2458403,-0.04049845,0.9568869,344.5849,30.03862,350.9937,0.3584788,-0.0851346,-0.9296473,0,0,0,1.826444,-0.03272897,-2.613189,0.09307346,0.03421018,0.9499643,0.8758448,-0.1509117,-0.4583901,0.004098087,0.9521402,-0.3056343,0.4825754,0.2658097,0.8345455,moving,36.45587,11.80433,5.595737,2.062448
05/15/2023 14:22:46.620806,773,True,True,True,True,Eyes,1.28325,-0.3032079,-3.333789,0.585345,0.1688339,0.793011,0,0,0,0,0,0,0,-2.705751,-0.7435572,2.261799,1.28625,-0.3037295,-3.35306,-0.1498736,0.2450941,-0.04026365,0.9569982,344.507,29.95515,351.0132,0.3584303,-0.08508398,-0.9296706,0,0,0,1.826437,-0.02974469,-2.613194,0.09414455,0.03589311,0.9508516,0.8766155,-0.1505307,-0.4570404,0.003598214,0.9518335,-0.3065943,0.4811782,0.2671207,0.8349336,moving,36.43214,12.01896,5.654471,2.161797
05/15/2023 14:22:46.641347,774,True,True,True,True,Eyes,1.283139,-0.3030381,-3.334082,0.5846978,0.1718497,0.7928405,0,0,0,0,0,0,0,-2.702376,-0.7483366,2.264667,1.286191,-0.3035732,-3.353374,-0.1507418,0.2444221,-0.04007652,0.9570416,344.3987,29.88661,351.0164,0.3583815,-0.08503307,-0.9296941,0,0,0,1.826431,-0.02685556,-2.613199,0.09499297,0.03681923,0.951795,0.8773034,-0.150399,-0.4557618,0.003020545,0.9513416,-0.3081235,0.4799266,0.2689411,0.8350695,moving,36.40774,12.22979,5.699475,2.215325
05/15/2023 14:22:46.660704,775,True,True,True,True,Eyes,1.283017,-0.3028664,-3.334372,0.5841972,0.1747743,0.7925702,0,0,0,0,0,0,0,-2.700052,-0.7523521,2.266387,1.286017,-0.3035019,-3.353636,-0.1515858,0.2439737,-0.03978201,0.9570351,344.2921,29.84318,351.029,0.3583322,-0.084982,-0.9297178,0,0,0,1.826425,-0.02385097,-2.613203,0.09554559,0.03788552,0.9528492,0.8777885,-0.1501114,-0.4549219,0.002179687,0.9508784,-0.3095573,0.4790435,0.2707343,0.8349972,moving,36.39363,12.43561,5.726112,2.276895
05/15/2023 14:22:46.670855,776,True,True,True,True,Eyes,1.282896,-0.3026976,-3.334651,0.5836815,0.1776619,0.7923082,0,0,0,0,0,0,0,-2.697644,-0.7570385,2.267956,1.285774,-0.303346,-3.35392,-0.1525117,0.2435312,-0.0395134,0.9570118,344.1771,29.80233,351.0359,0.3582823,-0.08493075,-0.9297417,0,0,0,1.826418,-0.02080059,-2.613208,0.0961338,0.03876989,0.9539594,0.8782624,-0.1499123,-0.454072,0.001346831,0.9503577,-0.3111565,0.478177,0.2726655,0.8348655,moving,36.37851,12.63857,5.754468,2.327278
05/15/2023 14:22:46.696116,777,True,True,True,True,Eyes,1.28277,-0.3025272,-3.334932,0.5832324,0.1804794,0.792002,0,0,0,0,0,0,0,-2.695039,-0.7621388,2.269303,1.285686,-0.3032633,-3.353933,-0.1534896,0.2430567,-0.03930571,0.9569846,344.0578,29.75943,351.0347,0.3582321,-0.08487944,-0.9297658,0,0,0,1.826412,-0.017872,-2.613212,0.09675473,0.03963789,0.9547607,0.878757,-0.1498433,-0.453137,0.0006165648,0.949792,-0.3128814,0.477269,0.2746673,0.8347288,moving,36.36803,12.83721,5.786557,2.377329
05/15/2023 14:22:46.710584,778,True,True,True,True,Eyes,1.282643,-0.3023616,-3.335217,0.5827726,0.1832783,0.7916977,0,0,0,0,0,0,0,-2.692002,-0.7686503,2.271028,1.285452,-0.3031056,-3.354252,-0.1545827,0.2425228,-0.03923187,0.9569471,343.9292,29.71344,351.0154,0.3581813,-0.08482803,-0.92979,0,0,0,1.826406,-0.01488526,-2.613217,0.09742829,0.04027572,0.9558873,0.8792871,-0.1500653,-0.4520338,0.0001060177,0.9491301,-0.3148841,0.476292,0.2768256,0.8345738,moving,36.35697,13.03438,5.819744,2.412695
05/15/2023 14:22:46.722526,779,True,True,True,True,Eyes,1.282514,-0.3021983,-3.335494,0.5824155,0.1860122,0.7913227,0,0,0,0,0,0,0,-2.689775,-0.7752016,2.271879,1.285307,-0.3030768,-3.354608,-0.1557775,0.2421268,-0.03906376,0.9568605,343.7877,29.68472,351.0013,0.35813,-0.08477666,-0.9298145,0,0,0,1.826399,-0.01176543,-2.613221,0.09773612,0.04087389,0.9571174,0.8796973,-0.150193,-0.4511926,-0.000678699,0.9484147,-0.3170315,0.4755336,0.279198,0.8342159,moving,36.35316,13.22808,5.830553,2.445342
05/15/2023 14:22:46.740531,780,True,True,True,True,Eyes,1.282379,-0.3020341,-3.335773,0.5820394,0.1887373,0.7909541,0,0,0,0,0,0,0,-2.6873,-0.7818717,2.27261,1.285167,-0.3030166,-3.354726,-0.1570312,0.2416996,-0.03884829,0.9567724,343.6379,29.65264,350.9911,0.3580782,-0.08472542,-0.9298391,0,0,0,1.826393,-0.008876564,-2.613226,0.09826398,0.04116032,0.9580796,0.8801442,-0.1502467,-0.4503022,-0.001570803,0.947664,-0.3192655,0.4747037,0.281707,0.8338451,moving,36.34824,13.42094,5.855978,2.459987
05/15/2023 14:22:46.760769,781,True,True,True,True,Eyes,1.282232,-0.3018703,-3.336036,0.5817983,0.1914128,0.7904884,0,0,0,0,0,0,0,-2.684525,-0.7891145,2.273692,1.284917,-0.3028584,-3.355044,-0.1583116,0.2412267,-0.03869118,0.9566872,343.4864,29.61646,350.9742,0.358026,-0.08467425,-0.9298639,0,0,0,1.826386,-0.005811719,-2.61323,0.09885159,0.04144743,0.9592829,0.8806253,-0.1504087,-0.4493065,-0.002347247,0.9468809,-0.3215759,0.4738075,0.2842426,0.8334942,moving,36.35301,13.61188,5.883414,2.474022
05/15/2023 14:22:46.771056,782,True,True,True,True,Eyes,1.28208,-0.3017043,-3.336303,0.5815197,0.1940896,0.7900406,0,0,0,0,0,0,0,-2.681071,-0.7966855,2.274998,1.28474,-0.30279,-3.355031,-0.1596874,0.2406332,-0.03851173,0.9566151,343.3225,29.56712,350.9588,0.3579731,-0.08462321,-0.9298889,0,0,0,1.82638,-0.002872438,-2.613235,0.09976971,0.04163373,0.9601547,0.881225,-0.150534,-0.448087,-0.003170344,0.9460336,-0.3240531,0.4726864,0.2869843,0.8331912,moving,36.35541,13.80253,5.932317,2.482874
05/15/2023 14:22:46.791064,783,True,True,True,True,Eyes,1.28192,-0.3015342,-3.33655,0.5813456,0.1967327,0.7895147,0,0,0,0,0,0,0,-2.677147,-0.8049261,2.277077,1.284487,-0.3026015,-3.355388,-0.1610756,0.2399406,-0.03840947,0.9565604,343.1585,29.50727,350.9361,0.3579194,-0.08457223,-0.9299142,0,0,0,1.826373,0.0002310541,-2.61324,0.1007427,0.04177997,0.9613724,0.8819064,-0.1507791,-0.4466617,-0.003815201,0.9451587,-0.3265891,0.4714091,0.2897251,0.8329663,moving,36.36544,13.99212,5.982221,2.488433
05/15/2023 14:22:46.810725,784,True,True,True,True,Eyes,1.281757,-0.3013647,-3.3368,0.5811353,0.199399,0.7890005,0,0,0,0,0,0,0,-2.673666,-0.8126017,2.278146,1.284333,-0.3024024,-3.355265,-0.1624653,0.2393518,-0.03821283,0.9564809,342.9925,29.45865,350.9224,0.3578651,-0.08452123,-0.9299397,0,0,0,1.826367,0.003229462,-2.613244,0.1016983,0.04188609,0.9621382,0.8825009,-0.1508724,-0.4454543,-0.00467302,0.9442896,-0.3290825,0.4702874,0.2924972,0.8326315,moving,36.37336,14.18302,6.033776,2.492763
05/15/2023 14:22:46.820827,785,True,True,True,True,Eyes,1.281573,-0.301199,-3.337037,0.5810072,0.20201,0.7884305,0,0,0,0,0,0,0,-2.670235,-0.8210031,2.279448,1.284112,-0.3022763,-3.355558,-0.1640566,0.2387408,-0.03788653,0.9563749,342.7999,29.40915,350.9172,0.3578101,-0.08447023,-0.9299656,0,0,0,1.826361,0.00625695,-2.613249,0.1026027,0.04149404,0.9633273,0.8831348,-0.1508014,-0.4442204,-0.005866545,0.9433001,-0.3318893,0.4690825,0.2957091,0.8321766,moving,36.3871,14.37105,6.079578,2.466415
05/15/2023 14:22:46.840727,786,True,True,True,True,Eyes,1.281386,-0.3010334,-3.33728,0.5808391,0.2046105,0.7878836,0,0,0,0,0,0,0,-2.666445,-0.8288711,2.281099,1.283814,-0.3022674,-3.355715,-0.1655488,0.2380781,-0.03760098,0.9562943,342.6191,29.35218,350.9118,0.357754,-0.08441938,-0.9299917,0,0,0,1.826354,0.009235685,-2.613253,0.1037122,0.04142171,0.964449,0.8838099,-0.1507423,-0.4428959,-0.006911888,0.9423596,-0.3345306,0.4677951,0.2987227,0.8318248,moving,36.39817,14.55792,6.137726,2.459261
05/15/2023 14:22:46.860885,787,True,True,True,True,Eyes,1.28117,-0.3008632,-3.337505,0.5807681,0.2071416,0.7872742,0,0,0,0,0,0,0,-2.662813,-0.8359083,2.283176,1.283575,-0.3021261,-3.356093,-0.1667423,0.2374263,-0.03748859,0.9562533,342.4767,29.29372,350.8965,0.3576969,-0.08436867,-0.9300182,0,0,0,1.826348,0.01224527,-2.613258,0.1046029,0.04183578,0.9656833,0.8844467,-0.1508752,-0.4415775,-0.007480832,0.9415833,-0.3366972,0.4665813,0.3010941,0.8316515,moving,36.416,14.74112,6.182182,2.480644
05/15/2023 14:22:46.871098,788,True,True,True,True,Eyes,1.280953,-0.300692,-3.337735,0.5806569,0.2096866,0.7866823,0,0,0,0,0,0,0,-2.659405,-0.8430132,2.284735,1.28349,-0.3019726,-3.356276,-0.1680215,0.2368036,-0.03728607,0.9561919,342.3223,29.23901,350.8883,0.3576382,-0.084318,-0.9300454,0,0,0,1.826342,0.01519321,-2.613262,0.1054354,0.04201925,0.9666791,0.8850676,-0.1508814,-0.4403295,-0.008270887,0.940757,-0.3389804,0.465389,0.3036625,0.8313857,moving,36.43135,14.92493,6.224628,2.488945
05/15/2023 14:22:46.891125,789,True,True,True,True,Eyes,1.28073,-0.3005217,-3.337962,0.5805094,0.2122378,0.7861069,0,0,0,0,0,0,0,-2.655958,-0.850933,2.286127,1.283289,-0.3018037,-3.356585,-0.1694595,0.2361894,-0.03704245,0.9560994,342.149,29.18777,350.8794,0.3575782,-0.08426735,-0.930073,0,0,0,1.826335,0.01826359,-2.613267,0.1062943,0.04193011,0.9678873,0.8856848,-0.1508816,-0.4390866,-0.009216547,0.9398227,-0.3415383,0.4641954,0.3065422,0.8309961,moving,36.44443,15.10883,6.267164,2.480575
05/15/2023 14:22:46.910923,790,True,True,True,True,Eyes,1.280504,-0.3003525,-3.338195,0.5803199,0.2147922,0.7855528,0,0,0,0,0,0,0,-2.651919,-0.8592178,2.287896,1.283017,-0.3017036,-3.35682,-0.1708922,0.2354904,-0.03690748,0.956022,341.9787,29.12799,350.8599,0.3575168,-0.08421674,-0.9301012,0,0,0,1.826329,0.02120701,-2.613272,0.1073779,0.04189986,0.9690391,0.8863642,-0.1510556,-0.4376536,-0.009918202,0.9388674,-0.344136,0.4628824,0.3093706,0.8306803,moving,36.45479,15.29249,6.323073,2.475845
05/15/2023 14:22:46.920601,791,True,True,True,True,Eyes,1.280267,-0.300184,-3.338422,0.5801312,0.2173207,0.7849965,0,0,0,0,0,0,0,-2.647919,-0.8672436,2.289854,1.282749,-0.3015858,-3.357174,-0.1722441,0.2347895,-0.03680836,0.9559556,341.8183,29.06709,350.8392,0.3574541,-0.08416619,-0.9301299,0,0,0,1.826322,0.024327,-2.613276,0.1083727,0.04214448,0.970337,0.8870381,-0.1512565,-0.4362165,-0.01050792,0.9379542,-0.3465999,0.4615766,0.3120311,0.8304117,moving,36.46528,15.47437,6.372703,2.486954
05/15/2023 14:22:46.941069,792,True,True,True,True,Eyes,1.280031,-0.3000167,-3.338657,0.579902,0.21985,0.7844613,0,0,0,0,0,0,0,-2.644288,-0.8749106,2.291452,1.282614,-0.3015205,-3.357449,-0.173641,0.2341273,-0.03657828,0.9558741,341.6495,29.00961,350.8315,0.3573898,-0.08411574,-0.9301592,0,0,0,1.826316,0.02719458,-2.613281,0.1092952,0.04204735,0.9714622,0.8876929,-0.1512366,-0.4348895,-0.01137971,0.9370217,-0.3490857,0.4602954,0.3148299,0.8300664,moving,36.47314,15.65585,6.41912,2.47836
05/15/2023 14:22:46.960791,793,True,True,True,True,Eyes,1.279786,-0.2998476,-3.338882,0.5797333,0.2222971,0.7838963,0,0,0,0,0,0,0,-2.640593,-0.8820174,2.293446,1.282444,-0.3014039,-3.357838,-0.1749065,0.2334447,-0.03637215,0.9558182,341.4957,28.94751,350.8259,0.3573243,-0.08406538,-0.9301889,0,0,0,1.82631,0.03018799,-2.613285,0.1102234,0.04223758,0.9727117,0.8883613,-0.1511923,-0.4335379,-0.01213168,0.9361696,-0.3513394,0.4589848,0.3173759,0.8298226,moving,36.48491,15.83226,6.464929,2.486364
05/15/2023 14:22:46.970975,794,True,True,True,True,Eyes,1.279541,-0.2996786,-3.339113,0.5795365,0.22473,0.7833479,0,0,0,0,0,0,0,-2.637383,-0.889688,2.294408,1.282389,-0.3012839,-3.358028,-0.176128,0.2328949,-0.03640299,0.9557268,341.3549,28.90501,350.792,0.3572574,-0.08401509,-0.9302191,0,0,0,1.826303,0.03327321,-2.61329,0.110759,0.04278719,0.9738101,0.8888696,-0.1516213,-0.4323447,-0.01245601,0.9353075,-0.3536167,0.457991,0.3197044,0.8294777,moving,36.49478,16.00734,6.488811,2.515839
05/15/2023 14:22:46.995819,795,True,True,True,True,Eyes,1.279285,-0.2995085,-3.33934,0.5794132,0.2272468,0.7827127,0,0,0,0,0,0,0,-2.63381,-0.8984982,2.295461,1.282148,-0.3011498,-3.358392,-0.1773564,0.2323365,-0.0366874,0.9556248,341.2206,28.86624,350.7288,0.3571892,-0.08396486,-0.9302498,0,0,0,1.826297,0.03620507,-2.613294,0.1113134,0.04326409,0.9750972,0.8893476,-0.1525315,-0.4310395,-0.01229395,0.9343975,-0.3560199,0.4570664,0.3219246,0.8291289,moving,36.51117,16.18972,6.512479,2.54049
05/15/2023 14:22:47.010728,796,True,True,True,True,Eyes,1.27903,-0.2993388,-3.339571,0.5792517,0.2297585,0.7820988,0,0,0,0,0,0,0,-2.630516,-0.9059049,2.296674,1.282049,-0.301059,-3.358675,-0.1784516,0.2317815,-0.03683206,0.9555501,341.0971,28.82286,350.6862,0.3571197,-0.08391467,-0.930281,0,0,0,1.82629,0.03929975,-2.613299,0.1118035,0.04411635,0.9763108,0.8898415,-0.1531133,-0.4298121,-0.01233381,0.9335968,-0.3581129,0.4561031,0.323965,0.8288647,moving,36.52504,16.3713,6.532841,2.587252
05/15/2023 14:22:47.020758,797,True,True,True,True,Eyes,1.278764,-0.2991724,-3.339799,0.5790995,0.2323409,0.7814484,0,0,0,0,0,0,0,-2.626831,-0.913633,2.298175,1.281848,-0.3009275,-3.359,-0.179709,0.2311465,-0.03679755,0.9554695,340.9495,28.76984,350.6605,0.3570489,-0.08386451,-0.9303126,0,0,0,1.826284,0.04240501,-2.613304,0.1126015,0.04451242,0.977594,0.8904345,-0.1533961,-0.428481,-0.01276033,0.9327012,-0.3604243,0.4549325,0.3264017,0.8285519,moving,36.54063,16.55831,6.570502,2.607027
05/15/2023 14:22:47.041039,798,True,True,True,True,Eyes,1.278499,-0.2990068,-3.340033,0.5789073,0.2348963,0.7808266,0,0,0,0,0,0,0,-2.623218,-0.920302,2.299995,1.281692,-0.3009379,-3.359302,-0.1807302,0.2305176,-0.03687614,0.9554257,340.8315,28.71492,350.6297,0.3569767,-0.08381449,-0.9303448,0,0,0,1.826277,0.04548856,-2.613309,0.1132956,0.0455406,0.9788663,0.8910035,-0.1537878,-0.4271557,-0.01285816,0.9319535,-0.3623498,0.4538142,0.3283474,0.8283964,moving,36.55336,16.74288,6.602131,2.663698
05/15/2023 14:22:47.060857,799,True,True,True,True,Eyes,1.278222,-0.2988391,-3.340259,0.5787681,0.2374635,0.7801529,0,0,0,0,0,0,0,-2.619272,-0.9271911,2.302118,1.281484,-0.3008173,-3.359662,-0.1817617,0.2298319,-0.03695054,0.9553924,340.7116,28.65323,350.6003,0.3569034,-0.08376461,-0.9303775,0,0,0,1.826271,0.04837017,-2.613313,0.1141761,0.0462203,0.9800962,0.891624,-0.1541538,-0.4257268,-0.01294475,0.9311947,-0.3642924,0.4525916,0.3303227,0.82828,moving,36.57042,16.92924,6.644711,2.700008
05/15/2023 14:22:47.080895,800,True,True,True,True,Eyes,1.277949,-0.2986731,-3.340489,0.5785882,0.2400212,0.7795033,0,0,0,0,0,0,0,-2.615839,-0.9341796,2.303474,1.28139,-0.3007075,-3.359898,-0.18288,0.2292337,-0.03694888,0.9553227,340.5807,28.60273,350.575,0.3568286,-0.08371481,-0.9304106,0,0,0,1.826265,0.051293,-2.613317,0.1148582,0.04675919,0.9812214,0.8921733,-0.1544407,-0.4244699,-0.0132483,0.9303793,-0.3663587,0.4514987,0.332479,0.8280137,moving,36.58474,17.11441,6.676453,2.728313
05/15/2023 14:22:47.100786,801,True,True,True,True,Eyes,1.277678,-0.2985119,-3.340716,0.5784183,0.2426043,0.7788295,0,0,0,0,0,0,0,-2.612212,-0.9409562,2.305056,1.281315,-0.3009847,-3.360056,-0.1841458,0.2285682,-0.03676672,0.9552461,340.4274,28.54369,350.5671,0.3567527,-0.08366514,-0.9304442,0,0,0,1.826258,0.05440708,-2.613322,0.1156799,0.0474751,0.9824672,0.8928095,-0.1544223,-0.4231369,-0.01393724,0.929477,-0.3686166,0.4502186,0.3350018,0.8276938,moving,36.6004,17.30174,6.715329,2.766514
05/15/2023 14:22:47.110953,802,True,True,True,True,Eyes,1.277411,-0.2983507,-3.340944,0.5782144,0.2451586,0.7781808,0,0,0,0,0,0,0,-2.608608,-0.9470725,2.306897,1.281265,-0.301038,-3.360252,-0.1852355,0.2278988,-0.03661806,0.9552011,340.2946,28.4812,350.5615,0.3566758,-0.0836157,-0.9304782,0,0,0,1.826251,0.0575124,-2.613327,0.1164971,0.04831102,0.9836466,0.8934425,-0.1543851,-0.4218124,-0.01447466,0.9286939,-0.3705647,0.4489442,0.3371838,0.8275,moving,36.61359,17.48655,6.754298,2.811778
05/15/2023 14:22:47.120831,803,True,True,True,True,Eyes,1.27713,-0.2981874,-3.341175,0.578132,0.2476502,0.7774528,0,0,0,0,0,0,0,-2.604966,-0.9540482,2.30851,1.28103,-0.3005224,-3.360643,-0.1861797,0.2272976,-0.03675463,0.9551556,340.1869,28.42951,350.5264,0.3565982,-0.08356647,-0.9305123,0,0,0,1.826245,0.06042793,-2.613331,0.1172513,0.04881158,0.9848301,0.8939697,-0.1548492,-0.4205232,-0.01442364,0.9279724,-0.3723697,0.4478951,0.3389527,0.8273458,moving,36.63536,17.66879,6.789526,2.837455
05/15/2023 14:22:47.140955,804,True,True,True,True,Eyes,1.276855,-0.2980175,-3.341408,0.5780154,0.2501489,0.7767391,0,0,0,0,0,0,0,-2.601497,-0.960171,2.310534,1.280893,-0.3003931,-3.361154,-0.1870229,0.2266866,-0.03690185,0.9551303,340.0907,28.37478,350.4938,0.3565194,-0.08351739,-0.9305469,0,0,0,1.826239,0.06325702,-2.613336,0.1178392,0.04974389,0.9861622,0.8945029,-0.1552833,-0.4192275,-0.01429905,0.9273214,-0.3739928,0.4468335,0.3405322,0.8272712,moving,36.65502,17.85116,6.814116,2.88766
05/15/2023 14:22:47.160940,805,True,True,True,True,Eyes,1.276583,-0.2978519,-3.341633,0.5779262,0.2526502,0.7759956,0,0,0,0,0,0,0,-2.597755,-0.9702501,2.310828,1.2808,-0.300101,-3.361418,-0.1885337,0.226098,-0.03705856,0.9549667,339.9202,28.33706,350.437,0.3564399,-0.08346823,-0.9305817,0,0,0,1.826233,0.06628069,-2.61334,0.118411,0.04952514,0.9873601,0.8950127,-0.1560335,-0.4178586,-0.0144748,0.9261635,-0.3768445,0.4458057,0.3433291,0.8266695,moving,36.67706,18.03432,6.838643,2.871501
05/15/2023 14:22:47.171142,806,True,True,True,True,Eyes,1.276311,-0.2976902,-3.341856,0.5778061,0.2551251,0.775275,0,0,0,0,0,0,0,-2.59427,-0.9803531,2.310541,1.280721,-0.3001254,-3.361489,-0.1901169,0.2255726,-0.03721684,0.9547709,339.7421,28.30891,350.3762,0.3563597,-0.08341914,-0.9306169,0,0,0,1.826226,0.06929711,-2.613345,0.1188724,0.04950857,0.9885275,0.8954638,-0.1568374,-0.4165893,-0.01470321,0.9249409,-0.3798264,0.4448914,0.346246,0.8259451,moving,36.69686,18.21518,6.857008,2.867157
05/15/2023 14:22:47.195928,807,True,True,True,True,Eyes,1.276045,-0.2975309,-3.342079,0.5776718,0.2575813,0.7745625,0,0,0,0,0,0,0,-2.590787,-0.9877816,2.311412,1.280484,-0.3000877,-3.36167,-0.1911903,0.2250358,-0.037419,0.9546754,339.6223,28.26961,350.3279,0.356279,-0.08337024,-0.9306521,0,0,0,1.82622,0.07232265,-2.613349,0.1194559,0.05039552,0.9897934,0.8959174,-0.1574953,-0.4153641,-0.01460332,0.9240922,-0.3818905,0.4439807,0.348208,0.8256103,moving,36.71572,18.39458,6.881612,2.914709
05/15/2023 14:22:47.210794,808,True,True,True,True,Eyes,1.27578,-0.2973746,-3.342302,0.5774917,0.2600098,0.7738851,0,0,0,0,0,0,0,-2.58778,-0.9916549,2.313356,1.280346,-0.3000231,-3.36189,-0.1918996,0.2244711,-0.03724097,0.9546729,339.532,28.21168,350.3369,0.356198,-0.08332156,-0.9306875,0,0,0,1.826213,0.07531837,-2.613354,0.1202,0.05166271,0.9909799,0.8964517,-0.1572577,-0.4142998,-0.01504591,0.9235753,-0.3831217,0.4428859,0.3496836,0.8255746,moving,36.73119,18.57131,6.915858,2.984297
05/15/2023 14:22:47.230391,809,True,True,True,True,Eyes,1.275513,-0.2972229,-3.342521,0.5772591,0.2624216,0.7732444,0,0,0,0,0,0,0,-2.584445,-0.9947839,2.315897,1.280147,-0.2999402,-3.362082,-0.192645,0.2238086,-0.03680407,0.9546953,339.4294,28.13733,350.3771,0.3561167,-0.08327316,-0.9307229,0,0,0,1.826207,0.07844213,-2.613359,0.1213165,0.05281734,0.9921862,0.8971103,-0.1565046,-0.4131579,-0.0159579,0.9230667,-0.3843087,0.4415184,0.3513604,0.8255952,moving,36.74287,18.74605,6.971063,3.047167
05/15/2023 14:22:47.241251,810,True,True,True,True,Eyes,1.275249,-0.2970738,-3.342741,0.5769956,0.264781,0.7726365,0,0,0,0,0,0,0,-2.581661,-0.9965239,2.318552,1.280067,-0.2999545,-3.362317,-0.1931393,0.2232158,-0.03641188,0.9547493,339.357,28.06701,350.4192,0.3560352,-0.08322515,-0.9307584,0,0,0,1.826201,0.08131374,-2.613363,0.1221873,0.0543066,0.9933183,0.8976977,-0.1557519,-0.4121651,-0.01669504,0.9227428,-0.3850546,0.4402953,0.3525438,0.8257439,moving,36.75193,18.91649,7.012678,3.129354
05/15/2023 14:22:47.260939,811,True,True,True,True,Eyes,1.274977,-0.2969257,-3.342954,0.5767714,0.267075,0.7720141,0,0,0,0,0,0,0,-2.578994,-0.9986883,2.320782,1.279892,-0.2998709,-3.362524,-0.1936066,0.2226927,-0.03615585,0.9547864,339.2922,28.00738,350.4449,0.3559535,-0.08317756,-0.9307939,0,0,0,1.826194,0.0844698,-2.613368,0.1229233,0.05610222,0.9945558,0.8982014,-0.1552718,-0.4112481,-0.01718734,0.9224184,-0.3858092,0.4392481,0.3536026,0.8258488,moving,36.76339,19.08284,7.045805,3.228595
05/15/2023 14:22:47.280507,812,True,True,True,True,Eyes,1.274707,-0.2967757,-3.34317,0.5765092,0.2693395,0.771423,0,0,0,0,0,0,0,-2.5768,-1.000396,2.322763,1.279781,-0.2998225,-3.362765,-0.1939741,0.2222499,-0.03594728,0.954823,339.2407,27.95642,350.4667,0.3558714,-0.0831304,-0.9308295,0,0,0,1.826188,0.0873764,-2.613372,0.1234456,0.05789232,0.9957321,0.8986256,-0.154868,-0.4104729,-0.01757484,0.9221637,-0.3864003,0.4383642,0.3544432,0.8259581,moving,36.77195,19.24646,7.067167,3.327457
05/15/2023 14:22:47.300571,813,True,True,True,True,Eyes,1.274451,-0.296631,-3.343389,0.5762108,0.2716442,0.7708375,0,0,0,0,0,0,0,-2.573477,-1.00407,2.325076,1.279584,-0.2996292,-3.363005,-0.1946777,0.2216195,-0.03567974,0.9548363,339.1479,27.88828,350.4883,0.3557892,-0.08308356,-0.9308651,0,0,0,1.826181,0.09038647,-2.613377,0.1244407,0.05899298,0.9969242,0.8992235,-0.1544254,-0.4093286,-0.01815212,0.9216551,-0.3875854,0.4371127,0.3559561,0.8259708,moving,36.77858,19.41253,7.115123,3.386528
05/15/2023 14:22:47.311024,814,True,True,True,True,Eyes,1.274202,-0.2964892,-3.343608,0.5758964,0.2739078,0.7702713,0,0,0,0,0,0,0,-2.570494,-1.008658,2.326705,1.279526,-0.2996022,-3.363248,-0.195586,0.2210394,-0.03538845,0.954796,339.0321,27.83018,350.5048,0.355707,-0.08303715,-0.9309006,0,0,0,1.826175,0.09351668,-2.613382,0.1251721,0.05993471,0.9982017,0.8997785,-0.1540419,-0.4082521,-0.01888692,0.9209875,-0.389134,0.435938,0.357845,0.8257754,moving,36.78377,19.57534,7.147446,3.436067
05/15/2023 14:22:47.330534,815,True,True,True,True,Eyes,1.273969,-0.2963521,-3.343832,0.57557,0.2761676,0.7697081,0,0,0,0,0,0,0,-2.568524,-1.012127,2.327614,1.279455,-0.2995459,-3.363446,-0.1962205,0.2206728,-0.03524556,0.9547559,338.9532,27.79558,350.5083,0.3556251,-0.08299118,-0.930936,0,0,0,1.826168,0.09658728,-2.613386,0.1254596,0.06138936,0.9994494,0.9001225,-0.1539029,-0.4075455,-0.01929928,0.9205105,-0.3902409,0.4352092,0.35913,0.825602,moving,36.7883,19.73775,7.154841,3.514873
05/15/2023 14:22:47.341198,816,True,True,True,True,Eyes,1.273737,-0.2962128,-3.344059,0.5752349,0.27841,0.7691506,0,0,0,0,0,0,0,-2.566687,-1.017393,2.327637,1.279341,-0.2995425,-3.363692,-0.1970279,0.2203923,-0.03532566,0.9546515,338.862,27.77988,350.4781,0.3555438,-0.08294573,-0.9309711,0,0,0,1.826162,0.09943464,-2.613391,0.1254965,0.06246108,1.000749,0.9003586,-0.1542943,-0.4068755,-0.01939949,0.9198642,-0.3917569,0.434716,0.3606149,0.8252144,moving,36.79221,19.89877,7.14773,3.571446
05/15/2023 14:22:47.361147,817,True,True,True,True,Eyes,1.273524,-0.2960738,-3.344291,0.5748181,0.2807176,0.7686234,0,0,0,0,0,0,0,-2.564281,-1.024641,2.327393,1.279146,-0.299381,-3.363976,-0.1980955,0.2200516,-0.03547599,0.9545035,338.743,27.76387,350.4322,0.355463,-0.08290068,-0.931006,0,0,0,1.826156,0.1024969,-2.613395,0.1256498,0.06311867,1.00216,0.9006374,-0.1549064,-0.4060248,-0.01945857,0.9189993,-0.3937788,0.4341353,0.3625527,0.824671,moving,36.79113,20.06327,7.146395,3.603877
05/15/2023 14:22:47.380812,818,True,True,True,True,Eyes,1.273309,-0.2959361,-3.344527,0.5743806,0.2830217,0.7681052,0,0,0,0,0,0,0,-2.561772,-1.032311,2.327032,1.279038,-0.299248,-3.364213,-0.1992399,0.2196861,-0.0356284,0.9543439,338.615,27.74664,350.384,0.355383,-0.08285597,-0.9310405,0,0,0,1.826149,0.1054301,-2.6134,0.125802,0.06355554,1.003469,0.9009373,-0.1555439,-0.4051149,-0.01953696,0.9180682,-0.3959408,0.4335093,0.3646326,0.824083,moving,36.78874,20.2272,7.14572,3.624034
05/15/2023 14:22:47.390948,819,True,True,True,True,Eyes,1.273122,-0.2958081,-3.344771,0.5739392,0.2853383,0.7675779,0,0,0,0,0,0,0,-2.55864,-1.039158,2.327731,1.278818,-0.2991655,-3.364512,-0.2004029,0.2191622,-0.0355233,0.9542247,338.4762,27.70498,350.369,0.3553038,-0.08281159,-0.9310747,0,0,0,1.826143,0.1084534,-2.613405,0.1264608,0.06391385,1.004889,0.901412,-0.1556359,-0.404022,-0.02004706,0.9171535,-0.3980294,0.432498,0.366888,0.8236132,moving,36.78648,20.39204,7.172709,3.639274
05/15/2023 14:22:47.410964,820,True,True,True,True,Eyes,1.272937,-0.295675,-3.345021,0.5734869,0.2876407,0.7670565,0,0,0,0,0,0,0,-2.556324,-1.044778,2.328144,1.278841,-0.2992396,-3.364763,-0.2014743,0.2187232,-0.03529524,0.9541082,338.345,27.66928,350.3696,0.3552257,-0.08276773,-0.9311084,0,0,0,1.826136,0.1115037,-2.613409,0.1267945,0.06453568,1.006248,0.9018288,-0.1554852,-0.4031491,-0.02078328,0.9163247,-0.3998964,0.4315935,0.3690168,0.8231365,moving,36.78349,20.55569,7.181835,3.669639
05/15/2023 14:22:47.420650,821,True,True,True,True,Eyes,1.272767,-0.295549,-3.345277,0.5730631,0.2899534,0.7665023,0,0,0,0,0,0,0,-2.553439,-1.052574,2.328253,1.278713,-0.2990142,-3.365146,-0.2026099,0.2182793,-0.03544408,0.9539639,338.217,27.6424,350.3239,0.3551489,-0.0827242,-0.9311416,0,0,0,1.82613,0.114488,-2.613414,0.1270692,0.06488809,1.007668,0.9021957,-0.1560759,-0.4020986,-0.02082633,0.915386,-0.4020384,0.4308239,0.3710915,0.8226068,moving,36.78304,20.72069,7.187192,3.684437
05/15/2023 14:22:47.441132,822,True,True,True,True,Eyes,1.272596,-0.2954214,-3.345537,0.5726407,0.2922564,0.7659431,0,0,0,0,0,0,0,-2.550922,-1.061433,2.327439,1.278698,-0.2990822,-3.365457,-0.203982,0.2179077,-0.03560247,0.9537505,338.0634,27.63005,350.2674,0.3550732,-0.08268113,-0.9311742,0,0,0,1.826124,0.1174152,-2.613418,0.1270707,0.06500918,1.009125,0.9024974,-0.1568102,-0.4011346,-0.02098675,0.9142476,-0.4046119,0.4301836,0.3735798,0.8218152,moving,36.78283,20.88506,7.177002,3.685975
05/15/2023 14:22:47.461121,823,True,True,True,True,Eyes,1.272441,-0.2952966,-3.345808,0.5722516,0.2945658,0.7653489,0,0,0,0,0,0,0,-2.548477,-1.070719,2.326258,1.278495,-0.2989551,-3.365818,-0.205281,0.217618,-0.0359407,0.9535252,337.9239,27.63034,350.1902,0.3549987,-0.08263841,-0.9312065,0,0,0,1.826118,0.1204213,-2.613423,0.1269782,0.06523651,1.010686,0.9027014,-0.1578864,-0.4002526,-0.02080494,0.913136,-0.4071239,0.4297644,0.3758385,0.8210042,moving,36.78548,21.05061,7.160877,3.693134
05/15/2023 14:22:47.471323,824,True,True,True,True,Eyes,1.272288,-0.2951717,-3.346081,0.5718576,0.2968875,0.7647461,0,0,0,0,0,0,0,-2.546003,-1.079837,2.325116,1.278321,-0.2988878,-3.366141,-0.2067216,0.217282,-0.03603645,0.953287,337.7611,27.62306,350.1377,0.3549255,-0.08259607,-0.9312381,0,0,0,1.826111,0.1235287,-2.613427,0.1270657,0.06518841,1.012271,0.9029799,-0.1585399,-0.3993652,-0.02112759,0.9119351,-0.4097901,0.4291632,0.3784699,0.8201095,moving,36.7882,21.21706,7.154654,3.684657
05/15/2023 14:22:47.491536,825,True,True,True,True,Eyes,1.27215,-0.2950501,-3.346366,0.5714357,0.2993116,0.7641164,0,0,0,0,0,0,0,-2.543798,-1.088863,2.323691,1.278204,-0.2987961,-3.36645,-0.2081967,0.2169794,-0.03605897,0.953034,337.5927,27.61932,350.0917,0.3548535,-0.08255406,-0.9312693,0,0,0,1.826104,0.1265307,-2.613432,0.1270996,0.06489515,1.013789,0.9032394,-0.1590796,-0.3985628,-0.02161794,0.9107078,-0.4124852,0.4285922,0.381189,0.8191481,moving,36.79056,21.39075,7.145936,3.662647
05/15/2023 14:22:47.510811,826,True,True,True,True,Eyes,1.272012,-0.2949288,-3.346657,0.5710138,0.301724,0.7634827,0,0,0,0,0,0,0,-2.541551,-1.097738,2.322617,1.27815,-0.2987697,-3.366917,-0.2094774,0.2166804,-0.03633237,0.952811,337.4531,27.61737,350.0227,0.3547828,-0.08251239,-0.9312999,0,0,0,1.826098,0.1295319,-2.613436,0.1268629,0.06513643,1.015423,0.9034591,-0.1600151,-0.3976894,-0.02154352,0.9095984,-0.4149297,0.4281326,0.3834397,0.8183377,moving,36.79306,21.56365,7.121405,3.670327
05/15/2023 14:22:47.520819,827,True,True,True,True,Eyes,1.271921,-0.2948175,-3.346972,0.5703329,0.3043828,0.7629362,0,0,0,0,0,0,0,-2.53933,-1.10652,2.321404,1.278016,-0.2986899,-3.367337,-0.2107705,0.2163989,-0.03655892,0.9525812,337.311,27.61706,349.9583,0.3547133,-0.08247101,-0.9313301,0,0,0,1.826092,0.1324237,-2.613441,0.1267313,0.06517822,1.017004,0.90367,-0.1608716,-0.3968638,-0.02157031,0.9084786,-0.4173746,0.427686,0.3857294,0.8174947,moving,36.77995,21.75014,7.103152,3.666985
05/15/2023 14:22:47.541170,828,True,True,True,True,Eyes,1.271828,-0.2947044,-3.347292,0.5696672,0.3070307,0.7623723,0,0,0,0,0,0,0,-2.537385,-1.114712,2.320268,1.278001,-0.2987262,-3.367792,-0.2119785,0.2161387,-0.03678814,0.9523633,337.1787,27.61775,349.8958,0.3546456,-0.08243011,-0.9313595,0,0,0,1.826085,0.1355714,-2.613446,0.1263766,0.06570226,1.018706,0.9038613,-0.1617048,-0.3960886,-0.02156214,0.9074236,-0.4196637,0.4272817,0.3878583,0.8166984,moving,36.76817,21.93616,7.071757,3.690226
05/15/2023 14:22:47.560709,829,True,True,True,True,Eyes,1.271764,-0.2945965,-3.347627,0.5689017,0.3097721,0.7618347,0,0,0,0,0,0,0,-2.535577,-1.124141,2.318224,1.277888,-0.2986055,-3.368211,-0.2134148,0.2159427,-0.03697401,0.9520798,337.0202,27.63097,349.8289,0.3545797,-0.08238956,-0.9313883,0,0,0,1.826079,0.1384883,-2.61345,0.1260678,0.06538194,1.020324,0.9040034,-0.1625751,-0.3954077,-0.0217663,0.9061741,-0.4223443,0.4269709,0.3904073,0.8156458,moving,36.75061,22.12731,7.043577,3.666477
05/15/2023 14:22:47.570775,830,True,True,True,True,Eyes,1.271696,-0.2944888,-3.34797,0.5681555,0.3124898,0.7612815,0,0,0,0,0,0,0,-2.533859,-1.133042,2.316447,1.277866,-0.298594,-3.368687,-0.2147107,0.2157499,-0.03725404,0.9518212,336.8801,27.64372,349.7555,0.3545157,-0.08234943,-0.9314161,0,0,0,1.826073,0.1414652,-2.613455,0.1255702,0.0655233,1.022007,0.9041283,-0.1635659,-0.3947129,-0.02172923,0.9050229,-0.4248074,0.4267083,0.3926572,0.8147026,moving,36.73452,22.3171,7.004616,3.66835
05/15/2023 14:22:47.590709,831,True,True,True,True,Eyes,1.271656,-0.2943836,-3.348327,0.5674053,0.3152048,0.7607214,0,0,0,0,0,0,0,-2.531938,-1.14223,2.314647,1.277694,-0.2985285,-3.369179,-0.2160489,0.215549,-0.03752947,0.951553,336.735,27.65664,349.6812,0.3544535,-0.08230965,-0.9314433,0,0,0,1.826066,0.1444229,-2.613459,0.125228,0.06549251,1.023748,0.9042603,-0.1645608,-0.3939961,-0.02171569,0.9038289,-0.4273428,0.426429,0.3949851,0.813723,moving,36.71844,22.50667,6.973951,3.660412
05/15/2023 14:22:47.610875,832,True,True,True,True,Eyes,1.271611,-0.2942779,-3.34869,0.5666843,0.3179059,0.7601346,0,0,0,0,0,0,0,-2.530822,-1.150641,2.312446,1.277785,-0.2984604,-3.369663,-0.2173022,0.2154414,-0.03774898,0.9512832,336.5988,27.67817,349.6139,0.3543933,-0.08227021,-0.9314697,0,0,0,1.82606,0.1474973,-2.613464,0.1244778,0.06567487,1.025433,0.90432,-0.1654517,-0.3934858,-0.02181184,0.9027095,-0.4296972,0.4262975,0.3971665,0.8127295,moving,36.70472,22.69581,6.921302,3.664561
05/15/2023 14:22:47.620519,833,True,True,True,True,Eyes,1.271569,-0.2941729,-3.349058,0.5660645,0.3205509,0.7594854,0,0,0,0,0,0,0,-2.530149,-1.159287,2.309494,1.277635,-0.2983892,-3.370159,-0.2187123,0.2154425,-0.03781154,0.9509573,336.4418,27.71364,349.5568,0.3543348,-0.08223107,-0.9314955,0,0,0,1.826053,0.1505888,-2.613469,0.1237995,0.0654062,1.027288,0.9043096,-0.1661542,-0.3932135,-0.02232553,0.9014704,-0.4322645,0.4262929,0.3996797,0.811499,moving,36.69813,22.88282,6.871634,3.643038
05/15/2023 14:22:47.641296,834,True,True,True,True,Eyes,1.271525,-0.294066,-3.349432,0.5654696,0.3232087,0.7588018,0,0,0,0,0,0,0,-2.53027,-1.167146,2.306034,1.277585,-0.2983472,-3.370616,-0.2201144,0.215547,-0.03771295,0.950614,336.2823,27.75836,349.5161,0.3542778,-0.0821922,-0.9315206,0,0,0,1.826047,0.15353,-2.613473,0.12295,0.06492165,1.029047,0.9042344,-0.1665909,-0.3932017,-0.0231891,0.9002547,-0.4347455,0.4264063,0.4022298,0.8101783,moving,36.69399,23.07139,6.813369,3.609953
05/15/2023 14:22:47.660841,835,True,True,True,True,Eyes,1.271483,-0.2939585,-3.349809,0.5649585,0.3258069,0.7580711,0,0,0,0,0,0,0,-2.53028,-1.175963,2.302233,1.27745,-0.2982159,-3.371153,-0.2217485,0.2156335,-0.03748556,0.9502235,336.0929,27.80371,349.4827,0.3542222,-0.0821535,-0.9315452,0,0,0,1.826041,0.1564486,-2.613477,0.122263,0.06374168,1.030889,0.9041941,-0.1668721,-0.3931753,-0.02439346,0.8988449,-0.4375875,0.4264247,0.4052549,0.8086597,moving,36.69561,23.25727,6.763658,3.538194
05/15/2023 14:22:47.671030,836,True,True,True,True,Eyes,1.271442,-0.2938519,-3.350192,0.5644943,0.3284197,0.7572891,0,0,0,0,0,0,0,-2.531565,-1.184248,2.297355,1.277589,-0.2981729,-3.371642,-0.2234117,0.2158968,-0.03713823,0.9497876,335.8987,27.86935,349.4575,0.3541676,-0.08211493,-0.9315693,0,0,0,1.826034,0.159531,-2.613482,0.1210124,0.06262362,1.032727,0.9040187,-0.1670146,-0.3935179,-0.02592085,0.8974159,-0.4404233,0.4267064,0.4083512,0.8069516,moving,36.70138,23.44532,6.683302,3.470115
05/15/2023 14:22:47.690951,837,True,True,True,True,Eyes,1.27142,-0.2937451,-3.350581,0.5639644,0.3310386,0.7565432,0,0,0,0,0,0,0,-2.533931,-1.192395,2.291265,1.277564,-0.2981258,-3.372159,-0.2250659,0.2164026,-0.03680955,0.9492946,335.7087,27.96595,349.4236,0.3541141,-0.0820765,-0.9315931,0,0,0,1.826028,0.1624763,-2.613487,0.1194143,0.06132165,1.034665,0.9036299,-0.1672959,-0.3942906,-0.02752351,0.8959808,-0.4432392,0.427429,0.4113764,0.8050305,moving,36.70266,23.63262,6.583581,3.391791
05/15/2023 14:22:47.713028,838,True,True,True,True,Eyes,1.271403,-0.2936369,-3.350978,0.5635239,0.3336629,0.7557181,0,0,0,0,0,0,0,-2.538056,-1.19923,2.28396,1.2778,-0.2980397,-3.372648,-0.226525,0.2171944,-0.03648331,0.9487792,335.5439,28.09399,349.3883,0.354062,-0.08203815,-0.9316162,0,0,0,1.826022,0.1654724,-2.613491,0.1170109,0.06036705,1.03652,0.9029911,-0.1676291,-0.3956103,-0.02917069,0.8947108,-0.4456923,0.4286678,0.4139964,0.8030261,moving,36.71116,23.8223,6.440753,3.333148
05/15/2023 14:22:47.730835,839,True,True,True,True,Eyes,1.271428,-0.2935388,-3.351395,0.562919,0.3363341,0.7549845,0,0,0,0,0,0,0,-2.543725,-1.206884,2.274498,1.277858,-0.2979339,-3.373241,-0.2281562,0.2183333,-0.03616553,0.948139,335.3638,28.27065,349.3358,0.3540111,-0.08199982,-0.931639,0,0,0,1.826015,0.1686215,-2.613496,0.1139713,0.05904227,1.038695,0.9020452,-0.1682081,-0.3975178,-0.03104827,0.8932736,-0.4484397,0.4305233,0.4168552,0.8005506,moving,36.70833,24.01225,6.261757,3.253348
05/15/2023 14:22:47.740874,840,True,True,True,True,Eyes,1.271457,-0.2934426,-3.351818,0.5624487,0.3389883,0.7541475,0,0,0,0,0,0,0,-2.550547,-1.215709,2.263165,1.278061,-0.2980239,-3.373855,-0.229856,0.2197491,-0.03615136,0.9474015,335.1879,28.492,349.2362,0.3539622,-0.08196171,-0.9316609,0,0,0,1.826009,0.1714916,-2.6135,0.1100412,0.05761611,1.040866,0.9008068,-0.169521,-0.3997621,-0.03252158,0.8917186,-0.4514204,0.4330005,0.4196435,0.7977531,moving,36.71585,24.20385,6.034944,3.16832
05/15/2023 14:22:47.761124,841,True,True,True,True,Eyes,1.271514,-0.2933418,-3.352243,0.5620192,0.3415452,0.7533135,0,0,0,0,0,0,0,-2.558222,-1.224726,2.250488,1.278131,-0.298019,-3.374421,-0.2314795,0.2214119,-0.03633577,0.9466118,335.0294,28.74826,349.1079,0.3539151,-0.08192383,-0.9316821,0,0,0,1.826002,0.1746146,-2.613505,0.1055851,0.05655593,1.043165,0.8993129,-0.1712964,-0.4023603,-0.03371292,0.8901939,-0.4543328,0.4360042,0.4221521,0.7947881,moving,36.72525,24.38909,5.779574,3.103293
05/15/2023 14:22:47.781166,842,True,True,True,True,Eyes,1.271571,-0.2932397,-3.352674,0.5617375,0.3440614,0.752378,0,0,0,0,0,0,0,-2.566416,-1.23362,2.236921,1.278407,-0.2978173,-3.374774,-0.2329532,0.2232088,-0.03672215,0.945813,334.8957,29.02341,348.9565,0.3538702,-0.08188602,-0.9317024,0,0,0,1.825996,0.1775237,-2.61351,0.1006931,0.05562094,1.045033,0.8976586,-0.173459,-0.4051185,-0.03452986,0.8887686,-0.4570538,0.4393367,0.4242669,0.7918212,moving,36.74561,24.57455,5.503689,3.046642
05/15/2023 14:22:47.795713,843,True,True,True,True,Eyes,1.271641,-0.2931374,-3.353106,0.5615338,0.3464306,0.7514424,0,0,0,0,0,0,0,-2.574608,-1.24276,2.223245,1.278434,-0.2977297,-3.375328,-0.2343607,0.2250792,-0.03728904,0.9449995,334.7762,29.31146,348.7831,0.3538274,-0.08184822,-0.931722,0,0,0,1.825989,0.1805797,-2.613514,0.09562275,0.05503336,1.047275,0.8958977,-0.1759757,-0.4079213,-0.03502317,0.8873692,-0.4597274,0.4428777,0.4261555,0.7888288,moving,36.76983,24.75069,5.217,3.008076
05/15/2023 14:22:47.810990,844,True,True,True,True,Eyes,1.271709,-0.2930365,-3.35354,0.5614293,0.3487954,0.7504259,0,0,0,0,0,0,0,-2.58179,-1.251639,2.210685,1.278576,-0.2976677,-3.375797,-0.2357346,0.2267305,-0.03781827,0.9442416,334.6573,29.57086,348.6207,0.3537867,-0.08181041,-0.9317408,0,0,0,1.825983,0.18374,-2.613519,0.09091887,0.05468169,1.04939,0.8943261,-0.1783156,-0.4103467,-0.03547731,0.8859979,-0.46233,0.446007,0.4280318,0.7860449,moving,36.80191,24.92884,4.951727,2.982875
05/15/2023 14:22:47.820848,845,True,True,True,True,Eyes,1.2718,-0.2929403,-3.353977,0.5612043,0.3511039,0.749517,0,0,0,0,0,0,0,-2.587824,-1.260246,2.199413,1.278575,-0.2976399,-3.376259,-0.2373074,0.2281023,-0.03795132,0.9435117,334.5013,29.79125,348.5047,0.3537478,-0.08177261,-0.9317589,0,0,0,1.825976,0.1866257,-2.613523,0.08718464,0.05350593,1.05141,0.8930581,-0.1798758,-0.412422,-0.03664571,0.8844898,-0.4651183,0.4484466,0.4304911,0.783309,moving,36.8242,25.10028,4.740217,2.913252
05/15/2023 14:22:47.841160,846,True,True,True,True,Eyes,1.271886,-0.2928463,-3.354414,0.5610279,0.353383,0.7485774,0,0,0,0,0,0,0,-2.592891,-1.266765,2.190432,1.278808,-0.297649,-3.376658,-0.2384946,0.2292046,-0.03807821,0.9429399,334.3853,29.9673,348.4115,0.3537111,-0.08173495,-0.9317762,0,0,0,1.82597,0.1895243,-2.613528,0.08383489,0.05325645,1.053199,0.8920306,-0.181139,-0.4140894,-0.03751718,0.8833407,-0.4672275,0.4504152,0.4323167,0.7811711,moving,36.85004,25.27072,4.551162,2.894774
05/15/2023 14:22:47.860839,847,True,True,True,True,Eyes,1.271958,-0.292749,-3.354841,0.5606816,0.3555864,0.747793,0,0,0,0,0,0,0,-2.595662,-1.272203,2.184653,1.278764,-0.2976295,-3.377107,-0.2395117,0.2298402,-0.03807119,0.9425276,334.2788,30.07641,348.3539,0.3536762,-0.08169747,-0.9317928,0,0,0,1.825964,0.1926303,-2.613533,0.08173737,0.05350348,1.055123,0.8914481,-0.1818651,-0.4150245,-0.03833252,0.8823695,-0.4689933,0.4514984,0.4339921,0.7796153,moving,36.8619,25.43176,4.429694,2.902884
05/15/2023 14:22:47.870777,848,True,True,True,True,Eyes,1.272023,-0.2926533,-3.355267,0.5603656,0.357756,0.7469947,0,0,0,0,0,0,0,-2.597491,-1.277586,2.180134,1.278984,-0.2975767,-3.377546,-0.2404697,0.2302404,-0.03808639,0.9421853,334.1768,30.15479,348.3024,0.3536427,-0.0816601,-0.9318088,0,0,0,1.825957,0.1955646,-2.613537,0.07991987,0.05376858,1.056788,0.8910776,-0.1825006,-0.4155411,-0.03896283,0.8814474,-0.4706722,0.4521755,0.435596,0.7783273,moving,36.87577,25.59103,4.324778,2.912655
05/15/2023 14:22:47.895861,849,True,True,True,True,Eyes,1.272076,-0.2925491,-3.355679,0.5599151,0.3598242,0.7463388,0,0,0,0,0,0,0,-2.598386,-1.282636,2.176645,1.278905,-0.2975424,-3.377932,-0.2413329,0.2305094,-0.03813555,0.9418967,334.0848,30.21486,348.2542,0.3536104,-0.08162287,-0.9318243,0,0,0,1.825951,0.1985485,-2.613542,0.07863465,0.05435041,1.058547,0.8908222,-0.1830985,-0.4158254,-0.03941954,0.8806082,-0.4722027,0.4526389,0.4370403,0.7772476,moving,36.87781,25.73961,4.248442,2.939235
05/15/2023 14:22:47.910985,850,True,True,True,True,Eyes,1.272121,-0.2924493,-3.356087,0.5594644,0.3618759,0.7456845,0,0,0,0,0,0,0,-2.598168,-1.289438,2.173409,1.279029,-0.2973397,-3.378241,-0.2424096,0.2305725,-0.03825872,0.9415998,333.9687,30.25697,348.1945,0.3535788,-0.08158558,-0.9318396,0,0,0,1.825945,0.2015668,-2.613546,0.07758904,0.0545004,1.060091,0.8907452,-0.1838348,-0.4156654,-0.03973716,0.8795478,-0.4741484,0.4527626,0.4388628,0.7761478,moving,36.87978,25.887,4.186068,2.943046
05/15/2023 14:22:47.920451,851,True,True,True,True,Eyes,1.272169,-0.2923473,-3.356487,0.5588118,0.3638893,0.7451939,0,0,0,0,0,0,0,-2.596988,-1.293861,2.172553,1.278905,-0.2973608,-3.378519,-0.2432792,0.2303744,-0.03807276,0.9414316,333.863,30.2521,348.1875,0.3535479,-0.08154838,-0.9318545,0,0,0,1.825938,0.2046824,-2.613551,0.07747486,0.05523723,1.061798,0.8909563,-0.1837764,-0.4152388,-0.04040477,0.8787313,-0.4756035,0.452288,0.4405195,0.7754858,moving,36.86579,26.02695,4.173234,2.977978
05/15/2023 14:22:47.941326,852,True,True,True,True,Eyes,1.27221,-0.292246,-3.356889,0.5581428,0.3658975,0.7447118,0,0,0,0,0,0,0,-2.594307,-1.299028,2.17313,1.279014,-0.2972335,-3.378783,-0.2441363,0.2298674,-0.03800235,0.9413366,333.7584,30.21059,348.1763,0.3535177,-0.0815112,-0.9318693,0,0,0,1.825932,0.2075692,-2.613555,0.07780179,0.05582443,1.063179,0.8914336,-0.1837839,-0.4142097,-0.04069196,0.8779066,-0.4770998,0.4513206,0.4421578,0.7751169,moving,36.85064,26.16616,4.185357,3.005674
05/15/2023 14:22:47.961140,853,True,True,True,True,Eyes,1.272257,-0.2921507,-3.357291,0.5573412,0.3678682,0.7443411,0,0,0,0,0,0,0,-2.591135,-1.304717,2.174059,1.27891,-0.2971688,-3.379184,-0.2451072,0.2292848,-0.03788192,0.9412311,333.6385,30.16148,348.1687,0.3534878,-0.08147407,-0.9318838,0,0,0,1.825926,0.2105466,-2.61356,0.07841727,0.05621529,1.064834,0.8919868,-0.18371,-0.4130497,-0.04108746,0.8769748,-0.4787766,0.4501902,0.4440336,0.7747018,moving,36.82481,26.2995,4.211815,3.021985
05/15/2023 14:22:47.980897,854,True,True,True,True,Eyes,1.272299,-0.2920499,-3.35769,0.556551,0.3698204,0.743965,0,0,0,0,0,0,0,-2.589035,-1.309923,2.174145,1.278991,-0.297225,-3.379607,-0.246003,0.2288845,-0.0378083,0.9410978,333.5307,30.13465,348.1532,0.3534586,-0.08143714,-0.9318982,0,0,0,1.825919,0.2136614,-2.613564,0.07840526,0.05696502,1.066566,0.8923648,-0.1837751,-0.4122034,-0.04144991,0.8761061,-0.4803332,0.4494072,0.4457182,0.7741889,moving,36.79971,26.43168,4.204356,3.057248
05/15/2023 14:22:47.990888,855,True,True,True,True,Eyes,1.272349,-0.291952,-3.358087,0.5556753,0.3717938,0.7436359,0,0,0,0,0,0,0,-2.58677,-1.316136,2.173445,1.278911,-0.297015,-3.379884,-0.2469011,0.2285647,-0.03796107,0.9409342,333.4305,30.12416,348.1081,0.3534296,-0.08140025,-0.9319124,0,0,0,1.825913,0.2166688,-2.613569,0.0783489,0.0575586,1.068115,0.8926342,-0.1843035,-0.4113834,-0.04142801,0.8751976,-0.4819884,0.4488739,0.4472822,0.7735961,moving,36.7686,26.56357,4.195276,3.084574
05/15/2023 14:22:48.010899,856,True,True,True,True,Eyes,1.272393,-0.2918554,-3.358481,0.5548062,0.3737781,0.7432899,0,0,0,0,0,0,0,-2.584201,-1.323151,2.172768,1.279007,-0.296997,-3.380188,-0.2480846,0.2281227,-0.03792719,0.9407315,333.2911,30.10166,348.0775,0.3534013,-0.08136348,-0.9319263,0,0,0,1.825906,0.2198361,-2.613574,0.07841647,0.05776003,1.069779,0.8930431,-0.1845461,-0.4103862,-0.04182889,0.8740311,-0.4840661,0.4480228,0.4494579,0.7728281,moving,36.73838,26.69645,4.192374,3.090542
05/15/2023 14:22:48.030649,857,True,True,True,True,Eyes,1.272437,-0.2917617,-3.358875,0.5539448,0.3757628,0.7429317,0,0,0,0,0,0,0,-2.581868,-1.33006,2.171731,1.278899,-0.2969562,-3.380496,-0.2493012,0.2277511,-0.03782625,0.9405039,333.1467,30.08745,348.0514,0.3533734,-0.08132687,-0.9319401,0,0,0,1.8259,0.2227153,-2.613578,0.07861665,0.05754182,1.071419,0.8933972,-0.1847087,-0.4095412,-0.04240576,0.8728362,-0.4861675,0.4472618,0.4517076,0.7719567,moving,36.70895,26.82955,4.196626,3.074184
05/15/2023 14:22:48.041280,858,True,True,True,True,Eyes,1.272437,-0.2917617,-3.358875,0.5539448,0.3757628,0.7429317,0,0,0,0,0,0,0,-2.579686,-1.336606,2.170919,1.278962,-0.2969545,-3.380867,-0.2504036,0.227381,-0.03779902,0.9403016,333.0174,30.07214,348.0211,0.3533457,-0.08129048,-0.9319538,0,0,0,1.825893,0.2257347,-2.613583,0.0785611,0.05773491,1.073106,0.8937382,-0.184959,-0.4086834,-0.04278908,0.8717385,-0.4880993,0.4465435,0.4537202,0.7711918,moving,36.70895,26.82955,4.187101,3.07964
05/15/2023 14:22:48.060751,859,True,True,True,True,Eyes,1.272437,-0.2917617,-3.358875,0.5539448,0.3757628,0.7429317,0,0,0,0,0,0,0,-2.578253,-1.344586,2.168196,1.27896,-0.2968428,-3.381201,-0.2517149,0.2272298,-0.03786478,0.9399855,332.8701,30.0937,347.9643,0.3533208,-0.08125772,-0.9319661,0,0,0,1.825887,0.2286692,-2.613587,0.07807407,0.05732274,1.074775,0.8938657,-0.1855789,-0.4081232,-0.04320958,0.8704118,-0.4904247,0.4462477,0.4560086,0.7700124,moving,36.70895,26.82955,4.154797,3.052958
05/15/2023 14:22:48.070871,860,True,True,True,True,Eyes,1.27249,-0.2916546,-3.359301,0.5528713,0.3782986,0.7424443,0,0,0,0,0,0,0,-2.576926,-1.354816,2.164237,1.279195,-0.2967788,-3.381653,-0.2531893,0.2271673,-0.03829161,0.9395872,332.7168,30.14164,347.8545,0.3532985,-0.08122823,-0.9319771,0,0,0,1.82588,0.2317625,-2.613592,0.07684517,0.05688295,1.076567,0.8938575,-0.1869893,-0.407497,-0.04307608,0.8688579,-0.493184,0.4462771,0.4583896,0.7685803,moving,36.67371,27.00026,4.082837,3.024544
05/15/2023 14:22:48.095295,861,True,True,True,True,Eyes,1.272485,-0.291534,-3.359697,0.5518537,0.3808762,0.7418833,0,0,0,0,0,0,0,-2.575846,-1.365681,2.159052,1.27907,-0.2966616,-3.381944,-0.2546139,0.227314,-0.03900291,0.9391372,332.5804,30.22314,347.7056,0.3532758,-0.08119781,-0.9319884,0,0,0,1.825874,0.2346258,-2.613596,0.07542083,0.05647421,1.078305,0.8936142,-0.1890128,-0.4070967,-0.04249646,0.867301,-0.4959667,0.4468194,0.4605031,0.7670001,moving,36.64391,27.17556,4.000973,2.99802
05/15/2023 14:22:48.111028,862,True,True,True,True,Eyes,1.272472,-0.2914149,-3.360096,0.5508491,0.3834421,0.741308,0,0,0,0,0,0,0,-2.574862,-1.374367,2.154996,1.279027,-0.2965348,-3.382154,-0.2558711,0.2273624,-0.03938678,0.9387679,332.4517,30.27846,347.6058,0.3532518,-0.08116629,-0.9320002,0,0,0,1.825868,0.2377099,-2.613601,0.07435039,0.05646354,1.080004,0.89351,-0.190301,-0.4067252,-0.04240084,0.8659573,-0.4983173,0.4470369,0.462497,0.7656726,moving,36.6152,27.3503,3.938182,2.992748
05/15/2023 14:22:48.138588,863,True,True,True,True,Eyes,1.272446,-0.2912975,-3.360487,0.5498706,0.386041,0.7406853,0,0,0,0,0,0,0,-2.572539,-1.381735,2.153678,1.278833,-0.2964772,-3.382627,-0.2571414,0.2270136,-0.03931148,0.9385083,332.3021,30.27089,347.5729,0.3532263,-0.08113381,-0.9320127,0,0,0,1.825861,0.240852,-2.613606,0.07443485,0.05620912,1.081968,0.8938388,-0.1905375,-0.4058911,-0.04296088,0.8646659,-0.5005071,0.4463255,0.4648102,0.7646862,moving,36.58949,27.52828,3.935508,2.973889
05/15/2023 14:22:48.141506,864,True,True,True,True,Eyes,1.272418,-0.2911797,-3.360879,0.5489206,0.3886113,0.7400455,0,0,0,0,0,0,0,-2.571345,-1.38697,2.152428,1.278981,-0.2965379,-3.383004,-0.2581339,0.2267785,-0.03915286,0.9382994,332.1826,30.26711,347.558,0.3531992,-0.08110054,-0.9320259,0,0,0,1.825855,0.2436409,-2.61361,0.07413429,0.05632105,1.083588,0.8940771,-0.1905527,-0.4053588,-0.04360424,0.8636678,-0.5021718,0.4457856,0.4666557,0.7638769,moving,36.56577,27.70478,3.913824,2.975353
05/15/2023 14:22:48.160901,865,True,True,True,True,Eyes,1.272406,-0.2910681,-3.36128,0.5478809,0.3912684,0.7394156,0,0,0,0,0,0,0,-2.570372,-1.393299,2.150076,1.278909,-0.2964314,-3.383407,-0.2592293,0.2266793,-0.03911487,0.9380229,332.057,30.28747,347.52,0.3531707,-0.08106656,-0.9320397,0,0,0,1.825849,0.2467041,-2.613615,0.07361993,0.05631217,1.085416,0.8941731,-0.1909051,-0.4049812,-0.04414255,0.8625404,-0.5040591,0.4455401,0.468593,0.7628334,moving,36.53714,27.88596,3.880227,2.969884
05/15/2023 14:22:48.170813,866,True,True,True,True,Eyes,1.272391,-0.2909566,-3.361684,0.5468656,0.3938817,0.7387795,0,0,0,0,0,0,0,-2.569657,-1.399094,2.147903,1.278947,-0.2964573,-3.383857,-0.2602642,0.2265893,-0.0390534,0.9377605,331.9376,30.30663,347.4868,0.3531412,-0.08103207,-0.9320539,0,0,0,1.825842,0.2497255,-2.61362,0.07297045,0.05646726,1.087273,0.8942642,-0.1911917,-0.4046446,-0.04470071,0.8614748,-0.5058292,0.4453014,0.4704328,0.7618396,moving,36.5099,28.06439,3.839548,2.972971
05/15/2023 14:22:48.201202,867,True,True,True,True,Eyes,1.272363,-0.2908355,-3.362083,0.5458864,0.3964834,0.7381118,0,0,0,0,0,0,0,-2.568225,-1.404665,2.146684,1.278974,-0.296507,-3.38429,-0.2612128,0.2263612,-0.03903523,0.9375526,331.8274,30.30663,347.4565,0.3531107,-0.08099714,-0.9320685,0,0,0,1.825836,0.2526321,-2.613624,0.07262629,0.0567922,1.089054,0.8944738,-0.191452,-0.404058,-0.04506173,0.8604882,-0.5074736,0.444844,0.4721294,0.761057,moving,36.48557,28.24287,3.815263,2.985167
05/15/2023 14:22:48.210837,868,True,True,True,True,Eyes,1.272331,-0.2907176,-3.362485,0.5449174,0.3990763,0.7374302,0,0,0,0,0,0,0,-2.565639,-1.412182,2.145509,1.279032,-0.2962914,-3.38471,-0.2623253,0.225978,-0.03919271,0.9373277,331.7021,30.29695,347.4028,0.353079,-0.08096156,-0.9320835,0,0,0,1.82583,0.2556913,-2.613629,0.07247522,0.05681196,1.090761,0.8947958,-0.1920324,-0.4030685,-0.04508668,0.8592987,-0.509483,0.4441935,0.4740562,0.7602386,moving,36.46222,28.42099,3.80141,2.98154
05/15/2023 14:22:48.220884,869,True,True,True,True,Eyes,1.272297,-0.2906002,-3.362895,0.5439578,0.401681,0.736724,0,0,0,0,0,0,0,-2.56296,-1.42047,2.143871,1.27881,-0.296138,-3.385208,-0.26366,0.2256098,-0.03923552,0.9370403,331.5484,30.29319,347.353,0.3530461,-0.08092546,-0.9320992,0,0,0,1.825823,0.2588334,-2.613633,0.07254541,0.05633801,1.092752,0.8951216,-0.1924991,-0.4021212,-0.04543802,0.8578879,-0.5118238,0.4435005,0.4764162,0.7591673,moving,36.44019,28.60036,3.798168,2.951333
05/15/2023 14:22:48.240575,870,True,True,True,True,Eyes,1.272259,-0.2904821,-3.36331,0.5429983,0.4042894,0.7360047,0,0,0,0,0,0,0,-2.560608,-1.428959,2.142082,1.278888,-0.2961099,-3.385841,-0.2649741,0.2252665,-0.03937884,0.9367461,331.4004,30.29511,347.2911,0.353012,-0.08088892,-0.9321153,0,0,0,1.825817,0.2617118,-2.613638,0.07219607,0.05577672,1.094655,0.8954086,-0.1931555,-0.4011663,-0.04560364,0.8564761,-0.5141683,0.4429038,0.4786853,0.7580875,moving,36.4186,28.78012,3.773377,2.916908
05/15/2023 14:22:48.260999,871,True,True,True,True,Eyes,1.272214,-0.2903665,-3.363728,0.5420577,0.4068657,0.735278,0,0,0,0,0,0,0,-2.557167,-1.43829,2.140707,1.278767,-0.296012,-3.386376,-0.2665022,0.2247364,-0.03938783,0.9364395,331.2216,30.27616,347.2423,0.3529767,-0.08085194,-0.9321318,0,0,0,1.82581,0.2647384,-2.613642,0.07252806,0.05481261,1.096608,0.8958844,-0.1935541,-0.3999101,-0.04601685,0.8548503,-0.5168301,0.4418979,0.4814226,0.7569402,moving,36.39819,28.95792,3.783948,2.861478
05/15/2023 14:22:48.280484,872,True,True,True,True,Eyes,1.272174,-0.2902519,-3.36415,0.5411247,0.4094311,0.7345408,0,0,0,0,0,0,0,-2.554009,-1.447686,2.139012,1.278796,-0.2960523,-3.38691,-0.2679893,0.224264,-0.03951808,0.9361228,331.0519,30.26715,347.1785,0.3529402,-0.08081464,-0.9321489,0,0,0,1.825804,0.2677423,-2.613647,0.07249659,0.05408883,1.098561,0.896288,-0.1941882,-0.3986964,-0.04621314,0.8532401,-0.5194667,0.4410581,0.4840167,0.7557748,moving,36.37849,29.13518,3.775607,2.818743
05/15/2023 14:22:48.291159,873,True,True,True,True,Eyes,1.272122,-0.2901354,-3.36457,0.5401981,0.4119785,0.7337981,0,0,0,0,0,0,0,-2.551209,-1.456242,2.137383,1.278895,-0.2959923,-3.387407,-0.2693427,0.2238345,-0.03961673,0.935833,330.8968,30.25868,347.1227,0.3529026,-0.08077708,-0.9321663,0,0,0,1.825804,0.267814,-2.613647,0.07295352,0.0510515,1.098983,0.8966573,-0.1947257,-0.3976024,-0.04642709,0.85177,-0.5218547,0.4402843,0.4863843,0.7547053,moving,36.35929,29.3113,3.79788,2.659672
05/15/2023 14:22:48.310888,874,True,True,True,True,Eyes,1.272069,-0.29002,-3.365003,0.5392833,0.4145243,0.733037,0,0,0,0,0,0,0,-2.547908,-1.465863,2.135445,1.278821,-0.2959448,-3.387882,-0.2708271,0.2233803,-0.03980238,0.9355052,330.7292,30.25415,347.0515,0.3528637,-0.08073923,-0.9321843,0,0,0,1.825804,0.267814,-2.613647,0.07356954,0.04773608,1.099438,0.897034,-0.1954655,-0.3963878,-0.04652422,0.8501369,-0.5245024,0.439506,0.4889381,0.7535079,static,36.3413,29.48767,3.828275,2.486143
05/15/2023 14:22:48.320857,875,True,True,True,True,Eyes,1.272017,-0.2899096,-3.365438,0.5383021,0.4170704,0.7323135,0,0,0,0,0,0,0,-2.544816,-1.476092,2.13319,1.278778,-0.2958944,-3.388599,-0.2723602,0.2229717,-0.04005438,0.9351466,330.5587,30.25948,346.9683,0.3528236,-0.08070113,-0.9322028,0,0,0,1.825804,0.267814,-2.613647,0.0739181,0.04420927,1.100062,0.8973585,-0.1963707,-0.395204,-0.04654381,0.8484311,-0.5272554,0.4388409,0.4915314,0.752207,static,36.31851,29.66257,3.844181,2.301363
05/15/2023 14:22:48.341296,876,True,True,True,True,Eyes,1.27197,-0.2898021,-3.365869,0.5373373,0.4195907,0.731582,0,0,0,0,0,0,0,-2.541538,-1.48486,2.131672,1.278704,-0.2959539,-3.389037,-0.2738398,0.2224625,-0.04004433,0.9348361,330.3847,30.24245,346.9226,0.3527824,-0.08066294,-0.9322217,0,0,0,1.825804,0.267814,-2.613647,0.07479146,0.04090396,1.100507,0.8978137,-0.196708,-0.3940006,-0.04696841,0.8468164,-0.5298074,0.4378635,0.494174,0.7510443,static,36.29679,29.83595,3.887895,2.128606
05/15/2023 14:22:48.361137,877,True,True,True,True,Eyes,1.271922,-0.2896946,-3.366297,0.5363817,0.4220175,0.7308871,0,0,0,0,0,0,0,-2.538556,-1.493359,2.129856,1.278807,-0.2959485,-3.389357,-0.275054,0.2220708,-0.04037636,0.9345586,330.2527,30.24234,346.8426,0.3527403,-0.08062475,-0.9322409,0,0,0,1.825804,0.267814,-2.613647,0.07509601,0.03837055,1.100749,0.8981086,-0.197631,-0.3928649,-0.04669475,0.8454301,-0.5320409,0.4372876,0.4961753,0.7500598,static,36.27411,30.00233,3.902824,1.996442
05/15/2023 14:22:48.380915,878,True,True,True,True,Eyes,1.271881,-0.2895906,-3.366723,0.5354505,0.4244113,0.7301835,0,0,0,0,0,0,0,-2.535874,-1.500429,2.128625,1.278733,-0.2958906,-3.389732,-0.2760333,0.2217287,-0.0406648,0.9343386,330.1465,30.2397,346.7763,0.3526975,-0.08058657,-0.9322604,0,0,0,1.825804,0.267814,-2.613647,0.07549223,0.03623044,1.101066,0.8983654,-0.1983984,-0.3918897,-0.04641964,0.844304,-0.5338501,0.436789,0.4977839,0.749284,static,36.25295,30.16684,3.922226,1.884632
05/15/2023 14:22:48.390707,879,True,True,True,True,Eyes,1.271811,-0.2894822,-3.367128,0.5345606,0.4266886,0.7295079,0,0,0,0,0,0,0,-2.534521,-1.506443,2.12666,1.278849,-0.2958963,-3.390109,-0.2770079,0.2215477,-0.04074034,0.9340897,330.0365,30.25155,346.7307,0.3526541,-0.0805485,-0.9322801,0,0,0,1.825804,0.267814,-2.613647,0.07550642,0.03398734,1.101347,0.8985136,-0.1988512,-0.3913201,-0.04663067,0.8432138,-0.5355522,0.4364617,0.4994485,0.7483665,static,36.2328,30.32333,3.92196,1.767575
05/15/2023 14:22:48.411055,880,True,True,True,True,Eyes,1.271746,-0.2893821,-3.367532,0.5336922,0.4289073,0.7288424,0,0,0,0,0,0,0,-2.533332,-1.511306,2.124896,1.278763,-0.2958092,-3.390319,-0.2777256,0.2214514,-0.04090499,0.9338922,329.9594,30.26854,346.6823,0.3526098,-0.08051047,-0.9323001,0,0,0,1.825804,0.267814,-2.613647,0.07556185,0.03234172,1.101539,0.8985721,-0.1994071,-0.3909027,-0.04660374,0.8423905,-0.5368485,0.4363441,0.5006146,0.7476556,static,36.21332,30.47585,3.92415,1.681749
05/15/2023 14:22:48.420899,881,True,True,True,True,Eyes,1.271699,-0.289286,-3.36793,0.5328305,0.4310101,0.7282321,0,0,0,0,0,0,0,-2.532331,-1.514425,2.124534,1.278828,-0.2959212,-3.390701,-0.2782214,0.2212751,-0.04093702,0.933785,329.9019,30.26352,346.6627,0.3525647,-0.0804727,-0.9323204,0,0,0,1.825804,0.267814,-2.613647,0.07565537,0.03120857,1.10186,0.8987229,-0.1995797,-0.3904676,-0.04667416,0.841834,-0.5377145,0.4360258,0.5014812,0.7472604,static,36.19207,30.61951,3.927849,1.622385
05/15/2023 14:22:48.441486,882,True,True,True,True,Eyes,1.271655,-0.2891955,-3.368324,0.5319929,0.4330363,0.7276422,0,0,0,0,0,0,0,-2.531574,-1.516105,2.124423,1.278781,-0.2958478,-3.390841,-0.2783695,0.2211968,-0.04110704,0.933752,329.8894,30.26362,346.6381,0.3525195,-0.08043528,-0.9323408,0,0,0,1.825804,0.267814,-2.613647,0.07569811,0.03086644,1.101951,0.8987643,-0.1999165,-0.3902,-0.04638136,0.8416412,-0.5380417,0.4359718,0.5016708,0.7471647,static,36.17124,30.75784,3.929737,1.604476
05/15/2023 14:22:48.460790,883,True,True,True,True,Eyes,1.271617,-0.289106,-3.36871,0.5311418,0.4349915,0.7270975,0,0,0,0,0,0,0,-2.531033,-1.517103,2.12486,1.278811,-0.2958935,-3.391143,-0.2784982,0.2210787,-0.04112284,0.9337409,329.8737,30.25312,346.6346,0.3524742,-0.08039833,-0.9323611,0,0,0,1.825804,0.267814,-2.613647,0.07577974,0.03050244,1.102177,0.8988663,-0.1999362,-0.3899551,-0.04634389,0.8414953,-0.5382731,0.4357656,0.5019075,0.7471259,static,36.14798,30.89029,3.933158,1.58524
05/15/2023 14:22:48.480868,884,True,True,True,True,Eyes,1.271582,-0.2890276,-3.369094,0.5303144,0.4368814,0.7265682,0,0,0,0,0,0,0,-2.530231,-1.518268,2.125247,1.278768,-0.2958037,-3.391332,-0.2786765,0.2209252,-0.04108802,0.9337254,329.8504,30.23817,346.6363,0.3524291,-0.08036185,-0.9323813,0,0,0,1.825804,0.267814,-2.613647,0.07610479,0.02995133,1.102278,0.8990076,-0.1998632,-0.3896664,-0.04640347,0.8413024,-0.5385694,0.4354675,0.5022599,0.7470629,static,36.12531,31.01826,3.949615,1.55647
05/15/2023 14:22:48.490688,885,True,True,True,True,Eyes,1.271551,-0.288949,-3.369467,0.5293935,0.438798,0.7260846,0,0,0,0,0,0,0,-2.529399,-1.520077,2.125514,1.278821,-0.2959973,-3.391652,-0.2789079,0.220778,-0.04119065,0.9336867,329.8254,30.23009,346.6187,0.3523842,-0.08032609,-0.9324013,0,0,0,1.825804,0.267814,-2.613647,0.07612488,0.02953613,1.102587,0.8991207,-0.2000718,-0.3892982,-0.04623514,0.8410274,-0.5390131,0.4352518,0.5026371,0.746935,static,36.09606,31.14602,3.949552,1.534474
05/15/2023 14:22:48.510828,886,True,True,True,True,Eyes,1.271522,-0.2888741,-3.369832,0.5284978,0.4406751,0.7256002,0,0,0,0,0,0,0,-2.528412,-1.524361,2.123802,1.278799,-0.2959241,-3.39178,-0.279481,0.220727,-0.04143844,0.9335164,329.7677,30.25083,346.5648,0.3523397,-0.080291,-0.9324211,0,0,0,1.825804,0.267814,-2.613647,0.07600874,0.02830237,1.102691,0.8991249,-0.2007449,-0.3889421,-0.04601108,0.8403465,-0.5400934,0.4352671,0.5035071,0.7463399,static,36.06808,31.27135,3.943173,1.470267
05/15/2023 14:22:48.520773,887,True,True,True,True,Eyes,1.271486,-0.2887987,-3.370184,0.5276214,0.4425097,0.7251212,0,0,0,0,0,0,0,-2.526777,-1.528834,2.122777,1.278858,-0.2959566,-3.391909,-0.2801022,0.2205246,-0.04165564,0.9333684,329.7015,30.25261,346.5177,0.3522957,-0.08025663,-0.9324408,0,0,0,1.825804,0.267814,-2.613647,0.07614481,0.02707809,1.102791,0.8992674,-0.201299,-0.3883257,-0.04577873,0.8396152,-0.5412492,0.4349971,0.5045049,0.7458233,static,36.04084,31.39389,3.949854,1.406567
05/15/2023 14:22:48.541209,888,True,True,True,True,Eyes,1.271449,-0.2887264,-3.370528,0.5267583,0.4440714,0.724794,0,0,0,0,0,0,0,-2.524474,-1.533108,2.122394,1.278649,-0.2958834,-3.391969,-0.2806509,0.2202439,-0.04188977,0.9332594,329.6429,30.24228,346.4745,0.3522521,-0.08022292,-0.9324601,0,0,0,1.825804,0.267814,-2.613647,0.07673281,0.02598214,1.102885,0.8994757,-0.2018113,-0.3875766,-0.04543526,0.8389606,-0.5422921,0.4346022,0.5053882,0.7454553,static,36.00851,31.49523,3.97992,1.349544
05/15/2023 14:22:48.560650,889,True,True,True,True,Eyes,1.271405,-0.2886552,-3.37086,0.5258837,0.4456301,0.7244723,0,0,0,0,0,0,0,-2.521917,-1.53668,2.12304,1.278624,-0.2959053,-3.392094,-0.2813579,0.2197443,-0.04167661,0.9331738,329.5494,30.19497,346.4869,0.3522089,-0.08018991,-0.9324793,0,0,0,1.825804,0.267814,-2.613647,0.07788137,0.02438092,1.102953,0.899951,-0.2014366,-0.3866672,-0.04587055,0.8382016,-0.543428,0.4335714,0.5067952,0.7451004,static,35.97534,31.59608,4.039047,1.266324
05/15/2023 14:22:48.570797,890,True,True,True,True,Eyes,1.271405,-0.2886552,-3.37086,0.5258837,0.4456301,0.7244723,0,0,0,0,0,0,0,-2.518907,-1.540088,2.124132,1.278461,-0.2958696,-3.392152,-0.2820584,0.2191676,-0.04140642,0.93311,329.4538,30.13554,346.5095,0.352166,-0.0801576,-0.9324983,0,0,0,1.825804,0.267814,-2.613647,0.07939824,0.02276307,1.102983,0.9005021,-0.2009096,-0.3856569,-0.04636265,0.8374571,-0.5445329,0.432373,0.5082332,0.7448172,static,35.97534,31.59608,4.117336,1.182287
05/15/2023 14:22:48.590688,891,True,True,True,True,Eyes,1.271362,-0.2885878,-3.371182,0.5250427,0.4468685,0.7243195,0,0,0,0,0,0,0,-2.516263,-1.541669,2.12619,1.278468,-0.2958978,-3.392192,-0.2825502,0.2185519,-0.04096707,0.933125,329.3759,30.05835,346.5635,0.3521274,-0.08012852,-0.9325154,0,0,0,1.825804,0.267814,-2.613647,0.08096951,0.02158535,1.102932,0.9011135,-0.1999586,-0.384722,-0.047049,0.8369741,-0.5452161,0.431023,0.5094025,0.7448009,static,35.9375,31.67249,4.198722,1.121186
05/15/2023 14:22:48.610806,892,True,True,True,True,Eyes,1.271326,-0.2885242,-3.371506,0.5242153,0.4481018,0.7241567,0,0,0,0,0,0,0,-2.514895,-1.542491,2.127273,1.278428,-0.2958653,-3.392248,-0.2829342,0.2181866,-0.04052721,0.9331134,329.3139,30.01005,346.6137,0.3520887,-0.08009987,-0.9325324,0,0,0,1.825804,0.267814,-2.613647,0.08205459,0.02051258,1.102915,0.9015042,-0.1990979,-0.3842527,-0.04783196,0.8366116,-0.5457043,0.4301188,0.5103344,0.7446856,static,35.90069,31.74886,4.254849,1.065494
05/15/2023 14:22:48.620892,893,True,True,True,True,Eyes,1.271326,-0.2885242,-3.371506,0.5242153,0.4481018,0.7241567,0,0,0,0,0,0,0,-2.514079,-1.545079,2.126966,1.278572,-0.2958972,-3.392572,-0.2834892,0.2179706,-0.04031719,0.9330044,329.2417,29.99445,346.6227,0.3520502,-0.08007169,-0.9325494,0,0,0,1.825804,0.267814,-2.613647,0.08236733,0.01907569,1.103091,0.9017266,-0.1988169,-0.3838761,-0.04835241,0.8360168,-0.5465693,0.4295941,0.5114174,0.7442454,static,35.90069,31.74886,4.270328,0.9907144
05/15/2023 14:22:48.641500,894,True,True,True,True,Eyes,1.271326,-0.2885242,-3.371506,0.5242153,0.4481018,0.7241567,0,0,0,0,0,0,0,-2.513078,-1.548282,2.125776,1.278429,-0.2958729,-3.3926,-0.2839891,0.2178845,-0.04040488,0.9328688,329.1867,30.00337,346.5929,0.3520154,-0.08004633,-0.9325647,0,0,0,1.825804,0.267814,-2.613647,0.08258346,0.01800519,1.103171,0.9017876,-0.1991386,-0.3835661,-0.04836875,0.8354352,-0.5474563,0.4294643,0.512242,0.743753,static,35.90069,31.74886,4.281182,0.9350592
05/15/2023 14:22:48.661176,895,True,True,True,True,Eyes,1.271273,-0.2884618,-3.371821,0.5235614,0.4490406,0.7240484,0,0,0,0,0,0,0,-2.511754,-1.550549,2.125849,1.278407,-0.2959084,-3.392706,-0.284375,0.217654,-0.04038009,0.932806,329.1391,29.98586,346.5871,0.3519842,-0.0800235,-0.9325784,0,0,0,1.825804,0.267814,-2.613647,0.08304569,0.01717222,1.103253,0.9019923,-0.1991244,-0.3830918,-0.04845715,0.8350005,-0.5481113,0.4290242,0.5129557,0.7435151,static,35.8708,31.80637,4.304734,0.8917412
05/15/2023 14:22:48.670939,896,True,True,True,True,Eyes,1.271224,-0.2884044,-3.372131,0.522904,0.4499696,0.7239467,0,0,0,0,0,0,0,-2.510262,-1.552265,2.126374,1.278268,-0.2958982,-3.392769,-0.2848631,0.2173235,-0.04003466,0.9327492,329.0687,29.9486,346.6199,0.351952,-0.08000064,-0.9325926,0,0,0,1.825804,0.267814,-2.613647,0.08406654,0.01592577,1.103303,0.9023355,-0.1984995,-0.3826078,-0.04913031,0.8345004,-0.5488125,0.4282254,0.5140106,0.743247,static,35.84045,31.86305,4.357253,0.826986
05/15/2023 14:22:48.691094,897,True,True,True,True,Eyes,1.271147,-0.2883412,-3.372423,0.5224962,0.4505372,0.723888,0,0,0,0,0,0,0,-2.508493,-1.55386,2.127671,1.278351,-0.2959622,-3.392967,-0.2851699,0.2169334,-0.03990271,0.9327518,329.0244,29.90396,346.6366,0.351919,-0.07997788,-0.932607,0,0,0,1.825804,0.267814,-2.613647,0.0848152,0.01522499,1.103387,0.9026954,-0.1981644,-0.3819319,-0.04928709,0.8341719,-0.5492978,0.427448,0.5146729,0.7432361,static,35.82143,31.89752,4.395572,0.7905409
05/15/2023 14:22:48.710867,898,True,True,True,True,Eyes,1.271071,-0.288279,-3.372711,0.5221025,0.4511153,0.723812,0,0,0,0,0,0,0,-2.506575,-1.556594,2.12811,1.278307,-0.2958723,-3.393102,-0.2855614,0.2166122,-0.0399377,0.9327052,328.9767,29.87664,346.6265,0.3518849,-0.07995513,-0.9326218,0,0,0,1.825804,0.267814,-2.613647,0.08546653,0.01431918,1.10342,0.9029682,-0.1982124,-0.3812613,-0.049212,0.8337193,-0.5499912,0.42688,0.5153872,0.7430676,static,35.80379,31.93319,4.42906,0.7434905
05/15/2023 14:22:48.720683,899,True,True,True,True,Eyes,1.270959,-0.2882195,-3.372978,0.521867,0.4514364,0.7237817,0,0,0,0,0,0,0,-2.505914,-1.559987,2.126719,1.278265,-0.2958481,-3.393318,-0.2860814,0.2165658,-0.04003071,0.9325525,328.9201,29.89176,346.5937,0.3518498,-0.07993241,-0.932637,0,0,0,1.825804,0.267814,-2.613647,0.08543035,0.01309758,1.103599,0.9029936,-0.1985724,-0.3810139,-0.04924943,0.8331099,-0.5509105,0.4268221,0.5162334,0.7425133,static,35.79267,31.95257,4.42648,0.6799583
05/15/2023 14:22:48.741045,900,True,True,True,True,Eyes,1.270854,-0.288163,-3.37324,0.5216141,0.4517632,0.7237602,0,0,0,0,0,0,0,-2.50447,-1.561648,2.127223,1.278096,-0.2959809,-3.393384,-0.286475,0.2162867,-0.03984888,0.9325044,328.866,29.86309,346.6088,0.3518131,-0.07990985,-0.9326528,0,0,0,1.825804,0.267814,-2.613647,0.08623254,0.0122602,1.103744,0.9032642,-0.19824,-0.3805451,-0.04960295,0.8326883,-0.5515159,0.4262079,0.5170408,0.7423043,static,35.7803,31.97196,4.467289,0.6364053
05/15/2023 14:22:48.761154,901,True,True,True,True,Eyes,1.270723,-0.2881044,-3.373485,0.5214793,0.4519046,0.723769,0,0,0,0,0,0,0,-2.502922,-1.562455,2.128762,1.278168,-0.2959932,-3.39355,-0.2866408,0.2159294,-0.03971351,0.932542,328.8381,29.81764,346.6311,0.3517752,-0.07988755,-0.932669,0,0,0,1.825804,0.267814,-2.613647,0.08695593,0.01183355,1.10378,0.9035947,-0.1978574,-0.3799594,-0.04971931,0.8325198,-0.5517597,0.4254934,0.5174584,0.7424232,static,35.77295,31.9797,4.504465,0.6142403
05/15/2023 14:22:48.771208,902,True,True,True,True,Eyes,1.270599,-0.28805,-3.373729,0.5213293,0.4520594,0.7237805,0,0,0,0,0,0,0,-2.500816,-1.563816,2.130396,1.278125,-0.2959868,-3.393667,-0.2867938,0.2155372,-0.03973499,0.9325848,328.8159,29.7722,346.6358,0.3517357,-0.07986546,-0.9326858,0,0,0,1.825804,0.267814,-2.613647,0.08777574,0.01154673,1.103819,0.9039297,-0.1977419,-0.3792219,-0.04951695,0.8323409,-0.5520478,0.4248049,0.5177903,0.7425861,static,35.7647,31.98811,4.546594,0.5993325
05/15/2023 14:22:48.791312,903,True,True,True,True,Eyes,1.270455,-0.2879891,-3.373961,0.5212789,0.4521131,0.7237831,0,0,0,0,0,0,0,-2.498833,-1.566334,2.131268,1.278196,-0.296045,-3.393883,-0.287077,0.2151971,-0.03988705,0.9325697,328.7836,29.74238,346.6168,0.351695,-0.07984369,-0.932703,0,0,0,1.825804,0.267814,-2.613647,0.08823216,0.011042,1.103935,0.9041985,-0.1979512,-0.3784712,-0.04916135,0.8319917,-0.5526057,0.4242738,0.5182714,0.742554,static,35.76197,31.99107,4.56966,0.5730762
05/15/2023 14:22:48.810793,904,True,True,True,True,Eyes,1.270318,-0.2879294,-3.374189,0.5212117,0.4521883,0.7237846,0,0,0,0,0,0,0,-2.496774,-1.569871,2.131274,1.278099,-0.295909,-3.394054,-0.2874941,0.2149165,-0.04009014,0.9324971,328.7386,29.72677,346.5833,0.3516529,-0.07982205,-0.9327208,0,0,0,1.825804,0.267814,-2.613647,0.08872584,0.01011002,1.104004,0.9044074,-0.1983423,-0.3777666,-0.04880657,0.8314798,-0.5534069,0.4238693,0.5189428,0.7423161,static,35.75842,31.9953,4.594833,0.5246769
05/15/2023 14:22:48.820843,905,True,True,True,True,Eyes,1.270156,-0.2878719,-3.374398,0.5212578,0.4521551,0.7237721,0,0,0,0,0,0,0,-2.495252,-1.571908,2.131746,1.278111,-0.2958868,-3.394172,-0.2878002,0.2146438,-0.0400952,0.9324653,328.7003,29.70188,346.579,0.3516096,-0.07980057,-0.932739,0,0,0,1.825804,0.267814,-2.613647,0.08924285,0.009429753,1.104034,0.9046408,-0.1983238,-0.377217,-0.04877431,0.8311269,-0.5539398,0.4233747,0.519515,0.7421981,static,35.76129,31.99385,4.621364,0.4893614
05/15/2023 14:22:48.841132,906,True,True,True,True,Eyes,1.269999,-0.2878204,-3.374605,0.5212907,0.4521219,0.7237692,0,0,0,0,0,0,0,-2.494575,-1.572982,2.13174,1.278031,-0.2959785,-3.39419,-0.2880358,0.2145241,-0.04002431,0.9324232,328.6697,29.69213,346.5817,0.3515649,-0.07977936,-0.9327576,0,0,0,1.825804,0.267814,-2.613647,0.08958197,0.008961022,1.10411,0.9047549,-0.1982204,-0.3769975,-0.04894204,0.8308669,-0.5543149,0.4231113,0.5199702,0.7420295,static,35.76311,31.99207,4.638534,0.4650058
05/15/2023 14:22:48.861072,907,True,True,True,True,Eyes,1.269819,-0.2877662,-3.374796,0.521399,0.4520023,0.7237659,0,0,0,0,0,0,0,-2.493546,-1.573398,2.132924,1.278005,-0.2960712,-3.394372,-0.2880184,0.214333,-0.04010512,0.932469,328.6714,29.66903,346.5794,0.351519,-0.07975855,-0.9327767,0,0,0,1.825804,0.267814,-2.613647,0.08987886,0.009078026,1.104274,0.9049059,-0.1982573,-0.3766157,-0.04867014,0.8308739,-0.5543282,0.4228197,0.5199448,0.7422135,static,35.76888,31.98538,4.653149,0.4710069
05/15/2023 14:22:48.870911,908,True,True,True,True,Eyes,1.269647,-0.287714,-3.374985,0.5215001,0.4518901,0.7237632,0,0,0,0,0,0,0,-2.492436,-1.574537,2.133496,1.27795,-0.2960531,-3.394466,-0.2881425,0.214151,-0.04016238,0.93247,328.6566,29.65135,346.5735,0.3514716,-0.07973808,-0.9327963,0,0,0,1.825804,0.267814,-2.613647,0.09024411,0.008820295,1.104331,0.9050527,-0.1983124,-0.3762337,-0.04851159,0.8307217,-0.5545702,0.4225237,0.5201669,0.7422265,static,35.77425,31.97908,4.671736,0.4576119
05/15/2023 14:22:48.890878,909,True,True,True,True,Eyes,1.269438,-0.2876572,-3.375151,0.5216339,0.4517344,0.7237638,0,0,0,0,0,0,0,-2.491885,-1.575599,2.133592,1.278002,-0.2960567,-3.394595,-0.2882193,0.2140764,-0.0402955,0.9324576,328.6508,29.64858,346.5563,0.3514231,-0.07971796,-0.9328163,0,0,0,1.825804,0.267814,-2.613647,0.09021497,0.008687139,1.104402,0.9050952,-0.1985496,-0.3760063,-0.0482542,0.8306118,-0.5547572,0.4224621,0.5202519,0.7422019,static,35.78119,31.97019,4.669936,0.4506748
05/15/2023 14:22:48.910985,910,True,True,True,True,Eyes,1.26924,-0.2876061,-3.375312,0.5217593,0.4515975,0.7237589,0,0,0,0,0,0,0,-2.491314,-1.576401,2.133688,1.277881,-0.2960556,-3.394655,-0.2883219,0.2140047,-0.04033021,0.9324409,328.6393,29.6439,346.55,0.351373,-0.07969812,-0.9328369,0,0,0,1.825804,0.267814,-2.613647,0.0904277,0.008461893,1.104488,0.9051509,-0.1986155,-0.3758372,-0.04819337,0.830488,-0.5549479,0.4223495,0.5204244,0.742145,static,35.78791,31.96257,4.680536,0.4389558
05/15/2023 14:22:48.920630,911,True,True,True,True,Eyes,1.269021,-0.2875529,-3.375458,0.5219372,0.451418,0.7237426,0,0,0,0,0,0,0,-2.491531,-1.57655,2.133435,1.277966,-0.2961389,-3.394685,-0.2884525,0.2139973,-0.04019371,0.9324082,328.6202,29.64309,346.5615,0.3513216,-0.07967868,-0.9328579,0,0,0,1.825804,0.267814,-2.613647,0.09042263,0.008147299,1.104512,0.9051792,-0.19841,-0.3758777,-0.04850223,0.8303593,-0.5551136,0.4222536,0.5207082,0.7420006,static,35.79779,31.95292,4.680172,0.4226277
05/15/2023 14:22:48.941294,912,True,True,True,True,Eyes,1.268815,-0.2875017,-3.3756,0.5221118,0.451256,0.7237177,0,0,0,0,0,0,0,-2.491498,-1.577386,2.132971,1.277863,-0.2961314,-3.394797,-0.2886069,0.2140135,-0.04017541,0.9323575,328.6024,29.65007,346.5563,0.3512688,-0.0796596,-0.9328794,0,0,0,1.825804,0.267814,-2.613647,0.09044328,0.007715762,1.10464,0.9051683,-0.1984472,-0.3758843,-0.04861585,0.830184,-0.5553657,0.4222639,0.5209733,0.7418086,static,35.80782,31.94457,4.680696,0.4001967
05/15/2023 14:22:48.961168,913,True,True,True,True,Eyes,1.268584,-0.2874524,-3.375718,0.5223349,0.4510621,0.7236776,0,0,0,0,0,0,0,-2.491964,-1.577963,2.132106,1.277986,-0.2961325,-3.394817,-0.2887551,0.2140843,-0.04012957,0.9322973,328.5853,29.66312,346.5528,0.351215,-0.07964089,-0.9329012,0,0,0,1.825804,0.267814,-2.613647,0.09019238,0.007334888,1.104617,0.905115,-0.1984613,-0.3760053,-0.0488105,0.8300203,-0.5555934,0.4223557,0.5212289,0.7415768,static,35.82094,31.93494,4.667867,0.3804505
05/15/2023 14:22:48.980672,914,True,True,True,True,Eyes,1.268368,-0.2874013,-3.375831,0.522544,0.4508738,0.723644,0,0,0,0,0,0,0,-2.491992,-1.577632,2.132152,1.277908,-0.2962591,-3.394731,-0.2887455,0.2140936,-0.04009777,0.9322995,328.5855,29.66296,346.5569,0.35116,-0.07962263,-0.9329234,0,0,0,1.825804,0.267814,-2.613647,0.09027216,0.007482827,1.104652,0.9051122,-0.1984034,-0.3760425,-0.04887087,0.8300363,-0.555564,0.4223547,0.5212253,0.7415799,static,35.83308,31.92539,4.67183,0.3881113
05/15/2023 14:22:48.991231,915,True,True,True,True,Eyes,1.268151,-0.2873501,-3.375937,0.5227313,0.4507081,0.723612,0,0,0,0,0,0,0,-2.491136,-1.578594,2.132431,1.278035,-0.2961726,-3.394685,-0.2887659,0.2139719,-0.04028131,0.9323131,328.5871,29.65368,346.5376,0.3511043,-0.07960472,-0.932946,0,0,0,1.825804,0.267814,-2.613647,0.09033024,0.007545352,1.104507,0.9051868,-0.1986852,-0.3757139,-0.04846602,0.8299834,-0.5556786,0.4222414,0.5212023,0.7416606,static,35.84403,31.91708,4.675435,0.3914056
05/15/2023 14:22:49.010949,916,True,True,True,True,Eyes,1.267946,-0.2872981,-3.376033,0.5229208,0.4505364,0.7235819,0,0,0,0,0,0,0,-2.489588,-1.580788,2.132645,1.27801,-0.2961584,-3.394716,-0.2890195,0.2137487,-0.04042994,0.9322793,328.5597,29.63814,346.5161,0.351048,-0.07958715,-0.9329687,0,0,0,1.825804,0.267814,-2.613647,0.09071171,0.00710845,1.104505,0.9053538,-0.1989391,-0.3751769,-0.04817108,0.8296664,-0.5561774,0.4219171,0.52161,0.7415585,static,35.85503,31.90836,4.695098,0.3687431
05/15/2023 14:22:49.020624,917,True,True,True,True,Eyes,1.267742,-0.2872462,-3.376117,0.5231015,0.4503619,0.7235599,0,0,0,0,0,0,0,-2.488669,-1.582958,2.131899,1.278067,-0.2961055,-3.394567,-0.2890464,0.2137547,-0.04097567,0.9322458,328.5733,29.65769,346.447,0.3509915,-0.07956987,-0.9329914,0,0,0,1.825804,0.267814,-2.613647,0.09034503,0.007423341,1.104373,0.9052599,-0.1999688,-0.374856,-0.0471712,0.8295464,-0.556442,0.4222315,0.5214069,0.7415223,static,35.86525,31.89918,4.67676,0.3851233
05/15/2023 14:22:49.041088,918,True,True,True,True,Eyes,1.267742,-0.2872462,-3.376117,0.5231015,0.4503619,0.7235599,0,0,0,0,0,0,0,-2.487246,-1.584298,2.132158,1.2779,-0.2960693,-3.394379,-0.2890271,0.2136403,-0.04134643,0.9322616,328.5851,29.65407,346.406,0.3509349,-0.07955287,-0.9330141,0,0,0,1.825804,0.267814,-2.613647,0.09057325,0.00779283,1.104283,0.9052966,-0.200587,-0.3744368,-0.04640432,0.8295076,-0.5565643,0.4222378,0.5212312,0.7416423,static,35.86525,31.89918,4.6889,0.4043246
05/15/2023 14:22:49.060798,919,True,True,True,True,Eyes,1.267551,-0.2872027,-3.376187,0.523301,0.4498522,0.7237327,0,0,0,0,0,0,0,-2.486147,-1.582723,2.134318,1.277894,-0.2960957,-3.394195,-0.2887805,0.2133771,-0.04125568,0.9324024,328.6065,29.60777,346.4378,0.3508841,-0.07953758,-0.9330345,0,0,0,1.825804,0.267814,-2.613647,0.09128618,0.00848341,1.104106,0.9055364,-0.200172,-0.3740789,-0.04630446,0.8298077,-0.5561251,0.4217342,0.5209131,0.7421522,static,35.86913,31.86394,4.726399,0.4402242
05/15/2023 14:22:49.071397,920,True,True,True,True,Eyes,1.267374,-0.2871583,-3.376246,0.5234677,0.4493378,0.7239318,0,0,0,0,0,0,0,-2.485764,-1.577877,2.137937,1.277811,-0.296147,-3.393963,-0.2882326,0.2130972,-0.0407458,0.9326583,328.649,29.53503,346.5355,0.350833,-0.07952262,-0.933055,0,0,0,1.825804,0.267814,-2.613647,0.09241965,0.009631574,1.103905,0.9058588,-0.1988469,-0.3740051,-0.04683926,0.8305236,-0.5550106,0.4209822,0.5202793,0.7430232,static,35.87031,31.82749,4.785678,0.499893
05/15/2023 14:22:49.090947,921,True,True,True,True,Eyes,1.267201,-0.287114,-3.376296,0.5236238,0.4487996,0.7241527,0,0,0,0,0,0,0,-2.48565,-1.573061,2.141448,1.277973,-0.2960449,-3.393806,-0.2876379,0.2128359,-0.04027539,0.9329219,328.6984,29.46453,346.6295,0.3507823,-0.07950795,-0.9330753,0,0,0,1.825804,0.267814,-2.613647,0.0932706,0.01074302,1.10358,0.9061575,-0.1975869,-0.3739491,-0.04729177,0.8312846,-0.5538316,0.420288,0.5195433,0.7439306,static,35.87011,31.7889,4.830953,0.5577399
05/15/2023 14:22:49.111837,922,True,True,True,True,Eyes,1.267087,-0.2870828,-3.376352,0.5233943,0.4486595,0.7244053,0,0,0,0,0,0,0,-2.48606,-1.568453,2.144005,1.277902,-0.2959781,-3.39362,-0.2869156,0.2128065,-0.04011128,0.9331582,328.7748,29.43012,346.6827,0.3507321,-0.07949356,-0.9330954,0,0,0,1.825804,0.267814,-2.613647,0.09363538,0.01229167,1.103402,0.9062089,-0.1969754,-0.3741472,-0.0472547,0.8321411,-0.5525472,0.4201814,0.5184034,0.7447856,static,35.84871,31.77195,4.850533,0.6382364
05/15/2023 14:22:49.120722,923,True,True,True,True,Eyes,1.267017,-0.2870614,-3.376416,0.5229774,0.4487065,0.7246773,0,0,0,0,0,0,0,-2.48561,-1.564413,2.147067,1.277917,-0.2960216,-3.393353,-0.2862807,0.2126122,-0.03996801,0.9334035,328.8396,29.37792,346.7353,0.3506836,-0.07947973,-0.9331148,0,0,0,1.825804,0.267814,-2.613647,0.09426957,0.01384687,1.103156,0.9063973,-0.1963461,-0.3740217,-0.04712095,0.8328919,-0.5514262,0.41979,0.5174355,0.7456788,static,35.81683,31.76501,4.884311,0.7191418
05/15/2023 14:22:49.141345,924,True,True,True,True,Eyes,1.266953,-0.2870401,-3.376471,0.5225456,0.4487292,0.7249746,0,0,0,0,0,0,0,-2.484033,-1.559973,2.151789,1.277798,-0.2960131,-3.39319,-0.2856166,0.2121616,-0.03967145,0.933722,328.8996,29.28629,346.8172,0.3506378,-0.07946662,-0.9331331,0,0,0,1.825804,0.267814,-2.613647,0.09565416,0.01533586,1.102957,0.9068273,-0.1952779,-0.3735382,-0.0471095,0.8336987,-0.5502064,0.4188615,0.5165395,0.7468213,static,35.78323,31.75579,4.956585,0.796607
05/15/2023 14:22:49.160875,925,True,True,True,True,Eyes,1.266926,-0.2870254,-3.37653,0.5220647,0.4488921,0.7252203,0,0,0,0,0,0,0,-2.482673,-1.556572,2.15556,1.277869,-0.2959681,-3.393003,-0.2851233,0.2117555,-0.03940997,0.9339761,328.942,29.20765,346.8857,0.3505944,-0.07945417,-0.9331505,0,0,0,1.825804,0.267814,-2.613647,0.09675318,0.01644659,1.102655,0.9072129,-0.1943688,-0.3730757,-0.04713693,0.8343031,-0.5492873,0.4180225,0.5159062,0.7477286,static,35.749,31.75641,5.014613,0.8545288
05/15/2023 14:22:49.180814,926,True,True,True,True,Eyes,1.266888,-0.2869986,-3.376576,0.5215836,0.4490249,0.7254841,0,0,0,0,0,0,0,-2.481691,-1.553618,2.158305,1.278025,-0.2963395,-3.392586,-0.2848449,0.2114187,-0.03909751,0.9341503,328.9595,29.14391,346.9485,0.3505543,-0.07944246,-0.9331666,0,0,0,1.825804,0.267814,-2.613647,0.09765124,0.01750869,1.102377,0.9075471,-0.193489,-0.3727202,-0.04739719,0.8346695,-0.5487078,0.4172671,0.515644,0.7483311,static,35.71408,31.75467,5.062188,0.9099334
05/15/2023 14:22:49.191176,927,True,True,True,True,Eyes,1.266871,-0.2869918,-3.37661,0.5212567,0.449177,0.7256249,0,0,0,0,0,0,0,-2.480161,-1.551607,2.160875,1.277746,-0.2960079,-3.392316,-0.2844389,0.2111395,-0.03905232,0.9343391,329.0003,29.09202,346.9817,0.3505168,-0.07943112,-0.9331816,0,0,0,1.825804,0.267814,-2.613647,0.09872755,0.01831329,1.102046,0.9077901,-0.1930888,-0.3723357,-0.04713631,0.8351389,-0.5480157,0.4167677,0.5150338,0.7490293,static,35.69179,31.75837,5.119216,0.952027
05/15/2023 14:22:49.210707,928,True,True,True,True,Eyes,1.266857,-0.2869882,-3.376632,0.5209044,0.4493082,0.7257966,0,0,0,0,0,0,0,-2.477428,-1.550238,2.164615,1.277597,-0.2960013,-3.392134,-0.2842116,0.2105712,-0.03890693,0.9345425,329.0139,29.00517,347.0298,0.3504824,-0.07942067,-0.9331954,0,0,0,1.825804,0.267814,-2.613647,0.1002687,0.01897144,1.101838,0.908292,-0.1924139,-0.3714599,-0.0469732,0.83542,-0.547601,0.4156911,0.5148303,0.7497671,static,35.66702,31.7598,5.19967,0.9864216
05/15/2023 14:22:49.220846,929,True,True,True,True,Eyes,1.266859,-0.2869838,-3.376656,0.5206125,0.4494579,0.7259134,0,0,0,0,0,0,0,-2.475207,-1.547825,2.168512,1.277676,-0.2960591,-3.391865,-0.2838433,0.2100416,-0.03873074,0.934781,329.0432,28.91767,347.0864,0.3504508,-0.07941114,-0.9332081,0,0,0,1.825804,0.267814,-2.613647,0.1015694,0.02002162,1.1015,0.908765,-0.1916473,-0.3706988,-0.04682828,0.8358659,-0.5469328,0.4146727,0.5143925,0.750631,static,35.64743,31.76421,5.268353,1.041333
05/15/2023 14:22:49.241774,930,True,True,True,True,Eyes,1.266863,-0.286979,-3.376669,0.5203094,0.4495852,0.7260517,0,0,0,0,0,0,0,-2.473152,-1.546613,2.171399,1.277573,-0.2959464,-3.391709,-0.283534,0.2096492,-0.03876372,0.9349616,329.0738,28.85692,347.1096,0.3504223,-0.07940239,-0.9332196,0,0,0,1.825804,0.267814,-2.613647,0.1025842,0.0208205,1.101275,0.9090891,-0.1913705,-0.3700462,-0.04640018,0.8362117,-0.5464403,0.4140095,0.5139331,0.7513114,static,35.62647,31.76659,5.32177,1.083094
05/15/2023 14:22:49.261319,931,True,True,True,True,Eyes,1.266863,-0.2869748,-3.376674,0.5201815,0.4496989,0.7260731,0,0,0,0,0,0,0,-2.471857,-1.544589,2.173996,1.277618,-0.2959184,-3.391491,-0.2832043,0.2093347,-0.03866006,0.9351363,329.1039,28.80134,347.1477,0.3503966,-0.07939435,-0.9332299,0,0,0,1.825804,0.267814,-2.613647,0.1033977,0.02166784,1.100992,0.9093688,-0.1908738,-0.3696154,-0.04626409,0.8366014,-0.5458549,0.4134102,0.5134834,0.7519487,static,35.61899,31.77232,5.365098,1.127452
05/15/2023 14:22:49.280710,932,True,True,True,True,Eyes,1.266865,-0.2869737,-3.376669,0.5200378,0.4497999,0.7261134,0,0,0,0,0,0,0,-2.471238,-1.542857,2.175508,1.277515,-0.2959253,-3.391259,-0.2830457,0.2091558,-0.03842401,0.9352341,329.1125,28.76503,347.1901,0.3503735,-0.07938699,-0.9332393,0,0,0,1.825804,0.267814,-2.613647,0.1041318,0.02204645,1.100806,0.9095549,-0.1902722,-0.3694677,-0.04653043,0.8368174,-0.5455012,0.4129707,0.5133548,0.752278,static,35.60999,31.77665,5.403867,1.147341
05/15/2023 14:22:49.291167,933,True,True,True,True,Eyes,1.266867,-0.2869737,-3.376659,0.5200384,0.4498487,0.7260828,0,0,0,0,0,0,0,-2.470587,-1.540364,2.177684,1.277552,-0.2959846,-3.39103,-0.2827801,0.2089177,-0.03814176,0.9353791,329.131,28.71594,347.2448,0.3503527,-0.07938034,-0.9332476,0,0,0,1.825804,0.267814,-2.613647,0.1048939,0.02269661,1.10057,0.9097972,-0.1895095,-0.369263,-0.0468015,0.8371612,-0.5449501,0.4124059,0.5130761,0.7527776,static,35.61117,31.78052,5.444338,1.18142
05/15/2023 14:22:49.310741,934,True,True,True,True,Eyes,1.266872,-0.2869701,-3.376638,0.5200276,0.4498788,0.7260719,0,0,0,0,0,0,0,-2.46943,-1.539379,2.179393,1.277461,-0.2959953,-3.390871,-0.2826708,0.2086633,-0.03800352,0.9354746,329.136,28.67457,347.2757,0.3503342,-0.07937438,-0.9332551,0,0,0,1.825804,0.267814,-2.613647,0.1056819,0.02301264,1.100427,0.9100307,-0.1890687,-0.3689135,-0.0468634,0.837306,-0.5447225,0.4118834,0.5130028,0.7531137,static,35.61102,31.78262,5.485703,1.198022
05/15/2023 14:22:49.330468,935,True,True,True,True,Eyes,1.266878,-0.2869658,-3.376614,0.5201582,0.4498669,0.7259857,0,0,0,0,0,0,0,-2.468894,-1.537441,2.180931,1.277527,-0.2958949,-3.390574,-0.2823662,0.2085126,-0.03792171,0.9356034,329.1661,28.6421,347.304,0.3503178,-0.07936896,-0.9332617,0,0,0,1.825804,0.267814,-2.613647,0.1061496,0.02375323,1.100073,0.9101689,-0.1887132,-0.3687545,-0.04679444,0.8376625,-0.5441799,0.4115858,0.5125513,0.7535837,static,35.62105,31.78499,5.511592,1.236962
05/15/2023 14:22:49.346118,936,True,True,True,True,Eyes,1.266886,-0.286961,-3.376578,0.5202904,0.4498433,0.7259057,0,0,0,0,0,0,0,-2.469837,-1.534877,2.181453,1.277495,-0.2958606,-3.39045,-0.2821058,0.2085999,-0.03765517,0.9356734,329.189,28.63634,347.3449,0.3503034,-0.079364,-0.9332675,0,0,0,1.825804,0.267814,-2.613647,0.1062429,0.02417028,1.099965,0.9101364,-0.1881603,-0.3691172,-0.04722858,0.8379968,-0.5436274,0.4116081,0.512208,0.7538049,static,35.63093,31.78647,5.516946,1.258797
05/15/2023 14:22:49.361127,937,True,True,True,True,Eyes,1.266882,-0.2869532,-3.376536,0.5205231,0.4497928,0.72577,0,0,0,0,0,0,0,-2.470854,-1.532753,2.181327,1.277542,-0.2958362,-3.390133,-0.2818831,0.2087383,-0.03749314,0.9357162,329.2114,28.64188,347.3694,0.350291,-0.07935947,-0.9332725,0,0,0,1.825804,0.267814,-2.613647,0.1061505,0.02467239,1.099703,0.9100452,-0.1878455,-0.3695022,-0.04751372,0.8382723,-0.5431777,0.4117769,0.5118726,0.7539405,static,35.64813,31.78839,5.51348,1.285244
05/15/2023 14:22:49.380686,938,True,True,True,True,Eyes,1.266886,-0.2869467,-3.376485,0.5207287,0.4497243,0.725665,0,0,0,0,0,0,0,-2.470141,-1.531878,2.182486,1.277395,-0.2957948,-3.390024,-0.2817003,0.2086186,-0.03750581,0.9357973,329.2309,28.62059,347.3799,0.3502801,-0.07935528,-0.933277,0,0,0,1.825804,0.267814,-2.613647,0.1065931,0.02513361,1.099625,0.9101432,-0.1877315,-0.3693187,-0.04734016,0.8384766,-0.5428775,0.4115803,0.5115799,0.7542465,static,35.66278,31.78819,5.536721,1.309355
05/15/2023 14:22:49.391297,939,True,True,True,True,Eyes,1.266885,-0.2869377,-3.376428,0.5210094,0.4496176,0.7255296,0,0,0,0,0,0,0,-2.469719,-1.528799,2.184847,1.277615,-0.2958004,-3.389763,-0.2812838,0.2084025,-0.03729038,0.9359794,329.269,28.57172,347.4317,0.3502708,-0.07935142,-0.9332808,0,0,0,1.825804,0.267814,-2.613647,0.1071266,0.02612859,1.099259,0.9103556,-0.1870466,-0.3691425,-0.04743443,0.8389777,-0.5420945,0.4110993,0.5110089,0.7548956,static,35.68247,31.78689,5.566097,1.361623
05/15/2023 14:22:49.410763,940,True,True,True,True,Eyes,1.266888,-0.2869318,-3.376369,0.5212913,0.4494789,0.725413,0,0,0,0,0,0,0,-2.470007,-1.525425,2.186718,1.277655,-0.2957455,-3.38965,-0.2806768,0.2083959,-0.03729119,0.9361629,329.3378,28.55094,347.4573,0.3502631,-0.07934782,-0.933284,0,0,0,1.825804,0.267814,-2.613647,0.107197,0.02748138,1.09909,0.9103611,-0.186805,-0.3692514,-0.0471625,0.8396598,-0.541061,0.4111185,0.5099757,0.7555834,static,35.70152,31.7831,5.57058,1.432311
05/15/2023 14:22:49.420819,941,True,True,True,True,Eyes,1.266831,-0.2869169,-3.376286,0.5216543,0.4493019,0.7252617,0,0,0,0,0,0,0,-2.470994,-1.522825,2.187363,1.277735,-0.2958053,-3.38958,-0.2801944,0.2085496,-0.03737294,0.9362701,329.397,28.5578,347.4619,0.3502567,-0.07934453,-0.9332867,0,0,0,1.825804,0.267814,-2.613647,0.1067853,0.02864116,1.099043,0.9102207,-0.1868512,-0.369574,-0.04688651,0.8401888,-0.5402634,0.4114608,0.509087,0.7559964,static,35.72609,31.77834,5.549557,1.492796
05/15/2023 14:22:49.441280,942,True,True,True,True,Eyes,1.266777,-0.2869017,-3.376203,0.5219868,0.4491216,0.7251341,0,0,0,0,0,0,0,-2.471069,-1.521258,2.188111,1.277601,-0.2958055,-3.389464,-0.2797959,0.2086155,-0.03757441,0.9363664,329.4489,28.55978,347.4514,0.3502502,-0.07934137,-0.9332894,0,0,0,1.825804,0.267814,-2.613647,0.1066968,0.02968192,1.099009,0.9101356,-0.1871064,-0.3696547,-0.04637266,0.8406048,-0.5396603,0.4117074,0.5083058,0.7563877,static,35.74818,31.77256,5.545162,1.547063
05/15/2023 14:22:49.460643,943,True,True,True,True,Eyes,1.26667,-0.2868793,-3.376101,0.5223773,0.4489501,0.7249592,0,0,0,0,0,0,0,-2.469681,-1.520937,2.189785,1.277664,-0.2957794,-3.389369,-0.2796388,0.208353,-0.03766637,0.9364682,329.466,28.52329,347.4558,0.3502439,-0.07933833,-0.933292,0,0,0,1.825804,0.267814,-2.613647,0.1071903,0.03019029,1.098835,0.9103405,-0.1870739,-0.3691659,-0.04598045,0.8407668,-0.5394414,0.4112978,0.5080498,0.7567824,static,35.77505,31.76896,5.571519,1.573795
05/15/2023 14:22:49.480435,944,True,True,True,True,Eyes,1.26657,-0.2868541,-3.375998,0.52275,0.4487771,0.7247976,0,0,0,0,0,0,0,-2.46883,-1.520139,2.191199,1.277603,-0.2958152,-3.389325,-0.2795014,0.2081727,-0.03762748,0.9365507,329.478,28.49405,347.4727,0.3502366,-0.07933526,-0.933295,0,0,0,1.825804,0.267814,-2.613647,0.1076779,0.03056824,1.098794,0.9104966,-0.1868493,-0.3688948,-0.04588906,0.8409262,-0.5392005,0.4109625,0.5078686,0.7570861,static,35.8005,31.76479,5.59691,1.593546
05/15/2023 14:22:49.495901,945,True,True,True,True,Eyes,1.266425,-0.2868226,-3.375879,0.523126,0.4486364,0.7246133,0,0,0,0,0,0,0,-2.468408,-1.520148,2.191514,1.277704,-0.2957197,-3.389195,-0.2794158,0.2081109,-0.03773966,0.9365855,329.4902,28.48674,347.4646,0.3502285,-0.07933211,-0.9332983,0,0,0,1.825804,0.267814,-2.613647,0.1077124,0.03083873,1.098593,0.9105312,-0.1869918,-0.3687371,-0.04560609,0.841005,-0.5391017,0.4109173,0.5076857,0.7572334,static,35.82695,31.76327,5.599713,1.607935
05/15/2023 14:22:49.510924,946,True,True,True,True,Eyes,1.266288,-0.2867916,-3.375764,0.5234731,0.448502,0.7244459,0,0,0,0,0,0,0,-2.467451,-1.520493,2.192218,1.27762,-0.2957448,-3.389138,-0.2794298,0.2079585,-0.0377869,0.9366133,329.488,28.46882,347.4635,0.3502188,-0.07932875,-0.9333022,0,0,0,1.825804,0.267814,-2.613647,0.1080982,0.03092837,1.098566,0.9106508,-0.1870031,-0.3684359,-0.04543621,0.8409822,-0.5391517,0.4106711,0.5077192,0.7573444,static,35.85128,31.76151,5.619774,1.612645
05/15/2023 14:22:49.520625,947,True,True,True,True,Eyes,1.266133,-0.286759,-3.375645,0.5238158,0.4483775,0.7242752,0,0,0,0,0,0,0,-2.466367,-1.520693,2.193275,1.277684,-0.2957232,-3.3891,-0.2794164,0.2077454,-0.03781028,0.9366637,329.4873,28.44131,347.4687,0.3502078,-0.07932521,-0.9333066,0,0,0,1.825804,0.267814,-2.613647,0.108499,0.03103709,1.098454,0.9108245,-0.186926,-0.3680454,-0.04526391,0.8409936,-0.5391482,0.4103046,0.5077286,0.7575366,static,35.87549,31.76044,5.641049,1.618476
05/15/2023 14:22:49.541442,948,True,True,True,True,Eyes,1.265988,-0.286724,-3.375526,0.5241157,0.4482667,0.7241268,0,0,0,0,0,0,0,-2.464303,-1.520897,2.195335,1.27758,-0.2957342,-3.389062,-0.2793578,0.2073762,-0.03786945,0.9367605,329.4908,28.39311,347.4768,0.3501953,-0.0793215,-0.9333117,0,0,0,1.825804,0.267814,-2.613647,0.1093593,0.03133088,1.098391,0.9111221,-0.1868135,-0.3673654,-0.04491513,0.8410503,-0.5390891,0.4096819,0.5076762,0.7579087,static,35.89664,31.75935,5.685812,1.633881
05/15/2023 14:22:49.561034,949,True,True,True,True,Eyes,1.26585,-0.286691,-3.375414,0.5242153,0.4482886,0.7240412,0,0,0,0,0,0,0,-2.462331,-1.521188,2.197214,1.277689,-0.2956383,-3.388945,-0.279393,0.2069656,-0.03779366,0.9368439,329.4792,28.33828,347.4992,0.3501815,-0.07931756,-0.9333172,0,0,0,1.825804,0.267814,-2.613647,0.1102502,0.03130722,1.098116,0.9114738,-0.186463,-0.3666703,-0.04483595,0.8410224,-0.5391393,0.4089074,0.5078513,0.7582096,static,35.90503,31.76363,5.73325,1.633056
05/15/2023 14:22:49.580825,950,True,True,True,True,Eyes,1.265721,-0.2866582,-3.375306,0.5242902,0.448304,0.7239774,0,0,0,0,0,0,0,-2.460345,-1.521342,2.199269,1.277626,-0.2956344,-3.388928,-0.2793573,0.2065895,-0.03779839,0.9369374,329.4784,28.2882,347.5133,0.3501669,-0.07931343,-0.933323,0,0,0,1.825804,0.267814,-2.613647,0.1111185,0.03149611,1.098041,0.9117842,-0.186254,-0.3660043,-0.04459514,0.8410614,-0.5390981,0.4082413,0.5078631,0.7585605,static,35.91132,31.76677,5.778491,1.643016
05/15/2023 14:22:49.590859,951,True,True,True,True,Eyes,1.265616,-0.2866307,-3.375206,0.5242323,0.4484106,0.7239534,0,0,0,0,0,0,0,-2.458703,-1.521258,2.201192,1.27771,-0.2956049,-3.388918,-0.2792457,0.2062643,-0.03785954,0.9370398,329.4886,28.2441,347.5218,0.3501516,-0.07930914,-0.9333291,0,0,0,1.825804,0.267814,-2.613647,0.1117126,0.03185451,1.097907,0.9120434,-0.1861486,-0.3654115,-0.04424507,0.841177,-0.5389468,0.4076999,0.5077105,0.7589538,static,35.90921,31.77372,5.80988,1.661905
05/15/2023 14:22:49.610823,952,True,True,True,True,Eyes,1.265513,-0.2866002,-3.375106,0.5241474,0.4485147,0.7239503,0,0,0,0,0,0,0,-2.457674,-1.520536,2.202628,1.277625,-0.295609,-3.388812,-0.2790929,0.2060713,-0.03786267,0.9371276,329.5034,28.21408,347.5345,0.3501362,-0.07930481,-0.9333352,0,0,0,1.825804,0.267814,-2.613647,0.112249,0.03230208,1.097808,0.9122021,-0.1859904,-0.3650958,-0.04406177,0.8413471,-0.5386962,0.4073646,0.5074866,0.7592835,static,35.90492,31.77979,5.838107,1.685393
05/15/2023 14:22:49.620666,953,True,True,True,True,Eyes,1.265436,-0.2865766,-3.375019,0.5239651,0.4486915,0.7239727,0,0,0,0,0,0,0,-2.455468,-1.520535,2.20488,1.277604,-0.2955031,-3.388695,-0.2790393,0.2056442,-0.03783315,0.9372386,329.5031,28.15572,347.5554,0.3501208,-0.07930035,-0.9333414,0,0,0,1.825804,0.267814,-2.613647,0.113268,0.03249323,1.097571,0.9125582,-0.185683,-0.3643616,-0.04384827,0.8414114,-0.5386131,0.4065894,0.5074925,0.759695,static,35.89461,31.7891,5.891999,1.695727
05/15/2023 14:22:49.646401,954,True,True,True,True,Eyes,1.265367,-0.2865554,-3.374933,0.5237609,0.4488563,0.7240184,0,0,0,0,0,0,0,-2.452508,-1.520228,2.208302,1.277529,-0.2955358,-3.388667,-0.2788946,0.205071,-0.03784017,0.937407,329.5121,28.07652,347.5806,0.3501059,-0.07929593,-0.9333475,0,0,0,1.825804,0.267814,-2.613647,0.114571,0.03301364,1.097455,0.9130281,-0.1853297,-0.3633631,-0.04344309,0.8415719,-0.5383954,0.4055767,0.5073557,0.7603273,static,35.88229,31.7969,5.959918,1.723053
05/15/2023 14:22:49.661229,955,True,True,True,True,Eyes,1.265329,-0.2865382,-3.374859,0.5235031,0.4490703,0.7240722,0,0,0,0,0,0,0,-2.450417,-1.519791,2.210906,1.277666,-0.2955641,-3.388603,-0.2787525,0.2046325,-0.03784776,0.9375448,329.5228,28.01502,347.601,0.3500915,-0.0792916,-0.9333532,0,0,0,1.825804,0.267814,-2.613647,0.1154056,0.03351623,1.097253,0.9133862,-0.1850515,-0.3626038,-0.04311567,0.8417292,-0.5381756,0.4048045,0.5071961,0.7608452,static,35.86687,31.80723,6.004111,1.749588
05/15/2023 14:22:49.680859,956,True,True,True,True,Eyes,1.265299,-0.2865216,-3.374782,0.52325,0.4492601,0.7241372,0,0,0,0,0,0,0,-2.449104,-1.519843,2.212228,1.277643,-0.2955238,-3.388551,-0.278621,0.2044214,-0.03800514,0.9376235,329.5394,27.98829,347.5943,0.3500783,-0.0792874,-0.9333585,0,0,0,1.825804,0.267814,-2.613647,0.1158025,0.03395653,1.097152,0.9135351,-0.1851812,-0.3621626,-0.04264318,0.8418519,-0.5380213,0.4045187,0.5069452,0.7611644,static,35.85128,31.81577,6.025162,1.772721
05/15/2023 14:22:49.690719,957,True,True,True,True,Eyes,1.265281,-0.2865097,-3.374712,0.5230921,0.4494064,0.7241606,0,0,0,0,0,0,0,-2.44855,-1.519063,2.213212,1.277791,-0.2955206,-3.388388,-0.2784127,0.2043077,-0.03810427,0.9377063,329.5645,27.96992,347.5945,0.3500665,-0.07928336,-0.9333633,0,0,0,1.825804,0.267814,-2.613647,0.1159146,0.0345993,1.096929,0.9136129,-0.1852249,-0.3619437,-0.04230247,0.8420689,-0.5377086,0.4043786,0.5065686,0.7614895,static,35.84219,31.8233,6.032166,1.806622
05/15/2023 14:22:49.710742,958,True,True,True,True,Eyes,1.265268,-0.2864933,-3.374634,0.5229388,0.4495141,0.7242045,0,0,0,0,0,0,0,-2.447538,-1.517831,2.215098,1.277734,-0.2955628,-3.388355,-0.2780189,0.2041521,-0.03833836,0.9378473,329.6139,27.94445,347.5872,0.3500561,-0.07927955,-0.9333675,0,0,0,1.825804,0.267814,-2.613647,0.116166,0.03570592,1.096894,0.9137042,-0.1854273,-0.3616095,-0.04160523,0.8424714,-0.5371322,0.4042446,0.5058247,0.7620548,static,35.83257,31.8279,6.045348,1.864425
05/15/2023 14:22:49.730467,959,True,True,True,True,Eyes,1.265289,-0.2864883,-3.374565,0.5227138,0.4496511,0.7242819,0,0,0,0,0,0,0,-2.446712,-1.51681,2.216369,1.277836,-0.295438,-3.388105,-0.2776289,0.2040435,-0.03862961,0.9379745,329.6651,27.92704,347.5709,0.3500471,-0.07927584,-0.9333712,0,0,0,1.825804,0.267814,-2.613647,0.1162407,0.03680897,1.096558,0.913748,-0.185764,-0.3613259,-0.04082959,0.8428599,-0.5365821,0.4042247,0.5050535,0.7625768,static,35.81796,31.83298,6.051044,1.922567
05/15/2023 14:22:49.742903,960,True,True,True,True,Eyes,1.265315,-0.2864845,-3.374493,0.5224792,0.449742,0.7243947,0,0,0,0,0,0,0,-2.445363,-1.513801,2.219599,1.277787,-0.295542,-3.387909,-0.2770526,0.2037507,-0.03866715,0.938207,329.7278,27.87173,347.5999,0.3500401,-0.07927248,-0.9333741,0,0,0,1.825804,0.267814,-2.613647,0.1169721,0.03836614,1.096366,0.913981,-0.1854549,-0.360895,-0.04034375,0.8434934,-0.5356222,0.4037464,0.5041084,0.763455,static,35.80152,31.83417,6.08989,2.004185
05/15/2023 14:22:49.760926,961,True,True,True,True,Eyes,1.265361,-0.2864836,-3.374425,0.5223848,0.4497897,0.7244331,0,0,0,0,0,0,0,-2.444132,-1.51068,2.222946,1.277926,-0.2955534,-3.387769,-0.2764236,0.2034479,-0.03872483,0.9384559,329.797,27.81415,347.6289,0.3500351,-0.07926948,-0.9333763,0,0,0,1.825804,0.267814,-2.613647,0.1175392,0.03995287,1.096086,0.9142187,-0.1851587,-0.3604449,-0.03979253,0.8441808,-0.5345797,0.4032627,0.5030658,0.7643979,static,35.79517,31.83553,6.120742,2.087535
05/15/2023 14:22:49.770655,962,True,True,True,True,Eyes,1.265413,-0.286483,-3.37435,0.5223059,0.4497849,0.724493,0,0,0,0,0,0,0,-2.444334,-1.507998,2.22438,1.278011,-0.2955373,-3.38763,-0.2758643,0.2034644,-0.03886391,0.9386111,329.8647,27.80295,347.6339,0.3500323,-0.07926687,-0.9333775,0,0,0,1.825804,0.267814,-2.613647,0.1174173,0.04132324,1.0959,0.9141837,-0.1852133,-0.3605056,-0.03930099,0.8447769,-0.5336735,0.4033903,0.5020437,0.7650021,static,35.78882,31.83313,6.115475,2.159437
05/15/2023 14:22:49.790834,963,True,True,True,True,Eyes,1.265515,-0.2864898,-3.374289,0.5220907,0.4498904,0.7245827,0,0,0,0,0,0,0,-2.444938,-1.505004,2.225509,1.278178,-0.295537,-3.387414,-0.2752163,0.2035649,-0.03908732,0.9387702,329.946,27.80252,347.629,0.3500317,-0.07926461,-0.9333779,0,0,0,1.825804,0.267814,-2.613647,0.117013,0.04297549,1.095643,0.914067,-0.1854368,-0.3606864,-0.03866075,0.8454563,-0.5326434,0.4037163,0.5008161,0.7656347,static,35.77425,31.83598,6.095994,2.246217
05/15/2023 14:22:49.810720,964,True,True,True,True,Eyes,1.265615,-0.2865009,-3.374219,0.5218568,0.4499418,0.7247191,0,0,0,0,0,0,0,-2.443619,-1.502294,2.228341,1.278085,-0.2954742,-3.387161,-0.2744492,0.2033855,-0.03948851,0.939017,330.0422,27.76752,347.6167,0.3500343,-0.07926281,-0.9333771,0,0,0,1.825804,0.267814,-2.613647,0.1173497,0.0450353,1.09536,0.9141501,-0.1857987,-0.3602896,-0.03747716,0.8462366,-0.5314876,0.4036399,0.499362,0.7666241,static,35.75696,31.83408,6.114969,2.354368
05/15/2023 14:22:49.821082,965,True,True,True,True,Eyes,1.26574,-0.2865173,-3.374153,0.5216873,0.4500017,0.724804,0,0,0,0,0,0,0,-2.442017,-1.497621,2.232864,1.278131,-0.2955667,-3.386889,-0.2736253,0.2029805,-0.03943899,0.9393471,330.1291,27.68757,347.6699,0.3500396,-0.07926156,-0.9333752,0,0,0,1.825804,0.267814,-2.613647,0.1183374,0.04713792,1.094998,0.914487,-0.185175,-0.3597552,-0.0369874,0.8471475,-0.5300688,0.4029212,0.4980474,0.7678562,moving,35.74496,31.83448,6.168065,2.464969
05/15/2023 14:22:49.841078,966,True,True,True,True,Eyes,1.265866,-0.2865311,-3.374077,0.52152,0.4500123,0.7249178,0,0,0,0,0,0,0,-2.441217,-1.492398,2.236932,1.278189,-0.2955731,-3.386669,-0.2728398,0.2026702,-0.03918114,0.9396533,330.207,27.61485,347.7437,0.350048,-0.07926092,-0.9333721,0,0,0,1.821916,0.2649142,-2.613648,0.1162335,0.04658046,1.091635,0.9147792,-0.1842264,-0.3594992,-0.03695965,0.8480466,-0.5286313,0.4022599,0.4968679,0.7689664,moving,35.73198,31.83106,6.077757,2.44335
05/15/2023 14:22:49.860831,967,True,True,True,True,Eyes,1.266024,-0.2865482,-3.374011,0.5213019,0.4500747,0.7250358,0,0,0,0,0,0,0,-2.441109,-1.488626,2.239224,1.278358,-0.2955103,-3.386388,-0.2721439,0.2025796,-0.03922208,0.9398729,330.286,27.58277,347.7695,0.3500593,-0.0792608,-0.9333679,0,0,0,1.817655,0.261736,-2.613649,0.1130859,0.04570454,1.087939,0.9148463,-0.1839892,-0.35945,-0.03653408,0.8487986,-0.5274525,0.4021463,0.4956702,0.7697984,moving,35.7162,31.83044,5.934303,2.405593
05/15/2023 14:22:49.870578,968,True,True,True,True,Eyes,1.266178,-0.2865629,-3.373935,0.521064,0.4501065,0.7251872,0,0,0,0,0,0,0,-2.440093,-1.486486,2.241356,1.278265,-0.2954355,-3.386166,-0.2716072,0.2024239,-0.03943245,0.9400529,330.351,27.55247,347.7703,0.350074,-0.07926116,-0.9333624,0,0,0,1.813573,0.2586913,-2.613651,0.1103058,0.04465318,1.084541,0.9149393,-0.1840968,-0.3591581,-0.03582243,0.8493492,-0.5266144,0.4019986,0.4946861,0.7705081,moving,35.69813,31.8269,5.807431,2.357673
05/15/2023 14:22:49.891102,969,True,True,True,True,Eyes,1.266338,-0.2865827,-3.373855,0.5207737,0.4502389,0.7253135,0,0,0,0,0,0,0,-2.438047,-1.483953,2.24483,1.278311,-0.2953787,-3.385871,-0.2711156,0.2019899,-0.03942415,0.9402884,330.401,27.48088,347.8055,0.3500915,-0.07926193,-0.9333557,0,0,0,1.80967,0.2557798,-2.613652,0.1082945,0.04360098,1.081116,0.9152917,-0.1836654,-0.3584805,-0.03538511,0.8498841,-0.5257803,0.4012345,0.4939272,0.7713928,moving,35.67827,31.82997,5.720187,2.309464
05/15/2023 14:22:49.910774,970,True,True,True,True,Eyes,1.266497,-0.2866032,-3.373757,0.5204694,0.4503318,0.7254742,0,0,0,0,0,0,0,-2.436385,-1.480301,2.248552,1.278301,-0.2954511,-3.385543,-0.2706312,0.2015568,-0.03913948,0.9405327,330.4425,27.40122,347.8744,0.3501119,-0.0792632,-0.9333479,0,0,0,1.805596,0.252741,-2.613653,0.1063683,0.04237956,1.077617,0.915686,-0.182719,-0.3579568,-0.03547119,0.8504537,-0.5248526,0.4003263,0.4932973,0.7722672,moving,35.65639,31.82958,5.637228,2.252116
05/15/2023 14:22:49.920976,971,True,True,True,True,Eyes,1.266691,-0.2866266,-3.373669,0.5199561,0.4506038,0.7256734,0,0,0,0,0,0,0,-2.435481,-1.475535,2.251977,1.278468,-0.2954665,-3.385025,-0.2699675,0.2012396,-0.03886845,0.9408026,330.5063,27.33164,347.9446,0.3501349,-0.079265,-0.9333392,0,0,0,1.801407,0.2496169,-2.613654,0.1040189,0.04150501,1.073802,0.9159837,-0.1817914,-0.3576671,-0.03552125,0.8512136,-0.523616,0.39964,0.4923285,0.7732403,moving,35.62217,31.83804,5.532962,2.213516
05/15/2023 14:22:49.941063,972,True,True,True,True,Eyes,1.266886,-0.286649,-3.373572,0.5194556,0.4508351,0.7258881,0,0,0,0,0,0,0,-2.434617,-1.4714,2.2554,1.278573,-0.2953995,-3.384847,-0.2694336,0.2009064,-0.03850049,0.941042,330.5525,27.26109,348.022,0.3501612,-0.07926729,-0.9333291,0,0,0,1.797428,0.2466487,-2.613656,0.1018652,0.04016715,1.070408,0.9163087,-0.180723,-0.357376,-0.03580072,0.8518465,-0.5225667,0.3988693,0.4916267,0.7740843,moving,35.58803,31.84362,5.436172,2.14902
05/15/2023 14:22:49.960778,973,True,True,True,True,Eyes,1.267104,-0.2866697,-3.373468,0.5189752,0.4511135,0.7260588,0,0,0,0,0,0,0,-2.435002,-1.46752,2.25718,1.278797,-0.2953808,-3.384544,-0.2689031,0.2008456,-0.03828736,0.9412154,330.606,27.23071,348.071,0.3501904,-0.07927001,-0.9333179,0,0,0,1.793459,0.2436884,-2.613657,0.09896901,0.03895894,1.066971,0.9163902,-0.1800893,-0.3574868,-0.03594271,0.8524504,-0.5215711,0.3986692,0.4908117,0.7747044,moving,35.55658,31.85343,5.299419,2.091145
05/15/2023 14:22:49.980803,974,True,True,True,True,Eyes,1.267309,-0.2866896,-3.373354,0.5185299,0.4513123,0.7262533,0,0,0,0,0,0,0,-2.435619,-1.46475,2.257648,1.278948,-0.2952658,-3.384054,-0.2681731,0.2010291,-0.03873044,0.9413664,330.7037,27.24592,348.0389,0.350223,-0.07927307,-0.9333054,0,0,0,1.789341,0.2406163,-2.613658,0.09517431,0.03841457,1.063319,0.9161745,-0.1807402,-0.3577112,-0.03490216,0.8531663,-0.5204701,0.399257,0.4893264,0.775341,moving,35.52605,31.85787,5.114735,2.069027
05/15/2023 14:22:49.990699,975,True,True,True,True,Eyes,1.267521,-0.2867148,-3.373245,0.5180879,0.4515296,0.7264338,0,0,0,0,0,0,0,-2.435357,-1.462079,2.259075,1.278816,-0.2952591,-3.383712,-0.2673803,0.2011005,-0.03927086,0.9415542,330.8098,27.24766,348.0011,0.3502582,-0.07927646,-0.9332919,0,0,0,1.785457,0.2377193,-2.613659,0.09192497,0.03821987,1.060104,0.9160328,-0.1814919,-0.3576935,-0.03358933,0.8539312,-0.5193008,0.3996945,0.4877113,0.7761328,moving,35.49622,31.86385,4.9559,2.064786
05/15/2023 14:22:50.011339,976,True,True,True,True,Eyes,1.267726,-0.2867438,-3.373124,0.5176283,0.4516963,0.7266577,0,0,0,0,0,0,0,-2.434118,-1.45792,2.262783,1.278733,-0.2953291,-3.383529,-0.2666168,0.2008126,-0.03928613,0.9418315,330.8933,27.18809,348.0385,0.3502961,-0.07928025,-0.9332774,0,0,0,1.781126,0.2344889,-2.61366,0.08929709,0.03745282,1.056611,0.9162618,-0.1810819,-0.3573146,-0.03307822,0.8547442,-0.5179945,0.3992119,0.4864379,0.7771795,moving,35.46384,31.86542,4.830744,2.030066
05/15/2023 14:22:50.030687,977,True,True,True,True,Eyes,1.26795,-0.2867734,-3.373002,0.5172556,0.4518296,0.7268402,0,0,0,0,0,0,0,-2.43334,-1.45094,2.26759,1.278786,-0.2954166,-3.383159,-0.2657287,0.2004293,-0.0387453,0.9421865,330.9744,27.09596,348.1519,0.3503361,-0.07928455,-0.933262,0,0,0,1.777254,0.2316009,-2.613662,0.08752516,0.03704122,1.053239,0.9166539,-0.1795302,-0.357092,-0.03350903,0.8557741,-0.5162634,0.3982749,0.4852006,0.7784327,moving,35.43755,31.86654,4.75042,2.014198
05/15/2023 14:22:50.041174,978,True,True,True,True,Eyes,1.268166,-0.2868049,-3.372873,0.5168843,0.4518988,0.7270613,0,0,0,0,0,0,0,-2.432996,-1.44452,2.271649,1.278947,-0.2953635,-3.382832,-0.2648357,0.2001554,-0.03835006,0.9425122,331.0616,27.02245,348.2438,0.3503788,-0.07928932,-0.9332456,0,0,0,1.773209,0.2285836,-2.613663,0.08519998,0.03644541,1.04969,0.9169342,-0.1783074,-0.356985,-0.03372581,0.8567827,-0.5145736,0.3976108,0.4838698,0.7795997,moving,35.40988,31.86267,4.640344,1.988521
05/15/2023 14:22:50.060835,979,True,True,True,True,Eyes,1.268376,-0.2868345,-3.372737,0.5165927,0.4519155,0.7272581,0,0,0,0,0,0,0,-2.432907,-1.438189,2.275343,1.278997,-0.2954174,-3.382529,-0.2638597,0.1999931,-0.03814982,0.9428285,331.165,26.96695,348.3111,0.3504235,-0.07929458,-0.9332283,0,0,0,1.769059,0.2254884,-2.613664,0.08251023,0.03610852,1.046206,0.9170947,-0.1774777,-0.356986,-0.03360277,0.8578453,-0.5128083,0.3972508,0.4822895,0.7807617,moving,35.38729,31.85666,4.509364,1.976709
05/15/2023 14:22:50.070747,980,True,True,True,True,Eyes,1.268576,-0.2868643,-3.372596,0.5162935,0.4518868,0.7274883,0,0,0,0,0,0,0,-2.43228,-1.433038,2.278933,1.279109,-0.2954026,-3.382268,-0.2629496,0.1997761,-0.03813451,0.9431293,331.2653,26.91205,348.3548,0.3504701,-0.07930023,-0.9332103,0,0,0,1.765144,0.2225679,-2.613665,0.07993042,0.03580281,1.042882,0.9172705,-0.1769936,-0.3567744,-0.03313055,0.8588066,-0.5112276,0.3968843,0.4807541,0.7818941,moving,35.36306,31.8469,4.382796,1.966228
05/15/2023 14:22:50.090644,981,True,True,True,True,Eyes,1.268787,-0.286895,-3.37245,0.5160103,0.4518203,0.7277306,0,0,0,0,0,0,0,-2.430959,-1.4291,2.2824,1.279082,-0.2954201,-3.381999,-0.2622372,0.1994745,-0.03813464,0.9433914,331.3426,26.85263,348.3917,0.3505181,-0.07930627,-0.9331918,0,0,0,1.761193,0.2196206,-2.613666,0.07759389,0.03510773,1.039605,0.9175113,-0.1765711,-0.3563645,-0.03266753,0.8595547,-0.5099984,0.3963658,0.4795709,0.782883,moving,35.33923,31.83458,4.268518,1.934157
05/15/2023 14:22:50.110837,982,True,True,True,True,Eyes,1.268988,-0.2869277,-3.372296,0.5156712,0.4517148,0.7280363,0,0,0,0,0,0,0,-2.427066,-1.426161,2.287762,1.279108,-0.2953992,-3.381577,-0.2614335,0.1987679,-0.03846741,0.94375,331.4345,26.7485,348.4043,0.3505677,-0.0793127,-0.9331726,0,0,0,1.757051,0.2165314,-2.613667,0.07573298,0.0347949,1.035973,0.9180232,-0.1765365,-0.3550611,-0.03132196,0.8603455,-0.508748,0.3952878,0.4781637,0.7842876,moving,35.3101,31.8178,4.181069,1.923652
05/15/2023 14:22:50.120790,983,True,True,True,True,Eyes,1.269169,-0.2869618,-3.372134,0.5152401,0.4516138,0.7284042,0,0,0,0,0,0,0,-2.421808,-1.422732,2.29492,1.279082,-0.2954569,-3.381218,-0.2606809,0.1977346,-0.03853308,0.9441726,331.5093,26.5962,348.458,0.3506186,-0.07931954,-0.9331529,0,0,0,1.752904,0.2134383,-2.613669,0.07469559,0.03432405,1.032403,0.9188325,-0.1758549,-0.3533014,-0.03032748,0.8611214,-0.507494,0.3934807,0.4770167,0.7858931,moving,35.27386,31.79909,4.138206,1.904197
05/15/2023 14:22:50.146307,984,True,True,True,True,Eyes,1.269343,-0.2869884,-3.371966,0.5147729,0.4514724,0.728822,0,0,0,0,0,0,0,-2.417069,-1.418774,2.302065,1.279148,-0.2955691,-3.380986,-0.25998,0.1967202,-0.03838006,0.9445838,331.5725,26.44162,348.5356,0.3506702,-0.07932682,-0.9331329,0,0,0,1.74886,0.2104219,-2.61367,0.07367921,0.0336619,1.029013,0.9196562,-0.174793,-0.3516813,-0.02978028,0.8618747,-0.5062461,0.3915935,0.4760456,0.7874231,moving,35.23387,31.77635,4.095491,1.873637
05/15/2023 14:22:50.161048,985,True,True,True,True,Eyes,1.269511,-0.2870174,-3.371793,0.5142548,0.4513009,0.7292938,0,0,0,0,0,0,0,-2.411821,-1.41737,2.307923,1.279153,-0.2954011,-3.380656,-0.2593406,0.1957992,-0.03879097,0.9449341,331.6453,26.31754,348.5386,0.3507225,-0.07933432,-0.9331126,0,0,0,1.744947,0.2075028,-2.613671,0.07235682,0.03301972,1.025581,0.9203159,-0.1748672,-0.3499145,-0.02824754,0.8624755,-0.50531,0.3901548,0.474929,0.7888103,moving,35.18922,31.75001,4.035648,1.844065
05/15/2023 14:22:50.170741,986,True,True,True,True,Eyes,1.269681,-0.2870464,-3.371618,0.5132947,0.4508818,0.7302289,0,0,0,0,0,0,0,-2.405719,-1.415727,2.314874,1.279198,-0.2954763,-3.380348,-0.258747,0.194672,-0.03908081,0.9453177,331.707,26.16493,348.5612,0.350775,-0.07934209,-0.9330922,0,0,0,1.740783,0.2043973,-2.613672,0.07122484,0.03229767,1.022062,0.9211509,-0.1746292,-0.3478298,-0.02685406,0.8630454,-0.5044121,0.388278,0.4739804,0.7903055,moving,35.10427,31.69337,3.98635,1.809973
05/15/2023 14:22:50.190922,987,True,True,True,True,Eyes,1.269855,-0.2870803,-3.371436,0.5118768,0.4503271,0.7315652,0,0,0,0,0,0,0,-2.398983,-1.413138,2.322917,1.279126,-0.2954313,-3.380027,-0.2579876,0.1934227,-0.03932111,0.9457718,331.7849,25.99079,348.5995,0.3508281,-0.07935011,-0.9330716,0,0,0,1.736907,0.2015057,-2.613673,0.07072055,0.03197867,1.018716,0.922083,-0.1741789,-0.3455787,-0.02542372,0.8637925,-0.5032059,0.3861561,0.4727835,0.7920601,moving,34.98052,31.61506,3.971174,1.79799
05/15/2023 14:22:50.210885,988,True,True,True,True,Eyes,1.270016,-0.2871102,-3.371251,0.5104114,0.4497667,0.7329325,0,0,0,0,0,0,0,-2.392387,-1.409116,2.331472,1.279088,-0.2954997,-3.379571,-0.2571225,0.1921418,-0.03937973,0.9462658,331.8696,25.80468,348.6646,0.3508816,-0.0793585,-0.9330507,0,0,0,1.73283,0.1984647,-2.613675,0.07021368,0.0318166,1.015154,0.9230615,-0.1733353,-0.3433837,-0.02428059,0.8646746,-0.5017453,0.3838853,0.4714793,0.7939391,moving,34.85321,31.53551,3.956594,1.795158
05/15/2023 14:22:50.220799,989,True,True,True,True,Eyes,1.270185,-0.2871454,-3.371064,0.5085762,0.4491648,0.7345755,0,0,0,0,0,0,0,-2.384196,-1.407073,2.340641,1.279001,-0.2954149,-3.379309,-0.256518,0.1905952,-0.03945765,0.9467393,331.9222,25.59264,348.7259,0.3509354,-0.07936712,-0.9330297,0,0,0,1.728839,0.1954881,-2.613676,0.07026818,0.0309996,1.011749,0.9242331,-0.1724944,-0.3406447,-0.02306999,0.8652831,-0.5007523,0.3811311,0.4706706,0.7957439,moving,34.69641,31.44419,3.972938,1.754972
05/15/2023 14:22:50.241138,990,True,True,True,True,Eyes,1.27034,-0.2871799,-3.370872,0.5066964,0.4485579,0.7362435,0,0,0,0,0,0,0,-2.375824,-1.404439,2.350185,1.278969,-0.2954837,-3.378948,-0.2559147,0.188978,-0.03941285,0.9472284,331.9707,25.36833,348.8041,0.3509896,-0.0793761,-0.9330086,0,0,0,1.724776,0.1924579,-2.613677,0.07041478,0.03026125,1.008264,0.9254678,-0.1713904,-0.3378381,-0.02205857,0.8659086,-0.4997157,0.3781834,0.469923,0.79759,moving,34.53647,31.35195,3.994915,1.719114
05/15/2023 14:22:50.260880,991,True,True,True,True,Eyes,1.270466,-0.2872103,-3.370668,0.5046245,0.4478807,0.7380765,0,0,0,0,0,0,0,-2.367108,-1.401192,2.360357,1.278819,-0.2954795,-3.378629,-0.2552235,0.1872959,-0.03930466,0.9477535,332.0271,25.13179,348.8949,0.3510438,-0.07938541,-0.9329874,0,0,0,1.720656,0.1893844,-2.613678,0.07076782,0.02954629,1.004779,0.9267508,-0.1701068,-0.3349577,-0.02110236,0.8666323,-0.498501,0.3750836,0.4690546,0.7995625,moving,34.3605,31.25028,4.028758,1.68434
05/15/2023 14:22:50.270688,992,True,True,True,True,Eyes,1.27058,-0.2872349,-3.370459,0.5025207,0.4472011,0.7399217,0,0,0,0,0,0,0,-2.358132,-1.397423,2.371088,1.278823,-0.2954458,-3.378307,-0.2544704,0.1855226,-0.03913046,0.9483117,332.088,24.88041,348.9984,0.3510975,-0.07939495,-0.9329664,0,0,0,1.716546,0.1863191,-2.61368,0.07118955,0.0289146,1.001225,0.9281003,-0.1686358,-0.3319514,-0.02020431,0.8674272,-0.4971537,0.3717816,0.4681154,0.8016523,moving,34.18254,31.14833,4.067028,1.654199
05/15/2023 14:22:50.296483,993,True,True,True,True,Eyes,1.27067,-0.2872599,-3.37024,0.5002782,0.4464672,0.7418819,0,0,0,0,0,0,0,-2.3496,-1.394426,2.380742,1.278673,-0.2953104,-3.377982,-0.2538021,0.1838985,-0.03904411,0.9488106,332.1434,24.65321,349.0831,0.3511504,-0.07940455,-0.9329457,0,0,0,1.712609,0.1833819,-2.613681,0.07154071,0.02812743,0.9978448,0.9293138,-0.1674386,-0.3291507,-0.01925672,0.8681201,-0.4959806,0.3687886,0.4672599,0.8035316,moving,33.99323,31.03968,4.100818,1.614636
05/15/2023 14:22:50.312512,994,True,True,True,True,Eyes,1.270751,-0.2872885,-3.370014,0.4979894,0.4457335,0.7438604,0,0,0,0,0,0,0,-2.341174,-1.390793,2.390472,1.278477,-0.2953323,-3.377578,-0.2532876,0.182223,-0.03858031,0.9492902,332.1715,24.41283,349.2101,0.3512022,-0.07941426,-0.9329253,0,0,0,1.708591,0.1803849,-2.613682,0.07215908,0.0269751,0.9944385,0.9306127,-0.1655574,-0.3264212,-0.01906183,0.868714,-0.4949471,0.3655088,0.4668263,0.8052804,moving,33.80097,30.93074,4.150259,1.553822
05/15/2023 14:22:50.320668,995,True,True,True,True,Eyes,1.270815,-0.2873176,-3.369781,0.4956486,0.4448733,0.7459359,0,0,0,0,0,0,0,-2.332587,-1.38466,2.401811,1.278379,-0.2954116,-3.37719,-0.2524363,0.1804315,-0.03795215,0.9498843,332.2332,24.14453,349.3719,0.3512529,-0.07942418,-0.9329054,0,0,0,1.704494,0.1773292,-2.613683,0.07290924,0.02642316,0.9909523,0.9320082,-0.1631952,-0.3236171,-0.01899461,0.8696712,-0.4932659,0.3619391,0.4658749,0.8074408,moving,33.60266,30.81169,4.20795,1.527396
05/15/2023 14:22:50.341124,996,True,True,True,True,Eyes,1.270874,-0.2873439,-3.369542,0.493298,0.4439937,0.7480151,0,0,0,0,0,0,0,-2.324446,-1.379189,2.412434,1.278416,-0.2954428,-3.376894,-0.2515529,0.1787611,-0.0375618,0.9504498,332.3061,23.8982,349.5015,0.3513021,-0.07943434,-0.932886,0,0,0,1.700573,0.1744047,-2.613684,0.07326052,0.02603579,0.9876323,0.9332672,-0.161337,-0.3209093,-0.01853454,0.8706204,-0.4916061,0.3587044,0.4647478,0.8095312,moving,33.40389,30.69178,4.242312,1.510071
05/15/2023 14:22:50.361213,997,True,True,True,True,Eyes,1.270935,-0.287374,-3.369305,0.4908852,0.4430411,0.7501642,0,0,0,0,0,0,0,-2.316878,-1.374554,2.421811,1.278384,-0.2953744,-3.376534,-0.2506038,0.1773082,-0.03754108,0.9509733,332.3983,23.68902,349.5806,0.35135,-0.07944465,-0.9328671,0,0,0,1.696403,0.1712941,-2.613686,0.07286263,0.02568045,0.9841175,0.934305,-0.1602693,-0.3184148,-0.01746709,0.8715768,-0.4899477,0.3560465,0.4633223,0.8115191,moving,33.19955,30.56577,4.23437,1.494789
05/15/2023 14:22:50.370846,998,True,True,True,True,Eyes,1.270991,-0.2874034,-3.369064,0.4884826,0.4420699,0.7523023,0,0,0,0,0,0,0,-2.310135,-1.370196,2.430285,1.278303,-0.2954146,-3.376257,-0.2497173,0.1760235,-0.037549,0.9514448,332.486,23.504,349.6485,0.3513967,-0.0794552,-0.9328486,0,0,0,1.692275,0.1682149,-2.613687,0.07214054,0.02524307,0.9808147,0.9352116,-0.1593638,-0.3162001,-0.01646063,0.8724627,-0.4884034,0.3537066,0.4619654,0.813314,moving,32.99635,30.43946,4.206625,1.474287
05/15/2023 14:22:50.390920,999,True,True,True,True,Eyes,1.271053,-0.2874396,-3.368823,0.486034,0.4410271,0.7544972,0,0,0,0,0,0,0,-2.303565,-1.366142,2.438305,1.278295,-0.2954054,-3.375912,-0.2488171,0.1747954,-0.03767689,0.9519019,332.5789,23.32961,349.7,0.3514423,-0.07946595,-0.9328305,0,0,0,1.688264,0.1652233,-2.613688,0.07128611,0.02492765,0.977515,0.9360541,-0.1587135,-0.3140268,-0.01525476,0.873341,-0.4868703,0.3515254,0.4605274,0.8150733,moving,32.78893,30.30761,4.17096,1.460785
05/15/2023 14:22:50.411396,1000,True,True,True,True,Eyes,1.271112,-0.2874714,-3.368575,0.4836224,0.439951,0.756672,0,0,0,0,0,0,0,-2.297632,-1.362401,2.445643,1.278389,-0.2955501,-3.375617,-0.2479349,0.1736923,-0.03792311,0.952324,332.6739,23.1752,349.7321,0.351487,-0.07947707,-0.9328127,0,0,0,1.684339,0.1622953,-2.613689,0.07004851,0.02475548,0.9743879,0.9367857,-0.1583589,-0.3120177,-0.01389857,0.8741803,-0.4854026,0.3496276,0.4590548,0.8167186,moving,32.58443,30.17496,4.111906,1.455354
05/15/2023 14:22:50.430452,1001,True,True,True,True,Eyes,1.271163,-0.2875077,-3.368332,0.4812445,0.4388654,0.7588155,0,0,0,0,0,0,0,-2.292268,-1.35865,2.452196,1.278387,-0.2954544,-3.375221,-0.2469207,0.172763,-0.03837346,0.9527385,332.7907,23.04569,349.7379,0.3515308,-0.07948842,-0.9327952,0,0,0,1.680095,0.1591299,-2.613691,0.0682607,0.02451485,0.9709198,0.9373609,-0.1584373,-0.3102455,-0.01219779,0.8751152,-0.4837608,0.3481463,0.4572428,0.8183662,moving,32.38307,30.04319,4.021573,1.44636
05/15/2023 14:22:50.440717,1002,True,True,True,True,Eyes,1.271214,-0.2875417,-3.368081,0.4788441,0.4378735,0.7609041,0,0,0,0,0,0,0,-2.286948,-1.356143,2.458295,1.278286,-0.2955872,-3.375068,-0.2461997,0.1718393,-0.03872268,0.953078,332.8716,22.92127,349.7462,0.3515736,-0.07950009,-0.9327781,0,0,0,1.676326,0.1563186,-2.613692,0.06687239,0.02402443,0.9681424,0.9379436,-0.158425,-0.3084854,-0.01080209,0.8757725,-0.4826032,0.3466195,0.4559869,0.819714,moving,32.18259,29.91891,3.951309,1.421501
05/15/2023 14:22:50.460822,1003,True,True,True,True,Eyes,1.271268,-0.2875812,-3.367835,0.4763763,0.4368344,0.7630474,0,0,0,0,0,0,0,-2.283365,-1.352189,2.46318,1.278319,-0.295543,-3.374608,-0.2453611,0.171183,-0.03891097,0.9534046,332.965,22.82348,349.7696,0.3516157,-0.07951201,-0.9327612,0,0,0,1.672124,0.1531845,-2.613693,0.06470031,0.0233418,0.9647275,0.9383646,-0.1581991,-0.3073189,-0.009807486,0.8765678,-0.4811786,0.3455078,0.454535,0.8209887,moving,31.97685,29.79056,3.836847,1.386014
05/15/2023 14:22:50.479718,1004,True,True,True,True,Eyes,1.271317,-0.2876205,-3.367582,0.473946,0.4357828,0.7651592,0,0,0,0,0,0,0,-2.279141,-1.34907,2.468523,1.278293,-0.2956723,-3.374407,-0.244665,0.1704109,-0.03908826,0.9537145,333.0406,22.71427,349.7932,0.3516571,-0.07952429,-0.9327446,0,0,0,1.668169,0.1502347,-2.613694,0.06289491,0.02257267,0.961798,0.9388645,-0.1579452,-0.3059195,-0.008829054,0.8772222,-0.4800033,0.3441737,0.453359,0.8221983,moving,31.77442,29.66291,3.741419,1.344442
05/15/2023 14:22:50.491035,1005,True,True,True,True,Eyes,1.271317,-0.2876205,-3.367582,0.473946,0.4357828,0.7651592,0,0,0,0,0,0,0,-2.274879,-1.344632,2.474335,1.278289,-0.2956835,-3.374017,-0.2438409,0.1695907,-0.03909485,0.9540714,333.1265,22.59132,349.8428,0.3516978,-0.07953689,-0.9327281,0,0,0,1.66415,0.1472368,-2.613695,0.06126666,0.02192047,0.9586043,0.9394212,-0.1573048,-0.3045374,-0.008107739,0.8780264,-0.4785435,0.3426691,0.452023,0.8235613,moving,31.77442,29.66291,3.656935,1.309958
05/15/2023 14:22:50.511014,1006,True,True,True,True,Eyes,1.271317,-0.2876205,-3.367582,0.473946,0.4357828,0.7651592,0,0,0,0,0,0,0,-2.270607,-1.341429,2.47977,1.278334,-0.2957425,-3.373832,-0.2432145,0.1687676,-0.0391095,0.9543766,333.1898,22.47307,349.8851,0.3517345,-0.07954824,-0.9327133,0,0,0,1.66006,0.1441858,-2.613697,0.05945095,0.02077791,0.9555581,0.9399759,-0.1567438,-0.3031117,-0.007443075,0.8786343,-0.4774372,0.3411596,0.4510356,0.8247284,moving,31.77442,29.66291,3.560122,1.245659
05/15/2023 14:22:50.520667,1007,True,True,True,True,Eyes,1.271338,-0.2876635,-3.36731,0.471642,0.4344155,0.7673572,0,0,0,0,0,0,0,-2.266496,-1.338991,2.482089,1.279019,-0.2937958,-3.371714,-0.2426328,0.1680128,-0.03904426,0.9546605,333.2471,22.36239,349.9336,0.3517675,-0.07955845,-0.9327,0,0,0,1.656008,0.1411639,-2.613698,0.05786595,0.01868159,0.9498433,0.9404945,-0.1560788,-0.3018434,-0.006982783,0.8792098,-0.4763838,0.3397371,0.4501441,0.8258021,moving,31.5762,29.51503,3.48624,1.126752
05/15/2023 14:22:50.540879,1008,True,True,True,True,Eyes,1.271363,-0.2877083,-3.367028,0.4693845,0.433061,0.769504,0,0,0,0,0,0,0,-2.262368,-1.336211,2.487191,1.279041,-0.293901,-3.371581,-0.2421767,0.1671945,-0.03890451,0.9549255,333.2876,22.24468,349.9891,0.3518001,-0.07956936,-0.9326867,0,0,0,1.651942,0.1381304,-2.613699,0.05611309,0.01715934,0.9469154,0.9410649,-0.1552831,-0.3004732,-0.006679428,0.8796737,-0.4755308,0.3381602,0.4495123,0.8267928,moving,31.38249,29.36992,3.391315,1.038161
05/15/2023 14:22:50.560898,1009,True,True,True,True,Eyes,1.27135,-0.2877473,-3.366739,0.4673364,0.4314916,0.7716292,0,0,0,0,0,0,0,-2.259654,-1.332151,2.491207,1.279179,-0.2939717,-3.371062,-0.2415366,0.1666286,-0.0387994,0.9551908,333.3527,22.15562,350.0383,0.3518326,-0.07958099,-0.9326735,0,0,0,1.647985,0.1351792,-2.6137,0.05397096,0.01617539,0.9437217,0.9414591,-0.1546155,-0.2995812,-0.006372136,0.8803093,-0.4743574,0.3370672,0.448497,0.8277899,moving,31.20115,29.21372,3.273151,0.9819536
05/15/2023 14:22:50.571242,1010,True,True,True,True,Eyes,1.271336,-0.2877856,-3.36645,0.4653289,0.4299367,0.7737076,0,0,0,0,0,0,0,-2.257261,-1.328817,2.49495,1.27928,-0.2939824,-3.370872,-0.2408317,0.1661712,-0.03896881,0.9554415,333.4326,22.08654,350.0526,0.3518641,-0.07959312,-0.9326606,0,0,0,1.643907,0.1321372,-2.613701,0.05133075,0.0151065,0.940731,0.9417371,-0.1545034,-0.2987639,-0.005573737,0.8809631,-0.4731522,0.3363036,0.4472502,0.8287745,moving,31.02385,29.06022,3.123233,0.9199913
05/15/2023 14:22:50.591028,1011,True,True,True,True,Eyes,1.271279,-0.2878239,-3.36615,0.4633991,0.4282982,0.7757718,0,0,0,0,0,0,0,-2.254248,-1.325549,2.499028,1.279286,-0.2939927,-3.370586,-0.2401652,0.1656146,-0.03908849,0.9557011,333.506,22.00455,350.0746,0.3518948,-0.07960571,-0.9326479,0,0,0,1.639948,0.129184,-2.613703,0.0491088,0.01407382,0.9377728,0.9420878,-0.1542636,-0.2977808,-0.00483591,0.8815855,-0.4719996,0.3353316,0.4461051,0.8297849,moving,30.85154,28.90278,2.997698,0.8598137
05/15/2023 14:22:50.610754,1012,True,True,True,True,Eyes,1.27122,-0.2878578,-3.365847,0.4614997,0.4266881,0.7777888,0,0,0,0,0,0,0,-2.25123,-1.322758,2.502809,1.279221,-0.2941431,-3.370289,-0.2395556,0.1650909,-0.0392927,0.9559363,333.575,21.93042,350.0835,0.3519237,-0.07961875,-0.932636,0,0,0,1.635867,0.1261401,-2.613704,0.04672772,0.01299918,0.9348274,0.9424022,-0.1542195,-0.2968072,-0.00397424,0.8821384,-0.4709735,0.3344584,0.445026,0.8307163,moving,30.68271,28.74879,2.861571,0.7966711
05/15/2023 14:22:50.620592,1013,True,True,True,True,Eyes,1.271139,-0.2878937,-3.365544,0.4595458,0.4250487,0.7798405,0,0,0,0,0,0,0,-2.247155,-1.321408,2.506669,1.279159,-0.2940679,-3.369938,-0.2390845,0.1644212,-0.03960019,0.956157,333.629,21.84399,350.0798,0.351951,-0.0796321,-0.9326245,0,0,0,1.631532,0.1229067,-2.613705,0.04439661,0.01137635,0.9315702,0.942795,-0.1543491,-0.2954893,-0.00289312,0.8825409,-0.4702268,0.3333605,0.4441824,0.8316085,moving,30.51007,28.59241,2.728528,0.6996622
05/15/2023 14:22:50.640694,1014,True,True,True,True,Eyes,1.27106,-0.2879308,-3.365238,0.4575986,0.4234494,0.781853,0,0,0,0,0,0,0,-2.242619,-1.318921,2.511737,1.279091,-0.2941955,-3.369731,-0.2386429,0.1635727,-0.03953744,0.9564153,333.6695,21.7256,350.1255,0.3519763,-0.07964578,-0.9326138,0,0,0,1.627706,0.1200529,-2.613706,0.04291627,0.01002687,0.9288518,0.9433616,-0.1536993,-0.2940162,-0.002442471,0.8829728,-0.4694179,0.3317575,0.4435489,0.8325871,moving,30.33935,28.43985,2.645388,0.6184788
05/15/2023 14:22:50.660855,1015,True,True,True,True,Eyes,1.270963,-0.2879714,-3.364932,0.4555584,0.4217873,0.78394,0,0,0,0,0,0,0,-2.2383,-1.314936,2.517183,1.2791,-0.2942399,-3.36936,-0.2381196,0.1626881,-0.03918123,0.9567113,333.7126,21.59287,350.2103,0.3519999,-0.07965981,-0.9326037,0,0,0,1.623753,0.1171048,-2.613707,0.04151493,0.008643687,0.9258524,0.9439949,-0.1524487,-0.2926314,-0.002508171,0.8835278,-0.468372,0.3299507,0.4428747,0.8336633,moving,30.16146,28.28182,2.567405,0.5348935
05/15/2023 14:22:50.671134,1016,True,True,True,True,Eyes,1.270868,-0.2880111,-3.364625,0.4535226,0.4201504,0.7859968,0,0,0,0,0,0,0,-2.233018,-1.311903,2.523245,1.279134,-0.2943988,-3.369179,-0.2375665,0.1616821,-0.03912767,0.9570214,333.7646,21.45271,350.2624,0.3520216,-0.07967427,-0.9325942,0,0,0,1.619549,0.113969,-2.613708,0.03987235,0.007285446,0.9228976,0.9446558,-0.1517125,-0.2908757,-0.001928472,0.8840624,-0.4673649,0.3280574,0.4420599,0.8348421,moving,29.98508,28.12649,2.473836,0.4522892
05/15/2023 14:22:50.691000,1017,True,True,True,True,Eyes,1.270769,-0.2880554,-3.364317,0.4513205,0.4184846,0.78815,0,0,0,0,0,0,0,-2.227435,-1.308485,2.529468,1.279122,-0.2944006,-3.368825,-0.2369041,0.1606492,-0.03912878,0.9573595,333.8302,21.30843,350.3117,0.3520416,-0.07968907,-0.9325854,0,0,0,1.615654,0.1110635,-2.61371,0.03861764,0.006290108,0.9199586,0.9453216,-0.1510375,-0.2890586,-0.001196318,0.8846907,-0.4661769,0.3261377,0.4410329,0.8361365,moving,29.79686,27.967,2.403727,0.391747
05/15/2023 14:22:50.711022,1018,True,True,True,True,Eyes,1.270669,-0.2880972,-3.364005,0.4491093,0.4168355,0.7902842,0,0,0,0,0,0,0,-2.221101,-1.305118,2.53633,1.279042,-0.2945336,-3.368515,-0.2362393,0.1594955,-0.03915662,0.9577155,333.8955,21.14984,350.361,0.3520599,-0.07970433,-0.9325772,0,0,0,1.6117,0.1081141,-2.613711,0.03754088,0.005374581,0.9171034,0.9460559,-0.15036,-0.2870019,-0.0003563991,0.8853155,-0.4649908,0.3240032,0.4400095,0.8375043,moving,29.60907,27.80941,2.344048,0.3357716
05/15/2023 14:22:50.720834,1019,True,True,True,True,Eyes,1.270543,-0.2881421,-3.363685,0.4468389,0.4151096,0.7924765,0,0,0,0,0,0,0,-2.213881,-1.301052,2.544066,1.278957,-0.2944955,-3.368059,-0.2354312,0.1581858,-0.03917851,0.9581307,333.9757,20.96865,350.4194,0.3520768,-0.07971993,-0.9325695,0,0,0,1.607275,0.1048134,-2.613712,0.03641278,0.004340142,0.9137471,0.9468845,-0.14956,-0.2846777,0.0005925037,0.8860743,-0.4635427,0.3215731,0.4387528,0.8390988,moving,29.41653,27.64614,2.282027,0.2721431
05/15/2023 14:22:50.740817,1020,True,True,True,True,Eyes,1.270419,-0.2881864,-3.363358,0.4445574,0.4133899,0.7946556,0,0,0,0,0,0,0,-2.206717,-1.295157,2.552814,1.278906,-0.2946451,-3.367711,-0.2345141,0.1567935,-0.03888313,0.9585963,334.0609,20.76642,350.5215,0.3520918,-0.07973597,-0.9325625,0,0,0,1.603649,0.1021089,-2.613713,0.03613612,0.004042566,0.9110779,0.9478078,-0.148087,-0.282366,0.001005896,0.8869824,-0.461802,0.3188406,0.4374155,0.8408378,moving,29.22414,27.48402,2.271334,0.2542268
05/15/2023 14:22:50.760801,1021,True,True,True,True,Eyes,1.270274,-0.2882342,-3.363022,0.4421864,0.4116045,0.7969021,0,0,0,0,0,0,0,-2.199372,-1.28969,2.561241,1.278869,-0.2946492,-3.36722,-0.2335106,0.1554329,-0.03884861,0.9590642,334.1621,20.57383,350.593,0.3521052,-0.0797524,-0.932556,0,0,0,1.599438,0.09896784,-2.613715,0.0352287,0.003523201,0.9078636,0.9486628,-0.1471071,-0.2799972,0.001926193,0.8879272,-0.45998,0.3162834,0.4358265,0.8426269,moving,29.02509,27.31661,2.222188,0.2223501
05/15/2023 14:22:50.770927,1022,True,True,True,True,Eyes,1.270126,-0.288282,-3.362679,0.4397849,0.4098212,0.799147,0,0,0,0,0,0,0,-2.191134,-1.28462,2.570112,1.278639,-0.2947757,-3.366746,-0.2324414,0.153995,-0.03906105,0.9595472,334.2754,20.37724,350.6378,0.3521168,-0.07976931,-0.9325501,0,0,0,1.595456,0.09599804,-2.613716,0.03468624,0.003454506,0.9049406,0.9495195,-0.1465515,-0.2773722,0.003372207,0.8888904,-0.4581074,0.3136898,0.4340466,0.8445131,moving,28.82478,27.14981,2.195064,0.218719
05/15/2023 14:22:50.790886,1023,True,True,True,True,Eyes,1.269972,-0.2883337,-3.362337,0.4371761,0.4080454,0.8014836,0,0,0,0,0,0,0,-2.181852,-1.278608,2.580212,1.278486,-0.2947911,-3.366212,-0.2313168,0.1523133,-0.03904042,0.960088,334.3879,20.14316,350.719,0.3521268,-0.07978667,-0.9325449,0,0,0,1.59148,0.09303236,-2.613717,0.03462726,0.003362358,0.9018929,0.9505529,-0.1454298,-0.274407,0.004499207,0.8899367,-0.4560619,0.3105299,0.4322764,0.8465863,moving,28.61064,26.98121,2.198733,0.2136041
05/15/2023 14:22:50.810909,1024,True,True,True,True,Eyes,1.269817,-0.2883908,-3.361983,0.4345209,0.4062594,0.8038314,0,0,0,0,0,0,0,-2.171807,-1.271962,2.591493,1.27835,-0.2948547,-3.36591,-0.2302362,0.1504237,-0.03871314,0.9606588,334.4874,19.87628,350.8415,0.352135,-0.07980454,-0.9325402,0,0,0,1.587304,0.08991735,-2.613718,0.03479254,0.002908796,0.8989301,0.951748,-0.1436462,-0.2711854,0.005114304,0.8909852,-0.4540035,0.306838,0.43071,0.848728,moving,28.39398,26.81221,2.216492,0.1853994
05/15/2023 14:22:50.820703,1025,True,True,True,True,Eyes,1.269661,-0.288454,-3.361623,0.4316967,0.4044841,0.8062447,0,0,0,0,0,0,0,-2.161808,-1.262163,2.603698,1.27822,-0.2949873,-3.365241,-0.2287953,0.1484889,-0.03815775,0.961326,334.6237,19.59115,351.0019,0.3521419,-0.07982305,-0.9325361,0,0,0,1.583212,0.08686478,-2.613719,0.03526238,0.003308505,0.8957459,0.9529901,-0.1413112,-0.2680319,0.005416941,0.8923934,-0.4512259,0.3029532,0.4285619,0.8512075,moving,28.16644,26.64242,2.25437,0.2116253
05/15/2023 14:22:50.841236,1026,True,True,True,True,Eyes,1.269504,-0.2885181,-3.361251,0.4288445,0.4026831,0.8086647,0,0,0,0,0,0,0,-2.152107,-1.252512,2.615729,1.278155,-0.2951117,-3.364762,-0.2272773,0.1466256,-0.03777082,0.9619871,334.7734,19.31878,351.1408,0.3521475,-0.07984233,-0.9325323,0,0,0,1.579311,0.08395556,-2.613721,0.03555965,0.003906667,0.892844,0.9541486,-0.1393194,-0.264935,0.00602076,0.8938368,-0.4483521,0.2992728,0.4261994,0.8536919,moving,27.93754,26.47149,2.280737,0.2506979
05/15/2023 14:22:50.860884,1027,True,True,True,True,Eyes,1.269363,-0.2885866,-3.360884,0.4259318,0.4008318,0.8111202,0,0,0,0,0,0,0,-2.142589,-1.242295,2.627432,1.278031,-0.2951453,-3.364061,-0.2256906,0.1448141,-0.03735999,0.962651,334.9315,19.0518,351.2819,0.3521521,-0.07986233,-0.9325289,0,0,0,1.575153,0.08085345,-2.613722,0.03565772,0.00443691,0.8895918,0.9552662,-0.1372956,-0.2619472,0.00656292,0.8953359,-0.4453431,0.2956744,0.4237021,0.8561853,moving,27.70466,26.29723,2.295372,0.2857649
05/15/2023 14:22:50.871071,1028,True,True,True,True,Eyes,1.269221,-0.2886534,-3.360508,0.4229801,0.3989713,0.8135784,0,0,0,0,0,0,0,-2.13146,-1.233716,2.640013,1.277946,-0.2952113,-3.363711,-0.2241936,0.142764,-0.0372027,0.9633128,335.0824,18.76441,351.3953,0.3521561,-0.0798831,-0.9325256,0,0,0,1.571057,0.07779856,-2.613723,0.03596222,0.004811913,0.886688,0.9564688,-0.1356892,-0.2583716,0.007662132,0.8967064,-0.4425595,0.291734,0.4213147,0.8587114,moving,27.46996,26.1229,2.322525,0.3109319
05/15/2023 14:22:50.891031,1029,True,True,True,True,Eyes,1.269096,-0.2887282,-3.360126,0.4199677,0.3971065,0.8160475,0,0,0,0,0,0,0,-2.12034,-1.22555,2.651878,1.277845,-0.2951899,-3.363071,-0.222823,0.140734,-0.03696989,0.9639382,335.2178,18.4807,351.5132,0.3521596,-0.07990452,-0.9325224,0,0,0,1.567078,0.0748309,-2.613724,0.03644051,0.005042464,0.883594,0.9576544,-0.133991,-0.2548423,0.008555848,0.8979663,-0.4399811,0.2877933,0.4191694,0.8610877,moving,27.232,25.94856,2.36161,0.32697
05/15/2023 14:22:50.910849,1030,True,True,True,True,Eyes,1.268962,-0.2888026,-3.359734,0.416922,0.3952074,0.8185274,0,0,0,0,0,0,0,-2.109244,-1.217138,2.663565,1.27756,-0.295338,-3.362369,-0.2212551,0.1388022,-0.03709303,0.9645747,335.3839,18.21557,351.589,0.3521631,-0.07992674,-0.9325192,0,0,0,1.563006,0.07179321,-2.613725,0.03666414,0.005814075,0.8805413,0.9587161,-0.1329794,-0.2513562,0.0101366,0.8993406,-0.4371313,0.2841843,0.416537,0.8635602,moving,26.9923,25.77252,2.384315,0.3783095
05/15/2023 14:22:50.920649,1031,True,True,True,True,Eyes,1.26884,-0.2888881,-3.359347,0.4138258,0.3932852,0.8210207,0,0,0,0,0,0,0,-2.097567,-1.208093,2.675917,1.277298,-0.2953596,-3.361707,-0.2196008,0.1367515,-0.03713667,0.9652437,335.5575,17.93288,351.6787,0.3521666,-0.07994972,-0.9325159,0,0,0,1.558943,0.06876285,-2.613727,0.03709464,0.006581008,0.8774762,0.9598398,-0.1317534,-0.2476866,0.01163039,0.9007928,-0.4340936,0.2803076,0.4137796,0.8661491,moving,26.74985,25.59535,2.420694,0.4297062
05/15/2023 14:22:50.941314,1032,True,True,True,True,Eyes,1.268713,-0.2889741,-3.358949,0.4106829,0.3913336,0.8235275,0,0,0,0,0,0,0,-2.086448,-1.198432,2.688306,1.277023,-0.2955998,-3.361299,-0.2180403,0.1347368,-0.03687086,0.9658907,335.7153,17.64924,351.8016,0.3521702,-0.07997366,-0.9325125,0,0,0,1.555059,0.06586549,-2.613728,0.03764126,0.007271379,0.8748448,0.9609731,-0.1299825,-0.2442034,0.01247035,0.902198,-0.4311419,0.2763607,0.4112705,0.8686088,moving,26.50486,25.41669,2.463701,0.4762099
05/15/2023 14:22:50.960827,1033,True,True,True,True,Eyes,1.268597,-0.2890697,-3.358548,0.4074278,0.389372,0.8260702,0,0,0,0,0,0,0,-2.074673,-1.186851,2.701593,1.276811,-0.2956402,-3.36063,-0.2162903,0.1325589,-0.03633721,0.9666055,335.8893,17.33629,351.9646,0.3521739,-0.07999849,-0.932509,0,0,0,1.551012,0.06284667,-2.613729,0.03843719,0.008036941,0.8717902,0.9622155,-0.1275899,-0.2405456,0.01290507,0.9037962,-0.4277685,0.2719831,0.4085012,0.8712932,moving,26.25307,25.23706,2.524533,0.5281888
05/15/2023 14:22:50.971315,1034,True,True,True,True,Eyes,1.26848,-0.2891652,-3.358135,0.4041489,0.3873675,0.8286194,0,0,0,0,0,0,0,-2.062965,-1.174499,2.715084,1.27662,-0.2958516,-3.36001,-0.2144799,0.1303764,-0.03573073,0.9673282,336.0695,17.02108,352.1365,0.3521779,-0.08002441,-0.9325052,0,0,0,1.546944,0.0598127,-2.61373,0.03916901,0.008984417,0.8688444,0.9634506,-0.1250529,-0.2369064,0.01320046,0.9054434,-0.4242618,0.2675605,0.405628,0.8740008,moving,26.00024,25.05541,2.581245,0.5924546
05/15/2023 14:22:50.991518,1035,True,True,True,True,Eyes,1.268345,-0.2892695,-3.357719,0.401022,0.3852558,0.8311194,0,0,0,0,0,0,0,-2.052254,-1.162575,2.727397,1.276511,-0.2958892,-3.359314,-0.2126075,0.1284089,-0.03537031,0.9680176,336.2635,16.73873,352.273,0.3521825,-0.08005131,-0.9325012,0,0,0,1.542926,0.05681594,-2.613731,0.03941084,0.009967655,0.8658054,0.9645202,-0.1230796,-0.2335642,0.01387679,0.9070941,-0.4206992,0.2636442,0.4025318,0.8766184,moving,25.7577,24.86954,2.606264,0.6595932
05/15/2023 14:22:51.010849,1036,True,True,True,True,Eyes,1.268206,-0.2893768,-3.357292,0.3978736,0.3830895,0.83363,0,0,0,0,0,0,0,-2.0417,-1.149952,2.73992,1.276217,-0.2961633,-3.358816,-0.2105689,0.126512,-0.0351657,0.9687203,336.4801,16.46736,352.3911,0.352187,-0.08007938,-0.9324971,0,0,0,1.538876,0.05379479,-2.613733,0.03952058,0.01136258,0.8630871,0.9655162,-0.1214104,-0.2302999,0.01485248,0.9088483,-0.4168624,0.259919,0.3990669,0.8793109,moving,25.51414,24.68085,2.621731,0.7542581
05/15/2023 14:22:51.020650,1037,True,True,True,True,Eyes,1.26804,-0.289488,-3.356864,0.3948419,0.3808714,0.8360842,0,0,0,0,0,0,0,-2.030917,-1.1378,2.752061,1.276015,-0.2962908,-3.358132,-0.2085298,0.1246025,-0.03509781,0.969411,336.6994,16.19889,352.4915,0.3521914,-0.0801086,-0.9324929,0,0,0,1.534721,0.05069555,-2.613734,0.03945501,0.012642,0.8600819,0.9664847,-0.1200151,-0.2269443,0.01608174,0.9105669,-0.4130487,0.25622,0.3955556,0.8819791,moving,25.27909,24.49125,2.62652,0.8421069
05/15/2023 14:22:51.041637,1038,True,True,True,True,Eyes,1.267875,-0.2896006,-3.356428,0.3917826,0.3786249,0.8385402,0,0,0,0,0,0,0,-2.019225,-1.12658,2.764623,1.275712,-0.2964848,-3.357714,-0.2066059,0.1225654,-0.03507811,0.9700831,336.9054,15.91868,352.5856,0.3521953,-0.08013898,-0.9324889,0,0,0,1.530687,0.04768682,-2.613735,0.03970009,0.01376048,0.8574413,0.9674945,-0.1187028,-0.2233026,0.01741188,0.9121671,-0.4094485,0.252292,0.392251,0.8845835,moving,25.04291,24.30054,2.650939,0.9194211
05/15/2023 14:22:51.061124,1039,True,True,True,True,Eyes,1.267704,-0.2897201,-3.355987,0.3888493,0.3763776,0.8409139,0,0,0,0,0,0,0,-2.008896,-1.114641,2.776114,1.27561,-0.2965742,-3.357046,-0.204799,0.1206823,-0.03465546,0.9707174,337.0928,15.65036,352.7208,0.3521986,-0.08017048,-0.9324849,0,0,0,1.526672,0.04469153,-2.613736,0.03971109,0.01453999,0.854526,0.9684696,-0.1167125,-0.2201019,0.01785009,0.9137127,-0.4059685,0.2484915,0.3892394,0.8869863,moving,24.81642,24.11241,2.660706,0.9748089
05/15/2023 14:22:51.071251,1040,True,True,True,True,Eyes,1.267535,-0.2898351,-3.355538,0.3859222,0.374088,0.8432806,0,0,0,0,0,0,0,-1.999452,-1.10268,2.786993,1.275481,-0.296823,-3.356498,-0.2029414,0.1189751,-0.03438459,0.9713276,337.2902,15.40744,352.8331,0.3522013,-0.08020318,-0.9324811,0,0,0,1.522645,0.04168817,-2.613738,0.039318,0.01549467,0.8518145,0.9693253,-0.1150873,-0.2171714,0.01850748,0.915265,-0.402427,0.2450836,0.3860634,0.8893194,moving,24.59091,23.92257,2.642779,1.042107
05/15/2023 14:22:51.091233,1041,True,True,True,True,Eyes,1.26735,-0.2899566,-3.355091,0.3830918,0.3718236,0.8455695,0,0,0,0,0,0,0,-1.990977,-1.09246,2.796226,1.275401,-0.2967897,-3.355831,-0.2011103,0.1175159,-0.03457662,0.9718792,337.4938,15.20705,352.882,0.3522037,-0.08023686,-0.9324774,0,0,0,1.518666,0.03872021,-2.613739,0.03836684,0.01629698,0.8489456,0.9699889,-0.1144759,-0.2145152,0.01994125,0.9167182,-0.3990366,0.24233,0.3827833,0.8914893,moving,24.37327,23.73661,2.587637,1.099757
05/15/2023 14:22:51.111038,1042,True,True,True,True,Eyes,1.267165,-0.2900818,-3.354636,0.3802617,0.3695509,0.8478403,0,0,0,0,0,0,0,-1.983111,-1.082997,2.80486,1.275048,-0.2970515,-3.355423,-0.1994601,0.1161967,-0.03474043,0.9723719,337.6771,15.02622,352.9265,0.3522053,-0.0802716,-0.9324737,0,0,0,1.514537,0.03564034,-2.61374,0.03722398,0.01681018,0.8464422,0.9705829,-0.1139145,-0.2121142,0.02120802,0.9180176,-0.3959722,0.2398315,0.3798253,0.893428,moving,24.15654,23.5511,2.518074,1.137734
05/15/2023 14:22:51.120734,1043,True,True,True,True,Eyes,1.266966,-0.2902133,-3.354178,0.3774397,0.3673498,0.8500549,0,0,0,0,0,0,0,-1.975157,-1.07323,2.813384,1.274872,-0.2972236,-3.354781,-0.1979909,0.1147854,-0.03446257,0.9728495,337.8323,14.82691,353.0221,0.3522063,-0.08030742,-0.9324703,0,0,0,1.510394,0.03255042,-2.613741,0.03626551,0.01688948,0.8436599,0.9712733,-0.1125067,-0.2096914,0.02160086,0.9192239,-0.3931423,0.2369845,0.377319,0.8952478,moving,23.94209,23.3715,2.461397,1.146868
05/15/2023 14:22:51.141668,1044,True,True,True,True,Eyes,1.266773,-0.290346,-3.353714,0.3746096,0.3651241,0.8522629,0,0,0,0,0,0,0,-1.96649,-1.062896,2.822735,1.274758,-0.2974962,-3.354274,-0.1965197,0.1132144,-0.03400885,0.9733478,337.9841,14.60462,353.1419,0.3522064,-0.08034441,-0.932467,0,0,0,1.506307,0.02950149,-2.613742,0.03556782,0.01700699,0.841056,0.9720518,-0.1107026,-0.2070272,0.02170713,0.9204468,-0.3902646,0.2337609,0.3748634,0.897125,moving,23.72775,23.19113,2.421566,1.15842
05/15/2023 14:22:51.160813,1045,True,True,True,True,Eyes,1.266546,-0.2904764,-3.353239,0.371897,0.3629102,0.8543938,0,0,0,0,0,0,0,-1.95827,-1.051404,2.831978,1.27475,-0.2976046,-3.353627,-0.1948295,0.1117095,-0.03359958,0.9738755,338.1627,14.38915,353.2581,0.352206,-0.08038248,-0.9324639,0,0,0,1.502387,0.02657744,-2.613744,0.03481555,0.01750293,0.8383449,0.9727842,-0.1089722,-0.2044899,0.02191504,0.9218251,-0.3869861,0.2306746,0.3719725,0.899125,moving,23.52233,23.01372,2.378065,1.196045
05/15/2023 14:22:51.180625,1046,True,True,True,True,Eyes,1.266322,-0.290599,-3.352759,0.3692031,0.3606827,0.8565028,0,0,0,0,0,0,0,-1.951044,-1.040796,2.840069,1.274536,-0.2977111,-3.353021,-0.1931119,0.1104612,-0.03355385,0.9743615,338.3517,14.21354,353.3243,0.3522043,-0.08042152,-0.9324613,0,0,0,1.498241,0.02348496,-2.613745,0.03348207,0.01791465,0.8356421,0.9733449,-0.1080499,-0.2022991,0.02272441,0.9231639,-0.3837343,0.2282177,0.3689087,0.9010122,moving,23.31888,22.83649,2.29447,1.22813
05/15/2023 14:22:51.190764,1047,True,True,True,True,Eyes,1.266093,-0.2907298,-3.352282,0.3665205,0.3584796,0.8585774,0,0,0,0,0,0,0,-1.94433,-1.032485,2.846898,1.27443,-0.2976153,-3.352391,-0.191698,0.1093169,-0.03359916,0.9747681,338.5077,14.05704,353.3709,0.3522016,-0.08046123,-0.9324588,0,0,0,1.494399,0.02061947,-2.613746,0.03212866,0.01784262,0.8330096,0.9738418,-0.1074145,-0.2002355,0.02359114,0.924246,-0.3810681,0.2259991,0.3663762,0.9026034,moving,23.11729,22.66187,2.208768,1.227057
05/15/2023 14:22:51.210825,1048,True,True,True,True,Eyes,1.266152,-0.2908845,-3.35185,0.3617439,0.3570037,0.861214,0,0,0,0,0,0,0,-1.937802,-1.024527,2.853621,1.274109,-0.2979,-3.351982,-0.1906775,0.1081625,-0.03307969,0.9751148,338.6103,13.89209,353.478,0.3521978,-0.08050176,-0.9324567,0,0,0,1.490269,0.0175385,-2.613747,0.03085645,0.01703328,0.8306476,0.9744132,-0.1057613,-0.1983266,0.02326471,0.9250957,-0.3790208,0.2235568,0.3647088,0.903886,moving,22.78433,22.51574,2.127414,1.174744
05/15/2023 14:22:51.221157,1049,True,True,True,True,Eyes,1.266224,-0.2910429,-3.351417,0.3569354,0.3554901,0.8638425,0,0,0,0,0,0,0,-1.93072,-1.014308,2.861252,1.273998,-0.2980878,-3.351318,-0.1893471,0.1068626,-0.03243989,0.9755387,338.7463,13.70332,353.6078,0.3521997,-0.08054337,-0.9324524,0,0,0,1.48629,0.0145706,-2.613748,0.02983375,0.01683187,0.8280452,0.9750561,-0.103761,-0.1962124,0.02282447,0.9261907,-0.3763641,0.220782,0.3624977,0.9054561,moving,22.45017,22.36824,2.063425,1.164505
05/15/2023 14:22:51.246552,1050,True,True,True,True,Eyes,1.26629,-0.2912056,-3.350975,0.3522097,0.3539182,0.8664238,0,0,0,0,0,0,0,-1.924505,-1.003076,2.868672,1.273862,-0.2982568,-3.350744,-0.1877373,0.1057333,-0.03203695,0.9759862,338.9193,13.53761,353.7096,0.352207,-0.08058605,-0.932446,0,0,0,1.482302,0.01159633,-2.61375,0.02843215,0.01706472,0.8255405,0.9755882,-0.1022354,-0.1943594,0.02283507,0.9274567,-0.3732327,0.2184175,0.3596832,0.9071503,moving,22.12222,22.21911,1.972524,1.184191
05/15/2023 14:22:51.261137,1051,True,True,True,True,Eyes,1.266358,-0.291371,-3.350533,0.3474638,0.3522877,0.8690007,0,0,0,0,0,0,0,-1.917801,-0.9911193,2.876573,1.2738,-0.2984822,-3.350118,-0.1860899,0.1044936,-0.03149223,0.9764528,339.0941,13.35558,353.8307,0.3522191,-0.08062984,-0.9324377,0,0,0,1.478127,0.008482366,-2.613751,0.02700622,0.01726171,0.8229132,0.9761786,-0.1003918,-0.1923453,0.02261097,0.9287576,-0.3699974,0.2157869,0.3568345,0.9089033,moving,21.79365,22.06734,1.879648,1.20168
05/15/2023 14:22:51.271295,1052,True,True,True,True,Eyes,1.266419,-0.291537,-3.350083,0.3427891,0.3505755,0.871546,0,0,0,0,0,0,0,-1.911105,-0.9790565,2.884485,1.273655,-0.2986533,-3.349588,-0.1841462,0.1033315,-0.03148474,0.976945,339.311,13.19175,353.89,0.3522355,-0.08067469,-0.9324276,0,0,0,1.474116,0.005490337,-2.613752,0.02546664,0.01807427,0.8204677,0.9766626,-0.09957392,-0.1903028,0.02346152,0.9301978,-0.3663081,0.2134939,0.3532946,0.9108256,moving,21.47029,21.91224,1.777843,1.261978
05/15/2023 14:22:51.290977,1053,True,True,True,True,Eyes,1.266491,-0.2917062,-3.34964,0.3380262,0.3488589,0.8740914,0,0,0,0,0,0,0,-1.902699,-0.9670513,2.893332,1.273569,-0.2987937,-3.348965,-0.1821862,0.1018861,-0.03150145,0.9774635,339.5285,12.99458,353.952,0.3522558,-0.08072055,-0.932416,0,0,0,1.470092,0.00248901,-2.613753,0.024314,0.01891825,0.8179119,0.9772537,-0.09870751,-0.1877016,0.02445856,0.9316317,-0.3625799,0.2106581,0.3497416,0.9128548,moving,21.14234,21.75745,1.702726,1.325011
05/15/2023 14:22:51.310778,1054,True,True,True,True,Eyes,1.266553,-0.2918811,-3.34919,0.3333369,0.3470844,0.8765951,0,0,0,0,0,0,0,-1.894167,-0.9570816,2.901714,1.273331,-0.2989703,-3.348591,-0.1804904,0.1004666,-0.03163347,0.9779209,339.7172,12.80656,353.9945,0.3522797,-0.08076738,-0.9324028,0,0,0,1.466046,-0.0005290275,-2.613755,0.02314962,0.01925787,0.8156494,0.9778115,-0.09813655,-0.1850776,0.02560354,0.9328451,-0.3593669,0.2079158,0.3466545,0.9146593,moving,20.81997,21.60089,1.625723,1.35253
05/15/2023 14:22:51.320650,1055,True,True,True,True,Eyes,1.266617,-0.2920605,-3.348747,0.3285792,0.345356,0.8790705,0,0,0,0,0,0,0,-1.886335,-0.9453796,2.909876,1.273193,-0.2992442,-3.347957,-0.1787748,0.09909669,-0.03132706,0.9783854,339.9029,12.61561,354.0878,0.3523066,-0.08081526,-0.9323885,0,0,0,1.4619,-0.003621671,-2.613756,0.02188961,0.01962957,0.8131356,0.9783969,-0.09673188,-0.1827085,0.02586789,0.9341163,-0.3560302,0.2051105,0.3436126,0.9164388,moving,20.49475,21.44812,1.54203,1.382885
05/15/2023 14:22:51.346403,1056,True,True,True,True,Eyes,1.266675,-0.2922376,-3.348303,0.3239028,0.3435839,0.8814971,0,0,0,0,0,0,0,-1.877717,-0.9346981,2.91843,1.272969,-0.2994747,-3.347624,-0.1771975,0.09761295,-0.03101483,0.9788314,340.0721,12.41294,354.1813,0.3523364,-0.08086419,-0.9323729,0,0,0,1.457989,-0.006538878,-2.613757,0.0210477,0.01979312,0.8110296,0.9790195,-0.09531013,-0.1801017,0.02612305,0.9352782,-0.3529478,0.2020847,0.340838,0.9181455,moving,20.17567,21.2945,1.486596,1.398022
05/15/2023 14:22:51.361282,1057,True,True,True,True,Eyes,1.266713,-0.292418,-3.347865,0.3193088,0.3418413,0.8838475,0,0,0,0,0,0,0,-1.870415,-0.9246184,2.92575,1.272891,-0.2995671,-3.347147,-0.1756872,0.09634252,-0.03076392,0.9792373,340.2357,12.2385,354.2612,0.3523685,-0.08091402,-0.9323564,0,0,0,1.45388,-0.00960376,-2.613758,0.01954891,0.01960137,0.8086581,0.9795434,-0.09410267,-0.1778747,0.02639807,0.9363752,-0.3500067,0.199494,0.3381512,0.9197043,moving,19.86333,21.14472,1.384827,1.388542
05/15/2023 14:22:51.380939,1058,True,True,True,True,Eyes,1.266745,-0.2925964,-3.347428,0.3148033,0.3400675,0.8861449,0,0,0,0,0,0,0,-1.863879,-0.9155571,2.932399,1.272755,-0.299823,-3.346857,-0.1744089,0.09520055,-0.03041933,0.9795882,340.3724,12.08051,354.3455,0.3524022,-0.08096475,-0.9323393,0,0,0,1.449795,-0.01265085,-2.613759,0.01789759,0.0190981,0.806572,0.980023,-0.09280448,-0.1759039,0.02638921,0.9373124,-0.3474896,0.1971254,0.3359058,0.9210368,moving,19.5576,20.99483,1.271168,1.356403
05/15/2023 14:22:51.391257,1059,True,True,True,True,Eyes,1.26678,-0.292775,-3.347002,0.3101917,0.3384018,0.8884061,0,0,0,0,0,0,0,-1.857713,-0.9061671,2.938745,1.272657,-0.2999246,-3.346468,-0.1730633,0.09411864,-0.03007944,0.9799419,340.5173,11.92953,354.4285,0.3524372,-0.08101624,-0.9323215,0,0,0,1.445769,-0.01565393,-2.61376,0.01618403,0.01862249,0.8043809,0.9804738,-0.09152918,-0.1740503,0.02637525,0.9382886,-0.3448461,0.1948729,0.3335219,0.9223815,moving,19.24692,20.85228,1.152628,1.326237
05/15/2023 14:22:51.411041,1060,True,True,True,True,Eyes,1.266808,-0.2929521,-3.346581,0.3056534,0.3367361,0.8906091,0,0,0,0,0,0,0,-1.851348,-0.897714,2.944915,1.27236,-0.300068,-3.346186,-0.1719293,0.09302956,-0.02961618,0.9802595,340.6365,11.77776,354.5227,0.3524733,-0.0810684,-0.9323034,0,0,0,1.441747,-0.01865353,-2.613762,0.01469076,0.01778552,0.8023713,0.9809368,-0.09005209,-0.1722025,0.02607406,0.9391264,-0.3425811,0.19257,0.3315603,0.9235716,moving,18.94201,20.71143,1.048921,1.269822
05/15/2023 14:22:51.430636,1061,True,True,True,True,Eyes,1.266822,-0.2931264,-3.34617,0.3011804,0.3350928,0.8927504,0,0,0,0,0,0,0,-1.844201,-0.8899732,2.951329,1.272221,-0.300183,-3.345866,-0.1709932,0.09177736,-0.02895726,0.980561,340.7298,11.6048,354.6403,0.3525102,-0.08112111,-0.9322848,0,0,0,1.437616,-0.02173502,-2.613763,0.01326056,0.01650581,0.8002598,0.9814768,-0.08817533,-0.1700836,0.02540212,0.9398456,-0.3406537,0.1898896,0.3300233,0.9246765,moving,18.64246,20.57357,0.9493223,1.18159
05/15/2023 14:22:51.442521,1062,True,True,True,True,Eyes,1.266822,-0.2931264,-3.34617,0.3011804,0.3350928,0.8927504,0,0,0,0,0,0,0,-1.83602,-0.8849697,2.957611,1.271913,-0.3002725,-3.345695,-0.1703644,0.09042188,-0.02851978,0.9808091,340.7899,11.42719,354.7288,0.3525474,-0.08117423,-0.9322662,0,0,0,1.433701,-0.02465498,-2.613764,0.01225583,0.01485795,0.7984309,0.982021,-0.08675425,-0.1676557,0.02513558,0.9403252,-0.3393475,0.1870907,0.3290322,0.9255998,moving,18.64246,20.57357,0.8794153,1.06609
05/15/2023 14:22:51.462459,1063,True,True,True,True,Eyes,1.266823,-0.2933059,-3.345757,0.2964675,0.3334936,0.894924,0,0,0,0,0,0,0,-1.827754,-0.8816906,2.963345,1.271828,-0.3003749,-3.345401,-0.1700824,0.08902048,-0.02794021,0.9810029,340.8084,11.24473,354.8302,0.3525808,-0.08122204,-0.9322494,0,0,0,1.429603,-0.02771193,-2.613765,0.01099183,0.0125452,0.7963984,0.9825894,-0.08510047,-0.1651544,0.02453721,0.9405826,-0.3386771,0.184163,0.3287281,0.9262946,moving,18.32883,20.43792,0.7907415,0.9024723
05/15/2023 14:22:51.470964,1064,True,True,True,True,Eyes,1.266819,-0.293478,-3.345351,0.291828,0.3319181,0.8970321,0,0,0,0,0,0,0,-1.819694,-0.8787892,2.968829,1.271584,-0.3005646,-3.345181,-0.1697569,0.0877031,-0.02760042,0.9811875,340.8353,11.07682,354.9018,0.3526146,-0.08127091,-0.9322324,0,0,0,1.425709,-0.03061682,-2.613766,0.009832427,0.01054177,0.7945982,0.9830928,-0.0839388,-0.1627357,0.02438597,0.9408416,-0.3379679,0.1814771,0.3282854,0.9269815,moving,18.02106,20.30539,0.7089468,0.7600865
05/15/2023 14:22:51.491113,1065,True,True,True,True,Eyes,1.266821,-0.2936505,-3.344959,0.2871271,0.3303116,0.8991397,0,0,0,0,0,0,0,-1.811157,-0.8756199,2.974616,1.271456,-0.3005484,-3.344908,-0.1692289,0.08631873,-0.0275253,0.9814036,340.8882,10.90434,354.9458,0.3526484,-0.08132052,-0.9322153,0,0,0,1.421657,-0.03363888,-2.613768,0.008453548,0.008611411,0.7926046,0.9835829,-0.08324209,-0.1601109,0.02481161,0.9412079,-0.3369155,0.1787432,0.3274117,0.9278213,moving,17.71012,20.17152,0.6110667,0.6224769
05/15/2023 14:22:51.510679,1066,True,True,True,True,Eyes,1.266817,-0.2938187,-3.344573,0.2824979,0.3287314,0.9011829,0,0,0,0,0,0,0,-1.801942,-0.873009,2.980758,1.271261,-0.3007002,-3.344777,-0.168829,0.08483025,-0.02739344,0.9816059,340.9254,10.71956,354.9968,0.3526824,-0.08137077,-0.932198,0,0,0,1.417542,-0.03670812,-2.613769,0.007217005,0.006535411,0.7908021,0.9841068,-0.08242276,-0.1572902,0.02513551,0.9414927,-0.3360948,0.1757894,0.3267995,0.9286012,moving,17.40488,20.04084,0.5228772,0.4734976
05/15/2023 14:22:51.531054,1067,True,True,True,True,Eyes,1.2668,-0.2939882,-3.344199,0.277967,0.3270271,0.9032096,0,0,0,0,0,0,0,-1.793079,-0.8705012,2.986499,1.271152,-0.3007545,-3.344518,-0.1683424,0.08341204,-0.02746886,0.9818089,340.9752,10.54662,355.0227,0.3527163,-0.08142148,-0.9321808,0,0,0,1.41345,-0.03976039,-2.61377,0.005765513,0.004582077,0.7888626,0.9845758,-0.08202189,-0.154541,0.02585478,0.9418126,-0.3351425,0.1730377,0.3259776,0.9294066,moving,17.10599,19.90392,0.4187468,0.3327965
05/15/2023 14:22:51.542758,1068,True,True,True,True,Eyes,1.266777,-0.2941543,-3.343832,0.2734915,0.3253621,0.9051751,0,0,0,0,0,0,0,-1.783435,-0.8681029,2.992762,1.270869,-0.300935,-3.344428,-0.1678935,0.08188985,-0.02751435,0.9820126,341.0198,10.36108,355.0536,0.3527497,-0.08147261,-0.9321637,0,0,0,1.409459,-0.04273749,-2.613771,0.004704967,0.002704412,0.7872116,0.985074,-0.08153641,-0.1515948,0.02654133,0.9421095,-0.3342533,0.1700727,0.3252408,0.9302117,moving,16.81178,19.7708,0.3424385,0.196835
05/15/2023 14:22:51.561188,1069,True,True,True,True,Eyes,1.266743,-0.2943224,-3.343476,0.2691266,0.3235905,0.9071163,0,0,0,0,0,0,0,-1.773763,-0.866063,2.998769,1.270716,-0.3010142,-3.344187,-0.1675072,0.08034925,-0.02753132,0.9822053,341.0569,10.17343,355.0872,0.3527824,-0.08152404,-0.9321468,0,0,0,1.405291,-0.04584636,-2.613773,0.003412932,0.0005407929,0.7853113,0.985572,-0.08100099,-0.1486156,0.02716467,0.9423667,-0.3334772,0.1670623,0.3246287,0.9309707,moving,16.52476,19.63256,0.2490036,0.03945588
05/15/2023 14:22:51.571131,1070,True,True,True,True,Eyes,1.266697,-0.2944885,-3.343127,0.2647862,0.3218485,0.9090115,0,0,0,0,0,0,0,-1.763329,-0.8635279,3.005376,1.270366,-0.3012047,-3.34406,-0.1671043,0.07870276,-0.02743417,0.98241,341.0943,9.970798,355.1366,0.3528141,-0.08157577,-0.9321302,0,0,0,1.401229,-0.04887601,-2.613774,0.002573162,-0.001459658,0.783648,0.9861065,-0.08020635,-0.145468,0.02760007,0.942647,-0.3326482,0.1638055,0.3240116,0.9317641,moving,16.24033,19.49723,0.188134,-0.1067216
05/15/2023 14:22:51.591108,1071,True,True,True,True,Eyes,1.266662,-0.2946517,-3.342789,0.2603371,0.3199883,0.9109513,0,0,0,0,0,0,0,-1.751565,-0.8602299,3.012865,1.270048,-0.3013114,-3.343878,-0.1665244,0.07684594,-0.02741658,0.9826559,341.152,9.743151,355.1827,0.3528447,-0.08162769,-0.9321141,0,0,0,1.39739,-0.05173945,-2.613775,0.002214074,-0.003061473,0.7820096,0.9866861,-0.07947557,-0.1418952,0.02828867,0.9430359,-0.3314861,0.1601573,0.3230587,0.9327286,moving,15.94919,19.35476,0.1622189,-0.2243049
05/15/2023 14:22:51.610818,1072,True,True,True,True,Eyes,1.266616,-0.2948144,-3.34246,0.2559141,0.3181671,0.9128405,0,0,0,0,0,0,0,-1.739378,-0.8576294,3.020424,1.26992,-0.3013631,-3.343712,-0.1660005,0.07490677,-0.0274865,0.9828923,341.2038,9.508005,355.2191,0.3528742,-0.08167969,-0.9320984,0,0,0,1.393323,-0.05477298,-2.613776,0.001553364,-0.004973114,0.7802653,0.987267,-0.07890166,-0.138125,0.02916341,0.9433767,-0.3304391,0.1563761,0.3222034,0.9336656,moving,15.6608,19.21581,0.1140652,-0.3651765
05/15/2023 14:22:51.620865,1073,True,True,True,True,Eyes,1.266582,-0.2949753,-3.342139,0.2513855,0.3162533,0.9147618,0,0,0,0,0,0,0,-1.72736,-0.8551292,3.027768,1.269632,-0.3015028,-3.34358,-0.1655098,0.07302293,-0.02755482,0.9831149,341.252,9.279872,355.2538,0.3529026,-0.08173174,-0.9320831,0,0,0,1.38924,-0.05781854,-2.613777,0.0009295866,-0.006884381,0.7786219,0.9878168,-0.07835113,-0.1344587,0.03000709,0.9436945,-0.3294546,0.1527011,0.3214061,0.9345483,moving,15.36612,19.0714,0.06840465,-0.5065818
05/15/2023 14:22:51.643089,1074,True,True,True,True,Eyes,1.266537,-0.2951326,-3.34182,0.2468713,0.3143719,0.9166378,0,0,0,0,0,0,0,-1.714578,-0.852883,3.035372,1.269466,-0.3015727,-3.343378,-0.1650011,0.07101403,-0.02772248,0.9833429,341.3027,9.038708,355.2792,0.3529302,-0.08178376,-0.9320681,0,0,0,1.385197,-0.06083456,-2.613779,0.00039538,-0.008774132,0.7769083,0.9883769,-0.07795619,-0.1305138,0.03108663,0.9440122,-0.3284426,0.1488108,0.3205679,0.9354632,moving,15.07339,18.93002,0.02915865,-0.647051
05/15/2023 14:22:51.660797,1075,True,True,True,True,Eyes,1.266447,-0.2952901,-3.341503,0.2427059,0.3122346,0.9184788,0,0,0,0,0,0,0,-1.700997,-0.8505222,3.043243,1.269195,-0.3016356,-3.343092,-0.1644004,0.06891449,-0.02805445,0.9835835,341.3651,8.789305,355.2876,0.3529567,-0.08183565,-0.9320535,0,0,0,1.381311,-0.06373295,-2.61378,0.0002114326,-0.01036666,0.7752143,0.9889275,-0.07784691,-0.126342,0.03252865,0.9443709,-0.3272697,0.1447906,0.3195363,0.9364466,moving,14.80194,18.77534,0.0156269,-0.7661504
05/15/2023 14:22:51.670590,1076,True,True,True,True,Eyes,1.266346,-0.2954476,-3.341197,0.2385164,0.3101267,0.9202887,0,0,0,0,0,0,0,-1.686217,-0.846342,3.052331,1.269004,-0.3018031,-3.342886,-0.1636686,0.06657498,-0.02806043,0.9838665,341.4387,8.504041,355.3405,0.3529811,-0.08188746,-0.9320397,0,0,0,1.377017,-0.06693546,-2.613781,-1.782924E-05,-0.01201205,0.7734856,0.9895607,-0.07700789,-0.1218166,0.03342295,0.9448504,-0.3257924,0.140187,0.3183199,0.9375607,moving,14.52996,18.62322,-0.001320697,-0.8897185
05/15/2023 14:22:51.691105,1077,True,True,True,True,Eyes,1.266197,-0.2956026,-3.340892,0.2345701,0.3078088,0.9220794,0,0,0,0,0,0,0,-1.671029,-0.8417618,3.061716,1.26867,-0.3019477,-3.342799,-0.162865,0.06419497,-0.02807071,0.9841576,341.5205,8.213722,355.394,0.3530033,-0.0819392,-0.9320267,0,0,0,1.373203,-0.06978078,-2.613782,0.0003744587,-0.0132537,0.7720877,0.9901821,-0.0761622,-0.1172125,0.03434177,0.9453741,-0.3241735,0.1354994,0.3169655,0.9387081,moving,14.27287,18.46006,0.02778817,-0.9834462
05/15/2023 14:22:51.710830,1078,True,True,True,True,Eyes,1.266039,-0.2957599,-3.34059,0.2305934,0.3055132,0.9238443,0,0,0,0,0,0,0,-1.655891,-0.8373259,3.070855,1.268502,-0.3020433,-3.342591,-0.1621183,0.0618,-0.02800547,0.984436,341.5952,7.920879,355.4557,0.3530223,-0.08199082,-0.932015,0,0,0,1.369111,-0.07283305,-2.613783,0.0003904626,-0.01481712,0.7704545,0.9907929,-0.075177,-0.1125959,0.03510135,0.9458667,-0.3226517,0.1307567,0.3157287,0.9397968,moving,14.01478,18.29893,0.02903722,-1.101757
05/15/2023 14:22:51.720857,1079,True,True,True,True,Eyes,1.265844,-0.2959157,-3.340291,0.2268135,0.302969,0.9256161,0,0,0,0,0,0,0,-1.640985,-0.8311301,3.080123,1.268186,-0.3022314,-3.342324,-0.1611239,0.05946111,-0.02793323,0.9847453,341.6989,7.633042,355.5191,0.3530382,-0.08204243,-0.9320045,0,0,0,1.365044,-0.07586651,-2.613785,0.0004708022,-0.01587798,0.7688561,0.9913682,-0.07417545,-0.1081067,0.03585303,0.9465176,-0.3206538,0.1261095,0.3140101,0.9410069,moving,13.7685,18.1241,0.03508456,-1.183071
05/15/2023 14:22:51.743576,1080,True,True,True,True,Eyes,1.265641,-0.2960723,-3.339994,0.2229707,0.3004384,0.9273731,0,0,0,0,0,0,0,-1.625235,-0.8238864,3.090115,1.267999,-0.30233,-3.34212,-0.1599844,0.05696201,-0.02777513,0.9850832,341.8183,7.323792,355.5964,0.3530504,-0.08209398,-0.9319953,0,0,0,1.361047,-0.07884802,-2.613786,0.0007333606,-0.01677953,0.7673271,0.9919678,-0.07294768,-0.1033375,0.03649557,0.9472671,-0.31836,0.1211118,0.3120315,0.9423207,moving,13.51916,17.95062,0.05475951,-1.252716
05/15/2023 14:22:51.760658,1081,True,True,True,True,Eyes,1.265398,-0.2962179,-3.339701,0.2191532,0.2977439,0.9291504,0,0,0,0,0,0,0,-1.608227,-0.8160795,3.100659,1.267693,-0.3024762,-3.341845,-0.158737,0.0542944,-0.0276794,0.9854382,341.9501,6.995341,355.6697,0.3530589,-0.08214553,-0.9319875,0,0,0,1.356984,-0.08187857,-2.613787,0.001281209,-0.01748756,0.7657661,0.9925719,-0.07178975,-0.09822006,0.03731563,0.9480729,-0.3158567,0.115795,0.3098454,0.9437094,moving,13.27146,17.76793,0.09586193,-1.308218
05/15/2023 14:22:51.780819,1082,True,True,True,True,Eyes,1.265151,-0.2963664,-3.339409,0.2152836,0.2951137,0.9308926,0,0,0,0,0,0,0,-1.590942,-0.8110468,3.110633,1.267592,-0.3023365,-3.341667,-0.1577936,0.05158792,-0.02776492,0.9857327,342.048,6.66819,355.7188,0.3530633,-0.08219678,-0.9319813,0,0,0,1.352975,-0.08486836,-2.613788,0.001702949,-0.01892976,0.7642175,0.9931356,-0.07101808,-0.09294155,0.03845711,0.9486606,-0.3139492,0.1104661,0.3082199,0.9448798,moving,13.02163,17.58978,0.1276752,-1.418934
05/15/2023 14:22:51.790931,1083,True,True,True,True,Eyes,1.264883,-0.2965169,-3.339114,0.2113042,0.2923803,0.9326652,0,0,0,0,0,0,0,-1.574539,-0.806994,3.119625,1.26732,-0.302533,-3.341384,-0.157146,0.04904291,-0.02767092,0.9859686,342.1114,6.359187,355.783,0.3530638,-0.08224785,-0.9319766,0,0,0,1.348867,-0.08793305,-2.61379,0.001974203,-0.02057832,0.7626722,0.9936582,-0.06997912,-0.0880128,0.03915153,0.9490789,-0.3125962,0.1054063,0.307168,0.9457998,moving,12.7654,17.40564,0.1483117,-1.545572
05/15/2023 14:22:51.810988,1084,True,True,True,True,Eyes,1.264611,-0.2966685,-3.338819,0.2072977,0.2896677,0.934409,0,0,0,0,0,0,0,-1.560572,-0.8011879,3.127659,1.267081,-0.3026788,-3.341022,-0.1561289,0.04689178,-0.02783888,0.9862302,342.2209,6.099761,355.8113,0.3530602,-0.08229883,-0.9319735,0,0,0,1.34461,-0.09110843,-2.613791,0.001410991,-0.02180563,0.7610264,0.9940523,-0.06955341,-0.08379928,0.04026876,0.9496976,-0.3105689,0.1011851,0.3053472,0.9468499,moving,12.50843,17.22349,0.1062299,-1.641242
05/15/2023 14:22:51.830923,1085,True,True,True,True,Eyes,1.264316,-0.296819,-3.338525,0.2031068,0.2868464,0.9361981,0,0,0,0,0,0,0,-1.54574,-0.793439,3.136488,1.266729,-0.3028281,-3.340675,-0.1549215,0.04459782,-0.0277507,0.9865294,342.3505,5.817708,355.8735,0.3530529,-0.08234978,-0.9319717,0,0,0,1.340685,-0.09403605,-2.613792,0.001518793,-0.02250931,0.7595482,0.9944819,-0.06857207,-0.07939575,0.04093545,0.9504585,-0.3081444,0.09659246,0.3031939,0.9480208,moving,12.24055,17.03481,0.1145686,-1.697471
05/15/2023 14:22:51.844270,1086,True,True,True,True,Eyes,1.264019,-0.2969739,-3.338234,0.1988862,0.2840326,0.9379604,0,0,0,0,0,0,0,-1.53067,-0.7848934,3.145651,1.266554,-0.3029,-3.340392,-0.1536342,0.04223039,-0.02752763,0.9868411,342.4883,5.52438,355.9528,0.3530418,-0.08240069,-0.9319715,0,0,0,1.336861,-0.09688795,-2.613793,0.001667947,-0.0231301,0.7581501,0.9949177,-0.06730688,-0.074891,0.04135473,0.9512775,-0.3055502,0.09180775,0.3009002,0.9492263,moving,11.97174,16.84733,0.1260518,-1.747472
05/15/2023 14:22:51.860825,1087,True,True,True,True,Eyes,1.263695,-0.2971305,-3.337945,0.1947015,0.2810646,0.9397308,0,0,0,0,0,0,0,-1.515213,-0.7750488,3.155208,1.266235,-0.3031229,-3.340161,-0.1522015,0.03981815,-0.02722894,0.9871715,342.6427,5.223981,356.0421,0.353027,-0.08245166,-0.9319726,0,0,0,1.332564,-0.1000932,-2.613794,0.001562037,-0.02376267,0.7567443,0.9953462,-0.06588003,-0.07032613,0.04163851,0.9521866,-0.3026663,0.08690327,0.2983295,0.9504985,moving,11.70541,16.65143,0.1182671,-1.798565
05/15/2023 14:22:51.880920,1088,True,True,True,True,Eyes,1.263371,-0.2972909,-3.337659,0.1905011,0.2780948,0.9414737,0,0,0,0,0,0,0,-1.500579,-0.7644887,3.164359,1.26608,-0.3032479,-3.339825,-0.1505928,0.03752361,-0.02707936,0.9875122,342.8189,4.93977,356.1118,0.3530084,-0.08250276,-0.9319751,0,0,0,1.328736,-0.1029484,-2.613796,0.001526628,-0.02385068,0.7553759,0.9957174,-0.06478398,-0.06595414,0.04218083,0.953177,-0.2994568,0.08226597,0.2953923,0.9518276,moving,11.43898,16.45621,0.1157956,-1.80849
05/15/2023 14:22:51.891010,1089,True,True,True,True,Eyes,1.263025,-0.2974504,-3.337377,0.1863425,0.2750185,0.9432079,0,0,0,0,0,0,0,-1.48622,-0.7531199,3.173568,1.265769,-0.3034843,-3.339656,-0.1489352,0.03528477,-0.0267887,0.9878541,343.0006,4.659936,356.1965,0.3529861,-0.08255409,-0.931979,0,0,0,1.324698,-0.1059607,-2.613797,0.001357261,-0.02398129,0.7541766,0.9960747,-0.06343695,-0.06173286,0.04241637,0.9542013,-0.296143,0.07769198,0.2923621,0.9531466,moving,11.17558,16.25551,0.1031128,-1.821276
05/15/2023 14:22:51.910903,1090,True,True,True,True,Eyes,1.262679,-0.2976093,-3.337094,0.1821721,0.2719655,0.9449064,0,0,0,0,0,0,0,-1.472868,-0.7429324,3.181864,1.265572,-0.3035659,-3.33942,-0.1474422,0.03319719,-0.026509,0.9881579,343.1641,4.399671,356.2752,0.3529601,-0.0826056,-0.9319842,0,0,0,1.320195,-0.1093193,-2.613798,0.0004133284,-0.0248626,0.7527444,0.9963905,-0.06217949,-0.05779104,0.04260083,0.9551162,-0.2931524,0.07342522,0.2896323,0.9543175,moving,10.91239,16.05702,0.03146084,-1.89175
05/15/2023 14:22:51.930806,1091,True,True,True,True,Eyes,1.262292,-0.2977696,-3.336813,0.178068,0.2688321,0.9465839,0,0,0,0,0,0,0,-1.45882,-0.7338195,3.189999,1.265263,-0.3036774,-3.339107,-0.1461166,0.03103116,-0.02624163,0.9884323,343.3082,4.131682,356.3521,0.3529307,-0.08265726,-0.9319908,0,0,0,1.316643,-0.1119687,-2.613799,0.0005956478,-0.02523008,0.7515491,0.9966969,-0.0609445,-0.05367572,0.04280782,0.9559226,-0.2904814,0.06901307,0.2872242,0.9553739,moving,10.65377,15.85468,0.04541034,-1.922741
05/15/2023 14:22:51.946446,1092,True,True,True,True,Eyes,1.261905,-0.297933,-3.336536,0.173943,0.26572,0.9482282,0,0,0,0,0,0,0,-1.444533,-0.724062,3.198359,1.265054,-0.3038368,-3.338827,-0.1447573,0.02880555,-0.02583011,0.9887105,343.4556,3.854438,356.4464,0.3528972,-0.08270913,-0.9319989,0,0,0,1.31268,-0.1149248,-2.6138,0.0003830045,-0.02583691,0.7503014,0.9970061,-0.05941661,-0.04948249,0.04273737,0.9567563,-0.2877342,0.06443889,0.284758,0.9564312,moving,10.39477,15.65435,0.02924764,-1.972223
05/15/2023 14:22:51.960504,1093,True,True,True,True,Eyes,1.261491,-0.2980954,-3.336263,0.1697483,0.2625568,0.9498681,0,0,0,0,0,0,0,-1.430016,-0.7137945,3.206828,1.264721,-0.3040274,-3.338599,-0.143364,0.02656064,-0.02532205,0.9889894,343.6069,3.573608,356.5517,0.35286,-0.08276127,-0.9320084,0,0,0,1.308271,-0.1182133,-2.613801,-0.0001050979,-0.02671935,0.7490266,0.9973066,-0.05770215,-0.04527584,0.04247078,0.9576111,-0.2849162,0.05979693,0.2822258,0.9574825,moving,10.13221,15.45154,-0.008039321,-2.042994
05/15/2023 14:22:51.970698,1094,True,True,True,True,Eyes,1.261081,-0.2982563,-3.335994,0.165573,0.259425,0.9514643,0,0,0,0,0,0,0,-1.416636,-0.7026201,3.214929,1.264606,-0.3041175,-3.338351,-0.1418562,0.02445443,-0.02473397,0.9892761,343.772,3.30784,356.6638,0.3528188,-0.08281362,-0.9320194,0,0,0,1.304242,-0.1212183,-2.613803,-0.0006510094,-0.0272564,0.7478305,0.9975804,-0.05587547,-0.04136702,0.04199942,0.9585301,-0.2818797,0.0554017,0.2794603,0.9585575,moving,9.871708,15.25146,-0.04987772,-2.087352
05/15/2023 14:22:51.990696,1095,True,True,True,True,Eyes,1.260701,-0.2984219,-3.335727,0.1613502,0.2563205,0.9530298,0,0,0,0,0,0,0,-1.405211,-0.6930906,3.221697,1.264337,-0.3041962,-3.33815,-0.1406145,0.02268052,-0.02413013,0.9895104,343.9078,3.082771,356.7702,0.3527739,-0.08286612,-0.9320316,0,0,0,1.300569,-0.1239585,-2.613804,-0.001201138,-0.02796349,0.7467875,0.9978067,-0.05413245,-0.03809914,0.04137561,0.9592906,-0.2793735,0.05167132,0.2771844,0.9594263,moving,9.609192,15.05367,-0.09215482,-2.144441
05/15/2023 14:22:52.011152,1096,True,True,True,True,Eyes,1.260323,-0.298595,-3.335462,0.1571816,0.25323,0.9545515,0,0,0,0,0,0,0,-1.396142,-0.6835309,3.22736,1.264142,-0.3043935,-3.337898,-0.1394632,0.02124856,-0.0233659,0.9897234,344.034,2.896208,356.8889,0.3527266,-0.08291886,-0.9320448,0,0,0,1.296557,-0.1269511,-2.613805,-0.002645286,-0.02895908,0.7456554,0.9980051,-0.05217835,-0.03554304,0.04032477,0.9600081,-0.277053,0.04857777,0.275067,0.960197,moving,9.350718,14.85759,-0.2032616,-2.224083
05/15/2023 14:22:52.021323,1097,True,True,True,True,Eyes,1.259956,-0.298765,-3.335199,0.1530769,0.2501394,0.9560323,0,0,0,0,0,0,0,-1.387738,-0.6715333,3.233134,1.263843,-0.3046942,-3.337633,-0.1380456,0.01991651,-0.02239149,0.9899725,344.191,2.717349,357.0312,0.3526771,-0.08297202,-0.9320588,0,0,0,1.292482,-0.1299901,-2.613806,-0.004186347,-0.02950124,0.7445662,0.9982039,-0.04983269,-0.03325149,0.03883515,0.960884,-0.2742146,0.04561568,0.2724308,0.9610935,moving,9.096808,14.66237,-0.3221439,-2.26899
05/15/2023 14:22:52.045268,1098,True,True,True,True,Eyes,1.259956,-0.298765,-3.335199,0.1530769,0.2501394,0.9560323,0,0,0,0,0,0,0,-1.380481,-0.6588373,3.238589,1.263756,-0.3047352,-3.337411,-0.1364649,0.01873291,-0.02146943,0.9902351,344.3679,2.556793,357.1649,0.3526258,-0.08302545,-0.9320734,0,0,0,1.288263,-0.1331372,-2.613807,-0.006311519,-0.03018111,0.7434363,0.9983763,-0.04763234,-0.03124032,0.03740679,0.9618328,-0.271069,0.04295962,0.2694602,0.9620528,moving,9.096808,14.66237,-0.4864098,-2.324747
05/15/2023 14:22:52.061096,1099,True,True,True,True,Eyes,1.259956,-0.298765,-3.335199,0.1530769,0.2501394,0.9560323,0,0,0,0,0,0,0,-1.373173,-0.6484466,3.243468,1.263466,-0.3048315,-3.3372,-0.1351716,0.01759419,-0.02072861,0.9904491,344.5123,2.406015,357.2749,0.3525797,-0.08307353,-0.9320866,0,0,0,1.28424,-0.1361385,-2.613809,-0.008144675,-0.0310861,0.7423958,0.9985216,-0.04581774,-0.02924846,0.0363048,0.962598,-0.2684906,0.04045614,0.2670318,0.9628381,moving,9.096808,14.66237,-0.6285552,-2.397727
05/15/2023 14:22:52.070713,1100,True,True,True,True,Eyes,1.259956,-0.298765,-3.335199,0.1530769,0.2501394,0.9560323,0,0,0,0,0,0,0,-1.367329,-0.6388233,3.247668,1.263345,-0.3048637,-3.337072,-0.1338716,0.0166727,-0.02028176,0.9906509,344.659,2.285856,357.3464,0.3525381,-0.08311681,-0.9320984,0,0,0,1.28018,-0.1391664,-2.61381,-0.01055023,-0.03210391,0.7414209,0.9986213,-0.04464828,-0.02760336,0.03572028,0.9633341,-0.2659163,0.03846396,0.2645636,0.9636009,moving,9.096808,14.66237,-0.8152495,-2.479388
05/15/2023 14:22:52.090872,1101,True,True,True,True,Eyes,1.259956,-0.298765,-3.335199,0.1530769,0.2501394,0.9560323,0,0,0,0,0,0,0,-1.362633,-0.6321318,3.250491,1.263121,-0.3049452,-3.336703,-0.1330415,0.01595267,-0.01983057,0.9907837,344.752,2.191171,357.4134,0.3525007,-0.08315577,-0.9321091,0,0,0,1.276231,-0.142112,-2.613811,-0.01303391,-0.03363347,0.7402415,0.9987046,-0.04354035,-0.0263347,0.03505088,0.9638134,-0.2642634,0.03688787,0.262998,0.9640909,moving,9.096808,14.66237,-1.008739,-2.60149
05/15/2023 14:22:52.110842,1102,True,True,True,True,Eyes,1.259956,-0.298765,-3.335199,0.1530769,0.2501394,0.9560323,0,0,0,0,0,0,0,-1.358669,-0.6235275,3.253496,1.262952,-0.305128,-3.336443,-0.1319491,0.01532791,-0.01934457,0.9909492,344.8755,2.10647,357.4836,0.3524671,-0.08319082,-0.9321187,0,0,0,1.271992,-0.1452737,-2.613812,-0.01600904,-0.03492498,0.7391576,0.9987817,-0.04238398,-0.02527336,0.03429397,0.9644305,-0.2621027,0.03548335,0.2609166,0.964709,moving,9.096808,14.66237,-1.240746,-2.705197
05/15/2023 14:22:52.121193,1103,True,True,True,True,Eyes,1.259956,-0.298765,-3.335199,0.1530769,0.2501394,0.9560323,0,0,0,0,0,0,0,-1.353346,-0.6133945,3.257292,1.262632,-0.3052874,-3.336212,-0.1306072,0.01451853,-0.0188803,0.9911481,345.0276,1.999832,357.5546,0.3524368,-0.08322237,-0.9321274,0,0,0,1.267968,-0.1482755,-2.613814,-0.01837013,-0.03570382,0.7381924,0.9988655,-0.0412188,-0.02384822,0.0336339,0.9651706,-0.2594505,0.03371184,0.258354,0.965462,moving,9.096808,14.66237,-1.425528,-2.769042
05/15/2023 14:22:52.145270,1104,True,True,True,True,Eyes,1.259379,-0.2989679,-3.3349,0.1475326,0.2462263,0.9579179,0,0,0,0,0,0,0,-1.348332,-0.6038969,3.260868,1.262468,-0.3054044,-3.335994,-0.1293222,0.01374018,-0.01850047,0.9913349,345.1734,1.898578,357.6147,0.3524095,-0.08325076,-0.9321351,0,0,0,1.264065,-0.1511864,-2.613815,-0.02082699,-0.03652918,0.7372649,0.9989379,-0.04023415,-0.0224572,0.03312651,0.9658669,-0.2569117,0.0320273,0.2558949,0.9661739,moving,8.755547,14.41542,-1.618118,-2.836509
05/15/2023 14:22:52.161299,1105,True,True,True,True,Eyes,1.259379,-0.2989679,-3.3349,0.1475326,0.2462263,0.9579179,0,0,0,0,0,0,0,-1.342122,-0.5930003,3.264964,1.262153,-0.3055849,-3.335644,-0.1278052,0.01280558,-0.01820083,0.9915497,345.3458,1.779741,357.6679,0.3523735,-0.08328307,-0.9321458,0,0,0,1.260005,-0.1542154,-2.613816,-0.02307792,-0.03703016,0.7362397,0.9990095,-0.03936729,-0.02074242,0.03282081,0.9666691,-0.2539165,0.03004706,0.2529842,0.9670036,moving,8.755547,14.41542,-1.795386,-2.879342
05/15/2023 14:22:52.170676,1106,True,True,True,True,Eyes,1.259379,-0.2989679,-3.3349,0.1475326,0.2462263,0.9579179,0,0,0,0,0,0,0,-1.334576,-0.5818202,3.269815,1.261991,-0.3057563,-3.335444,-0.1262185,0.01164815,-0.01793441,0.991772,345.5259,1.635311,357.7204,0.352341,-0.08331215,-0.9321555,0,0,0,1.255939,-0.1572482,-2.613817,-0.02517212,-0.03748465,0.7353899,0.9990854,-0.03851411,-0.01857731,0.03263326,0.9674945,-0.2507777,0.02763192,0.2499421,0.9678664,moving,8.755547,14.41542,-1.960447,-2.917983
05/15/2023 14:22:52.190508,1107,True,True,True,True,Eyes,1.248423,-0.3044186,-3.327075,-0.001078367,0.1345164,0.9909107,0,0,0,0,0,0,0,-1.326397,-0.5722812,3.274508,1.261692,-0.3057974,-3.335245,-0.1248409,0.01042488,-0.01771758,0.9919638,345.6819,1.484747,357.767,0.3523118,-0.08333833,-0.9321642,0,0,0,1.251929,-0.1602387,-2.613818,-0.02697936,-0.03833358,0.7345346,0.9991549,-0.0377533,-0.01625844,0.0325475,0.9682016,-0.2480447,0.02510596,0.2473059,0.9686121,moving,-0.06235261,7.730664,-2.103521,-2.987418
05/15/2023 14:22:52.210956,1108,True,True,True,True,Eyes,1.248406,-0.3044226,-3.327066,-0.001190746,0.1344422,0.9909207,0,0,0,0,0,0,0,-1.318389,-0.565305,3.278615,1.261508,-0.3058766,-3.334977,-0.1238357,0.00922158,-0.01756057,0.9921045,345.795,1.338613,357.8051,0.3520837,-0.08353975,-0.9322319,0,0,0,1.247902,-0.1632427,-2.61382,-0.02894984,-0.03970516,0.7336098,0.9992132,-0.03712776,-0.01394829,0.03255991,0.9687127,-0.2460397,0.02264679,0.245392,0.9691594,moving,-0.06884979,7.72637,-2.259843,-3.097996
05/15/2023 14:22:52.221176,1109,True,True,True,True,Eyes,1.248472,-0.3044365,-3.327048,-0.001743674,0.1340483,0.9909733,0,0,0,0,0,0,0,-1.308853,-0.559219,3.283053,1.261106,-0.3059583,-3.334706,-0.122882,0.007832922,-0.01760912,0.9922342,345.9021,1.174014,357.8214,0.3518782,-0.08372117,-0.9322929,0,0,0,1.243817,-0.1662894,-2.613821,-0.03051067,-0.04119717,0.7327028,0.9992571,-0.03686978,-0.0112165,0.03301968,0.9691798,-0.2441314,0.01987187,0.2435797,0.9696773,moving,-0.1008151,7.703603,-2.384491,-3.218141
05/15/2023 14:22:52.246637,1110,True,True,True,True,Eyes,1.248518,-0.304456,-3.327022,-0.002413416,0.1335876,0.991034,0,0,0,0,0,0,0,-1.298522,-0.5527567,3.287994,1.260828,-0.3061006,-3.334549,-0.121886,0.006304723,-0.01762445,0.9923677,346.0137,0.992591,357.8433,0.3516949,-0.08388482,-0.9323472,0,0,0,1.239816,-0.1692742,-2.613822,-0.03191628,-0.04253899,0.7319714,0.9992993,-0.03651677,-0.008216862,0.03344295,0.9696664,-0.2421336,0.01680955,0.2416891,0.9702082,moving,-0.1395293,7.67698,-2.496696,-3.32604
05/15/2023 14:22:52.260662,1111,True,True,True,True,Eyes,1.248701,-0.3044832,-3.326982,-0.00380559,0.1329957,0.9911093,0,0,0,0,0,0,0,-1.286812,-0.5455904,3.293369,1.260412,-0.3062317,-3.334279,-0.1208258,0.004586624,-0.01752883,0.9925084,346.1323,0.7873213,357.8806,0.3515314,-0.08403267,-0.9323955,0,0,0,1.235759,-0.1722998,-2.613823,-0.0329522,-0.04380229,0.7311621,0.9993435,-0.03590338,-0.004868658,0.03368665,0.9701877,-0.240002,0.01334039,0.2396804,0.9707602,moving,-0.2199991,7.642791,-2.580475,-3.428365
05/15/2023 14:22:52.280567,1112,True,True,True,True,Eyes,1.248859,-0.3045121,-3.326933,-0.005284679,0.1323435,0.9911898,0,0,0,0,0,0,0,-1.275238,-0.5384639,3.298727,1.260204,-0.306349,-3.334038,-0.1198108,0.002856184,-0.01732209,0.9926415,346.2457,0.579329,357.9307,0.351389,-0.08416642,-0.932437,0,0,0,1.23154,-0.1754468,-2.613824,-0.03433157,-0.04528065,0.7303666,0.9993836,-0.03507366,-0.001519585,0.03370485,0.9706905,-0.2379574,0.009821084,0.2377595,0.9712744,moving,-0.3054783,7.605142,-2.691261,-3.547635
05/15/2023 14:22:52.290704,1113,True,True,True,True,Eyes,1.249032,-0.3045455,-3.326879,-0.007040405,0.1315404,0.9912858,0,0,0,0,0,0,0,-1.263287,-0.530511,3.304148,1.259809,-0.3063929,-3.333727,-0.1187523,0.001090257,-0.01688322,0.9927799,346.364,0.3640428,358.0079,0.3512651,-0.08428758,-0.9324727,0,0,0,1.227713,-0.1783015,-2.613826,-0.03507625,-0.0464339,0.7295955,0.9994276,-0.03378158,0.001845073,0.0332637,0.9712257,-0.2358267,0.006174613,0.235753,0.9717934,moving,-0.4069248,7.558804,-2.75245,-3.641583
05/15/2023 14:22:52.310802,1114,True,True,True,True,Eyes,1.249178,-0.3045834,-3.326817,-0.008857738,0.1306873,0.991384,0,0,0,0,0,0,0,-1.251732,-0.5246848,3.309232,1.259568,-0.3064795,-3.333571,-0.117943,-0.0006248277,-0.01663478,0.9928809,346.4539,0.1581325,358.0615,0.3511584,-0.08439753,-0.932503,0,0,0,1.223533,-0.1814196,-2.613827,-0.03641097,-0.04823827,0.7289157,0.9994459,-0.03288532,0.005164672,0.0331801,0.9716254,-0.2341859,0.002683153,0.2342275,0.9721782,moving,-0.5119081,7.509609,-2.859675,-3.786206
05/15/2023 14:22:52.330872,1115,True,True,True,True,Eyes,1.249312,-0.3046274,-3.326754,-0.01078505,0.1296667,0.9914989,0,0,0,0,0,0,0,-1.240507,-0.5172904,3.314184,1.259104,-0.3066019,-3.333304,-0.1169054,-0.002258076,-0.01640338,0.9930051,346.5705,359.9618,358.1118,0.3510665,-0.08449756,-0.9325286,0,0,0,1.21953,-0.1844054,-2.613828,-0.03748273,-0.04951064,0.7282085,0.9994517,-0.03204931,0.008319848,0.03310524,0.9721281,-0.2321012,-0.0006492771,0.2322493,0.9726561,moving,-0.6232117,7.450768,-2.946558,-3.889534
05/15/2023 14:22:52.346745,1116,True,True,True,True,Eyes,1.249418,-0.3046736,-3.326679,-0.01278191,0.1286154,0.9916121,0,0,0,0,0,0,0,-1.228918,-0.510367,3.319336,1.258791,-0.3067446,-3.333175,-0.1159899,-0.003969161,-0.01602285,0.9931132,346.6729,359.7547,358.18,0.3509876,-0.08458883,-0.93255,0,0,0,1.21555,-0.1873737,-2.613829,-0.03856122,-0.05095132,0.727664,0.999455,-0.03090424,0.01160063,0.03274577,0.9725792,-0.230255,-0.004166675,0.2305094,0.9730612,moving,-0.7385032,7.390195,-3.033448,-4.005336
05/15/2023 14:22:52.361074,1117,True,True,True,True,Eyes,1.249529,-0.3047256,-3.326605,-0.01507453,0.1274556,0.9917297,0,0,0,0,0,0,0,-1.216377,-0.5030376,3.324528,1.258271,-0.3068178,-3.332825,-0.1151092,-0.005797114,-0.01537177,0.993217,346.7715,359.5305,358.2811,0.3509199,-0.08467235,-0.932568,0,0,0,1.211243,-0.1905865,-2.613831,-0.03957189,-0.05267745,0.7268658,0.9994603,-0.02920041,0.01505445,0.03186961,0.9730272,-0.2284785,-0.007976719,0.228835,0.9734325,moving,-0.8708423,7.323424,-3.11621,-4.145095
05/15/2023 14:22:52.380693,1118,True,True,True,True,Eyes,1.249611,-0.3047806,-3.326526,-0.01746556,0.1262577,0.9918437,0,0,0,0,0,0,0,-1.200981,-0.4955803,3.331056,1.257944,-0.3069635,-3.332752,-0.1141639,-0.008071876,-0.01480959,0.9933187,346.877,359.2555,358.3773,0.3508623,-0.08474904,-0.9325827,0,0,0,1.207264,-0.1935544,-2.613832,-0.03981922,-0.05406222,0.726477,0.9994311,-0.02757826,0.01941733,0.03126433,0.9734945,-0.2265631,-0.01265445,0.2270413,0.9738029,moving,-1.008827,7.254505,-3.137323,-4.255934
05/15/2023 14:22:52.396017,1119,True,True,True,True,Eyes,1.249689,-0.3048428,-3.326441,-0.02009323,0.124922,0.9919631,0,0,0,0,0,0,0,-1.18467,-0.4876244,3.337642,1.257394,-0.3070624,-3.332528,-0.1131108,-0.01044329,-0.01432915,0.9934242,346.9952,358.9704,358.4646,0.3508131,-0.08481968,-0.9325948,0,0,0,1.203236,-0.1965592,-2.613833,-0.03976707,-0.05533985,0.7259638,0.9993713,-0.02610735,0.02399079,0.03083234,0.9740013,-0.2244347,-0.01750767,0.2250333,0.9741938,moving,-1.160426,7.177708,-3.135432,-4.359198
05/15/2023 14:22:52.410924,1120,True,True,True,True,Eyes,1.24974,-0.3049085,-3.326349,-0.02283134,0.1235215,0.9920793,0,0,0,0,0,0,0,-1.167613,-0.4782806,3.344651,1.257035,-0.3072478,-3.3323,-0.1118637,-0.01295177,-0.0138361,0.9935429,347.1358,358.6693,358.5543,0.3507715,-0.08488512,-0.9326046,0,0,0,1.199325,-0.1994762,-2.613834,-0.0396043,-0.05616575,0.7255445,0.9992816,-0.02459586,0.02883179,0.03039119,0.9745902,-0.2219243,-0.02264077,0.2226412,0.9746375,moving,-1.318351,7.09724,-3.124425,-4.426545
05/15/2023 14:22:52.420849,1121,True,True,True,True,Eyes,1.249783,-0.3049828,-3.326256,-0.02574397,0.1219868,0.9921978,0,0,0,0,0,0,0,-1.149104,-0.4672406,3.352135,1.256459,-0.3073646,-3.332027,-0.1104043,-0.01564386,-0.01319691,0.993676,347.3012,358.3449,358.6624,0.3507361,-0.08494601,-0.9326125,0,0,0,1.195157,-0.2025848,-2.613835,-0.03921461,-0.05691405,0.7250921,0.9991623,-0.02277261,0.03400385,0.02968121,0.9752735,-0.2189994,-0.02817586,0.2198252,0.9751323,moving,-1.486286,7.009113,-3.095669,-4.488069
05/15/2023 14:22:52.441131,1122,True,True,True,True,Eyes,1.249801,-0.3050616,-3.326159,-0.02877753,0.1203857,0.9923099,0,0,0,0,0,0,0,-1.129875,-0.4549448,3.360062,1.256044,-0.307591,-3.331868,-0.1087945,-0.01846259,-0.01247904,0.9938145,347.4845,358.0052,358.7799,0.3507062,-0.08500306,-0.9326187,0,0,0,1.191256,-0.2054948,-2.613837,-0.03854694,-0.05715834,0.7248709,0.9990068,-0.02078645,0.03941207,0.02882096,0.976016,-0.2157823,-0.03398147,0.2167039,0.9756458,moving,-1.661144,6.917245,-3.043989,-4.508623
05/15/2023 14:22:52.460828,1123,True,True,True,True,Eyes,1.249792,-0.3051467,-3.326061,-0.0317607,0.1186267,0.9924309,0,0,0,0,0,0,0,-1.109411,-0.4432249,3.368061,1.255504,-0.3077419,-3.331679,-0.1072215,-0.02143351,-0.01186283,0.9939334,347.6636,357.6496,358.8864,0.3506804,-0.0850568,-0.9326235,0,0,0,1.187232,-0.2084961,-2.613838,-0.03766276,-0.05762496,0.7246152,0.9987997,-0.01898546,0.04515086,0.02817799,0.9767257,-0.2126336,-0.04006306,0.2136506,0.9760883,moving,-1.833007,6.816309,-2.975341,-4.546873
05/15/2023 14:22:52.470701,1124,True,True,True,True,Eyes,1.249759,-0.305236,-3.325957,-0.03485047,0.1168049,0.9925432,0,0,0,0,0,0,0,-1.090056,-0.4309436,3.375657,1.255162,-0.3079228,-3.331478,-0.1055688,-0.02426351,-0.01126013,0.9940522,347.8525,357.3112,358.9882,0.3506579,-0.08510775,-0.9326274,0,0,0,1.18326,-0.2114594,-2.613839,-0.03714103,-0.05791645,0.7243946,0.998569,-0.01726338,0.05061583,0.02750926,0.9774569,-0.2093354,-0.04586096,0.2104282,0.976533,moving,-2.01096,6.711838,-2.935089,-4.571162
05/15/2023 14:22:52.491612,1125,True,True,True,True,Eyes,1.249757,-0.3053348,-3.325849,-0.03797597,0.1148482,0.9926569,0,0,0,0,0,0,0,-1.070412,-0.4187127,3.383011,1.254597,-0.3080758,-3.331207,-0.1039368,-0.02709683,-0.01061852,0.994158,348.0396,356.9724,359.0933,0.3506376,-0.08515636,-0.9326307,0,0,0,1.179228,-0.2144665,-2.61384,-0.03645696,-0.05828773,0.7241072,0.998306,-0.01548027,0.05608438,0.0267457,0.9781687,-0.2060838,-0.05166975,0.2072347,0.9769258,moving,-2.19089,6.599649,-2.882263,-4.602158
05/15/2023 14:22:52.511422,1126,True,True,True,True,Eyes,1.249732,-0.3054396,-3.325737,-0.04119666,0.1128276,0.9927602,0,0,0,0,0,0,0,-1.050686,-0.4056586,3.390524,1.254244,-0.3083212,-3.331061,-0.1021697,-0.0299651,-0.01004043,0.994265,348.2426,356.6309,359.1898,0.3506202,-0.0852031,-0.932633,0,0,0,1.175154,-0.2175054,-2.613841,-0.03598132,-0.05844601,0.724014,0.9980026,-0.01384265,0.06163815,0.02608875,0.9789211,-0.2025658,-0.05753484,0.2037693,0.9773269,moving,-2.376245,6.483867,-2.845088,-4.615193
05/15/2023 14:22:52.521437,1127,True,True,True,True,Eyes,1.249694,-0.3055554,-3.325623,-0.04425592,0.110627,0.9928762,0,0,0,0,0,0,0,-1.031427,-0.3928719,3.397517,1.253689,-0.3085331,-3.330823,-0.1004229,-0.03272808,-0.009526859,0.9943608,348.4434,356.3029,359.2764,0.3506049,-0.08524835,-0.9326347,0,0,0,1.170864,-0.2207051,-2.613843,-0.03568115,-0.05881639,0.7238109,0.9976762,-0.01237297,0.06700046,0.02551957,0.9796489,-0.1990896,-0.0631736,0.2003368,0.9776883,moving,-2.552181,6.357713,-2.822181,-4.645609
05/15/2023 14:22:52.547379,1128,True,True,True,True,Eyes,1.249635,-0.3056759,-3.325507,-0.04739707,0.108345,0.9929829,0,0,0,0,0,0,0,-1.01231,-0.3799446,3.40448,1.253373,-0.3088477,-3.330658,-0.09865484,-0.0354975,-0.009054037,0.9944471,348.6468,355.9752,359.3569,0.3505912,-0.08529259,-0.9326358,0,0,0,1.166954,-0.2236219,-2.613844,-0.03523675,-0.0587969,0.7237791,0.9973159,-0.01100352,0.07238723,0.02501152,0.9803705,-0.1955713,-0.06881431,0.1968569,0.9780143,moving,-2.732769,6.226944,-2.78721,-4.64428
05/15/2023 14:22:52.560755,1129,True,True,True,True,Eyes,1.249584,-0.3058047,-3.325387,-0.05092908,0.1059486,0.9930665,0,0,0,0,0,0,0,-0.9943607,-0.3648452,3.41103,1.252844,-0.3090428,-3.330445,-0.09656832,-0.03806301,-0.008548544,0.9945615,348.8875,355.6714,359.4364,0.3505783,-0.08533607,-0.9326367,0,0,0,1.162928,-0.226625,-2.613845,-0.03500021,-0.05850397,0.7237028,0.9969563,-0.009652744,0.07736304,0.02435547,0.981203,-0.1914355,-0.07406098,0.192737,0.9784516,moving,-2.935822,6.089756,-2.76882,-4.621728
05/15/2023 14:22:52.570780,1130,True,True,True,True,Eyes,1.249514,-0.3059381,-3.325258,-0.05452267,0.1034939,0.9931346,0,0,0,0,0,0,0,-0.9763299,-0.3509758,3.417387,1.252507,-0.3093145,-3.330238,-0.09472087,-0.04066136,-0.007901578,0.9946417,349.1015,355.3627,359.5323,0.3505665,-0.0853791,-0.9326372,0,0,0,1.158717,-0.2297659,-2.613846,-0.03508648,-0.05861253,0.7236542,0.9965684,-0.008015521,0.08238386,0.02342144,0.981931,-0.1877841,-0.07939008,0.1890692,0.9787492,moving,-3.14236,5.949282,-2.775821,-4.630576
05/15/2023 14:22:52.595854,1131,True,True,True,True,Eyes,1.249436,-0.3060796,-3.32513,-0.05882731,0.1009757,0.9931481,0,0,0,0,0,0,0,-0.9583421,-0.3371256,3.423382,1.251993,-0.3095224,-3.329914,-0.09284364,-0.04322277,-0.007342829,0.9947152,349.319,355.0597,359.6162,0.3505552,-0.08542189,-0.9326376,0,0,0,1.154866,-0.2326383,-2.613847,-0.03470979,-0.05845506,0.7235148,0.9961557,-0.006582127,0.08735215,0.02263396,0.9826523,-0.1840712,-0.08462521,0.1853407,0.9790237,moving,-3.38985,5.805447,-2.746593,-4.619076
05/15/2023 14:22:52.611943,1132,True,True,True,True,Eyes,1.249341,-0.306227,-3.324999,-0.06315885,0.09838168,0.9931425,0,0,0,0,0,0,0,-0.9399478,-0.3222557,3.429656,1.2517,-0.3097949,-3.329739,-0.09081393,-0.04586842,-0.006802647,0.9947878,349.5542,354.7478,359.6968,0.3505441,-0.08546469,-0.9326378,0,0,0,1.150789,-0.2356791,-2.613849,-0.0346471,-0.05822121,0.7235916,0.9956996,-0.005203399,0.09249423,0.02186536,0.9834131,-0.1800571,-0.09002312,0.1813052,0.9792978,moving,-3.638823,5.65732,-2.74135,-4.60019
05/15/2023 14:22:52.620685,1133,True,True,True,True,Eyes,1.249221,-0.3063809,-3.324867,-0.06748289,0.09561533,0.9931283,0,0,0,0,0,0,0,-0.9222124,-0.3065601,3.435537,1.251248,-0.3100454,-3.329507,-0.08867849,-0.04839101,-0.006222806,0.9948647,349.8021,354.4503,359.7788,0.3505329,-0.08550769,-0.9326381,0,0,0,1.146761,-0.2386836,-2.61385,-0.03456348,-0.05780052,0.7236295,0.9952392,-0.003799219,0.09738868,0.02096418,0.9841948,-0.175844,-0.09518136,0.1770485,0.9795889,moving,-3.887262,5.499312,-2.734601,-4.566853
05/15/2023 14:22:52.641267,1134,True,True,True,True,Eyes,1.249087,-0.3065402,-3.324733,-0.07180762,0.09278645,0.9930933,0,0,0,0,0,0,0,-0.9058529,-0.2912298,3.440905,1.250968,-0.3102826,-3.329267,-0.08653942,-0.0507342,-0.005833229,0.9949387,350.0497,354.1761,359.8356,0.3505209,-0.08555108,-0.9326387,0,0,0,1.142816,-0.241626,-2.613851,-0.03483451,-0.05735459,0.72369,0.9947841,-0.002826394,0.1019645,0.02038843,0.9849538,-0.171611,-0.09994522,0.1727947,0.979874,moving,-4.13569,5.337749,-2.755781,-4.531391
05/15/2023 14:22:52.662815,1135,True,True,True,True,Eyes,1.24894,-0.3067068,-3.3246,-0.07609253,0.08987581,0.9930419,0,0,0,0,0,0,0,-0.8902695,-0.2760044,3.445872,1.250531,-0.3105336,-3.329044,-0.08443481,-0.05293779,-0.005404836,0.9950072,350.2936,353.918,359.8944,0.350508,-0.08559497,-0.9326396,0,0,0,1.138754,-0.2446559,-2.613852,-0.035267,-0.0570288,0.7237663,0.9943368,-0.001816117,0.1062597,0.01969529,0.9856831,-0.1674542,-0.1044342,0.1685987,0.9801368,moving,-4.381767,5.171497,-2.789649,-4.505284
05/15/2023 14:22:52.670973,1136,True,True,True,True,Eyes,1.248777,-0.3068768,-3.324462,-0.08035582,0.08691465,0.9929697,0,0,0,0,0,0,0,-0.8757062,-0.2598539,3.450594,1.250239,-0.3108106,-3.328856,-0.08226544,-0.05500935,-0.004770723,0.9950797,350.5465,353.6738,359.9742,0.3504938,-0.08563954,-0.9326409,0,0,0,1.13464,-0.2477245,-2.613853,-0.03608403,-0.05660025,0.7239237,0.9939024,-0.0004437622,0.1102623,0.01854524,0.9864192,-0.1631965,-0.1086924,0.1642462,0.9804127,moving,-4.626565,5.002352,-2.853551,-4.470597
05/15/2023 14:22:52.690843,1137,True,True,True,True,Eyes,1.244235,-0.3113274,-3.321041,-0.1852317,0.01201215,0.9826215,0,0,0,0,0,0,0,-0.861865,-0.2447551,3.454768,1.249744,-0.3110232,-3.328594,-0.08028559,-0.05694199,-0.004010541,0.995136,350.7788,353.4447,0.06740141,0.3504781,-0.08568483,-0.9326426,0,0,0,1.130622,-0.2507216,-2.613855,-0.03681377,-0.05639975,0.7239774,0.9934831,0.001161172,0.113974,0.01712531,0.9870763,-0.1593335,-0.1126861,0.1602469,0.9806237,moving,-10.67542,0.700383,-2.910946,-4.454496
05/15/2023 14:22:52.710848,1138,True,True,True,True,Eyes,1.244216,-0.3113405,-3.321027,-0.1853624,0.01185093,0.9825988,0,0,0,0,0,0,0,-0.8488044,-0.2296246,3.458748,1.249484,-0.3113272,-3.328363,-0.07836603,-0.05878819,-0.003082509,0.995185,351.0055,353.2246,0.1785906,0.3503796,-0.08586123,-0.9326632,0,0,0,1.126627,-0.2537018,-2.613856,-0.03787821,-0.05615729,0.7241181,0.9930689,0.003078661,0.1174934,0.01534933,0.9876985,-0.155615,-0.1165271,0.1563399,0.9808054,moving,-10.68302,0.6909995,-2.99438,-4.434565
05/15/2023 14:22:52.721429,1139,True,True,True,True,Eyes,1.244175,-0.3113619,-3.32101,-0.1855991,0.01158502,0.9825573,0,0,0,0,0,0,0,-0.8363117,-0.2145073,3.462272,1.249056,-0.3116145,-3.32799,-0.07648697,-0.0605239,-0.00203583,0.9952298,351.2287,353.0167,0.3018329,0.3502907,-0.08602041,-0.9326818,0,0,0,1.12255,-0.2567424,-2.613857,-0.03903785,-0.0560009,0.7241133,0.9926655,0.005206344,0.1207818,0.01331082,0.9882912,-0.1519978,-0.120159,0.1524907,0.9809732,moving,-10.69679,0.6755252,-3.0859,-4.422293
05/15/2023 14:22:52.746979,1140,True,True,True,True,Eyes,1.244122,-0.3113821,-3.320982,-0.1859584,0.01120716,0.9824937,0,0,0,0,0,0,0,-0.8235186,-0.1995431,3.465983,1.248883,-0.3117702,-3.327781,-0.07455539,-0.06233366,-0.001148966,0.9952661,351.4572,352.8022,0.406012,0.3502098,-0.08616434,-0.9326988,0,0,0,1.118566,-0.2597143,-2.613858,-0.04023578,-0.05587959,0.7243181,0.9922264,0.007007567,0.1242485,0.01158167,0.9888804,-0.1482617,-0.1239059,0.1485481,0.9811121,moving,-10.71769,0.653536,-3.179505,-4.411508
05/15/2023 14:22:52.761074,1141,True,True,True,True,Eyes,1.244046,-0.3114106,-3.320949,-0.1864404,0.01081218,0.9824068,0,0,0,0,0,0,0,-0.8113102,-0.1888562,3.469056,1.248588,-0.3117354,-3.327475,-0.07308301,-0.06404712,-0.000733665,0.9952669,351.6298,352.6025,0.4575802,0.3501359,-0.08629455,-0.9327145,0,0,0,1.114488,-0.2627564,-2.613859,-0.04155926,-0.05674109,0.7243494,0.9917949,0.007901129,0.1275952,0.0108219,0.9893166,-0.1453802,-0.1273808,0.1455682,0.9811137,moving,-10.74576,0.6305608,-3.283722,-4.479053
05/15/2023 14:22:52.770719,1142,True,True,True,True,Eyes,1.243953,-0.311446,-3.320903,-0.1870187,0.01031833,0.9823022,0,0,0,0,0,0,0,-0.7999653,-0.1806878,3.471778,1.248369,-0.3119192,-3.327178,-0.07192862,-0.06564997,-0.0005985277,0.9952467,351.7639,352.4177,0.4777872,0.3500678,-0.08641268,-0.9327291,0,0,0,1.110329,-0.265858,-2.613861,-0.04319526,-0.05795569,0.7244127,0.9913794,0.008252858,0.130762,0.01063559,0.9896519,-0.1430949,-0.1305898,0.143252,0.9810327,moving,-10.77943,0.6018258,-3.41239,-4.574131
05/15/2023 14:22:52.790694,1143,True,True,True,True,Eyes,1.243846,-0.3114915,-3.320853,-0.1875937,0.009784415,0.9821979,0,0,0,0,0,0,0,-0.789277,-0.1708784,3.474198,1.247891,-0.312099,-3.326796,-0.07049857,-0.06712554,-0.0006003891,0.9952506,351.9285,352.2492,0.47855,0.3500046,-0.08652016,-0.9327428,0,0,0,1.10626,-0.268893,-2.613862,-0.04467864,-0.05872003,0.7244012,0.9909876,0.008269435,0.1336981,0.01065959,0.9900591,-0.1402469,-0.1335288,0.1404081,0.9810482,moving,-10.81291,0.5707476,-3.529341,-4.634268
05/15/2023 14:22:52.811102,1144,True,True,True,True,Eyes,1.243728,-0.311547,-3.320786,-0.1882683,0.009166054,0.9820749,0,0,0,0,0,0,0,-0.7782398,-0.1609063,3.476877,1.247595,-0.3122772,-3.326592,-0.06913669,-0.06866551,-0.0002775496,0.9952414,352.0879,352.0706,0.5172789,0.3499455,-0.08661837,-0.9327559,0,0,0,1.102403,-0.2717704,-2.613863,-0.04601941,-0.0593946,0.7246097,0.9905699,0.008942154,0.1367159,0.01004707,0.9904401,-0.1375773,-0.1366391,0.1376535,0.9810103,moving,-10.8522,0.5347464,-3.63393,-4.685928
05/15/2023 14:22:52.820992,1145,True,True,True,True,Eyes,1.243574,-0.3116139,-3.320724,-0.1888901,0.008450878,0.9819619,0,0,0,0,0,0,0,-0.7666632,-0.151165,3.47931,1.247234,-0.3125461,-3.326101,-0.0678948,-0.07027143,0.0002780127,0.9952148,352.2356,351.8826,0.5837914,0.3498899,-0.08670856,-0.9327683,0,0,0,1.098242,-0.2748743,-2.613864,-0.04754654,-0.0602941,0.7245705,0.9901237,0.01009549,0.1398325,0.008988764,0.9907805,-0.1351789,-0.1399081,0.1351007,0.9809044,moving,-10.88841,0.4930819,-3.754384,-4.756827
05/15/2023 14:22:52.846990,1146,True,True,True,True,Eyes,1.243409,-0.3116882,-3.320653,-0.1896214,0.007613635,0.9818277,0,0,0,0,0,0,0,-0.7541733,-0.1391234,3.482314,1.247005,-0.3128942,-3.325916,-0.06631965,-0.07201852,0.0008363249,0.9951958,352.4217,351.6789,0.6483692,0.3498367,-0.08679187,-0.9327806,0,0,0,1.094264,-0.277841,-2.613865,-0.04877312,-0.06053798,0.7249354,0.9896253,0.0112171,0.1432341,0.007887872,0.9912021,-0.1321225,-0.143456,0.1318816,0.9808301,moving,-10.93101,0.4442943,-3.849018,-4.773586
05/15/2023 14:22:52.860891,1147,True,True,True,True,Eyes,1.243243,-0.3117682,-3.320577,-0.1905391,0.006702468,0.9816567,0,0,0,0,0,0,0,-0.7414749,-0.125733,3.485131,1.246584,-0.3131104,-3.325616,-0.06450137,-0.07377087,0.001293514,0.9951864,352.6349,351.4761,0.6985563,0.3497852,-0.08686923,-0.9327927,0,0,0,1.090195,-0.2808765,-2.613867,-0.04990802,-0.06063157,0.7252008,0.9891124,0.01209122,0.1466647,0.00694207,0.9916758,-0.1285726,-0.1469984,0.1281909,0.9807948,moving,-10.9845,0.3911929,-3.936865,-4.779191
05/15/2023 14:22:52.880787,1148,True,True,True,True,Eyes,1.24306,-0.3118517,-3.320493,-0.1915856,0.005696801,0.9814594,0,0,0,0,0,0,0,-0.728367,-0.1129567,3.488015,1.246281,-0.3132899,-3.325381,-0.06277287,-0.07559378,0.001779121,0.9951593,352.8383,351.265,0.7525421,0.3497355,-0.08694141,-0.9328047,0,0,0,1.086046,-0.2839712,-2.613868,-0.05112865,-0.06095223,0.7255731,0.9885648,0.01303149,0.1502323,0.005949459,0.9921128,-0.125207,-0.1506791,0.124669,0.9806903,moving,-11.04551,0.3325649,-4.030775,-4.801894
05/15/2023 14:22:52.891075,1149,True,True,True,True,Eyes,1.242846,-0.3119447,-3.320411,-0.192891,0.004632071,0.9812093,0,0,0,0,0,0,0,-0.7126123,-0.101337,3.49112,1.245721,-0.3134298,-3.325049,-0.06122494,-0.07775524,0.002343855,0.9950881,353.0222,351.0142,0.8188794,0.3496869,-0.08700904,-0.9328166,0,0,0,1.082133,-0.2868899,-2.613869,-0.05138344,-0.06136914,0.7258343,0.9878973,0.0141858,0.1544596,0.004856434,0.992492,-0.1222129,-0.1550336,0.1214839,0.9804112,moving,-11.12167,0.2704786,-4.049342,-4.832853
05/15/2023 14:22:52.910530,1150,True,True,True,True,Eyes,1.242623,-0.3120416,-3.320321,-0.194325,0.003459361,0.9809311,0,0,0,0,0,0,0,-0.6959189,-0.0902591,3.494501,1.245371,-0.31369,-3.324851,-0.05975927,-0.0800745,0.002881303,0.9949918,353.1968,350.7453,0.8831149,0.3496385,-0.08707287,-0.9328288,0,0,0,1.077924,-0.2900291,-2.61387,-0.05188662,-0.06202872,0.7263277,0.9871596,0.01530413,0.1590026,0.003836642,0.992841,-0.1193814,-0.1596913,0.1184585,0.9800338,moving,-11.20536,0.202059,-4.086093,-4.881243
05/15/2023 14:22:52.930663,1151,True,True,True,True,Eyes,1.242349,-0.3121459,-3.320242,-0.1959727,0.00220325,0.9806069,0,0,0,0,0,0,0,-0.6787387,-0.07693034,3.49773,1.244933,-0.3138453,-3.324509,-0.05798366,-0.08244665,0.003532435,0.9949011,353.4083,350.4704,0.9569046,0.3495903,-0.08713342,-0.9328413,0,0,0,1.073855,-0.2930645,-2.613872,-0.05211313,-0.0621971,0.7267194,0.9863802,0.01658996,0.1636429,0.002532269,0.9932508,-0.1159585,-0.1644621,0.1147935,0.9796809,moving,-11.30158,0.1287332,-4.101665,-4.891802
05/15/2023 14:22:52.945995,1152,True,True,True,True,Eyes,1.242064,-0.3122481,-3.320157,-0.1977405,0.0008968979,0.980254,0,0,0,0,0,0,0,-0.6607845,-0.06520534,3.501181,1.244624,-0.3140419,-3.324371,-0.05646306,-0.08493511,0.004264398,0.9947762,353.5918,350.1814,1.042227,0.3495407,-0.08719124,-0.9328545,0,0,0,1.070069,-0.295888,-2.613873,-0.05198222,-0.06248517,0.7273242,0.9855357,0.01807564,0.1685013,0.001107149,0.9935875,-0.1130606,-0.1694644,0.1116118,0.9791958,moving,-11.40486,0.05242361,-4.088006,-4.910283
05/15/2023 14:22:52.960703,1153,True,True,True,True,Eyes,1.241799,-0.3123536,-3.320071,-0.1999009,-0.0004302591,0.9798161,0,0,0,0,0,0,0,-0.6430258,-0.05652976,3.504192,1.244074,-0.3140657,-3.324106,-0.05530934,-0.08736905,0.004803213,0.994628,353.7317,349.8993,1.107886,0.3494897,-0.08724657,-0.9328684,0,0,0,1.065974,-0.2989427,-2.613874,-0.05202124,-0.06372879,0.7277437,0.9846871,0.01921947,0.173268,0.0001098302,0.9938356,-0.1108637,-0.1743307,0.1091851,0.9786151,moving,-11.53116,-0.02515985,-4.088714,-5.004646
05/15/2023 14:22:52.970579,1154,True,True,True,True,Eyes,1.241518,-0.3124579,-3.319978,-0.2021837,-0.001790896,0.979346,0,0,0,0,0,0,0,-0.624054,-0.04797602,3.507542,1.243696,-0.3142481,-3.324013,-0.05418426,-0.08999228,0.005326047,0.9944533,353.8686,349.5955,1.17249,0.349438,-0.08729973,-0.9328828,0,0,0,1.061952,-0.3019424,-2.613875,-0.05184449,-0.06482486,0.7284142,0.9837461,0.02034534,0.178409,-0.00084068,0.9940714,-0.108726,-0.1795634,0.1068088,0.977931,moving,-11.6647,-0.1047747,-4.071131,-5.085611
05/15/2023 14:22:52.990966,1155,True,True,True,True,Eyes,1.241227,-0.3125711,-3.31989,-0.204503,-0.003199583,0.9788607,0,0,0,0,0,0,0,-0.6040857,-0.04065883,3.51065,1.243055,-0.3143011,-3.323743,-0.05321052,-0.092723,0.005815433,0.9942521,353.9883,349.2793,1.234831,0.3493853,-0.08735094,-0.9328978,0,0,0,1.057998,-0.3048919,-2.613876,-0.05121475,-0.06620686,0.7288615,0.9827373,0.02143169,0.1837612,-0.001696335,0.9942697,-0.1068878,-0.1849989,0.1047309,0.9771422,moving,-11.80047,-0.187281,-4.019384,-5.190275
05/15/2023 14:22:53.010897,1156,True,True,True,True,Eyes,1.240924,-0.3126822,-3.319799,-0.2069546,-0.004635257,0.9783396,0,0,0,0,0,0,0,-0.5833941,-0.03383964,3.514001,1.24265,-0.3145945,-3.323635,-0.05239314,-0.09557184,0.006513638,0.9940214,354.093,348.9479,1.322882,0.3493314,-0.08740065,-0.9329134,0,0,0,1.053975,-0.3078926,-2.613878,-0.05068773,-0.06759357,0.729562,0.9816472,0.022964,0.1893184,-0.002934774,0.994425,-0.1054048,-0.1906834,0.1029148,0.976242,moving,-11.94407,-0.2714586,-3.974348,-5.293315
05/15/2023 14:22:53.020916,1157,True,True,True,True,Eyes,1.240615,-0.3127941,-3.319712,-0.2094965,-0.006078667,0.9777905,0,0,0,0,0,0,0,-0.5616509,-0.02677342,3.51722,1.242078,-0.314629,-3.323441,-0.05151442,-0.09854249,0.007271905,0.9937721,354.2059,348.6024,1.417201,0.3492761,-0.08744895,-0.9329296,0,0,0,1.049699,-0.3110821,-2.613879,-0.05009329,-0.06931193,0.7301966,0.980473,0.02460595,0.1951083,-0.004300514,0.9945868,-0.1038204,-0.1966067,0.100954,0.9752713,moving,-12.09307,-0.3561882,-3.924483,-5.4224
05/15/2023 14:22:53.047354,1158,True,True,True,True,Eyes,1.240291,-0.3129046,-3.319622,-0.212158,-0.007515305,0.9772064,0,0,0,0,0,0,0,-0.5402077,-0.0225029,3.520389,1.241699,-0.3147299,-3.323341,-0.05100778,-0.1014982,0.007881503,0.9934961,354.2751,348.2586,1.498185,0.3492195,-0.087496,-0.9329464,0,0,0,1.045769,-0.3140136,-2.61388,-0.04933967,-0.07128831,0.730895,0.979272,0.02601487,0.200872,-0.00530609,0.9946722,-0.102952,-0.20248,0.09975214,0.9741927,moving,-12.2492,-0.4406303,-3.86194,-5.57076
05/15/2023 14:22:53.060985,1159,True,True,True,True,Eyes,1.239954,-0.3130161,-3.319537,-0.214813,-0.008997342,0.9766138,0,0,0,0,0,0,0,-0.5189263,-0.01847848,3.523189,1.241052,-0.3147894,-3.323128,-0.05049549,-0.1043996,0.00835274,0.9932176,354.3436,347.9219,1.562556,0.3491612,-0.08754192,-0.932964,0,0,0,1.041803,-0.3169722,-2.613881,-0.0484499,-0.07334493,0.7314438,0.9780619,0.02713559,0.2065395,-0.006048754,0.9947609,-0.1020501,-0.2082266,0.09856196,0.9731019,moving,-12.40506,-0.5278392,-3.789664,-5.726147
05/15/2023 14:22:53.081756,1160,True,True,True,True,Eyes,1.2396,-0.3131309,-3.319448,-0.2175901,-0.01046831,0.9759841,0,0,0,0,0,0,0,-0.4977118,-0.01502037,3.525992,1.24058,-0.3148935,-3.323006,-0.05007678,-0.1073085,0.00885716,0.9929244,354.4023,347.5838,1.631551,0.3491011,-0.08758685,-0.9329823,0,0,0,1.037621,-0.3200915,-2.613882,-0.04791673,-0.07564923,0.7321593,0.9768129,0.02833631,0.2122114,-0.006841648,0.9948277,-0.1013458,-0.2139855,0.09754401,0.9719543,moving,-12.56823,-0.6145254,-3.744426,-5.899066
05/15/2023 14:22:53.090733,1161,True,True,True,True,Eyes,1.239234,-0.3132517,-3.319364,-0.2206984,-0.01221293,0.9752656,0,0,0,0,0,0,0,-0.4753326,-0.01106924,3.52865,1.239867,-0.3150614,-3.322785,-0.04966055,-0.110335,0.009635433,0.9926064,354.4646,347.2307,1.732196,0.349039,-0.08763099,-0.9330013,0,0,0,1.033626,-0.3230709,-2.613883,-0.04682422,-0.07767906,0.7327439,0.9754667,0.03008697,0.2180814,-0.008169791,0.9948819,-0.100713,-0.2199954,0.09646049,0.9707201,moving,-12.75102,-0.7174589,-3.656376,-6.051393
05/15/2023 14:22:53.110575,1162,True,True,True,True,Eyes,1.238857,-0.3133734,-3.319279,-0.2239194,-0.0139833,0.9745073,0,0,0,0,0,0,0,-0.4520826,-0.004915625,3.531482,1.239435,-0.3152696,-3.322675,-0.04890947,-0.1135161,0.01035791,0.9922776,354.5652,346.861,1.822475,0.3489747,-0.0876746,-0.9330212,0,0,0,1.029618,-0.3260607,-2.613885,-0.0457489,-0.07921849,0.733591,0.9740136,0.03165986,0.2242658,-0.009451809,0.9950011,-0.0994151,-0.2262922,0.09471195,0.9694439,moving,-12.94063,-0.8220864,-3.568513,-6.163332
05/15/2023 14:22:53.120933,1163,True,True,True,True,Eyes,1.238906,-0.3134846,-3.319079,-0.2291021,-0.01627996,0.9732662,0,0,0,0,0,0,0,-0.4289495,0.002876908,3.534002,1.238819,-0.3153881,-3.322504,-0.04786366,-0.116661,0.01090057,0.991958,354.6975,346.4975,1.887343,0.3489082,-0.08771776,-0.933042,0,0,0,1.025496,-0.3291348,-2.613886,-0.04464865,-0.08054041,0.7344081,0.9725428,0.03279345,0.2304021,-0.01045817,0.9951805,-0.09750082,-0.232489,0.09241413,0.9681986,moving,-13.246,-0.9583053,-3.479039,-6.258452
05/15/2023 14:22:53.147499,1164,True,True,True,True,Eyes,1.238927,-0.3135984,-3.318877,-0.2342956,-0.01858797,0.9719876,0,0,0,0,0,0,0,-0.4058176,0.01130497,3.536527,1.238462,-0.315596,-3.322416,-0.04672598,-0.1198357,0.01140154,0.9916281,354.84,346.1311,1.945486,0.3488513,-0.08776014,-0.9330593,0,0,0,1.021511,-0.3321075,-2.613887,-0.04358369,-0.08155414,0.7353927,0.9710188,0.03381104,0.2365993,-0.01141329,0.9953734,-0.0954022,-0.2387303,0.08993696,0.9669122,moving,-13.55249,-1.095572,-3.391717,-6.328173
05/15/2023 14:22:53.160981,1165,True,True,True,True,Eyes,1.238904,-0.3137199,-3.318688,-0.2393907,-0.02096291,0.970697,0,0,0,0,0,0,0,-0.3840246,0.01965851,3.538491,1.237841,-0.3157559,-3.322172,-0.04557431,-0.1227931,0.01180378,0.9913151,354.9826,345.7904,1.990169,0.3488024,-0.0878019,-0.9330738,0,0,0,1.017506,-0.3350951,-2.613889,-0.04262641,-0.08261472,0.7361692,0.969565,0.03459495,0.2423774,-0.01221011,0.9955673,-0.09325583,-0.2445292,0.08745815,0.9656897,moving,-13.85368,-1.237152,-3.313898,-6.403083
05/15/2023 14:22:53.170768,1166,True,True,True,True,Eyes,1.238857,-0.3138424,-3.3185,-0.2445029,-0.02335988,0.9693671,0,0,0,0,0,0,0,-0.3624392,0.02905571,3.540506,1.237432,-0.3159919,-3.322093,-0.04426229,-0.1257444,0.01212622,0.9910007,355.1425,345.4514,2.022526,0.3487594,-0.08784333,-0.933086,0,0,0,1.013324,-0.3382142,-2.61389,-0.04199366,-0.08352599,0.7372445,0.9680825,0.03516565,0.2481522,-0.0129027,0.9957876,-0.09077752,-0.2502991,0.08467831,0.9644583,moving,-14.1564,-1.380451,-3.260062,-6.463754
05/15/2023 14:22:53.190583,1167,True,True,True,True,Eyes,1.238832,-0.313967,-3.318303,-0.2496396,-0.02581371,0.9679947,0,0,0,0,0,0,0,-0.3403388,0.03859329,3.542236,1.236828,-0.3161196,-3.321909,-0.04291101,-0.1287438,0.01243375,0.9906711,355.3068,345.107,2.051892,0.3487212,-0.08788452,-0.9330964,0,0,0,1.009391,-0.341148,-2.613891,-0.04087114,-0.08430184,0.7381508,0.9665409,0.03568456,0.2540183,-0.01358646,0.9960081,-0.08822292,-0.2561525,0.08181985,0.9631674,moving,-14.46111,-1.527556,-3.169211,-6.515338
05/15/2023 14:22:53.210826,1168,True,True,True,True,Eyes,1.23878,-0.3140886,-3.318102,-0.2547826,-0.02826701,0.9665852,0,0,0,0,0,0,0,-0.3185644,0.04840457,3.543915,1.236428,-0.3163218,-3.321798,-0.04153341,-0.1317185,0.01275166,0.9903347,355.4744,344.7656,2.08095,0.3486878,-0.08792553,-0.9331051,0,0,0,1.005369,-0.3441482,-2.613892,-0.04003753,-0.08502676,0.7392298,0.9649753,0.03619825,0.2598314,-0.01431539,0.9962248,-0.08562321,-0.26195,0.0789047,0.9618505,moving,-14.76674,-1.675092,-3.100176,-6.561369
05/15/2023 14:22:53.230877,1169,True,True,True,True,Eyes,1.236773,-0.3172507,-3.313159,-0.3769487,-0.09046505,0.9218057,0,0,0,0,0,0,0,-0.2972904,0.05616972,3.545148,1.235784,-0.316357,-3.321501,-0.04041256,-0.1346012,0.01299092,0.9899904,355.6115,344.4342,2.103717,0.3486583,-0.08796635,-0.9331123,0,0,0,1.001184,-0.3472697,-2.613893,-0.03931127,-0.08641389,0.7400596,0.9634275,0.03660093,0.2654578,-0.01484261,0.9963961,-0.08351326,-0.2675578,0.07651889,0.9604986,moving,-22.24085,-5.605,-3.04064,-6.660047
05/15/2023 14:22:53.247506,1170,True,True,True,True,Eyes,1.236755,-0.3172596,-3.313153,-0.3771477,-0.0905576,0.9217151,0,0,0,0,0,0,0,-0.2760952,0.06275332,3.5464,1.235205,-0.3165731,-3.321321,-0.03951472,-0.1374683,0.0133587,0.9896276,355.7254,344.1034,2.143842,0.3486245,-0.08810465,-0.9331117,0,0,0,0.9972412,-0.3502104,-2.613894,-0.03840663,-0.08773949,0.74097,0.961848,0.0373043,0.2710291,-0.01557622,0.9965202,-0.0818825,-0.2731406,0.0745369,0.9590821,moving,-22.25341,-5.611245,-2.967151,-6.753044
05/15/2023 14:22:53.260826,1171,True,True,True,True,Eyes,1.236681,-0.3172743,-3.313148,-0.3772594,-0.09083711,0.921642,0,0,0,0,0,0,0,-0.2557676,0.07031894,3.547529,1.2348,-0.3167805,-3.32118,-0.03847114,-0.1402342,0.01370526,0.9892759,355.8554,343.7848,2.178102,0.3485937,-0.0882294,-0.9331114,0,0,0,0.9931759,-0.3532428,-2.613896,-0.03791462,-0.08895089,0.7420335,0.9602931,0.0379065,0.2764061,-0.01632662,0.9966643,-0.07996103,-0.2785151,0.07227325,0.9577087,moving,-22.26095,-5.628898,-2.925016,-6.835685
05/15/2023 14:22:53.280527,1172,True,True,True,True,Eyes,1.236591,-0.317299,-3.313136,-0.3775521,-0.09120021,0.9214863,0,0,0,0,0,0,0,-0.2356719,0.07784373,3.548302,1.234169,-0.3168667,-3.320915,-0.03745309,-0.1429308,0.01421816,0.9889216,355.9853,343.4736,2.230699,0.3485642,-0.08834217,-0.9331117,0,0,0,0.9890668,-0.3563077,-2.613897,-0.03740239,-0.0902929,0.7429355,0.9587373,0.03882769,0.2816298,-0.01741488,0.9967902,-0.07814076,-0.2837598,0.07001191,0.956336,moving,-22.27993,-5.652201,-2.882069,-6.929476
05/15/2023 14:22:53.290556,1173,True,True,True,True,Eyes,1.236453,-0.3173306,-3.313128,-0.3777665,-0.09175887,0.921343,0,0,0,0,0,0,0,-0.216147,0.08558199,3.549077,1.233737,-0.3171203,-3.320741,-0.03645751,-0.1455591,0.01487405,0.9885658,356.1152,343.1696,2.298955,0.3485355,-0.08844446,-0.9331127,0,0,0,0.9851685,-0.3592155,-2.613898,-0.03695484,-0.09130381,0.7439648,0.9571826,0.0400214,0.286705,-0.0187945,0.9968992,-0.0764114,-0.2888741,0.06775119,0.9549668,moving,-22.29448,-5.687477,-2.843706,-6.996694
05/15/2023 14:22:53.310577,1174,True,True,True,True,Eyes,1.236302,-0.3173686,-3.313115,-0.3781517,-0.09238953,0.9211219,0,0,0,0,0,0,0,-0.1962984,0.09311402,3.549694,1.233142,-0.3172502,-3.320579,-0.03547095,-0.1482084,0.0155335,0.9881979,356.2444,342.8633,2.367173,0.3485064,-0.08853754,-0.9331148,0,0,0,0.9811207,-0.3622347,-2.613899,-0.03646094,-0.09255761,0.7450093,0.955586,0.04121452,0.2918163,-0.02018616,0.9970011,-0.07470901,-0.2940203,0.06550024,0.9535522,moving,-22.31981,-5.727674,-2.801834,-7.08196
05/15/2023 14:22:53.330747,1175,True,True,True,True,Eyes,1.236123,-0.3174107,-3.313096,-0.3785619,-0.09314774,0.920877,0,0,0,0,0,0,0,-0.1771871,0.1006848,3.550232,1.232721,-0.3174286,-3.320439,-0.03450172,-0.1507694,0.01627292,0.9878327,356.3732,342.5668,2.443767,0.3484764,-0.08862254,-0.9331179,0,0,0,0.9769905,-0.3653155,-2.6139,-0.0363435,-0.09381358,0.7461677,0.9540075,0.04255345,0.2967471,-0.02174624,0.9970897,-0.07307076,-0.2989929,0.06325693,0.9521565,moving,-22.347,-5.775887,-2.788495,-7.166038
05/15/2023 14:22:53.347705,1176,True,True,True,True,Eyes,1.235931,-0.317461,-3.313074,-0.3791394,-0.09396354,0.9205564,0,0,0,0,0,0,0,-0.1577709,0.1084433,3.550481,1.232087,-0.317534,-3.320196,-0.0335025,-0.1533434,0.01706405,0.9874574,356.5067,342.269,2.525079,0.3484452,-0.08870041,-0.9331222,0,0,0,0.9730499,-0.3682547,-2.613902,-0.03584827,-0.09493725,0.7471457,0.9523892,0.04397482,0.3016968,-0.02342527,0.9971728,-0.07139789,-0.3039835,0.06093126,0.9507268,moving,-22.38475,-5.828142,-2.746962,-7.241571
05/15/2023 14:22:53.361059,1177,True,True,True,True,Eyes,1.235713,-0.3175177,-3.313049,-0.3797033,-0.09494239,0.9202235,0,0,0,0,0,0,0,-0.1381146,0.1153862,3.550844,1.231648,-0.3177701,-3.320083,-0.032628,-0.1559706,0.01782736,0.9870618,356.6262,341.9646,2.605001,0.3484125,-0.08877213,-0.9331275,0,0,0,0.9689692,-0.3712985,-2.613903,-0.03554502,-0.09622279,0.7483539,0.9507107,0.04537142,0.3067419,-0.02501538,0.9972352,-0.0699728,-0.3090686,0.05885062,0.9492171,moving,-22.42206,-5.890546,-2.719369,-7.326848
05/15/2023 14:22:53.380884,1178,True,True,True,True,Eyes,1.235485,-0.3175833,-3.31302,-0.3804239,-0.09597939,0.9198182,0,0,0,0,0,0,0,-0.118613,0.1228148,3.550914,1.231104,-0.317935,-3.319856,-0.03169769,-0.1585561,0.01872212,0.9866636,356.7546,341.6649,2.698028,0.3483779,-0.08883851,-0.9331341,0,0,0,0.9648272,-0.374388,-2.613904,-0.03531232,-0.09748743,0.7494715,0.9490189,0.04699657,0.3116961,-0.02689313,0.9972895,-0.06848691,-0.3140698,0.05661289,0.9477105,moving,-22.4693,-5.95703,-2.69757,-7.411133
05/15/2023 14:22:53.390739,1179,True,True,True,True,Eyes,1.235204,-0.3176544,-3.313002,-0.3809192,-0.09720735,0.9194843,0,0,0,0,0,0,0,-0.09910917,0.1305282,3.551014,1.230696,-0.3182011,-3.319742,-0.03073086,-0.1611532,0.01958977,0.9862564,356.8871,341.3641,2.786679,0.3483413,-0.08890035,-0.9331419,0,0,0,0.9609072,-0.3773119,-2.613905,-0.03491926,-0.09844333,0.7507169,0.9472917,0.04854581,0.3166728,-0.0287363,0.9973437,-0.06693091,-0.3190808,0.05430309,0.9461705,moving,-22.503,-6.034861,-2.663168,-7.470708
05/15/2023 14:22:53.410562,1180,True,True,True,True,Eyes,1.234916,-0.3177339,-3.312981,-0.3815664,-0.09849795,0.9190785,0,0,0,0,0,0,0,-0.07995927,0.1389498,3.550828,1.230076,-0.3183115,-3.319589,-0.02961382,-0.1636811,0.02033066,0.9858592,357.0345,341.0725,2.857237,0.3483014,-0.08895828,-0.9331512,0,0,0,0.9567301,-0.3804277,-2.613907,-0.03466873,-0.09954982,0.7519652,0.9455903,0.04978079,0.3215288,-0.0303919,0.9974194,-0.0650456,-0.3239371,0.05173462,0.944663,moving,-22.54636,-6.11706,-2.639705,-7.541318
05/15/2023 14:22:53.430578,1181,True,True,True,True,Eyes,1.234567,-0.3178213,-3.312974,-0.3819323,-0.09998828,0.9187655,0.7489587,0.9485153,-0.3927084,-2.624856,-0.2838085,-0.6218898,-0.729867,-0.04247919,-0.108709,0.7439201,1.229662,-0.3185747,-3.319479,-0.028449,-0.1661878,0.02117455,0.9854563,357.1895,340.7833,2.937728,0.3482586,-0.08901294,-0.933162,0,0,0,0.9527727,-0.3833795,-2.613908,-0.03441043,-0.1002319,0.753304,0.9438666,0.05118892,0.3263367,-0.03227743,0.9974846,-0.06310837,-0.3287463,0.04903257,0.9431446,moving,-22.57273,-6.210996,-2.615415,-7.579054
05/15/2023 14:22:53.447666,1182,True,True,True,True,Eyes,1.234212,-0.3179176,-3.312965,-0.3824644,-0.1015451,0.9183733,0.746984,0.9485175,-0.3937702,-2.626955,-0.01628412,-0.4932661,-0.869726,-0.03889431,-0.1075133,0.7420208,1.229059,-0.3187317,-3.319293,-0.02718386,-0.16874,0.02192112,0.9850419,357.3545,340.4895,3.004611,0.3482113,-0.0890649,-0.9331747,0,0,0,0.9487617,-0.3863713,-2.613909,-0.03395554,-0.1009359,0.7545645,0.9420925,0.05236046,0.3312401,-0.03401244,0.997561,-0.06095242,-0.3336238,0.04615653,0.9415756,moving,-22.6097,-6.3096,-2.576583,-7.619061
05/15/2023 14:22:53.461052,1183,True,True,True,True,Eyes,1.233795,-0.3180238,-3.31298,-0.3828378,-0.1032675,0.9180257,0.7484787,0.9472488,-0.3953173,-2.625858,-0.100843,-0.5962839,-0.7964146,-0.03544545,-0.1066732,0.7437036,1.228607,-0.31902,-3.319216,-0.02580436,-0.1713714,0.02264527,0.9846082,357.5325,340.1871,3.066059,0.3481601,-0.0891147,-0.9331891,0,0,0,0.9447461,-0.3893665,-2.61391,-0.03346266,-0.1013468,0.7560371,0.9402381,0.0534377,0.3362988,-0.03574918,0.9976426,-0.05857586,-0.3386361,0.04305285,0.9399319,moving,-22.63726,-6.418147,-2.534292,-7.634986
05/15/2023 14:22:53.470640,1184,True,True,True,True,Eyes,1.233376,-0.3181363,-3.312992,-0.3833774,-0.1050516,0.9175979,0.7476739,0.9467345,-0.3966807,-2.626928,0.4106373,-0.2801372,-0.8676982,-0.03190538,-0.1054512,0.7431176,1.228052,-0.3192134,-3.319186,-0.02430115,-0.1739963,0.02343491,0.9841675,357.726,339.8858,3.131477,0.3481033,-0.08916281,-0.9332057,0,0,0,0.9405744,-0.3924782,-2.613911,-0.03301322,-0.101755,0.7576142,0.9383523,0.05458437,0.3413439,-0.03767113,0.9977205,-0.05598798,-0.3436219,0.03967764,0.9382695,moving,-22.67544,-6.531099,-2.495099,-7.649605
05/15/2023 14:22:53.490841,1185,True,True,True,True,Eyes,1.2329,-0.3182565,-3.313019,-0.3838633,-0.1069356,0.917177,0.7492653,0.9452847,-0.3983796,-2.62581,0.5759949,-0.1980016,-0.7931111,-0.02861008,-0.1047132,0.7448502,1.227629,-0.3194534,-3.31909,-0.02286097,-0.1766439,0.02415148,0.9837129,357.9114,339.5818,3.188994,0.3480417,-0.08920959,-0.9332241,0,0,0,0.9366444,-0.3954095,-2.613913,-0.03241451,-0.1020455,0.759113,0.9364273,0.05559274,0.3464294,-0.03943975,0.9977882,-0.05350967,-0.3486379,0.03644482,0.9365487,moving,-22.71062,-6.650213,-2.445074,-7.656217
05/15/2023 14:22:53.510849,1186,True,True,True,True,Eyes,1.232426,-0.3183847,-3.313043,-0.3845077,-0.1088713,0.9166793,0.7515437,0.943452,-0.4002062,-2.624118,0.7233712,-0.1186257,-0.6801927,-0.02541865,-0.1043791,0.7470283,1.226999,-0.3196273,-3.318885,-0.02153887,-0.1792138,0.02476944,0.9832624,358.0815,339.2866,3.236727,0.3479741,-0.08925541,-0.9332449,0,0,0,0.9325996,-0.3984266,-2.613914,-0.03187461,-0.1026812,0.7604639,0.9345378,0.05642984,0.3513612,-0.0409896,0.9978451,-0.05123477,-0.3534953,0.03347867,0.934837,moving,-22.75596,-6.773123,-2.40013,-7.689823
05/15/2023 14:22:53.520749,1187,True,True,True,True,Eyes,1.231876,-0.3185216,-3.313097,-0.3850147,-0.1109136,0.9162215,0.7545857,0.9413497,-0.4022155,-2.621729,0.8519732,-0.05225213,-0.5209715,-0.02231504,-0.1039854,0.7501794,1.226595,-0.319923,-3.318825,-0.0201578,-0.1818332,0.02553718,0.9827912,358.2617,338.9856,3.299345,0.3479012,-0.08930059,-0.9332678,0,0,0,0.9285707,-0.4014317,-2.613915,-0.03140251,-0.1030377,0.7620746,0.9325691,0.05752613,0.3563785,-0.04286471,0.997883,-0.04890881,-0.3584376,0.03033479,0.9330607,moving,-22.79313,-6.902381,-2.35963,-7.700087
05/15/2023 14:22:53.541007,1188,True,True,True,True,Eyes,1.231331,-0.3186639,-3.313146,-0.3856871,-0.1129925,0.9156845,0.7585094,0.9387838,-0.4043698,-2.618591,0.9501888,0.005036421,-0.3116342,-0.01914993,-0.104041,0.7540523,1.226041,-0.320082,-3.318708,-0.01886123,-0.1844999,0.02618683,0.9823026,358.4304,338.679,3.349613,0.3478213,-0.08934543,-0.9332932,0,0,0,0.9245304,-0.4044454,-2.613916,-0.03072792,-0.1037007,0.7635837,0.9305481,0.05840656,0.3614816,-0.04448698,0.997917,-0.0467178,-0.3634572,0.02739194,0.9312081,moving,-22.84087,-7.034554,-2.304438,-7.733902
05/15/2023 14:22:53.563605,1189,True,True,True,True,Eyes,1.230739,-0.318816,-3.313219,-0.3863635,-0.1151625,0.9151289,0.7574062,0.9381051,-0.4060408,-2.620095,0.9049928,-0.1063683,-0.4119149,-0.01592702,-0.1033836,0.7529892,1.225631,-0.3203304,-3.318605,-0.01754211,-0.1871931,0.02672849,0.9818028,358.5996,338.3694,3.386397,0.3477353,-0.08939013,-0.9333209,0,0,0,0.9204701,-0.407474,-2.613917,-0.03012061,-0.1042786,0.7651936,0.9284887,0.05905173,0.3666356,-0.04591669,0.9979557,-0.04445256,-0.3685111,0.02443901,0.9293021,moving,-22.88926,-7.172567,-2.254192,-7.760317
05/15/2023 14:22:53.570770,1190,True,True,True,True,Eyes,1.230146,-0.3189673,-3.313286,-0.3871997,-0.1173547,0.9144967,0,0,0,0,0,0,0,0.117872,0.2377024,3.542089,1.22525,-0.320574,-3.318552,-0.01624456,-0.189896,0.02720556,0.9812928,358.7653,338.0586,3.415512,0.3476425,-0.08943496,-0.9333512,0,0,0,0.9164228,-0.4104929,-2.613919,-0.02946845,-0.1048996,0.7668736,0.9263988,0.05956281,0.3718032,-0.0472237,0.9979919,-0.0422138,-0.373571,0.02154889,0.9273512,moving,-22.9479,-7.312633,-2.200607,-7.789068
05/15/2023 14:22:53.590880,1191,True,True,True,True,Eyes,1.229553,-0.3191245,-3.313353,-0.3881974,-0.1195634,0.9137874,0,0,0,0,0,0,0,0.1381952,0.2462825,3.540442,1.224601,-0.3206664,-3.318434,-0.01499832,-0.1925952,0.02753814,0.9807771,358.9221,337.7481,3.42864,0.3475435,-0.08947989,-0.9333838,0,0,0,0.9123695,-0.4135162,-2.61392,-0.02857286,-0.105805,0.7684003,0.9242975,0.05979476,0.3769599,-0.04824034,0.9980334,-0.04002744,-0.378612,0.01881259,0.9253643,moving,-23.01687,-7.454452,-2.129555,-7.840049
05/15/2023 14:22:53.610553,1192,True,True,True,True,Eyes,1.229265,-0.3192724,-3.313285,-0.391023,-0.1229477,0.9121321,0,0,0,0,0,0,0,0.1595161,0.2544349,3.538813,1.224027,-0.3209434,-3.318454,-0.01386385,-0.1954174,0.02806461,0.9802206,359.0712,337.4225,3.46538,0.3474389,-0.08952509,-0.9334184,0,0,0,0.9083746,-0.416496,-2.613921,-0.02746066,-0.1065852,0.7700768,0.9220488,0.06043748,0.3823262,-0.04960053,0.9980404,-0.03814789,-0.3838825,0.01621064,0.9232396,moving,-23.20439,-7.676716,-2.042282,-7.880162
05/15/2023 14:22:53.620862,1193,True,True,True,True,Eyes,1.228851,-0.319432,-3.313268,-0.3937545,-0.126451,0.9104766,0,0,0,0,0,0,0,0.1807914,0.2625007,3.536989,1.223627,-0.3212125,-3.31835,-0.01272803,-0.1982679,0.02851642,0.9796503,359.219,337.0935,3.492909,0.3473381,-0.08957031,-0.9334515,0,0,0,0.9042684,-0.4195588,-2.613922,-0.02658731,-0.1074556,0.7717683,0.9197533,0.06091936,0.3877404,-0.05082512,0.9980497,-0.03624582,-0.3891923,0.01363026,0.9210557,moving,-23.38708,-7.906909,-1.973051,-7.926503
05/15/2023 14:22:53.650748,1194,True,True,True,True,Eyes,1.228436,-0.319598,-3.313248,-0.3965985,-0.1299177,0.9087524,0,0,0,0,0,0,0,0.203106,0.2699828,3.534835,1.222992,-0.321369,-3.318164,-0.01165901,-0.201234,0.02901294,0.979044,359.361,336.7505,3.526265,0.3472372,-0.08961588,-0.9334847,0,0,0,0.9001241,-0.4226501,-2.613924,-0.02538627,-0.1085566,0.7733228,0.9173263,0.06150226,0.3933573,-0.0521175,0.9980446,-0.03450615,-0.3947103,0.0111526,0.9187379,moving,-23.57746,-8.136032,-1.880204,-7.990785
05/15/2023 14:22:53.660933,1195,True,True,True,True,Eyes,1.228003,-0.319763,-3.313238,-0.3994208,-0.1334382,0.9070045,0,0,0,0,0,0,0,0.2276871,0.277799,3.532504,1.222568,-0.3216706,-3.31805,-0.01054441,-0.2045391,0.02946384,0.9783581,359.5084,336.368,3.552789,0.3471361,-0.08966195,-0.9335179,0,0,0,0.8962094,-0.42557,-2.613925,-0.02355182,-0.109303,0.7749813,0.9145913,0.06196585,0.3996035,-0.05333887,0.9980414,-0.03268544,-0.4008462,0.008579417,0.9161052,moving,-23.76742,-8.369299,-1.740693,-8.028017
05/15/2023 14:22:53.680787,1196,True,True,True,True,Eyes,1.22757,-0.3199303,-3.313224,-0.4023861,-0.1369207,0.9051729,0,0,0,0,0,0,0,0.2541226,0.2859502,3.529894,1.222041,-0.321761,-3.318069,-0.009304382,-0.2081046,0.02965849,0.9776126,359.6649,335.9552,3.546734,0.3470343,-0.08970842,-0.9335513,0,0,0,0.8919306,-0.4287616,-2.613926,-0.02143529,-0.1104314,0.7769073,0.9116258,0.0618616,0.4063393,-0.05411646,0.9980676,-0.0305363,-0.4074432,0.005848026,0.9132119,moving,-23.96709,-8.601621,-1.58042,-8.089959
05/15/2023 14:22:53.690615,1197,True,True,True,True,Eyes,1.227099,-0.3201031,-3.313224,-0.4051964,-0.1404059,0.9033836,0,0,0,0,0,0,0,0.2809145,0.2940277,3.526938,1.221648,-0.3219688,-3.317916,-0.008047123,-0.2117746,0.0295381,0.9768389,359.816,335.53,3.503907,0.3469319,-0.08975534,-0.9335848,0,0,0,0.888077,-0.431636,-2.613927,-0.0188379,-0.1112241,0.7785707,0.9085581,0.06111628,0.413264,-0.05429957,0.9981255,-0.02823232,-0.4142148,0.003210643,0.9101735,moving,-24.15776,-8.834353,-1.386029,-8.130084
05/15/2023 14:22:53.710828,1198,True,True,True,True,Eyes,1.215439,-0.3245838,-3.313021,-0.4754592,-0.2255331,0.8503372,0,0,0,0,0,0,0,0.3061637,0.3014728,3.523917,1.221121,-0.3221868,-3.317782,-0.006860254,-0.2152351,0.0292001,0.9761016,359.9529,335.1286,3.437384,0.346828,-0.08980282,-0.9336188,0,0,0,0.8840505,-0.4346393,-2.613928,-0.0165424,-0.1123048,0.7802467,0.9056424,0.05995767,0.4197819,-0.0540514,0.9982007,-0.02596238,-0.4205832,0.0008228366,0.9072536,moving,-29.21139,-14.85442,-1.214575,-8.190615
05/15/2023 14:22:53.731173,1199,True,True,True,True,Eyes,1.215391,-0.3245959,-3.313028,-0.4753899,-0.2256701,0.8503396,0,0,0,0,0,0,0,0.3298433,0.3100201,3.520726,1.220781,-0.3225066,-3.317545,-0.005539587,-0.2185085,0.02884816,0.9753929,0.1031659,334.7491,3.365056,0.3464425,-0.08998165,-0.9337438,0,0,0,0.880024,-0.4376427,-2.61393,-0.01470751,-0.1130599,0.7819511,0.9028437,0.05869747,0.4259436,-0.05385568,0.9982742,-0.02341368,-0.4265828,-0.001800586,0.9044467,moving,-29.20776,-14.86301,-1.077534,-8.227203
05/15/2023 14:22:53.750908,1200,True,True,True,True,Eyes,1.215333,-0.3246186,-3.31303,-0.4755173,-0.22592,0.850202,0,0,0,0,0,0,0,0.3524667,0.3198499,3.517286,1.220209,-0.3227407,-3.317343,-0.004057192,-0.2215856,0.02870856,0.9747097,0.2758022,334.3927,3.311461,0.3460943,-0.09014296,-0.9338568,0,0,0,0.8759891,-0.4406523,-2.613931,-0.01297706,-0.1135807,0.7836518,0.9001513,0.05776305,0.4317304,-0.054167,0.9983187,-0.02063198,-0.4321962,-0.004813636,0.9017668,moving,-29.21826,-14.88104,-0.948716,-8.246892
05/15/2023 14:22:53.772572,1201,True,True,True,True,Eyes,1.215264,-0.3246487,-3.313024,-0.4756086,-0.2262253,0.8500698,0,0,0,0,0,0,0,0.3739772,0.330239,3.51385,1.219933,-0.3230136,-3.31715,-0.002528901,-0.2245291,0.02873997,0.9740403,0.4571916,334.0517,3.274816,0.3457794,-0.09028882,-0.9339589,0,0,0,0.8719869,-0.4436375,-2.613932,-0.01169354,-0.1138776,0.7855114,0.8975214,0.05712339,0.4372553,-0.05485214,0.9983352,-0.01783242,-0.437546,-0.007979413,0.8991606,moving,-29.22673,-14.90247,-0.8528723,-8.248848
05/15/2023 14:22:53.780750,1202,True,True,True,True,Eyes,1.215179,-0.3246847,-3.313013,-0.4758874,-0.226621,0.8498082,0,0,0,0,0,0,0,0.3957008,0.338387,3.510391,1.219673,-0.3231131,-3.316915,-0.001272608,-0.2275297,0.0285875,0.9733506,0.6034287,333.7027,3.223646,0.3454943,-0.09042101,-0.9340514,0,0,0,0.867364,-0.4470858,-2.613933,-0.01090419,-0.1152539,0.7875729,0.894826,0.05623044,0.4428595,-0.05507221,0.9983622,-0.0154864,-0.443005,-0.01053162,0.8964573,moving,-29.24856,-14.93176,-0.7932273,-8.325602
05/15/2023 14:22:53.790710,1203,True,True,True,True,Eyes,1.215139,-0.3247174,-3.312967,-0.4764928,-0.2270268,0.8493606,0,0,0,0,0,0,0,0.4150622,0.3479122,3.506908,1.219221,-0.3232814,-3.316733,0.0002240517,-0.2302297,0.02789309,0.9727366,0.7608826,333.3889,3.105051,0.3452356,-0.09054109,-0.9341352,0,0,0,0.8639934,-0.4496,-2.613934,-0.009061813,-0.1155291,0.7890749,0.8924325,0.05416207,0.4479181,-0.0543684,0.9984438,-0.01240775,-0.4478931,-0.01327952,0.8939885,moving,-29.2925,-14.96483,-0.6579614,-8.329538
05/15/2023 14:22:53.810796,1204,True,True,True,True,Eyes,1.215089,-0.32476,-3.312912,-0.4772419,-0.2275086,0.848811,0,0,0,0,0,0,0,0.4347737,0.3573746,3.50333,1.218831,-0.3234201,-3.316612,0.00168718,-0.2329632,0.02742228,0.9720976,0.9200358,333.0706,3.011415,0.3450022,-0.09065024,-0.9342108,0,0,0,0.8580902,-0.4540031,-2.613936,-0.009575844,-0.1175427,0.7918531,0.8899523,0.05252814,0.4530184,-0.05410034,0.9984903,-0.009496554,-0.4528333,-0.01605696,0.8914506,moving,-29.34677,-15.00443,-0.6928415,-8.443332
05/15/2023 14:22:53.842724,1205,True,True,True,True,Eyes,1.215077,-0.3248047,-3.312822,-0.4782338,-0.2279949,0.8481219,0,0,0,0,0,0,0,0.4517429,0.3660825,3.499943,1.218571,-0.3236879,-3.316323,0.003019991,-0.2353537,0.02686743,0.9715338,1.060877,332.7919,2.911442,0.3447914,-0.09074984,-0.934279,0,0,0,0.8555882,-0.4558694,-2.613937,-0.007638097,-0.1172838,0.7929446,0.8877735,0.05078369,0.4574704,-0.05362675,0.9985381,-0.006778652,-0.4571459,-0.01851474,0.889199,moving,-29.41751,-15.04671,-0.5518888,-8.413575
05/15/2023 14:22:53.860732,1206,True,True,True,True,Eyes,1.215049,-0.3248739,-3.312715,-0.4795087,-0.2286818,0.8472167,0,0,0,0,0,0,0,0.4667892,0.3762799,3.496581,1.218139,-0.3238722,-3.316142,0.004551096,-0.2374366,0.0264646,0.9710318,1.226558,332.5495,2.822731,0.3446022,-0.09084095,-0.93434,0,0,0,0.8519644,-0.4585724,-2.613938,-0.007039189,-0.1175131,0.7946444,0.885847,0.04923475,0.4613579,-0.05355714,0.9985578,-0.003728809,-0.460876,-0.02140585,0.8872063,moving,-29.50904,-15.10537,-0.5075293,-8.412007
05/15/2023 14:22:53.870696,1207,True,True,True,True,Eyes,1.21501,-0.324949,-3.31261,-0.4805685,-0.2294551,0.8464068,0,0,0,0,0,0,0,0.5004873,0.396709,3.489064,1.217776,-0.3244948,-3.315593,0.007573456,-0.2421685,0.02579568,0.9698617,1.557733,331.9967,2.658648,0.3444321,-0.09092517,-0.9343947,0,0,0,0.845619,-0.4633054,-2.61394,-0.00457862,-0.1170822,0.7977198,0.881378,0.04636838,0.4701306,-0.05370459,0.9985545,0.002196607,-0.4693492,-0.02718421,0.8825941,moving,-29.58682,-15.16794,-0.3288532,-8.349746
05/15/2023 14:22:53.890869,1208,True,True,True,True,Eyes,1.214959,-0.3250445,-3.312492,-0.4817456,-0.2304054,0.8454789,0,0,0,0,0,0,0,0.5146899,0.4110961,3.48517,1.217368,-0.3246966,-3.315554,0.00969328,-0.2441381,0.02537564,0.96936,1.786937,331.7673,2.549637,0.3442788,-0.09100337,-0.9344437,0,0,0,0.8425241,-0.4656139,-2.613941,-0.003512889,-0.1160024,0.7994737,0.8795053,0.04446325,0.4738074,-0.05392925,0.9985242,0.006402234,-0.4728235,-0.03118288,0.8806052,moving,-29.67407,-15.24378,-0.2517562,-8.25591
05/15/2023 14:22:53.910641,1209,True,True,True,True,Eyes,1.214901,-0.325148,-3.312372,-0.4830378,-0.2314598,0.844453,0,0,0,0,0,0,0,0.5477672,0.4359572,3.476649,1.21677,-0.3252627,-3.315248,0.01336492,-0.2487807,0.02450886,0.9681575,2.181971,331.2224,2.340417,0.3441407,-0.09107674,-0.9344875,0,0,0,0.8364288,-0.4701604,-2.613942,-0.0004259944,-0.1144961,0.8027297,0.875015,0.04080701,0.4823729,-0.05410675,0.9984413,0.01368404,-0.4810627,-0.03807337,0.875859,moving,-29.7701,-15.328,-0.03040585,-8.117544
05/15/2023 14:22:53.920732,1210,True,True,True,True,Eyes,1.214825,-0.3252558,-3.312256,-0.4841585,-0.2325911,0.8434998,0,0,0,0,0,0,0,0.5645519,0.4495494,3.471995,1.216579,-0.3255359,-3.315045,0.0153715,-0.2511658,0.02401599,0.9675241,2.396154,330.9414,2.22274,0.3440159,-0.09114601,-0.9345269,0,0,0,0.8316275,-0.4737417,-2.613944,-0.0004162788,-0.114707,0.8053177,0.872678,0.0387505,0.4867562,-0.05419369,0.9983739,0.01768061,-0.4852796,-0.04180859,0.8733588,moving,-29.85529,-15.41594,-0.02961691,-8.106504
05/15/2023 14:22:53.940682,1211,True,True,True,True,Eyes,1.214746,-0.3253725,-3.312135,-0.4853742,-0.2338222,0.8424601,0,0,0,0,0,0,0,0.5811855,0.4649824,3.466949,1.216217,-0.3257123,-3.314883,0.01763405,-0.2534896,0.0237268,0.9668865,2.643949,330.6676,2.119367,0.3439026,-0.09121173,-0.9345623,0,0,0,0.8277074,-0.4766656,-2.613945,0.00045982,-0.1139199,0.8075036,0.8703602,0.03694214,0.4910279,-0.05482233,0.9982522,0.02207125,-0.4893543,-0.04612924,0.8708642,moving,-29.94793,-15.51183,0.03262616,-8.030106
05/15/2023 14:22:53.960969,1212,True,True,True,True,Eyes,1.214689,-0.3254856,-3.31199,-0.4865693,-0.235039,0.8414315,0,0,0,0,0,0,0,0.5960339,0.4787386,3.462289,1.216105,-0.326021,-3.314617,0.0196319,-0.2556052,0.02342825,0.966298,2.861239,330.4174,2.022119,0.3437997,-0.0912745,-0.9345942,0,0,0,0.8234689,-0.4798272,-2.613946,0.0004421771,-0.1136087,0.8098469,0.8682342,0.03524131,0.4949014,-0.05531337,0.9981314,0.02596376,-0.4930616,-0.04991729,0.8685611,moving,-30.03924,-15.60676,0.03128354,-7.985578
05/15/2023 14:22:53.970685,1213,True,True,True,True,Eyes,1.214628,-0.3256036,-3.311846,-0.4878221,-0.236349,0.8403385,0,0,0,0,0,0,0,0.6087861,0.4917713,3.45786,1.215783,-0.3260814,-3.314332,0.02155249,-0.2574046,0.02316861,0.9657855,3.070092,330.2043,1.931507,0.3437068,-0.09133456,-0.9346226,0,0,0,0.8193454,-0.4829029,-2.613948,0.0001710951,-0.1135642,0.8120328,0.8664122,0.0336564,0.498194,-0.05584724,0.9979973,0.02970275,-0.4961966,-0.05355758,0.8665567,moving,-30.13545,-15.70888,0.01207221,-7.96128
05/15/2023 14:22:53.990687,1214,True,True,True,True,Eyes,1.214554,-0.3257207,-3.311703,-0.4888055,-0.2376499,0.8393996,0,0,0,0,0,0,0,0.6206901,0.5049922,3.453682,1.215666,-0.3262942,-3.314194,0.02345808,-0.2590819,0.02308465,0.9652945,3.281951,330.0055,1.86044,0.343623,-0.09139232,-0.934648,0,0,0,0.815476,-0.4857891,-2.613949,-0.0002014935,-0.1131132,0.8143339,0.8646873,0.03241185,0.5012639,-0.05672212,0.9978336,0.03332628,-0.4990977,-0.05724955,0.8646525,moving,-30.21342,-15.80782,-0.0141769,-7.90794
05/15/2023 14:22:54.010647,1215,True,True,True,True,Eyes,1.214478,-0.3258481,-3.311558,-0.4898472,-0.2390135,0.8384045,0,0,0,0,0,0,0,0.6328716,0.5165224,3.44949,1.21528,-0.3263826,-3.314042,0.02514998,-0.2607783,0.02291195,0.964799,3.46732,329.8036,1.785094,0.3435468,-0.091448,-0.9346707,0,0,0,0.8114479,-0.4887936,-2.61395,-0.0004416406,-0.1132752,0.8165504,0.8629394,0.03109371,0.5043498,-0.05732798,0.997685,0.03657947,-0.5020449,-0.06047922,0.8627243,moving,-30.29609,-15.91186,-0.03098908,-7.897902
05/15/2023 14:22:54.020851,1216,True,True,True,True,Eyes,1.214394,-0.3259729,-3.311418,-0.4905213,-0.2403338,0.8376327,0,0,0,0,0,0,0,0.6441598,0.5270572,3.445592,1.215191,-0.3267362,-3.313818,0.0266347,-0.262357,0.02301169,0.9643288,3.637503,329.6162,1.745927,0.3434776,-0.09150209,-0.934691,0,0,0,0.8072158,-0.4919503,-2.613951,-0.001415789,-0.1134954,0.8189442,0.8612786,0.03040608,0.5072225,-0.05835727,0.9975221,0.03929466,-0.5047709,-0.06344377,0.8609188,moving,-30.35343,-16.00926,-0.09905274,-7.89022
05/15/2023 14:22:54.048566,1217,True,True,True,True,Eyes,1.214309,-0.3260998,-3.31127,-0.4912404,-0.2416906,0.8368205,0,0,0,0,0,0,0,0.6547101,0.5382852,3.44166,1.215022,-0.326798,-3.31366,0.02822708,-0.2637742,0.02349817,0.963885,3.830885,329.449,1.746418,0.3434144,-0.09155469,-0.9347091,0,0,0,0.8032763,-0.4948888,-2.613952,-0.002379864,-0.1134533,0.8212811,0.859742,0.03040792,0.5098225,-0.06019022,0.9973021,0.04201891,-0.5071694,-0.06681174,0.8592528,moving,-30.4143,-16.10978,-0.1660282,-7.865165
05/15/2023 14:22:54.060964,1218,True,True,True,True,Eyes,1.214217,-0.3262181,-3.311127,-0.4917336,-0.2429003,0.8361803,0,0,0,0,0,0,0,0.6631716,0.546297,3.438446,1.214887,-0.3269611,-3.313351,0.02937036,-0.2649555,0.02362187,0.9635237,3.96319,329.3085,1.720771,0.3433565,-0.09160601,-0.9347255,0,0,0,0.7992163,-0.4979171,-2.613954,-0.003896356,-0.1142496,0.8234662,0.8584812,0.02995679,0.5119694,-0.06108415,0.9971588,0.04408059,-0.5091943,-0.06911557,0.8578719,moving,-30.45856,-16.19795,-0.2711017,-7.89892
05/15/2023 14:22:54.080786,1219,True,True,True,True,Eyes,1.214125,-0.3263398,-3.310982,-0.4922737,-0.2441324,0.8355034,0,0,0,0,0,0,0,0.6714036,0.5550188,3.435274,1.214637,-0.3268831,-3.313267,0.03065473,-0.2660876,0.02367099,0.9631705,4.108682,329.1734,1.682456,0.3433034,-0.09165595,-0.9347402,0,0,0,0.7949407,-0.5011063,-2.613955,-0.005431563,-0.1152302,0.8259714,0.8572741,0.02928472,0.5140267,-0.06191209,0.9969999,0.04645435,-0.5111242,-0.07164858,0.8565153,moving,-30.50634,-16.28826,-0.3767698,-7.941999
05/15/2023 14:22:54.090897,1220,True,True,True,True,Eyes,1.214037,-0.3264562,-3.310832,-0.4928699,-0.2452092,0.8348363,0,0,0,0,0,0,0,0.6793894,0.5612376,3.432475,1.214547,-0.3270775,-3.313055,0.03152933,-0.2671899,0.02387117,0.962832,4.213385,329.0424,1.673168,0.3432545,-0.09170472,-0.9347535,0,0,0,0.7911714,-0.5039179,-2.613956,-0.006841063,-0.1161644,0.8280811,0.8560794,0.02911922,0.5160233,-0.06281649,0.9968722,0.04795862,-0.5130127,-0.07347117,0.8552309,moving,-30.55671,-16.36864,-0.4733294,-7.985426
05/15/2023 14:22:54.110604,1221,True,True,True,True,Eyes,1.213951,-0.3265758,-3.310682,-0.493517,-0.2463035,0.8341316,0,0,0,0,0,0,0,0.6873697,0.566326,3.429855,1.214218,-0.3271046,-3.312972,0.03227584,-0.2682681,0.02395667,0.9625053,4.300359,328.9138,1.65499,0.3432096,-0.09175232,-0.9347654,0,0,0,0.7871254,-0.5069357,-2.613957,-0.008242607,-0.117712,0.8303285,0.8549166,0.0287997,0.5179654,-0.063434,0.9967687,0.04927772,-0.5148725,-0.07498497,0.853981,moving,-30.61084,-16.45089,-0.5687522,-8.0688
05/15/2023 14:22:54.130590,1222,True,True,True,True,Eyes,1.213809,-0.3266941,-3.310563,-0.4940447,-0.2473715,0.8335029,0,0,0,0,0,0,0,0.6961702,0.571508,3.427107,1.21419,-0.3272915,-3.312848,0.03300365,-0.2694815,0.02418143,0.9621361,4.389764,328.7696,1.651978,0.3431682,-0.09179895,-0.9347761,0,0,0,0.783047,-0.5099778,-2.613958,-0.009742588,-0.1190673,0.8327265,0.8535901,0.02874389,0.5201517,-0.06431938,0.9966521,0.05047512,-0.5169594,-0.07654089,0.852581,moving,-30.65662,-16.53012,-0.6703085,-8.137273
05/15/2023 14:22:54.141035,1223,True,True,True,True,Eyes,1.21367,-0.3268195,-3.310444,-0.4946089,-0.2484826,0.8328376,0,0,0,0,0,0,0,0.7034068,0.57766,3.424246,1.213832,-0.3273405,-3.312612,0.033889,-0.2704472,0.02440899,0.9618285,4.49623,328.6547,1.645333,0.3431284,-0.09184466,-0.9347863,0,0,0,0.7789586,-0.5130274,-2.61396,-0.01142749,-0.1203268,0.834925,0.8525251,0.02862416,0.5219021,-0.06528491,0.9965115,0.05198812,-0.5185934,-0.0783935,0.8514196,moving,-30.7054,-16.61282,-0.7841497,-8.200827
05/15/2023 14:22:54.161125,1224,True,True,True,True,Eyes,1.213504,-0.3269398,-3.310347,-0.4953708,-0.2495658,0.8320605,0,0,0,0,0,0,0,0.7104937,0.5854526,3.421368,1.213798,-0.327622,-3.312503,0.03497709,-0.2714296,0.0245876,0.9615083,4.623579,328.5374,1.626679,0.3430901,-0.09188971,-0.934796,0,0,0,0.7749954,-0.5159835,-2.613961,-0.01312977,-0.1209323,0.8373721,0.8514429,0.02829472,0.5236835,-0.06626998,0.996344,0.05391392,-0.5202436,-0.08060913,0.8502052,moving,-30.76764,-16.69593,-0.8983089,-8.217773
05/15/2023 14:22:54.170644,1225,True,True,True,True,Eyes,1.21334,-0.3270647,-3.310249,-0.4961527,-0.2507078,0.831251,0,0,0,0,0,0,0,0.7164063,0.5948211,3.418361,1.213616,-0.3275983,-3.312409,0.03634594,-0.2722577,0.02458646,0.9612235,4.776023,328.4373,1.5799,0.3430523,-0.09193401,-0.9348056,0,0,0,0.770824,-0.5190949,-2.613962,-0.01505896,-0.1216148,0.8399687,0.8505426,0.02747524,0.525188,-0.06705707,0.9961489,0.05648543,-0.5216137,-0.08326083,0.8491095,moving,-30.83191,-16.78347,-1.027089,-8.238314
05/15/2023 14:22:54.190531,1226,True,True,True,True,Eyes,1.213191,-0.327181,-3.310133,-0.4972249,-0.2518107,0.8302764,0,0,0,0,0,0,0,0.7222852,0.6045033,3.415267,1.213514,-0.3278214,-3.312263,0.03772933,-0.2731026,0.02452455,0.9609318,4.92813,328.3347,1.525583,0.3430149,-0.09197776,-0.934815,0,0,0,0.7668648,-0.5220482,-2.613963,-0.01683095,-0.1219037,0.8424364,0.849627,0.02652489,0.5267166,-0.06774081,0.9959501,0.0591152,-0.5230154,-0.08590607,0.8479829,moving,-30.91599,-16.87178,-1.144554,-8.233762
05/15/2023 14:22:54.210926,1227,True,True,True,True,Eyes,1.213042,-0.327304,-3.310014,-0.4983042,-0.2529455,0.8292838,0,0,0,0,0,0,0,0.728093,0.6120881,3.412344,1.213227,-0.3277716,-3.312025,0.03885331,-0.2739217,0.02445976,0.9606556,5.051401,328.2353,1.478941,0.3429785,-0.09202081,-0.9348242,0,0,0,0.7628249,-0.5250615,-2.613965,-0.01863694,-0.1229489,0.8447542,0.8487372,0.02570928,0.5281896,-0.06828035,0.9957843,0.06124918,-0.5243882,-0.08804942,0.8469146,moving,-31.00103,-16.96259,-1.263853,-8.280913
05/15/2023 14:22:54.230584,1228,True,True,True,True,Eyes,1.212866,-0.3274288,-3.309915,-0.4992742,-0.254159,0.8283287,0,0,0,0,0,0,0,0.7336783,0.6194537,3.409587,1.213116,-0.328042,-3.311802,0.03990008,-0.2747321,0.02436807,0.9603837,5.165225,328.1366,1.431579,0.342943,-0.09206342,-0.9348331,0,0,0,0.75872,-0.5281233,-2.613966,-0.02063909,-0.1238387,0.8471844,0.8478571,0.02488174,0.5296408,-0.06872904,0.9956284,0.06324938,-0.5257517,-0.09002813,0.8458607,moving,-31.07942,-17.05777,-1.395563,-8.316413
05/15/2023 14:22:54.240875,1229,True,True,True,True,Eyes,1.212691,-0.3275593,-3.309813,-0.5002427,-0.2554428,0.8273489,0,0,0,0,0,0,0,0.7393073,0.6297735,3.406337,1.212828,-0.328198,-3.311745,0.04137922,-0.2755056,0.02439821,0.9600986,5.330462,328.0422,1.384023,0.3429075,-0.09210566,-0.9348421,0,0,0,0.7547756,-0.5310654,-2.613967,-0.02229932,-0.1239657,0.849704,0.8470028,0.02404895,0.5310442,-0.06964979,0.9953849,0.06601258,-0.5270059,-0.09289995,0.8447688,moving,-31.15856,-17.158,-1.503304,-8.300481
05/15/2023 14:22:54.261083,1230,True,True,True,True,Eyes,1.212489,-0.3276883,-3.309722,-0.5011346,-0.2568378,0.8263767,0,0,0,0,0,0,0,0.744247,0.6409833,3.402962,1.212669,-0.3284463,-3.311566,0.0429729,-0.2762108,0.02441863,0.9598254,5.507862,327.9554,1.331868,0.3428719,-0.09214775,-0.934851,0,0,0,0.7504847,-0.534266,-2.613968,-0.02452224,-0.1240404,0.8524271,0.8462227,0.02313608,0.5323269,-0.07061438,0.9951141,0.06900357,-0.5281295,-0.09598233,0.8437219,moving,-31.23363,-17.26524,-1.647805,-8.279253
05/15/2023 14:22:54.270873,1231,True,True,True,True,Eyes,1.21229,-0.3278307,-3.309633,-0.5020238,-0.2583233,0.8253734,0,0,0,0,0,0,0,0.749365,0.6528723,3.399281,1.212268,-0.3285306,-3.311401,0.04467691,-0.2768857,0.02464589,0.9595473,5.703895,327.8728,1.298963,0.3428356,-0.09218964,-0.9348602,0,0,0,0.7466074,-0.5371581,-2.613969,-0.02627081,-0.1237173,0.8548564,0.8454537,0.02255701,0.533572,-0.07203859,0.9947931,0.07209101,-0.5291676,-0.09938739,0.8426765,moving,-31.30958,-17.37895,-1.760217,-8.234835
05/15/2023 14:22:54.290896,1232,True,True,True,True,Eyes,1.212052,-0.3279759,-3.30957,-0.5028851,-0.2599164,0.8243483,0,0,0,0,0,0,0,0.7556088,0.6659349,3.395265,1.21212,-0.3289722,-3.311311,0.04647852,-0.2776965,0.02520666,0.9592128,5.921465,327.7752,1.298673,0.3427986,-0.09223173,-0.9348696,0,0,0,0.7426265,-0.5401275,-2.613971,-0.02811232,-0.1227355,0.8575778,0.8444986,0.02254326,0.5350832,-0.07417094,0.9944087,0.07516597,-0.5303969,-0.1031652,0.8414488,moving,-31.38485,-17.50002,-1.877545,-8.144796
05/15/2023 14:22:54.310799,1233,True,True,True,True,Eyes,1.211817,-0.3281268,-3.309506,-0.5037431,-0.2616241,0.8232835,0,0,0,0,0,0,0,0.762536,0.6804438,3.39069,1.211762,-0.3291513,-3.311275,0.04851709,-0.2785461,0.02598917,0.9588445,6.17232,327.6735,1.314691,0.3427598,-0.09227404,-0.9348797,0,0,0,0.7386246,-0.5431125,-2.613972,-0.02972615,-0.1215142,0.8603605,0.8434734,0.02281067,0.5366866,-0.07686764,0.9939414,0.07856233,-0.5316428,-0.107519,0.8401164,moving,-31.46124,-17.62929,-1.978828,-8.039075
05/15/2023 14:22:54.321002,1234,True,True,True,True,Eyes,1.211553,-0.3282742,-3.309463,-0.5045015,-0.2634595,0.8222331,0,0,0,0,0,0,0,0.7698486,0.6957251,3.38578,1.21159,-0.329412,-3.311155,0.0506521,-0.2794614,0.0268856,0.958443,6.437612,327.5642,1.339319,0.3427195,-0.09231672,-0.9348903,0,0,0,0.7344849,-0.5462003,-2.613973,-0.03155169,-0.1200511,0.8632966,0.8423571,0.02322601,0.5384191,-0.07984722,0.993423,0.08206732,-0.5329718,-0.1121212,0.8386714,moving,-31.53223,-17.76647,-2.093109,-7.916851
05/15/2023 14:22:54.348539,1235,True,True,True,True,Eyes,1.211293,-0.3284282,-3.309417,-0.5052635,-0.2653891,0.821144,0,0,0,0,0,0,0,0.7776176,0.7090812,3.381063,1.211263,-0.3294427,-3.311099,0.05255229,-0.2804228,0.02771619,0.9580361,6.675064,327.4494,1.363412,0.3426769,-0.0923596,-0.9349017,0,0,0,0.7304911,-0.5491793,-2.613974,-0.03300959,-0.1191233,0.8660998,0.8411897,0.0236325,0.5402234,-0.08257995,0.9929401,0.08514948,-0.5343973,-0.1162385,0.8372026,moving,-31.60468,-17.91054,-2.182653,-7.831324
05/15/2023 14:22:54.370807,1236,True,True,True,True,Eyes,1.211055,-0.3285799,-3.309355,-0.5065581,-0.2674128,0.8196885,0,0,0,0,0,0,0,0.7847947,0.7236207,3.376146,1.211104,-0.3297303,-3.310951,0.05459289,-0.2813408,0.0284621,0.9576309,6.925276,327.3387,1.373444,0.3426324,-0.09240285,-0.9349138,0,0,0,0.7264274,-0.5522104,-2.613975,-0.03473282,-0.1177706,0.8689695,0.8400745,0.02379395,0.541949,-0.08523078,0.9924191,0.08854456,-0.5357337,-0.1205748,0.8357339,moving,-31.71559,-18.06825,-2.288901,-7.718215
05/15/2023 14:22:54.380796,1237,True,True,True,True,Eyes,1.210819,-0.3287353,-3.309287,-0.5078332,-0.2695061,0.8182126,0,0,0,0,0,0,0,0.7917722,0.7369484,3.371481,1.210721,-0.3298479,-3.310927,0.05648933,-0.2822016,0.0291466,0.957247,7.157594,327.2348,1.38131,0.3425867,-0.09244639,-0.9349263,0,0,0,0.7221007,-0.5554376,-2.613977,-0.03652143,-0.1170136,0.8719828,0.8390254,0.02391823,0.5435662,-0.08768374,0.9919188,0.09169804,-0.5369803,-0.1245989,0.8343424,moving,-31.82629,-18.23105,-2.398329,-7.643009
05/15/2023 14:22:54.390858,1238,True,True,True,True,Eyes,1.210604,-0.3288849,-3.309199,-0.5095165,-0.271626,0.8164633,0,0,0,0,0,0,0,0.7983161,0.7501647,3.366768,1.210522,-0.33007,-3.310721,0.05836459,-0.283055,0.02970632,0.9568653,7.383565,327.1308,1.375699,0.3425402,-0.0924903,-0.934939,0,0,0,0.7183348,-0.5582467,-2.613978,-0.0380469,-0.1158715,0.8745801,0.8379948,0.02380911,0.5451586,-0.08989067,0.9914222,0.09487703,-0.5382234,-0.1285111,0.8329468,moving,-31.96636,-18.40157,-2.49097,-7.547056
05/15/2023 14:22:54.410583,1239,True,True,True,True,Eyes,1.210389,-0.3290448,-3.309102,-0.5111607,-0.2737746,0.814716,0,0,0,0,0,0,0,0.8048403,0.7607945,3.362564,1.210138,-0.3301016,-3.310591,0.0598972,-0.2838765,0.03024624,0.9565102,7.571132,327.0312,1.378936,0.3424937,-0.09253442,-0.9349516,0,0,0,0.7143199,-0.5612413,-2.613979,-0.03968579,-0.1156498,0.8772568,0.8369986,0.02385486,0.5466849,-0.09186848,0.9909949,0.09741218,-0.5394381,-0.131757,0.8316529,moving,-32.10456,-18.57425,-2.590209,-7.510063
05/15/2023 14:22:54.420888,1240,True,True,True,True,Eyes,1.210188,-0.3292054,-3.308995,-0.5131745,-0.2758765,0.8127386,0,0,0,0,0,0,0,0.8109726,0.7706339,3.358469,1.209913,-0.3304948,-3.310249,0.06126223,-0.2846635,0.03085044,0.9561704,7.74233,326.9366,1.394729,0.3424472,-0.09257905,-0.9349642,0,0,0,0.7103657,-0.5641907,-2.61398,-0.04161024,-0.1152605,0.8797356,0.8360299,0.02411832,0.5481536,-0.0938748,0.9905904,0.09959027,-0.5405937,-0.1347182,0.8304272,moving,-32.26889,-18.7493,-2.707991,-7.464216
05/15/2023 14:22:54.441078,1241,True,True,True,True,Eyes,1.209985,-0.3293701,-3.308882,-0.5151305,-0.2780068,0.810773,0,0,0,0,0,0,0,0.8160468,0.7801535,3.354877,1.209604,-0.3306822,-3.310178,0.06260899,-0.285283,0.03137751,0.9558814,7.908788,326.8615,1.403703,0.3424012,-0.09262416,-0.9349766,0,0,0,0.7063428,-0.5671915,-2.613981,-0.04365531,-0.1151565,0.8824577,0.8352581,0.02426378,0.5493224,-0.09570891,0.9901912,0.1017906,-0.5414644,-0.1375965,0.8293874,moving,-32.43013,-18.92638,-2.832121,-7.434814
05/15/2023 14:22:54.460924,1242,True,True,True,True,Eyes,1.209802,-0.3295321,-3.308744,-0.5172631,-0.2800841,0.8086976,0,0,0,0,0,0,0,0.8213491,0.7900739,3.350903,1.209375,-0.3309316,-3.309875,0.06401404,-0.2859713,0.03184805,0.9555671,8.079943,326.7776,1.4037,0.3423555,-0.09266982,-0.9349888,0,0,0,0.7023139,-0.5701966,-2.613983,-0.04573748,-0.1149321,0.8850558,0.8344123,0.02425355,0.5506068,-0.09747824,0.9897758,0.1041242,-0.542452,-0.1405547,0.8282453,moving,-32.60399,-19.103,-2.958271,-7.398943
05/15/2023 14:22:54.480773,1243,True,True,True,True,Eyes,1.209617,-0.3297017,-3.308599,-0.5193252,-0.2821957,0.8066393,0,0,0,0,0,0,0,0.8259679,0.7995506,3.347157,1.208939,-0.3310546,-3.309657,0.06537718,-0.2865454,0.03223664,0.9552896,8.243644,326.7067,1.39675,0.342311,-0.09271596,-0.9350005,0,0,0,0.6980875,-0.5733491,-2.613984,-0.04795396,-0.1150728,0.8877478,0.8337051,0.02412362,0.5516827,-0.09905773,0.9893733,0.1064338,-0.5432525,-0.1433828,0.8272352,moving,-32.77398,-19.28194,-3.091973,-7.385684
05/15/2023 14:22:54.490705,1244,True,True,True,True,Eyes,1.209434,-0.329871,-3.308451,-0.5215743,-0.2842272,0.804472,0,0,0,0,0,0,0,0.8302618,0.8102698,3.343138,1.208721,-0.331391,-3.309323,0.0668906,-0.2871116,0.0326142,0.9550021,8.423523,326.6362,1.383459,0.3422675,-0.09276277,-0.9350118,0,0,0,0.694249,-0.5762122,-2.613985,-0.05005953,-0.1144853,0.8902254,0.8330065,0.02388311,0.5527474,-0.1007034,0.988924,0.1090335,-0.5440211,-0.1464892,0.8261852,moving,-32.9571,-19.45877,-3.218491,-7.328166
05/15/2023 14:22:54.510515,1245,True,True,True,True,Eyes,1.20925,-0.3300481,-3.3083,-0.5237471,-0.2863104,0.8023188,0,0,0,0,0,0,0,0.8347751,0.8226342,3.338759,1.208354,-0.3315586,-3.309205,0.06866482,-0.2876701,0.03304613,0.9546933,8.633904,326.5658,1.367357,0.3422249,-0.09281016,-0.9350227,0,0,0,0.690056,-0.5793398,-2.613986,-0.05220976,-0.1137938,0.8931307,0.8323077,0.02359221,0.5538116,-0.1026035,0.9883862,0.1120949,-0.5447352,-0.1501204,0.8250621,moving,-33.13617,-19.63913,-3.345534,-7.26094
05/15/2023 14:22:54.530790,1246,True,True,True,True,Eyes,1.209036,-0.3302217,-3.308164,-0.5259051,-0.2883573,0.8001712,0,0,0,0,0,0,0,0.8392317,0.8348368,3.33433,1.208154,-0.3319033,-3.308961,0.07039447,-0.2882549,0.03344122,0.9543771,8.838216,326.4919,1.348141,0.3421832,-0.09285832,-0.9350331,0,0,0,0.6859947,-0.5823691,-2.613987,-0.05438939,-0.1129204,0.8959144,0.8315816,0.02324796,0.5549158,-0.1044142,0.9878526,0.1150865,-0.5454996,-0.1536449,0.8239075,moving,-33.31454,-19.81761,-3.474062,-7.18364
05/15/2023 14:22:54.540866,1247,True,True,True,True,Eyes,1.208823,-0.3304007,-3.308023,-0.5280033,-0.2904395,0.7980335,0,0,0,0,0,0,0,0.8436704,0.847104,3.329788,1.207711,-0.3319717,-3.308789,0.07217998,-0.2888151,0.03377667,0.9540623,9.046665,326.4201,1.320407,0.3421414,-0.09290706,-0.9350436,0,0,0,0.6820011,-0.585348,-2.613989,-0.05628473,-0.1122195,0.898641,0.83089,0.02275677,0.5559711,-0.1061434,0.9872984,0.118218,-0.5462191,-0.1572388,0.8227519,moving,-33.48984,-19.99867,-3.583934,-7.118072
05/15/2023 14:22:54.560945,1248,True,True,True,True,Eyes,1.208635,-0.3305733,-3.307856,-0.5303025,-0.2924024,0.7957889,0,0,0,0,0,0,0,0.8488009,0.8580844,3.325384,1.20752,-0.3322667,-3.308542,0.07375535,-0.2895247,0.03399551,0.9537191,9.228304,326.3298,1.285058,0.3420996,-0.09295647,-0.935054,0,0,0,0.6778646,-0.5884333,-2.61399,-0.05825591,-0.111782,0.9014819,0.8300394,0.02213633,0.5572651,-0.1075523,0.986809,0.1209987,-0.5472357,-0.1603688,0.8214712,moving,-33.67893,-20.17521,-3.697449,-7.068485
05/15/2023 14:22:54.580383,1249,True,True,True,True,Eyes,1.208445,-0.3307498,-3.307684,-0.5325433,-0.2943892,0.793557,0,0,0,0,0,0,0,0.8538843,0.8680108,3.321117,1.207118,-0.3323235,-3.308293,0.07521907,-0.2902152,0.03414314,0.9533896,9.395231,326.2415,1.245454,0.3420586,-0.09300637,-0.935064,0,0,0,0.673816,-0.5914532,-2.613991,-0.06000477,-0.1117682,0.9041693,0.8292188,0.02144401,0.5585126,-0.1087629,0.9863526,0.1236084,-0.5482398,-0.1632439,0.8202345,moving,-33.86493,-20.35356,-3.79684,-7.046829
05/15/2023 14:22:54.590544,1250,True,True,True,True,Eyes,1.208288,-0.3309256,-3.307483,-0.5349964,-0.2962513,0.7912105,0,0,0,0,0,0,0,0.8596798,0.8775355,3.316758,1.206877,-0.3325777,-3.307996,0.07659664,-0.2910174,0.03434937,0.9530278,9.55475,326.1402,1.213831,0.3420184,-0.09305681,-0.9350737,0,0,0,0.6698179,-0.5944353,-2.613992,-0.06168082,-0.1116138,0.906852,0.8282579,0.02088989,0.5599576,-0.1100537,0.9859062,0.1260049,-0.5494334,-0.16599,0.8188836,moving,-34.06556,-20.5273,-3.891061,-7.016577
05/15/2023 14:22:54.610597,1251,True,True,True,True,Eyes,1.208129,-0.33111,-3.307283,-0.537384,-0.298151,0.7888753,0,0,0,0,0,0,0,0.8659675,0.8868898,3.312367,1.206435,-0.3327869,-3.307872,0.0779547,-0.2918396,0.03463085,0.952656,9.714646,326.037,1.190692,0.3419799,-0.09310778,-0.9350827,0,0,0,0.6658311,-0.5974091,-2.613993,-0.06306571,-0.1114682,0.9095842,0.8272606,0.02048202,0.5614448,-0.1114831,0.9854475,0.1283147,-0.5506462,-0.1687413,0.8175054,moving,-34.2628,-20.7038,-3.966236,-6.986678
05/15/2023 14:22:54.621027,1252,True,True,True,True,Eyes,1.207999,-0.3312873,-3.307058,-0.5398422,-0.2999529,0.7865105,0,0,0,0,0,0,0,0.8723034,0.8971556,3.307703,1.206249,-0.3331609,-3.307668,0.07941934,-0.292695,0.03497911,0.9522598,9.888542,325.9297,1.170671,0.3419429,-0.09315946,-0.9350911,0,0,0,0.6617261,-0.6004711,-2.613995,-0.06473359,-0.110975,0.9124895,0.8262121,0.02012713,0.5629994,-0.1131097,0.984938,0.1307793,-0.5518873,-0.1717321,0.8160443,moving,-34.46478,-20.87544,-4.057864,-6.934134
05/15/2023 14:22:54.648549,1253,True,True,True,True,Eyes,1.207864,-0.3314666,-3.306831,-0.5422404,-0.3017775,0.7841593,0,0,0,0,0,0,0,0.878659,0.9075027,3.30291,1.205911,-0.333208,-3.307502,0.08094122,-0.2935165,0.03543004,0.951862,10.07216,325.8268,1.160082,0.3419083,-0.09321161,-0.9350985,0,0,0,0.657773,-0.6034197,-2.613996,-0.06621116,-0.1105382,0.9153239,0.8251856,0.01993385,0.5645099,-0.1149642,0.9843864,0.1332911,-0.553039,-0.1748883,0.8145931,moving,-34.66357,-21.04882,-4.13736,-6.885925
05/15/2023 14:22:54.660697,1254,True,True,True,True,Eyes,1.207759,-0.3316426,-3.306581,-0.5445881,-0.303525,0.7818545,0,0,0,0,0,0,0,0.8858752,0.9155716,3.298401,1.205689,-0.3334237,-3.30721,0.08211248,-0.2944739,0.03589761,0.9514485,10.21797,325.7092,1.161522,0.3418756,-0.09326427,-0.9351053,0,0,0,0.6536914,-0.6064641,-2.613997,-0.06775859,-0.1105937,0.9181365,0.8239931,0.01994951,0.5662486,-0.1166694,0.9839378,0.1351098,-0.554458,-0.1773934,0.8130854,moving,-34.85852,-21.21679,-4.220784,-6.868445
05/15/2023 14:22:54.680670,1255,True,True,True,True,Eyes,1.207651,-0.3318258,-3.306332,-0.5468754,-0.305316,0.7795572,0,0,0,0,0,0,0,0.8925881,0.9234303,3.294173,1.205251,-0.3335724,-3.30713,0.08326985,-0.2953564,0.03615212,0.9510646,10.35494,325.5986,1.140351,0.3418457,-0.09331731,-0.9351109,0,0,0,0.6492964,-0.6097424,-2.613998,-0.06933132,-0.1110579,0.9212202,0.8229153,0.01957743,0.5678267,-0.1179545,0.9835182,0.1370345,-0.5557851,-0.1797455,0.8116615,moving,-35.05045,-21.38795,-4.303985,-6.874131
05/15/2023 14:22:54.691075,1256,True,True,True,True,Eyes,1.207527,-0.3319997,-3.306088,-0.5490772,-0.3070737,0.7773159,0,0,0,0,0,0,0,0.8993354,0.933499,3.289287,1.205112,-0.3339096,-3.306938,0.0847156,-0.2962587,0.03659509,0.9506392,10.53005,325.4857,1.129603,0.3418182,-0.09337088,-0.9351156,0,0,0,0.6456536,-0.6124595,-2.614,-0.07054374,-0.1102127,0.9239179,0.8217832,0.01938201,0.5694705,-0.1197729,0.9829681,0.1393847,-0.5570698,-0.1827512,0.8101081,moving,-35.23646,-21.55618,-4.366223,-6.802579
05/15/2023 14:22:54.710654,1257,True,True,True,True,Eyes,1.207399,-0.3321733,-3.305842,-0.551221,-0.3088472,0.7750928,0,0,0,0,0,0,0,0.9056623,0.9420598,3.284688,1.204681,-0.3338795,-3.306682,0.08599453,-0.297052,0.03713774,0.9502558,10.69012,325.3876,1.13655,0.3417923,-0.0934247,-0.9351197,0,0,0,0.6415896,-0.6154909,-2.614001,-0.07217461,-0.1102337,0.9267273,0.8207618,0.019491,0.5709381,-0.1216704,0.9824514,0.1413699,-0.5581634,-0.1854973,0.8087301,moving,-35.41921,-21.72554,-4.453273,-6.783429
05/15/2023 14:22:54.720885,1258,True,True,True,True,Eyes,1.207238,-0.3323414,-3.30562,-0.5531784,-0.310599,0.7729955,0,0,0,0,0,0,0,0.912711,0.9486116,3.280502,1.204466,-0.3340358,-3.3064,0.08694858,-0.2979379,0.03784464,0.9498636,10.8203,325.2814,1.171636,0.3417679,-0.09347873,-0.9351232,0,0,0,0.6373152,-0.6186791,-2.614002,-0.07409966,-0.1106096,0.9297158,0.8196017,0.02008395,0.5725817,-0.123705,0.9820155,0.1426279,-0.5594196,-0.1877293,0.8073459,moving,-35.58863,-21.89086,-4.556922,-6.784668
05/15/2023 14:22:54.740999,1259,True,True,True,True,Eyes,1.207072,-0.3325136,-3.305395,-0.5550979,-0.3123436,0.7709137,0,0,0,0,0,0,0,0.921666,0.9527686,3.276511,1.204095,-0.3340801,-3.306253,0.08758287,-0.2990789,0.03844933,0.9494224,10.91223,325.1449,1.203338,0.3417438,-0.09353277,-0.9351266,0,0,0,0.6334863,-0.6215351,-2.614003,-0.07497492,-0.1114375,0.9324133,0.8181469,0.02062093,0.5746394,-0.1253977,0.9817018,0.1433075,-0.5611693,-0.189305,0.8057621,moving,-35.75585,-22.05584,-4.597237,-6.815386
05/15/2023 14:22:54.760839,1260,True,True,True,True,Eyes,1.206896,-0.3326847,-3.305188,-0.5569939,-0.3141172,0.7688226,0,0,0,0,0,0,0,0.9272705,0.9589335,3.272753,1.203832,-0.3343371,-3.30595,0.0884915,-0.2998863,0.03845305,0.9490831,11.01317,325.0416,1.162563,0.3417198,-0.09358694,-0.93513,0,0,0,0.6295366,-0.6244812,-2.614004,-0.07649222,-0.1120747,0.9350799,0.8171792,0.0199155,0.5760396,-0.126065,0.9813812,0.1449085,-0.5624284,-0.1910347,0.8044749,moving,-35.92245,-22.22341,-4.676547,-6.834626
05/15/2023 14:22:54.780696,1261,True,True,True,True,Eyes,1.206712,-0.3328586,-3.304989,-0.5593145,-0.3158702,0.7664158,0,0,0,0,0,0,0,0.9355572,0.9679487,3.267836,1.203425,-0.3344648,-3.306183,0.08983485,-0.3009926,0.03862554,0.9485997,11.16801,324.901,1.121449,0.3416955,-0.09364118,-0.9351335,0,0,0,0.6252024,-0.6277141,-2.614006,-0.07729152,-0.1121224,0.9385632,0.8158231,0.0192011,0.5779828,-0.1273596,0.9808756,0.1471826,-0.5641031,-0.1936866,0.8026663,moving,-36.1212,-22.39849,-4.707736,-6.812368
05/15/2023 14:22:54.791008,1262,True,True,True,True,Eyes,1.206535,-0.3330344,-3.30479,-0.562038,-0.3175418,0.763728,0,0,0,0,0,0,0,0.9476674,0.9741863,3.262323,1.203107,-0.3347248,-3.306109,0.09077837,-0.3026667,0.03882733,0.9479687,11.28057,324.6933,1.090443,0.3416708,-0.09369552,-0.9351371,0,0,0,0.6212489,-0.630663,-2.614007,-0.07698941,-0.1125107,0.9415716,0.8137707,0.01866304,0.5808864,-0.1285654,0.9805034,0.1486066,-0.5667877,-0.1956136,0.8003044,moving,-36.34986,-22.5765,-4.674501,-6.814107
05/15/2023 14:22:54.810745,1263,True,True,True,True,Eyes,1.206357,-0.3332173,-3.304595,-0.5647414,-0.3192706,0.7610083,0,0,0,0,0,0,0,0.96129,0.9805087,3.25638,1.202655,-0.3349752,-3.306191,0.09174984,-0.3045643,0.03885046,0.9472662,11.3901,324.4561,1.035501,0.3416456,-0.09375002,-0.9351408,0,0,0,0.617469,-0.6334824,-2.614008,-0.07581577,-0.1128672,0.9445528,0.8114625,0.017716,0.5841359,-0.1294909,0.9801452,0.1501581,-0.5698779,-0.197488,0.7976452,moving,-36.57897,-22.75982,-4.589083,-6.814118
05/15/2023 14:22:54.820839,1264,True,True,True,True,Eyes,1.206182,-0.3333978,-3.304401,-0.5676324,-0.3209764,0.7581342,0,0,0,0,0,0,0,0.9736232,0.992121,3.249076,1.202492,-0.3353074,-3.306104,0.09347798,-0.3063197,0.03899767,0.9465249,11.58667,324.2324,0.9683823,0.3416202,-0.09380485,-0.9351446,0,0,0,0.6133279,-0.6365713,-2.614009,-0.07541868,-0.1119105,0.9479755,0.8092949,0.01655625,0.5871692,-0.1310928,0.9794821,0.153067,-0.5725875,-0.20085,0.7948602,moving,-36.82304,-22.94667,-4.548736,-6.732729
05/15/2023 14:22:54.840876,1265,True,True,True,True,Eyes,1.206005,-0.3335826,-3.304211,-0.5704762,-0.3227253,0.7552518,0,0,0,0,0,0,0,0.984332,1.003305,3.242262,1.202137,-0.3354476,-3.306075,0.09515902,-0.3077756,0.03936211,0.9458697,11.78533,324.0473,0.9299361,0.3415945,-0.0938599,-0.9351485,0,0,0,0.6133279,-0.6365713,-2.614009,-0.0720903,-0.1085884,0.9483345,0.8074496,0.01588761,0.5897225,-0.1330381,0.9787908,0.1557867,-0.5747399,-0.2042454,0.7924379,static,-37.06541,-23.13742,-4.347138,-6.532167
05/15/2023 14:22:54.860886,1266,True,True,True,True,Eyes,1.205827,-0.333761,-3.304032,-0.5732303,-0.3244579,0.7524188,0,0,0,0,0,0,0,0.9958519,1.012624,3.235701,1.201959,-0.3357161,-3.305976,0.09654824,-0.3093341,0.0399026,0.9451977,11.95836,323.853,0.9195594,0.3415685,-0.09391527,-0.9351524,0,0,0,0.6133279,-0.6365713,-2.614009,-0.06886208,-0.1055154,0.9486535,0.8054404,0.01570037,0.5924687,-0.135163,0.9781725,0.1578279,-0.5770586,-0.2072008,0.7899817,static,-37.30197,-23.32667,-4.151778,-6.346723
05/15/2023 14:22:54.870722,1267,True,True,True,True,Eyes,1.205648,-0.3339407,-3.303855,-0.5759153,-0.3262132,0.7496042,0,0,0,0,0,0,0,1.005767,1.021183,3.229959,1.201637,-0.3357579,-3.306108,0.09785149,-0.3106494,0.04032554,0.9446143,12.11755,323.6874,0.9018639,0.3415421,-0.09397071,-0.9351565,0,0,0,0.6133279,-0.6365713,-2.614009,-0.06583089,-0.1028843,0.9490409,0.8037416,0.01538914,0.5947795,-0.1369792,0.9775979,0.1598096,-0.5789958,-0.209918,0.7878441,static,-37.5348,-23.51774,-3.968006,-6.187199
05/15/2023 14:22:54.890711,1268,True,True,True,True,Eyes,1.205425,-0.3341127,-3.303718,-0.578263,-0.3279547,0.7470325,0,0,0,0,0,0,0,1.013948,1.028897,3.224745,1.201445,-0.3359576,-3.305958,0.09900337,-0.31174,0.04081158,0.9441138,12.26222,323.5508,0.899177,0.3415153,-0.09402625,-0.9351606,0,0,0,0.6133279,-0.6365713,-2.614009,-0.06356129,-0.1003489,0.9491751,0.8023052,0.01533494,0.5967169,-0.1387882,0.9770655,0.1614957,-0.5805551,-0.2123861,0.786033,static,-37.74274,-23.70196,-3.831079,-6.035017
05/15/2023 14:22:54.910526,1269,True,True,True,True,Eyes,1.205204,-0.3342844,-3.303581,-0.5805583,-0.3296842,0.7444867,0,0,0,0,0,0,0,1.023412,1.034071,3.219987,1.201133,-0.3359368,-3.305966,0.09981615,-0.3129532,0.04143229,0.9435999,12.3748,323.4028,0.9218862,0.3414867,-0.09408162,-0.9351655,0,0,0,0.6133279,-0.6365713,-2.614009,-0.06097618,-0.0985255,0.9493552,0.8006873,0.01571545,0.5988763,-0.1406666,0.9766402,0.1624403,-0.5823339,-0.2143057,0.7841942,static,-37.94747,-23.8854,-3.675005,-5.92503
05/15/2023 14:22:54.930780,1270,True,True,True,True,Eyes,1.204956,-0.3344585,-3.303472,-0.5827011,-0.3313031,0.74209,0,0,0,0,0,0,0,1.031156,1.038296,3.215935,1.200983,-0.3360948,-3.305792,0.1004604,-0.3139752,0.04192789,0.9431699,12.46428,323.278,0.9392631,0.3414565,-0.09413681,-0.935171,0,0,0,0.6133279,-0.6365713,-2.614009,-0.05899033,-0.09692479,0.9493757,0.7993232,0.01600614,0.6006881,-0.1421744,0.9762995,0.1631737,-0.5838397,-0.215831,0.7826546,static,-38.13958,-24.05818,-3.555555,-5.829312
05/15/2023 14:22:54.940743,1271,True,True,True,True,Eyes,1.204707,-0.3346246,-3.303371,-0.5847763,-0.3329485,0.7397175,0,0,0,0,0,0,0,1.037174,1.044278,3.212011,1.200734,-0.3363238,-3.305811,0.101339,-0.3147093,0.04251162,0.942805,12.5824,323.1879,0.9613892,0.341424,-0.09419187,-0.9351773,0,0,0,0.6133279,-0.6365713,-2.614009,-0.05735523,-0.09475859,0.9494818,0.7983015,0.01637565,0.6020353,-0.143945,0.9758464,0.1643283,-0.5848029,-0.2178435,0.7813768,static,-38.32778,-24.23261,-3.456858,-5.699265
05/15/2023 14:22:54.961083,1272,True,True,True,True,Eyes,1.204452,-0.3347919,-3.303278,-0.5868063,-0.3344741,0.7374181,0,0,0,0,0,0,0,1.042696,1.051858,3.207704,1.200448,-0.3362873,-3.305876,0.1024932,-0.3153981,0.04296022,0.9424297,12.72574,323.0998,0.9587548,0.3413892,-0.09424657,-0.9351845,0,0,0,0.6133279,-0.6365713,-2.614009,-0.05565065,-0.09245706,0.9496923,0.7973569,0.01632162,0.6032872,-0.1456263,0.9752991,0.1660862,-0.5856747,-0.2202845,0.7800384,static,-38.5113,-24.39784,-3.353618,-5.560493
05/15/2023 14:22:54.970719,1273,True,True,True,True,Eyes,1.204206,-0.3349596,-3.303186,-0.5887595,-0.3360366,0.7351474,0,0,0,0,0,0,0,1.046688,1.058298,3.20415,1.200306,-0.3364942,-3.305779,0.1034433,-0.315947,0.04314353,0.9421336,12.83693,323.0273,0.936087,0.3413522,-0.09430096,-0.9351925,0,0,0,0.6133279,-0.6365713,-2.614009,-0.05438089,-0.09047545,0.9497322,0.7966323,0.01592876,0.6042543,-0.1466591,0.9748763,0.1676526,-0.5864027,-0.2221769,0.778954,static,-38.69029,-24.56519,-3.277131,-5.441813
05/15/2023 14:22:54.990604,1274,True,True,True,True,Eyes,1.203937,-0.3351288,-3.303124,-0.5903831,-0.3375695,0.7331402,0,0,0,0,0,0,0,1.050818,1.066476,3.199972,1.200239,-0.3366555,-3.305677,0.1046506,-0.3164557,0.04369185,0.9418042,12.98957,322.9618,0.9446011,0.3413134,-0.09435506,-0.9352012,0,0,0,0.6133279,-0.6365713,-2.614009,-0.05332342,-0.08781064,0.9498762,0.7958935,0.01606377,0.6052234,-0.1485329,0.9742786,0.1694676,-0.5869339,-0.2247738,0.777808,static,-38.8438,-24.72339,-3.213054,-5.281656
05/15/2023 14:22:55.010523,1275,True,True,True,True,Eyes,1.203669,-0.3352918,-3.303069,-0.5919441,-0.3391349,0.7311564,0,0,0,0,0,0,0,1.056075,1.071962,3.196469,1.200076,-0.3368628,-3.305776,0.1054572,-0.3170899,0.0442324,0.9414756,13.09828,322.8837,0.9653029,0.3412722,-0.09440891,-0.9352108,0,0,0,0.6133279,-0.6365713,-2.614009,-0.05189654,-0.08579992,0.950045,0.7949951,0.01640861,0.6063939,-0.1501663,0.9738446,0.1705195,-0.5877354,-0.2266221,0.7766656,static,-38.99363,-24.88345,-3.126695,-5.160464
05/15/2023 14:22:55.030771,1276,True,True,True,True,Eyes,1.203414,-0.335455,-3.303008,-0.5934694,-0.3405647,0.7292529,0,0,0,0,0,0,0,1.05824,1.081096,3.19269,1.199847,-0.3368645,-3.305874,0.106826,-0.3173913,0.04426427,0.9412182,13.24947,322.8365,0.9131961,0.3412288,-0.09446233,-0.9352212,0,0,0,0.6133279,-0.6365713,-2.614009,-0.05079114,-0.08335871,0.9502511,0.7946069,0.01551335,0.606926,-0.151136,0.9732577,0.172995,-0.5880117,-0.2291914,0.7757019,static,-39.13885,-25.03281,-3.059561,-5.013314
05/15/2023 14:22:55.040909,1277,True,True,True,True,Eyes,1.203166,-0.3356182,-3.302943,-0.594927,-0.341997,0.7273926,0,0,0,0,0,0,0,1.059779,1.090173,3.188897,1.199815,-0.3370489,-3.30568,0.1081616,-0.3176402,0.04434475,0.940978,13.39875,322.7964,0.8683187,0.3411837,-0.09451538,-0.9352323,0,0,0,0.6133279,-0.6365713,-2.614009,-0.05014375,-0.08078381,0.9502889,0.7942766,0.01474196,0.6073775,-0.1521678,0.9726692,0.1753839,-0.5881919,-0.2317266,0.7748117,static,-39.27938,-25.18143,-3.020516,-4.859017
05/15/2023 14:22:55.060961,1278,True,True,True,True,Eyes,1.202931,-0.3357807,-3.302876,-0.5962446,-0.3432786,0.7257081,0,0,0,0,0,0,0,1.060657,1.09583,3.186478,1.199743,-0.3372045,-3.305508,0.1089887,-0.3177611,0.04449418,0.9408346,13.49483,322.7766,0.8519709,0.3411373,-0.09456809,-0.9352438,0,0,0,0.6133279,-0.6365713,-2.614009,-0.04982999,-0.07909532,0.9502293,0.7940963,0.01445861,0.60762,-0.152988,0.9722835,0.1768035,-0.5882225,-0.2333576,0.7742987,static,-39.40666,-25.31536,-3.001839,-4.758225
05/15/2023 14:22:55.070805,1279,True,True,True,True,Eyes,1.202698,-0.3359419,-3.302813,-0.597496,-0.3445799,0.7240602,0,0,0,0,0,0,0,1.061239,1.100962,3.184534,1.199572,-0.3373819,-3.305571,0.1097254,-0.31778,0.04476494,0.9407298,13.58542,322.7716,0.853928,0.3410901,-0.09462047,-0.9352558,0,0,0,0.6133279,-0.6365713,-2.614009,-0.04955453,-0.07743432,0.9502646,0.7940241,0.01448632,0.6077138,-0.1539605,0.9719129,0.1779932,-0.5880663,-0.2348948,0.7739525,static,-39.52952,-25.44975,-2.985164,-4.658575
05/15/2023 14:22:55.090539,1280,True,True,True,True,Eyes,1.202466,-0.3361041,-3.302757,-0.5987728,-0.3457608,0.7224408,0,0,0,0,0,0,0,1.06171,1.107616,3.182057,1.199377,-0.3375027,-3.305619,0.1106991,-0.3178072,0.04494008,0.9405981,13.69842,322.7625,0.8362198,0.3410423,-0.09467252,-0.935268,0,0,0,0.6133279,-0.6365713,-2.614009,-0.04917389,-0.07548004,0.9503182,0.7939579,0.01417914,0.6078074,-0.1549031,0.9714522,0.1796822,-0.587908,-0.2368113,0.7734885,static,-39.65259,-25.57582,-2.962109,-4.541245
05/15/2023 14:22:55.110532,1281,True,True,True,True,Eyes,1.202245,-0.3362621,-3.302696,-0.5999811,-0.3469695,0.720857,0,0,0,0,0,0,0,1.061965,1.116976,3.178613,1.199359,-0.3377099,-3.305522,0.1120623,-0.317831,0.04518405,0.9404169,13.85658,322.7514,0.8114544,0.3409938,-0.09472426,-0.9352804,0,0,0,0.6133279,-0.6365713,-2.614009,-0.04896972,-0.07269751,0.950399,0.7938837,0.01374995,0.6079141,-0.1562174,0.9708009,0.1820488,-0.5876603,-0.2394923,0.772851,static,-39.77117,-25.70286,-2.949581,-4.374126
05/15/2023 14:22:55.120968,1282,True,True,True,True,Eyes,1.201995,-0.336408,-3.302666,-0.6010376,-0.3480739,0.7194431,0,0,0,0,0,0,0,1.061411,1.124252,3.176082,1.199375,-0.3377581,-3.305367,0.113138,-0.3177762,0.04526208,0.9403029,13.97712,322.7502,0.7802908,0.340945,-0.09477562,-0.935293,0,0,0,0.6133279,-0.6365713,-2.614009,-0.04899025,-0.07070403,0.9504301,0.7939394,0.01321501,0.6078534,-0.1570252,0.9703022,0.1840015,-0.58737,-0.2415343,0.7724362,static,-39.87608,-25.81817,-2.950719,-4.254488
05/15/2023 14:22:55.140689,1283,True,True,True,True,Eyes,1.201748,-0.3365468,-3.302635,-0.602039,-0.3491382,0.7180889,0,0,0,0,0,0,0,1.060328,1.128829,3.174717,1.199283,-0.3376236,-3.305315,0.1138338,-0.3176143,0.04534221,0.9402698,14.05608,322.7654,0.7653402,0.3408949,-0.09482624,-0.9353061,0,0,0,0.6133279,-0.6365713,-2.614009,-0.04915419,-0.06956153,0.9504533,0.7941306,0.01295737,0.6076091,-0.1575783,0.9699719,0.1852662,-0.5869632,-0.2428715,0.7723261,static,-39.97615,-25.92924,-2.960504,-4.185885
05/15/2023 14:22:55.160810,1284,True,True,True,True,Eyes,1.201471,-0.336683,-3.302639,-0.6028612,-0.3500792,0.71694,0,0,0,0,0,0,0,1.05932,1.129359,3.174762,1.199121,-0.3375945,-3.305277,0.1139141,-0.3174568,0.04533909,0.9403134,14.06464,322.7842,0.7643592,0.3408439,-0.094876,-0.9353197,0,0,0,0.6133279,-0.6365713,-2.614009,-0.04934302,-0.06948097,0.9503319,0.7943312,0.01294029,0.6073472,-0.1575915,0.9699358,0.1854435,-0.5866881,-0.2430163,0.7724896,static,-40.05984,-26.02609,-2.972236,-4.181587
05/15/2023 14:22:55.170745,1285,True,True,True,True,Eyes,1.201203,-0.3368145,-3.302637,-0.6036383,-0.3509904,0.7158397,0,0,0,0,0,0,0,1.058105,1.130202,3.174812,1.199119,-0.3376793,-3.305217,0.1140194,-0.3172678,0.04543808,0.9403597,14.07965,322.8079,0.774253,0.3407908,-0.09492485,-0.9353341,0,0,0,0.6133279,-0.6365713,-2.614009,-0.04975998,-0.06915267,0.9502617,0.794553,0.01310691,0.6070533,-0.1578057,0.9698699,0.1856064,-0.5863301,-0.2432705,0.7726814,static,-40.13956,-26.11963,-2.997527,-4.162205
05/15/2023 14:22:55.190649,1286,True,True,True,True,Eyes,1.200917,-0.336959,-3.30266,-0.604327,-0.3517211,0.7148994,0,0,0,0,0,0,0,1.057181,1.131454,3.174276,1.199067,-0.3369461,-3.304929,0.1143147,-0.3171491,0.04550022,0.9403607,14.11416,322.8208,0.7718138,0.3407362,-0.09497277,-0.9353491,0,0,0,0.6133279,-0.6365713,-2.614009,-0.05009666,-0.06935513,0.9502188,0.7946923,0.01306365,0.6068718,-0.1580828,0.9697238,0.1861333,-0.5860665,-0.2438548,0.7726972,static,-40.20889,-26.19658,-3.017907,-4.174536
05/15/2023 14:22:55.210768,1287,True,True,True,True,Eyes,1.20064,-0.3370698,-3.30267,-0.6049905,-0.3523922,0.7140071,0,0,0,0,0,0,0,1.05677,1.129608,3.175231,1.198865,-0.3374329,-3.305106,0.1139671,-0.3170741,0.04535163,0.9404354,14.07059,322.8312,0.7695929,0.3406796,-0.09502015,-0.9353649,0,0,0,0.6133279,-0.6365713,-2.614009,-0.04999372,-0.06960647,0.950057,0.7948145,0.01302855,0.6067126,-0.1575726,0.9699094,0.1855977,-0.5860382,-0.2431171,0.7729511,static,-40.27518,-26.26826,-3.01223,-4.190321
05/15/2023 14:22:55.230724,1288,True,True,True,True,Eyes,1.200357,-0.3371741,-3.302699,-0.6054225,-0.3529708,0.7133549,0,0,0,0,0,0,0,1.05602,1.126009,3.176582,1.198799,-0.3374909,-3.304955,0.113427,-0.3169999,0.04515879,0.9405351,14.00431,322.8426,0.769702,0.3406216,-0.09506613,-0.9353814,0,0,0,0.6133279,-0.6365713,-2.614009,-0.05022645,-0.07068723,0.9497957,0.7949436,0.01303416,0.6065434,-0.1568595,0.97019,0.1847335,-0.5860545,-0.2419948,0.7732908,static,-40.32118,-26.32639,-3.027057,-4.256313
05/15/2023 14:22:55.249849,1289,True,True,True,True,Eyes,1.200085,-0.337276,-3.302727,-0.6058289,-0.3535123,0.7127414,0,0,0,0,0,0,0,1.055345,1.123393,3.177861,1.198766,-0.3374715,-3.305093,0.1130332,-0.3168931,0.0450848,0.9406219,13.95839,322.8582,0.7779598,0.3405619,-0.09511063,-0.9353986,0,0,0,0.6133279,-0.6365713,-2.614009,-0.05038288,-0.07143968,0.9498169,0.7950922,0.01317662,0.6063454,-0.1564544,0.9703817,0.1840689,-0.5859611,-0.2412171,0.7736045,static,-40.36448,-26.38094,-3.036399,-4.301355
05/15/2023 14:22:55.261243,1290,True,True,True,True,Eyes,1.199781,-0.337364,-3.302788,-0.6060445,-0.3539886,0.7123216,0,0,0,0,0,0,0,1.054826,1.121779,3.178628,1.19876,-0.3375147,-3.305114,0.1127798,-0.3167793,0.04522582,0.940684,13.93574,322.876,0.8048766,0.340501,-0.09515371,-0.9354164,0,0,0,0.6133279,-0.6365713,-2.614009,-0.050686,-0.07174611,0.9497766,0.7952111,0.01363382,0.6061794,-0.156539,0.9704707,0.1835271,-0.5857772,-0.2408335,0.7738633,static,-40.3912,-26.4251,-3.054762,-4.319918
05/15/2023 14:22:55.281180,1291,True,True,True,True,Eyes,1.199486,-0.3374482,-3.302855,-0.6062749,-0.3544101,0.7119159,0,0,0,0,0,0,0,1.056267,1.119025,3.179093,1.198573,-0.3372834,-3.305179,0.1124118,-0.3169217,0.04536268,0.9406735,13.90061,322.8631,0.8317701,0.3404379,-0.09519508,-0.9354351,0,0,0,0.6133279,-0.6365713,-2.614009,-0.05033931,-0.07254671,0.949739,0.7950058,0.01409148,0.6064382,-0.1565944,0.9706117,0.1827327,-0.5860409,-0.2402384,0.7738485,static,-40.41806,-26.46531,-3.034027,-4.368109
05/15/2023 14:22:55.290977,1292,True,True,True,True,Eyes,1.199157,-0.3375328,-3.302954,-0.6064422,-0.3547851,0.7115865,0,0,0,0,0,0,0,1.058972,1.115258,3.179692,1.198475,-0.3372776,-3.305384,0.111864,-0.3172497,0.04545087,0.9406239,13.8442,322.8281,0.8572529,0.3403731,-0.09523479,-0.9354547,0,0,0,0.6133279,-0.6365713,-2.614009,-0.04962957,-0.07344428,0.949798,0.7945736,0.01452671,0.606994,-0.156482,0.9708413,0.1816054,-0.5866567,-0.2392825,0.7736781,static,-40.43895,-26.50008,-2.991143,-4.421667
05/15/2023 14:22:55.310787,1293,True,True,True,True,Eyes,1.19884,-0.3376113,-3.303052,-0.6066155,-0.3551447,0.7112594,0,0,0,0,0,0,0,1.061273,1.114063,3.17926,1.198441,-0.3373774,-3.305306,0.1116883,-0.3175534,0.04557285,0.9405364,13.82974,322.7934,0.8728471,0.3403055,-0.09527294,-0.9354753,0,0,0,0.6133279,-0.6365713,-2.614009,-0.04912487,-0.07359435,0.9497034,0.7941659,0.01479185,0.607521,-0.1566599,0.9708977,0.1811502,-0.5871612,-0.2390375,0.7733711,static,-40.46004,-26.53379,-2.961073,-4.431105
05/15/2023 14:22:55.320791,1294,True,True,True,True,Eyes,1.198516,-0.3376879,-3.303158,-0.6066986,-0.3554887,0.7110166,0,0,0,0,0,0,0,1.063142,1.113599,3.178843,1.198385,-0.3373068,-3.305377,0.1116391,-0.3177867,0.04567669,0.9404585,13.8284,322.7662,0.8827178,0.3402358,-0.09530953,-0.9354969,0,0,0,0.6133279,-0.6365713,-2.614009,-0.04862189,-0.07367375,0.9497623,0.7938505,0.01495921,0.607929,-0.1568689,0.9709007,0.180953,-0.5875317,-0.2390148,0.7730967,static,-40.47358,-26.56379,-2.930628,-4.435593
05/15/2023 14:22:55.340679,1295,True,True,True,True,Eyes,1.198203,-0.3377575,-3.303271,-0.6067939,-0.3558194,0.7107698,0,0,0,0,0,0,0,1.064256,1.113643,3.178345,1.198322,-0.3373509,-3.305289,0.1116487,-0.317921,0.04580134,0.9404058,13.83417,322.751,0.8941624,0.3401639,-0.09534465,-0.9355195,0,0,0,0.6133279,-0.6365713,-2.614009,-0.04839814,-0.07355207,0.9496667,0.7936569,0.01515276,0.6081769,-0.1571347,0.9708736,0.1808677,-0.5877223,-0.2391126,0.7729216,static,-40.48784,-26.59307,-2.917457,-4.42874
05/15/2023 14:22:55.361073,1296,True,True,True,True,Eyes,1.197865,-0.3378272,-3.30341,-0.606747,-0.3560101,0.7107143,0,0,0,0,0,0,0,1.066396,1.113434,3.177983,1.19827,-0.3372532,-3.30559,0.1116373,-0.3181865,0.04585,0.940315,13.83497,322.7188,0.8960047,0.3400903,-0.0953782,-0.9355428,0,0,0,0.6133279,-0.6365713,-2.614009,-0.0476701,-0.07358766,0.9499183,0.7933103,0.01518394,0.6086282,-0.1572698,0.9708698,0.1807707,-0.5881539,-0.2391261,0.772589,static,-40.48786,-26.60715,-2.872885,-4.429705
05/15/2023 14:22:55.381038,1297,True,True,True,True,Eyes,1.197538,-0.3378915,-3.303548,-0.6067087,-0.3561905,0.7106566,0,0,0,0,0,0,0,1.06811,1.112825,3.177588,1.198236,-0.337329,-3.305562,0.1115472,-0.3184079,0.04595124,0.9402458,13.82906,322.6934,0.9073109,0.3400142,-0.09541031,-0.9355671,0,0,0,0.6133279,-0.6365713,-2.614009,-0.04727304,-0.07361418,0.9498717,0.7930097,0.0153759,0.6090149,-0.157446,0.9708914,0.1805011,-0.5885119,-0.239026,0.7723472,static,-40.48837,-26.62064,-2.849135,-4.431512
05/15/2023 14:22:55.390681,1298,True,True,True,True,Eyes,1.197199,-0.3379562,-3.303703,-0.6065608,-0.3562948,0.7107307,0,0,0,0,0,0,0,1.069287,1.112191,3.177499,1.198184,-0.3372625,-3.30567,0.1114665,-0.3185374,0.0460584,0.9402063,13.82432,322.6793,0.9202999,0.3399363,-0.09544097,-0.9355923,0,0,0,0.6133279,-0.6365713,-2.614009,-0.04696304,-0.07373641,0.9499447,0.7928251,0.01559632,0.6092497,-0.1576213,0.9709077,0.1802603,-0.5887138,-0.2389456,0.7722183,static,-40.47853,-26.62496,-2.830264,-4.438501
05/15/2023 14:22:55.410865,1299,True,True,True,True,Eyes,1.196867,-0.3380147,-3.303854,-0.6064016,-0.3564065,0.7108105,0,0,0,0,0,0,0,1.069957,1.11219,3.177286,1.198215,-0.3373317,-3.305664,0.1114566,-0.318586,0.04629875,0.9401793,13.83216,322.6762,0.9465877,0.3398562,-0.09547029,-0.9356184,0,0,0,0.6133279,-0.6365713,-2.614009,-0.04697308,-0.073514,0.9499542,0.7927188,0.01604123,0.6093764,-0.1580753,0.9708676,0.1800781,-0.5887352,-0.2390786,0.7721608,static,-40.46792,-26.62958,-2.830841,-4.425123
05/15/2023 14:22:55.420951,1300,True,True,True,True,Eyes,1.19651,-0.3380709,-3.304032,-0.6062039,-0.3564692,0.7109477,0,0,0,0,0,0,0,1.069163,1.11263,3.17738,1.198044,-0.3372386,-3.305716,0.1115273,-0.318398,0.04653811,0.9402227,13.84855,322.7018,0.9732702,0.3397744,-0.09549825,-0.9356452,0,0,0,0.6133279,-0.6365713,-2.614009,-0.04724044,-0.07332666,0.9499173,0.7929138,0.01649221,0.6091107,-0.1585325,0.9707917,0.1800857,-0.5883495,-0.2393563,0.7723687,static,-40.45324,-26.62919,-2.847037,-4.414062
05/15/2023 14:22:55.440895,1301,True,True,True,True,Eyes,1.196163,-0.3381246,-3.304205,-0.6059987,-0.3565373,0.7110884,0,0,0,0,0,0,0,1.068615,1.111903,3.177812,1.198048,-0.337223,-3.30571,0.1114145,-0.3182761,0.04673134,0.9402677,13.84321,322.7201,1.000785,0.3396902,-0.09552487,-0.9356731,0,0,0,0.6133279,-0.6365713,-2.614009,-0.04757255,-0.07340661,0.9498973,0.793033,0.01695879,0.6089426,-0.1588011,0.9708059,0.179772,-0.5881164,-0.2392658,0.7725743,static,-40.43806,-26.62903,-2.867079,-4.418947
05/15/2023 14:22:55.460975,1302,True,True,True,True,Eyes,1.195793,-0.3381799,-3.304403,-0.605643,-0.3566357,0.711342,0,0,0,0,0,0,0,1.067941,1.112089,3.17802,1.197935,-0.3372114,-3.305797,0.1114343,-0.3181087,0.04696594,0.9403103,13.85386,322.7434,1.028563,0.3396041,-0.09555021,-0.9357017,0,0,0,0.6133279,-0.6365713,-2.614009,-0.04783165,-0.07321872,0.949896,0.7932022,0.01742865,0.608709,-0.1592216,0.9707532,0.1796852,-0.5877745,-0.2394463,0.7727786,static,-40.41137,-26.62718,-2.882673,-4.407687
05/15/2023 14:22:55.480959,1303,True,True,True,True,Eyes,1.195436,-0.3382275,-3.304598,-0.6052856,-0.3567502,0.7115888,0,0,0,0,0,0,0,1.067131,1.112714,3.178066,1.197948,-0.3372881,-3.305777,0.111507,-0.3179479,0.04719359,0.9403447,13.87003,322.7654,1.053485,0.3395155,-0.0955744,-0.9357315,0,0,0,0.6133279,-0.6365713,-2.614009,-0.04822737,-0.07285476,0.9498739,0.7933638,0.01784967,0.6084859,-0.1596633,0.9706779,0.1796998,-0.5874364,-0.2397202,0.7729507,static,-40.38487,-26.62659,-2.906548,-4.385964
05/15/2023 14:22:55.496355,1304,True,True,True,True,Eyes,1.195072,-0.3382742,-3.304798,-0.6049141,-0.3568458,0.7118568,0,0,0,0,0,0,0,1.066036,1.114032,3.178035,1.197868,-0.3371333,-3.305883,0.1117136,-0.3177491,0.04732251,0.9403809,13.89717,322.7899,1.06299,0.339425,-0.09559735,-0.935762,0,0,0,0.6133279,-0.6365713,-2.614009,-0.0484927,-0.0725386,0.9499606,0.7935922,0.01800858,0.6081835,-0.1599962,0.9705613,0.1800333,-0.5870372,-0.24018,0.7731112,static,-40.35686,-26.62409,-2.922245,-4.366608
05/15/2023 14:22:55.520914,1305,True,True,True,True,Eyes,1.194717,-0.338319,-3.304994,-0.604547,-0.3569411,0.7121208,0,0,0,0,0,0,0,1.065454,1.114261,3.178091,1.197837,-0.3371617,-3.305834,0.1117375,-0.317618,0.04754868,0.9404109,13.90797,322.8087,1.089151,0.3393326,-0.09561913,-0.9357933,0,0,0,0.6133279,-0.6365713,-2.614009,-0.04882342,-0.07232161,0.9498969,0.7937158,0.01845089,0.6080088,-0.1604103,0.9705077,0.1799538,-0.5867569,-0.240363,0.773267,static,-40.32922,-26.62171,-2.942336,-4.353887
05/15/2023 14:22:55.530733,1306,True,True,True,True,Eyes,1.194337,-0.3383663,-3.305213,-0.6040479,-0.3570725,0.7124783,0,0,0,0,0,0,0,1.065194,1.114108,3.178274,1.197699,-0.337155,-3.305925,0.1117101,-0.3175131,0.0477486,0.9404394,13.9122,322.8243,1.113945,0.3392387,-0.09563982,-0.9358252,0,0,0,0.6133279,-0.6365713,-2.614009,-0.04893428,-0.07224083,0.949881,0.793811,0.0188705,0.6078717,-0.1607482,0.9704818,0.1797915,-0.5865356,-0.2404348,0.7734126,static,-40.29169,-26.61864,-2.949055,-4.349116
05/15/2023 14:22:55.540713,1307,True,True,True,True,Eyes,1.193969,-0.338404,-3.305429,-0.6035705,-0.3571989,0.7128195,0,0,0,0,0,0,0,1.065748,1.114165,3.178014,1.197648,-0.3372369,-3.305883,0.1117084,-0.317535,0.04800683,0.9404191,13.92155,322.8247,1.142325,0.3391427,-0.09565957,-0.935858,0,0,0,0.6133279,-0.6365713,-2.614009,-0.0489569,-0.07199781,0.9498106,0.7937338,0.01935041,0.6079574,-0.1612358,0.9704331,0.1796178,-0.5865064,-0.2405932,0.7733856,static,-40.25582,-26.61577,-2.950634,-4.33486
05/15/2023 14:22:55.560932,1308,True,True,True,True,Eyes,1.193601,-0.3384424,-3.305646,-0.603076,-0.3573172,0.7131787,0,0,0,0,0,0,0,1.06633,1.113866,3.178056,1.19757,-0.3370448,-3.306058,0.1116909,-0.3175819,0.04806589,0.9404024,13.92187,322.8197,1.148829,0.339045,-0.09567819,-0.9358914,0,0,0,0.6133279,-0.6365713,-2.614009,-0.048722,-0.07215522,0.9499508,0.7936629,0.01946055,0.6080465,-0.1613446,0.9704296,0.1795391,-0.5865725,-0.2405985,0.7733338,static,-40.21843,-26.61181,-2.936069,-4.343664
05/15/2023 14:22:55.570744,1309,True,True,True,True,Eyes,1.193243,-0.3384774,-3.305857,-0.6026156,-0.357427,0.7135128,0,0,0,0,0,0,0,1.067693,1.113297,3.17771,1.197512,-0.3370939,-3.30599,0.1116112,-0.3177634,0.04812337,0.9403476,13.91548,322.7986,1.155465,0.3389459,-0.09569581,-0.9359255,0,0,0,0.6133279,-0.6365713,-2.614009,-0.04839396,-0.07223192,0.9498607,0.7934211,0.01957346,0.6083582,-0.1614373,0.9704542,0.179323,-0.5868738,-0.2404904,0.7731388,static,-40.18362,-26.60811,-2.916611,-4.348674
05/15/2023 14:22:55.590668,1310,True,True,True,True,Eyes,1.192879,-0.3385125,-3.306076,-0.6020552,-0.3575809,0.7139086,0,0,0,0,0,0,0,1.069371,1.11285,3.17733,1.197388,-0.3370523,-3.306066,0.1115629,-0.317985,0.04811535,0.9402788,13.91018,322.7715,1.153049,0.3388458,-0.09571244,-0.93596,0,0,0,0.6133279,-0.6365713,-2.614009,-0.04782003,-0.072372,0.9498715,0.7931409,0.01953301,0.6087248,-0.1614344,0.9704773,0.1792006,-0.5872533,-0.2404004,0.7728785,static,-40.14169,-26.60527,-2.882047,-4.357026
05/15/2023 14:22:55.610847,1311,True,True,True,True,Eyes,1.192524,-0.3385432,-3.306287,-0.6015288,-0.3577246,0.7142802,0,0,0,0,0,0,0,1.071321,1.112813,3.176642,1.197352,-0.3370788,-3.306034,0.1115685,-0.318253,0.04816931,0.9401847,13.91311,322.7389,1.154779,0.3387447,-0.09572817,-0.935995,0,0,0,0.6133279,-0.6365713,-2.614009,-0.04729804,-0.07231194,0.9498483,0.7927895,0.01956206,0.6091816,-0.1615901,0.9704643,0.17913,-0.5876848,-0.2404501,0.772535,static,-40.1023,-26.60254,-2.85071,-4.353529
05/15/2023 14:22:55.620812,1312,True,True,True,True,Eyes,1.192179,-0.3385768,-3.306488,-0.6011134,-0.3578322,0.7145759,0,0,0,0,0,0,0,1.072468,1.112491,3.176352,1.197219,-0.337009,-3.306075,0.1115414,-0.3184153,0.04809374,0.9401368,13.90755,322.7182,1.144969,0.3386427,-0.09574297,-0.9360304,0,0,0,0.6133279,-0.6365713,-2.614009,-0.04683071,-0.07249656,0.949827,0.7925974,0.01939637,0.6094368,-0.1614624,0.970491,0.1791009,-0.587979,-0.240356,0.7723404,static,-40.07112,-26.59995,-2.822652,-4.364699
05/15/2023 14:22:55.641127,1313,True,True,True,True,Eyes,1.191844,-0.3386098,-3.306681,-0.6007093,-0.3579496,0.7148569,0,0,0,0,0,0,0,1.072801,1.112631,3.176061,1.197178,-0.3371198,-3.305953,0.1115532,-0.318469,0.04809488,0.9401172,13.90895,322.7114,1.143843,0.3385405,-0.09575704,-0.9360659,0,0,0,0.6133279,-0.6365713,-2.614009,-0.04676268,-0.07239603,0.9496895,0.7925287,0.01937718,0.6095267,-0.1614821,0.9704856,0.1791127,-0.5880661,-0.2403796,0.7722667,static,-40.04104,-26.59845,-2.818965,-4.359298
05/15/2023 14:22:55.660695,1314,True,True,True,True,Eyes,1.191512,-0.3386441,-3.306872,-0.6003086,-0.358077,0.7151297,0,0,0,0,0,0,0,1.073429,1.11326,3.17561,1.19709,-0.3371301,-3.305967,0.1116465,-0.3184895,0.04837755,0.9400846,13.92962,322.7116,1.171362,0.3384384,-0.09577046,-0.9361015,0,0,0,0.6133279,-0.6365713,-2.614009,-0.04671425,-0.07203285,0.9496722,0.7924482,0.01984152,0.6096165,-0.1620745,0.9703894,0.1790988,-0.5880117,-0.2407298,0.772199,static,-40.01145,-26.59787,-2.816102,-4.337593
05/15/2023 14:22:55.680482,1315,True,True,True,True,Eyes,1.191189,-0.3386764,-3.30706,-0.5999124,-0.3582203,0.7153903,0,0,0,0,0,0,0,1.073639,1.113569,3.175361,1.197037,-0.3371887,-3.305913,0.1116844,-0.3184697,0.04860699,0.940075,13.94222,322.7165,1.195675,0.3383364,-0.0957833,-0.936137,0,0,0,0.6133279,-0.6365713,-2.614009,-0.0468075,-0.07176493,0.9495976,0.7924289,0.02025221,0.6096281,-0.1625246,0.9703279,0.1790238,-0.5879135,-0.2409432,0.7722073,static,-39.98254,-26.59869,-2.821936,-4.321858
05/15/2023 14:22:55.690696,1316,True,True,True,True,Eyes,1.19087,-0.3387127,-3.307249,-0.5995522,-0.3583652,0.7156198,0,0,0,0,0,0,0,1.073187,1.11531,3.17496,1.196938,-0.337169,-3.306006,0.1119402,-0.3183658,0.04872162,0.9400739,13.97431,322.7287,1.200316,0.3382348,-0.09579559,-0.9361724,0,0,0,0.6133279,-0.6365713,-2.614009,-0.04685968,-0.07124621,0.9496473,0.7925389,0.02032797,0.6094825,-0.1628797,0.9701911,0.1794416,-0.5876669,-0.2414868,0.7722252,static,-39.95655,-26.60061,-2.824929,-4.290513
05/15/2023 14:22:55.710855,1317,True,True,True,True,Eyes,1.19056,-0.338745,-3.307427,-0.5991995,-0.3585401,0.7158275,0,0,0,0,0,0,0,1.074602,1.116106,3.174241,1.196919,-0.337294,-3.306037,0.1120482,-0.3185365,0.04886153,0.9399959,13.99151,322.7084,1.209173,0.3381336,-0.09580749,-0.9362078,0,0,0,0.6133279,-0.6365713,-2.614009,-0.04650837,-0.07083318,0.9496672,0.7922941,0.0204764,0.6097957,-0.1632421,0.9701155,0.1795213,-0.5878963,-0.241778,0.7719594,static,-39.93177,-26.60514,-2.803725,-4.265643
05/15/2023 14:22:55.730803,1318,True,True,True,True,Eyes,1.190251,-0.338776,-3.307607,-0.5988471,-0.3586977,0.7160434,0,0,0,0,0,0,0,1.075668,1.118421,3.172958,1.196842,-0.3372196,-3.30597,0.1124088,-0.3186105,0.04925244,0.9399073,14.0455,322.7011,1.237801,0.3380332,-0.09581892,-0.9362429,0,0,0,0.6133279,-0.6365713,-2.614009,-0.04639128,-0.07001297,0.9496613,0.792123,0.02095619,0.6100016,-0.1642147,0.9698769,0.179923,-0.5878559,-0.2426924,0.7717031,static,-39.90668,-26.60831,-2.796695,-4.216455
05/15/2023 14:22:55.740893,1319,True,True,True,True,Eyes,1.189949,-0.3387978,-3.307784,-0.5985245,-0.3588497,0.7162369,0,0,0,0,0,0,0,1.077995,1.118376,3.172075,1.196858,-0.3372036,-3.305861,0.1124194,-0.3188805,0.04960937,0.9397959,14.06021,322.672,1.272884,0.3379334,-0.09582991,-0.9362778,0,0,0,0.6133279,-0.6365713,-2.614009,-0.04604793,-0.06977805,0.9496308,0.7917084,0.02154869,0.6105191,-0.164942,0.9698016,0.1796636,-0.5882109,-0.2429414,0.7713543,static,-39.88387,-26.61183,-2.776118,-4.202492
05/15/2023 14:22:55.764037,1320,True,True,True,True,Eyes,1.189638,-0.338821,-3.307961,-0.5981948,-0.3589685,0.7164528,0,0,0,0,0,0,0,1.078977,1.118879,3.171616,1.196747,-0.3370122,-3.305971,0.1125323,-0.3190627,0.04933165,0.9397351,14.06254,322.6451,1.235023,0.3378344,-0.09584024,-0.9363125,0,0,0,0.6133279,-0.6365713,-2.614009,-0.04542705,-0.0699579,0.9497197,0.7915307,0.02090763,0.6107716,-0.1645271,0.9698057,0.1800213,-0.588566,-0.2429809,0.7710709,static,-39.85984,-26.61251,-2.738488,-4.212892
05/15/2023 14:22:55.770983,1321,True,True,True,True,Eyes,1.189336,-0.3388465,-3.308128,-0.597871,-0.3590891,0.7166625,0,0,0,0,0,0,0,1.077425,1.119692,3.171607,1.19666,-0.3370765,-3.305757,0.1126475,-0.3189422,0.04890599,0.9397845,14.05924,322.654,1.185292,0.3377359,-0.09585002,-0.9363471,0,0,0,0.6133279,-0.6365713,-2.614009,-0.04556668,-0.07004143,0.9494767,0.7917682,0.02006613,0.6104922,-0.1637782,0.9698375,0.1805323,-0.5884556,-0.242925,0.7711729,static,-39.83633,-26.6135,-2.747594,-4.21898
05/15/2023 14:22:55.790960,1322,True,True,True,True,Eyes,1.189073,-0.3388751,-3.30827,-0.5976781,-0.3591014,0.7168174,0,0,0,0,0,0,0,1.076874,1.120335,3.171482,1.196569,-0.3371576,-3.3057,0.1127303,-0.318852,0.04893842,0.9398034,14.06939,322.6649,1.187134,0.3376381,-0.09585939,-0.9363813,0,0,0,0.6133279,-0.6365713,-2.614009,-0.04569918,-0.06981681,0.9493639,0.7918769,0.02009642,0.6103501,-0.1638736,0.9697939,0.1806804,-0.5882827,-0.2430968,0.7712505,static,-39.82114,-26.60933,-2.755899,-4.205996
05/15/2023 14:22:55.810698,1323,True,True,True,True,Eyes,1.188818,-0.338905,-3.308408,-0.5974748,-0.3591493,0.7169629,0,0,0,0,0,0,0,1.077217,1.121427,3.171068,1.19661,-0.3372779,-3.305758,0.1128732,-0.3188717,0.04908594,0.9397718,14.09051,322.6631,1.197796,0.3375422,-0.09586851,-0.936415,0,0,0,0.6133279,-0.6365713,-2.614009,-0.04567155,-0.06932487,0.9494306,0.7918227,0.02027502,0.6104144,-0.1642433,0.9697004,0.1808459,-0.5882524,-0.2434544,0.7711609,static,-39.80584,-26.60773,-2.754042,-4.176172
05/15/2023 14:22:55.830571,1324,True,True,True,True,Eyes,1.188565,-0.338938,-3.308549,-0.597016,-0.3591959,0.7173216,0,0,0,0,0,0,0,1.075898,1.124958,3.170328,1.196563,-0.3373409,-3.305829,0.1133786,-0.3186745,0.04911377,0.9397765,14.1466,322.6838,1.184804,0.3374482,-0.09587742,-0.9364479,0,0,0,0.6133279,-0.6365713,-2.614009,-0.045881,-0.06833698,0.9494951,0.7920688,0.02005021,0.6101024,-0.1645737,0.9694663,0.1817985,-0.5878286,-0.2444037,0.7711838,static,-39.7701,-26.59923,-2.766465,-4.116589
05/15/2023 14:22:55.840956,1325,True,True,True,True,Eyes,1.188317,-0.3389701,-3.308686,-0.5965479,-0.3592739,0.7176719,0,0,0,0,0,0,0,1.073902,1.128266,3.169838,1.196595,-0.3374432,-3.305816,0.1138399,-0.3183765,0.04922708,0.9398157,14.2009,322.7184,1.184536,0.337356,-0.09588626,-0.9364803,0,0,0,0.6133279,-0.6365713,-2.614009,-0.0464395,-0.06733064,0.949518,0.7924261,0.02004084,0.6096386,-0.1650167,0.9692343,0.1826316,-0.5872226,-0.2453226,0.7713537,static,-39.73426,-26.59302,-2.80002,-4.056074
05/15/2023 14:22:55.861067,1326,True,True,True,True,Eyes,1.188082,-0.339001,-3.308815,-0.5958909,-0.3593525,0.7181781,0,0,0,0,0,0,0,1.071954,1.131182,3.169465,1.196476,-0.3374475,-3.305865,0.1142576,-0.3180541,0.0493762,0.9398664,14.25172,322.7568,1.1903,0.3372655,-0.09589498,-0.9365119,0,0,0,0.6133279,-0.6365713,-2.614009,-0.04690963,-0.06648539,0.9495156,0.7928072,0.02013385,0.6091399,-0.1654943,0.9690143,0.1833652,-0.5865735,-0.2461824,0.7715735,static,-39.68337,-26.58186,-2.828326,-4.005332
05/15/2023 14:22:55.870731,1327,True,True,True,True,Eyes,1.187855,-0.3390304,-3.308943,-0.5952513,-0.3594462,0.7186615,0,0,0,0,0,0,0,1.071858,1.132619,3.168998,1.196469,-0.337454,-3.305879,0.1144656,-0.3179865,0.04963366,0.9398503,14.28391,322.7667,1.212086,0.337177,-0.09590359,-0.9365429,0,0,0,0.6133279,-0.6365713,-2.614009,-0.04706502,-0.0659252,0.9495512,0.7928421,0.02049936,0.6090821,-0.1660935,0.9688683,0.1835955,-0.5863568,-0.2467268,0.7715644,static,-39.6342,-26.57241,-2.837574,-3.971544
05/15/2023 14:22:55.890711,1328,True,True,True,True,Eyes,1.187644,-0.3390603,-3.30906,-0.5945631,-0.3595044,0.7192018,0,0,0,0,0,0,0,1.071693,1.134069,3.168603,1.196422,-0.3374418,-3.305963,0.1146785,-0.3179252,0.0497671,0.9398381,14.31205,322.7742,1.219827,0.3370905,-0.09591204,-0.9365732,0,0,0,0.6133279,-0.6365713,-2.614009,-0.04709426,-0.06545557,0.9496183,0.7928936,0.02062767,0.6090109,-0.1664644,0.9687442,0.1839139,-0.5861821,-0.2472028,0.7715448,static,-39.58049,-26.5589,-2.839133,-3.943063
05/15/2023 14:22:55.910602,1329,True,True,True,True,Eyes,1.187438,-0.3390861,-3.309175,-0.5938928,-0.3595731,0.7197211,0,0,0,0,0,0,0,1.071486,1.135231,3.168258,1.196454,-0.3374879,-3.305948,0.1148396,-0.3178534,0.04999712,0.9398305,14.33809,322.7847,1.240413,0.3370063,-0.09592038,-0.9366027,0,0,0,0.6133279,-0.6365713,-2.614009,-0.04730761,-0.06495851,0.949636,0.7929391,0.02097331,0.6089399,-0.1669819,0.9686243,0.1840761,-0.5859732,-0.2476431,0.7715622,static,-39.52845,-26.54674,-2.851922,-3.913141
05/15/2023 14:22:55.920945,1330,True,True,True,True,Eyes,1.187265,-0.3391102,-3.309261,-0.5933011,-0.3595512,0.72022,0,0,0,0,0,0,0,1.071666,1.135737,3.16806,1.196387,-0.3374066,-3.306023,0.1149225,-0.3178061,0.0502752,0.9398215,14.35734,322.7933,1.268915,0.3369242,-0.0959285,-0.9366314,0,0,0,0.6133279,-0.6365713,-2.614009,-0.04737204,-0.06469072,0.9496902,0.7929433,0.0214533,0.6089176,-0.1675456,0.9685305,0.1840577,-0.5858066,-0.2479688,0.7715842,static,-39.48093,-26.52948,-2.855637,-3.896838
05/15/2023 14:22:55.940782,1331,True,True,True,True,Eyes,1.187097,-0.3391301,-3.309346,-0.5927273,-0.3595247,0.7207055,0,0,0,0,0,0,0,1.071597,1.135521,3.168076,1.196359,-0.3374181,-3.30595,0.1148891,-0.3177741,0.0503873,0.9398305,14.35778,322.799,1.283127,0.3368453,-0.09593643,-0.936659,0,0,0,0.6133279,-0.6365713,-2.614009,-0.04749888,-0.06467798,0.9496105,0.7929616,0.02169351,0.6088854,-0.1677285,0.9685232,0.183929,-0.5857295,-0.247976,0.7716404,static,-39.43478,-26.51236,-2.86351,-3.896398
05/15/2023 14:22:55.961100,1332,True,True,True,True,Eyes,1.186925,-0.3391519,-3.309436,-0.5920699,-0.3594595,0.7212781,0,0,0,0,0,0,0,1.071229,1.134821,3.168519,1.196314,-0.337333,-3.30604,0.114791,-0.3176917,0.05045309,0.9398667,14.34935,322.8107,1.295417,0.3367693,-0.09594405,-0.9366856,0,0,0,0.6133279,-0.6365713,-2.614009,-0.04761344,-0.06487894,0.9496558,0.793053,0.02190207,0.6087588,-0.1677746,0.968555,0.1837195,-0.5855925,-0.2478336,0.7717901,static,-39.38128,-26.49005,-2.870268,-3.908282
05/15/2023 14:22:55.970863,1333,True,True,True,True,Eyes,1.186758,-0.3391666,-3.309524,-0.5914485,-0.3593779,0.7218283,0,0,0,0,0,0,0,1.071668,1.134868,3.168303,1.196296,-0.3374012,-3.30599,0.1147915,-0.3177298,0.05057834,0.9398473,14.35407,322.8076,1.30872,0.3366957,-0.09595146,-0.9367113,0,0,0,0.6133279,-0.6365713,-2.614009,-0.04759124,-0.06473626,0.9495986,0.7929793,0.02212651,0.6088467,-0.1680171,0.9685295,0.1836324,-0.5856228,-0.2479133,0.7717415,static,-39.33036,-26.46741,-2.869105,-3.899948
05/15/2023 14:22:55.990641,1334,True,True,True,True,Eyes,1.186589,-0.339188,-3.309615,-0.5907241,-0.359274,0.7224731,0,0,0,0,0,0,0,1.071389,1.133818,3.168813,1.196239,-0.3372558,-3.306064,0.1146586,-0.3177561,0.05020465,0.9398745,14.32578,322.8008,1.271806,0.3366244,-0.09595847,-0.9367362,0,0,0,0.6133279,-0.6365713,-2.614009,-0.04736525,-0.06537342,0.9496304,0.7930211,0.0215052,0.6088145,-0.1672391,0.9686658,0.1836237,-0.5857888,-0.2474351,0.771769,static,-39.27086,-26.4404,-2.855407,-3.938081
05/15/2023 14:22:56.010761,1335,True,True,True,True,Eyes,1.186425,-0.3392052,-3.309706,-0.5900371,-0.3591632,0.7230892,0,0,0,0,0,0,0,1.071524,1.134268,3.168586,1.196256,-0.3374387,-3.30602,0.1146988,-0.3177468,0.05036331,0.9398642,14.33602,322.8035,1.28806,0.3365553,-0.0959653,-0.9367603,0,0,0,0.6133279,-0.6365713,-2.614009,-0.04746029,-0.06501812,0.9495709,0.7930009,0.02177901,0.6088309,-0.1675597,0.9686155,0.1835969,-0.5857245,-0.2476081,0.7717624,static,-39.21427,-26.4139,-2.861306,-3.916988
05/15/2023 14:22:56.020927,1336,True,True,True,True,Eyes,1.186267,-0.3392168,-3.309789,-0.5894255,-0.3590072,0.7236653,0,0,0,0,0,0,0,1.072938,1.132809,3.168703,1.196203,-0.3373523,-3.306119,0.1145,-0.3179014,0.0505037,0.9398287,14.31964,322.7877,1.30874,0.3364881,-0.09597185,-0.9367838,0,0,0,0.6133279,-0.6365713,-2.614009,-0.04713982,-0.0653493,0.9496309,0.7927762,0.02213022,0.6091111,-0.167729,0.9686782,0.1831104,-0.5859804,-0.2473311,0.7716569,static,-39.16282,-26.38581,-2.841839,-3.93663
05/15/2023 14:22:56.040948,1337,True,True,True,True,Eyes,1.186111,-0.3392259,-3.309868,-0.5888437,-0.3588387,0.7242222,0,0,0,0,0,0,0,1.072519,1.133462,3.168499,1.196181,-0.3372477,-3.30603,0.1146155,-0.3178875,0.05032768,0.9398288,14.32578,322.7863,1.285051,0.3364229,-0.095978,-0.9368066,0,0,0,0.6133279,-0.6365713,-2.614009,-0.04712772,-0.06538863,0.9495829,0.7928293,0.02172912,0.6090562,-0.1674684,0.9686608,0.1834408,-0.5859828,-0.2474349,0.7716217,static,-39.11354,-26.35756,-2.841254,-3.93919
05/15/2023 14:22:56.060843,1338,True,True,True,True,Eyes,1.185956,-0.3392401,-3.309943,-0.5882229,-0.358657,0.7248166,0,0,0,0,0,0,0,1.072614,1.131882,3.168941,1.196072,-0.3371986,-3.305988,0.1143929,-0.3179111,0.05022205,0.9398535,14.29754,322.7839,1.281344,0.3363595,-0.09598374,-0.9368287,0,0,0,0.6133279,-0.6365713,-2.614009,-0.04703552,-0.06593348,0.9494679,0.7928205,0.0216692,0.6090699,-0.1671363,0.968784,0.1830928,-0.5860897,-0.2469574,0.7716935,static,-39.06096,-26.32734,-2.836047,-3.972389
05/15/2023 14:22:56.070795,1339,True,True,True,True,Eyes,1.185808,-0.339256,-3.310015,-0.5876267,-0.3585034,0.725376,0,0,0,0,0,0,0,1.072796,1.130145,3.16943,1.196056,-0.3373425,-3.305913,0.1141175,-0.317941,0.0501997,0.939878,14.2666,322.7821,1.288783,0.336298,-0.09598924,-0.9368503,0,0,0,0.6133279,-0.6365713,-2.614009,-0.04705748,-0.06631716,0.9493303,0.792787,0.02179795,0.6091087,-0.1669284,0.9689144,0.1825919,-0.5861941,-0.2464341,0.7717814,static,-39.01092,-26.30002,-2.83778,-3.996007
05/15/2023 14:22:56.090650,1340,True,True,True,True,Eyes,1.185666,-0.3392737,-3.310081,-0.5870087,-0.3583747,0.7259397,0,0,0,0,0,0,0,1.073088,1.132197,3.168597,1.196053,-0.3374021,-3.305906,0.1144174,-0.317991,0.0501924,0.939825,14.29924,322.7734,1.275886,0.3362382,-0.0959946,-0.9368712,0,0,0,0.6133279,-0.6365713,-2.614009,-0.04689446,-0.06573233,0.9493537,0.7927249,0.02157672,0.6091974,-0.1671115,0.9687787,0.1831432,-0.5862259,-0.2469862,0.7715808,static,-38.95966,-26.27417,-2.827895,-3.960783
05/15/2023 14:22:56.111008,1341,True,True,True,True,Eyes,1.185527,-0.3392919,-3.310142,-0.586405,-0.3582749,0.7264766,0,0,0,0,0,0,0,1.072691,1.135103,3.16759,1.196082,-0.3374717,-3.305791,0.1148409,-0.3179565,0.05018883,0.9397854,14.34543,322.7743,1.260053,0.3361802,-0.09599987,-0.9368916,0,0,0,0.6133279,-0.6365713,-2.614009,-0.04696432,-0.0649289,0.9493175,0.7927694,0.02130464,0.6091492,-0.1673622,0.9685853,0.1839358,-0.5860943,-0.2477673,0.7714305,static,-38.91014,-26.25104,-2.832209,-3.912672
05/15/2023 14:22:56.130708,1342,True,True,True,True,Eyes,1.185367,-0.3393137,-3.310223,-0.5857977,-0.3581916,0.7270075,0,0,0,0,0,0,0,1.071804,1.137547,3.16695,1.196033,-0.3375048,-3.305744,0.1151972,-0.3178444,0.0501425,0.9397821,14.38259,322.7847,1.243216,0.336124,-0.0960051,-0.9369112,0,0,0,0.6133279,-0.6365713,-2.614009,-0.04708496,-0.06431067,0.9492785,0.7929214,0.02101652,0.6089614,-0.1674756,0.9684307,0.1846454,-0.5858563,-0.2483955,0.7714092,static,-38.86068,-26.22915,-2.839588,-3.875689
05/15/2023 14:22:56.141168,1343,True,True,True,True,Eyes,1.185211,-0.3393296,-3.310302,-0.5852062,-0.358142,0.7275082,0,0,0,0,0,0,0,1.07083,1.140988,3.165985,1.196076,-0.3375998,-3.305665,0.1156909,-0.3177219,0.05016078,0.9397619,14.43716,322.7961,1.228538,0.3360687,-0.09601036,-0.9369305,0,0,0,0.6133279,-0.6365713,-2.614009,-0.04730961,-0.06333244,0.949272,0.7930734,0.02076334,0.6087721,-0.1677934,0.968199,0.1855694,-0.5855596,-0.2493181,0.7713369,static,-38.81313,-26.21037,-2.853133,-3.816937
05/15/2023 14:22:56.161114,1344,True,True,True,True,Eyes,1.185064,-0.3393472,-3.310374,-0.584672,-0.3580765,0.7279697,0,0,0,0,0,0,0,1.070248,1.143902,3.165148,1.196042,-0.3374792,-3.305707,0.1161389,-0.3176503,0.05011467,0.9397333,14.48444,322.8007,1.207631,0.3360142,-0.09601548,-0.9369496,0,0,0,0.6133279,-0.6365713,-2.614009,-0.04729241,-0.06268051,0.9493642,0.7931736,0.0204057,0.6086537,-0.167972,0.9680006,0.1864413,-0.5853726,-0.2501171,0.7712201,static,-38.76984,-26.19183,-2.851822,-3.777395
05/15/2023 14:22:56.170692,1345,True,True,True,True,Eyes,1.184922,-0.3393629,-3.31044,-0.5841528,-0.3580197,0.7284143,0,0,0,0,0,0,0,1.069322,1.145392,3.164842,1.196091,-0.3375522,-3.305605,0.1163475,-0.3175525,0.05003767,0.9397446,14.50432,322.8102,1.192744,0.3359608,-0.09602054,-0.9369681,0,0,0,0.6133279,-0.6365713,-2.614009,-0.04751772,-0.06230269,0.9493103,0.7933133,0.02015239,0.60848,-0.1679381,0.967919,0.1868946,-0.5851931,-0.250453,0.7712473,static,-38.72792,-26.17438,-2.865548,-3.754905
05/15/2023 14:22:56.190516,1346,True,True,True,True,Eyes,1.184781,-0.3393784,-3.310501,-0.5836178,-0.35793,0.7288871,0,0,0,0,0,0,0,1.068407,1.146198,3.164781,1.196054,-0.337524,-3.305546,0.1164692,-0.3174461,0.04993853,0.9397708,14.51387,322.8211,1.17881,0.3359086,-0.0960255,-0.9369864,0,0,0,0.6133279,-0.6365713,-2.614009,-0.0476788,-0.06219919,0.9492524,0.7934683,0.01991613,0.6082857,-0.1678069,0.9678822,0.1872032,-0.5850204,-0.2506143,0.7713258,static,-38.68415,-26.15398,-2.875421,-3.748912
05/15/2023 14:22:56.210534,1347,True,True,True,True,Eyes,1.184645,-0.3393936,-3.31056,-0.5830975,-0.357848,0.7293437,0,0,0,0,0,0,0,1.067395,1.146232,3.164973,1.196055,-0.3375505,-3.305412,0.1164696,-0.3173437,0.04979395,0.939813,14.50846,322.832,1.164342,0.3358575,-0.09603035,-0.9370042,0,0,0,0.6133279,-0.6365713,-2.614009,-0.04791743,-0.06229892,0.9491284,0.793627,0.01967221,0.6080865,-0.1675158,0.9679108,0.1873157,-0.5848885,-0.2505229,0.7714556,static,-38.64172,-26.13459,-2.890164,-3.755396
05/15/2023 14:22:56.220815,1348,True,True,True,True,Eyes,1.184496,-0.3394128,-3.310629,-0.5824867,-0.3577687,0.7298703,0,0,0,0,0,0,0,1.06609,1.147181,3.16507,1.196055,-0.3375634,-3.305411,0.1166031,-0.3172042,0.04958608,0.9398544,14.51525,322.8455,1.138402,0.3358076,-0.09603513,-0.9370216,0,0,0,0.6133279,-0.6365713,-2.614009,-0.04810128,-0.06219412,0.9491219,0.7938454,0.01923341,0.6078154,-0.1671814,0.9678899,0.187722,-0.5846878,-0.2506377,0.7715704,static,-38.59228,-26.11323,-2.901255,-3.749122
05/15/2023 14:22:56.240867,1349,True,True,True,True,Eyes,1.184351,-0.3394329,-3.310695,-0.5818901,-0.3577024,0.7303786,0,0,0,0,0,0,0,1.065189,1.148034,3.164963,1.19605,-0.3376769,-3.305304,0.1167101,-0.3170759,0.04962794,0.9398823,14.52836,322.8611,1.141044,0.3357583,-0.09603993,-0.9370388,0,0,0,0.6133279,-0.6365713,-2.614009,-0.04840377,-0.06188416,0.9490097,0.7939999,0.01927689,0.6076122,-0.1673007,0.9678316,0.1879159,-0.5844439,-0.2508592,0.7716833,static,-38.54421,-26.09327,-2.919813,-3.73093
05/15/2023 14:22:56.265518,1350,True,True,True,True,Eyes,1.18419,-0.3394523,-3.310776,-0.5813121,-0.3576019,0.7308879,0,0,0,0,0,0,0,1.064483,1.148884,3.164878,1.196029,-0.3377137,-3.305295,0.1168259,-0.3169585,0.04970194,0.9399037,14.54362,322.8756,1.146764,0.3357096,-0.09604478,-0.9370557,0,0,0,0.6133279,-0.6365713,-2.614009,-0.0486218,-0.06159477,0.9489861,0.7941341,0.01937219,0.6074338,-0.1674879,0.9677628,0.1881032,-0.5842078,-0.251117,0.7717782,static,-38.497,-26.07114,-2.933015,-3.713624
05/15/2023 14:22:56.270681,1351,True,True,True,True,Eyes,1.184033,-0.3394763,-3.310855,-0.5807473,-0.3575282,0.7313728,0,0,0,0,0,0,0,1.064296,1.150575,3.164304,1.196034,-0.3377103,-3.305272,0.1170763,-0.3169154,0.04981138,0.9398811,14.57503,322.8802,1.150175,0.3356611,-0.09604962,-0.9370726,0,0,0,0.6133279,-0.6365713,-2.614009,-0.04870659,-0.061078,0.949003,0.7941669,0.01942702,0.607389,-0.1678401,0.9676239,0.1885036,-0.5840622,-0.2516475,0.7717156,static,-38.45137,-26.05148,-2.938068,-3.682487
05/15/2023 14:22:56.290698,1352,True,True,True,True,Eyes,1.183877,-0.3394989,-3.310934,-0.5802159,-0.3574384,0.7318383,0,0,0,0,0,0,0,1.064243,1.152461,3.16365,1.195969,-0.3378371,-3.305297,0.1173366,-0.316862,0.04999859,0.9398568,14.61037,322.8871,1.162027,0.3356127,-0.09605459,-0.9370895,0,0,0,0.6133279,-0.6365713,-2.614009,-0.04874542,-0.06036568,0.9489844,0.7941973,0.01962404,0.6073431,-0.168342,0.9674646,0.1888738,-0.5838764,-0.2522444,0.7716612,static,-38.40808,-26.03142,-2.940464,-3.639728
05/15/2023 14:22:56.310894,1353,True,True,True,True,Eyes,1.183727,-0.339521,-3.311006,-0.5797076,-0.3573653,0.7322767,0,0,0,0,0,0,0,1.064474,1.153566,3.163109,1.195975,-0.3378277,-3.305238,0.1175035,-0.3168654,0.05017596,0.9398254,14.63518,322.8875,1.175408,0.3355645,-0.09605964,-0.9371062,0,0,0,0.6133279,-0.6365713,-2.614009,-0.04879892,-0.05996253,0.9489707,0.7941574,0.01984773,0.607388,-0.1687788,0.9673507,0.1890674,-0.5838045,-0.2526635,0.7715786,static,-38.36694,-26.01328,-2.943728,-3.615536
05/15/2023 14:22:56.330816,1354,True,True,True,True,Eyes,1.183594,-0.3395409,-3.311061,-0.5793686,-0.3572868,0.7325833,0,0,0,0,0,0,0,1.065448,1.154337,3.162407,1.19596,-0.3378332,-3.305154,0.1176252,-0.316972,0.05036594,0.9397641,14.65564,322.8757,1.190251,0.3355168,-0.09606476,-0.9371228,0,0,0,0.6133279,-0.6365713,-2.614009,-0.04866076,-0.05962549,0.948927,0.7939841,0.02009645,0.6076063,-0.169232,0.9672552,0.1891506,-0.5839091,-0.253009,0.7713862,static,-38.33895,-25.99887,-2.935543,-3.595433
05/15/2023 14:22:56.340763,1355,True,True,True,True,Eyes,1.183466,-0.3395627,-3.311118,-0.5790517,-0.3572221,0.7328653,0,0,0,0,0,0,0,1.06633,1.154877,3.161818,1.195954,-0.3378147,-3.305067,0.1177185,-0.3171122,0.05034776,0.939706,14.66537,322.8573,1.182472,0.3354699,-0.0960699,-0.937139,0,0,0,0.6133278,-0.6365713,-2.614009,-0.04840767,-0.05950847,0.9488865,0.7938098,0.01996424,0.6078382,-0.1692841,0.967215,0.1893097,-0.5841308,-0.2531732,0.7711644,moving,-38.31298,-25.98609,-2.920426,-3.588548
05/15/2023 14:22:56.361011,1356,True,True,True,True,Eyes,1.18335,-0.3395875,-3.311165,-0.578999,-0.3571903,0.7329224,0,0,0,0,0,0,0,1.067345,1.155995,3.161149,1.195938,-0.3378871,-3.305144,0.1178813,-0.3172616,0.05031051,0.9396372,14.68203,322.8369,1.169799,0.335424,-0.09607512,-0.9371549,0,0,0,0.6143002,-0.633455,-2.613481,-0.04685205,-0.05621444,0.948001,0.7936279,0.0197488,0.6080829,-0.1693457,0.9671457,0.1896082,-0.5843603,-0.2534545,0.7708982,moving,-38.30827,-25.98233,-2.829367,-3.393544
05/15/2023 14:22:56.380724,1357,True,True,True,True,Eyes,1.183233,-0.3396124,-3.311208,-0.5789572,-0.3571711,0.7329647,0,0,0,0,0,0,0,1.069026,1.156363,3.160376,1.195928,-0.3379884,-3.30507,0.1179366,-0.317504,0.05033935,0.9395468,14.68945,322.8068,1.167044,0.3353793,-0.09608049,-0.9371704,0,0,0,0.6152312,-0.6304713,-2.612975,-0.04530212,-0.05319157,0.9470315,0.7933143,0.01970165,0.6084934,-0.1694831,0.9671139,0.1896481,-0.5847461,-0.2535799,0.7705643,moving,-38.30465,-25.97981,-2.738709,-3.214733
05/15/2023 14:22:56.390733,1358,True,True,True,True,Eyes,1.183159,-0.3396369,-3.311214,-0.579293,-0.3571076,0.7327304,0,0,0,0,0,0,0,1.069785,1.157682,3.159565,1.195808,-0.3380252,-3.305041,0.1181396,-0.3176353,0.05021111,0.9394837,14.70712,322.7872,1.143011,0.3353358,-0.09608602,-0.9371855,0,0,0,0.6161517,-0.6275216,-2.612475,-0.04379582,-0.05011944,0.9460589,0.7931734,0.01929443,0.6086901,-0.1693957,0.9670438,0.1900829,-0.5849624,-0.2538781,0.7703017,moving,-38.32972,-25.98301,-2.650496,-3.032528
05/15/2023 14:22:56.411014,1359,True,True,True,True,Eyes,1.183085,-0.3396642,-3.311222,-0.5796145,-0.357056,0.7325013,0,0,0,0,0,0,0,1.070636,1.158692,3.158813,1.195819,-0.3380695,-3.304943,0.1182935,-0.3177667,0.05023144,0.9394189,14.72489,322.7698,1.137346,0.3352947,-0.09609173,-0.9371996,0,0,0,0.6171066,-0.6244613,-2.611956,-0.04244712,-0.04691041,0.9450701,0.7930023,0.01919723,0.608916,-0.1695562,0.9669669,0.1903306,-0.5851479,-0.2541781,0.770062,moving,-38.3539,-25.9868,-2.571669,-2.841656
05/15/2023 14:22:56.430650,1360,True,True,True,True,Eyes,1.183054,-0.3396874,-3.311192,-0.5802179,-0.3569276,0.7320859,0,0,0,0,0,0,0,1.070861,1.159571,3.158427,1.195755,-0.3381644,-3.304969,0.1184127,-0.3177835,0.0502693,0.9393962,14.73936,322.7672,1.13678,0.3352557,-0.09609769,-0.9372129,0,0,0,0.6180544,-0.621424,-2.611441,-0.04120922,-0.04371269,0.9441114,0.7929733,0.01918639,0.6089541,-0.1697047,0.9669029,0.1905233,-0.5851441,-0.2544223,0.7699842,moving,-38.39874,-25.99149,-2.499299,-2.650922
05/15/2023 14:22:56.441020,1361,True,True,True,True,Eyes,1.183022,-0.3397097,-3.311164,-0.5807937,-0.3568126,0.7316853,0,0,0,0,0,0,0,1.070384,1.159899,3.158401,1.19575,-0.3381251,-3.30491,0.1184665,-0.3177311,0.05022153,0.9394097,14.74343,322.7727,1.13027,0.3352201,-0.09610381,-0.937225,0,0,0,0.6189612,-0.6185179,-2.610948,-0.04024622,-0.04094966,0.9431821,0.7930495,0.01907619,0.6088585,-0.1696382,0.9668869,0.1906633,-0.5850602,-0.2544911,0.7700253,moving,-38.44168,-25.99657,-2.443367,-2.486021
05/15/2023 14:22:56.460990,1362,True,True,True,True,Eyes,1.183026,-0.3397318,-3.311105,-0.5815006,-0.3566618,0.7311972,0,0,0,0,0,0,0,1.070372,1.16056,3.158144,1.195691,-0.3381248,-3.304914,0.1185654,-0.3177128,0.05027331,0.9394006,14.75616,322.7747,1.132579,0.3351875,-0.09611005,-0.9372361,0,0,0,0.6199095,-0.6154788,-2.610433,-0.03910381,-0.03787212,0.9422271,0.7930623,0.01911402,0.6088406,-0.1697931,0.9668297,0.190816,-0.584998,-0.2547059,0.7700016,moving,-38.49424,-26.00209,-2.376495,-2.301722
05/15/2023 14:22:56.480842,1363,True,True,True,True,Eyes,1.183028,-0.3397554,-3.31105,-0.5821733,-0.3565176,0.730732,0,0,0,0,0,0,0,1.070237,1.160986,3.158009,1.195675,-0.3381689,-3.304893,0.1186223,-0.3176865,0.05030992,0.9394004,14.7637,322.778,1.134923,0.3351587,-0.09611642,-0.9372457,0,0,0,0.6208929,-0.6123271,-2.609899,-0.03798813,-0.0347283,0.9412252,0.7930884,0.01915293,0.6088053,-0.1698917,0.9667954,0.1909021,-0.5849338,-0.2548332,0.7700081,moving,-38.54429,-26.00734,-2.31122,-2.113079
05/15/2023 14:22:56.490522,1364,True,True,True,True,Eyes,1.183078,-0.3397785,-3.310954,-0.583095,-0.3562831,0.7301114,0,0,0,0,0,0,0,1.0698,1.161126,3.15814,1.195617,-0.338231,-3.30494,0.1186302,-0.3176096,0.0503228,0.9394246,14.76495,322.7877,1.137291,0.3351333,-0.09612296,-0.9372541,0,0,0,0.621785,-0.6094682,-2.609414,-0.037007,-0.0319405,0.9403298,0.7931835,0.01919278,0.6086802,-0.1699052,0.966789,0.1909223,-0.584801,-0.2548543,0.770102,moving,-38.61221,-26.01166,-2.253732,-1.945437
05/15/2023 14:22:56.510542,1365,True,True,True,True,Eyes,1.183124,-0.3398058,-3.310862,-0.5839773,-0.3560695,0.7295101,0,0,0,0,0,0,0,1.069816,1.161725,3.157876,1.195582,-0.3382803,-3.304913,0.1187134,-0.3175986,0.05038313,0.9394146,14.77628,322.7891,1.14103,0.3351126,-0.09612969,-0.9372608,0,0,0,0.6227365,-0.6064193,-2.608897,-0.03588825,-0.02883127,0.9393447,0.7931853,0.01925485,0.6086759,-0.1700677,0.9667373,0.191039,-0.5847512,-0.2550455,0.7700764,moving,-38.67749,-26.01673,-2.187957,-1.758025
05/15/2023 14:22:56.531035,1366,True,True,True,True,Eyes,1.183208,-0.3398289,-3.310742,-0.5848523,-0.3558317,0.7289249,0,0,0,0,0,0,0,1.070302,1.162589,3.157399,1.195547,-0.3384022,-3.304918,0.1188268,-0.3176335,0.0505306,0.9393806,14.79418,322.7857,1.152583,0.3350959,-0.09613671,-0.9372661,0,0,0,0.6236784,-0.6034005,-2.608385,-0.03468359,-0.02556296,0.9383806,0.7931113,0.01944819,0.6087662,-0.1704217,0.9666538,0.1911468,-0.5847486,-0.2553476,0.7699783,moving,-38.74179,-26.01976,-2.116752,-1.560441
05/15/2023 14:22:56.540829,1367,True,True,True,True,Eyes,1.183288,-0.3398556,-3.310626,-0.5856912,-0.3556151,0.7283569,0,0,0,0,0,0,0,1.070946,1.163837,3.156763,1.195558,-0.3383597,-3.304958,0.119021,-0.317701,0.05065378,0.9393266,14.82008,322.7773,1.157851,0.335084,-0.09614391,-0.9372696,0,0,0,0.6246258,-0.6003644,-2.607871,-0.03340578,-0.02229732,0.9375112,0.7930006,0.01953472,0.6089076,-0.1707871,0.9665364,0.1914136,-0.5847922,-0.2557846,0.7698002,moving,-38.80369,-26.02362,-2.040723,-1.362439
05/15/2023 14:22:56.561030,1368,True,True,True,True,Eyes,1.183389,-0.3398805,-3.310493,-0.5862858,-0.3554088,0.7279791,0,0,0,0,0,0,0,1.071939,1.164315,3.156247,1.195557,-0.3384639,-3.304946,0.119081,-0.3177835,0.05093485,0.9392758,14.83713,322.7701,1.185515,0.3350763,-0.09615136,-0.9372715,0,0,0,0.6255584,-0.5973758,-2.607364,-0.03219572,-0.01907985,0.9365649,0.7928386,0.01999981,0.6091035,-0.1713677,0.9664507,0.1913272,-0.584842,-0.2560723,0.7696667,moving,-38.8466,-26.02223,-1.968847,-1.167077
05/15/2023 14:22:56.570675,1369,True,True,True,True,Eyes,1.183483,-0.3399029,-3.310367,-0.5868579,-0.3552175,0.7276114,0,0,0,0,0,0,0,1.072271,1.164384,3.156058,1.195551,-0.3384686,-3.304898,0.1190922,-0.3177979,0.05110093,0.9392605,14.84451,322.7704,1.203332,0.3350731,-0.096159,-0.9372719,0,0,0,0.6264639,-0.5944738,-2.606872,-0.03115052,-0.01621163,0.9356316,0.7927864,0.02029966,0.6091614,-0.1716887,0.9664115,0.1912377,-0.5848185,-0.2561968,0.7696431,moving,-38.88805,-26.02148,-1.906877,-0.9926609
05/15/2023 14:22:56.590896,1370,True,True,True,True,Eyes,1.183607,-0.3399232,-3.310218,-0.5874439,-0.354905,0.7272909,0,0,0,0,0,0,0,1.072929,1.1647,3.155731,1.195509,-0.3384299,-3.30493,0.1191484,-0.317863,0.05120658,0.9392256,14.85464,322.7632,1.211908,0.3350737,-0.09616675,-0.9372709,0,0,0,0.6274025,-0.5914658,-2.606362,-0.02986848,-0.01323852,0.9347202,0.7926819,0.02044334,0.6092926,-0.1719348,0.9663631,0.191261,-0.5848878,-0.2563677,0.7695335,moving,-38.92834,-26.01155,-1.830233,-0.8114306
05/15/2023 14:22:56.610986,1371,True,True,True,True,Eyes,1.183724,-0.3399445,-3.310073,-0.5880114,-0.3546082,0.7269771,0,0,0,0,0,0,0,1.074137,1.164523,3.155423,1.195424,-0.3384373,-3.304996,0.1191288,-0.3180083,0.05126473,0.9391758,14.85484,322.7461,1.216768,0.3350787,-0.09617456,-0.9372683,0,0,0,0.628338,-0.5884678,-2.605854,-0.02837971,-0.01039778,0.9338033,0.7924853,0.02052531,0.6095455,-0.1720611,0.9663606,0.1911605,-0.5851172,-0.256371,0.7693581,moving,-38.96747,-26.00241,-1.74077,-0.6379546
05/15/2023 14:22:56.630688,1372,True,True,True,True,Eyes,1.183879,-0.339963,-3.309899,-0.5886595,-0.3541332,0.726684,0,0,0,0,0,0,0,1.074857,1.16475,3.155049,1.195386,-0.3384834,-3.304962,0.119163,-0.3181038,0.05129969,0.9391371,14.86,322.7344,1.217813,0.3350873,-0.09618245,-0.9372644,0,0,0,0.6292943,-0.5854033,-2.605334,-0.02704772,-0.007387936,0.9328034,0.7923566,0.02054244,0.6097122,-0.1721673,0.9663371,0.1911836,-0.5852601,-0.2564581,0.7692203,moving,-39.00964,-25.98125,-1.660893,-0.4537813
05/15/2023 14:22:56.640991,1373,True,True,True,True,Eyes,1.184027,-0.3399797,-3.309733,-0.5892841,-0.3536733,0.7264017,0,0,0,0,0,0,0,1.075821,1.164381,3.154871,1.195389,-0.3384835,-3.304975,0.1191139,-0.3182282,0.05135725,0.9390981,14.85691,322.7201,1.224065,0.3351005,-0.09619038,-0.9372589,0,0,0,0.6302704,-0.582275,-2.604804,-0.02565807,-0.004479259,0.9318551,0.7921865,0.02064819,0.6099297,-0.1722698,0.9663486,0.1910327,-0.5854602,-0.256406,0.7690854,moving,-39.05025,-25.96071,-1.577206,-0.2754083
05/15/2023 14:22:56.660567,1374,True,True,True,True,Eyes,1.184179,-0.33999,-3.309565,-0.5897639,-0.3530855,0.7262983,0,0,0,0,0,0,0,1.076476,1.164032,3.154797,1.195347,-0.3384117,-3.305017,0.1190757,-0.3182991,0.05142311,0.9390753,14.85525,322.7125,1.231692,0.3351176,-0.09619827,-0.937252,0,0,0,0.6312088,-0.5792677,-2.604294,-0.02436492,-0.001731366,0.9309562,0.7920827,0.02077698,0.61006,-0.1723837,0.9663533,0.1909063,-0.5855671,-0.256378,0.7690134,moving,-39.07706,-25.92642,-1.499199,-0.106557
05/15/2023 14:22:56.680667,1375,True,True,True,True,Eyes,1.184325,-0.3399987,-3.309403,-0.5902268,-0.3524887,0.7262121,0,0,0,0,0,0,0,1.077095,1.162052,3.155317,1.195339,-0.3383445,-3.305028,0.1187925,-0.3183616,0.05150843,0.9390854,14.82747,322.7082,1.250901,0.3351383,-0.09620594,-0.9372438,0,0,0,0.6321638,-0.5762075,-2.603775,-0.02315906,0.0006520748,0.9300343,0.7919856,0.02110368,0.610175,-0.1723796,0.9664705,0.190316,-0.5856997,-0.2559092,0.7690685,moving,-39.10239,-25.891,-1.426444,0.04017178
05/15/2023 14:22:56.690864,1376,True,True,True,True,Eyes,1.184458,-0.3400047,-3.309255,-0.5904571,-0.3517653,0.7263756,0,0,0,0,0,0,0,1.077531,1.15937,3.156176,1.195366,-0.3382852,-3.305045,0.1183999,-0.3183824,0.05166856,0.939119,14.79041,322.7109,1.283247,0.335162,-0.09621337,-0.9372346,0,0,0,0.6330696,-0.5733045,-2.603283,-0.02214772,0.002757877,0.9291839,0.791926,0.02165299,0.6102331,-0.1724387,0.9666237,0.1894824,-0.5857629,-0.2552838,0.7692282,moving,-39.10701,-25.83973,-1.365424,0.170057
05/15/2023 14:22:56.710722,1377,True,True,True,True,Eyes,1.184583,-0.3400061,-3.309117,-0.5906819,-0.3510498,0.7265391,0,0,0,0,0,0,0,1.077904,1.155452,3.157489,1.195362,-0.3382506,-3.305053,0.1178214,-0.3184172,0.05169642,0.9391785,14.72812,322.7118,1.307688,0.3351879,-0.09622049,-0.9372246,0,0,0,0.6339723,-0.5704114,-2.602793,-0.02109799,0.004459575,0.928311,0.791876,0.02207166,0.610283,-0.172137,0.9668912,0.1883885,-0.5859191,-0.2542326,0.7694573,moving,-39.11138,-25.78894,-1.301953,0.2752449
05/15/2023 14:22:56.720722,1378,True,True,True,True,Eyes,1.184704,-0.3400086,-3.308984,-0.5909143,-0.350315,0.7267047,0,0,0,0,0,0,0,1.077957,1.152859,3.158482,1.195296,-0.3381767,-3.305145,0.1174426,-0.3183933,0.05173315,0.939232,14.68796,322.7184,1.326485,0.3352157,-0.09622717,-0.937214,0,0,0,0.6350461,-0.5669704,-2.602209,-0.01982397,0.007004738,0.9273102,0.7918987,0.02239298,0.6102418,-0.1719647,0.9670618,0.1876687,-0.5859391,-0.2535547,0.7696658,moving,-39.11602,-25.73684,-1.224678,0.432794
05/15/2023 14:22:56.740580,1379,True,True,True,True,Eyes,1.184819,-0.3400024,-3.308862,-0.5911549,-0.3491097,0.7270889,0,0,0,0,0,0,0,1.079055,1.148382,3.159756,1.195328,-0.338206,-3.305149,0.1167778,-0.3185476,0.05170684,0.939264,14.61439,322.7043,1.346251,0.3352449,-0.09623348,-0.9372029,0,0,0,0.6358507,-0.5643917,-2.601772,-0.01868966,0.008289903,0.9265506,0.7917076,0.0227342,0.610477,-0.1715313,0.9673787,0.1864281,-0.5863242,-0.2523125,0.7697808,moving,-39.11261,-25.64786,-1.15557,0.5126151
05/15/2023 14:22:56.761851,1380,True,True,True,True,Eyes,1.184906,-0.3399881,-3.308763,-0.5912553,-0.3475459,0.7277561,0,0,0,0,0,0,0,1.080055,1.145212,3.160637,1.19534,-0.3380342,-3.305231,0.1163296,-0.3186114,0.0520055,0.9392815,14.57646,322.7038,1.395378,0.3352752,-0.09623919,-0.9371914,0,0,0,0.6367711,-0.5614422,-2.601272,-0.01754913,0.0103315,0.9257717,0.7915645,0.02356772,0.6106311,-0.1718235,0.9675257,0.1853935,-0.5864319,-0.2516716,0.7699085,moving,-39.09165,-25.52719,-1.085981,0.6393872
05/15/2023 14:22:56.770729,1381,True,True,True,True,Eyes,1.184987,-0.3399673,-3.308667,-0.5913687,-0.3459887,0.7284057,0,0,0,0,0,0,0,1.081885,1.138998,3.162225,1.195386,-0.3378568,-3.305202,0.1154409,-0.3188491,0.05208419,0.9393061,14.4824,322.6825,1.433962,0.3353055,-0.09624411,-0.93718,0,0,0,0.6377511,-0.5583014,-2.600739,-0.01612633,0.01161828,0.9248923,0.791245,0.02422958,0.6110191,-0.1714624,0.9679213,0.1836546,-0.5869685,-0.2500826,0.7700173,moving,-39.07201,-25.40746,-0.9989026,0.7196982
05/15/2023 14:22:56.790737,1382,True,True,True,True,Eyes,1.185032,-0.3399435,-3.308601,-0.5912,-0.3441787,0.7293995,0,0,0,0,0,0,0,1.081733,1.134784,3.163705,1.195313,-0.3376902,-3.305163,0.1148447,-0.3189184,0.05159725,0.9393826,14.39923,322.6725,1.401317,0.3353357,-0.09624812,-0.9371688,0,0,0,0.6386919,-0.5552864,-2.600228,-0.01485223,0.01293569,0.9239701,0.7912575,0.02368694,0.6110241,-0.1701913,0.9682968,0.1828556,-0.5873215,-0.2486768,0.7702035,moving,-39.02579,-25.26102,-0.9209136,0.8020953
05/15/2023 14:22:56.810908,1383,True,True,True,True,Eyes,1.185076,-0.339923,-3.308543,-0.5910256,-0.3424025,0.7303761,0,0,0,0,0,0,0,1.078763,1.132161,3.165599,1.195347,-0.3376288,-3.3051,0.1144496,-0.3186259,0.05098592,0.9395635,14.33294,322.7043,1.352919,0.3353646,-0.09625119,-0.9371582,0,0,0,0.6395843,-0.5524266,-2.599743,-0.01438618,0.01450686,0.9231042,0.7917559,0.0228758,0.6104091,-0.1687422,0.9686034,0.1825744,-0.5870678,-0.2475561,0.7707576,moving,-38.98003,-25.11732,-0.8928575,0.9003465
05/15/2023 14:22:56.831035,1384,True,True,True,True,Eyes,1.18508,-0.339906,-3.308525,-0.5907661,-0.340405,0.7315188,0,0,0,0,0,0,0,1.077047,1.12901,3.167464,1.195383,-0.3376899,-3.30523,0.1139536,-0.3183745,0.05092312,0.9397122,14.27596,322.7386,1.368574,0.3353923,-0.09625348,-0.937148,0,0,0,0.6405265,-0.549407,-2.599231,-0.01376036,0.01655238,0.9223122,0.792089,0.0231463,0.6099666,-0.168266,0.9688429,0.181742,-0.5867552,-0.2465925,0.7713045,moving,-38.92394,-24.95445,-0.8547561,1.028155
05/15/2023 14:22:56.840674,1385,True,True,True,True,Eyes,1.185084,-0.3398859,-3.308512,-0.5904934,-0.338495,0.7326245,0,0,0,0,0,0,0,1.075725,1.127727,3.168499,1.195456,-0.3377747,-3.305319,0.113735,-0.3181705,0.05096578,0.9398056,14.2533,322.7661,1.384717,0.3354174,-0.09625512,-0.9371389,0,0,0,0.6414712,-0.5463796,-2.598718,-0.01306531,0.01917843,0.9214993,0.79234,0.02342163,0.6096301,-0.1681701,0.9689337,0.1813459,-0.5864437,-0.2462091,0.7716637,moving,-38.86872,-24.79839,-0.8123032,1.192279
05/15/2023 14:22:56.860719,1386,True,True,True,True,Eyes,1.185056,-0.3398606,-3.308526,-0.5900854,-0.3364615,0.7338889,0,0,0,0,0,0,0,1.073492,1.128858,3.16899,1.195462,-0.3376823,-3.305456,0.1138966,-0.3178588,0.05088179,0.9398959,14.26744,322.8024,1.37413,0.3354403,-0.09625605,-0.9371306,0,0,0,0.6424731,-0.5431689,-2.598174,-0.0123544,0.02239278,0.9206607,0.7927536,0.02324112,0.609099,-0.1680532,0.9688773,0.1817554,-0.5859179,-0.2464483,0.7719867,moving,-38.80112,-24.62974,-0.7688094,1.393302
05/15/2023 14:22:56.872546,1387,True,True,True,True,Eyes,1.185034,-0.3398344,-3.308544,-0.5896696,-0.3344866,0.7351248,0,0,0,0,0,0,0,1.070465,1.128296,3.170211,1.195417,-0.3375612,-3.305482,0.1138081,-0.31743,0.05080732,0.9400556,14.25438,322.8553,1.375829,0.3354602,-0.09625617,-0.9371235,0,0,0,0.6433781,-0.5402685,-2.597682,-0.01205426,0.02482793,0.9198139,0.7933136,0.02327121,0.6083682,-0.1677756,0.9689327,0.1817163,-0.5852391,-0.2462274,0.7725718,moving,-38.73434,-24.46585,-0.7508247,1.546172
05/15/2023 14:22:56.891097,1388,True,True,True,True,Eyes,1.185036,-0.3398054,-3.308547,-0.5894171,-0.3323326,0.7363033,0,0,0,0,0,0,0,1.067997,1.126454,3.17187,1.195529,-0.3375138,-3.305611,0.1135148,-0.3170666,0.05082327,0.9402129,14.22231,322.9028,1.394239,0.3354773,-0.09625551,-0.9371175,0,0,0,0.6443081,-0.5372881,-2.597177,-0.01169816,0.02715259,0.9191082,0.7937716,0.02358589,0.6077585,-0.1675529,0.9690628,0.1812274,-0.5846817,-0.2456849,0.7731664,moving,-38.67757,-24.29217,-0.7292056,1.692158
05/15/2023 14:22:56.911039,1389,True,True,True,True,Eyes,1.185041,-0.3397746,-3.308553,-0.5891568,-0.3302456,0.7374498,0,0,0,0,0,0,0,1.065492,1.124766,3.173436,1.195603,-0.3375026,-3.305706,0.1132416,-0.3167063,0.05079642,0.9403687,14.19087,322.9492,1.40706,0.3354927,-0.0962541,-0.937112,0,0,0,0.6452373,-0.5343106,-2.596672,-0.01131687,0.02950663,0.9183499,0.7942337,0.02380603,0.6071458,-0.1672633,0.9691921,0.1808026,-0.5841368,-0.2451528,0.7737469,moving,-38.62175,-24.12384,-0.7060227,1.840284
05/15/2023 14:22:56.930766,1390,True,True,True,True,Eyes,1.185046,-0.3397374,-3.308567,-0.5888901,-0.328218,0.7385672,0,0,0,0,0,0,0,1.063543,1.123395,3.174712,1.195672,-0.337427,-3.305821,0.1130297,-0.3164352,0.05072444,0.9404894,14.1646,322.9835,1.411179,0.3355067,-0.09625195,-0.9371073,0,0,0,0.6462045,-0.5312108,-2.596146,-0.01068822,0.03199484,0.9175875,0.7945917,0.02387849,0.6066746,-0.1669447,0.9693027,0.1805044,-0.5837411,-0.2447084,0.7741862,moving,-38.5668,-23.96029,-0.6673608,1.997005
05/15/2023 14:22:56.940830,1391,True,True,True,True,Eyes,1.185077,-0.3396866,-3.308567,-0.5887663,-0.3263715,0.7394835,0,0,0,0,0,0,0,1.06187,1.121295,3.176175,1.195681,-0.3372372,-3.305991,0.1127259,-0.3161758,0.05072043,0.9406132,14.13078,323.0179,1.426083,0.3355194,-0.09624893,-0.9371031,0,0,0,0.6471163,-0.5282887,-2.595651,-0.01004389,0.03408612,0.9169211,0.7949206,0.02413421,0.6062334,-0.166699,0.9694406,0.1799897,-0.5833633,-0.244136,0.7746514,moving,-38.52631,-23.8143,-0.6275889,2.128964
05/15/2023 14:22:56.960986,1392,True,True,True,True,Eyes,1.185077,-0.3396866,-3.308567,-0.5887663,-0.3263715,0.7394835,0,0,0,0,0,0,0,1.060741,1.116903,3.178249,1.195849,-0.3369748,-3.306101,0.1120945,-0.3160116,0.0507216,0.9407438,14.0614,323.043,1.452329,0.3355316,-0.09624476,-0.9370992,0,0,0,0.6481034,-0.5251255,-2.595115,-0.00933674,0.03578161,0.9162745,0.795128,0.02458576,0.6059431,-0.1662783,0.9697243,0.1788471,-0.5832006,-0.2429616,0.7751431,moving,-38.52631,-23.8143,-0.5838177,2.236332
05/15/2023 14:22:56.970802,1393,True,True,True,True,Eyes,1.185077,-0.3396866,-3.308567,-0.5887663,-0.3263715,0.7394835,0,0,0,0,0,0,0,1.058588,1.111505,3.180899,1.195867,-0.3367301,-3.306159,0.1113111,-0.3157255,0.05053272,0.940943,13.96823,323.082,1.464942,0.3355426,-0.096241,-0.9370956,0,0,0,0.6490071,-0.5222293,-2.594624,-0.008874297,0.03683136,0.9155941,0.7955277,0.02480929,0.6054091,-0.1653844,0.9701126,0.1775659,-0.5829098,-0.2413838,0.7758544,moving,-38.52631,-23.8143,-0.5553158,2.30358
05/15/2023 14:22:56.990682,1394,True,True,True,True,Eyes,1.185077,-0.3396866,-3.308567,-0.5887663,-0.3263715,0.7394835,0,0,0,0,0,0,0,1.057681,1.103609,3.184092,1.196039,-0.3366175,-3.306246,0.1101429,-0.3156201,0.05037382,0.9411244,13.83428,323.1018,1.492434,0.3355525,-0.09623763,-0.9370924,0,0,0,0.649946,-0.5192201,-2.594113,-0.008177131,0.03749334,0.9149982,0.7956929,0.02528941,0.6051721,-0.1643427,0.970662,0.1755184,-0.5829788,-0.2391143,0.776505,moving,-38.52631,-23.8143,-0.5120258,2.346463
05/15/2023 14:22:57.010883,1395,True,True,True,True,Eyes,1.185077,-0.3396866,-3.308567,-0.5887663,-0.3263715,0.7394835,0,0,0,0,0,0,0,1.055987,1.096983,3.187209,1.196224,-0.3364998,-3.306448,0.1091556,-0.3153982,0.05020602,0.9413226,13.71964,323.1344,1.513869,0.3355615,-0.09623459,-0.9370895,0,0,0,0.6509181,-0.5161049,-2.593585,-0.00757733,0.0385877,0.9144632,0.7960067,0.02566514,0.6047435,-0.1633751,0.9711288,0.1738316,-0.5828224,-0.2371711,0.777218,moving,-38.52631,-23.8143,-0.4747474,2.416283
05/15/2023 14:22:57.020956,1396,True,True,True,True,Eyes,1.185119,-0.3395908,-3.308595,-0.5885612,-0.3236395,0.7408463,0,0,0,0,0,0,0,1.053432,1.08949,3.190739,1.196389,-0.3362443,-3.306526,0.1080639,-0.3151245,0.04973278,0.9415655,13.58234,323.1705,1.505971,0.3355695,-0.09623186,-0.9370869,0,0,0,0.6518528,-0.5131097,-2.593077,-0.007168651,0.03904826,0.9139116,0.7964463,0.02554613,0.6041694,-0.1617605,0.9716977,0.1721545,-0.5826721,-0.2348426,0.7780374,moving,-38.46519,-23.59816,-0.4494143,2.446561
05/15/2023 14:22:57.040698,1397,True,True,True,True,Eyes,1.185168,-0.3394903,-3.308625,-0.5883716,-0.3208616,0.742204,0,0,0,0,0,0,0,1.050612,1.080396,3.194799,1.196565,-0.3359078,-3.306536,0.1067397,-0.3147323,0.04965552,0.9418517,13.43384,323.2274,1.552252,0.3355776,-0.0962266,-0.9370846,0,0,0,0.6528367,-0.5099565,-2.592543,-0.00704515,0.03940915,0.9132999,0.7969558,0.02634742,0.6034627,-0.1607251,0.9722819,0.1698095,-0.5822619,-0.2323223,0.7791005,moving,-38.40512,-23.37927,-0.441968,2.470797
05/15/2023 14:22:57.060999,1398,True,True,True,True,Eyes,1.185218,-0.3393764,-3.308655,-0.5880886,-0.3176922,0.74379,0,0,0,0,0,0,0,1.049066,1.066647,3.200049,1.196786,-0.3357015,-3.306599,0.1047182,-0.3145486,0.04940195,0.9421533,13.20288,323.261,1.601581,0.3355859,-0.09621891,-0.9370824,0,0,0,0.6536924,-0.5072142,-2.592078,-0.006747276,0.03820337,0.9129087,0.7972372,0.02721046,0.6030526,-0.1589663,0.9731871,0.1662426,-0.5823594,-0.2283999,0.7801865,moving,-38.33219,-23.1286,-0.4234633,2.396313
05/15/2023 14:22:57.080701,1399,True,True,True,True,Eyes,1.185275,-0.3392673,-3.308694,-0.5878089,-0.3144982,0.7453668,0,0,0,0,0,0,0,1.04475,1.054546,3.2054,1.196957,-0.3351271,-3.30653,0.1029919,-0.3140844,0.04864295,0.9425378,12.98544,323.3212,1.58775,0.3355945,-0.09620868,-0.9370803,0,0,0,0.6546512,-0.5041414,-2.591557,-0.00682649,0.03714677,0.9123715,0.7979696,0.02699935,0.6020926,-0.1563919,0.9740531,0.1635915,-0.5820532,-0.2247035,0.7814873,moving,-38.25991,-22.8767,-0.428687,2.331483
05/15/2023 14:22:57.090802,1400,True,True,True,True,Eyes,1.185342,-0.3391321,-3.308728,-0.5874056,-0.3110498,0.7471296,0,0,0,0,0,0,0,1.041371,1.042134,3.210922,1.197205,-0.3351469,-3.306795,0.101127,-0.3136762,0.04814051,0.9429013,12.7623,323.3781,1.606427,0.3356034,-0.09619627,-0.9370784,0,0,0,0.6555757,-0.5011787,-2.591055,-0.006721318,0.03654647,0.9120486,0.7985795,0.0273412,0.6012681,-0.1542258,0.9749116,0.1605046,-0.5817948,-0.2209067,0.782761,moving,-38.17501,-22.60325,-0.4222321,2.294657
05/15/2023 14:22:57.110826,1401,True,True,True,True,Eyes,1.185415,-0.3389864,-3.308765,-0.5870016,-0.3075717,0.7488851,0,0,0,0,0,0,0,1.036251,1.028494,3.217062,1.197466,-0.3347006,-3.306834,0.09914631,-0.3130543,0.04756318,0.9433477,12.52342,323.4608,1.623695,0.335613,-0.09618115,-0.9370766,0,0,0,0.6565518,-0.4980505,-2.590524,-0.007126749,0.03537928,0.9116296,0.7994695,0.02766087,0.6000693,-0.1518136,0.9758155,0.1572792,-0.5812065,-0.2168386,0.7843341,moving,-38.09055,-22.32826,-0.4479059,2.222467
05/15/2023 14:22:57.120714,1402,True,True,True,True,Eyes,1.185467,-0.3388301,-3.308827,-0.5864706,-0.3039243,0.7507877,0,0,0,0,0,0,0,1.031621,1.014497,3.223187,1.197672,-0.3343181,-3.306991,0.0971094,-0.3124932,0.04694352,0.9437765,12.277,323.5357,1.637145,0.3356232,-0.0961633,-0.9370747,0,0,0,0.6574972,-0.495021,-2.590011,-0.007336229,0.03407095,0.9112961,0.8002887,0.02791634,0.5989647,-0.1493004,0.9767321,0.1539601,-0.58073,-0.2126382,0.7858356,moving,-37.99483,-22.03846,-0.4612396,2.14114
05/15/2023 14:22:57.140815,1403,True,True,True,True,Eyes,1.185532,-0.3386653,-3.308891,-0.5859365,-0.3002369,0.752686,0,0,0,0,0,0,0,1.025636,0.9987066,3.230185,1.197927,-0.3339409,-3.307097,0.09480614,-0.3117735,0.0461711,0.9442867,11.9957,323.6297,1.645092,0.3356333,-0.09614263,-0.9370732,0,0,0,0.6584035,-0.4921163,-2.589518,-0.00798133,0.03210448,0.9110055,0.801331,0.02808143,0.5975617,-0.1463136,0.9777601,0.1502585,-0.5800526,-0.2078382,0.7876181,moving,-37.89936,-21.74643,-0.5019562,2.018309
05/15/2023 14:22:57.160878,1404,True,True,True,True,Eyes,1.185596,-0.338489,-3.30896,-0.5853844,-0.2964161,0.7546275,0,0,0,0,0,0,0,1.019914,0.9832658,3.236963,1.198275,-0.3335868,-3.307238,0.09255309,-0.3110831,0.04547997,0.9447715,11.72293,323.7202,1.659342,0.3356436,-0.0961192,-0.937072,0,0,0,0.6593297,-0.4891483,-2.589015,-0.008594364,0.03037857,0.9107742,0.8023178,0.02835295,0.5962234,-0.1435197,0.978731,0.1465869,-0.5793861,-0.2031791,0.7893226,moving,-37.80167,-21.4448,-0.5406457,1.910373
05/15/2023 14:22:57.170801,1405,True,True,True,True,Eyes,1.185669,-0.3383023,-3.309027,-0.5848194,-0.2925335,0.7565781,0,0,0,0,0,0,0,1.013471,0.9653326,3.244536,1.198476,-0.3331817,-3.307363,0.08994566,-0.3102836,0.0447099,0.9453227,11.40839,323.8249,1.678548,0.335654,-0.09609292,-0.937071,0,0,0,0.6603068,-0.486017,-2.588484,-0.009278238,0.02808321,0.9104376,0.8034503,0.02871324,0.5946791,-0.1403479,0.9798216,0.1423099,-0.5785933,-0.1978009,0.7912678,moving,-37.70329,-21.13916,-0.5838791,1.766776
05/15/2023 14:22:57.191044,1406,True,True,True,True,Eyes,1.185758,-0.3381091,-3.309093,-0.5842198,-0.2886247,0.75854,0,0,0,0,0,0,0,1.006052,0.947554,3.252189,1.198777,-0.3327675,-3.307406,0.0873647,-0.309381,0.04384482,0.9459009,11.09324,323.9405,1.686905,0.3356648,-0.09606379,-0.9370701,0,0,0,0.6612073,-0.483131,-2.587995,-0.01036417,0.02554353,0.9101552,0.804722,0.02888775,0.5929486,-0.1370037,0.98089,0.1381472,-0.5776267,-0.1924062,0.7933016,moving,-37.6031,-20.83184,-0.6524138,1.607585
05/15/2023 14:22:57.210942,1407,True,True,True,True,Eyes,1.185855,-0.3379099,-3.309161,-0.5836053,-0.2846874,0.7604985,0,0,0,0,0,0,0,0.999633,0.9297339,3.259634,1.199027,-0.3324714,-3.307671,0.08476708,-0.3085867,0.04302298,0.9464343,10.77809,324.0429,1.698714,0.3356763,-0.0960319,-0.9370692,0,0,0,0.6621496,-0.4801112,-2.587483,-0.0110153,0.0232706,0.9099682,0.8058465,0.02912087,0.591408,-0.1337528,0.9819271,0.1339003,-0.5768202,-0.1870056,0.7951776,moving,-37.50257,-20.52304,-0.6935397,1.464905
05/15/2023 14:22:57.220930,1408,True,True,True,True,Eyes,1.185957,-0.3377001,-3.309238,-0.5830086,-0.2808191,0.762392,0,0,0,0,0,0,0,0.9924072,0.9148009,3.266299,1.199339,-0.3321518,-3.307824,0.08259902,-0.3077072,0.0421599,0.9469511,10.50844,324.1529,1.690988,0.3356887,-0.09599735,-0.9370683,0,0,0,0.6631442,-0.4769237,-2.586943,-0.01182398,0.02185449,0.9096792,0.8070777,0.02901409,0.5897319,-0.1306793,0.9827999,0.1304886,-0.5758026,-0.1823803,0.7969874,moving,-37.40549,-20.22075,-0.7446868,1.376231
05/15/2023 14:22:57.240670,1409,True,True,True,True,Eyes,1.186065,-0.3374823,-3.309317,-0.5823987,-0.2769218,0.7642814,0,0,0,0,0,0,0,0.9862176,0.9009479,3.272365,1.199581,-0.3317135,-3.308122,0.08060914,-0.3069252,0.04147355,0.9474066,10.2648,324.2514,1.694829,0.3357019,-0.09596008,-0.9370674,0,0,0,0.6640211,-0.4741136,-2.586466,-0.01244354,0.02038069,0.9095713,0.8081537,0.02910265,0.5882521,-0.1280666,0.9835643,0.1272807,-0.5748795,-0.1781978,0.7985982,moving,-37.30817,-19.91695,-0.7837957,1.283607
05/15/2023 14:22:57.261447,1410,True,True,True,True,Eyes,1.186177,-0.3372524,-3.309392,-0.5817674,-0.2730604,0.7661493,0,0,0,0,0,0,0,0.979593,0.8857002,3.278714,1.199852,-0.3313231,-3.308264,0.07841423,-0.306101,0.04074774,0.9478887,9.9973,324.3553,1.701601,0.335716,-0.09592013,-0.9370664,0,0,0,0.6650063,-0.4709563,-2.585931,-0.01313964,0.01889903,0.9092818,0.8092836,0.02924331,0.5866897,-0.125254,0.9843817,0.1237101,-0.5739089,-0.1736017,0.8003068,moving,-37.21084,-19.61639,-0.8278987,1.190697
05/15/2023 14:22:57.280732,1411,True,True,True,True,Eyes,1.186296,-0.3370213,-3.309473,-0.5811305,-0.2691601,0.7680105,0,0,0,0,0,0,0,0.972608,0.8693812,3.2853,1.199985,-0.330837,-3.308409,0.07608547,-0.3052326,0.03987838,0.9483954,9.710068,324.4636,1.697219,0.3357311,-0.09587743,-0.9370654,0,0,0,0.6659006,-0.4680903,-2.585445,-0.0139187,0.0167148,0.9090042,0.8104857,0.02919344,0.5850306,-0.1220885,0.9852414,0.1199738,-0.572894,-0.1686626,0.8020883,moving,-37.1137,-19.31373,-0.877246,1.053438
05/15/2023 14:22:57.295114,1412,True,True,True,True,Eyes,1.186391,-0.3367885,-3.309583,-0.5804395,-0.2653612,0.7698528,0,0,0,0,0,0,0,0.9668449,0.8531024,3.291564,1.200262,-0.3305915,-3.308633,0.07372759,-0.3045017,0.03925974,0.9488423,9.428752,324.5569,1.719569,0.3357472,-0.09583221,-0.9370642,0,0,0,0.6668959,-0.4649005,-2.584904,-0.01439425,0.01520485,0.9087701,0.8114748,0.02960224,0.5836372,-0.1194029,0.9860458,0.1160024,-0.5720592,-0.163821,0.8036859,moving,-37.0149,-19.0186,-0.9074473,0.9585402
05/15/2023 14:22:57.311070,1413,True,True,True,True,Eyes,1.186492,-0.3365518,-3.309696,-0.5797496,-0.2615433,0.771677,0,0,0,0,0,0,0,0.9619213,0.8381805,3.297156,1.200536,-0.3302859,-3.308883,0.07157373,-0.3038396,0.03893834,0.9492327,9.180326,324.6432,1.766367,0.3357632,-0.09578461,-0.9370633,0,0,0,0.6678195,-0.4619407,-2.584402,-0.01480827,0.01394302,0.908613,0.8123306,0.03042921,0.5824029,-0.1174169,0.986722,0.1122182,-0.571255,-0.1595422,0.8051174,moving,-36.917,-18.72298,-0.9337046,0.8791573
05/15/2023 14:22:57.320691,1414,True,True,True,True,Eyes,1.186577,-0.3363116,-3.309827,-0.5792978,-0.2577834,0.7732798,0,0,0,0,0,0,0,0.9574052,0.8233513,3.302467,1.200796,-0.3299643,-3.309083,0.06944342,-0.303246,0.03857714,0.9495954,8.933211,324.7202,1.806889,0.3357793,-0.09573475,-0.9370626,0,0,0,0.6687815,-0.4588579,-2.58388,-0.01505339,0.01279519,0.9083957,0.8131074,0.03114846,0.5812798,-0.1153822,0.9873788,0.1084896,-0.5705641,-0.155283,0.806439,moving,-36.83849,-18.43651,-0.9493846,0.8069851
05/15/2023 14:22:57.340931,1415,True,True,True,True,Eyes,1.18667,-0.336068,-3.309959,-0.5788486,-0.2540095,0.7748635,0,0,0,0,0,0,0,0.9536946,0.8085508,3.30749,1.20101,-0.3295819,-3.309339,0.06733685,-0.3027765,0.03810448,0.9499159,8.685055,324.7808,1.832793,0.3357951,-0.09568274,-0.9370623,0,0,0,0.6696536,-0.4560631,-2.583406,-0.0150893,0.011283,0.9082739,0.813749,0.03161608,0.580356,-0.1131681,0.9880276,0.1048544,-0.5700927,-0.151003,0.8075843,moving,-36.76094,-18.14976,-0.9517766,0.7117178
05/15/2023 14:22:57.361089,1416,True,True,True,True,Eyes,1.186777,-0.335822,-3.310084,-0.5785832,-0.2503486,0.7762519,0,0,0,0,0,0,0,0.9501403,0.7944823,3.312164,1.201267,-0.3292717,-3.309522,0.06533128,-0.3023439,0.03761432,0.9502134,8.447447,324.8362,1.852636,0.3358106,-0.09562868,-0.9370622,0,0,0,0.6705995,-0.4530316,-2.582892,-0.01502469,0.01023388,0.9080668,0.8143467,0.03197822,0.579497,-0.1109883,0.988634,0.1014124,-0.5696676,-0.1469022,0.8086401,moving,-36.69918,-17.875,-0.9479181,0.645694
05/15/2023 14:22:57.381005,1417,True,True,True,True,Eyes,1.18689,-0.3355712,-3.310213,-0.5783299,-0.2466747,0.7776157,0,0,0,0,0,0,0,0.9474096,0.7805074,3.316508,1.201456,-0.3289371,-3.309729,0.06334915,-0.3020143,0.03714992,0.9504705,8.213527,324.879,1.873357,0.3358264,-0.0955727,-0.9370623,0,0,0,0.6715495,-0.4499872,-2.582376,-0.01468733,0.009222746,0.9078528,0.8148146,0.0323551,0.5788181,-0.1088845,0.9892135,0.0979834,-0.5694045,-0.1428626,0.8095486,moving,-36.639,-17.60003,-0.9268557,0.5820396
05/15/2023 14:22:57.391064,1418,True,True,True,True,Eyes,1.187026,-0.3353183,-3.310331,-0.5781769,-0.2431356,0.7788431,0,0,0,0,0,0,0,0.9456355,0.7667838,3.320498,1.201723,-0.3285892,-3.309952,0.06141376,-0.3018376,0.03662576,0.9506741,7.982985,324.9024,1.884398,0.3358425,-0.09551487,-0.9370624,0,0,0,0.6724896,-0.4469745,-2.581865,-0.01411271,0.008220933,0.9077156,0.8151053,0.03256435,0.5783969,-0.1067123,0.9897738,0.09465886,-0.5693997,-0.138879,0.8102449,moving,-36.58847,-17.33707,-0.8907346,0.5188981
05/15/2023 14:22:57.410888,1419,True,True,True,True,Eyes,1.187166,-0.3350646,-3.310449,-0.5780258,-0.2395744,0.7800579,0,0,0,0,0,0,0,0.9433048,0.7528403,3.324662,1.201979,-0.328274,-3.310205,0.05944122,-0.3015785,0.03609316,0.9509019,7.747945,324.9356,1.896368,0.3358596,-0.0954553,-0.9370623,0,0,0,0.6734511,-0.4438932,-2.581342,-0.01364151,0.007254619,0.9075852,0.8154954,0.03278971,0.577834,-0.1044945,0.990328,0.0912757,-0.5692523,-0.1348154,0.8110343,moving,-36.53859,-17.07297,-0.8611224,0.4579737
05/15/2023 14:22:57.420814,1420,True,True,True,True,Eyes,1.187333,-0.3348068,-3.310549,-0.5779554,-0.2361586,0.7811508,0,0,0,0,0,0,0,0.9409666,0.7386531,3.328706,1.20221,-0.3280171,-3.310348,0.05742644,-0.3013113,0.03563698,0.9511276,7.510934,324.9702,1.918126,0.3358777,-0.09539415,-0.9370621,0,0,0,0.6744089,-0.4408236,-2.580822,-0.01323873,0.006295569,0.9073548,0.8158831,0.03318417,0.577264,-0.1023971,0.9908645,0.08776408,-0.5690779,-0.1307154,0.8118274,moving,-36.49688,-16.82119,-0.8359128,0.3975334
05/15/2023 14:22:57.440685,1421,True,True,True,True,Eyes,1.187502,-0.3345486,-3.310648,-0.5778751,-0.2327226,0.7822407,0,0,0,0,0,0,0,0.9383659,0.7243434,3.332823,1.202413,-0.3276656,-3.310551,0.05541018,-0.301008,0.03512196,0.9513624,7.271679,325.0085,1.933583,0.3358975,-0.09533148,-0.9370613,0,0,0,0.6753099,-0.4379363,-2.580333,-0.01291236,0.005033869,0.9072073,0.8163214,0.03346961,0.5766275,-0.1001852,0.9913924,0.08428633,-0.5688431,-0.1265743,0.8126478,moving,-36.45489,-16.56814,-0.8154409,0.3179169
05/15/2023 14:22:57.461362,1422,True,True,True,True,Eyes,1.1877,-0.334292,-3.310731,-0.57784,-0.2294213,0.7832412,0,0,0,0,0,0,0,0.9351983,0.7107412,3.336772,1.202613,-0.3274124,-3.310637,0.05348028,-0.3006222,0.03468218,0.951611,7.044333,325.0568,1.954774,0.335919,-0.09526743,-0.9370602,0,0,0,0.6762846,-0.4348126,-2.579803,-0.01270694,0.004286416,0.9069151,0.8168469,0.03385315,0.5758604,-0.09816259,0.991874,0.08093238,-0.5684412,-0.1226373,0.8135324,moving,-36.41824,-16.32598,-0.802728,0.270799
05/15/2023 14:22:57.471334,1423,True,True,True,True,Eyes,1.187897,-0.334037,-3.310814,-0.5777959,-0.2261143,0.7842348,0,0,0,0,0,0,0,0.9330415,0.6972013,3.340531,1.202827,-0.3272053,-3.310883,0.05155529,-0.3003602,0.03429287,0.9518141,6.819534,325.0901,1.980251,0.3359427,-0.09520221,-0.9370583,0,0,0,0.677213,-0.4318374,-2.579299,-0.01224241,0.003489524,0.9067921,0.8172156,0.03431055,0.5753099,-0.09625117,0.9923321,0.07754166,-0.568238,-0.1187425,0.8142517,moving,-36.38145,-16.08358,-0.7734911,0.220485
05/15/2023 14:22:57.491839,1424,True,True,True,True,Eyes,1.188115,-0.3337802,-3.310888,-0.5777517,-0.2229813,0.7851639,0,0,0,0,0,0,0,0.9303905,0.6853122,3.343899,1.203028,-0.3270026,-3.311002,0.04986965,-0.3000416,0.03389002,0.9520188,6.620381,325.1296,1.996256,0.3359686,-0.09513596,-0.9370558,0,0,0,0.6781335,-0.4288871,-2.578799,-0.01193151,0.003069378,0.9065678,0.8176531,0.03460193,0.5746706,-0.09445381,0.9927289,0.07461686,-0.5679102,-0.1152905,0.8149762,moving,-36.34697,-15.85419,-0.754037,0.1939863
05/15/2023 14:22:57.510804,1425,True,True,True,True,Eyes,1.188332,-0.3335252,-3.310959,-0.5776891,-0.2198445,0.786094,0,0,0,0,0,0,0,0.9277658,0.6750876,3.347004,1.203236,-0.3267077,-3.311255,0.04843577,-0.2997154,0.03351521,0.9522087,6.44976,325.1694,2.006603,0.3359968,-0.09506876,-0.9370525,0,0,0,0.6790535,-0.4259389,-2.578299,-0.01154396,0.003017467,0.9064751,0.8180948,0.03479307,0.5740299,-0.09286085,0.9930614,0.07215185,-0.5675365,-0.112332,0.8156493,moving,-36.31163,-15.62455,-0.7296222,0.190725
05/15/2023 14:22:57.521847,1426,True,True,True,True,Eyes,1.188556,-0.3332643,-3.311026,-0.5774617,-0.2168488,0.7870925,0,0,0,0,0,0,0,0.924147,0.6639774,3.350317,1.203431,-0.3265066,-3.311297,0.04686109,-0.2992649,0.03312474,0.9524429,6.262928,325.2243,2.020756,0.3360273,-0.09500075,-0.9370484,0,0,0,0.6800557,-0.4227273,-2.577754,-0.01140845,0.003053352,0.9061598,0.8186866,0.03505109,0.5731698,-0.09114659,0.9934136,0.06943887,-0.5669608,-0.1090911,0.8164892,moving,-36.26617,-15.40321,-0.7213092,0.1930604
05/15/2023 14:22:57.540845,1427,True,True,True,True,Eyes,1.188778,-0.3330045,-3.31109,-0.5772218,-0.2138108,0.788099,0,0,0,0,0,0,0,0.9207582,0.6513861,3.353898,1.203646,-0.3261001,-3.311438,0.04510665,-0.2988499,0.03266461,0.9526737,6.054101,325.2747,2.032997,0.33606,-0.09493186,-0.9370437,0,0,0,0.680968,-0.4198036,-2.577258,-0.01129124,0.002263825,0.9060134,0.8192436,0.0352772,0.5723596,-0.08919766,0.9937968,0.06642021,-0.566466,-0.1054675,0.8173083,moving,-36.2199,-15.17895,-0.7140144,0.1431628
05/15/2023 14:22:57.561024,1428,True,True,True,True,Eyes,1.189017,-0.3327487,-3.311144,-0.5769898,-0.2108717,0.7890601,0,0,0,0,0,0,0,0.9164733,0.6373669,3.357791,1.203809,-0.3258836,-3.311429,0.04312094,-0.2983153,0.03217463,0.9529499,5.818673,325.3394,2.050405,0.3360947,-0.09486221,-0.9370382,0,0,0,0.6818725,-0.416905,-2.576767,-0.01146212,0.001214284,0.9057032,0.8199455,0.03559436,0.5713339,-0.0870489,0.9942108,0.0629878,-0.5657843,-0.1013805,0.8182971,moving,-36.17564,-14.9623,-0.7250677,0.07681692
05/15/2023 14:22:57.571439,1429,True,True,True,True,Eyes,1.189256,-0.3324946,-3.311199,-0.576741,-0.2079358,0.7900206,0,0,0,0,0,0,0,0.9122384,0.6251327,3.361503,1.20405,-0.3257371,-3.31162,0.0413841,-0.2977923,0.03161407,0.9532091,5.608139,325.4018,2.051239,0.3361316,-0.094792,-0.937032,0,0,0,0.6827932,-0.4139542,-2.576267,-0.01151043,0.0006953813,0.9055956,0.8206406,0.0356219,0.5703334,-0.08491737,0.9945759,0.06006655,-0.5651001,-0.09772426,0.8192142,moving,-36.13067,-14.74598,-0.7282099,0.04399581
05/15/2023 14:22:57.590783,1430,True,True,True,True,Eyes,1.189497,-0.3322364,-3.311248,-0.5763591,-0.2051299,0.7910322,0,0,0,0,0,0,0,0.9080278,0.6155543,3.364551,1.204273,-0.3255403,-3.311703,0.04003524,-0.2972701,0.03114658,0.9534453,5.443302,325.464,2.048862,0.3361706,-0.09472133,-0.9370252,0,0,0,0.6837545,-0.4108735,-2.575744,-0.01152748,0.0009675138,0.9053849,0.8213208,0.03559055,0.5693553,-0.08319566,0.9948542,0.05782491,-0.5643675,-0.09486069,0.8200554,moving,-36.0777,-14.53768,-0.7294579,0.06122749
05/15/2023 14:22:57.610781,1431,True,True,True,True,Eyes,1.189736,-0.3319795,-3.311296,-0.5759585,-0.2022893,0.7920548,0,0,0,0,0,0,0,0.9031242,0.6062235,3.36765,1.204341,-0.3251856,-3.3118,0.03874766,-0.2966436,0.03059555,0.9537114,5.282135,325.5382,2.035631,0.3362115,-0.09465015,-0.9370177,0,0,0,0.6846917,-0.4078701,-2.575235,-0.01163188,0.001058593,0.905132,0.822133,0.03537016,0.5681956,-0.08134713,0.9951251,0.05575622,-0.5634537,-0.09206011,0.8210024,moving,-36.02353,-14.32697,-0.7362691,0.06701002
05/15/2023 14:22:57.620943,1432,True,True,True,True,Eyes,1.189993,-0.3317242,-3.311328,-0.5754974,-0.1995111,0.793094,0,0,0,0,0,0,0,0.8976319,0.5937738,3.371418,1.204557,-0.3249781,-3.311827,0.03699031,-0.295952,0.03003798,0.9540136,5.069157,325.6206,2.037732,0.3362541,-0.09457856,-0.9370096,0,0,0,0.6856397,-0.404832,-2.57472,-0.01203725,0.000529632,0.9048942,0.8230202,0.03541857,0.5669066,-0.07920799,0.9954589,0.05279891,-0.5624622,-0.08835811,0.8220883,moving,-35.96599,-14.12036,-0.7621253,0.03353505
05/15/2023 14:22:57.640916,1433,True,True,True,True,Eyes,1.190248,-0.3314719,-3.31136,-0.575009,-0.1967358,0.7941409,0,0,0,0,0,0,0,0.8917225,0.5830812,3.374954,1.204771,-0.3247793,-3.311875,0.03548401,-0.2952023,0.02947564,0.9543205,4.883431,325.7095,2.030823,0.3362989,-0.09450665,-0.9370008,0,0,0,0.686597,-0.4017642,-2.5742,-0.0125052,0.000472676,0.9046759,0.8239736,0.03530849,0.565527,-0.07720833,0.9957442,0.0503237,-0.5613434,-0.08512879,0.823193,moving,-35.90695,-13.91399,-0.7919408,0.02993596
05/15/2023 14:22:57.661535,1434,True,True,True,True,Eyes,1.190485,-0.3312218,-3.311408,-0.57443,-0.1940334,0.795224,0,0,0,0,0,0,0,0.8857892,0.573841,3.378228,1.205001,-0.3246136,-3.311939,0.03417042,-0.2944175,0.02917071,0.9546202,4.727468,325.8035,2.045584,0.3363455,-0.09443455,-0.9369913,0,0,0,0.6875154,-0.3988211,-2.573701,-0.01308662,0.0008068606,0.904501,0.8249348,0.03557316,0.5641074,-0.07581464,0.995963,0.04806281,-0.5601202,-0.08241629,0.8243014,moving,-35.84246,-13.71215,-0.8289163,0.05111072
05/15/2023 14:22:57.680896,1435,True,True,True,True,Eyes,1.190721,-0.3309713,-3.311458,-0.5738301,-0.191324,0.7963128,0,0,0,0,0,0,0,0.8799045,0.5642642,3.381551,1.205215,-0.3243843,-3.312061,0.03282865,-0.29366,0.02865854,0.9549162,4.56149,325.8933,2.038138,0.3363932,-0.09436232,-0.9369815,0,0,0,0.6884862,-0.39571,-2.573174,-0.01349783,0.001079727,0.9043601,0.8258849,0.03545209,0.562723,-0.07401393,0.9962019,0.04586548,-0.5589598,-0.07952896,0.8253722,moving,-35.77686,-13.50994,-0.8550922,0.06840613
05/15/2023 14:22:57.690839,1436,True,True,True,True,Eyes,1.190925,-0.3307273,-3.311531,-0.573072,-0.1886826,0.7974881,0,0,0,0,0,0,0,0.8738056,0.5546979,3.384866,1.205434,-0.3241422,-3.31216,0.03149179,-0.2928766,0.02813243,0.9552174,4.395554,325.986,2.02886,0.3364418,-0.09428995,-0.9369714,0,0,0,0.6893713,-0.3928733,-2.572693,-0.01408175,0.001072593,0.9042442,0.8268637,0.03529876,0.5612935,-0.0721916,0.9964337,0.04368433,-0.5577497,-0.07664166,0.8264631,moving,-35.70089,-13.31119,-0.892192,0.06796286
05/15/2023 14:22:57.711127,1437,True,True,True,True,Eyes,1.19113,-0.3304816,-3.311599,-0.5723003,-0.1860276,0.7986653,0,0,0,0,0,0,0,0.8686732,0.5440564,3.388074,1.205649,-0.3240125,-3.31226,0.02997756,-0.2921936,0.02786108,0.9554832,4.218935,326.0676,2.052783,0.3364903,-0.09421761,-0.9369612,0,0,0,0.6903393,-0.3897711,-2.572167,-0.0143843,0.001272094,0.9041003,0.8276933,0.03572309,0.5600426,-0.07076009,0.9966502,0.04100445,-0.5567017,-0.07356777,0.8274485,moving,-35.62428,-13.11173,-0.911503,0.08061666
05/15/2023 14:22:57.730702,1438,True,True,True,True,Eyes,1.191308,-0.3302371,-3.31169,-0.5713938,-0.183409,0.7999189,0,0,0,0,0,0,0,0.8630213,0.5334176,3.39124,1.205872,-0.3237377,-3.312238,0.02848036,-0.2914392,0.02767161,0.9557648,4.04674,326.1578,2.085181,0.3365386,-0.09414525,-0.9369512,0,0,0,0.6912981,-0.3866986,-2.571646,-0.01491129,0.001371713,0.9038817,0.8285949,0.03629451,0.5586709,-0.06949569,0.9968463,0.03831185,-0.5555184,-0.07057022,0.8285041,moving,-35.53878,-12.91382,-0.9451201,0.0869509
05/15/2023 14:22:57.740703,1439,True,True,True,True,Eyes,1.191492,-0.3299952,-3.311775,-0.5704883,-0.1807567,0.8011681,0,0,0,0,0,0,0,0.85762,0.5211734,3.394685,1.206133,-0.3234549,-3.312346,0.02675088,-0.2907021,0.0275695,0.9560422,3.851972,326.2461,2.134548,0.336586,-0.09407289,-0.9369414,0,0,0,0.6921819,-0.3838663,-2.571166,-0.01547238,0.0008843616,0.9038273,0.8294644,0.03716214,0.557322,-0.06826828,0.9970486,0.03512091,-0.554372,-0.06717896,0.8295533,moving,-35.45355,-12.714,-0.9807355,0.05606178
05/15/2023 14:22:57.761358,1440,True,True,True,True,Eyes,1.191661,-0.3297541,-3.311873,-0.5695652,-0.1781383,0.8024103,0,0,0,0,0,0,0,0.8524679,0.5090505,3.397889,1.206484,-0.3232906,-3.312304,0.02503452,-0.2900465,0.02727309,0.9562963,3.652315,326.3236,2.161513,0.3366327,-0.09400062,-0.9369318,0,0,0,0.693158,-0.3807382,-2.570635,-0.01590917,0.0007186793,0.9036722,0.8302584,0.03763996,0.5561062,-0.06668465,0.9972589,0.03205989,-0.5533752,-0.06370176,0.8304926,moving,-35.36781,-12.51689,-1.008589,0.04556661
05/15/2023 14:22:57.774825,1441,True,True,True,True,Eyes,1.191837,-0.3295142,-3.31196,-0.5685978,-0.1755199,0.8036724,0,0,0,0,0,0,0,0.8443073,0.5007977,3.401243,1.206935,-0.323036,-3.312259,0.02390205,-0.2890497,0.02644396,0.9566504,3.498306,326.4403,2.111606,0.3366784,-0.09392843,-0.9369227,0,0,0,0.6941025,-0.3777111,-2.570122,-0.01706269,0.00109099,0.9035829,0.831502,0.03677748,0.5543031,-0.064413,0.9974588,0.03044457,-0.5517749,-0.06101903,0.8317579,moving,-35.27938,-12.3198,-1.081809,0.06917917
05/15/2023 14:22:57.791612,1442,True,True,True,True,Eyes,1.192003,-0.3292795,-3.312054,-0.5676866,-0.1729317,0.8048768,0,0,0,0,0,0,0,0.833575,0.4931903,3.404968,1.207312,-0.32285,-3.312107,0.02285709,-0.2877146,0.02542158,0.9571059,3.346924,326.5971,2.038459,0.3367233,-0.09385635,-0.9369137,0,0,0,0.6950456,-0.3746888,-2.56961,-0.01884413,0.00157325,0.9033544,0.8331481,0.03550964,0.5519087,-0.06181492,0.9976626,0.029125,-0.5495844,-0.05838163,0.8333958,moving,-35.19565,-12.12594,-1.195026,0.09978418
05/15/2023 14:22:57.811268,1443,True,True,True,True,Eyes,1.192175,-0.3290476,-3.312147,-0.5667319,-0.1703731,0.8060943,0,0,0,0,0,0,0,0.8233552,0.4858292,3.408615,1.207628,-0.3227364,-3.31211,0.02183955,-0.2864262,0.02443709,0.9575416,3.200109,326.7483,1.968025,0.3367672,-0.09378451,-0.9369051,0,0,0,0.6959706,-0.3717244,-2.569107,-0.02042064,0.002138156,0.9032308,0.8347257,0.03428821,0.5495974,-0.05930989,0.9978517,0.02782572,-0.5474627,-0.0558234,0.8349662,moving,-35.10949,-11.93418,-1.295148,0.1356321
05/15/2023 14:22:57.820670,1444,True,True,True,True,Eyes,1.192324,-0.3288223,-3.312257,-0.5656813,-0.1678959,0.8073509,0,0,0,0,0,0,0,0.8125808,0.4815291,3.411943,1.208001,-0.3225666,-3.312128,0.02128584,-0.2851041,0.02315394,0.9579805,3.09464,326.903,1.849356,0.3368104,-0.09371297,-0.9368967,0,0,0,0.6970246,-0.3683466,-2.568534,-0.0219152,0.003688993,0.903123,0.8363591,0.03222469,0.5472339,-0.0564994,0.9980217,0.02758026,-0.5452625,-0.05398539,0.8365252,moving,-35.01752,-11.74773,-1.390068,0.2340352
05/15/2023 14:22:57.840787,1445,True,True,True,True,Eyes,1.192481,-0.3286002,-3.312359,-0.5645864,-0.1654477,0.8086219,0,0,0,0,0,0,0,0.802101,0.478656,3.41503,1.208362,-0.3225104,-3.312213,0.0209226,-0.2838133,0.02190389,0.9584011,3.011575,327.054,1.727778,0.3368523,-0.09364187,-0.9368888,0,0,0,0.697913,-0.3654997,-2.568052,-0.02350387,0.005175041,0.9031075,0.8379405,0.03010921,0.5449305,-0.05386165,0.9981649,0.02767125,-0.5430973,-0.05253771,0.8380246,moving,-34.92306,-11.56338,-1.490818,0.3283162
05/15/2023 14:22:57.861085,1446,True,True,True,True,Eyes,1.19264,-0.3283834,-3.312466,-0.563534,-0.163051,0.8098418,0,0,0,0,0,0,0,0.7910147,0.474511,3.418272,1.208705,-0.3223985,-3.31218,0.02038716,-0.2824391,0.02067921,0.9588456,2.910589,327.2151,1.614604,0.3368932,-0.09357126,-0.9368812,0,0,0,0.6987994,-0.3626591,-2.56757,-0.02531868,0.006314073,0.9029886,0.839601,0.02814008,0.5424743,-0.05117261,0.9983135,0.02741504,-0.5407879,-0.05077752,0.839625,moving,-34.83239,-11.38356,-1.606082,0.4006295
05/15/2023 14:22:57.870966,1447,True,True,True,True,Eyes,1.192809,-0.328171,-3.312573,-0.5624382,-0.1606952,0.8110736,0,0,0,0,0,0,0,0.7805696,0.4708,3.42149,1.209088,-0.3223188,-3.312364,0.01988915,-0.2810987,0.01984179,0.9592676,2.826575,327.3732,1.542491,0.3369333,-0.09350123,-0.9368738,0,0,0,0.699668,-0.3598752,-2.567098,-0.02701557,0.007715665,0.9030784,0.8411797,0.02688554,0.5400869,-0.04924879,0.9984214,0.02700303,-0.5385083,-0.04931303,0.8411759,moving,-34.73934,-11.20668,-1.713491,0.4895082
05/15/2023 14:22:57.890916,1448,True,True,True,True,Eyes,1.192988,-0.3279554,-3.312674,-0.5615932,-0.1582698,0.8121353,0,0,0,0,0,0,0,0.7707014,0.4668932,3.424525,1.209481,-0.32223,-3.312502,0.01934971,-0.2798094,0.01930102,0.9596665,2.747798,327.5259,1.504004,0.3369727,-0.09343183,-0.9368665,0,0,0,0.7006079,-0.3568633,-2.566587,-0.02857035,0.009425418,0.9031246,0.8426684,0.02621663,0.5377944,-0.04787354,0.9985061,0.02633732,-0.5363005,-0.04793974,0.8426646,moving,-34.66393,-11.02765,-1.811948,0.5979431
05/15/2023 14:22:57.910963,1449,True,True,True,True,Eyes,1.193175,-0.327732,-3.312775,-0.5607071,-0.1558385,0.813217,0,0,0,0,0,0,0,0.7606113,0.4612674,3.427709,1.209818,-0.3219571,-3.312577,0.01858549,-0.2784729,0.01887183,0.9600788,2.647874,327.6845,1.484898,0.3370121,-0.09336293,-0.9368592,0,0,0,0.7015548,-0.3538288,-2.566073,-0.03020969,0.01064628,0.9031001,0.8441935,0.02588579,0.5354133,-0.04658801,0.9985968,0.02517649,-0.5340103,-0.04619767,0.8442149,moving,-34.58598,-10.8482,-1.915892,0.6754057
05/15/2023 14:22:57.920759,1450,True,True,True,True,Eyes,1.193353,-0.3275034,-3.312884,-0.5597998,-0.1532965,0.8143245,0,0,0,0,0,0,0,0.7519144,0.4521216,3.431062,1.210199,-0.3215483,-3.312703,0.0173315,-0.2773084,0.01861041,0.9604445,2.499664,327.8228,1.499091,0.3370515,-0.09329424,-0.9368519,0,0,0,0.7025091,-0.3507703,-2.565555,-0.03154761,0.01100716,0.9031711,0.8455074,0.02613619,0.5333236,-0.04536086,0.9987065,0.02297023,-0.5320334,-0.04361353,0.8455994,moving,-34.50621,-10.66116,-2.000518,0.6982428
05/15/2023 14:22:57.940751,1451,True,True,True,True,Eyes,1.193537,-0.3272744,-3.312994,-0.5588806,-0.150672,0.8154448,0,0,0,0,0,0,0,0.7436435,0.4375053,3.434952,1.210526,-0.321197,-3.312819,0.01530899,-0.2762163,0.01809425,0.9608033,2.258824,327.9515,1.508962,0.3370906,-0.09322558,-0.9368447,0,0,0,0.7034273,-0.3478279,-2.565056,-0.03277749,0.009842585,0.9032375,0.8467543,0.02631285,0.531333,-0.04322722,0.9988765,0.01942199,-0.530225,-0.03941371,0.8469404,moving,-34.42553,-10.46863,-2.078289,0.6243278
05/15/2023 14:22:57.960975,1452,True,True,True,True,Eyes,1.1937,-0.327046,-3.313125,-0.5578941,-0.1479706,0.8166143,0,0,0,0,0,0,0,0.7371861,0.4211195,3.438641,1.210875,-0.3209745,-3.312974,0.01301214,-0.2753579,0.01772359,0.9610904,1.99271,328.0522,1.542487,0.3371296,-0.09315694,-0.9368375,0,0,0,0.7043744,-0.3447928,-2.564541,-0.03353432,0.008504089,0.903363,0.8477278,0.02690195,0.5297489,-0.04123393,0.9990331,0.01525103,-0.5288263,-0.03477235,0.8480175,moving,-34.34009,-10.27056,-2.125937,0.5393557
05/15/2023 14:22:57.971359,1453,True,True,True,True,Eyes,1.193868,-0.3268115,-3.313256,-0.5569075,-0.1451951,0.8177851,0,0,0,0,0,0,0,0.7319961,0.4056596,3.441897,1.211221,-0.3207462,-3.313171,0.01085543,-0.2746784,0.01731889,0.9613189,1.741218,328.1313,1.567068,0.3371679,-0.09308829,-0.9368305,0,0,0,0.7053242,-0.3417487,-2.564025,-0.03391862,0.00738525,0.9035418,0.8485037,0.02733445,0.528483,-0.03926146,0.9991644,0.01135681,-0.527731,-0.03038531,0.848868,moving,-34.25467,-10.06776,-2.149853,0.4683063
05/15/2023 14:22:57.991212,1454,True,True,True,True,Eyes,1.194049,-0.3265668,-3.313385,-0.5561382,-0.1421369,0.8188453,0,0,0,0,0,0,0,0.7262205,0.3897321,3.445161,1.211546,-0.3203827,-3.313297,0.008669408,-0.2739445,0.01667315,0.961562,1.478818,328.2162,1.565731,0.3372055,-0.09301947,-0.9368238,0,0,0,0.7062749,-0.3387022,-2.563509,-0.03442666,0.00594609,0.9036568,0.8493528,0.02731466,0.5271182,-0.03681441,0.9992937,0.00753731,-0.52654,-0.02580738,0.8497585,moving,-34.18332,-9.847402,-2.181745,0.3770026
05/15/2023 14:22:58.010865,1455,True,True,True,True,Eyes,1.194234,-0.3263217,-3.313515,-0.5553786,-0.13897,0.8199036,0,0,0,0,0,0,0,0.7207402,0.3736418,3.44839,1.211948,-0.3199305,-3.313503,0.006456229,-0.2732282,0.01629179,0.9617896,1.221743,328.2991,1.593992,0.3372431,-0.0929502,-0.9368172,0,0,0,0.7072328,-0.3356322,-2.562988,-0.03491595,0.004544596,0.9038894,0.8501619,0.02781049,0.5257865,-0.03486659,0.9993858,0.003516318,-0.5253657,-0.02132182,0.8506094,moving,-34.11256,-9.619954,-2.212154,0.2880706
05/15/2023 14:22:58.030742,1456,True,True,True,True,Eyes,1.19443,-0.3260709,-3.313645,-0.554755,-0.1355905,0.820891,0,0,0,0,0,0,0,0.717127,0.3527332,3.451568,1.21224,-0.319686,-3.313652,0.003529872,-0.2727487,0.01597475,0.9619463,0.8884224,328.3527,1.651013,0.3372805,-0.09288049,-0.9368106,0,0,0,0.7081623,-0.3326535,-2.562483,-0.03494251,0.00205767,0.9040421,0.8507059,0.02880816,0.524852,-0.03265923,0.9994647,-0.001923089,-0.5246264,-0.01550528,0.8511913,moving,-34.05068,-9.379134,-2.213461,0.1304094
05/15/2023 14:22:58.041219,1457,True,True,True,True,Eyes,1.194631,-0.3258151,-3.313776,-0.5541344,-0.1321525,0.8218703,0,0,0,0,0,0,0,0.7142307,0.3329929,3.454476,1.212501,-0.3193522,-3.313951,0.0008160296,-0.2723956,0.01525274,0.962064,0.5660745,328.3907,1.656369,0.3373181,-0.09281024,-0.936804,0,0,0,0.7091261,-0.3295649,-2.56196,-0.03458032,-0.0002789577,0.9043152,0.8511361,0.02890365,0.5241488,-0.02979279,0.9995334,-0.006739409,-0.524099,-0.0098797,0.8516,moving,-33.98926,-9.134677,-2.18988,-0.01767425
05/15/2023 14:22:58.061183,1458,True,True,True,True,Eyes,1.194852,-0.3255535,-3.313894,-0.5536623,-0.1286183,0.8227487,0,0,0,0,0,0,0,0.7104237,0.3161484,3.457115,1.212825,-0.3190008,-3.314149,-0.001481032,-0.2719361,0.01449809,0.9622051,0.288485,328.4417,1.644965,0.3373561,-0.09273934,-0.9367973,0,0,0,0.7100903,-0.3264746,-2.561435,-0.03450909,-0.001929728,0.9045339,0.8516811,0.02870575,0.5232736,-0.02709477,0.9995752,-0.01073522,-0.5233595,-0.005034992,0.8520971,moving,-33.93827,-8.884995,-2.184846,-0.1222344
05/15/2023 14:22:58.071287,1459,True,True,True,True,Eyes,1.195075,-0.3252893,-3.314016,-0.5531791,-0.1250089,0.8236296,0,0,0,0,0,0,0,0.705915,0.2978286,3.459862,1.213096,-0.3186576,-3.31429,-0.003996742,-0.2713628,0.01385971,0.9623691,359.9902,328.5057,1.652952,0.337395,-0.09266772,-0.9367904,0,0,0,0.7110095,-0.323529,-2.560936,-0.03469419,-0.004026697,0.9046748,0.8523403,0.02884545,0.5221914,-0.02450719,0.9995839,-0.0152147,-0.522413,0.0001706604,0.8526925,moving,-33.88672,-8.63037,-2.196212,-0.2550212
05/15/2023 14:22:58.090969,1460,True,True,True,True,Eyes,1.195311,-0.3250239,-3.314131,-0.5528065,-0.1213802,0.8244221,0,0,0,0,0,0,0,0.7015114,0.278502,3.462643,1.213369,-0.3183531,-3.314508,-0.00666836,-0.2707848,0.0133531,0.9625242,359.6788,328.5698,1.679993,0.3374348,-0.09259538,-0.9367833,0,0,0,0.7119091,-0.3206463,-2.560447,-0.03487238,-0.006345849,0.9048862,0.8529946,0.02931674,0.5210958,-0.02209398,0.9995545,-0.02006855,-0.5214519,0.005605283,0.8532622,moving,-33.84336,-8.375521,-2.206965,-0.4018012
05/15/2023 14:22:58.111090,1461,True,True,True,True,Eyes,1.195549,-0.3247567,-3.314252,-0.5524253,-0.1177199,0.825208,0,0,0,0,0,0,0,0.6970665,0.2605317,3.465226,1.213549,-0.3181098,-3.314766,-0.009151127,-0.2701914,0.01280845,0.962678,359.3871,328.6356,1.69664,0.3374756,-0.09252234,-0.9367757,0,0,0,0.7128436,-0.3176512,-2.55994,-0.03492612,-0.008193741,0.9050863,0.8536651,0.02960593,0.5199803,-0.01971571,0.9995044,-0.02454064,-0.5204491,0.01069771,0.8538257,moving,-33.79984,-8.11874,-2.209874,-0.5186841
05/15/2023 14:22:58.120650,1462,True,True,True,True,Eyes,1.195776,-0.3244929,-3.31439,-0.5519749,-0.1141842,0.8260059,0,0,0,0,0,0,0,0.6935378,0.2451532,3.46737,1.213852,-0.3178209,-3.315011,-0.01124653,-0.2697545,0.01213648,0.9627871,359.1343,328.6835,1.687069,0.3375175,-0.09244861,-0.9367679,0,0,0,0.713832,-0.3144839,-2.559402,-0.03472275,-0.009324525,0.9053634,0.8541705,0.02943729,0.5191591,-0.01730208,0.9994524,-0.02820377,-0.5197052,0.0151083,0.854212,moving,-33.75266,-7.870491,-2.196347,-0.5900801
05/15/2023 14:22:58.141349,1463,True,True,True,True,Eyes,1.196004,-0.3242324,-3.314528,-0.5515078,-0.1106506,0.8267983,0,0,0,0,0,0,0,0.6895723,0.232336,3.469493,1.214175,-0.3176499,-3.315381,-0.0129917,-0.2692544,0.01143178,0.9629136,358.9191,328.7397,1.662781,0.3375599,-0.09237433,-0.93676,0,0,0,0.714712,-0.3116637,-2.558924,-0.03471285,-0.01009887,0.9057693,0.8547428,0.02901177,0.5182404,-0.01501948,0.999401,-0.03117589,-0.5188345,0.01886366,0.8546665,moving,-33.70489,-7.622612,-2.194739,-0.6387925
05/15/2023 14:22:58.161228,1464,True,True,True,True,Eyes,1.196268,-0.3239683,-3.314653,-0.5512318,-0.1071667,0.8274411,0,0,0,0,0,0,0,0.6852404,0.2204087,3.471353,1.214439,-0.3174868,-3.315534,-0.01462158,-0.268702,0.01085386,0.9630512,358.7205,328.8022,1.648657,0.3376027,-0.09229964,-0.9367519,0,0,0,0.7156644,-0.3086114,-2.558407,-0.03476888,-0.01036138,0.9059688,0.8553628,0.02876335,0.5172303,-0.01304795,0.9993368,-0.03399557,-0.5178651,0.02232975,0.8551708,moving,-33.6711,-7.379629,-2.197794,-0.6552519
05/15/2023 14:22:58.170854,1465,True,True,True,True,Eyes,1.196532,-0.3237037,-3.314782,-0.5509189,-0.103682,0.8280932,0,0,0,0,0,0,0,0.6812304,0.20961,3.473254,1.214758,-0.3172066,-3.315908,-0.01607642,-0.2681825,0.01032887,0.9631786,358.5429,328.8611,1.634822,0.337647,-0.09222449,-0.9367433,0,0,0,0.7166212,-0.305545,-2.557887,-0.0346908,-0.01040537,0.9064,0.855943,0.02851993,0.5162832,-0.01127427,0.9992697,-0.03650898,-0.5169473,0.02542888,0.8556394,moving,-33.63527,-7.136622,-2.191821,-0.6577202
05/15/2023 14:22:58.191136,1466,True,True,True,True,Eyes,1.196804,-0.3234335,-3.314909,-0.5505975,-0.100285,0.828725,0,0,0,0,0,0,0,0.6754881,0.1976938,3.475388,1.215031,-0.3169532,-3.316162,-0.01768367,-0.2674341,0.009654631,0.9633654,358.3435,328.947,1.608621,0.3376926,-0.09214889,-0.9367343,0,0,0,0.7175522,-0.3025616,-2.557381,-0.03510126,-0.01084266,0.9066923,0.8567715,0.02806031,0.5149322,-0.009143443,0.9991881,-0.03923563,-0.5156151,0.02890772,0.8563325,moving,-33.59971,-6.899884,-2.217015,-0.6851377
05/15/2023 14:22:58.211045,1467,True,True,True,True,Eyes,1.197077,-0.3231658,-3.315039,-0.5502346,-0.09684873,0.8293746,0,0,0,0,0,0,0,0.6697265,0.1844217,3.477544,1.215302,-0.3165869,-3.316425,-0.01946251,-0.2666823,0.008945419,0.9635465,358.1241,329.0329,1.583517,0.3377395,-0.09207274,-0.9367249,0,0,0,0.7185096,-0.2994935,-2.556861,-0.03548622,-0.01162762,0.9069936,0.8576012,0.02761926,0.5135733,-0.006858046,0.9990824,-0.04227722,-0.5142696,0.03273488,0.8570036,moving,-33.56161,-6.660448,-2.240561,-0.734489
05/15/2023 14:22:58.220927,1468,True,True,True,True,Eyes,1.197333,-0.3229015,-3.315178,-0.5498784,-0.09347256,0.8299979,0,0,0,0,0,0,0,0.6631768,0.1691845,3.479866,1.215578,-0.3163993,-3.316648,-0.02155315,-0.2658121,0.008342309,0.9637479,357.8734,329.1318,1.579095,0.3377876,-0.09199615,-0.9367151,0,0,0,0.7194328,-0.2965346,-2.55636,-0.03615671,-0.01282045,0.9072602,0.8585486,0.02753794,0.511992,-0.004621591,0.9989317,-0.04597856,-0.5127112,0.03710862,0.8577588,moving,-33.5247,-6.425453,-2.28218,-0.8095902
05/15/2023 14:22:58.240845,1469,True,True,True,True,Eyes,1.197588,-0.3226422,-3.315325,-0.5494757,-0.09009451,0.8306379,0,0,0,0,0,0,0,0.6562496,0.1537471,3.482159,1.215763,-0.3162257,-3.316874,-0.02366123,-0.2648866,0.007597091,0.9639593,357.6162,329.2374,1.558936,0.3378363,-0.09191925,-0.9367051,0,0,0,0.7203439,-0.2936147,-2.555864,-0.03686604,-0.01414866,0.9074848,0.8595546,0.02718166,0.5103205,-0.002111484,0.9987649,-0.04964167,-0.5110394,0.0415922,0.8585504,moving,-33.48506,-6.190343,-2.326328,-0.8932302
05/15/2023 14:22:58.261259,1470,True,True,True,True,Eyes,1.197861,-0.3223828,-3.315458,-0.5491086,-0.08684234,0.8312269,0,0,0,0,0,0,0,0.6495184,0.1418998,3.484314,1.215973,-0.3161056,-3.317219,-0.0252892,-0.2639684,0.007133374,0.9641734,357.4208,329.3428,1.554866,0.3378853,-0.0918422,-0.9366949,0,0,0,0.7213349,-0.2904391,-2.555326,-0.03741437,-0.01419283,0.9078572,0.8605395,0.02710672,0.5086619,-0.0004045145,0.9986191,-0.05253232,-0.5093835,0.04500038,0.8593622,moving,-33.44875,-5.964332,-2.359923,-0.8956505
05/15/2023 14:22:58.280706,1471,True,True,True,True,Eyes,1.198132,-0.3221253,-3.315598,-0.5486971,-0.08361292,0.8318295,0,0,0,0,0,0,0,0.6430403,0.1310237,3.486174,1.216166,-0.3158837,-3.317414,-0.02676699,-0.2630937,0.006694992,0.9643757,357.2428,329.4434,1.54882,0.3379354,-0.09176503,-0.9366843,0,0,0,0.7222502,-0.2875058,-2.554829,-0.03803447,-0.01430023,0.9080986,0.8614737,0.02699742,0.5070839,0.001171479,0.9984774,-0.05514968,-0.5078008,0.04810404,0.8601305,moving,-33.40992,-5.739914,-2.398354,-0.9021873
05/15/2023 14:22:58.290854,1472,True,True,True,True,Eyes,1.198453,-0.3218662,-3.3157,-0.5484858,-0.08042791,0.8322828,0,0,0,0,0,0,0,0.6367714,0.1214249,3.488044,1.216398,-0.3156804,-3.31774,-0.02808302,-0.2622313,0.006475049,0.9645746,357.0892,329.5424,1.56179,0.3379862,-0.09168779,-0.9366735,0,0,0,0.7232153,-0.2844129,-2.554304,-0.03853062,-0.01384046,0.9084955,0.8623856,0.02721983,0.5055196,0.002237155,0.9983389,-0.05757225,-0.506247,0.05078041,0.8608922,moving,-33.38543,-5.519657,-2.428542,-0.8728044
05/15/2023 14:22:58.312052,1473,True,True,True,True,Eyes,1.198771,-0.3216091,-3.315805,-0.5482266,-0.07721684,0.8327576,0,0,0,0,0,0,0,0.6303945,0.1082641,3.489799,1.21659,-0.3154648,-3.317862,-0.02990493,-0.2613572,0.006284592,0.9647583,356.8806,329.6409,1.592979,0.3380393,-0.09161049,-0.9366619,0,0,0,0.7241599,-0.2813857,-2.553791,-0.03914383,-0.01430921,0.9086893,0.8633059,0.02775796,0.5039172,0.003505506,0.9981324,-0.0609871,-0.5046688,0.05441701,0.8615963,moving,-33.35798,-5.297562,-2.466619,-0.9021667
05/15/2023 14:22:58.320828,1474,True,True,True,True,Eyes,1.199098,-0.321356,-3.315902,-0.5479871,-0.07408881,0.8331992,0,0,0,0,0,0,0,0.6241394,0.09424785,3.491571,1.216814,-0.315267,-3.318052,-0.03185249,-0.260496,0.006134009,0.9649299,356.6592,329.7372,1.632066,0.3380943,-0.09153319,-0.9366496,0,0,0,0.7250978,-0.2783801,-2.553282,-0.03972974,-0.01498498,0.9089647,0.8642085,0.02843267,0.5023299,0.004757114,0.9978955,-0.06466662,-0.5031115,0.05827508,0.8622546,moving,-33.33253,-5.081427,-2.502736,-0.9444795
05/15/2023 14:22:58.340847,1475,True,True,True,True,Eyes,1.199417,-0.3211096,-3.315999,-0.5477041,-0.07097448,0.8336563,0,0,0,0,0,0,0,0.6179631,0.0816935,3.493207,1.216997,-0.3151293,-3.318231,-0.03360287,-0.2596428,0.00600066,0.9651014,356.4601,329.8328,1.666824,0.3381513,-0.09145602,-0.9366366,0,0,0,0.7259787,-0.2755569,-2.552803,-0.04033461,-0.01543157,0.9092194,0.8650992,0.02903198,0.50076,0.005866996,0.9976697,-0.0679764,-0.5015664,0.06174429,0.862913,moving,-33.30452,-4.86622,-2.540079,-0.9723495
05/15/2023 14:22:58.361290,1476,True,True,True,True,Eyes,1.199747,-0.3208651,-3.316089,-0.5474129,-0.06796902,0.834098,0,0,0,0,0,0,0,0.6124679,0.07146305,3.494561,1.21727,-0.3157157,-3.318246,-0.03513519,-0.2589005,0.005961215,0.9652463,356.288,329.9155,1.705579,0.3382099,-0.09137915,-0.9366229,0,0,0,0.726927,-0.2725178,-2.552288,-0.04078043,-0.01450769,0.9094622,0.8658699,0.02970112,0.4993867,0.006684957,0.9974599,-0.07091495,-0.5002245,0.0647415,0.8634721,moving,-33.27662,-4.658628,-2.567432,-0.9139017
05/15/2023 14:22:58.371464,1477,True,True,True,True,Eyes,1.200074,-0.3206446,-3.316174,-0.5470923,-0.06497592,0.8345467,0,0,0,0,0,0,0,0.6084753,0.06195125,3.495717,1.217457,-0.3155332,-3.318487,-0.03644818,-0.258349,0.005864108,0.965346,356.1388,329.9765,1.73192,0.3382704,-0.09130263,-0.9366086,0,0,0,0.7279097,-0.2693685,-2.551754,-0.04065984,-0.0139165,0.9098465,0.8664428,0.03015449,0.4983649,0.007510921,0.9972743,-0.0734002,-0.4992199,0.06734025,0.8638546,moving,-33.24709,-4.451939,-2.558771,-0.8762959
05/15/2023 14:22:58.390928,1478,True,True,True,True,Eyes,1.200388,-0.3204235,-3.316265,-0.5466111,-0.06208492,0.8350819,0,0,0,0,0,0,0,0.6037318,0.0528633,3.496763,1.217583,-0.3152393,-3.318547,-0.03767857,-0.2577057,0.005660153,0.9654719,355.9953,330.0489,1.743418,0.3383324,-0.09122709,-0.9365935,0,0,0,0.7288348,-0.2664039,-2.551251,-0.04082578,-0.01351932,0.9100293,0.8671114,0.0303494,0.4971887,0.008490528,0.9970966,-0.07567252,-0.4980418,0.06983791,0.8643362,moving,-33.20715,-4.251885,-2.568684,-0.851119
05/15/2023 14:22:58.411087,1479,True,True,True,True,Eyes,1.200698,-0.3202019,-3.31636,-0.5461237,-0.05915742,0.8356131,0,0,0,0,0,0,0,0.6001142,0.0411703,3.497753,1.217782,-0.3149906,-3.318719,-0.03926795,-0.2572234,0.005317703,0.9655392,355.8083,330.1012,1.750767,0.3383954,-0.09115241,-0.936578,0,0,0,0.7297581,-0.2634451,-2.55075,-0.04070261,-0.01379921,0.910359,0.8676157,0.03047017,0.4963008,0.009932366,0.9968596,-0.07856516,-0.4971361,0.07309382,0.8645883,moving,-33.16705,-4.049512,-2.560018,-0.868422
05/15/2023 14:22:58.430701,1480,True,True,True,True,Eyes,1.200972,-0.3199813,-3.316472,-0.5454013,-0.0563219,0.8362806,0,0,0,0,0,0,0,0.5968949,0.02772865,3.498636,1.21798,-0.3147804,-3.318877,-0.0410949,-0.2568022,0.004820843,0.965578,355.5905,330.1458,1.748171,0.3384592,-0.09107851,-0.9365621,0,0,0,0.7307776,-0.2601778,-2.550195,-0.04035631,-0.01423804,0.9107068,0.8680588,0.03041632,0.4955288,0.01179672,0.996576,-0.08183666,-0.4963212,0.07688465,0.8647277,moving,-33.11139,-3.852942,-2.537298,-0.8956922
05/15/2023 14:22:58.440804,1481,True,True,True,True,Eyes,1.201239,-0.3197621,-3.316586,-0.5446887,-0.05346723,0.8369322,0,0,0,0,0,0,0,0.5931885,0.01697257,3.499491,1.218103,-0.3145506,-3.319019,-0.04252969,-0.2563132,0.004213792,0.9656484,355.4127,330.2004,1.721203,0.3385226,-0.09100532,-0.9365463,0,0,0,0.7316197,-0.2574791,-2.549738,-0.0403057,-0.01463259,0.9109762,0.8685715,0.02993993,0.4946585,0.01366376,0.996347,-0.08429757,-0.4953754,0.07997736,0.8649895,moving,-33.05672,-3.655361,-2.533372,-0.9202366
05/15/2023 14:22:58.461353,1482,True,True,True,True,Eyes,1.201491,-0.3195456,-3.316702,-0.5438284,-0.05063524,0.8376675,0,0,0,0,0,0,0,0.5908277,0.005453944,3.500106,1.218217,-0.3143858,-3.31918,-0.04408403,-0.2560029,0.003661969,0.9656634,355.2237,330.2331,1.704631,0.3385856,-0.09093279,-0.9365306,0,0,0,0.7326074,-0.2543139,-2.549201,-0.03971615,-0.01468971,0.9113179,0.8688982,0.02964374,0.4941024,0.01549882,0.9960864,-0.08701562,-0.4947481,0.08326571,0.8650382,moving,-32.99234,-3.459201,-2.495429,-0.9234819
05/15/2023 14:22:58.471563,1483,True,True,True,True,Eyes,1.20174,-0.3193329,-3.316816,-0.5429921,-0.04778986,0.8383769,0,0,0,0,0,0,0,0.5894234,-0.008079618,3.500381,1.218308,-0.3142383,-3.319207,-0.04591628,-0.2558323,0.003008197,0.9656255,355.0011,330.2484,1.68561,0.3386477,-0.09086097,-0.9365152,0,0,0,0.7335284,-0.2513624,-2.548701,-0.03899512,-0.01547455,0.9115283,0.8690816,0.02930332,0.4938001,0.01768415,0.9957653,-0.09021506,-0.4943526,0.08713668,0.8648831,moving,-32.92994,-3.262492,-2.449615,-0.9725878
05/15/2023 14:22:58.491845,1484,True,True,True,True,Eyes,1.201956,-0.3191219,-3.316945,-0.5421337,-0.04500194,0.8390864,0,0,0,0,0,0,0,0.5879236,-0.01888481,3.500735,1.218502,-0.314137,-3.319297,-0.04736903,-0.2556575,0.002365081,0.9656033,354.8209,330.2658,1.656421,0.338709,-0.09078988,-0.9364999,0,0,0,0.7344978,-0.2482557,-2.548174,-0.03828093,-0.01540158,0.9118813,0.8692673,0.02878796,0.4935035,0.01965303,0.9955012,-0.09268869,-0.4939516,0.09027008,0.8647909,moving,-32.8665,-3.06995,-2.403875,-0.9676275
05/15/2023 14:22:58.511026,1485,True,True,True,True,Eyes,1.20217,-0.3189077,-3.317072,-0.5412835,-0.04221725,0.8397797,0,0,0,0,0,0,0,0.5858403,-0.02683794,3.501134,1.218672,-0.313938,-3.31936,-0.04840912,-0.2554021,0.001760221,0.9656207,354.6873,330.2945,1.618726,0.3387685,-0.09071951,-0.9364852,0,0,0,0.7354121,-0.2453258,-2.547678,-0.0377849,-0.01485511,0.9121916,0.8695334,0.02812699,0.4930727,0.02132816,0.9953069,-0.09438881,-0.4934135,0.09259056,0.8648527,moving,-32.80398,-2.877941,-2.371956,-0.9329833
05/15/2023 14:22:58.530465,1486,True,True,True,True,Eyes,1.202375,-0.3186952,-3.3172,-0.5404841,-0.03941926,0.8404304,0,0,0,0,0,0,0,0.5828416,-0.03608856,3.50165,1.218826,-0.313668,-3.319433,-0.0496194,-0.2550169,0.001118708,0.9656619,354.5337,330.338,1.5812,0.3388265,-0.09064968,-0.9364709,0,0,0,0.7363462,-0.242332,-2.54717,-0.03749481,-0.01463094,0.9124945,0.8699303,0.02746815,0.4924092,0.02314698,0.9950733,-0.09640171,-0.4926312,0.09526056,0.8650087,moving,-32.74523,-2.685414,-2.352985,-0.918602
05/15/2023 14:22:58.541161,1487,True,True,True,True,Eyes,1.202576,-0.3184861,-3.317327,-0.5396746,-0.03662473,0.8410767,0,0,0,0,0,0,0,0.5789524,-0.04495806,3.502316,1.218994,-0.3134995,-3.319518,-0.0508011,-0.2545038,0.0005956282,0.9657363,354.3865,330.3964,1.555126,0.3388829,-0.0905804,-0.9364572,0,0,0,0.7373105,-0.2392417,-2.546646,-0.03740662,-0.01409615,0.9128343,0.870455,0.02700858,0.4915065,0.0247077,0.9948378,-0.09842411,-0.4916275,0.09781776,0.8652942,moving,-32.68615,-2.493372,-2.346585,-0.8847014
05/15/2023 14:22:58.561193,1488,True,True,True,True,Eyes,1.202764,-0.3182798,-3.317458,-0.5388578,-0.03383354,0.8417171,0,0,0,0,0,0,0,0.5745347,-0.05449554,3.503046,1.219107,-0.3133898,-3.319632,-0.05210355,-0.2538998,0.000267698,0.9658262,354.2314,330.464,1.553625,0.3389377,-0.09051173,-0.936444,0,0,0,0.7382059,-0.2363723,-2.54616,-0.03749582,-0.01382774,0.9131594,0.8710697,0.02697526,0.4904182,0.02594106,0.9945703,-0.1007819,-0.490474,0.10051,0.8656402,moving,-32.62691,-2.301814,-2.351338,-0.8675492
05/15/2023 14:22:58.571638,1489,True,True,True,True,Eyes,1.202953,-0.3180748,-3.317592,-0.5380279,-0.0310455,0.8423551,0,0,0,0,0,0,0,0.5701395,-0.06491038,3.503715,1.219255,-0.313249,-3.319726,-0.05352292,-0.2533041,-8.547194E-05,0.9659051,354.0627,330.5302,1.552641,0.3389907,-0.09044368,-0.9364314,0,0,0,0.7391623,-0.2333073,-2.54564,-0.03753477,-0.01361741,0.913507,0.871674,0.02695004,0.4893446,0.02728027,0.9942706,-0.1033528,-0.4893263,0.1034394,0.8659447,moving,-32.56713,-2.110715,-2.352883,-0.85403
05/15/2023 14:22:58.591139,1490,True,True,True,True,Eyes,1.203139,-0.3178681,-3.317725,-0.537186,-0.02828914,0.8429893,0,0,0,0,0,0,0,0.5653234,-0.07438615,3.504565,1.219433,-0.3130906,-3.319949,-0.05479887,-0.2526485,-0.0005027049,0.966005,353.908,330.6044,1.539735,0.3390421,-0.09037621,-0.9364193,0,0,0,0.7400745,-0.2303841,-2.545144,-0.0377124,-0.01336238,0.9139725,0.8723369,0.02671847,0.4881745,0.02866093,0.9939936,-0.1056179,-0.4880643,0.106126,0.8663317,moving,-32.5069,-1.922018,-2.362802,-0.8376109
05/15/2023 14:22:58.611070,1491,True,True,True,True,Eyes,1.203139,-0.3178681,-3.317725,-0.537186,-0.02828914,0.8429893,0,0,0,0,0,0,0,0.5606358,-0.08123556,3.50534,1.219584,-0.3128605,-3.320098,-0.05569083,-0.2520167,-0.0009550038,0.9661188,353.7948,330.6779,1.511597,0.3390919,-0.09030922,-0.9364077,0,0,0,0.7410309,-0.2273189,-2.544625,-0.03781623,-0.01237901,0.9143884,0.8729733,0.02622474,0.4870625,0.02991533,0.9937952,-0.1071265,-0.4868497,0.1080893,0.8667722,moving,-32.5069,-1.922018,-2.368223,-0.7756239
05/15/2023 14:22:58.620719,1492,True,True,True,True,Eyes,1.203139,-0.3178681,-3.317725,-0.537186,-0.02828914,0.8429893,0,0,0,0,0,0,0,0.5562986,-0.08934563,3.505969,1.219725,-0.312683,-3.320206,-0.05677234,-0.2514311,-0.001364632,0.9662079,353.662,330.7448,1.493926,0.3391368,-0.09024893,-0.9363973,0,0,0,0.7419683,-0.2243147,-2.544115,-0.03786087,-0.01171143,0.9147719,0.8735611,0.02591162,0.4860244,0.03118569,0.9935501,-0.1090215,-0.4857144,0.110394,0.8671186,moving,-32.5069,-1.922018,-2.370023,-0.7334929
05/15/2023 14:22:58.640745,1493,True,True,True,True,Eyes,1.203139,-0.3178681,-3.317725,-0.537186,-0.02828914,0.8429893,0,0,0,0,0,0,0,0.5519238,-0.09813803,3.506685,1.219864,-0.3125014,-3.320446,-0.05795568,-0.250827,-0.00168784,0.9662941,353.5203,330.8128,1.488583,0.3391772,-0.09019466,-0.936388,0,0,0,0.7428874,-0.2213693,-2.543616,-0.03788695,-0.01125466,0.9152675,0.8741659,0.0258118,0.484941,0.0323356,0.9932766,-0.1111577,-0.4845497,0.1128512,0.8674539,moving,-32.5069,-1.922018,-2.370371,-0.7045068
05/15/2023 14:22:58.661174,1494,True,True,True,True,Eyes,1.203139,-0.3178681,-3.317725,-0.537186,-0.02828914,0.8429893,0,0,0,0,0,0,0,0.5476565,-0.1094817,3.510804,1.22182,-0.3124122,-3.323735,-0.05947402,-0.2502444,-0.001810616,0.9663526,353.3472,330.8754,1.51535,0.3392136,-0.09014583,-0.9363795,0,0,0,0.7438511,-0.2182812,-2.543092,-0.03790489,-0.01145956,0.9193203,0.8747489,0.02626669,0.483864,0.03326547,0.9929191,-0.1140396,-0.4834333,0.115852,0.8676811,moving,-32.5069,-1.922018,-2.361049,-0.7141694
05/15/2023 14:22:58.671207,1495,True,True,True,True,Eyes,1.203324,-0.3176396,-3.317895,-0.5361603,-0.02487889,0.8437494,0,0,0,0,0,0,0,0.5431761,-0.1178275,3.511382,1.221915,-0.3122665,-3.323875,-0.06063319,-0.2496186,-0.001794047,0.9664424,353.218,330.944,1.546689,0.3392463,-0.09010188,-0.9363719,0,0,0,0.7448519,-0.2150739,-2.542549,-0.03785637,-0.010487,0.9197623,0.8753746,0.02680266,0.4827016,0.03373804,0.9926408,-0.1163013,-0.4822665,0.1180926,0.8680283,moving,-32.43391,-1.68894,-2.356899,-0.65325
05/15/2023 14:22:58.691570,1496,True,True,True,True,Eyes,1.203466,-0.3174182,-3.318088,-0.5351254,-0.02144996,0.8445002,0,0,0,0,0,0,0,0.5395417,-0.1261929,3.511926,1.222081,-0.3121707,-3.324112,-0.06179734,-0.2491124,-0.00180075,0.9664993,353.0876,330.9983,1.576295,0.339279,-0.09005536,-0.9363645,0,0,0,0.745703,-0.2123461,-2.542086,-0.0377776,-0.009978428,0.9202926,0.8758795,0.02730812,0.4817565,0.03426982,0.9923557,-0.118557,-0.4813114,0.1203514,0.8682482,moving,-32.36077,-1.454977,-2.350647,-0.6212149
05/15/2023 14:22:58.711033,1497,True,True,True,True,Eyes,1.203613,-0.317205,-3.318287,-0.5340962,-0.01810414,0.8452298,0,0,0,0,0,0,0,0.5359883,-0.1326923,3.512414,1.22219,-0.3121091,-3.324271,-0.06270757,-0.2486172,-0.001776309,0.9665682,352.9864,331.0524,1.601953,0.3393105,-0.09000672,-0.9363579,0,0,0,0.7466444,-0.2093293,-2.541575,-0.03755611,-0.008678831,0.92078,0.8763726,0.02774652,0.4808338,0.03461421,0.9921292,-0.120339,-0.4803882,0.1221055,0.8685144,moving,-32.28857,-1.227042,-2.335644,-0.5400265
05/15/2023 14:22:58.721347,1498,True,True,True,True,Eyes,1.203753,-0.3169885,-3.318491,-0.533154,-0.01473407,0.8458899,0,0,0,0,0,0,0,0.5328063,-0.1378035,3.513127,1.222431,-0.3120965,-3.324634,-0.06343642,-0.2481745,-0.001632651,0.9666347,352.9088,331.1003,1.635938,0.3393409,-0.08995639,-0.9363517,0,0,0,0.7476222,-0.2061958,-2.541044,-0.03719875,-0.006865263,0.9215429,0.8768135,0.02833024,0.4799952,0.03464295,0.9919463,-0.1218293,-0.4795809,0.12345,0.8687705,moving,-32.22272,-0.9979014,-2.311531,-0.4268312
05/15/2023 14:22:58.740745,1499,True,True,True,True,Eyes,1.203893,-0.3167669,-3.318693,-0.5322133,-0.01139381,0.8465336,0,0,0,0,0,0,0,0.5284435,-0.1428589,3.513841,1.22261,-0.3118173,-3.324866,-0.06414232,-0.2475674,-0.001303707,0.9667442,352.8387,331.1667,1.688652,0.3393701,-0.08990443,-0.9363461,0,0,0,0.7485711,-0.2031548,-2.540528,-0.03718334,-0.005248033,0.9221149,0.8774174,0.0292384,0.478836,0.0342798,0.9917681,-0.1233729,-0.4785015,0.124664,0.8691922,moving,-32.15746,-0.7711186,-2.309143,-0.326084
05/15/2023 14:22:58.761096,1500,True,True,True,True,Eyes,1.204017,-0.3165423,-3.318899,-0.531221,-0.007947075,0.847196,0,0,0,0,0,0,0,0.5249753,-0.1530821,3.514091,1.222774,-0.3114828,-3.325007,-0.06556129,-0.247086,-0.001072541,0.9667726,352.6866,331.2147,1.752004,0.3393983,-0.08985086,-0.9363411,0,0,0,0.7494842,-0.2002285,-2.540032,-0.03699097,-0.005109645,0.9225904,0.8778946,0.03032476,0.4778927,0.03447237,0.9914011,-0.1262357,-0.4776114,0.1272957,0.8693005,moving,-32.08913,-0.5374442,-2.296026,-0.3173219
05/15/2023 14:22:58.770801,1501,True,True,True,True,Eyes,1.204141,-0.316321,-3.319109,-0.5302022,-0.004519141,0.8478592,0,0,0,0,0,0,0,0.519943,-0.1659979,3.514396,1.222904,-0.3111669,-3.32514,-0.06729066,-0.2463998,-0.001564073,0.9668282,352.4791,331.2901,1.741942,0.339425,-0.08979577,-0.9363367,0,0,0,0.7504105,-0.19726,-2.539528,-0.03721321,-0.005838335,0.923034,0.8785694,0.03013643,0.4766631,0.03618519,0.990939,-0.1293462,-0.4762421,0.1308878,0.8695183,moving,-32.01949,-0.3053871,-2.308697,-0.3623999
05/15/2023 14:22:58.790830,1502,True,True,True,True,Eyes,1.204266,-0.3160962,-3.319319,-0.5291119,-0.001040471,0.8485515,0,0,0,0,0,0,0,0.513395,-0.176163,3.515214,1.223047,-0.3110603,-3.325468,-0.06864775,-0.2454964,-0.002154265,0.9669615,352.3098,331.3942,1.708094,0.3394505,-0.08973939,-0.9363328,0,0,0,0.7513416,-0.1942759,-2.539022,-0.03777936,-0.005757868,0.9236776,0.8794538,0.02953937,0.4750669,0.03787173,0.9905657,-0.1317017,-0.4744754,0.1338172,0.870038,moving,-31.94549,-0.07025449,-2.342151,-0.3571563
05/15/2023 14:22:58.810791,1503,True,True,True,True,Eyes,1.204392,-0.3158754,-3.319534,-0.5280036,0.002437872,0.8492386,0,0,0,0,0,0,0,0.5065541,-0.1865627,3.515945,1.223159,-0.3108619,-3.325736,-0.07004742,-0.2445483,-0.002536153,0.9671003,352.1415,331.5018,1.698084,0.3394749,-0.08968176,-0.9363295,0,0,0,0.7523254,-0.1911232,-2.538488,-0.03834522,-0.005562656,0.9242722,0.8803794,0.02935452,0.4733607,0.03916538,0.9901738,-0.1342454,-0.4726502,0.1367262,0.870579,moving,-31.87078,0.164476,-2.375664,-0.3448257
05/15/2023 14:22:58.831005,1504,True,True,True,True,Eyes,1.204536,-0.3156535,-3.319741,-0.5268586,0.005920723,0.8499323,0,0,0,0,0,0,0,0.5005217,-0.1990362,3.516509,1.223318,-0.3107671,-3.326092,-0.07176799,-0.2437059,-0.002759932,0.9671862,351.9423,331.5939,1.715542,0.3394983,-0.0896231,-0.9363267,0,0,0,0.7532997,-0.188001,-2.537959,-0.03868848,-0.005804479,0.9249936,0.8811996,0.02964183,0.4718141,0.0403193,0.9896834,-0.1374808,-0.4710218,0.1401712,0.8709136,moving,-31.79407,0.3991223,-2.395039,-0.3595352
05/15/2023 14:22:58.842689,1505,True,True,True,True,Eyes,1.20468,-0.3154309,-3.319953,-0.5257005,0.009392997,0.8506179,0,0,0,0,0,0,0,0.4951142,-0.2101246,3.516953,1.223452,-0.3105972,-3.326401,-0.0732577,-0.242955,-0.003221144,0.967262,351.7621,331.678,1.700297,0.3395212,-0.08956349,-0.9363241,0,0,0,0.7541457,-0.1852897,-2.537499,-0.03905484,-0.006237626,0.9256089,0.881925,0.02936527,0.4704743,0.04182803,0.9892459,-0.1401536,-0.4695303,0.143284,0.8712124,moving,-31.71697,0.6326662,-2.416086,-0.3861071
05/15/2023 14:22:58.860927,1506,True,True,True,True,Eyes,1.204843,-0.3152066,-3.320155,-0.5245216,0.01289398,0.8512995,0,0,0,0,0,0,0,0.4894459,-0.2213383,3.517438,1.223619,-0.310396,-3.326759,-0.07474542,-0.2421701,-0.003809855,0.9673429,351.5785,331.7673,1.670157,0.3395438,-0.08950299,-0.9363217,0,0,0,0.7551335,-0.1821242,-2.536962,-0.03933549,-0.006332807,0.9263496,0.8826783,0.02883134,0.4690926,0.04357308,0.9887972,-0.1427636,-0.4679535,0.1464541,0.8715335,moving,-31.63898,0.8677492,-2.431484,-0.3916852
05/15/2023 14:22:58.881103,1507,True,True,True,True,Eyes,1.205008,-0.3149845,-3.320366,-0.523331,0.01638944,0.8519718,0,0,0,0,0,0,0,0.4830052,-0.2336871,3.517834,1.223786,-0.3102112,-3.327037,-0.07641396,-0.24128,-0.004240955,0.9674333,351.379,331.8667,1.661596,0.3395665,-0.08944165,-0.9363194,0,0,0,0.7560402,-0.1792185,-2.53647,-0.03992856,-0.006895751,0.9269843,0.8835319,0.02866864,0.4674928,0.04508001,0.9882858,-0.1458043,-0.4661965,0.1498973,0.8718897,moving,-31.56068,1.102067,-2.466411,-0.4262102
05/15/2023 14:22:58.891072,1508,True,True,True,True,Eyes,1.205196,-0.3147592,-3.32057,-0.5222316,0.01991328,0.8525712,0,0,0,0,0,0,0,0.4773729,-0.245667,3.518269,1.224002,-0.3100714,-3.327481,-0.07803824,-0.2404955,-0.004614178,0.9674972,351.1862,331.9534,1.658894,0.3395893,-0.08937959,-0.936317,0,0,0,0.7569373,-0.1763434,-2.535982,-0.04029086,-0.007370658,0.9278066,0.8842812,0.02860728,0.4660775,0.04646409,0.9877775,-0.1487841,-0.4646372,0.1532229,0.8721439,moving,-31.48902,1.337999,-2.48656,-0.4551582
05/15/2023 14:22:58.910856,1509,True,True,True,True,Eyes,1.205386,-0.3145286,-3.320784,-0.5211168,0.02342622,0.8531638,0,0,0,0,0,0,0,0.4713005,-0.2579494,3.518649,1.22421,-0.3098599,-3.32789,-0.07968879,-0.239652,-0.005050843,0.9675697,350.9887,332.0474,1.648985,0.339613,-0.0893168,-0.9363143,0,0,0,0.7579328,-0.1731533,-2.535441,-0.04066452,-0.007687636,0.9286357,0.8850828,0.02842107,0.464565,0.04796924,0.9872484,-0.151788,-0.4629551,0.1566298,0.8724332,moving,-31.41679,1.572836,-2.507354,-0.4743077
05/15/2023 14:22:58.921120,1510,True,True,True,True,Eyes,1.20557,-0.3142952,-3.321006,-0.5199153,0.02695639,0.8537924,0,0,0,0,0,0,0,0.4656446,-0.2696673,3.519004,1.224446,-0.3095317,-3.328341,-0.08124338,-0.2388669,-0.005469352,0.9676323,350.8024,332.1349,1.638638,0.3396372,-0.08925318,-0.9363116,0,0,0,0.7588525,-0.1702057,-2.534942,-0.04103112,-0.008191742,0.9294736,0.8858254,0.02822807,0.4631594,0.04939735,0.9867392,-0.1546146,-0.461382,0.1598404,0.8726842,moving,-31.33925,1.808372,-2.527651,-0.5049526
05/15/2023 14:22:58.940693,1511,True,True,True,True,Eyes,1.205756,-0.3140577,-3.321235,-0.5186955,0.03053509,0.8544135,0,0,0,0,0,0,0,0.4597008,-0.2852215,3.518977,1.224649,-0.3092794,-3.328732,-0.08335538,-0.2380373,-0.005854355,0.9676549,350.5547,332.2239,1.647083,0.3396619,-0.08918872,-0.9363088,0,0,0,0.7597558,-0.167311,-2.534451,-0.0414716,-0.009648383,0.9302423,0.8866079,0.02835338,0.4616519,0.05101337,0.9860352,-0.1585314,-0.4596999,0.1641056,0.8727802,moving,-31.26101,2.046769,-2.552642,-0.594245
05/15/2023 14:22:58.961116,1512,True,True,True,True,Eyes,1.205937,-0.3138188,-3.321469,-0.5173982,0.03411882,0.8550643,0,0,0,0,0,0,0,0.4532703,-0.3023167,3.518836,1.224872,-0.3089868,-3.329156,-0.08566869,-0.2371396,-0.006326748,0.9676703,350.282,332.3203,1.650331,0.3396869,-0.08912336,-0.9363059,0,0,0,0.7607103,-0.164252,-2.533932,-0.04198471,-0.01140429,0.9310648,0.8874496,0.02838647,0.4600299,0.05287529,0.9852417,-0.1627974,-0.4578619,0.1687987,0.8728514,moving,-31.17808,2.285007,-2.581902,-0.7017611
05/15/2023 14:22:58.981247,1513,True,True,True,True,Eyes,1.20612,-0.3135819,-3.321708,-0.5160694,0.03774549,0.8557147,0,0,0,0,0,0,0,0.4457802,-0.3199026,3.518603,1.225107,-0.3087499,-3.329476,-0.08806003,-0.2361028,-0.006811772,0.9677057,349.9999,332.4329,1.652466,0.339712,-0.08905715,-0.9363031,0,0,0,0.7616801,-0.1611442,-2.533405,-0.0428001,-0.01319298,0.9318127,0.8884181,0.02839886,0.4581558,0.05476603,0.9843981,-0.1672159,-0.4557564,0.173649,0.8730018,moving,-31.09359,2.525674,-2.629866,-0.8111626
05/15/2023 14:22:58.991272,1514,True,True,True,True,Eyes,1.206333,-0.3133446,-3.321934,-0.5149968,0.04141919,0.8561908,0,0,0,0,0,0,0,0.4376547,-0.3365594,3.518493,1.225324,-0.3086037,-3.329858,-0.09033922,-0.2349727,-0.007228084,0.9677678,349.7321,332.5565,1.657658,0.3397372,-0.08899023,-0.9363004,0,0,0,0.7626231,-0.1581221,-2.532893,-0.04377729,-0.01475337,0.9326072,0.8894712,0.02846429,0.456104,0.05644472,0.9835731,-0.1714579,-0.453492,0.1782516,0.8732533,moving,-31.02681,2.769589,-2.687535,-0.9063146
05/15/2023 14:22:59.011108,1515,True,True,True,True,Eyes,1.206546,-0.3131043,-3.32217,-0.5139009,0.0450977,0.8566633,0,0,0,0,0,0,0,0.4309379,-0.3532579,3.51814,1.225464,-0.3084357,-3.330302,-0.09260536,-0.2340217,-0.00776731,0.9677799,349.4625,332.66,1.650051,0.3397633,-0.08892266,-0.9362973,0,0,0,0.7636194,-0.1549291,-2.532352,-0.04426658,-0.01623237,0.9334702,0.890347,0.02830924,0.4544016,0.05837743,0.9827278,-0.1756078,-0.4515244,0.1828786,0.8733162,moving,-30.95898,3.013465,-2.715019,-0.9962317
05/15/2023 14:22:59.020727,1516,True,True,True,True,Eyes,1.206796,-0.3128633,-3.322396,-0.5130532,0.04876579,0.8569704,0,0,0,0,0,0,0,0.4247578,-0.3669699,3.518044,1.225682,-0.3081593,-3.330835,-0.09444612,-0.2331518,-0.008172718,0.9678085,349.2443,332.7553,1.646104,0.3397902,-0.0888544,-0.936294,0,0,0,0.7645347,-0.1519959,-2.531854,-0.04473466,-0.01726556,0.9344062,0.8911469,0.02822131,0.4528364,0.05985982,0.9820263,-0.1790006,-0.4497488,0.1866225,0.8734403,moving,-30.90822,3.256897,-2.74094,-1.058567
05/15/2023 14:22:59.040679,1517,True,True,True,True,Eyes,1.207045,-0.3126204,-3.322628,-0.5121951,0.05246259,0.8572654,0,0,0,0,0,0,0,0.4206657,-0.3819554,3.517495,1.225918,-0.307973,-3.331351,-0.09652074,-0.2325736,-0.008217747,0.9677426,349.01,332.8104,1.692342,0.3398189,-0.08878549,-0.9362901,0,0,0,0.7654482,-0.1490686,-2.531358,-0.04460612,-0.01846758,0.9353827,0.891684,0.02899102,0.4517291,0.06080168,0.9812325,-0.182992,-0.4485564,0.1906369,0.8731865,moving,-30.85729,3.501997,-2.730228,-1.131063
05/15/2023 14:22:59.061594,1518,True,True,True,True,Eyes,1.207293,-0.3123717,-3.322867,-0.5113507,0.05609275,0.8575395,0,0,0,0,0,0,0,0.4165673,-0.3980671,3.516669,1.226152,-0.307721,-3.331787,-0.09872504,-0.2319974,-0.008456571,0.9676565,348.756,332.8661,1.720161,0.339849,-0.08871593,-0.9362858,0,0,0,0.7663891,-0.1460531,-2.530847,-0.04449624,-0.01997995,0.9362928,0.8922114,0.02944179,0.4506573,0.06217401,0.9803637,-0.18714,-0.4473177,0.1949877,0.8728612,moving,-30.80762,3.742458,-2.720869,-1.222474
05/15/2023 14:22:59.071336,1519,True,True,True,True,Eyes,1.207539,-0.3121285,-3.323108,-0.5104839,0.05978397,0.8578066,0,0,0,0,0,0,0,0.4119103,-0.4152524,3.515678,1.226386,-0.3073649,-3.332206,-0.1010527,-0.2313435,-0.008822049,0.9675696,348.4845,332.9313,1.735964,0.3398803,-0.08864561,-0.9362811,0,0,0,0.7673012,-0.1431301,-2.530351,-0.04459202,-0.0219778,0.9371402,0.8928047,0.02968387,0.4494648,0.06382765,0.979421,-0.1914691,-0.4458989,0.1996328,0.8725371,moving,-30.75703,3.986726,-2.724255,-1.343453
05/15/2023 14:22:59.091081,1520,True,True,True,True,Eyes,1.207792,-0.3118855,-3.323349,-0.5095708,0.06338408,0.858091,0,0,0,0,0,0,0,0.406469,-0.4340429,3.514403,1.226606,-0.307293,-3.332514,-0.1036733,-0.2305874,-0.008996964,0.9674711,348.1851,333.0042,1.779948,0.3399127,-0.08857475,-0.9362761,0,0,0,0.7682381,-0.1401274,-2.529842,-0.04484016,-0.02403668,0.9379442,0.893497,0.0304029,0.4480388,0.06522011,0.9783418,-0.1964526,-0.4443078,0.204751,0.8721626,moving,-30.70363,4.22456,-2.737047,-1.467996
05/15/2023 14:22:59.110915,1521,True,True,True,True,Eyes,1.208048,-0.3116408,-3.323597,-0.5086383,0.06698277,0.8583708,0,0,0,0,0,0,0,0.4009216,-0.4504238,3.513414,1.226838,-0.3070942,-3.332905,-0.1059313,-0.2298156,-0.009189611,0.9674084,347.9256,333.0817,1.811328,0.3399462,-0.08850342,-0.9362707,0,0,0,0.7691777,-0.1371165,-2.529332,-0.04511204,-0.02559072,0.938822,0.8942007,0.03090911,0.4465981,0.06646954,0.9773882,-0.2007338,-0.4427042,0.2091814,0.8719267,moving,-30.64939,4.462021,-2.751047,-1.5614
05/15/2023 14:22:59.121212,1522,True,True,True,True,Eyes,1.208317,-0.311398,-3.323842,-0.5077463,0.0704359,0.8586224,0,0,0,0,0,0,0,0.395676,-0.4634339,3.512853,1.227172,-0.3068429,-3.333371,-0.1076896,-0.2290942,-0.009483441,0.9673825,347.7194,333.1579,1.81771,0.3399807,-0.08843159,-0.9362649,0,0,0,0.7701918,-0.1338666,-2.528781,-0.04529589,-0.02614342,0.9398839,0.8948519,0.03099388,0.4452859,0.06769034,0.9766261,-0.2040088,-0.4412009,0.2126992,0.8718376,moving,-30.59795,4.689679,-2.759125,-1.593305
05/15/2023 14:22:59.140897,1523,True,True,True,True,Eyes,1.208583,-0.3111578,-3.324093,-0.5068393,0.07387237,0.8588694,0,0,0,0,0,0,0,0.3909949,-0.4750026,3.512271,1.22736,-0.3066924,-3.333778,-0.1092582,-0.2284357,-0.00979561,0.9673592,347.5341,333.2282,1.817317,0.3400164,-0.08835936,-0.9362588,0,0,0,0.771054,-0.1311036,-2.528312,-0.04545179,-0.02671999,0.9407667,0.8954424,0.03096519,0.4440992,0.0688687,0.9759334,-0.2069086,-0.4398182,0.2158592,0.8717597,moving,-30.54587,4.915978,-2.766012,-1.626898
05/15/2023 14:22:59.160946,1524,True,True,True,True,Eyes,1.208861,-0.3109245,-3.324337,-0.5059263,0.07719746,0.8591153,0,0,0,0,0,0,0,0.3863212,-0.4861562,3.511746,1.227563,-0.3065395,-3.334228,-0.1107871,-0.2277816,-0.009937068,0.9673381,347.3577,333.2963,1.835031,0.3400532,-0.08828683,-0.9362523,0,0,0,0.7719946,-0.1280891,-2.527801,-0.04547432,-0.02691282,0.9417631,0.8960336,0.03124549,0.4428854,0.06969552,0.975255,-0.2098101,-0.4384818,0.218864,0.8716835,moving,-30.4935,5.134633,-2.764458,-1.6369
05/15/2023 14:22:59.170776,1525,True,True,True,True,Eyes,1.20914,-0.3106959,-3.324587,-0.5049959,0.08048841,0.8593606,0,0,0,0,0,0,0,0.3811126,-0.4978126,3.511036,1.227751,-0.3065141,-3.334534,-0.1124286,-0.2270641,-0.009923475,0.9673176,347.1726,333.3691,1.872422,0.3400912,-0.08821424,-0.9362453,0,0,0,0.7729431,-0.1250493,-2.527286,-0.04562438,-0.02705644,0.9426643,0.8966869,0.03185868,0.4415176,0.07025529,0.9745227,-0.2130017,-0.4370548,0.2220148,0.8716034,moving,-30.44026,5.35076,-2.770919,-1.644058
05/15/2023 14:22:59.191381,1526,True,True,True,True,Eyes,1.209439,-0.3104669,-3.32483,-0.5041164,0.08365488,0.8595747,0,0,0,0,0,0,0,0.3759103,-0.5070479,3.51077,1.228074,-0.3064165,-3.334944,-0.1137177,-0.2263615,-0.009870503,0.9673321,347.028,333.4423,1.904556,0.3401303,-0.08814171,-0.9362379,0,0,0,0.7738762,-0.1220591,-2.526779,-0.04585657,-0.02669288,0.9437156,0.8973261,0.0323865,0.4401783,0.07057872,0.9739417,-0.215537,-0.4356884,0.2244742,0.8716576,moving,-30.39042,5.558591,-2.7819,-1.620172
05/15/2023 14:22:59.210918,1527,True,True,True,True,Eyes,1.209736,-0.3102392,-3.325072,-0.5032057,0.08680618,0.8597957,0,0,0,0,0,0,0,0.3704287,-0.5165662,3.510409,1.228338,-0.3062243,-3.335332,-0.1150247,-0.2256128,-0.009906481,0.9673522,346.879,333.5219,1.926276,0.3401709,-0.08806922,-0.93623,0,0,0,0.7748296,-0.1190037,-2.526261,-0.04612377,-0.02643332,0.9447175,0.8980014,0.03273597,0.4387729,0.07106818,0.9733423,-0.2180687,-0.4342149,0.2270088,0.8717364,moving,-30.33882,5.765127,-2.795122,-1.602725
05/15/2023 14:22:59.220727,1528,True,True,True,True,Eyes,1.210039,-0.3100137,-3.325307,-0.5023645,0.0898639,0.8599735,0,0,0,0,0,0,0,0.3640487,-0.5266173,3.509895,1.228605,-0.3060583,-3.335578,-0.1163903,-0.2247437,-0.01014921,0.9673885,346.7176,333.618,1.924224,0.3402129,-0.08799682,-0.9362215,0,0,0,0.7757772,-0.1159668,-2.525746,-0.04672655,-0.0263509,0.9455883,0.8987745,0.0326795,0.4371914,0.07195241,0.9727005,-0.2206273,-0.4324664,0.2297512,0.8718871,moving,-30.29188,5.965536,-2.828989,-1.59626
05/15/2023 14:22:59.240877,1529,True,True,True,True,Eyes,1.210333,-0.3097972,-3.325543,-0.5015007,0.09289119,0.8601559,0,0,0,0,0,0,0,0.3580712,-0.5364271,3.509334,1.228731,-0.3059281,-3.335869,-0.1177174,-0.2239072,-0.0104638,0.9674186,346.5587,333.7115,1.913133,0.3402563,-0.08792455,-0.9362125,0,0,0,0.7766817,-0.1130683,-2.525255,-0.04718709,-0.02634004,0.9464244,0.8995121,0.03246981,0.4356874,0.0729613,0.9720662,-0.2230782,-0.4307603,0.2324499,0.8720163,moving,-30.24367,6.16368,-2.854306,-1.594193
05/15/2023 14:22:59.261316,1530,True,True,True,True,Eyes,1.210626,-0.3095839,-3.325781,-0.5005323,0.09574705,0.8604068,0,0,0,0,0,0,0,0.3529041,-0.5445498,3.508889,1.228799,-0.3059498,-3.33614,-0.1188395,-0.223179,-0.01067933,0.9674474,346.4256,333.7923,1.908996,0.3403008,-0.08785269,-0.9362032,0,0,0,0.7776346,-0.1100143,-2.524737,-0.04732719,-0.02560571,0.9473223,0.9001542,0.03238155,0.434366,0.07370832,0.9715263,-0.225175,-0.4292896,0.2347086,0.8721367,moving,-30.18824,6.349815,-2.860057,-1.548303
05/15/2023 14:22:59.271319,1531,True,True,True,True,Eyes,1.21091,-0.3093782,-3.326023,-0.4995782,0.09853967,0.8606461,0,0,0,0,0,0,0,0.3499728,-0.5500926,3.508757,1.228863,-0.3058373,-3.336588,-0.1195928,-0.2227544,-0.01071502,0.9674519,346.3391,333.8375,1.919461,0.3403461,-0.08778126,-0.9361933,0,0,0,0.7785795,-0.1069862,-2.524224,-0.04680508,-0.02431269,0.9483937,0.9005312,0.0325471,0.4335713,0.07401218,0.9711655,-0.2266268,-0.4284455,0.2361741,0.8721561,moving,-30.13383,6.531638,-2.825366,-1.468493
05/15/2023 14:22:59.291073,1532,True,True,True,True,Eyes,1.211188,-0.309176,-3.326263,-0.4985135,0.1011887,0.860956,0,0,0,0,0,0,0,0.3479125,-0.5549095,3.508549,1.228934,-0.3058225,-3.336927,-0.1202716,-0.2224599,-0.01065421,0.9674363,346.2639,333.8664,1.940707,0.340392,-0.08771043,-0.9361833,0,0,0,0.7795577,-0.1038514,-2.523692,-0.04602572,-0.02262133,0.9494482,0.9007961,0.0328967,0.4329944,0.07412578,0.9708424,-0.22797,-0.4278688,0.2374506,0.8720926,moving,-30.07183,6.703259,-2.775314,-1.364858
05/15/2023 14:22:59.311029,1533,True,True,True,True,Eyes,1.211466,-0.3089806,-3.326499,-0.4974788,0.1037964,0.861244,0,0,0,0,0,0,0,0.3471437,-0.5600379,3.508098,1.228994,-0.3057171,-3.337217,-0.1210064,-0.2223513,-0.01041017,0.9673722,346.1875,333.87,1.987046,0.3404382,-0.08764026,-0.9361731,0,0,0,0.7804517,-0.1009864,-2.523206,-0.04496735,-0.02128501,0.9503908,0.900903,0.03367084,0.4327123,0.07395289,0.9704982,-0.2294871,-0.4276735,0.238746,0.8718347,moving,-30.01194,6.872093,-2.708906,-1.282985
05/15/2023 14:22:59.331300,1534,True,True,True,True,Eyes,1.211711,-0.3087891,-3.326747,-0.4963889,0.1063465,0.8615617,0,0,0,0,0,0,0,0.345932,-0.5662414,3.507435,1.22925,-0.3056917,-3.337348,-0.1219022,-0.2222134,-0.01021314,0.9672935,346.0917,333.8763,2.032017,0.3404847,-0.08757087,-0.9361627,0,0,0,0.7814242,-0.09786966,-2.522678,-0.04410529,-0.01993386,0.9513584,0.9010337,0.03441838,0.4323812,0.07393481,0.9700711,-0.2312914,-0.4274012,0.2403693,0.8715221,moving,-29.9484,7.036685,-2.654351,-1.200346
05/15/2023 14:22:59.340989,1535,True,True,True,True,Eyes,1.211948,-0.3086055,-3.32699,-0.4953118,0.1088575,0.8618679,0,0,0,0,0,0,0,0.3438668,-0.5720727,3.50695,1.229351,-0.3055605,-3.337595,-0.1227297,-0.2219337,-0.01001291,0.9672553,346.0033,333.9001,2.073403,0.3405307,-0.0875023,-0.9361524,0,0,0,0.7823037,-0.09505138,-2.5222,-0.04344979,-0.01885591,0.9522558,0.9012904,0.03510563,0.4317907,0.07384578,0.9696743,-0.2329775,-0.4268752,0.2418663,0.8713657,moving,-29.8858,7.198579,-2.612495,-1.134383
05/15/2023 14:22:59.360718,1536,True,True,True,True,Eyes,1.212156,-0.3084284,-3.327243,-0.4943096,0.1113399,0.8621262,0,0,0,0,0,0,0,0.3409944,-0.5779389,3.506418,1.22941,-0.3055757,-3.337729,-0.1235779,-0.2215415,-0.009886743,0.9672385,345.9104,333.9382,2.105218,0.3405758,-0.08743471,-0.9361423,0,0,0,0.7833,-0.09185844,-2.521659,-0.04288256,-0.01732491,0.9531638,0.9016433,0.0356296,0.4310104,0.07388096,0.9692615,-0.234678,-0.4261233,0.2434393,0.8712958,moving,-29.82828,7.358775,-2.575984,-1.041306
05/15/2023 14:22:59.371132,1537,True,True,True,True,Eyes,1.212355,-0.3082558,-3.327496,-0.4933342,0.1137699,0.8623675,0,0,0,0,0,0,0,0.3385824,-0.5838459,3.505951,1.229387,-0.305534,-3.338032,-0.1244298,-0.2211961,-0.009678631,0.9672104,345.8193,333.9695,2.147141,0.3406196,-0.08736818,-0.9361326,0,0,0,0.7841986,-0.08897867,-2.52117,-0.04218307,-0.0161531,0.9541032,0.9019572,0.03632423,0.430295,0.07376932,0.9688471,-0.2364178,-0.4254778,0.2449813,0.871179,moving,-29.77256,7.515483,-2.531528,-0.9699327
05/15/2023 14:22:59.391247,1538,True,True,True,True,Eyes,1.212553,-0.3080877,-3.32774,-0.4925256,0.116214,0.8625038,0,0,0,0,0,0,0,0.3375579,-0.5884465,3.505497,1.229365,-0.3054741,-3.338273,-0.125091,-0.2210447,-0.009499341,0.9671615,345.7493,333.9794,2.18344,0.3406617,-0.08730274,-0.9361234,0,0,0,0.7851539,-0.08591738,-2.520652,-0.04107937,-0.01448505,0.955058,0.902098,0.03692661,0.4299484,0.0736762,0.968524,-0.2377668,-0.4251953,0.2461659,0.8709829,moving,-29.72817,7.67383,-2.462913,-0.8689193
05/15/2023 14:22:59.411257,1539,True,True,True,True,Eyes,1.212746,-0.3079283,-3.327984,-0.4917541,0.1185889,0.8626207,0,0,0,0,0,0,0,0.3368839,-0.592445,3.505078,1.229248,-0.3054491,-3.338518,-0.1256898,-0.2209349,-0.009182189,0.9671121,345.6899,333.9829,2.234404,0.3407025,-0.08723844,-0.9361145,0,0,0,0.7860788,-0.08295336,-2.520149,-0.03981578,-0.01269063,0.9559728,0.9022069,0.03777812,0.4296458,0.07329894,0.9682355,-0.2390549,-0.4250294,0.2471696,0.8707797,moving,-29.68616,7.827681,-2.384962,-0.7605625
05/15/2023 14:22:59.430705,1540,True,True,True,True,Eyes,1.212934,-0.3077719,-3.328222,-0.4909776,0.1209392,0.8627368,0,0,0,0,0,0,0,0.3373832,-0.595693,3.504742,1.229299,-0.3054953,-3.338771,-0.1262112,-0.2210134,-0.008687707,0.9670308,345.6443,333.962,2.306362,0.340742,-0.08717539,-0.936106,0,0,0,0.7870715,-0.07977187,-2.51961,-0.03820774,-0.01041536,0.9570644,0.9021552,0.03898619,0.4296465,0.07259131,0.9679905,-0.24026,-0.4252606,0.2479405,0.8704476,moving,-29.64391,7.979771,-2.286137,-0.6235031
05/15/2023 14:22:59.440663,1541,True,True,True,True,Eyes,1.213118,-0.3076224,-3.328452,-0.490224,0.1232185,0.8628427,0,0,0,0,0,0,0,0.3373233,-0.5998805,3.504185,1.229265,-0.3054336,-3.338949,-0.1268527,-0.2210094,-0.00821262,0.9669518,345.5846,333.9501,2.378188,0.3407802,-0.08711358,-0.9360978,0,0,0,0.7879549,-0.07694074,-2.51913,-0.03684792,-0.008788198,0.9579312,0.9021748,0.04018885,0.4294945,0.07195368,0.9676819,-0.2416907,-0.4253273,0.248951,0.8701264,moving,-29.60307,8.127189,-2.202862,-0.5256249
05/15/2023 14:22:59.461636,1542,True,True,True,True,Eyes,1.213282,-0.3074728,-3.328687,-0.489403,0.1255037,0.8629794,0,0,0,0,0,0,0,0.3364544,-0.6024956,3.503905,1.229304,-0.3054479,-3.339022,-0.1272808,-0.2209082,-0.007769653,0.9669224,345.5477,333.9523,2.439022,0.3408172,-0.08705311,-0.9360899,0,0,0,0.78894,-0.07378368,-2.518594,-0.03567266,-0.006375164,0.9588416,0.9022784,0.04120945,0.4291799,0.07126005,0.9674785,-0.2427086,-0.4252242,0.2495742,0.8699983,moving,-29.55795,8.274552,-2.130645,-0.3809436
05/15/2023 14:22:59.471346,1543,True,True,True,True,Eyes,1.213439,-0.3073311,-3.328916,-0.4886015,0.1277292,0.863107,0,0,0,0,0,0,0,0.336562,-0.6063841,3.503437,1.229253,-0.3052987,-3.339278,-0.1278262,-0.2209098,-0.00759899,0.9668514,345.4908,333.9446,2.473561,0.3408525,-0.08699384,-0.9360825,0,0,0,0.7898505,-0.07086577,-2.5181,-0.03428876,-0.004747629,0.959775,0.9022823,0.04178193,0.4291165,0.0711703,0.9672055,-0.2438205,-0.4252311,0.2505353,0.8697187,moving,-29.51403,8.417973,-2.046069,-0.2834173
05/15/2023 14:22:59.491096,1544,True,True,True,True,Eyes,1.213582,-0.3071951,-3.329144,-0.4877408,0.129986,0.8632569,0,0,0,0,0,0,0,0.3353808,-0.6094673,3.503086,1.229223,-0.3053513,-3.339358,-0.1282954,-0.2207472,-0.007403682,0.9668279,345.4427,333.9571,2.50631,0.3408863,-0.08693589,-0.9360756,0,0,0,0.7907786,-0.06789152,-2.517595,-0.03328514,-0.002670601,0.9606246,0.9024317,0.04232555,0.4287489,0.0709579,0.9669709,-0.2448105,-0.4249494,0.2513479,0.8696219,moving,-29.46648,8.563054,-1.984475,-0.1592857
05/15/2023 14:22:59.510859,1545,True,True,True,True,Eyes,1.213722,-0.3070609,-3.329368,-0.4868957,0.1321763,0.8634015,0,0,0,0,0,0,0,0.334342,-0.612249,3.502853,1.229142,-0.305366,-3.339547,-0.1287325,-0.220598,-0.007059461,0.9668064,345.4021,333.9662,2.555396,0.3409184,-0.0868793,-0.9360692,0,0,0,0.7917345,-0.06482834,-2.517076,-0.0320935,-0.0004394203,0.9615675,0.9025733,0.04314601,0.4283688,0.07044654,0.9667562,-0.2458042,-0.4247337,0.2520334,0.8695289,moving,-29.41983,8.703712,-1.911607,-0.02618322
05/15/2023 14:22:59.520826,1546,True,True,True,True,Eyes,1.213839,-0.3069295,-3.329603,-0.4859083,0.1343966,0.8636149,0,0,0,0,0,0,0,0.3324707,-0.6148206,3.502718,1.229189,-0.3052757,-3.339682,-0.1291203,-0.2203521,-0.006767272,0.9668128,345.3655,333.988,2.595685,0.3409488,-0.086824,-0.9360632,0,0,0,0.7926611,-0.06185884,-2.516573,-0.03128248,0.001674637,0.9624637,0.9027982,0.04381848,0.4278261,0.06998922,0.9665644,-0.2466879,-0.424331,0.2526526,0.8695458,moving,-29.36405,8.845472,-1.861601,0.0996916
05/15/2023 14:22:59.540889,1547,True,True,True,True,Eyes,1.213956,-0.3068027,-3.329834,-0.4849222,0.1365835,0.863826,0,0,0,0,0,0,0,0.3302019,-0.6171982,3.502818,1.229221,-0.3051961,-3.339995,-0.1294887,-0.2200433,-0.006381641,0.9668366,345.3332,334.0163,2.645144,0.3409771,-0.08676993,-0.9360579,0,0,0,0.7936196,-0.05878695,-2.516052,-0.03043839,0.003934979,0.9635386,0.9030804,0.04464626,0.4271446,0.06932627,0.9663839,-0.2475804,-0.4238392,0.2531974,0.8696272,moving,-29.30836,8.984919,-1.809384,0.233988
05/15/2023 14:22:59.561077,1548,True,True,True,True,Eyes,1.214061,-0.3066792,-3.330073,-0.4838855,0.1388828,0.8640407,0,0,0,0,0,0,0,0.3263897,-0.6223487,3.502416,1.22934,-0.3051921,-3.340111,-0.1302383,-0.2195361,-0.006241106,0.9668521,345.2511,334.0682,2.673975,0.3410035,-0.08671711,-0.9360532,0,0,0,0.7945662,-0.05575347,-2.515538,-0.03019109,0.005444914,0.9644836,0.9035299,0.04511556,0.4261434,0.06925247,0.9659981,-0.2491021,-0.4228921,0.2545827,0.8696838,moving,-29.24998,9.131411,-1.792936,0.3234552
05/15/2023 14:22:59.570887,1549,True,True,True,True,Eyes,1.214165,-0.3065555,-3.330311,-0.482832,0.1411374,0.8642647,0,0,0,0,0,0,0,0.3214577,-0.6277308,3.502258,1.229424,-0.305163,-3.340447,-0.1309993,-0.2188541,-0.006200165,0.9669042,345.1647,334.1424,2.688922,0.3410278,-0.0866655,-0.9360492,0,0,0,0.7954953,-0.052776,-2.515033,-0.0302074,0.006761178,0.9655795,0.9041289,0.0453495,0.4248462,0.06932937,0.9656015,-0.2506136,-0.4215974,0.2560413,0.8698842,moving,-29.19044,9.274732,-1.791869,0.4011898
05/15/2023 14:22:59.591194,1550,True,True,True,True,Eyes,1.214266,-0.3064256,-3.330554,-0.4817622,0.143388,0.8644912,0,0,0,0,0,0,0,0.3158298,-0.6320502,3.502243,1.229493,-0.3050454,-3.340694,-0.1315952,-0.2180781,-0.006208567,0.9669985,345.0953,334.2303,2.692115,0.3410502,-0.08661497,-0.9360457,0,0,0,0.7964355,-0.04976275,-2.514522,-0.03044826,0.008338168,0.9665775,0.9048068,0.0453887,0.4233965,0.0694034,0.9652883,-0.2517968,-0.4201283,0.2572125,0.8702493,moving,-29.12997,9.417573,-1.804284,0.494249
05/15/2023 14:22:59.610926,1551,True,True,True,True,Eyes,1.21436,-0.3062931,-3.3308,-0.4803096,0.146024,0.8648582,0,0,0,0,0,0,0,0.3103874,-0.6399465,3.501624,1.229527,-0.3047892,-3.341049,-0.1326585,-0.2173133,-0.006357722,0.9670243,344.9696,334.3141,2.692037,0.3410709,-0.08656523,-0.9360428,0,0,0,0.7973373,-0.04687281,-2.514032,-0.03064898,0.008683786,0.9676009,0.905469,0.04536078,0.4219813,0.06995307,0.9647226,-0.2538048,-0.4186077,0.2593313,0.8703533,moving,-29.04614,9.583521,-1.81425,0.5141902
05/15/2023 14:22:59.620813,1552,True,True,True,True,Eyes,1.214462,-0.306162,-3.331043,-0.4786624,0.1490029,0.8652632,0,0,0,0,0,0,0,0.304028,-0.6518375,3.500264,1.229638,-0.3046535,-3.34131,-0.1343022,-0.2164361,-0.006570145,0.9669929,344.7766,334.4069,2.698554,0.3410897,-0.08651614,-0.9360405,0,0,0,0.7982972,-0.04379646,-2.51351,-0.03107673,0.008209974,0.9686695,0.9062245,0.04542913,0.4203491,0.07084226,0.9638395,-0.2568945,-0.4168195,0.2625826,0.8702366,moving,-28.95131,9.770807,-1.837526,0.4855997
05/15/2023 14:22:59.640737,1553,True,True,True,True,Eyes,1.214567,-0.3060337,-3.331282,-0.4769968,0.1519672,0.8656673,0,0,0,0,0,0,0,0.296659,-0.6632386,3.499089,1.229704,-0.3046527,-3.341636,-0.1359295,-0.2154218,-0.006524136,0.9669923,344.5917,334.5124,2.73174,0.341107,-0.08646768,-0.9360387,0,0,0,0.7992362,-0.04078719,-2.513,-0.03165576,0.007943511,0.9697939,0.9071018,0.04594675,0.418396,0.0711819,0.9629613,-0.2600746,-0.4148487,0.2656963,0.8702333,moving,-28.85548,9.956772,-1.86957,0.4692951
05/15/2023 14:22:59.661029,1554,True,True,True,True,Eyes,1.214693,-0.3058953,-3.331521,-0.4752924,0.155159,0.8660385,0,0,0,0,0,0,0,0.2884278,-0.672647,3.498209,1.229869,-0.3046127,-3.341818,-0.1372754,-0.2143101,-0.006470082,0.9670497,344.4382,334.6323,2.756304,0.3411233,-0.08641984,-0.9360372,0,0,0,0.8002031,-0.03768888,-2.512475,-0.03256294,0.008289382,0.9708458,0.9080587,0.04632521,0.4162733,0.07135276,0.9622273,-0.262731,-0.4127206,0.2682774,0.8704534,moving,-28.75851,10.15732,-1.921026,0.4891972
05/15/2023 14:22:59.670905,1555,True,True,True,True,Eyes,1.214821,-0.3057618,-3.331759,-0.4735673,0.1583356,0.8664085,0,0,0,0,0,0,0,0.2808442,-0.6832268,3.497261,1.230033,-0.3043471,-3.342289,-0.1387068,-0.2132585,-0.006707999,0.9670762,344.2678,334.7484,2.750336,0.3411389,-0.08637229,-0.9360359,0,0,0,0.8011932,-0.03451579,-2.511937,-0.03328782,0.008098423,0.9721235,0.9089516,0.0461865,0.4143352,0.07213508,0.9614308,-0.2654189,-0.4106134,0.2711411,0.8705626,moving,-28.66043,10.35648,-1.961178,0.4773002
05/15/2023 14:22:59.691250,1556,True,True,True,True,Eyes,1.214953,-0.3056265,-3.332001,-0.4718338,0.1616722,0.8667381,0,0,0,0,0,0,0,0.2724391,-0.6931642,3.496259,1.230208,-0.3043578,-3.342526,-0.1401072,-0.2121112,-0.006855816,0.9671257,344.1029,334.8751,2.751939,0.3411542,-0.08632513,-0.9360347,0,0,0,0.8020563,-0.03174986,-2.511468,-0.0344376,0.007952318,0.9731592,0.9099237,0.04617572,0.4121974,0.07269746,0.9606459,-0.268094,-0.4083553,0.2739108,0.8707576,moving,-28.56293,10.56593,-2.026704,0.4681907
05/15/2023 14:22:59.710938,1557,True,True,True,True,Eyes,1.215083,-0.3054956,-3.332242,-0.4700928,0.1650009,0.8670567,0,0,0,0,0,0,0,0.265004,-0.7040253,3.495108,1.230325,-0.3042634,-3.34296,-0.1416223,-0.2110819,-0.006964054,0.9671292,343.9263,334.9857,2.762838,0.3411691,-0.08627825,-0.9360335,0,0,0,0.8029875,-0.02876567,-2.510962,-0.03511995,0.007647097,0.974395,0.9107918,0.04631753,0.4102595,0.07325809,0.9597892,-0.2709942,-0.4063145,0.2768741,0.8707751,moving,-28.46525,10.77456,-2.064209,0.4496507
05/15/2023 14:22:59.731318,1558,True,True,True,True,Eyes,1.215181,-0.3053626,-3.332511,-0.4681442,0.1683875,0.8674599,0,0,0,0,0,0,0,0.2577168,-0.7153579,3.493598,1.230412,-0.3042651,-3.343185,-0.1432478,-0.2100892,-0.006918983,0.9671065,343.7411,335.0883,2.794667,0.3411838,-0.08623177,-0.9360325,0,0,0,0.8039066,-0.02581994,-2.510463,-0.03574806,0.007309049,0.9754665,0.9116293,0.04680683,0.4083396,0.0735724,0.9588644,-0.2741644,-0.404375,0.2799788,0.8706852,moving,-28.35452,10.98538,-2.098788,0.4293021
05/15/2023 14:22:59.740784,1559,True,True,True,True,Eyes,1.215285,-0.305221,-3.332781,-0.4662229,0.1717616,0.867833,0,0,0,0,0,0,0,0.2517226,-0.7257978,3.492448,1.230645,-0.304067,-3.34371,-0.1447269,-0.209286,-0.006708436,0.9670618,343.5769,335.1668,2.844674,0.341197,-0.08618554,-0.936032,0,0,0,0.8048773,-0.02270936,-2.509935,-0.03591952,0.007180333,0.9768718,0.9123088,0.04760368,0.4067267,0.07355357,0.9580182,-0.2771117,-0.4028432,0.2827277,0.870507,moving,-28.24588,11.1953,-2.105814,0.4211355
05/15/2023 14:22:59.760669,1560,True,True,True,True,Eyes,1.215357,-0.3050816,-3.333069,-0.4641326,0.1751602,0.8682741,0,0,0,0,0,0,0,0.2472236,-0.7372643,3.490689,1.230874,-0.3037456,-3.343991,-0.1462989,-0.2086856,-0.006813985,0.9669542,343.395,335.2247,2.864096,0.3412093,-0.08613928,-0.9360318,0,0,0,0.8058624,-0.01955236,-2.5094,-0.03585884,0.006692827,0.9780662,0.9128078,0.04788332,0.4055725,0.07423857,0.9571004,-0.2800848,-0.401585,0.2857727,0.8700939,moving,-28.12656,11.40542,-2.099695,0.3920642
05/15/2023 14:22:59.771071,1561,True,True,True,True,Eyes,1.21543,-0.3049465,-3.333353,-0.4620535,0.1785264,0.8686973,0,0,0,0,0,0,0,0.2426027,-0.7500952,3.488636,1.230996,-0.303676,-3.344325,-0.148041,-0.2080267,-0.007341326,0.9668273,343.1831,335.2946,2.838157,0.3412196,-0.08609307,-0.9360323,0,0,0,0.8067319,-0.01676594,-2.508928,-0.036044,0.005559549,0.9792221,0.913342,0.04739739,0.4044254,0.07578856,0.95606,-0.2832058,-0.4000781,0.2893146,0.8696175,moving,-28.00818,11.61319,-2.108038,0.3252942
05/15/2023 14:22:59.791055,1562,True,True,True,True,Eyes,1.215477,-0.3048165,-3.333651,-0.4598861,0.1818586,0.869156,0,0,0,0,0,0,0,0.2365611,-0.7591602,3.487334,1.2311,-0.3036742,-3.344541,-0.1492716,-0.2071766,-0.007803752,0.966817,343.03,335.3922,2.802329,0.3412283,-0.086047,-0.9360334,0,0,0,0.8076851,-0.01371088,-2.50841,-0.03655097,0.005793661,0.9803598,0.9140339,0.04676159,0.4029335,0.07694078,0.9553142,-0.2854031,-0.398274,0.2918701,0.8695916,moving,-27.88413,11.81784,-2.135182,0.3385986
05/15/2023 14:22:59.811098,1563,True,True,True,True,Eyes,1.215529,-0.3046887,-3.333957,-0.457768,0.1851349,0.8695825,0,0,0,0,0,0,0,0.232029,-0.7670143,3.486266,1.231209,-0.3036668,-3.344863,-0.1503915,-0.2065578,-0.007771473,0.9667761,342.9024,335.4548,2.824705,0.3412347,-0.08600121,-0.9360352,0,0,0,0.8086216,-0.01070979,-2.507901,-0.03644615,0.006371647,0.9816013,0.914547,0.04710251,0.4017277,0.0771556,0.954644,-0.2875793,-0.3970526,0.2940003,0.8694326,moving,-27.76334,12.01888,-2.126374,0.371906
05/15/2023 14:22:59.825926,1564,True,True,True,True,Eyes,1.215591,-0.3045629,-3.334255,-0.4559126,0.1883688,0.8698626,0,0,0,0,0,0,0,0.2288213,-0.7743601,3.485401,1.231368,-0.3036034,-3.345381,-0.1514345,-0.2061226,-0.007639951,0.9667072,342.7864,335.4942,2.85977,0.3412392,-0.0859557,-0.9360378,0,0,0,0.8095589,-0.00770623,-2.507392,-0.03592089,0.007016242,0.9830381,0.9149103,0.04765693,0.4008343,0.07719931,0.9540185,-0.289636,-0.3962065,0.295935,0.8691621,moving,-27.65995,12.21874,-2.092696,0.4089305
05/15/2023 14:22:59.840910,1565,True,True,True,True,Eyes,1.215659,-0.3044361,-3.334561,-0.4540784,0.1915334,0.8701309,0,0,0,0,0,0,0,0.2248106,-0.7814688,3.484294,1.231506,-0.3035987,-3.345558,-0.1524462,-0.2055839,-0.007657951,0.9666628,342.6699,335.549,2.874724,0.3412421,-0.08591052,-0.9360409,0,0,0,0.8104932,-0.004712027,-2.506884,-0.03576827,0.007796615,0.9841849,0.9153532,0.04787565,0.3997954,0.07748628,0.953403,-0.2915795,-0.3951257,0.2978768,0.8689909,moving,-27.55783,12.41399,-2.081387,0.453882
05/15/2023 14:22:59.861208,1566,True,True,True,True,Eyes,1.215735,-0.3043123,-3.33487,-0.4522663,0.1946593,0.8703809,0,0,0,0,0,0,0,0.2200731,-0.7871486,3.483872,1.231727,-0.3034638,-3.346066,-0.1532229,-0.2049371,-0.007677658,0.9666771,342.5796,335.6194,2.881123,0.3412438,-0.08586558,-0.9360444,0,0,0,0.8114447,-0.001662569,-2.506367,-0.03577736,0.008856446,0.9856256,0.9158837,0.04795848,0.3985689,0.07764575,0.9529276,-0.2930872,-0.3938633,0.299381,0.869047,moving,-27.45724,12.60665,-2.078875,0.5148236
05/15/2023 14:22:59.873635,1567,True,True,True,True,Eyes,1.215735,-0.3043123,-3.33487,-0.4522663,0.1946593,0.8703809,0,0,0,0,0,0,0,0.2151796,-0.7953404,3.482774,1.231975,-0.3034253,-3.346454,-0.1544034,-0.2042928,-0.007514664,0.966627,342.448,335.682,2.919358,0.3412445,-0.08582093,-0.9360482,0,0,0,0.8123809,0.001337713,-2.505858,-0.03578004,0.009292901,0.9870031,0.916416,0.04855923,0.3972704,0.07761474,0.9522063,-0.2954305,-0.3926293,0.3015712,0.8688481,moving,-27.45724,12.60665,-2.076131,0.5394393
05/15/2023 14:22:59.890953,1568,True,True,True,True,Eyes,1.215849,-0.3041787,-3.335191,-0.4508765,0.1981521,0.8703138,0,0,0,0,0,0,0,0.2101624,-0.8052726,3.481364,1.232187,-0.3032103,-3.346984,-0.1557727,-0.2036078,-0.007568888,0.9665514,342.2896,335.7511,2.936524,0.3412452,-0.08578075,-0.9360516,0,0,0,0.8133236,0.004358817,-2.505346,-0.0358277,0.009065181,0.9884506,0.9169732,0.04880161,0.3959528,0.07806449,0.9513552,-0.2980424,-0.3912367,0.3042067,0.8685575,moving,-27.38696,12.82639,-2.075852,0.5254506
05/15/2023 14:22:59.910939,1569,True,True,True,True,Eyes,1.215971,-0.3040404,-3.335521,-0.4494812,0.2016192,0.8702393,0,0,0,0,0,0,0,0.2051468,-0.8159361,3.479628,1.232435,-0.3032305,-3.347358,-0.1572942,-0.2029398,-0.007561639,0.9664455,342.1154,335.8153,2.965021,0.3412459,-0.08574004,-0.9360551,0,0,0,0.8142347,0.007278613,-2.504851,-0.03593364,0.00873372,0.9898267,0.9175165,0.0492267,0.3946393,0.07845835,0.9504027,-0.3009635,-0.3898818,0.3071017,0.8681479,moving,-27.31649,13.04429,-2.079093,0.5055352
05/15/2023 14:22:59.921143,1570,True,True,True,True,Eyes,1.21609,-0.3038971,-3.335856,-0.4481761,0.2051297,0.8700919,0,0,0,0,0,0,0,0.1995142,-0.8266219,3.478046,1.232723,-0.3030032,-3.347909,-0.1587747,-0.2021823,-0.007585749,0.9663621,341.9447,335.8914,2.986899,0.3412466,-0.08569872,-0.9360586,0,0,0,0.8152313,0.01047236,-2.50431,-0.03610229,0.008423626,0.9913888,0.9181296,0.04954172,0.3931715,0.07886404,0.9494661,-0.3038003,-0.3883538,0.3099351,0.8678258,moving,-27.25257,13.26561,-2.085555,0.4868187
05/15/2023 14:22:59.941123,1571,True,True,True,True,Eyes,1.216215,-0.303748,-3.3362,-0.4468493,0.2086767,0.8699309,0,0,0,0,0,0,0,0.1932038,-0.8395948,3.475725,1.232989,-0.3028087,-3.348277,-0.1606001,-0.2013425,-0.007593663,0.9662356,341.735,335.9732,3.01798,0.3412474,-0.08565668,-0.9360622,0,0,0,0.8161387,0.01338032,-2.503817,-0.03656676,0.007266641,0.9927043,0.9188071,0.04999671,0.3915277,0.07934578,0.9482999,-0.3072971,-0.3866495,0.3134128,0.8673376,moving,-27.18778,13.48909,-2.109565,0.4194002
05/15/2023 14:22:59.961026,1572,True,True,True,True,Eyes,1.216362,-0.3035951,-3.336534,-0.4455382,0.2121526,0.8697626,0,0,0,0,0,0,0,0.1865573,-0.8558594,3.472746,1.233248,-0.3025607,-3.348854,-0.1628527,-0.2004335,-0.007806518,0.9660459,341.4716,336.0622,3.034865,0.3412482,-0.08561382,-0.9360659,0,0,0,0.8170888,0.01642521,-2.5033,-0.03706244,0.005178422,0.9942341,0.919531,0.05019934,0.3897985,0.08036517,0.9468362,-0.3115169,-0.3847132,0.3177757,0.8666109,moving,-27.12392,13.70792,-2.134848,0.2984197
05/15/2023 14:22:59.980706,1573,True,True,True,True,Eyes,1.216516,-0.3034416,-3.336879,-0.4442121,0.2156647,0.8695771,0,0,0,0,0,0,0,0.1802424,-0.8716545,3.469524,1.233543,-0.3024169,-3.349147,-0.165057,-0.1995849,-0.008071279,0.9658452,341.2124,336.1452,3.045279,0.3412497,-0.08557012,-0.9360693,0,0,0,0.8180233,0.01941995,-2.502793,-0.03762007,0.003279448,0.9955525,0.9202015,0.05029456,0.3882005,0.08147699,0.9453821,-0.3156173,-0.3828717,0.3220609,0.8658441,moving,-27.05963,13.92894,-2.164071,0.1887372
05/15/2023 14:22:59.991251,1574,True,True,True,True,Eyes,1.21668,-0.3032818,-3.337212,-0.4429514,0.2191018,0.869361,0,0,0,0,0,0,0,0.1741972,-0.8876981,3.466456,1.233867,-0.3022916,-3.349756,-0.1672967,-0.1987654,-0.008263778,0.9656273,340.951,336.2229,3.06532,0.3412519,-0.08552562,-0.9360726,0,0,0,0.8189376,0.02235002,-2.502296,-0.03802279,0.001184016,0.9971456,0.920848,0.05054614,0.3866317,0.08246505,0.9438871,-0.3198073,-0.3811017,0.3263776,0.8650083,moving,-26.99947,14.14546,-2.183723,0.06803331
05/15/2023 14:23:00.011102,1575,True,True,True,True,Eyes,1.216853,-0.3031224,-3.337556,-0.4416713,0.2225713,0.8691309,0,0,0,0,0,0,0,0.1672213,-0.903787,3.462877,1.234029,-0.3020716,-3.349961,-0.1695239,-0.1978035,-0.008657737,0.9654329,340.6855,336.3218,3.058219,0.3412552,-0.08548024,-0.9360755,0,0,0,0.8199136,0.02547776,-2.501765,-0.03871363,-0.0007545352,0.9983568,0.9215976,0.05034794,0.3848674,0.08378179,0.9423734,-0.3239029,-0.3789967,0.330753,0.8642708,moving,-26.93858,14.3639,-2.220666,-0.04330283
05/15/2023 14:23:00.028664,1576,True,True,True,True,Eyes,1.217006,-0.3029662,-3.337909,-0.4402975,0.2259168,0.8689648,0,0,0,0,0,0,0,0.1608505,-0.9193669,3.459791,1.234379,-0.3019576,-3.350581,-0.1717098,-0.1969459,-0.008793359,0.9652206,340.4312,336.4035,3.082023,0.3412594,-0.08543405,-0.9360782,0,0,0,0.8208367,0.02843624,-2.501264,-0.0391908,-0.002716035,0.9999864,0.92227,0.05066,0.3832122,0.08461013,0.9408768,-0.328012,-0.3771726,0.3349393,0.8634561,moving,-26.87097,14.57335,-2.24435,-0.1556191
05/15/2023 14:23:00.044158,1577,True,True,True,True,Eyes,1.217164,-0.3028105,-3.338265,-0.4389022,0.2292629,0.8687943,0,0,0,0,0,0,0,0.1556752,-0.9343184,3.456445,1.234654,-0.301883,-3.350924,-0.1737932,-0.1962404,-0.009124967,0.9649883,340.1841,336.4715,3.083097,0.3412639,-0.08538722,-0.9360808,0,0,0,0.8218575,0.0317073,-2.50071,-0.03934836,-0.004174888,1.00149,0.9228129,0.05059952,0.3819111,0.08582146,0.9394253,-0.3318354,-0.3755677,0.3389981,0.8625712,moving,-26.80224,14.78259,-2.249983,-0.2388461
05/15/2023 14:23:00.061152,1578,True,True,True,True,Eyes,1.217291,-0.3026544,-3.338629,-0.4373843,0.2324086,0.8687239,0,0,0,0,0,0,0,0.1493447,-0.946344,3.453967,1.234905,-0.3017817,-3.351372,-0.1754228,-0.1953475,-0.009641591,0.9648696,339.9837,336.5715,3.046191,0.3412688,-0.08533981,-0.9360834,0,0,0,0.8226956,0.03439333,-2.500254,-0.0401623,-0.005413383,1.002841,0.9234928,0.04993106,0.3803524,0.08714256,0.9382677,-0.3347534,-0.373587,0.3422872,0.8621324,moving,-26.7243,14.97752,-2.293386,-0.3092825
05/15/2023 14:23:00.070666,1579,True,True,True,True,Eyes,1.217422,-0.3024976,-3.338998,-0.435868,0.2355549,0.8686385,0,0,0,0,0,0,0,0.1437728,-0.9581292,3.451205,1.235084,-0.3015946,-3.351583,-0.1770309,-0.194569,-0.01006898,0.9647288,339.7882,336.6562,3.021312,0.3412733,-0.08529189,-0.9360861,0,0,0,0.8236,0.03729161,-2.499763,-0.04066226,-0.006386459,1.004025,0.9240831,0.04946177,0.3789777,0.0883171,0.9371174,-0.3376553,-0.3718476,0.3454917,0.8616059,moving,-26.64672,15.17242,-2.319169,-0.3644453
05/15/2023 14:23:00.091207,1580,True,True,True,True,Eyes,1.217556,-0.3023454,-3.339359,-0.4343504,0.2385338,0.8685859,0,0,0,0,0,0,0,0.1390139,-0.9696464,3.448761,1.23528,-0.3014573,-3.352118,-0.1786003,-0.1938922,-0.01042812,0.964572,339.5989,336.7276,3.005378,0.3412774,-0.08524346,-0.936089,0,0,0,0.8245353,0.04028904,-2.499254,-0.0407913,-0.007242322,1.005566,0.9245942,0.04914106,0.3777709,0.08937575,0.9359864,-0.3405018,-0.370321,0.3485896,0.8610156,moving,-26.56808,15.35617,-2.32296,-0.4126506
05/15/2023 14:23:00.111162,1581,True,True,True,True,Eyes,1.217694,-0.3021957,-3.339721,-0.4328548,0.2414962,0.8685139,0,0,0,0,0,0,0,0.1349343,-0.980333,3.44617,1.235452,-0.3014558,-3.352333,-0.1801348,-0.193351,-0.01045294,0.964395,339.4219,336.7759,3.030666,0.3412813,-0.08519474,-0.9360921,0,0,0,0.8254883,0.04334323,-2.498737,-0.04060608,-0.007600576,1.006914,0.9250123,0.04949696,0.3766994,0.08982001,0.9348844,-0.3434,-0.3691676,0.3514843,0.8603337,moving,-26.491,15.53896,-2.30933,-0.4324824
05/15/2023 14:23:00.120824,1582,True,True,True,True,Eyes,1.217883,-0.3020439,-3.340057,-0.4316263,0.2443369,0.8683308,0,0,0,0,0,0,0,0.1316755,-0.9898236,3.444064,1.235693,-0.3013905,-3.352744,-0.1814632,-0.1929126,-0.01056166,0.9642326,339.2666,336.8158,3.042864,0.3412851,-0.08514579,-0.9360952,0,0,0,0.8264499,0.04642491,-2.498214,-0.0402416,-0.007712871,1.008463,0.9253464,0.04964525,0.3758582,0.09038084,0.9339191,-0.3458704,-0.368192,0.3540203,0.8597117,moving,-26.43086,15.71591,-2.285112,-0.4381978
05/15/2023 14:23:00.141183,1583,True,True,True,True,Eyes,1.218076,-0.30189,-3.340399,-0.4303938,0.2471404,0.868149,0,0,0,0,0,0,0,0.1274745,-0.9968805,3.442524,1.235958,-0.3013232,-3.352999,-0.182446,-0.1923508,-0.01069705,0.9641579,339.1496,336.8756,3.039988,0.3412903,-0.08509663,-0.9360977,0,0,0,0.827409,0.04949853,-2.497693,-0.04025474,-0.007104427,1.009884,0.9257736,0.04955995,0.3748162,0.09081452,0.933198,-0.3476982,-0.3670096,0.3559286,0.8594294,moving,-26.37039,15.89034,-2.282645,-0.4030631
05/15/2023 14:23:00.170768,1584,True,True,True,True,Eyes,1.218076,-0.30189,-3.340399,-0.4303938,0.2471404,0.868149,0,0,0,0,0,0,0,0.1233052,-1.003866,3.441217,1.236226,-0.3011461,-3.353503,-0.1833438,-0.1917519,-0.01113743,0.9641017,339.0351,336.9474,2.997941,0.3412969,-0.08504718,-0.9360998,0,0,0,0.8283191,0.05241504,-2.497199,-0.04043829,-0.006804079,1.011419,0.9262143,0.04883778,0.3738206,0.09178825,0.9325221,-0.3492528,-0.3656527,0.3577953,0.8592326,moving,-26.37039,15.89034,-2.289566,-0.3854378
05/15/2023 14:23:00.174203,1585,True,True,True,True,Eyes,1.218076,-0.30189,-3.340399,-0.4303938,0.2471404,0.868149,0,0,0,0,0,0,0,0.1184477,-1.011513,3.439454,1.236312,-0.3010216,-3.353796,-0.1843451,-0.191037,-0.01166665,0.9640465,338.9064,337.0343,2.945267,0.3413028,-0.08500268,-0.9361017,0,0,0,0.8292811,0.05549802,-2.496676,-0.0407232,-0.006462663,1.012786,0.9267376,0.04793906,0.3726384,0.09292782,0.9317616,-0.3509769,-0.3640357,0.3598919,0.8590436,moving,-26.37039,15.89034,-2.302571,-0.3656037
05/15/2023 14:23:00.190986,1586,True,True,True,True,Eyes,1.218076,-0.30189,-3.340399,-0.4303938,0.2471404,0.868149,0,0,0,0,0,0,0,0.1151685,-1.020969,3.437418,1.23651,-0.3009582,-3.354393,-0.1856287,-0.1905591,-0.01198439,0.963891,338.7512,337.0841,2.930149,0.3413081,-0.08496262,-0.9361035,0,0,0,0.8302362,0.05855883,-2.496157,-0.04042578,-0.006692529,1.014495,0.9270872,0.04764319,0.3718058,0.09384979,0.9307967,-0.3532842,-0.3629072,0.3624191,0.8584584,moving,-26.37039,15.89034,-2.281925,-0.3779694
05/15/2023 14:23:00.210997,1587,True,True,True,True,Eyes,1.218076,-0.30189,-3.340399,-0.4303938,0.2471404,0.868149,0,0,0,0,0,0,0,0.1114579,-1.030412,3.435016,1.236652,-0.3008797,-3.35465,-0.186936,-0.190037,-0.01225017,0.963738,338.5942,337.1381,2.920619,0.3413128,-0.08492658,-0.936105,0,0,0,0.8311509,0.06149019,-2.49566,-0.04032591,-0.006957263,1.01584,0.9274718,0.0474376,0.3708717,0.09466142,0.9298097,-0.3556586,-0.3617118,0.3649706,0.8578818,moving,-26.37039,15.89034,-2.273283,-0.3923999
05/15/2023 14:23:00.230927,1588,True,True,True,True,Eyes,1.218076,-0.30189,-3.340399,-0.4303938,0.2471404,0.868149,0,0,0,0,0,0,0,0.1082861,-1.039858,3.432738,1.236752,-0.3007578,-3.355103,-0.188233,-0.1895767,-0.01248227,0.9635732,338.4394,337.1838,2.916107,0.3413171,-0.08489414,-0.9361064,0,0,0,0.8321118,0.06456977,-2.495138,-0.03992119,-0.007171452,1.017395,0.9278098,0.04731404,0.3700412,0.09542434,0.9288251,-0.3580199,-0.3606429,0.3674852,0.857258,moving,-26.37039,15.89034,-2.247056,-0.4038621
05/15/2023 14:23:00.240894,1589,True,True,True,True,Eyes,1.218337,-0.3017049,-3.340796,-0.4291623,0.2508143,0.867705,0,0,0,0,0,0,0,0.1054447,-1.050236,3.4299,1.23683,-0.3006497,-3.355322,-0.1896825,-0.1891741,-0.01269092,0.9633653,338.2678,337.2201,2.919578,0.341321,-0.08486494,-0.9361076,0,0,0,0.8330195,0.06747849,-2.494645,-0.03951105,-0.007750839,1.018688,0.9281042,0.04731404,0.369302,0.09621799,0.9277191,-0.3606654,-0.359673,0.3702686,0.8564675,moving,-26.31676,16.12219,-2.221173,-0.435935
05/15/2023 14:23:00.260802,1590,True,True,True,True,Eyes,1.218591,-0.3015229,-3.341187,-0.4279378,0.2544559,0.8672493,0,0,0,0,0,0,0,0.1019028,-1.060501,3.427321,1.236988,-0.3005311,-3.355759,-0.1911342,-0.1886933,-0.01271243,0.9631724,338.1,337.2618,2.943344,0.3413275,-0.08483241,-0.9361082,0,0,0,0.8340246,0.07069968,-2.494099,-0.0390608,-0.008068562,1.020323,0.9284665,0.04764295,0.3683479,0.09662001,0.9266123,-0.3633929,-0.3586287,0.3729879,0.8557251,moving,-26.2637,16.35199,-2.19237,-0.4530768
05/15/2023 14:23:00.281052,1591,True,True,True,True,Eyes,1.218591,-0.3015229,-3.341187,-0.4279378,0.2544559,0.8672493,0,0,0,0,0,0,0,0.09832048,-1.07115,3.424373,1.237068,-0.3004499,-3.356003,-0.1926629,-0.1882099,-0.0127092,0.9629623,337.9239,337.3022,2.971906,0.3413363,-0.084797,-0.9361082,0,0,0,0.8349151,0.07355341,-2.493615,-0.03874314,-0.008758247,1.021636,0.928831,0.04804518,0.3673753,0.09699911,0.925439,-0.3662702,-0.3575809,0.3758382,0.854916,moving,-26.2637,16.35199,-2.171767,-0.4911713
05/15/2023 14:23:00.290953,1592,True,True,True,True,Eyes,1.218819,-0.3013383,-3.341601,-0.4262299,0.2579205,0.867067,0,0,0,0,0,0,0,0.09456146,-1.081881,3.421593,1.23723,-0.3003229,-3.356453,-0.1941781,-0.1876973,-0.01275851,0.9627574,337.7479,337.3474,2.993081,0.3413443,-0.08476514,-0.9361082,0,0,0,0.8358488,0.07654562,-2.493108,-0.03845376,-0.009456247,1.023198,0.9292139,0.04832671,0.3663687,0.09746011,0.9242642,-0.3691034,-0.356459,0.3786823,0.8541292,moving,-26.17765,16.5658,-2.152273,-0.5295042
05/15/2023 14:23:00.310864,1593,True,True,True,True,Eyes,1.219048,-0.3011535,-3.342011,-0.4245149,0.261365,0.8668768,0,0,0,0,0,0,0,0.08977067,-1.092148,3.418766,1.237468,-0.3002019,-3.356689,-0.1956634,-0.1870781,-0.01266712,0.9625784,337.5782,337.403,3.027499,0.3413534,-0.08473022,-0.9361081,0,0,0,0.8368447,0.07973743,-2.492566,-0.03840142,-0.009777278,1.024691,0.9296827,0.04882245,0.3651116,0.09759483,0.9231108,-0.3719431,-0.3551976,0.3814221,0.8534353,moving,-26.09127,16.77816,-2.146219,-0.5466818
05/15/2023 14:23:00.320779,1594,True,True,True,True,Eyes,1.219251,-0.3009765,-3.342418,-0.4226218,0.2645972,0.8668213,0,0,0,0,0,0,0,0.08280373,-1.103006,3.415859,1.237716,-0.3000399,-3.357023,-0.1972131,-0.1861451,-0.01268518,0.9624429,337.3975,337.4991,3.042682,0.3413639,-0.08469257,-0.9361076,0,0,0,0.8378169,0.0828528,-2.492038,-0.0390352,-0.010414,1.026203,0.9303782,0.04900299,0.3633113,0.09783801,0.9218922,-0.3748901,-0.3533046,0.3843353,0.852914,moving,-25.99171,16.97481,-2.178394,-0.5814229
05/15/2023 14:23:00.340742,1595,True,True,True,True,Eyes,1.219453,-0.3008019,-3.342822,-0.4206961,0.2678152,0.8667698,0,0,0,0,0,0,0,0.0739187,-1.112736,3.413151,1.237859,-0.3000123,-3.357223,-0.1986416,-0.1849452,-0.01265068,0.9623808,337.231,337.6286,3.054043,0.3413748,-0.08465269,-0.9361073,0,0,0,0.8386893,0.08564869,-2.491564,-0.04028517,-0.01086953,1.02747,0.9312704,0.04912607,0.3610013,0.09782516,0.920763,-0.3776582,-0.3509495,0.387017,0.8526736,moving,-25.89012,17.17014,-2.24531,-0.6061054
05/15/2023 14:23:00.360927,1596,True,True,True,True,Eyes,1.219652,-0.3006305,-3.343214,-0.4186718,0.2708512,0.8668065,0,0,0,0,0,0,0,0.06358182,-1.123014,3.410419,1.238029,-0.2999202,-3.357603,-0.2001418,-0.1835443,-0.01258568,0.962339,337.0562,337.7814,3.065475,0.3413861,-0.0846109,-0.9361069,0,0,0,0.8395865,0.08852388,-2.491077,-0.04186338,-0.01151347,1.028896,0.9323062,0.04924639,0.3583015,0.09769314,0.9195697,-0.3805885,-0.3482258,0.3898286,0.8525096,moving,-25.78077,17.35247,-2.329946,-0.6411199
05/15/2023 14:23:00.371047,1597,True,True,True,True,Eyes,1.219852,-0.3004596,-3.343601,-0.4166052,0.2738576,0.8668576,0,0,0,0,0,0,0,0.05207217,-1.132423,3.407743,1.238207,-0.2998491,-3.357788,-0.2015483,-0.182001,-0.0124368,0.9623406,336.8934,337.9512,3.080454,0.3413979,-0.08456749,-0.9361066,0,0,0,0.8405558,0.09163042,-2.49055,-0.04369876,-0.01162836,1.030262,0.9334419,0.04942711,0.3553071,0.09730087,0.9184472,-0.3833892,-0.3452806,0.3924432,0.8525078,moving,-25.66858,17.53236,-2.428755,-0.6466582
05/15/2023 14:23:00.391045,1598,True,True,True,True,Eyes,1.22007,-0.3002864,-3.343972,-0.4146588,0.2767449,0.8668739,0,0,0,0,0,0,0,0.04006195,-1.140499,3.405605,1.238406,-0.2997103,-3.358127,-0.2027428,-0.1803798,-0.01231199,0.9623965,336.754,338.1341,3.084684,0.3414101,-0.08452266,-0.9361061,0,0,0,0.8414745,0.09457427,-2.490051,-0.04576191,-0.01158774,1.031669,0.9346231,0.04944338,0.3521861,0.09683944,0.9174876,-0.3857963,-0.3422014,0.3946796,0.8527169,moving,-25.56356,17.70541,-2.539813,-0.6435208
05/15/2023 14:23:00.410708,1599,True,True,True,True,Eyes,1.220288,-0.3001157,-3.34434,-0.4126559,0.2796229,0.866906,0,0,0,0,0,0,0,0.02764368,-1.14883,3.403245,1.238623,-0.2995601,-3.358382,-0.2039583,-0.1786938,-0.01231975,0.9624541,336.609,338.3279,3.07145,0.3414233,-0.0844765,-0.9361054,0,0,0,0.8424032,0.09755071,-2.489546,-0.04804796,-0.01160619,1.033015,0.9358335,0.04917777,0.3489946,0.09660653,0.9164985,-0.388198,-0.3389437,0.3970038,0.8529391,moving,-25.45491,17.87725,-2.663043,-0.6437058
05/15/2023 14:23:00.420742,1600,True,True,True,True,Eyes,1.220498,-0.2999499,-3.344698,-0.410616,0.2823528,0.8669899,0,0,0,0,0,0,0,0.01478386,-1.158007,3.400611,1.238836,-0.299479,-3.358712,-0.2053045,-0.1769421,-0.01233435,0.9624913,336.4485,338.5287,3.058467,0.3414374,-0.08442923,-0.9361045,0,0,0,0.8433859,0.1006999,-2.489012,-0.05036139,-0.01171407,1.034519,0.9370787,0.04891059,0.3456751,0.09639741,0.9153959,-0.3908426,-0.3355458,0.3995725,0.8530832,moving,-25.34275,18.03889,-2.787015,-0.6487444
05/15/2023 14:23:00.441156,1601,True,True,True,True,Eyes,1.220704,-0.2997886,-3.345054,-0.408532,0.2850289,0.8670987,0,0,0,0,0,0,0,0.001652002,-1.164226,3.398737,1.238981,-0.2994518,-3.358883,-0.2062496,-0.1751545,-0.0122883,0.9626169,336.3353,338.7377,3.041232,0.3414522,-0.08438112,-0.9361035,0,0,0,0.8442951,0.1036136,-2.488518,-0.05285308,-0.01105854,1.035788,0.9383398,0.04859325,0.3422823,0.09590895,0.9146202,-0.3927739,-0.3321445,0.4013834,0.853564,moving,-25.22738,18.1965,-2.921093,-0.6116922
05/15/2023 14:23:00.461707,1602,True,True,True,True,Eyes,1.220951,-0.2996278,-3.34539,-0.4066991,0.2875988,0.8671118,0,0,0,0,0,0,0,-0.01017416,-1.168812,3.397531,1.239074,-0.2994165,-3.359239,-0.2069241,-0.1735165,-0.01234687,0.9627679,336.2514,338.9342,3.008209,0.3414676,-0.08433239,-0.9361023,0,0,0,0.8452252,0.1065943,-2.488013,-0.05497113,-0.009925306,1.037244,0.9394791,0.04803518,0.339222,0.09558385,0.9140599,-0.3941551,-0.3290026,0.4027246,0.8541489,moving,-25.12786,18.34936,-3.033683,-0.548242
05/15/2023 14:23:00.480709,1603,True,True,True,True,Eyes,1.221194,-0.2994685,-3.345728,-0.404849,0.2901201,0.8671376,0,0,0,0,0,0,0,-0.01977336,-1.173981,3.396153,1.239266,-0.2993954,-3.359622,-0.2076945,-0.1722107,-0.01229739,0.9628371,336.1598,339.0857,2.998949,0.3414846,-0.08428314,-0.9361005,0,0,0,0.8461954,0.1097035,-2.487486,-0.05638576,-0.008864611,1.03886,0.9403844,0.04785371,0.33673,0.09521522,0.9134235,-0.3957166,-0.3265136,0.4041876,0.8544129,moving,-25.02692,18.49881,-3.10677,-0.4888941
05/15/2023 14:23:00.490920,1604,True,True,True,True,Eyes,1.221456,-0.2993097,-3.346051,-0.4029985,0.2925481,0.8671839,0,0,0,0,0,0,0,-0.0287081,-1.178796,3.394844,1.239395,-0.2992845,-3.360012,-0.2084267,-0.1710062,-0.01210113,0.962896,336.076,339.2214,3.008838,0.3415031,-0.08423344,-0.9360982,0,0,0,0.8471649,0.1128104,-2.486959,-0.05748254,-0.007748544,1.040444,0.9412209,0.04798025,0.3343668,0.09458876,0.9128238,-0.3972477,-0.324278,0.4055251,0.8546304,moving,-24.92528,18.64204,-3.162269,-0.4266936
05/15/2023 14:23:00.511014,1605,True,True,True,True,Eyes,1.221713,-0.2991516,-3.346377,-0.4011367,0.2949727,0.8672258,0,0,0,0,0,0,0,-0.03696382,-1.186317,3.392464,1.239553,-0.2992249,-3.360283,-0.2095801,-0.1699174,-0.01182925,0.9628418,335.9455,339.3355,3.04098,0.3415234,-0.08418339,-0.9360952,0,0,0,0.8480857,0.1157614,-2.486459,-0.05839524,-0.00753355,1.041903,0.9419762,0.04844324,0.3321655,0.09400201,0.9118725,-0.399565,-0.3222488,0.4076049,0.8544085,moving,-24.82298,18.7849,-3.207884,-0.4142738
05/15/2023 14:23:00.522222,1606,True,True,True,True,Eyes,1.221983,-0.2989988,-3.346689,-0.3993073,0.2973553,0.8672563,0,0,0,0,0,0,0,-0.04516459,-1.194693,3.389869,1.239673,-0.2991076,-3.360698,-0.2108159,-0.1688065,-0.01171943,0.9627689,335.802,339.4554,3.05476,0.3415453,-0.08413302,-0.9360918,0,0,0,0.8490112,0.1187276,-2.485956,-0.05932859,-0.007666707,1.043454,0.9427341,0.048608,0.3299845,0.09374038,0.9108386,-0.4019774,-0.3201019,0.4098906,0.854122,moving,-24.72257,18.92525,-3.254212,-0.4209691
05/15/2023 14:23:00.541940,1607,True,True,True,True,Eyes,1.222247,-0.2988456,-3.347003,-0.3974726,0.2997303,0.8672816,0,0,0,0,0,0,0,-0.05300128,-1.202973,3.387107,1.239849,-0.2991627,-3.360911,-0.21207,-0.1677605,-0.011618,0.9626775,335.6564,339.5671,3.069423,0.341569,-0.08408255,-0.9360877,0,0,0,0.8499756,0.1218181,-2.485432,-0.06019312,-0.007514745,1.044992,0.9434429,0.04878514,0.3279261,0.09352269,0.9097826,-0.4044118,-0.3180708,0.412208,0.8537655,moving,-24.62185,19.06502,-3.29668,-0.4120182
05/15/2023 14:23:00.561157,1608,True,True,True,True,Eyes,1.222477,-0.2986972,-3.347328,-0.3956233,0.3020506,0.8673221,0,0,0,0,0,0,0,-0.06033981,-1.210825,3.384606,1.23996,-0.2990247,-3.361307,-0.2132099,-0.1667563,-0.01160229,0.9626003,335.5222,339.6773,3.071828,0.3415941,-0.08403198,-0.936083,0,0,0,0.8508814,0.1247209,-2.48494,-0.0609844,-0.007584244,1.04651,0.9441154,0.04877145,0.3259868,0.09344493,0.9088138,-0.4066023,-0.3160919,0.4143414,0.8534678,moving,-24.51979,19.20101,-3.335086,-0.4152253
05/15/2023 14:23:00.574839,1609,True,True,True,True,Eyes,1.222702,-0.2985521,-3.347657,-0.3937914,0.3043914,0.8673374,0,0,0,0,0,0,0,-0.06611741,-1.219142,3.381891,1.240096,-0.2989648,-3.361644,-0.2144256,-0.1659736,-0.01159036,0.9624658,335.3798,339.759,3.08137,0.3416196,-0.08398145,-0.9360783,0,0,0,0.8518502,0.1278257,-2.484414,-0.06127024,-0.007572889,1.048145,0.9446369,0.0488673,0.3244582,0.0934886,0.9077747,-0.4089071,-0.3145171,0.4166019,0.8529489,moving,-24.41916,19.33849,-3.345469,-0.4139573
05/15/2023 14:23:00.591094,1610,True,True,True,True,Eyes,1.222922,-0.2984054,-3.347989,-0.3919839,0.3067491,0.8673256,0,0,0,0,0,0,0,-0.07114232,-1.229364,3.378578,1.240217,-0.298928,-3.362096,-0.2159071,-0.1652846,-0.01162447,0.9622526,335.206,339.8268,3.09412,0.3416453,-0.08393104,-0.9360734,0,0,0,0.8527719,0.1307793,-2.483913,-0.06136477,-0.008314908,1.049825,0.9450918,0.04900087,0.3231106,0.09374357,0.906498,-0.4116716,-0.3130714,0.4193569,0.8521303,moving,-24.32038,19.47728,-3.345267,-0.4537889
05/15/2023 14:23:00.611099,1611,True,True,True,True,Eyes,1.223138,-0.2982616,-3.348325,-0.3906791,0.3092419,0.867029,0,0,0,0,0,0,0,-0.07519436,-1.239463,3.375229,1.240291,-0.2987741,-3.362514,-0.2173381,-0.1647141,-0.01174975,0.9620267,335.0365,339.8827,3.097693,0.341671,-0.0838807,-0.9360685,0,0,0,0.8536918,0.1337273,-2.483413,-0.06123316,-0.009107798,1.051429,0.9454624,0.04899014,0.3220259,0.09420444,0.9052522,-0.4142994,-0.3118113,0.4220408,0.8512669,moving,-24.2561,19.62971,-3.333028,-0.4963009
05/15/2023 14:23:00.620753,1612,True,True,True,True,Eyes,1.223399,-0.2981185,-3.348635,-0.3897886,0.3117894,0.8665172,0,0,0,0,0,0,0,-0.07715809,-1.251998,3.371105,1.240424,-0.2987228,-3.363022,-0.2191184,-0.1644327,-0.01192221,0.9616688,334.8266,339.899,3.111881,0.3416966,-0.08383049,-0.9360636,0,0,0,0.8546669,0.1368523,-2.482883,-0.06043607,-0.01049218,1.053288,0.9456394,0.04913006,0.3214844,0.09499093,0.90369,-0.417518,-0.3110349,0.4253595,0.849898,moving,-24.21982,19.7897,-3.283945,-0.5707248
05/15/2023 14:23:00.641237,1613,True,True,True,True,Eyes,1.223653,-0.297978,-3.34895,-0.3889098,0.3143437,0.8659891,0,0,0,0,0,0,0,-0.07975841,-1.261881,3.367565,1.24053,-0.2987542,-3.363188,-0.2205599,-0.1640821,-0.01201107,0.961398,334.6572,339.9262,3.126067,0.3417234,-0.08378045,-0.9360583,0,0,0,0.8555892,0.1398079,-2.482382,-0.05993032,-0.01105624,1.054808,0.9458656,0.04928498,0.3207946,0.09547466,0.9024182,-0.42015,-0.310198,0.4280332,0.8488609,moving,-24.18453,19.95029,-3.251839,-0.6005384
05/15/2023 14:23:00.660797,1614,True,True,True,True,Eyes,1.223915,-0.2978351,-3.349267,-0.3882051,0.3169091,0.8653702,0,0,0,0,0,0,0,-0.08124566,-1.271917,3.364241,1.240611,-0.2987038,-3.363651,-0.2219722,-0.163855,-0.0122045,0.9611093,334.4893,339.9411,3.130288,0.3417511,-0.08373063,-0.9360526,0,0,0,0.8564891,0.142692,-2.481893,-0.05912739,-0.01188672,1.056523,0.9460052,0.0492828,0.3203833,0.09620225,0.9011588,-0.4226795,-0.309547,0.4306786,0.8477598,moving,-24.161,20.11335,-3.203168,-0.6445957
05/15/2023 14:23:00.671069,1615,True,True,True,True,Eyes,1.224174,-0.2976877,-3.349595,-0.387538,0.3195128,0.8647114,0,0,0,0,0,0,0,-0.081321,-1.282051,3.360923,1.240754,-0.2985764,-3.364142,-0.2233944,-0.1638408,-0.01232481,0.9607806,334.3225,339.927,3.149721,0.3417797,-0.08368092,-0.9360466,0,0,0,0.8574485,0.1457664,-2.481372,-0.05782363,-0.01265645,1.058368,0.9460086,0.04951933,0.3203367,0.09688509,0.8998861,-0.4252273,-0.3093235,0.4333045,0.8465023,moving,-24.14051,20.27939,-3.12723,-0.6851367
05/15/2023 14:23:00.691179,1616,True,True,True,True,Eyes,1.224442,-0.2975433,-3.349916,-0.3870041,0.3221443,0.8639738,0,0,0,0,0,0,0,-0.07929552,-1.295417,3.356463,1.240949,-0.298357,-3.364709,-0.2252326,-0.1640998,-0.01263357,0.9603031,334.1046,339.8779,3.16431,0.3418091,-0.08363117,-0.9360403,0,0,0,0.8583967,0.1488054,-2.480857,-0.05602735,-0.01458496,1.060256,0.9458233,0.04965713,0.3208621,0.09818535,0.8982214,-0.4284367,-0.3094801,0.4367293,0.8446831,moving,-24.12928,20.44865,-3.02488,-0.7881149
05/15/2023 14:23:00.711065,1617,True,True,True,True,Eyes,1.2247,-0.2974048,-3.350238,-0.3864828,0.324784,0.8632186,0,0,0,0,0,0,0,-0.07672203,-1.307942,3.352039,1.241093,-0.2983741,-3.36503,-0.2268958,-0.1643611,-0.01347349,0.9598554,333.8959,339.8452,3.110093,0.3418393,-0.08358148,-0.9360338,0,0,0,0.8592973,0.1516915,-2.480367,-0.05455878,-0.01620799,1.061939,0.9456078,0.04872052,0.32164,0.1004509,0.8966735,-0.4311453,-0.3094117,0.4400034,0.8430074,moving,-24.11916,20.61869,-2.941073,-0.8744166
05/15/2023 14:23:00.720842,1618,True,True,True,True,Eyes,1.224955,-0.2972703,-3.350561,-0.3861094,0.3273789,0.8624052,0,0,0,0,0,0,0,-0.07519293,-1.318194,3.348377,1.24114,-0.2984182,-3.365329,-0.2282377,-0.1644616,-0.01430563,0.9595079,333.7239,339.8371,3.044265,0.3418702,-0.08353201,-0.9360269,0,0,0,0.8602485,0.1547399,-2.479851,-0.0533087,-0.01695624,1.06366,0.9454955,0.04761992,0.3221345,0.1025254,0.8954058,-0.4332863,-0.3090742,0.4426972,0.8417199,moving,-24.11865,20.78733,-2.869159,-0.9132981
05/15/2023 14:23:00.740860,1619,True,True,True,True,Eyes,1.225202,-0.2971376,-3.350888,-0.3857505,0.3299375,0.8615903,0,0,0,0,0,0,0,-0.07388008,-1.326091,3.345737,1.241241,-0.2984224,-3.365738,-0.2292954,-0.1645882,-0.01472723,0.9592277,333.5933,339.8183,3.022414,0.3419015,-0.08348285,-0.9360199,0,0,0,0.8611563,0.1576489,-2.479357,-0.05192327,-0.01712626,1.065433,0.9453877,0.04722509,0.3225089,0.1037321,0.8944135,-0.435045,-0.3090014,0.4447407,0.8406687,moving,-24.11898,20.95385,-2.790071,-0.9209198
05/15/2023 14:23:00.761196,1620,True,True,True,True,Eyes,1.225444,-0.2970108,-3.351219,-0.3853409,0.3323972,0.8608278,0,0,0,0,0,0,0,-0.07262766,-1.332525,3.34361,1.241301,-0.298354,-3.366123,-0.230141,-0.1647086,-0.01508964,0.9589986,333.4883,339.8015,3.002439,0.3419329,-0.08343402,-0.9360128,0,0,0,0.8621404,0.1608027,-2.478823,-0.0504241,-0.01666191,1.067272,0.9452868,0.04687051,0.3228562,0.1047543,0.8936149,-0.436439,-0.3089652,0.4463805,0.8398125,moving,-24.1152,21.11341,-2.704973,-0.8944111
05/15/2023 14:23:00.780829,1621,True,True,True,True,Eyes,1.225679,-0.2968867,-3.351554,-0.3849424,0.3348231,0.8600656,0,0,0,0,0,0,0,-0.07085264,-1.338177,3.341929,1.241399,-0.2984077,-3.366617,-0.2308482,-0.1648757,-0.01561269,0.9587916,333.3962,339.7853,2.960797,0.3419642,-0.08338565,-0.9360057,0,0,0,0.8630735,0.1637932,-2.478316,-0.04897484,-0.01606402,1.069197,0.9451445,0.04618388,0.3233713,0.1060612,0.8929307,-0.4375222,-0.3089546,0.4478189,0.8390502,moving,-24.11202,21.27094,-2.622614,-0.8607684
05/15/2023 14:23:00.794569,1622,True,True,True,True,Eyes,1.225897,-0.2967712,-3.3519,-0.3845281,0.3371923,0.8593251,0,0,0,0,0,0,0,-0.0703572,-1.344314,3.339918,1.241461,-0.2983662,-3.367037,-0.231676,-0.1649052,-0.01585942,0.9585828,333.2953,339.7771,2.951864,0.3419954,-0.08333776,-0.9359986,0,0,0,0.8640519,0.1669287,-2.477784,-0.04761511,-0.01551998,1.071073,0.9451095,0.046004,0.3234991,0.1068143,0.8921494,-0.4389306,-0.3088021,0.4493918,0.8382651,moving,-24.10741,21.42464,-2.545437,-0.8301643
05/15/2023 14:23:00.811100,1623,True,True,True,True,Eyes,1.226109,-0.2966579,-3.352247,-0.3841168,0.3395306,0.858588,0,0,0,0,0,0,0,-0.07035553,-1.350752,3.33789,1.24165,-0.2984537,-3.367525,-0.2326123,-0.1649208,-0.01582424,0.9583541,333.1877,339.7611,2.97978,0.3420258,-0.08329054,-0.9359916,0,0,0,0.8650103,0.1699999,-2.477263,-0.04625839,-0.01507318,1.073082,0.9451014,0.04639475,0.3234668,0.1070556,0.8912823,-0.4406303,-0.3087431,0.4510692,0.8373854,moving,-24.10288,21.57643,-2.468378,-0.8047597
05/15/2023 14:23:00.820744,1624,True,True,True,True,Eyes,1.226333,-0.2965454,-3.352591,-0.3836576,0.3418118,0.8578879,0,0,0,0,0,0,0,-0.07129526,-1.356829,3.335814,1.241751,-0.2984067,-3.367897,-0.2334807,-0.1647926,-0.01584222,0.9581645,333.0863,339.7657,2.995201,0.3420554,-0.08324397,-0.935985,0,0,0,0.8659454,0.1729966,-2.476755,-0.04523003,-0.01462349,1.074861,0.9451848,0.04659286,0.3231945,0.1073107,0.8904716,-0.4422044,-0.3083991,0.4526471,0.8366603,moving,-24.09476,21.72403,-2.409579,-0.7794617
05/15/2023 14:23:00.840738,1625,True,True,True,True,Eyes,1.226554,-0.2964335,-3.352937,-0.3831837,0.3440788,0.8571931,0,0,0,0,0,0,0,-0.07268298,-1.363811,3.33341,1.241949,-0.298372,-3.368296,-0.2344661,-0.1646008,-0.01595393,0.9579551,332.9693,339.7794,3.000087,0.3420845,-0.08319803,-0.9359784,0,0,0,0.8668336,0.175843,-2.476273,-0.04450756,-0.01461181,1.076617,0.9453041,0.0466203,0.3228416,0.1077529,0.8895423,-0.4439639,-0.307879,0.454468,0.8358644,moving,-24.08567,21.87061,-2.367272,-0.7775689
05/15/2023 14:23:00.861333,1626,True,True,True,True,Eyes,1.226787,-0.2963156,-3.353285,-0.3826378,0.3463169,0.8565354,0,0,0,0,0,0,0,-0.07496977,-1.370904,3.330887,1.242097,-0.2982994,-3.368682,-0.2354406,-0.1642556,-0.01622027,0.9577707,332.8498,339.8172,2.980984,0.3421132,-0.08315265,-0.9359719,0,0,0,0.867785,0.1788922,-2.475756,-0.04406607,-0.01449287,1.078419,0.945514,0.0462743,0.3222763,0.1084155,0.8886092,-0.4456678,-0.3070007,0.4563249,0.8351756,moving,-24.07162,22.01461,-2.339903,-0.7699515
05/15/2023 14:23:00.871218,1627,True,True,True,True,Eyes,1.227016,-0.2962029,-3.353637,-0.3820825,0.3485791,0.8558654,0,0,0,0,0,0,0,-0.07647967,-1.380494,3.327508,1.242327,-0.2981017,-3.369225,-0.2367059,-0.1639848,-0.01675229,0.957496,332.6913,339.8491,2.938583,0.3421417,-0.08310761,-0.9359655,0,0,0,0.8687003,0.1818255,-2.475258,-0.04363954,-0.01542887,1.08026,0.9456567,0.04555182,0.3219602,0.1097128,0.8873793,-0.4477957,-0.3060988,0.4587841,0.8341587,moving,-24.05734,22.16022,-2.313334,-0.8182742
05/15/2023 14:23:00.891203,1628,True,True,True,True,Eyes,1.227267,-0.2960863,-3.353981,-0.3814556,0.3508364,0.8552224,0,0,0,0,0,0,0,-0.07811034,-1.390798,3.323678,1.242446,-0.2981513,-3.369671,-0.2381432,-0.1637051,-0.0171541,0.9571804,332.5155,339.8761,2.916074,0.3421699,-0.083063,-0.9359591,0,0,0,0.8696979,0.1850224,-2.474716,-0.04296058,-0.01619491,1.082236,0.9458128,0.04513138,0.3215609,0.1108097,0.885987,-0.4502756,-0.3052203,0.4615085,0.8329769,moving,-24.03835,22.30482,-2.273228,-0.8573277
05/15/2023 14:23:00.911093,1629,True,True,True,True,Eyes,1.227515,-0.2959737,-3.354327,-0.3808224,0.3531248,0.8545626,0,0,0,0,0,0,0,-0.07880604,-1.402823,3.319053,1.242667,-0.2980371,-3.370043,-0.2397748,-0.1635396,-0.01777519,0.9567899,332.3129,339.8923,2.874807,0.3421986,-0.08301868,-0.9359526,0,0,0,0.8706045,0.1879279,-2.474224,-0.04236385,-0.01787344,1.08396,0.9458777,0.04441112,0.3214703,0.1124396,0.8843842,-0.4530143,-0.3044221,0.4646421,0.8315257,moving,-24.01939,22.45153,-2.238123,-0.9446657
05/15/2023 14:23:00.930895,1630,True,True,True,True,Eyes,1.227747,-0.2958702,-3.354676,-0.3800575,0.3553694,0.8539724,0,0,0,0,0,0,0,-0.08002257,-1.413773,3.314812,1.24282,-0.2980595,-3.370415,-0.2412787,-0.1632977,-0.01834372,0.9564424,332.1259,339.9186,2.834327,0.3422275,-0.08297473,-0.935946,0,0,0,0.871587,0.1910764,-2.47369,-0.04175618,-0.01892406,1.085855,0.9459947,0.04371107,0.3212215,0.1138899,0.8828962,-0.4555474,-0.3035177,0.4675293,0.830237,moving,-23.99129,22.59399,-2.202204,-0.9984378
05/15/2023 14:23:00.940895,1631,True,True,True,True,Eyes,1.22798,-0.2957652,-3.355026,-0.3792803,0.3576404,0.8533697,0,0,0,0,0,0,0,-0.08246899,-1.422075,3.311644,1.243057,-0.2981712,-3.370755,-0.2424527,-0.1629329,-0.01866124,0.9562016,331.982,339.9579,2.812647,0.3422561,-0.08293138,-0.9359394,0,0,0,0.8724632,0.1938846,-2.473214,-0.04155418,-0.01934394,1.087629,0.9462093,0.04331923,0.3206423,0.1146948,0.8817368,-0.4575863,-0.3025444,0.4697484,0.8293391,moving,-23.96276,22.73817,-2.18799,-1.018922
05/15/2023 14:23:00.961461,1632,True,True,True,True,Eyes,1.228205,-0.2956624,-3.355376,-0.3785176,0.3599054,0.8527558,0,0,0,0,0,0,0,-0.0857054,-1.432691,3.307411,1.24328,-0.2980619,-3.371102,-0.243961,-0.1624724,-0.01889767,0.9558916,331.8006,340.0023,2.80611,0.3422846,-0.08288851,-0.9359328,0,0,0,0.873445,0.1970308,-2.472681,-0.04133984,-0.02038088,1.089464,0.9464912,0.04314558,0.3198325,0.1154021,0.8802518,-0.4602599,-0.3013913,0.4725413,0.8281716,moving,-23.93527,22.88216,-2.173053,-1.071722
05/15/2023 14:23:00.971230,1633,True,True,True,True,Eyes,1.228427,-0.2955559,-3.355724,-0.3777325,0.3621998,0.8521323,0,0,0,0,0,0,0,-0.08795226,-1.443358,3.303142,1.243518,-0.2980331,-3.371439,-0.2454317,-0.1621036,-0.01942444,0.9555671,331.6178,340.0444,2.765452,0.3423127,-0.08284616,-0.9359262,0,0,0,0.8743297,0.199866,-2.4722,-0.04121244,-0.02166975,1.091177,0.9466902,0.042448,0.3193364,0.1166934,0.878772,-0.4627553,-0.300267,0.4753504,0.8269714,moving,-23.90671,23.02797,-2.162965,-1.137691
05/15/2023 14:23:00.991366,1634,True,True,True,True,Eyes,1.228661,-0.2954542,-3.356066,-0.3769214,0.3644775,0.8515201,0,0,0,0,0,0,0,-0.09055972,-1.454117,3.298658,1.243638,-0.2978804,-3.371711,-0.2468544,-0.1616231,-0.02024576,0.955265,331.4342,340.1107,2.683182,0.3423404,-0.08280416,-0.9359198,0,0,0,0.8752861,0.202931,-2.47168,-0.0413017,-0.0228605,1.092851,0.9469362,0.04111463,0.3187813,0.1184749,0.877306,-0.4650783,-0.2987903,0.4781671,0.8258817,moving,-23.87636,23.17245,-2.164328,-1.198351
05/15/2023 14:23:01.010874,1635,True,True,True,True,Eyes,1.228892,-0.2953549,-3.356405,-0.376104,0.366746,0.8509072,0,0,0,0,0,0,0,-0.09257221,-1.463732,3.294788,1.24389,-0.2979474,-3.372043,-0.2481881,-0.16129,-0.02073709,0.954965,331.2681,340.1495,2.644236,0.3423682,-0.08276262,-0.9359133,0,0,0,0.8762268,0.2059459,-2.471169,-0.04104361,-0.02362198,1.094722,0.947111,0.04045414,0.318346,0.1196669,0.8759453,-0.4673326,-0.2977593,0.4807113,0.8247764,moving,-23.8456,23.31632,-2.147143,-1.23614
05/15/2023 14:23:01.031013,1636,True,True,True,True,Eyes,1.22912,-0.2952591,-3.356738,-0.3751941,0.3689462,0.8503577,0,0,0,0,0,0,0,-0.094872,-1.471125,3.291779,1.244068,-0.2979339,-3.37232,-0.2491958,-0.1609156,-0.02117646,0.9547561,331.1409,340.1968,2.602159,0.3423959,-0.08272158,-0.9359068,0,0,0,0.8771657,0.2089547,-2.470659,-0.04084694,-0.02368531,1.096502,0.9473155,0.0397623,0.3178245,0.1206357,0.874906,-0.4690273,-0.2967162,0.4826578,0.8240152,moving,-23.80799,23.45466,-2.133399,-1.237442
05/15/2023 14:23:01.041356,1637,True,True,True,True,Eyes,1.229347,-0.2951623,-3.35707,-0.3742862,0.3711265,0.8498088,0,0,0,0,0,0,0,-0.09752858,-1.476243,3.289688,1.244243,-0.2979368,-3.372528,-0.2498641,-0.1604847,-0.02165787,0.9546432,331.0521,340.2576,2.544438,0.3424236,-0.0826811,-0.9359003,0,0,0,0.8781567,0.2121304,-2.470121,-0.04079616,-0.02282938,1.098336,0.9475513,0.03884763,0.3172342,0.1215498,0.8741977,-0.4701106,-0.2955882,0.4840136,0.8236252,moving,-23.77041,23.59174,-2.127195,-1.190746
05/15/2023 14:23:01.060983,1638,True,True,True,True,Eyes,1.229565,-0.2950713,-3.357397,-0.3733392,0.3732426,0.8492985,0,0,0,0,0,0,0,-0.09965575,-1.482537,3.28717,1.244436,-0.2978376,-3.372833,-0.2507094,-0.1601468,-0.02201411,0.9544702,330.9456,340.3002,2.509626,0.3424512,-0.08264109,-0.9358937,0,0,0,0.879086,0.2151086,-2.469616,-0.04052839,-0.02262622,1.10011,0.9477368,0.038277,0.316749,0.1223242,0.8733203,-0.4715382,-0.2946724,0.4856401,0.8229957,moving,-23.72959,23.72413,-2.109841,-1.17825
05/15/2023 14:23:01.071455,1639,True,True,True,True,Eyes,1.229779,-0.2949848,-3.357721,-0.3723834,0.3753235,0.8488008,0,0,0,0,0,0,0,-0.1028194,-1.487761,3.284977,1.244675,-0.2978859,-3.373,-0.2514251,-0.1596741,-0.02237746,0.9543525,330.8536,340.3622,2.466117,0.3424785,-0.08260169,-0.9358872,0,0,0,0.8800114,0.2180744,-2.469113,-0.04066437,-0.0219568,1.101848,0.9480069,0.0375802,0.3160233,0.1230041,0.8725693,-0.4727503,-0.2935182,0.4870427,0.8225791,moving,-23.68788,23.8541,-2.113576,-1.141596
05/15/2023 14:23:01.091160,1640,True,True,True,True,Eyes,1.230005,-0.2948976,-3.358033,-0.3714464,0.377364,0.8483065,0,0,0,0,0,0,0,-0.1062421,-1.492151,3.283163,1.244798,-0.2979261,-3.37323,-0.2520224,-0.1591536,-0.02269709,0.9542745,330.7762,340.4309,2.423416,0.3425055,-0.08256298,-0.9358807,0,0,0,0.8808991,0.2209191,-2.468631,-0.04081905,-0.02112859,1.103544,0.94831,0.03690205,0.3151928,0.1235391,0.8719391,-0.4737725,-0.2923121,0.4882218,0.8223097,moving,-23.64708,23.9816,-2.11835,-1.096858
05/15/2023 14:23:01.111447,1641,True,True,True,True,Eyes,1.230228,-0.2948137,-3.358345,-0.3705169,0.3793673,0.8478194,0,0,0,0,0,0,0,-0.109051,-1.49644,3.281385,1.244928,-0.2978671,-3.373446,-0.2525851,-0.1587155,-0.02304253,0.9541905,330.7026,340.4903,2.379286,0.3425326,-0.08252487,-0.9358741,0,0,0,0.8819048,0.2241421,-2.468084,-0.0406855,-0.02001128,1.105398,0.9485569,0.03620439,0.3145299,0.1241523,0.8713396,-0.4747142,-0.2912491,0.489343,0.8220203,moving,-23.60645,24.10672,-2.107889,-1.037125
05/15/2023 14:23:01.120776,1642,True,True,True,True,Eyes,1.230453,-0.2947295,-3.358648,-0.369582,0.3813423,0.8473412,0,0,0,0,0,0,0,-0.1108761,-1.500522,3.279816,1.245062,-0.2978798,-3.373743,-0.2531235,-0.158416,-0.02335292,0.9540899,330.6328,340.5312,2.343517,0.3425598,-0.0824874,-0.9358674,0,0,0,0.8828362,0.2271269,-2.467578,-0.04030672,-0.01901057,1.107244,0.9487181,0.03563603,0.3141085,0.1247592,0.8707662,-0.4756062,-0.2904638,0.4904041,0.8216658,moving,-23.56522,24.22992,-2.084803,-0.9836304
05/15/2023 14:23:01.141165,1643,True,True,True,True,Eyes,1.230672,-0.2946471,-3.358949,-0.3686495,0.3832923,0.8468674,0,0,0,0,0,0,0,-0.1130669,-1.505041,3.2779,1.245235,-0.2978117,-3.373909,-0.2537389,-0.1580881,-0.02359781,0.9539749,330.5554,340.5726,2.316774,0.3425872,-0.08245054,-0.9358607,0,0,0,0.8837455,0.2300411,-2.467084,-0.04005688,-0.01822847,1.108917,0.9489025,0.03520276,0.3135996,0.1252496,0.8701195,-0.4766599,-0.2896488,0.491582,0.8212495,moving,-23.52395,24.35151,-2.068768,-0.9417478
05/15/2023 14:23:01.161257,1644,True,True,True,True,Eyes,1.230889,-0.2945692,-3.359244,-0.3676635,0.3852069,0.8464273,0,0,0,0,0,0,0,-0.1154338,-1.50996,3.275847,1.245327,-0.2977909,-3.37416,-0.2544135,-0.1577176,-0.02386251,0.9538498,330.4705,340.6194,2.287459,0.3426146,-0.08241425,-0.9358538,0,0,0,0.8846855,0.2330535,-2.466573,-0.03976074,-0.0174993,1.110713,0.9491115,0.03472845,0.3130196,0.1257734,0.8694087,-0.4778175,-0.2887358,0.4928717,0.8207978,moving,-23.47873,24.47016,-2.050169,-0.9026207
05/15/2023 14:23:01.180721,1645,True,True,True,True,Eyes,1.2311,-0.2944906,-3.359534,-0.3666744,0.3870916,0.8459964,0,0,0,0,0,0,0,-0.1181526,-1.513408,3.274403,1.245456,-0.2978343,-3.374346,-0.2548831,-0.1573066,-0.02411525,0.9537859,330.4097,340.674,2.253199,0.342642,-0.08237864,-0.9358469,0,0,0,0.8856312,0.2360842,-2.466059,-0.03962585,-0.01620629,1.112517,0.9493462,0.03418801,0.3123668,0.1261911,0.8689062,-0.4786208,-0.2877806,0.4937947,0.8205785,moving,-23.43303,24.5868,-2.039911,-0.834582
05/15/2023 14:23:01.191579,1646,True,True,True,True,Eyes,1.231299,-0.2944133,-3.35982,-0.365381,0.3889942,0.8456833,0,0,0,0,0,0,0,-0.1213077,-1.517637,3.272522,1.245525,-0.2977575,-3.374515,-0.255459,-0.1568288,-0.02436616,0.9537043,330.3364,340.7357,2.219367,0.3426694,-0.08234363,-0.93584,0,0,0,0.886564,0.2390733,-2.465553,-0.03959304,-0.01527652,1.114204,0.9496221,0.03365042,0.3115857,0.1266029,0.868294,-0.4796219,-0.2866875,0.4949072,0.8202909,moving,-23.36696,24.70131,-2.035139,-0.7855161
05/15/2023 14:23:01.210944,1647,True,True,True,True,Eyes,1.231496,-0.2943341,-3.360102,-0.3640845,0.3908836,0.8453711,0,0,0,0,0,0,0,-0.125515,-1.522268,3.27039,1.245684,-0.297708,-3.374633,-0.2561417,-0.1562526,-0.02442237,0.9536142,330.2542,340.8025,2.209043,0.3426964,-0.08230922,-0.9358332,0,0,0,0.8875234,0.2421482,-2.465031,-0.03972715,-0.01439506,1.115936,0.9499773,0.03346659,0.3105206,0.1266247,0.86759,-0.4808886,-0.2854983,0.4961529,0.8199531,moving,-23.30058,24.81493,-2.03886,-0.7390481
05/15/2023 14:23:01.220938,1648,True,True,True,True,Eyes,1.231705,-0.2942677,-3.360372,-0.362676,0.3928121,0.8450828,0,0,0,0,0,0,0,-0.1301343,-1.527954,3.267823,1.245839,-0.2976043,-3.374842,-0.256954,-0.1555991,-0.02456984,0.9534987,330.1549,340.8804,2.187603,0.3427231,-0.08227529,-0.9358264,0,0,0,0.8884161,0.245009,-2.464546,-0.04011485,-0.01411656,1.117591,0.9503704,0.03310903,0.3093538,0.1268183,0.8667419,-0.4823646,-0.2841005,0.4976568,0.819527,moving,-23.22709,24.92999,-2.055694,-0.7236779
05/15/2023 14:23:01.241476,1649,True,True,True,True,Eyes,1.231916,-0.2941932,-3.360639,-0.36123,0.3947257,0.8448104,0,0,0,0,0,0,0,-0.1366041,-1.532645,3.265572,1.246188,-0.2978776,-3.374894,-0.2577147,-0.1547499,-0.02454053,0.9534324,330.0647,340.9787,2.180197,0.3427499,-0.08224219,-0.9358195,0,0,0,0.8893422,0.2479768,-2.464043,-0.04102784,-0.0131712,1.119414,0.9509005,0.03296715,0.307736,0.1265581,0.8659618,-0.4838318,-0.2824382,0.4990224,0.8192713,moving,-23.15092,25.04366,-2.099018,-0.6741198
05/15/2023 14:23:01.261574,1650,True,True,True,True,Eyes,1.23213,-0.2941146,-3.360902,-0.3596038,0.396653,0.8446013,0,0,0,0,0,0,0,-0.1439933,-1.538185,3.262934,1.246434,-0.2976326,-3.3751,-0.2584169,-0.1536503,-0.02509956,0.9534056,329.9692,341.1296,2.088545,0.3427768,-0.0822096,-0.9358125,0,0,0,0.890334,0.2511554,-2.463504,-0.04261586,-0.0126797,1.121162,0.9515232,0.03155155,0.3059545,0.1272718,0.8651814,-0.4850391,-0.2800099,0.5004653,0.8192247,moving,-23.06273,25.15632,-2.176789,-0.6479545
05/15/2023 14:23:01.280850,1651,True,True,True,True,Eyes,1.232339,-0.2940415,-3.361161,-0.3579466,0.3985818,0.8443974,0,0,0,0,0,0,0,-0.1518892,-1.546088,3.259158,1.246644,-0.2975017,-3.375343,-0.2594512,-0.1524369,-0.02585846,0.9532993,329.831,341.2977,1.975193,0.3428041,-0.08217737,-0.9358053,0,0,0,0.8912307,0.254029,-2.463017,-0.04458961,-0.01320207,1.1228,0.9521887,0.02979814,0.3040538,0.1284015,0.8640329,-0.4867856,-0.2772179,0.5025527,0.8188962,moving,-22.97246,25.26877,-2.274184,-0.6736621
05/15/2023 14:23:01.291302,1652,True,True,True,True,Eyes,1.23255,-0.2939719,-3.361415,-0.3563001,0.4005503,0.8441622,0,0,0,0,0,0,0,-0.1593202,-1.552784,3.255821,1.246723,-0.2975889,-3.375502,-0.2603852,-0.1513133,-0.02638221,0.9532092,329.7093,341.4481,1.891716,0.3428315,-0.08214562,-0.9357981,0,0,0,0.892204,0.2571483,-2.462488,-0.04606137,-0.01295799,1.124598,0.9528165,0.02850397,0.3022056,0.129095,0.8630071,-0.4884191,-0.2747274,0.504387,0.8186077,moving,-22.88341,25.38408,-2.345413,-0.6601515
05/15/2023 14:23:01.311244,1653,True,True,True,True,Eyes,1.232759,-0.2938985,-3.361665,-0.3546342,0.4024975,0.8439375,0,0,0,0,0,0,0,-0.1664187,-1.559592,3.252478,1.246998,-0.2976387,-3.375654,-0.2613552,-0.1502877,-0.02675928,0.9530956,329.5865,341.5807,1.830585,0.3428591,-0.08211442,-0.9357907,0,0,0,0.8931527,0.2601883,-2.461973,-0.04745859,-0.01286513,1.126399,0.9533951,0.0275486,0.3004643,0.1295652,0.8619549,-0.4901497,-0.2724896,0.5062361,0.8182142,moving,-22.79282,25.49778,-2.412618,-0.6543735
05/15/2023 14:23:01.320705,1654,True,True,True,True,Eyes,1.23298,-0.2938249,-3.361906,-0.3531388,0.4045011,0.8436065,0,0,0,0,0,0,0,-0.1728548,-1.564703,3.249883,1.247119,-0.2974985,-3.375811,-0.2620145,-0.1493052,-0.02728934,0.953054,329.4974,341.7173,1.744121,0.3428869,-0.08208361,-0.9357832,0,0,0,0.8941163,0.2632765,-2.461449,-0.04873753,-0.01224428,1.128101,0.9539265,0.02622383,0.2988922,0.1302567,0.8612074,-0.491279,-0.2702914,0.5075767,0.8181127,moving,-22.71448,25.61727,-2.47382,-0.6218576
05/15/2023 14:23:01.340767,1655,True,True,True,True,Eyes,1.233198,-0.2937566,-3.362146,-0.3516445,0.4064735,0.8432825,0,0,0,0,0,0,0,-0.1779935,-1.570717,3.246925,1.247231,-0.2974792,-3.375985,-0.2628011,-0.1484823,-0.02791502,0.9529478,329.392,341.8349,1.653823,0.3429152,-0.08205316,-0.9357755,0,0,0,0.8949863,0.2660645,-2.460977,-0.04980084,-0.01212329,1.129722,0.9543475,0.02483953,0.297664,0.1312458,0.8603126,-0.4925817,-0.2683196,0.5091613,0.8177771,moving,-22.63589,25.73469,-2.524101,-0.6148297
05/15/2023 14:23:01.361524,1656,True,True,True,True,Eyes,1.23342,-0.293689,-3.362381,-0.3500742,0.4084407,0.8429853,0,0,0,0,0,0,0,-0.1825744,-1.575052,3.244889,1.247377,-0.2975578,-3.376231,-0.2634091,-0.1478027,-0.02818605,0.9528775,329.3145,341.9245,1.609154,0.342944,-0.08202319,-0.9357676,0,0,0,0.8949863,0.2660645,-2.460977,-0.05142805,-0.01367998,1.129915,0.9547198,0.02414943,0.2965246,0.1315808,0.8596424,-0.4936612,-0.2668267,0.5103251,0.81754,static,-22.55209,25.85098,-2.606016,-0.693651
05/15/2023 14:23:01.380644,1657,True,True,True,True,Eyes,1.233644,-0.2936241,-3.362616,-0.3484754,0.4103913,0.8427003,0,0,0,0,0,0,0,-0.1888791,-1.580662,3.242054,1.247733,-0.2975346,-3.376347,-0.2642188,-0.1469251,-0.02840529,0.9527826,329.214,342.0356,1.568345,0.3429733,-0.08199367,-0.9357594,0,0,0,0.8949863,0.2660645,-2.460977,-0.05367458,-0.0157184,1.129977,0.9552123,0.02351262,0.2949859,0.1317689,0.8587631,-0.4951392,-0.264965,0.5118331,0.8172028,static,-22.46619,25.96588,-2.719539,-0.7969542
05/15/2023 14:23:01.390969,1658,True,True,True,True,Eyes,1.233865,-0.2935573,-3.362846,-0.3468667,0.4123326,0.8424164,0,0,0,0,0,0,0,-0.1965721,-1.586038,3.239299,1.247957,-0.2975587,-3.376578,-0.2649844,-0.1458171,-0.02869995,0.9527312,329.1169,342.1799,1.508439,0.3430031,-0.08196463,-0.935751,0,0,0,0.8949863,0.2660645,-2.460977,-0.05632052,-0.01767665,1.130089,0.9558274,0.02259184,0.2930591,0.1319652,0.8579192,-0.4965479,-0.262639,0.5132877,0.8170413,static,-22.37952,26.08009,-2.853104,-0.8961375
05/15/2023 14:23:01.411195,1659,True,True,True,True,Eyes,1.234083,-0.293494,-3.363076,-0.3452305,0.4142533,0.8421461,0,0,0,0,0,0,0,-0.2040872,-1.592009,3.236127,1.248182,-0.2974803,-3.376715,-0.2657763,-0.1446845,-0.0292749,0.9526659,329.0117,342.3371,1.412302,0.3430334,-0.08193599,-0.9357424,0,0,0,0.8949863,0.2660645,-2.460977,-0.05920199,-0.01986486,1.130048,0.9564188,0.02112905,0.2912332,0.1326858,0.8570119,-0.4979208,-0.2601109,0.5148633,0.8168586,static,-22.29075,26.19266,-2.998923,-1.007086
05/15/2023 14:23:01.421155,1660,True,True,True,True,Eyes,1.234281,-0.2934329,-3.363314,-0.3435889,0.4161854,0.8418648,0,0,0,0,0,0,0,-0.2114483,-1.596949,3.233503,1.248309,-0.2975198,-3.376937,-0.2664599,-0.1435898,-0.02966774,0.9526285,328.9227,342.4846,1.337883,0.343064,-0.0819078,-0.9357337,0,0,0,0.8949863,0.2660645,-2.460977,-0.06179467,-0.02165216,1.130116,0.9570036,0.01999718,0.289386,0.1330465,0.8562379,-0.4991546,-0.2577649,0.5161945,0.8167622,static,-22.20176,26.30601,-3.129814,-1.09761
05/15/2023 14:23:01.440790,1661,True,True,True,True,Eyes,1.234472,-0.2933691,-3.363551,-0.3419499,0.4180996,0.8415836,0,0,0,0,0,0,0,-0.2180023,-1.602013,3.230928,1.248442,-0.2975212,-3.377239,-0.267158,-0.1426134,-0.03001275,0.9525688,328.8331,342.6152,1.273846,0.3430943,-0.08188009,-0.935725,0,0,0,0.8949863,0.2660645,-2.460977,-0.06408039,-0.02353203,1.130237,0.9575213,0.01902222,0.2877345,0.1333791,0.8554516,-0.5004123,-0.2556619,0.5175332,0.816576,static,-22.11275,26.41823,-3.244991,-1.192751
05/15/2023 14:23:01.462929,1662,True,True,True,True,Eyes,1.234637,-0.2933145,-3.363801,-0.340295,0.4199871,0.8413145,0,0,0,0,0,0,0,-0.2229149,-1.607439,3.228148,1.248435,-0.2974135,-3.377491,-0.267925,-0.1418736,-0.03022701,0.9524571,328.7381,342.7097,1.236302,0.3431242,-0.08185273,-0.9357165,0,0,0,0.8949863,0.2660645,-2.460977,-0.06564277,-0.02557498,1.130252,0.9579164,0.01844313,0.2864542,0.1336028,0.854605,-0.5017974,-0.2540599,0.518951,0.8161761,static,-22.02236,26.52853,-3.323892,-1.29625
05/15/2023 14:23:01.480699,1663,True,True,True,True,Eyes,1.234805,-0.2932641,-3.364047,-0.3386606,0.421852,0.841041,0,0,0,0,0,0,0,-0.2260624,-1.612468,3.225876,1.248637,-0.2975686,-3.377838,-0.2686932,-0.1414459,-0.03021866,0.9523045,328.6473,342.7557,1.238381,0.3431529,-0.08182594,-0.9357082,0,0,0,0.8949863,0.2660645,-2.460977,-0.06656083,-0.02738714,1.130578,0.9581598,0.01845637,0.2856382,0.1335658,0.8537816,-0.5032069,-0.2531601,0.5203041,0.8155941,static,-21.93309,26.63757,-3.369303,-1.387663
05/15/2023 14:23:01.490892,1664,True,True,True,True,Eyes,1.234968,-0.2932081,-3.364295,-0.3371697,0.4237307,0.8406956,0,0,0,0,0,0,0,-0.2299364,-1.617213,3.22346,1.248874,-0.297634,-3.377968,-0.2694044,-0.1409111,-0.03031125,0.9521799,328.5613,342.82,1.222335,0.3431808,-0.08179979,-0.9357003,0,0,0,0.8949863,0.2660645,-2.460977,-0.0678778,-0.0290814,1.130669,0.9584506,0.01820058,0.2846773,0.1336476,0.853005,-0.5045004,-0.2520134,0.5215852,0.8151307,static,-21.85377,26.7492,-3.435531,-1.473352
05/15/2023 14:23:01.511168,1665,True,True,True,True,Eyes,1.235129,-0.2931553,-3.364546,-0.3357112,0.4255938,0.8403379,0,0,0,0,0,0,0,-0.2331608,-1.621913,3.221197,1.248919,-0.2974755,-3.378282,-0.2700071,-0.140378,-0.03069789,0.9520755,328.4829,342.8959,1.16636,0.3432077,-0.08177406,-0.9356927,0,0,0,0.8949863,0.2660645,-2.460977,-0.06913498,-0.03092176,1.130734,0.9587033,0.01735267,0.2838782,0.1342595,0.8523076,-0.5055157,-0.2507236,0.522753,0.8147804,static,-21.77649,26.86019,-3.498805,-1.566456
05/15/2023 14:23:01.522615,1666,True,True,True,True,Eyes,1.235297,-0.293101,-3.364791,-0.3343418,0.4274747,0.8399291,0,0,0,0,0,0,0,-0.2352211,-1.627458,3.218639,1.249041,-0.2975165,-3.378605,-0.2708324,-0.1400851,-0.03072512,0.9518834,328.3849,342.925,1.169807,0.3432336,-0.08174878,-0.9356854,0,0,0,0.8949863,0.2660645,-2.460977,-0.06969848,-0.03296727,1.130962,0.9588643,0.01738569,0.283332,0.1343726,0.8514116,-0.5069934,-0.2500466,0.5242099,0.814052,static,-21.7055,26.97343,-3.526542,-1.669685
05/15/2023 14:23:01.541200,1667,True,True,True,True,Eyes,1.235465,-0.2930543,-3.365034,-0.3329874,0.4293154,0.8395283,0,0,0,0,0,0,0,-0.2382557,-1.633582,3.21557,1.249222,-0.2974674,-3.378788,-0.2717105,-0.1396347,-0.03093128,0.9516926,328.2773,342.9805,1.145601,0.3432589,-0.08172387,-0.9356783,0,0,0,0.8949863,0.2660645,-2.460977,-0.07079834,-0.03522462,1.131006,0.9590908,0.01700626,0.2825873,0.1347545,0.8504333,-0.5085316,-0.2489699,0.525808,0.8133512,static,-21.63507,27.08415,-3.581907,-1.783871
05/15/2023 14:23:01.561202,1668,True,True,True,True,Eyes,1.235638,-0.2930023,-3.365275,-0.331867,0.4311444,0.8390344,0,0,0,0,0,0,0,-0.2411637,-1.636709,3.214028,1.249358,-0.2976157,-3.378976,-0.272155,-0.1391944,-0.03114908,0.9516231,328.2206,343.0404,1.110864,0.3432837,-0.08169952,-0.9356713,0,0,0,0.8949863,0.2660645,-2.460977,-0.07190043,-0.03631628,1.131172,0.9593093,0.01648056,0.281876,0.1350493,0.8499228,-0.5093064,-0.2479665,0.5266496,0.8131131,static,-21.5805,27.19672,-3.636985,-1.838849
05/15/2023 14:23:01.570751,1669,True,True,True,True,Eyes,1.235805,-0.2929531,-3.365515,-0.330779,0.4329547,0.8385318,0,0,0,0,0,0,0,-0.2434149,-1.641974,3.211456,1.249337,-0.2974775,-3.379266,-0.272877,-0.1388151,-0.03139222,0.9514637,328.1309,343.09,1.080986,0.3433082,-0.08167552,-0.9356645,0,0,0,0.8949863,0.2660645,-2.460977,-0.07266366,-0.03833926,1.131216,0.9594898,0.01602177,0.2812874,0.135496,0.8491054,-0.5105497,-0.2470226,0.5279806,0.812537,static,-21.52795,27.30843,-3.675344,-1.941129
05/15/2023 14:23:01.590913,1670,True,True,True,True,Eyes,1.235969,-0.2929059,-3.365751,-0.3297161,0.4346473,0.8380746,0,0,0,0,0,0,0,-0.2440822,-1.647062,3.209062,1.249369,-0.2975121,-3.379501,-0.2736406,-0.1387118,-0.03140089,0.9512591,328.0406,343.0945,1.092302,0.3433321,-0.08165192,-0.9356577,0,0,0,0.8949863,0.2660645,-2.460977,-0.07274655,-0.04019696,1.131365,0.959546,0.01617359,0.2810869,0.1356551,0.8482696,-0.5118948,-0.2467166,0.5293176,0.8117597,static,-21.47572,27.41243,-3.679044,-2.034841
05/15/2023 14:23:01.611105,1671,True,True,True,True,Eyes,1.236129,-0.2928608,-3.365985,-0.3287049,0.4363113,0.8376071,0,0,0,0,0,0,0,-0.2443025,-1.650494,3.207465,1.249492,-0.2975243,-3.379629,-0.2741448,-0.1386812,-0.03144689,0.9511169,327.9804,343.094,1.09603,0.3433557,-0.08162875,-0.9356511,0,0,0,0.8949863,0.2660645,-2.460977,-0.07284474,-0.04145437,1.131461,0.9595573,0.01621814,0.2810462,0.1358568,0.8477115,-0.5127653,-0.2465622,0.5302097,0.8112243,static,-21.42669,27.5151,-3.683684,-2.098259
05/15/2023 14:23:01.620949,1672,True,True,True,True,Eyes,1.236252,-0.2928215,-3.366217,-0.3278253,0.4377066,0.8372237,0,0,0,0,0,0,0,-0.2426192,-1.654301,3.205832,1.249556,-0.2975428,-3.379795,-0.2746756,-0.138886,-0.0316001,0.9509287,327.9153,343.066,1.09547,0.3433787,-0.08160603,-0.9356447,0,0,0,0.8949863,0.2660645,-2.460977,-0.07240522,-0.04284513,1.131602,0.9594243,0.01619834,0.281501,0.1363961,0.8471094,-0.5136164,-0.2467819,0.5311716,0.8105279,static,-21.38344,27.60089,-3.661063,-2.168318
05/15/2023 14:23:01.641162,1673,True,True,True,True,Eyes,1.23638,-0.2927831,-3.366446,-0.3270114,0.4390561,0.8368353,0,0,0,0,0,0,0,-0.2408451,-1.654941,3.205621,1.249499,-0.2975942,-3.379798,-0.2747764,-0.1391279,-0.03158942,0.9508647,327.904,343.0327,1.108138,0.3434004,-0.08158391,-0.9356386,0,0,0,0.8949863,0.2660645,-2.460977,-0.07179022,-0.04303765,1.131644,0.9592912,0.01638358,0.2819436,0.1365326,0.8470001,-0.5137604,-0.2472235,0.5313402,0.8102828,static,-21.34414,27.68431,-3.629916,-2.177972
05/15/2023 14:23:01.661198,1674,True,True,True,True,Eyes,1.236485,-0.2927416,-3.366674,-0.3265274,0.4401008,0.8364754,0,0,0,0,0,0,0,-0.2382658,-1.656211,3.205381,1.249746,-0.2975794,-3.379919,-0.2749654,-0.1395378,-0.03148044,0.9507535,327.8841,342.9725,1.141685,0.343421,-0.08156236,-0.9356329,0,0,0,0.8949863,0.2660645,-2.460977,-0.07099611,-0.04355651,1.131842,0.9590764,0.01687582,0.2826441,0.1365964,0.846806,-0.5140633,-0.2480199,0.5316341,0.8098465,static,-21.32374,27.75053,-3.589241,-2.203817
05/15/2023 14:23:01.670859,1675,True,True,True,True,Eyes,1.236583,-0.2926978,-3.366887,-0.3260537,0.4410934,0.8361373,0,0,0,0,0,0,0,-0.2347894,-1.656501,3.205576,1.249882,-0.29742,-3.379966,-0.2748716,-0.1399493,-0.03194201,0.9507049,327.8875,342.9363,1.096005,0.3434402,-0.08154126,-0.9356278,0,0,0,0.8949863,0.2660645,-2.460977,-0.07045943,-0.04375929,1.13187,0.9587878,0.01620129,0.2836608,0.137671,0.8468507,-0.5137029,-0.248541,0.531584,0.8097197,static,-21.30342,27.81331,-3.562093,-2.214014
05/15/2023 14:23:01.691096,1676,True,True,True,True,Eyes,1.236681,-0.2926568,-3.367085,-0.3258371,0.4418657,0.8358139,0,0,0,0,0,0,0,-0.2329737,-1.655646,3.205967,1.249804,-0.2973309,-3.379829,-0.2745454,-0.1400196,-0.03284898,0.9507577,327.9099,342.9639,0.9752911,0.343458,-0.08152053,-0.935623,0,0,0,0.8949863,0.2660645,-2.460977,-0.07079783,-0.04343176,1.131681,0.9586309,0.01442061,0.2842865,0.1393463,0.8470915,-0.5128533,-0.2482123,0.5312514,0.8100387,static,-21.29803,27.86385,-3.579752,-2.197824
05/15/2023 14:23:01.710874,1677,True,True,True,True,Eyes,1.236776,-0.2926289,-3.367275,-0.3256682,0.4425735,0.8355052,0,0,0,0,0,0,0,-0.2320687,-1.653501,3.207001,1.249518,-0.2973565,-3.379802,-0.274177,-0.1400634,-0.03308679,0.9508494,327.9492,342.9712,0.9385403,0.3434746,-0.08150025,-0.9356187,0,0,0,0.8949863,0.2660645,-2.460977,-0.07061535,-0.04261929,1.131624,0.9585751,0.01388322,0.2845016,0.1397254,0.8474644,-0.5121337,-0.2482151,0.5306706,0.8104184,static,-21.29514,27.91051,-3.570728,-2.156857
05/15/2023 14:23:01.721179,1678,True,True,True,True,Eyes,1.236869,-0.2925949,-3.367451,-0.3256491,0.4430939,0.8352368,0,0,0,0,0,0,0,-0.2297939,-1.65045,3.208789,1.249547,-0.2976278,-3.379818,-0.2738276,-0.1404734,-0.03264562,0.9509048,327.9986,342.9058,1.003041,0.3434903,-0.08148075,-0.9356146,0,0,0,0.8949863,0.2660645,-2.460977,-0.06954449,-0.041408,1.131892,0.958403,0.01484526,0.2850323,0.1390168,0.8479053,-0.5115964,-0.2492752,0.5299397,0.8105713,static,-21.30023,27.94599,-3.515885,-2.095116
05/15/2023 14:23:01.741700,1679,True,True,True,True,Eyes,1.23696,-0.2925681,-3.367619,-0.325635,0.4435569,0.8349965,0,0,0,0,0,0,0,-0.2289121,-1.646512,3.210742,1.249472,-0.2974197,-3.379738,-0.273251,-0.1406377,-0.03241993,0.9510541,328.0707,342.8832,1.025703,0.3435051,-0.08146182,-0.9356109,0,0,0,0.8949863,0.2660645,-2.460977,-0.06910238,-0.04010266,1.131775,0.95834,0.01519257,0.2852257,0.138525,0.8485658,-0.5106339,-0.2497906,0.5288718,0.8111098,static,-21.30497,27.9776,-3.493951,-2.029337
05/15/2023 14:23:01.761266,1680,True,True,True,True,Eyes,1.237054,-0.2925387,-3.367779,-0.3256854,0.4439194,0.8347842,0,0,0,0,0,0,0,-0.2291266,-1.64313,3.212481,1.249519,-0.2975555,-3.37973,-0.2727785,-0.1406408,-0.03229617,0.9511935,328.1286,342.8842,1.031483,0.3435192,-0.08144362,-0.9356073,0,0,0,0.8949863,0.2660645,-2.460977,-0.06914836,-0.03883904,1.131892,0.9583542,0.01528776,0.2851727,0.1381674,0.8490978,-0.5098459,-0.2499339,0.5280146,0.8116241,static,-21.31291,28.00303,-3.495909,-1.965241
05/15/2023 14:23:01.770780,1681,True,True,True,True,Eyes,1.23714,-0.2925116,-3.367932,-0.3257487,0.4442448,0.8345863,0,0,0,0,0,0,0,-0.2293329,-1.641014,3.213573,1.249384,-0.2974537,-3.379812,-0.2724502,-0.140602,-0.03224767,0.951295,328.1681,342.8915,1.02917,0.3435328,-0.08142602,-0.9356039,0,0,0,0.8949863,0.2660645,-2.460977,-0.06910825,-0.03816473,1.131891,0.9583823,0.01526003,0.2850798,0.1379682,0.8494619,-0.5092928,-0.2499363,0.5274292,0.8120039,static,-21.32128,28.02608,-3.49389,-1.931149
05/15/2023 14:23:01.791124,1682,True,True,True,True,Eyes,1.237243,-0.2924867,-3.368066,-0.3258909,0.4445298,0.834379,0,0,0,0,0,0,0,-0.228231,-1.639028,3.214638,1.249308,-0.2974727,-3.379814,-0.2721672,-0.1407657,-0.03215167,0.951355,328.2033,342.8701,1.041475,0.3435458,-0.08140903,-0.9356006,0,0,0,0.8949863,0.2660645,-2.460977,-0.06866235,-0.03744882,1.131929,0.9583026,0.01544835,0.2853377,0.137799,0.8497826,-0.5088036,-0.2503352,0.526907,0.81222,static,-21.33457,28.04723,-3.471285,-1.894887
05/15/2023 14:23:01.810932,1683,True,True,True,True,Eyes,1.237343,-0.2924671,-3.368195,-0.3260555,0.4447888,0.8341767,0,0,0,0,0,0,0,-0.2260443,-1.637328,3.215518,1.249135,-0.2975144,-3.37974,-0.27197,-0.1411037,-0.03188667,0.9513702,328.2316,342.8188,1.083727,0.3435588,-0.0813927,-0.9355972,0,0,0,0.8949863,0.2660645,-2.460977,-0.06765515,-0.03679079,1.131918,0.958146,0.01607991,0.2858283,0.1374241,0.8500311,-0.5084897,-0.2511393,0.526487,0.8122441,static,-21.34909,28.06684,-3.42052,-1.861632
05/15/2023 14:23:01.830961,1684,True,True,True,True,Eyes,1.237439,-0.2924459,-3.368315,-0.3262119,0.4450284,0.8339877,0,0,0,0,0,0,0,-0.2241863,-1.63606,3.216313,1.249193,-0.2976122,-3.379728,-0.2718333,-0.1414205,-0.03163831,0.9513705,328.2525,342.7701,1.124331,0.3435718,-0.0813771,-0.9355937,0,0,0,0.8949863,0.2660645,-2.460977,-0.06689715,-0.03629518,1.132036,0.9579986,0.01668607,0.2862872,0.1370851,0.8502113,-0.5082799,-0.2518858,0.526177,0.8122138,static,-21.36281,28.08505,-3.381934,-1.83638
05/15/2023 14:23:01.841531,1685,True,True,True,True,Eyes,1.237529,-0.2924209,-3.368423,-0.3263643,0.4452468,0.8338115,0,0,0,0,0,0,0,-0.2236092,-1.635586,3.216514,1.249182,-0.2975299,-3.379663,-0.2717943,-0.1415412,-0.03144071,0.9513703,328.2607,342.7478,1.153244,0.3435848,-0.08136217,-0.9355903,0,0,0,0.8949863,0.2660645,-2.460977,-0.06653896,-0.03615481,1.131965,0.9579552,0.01711664,0.2864069,0.1367637,0.8502787,-0.5082538,-0.2522253,0.5260544,0.8121879,static,-21.376,28.10176,-3.364079,-1.829397
05/15/2023 14:23:01.861339,1686,True,True,True,True,Eyes,1.237623,-0.2923936,-3.368523,-0.3265319,0.4455139,0.8336032,0,0,0,0,0,0,0,-0.2228677,-1.634545,3.216889,1.249146,-0.2974126,-3.379491,-0.2715867,-0.1416057,-0.03165702,0.9514129,328.2814,342.7496,1.123479,0.3435978,-0.08134773,-0.9355868,0,0,0,0.8949863,0.2660645,-2.460977,-0.06655997,-0.03578722,1.131766,0.9578913,0.01667865,0.2866462,0.1371542,0.8504769,-0.5078166,-0.2522556,0.5257478,0.8123769,static,-21.39085,28.12199,-3.36573,-1.811129
05/15/2023 14:23:01.870786,1687,True,True,True,True,Eyes,1.237708,-0.2923706,-3.368611,-0.3267148,0.4457464,0.8334073,0,0,0,0,0,0,0,-0.2206435,-1.635123,3.216722,1.248981,-0.2973385,-3.379533,-0.2715942,-0.1418329,-0.03196346,0.9513667,328.2753,342.7307,1.092924,0.3436109,-0.0813337,-0.9355832,0,0,0,0.8949863,0.2660645,-2.460977,-0.06604949,-0.03602225,1.131734,0.9577235,0.01622403,0.2872323,0.1378599,0.8504299,-0.5077044,-0.252508,0.5258382,0.81224,static,-21.40632,28.14002,-3.340068,-1.823066
05/15/2023 14:23:01.891105,1688,True,True,True,True,Eyes,1.237775,-0.2923536,-3.368691,-0.3269401,0.4459335,0.8332188,0,0,0,0,0,0,0,-0.2181358,-1.632869,3.217769,1.248868,-0.2974119,-3.379313,-0.2712348,-0.1421447,-0.03213586,0.9514167,328.3149,342.7004,1.074676,0.3436241,-0.08132018,-0.9355795,0,0,0,0.8949863,0.2660645,-2.460977,-0.0654588,-0.03509963,1.131619,0.9575244,0.01595996,0.2879103,0.1382584,0.8507979,-0.5069789,-0.2530449,0.5252506,0.8124532,static,-21.42415,28.15541,-3.310599,-1.776583
05/15/2023 14:23:01.911047,1689,True,True,True,True,Eyes,1.237837,-0.2923352,-3.368759,-0.3271906,0.4460648,0.8330501,0,0,0,0,0,0,0,-0.2157052,-1.629618,3.219388,1.248722,-0.2974984,-3.379176,-0.2707952,-0.1425091,-0.03194441,0.9514939,328.3705,342.6513,1.103093,0.3436368,-0.08130733,-0.935576,0,0,0,0.8949863,0.2660645,-2.460977,-0.06451309,-0.03385144,1.131598,0.9573414,0.01639173,0.2884939,0.1379714,0.851299,-0.5062153,-0.2538923,0.5244247,0.8127223,static,-21.44303,28.16726,-3.262934,-1.713476
05/15/2023 14:23:01.921251,1690,True,True,True,True,Eyes,1.237931,-0.2923213,-3.368805,-0.3275924,0.4461177,0.8328639,0,0,0,0,0,0,0,-0.2125417,-1.625299,3.221506,1.248659,-0.2974339,-3.378942,-0.2701229,-0.1429421,-0.03201094,0.9516179,328.4489,342.6053,1.09596,0.3436492,-0.08129506,-0.9355725,0,0,0,0.8949863,0.2660645,-2.460977,-0.06370059,-0.0322811,1.131449,0.9570857,0.01629949,0.2893462,0.1381482,0.8520178,-0.5049561,-0.2547587,0.523259,0.8132024,static,-21.47133,28.17542,-3.222351,-1.634249
05/15/2023 14:23:01.941270,1691,True,True,True,True,Eyes,1.238021,-0.2923059,-3.368841,-0.328005,0.4461407,0.8326892,0,0,0,0,0,0,0,-0.2099661,-1.621716,3.223295,1.248585,-0.2975603,-3.378783,-0.2696193,-0.1433197,-0.03190942,0.9517074,328.5104,342.5587,1.111849,0.3436623,-0.08128347,-0.9355687,0,0,0,0.8949863,0.2660645,-2.460977,-0.06285882,-0.03089291,1.131445,0.9568825,0.01654664,0.2900035,0.1380203,0.8525744,-0.5040509,-0.2555899,0.5223438,0.8135298,static,-21.5,28.18165,-3.179868,-1.564012
05/15/2023 14:23:01.961267,1692,True,True,True,True,Eyes,1.2381,-0.2922913,-3.368867,-0.3284205,0.4461182,0.8325375,0,0,0,0,0,0,0,-0.2067033,-1.619236,3.224543,1.248599,-0.2974991,-3.378583,-0.2691688,-0.1437232,-0.03224186,0.9517628,328.5579,342.5231,1.074459,0.3436759,-0.08127246,-0.9355646,0,0,0,0.8949863,0.2660645,-2.460977,-0.06228629,-0.02998197,1.131313,0.9566082,0.01599837,0.2909377,0.1387448,0.8530173,-0.5031018,-0.2562237,0.5216374,0.8137836,static,-21.52831,28.18479,-3.151331,-1.518093
05/15/2023 14:23:01.980974,1693,True,True,True,True,Eyes,1.2381,-0.2922913,-3.368867,-0.3284205,0.4461182,0.8325375,0,0,0,0,0,0,0,-0.2044391,-1.615114,3.226453,1.248417,-0.297496,-3.378363,-0.2685122,-0.1439873,-0.0324478,0.9519013,328.6316,342.5039,1.043556,0.3436899,-0.08126204,-0.9355604,0,0,0,0.8949863,0.2660645,-2.460977,-0.06180492,-0.02844268,1.131142,0.9564297,0.0155505,0.2915487,0.1390989,0.8536967,-0.5018501,-0.2566981,0.5205384,0.8143377,static,-21.52831,28.18479,-3.127496,-1.440404
05/15/2023 14:23:01.990851,1694,True,True,True,True,Eyes,1.2381,-0.2922913,-3.368867,-0.3284205,0.4461182,0.8325375,0,0,0,0,0,0,0,-0.2035748,-1.61172,3.2278,1.248282,-0.2975612,-3.378021,-0.2680554,-0.1441293,-0.03232635,0.9520127,328.6877,342.4868,1.054242,0.3437025,-0.08125266,-0.9355566,0,0,0,0.8949863,0.2660645,-2.460977,-0.06146595,-0.02709371,1.130907,0.9563636,0.01571909,0.2917563,0.1388195,0.8542026,-0.501066,-0.2570953,0.5197027,0.814746,static,-21.52831,28.18479,-3.111023,-1.372401
05/15/2023 14:23:02.010775,1695,True,True,True,True,Eyes,1.238202,-0.2922813,-3.368843,-0.3289381,0.4460895,0.8323485,0,0,0,0,0,0,0,-0.2024623,-1.607009,3.229895,1.248115,-0.2976239,-3.377769,-0.2674629,-0.1443652,-0.03185561,0.9521595,328.7661,342.4469,1.109818,0.3437138,-0.08124422,-0.9355531,0,0,0,0.8949863,0.2660645,-2.460977,-0.06069249,-0.02531809,1.130764,0.9562878,0.01656142,0.2919577,0.1378879,0.8548976,-0.500137,-0.257877,0.5185324,0.8152446,static,-21.56357,28.18867,-3.072337,-1.282652
05/15/2023 14:23:02.030919,1696,True,True,True,True,Eyes,1.238301,-0.2922686,-3.368811,-0.3293647,0.4461274,0.8321594,0,0,0,0,0,0,0,-0.2019964,-1.601386,3.232391,1.248104,-0.2976192,-3.377463,-0.2666889,-0.1445,-0.03156528,0.9523657,328.8625,342.4288,1.134686,0.3437268,-0.08123631,-0.9355491,0,0,0,0.8949863,0.2660645,-2.460977,-0.06043583,-0.02325547,1.130569,0.9562468,0.01694972,0.2920698,0.1371965,0.8557612,-0.4988485,-0.2583974,0.5170932,0.8159935,static,-21.59342,28.19612,-3.059899,-1.178392
05/15/2023 14:23:02.041025,1697,True,True,True,True,Eyes,1.238396,-0.2922579,-3.368772,-0.3297872,0.4461163,0.831998,0,0,0,0,0,0,0,-0.2014393,-1.595361,3.235161,1.247993,-0.2975519,-3.377277,-0.2658212,-0.1446124,-0.03136361,0.9525979,328.9683,342.4178,1.145365,0.3437411,-0.08122884,-0.9355445,0,0,0,0.8949863,0.2660645,-2.460977,-0.06016076,-0.02111745,1.130406,0.9562072,0.01712827,0.2921892,0.1366359,0.8567109,-0.4973702,-0.2588408,0.5155125,0.8168527,static,-21.62237,28.20015,-3.046435,-1.070235
05/15/2023 14:23:02.061101,1698,True,True,True,True,Eyes,1.238461,-0.292247,-3.368732,-0.329951,0.4462126,0.8318813,0,0,0,0,0,0,0,-0.2009699,-1.590977,3.237134,1.247987,-0.2975731,-3.377072,-0.2652026,-0.144716,-0.03121484,0.9527594,329.0438,342.4069,1.154444,0.3437567,-0.08122183,-0.9355393,0,0,0,0.8949863,0.2660645,-2.460977,-0.0599995,-0.0195083,1.130286,0.9561658,0.01727769,0.2923156,0.1362386,0.8573864,-0.4963141,-0.2592026,0.5143833,0.8174496,static,-21.63487,28.20865,-3.038606,-0.9888047
05/15/2023 14:23:02.070916,1699,True,True,True,True,Eyes,1.238526,-0.2922413,-3.368684,-0.3300899,0.446278,0.8317912,0,0,0,0,0,0,0,-0.2011488,-1.586772,3.238897,1.24796,-0.2975311,-3.376808,-0.2646167,-0.1447345,-0.03103562,0.9529254,329.1158,342.4055,1.165018,0.3437727,-0.08121525,-0.935534,0,0,0,0.8949863,0.2660645,-2.460977,-0.06000385,-0.01797807,1.130068,0.9561774,0.01744907,0.2922674,0.1357476,0.8580296,-0.4953361,-0.2594173,0.5133038,0.8180599,static,-21.64527,28.21474,-3.039411,-0.9114323
05/15/2023 14:23:02.091215,1700,True,True,True,True,Eyes,1.238559,-0.2922358,-3.368641,-0.3299574,0.4464471,0.8317531,0,0,0,0,0,0,0,-0.2030366,-1.583993,3.239919,1.248017,-0.2976437,-3.376566,-0.2642191,-0.1444771,-0.03110459,0.9530726,329.161,342.4462,1.138328,0.3437892,-0.08120922,-0.9355285,0,0,0,0.8949863,0.2660645,-2.460977,-0.06079686,-0.01687175,1.129921,0.9563177,0.0170574,0.2918312,0.1356371,0.8584415,-0.4946522,-0.2589575,0.5126278,0.8186292,static,-21.63829,28.22488,-3.079905,-0.8554657
05/15/2023 14:23:02.111262,1701,True,True,True,True,Eyes,1.238585,-0.2922331,-3.368591,-0.3298132,0.4465867,0.8317353,0,0,0,0,0,0,0,-0.2040151,-1.581658,3.240801,1.247904,-0.2976252,-3.37642,-0.2638236,-0.1442822,-0.03137793,0.9532027,329.2022,342.4857,1.088046,0.3438051,-0.08120371,-0.935523,0,0,0,0.8949863,0.2660645,-2.460977,-0.06137607,-0.01600558,1.129739,0.9563962,0.01631105,0.2916168,0.1359491,0.858825,-0.4939001,-0.2585039,0.5120092,0.8191595,static,-21.63012,28.23285,-3.109688,-0.8116835
05/15/2023 14:23:02.130707,1702,True,True,True,True,Eyes,1.238598,-0.2922309,-3.368537,-0.3296418,0.4468319,0.8316716,0,0,0,0,0,0,0,-0.2052703,-1.57932,3.241596,1.247762,-0.2976889,-3.376212,-0.263467,-0.1440675,-0.03154257,0.9533282,329.2409,342.5236,1.051741,0.3438206,-0.08119877,-0.9355177,0,0,0,0.8949863,0.2660645,-2.460977,-0.06192201,-0.015073,1.129541,0.9564993,0.01577317,0.291308,0.1360549,0.8591805,-0.4932525,-0.2580663,0.5114295,0.8196595,static,-21.62142,28.24779,-3.137843,-0.7645302
05/15/2023 14:23:02.141719,1703,True,True,True,True,Eyes,1.238613,-0.2922304,-3.36848,-0.3295074,0.4470295,0.8316186,0,0,0,0,0,0,0,-0.2046306,-1.575399,3.243281,1.247528,-0.2977035,-3.376044,-0.2629286,-0.1441698,-0.03135504,0.9534676,329.3076,342.5104,1.067508,0.3438353,-0.08119436,-0.9355127,0,0,0,0.8949863,0.2660645,-2.460977,-0.06150103,-0.01362544,1.12938,0.9564639,0.01602069,0.2914107,0.1356048,0.8597708,-0.4923469,-0.2584342,0.5104287,0.8201672,static,-21.61467,28.25988,-3.116995,-0.6912133
05/15/2023 14:23:02.161807,1704,True,True,True,True,Eyes,1.23862,-0.2922289,-3.368423,-0.3293877,0.4472913,0.8315252,0,0,0,0,0,0,0,-0.2025092,-1.571989,3.244932,1.247581,-0.2977302,-3.375891,-0.2624516,-0.1445115,-0.03119095,0.9535527,329.3669,342.4662,1.090124,0.3438495,-0.08119049,-0.9355078,0,0,0,0.8949863,0.2660645,-2.460977,-0.06082341,-0.01237911,1.129337,0.9562871,0.01637012,0.2919709,0.135339,0.8602926,-0.491508,-0.2592264,0.5095378,0.8204712,static,-21.60974,28.27655,-3.082835,-0.6280164
05/15/2023 14:23:02.175984,1705,True,True,True,True,Eyes,1.238627,-0.292224,-3.368362,-0.3292685,0.4475353,0.8314412,0,0,0,0,0,0,0,-0.2021275,-1.568618,3.246464,1.247543,-0.2977124,-3.375788,-0.2619651,-0.1445836,-0.03109725,0.9536786,329.4258,342.4595,1.09399,0.3438628,-0.08118708,-0.9355032,0,0,0,0.8949863,0.2660645,-2.460977,-0.06068304,-0.01118004,1.129254,0.9562571,0.01643816,0.2920654,0.1350653,0.8608145,-0.4906686,-0.2594798,0.5086532,0.8209397,static,-21.60463,28.292,-3.075962,-0.5672317
05/15/2023 14:23:02.191807,1706,True,True,True,True,Eyes,1.238616,-0.2922246,-3.368305,-0.3290561,0.4478225,0.8313707,0,0,0,0,0,0,0,-0.2022131,-1.567935,3.246633,1.247538,-0.2976242,-3.375649,-0.2618319,-0.1445513,-0.03123854,0.9537154,329.4389,342.4701,1.072064,0.3438756,-0.08118399,-0.9354988,0,0,0,0.8949863,0.2660645,-2.460977,-0.06089085,-0.01094449,1.129086,0.9562582,0.01611089,0.29208,0.1352816,0.8609364,-0.4903951,-0.259363,0.5084574,0.821098,static,-21.59364,28.30938,-3.086931,-0.5553634
05/15/2023 14:23:02.211318,1707,True,True,True,True,Eyes,1.238602,-0.2922252,-3.368243,-0.3288633,0.4480679,0.8313147,0,0,0,0,0,0,0,-0.2011841,-1.565826,3.247585,1.247439,-0.297757,-3.37555,-0.2615517,-0.1447009,-0.03116169,0.9537721,329.4733,342.4514,1.08102,0.3438874,-0.08118137,-0.9354948,0,0,0,0.8949863,0.2660645,-2.460977,-0.06049415,-0.01009595,1.12907,0.9561812,0.01625123,0.2923242,0.1351358,0.8612393,-0.4899032,-0.2597226,0.5079397,0.8213047,static,-21.58347,28.32409,-3.066903,-0.5123154
05/15/2023 14:23:02.230714,1708,True,True,True,True,Eyes,1.238573,-0.2922272,-3.368183,-0.3286894,0.4483455,0.8312338,0,0,0,0,0,0,0,-0.1999565,-1.563009,3.24879,1.247372,-0.2977469,-3.375356,-0.2611105,-0.1448505,-0.03128444,0.9538664,329.523,342.4414,1.061211,0.3438981,-0.08117916,-0.935491,0,0,0,0.8949863,0.2660645,-2.460977,-0.06029448,-0.009050786,1.128907,0.9560792,0.01596164,0.2926735,0.1353263,0.8616852,-0.4890659,-0.2599987,0.5071921,0.8216793,static,-21.57501,28.34125,-3.057241,-0.4593477
05/15/2023 14:23:02.241161,1709,True,True,True,True,Eyes,1.238547,-0.2922303,-3.368125,-0.3285412,0.4485901,0.8311604,0,0,0,0,0,0,0,-0.198325,-1.559971,3.250209,1.247265,-0.2977823,-3.375257,-0.2606844,-0.1450922,-0.03116255,0.9539502,329.5755,342.411,1.075918,0.3439076,-0.08117738,-0.9354877,0,0,0,0.8949863,0.2660645,-2.460977,-0.05968603,-0.007934034,1.128852,0.9559543,0.01619151,0.2930686,0.1351016,0.8621451,-0.4883169,-0.2605743,0.5064027,0.8219838,static,-21.5679,28.35642,-3.026595,-0.4026916
05/15/2023 14:23:02.261337,1710,True,True,True,True,Eyes,1.238521,-0.2922317,-3.368067,-0.3284729,0.4489165,0.8310112,0,0,0,0,0,0,0,-0.1967549,-1.558031,3.251247,1.247336,-0.2978033,-3.375241,-0.2603895,-0.145324,-0.03115454,0.9539956,329.6105,342.3842,1.078691,0.3439161,-0.081176,-0.9354847,0,0,0,0.8949863,0.2660645,-2.460977,-0.05928817,-0.007248104,1.128897,0.9558207,0.01623908,0.2935015,0.1351243,0.8624534,-0.4877659,-0.2610522,0.5058759,0.8221565,static,-21.56735,28.37815,-3.006336,-0.3678635
05/15/2023 14:23:02.271198,1711,True,True,True,True,Eyes,1.238494,-0.2922344,-3.368005,-0.3284042,0.4492376,0.8308647,0,0,0,0,0,0,0,-0.1956643,-1.557084,3.251692,1.247271,-0.2977908,-3.375193,-0.260239,-0.1454639,-0.03118834,0.9540142,329.6277,342.369,1.076073,0.3439236,-0.08117494,-0.9354821,0,0,0,0.8949863,0.2660645,-2.460977,-0.05897424,-0.006903827,1.128851,0.9557351,0.01620252,0.2937821,0.135219,0.8626059,-0.4874699,-0.2613164,0.505617,0.8222319,static,-21.56671,28.39951,-2.990569,-0.3504052
05/15/2023 14:23:02.291577,1712,True,True,True,True,Eyes,1.23843,-0.2922395,-3.367958,-0.3282961,0.4495828,0.8307208,0,0,0,0,0,0,0,-0.1958826,-1.557671,3.251188,1.247201,-0.2978248,-3.375015,-0.2603468,-0.14543,-0.03119276,0.9539898,329.6149,342.3723,1.076668,0.3439302,-0.08117421,-0.9354797,0,0,0,0.8949863,0.2660645,-2.460977,-0.05901957,-0.007025838,1.128698,0.9557543,0.01620935,0.2937194,0.1352396,0.8624931,-0.4876637,-0.2612357,0.5058091,0.8221393,static,-21.56365,28.42207,-2.993268,-0.3566461
05/15/2023 14:23:02.311046,1713,True,True,True,True,Eyes,1.23837,-0.2922435,-3.367907,-0.3281983,0.4499131,0.8305805,0,0,0,0,0,0,0,-0.1951241,-1.557453,3.251324,1.247123,-0.2978586,-3.375027,-0.2603615,-0.145565,-0.03097272,0.9539724,329.6174,342.3472,1.109553,0.343935,-0.08117384,-0.935478,0,0,0,0.8949863,0.2660645,-2.460977,-0.05851662,-0.006931365,1.128727,0.9557031,0.01670479,0.2938582,0.1348933,0.8625052,-0.4877382,-0.2616018,0.5057724,0.8220455,static,-21.56112,28.44375,-2.967729,-0.3518414
05/15/2023 14:23:02.320771,1714,True,True,True,True,Eyes,1.238291,-0.2922463,-3.367862,-0.3280534,0.450267,0.8304461,0,0,0,0,0,0,0,-0.1950347,-1.557363,3.251247,1.247185,-0.2978311,-3.374886,-0.2603806,-0.1456165,-0.03083581,0.9539638,329.6177,342.3357,1.129086,0.3439383,-0.08117379,-0.9354768,0,0,0,0.8949863,0.2660645,-2.460977,-0.05842346,-0.006878436,1.128624,0.95569,0.0169989,0.2938837,0.1346639,0.8625022,-0.4878069,-0.2617676,0.5057678,0.8219956,static,-21.55564,28.4665,-2.963284,-0.3491867
05/15/2023 14:23:02.341215,1715,True,True,True,True,Eyes,1.238212,-0.2922417,-3.367816,-0.3279064,0.4505993,0.8303238,0,0,0,0,0,0,0,-0.1947113,-1.556027,3.251826,1.247178,-0.2977754,-3.374816,-0.2601485,-0.1456406,-0.03096823,0.9540191,329.6425,342.3398,1.108137,0.3439398,-0.08117396,-0.9354762,0,0,0,0.8949863,0.2660645,-2.460977,-0.05849731,-0.006420016,1.128536,0.9556596,0.01668777,0.2940005,0.1348649,0.8627275,-0.4873528,-0.2617751,0.5053937,0.8222232,static,-21.54975,28.48776,-2.967253,-0.3259407
05/15/2023 14:23:02.361582,1716,True,True,True,True,Eyes,1.238119,-0.2922454,-3.367782,-0.3276833,0.4509436,0.830225,0,0,0,0,0,0,0,-0.1946365,-1.555448,3.252013,1.247117,-0.2975927,-3.374763,-0.2599833,-0.1455935,-0.03125664,0.9540619,329.6566,342.3576,1.066439,0.3439395,-0.08117415,-0.9354763,0,0,0,0.8949863,0.2660645,-2.460977,-0.05874985,-0.006294668,1.128371,0.9556512,0.01606221,0.2940628,0.1353453,0.8628634,-0.4869788,-0.261558,0.5051818,0.8224224,static,-21.53876,28.50897,-2.980477,-0.3196239
05/15/2023 14:23:02.371028,1717,True,True,True,True,Eyes,1.238033,-0.2922497,-3.367743,-0.3274639,0.4512788,0.8301293,0,0,0,0,0,0,0,-0.1932673,-1.554655,3.2526,1.247097,-0.2977771,-3.374876,-0.259903,-0.145802,-0.03111957,0.9540565,329.6687,342.3269,1.089335,0.3439373,-0.08117457,-0.9354771,0,0,0,0.8949863,0.2660645,-2.460977,-0.05816954,-0.005951107,1.12858,0.9555467,0.01640906,0.2943828,0.1351684,0.862964,-0.4868497,-0.2620305,0.5049989,0.8223844,static,-21.52791,28.5296,-2.950542,-0.3021231
05/15/2023 14:23:02.397059,1718,True,True,True,True,Eyes,1.237949,-0.2922549,-3.367699,-0.3271848,0.4516191,0.8300544,0,0,0,0,0,0,0,-0.1936008,-1.554981,3.252281,1.247151,-0.2977964,-3.374716,-0.25995,-0.1457544,-0.03119946,0.9540484,329.6617,342.3352,1.078596,0.3439336,-0.08117521,-0.9354784,0,0,0,0.8949863,0.2660645,-2.460977,-0.05841067,-0.006006062,1.128464,0.9555646,0.01624615,0.2943341,0.1353093,0.8629052,-0.4869148,-0.261893,0.5051047,0.8223633,static,-21.513,28.54989,-2.963055,-0.3049444
05/15/2023 14:23:02.411325,1719,True,True,True,True,Eyes,1.237869,-0.2922648,-3.367657,-0.3269143,0.4519401,0.8299863,0,0,0,0,0,0,0,-0.1944382,-1.554856,3.252126,1.247016,-0.2978395,-3.374603,-0.2599464,-0.1456201,-0.031222,0.9540691,329.6616,342.3534,1.070949,0.3439286,-0.08117609,-0.9354801,0,0,0,0.8949863,0.2660645,-2.460977,-0.0586237,-0.005890787,1.128341,0.95564,0.01613096,0.2940954,0.1352828,0.8629061,-0.4869205,-0.2616313,0.5051068,0.8224453,static,-21.49845,28.56896,-2.974165,-0.2991241
05/15/2023 14:23:02.420780,1720,True,True,True,True,Eyes,1.237782,-0.2922735,-3.367622,-0.3264925,0.4522463,0.8299855,0,0,0,0,0,0,0,-0.1948563,-1.554228,3.252419,1.247026,-0.2979629,-3.374606,-0.2598782,-0.1455719,-0.03117416,0.9540966,329.6704,342.3589,1.073816,0.3439225,-0.08117731,-0.9354822,0,0,0,0.8949863,0.2660645,-2.460977,-0.05872098,-0.005605936,1.128405,0.955674,0.0161756,0.2939823,0.1351483,0.862983,-0.4868217,-0.2615764,0.5049739,0.8225443,static,-21.47326,28.58529,-2.978923,-0.2846441
05/15/2023 14:23:02.440845,1721,True,True,True,True,Eyes,1.237702,-0.2922811,-3.367591,-0.3261005,0.4525525,0.8299727,0,0,0,0,0,0,0,-0.1945686,-1.554558,3.252332,1.246956,-0.2979341,-3.374686,-0.259962,-0.1456374,-0.03096402,0.9540707,329.6645,342.3423,1.104493,0.3439152,-0.08117878,-0.9354848,0,0,0,0.8949863,0.2660645,-2.460977,-0.05835438,-0.005759656,1.128452,0.955662,0.01663665,0.2939957,0.1348041,0.862922,-0.4870251,-0.2617978,0.5050632,0.8224191,static,-21.45012,28.60195,-2.960236,-0.292437
05/15/2023 14:23:02.461749,1722,True,True,True,True,Eyes,1.2376,-0.2922897,-3.367572,-0.3255989,0.452849,0.8300079,0,0,0,0,0,0,0,-0.1934985,-1.555811,3.251908,1.247042,-0.297918,-3.374764,-0.2601533,-0.1458077,-0.03088918,0.9539949,329.6436,342.3155,1.124109,0.3439069,-0.08118045,-0.9354877,0,0,0,0.8949863,0.2660645,-2.460977,-0.05796555,-0.006236672,1.128551,0.955572,0.01692845,0.2942714,0.1348009,0.8627322,-0.4873621,-0.2621277,0.5053777,0.8221207,static,-21.41928,28.6167,-2.940288,-0.3166285
05/15/2023 14:23:02.471171,1723,True,True,True,True,Eyes,1.237507,-0.2922987,-3.367555,-0.3250915,0.4531628,0.8300356,0,0,0,0,0,0,0,-0.1929933,-1.557841,3.25099,1.247141,-0.2979199,-3.374749,-0.2604507,-0.1458843,-0.03092356,0.9539009,329.6082,342.3031,1.128959,0.3438972,-0.08118231,-0.9354911,0,0,0,0.8949863,0.2660645,-2.460977,-0.05786818,-0.006944537,1.128572,0.955523,0.01699532,0.2944265,0.1349874,0.8624184,-0.4878657,-0.2622103,0.5059108,0.8217664,static,-21.38828,28.63259,-2.935303,-0.3525584
05/15/2023 14:23:02.491675,1724,True,True,True,True,Eyes,1.237381,-0.2923048,-3.367555,-0.3244822,0.4534532,0.8301153,0,0,0,0,0,0,0,-0.194133,-1.560463,3.249769,1.247279,-0.297954,-3.374796,-0.2607605,-0.1456607,-0.03135863,0.9538363,329.5636,342.343,1.072827,0.3438862,-0.08118434,-0.935495,0,0,0,0.8949863,0.2660645,-2.460977,-0.0586755,-0.007856905,1.128622,0.9555992,0.01614307,0.294227,0.1357871,0.8620412,-0.4883101,-0.2615186,0.506581,0.8215739,static,-21.34994,28.64572,-2.976048,-0.3988582
05/15/2023 14:23:02.511184,1725,True,True,True,True,Eyes,1.237258,-0.2923163,-3.367557,-0.3239154,0.4537402,0.83018,0,0,0,0,0,0,0,-0.1933234,-1.562849,3.248764,1.247179,-0.2978655,-3.374931,-0.2609958,-0.1456596,-0.03187049,0.9537552,329.5267,342.3575,1.013175,0.3438733,-0.08118642,-0.9354995,0,0,0,0.8949863,0.2660645,-2.460977,-0.05879423,-0.008762062,1.128644,0.9555351,0.01523979,0.2944833,0.1368264,0.8617309,-0.4885677,-0.261211,0.5071366,0.821329,static,-21.31448,28.6591,-2.982003,-0.4447985
05/15/2023 14:23:02.521174,1726,True,True,True,True,Eyes,1.23712,-0.2923293,-3.367568,-0.3233216,0.4540187,0.8302591,0,0,0,0,0,0,0,-0.1907145,-1.563594,3.248577,1.247106,-0.2980098,-3.374962,-0.2610695,-0.1459672,-0.03211101,0.9536799,329.514,342.3248,0.9952301,0.3438586,-0.08118871,-0.9355047,0,0,0,0.8949863,0.2660645,-2.460977,-0.05815649,-0.008938015,1.12875,0.9553249,0.01496793,0.2951784,0.1374624,0.8616232,-0.4885791,-0.2616456,0.5073278,0.8210725,static,-21.27706,28.67159,-2.949438,-0.4536876
05/15/2023 14:23:02.541330,1727,True,True,True,True,Eyes,1.236989,-0.2923422,-3.367573,-0.3227519,0.4542925,0.830331,0,0,0,0,0,0,0,-0.1889371,-1.565159,3.247973,1.247115,-0.2980325,-3.375,-0.2613392,-0.1462483,-0.03192063,0.9535693,329.4861,342.2787,1.035147,0.3438419,-0.0811912,-0.9355106,0,0,0,0.8949863,0.2660645,-2.460977,-0.05738327,-0.00948447,1.12883,0.9551851,0.01556376,0.2956,0.1373179,0.8613657,-0.4890734,-0.2622316,0.5077468,0.8206264,static,-21.24124,28.68405,-2.910085,-0.4813899
05/15/2023 14:23:02.561708,1728,True,True,True,True,Eyes,1.236839,-0.2923574,-3.367589,-0.3221775,0.4545295,0.8304243,0,0,0,0,0,0,0,-0.1895486,-1.565679,3.247583,1.247157,-0.2980443,-3.374884,-0.2614731,-0.1462129,-0.03170277,0.9535452,329.4744,342.2743,1.064388,0.3438236,-0.08119391,-0.9355171,0,0,0,0.8949863,0.2660645,-2.460977,-0.05739188,-0.009629071,1.128753,0.9552335,0.0160014,0.29542,0.1369215,0.8612536,-0.4893821,-0.2622623,0.5079235,0.8205073,static,-21.20463,28.69392,-2.910719,-0.4887621
05/15/2023 14:23:02.571258,1729,True,True,True,True,Eyes,1.236693,-0.2923699,-3.367597,-0.3216273,0.4547349,0.8305252,0,0,0,0,0,0,0,-0.1890607,-1.565449,3.247797,1.247152,-0.2980745,-3.374956,-0.2614518,-0.1462921,-0.03162234,0.9535416,329.4785,342.2616,1.076905,0.3438033,-0.08119684,-0.9355243,0,0,0,0.8949863,0.2660645,-2.460977,-0.05714869,-0.009555578,1.128838,0.9551973,0.01619023,0.2955267,0.1368031,0.861286,-0.4893581,-0.2624558,0.5078624,0.8204832,static,-21.16928,28.70189,-2.89819,-0.4849955
05/15/2023 14:23:02.591282,1730,True,True,True,True,Eyes,1.236521,-0.2923894,-3.367615,-0.3211497,0.4548848,0.8306278,0,0,0,0,0,0,0,-0.1895454,-1.563374,3.248546,1.247109,-0.2980148,-3.374763,-0.2611775,-0.1462563,-0.03147041,0.9536273,329.5134,342.2644,1.088845,0.3437814,-0.08119992,-0.9355321,0,0,0,0.8949863,0.2660645,-2.460977,-0.05720386,-0.008804619,1.128641,0.9552374,0.0163756,0.2953867,0.1364198,0.8615919,-0.4889265,-0.2625093,0.5073375,0.8207909,static,-21.13824,28.70687,-2.901486,-0.4469598
05/15/2023 14:23:02.611192,1731,True,True,True,True,Eyes,1.236359,-0.2924074,-3.367626,-0.3206891,0.4550059,0.8307395,0,0,0,0,0,0,0,-0.1892731,-1.560424,3.249994,1.247088,-0.2981402,-3.374773,-0.2608114,-0.1463514,-0.03114893,0.9537235,329.5623,342.2457,1.124836,0.3437573,-0.08120333,-0.9355407,0,0,0,0.8949863,0.2660645,-2.460977,-0.0568454,-0.007714927,1.128732,0.9552221,0.01692531,0.2954055,0.1357552,0.8620142,-0.4883667,-0.2629096,0.5066015,0.8211173,static,-21.10801,28.71004,-2.883104,-0.3916128
05/15/2023 14:23:02.620744,1732,True,True,True,True,Eyes,1.236193,-0.2924238,-3.367646,-0.3202601,0.4551168,0.8308442,0,0,0,0,0,0,0,-0.1899952,-1.55828,3.250863,1.247151,-0.2981156,-3.374638,-0.2605136,-0.1462833,-0.0310551,0.9538184,329.5988,342.255,1.127764,0.3437315,-0.08120699,-0.9355499,0,0,0,0.8949863,0.2660645,-2.460977,-0.05709058,-0.006947935,1.128623,0.9552736,0.01697574,0.2952359,0.1354594,0.8623365,-0.4878796,-0.2628749,0.5060509,0.8214678,static,-21.07983,28.71289,-2.895798,-0.3527151
05/15/2023 14:23:02.640816,1733,True,True,True,True,Eyes,1.236043,-0.2924324,-3.367661,-0.3198331,0.4552383,0.8309422,0,0,0,0,0,0,0,-0.1901892,-1.559197,3.250551,1.247302,-0.2980672,-3.374722,-0.2606811,-0.146312,-0.03083786,0.9537753,329.5832,342.2419,1.159913,0.343704,-0.08121083,-0.9355596,0,0,0,0.8949863,0.2660645,-2.460977,-0.0569981,-0.007337511,1.128716,0.9552836,0.01745678,0.2951753,0.1351063,0.8621888,-0.4882384,-0.2630199,0.5062863,0.8212763,static,-21.05193,28.71648,-2.890878,-0.3724609
05/15/2023 14:23:02.661389,1734,True,True,True,True,Eyes,1.235885,-0.2924366,-3.367674,-0.3194359,0.4553531,0.8310321,0,0,0,0,0,0,0,-0.1909626,-1.560674,3.249782,1.247502,-0.2978978,-3.374648,-0.2608297,-0.146183,-0.0311142,0.9537454,329.5606,342.2662,1.123685,0.3436755,-0.0812146,-0.9355697,0,0,0,0.8949863,0.2660645,-2.460977,-0.05763072,-0.007936358,1.128597,0.9553249,0.0169077,0.2950737,0.1356078,0.8619996,-0.4884335,-0.2626117,0.506627,0.8211968,static,-21.02599,28.71996,-2.923214,-0.4029005
05/15/2023 14:23:02.680834,1735,True,True,True,True,Eyes,1.235732,-0.2924473,-3.367683,-0.319033,0.455452,0.8311327,0,0,0,0,0,0,0,-0.1931356,-1.560473,3.249584,1.247398,-0.2977997,-3.374535,-0.2606718,-0.1457522,-0.03176647,0.9538331,329.5667,342.3459,1.022553,0.3436458,-0.08121821,-0.9355803,0,0,0,0.8949863,0.2660645,-2.460977,-0.05890992,-0.007867694,1.128359,0.9554944,0.01538715,0.2946077,0.1365868,0.8620822,-0.4880147,-0.2614852,0.5065349,0.821613,static,-20.99946,28.72228,-2.988612,-0.399499
05/15/2023 14:23:02.691289,1736,True,True,True,True,Eyes,1.235581,-0.2924576,-3.367691,-0.3186682,0.4555157,0.8312376,0,0,0,0,0,0,0,-0.1950802,-1.559154,3.250001,1.247359,-0.2979698,-3.374439,-0.2604942,-0.1454673,-0.03183772,0.9539227,329.5859,342.3874,0.9996378,0.3436152,-0.08122185,-0.9355912,0,0,0,0.8949863,0.2660645,-2.460977,-0.0595952,-0.007279158,1.128321,0.9556513,0.01504533,0.2941162,0.1365282,0.8622583,-0.48772,-0.260942,0.5062454,0.8219641,static,-20.97513,28.7226,-3.023415,-0.369628
05/15/2023 14:23:02.710892,1737,True,True,True,True,Eyes,1.235436,-0.2924684,-3.367699,-0.3183072,0.4555587,0.8313524,0,0,0,0,0,0,0,-0.1969701,-1.557203,3.250808,1.247328,-0.2979543,-3.374437,-0.260224,-0.1452192,-0.03173955,0.9540375,329.6192,342.4194,0.9974549,0.3435839,-0.08122551,-0.9356023,0,0,0,0.8949863,0.2660645,-2.460977,-0.06010142,-0.006609201,1.12828,0.955808,0.01501758,0.2936078,0.1361405,0.8625522,-0.4873086,-0.2605703,0.5057454,0.8223897,static,-20.95078,28.72155,-3.049161,-0.3356216
05/15/2023 14:23:02.731047,1738,True,True,True,True,Eyes,1.235296,-0.2924841,-3.367704,-0.3180522,0.4555927,0.8314314,0,0,0,0,0,0,0,-0.1977837,-1.555477,3.25159,1.247348,-0.2979794,-3.374433,-0.2599403,-0.1450847,-0.03187877,0.9541307,329.6498,342.4449,0.9689933,0.3435522,-0.0812292,-0.9356136,0,0,0,0.8949863,0.2660645,-2.460977,-0.0605424,-0.005994797,1.128276,0.9558684,0.01459367,0.2934325,0.1362597,0.8628296,-0.4867838,-0.2602863,0.5052842,0.822763,static,-20.93364,28.72106,-3.071502,-0.3044232
05/15/2023 14:23:02.741095,1739,True,True,True,True,Eyes,1.235161,-0.2925017,-3.367712,-0.3178316,0.455622,0.8314997,0,0,0,0,0,0,0,-0.1974002,-1.553252,3.252623,1.247229,-0.2981098,-3.374413,-0.259606,-0.1451087,-0.03196605,0.9542151,329.6874,342.4486,0.9515966,0.3435201,-0.08123305,-0.9356251,0,0,0,0.8949863,0.2660645,-2.460977,-0.0604822,-0.005129933,1.128295,0.9558433,0.0143372,0.293527,0.1363472,0.8631659,-0.4861628,-0.2603327,0.5047169,0.8230964,static,-20.91881,28.72063,-3.068402,-0.2605007
05/15/2023 14:23:02.761055,1740,True,True,True,True,Eyes,1.235047,-0.2925115,-3.367718,-0.3176738,0.4556755,0.8315306,0,0,0,0,0,0,0,-0.194984,-1.553017,3.252935,1.247237,-0.2981727,-3.374457,-0.2595615,-0.1454397,-0.0319952,0.9541759,329.6924,342.4073,0.9585686,0.3434878,-0.08123709,-0.9356366,0,0,0,0.8949863,0.2660645,-2.460977,-0.05976951,-0.005026162,1.128403,0.9556473,0.01444298,0.2941594,0.1365592,0.8632082,-0.486028,-0.2609406,0.5046415,0.8229502,static,-20.90861,28.72257,-3.032022,-0.2552066
05/15/2023 14:23:02.771135,1741,True,True,True,True,Eyes,1.234941,-0.2925285,-3.367728,-0.3175686,0.4557316,0.8315401,0,0,0,0,0,0,0,-0.1911155,-1.55319,3.253163,1.247195,-0.2980171,-3.374565,-0.259497,-0.1459235,-0.03224716,0.9541111,329.6959,342.3537,0.9423194,0.3434559,-0.08124108,-0.935648,0,0,0,0.8949863,0.2660645,-2.460977,-0.05878457,-0.005198181,1.12845,0.955333,0.01419867,0.2951904,0.1372681,0.8632429,-0.4857668,-0.2617183,0.5045893,0.8227352,static,-20.90207,28.72527,-2.982025,-0.2639299
05/15/2023 14:23:02.791104,1742,True,True,True,True,Eyes,1.234854,-0.2925456,-3.367727,-0.3174902,0.4557838,0.8315414,0,0,0,0,0,0,0,-0.186211,-1.5537,3.25335,1.247288,-0.2982089,-3.374654,-0.2595434,-0.1465865,-0.0324037,0.9539914,329.6883,342.2725,0.9468223,0.3434245,-0.08124519,-0.9356592,0,0,0,0.8949863,0.2660645,-2.460977,-0.05746213,-0.005299211,1.128715,0.9549248,0.01426539,0.2965048,0.1379168,0.8631745,-0.4857043,-0.2628641,0.5047041,0.8222993,static,-20.89732,28.72799,-2.914373,-0.2689962
05/15/2023 14:23:02.811181,1743,True,True,True,True,Eyes,1.234774,-0.2925587,-3.367728,-0.3174357,0.4558269,0.8315386,0,0,0,0,0,0,0,-0.1833632,-1.55245,3.253937,1.247278,-0.2982523,-3.374489,-0.2592931,-0.1469266,-0.0327518,0.9539953,329.7116,342.243,0.9093415,0.3433941,-0.08124944,-0.93567,0,0,0,0.8949863,0.2660645,-2.460977,-0.05698755,-0.004781485,1.128626,0.9546798,0.01370401,0.2973193,0.1386842,0.8633888,-0.4851046,-0.26335,0.504353,0.8223593,static,-20.89411,28.73036,-2.890572,-0.2427352
05/15/2023 14:23:02.830844,1744,True,True,True,True,Eyes,1.234724,-0.2925664,-3.367723,-0.317455,0.4559082,0.8314866,0,0,0,0,0,0,0,-0.1803727,-1.552018,3.254402,1.247338,-0.2981717,-3.374562,-0.2591262,-0.1472813,-0.03312493,0.9539732,329.7246,342.2115,0.8710218,0.3433647,-0.08125368,-0.9356804,0,0,0,0.8949863,0.2660645,-2.460977,-0.05647933,-0.004699767,1.12869,0.9544219,0.0131283,0.2981719,0.1395295,0.8635127,-0.4846415,-0.2638378,0.5041562,0.8223237,static,-20.89646,28.73618,-2.864676,-0.2385732
05/15/2023 14:23:02.841063,1745,True,True,True,True,Eyes,1.234677,-0.2925738,-3.36772,-0.3174732,0.4560071,0.8314255,0,0,0,0,0,0,0,-0.1779994,-1.553499,3.253891,1.247351,-0.2980943,-3.374627,-0.2592862,-0.1475722,-0.03333206,0.9538773,329.7023,342.1788,0.8585538,0.3433371,-0.08125775,-0.9356902,0,0,0,0.8949863,0.2660645,-2.460977,-0.05592144,-0.005275726,1.128733,0.9542229,0.01293746,0.2988166,0.1401163,0.8633193,-0.4848166,-0.2642464,0.5044922,0.8219863,static,-20.89896,28.74319,-2.836317,-0.2678
05/15/2023 14:23:02.861069,1746,True,True,True,True,Eyes,1.234663,-0.2925837,-3.367705,-0.3175262,0.4561389,0.831333,0,0,0,0,0,0,0,-0.1775117,-1.555417,3.25303,1.247357,-0.298099,-3.374652,-0.2595488,-0.1476158,-0.03345359,0.953795,329.6693,342.1741,0.8504664,0.3433112,-0.08126167,-0.9356993,0,0,0,0.8949863,0.2660645,-2.460977,-0.05584836,-0.00594604,1.128758,0.9541808,0.01281128,0.2989561,0.1404428,0.8630305,-0.4852362,-0.2642248,0.5049893,0.8216879,static,-20.90427,28.75286,-2.832554,-0.3018184
05/15/2023 14:23:02.870790,1747,True,True,True,True,Eyes,1.234651,-0.2925944,-3.367693,-0.3175718,0.4562679,0.8312448,0,0,0,0,0,0,0,-0.1789141,-1.557451,3.25194,1.247282,-0.2980661,-3.374643,-0.2598908,-0.147438,-0.03329384,0.9537349,329.632,342.1878,0.8718635,0.3432876,-0.08126552,-0.9357077,0,0,0,0.8949863,0.2660645,-2.460977,-0.05602691,-0.00666368,1.128698,0.9543071,0.01312858,0.2985391,0.1401425,0.8626966,-0.4859162,-0.2639281,0.5055514,0.8214377,moving,-20.90904,28.76226,-2.841745,-0.3382625
05/15/2023 14:23:02.892215,1748,True,True,True,True,Eyes,1.234658,-0.2926002,-3.367668,-0.3175702,0.456382,0.8311827,0,0,0,0,0,0,0,-0.1807177,-1.558028,3.251667,1.247402,-0.2982439,-3.374683,-0.2600538,-0.1472479,-0.03303111,0.9537291,329.6176,342.2017,0.9019296,0.3432662,-0.0812693,-0.9357153,0,0,0,0.8983251,0.2638012,-2.461227,-0.05329138,-0.008155525,1.126608,0.954454,0.01357927,0.2980489,0.1395902,0.8625619,-0.4863142,-0.2636895,0.5057693,0.8213801,moving,-20.91037,28.77011,-2.708216,-0.4147575
05/15/2023 14:23:02.912535,1749,True,True,True,True,Eyes,1.234668,-0.2926099,-3.36765,-0.3175457,0.4564923,0.8311315,0,0,0,0,0,0,0,-0.183773,-1.558407,3.251133,1.247413,-0.2981561,-3.374512,-0.2601545,-0.1468604,-0.03286598,0.9537669,329.6084,342.2452,0.9113515,0.3432473,-0.08127292,-0.9357219,0,0,0,0.901664,0.261538,-2.461478,-0.05101681,-0.009654045,1.12416,0.9547037,0.0137198,0.2972417,0.1391058,0.862479,-0.4866002,-0.2630408,0.505907,0.8215033,moving,-20.91008,28.77744,-2.598423,-0.4920317
05/15/2023 14:23:02.920693,1750,True,True,True,True,Eyes,1.23469,-0.2926159,-3.367628,-0.3175099,0.4566294,0.8310698,0,0,0,0,0,0,0,-0.1862764,-1.558371,3.251204,1.247482,-0.2982613,-3.374666,-0.260176,-0.1465307,-0.03277519,0.9538149,329.6072,342.2847,0.9116816,0.3432306,-0.08127648,-0.9357277,0,0,0,0.9050392,0.2592501,-2.461731,-0.0485909,-0.01102352,1.122076,0.9549091,0.01372461,0.296581,0.1387705,0.8624685,-0.4867143,-0.2624718,0.5059246,0.8216744,moving,-20.90934,28.78649,-2.479614,-0.5628684
05/15/2023 14:23:02.941117,1751,True,True,True,True,Eyes,1.234711,-0.292623,-3.367607,-0.3174672,0.4567924,0.8309965,0,0,0,0,0,0,0,-0.1863819,-1.5604,3.250233,1.247429,-0.2982072,-3.3747,-0.2604495,-0.1464829,-0.03290064,0.9537435,329.5728,342.2919,0.9000844,0.3432164,-0.08127987,-0.9357325,0,0,0,0.9083231,0.2570241,-2.461978,-0.04562867,-0.01310039,1.119858,0.9549206,0.01354527,0.2965521,0.1390603,0.8621672,-0.4871653,-0.2622763,0.5064428,0.8214176,moving,-20.90845,28.79726,-2.333229,-0.6702302
05/15/2023 14:23:02.961285,1752,True,True,True,True,Eyes,1.234747,-0.2926266,-3.367586,-0.3174518,0.4569579,0.8309115,0,0,0,0,0,0,0,-0.1865547,-1.563227,3.248856,1.247422,-0.2982515,-3.374689,-0.2608575,-0.1464311,-0.03303415,0.9536352,329.5225,342.2982,0.8902419,0.3432043,-0.08128314,-0.9357367,0,0,0,0.9117129,0.2547264,-2.462232,-0.04261503,-0.01542705,1.117591,0.9549334,0.01339024,0.2965181,0.1394003,0.8617243,-0.4878513,-0.2620493,0.5072001,0.8210227,moving,-20.90948,28.8085,-2.183696,-0.7908518
05/15/2023 14:23:02.970982,1753,True,True,True,True,Eyes,1.234785,-0.2926314,-3.367562,-0.3174321,0.4571312,0.8308236,0,0,0,0,0,0,0,-0.1862738,-1.565425,3.247919,1.247464,-0.2981969,-3.37478,-0.2612051,-0.1464979,-0.03288297,0.953535,329.4845,342.2804,0.919301,0.3431945,-0.08128621,-0.9357401,0,0,0,0.9150853,0.2524403,-2.462485,-0.03923178,-0.0176304,1.115396,0.9549142,0.01382189,0.2965602,0.1392421,0.8613812,-0.4885019,-0.2622033,0.5077711,0.8206204,moving,-20.91032,28.82023,-2.014431,-0.9055645
05/15/2023 14:23:02.990895,1754,True,True,True,True,Eyes,1.234829,-0.2926313,-3.367533,-0.3174494,0.4572965,0.830726,0,0,0,0,0,0,0,-0.1866223,-1.566668,3.247244,1.247537,-0.2982315,-3.374697,-0.2613954,-0.1464542,-0.03292136,0.9534883,329.4615,342.2851,0.9170401,0.3431869,-0.08128913,-0.9357426,0,0,0,0.9185609,0.2500844,-2.462746,-0.03620273,-0.01943457,1.113032,0.9549348,0.01378464,0.2964956,0.1393452,0.8611772,-0.488832,-0.2620737,0.5081179,0.8204472,moving,-20.9136,28.83182,-1.862958,-1.000336
05/15/2023 14:23:03.011111,1755,True,True,True,True,Eyes,1.23487,-0.2926392,-3.367506,-0.3174979,0.4574243,0.8306372,0,0,0,0,0,0,0,-0.1867747,-1.566851,3.247042,1.247413,-0.2981387,-3.37465,-0.2613748,-0.1463794,-0.03313387,0.9534981,329.4599,342.3022,0.8870466,0.3431813,-0.08129178,-0.9357445,0,0,0,0.9219002,0.2478209,-2.462997,-0.03329524,-0.02087376,1.110675,0.9549505,0.01333361,0.2964656,0.1397059,0.8611707,-0.4887406,-0.2618242,0.508141,0.8205125,moving,-20.91856,28.84118,-1.71707,-1.076677
05/15/2023 14:23:03.030991,1756,True,True,True,True,Eyes,1.234916,-0.292647,-3.367476,-0.3175406,0.4575001,0.8305792,0,0,0,0,0,0,0,-0.1852077,-1.564537,3.248239,1.247397,-0.2983148,-3.374633,-0.2610877,-0.1466374,-0.03291979,0.9535445,329.4977,342.2649,0.9170207,0.3431775,-0.0812944,-0.9357457,0,0,0,0.9253375,0.2454909,-2.463255,-0.0294787,-0.02138352,1.108481,0.9548275,0.01378949,0.2968405,0.1393515,0.861499,-0.488263,-0.2624607,0.5075721,0.8206612,moving,-20.92247,28.84688,-1.523352,-1.105147
05/15/2023 14:23:03.041222,1757,True,True,True,True,Eyes,1.234965,-0.292654,-3.367443,-0.3175827,0.4575618,0.830529,0,0,0,0,0,0,0,-0.1835885,-1.562374,3.249368,1.247401,-0.2983287,-3.374626,-0.2608038,-0.1469076,-0.03269176,0.9535883,329.5355,342.2255,0.9492208,0.3431754,-0.08129701,-0.9357462,0,0,0,0.9288712,0.2430956,-2.46352,-0.02555969,-0.02208695,1.106153,0.9546988,0.01427919,0.2972311,0.1389771,0.8618252,-0.4877937,-0.2631266,0.5070044,0.820799,moving,-20.92616,28.8516,-1.323689,-1.143893
05/15/2023 14:23:03.060991,1758,True,True,True,True,Eyes,1.235012,-0.2926584,-3.36741,-0.3175873,0.4575968,0.8305079,0,0,0,0,0,0,0,-0.1837864,-1.561341,3.249783,1.247511,-0.2983126,-3.374519,-0.2606573,-0.1469056,-0.03266151,0.9536299,329.5532,342.2265,0.94977,0.3431751,-0.08129958,-0.9357461,0,0,0,0.9320898,0.2409138,-2.463762,-0.0227381,-0.02303666,1.103941,0.954704,0.01429005,0.2972139,0.138878,0.8619819,-0.4875449,-0.2631601,0.5067375,0.820953,moving,-20.92692,28.85407,-1.179966,-1.195454
05/15/2023 14:23:03.080921,1759,True,True,True,True,Eyes,1.23506,-0.2926646,-3.367378,-0.3175698,0.4576419,0.8304898,0,0,0,0,0,0,0,-0.1847249,-1.56104,3.249866,1.24755,-0.2982565,-3.374502,-0.2605872,-0.1467627,-0.03276261,0.9536675,329.5595,342.2493,0.9304085,0.3431762,-0.08130205,-0.9357454,0,0,0,0.9353507,0.2387035,-2.464007,-0.02014533,-0.02429193,1.101726,0.9547747,0.01399966,0.2970006,0.1389782,0.8620419,-0.4874104,-0.2628505,0.5066438,0.8211101,moving,-20.92628,28.85699,-1.04755,-1.263108
05/15/2023 14:23:03.091354,1760,True,True,True,True,Eyes,1.235121,-0.2926732,-3.367338,-0.3175896,0.4576863,0.8304577,0,0,0,0,0,0,0,-0.18618,-1.561959,3.249337,1.247582,-0.298313,-3.374481,-0.2606956,-0.1465249,-0.03297598,0.953667,329.5426,342.286,0.897393,0.3431787,-0.08130447,-0.9357443,0,0,0,0.9386209,0.2364868,-2.464252,-0.01776946,-0.02589202,1.099545,0.9548861,0.01350059,0.2966653,0.139293,0.8619007,-0.48757,-0.2622785,0.5068973,0.8211365,moving,-20.92822,28.86028,-0.9258618,-1.348949
05/15/2023 14:23:03.111237,1761,True,True,True,True,Eyes,1.235182,-0.292681,-3.3673,-0.3176035,0.4577231,0.8304321,0,0,0,0,0,0,0,-0.1877271,-1.561864,3.249242,1.247545,-0.2984028,-3.374436,-0.260706,-0.1463097,-0.03295536,0.953698,329.5416,342.3131,0.8926246,0.3431828,-0.08130693,-0.9357426,0,0,0,0.9421178,0.2341164,-2.464515,-0.0149686,-0.02722633,1.097203,0.9550148,0.01342872,0.2962539,0.1391466,0.8618926,-0.4876262,-0.2618872,0.506913,0.8212517,moving,-20.92964,28.86297,-0.7816098,-1.421463
05/15/2023 14:23:03.130715,1762,True,True,True,True,Eyes,1.235254,-0.2926877,-3.367259,-0.3175436,0.4577158,0.8304591,0,0,0,0,0,0,0,-0.1889035,-1.561309,3.249444,1.247591,-0.2983867,-3.374424,-0.260664,-0.1461895,-0.03275523,0.9537349,329.55,342.3225,0.9127755,0.3431883,-0.08130939,-0.9357404,0,0,0,0.9455632,0.2317809,-2.464773,-0.01199791,-0.0284785,1.094901,0.9551115,0.01373303,0.2959282,0.1386922,0.8619627,-0.4876317,-0.2617757,0.5067855,0.8213658,moving,-20.92541,28.8618,-0.6278214,-1.489934
05/15/2023 14:23:03.141229,1763,True,True,True,True,Eyes,1.235325,-0.2926961,-3.36721,-0.3174505,0.4576958,0.8305057,0,0,0,0,0,0,0,-0.1909778,-1.559924,3.250014,1.247723,-0.2983712,-3.374402,-0.2604614,-0.1459238,-0.03273473,0.9538316,329.5739,342.3587,0.9015992,0.3431954,-0.08131181,-0.9357376,0,0,0,0.9487063,0.2296503,-2.465009,-0.009819031,-0.02931914,1.092821,0.9552693,0.01356823,0.2954258,0.1384619,0.8621765,-0.4873191,-0.2613213,0.5064262,0.8217322,moving,-20.91873,28.85938,-0.5147906,-1.536812
05/15/2023 14:23:03.161774,1764,True,True,True,True,Eyes,1.235409,-0.2927057,-3.367159,-0.3172019,0.4575825,0.8306631,0,0,0,0,0,0,0,-0.1947039,-1.558435,3.250317,1.247742,-0.2984228,-3.374207,-0.2602751,-0.1454222,-0.03270124,0.9539601,329.5959,342.4248,0.8841196,0.3432039,-0.08131428,-0.9357342,0,0,0,0.952096,0.2273526,-2.465264,-0.007849872,-0.03013229,1.090438,0.955566,0.0133082,0.2944765,0.1380909,0.862375,-0.4870732,-0.2604313,0.5060952,0.8222185,moving,-20.90015,28.84879,-0.4124553,-1.582864
05/15/2023 14:23:03.170965,1765,True,True,True,True,Eyes,1.235495,-0.2927109,-3.367107,-0.3169244,0.457468,0.8308321,0,0,0,0,0,0,0,-0.1971619,-1.556624,3.251062,1.247892,-0.2984603,-3.374172,-0.259993,-0.145085,-0.03279709,0.9540851,329.627,342.475,0.8540523,0.3432141,-0.08131681,-0.9357302,0,0,0,0.9554669,0.2250677,-2.465517,-0.005698264,-0.03088394,1.088239,0.9557495,0.01285973,0.2939009,0.1380246,0.862656,-0.4865941,-0.2597929,0.5056276,0.822708,moving,-20.87956,28.83781,-0.3000109,-1.625604
05/15/2023 14:23:03.191372,1766,True,True,True,True,Eyes,1.235584,-0.2927166,-3.367049,-0.3166107,0.457359,0.8310117,0,0,0,0,0,0,0,-0.2005208,-1.556028,3.251121,1.248011,-0.2983649,-3.374117,-0.2598606,-0.1445987,-0.03299943,0.954188,329.6384,342.5464,0.8085254,0.3432259,-0.08131927,-0.9357257,0,0,0,0.9587607,0.222835,-2.465764,-0.003941447,-0.03207296,1.085991,0.9560046,0.01217569,0.2930992,0.1381263,0.862767,-0.4863684,-0.2587982,0.5054551,0.8231273,moving,-20.85656,28.82681,-0.2079459,-1.691646
05/15/2023 14:23:03.211009,1767,True,True,True,True,Eyes,1.235587,-0.2927349,-3.367012,-0.3146519,0.4565512,0.832199,0,0,0,0,0,0,0,-0.2046887,-1.555855,3.250824,1.248135,-0.298388,-3.373953,-0.259819,-0.1440048,-0.03319596,0.9542824,329.6393,342.6305,0.7619016,0.3432391,-0.08132169,-0.9357206,0,0,0,0.9621471,0.2205395,-2.466018,-0.002341628,-0.03334481,1.083653,0.9563214,0.01147371,0.2920924,0.138187,0.8627843,-0.4863207,-0.2575926,0.5054421,0.8235134,moving,-20.71145,28.74953,-0.1238083,-1.762478
05/15/2023 14:23:03.221040,1768,True,True,True,True,Eyes,1.235615,-0.2927532,-3.366964,-0.3126945,0.4557633,0.8333679,0,0,0,0,0,0,0,-0.2087029,-1.554311,3.251191,1.248245,-0.2984279,-3.373798,-0.2595885,-0.1434466,-0.03330916,0.9544253,329.6639,342.7092,0.7230883,0.3432514,-0.08132445,-0.9357159,0,0,0,0.9655883,0.2182069,-2.466276,-0.0005798638,-0.0341807,1.081311,0.9566272,0.01089199,0.2911115,0.1380564,0.8630087,-0.4859594,-0.2565248,0.5050718,0.8240738,moving,-20.56699,28.67395,-0.03072544,-1.810542
05/15/2023 14:23:03.241138,1769,True,True,True,True,Eyes,1.235652,-0.2927699,-3.366907,-0.3107242,0.4549793,0.8345324,0,0,0,0,0,0,0,-0.2138461,-1.552731,3.251548,1.248484,-0.2984623,-3.373644,-0.2593457,-0.1427427,-0.03345238,0.9545918,329.6893,342.808,0.6751602,0.3432636,-0.08132752,-0.9357111,0,0,0,0.9687592,0.2160574,-2.466515,0.0004876256,-0.03491229,1.079185,0.9570109,0.01017271,0.2898735,0.1379061,0.8632415,-0.4855884,-0.2551706,0.5046887,0.8247286,moving,-20.42197,28.59881,0.02588887,-1.852907
05/15/2023 14:23:03.261504,1770,True,True,True,True,Eyes,1.235668,-0.2927882,-3.366851,-0.3086137,0.4541436,0.8357698,0,0,0,0,0,0,0,-0.2217873,-1.550139,3.252077,1.248703,-0.2984487,-3.373394,-0.2589006,-0.1415995,-0.03387832,0.9548677,329.7333,342.9752,0.5719654,0.343276,-0.08133084,-0.9357063,0,0,0,0.9721717,0.2137443,-2.466771,0.0006798208,-0.03537855,1.076813,0.9576037,0.00862178,0.2879598,0.138019,0.8636454,-0.4848374,-0.2528754,0.504026,0.8258401,moving,-20.26701,28.51893,0.03617236,-1.881769
05/15/2023 14:23:03.271147,1771,True,True,True,True,Eyes,1.235691,-0.2928047,-3.366793,-0.3065093,0.4533153,0.836993,0,0,0,0,0,0,0,-0.2294679,-1.547348,3.252712,1.248835,-0.2984741,-3.373188,-0.2584212,-0.1404737,-0.03433617,0.9551476,329.7809,343.1414,0.4648483,0.343288,-0.08133443,-0.9357016,0,0,0,0.9754851,0.2114983,-2.467019,0.0009057522,-0.03571773,1.07455,0.9581763,0.007010551,0.2860925,0.138195,0.864079,-0.4840141,-0.2505998,0.5033074,0.8269712,moving,-20.11288,28.43997,0.04829534,-1.903794
05/15/2023 14:23:03.291197,1772,True,True,True,True,Eyes,1.235662,-0.2928239,-3.366746,-0.3041577,0.4524056,0.838342,0,0,0,0,0,0,0,-0.2364068,-1.545037,3.253296,1.248982,-0.2984511,-3.373119,-0.2580339,-0.1394811,-0.03460827,0.9553879,329.8213,343.2831,0.3879372,0.3432999,-0.08133823,-0.935697,0,0,0,0.9789764,0.2091317,-2.467282,0.001717865,-0.03638783,1.072267,0.9586946,0.005853046,0.2843772,0.1381103,0.8644416,-0.4833905,-0.2486568,0.5026993,0.8279271,moving,-19.94121,28.35322,0.09179273,-1.94361
05/15/2023 14:23:03.310987,1773,True,True,True,True,Eyes,1.235644,-0.2928412,-3.366688,-0.3017879,0.4514868,0.8396927,0,0,0,0,0,0,0,-0.2451043,-1.542235,3.25384,1.249298,-0.2984593,-3.372865,-0.2576131,-0.1382927,-0.03477381,0.9556681,329.8674,343.4466,0.3171709,0.3433103,-0.0813423,-0.9356928,0,0,0,0.9822356,0.2069225,-2.467526,0.001740813,-0.03676596,1.070054,0.9593319,0.004787607,0.2822403,0.1377165,0.8648525,-0.4827673,-0.2464075,0.5020032,0.8290212,moving,-19.76858,28.26607,0.09321132,-1.96785
05/15/2023 14:23:03.320790,1774,True,True,True,True,Eyes,1.23559,-0.2928616,-3.366635,-0.2991666,0.4504703,0.8411753,0,0,0,0,0,0,0,-0.2551283,-1.538071,3.254819,1.249493,-0.2984411,-3.37258,-0.2569379,-0.1368604,-0.03519187,0.9560407,329.9392,343.6525,0.2012161,0.3433197,-0.08134658,-0.935689,0,0,0,0.9857913,0.2045123,-2.467793,0.001493007,-0.03678364,1.067607,0.9600616,0.003039532,0.2797725,0.137619,0.8654889,-0.4816534,-0.243604,0.5009189,0.8305043,moving,-19.57809,28.17016,0.08012586,-1.973304
05/15/2023 14:23:03.340929,1775,True,True,True,True,Eyes,1.235546,-0.292881,-3.36658,-0.2965452,0.4494596,0.8426429,0,0,0,0,0,0,0,-0.2661048,-1.533652,3.255886,1.2497,-0.2984926,-3.372365,-0.2562297,-0.1352942,-0.03560997,0.9564381,330.0151,343.8756,0.08039393,0.3433273,-0.08135115,-0.9356858,0,0,0,0.9890825,0.2022813,-2.46804,0.0007357001,-0.0366016,1.065439,0.9608548,0.001215333,0.2770498,0.1374503,0.8661565,-0.4805001,-0.2405524,0.4997714,0.8320836,moving,-19.38813,28.07514,0.03956353,-1.96754
05/15/2023 14:23:03.360902,1776,True,True,True,True,Eyes,1.235489,-0.2929043,-3.366525,-0.293824,0.4484072,0.8441554,0,0,0,0,0,0,0,-0.2751285,-1.530722,3.256485,1.249872,-0.2985003,-3.372272,-0.2557199,-0.1339838,-0.03605818,0.956742,330.0676,344.0644,359.9688,0.3433336,-0.08135594,-0.935683,0,0,0,0.9923698,0.200053,-2.468287,0.0006085634,-0.03695843,1.063337,0.9614963,-0.0004720797,0.2748175,0.1375214,0.8666142,-0.4796536,-0.2379344,0.4989784,0.8333113,moving,-19.1914,27.97681,0.03279122,-1.990629
05/15/2023 14:23:03.380855,1777,True,True,True,True,Eyes,1.235439,-0.2929228,-3.366461,-0.2911281,0.4473516,0.8456483,0,0,0,0,0,0,0,-0.2823279,-1.527719,3.257179,1.250111,-0.298603,-3.372078,-0.255185,-0.1329205,-0.03662411,0.9570118,330.1212,344.2253,359.8506,0.3433383,-0.08136107,-0.9356809,0,0,0,0.9957641,0.1977521,-2.468542,0.0009611845,-0.03722247,1.061156,0.9619816,-0.002260782,0.2731048,0.137938,0.8670786,-0.4786938,-0.2357211,0.4981662,0.8344255,moving,-18.99685,27.87903,0.05189792,-2.008956
05/15/2023 14:23:03.391412,1778,True,True,True,True,Eyes,1.235396,-0.2929441,-3.366391,-0.2884645,0.446261,0.847136,0,0,0,0,0,0,0,-0.2885839,-1.52421,3.258049,1.250207,-0.2985218,-3.371831,-0.2545126,-0.131941,-0.03737202,0.9572974,330.1884,344.3823,359.7101,0.3433418,-0.08136637,-0.9356791,0,0,0,0.9990982,0.1954922,-2.468792,0.001464605,-0.03733459,1.058863,0.9623898,-0.004390963,0.2716368,0.1387136,0.8676533,-0.4774267,-0.2335902,0.4971503,0.8356298,moving,-18.8046,27.77972,0.07925075,-2.019364
05/15/2023 14:23:03.411910,1779,True,True,True,True,Eyes,1.235362,-0.2929666,-3.366316,-0.2858724,0.4451635,0.8485909,0,0,0,0,0,0,0,-0.2934148,-1.520949,3.258996,1.2503,-0.2986173,-3.371648,-0.2539595,-0.131213,-0.03781072,0.9575271,330.2466,344.4954,359.6196,0.3433446,-0.0813719,-0.9356776,0,0,0,1.002452,0.1932189,-2.469044,0.00270018,-0.03749904,1.056699,0.962707,-0.005764036,0.2704848,0.1390552,0.8681498,-0.4764236,-0.2320752,0.4962687,0.8365755,moving,-18.61759,27.68112,0.1464074,-2.032401
05/15/2023 14:23:03.420813,1780,True,True,True,True,Eyes,1.235333,-0.2929899,-3.366237,-0.2832551,0.4440411,0.8500553,0,0,0,0,0,0,0,-0.2963689,-1.516763,3.260565,1.250434,-0.298665,-3.371484,-0.2532912,-0.1307864,-0.0380725,0.957752,330.3211,344.5647,359.5599,0.3433469,-0.08137769,-0.9356763,0,0,0,1.006014,0.1908045,-2.469311,0.004797161,-0.03750566,1.054423,0.9628907,-0.006673926,0.2698088,0.1391821,0.8687881,-0.4752215,-0.2312351,0.495139,0.837477,moving,-18.42909,27.58109,0.2606688,-2.037143
05/15/2023 14:23:03.441094,1781,True,True,True,True,Eyes,1.23531,-0.2930136,-3.366148,-0.2806536,0.4429192,0.8515023,0,0,0,0,0,0,0,-0.3022385,-1.513788,3.261318,1.25068,-0.298704,-3.3713,-0.2528019,-0.1299576,-0.03837659,0.9579821,330.3742,344.6854,359.4845,0.343349,-0.08138373,-0.935675,0,0,0,1.00912,0.188699,-2.469544,0.005527616,-0.03774449,1.052437,0.9632764,-0.007821094,0.2683975,0.1392352,0.8692369,-0.4743847,-0.2295908,0.494334,0.8384044,moving,-18.24213,27.48174,0.3009266,-2.05397
05/15/2023 14:23:03.461035,1782,True,True,True,True,Eyes,1.235283,-0.2930383,-3.366052,-0.2779891,0.4417469,0.8529841,0,0,0,0,0,0,0,-0.3100835,-1.509954,3.262082,1.250772,-0.298745,-3.370995,-0.2521953,-0.1288341,-0.03870304,0.9582804,330.4409,344.8456,359.3944,0.343351,-0.08139003,-0.9356737,0,0,0,1.012409,0.1864697,-2.469791,0.005918548,-0.03773877,1.050219,0.9638077,-0.009194022,0.2664399,0.1391594,0.8697993,-0.473375,-0.227397,0.4933201,0.8395987,moving,-18.05089,27.37892,0.322889,-2.057992
05/15/2023 14:23:03.470951,1783,True,True,True,True,Eyes,1.235266,-0.293063,-3.365946,-0.275355,0.4405626,0.8544496,0,0,0,0,0,0,0,-0.3168598,-1.504593,3.263649,1.250963,-0.2987792,-3.370671,-0.2513815,-0.1279011,-0.0388993,0.9586112,330.5341,344.9784,359.3238,0.343353,-0.0813966,-0.9356724,0,0,0,1.015771,0.1841906,-2.470044,0.006712928,-0.03729582,1.047984,0.9642563,-0.01027468,0.2647719,0.1388825,0.8705884,-0.4720037,-0.2256577,0.4919047,0.8408973,moving,-17.86206,27.27608,0.3670069,-2.038192
05/15/2023 14:23:03.491378,1784,True,True,True,True,Eyes,1.235258,-0.2930859,-3.36583,-0.2727108,0.4393465,0.8559226,0,0,0,0,0,0,0,-0.3243299,-1.499387,3.265095,1.251168,-0.2987974,-3.370385,-0.250615,-0.1268925,-0.03897479,0.9589428,330.6238,345.1163,359.2671,0.3433554,-0.08140343,-0.935671,0,0,0,1.019101,0.181933,-2.470294,0.007387161,-0.03695118,1.045802,0.9647585,-0.01114687,0.2629006,0.1383515,0.8713461,-0.4707598,-0.2238299,0.4905422,0.8421807,moving,-17.67272,27.1715,0.4047097,-2.023583
05/15/2023 14:23:03.511402,1785,True,True,True,True,Eyes,1.23526,-0.2931093,-3.365701,-0.2700743,0.4381038,0.8573942,0,0,0,0,0,0,0,-0.3319746,-1.493601,3.26672,1.251439,-0.2987762,-3.370036,-0.2496976,-0.1258248,-0.03932063,0.9593087,330.7271,345.2715,359.172,0.3433583,-0.08141047,-0.9356692,0,0,0,1.022558,0.1795901,-2.470553,0.007850796,-0.03643203,1.043504,0.965244,-0.01260491,0.2610463,0.1382776,0.8722099,-0.4691792,-0.2217732,0.4889692,0.8436384,moving,-17.48413,27.06573,0.4310561,-1.999564
05/15/2023 14:23:03.520764,1786,True,True,True,True,Eyes,1.235264,-0.2931319,-3.365566,-0.2674918,0.4368443,0.8588452,0,0,0,0,0,0,0,-0.3411647,-1.487014,3.268458,1.251647,-0.2988084,-3.369646,-0.2486871,-0.1245461,-0.039609,0.9597261,330.8427,345.4521,359.0761,0.3433621,-0.08141772,-0.9356672,0,0,0,1.025821,0.1773779,-2.470798,0.007769987,-0.03555593,1.041323,0.9658388,-0.01408157,0.2587608,0.1379736,0.8731717,-0.4674766,-0.2193598,0.4872092,0.845286,moving,-17.29947,26.95978,0.4275132,-1.955603
05/15/2023 14:23:03.541387,1787,True,True,True,True,Eyes,1.235279,-0.2931507,-3.365421,-0.2648987,0.4355847,0.8602875,0,0,0,0,0,0,0,-0.3511291,-1.481475,3.2697,1.251864,-0.2988066,-3.369354,-0.2477885,-0.1231266,-0.04005529,0.9601232,330.9431,345.6546,358.9579,0.3433668,-0.08142516,-0.9356649,0,0,0,1.029434,0.1749289,-2.471069,0.007712945,-0.03519642,1.038999,0.9664708,-0.01589734,0.2562838,0.1379347,0.8739929,-0.4659513,-0.2165828,0.4856787,0.8468814,moving,-17.11458,26.85422,0.4253239,-1.940171
05/15/2023 14:23:03.561215,1788,True,True,True,True,Eyes,1.235294,-0.2931689,-3.365268,-0.2622928,0.4343318,0.8617183,0,0,0,0,0,0,0,-0.360869,-1.477476,3.270228,1.252108,-0.2987505,-3.369054,-0.2470804,-0.1217137,-0.04064478,0.9604609,331.0192,345.859,358.8256,0.3433727,-0.08143267,-0.935662,0,0,0,1.032679,0.1727293,-2.471313,0.007269189,-0.03517994,1.036866,0.9670675,-0.01792931,0.2538875,0.1382216,0.8745986,-0.4647281,-0.2137174,0.4845161,0.8482741,moving,-16.92938,26.74947,0.4016786,-1.943249
05/15/2023 14:23:03.580699,1789,True,True,True,True,Eyes,1.235317,-0.2931871,-3.365098,-0.2596529,0.4330479,0.8631628,0,0,0,0,0,0,0,-0.3713753,-1.473073,3.270733,1.252407,-0.2987548,-3.368646,-0.2463451,-0.1202197,-0.0411519,0.9608163,331.1002,346.0709,358.7009,0.3433797,-0.08144024,-0.9356588,0,0,0,1.036036,0.1704541,-2.471565,0.006733626,-0.03504404,1.034629,0.9677075,-0.01984778,0.2512932,0.1383099,0.8752412,-0.4634902,-0.2107429,0.4832793,0.8497227,moving,-16.74211,26.64287,0.3728903,-1.939932
05/15/2023 14:23:03.590998,1790,True,True,True,True,Eyes,1.235339,-0.2932071,-3.364918,-0.2569475,0.4317315,0.8646305,0,0,0,0,0,0,0,-0.3837577,-1.466101,3.272012,1.252591,-0.2987823,-3.368164,-0.2452264,-0.1184506,-0.04169811,0.9612985,331.2264,346.3211,358.5569,0.3433881,-0.0814479,-0.935655,0,0,0,1.039237,0.1682841,-2.471805,0.005526572,-0.03398493,1.032446,0.9684614,-0.02207421,0.2481838,0.1382631,0.8762505,-0.4615933,-0.2072819,0.4813499,0.8516669,moving,-16.55069,26.5341,0.3066953,-1.88532
05/15/2023 14:23:03.611002,1791,True,True,True,True,Eyes,1.235362,-0.2932286,-3.364729,-0.254196,0.4303649,0.8661238,0,0,0,0,0,0,0,-0.3979511,-1.458757,3.273238,1.252722,-0.2988489,-3.367759,-0.2440515,-0.1164161,-0.0422599,0.9618213,331.3598,346.6052,358.4023,0.3433978,-0.08145572,-0.9356508,0,0,0,1.042737,0.1659115,-2.472068,0.004143685,-0.03295007,1.030172,0.9693228,-0.02446989,0.2445702,0.138116,0.8773059,-0.4596284,-0.2033158,0.4793074,0.8537723,moving,-16.35627,26.42214,0.2304609,-1.831982
05/15/2023 14:23:03.630986,1792,True,True,True,True,Eyes,1.235431,-0.2932524,-3.364519,-0.2515842,0.4290008,0.867562,0,0,0,0,0,0,0,-0.4121879,-1.44976,3.275151,1.252737,-0.2989053,-3.367436,-0.2426622,-0.1143922,-0.04264934,0.9623984,331.5212,346.8828,358.2675,0.3434087,-0.08146372,-0.9356461,0,0,0,1.046112,0.1636237,-2.472321,0.002858445,-0.03141078,1.028038,0.9701909,-0.02657398,0.2408805,0.1376086,0.8785922,-0.4573178,-0.199483,0.4768328,0.856059,moving,-16.17163,26.31194,0.1593097,-1.750077
05/15/2023 14:23:03.640787,1793,True,True,True,True,Eyes,1.235507,-0.2932796,-3.364298,-0.2489348,0.4275749,0.8690289,0,0,0,0,0,0,0,-0.4252039,-1.439968,3.277501,1.252902,-0.2989795,-3.36707,-0.2412271,-0.1126179,-0.04272367,0.9629649,331.6921,347.118,358.1808,0.3434221,-0.08147198,-0.9356404,0,0,0,1.049471,0.1613471,-2.472573,0.002054036,-0.02968276,1.025926,0.9709838,-0.02794981,0.2375063,0.1366158,0.8799684,-0.4549635,-0.1962819,0.4742093,0.8582534,moving,-15.98445,26.19786,0.1147133,-1.657256
05/15/2023 14:23:03.661406,1794,True,True,True,True,Eyes,1.235597,-0.2933102,-3.36406,-0.2461948,0.4260982,0.8705335,0,0,0,0,0,0,0,-0.4399855,-1.429211,3.279927,1.253133,-0.2990637,-3.366656,-0.2397174,-0.1106514,-0.04254044,0.9635777,331.8756,347.3693,358.1201,0.343438,-0.08148056,-0.9356338,0,0,0,1.052733,0.159136,-2.472818,0.0008100867,-0.02769312,1.023858,0.9718931,-0.0289319,0.2336379,0.1350322,0.8814518,-0.4525583,-0.1928472,0.471387,0.8605837,moving,-15.79139,26.08027,0.04533299,-1.549348
05/15/2023 14:23:03.672654,1795,True,True,True,True,Eyes,1.235584,-0.2933365,-3.363844,-0.2413667,0.4246524,0.8725895,0,0,0,0,0,0,0,-0.4600774,-1.418919,3.281226,1.253488,-0.2991565,-3.366114,-0.2383233,-0.10797,-0.04226314,0.9642397,332.0482,347.707,358.0511,0.3434566,-0.08148957,-0.9356263,0,0,0,1.056214,0.156776,-2.473079,-0.001730323,-0.02600893,1.021578,0.9731126,-0.03004005,0.2283626,0.1329672,0.8828317,-0.4504753,-0.1880734,0.4687279,0.8630889,moving,-15.46196,25.95023,-0.09704604,-1.458411
05/15/2023 14:23:03.691319,1796,True,True,True,True,Eyes,1.23557,-0.2933634,-3.363621,-0.2364863,0.4231789,0.8746393,0,0,0,0,0,0,0,-0.4802042,-1.409113,3.282305,1.253696,-0.2990876,-3.365786,-0.23685,-0.1051725,-0.04247451,0.9649025,332.2245,348.0737,357.9178,0.343475,-0.08149888,-0.9356187,0,0,0,1.059363,0.1546417,-2.473316,-0.004824325,-0.02437648,1.019569,0.9742693,-0.03214731,0.2230826,0.1317877,0.884196,-0.44814,-0.1828422,0.4660086,0.8656816,moving,-15.12995,25.8192,-0.2711062,-1.369602
05/15/2023 14:23:03.710958,1797,True,True,True,True,Eyes,1.235565,-0.2933897,-3.363394,-0.2316128,0.421662,0.8766736,0,0,0,0,0,0,0,-0.4999618,-1.39987,3.283048,1.253831,-0.2991481,-3.365475,-0.2354753,-0.1024111,-0.04269736,0.965526,332.3894,348.4347,357.7868,0.3434931,-0.08150847,-0.9356112,0,0,0,1.062679,0.1523942,-2.473565,-0.007577941,-0.02292398,1.017522,0.9753778,-0.03422026,0.2178695,0.1306814,0.8854566,-0.4459697,-0.1776528,0.4634605,0.8681267,moving,-14.79912,25.6866,-0.4266994,-1.290611
05/15/2023 14:23:03.721201,1798,True,True,True,True,Eyes,1.235588,-0.2934186,-3.363151,-0.2268033,0.4201741,0.8786432,0,0,0,0,0,0,0,-0.5175344,-1.391348,3.283786,1.253992,-0.2991598,-3.365256,-0.234226,-0.09997705,-0.04278184,0.966081,332.5408,348.7487,357.686,0.3435113,-0.08151833,-0.9356037,0,0,0,1.066588,0.1497439,-2.473858,-0.008996084,-0.02205077,1.015213,0.9763486,-0.03582701,0.2132131,0.1294959,0.8866158,-0.4440081,-0.1731306,0.4611169,0.8702855,moving,-14.47376,25.55749,-0.5077006,-1.244288
05/15/2023 14:23:03.741119,1799,True,True,True,True,Eyes,1.235619,-0.2934453,-3.362893,-0.2219831,0.4186413,0.8806037,0,0,0,0,0,0,0,-0.5362886,-1.382293,3.284256,1.254265,-0.2992509,-3.36481,-0.2329831,-0.09743536,-0.04263526,0.9666476,332.6946,349.0685,357.6119,0.3435304,-0.08152849,-0.9355958,0,0,0,1.069279,0.14792,-2.47406,-0.01186951,-0.02046257,1.013439,0.9773772,-0.03702496,0.2082379,0.1278281,0.8878022,-0.4421167,-0.1685047,0.4587334,0.8724505,moving,-14.14839,25.42653,-0.6710238,-1.156715
05/15/2023 14:23:03.761787,1800,True,True,True,True,Eyes,1.235659,-0.2934681,-3.362631,-0.2172557,0.4171667,0.8824805,0,0,0,0,0,0,0,-0.5555937,-1.37322,3.284433,1.254422,-0.2992179,-3.364344,-0.2317076,-0.09478523,-0.04256564,0.9672205,332.8518,349.4036,357.5257,0.3435507,-0.0815389,-0.9355874,0,0,0,1.072778,0.145548,-2.474323,-0.01406075,-0.01928636,1.011128,0.9784079,-0.0384158,0.203082,0.1262656,0.8889995,-0.4401554,-0.1636309,0.4562938,0.8746547,moving,-13.83047,25.30106,-0.7967044,-1.092734
05/15/2023 14:23:03.780849,1801,True,True,True,True,Eyes,1.236741,-0.2939698,-3.355964,-0.09715885,0.3763824,0.9213558,0,0,0,0,0,0,0,-0.5746892,-1.366658,3.283685,1.25467,-0.2991659,-3.364062,-0.2307404,-0.09212659,-0.04270275,0.9677024,332.9708,349.7442,357.4178,0.3435722,-0.08154943,-0.9355786,0,0,0,1.076081,0.1433096,-2.474571,-0.01653725,-0.01883358,1.009082,0.9793783,-0.04013247,0.1980087,0.1251617,0.8898707,-0.4387079,-0.1585957,0.4544441,0.8765432,moving,-6.019709,22.22047,-0.9389029,-1.069249
05/15/2023 14:23:03.790877,1802,True,True,True,True,Eyes,1.236758,-0.2939759,-3.355945,-0.09720027,0.3764079,0.9213409,0,0,0,0,0,0,0,-0.5918339,-1.360912,3.282765,1.254737,-0.2991299,-3.363785,-0.2298457,-0.08968399,-0.04302909,0.9681305,333.0792,350.0626,357.2944,0.3436775,-0.08158613,-0.9355366,0,0,0,1.079482,0.1410039,-2.474826,-0.0183588,-0.01858875,1.006975,0.9802105,-0.04208859,0.1934317,0.1245425,0.8906389,-0.437323,-0.1538715,0.4527592,0.8782555,moving,-6.022353,22.22216,-1.04448,-1.05756
05/15/2023 14:23:03.812119,1803,True,True,True,True,Eyes,1.236776,-0.2939869,-3.35591,-0.09711044,0.376342,0.9213774,0,0,0,0,0,0,0,-0.6064285,-1.354339,3.282517,1.254769,-0.2992947,-3.363463,-0.2288501,-0.08760341,-0.04334875,0.9685423,333.1987,350.3348,357.1825,0.3437728,-0.08161935,-0.9354987,0,0,0,1.082917,0.1386755,-2.475084,-0.01940453,-0.01794502,1.004923,0.980893,-0.0438741,0.189536,0.1240663,0.891497,-0.4357071,-0.1498545,0.4508971,0.8799065,moving,-6.016593,22.21785,-1.106214,-1.023028
05/15/2023 14:23:03.825964,1804,True,True,True,True,Eyes,1.236804,-0.2940002,-3.355863,-0.09690181,0.3762051,0.9214553,0,0,0,0,0,0,0,-0.6190149,-1.346267,3.283134,1.254791,-0.299408,-3.363099,-0.2277302,-0.08587757,-0.04325577,0.9689651,333.3362,350.5502,357.1321,0.3438594,-0.08164962,-0.9354641,0,0,0,1.086389,0.1363221,-2.475345,-0.01953688,-0.0169915,1.002825,0.981508,-0.04471283,0.186126,0.1229405,0.8925359,-0.4338957,-0.1467234,0.4487545,0.8815281,moving,-6.003257,22.20886,-1.116086,-0.9707057
05/15/2023 14:23:03.841805,1805,True,True,True,True,Eyes,1.237185,-0.2940125,-3.35573,-0.09860796,0.3764951,0.9211558,0,0,0,0,0,0,0,-0.6311705,-1.339631,3.283373,1.255028,-0.2994664,-3.362849,-0.2268297,-0.08424483,-0.04308217,0.9693272,333.4484,350.7508,357.097,0.3439384,-0.0816773,-0.9354327,0,0,0,1.089484,0.1342239,-2.475577,-0.01997532,-0.01643324,1.001036,0.9820935,-0.04530298,0.1828662,0.1217399,0.8933845,-0.4324854,-0.143777,0.4470032,0.8829023,moving,-6.110136,22.23083,-1.143165,-0.9404959
05/15/2023 14:23:03.861958,1806,True,True,True,True,Eyes,1.23759,-0.2940204,-3.355579,-0.1004425,0.3767911,0.9208364,0,0,0,0,0,0,0,-0.6413401,-1.333967,3.28334,1.255149,-0.2993948,-3.36245,-0.2259365,-0.08280501,-0.04337317,0.9696468,333.5549,350.9405,357.0105,0.34402,-0.08170255,-0.9354004,0,0,0,1.092869,0.1319297,-2.475831,-0.01983172,-0.0161663,0.9989068,0.9825242,-0.04669595,0.1801824,0.1215306,0.8941429,-0.4309742,-0.1409841,0.4453403,0.884192,moving,-6.225067,22.25357,-1.137368,-0.9271936
05/15/2023 14:23:03.870946,1807,True,True,True,True,Eyes,1.237972,-0.2940358,-3.355422,-0.1021266,0.377005,0.9205637,0,0,0,0,0,0,0,-0.6504676,-1.329827,3.282891,1.25512,-0.2992944,-3.362145,-0.2250846,-0.08138531,-0.04430513,0.9699229,333.6508,351.1457,356.8457,0.3441048,-0.08172549,-0.9353672,0,0,0,1.096242,0.129643,-2.476084,-0.01974024,-0.01617479,0.9968356,0.9828269,-0.04930796,0.1778197,0.1225823,0.894748,-0.4294178,-0.1379301,0.443841,0.8854268,moving,-6.330459,22.27092,-1.134475,-0.9296077
05/15/2023 14:23:03.891100,1808,True,True,True,True,Eyes,1.238322,-0.2940559,-3.355264,-0.1038878,0.3771813,0.9202943,0,0,0,0,0,0,0,-0.6569982,-1.324103,3.283547,1.254921,-0.2994754,-3.361855,-0.2241897,-0.08041012,-0.0446451,0.9701959,333.756,351.278,356.7675,0.3441919,-0.0817466,-0.9353333,0,0,0,1.099503,0.1274325,-2.476329,-0.01848666,-0.01563448,0.9949745,0.9830821,-0.05057475,0.1760451,0.1226832,0.8954916,-0.4278361,-0.1360092,0.4421957,0.8865464,moving,-6.440594,22.2862,-1.064435,-0.9002401
05/15/2023 14:23:03.911479,1809,True,True,True,True,Eyes,1.238658,-0.2940805,-3.355097,-0.1055825,0.3772671,0.9200662,0,0,0,0,0,0,0,-0.6593618,-1.317258,3.285581,1.254879,-0.2995937,-3.361621,-0.2232052,-0.08011301,-0.04460388,0.9704493,333.8728,351.3145,356.7559,0.3442803,-0.08176621,-0.9352991,0,0,0,1.102941,0.1251021,-2.476587,-0.01572341,-0.01498646,0.9931082,0.9831848,-0.05080834,0.1754028,0.1223349,0.8963798,-0.426072,-0.1355796,0.4403654,0.8875227,moving,-6.546361,22.29576,-0.9070609,-0.8645537
05/15/2023 14:23:03.921604,1810,True,True,True,True,Eyes,1.238976,-0.2941054,-3.354918,-0.1072637,0.3773043,0.9198565,0,0,0,0,0,0,0,-0.6608611,-1.309147,3.288131,1.254875,-0.299695,-3.361232,-0.2221608,-0.08002154,-0.04411127,0.970719,334,351.3126,356.8056,0.3443695,-0.08178464,-0.9352646,0,0,0,1.106455,0.1227205,-2.476851,-0.01236983,-0.01411322,0.9910804,0.9833015,-0.05008399,0.1749565,0.1211946,0.8973975,-0.4242518,-0.1357573,0.4383712,0.8884822,moving,-6.651173,22.30232,-0.7150803,-0.8158503
05/15/2023 14:23:03.941289,1811,True,True,True,True,Eyes,1.23928,-0.2941274,-3.35473,-0.1088325,0.3772462,0.919696,0,0,0,0,0,0,0,-0.6654212,-1.300711,3.290109,1.254992,-0.2997008,-3.360748,-0.2210535,-0.07950585,-0.04366708,0.9710342,334.1355,351.365,356.8367,0.3444593,-0.08180204,-0.93523,0,0,0,1.109729,0.1205011,-2.477097,-0.01023701,-0.01310813,0.9890569,0.983544,-0.04965437,0.1737113,0.1199545,0.8984571,-0.4223574,-0.1351003,0.4362446,0.8896283,moving,-6.748728,22.30274,-0.5930058,-0.759306
05/15/2023 14:23:03.962144,1812,True,True,True,True,Eyes,1.239585,-0.2941552,-3.354537,-0.1104098,0.3771889,0.9195315,0,0,0,0,0,0,0,-0.6705186,-1.292391,3.291946,1.254941,-0.2996274,-3.360376,-0.2198668,-0.07884124,-0.0435244,0.9713641,334.278,351.4444,356.8257,0.3445491,-0.08181848,-0.9351954,0,0,0,1.113067,0.1182384,-2.477347,-0.008267358,-0.0121507,0.9870478,0.9837794,-0.04988694,0.1723063,0.1192252,0.8995284,-0.4202784,-0.1340279,0.4340045,0.8908853,moving,-6.846827,22.30328,-0.4798893,-0.7052839
05/15/2023 14:23:03.980895,1813,True,True,True,True,Eyes,1.239876,-0.2941838,-3.354335,-0.1119045,0.3770428,0.9194108,0,0,0,0,0,0,0,-0.6732756,-1.284205,3.29435,1.254894,-0.299764,-3.36015,-0.218674,-0.07848714,-0.04352134,0.9716622,334.419,351.489,356.8063,0.3446393,-0.08183421,-0.9351609,0,0,0,1.116442,0.1159508,-2.477601,-0.00570187,-0.01109415,0.9852547,0.9838913,-0.05024988,0.1715599,0.1189023,0.9005752,-0.4181228,-0.133492,0.4317862,0.8920429,moving,-6.939525,22.29813,-0.3315786,-0.645134
05/15/2023 14:23:03.991186,1814,True,True,True,True,Eyes,1.240155,-0.2942157,-3.35413,-0.113255,0.3768634,0.919319,0,0,0,0,0,0,0,-0.6760708,-1.275963,3.296579,1.254826,-0.2997833,-3.359781,-0.2175089,-0.07814919,-0.04336935,0.9719577,334.558,351.5273,356.8062,0.3447293,-0.08184937,-0.9351264,0,0,0,1.119702,0.1137408,-2.477845,-0.003150776,-0.01006535,0.9833409,0.9840236,-0.05031006,0.1707818,0.1183026,0.901618,-0.4160402,-0.133049,0.4295973,0.8931652,moving,-7.023134,22.29057,-0.1835839,-0.5864515
05/15/2023 14:23:04.010948,1815,True,True,True,True,Eyes,1.240423,-0.2942498,-3.353914,-0.1144772,0.3766109,0.919271,0,0,0,0,0,0,0,-0.6798133,-1.268307,3.298509,1.254961,-0.2998734,-3.359473,-0.2165089,-0.07773692,-0.04296257,0.972232,334.68,351.5677,356.8369,0.3448189,-0.0818641,-0.935092,0,0,0,1.123232,0.1113482,-2.47811,-0.0005417615,-0.009449273,0.9814104,0.9842224,-0.04987771,0.1697602,0.1172006,0.9025562,-0.4143142,-0.1325531,0.4276733,0.8941618,moving,-7.098524,22.27815,-0.03162861,-0.5516416
05/15/2023 14:23:04.030740,1816,True,True,True,True,Eyes,1.240662,-0.2942773,-3.353699,-0.1153761,0.3762995,0.9192861,0,0,0,0,0,0,0,-0.6882672,-1.261217,3.298495,1.255301,-0.3011643,-3.358269,-0.2158893,-0.07673337,-0.0423224,0.9724776,334.7613,351.6748,356.8831,0.3449081,-0.08187856,-0.9350578,0,0,0,1.126468,0.1091547,-2.478353,0.0003652424,-0.008029789,0.9793602,0.9846416,-0.04918335,0.1675169,0.115447,0.9032012,-0.4134,-0.130969,0.4263901,0.8950076,moving,-7.153569,22.26119,0.02136787,-0.4697584
05/15/2023 14:23:04.041298,1817,True,True,True,True,Eyes,1.24089,-0.2943017,-3.353479,-0.1161391,0.375926,0.9193429,0,0,0,0,0,0,0,-0.6978043,-1.254442,3.298764,1.25532,-0.3010224,-3.357969,-0.2149311,-0.07543041,-0.04219551,0.9727972,334.8788,351.8332,356.8552,0.3449962,-0.0818926,-0.9350241,0,0,0,1.129922,0.106813,-2.478613,0.001219548,-0.007779062,0.9773737,0.9850596,-0.04967069,0.1648952,0.11452,0.9040484,-0.411803,-0.1286187,0.4245343,0.8962298,moving,-7.199946,22.24001,0.07149255,-0.456016
05/15/2023 14:23:04.063032,1818,True,True,True,True,Eyes,1.241109,-0.2943334,-3.353252,-0.1167739,0.3754797,0.9194449,0,0,0,0,0,0,0,-0.7068676,-1.24755,3.299669,1.254898,-0.2997246,-3.35846,-0.2136323,-0.07405174,-0.04250184,0.9731758,335.0329,352.0125,356.7697,0.3450831,-0.08190621,-0.9349909,0,0,0,1.13322,0.1045774,-2.47886,0.002193093,-0.008181781,0.975648,0.9854199,-0.05108383,0.1622903,0.1143632,0.9051096,-0.409509,-0.1259712,0.4220983,0.8977551,moving,-7.238087,22.21395,0.1287911,-0.480471
05/15/2023 14:23:04.071209,1819,True,True,True,True,Eyes,1.24128,-0.2943644,-3.353029,-0.1169631,0.374998,0.9196174,0,0,0,0,0,0,0,-0.717158,-1.239136,3.300258,1.254902,-0.2999068,-3.358087,-0.2125521,-0.07268338,-0.04211948,0.9735321,335.167,352.1715,356.7715,0.3451686,-0.08191964,-0.9349581,0,0,0,1.136741,0.1021907,-2.479125,0.003083378,-0.007381797,0.9737327,0.9858862,-0.05111133,0.1594244,0.1129073,0.9060951,-0.4077297,-0.123614,0.4199753,0.8990775,moving,-7.248343,22.18446,0.1814297,-0.4343468
05/15/2023 14:23:04.091173,1820,True,True,True,True,Eyes,1.241445,-0.294395,-3.352806,-0.1170186,0.3744344,0.91984,0,0,0,0,0,0,0,-0.7294097,-1.231664,3.300025,1.254914,-0.2999299,-3.357743,-0.2116049,-0.07103176,-0.04171173,0.9738778,335.2866,352.3646,356.7701,0.3452518,-0.08193293,-0.9349262,0,0,0,1.139791,0.1001232,-2.479353,0.002997018,-0.006805778,0.9720121,0.9864293,-0.05118291,0.1560053,0.1113056,0.906967,-0.4062289,-0.1206997,0.4180803,0.9003557,moving,-7.250009,22.1495,0.1766603,-0.4011637
05/15/2023 14:23:04.111432,1821,True,True,True,True,Eyes,1.241608,-0.2944281,-3.352576,-0.1169385,0.3738148,0.9201021,0,0,0,0,0,0,0,-0.741131,-1.2245,3.299906,1.255033,-0.2999482,-3.357526,-0.2106939,-0.06946531,-0.04130217,0.9742059,335.4015,352.5469,356.7719,0.3453327,-0.08194609,-0.9348952,0,0,0,1.143172,0.09783167,-2.479607,0.003335975,-0.00653407,0.9702728,0.9869374,-0.05120179,0.1527512,0.1097454,0.9078044,-0.4047802,-0.1179428,0.4162565,0.9015654,moving,-7.24306,22.11069,0.1969926,-0.3858389
05/15/2023 14:23:04.120923,1822,True,True,True,True,Eyes,1.241745,-0.294461,-3.352343,-0.1163822,0.3730111,0.9204987,0,0,0,0,0,0,0,-0.7537571,-1.217464,3.299307,1.255093,-0.3000219,-3.35716,-0.2097109,-0.06770901,-0.04127783,0.9745425,335.5226,352.7626,356.7211,0.3454115,-0.08195921,-0.9348649,0,0,0,1.146563,0.09553313,-2.479862,0.003210522,-0.006085545,0.9684252,0.9874232,-0.05205535,0.1492834,0.1088526,0.9086349,-0.4031546,-0.1146578,0.4143342,0.9028737,moving,-7.205892,22.05913,0.1899462,-0.3600396
05/15/2023 14:23:04.141012,1823,True,True,True,True,Eyes,1.241881,-0.2944963,-3.352099,-0.1156589,0.3721594,0.9209346,0,0,0,0,0,0,0,-0.7699413,-1.209947,3.298013,1.255226,-0.3000478,-3.356792,-0.2087072,-0.06547519,-0.04109087,0.9749184,335.649,353.0325,356.6781,0.3454879,-0.08197232,-0.9348356,0,0,0,1.149947,0.09323944,-2.480116,0.002175368,-0.005657077,0.9665831,0.9880491,-0.05279019,0.1448179,0.1074508,0.9095057,-0.4015642,-0.110514,0.4123259,0.9043086,moving,-7.158218,22.00415,0.1289483,-0.3353285
05/15/2023 14:23:04.163166,1824,True,True,True,True,Eyes,1.242019,-0.2945278,-3.351855,-0.1148053,0.3713568,0.9213653,0,0,0,0,0,0,0,-0.7881659,-1.202196,3.296135,1.255299,-0.3001192,-3.356358,-0.2077367,-0.06296092,-0.04073985,0.975306,335.7736,353.3322,356.6487,0.3455622,-0.0819855,-0.934807,0,0,0,1.153254,0.09099779,-2.480364,0.0006627962,-0.00518772,0.9647404,0.9887524,-0.05330905,0.1397386,0.1056262,0.9103715,-0.4000836,-0.105886,0.4103436,0.9057629,moving,-7.102646,21.95193,0.03936335,-0.3080949
05/15/2023 14:23:04.172486,1825,True,True,True,True,Eyes,1.242156,-0.2945656,-3.351605,-0.1137988,0.3705079,0.9218317,0,0,0,0,0,0,0,-0.8060027,-1.195724,3.293996,1.255443,-0.3000532,-3.356134,-0.206884,-0.06047924,-0.04053162,0.9756529,335.8833,353.6314,356.6041,0.3456346,-0.08199866,-0.9347791,0,0,0,1.156791,0.08859996,-2.480629,-0.0006145015,-0.005307674,0.9629449,0.9893989,-0.05406522,0.1347842,0.104114,0.9111125,-0.3987912,-0.1012428,0.4085965,0.9070826,moving,-7.037475,21.89646,-0.0365632,-0.3158065
05/15/2023 14:23:04.191396,1826,True,True,True,True,Eyes,1.24228,-0.2945991,-3.351351,-0.1126419,0.3696249,0.9223282,0,0,0,0,0,0,0,-0.8237212,-1.18821,3.292033,1.255499,-0.3002222,-3.355806,-0.205927,-0.05801101,-0.04028612,0.9760153,336.0054,353.9274,356.5644,0.3457053,-0.08201197,-0.9347518,0,0,0,1.160005,0.08642124,-2.480871,-0.002114668,-0.00480777,0.961299,0.9900235,-0.05474768,0.1298313,0.1025318,0.9119422,-0.3973017,-0.09664726,0.4066499,0.9084576,moving,-6.962924,21.83854,-0.1260392,-0.2865525
05/15/2023 14:23:04.211378,1827,True,True,True,True,Eyes,1.242406,-0.2946319,-3.351089,-0.1113198,0.3686975,0.9228598,0,0,0,0,0,0,0,-0.8413733,-1.180231,3.290131,1.255691,-0.3001431,-3.355438,-0.2049121,-0.05558963,-0.03989322,0.9763859,336.1351,354.2133,356.5445,0.3457743,-0.08202532,-0.9347251,0,0,0,1.163276,0.08420398,-2.481116,-0.003529742,-0.004436851,0.9595158,0.9906366,-0.05512038,0.1249031,0.1006843,0.9128391,-0.3957112,-0.09220465,0.4045818,0.9098417,moving,-6.87806,21.77751,-0.2107713,-0.2649367
05/15/2023 14:23:04.220850,1828,True,True,True,True,Eyes,1.242533,-0.2946681,-3.35082,-0.1100125,0.3677624,0.9233894,0,0,0,0,0,0,0,-0.861109,-1.172783,3.287343,1.255785,-0.3001428,-3.355066,-0.2039401,-0.05282145,-0.03969418,0.976751,336.2598,354.5464,356.4928,0.3458419,-0.08203871,-0.9346989,0,0,0,1.16674,0.08185606,-2.481376,-0.005360238,-0.004215986,0.9576738,0.9912685,-0.05599783,0.1193773,0.09908748,0.9136656,-0.3942041,-0.08699636,0.4025908,0.9112366,moving,-6.794188,21.71613,-0.3206894,-0.2522327
05/15/2023 14:23:04.241236,1829,True,True,True,True,Eyes,1.242657,-0.2947102,-3.35055,-0.1086011,0.366758,0.9239558,0,0,0,0,0,0,0,-0.8789507,-1.163743,3.285436,1.255769,-0.3002423,-3.354675,-0.2026764,-0.05028988,-0.03969447,0.9771476,336.4167,354.8547,356.4223,0.3459081,-0.08205224,-0.9346732,0,0,0,1.169992,0.0796518,-2.481621,-0.006945863,-0.003238052,0.9559509,0.9917905,-0.05718956,0.1143715,0.09795985,0.9146933,-0.3920971,-0.08219101,0.4000821,0.9127864,moving,-6.703747,21.65027,-0.4162993,-0.1940748
05/15/2023 14:23:04.261139,1830,True,True,True,True,Eyes,1.242782,-0.2947527,-3.350275,-0.1071414,0.3656886,0.9245499,0,0,0,0,0,0,0,-0.8942015,-1.153589,3.284719,1.255802,-0.3003938,-3.35447,-0.2013391,-0.04818459,-0.03935027,0.9775441,336.5825,355.1014,356.4055,0.3459733,-0.08206605,-0.9346479,0,0,0,1.173477,0.07728942,-2.481882,-0.00738693,-0.002210587,0.9543437,0.9922596,-0.05753035,0.1100506,0.09633613,0.9158282,-0.3898436,-0.07835963,0.3974279,0.9142817,moving,-6.610233,21.58036,-0.4434791,-0.1327164
05/15/2023 14:23:04.270979,1831,True,True,True,True,Eyes,1.242909,-0.294795,-3.349996,-0.1055544,0.3645719,0.9251733,0,0,0,0,0,0,0,-0.9102114,-1.142968,3.283718,1.256009,-0.3004208,-3.35408,-0.1999699,-0.04601267,-0.03886952,0.977949,336.7529,355.3523,356.4044,0.3460374,-0.08208016,-0.9346229,0,0,0,1.176784,0.07504746,-2.48213,-0.008257978,-0.00109449,0.9526175,0.992744,-0.05762249,0.1055415,0.09442709,0.9170023,-0.3875438,-0.0744506,0.3946978,0.9157897,moving,-6.508814,21.50731,-0.4966688,-0.06582878
05/15/2023 14:23:04.291125,1832,True,True,True,True,Eyes,1.24303,-0.294836,-3.349715,-0.1039819,0.3634771,0.9257819,0,0,0,0,0,0,0,-0.9280093,-1.13424,3.2815,1.25615,-0.3004366,-3.35377,-0.1988603,-0.04354497,-0.038485,0.9783033,336.8934,355.6419,356.3858,0.3461007,-0.08209452,-0.9345983,0,0,0,1.18013,0.07277968,-2.482382,-0.009566389,-0.0005769432,0.9509438,0.9932455,-0.05798128,0.1005066,0.09261873,0.917947,-0.3857397,-0.06989409,0.392443,0.9171169,moving,-6.408483,21.43578,-0.5763698,-0.03476168
05/15/2023 14:23:04.311294,1833,True,True,True,True,Eyes,1.243151,-0.2948799,-3.34943,-0.1023065,0.3623373,0.9264151,0,0,0,0,0,0,0,-0.9446138,-1.1275,3.278811,1.256274,-0.3004363,-3.353455,-0.1979658,-0.04120323,-0.03834994,0.9785914,337.0072,355.9224,356.3412,0.3461631,-0.08210909,-0.9345739,0,0,0,1.183563,0.07045238,-2.482639,-0.01059119,-0.0005667806,0.9492379,0.9936631,-0.05874417,0.0958262,0.0913715,0.9186776,-0.3842951,-0.06545829,0.3906156,0.9182237,moving,-6.30179,21.36135,-0.639255,-0.03421074
05/15/2023 14:23:04.321234,1834,True,True,True,True,Eyes,1.243275,-0.2949271,-3.349145,-0.1006617,0.3612154,0.9270332,0,0,0,0,0,0,0,-0.9595907,-1.119776,3.276806,1.25635,-0.3005353,-3.353123,-0.196851,-0.03906325,-0.03846411,0.9788995,337.1451,356.1836,356.2714,0.3462248,-0.08212393,-0.9345497,0,0,0,1.18698,0.06813656,-2.482896,-0.01131506,-4.813075E-05,0.9475754,0.9939892,-0.05992572,0.09162137,0.09068426,0.9195404,-0.3823896,-0.06133458,0.3883997,0.9194475,moving,-6.197172,21.28821,-0.6841398,-0.002910258
05/15/2023 14:23:04.341155,1835,True,True,True,True,Eyes,1.243401,-0.2949757,-3.348856,-0.09891944,0.3600482,0.9276747,0,0,0,0,0,0,0,-0.9733216,-1.112238,3.275159,1.256531,-0.3006475,-3.352885,-0.1957824,-0.03712674,-0.03848977,0.9791882,337.2772,356.4174,356.218,0.346286,-0.0821391,-0.9345257,0,0,0,1.190296,0.06588855,-2.483145,-0.01181122,0.0004090667,0.9460678,0.9942803,-0.06083992,0.08777936,0.08991497,0.9203756,-0.3805576,-0.0576369,0.3862736,0.9205818,moving,-6.086543,21.21218,-0.7152744,0.0247739
05/15/2023 14:23:04.361129,1836,True,True,True,True,Eyes,1.243544,-0.2950211,-3.348561,-0.09722666,0.3588985,0.928299,0,0,0,0,0,0,0,-0.9885042,-1.103979,3.273095,1.256642,-0.3007105,-3.352535,-0.1946571,-0.0349873,-0.03837644,0.9794957,337.4173,356.6721,356.1772,0.3463466,-0.08215463,-0.9345019,0,0,0,1.193474,0.06373463,-2.483383,-0.01270474,0.001042664,0.9444957,0.9946063,-0.06155805,0.08348031,0.08880015,0.9212717,-0.3786463,-0.05359932,0.384017,0.921769,moving,-5.979153,21.13747,-0.7706588,0.06325092
05/15/2023 14:23:04.371073,1837,True,True,True,True,Eyes,1.243684,-0.2950667,-3.348265,-0.09543532,0.3577222,0.9289386,0,0,0,0,0,0,0,-1.003403,-1.097082,3.270587,1.256785,-0.3006546,-3.3522,-0.193706,-0.03287856,-0.03830335,0.9797602,337.5368,356.9241,356.1333,0.3464074,-0.08217039,-0.934478,0,0,0,1.196933,0.06138994,-2.483643,-0.01326324,0.001066923,0.9428003,0.9949037,-0.06231863,0.07926539,0.08779374,0.9220216,-0.3770522,-0.04958703,0.3820896,0.922794,moving,-5.865753,21.06104,-0.8059794,0.06483894
05/15/2023 14:23:04.391391,1838,True,True,True,True,Eyes,1.243834,-0.29512,-3.34796,-0.09351401,0.3564723,0.9296142,0,0,0,0,0,0,0,-1.018276,-1.090738,3.26787,1.256815,-0.3006904,-3.351951,-0.192809,-0.03073695,-0.038348,0.9800048,337.6499,357.1828,356.0749,0.3464681,-0.08218635,-0.9344541,0,0,0,1.200305,0.0591037,-2.483896,-0.01388314,0.001069784,0.9412597,0.9951693,-0.06330971,0.0750324,0.08701517,0.9227083,-0.3755501,-0.04545704,0.3802649,0.9237599,moving,-5.744312,20.97995,-0.8450249,0.06511921
05/15/2023 14:23:04.411161,1839,True,True,True,True,Eyes,1.243979,-0.2951767,-3.347653,-0.09155726,0.3551827,0.9303024,0,0,0,0,0,0,0,-1.032273,-1.083553,3.265423,1.256788,-0.3008872,-3.351509,-0.1918766,-0.0287406,-0.03821129,0.9802537,337.7671,357.4191,356.0426,0.3465292,-0.08220273,-0.93443,0,0,0,1.203575,0.05688765,-2.484141,-0.01423437,0.00143519,0.9396578,0.9954278,-0.06388421,0.07100985,0.0859428,0.9234466,-0.3739791,-0.04168244,0.3783719,0.9247147,moving,-5.620759,20.89649,-0.8678764,0.08751089
05/15/2023 14:23:04.426007,1840,True,True,True,True,Eyes,1.244114,-0.2952349,-3.347344,-0.08955772,0.3538366,0.9310097,0,0,0,0,0,0,0,-1.043167,-1.074973,3.264523,1.256794,-0.3009976,-3.35123,-0.1907584,-0.02722805,-0.03789902,0.9805273,337.9045,357.5916,356.0434,0.3465905,-0.08221958,-0.9344058,0,0,0,1.207049,0.05453286,-2.484402,-0.01344088,0.001940221,0.9381267,0.9956446,-0.06393408,0.06785481,0.08470999,0.9243498,-0.3720237,-0.03893659,0.3761514,0.9257397,moving,-5.494616,20.80964,-0.820841,0.1184982
05/15/2023 14:23:04.441224,1841,True,True,True,True,Eyes,1.244246,-0.2952984,-3.347032,-0.08752454,0.3524403,0.9317324,0,0,0,0,0,0,0,-1.054385,-1.064734,3.26396,1.256875,-0.3010501,-3.350889,-0.1894547,-0.02570902,-0.03738335,0.9808408,338.0639,357.7592,356.0689,0.3466517,-0.08223692,-0.9343816,0,0,0,1.210289,0.05233636,-2.484645,-0.01290989,0.002886266,0.9366189,0.995883,-0.06359284,0.0645978,0.08307561,0.9254188,-0.3697276,-0.036268,0.3735719,0.9268919,moving,-5.36647,20.7198,-0.7896864,0.1765609
05/15/2023 14:23:04.461101,1842,True,True,True,True,Eyes,1.244395,-0.2953604,-3.346714,-0.08550237,0.3510164,0.9324574,0,0,0,0,0,0,0,-1.065974,-1.054247,3.263269,1.256915,-0.3012021,-3.350538,-0.188159,-0.02413724,-0.03678816,0.9811526,338.2226,357.9314,356.1034,0.3467128,-0.08225485,-0.9343573,0,0,0,1.213607,0.05008741,-2.484895,-0.01232395,0.003864795,0.935121,0.9961281,-0.06310631,0.06120868,0.08127286,0.9264857,-0.3674494,-0.03352059,0.3710013,0.9280272,moving,-5.239128,20.62846,-0.7550566,0.2367984
05/15/2023 14:23:04.480938,1843,True,True,True,True,Eyes,1.244542,-0.2954217,-3.346395,-0.08345725,0.3495497,0.9331934,0,0,0,0,0,0,0,-1.076435,-1.043871,3.262827,1.256996,-0.3011792,-3.350175,-0.1868019,-0.02271663,-0.03633922,0.9814624,338.3874,358.0883,356.1241,0.3467742,-0.08227327,-0.9343329,0,0,0,1.216949,0.04782189,-2.485145,-0.01151581,0.004767001,0.9335561,0.9963268,-0.06284416,0.0581675,0.07981818,0.927569,-0.3650269,-0.03101456,0.368329,0.9291781,moving,-5.110475,20.53463,-0.7067321,0.2925659
05/15/2023 14:23:04.491217,1844,True,True,True,True,Eyes,1.244667,-0.2954831,-3.346076,-0.08132146,0.348068,0.9339355,0,0,0,0,0,0,0,-1.086429,-1.034732,3.262137,1.257058,-0.3011925,-3.349869,-0.18555,-0.02132648,-0.03613045,0.9817388,338.5392,358.2473,356.1168,0.346836,-0.08229212,-0.9343083,0,0,0,1.220284,0.04556116,-2.485396,-0.01070958,0.005456418,0.9320732,0.9964796,-0.06302708,0.05528206,0.07885557,0.9285316,-0.362782,-0.02846605,0.3658642,0.9302328,moving,-4.976419,20.4399,-0.6583029,0.3354094
05/15/2023 14:23:04.510989,1845,True,True,True,True,Eyes,1.244793,-0.2955473,-3.345749,-0.07912485,0.3465562,0.9346861,0,0,0,0,0,0,0,-1.097742,-1.026969,3.260504,1.257193,-0.3012445,-3.349523,-0.1845788,-0.01976244,-0.03575173,0.9819685,338.6592,358.4242,356.1267,0.3468975,-0.08231138,-0.9342837,0,0,0,1.223829,0.04315857,-2.485662,-0.009993318,0.005539536,0.9305117,0.9966626,-0.0629187,0.05201021,0.07750961,0.929305,-0.361088,-0.02561416,0.3639141,0.9310802,moving,-4.838777,20.34341,-0.6153098,0.3410901
05/15/2023 14:23:04.521359,1846,True,True,True,True,Eyes,1.244903,-0.2956109,-3.345419,-0.07680018,0.3450285,0.9354448,0,0,0,0,0,0,0,-1.111599,-1.01816,3.258176,1.257297,-0.3013504,-3.34909,-0.1834748,-0.01782184,-0.03537112,0.9822263,338.7961,358.6459,356.1287,0.3469588,-0.08233108,-0.9342592,0,0,0,1.227105,0.04093784,-2.485908,-0.01021921,0.0060651,0.9289863,0.9968626,-0.06294517,0.04798957,0.07602461,0.9301718,-0.3591667,-0.02203074,0.3616883,0.9320387,moving,-4.693467,20.24594,-0.6302504,0.3740634
05/15/2023 14:23:04.541368,1847,True,True,True,True,Eyes,1.245019,-0.2956791,-3.345086,-0.07441889,0.3434646,0.9362125,0,0,0,0,0,0,0,-1.125202,-1.008947,3.255984,1.257418,-0.3013823,-3.348665,-0.1823452,-0.01593344,-0.03485902,0.9824873,338.9358,358.8582,356.1483,0.3470197,-0.08235121,-0.9342349,0,0,0,1.230487,0.03864482,-2.486162,-0.01019727,0.006508112,0.9274207,0.997062,-0.06268632,0.04402155,0.07430787,0.9310702,-0.3571927,-0.01859605,0.3594145,0.9329928,moving,-4.544846,20.14638,-0.629959,0.4020626
05/15/2023 14:23:04.561085,1848,True,True,True,True,Eyes,1.245123,-0.2957427,-3.34475,-0.07200368,0.3419217,0.9369658,0,0,0,0,0,0,0,-1.139496,-0.99932,3.253722,1.257612,-0.301528,-3.348327,-0.1811403,-0.01394382,-0.03442419,0.9827557,339.0844,359.0839,356.1568,0.3470803,-0.08237184,-0.9342105,0,0,0,1.2338,0.03639937,-2.48641,-0.01053203,0.007175416,0.9260129,0.9972411,-0.06260957,0.03987794,0.07271272,0.9320064,-0.3550733,-0.01493552,0.3569933,0.9339875,moving,-4.394413,20.04826,-0.6516266,0.4439601
05/15/2023 14:23:04.571017,1849,True,True,True,True,Eyes,1.245228,-0.2958037,-3.344413,-0.06951512,0.3403627,0.9377211,0,0,0,0,0,0,0,-1.155231,-0.9917315,3.25016,1.257825,-0.3014809,-3.347927,-0.1800772,-0.01168448,-0.03441185,0.982981,339.217,359.3517,356.1089,0.3471403,-0.0823928,-0.9341863,0,0,0,1.237158,0.03412346,-2.486662,-0.01144669,0.007341743,0.9244729,0.9973586,-0.06344417,0.03536483,0.07186061,0.932776,-0.3532208,-0.01057766,0.3548291,0.9348713,moving,-4.239694,19.94927,-0.709392,0.4550075
05/15/2023 14:23:04.590783,1850,True,True,True,True,Eyes,1.245331,-0.2958676,-3.344069,-0.06706478,0.3388144,0.93846,0,0,0,0,0,0,0,-1.169985,-0.9852773,3.246556,1.257905,-0.3014657,-3.347619,-0.1791244,-0.009524581,-0.03456235,0.9831731,339.3365,359.6114,356.0442,0.3472,-0.08241401,-0.9341623,0,0,0,1.240326,0.03197557,-2.4869,-0.01228012,0.007396698,0.9231049,0.9974294,-0.06454937,0.03111054,0.07137371,0.9334399,-0.3515621,-0.006346708,0.3528789,0.9356475,moving,-4.087556,19.85122,-0.762164,0.4590925
05/15/2023 14:23:04.611741,1851,True,True,True,True,Eyes,1.245435,-0.2959374,-3.343722,-0.06456789,0.3372223,0.9392082,0,0,0,0,0,0,0,-1.183372,-0.9756496,3.244161,1.25797,-0.3015782,-3.347149,-0.1777834,-0.007601196,-0.03450759,0.9834351,339.5004,359.836,356.0104,0.3472593,-0.08243553,-0.9341384,0,0,0,1.243926,0.02953581,-2.48717,-0.0121792,0.008139759,0.9215108,0.9975029,-0.06516923,0.02722032,0.07057469,0.9344046,-0.3491523,-0.002680809,0.3502015,0.9366705,moving,-3.932734,19.75065,-0.757209,0.5060838
05/15/2023 14:23:04.620961,1852,True,True,True,True,Eyes,1.245555,-0.2960064,-3.343375,-0.06226633,0.3357021,0.9399079,0,0,0,0,0,0,0,-1.196611,-0.9658626,3.241892,1.258024,-0.3017622,-3.346781,-0.1764665,-0.005708561,-0.03433146,0.9836912,339.6613,0.05412626,355.9926,0.3473183,-0.08245749,-0.9341145,0,0,0,1.247354,0.02721177,-2.487428,-0.01213774,0.008956522,0.9201078,0.9975775,-0.06552837,0.02334763,0.06955786,0.9353619,-0.3467852,0.0008857858,0.3475691,0.937654,moving,-3.790151,19.65494,-0.7557822,0.5577115
05/15/2023 14:23:04.641336,1853,True,True,True,True,Eyes,1.245676,-0.2960818,-3.343023,-0.05989946,0.3341248,0.9406236,0,0,0,0,0,0,0,-1.210772,-0.9558574,3.239371,1.258224,-0.3017802,-3.346484,-0.1751308,-0.003708004,-0.03404842,0.9839493,339.8248,0.2825531,355.986,0.3473774,-0.08247982,-0.9340906,0,0,0,1.250628,0.02499218,-2.487674,-0.01253979,0.00968793,0.918772,0.9976539,-0.06570505,0.01922283,0.0683026,0.9363398,-0.3443872,0.004628878,0.3448922,0.9386309,moving,-3.643709,19.55587,-0.7819485,0.6041291
05/15/2023 14:23:04.660894,1854,True,True,True,True,Eyes,1.245796,-0.2961569,-3.342676,-0.05747814,0.3325266,0.9413406,0,0,0,0,0,0,0,-1.22547,-0.9445423,3.236802,1.258335,-0.3019699,-3.346077,-0.173659,-0.001625243,-0.03368875,0.9842281,340.0043,0.5183535,355.9879,0.3474368,-0.08250267,-0.9340665,0,0,0,1.253878,0.02278917,-2.487918,-0.01301287,0.01087669,0.9174083,0.9977248,-0.06575034,0.01489993,0.0668793,0.9374152,-0.3417306,0.008501489,0.3419496,0.9396799,moving,-3.494135,19.45566,-0.8126506,0.6792603
05/15/2023 14:23:04.671217,1855,True,True,True,True,Eyes,1.245921,-0.2962342,-3.342327,-0.05496294,0.3308862,0.9420687,0,0,0,0,0,0,0,-1.240525,-0.9332976,3.234184,1.258489,-0.3020108,-3.345876,-0.1721507,0.0005141569,-0.03337534,0.9845049,340.1882,0.7614942,355.9838,0.3474962,-0.08252598,-0.9340423,0,0,0,1.257413,0.02039349,-2.488183,-0.01333095,0.01174763,0.9161149,0.9977717,-0.06589338,0.01047879,0.06553934,0.9385005,-0.3390007,0.01250355,0.3389321,0.9407278,moving,-3.339012,19.35299,-0.8336873,0.7346815
05/15/2023 14:23:04.690748,1856,True,True,True,True,Eyes,1.246045,-0.2963162,-3.341976,-0.05242782,0.329293,0.9427711,0,0,0,0,0,0,0,-1.257994,-0.9229773,3.230133,1.258683,-0.3021107,-3.345541,-0.1708372,0.00301169,-0.03299047,0.9847422,340.3507,1.046692,355.9812,0.3475558,-0.08254974,-0.934018,0,0,0,1.260545,0.01826999,-2.488418,-0.01471035,0.01254284,0.9148402,0.9978051,-0.06600323,0.00534052,0.0639452,0.9394526,-0.3366598,0.01720347,0.3362624,0.9416112,moving,-3.182959,19.25339,-0.9212194,0.7855
05/15/2023 14:23:04.711029,1857,True,True,True,True,Eyes,1.246166,-0.2963959,-3.34163,-0.04982744,0.3276466,0.9434856,0,0,0,0,0,0,0,-1.275215,-0.9125565,3.226015,1.258775,-0.3022844,-3.345178,-0.1694996,0.005497866,-0.03266452,0.9849735,340.5159,1.331346,355.9726,0.3476157,-0.08257407,-0.9339936,0,0,0,1.263898,0.01599727,-2.48867,-0.01575406,0.01333386,0.9135154,0.9978057,-0.06621113,0.0002427395,0.06248358,0.9404058,-0.3342643,0.02190375,0.333546,0.9424794,moving,-3.023101,19.15071,-0.9879982,0.8362415
05/15/2023 14:23:04.721565,1858,True,True,True,True,Eyes,1.246311,-0.2964761,-3.341285,-0.04727916,0.3260435,0.9441717,0,0,0,0,0,0,0,-1.290112,-0.901985,3.222875,1.258757,-0.3022731,-3.345004,-0.1680412,0.007668882,-0.0324767,0.985215,340.6939,1.580223,355.9552,0.3476756,-0.08259882,-0.9339691,0,0,0,1.267391,0.01362969,-2.488932,-0.01600694,0.0140425,0.9122909,0.9977729,-0.06657045,-0.004196146,0.06141569,0.9414148,-0.3316116,0.02602584,0.3306153,0.9434066,moving,-2.866677,19.05093,-1.005202,0.8818594
05/15/2023 14:23:04.741344,1859,True,True,True,True,Eyes,1.246458,-0.2965621,-3.34094,-0.04469749,0.3243837,0.9448689,0,0,0,0,0,0,0,-1.302861,-0.8908125,3.220617,1.258893,-0.302321,-3.344721,-0.1665938,0.009470195,-0.03202511,0.9854599,340.8686,1.779337,355.9775,0.3477362,-0.08262395,-0.9339443,0,0,0,1.270608,0.01144904,-2.489173,-0.01594544,0.01498032,0.911083,0.9977695,-0.06627428,-0.007994623,0.05996357,0.9424418,-0.3289497,0.02933537,0.3277365,0.9443136,moving,-2.708386,18.9479,-1.002667,0.9419906
05/15/2023 14:23:04.761043,1860,True,True,True,True,Eyes,1.246611,-0.2966434,-3.340598,-0.0420877,0.3227477,0.9455488,0,0,0,0,0,0,0,-1.315933,-0.8785855,3.218411,1.259048,-0.3025016,-3.344406,-0.16508,0.0112993,-0.03138895,0.9857159,341.0505,1.977635,356.0221,0.3477974,-0.08264959,-0.9339193,0,0,0,1.27404,0.009122994,-2.489431,-0.01567315,0.01604477,0.9098431,0.9977741,-0.06561173,-0.01191241,0.05815057,0.9435266,-0.3261533,0.03263917,0.3247347,0.9452418,moving,-2.548633,18.84651,-0.9868918,1.010286
05/15/2023 14:23:04.781085,1861,True,True,True,True,Eyes,1.246762,-0.296724,-3.340261,-0.03945783,0.3210997,0.9462231,0,0,0,0,0,0,0,-1.329137,-0.867391,3.21578,1.25905,-0.302435,-3.344179,-0.163662,0.01318824,-0.03082088,0.9859468,341.2215,2.184847,356.0577,0.3478592,-0.08267554,-0.933894,0,0,0,1.277328,0.006894235,-2.489678,-0.01550033,0.0167397,0.9086644,0.9977523,-0.06509232,-0.0159174,0.05645866,0.9445296,-0.323537,0.03609422,0.321911,0.9460817,moving,-2.38787,18.74458,-0.9772777,1.055401
05/15/2023 14:23:04.790860,1862,True,True,True,True,Eyes,1.246934,-0.2968071,-3.339923,-0.03674456,0.3194945,0.9468755,0,0,0,0,0,0,0,-1.340627,-0.8594791,3.212957,1.259104,-0.30247,-3.343987,-0.1627106,0.01483865,-0.03035235,0.9860952,341.3373,2.367808,356.0848,0.3479216,-0.08270173,-0.9338684,0,0,0,1.280814,0.00453099,-2.489939,-0.01475679,0.01654446,0.907539,0.9977171,-0.06468943,-0.01938733,0.0550318,0.945208,-0.3217971,0.03914193,0.3199956,0.9466102,moving,-2.222311,18.64541,-0.9315605,1.044388
05/15/2023 14:23:04.811011,1863,True,True,True,True,Eyes,1.247105,-0.2968902,-3.339587,-0.03404348,0.3178638,0.947525,0,0,0,0,0,0,0,-1.350194,-0.8512287,3.210817,1.259117,-0.3025762,-3.343655,-0.1616471,0.01622068,-0.03006055,0.9862574,341.4655,2.521593,356.0969,0.347985,-0.0827282,-0.9338424,0,0,0,1.284231,0.002214675,-2.490196,-0.01362805,0.01671046,0.9063419,0.9976665,-0.06453892,-0.02227713,0.05405082,0.9459332,-0.3198264,0.04171393,0.317876,0.9472142,moving,-2.057686,18.54493,-0.861453,1.056257
05/15/2023 14:23:04.820950,1864,True,True,True,True,Eyes,1.247313,-0.2969799,-3.339254,-0.03133904,0.3162778,0.9481488,0,0,0,0,0,0,0,-1.359351,-0.8424389,3.209058,1.259256,-0.3026304,-3.343394,-0.1605325,0.01751162,-0.02965266,0.9864296,341.5988,2.661949,356.1251,0.3480492,-0.08275492,-0.9338161,0,0,0,1.287453,3.052888E-05,-2.490438,-0.01262422,0.01699629,0.9052539,0.9976281,-0.06412289,-0.02502754,0.05287815,0.9467,-0.3177466,0.0440684,0.3156695,0.9478453,moving,-1.893101,18.44736,-0.7989665,1.075611
05/15/2023 14:23:04.840914,1865,True,True,True,True,Eyes,1.247519,-0.2970693,-3.338923,-0.02862768,0.3146632,0.9487716,0,0,0,0,0,0,0,-1.370002,-0.8333501,3.206655,1.259251,-0.3028238,-3.343142,-0.1594524,0.01904085,-0.02911839,0.9865924,341.7285,2.82841,356.164,0.3481151,-0.08278202,-0.9337891,0,0,0,1.290854,-0.002274466,-2.490693,-0.01167882,0.01723024,0.9041924,0.9975791,-0.06352819,-0.02828512,0.05138375,0.9474542,-0.3157379,0.04685711,0.3135201,0.9484247,moving,-1.728285,18.34827,-0.7400084,1.091693
05/15/2023 14:23:04.861019,1866,True,True,True,True,Eyes,1.247771,-0.2971597,-3.338595,-0.02598462,0.3131539,0.9493468,0,0,0,0,0,0,0,-1.381,-0.8236977,3.204224,1.259384,-0.3028729,-3.342889,-0.1583073,0.02059534,-0.02848195,0.9867642,341.8654,2.995591,356.2152,0.3481824,-0.08280944,-0.9337616,0,0,0,1.294119,-0.004487514,-2.490938,-0.01101451,0.01750195,0.9031241,0.9975293,-0.06273071,-0.03162768,0.04968914,0.9482551,-0.3135972,0.04966328,0.3112508,0.9490293,moving,-1.567854,18.25579,-0.698745,1.110216
05/15/2023 14:23:04.871187,1867,True,True,True,True,Eyes,1.248016,-0.2972476,-3.338269,-0.02333949,0.3116455,0.9499118,0,0,0,0,0,0,0,-1.391034,-0.8164262,3.201507,1.259392,-0.3029307,-3.342654,-0.1575368,0.02203442,-0.02781437,0.9868754,341.9581,3.150345,356.2709,0.3482521,-0.08283713,-0.9337332,0,0,0,1.297495,-0.006776412,-2.491192,-0.009876441,0.01702762,0.9020864,0.9974817,-0.06184109,-0.03472688,0.04795617,0.9488171,-0.312164,0.05225401,0.3097125,0.9493933,moving,-1.407483,18.16355,-0.6272745,1.081376
05/15/2023 14:23:04.890983,1868,True,True,True,True,Eyes,1.248286,-0.2973311,-3.337948,-0.02064242,0.3101947,0.9504489,0,0,0,0,0,0,0,-1.400795,-0.8101782,3.198573,1.259423,-0.3029412,-3.342388,-0.1568124,0.02345709,-0.02740789,0.9869694,342.0461,3.308308,356.2959,0.3483237,-0.08286501,-0.933704,0,0,0,1.300858,-0.009055676,-2.491444,-0.008821465,0.01643375,0.9010238,0.9973971,-0.06145822,-0.03770706,0.04674478,0.9493173,-0.3108238,0.05489864,0.3082522,0.9497193,moving,-1.244189,18.07495,-0.5609359,1.0449
05/15/2023 14:23:04.911256,1869,True,True,True,True,Eyes,1.248555,-0.2974148,-3.337624,-0.01792234,0.3087763,0.9509658,0,0,0,0,0,0,0,-1.410001,-0.8048565,3.195641,1.259466,-0.3028843,-3.342159,-0.1561866,0.02480581,-0.02707386,0.9870449,342.1225,3.459302,356.3134,0.3483976,-0.08289289,-0.9336739,0,0,0,1.304193,-0.01131628,-2.491694,-0.007689759,0.01559639,0.8999997,0.9973034,-0.06119489,-0.04051175,0.04569754,0.9497454,-0.3096696,0.05742604,0.3069832,0.9499808,moving,-1.079695,17.98849,-0.4895335,0.992798
05/15/2023 14:23:04.920939,1870,True,True,True,True,Eyes,1.248831,-0.297502,-3.337296,-0.01500162,0.3073446,0.95148,0,0,0,0,0,0,0,-1.421775,-0.8010713,3.191093,1.25966,-0.302963,-3.341811,-0.1559027,0.02651996,-0.02657144,0.9870588,342.1599,3.652311,356.3425,0.3484736,-0.0829208,-0.933643,0,0,0,1.307697,-0.01369166,-2.491958,-0.007116269,0.01416615,0.8988801,0.9971814,-0.06072421,-0.04406839,0.04418609,0.9499767,-0.3091795,0.06063863,0.3063608,0.9499821,moving,-0.9032857,17.90136,-0.4535907,0.9028938
05/15/2023 14:23:04.941310,1871,True,True,True,True,Eyes,1.249099,-0.2975878,-3.336975,-0.01205776,0.3058885,0.951991,0,0,0,0,0,0,0,-1.435286,-0.7940077,3.186413,1.259753,-0.3031131,-3.341387,-0.1551697,0.02849975,-0.02600641,0.9871342,342.25,3.873437,356.3767,0.3485518,-0.08294882,-0.9336113,0,0,0,1.310912,-0.01587119,-2.492199,-0.007208999,0.01379055,0.8977771,0.9970229,-0.06018824,-0.04819534,0.04249904,0.9504921,-0.307829,0.06433697,0.3048643,0.9502202,moving,-0.7256599,17.81297,-0.4600656,0.8800381
05/15/2023 14:23:04.960875,1872,True,True,True,True,Eyes,1.249354,-0.2976743,-3.336653,-0.008988082,0.3043988,0.9525023,0,0,0,0,0,0,0,-1.447657,-0.7858756,3.182673,1.259785,-0.3031371,-3.341223,-0.1541587,0.0303272,-0.02563679,0.9872478,342.3723,4.078601,356.3923,0.3486315,-0.08297691,-0.9335791,0,0,0,1.314337,-0.01819296,-2.492456,-0.006824184,0.01360533,0.8968515,0.996846,-0.05997013,-0.05197665,0.04126932,0.9511557,-0.3059406,0.06778519,0.3028307,0.9506307,moving,-0.5406433,17.72274,-0.4359578,0.8691161
05/15/2023 14:23:04.971919,1873,True,True,True,True,Eyes,1.249604,-0.2977597,-3.336337,-0.005917156,0.3028818,0.9530097,0,0,0,0,0,0,0,-1.460042,-0.7777379,3.178711,1.259817,-0.303225,-3.340916,-0.153138,0.0321663,-0.02532964,0.9873564,342.4959,4.286155,356.4008,0.3487124,-0.08300508,-0.9335464,0,0,0,1.317602,-0.02040576,-2.492701,-0.00663878,0.01362705,0.8958597,0.9966475,-0.05987052,-0.05576134,0.04016699,0.9518144,-0.304033,0.07127706,0.3007739,0.9510282,moving,-0.35574,17.63109,-0.4245834,0.8714672
05/15/2023 14:23:04.991460,1874,True,True,True,True,Eyes,1.249857,-0.2978483,-3.336026,-0.002728713,0.3013361,0.9535141,0,0,0,0,0,0,0,-1.471295,-0.768808,3.175552,1.259906,-0.3032554,-3.340745,-0.1520551,0.03380764,-0.02482661,0.9874817,342.625,4.466265,356.4369,0.3487942,-0.08303329,-0.9335133,0,0,0,1.320921,-0.02265559,-2.49295,-0.006048657,0.01362419,0.894982,0.9964814,-0.05931289,-0.0592188,0.0387504,0.9525258,-0.301982,0.07431886,0.2986246,0.9514726,moving,-0.1639654,17.53794,-0.3872226,0.8721386
05/15/2023 14:23:05.011074,1875,True,True,True,True,Eyes,1.250109,-0.2979425,-3.335709,0.0004775644,0.2997493,0.9540179,0,0,0,0,0,0,0,-1.482285,-0.7606032,3.17226,1.259977,-0.3033919,-3.340559,-0.1510335,0.03542906,-0.02448246,0.9875902,342.7475,4.647166,356.4545,0.3488767,-0.08306161,-0.9334799,0,0,0,1.324399,-0.02501301,-2.493211,-0.005287878,0.01352146,0.8941095,0.9962908,-0.05905923,-0.06258344,0.03765533,0.953179,-0.3000531,0.07737412,0.2965836,0.9518673,moving,0.02868124,17.44255,-0.3388506,0.8664081
05/15/2023 14:23:05.021159,1876,True,True,True,True,Eyes,1.250353,-0.2980347,-3.335397,0.003850615,0.2981131,0.9545228,0,0,0,0,0,0,0,-1.495183,-0.7503901,3.168265,1.260136,-0.3035877,-3.340127,-0.1497487,0.03732593,-0.02410499,0.9877252,342.9011,4.858699,356.4731,0.3489601,-0.08309019,-0.9334462,0,0,0,1.327787,-0.02731001,-2.493466,-0.005177274,0.01404685,0.8930388,0.9960515,-0.05879722,-0.06651613,0.03643918,0.9539886,-0.2976206,0.08095489,0.2940217,0.9523642,moving,0.2311341,17.34444,-0.332161,0.9011465
05/15/2023 14:23:05.041774,1877,True,True,True,True,Eyes,1.250598,-0.298127,-3.335086,0.007250047,0.2964523,0.9550201,0,0,0,0,0,0,0,-1.508391,-0.7419257,3.163852,1.26025,-0.3036091,-3.339947,-0.1486271,0.03929925,-0.02389712,0.9878232,343.0369,5.083051,356.4699,0.3490438,-0.08311896,-0.9334123,0,0,0,1.331122,-0.02957066,-2.493716,-0.005257949,0.01406437,0.8921894,0.995769,-0.05889411,-0.07053789,0.03553038,0.9546778,-0.2955129,0.08474492,0.2917563,0.9527311,moving,0.4349532,17.24511,-0.3376579,0.9031292
05/15/2023 14:23:05.061226,1878,True,True,True,True,Eyes,1.250828,-0.298216,-3.334774,0.01085575,0.2947365,0.9555169,0,0,0,0,0,0,0,-1.522331,-0.7334098,3.158952,1.260472,-0.303676,-3.339663,-0.147518,0.04137306,-0.02367571,0.9879101,343.1714,5.319002,356.4669,0.349128,-0.08314789,-0.9333783,0,0,0,1.334489,-0.03185242,-2.493969,-0.005578101,0.01409668,0.8912551,0.9954554,-0.05898548,-0.07476053,0.0345724,0.9553558,-0.2934281,0.0887309,0.2895099,0.9530534,moving,0.6509165,17.14278,-0.3585926,0.9061521
05/15/2023 14:23:05.080716,1879,True,True,True,True,Eyes,1.251052,-0.2983076,-3.334462,0.0144832,0.2930055,0.9560011,0,0,0,0,0,0,0,-1.537066,-0.7258241,3.153296,1.260557,-0.3036736,-3.339378,-0.1464848,0.04361015,-0.02360361,0.9879693,343.2985,5.577146,356.4435,0.3492121,-0.0831769,-0.9333442,0,0,0,1.337777,-0.03408157,-2.494216,-0.006161734,0.01396894,0.8903418,0.9950821,-0.05941572,-0.07925584,0.03386283,0.9559701,-0.2915038,0.09308612,0.2873863,0.9532807,moving,0.8679518,17.03982,-0.3965171,0.8988637
05/15/2023 14:23:05.091150,1880,True,True,True,True,Eyes,1.25126,-0.2984011,-3.334152,0.01826918,0.2911844,0.9564925,0,0,0,0,0,0,0,-1.550958,-0.7181859,3.14795,1.2606,-0.3038031,-3.339078,-0.1454677,0.04572564,-0.02350955,0.9880262,343.4231,5.82042,356.4252,0.3492962,-0.08320604,-0.9333102,0,0,0,1.341017,-0.03627795,-2.494459,-0.006534174,0.01397005,0.8894835,0.9947129,-0.05975931,-0.08351648,0.03315289,0.9565729,-0.2896019,0.09719601,0.2853019,0.9534966,moving,1.094227,16.93179,-0.4208891,0.899802
05/15/2023 14:23:05.111587,1881,True,True,True,True,Eyes,1.251468,-0.2984942,-3.333841,0.02205301,0.2893377,0.956973,0,0,0,0,0,0,0,-1.563465,-0.7092492,3.14356,1.260643,-0.3039222,-3.338838,-0.1442594,0.0476204,-0.02336497,0.9881173,343.5687,6.035487,356.4187,0.3493796,-0.08323538,-0.9332764,0,0,0,1.344526,-0.03865618,-2.494722,-0.006230995,0.01412877,0.8886477,0.9943728,-0.05991403,-0.08736783,0.03243527,0.9572866,-0.2873157,0.1008503,0.2828651,0.953843,moving,1.320122,16.82253,-0.4017383,0.9108795
05/15/2023 14:23:05.121419,1882,True,True,True,True,Eyes,1.251637,-0.2985877,-3.333526,0.02603307,0.2874034,0.9574558,0,0,0,0,0,0,0,-1.576426,-0.6997157,3.138962,1.260821,-0.3039755,-3.338522,-0.1430428,0.04955492,-0.02301445,0.9882072,343.7141,6.2516,356.4364,0.3494626,-0.08326487,-0.9332426,0,0,0,1.348007,-0.04101609,-2.494984,-0.00608585,0.01424733,0.8877311,0.9940293,-0.05966304,-0.09135696,0.03130915,0.9580182,-0.2849927,0.1045251,0.2804308,0.9541661,moving,1.557479,16.7084,-0.3927857,0.9194695
05/15/2023 14:23:05.141190,1883,True,True,True,True,Eyes,1.251808,-0.2986776,-3.333214,0.03001561,0.2854596,0.9579207,0,0,0,0,0,0,0,-1.59019,-0.6901284,3.133852,1.260934,-0.3040702,-3.338202,-0.1418545,0.05162589,-0.02260802,0.9882818,343.8561,6.482995,356.4586,0.3495443,-0.08329457,-0.9332094,0,0,0,1.351224,-0.04319682,-2.495225,-0.006373443,0.0144946,0.8868861,0.9936473,-0.05933291,-0.09562775,0.03003945,0.9587324,-0.2827188,0.1084559,0.2780502,0.9544241,moving,1.794726,16.59402,-0.4117384,0.9363157
05/15/2023 14:23:05.160980,1884,True,True,True,True,Eyes,1.251936,-0.2987722,-3.332897,0.0340778,0.2834802,0.9583724,0,0,0,0,0,0,0,-1.603938,-0.681852,3.128452,1.26109,-0.3040514,-3.337957,-0.140796,0.05370521,-0.02232157,0.9883289,343.9839,6.718027,356.4662,0.3496247,-0.08332434,-0.9331765,0,0,0,1.354578,-0.0454699,-2.495477,-0.006603479,0.01429614,0.8860748,0.993235,-0.05924506,-0.09987123,0.02899914,0.9593564,-0.2807032,0.1124424,0.275908,0.9545844,moving,2.036465,16.47787,-0.4269893,0.9243437
05/15/2023 14:23:05.170944,1885,True,True,True,True,Eyes,1.252069,-0.2988698,-3.332582,0.03812194,0.2814955,0.958805,0,0,0,0,0,0,0,-1.617711,-0.67387,3.122784,1.261134,-0.3042591,-3.337639,-0.1399035,0.05580096,-0.02184848,0.9883502,344.0911,6.952794,356.4946,0.3497031,-0.08335433,-0.9331445,0,0,0,1.357973,-0.04777134,-2.495732,-0.006655596,0.0139927,0.8852862,0.9928178,-0.05880139,-0.1041884,0.0275744,0.9598993,-0.2789856,0.1164151,0.2741089,0.9546265,moving,2.276872,16.36171,-0.4307425,0.9055328
05/15/2023 14:23:05.191137,1886,True,True,True,True,Eyes,1.252158,-0.2989686,-3.332261,0.04218874,0.2794885,0.9592217,0,0,0,0,0,0,0,-1.630091,-0.6654689,3.117948,1.26131,-0.3044016,-3.337377,-0.1388706,0.05766778,-0.02149884,0.9883963,344.2144,7.161706,356.5138,0.3497798,-0.08338463,-0.933113,0,0,0,1.361169,-0.04993789,-2.495972,-0.006681643,0.01399089,0.8845594,0.9924245,-0.05851546,-0.1080261,0.02648203,0.9605055,-0.2769979,0.1199684,0.2720387,0.9547787,moving,2.518375,16.24454,-0.4327835,0.9061601
05/15/2023 14:23:05.210906,1887,True,True,True,True,Eyes,1.252256,-0.2990631,-3.331941,0.04625582,0.2774746,0.9596187,0,0,0,0,0,0,0,-1.642504,-0.6565361,3.113031,1.261489,-0.3045304,-3.337023,-0.1377675,0.05954225,-0.0211283,0.9884475,344.3455,7.370735,356.5363,0.3498538,-0.08341526,-0.9330826,0,0,0,1.364498,-0.052194,-2.496222,-0.006568588,0.01403575,0.8837373,0.9920166,-0.0581744,-0.1118872,0.02536247,0.9611474,-0.2748678,0.1235303,0.2698357,0.9549497,moving,2.759651,16.12727,-0.4258567,0.90991
05/15/2023 14:23:05.221333,1888,True,True,True,True,Eyes,1.252316,-0.2991588,-3.331618,0.05038682,0.2754319,0.9599992,0,0,0,0,0,0,0,-1.656054,-0.649013,3.10726,1.261719,-0.3045024,-3.336786,-0.1367223,0.06161432,-0.02106869,0.9884669,344.4729,7.608341,356.5191,0.3499256,-0.08344609,-0.9330529,0,0,0,1.367969,-0.05454721,-2.496482,-0.006787926,0.01371562,0.882974,0.9915196,-0.05849952,-0.1160463,0.02480331,0.9617262,-0.2728872,0.1275686,0.2676947,0.9550214,moving,3.004488,16.00863,-0.4404567,0.8899291
05/15/2023 14:23:05.241348,1889,True,True,True,True,Eyes,1.252384,-0.2992529,-3.33129,0.05453287,0.2733861,0.9603574,0,0,0,0,0,0,0,-1.670528,-0.6409291,3.100907,1.261876,-0.304627,-3.336458,-0.1356628,0.06384257,-0.02092043,0.9884747,344.6017,7.862744,356.5105,0.3499946,-0.08347714,-0.9330242,0,0,0,1.371197,-0.05673491,-2.496724,-0.007431582,0.01371986,0.882219,0.9909729,-0.05868075,-0.1205373,0.02403651,0.9623159,-0.2708697,0.1318898,0.2655273,0.9550395,moving,3.24999,15.89013,-0.4826332,0.8909653
05/15/2023 14:23:05.260954,1890,True,True,True,True,Eyes,1.252439,-0.2993499,-3.330965,0.05857682,0.2713631,0.9606929,0,0,0,0,0,0,0,-1.685449,-0.6331335,3.094115,1.262072,-0.3046579,-3.336091,-0.1346439,0.06614286,-0.02075872,0.9884662,344.726,8.125547,356.5025,0.3500614,-0.08350837,-0.9329965,0,0,0,1.374643,-0.05907141,-2.496983,-0.007994279,0.01342548,0.8813868,0.9903884,-0.05885005,-0.1251699,0.02322712,0.9628802,-0.268928,0.13635,0.2634358,0.9549922,moving,3.489205,15.77318,-0.519665,0.8726748
05/15/2023 14:23:05.271245,1891,True,True,True,True,Eyes,1.252503,-0.2994494,-3.330645,0.06260109,0.2693361,0.9610094,0,0,0,0,0,0,0,-1.698253,-0.6246907,3.088635,1.262133,-0.3048074,-3.335878,-0.1335811,0.06812116,-0.02046977,0.988482,344.853,8.348036,356.5155,0.3501257,-0.08353984,-0.9329695,0,0,0,1.378001,-0.06134752,-2.497235,-0.007943451,0.01333568,0.8807832,0.989881,-0.0586674,-0.1292043,0.0222686,0.9634742,-0.2668739,0.1401418,0.2612962,0.9550312,moving,3.727037,15.65626,-0.516715,0.867432
05/15/2023 14:23:05.291228,1892,True,True,True,True,Eyes,1.252547,-0.29955,-3.330319,0.06662617,0.267265,0.9613169,0,0,0,0,0,0,0,-1.710145,-0.6168277,3.083552,1.262336,-0.304941,-3.335698,-0.1325515,0.06994318,-0.02028086,0.9884973,344.9764,8.553785,356.5193,0.350188,-0.08357158,-0.9329433,0,0,0,1.38151,-0.06372609,-2.497499,-0.007631749,0.01307748,0.8801913,0.9893932,-0.05863729,-0.1329008,0.02155299,0.9640376,-0.2648906,0.1436538,0.2592165,0.9550761,moving,3.964669,15.53697,-0.4967739,0.8512121
05/15/2023 14:23:05.310867,1893,True,True,True,True,Eyes,1.252598,-0.2996487,-3.330001,0.07064226,0.2651882,0.9616054,0,0,0,0,0,0,0,-1.72272,-0.6075969,3.078097,1.26252,-0.3050542,-3.335357,-0.1313058,0.07188125,-0.02011814,0.9885278,345.1253,8.772243,356.5209,0.350248,-0.08360362,-0.9329179,0,0,0,1.384753,-0.06592412,-2.497742,-0.007765241,0.01337877,0.8794791,0.9888567,-0.05865153,-0.13683,0.02089784,0.9647081,-0.262491,0.1473965,0.2567066,0.9551837,moving,4.201563,15.41761,-0.5058722,0.8715249
05/15/2023 14:23:05.321406,1894,True,True,True,True,Eyes,1.252645,-0.2997488,-3.329684,0.07451879,0.2631425,0.9618747,0,0,0,0,0,0,0,-1.735348,-0.5994373,3.072535,1.262683,-0.3050817,-3.335234,-0.130229,0.07383253,-0.0199022,0.9885309,345.2542,8.992378,356.5273,0.3503061,-0.08363586,-0.9328932,0,0,0,1.388129,-0.0682123,-2.497995,-0.007770233,0.01314607,0.8789644,0.9883053,-0.05857814,-0.1407878,0.02011759,0.9652886,-0.2604097,0.1511551,0.2545319,0.9551783,moving,4.429996,15.30019,-0.5064937,0.8568701
05/15/2023 14:23:05.341137,1895,True,True,True,True,Eyes,1.252695,-0.2998495,-3.329368,0.07836735,0.2610961,0.9621264,0,0,0,0,0,0,0,-1.748169,-0.5921553,3.066453,1.262766,-0.3051978,-3.334989,-0.1292881,0.07584002,-0.01973091,0.9885058,345.3679,9.220554,356.5267,0.3503624,-0.08366831,-0.9328691,0,0,0,1.391439,-0.07045661,-2.498244,-0.007856965,0.0128271,0.8783944,0.9877179,-0.05861865,-0.1448347,0.01939781,0.9657906,-0.2585968,0.1550385,0.2526112,0.9550657,moving,4.65659,15.18293,-0.5124793,0.8366246
05/15/2023 14:23:05.361340,1896,True,True,True,True,Eyes,1.252731,-0.2999479,-3.329056,0.08218336,0.2590378,0.9623644,0,0,0,0,0,0,0,-1.758637,-0.5844538,3.061702,1.262821,-0.3052844,-3.33474,-0.1282813,0.07747578,-0.01951882,0.9885143,345.4875,9.403893,356.5376,0.3504171,-0.08370098,-0.9328457,0,0,0,1.394704,-0.07266962,-2.498489,-0.007303581,0.01263376,0.8778418,0.987233,-0.05846665,-0.148164,0.01871189,0.9663259,-0.2566401,0.1581796,0.2505912,0.9550829,moving,4.881065,15.06514,-0.4766858,0.8245346
05/15/2023 14:23:05.381227,1897,True,True,True,True,Eyes,1.252769,-0.3000493,-3.32875,0.08593668,0.2569906,0.9625854,0,0,0,0,0,0,0,-1.767242,-0.576759,3.058048,1.262873,-0.3053138,-3.334575,-0.127235,0.07881635,-0.01934093,0.988547,345.6108,9.552716,356.5497,0.35047,-0.08373376,-0.9328228,0,0,0,1.398419,-0.07518802,-2.498768,-0.005781695,0.0121673,0.8773384,0.9868279,-0.05829524,-0.1509057,0.01818245,0.9668744,-0.2546043,0.160749,0.2485067,0.9551985,moving,5.101666,14.94815,-0.377576,0.7945514
05/15/2023 14:23:05.391122,1898,True,True,True,True,Eyes,1.252802,-0.3001563,-3.328446,0.08961225,0.2549559,0.9627913,0,0,0,0,0,0,0,-1.774808,-0.5698859,3.054865,1.262928,-0.3054602,-3.33446,-0.1263661,0.07998863,-0.01907549,0.9885695,345.7122,9.681517,356.5728,0.3505213,-0.08376672,-0.9328007,0,0,0,1.401434,-0.0772314,-2.498994,-0.004688263,0.01191249,0.8769901,0.9864759,-0.0579306,-0.1533276,0.0174992,0.9673355,-0.252895,0.1629696,0.2467917,0.9552669,moving,5.317511,14.83201,-0.3062921,0.7782228
05/15/2023 14:23:05.411207,1899,True,True,True,True,Eyes,1.252838,-0.3002566,-3.328151,0.09321041,0.2529158,0.9629877,0,0,0,0,0,0,0,-1.781174,-0.562131,3.052373,1.262975,-0.3056797,-3.334218,-0.1253815,0.08096948,-0.01878191,0.9886206,345.826,9.786704,356.6036,0.3505709,-0.08380001,-0.932779,0,0,0,1.404773,-0.07949473,-2.499245,-0.002896637,0.01176329,0.8765271,0.9861823,-0.05744051,-0.1553864,0.01683221,0.9678534,-0.2509511,0.164806,0.244868,0.9554468,moving,5.528605,14.71563,-0.1893432,0.7688826
05/15/2023 14:23:05.423128,1900,True,True,True,True,Eyes,1.252876,-0.3003573,-3.32786,0.09679492,0.2508854,0.9631653,0,0,0,0,0,0,0,-1.787048,-0.5548217,3.050234,1.263059,-0.3055896,-3.334155,-0.1243217,0.08187345,-0.01867324,0.988682,345.9498,9.885072,356.6149,0.3506191,-0.08383338,-0.9327579,0,0,0,1.408175,-0.0818011,-2.4995,-0.0009994358,0.01138413,0.8761614,0.9858961,-0.05728108,-0.1572506,0.01656651,0.9683909,-0.2488869,0.1665366,0.2427715,0.9556817,moving,5.738768,14.59998,-0.06535716,0.744413
05/15/2023 14:23:05.447702,1901,True,True,True,True,Eyes,1.252922,-0.300458,-3.327574,0.1003358,0.2488861,0.9633216,0,0,0,0,0,0,0,-1.793785,-0.5494839,3.047114,1.2632,-0.3056826,-3.333974,-0.1236684,0.08291276,-0.01843278,0.988682,346.0261,9.999916,356.6352,0.350666,-0.08386682,-0.9327373,0,0,0,1.411402,-0.0839883,-2.499743,0.0004688054,0.01057413,0.875753,0.9855714,-0.05695568,-0.1593896,0.01594093,0.9687327,-0.247594,0.1685078,0.2414808,0.9556632,moving,5.94626,14.48629,0.0306714,0.6917747
05/15/2023 14:23:05.461033,1902,True,True,True,True,Eyes,1.252995,-0.3005591,-3.327294,0.1037747,0.2469239,0.9634622,0,0,0,0,0,0,0,-1.80206,-0.5446756,3.043011,1.26338,-0.305769,-3.333824,-0.1230752,0.08419959,-0.01825586,0.9886504,346.0968,10.14513,356.6441,0.3507119,-0.08390031,-0.932717,0,0,0,1.414969,-0.0864063,-2.50001,0.001800582,0.009423614,0.8753584,0.9851543,-0.0568231,-0.1619942,0.01537158,0.9690384,-0.2464309,0.1709816,0.2402824,0.9555259,moving,6.147642,14.37483,0.1178553,0.6167901
05/15/2023 14:23:05.470893,1903,True,True,True,True,Eyes,1.253074,-0.3006591,-3.327018,0.1071946,0.2449918,0.963581,0,0,0,0,0,0,0,-1.811425,-0.5387639,3.038352,1.263515,-0.3058435,-3.333632,-0.1222857,0.08567243,-0.01814559,0.9886239,346.1913,10.31193,356.645,0.3507574,-0.08393382,-0.9326969,0,0,0,1.41826,-0.08863702,-2.500257,0.002555802,0.008785039,0.8749594,0.9846619,-0.05683135,-0.1649577,0.0149253,0.9694339,-0.2448982,0.1738335,0.23868,0.9554129,moving,6.347832,14.26527,0.1673635,0.5752596
05/15/2023 14:23:05.491242,1904,True,True,True,True,Eyes,1.253196,-0.3007648,-3.326752,0.1103687,0.2430983,0.9637022,0,0,0,0,0,0,0,-1.821007,-0.5344647,3.033298,1.263664,-0.3059034,-3.333495,-0.121723,0.08718687,-0.01808004,0.9885622,346.2604,10.48559,356.6377,0.3508028,-0.08396731,-0.9326768,0,0,0,1.421479,-0.09081898,-2.500499,0.003133938,0.007765532,0.8746312,0.9841431,-0.05697177,-0.1679778,0.01452119,0.9697132,-0.2438141,0.1767808,0.2375088,0.9551639,moving,6.533377,14.15776,0.2052987,0.508695
05/15/2023 14:23:05.511225,1905,True,True,True,True,Eyes,1.253323,-0.3008684,-3.326489,0.1135577,0.2412026,0.9638081,0,0,0,0,0,0,0,-1.831635,-0.5277245,3.027967,1.263807,-0.3060936,-3.333326,-0.120829,0.0888647,-0.01796861,0.9885245,346.3676,10.67577,356.6375,0.350849,-0.08400087,-0.9326564,0,0,0,1.424865,-0.0931143,-2.500753,0.003611445,0.007337838,0.8743062,0.9835604,-0.05699968,-0.1713476,0.01404995,0.9701549,-0.2420784,0.1800321,0.2356913,0.9550068,moving,6.719715,14.05026,0.236667,0.4808582
05/15/2023 14:23:05.521522,1906,True,True,True,True,Eyes,1.2535,-0.3009742,-3.326235,0.1166272,0.2393445,0.9639047,0,0,0,0,0,0,0,-1.843078,-0.5209517,3.022125,1.263987,-0.3061249,-3.333195,-0.1198857,0.09067428,-0.01790543,0.9884762,346.4814,10.88173,356.6309,0.3508961,-0.08403444,-0.9326357,0,0,0,1.428252,-0.0954097,-2.501007,0.003813878,0.006828785,0.87399,0.9829151,-0.05713929,-0.1749655,0.01365708,0.9706136,-0.2402555,0.1835519,0.2337613,0.9548112,moving,6.898939,13.94493,0.2500231,0.4476626
05/15/2023 14:23:05.551125,1907,True,True,True,True,Eyes,1.253679,-0.3010837,-3.325984,0.1197619,0.2374972,0.9639772,0,0,0,0,0,0,0,-1.85651,-0.515522,3.01474,1.264291,-0.3062333,-3.332993,-0.1191625,0.09280013,-0.01787479,0.9883668,346.5713,11.12658,356.6138,0.350945,-0.08406801,-0.9326143,0,0,0,1.431762,-0.09778961,-2.501271,0.003475815,0.005930752,0.8736188,0.9821372,-0.0574503,-0.1791811,0.01321711,0.9709616,-0.2388702,0.1877011,0.232235,0.9543769,moving,7.081985,13.84045,0.2279581,0.3889589
05/15/2023 14:23:05.561270,1908,True,True,True,True,Eyes,1.253892,-0.3011881,-3.325741,0.1229983,0.2355874,0.9640384,0,0,0,0,0,0,0,-1.871381,-0.5100186,3.006427,1.264478,-0.306419,-3.332865,-0.1184184,0.09518467,-0.0179021,0.988229,346.6652,11.40241,356.5871,0.3509957,-0.08410167,-0.9325922,0,0,0,1.435062,-0.1000262,-2.501518,0.002552614,0.005253136,0.8733846,0.9812388,-0.05792598,-0.1838886,0.01283952,0.9713132,-0.237457,0.1923684,0.2306409,0.9538339,moving,7.270888,13.73254,0.1674561,0.3446121
05/15/2023 14:23:05.571089,1909,True,True,True,True,Eyes,1.25411,-0.3012805,-3.325505,0.1262975,0.2337369,0.9640622,0,0,0,0,0,0,0,-1.886041,-0.5040907,2.998199,1.264746,-0.3063547,-3.332719,-0.1175205,0.09753224,-0.01802487,0.9881051,346.7777,11.67412,356.5522,0.3510486,-0.08413523,-0.9325693,0,0,0,1.438359,-0.1022611,-2.501766,0.001607791,0.004621282,0.873072,0.9803251,-0.058545,-0.1885076,0.01269685,0.9717281,-0.2357612,0.1969808,0.2287292,0.9533528,moving,7.463563,13.62839,0.1055119,0.3032711
05/15/2023 14:23:05.591549,1910,True,True,True,True,Eyes,1.254343,-0.3013771,-3.325269,0.1297557,0.231857,0.964057,0,0,0,0,0,0,0,-1.901135,-0.5030463,2.988886,1.265055,-0.306161,-3.332673,-0.1173836,0.09996498,-0.01811305,0.9878766,346.803,11.96014,356.5107,0.3511038,-0.08416834,-0.9325455,0,0,0,1.441748,-0.1045582,-2.50202,0.0005731434,0.002437487,0.8728352,0.9793578,-0.05925543,-0.1932538,0.01231842,0.971786,-0.2355424,0.2017585,0.2282997,0.9524561,moving,7.665566,13.52289,0.03762301,0.1600043
05/15/2023 14:23:05.611104,1911,True,True,True,True,Eyes,1.254578,-0.3014756,-3.325032,0.1333123,0.2299831,0.9640206,0,0,0,0,0,0,0,-1.917786,-0.5013544,2.978381,1.26534,-0.306349,-3.332428,-0.117041,0.1026802,-0.01856317,0.9876304,346.8575,12.28283,356.4261,0.3511612,-0.08420116,-0.9325209,0,0,0,1.445053,-0.1067985,-2.502269,-0.001079395,0.001129493,0.8725138,0.9782243,-0.06070269,-0.1984749,0.01263151,0.9719136,-0.2349986,0.2071655,0.2273743,0.9515164,moving,7.873375,13.41805,-0.07088114,0.07417092
05/15/2023 14:23:05.621656,1912,True,True,True,True,Eyes,1.254834,-0.3015792,-3.324803,0.1369788,0.2280355,0.9639692,0,0,0,0,0,0,0,-1.935969,-0.4970059,2.967192,1.265564,-0.3064803,-3.332211,-0.1162869,0.1056568,-0.01899765,0.9873973,346.9602,12.63319,356.3459,0.3512207,-0.08423378,-0.9324955,0,0,0,1.448463,-0.1091101,-2.502525,-0.003020138,0.0003948808,0.8722256,0.9769514,-0.06208947,-0.2042321,0.01294344,0.9722329,-0.2336573,0.2130688,0.2256283,0.950628,moving,8.087515,13.30917,-0.1983895,0.02593939
05/15/2023 14:23:05.641868,1913,True,True,True,True,Eyes,1.255096,-0.3016882,-3.324572,0.1407202,0.2260848,0.9638898,0,0,0,0,0,0,0,-1.953637,-0.4896711,2.956777,1.265782,-0.3066618,-3.33208,-0.1153284,0.1085267,-0.01890273,0.9872001,347.0793,12.96259,356.3321,0.3512826,-0.0842663,-0.9324693,0,0,0,1.451859,-0.1114121,-2.502779,-0.004696921,-3.498793E-05,0.8720461,0.9757293,-0.06235399,-0.2099152,0.01228911,0.9726841,-0.2318074,0.2186353,0.2236016,0.9498426,moving,8.306048,13.20037,-0.3085974,-0.002298801
05/15/2023 14:23:05.661125,1914,True,True,True,True,Eyes,1.255371,-0.3018012,-3.324347,0.1444992,0.2240214,0.9638125,0,0,0,0,0,0,0,-1.971239,-0.4814881,2.94634,1.266129,-0.3068756,-3.331858,-0.1143417,0.1113689,-0.01861329,0.9870039,347.199,13.28597,356.3422,0.3513467,-0.08429889,-0.9324422,0,0,0,1.455171,-0.1136568,-2.503028,-0.00648348,-0.0003487468,0.8717728,0.9745011,-0.062211,-0.2155865,0.01127455,0.9731591,-0.2298573,0.2240996,0.2215655,0.9490458,moving,8.526539,13.08507,-0.4261079,-0.02292078
05/15/2023 14:23:05.681039,1915,True,True,True,True,Eyes,1.255646,-0.3019182,-3.324128,0.1483745,0.2219252,0.9637086,0,0,0,0,0,0,0,-1.989972,-0.4725059,2.93523,1.26647,-0.3070381,-3.331757,-0.1130599,0.1144151,-0.01864332,0.9868025,347.3574,13.63535,356.3177,0.3514132,-0.08433165,-0.9324141,0,0,0,1.458542,-0.1159424,-2.503281,-0.008651137,-0.0002214313,0.8716119,0.9731233,-0.06266609,-0.2215946,0.01092302,0.9737397,-0.2274017,0.2300259,0.2188694,0.9482532,moving,8.752645,12.96813,-0.5686675,-0.01455588
05/15/2023 14:23:05.691071,1916,True,True,True,True,Eyes,1.255964,-0.3020365,-3.32392,0.1520793,0.2197768,0.9636233,0,0,0,0,0,0,0,-2.009272,-0.4621068,2.923768,1.266665,-0.307218,-3.331713,-0.111654,0.1175792,-0.01848663,0.9865936,347.5277,13.99524,356.3162,0.3514817,-0.08436464,-0.9323853,0,0,0,1.461874,-0.1182004,-2.503531,-0.0109044,0.0001101196,0.8715508,0.9716668,-0.06273396,-0.2278775,0.0102212,0.9743832,-0.2246616,0.2361339,0.215967,0.947417,moving,8.968464,12.84788,-0.7168183,0.007239265
05/15/2023 14:23:05.711414,1917,True,True,True,True,Eyes,1.256284,-0.3021519,-3.32372,0.1558674,0.2176341,0.9635044,0,0,0,0,0,0,0,-2.028134,-0.4521919,2.912246,1.266948,-0.3072872,-3.331576,-0.1103785,0.1206707,-0.01819172,0.9863693,347.6808,14.34575,356.3306,0.351553,-0.08439782,-0.9323554,0,0,0,1.465413,-0.1205996,-2.503797,-0.01284918,-3.08156E-05,0.8713745,0.9702153,-0.06252638,-0.2340357,0.009248609,0.9749713,-0.2221383,0.2420676,0.2133575,0.9465103,moving,9.189204,12.72824,-0.8448154,-0.002026228
05/15/2023 14:23:05.730858,1918,True,True,True,True,Eyes,1.256624,-0.3022702,-3.323529,0.1596987,0.2154003,0.9633789,0,0,0,0,0,0,0,-2.046245,-0.4441456,2.900949,1.267274,-0.3073092,-3.331586,-0.1093975,0.1236417,-0.01786559,0.9861166,347.7991,14.68381,356.3463,0.3516268,-0.08443106,-0.9323246,0,0,0,1.468579,-0.1227456,-2.504035,-0.01503772,-0.0005310178,0.8713225,0.9687871,-0.06228731,-0.2399414,0.008182911,0.975426,-0.2201753,0.2477592,0.2113396,0.9454898,moving,9.412293,12.60338,-0.9887409,-0.03491827
05/15/2023 14:23:05.741068,1919,True,True,True,True,Eyes,1.256965,-0.3023832,-3.32334,0.1636257,0.2131903,0.9632117,0,0,0,0,0,0,0,-2.064476,-0.436504,2.889251,1.267538,-0.3074427,-3.331546,-0.1085176,0.1266577,-0.01751021,0.9858373,347.9054,15.02754,356.3638,0.3517032,-0.08446441,-0.9322928,0,0,0,1.471802,-0.1249305,-2.504277,-0.01718119,-0.001134589,0.8712714,0.9673024,-0.06201361,-0.2459274,0.007035258,0.9758346,-0.2183971,0.2535281,0.2095258,0.9443635,moving,9.64109,12.48023,-1.129708,-0.07461182
05/15/2023 14:23:05.760908,1920,True,True,True,True,Eyes,1.25733,-0.3024947,-3.323166,0.1675465,0.2109615,0.9630283,0,0,0,0,0,0,0,-2.083744,-0.4288903,2.876506,1.267834,-0.3074083,-3.331414,-0.1077058,0.12986,-0.01700889,0.9855185,348.0022,15.39195,356.3953,0.351782,-0.08449771,-0.93226,0,0,0,1.475381,-0.1273566,-2.504545,-0.01926054,-0.002268016,0.8711085,0.9656942,-0.0614985,-0.2522949,0.005551794,0.9762203,-0.2167097,0.2596227,0.2078746,0.9430717,moving,9.869464,12.35607,-1.266625,-0.1491748
05/15/2023 14:23:05.772546,1921,True,True,True,True,Eyes,1.257697,-0.3026056,-3.322992,0.1715375,0.2087759,0.9628019,0,0,0,0,0,0,0,-2.101034,-0.4233594,2.864905,1.268134,-0.3074328,-3.331453,-0.1072215,0.1327366,-0.01649994,0.9851966,348.0599,15.72042,356.4268,0.3518633,-0.08453087,-0.9322262,0,0,0,1.478544,-0.1295004,-2.504783,-0.02125348,-0.003674656,0.8711207,0.9642175,-0.0609758,-0.258005,0.00404692,0.9764626,-0.2156488,0.2650816,0.2068883,0.9417691,moving,10.1021,12.23472,-1.397617,-0.2416898
05/15/2023 14:23:05.791084,1922,True,True,True,True,Eyes,1.258061,-0.3027151,-3.322822,0.175557,0.2065289,0.962562,0,0,0,0,0,0,0,-2.118353,-0.4187085,2.852773,1.268464,-0.3075167,-3.331288,-0.1067021,0.1356453,-0.01635084,0.9848593,348.1273,16.05675,356.4172,0.3519471,-0.08456387,-0.9321916,0,0,0,1.482068,-0.1318891,-2.505047,-0.02298607,-0.005087972,0.8709717,0.962666,-0.06115382,-0.2636936,0.003259297,0.9766946,-0.2146089,0.2706723,0.2057372,0.94043,moving,10.33629,12.10987,-1.511759,-0.334702
05/15/2023 14:23:05.811200,1923,True,True,True,True,Eyes,1.258424,-0.3028261,-3.322658,0.1796296,0.2043166,0.9622827,0,0,0,0,0,0,0,-2.134384,-0.4154077,2.841381,1.268783,-0.3075719,-3.331245,-0.1062799,0.1383488,-0.01638696,0.9845282,348.1859,16.37188,356.3875,0.3520329,-0.0845967,-0.9321562,0,0,0,1.485211,-0.1340195,-2.505283,-0.02480601,-0.006437689,0.8709292,0.9611822,-0.06167424,-0.2689333,0.00285945,0.9768721,-0.2138054,0.2758997,0.2047369,0.9391285,moving,10.57372,11.9873,-1.631471,-0.4235082
05/15/2023 14:23:05.826456,1924,True,True,True,True,Eyes,1.258739,-0.3029435,-3.322482,0.1838062,0.2019756,0.9619882,0,0,0,0,0,0,0,-2.150469,-0.4110899,2.829953,1.269017,-0.3077053,-3.331225,-0.1056748,0.1410822,-0.01648194,0.9842038,348.2664,16.68991,356.3541,0.3521204,-0.08462939,-0.9321201,0,0,0,1.488779,-0.1364386,-2.505551,-0.02618787,-0.007663757,0.8709889,0.9596483,-0.06226083,-0.2742238,0.002625507,0.9771224,-0.2126617,0.2811907,0.2033604,0.9378573,moving,10.81707,11.85739,-1.722183,-0.5041276
05/15/2023 14:23:05.841148,1925,True,True,True,True,Eyes,1.259051,-0.3030576,-3.322313,0.1879778,0.1996415,0.9616691,0,0,0,0,0,0,0,-2.165578,-0.4053988,2.819138,1.269201,-0.3079829,-3.331049,-0.1049243,0.143664,-0.0164784,0.9839107,348.3614,16.98792,356.337,0.3522085,-0.08466221,-0.9320839,0,0,0,1.492112,-0.1386975,-2.505801,-0.0274526,-0.008324146,0.8709529,0.9581782,-0.06257425,-0.2792471,0.002278854,0.9774387,-0.211207,0.2861631,0.2017376,0.9367031,moving,11.06017,11.72795,-1.805376,-0.5475887
05/15/2023 14:23:05.861225,1926,True,True,True,True,Eyes,1.25933,-0.3031733,-3.322135,0.1920838,0.1972292,0.9613556,0,0,0,0,0,0,0,-2.177916,-0.3982465,2.810708,1.269407,-0.3079936,-3.331028,-0.1038929,0.1457562,-0.01643448,0.9837131,348.4858,17.22585,356.336,0.3522969,-0.08469503,-0.9320475,0,0,0,1.495421,-0.1409407,-2.506049,-0.02792886,-0.008760035,0.8710462,0.95697,-0.06261966,-0.2833497,0.002047565,0.9778724,-0.2091924,0.2901793,0.1996107,0.9359229,moving,11.2992,11.59378,-1.836478,-0.5761992
05/15/2023 14:23:05.871265,1927,True,True,True,True,Eyes,1.259615,-0.3032919,-3.321957,0.196202,0.1948265,0.9610137,0,0,0,0,0,0,0,-2.189479,-0.3930665,2.802468,1.269744,-0.3081461,-3.330907,-0.1031734,0.1477087,-0.01643143,0.9834976,348.5749,17.4501,356.3266,0.3523848,-0.08472795,-0.9320112,0,0,0,1.498819,-0.1432443,-2.506305,-0.02818571,-0.009624824,0.8710631,0.9558243,-0.06279974,-0.2871517,0.001841338,0.9781705,-0.2077956,0.2939329,0.1980874,0.9350747,moving,11.53901,11.46026,-1.85332,-0.6330648
05/15/2023 14:23:05.890915,1928,True,True,True,True,Eyes,1.259901,-0.3034048,-3.321781,0.200056,0.192365,0.960715,0,0,0,0,0,0,0,-2.202778,-0.3870626,2.792819,1.2701,-0.3083152,-3.330716,-0.1021879,0.1499744,-0.0166955,0.9832531,348.7,17.71217,356.2882,0.3524725,-0.08476103,-0.931975,0,0,0,1.50207,-0.1454473,-2.506549,-0.02919032,-0.009864822,0.8709989,0.9544579,-0.06348292,-0.2915134,0.002180676,0.9785578,-0.2059609,0.2983377,0.1959452,0.9341307,moving,11.76298,11.32266,-1.91947,-0.6488969
05/15/2023 14:23:05.910988,1929,True,True,True,True,Eyes,1.260189,-0.3035239,-3.321607,0.2039249,0.1899156,0.9603888,0,0,0,0,0,0,0,-2.216222,-0.3814683,2.782887,1.270314,-0.3082549,-3.3306,-0.1011196,0.1522996,-0.01715272,0.9829983,348.8384,17.98264,356.2291,0.3525599,-0.0847941,-0.9319389,0,0,0,1.505479,-0.1477581,-2.506804,-0.03004235,-0.01026811,0.8710297,0.9530212,-0.06452312,-0.2959515,0.002921256,0.9789612,-0.2040254,0.3028893,0.193576,0.9331593,moving,11.9879,11.18585,-1.975384,-0.6753982
05/15/2023 14:23:05.930864,1930,True,True,True,True,Eyes,1.260484,-0.3036456,-3.321431,0.2076226,0.1874344,0.960084,0,0,0,0,0,0,0,-2.229,-0.373914,2.773709,1.270588,-0.3084943,-3.330488,-0.1000856,0.1544854,-0.01706047,0.9827646,348.9626,18.23092,356.2346,0.3526472,-0.08482733,-0.9319029,0,0,0,1.508905,-0.1500805,-2.507062,-0.03062543,-0.01055609,0.8711324,0.9516864,-0.06445636,-0.3002305,0.002609323,0.9793836,-0.2019923,0.3070605,0.1914499,0.9322343,moving,12.20257,11.04674,-2.013455,-0.6942569
05/15/2023 14:23:05.941299,1931,True,True,True,True,Eyes,1.260781,-0.3037685,-3.321259,0.211342,0.1849532,0.9597536,0,0,0,0,0,0,0,-2.242036,-0.3658792,2.764119,1.270894,-0.3086279,-3.330244,-0.09897461,0.1567253,-0.0169467,0.9825244,349.0952,18.48476,356.244,0.3527345,-0.08486077,-0.9318668,0,0,0,1.512112,-0.1522548,-2.507303,-0.03151208,-0.01065625,0.8710709,0.9503,-0.06432472,-0.3046181,0.002277446,0.9798337,-0.1998019,0.3113273,0.189178,0.9312824,moving,12.41859,10.9077,-2.071843,-0.7008933
05/15/2023 14:23:05.960923,1932,True,True,True,True,Eyes,1.261061,-0.3038972,-3.32108,0.2150413,0.1822762,0.9594439,0,0,0,0,0,0,0,-2.254815,-0.3572207,2.75489,1.271171,-0.3087514,-3.330166,-0.09776849,0.1589209,-0.01680497,0.9822949,349.2378,18.73243,356.2595,0.3528219,-0.08489442,-0.9318306,0,0,0,1.515586,-0.1546094,-2.507563,-0.03207368,-0.01081301,0.8712227,0.9489235,-0.06408978,-0.3089283,0.001939962,0.9803178,-0.1974163,0.3155002,0.1867336,0.9303709,moving,12.63299,10.75692,-2.108366,-0.711079
05/15/2023 14:23:05.980834,1933,True,True,True,True,Eyes,1.261344,-0.3040272,-3.320893,0.2187783,0.1795861,0.9591063,0,0,0,0,0,0,0,-2.267856,-0.3468566,2.745418,1.271472,-0.308978,-3.329969,-0.09637368,0.1611662,-0.01654801,0.9820712,349.3996,18.98341,356.2921,0.352909,-0.08492845,-0.9317946,0,0,0,1.518979,-0.1569095,-2.507818,-0.03278469,-0.01049522,0.8712816,0.9475032,-0.063567,-0.3133638,0.00143828,0.9808766,-0.1946256,0.3197429,0.1839577,0.9294751,moving,12.84968,10.60544,-2.154916,-0.6901356
05/15/2023 14:23:05.991177,1934,True,True,True,True,Eyes,1.261596,-0.3041646,-3.320697,0.2225338,0.1767176,0.958775,0,0,0,0,0,0,0,-2.28161,-0.3371541,2.734922,1.271772,-0.3091053,-3.329604,-0.09492481,0.1635642,-0.01655706,0.9818156,349.5731,19.25473,356.2943,0.3529959,-0.08496286,-0.9317585,0,0,0,1.522212,-0.1591009,-2.508061,-0.03391296,-0.009998873,0.8711517,0.9459453,-0.06356455,-0.3180363,0.001459361,0.9814303,-0.1918136,0.324323,0.180981,0.9284722,moving,13.06711,10.44332,-2.229335,-0.6575986
05/15/2023 14:23:06.011020,1935,True,True,True,True,Eyes,1.261844,-0.3042987,-3.3205,0.2262996,0.1738223,0.9584228,0,0,0,0,0,0,0,-2.294461,-0.325535,2.725495,1.271973,-0.3093858,-3.329447,-0.09322196,0.1658058,-0.01648349,0.9816042,349.773,19.50501,356.3136,0.353082,-0.08499788,-0.9317227,0,0,0,1.525749,-0.1614981,-2.508326,-0.03443323,-0.009160772,0.8713451,0.9444735,-0.063274,-0.3224381,0.00144703,0.9820759,-0.1884802,0.3285846,0.177548,0.9276362,moving,13.28517,10.27959,-2.262999,-0.6023494
05/15/2023 14:23:06.021534,1936,True,True,True,True,Eyes,1.262059,-0.3044356,-3.320296,0.2298212,0.1709155,0.9581076,0,0,0,0,0,0,0,-2.306197,-0.3148377,2.716599,1.27205,-0.3094032,-3.329224,-0.09151129,0.1678864,-0.0165933,0.9814095,349.9767,19.73816,356.3146,0.3531672,-0.08503336,-0.9316871,0,0,0,1.528968,-0.1636807,-2.508568,-0.03486899,-0.008303687,0.8714551,0.9430777,-0.06329664,-0.3264937,0.001842627,0.9827007,-0.1851916,0.3325676,0.1740485,0.9268797,moving,13.48869,10.11452,-2.291318,-0.5459281
05/15/2023 14:23:06.040936,1937,True,True,True,True,Eyes,1.262275,-0.3045692,-3.320095,0.2333124,0.1680181,0.9577762,0,0,0,0,0,0,0,-2.315859,-0.3050264,2.709367,1.272146,-0.3095815,-3.329072,-0.09005438,0.1695919,-0.01652655,0.9812522,350.1467,19.92738,356.3351,0.353251,-0.08506939,-0.9316521,0,0,0,1.532336,-0.1659636,-2.508821,-0.03452188,-0.007861316,0.8717129,0.941931,-0.06297839,-0.3298482,0.001888444,0.9832342,-0.1823376,0.3358014,0.1711266,0.9262576,moving,13.6905,9.949883,-2.267862,-0.5166931
05/15/2023 14:23:06.061039,1938,True,True,True,True,Eyes,1.262482,-0.3047067,-3.319886,0.2366889,0.1651251,0.9574507,0,0,0,0,0,0,0,-2.32419,-0.2962289,2.703177,1.272365,-0.3096005,-3.328965,-0.08874508,0.1710417,-0.01642385,0.9811215,350.2982,20.08736,356.3596,0.3533335,-0.0851058,-0.9316175,0,0,0,1.535573,-0.1681574,-2.509063,-0.03397754,-0.007752806,0.871957,0.94095,-0.06258582,-0.3327104,0.001869367,0.9837092,-0.1797577,0.3385405,0.1685211,0.925738,moving,13.88555,9.785162,-2.231515,-0.5094188
05/15/2023 14:23:06.070944,1939,True,True,True,True,Eyes,1.262686,-0.3048449,-3.319677,0.2400775,0.1622498,0.9570986,0,0,0,0,0,0,0,-2.334439,-0.2877145,2.695086,1.272658,-0.3097995,-3.3287,-0.0876006,0.172841,-0.01619639,0.9809127,350.4297,20.28851,356.3918,0.3534146,-0.08514269,-0.9315834,0,0,0,1.539166,-0.1705931,-2.509333,-0.03370269,-0.008006796,0.8721045,0.9397273,-0.06205644,-0.3362463,0.001492524,0.9841276,-0.1774559,0.3419216,0.1662583,0.9249042,moving,14.08147,9.621456,-2.213108,-0.5260181
05/15/2023 14:23:06.091028,1940,True,True,True,True,Eyes,1.262893,-0.3049874,-3.31947,0.2431652,0.1594345,0.9567922,0,0,0,0,0,0,0,-2.345136,-0.2796251,2.686455,1.272758,-0.309926,-3.328503,-0.0864153,0.1747593,-0.01613534,0.980679,350.5695,20.50495,356.4053,0.3534944,-0.08518002,-0.9315497,0,0,0,1.542404,-0.1727878,-2.509576,-0.03386304,-0.008011565,0.8723218,0.9383977,-0.06185092,-0.3399768,0.001443423,0.9845441,-0.1751309,0.3455542,0.1638518,0.9239832,moving,14.25961,9.460525,-2.223073,-0.5262002
05/15/2023 14:23:06.110854,1941,True,True,True,True,Eyes,1.263094,-0.3051265,-3.319261,0.2462234,0.15663,0.9564732,0,0,0,0,0,0,0,-2.354326,-0.271076,2.679056,1.272825,-0.3101155,-3.328276,-0.08517814,0.1764141,-0.01603482,0.9804925,350.7133,20.68977,356.4274,0.3535731,-0.08521788,-0.9315164,0,0,0,1.545735,-0.175046,-2.509826,-0.0334267,-0.00791876,0.8725838,0.9372419,-0.06149728,-0.3432138,0.001390797,0.9849752,-0.1726906,0.348677,0.1613755,0.9232455,moving,14.43612,9.300089,-2.193798,-0.5199491
05/15/2023 14:23:06.121236,1942,True,True,True,True,Eyes,1.263315,-0.3052674,-3.319063,0.249002,0.1538866,0.9561993,0,0,0,0,0,0,0,-2.361166,-0.2626918,2.673577,1.272833,-0.3101438,-3.328037,-0.08392495,0.1776558,-0.01593571,0.980378,350.8573,20.82601,356.4539,0.3536507,-0.08525612,-0.9314834,0,0,0,1.549138,-0.1773528,-2.510082,-0.0321241,-0.007983923,0.8728877,0.9363689,-0.06106555,-0.3456649,0.001426522,0.9854053,-0.1702185,0.3510146,0.1588942,0.92279,moving,14.59611,9.142541,-2.107654,-0.5240449
05/15/2023 14:23:06.140936,1943,True,True,True,True,Eyes,1.263536,-0.3054034,-3.318865,0.2517592,0.1511775,0.9559094,0,0,0,0,0,0,0,-2.366717,-0.2541103,2.669458,1.273036,-0.310261,-3.327919,-0.08264546,0.1786216,-0.0158265,0.9803131,351.003,20.92964,356.4851,0.3537276,-0.08529472,-0.9314507,0,0,0,1.552475,-0.1796147,-2.510332,-0.03063196,-0.00788489,0.8732709,0.9356877,-0.06055438,-0.3475941,0.001505325,0.9858385,-0.1676908,0.3528261,0.1563829,0.9225281,moving,14.755,8.986923,-2.008956,-0.5173179
05/15/2023 14:23:06.161283,1944,True,True,True,True,Eyes,1.263788,-0.3055428,-3.318679,0.2544542,0.1485315,0.9556105,0,0,0,0,0,0,0,-2.373371,-0.2486075,2.663966,1.273246,-0.3102614,-3.327761,-0.08174891,0.179803,-0.01589693,0.9801711,351.1099,21.06286,356.4857,0.353804,-0.0853335,-0.9314182,0,0,0,1.555768,-0.1818468,-2.51058,-0.02957758,-0.008497193,0.8735826,0.9348364,-0.06056081,-0.3498762,0.00176603,0.9861288,-0.1659725,0.3550744,0.1545392,0.921976,moving,14.91041,8.834846,-1.939168,-0.557289
05/15/2023 14:23:06.171037,1945,True,True,True,True,Eyes,1.264037,-0.3056758,-3.318493,0.2571529,0.1459264,0.9552894,0,0,0,0,0,0,0,-2.380474,-0.2428946,2.658101,1.273541,-0.310426,-3.327594,-0.08085229,0.1810536,-0.01595644,0.9800142,351.2169,21.20414,356.4872,0.3538806,-0.08537249,-0.9313855,0,0,0,1.559224,-0.1841892,-2.510839,-0.02857131,-0.009059757,0.8739224,0.93393,-0.06055227,-0.35229,0.001997878,0.9864166,-0.1642507,0.3574505,0.1526948,0.921365,moving,15.06623,8.685151,-1.872514,-0.5939512
05/15/2023 14:23:06.191152,1946,True,True,True,True,Eyes,1.264295,-0.3058081,-3.318315,0.2599359,0.1433637,0.9549242,0,0,0,0,0,0,0,-2.388494,-0.2387453,2.651134,1.273674,-0.3103923,-3.327435,-0.08010913,0.1825098,-0.01614027,0.9798021,351.3099,21.37167,356.4697,0.3539572,-0.08541148,-0.9313528,0,0,0,1.562554,-0.186447,-2.511089,-0.02791241,-0.009981804,0.8742748,0.9328594,-0.06086993,-0.3550609,0.002387139,0.986644,-0.1628737,0.3602328,0.1510907,0.9205455,moving,15.2273,8.538106,-1.828624,-0.6541311
05/15/2023 14:23:06.210987,1947,True,True,True,True,Eyes,1.264555,-0.305944,-3.318137,0.2627082,0.1408471,0.95454,0,0,0,0,0,0,0,-2.395851,-0.237454,2.644569,1.273861,-0.3104856,-3.327328,-0.07972884,0.1838396,-0.01651828,0.9795783,351.3657,21.52846,356.4234,0.354034,-0.08545044,-0.93132,0,0,0,1.565869,-0.1886936,-2.511338,-0.02714741,-0.01134751,0.8746861,0.9318603,-0.06167652,-0.3575365,0.003047263,0.9867409,-0.1622747,0.3628044,0.1501278,0.9196927,moving,15.38795,8.393709,-1.777704,-0.74327
05/15/2023 14:23:06.231168,1948,True,True,True,True,Eyes,1.264825,-0.3060759,-3.317964,0.2654059,0.1383917,0.9541528,0,0,0,0,0,0,0,-2.403257,-0.2340639,2.63811,1.274135,-0.3106972,-3.327177,-0.07910154,0.1851629,-0.016768,0.9793756,351.4466,21.6817,356.3974,0.354111,-0.08548947,-0.9312871,0,0,0,1.569194,-0.1909475,-2.511587,-0.02642116,-0.01220044,0.8750647,0.9308671,-0.06213767,-0.3600354,0.003550983,0.9869236,-0.1611498,0.3653409,0.1487306,0.9189153,moving,15.54437,8.252715,-1.729428,-0.7987852
05/15/2023 14:23:06.241368,1949,True,True,True,True,Eyes,1.265095,-0.3061967,-3.317794,0.2681283,0.1360109,0.9537338,0,0,0,0,0,0,0,-2.411832,-0.230891,2.630547,1.274471,-0.3107086,-3.327041,-0.07842183,0.1866967,-0.01711553,0.9791331,351.5365,21.86007,356.3598,0.3541885,-0.08552843,-0.9312541,0,0,0,1.572465,-0.1931646,-2.511833,-0.02618882,-0.01311083,0.8753992,0.9297028,-0.06279895,-0.3629173,0.004234574,0.9871142,-0.1599616,0.3682862,0.14718,0.9179888,moving,15.70255,8.11616,-1.713574,-0.8580533
05/15/2023 14:23:06.261255,1950,True,True,True,True,Eyes,1.265386,-0.306306,-3.317637,0.2707475,0.1337639,0.9533116,0,0,0,0,0,0,0,-2.421288,-0.2305038,2.621875,1.274679,-0.3105643,-3.326972,-0.07822212,0.1884271,-0.01738999,0.9788126,351.5714,22.06433,356.3182,0.3542663,-0.085567,-0.9312209,0,0,0,1.575928,-0.1955126,-2.512093,-0.02599928,-0.01517306,0.8758478,0.9283856,-0.06352143,-0.366149,0.004564766,0.9871578,-0.1596831,0.3715902,0.1465761,0.9167531,moving,15.85494,7.987309,-1.700309,-0.9924842
05/15/2023 14:23:06.270981,1951,True,True,True,True,Eyes,1.265674,-0.3064026,-3.317491,0.2734186,0.1316799,0.9528393,0,0,0,0,0,0,0,-2.431301,-0.2331313,2.612433,1.274984,-0.3103854,-3.326929,-0.07866207,0.1902595,-0.01742617,0.9784222,351.5296,22.28326,356.2881,0.3543448,-0.08560486,-0.9311876,0,0,0,1.57915,-0.1976964,-2.512335,-0.0263015,-0.01829783,0.8762152,0.9269953,-0.0640327,-0.3695666,0.004167893,0.9870172,-0.1605604,0.3750498,0.1472984,0.9152272,moving,16.01091,7.868291,-1.719341,-1.196323
05/15/2023 14:23:06.291147,1952,True,True,True,True,Eyes,1.266015,-0.3064934,-3.317361,0.2760383,0.1297982,0.952342,0,0,0,0,0,0,0,-2.442257,-0.2375904,2.601986,1.275146,-0.3102003,-3.327037,-0.07961499,0.1922971,-0.01712858,0.9779519,351.4234,22.52748,356.282,0.3544238,-0.08564171,-0.9311541,0,0,0,1.582538,-0.199993,-2.512589,-0.02669331,-0.02255895,0.8767781,0.9254568,-0.06412131,-0.3733873,0.002882383,0.9867362,-0.1623068,0.3788421,0.1491317,0.9133666,moving,16.16434,7.761229,-1.743819,-1.473859
05/15/2023 14:23:06.310995,1953,True,True,True,True,Eyes,1.266358,-0.3065808,-3.317234,0.2787479,0.1280821,0.951785,0,0,0,0,0,0,0,-2.455161,-0.2459173,2.588985,1.275522,-0.3101439,-3.326858,-0.08131227,0.1947036,-0.01673468,0.9773427,351.2326,22.82001,356.2654,0.3545044,-0.08567741,-0.9311201,0,0,0,1.585875,-0.2022546,-2.51284,-0.02788493,-0.02795742,0.876941,0.9236209,-0.06437462,-0.3778629,0.001047447,0.9862165,-0.1654565,0.3833058,0.1524233,0.9109576,moving,16.32365,7.664271,-1.821275,-1.826006
05/15/2023 14:23:06.321988,1954,True,True,True,True,Eyes,1.266733,-0.3066715,-3.317114,0.2816762,0.1263499,0.9511541,0,0,0,0,0,0,0,-2.468671,-0.2513162,2.575685,1.275854,-0.310176,-3.326806,-0.08249002,0.1972233,-0.01643399,0.9767437,351.1029,23.12322,356.2485,0.3545864,-0.08571196,-0.9310856,0,0,0,1.58932,-0.2045898,-2.513098,-0.02920863,-0.03244201,0.8772818,0.9216657,-0.06464149,-0.382562,-0.0004343212,0.9858506,-0.1676256,0.3879845,0.1546609,0.9085967,moving,16.49621,7.566785,-1.906928,-2.117841
05/15/2023 14:23:06.341177,1955,True,True,True,True,Eyes,1.267106,-0.3067638,-3.316999,0.2846999,0.1247166,0.9504692,0,0,0,0,0,0,0,-2.483201,-0.2552779,2.561228,1.276244,-0.3103374,-3.326595,-0.08348902,0.1999444,-0.01610205,0.976111,350.9933,23.44889,356.237,0.3546705,-0.08574552,-0.9310505,0,0,0,1.592539,-0.2067718,-2.51334,-0.03112835,-0.03633746,0.8774182,0.9195259,-0.06482109,-0.3876472,-0.00195155,0.9855407,-0.1694281,0.3930245,0.15655,0.9061036,moving,16.67486,7.475406,-2.031842,-2.371496
05/15/2023 14:23:06.361374,1956,True,True,True,True,Eyes,1.267469,-0.3068569,-3.31688,0.2880724,0.1228598,0.9496945,0,0,0,0,0,0,0,-2.497859,-0.2563704,2.546963,1.276509,-0.3104782,-3.326587,-0.08391522,0.2027015,-0.01591933,0.9755086,350.9518,23.77604,356.2216,0.3547563,-0.08577824,-0.9310148,0,0,0,1.596054,-0.2091545,-2.513604,-0.03281122,-0.03944915,0.8778863,0.9173175,-0.06507837,-0.3928023,-0.002960583,0.9854096,-0.1701738,0.3981458,0.1572663,0.9037406,moving,16.87421,7.371284,-2.140448,-2.572942
05/15/2023 14:23:06.371640,1957,True,True,True,True,Eyes,1.267836,-0.3069507,-3.316766,0.2915495,0.1210276,0.9488684,0,0,0,0,0,0,0,-2.51345,-0.2546716,2.531847,1.276926,-0.3105902,-3.32649,-0.08373059,0.2056229,-0.01597689,0.9749119,350.9852,24.12016,356.1924,0.3548434,-0.08581024,-0.9309787,0,0,0,1.599486,-0.2114812,-2.513861,-0.0350123,-0.04139877,0.8782326,0.9149279,-0.06558598,-0.398253,-0.003281742,0.9854679,-0.1698303,0.403604,0.1566895,0.9014168,moving,17.08011,7.268794,-2.282989,-2.698853
05/15/2023 14:23:06.391232,1958,True,True,True,True,Eyes,1.268219,-0.307047,-3.316666,0.2950401,0.1190071,0.9480446,0,0,0,0,0,0,0,-2.530027,-0.2511586,2.515867,1.277309,-0.3106921,-3.326509,-0.08320762,0.2087429,-0.01609424,0.9742915,351.059,24.48579,356.1634,0.3549318,-0.0858416,-0.9309421,0,0,0,1.602831,-0.2137484,-2.514112,-0.03769192,-0.04272619,0.8786945,0.9123347,-0.06609895,-0.4040745,-0.003377051,0.9856349,-0.1688561,0.4094312,0.1554179,0.8990057,moving,17.28662,7.154859,-2.456218,-2.783793
05/15/2023 14:23:06.411157,1959,True,True,True,True,Eyes,1.268607,-0.3071405,-3.316567,0.2986599,0.1169979,0.9471609,0,0,0,0,0,0,0,-2.547206,-0.2459809,2.499314,1.277658,-0.3107963,-3.32661,-0.0823857,0.2119924,-0.0162456,0.9736571,351.1677,24.86481,356.1374,0.3550216,-0.08587239,-0.930905,0,0,0,1.606019,-0.2159098,-2.514352,-0.04078016,-0.04343962,0.879226,0.9095906,-0.06656556,-0.410139,-0.00329501,0.9858974,-0.1673187,0.4154926,0.1535429,0.8965437,moving,17.50117,7.041782,-2.655583,-2.828493
05/15/2023 14:23:06.421586,1960,True,True,True,True,Eyes,1.268972,-0.3072358,-3.316463,0.3023893,0.1147392,0.9462535,0,0,0,0,0,0,0,-2.565597,-0.2410475,2.481041,1.278099,-0.3108044,-3.326533,-0.08162194,0.2154995,-0.01636405,0.9729491,351.2702,25.27464,356.1119,0.3551128,-0.08590259,-0.9308675,0,0,0,1.609528,-0.2182882,-2.514615,-0.04403248,-0.04455334,0.8795974,0.9065844,-0.06702174,-0.4166687,-0.003336194,0.9861401,-0.1658809,0.4220114,0.1517751,0.8937957,moving,17.72205,6.913722,-2.865824,-2.899666
05/15/2023 14:23:06.441315,1961,True,True,True,True,Eyes,1.269339,-0.3073309,-3.316358,0.3062153,0.1125037,0.945291,0,0,0,0,0,0,0,-2.583603,-0.2353474,2.462954,1.278336,-0.3109253,-3.326517,-0.08084046,0.2189827,-0.01633453,0.9722369,351.3708,25.68052,356.1045,0.3552046,-0.08593235,-0.9308297,0,0,0,1.612922,-0.2205885,-2.51487,-0.04721007,-0.04550225,0.8801026,0.9035595,-0.0671674,-0.4231652,-0.00364326,0.986396,-0.1643461,0.4284472,0.1500382,0.8910228,moving,17.94909,6.787123,-3.070492,-2.959618
05/15/2023 14:23:06.462520,1962,True,True,True,True,Eyes,1.269698,-0.3074323,-3.316251,0.3098731,0.1101281,0.9443784,0,0,0,0,0,0,0,-2.600237,-0.2308965,2.445817,1.278689,-0.3110026,-3.326379,-0.08011632,0.2222104,-0.01651001,0.9715614,351.4694,26.05843,356.0754,0.3552972,-0.0859617,-0.9307917,0,0,0,1.616118,-0.2227553,-2.51511,-0.05019614,-0.04637053,0.8804166,0.9006999,-0.06768633,-0.4291366,-0.003524389,0.9866176,-0.1630132,0.4344275,0.1483385,0.8884078,moving,18.1659,6.65147,-3.263134,-3.014917
05/15/2023 14:23:06.481280,1963,True,True,True,True,Eyes,1.270059,-0.3075454,-3.316139,0.3135903,0.1077153,0.9434291,0,0,0,0,0,0,0,-2.61589,-0.2260444,2.429601,1.27897,-0.3112203,-3.326306,-0.07931758,0.2252672,-0.01671333,0.9709192,351.5763,26.41587,356.0473,0.3553902,-0.08599087,-0.9307535,0,0,0,1.619431,-0.2250005,-2.515358,-0.05274767,-0.04704033,0.8809019,0.8979507,-0.06818987,-0.4347811,-0.003280702,0.9868587,-0.1615518,0.4400837,0.146492,0.8859268,moving,18.38651,6.513499,-3.426731,-3.056702
05/15/2023 14:23:06.491016,1964,True,True,True,True,Eyes,1.270422,-0.3076575,-3.316029,0.3173513,0.10527,0.9424471,0,0,0,0,0,0,0,-2.629886,-0.2170002,2.41523,1.279324,-0.3115805,-3.326104,-0.07777197,0.2279927,-0.01699106,0.9704031,351.7674,26.72876,356.0347,0.3554837,-0.08602021,-0.930715,0,0,0,1.622804,-0.227287,-2.515612,-0.05468893,-0.04624426,0.8813922,0.8954613,-0.06843925,-0.4398468,-0.002486522,0.9873257,-0.158688,0.4451325,0.1431926,0.8839417,moving,18.60998,6.373438,-3.550557,-3.003401
05/15/2023 14:23:06.511060,1965,True,True,True,True,Eyes,1.270773,-0.3077674,-3.315909,0.3215105,0.1025051,0.9413414,0,0,0,0,0,0,0,-2.643,-0.2094058,2.401623,1.279662,-0.3116377,-3.326025,-0.07629437,0.2305536,-0.0174312,0.9699074,351.9545,27.02397,356.0045,0.3555776,-0.08604968,-0.9306764,0,0,0,1.626348,-0.2296892,-2.515878,-0.05620301,-0.0459401,0.8820293,0.8930824,-0.06899317,-0.4445714,-0.001366578,0.9877506,-0.1560346,0.449891,0.1399593,0.8820485,moving,18.85735,6.2146,-3.645964,-2.981531
05/15/2023 14:23:06.531208,1966,True,True,True,True,Eyes,1.271109,-0.30788,-3.315782,0.3259634,0.09945875,0.9401361,0,0,0,0,0,0,0,-2.655052,-0.204284,2.388699,1.280059,-0.3116512,-3.325844,-0.07507431,0.2329168,-0.01807971,0.969426,352.1179,27.29931,355.9462,0.3556718,-0.08607922,-0.9306377,0,0,0,1.629476,-0.23181,-2.516113,-0.05778298,-0.04576493,0.8824391,0.8908458,-0.070026,-0.4488765,8.174602E-05,0.9880739,-0.1539801,0.4543058,0.1371358,0.8802272,moving,19.12243,6.038966,-3.746436,-2.968806
05/15/2023 14:23:06.541298,1967,True,True,True,True,Eyes,1.271446,-0.307996,-3.315647,0.3303779,0.09641846,0.9389111,0,0,0,0,0,0,0,-2.665765,-0.2007383,2.37689,1.280245,-0.311787,-3.325653,-0.07407437,0.2350603,-0.01880638,0.9689717,352.2581,27.55085,355.8754,0.3557659,-0.08610895,-0.930599,0,0,0,1.632923,-0.2341465,-2.516371,-0.05847782,-0.04602337,0.8830677,0.8887858,-0.07126958,-0.4527475,0.0016218,0.9883187,-0.1523932,0.4583198,0.1347107,0.8785193,moving,19.38562,5.863254,-3.788665,-2.983419
05/15/2023 14:23:06.561213,1968,True,True,True,True,Eyes,1.271733,-0.3081129,-3.3155,0.3350701,0.09311291,0.9375809,0,0,0,0,0,0,0,-2.675574,-0.1964849,2.365976,1.280554,-0.3119593,-3.325358,-0.07286368,0.2370106,-0.01965884,0.9685714,352.4247,27.77855,355.7987,0.35586,-0.08613895,-0.9305602,0,0,0,1.636368,-0.2364816,-2.51663,-0.05890664,-0.04580755,0.8836139,0.8868791,-0.07262089,-0.4562584,0.003543059,0.9886088,-0.150466,0.4619881,0.1318286,0.8770338,moving,19.66574,5.671554,-3.814013,-2.967622
05/15/2023 14:23:06.578964,1969,True,True,True,True,Eyes,1.27202,-0.3082355,-3.315342,0.3396796,0.08983582,0.936241,0,0,0,0,0,0,0,-2.684182,-0.1915936,2.356719,1.280643,-0.3120956,-3.325389,-0.0715998,0.2387298,-0.02039136,0.9682282,352.5932,27.97747,355.7394,0.355953,-0.08616928,-0.9305219,0,0,0,1.639654,-0.2387093,-2.516877,-0.05902103,-0.04549594,0.8845417,0.8851845,-0.073673,-0.4593698,0.005300967,0.9889153,-0.1483859,0.4652099,0.1289138,0.8757631,moving,19.94139,5.480964,-3.817401,-2.944384
05/15/2023 14:23:06.591155,1970,True,True,True,True,Eyes,1.272268,-0.3083649,-3.315174,0.3441982,0.08643482,0.93491,0,0,0,0,0,0,0,-2.691718,-0.1855942,2.348246,1.280926,-0.3123285,-3.325016,-0.07043456,0.2402367,-0.02073241,0.9679336,352.7389,28.14927,355.7232,0.3560451,-0.0862001,-0.9304838,0,0,0,1.64285,-0.2408756,-2.517117,-0.05881554,-0.04524624,0.8850365,0.883713,-0.07397713,-0.4621458,0.006293263,0.9892183,-0.1463133,0.4679869,0.1263906,0.8746506,moving,20.21178,5.282126,-3.802029,-2.926618
05/15/2023 14:23:06.611661,1971,True,True,True,True,Eyes,1.272521,-0.3085002,-3.315,0.348624,0.08303315,0.9335774,0,0,0,0,0,0,0,-2.698203,-0.1781709,2.341431,1.281051,-0.3126002,-3.324986,-0.06903712,0.2415212,-0.02104166,0.9677081,352.9087,28.29263,355.7193,0.3561355,-0.0862316,-0.9304463,0,0,0,1.646218,-0.2431586,-2.51737,-0.05807102,-0.04470674,0.8860258,0.8824495,-0.07407222,-0.4645388,0.007376508,0.9895822,-0.1437795,0.4703494,0.1234515,0.8738027,moving,20.47704,5.082561,-3.74986,-2.888558
05/15/2023 14:23:06.621701,1972,True,True,True,True,Eyes,1.272745,-0.3086459,-3.314809,0.352866,0.07961273,0.9322807,0,0,0,0,0,0,0,-2.704816,-0.1696378,2.334214,1.281383,-0.3128419,-3.324688,-0.06743719,0.2428202,-0.021367,0.9674886,353.1014,28.43625,355.7197,0.3562245,-0.0862639,-0.9304093,0,0,0,1.649781,-0.2455733,-2.517637,-0.05723387,-0.0439247,0.8867747,0.8811637,-0.07409486,-0.4669696,0.008594436,0.9899913,-0.1408661,0.4727333,0.1201127,0.8729813,moving,20.73153,4.88097,-3.69284,-2.83572
05/15/2023 14:23:06.641327,1973,True,True,True,True,Eyes,1.272968,-0.3087971,-3.314616,0.3570258,0.07618167,0.9309828,0,0,0,0,0,0,0,-2.712152,-0.1615482,2.326064,1.281604,-0.3132027,-3.324431,-0.06599098,0.2442914,-0.02160957,0.9672126,353.2754,28.6011,355.7242,0.3563117,-0.08629727,-0.9303727,0,0,0,1.653062,-0.2477975,-2.517883,-0.05691209,-0.0431494,0.8875117,0.8797095,-0.07404415,-0.4697114,0.00956004,0.9903564,-0.1382127,0.4754155,0.1170965,0.8719338,moving,20.98149,4.678051,-3.669095,-2.783437
05/15/2023 14:23:06.661046,1974,True,True,True,True,Eyes,1.27317,-0.3089462,-3.314415,0.3611746,0.07272521,0.9296581,0,0,0,0,0,0,0,-2.718624,-0.1522017,2.318959,1.281768,-0.3134437,-3.324225,-0.06424705,0.2455875,-0.02192751,0.9669945,353.4839,28.74339,355.7307,0.3563974,-0.08633174,-0.9303367,0,0,0,1.65634,-0.2500198,-2.518129,-0.05625737,-0.04193801,0.8883659,0.8784119,-0.0739641,-0.472146,0.01085101,0.990783,-0.1350233,0.4777811,0.1134828,0.8711182,moving,21.23128,4.47302,-3.62352,-2.702815
05/15/2023 14:23:06.670956,1975,True,True,True,True,Eyes,1.273376,-0.3090984,-3.314209,0.3652388,0.06929006,0.9283316,0,0,0,0,0,0,0,-2.72501,-0.1434123,2.311902,1.281943,-0.3135042,-3.324075,-0.06256144,0.2468664,-0.02224613,0.966772,353.6857,28.88419,355.7359,0.3564812,-0.0863672,-0.9303014,0,0,0,1.659679,-0.2522832,-2.51838,-0.05553994,-0.04104938,0.8892738,0.8771242,-0.0739025,-0.4745435,0.01212524,0.9911823,-0.1319489,0.4801105,0.1099817,0.8702862,moving,21.47645,4.268605,-3.573788,-2.642929
05/15/2023 14:23:06.691151,1976,True,True,True,True,Eyes,1.273584,-0.3092534,-3.314003,0.3692781,0.06585468,0.9269827,0,0,0,0,0,0,0,-2.730994,-0.1349106,2.305062,1.282214,-0.3136933,-3.323757,-0.06114248,0.2480697,-0.02228638,0.9665538,353.8496,29.01658,355.7653,0.3565634,-0.08640365,-0.9302664,0,0,0,1.66308,-0.2545881,-2.518635,-0.05462629,-0.04060448,0.8900232,0.8759295,-0.07341715,-0.4768201,0.01274677,0.9915298,-0.1292521,0.4822707,0.1071379,0.869446,moving,21.72064,4.063579,-3.512194,-2.612127
05/15/2023 14:23:06.711055,1977,True,True,True,True,Eyes,1.273794,-0.3094132,-3.313791,0.3732354,0.06243616,0.9256333,0,0,0,0,0,0,0,-2.737561,-0.1272627,2.297473,1.282408,-0.3138557,-3.323514,-0.05980343,0.2494079,-0.02241165,0.9662903,354.0077,29.16619,355.7824,0.3566443,-0.08644105,-0.930232,0,0,0,1.666299,-0.2567705,-2.518877,-0.05410796,-0.0401962,0.8908027,0.8745868,-0.07314322,-0.4793203,0.01348142,0.9918425,-0.1267542,0.4846815,0.1043957,0.8684385,moving,21.96036,3.858891,-3.475914,-2.583637
05/15/2023 14:23:06.730726,1978,True,True,True,True,Eyes,1.27399,-0.3095784,-3.313566,0.3770967,0.05907523,0.9242879,0,0,0,0,0,0,0,-2.743534,-0.1184877,2.290504,1.282574,-0.3141537,-3.323211,-0.05831158,0.2506317,-0.02250665,0.9660627,354.1812,29.30104,355.8084,0.3567241,-0.08647946,-0.9301978,0,0,0,1.669615,-0.259018,-2.519126,-0.05325475,-0.03944147,0.8916293,0.8733544,-0.0727151,-0.4816269,0.01425621,0.9921864,-0.123947,0.4868765,0.1013835,0.8675671,moving,22.19478,3.657046,-3.418071,-2.532843
05/15/2023 14:23:06.741686,1979,True,True,True,True,Eyes,1.274184,-0.3097448,-3.313344,0.3808823,0.05571453,0.9229434,0,0,0,0,0,0,0,-2.749366,-0.1098414,2.283514,1.282806,-0.3143573,-3.322815,-0.05687454,0.2518311,-0.02253101,0.9658359,354.3463,29.43317,355.8412,0.3568026,-0.08651897,-0.930164,0,0,0,1.673046,-0.2613441,-2.519383,-0.05225325,-0.03896278,0.8923857,0.8721469,-0.07216806,-0.4838921,0.01487696,0.9925153,-0.1212109,0.4890178,0.09851491,0.8666928,moving,22.42507,3.454533,-3.351102,-2.500024
05/15/2023 14:23:06.760984,1980,True,True,True,True,Eyes,1.274377,-0.3099159,-3.313117,0.3845513,0.05242373,0.9216138,0,0,0,0,0,0,0,-2.755142,-0.1005682,2.276879,1.282938,-0.3145099,-3.322688,-0.05524302,0.2530094,-0.02265202,0.9656197,354.5357,29.56209,355.8695,0.35688,-0.0865595,-0.9301305,0,0,0,1.67653,-0.2637052,-2.519645,-0.05122009,-0.03822113,0.8934705,0.8709462,-0.07170048,-0.486119,0.01579247,0.9928702,-0.1181498,0.4911244,0.09522514,0.8658689,moving,22.64876,3.25562,-3.281011,-2.449522
05/15/2023 14:23:06.770935,1981,True,True,True,True,Eyes,1.274564,-0.3100912,-3.312894,0.388154,0.04914502,0.9202832,0,0,0,0,0,0,0,-2.760779,-0.09118903,2.270044,1.283053,-0.3147436,-3.322353,-0.05375518,0.2541922,-0.02256892,0.9653949,354.7031,29.69173,355.9166,0.3569564,-0.08660108,-0.9300973,0,0,0,1.679662,-0.2658282,-2.51988,-0.05041695,-0.03746925,0.8942645,0.869754,-0.07090412,-0.4883653,0.01624754,0.993202,-0.1152636,0.4932181,0.09231626,0.8649934,moving,22.86888,3.056809,-3.226812,-2.399262
05/15/2023 14:23:06.791162,1982,True,True,True,True,Eyes,1.274733,-0.3102579,-3.31266,0.3916698,0.04598023,0.9189563,0,0,0,0,0,0,0,-2.766301,-0.08106932,2.263484,1.283039,-0.3149577,-3.322193,-0.05222581,0.2553636,-0.02235397,0.9651747,354.8711,29.81935,355.98,0.3570316,-0.08664373,-0.9300645,0,0,0,1.683088,-0.2681505,-2.520137,-0.04928795,-0.03691836,0.8953944,0.8685795,-0.06982411,-0.4906061,0.01647784,0.9935455,-0.1122308,0.4952759,0.08939727,0.8641238,moving,23.08426,2.864422,-3.150728,-2.361048
05/15/2023 14:23:06.810903,1983,True,True,True,True,Eyes,1.274901,-0.310423,-3.312427,0.3950942,0.04291075,0.9176378,0,0,0,0,0,0,0,-2.770534,-0.0719032,2.258302,1.283196,-0.3148967,-3.321928,-0.0510109,0.2562598,-0.02186,0.9650134,354.9947,29.91537,356.0667,0.3571054,-0.08668715,-0.9300321,0,0,0,1.686461,-0.270437,-2.52039,-0.04776642,-0.03723672,0.896322,0.8677061,-0.06833448,-0.4923582,0.0160463,0.9938401,-0.1096561,0.4968186,0.08724872,0.8634575,moving,23.29457,2.677326,-3.050498,-2.378923
05/15/2023 14:23:06.830782,1984,True,True,True,True,Eyes,1.274901,-0.310423,-3.312427,0.3950942,0.04291075,0.9176378,0,0,0,0,0,0,0,-2.77402,-0.06722838,2.253999,1.283357,-0.3150215,-3.321743,-0.05055481,0.2569987,-0.02142602,0.9648507,355.0352,29.99821,356.1248,0.3571781,-0.0867312,-0.9300001,0,0,0,1.689855,-0.2727377,-2.520645,-0.04597294,-0.03870105,0.8973148,0.8669853,-0.06733087,-0.4937643,0.01536079,0.9939703,-0.1085686,0.498097,0.08654277,0.8627918,moving,23.29457,2.677326,-2.932922,-2.469627
05/15/2023 14:23:06.841456,1985,True,True,True,True,Eyes,1.274901,-0.310423,-3.312427,0.3950942,0.04291075,0.9176378,0,0,0,0,0,0,0,-2.779174,-0.06265843,2.24771,1.28363,-0.3152991,-3.321568,-0.04967924,0.2580499,-0.02163637,0.9646109,355.1426,30.11832,356.1225,0.3572434,-0.08677085,-0.9299713,0,0,0,1.693091,-0.2749316,-2.520888,-0.04505938,-0.03895628,0.898237,0.8658843,-0.06738079,-0.4956857,0.0161019,0.9941276,-0.1070088,0.4999852,0.08467575,0.8618844,moving,23.29457,2.677326,-2.871793,-2.483345
05/15/2023 14:23:06.861028,1986,True,True,True,True,Eyes,1.274901,-0.310423,-3.312427,0.3950942,0.04291075,0.9176378,0,0,0,0,0,0,0,-2.785541,-0.05793747,2.239635,1.283919,-0.3154884,-3.321231,-0.04857231,0.25937,-0.02211383,0.9643024,355.2847,30.27006,356.0965,0.3573022,-0.08680653,-0.9299455,0,0,0,1.696695,-0.2773746,-2.521159,-0.04424569,-0.03902548,0.899151,0.8644764,-0.06784523,-0.498074,0.01745243,0.9943034,-0.1051481,0.5023705,0.08220547,0.8607359,moving,23.29457,2.677326,-2.817155,-2.485225
05/15/2023 14:23:06.870885,1987,True,True,True,True,Eyes,1.274901,-0.310423,-3.312427,0.3950942,0.04291075,0.9176378,0,0,0,0,0,0,0,-2.792367,-0.05168918,2.230962,1.284016,-0.315592,-3.320975,-0.04742472,0.2608311,-0.02226141,0.9639618,355.4219,30.43698,356.1081,0.3573552,-0.08683864,-0.9299222,0,0,0,1.700063,-0.2796576,-2.521411,-0.04378811,-0.03909006,0.9001356,0.8629432,-0.06765798,-0.500751,0.01817863,0.9945107,-0.1030442,0.504974,0.0798183,0.8594361,moving,23.29457,2.677326,-2.785022,-2.486613
05/15/2023 14:23:06.891394,1988,True,True,True,True,Eyes,1.274901,-0.310423,-3.312427,0.3950942,0.04291075,0.9176378,0,0,0,0,0,0,0,-2.798545,-0.04461747,2.222961,1.284164,-0.3158159,-3.32063,-0.04633005,0.2621639,-0.02216636,0.9636557,355.5453,30.5881,356.1459,0.3574028,-0.08686754,-0.9299012,0,0,0,1.703202,-0.2817854,-2.521647,-0.04331696,-0.03905565,0.9009565,0.8615575,-0.06701362,-0.5032177,0.01842935,0.9947243,-0.1009149,0.5073255,0.07767,0.8582472,moving,23.29457,2.677326,-2.752596,-2.482166
05/15/2023 14:23:06.911026,1989,True,True,True,True,Eyes,1.275152,-0.3106362,-3.312155,0.398551,0.03961555,0.9162902,0,0,0,0,0,0,0,-2.804624,-0.03831527,2.215466,1.284419,-0.3160095,-3.320554,-0.04531516,0.2634311,-0.02212655,0.9633593,355.6613,30.73229,356.1757,0.3574457,-0.08689355,-0.9298823,0,0,0,1.706579,-0.2840743,-2.5219,-0.04273021,-0.0393494,0.9020604,0.860229,-0.06650648,-0.5055523,0.01875679,0.9949139,-0.09896721,0.5095628,0.07565191,0.8571013,moving,23.50719,2.475626,-2.712049,-2.497755
05/15/2023 14:23:06.930853,1990,True,True,True,True,Eyes,1.275414,-0.3108501,-3.311887,0.4019938,0.03633954,0.914921,0,0,0,0,0,0,0,-2.811759,-0.03032938,2.206438,1.284868,-0.3162442,-3.320298,-0.0440037,0.2649118,-0.02210564,0.9630145,355.8114,30.90024,356.2119,0.3574928,-0.0869233,-0.9298614,0,0,0,1.710122,-0.2864757,-2.522166,-0.04248646,-0.03917602,0.9029959,0.8586662,-0.06589028,-0.5082823,0.01926189,0.99515,-0.09646448,0.5121732,0.07304031,0.8557708,moving,23.71951,2.274523,-2.693812,-2.484191
05/15/2023 14:23:06.941386,1991,True,True,True,True,Eyes,1.275414,-0.3108501,-3.311887,0.4019938,0.03633954,0.914921,0,0,0,0,0,0,0,-2.820442,-0.02425706,2.195457,1.285335,-0.3164452,-3.320134,-0.04271971,0.2667117,-0.02248638,0.9625666,355.9719,31.108,356.2019,0.3575439,-0.08695641,-0.9298387,0,0,0,1.713306,-0.288634,-2.522405,-0.04325229,-0.03871902,0.9038441,0.8567185,-0.06607696,-0.5115342,0.02050159,0.9953388,-0.09423588,0.5153766,0.07024636,0.8540798,moving,23.71951,2.274523,-2.739726,-2.452946
05/15/2023 14:23:06.961313,1992,True,True,True,True,Eyes,1.275713,-0.3110753,-3.311624,0.4054526,0.03304345,0.9135187,0,0,0,0,0,0,0,-2.830536,-0.01883528,2.182436,1.285691,-0.3166709,-3.319945,-0.04122515,0.2688351,-0.02330476,0.9620214,356.1704,31.35462,356.1494,0.3575899,-0.08698621,-0.9298182,0,0,0,1.716792,-0.290997,-2.522667,-0.04426107,-0.03789588,0.9048552,0.8543693,-0.06700488,-0.5153286,0.02267383,0.9955148,-0.09184921,0.5191716,0.06678867,0.8520564,moving,23.93338,2.071578,-2.800396,-2.39818
05/15/2023 14:23:06.981276,1993,True,True,True,True,Eyes,1.276015,-0.3112987,-3.311364,0.4089298,0.02976292,0.9120804,0,0,0,0,0,0,0,-2.840902,-0.01375788,2.168887,1.285988,-0.3168455,-3.319764,-0.03967185,0.2710345,-0.02425853,0.9614457,356.3802,31.61039,356.0844,0.3576409,-0.08701965,-0.9297954,0,0,0,1.720148,-0.293272,-2.522919,-0.04550159,-0.03687823,0.9058598,0.8519037,-0.06815141,-0.5192451,0.02514165,0.9956753,-0.08943447,0.5230946,0.06313486,0.8499329,moving,24.149,1.869007,-2.875566,-2.331267
05/15/2023 14:23:06.991222,1994,True,True,True,True,Eyes,1.276341,-0.3115222,-3.311132,0.4123402,0.02667379,0.9106394,0,0,0,0,0,0,0,-2.851481,-0.009532511,2.154946,1.286305,-0.3170024,-3.319602,-0.03843674,0.2733011,-0.02497052,0.960836,356.5479,31.87533,356.0366,0.3576964,-0.08705629,-0.9297707,0,0,0,1.723359,-0.2954486,-2.52316,-0.04702646,-0.03644504,0.906786,0.849366,-0.06899475,-0.5232755,0.02697554,0.9957982,-0.08751173,0.5271146,0.06021385,0.8476583,moving,24.36116,1.677787,-2.968734,-2.301561
05/15/2023 14:23:07.010844,1995,True,True,True,True,Eyes,1.276665,-0.3117403,-3.310903,0.4157463,0.02362018,0.9091738,0,0,0,0,0,0,0,-2.860948,-0.004830867,2.14249,1.286458,-0.3172269,-3.319594,-0.03728915,0.2753531,-0.02545926,0.9602823,356.6982,32.11461,356.012,0.3577563,-0.08709574,-0.9297439,0,0,0,1.726962,-0.2978908,-2.523431,-0.04773301,-0.03643049,0.9081231,0.847065,-0.06943151,-0.5269346,0.02836079,0.9959227,-0.08563679,0.5307321,0.05759565,0.8455803,moving,24.57363,1.4882,-3.008827,-2.29726
05/15/2023 14:23:07.021044,1996,True,True,True,True,Eyes,1.277022,-0.3119577,-3.310703,0.418865,0.02083687,0.9078094,0,0,0,0,0,0,0,-2.869681,-0.0007299185,2.130708,1.286689,-0.317293,-3.31945,-0.03631987,0.2772623,-0.02581023,0.9597605,356.8239,32.33762,355.998,0.3578201,-0.08713755,-0.9297155,0,0,0,1.730193,-0.3000806,-2.523673,-0.04850402,-0.03668401,0.9091496,0.844919,-0.06968354,-0.5303359,0.02940301,0.9960294,-0.08402917,0.5340856,0.05540436,0.843613,moving,24.76869,1.314875,-3.053891,-2.31062
05/15/2023 14:23:07.041346,1997,True,True,True,True,Eyes,1.277376,-0.3121676,-3.310508,0.4219993,0.01811093,0.9064153,0,0,0,0,0,0,0,-2.878445,0.002765566,2.119059,1.287003,-0.3174549,-3.319444,-0.03551606,0.2791589,-0.0260971,0.9592331,356.9294,32.56005,355.9862,0.3578879,-0.08718138,-0.9296852,0,0,0,1.733518,-0.3023349,-2.523923,-0.04931602,-0.03723252,0.910297,0.8427785,-0.06989565,-0.5337031,0.03023716,0.9961151,-0.08270683,0.5374106,0.05356588,0.8416178,moving,24.96525,1.144665,-3.10101,-2.342178
05/15/2023 14:23:07.061248,1998,True,True,True,True,Eyes,1.277735,-0.3123681,-3.310328,0.425072,0.01556773,0.9050257,0,0,0,0,0,0,0,-2.887441,0.004958153,2.106846,1.287244,-0.3174714,-3.319391,-0.03495659,0.2811463,-0.02632853,0.9586667,357.0067,32.79473,355.9727,0.3579592,-0.08722681,-0.9296535,0,0,0,1.736894,-0.3046234,-2.524176,-0.05015552,-0.03841149,0.9114416,0.8405271,-0.07013639,-0.5372105,0.03082473,0.9961697,-0.08182777,0.5408918,0.05221909,0.8394696,moving,25.15848,0.9854718,-3.14974,-2.413226
05/15/2023 14:23:07.080955,1999,True,True,True,True,Eyes,1.278093,-0.3125643,-3.31015,0.4281713,0.01313973,0.903602,0,0,0,0,0,0,0,-2.896531,0.006670386,2.094554,1.287484,-0.3174514,-3.319443,-0.03463081,0.2831658,-0.02635338,0.9580833,357.0518,33.0342,355.9744,0.3580337,-0.08727337,-0.9296204,0,0,0,1.740214,-0.3068733,-2.524425,-0.0511632,-0.040101,0.9126354,0.8382452,-0.07010998,-0.5407676,0.03088494,0.9962124,-0.08128314,0.5444182,0.05143364,0.8372356,moving,25.35391,0.8331078,-3.208696,-2.515945
05/15/2023 14:23:07.091275,2000,True,True,True,True,Eyes,1.278468,-0.3127586,-3.309995,0.4312616,0.01086549,0.9021615,0,0,0,0,0,0,0,-2.905596,0.007025719,2.08195,1.287772,-0.3175457,-3.319316,-0.03481523,0.2852232,-0.02605747,0.9574742,357.0305,33.28054,355.9945,0.358111,-0.08732083,-0.9295862,0,0,0,1.743461,-0.309075,-2.524669,-0.05224755,-0.0426636,0.9135857,0.8359374,-0.06975892,-0.5443734,0.03003847,0.9962178,-0.08153375,0.5480022,0.05180497,0.8348712,moving,25.54927,0.6900279,-3.273154,-2.673717
05/15/2023 14:23:07.111582,2001,True,True,True,True,Eyes,1.278845,-0.3129537,-3.309841,0.4343958,0.00866994,0.9006804,0,0,0,0,0,0,0,-2.914815,0.007547557,2.069455,1.288146,-0.3176903,-3.319428,-0.03492965,0.2872765,-0.02582277,0.9568623,357.0187,33.52629,356.0101,0.358191,-0.08736899,-0.9295508,0,0,0,1.747104,-0.3115439,-2.524943,-0.05318421,-0.04530229,0.9148803,0.8336108,-0.0694866,-0.5479642,0.02934874,0.9962262,-0.08168227,0.5515721,0.05200917,0.8325042,moving,25.7479,0.5515116,-3.326998,-2.83481
05/15/2023 14:23:07.130724,2002,True,True,True,True,Eyes,1.279232,-0.3131443,-3.309696,0.4376037,0.006531694,0.8991443,0,0,0,0,0,0,0,-2.925073,0.008381844,2.055029,1.288509,-0.3179041,-3.319329,-0.03485136,0.2895997,-0.02578586,0.9561656,357.0358,33.80389,356.0096,0.3582735,-0.08741778,-0.9295144,0,0,0,1.750468,-0.3138244,-2.525195,-0.05479836,-0.04726848,0.9158794,0.8309343,-0.06949697,-0.552013,0.02912521,0.9962409,-0.08158248,0.5556077,0.05171219,0.8298349,moving,25.95168,0.416209,-3.424006,-2.954411
05/15/2023 14:23:07.141346,2003,True,True,True,True,Eyes,1.279616,-0.3133351,-3.30955,0.4408718,0.004426283,0.8975592,0,0,0,0,0,0,0,-2.936338,0.009500355,2.038965,1.288867,-0.3179852,-3.319226,-0.03466527,0.2921748,-0.02579278,0.9553884,357.0671,34.11139,356.0071,0.3583584,-0.08746699,-0.929477,0,0,0,1.753653,-0.3159831,-2.525434,-0.05706444,-0.04905658,0.9167726,0.8279372,-0.06954087,-0.5564925,0.02902761,0.9962661,-0.08130958,0.560069,0.0511656,0.8268644,moving,26.1598,0.2825499,-3.561776,-3.062981
05/15/2023 14:23:07.161145,2004,True,True,True,True,Eyes,1.27999,-0.3135283,-3.309407,0.4441673,0.00232122,0.8959409,0,0,0,0,0,0,0,-2.94769,0.01255751,2.02243,1.289107,-0.3181682,-3.319071,-0.03410298,0.2948095,-0.02586246,0.9545972,357.142,34.42421,356.0107,0.3584454,-0.0875166,-0.9294388,0,0,0,1.757045,-0.3182825,-2.525689,-0.05917352,-0.05017262,0.9178243,0.824837,-0.06948423,-0.5610845,0.0292687,0.9963362,-0.0803582,0.5646125,0.04986021,0.8238487,moving,26.37015,0.1484426,-3.68884,-3.128944
05/15/2023 14:23:07.181686,2005,True,True,True,True,Eyes,1.27999,-0.3135283,-3.309407,0.4441673,0.00232122,0.8959409,0,0,0,0,0,0,0,-2.957236,0.01830515,2.008385,1.289196,-0.3183918,-3.319005,-0.03310978,0.2970487,-0.02587469,0.9539374,357.2604,34.68718,356.0368,0.358534,-0.08756661,-0.9293999,0,0,0,1.760393,-0.3205518,-2.52594,-0.06053564,-0.05044851,0.9191155,0.8221852,-0.06903609,-0.5650183,0.02969522,0.9964685,-0.07854139,0.5684451,0.04779723,0.8213316,moving,26.37015,0.1484426,-3.768225,-3.141704
05/15/2023 14:23:07.191165,2006,True,True,True,True,Eyes,1.27999,-0.3135283,-3.309407,0.4441673,0.00232122,0.8959409,0,0,0,0,0,0,0,-2.965456,0.02506432,1.996125,1.289351,-0.3184698,-3.318919,-0.0319812,0.2989806,-0.02579288,0.9533744,357.3889,34.9125,356.0793,0.3586138,-0.08761163,-0.9293649,0,0,0,1.763639,-0.3227522,-2.526184,-0.06145844,-0.05057986,0.920359,0.8198907,-0.06830405,-0.568431,0.03005701,0.9966239,-0.07640325,0.5717306,0.04555698,0.8191756,moving,26.37015,0.1484426,-3.820346,-3.145621
05/15/2023 14:23:07.211368,2007,True,True,True,True,Eyes,1.27999,-0.3135283,-3.309407,0.4441673,0.00232122,0.8959409,0,0,0,0,0,0,0,-2.973377,0.03205924,1.984597,1.289698,-0.3187056,-3.318995,-0.03103803,0.3008054,-0.02545467,0.9528404,357.4876,35.12571,356.1442,0.3586856,-0.08765214,-0.9293333,0,0,0,1.767221,-0.3251804,-2.526453,-0.06214094,-0.05122139,0.9217969,0.8177363,-0.0671813,-0.571659,0.02983566,0.9967774,-0.07446238,0.5748193,0.04383478,0.8171055,moving,26.37015,0.1484426,-3.856636,-3.180478
05/15/2023 14:23:07.221800,2008,True,True,True,True,Eyes,1.27999,-0.3135283,-3.309407,0.4441673,0.00232122,0.8959409,0,0,0,0,0,0,0,-2.981652,0.03723001,1.972036,1.290018,-0.3188411,-3.318848,-0.03010139,0.302745,-0.02549415,0.952255,357.5991,35.35379,356.1676,0.3587502,-0.0876886,-0.929305,0,0,0,1.770487,-0.3273942,-2.526698,-0.06318155,-0.05159558,0.9229139,0.8153911,-0.06677994,-0.575046,0.03032777,0.9968879,-0.07276484,0.5781156,0.04189194,0.8148788,moving,26.37015,0.1484426,-3.916288,-3.199795
05/15/2023 14:23:07.241400,2009,True,True,True,True,Eyes,1.280406,-0.3137554,-3.309255,0.4480414,-0.0004109889,0.8940126,0,0,0,0,0,0,0,-2.989174,0.04214756,1.960548,1.29031,-0.3190804,-3.318731,-0.02890923,0.3044895,-0.02592457,0.9517239,357.7512,35.55799,356.1581,0.3588083,-0.08772141,-0.9292794,0,0,0,1.773617,-0.329516,-2.526933,-0.06398538,-0.05113443,0.9240831,0.8132282,-0.06695116,-0.578081,0.03174094,0.9969844,-0.07081473,0.5810787,0.0392397,0.8129009,moving,26.6181,-0.02633959,-3.960953,-3.16725
05/15/2023 14:23:07.261079,2010,True,True,True,True,Eyes,1.280406,-0.3137554,-3.309255,0.4480414,-0.0004109889,0.8940126,0,0,0,0,0,0,0,-2.995864,0.04673886,1.950192,1.290511,-0.3193374,-3.31862,-0.02750539,0.3060358,-0.02668647,0.9512483,357.9372,35.73793,356.121,0.358872,-0.08775726,-0.9292514,0,0,0,1.777133,-0.3318996,-2.527197,-0.06400347,-0.05035277,0.9255696,0.8112599,-0.0676062,-0.5807641,0.03393565,0.9970626,-0.06866295,0.5837002,0.03599488,0.8111711,moving,26.6181,-0.02633959,-3.955727,-3.113932
05/15/2023 14:23:07.271003,2011,True,True,True,True,Eyes,1.280406,-0.3137554,-3.309255,0.4480414,-0.0004109889,0.8940126,0,0,0,0,0,0,0,-3.002793,0.05152342,1.939475,1.290777,-0.3194399,-3.318559,-0.02605387,0.3076307,-0.02742019,0.9507538,358.1277,35.92347,356.0891,0.3589294,-0.08778952,-0.9292262,0,0,0,1.780465,-0.3341578,-2.527447,-0.0643706,-0.04953273,0.9269692,0.8092229,-0.06816964,-0.5835333,0.03610976,0.9971386,-0.06641221,0.586391,0.03267104,0.809369,moving,26.6181,-0.02633959,-3.972357,-3.058699
05/15/2023 14:23:07.290833,2012,True,True,True,True,Eyes,1.280845,-0.313996,-3.309097,0.451949,-0.003588179,0.8920366,0,0,0,0,0,0,0,-3.008103,0.0569431,1.931134,1.290969,-0.3196059,-3.318502,-0.02475308,0.3088669,-0.02783944,0.9503755,358.2893,36.06621,356.0872,0.358981,-0.08781856,-0.9292036,0,0,0,1.783874,-0.3364688,-2.527703,-0.06392521,-0.0490768,0.928498,0.8076524,-0.06820664,-0.5857009,0.03762501,0.9972245,-0.0642468,0.5884573,0.02985207,0.807977,moving,26.86899,-0.2304686,-3.938483,-3.025617
05/15/2023 14:23:07.311218,2013,True,True,True,True,Eyes,1.281278,-0.3142371,-3.308941,0.4557831,-0.006750104,0.8900653,0,0,0,0,0,0,0,-3.014164,0.06137662,1.921512,1.29142,-0.3198178,-3.3183,-0.02353295,0.3102558,-0.02838055,0.9499381,358.4471,36.22802,356.0695,0.3590394,-0.08785136,-0.9291779,0,0,0,1.787226,-0.3387407,-2.527954,-0.06395826,-0.04863225,0.9297159,0.8058717,-0.06852199,-0.5881119,0.03931706,0.9972815,-0.06232015,0.5907834,0.02709922,0.806375,moving,27.116,-0.4345131,-3.935368,-2.99434
05/15/2023 14:23:07.331211,2014,True,True,True,True,Eyes,1.281724,-0.3144768,-3.3088,0.4593142,-0.00994499,0.8882182,0,0,0,0,0,0,0,-3.020069,0.06451584,1.912123,1.291674,-0.3199987,-3.318188,-0.02233994,0.3116238,-0.02916105,0.9494953,358.6105,36.38783,356.0251,0.3591039,-0.08788757,-0.9291496,0,0,0,1.790586,-0.3410181,-2.528207,-0.06383672,-0.04815234,0.9311452,0.8040804,-0.06929985,-0.5904677,0.04145322,0.9973012,-0.06059788,0.5930735,0.02424878,0.804783,moving,27.34433,-0.641489,-3.921902,-2.960302
05/15/2023 14:23:07.341347,2015,True,True,True,True,Eyes,1.28216,-0.3147149,-3.308656,0.4627759,-0.01309882,0.8863786,0,0,0,0,0,0,0,-3.025833,0.06844161,1.902797,1.291931,-0.3201523,-3.318042,-0.021111,0.3129756,-0.02980042,0.9490589,358.7728,36.54538,355.9978,0.3591738,-0.08792677,-0.9291189,0,0,0,1.793957,-0.3433037,-2.52846,-0.06366932,-0.04769463,0.9325654,0.8023165,-0.06977915,-0.5928062,0.04335025,0.9973325,-0.05872476,0.5953226,0.02141756,0.8032013,moving,27.56894,-0.8466498,-3.905711,-2.927754
05/15/2023 14:23:07.361246,2016,True,True,True,True,Eyes,1.282582,-0.314953,-3.308509,0.4660236,-0.01620949,0.8846237,0,0,0,0,0,0,0,-3.030819,0.07092263,1.894545,1.292115,-0.3203823,-3.317829,-0.02020505,0.314168,-0.03038159,0.9486661,358.8972,36.6853,355.9658,0.3592486,-0.08796862,-0.929086,0,0,0,1.797433,-0.3456599,-2.528721,-0.06299168,-0.04781199,0.934036,0.8007508,-0.07033952,-0.5948533,0.04494839,0.9973375,-0.05742554,0.5973088,0.01924585,0.8017804,moving,27.78046,-1.049748,-3.858203,-2.930333
05/15/2023 14:23:07.380959,2017,True,True,True,True,Eyes,1.283,-0.3151946,-3.308362,0.4691885,-0.01931163,0.8828868,0,0,0,0,0,0,0,-3.034943,0.07391892,1.887589,1.292267,-0.3205643,-3.317622,-0.0190803,0.3151426,-0.03110257,0.9483427,359.0497,36.79799,355.927,0.3593274,-0.08801287,-0.9290513,0,0,0,1.800748,-0.3479068,-2.52897,-0.06202275,-0.04738961,0.9355109,0.7994356,-0.07101782,-0.5965395,0.04696576,0.9973372,-0.05579281,0.5989132,0.01658583,0.8006421,moving,27.98731,-1.253047,-3.79306,-2.899919
05/15/2023 14:23:07.391178,2018,True,True,True,True,Eyes,1.283422,-0.3154387,-3.308225,0.4721695,-0.02236505,0.881224,0,0,0,0,0,0,0,-3.038754,0.07852669,1.881287,1.292542,-0.3208613,-3.317501,-0.0177756,0.3160065,-0.03170788,0.9480605,359.217,36.89638,355.9077,0.3594097,-0.0880594,-0.929015,0,0,0,1.803944,-0.3500733,-2.529209,-0.06112376,-0.04649997,0.9369586,0.7982691,-0.07135639,-0.5980592,0.04888757,0.9973573,-0.05374448,0.6003137,0.0136649,0.7996479,moving,28.18289,-1.453828,-3.732479,-2.84118
05/15/2023 14:23:07.410884,2019,True,True,True,True,Eyes,1.283836,-0.3156853,-3.308089,0.4750915,-0.02541778,0.8795692,0,0,0,0,0,0,0,-3.043264,0.08334844,1.873948,1.292907,-0.3211123,-3.317433,-0.0163818,0.3170201,-0.03235357,0.9477254,359.3962,37.0125,355.8875,0.3594951,-0.08810801,-0.9289774,0,0,0,1.807337,-0.3523728,-2.529464,-0.06045958,-0.04560542,0.9384962,0.7969031,-0.0717113,-0.5998359,0.05093787,0.9973698,-0.05156435,0.6019559,0.01053743,0.7984598,moving,28.37531,-1.655272,-3.686002,-2.782051
05/15/2023 14:23:07.430870,2020,True,True,True,True,Eyes,1.284252,-0.3159322,-3.307961,0.4778473,-0.02844774,0.8779821,0,0,0,0,0,0,0,-3.047668,0.08870594,1.866503,1.293103,-0.3213891,-3.317314,-0.01499027,0.3180586,-0.03288196,0.9473822,359.5711,37.13166,355.8802,0.3595832,-0.08815857,-0.9289384,0,0,0,1.810785,-0.3547104,-2.529723,-0.05964449,-0.04476103,0.9401293,0.7955151,-0.07183914,-0.6016602,0.052768,0.9973881,-0.04931981,0.6036319,0.007486254,0.7972281,moving,28.55752,-1.855807,-3.630143,-2.725883
05/15/2023 14:23:07.441363,2021,True,True,True,True,Eyes,1.284663,-0.3161778,-3.307832,0.4805499,-0.03148608,0.876402,0,0,0,0,0,0,0,-3.051928,0.09465659,1.859166,1.293261,-0.3215771,-3.317196,-0.01348529,0.3190733,-0.03339309,0.9470456,359.7575,37.24754,355.8794,0.3596736,-0.08821087,-0.9288985,0,0,0,1.814001,-0.3568903,-2.529964,-0.05897158,-0.04364975,0.9416835,0.7941543,-0.07185514,-0.6034532,0.05464397,0.9974061,-0.04685204,0.6052545,0.004232676,0.7960209,moving,28.73689,-2.057553,-3.583387,-2.653925
05/15/2023 14:23:07.461273,2022,True,True,True,True,Eyes,1.285053,-0.3164246,-3.307694,0.483224,-0.03449869,0.8748168,0,0,0,0,0,0,0,-3.056208,0.09999193,1.851732,1.293546,-0.3217607,-3.317005,-0.01200568,0.3200747,-0.0340009,0.9467059,359.9446,37.36207,355.8675,0.359766,-0.08826471,-0.9288576,0,0,0,1.817403,-0.3591966,-2.53022,-0.05816787,-0.04264977,0.9432166,0.7927923,-0.07206313,-0.6052167,0.05669228,0.9973996,-0.04449736,0.6068496,0.0009660485,0.7948161,moving,28.91502,-2.258308,-3.528944,-2.589001
05/15/2023 14:23:07.471694,2023,True,True,True,True,Eyes,1.285436,-0.3166757,-3.307551,0.4858441,-0.03751845,0.8732399,0,0,0,0,0,0,0,-3.060399,0.1058608,1.844524,1.293803,-0.3220156,-3.31691,-0.01054195,0.3210551,-0.03448433,0.9463739,0.1254487,37.47425,355.8689,0.3598597,-0.08832001,-0.928816,0,0,0,1.820716,-0.3614422,-2.530468,-0.05745462,-0.04160514,0.9448019,0.7914689,-0.07203922,-0.6069492,0.05850103,0.9973994,-0.04209599,0.6084033,-0.002189489,0.7936249,moving,29.09023,-2.46018,-3.479945,-2.521438
05/15/2023 14:23:07.491209,2024,True,True,True,True,Eyes,1.285809,-0.3169264,-3.307413,0.4884459,-0.04050752,0.8716534,0,0,0,0,0,0,0,-3.064356,0.1114363,1.837366,1.294023,-0.3223383,-3.316657,-0.009073947,0.3220035,-0.03504872,0.9460461,0.3095635,37.58264,355.8619,0.3599546,-0.08837676,-0.9287738,0,0,0,1.824007,-0.363673,-2.530715,-0.056582,-0.04041088,0.946288,0.7901708,-0.0721591,-0.6086241,0.06047173,0.9973785,-0.03974036,0.6098962,-0.005402874,0.7924629,moving,29.26484,-2.660738,-3.421849,-2.445309
05/15/2023 14:23:07.511031,2025,True,True,True,True,Eyes,1.286175,-0.3171656,-3.307277,0.4909787,-0.04349709,0.8700849,0,0,0,0,0,0,0,-3.068115,0.1180478,1.830758,1.294183,-0.3225354,-3.316625,-0.007492616,0.3228909,-0.03549159,0.9457409,0.5012115,37.68338,355.8727,0.3600501,-0.0884348,-0.9287313,0,0,0,1.827316,-0.3659155,-2.530964,-0.05567431,-0.0391972,0.948019,0.7889636,-0.07197028,-0.6102104,0.06229308,0.9973685,-0.03709196,0.6112741,-0.008747676,0.7913706,moving,29.43553,-2.861935,-3.360949,-2.367627
05/15/2023 14:23:07.531202,2026,True,True,True,True,Eyes,1.28655,-0.3174012,-3.307146,0.4934834,-0.04636971,0.8685184,0,0,0,0,0,0,0,-3.071057,0.1236419,1.825432,1.294365,-0.3224653,-3.316552,-0.006071875,0.3235798,-0.03591085,0.9454997,0.673707,37.76089,355.8802,0.3601461,-0.08849368,-0.9286884,0,0,0,1.830828,-0.3682967,-2.531228,-0.05415604,-0.03865601,0.9498425,0.7880131,-0.07183687,-0.6114531,0.06397793,0.9973471,-0.03472196,0.6123253,-0.01175814,0.7905186,moving,29.6048,-3.056088,-3.263232,-2.330497
05/15/2023 14:23:07.541193,2027,True,True,True,True,Eyes,1.286923,-0.3176452,-3.307016,0.4959363,-0.04921495,0.8669631,0,0,0,0,0,0,0,-3.074748,0.1241758,1.819236,1.294803,-0.322589,-3.316404,-0.005574348,0.3244283,-0.03636787,0.9451945,0.7482954,37.86139,355.8497,0.3602427,-0.08855321,-0.9286453,0,0,0,1.834115,-0.3705242,-2.531474,-0.0532504,-0.03947238,0.9512496,0.7868474,-0.07236637,-0.6128901,0.06513247,0.9972926,-0.03413521,0.613701,-0.01305984,0.7894305,moving,29.77122,-3.249027,-3.204041,-2.376142
05/15/2023 14:23:07.561050,2028,True,True,True,True,Eyes,1.287282,-0.3178885,-3.306886,0.4985712,-0.05207955,0.8652829,0,0,0,0,0,0,0,-3.078612,0.1261957,1.812672,1.295123,-0.3230179,-3.316305,-0.00465721,0.3253118,-0.03705859,0.9448689,0.8772492,37.96437,355.8097,0.3603397,-0.08861353,-0.9286018,0,0,0,1.837721,-0.3729688,-2.531745,-0.05212668,-0.03927848,0.9529859,0.7855977,-0.07306109,-0.6144089,0.06700091,0.9972099,-0.03291209,0.6150991,-0.01531028,0.7883011,moving,29.95031,-3.444357,-3.13086,-2.36018
05/15/2023 14:23:07.570929,2029,True,True,True,True,Eyes,1.287636,-0.3181293,-3.306758,0.5011696,-0.05493796,0.8636034,0,0,0,0,0,0,0,-3.083902,0.1281307,1.803706,1.295354,-0.3232324,-3.316293,-0.00348033,0.3265553,-0.03800557,0.9444073,1.0456,38.10975,355.7522,0.3604368,-0.08867458,-0.9285583,0,0,0,1.840913,-0.3751325,-2.531985,-0.05208513,-0.03844963,0.9546083,0.7838344,-0.07405851,-0.6165379,0.06951243,0.9970869,-0.03139554,0.617067,-0.01824815,0.786699,moving,30.12761,-3.639955,-3.123063,-2.306508
05/15/2023 14:23:07.591149,2030,True,True,True,True,Eyes,1.287988,-0.3183675,-3.306633,0.5038187,-0.05773748,0.8618776,0,0,0,0,0,0,0,-3.088785,0.131387,1.79509,1.295544,-0.3233882,-3.316201,-0.002298541,0.3277429,-0.03865937,0.943973,1.203365,38.24862,355.7269,0.3605338,-0.0887362,-0.9285147,0,0,0,1.844076,-0.3772768,-2.532222,-0.05189091,-0.03778646,0.9561874,0.7821801,-0.07449345,-0.6185831,0.07148013,0.9970003,-0.02968019,0.6189386,-0.02100115,0.7851586,moving,30.30882,-3.832538,-3.106312,-2.263028
05/15/2023 14:23:07.611119,2031,True,True,True,True,Eyes,1.288339,-0.3186068,-3.306508,0.506417,-0.06051945,0.8601624,0,0,0,0,0,0,0,-3.092605,0.1354622,1.788231,1.295788,-0.323514,-3.316113,-0.001257586,0.3286726,-0.03897414,0.9436387,1.332021,38.35719,355.7332,0.3606306,-0.08879827,-0.9284711,0,0,0,1.847508,-0.3796032,-2.53248,-0.050991,-0.03772905,0.9579133,0.7809106,-0.07438168,-0.6201982,0.07272834,0.9969589,-0.02799288,0.6203943,-0.02324606,0.7839454,moving,30.48727,-4.024594,-3.047055,-2.255526
05/15/2023 14:23:07.620859,2032,True,True,True,True,Eyes,1.28869,-0.3188472,-3.306396,0.5090039,-0.0632385,0.8584381,0,0,0,0,0,0,0,-3.096642,0.1392833,1.780996,1.296068,-0.3237534,-3.316011,-0.0001846622,0.3296457,-0.03939848,0.9432823,1.468462,38.47087,355.729,0.3607273,-0.08886077,-0.9284276,0,0,0,1.850944,-0.381932,-2.532737,-0.05021226,-0.03744132,0.9596174,0.779563,-0.07444953,-0.6218833,0.07420604,0.9968954,-0.02632346,0.6219124,-0.0256267,0.7826674,moving,30.66547,-4.213194,-2.995287,-2.234372
05/15/2023 14:23:07.641261,2033,True,True,True,True,Eyes,1.289037,-0.3190907,-3.306288,0.511548,-0.06596069,0.8567192,0,0,0,0,0,0,0,-3.100666,0.1420825,1.774243,1.296376,-0.3240035,-3.316125,0.000817863,0.3305666,-0.03995936,0.9429361,1.602247,38.57838,355.7076,0.3608237,-0.08892365,-0.9283842,0,0,0,1.854209,-0.3841454,-2.532983,-0.04962939,-0.03709245,0.9613882,0.778258,-0.07481753,-0.6234715,0.07589895,0.9968051,-0.02487607,0.6233407,-0.02796084,0.7814502,moving,30.84147,-4.402642,-2.955136,-2.2095
05/15/2023 14:23:07.660818,2034,True,True,True,True,Eyes,1.289368,-0.319327,-3.306175,0.5141078,-0.06861285,0.8549768,0,0,0,0,0,0,0,-3.105184,0.1461846,1.766243,1.296623,-0.3242927,-3.316136,0.002072734,0.3316469,-0.04053032,0.9425304,1.764458,38.70442,355.6952,0.3609197,-0.08898696,-0.9283407,0,0,0,1.857497,-0.3863737,-2.533229,-0.04927641,-0.03624179,0.9631377,0.7767352,-0.07502729,-0.6253425,0.07777694,0.9967059,-0.02297628,0.6250066,-0.03079074,0.7800121,moving,31.019,-4.588218,-2.928834,-2.154959
05/15/2023 14:23:07.680726,2035,True,True,True,True,Eyes,1.289697,-0.3195597,-3.306065,0.5166326,-0.07124927,0.8532375,0,0,0,0,0,0,0,-3.109673,0.1495581,1.758362,1.29693,-0.3243682,-3.316177,0.00323657,0.332711,-0.04110137,0.9421272,1.916803,38.82891,355.6796,0.361015,-0.08905047,-0.9282975,0,0,0,1.860938,-0.3887063,-2.533488,-0.04880691,-0.03585805,0.9649755,0.7752281,-0.07529177,-0.6271783,0.07959913,0.9966004,-0.02125124,0.6266461,-0.03344828,0.7785859,moving,31.19477,-4.773388,-2.895461,-2.128106
05/15/2023 14:23:07.691292,2036,True,True,True,True,Eyes,1.290012,-0.3197865,-3.305951,0.5191674,-0.0737825,0.8514818,0,0,0,0,0,0,0,-3.11439,0.1520286,1.74989,1.297185,-0.3244925,-3.316123,0.0042119,0.333871,-0.04165062,0.9416888,2.048443,38.96577,355.6597,0.3611097,-0.08911408,-0.9282546,0,0,0,1.864275,-0.3909686,-2.533738,-0.04851845,-0.03571668,0.9666991,0.7735907,-0.07563137,-0.629156,0.0812563,0.9964949,-0.01987927,0.6284543,-0.03574446,0.7770249,moving,31.37159,-4.952417,-2.873254,-2.115947
05/15/2023 14:23:07.711059,2037,True,True,True,True,Eyes,1.290326,-0.3200092,-3.30584,0.5216605,-0.07626851,0.8497373,0,0,0,0,0,0,0,-3.118455,0.1542365,1.742726,1.297466,-0.3245906,-3.316153,0.004959372,0.3348611,-0.04199491,0.9413183,2.146895,39.08316,355.6532,0.3612034,-0.08917761,-0.928212,0,0,0,1.867642,-0.3932508,-2.533991,-0.04792222,-0.03613757,0.9684985,0.7722089,-0.07573975,-0.6308382,0.08238254,0.9964237,-0.01878822,0.6300052,-0.03746162,0.7756869,moving,31.5461,-5.128862,-2.832739,-2.136886
05/15/2023 14:23:07.730825,2038,True,True,True,True,Eyes,1.290637,-0.3202295,-3.305734,0.52408,-0.0786586,0.848029,0,0,0,0,0,0,0,-3.122563,0.155266,1.735438,1.297756,-0.3247065,-3.316118,0.005516635,0.3358747,-0.04237261,0.940937,2.226236,39.20399,355.636,0.3612963,-0.08924096,-0.9281698,0,0,0,1.870947,-0.3954915,-2.534239,-0.04738137,-0.03683419,0.9702021,0.7707855,-0.07603411,-0.6325414,0.08344572,0.9963483,-0.01808216,0.6316064,-0.03884539,0.7743155,moving,31.71597,-5.299285,-2.79591,-2.174218
05/15/2023 14:23:07.741329,2039,True,True,True,True,Eyes,1.290948,-0.3204543,-3.305631,0.5264623,-0.08104782,0.8463266,0,0,0,0,0,0,0,-3.126996,0.1554312,1.727942,1.298142,-0.324877,-3.316222,0.006064219,0.3369205,-0.04292714,0.9405347,2.311553,39.3285,355.5997,0.3613883,-0.08930407,-0.9281279,0,0,0,1.874197,-0.3976938,-2.534483,-0.04711848,-0.03736851,0.9719259,0.7692837,-0.0766626,-0.6342913,0.08483522,0.9962409,-0.01751885,0.63325,-0.04033327,0.7728956,moving,31.88391,-5.470205,-2.775498,-2.201818
05/15/2023 14:23:07.760876,2040,True,True,True,True,Eyes,1.291246,-0.3206721,-3.305524,0.5288717,-0.08342105,0.8445921,0,0,0,0,0,0,0,-3.131534,0.1564693,1.719849,1.298419,-0.3251933,-3.316206,0.007011533,0.3380073,-0.04377647,0.9400989,2.451666,39.4562,355.5471,0.3614794,-0.08936709,-0.9280863,0,0,0,1.877764,-0.4001118,-2.534751,-0.04655415,-0.03701703,0.973852,0.7676694,-0.07756851,-0.6361343,0.08704829,0.9960689,-0.01641046,0.6349065,-0.04277659,0.7714038,moving,32.05422,-5.640855,-2.736892,-2.176818
05/15/2023 14:23:07.771426,2041,True,True,True,True,Eyes,1.291545,-0.3208971,-3.30542,0.5312513,-0.0857892,0.8428596,0,0,0,0,0,0,0,-3.13645,0.1578776,1.711275,1.298812,-0.3252648,-3.316322,0.00802734,0.3391645,-0.04456141,0.9396369,2.597125,39.59241,355.5046,0.3615695,-0.08942985,-0.9280452,0,0,0,1.881116,-0.4023841,-2.535002,-0.04649702,-0.03669887,0.9756933,0.7659636,-0.0782979,-0.6380983,0.08918826,0.9958997,-0.01514172,0.6366674,-0.04531286,0.769806,moving,32.22308,-5.811751,-2.728387,-2.154058
05/15/2023 14:23:07.791260,2042,True,True,True,True,Eyes,1.291848,-0.3211153,-3.305326,0.5334945,-0.08807763,0.841205,0,0,0,0,0,0,0,-3.141106,0.1604419,1.702638,1.29909,-0.3256429,-3.316261,0.008993941,0.3403259,-0.04510916,0.939182,2.728168,39.72987,355.4862,0.3616587,-0.08949257,-0.9280044,0,0,0,1.884374,-0.4045928,-2.535247,-0.04636973,-0.03622638,0.9774003,0.7642869,-0.07860968,-0.6400673,0.09085317,0.9957685,-0.01380974,0.6384444,-0.04759753,0.7681947,moving,32.38298,-5.977325,-2.716184,-2.12264
05/15/2023 14:23:07.811215,2043,True,True,True,True,Eyes,1.292153,-0.3213274,-3.305237,0.535716,-0.09034098,0.8395516,0,0,0,0,0,0,0,-3.145649,0.1616446,1.694385,1.299329,-0.3256744,-3.316302,0.01005962,0.3414275,-0.04598112,0.938729,2.882329,39.85906,355.4368,0.361747,-0.08955503,-0.927964,0,0,0,1.887568,-0.4067576,-2.535487,-0.04618815,-0.03567143,0.9792168,0.762626,-0.07945834,-0.6419408,0.09319686,0.9955691,-0.01251193,0.6400906,-0.05028494,0.766652,moving,32.54185,-6.14175,-2.700552,-2.086278
05/15/2023 14:23:07.821272,2044,True,True,True,True,Eyes,1.292449,-0.3215368,-3.305145,0.5380192,-0.09256195,0.837835,0,0,0,0,0,0,0,-3.150475,0.1602826,1.685745,1.299637,-0.3257312,-3.316287,0.01062892,0.3426173,-0.0468298,0.9382472,2.982704,40.00051,355.3711,0.3618345,-0.08961707,-0.9279239,0,0,0,1.891083,-0.4091405,-2.535751,-0.04588026,-0.03622212,0.9811146,0.7608408,-0.08059253,-0.6439148,0.09515914,0.995388,-0.01214429,0.6419237,-0.0520345,0.7650009,moving,32.70671,-6.304331,-2.677395,-2.114363
05/15/2023 14:23:07.840831,2045,True,True,True,True,Eyes,1.292742,-0.3217466,-3.305056,0.5402864,-0.09474666,0.8361303,0,0,0,0,0,0,0,-3.15519,0.1590043,1.677471,1.299998,-0.3259021,-3.316355,0.01112417,0.343762,-0.04759983,0.9377838,3.071961,40.1369,355.3111,0.3619212,-0.08967869,-0.9278841,0,0,0,1.894352,-0.4113563,-2.535996,-0.04579759,-0.03669473,0.982891,0.7591239,-0.08162855,-0.6458078,0.09692481,0.995221,-0.0118619,0.6436898,-0.05359014,0.7634079,moving,32.86953,-6.464933,-2.667754,-2.138057
05/15/2023 14:23:07.860880,2046,True,True,True,True,Eyes,1.293038,-0.3219488,-3.304968,0.5424433,-0.09683241,0.834493,0,0,0,0,0,0,0,-3.159144,0.1579112,1.67026,1.300167,-0.3260657,-3.316344,0.01157787,0.3447609,-0.04829406,0.9373759,3.15317,40.25579,355.2573,0.362007,-0.08973993,-0.9278447,0,0,0,1.897774,-0.4136758,-2.536253,-0.04508877,-0.03734476,0.9848475,0.7576152,-0.08255617,-0.6474594,0.09852255,0.9950672,-0.01159418,0.645223,-0.05500543,0.7620117,moving,33.02497,-6.618853,-2.621313,-2.171577
05/15/2023 14:23:07.871093,2047,True,True,True,True,Eyes,1.293333,-0.32215,-3.304882,0.5445575,-0.09890703,0.8328713,0,0,0,0,0,0,0,-3.162446,0.1569186,1.664103,1.300495,-0.3260847,-3.316219,0.01211987,0.3455648,-0.04904282,0.9370341,3.245158,40.35047,355.2006,0.3620921,-0.0898006,-0.9278057,0,0,0,1.901071,-0.4159106,-2.5365,-0.04412735,-0.03785651,0.9865804,0.7563596,-0.0835332,-0.6488007,0.100286,0.9948958,-0.01118149,0.6464231,-0.0566084,0.7608762,moving,33.17793,-6.772402,-2.560994,-2.197444
05/15/2023 14:23:07.891016,2048,True,True,True,True,Eyes,1.293646,-0.3223479,-3.304812,0.5466609,-0.1009226,0.8312499,0,0,0,0,0,0,0,-3.165832,0.1572115,1.657757,1.300732,-0.326297,-3.316171,0.01281381,0.3463982,-0.0497282,0.936681,3.351217,40.44849,355.157,0.3621764,-0.08986074,-0.9277669,0,0,0,1.901071,-0.4159106,-2.5365,-0.04609355,-0.03602951,0.986358,0.7550707,-0.08428156,-0.6502036,0.1020363,0.9947258,-0.01044661,0.6476549,-0.05845644,0.7596881,static,33.33041,-6.922437,-2.675546,-2.09196
05/15/2023 14:23:07.911069,2049,True,True,True,True,Eyes,1.293962,-0.3225516,-3.30474,0.5487279,-0.1029356,0.8296396,0,0,0,0,0,0,0,-3.169072,0.158482,1.651734,1.301113,-0.3263805,-3.316164,0.01356548,0.3471718,-0.05024508,0.9363564,3.45655,40.5395,355.1338,0.3622605,-0.08992024,-0.9277284,0,0,0,1.901071,-0.4159106,-2.5365,-0.04807702,-0.03433487,0.9860785,0.7538944,-0.08467548,-0.6515161,0.1035137,0.9945828,-0.00948309,0.6487897,-0.06029159,0.7585756,static,33.48085,-7.0727,-2.791289,-1.994211
05/15/2023 14:23:07.930692,2050,True,True,True,True,Eyes,1.294288,-0.3227536,-3.304678,0.5507656,-0.1049552,0.8280348,0,0,0,0,0,0,0,-3.172648,0.1600327,1.644832,1.301443,-0.3267041,-3.316065,0.01438135,0.348059,-0.05081394,0.9359842,3.571491,40.64412,355.1081,0.3623444,-0.08997934,-0.9276899,0,0,0,1.901071,-0.4159106,-2.5365,-0.0502288,-0.03225636,0.9857323,0.7525458,-0.08511094,-0.6530169,0.1051332,0.9944223,-0.008451056,0.6500937,-0.06229392,0.7572963,static,33.62979,-7.22384,-2.917031,-1.874235
05/15/2023 14:23:07.941132,2051,True,True,True,True,Eyes,1.29461,-0.322962,-3.304617,0.5527633,-0.107011,0.826439,0,0,0,0,0,0,0,-3.176146,0.1620524,1.637873,1.30171,-0.3268248,-3.315951,0.01548591,0.3489266,-0.05155948,0.9356025,3.724457,40.74509,355.0749,0.3624282,-0.090038,-0.9276515,0,0,0,1.901071,-0.4159106,-2.5365,-0.05229551,-0.02972586,0.9854413,0.7511837,-0.08567146,-0.65451,0.1072852,0.9942036,-0.007003639,0.6513163,-0.06495825,0.7560208,static,33.77656,-7.37786,-3.037729,-1.727804
05/15/2023 14:23:07.960963,2052,True,True,True,True,Eyes,1.294935,-0.3231651,-3.304555,0.5547759,-0.1090761,0.8248188,0,0,0,0,0,0,0,-3.179471,0.16661,1.631052,1.301896,-0.3271555,-3.315896,0.01682972,0.3497637,-0.05208322,0.9352377,3.894138,40.84243,355.0753,0.3625118,-0.09009644,-0.9276131,0,0,0,1.901071,-0.4159106,-2.5365,-0.05433923,-0.02665861,0.9852316,0.7499055,-0.08564752,-0.6559774,0.1091932,0.9940082,-0.004954047,0.6524711,-0.06791321,0.7547644,static,33.92491,-7.533226,-3.156879,-1.549943
05/15/2023 14:23:07.980973,2053,True,True,True,True,Eyes,1.295253,-0.3233698,-3.304489,0.5567262,-0.1111639,0.8232244,0,0,0,0,0,0,0,-3.182012,0.1714068,1.625383,1.302166,-0.327202,-3.315683,0.01821394,0.3504006,-0.0525529,0.9349471,4.06495,40.91549,355.0826,0.3625954,-0.09015454,-0.9275748,0,0,0,1.901071,-0.4159106,-2.5365,-0.05590713,-0.02382081,0.98488,0.7489153,-0.08550401,-0.6571264,0.1110327,0.9938129,-0.002771003,0.6532976,-0.07088727,0.7537754,static,34.06951,-7.690403,-3.248933,-1.385515
05/15/2023 14:23:07.991394,2054,True,True,True,True,Eyes,1.295559,-0.3235733,-3.304421,0.558816,-0.1133003,0.8215154,0,0,0,0,0,0,0,-3.183934,0.1762958,1.620958,1.302312,-0.3274136,-3.31554,0.01947379,0.3508837,-0.05291399,0.9347201,4.217247,40.97051,355.0961,0.3626788,-0.09021237,-0.9275365,0,0,0,1.901071,-0.4159106,-2.5365,-0.05710834,-0.02109004,0.9846526,0.7481615,-0.08525347,-0.6580169,0.1125856,0.9936417,-0.0007282366,0.6538951,-0.0735384,0.7530028,static,34.22455,-7.852481,-3.319349,-1.227017
05/15/2023 14:23:08.010826,2055,True,True,True,True,Eyes,1.295858,-0.323778,-3.304352,0.5608373,-0.1154603,0.8198355,0,0,0,0,0,0,0,-3.185457,0.1826834,1.617335,1.302486,-0.327583,-3.315494,0.02098421,0.3512276,-0.0532373,0.9345399,4.394194,41.00818,355.1232,0.3627618,-0.09026998,-0.9274985,0,0,0,1.901071,-0.4159106,-2.5365,-0.05813289,-0.01794257,0.9844972,0.74761,-0.08476428,-0.6587065,0.1142452,0.9934509,0.001824347,0.6542379,-0.07661797,0.7523978,static,34.37545,-8.016442,-3.379295,-1.044107
05/15/2023 14:23:08.031208,2056,True,True,True,True,Eyes,1.296161,-0.3239708,-3.304286,0.5629309,-0.1177181,0.8180779,0,0,0,0,0,0,0,-3.187032,0.1899458,1.613301,1.302589,-0.3277794,-3.315391,0.02240119,0.3516437,-0.05327689,0.9343482,4.550054,41.05615,355.1775,0.3628442,-0.0903274,-0.9274607,0,0,0,1.901071,-0.4159106,-2.5365,-0.05921829,-0.01510896,0.9843189,0.7470165,-0.08380385,-0.6595021,0.1153128,0.9933195,0.004392044,0.6547284,-0.07932997,0.7516898,static,34.53241,-8.188426,-3.442861,-0.8794015
05/15/2023 14:23:08.041346,2057,True,True,True,True,Eyes,1.296455,-0.3241533,-3.304213,0.5649382,-0.1199263,0.8163716,0,0,0,0,0,0,0,-3.188227,0.1965626,1.609864,1.302767,-0.3276397,-3.315198,0.02358541,0.351984,-0.05313117,0.9341992,4.673043,41.09619,355.2423,0.3629262,-0.09038431,-0.9274231,0,0,0,1.901071,-0.4159106,-2.5365,-0.06008741,-0.01315724,0.9840457,0.7465687,-0.08266682,-0.6601527,0.1158736,0.9932417,0.006664307,0.6551401,-0.0814696,0.7511019,static,34.68366,-8.357065,-3.494234,-0.7660307
05/15/2023 14:23:08.061179,2058,True,True,True,True,Eyes,1.296743,-0.3243342,-3.304143,0.5669313,-0.1221396,0.81466,0,0,0,0,0,0,0,-3.188434,0.2031434,1.608368,1.302722,-0.3276852,-3.315081,0.02445053,0.3521047,-0.05270856,0.9341556,4.749473,41.11109,355.3231,0.3630077,-0.09044052,-0.9273857,0,0,0,1.901071,-0.4159106,-2.5365,-0.06035927,-0.01173689,0.9839783,0.7464883,-0.08125769,-0.6604184,0.1156943,0.993248,0.008563327,0.6552634,-0.08279903,0.750849,static,34.8345,-8.526681,-3.510243,-0.6833915
05/15/2023 14:23:08.071045,2059,True,True,True,True,Eyes,1.297024,-0.3245087,-3.304075,0.5688348,-0.1242996,0.8130047,0,0,0,0,0,0,0,-3.188191,0.209083,1.607524,1.302813,-0.3276607,-3.314775,0.02516846,0.3521117,-0.05225049,0.9341596,4.8081,41.11257,355.4012,0.3630885,-0.09049604,-0.9273487,0,0,0,1.901071,-0.4159106,-2.5365,-0.06034455,-0.01069115,0.9836949,0.7465745,-0.07989636,-0.6604869,0.1153448,0.9932729,0.01022669,0.6552267,-0.08381871,0.7507679,static,34.97932,-8.692594,-3.510398,-0.6226864
05/15/2023 14:23:08.091351,2060,True,True,True,True,Eyes,1.297292,-0.3246697,-3.304002,0.5708576,-0.1264235,0.8112575,0,0,0,0,0,0,0,-3.187736,0.2154783,1.607582,1.302899,-0.3276585,-3.314741,0.0258432,0.3520222,-0.05166489,0.9342073,4.856485,41.10289,355.4908,0.3631686,-0.09055076,-0.927312,0,0,0,1.901071,-0.4159106,-2.5365,-0.06030375,-0.009767156,0.983628,0.7468221,-0.07833668,-0.6603938,0.1147262,0.9933257,0.01191143,0.655053,-0.08466019,0.750825,static,35.1329,-8.857526,-3.508268,-0.5689127
05/15/2023 14:23:08.110853,2061,True,True,True,True,Eyes,1.297547,-0.3248164,-3.303917,0.5727624,-0.1284401,0.8095964,0,0,0,0,0,0,0,-3.186766,0.2221905,1.607999,1.302839,-0.327485,-3.314494,0.02641524,0.351887,-0.05087395,0.9342856,4.885371,41.08865,355.5982,0.3632477,-0.09060441,-0.9272758,0,0,0,1.901071,-0.4159106,-2.5365,-0.05989641,-0.009308596,0.9835145,0.7471747,-0.07647123,-0.6602136,0.113652,0.9934282,0.01355499,0.6548383,-0.08516252,0.7509555,static,35.27813,-9.01468,-3.48503,-0.5422668
05/15/2023 14:23:08.121784,2062,True,True,True,True,Eyes,1.297776,-0.3249579,-3.303823,0.5746276,-0.1303462,0.8079684,0,0,0,0,0,0,0,-3.183864,0.2290048,1.611972,1.302811,-0.3272755,-3.314131,0.02657333,0.3512672,-0.04964586,0.9345804,4.850019,41.01725,355.7336,0.3633258,-0.09065674,-0.9272401,0,0,0,1.901071,-0.4159106,-2.5365,-0.05838001,-0.009885493,0.9833486,0.7482933,-0.07412741,-0.6592133,0.1114648,0.9936582,0.01479192,0.6539363,-0.08454775,0.7518105,static,35.42046,-9.164329,-3.397581,-0.5759686
05/15/2023 14:23:08.141348,2063,True,True,True,True,Eyes,1.29799,-0.3250857,-3.303727,0.5763507,-0.1321559,0.8064457,0,0,0,0,0,0,0,-3.17969,0.2365711,1.618594,1.302622,-0.3273129,-3.313953,0.02668169,0.3502963,-0.04829057,0.9350128,4.802851,40.90335,355.8789,0.3634025,-0.09070779,-0.9272051,0,0,0,1.901071,-0.4159106,-2.5365,-0.05614954,-0.0103403,0.9834449,0.7499211,-0.07161159,-0.6576397,0.1089976,0.9939122,0.01606343,0.6524858,-0.08372743,0.7531613,static,35.55264,-9.306594,-3.267741,-0.6024069
05/15/2023 14:23:08.161299,2064,True,True,True,True,Eyes,1.29799,-0.3250857,-3.303727,0.5763507,-0.1321559,0.8064457,0,0,0,0,0,0,0,-3.175275,0.2434334,1.625753,1.302524,-0.3270998,-3.313781,0.02686957,0.3492261,-0.0471192,0.9354674,4.771474,40.77652,356.0072,0.3634774,-0.0907573,-0.9271709,0,0,0,1.901071,-0.4159106,-2.5365,-0.05377114,-0.01079501,0.9835159,0.7516418,-0.06938984,-0.6559114,0.1069241,0.9941157,0.01736069,0.6508471,-0.08318172,0.7546383,static,35.55264,-9.306594,-3.12938,-0.6288497
05/15/2023 14:23:08.171058,2065,True,True,True,True,Eyes,1.29799,-0.3250857,-3.303727,0.5763507,-0.1321559,0.8064457,0,0,0,0,0,0,0,-3.170447,0.2484231,1.633838,1.302307,-0.3268864,-3.313612,0.02668074,0.3480746,-0.04593147,0.9359608,4.698902,40.64017,356.1219,0.3635449,-0.09080187,-0.9271401,0,0,0,1.901071,-0.4159106,-2.5365,-0.05109489,-0.01195479,0.9836625,0.7534688,-0.06740633,-0.6540193,0.1045539,0.9943569,0.0179691,0.6491174,-0.08191941,0.7562644,static,35.55264,-9.306594,-2.973472,-0.6963012
05/15/2023 14:23:08.191120,2066,True,True,True,True,Eyes,1.29799,-0.3250857,-3.303727,0.5763507,-0.1321559,0.8064457,0,0,0,0,0,0,0,-3.165383,0.2514487,1.642559,1.302297,-0.3267898,-3.313323,0.02613773,0.3468339,-0.04478651,0.9364919,4.58986,40.49304,356.2177,0.3636056,-0.09084199,-0.9271123,0,0,0,1.901071,-0.4159106,-2.5365,-0.04827917,-0.01366118,0.9835691,0.7554007,-0.0657535,-0.6519557,0.1020153,0.994622,0.01788859,0.6472731,-0.08002251,0.758046,static,35.55264,-9.306594,-2.810147,-0.7957523
05/15/2023 14:23:08.210883,2067,True,True,True,True,Eyes,1.29799,-0.3250857,-3.303727,0.5763507,-0.1321559,0.8064457,0,0,0,0,0,0,0,-3.160794,0.2521317,1.650841,1.302161,-0.3265662,-3.313184,0.02534319,0.345714,-0.04381567,0.9369738,4.461385,40.36024,356.2857,0.3636603,-0.09087808,-0.9270874,0,0,0,1.901071,-0.4159106,-2.5365,-0.04568058,-0.01586035,0.9836539,0.7571239,-0.06458526,-0.6500708,0.09963125,0.9948758,0.01719642,0.645629,-0.07778719,0.759679,static,35.55264,-9.306594,-2.658888,-0.9237522
05/15/2023 14:23:08.230723,2068,True,True,True,True,Eyes,1.298206,-0.3251854,-3.303625,0.5771114,-0.1331392,0.8057396,0,0,0,0,0,0,0,-3.156626,0.2529688,1.65788,1.302023,-0.326362,-3.312865,0.02455019,0.344757,-0.0428002,0.9373943,4.332121,40.24752,356.3596,0.3637094,-0.09091058,-0.9270649,0,0,0,1.901071,-0.4159106,-2.5365,-0.04331157,-0.01808201,0.9835733,0.7586215,-0.06331363,-0.6484481,0.09716903,0.9951308,0.01651508,0.6442451,-0.07553776,0.7610797,static,35.61215,-9.382689,-2.521386,-1.053207
05/15/2023 14:23:08.241690,2069,True,True,True,True,Eyes,1.298407,-0.3252731,-3.303519,0.5777901,-0.134037,0.8051041,0,0,0,0,0,0,0,-3.15306,0.2554321,1.663889,1.301876,-0.3265505,-3.312709,0.02385413,0.3439584,-0.04161775,0.9377589,4.207479,40.15462,356.4562,0.3637598,-0.09094264,-0.927042,0,0,0,1.901071,-0.4159106,-2.5365,-0.0414238,-0.01984201,0.98357,0.7599212,-0.06164517,-0.6470856,0.09446449,0.9953979,0.01610929,0.6431146,-0.07336839,0.7622472,static,35.66545,-9.452142,-2.41163,-1.155697
05/15/2023 14:23:08.261062,2070,True,True,True,True,Eyes,1.298585,-0.3253531,-3.303411,0.5783991,-0.1347115,0.8045541,0,0,0,0,0,0,0,-3.149329,0.2576575,1.67003,1.30171,-0.3263562,-3.312507,0.02352632,0.3430889,-0.04081483,0.938121,4.137329,40.05136,356.5262,0.363811,-0.09097399,-0.9270189,0,0,0,1.901071,-0.4159106,-2.5365,-0.03934449,-0.02106244,0.9835891,0.7612484,-0.06043525,-0.645638,0.09272172,0.9955613,0.01613484,0.6417972,-0.07214729,0.7634732,static,35.7126,-9.505218,-2.290664,-1.226736
05/15/2023 14:23:08.271918,2071,True,True,True,True,Eyes,1.298755,-0.325429,-3.303303,0.5789364,-0.1353083,0.8040674,0,0,0,0,0,0,0,-3.145773,0.2602197,1.675945,1.301519,-0.3262976,-3.312397,0.0232834,0.3422525,-0.04005976,0.9384651,4.078457,39.95192,356.5945,0.3638623,-0.09100453,-0.9269958,0,0,0,1.901071,-0.4159106,-2.5365,-0.03739196,-0.02196108,0.9836808,0.7625169,-0.05925175,-0.6442494,0.09112696,0.9957062,0.01628021,0.6405185,-0.07112242,0.7646422,static,35.75425,-9.552225,-2.176896,-1.27894
05/15/2023 14:23:08.291194,2072,True,True,True,True,Eyes,1.298755,-0.325429,-3.303303,0.5789364,-0.1353083,0.8040674,0,0,0,0,0,0,0,-3.142349,0.2626139,1.681779,1.301509,-0.3262803,-3.312298,0.02290881,0.3414282,-0.03919545,0.9388109,4.00129,39.85441,356.6697,0.3639136,-0.09103422,-0.9269727,0,0,0,1.901071,-0.4159106,-2.5365,-0.03560796,-0.02315126,0.9836493,0.7637811,-0.0579508,-0.6428688,0.08923765,0.9958778,0.01624921,0.639277,-0.06977893,0.765804,static,35.75425,-9.552225,-2.073194,-1.34827
05/15/2023 14:23:08.311249,2073,True,True,True,True,Eyes,1.298755,-0.325429,-3.303303,0.5789364,-0.1353083,0.8040674,0,0,0,0,0,0,0,-3.140128,0.2642821,1.685509,1.301348,-0.326283,-3.312283,0.02269587,0.3409176,-0.03864698,0.9390242,3.955106,39.79404,356.7184,0.3639597,-0.09106094,-0.926952,0,0,0,1.901071,-0.4159106,-2.5365,-0.03441882,-0.02383407,0.9837618,0.7645632,-0.05710606,-0.6420141,0.08805574,0.9959826,0.01627307,0.6385056,-0.06897482,0.7665202,static,35.75425,-9.552225,-2.003787,-1.387861
05/15/2023 14:23:08.321650,2074,True,True,True,True,Eyes,1.2989,-0.3255021,-3.303184,0.5795412,-0.1357206,0.803562,0,0,0,0,0,0,0,-3.138855,0.2674791,1.68669,1.30133,-0.3262522,-3.311945,0.02282399,0.3406979,-0.03812542,0.9391223,3.947796,39.76881,356.7788,0.3640012,-0.09108499,-0.9269333,0,0,0,1.901071,-0.4159106,-2.5365,-0.03377327,-0.02393264,0.9835289,0.7649429,-0.05605668,-0.6416541,0.08716102,0.996051,0.01689053,0.6381735,-0.06884752,0.7668081,static,35.79972,-9.58671,-1.9667,-1.393928
05/15/2023 14:23:08.341217,2075,True,True,True,True,Eyes,1.299031,-0.3255689,-3.303059,0.5800969,-0.1361538,0.8030876,0,0,0,0,0,0,0,-3.137101,0.2728366,1.688714,1.301057,-0.3263,-3.311854,0.02327958,0.3403651,-0.03754415,0.9392552,3.973114,39.72977,356.8579,0.3640432,-0.09110882,-0.9269146,0,0,0,1.901071,-0.4159106,-2.5365,-0.03289953,-0.02334435,0.9836624,0.765484,-0.05467994,-0.6411273,0.08637417,0.996097,0.01817349,0.6376313,-0.06928836,0.7672193,static,35.84184,-9.622315,-1.915598,-1.359492
05/15/2023 14:23:08.360959,2076,True,True,True,True,Eyes,1.299128,-0.3256294,-3.30292,0.5809284,-0.1365666,0.8024162,0,0,0,0,0,0,0,-3.134984,0.2801358,1.69077,1.300848,-0.3261926,-3.3116,0.02400696,0.339973,-0.03682686,0.9394073,4.02231,39.68384,356.962,0.3640853,-0.0911323,-0.9268957,0,0,0,1.901071,-0.4159106,-2.5365,-0.0318737,-0.02249179,0.9836531,0.7661243,-0.05286739,-0.6405144,0.08551426,0.9961349,0.02006435,0.636978,-0.07014489,0.767684,static,35.90356,-9.65886,-1.855929,-1.309872
05/15/2023 14:23:08.371050,2077,True,True,True,True,Eyes,1.299215,-0.3256901,-3.302792,0.5816919,-0.1369801,0.8017923,0,0,0,0,0,0,0,-3.132614,0.2850932,1.693956,1.300655,-0.326144,-3.311489,0.02435806,0.3394682,-0.03620226,0.9396049,4.034258,39.62413,357.041,0.3641268,-0.09115535,-0.9268772,0,0,0,1.901071,-0.4159106,-2.5365,-0.03067452,-0.02222241,0.9837323,0.7669016,-0.05149407,-0.6396956,0.08456921,0.9961921,0.02119488,0.6361684,-0.07035293,0.7683361,static,35.96049,-9.694946,-1.786005,-1.294086
05/15/2023 14:23:08.391181,2078,True,True,True,True,Eyes,1.299268,-0.3257459,-3.302652,0.5826593,-0.1374256,0.8010134,0,0,0,0,0,0,0,-3.130453,0.2894866,1.697356,1.300524,-0.3261979,-3.311613,0.0247456,0.3389425,-0.0357599,0.9398016,4.057238,39.56132,357.1015,0.3641674,-0.09117801,-0.926859,0,0,0,1.901071,-0.4159106,-2.5365,-0.02962679,-0.02167172,0.9839494,0.7676784,-0.05043974,-0.6388471,0.08398908,0.9962177,0.02227081,0.6353076,-0.070753,0.7690113,static,36.03225,-9.735153,-1.724659,-1.261749
05/15/2023 14:23:08.411197,2079,True,True,True,True,Eyes,1.299316,-0.3257908,-3.302506,0.5835623,-0.137856,0.8002817,0,0,0,0,0,0,0,-3.128842,0.2931949,1.699521,1.300348,-0.3261772,-3.311599,0.02516143,0.338585,-0.03546652,0.9399306,4.089626,39.51857,357.1478,0.3642066,-0.09120023,-0.9268414,0,0,0,1.901071,-0.4159106,-2.5365,-0.02879637,-0.02106045,0.9840862,0.7682046,-0.04963356,-0.6382776,0.08371069,0.9962181,0.02328312,0.634708,-0.07131685,0.7694541,static,36.09938,-9.773813,-1.676113,-1.226001
05/15/2023 14:23:08.421574,2080,True,True,True,True,Eyes,1.299346,-0.325832,-3.302363,0.5845555,-0.1382172,0.7994941,0,0,0,0,0,0,0,-3.126964,0.2956078,1.701879,1.300287,-0.3259528,-3.311298,0.02532595,0.3381882,-0.03512117,0.940082,4.092798,39.47128,357.1897,0.3642443,-0.09122179,-0.9268245,0,0,0,1.901071,-0.4159106,-2.5365,-0.02775574,-0.02116916,0.9839342,0.7687906,-0.04890367,-0.637628,0.08316342,0.9962502,0.02386181,0.6340702,-0.07137204,0.7699748,static,36.17266,-9.808393,-1.615824,-1.232518
05/15/2023 14:23:08.441106,2081,True,True,True,True,Eyes,1.299374,-0.3258729,-3.302227,0.5854775,-0.1385628,0.7987593,0,0,0,0,0,0,0,-3.124703,0.2961344,1.705866,1.300207,-0.3259557,-3.311292,0.02505184,0.3376343,-0.03474198,0.9403025,4.046885,39.40505,357.2177,0.3642803,-0.09124266,-0.9268083,0,0,0,1.901071,-0.4159106,-2.5365,-0.02653253,-0.02187649,0.9839963,0.7695922,-0.04841922,-0.6366974,0.08225266,0.9963308,0.02365245,0.633216,-0.07057278,0.770751,static,36.24081,-9.841309,-1.544552,-1.273607
05/15/2023 14:23:08.462305,2082,True,True,True,True,Eyes,1.299376,-0.325909,-3.302075,0.586519,-0.1389124,0.7979341,0,0,0,0,0,0,0,-3.122934,0.2974899,1.708976,1.30021,-0.3259862,-3.311344,0.02511417,0.3371651,-0.03456391,0.9404756,4.04535,39.34843,357.2374,0.3643146,-0.09126287,-0.9267928,0,0,0,1.901071,-0.4159106,-2.5365,-0.02560809,-0.02181384,0.9840589,0.77025,-0.04807779,-0.6359273,0.08194829,0.9963493,0.02393103,0.6324551,-0.07054602,0.7713779,static,36.31763,-9.875651,-1.490668,-1.269879
05/15/2023 14:23:08.471760,2083,True,True,True,True,Eyes,1.299372,-0.3259369,-3.301923,0.5875025,-0.1392326,0.7971544,0,0,0,0,0,0,0,-3.121679,0.298164,1.710967,1.300104,-0.3259471,-3.311295,0.02512459,0.3368698,-0.03444644,0.9405856,4.041073,39.31281,357.2492,0.3643469,-0.09128242,-0.9267781,0,0,0,1.901071,-0.4159106,-2.5365,-0.02488562,-0.02188293,0.9841056,0.7706645,-0.04787222,-0.6354405,0.08172708,0.9963644,0.02405572,0.6319787,-0.07047158,0.7717751,static,36.3902,-9.907454,-1.448561,-1.27384
05/15/2023 14:23:08.491211,2084,True,True,True,True,Eyes,1.299333,-0.3259615,-3.301758,0.5884992,-0.1395101,0.7963703,0,0,0,0,0,0,0,-3.120416,0.29852,1.712829,1.299985,-0.3257792,-3.311162,0.02500659,0.3366047,-0.03422212,0.9406918,4.018906,39.28126,357.2678,0.3643773,-0.09130116,-0.9267644,0,0,0,1.901071,-0.4159106,-2.5365,-0.02415133,-0.02238922,0.9840961,0.7710522,-0.04755026,-0.634994,0.08121961,0.996407,0.02400834,0.6315709,-0.07008564,0.7721439,static,36.46354,-9.936387,-1.40585,-1.303314
05/15/2023 14:23:08.511578,2085,True,True,True,True,Eyes,1.299294,-0.3259797,-3.301598,0.5894233,-0.1397251,0.7956489,0,0,0,0,0,0,0,-3.118389,0.2979798,1.716278,1.299702,-0.3257811,-3.311101,0.02462378,0.3361556,-0.03394013,0.9408727,3.965397,39.22753,357.2817,0.3644053,-0.09131914,-0.9267516,0,0,0,1.901071,-0.4159106,-2.5365,-0.02293801,-0.02323302,0.9842299,0.771695,-0.04731184,-0.6342306,0.08042152,0.9964835,0.02351735,0.6308877,-0.06915401,0.7727861,static,36.53136,-9.960237,-1.335068,-1.352231
05/15/2023 14:23:08.530866,2086,True,True,True,True,Eyes,1.29924,-0.3259875,-3.30144,0.5903251,-0.1399091,0.7949477,0,0,0,0,0,0,0,-3.116048,0.2973754,1.720485,1.299674,-0.3256557,-3.31105,0.0241088,0.3355887,-0.03349826,0.9411042,3.891141,39.16,357.3074,0.3644311,-0.09133624,-0.9267398,0,0,0,1.901071,-0.4159106,-2.5365,-0.0216752,-0.02456465,0.9842149,0.7725162,-0.04686942,-0.633263,0.07923198,0.9965932,0.0228945,0.6300326,-0.06786104,0.773598,static,36.59744,-9.981709,-1.261611,-1.429727
05/15/2023 14:23:08.541276,2087,True,True,True,True,Eyes,1.299193,-0.325993,-3.30128,0.5911781,-0.140002,0.7942971,0,0,0,0,0,0,0,-3.113604,0.2952238,1.725194,1.299496,-0.3254506,-3.311099,0.02352655,0.3349754,-0.03329641,0.9413446,3.818732,39.0861,357.3044,0.3644544,-0.09135228,-0.9267291,0,0,0,1.901071,-0.4159106,-2.5365,-0.02023533,-0.02593623,0.9843764,0.7733657,-0.04692516,-0.6322212,0.07844841,0.9966757,0.02198621,0.6290878,-0.06660013,0.7744759,static,36.65951,-9.996221,-1.177635,-1.509273
05/15/2023 14:23:08.560966,2088,True,True,True,True,Eyes,1.299132,-0.3260078,-3.301121,0.5920057,-0.1400758,0.7936674,0,0,0,0,0,0,0,-3.112418,0.2909674,1.727701,1.299615,-0.3254207,-3.310871,0.0225051,0.3346872,-0.03305295,0.9414806,3.698203,39.05212,357.2905,0.3644758,-0.09136729,-0.9267192,0,0,0,1.901071,-0.4159106,-2.5365,-0.01949665,-0.02802481,0.9840845,0.773784,-0.04717309,-0.6316907,0.07730176,0.996802,0.02025143,0.6287152,-0.06450103,0.774956,static,36.71968,-10.00916,-1.134994,-1.631231
05/15/2023 14:23:08.571612,2089,True,True,True,True,Eyes,1.299065,-0.3260206,-3.300957,0.5927734,-0.1401704,0.7930776,0,0,0,0,0,0,0,-3.111202,0.2900316,1.729905,1.299399,-0.3256833,-3.310855,0.02221032,0.3344058,-0.03299462,0.9415897,3.663305,39.01816,357.2845,0.364495,-0.09138165,-0.9267102,0,0,0,1.901071,-0.4159106,-2.5365,-0.01872051,-0.02831925,0.9841864,0.7741682,-0.04728026,-0.6312116,0.07698929,0.9968361,0.01975882,0.6282804,-0.06389318,0.7753589,static,36.7757,-10.02308,-1.089709,-1.64819
05/15/2023 14:23:08.590843,2090,True,True,True,True,Eyes,1.298942,-0.3260338,-3.300766,0.593556,-0.1403368,0.7924625,0,0,0,0,0,0,0,-3.109474,0.2921141,1.731992,1.29918,-0.3256383,-3.310596,0.02255198,0.3340386,-0.03295576,0.9417132,3.697685,38.97343,357.3003,0.3645123,-0.09139539,-0.9267021,0,0,0,1.901071,-0.4159106,-2.5365,-0.01765636,-0.02772037,0.9841574,0.7746642,-0.04700327,-0.6306236,0.0771362,0.9968107,0.020458,0.6276507,-0.06449198,0.7758192,static,36.83329,-10.04237,-1.027809,-1.613401
05/15/2023 14:23:08.611477,2091,True,True,True,True,Eyes,1.298829,-0.3260465,-3.300589,0.5942639,-0.1405178,0.7918998,0,0,0,0,0,0,0,-3.106703,0.2957196,1.736237,1.298964,-0.3256666,-3.310621,0.02285507,0.3333862,-0.03258414,0.9419499,3.714386,38.89505,357.3495,0.3645266,-0.09140868,-0.9266952,0,0,0,1.901071,-0.4159106,-2.5365,-0.01620275,-0.02730967,0.9843433,0.7755838,-0.04614612,-0.6295556,0.07662439,0.9968318,0.02133046,0.6265768,-0.06478288,0.7766625,static,36.88559,-10.06206,-0.9430299,-1.589209
05/15/2023 14:23:08.621124,2092,True,True,True,True,Eyes,1.298692,-0.3260639,-3.300406,0.595109,-0.1408257,0.7912101,0,0,0,0,0,0,0,-3.104183,0.3006177,1.740348,1.299104,-0.3256487,-3.310803,0.02332221,0.33272,-0.03210964,0.9421903,3.744938,38.81528,357.416,0.3645384,-0.09142153,-0.9266893,0,0,0,1.901071,-0.4159106,-2.5365,-0.0151169,-0.02672783,0.9844356,0.7765328,-0.04498724,-0.6284688,0.07602631,0.9968501,0.02258089,0.6254732,-0.06531496,0.777507,static,36.94867,-10.09226,-0.8797595,-1.555222
05/15/2023 14:23:08.641083,2093,True,True,True,True,Eyes,1.29856,-0.3260795,-3.300232,0.595894,-0.1411458,0.790562,0,0,0,0,0,0,0,-3.102283,0.3042624,1.743322,1.299033,-0.3257667,-3.310936,0.02369991,0.3322464,-0.03182007,0.9423578,3.773466,38.75848,357.4598,0.3645474,-0.09143414,-0.9266845,0,0,0,1.901071,-0.4159106,-2.5365,-0.0142222,-0.02605637,0.9846044,0.7771996,-0.04422336,-0.6276982,0.07572019,0.9968516,0.02352337,0.6246817,-0.0658118,0.7781013,static,37.00753,-10.12284,-0.8275564,-1.51591
05/15/2023 14:23:08.661298,2094,True,True,True,True,Eyes,1.298423,-0.3260956,-3.300066,0.5966116,-0.1414945,0.7899582,0,0,0,0,0,0,0,-3.101026,0.3058273,1.74537,1.299068,-0.3257328,-3.310971,0.02402335,0.3318936,-0.03186993,0.9424724,3.809396,38.71534,357.4653,0.364554,-0.09144646,-0.9266807,0,0,0,1.901071,-0.4159106,-2.5365,-0.01356149,-0.02544035,0.9846388,0.7776619,-0.04412664,-0.6271323,0.07601942,0.9968144,0.02412784,0.6240699,-0.06643753,0.778539,static,37.06172,-10.15493,-0.7890882,-1.480036
05/15/2023 14:23:08.680917,2095,True,True,True,True,Eyes,1.298293,-0.3261082,-3.299906,0.5972705,-0.1418393,0.7893983,0,0,0,0,0,0,0,-3.099747,0.3068703,1.747612,1.298953,-0.3257451,-3.311097,0.02432927,0.3315356,-0.03202441,0.9425852,3.847395,38.67125,357.4587,0.3645581,-0.09145852,-0.9266779,0,0,0,1.901071,-0.4159106,-2.5365,-0.01282358,-0.02473119,0.9848344,0.7781172,-0.04423944,-0.6265593,0.0765035,0.9967651,0.02463034,0.6234428,-0.06709927,0.7789844,static,37.11169,-10.18623,-0.7460093,-1.438511
05/15/2023 14:23:08.691248,2096,True,True,True,True,Eyes,1.298171,-0.3261205,-3.299763,0.5979556,-0.1421863,0.7888169,0,0,0,0,0,0,0,-3.098186,0.3075787,1.750249,1.298997,-0.3256741,-3.311084,0.02446817,0.3311101,-0.03204341,0.9427304,3.861999,38.61941,357.4602,0.3645601,-0.09147023,-0.926676,0,0,0,1.901071,-0.4159106,-2.5365,-0.01197168,-0.02451429,0.9848207,0.7786787,-0.04421327,-0.6258632,0.07661991,0.996749,0.02491398,0.6227271,-0.06735356,0.7795348,static,37.16362,-10.21799,-0.696465,-1.42592
05/15/2023 14:23:08.711151,2097,True,True,True,True,Eyes,1.29806,-0.3261254,-3.299636,0.598599,-0.1425073,0.7882709,0,0,0,0,0,0,0,-3.096921,0.3071604,1.752881,1.298963,-0.3256625,-3.311268,0.02446235,0.330732,-0.03214958,0.9428597,3.864373,38.57309,357.4469,0.3645603,-0.09148157,-0.9266748,0,0,0,1.901071,-0.4159106,-2.5365,-0.01126382,-0.02444478,0.9849969,0.7791654,-0.04444411,-0.6252407,0.07680603,0.9967359,0.02486333,0.6220949,-0.0673949,0.7800359,static,37.21239,-10.24751,-0.6551707,-1.421624
05/15/2023 14:23:08.721257,2098,True,True,True,True,Eyes,1.29797,-0.3261308,-3.299529,0.5992907,-0.1427811,0.7876955,0,0,0,0,0,0,0,-3.096478,0.305386,1.754496,1.299115,-0.3254976,-3.311502,0.02426211,0.3305234,-0.03227682,0.9429337,3.846956,38.54735,357.4247,0.3645589,-0.09149231,-0.9266742,0,0,0,1.901071,-0.4159106,-2.5365,-0.01105741,-0.02489832,0.9850945,0.779425,-0.04483139,-0.6248896,0.07690818,0.9967391,0.02441864,0.6217571,-0.06709161,0.7803312,static,37.26443,-10.27413,-0.6431019,-1.447846
05/15/2023 14:23:08.741663,2099,True,True,True,True,Eyes,1.297887,-0.3261279,-3.299427,0.5999655,-0.1430072,0.7871407,0,0,0,0,0,0,0,-3.097282,0.3018175,1.754053,1.299226,-0.3255085,-3.311647,0.0237457,0.3306598,-0.03244089,0.9428935,3.797657,38.56353,357.3879,0.3645566,-0.09150247,-0.9266742,0,0,0,1.901071,-0.4159106,-2.5365,-0.01145759,-0.02575932,0.9851131,0.7792234,-0.0454731,-0.6250945,0.07688009,0.9967675,0.02332552,0.6220133,-0.06623311,0.7802005,static,37.31497,-10.29715,-0.6663621,-1.497863
05/15/2023 14:23:08.761115,2100,True,True,True,True,Eyes,1.297822,-0.3261279,-3.299349,0.6005873,-0.143172,0.7866364,0,0,0,0,0,0,0,-3.098282,0.2961344,1.753368,1.299315,-0.3253288,-3.31169,0.0231016,0.3308353,-0.03286714,0.9428332,3.744602,38.58374,357.3181,0.3645534,-0.09151185,-0.9266745,0,0,0,1.901071,-0.4159106,-2.5365,-0.01181695,-0.02688598,0.9850742,0.7789356,-0.0466908,-0.6253635,0.0772621,0.9967721,0.02181468,0.6223263,-0.06530912,0.7800286,static,37.3613,-10.31522,-0.6872871,-1.563406
05/15/2023 14:23:08.771481,2101,True,True,True,True,Eyes,1.297767,-0.3261216,-3.299274,0.6011913,-0.1432998,0.7861515,0,0,0,0,0,0,0,-3.098754,0.2924349,1.753425,1.29926,-0.3253878,-3.311849,0.02278867,0.3308804,-0.03331029,0.9428093,3.727668,38.58798,357.2584,0.3645497,-0.09152055,-0.9266751,0,0,0,1.901071,-0.4159106,-2.5365,-0.01190674,-0.02712619,0.9852201,0.7788171,-0.04772984,-0.6254325,0.07789114,0.9967422,0.02092729,0.6223961,-0.06501418,0.7799976,static,37.40612,-10.33046,-0.6924067,-1.577134
05/15/2023 14:23:08.791229,2102,True,True,True,True,Eyes,1.297734,-0.3261218,-3.29923,0.6017289,-0.1433616,0.7857289,0,0,0,0,0,0,0,-3.099346,0.2890136,1.753088,1.29942,-0.325245,-3.311874,0.0223251,0.330975,-0.03347167,0.9427814,3.683903,38.5992,357.2238,0.3645457,-0.09152843,-0.9266759,0,0,0,1.901071,-0.4159106,-2.5365,-0.0121797,-0.02804884,0.985126,0.7786704,-0.04833484,-0.6255687,0.07789103,0.9967625,0.0199388,0.6225797,-0.06425194,0.7799143,static,37.44571,-10.34027,-0.7083459,-1.630904
05/15/2023 14:23:08.811170,2103,True,True,True,True,Eyes,1.297706,-0.3261068,-3.299191,0.6022507,-0.1434026,0.7853214,0,0,0,0,0,0,0,-3.099317,0.2861825,1.754081,1.299354,-0.3253783,-3.312141,0.02176887,0.3309278,-0.03347378,0.942811,3.623661,38.59375,357.2024,0.3645418,-0.09153567,-0.9266768,0,0,0,1.901071,-0.4159106,-2.5365,-0.01214731,-0.0289403,0.9853389,0.7787327,-0.04871105,-0.6254619,0.07752674,0.9968113,0.01889305,0.6225472,-0.06320266,0.7800258,static,37.48404,-10.34841,-0.7063095,-1.682346
05/15/2023 14:23:08.822109,2104,True,True,True,True,Eyes,1.297707,-0.3260993,-3.299177,0.6026477,-0.1433436,0.7850277,0,0,0,0,0,0,0,-3.100016,0.2820914,1.753643,1.299438,-0.3250124,-3.312215,0.02139609,0.3310371,-0.03383468,0.9427683,3.59734,38.60619,357.1496,0.3645379,-0.09154188,-0.9266776,0,0,0,1.901071,-0.4159106,-2.5365,-0.01240426,-0.02978429,0.985351,0.7785394,-0.04963071,-0.6256303,0.07796231,0.9967948,0.01794205,0.6227345,-0.06274418,0.7799133,static,37.51262,-10.34803,-0.7212399,-1.731357
05/15/2023 14:23:08.843517,2105,True,True,True,True,Eyes,1.297715,-0.3260922,-3.299167,0.6030264,-0.1432703,0.7847502,0,0,0,0,0,0,0,-3.100346,0.2774413,1.754151,1.299521,-0.3251709,-3.312352,0.02057796,0.3310626,-0.033923,0.9427744,3.512255,38.60959,357.1092,0.3645346,-0.09154729,-0.9266784,0,0,0,1.901071,-0.4159106,-2.5365,-0.01252589,-0.03110348,0.9853518,0.7784936,-0.05033827,-0.6256307,0.07758865,0.9968515,0.01633948,0.6228384,-0.06126202,0.7799482,static,37.53979,-10.34643,-0.7283102,-1.80799
05/15/2023 14:23:08.861343,2106,True,True,True,True,Eyes,1.297719,-0.3260853,-3.299155,0.6034076,-0.1433143,0.784449,0,0,0,0,0,0,0,-3.100802,0.2730018,1.754353,1.299692,-0.3251891,-3.312448,0.02018505,0.3310632,-0.03442203,0.9427645,3.488674,38.60853,357.0403,0.3645319,-0.09155198,-0.926679,0,0,0,1.901071,-0.4159106,-2.5365,-0.01264331,-0.03151644,0.9853065,0.7784246,-0.05153867,-0.6256189,0.07826878,0.9968154,0.01526777,0.6228397,-0.06085123,0.7799794,static,37.56792,-10.35342,-0.7351706,-1.832063
05/15/2023 14:23:08.871174,2107,True,True,True,True,Eyes,1.297729,-0.3260707,-3.299145,0.6037539,-0.1433535,0.7841753,0,0,0,0,0,0,0,-3.101189,0.2706551,1.75411,1.299725,-0.3251904,-3.312476,0.02012053,0.3310997,-0.03484614,0.9427375,3.497894,38.61179,356.992,0.3645297,-0.09155603,-0.9266795,0,0,0,1.901071,-0.4159106,-2.5365,-0.01272419,-0.03137264,0.985312,0.7783176,-0.05237772,-0.6256824,0.07902531,0.9967619,0.01486166,0.6228778,-0.06101184,0.7799363,static,37.59347,-10.35974,-0.7398691,-1.823699
05/15/2023 14:23:08.910865,2108,True,True,True,True,Eyes,1.297733,-0.326055,-3.299133,0.6040514,-0.1434443,0.7839296,0,0,0,0,0,0,0,-3.100292,0.2699358,1.75596,1.299896,-0.3249937,-3.312509,0.02006817,0.3308117,-0.0349134,0.9428372,3.493859,38.57664,356.9817,0.3645281,-0.09155929,-0.9266798,0,0,0,1.901071,-0.4159106,-2.5365,-0.01225767,-0.03162104,0.9852496,0.7786893,-0.05255774,-0.6252044,0.07911288,0.9967567,0.01474251,0.6224019,-0.06094156,0.7803217,static,37.6158,-10.36933,-0.7127902,-1.838245
05/15/2023 14:23:08.921353,2109,True,True,True,True,Eyes,1.297743,-0.3260447,-3.299126,0.6043087,-0.1435887,0.7837049,0,0,0,0,0,0,0,-3.099925,0.2710095,1.756578,1.29996,-0.3249472,-3.312561,0.02019975,0.330704,-0.03483087,0.9428753,3.504624,38.56366,356.9952,0.3645269,-0.09156181,-0.92668,0,0,0,1.901071,-0.4159106,-2.5365,-0.0121325,-0.03147215,0.9852619,0.7788435,-0.05232206,-0.6250322,0.07904259,0.9967576,0.01505427,0.622218,-0.06112909,0.7804537,static,37.63553,-10.38246,-0.7055034,-1.829573
05/15/2023 14:23:08.941428,2110,True,True,True,True,Eyes,1.297758,-0.326033,-3.299119,0.6045463,-0.1437335,0.7834951,0,0,0,0,0,0,0,-3.100102,0.2715133,1.756391,1.300022,-0.3250555,-3.312633,0.02023517,0.3307311,-0.03478441,0.9428668,3.506783,38.56705,357.0016,0.3645261,-0.0915638,-0.9266801,0,0,0,1.901071,-0.4159106,-2.5365,-0.01229525,-0.03133259,0.9852734,0.7788141,-0.05220934,-0.6250783,0.07897893,0.9967612,0.01514957,0.6222628,-0.06116671,0.7804151,static,37.65385,-10.39542,-0.7149581,-1.821444
05/15/2023 14:23:08.961186,2111,True,True,True,True,Eyes,1.297784,-0.326024,-3.299129,0.6047518,-0.1439437,0.7832979,0,0,0,0,0,0,0,-3.099843,0.2711011,1.757036,1.300162,-0.3250107,-3.31265,0.02027691,0.3306141,-0.03491566,0.942902,3.515898,38.55242,356.9886,0.3645258,-0.09156526,-0.9266801,0,0,0,1.901071,-0.4159106,-2.5365,-0.01216251,-0.03122092,0.9852107,0.7789505,-0.05243642,-0.6248894,0.07925174,0.9967395,0.01515105,0.6220574,-0.06132549,0.7805663,static,37.67024,-10.41285,-0.7072852,-1.815072
05/15/2023 14:23:08.971696,2112,True,True,True,True,Eyes,1.297813,-0.3260142,-3.299136,0.6049424,-0.1441644,0.78311,0,0,0,0,0,0,0,-3.099568,0.270837,1.757833,1.300158,-0.3250446,-3.312791,0.02051215,0.3304748,-0.03525755,0.9429331,3.55385,38.53428,356.9599,0.3645262,-0.09156628,-0.9266798,0,0,0,1.901071,-0.4159106,-2.5365,-0.01195833,-0.03052231,0.9853458,0.7790868,-0.05293351,-0.6246775,0.0800485,0.9966723,0.0153797,0.6217847,-0.06198661,0.7807314,static,37.68563,-10.43091,-0.6953175,-1.77424
05/15/2023 14:23:08.991211,2113,True,True,True,True,Eyes,1.29784,-0.3260053,-3.299146,0.605082,-0.1443872,0.7829611,0,0,0,0,0,0,0,-3.099507,0.2708156,1.75795,1.300236,-0.3250148,-3.312767,0.02069584,0.330421,-0.03546783,0.94294,3.581514,38.52696,356.9438,0.3645271,-0.09156688,-0.9266794,0,0,0,1.901071,-0.4159106,-2.5365,-0.01189384,-0.03008021,0.9852961,0.779128,-0.05321138,-0.6246025,0.08056474,0.9966274,0.01559124,0.6216664,-0.06246851,0.7807872,static,37.69729,-10.44862,-0.6916029,-1.748646
05/15/2023 14:23:09.011207,2114,True,True,True,True,Eyes,1.29787,-0.3259931,-3.299155,0.6052188,-0.1445992,0.7828163,0,0,0,0,0,0,0,-3.099835,0.2697538,1.757751,1.30028,-0.3250288,-3.312863,0.02066717,0.3304581,-0.03566159,0.9429202,3.585865,38.53092,356.9218,0.3645285,-0.09156713,-0.9266789,0,0,0,1.901071,-0.4159106,-2.5365,-0.01204923,-0.03000186,0.9853441,0.7790514,-0.0535928,-0.6246654,0.08091135,0.9966022,0.01540565,0.6217172,-0.06254431,0.7807406,static,37.70869,-10.46552,-0.7006035,-1.744009
05/15/2023 14:23:09.021005,2115,True,True,True,True,Eyes,1.297895,-0.3259828,-3.299163,0.6054014,-0.1448374,0.782631,0,0,0,0,0,0,0,-3.10022,0.2682414,1.757325,1.300366,-0.324942,-3.312849,0.02057514,0.3305213,-0.03585481,0.9428928,3.583428,38.53811,356.8977,0.3645304,-0.09156696,-0.9266781,0,0,0,1.901071,-0.4159106,-2.5365,-0.01221061,-0.03014919,0.9852827,0.7789402,-0.05401343,-0.6247678,0.08121552,0.9965822,0.01509875,0.6218169,-0.06250186,0.7806646,static,37.72361,-10.48481,-0.7100303,-1.752677
05/15/2023 14:23:09.041425,2116,True,True,True,True,Eyes,1.297921,-0.3259732,-3.299175,0.6055773,-0.1450669,0.7824524,0,0,0,0,0,0,0,-3.100556,0.2672363,1.757012,1.300377,-0.3249812,-3.312908,0.02052883,0.3305771,-0.03602085,0.942868,3.584888,38.54443,356.8781,0.3645327,-0.09156648,-0.9266773,0,0,0,1.901071,-0.4159106,-2.5365,-0.01235732,-0.03009527,0.9853184,0.7788426,-0.05435308,-0.6248599,0.08149853,0.9965621,0.01489661,0.6219021,-0.06252728,0.7805948,static,37.738,-10.50339,-0.7185346,-1.749481
05/15/2023 14:23:09.061197,2117,True,True,True,True,Eyes,1.29794,-0.3259625,-3.299184,0.6057856,-0.1453087,0.7822462,0,0,0,0,0,0,0,-3.100697,0.2672194,1.756979,1.300413,-0.324988,-3.313006,0.02053517,0.3305891,-0.03603203,0.9428632,3.586037,38.54586,356.8772,0.3645352,-0.09156572,-0.9266763,0,0,0,1.901071,-0.4159106,-2.5365,-0.01247284,-0.03007183,0.9853725,0.778825,-0.05436913,-0.6248806,0.08152396,0.99656,0.01490012,0.6219208,-0.06254732,0.7805783,static,37.75485,-10.52322,-0.7252108,-1.748023
05/15/2023 14:23:09.071048,2118,True,True,True,True,Eyes,1.297965,-0.325946,-3.299189,0.6059837,-0.1455329,0.7820512,0,0,0,0,0,0,0,-3.10079,0.2669786,1.756931,1.300425,-0.3249557,-3.313046,0.02046016,0.3306102,-0.03598934,0.9428591,3.576374,38.54861,356.8791,0.364538,-0.0915647,-0.9266754,0,0,0,1.901071,-0.4159106,-2.5365,-0.0125443,-0.03027254,0.9853928,0.7788034,-0.05433708,-0.6249104,0.08139443,0.9965723,0.01478521,0.6219649,-0.06237898,0.7805566,static,37.77083,-10.54166,-0.7293507,-1.759647
05/15/2023 14:23:09.091199,2119,True,True,True,True,Eyes,1.297978,-0.3259307,-3.299188,0.6061471,-0.1457424,0.7818854,0,0,0,0,0,0,0,-3.100567,0.2672227,1.757195,1.300556,-0.3247979,-3.312963,0.0204063,0.3305582,-0.03584311,0.9428842,3.564837,38.54277,356.8927,0.3645409,-0.09156329,-0.9266743,0,0,0,1.901071,-0.4159106,-2.5365,-0.01248181,-0.03063128,0.9852512,0.7788932,-0.05410086,-0.6248189,0.08108274,0.9965977,0.01478509,0.6218932,-0.06217802,0.7806298,static,37.78419,-10.55868,-0.7258217,-1.780742
05/15/2023 14:23:09.111168,2120,True,True,True,True,Eyes,1.297995,-0.3259155,-3.299183,0.6063067,-0.1459336,0.7817261,0,0,0,0,0,0,0,-3.100907,0.2666428,1.756758,1.300573,-0.3248273,-3.312992,0.02023487,0.3306481,-0.03577106,0.942859,3.543855,38.55408,356.8944,0.364544,-0.09156159,-0.9266733,0,0,0,1.901071,-0.4159106,-2.5365,-0.01268983,-0.03097348,0.9852474,0.7787846,-0.05407288,-0.6249566,0.08083536,0.996622,0.014502,0.6220613,-0.06181252,0.7805248,static,37.79715,-10.57433,-0.7379197,-1.80063
05/15/2023 14:23:09.121590,2121,True,True,True,True,Eyes,1.297986,-0.3259037,-3.299163,0.6065103,-0.1461623,0.7815253,0,0,0,0,0,0,0,-3.100994,0.2662409,1.756569,1.300672,-0.324813,-3.312904,0.02011928,0.3306718,-0.03571809,0.9428552,3.52942,38.55723,356.8959,0.3645472,-0.09155963,-0.9266722,0,0,0,1.901071,-0.4159106,-2.5365,-0.01275265,-0.0312475,0.9851099,0.7787609,-0.05404821,-0.6249883,0.08065972,0.9966388,0.01431719,0.6221139,-0.06156106,0.7805027,static,37.8136,-10.59319,-0.741676,-1.816802
05/15/2023 14:23:09.140966,2122,True,True,True,True,Eyes,1.297973,-0.3258915,-3.299138,0.6066951,-0.1463938,0.7813385,0,0,0,0,0,0,0,-3.100666,0.2669982,1.75703,1.300596,-0.3249092,-3.312922,0.02021649,0.3305989,-0.03569425,0.9428794,3.538796,38.54835,356.9019,0.3645501,-0.09155758,-0.9266713,0,0,0,1.901071,-0.4159106,-2.5365,-0.0125702,-0.03097456,0.9851727,0.7788606,-0.05394364,-0.624873,0.08067784,0.9966344,0.01452246,0.6219866,-0.06172437,0.7805914,static,37.82869,-10.61207,-0.7310195,-1.800828
05/15/2023 14:23:09.161059,2123,True,True,True,True,Eyes,1.297927,-0.3258814,-3.299089,0.6069241,-0.1466368,0.7811152,0,0,0,0,0,0,0,-3.099878,0.268482,1.757868,1.300501,-0.3248793,-3.312789,0.02041097,0.3304434,-0.0356051,0.9429332,3.555956,38.52952,356.9182,0.3645526,-0.09155548,-0.9266706,0,0,0,1.901071,-0.4159106,-2.5365,-0.01211423,-0.03068284,0.9851435,0.779079,-0.05365712,-0.6246254,0.0806358,0.9966313,0.01496143,0.6217185,-0.0620233,0.7807813,static,37.8471,-10.63225,-0.7045259,-1.783932
05/15/2023 14:23:09.171393,2124,True,True,True,True,Eyes,1.297886,-0.3258696,-3.299041,0.6071308,-0.146883,0.7809081,0,0,0,0,0,0,0,-3.099374,0.2700719,1.758476,1.300489,-0.3249528,-3.312768,0.02058553,0.3303299,-0.03548873,0.9429736,3.570071,38.51592,356.937,0.3645542,-0.09155347,-0.9266701,0,0,0,1.901071,-0.4159106,-2.5365,-0.01188582,-0.03034996,0.9851398,0.7792454,-0.05332984,-0.6244458,0.08052989,0.9966336,0.01537724,0.6215236,-0.06226918,0.7809168,static,37.86391,-10.65245,-0.6912464,-1.764597
05/15/2023 14:23:09.191172,2125,True,True,True,True,Eyes,1.297844,-0.3258579,-3.298993,0.6072913,-0.1471276,0.7807373,0,0,0,0,0,0,0,-3.098671,0.2716085,1.759498,1.300597,-0.3248956,-3.312742,0.02079598,0.3301378,-0.03539998,0.9430395,3.588868,38.49265,356.9539,0.3645552,-0.09155149,-0.9266699,0,0,0,1.901071,-0.4159106,-2.5365,-0.01157895,-0.03006839,0.9850714,0.7795117,-0.05303609,-0.6241384,0.08049825,0.9966287,0.01584912,0.6211936,-0.06259661,0.7811531,static,37.87733,-10.67206,-0.673448,-1.748358
05/15/2023 14:23:09.210897,2126,True,True,True,True,Eyes,1.297805,-0.3258446,-3.298944,0.6074359,-0.1473686,0.7805794,0,0,0,0,0,0,0,-3.097993,0.2723508,1.760554,1.300578,-0.3248869,-3.312737,0.02088344,0.3299686,-0.03535116,0.9430987,3.595942,38.47215,356.9618,0.3645554,-0.09154952,-0.92667,0,0,0,1.901071,-0.4159106,-2.5365,-0.01122025,-0.02993354,0.9850887,0.7797421,-0.05289751,-0.6238623,0.08046103,0.9966283,0.01606075,0.6209093,-0.06271984,0.7813693,static,37.88955,-10.69125,-0.6525757,-1.740491
05/15/2023 14:23:09.221678,2127,True,True,True,True,Eyes,1.297756,-0.3258341,-3.298889,0.6075956,-0.1476103,0.7804095,0,0,0,0,0,0,0,-3.097363,0.2734851,1.761339,1.300615,-0.3248297,-3.31265,0.02100696,0.3298225,-0.03524683,0.9431509,3.604899,38.45459,356.9772,0.3645552,-0.09154754,-0.9266703,0,0,0,1.901071,-0.4159106,-2.5365,-0.0109078,-0.02982211,0.9850094,0.7799497,-0.05262902,-0.6236255,0.08034328,0.9966327,0.01637506,0.6206638,-0.06287584,0.7815517,static,37.9029,-10.71066,-0.6344562,-1.734155
05/15/2023 14:23:09.241449,2128,True,True,True,True,Eyes,1.297712,-0.3258233,-3.298836,0.6077439,-0.1478541,0.7802477,0,0,0,0,0,0,0,-3.096734,0.2744077,1.762297,1.3006,-0.3248982,-3.312646,0.02114338,0.3296604,-0.03523145,0.9432052,3.618566,38.43483,356.9834,0.3645544,-0.09154563,-0.9266708,0,0,0,1.901071,-0.4159106,-2.5365,-0.01057521,-0.02949879,0.9850225,0.7801657,-0.0525207,-0.6233644,0.08040123,0.9966234,0.01665627,0.6203848,-0.06311391,0.781754,static,37.91544,-10.73011,-0.6151041,-1.715343
05/15/2023 14:23:09.261194,2129,True,True,True,True,Eyes,1.297665,-0.3258144,-3.298782,0.6078153,-0.1480715,0.7801509,0,0,0,0,0,0,0,-3.09654,0.2753586,1.762505,1.300676,-0.3248762,-3.312627,0.02130744,0.3296,-0.03521414,0.9432232,3.635479,38.42741,356.9912,0.364553,-0.09154379,-0.9266716,0,0,0,1.901071,-0.4159106,-2.5365,-0.01051369,-0.02922861,0.9849723,0.7802476,-0.05238372,-0.6232734,0.08047546,0.996612,0.01698218,0.620272,-0.06340851,0.7818196,static,37.92215,-10.74683,-0.6115577,-1.699727
05/15/2023 14:23:09.270961,2130,True,True,True,True,Eyes,1.297622,-0.3258033,-3.298719,0.607882,-0.1482871,0.780058,0,0,0,0,0,0,0,-3.096244,0.2761638,1.762885,1.300652,-0.3249191,-3.312625,0.02141156,0.3295316,-0.03517548,0.9432462,3.645072,38.41913,356.9991,0.3645512,-0.09154207,-0.9266725,0,0,0,1.901071,-0.4159106,-2.5365,-0.01036733,-0.02901032,0.9849889,0.7803433,-0.0522467,-0.6231651,0.08046983,0.9966084,0.01720988,0.6201525,-0.0635756,0.7819009,static,37.9285,-10.76336,-0.6030347,-1.687012
05/15/2023 14:23:09.291554,2131,True,True,True,True,Eyes,1.297565,-0.3257938,-3.298649,0.6079965,-0.1485051,0.7799273,0,0,0,0,0,0,0,-3.095906,0.2772384,1.762763,1.300685,-0.3248499,-3.312329,0.021538,0.329499,-0.03507657,0.9432583,3.654923,38.41538,357.0144,0.3645491,-0.09154039,-0.9266734,0,0,0,1.901071,-0.4159106,-2.5365,-0.01015672,-0.0289118,0.9847466,0.7804,-0.05197902,-0.6231163,0.08036602,0.9966115,0.0175164,0.6200944,-0.06374718,0.781933,static,37.93839,-10.78058,-0.5909303,-1.6817
05/15/2023 14:23:09.310847,2132,True,True,True,True,Eyes,1.297512,-0.3257804,-3.298578,0.6081003,-0.1487156,0.7798063,0,0,0,0,0,0,0,-3.095581,0.2776767,1.763236,1.300641,-0.3248939,-3.312326,0.02156122,0.3294284,-0.03502429,0.9432844,3.65524,38.40694,357.0207,0.3645466,-0.09153882,-0.9266746,0,0,0,1.901071,-0.4159106,-2.5365,-0.009982288,-0.02885026,0.9847716,0.7805005,-0.05186997,-0.6229996,0.08028147,0.9966168,0.01760073,0.619979,-0.06375271,0.7820241,static,37.94744,-10.79714,-0.5807675,-1.67808
05/15/2023 14:23:09.321841,2133,True,True,True,True,Eyes,1.297448,-0.3257694,-3.298501,0.6081865,-0.1488987,0.779704,0,0,0,0,0,0,0,-3.095083,0.2784008,1.763793,1.300651,-0.3247866,-3.312224,0.02161766,0.3293264,-0.03491759,0.9433228,3.657003,38.39482,357.034,0.3645436,-0.09153727,-0.9266759,0,0,0,1.901071,-0.4159106,-2.5365,-0.009721905,-0.02891633,0.9846954,0.7806499,-0.05163857,-0.6228317,0.08011563,0.9966269,0.01778629,0.6198124,-0.06378342,0.7821537,static,37.95503,-10.8115,-0.5656633,-1.682051
05/15/2023 14:23:09.341361,2134,True,True,True,True,Eyes,1.297392,-0.3257583,-3.298424,0.6082652,-0.1490783,0.7796084,0,0,0,0,0,0,0,-3.094614,0.2794535,1.764399,1.300621,-0.3248443,-3.312204,0.02166473,0.3292307,-0.03476564,0.9433607,3.656068,38.38362,357.0518,0.3645401,-0.0915358,-0.9266774,0,0,0,1.901071,-0.4159106,-2.5365,-0.009505481,-0.02885983,0.9846957,0.7807971,-0.05132769,-0.6226728,0.07985845,0.996644,0.01798348,0.61966,-0.06376713,0.7822756,static,37.96203,-10.82553,-0.5530714,-1.678766
05/15/2023 14:23:09.361070,2135,True,True,True,True,Eyes,1.297327,-0.325749,-3.298344,0.6083989,-0.1492947,0.7794625,0,0,0,0,0,0,0,-3.094242,0.2810096,1.764693,1.300751,-0.3248261,-3.312096,0.02178551,0.3291498,-0.0345704,0.9433933,3.661531,38.37431,357.0772,0.3645364,-0.09153441,-0.926679,0,0,0,1.901071,-0.4159106,-2.5365,-0.00939694,-0.0287841,0.9845365,0.7809306,-0.05088556,-0.6225416,0.07956834,0.9966606,0.01834692,0.6195291,-0.06386228,0.7823716,static,37.97334,-10.84285,-0.5468448,-1.674634
05/15/2023 14:23:09.371021,2136,True,True,True,True,Eyes,1.297264,-0.3257363,-3.298261,0.6085269,-0.1495199,0.7793195,0,0,0,0,0,0,0,-3.093963,0.2824931,1.765013,1.300716,-0.3248661,-3.312142,0.02197666,0.3290875,-0.03448581,0.9434136,3.678845,38.36687,357.0934,0.3645322,-0.09153316,-0.9266807,0,0,0,1.901071,-0.4159106,-2.5365,-0.009296507,-0.0284343,0.9846011,0.7810242,-0.05060428,-0.622447,0.07953325,0.9966555,0.01876845,0.6194155,-0.06416385,0.7824368,static,37.98428,-10.86076,-0.540965,-1.654185
05/15/2023 14:23:09.391379,2137,True,True,True,True,Eyes,1.297201,-0.3257252,-3.298181,0.6086211,-0.1497102,0.7792094,0,0,0,0,0,0,0,-3.093887,0.2835211,1.764633,1.300677,-0.3247643,-3.311981,0.02220237,0.3291035,-0.03450212,0.9434022,3.703948,38.36861,357.1001,0.3645277,-0.09153193,-0.9266827,0,0,0,1.901071,-0.4159106,-2.5365,-0.009216458,-0.02810522,0.9845186,0.7810009,-0.05048497,-0.6224859,0.07971249,0.9966334,0.019182,0.6194218,-0.06460106,0.7823959,moving,37.99251,-10.87576,-0.5363522,-1.635188
05/15/2023 14:23:09.413144,2138,True,True,True,True,Eyes,1.29714,-0.3257159,-3.298098,0.6087082,-0.1499005,0.7791048,0,0,0,0,0,0,0,-3.093725,0.2840748,1.764818,1.300665,-0.3247974,-3.311977,0.02218663,0.3290798,-0.03437458,0.9434154,3.697362,38.36613,357.1133,0.3645229,-0.09153077,-0.9266847,0,0,0,1.89653,-0.4159203,-2.536507,-0.0127064,-0.02855077,0.9817,0.7810498,-0.05025667,-0.6224431,0.07946135,0.9966522,0.01923845,0.6193925,-0.06448636,0.7824285,moving,38.00022,-10.89068,-0.7415528,-1.665863
05/15/2023 14:23:09.420888,2139,True,True,True,True,Eyes,1.297073,-0.3257102,-3.29801,0.6088154,-0.150086,0.7789853,0,0,0,0,0,0,0,-3.093382,0.2852777,1.764933,1.300673,-0.3248245,-3.311816,0.0223217,0.3290271,-0.03428074,0.9434341,3.70829,38.35994,357.1283,0.3645179,-0.09152972,-0.9266868,0,0,0,1.891872,-0.4159302,-2.536514,-0.01615927,-0.02871156,0.9786848,0.781132,-0.04999435,-0.6223611,0.07937212,0.9966531,0.01955952,0.6193002,-0.06467669,0.7824858,moving,38.00938,-10.90546,-0.9459365,-1.680398
05/15/2023 14:23:09.441315,2140,True,True,True,True,Eyes,1.297009,-0.3257019,-3.297926,0.6089089,-0.1502858,0.7788736,0,0,0,0,0,0,0,-3.093165,0.2866647,1.765103,1.300684,-0.3249145,-3.31181,0.02248975,0.3289796,-0.034199,0.9434498,3.723259,38.35431,357.1433,0.3645126,-0.09152889,-0.9266889,0,0,0,1.887518,-0.4159395,-2.53652,-0.01948982,-0.02871305,0.9759768,0.7812058,-0.04973274,-0.6222895,0.0793274,0.9966493,0.01993434,0.619213,-0.06493743,0.7825333,moving,38.01763,-10.92116,-1.144019,-1.685145
05/15/2023 14:23:09.461409,2141,True,True,True,True,Eyes,1.296959,-0.3256909,-3.297848,0.6089527,-0.1504193,0.7788137,0,0,0,0,0,0,0,-3.092792,0.2878493,1.765588,1.300722,-0.3248362,-3.311816,0.02276546,0.3288682,-0.03425182,0.9434801,3.754768,38.34046,357.1475,0.3645071,-0.09152817,-0.9266912,0,0,0,1.882924,-0.4159493,-2.536526,-0.02289814,-0.02862008,0.9731352,0.7813451,-0.04965815,-0.6221206,0.07960549,0.9966171,0.02042884,0.6190015,-0.06548618,0.7826549,moving,38.02177,-10.93145,-1.347937,-1.684593
05/15/2023 14:23:09.481103,2142,True,True,True,True,Eyes,1.296913,-0.3256806,-3.29777,0.6089922,-0.1505261,0.7787622,0,0,0,0,0,0,0,-3.092587,0.2865618,1.766075,1.300804,-0.3247635,-3.311747,0.02257044,0.3288016,-0.03429066,0.9435064,3.734912,38.33236,357.1357,0.3645016,-0.09152744,-0.9266934,0,0,0,1.87827,-0.4159592,-2.536533,-0.02638802,-0.0294151,0.9701442,0.7814273,-0.04986451,-0.6220007,0.0795493,0.9966295,0.02004106,0.6189049,-0.06514036,0.7827602,moving,38.02542,-10.93973,-1.558067,-1.736696
05/15/2023 14:23:09.491712,2143,True,True,True,True,Eyes,1.296871,-0.3256767,-3.297698,0.6090505,-0.150628,0.7786968,0,0,0,0,0,0,0,-3.092456,0.2842939,1.76652,1.300863,-0.3247809,-3.311642,0.02224517,0.3287526,-0.03440797,0.9435269,3.703959,38.32624,357.1106,0.3644964,-0.09152673,-0.9266956,0,0,0,1.873958,-0.4159684,-2.536539,-0.02959338,-0.03028645,0.967339,0.7814756,-0.05030336,-0.6219046,0.079556,0.9966425,0.01935442,0.618843,-0.06460125,0.7828538,moving,38.03041,-10.94785,-1.752278,-1.793289
05/15/2023 14:23:09.511303,2144,True,True,True,True,Eyes,1.296831,-0.32567,-3.297626,0.6091006,-0.1507602,0.778632,0,0,0,0,0,0,0,-3.092561,0.2841292,1.766387,1.30084,-0.3249301,-3.31165,0.02234265,0.3287593,-0.03458664,0.9435158,3.721263,38.32644,357.0949,0.3644913,-0.0915262,-0.9266976,0,0,0,1.868978,-0.415979,-2.536546,-0.03348416,-0.03026122,0.964272,0.7814421,-0.05057537,-0.6219247,0.07995679,0.9966092,0.01941991,0.6188337,-0.06490264,0.7828362,moving,38.03501,-10.95812,-1.988786,-1.797492
05/15/2023 14:23:09.527725,2145,True,True,True,True,Eyes,1.296796,-0.3256641,-3.29756,0.6091049,-0.1508641,0.7786085,0,0,0,0,0,0,0,-3.092346,0.2862815,1.766285,1.300831,-0.3248466,-3.311591,0.02278993,0.3287141,-0.03462446,0.9435194,3.770984,38.32056,357.1074,0.3644864,-0.09152574,-0.9266996,0,0,0,1.864614,-0.4159883,-2.536552,-0.03679255,-0.0298565,0.9615605,0.7814964,-0.05035496,-0.6218743,0.08032045,0.9965635,0.02024238,0.618718,-0.06576858,0.7828554,moving,38.03605,-10.96581,-2.191261,-1.778465
05/15/2023 14:23:09.541515,2146,True,True,True,True,Eyes,1.296762,-0.3256617,-3.297503,0.609095,-0.1509777,0.7785943,0,0,0,0,0,0,0,-3.091869,0.2876984,1.766865,1.300813,-0.3248518,-3.311585,0.02301538,0.3285989,-0.03458906,0.9435554,3.793714,38.30654,357.1192,0.3644818,-0.09152535,-0.9267014,0,0,0,1.860186,-0.4159977,-2.536559,-0.04002321,-0.02981463,0.9588434,0.7816526,-0.05014772,-0.6216947,0.08039904,0.9965478,0.02070072,0.6185104,-0.06616443,0.7829861,moving,38.0361,-10.97406,-2.390203,-1.781002
05/15/2023 14:23:09.561022,2147,True,True,True,True,Eyes,1.296728,-0.3256596,-3.297448,0.6091607,-0.1511255,0.7785141,0,0,0,0,0,0,0,-3.091134,0.2893815,1.768154,1.300823,-0.3249238,-3.311722,0.0232331,0.3283907,-0.03450851,0.9436255,3.813628,38.28138,357.1353,0.3644774,-0.0915251,-0.9267032,0,0,0,1.855712,-0.4160073,-2.536565,-0.04322007,-0.02974383,0.9561973,0.7819373,-0.04986714,-0.6213592,0.08038528,0.9965388,0.02118213,0.6181523,-0.06651122,0.7832395,moving,38.04197,-10.98565,-2.588005,-1.781689
05/15/2023 14:23:09.570972,2148,True,True,True,True,Eyes,1.296697,-0.3256538,-3.297392,0.6092179,-0.1512677,0.7784418,0,0,0,0,0,0,0,-3.090803,0.2906603,1.768607,1.300834,-0.3249313,-3.311762,0.0233867,0.3283075,-0.03441837,0.943654,3.826622,38.27148,357.1505,0.3644731,-0.09152498,-0.9267049,0,0,0,1.850997,-0.4160173,-2.536572,-0.04679084,-0.02988841,0.953317,0.7820591,-0.04960202,-0.6212271,0.08031414,0.9965369,0.02153828,0.6180074,-0.06673753,0.7833345,moving,38.04716,-10.99673,-2.809945,-1.79575
05/15/2023 14:23:09.597144,2149,True,True,True,True,Eyes,1.296657,-0.3256473,-3.297332,0.6092869,-0.1513975,0.7783625,0,0,0,0,0,0,0,-3.090283,0.29167,1.769198,1.300876,-0.3248295,-3.311676,0.02344758,0.328199,-0.0342567,0.943696,3.826811,38.25878,357.1699,0.3644691,-0.09152487,-0.9267066,0,0,0,1.846619,-0.4160267,-2.536578,-0.04998556,-0.03032505,0.9505311,0.7822238,-0.0492649,-0.6210465,0.08004678,0.9965534,0.02176874,0.6178336,-0.0667408,0.7834713,moving,38.05314,-11.00704,-3.010239,-1.827303
05/15/2023 14:23:09.611445,2150,True,True,True,True,Eyes,1.29662,-0.3256416,-3.297277,0.6093365,-0.1515142,0.778301,0,0,0,0,0,0,0,-3.089441,0.2919694,1.77068,1.300855,-0.3248206,-3.311717,0.02333106,0.3279968,-0.03407103,0.9437759,3.806607,38.23487,357.1848,0.364465,-0.09152477,-0.9267082,0,0,0,1.841844,-0.4160368,-2.536585,-0.05332261,-0.03102255,0.9476361,0.7825145,-0.0490058,-0.6207008,0.07961585,0.9965896,0.0216882,0.6175211,-0.06638896,0.7837476,moving,38.0576,-11.01616,-3.220585,-1.875009
05/15/2023 14:23:09.621627,2151,True,True,True,True,Eyes,1.296584,-0.325637,-3.297227,0.609381,-0.1516391,0.7782419,0,0,0,0,0,0,0,-3.088383,0.2925582,1.772551,1.300904,-0.3248315,-3.311762,0.02328662,0.3277188,-0.03391409,0.9438792,3.795073,38.20162,357.1991,0.3644609,-0.09152469,-0.9267097,0,0,0,1.837314,-0.4160465,-2.536592,-0.05638358,-0.03153201,0.9448658,0.7829003,-0.04875867,-0.6202335,0.07928453,0.9966151,0.02173095,0.6170745,-0.0661881,0.7841161,moving,38.06174,-11.02584,-3.414998,-1.911363
05/15/2023 14:23:09.640973,2152,True,True,True,True,Eyes,1.29655,-0.3256269,-3.297171,0.6094124,-0.1517615,0.7781934,0,0,0,0,0,0,0,-3.087872,0.2930778,1.773479,1.300913,-0.3248534,-3.311823,0.02337174,0.3275721,-0.03391513,0.9439282,3.803898,38.18375,357.2016,0.3644569,-0.09152465,-0.9267113,0,0,0,1.8327,-0.4160563,-2.536598,-0.05975366,-0.03172237,0.942078,0.7830926,-0.04871502,-0.6199943,0.07933873,0.9966071,0.02190319,0.6168237,-0.06634179,0.7843006,moving,38.06491,-11.03518,-3.629267,-1.928578
05/15/2023 14:23:09.661077,2153,True,True,True,True,Eyes,1.296526,-0.3256187,-3.297126,0.6092756,-0.1518198,0.7782891,0,0,0,0,0,0,0,-3.087084,0.2934904,1.774396,1.300939,-0.3247117,-3.31162,0.02342546,0.3274001,-0.03386831,0.943988,3.807453,38.16298,357.2079,0.364453,-0.09152449,-0.9267129,0,0,0,1.82846,-0.4160654,-2.536604,-0.06262463,-0.0321322,0.9393187,0.7833242,-0.04860356,-0.6197103,0.07928154,0.9966084,0.02204974,0.6165367,-0.06640369,0.7845209,moving,38.05525,-11.038,-3.814281,-1.959209
05/15/2023 14:23:09.671231,2154,True,True,True,True,Eyes,1.296502,-0.3256119,-3.297084,0.6091157,-0.151886,0.7784014,0,0,0,0,0,0,0,-3.085969,0.2930767,1.776445,1.300898,-0.32474,-3.311656,0.02335437,0.3271017,-0.03390175,0.9440921,3.800119,38.12667,357.2005,0.3644493,-0.09152425,-0.9267143,0,0,0,1.823757,-0.4160754,-2.536611,-0.06569606,-0.03257961,0.9365054,0.7837102,-0.04873424,-0.6192117,0.07929125,0.9966105,0.0219187,0.6160448,-0.06627599,0.7849181,moving,38.04394,-11.04114,-4.012738,-1.99243
05/15/2023 14:23:09.690914,2155,True,True,True,True,Eyes,1.29649,-0.3256035,-3.297046,0.608641,-0.1519746,0.7787554,0,0,0,0,0,0,0,-3.084498,0.2931078,1.779027,1.300871,-0.324766,-3.311682,0.02345362,0.3266955,-0.03404228,0.9442251,3.814931,38.07685,357.1873,0.3644458,-0.09152397,-0.9267157,0,0,0,1.819451,-0.4160846,-2.536617,-0.06825981,-0.03263282,0.9339517,0.7842223,-0.04896276,-0.618545,0.07961154,0.9965821,0.02204808,0.6153514,-0.06653392,0.78544,moving,38.00962,-11.04252,-4.180149,-2.001134
05/15/2023 14:23:09.711278,2156,True,True,True,True,Eyes,1.296474,-0.3255987,-3.297009,0.6081435,-0.1520796,0.7791234,0,0,0,0,0,0,0,-3.082717,0.2941326,1.781514,1.300838,-0.3247025,-3.311471,0.02376154,0.32625,-0.03419286,0.9443662,3.852607,38.02213,357.1806,0.3644428,-0.09152358,-0.926717,0,0,0,1.814819,-0.4160945,-2.536624,-0.07086995,-0.0324256,0.9310439,0.7847836,-0.04907674,-0.6178238,0.08008555,0.9965325,0.02256835,0.6145739,-0.06719003,0.7859926,moving,37.97376,-11.04488,-4.352892,-1.994642
05/15/2023 14:23:09.730726,2157,True,True,True,True,Eyes,1.296452,-0.3255942,-3.296978,0.6076031,-0.1522215,0.7795172,0,0,0,0,0,0,0,-3.080299,0.2960316,1.785265,1.300725,-0.3247764,-3.311447,0.02404979,0.3256437,-0.0341761,0.9445686,3.881424,37.94846,357.1907,0.36444,-0.0915232,-0.9267181,0,0,0,1.810318,-0.416104,-2.53663,-0.07313988,-0.03216939,0.9284302,0.7855763,-0.04890002,-0.6168295,0.08022666,0.9965072,0.02317489,0.6135418,-0.06769181,0.7867556,moving,37.93501,-11.04948,-4.504344,-1.984461
05/15/2023 14:23:09.741381,2158,True,True,True,True,Eyes,1.296849,-0.3256165,-3.29725,0.6046147,-0.1523288,0.7818165,0,0,0,0,0,0,0,-3.076852,0.2990397,1.790799,1.300581,-0.3247674,-3.311558,0.02460169,0.3247474,-0.03422914,0.9448612,3.940586,37.83925,357.2017,0.3644372,-0.09152283,-0.9267192,0,0,0,1.80574,-0.4161138,-2.536637,-0.074985,-0.03147589,0.9259704,0.7867351,-0.04870489,-0.6153663,0.08066221,0.9964463,0.02425872,0.611998,-0.06872199,0.7878679,moving,37.71643,-11.02535,-4.629704,-1.946867
05/15/2023 14:23:09.761078,2159,True,True,True,True,Eyes,1.297168,-0.3256379,-3.297472,0.6016948,-0.1524879,0.7840349,0,0,0,0,0,0,0,-3.072616,0.3024831,1.797226,1.300448,-0.3248644,-3.311462,0.02513792,0.3236869,-0.03420414,0.9452118,3.994698,37.71046,357.2198,0.3644418,-0.09152209,-0.9267175,0,0,0,1.801176,-0.4161235,-2.536643,-0.07640141,-0.03074058,0.9233736,0.7881138,-0.04838668,-0.6136248,0.08093394,0.9963963,0.02537846,0.6101855,-0.06966418,0.7891898,moving,37.50385,-11.00613,-4.72997,-1.906764
05/15/2023 14:23:09.780730,2160,True,True,True,True,Eyes,1.297464,-0.3256593,-3.297682,0.5987681,-0.1526875,0.7862335,0,0,0,0,0,0,0,-3.066795,0.3060776,1.806278,1.300214,-0.3249173,-3.311408,0.02561932,0.3222412,-0.03410304,0.9456962,4.038973,37.53532,357.2424,0.3644516,-0.0915212,-0.9267138,0,0,0,1.796699,-0.4161331,-2.536649,-0.07695916,-0.03014832,0.920998,0.7899951,-0.04799103,-0.611232,0.08101343,0.9963612,0.02647737,0.6077372,-0.07043499,0.7910085,moving,37.29164,-10.99011,-4.776574,-1.874874
05/15/2023 14:23:09.791227,2161,True,True,True,True,Eyes,1.297687,-0.3256699,-3.297839,0.595915,-0.1529244,0.7883523,0,0,0,0,0,0,0,-3.060633,0.3098075,1.815815,1.299972,-0.3249402,-3.311363,0.02623346,0.3206987,-0.0341288,0.9462028,4.102125,37.34805,357.2555,0.3644656,-0.09152021,-0.9267083,0,0,0,1.792128,-0.4161428,-2.536656,-0.07741952,-0.02929596,0.9186156,0.7919752,-0.04775944,-0.6086825,0.08141159,0.996294,0.02775422,0.6051013,-0.07153446,0.7929283,moving,37.08561,-10.97789,-4.817417,-1.826625
05/15/2023 14:23:09.811276,2162,True,True,True,True,Eyes,1.29789,-0.325678,-3.297984,0.5930428,-0.1531509,0.7904714,0,0,0,0,0,0,0,-3.051785,0.3118777,1.829751,1.299807,-0.324738,-3.311147,0.02652868,0.318483,-0.03413904,0.9469422,4.12816,37.07952,357.2555,0.3644821,-0.09151904,-0.926702,0,0,0,1.787647,-0.4161524,-2.536663,-0.07644513,-0.02921725,0.916228,0.7948062,-0.04775752,-0.6049813,0.08155326,0.9962615,0.02849684,0.6013586,-0.07198766,0.7957296,moving,36.87868,-10.96499,-4.769405,-1.826465
05/15/2023 14:23:09.821079,2163,True,True,True,True,Eyes,1.298085,-0.3256867,-3.298122,0.590086,-0.1533275,0.7926469,0,0,0,0,0,0,0,-3.044047,0.3135757,1.841936,1.299584,-0.3246862,-3.311033,0.02660578,0.3165808,-0.03398696,0.9475831,4.125515,36.84975,357.2666,0.3645006,-0.09151767,-0.9266949,0,0,0,1.782165,-0.416164,-2.53667,-0.07691225,-0.02954261,0.9132923,0.797243,-0.04756518,-0.6017817,0.08125669,0.996274,0.02890313,0.5981647,-0.07194161,0.7981375,moving,36.66584,-10.94793,-4.813765,-1.852722
05/15/2023 14:23:09.841177,2164,True,True,True,True,Eyes,1.298258,-0.3256972,-3.298249,0.5870928,-0.1534942,0.7948343,0,0,0,0,0,0,0,-3.035562,0.3154063,1.855008,1.299355,-0.3247058,-3.310803,0.02654306,0.3145398,-0.03366499,0.9482758,4.101194,36.60399,357.2906,0.3645206,-0.09151617,-0.9266871,0,0,0,1.77861,-0.4161716,-2.536675,-0.07553118,-0.0299526,0.9114398,0.7998627,-0.04714968,-0.5983281,0.08054509,0.9963243,0.02916233,0.5947538,-0.07151825,0.8007203,moving,36.45089,-10.93011,-4.737288,-1.882231
05/15/2023 14:23:09.861312,2165,True,True,True,True,Eyes,1.298394,-0.325699,-3.298351,0.5841307,-0.1536617,0.7969815,0,0,0,0,0,0,0,-3.026248,0.3183155,1.869259,1.299029,-0.3247611,-3.310692,0.02664342,0.312308,-0.03332242,0.9490225,4.093491,36.33535,357.3219,0.3645417,-0.09151465,-0.926679,0,0,0,1.774088,-0.4161813,-2.536682,-0.07459429,-0.03010317,0.9092084,0.8027067,-0.04660554,-0.5945501,0.07988935,0.9963595,0.0297567,0.5909989,-0.07138412,0.8035077,moving,36.23877,-10.91298,-4.69022,-1.896325
05/15/2023 14:23:09.870904,2166,True,True,True,True,Eyes,1.298511,-0.3257,-3.298443,0.5811249,-0.1538086,0.7991475,0,0,0,0,0,0,0,-3.016671,0.3212701,1.883567,1.298731,-0.3245744,-3.310482,0.0267298,0.3100488,-0.03289941,0.9497752,4.081504,36.06393,357.3614,0.364563,-0.09151296,-0.9266708,0,0,0,1.769539,-0.416191,-2.536688,-0.07361147,-0.03055788,0.9068946,0.8055747,-0.04591899,-0.5907121,0.07906915,0.9964063,0.03037375,0.5871946,-0.07117544,0.8063105,moving,36.02394,-10.89427,-4.640451,-1.929855
05/15/2023 14:23:09.891100,2167,True,True,True,True,Eyes,1.2986,-0.3256983,-3.298517,0.5781087,-0.153936,0.8013078,0,0,0,0,0,0,0,-3.006631,0.3242139,1.898611,1.298434,-0.3245553,-3.310348,0.02672127,0.3076853,-0.03240708,0.9505607,4.05665,35.78038,357.4048,0.3645841,-0.09151114,-0.9266627,0,0,0,1.765064,-0.4162005,-2.536695,-0.07244822,-0.03102639,0.9046931,0.8085591,-0.04516631,-0.586679,0.07805329,0.9964715,0.03085802,0.5832151,-0.07074274,0.8092315,moving,35.80881,-10.87438,-4.578501,-1.964185
05/15/2023 14:23:09.911076,2168,True,True,True,True,Eyes,1.298669,-0.3256987,-3.298583,0.5750393,-0.154055,0.8034905,0,0,0,0,0,0,0,-2.996271,0.3259947,1.913989,1.298102,-0.3245035,-3.31012,0.02658111,0.3052666,-0.0320056,0.9513577,4.020694,35.49014,357.4335,0.3646045,-0.09150919,-0.9266548,0,0,0,1.760529,-0.4162101,-2.536701,-0.07115427,-0.0317203,0.9024166,0.8115759,-0.04466889,-0.5825368,0.0771262,0.9965382,0.03103583,0.5791339,-0.07011678,0.8122116,moving,35.59041,-10.85373,-4.508363,-2.01314
05/15/2023 14:23:09.921566,2169,True,True,True,True,Eyes,1.298728,-0.3256949,-3.298643,0.5717102,-0.1542,0.8058349,0,0,0,0,0,0,0,-2.98572,0.3281912,1.929632,1.297742,-0.3245513,-3.310022,0.02664634,0.3027818,-0.03178545,0.952157,4.013477,35.19149,357.4493,0.364624,-0.09150723,-0.9266474,0,0,0,1.755953,-0.4162199,-2.536708,-0.06985676,-0.03186885,0.9002666,0.8146257,-0.04439342,-0.5782855,0.07666553,0.9965593,0.03149489,0.5748976,-0.06999111,0.8152263,moving,35.3543,-10.83284,-4.437012,-2.027386
05/15/2023 14:23:09.941747,2170,True,True,True,True,Eyes,1.29877,-0.325691,-3.298695,0.5683228,-0.1543525,0.8081983,0,0,0,0,0,0,0,-2.97468,0.3303052,1.945705,1.297457,-0.3244375,-3.309824,0.02684303,0.3001777,-0.03171304,0.9529781,4.025517,34.87819,357.4531,0.3646424,-0.09150515,-0.9266403,0,0,0,1.751413,-0.4162296,-2.536714,-0.06832945,-0.03188653,0.8980617,0.8177752,-0.04432831,-0.573828,0.07655901,0.9965475,0.03212253,0.5704229,-0.07020071,0.8183455,moving,35.11478,-10.81235,-4.350994,-2.033487
05/15/2023 14:23:09.961003,2171,True,True,True,True,Eyes,1.298815,-0.3256882,-3.29876,0.564492,-0.1544269,0.8108643,0,0,0,0,0,0,0,-2.963384,0.3320789,1.962132,1.297106,-0.3244286,-3.309704,0.02706374,0.2975136,-0.03177537,0.9538047,4.044674,34.55748,357.4425,0.3646595,-0.09150302,-0.9266337,0,0,0,1.746731,-0.4162396,-2.536721,-0.06682086,-0.03170458,0.8958935,0.8209519,-0.04451133,-0.5692597,0.07671865,0.9965158,0.03271984,0.5658199,-0.07053424,0.8215064,moving,34.84413,-10.7827,-4.265549,-2.026782
05/15/2023 14:23:09.971221,2172,True,True,True,True,Eyes,1.298844,-0.3256842,-3.298818,0.560623,-0.1544999,0.8135303,0,0,0,0,0,0,0,-2.951792,0.3325441,1.979071,1.296636,-0.3244269,-3.309662,0.02713189,0.2947942,-0.03195165,0.954641,4.050791,34.23001,357.4139,0.3646754,-0.09150082,-0.9266277,0,0,0,1.742134,-0.4162494,-2.536727,-0.06509218,-0.03171676,0.8939158,0.8241509,-0.04500806,-0.564579,0.07700136,0.9964859,0.03296411,0.5611115,-0.07064075,0.8247205,moving,34.57165,-10.75315,-4.164751,-2.032042
05/15/2023 14:23:09.991212,2173,True,True,True,True,Eyes,1.298847,-0.3256774,-3.298858,0.5567697,-0.1546015,0.8161532,0,0,0,0,0,0,0,-2.94069,0.3327568,1.995136,1.296316,-0.3243968,-3.309574,0.0271806,0.2921869,-0.03214483,0.9554344,4.055523,33.91626,357.3832,0.3646898,-0.09149857,-0.9266222,0,0,0,1.737694,-0.4162588,-2.536734,-0.06356558,-0.03179152,0.8918989,0.8271871,-0.04554092,-0.5600782,0.07730818,0.9964558,0.03315396,0.5565833,-0.07072314,0.827776,moving,34.30133,-10.72628,-4.076574,-2.04143
05/15/2023 14:23:10.010845,2174,True,True,True,True,Eyes,1.298832,-0.3256698,-3.298894,0.5528749,-0.1547048,0.818777,0,0,0,0,0,0,0,-2.929521,0.333128,2.01082,1.295991,-0.3243318,-3.309332,0.02718267,0.2896177,-0.03223393,0.9562131,4.051661,33.60769,357.3626,0.3647025,-0.09149626,-0.9266175,0,0,0,1.733083,-0.4162686,-2.536741,-0.06219274,-0.03204537,0.8896654,0.8301652,-0.04589985,-0.5556248,0.07739017,0.9964441,0.03331383,0.55212,-0.07065587,0.8307654,moving,34.02898,-10.69968,-3.9988,-2.062878
05/15/2023 14:23:10.021736,2175,True,True,True,True,Eyes,1.298811,-0.3256581,-3.298931,0.5488548,-0.1547578,0.8214672,0,0,0,0,0,0,0,-2.917821,0.3348456,2.027165,1.295608,-0.3243025,-3.309294,0.02732781,0.2869409,-0.03221695,0.9570163,4.059653,33.28681,357.3579,0.3647132,-0.09149389,-0.9266135,0,0,0,1.728555,-0.4162783,-2.536747,-0.06066966,-0.03203452,0.8877077,0.833254,-0.04598136,-0.5509751,0.07734723,0.9964305,0.0338176,0.5474534,-0.07079504,0.8338363,moving,33.74846,-10.66902,-3.909754,-2.066724
05/15/2023 14:23:10.041557,2176,True,True,True,True,Eyes,1.298776,-0.3256463,-3.298964,0.5448084,-0.1547972,0.824149,0,0,0,0,0,0,0,-2.906067,0.3357584,2.043407,1.295217,-0.324187,-3.309197,0.0272704,0.2842921,-0.03210551,0.957812,4.042391,32.96997,357.3571,0.364722,-0.09149137,-0.9266103,0,0,0,1.723862,-0.4162883,-2.536754,-0.05931327,-0.03251404,0.8856142,0.8362945,-0.04599657,-0.5463477,0.07700758,0.9964511,0.03398512,0.5428456,-0.0704945,0.8368687,moving,33.46692,-10.63774,-3.831615,-2.102587
05/15/2023 14:23:10.061240,2177,True,True,True,True,Eyes,1.298727,-0.3256355,-3.298994,0.540717,-0.1548187,0.8268352,0,0,0,0,0,0,0,-2.894709,0.3367686,2.059032,1.294898,-0.3241744,-3.309156,0.02721194,0.2817329,-0.03198543,0.9585735,4.025014,32.66416,357.3576,0.3647288,-0.09148872,-0.9266079,0,0,0,1.719433,-0.4162977,-2.53676,-0.05802459,-0.03288145,0.883666,0.839207,-0.04598778,-0.5418642,0.07665376,0.9964729,0.03414657,0.5383826,-0.07019196,0.8397721,moving,33.18308,-10.6054,-3.756847,-2.131008
05/15/2023 14:23:10.071240,2178,True,True,True,True,Eyes,1.298661,-0.3256161,-3.29901,0.536605,-0.1548368,0.8295063,0,0,0,0,0,0,0,-2.883239,0.3381819,2.074271,1.294198,-0.324281,-3.309067,0.02712839,0.2792568,-0.03176735,0.9593074,4.002007,32.36887,357.3687,0.3647334,-0.09148601,-0.9266064,0,0,0,1.714724,-0.4163078,-2.536767,-0.05681592,-0.03320827,0.8817194,0.8420129,-0.04579773,-0.5375099,0.07610088,0.9965098,0.03430642,0.5340627,-0.06979143,0.8425593,moving,32.8987,-10.57323,-3.686908,-2.156916
05/15/2023 14:23:10.091315,2179,True,True,True,True,Eyes,1.298564,-0.325599,-3.299021,0.5326616,-0.1549079,0.8320307,0,0,0,0,0,0,0,-2.871751,0.3398248,2.089121,1.293793,-0.3240553,-3.308768,0.02719237,0.2767588,-0.03160264,0.9600345,3.996978,32.07095,357.3784,0.3647358,-0.09148306,-0.9266057,0,0,0,1.71044,-0.4163169,-2.536773,-0.05536503,-0.03358531,0.8797106,0.8448116,-0.04562781,-0.5331149,0.07573072,0.9965237,0.0347186,0.5296774,-0.06970384,0.8453302,moving,32.62716,-10.5466,-3.601189,-2.186358
05/15/2023 14:23:10.111117,2180,True,True,True,True,Eyes,1.298451,-0.3255783,-3.299026,0.5286674,-0.1549666,0.8345634,0,0,0,0,0,0,0,-2.85928,0.3433393,2.105378,1.293462,-0.3240056,-3.308769,0.02741239,0.2740245,-0.03126572,0.9608234,4.003193,31.74556,357.4112,0.3647355,-0.09147999,-0.9266061,0,0,0,1.70588,-0.4163266,-2.536779,-0.05400181,-0.03358931,0.8778015,0.8478661,-0.04505834,-0.5282924,0.075105,0.996542,0.03554178,0.5248641,-0.06981207,0.8483183,moving,32.35286,-10.51921,-3.520364,-2.191369
05/15/2023 14:23:10.121546,2181,True,True,True,True,Eyes,1.298319,-0.3255549,-3.299024,0.5248443,-0.155075,0.8369529,0,0,0,0,0,0,0,-2.845807,0.3462608,2.122651,1.293041,-0.3239016,-3.308669,0.02743859,0.2711278,-0.03081193,0.9616588,3.984183,31.40158,357.4501,0.3647325,-0.09147674,-0.9266077,0,0,0,1.701135,-0.4163367,-2.536786,-0.05239153,-0.03402628,0.8757774,0.8510807,-0.0443824,-0.5231557,0.07413986,0.9965954,0.03606518,0.519774,-0.06948107,0.8514737,moving,32.0914,-10.49702,-3.423518,-2.224974
05/15/2023 14:23:10.141171,2182,True,True,True,True,Eyes,1.298174,-0.3255352,-3.299017,0.5209451,-0.1551763,0.8393668,0,0,0,0,0,0,0,-2.831241,0.3487287,2.141104,1.292569,-0.3238143,-3.308515,0.02734774,0.2680274,-0.03032475,0.9625455,3.950959,31.03381,357.4884,0.3647266,-0.0914733,-0.9266103,0,0,0,1.696692,-0.4163462,-2.536793,-0.05010915,-0.03462319,0.8739132,0.8544835,-0.04371801,-0.5176358,0.07303778,0.9966651,0.03639117,0.5143185,-0.06890261,0.8548269,moving,31.82542,-10.47418,-3.281679,-2.26879
05/15/2023 14:23:10.161050,2183,True,True,True,True,Eyes,1.298014,-0.3255188,-3.29901,0.5170596,-0.155316,0.84174,0,0,0,0,0,0,0,-2.81634,0.3519989,2.159745,1.292167,-0.3238853,-3.30841,0.02744757,0.2648439,-0.02993835,0.9634355,3.94196,30.65602,357.5211,0.3647179,-0.0914698,-0.9266141,0,0,0,1.692147,-0.4163559,-2.536799,-0.04789448,-0.0347039,0.8720207,0.8579228,-0.04314871,-0.5119635,0.07222599,0.9967006,0.03702995,0.5086766,-0.06874591,0.8582087,moving,31.56136,-10.4545,-3.143729,-2.279003
05/15/2023 14:23:10.171656,2184,True,True,True,True,Eyes,1.297838,-0.3255048,-3.299001,0.5130857,-0.1554965,0.844135,0,0,0,0,0,0,0,-2.800921,0.355695,2.178993,1.291821,-0.3239415,-3.308466,0.02773781,0.2615229,-0.02970842,0.9643412,3.958636,30.26159,357.5417,0.3647062,-0.09146637,-0.9266191,0,0,0,1.6876,-0.4163656,-2.536805,-0.04559588,-0.03440817,0.870276,0.8614464,-0.04278997,-0.5060427,0.07180625,0.9966961,0.03795856,0.5027465,-0.06903628,0.8616728,moving,31.29225,-10.43734,-2.999124,-2.264129
05/15/2023 14:23:10.191332,2185,True,True,True,True,Eyes,1.297637,-0.3254863,-3.298976,0.5093153,-0.1557726,0.8463645,0,0,0,0,0,0,0,-2.785433,0.3607633,2.197618,1.291342,-0.3239736,-3.308442,0.02840732,0.2582259,-0.02965643,0.9652115,4.022847,29.86956,357.5537,0.3646915,-0.09146307,-0.9266252,0,0,0,1.683095,-0.4163752,-2.536812,-0.04319283,-0.03341848,0.8685845,0.8648798,-0.04257844,-0.50017,0.07192045,0.996627,0.03952203,0.4968002,-0.07015425,0.8650249,moving,31.03819,-10.42853,-2.84685,-2.203348
05/15/2023 14:23:10.210842,2186,True,True,True,True,Eyes,1.297423,-0.3254671,-3.298949,0.5054431,-0.1560544,0.8486309,0,0,0,0,0,0,0,-2.769632,0.3652577,2.216095,1.290923,-0.3238425,-3.308171,0.02901102,0.2549008,-0.02961524,0.966078,4.080142,29.47455,357.562,0.3646736,-0.09145983,-0.9266326,0,0,0,1.678648,-0.4163847,-2.536818,-0.04063639,-0.03271213,0.8666932,0.868297,-0.04243141,-0.4942265,0.07201114,0.9965626,0.04095593,0.4907899,-0.07115173,0.8683679,moving,30.77796,-10.41969,-2.684444,-2.161524
05/15/2023 14:23:10.221381,2187,True,True,True,True,Eyes,1.297181,-0.3254447,-3.298909,0.5017123,-0.1563467,0.8507881,0,0,0,0,0,0,0,-2.752907,0.369397,2.235785,1.290458,-0.3238037,-3.308105,0.02933969,0.2514199,-0.02932405,0.9669889,4.099434,29.06244,357.5891,0.3646526,-0.09145665,-0.9266412,0,0,0,1.674015,-0.4163946,-2.536825,-0.03806332,-0.03246982,0.8649037,0.8718563,-0.0419589,-0.4879611,0.07146522,0.9965585,0.04199701,0.4845197,-0.0714876,0.8718545,moving,30.52798,-10.41289,-2.519889,-2.149963
05/15/2023 14:23:10.241312,2188,True,True,True,True,Eyes,1.29693,-0.3254221,-3.298868,0.4978735,-0.1566297,0.8529884,0,0,0,0,0,0,0,-2.735512,0.3725119,2.255961,1.289944,-0.3237102,-3.30793,0.02955089,0.2478334,-0.02911028,0.9679143,4.107871,28.63798,357.6036,0.3646282,-0.09145348,-0.9266511,0,0,0,1.669547,-0.4164041,-2.536831,-0.03507784,-0.03243823,0.8631347,0.8754624,-0.04170511,-0.4814833,0.0709999,0.9965587,0.04277646,0.4780424,-0.07163446,0.8754107,moving,30.27132,-10.40501,-2.327223,-2.152271
05/15/2023 14:23:10.261218,2189,True,True,True,True,Eyes,1.296633,-0.3254021,-3.298806,0.4943132,-0.1569746,0.8549932,0,0,0,0,0,0,0,-2.718442,0.3745876,2.275777,1.289522,-0.3236828,-3.307834,0.02965962,0.2443029,-0.0290149,0.968811,4.108532,28.22015,357.6023,0.3646005,-0.09145033,-0.9266623,0,0,0,1.665033,-0.4164137,-2.536838,-0.03236708,-0.03248037,0.8613594,0.8789485,-0.04172805,-0.4750878,0.07071178,0.9965569,0.04329228,0.4716455,-0.07164598,0.8788728,moving,30.0343,-10.4035,-2.151976,-2.159501
05/15/2023 14:23:10.270942,2190,True,True,True,True,Eyes,1.296328,-0.3253832,-3.298743,0.4906487,-0.1573206,0.8570379,0,0,0,0,0,0,0,-2.701762,0.3766843,2.294806,1.289116,-0.3237549,-3.307704,0.02980362,0.2408735,-0.02897892,0.9696659,4.11506,27.81441,357.5957,0.3645689,-0.09144737,-0.926675,0,0,0,1.660454,-0.4164235,-2.536844,-0.02992436,-0.03235416,0.8595123,0.8822804,-0.04184193,-0.468861,0.07055753,0.9965439,0.0438386,0.4654063,-0.07175961,0.8821834,moving,29.79086,-10.4016,-1.993977,-2.155736
05/15/2023 14:23:10.291435,2191,True,True,True,True,Eyes,1.295963,-0.3253594,-3.298658,0.4871721,-0.1577041,0.8589486,0,0,0,0,0,0,0,-2.68535,0.3790451,2.313275,1.288692,-0.3237585,-3.307639,0.03004906,0.2375157,-0.02900028,0.9704855,4.134636,27.41723,357.5858,0.3645337,-0.09144461,-0.9266891,0,0,0,1.655861,-0.4164332,-2.536851,-0.02766761,-0.03210571,0.8577406,0.8854905,-0.04201446,-0.462754,0.07056295,0.9965121,0.04454831,0.4592682,-0.0721004,0.8853667,moving,29.56072,-10.40371,-1.847514,-2.143613
05/15/2023 14:23:10.311039,2192,True,True,True,True,Eyes,1.295594,-0.3253353,-3.298574,0.4836048,-0.1580739,0.8608944,0,0,0,0,0,0,0,-2.669139,0.3814131,2.331223,1.288245,-0.3236556,-3.307575,0.03034486,0.234223,-0.02906218,0.9712746,4.161065,27.02787,357.5727,0.364494,-0.09144201,-0.9267049,0,0,0,1.651326,-0.4164429,-2.536857,-0.02547899,-0.03186247,0.8560255,0.8885899,-0.04223977,-0.4567535,0.07066963,0.9964691,0.04533232,0.4532259,-0.07256044,0.8884375,moving,29.32496,-10.40452,-1.704865,-2.131645
05/15/2023 14:23:10.321827,2193,True,True,True,True,Eyes,1.295191,-0.3253075,-3.298467,0.4802735,-0.1584466,0.8626888,0,0,0,0,0,0,0,-2.653607,0.3828731,2.348354,1.287858,-0.3236244,-3.307518,0.0304253,0.2310902,-0.02904771,0.9720225,4.161811,26.65809,357.563,0.36445,-0.09143955,-0.9267225,0,0,0,1.646718,-0.4164527,-2.536864,-0.02371562,-0.03195216,0.8542375,0.891507,-0.04240809,-0.4510174,0.07053205,0.9964611,0.04572287,0.4474823,-0.07257345,0.8913432,moving,29.10543,-10.4073,-1.590255,-2.14211
05/15/2023 14:23:10.341423,2194,True,True,True,True,Eyes,1.294788,-0.3252834,-3.298362,0.4768682,-0.1588027,0.8645105,0,0,0,0,0,0,0,-2.638818,0.3843084,2.363947,1.287396,-0.3235309,-3.307149,0.03044671,0.2281873,-0.02892029,0.9727113,4.153583,26.31616,357.5654,0.3644016,-0.09143718,-0.9267417,0,0,0,1.642333,-0.4164621,-2.53687,-0.0219821,-0.03224356,0.8523048,0.8941883,-0.04236708,-0.4456818,0.07015729,0.9964733,0.04603322,0.4421596,-0.07243019,0.8940071,moving,28.88134,-10.40868,-1.477409,-2.166525
05/15/2023 14:23:10.361267,2195,True,True,True,True,Eyes,1.294331,-0.3252599,-3.298239,0.4736943,-0.1592154,0.8661779,0,0,0,0,0,0,0,-2.624465,0.3861482,2.37926,1.287028,-0.3235969,-3.30706,0.030504,0.2253482,-0.02877918,0.9733754,4.149224,25.98202,357.5706,0.3643493,-0.09143501,-0.9267624,0,0,0,1.637658,-0.416472,-2.536877,-0.02086443,-0.03233716,0.8504517,0.89678,-0.04227785,-0.4404525,0.06977393,0.9964825,0.04641301,0.4369409,-0.07235435,0.8965754,moving,28.67331,-10.41549,-1.405375,-2.177537
05/15/2023 14:23:10.370921,2196,True,True,True,True,Eyes,1.293874,-0.3252378,-3.298123,0.4704469,-0.1596468,0.8678667,0,0,0,0,0,0,0,-2.610369,0.389436,2.394001,1.286672,-0.3236207,-3.307065,0.03086106,0.2225599,-0.02869775,0.9740078,4.180097,25.65368,357.5768,0.3642922,-0.09143312,-0.926785,0,0,0,1.63312,-0.4164817,-2.536883,-0.01980439,-0.03194094,0.8487735,0.899287,-0.04216679,-0.4353215,0.06964052,0.9964481,0.04734388,0.4317789,-0.07289176,0.8990294,moving,28.46091,-10.42321,-1.336637,-2.155131
05/15/2023 14:23:10.391215,2197,True,True,True,True,Eyes,1.293372,-0.3252093,-3.297987,0.4673545,-0.160109,0.8694509,0,0,0,0,0,0,0,-2.596595,0.3935627,2.408072,1.286296,-0.3236217,-3.307072,0.03137746,0.2198537,-0.02862857,0.9746076,4.229382,25.33506,357.5859,0.3642309,-0.0914315,-0.9268093,0,0,0,1.628661,-0.4164912,-2.53689,-0.01883158,-0.0312956,0.8471626,0.9016895,-0.04200633,-0.4303388,0.06960014,0.9963917,0.04857324,0.4267457,-0.07374962,0.9013596,moving,28.25929,-10.4341,-1.273418,-2.11564
05/15/2023 14:23:10.410918,2198,True,True,True,True,Eyes,1.292875,-0.3251818,-3.297854,0.4642048,-0.160551,0.8710553,0,0,0,0,0,0,0,-2.58324,0.3963708,2.42153,1.285944,-0.3234763,-3.306926,0.03168077,0.2172595,-0.02853222,0.9751823,4.254502,25.03004,357.593,0.3641648,-0.09143005,-0.9268354,0,0,0,1.624157,-0.4165008,-2.536896,-0.01805124,-0.03117685,0.8453931,0.9039685,-0.04188233,-0.4255432,0.06941412,0.9963645,0.04939126,0.4219275,-0.07418684,0.9035892,moving,28.05415,-10.44342,-1.223221,-2.112027
05/15/2023 14:23:10.421317,2199,True,True,True,True,Eyes,1.292359,-0.3251522,-3.29771,0.4611507,-0.1609678,0.8725992,0,0,0,0,0,0,0,-2.570345,0.3985054,2.434594,1.285637,-0.3234656,-3.306847,0.03175012,0.2147746,-0.02828653,0.9757375,4.250088,24.73878,357.6114,0.3640944,-0.09142875,-0.9268632,0,0,0,1.619416,-0.4165109,-2.536903,-0.01776886,-0.03138167,0.8435512,0.9061435,-0.04156222,-0.4209234,0.06883869,0.9963837,0.04980911,0.417331,-0.07411002,0.9057276,moving,27.85553,-10.45182,-1.20672,-2.130527
05/15/2023 14:23:10.441402,2200,True,True,True,True,Eyes,1.291849,-0.3251299,-3.297569,0.4580524,-0.1613722,0.874155,0,0,0,0,0,0,0,-2.557692,0.4016346,2.446823,1.285235,-0.3234013,-3.306603,0.03194989,0.2123917,-0.02795919,0.9762619,4.258677,24.45991,357.6426,0.3640199,-0.09142759,-0.9268926,0,0,0,1.615096,-0.4165201,-2.536909,-0.01716205,-0.03142447,0.8418001,0.9082162,-0.0410192,-0.4164864,0.06816275,0.996395,0.05050631,0.4129132,-0.0742595,0.907738,moving,27.65429,-10.45926,-1.167946,-2.137864
05/15/2023 14:23:10.461860,2201,True,True,True,True,Eyes,1.291345,-0.3251108,-3.29744,0.4548712,-0.1617306,0.8757485,0,0,0,0,0,0,0,-2.54563,0.40477,2.458604,1.284945,-0.3235453,-3.306514,0.03211211,0.2101037,-0.02761802,0.9767612,4.263131,24.19243,357.6748,0.3639417,-0.09142672,-0.9269233,0,0,0,1.610548,-0.4165298,-2.536916,-0.01711953,-0.03134349,0.8400409,0.9101874,-0.04045868,-0.412216,0.06744617,0.9964121,0.05112643,0.4086685,-0.07433702,0.9096505,moving,27.44775,-10.46333,-1.167492,-2.136821
05/15/2023 14:23:10.471947,2202,True,True,True,True,Eyes,1.290849,-0.3250871,-3.297315,0.4516553,-0.162094,0.8773443,0,0,0,0,0,0,0,-2.533536,0.410313,2.470025,1.284523,-0.3235883,-3.306581,0.03279363,0.2078133,-0.02741851,0.9772341,4.329375,23.92392,357.7034,0.3638603,-0.09142619,-0.9269553,0,0,0,1.60599,-0.4165395,-2.536922,-0.01706034,-0.03044344,0.8385328,0.9121237,-0.0399587,-0.4079628,0.0672185,0.9963456,0.05269824,0.4043661,-0.07548997,0.9114764,moving,27.23933,-10.46766,-1.165548,-2.079245
05/15/2023 14:23:10.491178,2203,True,True,True,True,Eyes,1.290343,-0.3250616,-3.297181,0.4484937,-0.1624057,0.8789072,0,0,0,0,0,0,0,-2.522033,0.4135598,2.480998,1.28427,-0.3234452,-3.306519,0.0331203,0.2056311,-0.02721278,0.9776902,4.356062,23.66849,357.7245,0.3637761,-0.09142582,-0.9269884,0,0,0,1.601455,-0.4165492,-2.536928,-0.01725194,-0.03033568,0.8368549,0.9139506,-0.03959022,-0.4038896,0.06683248,0.996325,0.05357121,0.4002844,-0.07595439,0.9132378,moving,27.03456,-10.46911,-1.180997,-2.076041
05/15/2023 14:23:10.510955,2204,True,True,True,True,Eyes,1.289843,-0.3250357,-3.297054,0.4453027,-0.1627177,0.8804706,0,0,0,0,0,0,0,-2.51052,0.4154993,2.491915,1.284008,-0.3233922,-3.306317,0.0332337,0.2034632,-0.02703964,0.9781447,4.35971,23.41484,357.7369,0.3636892,-0.09142557,-0.9270224,0,0,0,1.596818,-0.4165591,-2.536935,-0.0174998,-0.03049211,0.8350108,0.9157431,-0.03937369,-0.3998302,0.06642103,0.9963288,0.05401159,0.3962357,-0.07601788,0.9149964,moving,26.82825,-10.47056,-1.200605,-2.091342
05/15/2023 14:23:10.521562,2205,True,True,True,True,Eyes,1.289344,-0.3250084,-3.296925,0.4422131,-0.1630227,0.88197,0,0,0,0,0,0,0,-2.49972,0.4169154,2.502366,1.283716,-0.3233558,-3.306323,0.03342384,0.2013989,-0.02711679,0.9785632,4.378062,23.17237,357.7234,0.3636001,-0.09142539,-0.9270573,0,0,0,1.592427,-0.4165685,-2.536941,-0.01775065,-0.03040228,0.8334867,0.9174063,-0.03960795,-0.3959759,0.06653405,0.996295,0.05449209,0.3923505,-0.07633726,0.9166426,moving,26.62884,-10.47232,-1.220036,-2.088996
05/15/2023 14:23:10.546523,2206,True,True,True,True,Eyes,1.288852,-0.3249855,-3.296802,0.4390984,-0.1633228,0.8834695,0,0,0,0,0,0,0,-2.489549,0.4181949,2.511836,1.283377,-0.3233001,-3.306128,0.03360618,0.1994872,-0.02719975,0.9789462,4.395992,22.94786,357.7096,0.3635089,-0.09142523,-0.9270931,0,0,0,1.58763,-0.4165787,-2.536948,-0.0185239,-0.0303849,0.8316506,0.9189301,-0.03984618,-0.3924026,0.06666219,0.9962616,0.05494529,0.3887463,-0.0766493,0.918151,moving,26.42811,-10.47375,-1.275976,-2.092408
05/15/2023 14:23:10.571216,2207,True,True,True,True,Eyes,1.288392,-0.3249671,-3.296696,0.4357448,-0.1635782,0.8850812,0,0,0,0,0,0,0,-2.478864,0.4204958,2.521884,1.2831,-0.3233802,-3.306141,0.03376849,0.1974878,-0.027032,0.9793506,4.405766,22.71422,357.7232,0.3634161,-0.09142521,-0.9271295,0,0,0,1.583122,-0.4165883,-2.536955,-0.01906693,-0.03030893,0.8301001,0.9205356,-0.03960987,-0.3886453,0.06628533,0.9962579,0.05546539,0.384994,-0.07681935,0.9197165,moving,26.21203,-10.47109,-1.31582,-2.091076
05/15/2023 14:23:10.571216,2208,True,True,True,True,Eyes,1.287938,-0.3249521,-3.296598,0.4323753,-0.1638651,0.8866791,0,0,0,0,0,0,0,-2.468182,0.4246733,2.53154,1.282801,-0.3234394,-3.306172,0.03424726,0.1954995,-0.02685779,0.9797376,4.451089,22.48181,357.7445,0.3633223,-0.09142535,-0.9271662,0,0,0,1.578494,-0.4165981,-2.536961,-0.01976308,-0.02974339,0.8285668,0.9221172,-0.03923652,-0.3849159,0.06601781,0.9962116,0.0566053,0.3812367,-0.07760803,0.9212142,moving,25.99546,-10.47056,-1.366367,-2.055886
05/15/2023 14:23:10.591244,2209,True,True,True,True,Eyes,1.287504,-0.3249345,-3.296509,0.4290567,-0.164167,0.888234,0,0,0,0,0,0,0,-2.457676,0.4291529,2.540937,1.282519,-0.323496,-3.306236,0.03483706,0.1935345,-0.02677482,0.9801092,4.511083,22.25178,357.7579,0.3632277,-0.09142572,-0.9272032,0,0,0,1.574221,-0.4166073,-2.536967,-0.0202091,-0.02894899,0.8272172,0.923655,-0.03900015,-0.3812353,0.06596885,0.996139,0.05792455,0.3775043,-0.07865196,0.9226615,moving,25.78262,-10.47147,-1.399471,-2.004284
05/15/2023 14:23:10.610931,2210,True,True,True,True,Eyes,1.287075,-0.324916,-3.296427,0.4257143,-0.1644662,0.8897855,0,0,0,0,0,0,0,-2.447015,0.4327239,2.550293,1.282174,-0.3233942,-3.306142,0.03531874,0.1915669,-0.02672066,0.9804799,4.559609,22.02148,357.7655,0.3631328,-0.09142618,-0.9272404,0,0,0,1.569596,-0.4166171,-2.536974,-0.02085477,-0.02851044,0.8256347,0.9251763,-0.03886633,-0.3775425,0.06592993,0.9960772,0.05902104,0.3737676,-0.07949622,0.9241094,moving,25.5686,-10.47225,-1.446931,-1.977726
05/15/2023 14:23:10.621728,2211,True,True,True,True,Eyes,1.286653,-0.3248967,-3.296347,0.4224776,-0.1647712,0.8912705,0,0,0,0,0,0,0,-2.435657,0.43541,2.560655,1.281911,-0.3233494,-3.306223,0.03551827,0.1894699,-0.02648577,0.9808864,4.572201,21.77706,357.7865,0.3630377,-0.09142667,-0.9272775,0,0,0,1.564937,-0.416627,-2.536981,-0.02147284,-0.02851699,0.8241749,0.9267993,-0.03849978,-0.3735784,0.06541836,0.9960739,0.05964227,0.3698155,-0.0797153,0.9256792,moving,25.36176,-10.47414,-1.492432,-1.981681
05/15/2023 14:23:10.641343,2212,True,True,True,True,Eyes,1.286235,-0.3248774,-3.296272,0.4192204,-0.1650585,0.8927542,0,0,0,0,0,0,0,-2.424811,0.4369377,2.57031,1.281524,-0.3233069,-3.306098,0.03549892,0.1875218,-0.02619941,0.9812691,4.559476,21.55049,357.8094,0.3629426,-0.09142716,-0.9273147,0,0,0,1.560438,-0.4166366,-2.536987,-0.02200657,-0.02888686,0.822628,0.9282984,-0.0381037,-0.3698786,0.06473097,0.9961068,0.05984207,0.3661584,-0.0794939,0.9271508,moving,25.15386,-10.47495,-1.532385,-2.011134
05/15/2023 14:23:10.661266,2213,True,True,True,True,Eyes,1.285825,-0.3248589,-3.296198,0.4160495,-0.1653679,0.894179,0,0,0,0,0,0,0,-2.413738,0.4386172,2.580344,1.28127,-0.3232856,-3.306134,0.03551142,0.1854996,-0.0259325,0.9816599,4.5507,21.31525,357.8304,0.3628475,-0.09142763,-0.9273519,0,0,0,1.555948,-0.4166462,-2.536994,-0.02260566,-0.02917102,0.8212061,0.9298348,-0.03773909,-0.366037,0.06408852,0.9961329,0.06009933,0.3623533,-0.07934122,0.9286577,moving,24.95193,-10.47779,-1.576805,-2.034415
05/15/2023 14:23:10.681036,2214,True,True,True,True,Eyes,1.285419,-0.3248433,-3.29613,0.4128382,-0.1656754,0.8956094,0,0,0,0,0,0,0,-2.401896,0.4407098,2.590719,1.280993,-0.3232819,-3.30601,0.03558441,0.1833552,-0.02566178,0.9820673,4.548503,21.0658,357.8525,0.3627526,-0.0914281,-0.9273889,0,0,0,1.551274,-0.4166562,-2.537,-0.02311185,-0.02935364,0.8196035,0.9314447,-0.03735403,-0.3619606,0.06345236,0.9961504,0.06048213,0.358308,-0.07930301,0.9302292,moving,24.74771,-10.48046,-1.615245,-2.05114
05/15/2023 14:23:10.691231,2215,True,True,True,True,Eyes,1.285038,-0.3248239,-3.296072,0.4094882,-0.1659801,0.8970898,0,0,0,0,0,0,0,-2.389772,0.4429183,2.601455,1.280725,-0.3233325,-3.306048,0.03577293,0.1811294,-0.02556563,0.9824759,4.562899,20.80614,357.8569,0.3626579,-0.09142863,-0.9274259,0,0,0,1.547028,-0.4166652,-2.537006,-0.02315678,-0.02920776,0.8183306,0.9330771,-0.03727617,-0.3577397,0.06319428,0.9961334,0.0610307,0.3540814,-0.07955345,0.9318249,moving,24.53494,-10.48236,-1.620899,-2.044127
05/15/2023 14:23:10.711084,2216,True,True,True,True,Eyes,1.284659,-0.3248026,-3.296019,0.4060945,-0.1662769,0.8985763,0,0,0,0,0,0,0,-2.376916,0.4442557,2.612699,1.280325,-0.3232072,-3.305994,0.03602402,0.1787654,-0.0257673,0.9828943,4.590188,20.52912,357.8282,0.3625639,-0.09142905,-0.9274626,0,0,0,1.542204,-0.4166755,-2.537013,-0.02333546,-0.02909219,0.8168581,0.9347579,-0.03777337,-0.3532716,0.06353277,0.9960766,0.06160299,0.3495586,-0.08002821,0.9334904,moving,24.31969,-10.4837,-1.636343,-2.039712
05/15/2023 14:23:10.721311,2217,True,True,True,True,Eyes,1.284272,-0.32478,-3.295964,0.4027655,-0.1666118,0.9000114,0,0,0,0,0,0,0,-2.364252,0.4450321,2.623934,1.280071,-0.323143,-3.30602,0.03610435,0.17643,-0.02586001,0.9833109,4.595955,20.2561,357.8085,0.3624705,-0.09142932,-0.9274991,0,0,0,1.538029,-0.4166844,-2.537019,-0.02313809,-0.02918247,0.8156391,0.9364074,-0.03811708,-0.3488384,0.06359663,0.9960555,0.06187863,0.3451037,-0.08012855,0.9351379,moving,24.10907,-10.48797,-1.624934,-2.049092
05/15/2023 14:23:10.740948,2218,True,True,True,True,Eyes,1.283886,-0.324756,-3.295916,0.3993852,-0.1669266,0.9014583,0,0,0,0,0,0,0,-2.350801,0.4441659,2.635852,1.27969,-0.3231023,-3.305944,0.03581896,0.1740048,-0.02581802,0.9837546,4.557472,19.97355,357.7962,0.3623776,-0.09142941,-0.9275353,0,0,0,1.533544,-0.416694,-2.537025,-0.02293484,-0.02988713,0.8142592,0.9381116,-0.03833184,-0.3442055,0.06326253,0.9961008,0.06148921,0.3405064,-0.07945904,0.9368787,moving,23.89542,-10.49086,-1.613396,-2.10208
05/15/2023 14:23:10.761321,2219,True,True,True,True,Eyes,1.28349,-0.3247276,-3.295856,0.3958568,-0.1671702,0.9029682,0,0,0,0,0,0,0,-2.337367,0.4446015,2.647669,1.279415,-0.323048,-3.306032,0.03577393,0.1715584,-0.02581187,0.9841858,4.546771,19.68836,357.7847,0.362285,-0.09142931,-0.9275715,0,0,0,1.528834,-0.416704,-2.537032,-0.02309084,-0.03021818,0.8129545,0.939803,-0.03853272,-0.3395373,0.06308197,0.9961079,0.06155988,0.3358438,-0.07927286,0.9385759,moving,23.67241,-10.48864,-1.626969,-2.128751
05/15/2023 14:23:10.771038,2220,True,True,True,True,Eyes,1.283095,-0.3246986,-3.295801,0.3922668,-0.1673868,0.9044935,0,0,0,0,0,0,0,-2.323657,0.4431447,2.659414,1.279059,-0.3229342,-3.305747,0.03545927,0.1691026,-0.02585785,0.984621,4.506554,19.40219,357.7621,0.3621925,-0.09142893,-0.9276076,0,0,0,1.524044,-0.4167142,-2.537039,-0.02309537,-0.03105132,0.8113122,0.9414713,-0.03892785,-0.3348378,0.06291287,0.996148,0.06108262,0.3311702,-0.07857314,0.9402938,moving,23.44574,-10.48462,-1.630581,-2.191809
05/15/2023 14:23:10.791057,2221,True,True,True,True,Eyes,1.28266,-0.3246675,-3.29574,0.388558,-0.167593,0.9060548,0,0,0,0,0,0,0,-2.309107,0.4416996,2.672177,1.278746,-0.3228996,-3.305774,0.03524514,0.1664483,-0.02610666,0.9850742,4.481028,19.09209,357.7177,0.3621002,-0.09142827,-0.9276437,0,0,0,1.519569,-0.4167237,-2.537045,-0.02262746,-0.03155288,0.8100836,0.9432268,-0.03970101,-0.3297682,0.06316699,0.9961525,0.06074733,0.3260876,-0.07812897,0.9421055,moving,23.21188,-10.47956,-1.599984,-2.230552
05/15/2023 14:23:10.810931,2222,True,True,True,True,Eyes,1.282226,-0.3246363,-3.295683,0.3847771,-0.1677825,0.9076319,0,0,0,0,0,0,0,-2.294034,0.4403591,2.685086,1.278225,-0.3228515,-3.305768,0.03508042,0.1637408,-0.02641325,0.9855256,4.461843,18.77567,357.6676,0.3620071,-0.09142736,-0.9276801,0,0,0,1.51534,-0.4167328,-2.537051,-0.02164257,-0.03194659,0.8089958,0.9449826,-0.04057367,-0.3245946,0.06355006,0.9961434,0.06049546,0.3208882,-0.07779516,0.9439166,moving,22.97379,-10.47332,-1.532433,-2.261389
05/15/2023 14:23:10.826443,2223,True,True,True,True,Eyes,1.281793,-0.3246038,-3.295632,0.3806999,-0.1679091,0.9093262,0,0,0,0,0,0,0,-2.277993,0.4400616,2.698605,1.277869,-0.322829,-3.305783,0.03499532,0.1608555,-0.02658548,0.985999,4.448533,18.43925,357.6335,0.3619132,-0.09142622,-0.9277169,0,0,0,1.510479,-0.4167431,-2.537058,-0.02116495,-0.03226209,0.8076982,0.9468374,-0.04116814,-0.3190675,0.0636849,0.9961371,0.06045786,0.315346,-0.07756355,0.9458017,moving,22.71719,-10.46195,-1.501037,-2.287364
05/15/2023 14:23:10.841373,2224,True,True,True,True,Eyes,1.281363,-0.324569,-3.295582,0.3765762,-0.1679885,0.9110271,0,0,0,0,0,0,0,-2.261172,0.4407892,2.712367,1.27741,-0.3227617,-3.30578,0.03488072,0.1579047,-0.02641877,0.9864843,4.425449,18.09685,357.637,0.3618186,-0.09142481,-0.9277539,0,0,0,1.506173,-0.4167523,-2.537065,-0.02000397,-0.0326986,0.8066108,0.9487363,-0.04110775,-0.3133841,0.06313907,0.9961708,0.06047526,0.309698,-0.07716186,0.9476989,moving,22.45792,-10.44768,-1.420646,-2.3214
05/15/2023 14:23:10.861087,2225,True,True,True,True,Eyes,1.280914,-0.3245371,-3.295526,0.3725104,-0.1680747,0.9126811,0,0,0,0,0,0,0,-2.245062,0.440145,2.725633,1.277105,-0.322679,-3.305751,0.03443941,0.1550974,-0.0260589,0.9869549,4.362338,17.77246,357.6575,0.3617235,-0.09142309,-0.9277912,0,0,0,1.501655,-0.4167619,-2.537071,-0.01943266,-0.03374107,0.8053737,0.9505315,-0.04075499,-0.307943,0.06212084,0.9962697,0.05989696,0.3043532,-0.07606363,0.9495175,moving,22.20281,-10.43439,-1.382208,-2.399
05/15/2023 14:23:10.874788,2226,True,True,True,True,Eyes,1.280466,-0.324507,-3.295474,0.3683938,-0.1681571,0.9143354,0,0,0,0,0,0,0,-2.228585,0.4423211,2.738398,1.276687,-0.3227232,-3.305598,0.03427714,0.1522956,-0.02541269,0.9874135,4.326039,17.44978,357.7157,0.3616274,-0.09142119,-0.9278288,0,0,0,1.496927,-0.416772,-2.537078,-0.01899984,-0.03428045,0.8040144,0.9523204,-0.03974515,-0.3024997,0.06062619,0.9963586,0.05995094,0.2990155,-0.07543191,0.9512622,moving,21.94494,-10.42092,-1.353717,-2.441419
05/15/2023 14:23:10.891399,2227,True,True,True,True,Eyes,1.279995,-0.3244774,-3.29542,0.3640468,-0.1681992,0.9160671,0,0,0,0,0,0,0,-2.2118,0.4461929,2.751187,1.276319,-0.3227272,-3.305607,0.0344037,0.149432,-0.02477237,0.9878628,4.322818,17.11973,357.778,0.3615305,-0.09141919,-0.9278668,0,0,0,1.492399,-0.4167817,-2.537084,-0.01840547,-0.03437054,0.8028968,0.9541128,-0.03866138,-0.2969412,0.05922544,0.9964054,0.06056871,0.2935321,-0.07537584,0.9529729,moving,21.67297,-10.4042,-1.313209,-2.451231
05/15/2023 14:23:10.911743,2228,True,True,True,True,Eyes,1.279528,-0.3244518,-3.295368,0.3596591,-0.1682567,0.9177881,0,0,0,0,0,0,0,-2.194684,0.4500082,2.763964,1.275801,-0.3227095,-3.305576,0.03458148,0.1465373,-0.02422831,0.9883036,4.32735,16.78578,357.8301,0.3614323,-0.09141713,-0.9279053,0,0,0,1.488016,-0.416791,-2.537091,-0.01747325,-0.03436001,0.8018544,0.9558796,-0.0377549,-0.2913223,0.0580248,0.9964342,0.06125331,0.2879709,-0.07545471,0.9546619,moving,21.39902,-10.38859,-1.248338,-2.453662
05/15/2023 14:23:10.921836,2229,True,True,True,True,Eyes,1.279058,-0.3244284,-3.295315,0.355179,-0.1683283,0.9195181,0,0,0,0,0,0,0,-2.178193,0.4542236,2.776083,1.275469,-0.3227693,-3.305522,0.03489583,0.1437176,-0.02381576,0.9887165,4.350044,16.46001,357.8698,0.3613329,-0.09141511,-0.9279441,0,0,0,1.483475,-0.4168007,-2.537097,-0.01699531,-0.03404919,0.8007105,0.9575561,-0.03706377,-0.285854,0.05712435,0.9964302,0.06215868,0.2825297,-0.07584966,0.9562551,moving,21.11987,-10.37379,-1.215937,-2.434963
05/15/2023 14:23:10.940982,2230,True,True,True,True,Eyes,1.278589,-0.3244053,-3.295267,0.3506586,-0.1684171,0.9212352,0,0,0,0,0,0,0,-2.161523,0.4580933,2.788104,1.275028,-0.3227891,-3.3054,0.03519118,0.1408936,-0.02345532,0.9891211,4.371674,16.13368,357.9031,0.3612325,-0.09141321,-0.9279834,0,0,0,1.478894,-0.4168104,-2.537104,-0.01643066,-0.03379566,0.7995432,0.9591977,-0.03648387,-0.2803725,0.05631672,0.9964228,0.06300727,0.2770708,-0.07622608,0.9578212,moving,20.8388,-10.36021,-1.177266,-2.420378
05/15/2023 14:23:10.961098,2231,True,True,True,True,Eyes,1.278121,-0.3243814,-3.295223,0.3461027,-0.1685358,0.9229348,0,0,0,0,0,0,0,-2.144945,0.4613675,2.800204,1.274645,-0.3227671,-3.305434,0.03551194,0.1380532,-0.02329987,0.9895137,4.399616,15.80468,357.9132,0.3611311,-0.0914114,-0.928023,0,0,0,1.474013,-0.4168209,-2.537111,-0.01621883,-0.03351228,0.7984536,0.9607969,-0.036306,-0.2748659,0.05591614,0.9963921,0.06384585,0.2715562,-0.07671234,0.9593605,moving,20.55616,-10.34868,-1.163677,-2.403378
05/15/2023 14:23:10.972045,2232,True,True,True,True,Eyes,1.277657,-0.3243614,-3.295181,0.3415167,-0.1686746,0.9246162,0,0,0,0,0,0,0,-2.128722,0.4642416,2.81181,1.274168,-0.3227171,-3.30539,0.03585834,0.1352873,-0.02329194,0.9898834,4.433004,15.48378,357.9071,0.3610288,-0.09140965,-0.928063,0,0,0,1.469766,-0.4168299,-2.537117,-0.01540232,-0.03315249,0.7975107,0.9623097,-0.03641025,-0.2695077,0.05581497,0.9963433,0.06468893,0.2661669,-0.07729334,0.960823,moving,20.27224,-10.33859,-1.106415,-2.380413
05/15/2023 14:23:10.991258,2233,True,True,True,True,Eyes,1.277199,-0.3243416,-3.295138,0.3369899,-0.1688167,0.9262499,0,0,0,0,0,0,0,-2.112829,0.4675112,2.823066,1.273841,-0.3227845,-3.305368,0.0362278,0.1325677,-0.02323982,0.990239,4.468446,15.16851,357.9064,0.3609258,-0.09140804,-0.9281032,0,0,0,1.465231,-0.4168396,-2.537123,-0.01511259,-0.03267277,0.7964799,0.9637715,-0.03642068,-0.2642312,0.05563121,0.9962949,0.06558666,0.2608635,-0.07791005,0.9622267,moving,19.99249,-10.32925,-1.087013,-2.34904
05/15/2023 14:23:11.010980,2234,True,True,True,True,Eyes,1.276743,-0.3243227,-3.2951,0.3324408,-0.1689791,0.9278628,0,0,0,0,0,0,0,-2.097215,0.470058,2.833894,1.273381,-0.3227608,-3.30523,0.03653342,0.1299267,-0.02325221,0.9905775,4.497783,14.86224,357.8976,0.3608223,-0.09140657,-0.9281436,0,0,0,1.460605,-0.4168494,-2.53713,-0.01487666,-0.03238087,0.7953699,0.9651568,-0.03657289,-0.2591039,0.05555955,0.9962493,0.0663362,0.255706,-0.07842052,0.9635687,moving,19.71192,-10.32139,-1.07154,-2.331322
05/15/2023 14:23:11.021654,2235,True,True,True,True,Eyes,1.276247,-0.3243017,-3.295054,0.3281884,-0.1691866,0.9293376,0,0,0,0,0,0,0,-2.082112,0.4727802,2.844419,1.273044,-0.3227608,-3.305241,0.03690338,0.1273468,-0.02333411,0.9908968,4.535567,14.56275,357.8819,0.3607183,-0.09140523,-0.9281842,0,0,0,1.456039,-0.4168591,-2.537136,-0.0148464,-0.03194691,0.7944087,0.9664767,-0.03684434,-0.2540973,0.05564244,0.9961873,0.06719185,0.2506528,-0.07907794,0.9648418,moving,19.45028,-10.31775,-1.070654,-2.302892
05/15/2023 14:23:11.041455,2236,True,True,True,True,Eyes,1.275756,-0.3242806,-3.295012,0.3239118,-0.1693752,0.9308025,0,0,0,0,0,0,0,-2.067185,0.4748378,2.854643,1.272551,-0.3227146,-3.305175,0.03718092,0.1248348,-0.02342779,0.9912039,4.563099,14.27124,357.8636,0.3606129,-0.09140401,-0.9282252,0,0,0,1.451456,-0.4168689,-2.537143,-0.01477401,-0.03170333,0.7934245,0.9677348,-0.03716048,-0.2492156,0.05572638,0.9961374,0.06785853,0.2457313,-0.07955694,0.9660677,moving,19.18748,-10.3131,-1.066756,-2.288184
05/15/2023 14:23:11.061194,2237,True,True,True,True,Eyes,1.275259,-0.3242611,-3.294971,0.319821,-0.1695516,0.9321839,0,0,0,0,0,0,0,-2.052408,0.4749452,2.865122,1.27225,-0.3226955,-3.305166,0.03709004,0.1223366,-0.0234303,0.9915187,4.547393,13.98221,357.8506,0.3605065,-0.09140287,-0.9282666,0,0,0,1.446899,-0.4168786,-2.537149,-0.01490323,-0.03203546,0.7924485,0.9689696,-0.03738823,-0.2443361,0.0555381,0.9961507,0.06781816,0.24086,-0.07928369,0.9673162,moving,18.93648,-10.30863,-1.07741,-2.314974
05/15/2023 14:23:11.072274,2238,True,True,True,True,Eyes,1.274768,-0.3242432,-3.294932,0.3157056,-0.1697054,0.9335577,0,0,0,0,0,0,0,-2.037767,0.4742392,2.875428,1.271806,-0.3227266,-3.305124,0.03686425,0.1198955,-0.02343728,0.991825,4.516479,13.7,357.8355,0.360399,-0.09140185,-0.9283085,0,0,0,1.442361,-0.4168883,-2.537156,-0.01496457,-0.03252318,0.7914847,0.9701515,-0.03765164,-0.2395588,0.05533108,0.9961835,0.06750572,0.2361028,-0.07874582,0.9685321,moving,18.68424,-10.30292,-1.08316,-2.353037
05/15/2023 14:23:11.091323,2239,True,True,True,True,Eyes,1.274281,-0.3242245,-3.294894,0.311591,-0.1698155,0.9349191,0,0,0,0,0,0,0,-2.023398,0.473791,2.88548,1.27151,-0.3227546,-3.305103,0.03670461,0.117478,-0.02348375,0.9921191,4.493634,13.42037,357.817,0.3602905,-0.09140099,-0.9283507,0,0,0,1.438013,-0.4168976,-2.537162,-0.015036,-0.03289854,0.7905771,0.9712949,-0.03797339,-0.2348282,0.05522132,0.9962025,0.06731303,0.2313804,-0.07834832,0.9697034,moving,18.43226,-10.29478,-1.089578,-2.382893
05/15/2023 14:23:11.110938,2240,True,True,True,True,Eyes,1.273799,-0.3242075,-3.294859,0.3074586,-0.1699144,0.9362683,0,0,0,0,0,0,0,-2.00908,0.4724336,2.895421,1.271096,-0.3227292,-3.305029,0.03645653,0.1150879,-0.02362055,0.9924051,4.461901,13.14372,357.7874,0.3601813,-0.09140023,-0.9283932,0,0,0,1.433457,-0.4169073,-2.537169,-0.01521938,-0.03346129,0.7896131,0.9723937,-0.0384909,-0.2301498,0.05527371,0.996226,0.06692242,0.2267053,-0.07779617,0.9708514,moving,18.17952,-10.28611,-1.104209,-2.426561
05/15/2023 14:23:11.121425,2241,True,True,True,True,Eyes,1.273321,-0.3241914,-3.294821,0.3033319,-0.1699998,0.9375979,0,0,0,0,0,0,0,-1.995286,0.4722821,2.904824,1.270804,-0.3227564,-3.305012,0.03639914,0.1127697,-0.02376022,0.9926699,4.451979,12.87524,357.7603,0.3600715,-0.0913996,-0.9284358,0,0,0,1.428653,-0.4169175,-2.537175,-0.01591164,-0.0336907,0.7886491,0.9734368,-0.03896268,-0.2256159,0.05538156,0.9962212,0.06690579,0.2221565,-0.07762352,0.9719162,moving,17.92744,-10.27689,-1.155832,-2.44616
05/15/2023 14:23:11.141406,2242,True,True,True,True,Eyes,1.272848,-0.3241768,-3.294785,0.2991873,-0.1700764,0.9389148,0,0,0,0,0,0,0,-1.981249,0.4730388,2.913895,1.270369,-0.3227642,-3.304827,0.03643217,0.1104603,-0.02378809,0.9929278,4.450874,12.60821,357.7471,0.3599613,-0.09139912,-0.9284785,0,0,0,1.424222,-0.416927,-2.537182,-0.01610543,-0.03379576,0.7876644,0.9744653,-0.03919109,-0.2210915,0.05528832,0.9962137,0.06709374,0.2176249,-0.0776043,0.9729425,moving,17.6746,-10.26731,-1.171368,-2.456842
05/15/2023 14:23:11.161500,2243,True,True,True,True,Eyes,1.272352,-0.3241647,-3.294747,0.2950121,-0.1701411,0.9402233,0,0,0,0,0,0,0,-1.966987,0.4739789,2.923249,1.270077,-0.322789,-3.304813,0.03641916,0.1081066,-0.02368211,0.9931898,4.442734,12.33679,357.7485,0.3598509,-0.09139881,-0.9285213,0,0,0,1.419739,-0.4169365,-2.537188,-0.016481,-0.03397217,0.7868193,0.9755042,-0.03916736,-0.2164658,0.05491597,0.9962256,0.06722189,0.2130158,-0.07746267,0.9739732,moving,17.4202,-10.25714,-1.199962,-2.4723
05/15/2023 14:23:11.171504,2244,True,True,True,True,Eyes,1.271861,-0.324155,-3.29471,0.2908207,-0.1702114,0.9415156,0,0,0,0,0,0,0,-1.952811,0.475281,2.93225,1.269571,-0.3228511,-3.304756,0.03647088,0.1058077,-0.0235973,0.9934374,4.442388,12.07159,357.7485,0.3597397,-0.09139873,-0.9285644,0,0,0,1.415094,-0.4169464,-2.537195,-0.01689419,-0.03400727,0.7859638,0.9764957,-0.03916708,-0.2119478,0.05460268,0.9962261,0.06746951,0.2085054,-0.07745662,0.9749492,moving,17.16517,-10.2475,-1.231376,-2.477542
05/15/2023 14:23:11.191242,2245,True,True,True,True,Eyes,1.271374,-0.3241499,-3.294673,0.2866568,-0.1703118,0.9427735,0,0,0,0,0,0,0,-1.938493,0.4773885,2.941211,1.269287,-0.3228981,-3.304697,0.03663173,0.103459,-0.02346919,0.9936818,4.453889,11.80074,357.7545,0.3596279,-0.09139894,-0.9286077,0,0,0,1.410615,-0.416956,-2.537201,-0.01730481,-0.03389184,0.7851257,0.9774908,-0.03906206,-0.20733,0.05422158,0.9962146,0.06794436,0.2038912,-0.07765675,0.9759088,moving,16.91226,-10.24003,-1.262641,-2.471776
05/15/2023 14:23:11.211017,2246,True,True,True,True,Eyes,1.27089,-0.3241459,-3.294639,0.2824664,-0.1704481,0.9440128,0,0,0,0,0,0,0,-1.923624,0.4804687,2.950181,1.268864,-0.322996,-3.304603,0.03691461,0.1010526,-0.02329758,0.993923,4.478737,11.52333,357.7666,0.3595157,-0.09139952,-0.9286511,0,0,0,1.405966,-0.4169659,-2.537208,-0.01766889,-0.03354088,0.7842745,0.9784912,-0.03885138,-0.202597,0.05377264,0.9961891,0.06867202,0.1991569,-0.07808914,0.9768514,moving,16.65817,-10.23488,-1.290596,-2.448863
05/15/2023 14:23:11.221335,2247,True,True,True,True,Eyes,1.270376,-0.3241436,-3.294599,0.2782654,-0.1706251,0.9452277,0,0,0,0,0,0,0,-1.908673,0.4847086,2.959004,1.26854,-0.3229604,-3.304571,0.03748022,0.09859976,-0.02327774,0.9941487,4.537534,11.23956,357.7641,0.3594032,-0.09140046,-0.9286946,0,0,0,1.401646,-0.4169751,-2.537214,-0.01774569,-0.03284199,0.783581,0.9794725,-0.03889198,-0.1977905,0.05367415,0.9961067,0.06993145,0.1943007,-0.07911217,0.9777467,moving,16.40389,-10.2324,-1.297351,-2.400016
05/15/2023 14:23:11.241911,2248,True,True,True,True,Eyes,1.269865,-0.3241417,-3.294561,0.2740195,-0.1708312,0.9464301,0,0,0,0,0,0,0,-1.892779,0.4892824,2.968175,1.268152,-0.3230159,-3.30447,0.03801102,0.0960256,-0.02312513,0.9943841,4.590653,10.94249,357.7755,0.3592896,-0.09140182,-0.9287384,0,0,0,1.397166,-0.4169846,-2.53722,-0.01773918,-0.0321286,0.7828155,0.9804886,-0.03869046,-0.1927307,0.05329058,0.9960408,0.07115389,0.1892146,-0.08003632,0.9786685,moving,16.1473,-10.23175,-1.298142,-2.350235
05/15/2023 14:23:11.261020,2249,True,True,True,True,Eyes,1.269346,-0.32414,-3.294524,0.2696455,-0.1710024,0.9476547,0,0,0,0,0,0,0,-1.876146,0.4934304,2.977845,1.267798,-0.3230602,-3.304434,0.0385085,0.09331935,-0.0230497,0.9946243,4.640584,10.62993,357.7769,0.3591752,-0.09140354,-0.9287825,0,0,0,1.392454,-0.4169947,-2.537227,-0.01779794,-0.0314746,0.7820879,0.9815204,-0.0386644,-0.1874106,0.05303875,0.9959716,0.07230102,0.1838602,-0.08090495,0.9796172,moving,15.88316,-10.22884,-1.303653,-2.304586
05/15/2023 14:23:11.281218,2250,True,True,True,True,Eyes,1.268832,-0.3241382,-3.294489,0.2652336,-0.1711907,0.9488651,0,0,0,0,0,0,0,-1.85922,0.4980062,2.987463,1.267418,-0.3230663,-3.30438,0.03903526,0.09058833,-0.0228882,0.9948599,4.69296,10.31494,357.7879,0.3590598,-0.09140561,-0.9288269,0,0,0,1.387921,-0.4170043,-2.537234,-0.01763271,-0.03081083,0.7814081,0.9825398,-0.03846883,-0.1820323,0.05261339,0.9959047,0.07352243,0.1784585,-0.08181604,0.98054,moving,15.61713,-10.22708,-1.292677,-2.257996
05/15/2023 14:23:11.291250,2251,True,True,True,True,Eyes,1.268312,-0.3241366,-3.294448,0.2607132,-0.1713174,0.9500942,0,0,0,0,0,0,0,-1.84214,0.5019742,2.997161,1.267079,-0.3230531,-3.304327,0.03940726,0.08785113,-0.02260391,0.9950972,4.726512,10.0001,357.8112,0.3589436,-0.09140798,-0.9288715,0,0,0,1.383381,-0.417014,-2.53724,-0.01751982,-0.03042113,0.7807338,0.9835425,-0.03806224,-0.1766223,0.05191012,0.9958723,0.07445654,0.1730593,-0.08239965,0.9814585,moving,15.3447,-10.22152,-1.285513,-2.23139
05/15/2023 14:23:11.310868,2252,True,True,True,True,Eyes,1.267797,-0.324138,-3.294408,0.2561651,-0.1714415,0.9513081,0,0,0,0,0,0,0,-1.824877,0.5051038,3.006736,1.266627,-0.3230583,-3.304097,0.03960106,0.08512935,-0.0222285,0.9953344,4.739018,9.687777,357.8431,0.3588267,-0.09141065,-0.9289165,0,0,0,1.378669,-0.417024,-2.537247,-0.01747236,-0.03031436,0.7798831,0.9845178,-0.03750716,-0.1712249,0.05099201,0.9958753,0.07504799,0.1677038,-0.08261718,0.9823695,moving,15.07094,-10.21599,-1.28343,-2.225989
05/15/2023 14:23:11.321584,2253,True,True,True,True,Eyes,1.2673,-0.3241405,-3.294368,0.2514107,-0.1715101,0.9525634,0,0,0,0,0,0,0,-1.807783,0.5079586,3.016355,1.266303,-0.3231209,-3.304023,0.03970943,0.08242827,-0.02178218,0.9955674,4.741351,9.378368,357.8824,0.3587091,-0.09141367,-0.9289615,0,0,0,1.374264,-0.4170334,-2.537253,-0.01732285,-0.03026538,0.7792277,0.9854622,-0.03682489,-0.1658557,0.04991761,0.9958974,0.07547589,0.1623959,-0.08265776,0.9832575,moving,14.78496,-10.20681,-1.27352,-2.224263
05/15/2023 14:23:11.341370,2254,True,True,True,True,Eyes,1.266803,-0.3241436,-3.294328,0.2466286,-0.171598,0.9537969,0,0,0,0,0,0,0,-1.790488,0.5119741,3.025663,1.265907,-0.3231334,-3.303886,0.04001216,0.07971364,-0.02133689,0.995786,4.766131,9.067206,357.9231,0.3585915,-0.091417,-0.9290066,0,0,0,1.369781,-0.417043,-2.537259,-0.01716427,-0.02996435,0.778545,0.9863809,-0.03611493,-0.1604629,0.04887298,0.9958875,0.0762854,0.157048,-0.08308877,0.9840896,moving,14.49774,-10.19901,-1.262972,-2.204091
05/15/2023 14:23:11.361103,2255,True,True,True,True,Eyes,1.266329,-0.3241475,-3.294292,0.2417188,-0.1717343,0.9550284,0,0,0,0,0,0,0,-1.772697,0.5160909,3.035144,1.265502,-0.3231418,-3.303784,0.04036151,0.0769181,-0.02095698,0.9959998,4.796907,8.746424,357.9563,0.3584737,-0.09142065,-0.9290517,0,0,0,1.36523,-0.4170527,-2.537266,-0.01694581,-0.02958311,0.7779149,0.9872888,-0.03553724,-0.1549125,0.04795536,0.9958636,0.07717617,0.1515291,-0.08362405,0.9849091,moving,14.20335,-10.19405,-1.247913,-2.177836
05/15/2023 14:23:11.371212,2256,True,True,True,True,Eyes,1.265858,-0.3241475,-3.294255,0.2367748,-0.171872,0.9562414,0,0,0,0,0,0,0,-1.754414,0.5199107,3.044869,1.26514,-0.3231437,-3.30371,0.04071605,0.07402892,-0.0206878,0.9962098,4.829244,8.414391,357.9761,0.3583564,-0.09142457,-0.9290966,0,0,0,1.36063,-0.4170625,-2.537272,-0.01667146,-0.0291869,0.7773265,0.9881834,-0.03519044,-0.1491813,0.0472471,0.9958284,0.07806046,0.145812,-0.08418645,0.9857238,moving,13.90728,-10.18938,-1.228644,-2.150321
05/15/2023 14:23:11.391293,2257,True,True,True,True,Eyes,1.265409,-0.3241466,-3.294223,0.2317441,-0.1720095,0.9574484,0,0,0,0,0,0,0,-1.735767,0.5222324,3.054873,1.264793,-0.3230468,-3.303604,0.04086308,0.071087,-0.02044751,0.9964231,4.838127,8.076487,357.9906,0.3582396,-0.09142862,-0.9291412,0,0,0,1.356241,-0.4170718,-2.537279,-0.01611022,-0.02919766,0.7767537,0.9890571,-0.03493907,-0.1433365,0.04655841,0.9958242,0.07852674,0.1399944,-0.08434094,0.9865537,moving,13.60639,-10.18478,-1.18817,-2.152697
05/15/2023 14:23:11.411621,2258,True,True,True,True,Eyes,1.264965,-0.3241459,-3.294188,0.2267032,-0.1721298,0.9586328,0,0,0,0,0,0,0,-1.717762,0.5241148,3.064545,1.264513,-0.3230137,-3.30356,0.04093164,0.06824766,-0.02019764,0.9966238,4.838291,7.750615,358.006,0.3581237,-0.09143272,-0.9291855,0,0,0,1.351662,-0.4170816,-2.537285,-0.01597923,-0.02927505,0.7762138,0.9898686,-0.03467192,-0.1376879,0.04584587,0.9958333,0.07883,0.134381,-0.08434378,0.9873338,moving,13.30521,-10.17942,-1.179331,-2.159897
05/15/2023 14:23:11.421582,2259,True,True,True,True,Eyes,1.264539,-0.3241465,-3.294151,0.2215517,-0.1722211,0.9598202,0,0,0,0,0,0,0,-1.700698,0.5246735,3.073699,1.264237,-0.3230169,-3.303429,0.04083556,0.06556023,-0.02003412,0.9968114,4.820684,7.442107,358.0109,0.3580089,-0.09143689,-0.9292293,0,0,0,1.346975,-0.4170916,-2.537292,-0.01617566,-0.02957872,0.7755805,0.9906009,-0.0345861,-0.1323386,0.04529485,0.9958621,0.0787838,0.1290661,-0.08403757,0.9880686,moving,12.99772,-10.17237,-1.194799,-2.184061
05/15/2023 14:23:11.441430,2260,True,True,True,True,Eyes,1.264113,-0.324152,-3.294109,0.216396,-0.1723135,0.9609791,0,0,0,0,0,0,0,-1.684064,0.5255616,3.082375,1.263921,-0.3230456,-3.303251,0.04077709,0.06296042,-0.01983787,0.9969854,4.807388,7.143847,358.0204,0.3578953,-0.09144114,-0.9292727,0,0,0,1.342606,-0.4171009,-2.537298,-0.01616126,-0.02978708,0.7749662,0.9912848,-0.03442143,-0.1271591,0.0446908,0.9958874,0.07881033,0.1239234,-0.08380633,0.9887465,moving,12.69036,-10.1657,-1.194682,-2.201172
05/15/2023 14:23:11.461298,2261,True,True,True,True,Eyes,1.263696,-0.3241562,-3.294071,0.2112857,-0.1724463,0.9620917,0,0,0,0,0,0,0,-1.666913,0.5278412,3.090932,1.263568,-0.3231639,-3.303034,0.04089545,0.06029592,-0.01958385,0.9971502,4.813893,6.838223,358.0375,0.357783,-0.09144561,-0.9293154,0,0,0,1.337851,-0.4171111,-2.537305,-0.0164116,-0.02965055,0.7742975,0.9919617,-0.03412443,-0.1218499,0.04398774,0.9958881,0.07919615,0.1186464,-0.08391946,0.9893839,moving,12.38615,-10.16185,-1.214229,-2.192984
05/15/2023 14:23:11.472011,2262,True,True,True,True,Eyes,1.263286,-0.3241558,-3.294033,0.2061744,-0.1725763,0.9631768,0,0,0,0,0,0,0,-1.649919,0.531195,3.099319,1.263276,-0.3231342,-3.303014,0.04130574,0.0576186,-0.01955093,0.9972922,4.85537,6.529693,358.031,0.357672,-0.09145023,-0.9293577,0,0,0,1.333521,-0.4171203,-2.537311,-0.01629228,-0.02916046,0.7739201,0.9925957,-0.03423602,-0.1165403,0.04375594,0.9958232,0.08013479,0.11331,-0.08464078,0.9899479,moving,12.08221,-10.15813,-1.205992,-2.157822
05/15/2023 14:23:11.491104,2263,True,True,True,True,Eyes,1.262915,-0.3241549,-3.293997,0.2008385,-0.1726278,0.9642943,0,0,0,0,0,0,0,-1.633588,0.5322934,3.107601,1.263075,-0.3230225,-3.302943,0.04138644,0.05504327,-0.01953132,0.9974347,4.859388,6.233335,358.0211,0.3575624,-0.09145484,-0.9293994,0,0,0,1.329044,-0.4171298,-2.537318,-0.01655028,-0.029278,0.7734721,0.9931775,-0.03440633,-0.1114208,0.04351851,0.9958113,0.08041041,0.1081875,-0.08471069,0.9905148,moving,11.76509,-10.14957,-1.225793,-2.167765
05/15/2023 14:23:11.511224,2264,True,True,True,True,Eyes,1.262542,-0.324158,-3.293963,0.1955292,-0.1726907,0.9653736,0,0,0,0,0,0,0,-1.618697,0.5315329,3.115318,1.262875,-0.3230031,-3.302837,0.04119533,0.05270026,-0.0195641,0.9975685,4.833036,5.963897,358.0049,0.3574549,-0.0914594,-0.9294403,0,0,0,1.324485,-0.4171396,-2.537324,-0.01723711,-0.02973334,0.772972,0.9936798,-0.03469105,-0.1067561,0.04337507,0.9958404,0.08012827,0.1035323,-0.08425239,0.9910513,moving,11.44994,-10.14207,-1.277472,-2.202869
05/15/2023 14:23:11.521569,2265,True,True,True,True,Eyes,1.262212,-0.3241618,-3.293932,0.1900957,-0.1727479,0.966448,0,0,0,0,0,0,0,-1.604031,0.5332105,3.122454,1.262527,-0.3231027,-3.302813,0.04141579,0.05040021,-0.01970593,0.9976755,4.854485,5.698287,357.9786,0.3573493,-0.09146401,-0.9294805,0,0,0,1.319945,-0.4171492,-2.537331,-0.01784428,-0.02941523,0.7726066,0.9941429,-0.03514552,-0.1021984,0.04349497,0.9957928,0.08065268,0.09893383,-0.0846254,0.9914891,moving,11.12775,-10.13432,-1.32308,-2.180353
05/15/2023 14:23:11.541399,2266,True,True,True,True,Eyes,1.261886,-0.3241653,-3.293905,0.1847062,-0.1728282,0.9674782,0,0,0,0,0,0,0,-1.590613,0.5354934,3.128789,1.262321,-0.3231052,-3.302767,0.04180222,0.04826513,-0.01995873,0.9977599,4.895794,5.450856,357.9413,0.3572464,-0.09146864,-0.9295196,0,0,0,1.315153,-0.4171594,-2.537338,-0.01908835,-0.02895792,0.7722157,0.9945443,-0.03579287,-0.09798266,0.04386323,0.9957085,0.08149053,0.09464538,-0.08534378,0.9918461,moving,10.80856,-10.12836,-1.416002,-2.147573
05/15/2023 14:23:11.562383,2267,True,True,True,True,Eyes,1.261599,-0.3241737,-3.293882,0.1793042,-0.1729058,0.96848,0,0,0,0,0,0,0,-1.577078,0.5382408,3.135107,1.262117,-0.3231012,-3.302792,0.04217939,0.04613749,-0.0200307,0.9978432,4.934979,5.205173,357.9245,0.357146,-0.09147327,-0.9295577,0,0,0,1.310802,-0.4171687,-2.537344,-0.01994007,-0.0285034,0.771959,0.9949402,-0.03608288,-0.09376571,0.04386709,0.9956393,0.08232851,0.09038618,-0.08602517,0.9921844,moving,10.48897,-10.12254,-1.479648,-2.114598
05/15/2023 14:23:11.571496,2268,True,True,True,True,Eyes,1.261318,-0.3241836,-3.293858,0.1739751,-0.1730088,0.9694331,0,0,0,0,0,0,0,-1.564633,0.5416281,3.140719,1.261957,-0.323204,-3.302811,0.042647,0.04417699,-0.02010532,0.9979106,4.98484,4.978546,357.9084,0.3570488,-0.091478,-0.9295946,0,0,0,1.306131,-0.4171787,-2.53735,-0.02142008,-0.02782486,0.7716729,0.9952883,-0.0363586,-0.08988423,0.04389467,0.995554,0.0833394,0.0864545,-0.08689218,0.9924593,moving,10.17404,-10.1187,-1.590007,-2.065067
05/15/2023 14:23:11.591224,2269,True,True,True,True,Eyes,1.261053,-0.3241961,-3.293838,0.1687282,-0.1731332,0.970338,0,0,0,0,0,0,0,-1.55361,0.5445258,3.145536,1.261822,-0.323243,-3.302715,0.04306684,0.04244018,-0.02020047,0.997966,5.029757,4.777613,357.8907,0.3569546,-0.09148284,-0.9296304,0,0,0,1.301795,-0.4171879,-2.537357,-0.02292209,-0.02728522,0.7713152,0.9955815,-0.03666323,-0.08644764,0.04397429,0.9954744,0.08424386,0.08296776,-0.0876731,0.9926882,moving,9.864301,-10.11658,-1.702226,-2.025989
05/15/2023 14:23:11.610908,2270,True,True,True,True,Eyes,1.260791,-0.3242078,-3.293822,0.1635846,-0.1732739,0.9711932,0,0,0,0,0,0,0,-1.54379,0.5475843,3.149849,1.261698,-0.3233129,-3.302768,0.04349971,0.04089504,-0.02026806,0.9980103,5.076401,4.598827,357.8771,0.3568635,-0.09148785,-0.9296649,0,0,0,1.297236,-0.4171976,-2.537363,-0.02497302,-0.02669967,0.7710932,0.9958336,-0.03689762,-0.08339065,0.04401331,0.995394,0.0851686,0.07986404,-0.08848404,0.9928707,moving,9.560973,-10.1159,-1.854962,-1.983116
05/15/2023 14:23:11.621613,2271,True,True,True,True,Eyes,1.260546,-0.324223,-3.293809,0.1585307,-0.1734039,0.9720078,0,0,0,0,0,0,0,-1.535552,0.5499544,3.153446,1.261545,-0.3233004,-3.302813,0.04382658,0.03961362,-0.02028684,0.9980474,5.111216,4.450793,357.8698,0.3567751,-0.09149296,-0.9296983,0,0,0,1.29262,-0.4172074,-2.53737,-0.02745774,-0.02637056,0.7708687,0.9960384,-0.03702219,-0.08085073,0.0439667,0.9953353,0.08587471,0.07729432,-0.08908925,0.9930199,moving,9.263163,-10.11502,-2.039968,-1.95926
05/15/2023 14:23:11.641456,2272,True,True,True,True,Eyes,1.260304,-0.3242376,-3.293796,0.1535837,-0.1735542,0.9727749,0,0,0,0,0,0,0,-1.528014,0.5525551,3.156653,1.261431,-0.3233883,-3.30285,0.04413258,0.03845147,-0.02020024,0.998081,5.143428,4.317052,357.8751,0.3566897,-0.09149824,-0.9297307,0,0,0,1.287964,-0.4172174,-2.537376,-0.03022024,-0.0259812,0.7706289,0.9962268,-0.03692902,-0.07853836,0.04371687,0.9952885,0.08654231,0.07497239,-0.08964922,0.9931476,moving,8.971917,-10.11579,-2.245706,-1.930955
05/15/2023 14:23:11.661053,2273,True,True,True,True,Eyes,1.260057,-0.3242475,-3.293785,0.1487163,-0.1737241,0.9735006,0,0,0,0,0,0,0,-1.520395,0.5556346,3.159699,1.261283,-0.3233833,-3.302819,0.0445099,0.03728876,-0.02007186,0.9981109,5.18366,4.18334,357.8853,0.3566069,-0.09150366,-0.9297619,0,0,0,1.283553,-0.4172268,-2.537383,-0.03270497,-0.02556531,0.7703717,0.9964134,-0.03674844,-0.07622343,0.04338732,0.995232,0.08735472,0.07264985,-0.09034853,0.9932568,moving,8.685612,-10.11809,-2.430946,-1.900702
05/15/2023 14:23:11.671739,2274,True,True,True,True,Eyes,1.259813,-0.3242584,-3.29378,0.1439534,-0.1738874,0.9741871,0,0,0,0,0,0,0,-1.513224,0.5575551,3.162795,1.261205,-0.3232862,-3.302853,0.04477503,0.03617232,-0.02006407,0.9981405,5.21165,4.054519,357.8815,0.3565264,-0.09150906,-0.9297922,0,0,0,1.278957,-0.4172366,-2.537389,-0.03549947,-0.02542078,0.7701753,0.996578,-0.03681429,-0.07400686,0.04329276,0.9951853,0.08793201,0.07041337,-0.09083506,0.9933736,moving,8.405642,-10.12042,-2.63905,-1.890446
05/15/2023 14:23:11.691240,2275,True,True,True,True,Eyes,1.259575,-0.3242688,-3.293776,0.1393291,-0.1740637,0.9748278,0,0,0,0,0,0,0,-1.506069,0.5583134,3.166129,1.261073,-0.3233207,-3.302952,0.04482838,0.03507273,-0.02003292,0.9981779,5.215306,3.928132,357.8795,0.356448,-0.09151447,-0.9298218,0,0,0,1.274406,-0.4172463,-2.537396,-0.03822699,-0.02546115,0.7700432,0.9967371,-0.03684833,-0.07181371,0.04313733,0.9951782,0.08808818,0.06822155,-0.0908986,0.9935206,moving,8.13402,-10.12395,-2.841982,-1.893771
05/15/2023 14:23:11.711219,2276,True,True,True,True,Eyes,1.259339,-0.3242784,-3.293772,0.1347983,-0.1742398,0.9754332,0,0,0,0,0,0,0,-1.499231,0.5589328,3.169257,1.261016,-0.323329,-3.302967,0.04491619,0.0339978,-0.02011618,0.9982095,5.223402,3.803925,357.8646,0.3563716,-0.09151985,-0.9298506,0,0,0,1.26994,-0.4172558,-2.537402,-0.04096396,-0.025484,0.7698465,0.996879,-0.03710623,-0.06968093,0.04321443,0.9951558,0.08830371,0.06606676,-0.09103933,0.9936534,moving,7.868059,-10.12782,-3.045867,-1.895953
05/15/2023 14:23:11.721665,2277,True,True,True,True,Eyes,1.259093,-0.3242887,-3.293769,0.1304381,-0.1744325,0.9759914,0,0,0,0,0,0,0,-1.492144,0.559761,3.172387,1.260861,-0.3233194,-3.302962,0.04504962,0.03289606,-0.02022769,0.9982381,5.23675,3.676404,357.8465,0.356297,-0.09152519,-0.9298787,0,0,0,1.265378,-0.4172655,-2.537409,-0.04365434,-0.02545668,0.7696525,0.9970174,-0.03742019,-0.0674987,0.04334801,0.9951227,0.08860967,0.0638537,-0.09127131,0.9937767,moving,7.612288,-10.13311,-3.246312,-1.894399
05/15/2023 14:23:11.742041,2278,True,True,True,True,Eyes,1.258848,-0.3243004,-3.293771,0.126155,-0.1746231,0.9765202,0,0,0,0,0,0,0,-1.485098,0.5597746,3.175647,1.260785,-0.3233697,-3.302945,0.04507915,0.03178108,-0.02041377,0.9982691,5.238387,3.547159,357.8193,0.3562238,-0.09153052,-0.9299062,0,0,0,1.260845,-0.4172752,-2.537415,-0.04636509,-0.02553676,0.7694499,0.9971465,-0.03789153,-0.0652926,0.04362218,0.9951023,0.0887047,0.06161167,-0.09129979,0.9939157,moving,7.361176,-10.13858,-3.448328,-1.900854
05/15/2023 14:23:11.761204,2279,True,True,True,True,Eyes,1.258618,-0.3243091,-3.293773,0.1215994,-0.1747551,0.9770743,0,0,0,0,0,0,0,-1.477362,0.5607144,3.179132,1.260596,-0.3234128,-3.303056,0.04519346,0.03059097,-0.02047303,0.9982999,5.249091,3.409785,357.8066,0.3561519,-0.09153586,-0.9299332,0,0,0,1.256136,-0.4172852,-2.537422,-0.04905083,-0.02547836,0.7693974,0.9972901,-0.03811141,-0.06292841,0.04364146,0.9950768,0.08898067,0.05922742,-0.09148582,0.9940435,moving,7.094128,-10.14044,-3.647799,-1.896639
05/15/2023 14:23:11.781029,2280,True,True,True,True,Eyes,1.258389,-0.3243177,-3.293775,0.1171081,-0.1748595,0.9776041,0,0,0,0,0,0,0,-1.468431,0.5614364,3.183054,1.260512,-0.3233545,-3.303012,0.04529445,0.02919885,-0.02055638,0.9983352,5.257878,3.249082,357.79,0.3560815,-0.09154112,-0.9299597,0,0,0,1.251739,-0.4172946,-2.537428,-0.05120305,-0.02553968,0.7692506,0.9974498,-0.03839922,-0.06016267,0.04368941,0.9950517,0.08923763,0.0564383,-0.09163853,0.9941917,moving,6.830966,-10.14099,-3.808119,-1.901563
05/15/2023 14:23:11.791254,2281,True,True,True,True,Eyes,1.258176,-0.3243276,-3.293778,0.1124399,-0.1749399,0.9781377,0,0,0,0,0,0,0,-1.459145,0.5598176,3.187524,1.260334,-0.3233712,-3.302999,0.04506236,0.02775873,-0.02074453,0.9983829,5.228658,3.082963,357.7601,0.3560124,-0.0915463,-0.9299856,0,0,0,1.247134,-0.4173044,-2.537435,-0.05337632,-0.02604761,0.769129,0.9975982,-0.03892023,-0.05729729,0.04392373,0.9950781,0.0888273,0.0535581,-0.09113067,0.9943976,moving,6.557543,-10.14014,-3.96987,-1.939659
05/15/2023 14:23:11.811094,2282,True,True,True,True,Eyes,1.257961,-0.3243358,-3.293778,0.1078353,-0.1750234,0.9786412,0,0,0,0,0,0,0,-1.449662,0.5602468,3.191729,1.260236,-0.3234159,-3.302989,0.04517371,0.02626126,-0.0210102,0.9984129,5.238833,2.90918,357.722,0.3559449,-0.09155143,-0.930011,0,0,0,1.242512,-0.4173143,-2.537441,-0.05556532,-0.02600715,0.7690454,0.9977378,-0.03958107,-0.05433738,0.04432634,0.9950358,0.08910051,0.05054095,-0.09130752,0.9945393,moving,6.287987,-10.13977,-4.132573,-1.936859
05/15/2023 14:23:11.821401,2283,True,True,True,True,Eyes,1.257741,-0.3243452,-3.293778,0.1028991,-0.1750436,0.9791688,0,0,0,0,0,0,0,-1.439896,0.5610882,3.195822,1.260029,-0.3233852,-3.3029,0.04530635,0.02475582,-0.02114896,0.9984425,5.250983,2.735102,357.6985,0.3558789,-0.09155647,-0.9300357,0,0,0,1.238064,-0.4173237,-2.537447,-0.05746806,-0.02599555,0.7689253,0.9978797,-0.03998884,-0.05135088,0.04447523,0.9950001,0.08942445,0.04751815,-0.09151869,0.994669,moving,5.999092,-10.13556,-4.274235,-1.936297
05/15/2023 14:23:11.841389,2284,True,True,True,True,Eyes,1.257519,-0.3243533,-3.293778,0.09800772,-0.1750688,0.9796659,0,0,0,0,0,0,0,-1.428687,0.5623926,3.200534,1.259878,-0.3234323,-3.30287,0.0453896,0.02305061,-0.02104822,0.9984816,5.256335,2.539423,357.7013,0.3558141,-0.09156148,-0.9300601,0,0,0,1.233784,-0.4173329,-2.537454,-0.05898851,-0.02594624,0.7688999,0.9980513,-0.03994,-0.04794195,0.04412503,0.9949936,0.08967101,0.04412047,-0.0916117,0.9948169,moving,5.712975,-10.13195,-4.387028,-1.932692
05/15/2023 14:23:11.860989,2285,True,True,True,True,Eyes,1.257286,-0.324361,-3.293777,0.09288995,-0.1750811,0.9801623,0,0,0,0,0,0,0,-1.416068,0.5639622,3.205738,1.259654,-0.3234107,-3.302838,0.04551549,0.02114077,-0.02094591,0.9985203,5.266127,2.320146,357.7033,0.3557502,-0.09156641,-0.930084,0,0,0,1.229159,-0.4173427,-2.53746,-0.06046481,-0.02590255,0.768914,0.9982287,-0.03990536,-0.04412569,0.04375429,0.9949792,0.09001064,0.04031224,-0.09178189,0.9949628,moving,5.413751,-10.12763,-4.496295,-1.929404
05/15/2023 14:23:11.881561,2286,True,True,True,True,Eyes,1.25705,-0.3243684,-3.293776,0.08781081,-0.1751025,0.9806265,0,0,0,0,0,0,0,-1.402749,0.5662708,3.211069,1.259518,-0.3234196,-3.302778,0.04571889,0.01911946,-0.02077384,0.9985554,5.284434,2.088266,357.7128,0.355687,-0.09157129,-0.9301078,0,0,0,1.224546,-0.4173526,-2.537467,-0.06186005,-0.02570196,0.7689349,0.9984058,-0.03973942,-0.0400832,0.0432359,0.9949564,0.09051132,0.03628417,-0.09210005,0.9950885,moving,5.116939,-10.12414,-4.599483,-1.914422
05/15/2023 14:23:11.891256,2287,True,True,True,True,Eyes,1.256822,-0.3243794,-3.293775,0.08240427,-0.1750532,0.9811045,0,0,0,0,0,0,0,-1.388737,0.5685339,3.216599,1.259252,-0.3234175,-3.302729,0.04588692,0.01702388,-0.02053668,0.9985905,5.298454,1.848273,357.7292,0.3556242,-0.0915761,-0.9301313,0,0,0,1.220083,-0.4173621,-2.537473,-0.06286841,-0.02554115,0.7690067,0.9985769,-0.03945312,-0.03588451,0.04257782,0.9949452,0.09094524,0.03211504,-0.0923437,0.9952092,moving,4.80108,-10.11652,-4.673694,-1.902275
05/15/2023 14:23:11.910940,2288,True,True,True,True,Eyes,1.256585,-0.3243914,-3.293773,0.07702859,-0.1750268,0.9815458,0,0,0,0,0,0,0,-1.373743,0.5718472,3.222333,1.259063,-0.323508,-3.302683,0.04617935,0.01477188,-0.02025402,0.9986187,5.326406,1.590285,357.7502,0.3555622,-0.09158095,-0.9301546,0,0,0,1.215626,-0.4173716,-2.53748,-0.0637209,-0.02508491,0.7691187,0.9987431,-0.03908778,-0.03137359,0.04181639,0.9949145,0.09163274,0.02763232,-0.0928295,0.9952985,moving,4.487194,-10.11057,-4.736095,-1.868048
05/15/2023 14:23:11.921024,2289,True,True,True,True,Eyes,1.256329,-0.3244056,-3.293773,0.07160716,-0.1750649,0.9819494,0,0,0,0,0,0,0,-1.358297,0.5747967,3.228156,1.258678,-0.3235408,-3.302635,0.04650422,0.01245779,-0.02017447,0.9986367,5.358334,1.324005,357.7473,0.3555005,-0.09158587,-0.9301776,0,0,0,1.210894,-0.4173816,-2.537486,-0.06453198,-0.02465563,0.7692661,0.9988756,-0.03913525,-0.026758,0.04145261,0.9948607,0.09237898,0.02300521,-0.0933843,0.9953644,moving,4.170825,-10.10866,-4.795186,-1.83575
05/15/2023 14:23:11.941155,2290,True,True,True,True,Eyes,1.256065,-0.3244213,-3.293776,0.0661999,-0.1751396,0.9823154,0,0,0,0,0,0,0,-1.342055,0.5786519,3.23416,1.25844,-0.3236193,-3.302626,0.04695665,0.01000036,-0.02009563,0.9986448,5.404584,1.040957,357.7435,0.3554386,-0.09159094,-0.9302008,0,0,0,1.206594,-0.4173908,-2.537493,-0.06484412,-0.02396061,0.7695006,0.9989923,-0.03919762,-0.02186085,0.04107595,0.9947825,0.09338409,0.01808636,-0.09418795,0.9953901,moving,3.85543,-10.10919,-4.816809,-1.783492
05/15/2023 14:23:11.961072,2291,True,True,True,True,Eyes,1.255798,-0.3244339,-3.29378,0.0604251,-0.1752175,0.9826738,0,0,0,0,0,0,0,-1.324934,0.583349,3.24026,1.258032,-0.3236647,-3.30267,0.04749184,0.007452397,-0.01990085,0.9986456,5.460049,0.747936,357.7524,0.3553764,-0.09159617,-0.9302241,0,0,0,1.201935,-0.4174007,-2.537499,-0.06522331,-0.02315508,0.769824,0.9990969,-0.03903993,-0.01677486,0.04045564,0.994697,0.09455843,0.01299435,-0.09515166,0.995378,moving,3.518716,-10.10998,-4.842817,-1.722846
05/15/2023 14:23:11.970980,2292,True,True,True,True,Eyes,1.255521,-0.3244485,-3.293784,0.05467587,-0.1753056,0.9829947,0,0,0,0,0,0,0,-1.307833,0.5869839,3.246373,1.25776,-0.3236056,-3.30261,0.04794018,0.004874818,-0.01985469,0.9986411,5.505633,0.450866,357.7437,0.3553137,-0.09160148,-0.9302475,0,0,0,1.197392,-0.4174104,-2.537506,-0.06554769,-0.02261113,0.7700789,0.999164,-0.03918801,-0.01164006,0.04012281,0.9946151,0.09555648,0.007832712,-0.09594362,0.995356,moving,3.18361,-10.11173,-4.865183,-1.681841
05/15/2023 14:23:11.991220,2293,True,True,True,True,Eyes,1.249242,-0.3249231,-3.293787,-0.1011672,-0.1733705,0.9796468,0,0,0,0,0,0,0,-1.29016,0.5897863,3.252727,1.257273,-0.3236623,-3.30259,0.04815757,0.00227929,-0.01959804,0.998645,5.524648,0.1533953,357.7589,0.3552504,-0.0916069,-0.9302711,0,0,0,1.192815,-0.4174202,-2.537512,-0.06568564,-0.02226792,0.7703757,0.9992214,-0.03892344,-0.00643999,0.0393625,0.9945936,0.09609529,0.002664814,-0.09627397,0.9953513,moving,-5.895981,-10.03586,-4.873504,-1.655689
05/15/2023 14:23:12.011269,2294,True,True,True,True,Eyes,1.24922,-0.3249269,-3.293793,-0.1013794,-0.1733934,0.9796208,0,0,0,0,0,0,0,-1.272475,0.5930843,3.258856,1.25696,-0.3237721,-3.30247,0.04838961,-0.0003208145,-0.01919516,0.9986441,5.54547,359.8562,357.7907,0.3550378,-0.09163084,-0.9303498,0,0,0,1.188205,-0.41743,-2.537519,-0.06604195,-0.02184369,0.7705914,0.9992629,-0.03836932,-0.001216933,0.03830722,0.99458,0.0966603,-0.002498452,-0.09663567,0.9953167,moving,-5.908418,-10.03742,-4.898448,-1.623709
05/15/2023 14:23:12.021556,2295,True,True,True,True,Eyes,1.249215,-0.3249333,-3.293799,-0.1020138,-0.1733948,0.9795548,0,0,0,0,0,0,0,-1.253604,0.5970547,3.265364,1.256467,-0.3238583,-3.302576,0.04869887,-0.003062184,-0.01873585,0.9986331,5.575071,359.5428,357.8281,0.3548459,-0.09165249,-0.9304207,0,0,0,1.18361,-0.4174398,-2.537525,-0.06599097,-0.02127643,0.7710775,0.9992792,-0.03771874,0.004291166,0.03712223,0.9945548,0.09737935,-0.007940825,-0.09714986,0.9952381,moving,-5.945521,-10.03816,-4.891613,-1.580568
05/15/2023 14:23:12.041465,2296,True,True,True,True,Eyes,1.249191,-0.3249385,-3.293809,-0.1028323,-0.1734405,0.979461,0,0,0,0,0,0,0,-1.234551,0.6022779,3.271543,1.256126,-0.3239036,-3.302587,0.04917817,-0.005840585,-0.01819468,0.9986073,5.624406,359.2254,357.8743,0.3546729,-0.09167214,-0.9304846,0,0,0,1.179093,-0.4174494,-2.537532,-0.06596847,-0.02048065,0.771507,0.9992697,-0.03691313,0.009875339,0.03576422,0.9945009,0.09843189,-0.01345446,-0.09800682,0.9950948,moving,-5.99345,-10.0417,-4.887245,-1.520633
05/15/2023 14:23:12.061186,2297,True,True,True,True,Eyes,1.249199,-0.3249443,-3.293816,-0.1039077,-0.1734708,0.9793422,0,0,0,0,0,0,0,-1.215782,0.6079401,3.2774,1.255694,-0.3238645,-3.302637,0.04973978,-0.008556218,-0.0176495,0.9985696,5.683619,358.9149,357.921,0.3545165,-0.09168998,-0.9305424,0,0,0,1.174546,-0.4174591,-2.537538,-0.06597605,-0.01963063,0.7719992,0.9992306,-0.03609968,0.01533219,0.03439735,0.9944289,0.09963929,-0.01884372,-0.09903523,0.9949055,moving,-6.056394,-10.04461,-4.884702,-1.456621
05/15/2023 14:23:12.071275,2298,True,True,True,True,Eyes,1.249185,-0.3249504,-3.293825,-0.1051273,-0.1735002,0.9792069,0,0,0,0,0,0,0,-1.198116,0.611968,3.283011,1.255429,-0.3238603,-3.302598,0.05006292,-0.01112305,-0.01712159,0.9985374,5.716052,358.622,357.9665,0.3543759,-0.09170617,-0.9305944,0,0,0,1.169788,-0.4174693,-2.537545,-0.06658149,-0.01913684,0.7724016,0.9991663,-0.03530679,0.02049926,0.03307939,0.9944012,0.1003603,-0.02392788,-0.0995985,0.9947399,moving,-6.127781,-10.04764,-4.926752,-1.419256
05/15/2023 14:23:12.091227,2299,True,True,True,True,Eyes,1.249173,-0.3249561,-3.293832,-0.1066006,-0.1734326,0.9790595,0,0,0,0,0,0,0,-1.181002,0.6137543,3.288706,1.254945,-0.3238683,-3.302615,0.05005093,-0.01356349,-0.0166037,0.9985165,5.710549,358.3444,358.0121,0.3542489,-0.0917209,-0.9306412,0,0,0,1.165557,-0.4174783,-2.537551,-0.06662391,-0.01911669,0.7728336,0.9990807,-0.03451587,0.02542468,0.0318004,0.9944385,0.1004038,-0.0287488,-0.09950294,0.9946219,moving,-6.213921,-10.04528,-4.927134,-1.41697
05/15/2023 14:23:12.111024,2300,True,True,True,True,Eyes,1.249146,-0.3249645,-3.293843,-0.1081874,-0.173371,0.9788963,0,0,0,0,0,0,0,-1.16481,0.6152791,3.294049,1.254673,-0.3238674,-3.302577,0.05004939,-0.01590777,-0.01619592,0.9984888,5.706475,358.0771,358.0456,0.3541343,-0.09173432,-0.9306836,0,0,0,1.161002,-0.417488,-2.537558,-0.06733583,-0.01912699,0.773236,0.9989693,-0.03393523,0.03014627,0.03075054,0.9944655,0.1004628,-0.03338866,-0.09943222,0.994484,moving,-6.306721,-10.04343,-4.976941,-1.416996
05/15/2023 14:23:12.121772,2301,True,True,True,True,Eyes,1.24913,-0.3249735,-3.293852,-0.1099079,-0.1732788,0.978721,0,0,0,0,0,0,0,-1.149369,0.6169291,3.299111,1.254336,-0.3239366,-3.302649,0.05008971,-0.01813667,-0.01586744,0.998454,5.707441,357.8225,358.0705,0.3540303,-0.09174663,-0.9307219,0,0,0,1.156247,-0.4174981,-2.537565,-0.06834768,-0.01900727,0.7737545,0.9988386,-0.03350273,0.03462767,0.02986889,0.9944785,0.1006001,-0.03780685,-0.09944897,0.9943241,moving,-6.407329,-10.03996,-5.047978,-1.407187
05/15/2023 14:23:12.141316,2302,True,True,True,True,Eyes,1.249098,-0.3249806,-3.293862,-0.1116974,-0.1731948,0.9785331,0,0,0,0,0,0,0,-1.135484,0.6189134,3.303447,1.254133,-0.3239182,-3.30263,0.05024258,-0.02016459,-0.01564261,0.9984109,5.721587,357.5902,358.0844,0.3539363,-0.09175795,-0.9307566,0,0,0,1.151931,-0.4175073,-2.537571,-0.06935362,-0.01881853,0.7741804,0.9986974,-0.03326175,0.03869324,0.02920926,0.994462,0.1009563,-0.04183694,-0.09969462,0.9941381,moving,-6.512001,-10.03708,-5.119079,-1.392453
05/15/2023 14:23:12.161191,2303,True,True,True,True,Eyes,1.249066,-0.324991,-3.293874,-0.113557,-0.1730975,0.9783365,0,0,0,0,0,0,0,-1.123325,0.6199605,3.307285,1.253773,-0.3238056,-3.302657,0.05033958,-0.0219295,-0.01559447,0.9983696,5.729442,357.3872,358.0795,0.3538507,-0.09176833,-0.9307881,0,0,0,1.147314,-0.4175172,-2.537577,-0.07088025,-0.01884564,0.774651,0.9985518,-0.03334595,0.04221746,0.02893026,0.9944454,0.101199,-0.04535753,-0.09983104,0.99397,moving,-6.620782,-10.03353,-5.227983,-1.393612
05/15/2023 14:23:12.171060,2304,True,True,True,True,Eyes,1.249022,-0.3250003,-3.293892,-0.1154513,-0.173007,0.9781306,0,0,0,0,0,0,0,-1.112366,0.6223184,3.310508,1.253602,-0.323945,-3.302672,0.05056478,-0.02352956,-0.01543584,0.9983243,5.752629,357.2036,358.0878,0.3537728,-0.09177798,-0.9308168,0,0,0,1.142736,-0.4175269,-2.537584,-0.07283327,-0.01841265,0.7750905,0.9984162,-0.03319948,0.04541924,0.02844041,0.9944099,0.1016865,-0.04854128,-0.1002337,0.9937792,moving,-6.731625,-10.03046,-5.368175,-1.360833
05/15/2023 14:23:12.191296,2305,True,True,True,True,Eyes,1.248985,-0.3250104,-3.29391,-0.1174169,-0.1728857,0.977918,0,0,0,0,0,0,0,-1.10288,0.6230476,3.313616,1.253297,-0.3239989,-3.302855,0.05061978,-0.02490542,-0.01544349,0.998288,5.756273,357.0452,358.0788,0.3537015,-0.09178692,-0.9308431,0,0,0,1.138327,-0.4175363,-2.53759,-0.0747964,-0.01833744,0.775672,0.9982825,-0.03335551,0.04816207,0.02831268,0.9943983,0.1018355,-0.05128906,-0.100297,0.9936348,moving,-6.846631,-10.0257,-5.507881,-1.354261
05/15/2023 14:23:12.211353,2306,True,True,True,True,Eyes,1.248936,-0.3250235,-3.293936,-0.1193817,-0.172771,0.9777004,0,0,0,0,0,0,0,-1.095284,0.6234574,3.316022,1.253165,-0.3240355,-3.302866,0.05067466,-0.02603692,-0.01554669,0.9982547,5.760067,356.9142,358.0602,0.3536361,-0.09179524,-0.9308671,0,0,0,1.133765,-0.4175461,-2.537596,-0.07745531,-0.01833235,0.7760819,0.9981608,-0.03367794,0.0504073,0.02840029,0.9943808,0.101982,-0.0535586,-0.1003629,0.9935083,moving,-6.961616,-10.02137,-5.699418,-1.35317
05/15/2023 14:23:12.221292,2307,True,True,True,True,Eyes,1.248881,-0.3250376,-3.293963,-0.1214174,-0.1726071,0.9774787,0,0,0,0,0,0,0,-1.088341,0.6240766,3.318284,1.252838,-0.3241222,-3.303075,0.05072062,-0.02702688,-0.01555505,0.998226,5.763384,356.8002,358.0534,0.3535759,-0.09180308,-0.9308892,0,0,0,1.129163,-0.4175559,-2.537603,-0.08018118,-0.01825314,0.7766662,0.9980552,-0.03379655,0.05237994,0.02831327,0.9943709,0.1021021,-0.05553579,-0.1004205,0.993394,moving,-7.08072,-10.01428,-5.8942,-1.346313
05/15/2023 14:23:12.241675,2308,True,True,True,True,Eyes,1.248821,-0.3250528,-3.293996,-0.1234387,-0.1724634,0.9772509,0,0,0,0,0,0,0,-1.082126,0.624655,3.320199,1.252732,-0.3241739,-3.303102,0.05077666,-0.02794351,-0.0155768,0.9981976,5.767948,356.6945,358.0454,0.35352,-0.09181051,-0.9309098,0,0,0,1.124683,-0.4175654,-2.53761,-0.08312473,-0.01821866,0.777082,0.9979531,-0.0339352,0.05420441,0.02825969,0.9943582,0.1022408,-0.05736816,-0.1004997,0.9932818,moving,-7.199033,-10.0084,-6.105731,-1.343051
05/15/2023 14:23:12.261464,2309,True,True,True,True,Eyes,1.248806,-0.3250679,-3.294024,-0.1256946,-0.1722485,0.9770012,0,0,0,0,0,0,0,-1.076489,0.6260029,3.321865,1.252543,-0.3242176,-3.303257,0.05099471,-0.02877977,-0.01572157,0.9981604,5.790819,356.5969,358.0231,0.3534679,-0.0918176,-0.9309289,0,0,0,1.120071,-0.4175752,-2.537616,-0.08622183,-0.01795822,0.7776338,0.9978491,-0.03432052,0.05585022,0.02845006,0.9943047,0.1027067,-0.05905709,-0.1008969,0.9931425,moving,-7.33103,-9.998682,-6.326951,-1.32292
05/15/2023 14:23:12.271097,2310,True,True,True,True,Eyes,1.248785,-0.3250841,-3.294055,-0.1278962,-0.1720478,0.9767509,0,0,0,0,0,0,0,-1.072193,0.6267362,3.323122,1.252495,-0.3242156,-3.303282,0.05115676,-0.02944477,-0.01592935,0.9981294,5.807359,356.5188,357.9948,0.3534204,-0.09182435,-0.9309463,0,0,0,1.115533,-0.4175849,-2.537623,-0.08964804,-0.01786684,0.778046,0.9977586,-0.03481171,0.05714959,0.02878652,0.9942585,0.1030602,-0.06040916,-0.1011841,0.993032,moving,-7.459893,-9.989774,-6.572752,-1.315494
05/15/2023 14:23:12.290987,2311,True,True,True,True,Eyes,1.248809,-0.3251016,-3.294082,-0.1304955,-0.1717379,0.9764615,0,0,0,0,0,0,0,-1.069125,0.6273407,3.32405,1.252329,-0.3242554,-3.303396,0.05126319,-0.02989375,-0.0160382,0.998109,5.818274,356.4662,357.9792,0.3533769,-0.09183082,-0.9309622,0,0,0,1.110979,-0.4175946,-2.537629,-0.09331259,-0.01779575,0.778503,0.9976983,-0.03508064,0.05803009,0.02895084,0.9942297,0.1032914,-0.06131876,-0.1013736,0.9929569,moving,-7.611974,-9.97504,-6.834954,-1.309492
05/15/2023 14:23:12.311185,2312,True,True,True,True,Eyes,1.248824,-0.3251293,-3.294111,-0.1330272,-0.1714459,0.9761711,0,0,0,0,0,0,0,-1.06602,0.627966,3.324927,1.252271,-0.324191,-3.303421,0.05137934,-0.03036082,-0.01611796,0.9980875,5.830359,356.4118,357.9669,0.353338,-0.09183705,-0.9309764,0,0,0,1.106459,-0.4176042,-2.537636,-0.09702832,-0.01781791,0.7788989,0.9976369,-0.03529411,0.05894925,0.02905443,0.9942008,0.1035409,-0.06226178,-0.1015834,0.9928768,moving,-7.760149,-9.961322,-7.100821,-1.310456
05/15/2023 14:23:12.321408,2313,True,True,True,True,Eyes,1.248847,-0.3251542,-3.294139,-0.1357736,-0.1711047,0.9758528,0,0,0,0,0,0,0,-1.062716,0.6289335,3.325839,1.252069,-0.3244604,-3.30351,0.05147323,-0.03082813,-0.016135,0.9980681,5.840111,356.3577,357.9618,0.353303,-0.09184334,-0.930989,0,0,0,1.101817,-0.4176141,-2.537642,-0.1007353,-0.01752106,0.7793277,0.9975786,-0.03538131,0.05987609,0.02903402,0.9941803,0.1037424,-0.06319818,-0.1017528,0.9928002,moving,-7.920899,-9.945067,-7.365169,-1.287923
05/15/2023 14:23:12.341158,2314,True,True,True,True,Eyes,1.248868,-0.3251786,-3.294172,-0.138455,-0.1708035,0.9755287,0,0,0,0,0,0,0,-1.0593,0.6307358,3.326588,1.252004,-0.3245109,-3.30353,0.05172331,-0.03133351,-0.01614119,0.9980393,5.867729,356.2989,357.9571,0.3532719,-0.09184962,-0.9310002,0,0,0,1.097418,-0.4176235,-2.537648,-0.104277,-0.01719818,0.7797254,0.9975153,-0.03546044,0.0608744,0.02897775,0.9941283,0.1042553,-0.0642139,-0.1022323,0.9926858,moving,-8.077936,-9.931148,-7.617288,-1.263552
05/15/2023 14:23:12.361092,2315,True,True,True,True,Eyes,1.248899,-0.3252032,-3.294203,-0.1412579,-0.1705123,0.9751779,0,0,0,0,0,0,0,-1.055339,0.6333615,3.327479,1.251967,-0.3245171,-3.303675,0.05208057,-0.03191715,-0.01609089,0.998003,5.907686,356.2311,357.958,0.3532441,-0.09185585,-0.9310102,0,0,0,1.09282,-0.4176333,-2.537655,-0.1079226,-0.01672819,0.7802937,0.9974447,-0.03544205,0.06203078,0.028793,0.9940574,0.1049803,-0.06538288,-0.102926,0.9925378,moving,-8.242164,-9.918049,-7.874633,-1.228137
05/15/2023 14:23:12.371599,2316,True,True,True,True,Eyes,1.248904,-0.3252267,-3.294237,-0.1439987,-0.170242,0.9748241,0,0,0,0,0,0,0,-1.052018,0.6351055,3.328205,1.251884,-0.3245428,-3.30371,0.05226972,-0.03238195,-0.01593506,0.9979807,5.92902,356.1781,357.9724,0.3532194,-0.09186205,-0.9310189,0,0,0,1.088228,-0.4176431,-2.537662,-0.1117179,-0.01648434,0.7807239,0.997395,-0.03519094,0.06296729,0.02842056,0.9940279,0.1053604,-0.06629897,-0.1032963,0.9924386,moving,-8.402832,-9.906155,-8.143475,-1.209573
05/15/2023 14:23:12.391282,2317,True,True,True,True,Eyes,1.248916,-0.3252437,-3.294275,-0.1471896,-0.1699313,0.9744017,0,0,0,0,0,0,0,-1.0459,0.6370172,3.329651,1.251292,-0.3245362,-3.303819,0.05229196,-0.03311052,-0.01524977,0.9979664,5.932765,356.0983,358.0468,0.3531971,-0.0918682,-0.9310269,0,0,0,1.083773,-0.4176526,-2.537668,-0.1145069,-0.01634479,0.7812439,0.9973422,-0.03390035,0.06449148,0.0269747,0.994066,0.1053811,-0.06768124,-0.1033614,0.9923385,moving,-8.589949,-9.892639,-8.338468,-1.198539
05/15/2023 14:23:12.412405,2318,True,True,True,True,Eyes,1.248906,-0.3252608,-3.29432,-0.1505021,-0.1695863,0.9739556,0,0,0,0,0,0,0,-1.030028,0.636189,3.334741,1.2508,-0.3243952,-3.304007,0.05182027,-0.0352716,-0.014413,0.9979293,5.877919,355.8556,358.1322,0.3531769,-0.09187411,-0.931034,0,0,0,1.079207,-0.4176623,-2.537674,-0.1152676,-0.01699843,0.7821969,0.9970963,-0.03242188,0.06890336,0.02511074,0.9942138,0.1044427,-0.07189091,-0.1024092,0.9921412,moving,-8.784248,-9.877384,-8.382994,-1.244936
05/15/2023 14:23:12.430862,2319,True,True,True,True,Eyes,1.24892,-0.3252812,-3.294363,-0.1545145,-0.1691204,0.9734082,0,0,0,0,0,0,0,-1.007069,0.6338134,3.342242,1.250313,-0.3244288,-3.304233,0.05118146,-0.03852782,-0.01393532,0.9978486,5.800726,355.485,358.1709,0.3531581,-0.0918798,-0.9310406,0,0,0,1.074523,-0.4176723,-2.537681,-0.1143917,-0.01779358,0.7834512,0.9966428,-0.03175451,0.07546341,0.02386687,0.9943725,0.1032165,-0.07831632,-0.1010689,0.9917921,moving,-9.019627,-9.856212,-8.307058,-1.301066
05/15/2023 14:23:12.441435,2320,True,True,True,True,Eyes,1.248917,-0.3252979,-3.294405,-0.1586692,-0.1686763,0.9728168,0,0,0,0,0,0,0,-0.9794341,0.6344466,3.350294,1.249905,-0.3245142,-3.304348,0.05094518,-0.04247708,-0.01336712,0.9977083,5.769187,355.0343,358.2144,0.353141,-0.09188538,-0.9310465,0,0,0,1.070212,-0.4176815,-2.537687,-0.1121549,-0.01785877,0.7847548,0.996034,-0.03100097,0.08339747,0.02234496,0.9944518,0.1027924,-0.08612143,-0.1005213,0.9912006,moving,-9.263539,-9.836695,-8.133471,-1.303663
05/15/2023 14:23:12.461415,2321,True,True,True,True,Eyes,1.248956,-0.3253102,-3.294436,-0.1634536,-0.1681218,0.9721204,0,0,0,0,0,0,0,-0.9515327,0.6364276,3.3578,1.24955,-0.3244452,-3.304336,0.05089917,-0.04644998,-0.01266715,0.9975427,5.760558,354.581,358.2721,0.3531252,-0.09189077,-0.931052,0,0,0,1.065364,-0.4176918,-2.537694,-0.1104767,-0.01776417,0.7860271,0.9953639,-0.03000057,0.09138217,0.02054351,0.9944977,0.102725,-0.09396116,-0.1003714,0.9905033,moving,-9.544513,-9.811875,-8.000559,-1.294661
05/15/2023 14:23:12.471394,2322,True,True,True,True,Eyes,1.248965,-0.3253238,-3.294471,-0.1683556,-0.1675487,0.9713824,0,0,0,0,0,0,0,-0.9238631,0.6347749,3.365692,1.249142,-0.3243436,-3.304359,0.05029669,-0.05035117,-0.01190024,0.9973933,5.689235,354.1376,358.3413,0.3531116,-0.09189586,-0.9310567,0,0,0,1.061056,-0.417701,-2.5377,-0.1083049,-0.01853242,0.7872635,0.9946463,-0.02880343,0.09924275,0.01867344,0.9946573,0.1015295,-0.1016369,-0.09913278,0.98987,moving,-9.832568,-9.78636,-7.833092,-1.348511
05/15/2023 14:23:12.491225,2323,True,True,True,True,Eyes,1.249008,-0.3253409,-3.2945,-0.1736112,-0.1669932,0.9705526,0,0,0,0,0,0,0,-0.8950235,0.6328521,3.373711,1.248528,-0.324401,-3.304457,0.04969377,-0.05440996,-0.01132262,0.9972172,5.617036,353.6748,358.3883,0.3530993,-0.09190073,-0.931061,0,0,0,1.05667,-0.4177104,-2.537707,-0.1057175,-0.01918156,0.7885918,0.9938227,-0.02798989,0.1073918,0.01717454,0.9948046,0.1003431,-0.1096424,-0.09787883,0.9891402,moving,-10.14173,-9.762716,-7.635468,-1.393378
05/15/2023 14:23:12.511061,2324,True,True,True,True,Eyes,1.249022,-0.325358,-3.294529,-0.1789575,-0.166482,0.969669,0,0,0,0,0,0,0,-0.8660784,0.6353701,3.380748,1.248029,-0.3244826,-3.3046,0.04981497,-0.05852756,-0.01091759,0.9969823,5.626968,353.2025,358.4108,0.353089,-0.09190548,-0.9310644,0,0,0,1.051927,-0.4177205,-2.537714,-0.1034755,-0.01872417,0.790067,0.9929106,-0.02760038,0.1156142,0.01593819,0.9947985,0.1006072,-0.1177896,-0.09805132,0.988186,moving,-10.45658,-9.742105,-7.46159,-1.357625
05/15/2023 14:23:12.521827,2325,True,True,True,True,Eyes,1.249056,-0.3253782,-3.294555,-0.1843426,-0.1660441,0.9687349,0,0,0,0,0,0,0,-0.8381006,0.6386459,3.387023,1.247439,-0.3244951,-3.304664,0.05006547,-0.06248266,-0.01049976,0.9967343,5.652329,352.7487,358.4345,0.3530798,-0.09191015,-0.9310675,0,0,0,1.047518,-0.4177299,-2.53772,-0.101059,-0.01813016,0.7914059,0.9919713,-0.02718739,0.1235059,0.0146745,0.9947665,0.101116,-0.1256086,-0.09849182,0.9871787,moving,-10.77412,-9.726159,-7.277031,-1.312348
05/15/2023 14:23:12.541302,2326,True,True,True,True,Eyes,1.249062,-0.325406,-3.294585,-0.1897966,-0.1656751,0.9677442,0,0,0,0,0,0,0,-0.810573,0.642426,3.392947,1.246957,-0.3245758,-3.304781,0.05032957,-0.06635337,-0.009897026,0.996477,5.681077,352.3054,358.4796,0.353072,-0.09191483,-0.93107,0,0,0,1.042758,-0.41774,-2.537727,-0.09923035,-0.01739136,0.7928434,0.9909985,-0.02640339,0.131243,0.01304525,0.994738,0.1016179,-0.1332354,-0.09899111,0.9861283,moving,-11.09617,-9.714698,-7.133905,-1.256606
05/15/2023 14:23:12.561348,2327,True,True,True,True,Eyes,1.249042,-0.3262188,-3.295383,-0.3193596,-0.1588031,0.9342329,0,0,0,0,0,0,0,-0.783547,0.6484026,3.398122,1.246387,-0.3247796,-3.304942,0.05090667,-0.07013369,-0.009280745,0.9961946,5.746318,351.8718,358.5238,0.353065,-0.09191974,-0.9310722,0,0,0,1.038381,-0.4177493,-2.537733,-0.09706136,-0.01601911,0.7942562,0.9899902,-0.0256314,0.1387887,0.01135031,0.9946448,0.1027277,-0.1406785,-0.1001241,0.9849796,moving,-18.87256,-9.647062,-6.967234,-1.155425
05/15/2023 14:23:12.571369,2328,True,True,True,True,Eyes,1.24901,-0.3262233,-3.295389,-0.3196598,-0.1588743,0.9341181,0,0,0,0,0,0,0,-0.7573106,0.6558146,3.402634,1.245848,-0.3249061,-3.305121,0.05177239,-0.07382618,-0.008850491,0.9958871,5.843531,351.4464,358.5443,0.3530499,-0.09194501,-0.9310754,0,0,0,1.033701,-0.4177593,-2.53774,-0.09531822,-0.01432461,0.7957464,0.9889427,-0.02527249,0.1461286,0.009983864,0.9944825,0.1044257,-0.1479615,-0.1018121,0.9837386,moving,-18.8912,-9.652468,-6.830611,-1.031297
05/15/2023 14:23:12.590848,2329,True,True,True,True,Eyes,1.248994,-0.3262317,-3.295395,-0.3205334,-0.1588782,0.933818,0,0,0,0,0,0,0,-0.7286071,0.6634962,3.407322,1.245131,-0.3250017,-3.305293,0.05268645,-0.07784925,-0.008451147,0.9955362,5.945747,350.9825,358.558,0.3530355,-0.0919679,-0.9310786,0,0,0,1.029324,-0.4177687,-2.537746,-0.09254976,-0.01257208,0.7972354,0.9877361,-0.02503004,0.154113,0.008623642,0.9943054,0.1062184,-0.155894,-0.1035867,0.9823273,moving,-18.9448,-9.655743,-6.621735,-0.9034564
05/15/2023 14:23:12.611220,2330,True,True,True,True,Eyes,1.248954,-0.3262469,-3.295404,-0.3216828,-0.1589537,0.9334098,0,0,0,0,0,0,0,-0.6980432,0.6703387,3.41241,1.244595,-0.3250829,-3.305521,0.05352257,-0.0821811,-0.008226614,0.9951453,6.03715,350.4818,358.5497,0.3530221,-0.09198873,-0.9310816,0,0,0,1.02475,-0.4177784,-2.537752,-0.08960913,-0.0109924,0.7989006,0.9863572,-0.02517043,0.1626836,0.007576264,0.9941353,0.1078776,-0.1644449,-0.1051733,0.9807632,moving,-19.01558,-9.664395,-6.399863,-0.7883064
05/15/2023 14:23:12.620859,2331,True,True,True,True,Eyes,1.248889,-0.3262672,-3.295419,-0.3229282,-0.1590404,0.9329649,0,0,0,0,0,0,0,-0.6690085,0.6780412,3.416649,1.244036,-0.3252416,-3.305661,0.05452969,-0.08630901,-0.008165549,0.9947416,6.146809,350.0029,358.5212,0.3530089,-0.09200793,-0.9310847,0,0,0,1.020183,-0.4177881,-2.537759,-0.08694068,-0.009124421,0.8004419,0.9849682,-0.02565803,0.1708198,0.006832416,0.9939197,0.1098954,-0.1726009,-0.1070764,0.9791545,moving,-19.09233,-9.674088,-6.198929,-0.6530995
05/15/2023 14:23:12.640894,2332,True,True,True,True,Eyes,1.2488,-0.3262901,-3.295435,-0.324407,-0.1591907,0.9324261,0,0,0,0,0,0,0,-0.6406763,0.6859882,3.420467,1.243569,-0.3253746,-3.305799,0.05553302,-0.09031841,-0.007939701,0.9943318,6.257805,349.5384,358.5115,0.3529953,-0.09202579,-0.9310881,0,0,0,1.01569,-0.4177977,-2.537765,-0.08447477,-0.007233135,0.8019713,0.9835591,-0.0258207,0.1787311,0.005758085,0.993706,0.1118707,-0.1804948,-0.1090023,0.9775174,moving,-19.18366,-9.688549,-6.013015,-0.5167478
05/15/2023 14:23:12.661230,2333,True,True,True,True,Eyes,1.248698,-0.3263163,-3.295455,-0.3258993,-0.159326,0.9318824,0,0,0,0,0,0,0,-0.6137698,0.6930729,3.42383,1.242976,-0.3254449,-3.305869,0.0564349,-0.09410273,-0.007751721,0.9939315,6.357163,349.0997,358.4991,0.3529807,-0.09204256,-0.931092,0,0,0,1.011093,-0.4178075,-2.537772,-0.08233377,-0.005583934,0.8034081,0.9821692,-0.02603072,0.1861884,0.004788003,0.99351,0.1136438,-0.1879383,-0.1107259,0.9759195,moving,-19.27583,-9.702177,-5.851281,-0.398217
05/15/2023 14:23:12.671574,2334,True,True,True,True,Eyes,1.248577,-0.3263458,-3.295476,-0.3276072,-0.159517,0.9312507,0,0,0,0,0,0,0,-0.5867863,0.6997581,3.427198,1.242502,-0.3255451,-3.306037,0.05726314,-0.09790079,-0.007532159,0.9935189,6.448447,348.6595,358.4903,0.3529648,-0.09205842,-0.9310964,0,0,0,1.006613,-0.4178171,-2.537778,-0.08013617,-0.003993429,0.8049479,0.9807174,-0.0261789,0.1936699,0.003754473,0.9933284,0.1152588,-0.1953952,-0.1123092,0.9742727,moving,-19.3815,-9.720052,-5.685318,-0.284248
05/15/2023 14:23:12.691364,2335,True,True,True,True,Eyes,1.248454,-0.326377,-3.295497,-0.3292335,-0.1596742,0.9306501,0,0,0,0,0,0,0,-0.5605657,0.7062823,3.430156,1.241989,-0.3256371,-3.306125,0.05808313,-0.1015851,-0.007347686,0.9931027,6.538579,348.232,358.4776,0.3529473,-0.09207359,-0.9311016,0,0,0,1.002093,-0.4178267,-2.537785,-0.07811408,-0.002441078,0.8064048,0.979253,-0.02639477,0.2009153,0.002793251,0.9931447,0.1168578,-0.2026224,-0.1138722,0.9726136,moving,-19.48211,-9.735605,-5.532813,-0.1734403
05/15/2023 14:23:12.711169,2336,True,True,True,True,Eyes,1.248311,-0.3264158,-3.295521,-0.3310412,-0.159873,0.9299744,0,0,0,0,0,0,0,-0.5361223,0.712121,3.432805,1.241566,-0.3257073,-3.306225,0.05881207,-0.1050204,-0.007167763,0.9927037,6.618642,347.8333,358.4665,0.3529282,-0.09208818,-0.9311073,0,0,0,0.9974368,-0.4178366,-2.537791,-0.07669316,-0.001057237,0.8078949,0.9778387,-0.02658386,0.2076652,0.001877998,0.9929795,0.1182714,-0.2093513,-0.1152604,0.9710237,moving,-19.5941,-9.754438,-5.422816,-0.07497907
05/15/2023 14:23:12.720934,2337,True,True,True,True,Eyes,1.24817,-0.3264543,-3.295546,-0.3329012,-0.1600018,0.929288,0,0,0,0,0,0,0,-0.5125011,0.717481,3.435241,1.241025,-0.3259148,-3.306351,0.05946422,-0.1083212,-0.007030468,0.992311,6.689625,347.45,358.4517,0.3529073,-0.09210247,-0.9311138,0,0,0,0.9928601,-0.4178464,-2.537798,-0.07527103,0.0003325939,0.809348,0.9764342,-0.02683529,0.2141406,0.001070347,0.9928292,0.1195371,-0.2158128,-0.1164909,0.969461,moving,-19.70918,-9.769217,-5.313341,0.02354516
05/15/2023 14:23:12.740926,2338,True,True,True,True,Eyes,1.248014,-0.3264951,-3.295571,-0.3349237,-0.1601648,0.9285329,0,0,0,0,0,0,0,-0.4896538,0.7244431,3.437115,1.240619,-0.3259362,-3.306504,0.06039113,-0.1115354,-0.006921379,0.9918997,6.791688,347.0753,358.4302,0.3528847,-0.09211648,-0.9311211,0,0,0,0.9884585,-0.4178558,-2.537804,-0.07391955,0.001974367,0.8108422,0.9750239,-0.02720213,0.2204279,0.0002591281,0.99261,0.1213478,-0.2220998,-0.1182599,0.9678255,moving,-19.83447,-9.786776,-5.20891,0.1395125
05/15/2023 14:23:12.761571,2339,True,True,True,True,Eyes,1.247807,-0.326537,-3.295607,-0.3366098,-0.1603225,0.9278957,0,0,0,0,0,0,0,-0.4667385,0.7288665,3.439285,1.240173,-0.3260237,-3.306577,0.06090253,-0.1147254,-0.006689914,0.9915062,6.847979,346.7054,358.4278,0.3528602,-0.0921303,-0.931129,0,0,0,0.9837513,-0.4178658,-2.537811,-0.07287736,0.003053345,0.812323,0.9735866,-0.02724032,0.2266871,-0.0007079584,0.9924922,0.1223055,-0.2283168,-0.1192354,0.9662579,moving,-19.93909,-9.802823,-5.126553,0.2153613
05/15/2023 14:23:12.771965,2340,True,True,True,True,Eyes,1.247586,-0.3265813,-3.295643,-0.3384342,-0.1605079,0.9271998,0,0,0,0,0,0,0,-0.4455506,0.7321612,3.441297,1.2398,-0.3261203,-3.306605,0.06128506,-0.1176931,-0.006588663,0.9911353,6.888218,346.3607,358.4135,0.3528327,-0.09214403,-0.931138,0,0,0,0.9792668,-0.4178753,-2.537817,-0.07203437,0.003885292,0.8137122,0.9722099,-0.02748617,0.232492,-0.001365145,0.9924015,0.1230344,-0.2341072,-0.1199327,0.9647849,moving,-20.05243,-9.821163,-5.058957,0.2735723
05/15/2023 14:23:12.791563,2341,True,True,True,True,Eyes,1.247294,-0.326625,-3.295698,-0.3399024,-0.1606677,0.9266349,0,0,0,0,0,0,0,-0.4256808,0.736016,3.442866,1.239304,-0.3262107,-3.306654,0.06175756,-0.120455,-0.006492142,0.9907748,6.938946,346.0393,358.3985,0.3528021,-0.09215774,-0.9311482,0,0,0,0.9746885,-0.4178851,-2.537824,-0.07147764,0.004854031,0.815103,0.9708968,-0.02774252,0.2378857,-0.002013516,0.9922877,0.1239397,-0.2394895,-0.1208116,0.9633532,moving,-20.14373,-9.836621,-5.011535,0.3411989
05/15/2023 14:23:12.811130,2342,True,True,True,True,Eyes,1.246997,-0.3266691,-3.295751,-0.3415023,-0.1608418,0.9260162,0,0,0,0,0,0,0,-0.4066272,0.738253,3.444601,1.238947,-0.3262872,-3.306688,0.06197129,-0.1230969,-0.006295389,0.9904379,6.961797,345.7332,358.3993,0.3527668,-0.09217144,-0.9311602,0,0,0,0.9700872,-0.4178949,-2.53783,-0.07127227,0.005426936,0.8165234,0.969615,-0.02772733,0.2430594,-0.00278656,0.9922398,0.1243073,-0.2446199,-0.1212075,0.9620134,moving,-20.2433,-9.853527,-4.98856,0.3808047
05/15/2023 14:23:12.821019,2343,True,True,True,True,Eyes,1.246642,-0.3267129,-3.29582,-0.342894,-0.1610105,0.9254724,0,0,0,0,0,0,0,-0.3878739,0.7407857,3.446122,1.238575,-0.3263353,-3.306721,0.06220931,-0.1256762,-0.005989855,0.9901009,6.989152,345.435,358.4125,0.3527272,-0.09218515,-0.9311739,0,0,0,0.9654692,-0.4179048,-2.537837,-0.07116657,0.006051086,0.8179568,0.9683392,-0.02749759,0.2481191,-0.003775348,0.9921882,0.1246926,-0.2496096,-0.1216814,0.960671,moving,-20.33002,-9.86934,-4.972514,0.4238553
05/15/2023 14:23:12.841108,2344,True,True,True,True,Eyes,1.246285,-0.3267584,-3.295885,-0.3443996,-0.1612069,0.9248791,0,0,0,0,0,0,0,-0.3698589,0.743977,3.447325,1.23826,-0.3264166,-3.306738,0.06254312,-0.1281586,-0.005680081,0.9897634,7.02774,345.1476,358.4252,0.352682,-0.09219887,-0.9311896,0,0,0,0.9610864,-0.4179141,-2.537843,-0.07103771,0.006864078,0.8193305,0.9670863,-0.02727474,0.2529828,-0.004787001,0.9921122,0.1252617,-0.2544038,-0.1223499,0.9593275,moving,-20.42395,-9.887354,-4.955275,0.4799938
05/15/2023 14:23:12.860933,2345,True,True,True,True,Eyes,1.245899,-0.3268056,-3.29596,-0.3458216,-0.1613441,0.9243243,0,0,0,0,0,0,0,-0.3529503,0.7476254,3.448145,1.237894,-0.3264963,-3.306696,0.06293576,-0.1304687,-0.00530516,0.9894387,7.074386,344.8804,358.4456,0.3526319,-0.09221266,-0.9312072,0,0,0,0.956579,-0.4179237,-2.53785,-0.0712717,0.007786646,0.8206595,0.9658995,-0.02692056,0.2575138,-0.005924038,0.9920219,0.1259265,-0.2588494,-0.1231578,0.958034,moving,-20.51256,-9.901424,-4.963504,0.543622
05/15/2023 14:23:12.881088,2346,True,True,True,True,Eyes,1.245514,-0.326853,-3.296033,-0.3473397,-0.1615072,0.9237264,0,0,0,0,0,0,0,-0.3369261,0.7515985,3.448848,1.237631,-0.3266197,-3.306745,0.06335157,-0.1326497,-0.004839806,0.9891247,7.125388,344.6286,358.4765,0.3525765,-0.09222657,-0.9312268,0,0,0,0.9521101,-0.4179332,-2.537856,-0.07175454,0.008837268,0.8220853,0.9647613,-0.02638148,0.2618009,-0.007232794,0.9919264,0.1266092,-0.2630274,-0.1240412,0.9567813,moving,-20.60727,-9.917525,-4.988338,0.6158955
05/15/2023 14:23:12.891156,2347,True,True,True,True,Eyes,1.245105,-0.3268991,-3.296115,-0.3486952,-0.1616883,0.9231839,0,0,0,0,0,0,0,-0.3213785,0.754846,3.449541,1.237292,-0.3266644,-3.306783,0.06367644,-0.1347493,-0.004377659,0.988822,7.166294,344.3865,358.5089,0.3525163,-0.0922406,-0.9312482,0,0,0,0.9474432,-0.4179432,-2.537863,-0.07247743,0.009666309,0.8235505,0.9636469,-0.02581816,0.2659286,-0.008503258,0.9918523,0.1271091,-0.2670436,-0.1247496,0.9555759,moving,-20.69202,-9.934139,-5.029418,0.6724703
05/15/2023 14:23:12.911276,2348,True,True,True,True,Eyes,1.244696,-0.3269433,-3.296192,-0.3501409,-0.1618935,0.9226006,0,0,0,0,0,0,0,-0.3063135,0.7584459,3.450058,1.237021,-0.3267294,-3.306811,0.06407186,-0.1368023,-0.003995617,0.9885161,7.214189,344.149,358.5312,0.3524513,-0.09225469,-0.9312714,0,0,0,0.9428748,-0.4179529,-2.537869,-0.07323092,0.01060539,0.8250085,0.9625383,-0.02542982,0.2699505,-0.009630895,0.9917576,0.1277654,-0.2709746,-0.1255789,0.9543598,moving,-20.78251,-9.952658,-5.072499,0.73649
05/15/2023 14:23:12.921505,2349,True,True,True,True,Eyes,1.244696,-0.3269433,-3.296192,-0.3501409,-0.1618935,0.9226006,0,0,0,0,0,0,0,-0.2920279,0.7616389,3.450428,1.236646,-0.3267235,-3.306779,0.06446577,-0.1387601,-0.003805473,0.9882184,7.259093,343.9211,358.5321,0.3523819,-0.09226879,-0.9312963,0,0,0,0.9385147,-0.4179622,-2.537875,-0.07382871,0.01139368,0.8263408,0.9614623,-0.02541183,0.2737599,-0.01036928,0.9916593,0.1284686,-0.2747411,-0.1263564,0.9531796,moving,-20.78251,-9.952658,-5.105487,0.7899507
05/15/2023 14:23:12.941357,2350,True,True,True,True,Eyes,1.244696,-0.3269433,-3.296192,-0.3501409,-0.1618935,0.9226006,0,0,0,0,0,0,0,-0.2776374,0.7642029,3.451001,1.236404,-0.3267425,-3.306818,0.06477643,-0.140755,-0.003680974,0.9879164,7.293445,343.6886,358.5264,0.3523194,-0.09228149,-0.9313187,0,0,0,0.9340343,-0.4179718,-2.537882,-0.07457229,0.01206428,0.8278318,0.960349,-0.02550819,0.2776313,-0.01096222,0.9915809,0.1290236,-0.2785851,-0.1269512,0.9519842,moving,-20.78251,-9.952658,-5.147394,0.834932
05/15/2023 14:23:12.961100,2351,True,True,True,True,Eyes,1.244696,-0.3269433,-3.296192,-0.3501409,-0.1618935,0.9226006,0,0,0,0,0,0,0,-0.2638445,0.7658104,3.451619,1.236075,-0.3266993,-3.306832,0.06496809,-0.1426571,-0.003602816,0.9876311,7.313659,343.4669,358.518,0.3522631,-0.09229292,-0.9313388,0,0,0,0.9294217,-0.4179816,-2.537889,-0.07550542,0.01246081,0.8293291,0.9592719,-0.02565283,0.2813171,-0.01141982,0.9915323,0.1293569,-0.2822534,-0.1273011,0.9508561,moving,-20.78251,-9.952658,-5.202094,0.8608142
05/15/2023 14:23:12.971337,2352,True,True,True,True,Eyes,1.244696,-0.3269433,-3.296192,-0.3501409,-0.1618935,0.9226006,0,0,0,0,0,0,0,-0.2496917,0.7662361,3.452508,1.235834,-0.3267441,-3.306846,0.06496427,-0.1446115,-0.003490509,0.9873475,7.312158,343.2401,358.5163,0.3522125,-0.0923032,-0.931357,0,0,0,0.9247717,-0.4179915,-2.537895,-0.07646586,0.01264635,0.8308812,0.9581506,-0.02568186,0.2851101,-0.01189647,0.9915349,0.1292942,-0.2860171,-0.1272751,0.9497343,moving,-20.78251,-9.952658,-5.25811,0.8719981
05/15/2023 14:23:12.991261,2353,True,True,True,True,Eyes,1.244696,-0.3269433,-3.296192,-0.3501409,-0.1618935,0.9226006,0,0,0,0,0,0,0,-0.2360522,0.7667944,3.453267,1.235529,-0.3268228,-3.306872,0.06497324,-0.1464807,-0.003360012,0.9870718,7.312566,343.0231,358.5171,0.352167,-0.09231246,-0.9313733,0,0,0,0.920094,-0.4180015,-2.537902,-0.07752091,0.01289505,0.8324373,0.9570642,-0.0256678,0.2887373,-0.0124015,0.9915344,0.1292509,-0.2896105,-0.1272822,0.9486438,moving,-20.78251,-9.952658,-5.320338,0.8874816
05/15/2023 14:23:13.010896,2354,True,True,True,True,Eyes,1.244142,-0.3269848,-3.296308,-0.3521351,-0.1620833,0.9218079,0,0,0,0,0,0,0,-0.2214363,0.767611,3.454063,1.235281,-0.3268433,-3.306972,0.06500387,-0.1484767,-0.003127576,0.9867722,7.317023,342.792,358.5282,0.352126,-0.09232078,-0.931388,0,0,0,0.9158565,-0.4180105,-2.537908,-0.07796913,0.01317518,0.8339964,0.9558897,-0.02547553,0.2926188,-0.01313072,0.9915294,0.1292168,-0.293432,-0.1273593,0.9474583,moving,-20.9071,-9.972488,-5.340977,0.9050634
05/15/2023 14:23:13.021341,2355,True,True,True,True,Eyes,1.243546,-0.3270228,-3.296442,-0.3540142,-0.1622825,0.9210528,0,0,0,0,0,0,0,-0.206123,0.7675403,3.454894,1.234889,-0.3267874,-3.306986,0.06491789,-0.150552,-0.002900878,0.9864641,7.308103,342.552,358.5401,0.3520743,-0.09232967,-0.9314067,0,0,0,0.9113244,-0.4180202,-2.537914,-0.07843924,0.01318387,0.835561,0.9546513,-0.02527027,0.2966517,-0.01382382,0.9915545,0.1289518,-0.297405,-0.1272049,0.9462395,moving,-21.02468,-9.992519,-5.362989,0.9039645
05/15/2023 14:23:13.041362,2356,True,True,True,True,Eyes,1.242961,-0.3270615,-3.296576,-0.3559852,-0.1624701,0.9202598,0,0,0,0,0,0,0,-0.1903185,0.7670252,3.455881,1.23451,-0.3268069,-3.30709,0.0647786,-0.1527102,-0.002792053,0.9861419,7.291011,342.3015,358.5389,0.3520117,-0.09233896,-0.9314294,0,0,0,0.9067804,-0.4180298,-2.537921,-0.07874548,0.01314973,0.8372433,0.9533436,-0.02529142,0.3008261,-0.01427798,0.9915918,0.1286145,-0.3015496,-0.126909,0.9449666,moving,-21.14803,-10.01229,-5.37305,0.8998128
05/15/2023 14:23:13.061311,2357,True,True,True,True,Eyes,1.242368,-0.3270957,-3.296717,-0.3581259,-0.1625329,0.9194177,0,0,0,0,0,0,0,-0.173623,0.7671548,3.45673,1.234246,-0.3268641,-3.307182,0.06469122,-0.154984,-0.002507363,0.9857935,7.282819,342.0386,358.5561,0.3519396,-0.09234861,-0.9314557,0,0,0,0.902069,-0.4180399,-2.537928,-0.07912856,0.01331918,0.8390278,0.9519474,-0.02499569,0.30524,-0.01510872,0.9916175,0.1283216,-0.3058888,-0.1267672,0.94359,moving,-21.2816,-10.02506,-5.387619,0.9094676
05/15/2023 14:23:13.080734,2358,True,True,True,True,Eyes,1.24178,-0.3271225,-3.296855,-0.3603544,-0.1625648,0.9185408,0,0,0,0,0,0,0,-0.1570071,0.7660182,3.457763,1.233955,-0.3268365,-3.307279,0.06443387,-0.157238,-0.002231963,0.9854541,7.255333,341.7784,358.5754,0.3518587,-0.09235846,-0.9314852,0,0,0,0.8975214,-0.4180496,-2.537934,-0.07934473,0.01312394,0.840792,0.9505425,-0.0246619,0.309614,-0.01586391,0.9916866,0.1276951,-0.3101892,-0.1262913,0.9422489,moving,-21.42066,-10.03637,-5.390983,0.8942582
05/15/2023 14:23:13.091268,2359,True,True,True,True,Eyes,1.241189,-0.3271452,-3.296993,-0.3628107,-0.1624597,0.917592,0,0,0,0,0,0,0,-0.1396055,0.7631691,3.459459,1.233865,-0.3261782,-3.307712,0.06403645,-0.1596272,-0.002087909,0.985096,7.209488,341.502,358.5816,0.35177,-0.09236827,-0.9315177,0,0,0,0.8932163,-0.4180588,-2.53794,-0.07914442,0.01206733,0.8429843,0.9490296,-0.0245575,0.3142289,-0.01633034,0.9917899,0.1268307,-0.3147637,-0.1254975,0.940837,moving,-21.57356,-10.04018,-5.363549,0.8201335
05/15/2023 14:23:13.111223,2360,True,True,True,True,Eyes,1.240608,-0.3271663,-3.297134,-0.3653518,-0.1623321,0.9166058,0,0,0,0,0,0,0,-0.1221905,0.7610198,3.460475,1.233462,-0.3261431,-3.307745,0.06366594,-0.161999,-0.001967804,0.984733,7.166339,341.2272,358.5849,0.3516742,-0.09237795,-0.9315529,0,0,0,0.8884485,-0.4180689,-2.537947,-0.07923724,0.01161391,0.8447834,0.9475049,-0.02450316,0.318801,-0.01675212,0.9918855,0.1260255,-0.3193021,-0.1247503,0.9394059,moving,-21.73183,-10.04302,-5.358433,0.7876408
05/15/2023 14:23:13.121632,2361,True,True,True,True,Eyes,1.239979,-0.3271861,-3.297298,-0.3677085,-0.1622153,0.9156836,0,0,0,0,0,0,0,-0.1041404,0.7590933,3.461516,1.233145,-0.3261351,-3.307892,0.06333224,-0.1644741,-0.001900706,0.9843443,7.126258,340.9398,358.5808,0.3515723,-0.09238745,-0.9315904,0,0,0,0.8839784,-0.4180785,-2.537953,-0.07889429,0.011241,0.8466558,0.9458894,-0.02457492,0.3235575,-0.01709113,0.9919709,0.1253067,-0.324039,-0.1240562,0.9378746,moving,-21.87878,-10.04584,-5.323644,0.7606678
05/15/2023 14:23:13.141393,2362,True,True,True,True,Eyes,1.239355,-0.3272046,-3.297463,-0.3701742,-0.1620899,0.914712,0,0,0,0,0,0,0,-0.08556676,0.7574586,3.462393,1.232807,-0.3261682,-3.308025,0.06300541,-0.1669959,-0.001675357,0.983941,7.089965,340.6479,358.5945,0.3514635,-0.09239671,-0.9316305,0,0,0,0.8794651,-0.4180881,-2.53796,-0.07849216,0.01099012,0.8485391,0.9442191,-0.0243402,0.3284171,-0.01774639,0.992055,0.1245468,-0.3288394,-0.1234277,0.9362853,moving,-22.03266,-10.04869,-5.284976,0.7420428
05/15/2023 14:23:13.161248,2363,True,True,True,True,Eyes,1.238706,-0.3272145,-3.297643,-0.3724599,-0.1619724,0.9138044,0,0,0,0,0,0,0,-0.06492543,0.7565852,3.462995,1.232351,-0.3261585,-3.308156,0.06277123,-0.1697752,-0.001323662,0.9834808,7.066379,340.3262,358.619,0.3513485,-0.09240574,-0.9316729,0,0,0,0.874939,-0.4180977,-2.537966,-0.0775373,0.01091347,0.8504455,0.9423493,-0.02391759,0.3337751,-0.0187104,0.992116,0.123918,-0.3341074,-0.1230192,0.9344723,moving,-22.17545,-10.05132,-5.209401,0.7352163
05/15/2023 14:23:13.171681,2364,True,True,True,True,Eyes,1.238068,-0.327226,-3.297822,-0.3748616,-0.1618268,0.9128477,0,0,0,0,0,0,0,-0.04410565,0.7543888,3.463779,1.231899,-0.3260027,-3.308317,0.06243012,-0.1726243,-0.001313873,0.9830065,7.023985,339.9943,358.6064,0.3512273,-0.0924143,-0.9317178,0,0,0,0.870237,-0.4181077,-2.537973,-0.07656905,0.01037453,0.8524918,0.9403983,-0.024137,0.3392175,-0.01897082,0.9922015,0.123192,-0.3395455,-0.1222848,0.9326067,moving,-22.32554,-10.05278,-5.132417,0.6972355
05/15/2023 14:23:13.191236,2365,True,True,True,True,Eyes,1.237423,-0.3272358,-3.298012,-0.3772047,-0.1616721,0.9119094,0,0,0,0,0,0,0,-0.02369583,0.7519973,3.464491,1.231545,-0.3260584,-3.308435,0.06202622,-0.1754233,-0.001273491,0.9825364,6.975173,339.6686,358.5992,0.3511007,-0.09242248,-0.9317646,0,0,0,0.8658816,-0.418117,-2.537979,-0.07545412,0.009944424,0.8543971,0.93845,-0.0242642,0.3445617,-0.01925919,0.9923022,0.1223328,-0.3448776,-0.1214392,0.9307588,moving,-22.47208,-10.05348,-5.046853,0.666842
05/15/2023 14:23:13.211015,2366,True,True,True,True,Eyes,1.236787,-0.3272451,-3.298201,-0.3796577,-0.1615012,0.9109212,0,0,0,0,0,0,0,-0.002952933,0.75061,3.464919,1.231138,-0.3260534,-3.308637,0.06175453,-0.1782409,-0.001104813,0.9820464,6.943921,339.341,358.604,0.350969,-0.09243023,-0.9318134,0,0,0,0.8612662,-0.4181269,-2.537986,-0.07445717,0.009745881,0.8564731,0.9364579,-0.02418432,0.3499452,-0.01984441,0.9923703,0.1216855,-0.350218,-0.1208978,0.9288332,moving,-22.62561,-10.05375,-4.968495,0.6519455
05/15/2023 14:23:13.221551,2367,True,True,True,True,Eyes,1.236132,-0.327253,-3.298404,-0.3819571,-0.1613817,0.9099807,0,0,0,0,0,0,0,0.0174793,0.7489508,3.465243,1.230758,-0.3260581,-3.308785,0.06143824,-0.1810126,-0.0008984218,0.9815595,6.90857,339.0189,358.6144,0.3508329,-0.0924376,-0.9318638,0,0,0,0.8567296,-0.4181365,-2.537992,-0.07349104,0.009492911,0.8584908,0.9344672,-0.02400591,0.355239,-0.02047849,0.992449,0.1209358,-0.3554598,-0.1202853,0.9269195,moving,-22.76984,-10.05663,-4.892872,0.6335322
05/15/2023 14:23:13.241352,2368,True,True,True,True,Eyes,1.235487,-0.3272575,-3.298609,-0.3843816,-0.1612473,0.9089831,0,0,0,0,0,0,0,0.0386312,0.7481909,3.465235,1.230303,-0.3260469,-3.308955,0.06121814,-0.1838433,-0.0004700633,0.9810473,6.888811,338.6909,358.6476,0.3506923,-0.09244455,-0.931916,0,0,0,0.8522417,-0.4181461,-2.537999,-0.07229421,0.009489588,0.860506,0.9324028,-0.0234314,0.3606604,-0.02158678,0.9925042,0.1202886,-0.3607756,-0.119943,0.924908,moving,-22.92204,-10.05923,-4.802347,0.6318275
05/15/2023 14:23:13.261084,2369,True,True,True,True,Eyes,1.23485,-0.3272604,-3.298815,-0.3870184,-0.1610329,0.9079015,0,0,0,0,0,0,0,0.06080818,0.7465297,3.465339,1.229928,-0.3259742,-3.309168,0.06087844,-0.186823,-5.517031E-05,0.9805055,6.855323,338.3456,358.6809,0.3505479,-0.09245103,-0.9319696,0,0,0,0.847688,-0.4181558,-2.538005,-0.0709314,0.009235077,0.8626595,0.9301944,-0.02285517,0.3663551,-0.02263879,0.9925876,0.1194039,-0.3663686,-0.1193627,0.9227819,moving,-23.08748,-10.05785,-4.70052,0.6133482
05/15/2023 14:23:13.271563,2370,True,True,True,True,Eyes,1.23422,-0.3272688,-3.299025,-0.3897557,-0.1608014,0.9067709,0,0,0,0,0,0,0,0.08217859,0.7438726,3.465463,1.229581,-0.3258394,-3.309304,0.06043667,-0.1897173,0.0001904802,0.979977,6.807005,338.0095,358.6982,0.3504002,-0.09245702,-0.9320245,0,0,0,0.8430547,-0.4181657,-2.538012,-0.06980616,0.008662395,0.8647947,0.9280146,-0.02255842,0.37186,-0.02330509,0.9926947,0.1183808,-0.371814,-0.1185253,0.9207096,moving,-23.2594,-10.05596,-4.614905,0.5738958
05/15/2023 14:23:13.291249,2371,True,True,True,True,Eyes,1.233611,-0.3272676,-3.299226,-0.3926032,-0.1605636,0.9055839,0,0,0,0,0,0,0,0.1034641,0.7417713,3.46542,1.229158,-0.3259834,-3.309528,0.06000831,-0.1925594,0.0006126789,0.9794487,6.764347,337.6803,358.7357,0.3502497,-0.09246271,-0.9320805,0,0,0,0.8385385,-0.4181753,-2.538018,-0.06855774,0.008477271,0.8669129,0.925841,-0.02191016,0.3772777,-0.02431051,0.9927973,0.1173142,-0.3771306,-0.1177861,0.9186398,moving,-23.43847,-10.05428,-4.521689,0.5602596
05/15/2023 14:23:13.311070,2372,True,True,True,True,Eyes,1.233012,-0.327268,-3.299428,-0.3955301,-0.1603137,0.9043536,0,0,0,0,0,0,0,0.1236067,0.7393696,3.465236,1.228699,-0.3258483,-3.309672,0.05960762,-0.195262,0.0008826557,0.9789377,6.72182,337.3663,358.7566,0.3500973,-0.09246786,-0.9321372,0,0,0,0.8340195,-0.4181849,-2.538025,-0.06751159,0.007977746,0.8689743,0.9237438,-0.02155008,0.382404,-0.02500634,0.9928923,0.1163596,-0.3821935,-0.117049,0.9166394,moving,-23.62275,-10.05233,-4.44245,0.5259975
05/15/2023 14:23:13.320992,2373,True,True,True,True,Eyes,1.232458,-0.3272704,-3.299614,-0.3985402,-0.1600872,0.9030713,0,0,0,0,0,0,0,0.1435671,0.7375318,3.464928,1.228352,-0.3258868,-3.30987,0.05925326,-0.1979404,0.001228924,0.9784207,6.686444,337.0552,358.7854,0.3499434,-0.09247255,-0.9321945,0,0,0,0.829397,-0.4181948,-2.538031,-0.06667241,0.007776864,0.8711574,0.9216361,-0.02105243,0.3874837,-0.02586205,0.9929751,0.1154627,-0.3871925,-0.1164358,0.9146172,moving,-23.81266,-10.05238,-4.376495,0.5114686
05/15/2023 14:23:13.341306,2374,True,True,True,True,Eyes,1.231908,-0.3272702,-3.299804,-0.4016352,-0.1598457,0.9017419,0,0,0,0,0,0,0,0.1635855,0.7369825,3.464224,1.227903,-0.325891,-3.310106,0.05908017,-0.2006028,0.001665877,0.9778882,6.673766,336.7457,358.8205,0.3497894,-0.0924769,-0.9322518,0,0,0,0.8250051,-0.4182042,-2.538038,-0.06552118,0.007889025,0.8732593,0.9195115,-0.02044521,0.3925311,-0.02696138,0.9930135,0.1148792,-0.3921374,-0.116216,0.912536,moving,-24.00816,-10.05202,-4.290897,0.517596
05/15/2023 14:23:13.361309,2375,True,True,True,True,Eyes,1.23137,-0.3272705,-3.299992,-0.4046332,-0.1596526,0.9004349,0,0,0,0,0,0,0,0.184837,0.7347755,3.463692,1.227493,-0.3258341,-3.310334,0.05869276,-0.2034512,0.001996169,0.9773224,6.634525,336.4143,358.8474,0.3496354,-0.09248085,-0.9323092,0,0,0,0.8203893,-0.418214,-2.538044,-0.06425118,0.007540748,0.8755078,0.9172072,-0.01998043,0.3979092,-0.02778403,0.9931024,0.1139112,-0.3974406,-0.1155357,0.9103255,moving,-24.19797,-10.0544,-4.19726,0.4934763
05/15/2023 14:23:13.371618,2376,True,True,True,True,Eyes,1.230839,-0.3272705,-3.300184,-0.4077359,-0.1594421,0.8990715,0,0,0,0,0,0,0,0.2072558,0.731944,3.463074,1.227018,-0.3258291,-3.310565,0.05822804,-0.2064697,0.002199886,0.9767165,6.583611,336.0622,358.861,0.3494817,-0.09248444,-0.9323663,0,0,0,0.8156239,-0.4182242,-2.538051,-0.06271806,0.007059604,0.8778245,0.9147309,-0.01974732,0.4035809,-0.02834198,0.9932093,0.1128361,-0.4030685,-0.114653,0.9079595,moving,-24.39466,-10.05633,-4.086677,0.4607718
05/15/2023 14:23:13.390754,2377,True,True,True,True,Eyes,1.230312,-0.3272725,-3.300373,-0.4111592,-0.1591863,0.8975566,0,0,0,0,0,0,0,0.2300943,0.7298298,3.462173,1.226659,-0.3258279,-3.310798,0.05787422,-0.2095693,0.002364616,0.9760767,6.544246,335.6997,358.8672,0.3493284,-0.09248769,-0.9324234,0,0,0,0.8113671,-0.4182332,-2.538057,-0.06064516,0.006743476,0.8800061,0.9121503,-0.01964123,0.4093851,-0.02887341,0.9932899,0.1119882,-0.4088377,-0.1139704,0.9054626,moving,-24.61191,-10.05713,-3.942276,0.4390483
05/15/2023 14:23:13.410979,2378,True,True,True,True,Eyes,1.229791,-0.3272743,-3.300563,-0.4146516,-0.1589341,0.8959934,0,0,0,0,0,0,0,0.2520965,0.7284555,3.460903,1.226195,-0.3258658,-3.310938,0.05761382,-0.2125323,0.002622679,0.9754506,6.517904,335.3532,358.8827,0.3491756,-0.09249068,-0.9324803,0,0,0,0.8068351,-0.4182429,-2.538064,-0.05898932,0.006661668,0.8821601,0.9096463,-0.01937301,0.4149317,-0.02960618,0.9933476,0.1112841,-0.4143273,-0.1135137,0.9030213,moving,-24.83396,-10.05868,-3.825627,0.4326633
05/15/2023 14:23:13.421638,2379,True,True,True,True,Eyes,1.229273,-0.327275,-3.300751,-0.4184054,-0.1586284,0.8943008,0,0,0,0,0,0,0,0.2736195,0.7277441,3.459447,1.225835,-0.3258618,-3.311102,0.05744517,-0.2154291,0.002971115,0.9748238,6.504311,335.0145,358.9067,0.3490234,-0.09249344,-0.932537,0,0,0,0.8021943,-0.4182528,-2.53807,-0.05761376,0.00674817,0.8844324,0.9071629,-0.0189581,0.4203523,-0.03054335,0.9933825,0.1107177,-0.4196696,-0.113278,0.9005806,moving,-25.0729,-10.05834,-3.7271,0.4371551
05/15/2023 14:23:13.441435,2380,True,True,True,True,Eyes,1.228759,-0.3272768,-3.30094,-0.4222121,-0.1583204,0.8925646,0,0,0,0,0,0,0,0.2951857,0.7259514,3.458013,1.225332,-0.3258237,-3.311253,0.05713334,-0.2183152,0.00328253,0.974199,6.473964,334.6772,358.9303,0.3488718,-0.09249596,-0.9325935,0,0,0,0.7977316,-0.4182623,-2.538077,-0.05594361,0.006529272,0.8865754,0.9046554,-0.01855047,0.4257399,-0.03134182,0.99345,0.1098852,-0.4249897,-0.1127517,0.8981486,moving,-25.31567,-10.05833,-3.610622,0.4219528
05/15/2023 14:23:13.461287,2381,True,True,True,True,Eyes,1.228267,-0.3272828,-3.301121,-0.4259354,-0.1580788,0.8908367,0,0,0,0,0,0,0,0.3165182,0.7245627,3.456436,1.224947,-0.3258513,-3.311412,0.05687482,-0.2211867,0.003579215,0.9735652,6.449417,334.3411,358.951,0.3487209,-0.09249827,-0.9326496,0,0,0,0.7931758,-0.418272,-2.538083,-0.05446053,0.006467998,0.8888179,0.9021273,-0.0181907,0.4310863,-0.0321291,0.9935048,0.1091593,-0.430272,-0.112326,0.8956835,moving,-25.55384,-10.06238,-3.5063,0.4169385
05/15/2023 14:23:13.472418,2382,True,True,True,True,Eyes,1.227777,-0.3272888,-3.301304,-0.4297066,-0.1578495,0.8890646,0,0,0,0,0,0,0,0.3381935,0.723312,3.454672,1.224575,-0.3259088,-3.311573,0.05661754,-0.2240883,0.004006438,0.9729147,6.428524,334.002,358.9864,0.3485712,-0.09250053,-0.9327053,0,0,0,0.788574,-0.4182818,-2.53809,-0.05295599,0.006508864,0.8911001,0.8995368,-0.0175788,0.4364912,-0.0331705,0.9935568,0.1083725,-0.4355839,-0.1119636,0.8931578,moving,-25.79561,-10.0677,-3.400954,0.4184982
05/15/2023 14:23:13.491280,2383,True,True,True,True,Eyes,1.227311,-0.327291,-3.30147,-0.4333226,-0.157672,0.8873393,0,0,0,0,0,0,0,0.3596939,0.7228773,3.452642,1.224184,-0.3259118,-3.31177,0.05645893,-0.2269287,0.00467683,0.9722624,6.425337,333.6709,359.0469,0.3484226,-0.09250274,-0.9327607,0,0,0,0.7841021,-0.4182913,-2.538096,-0.05140337,0.006788678,0.8933583,0.8969629,-0.01653009,0.4417966,-0.03471851,0.993581,0.1076632,-0.4407404,-0.1119084,0.8906315,moving,-26.02807,-10.07576,-3.293138,0.4353854
05/15/2023 14:23:13.511163,2384,True,True,True,True,Eyes,1.226849,-0.3272914,-3.301637,-0.4369715,-0.1574853,0.8855813,0,0,0,0,0,0,0,0.3803364,0.7207578,3.450755,1.223796,-0.3258448,-3.311798,0.05606518,-0.2296431,0.005419265,0.9716437,6.398317,333.3558,359.1225,0.3482757,-0.09250479,-0.9328153,0,0,0,0.7795202,-0.4183011,-2.538103,-0.05024272,0.006618202,0.8955255,0.8944694,-0.01521877,0.4468701,-0.03628115,0.9936547,0.1064618,-0.4456548,-0.1114397,0.8882415,moving,-26.26307,-10.08365,-3.211166,0.4234253
05/15/2023 14:23:13.521500,2385,True,True,True,True,Eyes,1.215243,-0.3272594,-3.305845,-0.5183992,-0.1540433,0.8411498,0,0,0,0,0,0,0,0.3996087,0.7186848,3.449018,1.223469,-0.3258043,-3.311933,0.05570517,-0.2322009,0.005933042,0.9710532,6.369546,333.0576,359.1729,0.3481305,-0.09250666,-0.9328693,0,0,0,0.7750074,-0.4183107,-2.538109,-0.04926956,0.006427497,0.8977805,0.8920951,-0.01434698,0.4516198,-0.03739218,0.9937235,0.1054301,-0.4502978,-0.1109407,0.8859594,moving,-31.64545,-10.37782,-3.141201,0.4101917
05/15/2023 14:23:13.541370,2386,True,True,True,True,Eyes,1.215228,-0.3272566,-3.305852,-0.5185561,-0.1540187,0.8410576,0,0,0,0,0,0,0,0.4174051,0.7172412,3.447195,1.223019,-0.3257542,-3.312087,0.05545758,-0.2345584,0.006310747,0.9704984,6.350104,332.7816,359.2063,0.347673,-0.09250775,-0.9330399,0,0,0,0.770494,-0.4183203,-2.538116,-0.04850715,0.006347887,0.8999923,0.889885,-0.01376694,0.455977,-0.03826522,0.9937692,0.1046825,-0.4545771,-0.1106035,0.8838136,moving,-31.65601,-10.37731,-3.085103,0.4041158
05/15/2023 14:23:13.561480,2387,True,True,True,True,Eyes,1.215196,-0.3272539,-3.305859,-0.518555,-0.1540606,0.8410506,0,0,0,0,0,0,0,0.4342797,0.7147568,3.445625,1.222683,-0.3256868,-3.312217,0.05508111,-0.2368208,0.006540283,0.9699687,6.312528,332.5164,359.2275,0.3472603,-0.09250855,-0.9331926,0,0,0,0.7659163,-0.4183301,-2.538122,-0.04806092,0.005955726,0.9022729,0.8877463,-0.01340096,0.4601379,-0.03877643,0.9938466,0.1037561,-0.4586969,-0.1099516,0.881764,moving,-31.65617,-10.38016,-3.049064,0.3781926
05/15/2023 14:23:13.581226,2388,True,True,True,True,Eyes,1.215153,-0.3272554,-3.305872,-0.5186941,-0.1541043,0.8409568,0,0,0,0,0,0,0,0.450537,0.7122537,3.443883,1.222251,-0.3256833,-3.312198,0.05467966,-0.238972,0.006925688,0.969461,6.276677,332.2652,359.2676,0.346888,-0.0925092,-0.9333304,0,0,0,0.7612442,-0.4183401,-2.538129,-0.04788172,0.005648926,0.9044175,0.8856888,-0.01270545,0.4641055,-0.03956218,0.9939244,0.1027095,-0.4625907,-0.1093297,0.879805,moving,-31.66589,-10.38417,-3.030527,0.3578607
05/15/2023 14:23:13.591268,2389,True,True,True,True,Eyes,1.215063,-0.3272565,-3.30591,-0.5187122,-0.1541916,0.8409297,0,0,0,0,0,0,0,0.4659941,0.7121996,3.441896,1.221985,-0.3257799,-3.312347,0.05461329,-0.2410264,0.007342675,0.9689529,6.279287,332.0242,359.3027,0.3465518,-0.09250984,-0.9334549,0,0,0,0.7568902,-0.4183493,-2.538135,-0.04764161,0.006053895,0.9066318,0.8837048,-0.01209708,0.4678884,-0.0405559,0.993927,0.1022959,-0.4662844,-0.109375,0.8778474,moving,-31.66761,-10.39025,-3.008007,0.3825781
05/15/2023 14:23:13.611308,2390,True,True,True,True,Eyes,1.214966,-0.3272609,-3.305951,-0.5188317,-0.1542883,0.8408381,0,0,0,0,0,0,0,0.4790041,0.7124152,3.440031,1.221613,-0.3257568,-3.312452,0.05462694,-0.2427586,0.00756549,0.968518,6.285774,331.8199,359.3159,0.3462466,-0.09251044,-0.9335678,0,0,0,0.7522397,-0.4183592,-2.538141,-0.04815269,0.006377168,0.9088917,0.882022,-0.0118677,0.4710588,-0.04117695,0.9939173,0.1021412,-0.4694057,-0.1094875,0.8761683,moving,-31.67629,-10.39774,-3.03267,0.4020048
05/15/2023 14:23:13.621686,2391,True,True,True,True,Eyes,1.214855,-0.327267,-3.305998,-0.5191467,-0.154339,0.8406343,0,0,0,0,0,0,0,0.4903439,0.7133071,3.438261,1.221348,-0.3258347,-3.312556,0.0547146,-0.2442611,0.007874759,0.9681327,6.303151,331.643,359.3381,0.3459691,-0.09251109,-0.9336705,0,0,0,0.7476547,-0.418369,-2.538148,-0.04912096,0.006978475,0.9111494,0.880549,-0.01148167,0.473816,-0.04197691,0.9938886,0.102095,-0.4720925,-0.109789,0.8746857,moving,-31.69804,-10.40354,-3.085884,0.4388186
05/15/2023 14:23:13.641060,2392,True,True,True,True,Eyes,1.214738,-0.3272728,-3.306049,-0.5195433,-0.1543982,0.8403784,0,0,0,0,0,0,0,0.5017356,0.713833,3.436517,1.220986,-0.3258643,-3.312696,0.05475471,-0.2457512,0.0082109,0.9677505,6.316092,331.4679,359.3647,0.3457161,-0.09251183,-0.9337641,0,0,0,0.742987,-0.4183789,-2.538155,-0.05007052,0.007471278,0.9134508,0.8790779,-0.01101987,0.4765509,-0.04280427,0.9938689,0.1019421,-0.4747525,-0.1100135,0.8732165,moving,-31.72542,-10.41055,-3.13751,0.468622
05/15/2023 14:23:13.661170,2393,True,True,True,True,Eyes,1.21462,-0.3272752,-3.306097,-0.5201904,-0.1543955,0.8399786,0,0,0,0,0,0,0,0.5122422,0.7143687,3.434873,1.220749,-0.3258587,-3.312802,0.05480428,-0.2471389,0.008524702,0.9673915,6.32961,331.3046,359.3892,0.3454851,-0.09251263,-0.9338495,0,0,0,0.7386658,-0.4183882,-2.538161,-0.05101764,0.007924497,0.9156249,0.8776994,-0.01059509,0.4790945,-0.04358198,0.9938476,0.1018208,-0.4772257,-0.110248,0.8718377,moving,-31.76953,-10.41521,-3.189162,0.4958678
05/15/2023 14:23:13.676670,2394,True,True,True,True,Eyes,1.214498,-0.3272761,-3.306147,-0.5208908,-0.1543786,0.8395475,0,0,0,0,0,0,0,0.5222771,0.7147466,3.433226,1.220448,-0.3257617,-3.312864,0.0548389,-0.2484453,0.008909435,0.9670513,6.343624,331.1515,359.4225,0.3452738,-0.09251341,-0.9339277,0,0,0,0.7341025,-0.4183979,-2.538167,-0.05228812,0.008306473,0.9178585,0.8763911,-0.01001717,0.4814959,-0.04448069,0.9938267,0.101637,-0.4795415,-0.1104911,0.8705353,moving,-31.81722,-10.41933,-3.260474,0.5185035
05/15/2023 14:23:13.691247,2395,True,True,True,True,Eyes,1.214376,-0.3272683,-3.306188,-0.521687,-0.1543071,0.8390661,0,0,0,0,0,0,0,0.531368,0.7127861,3.432243,1.22025,-0.3257284,-3.312944,0.05452441,-0.2496191,0.00931327,0.9667631,6.319574,331.0154,359.4689,0.3450801,-0.09251413,-0.9339992,0,0,0,0.7295244,-0.4184076,-2.538174,-0.05390695,0.008159794,0.9201616,0.8752072,-0.00921321,0.4836606,-0.04522812,0.9938807,0.1007748,-0.4816294,-0.1100739,0.8694348,moving,-31.87117,-10.42045,-3.352796,0.5080732
05/15/2023 14:23:13.711166,2396,True,True,True,True,Eyes,1.214248,-0.3272564,-3.306234,-0.5225697,-0.1541833,0.8385395,0,0,0,0,0,0,0,0.5409793,0.7086843,3.431435,1.219812,-0.3255047,-3.312966,0.05394791,-0.2508562,0.009555028,0.9664727,6.261837,330.8719,359.5045,0.3449024,-0.09251456,-0.934065,0,0,0,0.7251481,-0.418417,-2.53818,-0.05503201,0.007249512,0.9222457,0.8739597,-0.008596994,0.4859224,-0.04553568,0.9939966,0.0994845,-0.4838605,-0.1090723,0.8683215,moving,-31.93076,-10.41867,-3.41489,0.4503766
05/15/2023 14:23:13.721786,2397,True,True,True,True,Eyes,1.214092,-0.3272354,-3.306292,-0.5234944,-0.154047,0.8379876,0,0,0,0,0,0,0,0.5530168,0.7038513,3.43056,1.219561,-0.325406,-3.313119,0.05329029,-0.2525066,0.009356095,0.9660814,6.182196,330.6768,359.4908,0.3447389,-0.09251462,-0.9341255,0,0,0,0.7205057,-0.4184269,-2.538187,-0.055657,0.006105885,0.9247124,0.8723058,-0.008834803,0.4888811,-0.0449898,0.9941452,0.09824054,-0.4868867,-0.1076905,0.8668011,moving,-31.99319,-10.41637,-3.444389,0.3783191
05/15/2023 14:23:13.741885,2398,True,True,True,True,Eyes,1.213933,-0.3272175,-3.306352,-0.5245426,-0.153852,0.8373677,0,0,0,0,0,0,0,0.5668337,0.6996987,3.42904,1.219167,-0.3251713,-3.313169,0.05278686,-0.2544484,0.008807444,0.9656045,6.109247,330.4446,359.4322,0.3445873,-0.09251408,-0.9341817,0,0,0,0.7161109,-0.4184363,-2.538193,-0.05538121,0.004868768,0.9269633,0.870357,-0.00985404,0.4923228,-0.04387207,0.9942719,0.09746037,-0.4904631,-0.1064245,0.8649392,moving,-32.06379,-10.41101,-3.419059,0.3009367
05/15/2023 14:23:13.761378,2399,True,True,True,True,Eyes,1.213775,-0.3271988,-3.306413,-0.5259225,-0.1535781,0.836552,0,0,0,0,0,0,0,0.5826892,0.6946471,3.427428,1.218956,-0.3252457,-3.313258,0.05209783,-0.256675,0.008358145,0.9650564,6.018257,330.1797,359.3886,0.3444464,-0.09251309,-0.9342339,0,0,0,0.7112252,-0.4184467,-2.5382,-0.05512258,0.003698058,0.9295918,0.8680962,-0.01061226,0.4962826,-0.04287658,0.9944319,0.09626403,-0.4945408,-0.1048453,0.8628076,moving,-32.1567,-10.40279,-3.39353,0.2279302
05/15/2023 14:23:13.777014,2400,True,True,True,True,Eyes,1.213613,-0.327177,-3.306474,-0.5274051,-0.1532724,0.8356742,0,0,0,0,0,0,0,0.5981666,0.6932849,3.425082,1.218655,-0.3252037,-3.313421,0.05193665,-0.2588182,0.00811775,0.9644946,5.991867,329.9237,359.3533,0.3443151,-0.09251167,-0.9342826,0,0,0,0.7069475,-0.4184558,-2.538206,-0.05435297,0.003440604,0.9319508,0.8658945,-0.01122525,0.5001007,-0.04254335,0.9944734,0.09598319,-0.4984143,-0.1043873,0.8606315,moving,-32.25657,-10.3932,-3.337807,0.2115253
05/15/2023 14:23:13.791102,2401,True,True,True,True,Eyes,1.213464,-0.3271487,-3.306523,-0.5290602,-0.1529018,0.8346953,0,0,0,0,0,0,0,0.6142029,0.6897713,3.422905,1.218428,-0.3251197,-3.313463,0.05147525,-0.261053,0.007842083,0.9639193,5.930979,329.6577,359.3227,0.3441924,-0.09250978,-0.9343282,0,0,0,0.7024493,-0.4184654,-2.538213,-0.05370691,0.002586879,0.9343819,0.8635796,-0.01175727,0.5040755,-0.04199382,0.9945775,0.09514157,-0.5024607,-0.1033304,0.8584033,moving,-32.36801,-10.38051,-3.289659,0.1586256
05/15/2023 14:23:13.810962,2402,True,True,True,True,Eyes,1.213311,-0.3271201,-3.306574,-0.5308143,-0.1524992,0.8336546,0,0,0,0,0,0,0,0.6301013,0.6849874,3.420871,1.218135,-0.3249408,-3.313481,0.05086003,-0.263283,0.007382344,0.9633488,5.847393,329.3918,359.2767,0.3440777,-0.0925073,-0.9343708,0,0,0,0.6979074,-0.418475,-2.538219,-0.05302724,0.001247354,0.9368045,0.8612552,-0.01255761,0.5080176,-0.0410047,0.9947175,0.0941046,-0.5065157,-0.1018792,0.8561907,moving,-32.4862,-10.36642,-3.239735,0.0762892
05/15/2023 14:23:13.821484,2403,True,True,True,True,Eyes,1.21317,-0.3270834,-3.306608,-0.5326949,-0.1520789,0.8325312,0,0,0,0,0,0,0,0.6469134,0.681223,3.418465,1.217932,-0.3249179,-3.313539,0.05035323,-0.2656289,0.007090221,0.9627335,5.780644,329.1124,359.2456,0.3439703,-0.09250427,-0.9344108,0,0,0,0.6933496,-0.4184847,-2.538226,-0.05218118,0.0003603548,0.9393232,0.8587821,-0.01309856,0.5121737,-0.04040253,0.9948286,0.09318674,-0.5107456,-0.1007202,0.8538117,moving,-32.61314,-10.35211,-3.179621,0.02198051
05/15/2023 14:23:13.841306,2404,True,True,True,True,Eyes,1.213025,-0.327049,-3.306646,-0.5346821,-0.1516196,0.8313402,0,0,0,0,0,0,0,0.6639298,0.6757947,3.41612,1.21757,-0.3246922,-3.313529,0.04965286,-0.2680099,0.006600039,0.9621133,5.686258,328.8284,359.1988,0.3438699,-0.09250056,-0.9344482,0,0,0,0.6886165,-0.4184949,-2.538233,-0.05127573,-0.001204655,0.9418299,0.8562543,-0.01391494,0.5163671,-0.03931488,0.9949821,0.09200559,-0.5150562,-0.0990811,0.8514107,moving,-32.74737,-10.33599,-3.116258,-0.07328456
05/15/2023 14:23:13.861236,2405,True,True,True,True,Eyes,1.212886,-0.3270124,-3.306672,-0.5365921,-0.1512676,0.8301729,0,0,0,0,0,0,0,0.6823975,0.6714453,3.413317,1.217339,-0.3247244,-3.31359,0.049059,-0.2705922,0.006225058,0.9614231,5.606846,328.5204,359.1606,0.3437756,-0.09249629,-0.9344835,0,0,0,0.6842461,-0.4185041,-2.538239,-0.04972324,-0.002257407,0.9442853,0.8534822,-0.01458014,0.5209181,-0.0385198,0.9951089,0.09096401,-0.5196965,-0.09770182,0.8487461,moving,-32.87709,-10.3267,-3.01424,-0.1369709
05/15/2023 14:23:13.881296,2406,True,True,True,True,Eyes,1.212736,-0.3269789,-3.306704,-0.5385899,-0.1509252,0.8289406,0,0,0,0,0,0,0,0.7001424,0.6698688,3.409887,1.216976,-0.3246275,-3.313584,0.04886521,-0.2730441,0.006082184,0.9607404,5.578818,328.2274,359.1366,0.343687,-0.09249149,-0.9345167,0,0,0,0.6795336,-0.4185142,-2.538245,-0.04861683,-0.002584733,0.9468048,0.8508199,-0.01499791,0.5252435,-0.03837151,0.9951504,0.09057214,-0.5240546,-0.09721496,0.8461182,moving,-33.0131,-10.31881,-2.93946,-0.1564144
05/15/2023 14:23:13.891230,2407,True,True,True,True,Eyes,1.212581,-0.326945,-3.306735,-0.5406605,-0.1506924,0.827634,0,0,0,0,0,0,0,0.7181551,0.6690564,3.406319,1.216604,-0.3246697,-3.313738,0.04873081,-0.2754708,0.006330824,0.9600527,5.569679,327.939,359.1542,0.3436033,-0.09248628,-0.9345481,0,0,0,0.6752756,-0.4185233,-2.538252,-0.04709053,-0.002430521,0.9492101,0.8481516,-0.01469198,0.5295498,-0.03900367,0.9951705,0.09008037,-0.5283158,-0.0970562,0.8434823,moving,-33.15499,-10.31915,-2.840128,-0.1467097
05/15/2023 14:23:13.911145,2408,True,True,True,True,Eyes,1.212417,-0.3269152,-3.306774,-0.5428522,-0.1504885,0.8262353,0,0,0,0,0,0,0,0.7393143,0.6688718,3.401795,1.216027,-0.3246124,-3.313924,0.04869197,-0.27829,0.006765504,0.9592382,5.576803,327.6039,359.187,0.3435238,-0.09248072,-0.9345779,0,0,0,0.6705856,-0.4185333,-2.538258,-0.04494849,-0.002067842,0.9518194,0.8450179,-0.01412151,0.5345516,-0.04008043,0.9951666,0.08964884,-0.5332338,-0.09717993,0.8403676,moving,-33.30567,-10.32256,-2.703713,-0.1244757
05/15/2023 14:23:13.921706,2409,True,True,True,True,Eyes,1.212247,-0.3268853,-3.306815,-0.5450127,-0.1504122,0.8248256,0,0,0,0,0,0,0,0.7623385,0.6693018,3.396681,1.215674,-0.3246713,-3.314106,0.04871059,-0.2813644,0.007466928,0.9583349,5.59891,327.239,359.2458,0.3434479,-0.09247492,-0.9346065,0,0,0,0.6659336,-0.4185432,-2.538265,-0.04244614,-0.00130526,0.9545426,0.8415567,-0.01309922,0.5400099,-0.04172248,0.995143,0.08916026,-0.5385551,-0.09756396,0.8369228,moving,-33.45517,-10.33469,-2.546124,-0.0783473
05/15/2023 14:23:13.941453,2410,True,True,True,True,Eyes,1.212066,-0.3268548,-3.306857,-0.5472657,-0.1503588,0.8233422,0,0,0,0,0,0,0,0.7850592,0.6706121,3.391236,1.21525,-0.3246206,-3.314258,0.04886347,-0.2843654,0.008391718,0.9574332,5.643568,326.8831,359.3251,0.3433749,-0.09246892,-0.934634,0,0,0,0.6614696,-0.4185527,-2.538271,-0.03986141,-0.0002786443,0.9571114,0.8381318,-0.01172113,0.5453417,-0.04385917,0.9950839,0.08879438,-0.5437016,-0.09833963,0.8334974,moving,-33.61151,-10.34932,-2.384855,-0.01668055
05/15/2023 14:23:13.961185,2411,True,True,True,True,Eyes,1.211849,-0.3268267,-3.30692,-0.5494645,-0.1503729,0.821874,0,0,0,0,0,0,0,0.8057009,0.6706637,3.386261,1.214835,-0.3245703,-3.314293,0.0488501,-0.2871006,0.009174775,0.95661,5.665995,326.5587,359.3956,0.3433045,-0.09246272,-0.9346606,0,0,0,0.6570056,-0.4185622,-2.538278,-0.03783792,0.0003502741,0.9595708,0.8349781,-0.01049643,0.5501831,-0.04560315,0.995059,0.08819281,-0.5483904,-0.09872916,0.8303738,moving,-33.76474,-10.36835,-2.258125,0.0209148
05/15/2023 14:23:13.976915,2412,True,True,True,True,Eyes,1.211624,-0.3268021,-3.306989,-0.5517615,-0.1504146,0.820326,0,0,0,0,0,0,0,0.8271956,0.6697949,3.381215,1.214295,-0.3245891,-3.314457,0.04870152,-0.2899326,0.009927757,0.9557555,5.672968,326.2228,359.4666,0.343235,-0.09245639,-0.9346867,0,0,0,0.6523204,-0.4185722,-2.538284,-0.03560013,0.0008045062,0.9621972,0.831681,-0.009263304,0.5551764,-0.04721734,0.9950591,0.08733673,-0.5532424,-0.09885025,0.8271344,moving,-33.92527,-10.39031,-2.118908,0.04790578
05/15/2023 14:23:13.991219,2413,True,True,True,True,Eyes,1.211386,-0.3267756,-3.307064,-0.5542735,-0.1504155,0.8186306,0,0,0,0,0,0,0,0.8486632,0.6706876,3.37574,1.213877,-0.3246422,-3.314631,0.04880551,-0.2927833,0.01068492,0.9548728,5.708238,325.8833,359.5294,0.3431664,-0.09245005,-0.9347126,0,0,0,0.6479099,-0.4185816,-2.538291,-0.03314492,0.001755379,0.9647521,0.8283275,-0.008173401,0.5601845,-0.04898435,0.9950077,0.08694936,-0.5580986,-0.09946284,0.823792,moving,-34.10091,-10.41142,-1.967674,0.1042503
05/15/2023 14:23:14.011825,2414,True,True,True,True,Eyes,1.211142,-0.3267578,-3.307144,-0.5568578,-0.1504595,0.8168668,0,0,0,0,0,0,0,0.8699113,0.6728612,3.369889,1.213359,-0.3245561,-3.314826,0.04913229,-0.2956349,0.01117413,0.9539713,5.75924,325.5413,359.5548,0.343098,-0.09244362,-0.9347385,0,0,0,0.6433622,-0.4185913,-2.538297,-0.03063527,0.002815567,0.967362,0.8249503,-0.00773083,0.5651523,-0.05037004,0.9949223,0.08713464,-0.5629563,-0.1003485,0.820372,moving,-34.28224,-10.4364,-1.813887,0.1667624
05/15/2023 14:23:14.021493,2415,True,True,True,True,Eyes,1.210873,-0.3267425,-3.307235,-0.5593084,-0.1505467,0.8151748,0,0,0,0,0,0,0,0.8896692,0.6757697,3.364187,1.212975,-0.3247363,-3.314991,0.04952694,-0.2982967,0.01167995,0.9531158,5.818529,325.2216,359.5806,0.3430296,-0.09243736,-0.9347643,0,0,0,0.6387532,-0.4186011,-2.538304,-0.02865067,0.00428775,0.9700232,0.8217653,-0.007282764,0.5697796,-0.05181214,0.9948213,0.08744164,-0.5674657,-0.101378,0.8171323,moving,-34.45483,-10.4635,-1.6918,0.2532603
05/15/2023 14:23:14.041520,2416,True,True,True,True,Eyes,1.2106,-0.3267348,-3.307332,-0.56181,-0.1506934,0.8134255,0,0,0,0,0,0,0,0.9076715,0.6802185,3.358383,1.212357,-0.3247631,-3.31512,0.05016612,-0.3006916,0.01222384,0.9523227,5.906184,324.933,359.6033,0.3429605,-0.09243131,-0.9347902,0,0,0,0.634066,-0.4186111,-2.53831,-0.02705866,0.006075308,0.9725698,0.8188703,-0.006886986,0.5739373,-0.05345114,0.9946679,0.08819747,-0.5714844,-0.1028999,0.8141358,moving,-34.63174,-10.4955,-1.593662,0.3579023
05/15/2023 14:23:14.061588,2417,True,True,True,True,Eyes,1.210306,-0.3267238,-3.307441,-0.5640172,-0.1508432,0.8118688,0,0,0,0,0,0,0,0.92595,0.6837027,3.352775,1.212027,-0.3249195,-3.315321,0.05062938,-0.303082,0.01324844,0.9515264,5.991512,324.6479,359.6844,0.3428907,-0.09242567,-0.9348164,0,0,0,0.6295413,-0.4186208,-2.538317,-0.02555227,0.007998995,0.9752374,0.8159316,-0.00547722,0.5781224,-0.05590219,0.9945223,0.08831965,-0.5754394,-0.1043811,0.811156,moving,-34.78827,-10.5254,-1.500868,0.4699353
05/15/2023 14:23:14.081079,2418,True,True,True,True,Eyes,1.210009,-0.3267127,-3.307555,-0.5662739,-0.151011,0.8102652,0,0,0,0,0,0,0,0.9424428,0.685816,3.347683,1.211504,-0.3248138,-3.31546,0.05094735,-0.3052335,0.01403037,0.9508103,6.052955,324.3907,359.7453,0.3428195,-0.09242027,-0.9348431,0,0,0,0.6251355,-0.4186302,-2.538323,-0.02427042,0.009224031,0.9776999,0.8132713,-0.004421239,0.5818679,-0.05778211,0.994415,0.08831745,-0.5790087,-0.1054476,0.8084737,moving,-34.94873,-10.55723,-1.422018,0.5405364
05/15/2023 14:23:14.091288,2419,True,True,True,True,Eyes,1.209655,-0.3267008,-3.307711,-0.5681832,-0.1511447,0.8089024,0,0,0,0,0,0,0,0.9588757,0.6861039,3.343027,1.211182,-0.3247933,-3.315653,0.05099464,-0.3073958,0.01476048,0.9500998,6.083321,324.1329,359.8097,0.342747,-0.09241509,-0.9348702,0,0,0,0.6206456,-0.4186397,-2.53833,-0.02315211,0.01002853,0.9803756,0.81058,-0.00330321,0.5856188,-0.05939894,0.9943634,0.08782538,-0.5826079,-0.1059746,0.8058148,moving,-35.08469,-10.58377,-1.35282,0.586074
05/15/2023 14:23:14.111424,2420,True,True,True,True,Eyes,1.209303,-0.3266909,-3.307866,-0.5701341,-0.1512662,0.8075058,0,0,0,0,0,0,0,0.9741961,0.6852719,3.338712,1.210697,-0.3247451,-3.315781,0.05088917,-0.3093868,0.01547419,0.9494476,6.096782,323.8961,359.8787,0.3426715,-0.09241002,-0.9348984,0,0,0,0.6160282,-0.4186496,-2.538336,-0.02237451,0.01050896,0.9829848,0.8080807,-0.002105008,0.589068,-0.06087273,0.9943417,0.08705819,-0.5859181,-0.1062082,0.8033803,moving,-35.22375,-10.60998,-1.30393,0.6125181
05/15/2023 14:23:14.121702,2421,True,True,True,True,Eyes,1.208929,-0.3266779,-3.308042,-0.5719777,-0.1512943,0.8061956,0,0,0,0,0,0,0,0.9879543,0.6832207,3.335092,1.210414,-0.3247796,-3.315886,0.05060185,-0.3112052,0.0159967,0.9488597,6.083899,323.6798,359.9344,0.3425935,-0.09240512,-0.9349275,0,0,0,0.6113704,-0.4186595,-2.538343,-0.02213699,0.01062556,0.9857166,0.8057908,-0.001137866,0.5921991,-0.06185237,0.9943671,0.0860716,-0.5889612,-0.1059846,0.8011816,moving,-35.35485,-10.62876,-1.286519,0.6175973
05/15/2023 14:23:14.141432,2422,True,True,True,True,Eyes,1.208559,-0.3266666,-3.308214,-0.5738264,-0.1513115,0.8048776,0,0,0,0,0,0,0,0.9997439,0.6817583,3.331892,1.210128,-0.3246868,-3.316015,0.05041741,-0.3127581,0.01644104,0.9483513,6.079654,323.4947,359.9796,0.3425122,-0.09240025,-0.9349578,0,0,0,0.6069239,-0.418669,-2.538349,-0.02222863,0.01074793,0.9883532,0.8038241,-0.0003531356,0.5948671,-0.06272068,0.9943755,0.08534268,-0.5915514,-0.105911,0.7992809,moving,-35.48645,-10.64695,-1.288398,0.6230434
05/15/2023 14:23:14.161336,2423,True,True,True,True,Eyes,1.20818,-0.3266525,-3.308396,-0.5756777,-0.1512115,0.8035735,0,0,0,0,0,0,0,1.009094,0.6798423,3.329445,1.209883,-0.3247133,-3.316083,0.05014946,-0.3139849,0.01681433,0.9479536,6.063903,323.349,0.02224403,0.3424284,-0.09239547,-0.934989,0,0,0,0.6024184,-0.4186786,-2.538356,-0.02309951,0.01078929,0.9909858,0.8022615,0.0003860603,0.5969726,-0.06337073,0.9944046,0.08451982,-0.5935997,-0.1056376,0.7977971,moving,-35.6177,-10.65694,-1.335302,0.6237791
05/15/2023 14:23:14.181584,2424,True,True,True,True,Eyes,1.207808,-0.3266371,-3.308574,-0.5775251,-0.1510878,0.8022701,0,0,0,0,0,0,0,1.017765,0.6779553,3.327239,1.209557,-0.3246362,-3.316259,0.04990566,-0.3151319,0.01695153,0.9475833,6.042346,323.2115,0.03873233,0.3423418,-0.09239066,-0.9350212,0,0,0,0.5977871,-0.4186884,-2.538362,-0.02407706,0.01062853,0.9937496,0.8008091,0.0006722531,0.5989193,-0.06357971,0.9944442,0.08389559,-0.5955355,-0.1052635,0.7964026,moving,-35.74874,-10.66533,-1.387919,0.6127765
05/15/2023 14:23:14.190996,2425,True,True,True,True,Eyes,1.207442,-0.3266199,-3.308749,-0.5792526,-0.1508906,0.8010609,0,0,0,0,0,0,0,1.025586,0.6750898,3.325397,1.20935,-0.3245962,-3.316316,0.04951746,-0.3161905,0.01700187,0.9472501,6.001959,323.0848,0.05162832,0.3422529,-0.09238579,-0.9350542,0,0,0,0.593402,-0.4186978,-2.538368,-0.02519789,0.01015742,0.996349,0.799469,0.0008961437,0.6007068,-0.06352394,0.9945179,0.08305916,-0.5973392,-0.1045625,0.7951431,moving,-35.87095,-10.66744,-1.448714,0.5840897
05/15/2023 14:23:14.211139,2426,True,True,True,True,Eyes,1.207086,-0.3266015,-3.308919,-0.5809504,-0.1506785,0.7998704,0,0,0,0,0,0,0,1.032585,0.6721058,3.323868,1.209151,-0.3245475,-3.316426,0.04910855,-0.3171152,0.01715163,0.9469594,5.96297,322.9749,0.07705873,0.3421623,-0.09238083,-0.9350879,0,0,0,0.5885456,-0.4187081,-2.538375,-0.02694711,0.009738863,0.9992789,0.7982875,0.001337651,0.6022751,-0.06362992,0.9945883,0.08212952,-0.598906,-0.1038857,0.7940525,moving,-35.99112,-10.66828,-1.544695,0.5583807
05/15/2023 14:23:14.221709,2427,True,True,True,True,Eyes,1.206744,-0.3265812,-3.30908,-0.5825426,-0.1504384,0.7987568,0,0,0,0,0,0,0,1.037321,0.6694628,3.322908,1.209027,-0.3245039,-3.316456,0.04874272,-0.3177332,0.01732825,0.946768,5.92967,322.9022,0.105836,0.3420703,-0.09237575,-0.9351221,0,0,0,0.5842347,-0.4187173,-2.538382,-0.0290046,0.009389281,1.001855,0.7974907,0.001837299,0.6033285,-0.06378601,0.9946477,0.08128457,-0.5999499,-0.1033076,0.7933396,moving,-36.10371,-10.66618,-1.658302,0.5369546
05/15/2023 14:23:14.242037,2428,True,True,True,True,Eyes,1.20641,-0.3265611,-3.309235,-0.5840877,-0.1501765,0.7976769,0,0,0,0,0,0,0,1.040527,0.6667444,3.322469,1.208802,-0.3244517,-3.31656,0.04836443,-0.3181219,0.01747081,0.9466541,5.893776,322.8571,0.1328302,0.3419775,-0.09237052,-0.9351565,0,0,0,0.5797328,-0.4187269,-2.538388,-0.03156713,0.008995313,1.004535,0.7969865,0.002306068,0.6039927,-0.0638492,0.9947113,0.08045308,-0.6006129,-0.1026845,0.7929187,moving,-36.21293,-10.66212,-1.799905,0.513053
05/15/2023 14:23:14.261158,2429,True,True,True,True,Eyes,1.206095,-0.3265364,-3.309378,-0.5854993,-0.149905,0.7966926,0,0,0,0,0,0,0,1.042626,0.6636202,3.322421,1.208686,-0.3244414,-3.316588,0.04792126,-0.3183808,0.01754225,0.9465883,5.848225,322.8276,0.1552872,0.3418843,-0.09236518,-0.9351911,0,0,0,0.574947,-0.4187371,-2.538395,-0.03475881,0.008488156,1.007384,0.7966518,0.002696171,0.6044325,-0.063725,0.9947916,0.07955318,-0.6010699,-0.1018936,0.7926744,moving,-36.31263,-10.65613,-1.976152,0.4827595
05/15/2023 14:23:14.276796,2430,True,True,True,True,Eyes,1.20579,-0.3265156,-3.309517,-0.5868666,-0.1496186,0.7957398,0,0,0,0,0,0,0,1.044158,0.6614425,3.322417,1.208488,-0.3243274,-3.316715,0.04762983,-0.3185642,0.01748358,0.9465424,5.814415,322.8062,0.1584689,0.3417913,-0.0923596,-0.9352256,0,0,0,0.5704736,-0.4187467,-2.538401,-0.03771552,0.008053727,1.01008,0.7964224,0.002751569,0.6047346,-0.0634442,0.9948515,0.07902803,-0.6014036,-0.1013066,0.7924965,moving,-36.40917,-10.64868,-2.138382,0.4568301
05/15/2023 14:23:14.291189,2431,True,True,True,True,Eyes,1.205501,-0.3264977,-3.309647,-0.5880965,-0.1493919,0.7948739,0,0,0,0,0,0,0,1.045775,0.6588731,3.32243,1.208408,-0.3244028,-3.316748,0.04725207,-0.3187569,0.01758243,0.9464947,5.776988,322.7846,0.1819502,0.3416987,-0.09235393,-0.93526,0,0,0,0.5661499,-0.4187559,-2.538407,-0.04069766,0.007746652,1.012667,0.7961698,0.003159502,0.605065,-0.06340719,0.9949163,0.07823861,-0.6017418,-0.1006567,0.7923226,moving,-36.49631,-10.64424,-2.301398,0.4382899
05/15/2023 14:23:14.311191,2432,True,True,True,True,Eyes,1.20522,-0.3264812,-3.309773,-0.5892799,-0.14918,0.7940369,0,0,0,0,0,0,0,1.046351,0.6579176,3.322497,1.208323,-0.3244649,-3.316831,0.04710257,-0.3187909,0.01777589,0.946487,5.767822,322.7819,0.2083258,0.341607,-0.09234826,-0.9352941,0,0,0,0.5615048,-0.4187658,-2.538414,-0.04423216,0.007951733,1.015471,0.7961128,0.003617553,0.6051374,-0.06368104,0.9949307,0.07783037,-0.6017882,-0.1004975,0.7923074,moving,-36.58028,-10.64043,-2.49413,0.4486506
05/15/2023 14:23:14.321742,2433,True,True,True,True,Eyes,1.2049,-0.3264648,-3.309937,-0.5903313,-0.1491079,0.793269,0,0,0,0,0,0,0,1.047464,0.6576383,3.322222,1.208245,-0.3244772,-3.316879,0.04705552,-0.318886,0.01812523,0.9464507,5.77552,322.7722,0.2475474,0.3415164,-0.09234264,-0.9353278,0,0,0,0.5569556,-0.4187755,-2.53842,-0.04758894,0.008411851,1.018201,0.7959663,0.00429857,0.6053256,-0.06431995,0.9949145,0.07751169,-0.601914,-0.1006312,0.792195,moving,-36.65571,-10.64547,-2.675959,0.4733376
05/15/2023 14:23:14.341157,2434,True,True,True,True,Eyes,1.204591,-0.326449,-3.310095,-0.591346,-0.1490469,0.7925244,0,0,0,0,0,0,0,1.04873,0.6577053,3.321863,1.208082,-0.3244378,-3.316995,0.04706705,-0.3189963,0.01841989,0.9464074,5.787599,322.7603,0.2785614,0.3414253,-0.09233702,-0.9353616,0,0,0,0.5525208,-0.4187849,-2.538427,-0.05070409,0.008889314,1.020872,0.7958041,0.004837007,0.6055349,-0.06489386,0.9948908,0.07733746,-0.602067,-0.100841,0.7920521,moving,-36.72864,-10.65098,-2.843396,0.4988942
05/15/2023 14:23:14.361445,2435,True,True,True,True,Eyes,1.204271,-0.3264293,-3.310266,-0.5924641,-0.1490152,0.7916949,0,0,0,0,0,0,0,1.050163,0.6575172,3.321453,1.208033,-0.3244292,-3.31702,0.04703619,-0.3191359,0.01881737,0.946354,5.798852,322.7454,0.3221579,0.3413342,-0.09233139,-0.9353954,0,0,0,0.5479556,-0.4187947,-2.538433,-0.05401406,0.009407833,1.02362,0.7955964,0.005593917,0.6058012,-0.06563765,0.994867,0.07701517,-0.6022608,-0.1010363,0.7918798,moving,-36.80931,-10.65967,-3.020563,0.5265761
05/15/2023 14:23:14.381395,2436,True,True,True,True,Eyes,1.203961,-0.3264128,-3.310431,-0.5935609,-0.1489565,0.790884,0,0,0,0,0,0,0,1.052416,0.6570047,3.320882,1.207927,-0.3243051,-3.317112,0.0469765,-0.3193739,0.01924799,0.946268,5.808237,322.7188,0.3698186,0.3412427,-0.09232565,-0.9354293,0,0,0,0.5432764,-0.4188046,-2.53844,-0.05711848,0.009796821,1.02648,0.7952597,0.006421372,0.6062348,-0.06643364,0.9948454,0.07661011,-0.6026181,-0.1011993,0.7915871,moving,-36.88834,-10.66624,-3.184939,0.5468196
05/15/2023 14:23:14.391266,2437,True,True,True,True,Eyes,1.203646,-0.3263991,-3.310608,-0.5946846,-0.1489471,0.7900411,0,0,0,0,0,0,0,1.055507,0.6536229,3.320556,1.207846,-0.3243642,-3.317123,0.04648502,-0.3197457,0.01955521,0.9461603,5.766233,322.6767,0.4191203,0.3411511,-0.09231989,-0.9354633,0,0,0,0.5388709,-0.418814,-2.538446,-0.05979961,0.009430565,1.029136,0.7947605,0.007277952,0.6068795,-0.0667315,0.9949135,0.07545917,-0.6032434,-0.1004699,0.7912036,moving,-36.96973,-10.6767,-3.325525,0.5250195
05/15/2023 14:23:14.411368,2438,True,True,True,True,Eyes,1.203341,-0.3263884,-3.310779,-0.5958006,-0.1489479,0.7891997,0,0,0,0,0,0,0,1.059494,0.653747,3.319397,1.207713,-0.3244055,-3.317304,0.04649841,-0.3202249,0.01995293,0.9459893,5.782525,322.6205,0.4590237,0.3410593,-0.09231417,-0.9354974,0,0,0,0.5388355,-0.4188141,-2.538446,-0.0585961,0.009810641,1.029271,0.7941158,0.007970626,0.6077142,-0.06753042,0.9948795,0.07519515,-0.6040031,-0.1007528,0.7905878,moving,-37.05072,-10.68788,-3.258316,0.5461064
05/15/2023 14:23:14.421588,2439,True,True,True,True,Eyes,1.203042,-0.3263725,-3.310949,-0.5969642,-0.1489616,0.7883173,0,0,0,0,0,0,0,1.064446,0.6534761,3.317876,1.207647,-0.3244582,-3.317332,0.04645686,-0.3208501,0.02041952,0.9457696,5.795501,322.5469,0.5075456,0.3409674,-0.09230857,-0.9355314,0,0,0,0.5388355,-0.4188141,-2.538446,-0.0572004,0.0101393,1.02932,0.7932764,0.008812948,0.6087978,-0.0684357,0.9948497,0.07477176,-0.6050033,-0.1009782,0.789794,static,-37.13534,-10.70053,-3.180715,0.5643727
05/15/2023 14:23:14.441449,2440,True,True,True,True,Eyes,1.202754,-0.3263531,-3.31111,-0.5981331,-0.1489659,0.7874299,0,0,0,0,0,0,0,1.070396,0.6523728,3.316214,1.207563,-0.3243075,-3.317412,0.0463278,-0.321606,0.02090306,0.9455087,5.799738,322.4579,0.560333,0.3408758,-0.09230294,-0.9355653,0,0,0,0.5388355,-0.4188141,-2.538446,-0.05548301,0.01011162,1.029434,0.7922653,0.009729441,0.6100993,-0.06932664,0.9948336,0.07416155,-0.6062258,-0.1010518,0.7888466,static,-37.22036,-10.71261,-3.085063,0.5627694
05/15/2023 14:23:14.461124,2441,True,True,True,True,Eyes,1.202457,-0.326328,-3.311281,-0.5993558,-0.1489453,0.7865036,0,0,0,0,0,0,0,1.076731,0.650125,3.314497,1.207539,-0.3242003,-3.317326,0.04603243,-0.3224367,0.02136552,0.9452297,5.785268,322.3601,0.616536,0.3407847,-0.09229719,-0.9355991,0,0,0,0.5388355,-0.4188141,-2.538446,-0.05376133,0.009781968,1.029457,0.7911563,0.01070557,0.6115203,-0.07007573,0.994849,0.07324437,-0.6075863,-0.1008005,0.7878313,static,-37.30925,-10.72349,-2.989441,0.5444117
05/15/2023 14:23:14.476871,2442,True,True,True,True,Eyes,1.202169,-0.3263031,-3.311443,-0.6005633,-0.1488882,0.7855928,0,0,0,0,0,0,0,1.081638,0.6467426,3.313551,1.207441,-0.3240363,-3.317367,0.04558834,-0.3231244,0.02123254,0.9450192,5.732562,322.2772,0.6143671,0.3406938,-0.09229116,-0.9356328,0,0,0,0.5388355,-0.4188141,-2.538446,-0.05218777,0.00865772,1.029531,0.7902796,0.01066889,0.6126536,-0.06959173,0.9949418,0.07244223,-0.6087818,-0.09988523,0.7870247,static,-37.39688,-10.73161,-2.901887,0.4818109
05/15/2023 14:23:14.491329,2443,True,True,True,True,Eyes,1.201857,-0.326282,-3.311627,-0.6017683,-0.1488376,0.7846798,0,0,0,0,0,0,0,1.084793,0.6437237,3.313009,1.207393,-0.3240247,-3.317287,0.04517207,-0.323595,0.02099643,0.9448835,5.678904,322.2202,0.6013283,0.3406034,-0.0922849,-0.9356664,0,0,0,0.5388355,-0.4188141,-2.538446,-0.05119067,0.007655621,1.029499,0.7896909,0.01044346,0.613416,-0.06891328,0.9950373,0.07177601,-0.6096222,-0.09895337,0.7864916,static,-37.48448,-10.74024,-2.846624,0.4260584
05/15/2023 14:23:14.511605,2444,True,True,True,True,Eyes,1.201554,-0.3262643,-3.311804,-0.6029603,-0.1487852,0.7837741,0,0,0,0,0,0,0,1.08874,0.6413995,3.312139,1.207266,-0.3240744,-3.317302,0.04484366,-0.3241237,0.02104237,0.9447169,5.645304,322.1571,0.6153956,0.3405125,-0.0922785,-0.9357001,0,0,0,0.5388355,-0.4188141,-2.538446,-0.04995611,0.007099565,1.029488,0.7890021,0.01068838,0.6142976,-0.06882796,0.9950925,0.07108846,-0.6105231,-0.09836978,0.7858657,static,-37.57122,-10.74866,-2.778111,0.3951176
05/15/2023 14:23:14.521551,2445,True,True,True,True,Eyes,1.201231,-0.3262457,-3.312001,-0.6041425,-0.1487919,0.7828619,0,0,0,0,0,0,0,1.09299,0.6404928,3.3109,1.207214,-0.3241358,-3.317302,0.04471508,-0.3246897,0.02124154,0.9445242,5.639143,322.0896,0.6384701,0.3404216,-0.09227207,-0.9357337,0,0,0,0.5388355,-0.4188141,-2.538446,-0.0487062,0.007058736,1.029508,0.7882508,0.01108924,0.6152541,-0.06916334,0.9950987,0.07067513,-0.6114549,-0.09826277,0.7851543,static,-37.65774,-10.76136,-2.708653,0.3928375
05/15/2023 14:23:14.541382,2446,True,True,True,True,Eyes,1.20092,-0.3262295,-3.312191,-0.6053301,-0.1487877,0.7819448,0,0,0,0,0,0,0,1.098248,0.6397372,3.309341,1.207005,-0.3240778,-3.317419,0.04463064,-0.3253916,0.02129594,0.9442854,5.632486,322.0047,0.6433434,0.3403299,-0.09226558,-0.9357677,0,0,0,0.5388355,-0.4188141,-2.538446,-0.04695272,0.006869256,1.029549,0.7873336,0.01117401,0.6164259,-0.06926375,0.9951091,0.07042909,-0.6126241,-0.09814717,0.7842569,static,-37.74467,-10.77339,-2.611173,0.3822776
05/15/2023 14:23:14.561378,2447,True,True,True,True,Eyes,1.200586,-0.3262139,-3.312407,-0.6064166,-0.1488391,0.7810928,0,0,0,0,0,0,0,1.103834,0.6388155,3.307662,1.206974,-0.324122,-3.317426,0.04451076,-0.3261859,0.02122284,0.9440187,5.617287,321.9081,0.6351475,0.3402379,-0.09225909,-0.9358018,0,0,0,0.5388355,-0.4188141,-2.538446,-0.04519811,0.006620292,1.029611,0.7863048,0.01103195,0.6177403,-0.06910706,0.9951368,0.07019279,-0.6139617,-0.09788314,0.7832432,static,-37.82467,-10.78851,-2.51357,0.3684008
05/15/2023 14:23:14.576865,2448,True,True,True,True,Eyes,1.200264,-0.3261975,-3.312615,-0.6075003,-0.1488775,0.7802428,0,0,0,0,0,0,0,1.108966,0.6387949,3.306019,1.206947,-0.3240944,-3.317509,0.04452735,-0.3269076,0.02119194,0.9437689,5.618409,321.8201,0.6268559,0.3401449,-0.09225257,-0.9358363,0,0,0,0.5388355,-0.4188141,-2.538446,-0.04355145,0.006599851,1.02973,0.7853646,0.01088793,0.6189377,-0.06911325,0.9951364,0.07019143,-0.6151631,-0.09790266,0.7822975,static,-37.90448,-10.80271,-2.421827,0.3672209
05/15/2023 14:23:14.591341,2449,True,True,True,True,Eyes,1.199929,-0.3261775,-3.312836,-0.6085632,-0.1489208,0.7794059,0,0,0,0,0,0,0,1.113194,0.6379023,3.304724,1.206903,-0.3240638,-3.317483,0.04441894,-0.3275166,0.02108252,0.9435653,5.602947,321.7458,0.6154207,0.3400512,-0.09224603,-0.935871,0,0,0,0.5388355,-0.4188141,-2.538446,-0.04220825,0.006269135,1.029742,0.7845769,0.01068959,0.6199394,-0.06888135,0.9951649,0.0700146,-0.6161936,-0.09763409,0.7815198,static,-37.98286,-10.81711,-2.347192,0.348816
05/15/2023 14:23:14.611139,2450,True,True,True,True,Eyes,1.199606,-0.3261579,-3.313046,-0.6096056,-0.1489406,0.778587,0,0,0,0,0,0,0,1.116775,0.6367036,3.303758,1.206796,-0.3239496,-3.317544,0.04427664,-0.3280265,0.02091369,0.9433987,5.581499,321.6833,0.5994204,0.3399566,-0.09223934,-0.9359061,0,0,0,0.5388355,-0.4188141,-2.538446,-0.04097566,0.005747825,1.029782,0.7839224,0.01041207,0.6207715,-0.06850772,0.9952044,0.06982056,-0.6170676,-0.09726154,0.7808763,static,-38.05967,-10.82962,-2.278633,0.3197986
05/15/2023 14:23:14.631207,2451,True,True,True,True,Eyes,1.199288,-0.3261352,-3.313255,-0.6107382,-0.1489066,0.7777054,0,0,0,0,0,0,0,1.119076,0.6346863,3.303266,1.206754,-0.3239422,-3.317459,0.04399731,-0.3283537,0.02087631,0.9432987,5.550027,321.6442,0.6039807,0.3398615,-0.09223255,-0.9359413,0,0,0,0.5388355,-0.4188141,-2.538446,-0.04030025,0.005164653,1.029721,0.7834961,0.01049184,0.6213081,-0.06827854,0.9952568,0.06929558,-0.6176342,-0.09671484,0.7804962,static,-38.14283,-10.83919,-2.241246,0.2873696
05/15/2023 14:23:14.641765,2452,True,True,True,True,Eyes,1.198982,-0.3261092,-3.313452,-0.6118364,-0.148837,0.7768551,0,0,0,0,0,0,0,1.121274,0.6324492,3.303019,1.206668,-0.3238461,-3.317568,0.04369585,-0.3286324,0.02092377,0.9432147,5.519331,321.6114,0.6188951,0.3397661,-0.09222556,-0.9359766,0,0,0,0.5388355,-0.4188141,-2.538446,-0.03958344,0.004525378,1.029787,0.7831259,0.01075147,0.6217702,-0.06819095,0.9953057,0.06867667,-0.6181131,-0.09618159,0.7801829,static,-38.2233,-10.84582,-2.201278,0.2517835
05/15/2023 14:23:14.661524,2453,True,True,True,True,Eyes,1.198692,-0.3260806,-3.313638,-0.6128741,-0.1487717,0.7760491,0,0,0,0,0,0,0,1.122205,0.6291134,3.303207,1.206629,-0.3237481,-3.317459,0.04323719,-0.3287717,0.02082591,0.9431893,5.466035,321.5953,0.6248114,0.3396708,-0.09221833,-0.9360119,0,0,0,0.5388355,-0.4188141,-2.538446,-0.03934431,0.003462002,1.029702,0.782951,0.01085521,0.6219887,-0.06771587,0.9953937,0.06786779,-0.618387,-0.09525565,0.7800794,static,-38.29943,-10.85217,-2.188174,0.1926357
05/15/2023 14:23:14.681279,2454,True,True,True,True,Eyes,1.19841,-0.3260481,-3.313819,-0.6138769,-0.1486672,0.7752762,0,0,0,0,0,0,0,1.122209,0.6259254,3.303845,1.206555,-0.3236557,-3.317529,0.04279581,-0.3287774,0.02059987,0.9432124,5.409686,321.5949,0.6169426,0.3395762,-0.09221083,-0.9360469,0,0,0,0.5388355,-0.4188141,-2.538446,-0.03924817,0.002351653,1.029723,0.7829621,0.01071952,0.621977,-0.06700069,0.9954883,0.06718553,-0.6184507,-0.09427661,0.7801479,static,-38.37278,-10.85528,-2.182788,0.1308503
05/15/2023 14:23:14.691238,2455,True,True,True,True,Eyes,1.198147,-0.3260175,-3.313983,-0.6148937,-0.1485486,0.7744928,0,0,0,0,0,0,0,1.122019,0.622379,3.304601,1.206492,-0.3235583,-3.317583,0.04230392,-0.3287635,0.02032389,0.9432455,5.345971,321.5968,0.6056756,0.3394823,-0.09220298,-0.9360817,0,0,0,0.5388355,-0.4188141,-2.538446,-0.03921229,0.001101665,1.029735,0.783003,0.01052486,0.6219289,-0.0661568,0.9955946,0.06644246,-0.6184898,-0.09316946,0.78025,static,-38.44714,-10.85754,-2.180768,0.06129805
05/15/2023 14:23:14.710985,2456,True,True,True,True,Eyes,1.197897,-0.3259855,-3.314137,-0.6158586,-0.1484159,0.7737513,0,0,0,0,0,0,0,1.120976,0.6190057,3.305515,1.206516,-0.3235874,-3.317498,0.04181745,-0.3286514,0.02004057,0.9433123,5.282506,321.6106,0.5939579,0.3393899,-0.09219488,-0.936116,0,0,0,0.5388355,-0.4188141,-2.538446,-0.03954279,-2.038851E-05,1.029671,0.7831733,0.01032231,0.6217178,-0.06529576,0.9956994,0.0657211,-0.6183657,-0.09206654,0.7804792,static,-38.51764,-10.85822,-2.199268,-0.001134513
05/15/2023 14:23:14.721556,2457,True,True,True,True,Eyes,1.197683,-0.3259521,-3.314261,-0.616909,-0.1482451,0.7729467,0,0,0,0,0,0,0,1.119767,0.6170949,3.306204,1.206594,-0.3235214,-3.317399,0.04154949,-0.3284841,0.02008911,0.9433813,5.255196,321.6319,0.6102946,0.3392991,-0.09218654,-0.9361498,0,0,0,0.5388355,-0.4188141,-2.538446,-0.04005203,-0.000564158,1.029633,0.7833892,0.01060668,0.6214411,-0.06520008,0.9957401,0.06519611,-0.6181023,-0.09159193,0.7807435,static,-38.59428,-10.85704,-2.227644,-0.03139358
05/15/2023 14:23:14.741377,2458,True,True,True,True,Eyes,1.197477,-0.3259153,-3.314383,-0.6178885,-0.148057,0.7722002,0,0,0,0,0,0,0,1.118075,0.6132588,3.307454,1.206616,-0.3234811,-3.317358,0.04100358,-0.3282647,0.01987987,0.943486,5.188018,321.6592,0.6094258,0.3392109,-0.09217799,-0.9361826,0,0,0,0.5388355,-0.4188141,-2.538446,-0.04059723,-0.001809794,1.029598,0.7836943,0.01059272,0.6210565,-0.06443281,0.995847,0.06432088,-0.6177959,-0.09042431,0.7811221,static,-38.66562,-10.85382,-2.258013,-0.1007126
05/15/2023 14:23:14.761421,2459,True,True,True,True,Eyes,1.197288,-0.3258757,-3.314487,-0.6187575,-0.1479094,0.7715322,0,0,0,0,0,0,0,1.114269,0.6121441,3.309005,1.20662,-0.3233768,-3.317427,0.04085243,-0.3277732,0.01944647,0.9436725,5.155017,321.7176,0.5707797,0.3391253,-0.09216915,-0.9362144,0,0,0,0.5388355,-0.4188141,-2.538446,-0.04160792,-0.002522767,1.02962,0.7843732,0.009921533,0.6202098,-0.06348285,0.9959058,0.06435457,-0.6170322,-0.08985069,0.7817917,static,-38.7291,-10.85242,-2.314117,-0.1403853
05/15/2023 14:23:14.777184,2460,True,True,True,True,Eyes,1.197107,-0.3258393,-3.314582,-0.6195731,-0.1477203,0.7709137,0,0,0,0,0,0,0,1.111157,0.6092129,3.310454,1.206649,-0.323276,-3.317289,0.04044251,-0.327368,0.01921381,0.9438356,5.101601,321.767,0.5631759,0.3390427,-0.09215999,-0.9362453,0,0,0,0.5388355,-0.4188141,-2.538446,-0.04261041,-0.003589988,1.0295,0.784922,0.009790177,0.6195172,-0.06274851,0.9959905,0.06376219,-0.616409,-0.08892213,0.7823892,static,-38.78838,-10.84737,-2.370087,-0.1997963
05/15/2023 14:23:14.791249,2461,True,True,True,True,Eyes,1.196939,-0.3258035,-3.314669,-0.6203027,-0.147615,0.7703469,0,0,0,0,0,0,0,1.108667,0.60526,3.311917,1.206673,-0.3233281,-3.317179,0.03986512,-0.3270328,0.01906237,0.9439793,5.033129,321.8087,0.5702706,0.338963,-0.09215067,-0.9362751,0,0,0,0.5388355,-0.4188141,-2.538446,-0.04345569,-0.004763924,1.029387,0.7853724,0.009914561,0.6189443,-0.06206335,0.9960948,0.06279565,-0.6159046,-0.08773172,0.7829206,static,-38.84189,-10.8476,-2.417313,-0.2651586
05/15/2023 14:23:14.810948,2462,True,True,True,True,Eyes,1.196776,-0.3257673,-3.314753,-0.6209816,-0.1475131,0.7698193,0,0,0,0,0,0,0,1.106325,0.604376,3.31287,1.206689,-0.3233056,-3.317184,0.03973773,-0.3267241,0.01887193,0.9440954,5.011992,321.8458,0.5560278,0.3388863,-0.0921412,-0.9363038,0,0,0,0.5388355,-0.4188141,-2.538446,-0.04413128,-0.005171608,1.029372,0.7857904,0.009667257,0.6184173,-0.06160035,0.9961295,0.06270058,-0.6154175,-0.08736423,0.7833446,static,-38.89169,-10.84755,-2.454884,-0.287854
05/15/2023 14:23:14.826761,2463,True,True,True,True,Eyes,1.196621,-0.325735,-3.31483,-0.6215566,-0.1475131,0.7693551,0,0,0,0,0,0,0,1.104003,0.6044383,3.313626,1.206662,-0.3232614,-3.317191,0.03974723,-0.3263974,0.01883016,0.9442089,5.011265,321.8853,0.552873,0.3388124,-0.09213161,-0.9363315,0,0,0,0.5388355,-0.4188141,-2.538446,-0.04481339,-0.005228169,1.029335,0.7862204,0.009612416,0.6178715,-0.06150598,0.9961312,0.06276715,-0.6148776,-0.08735159,0.7837698,static,-38.9345,-10.85394,-2.492871,-0.2910127
05/15/2023 14:23:14.841435,2464,True,True,True,True,Eyes,1.196474,-0.3257037,-3.314902,-0.6220978,-0.1475263,0.7689151,0,0,0,0,0,0,0,1.101836,0.6047872,3.314222,1.206705,-0.3233117,-3.317109,0.0397848,-0.3261048,0.01881955,0.9443086,5.014771,321.9208,0.5518678,0.3387414,-0.09212202,-0.9363582,0,0,0,0.5388355,-0.4188141,-2.538446,-0.04553083,-0.005114708,1.029265,0.786603,0.009594902,0.6173846,-0.06149096,0.996126,0.06286396,-0.6143897,-0.08741255,0.7841457,static,-38.97491,-10.86095,-2.532899,-0.2847165
05/15/2023 14:23:14.861285,2465,True,True,True,True,Eyes,1.196333,-0.3256734,-3.314972,-0.6225906,-0.147587,0.7685044,0,0,0,0,0,0,0,1.100652,0.6061001,3.314328,1.206753,-0.3233023,-3.317045,0.03997147,-0.3259545,0.01880636,0.9443529,5.034431,321.9385,0.5442365,0.3386732,-0.09211247,-0.9363837,0,0,0,0.5388355,-0.4188141,-2.538446,-0.04592052,-0.004776347,1.029233,0.7868001,0.009461937,0.6171354,-0.06157744,0.9960972,0.06323429,-0.6141285,-0.08775437,0.784312,static,-39.01206,-10.87098,-2.55463,-0.2658899
05/15/2023 14:23:14.879485,2466,True,True,True,True,Eyes,1.196198,-0.3256453,-3.315041,-0.6230611,-0.1476455,0.7681117,0,0,0,0,0,0,0,1.099919,0.6067992,3.314477,1.206781,-0.3232898,-3.31707,0.04007211,-0.3258651,0.01872304,0.9443811,5.042179,321.9487,0.5318896,0.3386078,-0.09210297,-0.9364083,0,0,0,0.5388355,-0.4188141,-2.538446,-0.0461086,-0.004655156,1.029263,0.7869228,0.009247168,0.6169822,-0.06147958,0.9960874,0.06348432,-0.6139812,-0.08788907,0.7844123,static,-39.04757,-10.88061,-2.565003,-0.2591359
05/15/2023 14:23:14.891297,2467,True,True,True,True,Eyes,1.196089,-0.3256155,-3.315084,-0.6236296,-0.1476656,0.7676464,0,0,0,0,0,0,0,1.099552,0.6070769,3.314596,1.206774,-0.3233162,-3.317118,0.04010791,-0.3258201,0.01863889,0.9443967,5.042889,321.9538,0.5216472,0.3385448,-0.09209359,-0.936432,0,0,0,0.5388355,-0.4188141,-2.538446,-0.04616138,-0.004621297,1.02929,0.7869878,0.009069094,0.6169019,-0.06134094,0.9960878,0.0636097,-0.6139116,-0.08790141,0.7844653,static,-39.09012,-10.8885,-2.567868,-0.2572443
05/15/2023 14:23:14.911406,2468,True,True,True,True,Eyes,1.195986,-0.3255876,-3.315119,-0.6241639,-0.1476741,0.7672104,0,0,0,0,0,0,0,1.098027,0.6071151,3.314953,1.206799,-0.3232596,-3.316972,0.04012181,-0.3256464,0.01843666,0.9444601,5.036742,321.974,0.5000859,0.3384852,-0.0920843,-0.9364545,0,0,0,0.5388355,-0.4188141,-2.538446,-0.0466322,-0.004811484,1.02918,0.7872291,0.008694335,0.6165994,-0.06095642,0.9961006,0.06377923,-0.6136406,-0.08779456,0.7846894,static,-39.13008,-10.89515,-2.594302,-0.2678597
05/15/2023 14:23:14.921447,2469,True,True,True,True,Eyes,1.195887,-0.3255582,-3.315147,-0.6246888,-0.1476854,0.7667809,0,0,0,0,0,0,0,1.096397,0.6066229,3.315464,1.206809,-0.3232854,-3.316848,0.04004728,-0.3254489,0.01825926,0.9445348,5.021929,321.9974,0.4846596,0.3384285,-0.09207517,-0.9364759,0,0,0,0.5388355,-0.4188141,-2.538446,-0.04713771,-0.005069841,1.029065,0.7874992,0.008426334,0.6162581,-0.06055971,0.9961256,0.06376718,-0.6133332,-0.08753701,0.7849584,static,-39.16936,-10.90192,-2.622677,-0.2822738
05/15/2023 14:23:14.941403,2470,True,True,True,True,Eyes,1.195791,-0.325528,-3.315176,-0.6251863,-0.1476807,0.7663763,0,0,0,0,0,0,0,1.095382,0.6057658,3.315856,1.206736,-0.3232208,-3.31678,0.03993389,-0.3253137,0.01815506,0.9445881,5.00567,322.0138,0.478303,0.3383749,-0.09206615,-0.9364962,0,0,0,0.5388355,-0.4188141,-2.538446,-0.04741564,-0.005438831,1.028958,0.7876828,0.00831602,0.616025,-0.06028019,0.9961514,0.06362997,-0.613125,-0.08725433,0.7851525,static,-39.20651,-10.9072,-2.638393,-0.3028493
05/15/2023 14:23:14.961380,2471,True,True,True,True,Eyes,1.195697,-0.3254972,-3.315202,-0.6257954,-0.1476306,0.7658886,0,0,0,0,0,0,0,1.094379,0.6047934,3.316404,1.206698,-0.3231761,-3.316838,0.03980107,-0.3251844,0.01796087,0.9446419,4.983952,322.029,0.4628603,0.338324,-0.09205719,-0.9365155,0,0,0,0.5388355,-0.4188141,-2.538446,-0.04762489,-0.005883679,1.028969,0.7878651,0.008047804,0.6157953,-0.05981854,0.9961866,0.06351433,-0.6129358,-0.08687671,0.785342,static,-39.25171,-10.91036,-2.649991,-0.3276156
05/15/2023 14:23:14.976873,2472,True,True,True,True,Eyes,1.195605,-0.3254687,-3.315231,-0.6263813,-0.1475691,0.7654213,0,0,0,0,0,0,0,1.093813,0.6032981,3.316792,1.206674,-0.3231347,-3.316779,0.03959602,-0.325133,0.01771795,0.9446729,4.952621,322.0348,0.4444101,0.3382756,-0.09204829,-0.9365339,0,0,0,0.5388355,-0.4188141,-2.538446,-0.04774877,-0.006507669,1.028903,0.7879493,0.007727387,0.6156918,-0.05922328,0.9962365,0.0632892,-0.6128855,-0.08633195,0.7854414,static,-39.29513,-10.91243,-2.657045,-0.362383
05/15/2023 14:23:14.991222,2473,True,True,True,True,Eyes,1.195528,-0.3254406,-3.315244,-0.6270579,-0.1474989,0.7648807,0,0,0,0,0,0,0,1.094001,0.6021138,3.317033,1.206626,-0.3231667,-3.316882,0.03942181,-0.3251427,0.01770468,0.9446771,4.933235,322.0341,0.4494355,0.3382295,-0.09203949,-0.9365514,0,0,0,0.5388355,-0.4188141,-2.538446,-0.04763806,-0.006816164,1.02895,0.7879376,0.007814988,0.6157054,-0.05908583,0.9962649,0.06296866,-0.6129137,-0.08599484,0.7854564,static,-39.34529,-10.91488,-2.650772,-0.3795439
05/15/2023 14:23:15.010926,2474,True,True,True,True,Eyes,1.195453,-0.325412,-3.315258,-0.627713,-0.147414,0.7643595,0,0,0,0,0,0,0,1.094522,0.6007406,3.317007,1.206618,-0.3231483,-3.316783,0.03922939,-0.3252118,0.01776124,0.9446602,4.914508,322.0264,0.462418,0.338186,-0.09203082,-0.936568,0,0,0,0.5388355,-0.4188141,-2.538446,-0.0475606,-0.007167235,1.028873,0.7878438,0.008040959,0.6158227,-0.05907239,0.9962912,0.06256456,-0.6130356,-0.08566921,0.7853968,static,-39.39378,-10.91601,-2.646666,-0.3991218
05/15/2023 14:23:15.021339,2475,True,True,True,True,Eyes,1.195388,-0.3253801,-3.315264,-0.6284219,-0.1473106,0.7637968,0,0,0,0,0,0,0,1.095078,0.5991638,3.317112,1.206588,-0.3231146,-3.316801,0.03901057,-0.3252855,0.01771769,0.9446447,4.889186,322.0179,0.4654908,0.3381449,-0.09202224,-0.9365836,0,0,0,0.5388355,-0.4188141,-2.538446,-0.04737678,-0.007654194,1.028876,0.7877509,0.008094694,0.6159407,-0.05885298,0.9963285,0.06217565,-0.613176,-0.08522886,0.7853351,static,-39.4462,-10.91638,-2.636445,-0.426237
05/15/2023 14:23:15.041311,2476,True,True,True,True,Eyes,1.195322,-0.3253491,-3.315269,-0.6291041,-0.1471835,0.7632595,0,0,0,0,0,0,0,1.095447,0.5971059,3.317293,1.206608,-0.3230099,-3.316735,0.03873484,-0.3253588,0.01756208,0.9446338,4.853508,322.0091,0.4585272,0.3381063,-0.09201367,-0.9365985,0,0,0,0.5388355,-0.4188141,-2.538446,-0.04728094,-0.00840845,1.028847,0.7876665,0.00797403,0.6160502,-0.05838491,0.9963824,0.06175253,-0.6133292,-0.08460844,0.7852826,static,-39.49649,-10.91469,-2.631192,-0.4682505
05/15/2023 14:23:15.061150,2477,True,True,True,True,Eyes,1.195242,-0.3253193,-3.315284,-0.6297435,-0.1470717,0.7627536,0,0,0,0,0,0,0,1.095436,0.5947646,3.31767,1.206537,-0.3230067,-3.316715,0.03840257,-0.3253571,0.01744945,0.94465,4.813267,322.0097,0.458737,0.3380698,-0.09200513,-0.9366125,0,0,0,0.5388355,-0.4188141,-2.538446,-0.04725504,-0.009139422,1.028781,0.7876765,0.007978152,0.6160374,-0.05795636,0.9964415,0.06119937,-0.613357,-0.08390858,0.7853359,static,-39.54371,-10.91365,-2.629922,-0.5089875
05/15/2023 14:23:15.081541,2478,True,True,True,True,Eyes,1.195167,-0.3252896,-3.3153,-0.6303582,-0.1469377,0.7622715,0,0,0,0,0,0,0,1.095544,0.592406,3.317953,1.206538,-0.3229974,-3.316612,0.03806964,-0.3253892,0.0173217,0.9446548,4.772406,322.0062,0.4571572,0.3380349,-0.09199665,-0.936626,0,0,0,0.5388355,-0.4188141,-2.538446,-0.04726124,-0.009890072,1.028697,0.7876436,0.007951151,0.6160798,-0.05750096,0.9965013,0.06065275,-0.6134421,-0.08319793,0.7853451,static,-39.58895,-10.91068,-2.630479,-0.5508345
05/15/2023 14:23:15.091308,2479,True,True,True,True,Eyes,1.1951,-0.3252571,-3.315308,-0.630952,-0.1468265,0.7618015,0,0,0,0,0,0,0,1.095467,0.5900796,3.318465,1.206569,-0.3229764,-3.316674,0.0377399,-0.3253779,0.01724357,0.9446733,4.733724,322.0081,0.4610683,0.3380014,-0.09198822,-0.9366389,0,0,0,0.5388355,-0.4188141,-2.538446,-0.04728863,-0.0105966,1.028758,0.7876638,0.008019623,0.6160532,-0.05713855,0.9965568,0.0600824,-0.6134501,-0.0825251,0.7854099,static,-39.6328,-10.90918,-2.631847,-0.5901476
05/15/2023 14:23:15.111172,2480,True,True,True,True,Eyes,1.195037,-0.3252228,-3.315311,-0.6315134,-0.1466783,0.7613648,0,0,0,0,0,0,0,1.094242,0.5874841,3.319215,1.206591,-0.3228838,-3.316561,0.03738185,-0.3252255,0.01710387,0.9447425,4.689605,322.027,0.4600514,0.3379696,-0.09197976,-0.9366512,0,0,0,0.5388355,-0.4188141,-2.538446,-0.04771957,-0.01148589,1.028666,0.7878717,0.008002441,0.6157875,-0.05663257,0.9966201,0.05950722,-0.61323,-0.08175767,0.7856619,static,-39.67398,-10.90454,-2.656034,-0.6397277
05/15/2023 14:23:15.121873,2481,True,True,True,True,Eyes,1.194987,-0.3251905,-3.315308,-0.6320958,-0.1465226,0.7609113,0,0,0,0,0,0,0,1.092807,0.5839708,3.320229,1.206625,-0.3228143,-3.316477,0.03688889,-0.3250427,0.01693281,0.9448279,4.62967,322.0498,0.4608054,0.3379394,-0.09197122,-0.9366629,0,0,0,0.5388355,-0.4188141,-2.538446,-0.04821539,-0.01263187,1.028594,0.7881211,0.008016248,0.6154681,-0.0559781,0.996705,0.05869953,-0.6129696,-0.08071508,0.7859729,static,-39.71671,-10.89958,-2.683778,-0.7035978
05/15/2023 14:23:15.141455,2482,True,True,True,True,Eyes,1.19494,-0.3251598,-3.315308,-0.6326454,-0.1463484,0.760488,0,0,0,0,0,0,0,1.091309,0.5808539,3.321328,1.20661,-0.3228491,-3.316539,0.03643809,-0.3248451,0.01667155,0.944918,4.57094,322.0739,0.4502365,0.3379111,-0.09196269,-0.936674,0,0,0,0.5388355,-0.4188141,-2.538446,-0.04860258,-0.01365587,1.028597,0.7883955,0.007833039,0.6151189,-0.05517997,0.9967887,0.05803066,-0.612689,-0.07969335,0.786296,static,-39.75687,-10.89285,-2.705291,-0.7606267
05/15/2023 14:23:15.161131,2483,True,True,True,True,Eyes,1.194909,-0.3251252,-3.315292,-0.6331809,-0.1462192,0.7600671,0,0,0,0,0,0,0,1.089996,0.5789363,3.322205,1.206654,-0.3228605,-3.316633,0.03616019,-0.3246671,0.01652756,0.9449924,4.535348,322.0957,0.4458316,0.3378844,-0.09195418,-0.9366844,0,0,0,0.5388355,-0.4188141,-2.538446,-0.04897213,-0.01427776,1.028669,0.7886362,0.007756783,0.6148112,-0.05471689,0.9968386,0.0576103,-0.6124206,-0.07907412,0.7865674,static,-39.7963,-10.88934,-2.725638,-0.7952048
05/15/2023 14:23:15.176959,2484,True,True,True,True,Eyes,1.194878,-0.3250909,-3.31528,-0.6336817,-0.1460683,0.7596786,0,0,0,0,0,0,0,1.087883,0.5770488,3.323115,1.206668,-0.3227505,-3.316527,0.03590594,-0.3244036,0.01628075,0.9450969,4.498458,322.1274,0.4297709,0.3378597,-0.09194563,-0.9366941,0,0,0,0.5388355,-0.4188141,-2.538446,-0.04961729,-0.01506659,1.028566,0.7889946,0.007477744,0.6143548,-0.05406981,0.9968914,0.05730612,-0.6120166,-0.07843225,0.7869462,static,-39.83299,-10.8838,-2.761766,-0.8392167
05/15/2023 14:23:15.201339,2485,True,True,True,True,Eyes,1.19486,-0.3250574,-3.31526,-0.6341178,-0.1459941,0.759329,0,0,0,0,0,0,0,1.08611,0.5750355,3.324109,1.206658,-0.3227303,-3.316598,0.03561931,-0.3241617,0.0160925,0.9451938,4.460251,322.1568,0.4211563,0.3378369,-0.09193702,-0.9367033,0,0,0,0.5388355,-0.4188141,-2.538446,-0.05009353,-0.01577464,1.028582,0.7893203,0.007328236,0.6139379,-0.05351391,0.9969446,0.05690116,-0.611645,-0.07776745,0.7873008,static,-39.86535,-10.88329,-2.788189,-0.8786359
05/15/2023 14:23:15.211385,2486,True,True,True,True,Eyes,1.194844,-0.3250239,-3.315243,-0.634522,-0.1459006,0.7590091,0,0,0,0,0,0,0,1.08459,0.5735955,3.324864,1.206724,-0.3227177,-3.316586,0.03541117,-0.3239482,0.01610456,0.9452748,4.438022,322.1833,0.4312275,0.3378161,-0.09192841,-0.9367116,0,0,0,0.5388355,-0.4188141,-2.538446,-0.05063206,-0.01617289,1.028584,0.7895964,0.007503702,0.6135808,-0.05338925,0.9969734,0.05651248,-0.6112996,-0.07738066,0.7876072,static,-39.8952,-10.88096,-2.818112,-0.9008132
05/15/2023 14:23:15.221267,2487,True,True,True,True,Eyes,1.194834,-0.3249908,-3.31522,-0.6349254,-0.1458541,0.7586806,0,0,0,0,0,0,0,1.082857,0.571681,3.325841,1.206757,-0.3226897,-3.316659,0.03513768,-0.3237019,0.01603705,0.9453703,4.405728,322.2136,0.4352271,0.3377973,-0.09191977,-0.9367192,0,0,0,0.5388355,-0.4188141,-2.538446,-0.05116099,-0.01676918,1.028628,0.7899198,0.007573628,0.6131635,-0.05307017,0.9970163,0.0560538,-0.6109093,-0.07681869,0.7879648,static,-39.92532,-10.88218,-2.847381,-0.9339806
05/15/2023 14:23:15.241949,2488,True,True,True,True,Eyes,1.194825,-0.3249631,-3.315198,-0.6352919,-0.1458098,0.7583823,0,0,0,0,0,0,0,1.08066,0.5705779,3.326672,1.206794,-0.3226633,-3.316575,0.03498076,-0.3234096,0.01595054,0.9454778,4.385355,322.2491,0.4330264,0.3377802,-0.09191113,-0.9367263,0,0,0,0.5388355,-0.4188141,-2.538446,-0.05187941,-0.0171635,1.028548,0.7903036,0.007535534,0.612669,-0.05278799,0.9970439,0.05582996,-0.6104372,-0.07646418,0.7883652,static,-39.95269,-10.88313,-2.88752,-0.956012
05/15/2023 14:23:15.261186,2489,True,True,True,True,Eyes,1.194838,-0.3249387,-3.315162,-0.6357228,-0.1458078,0.7580217,0,0,0,0,0,0,0,1.078447,0.5706849,3.327409,1.206807,-0.3227638,-3.316598,0.03497577,-0.3230919,0.01598168,0.945586,4.385823,322.2878,0.4380713,0.3377649,-0.09190264,-0.9367326,0,0,0,0.5388355,-0.4188141,-2.538446,-0.05256745,-0.0170458,1.028531,0.7907124,0.007623327,0.6121404,-0.05282489,0.9970426,0.0558181,-0.6099045,-0.07647231,0.7887766,static,-39.98523,-10.88803,-2.925798,-0.9494731
05/15/2023 14:23:15.276063,2490,True,True,True,True,Eyes,1.194851,-0.3249159,-3.315128,-0.6361076,-0.1458427,0.757692,0,0,0,0,0,0,0,1.076171,0.5721927,3.327921,1.206887,-0.3228143,-3.316598,0.03517472,-0.3227592,0.01618174,0.9456888,4.414669,322.3284,0.4539802,0.3377518,-0.09189439,-0.9367382,0,0,0,0.5388355,-0.4188141,-2.538446,-0.0533576,-0.01645584,1.028548,0.7911294,0.007899853,0.6115979,-0.05331171,0.9970018,0.05608307,-0.6093211,-0.0769743,0.7891785,static,-40.01458,-10.89521,-2.96965,-0.9166023
05/15/2023 14:23:15.291219,2491,True,True,True,True,Eyes,1.194873,-0.3248942,-3.315087,-0.6365387,-0.1459196,0.757315,0,0,0,0,0,0,0,1.073715,0.5749588,3.328286,1.20689,-0.3228202,-3.316644,0.03555745,-0.3223799,0.01648594,0.9457988,4.467284,322.3747,0.4746389,0.3377406,-0.09188639,-0.936743,0,0,0,0.5388355,-0.4188141,-2.538446,-0.05415627,-0.01548001,1.028558,0.7915989,0.00825875,0.6109854,-0.05411077,0.9969277,0.05663092,-0.6086406,-0.07788985,0.7896138,static,-40.04774,-10.90611,-3.013991,-0.8622486
05/15/2023 14:23:15.311424,2492,True,True,True,True,Eyes,1.194895,-0.3248757,-3.315049,-0.6369294,-0.146011,0.7569688,0,0,0,0,0,0,0,1.072139,0.5761063,3.328575,1.206943,-0.3228141,-3.316606,0.03571304,-0.3221331,0.0167826,0.9458716,4.495016,322.4054,0.5022972,0.3377315,-0.09187867,-0.9367471,0,0,0,0.5388355,-0.4188141,-2.538446,-0.05477369,-0.01495893,1.028539,0.7918972,0.008739663,0.6105918,-0.05475707,0.9968859,0.05674744,-0.6081944,-0.07837235,0.7899097,static,-40.07796,-10.91765,-3.048344,-0.8332436
05/15/2023 14:23:15.321310,2493,True,True,True,True,Eyes,1.194933,-0.3248614,-3.314997,-0.6374426,-0.1460916,0.7565211,0,0,0,0,0,0,0,1.070066,0.5772986,3.329079,1.20695,-0.3228635,-3.316642,0.0358668,-0.3218137,0.01700312,0.9459707,4.519682,322.4446,0.5221087,0.3377242,-0.09187128,-0.9367505,0,0,0,0.5388355,-0.4188141,-2.538446,-0.0554589,-0.01444211,1.028536,0.7922937,0.009084052,0.6100724,-0.05525377,0.9968489,0.05691421,-0.607633,-0.07880156,0.790299,static,-40.1174,-10.92983,-3.086413,-0.8044615
05/15/2023 14:23:15.341329,2494,True,True,True,True,Eyes,1.194973,-0.3248507,-3.314948,-0.637916,-0.1462157,0.756098,0,0,0,0,0,0,0,1.068976,0.5787141,3.329159,1.206988,-0.3229494,-3.316595,0.0360496,-0.3216408,0.01725371,0.946018,4.548682,322.4661,0.5434282,0.337719,-0.09186433,-0.936753,0,0,0,0.5388355,-0.4188141,-2.538446,-0.05590126,-0.01381374,1.028503,0.792499,0.009454601,0.6097999,-0.05583468,0.9968054,0.05710814,-0.6073119,-0.07930612,0.7904953,static,-40.15416,-10.94487,-3.111084,-0.7694889
05/15/2023 14:23:15.361399,2495,True,True,True,True,Eyes,1.194997,-0.3248405,-3.314916,-0.6379815,-0.14649,0.7559896,0,0,0,0,0,0,0,1.067611,0.5823398,3.329036,1.207075,-0.3230101,-3.316629,0.03654845,-0.3214234,0.01759843,0.9460664,4.615445,322.4926,0.5635369,0.3377159,-0.09185785,-0.9367548,0,0,0,0.5388355,-0.4188141,-2.538446,-0.05641684,-0.01252582,1.028567,0.7927547,0.009803522,0.609462,-0.05679361,0.996709,0.05784142,-0.6068892,-0.0804676,0.7907025,static,-40.1611,-10.96644,-3.139523,-0.6977096
05/15/2023 14:23:15.376035,2496,True,True,True,True,Eyes,1.195017,-0.3248315,-3.314882,-0.638033,-0.1467651,0.7558928,0,0,0,0,0,0,0,1.066989,0.5849675,3.328763,1.207193,-0.3229747,-3.316578,0.03691777,-0.3212995,0.01808991,0.9460849,4.673598,322.5087,0.6039604,0.3377139,-0.09185179,-0.9367561,0,0,0,0.5388355,-0.4188141,-2.538446,-0.05682659,-0.01147183,1.028598,0.7928787,0.01050585,0.6092889,-0.0579525,0.9966197,0.05823013,-0.6066175,-0.08147925,0.7908074,static,-40.167,-10.98791,-3.162185,-0.6389865
05/15/2023 14:23:15.391412,2497,True,True,True,True,Eyes,1.195032,-0.3248202,-3.314848,-0.6378251,-0.1470727,0.7560084,0,0,0,0,0,0,0,1.0661,0.5856304,3.328821,1.207133,-0.3229861,-3.316488,0.03700628,-0.321154,0.01827039,0.9461273,4.689767,322.5269,0.6210467,0.3377129,-0.09184615,-0.936757,0,0,0,0.5388355,-0.4188141,-2.538446,-0.05715865,-0.01115979,1.028475,0.7930526,0.01080281,0.6090574,-0.05834167,0.9965935,0.05829008,-0.6063529,-0.08176053,0.7909812,static,-40.15348,-11.00873,-3.181004,-0.6216811
05/15/2023 14:23:15.411045,2498,True,True,True,True,Eyes,1.195042,-0.3248122,-3.314814,-0.6375971,-0.1473817,0.7561406,0,0,0,0,0,0,0,1.063583,0.5871834,3.32923,1.207163,-0.3229147,-3.31636,0.0372383,-0.3208501,0.01802117,0.9462261,4.705598,322.5622,0.5868855,0.3377128,-0.09184083,-0.9367576,0,0,0,0.5388355,-0.4188141,-2.538446,-0.05788267,-0.01098318,1.028367,0.7934609,0.01020838,0.6085355,-0.05800002,0.9965771,0.0589075,-0.6058512,-0.08203588,0.7913371,static,-40.13844,-11.02941,-3.221552,-0.611908
05/15/2023 14:23:15.422594,2499,True,True,True,True,Eyes,1.195034,-0.3248122,-3.314793,-0.6371464,-0.1477432,0.7564499,0,0,0,0,0,0,0,1.060407,0.5887876,3.329889,1.20708,-0.322982,-3.316313,0.03745257,-0.3204103,0.01794927,0.946368,4.725962,322.6147,0.5733613,0.3377132,-0.09183589,-0.9367579,0,0,0,0.5388355,-0.4188141,-2.538446,-0.05877736,-0.01056696,1.028224,0.7940301,0.009972855,0.6077965,-0.0579736,0.9965503,0.05938557,-0.6051076,-0.08239008,0.7918691,static,-40.10693,-11.05139,-3.271693,-0.5888026
05/15/2023 14:23:15.441502,2500,True,True,True,True,Eyes,1.195028,-0.3248179,-3.314775,-0.6366821,-0.148146,0.756762,0,0,0,0,0,0,0,1.058274,0.5901756,3.330237,1.207101,-0.3231472,-3.316205,0.03761898,-0.3200996,0.01814211,0.9464629,4.750937,322.6528,0.5897778,0.3377135,-0.09183149,-0.9367582,0,0,0,0.5388355,-0.4188141,-2.538446,-0.05953586,-0.009938758,1.028103,0.7944142,0.01025802,0.6072897,-0.0584253,0.9965113,0.05959538,-0.6045597,-0.08282449,0.7922421,static,-40.07471,-11.07632,-3.314208,-0.5538657
05/15/2023 14:23:15.461223,2501,True,True,True,True,Eyes,1.195004,-0.3248259,-3.31477,-0.6361021,-0.1485445,0.7571715,0,0,0,0,0,0,0,1.055364,0.5951715,3.330347,1.207142,-0.3232778,-3.316252,0.03830303,-0.3196807,0.01833226,0.9465733,4.831991,322.7026,0.587442,0.3377139,-0.09182774,-0.9367584,0,0,0,0.5388355,-0.4188141,-2.538446,-0.06041449,-0.008346688,1.028116,0.7949363,0.01021618,0.6066069,-0.05919515,0.9963936,0.06079231,-0.6037982,-0.0842342,0.7926742,static,-40.03372,-11.09952,-3.362966,-0.4651415
05/15/2023 14:23:15.476604,2502,True,True,True,True,Eyes,1.194979,-0.3248382,-3.314765,-0.635501,-0.1489818,0.7575903,0,0,0,0,0,0,0,1.051875,0.5999457,3.33051,1.207192,-0.3233066,-3.316147,0.03896812,-0.3191839,0.01859926,0.9467086,4.913753,322.7623,0.5946433,0.3377136,-0.09182464,-0.9367588,0,0,0,0.5388355,-0.4188141,-2.538446,-0.06157038,-0.006841116,1.028009,0.7955514,0.01034016,0.6057979,-0.06009214,0.9962711,0.06190973,-0.6028987,-0.08565607,0.7932062,static,-39.99144,-11.12538,-3.427513,-0.381282
05/15/2023 14:23:15.491229,2503,True,True,True,True,Eyes,1.194954,-0.3248527,-3.314759,-0.6349703,-0.1493626,0.7579601,0,0,0,0,0,0,0,1.047828,0.604531,3.330978,1.207161,-0.3234078,-3.316171,0.03959242,-0.318581,0.01891048,0.9468796,4.992628,322.8351,0.6088037,0.3377128,-0.09182221,-0.9367594,0,0,0,0.5388355,-0.4188141,-2.538446,-0.06281787,-0.005303439,1.027931,0.796297,0.01058511,0.6048132,-0.0610387,0.9961497,0.06292947,-0.6018183,-0.08702756,0.7938771,static,-39.95411,-11.1478,-3.497053,-0.2956055
05/15/2023 14:23:15.510983,2504,True,True,True,True,Eyes,1.194929,-0.3248692,-3.314754,-0.6344216,-0.1497712,0.7583389,0,0,0,0,0,0,0,1.043763,0.6090109,3.331368,1.20718,-0.3234569,-3.316087,0.04020859,-0.3179842,0.01926484,0.9470472,5.072182,322.9074,0.6280289,0.3377115,-0.09182048,-0.93676,0,0,0,0.5388355,-0.4188141,-2.538446,-0.06416002,-0.003803324,1.0278,0.7970299,0.01091803,0.6038413,-0.06206081,0.9960243,0.06390704,-0.6007428,-0.0884107,0.7945386,static,-39.91564,-11.17208,-3.572033,-0.2120193
05/15/2023 14:23:15.521448,2505,True,True,True,True,Eyes,1.194904,-0.324889,-3.314749,-0.633873,-0.1500953,0.7587334,0,0,0,0,0,0,0,1.040251,0.612385,3.331869,1.207156,-0.3235095,-3.316112,0.04066688,-0.3174507,0.01959332,0.9471998,5.133644,322.9724,0.6499556,0.3377097,-0.09181941,-0.9367608,0,0,0,0.5388355,-0.4188141,-2.538446,-0.06527385,-0.00261737,1.027731,0.7976824,0.01129812,0.602972,-0.06293702,0.9959246,0.06459949,-0.5997848,-0.08947915,0.7951426,static,-39.87659,-11.18997,-3.634122,-0.1459175
05/15/2023 14:23:15.541437,2506,True,True,True,True,Eyes,1.194877,-0.3249135,-3.314744,-0.6333052,-0.1504528,0.7591367,0,0,0,0,0,0,0,1.036695,0.6154584,3.332394,1.207194,-0.323592,-3.316074,0.04107322,-0.3168979,0.0201038,0.9473567,5.196036,323.0405,0.6937925,0.3377075,-0.09181904,-0.9367616,0,0,0,0.5388355,-0.4188141,-2.538446,-0.06653255,-0.001358543,1.027641,0.7983431,0.01205892,0.602082,-0.06412297,0.9958177,0.06508026,-0.5987791,-0.09056367,0.7957774,static,-39.83635,-11.21014,-3.70433,-0.07574504
05/15/2023 14:23:15.561238,2507,True,True,True,True,Eyes,1.194849,-0.3249392,-3.314737,-0.6328198,-0.1507101,0.7594904,0,0,0,0,0,0,0,1.033699,0.6183235,3.332802,1.207116,-0.3237092,-3.316098,0.04144143,-0.3163798,0.02079757,0.9474987,5.260913,323.1055,0.7588858,0.3377048,-0.09181943,-0.9367625,0,0,0,0.5388355,-0.4188141,-2.538446,-0.06759927,2.223998E-06,1.027529,0.7989425,0.01318887,0.6012628,-0.06563381,0.9957001,0.06537155,-0.5978153,-0.09169127,0.7963728,static,-39.80161,-11.22373,-3.763959,0.0001240117
05/15/2023 14:23:15.576501,2508,True,True,True,True,Eyes,1.194826,-0.3249649,-3.314732,-0.6323114,-0.1509845,0.7598592,0,0,0,0,0,0,0,1.030704,0.621127,3.333091,1.207107,-0.3237466,-3.31598,0.04181143,-0.315874,0.02154572,0.9476346,5.327897,323.1692,0.8298568,0.3377018,-0.09182054,-0.9367635,0,0,0,0.5388355,-0.4188141,-2.538446,-0.06878203,0.001325335,1.027351,0.7995187,0.01442065,0.600468,-0.06724922,0.9955752,0.06563243,-0.5968646,-0.09285537,0.7969508,static,-39.76529,-11.23833,-3.830285,0.07391442
05/15/2023 14:23:15.591218,2509,True,True,True,True,Eyes,1.194787,-0.3249883,-3.314737,-0.6318206,-0.1511711,0.7602303,0,0,0,0,0,0,0,1.027215,0.6223653,3.334032,1.207191,-0.3237538,-3.316045,0.04196044,-0.3153089,0.02213978,0.9478025,5.365116,323.24,0.8924471,0.3376985,-0.09182229,-0.9367645,0,0,0,0.5388355,-0.4188141,-2.538446,-0.07006294,0.002096545,1.027366,0.8001803,0.01550728,0.5995591,-0.06842928,0.9954983,0.06557865,-0.5958431,-0.09350213,0.7976393,static,-39.72966,-11.24651,-3.901341,0.1169233
05/15/2023 14:23:15.611331,2510,True,True,True,True,Eyes,1.194748,-0.3250113,-3.314745,-0.6313174,-0.1513438,0.7606138,0,0,0,0,0,0,0,1.023482,0.6224284,3.33511,1.207193,-0.323709,-3.31599,0.04195205,-0.3147227,0.02261507,0.9479864,5.380813,323.3132,0.9479405,0.3376945,-0.09182455,-0.9367658,0,0,0,0.5388355,-0.4188141,-2.538446,-0.07139793,0.002410952,1.027237,0.8008764,0.01647103,0.5986032,-0.06928408,0.9954572,0.06530501,-0.5948082,-0.09377491,0.7983793,static,-39.69303,-11.2535,-3.975938,0.1344744
05/15/2023 14:23:15.626205,2511,True,True,True,True,Eyes,1.19471,-0.325034,-3.314749,-0.6308012,-0.1514937,0.7610121,0,0,0,0,0,0,0,1.020594,0.6211712,3.336281,1.20715,-0.3237132,-3.316057,0.04175308,-0.3142588,0.02292431,0.9481418,5.369825,323.3712,0.9915178,0.3376898,-0.09182724,-0.9367672,0,0,0,0.5388355,-0.4188141,-2.538446,-0.07236174,0.002284963,1.027193,0.8014318,0.01722845,0.5978379,-0.06971353,0.9954623,0.06476734,-0.5940093,-0.09358399,0.7989963,static,-39.65526,-11.25862,-4.029608,0.1274527
05/15/2023 14:23:15.642528,2512,True,True,True,True,Eyes,1.194683,-0.3250475,-3.314747,-0.6307451,-0.151521,0.7610533,0,0,0,0,0,0,0,1.017125,0.6194708,3.337583,1.207122,-0.3237291,-3.315992,0.04149304,-0.3137486,0.0230553,0.9483188,5.34568,323.4342,1.018089,0.3376846,-0.09183031,-0.9367687,0,0,0,0.5388355,-0.4188141,-2.538446,-0.07350865,0.001907896,1.027043,0.8020605,0.01769079,0.5969807,-0.06976432,0.9954936,0.06423011,-0.5931543,-0.09316439,0.7996802,static,-39.65123,-11.26,-4.093856,0.1064359
05/15/2023 14:23:15.661270,2513,True,True,True,True,Eyes,1.194639,-0.3250606,-3.314754,-0.6309249,-0.1514135,0.7609256,0,0,0,0,0,0,0,1.015786,0.6185279,3.338201,1.20714,-0.3235376,-3.316039,0.04137558,-0.3135338,0.02321854,0.948391,5.338523,323.4612,1.041354,0.3376793,-0.09183349,-0.9367704,0,0,0,0.5388355,-0.4188141,-2.538446,-0.07398185,0.001628689,1.027075,0.8023149,0.01809523,0.5966266,-0.0699858,0.9954979,0.06392087,-0.5927839,-0.09304006,0.7999693,static,-39.66398,-11.25406,-4.119991,0.090857
05/15/2023 14:23:15.676564,2514,True,True,True,True,Eyes,1.194598,-0.3250722,-3.314765,-0.6310973,-0.1512709,0.760811,0,0,0,0,0,0,0,1.01446,0.6138818,3.339357,1.207109,-0.3235458,-3.315945,0.04070808,-0.3133511,0.02312001,0.9484826,5.262058,323.4844,1.055657,0.3376733,-0.09183674,-0.9367722,0,0,0,0.5388355,-0.4188141,-2.538446,-0.07445121,0.0002816431,1.02695,0.8025531,0.01834601,0.5962986,-0.0693697,0.9956167,0.06273247,-0.5925339,-0.09171119,0.8003078,static,-39.67591,-11.24537,-4.146541,0.01571348
05/15/2023 14:23:15.691052,2515,True,True,True,True,Eyes,1.194581,-0.3250852,-3.314752,-0.6314588,-0.1510348,0.7605578,0,0,0,0,0,0,0,1.013965,0.6106944,3.340209,1.207108,-0.3235314,-3.316064,0.04025635,-0.3132904,0.02290834,0.9485272,5.205169,323.4918,1.049146,0.3376667,-0.09184,-0.9367743,0,0,0,0.5388355,-0.4188141,-2.538446,-0.07453063,-0.0007517897,1.027035,0.8026487,0.01823451,0.5961732,-0.06868222,0.9957092,0.06201456,-0.5924845,-0.09072241,0.8004571,static,-39.70141,-11.23191,-4.150605,-0.0419405
05/15/2023 14:23:15.711363,2516,True,True,True,True,Eyes,1.194564,-0.3250994,-3.314742,-0.6318077,-0.1508005,0.7603145,0,0,0,0,0,0,0,1.013765,0.6075064,3.340749,1.207065,-0.3236203,-3.315969,0.03979085,-0.3132716,0.02279051,0.9485558,5.150199,323.4946,1.053136,0.3376605,-0.09184334,-0.9367762,0,0,0,0.5388355,-0.4188141,-2.538446,-0.0746181,-0.001651481,1.026919,0.8026831,0.01830546,0.5961247,-0.06816682,0.9957945,0.06120845,-0.5924973,-0.08976693,0.8005553,static,-39.72597,-11.21843,-4.155927,-0.09214238
05/15/2023 14:23:15.721356,2517,True,True,True,True,Eyes,1.194551,-0.3251122,-3.314728,-0.6321182,-0.1505733,0.7601015,0,0,0,0,0,0,0,1.013884,0.607017,3.340894,1.207063,-0.3236674,-3.316058,0.03971541,-0.3132883,0.02272084,0.9485552,5.139495,323.4924,1.048156,0.3376546,-0.09184679,-0.936778,0,0,0,0.5388355,-0.4188141,-2.538446,-0.07452804,-0.001798023,1.026987,0.8026685,0.0182192,0.5961471,-0.06798869,0.9958129,0.06110818,-0.5925377,-0.08958086,0.8005463,static,-39.7477,-11.20502,-4.150657,-0.1003119
05/15/2023 14:23:15.741214,2518,True,True,True,True,Eyes,1.194537,-0.3251243,-3.314717,-0.6324158,-0.1503401,0.7599001,0,0,0,0,0,0,0,1.013938,0.6070708,3.340801,1.207061,-0.3236549,-3.315993,0.03972622,-0.3133035,0.02270519,0.94855,5.140127,323.4904,1.045975,0.337649,-0.0918503,-0.9367797,0,0,0,0.5388355,-0.4188141,-2.538446,-0.07453048,-0.001806431,1.026938,0.8026508,0.01818128,0.5961722,-0.06796674,0.9958126,0.06113739,-0.5925642,-0.08959185,0.8005254,static,-39.76842,-11.19099,-4.150988,-0.1007858
05/15/2023 14:23:15.761382,2519,True,True,True,True,Eyes,1.194538,-0.3251361,-3.314694,-0.6327153,-0.1501486,0.7596885,0,0,0,0,0,0,0,1.013711,0.6059645,3.34113,1.207026,-0.3236566,-3.316065,0.03956947,-0.3132735,0.02258959,0.9485692,5.118864,323.4939,1.039161,0.3376438,-0.09185383,-0.9367812,0,0,0,0.5388355,-0.4188141,-2.538446,-0.07452747,-0.002191901,1.026969,0.8026987,0.01806345,0.5961111,-0.06764772,0.9958479,0.06091532,-0.5925356,-0.08922222,0.8005878,static,-39.78962,-11.18013,-4.150697,-0.1222885
05/15/2023 14:23:15.776721,2520,True,True,True,True,Eyes,1.194539,-0.3251501,-3.314674,-0.6330082,-0.1499748,0.7594789,0,0,0,0,0,0,0,1.013971,0.6065142,3.340958,1.207034,-0.3236813,-3.316067,0.0396457,-0.3133136,0.02258125,0.948553,5.126913,323.4889,1.03529,0.3376392,-0.0918574,-0.9367825,0,0,0,0.5388355,-0.4188141,-2.538446,-0.07444018,-0.002028525,1.02698,0.8026493,0.01799596,0.5961797,-0.06768211,0.9958366,0.06106207,-0.5925987,-0.08936213,0.8005256,static,-39.81043,-11.17052,-4.14581,-0.1131724
05/15/2023 14:23:15.791366,2521,True,True,True,True,Eyes,1.194563,-0.3251607,-3.314634,-0.6333855,-0.1497855,0.7592016,0,0,0,0,0,0,0,1.014733,0.6073374,3.340618,1.207039,-0.3237462,-3.316099,0.03975457,-0.3134121,0.02264781,0.9485144,5.141272,323.477,1.038102,0.3376354,-0.09186105,-0.9367836,0,0,0,0.5388355,-0.4188141,-2.538446,-0.07420689,-0.001703031,1.027019,0.8025199,0.01804442,0.5963525,-0.06788266,0.9958133,0.06121936,-0.5927511,-0.08961175,0.8003849,static,-39.83752,-11.16074,-4.132706,-0.09500939
05/15/2023 14:23:15.811928,2522,True,True,True,True,Eyes,1.194587,-0.3251694,-3.314598,-0.6337506,-0.1496031,0.7589328,0,0,0,0,0,0,0,1.015322,0.6086323,3.340148,1.207026,-0.3236989,-3.316053,0.0399476,-0.3134932,0.02271113,0.948478,5.164666,323.467,1.037621,0.3376328,-0.09186471,-0.9367841,0,0,0,0.5388355,-0.4188141,-2.538446,-0.07403961,-0.00133726,1.026993,0.8024125,0.01803541,0.5964973,-0.06812862,0.9957768,0.06153927,-0.5928683,-0.09001841,0.8002524,static,-39.86374,-11.15135,-4.123525,-0.0746055
05/15/2023 14:23:15.830948,2523,True,True,True,True,Eyes,1.194602,-0.3251772,-3.314571,-0.6340166,-0.1494774,0.7587354,0,0,0,0,0,0,0,1.01567,0.6085128,3.34015,1.207068,-0.323664,-3.316127,0.03993529,-0.3135398,0.02271767,0.948463,5.163611,323.4615,1.038525,0.3376314,-0.09186831,-0.9367843,0,0,0,0.5388355,-0.4188141,-2.538446,-0.07393065,-0.001383502,1.027087,0.8023534,0.01805114,0.5965762,-0.06813634,0.9957781,0.0615085,-0.5929473,-0.09000007,0.8001959,static,-39.8829,-11.14504,-4.117099,-0.07717822
05/15/2023 14:23:15.841377,2524,True,True,True,True,Eyes,1.194612,-0.3251834,-3.314548,-0.6342677,-0.1493499,0.7585506,0,0,0,0,0,0,0,1.015551,0.6084096,3.340197,1.207085,-0.3236443,-3.316115,0.0399224,-0.3135232,0.02273692,0.9484685,5.162881,323.4636,1.041181,0.3376308,-0.09187182,-0.9367841,0,0,0,0.5388355,-0.4188141,-2.538446,-0.07399002,-0.001411885,1.027087,0.8023725,0.01809731,0.5965492,-0.06816369,0.9957784,0.06147316,-0.5929183,-0.08998737,0.8002188,static,-39.90093,-11.13841,-4.120397,-0.07876161
05/15/2023 14:23:15.861287,2525,True,True,True,True,Eyes,1.194634,-0.3251862,-3.314515,-0.6345904,-0.1491672,0.7583167,0,0,0,0,0,0,0,1.015299,0.6075741,3.340475,1.206993,-0.3236136,-3.316202,0.03980426,-0.3134595,0.02279871,0.9484931,5.152164,323.4718,1.052526,0.3376307,-0.0918752,-0.9367839,0,0,0,0.5388355,-0.4188141,-2.538446,-0.07401538,-0.001619104,1.027093,0.8024468,0.0182948,0.5964432,-0.06820288,0.9957917,0.06121518,-0.5928133,-0.08980107,0.8003176,static,-39.92397,-11.12847,-4.121779,-0.0903207
05/15/2023 14:23:15.876727,2526,True,True,True,True,Eyes,1.194655,-0.3251892,-3.314486,-0.6348966,-0.1489756,0.758098,0,0,0,0,0,0,0,1.014808,0.6055142,3.340979,1.206982,-0.3235523,-3.316192,0.03951531,-0.3133787,0.02284045,0.9485309,5.122096,323.4824,1.067921,0.3376314,-0.09187839,-0.9367833,0,0,0,0.5388355,-0.4188141,-2.538446,-0.07421246,-0.002198257,1.027069,0.8025442,0.01856323,0.5963038,-0.06809625,0.9958337,0.06064756,-0.5926936,-0.08927839,0.8004647,static,-39.94571,-11.11766,-4.132814,-0.1226312
05/15/2023 14:23:15.892048,2527,True,True,True,True,Eyes,1.194672,-0.3251927,-3.314462,-0.6351465,-0.1487932,0.7579244,0,0,0,0,0,0,0,1.014583,0.6036938,3.341427,1.206981,-0.3235626,-3.316242,0.03924858,-0.3133222,0.02295537,0.9485578,5.097104,323.4903,1.090366,0.3376329,-0.09188139,-0.9367824,0,0,0,0.5388355,-0.4188141,-2.538446,-0.07433182,-0.002602167,1.027096,0.8026045,0.01895409,0.5962104,-0.06814389,0.9958652,0.06007424,-0.5926065,-0.08884395,0.8005774,static,-39.96327,-11.10687,-4.139329,-0.1451597
05/15/2023 14:23:15.911397,2528,True,True,True,True,Eyes,1.194689,-0.3251948,-3.314442,-0.6353763,-0.1486154,0.7577667,0,0,0,0,0,0,0,1.014155,0.6020421,3.341901,1.207005,-0.3235728,-3.316279,0.03900382,-0.3132346,0.02312383,0.9485928,5.07639,323.5021,1.118029,0.3376349,-0.09188424,-0.9367815,0,0,0,0.5388355,-0.4188141,-2.538446,-0.07454899,-0.002920691,1.027122,0.8026987,0.01943551,0.596068,-0.0683049,0.995888,0.05951112,-0.5924603,-0.08848386,0.8007256,static,-39.97934,-11.09617,-4.151277,-0.1629241
05/15/2023 14:23:15.921493,2529,True,True,True,True,Eyes,1.194716,-0.3251969,-3.314414,-0.6356283,-0.1484284,0.757592,0,0,0,0,0,0,0,1.013354,0.6013058,3.342336,1.207019,-0.3235385,-3.316337,0.03889489,-0.3130929,0.0233014,0.9486397,5.07073,323.5202,1.142086,0.3376372,-0.09188689,-0.9367803,0,0,0,0.5388355,-0.4188141,-2.538446,-0.07485336,-0.003016237,1.027155,0.8028598,0.01985383,0.5958373,-0.06856468,0.9958885,0.05920346,-0.592212,-0.08838547,0.8009201,static,-39.99704,-11.08506,-4.168029,-0.1682483
05/15/2023 14:23:15.941206,2530,True,True,True,True,Eyes,1.194743,-0.3251984,-3.31439,-0.6358628,-0.1482327,0.7574335,0,0,0,0,0,0,0,1.013165,0.5998295,3.342662,1.207054,-0.3235441,-3.316327,0.0386731,-0.3130262,0.02361107,0.948663,5.057604,323.5301,1.184215,0.3376403,-0.09188938,-0.936779,0,0,0,0.5388355,-0.4188141,-2.538446,-0.0750697,-0.003186516,1.027154,0.8029143,0.02058651,0.595739,-0.06900927,0.9958938,0.0585937,-0.5920866,-0.08815723,0.801038,moving,-40.01334,-11.07306,-4.180037,-0.1777468
05/15/2023 14:23:15.961065,2531,True,True,True,True,Eyes,1.19475,-0.3251989,-3.314382,-0.6360801,-0.1480667,0.7572835,0,0,0,0,0,0,0,1.012473,0.597991,3.343279,1.20708,-0.3235355,-3.316397,0.03840454,-0.3129056,0.02372602,0.9487109,5.032317,323.5457,1.207053,0.3376439,-0.0918917,-0.9367774,0,0,0,0.5422666,-0.4164664,-2.538178,-0.07237402,-0.001491807,1.025181,0.8030543,0.02098428,0.5955362,-0.06905225,0.9959244,0.05802158,-0.5918915,-0.0877176,0.8012304,moving,-40.02857,-11.0631,-4.03817,-0.08337472
05/15/2023 14:23:15.977192,2532,True,True,True,True,Eyes,1.194756,-0.3252016,-3.314375,-0.6362858,-0.1478962,0.757144,0,0,0,0,0,0,0,1.011854,0.5967797,3.343681,1.207111,-0.3234869,-3.316389,0.03823333,-0.3128083,0.02381075,0.9487478,5.016577,323.5581,1.222964,0.3376474,-0.09189381,-0.9367759,0,0,0,0.5455654,-0.4142092,-2.53792,-0.0697816,0.000238277,1.023239,0.803168,0.02126138,0.5953732,-0.0691002,0.9959425,0.05765118,-0.5917317,-0.08744398,0.8013784,moving,-40.04289,-11.05266,-3.901349,0.01334221
05/15/2023 14:23:15.991539,2533,True,True,True,True,Eyes,1.194754,-0.3252055,-3.314378,-0.6364328,-0.1477651,0.757046,0,0,0,0,0,0,0,1.011786,0.5953165,3.343955,1.207078,-0.3235388,-3.316389,0.03801142,-0.312768,0.02398558,0.9487656,4.998618,323.5641,1.250227,0.3376508,-0.0918958,-0.9367745,0,0,0,0.5488971,-0.4119295,-2.53766,-0.06698802,0.002056427,1.021245,0.8032017,0.02173587,0.5953106,-0.0692909,0.9959596,0.05712401,-0.5916636,-0.08713169,0.8014625,moving,-40.05306,-11.0445,-3.752908,0.1153733
05/15/2023 14:23:16.011258,2534,True,True,True,True,Eyes,1.194753,-0.3252099,-3.314383,-0.6365697,-0.1476509,0.7569533,0,0,0,0,0,0,0,1.011319,0.5961296,3.344005,1.207138,-0.323554,-3.316418,0.03811792,-0.3126833,0.02417517,0.9487844,5.016908,323.575,1.26755,0.3376538,-0.09189769,-0.9367732,0,0,0,0.5522603,-0.4096284,-2.537397,-0.06429428,0.004499234,1.01931,0.8032894,0.02203638,0.5951812,-0.06971173,0.9959251,0.05721302,-0.5914952,-0.08744971,0.8015523,moving,-40.06259,-11.03749,-3.609221,0.2529018
05/15/2023 14:23:16.021251,2535,True,True,True,True,Eyes,1.194755,-0.3252149,-3.314386,-0.6368118,-0.1475337,0.7567725,0,0,0,0,0,0,0,1.011091,0.5970131,3.343983,1.207164,-0.3235674,-3.316476,0.0382382,-0.3126388,0.02427201,0.9487917,5.033426,323.5806,1.274043,0.3376563,-0.09189951,-0.9367722,0,0,0,0.5556566,-0.4073045,-2.537132,-0.06143495,0.00691231,1.017364,0.8033358,0.02214867,0.5951144,-0.06996764,0.9958974,0.05738343,-0.5914019,-0.0877369,0.8015897,moving,-40.08007,-11.03151,-3.455691,0.3892807
05/15/2023 14:23:16.041401,2536,True,True,True,True,Eyes,1.194757,-0.3252223,-3.314389,-0.6370341,-0.1474345,0.7566047,0,0,0,0,0,0,0,1.010571,0.5984579,3.343887,1.207199,-0.3235779,-3.316467,0.03843577,-0.3125466,0.02447625,0.9488089,5.062153,323.5923,1.289746,0.3376587,-0.09190127,-0.9367712,0,0,0,0.5591006,-0.4049479,-2.536862,-0.05868128,0.009574644,1.015333,0.803431,0.02242063,0.5949757,-0.07047252,0.9958472,0.05763646,-0.5912126,-0.08823635,0.8016745,moving,-40.09618,-11.02667,-3.307737,0.5402863
05/15/2023 14:23:16.061028,2537,True,True,True,True,Eyes,1.194771,-0.3252294,-3.314383,-0.6372467,-0.1473727,0.7564377,0,0,0,0,0,0,0,1.00968,0.5995748,3.343967,1.207196,-0.3236381,-3.316473,0.03858127,-0.3124101,0.02457023,0.9488454,5.081191,323.6089,1.295521,0.3376608,-0.09190306,-0.9367702,0,0,0,0.5623085,-0.4027529,-2.536612,-0.05618328,0.0119565,1.013422,0.8035924,0.02252033,0.5947537,-0.07073306,0.9958156,0.05786334,-0.590962,-0.08856729,0.8018227,moving,-40.11183,-11.02453,-3.173184,0.675953
05/15/2023 14:23:16.077005,2538,True,True,True,True,Eyes,1.194786,-0.3252415,-3.314377,-0.6374353,-0.1473394,0.7562853,0,0,0,0,0,0,0,1.008742,0.6007952,3.344022,1.207251,-0.3236464,-3.316443,0.03874981,-0.3122818,0.02462861,0.9488793,5.101474,323.6244,1.296547,0.3376631,-0.09190487,-0.9367692,0,0,0,0.5656232,-0.4004849,-2.536353,-0.05363989,0.01436972,1.011458,0.8037471,0.02253745,0.5945441,-0.07094087,0.9957837,0.05815564,-0.5907267,-0.08891991,0.8019571,moving,-40.12588,-11.02427,-3.035679,0.8139424
05/15/2023 14:23:16.091944,2539,True,True,True,True,Eyes,1.194819,-0.3252526,-3.314357,-0.637664,-0.1472903,0.756102,0,0,0,0,0,0,0,1.007549,0.602814,3.344064,1.207279,-0.32377,-3.316467,0.03900976,-0.3120875,0.02486567,0.9489264,5.138025,323.6485,1.314172,0.3376656,-0.09190684,-0.9367681,0,0,0,0.5689132,-0.3982337,-2.536095,-0.05120027,0.01718679,1.009514,0.8039662,0.02284247,0.5942361,-0.07154029,0.9957199,0.05851425,-0.5903561,-0.08955531,0.8021593,moving,-40.14285,-11.02329,-2.903425,0.975356
05/15/2023 14:23:16.111260,2540,True,True,True,True,Eyes,1.194852,-0.3252597,-3.314337,-0.637859,-0.1472559,0.7559443,0,0,0,0,0,0,0,1.005822,0.6053853,3.344107,1.207352,-0.3237668,-3.316429,0.03936568,-0.3118318,0.02509094,0.9489899,5.184524,323.6797,1.327428,0.3376689,-0.09190894,-0.9367667,0,0,0,0.5723422,-0.3958875,-2.535827,-0.0488376,0.02013199,1.007465,0.8042628,0.02307115,0.5938258,-0.07217302,0.9956416,0.05906697,-0.5898749,-0.09036356,0.8024226,moving,-40.15738,-11.02302,-2.775281,1.144778
05/15/2023 14:23:16.121715,2541,True,True,True,True,Eyes,1.194889,-0.3252672,-3.314309,-0.6380739,-0.1471536,0.7557828,0,0,0,0,0,0,0,1.003298,0.6063116,3.344662,1.207375,-0.3236749,-3.316393,0.03949956,-0.3114701,0.02519529,0.9491003,5.20234,323.7237,1.336024,0.3376728,-0.09191106,-0.9367651,0,0,0,0.5758175,-0.3935095,-2.535556,-0.04662713,0.02250696,1.00537,0.8047032,0.02321985,0.593223,-0.07243157,0.99561,0.05928293,-0.5892423,-0.09067325,0.8028523,moving,-40.17292,-11.01785,-2.655366,1.282452
05/15/2023 14:23:16.141355,2542,True,True,True,True,Eyes,1.194927,-0.325277,-3.314285,-0.6382428,-0.1470638,0.7556576,0,0,0,0,0,0,0,0.9995207,0.604342,3.346077,1.207388,-0.3237036,-3.316313,0.03920431,-0.3109571,0.02506971,0.9492841,5.164946,323.7858,1.335656,0.3376775,-0.0919132,-0.9367632,0,0,0,0.5790372,-0.3913065,-2.535304,-0.0449926,0.02387273,1.003382,0.8053544,0.02321483,0.5923389,-0.07197826,0.9956691,0.05884085,-0.5884076,-0.09002326,0.8035375,moving,-40.18508,-11.01306,-2.567477,1.362939
05/15/2023 14:23:16.161006,2543,True,True,True,True,Eyes,1.194978,-0.3252853,-3.314248,-0.6383229,-0.1469617,0.7556098,0,0,0,0,0,0,0,0.995744,0.604866,3.347229,1.207451,-0.323767,-3.316407,0.03924982,-0.3104005,0.02525014,0.9494597,5.175547,323.8538,1.356786,0.3376829,-0.09191544,-0.9367611,0,0,0,0.5823229,-0.3890583,-2.535047,-0.04330817,0.02618716,1.001503,0.8060279,0.02358165,0.5914075,-0.0723143,0.9956437,0.05885693,-0.5874434,-0.09020755,0.804222,moving,-40.19041,-11.00629,-2.476109,1.497821
05/15/2023 14:23:16.177181,2544,True,True,True,True,Eyes,1.195027,-0.3252894,-3.31421,-0.6383703,-0.1468595,0.7555896,0,0,0,0,0,0,0,0.9920848,0.6030717,3.348573,1.207461,-0.3237524,-3.316337,0.03897153,-0.3098414,0.02559367,0.9496444,5.156597,323.9234,1.407278,0.3376893,-0.09191772,-0.9367585,0,0,0,0.5857029,-0.3867456,-2.534783,-0.04161805,0.02797338,0.999431,0.8066865,0.02445977,0.5904732,-0.07275976,0.9956524,0.05815824,-0.5864835,-0.08987816,0.804959,moving,-40.19326,-10.9991,-2.384519,1.60325
05/15/2023 14:23:16.191422,2545,True,True,True,True,Eyes,1.19506,-0.3252914,-3.314181,-0.6382666,-0.1467265,0.755703,0,0,0,0,0,0,0,0.9895245,0.6014585,3.349572,1.207465,-0.3236489,-3.316298,0.03873174,-0.3094205,0.0260485,0.949779,5.145951,323.9767,1.467797,0.3376966,-0.09191994,-0.9367557,0,0,0,0.5890508,-0.3844548,-2.534521,-0.03963473,0.02979681,0.9974207,0.8071609,0.02551185,0.58978,-0.07344943,0.9956427,0.05745331,-0.5857444,-0.08969308,0.8055176,moving,-40.18443,-10.98778,-2.275578,1.711137
05/15/2023 14:23:16.211400,2546,True,True,True,True,Eyes,1.195095,-0.3252961,-3.314152,-0.6381286,-0.1465849,0.7558471,0,0,0,0,0,0,0,0.9863514,0.5978752,3.35106,1.207454,-0.3235972,-3.316216,0.03821595,-0.3089748,0.02601929,0.949946,5.087947,324.0313,1.485298,0.3377044,-0.09192204,-0.9367526,0,0,0,0.592421,-0.3821488,-2.534258,-0.03770426,0.03082867,0.9953793,0.8077152,0.02581831,0.5890074,-0.07304937,0.995725,0.05652757,-0.58503,-0.08868479,0.8061482,moving,-40.17294,-10.97539,-2.169286,1.773985
05/15/2023 14:23:16.220953,2547,True,True,True,True,Eyes,1.195133,-0.3253031,-3.314119,-0.6379178,-0.1463747,0.7560657,0,0,0,0,0,0,0,0.9820585,0.596638,3.352577,1.207506,-0.3236656,-3.316226,0.03801092,-0.3083647,0.02607079,0.9501508,5.066439,324.1055,1.501453,0.3377124,-0.09192409,-0.9367495,0,0,0,0.5958609,-0.379795,-2.533989,-0.03602692,0.03267529,0.9933727,0.8084631,0.02609992,0.5879679,-0.07298481,0.995751,0.0561536,-0.584004,-0.08831085,0.8069328,moving,-40.15545,-10.95694,-2.077052,1.883967
05/15/2023 14:23:16.241228,2548,True,True,True,True,Eyes,1.195168,-0.3253095,-3.314084,-0.6376678,-0.146181,0.756314,0,0,0,0,0,0,0,0.9784392,0.594662,3.353943,1.207526,-0.3237368,-3.316169,0.03769075,-0.3078017,0.02648818,0.9503347,5.045331,324.1758,1.561405,0.337721,-0.09192619,-0.9367462,0,0,0,0.5990275,-0.3776284,-2.533742,-0.03450182,0.03438368,0.9914607,0.809113,0.02714271,0.5870259,-0.07354782,0.9957556,0.05533145,-0.5830325,-0.08794387,0.8076751,moving,-40.1351,-10.93929,-1.99303,1.986211
05/15/2023 14:23:16.261417,2549,True,True,True,True,Eyes,1.195189,-0.3253132,-3.31406,-0.6372384,-0.1459324,0.7567238,0,0,0,0,0,0,0,0.9744422,0.5936621,3.355211,1.20748,-0.3237129,-3.316114,0.03751139,-0.3071376,0.0272302,0.9505357,5.050782,324.2595,1.652422,0.3377298,-0.0919283,-0.9367428,0,0,0,0.6023967,-0.3753231,-2.533478,-0.03293684,0.0365974,0.9893855,0.80985,0.02872423,0.5859333,-0.07480887,0.9957028,0.05458498,-0.5818476,-0.08803865,0.8085188,moving,-40.10079,-10.91536,-1.906684,2.118407
05/15/2023 14:23:16.277337,2550,True,True,True,True,Eyes,1.195211,-0.3253116,-3.314034,-0.6367916,-0.1456738,0.7571496,0,0,0,0,0,0,0,0.9723245,0.5909053,3.356287,1.207537,-0.3236311,-3.316077,0.03709246,-0.3067387,0.02802523,0.9506578,5.0323,324.3116,1.75625,0.3377385,-0.09193036,-0.9367395,0,0,0,0.605773,-0.3730128,-2.533214,-0.0308896,0.03834132,0.9874251,0.8102519,0.03052942,0.585286,-0.07604019,0.9956774,0.05333162,-0.581128,-0.08771732,0.8090711,moving,-40.06511,-10.8905,-1.791798,2.223655
05/15/2023 14:23:16.291312,2551,True,True,True,True,Eyes,1.195231,-0.3253126,-3.314006,-0.6363147,-0.145399,0.7576032,0,0,0,0,0,0,0,0.9688104,0.5883055,3.357701,1.207575,-0.3234993,-3.316016,0.0367149,-0.3062101,0.02832013,0.9508342,5.000438,324.3772,1.804565,0.3377471,-0.09193221,-0.9367362,0,0,0,0.6091644,-0.3706923,-2.532949,-0.02909598,0.03978489,0.9854378,0.8108667,0.03137054,0.5843894,-0.07634043,0.9957,0.05247574,-0.5802304,-0.08716337,0.8097748,moving,-40.02707,-10.86409,-1.691221,2.311936
05/15/2023 14:23:16.311424,2552,True,True,True,True,Eyes,1.195263,-0.3253166,-3.313966,-0.6356754,-0.1447505,0.7582639,0,0,0,0,0,0,0,0.9633347,0.5861223,3.359589,1.207525,-0.3235663,-3.315958,0.03637236,-0.3054362,0.02830067,0.9510968,4.960869,324.4709,1.818492,0.3377556,-0.09193395,-0.936733,0,0,0,0.6123838,-0.3684894,-2.532698,-0.02787995,0.04118006,0.9834809,0.8118157,0.03161447,0.5830573,-0.0760522,0.9957522,0.05189917,-0.5789399,-0.08647536,0.8107716,moving,-39.97412,-10.80757,-1.6238,2.397674
05/15/2023 14:23:16.321016,2553,True,True,True,True,Eyes,1.1953,-0.3253223,-3.313926,-0.6347595,-0.1438311,0.7592055,0,0,0,0,0,0,0,0.9575176,0.5865258,3.361184,1.207495,-0.3236887,-3.31596,0.03638529,-0.3045981,0.02841575,0.9513616,4.964695,324.5725,1.83502,0.3377644,-0.0919357,-0.9367296,0,0,0,0.6158388,-0.3661254,-2.532428,-0.02653819,0.04352919,0.9814185,0.8128251,0.03190152,0.5816337,-0.07623307,0.9957373,0.05192037,-0.577498,-0.08654189,0.8117923,moving,-39.89846,-10.72752,-1.548938,2.539595
05/15/2023 14:23:16.341409,2554,True,True,True,True,Eyes,1.195333,-0.3253232,-3.313895,-0.6338572,-0.1429889,0.7601179,0,0,0,0,0,0,0,0.9534357,0.5881248,3.362214,1.207406,-0.3237697,-3.316136,0.03657115,-0.3039515,0.02879091,0.9515499,4.99683,324.6519,1.873016,0.3377736,-0.0919375,-0.9367261,0,0,0,0.6190739,-0.3639118,-2.532175,-0.02482286,0.04618896,0.9795872,0.8135691,0.03256025,0.5805559,-0.07702368,0.9956672,0.05209647,-0.5763442,-0.08710062,0.812552,moving,-39.8245,-10.65364,-1.451571,2.699579
05/15/2023 14:23:16.361489,2555,True,True,True,True,Eyes,1.195337,-0.3253146,-3.313891,-0.6326424,-0.1418872,0.7613354,0,0,0,0,0,0,0,0.9517778,0.5913985,3.362248,1.207348,-0.3236426,-3.31631,0.03704193,-0.3036748,0.02900766,0.9516135,5.055287,324.6857,1.881845,0.337783,-0.09193919,-0.9367226,0,0,0,0.6225082,-0.3615619,-2.531906,-0.0221889,0.04917414,0.9776775,0.8138803,0.03271075,0.5801111,-0.07770555,0.9955729,0.05288141,-0.5758131,-0.08811698,0.8128189,moving,-39.72537,-10.55689,-1.300135,2.879373
05/15/2023 14:23:16.376855,2556,True,True,True,True,Eyes,1.19534,-0.3253019,-3.313893,-0.6314852,-0.1407594,0.7625046,0,0,0,0,0,0,0,0.9512613,0.5905651,3.362651,1.207253,-0.3234138,-3.316478,0.036961,-0.3036084,0.02877373,0.9516448,5.038169,324.6927,1.859389,0.3377916,-0.09194048,-0.9367194,0,0,0,0.6258366,-0.3592845,-2.531646,-0.01923686,0.05067524,0.9758867,0.813988,0.03232141,0.5799819,-0.07720809,0.995612,0.05287559,-0.5757278,-0.08781938,0.8129116,moving,-39.63062,-10.45914,-1.129279,2.97255
05/15/2023 14:23:16.391426,2557,True,True,True,True,Eyes,1.195358,-0.3252893,-3.313887,-0.6304023,-0.139272,0.7636728,0,0,0,0,0,0,0,0.951619,0.5848437,3.363688,1.207214,-0.3233182,-3.316642,0.03617054,-0.3036842,0.02837668,0.951663,4.938099,324.6828,1.842984,0.3377993,-0.09194127,-0.9367164,0,0,0,0.6292755,-0.3569315,-2.531377,-0.01598236,0.05096686,0.9741309,0.8139414,0.03204122,0.5800629,-0.0759789,0.9957729,0.05160924,-0.5759572,-0.08607943,0.8129352,moving,-39.53925,-10.33552,-0.9399555,2.995004
05/15/2023 14:23:16.411286,2558,True,True,True,True,Eyes,1.195374,-0.3252785,-3.313886,-0.6293717,-0.1378069,0.7647879,0,0,0,0,0,0,0,0.9528661,0.5789627,3.364515,1.207161,-0.3233941,-3.31682,0.03533138,-0.3038628,0.0281164,0.9516452,4.837667,324.661,1.842747,0.3378069,-0.09194163,-0.9367137,0,0,0,0.6325192,-0.354712,-2.531124,-0.0126611,0.05130925,0.9724809,0.8137538,0.0320419,0.5803258,-0.07498546,0.9959223,0.05015883,-0.5763522,-0.08433294,0.8128383,moving,-39.4522,-10.2145,-0.7459134,3.020193
05/15/2023 14:23:16.420979,2559,True,True,True,True,Eyes,1.195391,-0.3252669,-3.313888,-0.6282749,-0.1361541,0.7659848,0,0,0,0,0,0,0,0.9539418,0.575699,3.364883,1.207118,-0.3234306,-3.316946,0.03486504,-0.3040018,0.02804903,0.9516201,4.784625,324.6444,1.85089,0.3378141,-0.09194164,-0.9367111,0,0,0,0.6359455,-0.3523676,-2.530856,-0.009272814,0.05253447,0.9706528,0.8135923,0.03218596,0.5805442,-0.0745821,0.9959954,0.04930263,-0.5766325,-0.08341045,0.8127347,moving,-39.35924,-10.07908,-0.5473399,3.097987
05/15/2023 14:23:16.441199,2560,True,True,True,True,Eyes,1.195406,-0.3252496,-3.313892,-0.6272028,-0.1345587,0.7671445,0,0,0,0,0,0,0,0.9550402,0.5747055,3.364838,1.207119,-0.3234396,-3.317042,0.03471439,-0.3041096,0.02833561,0.9515827,4.77836,324.6328,1.886967,0.337821,-0.0919413,-0.9367087,0,0,0,0.6392708,-0.3500923,-2.530596,-0.006059408,0.05447092,0.9688426,0.8134289,0.0328134,0.5807381,-0.0750413,0.995984,0.04883295,-0.5768034,-0.08330147,0.8126246,moving,-39.26878,-9.948596,-0.3583389,3.217934
05/15/2023 14:23:16.461110,2561,True,True,True,True,Eyes,1.195402,-0.3252304,-3.313906,-0.6258666,-0.1328568,0.7685311,0,0,0,0,0,0,0,0.9536233,0.5733306,3.365488,1.207074,-0.3232824,-3.317088,0.03452541,-0.303869,0.02857392,0.9516592,4.765529,324.6629,1.920842,0.3378276,-0.09194049,-0.9367064,0,0,0,0.642553,-0.3478464,-2.530339,-0.003592253,0.05611845,0.9670049,0.8136943,0.03340286,0.5803325,-0.07536766,0.9959831,0.04834738,-0.5763864,-0.08307829,0.8129433,moving,-39.15825,-9.807851,-0.2128427,3.321336
05/15/2023 14:23:16.477228,2562,True,True,True,True,Eyes,1.1954,-0.3252143,-3.313921,-0.6245181,-0.1312176,0.7699085,0,0,0,0,0,0,0,0.9492989,0.5705743,3.367151,1.207001,-0.3232344,-3.317091,0.03411366,-0.3032231,0.02876394,0.9518743,4.72582,324.7419,1.959178,0.3378333,-0.0919392,-0.9367045,0,0,0,0.6458781,-0.3455713,-2.53008,-0.00191623,0.05747035,0.965111,0.8144568,0.03407121,0.5792231,-0.07544741,0.9960178,0.04750004,-0.5752981,-0.0823876,0.813784,moving,-39.04754,-9.672139,-0.1137607,3.40782
05/15/2023 14:23:16.491413,2563,True,True,True,True,Eyes,1.195393,-0.3251953,-3.313942,-0.6229414,-0.1294926,0.7714763,0,0,0,0,0,0,0,0.9429742,0.569662,3.369135,1.207052,-0.3232864,-3.317122,0.03393437,-0.3022854,0.0291466,0.9521673,4.717538,324.8566,2.011959,0.3378382,-0.09193754,-0.9367028,0,0,0,0.6491798,-0.3433122,-2.529822,-0.0009032786,0.05946814,0.9632898,0.8155481,0.03498915,0.5776306,-0.0760206,0.9959979,0.04700119,-0.5736744,-0.08224356,0.814944,moving,-38.91972,-9.528298,-0.05372634,3.532639
05/15/2023 14:23:16.511111,2564,True,True,True,True,Eyes,1.195386,-0.3251794,-3.313963,-0.6213444,-0.1278248,0.7730407,0,0,0,0,0,0,0,0.9357939,0.5698438,3.371219,1.207051,-0.3232206,-3.317243,0.03392303,-0.3012147,0.02954519,0.9524946,4.727791,324.9873,2.061341,0.3378423,-0.09193548,-0.9367015,0,0,0,0.6525474,-0.3410079,-2.529558,7.897615E-06,0.06170864,0.9614731,0.8167937,0.03584704,0.5758152,-0.07671949,0.9959526,0.04682412,-0.5718061,-0.08242189,0.8162379,moving,-38.79116,-9.389087,0.000470632,3.672284
05/15/2023 14:23:16.521010,2565,True,True,True,True,Eyes,1.195384,-0.3251606,-3.313987,-0.6195329,-0.1260939,0.7747769,0,0,0,0,0,0,0,0.9275158,0.568716,3.373722,1.20702,-0.3232734,-3.317276,0.03370861,-0.3000084,0.02980916,0.9528747,4.710788,325.1338,2.103632,0.3378457,-0.09193313,-0.9367005,0,0,0,0.6559471,-0.3386817,-2.529293,0.0006471872,0.063632,0.9595765,0.8182128,0.03658305,0.5737504,-0.0770345,0.9959502,0.04635417,-0.5697311,-0.08212615,0.8177174,moving,-38.64679,-9.243767,0.03864318,3.793876
05/15/2023 14:23:16.541349,2566,True,True,True,True,Eyes,1.195385,-0.3251388,-3.314009,-0.6177152,-0.124405,0.7764994,0,0,0,0,0,0,0,0.9198303,0.5697603,3.375827,1.207129,-0.3232138,-3.317424,0.0338039,-0.2988447,0.03047047,0.953216,4.741291,325.2765,2.178666,0.3378485,-0.09193043,-0.9366997,0,0,0,0.6592943,-0.3363914,-2.529031,0.001327962,0.06621887,0.9578479,0.8195268,0.03788565,0.5717871,-0.07829411,0.9958577,0.04623296,-0.567667,-0.08265672,0.8190983,moving,-38.5027,-9.102154,0.0794349,3.954735
05/15/2023 14:23:16.560939,2567,True,True,True,True,Eyes,1.195399,-0.3251072,-3.314025,-0.6158547,-0.1225689,0.7782671,0,0,0,0,0,0,0,0.912305,0.5665238,3.378455,1.207207,-0.323113,-3.317447,0.03329815,-0.2977199,0.0310189,0.953568,4.70204,325.4144,2.261652,0.3378508,-0.09192733,-0.9366992,0,0,0,0.6626289,-0.3341098,-2.52877,0.002010733,0.0675794,0.9560996,0.8208014,0.03933022,0.5698581,-0.07898431,0.9958581,0.04503423,-0.5657266,-0.081974,0.8205082,moving,-38.35511,-8.949974,0.1204962,4.043078
05/15/2023 14:23:16.577208,2568,True,True,True,True,Eyes,1.195414,-0.3250697,-3.314039,-0.6140014,-0.1207066,0.7800207,0,0,0,0,0,0,0,0.90398,0.5624424,3.381458,1.207258,-0.3229051,-3.317535,0.03269458,-0.2965122,0.03128316,0.9539564,4.64203,325.561,2.31707,0.3378531,-0.09192362,-0.9366987,0,0,0,0.6660405,-0.3317754,-2.528504,0.002635568,0.06854303,0.9543899,0.8222038,0.04029685,0.5677651,-0.07907422,0.9959049,0.04382673,-0.5636739,-0.08093008,0.8220232,moving,-38.20842,-8.796628,0.1582231,4.107855
05/15/2023 14:23:16.591171,2569,True,True,True,True,Eyes,1.195447,-0.3250284,-3.314045,-0.6120342,-0.1186661,0.7818775,0,0,0,0,0,0,0,0.8966525,0.5533884,3.384907,1.207314,-0.3227402,-3.317538,0.03138744,-0.2954729,0.03135147,0.9543205,4.49858,325.6865,2.373757,0.3378555,-0.09191917,-0.9366983,0,0,0,0.6692442,-0.3295833,-2.528253,0.003328353,0.06802233,0.9528365,0.8234257,0.04129042,0.5659198,-0.07838698,0.9960638,0.04138035,-0.5619836,-0.07843438,0.8234212,moving,-38.05296,-8.629965,0.2001391,4.083378
05/15/2023 14:23:16.611512,2570,True,True,True,True,Eyes,1.195484,-0.324981,-3.314054,-0.6100892,-0.1166223,0.783703,0,0,0,0,0,0,0,0.890012,0.5442307,3.388273,1.207468,-0.3226869,-3.317619,0.03005048,-0.2945326,0.03144306,0.9546513,4.352789,325.8,2.433227,0.3378585,-0.09191397,-0.9366978,0,0,0,0.6725516,-0.3273202,-2.527995,0.004291087,0.06764608,0.951351,0.8245238,0.04233261,0.5642416,-0.077736,0.9962166,0.03885346,-0.5604621,-0.07589746,0.824695,moving,-37.89969,-8.464033,0.258432,4.067187
05/15/2023 14:23:16.621097,2571,True,True,True,True,Eyes,1.195504,-0.3249303,-3.314082,-0.6080198,-0.1144632,0.7856272,0,0,0,0,0,0,0,0.8838738,0.5368497,3.391174,1.207585,-0.3225112,-3.317713,0.0289974,-0.2936866,0.03133001,0.9549481,4.231382,325.9012,2.459992,0.337862,-0.0919079,-0.9366971,0,0,0,0.6760789,-0.3249068,-2.527719,0.005673736,0.06768337,0.9497278,0.8255332,0.04280477,0.5627279,-0.07686937,0.9963551,0.03697962,-0.5590941,-0.07378443,0.8258146,moving,-37.73733,-8.28947,0.3422846,4.076354
05/15/2023 14:23:16.642052,2572,True,True,True,True,Eyes,1.195531,-0.3248779,-3.314112,-0.6059887,-0.1123045,0.7875058,0,0,0,0,0,0,0,0.8783245,0.5280871,3.394167,1.207767,-0.3223834,-3.317841,0.02774556,-0.2929351,0.03115612,0.9552218,4.086347,325.9906,2.486098,0.3378656,-0.09190094,-0.9366966,0,0,0,0.6793818,-0.3226467,-2.527461,0.007003069,0.06724522,0.9483255,0.8264366,0.04326672,0.5613649,-0.07577731,0.9965189,0.03475287,-0.5579071,-0.07125977,0.8268384,moving,-37.57842,-8.116101,0.4231026,4.056022
05/15/2023 14:23:16.660887,2573,True,True,True,True,Eyes,1.19555,-0.3248135,-3.314156,-0.6038707,-0.1100757,0.7894451,0,0,0,0,0,0,0,0.8735329,0.5206926,3.396691,1.207933,-0.3223045,-3.317937,0.02668389,-0.2922848,0.03103636,0.9554549,3.964216,326.068,2.511157,0.3378692,-0.0918931,-0.9366961,0,0,0,0.6826685,-0.3203979,-2.527204,0.008535415,0.06721952,0.9468756,0.8272126,0.04370909,0.5601863,-0.07490628,0.9966494,0.03284761,-0.5568737,-0.06913343,0.8277151,moving,-37.41348,-7.937817,0.516467,4.060665
05/15/2023 14:23:16.681386,2574,True,True,True,True,Eyes,1.195574,-0.3247383,-3.314202,-0.601804,-0.1077945,0.7913358,0,0,0,0,0,0,0,0.8688225,0.5134361,3.39919,1.208016,-0.3219768,-3.31813,0.025693,-0.291667,0.03062145,0.9556842,3.840049,326.1404,2.50114,0.3378725,-0.09188411,-0.9366958,0,0,0,0.686082,-0.3180622,-2.526937,0.01033846,0.06699459,0.9454213,0.8279854,0.04354129,0.5590566,-0.07351648,0.9968044,0.03124625,-0.5559096,-0.06697132,0.8285406,moving,-37.25267,-7.756997,0.6265209,4.053327
05/15/2023 14:23:16.691408,2575,True,True,True,True,Eyes,1.195611,-0.3246611,-3.314246,-0.5996403,-0.1054121,0.7932969,0,0,0,0,0,0,0,0.8645383,0.5013108,3.402236,1.208176,-0.3216744,-3.31825,0.02401031,-0.2911285,0.0301331,0.9559078,3.637775,326.2026,2.505589,0.3378758,-0.09187379,-0.9366956,0,0,0,0.6892636,-0.3158852,-2.526689,0.01196012,0.06536767,0.9441702,0.8286724,0.04362877,0.5580309,-0.0715891,0.997031,0.02835808,-0.555137,-0.0634485,0.8293354,moving,-37.08504,-7.569041,0.7257459,3.960435
05/15/2023 14:23:16.711268,2576,True,True,True,True,Eyes,1.195657,-0.3245778,-3.314295,-0.5975157,-0.1029769,0.7952175,0,0,0,0,0,0,0,0.8598528,0.4860354,3.405832,1.208397,-0.3216133,-3.318375,0.02184255,-0.290534,0.02966416,0.9561553,3.382796,326.2712,2.528249,0.3378794,-0.09186219,-0.9366954,0,0,0,0.6926268,-0.313584,-2.526426,0.01358914,0.06324062,0.9429119,0.82942,0.04403508,0.556887,-0.06941909,0.9972858,0.02453284,-0.5542953,-0.05900662,0.8302258,moving,-36.92071,-7.37847,0.8256834,3.837053
05/15/2023 14:23:16.731497,2577,True,True,True,True,Eyes,1.195671,-0.324487,-3.314375,-0.5952516,-0.1005098,0.7972285,0,0,0,0,0,0,0,0.854093,0.4734938,3.409317,1.208648,-0.3214166,-3.31858,0.02008248,-0.2897928,0.02916057,0.9564344,3.171002,326.3573,2.533787,0.3378834,-0.09184927,-0.9366953,0,0,0,0.6960874,-0.3112161,-2.526155,0.01504821,0.06177988,0.9416564,0.8303396,0.04414083,0.5555068,-0.06741984,0.9974927,0.02151409,-0.5531643,-0.05531618,0.8312336,moving,-36.7469,-7.185596,0.9155414,3.753663
05/15/2023 14:23:16.741269,2578,True,True,True,True,Eyes,1.195696,-0.3243902,-3.314459,-0.5930122,-0.09799507,0.799208,0,0,0,0,0,0,0,0.8469357,0.4618547,3.412912,1.208793,-0.3211221,-3.318777,0.0184672,-0.2888572,0.02855543,0.956768,2.971232,326.4663,2.523679,0.3378867,-0.09183488,-0.9366955,0,0,0,0.6991692,-0.3091075,-2.525914,0.01586229,0.06020882,0.9405397,0.8314921,0.04397308,0.5537934,-0.06531062,0.9976871,0.01884077,-0.5516841,-0.05183454,0.8324409,moving,-36.57541,-6.990442,0.9662069,3.662802
05/15/2023 14:23:16.761640,2579,True,True,True,True,Eyes,1.195704,-0.3242836,-3.314567,-0.5906339,-0.09545837,0.8012735,0,0,0,0,0,0,0,0.839538,0.4491281,3.416719,1.209064,-0.3209099,-3.31899,0.01666604,-0.2878592,0.02830976,0.9571092,2.762778,326.5835,2.558993,0.3378896,-0.091819,-0.936696,0,0,0,0.702816,-0.3066122,-2.525629,0.01700985,0.05893803,0.9392279,0.8326712,0.04459611,0.5519691,-0.06378599,0.9978416,0.01560398,-0.5500818,-0.04820088,0.8337187,moving,-36.39463,-6.793816,1.03754,3.590692
05/15/2023 14:23:16.777353,2580,True,True,True,True,Eyes,1.195723,-0.3241707,-3.314679,-0.5882669,-0.09284624,0.8033192,0,0,0,0,0,0,0,0.8312695,0.434763,3.420884,1.209327,-0.3205596,-3.319223,0.01465686,-0.2867528,0.02793058,0.9574852,2.526748,326.7127,2.586311,0.3378916,-0.09180144,-0.936697,0,0,0,0.706091,-0.3043713,-2.525373,0.01760945,0.05686752,0.9381695,0.8339854,0.04508044,0.5499419,-0.06189202,0.9980101,0.01204911,-0.5483044,-0.04408579,0.835116,moving,-36.21515,-6.592895,1.075316,3.468762
05/15/2023 14:23:16.792799,2581,True,True,True,True,Eyes,1.195746,-0.3240508,-3.314802,-0.5858043,-0.09024727,0.8054121,0,0,0,0,0,0,0,0.8218246,0.4194278,3.425404,1.209597,-0.3203287,-3.319484,0.01248691,-0.2854743,0.02760617,0.9579074,2.27434,326.862,2.624777,0.3378929,-0.0917822,-0.9366984,0,0,0,0.7092286,-0.3022244,-2.525128,0.0177713,0.05458468,0.9372311,0.8354846,0.04575892,0.5476053,-0.06001768,0.9981639,0.008160901,-0.5462265,-0.0396843,0.836697,moving,-36.02971,-6.393384,1.086284,3.333162
05/15/2023 14:23:16.811255,2582,True,True,True,True,Eyes,1.195781,-0.3239215,-3.314929,-0.5833451,-0.08757576,0.8074894,0,0,0,0,0,0,0,0.8124117,0.4043359,3.429836,1.209943,-0.3200547,-3.319771,0.01034703,-0.2841861,0.02749438,0.958319,2.032052,327.0126,2.685019,0.3378938,-0.09176119,-0.9367002,0,0,0,0.7126699,-0.2998697,-2.524859,0.01817119,0.05262149,0.9362019,0.8369647,0.04681582,0.5452507,-0.05857775,0.998274,0.004204473,-0.5441128,-0.03545856,0.8382624,moving,-35.84504,-6.189785,1.111942,3.217063
05/15/2023 14:23:16.821160,2583,True,True,True,True,Eyes,1.195822,-0.3237792,-3.315066,-0.5808712,-0.08491254,0.8095545,0,0,0,0,0,0,0,0.8018041,0.3889738,3.434454,1.21026,-0.3197324,-3.320046,0.008184539,-0.2827515,0.02718611,0.9587729,1.780355,327.1797,2.724018,0.3378943,-0.09173833,-0.9367023,0,0,0,0.7161733,-0.2974726,-2.524585,0.01834807,0.05052266,0.9351394,0.838625,0.04750223,0.542634,-0.056759,0.9983879,0.0003204014,-0.541744,-0.03106806,0.8399692,moving,-35.66018,-5.987745,1.124038,3.092505
05/15/2023 14:23:16.841358,2584,True,True,True,True,Eyes,1.195874,-0.3236282,-3.315206,-0.578402,-0.08212587,0.8116072,0,0,0,0,0,0,0,0.7906548,0.3731926,3.439177,1.210557,-0.3193064,-3.320383,0.005982311,-0.281245,0.0267971,0.9592432,1.521387,327.3549,2.754801,0.3378948,-0.0917134,-0.9367045,0,0,0,0.7193093,-0.2953268,-2.52434,0.01809546,0.04798885,0.93432,0.8403664,0.04804489,0.5398853,-0.05477487,0.9984922,-0.003596119,-0.5392441,-0.02655008,0.8417309,moving,-35.47605,-5.778046,1.109539,2.940261
05/15/2023 14:23:16.861454,2585,True,True,True,True,Eyes,1.195952,-0.3234741,-3.315341,-0.5760192,-0.07928284,0.8135823,0,0,0,0,0,0,0,0.7797526,0.3531754,3.444127,1.210857,-0.3189914,-3.320667,0.003172319,-0.2797855,0.02631895,0.9596966,1.192769,327.5226,2.794382,0.3378953,-0.09168634,-0.936707,0,0,0,0.7226245,-0.2930584,-2.524081,0.01805934,0.04454574,0.9334248,0.8420549,0.04874127,0.5371851,-0.05229154,0.9985945,-0.008638388,-0.5368512,-0.02081624,0.8434201,moving,-35.29863,-5.565846,1.108386,2.732248
05/15/2023 14:23:16.877635,2586,True,True,True,True,Eyes,1.196043,-0.323313,-3.315482,-0.5736328,-0.07636125,0.8155454,0,0,0,0,0,0,0,0.7691615,0.3329789,3.44892,1.211217,-0.3188308,-3.320969,0.0003187481,-0.2783742,0.02584749,0.9601249,0.8596193,327.6838,2.835106,0.3378967,-0.09165728,-0.9367093,0,0,0,0.7259473,-0.2907848,-2.523821,0.01810238,0.0411969,0.9325736,0.8436795,0.04945618,0.5345644,-0.0498111,0.9986635,-0.01377847,-0.5345314,-0.01500262,0.8450154,moving,-35.12152,-5.34913,1.11204,2.529425
05/15/2023 14:23:16.896039,2587,True,True,True,True,Eyes,1.196143,-0.3231385,-3.315628,-0.571294,-0.07348983,0.8174487,0,0,0,0,0,0,0,0.7580737,0.3162453,3.453373,1.211625,-0.3185382,-3.32129,-0.002031872,-0.2768896,0.02549384,0.9605612,0.5852572,327.8546,2.871987,0.3378991,-0.0916262,-0.9367114,0,0,0,0.7294024,-0.2884206,-2.523551,0.01812086,0.03877686,0.9316664,0.8453645,0.050102,0.5318352,-0.04785159,0.9986919,-0.01802144,-0.5320424,-0.01021448,0.846656,moving,-34.94871,-5.137164,1.114259,2.38333
05/15/2023 14:23:16.911351,2588,True,True,True,True,Eyes,1.196254,-0.3229547,-3.315773,-0.5689353,-0.0704964,0.8193551,0,0,0,0,0,0,0,0.7458133,0.2985775,3.457974,1.211962,-0.3180673,-3.321589,-0.004489117,-0.2752408,0.0251075,0.961037,0.2975266,328.0442,2.907881,0.3379026,-0.09159289,-0.9367135,0,0,0,0.7327377,-0.2861385,-2.52329,0.01775557,0.03590808,0.9307796,0.8472243,0.05072964,0.5288077,-0.04578729,0.9986989,-0.02244963,-0.5292585,-0.005192797,0.8484448,moving,-34.77494,-4.917555,1.092843,2.209289
05/15/2023 14:23:16.921014,2589,True,True,True,True,Eyes,1.196376,-0.3227676,-3.315923,-0.5664539,-0.06762148,0.8213145,0,0,0,0,0,0,0,0.7326534,0.2782519,3.462742,1.212333,-0.3177122,-3.321761,-0.007317065,-0.2735101,0.0243917,0.9615319,359.9583,328.2419,2.918155,0.3379075,-0.09155732,-0.9367152,0,0,0,0.7361125,-0.2838293,-2.523027,0.01715186,0.03237442,0.9298216,0.8491945,0.05090938,0.5256205,-0.04290421,0.998703,-0.02741393,-0.5263345,0.0007284312,0.8502773,moving,-34.59371,-4.706731,1.056781,1.994112
05/15/2023 14:23:16.941240,2590,True,True,True,True,Eyes,1.19651,-0.3225772,-3.316072,-0.5639305,-0.06466734,0.8232864,0,0,0,0,0,0,0,0.7183446,0.2601014,3.467556,1.212836,-0.3174704,-3.322026,-0.009837621,-0.2716461,0.02345999,0.962061,359.6457,328.4561,2.893839,0.3379137,-0.09151959,-0.9367166,0,0,0,0.739428,-0.2815608,-2.522768,0.01618108,0.02938652,0.9290283,0.8513162,0.05048459,0.5222185,-0.03979519,0.9987057,-0.03167441,-0.5231417,0.006183154,0.8522233,moving,-34.41016,-4.491236,0.9978318,1.811745
05/15/2023 14:23:16.961160,2591,True,True,True,True,Eyes,1.196648,-0.3223857,-3.31622,-0.5612528,-0.06191342,0.8253254,0,0,0,0,0,0,0,0.7025123,0.2441967,3.472243,1.21325,-0.3172513,-3.322199,-0.01204199,-0.2695676,0.022503,0.9626432,359.3668,328.6967,2.855659,0.3379214,-0.09147983,-0.9367177,0,0,0,0.7427809,-0.2792666,-2.522505,0.01487762,0.02702145,0.9280851,0.8536539,0.04981698,0.5184529,-0.03683246,0.9986972,-0.03531644,-0.5195369,0.01105212,0.8543766,moving,-34.2172,-4.290121,0.9183983,1.667711
05/15/2023 14:23:16.977874,2592,True,True,True,True,Eyes,1.1968,-0.3221971,-3.316365,-0.5585279,-0.05912374,0.8273759,0,0,0,0,0,0,0,0.6863891,0.2291435,3.476726,1.213627,-0.3170445,-3.322326,-0.01413176,-0.267438,0.02164843,0.9632283,359.1036,328.9435,2.824079,0.3379307,-0.0914382,-0.9367184,0,0,0,0.746151,-0.2769606,-2.522242,0.01352739,0.02494669,0.9270759,0.8560166,0.0492635,0.5145958,-0.03414602,0.9986633,-0.03880344,-0.5158195,0.01564499,0.8565545,moving,-34.02169,-4.08737,0.8359699,1.541401
05/15/2023 14:23:16.991444,2593,True,True,True,True,Eyes,1.19697,-0.3220059,-3.3165,-0.5558066,-0.05656996,0.8293846,0,0,0,0,0,0,0,0.6697612,0.2173245,3.480999,1.214068,-0.3169622,-3.32246,-0.01579846,-0.2652248,0.0210371,0.9638276,358.8944,329.2014,2.805272,0.3379417,-0.09139496,-0.9367186,0,0,0,0.7494449,-0.2747068,-2.521985,0.01194376,0.02383449,0.9261261,0.8584265,0.04893256,0.5105974,-0.03217198,0.9986157,-0.04161311,-0.5119268,0.01929487,0.8588125,moving,-33.82775,-3.901938,0.7388723,1.474221
05/15/2023 14:23:17.021304,2594,True,True,True,True,Eyes,1.19715,-0.3218154,-3.316628,-0.5530279,-0.05400717,0.8314105,0,0,0,0,0,0,0,0.6532674,0.2077452,3.484926,1.214508,-0.316722,-3.322541,-0.01713441,-0.2630244,0.02056671,0.9644179,358.7262,329.4586,2.791143,0.3379548,-0.09135022,-0.9367183,0,0,0,0.7528182,-0.2723987,-2.521721,0.01045579,0.02328264,0.9250862,0.8607904,0.04868334,0.5066259,-0.03065627,0.9985668,-0.04386855,-0.5080355,0.02223038,0.8610492,moving,-33.63059,-3.716625,0.647558,1.44172
05/15/2023 14:23:17.031537,2595,True,True,True,True,Eyes,1.197335,-0.3216307,-3.316749,-0.5501635,-0.05169284,0.8334554,0,0,0,0,0,0,0,0.6356262,0.1988911,3.488837,1.214918,-0.3165764,-3.322546,-0.01838112,-0.260668,0.02007516,0.9650448,358.5668,329.7345,2.771028,0.3379702,-0.09130416,-0.9367172,0,0,0,0.7565601,-0.2698383,-2.521428,0.009020567,0.02323061,0.9238213,0.8632983,0.04832959,0.5023746,-0.02916411,0.9985182,-0.04594312,-0.5038506,0.02501131,0.8634287,moving,-33.42878,-3.549071,0.5594416,1.440469
05/15/2023 14:23:17.041225,2596,True,True,True,True,Eyes,1.197529,-0.3214519,-3.316861,-0.5472327,-0.04940677,0.835521,0,0,0,0,0,0,0,0.6170032,0.1925757,3.492655,1.215311,-0.3165092,-3.322537,-0.01928907,-0.2581673,0.019681,0.9657072,358.4475,330.0284,2.750646,0.3379877,-0.09125708,-0.9367155,0,0,0,0.7595239,-0.2678103,-2.521197,0.006621271,0.02341359,0.9228591,0.8659246,0.04797178,0.4978688,-0.02805255,0.9984812,-0.04741718,-0.4993873,0.02709321,0.8659552,moving,-33.22319,-3.384124,0.4110751,1.453323
05/15/2023 14:23:17.061071,2597,True,True,True,True,Eyes,1.197741,-0.3212762,-3.31696,-0.5443017,-0.04735428,0.8375519,0,0,0,0,0,0,0,0.5982987,0.1877943,3.496272,1.215692,-0.3164891,-3.32251,-0.02000378,-0.25564,0.01949287,0.9663686,358.3556,330.3257,2.746773,0.3380075,-0.09120926,-0.936713,0,0,0,0.7628617,-0.2655265,-2.520936,0.004562229,0.02433274,0.9217163,0.8685364,0.04790213,0.493305,-0.02744707,0.9984397,-0.04862835,-0.4948647,0.02869572,0.8684961,moving,-33.01872,-3.235996,0.2835952,1.512222
05/15/2023 14:23:17.078371,2598,True,True,True,True,Eyes,1.197962,-0.3210984,-3.317052,-0.5413234,-0.04534242,0.839591,0,0,0,0,0,0,0,0.5802014,0.1852118,3.499609,1.216127,-0.3163754,-3.322521,-0.02041177,-0.2531857,0.0195241,0.9670054,358.3044,330.615,2.757956,0.3380299,-0.09116089,-0.9367096,0,0,0,0.7660332,-0.2633565,-2.520688,0.00249365,0.02569673,0.9206872,0.8710316,0.04809575,0.4888667,-0.02742388,0.9984043,-0.04936302,-0.4904608,0.02959013,0.8709607,moving,-32.81176,-3.091276,0.1551833,1.598732
05/15/2023 14:23:17.091461,2599,True,True,True,True,Eyes,1.198172,-0.3209238,-3.317146,-0.5381789,-0.04344934,0.8417099,0,0,0,0,0,0,0,0.5634643,0.1818959,3.502606,1.216543,-0.3161529,-3.322484,-0.0209143,-0.2509148,0.01965624,0.9675837,358.246,330.8818,2.783164,0.3380549,-0.09111195,-0.9367054,0,0,0,0.7694317,-0.2610311,-2.520422,0.0009993613,0.02697249,0.919522,0.8733108,0.04853353,0.4847399,-0.0275427,0.9983524,-0.05033675,-0.4863843,0.03060859,0.8732087,moving,-32.59435,-2.955004,0.06227057,1.680185
05/15/2023 14:23:17.121125,2600,True,True,True,True,Eyes,1.198389,-0.3207467,-3.317227,-0.53499,-0.04156325,0.8438355,0,0,0,0,0,0,0,0.5464091,0.1765364,3.505644,1.216977,-0.3160031,-3.322406,-0.02167097,-0.248641,0.01930339,0.9681608,358.1454,331.1487,2.761545,0.3380819,-0.09106262,-0.9367004,0,0,0,0.7728686,-0.2586794,-2.520154,-0.0005328357,0.02767581,0.9183465,0.8756101,0.04815415,0.4806124,-0.02660098,0.9983155,-0.0515612,-0.4822857,0.03236274,0.875416,moving,-32.37461,-2.819834,-0.0332437,1.726176
05/15/2023 14:23:17.121125,2601,True,True,True,True,Eyes,1.198594,-0.3205748,-3.317307,-0.5317504,-0.03974929,0.8459678,0,0,0,0,0,0,0,0.5284493,0.1717407,3.508602,1.217339,-0.3157984,-3.322257,-0.02228771,-0.2462773,0.01841473,0.9687682,358.0451,331.4275,2.675785,0.3381111,-0.09101288,-0.9366947,0,0,0,0.7762855,-0.2563414,-2.519886,-0.002268404,0.02832545,0.9170905,0.8780168,0.04665713,0.4763505,-0.02470129,0.9983283,-0.05225351,-0.4779921,0.03411299,0.8777015,moving,-32.15226,-2.690165,-0.1417196,1.769087
05/15/2023 14:23:17.141246,2602,True,True,True,True,Eyes,1.198807,-0.3204525,-3.31737,-0.5284725,-0.03790257,0.8481038,0,0,0,0,0,0,0,0.509969,0.1675135,3.511596,1.217655,-0.3145589,-3.322319,-0.02266264,-0.2438356,0.01742233,0.9693953,357.9689,331.7166,2.571056,0.3381419,-0.09096293,-0.9366884,0,0,0,0.779519,-0.254129,-2.519634,-0.004229188,0.02819996,0.9160273,0.8804814,0.04483015,0.4719564,-0.02272632,0.9983658,-0.05243448,-0.4735358,0.03544175,0.8800613,moving,-31.92796,-2.558901,-0.2645259,1.763297
05/15/2023 14:23:17.161364,2603,True,True,True,True,Eyes,1.199023,-0.3202857,-3.317432,-0.5252558,-0.03603192,0.8501812,0,0,0,0,0,0,0,0.4923457,0.1603531,3.51441,1.218025,-0.31566,-3.322042,-0.02382123,-0.2414976,0.0168265,0.9699631,357.8174,331.9897,2.532137,0.3381746,-0.09091421,-0.9366813,0,0,0,0.7829046,-0.2518124,-2.519369,-0.005902886,0.02931993,0.9147657,0.8827915,0.0441477,0.4676858,-0.02113663,0.9982989,-0.05433854,-0.4692892,0.03808431,0.882223,moving,-31.70845,-2.426827,-0.3697185,1.835807
05/15/2023 14:23:17.178087,2604,True,True,True,True,Eyes,1.199245,-0.3201202,-3.317484,-0.5219981,-0.03416802,0.852262,0,0,0,0,0,0,0,0.4744976,0.1551383,3.517133,1.218407,-0.3155884,-3.321946,-0.02453608,-0.2391247,0.01623919,0.970543,357.7156,332.2685,2.481134,0.3382089,-0.09086536,-0.9366736,0,0,0,0.7863605,-0.2494477,-2.519099,-0.007537544,0.03010314,0.9135864,0.8851113,0.04325603,0.4633647,-0.0197873,0.9982685,-0.05539302,-0.4649585,0.03986025,0.8844347,moving,-31.48687,-2.295815,-0.472708,1.887242
05/15/2023 14:23:17.191403,2605,True,True,True,True,Eyes,1.19945,-0.3199602,-3.317538,-0.5187157,-0.03219379,0.8543404,0,0,0,0,0,0,0,0.4569002,0.1501915,3.519689,1.218778,-0.3154837,-3.321834,-0.02518784,-0.2367966,0.01549651,0.9711092,357.6169,332.5425,2.41073,0.3382451,-0.09081645,-0.9366653,0,0,0,0.7896056,-0.2472273,-2.518845,-0.009291589,0.03075908,0.912472,0.8873745,0.04202639,0.4591301,-0.01816881,0.9982508,-0.05625933,-0.4606913,0.04158124,0.8865858,moving,-31.26417,-2.158034,-0.5834157,1.930688
05/15/2023 14:23:17.211170,2606,True,True,True,True,Eyes,1.199661,-0.3198017,-3.317581,-0.5153908,-0.03023868,0.8564216,0,0,0,0,0,0,0,0.4385887,0.1450918,3.52223,1.219095,-0.3154366,-3.321719,-0.02586034,-0.234367,0.01468786,0.9716932,357.5142,332.8285,2.332819,0.3382824,-0.09076764,-0.9366565,0,0,0,0.7929788,-0.2449192,-2.518582,-0.01106197,0.03149826,0.9112976,0.8897127,0.04066581,0.454706,-0.01642256,0.998231,-0.05714133,-0.4562254,0.04337193,0.8888067,moving,-31.03934,-2.022169,-0.695462,1.979594
05/15/2023 14:23:17.221221,2607,True,True,True,True,Eyes,1.199857,-0.3196435,-3.317626,-0.512091,-0.02821182,0.8584678,0,0,0,0,0,0,0,0.4208388,0.1406789,3.52455,1.219429,-0.3153384,-3.321581,-0.02645388,-0.2320005,0.01414173,0.9722531,357.4278,333.1067,2.281743,0.338321,-0.09071898,-0.9366473,0,0,0,0.7962925,-0.2426518,-2.518323,-0.01275551,0.03240737,0.9101315,0.8919515,0.0397733,0.4503783,-0.01522405,0.9982004,-0.0580015,-0.4518747,0.04487795,0.8909519,moving,-30.81681,-1.882234,-0.8029491,2.039289
05/15/2023 14:23:17.241262,2608,True,True,True,True,Eyes,1.200058,-0.3194833,-3.317663,-0.5087605,-0.02617146,0.8605102,0,0,0,0,0,0,0,0.4032557,0.136206,3.526774,1.219753,-0.3151632,-3.321473,-0.02705611,-0.2296463,0.0137137,0.9728014,357.3439,333.383,2.243712,0.3383603,-0.09067049,-0.9366378,0,0,0,0.7995905,-0.2403952,-2.518065,-0.01439667,0.03326763,0.9089975,0.8941491,0.03910809,0.4460584,-0.01425475,0.9981598,-0.05893905,-0.4475426,0.04634186,0.8930612,moving,-30.59291,-1.74205,-0.9073725,2.095984
05/15/2023 14:23:17.261289,2609,True,True,True,True,Eyes,1.20025,-0.3193278,-3.317704,-0.5054429,-0.02405524,0.8625247,0,0,0,0,0,0,0,0.3866248,0.1285453,3.528939,1.220058,-0.314988,-3.321393,-0.02808237,-0.2274315,0.01308882,0.9733012,357.2079,333.6418,2.19484,0.3384006,-0.0906221,-0.9366279,0,0,0,0.8030157,-0.2380515,-2.517797,-0.01563767,0.0333743,0.9078829,0.8962073,0.03825235,0.4419835,-0.01270509,0.9980801,-0.06061883,-0.4434537,0.04871159,0.8949726,moving,-30.37047,-1.597527,-0.9867833,2.105278
05/15/2023 14:23:17.281287,2610,True,True,True,True,Eyes,1.200446,-0.3191703,-3.317738,-0.5021011,-0.0219562,0.8645302,0,0,0,0,0,0,0,0.3707588,0.1222211,3.531012,1.220373,-0.3149425,-3.321438,-0.02896261,-0.2252991,0.01270851,0.9737763,357.095,333.8908,2.169142,0.3384414,-0.09057393,-0.9366178,0,0,0,0.8063391,-0.2357776,-2.517538,-0.01673043,0.03390231,0.9069272,0.8981577,0.03780099,0.4380456,-0.01169999,0.9979993,-0.06213263,-0.4395179,0.05067977,0.896803,moving,-30.14712,-1.45481,-1.056837,2.140806
05/15/2023 14:23:17.291512,2611,True,True,True,True,Eyes,1.200634,-0.319009,-3.317775,-0.4987668,-0.01983217,0.8665093,0,0,0,0,0,0,0,0.355063,0.1167456,3.532835,1.220663,-0.3147583,-3.321375,-0.02970821,-0.2231913,0.01237717,0.9742433,356.9986,334.1371,2.145043,0.3384829,-0.09052592,-0.9366075,0,0,0,0.8097203,-0.233464,-2.517273,-0.01773626,0.0345981,0.9058425,0.9000649,0.03737798,0.4341498,-0.01085553,0.9979285,-0.063411,-0.4356206,0.05236109,0.8986062,moving,-29.92493,-1.311124,-1.121699,2.187314
05/15/2023 14:23:17.311216,2612,True,True,True,True,Eyes,1.205442,-0.315044,-3.318564,-0.412097,0.03432526,0.9104932,0,0,0,0,0,0,0,0.3397118,0.1083622,3.53471,1.220945,-0.3145156,-3.321399,-0.03084585,-0.221129,0.01196983,0.9746832,356.8565,334.3768,2.122213,0.3385247,-0.09047794,-0.936597,0,0,0,0.8131061,-0.2311473,-2.517009,-0.01860684,0.03451229,0.9048705,0.9019174,0.03697541,0.4303229,-0.009691771,0.9978105,-0.06542361,-0.4317998,0.0548361,0.900301,moving,-24.35192,2.159008,-1.178007,2.184236
05/15/2023 14:23:17.321304,2613,True,True,True,True,Eyes,1.205438,-0.3150392,-3.318573,-0.4121108,0.03447667,0.9104812,0,0,0,0,0,0,0,0.3247957,0.09798704,3.536482,1.221223,-0.3144544,-3.321375,-0.03229188,-0.2191264,0.01157623,0.9750932,356.6806,334.6083,2.108361,0.3386786,-0.09031777,-0.9365566,0,0,0,0.8164453,-0.2288625,-2.516747,-0.0194076,0.03404652,0.9039141,0.9036992,0.03672781,0.4265898,-0.008423797,0.9976465,-0.06804849,-0.428085,0.05790187,0.9018817,moving,-24.35292,2.16855,-1.229987,2.157064
05/15/2023 14:23:17.341170,2614,True,True,True,True,Eyes,1.205445,-0.3150258,-3.318581,-0.411988,0.03473598,0.9105269,0,0,0,0,0,0,0,0.3103409,0.0895943,3.538182,1.221508,-0.3143505,-3.321472,-0.03344481,-0.2171829,0.01116332,0.975494,356.5371,334.8339,2.08449,0.3388171,-0.09017348,-0.9365202,0,0,0,0.8196828,-0.2266472,-2.516495,-0.02014878,0.03397081,0.903097,0.9054139,0.03630678,0.4229745,-0.007252217,0.9975137,-0.07009938,-0.424468,0.06040146,0.9034261,moving,-24.34542,2.184736,-1.278101,2.154217
05/15/2023 14:23:17.361351,2615,True,True,True,True,Eyes,1.205463,-0.3150049,-3.318591,-0.4117414,0.03510313,0.9106244,0,0,0,0,0,0,0,0.296721,0.07975614,3.539683,1.221763,-0.3141639,-3.321499,-0.03480272,-0.2153488,0.0108529,0.9758564,356.3736,335.0454,2.07707,0.3389417,-0.09004321,-0.9364875,0,0,0,0.8231038,-0.2243064,-2.516227,-0.02049267,0.03362516,0.9021725,0.9070142,0.0361712,0.4195437,-0.006192302,0.997342,-0.07259922,-0.4210545,0.06325059,0.9048274,moving,-24.33024,2.207569,-1.301239,2.134501
05/15/2023 14:23:17.378653,2616,True,True,True,True,Eyes,1.205463,-0.3150049,-3.318591,-0.4117414,0.03510313,0.9106244,0,0,0,0,0,0,0,0.2837936,0.06959255,3.541171,1.222038,-0.3139964,-3.321641,-0.03618792,-0.2136134,0.01040849,0.9761924,356.2039,335.2457,2.055096,0.3390543,-0.08992535,-0.936458,0,0,0,0.8264566,-0.2220124,-2.515965,-0.02069843,0.03314021,0.9014063,0.908522,0.03578183,0.4163022,-0.004860927,0.9971642,-0.07509952,-0.4178089,0.06620596,0.9061195,moving,-24.33024,2.207569,-1.315416,2.105531
05/15/2023 14:23:17.391334,2617,True,True,True,True,Eyes,1.205463,-0.3150049,-3.318591,-0.4117414,0.03510313,0.9106244,0,0,0,0,0,0,0,0.2700779,0.0586729,3.54259,1.222339,-0.3137071,-3.321717,-0.03765723,-0.2117789,0.009912536,0.9765416,356.0234,335.4575,2.028421,0.3391556,-0.08981927,-0.9364315,0,0,0,0.8298388,-0.2196982,-2.515701,-0.02111161,0.03239755,0.9005893,0.9101029,0.03531002,0.4128753,-0.00340999,0.9969674,-0.07774623,-0.4143684,0.06934918,0.9074632,moving,-24.33024,2.207569,-1.342881,2.060254
05/15/2023 14:23:17.411529,2618,True,True,True,True,Eyes,1.205551,-0.3149504,-3.318588,-0.4116595,0.03613273,0.9106212,0,0,0,0,0,0,0,0.2551473,0.04561982,3.544043,1.222564,-0.3135388,-3.321815,-0.03945627,-0.2097608,0.009477097,0.9769104,355.8071,335.6893,2.015131,0.3392468,-0.08972381,-0.9364076,0,0,0,0.8330597,-0.2174942,-2.515449,-0.02191606,0.03112409,0.8998418,0.9118212,0.0350693,0.4090871,-0.001963792,0.9967068,-0.08106633,-0.4105828,0.07311463,0.9088873,moving,-24.32604,2.27226,-1.395189,1.98098
05/15/2023 14:23:17.421516,2619,True,True,True,True,Eyes,1.205646,-0.314891,-3.31859,-0.411447,0.03723573,0.9106728,0,0,0,0,0,0,0,0.2410204,0.03258592,3.545346,1.222789,-0.3133727,-3.32193,-0.04126726,-0.2078458,0.009162429,0.9772478,355.5926,335.9084,2.0153,0.3393312,-0.0896363,-0.9363854,0,0,0,0.8366027,-0.21507,-2.515172,-0.02218595,0.03009928,0.8990344,0.9134324,0.03506238,0.4054775,-0.0007534712,0.9964262,-0.08446543,-0.4069899,0.07684795,0.9101943,moving,-24.31372,2.341414,-1.413632,1.917521
05/15/2023 14:23:17.441357,2620,True,True,True,True,Eyes,1.205753,-0.3148193,-3.318598,-0.41135,0.03857394,0.9106609,0,0,0,0,0,0,0,0.2277136,0.02263808,3.546588,1.223054,-0.3132237,-3.32215,-0.0426533,-0.2060387,0.008947393,0.977573,355.4283,336.1159,2.016188,0.3394095,-0.08955579,-0.9363648,0,0,0,0.8398793,-0.212828,-2.514916,-0.02249283,0.0296882,0.898411,0.9149359,0.03506992,0.4020724,8.300116E-05,0.9962013,-0.08708043,-0.403599,0.0797064,0.9114575,moving,-24.30893,2.425495,-1.434171,1.892664
05/15/2023 14:23:17.461106,2621,True,True,True,True,Eyes,1.205881,-0.3147439,-3.318602,-0.411059,0.04002032,0.9107299,0,0,0,0,0,0,0,0.2148392,0.01154444,3.547693,1.223303,-0.3129402,-3.32235,-0.04418378,-0.2042903,0.008743543,0.9778737,355.2482,336.3159,2.021473,0.3394826,-0.0894812,-0.9363454,0,0,0,0.8430859,-0.2106339,-2.514665,-0.02274722,0.02884967,0.8977952,0.916378,0.0351528,0.3987677,0.0009524815,0.9959427,-0.08998477,-0.400313,0.08283988,0.9126266,moving,-24.29209,2.516137,-1.451379,1.840504
05/15/2023 14:23:17.479028,2622,True,True,True,True,Eyes,1.206015,-0.314661,-3.318614,-0.4106454,0.04153474,0.9108486,0,0,0,0,0,0,0,0.2014843,-0.0007225871,3.548742,1.223588,-0.3128622,-3.322516,-0.04593373,-0.2024741,0.008690747,0.9781712,355.0468,336.5221,2.047976,0.3395517,-0.08941185,-0.936327,0,0,0,0.8464061,-0.2083621,-2.514406,-0.02302429,0.02797784,0.8971709,0.9178574,0.03560286,0.3953103,0.001598709,0.9956291,-0.0933814,-0.3969071,0.0863428,0.9137887,moving,-24.26767,2.610882,-1.470071,1.786162
05/15/2023 14:23:17.491430,2623,True,True,True,True,Eyes,1.206182,-0.3145716,-3.318621,-0.4102964,0.04313496,0.9109315,0,0,0,0,0,0,0,0.1881917,-0.01185313,3.549749,1.223828,-0.3126245,-3.322767,-0.04750032,-0.2006572,0.008646502,0.9784712,354.866,336.729,2.070444,0.3396171,-0.08934698,-0.9363096,0,0,0,0.849749,-0.2060748,-2.514144,-0.02320448,0.02728003,0.8965916,0.9193239,0.03598327,0.3918531,0.002141854,0.9953379,-0.09642533,-0.393496,0.08948539,0.9149608,moving,-24.24747,2.711078,-1.482528,1.742765
05/15/2023 14:23:17.511625,2624,True,True,True,True,Eyes,1.206353,-0.3144749,-3.318637,-0.4098314,0.04481203,0.9110599,0,0,0,0,0,0,0,0.1744554,-0.02350259,3.550701,1.224071,-0.3124763,-3.323022,-0.04915269,-0.1987799,0.008588751,0.9787732,354.675,336.9425,2.092424,0.3396802,-0.08928593,-0.9362925,0,0,0,0.8531666,-0.2037363,-2.513877,-0.023413,0.02656893,0.8960221,0.9208256,0.03635401,0.3882765,0.002728254,0.9950205,-0.09963322,-0.3899651,0.09280414,0.9161412,moving,-24.22014,2.815921,-1.496795,1.698442
05/15/2023 14:23:17.531245,2625,True,True,True,True,Eyes,1.206537,-0.3143722,-3.318661,-0.4094151,0.04654234,0.9111603,0,0,0,0,0,0,0,0.1615903,-0.03597617,3.551553,1.224311,-0.3122353,-3.323328,-0.0509024,-0.1970221,0.008501786,0.9790398,354.4727,337.1415,2.113343,0.3397412,-0.08922809,-0.9362759,0,0,0,0.8565484,-0.2014223,-2.513613,-0.02341548,0.02555074,0.8955253,0.92222,0.03670497,0.3849195,0.003410626,0.9946733,-0.103021,-0.3866505,0.09632087,0.9171824,moving,-24.19599,2.924144,-1.497783,1.634295
05/15/2023 14:23:17.541239,2626,True,True,True,True,Eyes,1.206724,-0.3142648,-3.318696,-0.4088993,0.04834671,0.9112979,0,0,0,0,0,0,0,0.1495098,-0.04936409,3.552351,1.224554,-0.3120559,-3.323714,-0.05279129,-0.1953684,0.00843506,0.9792718,354.2552,337.3275,2.13966,0.3398005,-0.08917295,-0.9362596,0,0,0,0.8599271,-0.1991106,-2.513349,-0.02318972,0.02434427,0.8951374,0.9235201,0.03714793,0.3817468,0.004107059,0.9942839,-0.1066899,-0.383528,0.1000982,0.9180886,moving,-24.16577,3.036842,-1.483991,1.557839
05/15/2023 14:23:17.560949,2627,True,True,True,True,Eyes,1.206918,-0.3141526,-3.31874,-0.4083295,0.05016719,0.911455,0,0,0,0,0,0,0,0.1380085,-0.06202975,3.552982,1.224779,-0.3118669,-3.324038,-0.05456667,-0.1937988,0.00830818,0.9794874,354.0492,337.5042,2.156445,0.3398584,-0.08912008,-0.9362437,0,0,0,0.863364,-0.1967589,-2.51308,-0.02276725,0.02334638,0.8946846,0.924746,0.03742541,0.3787401,0.004874388,0.9939069,-0.110115,-0.3805535,0.1036745,0.918929,moving,-24.13226,3.150425,-1.457704,1.494768
05/15/2023 14:23:17.579057,2628,True,True,True,True,Eyes,1.207113,-0.3140335,-3.318794,-0.4076733,0.05205655,0.9116428,0,0,0,0,0,0,0,0.1266803,-0.07380164,3.553594,1.225058,-0.3116838,-3.324397,-0.05622661,-0.1922555,0.008254707,0.9796981,353.8578,337.6779,2.178463,0.339915,-0.08906909,-0.936228,0,0,0,0.8665103,-0.194606,-2.512834,-0.02260223,0.02238315,0.8943627,0.9259394,0.03779398,0.3757763,0.005445501,0.9935409,-0.1133442,-0.3776329,0.1069962,0.9197528,moving,-24.09349,3.26815,-1.447664,1.433638
05/15/2023 14:23:17.591277,2629,True,True,True,True,Eyes,1.20731,-0.3139133,-3.318862,-0.4069299,0.05394205,0.9118654,0,0,0,0,0,0,0,0.1158899,-0.08641562,3.554031,1.225256,-0.3114291,-3.324725,-0.05798846,-0.1907806,0.008154687,0.9798846,353.654,337.8432,2.197395,0.3399704,-0.08901958,-0.9362127,0,0,0,0.8698723,-0.1923056,-2.512572,-0.02204248,0.02129939,0.8939472,0.9270725,0.03810744,0.3729402,0.00614484,0.9931417,-0.1167555,-0.3748317,0.1105325,0.9204802,moving,-24.04934,3.385427,-1.412483,1.364884
05/15/2023 14:23:17.611131,2630,True,True,True,True,Eyes,1.207505,-0.3137895,-3.31894,-0.4061114,0.05587219,0.912114,0,0,0,0,0,0,0,0.1055404,-0.09940642,3.554503,1.225531,-0.3113177,-3.325157,-0.0598174,-0.1893717,0.008030119,0.9800489,353.4421,338.0005,2.214927,0.3400247,-0.08897132,-0.9361975,0,0,0,0.8731382,-0.190071,-2.512316,-0.0214819,0.02015037,0.8937138,0.9281477,0.03839526,0.3702264,0.006915628,0.9927148,-0.1202893,-0.3721477,0.1142066,0.9211205,moving,-24.00064,3.505314,-1.376934,1.291617
05/15/2023 14:23:17.621289,2631,True,True,True,True,Eyes,1.207689,-0.3136649,-3.319037,-0.4050895,0.05771814,0.9124534,0,0,0,0,0,0,0,0.09527707,-0.1100151,3.554851,1.225689,-0.3111358,-3.325512,-0.0613057,-0.1879625,0.007945145,0.9802289,353.2694,338.1591,2.228823,0.3400778,-0.08892409,-0.9361827,0,0,0,0.8764983,-0.1877718,-2.512054,-0.02074674,0.01961559,0.8933374,0.9292139,0.03862247,0.3675185,0.007470227,0.992357,-0.123174,-0.3694668,0.1172005,0.9218234,moving,-23.93913,3.619479,-1.33039,1.257879
05/15/2023 14:23:17.641412,2632,True,True,True,True,Eyes,1.20787,-0.3135404,-3.319147,-0.4040309,0.05960482,0.9128014,0,0,0,0,0,0,0,0.08612001,-0.1205841,3.555249,1.22587,-0.3109921,-3.326001,-0.06282748,-0.1866956,0.008094519,0.9803734,353.0983,338.2992,2.270516,0.3401294,-0.0888777,-0.9361684,0,0,0,0.8796927,-0.1855862,-2.511804,-0.01984891,0.01901204,0.8931553,0.9301584,0.03933053,0.3650457,0.007587924,0.9919744,-0.1262112,-0.3670799,0.1201663,0.9223949,moving,-23.8755,3.736041,-1.273095,1.219436
05/15/2023 14:23:17.661311,2633,True,True,True,True,Eyes,1.20806,-0.3134173,-3.319264,-0.4029151,0.0614047,0.9131752,0,0,0,0,0,0,0,0.07857454,-0.1307816,3.555482,1.225981,-0.31089,-3.326416,-0.06430168,-0.1856463,0.008252837,0.9804758,352.9331,338.4139,2.31336,0.3401795,-0.08883205,-0.9361546,0,0,0,0.883149,-0.1832212,-2.511534,-0.01825249,0.01871128,0.8928512,0.9309347,0.04005815,0.362982,0.00769132,0.9915943,-0.1291567,-0.3651047,0.1230283,0.9228015,moving,-23.80824,3.846952,-1.17113,1.200559
05/15/2023 14:23:17.678969,2634,True,True,True,True,Eyes,1.208249,-0.3132873,-3.319393,-0.4017834,0.06323248,0.9135491,0,0,0,0,0,0,0,0.07213414,-0.1383404,3.555785,1.226211,-0.310822,-3.326823,-0.06542308,-0.1847616,0.008533207,0.9805663,352.8106,338.51,2.36322,0.3402284,-0.08878709,-0.9361411,0,0,0,0.8865824,-0.1808719,-2.511266,-0.01647535,0.01908142,0.8925986,0.9315807,0.04091009,0.3612254,0.007440597,0.991294,-0.1314566,-0.3634585,0.1251501,0.9231659,moving,-23.74013,3.959487,-1.05743,1.224647
05/15/2023 14:23:17.695946,2635,True,True,True,True,Eyes,1.20844,-0.3131517,-3.319532,-0.4006236,0.06502721,0.9139323,0,0,0,0,0,0,0,0.06620586,-0.1474566,3.55597,1.226381,-0.3105415,-3.327252,-0.06672072,-0.183944,0.008728281,0.9806308,352.6664,338.5978,2.40758,0.3402761,-0.08874254,-0.936128,0,0,0,0.8898392,-0.1786435,-2.511011,-0.01470321,0.01877242,0.8923776,0.9321768,0.04166419,0.3595976,0.007427312,0.9909443,-0.1340678,-0.361927,0.1276457,0.9234259,moving,-23.67031,4.069795,-0.9439456,1.20512
05/15/2023 14:23:17.711803,2636,True,True,True,True,Eyes,1.208629,-0.3130139,-3.319675,-0.3994299,0.06690433,0.9143192,0,0,0,0,0,0,0,0.05987906,-0.1597529,3.556023,1.226633,-0.3102939,-3.327686,-0.06845196,-0.1830879,0.008778118,0.9806712,352.4701,338.6888,2.444415,0.3403226,-0.08869816,-0.9361153,0,0,0,0.8931775,-0.1763593,-2.51075,-0.01300699,0.01773579,0.892206,0.9328035,0.04228235,0.3578964,0.007848561,0.9904745,-0.1374721,-0.3602999,0.1310434,0.9235862,moving,-23.59862,4.185099,-0.8352248,1.138809
05/15/2023 14:23:17.721713,2637,True,True,True,True,Eyes,1.208792,-0.3128811,-3.319832,-0.3983005,0.06875701,0.9146744,0,0,0,0,0,0,0,0.05195463,-0.1734161,3.555792,1.22679,-0.3101497,-3.327946,-0.07035398,-0.1820151,0.008551668,0.9807383,352.248,338.8061,2.45162,0.340368,-0.08865387,-0.936103,0,0,0,0.896621,-0.1740031,-2.510481,-0.01160654,0.01650805,0.8918464,0.9335948,0.04238486,0.355815,0.008837069,0.9899544,-0.1411107,-0.3582216,0.1348846,0.9238417,moving,-23.53101,4.298897,-0.7456087,1.060422
05/15/2023 14:23:17.741329,2638,True,True,True,True,Eyes,1.208952,-0.3127491,-3.319991,-0.3971326,0.07063624,0.9150389,0,0,0,0,0,0,0,0.04315078,-0.1838048,3.555729,1.226994,-0.3100521,-3.328244,-0.07181852,-0.1808202,0.008442982,0.9808542,352.0775,338.9391,2.461326,0.3404116,-0.08860978,-0.9360914,0,0,0,0.8999065,-0.1717551,-2.510224,-0.01059684,0.01602681,0.8915719,0.9344655,0.04253514,0.3535038,0.00940981,0.9895416,-0.1439403,-0.3559292,0.1378337,0.9242923,moving,-23.46115,4.414182,-0.6809611,1.029833
05/15/2023 14:23:17.761682,2639,True,True,True,True,Eyes,1.209105,-0.3126245,-3.320159,-0.3959097,0.07243691,0.915428,0,0,0,0,0,0,0,0.03502405,-0.1925909,3.555589,1.227072,-0.3099498,-3.328477,-0.07305901,-0.1797042,0.008360896,0.9809685,351.9329,339.0639,2.469522,0.3404535,-0.08856591,-0.9360803,0,0,0,0.9032862,-0.1694425,-2.50996,-0.009251118,0.01601344,0.8911834,0.9352731,0.04266157,0.3513466,0.009854469,0.9891849,-0.1463421,-0.3537899,0.1403322,0.9247376,moving,-23.3878,4.524331,-0.5947496,1.029422
05/15/2023 14:23:17.779325,2640,True,True,True,True,Eyes,1.209259,-0.3125001,-3.320327,-0.3946512,0.07420801,0.9158295,0,0,0,0,0,0,0,0.02768922,-0.1994364,3.555713,1.227276,-0.3099656,-3.328866,-0.07402643,-0.1787053,0.008233544,0.9810794,351.8185,339.1768,2.467433,0.3404937,-0.08852241,-0.9360698,0,0,0,0.9066834,-0.167118,-2.509694,-0.00774312,0.01656321,0.8910068,0.9359933,0.04261336,0.3494292,0.01030231,0.9889046,-0.1481943,-0.3518672,0.1423088,0.9251689,moving,-23.31228,4.632453,-0.4979052,1.064967
05/15/2023 14:23:17.791418,2641,True,True,True,True,Eyes,1.209433,-0.312372,-3.320492,-0.3932944,0.07592222,0.9162725,0,0,0,0,0,0,0,0.01952088,-0.2030322,3.555803,1.227434,-0.3098555,-3.329074,-0.07453468,-0.1775909,0.008191207,0.9812436,351.7574,339.3051,2.464055,0.3405322,-0.08847927,-0.9360599,0,0,0,0.9100679,-0.1648022,-2.50943,-0.006471962,0.01784545,0.8906278,0.9367887,0.0425485,0.3472988,0.01039822,0.988755,-0.1491827,-0.349741,0.143364,0.9258121,moving,-23.23061,4.7367,-0.4163463,1.147878
05/15/2023 14:23:17.811472,2642,True,True,True,True,Eyes,1.209609,-0.3122419,-3.320653,-0.3918653,0.07767539,0.9167377,0,0,0,0,0,0,0,0.01010025,-0.2095506,3.555828,1.227777,-0.3096538,-3.329355,-0.07544483,-0.1763268,0.008132628,0.9814025,351.6502,339.4489,2.465896,0.3405699,-0.08843632,-0.9360503,0,0,0,0.913521,-0.1624395,-2.50916,-0.00554809,0.0183647,0.8903822,0.9376854,0.04256865,0.344868,0.01064312,0.9884839,-0.1509515,-0.3473223,0.1452155,0.9264339,moving,-23.14459,4.843116,-0.357013,1.181594
05/15/2023 14:23:17.821223,2643,True,True,True,True,Eyes,1.209797,-0.3121156,-3.320806,-0.3903876,0.079437,0.9172171,0,0,0,0,0,0,0,-0.002333045,-0.2188115,3.55547,1.22799,-0.3094969,-3.329491,-0.07676776,-0.1746376,0.008090874,0.9816023,351.4956,339.64,2.474331,0.3406069,-0.08839352,-0.9360409,0,0,0,0.9167948,-0.1601994,-2.508904,-0.005479425,0.01812696,0.8900201,0.9388725,0.04269712,0.3416072,0.01092904,0.9880825,-0.1535368,-0.3440916,0.1478849,0.9272168,moving,-23.05566,4.949838,-0.3527381,1.166777
05/15/2023 14:23:17.841456,2644,True,True,True,True,Eyes,1.209987,-0.3119912,-3.320955,-0.3887972,0.08121456,0.9177369,0,0,0,0,0,0,0,-0.01807475,-0.2278997,3.555044,1.228379,-0.3094665,-3.329553,-0.07812302,-0.1725145,0.008200794,0.9818699,351.3392,339.8806,2.49634,0.3406435,-0.08835094,-0.9360316,0,0,0,0.9199637,-0.1580311,-2.508656,-0.00644961,0.01796097,0.8896962,0.940343,0.04305892,0.3374922,0.01085047,0.9876591,-0.1562428,-0.3400548,0.1505837,0.9282711,moving,-22.95984,5.057181,-0.4153428,1.156516
05/15/2023 14:23:17.861349,2645,True,True,True,True,Eyes,1.210183,-0.3118627,-3.321099,-0.3871514,0.08296456,0.918276,0,0,0,0,0,0,0,-0.03493381,-0.2349572,3.554644,1.228606,-0.309404,-3.329672,-0.07922705,-0.1702083,0.008517858,0.9821811,351.2148,340.1423,2.534513,0.34068,-0.08830864,-0.9360223,0,0,0,0.923403,-0.1556778,-2.508387,-0.007267535,0.01845096,0.8893231,0.9419131,0.04370236,0.3330011,0.01023804,0.9873011,-0.1585302,-0.3357005,0.1527309,0.9295044,moving,-22.86062,5.162553,-0.4682098,1.188556
05/15/2023 14:23:17.879384,2646,True,True,True,True,Eyes,1.210384,-0.3117322,-3.321239,-0.3854063,0.08475822,0.918846,0,0,0,0,0,0,0,-0.05193615,-0.2424517,3.554154,1.228927,-0.309175,-3.32981,-0.08034864,-0.167897,0.008706315,0.9824862,351.0856,340.4054,2.557806,0.3407166,-0.08826648,-0.936013,0,0,0,0.9267356,-0.1533975,-2.508127,-0.008306593,0.01862714,0.8890072,0.9434696,0.04408826,0.3285138,0.009872916,0.9869366,-0.1608064,-0.331312,0.1549593,0.9307094,moving,-22.75542,5.270289,-0.5353375,1.200328
05/15/2023 14:23:17.891496,2647,True,True,True,True,Eyes,1.21059,-0.3115975,-3.321372,-0.3834821,0.08659106,0.91948,0,0,0,0,0,0,0,-0.06820691,-0.2520056,3.553405,1.229204,-0.3090186,-3.329927,-0.08177955,-0.1656832,0.008920653,0.982742,350.9219,340.655,2.590567,0.3407533,-0.08822438,-0.9360036,0,0,0,0.9299791,-0.1511781,-2.507873,-0.009204447,0.01827797,0.8887082,0.944939,0.04463239,0.3241885,0.009565584,0.986465,-0.1636924,-0.3271066,0.1577804,0.9317224,moving,-22.63927,5.379902,-0.5933974,1.178231
05/15/2023 14:23:17.911382,2648,True,True,True,True,Eyes,1.210801,-0.31146,-3.321498,-0.3814321,0.08849306,0.9201514,0,0,0,0,0,0,0,-0.08560824,-0.263768,3.552318,1.229639,-0.3087989,-3.329939,-0.08342656,-0.1633463,0.008615346,0.9829974,350.7234,340.9223,2.56646,0.3407904,-0.08818225,-0.9359941,0,0,0,0.9334158,-0.1488267,-2.507605,-0.01040149,0.01747486,0.8883465,0.9464875,0.04419256,0.3197005,0.01031712,0.9859316,-0.1668307,-0.3225755,0.1612016,0.932716,moving,-22.51557,5.493371,-0.6708353,1.126933
05/15/2023 14:23:17.920924,2649,True,True,True,True,Eyes,1.211018,-0.3113236,-3.321616,-0.3791737,0.09038834,0.9209002,0,0,0,0,0,0,0,-0.1053212,-0.2757108,3.550987,1.229933,-0.3086394,-3.329958,-0.08508494,-0.1606702,0.008143189,0.9833003,350.5195,341.231,2.519304,0.3408281,-0.08814002,-0.9359844,0,0,0,0.9367882,-0.1465191,-2.507341,-0.01215607,0.01663145,0.8879706,0.9482375,0.04335563,0.3145883,0.01132682,0.9853885,-0.1699448,-0.3173597,0.1647113,0.9338914,moving,-22.37904,5.605749,-0.7843143,1.073009
05/15/2023 14:23:17.940935,2650,True,True,True,True,Eyes,1.211239,-0.3111895,-3.321728,-0.3767784,0.09232412,0.9216911,0,0,0,0,0,0,0,-0.1265059,-0.2873127,3.549534,1.230385,-0.3085518,-3.329968,-0.08672599,-0.1578075,0.007756954,0.9836236,350.319,341.5609,2.478686,0.3408664,-0.08809774,-0.9359744,0,0,0,0.9400107,-0.1443142,-2.507089,-0.01452261,0.01582304,0.8876711,0.9500733,0.04263186,0.3091008,0.01211217,0.9848369,-0.1730597,-0.3117917,0.1681632,0.9351509,moving,-22.23427,5.720134,-0.9372956,1.021209
05/15/2023 14:23:17.961479,2651,True,True,True,True,Eyes,1.211474,-0.3110575,-3.321831,-0.3741859,0.09418499,0.9225585,0,0,0,0,0,0,0,-0.1484425,-0.2966834,3.548054,1.23071,-0.3085043,-3.330003,-0.08807093,-0.1548174,0.007441699,0.9839816,350.1531,341.907,2.438186,0.3409055,-0.08805549,-0.9359641,0,0,0,0.9433637,-0.1420199,-2.506827,-0.01683944,0.01568575,0.8873411,0.9519524,0.04191481,0.3033642,0.01262484,0.9843763,-0.1756245,-0.3059857,0.1710161,0.9365501,moving,-22.07727,5.829193,-1.087196,1.012726
05/15/2023 14:23:17.979681,2652,True,True,True,True,Eyes,1.211719,-0.3109282,-3.321929,-0.3714811,0.09604283,0.9234595,0,0,0,0,0,0,0,-0.1700971,-0.3033086,3.546685,1.231092,-0.3084555,-3.330041,-0.08900893,-0.1518693,0.007061389,0.9843594,350.0325,342.2511,2.382168,0.3409457,-0.08801334,-0.9359534,0,0,0,0.9467302,-0.1397164,-2.506564,-0.01913381,0.01624689,0.8870276,0.9537717,0.04093734,0.2977308,0.01313356,0.9840551,-0.1773784,-0.300245,0.1730887,0.9380263,moving,-21.9135,5.937603,-1.235718,1.049318
05/15/2023 14:23:17.991429,2653,True,True,True,True,Eyes,1.211971,-0.3107981,-3.322022,-0.3687216,0.0978637,0.9243738,0,0,0,0,0,0,0,-0.1908881,-0.3087932,3.545369,1.23152,-0.3084263,-3.330115,-0.08979083,-0.1490421,0.006724823,0.9847228,349.931,342.5815,2.32887,0.3409873,-0.08797137,-0.9359422,0,0,0,0.9501924,-0.1373474,-2.506294,-0.02113734,0.01716644,0.8867657,0.9554825,0.04000939,0.2923226,0.01352105,0.9837848,-0.1788427,-0.2947379,0.1748336,0.9394481,moving,-21.74647,6.043407,-1.365469,1.109021
05/15/2023 14:23:18.011206,2654,True,True,True,True,Eyes,1.212234,-0.3106722,-3.322111,-0.3658524,0.09969278,0.9253179,0,0,0,0,0,0,0,-0.2114722,-0.3140123,3.543953,1.23185,-0.3082998,-3.330229,-0.09054828,-0.1462265,0.00652677,0.9850768,349.8349,342.9094,2.290563,0.3410302,-0.08792952,-0.9359304,0,0,0,0.9535421,-0.1350554,-2.506032,-0.02309953,0.01799239,0.8865176,0.9571504,0.03933986,0.2869068,0.01362238,0.9835168,-0.1803028,-0.2892707,0.1764852,0.9408376,moving,-21.57286,6.149268,-1.492588,1.162692
05/15/2023 14:23:18.021016,2655,True,True,True,True,Eyes,1.21252,-0.3105422,-3.322191,-0.3628794,0.1014924,0.9262925,0,0,0,0,0,0,0,-0.2326914,-0.3202316,3.542292,1.23233,-0.308298,-3.330292,-0.09148696,-0.1433427,0.006409173,0.9854147,349.7195,343.2435,2.263393,0.3410746,-0.08788791,-0.9359182,0,0,0,0.9568732,-0.1327762,-2.505771,-0.02533005,0.01864362,0.886301,0.9588236,0.03885936,0.2813312,0.01359658,0.9831781,-0.1821426,-0.2836767,0.1784678,0.9421661,moving,-21.39299,6.252862,-1.63704,1.205057
05/15/2023 14:23:18.041330,2656,True,True,True,True,Eyes,1.212813,-0.3104122,-3.32227,-0.3598154,0.1033123,0.927286,0,0,0,0,0,0,0,-0.2537858,-0.3264009,3.540502,1.232652,-0.3081209,-3.330424,-0.09240754,-0.1404511,0.006356479,0.9857454,349.6072,343.5779,2.242625,0.3411212,-0.08784641,-0.9359051,0,0,0,0.9602301,-0.1304793,-2.505509,-0.02736679,0.01917943,0.8860804,0.9604662,0.03848922,0.2757233,0.01342574,0.9828409,-0.1839662,-0.2780729,0.1803951,0.9434687,moving,-21.20778,6.357313,-1.76903,1.239988
05/15/2023 14:23:18.061392,2657,True,True,True,True,Eyes,1.213115,-0.3102787,-3.322347,-0.35675,0.1051251,0.9282662,0,0,0,0,0,0,0,-0.2739401,-0.3337267,3.538572,1.233093,-0.3080168,-3.330543,-0.09350777,-0.1377055,0.006328844,0.9860292,349.4753,343.8941,2.22869,0.3411697,-0.08780499,-0.9358913,0,0,0,0.963466,-0.1282651,-2.505256,-0.02936602,0.01939176,0.8859282,0.9619943,0.03823392,0.2703798,0.01327222,0.9824324,-0.1861458,-0.2727469,0.1826597,0.9445869,moving,-21.0227,6.461154,-1.898498,1.253926
05/15/2023 14:23:18.079321,2658,True,True,True,True,Eyes,1.213427,-0.3101413,-3.322423,-0.3536005,0.1069645,0.9292606,0,0,0,0,0,0,0,-0.2940181,-0.3409442,3.536531,1.233419,-0.3078308,-3.330715,-0.09454767,-0.1349515,0.006146163,0.9863119,349.3477,344.2132,2.195128,0.3412204,-0.08776355,-0.9358767,0,0,0,0.9668918,-0.125921,-2.504988,-0.03109547,0.01970007,0.8857751,0.9635007,0.03764277,0.2650464,0.01339464,0.9820459,-0.1881659,-0.2673708,0.1848481,0.9456977,moving,-20.83272,6.566251,-2.010565,1.274076
05/15/2023 14:23:18.091068,2659,True,True,True,True,Eyes,1.213753,-0.3100038,-3.322494,-0.3504834,0.1088358,0.9302236,0,0,0,0,0,0,0,-0.3137983,-0.3490536,3.53431,1.233935,-0.3076319,-3.330829,-0.09570912,-0.1322654,0.005940029,0.9865649,349.2062,344.524,2.160882,0.3412732,-0.08772197,-0.9358613,0,0,0,0.9701384,-0.1236996,-2.504735,-0.03308332,0.01965947,0.8856471,0.9649411,0.03703846,0.2598399,0.01359757,0.981609,-0.1904179,-0.2621139,0.1872752,0.9466912,moving,-20.64507,6.673247,-2.139287,1.271635
05/15/2023 14:23:18.111504,2660,True,True,True,True,Eyes,1.214081,-0.3098672,-3.322571,-0.3473051,0.1107302,0.9311917,0,0,0,0,0,0,0,-0.3328617,-0.3595659,3.53177,1.234206,-0.3075537,-3.33101,-0.09723456,-0.1296434,0.005749022,0.986765,349.0236,344.8254,2.134117,0.3413283,-0.08768027,-0.9358452,0,0,0,0.973467,-0.121422,-2.504474,-0.03460346,0.01914407,0.8855659,0.9663191,0.0365575,0.2547371,0.01386577,0.9810247,-0.1933859,-0.2569731,0.1904046,0.947476,moving,-20.45393,6.78133,-2.237693,1.238422
05/15/2023 14:23:18.121013,2661,True,True,True,True,Eyes,1.214421,-0.309727,-3.322647,-0.3442182,0.1126726,0.9321045,0,0,0,0,0,0,0,-0.3504577,-0.3674655,3.529592,1.234529,-0.307465,-3.331257,-0.09841526,-0.1272275,0.005729508,0.9869624,348.8834,345.1026,2.123122,0.3413854,-0.08763848,-0.9358283,0,0,0,0.9769281,-0.1190538,-2.504204,-0.03562379,0.01933883,0.8855683,0.9675606,0.03635188,0.2500098,0.01373264,0.9805632,-0.1957222,-0.2522653,0.1928064,0.9482552,moving,-20.26875,6.892464,-2.303597,1.251013
05/15/2023 14:23:18.141259,2662,True,True,True,True,Eyes,1.214766,-0.3095869,-3.32273,-0.3411076,0.114661,0.933005,0,0,0,0,0,0,0,-0.3657944,-0.3760321,3.527455,1.234766,-0.3072887,-3.331527,-0.09970602,-0.1251156,0.005856974,0.9871022,348.7334,345.342,2.133608,0.3414447,-0.08759648,-0.9358105,0,0,0,0.9801782,-0.1168299,-2.50395,-0.03619689,0.01913755,0.8856056,0.9686235,0.03651242,0.2458358,0.01338669,0.9800488,-0.1983057,-0.2481717,0.1953745,0.9488096,moving,-20.08247,7.006196,-2.340517,1.237944
05/15/2023 14:23:18.161207,2663,True,True,True,True,Eyes,1.215097,-0.3094445,-3.322822,-0.3379442,0.1166531,0.9339088,0,0,0,0,0,0,0,-0.3797596,-0.3864982,3.525249,1.235218,-0.307186,-3.331794,-0.1012079,-0.1232236,0.005690366,0.9871883,348.5554,345.558,2.115338,0.341506,-0.08755429,-0.935792,0,0,0,0.983511,-0.1145495,-2.503689,-0.03656211,0.01859215,0.8857429,0.9695671,0.03617733,0.242138,0.01370748,0.9794492,-0.2012248,-0.2444417,0.19842,0.9491458,moving,-19.89316,7.119852,-2.36374,1.202488
05/15/2023 14:23:18.181228,2664,True,True,True,True,Eyes,1.215429,-0.3092983,-3.322916,-0.3347443,0.1186951,0.9348036,0,0,0,0,0,0,0,-0.3940417,-0.3959519,3.522993,1.235519,-0.3070009,-3.332083,-0.1025405,-0.1212637,0.00546229,0.9872947,348.3958,345.7835,2.085948,0.3415688,-0.08751185,-0.9357731,0,0,0,0.9868881,-0.1122388,-2.503425,-0.03686923,0.01827298,0.8858494,0.9705306,0.03565465,0.2383257,0.01408309,0.9789112,-0.2038001,-0.2405662,0.2011506,0.9495612,moving,-19.70196,7.23631,-2.383286,1.181709
05/15/2023 14:23:18.191867,2665,True,True,True,True,Eyes,1.215757,-0.3091478,-3.323016,-0.3315195,0.1207945,0.9356834,0,0,0,0,0,0,0,-0.4093893,-0.4069334,3.520247,1.235873,-0.3067985,-3.332241,-0.1041105,-0.1191667,0.005279741,0.9873867,348.2094,346.0236,2.063027,0.3416328,-0.08746909,-0.9357537,0,0,0,0.9901921,-0.1099781,-2.503167,-0.03756203,0.01751198,0.885857,0.9715428,0.03523929,0.2342278,0.01438671,0.9782662,-0.206853,-0.2364265,0.2043363,0.9499206,moving,-19.50961,7.35606,-2.427996,1.132499
05/15/2023 14:23:18.211366,2666,True,True,True,True,Eyes,1.216092,-0.3089964,-3.323123,-0.3285411,0.1229069,0.9364585,0,0,0,0,0,0,0,-0.4236119,-0.4188038,3.517523,1.23607,-0.306581,-3.332559,-0.1058154,-0.1172006,0.005163112,0.9874414,348.0087,346.2469,2.050513,0.3416977,-0.08742588,-0.935734,0,0,0,0.9937637,-0.1075342,-2.502888,-0.03754266,0.01665644,0.8860022,0.9724747,0.0349998,0.2303648,0.01460672,0.9775529,-0.2101832,-0.2325502,0.2077627,0.9501342,moving,-19.33259,7.477134,-2.426348,1.077008
05/15/2023 14:23:18.231068,2667,True,True,True,True,Eyes,1.216424,-0.3088447,-3.323239,-0.3255524,0.1250662,0.9372161,0,0,0,0,0,0,0,-0.4370656,-0.4309946,3.514831,1.236356,-0.3064738,-3.332914,-0.1075816,-0.1153525,0.005058371,0.9874688,347.8015,346.4561,2.040946,0.3417637,-0.08738223,-0.935714,0,0,0,0.9970415,-0.1052914,-2.502632,-0.03768456,0.01558965,0.886257,0.9733364,0.03480959,0.2267256,0.01482965,0.9768012,-0.213634,-0.2289024,0.2113,0.95024,moving,-19.15524,7.600891,-2.434809,1.007754
05/15/2023 14:23:18.241274,2668,True,True,True,True,Eyes,1.216424,-0.3088447,-3.323239,-0.3255524,0.1250662,0.9372161,0,0,0,0,0,0,0,-0.4491829,-0.4420945,3.512325,1.236575,-0.3063481,-3.333268,-0.1092189,-0.113683,0.00509829,0.9874824,347.6112,346.6433,2.047827,0.3418304,-0.08733817,-0.9356937,0,0,0,1.000204,-0.1031277,-2.502384,-0.03753187,0.01468414,0.8865171,0.9741004,0.03490162,0.2234063,0.01476374,0.9760905,-0.2168627,-0.2256336,0.2145443,0.9502948,moving,-19.15524,7.600891,-2.424244,0.9489523
05/15/2023 14:23:18.261269,2669,True,True,True,True,Eyes,1.216424,-0.3088447,-3.323239,-0.3255524,0.1250662,0.9372161,0,0,0,0,0,0,0,-0.4617749,-0.4526352,3.509656,1.236869,-0.3062868,-3.333489,-0.1107622,-0.1119581,0.005015717,0.9875081,347.4299,346.839,2.037862,0.3418904,-0.08729852,-0.9356755,0,0,0,1.00368,-0.1007493,-2.502113,-0.03728855,0.01420748,0.8866885,0.9748804,0.03470755,0.2200079,0.01489531,0.9754131,-0.2198801,-0.2222301,0.2176339,0.9503943,moving,-19.15524,7.600891,-2.408081,0.9179764
05/15/2023 14:23:18.281358,2670,True,True,True,True,Eyes,1.216815,-0.3086785,-3.323371,-0.3227034,0.1277605,0.9378378,0,0,0,0,0,0,0,-0.4732923,-0.4613646,3.507392,1.237103,-0.306174,-3.333841,-0.1120735,-0.1103728,0.005114152,0.987538,347.2778,347.0173,2.046895,0.3419444,-0.08726283,-0.9356591,0,0,0,1.006986,-0.09848705,-2.501854,-0.03684787,0.01398771,0.8869812,0.9755834,0.03484057,0.2168483,0.01463889,0.9748267,-0.2224826,-0.219141,0.2202247,0.9505148,moving,-18.98798,7.75758,-2.378871,0.9034802
05/15/2023 14:23:18.291451,2671,True,True,True,True,Eyes,1.21722,-0.3085114,-3.323504,-0.3197344,0.1305026,0.9384769,0,0,0,0,0,0,0,-0.4843324,-0.4700242,3.505075,1.237207,-0.3060348,-3.334173,-0.1133304,-0.1088337,0.005044974,0.9875657,347.1297,347.1927,2.035879,0.3420017,-0.08722544,-0.9356416,0,0,0,1.01024,-0.0962605,-2.5016,-0.03629549,0.01375845,0.8872372,0.9762596,0.03463281,0.2138174,0.01470383,0.9742616,-0.2249405,-0.2161043,0.2227442,0.9506229,moving,-18.81372,7.916659,-2.342575,0.8884186
05/15/2023 14:23:18.311424,2672,True,True,True,True,Eyes,1.21762,-0.3083461,-3.323646,-0.316759,0.13323,0.9391025,0,0,0,0,0,0,0,-0.4954896,-0.4791564,3.502654,1.237497,-0.3059235,-3.334471,-0.1146454,-0.1073031,0.004912728,0.9875821,346.9742,347.3676,2.01798,0.3420622,-0.08718647,-0.9356231,0,0,0,1.013781,-0.0938374,-2.501323,-0.03563769,0.01362821,0.8875293,0.9769239,0.03430704,0.2108148,0.01490016,0.9736646,-0.2274977,-0.2130677,0.2253891,0.950685,moving,-18.63924,8.074641,-2.299409,0.8797206
05/15/2023 14:23:18.321049,2673,True,True,True,True,Eyes,1.218038,-0.3081776,-3.323787,-0.3137838,0.1359582,0.93971,0,0,0,0,0,0,0,-0.5070059,-0.4871511,3.500347,1.23776,-0.305827,-3.33485,-0.1158115,-0.1057149,0.004834357,0.9876178,346.8364,347.5495,2.003093,0.3421255,-0.08714613,-0.9356037,0,0,0,1.017063,-0.09159197,-2.501067,-0.03529239,0.01359759,0.8879004,0.977602,0.034035,0.2076921,0.01493701,0.9731287,-0.229777,-0.2099316,0.2277327,0.9508241,moving,-18.46497,8.232484,-2.276202,0.8773775
05/15/2023 14:23:18.341251,2674,True,True,True,True,Eyes,1.218449,-0.3080123,-3.323931,-0.310802,0.1386947,0.9403009,0,0,0,0,0,0,0,-0.5183831,-0.4968449,3.497665,1.237869,-0.3056768,-3.335188,-0.1172409,-0.1041296,0.004842819,0.9876174,346.6694,347.7286,2.001358,0.3421918,-0.08710443,-0.9355834,0,0,0,1.020246,-0.08941403,-2.500818,-0.03487825,0.01301207,0.8882098,0.9782671,0.03398221,0.204545,0.0148508,0.9724622,-0.2325868,-0.2068161,0.2305697,0.9508232,moving,-18.29051,8.390646,-2.248737,0.8393098
05/15/2023 14:23:18.361207,2675,True,True,True,True,Eyes,1.218867,-0.3078463,-3.324077,-0.3078011,0.1413719,0.9408892,0,0,0,0,0,0,0,-0.5300741,-0.5066161,3.494824,1.238107,-0.3056181,-3.335435,-0.1187093,-0.1025207,0.004888776,0.9876102,346.4983,347.9099,2.00364,0.3422604,-0.08706162,-0.9355623,0,0,0,1.023603,-0.08711716,-2.500556,-0.0344616,0.0125858,0.8884997,0.9789312,0.03399671,0.2013402,0.01468389,0.9717684,-0.2354793,-0.2036615,0.2334745,0.9507953,moving,-18.11491,8.544972,-2.221177,0.8115537
05/15/2023 14:23:18.379379,2676,True,True,True,True,Eyes,1.21928,-0.3076815,-3.324229,-0.3047924,0.1440422,0.9414635,0,0,0,0,0,0,0,-0.5419596,-0.5138924,3.492288,1.238244,-0.3055013,-3.335761,-0.1198339,-0.1008678,0.005034765,0.9876438,346.3676,348.0967,2.012008,0.3423313,-0.08701777,-0.9355404,0,0,0,1.02701,-0.08478601,-2.500289,-0.03394097,0.01274912,0.8888382,0.9796006,0.03411987,0.1980362,0.01422966,0.9712289,-0.2377222,-0.2004496,0.2356908,0.950931,moving,-17.93901,8.698696,-2.186821,0.8217702
05/15/2023 14:23:18.391515,2677,True,True,True,True,Eyes,1.219687,-0.3075168,-3.324385,-0.3018269,0.146665,0.9420137,0,0,0,0,0,0,0,-0.5539142,-0.5220939,3.489589,1.238534,-0.3053893,-3.336077,-0.1210942,-0.09922697,0.005177181,0.9876556,346.2214,348.2816,2.021425,0.3424042,-0.08697301,-0.9355179,0,0,0,1.030428,-0.08244695,-2.500022,-0.03353688,0.012677,0.8892208,0.9802544,0.03425815,0.1947503,0.01380507,0.9706188,-0.240226,-0.197258,0.2381712,0.9509805,moving,-17.76578,8.849507,-2.159881,0.8167705
05/15/2023 14:23:18.411200,2678,True,True,True,True,Eyes,1.220087,-0.3073556,-3.324546,-0.2988452,0.1492836,0.9425529,0,0,0,0,0,0,0,-0.565801,-0.5309367,3.486703,1.238656,-0.3052803,-3.336414,-0.1224114,-0.09756794,0.005170707,0.9876586,346.0667,348.4704,2.013467,0.3424787,-0.08692744,-0.9354949,0,0,0,1.033618,-0.08026427,-2.499773,-0.03326513,0.01231185,0.8895975,0.9809075,0.03410063,0.1914617,0.01367306,0.9699774,-0.2428103,-0.1939935,0.2407923,0.9509919,moving,-17.5917,8.999876,-2.14149,0.7929111
05/15/2023 14:23:18.421072,2679,True,True,True,True,Eyes,1.220473,-0.3071925,-3.324716,-0.2958444,0.1518276,0.9430931,0,0,0,0,0,0,0,-0.5782733,-0.5391561,3.483778,1.238902,-0.3052275,-3.336729,-0.1236599,-0.09584339,0.005200117,0.9876717,345.9201,348.6668,2.007385,0.3425543,-0.08688122,-0.9354715,0,0,0,1.037064,-0.0779061,-2.499503,-0.03296502,0.0123014,0.8900126,0.9815739,0.03397598,0.1880375,0.01343195,0.9693624,-0.2452675,-0.1906096,0.243274,0.9510445,moving,-17.41642,9.145516,-2.121198,0.791869
05/15/2023 14:23:18.441100,2680,True,True,True,True,Eyes,1.220853,-0.3070317,-3.324888,-0.29284,0.1543943,0.9436138,0,0,0,0,0,0,0,-0.5897222,-0.5473907,3.480984,1.239026,-0.3050501,-3.337127,-0.1248921,-0.0942446,0.005248432,0.9876702,345.7759,348.8484,2.004655,0.3426305,-0.08683436,-0.935448,0,0,0,1.040437,-0.07559875,-2.49924,-0.03238361,0.01212518,0.8904749,0.9821808,0.03390826,0.1848542,0.01317338,0.9687488,-0.2476937,-0.1874761,0.2457152,0.9510399,moving,-17.24115,9.29241,-2.082739,0.7801216
05/15/2023 14:23:18.461040,2681,True,True,True,True,Eyes,1.221232,-0.3068702,-3.325064,-0.2899379,0.1569513,0.9440881,0,0,0,0,0,0,0,-0.6011052,-0.5578194,3.477681,1.239266,-0.3049805,-3.337359,-0.1264384,-0.09267377,0.005195937,0.9876224,345.5945,349.0267,1.993848,0.3427072,-0.08678699,-0.9354243,0,0,0,1.043695,-0.07336935,-2.498985,-0.03203045,0.01142859,0.8908458,0.9827691,0.03369829,0.1817395,0.0131718,0.9679727,-0.2507098,-0.1843673,0.2487838,0.9508498,moving,-17.07219,9.438895,-2.059188,0.7350029
05/15/2023 14:23:18.479754,2682,True,True,True,True,Eyes,1.221607,-0.3067125,-3.325239,-0.2870225,0.1595087,0.9445502,0,0,0,0,0,0,0,-0.6114132,-0.5684601,3.474551,1.239366,-0.3048623,-3.33774,-0.1279762,-0.09122821,0.005053496,0.9875596,345.4132,349.1917,1.973741,0.342784,-0.08673913,-0.9354005,0,0,0,1.04701,-0.07110113,-2.498726,-0.03125946,0.010671,0.8913467,0.9833037,0.03333132,0.1788931,0.01336882,0.9671931,-0.2536902,-0.1814801,0.2518461,0.9505991,moving,-16.90257,9.585257,-2.008535,0.6858996
05/15/2023 14:23:18.491322,2683,True,True,True,True,Eyes,1.221947,-0.3065577,-3.325425,-0.2838477,0.1619714,0.9450904,0,0,0,0,0,0,0,-0.6233702,-0.5768151,3.471298,1.239624,-0.3048244,-3.337908,-0.12925,-0.08957803,0.005062349,0.9875447,345.2635,349.3799,1.964609,0.3428611,-0.08669095,-0.9353768,0,0,0,1.05038,-0.06879529,-2.498462,-0.03095224,0.01058587,0.8916962,0.9839003,0.03315451,0.175616,0.01315732,0.9665376,-0.2561872,-0.1782333,0.2543733,0.9505404,moving,-16.71707,9.724981,-1.988033,0.6801615
05/15/2023 14:23:18.511313,2684,True,True,True,True,Eyes,1.222282,-0.306401,-3.325614,-0.2806698,0.1644313,0.9456145,0,0,0,0,0,0,0,-0.6346398,-0.5851144,3.468261,1.239759,-0.3047333,-3.338277,-0.1304981,-0.08800204,0.005066023,0.9875223,345.1169,349.5598,1.955221,0.3429374,-0.08664256,-0.9353533,0,0,0,1.05376,-0.06648248,-2.498198,-0.03035118,0.01044227,0.8922228,0.9844599,0.03297381,0.1724857,0.01296257,0.9658892,-0.2586312,-0.1751302,0.2568479,0.9504518,moving,-16.53153,9.864429,-1.948307,0.6705397
05/15/2023 14:23:18.521345,2685,True,True,True,True,Eyes,1.222611,-0.3062432,-3.325806,-0.2774105,0.1668483,0.9461528,0,0,0,0,0,0,0,-0.6464382,-0.5930831,3.465047,1.239951,-0.3045579,-3.338554,-0.1316753,-0.08635785,0.005001836,0.9875116,344.9775,349.7492,1.935557,0.3430127,-0.08659392,-0.9353302,0,0,0,1.057157,-0.06415774,-2.497933,-0.02994825,0.01036064,0.8926627,0.9850346,0.03262113,0.1692415,0.01286365,0.9652732,-0.2609256,-0.171876,0.2591979,0.9504079,moving,-16.34105,10.00094,-1.921515,0.6649706
05/15/2023 14:23:18.541363,2686,True,True,True,True,Eyes,1.222936,-0.3060924,-3.326,-0.2741727,0.1692686,0.9466665,0,0,0,0,0,0,0,-0.6569887,-0.6038415,3.461544,1.240029,-0.3044278,-3.338892,-0.1332435,-0.08487304,0.004881808,0.9874305,344.7929,349.9189,1.915697,0.343087,-0.08654504,-0.9353074,0,0,0,1.060472,-0.06188944,-2.497674,-0.02923293,0.009531751,0.8931788,0.9855455,0.03225845,0.1663115,0.01297666,0.9644448,-0.263966,-0.1689134,0.2623086,0.9500855,moving,-16.15203,10.13764,-1.87457,0.6114211
05/15/2023 14:23:18.561545,2687,True,True,True,True,Eyes,1.22323,-0.3059433,-3.326202,-0.270849,0.1716037,0.9472027,0,0,0,0,0,0,0,-0.666727,-0.6122126,3.458547,1.240243,-0.3044713,-3.339157,-0.1344744,-0.08351807,0.004720675,0.98738,344.6469,350.0756,1.888843,0.3431604,-0.08649612,-0.935285,0,0,0,1.063774,-0.05963047,-2.497416,-0.02845939,0.009463876,0.8937101,0.9860049,0.03178429,0.1636585,0.01313989,0.9637887,-0.2663432,-0.1661977,0.2647662,0.9498827,moving,-15.95768,10.26883,-1.823916,0.6067067
05/15/2023 14:23:18.581366,2688,True,True,True,True,Eyes,1.223513,-0.3057925,-3.326407,-0.2675334,0.1739423,0.9477183,0,0,0,0,0,0,0,-0.6773989,-0.6183599,3.455781,1.240637,-0.3045639,-3.339419,-0.1354178,-0.08205588,0.004650647,0.987374,344.5348,350.2451,1.867452,0.343232,-0.08644724,-0.9352633,0,0,0,1.067243,-0.05725664,-2.497144,-0.02786322,0.01008484,0.8943009,0.9864904,0.03140751,0.1607801,0.0130398,0.9632807,-0.2681793,-0.1632992,0.2666528,0.9498577,moving,-15.76396,10.4002,-1.784554,0.6460847
05/15/2023 14:23:18.591522,2689,True,True,True,True,Eyes,1.223766,-0.3056589,-3.32662,-0.2641976,0.1762053,0.9482359,0,0,0,0,0,0,0,-0.6883632,-0.6266009,3.452423,1.240667,-0.3043994,-3.339728,-0.1366034,-0.08049741,0.004467274,0.9873399,344.3935,350.4268,1.833399,0.3433017,-0.08639834,-0.9352422,0,0,0,1.070519,-0.05501539,-2.496888,-0.02730545,0.009865254,0.8948066,0.9870003,0.03081387,0.1577361,0.013171,0.9626391,-0.2704672,-0.1601771,0.2690287,0.9497193,moving,-15.56891,10.52688,-1.747866,0.6316611
05/15/2023 14:23:18.611350,2690,True,True,True,True,Eyes,1.224014,-0.3055244,-3.326835,-0.2608829,0.1784652,0.9487308,0,0,0,0,0,0,0,-0.6991399,-0.633934,3.449363,1.240889,-0.3043997,-3.340106,-0.1377062,-0.07899319,0.004395596,0.9873084,344.263,350.6007,1.812027,0.3433689,-0.08634991,-0.935222,0,0,0,1.074117,-0.05255361,-2.496607,-0.02647069,0.01015653,0.8955034,0.9874815,0.03043533,0.1547707,0.01307609,0.9620353,-0.2726115,-0.1571919,0.2712226,0.9495941,moving,-15.37523,10.65338,-1.693145,0.6498035
05/15/2023 14:23:18.621582,2691,True,True,True,True,Eyes,1.22426,-0.3053908,-3.327051,-0.2576348,0.180735,0.9491887,0,0,0,0,0,0,0,-0.7091616,-0.6412245,3.446296,1.241022,-0.3042703,-3.340408,-0.1387924,-0.07758624,0.004351606,0.9872681,344.1348,350.763,1.79493,0.3434338,-0.08630188,-0.9352027,0,0,0,1.077326,-0.05035788,-2.496356,-0.02578263,0.01011863,0.89606,0.9879228,0.03012917,0.1519889,0.01294436,0.9614354,-0.2747259,-0.1544048,0.2733754,0.949434,moving,-15.18572,10.78064,-1.648136,0.6469771
05/15/2023 14:23:18.640889,2692,True,True,True,True,Eyes,1.224506,-0.305261,-3.327267,-0.254415,0.1830134,0.9496205,0,0,0,0,0,0,0,-0.7181971,-0.6497388,3.443174,1.241095,-0.3041842,-3.340743,-0.1400894,-0.0763163,0.004418914,0.9871835,343.9836,350.9063,1.794949,0.3434964,-0.08625423,-0.9351841,0,0,0,1.080555,-0.0481484,-2.496104,-0.02473435,0.009757608,0.8966807,0.9883125,0.03010677,0.1494383,0.01265765,0.9607109,-0.2772624,-0.1519145,0.2759135,0.9491016,moving,-14.99803,10.90845,-1.580066,0.6234636
05/15/2023 14:23:18.661180,2693,True,True,True,True,Eyes,1.224745,-0.3051311,-3.327486,-0.2512207,0.1852784,0.9500316,0,0,0,0,0,0,0,-0.7273325,-0.6580149,3.439971,1.24131,-0.3041746,-3.340961,-0.1413311,-0.0750473,0.004355866,0.9871041,343.8375,351.052,1.778701,0.3435569,-0.08620704,-0.9351662,0,0,0,1.083769,-0.04594911,-2.495853,-0.02389261,0.00956057,0.8972436,0.9886978,0.02981242,0.1469278,0.01261364,0.9600132,-0.2796707,-0.1493902,0.2783632,0.9487869,moving,-14.81192,11.0355,-1.525363,0.6104916
05/15/2023 14:23:18.679190,2694,True,True,True,True,Eyes,1.224745,-0.3051311,-3.327486,-0.2512207,0.1852784,0.9500316,0,0,0,0,0,0,0,-0.7364249,-0.6645067,3.437112,1.241364,-0.3040645,-3.341285,-0.1422992,-0.07375778,0.004308159,0.9870625,343.723,351.2013,1.760852,0.3436155,-0.08616025,-0.935149,0,0,0,1.087273,-0.04355147,-2.495579,-0.02262101,0.0099186,0.8978978,0.9890824,0.0294962,0.144381,0.01248651,0.9594648,-0.281552,-0.1468332,0.280281,0.9486215,moving,-14.81192,11.0355,-1.443164,0.6328903
05/15/2023 14:23:18.691549,2695,True,True,True,True,Eyes,1.224745,-0.3051311,-3.327486,-0.2512207,0.1852784,0.9500316,0,0,0,0,0,0,0,-0.7448537,-0.6716925,3.434207,1.241488,-0.3040798,-3.341557,-0.14342,-0.07257961,0.004382445,0.9869872,343.5923,351.3347,1.76044,0.3436682,-0.08611814,-0.9351335,0,0,0,1.090576,-0.04129115,-2.495321,-0.02139446,0.01001754,0.8985485,0.989426,0.02946956,0.1420132,0.0121679,0.958823,-0.2837435,-0.1445273,0.2824712,0.9483259,moving,-14.81192,11.0355,-1.363956,0.6387404
05/15/2023 14:23:18.711418,2696,True,True,True,True,Eyes,1.224979,-0.3049856,-3.327726,-0.2482616,0.188058,0.9502633,0,0,0,0,0,0,0,-0.7533347,-0.6781562,3.431391,1.241568,-0.3038465,-3.341862,-0.1444202,-0.07139034,0.004526156,0.9869275,343.4759,351.4688,1.766569,0.3437156,-0.08608025,-0.9351195,0,0,0,1.093765,-0.0391092,-2.495071,-0.02024809,0.0100188,0.8991522,0.9897658,0.02955439,0.1396068,0.01168644,0.9582446,-0.2857108,-0.1422215,0.2844183,0.9480925,moving,-14.64158,11.19424,-1.290031,0.6383914
05/15/2023 14:23:18.721438,2697,True,True,True,True,Eyes,1.22521,-0.3048383,-3.327962,-0.2453,0.1908588,0.950474,0,0,0,0,0,0,0,-0.7609413,-0.6893997,3.4277,1.241882,-0.3036433,-3.341999,-0.1460803,-0.07035922,0.004507153,0.9867573,343.2823,351.5841,1.762172,0.3437621,-0.08604134,-0.935106,0,0,0,1.097067,-0.03685031,-2.494813,-0.01899847,0.008933157,0.8996851,0.9900585,0.02945112,0.1375381,0.01166126,0.9572805,-0.2889258,-0.1401718,0.2876572,0.9474202,moving,-14.47122,11.35421,-1.209724,0.5688828
05/15/2023 14:23:18.742085,2698,True,True,True,True,Eyes,1.225469,-0.3046895,-3.328186,-0.2422516,0.1935277,0.9507161,0,0,0,0,0,0,0,-0.7713369,-0.7009879,3.423194,1.242023,-0.3034981,-3.342135,-0.1476924,-0.06888007,0.004041925,0.9866236,343.0895,351.7607,1.696307,0.3438076,-0.08600149,-0.935093,0,0,0,1.100767,-0.03431856,-2.494524,-0.0180942,0.008185744,0.9002562,0.9904784,0.02832184,0.1347235,0.0123704,0.9563413,-0.2919904,-0.1371113,0.2908767,0.946885,moving,-14.29531,11.50592,-1.15143,0.5209581
05/15/2023 14:23:18.761404,2699,True,True,True,True,Eyes,1.225469,-0.3046895,-3.328186,-0.2422516,0.1935277,0.9507161,0,0,0,0,0,0,0,-0.7838442,-0.7078548,3.419099,1.242141,-0.3034233,-3.342264,-0.1486261,-0.06708609,0.00354367,0.986609,342.9745,351.9785,1.614144,0.3438531,-0.08596077,-0.9350801,0,0,0,1.103794,-0.03224746,-2.494287,-0.01843723,0.008306384,0.9007395,0.9909738,0.02693392,0.1313221,0.01294906,0.9557954,-0.2937473,-0.1334288,0.2927963,0.9468194,moving,-14.29531,11.50592,-1.172623,0.5283517
05/15/2023 14:23:18.779472,2700,True,True,True,True,Eyes,1.225469,-0.3046895,-3.328186,-0.2422516,0.1935277,0.9507161,0,0,0,0,0,0,0,-0.7962589,-0.7146196,3.415,1.242136,-0.303286,-3.342462,-0.1496078,-0.06529833,0.003297932,0.9865814,342.8563,352.1912,1.561887,0.343894,-0.08592412,-0.9350684,0,0,0,1.107193,-0.0299214,-2.494022,-0.01819032,0.00853771,0.9013235,0.9914505,0.02604564,0.1278575,0.01303092,0.9552132,-0.2956313,-0.129831,0.2947699,0.9467072,moving,-14.29531,11.50592,-1.156174,0.5427132
05/15/2023 14:23:18.791170,2701,True,True,True,True,Eyes,1.22574,-0.3045386,-3.328418,-0.2387396,0.1962081,0.951055,0,0,0,0,0,0,0,-0.807112,-0.7204078,3.41152,1.242335,-0.3033139,-3.342677,-0.1505536,-0.06377874,0.00338118,0.9865367,342.7452,352.3665,1.552616,0.3439308,-0.08589114,-0.9350579,0,0,0,1.110421,-0.02771291,-2.493769,-0.01774481,0.008910656,0.9020021,0.9918417,0.02587555,0.124822,0.01253292,0.9546443,-0.2974845,-0.1268582,0.2966219,0.9465318,moving,-14.09156,11.6569,-1.127017,0.5659924
05/15/2023 14:23:18.811205,2702,True,True,True,True,Eyes,1.226011,-0.304394,-3.328644,-0.2352199,0.198815,0.9513906,0,0,0,0,0,0,0,-0.8190286,-0.723871,3.408163,1.242466,-0.3033063,-3.342851,-0.1511595,-0.06209359,0.003452343,0.9865512,342.673,352.5631,1.535715,0.3439687,-0.08585649,-0.9350472,0,0,0,1.113986,-0.02527343,-2.493491,-0.0171987,0.01009548,0.902676,0.9922649,0.0255839,0.1214733,0.01196025,0.9542778,-0.298682,-0.1235607,0.2978245,0.9465904,moving,-13.88721,11.80341,-1.091525,0.640766
05/15/2023 14:23:18.821287,2703,True,True,True,True,Eyes,1.226274,-0.3042475,-3.328869,-0.2314256,0.2012663,0.9518057,0,0,0,0,0,0,0,-0.8321961,-0.7259901,3.40471,1.242691,-0.303324,-3.342959,-0.1515609,-0.06023621,0.003449169,0.9866048,342.6237,352.7824,1.504955,0.3440076,-0.08582054,-0.9350362,0,0,0,1.117349,-0.02297245,-2.493228,-0.01729309,0.01155466,0.9032818,0.9927194,0.02506485,0.1178131,0.01145298,0.9540348,-0.299477,-0.1199042,0.298646,0.9468018,moving,-13.66593,11.93973,-1.096778,0.7328799
05/15/2023 14:23:18.841366,2704,True,True,True,True,Eyes,1.226534,-0.3041022,-3.329087,-0.2276294,0.2036868,0.9522061,0,0,0,0,0,0,0,-0.8464401,-0.728488,3.400935,1.242776,-0.3031557,-3.34322,-0.1520104,-0.05820364,0.003495374,0.9866576,342.569,353.0215,1.477035,0.3440472,-0.08578338,-0.9350251,0,0,0,1.120539,-0.02078981,-2.492979,-0.01771179,0.01260173,0.9039416,0.9932002,0.02459258,0.1137915,0.01079764,0.9537613,-0.3003712,-0.1159168,0.2995574,0.9470104,moving,-13.44451,12.07419,-1.122507,0.7987013
05/15/2023 14:23:18.861584,2705,True,True,True,True,Eyes,1.226757,-0.3039561,-3.329309,-0.2235624,0.2060019,0.9526715,0,0,0,0,0,0,0,-0.8601905,-0.733306,3.396591,1.242899,-0.3030581,-3.34333,-0.1528509,-0.05625701,0.003653936,0.98664,342.4699,353.247,1.466752,0.3440874,-0.08574519,-0.9350138,0,0,0,1.123949,-0.01845631,-2.492712,-0.01776988,0.01319659,0.9045488,0.9936436,0.0244081,0.1098938,0.009987628,0.9532465,-0.3020287,-0.1121278,0.3012064,0.9469435,moving,-13.20657,12.20155,-1.125432,0.8358368
05/15/2023 14:23:18.879254,2706,True,True,True,True,Eyes,1.226981,-0.3038139,-3.32952,-0.2195178,0.2083221,0.9531075,0,0,0,0,0,0,0,-0.8731455,-0.7394148,3.39221,1.24292,-0.3028888,-3.343593,-0.1538481,-0.05440461,0.003764307,0.9865885,342.3525,353.4617,1.453248,0.3441272,-0.08570606,-0.9350028,0,0,0,1.127393,-0.01609949,-2.492443,-0.01752356,0.0133974,0.9052981,0.9940519,0.02416773,0.1061917,0.009312441,0.9526332,-0.303979,-0.1085082,0.3031598,0.9467418,moving,-12.97007,12.32932,-1.108917,0.8478513
05/15/2023 14:23:18.891404,2707,True,True,True,True,Eyes,1.227213,-0.3036679,-3.32973,-0.2153261,0.2105541,0.9535731,0,0,0,0,0,0,0,-0.8859373,-0.7465822,3.387389,1.243122,-0.3028633,-3.34359,-0.1550957,-0.05261759,0.004076763,0.9864888,342.2075,353.6642,1.466291,0.3441668,-0.08566622,-0.9349918,0,0,0,1.130723,-0.01382105,-2.492182,-0.01741964,0.0133003,0.9058663,0.9944295,0.02436488,0.1025487,0.008278162,0.9518574,-0.3064294,-0.1050779,0.3055713,0.9463534,moving,-12.72453,12.45143,-1.101651,0.8411797
05/15/2023 14:23:18.911122,2708,True,True,True,True,Eyes,1.227445,-0.3035192,-3.329934,-0.2111342,0.2127809,0.954016,0,0,0,0,0,0,0,-0.8991361,-0.7521701,3.383,1.243281,-0.3026746,-3.34388,-0.1560257,-0.05074741,0.004212922,0.9864396,342.0978,353.881,1.454095,0.3442064,-0.08562563,-0.934981,0,0,0,1.133937,-0.01162209,-2.491931,-0.01757308,0.01343769,0.9066391,0.9948139,0.02414739,0.09880385,0.007524218,0.9512764,-0.3082475,-0.1014331,0.3073923,0.9461613,moving,-12.47905,12.57329,-1.110406,0.8491433
05/15/2023 14:23:18.924131,2709,True,True,True,True,Eyes,1.232935,-0.2997311,-3.335029,-0.100744,0.2667296,0.9584915,0,0,0,0,0,0,0,-0.91388,-0.7587131,3.377749,1.24348,-0.3024896,-3.34399,-0.1570647,-0.04865017,0.004170871,0.9863805,341.9742,354.128,1.416731,0.344246,-0.08558431,-0.9349702,0,0,0,1.137382,-0.009265112,-2.491662,-0.01801288,0.01355806,0.907299,0.9952315,0.02351058,0.09466496,0.007054315,0.9506266,-0.3102569,-0.09728535,0.3094452,0.9459277,moving,-6.000146,15.55085,-1.137361,0.8561255
05/15/2023 14:23:18.941705,2710,True,True,True,True,Eyes,1.232946,-0.2997347,-3.335029,-0.1005681,0.2668407,0.958479,0,0,0,0,0,0,0,-0.9292481,-0.7682393,3.371656,1.243577,-0.3023114,-3.344231,-0.1585162,-0.04643963,0.004022557,0.9862555,341.802,354.3893,1.366652,0.3443744,-0.08542583,-0.9349372,0,0,0,1.140683,-0.007006223,-2.491404,-0.01872293,0.01278052,0.9080705,0.9956543,0.02265741,0.0903274,0.006788329,0.9497128,-0.3130485,-0.09287795,0.3123013,0.9454319,moving,-5.989826,15.55721,-1.181178,0.8063486
05/15/2023 14:23:18.961473,2711,True,True,True,True,Eyes,1.232981,-0.2997317,-3.335039,-0.1003167,0.2670028,0.9584602,0,0,0,0,0,0,0,-0.9448807,-0.7766836,3.365505,1.24381,-0.3024359,-3.344268,-0.1599135,-0.04421855,0.004033942,0.9861319,341.6371,354.6494,1.33419,0.3444902,-0.08528329,-0.9349074,0,0,0,1.144042,-0.004707862,-2.491142,-0.01949393,0.01250079,0.9087813,0.9960569,0.02209828,0.08592046,0.006186286,0.9488227,-0.3157483,-0.08850078,0.3150348,0.9449448,moving,-5.975074,15.56649,-1.228842,0.7880856
05/15/2023 14:23:18.979524,2712,True,True,True,True,Eyes,1.233024,-0.2997162,-3.335054,-0.09991862,0.2672628,0.9584293,0,0,0,0,0,0,0,-0.9596785,-0.7812359,3.360679,1.243928,-0.3023331,-3.344654,-0.1607025,-0.04209585,0.004111536,0.9860963,341.5432,354.8987,1.307141,0.3445952,-0.08515488,-0.9348804,0,0,0,1.147379,-0.002424471,-2.490881,-0.01996119,0.01299733,0.9097413,0.9964221,0.02163855,0.08169965,0.005421072,0.9483157,-0.3172823,-0.08434258,0.31659,0.9448054,moving,-5.951726,15.58139,-1.25696,0.8185199
05/15/2023 14:23:18.995061,2713,True,True,True,True,Eyes,1.233108,-0.2996888,-3.335075,-0.09963774,0.2677038,0.9583356,0,0,0,0,0,0,0,-0.9735581,-0.7896308,3.354928,1.244145,-0.3020516,-3.344809,-0.162012,-0.04011873,0.00409335,0.9859645,341.3886,355.1311,1.274016,0.3446906,-0.0850388,-0.9348558,0,0,0,1.150622,-0.0002058728,-2.490627,-0.0204166,0.01235798,0.9104472,0.9967475,0.02107123,0.07778494,0.004927636,0.9474707,-0.3198046,-0.08043763,0.3191477,0.9442852,moving,-5.935691,15.60731,-1.284631,0.777658
05/15/2023 14:23:19.011470,2714,True,True,True,True,Eyes,1.233202,-0.2996595,-3.335101,-0.09917976,0.2682705,0.9582246,0,0,0,0,0,0,0,-0.9877303,-0.8014563,3.348367,1.244324,-0.301846,-3.345154,-0.163748,-0.0380716,0.003790004,0.98576,341.1832,355.3765,1.207097,0.3447783,-0.08493345,-0.9348329,0,0,0,1.153999,0.002105128,-2.490363,-0.02090073,0.01099032,0.9114023,0.9970724,0.01994037,0.07381769,0.004996225,0.9463445,-0.3231211,-0.0763001,0.3225439,0.9434744,moving,-5.909281,15.64045,-1.313705,0.6908787
05/15/2023 14:23:19.021260,2715,True,True,True,True,Eyes,1.233295,-0.2996211,-3.335137,-0.09849406,0.2689353,0.958109,0,0,0,0,0,0,0,-1.004113,-0.8132358,3.340929,1.244733,-0.3019022,-3.34528,-0.1655608,-0.03573782,0.003537377,0.9855456,340.9688,355.6554,1.139883,0.3448595,-0.08483769,-0.9348117,0,0,0,1.157514,0.004510086,-2.490088,-0.02199154,0.009887457,0.9122864,0.9974206,0.01880606,0.06927118,0.004861071,0.9451542,-0.3265883,-0.0716138,0.3260826,0.9426249,moving,-5.869416,15.6791,-1.380902,0.6209534
05/15/2023 14:23:19.041273,2716,True,True,True,True,Eyes,1.233396,-0.2995781,-3.335176,-0.09763757,0.2696956,0.9579829,0,0,0,0,0,0,0,-1.021524,-0.8234499,3.333533,1.244797,-0.3017002,-3.345666,-0.1671223,-0.0331994,0.003332505,0.9853715,340.7838,355.9592,1.071866,0.3449345,-0.08475029,-0.9347919,0,0,0,1.160794,0.006754863,-2.489832,-0.02332525,0.008774817,0.9132533,0.9977734,0.01766423,0.06431359,0.00452921,0.944118,-0.3295764,-0.06654134,0.3291339,0.9419358,moving,-5.819488,15.72321,-1.463064,0.5504985
05/15/2023 14:23:19.061261,2717,True,True,True,True,Eyes,1.233536,-0.2995269,-3.335222,-0.09686083,0.2705528,0.9578201,0,0,0,0,0,0,0,-1.038888,-0.8329196,3.326008,1.244947,-0.3015034,-3.345829,-0.168622,-0.03068547,0.003234575,0.9851978,340.6065,356.2585,1.015778,0.3450042,-0.08467026,-0.9347734,0,0,0,1.164082,0.009004507,-2.489575,-0.02468141,0.007860243,0.914032,0.9980959,0.01672188,0.05937168,0.003975097,0.9431124,-0.3324505,-0.06155337,0.3320534,0.9412501,moving,-5.774481,15.77325,-1.54677,0.4927045
05/15/2023 14:23:19.079740,2718,True,True,True,True,Eyes,1.233685,-0.2994736,-3.335276,-0.09596284,0.2714888,0.9576455,0,0,0,0,0,0,0,-1.053378,-0.8431395,3.319376,1.245044,-0.3013068,-3.346315,-0.1701723,-0.02857172,0.003063713,0.9849953,340.4236,356.5116,0.9584072,0.34507,-0.08459659,-0.9347559,0,0,0,1.167453,0.01131109,-2.489312,-0.0251922,0.006769896,0.9151637,0.9983486,0.01575971,0.05524329,0.003688747,0.942064,-0.3354129,-0.05732873,0.3350628,0.9404501,moving,-5.722339,15.82783,-1.576814,0.4238361
05/15/2023 14:23:19.091184,2719,True,True,True,True,Eyes,1.233827,-0.2994172,-3.335338,-0.09512197,0.2724584,0.957454,0,0,0,0,0,0,0,-1.066813,-0.8520719,3.313131,1.24535,-0.3012392,-3.346538,-0.1715915,-0.02665025,0.003009346,0.984803,340.2567,356.7401,0.9176054,0.3451324,-0.08452857,-0.934739,0,0,0,1.1707,0.01353267,-2.489058,-0.02567434,0.006051868,0.9160948,0.9985614,0.01507314,0.05145774,0.003218686,0.9410946,-0.338128,-0.05352326,0.3378072,0.9396923,moving,-5.673653,15.88453,-1.605343,0.3784996
05/15/2023 14:23:19.111419,2720,True,True,True,True,Eyes,1.233978,-0.2993538,-3.335405,-0.09415538,0.2734908,0.9572552,0,0,0,0,0,0,0,-1.080825,-0.8600599,3.306964,1.245563,-0.3011162,-3.346909,-0.1728535,-0.0246237,0.00292738,0.9846354,340.1078,356.9823,0.869973,0.3451916,-0.08446553,-0.9347228,0,0,0,1.174108,0.01586429,-2.488791,-0.02609967,0.005614132,0.9171888,0.9987702,0.01427739,0.04747872,0.002747785,0.9402261,-0.3405395,-0.04950276,0.3402513,0.9390306,moving,-5.617529,15.9448,-1.629978,0.3507043
05/15/2023 14:23:19.120966,2721,True,True,True,True,Eyes,1.234146,-0.2992836,-3.335483,-0.09327114,0.2745775,0.9570307,0,0,0,0,0,0,0,-1.09454,-0.8684992,3.30056,1.245912,-0.3009203,-3.347111,-0.1741111,-0.02264252,0.002642145,0.9844621,339.959,357.2238,0.7981744,0.345248,-0.08440676,-0.9347073,0,0,0,1.177589,0.01824638,-2.488519,-0.0265881,0.005190343,0.9181399,0.9989607,0.01308681,0.04366135,0.002682443,0.9393567,-0.3429312,-0.04550146,0.3426918,0.9383453,moving,-5.566404,16.00848,-1.658746,0.3238957
05/15/2023 14:23:19.141090,2722,True,True,True,True,Eyes,1.234319,-0.2992125,-3.335567,-0.0922839,0.2757254,0.9567963,0,0,0,0,0,0,0,-1.107527,-0.8774861,3.294322,1.246053,-0.3007489,-3.347544,-0.175421,-0.02072841,0.002302325,0.9842725,339.8042,357.4587,0.7206818,0.3453023,-0.08435159,-0.9346923,0,0,0,1.180732,0.02039671,-2.488274,-0.02710473,0.004389286,0.9192352,0.9991301,0.01180463,0.03999706,0.002740167,0.9384444,-0.3454196,-0.04161256,0.3452287,0.9375956,moving,-5.509191,16.07569,-1.688944,0.2735814
05/15/2023 14:23:19.161404,2723,True,True,True,True,Eyes,1.234495,-0.2991366,-3.33566,-0.09113738,0.2768332,0.9565862,0,0,0,0,0,0,0,-1.119308,-0.8862302,3.28834,1.246341,-0.3006957,-3.347782,-0.1767257,-0.01901507,0.002007899,0.9840744,339.6505,357.669,0.6522227,0.3453547,-0.08429965,-0.9346777,0,0,0,1.184176,0.02275361,-2.488004,-0.02710089,0.003955036,0.9202996,0.9992688,0.01067275,0.03671479,0.00276906,0.937528,-0.3478989,-0.03813418,0.3477462,0.9368129,moving,-5.442346,16.14029,-1.686753,0.2462301
05/15/2023 14:23:19.179542,2724,True,True,True,True,Eyes,1.234677,-0.2990592,-3.33576,-0.08990017,0.2779849,0.9563694,0,0,0,0,0,0,0,-1.130737,-0.8936319,3.282881,1.246477,-0.3005452,-3.348197,-0.1778052,-0.0173268,0.001714173,0.9839117,339.5231,357.8769,0.58316,0.3454055,-0.08425044,-0.9346634,0,0,0,1.187589,0.02508874,-2.487738,-0.02693426,0.003761917,0.921496,0.9993937,0.00953478,0.03348651,0.0027884,0.9367648,-0.3499485,-0.03470566,0.3498297,0.9361703,moving,-5.37011,16.2074,-1.674213,0.2339031
05/15/2023 14:23:19.191416,2725,True,True,True,True,Eyes,1.234872,-0.2989794,-3.335869,-0.08847132,0.2790552,0.9561909,0,0,0,0,0,0,0,-1.142366,-0.9009326,3.277228,1.246759,-0.3004644,-3.348465,-0.1789033,-0.01563224,0.001462717,0.9837413,339.3938,358.085,0.518546,0.3454548,-0.08420363,-0.9346495,0,0,0,1.190851,0.02732063,-2.487483,-0.02707435,0.003553569,0.9225581,0.999507,0.008471189,0.03023279,0.002715449,0.9359829,-0.3520349,-0.03127953,0.3519435,0.9354985,moving,-5.286227,16.26938,-1.680979,0.2206945
05/15/2023 14:23:19.211270,2726,True,True,True,True,Eyes,1.235071,-0.298895,-3.335982,-0.08694173,0.2801509,0.9560108,0,0,0,0,0,0,0,-1.155069,-0.9062469,3.271787,1.246948,-0.3003722,-3.348874,-0.1797689,-0.01377752,0.001392346,0.9836115,339.2919,358.3089,0.4712003,0.3455031,-0.08415889,-0.9346356,0,0,0,1.194209,0.02961822,-2.48722,-0.02725768,0.003790796,0.9237776,0.9996165,0.007692592,0.02660284,0.002214482,0.9353625,-0.3536838,-0.02760404,0.3536071,0.9349867,moving,-5.19631,16.33278,-1.690122,0.2351165
05/15/2023 14:23:19.221402,2727,True,True,True,True,Eyes,1.235261,-0.298806,-3.336109,-0.08515062,0.2811961,0.9558651,0,0,0,0,0,0,0,-1.168581,-0.9115804,3.265821,1.247263,-0.3002692,-3.349077,-0.1806274,-0.01181299,0.001242693,0.9834799,339.1908,358.5481,0.4113987,0.3455505,-0.08411586,-0.934622,0,0,0,1.197551,0.03190533,-2.486959,-0.02782318,0.004083037,0.9248074,0.9997178,0.006711826,0.02278675,0.001823172,0.9347444,-0.3553162,-0.02368461,0.3552575,0.9344684,moving,-5.0906,16.39281,-1.723246,0.25296
05/15/2023 14:23:19.241207,2728,True,True,True,True,Eyes,1.235458,-0.2987206,-3.336237,-0.08330604,0.2822687,0.9557115,0,0,0,0,0,0,0,-1.181063,-0.9172666,3.260257,1.247286,-0.3000975,-3.349594,-0.1815398,-0.009962508,0.001184983,0.9833325,339.0837,358.7717,0.3648179,0.3455967,-0.08407423,-0.9346086,0,0,0,1.200781,0.03411485,-2.486707,-0.02797277,0.004027128,0.9260867,0.9997987,0.005947649,0.01916267,0.001286718,0.9340838,-0.3570516,-0.02002316,0.3570043,0.9338881,moving,-4.981682,16.45447,-1.730113,0.2491516
05/15/2023 14:23:19.261359,2729,True,True,True,True,Eyes,1.235669,-0.2986321,-3.336376,-0.0813851,0.2833125,0.9555681,0,0,0,0,0,0,0,-1.192476,-0.9217349,3.255171,1.247582,-0.3000526,-3.349812,-0.1823977,-0.008337277,0.001428926,0.9831886,338.9834,358.9617,0.3591432,0.3456421,-0.08403394,-0.9345955,0,0,0,1.204165,0.03643088,-2.486442,-0.02773708,0.004404008,0.9272137,0.9998569,0.005851209,0.01587296,0.0002315928,0.933458,-0.3586865,-0.0169155,0.3586389,0.9333231,moving,-4.868095,16.51435,-1.713461,0.272137
05/15/2023 14:23:19.279573,2730,True,True,True,True,Eyes,1.235889,-0.298542,-3.336516,-0.07940451,0.2843891,0.955415,0,0,0,0,0,0,0,-1.203591,-0.9270369,3.25013,1.247786,-0.2999289,-3.350291,-0.1832896,-0.006723207,0.001484176,0.983035,338.8789,359.1547,0.3306109,0.345687,-0.08399475,-0.9345825,0,0,0,1.20751,0.03871926,-2.486181,-0.02749819,0.004503161,0.9285547,0.9999052,0.00538258,0.01267423,-0.0004534053,0.9328055,-0.3603801,-0.01376236,0.3603402,0.9327195,moving,-4.750932,16.57618,-1.69626,0.277862
05/15/2023 14:23:19.291462,2731,True,True,True,True,Eyes,1.236099,-0.2984496,-3.336667,-0.0773432,0.2854731,0.9552608,0,0,0,0,0,0,0,-1.215487,-0.9327875,3.244412,1.248203,-0.2998251,-3.350492,-0.1842243,-0.005010035,0.001397499,0.9828705,338.7693,359.363,0.2823254,0.3457316,-0.08395648,-0.9345694,0,0,0,1.210909,0.04104486,-2.485915,-0.0276572,0.004657179,0.9296725,0.9999459,0.004593061,0.009333524,-0.0009011805,0.9321189,-0.3621513,-0.01036334,0.3621233,0.9320726,moving,-4.628886,16.63841,-1.704013,0.2870199
05/15/2023 14:23:19.311371,2732,True,True,True,True,Eyes,1.236317,-0.2983535,-3.336818,-0.07522064,0.2865986,0.9550933,0,0,0,0,0,0,0,-1.227469,-0.9388714,3.238672,1.248406,-0.2997054,-3.350942,-0.1851497,-0.003236401,0.001175524,0.9827044,338.6609,359.5819,0.2158384,0.3457756,-0.08391897,-0.9345565,0,0,0,1.214331,0.04338687,-2.485647,-0.0277431,0.004723787,0.9310294,0.9999763,0.003508822,0.005925554,-0.001111947,0.9314364,-0.3639024,-0.006796145,0.3638872,0.9314182,moving,-4.50317,16.70313,-1.706812,0.2907006
05/15/2023 14:23:19.321037,2733,True,True,True,True,Eyes,1.2365,-0.2982531,-3.336981,-0.07299761,0.2877344,0.9549242,0,0,0,0,0,0,0,-1.239461,-0.9461395,3.232281,1.248784,-0.2995533,-3.351103,-0.1862112,-0.001470046,0.0008023541,0.9825084,338.5367,359.8038,0.1307718,0.3458194,-0.08388203,-0.9345436,0,0,0,1.217679,0.04567738,-2.485386,-0.02812916,0.004545659,0.9320979,0.9999944,0.002124117,0.00258985,-0.001029161,0.9306495,-0.3659105,-0.00318748,0.3659058,0.9306465,moving,-4.37138,16.76842,-1.728567,0.2794181
05/15/2023 14:23:19.341183,2734,True,True,True,True,Eyes,1.236691,-0.2981516,-3.337148,-0.07070317,0.2889258,0.9547371,0,0,0,0,0,0,0,-1.251168,-0.9539061,3.226091,1.249036,-0.2993589,-3.351614,-0.1873145,0.0002779264,0.0004069065,0.9823,338.4078,0.02425205,0.04284362,0.3458618,-0.0838455,-0.9345312,0,0,0,1.220857,0.04785196,-2.485137,-0.02854324,0.004009873,0.9334347,0.9999995,0.0006952892,-0.0006984532,-0.0009035278,0.9298263,-0.3679977,0.0003935753,0.3679982,0.9298264,moving,-4.235315,16.83704,-1.751486,0.2461312
05/15/2023 14:23:19.361314,2735,True,True,True,True,Eyes,1.236892,-0.2980472,-3.337322,-0.06847373,0.2901711,0.954522,0,0,0,0,0,0,0,-1.264399,-0.9625648,3.218748,1.249403,-0.2992738,-3.351866,-0.1885834,0.002244795,-3.398744E-05,0.9820548,338.2598,0.272754,359.9437,0.3459033,-0.08380927,-0.9345191,0,0,0,1.22423,0.05015986,-2.484874,-0.02930362,0.003466368,0.9346346,0.99999,-0.0009134174,-0.004396204,-0.0007799074,0.9288726,-0.3703986,0.004421842,0.3703983,0.9288625,moving,-4.10315,16.90908,-1.795808,0.2124973
05/15/2023 14:23:19.379690,2736,True,True,True,True,Eyes,1.237101,-0.2979438,-3.337497,-0.06616577,0.2914694,0.9542891,0,0,0,0,0,0,0,-1.277707,-0.9718343,3.211228,1.249663,-0.2991499,-3.352288,-0.1899092,0.004250498,-0.0005422193,0.9817923,338.1055,0.5281001,359.8346,0.3459441,-0.08377323,-0.9345072,0,0,0,1.227715,0.05254456,-2.484601,-0.02995265,0.002771586,0.9360266,0.9999633,-0.002679111,-0.008140266,-0.0005497238,0.9278684,-0.3729074,0.008552156,0.3728982,0.9278328,moving,-3.966263,16.98429,-1.832827,0.169653
05/15/2023 14:23:19.391411,2737,True,True,True,True,Eyes,1.237298,-0.2978385,-3.33768,-0.06392749,0.2927738,0.9540423,0,0,0,0,0,0,0,-1.291409,-0.980635,3.203439,1.250022,-0.2991149,-3.352519,-0.1912012,0.006302884,-0.001025386,0.9815302,337.9555,0.7890952,359.7266,0.3459845,-0.08373736,-0.9344955,0,0,0,1.23094,0.0547511,-2.484349,-0.03104737,0.00213027,0.937195,0.9999185,-0.004423132,-0.01198083,-0.0003973432,0.9268821,-0.3753524,0.01276505,0.3753266,0.9268047,moving,-3.833486,17.06005,-1.897399,0.1302347
05/15/2023 14:23:19.411333,2738,True,True,True,True,Eyes,1.237505,-0.2977322,-3.337863,-0.06161022,0.2941097,0.9537839,0,0,0,0,0,0,0,-1.305743,-0.9879491,3.195873,1.250251,-0.2990005,-3.352922,-0.1922393,0.008478263,-0.001549909,0.9813102,337.8355,1.06638,359.6101,0.3460241,-0.08370159,-0.934484,0,0,0,1.234215,0.05699223,-2.484093,-0.03221609,0.001857132,0.9385142,0.9998515,-0.006301592,-0.01604371,-0.0002178277,0.9260834,-0.3773189,0.01723552,0.3772664,0.9259444,moving,-3.695919,17.13772,-1.966003,0.1133767
05/15/2023 14:23:19.427119,2739,True,True,True,True,Eyes,1.237704,-0.2976232,-3.338056,-0.05940512,0.2954554,0.9535078,0,0,0,0,0,0,0,-1.319763,-0.9948196,3.18837,1.250669,-0.298903,-3.353151,-0.1932943,0.01056162,-0.001870993,0.9810823,337.7137,1.328141,359.5198,0.3460633,-0.08366588,-0.9344727,0,0,0,1.237784,0.05943396,-2.483814,-0.03304774,0.00181058,0.9397992,0.9997699,-0.007754197,-0.02000032,-0.0004118038,0.9252676,-0.3793148,0.02144693,0.3792357,0.9250515,moving,-3.565015,17.2162,-2.013958,0.1103837
05/15/2023 14:23:19.441356,2740,True,True,True,True,Eyes,1.237913,-0.2975122,-3.338253,-0.05713896,0.2968485,0.9532136,0,0,0,0,0,0,0,-1.332739,-1.001167,3.181575,1.2509,-0.2987629,-3.353645,-0.1942816,0.01250703,-0.002082789,0.9808638,337.5997,1.570855,359.4456,0.3461018,-0.08363012,-0.9344617,0,0,0,1.24104,0.06166201,-2.48356,-0.03372457,0.001561821,0.9412292,0.9996785,-0.008945634,-0.02372608,-0.0007739047,0.9245006,-0.3811797,0.02534467,0.3810754,0.9241965,moving,-3.430405,17.29756,-2.05205,0.09507316
05/15/2023 14:23:19.461204,2741,True,True,True,True,Eyes,1.238095,-0.2974043,-3.338454,-0.05483774,0.2982122,0.952923,0,0,0,0,0,0,0,-1.344858,-1.009982,3.174138,1.251291,-0.2986442,-3.353944,-0.1955649,0.01432977,-0.002524026,0.980583,337.4517,1.805007,359.3452,0.3461399,-0.08359426,-0.9344508,0,0,0,1.244361,0.0639346,-2.4833,-0.03436208,0.0008589327,0.9425238,0.9995766,-0.01055483,-0.02711583,-0.0006547671,0.923496,-0.3836075,0.02909028,0.3834629,0.923098,moving,-3.293561,17.37724,-2.087937,0.05221429
05/15/2023 14:23:19.481495,2742,True,True,True,True,Eyes,1.238284,-0.2972936,-3.338655,-0.05249335,0.2995888,0.9526232,0,0,0,0,0,0,0,-1.356709,-1.017214,3.16724,1.251517,-0.2986404,-3.354297,-0.1966273,0.01613696,-0.002942268,0.9803413,337.3297,2.03687,359.2477,0.346177,-0.0835584,-0.9344403,0,0,0,1.247702,0.06622073,-2.483039,-0.03479065,0.0006709695,0.9439375,0.9994619,-0.01211478,-0.03048238,-0.0005770796,0.9226581,-0.3856186,0.0327965,0.3854287,0.9221546,moving,-3.154037,17.45775,-2.110792,0.04072697
05/15/2023 14:23:19.491767,2743,True,True,True,True,Eyes,1.238443,-0.2971788,-3.338863,-0.04993212,0.3008765,0.952355,0,0,0,0,0,0,0,-1.367393,-1.02354,3.160952,1.251848,-0.2984978,-3.354518,-0.1974825,0.01776804,-0.003470293,0.9801394,337.2322,2.250014,359.1412,0.3462132,-0.08352246,-0.9344301,0,0,0,1.250894,0.06840473,-2.48279,-0.03519124,0.0007042587,0.9451404,0.9993445,-0.01382049,-0.03345966,-0.0002150119,0.9219772,-0.387244,0.03620094,0.3869974,0.9213699,moving,-3.001279,17.53283,-2.132359,0.04269318
05/15/2023 14:23:19.511368,2744,True,True,True,True,Eyes,1.238615,-0.2970643,-3.339075,-0.04736603,0.3022074,0.9520647,0,0,0,0,0,0,0,-1.376677,-1.030643,3.155155,1.252055,-0.2983094,-3.354972,-0.1985066,0.01918361,-0.003782405,0.9799044,337.1146,2.432275,359.0653,0.346248,-0.08348634,-0.9344204,0,0,0,1.254178,0.07065151,-2.482533,-0.03491409,0.0003362894,0.9466082,0.9992354,-0.01502894,-0.03609454,-0.000203357,0.9211616,-0.3891802,0.03909787,0.3888899,0.9204542,moving,-2.848166,17.61065,-2.112303,0.02035474
05/15/2023 14:23:19.521135,2745,True,True,True,True,Eyes,1.238759,-0.2969457,-3.339291,-0.04465451,0.3034987,0.9517849,0,0,0,0,0,0,0,-1.385313,-1.039094,3.149084,1.252471,-0.2982436,-3.35528,-0.1997299,0.02048141,-0.004161424,0.9796282,336.9738,2.602611,358.983,0.3462817,-0.08345006,-0.9344112,0,0,0,1.257598,0.07299155,-2.482266,-0.03452318,-0.0001751184,0.9480526,0.9991264,-0.0163348,-0.03846601,-2.820638E-05,0.9201813,-0.3914925,0.04179065,0.3911516,0.919377,moving,-2.686154,17.68609,-2.085495,-0.01058332
05/15/2023 14:23:19.541258,2746,True,True,True,True,Eyes,1.238908,-0.2968302,-3.339507,-0.04193506,0.3048317,0.9514826,0,0,0,0,0,0,0,-1.393921,-1.04835,3.142665,1.252694,-0.2980673,-3.355639,-0.2009695,0.02183564,-0.004777133,0.9793425,336.8321,2.786207,358.8698,0.3463137,-0.08341352,-0.9344026,0,0,0,1.260923,0.07526644,-2.482006,-0.03423627,-0.0009112656,0.9494779,0.9990008,-0.0181335,-0.04084903,0.0005803043,0.9191769,-0.3938445,0.04468927,0.3934272,0.918269,moving,-2.523586,17.76418,-2.065076,-0.05498986
05/15/2023 14:23:19.560979,2747,True,True,True,True,Eyes,1.239047,-0.2967132,-3.33973,-0.03923593,0.3061414,0.9511771,0,0,0,0,0,0,0,-1.402669,-1.057147,3.136155,1.252906,-0.2980729,-3.355873,-0.2021779,0.02321517,-0.005383255,0.9790589,336.6942,2.973082,358.7567,0.3463443,-0.08337683,-0.9343945,0,0,0,1.26436,0.07761867,-2.481737,-0.03387927,-0.001309097,0.9509153,0.9988642,-0.01992824,-0.04328129,0.001153859,0.9181902,-0.3961381,0.04763478,0.3956382,0.9171703,moving,-2.362104,17.84105,-2.040475,-0.07887734
05/15/2023 14:23:19.580302,2748,True,True,True,True,Eyes,1.239191,-0.2965979,-3.339955,-0.03656743,0.3074643,0.9508568,0,0,0,0,0,0,0,-1.410827,-1.064607,3.13046,1.252983,-0.2979618,-3.356316,-0.2032152,0.02450456,-0.005812829,0.9788102,336.5759,3.144468,358.6674,0.3463733,-0.08333997,-0.934387,0,0,0,1.267677,0.0798879,-2.481478,-0.03328735,-0.001638263,0.9524792,0.9987315,-0.02133871,-0.04560812,0.001419913,0.9173396,-0.3981031,0.05033314,0.3975333,0.9162062,moving,-2.202358,17.91887,-2.001565,-0.0985486
05/15/2023 14:23:19.591412,2749,True,True,True,True,Eyes,1.239336,-0.2964867,-3.340188,-0.03395504,0.3088019,0.9505202,0,0,0,0,0,0,0,-1.416944,-1.070521,3.126096,1.253204,-0.2979172,-3.356627,-0.2040774,0.02543977,-0.006060791,0.9786054,336.4772,3.267716,358.6098,0.3464011,-0.08330299,-0.9343801,0,0,0,1.271012,0.08216986,-2.481217,-0.03209453,-0.001502365,0.9539885,0.9986322,-0.02224561,-0.04731726,0.001478883,0.9166313,-0.3997308,0.05226474,0.3991141,0.9154105,moving,-2.045883,17.99778,-1.926845,-0.09023075
05/15/2023 14:23:19.611253,2750,True,True,True,True,Eyes,1.239476,-0.2963759,-3.340423,-0.03111262,0.3102616,0.9501419,0,0,0,0,0,0,0,-1.421074,-1.076331,3.122707,1.253364,-0.2979288,-3.357016,-0.2049717,0.02606062,-0.006138877,0.9784017,336.3737,3.348433,358.5805,0.3464276,-0.083266,-0.9343735,0,0,0,1.274493,0.08455179,-2.480945,-0.03005369,-0.001321673,0.9556845,0.9985663,-0.02269595,-0.04847892,0.001329195,0.9158978,-0.4014093,0.05351211,0.4007693,0.9146149,moving,-1.875493,18.08406,-1.801203,-0.07923772
05/15/2023 14:23:19.621361,2751,True,True,True,True,Eyes,1.239639,-0.2962691,-3.340659,-0.02831446,0.3118668,0.9497039,0,0,0,0,0,0,0,-1.426805,-1.081702,3.11868,1.253511,-0.2978665,-3.35738,-0.2058583,0.02691321,-0.006093812,0.9781927,336.2711,3.454483,358.5602,0.3464529,-0.083229,-0.9343674,0,0,0,1.277788,0.08680667,-2.480687,-0.02856853,-0.001303375,0.9572543,0.9984772,-0.02300246,-0.0501437,0.0008412276,0.9151704,-0.4030662,0.05516155,0.4024102,0.9137961,moving,-1.70771,18.17931,-1.709442,-0.07801253
05/15/2023 14:23:19.641433,2752,True,True,True,True,Eyes,1.239799,-0.2961646,-3.340905,-0.02557328,0.3134607,0.9492568,0,0,0,0,0,0,0,-1.432505,-1.08629,3.114845,1.253734,-0.2978985,-3.357643,-0.2066563,0.02774534,-0.006015114,0.9780017,336.1786,3.556998,358.5447,0.3464776,-0.0831921,-0.9343615,0,0,0,1.281004,0.08900665,-2.480436,-0.02718807,-0.001039505,0.9587445,0.9983881,-0.02323308,-0.05178386,0.000298084,0.9145139,-0.4045543,0.0567561,0.4038867,0.9130468,moving,-1.543193,18.2741,-1.624358,-0.06212211
05/15/2023 14:23:19.661117,2753,True,True,True,True,Eyes,1.239966,-0.2960573,-3.341155,-0.0226943,0.3151096,0.948784,0,0,0,0,0,0,0,-1.436899,-1.090999,3.111715,1.253814,-0.2978673,-3.358118,-0.2073699,0.02841945,-0.006105452,0.9778308,336.0965,3.64434,358.5128,0.3465016,-0.08315531,-0.9343559,0,0,0,1.284411,0.09133823,-2.48017,-0.02526132,-0.000644505,0.9605057,0.9983101,-0.02372687,-0.05304665,0.0001535215,0.9139209,-0.4058923,0.058111,0.4051982,0.9123802,moving,-1.370217,18.37233,-1.506533,-0.0384458
05/15/2023 14:23:19.680967,2754,True,True,True,True,Eyes,1.240128,-0.295949,-3.341412,-0.01990628,0.3167633,0.9482957,0,0,0,0,0,0,0,-1.439978,-1.097404,3.10851,1.253959,-0.2977375,-3.358513,-0.2082213,0.02891799,-0.006445736,0.977633,335.9988,3.717219,358.4541,0.3465252,-0.08311856,-0.9343504,0,0,0,1.287955,0.09376328,-2.479893,-0.02303293,-0.0004989207,0.9622218,0.9982444,-0.02464581,-0.05385808,0.000560445,0.9132047,-0.4075008,0.05922664,0.4067552,0.9116153,moving,-1.202556,18.47109,-1.371241,-0.02970837
05/15/2023 14:23:19.695962,2755,True,True,True,True,Eyes,1.240289,-0.2958425,-3.341672,-0.0172227,0.3184332,0.9477888,0,0,0,0,0,0,0,-1.441498,-1.104262,3.105807,1.253993,-0.2976334,-3.358908,-0.2091759,0.02918167,-0.006669844,0.9774199,335.8884,3.758747,358.415,0.3465481,-0.08308178,-0.9343452,0,0,0,1.291106,0.09591917,-2.479646,-0.02059359,-0.0007680058,0.9638139,0.9982079,-0.02524668,-0.05425515,0.0008302712,0.9124019,-0.4092945,0.05983583,0.408516,0.9107878,moving,-1.041033,18.57105,-1.224039,-0.04565558
05/15/2023 14:23:19.711538,2756,True,True,True,True,Eyes,1.240289,-0.2958425,-3.341672,-0.0172227,0.3184332,0.9477888,0,0,0,0,0,0,0,-1.441708,-1.112061,3.10334,1.254131,-0.2976012,-3.359242,-0.2102782,0.02923004,-0.006882329,0.9771803,335.7602,3.774155,358.3822,0.3465704,-0.08304504,-0.9343402,0,0,0,1.294436,0.09819748,-2.479386,-0.01767313,-0.001133263,0.9654607,0.9981965,-0.02574343,-0.05423163,0.001157673,0.9114715,-0.4113617,0.06002045,0.410557,0.9098574,moving,-1.041033,18.57105,-1.048704,-0.06725407
05/15/2023 14:23:19.721421,2757,True,True,True,True,Eyes,1.240289,-0.2958425,-3.341672,-0.0172227,0.3184332,0.9477888,0,0,0,0,0,0,0,-1.44208,-1.118268,3.101292,1.254145,-0.2975911,-3.359566,-0.2111895,0.02930441,-0.006973374,0.976981,335.6539,3.788958,358.3645,0.3465905,-0.08301198,-0.9343358,0,0,0,1.297849,0.1005329,-2.47912,-0.01454853,-0.001055241,0.967154,0.9981853,-0.02600327,-0.05431429,0.001248142,0.9107007,-0.4130648,0.06020511,0.4122474,0.9090805,moving,-1.041033,18.57105,-0.8618138,-0.06251415
05/15/2023 14:23:19.741176,2758,True,True,True,True,Eyes,1.240476,-0.2957323,-3.341958,-0.0150394,0.3204822,0.9471352,0,0,0,0,0,0,0,-1.441855,-1.123532,3.099756,1.254282,-0.297574,-3.35976,-0.2119259,0.02927699,-0.007131336,0.9768211,335.5682,3.792434,358.3421,0.3466085,-0.08298222,-0.9343317,0,0,0,1.301093,0.102753,-2.478866,-0.01154048,-0.0006839335,0.9686553,0.998184,-0.02634118,-0.05417413,0.001522976,0.9100731,-0.414445,0.06021939,0.4136098,0.9084605,moving,-0.9097134,18.69428,-0.6825852,-0.04045453
05/15/2023 14:23:19.761757,2759,True,True,True,True,Eyes,1.240657,-0.2956256,-3.342245,-0.01296461,0.3224818,0.9464868,0,0,0,0,0,0,0,-1.440187,-1.129034,3.098864,1.254225,-0.2975178,-3.360092,-0.2126475,0.02906498,-0.007343982,0.9766691,335.4841,3.774632,358.318,0.3466269,-0.08295161,-0.9343276,0,0,0,1.30442,0.105029,-2.478606,-0.007938258,-0.0003237724,0.9703183,0.9982026,-0.02670647,-0.05365038,0.001984089,0.9094542,-0.4157994,0.05989709,0.4149456,0.9078725,moving,-0.7847661,18.81472,-0.4687313,-0.01911826
05/15/2023 14:23:19.779911,2760,True,True,True,True,Eyes,1.240825,-0.2955151,-3.342533,-0.01089325,0.3244305,0.9458469,0,0,0,0,0,0,0,-1.438393,-1.132297,3.098832,1.254287,-0.2975067,-3.36037,-0.2131039,0.02878724,-0.007365727,0.9765776,335.4302,3.742677,358.3204,0.3466454,-0.08292033,-0.9343235,0,0,0,1.307799,0.1073415,-2.478342,-0.004197076,0.0006506145,0.9719676,0.9982341,-0.02665575,-0.05308661,0.002117065,0.909065,-0.416649,0.05936527,0.4158008,0.9075161,moving,-0.6598423,18.93224,-0.2474087,0.03835257
05/15/2023 14:23:19.791613,2761,True,True,True,True,Eyes,1.24099,-0.2954125,-3.342818,-0.008801447,0.3264823,0.9451623,0,0,0,0,0,0,0,-1.435779,-1.137565,3.098444,1.254263,-0.2973475,-3.360696,-0.2138692,0.0283907,-0.00731205,0.9764223,335.3397,3.695166,358.3339,0.3466636,-0.08288835,-0.9343196,0,0,0,1.311263,0.1097112,-2.478071,-2.89306E-05,0.0009013414,0.9736384,0.9982811,-0.02642309,-0.05231497,0.002135503,0.9084129,-0.4180686,0.05857027,0.4172382,0.9069078,moving,-0.5335287,19.05617,-0.001702482,0.0530413
05/15/2023 14:23:19.811438,2762,True,True,True,True,Eyes,1.241146,-0.2953089,-3.3431,-0.006804085,0.3284903,0.9444828,0,0,0,0,0,0,0,-1.433513,-1.14235,3.097983,1.254321,-0.2974796,-3.360893,-0.2145762,0.02804656,-0.007348319,0.9762769,335.2563,3.656278,358.3352,0.3466816,-0.08285598,-0.9343158,0,0,0,1.314542,0.1119551,-2.477815,0.003742315,0.001477659,0.9752307,0.9983189,-0.02638423,-0.05160886,0.002311738,0.907806,-0.4193838,0.05791595,0.4185594,0.9063408,moving,-0.4127535,19.17763,0.2198637,0.08681387
05/15/2023 14:23:19.821268,2763,True,True,True,True,Eyes,1.241307,-0.2952102,-3.34338,-0.004670215,0.3305358,0.9437819,0,0,0,0,0,0,0,-1.431998,-1.14671,3.097247,1.254269,-0.2973689,-3.361083,-0.2151089,0.02786265,-0.007598584,0.976163,335.1945,3.642294,358.3068,0.3466991,-0.08282324,-0.9343122,0,0,0,1.317967,0.1142987,-2.477547,0.00737641,0.002277762,0.9767826,0.9983319,-0.02682192,-0.05112793,0.002847906,0.9073408,-0.4203862,0.05766602,0.4195393,0.9059036,moving,-0.2835204,19.30152,0.4326747,0.1336079
05/15/2023 14:23:19.841388,2764,True,True,True,True,Eyes,1.241462,-0.2951096,-3.343659,-0.002621567,0.3325647,0.9430768,0,0,0,0,0,0,0,-1.430424,-1.151708,3.096417,1.254335,-0.29743,-3.361327,-0.2158315,0.02762811,-0.007668269,0.9760097,335.1096,3.617878,358.301,0.3467164,-0.0827903,-0.9343088,0,0,0,1.321123,0.1164577,-2.4773,0.0107964,0.002660424,0.9783365,0.9983558,-0.02689464,-0.05062048,0.003042575,0.9067159,-0.4217311,0.0572407,0.4208836,0.9053069,moving,-0.1592705,19.42459,0.6322599,0.155806
05/15/2023 14:23:19.861435,2765,True,True,True,True,Eyes,1.241634,-0.2950117,-3.34393,-0.0002733111,0.3345746,0.9423693,0,0,0,0,0,0,0,-1.429917,-1.158155,3.094472,1.254344,-0.2973071,-3.361543,-0.2167148,0.02758782,-0.007877263,0.9758133,335.0067,3.621834,358.272,0.3467333,-0.08275714,-0.9343054,0,0,0,1.324566,0.1188138,-2.477031,0.01412997,0.002737075,0.9799193,0.9983538,-0.02733085,-0.05042688,0.003416096,0.9059452,-0.4233811,0.05725536,0.4225118,0.9045472,moving,-0.01661724,19.54667,0.8261204,0.1600361
05/15/2023 14:23:19.880238,2766,True,True,True,True,Eyes,1.2418,-0.2949149,-3.344197,0.002004612,0.3365576,0.9416608,0,0,0,0,0,0,0,-1.43055,-1.163303,3.092409,1.25445,-0.2973239,-3.36165,-0.2174072,0.02771555,-0.008159148,0.9756534,334.9268,3.647897,358.2303,0.3467504,-0.08272385,-0.934302,0,0,0,1.327936,0.1211197,-2.476768,0.01694199,0.003323942,0.9814347,0.9983306,-0.02797211,-0.05053382,0.003869876,0.9053351,-0.4246803,0.05762924,0.4237758,0.9039319,moving,0.1219713,19.66732,0.9889685,0.1940497
05/15/2023 14:23:19.891517,2767,True,True,True,True,Eyes,1.242005,-0.294823,-3.344462,0.004376972,0.3385616,0.9409341,0,0,0,0,0,0,0,-1.431952,-1.168611,3.089926,1.254459,-0.2972766,-3.361806,-0.2181443,0.02796922,-0.008388384,0.9754796,334.8416,3.68833,358.1913,0.3467675,-0.0826905,-0.9342986,0,0,0,1.331211,0.1233608,-2.476512,0.01953707,0.003675789,0.9829432,0.9982947,-0.02856805,-0.05090705,0.004162743,0.9046853,-0.4260599,0.05822657,0.4251214,0.9032615,moving,0.2665226,19.78946,1.138666,0.2142608
05/15/2023 14:23:19.911496,2768,True,True,True,True,Eyes,1.242204,-0.2947309,-3.344725,0.006681513,0.3405269,0.940211,0,0,0,0,0,0,0,-1.433412,-1.173972,3.087491,1.254545,-0.2973512,-3.36202,-0.2189027,0.02821977,-0.008618528,0.9753005,334.754,3.728581,358.1521,0.3467856,-0.0826572,-0.9342949,0,0,0,1.334663,0.1257228,-2.476242,0.02222351,0.004171371,0.9846328,0.9982588,-0.02916607,-0.05127226,0.00445654,0.9040146,-0.4274783,0.05881874,0.4265054,0.9025705,moving,0.4071597,19.90944,1.292966,0.2427306
05/15/2023 14:23:19.921545,2769,True,True,True,True,Eyes,1.24243,-0.2946431,-3.34498,0.009120357,0.34249,0.9394771,0,0,0,0,0,0,0,-1.43487,-1.178701,3.085247,1.254585,-0.2972742,-3.362229,-0.2194913,0.02849465,-0.008976911,0.975157,334.6868,3.774824,358.0972,0.3468045,-0.08262396,-0.9342908,0,0,0,1.337966,0.1279828,-2.475984,0.02470804,0.004796207,0.9862009,0.998215,-0.03001645,-0.0516328,0.004999135,0.903486,-0.4285885,0.05951422,0.4275654,0.9020232,moving,0.5562047,20.02952,1.435174,0.2786453
05/15/2023 14:23:19.941180,2770,True,True,True,True,Eyes,1.242649,-0.2945553,-3.345235,0.01150428,0.3444071,0.9387499,0,0,0,0,0,0,0,-1.43748,-1.183367,3.082363,1.254707,-0.2973377,-3.362286,-0.2200956,0.02894124,-0.009380542,0.9750038,334.6184,3.84374,358.0316,0.3468248,-0.08259087,-0.9342862,0,0,0,1.341194,0.1301911,-2.475732,0.02668725,0.005532771,0.9876729,0.9981489,-0.0310318,-0.05230641,0.005552447,0.9029399,-0.429731,0.06056487,0.4286451,0.9014407,moving,0.7021185,20.147,1.547774,0.3209576
05/15/2023 14:23:19.961037,2771,True,True,True,True,Eyes,1.242878,-0.2944679,-3.345487,0.01409438,0.3463122,0.9380134,0,0,0,0,0,0,0,-1.440161,-1.187342,3.079843,1.254724,-0.2972655,-3.362525,-0.2205715,0.02940972,-0.009762689,0.9748785,334.565,3.914356,357.9688,0.3468463,-0.08255794,-0.9342812,0,0,0,1.344555,0.1324915,-2.475469,0.02885814,0.006404966,0.9893212,0.9980795,-0.03200876,-0.05303505,0.006060979,0.9025058,-0.430635,0.06164854,0.4294866,0.9009666,moving,0.8608486,20.26402,1.670823,0.3709335
05/15/2023 14:23:19.980212,2772,True,True,True,True,Eyes,1.243102,-0.2943828,-3.345735,0.01662334,0.3481903,0.9372765,0,0,0,0,0,0,0,-1.442497,-1.193176,3.076768,1.254833,-0.2972291,-3.36274,-0.2213348,0.02981803,-0.01015613,0.9746891,334.4779,3.979178,357.9045,0.346869,-0.08252515,-0.9342756,0,0,0,1.34793,0.1348003,-2.475205,0.03105653,0.006747246,0.9909717,0.9980155,-0.03299768,-0.05363079,0.006598617,0.9018155,-0.4320708,0.06262241,0.4308594,0.9002436,moving,1.01608,20.37961,1.795032,0.3901047
05/15/2023 14:23:19.991494,2773,True,True,True,True,Eyes,1.243318,-0.2943005,-3.345979,0.01926596,0.3500822,0.9365209,0,0,0,0,0,0,0,-1.445367,-1.198211,3.073637,1.254891,-0.297218,-3.362878,-0.2220329,0.0303005,-0.01044183,0.9745124,334.3982,4.050034,357.8516,0.3468927,-0.08249257,-0.9342697,0,0,0,1.351211,0.1370454,-2.474949,0.03312048,0.007204354,0.9925385,0.9979457,-0.03380679,-0.05441956,0.006895959,0.9011847,-0.4333804,0.06369328,0.4321148,0.8995665,moving,1.178514,20.49632,1.91122,0.4158749
05/15/2023 14:23:20.011117,2774,True,True,True,True,Eyes,1.243529,-0.2942187,-3.346223,0.02185467,0.3519435,0.9357661,0,0,0,0,0,0,0,-1.449032,-1.202355,3.070512,1.254964,-0.2972371,-3.363051,-0.2226489,0.03088469,-0.01061531,0.9743516,334.3279,4.130102,357.8102,0.3469172,-0.08246026,-0.9342634,0,0,0,1.354631,0.1393853,-2.474681,0.03514977,0.007900745,0.9942208,0.9978669,-0.03443896,-0.05545812,0.006933191,0.9006296,-0.4345324,0.06491207,0.433221,0.8989472,moving,1.337891,20.61138,2.024796,0.455301
05/15/2023 14:23:20.021784,2775,True,True,True,True,Eyes,1.243743,-0.2941407,-3.346461,0.02469089,0.3537514,0.9350135,0,0,0,0,0,0,0,-1.452958,-1.206704,3.067232,1.255036,-0.2971851,-3.363287,-0.2232905,0.03150858,-0.0107791,0.974183,334.2546,4.215045,357.7685,0.3469424,-0.08242823,-0.9342569,0,0,0,1.358095,0.1417554,-2.474411,0.03714578,0.008471698,0.9959623,0.9977821,-0.03507276,-0.05657651,0.00693049,0.9000503,-0.4357308,0.06620399,0.4343723,0.8982971,moving,1.512658,20.72355,2.135935,0.4873486
05/15/2023 14:23:20.041289,2776,True,True,True,True,Eyes,1.243953,-0.294063,-3.3467,0.02748629,0.3555205,0.9342643,0,0,0,0,0,0,0,-1.458153,-1.21012,3.063686,1.25527,-0.2972312,-3.363439,-0.223835,0.0322958,-0.01090537,0.9740309,334.1931,4.318854,357.7272,0.3469681,-0.08239656,-0.9342502,0,0,0,1.361342,0.1439772,-2.474157,0.03846584,0.009219438,0.9975843,0.9976761,-0.03570218,-0.05803221,0.00678647,0.899558,-0.4367487,0.06779621,0.4353399,0.8977098,moving,1.68517,20.83359,2.208173,0.5294989
05/15/2023 14:23:20.061746,2777,True,True,True,True,Eyes,1.244129,-0.2939902,-3.346935,0.03044641,0.3572846,0.9334992,0,0,0,0,0,0,0,-1.463723,-1.21355,3.059975,1.255351,-0.2971773,-3.363691,-0.2243334,0.03317706,-0.01111805,0.9738842,334.1376,4.43668,357.6727,0.3469944,-0.08236522,-0.9342432,0,0,0,1.364693,0.1462705,-2.473895,0.03980938,0.00999257,0.9993269,0.9975513,-0.03654082,-0.05963293,0.006769933,0.8991019,-0.4376872,0.06960953,0.4362117,0.8971476,moving,1.86806,20.9437,2.28124,0.5728986
05/15/2023 14:23:20.080056,2778,True,True,True,True,Eyes,1.244303,-0.2939183,-3.34717,0.03335807,0.3590119,0.9327367,0,0,0,0,0,0,0,-1.469883,-1.217335,3.055817,1.25546,-0.2972247,-3.36392,-0.224929,0.03414027,-0.01128648,0.9737116,334.0707,4.564029,357.6205,0.3470202,-0.08233435,-0.9342363,0,0,0,1.368032,0.1485547,-2.473634,0.04096536,0.01064485,1.001104,0.9974141,-0.03733781,-0.06140822,0.006621273,0.8985592,-0.4388025,0.07156283,0.4372613,0.8964827,moving,2.048234,21.0518,2.343247,0.6092097
05/15/2023 14:23:20.091605,2779,True,True,True,True,Eyes,1.244461,-0.2938496,-3.347408,0.036569,0.3606969,0.9319659,0,0,0,0,0,0,0,-1.475488,-1.220506,3.052195,1.255575,-0.2971908,-3.364194,-0.2254308,0.03500741,-0.01139549,0.9735635,334.0144,4.677408,357.5789,0.3470457,-0.08230394,-0.9342296,0,0,0,1.371421,0.1508741,-2.473369,0.04237352,0.01141813,1.002909,0.9972892,-0.03797197,-0.06302606,0.006404975,0.8981022,-0.4397403,0.07330164,0.4381445,0.8959109,moving,2.247051,21.15784,2.419342,0.6522849
05/15/2023 14:23:20.111206,2780,True,True,True,True,Eyes,1.24462,-0.2937814,-3.347647,0.03975032,0.3623602,0.9311901,0,0,0,0,0,0,0,-1.481927,-1.224955,3.047803,1.255856,-0.2972254,-3.364552,-0.2260887,0.03600182,-0.01164657,0.9733715,333.9409,4.811606,357.5149,0.3470704,-0.08227403,-0.9342231,0,0,0,1.374647,0.1530811,-2.473117,0.0431275,0.01180702,1.004761,0.9971365,-0.03895209,-0.06481997,0.006393682,0.8974965,-0.4409751,0.0753526,0.4392979,0.8951756,moving,2.444338,21.26284,2.457805,0.6732559
05/15/2023 14:23:20.121263,2781,True,True,True,True,Eyes,1.24475,-0.2937164,-3.347883,0.04320378,0.363988,0.930401,0,0,0,0,0,0,0,-1.489622,-1.229454,3.042625,1.25603,-0.2971945,-3.364842,-0.2267668,0.03720967,-0.01190266,0.9731653,333.8657,4.972793,357.4436,0.3470945,-0.08224458,-0.9342167,0,0,0,1.378086,0.1554344,-2.472848,0.04377408,0.01223367,1.006657,0.9969475,-0.04004236,-0.06702406,0.006290686,0.8968703,-0.4422489,0.07782056,0.4404774,0.8943845,moving,2.658657,21.36624,2.489915,0.6962682
05/15/2023 14:23:20.141377,2782,True,True,True,True,Eyes,1.244884,-0.2936504,-3.34812,0.04664421,0.3655983,0.9296032,0,0,0,0,0,0,0,-1.499156,-1.234548,3.036254,1.256283,-0.2972462,-3.365088,-0.2275784,0.03869335,-0.01215697,0.9729148,333.7756,5.169228,357.3633,0.3471172,-0.08221567,-0.9342108,0,0,0,1.381376,0.1576857,-2.472591,0.04364982,0.01236671,1.008516,0.9967101,-0.04126692,-0.06975733,0.006043839,0.8961205,-0.4437695,0.08082399,0.4418879,0.8934218,moving,2.872491,21.46894,2.478286,0.7025422
05/15/2023 14:23:20.161251,2783,True,True,True,True,Eyes,1.244997,-0.2935808,-3.348357,0.05023742,0.3671917,0.9287876,0,0,0,0,0,0,0,-1.508693,-1.239555,3.029852,1.256455,-0.2971864,-3.365361,-0.2283068,0.04021229,-0.0125432,0.9726777,333.6963,5.373707,357.2659,0.3471389,-0.08218721,-0.9342052,0,0,0,1.38471,0.1599666,-2.47233,0.04350606,0.01259682,1.010391,0.9964513,-0.04276245,-0.07249978,0.006039497,0.8954374,-0.4451466,0.08395459,0.4431291,0.8925179,moving,3.096068,21.57113,2.465554,0.7142846
05/15/2023 14:23:20.180299,2784,True,True,True,True,Eyes,1.245116,-0.2935142,-3.3486,0.05379568,0.3687828,0.9279577,0,0,0,0,0,0,0,-1.517413,-1.245826,3.023349,1.256673,-0.2970797,-3.365676,-0.2291247,0.04163685,-0.01314477,0.9724174,333.6077,5.573548,357.1432,0.347159,-0.08215908,-0.9342002,0,0,0,1.388075,0.162269,-2.472067,0.04341403,0.01263309,1.012305,0.9961872,-0.04464447,-0.07495321,0.006484346,0.8946581,-0.4467043,0.08700037,0.4445151,0.8915365,moving,3.317845,21.67353,2.455701,0.7149872
05/15/2023 14:23:20.191356,2785,True,True,True,True,Eyes,1.245241,-0.2934498,-3.348844,0.05742434,0.370381,0.9271032,0,0,0,0,0,0,0,-1.525541,-1.252192,3.017147,1.256887,-0.2971182,-3.366065,-0.2300456,0.04294291,-0.01355362,0.9721375,333.5058,5.754021,357.0468,0.3471779,-0.08213129,-0.9341956,0,0,0,1.391318,0.164488,-2.471814,0.04351401,0.01245129,1.014292,0.9959444,-0.04610962,-0.0772569,0.006594315,0.8937906,-0.448436,0.08972871,0.4461079,0.8904698,moving,3.544346,21.77689,2.456532,0.7033186
05/15/2023 14:23:20.211498,2786,True,True,True,True,Eyes,1.245375,-0.2933813,-3.349092,0.06106139,0.3719766,0.9262316,0,0,0,0,0,0,0,-1.535863,-1.257346,3.010262,1.257244,-0.2971498,-3.366379,-0.2308638,0.04454688,-0.01382991,0.9718675,333.4162,5.967476,356.9585,0.3471959,-0.08210388,-0.9341913,0,0,0,1.394778,0.1668555,-2.471543,0.04315053,0.01258543,1.01633,0.9956486,-0.04745019,-0.08020166,0.006313154,0.8930213,-0.4499702,0.09297296,0.4475058,0.889435,moving,3.771741,21.8805,2.431158,0.7094694
05/15/2023 14:23:20.221096,2787,True,True,True,True,Eyes,1.245493,-0.2933136,-3.34934,0.06476791,0.3735765,0.9253354,0,0,0,0,0,0,0,-1.547507,-1.263845,3.002087,1.257508,-0.2970205,-3.366758,-0.231801,0.04641154,-0.01431512,0.97155,333.3151,6.2208,356.8349,0.3472131,-0.08207668,-0.9341874,0,0,0,1.398169,0.1691759,-2.471278,0.04218498,0.01226741,1.01837,0.9952821,-0.04933219,-0.08354575,0.006299235,0.8921268,-0.4517412,0.09681878,0.4490837,0.8882286,moving,4.00383,21.98492,2.372065,0.6901584
05/15/2023 14:23:20.241306,2788,True,True,True,True,Eyes,1.245618,-0.2932482,-3.349594,0.06846951,0.3751695,0.924424,0,0,0,0,0,0,0,-1.558927,-1.270612,2.993793,1.257803,-0.2970324,-3.367077,-0.2328052,0.04824183,-0.01479525,0.9712135,333.2063,6.470662,356.7118,0.3472293,-0.0820497,-0.9341837,0,0,0,1.401385,0.1713766,-2.471027,0.04107538,0.01185209,1.020343,0.9949077,-0.05120058,-0.08681741,0.006276796,0.8911657,-0.4536345,0.1005951,0.4507795,0.886949,moving,4.236004,22.08935,2.305279,0.6655053
05/15/2023 14:23:20.261156,2789,True,True,True,True,Eyes,1.245737,-0.2931874,-3.349851,0.07216331,0.3767376,0.9235048,0,0,0,0,0,0,0,-1.569573,-1.276875,2.986089,1.25802,-0.2970602,-3.367468,-0.2337007,0.04997117,-0.01531593,0.9709029,333.1105,6.708835,356.5869,0.3472447,-0.08202296,-0.9341803,0,0,0,1.404752,0.1736803,-2.470764,0.04034378,0.01173812,1.022468,0.9945366,-0.05309716,-0.08987563,0.006383973,0.8902988,-0.4553321,0.104193,0.4522706,0.8857737,moving,4.468053,22.19267,2.259563,0.6577374
05/15/2023 14:23:20.279870,2790,True,True,True,True,Eyes,1.245867,-0.293124,-3.350112,0.07587764,0.3782791,0.9225765,0,0,0,0,0,0,0,-1.580859,-1.282227,2.978487,1.258405,-0.2971638,-3.367896,-0.2345009,0.05176165,-0.01575713,0.970609,333.026,6.952025,356.4706,0.3472593,-0.08199657,-0.9341772,0,0,0,1.408253,0.1760755,-2.47049,0.03946658,0.01192415,1.024718,0.9941449,-0.05486433,-0.09309052,0.006311724,0.8895221,-0.4568485,0.1078708,0.4535861,0.8846602,moving,4.70173,22.29484,2.205633,0.6666932
05/15/2023 14:23:20.291366,2791,True,True,True,True,Eyes,1.246003,-0.29306,-3.350376,0.07959495,0.3798082,0.9216346,0,0,0,0,0,0,0,-1.593473,-1.28701,2.97026,1.258733,-0.2970767,-3.368284,-0.2351387,0.0537984,-0.01635791,0.970334,332.963,7.229932,356.328,0.3472732,-0.08197042,-0.9341743,0,0,0,1.411428,0.1782481,-2.470242,0.03776312,0.0121125,1.026721,0.9936763,-0.05704546,-0.09671208,0.006445098,0.8888844,-0.4580863,0.1120976,0.4545661,0.883631,moving,4.935977,22.3967,2.106408,0.6759022
05/15/2023 14:23:20.311393,2792,True,True,True,True,Eyes,1.246146,-0.292995,-3.350646,0.08333121,0.3813497,0.9206674,0,0,0,0,0,0,0,-1.606282,-1.293725,2.960991,1.259013,-0.2970503,-3.368677,-0.2360537,0.05590298,-0.01705946,0.9699808,332.8689,7.522058,356.1674,0.3472867,-0.08194443,-0.9341715,0,0,0,1.414757,0.1805261,-2.469982,0.03604537,0.01186195,1.028858,0.9931677,-0.05948689,-0.1003957,0.006702487,0.8879753,-0.4598423,0.1165035,0.4560276,0.8823071,moving,5.171849,22.49983,2.0065,0.6605477
05/15/2023 14:23:20.321451,2793,True,True,True,True,Eyes,1.24629,-0.2929337,-3.350914,0.08715274,0.3828758,0.9196795,0,0,0,0,0,0,0,-1.618966,-1.301067,2.951449,1.259257,-0.2970054,-3.369115,-0.2371752,0.05795985,-0.01750217,0.9695785,332.7489,7.802805,356.0376,0.3473,-0.08191855,-0.9341688,0,0,0,1.418336,0.1829751,-2.469702,0.03480528,0.01122934,1.031161,0.9926687,-0.06143274,-0.1040911,0.006446181,0.8868832,-0.4619488,0.1206954,0.4578911,0.8807772,moving,5.413426,22.60266,1.933197,0.6239259
05/15/2023 14:23:20.341159,2794,True,True,True,True,Eyes,1.246441,-0.2928711,-3.351183,0.09098214,0.3843855,0.9186784,0,0,0,0,0,0,0,-1.631481,-1.307162,2.942287,1.259591,-0.297086,-3.369366,-0.23816,0.0599669,-0.0178714,0.9692082,332.6445,8.074503,355.9192,0.3473131,-0.08189289,-0.9341661,0,0,0,1.421438,0.1850975,-2.469459,0.03315757,0.01078671,1.033107,0.9921691,-0.06320564,-0.1077283,0.006078778,0.8859209,-0.4637966,0.1247533,0.4595098,0.8793676,moving,5.655896,22.70499,1.838277,0.5982056
05/15/2023 14:23:20.361594,2795,True,True,True,True,Eyes,1.246599,-0.2928125,-3.351453,0.09488516,0.3858202,0.9176816,0,0,0,0,0,0,0,-1.643524,-1.312396,2.93377,1.259868,-0.297029,-3.369728,-0.238917,0.06192985,-0.01837205,0.9688891,332.5682,8.343079,355.7877,0.3473262,-0.08186735,-0.9341635,0,0,0,1.424761,0.187371,-2.4692,0.03177373,0.01079828,1.035209,0.9916543,-0.06519315,-0.1112275,0.006008776,0.8851623,-0.4652436,0.1287851,0.4606925,0.8781667,moving,5.903212,22.80331,1.75803,0.5976309
05/15/2023 14:23:20.379722,2796,True,True,True,True,Eyes,1.246763,-0.2927456,-3.351727,0.09879247,0.387243,0.9166695,0,0,0,0,0,0,0,-1.654984,-1.316594,2.925975,1.260243,-0.2971099,-3.370049,-0.2395249,0.06378341,-0.01886427,0.9686092,332.5092,8.596648,355.662,0.3473395,-0.08184206,-0.9341608,0,0,0,1.428304,0.1897955,-2.468923,0.03070086,0.01139364,1.037438,0.9911516,-0.06709964,-0.1145255,0.005988774,0.884544,-0.4664185,0.1325993,0.4616056,0.877119,moving,6.151212,22.90141,1.695056,0.6292239
05/15/2023 14:23:20.391595,2797,True,True,True,True,Eyes,1.246917,-0.2926829,-3.352004,0.1026984,0.3886344,0.9156507,0,0,0,0,0,0,0,-1.666348,-1.322995,2.917174,1.260501,-0.296887,-3.37045,-0.2403314,0.06569722,-0.01959947,0.9682668,332.4298,8.867513,355.5011,0.3473531,-0.08181673,-0.934158,0,0,0,1.431623,0.1920667,-2.468663,0.02928136,0.01116353,1.039517,0.9905995,-0.06953323,-0.1178041,0.006376822,0.8837133,-0.4679851,0.1366456,0.4628346,0.8758494,moving,6.399488,22.99808,1.613495,0.6152847
05/15/2023 14:23:20.411201,2798,True,True,True,True,Eyes,1.247074,-0.292618,-3.35228,0.106581,0.3900234,0.9146159,0,0,0,0,0,0,0,-1.676404,-1.329575,2.909022,1.26078,-0.2969818,-3.370867,-0.2413345,0.06734925,-0.02001336,0.9678953,332.3236,9.098128,355.3853,0.3473666,-0.08179148,-0.9341552,0,0,0,1.434829,0.1942602,-2.468413,0.02839126,0.01067641,1.041689,0.9901271,-0.07124907,-0.1207142,0.006234283,0.8827143,-0.4698688,0.1400338,0.4644772,0.8744435,moving,6.64675,23.09505,1.561212,0.587212
05/15/2023 14:23:20.421719,2799,True,True,True,True,Eyes,1.247243,-0.2925569,-3.352557,0.1103622,0.3913689,0.9135922,0,0,0,0,0,0,0,-1.685764,-1.336047,2.901028,1.260942,-0.2969078,-3.37115,-0.2422282,0.06894381,-0.02058659,0.9675476,332.2318,9.32577,355.2523,0.3473802,-0.08176626,-0.9341523,0,0,0,1.43832,0.196649,-2.46814,0.0279278,0.01052603,1.043839,0.9896459,-0.07323729,-0.1234395,0.006436747,0.8818034,-0.4715733,0.1433862,0.465896,0.8731444,moving,6.88797,23.18955,1.532577,0.577749
05/15/2023 14:23:20.441211,2800,True,True,True,True,Eyes,1.247411,-0.2924967,-3.352833,0.1140901,0.3926798,0.9125711,0,0,0,0,0,0,0,-1.69358,-1.341784,2.894239,1.26109,-0.2969636,-3.37145,-0.2429802,0.0702994,-0.0211993,0.9672483,332.1561,9.523454,355.1231,0.3473941,-0.08174114,-0.9341493,0,0,0,1.441487,0.1988157,-2.467892,0.02761242,0.01062241,1.045888,0.9892172,-0.07517271,-0.1256919,0.006847254,0.8810225,-0.473025,0.146296,0.4670638,0.8720372,moving,7.126174,23.28223,1.512311,0.5818964
05/15/2023 14:23:20.461862,2801,True,True,True,True,Eyes,1.247592,-0.292438,-3.35311,0.1177082,0.3939037,0.9115836,0,0,0,0,0,0,0,-1.700346,-1.345309,2.888978,1.261192,-0.2969509,-3.371711,-0.2434033,0.07146675,-0.02170047,0.9670452,332.1173,9.69067,355.018,0.3474083,-0.08171615,-0.9341462,0,0,0,1.444959,0.2011916,-2.467621,0.02806309,0.01155019,1.048034,0.9888431,-0.07676116,-0.1276592,0.007180172,0.8805678,-0.4738658,0.1487871,0.4676623,0.8712946,moving,7.357604,23.36962,1.533836,0.6314207
05/15/2023 14:23:20.479896,2802,True,True,True,True,Eyes,1.247772,-0.2923807,-3.353387,0.1212645,0.39509,0.9106035,0,0,0,0,0,0,0,-1.707052,-1.347355,2.884575,1.261456,-0.2969383,-3.37205,-0.2437403,0.07252811,-0.02184262,0.9668782,332.0847,9.832605,354.9622,0.347423,-0.0816913,-0.9341429,0,0,0,1.44832,0.2034912,-2.467358,0.02863802,0.01249903,1.050161,0.9885252,-0.07759434,-0.1296038,0.006882251,0.8802271,-0.4745027,0.1508995,0.4681659,0.8706607,moving,7.58541,23.45491,1.562075,0.6819031
05/15/2023 14:23:20.491960,2803,True,True,True,True,Eyes,1.24796,-0.2923267,-3.353663,0.1246728,0.3962473,0.90964,0,0,0,0,0,0,0,-1.713617,-1.34881,2.880362,1.261577,-0.2969267,-3.372316,-0.2440029,0.07358307,-0.0219519,0.9667298,332.0605,9.971966,354.9118,0.3474382,-0.08166663,-0.9341394,0,0,0,1.451544,0.2056973,-2.467106,0.02925792,0.01355618,1.05218,0.9882073,-0.07835207,-0.1315572,0.006534145,0.8799614,-0.4750003,0.1529825,0.4685391,0.8700962,moving,7.804179,23.53837,1.592811,0.7381523
05/15/2023 14:23:20.511522,2804,True,True,True,True,Eyes,1.248148,-0.292274,-3.353938,0.1280258,0.3973731,0.9086826,0,0,0,0,0,0,0,-1.720454,-1.351194,2.875585,1.261761,-0.2969615,-3.372603,-0.2444491,0.07466861,-0.02200769,0.9665325,332.0144,10.11571,354.8643,0.347454,-0.0816422,-0.9341357,0,0,0,1.454947,0.2080253,-2.46684,0.02993496,0.01433,1.054342,0.9878805,-0.07904766,-0.1335797,0.006036953,0.8795206,-0.4758226,0.1550988,0.4692495,0.8693385,moving,8.019712,23.62008,1.626309,0.7786825
05/15/2023 14:23:20.521180,2805,True,True,True,True,Eyes,1.248356,-0.2922195,-3.354214,0.131153,0.3985315,0.9077288,0,0,0,0,0,0,0,-1.726852,-1.352901,2.871307,1.261884,-0.2969527,-3.372867,-0.2447514,0.0757006,-0.02211791,0.9663733,331.9856,10.25284,354.8136,0.3474704,-0.08161803,-0.9341317,0,0,0,1.458356,0.210358,-2.466574,0.03075461,0.01540375,1.05648,0.9875605,-0.07980397,-0.1354833,0.005692668,0.8792151,-0.476391,0.1571368,0.4696936,0.8687324,moving,8.221474,23.70351,1.667436,0.835328
05/15/2023 14:23:20.541159,2806,True,True,True,True,Eyes,1.248565,-0.2921669,-3.354488,0.1342463,0.3996693,0.9067758,0,0,0,0,0,0,0,-1.733916,-1.355296,2.866334,1.262081,-0.2968487,-3.373159,-0.245141,0.0768408,-0.02226811,0.9661809,331.9476,10.40597,354.7531,0.3474878,-0.08159401,-0.9341273,0,0,0,1.461628,0.2125973,-2.466318,0.03112814,0.01610523,1.05853,0.9871992,-0.0807037,-0.1375666,0.005356368,0.87882,-0.4771233,0.1594019,0.470279,0.8680027,moving,8.421355,23.7859,1.684408,0.8716716
05/15/2023 14:23:20.561387,2807,True,True,True,True,Eyes,1.248793,-0.2921183,-3.354761,0.1372376,0.4008289,0.9058157,0,0,0,0,0,0,0,-1.741271,-1.35754,2.86116,1.26226,-0.2968604,-3.373388,-0.2455802,0.07801409,-0.02231578,0.9659743,331.903,10.56081,354.7036,0.3475062,-0.08157019,-0.9341226,0,0,0,1.464897,0.2148339,-2.466063,0.03149484,0.01679778,1.060594,0.9868316,-0.08143037,-0.1397586,0.004795511,0.8783848,-0.4779302,0.1616798,0.4709664,0.8672083,moving,8.615205,23.86968,1.700926,0.90738
05/15/2023 14:23:20.571457,2808,True,True,True,True,Eyes,1.24902,-0.2920668,-3.355034,0.1402074,0.4019689,0.9048551,0,0,0,0,0,0,0,-1.748517,-1.360578,2.855703,1.262537,-0.2969078,-3.373629,-0.2460521,0.079198,-0.0225767,0.9657517,331.857,10.72417,354.6262,0.3475259,-0.08154666,-0.9341173,0,0,0,1.468445,0.2172616,-2.465785,0.03186712,0.0176425,1.062836,0.9864359,-0.08258063,-0.1418611,0.004633302,0.8778973,-0.4788265,0.1640813,0.4716744,0.8663721,moving,8.807944,23.9525,1.71739,0.950991
05/15/2023 14:23:20.591612,2809,True,True,True,True,Eyes,1.24925,-0.2920203,-3.355305,0.1432175,0.4031158,0.903873,0,0,0,0,0,0,0,-1.755322,-1.364621,2.850001,1.262712,-0.2968145,-3.373916,-0.2465604,0.08037299,-0.02305043,0.9655138,331.8092,10.89367,354.5217,0.3475467,-0.08152329,-0.9341116,0,0,0,1.47158,0.2194067,-2.46554,0.03185318,0.01806983,1.064855,0.9860177,-0.08414459,-0.1438358,0.004877421,0.8773533,-0.4798202,0.1665691,0.4724097,0.8654963,moving,9.003591,24.03626,1.713387,0.9721753
05/15/2023 14:23:20.611480,2810,True,True,True,True,Eyes,1.249483,-0.2919697,-3.355572,0.1462407,0.4042377,0.9028873,0,0,0,0,0,0,0,-1.762793,-1.368692,2.843883,1.263037,-0.2969232,-3.374167,-0.2471183,0.08163221,-0.02351348,0.9652544,331.7562,11.0743,354.4148,0.3475687,-0.08150023,-0.9341054,0,0,0,1.474929,0.2216982,-2.465278,0.03169709,0.01868832,1.067048,0.9855666,-0.08573859,-0.1459705,0.005047351,0.8767594,-0.4809029,0.1692129,0.4732251,0.8645375,moving,9.2003,24.11886,1.701494,1.003378
05/15/2023 14:23:20.621194,2811,True,True,True,True,Eyes,1.249712,-0.2919183,-3.355833,0.14927,0.4053659,0.9018852,0,0,0,0,0,0,0,-1.771916,-1.372946,2.836514,1.263299,-0.296803,-3.374383,-0.2475944,0.08321846,-0.02421269,0.9649795,331.7177,11.30288,354.2689,0.3475918,-0.08147732,-0.9340988,0,0,0,1.478439,0.2240999,-2.465004,0.03095022,0.01940531,1.069234,0.9849769,-0.08793835,-0.1486184,0.005520651,0.8762216,-0.4818769,0.1725981,0.4738171,0.8635434,moving,9.397767,24.20225,1.658031,1.039735
05/15/2023 14:23:20.641403,2812,True,True,True,True,Eyes,1.249935,-0.2918664,-3.356093,0.1523026,0.4064777,0.9008772,0,0,0,0,0,0,0,-1.781722,-1.377114,2.828582,1.263489,-0.296776,-3.374517,-0.2480056,0.08496418,-0.02508757,0.9646994,331.6902,11.5565,354.0968,0.3476158,-0.08145455,-0.9340919,0,0,0,1.481703,0.226333,-2.464749,0.02960491,0.02026296,1.071285,0.9843034,-0.09054711,-0.1514861,0.006260737,0.8757277,-0.4827648,0.1763735,0.4742386,0.8625486,moving,9.595711,24.285,1.582963,1.083599
05/15/2023 14:23:20.661273,2813,True,True,True,True,Eyes,1.250164,-0.2918219,-3.35635,0.1553107,0.4075762,0.8998668,0,0,0,0,0,0,0,-1.790022,-1.381783,2.821376,1.263544,-0.2967447,-3.374769,-0.2485832,0.08644693,-0.02571384,0.9644026,331.6392,11.77154,353.9612,0.3476406,-0.0814319,-0.9340847,0,0,0,1.484959,0.228561,-2.464494,0.02904113,0.02066052,1.073453,0.9837314,-0.09257548,-0.1539552,0.006618481,0.8750904,-0.4839142,0.1795233,0.4750227,0.8614666,moving,9.792377,24.36717,1.549699,1.102624
05/15/2023 14:23:20.680372,2814,True,True,True,True,Eyes,1.250164,-0.2918219,-3.35635,0.1553107,0.4075762,0.8998668,0,0,0,0,0,0,0,-1.797624,-1.384684,2.815512,1.263853,-0.296899,-3.374972,-0.2491165,0.08767606,-0.02585252,0.9641502,331.5861,11.93881,353.8953,0.3476663,-0.08140957,-0.9340771,0,0,0,1.488388,0.2309073,-2.464226,0.02916965,0.02135044,1.075707,0.9832891,-0.09353452,-0.1561852,0.006168322,0.8745452,-0.4849048,0.1819463,0.4758382,0.8605078,moving,9.792377,24.36717,1.553293,1.137047
05/15/2023 14:23:20.691350,2815,True,True,True,True,Eyes,1.250164,-0.2918219,-3.35635,0.1553107,0.4075762,0.8998668,0,0,0,0,0,0,0,-1.806218,-1.388232,2.808488,1.264067,-0.2967596,-3.375097,-0.249669,0.0891218,-0.02614016,0.9638669,331.5341,12.13867,353.8032,0.3476893,-0.08138946,-0.9340702,0,0,0,1.491663,0.2331485,-2.46397,0.02874336,0.02169472,1.07771,0.982748,-0.09489317,-0.1587503,0.005889381,0.8739642,-0.4859546,0.1848559,0.476636,0.8594455,moving,9.792377,24.36717,1.527761,1.153231
05/15/2023 14:23:20.711252,2816,True,True,True,True,Eyes,1.250164,-0.2918219,-3.35635,0.1553107,0.4075762,0.8998668,0,0,0,0,0,0,0,-1.815842,-1.391009,2.801219,1.264362,-0.296793,-3.37525,-0.2500898,0.09073522,-0.02652035,0.9635969,331.5,12.36103,353.6962,0.3477101,-0.08137137,-0.9340641,0,0,0,1.495102,0.2355012,-2.463701,0.02794708,0.02255446,1.079912,0.9821276,-0.09649377,-0.1615994,0.005725943,0.8735035,-0.4867842,0.1881293,0.4771589,0.8584444,moving,9.792377,24.36717,1.482429,1.196475
05/15/2023 14:23:20.726147,2817,True,True,True,True,Eyes,1.250164,-0.2918219,-3.35635,0.1553107,0.4075762,0.8998668,0,0,0,0,0,0,0,-1.826103,-1.392917,2.793726,1.264542,-0.2967759,-3.375298,-0.2503725,0.09247642,-0.02692208,0.9633468,331.4835,12.59845,353.5848,0.3477288,-0.08135509,-0.9340585,0,0,0,1.498323,0.2377052,-2.46345,0.0267953,0.02358985,1.081904,0.9814466,-0.09817768,-0.1646926,0.005563487,0.8731776,-0.4873703,0.1916548,0.4774117,0.8575234,moving,9.792377,24.36717,1.418743,1.24908
05/15/2023 14:23:20.741468,2818,True,True,True,True,Eyes,1.250412,-0.2917652,-3.356615,0.1588699,0.4089404,0.8986257,0,0,0,0,0,0,0,-1.834975,-1.393855,2.787779,1.264759,-0.2968909,-3.375488,-0.250544,0.09394847,-0.0271883,0.9631523,331.4767,12.79594,353.5009,0.3477456,-0.08134044,-0.9340535,0,0,0,1.501728,0.2400353,-2.463184,0.02636534,0.02501875,1.084169,0.9808689,-0.0994494,-0.1673496,0.005296507,0.872977,-0.4877326,0.1945971,0.4775155,0.8568028,moving,10.02584,24.46901,1.393072,1.321947
05/15/2023 14:23:20.761771,2819,True,True,True,True,Eyes,1.250659,-0.2917104,-3.356873,0.162408,0.4102448,0.8973978,0,0,0,0,0,0,0,-1.844486,-1.395321,2.780978,1.264969,-0.2967337,-3.375602,-0.2507358,0.09555654,-0.02754897,0.9629338,331.47,13.01404,353.4004,0.3477645,-0.08132493,-0.9340479,0,0,0,1.505094,0.2423384,-2.46292,0.02559105,0.02618146,1.086235,0.98022,-0.1009745,-0.1702142,0.005136774,0.8727452,-0.4881489,0.1978443,0.477619,0.856001,moving,10.25816,24.56748,1.349605,1.38073
05/15/2023 14:23:20.782054,2820,True,True,True,True,Eyes,1.250924,-0.2916585,-3.357125,0.1656242,0.4116713,0.896156,0,0,0,0,0,0,0,-1.853393,-1.396272,2.774782,1.265169,-0.2967399,-3.3757,-0.2508513,0.09706718,-0.02792222,0.9627419,331.4719,13.21907,353.3028,0.3477852,-0.08130871,-0.9340416,0,0,0,1.508461,0.2446417,-2.462657,0.02499814,0.02767724,1.088366,0.9795966,-0.1024626,-0.1728926,0.005064917,0.872588,-0.4884308,0.2009099,0.4775895,0.8553032,moving,10.47104,24.67285,1.315767,1.456722
05/15/2023 14:23:20.791251,2821,True,True,True,True,Eyes,1.251201,-0.2916146,-3.357368,0.168714,0.4131387,0.8949034,0,0,0,0,0,0,0,-1.860281,-1.397377,2.769692,1.265266,-0.2967649,-3.375727,-0.2509685,0.09826676,-0.02829527,0.9625788,331.4717,13.38472,353.2152,0.3478081,-0.08129194,-0.9340345,0,0,0,1.511697,0.246856,-2.462404,0.02504054,0.0291847,1.090381,0.979086,-0.1037966,-0.1749765,0.005149128,0.8724284,-0.4887149,0.2033814,0.477593,0.8547169,moving,10.67652,24.78075,1.315562,1.533189
05/15/2023 14:23:20.811414,2822,True,True,True,True,Eyes,1.251479,-0.2915685,-3.3576,0.1717764,0.4145177,0.8936823,0,0,0,0,0,0,0,-1.866294,-1.395674,2.766656,1.26556,-0.2969179,-3.375729,-0.2507502,0.09921914,-0.02840939,0.9625347,331.5055,13.50566,353.1746,0.3478333,-0.08127491,-0.9340267,0,0,0,1.515428,0.249409,-2.462113,0.02599441,0.03181261,1.092663,0.9786969,-0.1044485,-0.1767564,0.004931607,0.8726345,-0.488349,0.205251,0.477074,0.8545598,moving,10.88024,24.88334,1.362807,1.667681
05/15/2023 14:23:20.821613,2823,True,True,True,True,Eyes,1.25178,-0.2915232,-3.357824,0.1746361,0.4159711,0.8924519,0,0,0,0,0,0,0,-1.87373,-1.394158,2.76249,1.265827,-0.2968217,-3.375718,-0.2504936,0.1004397,-0.0286447,0.9624679,331.5475,13.66374,353.111,0.3478607,-0.0812576,-0.934018,0,0,0,1.518603,0.2515815,-2.461865,0.02585706,0.03399664,1.094507,0.9781827,-0.1054582,-0.1789892,0.004820217,0.8728649,-0.4879382,0.2076905,0.47643,0.8543296,moving,11.0718,24.99019,1.353327,1.779101
05/15/2023 14:23:20.842025,2824,True,True,True,True,Eyes,1.25207,-0.291472,-3.358038,0.1774592,0.4173425,0.8912538,0,0,0,0,0,0,0,-1.880961,-1.392893,2.758265,1.266081,-0.2967835,-3.37567,-0.2501292,0.1016925,-0.02919968,0.9624144,331.607,13.83412,353.0087,0.3478907,-0.08124006,-0.9340083,0,0,0,1.521696,0.2536979,-2.461623,0.02538349,0.03652233,1.0963,0.977612,-0.1070769,-0.1811333,0.00533184,0.8731655,-0.4873947,0.210348,0.4755172,0.854188,moving,11.261,25.09202,1.326377,1.908056
05/15/2023 14:23:20.861687,2825,True,True,True,True,Eyes,1.252354,-0.2914271,-3.358243,0.1802628,0.4186943,0.8900564,0,0,0,0,0,0,0,-1.885107,-1.394293,2.754684,1.266079,-0.2966005,-3.375654,-0.2500162,0.1025442,-0.0299924,0.9623291,331.6378,13.96495,352.8845,0.347923,-0.08122218,-0.9339979,0,0,0,1.525029,0.2559787,-2.461362,0.02607171,0.03859675,1.098252,0.9771702,-0.1090005,-0.1823653,0.0064497,0.8731847,-0.4873468,0.2123597,0.4750446,0.8539532,moving,11.44922,25.19291,1.359905,2.012763
05/15/2023 14:23:20.871333,2826,True,True,True,True,Eyes,1.252629,-0.2913857,-3.358431,0.1829682,0.4199411,0.8889162,0,0,0,0,0,0,0,-1.886577,-1.394125,2.753817,1.266169,-0.2967362,-3.375652,-0.249807,0.1028561,-0.03044701,0.9623358,331.6711,14.01524,352.8219,0.3479571,-0.08120419,-0.9339867,0,0,0,1.528507,0.2583583,-2.461091,0.02810867,0.04123169,1.100402,0.9769872,-0.1099888,-0.1827525,0.007212125,0.8733389,-0.4870597,0.213176,0.4745331,0.8540342,moving,11.63091,25.28695,1.463246,2.145851
05/15/2023 14:23:20.891168,2827,True,True,True,True,Eyes,1.252893,-0.291349,-3.358605,0.1857113,0.421143,0.8877781,0,0,0,0,0,0,0,-1.887586,-1.390823,2.754554,1.266238,-0.2967671,-3.375427,-0.2492081,0.1030249,-0.03063245,0.9624671,331.7449,14.03266,352.8056,0.3479929,-0.08118625,-0.9339749,0,0,0,1.531685,0.260533,-2.460842,0.03042227,0.04454678,1.102089,0.976895,-0.1103147,-0.1830485,0.007616187,0.873914,-0.4860209,0.2135839,0.4733973,0.8545625,moving,11.81514,25.37867,1.581201,2.314652
05/15/2023 14:23:20.911568,2828,True,True,True,True,Eyes,1.253153,-0.2913124,-3.358766,0.1883732,0.4222337,0.8866985,0,0,0,0,0,0,0,-1.890011,-1.385374,2.755595,1.266458,-0.2968703,-3.375302,-0.2484366,0.103321,-0.03049462,0.9626393,331.8353,14.05337,352.8292,0.34803,-0.08116851,-0.9339626,0,0,0,1.535019,0.2628144,-2.460582,0.03263815,0.04825205,1.103944,0.9767897,-0.1100481,-0.1837698,0.00737319,0.8746987,-0.4846109,0.2140737,0.472008,0.855208,moving,11.99379,25.46315,1.693459,2.502736
05/15/2023 14:23:20.924202,2829,True,True,True,True,Eyes,1.253371,-0.2912722,-3.358908,0.1912004,0.4232395,0.8856133,0,0,0,0,0,0,0,-1.892992,-1.380083,2.756117,1.266612,-0.2968153,-3.375177,-0.2476421,0.1037375,-0.03043172,0.9628012,331.9302,14.09127,352.8401,0.3480683,-0.08115099,-0.9339499,0,0,0,1.538496,0.2651936,-2.46031,0.03475749,0.05195844,1.105825,0.9766248,-0.1099789,-0.1846848,0.00721983,0.8754945,-0.4831741,0.2148295,0.4705464,0.8558238,moving,12.18294,25.5434,1.800286,2.690128
05/15/2023 14:23:20.941569,2830,True,True,True,True,Eyes,1.253587,-0.2912309,-3.35904,0.1939866,0.4241685,0.8845622,0,0,0,0,0,0,0,-1.897828,-1.376363,2.754616,1.26689,-0.2967954,-3.375046,-0.2470291,0.1044989,-0.03059675,0.9628711,332.0099,14.18267,352.808,0.3481069,-0.08113365,-0.933937,0,0,0,1.541784,0.2674431,-2.460053,0.03569941,0.05519688,1.107621,0.9762876,-0.11055,-0.1861214,0.0072929,0.8760809,-0.482109,0.2163545,0.4693197,0.8561132,moving,12.36929,25.61882,1.846045,2.852903
05/15/2023 14:23:20.961474,2831,True,True,True,True,Eyes,1.253782,-0.291189,-3.359159,0.1968163,0.4251938,0.8834442,0,0,0,0,0,0,0,-1.90332,-1.374218,2.751838,1.267015,-0.2967242,-3.374958,-0.246659,0.1054159,-0.03080197,0.9628593,332.0629,14.29881,352.7613,0.3481457,-0.08111645,-0.933924,0,0,0,1.541784,0.2674431,-2.460053,0.03351355,0.05593991,1.107512,0.9758774,-0.1113195,-0.1878063,0.007312366,0.8764212,-0.4814898,0.2181966,0.4685017,0.8560937,static,12.55942,25.7011,1.733254,2.891526
05/15/2023 14:23:20.971227,2832,True,True,True,True,Eyes,1.253975,-0.2911465,-3.359265,0.1996382,0.4261691,0.8823403,0,0,0,0,0,0,0,-1.910127,-1.37292,2.747772,1.267244,-0.2967511,-3.374875,-0.2465673,0.1065042,-0.03079714,0.9627632,332.0817,14.43464,352.7297,0.3481843,-0.08109941,-0.9339111,0,0,0,1.541784,0.2674431,-2.460053,0.03098714,0.05605155,1.107468,0.9754168,-0.1118216,-0.1898895,0.006779796,0.8765122,-0.4813318,0.2202637,0.4682117,0.8557228,static,12.74907,25.78048,1.602728,2.897402
05/15/2023 14:23:20.991260,2833,True,True,True,True,Eyes,1.254142,-0.2911046,-3.359356,0.2026526,0.4271612,0.8811727,0,0,0,0,0,0,0,-1.918325,-1.372468,2.742138,1.267379,-0.2967018,-3.374711,-0.2465777,0.107875,-0.03091035,0.9626043,332.0926,14.61143,352.6725,0.3482229,-0.08108253,-0.9338982,0,0,0,1.541784,0.2674431,-2.460053,0.02789506,0.05589741,1.107363,0.9748151,-0.112708,-0.1924383,0.006309727,0.876488,-0.4813824,0.2229255,0.4680446,0.8551249,static,12.95171,25.86246,1.443005,2.88972
05/15/2023 14:23:21.011264,2834,True,True,True,True,Eyes,1.254307,-0.2910647,-3.359437,0.2056299,0.4280998,0.8800267,0,0,0,0,0,0,0,-1.925669,-1.372232,2.736975,1.267523,-0.2967679,-3.374547,-0.2466117,0.1091104,-0.0310533,0.9624518,332.1002,14.77242,352.6154,0.3482609,-0.08106586,-0.9338855,0,0,0,1.541784,0.2674431,-2.460053,0.02505106,0.0558185,1.107298,0.9742612,-0.1135904,-0.1947108,0.005958799,0.8764368,-0.4814802,0.2253432,0.4679273,0.8545551,static,13.15195,25.94117,1.296015,2.885816
05/15/2023 14:23:21.022007,2835,True,True,True,True,Eyes,1.254454,-0.2910222,-3.359505,0.2086321,0.4291279,0.8788185,0,0,0,0,0,0,0,-1.931523,-1.372421,2.732627,1.267611,-0.2967912,-3.374411,-0.2465879,0.1101455,-0.03138672,0.962329,332.116,14.91294,352.542,0.3482985,-0.08104945,-0.9338729,0,0,0,1.541784,0.2674431,-2.460053,0.02256268,0.05590022,1.107226,0.9737657,-0.1147298,-0.1965133,0.006087617,0.8764186,-0.4815116,0.2274716,0.4676831,0.8541248,static,13.35483,26.0263,1.167393,2.890223
05/15/2023 14:23:21.041741,2836,True,True,True,True,Eyes,1.2546,-0.2909805,-3.359565,0.2116073,0.430099,0.8776315,0,0,0,0,0,0,0,-1.938822,-1.372252,2.727508,1.267866,-0.2967741,-3.374291,-0.2466088,0.1113608,-0.03154151,0.9621788,332.1254,15.07154,352.4843,0.3483352,-0.08103324,-0.9338605,0,0,0,1.541784,0.2674431,-2.460053,0.01964587,0.05576187,1.107118,0.9732078,-0.1156223,-0.1987412,0.005772033,0.8763784,-0.4815885,0.2298549,0.4675385,0.8535658,static,13.55595,26.10798,1.016611,2.883364
05/15/2023 14:23:21.061451,2837,True,True,True,True,Eyes,1.254754,-0.2909431,-3.35961,0.2145289,0.4311744,0.8763938,0,0,0,0,0,0,0,-1.945754,-1.371781,2.722694,1.267949,-0.296764,-3.374172,-0.2465463,0.1125531,-0.03175825,0.9620489,332.1453,15.22768,352.4214,0.3483714,-0.08101728,-0.9338484,0,0,0,1.541784,0.2674431,-2.460053,0.01690504,0.05583918,1.107035,0.9726464,-0.1166051,-0.2009035,0.005606844,0.8764126,-0.4815283,0.232223,0.4672303,0.8530934,static,13.75473,26.19659,0.8748707,2.88757
05/15/2023 14:23:21.071276,2838,True,True,True,True,Eyes,1.254917,-0.2909097,-3.359645,0.2174342,0.4321773,0.8751829,0,0,0,0,0,0,0,-1.952482,-1.370761,2.718184,1.268213,-0.2968292,-3.373903,-0.2464786,0.1136578,-0.0318385,0.9619339,332.1632,15.3685,352.3784,0.3484073,-0.08100165,-0.9338364,0,0,0,1.541784,0.2674431,-2.460053,0.0142875,0.05604219,1.106807,0.9721364,-0.1172815,-0.2029676,0.005224611,0.8764693,-0.4814296,0.2343576,0.4669548,0.8526604,static,13.95232,26.28079,0.7395763,2.898646
05/15/2023 14:23:21.096386,2839,True,True,True,True,Eyes,1.255059,-0.290873,-3.359663,0.2204191,0.4332446,0.8739077,0,0,0,0,0,0,0,-1.96117,-1.367741,2.713424,1.268556,-0.2968908,-3.373751,-0.2461855,0.1150273,-0.03175184,0.9618489,332.2068,15.53379,352.3531,0.3484433,-0.08098648,-0.9338243,0,0,0,1.541784,0.2674431,-2.460053,0.0111185,0.05661565,1.106635,0.9715211,-0.117717,-0.205644,0.004444844,0.876769,-0.4808911,0.2369114,0.4662818,0.8523229,static,14.15603,26.37017,0.5756384,2.928708
05/15/2023 14:23:21.112198,2840,True,True,True,True,Eyes,1.255205,-0.290835,-3.359674,0.2235265,0.4342295,0.8726286,0,0,0,0,0,0,0,-1.975918,-1.365871,2.703649,1.269011,-0.2968843,-3.37358,-0.2459684,0.1174959,-0.03207811,0.9615952,332.257,15.85162,352.2406,0.3484791,-0.08097166,-0.9338122,0,0,0,1.541784,0.2674431,-2.460053,0.00523591,0.05691844,1.106407,0.9703314,-0.1194929,-0.2101866,0.003891732,0.8769411,-0.4805822,0.2417474,0.465506,0.8513885,static,14.36757,26.45544,0.271142,2.944952
05/15/2023 14:23:21.121856,2841,True,True,True,True,Eyes,1.255333,-0.2907965,-3.359672,0.2267252,0.4352744,0.8712817,0,0,0,0,0,0,0,-1.993632,-1.364352,2.691344,1.269181,-0.2968363,-3.373489,-0.2457363,0.1205672,-0.03263353,0.9612556,332.3181,16.25204,352.0816,0.3485147,-0.08095713,-0.9338002,0,0,0,1.541784,0.2674431,-2.460053,-0.001817822,0.05715424,1.106264,0.9687973,-0.1219938,-0.2157533,0.003482842,0.8770974,-0.4802999,0.2478302,0.4645617,0.8501545,static,14.58604,26.54577,-0.09414885,2.957511
05/15/2023 14:23:21.141410,2842,True,True,True,True,Eyes,1.25546,-0.2907601,-3.359666,0.2299765,0.4362599,0.8699357,0,0,0,0,0,0,0,-2.011111,-1.362321,2.679251,1.269353,-0.296882,-3.373348,-0.2455178,0.1235754,-0.03302398,0.960916,332.375,16.6396,351.9452,0.34855,-0.0809429,-0.9337882,0,0,0,1.541784,0.2674431,-2.460053,-0.008632123,0.05743235,1.106082,0.9672771,-0.1241465,-0.2212752,0.002786632,0.8772609,-0.4800059,0.2537071,0.463682,0.8489003,static,14.80798,26.63309,-0.4471406,2.972364
05/15/2023 14:23:21.161812,2843,True,True,True,True,Eyes,1.255571,-0.2907266,-3.359653,0.2329709,0.4373568,0.8685872,0,0,0,0,0,0,0,-2.02529,-1.360504,2.669464,1.269361,-0.2969112,-3.373333,-0.2454641,0.1259844,-0.03303857,0.9606164,332.4017,16.94321,351.8703,0.3485849,-0.080929,-0.9337764,0,0,0,1.541784,0.2674431,-2.460053,-0.01378864,0.05725759,1.106039,0.9660728,-0.1253241,-0.2258258,0.001625488,0.8773118,-0.4799183,0.2582649,0.4632689,0.8477506,static,15.01438,26.72647,-0.7142514,2.963451
05/15/2023 14:23:21.171860,2844,True,True,True,True,Eyes,1.25568,-0.2906936,-3.359632,0.2359637,0.4383955,0.8672546,0,0,0,0,0,0,0,-2.037631,-1.358404,2.661141,1.269512,-0.2970204,-3.373276,-0.2454326,0.1280281,-0.03288625,0.9603594,332.42,17.19616,351.8269,0.3486193,-0.0809155,-0.9337648,0,0,0,1.541784,0.2674431,-2.460053,-0.01819593,0.05713677,1.105953,0.9650546,-0.1260097,-0.2297632,0.0003207236,0.8773627,-0.4798276,0.2620487,0.4629862,0.8467433,static,15.22066,26.81651,-0.9425859,2.957439
05/15/2023 14:23:21.191332,2845,True,True,True,True,Eyes,1.255778,-0.2906628,-3.359605,0.2387598,0.4394335,0.8659631,0,0,0,0,0,0,0,-2.047461,-1.356247,2.65451,1.269548,-0.297,-3.373124,-0.2453501,0.1296659,-0.03271376,0.9601667,332.4405,17.39631,351.7998,0.348653,-0.08090239,-0.9337533,0,0,0,1.541784,0.2674431,-2.460053,-0.02157235,0.05711722,1.105748,0.9642332,-0.1264484,-0.232949,-0.0008057466,0.8774663,-0.4796377,0.2650543,0.4626703,0.8459802,static,15.41438,26.90554,-1.117658,2.956975
05/15/2023 14:23:21.211333,2846,True,True,True,True,Eyes,1.255873,-0.2906308,-3.359573,0.2414794,0.440402,0.8647159,0,0,0,0,0,0,0,-2.053317,-1.353499,2.651304,1.269608,-0.2970688,-3.373029,-0.2450425,0.130629,-0.03265791,0.9601166,332.4833,17.51046,351.7846,0.348686,-0.08088972,-0.9337421,0,0,0,1.541784,0.2674431,-2.460053,-0.02363083,0.05777794,1.105614,0.963739,-0.1267301,-0.234833,-0.001308533,0.8777753,-0.4790709,0.2668433,0.4620066,0.8457804,static,15.60285,26.98986,-1.224424,2.991481
05/15/2023 14:23:21.221594,2847,True,True,True,True,Eyes,1.255965,-0.2906037,-3.35954,0.2440983,0.4413033,0.8635204,0,0,0,0,0,0,0,-2.056201,-1.351524,2.649918,1.269614,-0.2970065,-3.372908,-0.2447479,0.1311166,-0.03268978,0.9601241,332.5222,17.56738,351.7729,0.3487184,-0.08087744,-0.9337311,0,0,0,1.541784,0.2674431,-2.460053,-0.0246568,0.05839109,1.105426,0.9634796,-0.1269535,-0.235775,-0.001408542,0.8780597,-0.478549,0.2677779,0.4614044,0.8458138,static,15.78444,27.06936,-1.277785,3.023682
05/15/2023 14:23:21.241291,2848,True,True,True,True,Eyes,1.256077,-0.2905862,-3.359506,0.2459254,0.4421776,0.8625542,0,0,0,0,0,0,0,-2.057091,-1.34934,2.650243,1.269603,-0.2970846,-3.372829,-0.2444143,0.1312517,-0.03269202,0.9601905,332.5621,17.57816,351.7768,0.3487501,-0.08086563,-0.9337203,0,0,0,1.541784,0.2674431,-2.460053,-0.02492124,0.05923605,1.105353,0.9634085,-0.1269407,-0.2360725,-0.00137845,0.8783858,-0.4779503,0.2680341,0.4607868,0.8460693,static,15.91354,27.14138,-1.291569,3.067556
05/15/2023 14:23:21.261580,2849,True,True,True,True,Eyes,1.256201,-0.2905724,-3.359472,0.2472861,0.4429252,0.8617812,0,0,0,0,0,0,0,-2.055876,-1.347156,2.652133,1.269643,-0.2972412,-3.372672,-0.2441068,0.1310013,-0.03260504,0.960306,332.5941,17.53817,351.8028,0.3487816,-0.08085451,-0.9337094,0,0,0,1.541784,0.2674431,-2.460053,-0.02434468,0.06015998,1.105256,0.9635511,-0.1265782,-0.2356845,-0.001334985,0.8786976,-0.4773769,0.2675209,0.4602917,0.8465011,static,16.01071,27.20156,-1.261809,3.115581
05/15/2023 14:23:21.271506,2850,True,True,True,True,Eyes,1.256319,-0.2905572,-3.359441,0.2485292,0.4436581,0.8610463,0,0,0,0,0,0,0,-2.052781,-1.344666,2.655519,1.269555,-0.2972548,-3.372489,-0.2437472,0.1304303,-0.032424,0.9604812,332.6277,17.45401,351.8515,0.3488134,-0.08084408,-0.9336985,0,0,0,1.541784,0.2674431,-2.460053,-0.02287352,0.0611096,1.105113,0.9638733,-0.1258693,-0.2347451,-0.001298759,0.879072,-0.4766873,0.2663581,0.459771,0.8471504,static,16.10006,27.25999,-1.185733,3.165069
05/15/2023 14:23:21.291349,2851,True,True,True,True,Eyes,1.256442,-0.2905445,-3.359408,0.2493259,0.4443786,0.8604442,0,0,0,0,0,0,0,-2.048116,-1.345954,2.658504,1.26955,-0.2972026,-3.372525,-0.2439112,0.1296249,-0.03234223,0.9605513,332.6004,17.35307,351.8823,0.3488452,-0.08083425,-0.9336875,0,0,0,1.541784,0.2674431,-2.460053,-0.0211015,0.06076443,1.105172,0.9643027,-0.1253666,-0.2332454,-0.001101168,0.8789227,-0.4769631,0.2647999,0.4601937,0.8474095,static,16.15969,27.31421,-1.093839,3.147061
05/15/2023 14:23:21.311279,2852,True,True,True,True,Eyes,1.256555,-0.2905352,-3.359369,0.2500349,0.4450702,0.8598809,0,0,0,0,0,0,0,-2.042959,-1.347623,2.66139,1.269463,-0.2972216,-3.372372,-0.2441058,0.128779,-0.03235877,0.9606152,332.571,17.25046,351.9014,0.3488771,-0.08082504,-0.9336764,0,0,0,1.541784,0.2674431,-2.460053,-0.01919499,0.06053096,1.105124,0.9647378,-0.12504,-0.2316161,-0.0007027425,0.8787306,-0.4773176,0.263212,0.4606491,0.8476567,static,16.21329,27.36586,-0.9950752,3.13513
05/15/2023 14:23:21.321234,2853,True,True,True,True,Eyes,1.2567,-0.2905303,-3.359334,0.2503569,0.4457539,0.8594329,0,0,0,0,0,0,0,-2.037889,-1.348708,2.664417,1.269393,-0.2972954,-3.372148,-0.2440995,0.1279837,-0.0326,0.9607149,332.5693,17.15714,351.8961,0.3489089,-0.08081647,-0.9336653,0,0,0,1.541784,0.2674431,-2.460053,-0.01754984,0.06087959,1.105002,0.9651148,-0.1251201,-0.2299963,0.00015711,0.8787053,-0.4773646,0.2618269,0.4606756,0.8480712,static,16.24109,27.41399,-0.9099053,3.153497
05/15/2023 14:23:21.341351,2854,True,True,True,True,Eyes,1.256831,-0.2905306,-3.359302,0.2505926,0.4464088,0.8590242,0,0,0,0,0,0,0,-2.032154,-1.348223,2.668731,1.269219,-0.2972813,-3.37197,-0.2439175,0.127035,-0.03262561,0.960886,332.5829,17.03485,351.9263,0.3489414,-0.08080858,-0.9336538,0,0,0,1.541784,0.2674431,-2.460053,-0.01533172,0.06149912,1.10489,0.9655953,-0.1246711,-0.2282165,0.0007268402,0.8788796,-0.477043,0.2600483,0.4604646,0.8487327,static,16.2629,27.45953,-0.7949989,3.185845
05/15/2023 14:23:21.361463,2855,True,True,True,True,Eyes,1.256981,-0.2905293,-3.359272,0.2505972,0.4470583,0.858685,0,0,0,0,0,0,0,-2.026942,-1.347386,2.673059,1.269057,-0.297396,-3.371978,-0.2438103,0.1261201,-0.03242113,0.9610407,332.5842,16.91142,351.9822,0.3489741,-0.08080146,-0.9336421,0,0,0,1.541784,0.2674431,-2.460053,-0.01310363,0.06191564,1.105,0.9660852,-0.1238148,-0.2266038,0.0008173108,0.8790109,-0.4768011,0.2582223,0.4604453,0.8493006,static,16.26927,27.50289,-0.6794096,3.207057
05/15/2023 14:23:21.371577,2856,True,True,True,True,Eyes,1.257118,-0.2905312,-3.359241,0.2505448,0.447695,0.8583685,0,0,0,0,0,0,0,-2.022287,-1.347132,2.676487,1.268938,-0.2972784,-3.371856,-0.2437783,0.1253121,-0.03223356,0.9611608,332.5779,16.80338,352.031,0.3490075,-0.08079496,-0.9336302,0,0,0,1.541784,0.2674431,-2.460053,-0.01109901,0.06200838,1.104886,0.9665158,-0.12306,-0.2251744,0.0008665347,0.8790662,-0.4766989,0.2566058,0.4605418,0.8497381,static,16.27172,27.54497,-0.5755392,3.212183
05/15/2023 14:23:21.396578,2857,True,True,True,True,Eyes,1.257266,-0.2905375,-3.359215,0.2503155,0.4483624,0.8580871,0,0,0,0,0,0,0,-2.017871,-1.347997,2.679216,1.268781,-0.2973539,-3.371776,-0.2439049,0.1245797,-0.03215691,0.9612265,332.5559,16.71104,352.0599,0.3490412,-0.08078912,-0.9336181,0,0,0,1.541784,0.2674431,-2.460053,-0.009329528,0.0619083,1.104919,0.9668916,-0.1225913,-0.2238121,0.001048961,0.8789527,-0.4769078,0.255185,0.4608835,0.8499806,static,16.26267,27.58769,-0.4837729,3.206914
05/15/2023 14:23:21.411640,2858,True,True,True,True,Eyes,1.257402,-0.2905488,-3.35919,0.2500073,0.4490269,0.8578294,0,0,0,0,0,0,0,-2.012446,-1.34935,2.682405,1.268477,-0.2973973,-3.371722,-0.2441128,0.1236965,-0.03203809,0.9612917,332.5224,16.59989,352.0969,0.3490754,-0.08078398,-0.9336058,0,0,0,1.541784,0.2674431,-2.460053,-0.007070988,0.06159419,1.105006,0.9673455,-0.1219877,-0.2221751,0.001204092,0.878765,-0.4772532,0.2534587,0.4614012,0.8502163,static,16.24833,27.6296,-0.3666336,3.190425
05/15/2023 14:23:21.421535,2859,True,True,True,True,Eyes,1.257564,-0.2905625,-3.359171,0.2495497,0.4497159,0.8576016,0,0,0,0,0,0,0,-2.006238,-1.35023,2.68652,1.268367,-0.2975202,-3.37168,-0.2443278,0.1226094,-0.03174042,0.9613863,332.4836,16.45776,352.1622,0.3491096,-0.08077961,-0.9335933,0,0,0,1.541784,0.2674431,-2.460053,-0.004459471,0.0613119,1.105091,0.9679189,-0.1209434,-0.2202398,0.001115828,0.878593,-0.4775701,0.2512601,0.4620034,0.8505417,static,16.22423,27.67197,-0.2312094,3.17559
05/15/2023 14:23:21.441120,2860,True,True,True,True,Eyes,1.257711,-0.2905765,-3.359156,0.2490138,0.4504163,0.8573897,0,0,0,0,0,0,0,-1.999292,-1.351519,2.690856,1.268161,-0.2974943,-3.371608,-0.2445357,0.121437,-0.03152896,0.9614891,332.4463,16.30725,352.2197,0.3491446,-0.08077597,-0.9335806,0,0,0,1.541784,0.2674431,-2.460053,-0.001606047,0.06096154,1.105097,0.968518,-0.1200209,-0.2181008,0.001238112,0.8784164,-0.4778944,0.2489406,0.4625793,0.8509107,static,16.19501,27.71449,-0.0832684,3.157463
05/15/2023 14:23:21.461389,2861,True,True,True,True,Eyes,1.257858,-0.2905892,-3.359143,0.2486477,0.4510651,0.857155,0,0,0,0,0,0,0,-1.991835,-1.354439,2.694877,1.267987,-0.2975182,-3.371641,-0.2449691,0.1201975,-0.03138584,0.9615393,332.3836,16.15424,352.2657,0.3491797,-0.08077299,-0.9335676,0,0,0,1.541784,0.2674431,-2.460053,0.001281232,0.06012142,1.105225,0.969135,-0.1192467,-0.2157721,0.001468102,0.8780102,-0.4786398,0.2465263,0.4635498,0.8510854,static,16.17665,27.75492,0.06642007,3.113675
05/15/2023 14:23:21.471758,2862,True,True,True,True,Eyes,1.257993,-0.2906042,-3.359132,0.2482058,0.45173,0.8569328,0,0,0,0,0,0,0,-1.984175,-1.357641,2.698764,1.267817,-0.2974655,-3.37159,-0.2453732,0.1189563,-0.03137527,0.961591,332.3265,16.00438,352.2962,0.3492151,-0.08077057,-0.9335546,0,0,0,1.541784,0.2674431,-2.460053,0.004108131,0.05935365,1.105233,0.96973,-0.1187177,-0.2133774,0.001962956,0.8776152,-0.4793619,0.244172,0.4644327,0.8512828,static,16.15337,27.79585,0.2129663,3.073966
05/15/2023 14:23:21.491336,2863,True,True,True,True,Eyes,1.258113,-0.2906176,-3.35912,0.2476995,0.4524032,0.8567241,0,0,0,0,0,0,0,-1.976012,-1.362483,2.702278,1.267705,-0.2975463,-3.371599,-0.2459065,0.1176875,-0.03165548,0.9616017,332.2589,15.86199,352.2886,0.3492503,-0.08076873,-0.9335417,0,0,0,1.541784,0.2674431,-2.460053,0.006713986,0.0584619,1.105344,0.9702951,-0.1187602,-0.2107685,0.002999677,0.8770559,-0.480379,0.2419056,0.4654771,0.8513594,static,16.12585,27.83682,0.3480168,3.027566
05/15/2023 14:23:21.511252,2864,True,True,True,True,Eyes,1.258113,-0.2906176,-3.35912,0.2476995,0.4524032,0.8567241,0,0,0,0,0,0,0,-1.968112,-1.367127,2.705518,1.267479,-0.2975378,-3.371542,-0.2463568,0.1165043,-0.03203338,0.961618,332.2032,15.73186,352.2682,0.349285,-0.08076737,-0.9335288,0,0,0,1.541784,0.2674431,-2.460053,0.009209991,0.05772662,1.105369,0.9708013,-0.119011,-0.2082819,0.004204518,0.8765644,-0.4812662,0.2398484,0.4663381,0.8514702,static,16.12585,27.83682,0.4773802,2.989489
05/15/2023 14:23:21.521733,2865,True,True,True,True,Eyes,1.258113,-0.2906176,-3.35912,0.2476995,0.4524032,0.8567241,0,0,0,0,0,0,0,-1.960382,-1.369569,2.709643,1.26736,-0.2975249,-3.371388,-0.2465326,0.1152865,-0.03224929,0.9617125,332.1764,15.58763,352.2754,0.3493162,-0.08076615,-0.9335173,0,0,0,1.541784,0.2674431,-2.460053,0.01180622,0.05762011,1.105247,0.971338,-0.1188728,-0.2058439,0.005185358,0.8763633,-0.4816228,0.2376459,0.4667512,0.8518614,static,16.12585,27.83682,0.6120088,2.984313
05/15/2023 14:23:21.541419,2866,True,True,True,True,Eyes,1.258113,-0.2906176,-3.35912,0.2476995,0.4524032,0.8567241,0,0,0,0,0,0,0,-1.953132,-1.371717,2.713624,1.267141,-0.2974527,-3.371345,-0.2467153,0.1141388,-0.03234253,0.9617994,332.1474,15.44866,352.2955,0.3493443,-0.08076505,-0.9335069,0,0,0,1.541784,0.2674431,-2.460053,0.01441628,0.05735403,1.105211,0.9718527,-0.1185336,-0.2035984,0.005894491,0.876171,-0.4819643,0.235516,0.4671982,0.8522078,static,16.12585,27.83682,0.7473186,2.970652
05/15/2023 14:23:21.561333,2867,True,True,True,True,Eyes,1.258113,-0.2906176,-3.35912,0.2476995,0.4524032,0.8567241,0,0,0,0,0,0,0,-1.946204,-1.373105,2.717825,1.266949,-0.2974776,-3.371356,-0.2468405,0.1130118,-0.03232892,0.9619007,332.1237,15.30803,352.3296,0.3493696,-0.08076407,-0.9334975,0,0,0,1.541784,0.2674431,-2.460053,0.01700345,0.05724639,1.10525,0.9723664,-0.1179862,-0.2014521,0.006402654,0.8760492,-0.4821792,0.2333724,0.467565,0.8525963,static,16.12585,27.83682,0.8813833,2.964984
05/15/2023 14:23:21.571601,2868,True,True,True,True,Eyes,1.258217,-0.2906368,-3.359089,0.2466751,0.4529381,0.8567371,0,0,0,0,0,0,0,-1.939576,-1.370038,2.723706,1.266777,-0.2975659,-3.371092,-0.2463063,0.1118844,-0.03222848,0.9621727,332.1754,15.15338,352.3889,0.3493924,-0.08076318,-0.9334891,0,0,0,1.541784,0.2674431,-2.460053,0.01968147,0.05879569,1.104994,0.9728864,-0.1171344,-0.1994281,0.006903041,0.8765889,-0.4811902,0.2311804,0.4667668,0.8536301,static,16.06237,27.86442,1.020409,3.045781
05/15/2023 14:23:21.591499,2869,True,True,True,True,Eyes,1.258217,-0.2906368,-3.359089,0.2466751,0.4529381,0.8567371,0,0,0,0,0,0,0,-1.932871,-1.366174,2.730026,1.266645,-0.2976229,-3.37083,-0.245518,0.1107742,-0.03235866,0.9624982,332.2605,15.00372,352.4243,0.3494157,-0.08076289,-0.9334804,0,0,0,1.541784,0.2674431,-2.460053,0.02213338,0.06094986,1.104677,0.973364,-0.1166844,-0.1973508,0.007896165,0.8773476,-0.4797903,0.2291293,0.4654523,0.8548999,static,16.06237,27.86442,1.147829,3.158057
05/15/2023 14:23:21.611352,2870,True,True,True,True,Eyes,1.258217,-0.2906368,-3.359089,0.2466751,0.4529381,0.8567371,0,0,0,0,0,0,0,-1.9266,-1.359435,2.737277,1.266447,-0.2975956,-3.370472,-0.2443247,0.1097028,-0.03235838,0.9629246,332.3911,14.84844,352.483,0.3494366,-0.08076263,-0.9334726,0,0,0,1.541784,0.2674431,-2.460053,0.02468249,0.06394887,1.104194,0.9738365,-0.1159235,-0.1954591,0.008711171,0.8785168,-0.477632,0.2270829,0.4634328,0.8565415,static,16.06237,27.86442,1.280542,3.314555
05/15/2023 14:23:21.621473,2871,True,True,True,True,Eyes,1.258293,-0.2906609,-3.359021,0.2459748,0.4531935,0.8568034,0,0,0,0,0,0,0,-1.921365,-1.350782,2.744865,1.266342,-0.2977347,-3.370204,-0.2429681,0.1087257,-0.03212081,0.9633865,332.538,14.69563,352.5713,0.3494555,-0.08076239,-0.9334655,0,0,0,1.541784,0.2674431,-2.460053,0.02706164,0.06733775,1.103813,0.974294,-0.1147233,-0.193881,0.009055773,0.8798695,-0.4751292,0.2250983,0.4611597,0.8582905,static,16.01794,27.87594,1.404411,3.490985
05/15/2023 14:23:21.641318,2872,True,True,True,True,Eyes,1.258362,-0.2906917,-3.358951,0.2452104,0.4533663,0.8569311,0,0,0,0,0,0,0,-1.915832,-1.342226,2.752402,1.266129,-0.2976549,-3.369869,-0.2415389,0.1077472,-0.03200809,0.9638596,332.6954,14.54569,352.645,0.3494749,-0.08076293,-0.9334582,0,0,0,1.541784,0.2674431,-2.460053,0.02950177,0.07076058,1.103272,0.9747321,-0.1137529,-0.1922439,0.009652339,0.8812689,-0.4725167,0.2231687,0.4587215,0.860099,static,15.96844,27.88144,1.531738,3.669753
05/15/2023 14:23:21.661947,2873,True,True,True,True,Eyes,1.258362,-0.2906917,-3.358951,0.2452104,0.4533663,0.8569311,0,0,0,0,0,0,0,-1.909714,-1.334873,2.760058,1.266069,-0.2978142,-3.369746,-0.2404137,0.1066147,-0.03170063,0.9642769,332.8133,14.37602,352.7407,0.3494947,-0.08076435,-0.9334507,0,0,0,1.541784,0.2674431,-2.460053,0.03218064,0.0735721,1.103009,0.9752567,-0.1123996,-0.1903697,0.009873078,0.8823926,-0.4704101,0.2208547,0.4568911,0.8616691,static,15.96844,27.88144,1.671149,3.816049
05/15/2023 14:23:21.678902,2874,True,True,True,True,Eyes,1.258362,-0.2906917,-3.358951,0.2452104,0.4533663,0.8569311,0,0,0,0,0,0,0,-1.904107,-1.327812,2.766821,1.26592,-0.2978459,-3.369383,-0.2393549,0.1055958,-0.0313818,0.9646627,332.9244,14.22178,352.8326,0.3495125,-0.08076563,-0.9334439,0,0,0,1.541784,0.2674431,-2.460053,0.03477137,0.07621202,1.102504,0.9757293,-0.1110955,-0.1887058,0.009995968,0.8834488,-0.4684211,0.2187514,0.4551659,0.8631175,static,15.96844,27.88144,1.806426,3.954353
05/15/2023 14:23:21.691500,2875,True,True,True,True,Eyes,1.258375,-0.2907186,-3.358842,0.2448508,0.4534525,0.8569883,0,0,0,0,0,0,0,-1.898678,-1.32268,2.772626,1.265864,-0.2977665,-3.369101,-0.2384508,0.1046597,-0.03135178,0.9649895,333.0224,14.0892,352.8826,0.3495285,-0.08076679,-0.9334378,0,0,0,1.541784,0.2674431,-2.460053,0.03689432,0.07843384,1.10202,0.9761268,-0.1104206,-0.1870394,0.01059588,0.8843166,-0.4667675,0.2169428,0.4536424,0.8643752,static,15.94521,27.88436,1.917478,4.071035
05/15/2023 14:23:21.711219,2876,True,True,True,True,Eyes,1.258384,-0.2907477,-3.35873,0.244462,0.453507,0.8570704,0,0,0,0,0,0,0,-1.894709,-1.318683,2.776901,1.265748,-0.2977576,-3.368864,-0.2378664,0.1039501,-0.03111783,0.965218,333.0819,13.98423,352.9445,0.3495442,-0.08076879,-0.9334318,0,0,0,1.541784,0.2674431,-2.460053,0.03871652,0.07988596,1.101683,0.9764521,-0.1095234,-0.1858651,0.01061853,0.8849025,-0.4656552,0.2154727,0.4527164,0.8652279,static,15.91973,27.88494,2.012722,4.147412
05/15/2023 14:23:21.721666,2877,True,True,True,True,Eyes,1.258373,-0.2907736,-3.358609,0.2445092,0.4536547,0.8569788,0,0,0,0,0,0,0,-1.891774,-1.315523,2.780156,1.265683,-0.2978253,-3.368683,-0.2374114,0.1034206,-0.03094551,0.9653924,333.1286,13.9058,352.9906,0.3495595,-0.08077162,-0.9334258,0,0,0,1.541784,0.2674431,-2.460053,0.04004651,0.08107916,1.10145,0.976693,-0.1088556,-0.1849894,0.01064264,0.8853564,-0.4647911,0.2143766,0.4519895,0.86588,static,15.92426,27.89518,2.082243,4.210023
05/15/2023 14:23:21.741467,2878,True,True,True,True,Eyes,1.258361,-0.2908041,-3.358484,0.2445322,0.4537759,0.856908,0,0,0,0,0,0,0,-1.890365,-1.313858,2.781497,1.265546,-0.2978113,-3.368401,-0.2371588,0.1031968,-0.03090448,0.9654799,333.1558,13.87267,353.0073,0.3495742,-0.08077514,-0.93342,0,0,0,1.541784,0.2674431,-2.460053,0.04073635,0.08178675,1.101167,0.9767906,-0.1086234,-0.1846103,0.01072722,0.8856013,-0.4643225,0.2139274,0.4515655,0.8662123,static,15.92693,27.90347,2.118623,4.247719
05/15/2023 14:23:21.761407,2879,True,True,True,True,Eyes,1.258309,-0.2908299,-3.358346,0.2449754,0.4539165,0.856707,0,0,0,0,0,0,0,-1.889088,-1.311256,2.7833,1.265517,-0.2979425,-3.36816,-0.2368306,0.1029455,-0.03074094,0.9655924,333.1899,13.83138,353.0415,0.3495882,-0.08077943,-0.9334144,0,0,0,1.541784,0.2674431,-2.460053,0.04144013,0.08274063,1.100945,0.9769144,-0.1081277,-0.1842459,0.01060518,0.8859326,-0.4636928,0.2133675,0.4510343,0.866627,static,15.95788,27.91637,2.155625,4.297939
05/15/2023 14:23:21.771376,2880,True,True,True,True,Eyes,1.258252,-0.2908616,-3.358205,0.2453746,0.4540325,0.8565313,0,0,0,0,0,0,0,-1.88781,-1.30917,2.784716,1.265353,-0.2979274,-3.367865,-0.2365716,0.1027244,-0.03057992,0.9656845,333.2162,13.79506,353.0731,0.3496007,-0.08078433,-0.9334093,0,0,0,1.541784,0.2674431,-2.460053,0.04223603,0.08343154,1.100653,0.9770251,-0.1076645,-0.1839301,0.01045777,0.8861975,-0.4631896,0.2128674,0.4506243,0.8669632,static,15.98568,27.9273,2.197568,4.334837
05/15/2023 14:23:21.791535,2881,True,True,True,True,Eyes,1.258152,-0.2908853,-3.358051,0.2460424,0.4541826,0.8562601,0,0,0,0,0,0,0,-1.886553,-1.306,2.786707,1.265191,-0.2980865,-3.367623,-0.2362383,0.1024651,-0.03025136,0.9658039,333.2486,13.748,353.1279,0.3496118,-0.08078996,-0.9334046,0,0,0,1.541784,0.2674431,-2.460053,0.04319745,0.08437485,1.100466,0.9771715,-0.1068461,-0.1836294,0.01002138,0.8865526,-0.4625192,0.2122155,0.4501203,0.8673847,static,16.03176,27.94264,2.247921,4.384398
05/15/2023 14:23:21.811690,2882,True,True,True,True,Eyes,1.258056,-0.2909133,-3.357897,0.2466495,0.4543299,0.8560072,0,0,0,0,0,0,0,-1.88573,-1.303098,2.788212,1.265058,-0.2979927,-3.367343,-0.2359851,0.1022582,-0.02979485,0.965902,333.2702,13.70501,353.1955,0.3496208,-0.08079608,-0.9334008,0,0,0,1.541784,0.2674431,-2.460053,0.04414292,0.08488554,1.100144,0.977311,-0.1058206,-0.1834804,0.00929501,0.8868466,-0.4619705,0.211605,0.4497834,0.8677086,static,16.07378,27.95734,2.297742,4.412119
05/15/2023 14:23:21.821355,2883,True,True,True,True,Eyes,1.25793,-0.2909345,-3.357732,0.2474008,0.45455,0.8556735,0,0,0,0,0,0,0,-1.884996,-1.300286,2.789858,1.265062,-0.2981056,-3.367196,-0.2358904,0.1019948,-0.02908399,0.9659747,333.2694,13.64998,353.2932,0.3496279,-0.08080275,-0.9333975,0,0,0,1.541784,0.2674431,-2.460053,0.04520051,0.08509302,1.100021,0.9775023,-0.104308,-0.1833275,0.008069603,0.8870198,-0.4616611,0.21077,0.4497954,0.8679056,static,16.12616,27.97809,2.352994,4.423354
05/15/2023 14:23:21.841383,2884,True,True,True,True,Eyes,1.257807,-0.290961,-3.357565,0.2481163,0.454759,0.8553553,0,0,0,0,0,0,0,-1.884847,-1.299541,2.789889,1.265001,-0.2980374,-3.36688,-0.2358749,0.1019532,-0.02889516,0.9659885,333.2683,13.63906,353.3181,0.3496327,-0.0808098,-0.9333951,0,0,0,1.541784,0.2674431,-2.460053,0.04554375,0.08516347,1.099721,0.9775411,-0.1039212,-0.18334,0.007728373,0.8870562,-0.4615968,0.2106026,0.4498129,0.8679371,static,16.17607,27.99784,2.371487,4.428204
05/15/2023 14:23:21.861553,2885,True,True,True,True,Eyes,1.257657,-0.2909867,-3.357388,0.2488816,0.4550586,0.8549734,0,0,0,0,0,0,0,-1.884924,-1.298274,2.790157,1.264963,-0.2981861,-3.366658,-0.2358081,0.1019333,-0.02869115,0.966013,333.2731,13.62965,353.3452,0.3496355,-0.08081732,-0.9333934,0,0,0,1.541784,0.2674431,-2.460053,0.04579009,0.08549023,1.099588,0.9775729,-0.1035054,-0.1834065,0.007358664,0.8871427,-0.4614365,0.2104689,0.4497381,0.8680083,static,16.23021,28.02409,2.384588,4.445662
05/15/2023 14:23:21.872010,2886,True,True,True,True,Eyes,1.257507,-0.2910169,-3.35721,0.249603,0.4553259,0.8546208,0,0,0,0,0,0,0,-1.885189,-1.296847,2.790242,1.264833,-0.2982539,-3.366369,-0.2357271,0.1019563,-0.02845911,0.9660371,333.2795,13.62462,353.3748,0.349636,-0.08082528,-0.9333925,0,0,0,1.541784,0.2674431,-2.460053,0.04607517,0.08579391,1.099382,0.9775899,-0.1030529,-0.1835701,0.006917366,0.8872457,-0.4612454,0.2104044,0.4496391,0.8680753,static,16.28113,28.04785,2.399866,4.462224
05/15/2023 14:23:21.891242,2887,True,True,True,True,Eyes,1.257318,-0.2910413,-3.357026,0.250348,0.4556417,0.8542345,0,0,0,0,0,0,0,-1.884361,-1.294533,2.791598,1.264701,-0.298381,-3.366177,-0.2354193,0.1018098,-0.02835873,0.9661307,333.313,13.59883,353.3975,0.3496344,-0.08083378,-0.9333924,0,0,0,1.541784,0.2674431,-2.460053,0.04660818,0.08667582,1.099231,0.9776611,-0.1027324,-0.1833707,0.006860515,0.8875471,-0.460666,0.2100755,0.4491172,0.8684251,static,16.33412,28.07509,2.427928,4.508521
05/15/2023 14:23:21.911415,2888,True,True,True,True,Eyes,1.257137,-0.2910688,-3.356843,0.2510226,0.4559292,0.8538831,0,0,0,0,0,0,0,-1.882306,-1.291906,2.793917,1.264579,-0.2983366,-3.365992,-0.2351839,0.1013996,-0.02791681,0.9662439,333.3315,13.53124,353.4688,0.3496299,-0.08084263,-0.9333933,0,0,0,1.541784,0.2674431,-2.460053,0.04793902,0.08717388,1.098989,0.9778775,-0.101644,-0.1828223,0.006253787,0.8878184,-0.4601515,0.2090847,0.4488285,0.8688133,static,16.38216,28.0999,2.497716,4.535311
05/15/2023 14:23:21.921158,2889,True,True,True,True,Eyes,1.256952,-0.2910906,-3.356658,0.2517253,0.4562199,0.8535208,0,0,0,0,0,0,0,-1.880289,-1.288792,2.79652,1.264594,-0.2984178,-3.36582,-0.2348673,0.1009742,-0.02750834,0.9663771,333.3598,13.46157,353.5379,0.3496231,-0.08085188,-0.933395,0,0,0,1.541784,0.2674431,-2.460053,0.04912949,0.08796906,1.09877,0.978095,-0.1005979,-0.1822366,0.005735788,0.8881612,-0.4594961,0.2080799,0.4483856,0.8692831,static,16.43215,28.12519,2.560171,4.577418
05/15/2023 14:23:21.941501,2890,True,True,True,True,Eyes,1.256774,-0.2911162,-3.356479,0.2523743,0.4564857,0.853187,0,0,0,0,0,0,0,-1.878581,-1.287372,2.798089,1.264545,-0.2983284,-3.365653,-0.234675,0.1006718,-0.02737372,0.9664593,333.3784,13.41707,353.5671,0.3496141,-0.08086134,-0.9333976,0,0,0,1.541784,0.2674431,-2.460053,0.04994988,0.0883978,1.098527,0.9782317,-0.1001615,-0.1817426,0.005660861,0.8883566,-0.4591192,0.2074383,0.4480961,0.8695856,static,16.47831,28.14838,2.603438,4.600643
05/15/2023 14:23:21.961189,2891,True,True,True,True,Eyes,1.256543,-0.2911335,-3.356292,0.2531627,0.4567028,0.8528372,0,0,0,0,0,0,0,-1.87659,-1.286184,2.799919,1.26454,-0.2984371,-3.365602,-0.2344706,0.1003333,-0.02736994,0.9665442,333.3999,13.37167,353.5814,0.3496033,-0.08087109,-0.9334008,0,0,0,1.541784,0.2674431,-2.460053,0.05067053,0.08902013,1.098459,0.9783682,-0.09995895,-0.1811183,0.005858069,0.8885488,-0.4587447,0.2067881,0.4477603,0.8699135,static,16.5334,28.16949,2.641109,4.633176
05/15/2023 14:23:21.971875,2892,True,True,True,True,Eyes,1.256324,-0.2911522,-3.356112,0.2539032,0.4569089,0.8525065,0,0,0,0,0,0,0,-1.87469,-1.286531,2.800872,1.26452,-0.2983466,-3.365485,-0.2344068,0.1000596,-0.02754824,0.9665831,333.408,13.34165,353.5686,0.3495896,-0.08088091,-0.933405,0,0,0,1.541784,0.2674431,-2.460053,0.05117387,0.08922839,1.098281,0.9784583,-0.1001646,-0.1805169,0.006345997,0.8885891,-0.4586602,0.2063469,0.4476343,0.870083,static,16.58518,28.1895,2.66774,4.644721
05/15/2023 14:23:21.991408,2893,True,True,True,True,Eyes,1.256108,-0.291167,-3.355934,0.2547459,0.4569771,0.8522185,0,0,0,0,0,0,0,-1.872908,-1.287178,2.801764,1.264597,-0.2984021,-3.365449,-0.2343982,0.09979086,-0.02774488,0.9666073,333.4099,13.31357,353.5523,0.3495736,-0.08089082,-0.9334101,0,0,0,1.541784,0.2674431,-2.460053,0.05152836,0.08940983,1.098229,0.978544,-0.1004184,-0.1799104,0.006855203,0.8885754,-0.4586793,0.2059238,0.4476046,0.8701985,static,16.6425,28.20112,2.686321,4.654343
05/15/2023 14:23:22.011312,2894,True,True,True,True,Eyes,1.255903,-0.2911805,-3.355763,0.2555594,0.4570435,0.8519393,0,0,0,0,0,0,0,-1.872266,-1.287927,2.801754,1.264609,-0.2983387,-3.365371,-0.2344087,0.09972571,-0.02794688,0.9666057,333.411,13.31139,353.5291,0.3495555,-0.08090069,-0.933416,0,0,0,1.541784,0.2674431,-2.460053,0.05153415,0.08943632,1.098126,0.9785475,-0.1007804,-0.1796889,0.007274085,0.8885431,-0.4587355,0.2058928,0.4475875,0.8702148,static,16.69786,28.21241,2.686872,4.656149
05/15/2023 14:23:22.021534,2895,True,True,True,True,Eyes,1.255694,-0.2911944,-3.355595,0.2565352,0.4569516,0.8516954,0,0,0,0,0,0,0,-1.871917,-1.289211,2.801408,1.264654,-0.2983321,-3.365363,-0.2344796,0.09971668,-0.02821811,0.9665815,333.4064,13.31911,353.4944,0.3495357,-0.08091047,-0.9334226,0,0,0,1.541784,0.2674431,-2.460053,0.0513216,0.08935833,1.098122,0.9785206,-0.1013133,-0.1795354,0.007787158,0.8884461,-0.4589149,0.2060017,0.4476596,0.8701518,static,16.76258,28.21445,2.675817,4.652125
05/15/2023 14:23:22.041287,2896,True,True,True,True,Eyes,1.255496,-0.2912119,-3.355432,0.2574707,0.4568545,0.8514651,0,0,0,0,0,0,0,-1.871883,-1.289568,2.801201,1.26462,-0.2983743,-3.365318,-0.234452,0.09975319,-0.02841317,0.9665787,333.4125,13.32892,353.4697,0.3495143,-0.08092017,-0.9334297,0,0,0,1.541784,0.2674431,-2.460053,0.05114681,0.08953258,1.098109,0.978484,-0.1017018,-0.1795156,0.008152447,0.88845,-0.4589012,0.2061617,0.447564,0.8701631,static,16.82455,28.21583,2.666749,4.661212
05/15/2023 14:23:22.061518,2897,True,True,True,True,Eyes,1.255307,-0.291222,-3.355278,0.2584032,0.456711,0.8512596,0,0,0,0,0,0,0,-1.871721,-1.289004,2.801551,1.264681,-0.2984771,-3.365271,-0.2343441,0.09972294,-0.02847537,0.9666061,333.4257,13.32538,353.4649,0.3494917,-0.08092988,-0.9334373,0,0,0,1.541784,0.2674431,-2.460053,0.05110633,0.08990958,1.098078,0.9784889,-0.1017879,-0.1794395,0.008309968,0.888544,-0.4587162,0.2061317,0.4473576,0.8702763,static,16.88587,28.21409,2.664716,4.680882
05/15/2023 14:23:22.071621,2898,True,True,True,True,Eyes,1.255127,-0.2912335,-3.355136,0.2593013,0.4565795,0.8510571,0,0,0,0,0,0,0,-1.871579,-1.290216,2.801169,1.264703,-0.2983072,-3.365346,-0.234502,0.09970755,-0.02849153,0.9665689,333.4074,13.32619,353.4604,0.3494681,-0.08093937,-0.9334453,0,0,0,1.541784,0.2674431,-2.460053,0.05110814,0.08937788,1.09809,0.9784933,-0.1018413,-0.1793858,0.008314822,0.8883941,-0.4590063,0.2061111,0.447643,0.8701345,static,16.94501,28.2129,2.66478,4.653271
05/15/2023 14:23:22.091485,2899,True,True,True,True,Eyes,1.254956,-0.2912463,-3.354999,0.2602546,0.4563836,0.850871,0,0,0,0,0,0,0,-1.871554,-1.291313,2.800901,1.264748,-0.2983615,-3.365508,-0.234619,0.0997186,-0.02860721,0.966536,333.3954,13.3326,353.4436,0.3494438,-0.08094868,-0.9334536,0,0,0,1.541784,0.2674431,-2.460053,0.05092518,0.08912322,1.098269,0.9784757,-0.1020915,-0.1793396,0.008508044,0.8882712,-0.4592407,0.2061868,0.44783,0.8700203,static,17.00722,28.20788,2.654822,4.639317
05/15/2023 14:23:22.111752,2900,True,True,True,True,Eyes,1.254796,-0.2912659,-3.354872,0.2611625,0.4562112,0.8506853,0,0,0,0,0,0,0,-1.8724,-1.292751,2.799636,1.26475,-0.2984003,-3.365474,-0.2348884,0.09986641,-0.02858168,0.9664561,333.3647,13.35425,353.4373,0.3494189,-0.08095783,-0.9334621,0,0,0,1.541784,0.2674431,-2.460053,0.05062959,0.08854213,1.098322,0.9784195,-0.1021608,-0.179606,0.008330958,0.888021,-0.4597273,0.20646,0.4483099,0.8697082,static,17.06662,28.20407,2.639308,4.60898
05/15/2023 14:23:22.121290,2901,True,True,True,True,Eyes,1.254644,-0.2912785,-3.354749,0.2620793,0.4560187,0.8505065,0,0,0,0,0,0,0,-1.872202,-1.293559,2.799596,1.264855,-0.2985843,-3.365585,-0.2350857,0.09979968,-0.02847567,0.9664181,333.3398,13.34568,353.4488,0.3493938,-0.080967,-0.9334707,0,0,0,1.541784,0.2674431,-2.460053,0.05069986,0.08818936,1.098506,0.9784583,-0.1019617,-0.179508,0.008115852,0.8878477,-0.4600658,0.2062849,0.4486984,0.8695495,static,17.12642,28.19901,2.642523,4.589927
05/15/2023 14:23:22.141418,2902,True,True,True,True,Eyes,1.254505,-0.2912915,-3.354638,0.2629603,0.4558654,0.8503168,0,0,0,0,0,0,0,-1.872441,-1.294793,2.798901,1.26495,-0.2984307,-3.365593,-0.2352871,0.0998284,-0.02843564,0.9663674,333.316,13.35102,353.4491,0.3493686,-0.08097598,-0.9334794,0,0,0,1.541784,0.2674431,-2.460053,0.05058703,0.08758175,1.098464,0.9784514,-0.1019352,-0.1795607,0.007981883,0.8876628,-0.4604249,0.2063229,0.4490701,0.8693485,static,17.18422,28.19631,2.636752,4.558613
05/15/2023 14:23:22.161173,2903,True,True,True,True,Eyes,1.254365,-0.291299,-3.35453,0.263863,0.4556852,0.8501337,0,0,0,0,0,0,0,-1.872804,-1.29724,2.797785,1.265133,-0.2984641,-3.365737,-0.2357208,0.09986086,-0.02836124,0.9662604,333.2646,13.3592,353.4492,0.3493435,-0.08098477,-0.9334881,0,0,0,1.541784,0.2674431,-2.460053,0.05035706,0.08654565,1.098647,0.9784468,-0.1018873,-0.1796125,0.007730129,0.8872626,-0.4611997,0.2063538,0.449871,0.868927,static,17.24321,28.19202,2.624346,4.504161
05/15/2023 14:23:22.171964,2904,True,True,True,True,Eyes,1.254235,-0.2913089,-3.354424,0.2647445,0.4555013,0.8499581,0,0,0,0,0,0,0,-1.873811,-1.300328,2.795699,1.265167,-0.2983679,-3.365751,-0.2359814,0.1001328,-0.02886234,0.9661539,333.2429,13.41162,353.3742,0.3493184,-0.08099323,-0.9334967,0,0,0,1.541784,0.2674431,-2.460053,0.04941048,0.08598286,1.098687,0.9782808,-0.1030298,-0.1798654,0.008511969,0.8869595,-0.4617688,0.2071093,0.4502086,0.8685724,static,17.30074,28.18731,2.574987,4.474825
05/15/2023 14:23:22.191607,2905,True,True,True,True,Eyes,1.254103,-0.2913131,-3.354325,0.2655514,0.4552968,0.849816,0,0,0,0,0,0,0,-1.874724,-1.300018,2.795225,1.265265,-0.2984379,-3.365703,-0.2358778,0.1002939,-0.02902364,0.9661576,333.2583,13.43498,353.3513,0.3492937,-0.08100143,-0.9335052,0,0,0,1.541784,0.2674431,-2.460053,0.04886591,0.08632377,1.098657,0.9781975,-0.103397,-0.1801073,0.008768631,0.8870386,-0.461612,0.2074914,0.4499684,0.8686056,static,17.35304,28.18059,2.546715,4.492618
05/15/2023 14:23:22.211419,2906,True,True,True,True,Eyes,1.253986,-0.291321,-3.354234,0.2663405,0.4550904,0.8496796,0,0,0,0,0,0,0,-1.875164,-1.299567,2.795274,1.265342,-0.2983067,-3.365798,-0.2358502,0.1003255,-0.02888704,0.9661651,333.2599,13.43456,353.3679,0.3492691,-0.08100924,-0.9335138,0,0,0,1.541784,0.2674431,-2.460053,0.04881501,0.08617961,1.098662,0.9782006,-0.1031429,-0.180236,0.008495717,0.8870804,-0.4615366,0.207488,0.4499442,0.868619,static,17.40411,28.17361,2.544055,4.485128
05/15/2023 14:23:22.221753,2907,True,True,True,True,Eyes,1.253877,-0.2913266,-3.35415,0.2670647,0.4548561,0.8495777,0,0,0,0,0,0,0,-1.876862,-1.298309,2.794995,1.265549,-0.2984012,-3.36594,-0.2357112,0.1005426,-0.02880166,0.9661791,333.2764,13.45724,353.3746,0.3492449,-0.08101677,-0.9335222,0,0,0,1.541784,0.2674431,-2.460053,0.04818015,0.08645135,1.098783,0.9781232,-0.1030532,-0.1807066,0.008257097,0.8872214,-0.46127,0.2078621,0.4496868,0.8686628,static,17.45054,28.16419,2.510735,4.49872
05/15/2023 14:23:22.241371,2908,True,True,True,True,Eyes,1.253779,-0.2913323,-3.354072,0.2677757,0.4546222,0.8494792,0,0,0,0,0,0,0,-1.878395,-1.297565,2.79445,1.26568,-0.2983397,-3.366013,-0.2355613,0.1007795,-0.02887292,0.9661888,333.2965,13.48679,353.3616,0.3492212,-0.08102397,-0.9335304,0,0,0,1.541784,0.2674431,-2.460053,0.04749827,0.08668622,1.098789,0.9780197,-0.1032729,-0.1811414,0.008313881,0.8873545,-0.4610129,0.2083468,0.4493737,0.8687088,static,17.49607,28.15469,2.475232,4.510866
05/15/2023 14:23:22.261827,2909,True,True,True,True,Eyes,1.253682,-0.2913365,-3.354,0.2684477,0.4543775,0.849398,0,0,0,0,0,0,0,-1.879688,-1.297094,2.793979,1.265824,-0.2983521,-3.366107,-0.2354653,0.1009741,-0.02893581,0.9661901,333.3099,13.51158,353.3499,0.3491982,-0.08103085,-0.9335384,0,0,0,1.541784,0.2674431,-2.460053,0.04688719,0.08685935,1.098849,0.9779339,-0.1034668,-0.1814936,0.008363198,0.8874376,-0.4608519,0.2087471,0.4491648,0.8687207,static,17.53886,28.14414,2.443293,4.519591
05/15/2023 14:23:22.271884,2910,True,True,True,True,Eyes,1.253597,-0.2913457,-3.353937,0.2690948,0.4541437,0.8493183,0,0,0,0,0,0,0,-1.879931,-1.297269,2.793914,1.26593,-0.2983225,-3.366218,-0.2354321,0.1010125,-0.02903915,0.9661909,333.3155,13.5189,353.3366,0.3491758,-0.08103738,-0.9335462,0,0,0,1.541784,0.2674431,-2.460053,0.04661362,0.08688009,1.098909,0.9779064,-0.1036779,-0.1815213,0.008551532,0.8874568,-0.4608114,0.2088683,0.4490782,0.8687363,static,17.58009,28.13411,2.428921,4.520419
05/15/2023 14:23:22.291338,2911,True,True,True,True,Eyes,1.253528,-0.2913539,-3.353881,0.2696784,0.4539288,0.8492481,0,0,0,0,0,0,0,-1.880012,-1.297804,2.793867,1.266115,-0.2984539,-3.36635,-0.2354735,0.101013,-0.02914696,0.9661776,333.3121,13.52269,353.3224,0.349154,-0.08104371,-0.9335538,0,0,0,1.541784,0.2674431,-2.460053,0.04631974,0.08687359,1.099052,0.9778936,-0.1038941,-0.1814663,0.00875051,0.8874053,-0.460907,0.2089197,0.4491301,0.8686972,static,17.61722,28.1248,2.413313,4.519497
05/15/2023 14:23:22.311295,2912,True,True,True,True,Eyes,1.253473,-0.2913592,-3.353834,0.2702349,0.453734,0.8491753,0,0,0,0,0,0,0,-1.879883,-1.298555,2.793764,1.266239,-0.2984188,-3.366438,-0.2355272,0.1009934,-0.02925565,0.9661633,333.3073,13.52418,353.3085,0.3491333,-0.08104981,-0.933561,0,0,0,1.541784,0.2674431,-2.460053,0.04615121,0.08671546,1.099095,0.9778888,-0.1041048,-0.1813713,0.008958075,0.8873421,-0.4610246,0.2089333,0.4492061,0.8686546,static,17.65274,28.11662,2.404448,4.511129
05/15/2023 14:23:22.321385,2913,True,True,True,True,Eyes,1.253436,-0.2913641,-3.353794,0.270737,0.453578,0.8490986,0,0,0,0,0,0,0,-1.879527,-1.300216,2.793581,1.266532,-0.2983644,-3.366624,-0.2357095,0.1009148,-0.02937245,0.9661235,333.287,13.5204,353.2929,0.3491138,-0.08105559,-0.9335678,0,0,0,1.541784,0.2674431,-2.460053,0.04592043,0.08621585,1.099196,0.9779069,-0.104328,-0.1811456,0.009181681,0.8871565,-0.4613772,0.208839,0.4495208,0.8685145,static,17.685,28.11058,2.39222,4.484835
05/15/2023 14:23:22.341380,2914,True,True,True,True,Eyes,1.253412,-0.2913651,-3.35376,0.2712375,0.4534383,0.8490135,0,0,0,0,0,0,0,-1.880522,-1.302367,2.792102,1.266764,-0.2983559,-3.366697,-0.2360134,0.101076,-0.02948123,0.9660291,333.2543,13.54824,353.2689,0.3490956,-0.08106104,-0.9335741,0,0,0,1.541784,0.2674431,-2.460053,0.04526335,0.08550081,1.099277,0.977829,-0.10467,-0.1813688,0.009248856,0.886857,-0.4619513,0.2092007,0.450032,0.8681626,static,17.71732,28.10564,2.357854,4.447463
05/15/2023 14:23:22.361422,2915,True,True,True,True,Eyes,1.253416,-0.2913651,-3.353734,0.2717164,0.453311,0.8489283,0,0,0,0,0,0,0,-1.881114,-1.305173,2.790689,1.267061,-0.2982843,-3.366837,-0.2362506,0.1012169,-0.02989975,0.9659435,333.2334,13.58158,353.2083,0.349079,-0.08106606,-0.9335799,0,0,0,1.541784,0.2674431,-2.460053,0.04436702,0.08494121,1.099361,0.9777223,-0.105588,-0.1814119,0.009937843,0.8865833,-0.4624622,0.2096672,0.4503567,0.8678816,static,17.74831,28.10134,2.311037,4.418133
05/15/2023 14:23:22.371278,2916,True,True,True,True,Eyes,1.253426,-0.2913711,-3.353715,0.2722013,0.4531832,0.8488413,0,0,0,0,0,0,0,-1.882198,-1.308012,2.788827,1.267264,-0.298247,-3.366929,-0.2364639,0.1014731,-0.03041417,0.9658484,333.2176,13.63183,353.1329,0.3490644,-0.08107063,-0.933585,0,0,0,1.541784,0.2674431,-2.460053,0.04325961,0.08449894,1.099445,0.9775563,-0.1067404,-0.1816316,0.01076148,0.8863196,-0.4629489,0.210399,0.4506041,0.8675761,static,17.77969,28.09707,2.25324,4.394883
05/15/2023 14:23:22.391626,2917,True,True,True,True,Eyes,1.253453,-0.291373,-3.353702,0.2726038,0.4530597,0.8487779,0,0,0,0,0,0,0,-1.883158,-1.30941,2.787773,1.267396,-0.2984117,-3.367072,-0.2364955,0.101694,-0.03086619,0.9658032,333.2218,13.67313,353.0697,0.3490517,-0.08107495,-0.9335894,0,0,0,1.541784,0.2674431,-2.460053,0.04230893,0.08460599,1.099644,0.9774112,-0.1077217,-0.1818334,0.01152096,0.8862343,-0.4630939,0.2110322,0.4505383,0.8674565,static,17.80557,28.09236,2.203375,4.399638
05/15/2023 14:23:22.411352,2918,True,True,True,True,Eyes,1.253491,-0.2913789,-3.353697,0.272994,0.4529563,0.8487078,0,0,0,0,0,0,0,-1.883927,-1.310692,2.786821,1.267556,-0.2982999,-3.367163,-0.2366388,0.1018233,-0.03097413,0.9657509,333.2075,13.69464,353.0497,0.349041,-0.08107889,-0.9335931,0,0,0,1.541784,0.2674431,-2.460053,0.04179984,0.08415443,1.099675,0.9773452,-0.1080173,-0.1820125,0.01163591,0.8860854,-0.463376,0.2113312,0.4507604,0.8672682,static,17.83082,28.08889,2.176826,4.376122
05/15/2023 14:23:22.421521,2919,True,True,True,True,Eyes,1.253549,-0.2913826,-3.353694,0.2734011,0.452834,0.848642,0,0,0,0,0,0,0,-1.884899,-1.311392,2.786221,1.267867,-0.2984038,-3.367356,-0.2368312,0.1019088,-0.03083609,0.9656991,333.1838,13.70424,353.0605,0.3490323,-0.08108258,-0.933596,0,0,0,1.541784,0.2674431,-2.460053,0.04136363,0.08366987,1.099864,0.9773274,-0.1078271,-0.1822205,0.01128643,0.8859202,-0.4637003,0.2114323,0.4511304,0.8670512,static,17.85702,28.08431,2.153761,4.350278
05/15/2023 14:23:22.441214,2920,True,True,True,True,Eyes,1.253613,-0.2913842,-3.353695,0.2738287,0.4527179,0.8485661,0,0,0,0,0,0,0,-1.886565,-1.313326,2.784316,1.268116,-0.2983498,-3.367378,-0.2370079,0.102215,-0.031146,0.9656134,333.1697,13.75434,353.0096,0.349026,-0.08108597,-0.9335981,0,0,0,1.541784,0.2674431,-2.460053,0.04026179,0.08325785,1.099865,0.977164,-0.1086015,-0.1826367,0.01169847,0.8857144,-0.4640832,0.2121641,0.4513489,0.8667588,static,17.88467,28.08034,2.09644,4.328934
05/15/2023 14:23:22.461169,2921,True,True,True,True,Eyes,1.253686,-0.2913855,-3.353701,0.2740993,0.4526062,0.8485383,0,0,0,0,0,0,0,-1.888796,-1.314922,2.782244,1.268315,-0.298312,-3.367468,-0.2371252,0.1026215,-0.03147675,0.9655309,333.1637,13.81673,352.9542,0.3490218,-0.081089,-0.9335994,0,0,0,1.541784,0.2674431,-2.460053,0.03896898,0.08295348,1.099939,0.9769561,-0.1094518,-0.1832407,0.01211523,0.8855617,-0.4643638,0.2130964,0.451443,0.8664809,static,17.90177,28.07524,2.029043,4.312878
05/15/2023 14:23:22.471502,2922,True,True,True,True,Eyes,1.253764,-0.291386,-3.353717,0.2743707,0.4525119,0.8485009,0,0,0,0,0,0,0,-1.890179,-1.316159,2.780906,1.268432,-0.2982998,-3.367578,-0.2372986,0.1028531,-0.03155508,0.965461,333.1463,13.8507,352.9342,0.3490198,-0.0810917,-0.9335999,0,0,0,1.541784,0.2674431,-2.460053,0.03829244,0.08249003,1.100054,0.976851,-0.1097442,-0.1836254,0.01211658,0.8853873,-0.4646961,0.2135773,0.451714,0.8662212,moving,17.9191,28.07133,1.993639,4.288429
05/15/2023 14:23:22.491453,2923,True,True,True,True,Eyes,1.25385,-0.2913825,-3.353733,0.2745808,0.4524137,0.8484853,0,0,0,0,0,0,0,-1.891127,-1.31761,2.779964,1.268616,-0.2982895,-3.367832,-0.2375007,0.1029943,-0.03160824,0.9653946,333.1245,13.87307,352.9194,0.3490197,-0.08109405,-0.9335998,0,0,0,1.54179,0.2644577,-2.460048,0.03806554,0.0792571,1.098931,0.9767861,-0.1099513,-0.1838463,0.01210639,0.8851886,-0.4650747,0.2138743,0.4520528,0.8659711,moving,17.93225,28.06661,1.983858,4.125142
05/15/2023 14:23:22.511556,2924,True,True,True,True,Eyes,1.253939,-0.2913823,-3.353755,0.2748012,0.4523378,0.8484544,0,0,0,0,0,0,0,-1.892807,-1.319415,2.778087,1.268822,-0.2981924,-3.367865,-0.2378211,0.1032499,-0.03157299,0.9652895,333.0886,13.90903,352.9099,0.3490216,-0.08109596,-0.9335989,0,0,0,1.541797,0.2613546,-2.460043,0.03769955,0.0756408,1.097545,0.9766852,-0.1100642,-0.1843146,0.01184415,0.8848886,-0.4656522,0.2143495,0.4526126,0.8655611,moving,17.94633,28.06349,1.967278,3.942487
05/15/2023 14:23:22.521111,2925,True,True,True,True,Eyes,1.254033,-0.2913838,-3.353775,0.2749407,0.4522726,0.848444,0,0,0,0,0,0,0,-1.894201,-1.321329,2.776512,1.269009,-0.2982809,-3.368021,-0.2381127,0.1034767,-0.03165777,0.9651905,333.0575,13.94448,352.8868,0.3490253,-0.08109757,-0.9335974,0,0,0,1.541803,0.2583812,-2.460039,0.03727582,0.07235017,1.096402,0.9765807,-0.1103898,-0.1846733,0.0118333,0.8846002,-0.4662,0.2148257,0.4530966,0.8651898,moving,17.95506,28.06035,1.94721,3.775403
05/15/2023 14:23:22.541311,2926,True,True,True,True,Eyes,1.254132,-0.2913854,-3.353797,0.2751053,0.4522212,0.8484181,0,0,0,0,0,0,0,-1.896503,-1.322883,2.774281,1.269243,-0.2983366,-3.367995,-0.2384194,0.1038329,-0.03163995,0.9650772,333.0241,13.9934,352.8723,0.3490308,-0.08109894,-0.9335952,0,0,0,1.54181,0.2552504,-2.460034,0.03665814,0.06889626,1.095013,0.9764353,-0.1105815,-0.1853263,0.01155847,0.8843102,-0.4667567,0.2155006,0.4536157,0.8647499,moving,17.96564,28.05837,1.917395,3.600203
05/15/2023 14:23:22.561412,2927,True,True,True,True,Eyes,1.254224,-0.2913831,-3.35382,0.2752369,0.4521703,0.8484024,0,0,0,0,0,0,0,-1.898418,-1.324947,2.772203,1.269462,-0.2983571,-3.368091,-0.2386532,0.1041759,-0.03189681,0.9649739,333.0031,14.04764,352.8255,0.3490379,-0.08110008,-0.9335925,0,0,0,1.541816,0.2524037,-2.46003,0.03585334,0.06584889,1.093832,0.9762599,-0.111283,-0.1858296,0.01183534,0.8840544,-0.4672341,0.2162787,0.4539426,0.864384,moving,17.97399,28.05614,1.877355,3.44506
05/15/2023 14:23:22.578594,2928,True,True,True,True,Eyes,1.254323,-0.2913805,-3.353842,0.2753992,0.452121,0.848376,0,0,0,0,0,0,0,-1.900648,-1.327446,2.769661,1.269644,-0.2982979,-3.368177,-0.2389012,0.1046013,-0.03225842,0.9648545,332.9826,14.11554,352.7629,0.3490463,-0.08110093,-0.9335892,0,0,0,1.541823,0.2493576,-2.460025,0.03488046,0.06254613,1.092529,0.9760359,-0.1122281,-0.1864369,0.0122706,0.8837712,-0.4677584,0.2172632,0.4542613,0.8639696,moving,17.98443,28.05428,1.828624,3.276546
05/15/2023 14:23:22.593446,2929,True,True,True,True,Eyes,1.254426,-0.2913749,-3.353864,0.2754513,0.4520839,0.848379,0,0,0,0,0,0,0,-1.90304,-1.328451,2.767641,1.269858,-0.2982995,-3.368183,-0.2389759,0.105018,-0.0325086,0.9647824,332.9807,14.17636,352.7178,0.3490562,-0.0811015,-0.9335855,0,0,0,1.541829,0.2462503,-2.460021,0.03398821,0.05963767,1.091123,0.9758288,-0.112921,-0.1871014,0.01253392,0.8836675,-0.4679474,0.2181765,0.4542914,0.8637235,moving,17.98755,28.05225,1.784172,3.12851
05/15/2023 14:23:22.612556,2930,True,True,True,True,Eyes,1.254529,-0.2913724,-3.353891,0.2755221,0.452055,0.8483712,0,0,0,0,0,0,0,-1.904971,-1.330631,2.765347,1.269995,-0.2982308,-3.368206,-0.2391815,0.1053975,-0.0328493,0.9646786,332.9645,14.23728,352.66,0.3490674,-0.08110173,-0.9335813,0,0,0,1.541835,0.2434663,-2.460016,0.03316179,0.05668485,1.089875,0.9756246,-0.1137963,-0.1876355,0.01295978,0.8834263,-0.4683909,0.2190633,0.4545419,0.8633673,moving,17.99203,28.05095,1.742809,2.977294
05/15/2023 14:23:22.621440,2931,True,True,True,True,Eyes,1.254629,-0.2913719,-3.353914,0.2755388,0.4519983,0.8483961,0,0,0,0,0,0,0,-1.906267,-1.331918,2.764067,1.270094,-0.2983135,-3.368352,-0.2393285,0.1056331,-0.03301746,0.9646105,332.9517,14.27415,352.6291,0.3490797,-0.08110173,-0.9335766,0,0,0,1.541842,0.2404441,-2.460012,0.03277774,0.05370191,1.088683,0.975503,-0.11426,-0.1879855,0.01313596,0.8832635,-0.468693,0.2195936,0.454742,0.8631271,moving,17.99256,28.04726,1.724523,2.823963
05/15/2023 14:23:22.641550,2932,True,True,True,True,Eyes,1.254732,-0.2913684,-3.353939,0.2755742,0.4519489,0.8484109,0,0,0,0,0,0,0,-1.907713,-1.332036,2.763051,1.270222,-0.2983686,-3.36833,-0.2393887,0.105851,-0.03299624,0.9645725,332.946,14.30185,352.6239,0.349093,-0.08110159,-0.9335717,0,0,0,1.541848,0.2374752,-2.460007,0.03255074,0.05096349,1.087338,0.9754136,-0.1143336,-0.1884041,0.01297543,0.8832086,-0.4688009,0.2199998,0.4548302,0.8629772,moving,17.99443,28.04425,1.714705,2.683487
05/15/2023 14:23:22.661530,2933,True,True,True,True,Eyes,1.254831,-0.2913662,-3.353959,0.2755765,0.4518491,0.8484632,0,0,0,0,0,0,0,-1.909379,-1.332581,2.761772,1.270391,-0.298296,-3.368384,-0.2394825,0.1061073,-0.03300538,0.9645207,332.9372,14.3358,352.6132,0.3491073,-0.08110123,-0.9335664,0,0,0,1.541855,0.2344177,-2.460002,0.03219655,0.04792738,1.085956,0.9753038,-0.1144904,-0.188877,0.01284705,0.8831176,-0.4689758,0.2204938,0.4549673,0.8627788,moving,17.99353,28.03754,1.698215,2.527043
05/15/2023 14:23:22.671548,2934,True,True,True,True,Eyes,1.254933,-0.2913628,-3.353981,0.2756013,0.4517632,0.848501,0,0,0,0,0,0,0,-1.911641,-1.331905,2.760531,1.270502,-0.2983322,-3.368337,-0.239406,0.1064645,-0.03302019,0.9644997,332.949,14.37985,352.6021,0.3491224,-0.08110072,-0.9335608,0,0,0,1.541861,0.2313358,-2.459998,0.03169286,0.04537785,1.084528,0.97515,-0.1146724,-0.1895595,0.01271945,0.8831888,-0.468845,0.2211804,0.4547831,0.8627001,moving,17.9943,28.03196,1.673862,2.395921
05/15/2023 14:23:22.691515,2935,True,True,True,True,Eyes,1.255037,-0.2913617,-3.354001,0.2755621,0.4516419,0.8485783,0,0,0,0,0,0,0,-1.913604,-1.332719,2.758947,1.270667,-0.2983055,-3.368416,-0.2395658,0.1067681,-0.03300499,0.9644271,332.9325,14.42011,352.5916,0.3491382,-0.08110005,-0.9335549,0,0,0,1.541867,0.228365,-2.459993,0.03124028,0.04228842,1.083235,0.9750226,-0.1148178,-0.1901263,0.01250582,0.8830377,-0.4691353,0.2217538,0.4550398,0.8624175,moving,17.99037,28.02341,1.651941,2.235635
05/15/2023 14:23:22.711370,2936,True,True,True,True,Eyes,1.255145,-0.2913636,-3.35402,0.2755568,0.4515151,0.8486474,0,0,0,0,0,0,0,-1.915976,-1.332189,2.757573,1.27081,-0.2983504,-3.368372,-0.2395736,0.1071197,-0.03290481,0.9643896,332.9328,14.46144,352.5933,0.3491549,-0.08109929,-0.9335487,0,0,0,1.541874,0.2253428,-2.459989,0.03078052,0.03958118,1.081839,0.9748853,-0.1147922,-0.1908441,0.01213999,0.8830436,-0.469134,0.2223766,0.4550349,0.8622597,moving,17.98868,28.0148,1.629742,2.095342
05/15/2023 14:23:22.721918,2937,True,True,True,True,Eyes,1.255251,-0.2913659,-3.354033,0.2755258,0.4512967,0.8487737,0,0,0,0,0,0,0,-1.918666,-1.331459,2.756184,1.271006,-0.2984252,-3.368397,-0.2394745,0.1075384,-0.03295746,0.9643658,332.9483,14.51395,352.5762,0.3491724,-0.08109853,-0.9335423,0,0,0,1.54188,0.2222085,-2.459984,0.03003404,0.03703588,1.080451,0.9746987,-0.1150715,-0.1916277,0.01206071,0.8831315,-0.4689704,0.2231976,0.4547936,0.8621749,moving,17.98428,27.99978,1.59228,1.963226
05/15/2023 14:23:22.742012,2938,True,True,True,True,Eyes,1.255358,-0.2913679,-3.354044,0.2755255,0.4510737,0.8488924,0,0,0,0,0,0,0,-1.921313,-1.331084,2.754455,1.271123,-0.2984462,-3.368297,-0.2393118,0.1080152,-0.03325936,0.9643425,332.9755,14.58004,352.5278,0.3491906,-0.08109781,-0.9335356,0,0,0,1.541887,0.2193704,-2.45998,0.0290913,0.03496394,1.079082,0.9744531,-0.1158454,-0.1924086,0.01244821,0.8832474,-0.4687421,0.224246,0.454372,0.8621252,moving,17.9819,27.98472,1.54428,1.855822
05/15/2023 14:23:22.761307,2939,True,True,True,True,Eyes,1.25546,-0.2913722,-3.354045,0.2755974,0.450697,0.849069,0,0,0,0,0,0,0,-1.922979,-1.33125,2.753253,1.271247,-0.2984487,-3.368284,-0.2392092,0.1083306,-0.03356867,0.9643219,332.9945,14.62701,352.4821,0.3492095,-0.0810971,-0.9335286,0,0,0,1.541893,0.2162925,-2.459975,0.02849439,0.03251445,1.077666,0.9742753,-0.1165693,-0.1928712,0.01291468,0.8833042,-0.4686222,0.2249909,0.4540762,0.862087,moving,17.9828,27.95995,1.514595,1.728157
05/15/2023 14:23:22.771262,2940,True,True,True,True,Eyes,1.255566,-0.2913815,-3.354042,0.2757038,0.4502968,0.8492469,0,0,0,0,0,0,0,-1.924791,-1.329446,2.752687,1.271376,-0.2985094,-3.368089,-0.2388479,0.108642,-0.03379492,0.9643685,333.0424,14.6668,352.4523,0.3492289,-0.0810965,-0.9335214,0,0,0,1.5419,0.2132515,-2.45997,0.02797477,0.03077936,1.076119,0.9741096,-0.1170793,-0.1933981,0.01328369,0.8836192,-0.4680179,0.2256855,0.4533317,0.8622972,moving,17.98577,27.93391,1.489124,1.638338
05/15/2023 14:23:22.791916,2941,True,True,True,True,Eyes,1.255675,-0.2913934,-3.354031,0.2758308,0.4497616,0.8494892,0,0,0,0,0,0,0,-1.927453,-1.327073,2.751959,1.271568,-0.2986382,-3.367997,-0.238392,0.1090804,-0.03404914,0.9644228,333.1027,14.72174,352.4172,0.349249,-0.08109614,-0.9335139,0,0,0,1.541906,0.2102198,-2.459966,0.02708521,0.02925819,1.074686,0.9738843,-0.1176833,-0.1941652,0.01366775,0.8840198,-0.4672496,0.2266333,0.4523933,0.8625414,moving,17.98872,27.89896,1.443715,1.559485
05/15/2023 14:23:22.811218,2942,True,True,True,True,Eyes,1.255784,-0.2914063,-3.354015,0.2760301,0.4491789,0.8497328,0,0,0,0,0,0,0,-1.932125,-1.323477,2.750296,1.271742,-0.2986933,-3.36783,-0.23783,0.1098268,-0.03416665,0.9644728,333.1757,14.80951,352.3922,0.3492699,-0.08109608,-0.9335061,0,0,0,1.541912,0.2072981,-2.459961,0.02566296,0.02795282,1.073222,0.9735414,-0.1181458,-0.1955983,0.01366537,0.8845391,-0.4662658,0.2281017,0.4512561,0.8627499,moving,17.99605,27.86147,1.3698,1.491972
05/15/2023 14:23:22.831224,2943,True,True,True,True,Eyes,1.255934,-0.2914248,-3.353999,0.2760372,0.4483792,0.8501527,0,0,0,0,0,0,0,-1.937492,-1.31938,2.748392,1.271819,-0.2987282,-3.367719,-0.2370281,0.1107554,-0.03460368,0.9645484,333.2829,14.92531,352.3274,0.3492915,-0.08109634,-0.933498,0,0,0,1.541919,0.2042794,-2.459957,0.02377909,0.02709907,1.071776,0.9730716,-0.1192581,-0.1972537,0.01424958,0.8852406,-0.4649151,0.2300619,0.449585,0.8631019,moving,17.98817,27.80762,1.270992,1.448374
05/15/2023 14:23:22.842003,2944,True,True,True,True,Eyes,1.256082,-0.2914458,-3.353977,0.2761056,0.4475524,0.850566,0,0,0,0,0,0,0,-1.942436,-1.314695,2.746982,1.27187,-0.298755,-3.367563,-0.2362285,0.1115776,-0.03483542,0.9646415,333.386,15.0217,352.2914,0.3493147,-0.08109699,-0.9334892,0,0,0,1.541925,0.2013199,-2.459952,0.02226557,0.02626213,1.070316,0.9726739,-0.119923,-0.1988064,0.0144918,0.8859652,-0.4635252,0.2317229,0.4479778,0.8634931,moving,17.98415,27.75253,1.191741,1.405573
05/15/2023 14:23:22.861589,2945,True,True,True,True,Eyes,1.25626,-0.2914747,-3.353953,0.2760495,0.4464286,0.8511745,0,0,0,0,0,0,0,-1.947547,-1.309762,2.745609,1.271965,-0.2988232,-3.367431,-0.2354848,0.1123862,-0.03488692,0.9647276,333.4796,15.11204,352.277,0.3493394,-0.08109809,-0.9334799,0,0,0,1.541932,0.1981157,-2.459947,0.02086468,0.02506045,1.068782,0.9723046,-0.1202432,-0.2004133,0.0143823,0.8866597,-0.4621989,0.2332747,0.4465156,0.8638325,moving,17.96871,27.67635,1.118382,1.343207
05/15/2023 14:23:22.871824,2946,True,True,True,True,Eyes,1.256437,-0.2915027,-3.353923,0.2760496,0.4452802,0.8517758,0,0,0,0,0,0,0,-1.952672,-1.303972,2.744576,1.272049,-0.2989151,-3.367271,-0.234741,0.1131461,-0.03467247,0.9648277,333.5688,15.18865,352.2971,0.3493661,-0.08109979,-0.9334697,0,0,0,1.541938,0.1951214,-2.459943,0.0197023,0.02401245,1.067329,0.9719916,-0.120026,-0.2020549,0.01378585,0.887389,-0.4608154,0.2346111,0.4451231,0.8641892,moving,17.95685,27.59908,1.057528,1.288806
05/15/2023 14:23:22.891942,2947,True,True,True,True,Eyes,1.256649,-0.2915359,-3.353892,0.2759619,0.4438934,0.8525278,0,0,0,0,0,0,0,-1.957616,-1.297607,2.743923,1.272151,-0.2988995,-3.367114,-0.2338271,0.1138883,-0.03456866,0.9649661,333.6792,15.26333,352.3077,0.3493948,-0.08110201,-0.9334587,0,0,0,1.541944,0.1921867,-2.459938,0.01850343,0.0233179,1.06585,0.971669,-0.1199755,-0.2036304,0.01345486,0.8882599,-0.4591442,0.2359628,0.4433964,0.8647087,moving,17.93669,27.50505,0.9945699,1.253277
05/15/2023 14:23:22.911370,2948,True,True,True,True,Eyes,1.256858,-0.2915701,-3.353854,0.2759313,0.44251,0.8532566,0,0,0,0,0,0,0,-1.962411,-1.292629,2.742727,1.272289,-0.2989278,-3.36696,-0.2331189,0.1146218,-0.03451684,0.9650524,333.7664,15.3418,352.308,0.349426,-0.08110483,-0.9334468,0,0,0,1.541951,0.1892003,-2.459934,0.01726097,0.02217686,1.064375,0.9713408,-0.1200622,-0.2051391,0.0131801,0.8889284,-0.4578567,0.2373252,0.4420311,0.8650349,moving,17.92048,27.41185,0.9290844,1.193618
05/15/2023 14:23:22.921750,2949,True,True,True,True,Eyes,1.257105,-0.2916122,-3.35382,0.2756974,0.4410278,0.8540992,0,0,0,0,0,0,0,-1.966993,-1.288092,2.741384,1.272392,-0.29897,-3.366759,-0.2324672,0.1153386,-0.03450337,0.9651247,333.8476,15.42014,352.3029,0.3494596,-0.08110823,-0.933434,0,0,0,1.541957,0.1861985,-2.459929,0.01607907,0.0209429,1.062872,0.9710131,-0.120225,-0.2065904,0.01297523,0.889537,-0.4566788,0.238674,0.4407606,0.865312,moving,17.88972,27.3103,0.8667009,1.128813
05/15/2023 14:23:22.941101,2950,True,True,True,True,Eyes,1.257349,-0.2916506,-3.353779,0.2755304,0.4395697,0.8549044,0,0,0,0,0,0,0,-1.970973,-1.284315,2.740278,1.272513,-0.2990603,-3.366689,-0.2319049,0.1159606,-0.0345348,0.9651843,333.9183,15.48936,352.2932,0.349496,-0.08111233,-0.9334199,0,0,0,1.541963,0.1832638,-2.459925,0.01501365,0.01957914,1.061533,0.970721,-0.1204485,-0.2078291,0.01288122,0.8900549,-0.4556713,0.2398642,0.4396526,0.8655465,moving,17.86381,27.21106,0.8103008,1.056655
05/15/2023 14:23:22.961339,2951,True,True,True,True,Eyes,1.25763,-0.2916952,-3.353739,0.275238,0.4380316,0.8557876,1.043755,1.544911,0.1655025,-2.460506,0.1959886,-0.9798279,-0.03905789,0.01846141,0.004887938,1.053709,1.272633,-0.2990093,-3.366464,-0.2315341,0.1166799,-0.03477662,0.965178,333.9709,15.57975,352.2507,0.3495352,-0.08111697,-0.9334049,0,0,0,1.54197,0.1802041,-2.45992,0.013704,0.01767242,1.059958,0.9703528,-0.121162,-0.2091298,0.01310051,0.8903651,-0.4550586,0.2413377,0.4388277,0.8655555,moving,17.8288,27.10546,0.7407254,0.95519
05/15/2023 14:23:22.971480,2952,True,True,True,True,Eyes,1.257898,-0.2917347,-3.353691,0.2749937,0.4365231,0.8566364,1.040844,1.544124,0.1626179,-2.462066,0.1431783,-0.9792587,-0.1433612,0.01721032,0.0040268,1.050786,1.272653,-0.2990642,-3.366288,-0.2311427,0.1171489,-0.03518301,0.9652003,334.0266,15.64306,352.1958,0.3495776,-0.08112225,-0.9333885,0,0,0,1.541976,0.177306,-2.459916,0.01288281,0.01610228,1.05856,0.9700766,-0.1220735,-0.2098797,0.01376108,0.8906704,-0.4544412,0.2424089,0.4379546,0.8656984,moving,17.79744,27.0024,0.6972629,0.8714877
05/15/2023 14:23:22.991245,2953,True,True,True,True,Eyes,1.258173,-0.2917829,-3.35364,0.2748075,0.4348606,0.8575414,1.038288,1.543503,0.1597275,-2.463265,0.1013411,-0.9694021,-0.223583,0.01625597,0.002754509,1.048122,1.272614,-0.2989845,-3.366057,-0.2308308,0.1175466,-0.03564919,0.9652094,334.0734,15.70041,352.1339,0.3496227,-0.08112797,-0.9333711,0,0,0,1.541983,0.1742689,-2.459911,0.01228581,0.01416457,1.057014,0.9698238,-0.1230846,-0.2104563,0.01455112,0.8908926,-0.4539809,0.2433721,0.4372191,0.8657998,moving,17.76856,26.88964,0.6659268,0.7677493
05/15/2023 14:23:23.011405,2954,True,True,True,True,Eyes,1.258442,-0.2918314,-3.353577,0.2746299,0.4332093,0.8584335,1.035854,1.542918,0.1569099,-2.464365,0.06195704,-0.9527792,-0.2972762,0.01641867,0.002047151,1.045682,1.272569,-0.2991403,-3.365839,-0.2302975,0.1175592,-0.03541602,0.9653438,334.1316,15.68655,352.1738,0.3496705,-0.08113436,-0.9333527,0,0,0,1.541989,0.1712016,-2.459906,0.01282692,0.01275384,1.055555,0.9698511,-0.1225244,-0.2106576,0.01423009,0.8914175,-0.4529594,0.2432825,0.4363055,0.8662857,moving,17.7405,26.77784,0.6962141,0.692248
05/15/2023 14:23:23.021742,2955,True,True,True,True,Eyes,1.258722,-0.2918811,-3.353515,0.2744333,0.4314361,0.8593889,1.033769,1.542423,0.1541242,-2.465105,0.02848872,-0.9375159,-0.3467743,0.01636055,0.001629442,1.043422,1.272672,-0.2991691,-3.365527,-0.2295113,0.1176509,-0.03508567,0.9655321,334.2182,15.67571,352.2288,0.3497206,-0.08114136,-0.9333333,0,0,0,1.541996,0.1681919,-2.459902,0.01313466,0.01182541,1.053948,0.9698545,-0.1217571,-0.2110863,0.01374825,0.8921871,-0.4514567,0.2432965,0.4349452,0.8669657,moving,17.71012,26.65787,0.7140023,0.6428378
05/15/2023 14:23:23.041515,2956,True,True,True,True,Eyes,1.258991,-0.2919328,-3.353445,0.2742386,0.4296629,0.8603389,1.031706,1.541925,0.151353,-2.465828,-0.005125551,-0.9184989,-0.3953906,0.01610988,0.001339346,1.041342,1.27268,-0.2991381,-3.365394,-0.2286399,0.1177819,-0.03508938,0.9657226,334.3203,15.67764,352.2435,0.349773,-0.08114894,-0.933313,0,0,0,1.542002,0.1651316,-2.459897,0.0132544,0.0109762,1.052478,0.9697924,-0.1216325,-0.2114435,0.01391397,0.8929851,-0.4498712,0.2435348,0.4333396,0.8677025,moving,17.68002,26.53806,0.7215175,0.5975107
05/15/2023 14:23:23.061564,2957,True,True,True,True,Eyes,1.259285,-0.2919941,-3.353378,0.2739117,0.4278453,0.8613483,1.034029,1.542518,0.1504102,-2.462719,0.03439949,-0.9815351,-0.188164,0.01630265,0.001320809,1.043605,1.272681,-0.2992107,-3.365165,-0.2276713,0.1177323,-0.03501745,0.96596,334.431,15.65348,352.2747,0.3498273,-0.08115713,-0.9332919,0,0,0,1.542008,0.1622026,-2.459893,0.01378052,0.0105879,1.051026,0.9698257,-0.1212595,-0.2115045,0.01404237,0.8938791,-0.4480881,0.2433944,0.4315973,0.8686098,moving,17.64084,26.41432,0.7511902,0.5771709
05/15/2023 14:23:23.071339,2958,True,True,True,True,Eyes,1.259571,-0.2920552,-3.353306,0.2735957,0.4260446,0.8623406,1.027888,1.540796,0.1458708,-2.466916,-0.08124916,-0.8796442,-0.4686413,0.0163492,0.001054436,1.037505,1.272739,-0.2993676,-3.365021,-0.2268292,0.1176243,-0.03477769,0.96618,334.5239,15.61965,352.3252,0.349884,-0.0811661,-0.9332699,0,0,0,1.542015,0.1590635,-2.459888,0.01445374,0.0097363,1.049586,0.9699101,-0.1205642,-0.2115152,0.01384179,0.8946781,-0.446497,0.2430695,0.4301341,0.8694261,moving,17.60273,26.29195,0.7889642,0.5314788
05/15/2023 14:23:23.091351,2959,True,True,True,True,Eyes,1.259889,-0.2921239,-3.353233,0.2732271,0.4241909,0.8633708,1.026293,1.5403,0.1432202,-2.467162,-0.1146997,-0.8668484,-0.4851987,0.01619916,0.001119196,1.032302,1.273643,-0.298057,-3.361633,-0.2258623,0.117655,-0.03469674,0.9664056,334.6349,15.60547,352.355,0.3499426,-0.0811758,-0.9332471,0,0,0,1.542021,0.1562233,-2.459883,0.01476365,0.009551495,1.044624,0.9699069,-0.1202099,-0.2117314,0.01391459,0.8955647,-0.4447137,0.2430782,0.4283847,0.870287,moving,17.56078,26.16579,0.809706,0.5238678
05/15/2023 14:23:23.111276,2960,True,True,True,True,Eyes,1.260197,-0.2921927,-3.353158,0.2728758,0.4223635,0.8643771,1.02449,1.539755,0.1405143,-2.467612,-0.1514686,-0.8433493,-0.5155766,0.01576024,0.000769347,1.030434,1.273693,-0.2981638,-3.361377,-0.2250601,0.1178,-0.0347361,0.9665737,334.7296,15.61151,352.3633,0.3500037,-0.08118632,-0.9332233,0,0,0,1.542027,0.1531645,-2.459879,0.01480332,0.008711547,1.043123,0.9698332,-0.1201741,-0.2120892,0.01412586,0.8962827,-0.4432582,0.2433601,0.4268905,0.8709422,moving,17.52042,26.04168,0.8130499,0.4784895
05/15/2023 14:23:23.121679,2961,True,True,True,True,Eyes,1.260524,-0.2922635,-3.353084,0.2725973,0.4204392,0.8654026,1.022934,1.539372,0.1378179,-2.467835,-0.1774233,-0.8287584,-0.530736,0.01563618,-0.0001415312,1.028899,1.273734,-0.2982233,-3.361245,-0.2244265,0.117862,-0.03467286,0.9667156,334.8025,15.60724,352.3828,0.3500668,-0.0811976,-0.9331986,0,0,0,1.542034,0.1502482,-2.459874,0.01503599,0.007525265,1.041776,0.9698127,-0.1199403,-0.212315,0.01413489,0.8968611,-0.4420864,0.2434411,0.4257399,0.8714826,moving,17.48415,25.91191,0.8268941,0.4138685
05/15/2023 14:23:23.141886,2962,True,True,True,True,Eyes,1.260842,-0.2923316,-3.353007,0.2723531,0.4185471,0.8663961,1.021268,1.538987,0.1351171,-2.468184,-0.2034994,-0.8071042,-0.5542298,0.01520847,-0.0009472966,1.027214,1.273863,-0.2982376,-3.361108,-0.2237491,0.1180301,-0.03468487,0.9668517,334.8824,15.61749,352.3912,0.3501322,-0.08120961,-0.933173,0,0,0,1.54204,0.147225,-2.45987,0.01494867,0.00629729,1.040347,0.9697317,-0.1198885,-0.2127138,0.01425198,0.8974666,-0.4408521,0.2437567,0.4244767,0.8720104,moving,17.45063,25.78471,0.8232217,0.3468109
05/15/2023 14:23:23.161235,2963,True,True,True,True,Eyes,1.261143,-0.2923968,-3.352925,0.2721919,0.4165969,0.867386,1.022753,1.539528,0.1336792,-2.465803,-0.1674894,-0.903056,-0.3955214,0.01464823,-0.00208661,1.028651,1.273975,-0.2982332,-3.360943,-0.2232154,0.1183178,-0.03487349,0.9669332,334.9495,15.64961,352.3716,0.3501995,-0.08122221,-0.9331467,0,0,0,1.542047,0.1442127,-2.459865,0.01455726,0.004796326,1.038906,0.9695695,-0.1202613,-0.2132422,0.01461999,0.8979175,-0.4399209,0.2443794,0.4234163,0.8723516,moving,17.42223,25.65451,0.8027816,0.264516
05/15/2023 14:23:23.171051,2964,True,True,True,True,Eyes,1.261434,-0.2924645,-3.352838,0.2720757,0.4146827,0.8683392,1.017945,1.538392,0.1296597,-2.468916,-0.2440195,-0.7590572,-0.6035616,0.01365909,-0.003408313,1.023826,1.274119,-0.298226,-3.36082,-0.2227864,0.1187274,-0.0350743,0.9669747,335.0056,15.69883,352.3449,0.350268,-0.08123528,-0.9331197,0,0,0,1.542053,0.1410486,-2.45986,0.01389515,0.002899379,1.037438,0.9693472,-0.1207336,-0.2139845,0.01493024,0.898272,-0.4391861,0.2452409,0.422529,0.8725401,moving,17.39728,25.5272,0.7673576,0.1601269
05/15/2023 14:23:23.191532,2965,True,True,True,True,Eyes,1.261718,-0.2925317,-3.352745,0.2719668,0.4127349,0.8693008,1.016502,1.538173,0.1270144,-2.469099,-0.2590677,-0.7437857,-0.616171,0.01270589,-0.004532635,1.02239,1.27417,-0.2983497,-3.360632,-0.2223037,0.1192185,-0.03524987,0.9670189,335.0682,15.7566,352.3204,0.3503376,-0.08124887,-0.9330924,0,0,0,1.542059,0.1381714,-2.459856,0.01313341,0.001501203,1.036117,0.9690888,-0.12118,-0.2149008,0.01516912,0.898677,-0.4383487,0.2462455,0.4215389,0.872736,moving,17.37265,25.39788,0.7262199,0.08301432
05/15/2023 14:23:23.211177,2966,True,True,True,True,Eyes,1.261996,-0.2925986,-3.352653,0.2718771,0.4108359,0.8702279,1.014935,1.537933,0.1243732,-2.469428,-0.2755209,-0.7185997,-0.638516,0.01203246,-0.005732298,1.020736,1.274221,-0.2983748,-3.360394,-0.2218499,0.1196123,-0.03532098,0.9670719,335.125,15.79994,352.3107,0.3504079,-0.08126293,-0.9330648,0,0,0,1.542066,0.1351514,-2.459851,0.01266249,-0.0001691878,1.034651,0.9688907,-0.1213878,-0.2156755,0.01524393,0.8990702,-0.4375391,0.2470193,0.4206398,0.8729511,moving,17.34988,25.27207,0.7011744,-0.009369098
05/15/2023 14:23:23.221497,2967,True,True,True,True,Eyes,1.262265,-0.2926673,-3.352559,0.2718188,0.408906,0.8711546,1.01341,1.537728,0.121722,-2.469722,-0.2895508,-0.6948606,-0.6582773,0.01170543,-0.00720188,1.019262,1.274326,-0.2984291,-3.360327,-0.2214765,0.1198457,-0.0351987,0.967133,335.1681,15.8196,352.3273,0.3504788,-0.08127741,-0.9330369,0,0,0,1.542072,0.1321463,-2.459847,0.01251528,-0.002074778,1.033338,0.9687961,-0.1211697,-0.2162221,0.01499765,0.8994185,-0.4368312,0.2474049,0.4199575,0.8731704,moving,17.32903,25.14461,0.6939042,-0.1150407
05/15/2023 14:23:23.241388,2968,True,True,True,True,Eyes,1.262528,-0.2927337,-3.35246,0.2718061,0.4070267,0.8720382,1.011908,1.537571,0.1191399,-2.470038,-0.3005455,-0.6690301,-0.6797581,0.01118079,-0.008571088,1.017766,1.274439,-0.298524,-3.360186,-0.2211637,0.1201192,-0.03544533,0.9671617,335.2104,15.85491,352.2965,0.3505499,-0.08129232,-0.9330088,0,0,0,1.542079,0.1291747,-2.459842,0.01211679,-0.003922164,1.031995,0.9686301,-0.1216947,-0.2166708,0.01543073,0.8996605,-0.4363174,0.2480277,0.4192868,0.873316,moving,17.31176,25.02097,0.6726864,-0.2177553
05/15/2023 14:23:23.261499,2969,True,True,True,True,Eyes,1.26277,-0.2928026,-3.352357,0.271798,0.40512,0.8729283,1.012729,1.538028,0.117474,-2.468318,-0.2699748,-0.7797823,-0.564848,0.01017873,-0.01019847,1.01851,1.274554,-0.2985382,-3.359993,-0.2209195,0.1206433,-0.03578222,0.9671398,335.2483,15.92474,352.2465,0.3506212,-0.08130758,-0.9329808,0,0,0,1.542085,0.1261856,-2.459838,0.0111953,-0.005991846,1.030574,0.9683297,-0.1225177,-0.2175479,0.0159079,0.8998284,-0.4359538,0.2491679,0.4186862,0.8732795,moving,17.29468,24.89569,0.6223896,-0.3331189
05/15/2023 14:23:23.271320,2970,True,True,True,True,Eyes,1.263007,-0.2928698,-3.35225,0.2718259,0.4032668,0.8737772,1.008906,1.537254,0.1139887,-2.47069,-0.3223072,-0.6105514,-0.7234259,0.009322017,-0.01178592,1.014731,1.274613,-0.2986809,-3.359863,-0.2207308,0.1211287,-0.03585324,0.9671196,335.2752,15.98365,352.2288,0.3506922,-0.08132324,-0.9329528,0,0,0,1.542091,0.1231518,-2.459833,0.01050735,-0.008192152,1.029254,0.9680848,-0.1228224,-0.2184641,0.01587506,0.8999849,-0.4356318,0.2501197,0.4182605,0.8732116,moving,17.28055,24.77433,0.5848953,-0.4560254
05/15/2023 14:23:23.291715,2971,True,True,True,True,Eyes,1.26324,-0.2929374,-3.35214,0.271742,0.4014066,0.8746594,1.007412,1.536996,0.1114447,-2.470997,-0.3400418,-0.5746731,-0.744394,0.008411616,-0.01338774,1.01314,1.274729,-0.2987024,-3.359646,-0.2204899,0.1216015,-0.03590742,0.9671133,335.3077,16.03969,352.2146,0.3507627,-0.08133923,-0.9329249,0,0,0,1.542098,0.1200667,-2.459828,0.009838045,-0.01040614,1.027775,0.9678475,-0.1230769,-0.2193704,0.01582929,0.9001898,-0.4352102,0.2510393,0.4177446,0.8731946,moving,17.25914,24.65177,0.5484287,-0.5800953
05/15/2023 14:23:23.311433,2972,True,True,True,True,Eyes,1.263468,-0.2930044,-3.352026,0.2716816,0.3995814,0.8755134,1.006026,1.536786,0.1089851,-2.471236,-0.354456,-0.5437979,-0.7606871,0.007634446,-0.01490334,1.011734,1.274833,-0.2987606,-3.359498,-0.2202307,0.1220227,-0.0359279,0.9671186,335.3414,16.08814,352.2064,0.3508328,-0.08135554,-0.932897,0,0,0,1.542104,0.1171436,-2.459824,0.009261534,-0.01243508,1.026442,0.9676393,-0.1232393,-0.2201959,0.01574679,0.9004152,-0.4347464,0.2518456,0.4172103,0.8732178,moving,17.2397,24.5318,0.5169628,-0.6940895
05/15/2023 14:23:23.321132,2973,True,True,True,True,Eyes,1.263719,-0.2930751,-3.351911,0.2715231,0.3977344,0.8764032,1.00461,1.536494,0.1064926,-2.471468,-0.3744087,-0.5068147,-0.776503,0.007069781,-0.01595855,1.010257,1.274942,-0.2988061,-3.359301,-0.2197504,0.1222903,-0.03599671,0.9671915,335.4002,16.11521,352.2013,0.3509025,-0.08137213,-0.9328694,0,0,0,1.542111,0.1140956,-2.459819,0.008994445,-0.01407447,1.025014,0.9674986,-0.1233781,-0.2207357,0.01588473,0.9008281,-0.4338854,0.2523769,0.4162772,0.8735097,moving,17.21378,24.40977,0.5027544,-0.786679
05/15/2023 14:23:23.341873,2974,True,True,True,True,Eyes,1.26397,-0.2931433,-3.351791,0.2714104,0.395907,0.8772651,1.00326,1.536265,0.1040547,-2.471666,-0.3900042,-0.4733311,-0.7898445,0.006424785,-0.01688921,1.008793,1.275138,-0.2988825,-3.359046,-0.2192428,0.1225936,-0.0360232,0.9672673,335.4618,16.14513,352.2009,0.3509723,-0.08138905,-0.9328417,0,0,0,1.542117,0.1111565,-2.459815,0.008585244,-0.01552624,1.023578,0.9673463,-0.1234436,-0.2213658,0.01593262,0.9012699,-0.4329651,0.2529571,0.4153002,0.8738069,moving,17.19115,24.28951,0.4805562,-0.8690295
05/15/2023 14:23:23.361652,2975,True,True,True,True,Eyes,1.264254,-0.2932175,-3.351671,0.2710778,0.3940932,0.8781841,1.003518,1.536285,0.1022622,-2.470397,-0.3886964,-0.592813,-0.7053282,0.005135998,-0.01765886,1.008938,1.275347,-0.298881,-3.358817,-0.2186076,0.1230842,-0.03628008,0.9673391,335.5434,16.20208,352.1704,0.3510423,-0.08140622,-0.9328138,0,0,0,1.542123,0.1081122,-2.45981,0.007703543,-0.01685995,1.022097,0.9670681,-0.1240045,-0.222266,0.01637601,0.9017889,-0.4318663,0.2539904,0.4140043,0.874122,moving,17.1544,24.16859,0.43183,-0.945034
05/15/2023 14:23:23.371130,2976,True,True,True,True,Eyes,1.26453,-0.2932908,-3.351545,0.2707994,0.3922819,0.8790806,1.000573,1.535485,0.09921598,-2.471961,-0.4429614,-0.3838805,-0.8101981,0.003662929,-0.01797205,1.005892,1.275547,-0.2989913,-3.358537,-0.2178541,0.1236439,-0.03664681,0.9674238,335.641,16.2684,352.1273,0.3511132,-0.08142375,-0.9327856,0,0,0,1.54213,0.1049752,-2.459805,0.006654933,-0.01789543,1.020593,0.9667384,-0.1247786,-0.2232647,0.01703334,0.9023933,-0.4305767,0.2551993,0.4124521,0.8745036,moving,17.12136,24.04839,0.3736008,-1.004541
05/15/2023 14:23:23.391929,2977,True,True,True,True,Eyes,1.264816,-0.293368,-3.351415,0.2704202,0.3904099,0.88003,0.9993702,1.535065,0.09679604,-2.471939,-0.4714394,-0.3503894,-0.8093036,0.002368599,-0.01830524,1.004612,1.275634,-0.2990325,-3.35828,-0.2170245,0.1241362,-0.03703284,0.9675326,335.7473,16.32553,352.0855,0.3511849,-0.0814416,-0.932757,0,0,0,1.542136,0.1020514,-2.459801,0.005821645,-0.01864281,1.019203,0.9664376,-0.1255421,-0.2241375,0.01777978,0.9030578,-0.4291508,0.2562856,0.4107624,0.8749812,moving,17.08142,23.92363,0.3272675,-1.047912
05/15/2023 14:23:23.411484,2978,True,True,True,True,Eyes,1.265097,-0.2934429,-3.351277,0.2700956,0.3885287,0.8809619,0.9981599,1.534696,0.09437087,-2.471936,-0.4963567,-0.3145008,-0.8091472,0.001468509,-0.01846018,1.003311,1.275784,-0.2991358,-3.35799,-0.2161154,0.1244876,-0.03712152,0.9676875,335.8566,16.35626,352.0854,0.3512575,-0.08145985,-0.9327281,0,0,0,1.542143,0.0990892,-2.459796,0.005340785,-0.0192509,1.017783,0.9662497,-0.1256514,-0.2248851,0.01803668,0.9038322,-0.4275067,0.2569753,0.409022,0.8755939,moving,17.04511,23.79881,0.3006551,-1.083594
05/15/2023 14:23:23.421594,2979,True,True,True,True,Eyes,1.265383,-0.2935192,-3.351131,0.2697974,0.3865519,0.8819224,0.9969192,1.53435,0.09184176,-2.471926,-0.5199971,-0.2741647,-0.8089727,0.0002402067,-0.01850736,1.001902,1.275965,-0.2991381,-3.357658,-0.2150767,0.1249834,-0.03737453,0.9678453,335.9848,16.40685,352.0645,0.3513309,-0.08147841,-0.9326988,0,0,0,1.542149,0.09595408,-2.459792,0.004515231,-0.0198071,1.01622,0.9659646,-0.1261075,-0.2258524,0.01858348,0.9046903,-0.4256643,0.2580059,0.4069795,0.8762423,moving,17.0099,23.66813,0.2545727,-1.116608
05/15/2023 14:23:23.451139,2980,True,True,True,True,Eyes,1.265661,-0.2935952,-3.350977,0.2695456,0.3845623,0.8828686,0.9957453,1.53406,0.08933082,-2.471865,-0.5396488,-0.2462126,-0.8050829,-0.001060203,-0.0185577,1.000577,1.276063,-0.2991861,-3.357298,-0.2140431,0.1255978,-0.03753338,0.9679887,336.1118,16.4697,352.0519,0.3514052,-0.0814973,-0.9326692,0,0,0,1.542156,0.09302443,-2.459787,0.003547519,-0.02017859,1.014761,0.9656329,-0.1264305,-0.227087,0.01889711,0.9055536,-0.4238107,0.259222,0.4049543,0.8768215,moving,16.97778,23.53711,0.2003004,-1.13918
05/15/2023 14:23:23.461666,2981,True,True,True,True,Eyes,1.265936,-0.2936757,-3.350814,0.2694455,0.3823776,0.8838476,0.9954919,1.534166,0.08697814,-2.470951,-0.5326084,-0.4030847,-0.7442117,-0.001837388,-0.01856327,1.000208,1.27613,-0.299233,-3.356965,-0.2128759,0.1260603,-0.03761004,0.968183,336.2515,16.50952,352.0563,0.3514802,-0.08151651,-0.9326392,0,0,0,1.542162,0.09007527,-2.459783,0.002942324,-0.02031171,1.013335,0.9653886,-0.1264972,-0.2280863,0.0191564,0.9065387,-0.4216879,0.2601114,0.4027234,0.8775854,moving,16.95411,23.39468,0.1663637,-1.148306
05/15/2023 14:23:23.471855,2982,True,True,True,True,Eyes,1.266205,-0.2937574,-3.35064,0.2693741,0.3801693,0.8848214,0.9932659,1.533766,0.08385178,-2.471777,-0.5601825,-0.2152715,-0.7999087,-0.00234744,-0.0178555,0.9978399,1.276333,-0.2993716,-3.35658,-0.2114031,0.1263604,-0.03749074,0.9684712,336.4218,16.51955,352.0954,0.3515558,-0.08153615,-0.932609,0,0,0,1.542168,0.08708082,-2.459778,0.002609581,-0.01978967,1.011864,0.965255,-0.1260433,-0.2289015,0.01919144,0.9078064,-0.4189503,0.2606041,0.400001,0.8786836,moving,16.93229,23.2511,0.1477645,-1.120427
05/15/2023 14:23:23.491487,2983,True,True,True,True,Eyes,1.266484,-0.2938432,-3.350455,0.2692891,0.3778424,0.8858434,0.9919987,1.533619,0.08097607,-2.4717,-0.5702088,-0.2075677,-0.7948443,-0.002924919,-0.01738945,0.9964072,1.276486,-0.2994586,-3.356171,-0.2099591,0.1267142,-0.03744692,0.9687406,336.5904,16.53866,352.1233,0.351632,-0.08155624,-0.9325784,0,0,0,1.542175,0.08409046,-2.459774,0.002199858,-0.01935744,1.010371,0.9650825,-0.1257623,-0.2297817,0.01934308,0.9090298,-0.416282,0.261231,0.3973018,0.8797213,moving,16.90884,23.0999,0.1247486,-1.097581
05/15/2023 14:23:23.511291,2984,True,True,True,True,Eyes,1.266757,-0.2939301,-3.350258,0.269228,0.3754684,0.8868707,0.9907168,1.533486,0.07805282,-2.47162,-0.5795589,-0.200371,-0.7899132,-0.003442869,-0.01642734,0.9949067,1.276602,-0.2995528,-3.35567,-0.2082822,0.1270458,-0.03753753,0.9690557,336.7879,16.55467,352.1405,0.3517089,-0.08157685,-0.9325476,0,0,0,1.542181,0.081059,-2.459769,0.001836509,-0.01841497,1.008809,0.9649006,-0.1256747,-0.230592,0.01982917,0.9104189,-0.4132121,0.2618656,0.3941362,0.8809558,moving,16.88676,22.94601,0.1043053,-1.045771
05/15/2023 14:23:23.521593,2985,True,True,True,True,Eyes,1.267024,-0.294021,-3.35005,0.2691816,0.3729867,0.8879315,0.9894269,1.53336,0.07502213,-2.471507,-0.5883093,-0.2035588,-0.7825957,-0.003864348,-0.01531565,0.9934041,1.276718,-0.2996363,-3.355174,-0.2064774,0.1273179,-0.03770872,0.9693995,337.0009,16.56339,352.1523,0.3517866,-0.08159801,-0.9325165,0,0,0,1.542187,0.07807653,-2.459764,0.001552165,-0.01716268,1.007275,0.9647365,-0.1256861,-0.2312717,0.0205331,0.9118903,-0.4099201,0.2624157,0.3907161,0.8823145,moving,16.86499,22.78545,0.08829013,-0.976153
05/15/2023 14:23:23.541480,2986,True,True,True,True,Eyes,1.267285,-0.2941134,-3.349829,0.2691496,0.3704516,0.8890017,0.9881107,1.533235,0.07193375,-2.471397,-0.5970454,-0.2052877,-0.7754957,-0.004083812,-0.01381192,0.9919519,1.276845,-0.2997686,-3.35473,-0.2044607,0.1274796,-0.0378519,0.9697999,337.2369,16.55468,352.1748,0.3518648,-0.08161978,-0.932485,0,0,0,1.542194,0.07501432,-2.45976,0.00147447,-0.01553419,1.005784,0.9646324,-0.1255466,-0.2317809,0.02128843,0.9135262,-0.4062226,0.2627378,0.3869212,0.8838896,moving,16.84394,22.62175,0.08399505,-0.8848553
05/15/2023 14:23:23.561875,2987,True,True,True,True,Eyes,1.267563,-0.2942116,-3.3496,0.2689746,0.3679027,0.8901125,0.987828,1.533263,0.06921306,-2.470322,-0.5954228,-0.3867817,-0.7041815,-0.004402161,-0.01244554,0.9914444,1.276954,-0.2998621,-3.354191,-0.2024746,0.1276643,-0.03793576,0.9701892,337.4685,16.54806,352.2031,0.3519435,-0.0816422,-0.9324533,0,0,0,1.542201,0.07189491,-2.459755,0.001426786,-0.01404908,1.004179,0.9645254,-0.1253072,-0.2323549,0.02191216,0.9151298,-0.4025633,0.263079,0.3831912,0.8854118,moving,16.81379,22.45636,0.08140858,-0.8015511
05/15/2023 14:23:23.571094,2988,True,True,True,True,Eyes,1.267835,-0.2943113,-3.349357,0.2688216,0.3653047,0.8912281,0.9855862,1.532782,0.06572792,-2.470975,-0.628329,-0.2127263,-0.7482983,-0.004601792,-0.01093644,0.9890134,1.277091,-0.2999912,-3.353676,-0.2004103,0.1277852,-0.03794843,0.9706012,337.7073,16.531,352.243,0.3520231,-0.08166535,-0.9324213,0,0,0,1.542207,0.06891892,-2.459751,0.001476139,-0.01227501,1.002661,0.9644617,-0.1248845,-0.2328464,0.02244662,0.9167913,-0.3987354,0.2632674,0.3793384,0.8870133,moving,16.78492,22.28819,0.08435196,-0.7014043
05/15/2023 14:23:23.592017,2989,True,True,True,True,Eyes,1.268124,-0.2944159,-3.349107,0.268589,0.3627395,0.8923452,0.9843892,1.53252,0.06266105,-2.470692,-0.6461441,-0.2239739,-0.7296119,-0.005051836,-0.009650588,0.9875822,1.277238,-0.3000913,-3.35312,-0.1984345,0.1280214,-0.03788279,0.9709786,337.9354,16.52787,352.2874,0.3521035,-0.08168924,-0.9323888,0,0,0,1.542213,0.06602107,-2.459746,0.001321405,-0.01066816,1.001125,0.9643508,-0.1243745,-0.2335776,0.02275901,0.9183772,-0.3950509,0.2636466,0.3756517,0.8884685,moving,16.75139,22.12181,0.07562585,-0.6105308
05/15/2023 14:23:23.611294,2990,True,True,True,True,Eyes,1.268406,-0.2945238,-3.34884,0.2683995,0.3601259,0.8934601,0.9831414,1.532281,0.05953097,-2.470442,-0.6625114,-0.2286628,-0.7132965,-0.005708858,-0.008688509,0.9861224,1.277393,-0.3002182,-3.352575,-0.1965907,0.1283851,-0.03778253,0.9713094,338.1487,16.54178,352.3301,0.3521851,-0.08171393,-0.9323558,0,0,0,1.54222,0.0629613,-2.459742,0.0009392798,-0.009495676,0.9995462,0.9641795,-0.1238757,-0.2345478,0.02291844,0.9198492,-0.3916022,0.2642586,0.3721993,0.8897388,moving,16.72051,21.95283,0.05384119,-0.5442927
05/15/2023 14:23:23.621230,2991,True,True,True,True,Eyes,1.26869,-0.2946357,-3.348561,0.268184,0.357538,0.8945636,0.9819137,1.532024,0.05643576,-2.470177,-0.6800326,-0.2309414,-0.6958606,-0.006587416,-0.00743714,0.9846222,1.277517,-0.3003691,-3.351934,-0.194637,0.1288635,-0.03772921,0.9716416,338.3762,16.56929,352.3669,0.3522678,-0.08173948,-0.9323223,0,0,0,1.542226,0.05990056,-2.459737,0.0003582835,-0.008058578,0.9979056,0.9639415,-0.1234817,-0.2357312,0.02315536,0.9213859,-0.3879585,0.2651052,0.3685108,0.8910213,moving,16.68837,21.78554,0.02057122,-0.4626816
05/15/2023 14:23:23.641354,2992,True,True,True,True,Eyes,1.268967,-0.2947473,-3.348269,0.26801,0.3549049,0.8956634,0.9807138,1.531808,0.05331296,-2.469879,-0.6949566,-0.2438546,-0.6764395,-0.007631883,-0.006121039,0.9831767,1.277623,-0.3005137,-3.351315,-0.1926305,0.1294236,-0.03782279,0.9719633,338.6128,16.60941,352.3853,0.3523516,-0.08176593,-0.9322883,0,0,0,1.542232,0.05697079,-2.459732,-0.0004428625,-0.006397247,0.9963387,0.9636379,-0.1233866,-0.2370183,0.02366287,0.9229259,-0.3842498,0.2661616,0.3646691,0.8922861,moving,16.6588,21.61585,-0.02546739,-0.3678772
05/15/2023 14:23:23.661420,2993,True,True,True,True,Eyes,1.269242,-0.2948629,-3.347968,0.267801,0.3523403,0.8967379,0.9806758,1.531868,0.05066875,-2.468559,-0.6908737,-0.4201012,-0.5883949,-0.008461773,-0.005034268,0.9829014,1.277707,-0.3005835,-3.350724,-0.1907197,0.129885,-0.03783271,0.9722781,338.8361,16.63722,352.4139,0.3524364,-0.08179321,-0.9322538,0,0,0,1.542239,0.05396842,-2.459728,-0.000980258,-0.005096883,0.9947523,0.9633971,-0.1231111,-0.2381379,0.02402456,0.9243894,-0.380693,0.2669996,0.3610373,0.8935118,moving,16.62768,21.45053,-0.05646092,-0.2935679
05/15/2023 14:23:23.681515,2994,True,True,True,True,Eyes,1.269514,-0.2949834,-3.347651,0.2676444,0.3497314,0.8978054,0.9782898,1.531348,0.04715526,-2.469337,-0.7263982,-0.2482291,-0.6408807,-0.00923118,-0.004514575,0.9803792,1.277788,-0.3007476,-3.350201,-0.1890978,0.130353,-0.03772816,0.9725363,339.0242,16.66777,352.4501,0.352522,-0.08182138,-0.932219,0,0,0,1.542245,0.0508792,-2.459723,-0.001492709,-0.004435927,0.9932308,0.9631694,-0.122683,-0.2392774,0.02408508,0.9256372,-0.3776449,0.2678147,0.357973,0.8945003,moving,16.59982,21.28292,-0.08610875,-0.2558904
05/15/2023 14:23:23.691500,2995,True,True,True,True,Eyes,1.269767,-0.2951026,-3.347312,0.2675305,0.3471341,0.8988467,0.9771,1.531172,0.04408219,-2.469049,-0.7385337,-0.2603513,-0.6219206,-0.01031739,-0.003378808,0.9788864,1.277963,-0.3009484,-3.34949,-0.1872037,0.1309718,-0.03759624,0.9728247,339.2443,16.7122,352.4919,0.3526085,-0.08185053,-0.9321837,0,0,0,1.542251,0.04798813,-2.459719,-0.002372563,-0.002980769,0.9916062,0.9628658,-0.1221859,-0.240749,0.02411229,0.9270826,-0.3740809,0.2689016,0.3543847,0.8956023,moving,16.57498,21.11653,-0.1370883,-0.1722306
05/15/2023 14:23:23.711109,2996,True,True,True,True,Eyes,1.270014,-0.295221,-3.346962,0.2674768,0.3444951,0.8998774,0.9758175,1.531023,0.04094338,-2.468846,-0.7490547,-0.2612375,-0.6088284,-0.011657,-0.002040416,0.9772066,1.278163,-0.3010383,-3.348723,-0.1851522,0.1317239,-0.03760286,0.9731154,339.4856,16.77361,352.5177,0.3526956,-0.08188057,-0.9321481,0,0,0,1.542258,0.04486184,-2.459714,-0.003535241,-0.001508653,0.9898056,0.9624697,-0.1219618,-0.2424406,0.02440592,0.9286094,-0.3702552,0.2702896,0.3504425,0.896735,moving,16.55389,20.94807,-0.2046397,-0.08732966
05/15/2023 14:23:23.721637,2997,True,True,True,True,Eyes,1.270242,-0.2953422,-3.346599,0.2674445,0.3418968,0.9008774,0.9745992,1.530893,0.03787011,-2.468605,-0.7579162,-0.2721066,-0.592892,-0.01290981,-0.001146704,0.9757554,1.278238,-0.3011049,-3.348109,-0.1833117,0.1324698,-0.03766473,0.9733602,339.7036,16.83858,352.5328,0.3527831,-0.08191142,-0.9321123,0,0,0,1.542264,0.04195255,-2.459709,-0.004638702,-0.0003316998,0.988246,0.9620662,-0.1218892,-0.244073,0.02475616,0.9299563,-0.3668354,0.2716905,0.3468777,0.8976972,moving,16.53464,20.78252,-0.2689372,-0.01923104
05/15/2023 14:23:23.741416,2998,True,True,True,True,Eyes,1.270464,-0.295465,-3.346223,0.2674444,0.3392692,0.9018703,0.9733717,1.530787,0.03477007,-2.468368,-0.7653333,-0.2845282,-0.5773288,-0.01376829,-0.0001909435,0.9743544,1.278303,-0.3012943,-3.347497,-0.1814916,0.1330243,-0.03772618,0.9736232,339.9175,16.88072,352.5518,0.3528706,-0.08194313,-0.9320764,0,0,0,1.542271,0.03903934,-2.459705,-0.005368859,0.0009256601,0.9867375,0.9617625,-0.1217478,-0.2453371,0.02517659,0.9312751,-0.3634459,0.272725,0.3433719,0.8987306,moving,16.51742,20.6155,-0.3117444,0.05374925
05/15/2023 14:23:23.761720,2999,True,True,True,True,Eyes,1.270687,-0.2955888,-3.345837,0.2673662,0.3367228,0.9028472,0.9721602,1.53061,0.0317598,-2.468124,-0.7776296,-0.2829559,-0.5614519,-0.01443744,0.0005705953,0.9729047,1.27838,-0.3014234,-3.346829,-0.1797845,0.1334613,-0.03770304,0.973881,340.1162,16.90865,352.5811,0.3529581,-0.0819757,-0.9320404,0,0,0,1.542277,0.03600516,-2.459701,-0.005810112,0.001791865,0.9851186,0.9615331,-0.1214251,-0.2463939,0.02544801,0.9325121,-0.3602411,0.2735077,0.3401135,0.8997312,moving,16.49595,20.45333,-0.3379197,0.1042171
05/15/2023 14:23:23.771155,3000,True,True,True,True,Eyes,1.270909,-0.2957118,-3.345438,0.267318,0.334163,0.9038121,0.9723401,1.530833,0.02920839,-2.466625,-0.76275,-0.453018,-0.4615052,-0.01479766,0.0008390844,0.9728519,1.278578,-0.3015469,-3.346186,-0.1783191,0.1336926,-0.03765981,0.9741204,340.2852,16.91488,352.612,0.3530457,-0.08200907,-0.9320042,0,0,0,1.542284,0.03291833,-2.459696,-0.005949885,0.002119839,0.9834801,0.9614161,-0.1210502,-0.2470343,0.02569051,0.9335681,-0.3574781,0.2738962,0.3373388,0.9006572,moving,16.47649,20.29068,-0.3466254,0.1234978
05/15/2023 14:23:23.791404,3001,True,True,True,True,Eyes,1.271145,-0.2958352,-3.345029,0.2672814,0.3316486,0.9047486,0.9694315,1.530256,0.02567539,-2.467937,-0.8022311,-0.2328889,-0.5497163,-0.01542744,0.001141489,0.9696549,1.278771,-0.3016271,-3.34549,-0.1768817,0.1340432,-0.03791703,0.9743243,340.4569,16.94205,352.6042,0.3531336,-0.08204318,-0.9319679,0,0,0,1.542292,0.02916936,-2.45969,-0.006326228,0.001798809,0.9815638,0.9611894,-0.1213065,-0.2477893,0.02646741,0.9345503,-0.3548452,0.2746166,0.3345152,0.9014906,moving,16.45823,20.13114,-0.3692691,0.1049998
05/15/2023 14:23:23.811192,3002,True,True,True,True,Eyes,1.271371,-0.2959611,-3.344607,0.2672609,0.3290926,0.9056875,0.968478,1.530207,0.02275783,-2.467469,-0.805826,-0.2855382,-0.5187604,-0.01595162,0.001517504,0.9684109,1.278875,-0.3017093,-3.344754,-0.175425,0.1343289,-0.03848452,0.974526,340.6357,16.96725,352.5615,0.353222,-0.08207797,-0.9319313,0,0,0,1.542296,0.02704132,-2.459687,-0.006790727,0.003120452,0.9801817,0.9609494,-0.1221376,-0.2483118,0.02787901,0.93549,-0.3522516,0.2753164,0.3315733,0.9023637,moving,16.4409,19.96923,-0.3969405,0.1824031
05/15/2023 14:23:23.821791,3003,True,True,True,True,Eyes,1.271587,-0.2960869,-3.344175,0.2672943,0.3265716,0.9065896,0.967225,1.53012,0.01978129,-2.467299,-0.8122215,-0.287066,-0.5078282,-0.01611844,0.002617329,0.9669234,1.278877,-0.3018659,-3.344013,-0.1736692,0.1344855,-0.03910583,0.9747941,340.8486,16.97361,352.5214,0.3533109,-0.08211349,-0.9318945,0,0,0,1.542302,0.02408678,-2.459682,-0.006837487,0.004350722,0.9785768,0.9607688,-0.1229523,-0.2486084,0.02952828,0.9366195,-0.3491018,0.2757743,0.3280652,0.9035053,moving,16.42736,19.81003,-0.4003291,0.2547336
05/15/2023 14:23:23.841586,3004,True,True,True,True,Eyes,1.271796,-0.2962144,-3.343733,0.2673445,0.3240231,0.9074888,0.9659391,1.530034,0.01677218,-2.467154,-0.8184007,-0.2858819,-0.4984894,-0.01610243,0.003457934,0.965452,1.278898,-0.3019793,-3.343338,-0.1719522,0.1346148,-0.03930962,0.9750725,341.0497,16.96907,352.5304,0.3534001,-0.08214968,-0.9318575,0,0,0,1.542309,0.02105993,-2.459678,-0.006699562,0.005265325,0.9769961,0.9606673,-0.122954,-0.2489995,0.03036485,0.9377744,-0.345915,0.2760369,0.3247483,0.9046227,moving,16.41488,19.64934,-0.3928886,0.3087812
05/15/2023 14:23:23.861152,3005,True,True,True,True,Eyes,1.27198,-0.2963395,-3.343279,0.2676069,0.321464,0.9083213,0.9659911,1.530486,0.01419178,-2.465849,-0.7881447,-0.4578328,-0.41136,-0.01610503,0.004129499,0.965349,1.278935,-0.3021141,-3.342688,-0.1702744,0.1349113,-0.03907875,0.9753351,341.24,16.977,352.5865,0.3534893,-0.08218656,-0.9318203,0,0,0,1.542315,0.01787797,-2.459673,-0.006735295,0.005832583,0.9753979,0.9605436,-0.1221736,-0.2498592,0.03028587,0.938959,-0.3426935,0.2764756,0.3216048,0.9056112,moving,16.41587,19.48938,-0.3956312,0.3426073
05/15/2023 14:23:23.871732,3006,True,True,True,True,Eyes,1.272158,-0.2964663,-3.342821,0.2678795,0.3188846,0.9091496,0.9630198,1.530131,0.01062581,-2.467292,-0.812687,-0.2851071,-0.5081867,-0.01613516,0.00481379,0.9621975,1.278981,-0.3022066,-3.34203,-0.1685262,0.1352852,-0.03857939,0.9756067,341.4343,16.98844,352.6742,0.3535782,-0.08222403,-0.9317833,0,0,0,1.542322,0.0149027,-2.459668,-0.006856948,0.006610513,0.9738469,0.9604191,-0.1208748,-0.250967,0.02967844,0.9402211,-0.339269,0.2769735,0.3183921,0.9065937,moving,16.41753,19.32834,-0.4034184,0.3889202
05/15/2023 14:23:23.896893,3007,True,True,True,True,Eyes,1.272302,-0.2965921,-3.342348,0.2682387,0.3163396,0.9099325,0.9616082,1.530243,0.007602692,-2.46735,-0.8056253,-0.2974711,-0.5123268,-0.01610318,0.005319208,0.9607367,1.279008,-0.3023385,-3.341489,-0.1668819,0.1356493,-0.03801664,0.9758608,341.6154,16.9993,352.7674,0.3536667,-0.08226211,-0.9317464,0,0,0,1.542328,0.01206509,-2.459664,-0.006967962,0.007287294,0.9724714,0.960308,-0.1194727,-0.2520611,0.02892311,0.9414104,-0.3360208,0.2774382,0.3153931,0.9074994,moving,16.42497,19.1701,-0.4105293,0.4293426
05/15/2023 14:23:23.911639,3008,True,True,True,True,Eyes,1.272444,-0.2967193,-3.341872,0.2686214,0.3137758,0.910707,0.9600981,1.530347,0.004536331,-2.467503,-0.7990344,-0.2969791,-0.5228264,-0.01629834,0.005872309,0.9590778,1.279085,-0.3024915,-3.340849,-0.1652142,0.1361406,-0.03738566,0.9761007,341.799,17.02421,352.8665,0.353754,-0.08230074,-0.9317099,0,0,0,1.542334,0.00899191,-2.459659,-0.007302046,0.007798046,0.9709287,0.9601361,-0.1179691,-0.2534206,0.02799963,0.9426132,-0.3327107,0.2781271,0.3123519,0.90834,moving,16.43391,19.01093,-0.4308952,0.4601631
05/15/2023 14:23:23.921684,3009,True,True,True,True,Eyes,1.272546,-0.2968436,-3.341384,0.2690816,0.3112395,0.9114411,0.958528,1.530468,0.001488268,-2.467742,-0.7912608,-0.2887345,-0.5390164,-0.01666355,0.006293207,0.9574198,1.27915,-0.3026169,-3.340284,-0.1636164,0.1367152,-0.03688625,0.9763083,341.9773,17.0628,352.947,0.3538404,-0.08233995,-0.9316736,0,0,0,1.542341,0.005820692,-2.459655,-0.007834405,0.008040249,0.9694257,0.9598967,-0.1167624,-0.254882,0.02728699,0.9437382,-0.3295661,0.2790228,0.3093944,0.9090772,moving,16.448,18.85404,-0.4630252,0.4751904
05/15/2023 14:23:23.943695,3010,True,True,True,True,Eyes,1.272646,-0.2969663,-3.340897,0.269557,0.3086903,0.9121674,0.9570696,1.530631,-0.001528203,-2.467889,-0.7812154,-0.2965073,-0.5493506,-0.01697537,0.006813973,0.9559038,1.279222,-0.30274,-3.339756,-0.1619811,0.1372228,-0.0365929,0.9765208,342.1628,17.09689,353.0054,0.353925,-0.08237964,-0.931638,0,0,0,1.542347,0.002918768,-2.45965,-0.008357555,0.008642912,0.9680413,0.9596617,-0.1159225,-0.2561472,0.02701243,0.9448462,-0.3263986,0.2798567,0.3063131,0.909864,moving,16.46308,18.69654,-0.4946491,0.5115373
05/15/2023 14:23:23.971249,3011,True,True,True,True,Eyes,1.272703,-0.2970847,-3.340398,0.2701155,0.3061725,0.9128505,0.9555317,1.530807,-0.004527181,-2.46814,-0.7698153,-0.2943706,-0.5663305,-0.01719347,0.007019252,0.9543376,1.279253,-0.302792,-3.339268,-0.1604974,0.1377113,-0.03635887,0.9767059,342.3318,17.13192,353.0541,0.354008,-0.08241972,-0.9316029,0,0,0,1.542354,-0.0001116491,-2.459646,-0.008809865,0.008756936,0.9666538,0.9594273,-0.1152284,-0.2573358,0.02681926,0.9458373,-0.3235314,0.2806778,0.3035033,0.9105524,moving,16.48366,18.54159,-0.5221663,0.5190294
05/15/2023 14:23:23.971249,3012,True,True,True,True,Eyes,1.27276,-0.2972025,-3.339901,0.2706756,0.3036478,0.9135276,0.9554132,1.531367,-0.0070934,-2.467105,-0.7322957,-0.4653482,-0.4971862,-0.01707068,0.006975174,0.9541711,1.279298,-0.3028876,-3.338741,-0.1591702,0.1380254,-0.03604137,0.9768904,342.4803,17.14678,353.1126,0.3540885,-0.08246009,-0.9315687,0,0,0,1.54236,-0.003164642,-2.459641,-0.008901596,0.008590102,0.9652463,0.9593,-0.114356,-0.258198,0.02647786,0.9467317,-0.320933,0.2811449,0.3010345,0.9112276,moving,16.50441,18.38631,-0.5283723,0.509884
05/15/2023 14:23:23.991740,3013,True,True,True,True,Eyes,1.272807,-0.2973198,-3.339401,0.2711137,0.3011456,0.9142258,0.9522216,1.530967,-0.01056239,-2.468855,-0.7600864,-0.2108545,-0.6146617,-0.01722057,0.00703904,0.9510015,1.279364,-0.3029621,-3.338308,-0.1577786,0.1383804,-0.03588506,0.9770717,342.639,17.16871,353.1527,0.3541669,-0.08250071,-0.9315353,0,0,0,1.542369,-0.007399383,-2.459634,-0.009033531,0.007403553,0.9635662,0.9591263,-0.1137915,-0.2590912,0.02645763,0.9476364,-0.3182536,0.2817388,0.2983904,0.9119136,moving,16.51773,18.23186,-0.537138,0.4402229
05/15/2023 14:23:24.011758,3014,True,True,True,True,Eyes,1.272855,-0.2974364,-3.338904,0.2715624,0.2986518,0.9149103,0.9511039,1.531139,-0.01338753,-2.468729,-0.7489516,-0.2668789,-0.6065041,-0.01746224,0.006846279,0.9498132,1.27956,-0.3030901,-3.337796,-0.1565864,0.1386964,-0.0358775,0.977219,342.7773,17.19124,353.1721,0.3542431,-0.08254156,-0.9315028,0,0,0,1.542374,-0.009384149,-2.459631,-0.009507179,0.008067936,0.9624721,0.9589522,-0.1135563,-0.2598376,0.0266844,0.948387,-0.3159906,0.2823094,0.2960863,0.912488,moving,16.53187,18.0781,-0.5659422,0.4802714
05/15/2023 14:23:24.021507,3015,True,True,True,True,Eyes,1.272877,-0.2975498,-3.338404,0.272049,0.2961144,0.9155904,0.9498041,1.53127,-0.01629913,-2.468772,-0.7404132,-0.2833937,-0.6094885,-0.01774935,0.00644964,0.9485883,1.279618,-0.3031705,-3.337422,-0.1554514,0.1390752,-0.03601671,0.9773413,342.912,17.22457,353.1721,0.3543173,-0.08258259,-0.9314709,0,0,0,1.542379,-0.01204699,-2.459627,-0.00996539,0.00791654,0.9613315,0.9587218,-0.1136401,-0.2606501,0.02716239,0.9490754,-0.3138761,0.2830455,0.29384,0.912986,moving,16.54824,17.92191,-0.5939204,0.4718186
05/15/2023 14:23:24.041451,3016,True,True,True,True,Eyes,1.2729,-0.2976739,-3.337893,0.2725646,0.2934826,0.9162841,0.9483966,1.531399,-0.01933604,-2.468892,-0.732394,-0.2859978,-0.6179031,-0.0180681,0.005992621,0.9471908,1.279645,-0.303251,-3.336962,-0.1543067,0.1395147,-0.03616156,0.9774546,343.0483,17.26514,353.1705,0.3543892,-0.08262371,-0.9314399,0,0,0,1.542386,-0.01504585,-2.459623,-0.01045078,0.007481307,0.9600275,0.958456,-0.1137486,-0.2615786,0.02763645,0.9497636,-0.3117457,0.2838984,0.2915654,0.9134502,moving,16.56602,17.76008,-0.6236925,0.4464858
05/15/2023 14:23:24.061515,3017,True,True,True,True,Eyes,1.272912,-0.2977931,-3.337384,0.2730203,0.2908993,0.9169719,0.9483489,1.531831,-0.02191907,-2.467775,-0.7035027,-0.4581163,-0.5433354,-0.018861,0.008450389,0.9469206,1.279689,-0.3035865,-3.336206,-0.1518085,0.1401746,-0.03621428,0.9777495,343.339,17.31354,353.2034,0.354459,-0.08266523,-0.9314097,0,0,0,1.542392,-0.01807272,-2.459618,-0.01132476,0.00990364,0.9584946,0.9580792,-0.1133764,-0.263116,0.02825758,0.9512854,-0.307014,0.2851066,0.2867087,0.9146105,moving,16.58044,17.60106,-0.6769271,0.5919873
05/15/2023 14:23:24.071391,3018,True,True,True,True,Eyes,1.272924,-0.2979144,-3.336884,0.2734536,0.2883402,0.9176509,0.9456047,1.531503,-0.0252586,-2.46915,-0.7261894,-0.2620926,-0.6355757,-0.01879373,0.007716268,0.9442328,1.279764,-0.303602,-3.335834,-0.150786,0.1403759,-0.0361447,0.9778813,343.4559,17.32369,353.2288,0.3545268,-0.082707,-0.9313802,0,0,0,1.542399,-0.0213261,-2.459613,-0.01131442,0.008859575,0.9571897,0.9579763,-0.1130239,-0.2636418,0.028357,0.9519143,-0.3050494,0.2854422,0.2847539,0.9151164,moving,16.59369,17.44353,-0.677231,0.5303042
05/15/2023 14:23:24.091497,3019,True,True,True,True,Eyes,1.272914,-0.2980303,-3.336381,0.2738822,0.2857794,0.9183239,0.9443803,1.531563,-0.02814582,-2.469134,-0.7227391,-0.2729049,-0.6349576,-0.01831309,0.007115781,0.9432187,1.27976,-0.3037492,-3.335555,-0.1497524,0.1403648,-0.03599454,0.9780473,343.5711,17.30712,353.2674,0.3545926,-0.08274902,-0.9313514,0,0,0,1.542405,-0.02405204,-2.459609,-0.01089984,0.008436561,0.9561926,0.9580042,-0.1124487,-0.2637863,0.02836881,0.9525573,-0.3030345,0.2853473,0.2828251,0.9157439,moving,16.60676,17.28597,-0.6530984,0.5055119
05/15/2023 14:23:24.111782,3020,True,True,True,True,Eyes,1.272908,-0.2981475,-3.335882,0.2743099,0.2832401,0.9189826,0.9430221,1.531589,-0.03104576,-2.469261,-0.7213653,-0.2557093,-0.6436185,-0.01830788,0.006613672,0.9418286,1.279886,-0.3037786,-3.335103,-0.14867,0.1405273,-0.03613162,0.9781839,343.6981,17.31547,353.2705,0.3546561,-0.08279115,-0.9313235,0,0,0,1.542412,-0.02720926,-2.459604,-0.01092336,0.007676661,0.9548456,0.9578931,-0.1124711,-0.2641798,0.02890232,0.9531835,-0.3010083,0.2856666,0.2806983,0.9162986,moving,16.62,17.12985,-0.6554304,0.4606303
05/15/2023 14:23:24.121305,3021,True,True,True,True,Eyes,1.272894,-0.2982654,-3.33538,0.2746369,0.2807425,0.9196512,0.9417984,1.531547,-0.03386253,-2.469254,-0.7247208,-0.2460982,-0.6435958,-0.01847519,0.006065786,0.9406745,1.279969,-0.3039034,-3.334721,-0.1476143,0.1407933,-0.03587095,0.9783153,343.8158,17.33002,353.3177,0.3547176,-0.08283339,-0.9312963,0,0,0,1.542418,-0.03017103,-2.4596,-0.01103309,0.007012129,0.9536638,0.9577811,-0.1117524,-0.2648903,0.02861998,0.9538466,-0.2989275,0.2860705,0.278726,0.9167745,moving,16.62729,16.97589,-0.6628344,0.4212786
05/15/2023 14:23:24.141430,3022,True,True,True,True,Eyes,1.272879,-0.2983853,-3.334881,0.2749472,0.2782288,0.9203221,0.9405508,1.531481,-0.03669697,-2.469271,-0.7293512,-0.2283329,-0.6449117,-0.01839867,0.005959064,0.9393827,1.280043,-0.3040354,-3.334212,-0.146349,0.1409368,-0.03562964,0.9784934,343.9569,17.32791,353.3689,0.3547772,-0.08287578,-0.9312699,0,0,0,1.542424,-0.03327098,-2.459595,-0.01086599,0.00667271,0.9523394,0.9577346,-0.1109787,-0.2653828,0.02847481,0.954625,-0.2964462,0.2862402,0.2763601,0.9174375,moving,16.63357,16.82095,-0.653704,0.401445
05/15/2023 14:23:24.161542,3023,True,True,True,True,Eyes,1.272856,-0.2985073,-3.334383,0.2752104,0.2757165,0.9209992,0.9404625,1.531681,-0.03920636,-2.468218,-0.7162254,-0.3956838,-0.5748526,-0.01809303,0.006325424,0.9393642,1.280006,-0.3041753,-3.333795,-0.1448645,0.1409171,-0.03567712,0.9787154,344.1269,17.3085,353.3935,0.3548349,-0.08291835,-0.9312441,0,0,0,1.542431,-0.0362036,-2.459591,-0.01042038,0.006973356,0.9511839,0.957739,-0.1106633,-0.2654988,0.02900773,0.9554828,-0.2936173,0.2861722,0.2735072,0.9183133,moving,16.63705,16.66595,-0.6276599,0.4200415
05/15/2023 14:23:24.171521,3024,True,True,True,True,Eyes,1.272837,-0.2986343,-3.333888,0.2754493,0.2731589,0.9216897,0.9382464,1.531277,-0.04234385,-2.469116,-0.744099,-0.2063753,-0.6353943,-0.01772358,0.007138908,0.9371944,1.280008,-0.3043282,-3.333365,-0.143098,0.1408784,-0.03550718,0.978987,344.3252,17.28022,353.4492,0.3548909,-0.08296113,-0.9312189,0,0,0,1.542437,-0.03924853,-2.459586,-0.009906203,0.007660031,0.9499842,0.957785,-0.109841,-0.2656743,0.02920331,0.9565244,-0.2901865,0.2859983,0.2701778,0.9193524,moving,16.63891,16.50812,-0.5974447,0.4619845
05/15/2023 14:23:24.192090,3025,True,True,True,True,Eyes,1.272842,-0.298764,-3.333401,0.2756233,0.2705978,0.9223928,0.9371558,1.531144,-0.04517168,-2.468975,-0.7532224,-0.2014946,-0.6261438,-0.01731929,0.008261651,0.9361491,1.280107,-0.3045275,-3.332953,-0.1411602,0.1407676,-0.03512946,0.9792978,344.5388,17.23846,353.5335,0.3549452,-0.08300425,-0.9311944,0,0,0,1.542443,-0.04214889,-2.459582,-0.009320199,0.008795053,0.9488288,0.9579008,-0.108546,-0.2657891,0.02906283,0.9576795,-0.286366,0.2856246,0.2665856,0.9205165,moving,16.63685,16.34984,-0.5627896,0.531081
05/15/2023 14:23:24.211273,3026,True,True,True,True,Eyes,1.272847,-0.2988953,-3.332914,0.2758039,0.2679847,0.9231015,0.936033,1.531008,-0.04805282,-2.46886,-0.7626235,-0.1884733,-0.6187755,-0.01702467,0.009270638,0.9350337,1.280218,-0.3046435,-3.332532,-0.1392346,0.1406891,-0.0349474,0.9795913,344.7547,17.20408,353.5941,0.3549986,-0.08304771,-0.9311702,0,0,0,1.54245,-0.04522513,-2.459577,-0.00883694,0.009693235,0.9475983,0.9579705,-0.1076459,-0.2659038,0.02929076,0.9587848,-0.2826194,0.2853673,0.2629525,0.9216406,moving,16.63507,16.18849,-0.5343031,0.5860733
05/15/2023 14:23:24.221577,3027,True,True,True,True,Eyes,1.272855,-0.2990298,-3.332428,0.2759905,0.2653798,0.923798,0.9349151,1.530883,-0.05092224,-2.468756,-0.7714524,-0.173648,-0.6121336,-0.01721378,0.01042393,0.9338984,1.28023,-0.3047767,-3.332065,-0.1372615,0.1408979,-0.03497572,0.9798387,344.9814,17.20675,353.6263,0.3550512,-0.08309151,-0.9311463,0,0,0,1.542457,-0.04831709,-2.459572,-0.008855015,0.01070938,0.9463532,0.957849,-0.1072208,-0.2665127,0.02986144,0.959872,-0.2788441,0.2857159,0.2591321,0.9226142,moving,16.63385,16.02779,-0.5361003,0.6483581
05/15/2023 14:23:24.241467,3028,True,True,True,True,Eyes,1.272858,-0.2991724,-3.331944,0.2761576,0.2627198,0.9245081,0.9338755,1.530755,-0.05382478,-2.468568,-0.7803365,-0.1766559,-0.5998897,-0.01716298,0.0116605,0.9328326,1.28013,-0.3049266,-3.331553,-0.1352109,0.1410514,-0.03485017,0.9801062,345.2139,17.19994,353.6787,0.3551031,-0.08313571,-0.9311225,0,0,0,1.542463,-0.05117427,-2.459568,-0.008635253,0.01208688,0.9451697,0.9577799,-0.1064571,-0.2670664,0.03017038,0.9610069,-0.2748734,0.2859149,0.2552107,0.9236451,moving,16.63129,15.8637,-0.5234507,0.7326617
05/15/2023 14:23:24.261557,3029,True,True,True,True,Eyes,1.272866,-0.2993189,-3.331457,0.2763834,0.2600205,0.9252035,0.9337482,1.530939,-0.05652528,-2.46755,-0.7680129,-0.3566225,-0.5319554,-0.01651938,0.01305689,0.9327956,1.279991,-0.3052125,-3.331107,-0.1330913,0.1409696,-0.03438719,0.9804243,345.4469,17.15991,353.7751,0.3551542,-0.08318049,-0.9310989,0,0,0,1.542469,-0.05427798,-2.459563,-0.007845253,0.0134023,0.9440393,0.9578902,-0.1049517,-0.2672667,0.02990441,0.9622084,-0.2706671,0.2855732,0.2512769,0.9248286,moving,16.63231,15.69756,-0.4761344,0.8133597
05/15/2023 14:23:24.271110,3030,True,True,True,True,Eyes,1.272872,-0.2994641,-3.33097,0.2765843,0.2572587,0.9259154,0.9316511,1.530552,-0.05978876,-2.46834,-0.7948423,-0.1597319,-0.5854156,-0.01579438,0.01436368,0.9305774,1.280046,-0.3053914,-3.330521,-0.1309322,0.1407794,-0.03382652,0.9807618,345.6821,17.10576,353.8849,0.3552049,-0.08322592,-0.9310756,0,0,0,1.542476,-0.05739265,-2.459558,-0.006965429,0.01468465,0.9427009,0.9580738,-0.1032166,-0.2672842,0.02948641,0.963425,-0.2663507,0.2850001,0.2473024,0.9260758,moving,16.63164,15.52755,-0.4233393,0.892436
05/15/2023 14:23:24.291374,3031,True,True,True,True,Eyes,1.272894,-0.299612,-3.330487,0.2767637,0.2545169,0.9266192,0.9306071,1.530453,-0.06275676,-2.468169,-0.8018171,-0.1653304,-0.5742431,-0.01516306,0.01575918,0.9295228,1.279992,-0.305454,-3.330061,-0.1286917,0.1406315,-0.03354859,0.9810892,345.9316,17.06033,353.9625,0.3552549,-0.08327188,-0.9310524,0,0,0,1.542482,-0.0602764,-2.459554,-0.006192803,0.01625156,0.9415377,0.9581946,-0.1020245,-0.2673092,0.02963208,0.9646259,-0.2619521,0.2845789,0.2430801,0.9273224,moving,16.6299,15.35881,-0.3768478,0.988865
05/15/2023 14:23:24.311280,3032,True,True,True,True,Eyes,1.272912,-0.2997622,-3.330006,0.2769251,0.2517438,0.9273282,0.9295685,1.530333,-0.06574906,-2.467991,-0.8102895,-0.1636397,-0.5627192,-0.01467781,0.01677999,0.9284214,1.279965,-0.3055847,-3.329535,-0.1266663,0.1405543,-0.03320917,0.9813752,346.156,17.02514,354.0417,0.3553049,-0.08331839,-0.9310292,0,0,0,1.542488,-0.06329432,-2.459549,-0.005534738,0.01733261,0.9403012,0.9582832,-0.1007883,-0.2674601,0.02957431,0.9657056,-0.2579498,0.2842861,0.239279,0.9284003,moving,16.62704,15.18816,-0.3372467,1.056016
05/15/2023 14:23:24.321634,3033,True,True,True,True,Eyes,1.272924,-0.2999122,-3.329521,0.277002,0.248891,0.928075,0.9286052,1.530149,-0.06879064,-2.467706,-0.8229901,-0.1633357,-0.5440668,-0.01422825,0.01741707,0.9275168,1.27988,-0.3057482,-3.329106,-0.1247916,0.140481,-0.03275668,0.9816411,346.3614,16.99086,354.1309,0.3553546,-0.08336545,-0.931006,0,0,0,1.542495,-0.06634044,-2.459545,-0.004824191,0.01807213,0.9391856,0.9583842,-0.09937229,-0.2676282,0.02924892,0.9667081,-0.2542046,0.2839792,0.2357978,0.9293843,moving,16.61875,15.01233,-0.2943012,1.102369
05/15/2023 14:23:24.341608,3034,True,True,True,True,Eyes,1.272931,-0.3000613,-3.329039,0.2770621,0.2460369,0.9288177,0.9276835,1.529957,-0.07181688,-2.46739,-0.8362737,-0.1637333,-0.5232949,-0.01366653,0.01776455,0.9265119,1.279875,-0.3058546,-3.328559,-0.1230639,0.1403137,-0.03231978,0.9818977,346.5497,16.94763,354.2166,0.355404,-0.08341301,-0.9309829,0,0,0,1.542501,-0.06936088,-2.45954,-0.003983796,0.01853579,0.9379422,0.958535,-0.09800455,-0.2675927,0.02893434,0.9676214,-0.2507421,0.2835022,0.2326024,0.9303346,moving,16.6096,14.83648,-0.2433554,1.132143
05/15/2023 14:23:24.361585,3035,True,True,True,True,Eyes,1.272931,-0.3002082,-3.328557,0.2771976,0.2431206,0.9295449,0.9277824,1.53011,-0.07464516,-2.466141,-0.8259992,-0.3522612,-0.4400423,-0.01309779,0.01767947,0.9266508,1.279789,-0.3059469,-3.328118,-0.1215304,0.1401988,-0.03191173,0.9821184,346.7167,16.91325,354.2943,0.355453,-0.08346101,-0.9309599,0,0,0,1.542508,-0.0722842,-2.459536,-0.00320971,0.01868455,0.9368541,0.9586519,-0.096759,-0.267627,0.02860539,0.968424,-0.2476624,0.28314,0.2297664,0.9311494,moving,16.605,14.65726,-0.1962975,1.142552
05/15/2023 14:23:24.371485,3036,True,True,True,True,Eyes,1.27293,-0.3003523,-3.328077,0.277321,0.2402399,0.9302568,0.9258068,1.529676,-0.07793659,-2.466838,-0.8558122,-0.174076,-0.487117,-0.01253606,0.01704469,0.9247035,1.279735,-0.306015,-3.327672,-0.1202762,0.1400874,-0.03141531,0.9823045,346.8504,16.8812,354.3768,0.3555014,-0.08350933,-0.9309371,0,0,0,1.542514,-0.07532526,-2.459531,-0.002432346,0.01814407,0.9357369,0.9587772,-0.09541716,-0.26766,0.02802047,0.9690934,-0.2450974,0.2827741,0.2274938,0.9318183,moving,16.59997,14.48032,-0.1489338,1.110834
05/15/2023 14:23:24.391639,3037,True,True,True,True,Eyes,1.272904,-0.3005012,-3.327585,0.2776131,0.237293,0.9309258,0.9247783,1.529634,-0.08105777,-2.466685,-0.8588552,-0.1863555,-0.4771153,-0.01207086,0.01604031,0.92371,1.279703,-0.3060663,-3.327237,-0.1192181,0.1400506,-0.03117892,0.9824463,346.9667,16.86344,354.4244,0.3555493,-0.08355787,-0.9309145,0,0,0,1.54252,-0.07826175,-2.459527,-0.001896858,0.01737115,0.9346566,0.9588274,-0.09465636,-0.2677502,0.02787009,0.9696298,-0.2429841,0.2826185,0.2255176,0.9323457,moving,16.6052,14.30017,-0.11628,1.064754
05/15/2023 14:23:24.411411,3038,True,True,True,True,Eyes,1.272876,-0.3006544,-3.327097,0.2778791,0.2343676,0.9315874,0.9237617,1.52957,-0.08415456,-2.466532,-0.8637137,-0.1887198,-0.4673151,-0.01166019,0.01557146,0.9225856,1.279654,-0.3063409,-3.326601,-0.1180169,0.1400587,-0.03090706,0.9825988,347.0989,16.84927,354.4781,0.3555962,-0.08360679,-0.9308922,0,0,0,1.542527,-0.08132356,-2.459522,-0.001380682,0.01699026,0.9334185,0.9588566,-0.09379706,-0.267948,0.02767988,0.9702335,-0.2405841,0.2825381,0.2232689,0.9329111,moving,16.60909,14.12135,-0.08474998,1.042794
05/15/2023 14:23:24.431224,3039,True,True,True,True,Eyes,1.272843,-0.3008078,-3.3266,0.2781617,0.2314358,0.9322358,0.9227353,1.529512,-0.08725381,-2.466393,-0.8679143,-0.1914693,-0.4583277,-0.01098159,0.01498196,0.9217253,1.279565,-0.3065224,-3.326259,-0.116793,0.1399142,-0.03058768,0.9827756,347.232,16.81647,354.5397,0.3556421,-0.08365617,-0.9308702,0,0,0,1.542533,-0.0843813,-2.459517,-0.0006034076,0.01649065,0.9324532,0.9589768,-0.09280363,-0.2678636,0.02743967,0.9708477,-0.2381219,0.2821533,0.2210032,0.9335669,moving,16.61412,13.94231,-0.03707715,1.013184
05/15/2023 14:23:24.441554,3040,True,True,True,True,Eyes,1.272809,-0.3009621,-3.326103,0.2784443,0.2285006,0.9328753,0.9217628,1.529469,-0.09033871,-2.466213,-0.8714042,-0.2027888,-0.4466893,-0.01079242,0.01526251,0.9204879,1.279627,-0.3066998,-3.325524,-0.115126,0.1400114,-0.03023333,0.9829695,347.4164,16.80773,354.6102,0.3556871,-0.08370599,-0.9308486,0,0,0,1.542539,-0.08729691,-2.459513,-0.0003344715,0.01700042,0.9310995,0.9589655,-0.09167475,-0.2682925,0.02719899,0.9716639,-0.2347966,0.2822151,0.2178646,0.9342857,moving,16.61929,13.76318,-0.02058191,1.046015
05/15/2023 14:23:24.461339,3041,True,True,True,True,Eyes,1.272758,-0.3011231,-3.325604,0.2786967,0.2255608,0.9335151,0.922142,1.529756,-0.09312399,-2.464771,-0.8522053,-0.3884494,-0.3505042,-0.01078731,0.01527937,0.920839,1.279569,-0.3068382,-3.325019,-0.1135504,0.1402114,-0.02988709,0.9831349,347.5909,16.81233,354.6767,0.3557312,-0.08375623,-0.9308272,0,0,0,1.542546,-0.09043539,-2.459508,-0.0001812875,0.01701912,0.9299498,0.9588951,-0.09060817,-0.268906,0.02692397,0.9724261,-0.2316516,0.2824807,0.2148896,0.9348941,moving,16.62276,13.58375,-0.01116943,1.04846
05/15/2023 14:23:24.471455,3042,True,True,True,True,Eyes,1.272703,-0.3012905,-3.325105,0.2789251,0.2225818,0.9341618,0.9199334,1.529296,-0.09653002,-2.465738,-0.8835945,-0.2158243,-0.4155484,-0.01046117,0.01595019,0.9186883,1.279352,-0.3071332,-3.324532,-0.111675,0.1402895,-0.02960067,0.9833471,347.8,16.80083,354.7433,0.3557742,-0.08380706,-0.9308062,0,0,0,1.542552,-0.09329206,-2.459504,0.0002812147,0.01803704,0.9289511,0.9588853,-0.08954911,-0.2692951,0.02688183,0.973305,-0.2279359,0.2825177,0.2113252,0.9356951,moving,16.62475,13.40192,0.01734474,1.112347
05/15/2023 14:23:24.491646,3043,True,True,True,True,Eyes,1.272649,-0.3014651,-3.324604,0.2790863,0.2196074,0.9348173,0.9191423,1.529169,-0.09961464,-2.465373,-0.892457,-0.2241015,-0.391534,-0.009897828,0.01694603,0.9179032,1.279222,-0.3074071,-3.324023,-0.1096182,0.1401638,-0.02926447,0.9836065,348.0277,16.76349,354.8213,0.3558161,-0.08385859,-0.9307856,0,0,0,1.542559,-0.09625246,-2.459499,0.001063615,0.01926616,0.9278804,0.9589954,-0.08829846,-0.2693163,0.02684041,0.9742548,-0.223846,0.2821479,0.2074388,0.9366758,moving,16.6228,13.22021,0.06567725,1.189497
05/15/2023 14:23:24.511147,3044,True,True,True,True,Eyes,1.272603,-0.3016437,-3.324094,0.2792372,0.2165573,0.9354836,0.9183351,1.529036,-0.1027715,-2.465007,-0.9018579,-0.2272082,-0.3674627,-0.009408623,0.0181818,0.917026,1.279207,-0.3077058,-3.323461,-0.1074007,0.1400259,-0.02888908,0.9838818,348.273,16.72326,354.9067,0.3558569,-0.08391098,-0.9307653,0,0,0,1.542565,-0.09936307,-2.459494,0.001786292,0.02065849,0.9266997,0.9591163,-0.08692465,-0.2693324,0.0267691,0.975261,-0.2194297,0.2817433,0.2032488,0.9377156,moving,16.6201,13.03395,0.1104423,1.277057
05/15/2023 14:23:24.530965,3045,True,True,True,True,Eyes,1.272547,-0.3018283,-3.323583,0.2793996,0.2134791,0.9361423,0.917609,1.528927,-0.105938,-2.464571,-0.9095445,-0.2408895,-0.3386754,-0.009268597,0.01991069,0.9160293,1.279353,-0.30792,-3.322771,-0.1048307,0.1400398,-0.02831411,0.9841737,348.5558,16.69609,355.0194,0.3558971,-0.08396425,-0.9307451,0,0,0,1.542571,-0.1023242,-2.45949,0.002141148,0.0227104,0.9253582,0.9591743,-0.08509293,-0.2697105,0.02637105,0.9764177,-0.2142735,0.2815832,0.1984131,0.9387987,moving,16.61818,12.84613,0.1325741,1.405887
05/15/2023 14:23:24.541392,3046,True,True,True,True,Eyes,1.272486,-0.3020217,-3.323066,0.2795528,0.210278,0.9368209,0.9169548,1.528823,-0.1092063,-2.464044,-0.9170018,-0.2583742,-0.3038923,-0.009220153,0.02207504,0.9153231,1.27927,-0.3081988,-3.322248,-0.1019965,0.1401543,-0.02798015,0.9844646,348.8732,16.68188,355.1076,0.3559365,-0.0840185,-0.9307251,0,0,0,1.542578,-0.1053307,-2.459485,0.002416685,0.02527727,0.9242297,0.9591478,-0.08368141,-0.2702461,0.02650046,0.9776276,-0.2086669,0.2816615,0.1929808,0.939907,moving,16.61541,12.65088,0.1498172,1.566624
05/15/2023 14:23:24.561543,3047,True,True,True,True,Eyes,1.272401,-0.3022253,-3.322549,0.2797313,0.2069881,0.9375,0.9185102,1.529337,-0.1121047,-2.461446,-0.882619,-0.4515526,-0.1307054,-0.008873135,0.02493961,0.9167193,1.279072,-0.3085385,-3.321595,-0.09882163,0.1401606,-0.02778354,0.9847931,349.231,16.65433,355.1871,0.3559751,-0.08407389,-0.9307053,0,0,0,1.542584,-0.1083949,-2.459481,0.002995372,0.0285313,0.9229919,0.9591662,-0.08242388,-0.2705671,0.02702028,0.9789247,-0.202426,0.2815496,0.1868494,0.9411786,moving,16.61405,12.45044,0.1859405,1.770549
05/15/2023 14:23:24.571403,3048,True,True,True,True,Eyes,1.272303,-0.3024352,-3.32203,0.2798277,0.2035314,0.9382278,0.9160534,1.52864,-0.1159895,-2.462563,-0.9300228,-0.3044854,-0.2057817,-0.007657617,0.02853692,0.9143012,1.278658,-0.3089188,-3.321112,-0.09512381,0.1397359,-0.02755394,0.9852239,349.6456,16.57256,355.284,0.3560124,-0.0841306,-0.9306859,0,0,0,1.542591,-0.1114222,-2.459476,0.004523784,0.03279889,0.9219468,0.9594293,-0.08087802,-0.2701002,0.02770916,0.9803845,-0.1951371,0.2805844,0.179736,0.9428506,moving,16.60728,12.23963,0.2811351,2.037477
05/15/2023 14:23:24.591369,3049,True,True,True,True,Eyes,1.272196,-0.3026582,-3.321513,0.2798861,0.2000399,0.938961,0.9161302,1.528608,-0.1193956,-2.461302,-0.9325985,-0.3396614,-0.1220258,-0.005487099,0.03244472,0.91426,1.278248,-0.3091916,-3.320518,-0.09118524,0.1388247,-0.02698206,0.9857409,350.0797,16.42978,355.4285,0.3560482,-0.08418871,-0.9306669,0,0,0,1.542597,-0.1143008,-2.459472,0.007049888,0.03749454,0.9207645,0.9599993,-0.07851217,-0.2687697,0.02787709,0.9819144,-0.1872616,0.2786112,0.1722785,0.9448259,moving,16.5983,12.02671,0.43868,2.331859
05/15/2023 14:23:24.611402,3050,True,True,True,True,Eyes,1.272094,-0.302889,-3.320998,0.2798592,0.1964143,0.9397342,0.9167141,1.528645,-0.1228333,-2.45953,-0.9305163,-0.3662263,-0.004211775,-0.002861455,0.03575125,0.9148117,1.278018,-0.30964,-3.320028,-0.08753066,0.1375816,-0.02587756,0.986276,350.4715,16.24689,355.6309,0.3560824,-0.08424845,-0.9306484,0,0,0,1.542603,-0.1173395,-2.459467,0.01012035,0.04151841,0.9196327,0.9608033,-0.07513003,-0.2668567,0.02695961,0.9833375,-0.1797793,0.275917,0.1655382,0.9468194,moving,16.58389,11.80547,0.6305015,2.584962
05/15/2023 14:23:24.621710,3051,True,True,True,True,Eyes,1.271989,-0.3031106,-3.320487,0.2798794,0.1928832,0.9404593,0.9178495,1.528876,-0.1260728,-2.457287,-0.9155569,-0.3751225,0.1450472,-0.0008465201,0.03909501,0.9158207,1.278049,-0.3099598,-3.319567,-0.0838066,0.1365878,-0.02456207,0.986771,350.8694,16.09262,355.8548,0.3561153,-0.08430985,-0.9306303,0,0,0,1.54261,-0.1204457,-2.459462,0.01253423,0.04536201,0.9184084,0.961481,-0.07136821,-0.2654449,0.02558037,0.9847463,-0.1721056,0.2736787,0.1586861,0.9486405,moving,16.57293,11.59033,0.7819114,2.827654
05/15/2023 14:23:24.641515,3052,True,True,True,True,Eyes,1.271885,-0.3033291,-3.319972,0.2799068,0.1893267,0.9411734,0,0,0,0,0,0,0,-2.130125,-0.2768904,2.851652,1.278033,-0.3098956,-3.319129,-0.08084487,0.1361774,-0.02357282,0.987099,351.1885,16.01618,356.0219,0.3561469,-0.08437251,-0.9306126,0,0,0,1.542616,-0.1234159,-2.459458,0.01385351,0.04759626,0.9172541,0.9618001,-0.06855589,-0.2650296,0.02451893,0.9858169,-0.1660239,0.2726525,0.1531836,0.9498397,moving,16.56258,11.37384,0.8652858,2.97041
05/15/2023 14:23:24.661538,3053,True,True,True,True,Eyes,1.271795,-0.3035555,-3.319464,0.2798226,0.1859908,0.9418634,0,0,0,0,0,0,0,-2.131155,-0.2611717,2.851653,1.277963,-0.3099877,-3.318535,-0.07866048,0.1363334,-0.02303722,0.9872664,351.4289,16.01568,356.1186,0.3561774,-0.08443619,-0.9305951,0,0,0,1.542623,-0.1263778,-2.459453,0.01410352,0.04867832,0.9160839,0.9617649,-0.06693586,-0.2655706,0.02403964,0.9865636,-0.1615992,0.2728191,0.1490362,0.9504514,moving,16.54641,11.17054,0.8820242,3.041689
05/15/2023 14:23:24.671692,3054,True,True,True,True,Eyes,1.271703,-0.3037865,-3.31896,0.2797546,0.1826119,0.9425446,0,0,0,0,0,0,0,-2.133132,-0.2448714,2.85102,1.277749,-0.3103582,-3.318067,-0.07627184,0.1366693,-0.022784,0.9874132,351.6977,16.03766,356.1847,0.3562071,-0.08450101,-0.9305778,0,0,0,1.542629,-0.1294652,-2.459449,0.01404443,0.05032104,0.9150841,0.9616048,-0.06584249,-0.2664227,0.0241464,0.987327,-0.1568514,0.2733738,0.1443959,0.9510082,moving,16.5313,10.96484,0.8792892,3.14756
05/15/2023 14:23:24.695805,3055,True,True,True,True,Eyes,1.271645,-0.3040337,-3.318477,0.2796807,0.1794311,0.9431772,0,0,0,0,0,0,0,-2.134359,-0.2302108,2.850823,1.277621,-0.3106535,-3.317658,-0.07402992,0.1368654,-0.0227091,0.9875585,351.9521,16.04604,356.2292,0.3562362,-0.08456698,-0.9305607,0,0,0,1.542635,-0.1323203,-2.459444,0.01408827,0.05189009,0.9141529,0.9615043,-0.06511738,-0.2669628,0.02458886,0.9880077,-0.1524339,0.2736874,0.1400016,0.9515749,moving,16.51669,10.7713,0.8829319,3.248796
05/15/2023 14:23:24.711738,3056,True,True,True,True,Eyes,1.271601,-0.3042832,-3.318001,0.2796261,0.1762038,0.9438016,0,0,0,0,0,0,0,-2.135652,-0.213778,2.850983,1.277657,-0.3112312,-3.31746,-0.07175033,0.1370336,-0.0222573,0.9877136,352.2045,16.04836,356.3176,0.3562652,-0.08463436,-0.9305435,0,0,0,1.542642,-0.1354989,-2.45944,0.01406251,0.05334122,0.9133752,0.9614528,-0.06363208,-0.2675059,0.02430327,0.988713,-0.1478375,0.2738938,0.1356376,0.9521474,moving,16.50331,10.57514,0.8820677,3.342284
05/15/2023 14:23:24.721894,3057,True,True,True,True,Eyes,1.271613,-0.3045168,-3.317546,0.2795916,0.1732653,0.9443557,0,0,0,0,0,0,0,-2.137593,-0.1974789,2.850492,1.277917,-0.311484,-3.317155,-0.06948006,0.1372898,-0.02173948,0.9878519,352.4551,16.06097,356.4126,0.3562944,-0.08470304,-0.9305261,0,0,0,1.542648,-0.1384698,-2.459435,0.01370992,0.05463927,0.9124291,0.9613578,-0.06202858,-0.2682231,0.02387297,0.9893998,-0.1432412,0.2742649,0.1313028,0.952648,moving,16.49223,10.39669,0.8608464,3.426968
05/15/2023 14:23:24.741597,3058,True,True,True,True,Eyes,1.271634,-0.3047386,-3.317099,0.2796279,0.1703689,0.9448718,0,0,0,0,0,0,0,-2.141471,-0.1893091,2.847934,1.278175,-0.3112981,-3.3169,-0.06800987,0.1379006,-0.0220087,0.9878632,352.6287,16.12554,356.4018,0.356325,-0.08477236,-0.930508,0,0,0,1.542655,-0.1413478,-2.45943,0.01253299,0.05433096,0.9115801,0.9609981,-0.06224037,-0.2694602,0.02472596,0.9897805,-0.1404389,0.2754475,0.1282988,0.9527162,moving,16.48573,10.22112,0.7876899,3.410843
05/15/2023 14:23:24.761273,3059,True,True,True,True,Eyes,1.271667,-0.30496,-3.316665,0.2798804,0.1676679,0.9452801,0,0,0,0,0,0,0,-2.1468,-0.1880349,2.843811,1.27839,-0.311239,-3.316657,-0.06724223,0.13878,-0.02304211,0.9877691,352.7358,16.2308,356.2902,0.3563571,-0.08484189,-0.9304894,0,0,0,1.542661,-0.1445274,-2.459426,0.01074429,0.05276774,0.9108114,0.9604183,-0.06418433,-0.2710663,0.02685682,0.9898951,-0.1392352,0.2772639,0.126444,0.9524372,moving,16.49307,10.05816,0.6758521,3.315717
05/15/2023 14:23:24.771194,3060,True,True,True,True,Eyes,1.271695,-0.3051844,-3.316236,0.2801929,0.1649579,0.9456642,0,0,0,0,0,0,0,-2.152442,-0.1876297,2.839311,1.278379,-0.3114715,-3.316418,-0.06646474,0.139747,-0.02442545,0.9876521,352.8503,16.34846,356.1383,0.3563906,-0.08491158,-0.9304702,0,0,0,1.542668,-0.1475136,-2.459421,0.008908629,0.05179142,0.910172,0.9597483,-0.0668242,-0.2727961,0.02967119,0.9899717,-0.1381149,0.2792898,0.1244613,0.9521064,moving,16.50414,9.894888,0.5607848,3.256784
05/15/2023 14:23:24.791259,3061,True,True,True,True,Eyes,1.271741,-0.305419,-3.315826,0.2804265,0.1624092,0.946036,0,0,0,0,0,0,0,-2.157477,-0.1840067,2.835329,1.27826,-0.3117664,-3.316098,-0.06520993,0.1406187,-0.02575301,0.9875783,353.018,16.45144,356.002,0.3564252,-0.08498149,-0.9304505,0,0,0,1.542674,-0.1506163,-2.459416,0.00739342,0.05162118,0.909433,0.9591264,-0.06920569,-0.2743852,0.03252677,0.9901689,-0.1360426,0.2811026,0.1215571,0.9519481,moving,16.51102,9.741205,0.4657874,3.248734
05/15/2023 14:23:24.811314,3062,True,True,True,True,Eyes,1.271778,-0.3056588,-3.315428,0.2806514,0.1598037,0.946413,0,0,0,0,0,0,0,-2.160402,-0.1750585,2.833507,1.278114,-0.3122221,-3.315975,-0.0634873,0.1411059,-0.0264143,0.9876036,353.2264,16.50207,355.9525,0.3564611,-0.08505181,-0.9304304,0,0,0,1.54268,-0.153393,-2.459412,0.00666678,0.05259168,0.9089065,0.9587828,-0.07009058,-0.2753595,0.03425685,0.9905433,-0.132855,0.2820674,0.1179462,0.9521169,moving,16.51731,9.584102,0.4202539,3.31159
05/15/2023 14:23:24.827142,3063,True,True,True,True,Eyes,1.271813,-0.3059068,-3.315045,0.2808692,0.1572634,0.9467739,0,0,0,0,0,0,0,-2.160712,-0.1626069,2.833812,1.277949,-0.3125519,-3.315836,-0.061485,0.1411378,-0.026526,0.9877227,353.4556,16.49442,355.9737,0.3564979,-0.08512264,-0.9304098,0,0,0,1.542687,-0.1563865,-2.459408,0.006937534,0.05360798,0.9083065,0.958753,-0.06975639,-0.2755481,0.03504495,0.9910319,-0.1289479,0.2820719,0.1139726,0.9525993,moving,16.52347,9.430983,0.4376096,3.377661
05/15/2023 14:23:24.841515,3064,True,True,True,True,Eyes,1.271841,-0.3061554,-3.314674,0.2810235,0.1546289,0.9471619,0,0,0,0,0,0,0,-2.158504,-0.1485154,2.836128,1.277786,-0.3129775,-3.315739,-0.05933746,0.1407256,-0.02644697,0.987915,353.6964,16.43329,356.0219,0.3565352,-0.08519413,-0.9303889,0,0,0,1.542693,-0.1593787,-2.459403,0.008035943,0.05494919,0.9077423,0.9589937,-0.06895532,-0.2749113,0.03555412,0.9915593,-0.1246843,0.2811885,0.1097972,0.9533508,moving,16.52566,9.272026,0.5072074,3.464111
05/15/2023 14:23:24.861392,3065,True,True,True,True,Eyes,1.271862,-0.3063996,-3.314316,0.2812122,0.1519695,0.9475363,0,0,0,0,0,0,0,-2.15486,-0.1326129,2.839549,1.277664,-0.3131944,-3.315649,-0.05681972,0.1400495,-0.02645045,0.9881589,353.9795,16.34019,356.0683,0.3565727,-0.0852662,-0.9303679,0,0,0,1.542699,-0.1624129,-2.459399,0.009564444,0.05673803,0.9071015,0.9593731,-0.06818964,-0.2737764,0.03635936,0.9921438,-0.1197026,0.279788,0.1048851,0.9543153,moving,16.52996,9.111721,0.6041022,3.579115
05/15/2023 14:23:24.891681,3066,True,True,True,True,Eyes,1.271907,-0.3066575,-3.313973,0.2811384,0.1493021,0.9479821,0,0,0,0,0,0,0,-2.149698,-0.1185039,2.84393,1.277575,-0.3133194,-3.315541,-0.05448198,0.1391087,-0.02662237,0.9884189,354.2438,16.2187,356.0934,0.35661,-0.08533864,-0.930347,0,0,0,1.542706,-0.165558,-2.459394,0.01152511,0.05805921,0.9064286,0.9598801,-0.06778594,-0.2720944,0.03747028,0.992646,-0.1151088,0.2778961,0.1002952,0.9553609,moving,16.51852,8.95026,0.7284684,3.664943
05/15/2023 14:23:24.912335,3067,True,True,True,True,Eyes,1.27195,-0.3069056,-3.313639,0.2810192,0.1466051,0.9484383,0,0,0,0,0,0,0,-2.140114,-0.09501594,2.851857,1.277412,-0.3138037,-3.315411,-0.05068774,0.1373739,-0.02682045,0.9888579,354.6709,15.99758,356.1434,0.3566477,-0.08541175,-0.9303257,0,0,0,1.542712,-0.168441,-2.459389,0.01492809,0.06266372,0.9056153,0.9608181,-0.06696957,-0.2689677,0.03911687,0.9934228,-0.1076148,0.2744055,0.09287708,0.9571183,moving,16.50439,8.786966,0.9443734,3.958251
05/15/2023 14:23:24.921886,3068,True,True,True,True,Eyes,1.271998,-0.3071449,-3.313318,0.2810378,0.1439915,0.9488331,0,0,0,0,0,0,0,-2.136905,-0.08314097,2.854417,1.277508,-0.3138136,-3.315187,-0.04894722,0.1367759,-0.02653969,0.9890361,354.8616,15.91749,356.2069,0.3566856,-0.08548518,-0.9303045,0,0,0,1.542724,-0.1741883,-2.459381,0.01640341,0.06005838,0.9046348,0.961176,-0.06588701,-0.2679545,0.03910781,0.9937996,-0.1040811,0.2731507,0.08956113,0.9577931,moving,16.49892,8.629159,1.038809,3.798273
05/15/2023 14:23:24.941615,3069,True,True,True,True,Eyes,1.272044,-0.307384,-3.313007,0.2810215,0.1414151,0.9492253,0,0,0,0,0,0,0,-2.133753,-0.07501221,2.856885,1.277527,-0.3138397,-3.315079,-0.04781776,0.1362115,-0.02624056,0.9891772,354.983,15.84466,356.2623,0.3567237,-0.08555862,-0.9302831,0,0,0,1.542731,-0.1773955,-2.459376,0.01769489,0.05887824,0.904101,0.9615157,-0.06493978,-0.2669651,0.03888647,0.9940498,-0.101749,0.2719841,0.08745193,0.9583198,moving,16.49157,8.473575,1.121239,3.726042
05/15/2023 14:23:24.961827,3070,True,True,True,True,Eyes,1.272116,-0.3076299,-3.312715,0.2809055,0.1389771,0.9496197,0,0,0,0,0,0,0,-2.131497,-0.06921571,2.858679,1.27754,-0.3140585,-3.315022,-0.04695147,0.1357995,-0.02619504,0.9892765,355.079,15.79221,356.2835,0.3567618,-0.08563203,-0.9302618,0,0,0,1.542738,-0.180463,-2.459371,0.01862769,0.05761203,0.9036869,0.9617446,-0.06458024,-0.2662267,0.0390763,0.9942188,-0.1000105,0.2711463,0.08578143,0.9587081,moving,16.47866,8.326145,1.18087,3.647796
05/15/2023 14:23:24.971482,3071,True,True,True,True,Eyes,1.272183,-0.3078697,-3.312434,0.2807712,0.1365056,0.9500178,0,0,0,0,0,0,0,-2.130413,-0.06063783,2.859648,1.277521,-0.3144318,-3.314965,-0.04554376,0.1355764,-0.02636991,0.9893683,355.2408,15.76,356.2874,0.3568003,-0.08570555,-0.9302402,0,0,0,1.542744,-0.1835574,-2.459366,0.01918311,0.05748966,0.9032428,0.9618474,-0.06452841,-0.265868,0.03982978,0.9944608,-0.09726936,0.2706719,0.08296882,0.9590896,moving,16.46468,8.17672,1.216668,3.641853
05/15/2023 14:23:24.991764,3072,True,True,True,True,Eyes,1.272215,-0.3081086,-3.312158,0.2808824,0.1340209,0.9503387,0,0,0,0,0,0,0,-2.128979,-0.05162725,2.860822,1.27746,-0.3145009,-3.314921,-0.04392429,0.1352922,-0.02671645,0.989471,355.429,15.72046,356.2753,0.3568391,-0.08577897,-0.9302186,0,0,0,1.542751,-0.186577,-2.459362,0.01986046,0.05756736,0.9027833,0.9619645,-0.06475554,-0.2653885,0.04098509,0.9947137,-0.09415269,0.2700825,0.07969457,0.9595333,moving,16.46559,8.027165,1.260255,3.648613
05/15/2023 14:23:25.011853,3073,True,True,True,True,Eyes,1.272245,-0.3083423,-3.311894,0.2809706,0.1315291,0.9506606,0,0,0,0,0,0,0,-2.127642,-0.04449371,2.861944,1.277439,-0.3147486,-3.314912,-0.0426849,0.1350257,-0.02696894,0.9895549,355.5726,15.68448,356.2676,0.3568771,-0.08585231,-0.9301973,0,0,0,1.542757,-0.1894905,-2.459357,0.02046753,0.05721563,0.902422,0.9620815,-0.06490161,-0.2649283,0.04184737,0.9949014,-0.09176111,0.269533,0.07719511,0.9598921,moving,16.4652,7.87718,1.299284,3.627829
05/15/2023 14:23:25.022272,3074,True,True,True,True,Eyes,1.272261,-0.3085672,-3.311636,0.2811575,0.129068,0.9509426,0,0,0,0,0,0,0,-2.126573,-0.03754991,2.862851,1.277417,-0.3148398,-3.314923,-0.04138649,0.1348009,-0.0273383,0.9896305,355.725,15.65354,356.2473,0.3569143,-0.0859254,-0.9301763,0,0,0,1.542763,-0.1925168,-2.459353,0.02098683,0.05672853,0.9020609,0.9621627,-0.0652675,-0.2645433,0.04295175,0.9950796,-0.08928511,0.2690691,0.07454421,0.9602318,moving,16.47094,7.72932,1.33277,3.59846
05/15/2023 14:23:25.041602,3075,True,True,True,True,Eyes,1.272279,-0.308775,-3.311386,0.2813308,0.1266742,0.9512132,0,0,0,0,0,0,0,-2.125979,-0.03199035,2.863338,1.277527,-0.3148657,-3.31486,-0.04030506,0.1346456,-0.02769677,0.9896864,355.8527,15.63165,356.2244,0.3569503,-0.08599802,-0.9301558,0,0,0,1.54277,-0.195613,-2.459348,0.02129132,0.05571213,0.9016203,0.962207,-0.06567603,-0.2642811,0.04396844,0.9952167,-0.08723721,0.2687463,0.07232023,0.9604921,moving,16.47611,7.585515,1.35276,3.535875
05/15/2023 14:23:25.061987,3076,True,True,True,True,Eyes,1.27228,-0.3089705,-3.31114,0.2815853,0.1244355,0.9514334,0,0,0,0,0,0,0,-2.125719,-0.03206038,2.86346,1.277599,-0.3146678,-3.31479,-0.03999657,0.1345695,-0.02822129,0.9896945,355.8956,15.62342,356.17,0.3569854,-0.08606972,-0.9301357,0,0,0,1.542776,-0.1984665,-2.459344,0.02147895,0.05338076,0.9012767,0.9621893,-0.06662554,-0.2641079,0.04509627,0.9952077,-0.08676422,0.2686229,0.07157331,0.9605826,moving,16.48659,7.451274,1.365197,3.389551
05/15/2023 14:23:25.071441,3077,True,True,True,True,Eyes,1.272283,-0.3091618,-3.310898,0.2818474,0.1223141,0.9516309,0,0,0,0,0,0,0,-2.126933,-0.03507614,2.862458,1.27768,-0.3146062,-3.314709,-0.04013925,0.1347551,-0.02881822,0.9896461,355.8895,15.64803,356.099,0.3570191,-0.08614025,-0.9301162,0,0,0,1.542783,-0.2017257,-2.459339,0.02121006,0.0499824,0.9009622,0.9620211,-0.06785762,-0.2644063,0.04622173,0.9951168,-0.08721412,0.2690333,0.0716805,0.9604598,moving,16.49787,7.324131,1.348583,3.175325
05/15/2023 14:23:25.091496,3078,True,True,True,True,Eyes,1.272277,-0.3093512,-3.310662,0.2822948,0.120272,0.9517585,0,0,0,0,0,0,0,-2.128272,-0.03888702,2.861299,1.277708,-0.3147108,-3.314589,-0.04056658,0.1349861,-0.02917839,0.9895866,355.8475,15.67841,356.0502,0.3570516,-0.08620961,-0.9300973,0,0,0,1.542789,-0.2044948,-2.459334,0.02093133,0.04666656,0.9006998,0.9618548,-0.06870093,-0.2647935,0.04679723,0.9950059,-0.08816566,0.2695282,0.07241094,0.9602662,moving,16.52054,7.202187,1.331255,2.965925
05/15/2023 14:23:25.111762,3079,True,True,True,True,Eyes,1.272275,-0.3095376,-3.310431,0.2827333,0.1183061,0.9518747,0,0,0,0,0,0,0,-2.129355,-0.04002279,2.860394,1.277766,-0.3148733,-3.314479,-0.0407057,0.1351669,-0.02930214,0.9895526,355.8344,15.70056,356.0332,0.3570828,-0.08627785,-0.930079,0,0,0,1.542795,-0.2075052,-2.45933,0.02076159,0.04361566,0.9003973,0.9617426,-0.06899614,-0.2651239,0.04698789,0.9949689,-0.08848222,0.2698949,0.0726395,0.960146,moving,16.54288,7.084817,1.320907,2.773267
05/15/2023 14:23:25.121947,3080,True,True,True,True,Eyes,1.272245,-0.3097266,-3.310196,0.2833208,0.1163034,0.9519469,0,0,0,0,0,0,0,-2.13018,-0.03941172,2.859734,1.277842,-0.3149862,-3.314393,-0.04064365,0.1352993,-0.0292695,0.9895381,355.8415,15.71544,356.0373,0.3571128,-0.08634499,-0.9300612,0,0,0,1.542802,-0.2105565,-2.459325,0.02068236,0.04078852,0.9000884,0.9616748,-0.06892468,-0.2653883,0.04692845,0.9949828,-0.08835717,0.2701468,0.0725166,0.9600844,moving,16.57419,6.96555,1.316319,2.594648
05/15/2023 14:23:25.142231,3081,True,True,True,True,Eyes,1.27222,-0.3099151,-3.309966,0.2838992,0.114312,0.9520158,0,0,0,0,0,0,0,-2.131331,-0.03655669,2.858823,1.277995,-0.3152746,-3.314228,-0.04028742,0.1354715,-0.02917058,0.9895319,355.881,15.73316,356.0536,0.3571411,-0.08641125,-0.9300442,0,0,0,1.542808,-0.2134973,-2.459321,0.02045885,0.03875119,0.8996835,0.9615931,-0.06864604,-0.2657564,0.04681484,0.995052,-0.08763494,0.2704572,0.07182782,0.9600487,moving,16.60503,6.846935,1.302684,2.466321
05/15/2023 14:23:25.161735,3082,True,True,True,True,Eyes,1.272201,-0.3101041,-3.309743,0.2843925,0.1122685,0.9521117,0,0,0,0,0,0,0,-2.132763,-0.03108722,2.857759,1.278115,-0.3154343,-3.314114,-0.0394262,0.1356809,-0.02918969,0.9895373,355.9799,15.75309,356.0643,0.3571679,-0.08647668,-0.9300278,0,0,0,1.542815,-0.2165344,-2.459316,0.02016558,0.03741479,0.8992885,0.9614773,-0.06846736,-0.266221,0.04706982,0.995187,-0.08594837,0.2708244,0.07010643,0.9600725,moving,16.6307,6.724996,1.284581,2.38241
05/15/2023 14:23:25.171820,3083,True,True,True,True,Eyes,1.272187,-0.3102914,-3.309523,0.2848849,0.1101934,0.9522069,0,0,0,0,0,0,0,-2.134378,-0.02471375,2.856592,1.278262,-0.3156227,-3.31402,-0.03822793,0.1358964,-0.02956304,0.9895438,356.1226,15.77339,356.0402,0.3571935,-0.08654135,-0.930012,0,0,0,1.542821,-0.2196443,-2.459311,0.01976924,0.03672825,0.8988832,0.9613163,-0.06889792,-0.2666906,0.04811776,0.9953293,-0.08369145,0.2712112,0.0676214,0.9601415,moving,16.65633,6.601146,1.259909,2.339796
05/15/2023 14:23:25.191853,3084,True,True,True,True,Eyes,1.272174,-0.3104838,-3.309305,0.2854433,0.1079779,0.9522935,0,0,0,0,0,0,0,-2.136254,-0.01753235,2.855161,1.278382,-0.3157505,-3.313891,-0.03686578,0.1361578,-0.02998039,0.989547,356.2848,15.7983,356.0136,0.357218,-0.0866053,-0.9299966,0,0,0,1.542827,-0.2225801,-2.459307,0.0193067,0.0364573,0.8984568,0.9611245,-0.06937313,-0.2672586,0.04929488,0.9954842,-0.08112496,0.2716796,0.06479672,0.9602039,moving,16.68573,6.468979,1.231025,2.323656
05/15/2023 14:23:25.212149,3085,True,True,True,True,Eyes,1.27216,-0.3106789,-3.309093,0.2860011,0.1057131,0.9523803,0,0,0,0,0,0,0,-2.138213,-0.008903891,2.853649,1.278515,-0.3160447,-3.313738,-0.03537007,0.1364309,-0.03026688,0.9895552,356.4601,15.8234,356.0041,0.3572417,-0.08666873,-0.9299815,0,0,0,1.542834,-0.2256308,-2.459302,0.01882784,0.03643604,0.8980075,0.9609411,-0.06955265,-0.2678708,0.05025037,0.9956657,-0.07825994,0.2721529,0.06174259,0.9602712,moving,16.71508,6.333838,1.201101,2.323463
05/15/2023 14:23:25.221902,3086,True,True,True,True,Eyes,1.27215,-0.3108793,-3.308883,0.2865408,0.1033835,0.9524738,0,0,0,0,0,0,0,-2.140285,0.0008942485,2.852019,1.278497,-0.316282,-3.313645,-0.0336767,0.1367415,-0.03055379,0.9895626,356.6581,15.85186,355.9976,0.3572645,-0.08673175,-0.9299669,0,0,0,1.54284,-0.2286412,-2.459298,0.01840524,0.03674714,0.8976521,0.9607364,-0.06967979,-0.2685708,0.05125977,0.9958647,-0.07500634,0.2726866,0.05829445,0.9603353,moving,16.74331,6.194751,1.174614,2.344206
05/15/2023 14:23:25.241921,3087,True,True,True,True,Eyes,1.272127,-0.311083,-3.308674,0.2870981,0.1007527,0.9525879,0,0,0,0,0,0,0,-2.141204,0.0123551,2.851228,1.27856,-0.3165805,-3.313529,-0.03174661,0.1368333,-0.03080713,0.9896059,356.8814,15.85374,355.9995,0.3572865,-0.08679455,-0.9299526,0,0,0,1.542847,-0.2315902,-2.459293,0.0182928,0.03759978,0.8972404,0.9606552,-0.06966183,-0.2688659,0.05228586,0.9960862,-0.07126413,0.272778,0.05440238,0.9605376,moving,16.77215,6.037576,1.167976,2.399634
05/15/2023 14:23:25.262097,3088,True,True,True,True,Eyes,1.272104,-0.3112889,-3.308467,0.2878236,0.09777719,0.952679,0,0,0,0,0,0,0,-2.142378,0.02524665,2.850126,1.278627,-0.316827,-3.313362,-0.02953823,0.1369611,-0.03113206,0.9896464,357.1376,15.85872,355.9976,0.3573076,-0.08685724,-0.9299387,0,0,0,1.542853,-0.2345899,-2.459289,0.01811129,0.03886108,0.8967624,0.9605449,-0.06971063,-0.269247,0.05352828,0.9963166,-0.06699256,0.2729253,0.04993704,0.9607383,moving,16.81063,5.859973,1.157006,2.481353
05/15/2023 14:23:25.271799,3089,True,True,True,True,Eyes,1.27208,-0.3114881,-3.308259,0.2885414,0.09477218,0.9527655,0,0,0,0,0,0,0,-2.143737,0.03865531,2.848925,1.278813,-0.3170333,-3.313247,-0.02726173,0.137099,-0.03141361,0.9896838,357.4009,15.8645,356.0018,0.3573277,-0.0869199,-0.9299251,0,0,0,1.54286,-0.2376097,-2.459284,0.01779009,0.04015679,0.8962993,0.9604341,-0.06965418,-0.2696564,0.05470397,0.99654,-0.06257451,0.273082,0.04534743,0.9609213,moving,16.84874,5.680561,1.137079,2.5653
05/15/2023 14:23:25.292160,3090,True,True,True,True,Eyes,1.272022,-0.3117002,-3.308046,0.2893397,0.09153575,0.9528399,0,0,0,0,0,0,0,-2.145817,0.04912582,2.846884,1.278754,-0.3170441,-3.312999,-0.02543538,0.1374239,-0.03167525,0.9896791,357.6135,15.89409,356.0005,0.357347,-0.08698235,-0.9299119,0,0,0,1.542866,-0.2405929,-2.45928,0.01743282,0.04049796,0.8958197,0.9602227,-0.06968749,-0.2703998,0.05570578,0.9966995,-0.0590516,0.2736225,0.04163986,0.9609354,moving,16.89146,5.487352,1.114846,2.588449
05/15/2023 14:23:25.311689,3091,True,True,True,True,Eyes,1.27197,-0.3119151,-3.30783,0.2901054,0.08825054,0.952917,0,0,0,0,0,0,0,-2.146818,0.06158447,2.845752,1.278745,-0.3175461,-3.312838,-0.02351171,0.1375522,-0.03168191,0.9897086,357.8323,15.89998,356.0303,0.3573647,-0.087045,-0.9298992,0,0,0,1.542872,-0.2435666,-2.459275,0.01735333,0.04144068,0.8954265,0.9601513,-0.06917989,-0.2707833,0.05624354,0.996887,-0.05525531,0.2737629,0.03782365,0.9610531,moving,16.93231,5.291123,1.110251,2.64978
05/15/2023 14:23:25.322868,3092,True,True,True,True,Eyes,1.271914,-0.3121331,-3.307614,0.2909198,0.08477403,0.9529842,0,0,0,0,0,0,0,-2.147434,0.07623547,2.844675,1.278811,-0.3177887,-3.312569,-0.0212393,0.1376053,-0.03160981,0.9897549,358.0892,15.89564,356.0747,0.3573813,-0.08710793,-0.9298869,0,0,0,1.542879,-0.246749,-2.45927,0.01739462,0.04251459,0.8948678,0.9601312,-0.06841719,-0.2710482,0.05672663,0.9970994,-0.05074274,0.2737337,0.03334404,0.9612274,moving,16.97599,5.083445,1.113586,2.72004
05/15/2023 14:23:25.341866,3093,True,True,True,True,Eyes,1.271854,-0.3123476,-3.3074,0.2916835,0.08128312,0.953055,0.8899105,1.531426,-0.2400129,-2.459266,-0.7637796,0.6454772,-4.767217E-05,0.006001592,0.05278616,0.8915423,1.278803,-0.3180222,-3.312359,-0.01899419,0.1375506,-0.03159736,0.9898085,358.3434,15.87933,356.1121,0.3573966,-0.08717118,-0.9298751,0,0,0,1.542885,-0.2496974,-2.459266,0.01766054,0.04378486,0.8943971,0.9601629,-0.06777601,-0.2710972,0.05732536,0.9972817,-0.04629369,0.2734979,0.02890874,0.9614381,moving,17.01678,4.874784,1.131201,2.802655
05/15/2023 14:23:25.361967,3094,True,True,True,True,Eyes,1.271772,-0.3125634,-3.30718,0.2924955,0.07771397,0.9531038,0.8837239,1.530257,-0.2438857,-2.464899,-0.8419065,0.387462,-0.3755883,0.007085368,0.0526529,0.885366,1.278663,-0.3181157,-3.312181,-0.01704104,0.1373767,-0.03157443,0.9898688,358.5639,15.85071,356.1461,0.3574107,-0.08723464,-0.9298638,0,0,0,1.542892,-0.2526338,-2.459261,0.018278,0.04441879,0.8940184,0.9602613,-0.06719118,-0.2708938,0.05782701,0.9974253,-0.04241197,0.273046,0.0250616,0.9616745,moving,17.06059,4.661458,1.171236,2.844369
05/15/2023 14:23:25.372115,3095,True,True,True,True,Eyes,1.271684,-0.312773,-3.306959,0.2932422,0.07417569,0.9531563,0.8852179,1.531268,-0.2471114,-2.463208,-0.7753167,0.5740086,-0.2634348,0.008269519,0.05237432,0.8867834,1.278586,-0.3183332,-3.311898,-0.01547488,0.1371771,-0.03141787,0.9899273,358.7383,15.82078,356.1891,0.3574232,-0.08729835,-0.929853,0,0,0,1.542898,-0.255722,-2.459256,0.01894201,0.04430366,0.8935648,0.9603907,-0.06644842,-0.2706183,0.05795722,0.9975469,-0.03925764,0.2725631,0.02201839,0.961886,moving,17.10072,4.449853,1.214389,2.838446
05/15/2023 14:23:25.392080,3096,True,True,True,True,Eyes,1.271574,-0.3129793,-3.306733,0.2940007,0.0706686,0.9531891,0.8837723,1.531404,-0.2505243,-2.464331,-0.766789,0.5453137,-0.3386261,0.009878397,0.05160993,0.8853469,1.278365,-0.3183585,-3.311662,-0.01396433,0.1368042,-0.03093508,0.9900166,358.9007,15.77086,356.2682,0.3574343,-0.08736212,-0.9298427,0,0,0,1.542904,-0.2587031,-2.459252,0.02008714,0.04392712,0.8932017,0.9606553,-0.06507325,-0.2700129,0.05743173,0.997696,-0.03611394,0.2717409,0.01918574,0.9621792,moving,17.1418,4.240101,1.288303,2.815503
05/15/2023 14:23:25.412652,3097,True,True,True,True,Eyes,1.271459,-0.3131746,-3.30651,0.2946971,0.0672682,0.9532201,0.8826,1.531559,-0.2538036,-2.465198,-0.7566606,0.5197463,-0.3966465,0.01135406,0.04993127,0.8841718,1.278244,-0.3184535,-3.311386,-0.01305301,0.1364433,-0.03027758,0.990099,358.9924,15.7248,356.3577,0.3574435,-0.08742588,-0.9298332,0,0,0,1.542911,-0.2616008,-2.459248,0.0211542,0.04258821,0.8928373,0.960933,-0.06351761,-0.2693943,0.05639363,0.9978257,-0.03410989,0.2709752,0.0175852,0.9624257,moving,17.1795,4.036639,1.357268,2.73093
05/15/2023 14:23:25.431478,3098,True,True,True,True,Eyes,1.271329,-0.3133621,-3.306285,0.2954227,0.06395277,0.9532237,0.8818722,1.531854,-0.2569639,-2.465664,-0.7376133,0.5221571,-0.4281106,0.01297875,0.04753723,0.8836135,1.278022,-0.3183568,-3.311241,-0.01247372,0.1360661,-0.02942104,0.9901842,359.0433,15.67812,356.4645,0.3574508,-0.08748933,-0.9298244,0,0,0,1.542917,-0.2647956,-2.459243,0.02237038,0.0401186,0.8926533,0.9612408,-0.06165899,-0.2687271,0.05486999,0.9979576,-0.03270897,0.2701951,0.01669615,0.9626608,moving,17.21923,3.838281,1.435563,2.573318
05/15/2023 14:23:25.442039,3099,True,True,True,True,Eyes,1.271193,-0.3135414,-3.306062,0.2961023,0.06082269,0.9532177,0.8811215,1.532095,-0.2599492,-2.466161,-0.7217965,0.5158147,-0.4614596,0.01429103,0.04441143,0.8829598,1.277885,-0.3183231,-3.311007,-0.0123979,0.135821,-0.02828609,0.990252,359.0334,15.64842,356.5948,0.3574562,-0.0875523,-0.9298164,0,0,0,1.542924,-0.2676876,-2.459238,0.02330501,0.03703476,0.8924151,0.9615051,-0.05938849,-0.2682926,0.05265292,0.9980924,-0.03223777,0.2696953,0.0168704,0.9627979,moving,17.2566,3.650966,1.495913,2.376381
05/15/2023 14:23:25.461607,3100,True,True,True,True,Eyes,1.27103,-0.3137192,-3.305838,0.2969007,0.05776997,0.9531592,0.878728,1.531925,-0.2629551,-2.468271,-0.7333116,0.3155436,-0.6022345,0.01571321,0.04033937,0.8807685,1.277613,-0.318285,-3.310821,-0.01284783,0.1356118,-0.02701823,0.9903102,358.9618,15.62464,356.732,0.3574596,-0.08761462,-0.9298092,0,0,0,1.54293,-0.2707751,-2.459234,0.02432168,0.03278771,0.8922917,0.9617589,-0.0569975,-0.2679012,0.05002823,0.9982098,-0.03277466,0.2692897,0.01811869,0.9628887,moving,17.30135,3.468393,1.561355,2.104416
05/15/2023 14:23:25.471879,3101,True,True,True,True,Eyes,1.270861,-0.3138866,-3.305618,0.2976438,0.05489272,0.9530975,0.8801017,1.532818,-0.2655754,-2.466795,-0.6745889,0.5389999,-0.5043899,0.01734471,0.03694495,0.8823205,1.277368,-0.3184035,-3.31066,-0.01317551,0.1352745,-0.02570787,0.9903871,358.9031,15.58542,356.8761,0.3574606,-0.08767632,-0.929803,0,0,0,1.542936,-0.27366,-2.459229,0.0254977,0.02910292,0.8921697,0.9620798,-0.05448609,-0.2672707,0.04735685,0.998331,-0.03305294,0.2686255,0.01914247,0.9630545,moving,17.34311,3.296253,1.637035,1.868348
05/15/2023 14:23:25.492090,3102,True,True,True,True,Eyes,1.270675,-0.3140503,-3.305397,0.2982636,0.0521674,0.9530569,0.8799539,1.533134,-0.2681454,-2.46675,-0.653827,0.566461,-0.5016297,0.01881422,0.03319572,0.8823663,1.277037,-0.3182981,-3.310507,-0.01361806,0.1349747,-0.02441289,0.9904547,358.8319,15.55084,357.0166,0.3574593,-0.08773718,-0.9297978,0,0,0,1.542943,-0.2766438,-2.459225,0.02668905,0.02489639,0.8920708,0.9623716,-0.05203591,-0.2667077,0.04468353,0.9984371,-0.03356639,0.2680376,0.0203859,0.9631928,moving,17.37775,3.133068,1.713669,1.598626
05/15/2023 14:23:25.511788,3103,True,True,True,True,Eyes,1.270486,-0.3142076,-3.305177,0.2988238,0.049592,0.9530188,0.8800862,1.533477,-0.2705624,-2.466438,-0.631394,0.6081572,-0.4811302,0.02028443,0.02936941,0.8826125,1.276865,-0.3183484,-3.310325,-0.01426432,0.1345565,-0.02305927,0.9905348,358.7364,15.50299,357.1608,0.3574554,-0.0877972,-0.9297936,0,0,0,1.542949,-0.2796859,-2.45922,0.02793583,0.0204069,0.8918961,0.9627256,-0.04952073,-0.2659079,0.0418433,0.9985296,-0.03446415,0.2672236,0.02205306,0.9633821,moving,17.40908,2.978799,1.794023,1.310719
05/15/2023 14:23:25.521935,3104,True,True,True,True,Eyes,1.270317,-0.3143653,-3.304967,0.2991431,0.04704956,0.9530476,0.8805225,1.53372,-0.2729371,-2.465787,-0.6156319,0.655056,-0.4380628,0.02167158,0.02614686,0.8831267,1.276605,-0.318328,-3.31012,-0.01457669,0.1341068,-0.02194234,0.9906167,358.6824,15.45058,357.2834,0.3574493,-0.08785629,-0.9297904,0,0,0,1.542956,-0.2827645,-2.459215,0.02929008,0.01646998,0.8916934,0.9630678,-0.04738256,-0.2650572,0.03956322,0.9986122,-0.03476506,0.2663366,0.0229946,0.9636058,moving,17.42606,2.826254,1.881358,1.058159
05/15/2023 14:23:25.541570,3105,True,True,True,True,Eyes,1.270146,-0.314521,-3.304762,0.2994211,0.04460276,0.953078,0.8813068,1.534028,-0.2752123,-2.464808,-0.5955943,0.7113703,-0.3731216,0.02287334,0.02357345,0.8840123,1.276492,-0.3184408,-3.310008,-0.01466691,0.1336315,-0.02100466,0.9907,358.6565,15.39468,357.3892,0.3574414,-0.08791451,-0.929788,0,0,0,1.542962,-0.2858834,-2.459211,0.0304881,0.01305908,0.8915281,0.9634029,-0.04553855,-0.2641613,0.03769871,0.9986874,-0.03467478,0.2653936,0.02344724,0.963855,moving,17.44075,2.67941,1.958614,0.839207
05/15/2023 14:23:25.561663,3106,True,True,True,True,Eyes,1.270008,-0.3146809,-3.304564,0.2993477,0.04217212,0.9532117,0.8787927,1.533073,-0.2776203,-2.466888,-0.659261,0.5508338,-0.5118173,0.02356073,0.02148082,0.8816235,1.276265,-0.3185253,-3.309891,-0.01443566,0.1332674,-0.02015639,0.99077,358.6688,15.35079,357.4896,0.3574319,-0.08797187,-0.9297862,0,0,0,1.542968,-0.2887019,-2.459206,0.0315578,0.01050902,0.8913909,0.963667,-0.0437883,-0.2634927,0.03609309,0.9987707,-0.03397721,0.2646566,0.02323245,0.9640628,moving,17.43444,2.533236,2.027589,0.6754551
05/15/2023 14:23:25.571706,3107,True,True,True,True,Eyes,1.269867,-0.3148341,-3.304376,0.2992671,0.03977983,0.9533398,0.8841778,1.534473,-0.2796616,-2.461454,-0.5668057,0.8100556,-0.1501373,0.02404794,0.01992693,0.8869644,1.276253,-0.3187324,-3.309674,-0.01410211,0.1330528,-0.01949096,0.9908171,358.6959,15.32418,357.5706,0.3574216,-0.08802854,-0.9297848,0,0,0,1.542975,-0.2918127,-2.459202,0.03216501,0.008011758,0.8911057,0.9638342,-0.04237659,-0.2631122,0.03487129,0.9988424,-0.03313188,0.2642117,0.02275857,0.9641962,moving,17.42783,2.389384,2.067229,0.5151213
05/15/2023 14:23:25.591875,3108,True,True,True,True,Eyes,1.269726,-0.3149899,-3.30419,0.2993916,0.0371688,0.953406,0.8857315,1.534907,-0.2820683,-2.459728,-0.5382133,0.8420652,-0.03539298,0.02450059,0.01877813,0.888747,1.276043,-0.318707,-3.309711,-0.01331768,0.1329422,-0.01926395,0.9908471,358.7813,15.30895,357.6086,0.3574106,-0.08808439,-0.9297838,0,0,0,1.542981,-0.2947008,-2.459197,0.03267056,0.006422395,0.8911216,0.9639105,-0.04171623,-0.2629378,0.0346343,0.9989031,-0.03151355,0.263964,0.02126958,0.964298,moving,17.4335,2.232561,2.099654,0.4129288
05/15/2023 14:23:25.611784,3109,True,True,True,True,Eyes,1.269585,-0.315146,-3.304012,0.2995129,0.03457256,0.9534656,0,0,0,0,0,0,0,-2.113488,0.1763163,2.860973,1.275979,-0.3188915,-3.309573,-0.01235911,0.1329471,-0.0191799,0.9908605,358.8888,15.30682,357.6328,0.3573987,-0.08813956,-0.929783,0,0,0,1.542987,-0.2976676,-2.459193,0.03285508,0.005308507,0.8909449,0.9639144,-0.04129543,-0.26299,0.034723,0.9989587,-0.02959213,0.2639382,0.01939248,0.9643447,moving,17.43911,2.076629,2.11192,0.3413808
05/15/2023 14:23:25.622004,3110,True,True,True,True,Eyes,1.269432,-0.3153074,-3.303833,0.2999221,0.03170586,0.9534367,0,0,0,0,0,0,0,-2.113703,0.1836579,2.860293,1.275829,-0.3190369,-3.309566,-0.01122025,0.1330006,-0.0191517,0.9908674,359.0178,15.30994,357.6534,0.3573862,-0.08819411,-0.9297827,0,0,0,1.542994,-0.3008388,-2.459188,0.03300169,0.004281888,0.8909229,0.9638881,-0.04093818,-0.2631421,0.03496898,0.9990146,-0.02732992,0.2640016,0.01714118,0.96437,moving,17.46199,1.904629,2.121388,0.2753686
05/15/2023 14:23:25.641551,3111,True,True,True,True,Eyes,1.26928,-0.3154697,-3.303658,0.3003411,0.02882972,0.953396,0,0,0,0,0,0,0,-2.11506,0.1924316,2.858617,1.275835,-0.3192905,-3.309456,-0.009845246,0.1332251,-0.01916076,0.9908516,359.1746,15.33233,357.6732,0.3573727,-0.08824825,-0.9297828,0,0,0,1.543,-0.3037995,-2.459183,0.03269441,0.003990239,0.8907836,0.9637679,-0.04059421,-0.2636353,0.03534768,0.9990719,-0.02461575,0.2643899,0.01440497,0.9643083,moving,17.4856,1.732038,2.101982,0.256653
05/15/2023 14:23:25.661883,3112,True,True,True,True,Eyes,1.269122,-0.3156373,-3.303481,0.3010097,0.02575339,0.9532733,0.8801558,1.534057,-0.2929703,-2.464452,-0.5962029,0.7219211,-0.3512433,0.0244792,0.01750798,0.8834093,1.275682,-0.3194475,-3.309354,-0.008275481,0.1336019,-0.01914661,0.9908155,359.3535,15.37191,357.6986,0.3573582,-0.08830207,-0.9297833,0,0,0,1.543007,-0.3067471,-2.459179,0.03226142,0.003949501,0.8907106,0.9635679,-0.04015277,-0.2644328,0.03573029,0.9991299,-0.021515,0.2650666,0.0112829,0.9641641,moving,17.52426,1.547512,2.074339,0.2540536
05/15/2023 14:23:25.672171,3113,True,True,True,True,Eyes,1.268967,-0.3158052,-3.303309,0.3016841,0.0226635,0.9531385,0,0,0,0,0,0,0,-2.119582,0.2123648,2.853584,1.275798,-0.3197026,-3.309199,-0.006691589,0.1339972,-0.01917568,0.9907736,359.5347,15.41373,357.7195,0.3573429,-0.08835573,-0.9297841,0,0,0,1.543013,-0.30992,-2.459174,0.03155178,0.00380961,0.8905238,0.9633541,-0.03979083,-0.2652652,0.03620422,0.999175,-0.01839868,0.2657785,0.008120722,0.964,moving,17.56344,1.362109,2.029174,0.2451066
05/15/2023 14:23:25.691429,3114,True,True,True,True,Eyes,1.268842,-0.3159815,-3.303149,0.3022087,0.01940393,0.9530443,0,0,0,0,0,0,0,-2.122413,0.2223587,2.85065,1.275721,-0.3198542,-3.309156,-0.005000327,0.1344738,-0.0193604,0.9907154,359.7307,15.46485,357.7244,0.3573267,-0.08840925,-0.9297853,0,0,0,1.543019,-0.3127212,-2.45917,0.03083245,0.004174426,0.8905098,0.9630839,-0.03970613,-0.266257,0.03701648,0.9992003,-0.01511474,0.2666442,0.004700866,0.9637836,moving,17.59373,1.166378,1.982981,0.2685824
05/15/2023 14:23:25.711739,3115,True,True,True,True,Eyes,1.268717,-0.3161547,-3.302988,0.3027458,0.01613257,0.9529349,0,0,0,0,0,0,0,-2.125724,0.2319872,2.847379,1.275701,-0.3201663,-3.309104,-0.003352618,0.1350187,-0.01961346,0.9906433,359.9229,15.52402,357.721,0.3573104,-0.08846282,-0.9297864,0,0,0,1.543026,-0.3158476,-2.459165,0.02994485,0.004314083,0.8904843,0.9627705,-0.03976521,-0.2673792,0.03795455,0.9992082,-0.01193886,0.2676422,0.00134613,0.9635175,moving,17.62496,0.969888,1.925994,0.2775757
05/15/2023 14:23:25.731401,3116,True,True,True,True,Eyes,1.26861,-0.3163361,-3.302832,0.3031518,0.01259547,0.952859,0.8842285,1.536666,-0.3051988,-2.460287,-0.4244447,0.9023324,-0.07511986,0.02294916,0.01793236,0.887575,1.275552,-0.3202384,-3.308952,-0.001574276,0.1355063,-0.0197098,0.9905792,0.1273523,15.57634,357.7377,0.3572941,-0.08851637,-0.9297876,0,0,0,1.543032,-0.3187334,-2.459161,0.02930857,0.004644683,0.8904001,0.9624991,-0.03947489,-0.2683974,0.03862159,0.9992181,-0.008460493,0.2685215,-0.002222714,0.9632711,moving,17.64845,0.7573264,1.885278,0.2988749
05/15/2023 14:23:25.751802,3117,True,True,True,True,Eyes,1.268502,-0.3165127,-3.302682,0.3035452,0.009072235,0.9527739,0.8826842,1.536437,-0.3085048,-2.461684,-0.440069,0.8820153,-0.1684884,0.02283429,0.01747923,0.885998,1.275521,-0.3205382,-3.308795,-8.785523E-05,0.1357413,-0.01954763,0.9905515,0.2940886,15.60028,357.7792,0.357278,-0.08857008,-0.9297887,0,0,0,1.543039,-0.321737,-2.459156,0.02902091,0.00449872,0.890276,0.9623844,-0.03874973,-0.2689141,0.03870203,0.9992357,-0.005480894,0.268921,-0.005132793,0.9631485,moving,17.67141,0.5455493,1.867047,0.2895232
05/15/2023 14:23:25.761609,3118,True,True,True,True,Eyes,1.268386,-0.3166861,-3.302529,0.3040539,0.005322009,0.9526399,0.8813726,1.536371,-0.3119954,-2.462898,-0.44499,0.8599841,-0.2498226,0.02314542,0.0168578,0.8848071,1.275372,-0.3205743,-3.308776,0.00152094,0.1358444,-0.01959642,0.9905353,0.4776928,15.60876,357.7987,0.3572621,-0.0886238,-0.9297897,0,0,0,1.543045,-0.3248948,-2.459151,0.02905525,0.004221564,0.8903195,0.9623246,-0.03840866,-0.2691769,0.03923511,0.9992273,-0.002311036,0.2690576,-0.008337216,0.963088,moving,17.70152,0.3200847,1.869164,0.2716733
05/15/2023 14:23:25.771636,3119,True,True,True,True,Eyes,1.268274,-0.3168626,-3.302375,0.304527,0.001625839,0.9525024,0.8763027,1.535131,-0.3154379,-2.467695,-0.5275275,0.6303777,-0.5695075,0.02381818,0.01548049,0.8796488,1.275281,-0.3206156,-3.308552,0.002692097,0.1356564,-0.0196486,0.9905576,0.6110291,15.58457,357.8109,0.3572462,-0.08867745,-0.9297906,0,0,0,1.543051,-0.3277626,-2.459147,0.02961285,0.003479508,0.8901416,0.9624225,-0.03819573,-0.2688567,0.03965653,0.9992134,2.437591E-06,0.2686451,-0.01066427,0.9631802,moving,17.72973,0.09779883,1.905389,0.2239645
05/15/2023 14:23:25.791503,3120,True,True,True,True,Eyes,1.268191,-0.3170469,-3.302225,0.3048632,-0.002158263,0.9523937,0.8799787,1.536464,-0.3189461,-2.464139,-0.4396882,0.8340648,-0.3331817,0.02453014,0.01438746,0.883275,1.275256,-0.3208502,-3.308384,0.003883305,0.1355257,-0.01979816,0.9905685,0.7482856,15.56694,357.8123,0.3572305,-0.08873112,-0.9297916,0,0,0,1.543059,-0.3314565,-2.459141,0.03001265,0.002164486,0.8900217,0.9624816,-0.03817028,-0.2686487,0.04027543,0.9991859,0.00232704,0.2683412,-0.01305968,0.9632354,moving,17.74998,-0.1298404,1.931354,0.13934
05/15/2023 14:23:25.811428,3121,True,True,True,True,Eyes,1.268102,-0.3172319,-3.302075,0.3051682,-0.005923411,0.95228,0.8777465,1.535962,-0.3224311,-2.466214,-0.4734732,0.7437952,-0.4717962,0.02511789,0.01360799,0.8808907,1.275208,-0.3211479,-3.308111,0.005238618,0.1353451,-0.02002984,0.9905823,0.9053364,15.54317,357.8068,0.3572155,-0.08878501,-0.9297922,0,0,0,1.543064,-0.3335873,-2.459138,0.03048147,0.002788316,0.8897865,0.962561,-0.03826436,-0.2683507,0.04110045,0.9991427,0.004956684,0.267931,-0.01580044,0.9633085,moving,17.76861,-0.356389,1.962018,0.1795467
05/15/2023 14:23:25.821805,3122,True,True,True,True,Eyes,1.267998,-0.3174251,-3.301919,0.3055319,-0.009773225,0.9521316,0.8770224,1.535956,-0.3259965,-2.466878,-0.4742146,0.7131853,-0.5162242,0.02596064,0.01316163,0.8801833,1.274961,-0.3213197,-3.307966,0.006947314,0.1351653,-0.01990726,0.9905987,1.097026,15.51922,357.847,0.3572011,-0.08883911,-0.9297925,0,0,0,1.543071,-0.3366962,-2.459133,0.03113523,0.002830241,0.8897524,0.9626681,-0.03756215,-0.2680659,0.04131829,0.9991109,0.008382456,0.2675127,-0.01914554,0.9633641,moving,17.79104,-0.588096,2.004142,0.1822533
05/15/2023 14:23:25.846338,3123,True,True,True,True,Eyes,1.267891,-0.3176243,-3.30176,0.3058474,-0.0136021,0.9519833,0.8763026,1.535906,-0.3295439,-2.467535,-0.4780615,0.6763107,-0.5604114,0.0269745,0.01260939,0.8793062,1.274941,-0.3216482,-3.307714,0.008567976,0.1347566,-0.01938199,0.9906521,1.27204,15.46962,357.9311,0.3571869,-0.08889364,-0.9297928,0,0,0,1.543077,-0.3396885,-2.459129,0.03199856,0.002864563,0.8895434,0.96293,-0.03609244,-0.267326,0.04071081,0.9991019,0.01175206,0.2666617,-0.02219947,0.9635345,moving,17.81086,-0.8185965,2.060149,0.1845068
05/15/2023 14:23:25.861626,3124,True,True,True,True,Eyes,1.267753,-0.3178361,-3.301591,0.306233,-0.01751276,0.9517955,0.8735689,1.535269,-0.3331347,-2.470132,-0.5205622,0.4369259,-0.7335603,0.02806915,0.01223872,0.8764676,1.274785,-0.3219507,-3.307483,0.01035406,0.134339,-0.01892192,0.9907007,1.466901,15.41894,358.0102,0.3571727,-0.08894876,-0.929793,0,0,0,1.543083,-0.3427115,-2.459124,0.03299418,0.003155421,0.889398,0.96319,-0.03471,-0.2665714,0.04027382,0.9990695,0.01543165,0.2657878,-0.02559946,0.9636917,moving,17.83519,-1.054107,2.124539,0.2032741
05/15/2023 14:23:25.871473,3125,True,True,True,True,Eyes,1.267615,-0.3180512,-3.301421,0.3065638,-0.02144274,0.9516085,0.8750203,1.535865,-0.336814,-2.468744,-0.4815648,0.5970992,-0.6415355,0.02909745,0.01245092,0.8777229,1.274796,-0.3224052,-3.307216,0.01239579,0.1339361,-0.01839469,0.9907417,1.689868,15.37,358.1007,0.357158,-0.0890048,-0.9297933,0,0,0,1.54309,-0.3457723,-2.459119,0.03379615,0.003977728,0.8891779,0.9634455,-0.0331283,-0.2658481,0.03976926,0.9990159,0.01963462,0.264936,-0.02948947,0.9638149,moving,17.85652,-1.290836,2.176668,0.2563104
05/15/2023 14:23:25.901910,3126,True,True,True,True,Eyes,1.267419,-0.3182627,-3.301236,0.3069143,-0.02538821,0.9513985,0.8744693,1.535807,-0.3404639,-2.469267,-0.4859225,0.5530557,-0.6767633,0.03026153,0.0129579,0.8770675,1.274686,-0.3226484,-3.30702,0.01474417,0.1334358,-0.01786778,0.9907867,1.947576,15.30983,358.1955,0.3571427,-0.08906177,-0.9297937,0,0,0,1.543096,-0.3487607,-2.459115,0.03485805,0.005205046,0.8890598,0.9637513,-0.03147152,-0.2649398,0.03934113,0.9989267,0.02444825,0.263886,-0.03398506,0.963955,moving,17.87933,-1.528583,2.24529,0.3354373
05/15/2023 14:23:25.911447,3127,True,True,True,True,Eyes,1.267236,-0.3184771,-3.301046,0.3072164,-0.02931951,0.9511879,0.8740083,1.535745,-0.3441026,-2.4697,-0.490414,0.5111337,-0.7058586,0.03150679,0.01308907,0.8764393,1.274651,-0.3227296,-3.306767,0.0169377,0.132844,-0.01750975,0.9908376,2.190215,15.23938,358.2682,0.3571257,-0.08911957,-0.9297947,0,0,0,1.543103,-0.3517706,-2.45911,0.03603749,0.006024661,0.8888744,0.9640918,-0.0301985,-0.2638468,0.03919879,0.998813,0.0289129,0.2626605,-0.03821716,0.9641312,moving,17.89952,-1.765532,2.321662,0.3883365
05/15/2023 14:23:25.921505,3128,True,True,True,True,Eyes,1.267048,-0.3186955,-3.300848,0.3075026,-0.03324469,0.9509662,0.8739691,1.535796,-0.3477503,-2.469733,-0.487534,0.5103756,-0.7083978,0.03229728,0.01287207,0.8761292,1.274769,-0.3229758,-3.30643,0.01881351,0.132439,-0.01731313,0.9908614,2.399619,15.19089,358.318,0.3571075,-0.08917818,-0.929796,0,0,0,1.54311,-0.3554076,-2.459105,0.03677891,0.005859777,0.8886127,0.9643203,-0.02932654,-0.2631088,0.03929311,0.9986926,0.03269729,0.2618059,-0.04186902,0.9642119,moving,17.91903,-2.002179,2.37007,0.37782
05/15/2023 14:23:25.941785,3129,True,True,True,True,Eyes,1.266865,-0.3189128,-3.300645,0.3077141,-0.03716063,0.9507529,0.8732288,1.53557,-0.3513625,-2.47042,-0.5030679,0.4212207,-0.7546495,0.03321448,0.01281729,0.8751302,1.274854,-0.3232496,-3.306098,0.02072826,0.1319224,-0.01733507,0.9908917,2.616616,15.12912,358.343,0.3570881,-0.08923767,-0.9297978,0,0,0,1.543115,-0.3576804,-2.459101,0.03770773,0.00722234,0.8883013,0.9645919,-0.02888531,-0.2621603,0.03982339,0.9985397,0.03650515,0.260723,-0.04565269,0.9643337,moving,17.93434,-2.238293,2.430704,0.4658335
05/15/2023 14:23:25.961879,3130,True,True,True,True,Eyes,1.266698,-0.3191326,-3.300437,0.3078632,-0.0410343,0.9505453,0.8720446,1.535168,-0.3549163,-2.471519,-0.5298095,0.1842758,-0.8278552,0.03460991,0.01264824,0.8736936,1.274792,-0.3234171,-3.305732,0.02257613,0.131186,-0.01759331,0.9909446,2.829234,15.04147,358.3393,0.3570679,-0.08929793,-0.9297997,0,0,0,1.543122,-0.3607252,-2.459097,0.03921317,0.00767176,0.8880239,0.9649614,-0.02894465,-0.2607905,0.04079134,0.9983616,0.0401274,0.2592018,-0.04935938,0.9645611,moving,17.94614,-2.47188,2.528412,0.4949738
05/15/2023 14:23:25.973009,3131,True,True,True,True,Eyes,1.266532,-0.3193481,-3.300223,0.3079198,-0.04491616,0.9503515,0.8728208,1.535291,-0.3585518,-2.470736,-0.5224255,0.353052,-0.776161,0.0361336,0.01255855,0.8741292,1.274887,-0.3236636,-3.305324,0.02438732,0.1303063,-0.01803894,0.9910098,3.04024,14.93674,358.313,0.3570473,-0.08935894,-0.9298018,0,0,0,1.543128,-0.3638484,-2.459092,0.04083787,0.008109851,0.887662,0.9653897,-0.02939789,-0.2591494,0.04210917,0.9981597,0.04363496,0.2573898,-0.05303732,0.964851,moving,17.95264,-2.705938,2.634098,0.5234507
05/15/2023 14:23:25.991633,3132,True,True,True,True,Eyes,1.266416,-0.3195713,-3.300013,0.3077036,-0.04865536,0.9502375,0.872736,1.53496,-0.3620346,-2.470706,-0.544977,0.3210343,-0.774556,0.03780785,0.01278105,0.8737925,1.274773,-0.3237652,-3.304939,0.02634824,0.1293142,-0.01876345,0.9910761,3.272162,14.81795,358.2564,0.3570266,-0.08942053,-0.9298038,0,0,0,1.543135,-0.3668503,-2.459087,0.04286031,0.008885562,0.8873689,0.9658515,-0.0303776,-0.2573093,0.04400641,0.9979074,0.04737345,0.2553317,-0.05707897,0.9651672,moving,17.94286,-2.931177,2.765263,0.5737053
05/15/2023 14:23:26.011659,3133,True,True,True,True,Eyes,1.266303,-0.3198024,-3.299798,0.3074189,-0.05239527,0.9501308,0.8727056,1.534589,-0.365528,-2.470614,-0.570118,0.2898769,-0.7687242,0.03936438,0.01289896,0.8734437,1.274854,-0.3241348,-3.304547,0.02813148,0.1282508,-0.01932777,0.9911543,3.481307,14.69142,358.2146,0.3570068,-0.0894828,-0.9298055,0,0,0,1.543141,-0.3698763,-2.459083,0.04481949,0.009536069,0.8870062,0.9663563,-0.03109784,-0.25532,0.04552938,0.9976701,0.05080767,0.2531452,-0.06072288,0.9655207,moving,17.92921,-3.156397,2.892635,0.6159545
05/15/2023 14:23:26.021663,3134,True,True,True,True,Eyes,1.266193,-0.3200335,-3.29958,0.3070438,-0.05607601,0.9500419,0.8727311,1.53416,-0.3689727,-2.470449,-0.5991854,0.257549,-0.7580537,0.04062366,0.01317741,0.8732396,1.274848,-0.3245328,-3.304208,0.0299931,0.1273472,-0.01971299,0.9912087,3.696975,14.58386,358.1945,0.356988,-0.08954591,-0.9298066,0,0,0,1.543147,-0.3728359,-2.459078,0.04655024,0.01036305,0.8867282,0.9667882,-0.03144028,-0.2536379,0.04671844,0.9974236,0.05443806,0.2512729,-0.06447963,0.9657662,moving,17.9103,-3.377951,3.005077,0.6695761
05/15/2023 14:23:26.051625,3135,True,True,True,True,Eyes,1.266087,-0.3202561,-3.299352,0.3066238,-0.05973678,0.9499544,0.8723884,1.533582,-0.3723698,-2.470623,-0.6377105,0.0310773,-0.769649,0.04165076,0.01416948,0.8726466,1.274956,-0.3247335,-3.303865,0.03239847,0.1264695,-0.01996895,0.9912402,3.972649,14.4793,358.1967,0.3569702,-0.08960978,-0.9298072,0,0,0,1.543154,-0.3759467,-2.459074,0.0481109,0.0117438,0.886438,0.9672134,-0.03139321,-0.2520173,0.04778289,0.9971032,0.0591784,0.2494294,-0.06928026,0.9659116,moving,17.88891,-3.598241,3.106647,0.7590272
05/15/2023 14:23:26.061682,3136,True,True,True,True,Eyes,1.265965,-0.3204721,-3.299123,0.3063811,-0.06332532,0.9498003,0.8728952,1.533404,-0.3757485,-2.470047,-0.6502606,0.2045309,-0.7316614,0.04273197,0.01363335,0.8728385,1.274942,-0.3247362,-3.303386,0.03398148,0.1257804,-0.02026173,0.991269,4.155674,14.39711,358.1832,0.3569535,-0.08967412,-0.9298075,0,0,0,1.54316,-0.3788171,-2.459069,0.04951601,0.0117332,0.8860849,0.9675375,-0.03162124,-0.2507415,0.04871806,0.9968694,0.0622725,0.2479874,-0.0724666,0.9660491,moving,17.87836,-3.814393,3.198464,0.7586449
05/15/2023 14:23:26.071321,3137,True,True,True,True,Eyes,1.265856,-0.3206905,-3.298885,0.306116,-0.06687556,0.9496424,0.8727179,1.533008,-0.379054,-2.470115,-0.6766004,-0.01579097,-0.7361811,0.04326655,0.01244104,0.8726306,1.274923,-0.3247941,-3.303156,0.03515533,0.1253466,-0.02042728,0.9912796,4.290793,14.34531,358.1792,0.3569374,-0.08973872,-0.9298074,0,0,0,1.543167,-0.3817741,-2.459064,0.05042119,0.0109445,0.8860194,0.967742,-0.03168508,-0.2499433,0.04931149,0.9966937,0.06457654,0.2470708,-0.07481851,0.9661046,moving,17.86666,-4.028224,3.25705,0.7077064
05/15/2023 14:23:26.091273,3138,True,True,True,True,Eyes,1.265778,-0.3209082,-3.298651,0.3059316,-0.0703153,0.9494534,0.8733096,1.532951,-0.3823152,-2.469484,-0.6815468,0.2289856,-0.6950248,0.04366907,0.01178637,0.8729087,1.275097,-0.3250526,-3.3027,0.03650212,0.1249893,-0.02046055,0.9912753,4.443846,14.30281,358.1929,0.3569223,-0.08980363,-0.929807,0,0,0,1.543175,-0.3857501,-2.459059,0.0510736,0.009572607,0.8857652,0.9679181,-0.03143931,-0.2492912,0.0496888,0.9964979,0.06725261,0.2463038,-0.07748199,0.9660906,moving,17.85991,-4.23552,3.300045,0.6191806
05/15/2023 14:23:26.111644,3139,True,True,True,True,Eyes,1.265705,-0.3211286,-3.298414,0.3057447,-0.07372129,0.9492552,0.8731987,1.532681,-0.385502,-2.469525,-0.6999203,0.1512199,-0.6980287,0.04387438,0.01075436,0.8726769,1.275246,-0.3252292,-3.302412,0.03768353,0.1247119,-0.02036198,0.9912681,4.576364,14.27032,358.2196,0.3569088,-0.08986875,-0.9298059,0,0,0,1.543179,-0.3877701,-2.459055,0.05150269,0.009745989,0.8855516,0.9680647,-0.03096919,-0.2487805,0.04976752,0.9963307,0.0696302,0.2457112,-0.07978771,0.9660538,moving,17.85318,-4.440805,3.328509,0.6305465
05/15/2023 14:23:26.122055,3140,True,True,True,True,Eyes,1.265667,-0.3213481,-3.298177,0.3055027,-0.07701335,0.9490717,0.8733299,1.532472,-0.3886061,-2.469324,-0.7142273,0.1443653,-0.6848635,0.04384738,0.01020183,0.8726862,1.275281,-0.3254931,-3.302077,0.03904185,0.1246261,-0.02022438,0.9912291,4.72882,14.26017,358.2541,0.3568968,-0.08993416,-0.9298041,0,0,0,1.543186,-0.3907717,-2.459051,0.05173108,0.00932176,0.8854177,0.9681186,-0.03036271,-0.2486453,0.04982525,0.9961334,0.07235788,0.2454869,-0.08243981,0.9658881,moving,17.84317,-4.639158,3.34374,0.603193
05/15/2023 14:23:26.142110,3141,True,True,True,True,Eyes,1.265637,-0.3215573,-3.297938,0.3052984,-0.0802601,0.9488684,0.8734608,1.532303,-0.3916614,-2.469139,-0.7259986,0.1420766,-0.6728597,0.04322147,0.009672679,0.8726397,1.27559,-0.3256718,-3.301728,0.04040777,0.1247613,-0.02029961,0.9911559,4.885571,14.2747,358.2655,0.3568871,-0.08999977,-0.9298015,0,0,0,1.543192,-0.3937924,-2.459046,0.05131438,0.008855611,0.8852414,0.9680451,-0.0301575,-0.2489564,0.0503228,0.9959102,0.07503559,0.2456753,-0.08516601,0.9656036,moving,17.83558,-4.834859,3.317526,0.5731456
05/15/2023 14:23:26.161576,3142,True,True,True,True,Eyes,1.265662,-0.3217235,-3.297704,0.3050454,-0.08334506,0.9486839,0.8734093,1.532092,-0.3945178,-2.469115,-0.7398329,-0.04834851,-0.6710513,0.04219413,0.009160232,0.872486,1.275741,-0.3265947,-3.301441,0.04128563,0.1251909,-0.02013309,0.9910688,4.98384,14.32482,358.2991,0.3568797,-0.09006525,-0.9297981,0,0,0,1.543199,-0.3969544,-2.459042,0.05049974,0.008065585,0.8851585,0.9678438,-0.02956939,-0.2498081,0.05024374,0.9957803,0.07679285,0.2464832,-0.08687477,0.9652455,moving,17.82498,-5.020736,3.265278,0.522066
05/15/2023 14:23:26.171797,3143,True,True,True,True,Eyes,1.265701,-0.3219313,-3.297468,0.3048583,-0.08636799,0.9484736,0.8737655,1.532076,-0.3973967,-2.468724,-0.7417508,0.1815746,-0.6456287,0.04093376,0.007248539,0.8728161,1.275894,-0.3257059,-3.301051,0.04232357,0.1258602,-0.02038256,0.9909352,5.106688,14.40062,358.2889,0.3568757,-0.09012936,-0.9297934,0,0,0,1.543205,-0.4001212,-2.459037,0.04934976,0.005867079,0.8851615,0.9674876,-0.02974188,-0.251164,0.0510493,0.9955866,0.07874914,0.2477133,-0.08901054,0.9647358,moving,17.81844,-5.203004,3.191066,0.3797657
05/15/2023 14:23:26.192109,3144,True,True,True,True,Eyes,1.265777,-0.3221218,-3.297232,0.3048353,-0.08932771,0.9482067,0.8737273,1.53212,-0.4001698,-2.468758,-0.7394837,0.180927,-0.6484053,0.03941432,0.006430246,0.8727202,1.276232,-0.3259245,-3.300771,0.04332774,0.1266317,-0.02055617,0.9907899,5.224792,14.4887,358.2875,0.356875,-0.0901934,-0.9297874,0,0,0,1.543211,-0.4028836,-2.459033,0.04776412,0.005086847,0.8851084,0.9670838,-0.02976035,-0.2527122,0.05170701,0.9954003,0.08065125,0.2491495,-0.09106348,0.9641743,moving,17.82188,-5.38178,3.088922,0.3292836
05/15/2023 14:23:26.211569,3145,True,True,True,True,Eyes,1.265866,-0.3222997,-3.296991,0.3049001,-0.09217596,0.9479133,0.873733,1.532267,-0.4028369,-2.468768,-0.7298746,0.2141599,-0.6491677,0.03777783,0.005283207,0.8726628,1.276505,-0.3256856,-3.30041,0.04433886,0.1275776,-0.02076137,0.9906195,5.344462,14.59685,358.2837,0.3568783,-0.09025685,-0.9297799,0,0,0,1.543218,-0.4060501,-2.459028,0.04597893,0.003463745,0.8850949,0.9665859,-0.02981995,-0.2546027,0.05244653,0.9952061,0.08254851,0.2509206,-0.09314325,0.9635161,moving,17.8306,-5.554032,2.97373,0.2242211
05/15/2023 14:23:26.221637,3146,True,True,True,True,Eyes,1.265993,-0.3224739,-3.29675,0.3050171,-0.09485847,0.947611,0.8736881,1.532483,-0.4053506,-2.468834,-0.7160217,0.2442509,-0.6539528,0.03570305,0.002718702,0.8725256,1.276896,-0.3255661,-3.300033,0.0443691,0.1287797,-0.02102085,0.9904572,5.3538,14.73482,358.2611,0.3568856,-0.09031942,-0.9297711,0,0,0,1.543224,-0.4090148,-2.459023,0.04366869,0.0004513338,0.8850341,0.9659478,-0.03021282,-0.2569669,0.05306818,0.995179,0.08247727,0.2532362,-0.09330551,0.9628943,moving,17.84234,-5.716422,2.824754,0.02921867
05/15/2023 14:23:26.241651,3147,True,True,True,True,Eyes,1.266129,-0.3226557,-3.296504,0.3052189,-0.09747021,0.9472809,0.8735985,1.532767,-0.4078055,-2.468961,-0.697464,0.272658,-0.6627228,0.03394744,-0.0001981705,0.8723521,1.277028,-0.3256575,-3.299623,0.04400861,0.1300086,-0.02142973,0.9903039,5.321022,14.8753,358.2158,0.3568974,-0.09038107,-0.9297606,0,0,0,1.543231,-0.4118959,-2.459019,0.04159537,-0.00289391,0.8849734,0.9652771,-0.03100089,-0.2593822,0.05388689,0.995208,0.0815917,0.2556099,-0.09273589,0.9623221,moving,17.85921,-5.874759,2.691026,-0.1873596
05/15/2023 14:23:26.261831,3148,True,True,True,True,Eyes,1.266281,-0.3228432,-3.296259,0.3055686,-0.1001403,0.9468895,0.8727739,1.532973,-0.4102431,-2.469838,-0.6838207,0.1101847,-0.7212827,0.03202111,-0.001631051,0.8714055,1.277346,-0.3260255,-3.299259,0.04435637,0.1312789,-0.02199616,0.9901084,5.371351,15.01947,358.1632,0.3569134,-0.09044211,-0.9297485,0,0,0,1.543237,-0.41494,-2.459014,0.03923635,-0.004850134,0.8849019,0.9645641,-0.03191106,-0.261912,0.05520328,0.9950973,0.08205996,0.2580093,-0.0936105,0.9615967,moving,17.8853,-6.036999,2.538819,-0.3140342
05/15/2023 14:23:26.271596,3149,True,True,True,True,Eyes,1.266439,-0.3230335,-3.296013,0.3059806,-0.1028691,0.9464639,0.8733897,1.533679,-0.4128782,-2.469381,-0.637578,0.3398417,-0.691377,0.03046134,-0.00164178,0.8719914,1.27747,-0.3263372,-3.298939,0.04562415,0.1324883,-0.02235455,0.9898816,5.52318,15.15728,358.148,0.3569337,-0.09050272,-0.9297348,0,0,0,1.543244,-0.4179762,-2.459009,0.03710274,-0.005299151,0.8849356,0.9638942,-0.03216739,-0.2643353,0.05634606,0.9948374,0.08440158,0.2602556,-0.09624845,0.9607306,moving,17.91541,-6.203002,2.400837,-0.3430932
05/15/2023 14:23:26.291786,3150,True,True,True,True,Eyes,1.26659,-0.3232202,-3.295765,0.3065927,-0.105713,0.9459523,0.8732005,1.534307,-0.4155288,-2.469759,-0.5961559,0.3615341,-0.716862,0.02901983,-0.000494048,0.871771,1.27776,-0.3265677,-3.298672,0.0476803,0.1335879,-0.02262399,0.9896307,5.763148,15.28261,358.1546,0.3569581,-0.09056304,-0.9297196,0,0,0,1.54325,-0.4209524,-2.459005,0.03494196,-0.004423156,0.8849825,0.9632849,-0.03203978,-0.2665628,0.05751781,0.9944295,0.0883272,0.2622479,-0.1004164,0.9597617,moving,17.95803,-6.376518,2.261047,-0.2863628
05/15/2023 14:23:26.311320,3151,True,True,True,True,Eyes,1.266744,-0.3234151,-3.29552,0.3072216,-0.1085973,0.9454213,0.8731428,1.534993,-0.418236,-2.470032,-0.5508958,0.3945366,-0.7354283,0.02806796,0.0002317056,0.8717168,1.277808,-0.3266499,-3.298372,0.04962026,0.1345638,-0.02274236,0.9894004,5.98737,15.39465,358.1764,0.3569858,-0.09062301,-0.9297031,0,0,0,1.543257,-0.4241544,-2.459,0.0332489,-0.00415346,0.8850943,0.9627507,-0.03164843,-0.2685318,0.05835678,0.9940412,0.09206802,0.2640179,-0.1043092,0.9588609,moving,18.00195,-6.552649,2.151326,-0.2688685
05/15/2023 14:23:26.321672,3152,True,True,True,True,Eyes,1.266879,-0.3236048,-3.295274,0.3077913,-0.1115621,0.9448907,0.8730309,1.535591,-0.4210019,-2.470356,-0.5114251,0.4062476,-0.7572366,0.02744475,0.001238964,0.8716274,1.27805,-0.3270707,-3.298208,0.05158937,0.1351702,-0.02269937,0.9892181,6.211726,15.46496,358.2152,0.3570167,-0.09068286,-0.9296854,0,0,0,1.543263,-0.4270964,-2.458996,0.03195299,-0.003275476,0.8852051,0.9624276,-0.03096257,-0.2697677,0.05885595,0.9936466,0.09592973,0.2650835,-0.1082029,0.9581351,moving,18.04264,-6.733669,2.067292,-0.2120075
05/15/2023 14:23:26.341615,3153,True,True,True,True,Eyes,1.267012,-0.3237871,-3.295026,0.3083494,-0.1145551,0.9443504,0.8729765,1.536194,-0.423791,-2.47063,-0.4716174,0.4191118,-0.7758365,0.02713227,0.002468489,0.8716168,1.278289,-0.3271217,-3.298035,0.05388001,0.1356028,-0.02282945,0.9890338,6.475005,15.51423,358.2383,0.3570499,-0.09074251,-0.9296668,0,0,0,1.543269,-0.4300784,-2.458991,0.03098138,-0.0021846,0.8853497,0.9621814,-0.03054561,-0.2706916,0.05977074,0.9931515,0.1003868,0.2657715,-0.1127698,0.9574176,moving,18.0829,-6.916511,2.004155,-0.141377
05/15/2023 14:23:26.361361,3154,True,True,True,True,Eyes,1.267136,-0.3239665,-3.294774,0.3087976,-0.1175464,0.9438362,0.8719256,1.536385,-0.4264582,-2.471819,-0.4588943,0.241317,-0.8550919,0.02719927,0.002850629,0.8705247,1.278375,-0.3270445,-3.297718,0.0557235,0.1358621,-0.02313196,0.988889,6.689818,15.5424,358.2339,0.3570853,-0.09080177,-0.9296474,0,0,0,1.543276,-0.4330955,-2.458987,0.03055015,-0.001985192,0.8854108,0.9620128,-0.03060847,-0.271283,0.0608913,0.9927196,0.1039232,0.266127,-0.1164942,0.9568728,moving,18.11669,-7.099128,1.976146,-0.1284635
05/15/2023 14:23:26.371267,3155,True,True,True,True,Eyes,1.267265,-0.3241507,-3.294523,0.3092279,-0.1205255,0.9433195,0.8730212,1.537228,-0.429372,-2.470985,-0.4036891,0.4433376,-0.8003043,0.0275314,0.002400808,0.8715473,1.278533,-0.3271504,-3.297415,0.05697389,0.1359924,-0.02344121,0.9887924,6.837069,15.55556,358.2188,0.3571224,-0.09086061,-0.9296274,0,0,0,1.543282,-0.4360212,-2.458982,0.03030048,-0.002547614,0.8854321,0.9619131,-0.03086095,-0.2716076,0.06185303,0.9924089,0.106295,0.2662655,-0.1190464,0.9565201,moving,18.14957,-7.281084,1.959961,-0.1648541
05/15/2023 14:23:26.391673,3156,True,True,True,True,Eyes,1.267395,-0.3243289,-3.294271,0.3095896,-0.1235257,0.9428126,0.8730665,1.537687,-0.432175,-2.471133,-0.3733277,0.4519688,-0.8101547,0.02769226,0.002243444,0.8715438,1.278766,-0.3274384,-3.297178,0.05827828,0.1361099,-0.02385648,0.9886904,6.992104,15.56647,358.1924,0.3571611,-0.09091919,-0.9296068,0,0,0,1.543288,-0.4389562,-2.458977,0.02998669,-0.0028091,0.8854836,0.9618099,-0.03130885,-0.2719216,0.06303784,0.992069,0.1087441,0.2663604,-0.1217325,0.9561555,moving,18.17853,-7.464277,1.939567,-0.181764
05/15/2023 14:23:26.411456,3157,True,True,True,True,Eyes,1.267528,-0.3245127,-3.29402,0.3099349,-0.1265309,0.9423005,0.8731756,1.538155,-0.4349964,-2.471226,-0.3426313,0.4639732,-0.8169044,0.02789564,0.002359554,0.8715976,1.278833,-0.3274618,-3.29685,0.059878,0.136308,-0.02440639,0.9885541,7.183,15.58582,358.1557,0.3572013,-0.09097739,-0.9295856,0,0,0,1.543295,-0.4419558,-2.458973,0.02972218,-0.002840802,0.8855479,0.9616489,-0.03193039,-0.2724183,0.06457778,0.9916379,0.1117317,0.2665727,-0.1250389,0.9556696,moving,18.20671,-7.647859,1.922331,-0.1838019
05/15/2023 14:23:26.421800,3158,True,True,True,True,Eyes,1.267648,-0.3246998,-3.293773,0.3101963,-0.129781,0.9417723,0.8733197,1.538549,-0.4380401,-2.471305,-0.3168282,0.472395,-0.8224736,0.02802376,0.002383687,0.8716932,1.279049,-0.3277653,-3.296617,0.06142158,0.1364008,-0.02477383,0.9884374,7.3645,15.59416,358.1383,0.357243,-0.09103539,-0.9295639,0,0,0,1.543301,-0.4451258,-2.458968,0.02945764,-0.002912819,0.8856532,0.9615622,-0.03221885,-0.2726907,0.06573067,0.9912273,0.1146644,0.2666041,-0.1281811,0.9552444,moving,18.23059,-7.84623,1.905008,-0.1884391
05/15/2023 14:23:26.441386,3159,True,True,True,True,Eyes,1.267772,-0.3248914,-3.293533,0.3104276,-0.1330591,0.9412385,0.8733343,1.538879,-0.4410965,-2.471517,-0.295202,0.4609739,-0.8368744,0.02833684,0.002503291,0.8717982,1.279101,-0.3280103,-3.296483,0.06306279,0.1364453,-0.02511724,0.9883193,7.556659,15.59704,358.1248,0.3572856,-0.0910933,-0.9295419,0,0,0,1.543308,-0.4480113,-2.458964,0.0293933,-0.002572902,0.885874,0.9615036,-0.03243846,-0.272871,0.06685694,0.9907845,0.1177981,0.2665351,-0.1315066,0.9548115,moving,18.25295,-8.046357,1.900377,-0.1664074
05/15/2023 14:23:26.461450,3160,True,True,True,True,Eyes,1.267857,-0.325077,-3.293287,0.3106517,-0.1366013,0.940657,0.8722761,1.538831,-0.444231,-2.472774,-0.2983782,0.2519999,-0.9205795,0.02867287,0.003007226,0.8708237,1.279301,-0.3282905,-3.296404,0.06501661,0.1363407,-0.02559255,0.9881949,7.786191,15.58162,358.0999,0.357329,-0.09115125,-0.9295195,0,0,0,1.543314,-0.4511243,-2.458959,0.02944095,-0.001833782,0.8861346,0.9615125,-0.03285203,-0.2727902,0.06830966,0.9902357,0.1215195,0.2661344,-0.1354768,0.9543681,moving,18.27579,-8.262675,1.902896,-0.1185687
05/15/2023 14:23:26.471306,3161,True,True,True,True,Eyes,1.267946,-0.3252634,-3.293046,0.3108512,-0.1401285,0.9400722,0.8734455,1.539457,-0.447658,-2.471944,-0.2575032,0.4290006,-0.8658236,0.02913328,0.003351785,0.8719865,1.279351,-0.3283175,-3.296155,0.06702797,0.1363247,-0.02604615,0.9880509,8.02213,15.57667,358.0789,0.3573724,-0.09120911,-0.9294971,0,0,0,1.54332,-0.4540943,-2.458955,0.02951691,-0.001120195,0.8863019,0.9614744,-0.0331947,-0.2728832,0.06974498,0.9896577,0.1253526,0.2658999,-0.1395556,0.9538457,moving,18.29736,-8.478168,1.907442,-0.07241596
05/15/2023 14:23:26.492180,3162,True,True,True,True,Eyes,1.267995,-0.3254466,-3.292807,0.3109482,-0.1437337,0.9394954,0.8734925,1.539606,-0.4509969,-2.472165,-0.248003,0.4034329,-0.880759,0.02934343,0.003023766,0.872117,1.279522,-0.328511,-3.296065,0.06858432,0.1362756,-0.02652042,0.9879382,8.206564,15.56754,358.0483,0.3574156,-0.0912669,-0.9294748,0,0,0,1.543327,-0.4570498,-2.45895,0.0295186,-0.001003787,0.8865687,0.9614512,-0.03370833,-0.2729016,0.07109382,0.9891858,0.128286,0.2656261,-0.1427423,0.9534503,moving,18.31318,-8.69825,1.906978,-0.06487115
05/15/2023 14:23:26.511659,3163,True,True,True,True,Eyes,1.26805,-0.3256267,-3.292571,0.3110448,-0.1472984,0.9389113,0.8736142,1.539783,-0.4543087,-2.472325,-0.2366343,0.3854267,-0.8918803,0.02964693,0.002306715,0.872418,1.279498,-0.3286182,-3.296006,0.06994431,0.1362854,-0.02692711,0.9878303,8.367728,15.56573,358.0228,0.3574579,-0.09132457,-0.9294529,0,0,0,1.543333,-0.4600906,-2.458945,0.02960427,-0.001403049,0.8869534,0.9614025,-0.03413406,-0.2730205,0.07226361,0.9887654,0.1308467,0.2654869,-0.1455258,0.9530681,moving,18.32912,-8.916014,1.911679,-0.09063464
05/15/2023 14:23:26.521905,3164,True,True,True,True,Eyes,1.268087,-0.3258063,-3.292336,0.3110753,-0.1508474,0.9383375,0.8737314,1.539883,-0.4576064,-2.472481,-0.2303645,0.3639055,-0.9024993,0.02940623,0.001406454,0.8725744,1.279693,-0.3287067,-3.295851,0.07125392,0.1364481,-0.02714721,0.9877085,8.520574,15.58325,358.0193,0.3574993,-0.09138203,-0.9294313,0,0,0,1.54334,-0.463066,-2.458941,0.02921323,-0.00193163,0.8871996,0.9612898,-0.03418212,-0.2734106,0.07307197,0.9883718,0.1333478,0.2656733,-0.1481645,0.9526095,moving,18.34126,-9.132746,1.885924,-0.1247454
05/15/2023 14:23:26.541935,3165,True,True,True,True,Eyes,1.268128,-0.3259895,-3.292105,0.3111107,-0.1543296,0.9377593,0.8739951,1.540037,-0.4608728,-2.472508,-0.2206242,0.3641957,-0.9048129,0.02947049,-0.0002980009,0.872902,1.279707,-0.3288662,-3.295691,0.07204922,0.1365508,-0.02718631,0.9876355,8.611938,15.59515,358.028,0.3575395,-0.0914393,-0.9294102,0,0,0,1.543347,-0.4663358,-2.458936,0.0291234,-0.003622577,0.8875248,0.9612296,-0.03402358,-0.2736422,0.07337708,0.9881396,0.1348921,0.2658072,-0.1497414,0.9523256,moving,18.35376,-9.345549,1.879439,-0.2338607
05/15/2023 14:23:26.561479,3166,True,True,True,True,Eyes,1.268147,-0.3261741,-3.291877,0.3110222,-0.1577281,0.9372231,0.8733948,1.539793,-0.463933,-2.473311,-0.2368983,0.1601658,-0.9582412,0.02914444,-0.001526155,0.8723622,1.279833,-0.3291191,-3.295573,0.07305866,0.1366848,-0.02705201,0.9875464,8.725041,15.61231,358.0602,0.3575787,-0.09149648,-0.9293895,0,0,0,1.543352,-0.4690533,-2.458932,0.02879837,-0.004354492,0.8877745,0.9611709,-0.03345821,-0.2739179,0.07340226,0.9878613,0.1369025,0.2660124,-0.1516928,0.9519594,moving,18.35869,-9.552963,1.857957,-0.2810308
05/15/2023 14:23:26.571194,3167,True,True,True,True,Eyes,1.26817,-0.3263639,-3.291658,0.310932,-0.1611037,0.9366786,0.8743339,1.540028,-0.4672223,-2.472688,-0.2220722,0.3301756,-0.9174247,0.02914846,-0.002815463,0.8734093,1.279752,-0.3293211,-3.295452,0.07404549,0.1367905,-0.02694278,0.9874613,8.835909,15.62602,358.0889,0.3576165,-0.09155365,-0.9293693,0,0,0,1.543359,-0.4721748,-2.458927,0.02874076,-0.005550891,0.8881513,0.9611249,-0.03295247,-0.2741405,0.07346734,0.9875827,0.1388631,0.2661606,-0.1536051,0.9516113,moving,18.36367,-9.75908,1.853457,-0.3580904
05/15/2023 14:23:26.591767,3168,True,True,True,True,Eyes,1.268201,-0.3265559,-3.291454,0.3106215,-0.1644414,0.9362016,0.8745225,1.539846,-0.4703637,-2.472724,-0.2345558,0.3141342,-0.9199474,0.0289133,-0.00310795,0.8737471,1.279838,-0.329608,-3.295441,0.0755666,0.1367628,-0.0266902,0.9873568,9.005126,15.6258,358.1412,0.3576529,-0.09161092,-0.9293497,0,0,0,1.543365,-0.4750765,-2.458923,0.02866344,-0.005543254,0.8885486,0.9611672,-0.03203611,-0.274101,0.07337489,0.9871547,0.1419219,0.2660335,-0.1565228,0.9511713,moving,18.35528,-9.962236,1.847648,-0.3574379
05/15/2023 14:23:26.611578,3169,True,True,True,True,Eyes,1.268233,-0.3267538,-3.29126,0.310304,-0.1677826,0.9357139,0.8747972,1.539686,-0.4735295,-2.4727,-0.2456942,0.3089754,-0.9187865,0.02908103,-0.003214262,0.8742555,1.279717,-0.329811,-3.295463,0.07722768,0.1366144,-0.02648881,0.9872542,9.190889,15.61131,358.1887,0.3576881,-0.09166831,-0.9293305,0,0,0,1.543372,-0.4781642,-2.458918,0.02899429,-0.005514741,0.8890782,0.9612697,-0.03120155,-0.2738377,0.07340321,0.9866685,0.1452492,0.265655,-0.1597242,0.9507447,moving,18.3467,-10.16566,1.867847,-0.3553875
05/15/2023 14:23:26.621217,3170,True,True,True,True,Eyes,1.268274,-0.3269454,-3.291076,0.3099911,-0.1711155,0.9352139,0.8750913,1.539544,-0.4766871,-2.472679,-0.2555838,0.3042254,-0.9176731,0.02916515,-0.002937406,0.8747295,1.27978,-0.3301179,-3.29551,0.07905848,0.1364056,-0.02623086,0.9871449,9.395035,15.5906,358.2448,0.3577223,-0.09172593,-0.9293117,0,0,0,1.543378,-0.4812507,-2.458913,0.02922478,-0.005106345,0.8895723,0.9614109,-0.03021928,-0.2734517,0.07335535,0.9861234,0.1489283,0.2651566,-0.1632404,0.9502866,moving,18.33858,-10.36868,1.88164,-0.328887
05/15/2023 14:23:26.641816,3171,True,True,True,True,Eyes,1.268319,-0.3271326,-3.290894,0.3096818,-0.1743925,0.9347109,0.8753767,1.539407,-0.4797918,-2.47267,-0.2650802,0.2975061,-0.9171818,0.0296561,-0.002959445,0.8751612,1.279719,-0.3301188,-3.295443,0.08087332,0.1360528,-0.02590942,0.9870552,9.596175,15.55389,358.3063,0.3577556,-0.09178356,-0.9292932,0,0,0,1.543385,-0.4842556,-2.458909,0.02985705,-0.004967913,0.8900291,0.9616367,-0.02914197,-0.272774,0.07315413,0.9855765,0.1526027,0.2643925,-0.1667029,0.9498982,moving,18.3307,-10.56838,1.921333,-0.319807
05/15/2023 14:23:26.661657,3172,True,True,True,True,Eyes,1.268373,-0.3273212,-3.290723,0.3092695,-0.1775443,0.9342539,0.8750847,1.53901,-0.4826875,-2.473171,-0.291614,0.1045344,-0.950807,0.02944437,-0.004129216,0.8748783,1.279872,-0.3301764,-3.295293,0.08194324,0.1359564,-0.02561979,0.9869878,9.713422,15.54637,358.3552,0.3577882,-0.09184107,-0.9292749,0,0,0,1.543391,-0.4871033,-2.458904,0.02989331,-0.005952403,0.8903286,0.961719,-0.02829142,-0.2725734,0.07285426,0.9852579,0.1547876,0.2641759,-0.1687203,0.9496023,moving,18.31629,-10.7601,1.923017,-0.3830524
05/15/2023 14:23:26.671656,3173,True,True,True,True,Eyes,1.268427,-0.3275151,-3.290561,0.3088496,-0.1806922,0.9337891,0.8760238,1.538986,-0.4858057,-2.47254,-0.294053,0.2945437,-0.9092727,0.02957061,-0.005291015,0.8759543,1.279768,-0.3303732,-3.295246,0.08292522,0.1358238,-0.02533893,0.9869313,9.820741,15.53456,358.4014,0.3578203,-0.09189847,-0.9292569,0,0,0,1.543397,-0.4902243,-2.458899,0.03022066,-0.007184356,0.8908216,0.9618196,-0.02748913,-0.2722999,0.07254199,0.9849626,0.1567997,0.263895,-0.1705662,0.9493506,moving,18.30157,-10.95162,1.942984,-0.4620728
05/15/2023 14:23:26.691906,3174,True,True,True,True,Eyes,1.268478,-0.3277059,-3.29041,0.3083914,-0.1838324,0.9333276,0.8763582,1.538739,-0.4888089,-2.47248,-0.310903,0.2887482,-0.9055186,0.02964482,-0.005182281,0.8764839,1.279807,-0.3306714,-3.295327,0.08451843,0.1355874,-0.02535124,0.9868283,10.00214,15.5085,358.4222,0.3578519,-0.0919559,-0.929239,0,0,0,1.543404,-0.4931409,-2.458895,0.03055562,-0.006933793,0.8913562,0.9619468,-0.02711538,-0.2718882,0.07295389,0.9844279,0.1599357,0.2633176,-0.173685,0.9489454,moving,18.28466,-11.1426,1.963326,-0.4456906
05/15/2023 14:23:26.711454,3175,True,True,True,True,Eyes,1.268532,-0.3278964,-3.290262,0.3079295,-0.1869917,0.9328524,0.8767279,1.538502,-0.4918373,-2.472404,-0.3271191,0.2857584,-0.9007415,0.02990472,-0.004452795,0.877044,1.279647,-0.3307631,-3.295308,0.08654965,0.1353827,-0.02564136,0.9866728,10.23787,15.48398,358.4182,0.3578828,-0.09201325,-0.9292215,0,0,0,1.54341,-0.4961246,-2.45889,0.0310723,-0.006092593,0.8919117,0.9620281,-0.02716462,-0.2715953,0.07403392,0.9837034,0.1638496,0.2627183,-0.1777352,0.9483614,moving,18.26778,-11.33481,1.995256,-0.3913778
05/15/2023 14:23:26.721626,3176,True,True,True,True,Eyes,1.268585,-0.3280802,-3.290123,0.3074281,-0.1903028,0.9323481,0.8771374,1.538242,-0.4950019,-2.472325,-0.3448942,0.2805677,-0.8957286,0.02981083,-0.004148021,0.8775203,1.279766,-0.3309275,-3.295258,0.08840074,0.1352174,-0.02584319,0.9865261,10.45179,15.46479,358.4218,0.3579131,-0.09207051,-0.9292041,0,0,0,1.543417,-0.4992115,-2.458886,0.0312565,-0.005648494,0.8923786,0.9620968,-0.02708331,-0.2713602,0.07489659,0.9830349,0.1674304,0.2622219,-0.1814082,0.9478031,moving,18.24922,-11.53625,2.006025,-0.3626606
05/15/2023 14:23:26.741493,3177,True,True,True,True,Eyes,1.26864,-0.3282669,-3.28999,0.3069451,-0.1935363,0.9318414,0.8775023,1.537985,-0.4980955,-2.472297,-0.3624517,0.2627091,-0.8942106,0.02977838,-0.005233318,0.8780589,1.279625,-0.3309133,-3.29522,0.08955713,0.1351674,-0.02573898,0.9864314,10.58197,15.46148,358.4512,0.3579429,-0.09212746,-0.929187,0,0,0,1.543423,-0.5020369,-2.458882,0.03147569,-0.006421447,0.892918,0.9621345,-0.02656906,-0.271277,0.07498989,0.9826341,0.1697258,0.2620566,-0.1836421,0.9474186,moving,18.23169,-11.73309,2.018862,-0.4120373
05/15/2023 14:23:26.761304,3178,True,True,True,True,Eyes,1.268682,-0.3284547,-3.289866,0.3065598,-0.1969632,0.93125,0.8774721,1.53768,-0.5012844,-2.472721,-0.382798,0.05016407,-0.922469,0.02950346,-0.006951168,0.8781444,1.279709,-0.3311536,-3.295255,0.09034146,0.1351565,-0.02544044,0.9863691,10.66679,15.46437,358.4975,0.3579721,-0.09218423,-0.9291701,0,0,0,1.543429,-0.5052109,-2.458877,0.03138185,-0.008007467,0.89349,0.962171,-0.02576685,-0.271225,0.07460778,0.9823824,0.1713432,0.2620317,-0.1850969,0.9471424,moving,18.22112,-11.94229,2.01156,-0.5134716
05/15/2023 14:23:26.771502,3179,True,True,True,True,Eyes,1.268725,-0.3286453,-3.289752,0.3061889,-0.2003493,0.9306495,0.8783888,1.537678,-0.5046299,-2.47228,-0.3837576,0.2324366,-0.8937021,0.02938613,-0.00842537,0.8792605,1.279625,-0.3313461,-3.295332,0.09125992,0.1351761,-0.02520536,0.9862879,10.76793,15.47045,358.539,0.3580004,-0.09224083,-0.9291536,0,0,0,1.543435,-0.5081169,-2.458872,0.0313762,-0.00909932,0.8941146,0.9621843,-0.02504716,-0.2712456,0.0743918,0.9820727,0.1732028,0.2620446,-0.1868314,0.9467981,moving,18.2115,-12.14916,2.009794,-0.5830736
05/15/2023 14:23:26.791769,3180,True,True,True,True,Eyes,1.268773,-0.3288431,-3.289654,0.3058291,-0.2038649,0.9300041,0.8788654,1.537556,-0.5080129,-2.472305,-0.3923822,0.2089021,-0.8957657,0.0290644,-0.009297609,0.8799044,1.279688,-0.3315861,-3.295434,0.0925411,0.1352341,-0.02514824,0.9861621,10.91327,15.47976,358.5661,0.3580279,-0.09229735,-0.9291375,0,0,0,1.543442,-0.5111465,-2.458868,0.03115809,-0.009573221,0.8947558,0.9621586,-0.02457105,-0.27138,0.0746299,0.9816074,0.1757192,0.262071,-0.1893228,0.9462957,moving,18.2033,-12.36416,1.994406,-0.6129988
05/15/2023 14:23:26.811163,3181,True,True,True,True,Eyes,1.268814,-0.3290378,-3.28956,0.3054711,-0.2073636,0.9293481,0.8793692,1.537436,-0.5113869,-2.47232,-0.400741,0.1870109,-0.8969021,0.0289076,-0.009640887,0.8806763,1.27967,-0.3319324,-3.29565,0.09402722,0.1352221,-0.02517515,0.9860224,11.08321,15.48034,358.5859,0.3580545,-0.09235395,-0.9291216,0,0,0,1.543448,-0.5141929,-2.458863,0.03110862,-0.009538606,0.8955177,0.9621624,-0.0242174,-0.2713983,0.07507563,0.9810502,0.1786174,0.2619297,-0.1922344,0.9457477,moving,18.19538,-12.57825,1.989549,-0.6102629
05/15/2023 14:23:26.831150,3182,True,True,True,True,Eyes,1.268847,-0.3292247,-3.289472,0.3051032,-0.2109005,0.9286727,0.8798934,1.537305,-0.5147947,-2.472339,-0.4099627,0.1556782,-0.8987184,0.02898583,-0.01003711,0.8813548,1.279539,-0.3320321,-3.295674,0.0956378,0.1351706,-0.0252912,0.9858715,11.2687,15.47561,358.597,0.3580801,-0.09241053,-0.9291061,0,0,0,1.543455,-0.5171298,-2.458858,0.03130056,-0.009411007,0.8961609,0.9621785,-0.02401292,-0.2713592,0.07572259,0.9804275,0.1817359,0.2616841,-0.1954104,0.9451647,moving,18.18726,-12.7948,2.000379,-0.6016678
05/15/2023 14:23:26.841474,3183,True,True,True,True,Eyes,1.268882,-0.3294126,-3.289389,0.3047248,-0.214384,0.9279991,0.8804429,1.537175,-0.5181655,-2.472339,-0.4190315,0.1280306,-0.8988998,0.02921605,-0.01076604,0.8820214,1.279423,-0.3320149,-3.295652,0.09709011,0.1350438,-0.02548321,0.985742,11.43723,15.46097,358.5959,0.3581047,-0.09246687,-0.929091,0,0,0,1.543461,-0.5200862,-2.458854,0.03165412,-0.009679019,0.8967838,0.9622275,-0.02401691,-0.271185,0.07646257,0.9798482,0.1845289,0.2612883,-0.1982943,0.9446734,moving,18.1785,-13.00812,2.021552,-0.6183714
05/15/2023 14:23:26.862399,3184,True,True,True,True,Eyes,1.26893,-0.3295932,-3.289318,0.3041925,-0.2178012,0.9273778,0.881012,1.536927,-0.5214787,-2.472287,-0.4355305,-0.09281772,-0.895376,0.02932246,-0.01177272,0.8826784,1.279493,-0.3322098,-3.295709,0.09826436,0.1347871,-0.02546467,0.9856613,11.57061,15.43305,358.6132,0.3581282,-0.09252299,-0.9290763,0,0,0,1.543468,-0.523276,-2.458849,0.03202212,-0.01052077,0.8974338,0.962368,-0.02370952,-0.2707134,0.0766886,0.9793913,0.1868461,0.2607043,-0.2005754,0.9443531,moving,18.16019,-13.21679,2.043554,-0.6716576
05/15/2023 14:23:26.871053,3185,True,True,True,True,Eyes,1.268978,-0.3297721,-3.289251,0.3036621,-0.2211427,0.9267606,0.8816743,1.536709,-0.524748,-2.47215,-0.4509754,0.09986446,-0.8869318,0.0295902,-0.01317222,0.8834829,1.279381,-0.3321936,-3.295738,0.09927087,0.1345664,-0.02556325,0.9855881,11.68672,15.40774,358.6148,0.3581511,-0.0925787,-0.9290619,0,0,0,1.543474,-0.5262461,-2.458845,0.03254032,-0.01160514,0.8981076,0.9624768,-0.02367263,-0.2703294,0.07710671,0.9789836,0.1888004,0.2601787,-0.2025603,0.9440744,moving,18.14189,-13.4209,2.075038,-0.7403219
05/15/2023 14:23:26.891315,3186,True,True,True,True,Eyes,1.269017,-0.3299572,-3.28919,0.3031154,-0.2244187,0.9261519,0.8823096,1.536459,-0.527964,-2.472037,-0.4680304,0.08501191,-0.8796139,0.02956736,-0.01474734,0.8841963,1.279438,-0.3323257,-3.295785,0.1000579,0.1344176,-0.02574781,0.985524,11.77921,15.38951,358.6039,0.3581734,-0.09263396,-0.9290478,0,0,0,1.543481,-0.5292394,-2.45884,0.03279209,-0.01293902,0.8987363,0.9625379,-0.02385107,-0.2700962,0.07764927,0.9786509,0.190297,0.2597911,-0.2041408,0.9438406,moving,18.12248,-13.62098,2.089618,-0.8248249
05/15/2023 14:23:26.911752,3187,True,True,True,True,Eyes,1.269054,-0.3301434,-3.289136,0.302565,-0.2276819,0.9255352,0.8829715,1.53621,-0.53118,-2.471915,-0.4850349,0.06812372,-0.8718374,0.02976616,-0.01603447,0.8849263,1.279337,-0.332646,-3.295831,0.1009257,0.1342028,-0.02574918,0.9854647,11.87801,15.36579,358.6145,0.3581947,-0.09268899,-0.9290341,0,0,0,1.543487,-0.532202,-2.458836,0.03326748,-0.01395655,0.8993652,0.9626532,-0.02366079,-0.2697017,0.07783883,0.9783019,0.1920062,0.2593067,-0.2058286,0.9436073,moving,18.10299,-13.82035,2.118403,-0.8890572
05/15/2023 14:23:26.921730,3188,True,True,True,True,Eyes,1.269068,-0.3303194,-3.289078,0.3020201,-0.2308609,0.9249254,0.8836556,1.53595,-0.5343209,-2.471763,-0.5028813,0.06211311,-0.8621209,0.02982253,-0.0161317,0.8857757,1.279319,-0.3328402,-3.295956,0.1024557,0.133996,-0.02595086,0.9853296,12.05555,15.34187,358.6123,0.3582152,-0.09274383,-0.9290208,0,0,0,1.543493,-0.5352526,-2.458831,0.03362323,-0.01392864,0.9001179,0.9627433,-0.02368301,-0.269378,0.07859761,0.9776587,0.1949506,0.2587427,-0.2088599,0.9430958,moving,18.08365,-14.01464,2.139247,-0.8865377
05/15/2023 14:23:26.941289,3189,True,True,True,True,Eyes,1.269085,-0.3304866,-3.289022,0.3014612,-0.2339636,0.924328,0.884338,1.535679,-0.5373895,-2.471604,-0.521388,0.05053189,-0.8518221,0.03026451,-0.01727852,0.8864623,1.279194,-0.3327657,-3.295846,0.1035301,0.1336697,-0.02606529,0.9852586,12.17957,15.30412,358.6116,0.3582344,-0.09279823,-0.9290079,0,0,0,1.543499,-0.5381475,-2.458827,0.03437886,-0.01488331,0.900687,0.962906,-0.02368442,-0.2687955,0.07903979,0.9772043,0.1970396,0.2580014,-0.2109762,0.9428278,moving,18.06327,-14.20423,2.185895,-0.9466921
05/15/2023 14:23:26.961227,3190,True,True,True,True,Eyes,1.269103,-0.3306493,-3.288968,0.3008866,-0.2369645,0.9237506,0.8851858,1.535443,-0.5404068,-2.471277,-0.5370507,-0.1506089,-0.8299961,0.0305974,-0.01901874,0.887321,1.279272,-0.3327189,-3.295825,0.1041735,0.1333118,-0.0263333,0.9852322,12.25666,15.25996,358.586,0.3582524,-0.092852,-0.9289955,0,0,0,1.543506,-0.5411739,-2.458822,0.03504075,-0.01665643,0.9013001,0.9630691,-0.02411371,-0.2681726,0.07966395,0.9769089,0.1982491,0.2571996,-0.2122913,0.9427517,moving,18.04161,-14.38753,2.226424,-1.058731
05/15/2023 14:23:26.971420,3191,True,True,True,True,Eyes,1.269122,-0.3308133,-3.288915,0.3003299,-0.239857,0.923185,0.8857315,1.535133,-0.5432622,-2.471221,-0.5585977,0.06487754,-0.8268976,0.03049465,-0.02120338,0.8878599,1.27921,-0.3327644,-3.295762,0.1044775,0.13328,-0.02648406,0.9852003,12.29365,15.25494,358.5728,0.3582695,-0.09290507,-0.9289837,0,0,0,1.543512,-0.5442354,-2.458817,0.03526179,-0.01901744,0.9019135,0.9630701,-0.02433469,-0.2681489,0.08003373,0.9767661,0.198803,0.2570809,-0.2129222,0.9426417,moving,18.02071,-14.56427,2.238933,-1.207941
05/15/2023 14:23:26.991471,3192,True,True,True,True,Eyes,1.269119,-0.3309798,-3.28886,0.2998192,-0.2426503,0.9226209,0.8864282,1.534887,-0.5460719,-2.471023,-0.5754316,0.07962746,-0.8139644,0.03026807,-0.02343895,0.8884931,1.279262,-0.332958,-3.295719,0.1046696,0.1332388,-0.02639667,0.9851879,12.3142,15.25151,358.5854,0.3582856,-0.09295753,-0.9289722,0,0,0,1.543519,-0.5472664,-2.458813,0.03533718,-0.0214835,0.9024754,0.9631013,-0.02411926,-0.2680563,0.07990346,0.9766949,0.1992044,0.2570046,-0.2132726,0.9425834,moving,18.00233,-14.73516,2.242319,-1.363673
05/15/2023 14:23:27.011075,3193,True,True,True,True,Eyes,1.269116,-0.3311505,-3.288811,0.2993087,-0.2454079,0.922057,0.8871358,1.534643,-0.5488607,-2.470821,-0.5920348,0.09099639,-0.8007587,0.0302567,-0.02520098,0.8892103,1.279049,-0.3331728,-3.295682,0.1051113,0.1331942,-0.02620343,0.985152,12.36164,15.24948,358.6139,0.3583004,-0.09300954,-0.9289613,0,0,0,1.543525,-0.5502259,-2.458808,0.03562459,-0.02342284,0.9031058,0.9631454,-0.02362831,-0.2679415,0.07962915,0.97653,0.2001209,0.2569244,-0.2140815,0.9424219,moving,17.98393,-14.90392,2.258961,-1.485683
05/15/2023 14:23:27.021654,3194,True,True,True,True,Eyes,1.269117,-0.331318,-3.288762,0.2986856,-0.2481422,0.9215272,0.8879131,1.534323,-0.5516466,-2.470526,-0.6138617,0.1118836,-0.7814447,0.03020339,-0.02582891,0.890054,1.279051,-0.3334289,-3.295748,0.1061487,0.1329654,-0.02607229,0.9850751,12.47787,15.22619,358.6421,0.3583139,-0.09306125,-0.9289509,0,0,0,1.543532,-0.553325,-2.458803,0.03597684,-0.02436398,0.9038217,0.9632809,-0.02313811,-0.267497,0.07959457,0.9761053,0.2021955,0.2564268,-0.2160624,0.9421052,moving,17.95856,-15.07073,2.279469,-1.544127
05/15/2023 14:23:27.041156,3195,True,True,True,True,Eyes,1.269117,-0.3314867,-3.288713,0.2980634,-0.2508489,0.9209957,0.8886984,1.534005,-0.5544157,-2.470226,-0.6354745,0.1262891,-0.7617239,0.03041518,-0.02633286,0.8908035,1.278888,-0.333487,-3.295608,0.1073579,0.1327122,-0.02601121,0.9849798,12.61476,15.19954,358.6644,0.3583264,-0.09311261,-0.928941,0,0,0,1.543538,-0.5563102,-2.458799,0.03659104,-0.02508324,0.904417,0.9634218,-0.02274565,-0.2670226,0.07973641,0.9755954,0.2045866,0.2558525,-0.2183946,0.9417236,moving,17.93322,-15.23591,2.316818,-1.588643
05/15/2023 14:23:27.061410,3196,True,True,True,True,Eyes,1.269122,-0.3316567,-3.288668,0.2974228,-0.2535399,0.9204658,0.8893622,1.533638,-0.5571455,-2.47004,-0.6598854,-0.05567314,-0.7493009,0.03045712,-0.02688286,0.8914381,1.27889,-0.3336717,-3.295555,0.1084729,0.1324335,-0.02587384,0.9848988,12.73974,15.17074,358.6937,0.358338,-0.09316367,-0.9289314,0,0,0,1.543544,-0.5592477,-2.458794,0.03705263,-0.02581739,0.905017,0.9635838,-0.02223535,-0.2664804,0.0796971,0.9751284,0.2068165,0.2552539,-0.2205227,0.94139,moving,17.90679,-15.40008,2.344458,-1.634032
05/15/2023 14:23:27.071706,3197,True,True,True,True,Eyes,1.269126,-0.3318325,-3.288624,0.2967763,-0.256228,0.9199299,0.8903791,1.533369,-0.5599725,-2.469538,-0.6787404,0.1610389,-0.7165039,0.03072022,-0.02719192,0.8924662,1.278772,-0.333847,-3.295508,0.1097422,0.1320858,-0.02567904,0.98481,12.88143,15.13495,358.7311,0.3583488,-0.09321449,-0.9289221,0,0,0,1.543551,-0.5623883,-2.45879,0.03772868,-0.02648585,0.9057106,0.9637879,-0.02158718,-0.2657949,0.07956873,0.9745945,0.2093668,0.2545227,-0.2229341,0.94102,moving,17.88009,-15.56411,2.38536,-1.675033
05/15/2023 14:23:27.091684,3198,True,True,True,True,Eyes,1.269174,-0.3320129,-3.288589,0.2959069,-0.2588739,0.9194691,0.8913022,1.532916,-0.5627477,-2.469064,-0.7093951,0.1646963,-0.6852982,0.03072874,-0.02707894,0.8933897,1.27878,-0.334141,-3.295488,0.1111659,0.1317051,-0.02548925,0.9847062,13.04084,15.09565,358.7697,0.3583589,-0.09326525,-0.9289131,0,0,0,1.543557,-0.5652181,-2.458785,0.03831361,-0.02645794,0.9063154,0.9640081,-0.02091662,-0.2650487,0.07948107,0.9739849,0.2122173,0.2537146,-0.2256456,0.9405918,moving,17.8394,-15.72441,2.420682,-1.672153
05/15/2023 14:23:27.121266,3199,True,True,True,True,Eyes,1.26922,-0.3322024,-3.288556,0.2950288,-0.2615603,0.9189909,0.892308,1.532476,-0.5655948,-2.468533,-0.7389153,0.1775963,-0.6499721,0.03083797,-0.02653728,0.8943534,1.27864,-0.3343979,-3.295358,0.1128596,0.1313733,-0.02546032,0.9845586,13.2337,15.06073,358.7944,0.3583693,-0.09331603,-0.928904,0,0,0,1.543563,-0.5682595,-2.458781,0.03900358,-0.02614398,0.9069353,0.9641857,-0.02048087,-0.2644363,0.07978784,0.9732289,0.2155442,0.2529426,-0.2289235,0.9400075,moving,17.79848,-15.88725,2.46254,-1.651193
05/15/2023 14:23:27.121266,3200,True,True,True,True,Eyes,1.269285,-0.3323943,-3.28853,0.294149,-0.264289,0.9184921,0.893359,1.532066,-0.5684993,-2.467987,-0.7667336,0.1877347,-0.6139017,0.03105617,-0.0254571,0.8954064,1.278642,-0.3347838,-3.295344,0.1148008,0.1308884,-0.02543185,0.9843994,13.45474,15.00843,358.8206,0.3583799,-0.09336707,-0.9288948,0,0,0,1.54357,-0.5713161,-2.458776,0.03978027,-0.02525368,0.9076117,0.9644429,-0.02001801,-0.2635321,0.08012238,0.972348,0.2193623,0.2518537,-0.2326772,0.939378,moving,17.75777,-16.05276,2.509646,-1.593805
05/15/2023 14:23:27.141564,3201,True,True,True,True,Eyes,1.269348,-0.3325936,-3.288502,0.293255,-0.267094,0.9179665,0.89446,1.531653,-0.5714985,-2.467418,-0.7946497,0.1909741,-0.5762472,0.03145273,-0.0241735,0.8965731,1.278465,-0.335007,-3.295298,0.1169489,0.1304237,-0.02561544,0.9842035,13.70275,14.95623,358.8254,0.3583911,-0.09341838,-0.9288853,0,0,0,1.543577,-0.5743641,-2.458771,0.04074073,-0.02405931,0.9083576,0.964667,-0.0199158,-0.2627184,0.08092743,0.9713336,0.2235212,0.2507356,-0.2368847,0.9386252,moving,17.71668,-16.22302,2.568051,-1.517216
05/15/2023 14:23:27.161428,3202,True,True,True,True,Eyes,1.269436,-0.332795,-3.288484,0.2922801,-0.2699171,0.9174514,0.8952776,1.531108,-0.5744457,-2.46711,-0.8312253,-0.005447674,-0.5559091,0.03165536,-0.02231665,0.8973398,1.278472,-0.3353584,-3.295199,0.1193617,0.1299346,-0.0258405,0.9839725,13.98173,14.90127,358.8288,0.3584028,-0.09347015,-0.9288756,0,0,0,1.543583,-0.577392,-2.458767,0.04156634,-0.02224983,0.9089886,0.9648985,-0.01983424,-0.2618729,0.08187112,0.9701701,0.2281822,0.2495355,-0.2416125,0.9377396,moving,17.67075,-16.39405,2.618205,-1.402182
05/15/2023 14:23:27.171110,3203,True,True,True,True,Eyes,1.269522,-0.333005,-3.288463,0.2913042,-0.2727924,0.9169112,0.8968981,1.530792,-0.577672,-2.466087,-0.8531066,0.1837599,-0.4883046,0.0321015,-0.02072683,0.8990454,1.27833,-0.3355832,-3.295182,0.1217283,0.1293961,-0.02600859,0.9837492,14.25459,14.8412,358.8371,0.3584155,-0.09352234,-0.9288654,0,0,0,1.543589,-0.5804285,-2.458762,0.04259601,-0.02063492,0.9097635,0.9651604,-0.01966953,-0.2609186,0.0826742,0.9690115,0.2327694,0.2482547,-0.246231,0.9368777,moving,17.62514,-16.56839,2.680686,-1.299339
05/15/2023 14:23:27.191384,3204,True,True,True,True,Eyes,1.2696,-0.3332025,-3.288432,0.2903281,-0.2757175,0.9163457,0.8981714,1.530364,-0.580844,-2.465397,-0.8821295,0.1610255,-0.4426265,0.03210922,-0.01929143,0.9002159,1.278418,-0.3361712,-3.295126,0.1238627,0.1289585,-0.02603672,0.9835394,14.499,14.79457,358.8595,0.358429,-0.09357516,-0.9288549,0,0,0,1.543595,-0.5832593,-2.458758,0.04320203,-0.01895592,0.9103062,0.9653836,-0.01926998,-0.2601215,0.08316258,0.9679602,0.2369324,0.2472216,-0.2503631,0.9360555,moving,17.57989,-16.74591,2.717149,-1.192936
05/15/2023 14:23:27.211403,3205,True,True,True,True,Eyes,1.269693,-0.3334097,-3.288404,0.2893972,-0.2789569,0.9156595,0.8994869,1.530002,-0.5843278,-2.464781,-0.9065112,0.129677,-0.4017726,0.03243251,-0.01880834,0.9014458,1.278301,-0.3360381,-3.294847,0.1260747,0.1285144,-0.02588163,0.9833207,14.74965,14.75021,358.9041,0.3584432,-0.09362823,-0.9288441,0,0,0,1.543602,-0.5862733,-2.458753,0.04403809,-0.01810211,0.9109263,0.9656284,-0.01849505,-0.2592677,0.0833047,0.9668706,0.2412914,0.2462156,-0.2545961,0.9351785,moving,17.53931,-16.94343,2.767769,-1.138443
05/15/2023 14:23:27.221576,3206,True,True,True,True,Eyes,1.269789,-0.3336118,-3.288371,0.288671,-0.2824717,0.9148108,0.9006918,1.529792,-0.5880318,-2.464408,-0.9210532,0.09639188,-0.3773187,0.03277694,-0.01872839,0.9025627,1.278363,-0.3362421,-3.294728,0.1279908,0.1280799,-0.02581558,0.9831315,14.96782,14.70505,358.9339,0.3584584,-0.09368177,-0.9288329,0,0,0,1.543609,-0.5894777,-2.458748,0.04468481,-0.01758368,0.9116135,0.9658582,-0.01797411,-0.2584472,0.08354631,0.9659038,0.2450506,0.2452305,-0.2582764,0.9344278,moving,17.51323,-17.15944,2.806237,-1.105014
05/15/2023 14:23:27.241826,3207,True,True,True,True,Eyes,1.269883,-0.3338141,-3.288335,0.2879325,-0.2859628,0.9139584,0.9019306,1.529578,-0.5917326,-2.464008,-0.9357595,0.03499522,-0.3508979,0.0332002,-0.01918617,0.9036539,1.278308,-0.336284,-3.294472,0.1296827,0.1277019,-0.02584147,0.9829581,15.16178,14.66466,358.9504,0.3584745,-0.0937356,-0.9288213,0,0,0,1.543615,-0.5922577,-2.458744,0.04541306,-0.0172077,0.912136,0.9660488,-0.01768069,-0.2577537,0.08392362,0.9650292,0.2483453,0.244349,-0.2615454,0.9337492,moving,17.48646,-17.37406,2.850266,-1.080773
05/15/2023 14:23:27.261503,3208,True,True,True,True,Eyes,1.269999,-0.3340138,-3.288298,0.2872152,-0.2895206,0.9130636,0.9039706,1.529633,-0.5957319,-2.462915,-0.9322053,-0.2316425,-0.2780918,0.0336787,-0.01977298,0.9055954,1.278387,-0.3364744,-3.294353,0.1312668,0.1272441,-0.02580523,0.9828084,15.34243,14.61549,358.9711,0.3584914,-0.09378972,-0.9288092,0,0,0,1.543621,-0.5953159,-2.45874,0.04611513,-0.01714508,0.9127858,0.9662861,-0.01731734,-0.2568879,0.08412902,0.9642063,0.251453,0.2433384,-0.2645872,0.933156,moving,17.4616,-17.59314,2.892198,-1.076074
05/15/2023 14:23:27.271643,3209,True,True,True,True,Eyes,1.270114,-0.3342165,-3.288258,0.2865005,-0.2930017,0.9121773,0.9046506,1.529297,-0.5992807,-2.463056,-0.9553362,-0.06608132,-0.2880384,0.03391166,-0.02095912,0.9061309,1.278307,-0.336574,-3.294111,0.1325051,0.1270192,-0.02587514,0.9826694,15.48527,14.59137,358.9778,0.3585097,-0.09384399,-0.9287966,0,0,0,1.543628,-0.5982894,-2.458735,0.04663572,-0.01769598,0.9133755,0.9663932,-0.01719202,-0.2564929,0.0845148,0.9635457,0.2538442,0.2427786,-0.2669907,0.9326171,moving,17.43668,-17.80761,2.922907,-1.109925
05/15/2023 14:23:27.291733,3210,True,True,True,True,Eyes,1.27024,-0.3344219,-3.288218,0.2858913,-0.2964435,0.911256,0.9059379,1.52924,-0.6029813,-2.462677,-0.9597565,-0.09811058,-0.2631384,0.0341779,-0.02257217,0.9072774,1.27839,-0.3368393,-3.293984,0.133413,0.1267527,-0.02588252,0.9825807,15.58927,14.56231,358.9862,0.3585292,-0.0938985,-0.9287836,0,0,0,1.543634,-0.6015098,-2.45873,0.04705514,-0.01892732,0.9140472,0.9665277,-0.01704243,-0.2559956,0.08468422,0.9630622,0.2556166,0.2421833,-0.2687393,0.9322695,moving,17.41838,-18.02039,2.946985,-1.186263
05/15/2023 14:23:27.311662,3211,True,True,True,True,Eyes,1.270364,-0.3346368,-3.288177,0.2852935,-0.299853,0.9103273,0.90738,1.529233,-0.6067175,-2.462164,-0.9603016,-0.1590544,-0.2291775,0.03429726,-0.02404729,0.9086013,1.278373,-0.3370863,-3.293836,0.1343839,0.1266454,-0.02599047,0.9824595,15.70215,14.5508,358.9863,0.35855,-0.09395328,-0.92877,0,0,0,1.54364,-0.6043313,-2.458726,0.04730223,-0.01963905,0.9146438,0.9665709,-0.01703095,-0.2558333,0.08510735,0.962531,0.2574703,0.2418625,-0.2706366,0.9318038,moving,17.40082,-18.23138,2.960503,-1.230054
05/15/2023 14:23:27.321674,3212,True,True,True,True,Eyes,1.270519,-0.3348521,-3.288141,0.2846346,-0.3032079,0.9094218,0.9089426,1.529236,-0.6104506,-2.461529,-0.9606831,-0.2050932,-0.1871492,0.03414616,-0.02448906,0.9100699,1.278434,-0.3375162,-3.293753,0.1357944,0.1266062,-0.02613045,0.9822669,15.86604,14.54823,358.9904,0.3585719,-0.09400859,-0.9287559,0,0,0,1.543647,-0.6073741,-2.458721,0.0473053,-0.01956461,0.9153247,0.9665762,-0.01694934,-0.2558188,0.08571895,0.9617541,0.2601561,0.2416253,-0.2733892,0.9310615,moving,17.37929,-18.43876,2.958496,-1.224483
05/15/2023 14:23:27.341473,3213,True,True,True,True,Eyes,1.27067,-0.3350698,-3.288103,0.2839769,-0.3065417,0.9085094,0.91071,1.52929,-0.6142403,-2.460715,-0.9573956,-0.2562286,-0.1331939,0.03428315,-0.02490802,0.911755,1.278405,-0.3377061,-3.293588,0.1373358,0.1264787,-0.02634532,0.9820631,16.04601,14.5344,358.9861,0.3585956,-0.09406433,-0.9287412,0,0,0,1.543653,-0.6103964,-2.458717,0.04759043,-0.01944661,0.9160155,0.9666181,-0.01700544,-0.2556564,0.08648563,0.9608896,0.2630806,0.2411838,-0.276409,0.9302841,moving,17.35791,-18.64499,2.974056,-1.216182
05/15/2023 14:23:27.361557,3214,True,True,True,True,Eyes,1.270829,-0.3352898,-3.288068,0.283351,-0.309806,0.9075971,0,0,0,0,0,0,0,-2.08295,1.088517,2.659386,1.278443,-0.3379693,-3.293515,0.1388262,0.1263158,-0.02662016,0.981867,16.22099,14.51522,358.9734,0.3586208,-0.09412055,-0.9287258,0,0,0,1.54366,-0.6134317,-2.458712,0.04787286,-0.01932026,0.9167609,0.9666713,-0.017203,-0.2554419,0.08734681,0.9600373,0.2658927,0.2406596,-0.2793429,0.9295431,moving,17.33832,-18.84721,2.989246,-1.2073
05/15/2023 14:23:27.371384,3215,True,True,True,True,Eyes,1.270985,-0.33552,-3.288034,0.2827302,-0.3130682,0.9066707,0.9152626,1.529758,-0.6220596,-2.458192,-0.9271157,-0.3731968,0.03435969,0.03464776,-0.0254619,0.9162096,1.278453,-0.3382244,-3.2934,0.1404265,0.1261806,-0.02688057,0.9816498,16.40845,14.49989,358.9645,0.3586475,-0.09417723,-0.9287097,0,0,0,1.543666,-0.616461,-2.458707,0.04812782,-0.01900387,0.91749,0.9667118,-0.01733638,-0.2552799,0.08821283,0.9591156,0.2689158,0.2401809,-0.282483,0.9287176,moving,17.31922,-19.0495,3.002753,-1.186591
05/15/2023 14:23:27.392154,3216,True,True,True,True,Eyes,1.271137,-0.3357456,-3.288,0.2822596,-0.3162898,0.9056988,0,0,0,0,0,0,0,-2.081861,1.107552,2.65238,1.278542,-0.3387125,-3.293409,0.1421468,0.1260369,-0.02696768,0.9814183,16.6072,14.48687,358.9774,0.3586755,-0.09423462,-0.9286931,0,0,0,1.543672,-0.6193849,-2.458703,0.04822418,-0.01816969,0.9182314,0.9667749,-0.01710164,-0.2550566,0.08876465,0.9581341,0.2722132,0.2397231,-0.2858089,0.9278179,moving,17.30956,-19.25032,3.006329,-1.133604
05/15/2023 14:23:27.411445,3217,True,True,True,True,Eyes,1.271286,-0.33597,-3.287968,0.281778,-0.319506,0.9047194,0,0,0,0,0,0,0,-2.081361,1.117274,2.648558,1.278466,-0.3388143,-3.29332,0.1438837,0.1259338,-0.02712488,0.9811741,16.80898,14.47762,358.9831,0.3587045,-0.09429251,-0.9286759,0,0,0,1.543679,-0.622285,-2.458699,0.04845476,-0.01763514,0.919036,0.9668098,-0.01698879,-0.2549317,0.08946811,0.9571234,0.2755181,0.2393204,-0.2891818,0.9268762,moving,17.29938,-19.45092,3.018038,-1.099298
05/15/2023 14:23:27.421452,3218,True,True,True,True,Eyes,1.271429,-0.3361855,-3.287927,0.2812762,-0.3226011,0.9037766,0,0,0,0,0,0,0,-2.080437,1.126347,2.645447,1.278533,-0.3389612,-3.293285,0.1455301,0.1257088,-0.02735234,0.9809536,17.0013,14.45235,358.977,0.3587344,-0.09435084,-0.9286585,0,0,0,1.543685,-0.625482,-2.458694,0.04878828,-0.01747486,0.9199223,0.9668983,-0.01707393,-0.2545903,0.09025159,0.9561457,0.2786397,0.2386679,-0.2923934,0.9260366,moving,17.28735,-19.64392,3.03585,-1.088261
05/15/2023 14:23:27.441954,3219,True,True,True,True,Eyes,1.27157,-0.3364018,-3.287884,0.2807887,-0.3256279,0.9028423,0,0,0,0,0,0,0,-2.08064,1.132858,2.6422,1.278581,-0.3389599,-3.29302,0.1467889,0.1256998,-0.02756595,0.9807613,17.14913,14.45182,358.9705,0.3587649,-0.09440934,-0.9286407,0,0,0,1.543692,-0.6283455,-2.458689,0.04883096,-0.01791012,0.92056,0.9668794,-0.01716857,-0.2546557,0.09097389,0.9553863,0.2809996,0.2384702,-0.2948597,0.9253052,moving,17.27597,-19.83284,3.036399,-1.114588
05/15/2023 14:23:27.461617,3220,True,True,True,True,Eyes,1.271701,-0.3366208,-3.287844,0.2803898,-0.3285057,0.9019233,0,0,0,0,0,0,0,-2.080598,1.137665,2.640127,1.278696,-0.3391874,-3.292921,0.1475696,0.1256876,-0.02753948,0.9806464,17.2385,14.4535,358.985,0.3587961,-0.09446801,-0.9286227,0,0,0,1.543698,-0.6314572,-2.458684,0.04874375,-0.0192776,0.9213312,0.9668884,-0.01691766,-0.2546382,0.09110831,0.9549296,0.2825044,0.2383822,-0.2963499,0.9248517,moving,17.26942,-20.01304,3.028455,-1.198661
05/15/2023 14:23:27.471502,3221,True,True,True,True,Eyes,1.271829,-0.336843,-3.287804,0.2800028,-0.3313395,0.9010064,0,0,0,0,0,0,0,-2.080498,1.142185,2.638268,1.2786,-0.339471,-3.292941,0.1482991,0.1256891,-0.02753792,0.9805363,17.32237,14.45623,358.9962,0.3588276,-0.09452691,-0.9286045,0,0,0,1.543704,-0.6343539,-2.45868,0.04881054,-0.02041671,0.9221865,0.9668878,-0.01672471,-0.2546532,0.09128302,0.9544981,0.2839028,0.2383178,-0.2977476,0.9244192,moving,17.2635,-20.19069,3.029789,-1.26829
05/15/2023 14:23:27.492352,3222,True,True,True,True,Eyes,1.271912,-0.337057,-3.287756,0.2799855,-0.3341198,0.8999845,0,0,0,0,0,0,0,-2.080554,1.148244,2.635603,1.278671,-0.3397601,-3.292892,0.1492858,0.1257012,-0.02751046,0.9803858,17.43547,14.46162,359.0144,0.3588592,-0.09458611,-0.9285863,0,0,0,1.543704,-0.6343539,-2.45868,0.04862937,-0.01835677,0.9220826,0.9668847,-0.01641092,-0.2546852,0.09147254,0.9539139,0.2857991,0.2382575,-0.2996315,0.9238259,static,17.28093,-20.36747,3.018904,-1.140491
05/15/2023 14:23:27.511796,3223,True,True,True,True,Eyes,1.271996,-0.3372687,-3.287708,0.2799732,-0.3368489,0.8989704,0,0,0,0,0,0,0,-2.080563,1.153907,2.633074,1.278695,-0.3397885,-3.292841,0.1502768,0.1256999,-0.02753614,0.9802338,17.54984,14.46452,359.0262,0.3588899,-0.09464542,-0.9285684,0,0,0,1.543704,-0.6343539,-2.45868,0.04853961,-0.01651642,0.9220594,0.9668826,-0.01620418,-0.2547066,0.09176325,0.9533173,0.2876901,0.2381544,-0.3015353,0.9232329,static,17.29856,-20.54123,3.013417,-1.026203
05/15/2023 14:23:27.521683,3224,True,True,True,True,Eyes,1.272038,-0.3374684,-3.287649,0.2801974,-0.3394564,0.8979191,0,0,0,0,0,0,0,-2.081239,1.158892,2.630319,1.278792,-0.3399333,-3.292766,0.1511175,0.1258197,-0.02750816,0.98009,17.64628,14.48241,359.0443,0.3589199,-0.09470476,-0.9285507,0,0,0,1.543704,-0.6343539,-2.45868,0.0481592,-0.01487261,0.9219657,0.9668254,-0.01589381,-0.2549432,0.09194807,0.9528136,0.2892954,0.2383154,-0.3031397,0.9226658,static,17.33064,-20.70899,2.990147,-0.9241818
05/15/2023 14:23:27.541663,3225,True,True,True,True,Eyes,1.27208,-0.3376586,-3.287592,0.2804208,-0.3419761,0.8968927,0,0,0,0,0,0,0,-2.081612,1.162926,2.628057,1.27873,-0.339882,-3.292646,0.151781,0.1259348,-0.02740399,0.9799756,17.7212,14.50049,359.0688,0.3589483,-0.09476387,-0.9285337,0,0,0,1.543704,-0.6343539,-2.45868,0.04794869,-0.01376534,0.9219199,0.9667789,-0.01548149,-0.2551448,0.09193949,0.9524232,0.290581,0.2385072,-0.3043855,0.9222059,static,17.36228,-20.87134,2.977248,-0.8554289
05/15/2023 14:23:27.561580,3226,True,True,True,True,Eyes,1.272128,-0.3378326,-3.287532,0.2805842,-0.3442829,0.8959586,0,0,0,0,0,0,0,-2.081915,1.165126,2.626829,1.278803,-0.3398336,-3.292612,0.1520697,0.126032,-0.0272099,0.9799237,17.75167,14.51673,359.0978,0.3589752,-0.09482249,-0.9285174,0,0,0,1.543704,-0.6343539,-2.45868,0.0476248,-0.01336199,0.9219062,0.9667512,-0.01499596,-0.255279,0.09165855,0.9522688,0.2911748,0.2387278,-0.3048922,0.9219815,static,17.38881,-21.01987,2.957217,-0.8303795
05/15/2023 14:23:27.571727,3227,True,True,True,True,Eyes,1.272177,-0.3380018,-3.287474,0.2807574,-0.3464471,0.8950697,0,0,0,0,0,0,0,-2.08231,1.164437,2.626582,1.278805,-0.3396539,-3.292439,0.1518484,0.1261814,-0.0269406,0.9799463,17.72239,14.53868,359.129,0.359001,-0.09488022,-0.9285015,0,0,0,1.543704,-0.6343539,-2.45868,0.04733449,-0.01408041,0.9218103,0.9667049,-0.01447979,-0.2554838,0.09112155,0.9524325,0.2908077,0.2391202,-0.3044053,0.9220407,static,17.41513,-21.15951,2.939528,-0.8751097
05/15/2023 14:23:27.591910,3228,True,True,True,True,Eyes,1.272213,-0.3381668,-3.28741,0.28087,-0.3484153,0.8942701,0,0,0,0,0,0,0,-2.082362,1.162479,2.627414,1.27887,-0.3397071,-3.292414,0.1512749,0.1262864,-0.02653138,0.9800326,17.6505,14.55649,359.1705,0.3590258,-0.094937,-0.9284862,0,0,0,1.543704,-0.6343539,-2.45868,0.047013,-0.01523313,0.9217502,0.9666957,-0.01379529,-0.2555567,0.09021118,0.9528239,0.2898076,0.2395026,-0.3032098,0.9223353,static,17.43633,-21.28631,2.919787,-0.9468016
05/15/2023 14:23:27.611492,3229,True,True,True,True,Eyes,1.27225,-0.3383254,-3.287348,0.2809796,-0.3502924,0.8935019,0,0,0,0,0,0,0,-2.082022,1.16045,2.62837,1.278826,-0.3398074,-3.292252,0.1507371,0.1263191,-0.02622252,0.9801196,17.58411,14.56391,359.1994,0.3590495,-0.09499286,-0.9284713,0,0,0,1.543704,-0.6343539,-2.45868,0.04698968,-0.01627159,0.9215676,0.9667117,-0.01332045,-0.2555211,0.08948438,0.9531814,0.288856,0.2397102,-0.3021056,0.9226436,static,17.4568,-21.40738,2.918919,-1.011534
05/15/2023 14:23:27.621468,3230,True,True,True,True,Eyes,1.272285,-0.3384667,-3.287282,0.2810331,-0.3520701,0.8927861,0,0,0,0,0,0,0,-2.081557,1.160712,2.628654,1.278916,-0.3398106,-3.292242,0.1506366,0.1262855,-0.02597852,0.9801458,17.56894,14.56388,359.226,0.3590721,-0.09504768,-0.9284569,0,0,0,1.543704,-0.6343539,-2.45868,0.04690112,-0.01654541,0.9215311,0.9667542,-0.01287903,-0.2553831,0.08897193,0.9532675,0.2887302,0.2397298,-0.3018531,0.9227212,static,17.47307,-21.52179,2.913542,-1.028593
05/15/2023 14:23:27.642080,3231,True,True,True,True,Eyes,1.272323,-0.338599,-3.287213,0.2810761,-0.3537167,0.8921214,0,0,0,0,0,0,0,-2.080969,1.160345,2.628967,1.278891,-0.3395627,-3.292026,0.150575,0.1262135,-0.02590886,0.9801663,17.56077,14.55627,359.2319,0.3590939,-0.09510111,-0.928443,0,0,0,1.543704,-0.6343539,-2.45868,0.04709993,-0.01697844,0.9214045,0.9667978,-0.01278081,-0.2552229,0.08879917,0.9533119,0.288637,0.239618,-0.3017171,0.9227947,static,17.48781,-21.6278,2.926272,-1.055653
05/15/2023 14:23:27.661517,3232,True,True,True,True,Eyes,1.272331,-0.3387299,-3.287144,0.2811119,-0.3552696,0.891493,0,0,0,0,0,0,0,-2.080681,1.155129,2.631384,1.27898,-0.3394895,-3.291914,0.149759,0.1261095,-0.02604289,0.9803012,17.4688,14.53832,359.2018,0.3591149,-0.09515303,-0.9284296,0,0,0,1.543704,-0.6343539,-2.45868,0.04734625,-0.018543,0.9212578,0.9668364,-0.01328769,-0.2550508,0.0888318,0.953788,0.2870494,0.2394502,-0.3001864,0.9233372,static,17.50148,-21.72782,2.942017,-1.153089
05/15/2023 14:23:27.671720,3233,True,True,True,True,Eyes,1.272341,-0.3388613,-3.28708,0.281146,-0.3567616,0.8908861,0,0,0,0,0,0,0,-2.081174,1.149871,2.633308,1.278879,-0.3396242,-3.291948,0.1491179,0.1260736,-0.0265485,0.98039,17.40245,14.52267,359.132,0.3591345,-0.09520359,-0.9284168,0,0,0,1.543704,-0.6343539,-2.45868,0.04771049,-0.01940474,0.921239,0.9668012,-0.01445608,-0.2551204,0.08965543,0.954118,0.2856933,0.239285,-0.2990815,0.9237386,static,17.51466,-21.82398,2.96467,-1.206685
05/15/2023 14:23:27.692455,3234,True,True,True,True,Eyes,1.272326,-0.3389899,-3.287012,0.2812364,-0.3582584,0.8902567,0,0,0,0,0,0,0,-2.08248,1.148293,2.633086,1.278922,-0.3397754,-3.292014,0.1490715,0.1261869,-0.02695788,0.9803713,17.40321,14.5288,359.0851,0.3591529,-0.09525292,-0.9284046,0,0,0,1.543704,-0.6343539,-2.45868,0.04757175,-0.0191943,0.9212492,0.9667003,-0.01523572,-0.2554574,0.09047921,0.9541019,0.2854873,0.2393828,-0.2990942,0.9237091,static,17.53158,-21.92091,2.956032,-1.19359
05/15/2023 14:23:27.712038,3235,True,True,True,True,Eyes,1.272314,-0.3391112,-3.28695,0.281336,-0.3597088,0.8896402,0,0,0,0,0,0,0,-2.082798,1.149689,2.632174,1.278911,-0.3398548,-3.291969,0.1492723,0.1262663,-0.02689238,0.9803323,17.42543,14.54019,359.0974,0.3591696,-0.0953011,-0.9283932,0,0,0,1.543704,-0.6343539,-2.45868,0.0474101,-0.01878342,0.9212028,0.9666673,-0.0150308,-0.2555944,0.09042306,0.9539891,0.2858818,0.2395373,-0.2994642,0.9235492,static,17.54881,-22.01499,2.946153,-1.168105
05/15/2023 14:23:27.721976,3236,True,True,True,True,Eyes,1.272302,-0.3392266,-3.286891,0.2813947,-0.3611023,0.8890569,0,0,0,0,0,0,0,-2.083636,1.151064,2.631054,1.278999,-0.3398341,-3.292052,0.1494753,0.1264226,-0.0268011,0.9802839,17.44757,14.56126,359.114,0.3591848,-0.09534802,-0.9283826,0,0,0,1.543704,-0.6343539,-2.45868,0.04697141,-0.01844496,0.9212887,0.9665981,-0.01475126,-0.2558722,0.09033947,0.9538777,0.2862799,0.2398478,-0.2998329,0.923349,static,17.56306,-22.10519,2.918668,-1.146955
05/15/2023 14:23:27.741470,3237,True,True,True,True,Eyes,1.27229,-0.3393436,-3.286837,0.2814664,-0.3624482,0.8884864,0,0,0,0,0,0,0,-2.084504,1.151365,2.630157,1.278905,-0.339812,-3.292029,0.1494281,0.1266535,-0.02658082,0.9802672,17.43911,14.59264,359.1435,0.3591986,-0.09539364,-0.9283726,0,0,0,1.543704,-0.6343539,-2.45868,0.04658298,-0.01862371,0.9213184,0.9665047,-0.01426143,-0.2562523,0.0899638,0.9539294,0.2862258,0.2403647,-0.2996921,0.9232603,static,17.57784,-22.19246,2.89448,-1.15803
05/15/2023 14:23:27.761383,3238,True,True,True,True,Eyes,1.272259,-0.339455,-3.286788,0.2814881,-0.3637717,0.8879384,0,0,0,0,0,0,0,-2.085339,1.152768,2.628972,1.278869,-0.3399236,-3.292104,0.149582,0.1268465,-0.02643047,0.9802228,17.45476,14.61899,359.1671,0.3592112,-0.09543812,-0.9283631,0,0,0,1.543704,-0.6343539,-2.45868,0.04618379,-0.01825967,0.9213884,0.9664228,-0.0138676,-0.2565827,0.08976339,0.9538533,0.2865421,0.2407686,-0.2999525,0.9230704,static,17.5893,-22.27799,2.8695,-1.135314
05/15/2023 14:23:27.771603,3239,True,True,True,True,Eyes,1.272228,-0.3395594,-3.286743,0.2814984,-0.3650594,0.8874065,0,0,0,0,0,0,0,-2.084735,1.15476,2.628652,1.278719,-0.3399058,-3.292225,0.1497961,0.1268156,-0.02622443,0.9801997,17.47631,14.61977,359.194,0.359222,-0.09548143,-0.9283545,0,0,0,1.543704,-0.6343539,-2.45868,0.04627205,-0.0179036,0.9215489,0.9664602,-0.01341738,-0.2564659,0.08940332,0.9537469,0.2870088,0.2407526,-0.3003115,0.9229578,static,17.59979,-22.36118,2.874475,-1.112986
05/15/2023 14:23:27.791801,3240,True,True,True,True,Eyes,1.272194,-0.3396479,-3.2867,0.2814844,-0.3662851,0.8869057,0,0,0,0,0,0,0,-2.083647,1.156785,2.628662,1.278707,-0.3398359,-3.292267,0.1500607,0.1266582,-0.0260947,0.980183,17.50471,14.60424,359.2104,0.3592314,-0.09552346,-0.9283466,0,0,0,1.543704,-0.6343539,-2.45868,0.04649942,-0.01751429,0.9216085,0.9665535,-0.0131423,-0.2561281,0.08916801,0.9536017,0.2875637,0.2404649,-0.3007842,0.9228789,static,17.6083,-22.44024,2.888388,-1.08872
05/15/2023 14:23:27.811404,3241,True,True,True,True,Eyes,1.27211,-0.3397301,-3.286649,0.2818223,-0.3673052,0.8863764,0,0,0,0,0,0,0,-2.081599,1.156254,2.630474,1.278615,-0.3395466,-3.292297,0.1499391,0.1263225,-0.02603423,0.9802464,17.48956,14.56466,359.2095,0.3592393,-0.09556391,-0.9283394,0,0,0,1.543704,-0.6343539,-2.45868,0.04719168,-0.01801756,0.9217099,0.9667296,-0.01315854,-0.2554615,0.0889213,0.9536809,0.2873771,0.2398473,-0.300532,0.9231218,static,17.638,-22.50861,2.930993,-1.119874
05/15/2023 14:23:27.821702,3242,True,True,True,True,Eyes,1.272022,-0.339812,-3.286599,0.2823349,-0.3681668,0.8858557,0,0,0,0,0,0,0,-2.079519,1.15484,2.632664,1.278547,-0.3395137,-3.292267,0.1495832,0.1259979,-0.02589822,0.9803463,17.44637,14.52687,359.2142,0.3592447,-0.09560283,-0.9283333,0,0,0,1.543704,-0.6343539,-2.45868,0.04785031,-0.01875147,0.9216645,0.9669076,-0.0130841,-0.254791,0.08847279,0.9539083,0.2867604,0.2392952,-0.2998129,0.9234988,static,17.67783,-22.56806,2.971972,-1.165535
05/15/2023 14:23:27.842099,3243,True,True,True,True,Eyes,1.271931,-0.3398811,-3.286556,0.2828022,-0.3689922,0.885363,0,0,0,0,0,0,0,-2.077767,1.153266,2.634806,1.278584,-0.3396125,-3.292298,0.1492327,0.1256859,-0.02585499,0.9804409,17.40516,14.48898,359.2083,0.3592478,-0.09564035,-0.9283283,0,0,0,1.543704,-0.6343539,-2.45868,0.04839337,-0.01931101,0.9216096,0.9670692,-0.01318569,-0.2541719,0.08821144,0.9541223,0.2861284,0.2387383,-0.2991269,0.9238653,static,17.71449,-22.62488,3.005819,-1.200375
05/15/2023 14:23:27.861444,3244,True,True,True,True,Eyes,1.271839,-0.3399321,-3.286509,0.2833645,-0.3696558,0.8849063,0,0,0,0,0,0,0,-2.07596,1.1529,2.636409,1.278411,-0.339377,-3.292405,0.1492019,0.1253716,-0.02591952,0.9804841,17.40232,14.45011,359.1944,0.3592487,-0.09567626,-0.9283242,0,0,0,1.543704,-0.6343539,-2.45868,0.04913506,-0.01952556,0.9217876,0.9672203,-0.013416,-0.2535841,0.08823872,0.9541339,0.2860811,0.2381151,-0.2990794,0.9240415,static,17.75609,-22.67197,3.051212,-1.213474
05/15/2023 14:23:27.871371,3245,True,True,True,True,Eyes,1.271745,-0.3399753,-3.286465,0.2839081,-0.3701724,0.8845159,0,0,0,0,0,0,0,-2.075066,1.148338,2.63897,1.278497,-0.3390219,-3.292301,0.1484499,0.1252017,-0.02590218,0.9806203,17.31543,14.42732,359.1821,0.3592477,-0.09571021,-0.9283211,0,0,0,1.543704,-0.6343539,-2.45868,0.04945423,-0.02128947,0.9217271,0.9673073,-0.01362804,-0.253241,0.08797279,0.9545833,0.28466,0.2378603,-0.2976321,0.9245743,static,17.79537,-22.70945,3.071196,-1.323146
05/15/2023 14:23:27.892003,3246,True,True,True,True,Eyes,1.271618,-0.3400097,-3.286415,0.2845487,-0.3705869,0.8841365,0,0,0,0,0,0,0,-2.074071,1.139985,2.643313,1.278351,-0.3388907,-3.292326,0.14687,0.1251035,-0.02565083,0.9808775,17.13002,14.41424,359.1862,0.3592448,-0.09574217,-0.9283189,0,0,0,1.543704,-0.6343539,-2.45868,0.04983173,-0.02438149,0.9217366,0.9673823,-0.01357273,-0.2529571,0.08706856,0.9555424,0.281705,0.2378877,-0.294541,0.9255566,static,17.84015,-22.74105,3.094562,-1.515217
05/15/2023 14:23:27.911372,3247,True,True,True,True,Eyes,1.271494,-0.3400284,-3.286359,0.2851723,-0.370862,0.8838202,0,0,0,0,0,0,0,-2.073884,1.134087,2.646009,1.278404,-0.3387456,-3.292331,0.1457176,0.1251263,-0.02537025,0.9810536,16.99346,14.41768,359.2024,0.3592395,-0.09577215,-0.9283178,0,0,0,1.543704,-0.6343539,-2.45868,0.04975267,-0.0267338,0.921712,0.9673995,-0.01331293,-0.252905,0.08624535,0.9562455,0.2795646,0.2381175,-0.2922625,0.9262196,static,17.88275,-22.76353,3.089744,-1.66137
05/15/2023 14:23:27.921620,3248,True,True,True,True,Eyes,1.27133,-0.3400384,-3.286298,0.2858799,-0.3710173,0.8835264,0,0,0,0,0,0,0,-2.072926,1.12573,2.65001,1.278328,-0.3383961,-3.292143,0.1441273,0.1250603,-0.02500889,0.9813062,16.80536,14.41032,359.2199,0.3592322,-0.09579993,-0.9283178,0,0,0,1.543704,-0.6343539,-2.45868,0.05002293,-0.03015499,0.9215555,0.967469,-0.01303354,-0.2526538,0.08513195,0.9572037,0.2766109,0.2382359,-0.2891213,0.9271744,static,17.92986,-22.77889,3.107022,-1.874154
05/15/2023 14:23:27.941415,3249,True,True,True,True,Eyes,1.271169,-0.3400409,-3.286235,0.2865694,-0.3710576,0.883286,0,0,0,0,0,0,0,-2.071782,1.115748,2.655138,1.278276,-0.3382331,-3.292194,0.1422579,0.1249221,-0.02472917,0.9816036,16.58636,14.39198,359.2224,0.3592222,-0.09582552,-0.9283191,0,0,0,1.543704,-0.6343539,-2.45868,0.05038893,-0.03381771,0.9215216,0.9675659,-0.01300618,-0.2522838,0.08409081,0.9583023,0.2731034,0.2382121,-0.2854603,0.9283143,static,17.97491,-22.78668,3.129824,-2.101679
05/15/2023 14:23:27.962987,3250,True,True,True,True,Eyes,1.270981,-0.3400369,-3.286169,0.287213,-0.3710391,0.8830848,0,0,0,0,0,0,0,-2.071655,1.107516,2.658468,1.27815,-0.3380688,-3.292088,0.1408071,0.1249467,-0.02460684,0.9818127,16.41792,14.39193,359.2156,0.3592098,-0.09584893,-0.9283215,0,0,0,1.543704,-0.6343539,-2.45868,0.05058159,-0.03669615,0.921394,0.9675657,-0.01313184,-0.2522781,0.08350538,0.9591357,0.2703434,0.2384189,-0.2826415,0.9291233,static,18.01651,-22.79032,3.142201,-2.280701
05/15/2023 14:23:27.971746,3251,True,True,True,True,Eyes,1.270793,-0.3400249,-3.2861,0.2878346,-0.3709156,0.8829342,0,0,0,0,0,0,0,-2.070695,1.10145,2.661719,1.278106,-0.3379257,-3.292107,0.1395205,0.1248889,-0.02415456,0.982015,16.26353,14.38812,359.2485,0.3591946,-0.09587023,-0.9283252,0,0,0,1.543704,-0.6343539,-2.45868,0.05069028,-0.03933644,0.9213551,0.9676387,-0.01259117,-0.2520257,0.08228941,0.9599012,0.2679892,0.2385455,-0.2800557,0.9298736,static,18.05586,-22.78699,3.149072,-2.444708
05/15/2023 14:23:27.991480,3252,True,True,True,True,Eyes,1.270617,-0.3400139,-3.286033,0.2881615,-0.370765,0.8828909,0,0,0,0,0,0,0,-2.068499,1.096054,2.665376,1.277928,-0.3377243,-3.291974,0.1382237,0.1246963,-0.02348337,0.982239,16.10474,14.37173,359.3046,0.359177,-0.09588943,-0.92833,0,0,0,1.543704,-0.6343539,-2.45868,0.05114073,-0.04215489,0.9212011,0.9677988,-0.0116606,-0.251455,0.08060452,0.9606855,0.2656808,0.2384711,-0.277394,0.9306901,static,18.07586,-22.77969,3.177529,-2.620073
05/15/2023 14:23:28.011552,3253,True,True,True,True,Eyes,1.270443,-0.3400087,-3.285969,0.2884683,-0.3705925,0.882863,0,0,0,0,0,0,0,-2.067158,1.09148,2.668205,1.277922,-0.337738,-3.291906,0.1372046,0.1245511,-0.02309979,0.9824095,15.98206,14.35719,359.3319,0.3591574,-0.09590674,-0.9283357,0,0,0,1.543704,-0.6343539,-2.45868,0.0513887,-0.04415658,0.9210295,0.9679069,-0.01120895,-0.2510593,0.07956488,0.9612826,0.2638279,0.2383817,-0.2753364,0.9313238,static,18.09438,-22.77082,3.193498,-2.744809
05/15/2023 14:23:28.021433,3254,True,True,True,True,Eyes,1.270269,-0.3400154,-3.28591,0.2887264,-0.3705728,0.882787,0,0,0,0,0,0,0,-2.065396,1.091221,2.669649,1.277814,-0.337871,-3.291913,0.1369003,0.1243481,-0.02272769,0.9824864,15.94161,14.33799,359.3676,0.3591362,-0.09592251,-0.9283423,0,0,0,1.543704,-0.6343539,-2.45868,0.05176215,-0.04470199,0.9209768,0.968042,-0.01061272,-0.2505635,0.07870587,0.9614835,0.263353,0.2381178,-0.2746576,0.9315917,static,18.11097,-22.7715,3.216841,-2.778818
05/15/2023 14:23:28.041625,3255,True,True,True,True,Eyes,1.270099,-0.3400268,-3.285853,0.2889583,-0.3706167,0.8826926,0,0,0,0,0,0,0,-2.063765,1.094311,2.669794,1.277779,-0.3381487,-3.292018,0.1371829,0.1241383,-0.022428,0.9824803,15.96961,14.31886,359.4034,0.3591133,-0.09593721,-0.9283497,0,0,0,1.543704,-0.6343539,-2.45868,0.05202599,-0.04398866,0.9210121,0.9681733,-0.01001083,-0.2500803,0.07812946,0.9613556,0.2639906,0.2377734,-0.2751274,0.9315411,static,18.12638,-22.77611,3.233079,-2.734438
05/15/2023 14:23:28.061440,3256,True,True,True,True,Eyes,1.269916,-0.3400518,-3.285798,0.2891223,-0.370852,0.8825401,0,0,0,0,0,0,0,-2.062954,1.099173,2.668386,1.277719,-0.3382688,-3.291998,0.1380231,0.123994,-0.02250283,0.9823791,16.06707,14.30342,359.4047,0.359089,-0.09595106,-0.9283576,0,0,0,1.543704,-0.6343539,-2.45868,0.05230561,-0.04230952,0.9210361,0.9682382,-0.009984535,-0.2498301,0.0784407,0.9608865,0.2656016,0.2374065,-0.2767624,0.9311502,static,18.13892,-22.79262,3.250334,-2.63014
05/15/2023 14:23:28.071999,3257,True,True,True,True,Eyes,1.269735,-0.3400821,-3.285749,0.2892477,-0.3712117,0.8823478,0,0,0,0,0,0,0,-2.062387,1.106164,2.666044,1.277722,-0.3386096,-3.292051,0.139289,0.1238379,-0.02275209,0.9822145,16.21595,14.28522,359.3916,0.3590632,-0.09596454,-0.9283662,0,0,0,1.543704,-0.6343539,-2.45868,0.05254801,-0.03956488,0.9210816,0.9682931,-0.01019636,-0.2496089,0.07919335,0.9601618,0.2679881,0.2369324,-0.2792584,0.9305255,static,18.14997,-22.81693,3.265203,-2.459617
05/15/2023 14:23:28.091271,3258,True,True,True,True,Eyes,1.269562,-0.3401119,-3.285704,0.289165,-0.3717282,0.8821574,0,0,0,0,0,0,0,-2.061658,1.115014,2.663024,1.277587,-0.3387604,-3.292172,0.1410161,0.1236232,-0.02321183,0.9819843,16.42083,14.25817,359.3596,0.3590359,-0.09597783,-0.9283754,0,0,0,1.543704,-0.6343539,-2.45868,0.05304421,-0.03605568,0.9212978,0.9683571,-0.01072159,-0.2493386,0.08045302,0.9591514,0.2712121,0.2362456,-0.2826901,0.9296635,static,18.14878,-22.84984,3.295197,-2.24117
05/15/2023 14:23:28.111849,3259,True,True,True,True,Eyes,1.269391,-0.3401391,-3.285665,0.2890563,-0.3723299,0.8819393,0,0,0,0,0,0,0,-2.061399,1.123328,2.659752,1.277582,-0.3387717,-3.292192,0.1428214,0.1234114,-0.02391161,0.9817331,16.63819,14.22758,359.3004,0.3590075,-0.0959909,-0.928385,0,0,0,1.543704,-0.6343539,-2.45868,0.05350457,-0.03249174,0.9214191,0.9683958,-0.01169805,-0.2491443,0.08220122,0.9580606,0.2745231,0.235484,-0.286327,0.9287433,static,18.1466,-22.8881,3.323295,-2.019568
05/15/2023 14:23:28.122131,3260,True,True,True,True,Eyes,1.269253,-0.3401565,-3.285632,0.2890565,-0.372996,0.8816577,0,0,0,0,0,0,0,-2.061351,1.128863,2.657468,1.27745,-0.3387365,-3.292266,0.1441347,0.1232628,-0.0245656,0.9815439,16.7984,14.20337,359.2404,0.3589781,-0.09600369,-0.928395,0,0,0,1.543704,-0.6343539,-2.45868,0.05398363,-0.02986296,0.9215963,0.9684056,-0.01269151,-0.2490572,0.08375732,0.9572434,0.276893,0.2348942,-0.2890051,0.9280629,static,18.15202,-22.93138,3.35234,-1.855935
05/15/2023 14:23:28.141856,3261,True,True,True,True,Eyes,1.26912,-0.3401663,-3.285598,0.2890787,-0.3736137,0.8813888,0,0,0,0,0,0,0,-2.061826,1.13165,2.655943,1.277552,-0.338497,-3.292275,0.1448305,0.1232552,-0.02487144,0.9814346,16.88276,14.19967,359.2146,0.3589485,-0.09601591,-0.9284052,0,0,0,1.543704,-0.6343539,-2.45868,0.05393682,-0.0287174,0.9216912,0.9683791,-0.01311717,-0.2491381,0.08452158,0.9568111,0.2781522,0.2347295,-0.2904143,0.9276646,static,18.1585,-22.9717,3.349096,-1.784604
05/15/2023 14:23:28.161363,3262,True,True,True,True,Eyes,1.269031,-0.3401756,-3.285574,0.2891019,-0.3741003,0.8811749,0,0,0,0,0,0,0,-2.063432,1.129593,2.655497,1.277568,-0.3383266,-3.292226,0.1445384,0.1235383,-0.02487062,0.981442,16.8494,14.23245,359.2154,0.3589189,-0.0960274,-0.9284155,0,0,0,1.543704,-0.6343539,-2.45868,0.05344324,-0.02943069,0.9217031,0.9682395,-0.01310606,-0.2496809,0.08453021,0.9569801,0.2775673,0.2353019,-0.2898571,0.9276938,static,18.16398,-23.00351,3.318474,-1.828877
05/15/2023 14:23:28.172021,3263,True,True,True,True,Eyes,1.268946,-0.3401811,-3.285551,0.2891763,-0.3745341,0.8809661,0,0,0,0,0,0,0,-2.066673,1.125218,2.654963,1.277672,-0.3383082,-3.292291,0.1438245,0.1240997,-0.02482612,0.9814772,16.76715,14.29771,359.2199,0.3588903,-0.09603814,-0.9284254,0,0,0,1.543704,-0.6343539,-2.45868,0.05234686,-0.03076264,0.9217576,0.9679659,-0.01303538,-0.2507432,0.0844297,0.9573963,0.2761592,0.2364608,-0.2884828,0.9278275,static,18.17238,-23.0323,3.250351,-1.911474
05/15/2023 14:23:28.191799,3264,True,True,True,True,Eyes,1.268888,-0.3401821,-3.285535,0.2893044,-0.37485,0.8807896,0,0,0,0,0,0,0,-2.070457,1.122217,2.653308,1.277704,-0.3382236,-3.292307,0.14338,0.1247707,-0.02479745,0.9814579,16.71617,14.3767,359.2285,0.3588627,-0.09604811,-0.9284351,0,0,0,1.543704,-0.6343539,-2.45868,0.05111501,-0.03166561,0.9218284,0.9676348,-0.01289607,-0.2520252,0.08445454,0.9576545,0.2752549,0.2378034,-0.2876309,0.9277489,static,18.1833,-23.05383,3.173777,-1.967386
05/15/2023 14:23:28.211551,3265,True,True,True,True,Eyes,1.26883,-0.3401723,-3.285518,0.2894692,-0.3750781,0.8806384,0,0,0,0,0,0,0,-2.073968,1.117707,2.652533,1.277733,-0.3381052,-3.292358,0.1426236,0.1254136,-0.02467741,0.9814892,16.62802,14.45277,359.2425,0.3588365,-0.0960572,-0.9284443,0,0,0,1.543704,-0.6343539,-2.45868,0.04992668,-0.03319459,0.9219158,0.9673249,-0.01266734,-0.2532233,0.08421511,0.9580991,0.2737773,0.239145,-0.2861569,0.9278598,static,18.19589,-23.06994,3.099846,-2.062106
05/15/2023 14:23:28.221962,3266,True,True,True,True,Eyes,1.268808,-0.3401608,-3.285508,0.2895918,-0.3751795,0.8805549,0,0,0,0,0,0,0,-2.076396,1.11175,2.652998,1.277642,-0.3378436,-3.29231,0.1416274,0.1258872,-0.02455853,0.9815758,16.51219,14.50772,359.2498,0.3588117,-0.09606521,-0.928453,0,0,0,1.543704,-0.6343539,-2.45868,0.04921219,-0.03531839,0.9219412,0.9670986,-0.01255396,-0.2540919,0.08387027,0.9586771,0.2718529,0.2401793,-0.2842193,0.9281882,static,18.20471,-23.07748,3.055485,-2.193855
05/15/2023 14:23:28.241553,3267,True,True,True,True,Eyes,1.268781,-0.3401503,-3.285504,0.2897119,-0.3752109,0.880502,0,0,0,0,0,0,0,-2.077888,1.104717,2.654753,1.277641,-0.3377874,-3.292304,0.1404713,0.1261377,-0.02458308,0.9817091,16.37995,14.53312,359.2338,0.3587889,-0.09607214,-0.9284611,0,0,0,1.543704,-0.6343539,-2.45868,0.04886596,-0.03748672,0.9218876,0.9669699,-0.01282941,-0.2545675,0.08370432,0.959327,0.2696022,0.2407546,-0.2820056,0.9287142,static,18.21277,-23.08045,3.034204,-2.328536
05/15/2023 14:23:28.261511,3268,True,True,True,True,Eyes,1.26879,-0.3401443,-3.285508,0.2898066,-0.3752073,0.8804724,0,0,0,0,0,0,0,-2.077857,1.099326,2.65714,1.277496,-0.3378135,-3.29246,0.1395632,0.1261295,-0.02463621,0.9818384,16.27642,14.52811,359.2138,0.3587678,-0.09607812,-0.9284686,0,0,0,1.543704,-0.6343539,-2.45868,0.04907902,-0.03905644,0.9219853,0.9669688,-0.0131715,-0.2545542,0.08358361,0.9598303,0.2678422,0.2408009,-0.2802716,0.929227,static,18.21891,-23.08095,3.047086,-2.42567
05/15/2023 14:23:28.271211,3269,True,True,True,True,Eyes,1.268793,-0.340132,-3.28551,0.2898816,-0.3751869,0.8804563,0,0,0,0,0,0,0,-2.078301,1.095783,2.658278,1.277506,-0.337907,-3.292464,0.1390406,0.12616,-0.02480262,0.9819044,16.21887,14.52722,359.187,0.358749,-0.09608332,-0.9284754,0,0,0,1.543704,-0.6343539,-2.45868,0.04911248,-0.03986938,0.9219192,0.966937,-0.01362487,-0.2546512,0.08379034,0.9601051,0.266791,0.240857,-0.2793074,0.9295027,static,18.22363,-23.0802,3.049379,-2.476274
05/15/2023 14:23:28.291902,3270,True,True,True,True,Eyes,1.268818,-0.3401223,-3.285516,0.2899419,-0.3750655,0.8804883,0,0,0,0,0,0,0,-2.077415,1.093582,2.659738,1.27739,-0.3377504,-3.292413,0.1387739,0.1259775,-0.02498084,0.9819611,16.19069,14.50166,359.159,0.3587322,-0.09608764,-0.9284814,0,0,0,1.543704,-0.6343539,-2.45868,0.04965577,-0.04045328,0.9219026,0.9670113,-0.01409564,-0.2543434,0.0840252,0.9602355,0.2662471,0.2404766,-0.2788352,0.9297429,static,18.22655,-23.07277,3.083102,-2.51254
05/15/2023 14:23:28.311609,3271,True,True,True,True,Eyes,1.268835,-0.3401215,-3.285529,0.2899748,-0.3749592,0.8805227,0,0,0,0,0,0,0,-2.076299,1.092017,2.661224,1.277353,-0.3378028,-3.292398,0.1385121,0.1257677,-0.02504521,0.9820232,16.1614,14.47474,359.144,0.3587176,-0.09609122,-0.9284866,0,0,0,1.543704,-0.6343539,-2.45868,0.05012242,-0.04086223,0.9218405,0.9671105,-0.01434926,-0.2539517,0.08403067,0.9603742,0.2657446,0.2400754,-0.2783441,0.9299937,static,18.22781,-23.0661,3.112229,-2.538077
05/15/2023 14:23:28.321784,3272,True,True,True,True,Eyes,1.268839,-0.3401213,-3.285542,0.2900178,-0.3748367,0.8805607,0,0,0,0,0,0,0,-2.074094,1.093711,2.66239,1.277191,-0.3380164,-3.292555,0.1386679,0.1254198,-0.02495486,0.982048,16.17766,14.43532,359.151,0.3587047,-0.09609437,-0.9284913,0,0,0,1.543704,-0.6343539,-2.45868,0.05082853,-0.0403472,0.9219437,0.9672942,-0.01423033,-0.2532575,0.08379713,0.9602969,0.2660974,0.2394157,-0.2786167,0.9300822,static,18.2296,-23.05846,3.155632,-2.505848
05/15/2023 14:23:28.341656,3273,True,True,True,True,Eyes,1.26884,-0.3401193,-3.285554,0.2900367,-0.3747493,0.8805917,0,0,0,0,0,0,0,-2.071798,1.096843,2.662748,1.276829,-0.3377802,-3.292605,0.1391415,0.1251019,-0.02485173,0.9820242,16.23029,14.40073,359.1648,0.3586932,-0.09609716,-0.9284955,0,0,0,1.543704,-0.6343539,-2.45868,0.05167565,-0.03969648,0.9221511,0.9674639,-0.01399626,-0.252622,0.08362373,0.9600441,0.2670627,0.2387904,-0.2794987,0.9299783,static,18.23011,-23.05292,3.207395,-2.46493
05/15/2023 14:23:28.361661,3274,True,True,True,True,Eyes,1.268826,-0.3401106,-3.285567,0.2900919,-0.3746895,0.8805989,0,0,0,0,0,0,0,-2.069545,1.100214,2.663067,1.27675,-0.3377329,-3.292606,0.139589,0.1247623,-0.02467929,0.9820083,16.27889,14.36461,359.1859,0.3586826,-0.09609959,-0.9284993,0,0,0,1.543704,-0.6343539,-2.45868,0.05227742,-0.0389729,0.9221874,0.9676507,-0.01363965,-0.2519251,0.0833014,0.9598117,0.2679969,0.2381453,-0.2803131,0.9298986,static,18.23321,-23.04946,3.244539,-2.419958
05/15/2023 14:23:28.371728,3275,True,True,True,True,Eyes,1.26881,-0.3400995,-3.285585,0.2901152,-0.3746826,0.8805943,0,0,0,0,0,0,0,-2.067377,1.103804,2.663321,1.276711,-0.337818,-3.292658,0.1399876,0.1244579,-0.02439133,0.9819974,16.32027,14.33446,359.2203,0.3586727,-0.09610151,-0.928503,0,0,0,1.543704,-0.6343539,-2.45868,0.05272822,-0.03824103,0.9222232,0.9678306,-0.01305931,-0.2512636,0.08274957,0.9596171,0.2688636,0.2376057,-0.2810063,0.9298273,static,18.23467,-23.04919,3.272331,-2.374474
05/15/2023 14:23:28.391999,3276,True,True,True,True,Eyes,1.268817,-0.3400896,-3.28561,0.2900304,-0.3746619,0.880631,0,0,0,0,0,0,0,-2.065112,1.108403,2.663243,1.276642,-0.3377324,-3.292754,0.140689,0.1240935,-0.02429458,0.9819456,16.39917,14.29504,359.2358,0.3586633,-0.0961029,-0.9285065,0,0,0,1.543704,-0.6343539,-2.45868,0.05334613,-0.03703828,0.9223707,0.9680212,-0.01279474,-0.250542,0.0826291,0.9592327,0.2702683,0.2368701,-0.2823275,0.9296148,static,18.22898,-23.04719,3.310065,-2.299507
05/15/2023 14:23:28.411387,3277,True,True,True,True,Eyes,1.268826,-0.3400776,-3.285639,0.2899333,-0.3746718,0.8806587,0,0,0,0,0,0,0,-2.063554,1.112305,2.66301,1.276745,-0.3377545,-3.292862,0.1412386,0.1238361,-0.02414921,0.9819029,16.46002,14.26868,359.2566,0.3586547,-0.0961038,-0.9285097,0,0,0,1.543704,-0.6343539,-2.45868,0.05359539,-0.03603752,0.9224569,0.968163,-0.01244349,-0.2500116,0.08240525,0.9589369,0.2713841,0.2363684,-0.2833463,0.9294325,static,18.22275,-23.04708,3.325187,-2.23723
05/15/2023 14:23:28.422108,3278,True,True,True,True,Eyes,1.268827,-0.340064,-3.285666,0.2899126,-0.3746681,0.8806671,0,0,0,0,0,0,0,-2.062436,1.114981,2.662921,1.276833,-0.3376881,-3.292967,0.1416526,0.1236346,-0.02409719,0.9818699,16.50669,14.24697,359.2653,0.3586469,-0.0961042,-0.9285127,0,0,0,1.543704,-0.6343539,-2.45868,0.05380091,-0.03533827,0.9225627,0.9682677,-0.01229428,-0.249613,0.08234693,0.9587077,0.2722103,0.2359594,-0.2841273,0.929298,static,18.22137,-23.04668,3.337527,-2.193612
05/15/2023 14:23:28.441680,3279,True,True,True,True,Eyes,1.268836,-0.3400393,-3.285688,0.2899023,-0.3746747,0.8806677,0,0,0,0,0,0,0,-2.063556,1.115062,2.662221,1.277062,-0.3376552,-3.293046,0.1418096,0.1237354,-0.02431702,0.9818292,16.52797,14.25585,359.2436,0.3586397,-0.09610411,-0.9285155,0,0,0,1.543704,-0.6343539,-2.45868,0.05343372,-0.03500368,0.9226127,0.9681965,-0.01265657,-0.2498708,0.08284405,0.9585975,0.2724478,0.2360773,-0.2844833,0.9291591,static,18.22075,-23.04703,3.31462,-2.172745
05/15/2023 14:23:28.461725,3280,True,True,True,True,Eyes,1.268884,-0.3400178,-3.285721,0.2897763,-0.374642,0.8807231,0,0,0,0,0,0,0,-2.065998,1.113016,2.661144,1.277269,-0.3373729,-3.292963,0.1418462,0.1240023,-0.02484366,0.981777,16.53996,14.27895,359.1869,0.3586333,-0.09610327,-0.9285181,0,0,0,1.543704,-0.6343539,-2.45868,0.05293694,-0.03506735,0.922595,0.9680125,-0.01360336,-0.2505332,0.08396035,0.9585249,0.2723612,0.2364372,-0.2846839,0.9290062,static,18.21228,-23.04393,3.283934,-2.176735
05/15/2023 14:23:28.471577,3281,True,True,True,True,Eyes,1.268936,-0.3399958,-3.285753,0.2896647,-0.3746213,0.8807685,0,0,0,0,0,0,0,-2.068817,1.110698,2.660181,1.277463,-0.3374396,-3.29309,0.141773,0.1243293,-0.02536553,0.9817329,16.53935,14.30892,359.1302,0.3586284,-0.09610178,-0.9285201,0,0,0,1.543704,-0.6343539,-2.45868,0.05229416,-0.03494193,0.9226739,0.9677977,-0.01455127,-0.2513086,0.08505742,0.958514,0.2720591,0.236924,-0.2846738,0.9288853,static,18.20486,-23.04173,3.243869,-2.168771
05/15/2023 14:23:28.491463,3282,True,True,True,True,Eyes,1.268995,-0.3399778,-3.285788,0.2895671,-0.3745895,0.8808142,0,0,0,0,0,0,0,-2.071794,1.108033,2.659084,1.277607,-0.3374184,-3.293123,0.1417803,0.124644,-0.02609843,0.9816726,16.55106,14.33416,359.0498,0.358625,-0.09609969,-0.9285216,0,0,0,1.543704,-0.6343539,-2.45868,0.05180684,-0.03470349,0.9227057,0.9675655,-0.01589611,-0.2521197,0.08658434,0.9584345,0.2718576,0.2373187,-0.2848697,0.9287245,static,18.19825,-23.03891,3.213592,-2.153912
05/15/2023 14:23:28.511940,3283,True,True,True,True,Eyes,1.269058,-0.3399478,-3.28582,0.2894782,-0.3745753,0.8808495,0,0,0,0,0,0,0,-2.075322,1.104751,2.657903,1.277797,-0.3375159,-3.293205,0.1417394,0.1250155,-0.02695448,0.9816083,16.55911,14.36394,358.9552,0.358623,-0.09609716,-0.9285226,0,0,0,1.543704,-0.6343539,-2.45868,0.05120082,-0.03439027,0.9227386,0.9672892,-0.01747824,-0.2530735,0.0883567,0.9583668,0.2715256,0.2377914,-0.2850045,0.9285622,static,18.19235,-23.0373,3.175965,-2.134414
05/15/2023 14:23:28.521566,3284,True,True,True,True,Eyes,1.269138,-0.3399113,-3.285852,0.2893966,-0.3745096,0.8809041,0,0,0,0,0,0,0,-2.078481,1.101402,2.656843,1.277938,-0.3372136,-3.293197,0.1417866,0.1253206,-0.02787398,0.9815368,16.57821,14.38501,358.8533,0.3586226,-0.0960939,-0.9285231,0,0,0,1.543704,-0.6343539,-2.45868,0.05080579,-0.03429741,0.9228133,0.9670356,-0.01918111,-0.2539178,0.09025624,0.9582392,0.2713511,0.2381092,-0.2853239,0.9283826,static,18.1865,-23.0324,3.151257,-2.128483
05/15/2023 14:23:28.551163,3285,True,True,True,True,Eyes,1.269221,-0.3398765,-3.285884,0.2893396,-0.3743829,0.8809768,0,0,0,0,0,0,0,-2.081648,1.094686,2.65721,1.278193,-0.337038,-3.293173,0.1411499,0.1256462,-0.02863678,0.9815649,16.51652,14.40909,358.76,0.3586239,-0.09608979,-0.9285231,0,0,0,1.543704,-0.6343539,-2.45868,0.05027926,-0.03540809,0.9227619,0.9667859,-0.02074782,-0.2547441,0.09168762,0.9585133,0.2698993,0.2385758,-0.2842917,0.9285794,static,18.18175,-23.02371,3.118837,-2.197468
05/15/2023 14:23:28.561538,3286,True,True,True,True,Eyes,1.26931,-0.3398408,-3.28592,0.2892629,-0.3741995,0.8810799,0,0,0,0,0,0,0,-2.085014,1.08629,2.658125,1.278329,-0.3370653,-3.293205,0.1401532,0.1260441,-0.02932555,0.9816365,16.41255,14.44209,358.6713,0.3586268,-0.09608495,-0.9285224,0,0,0,1.543704,-0.6343539,-2.45868,0.04972875,-0.03698592,0.9227101,0.9665058,-0.0222431,-0.2556791,0.09290501,0.9589942,0.2677663,0.2392388,-0.2825515,0.9289399,static,18.17526,-23.0112,3.084927,-2.295416
05/15/2023 14:23:28.571547,3287,True,True,True,True,Eyes,1.2694,-0.3398017,-3.285952,0.2892172,-0.373979,0.8811885,0,0,0,0,0,0,0,-2.088279,1.080605,2.658096,1.278453,-0.3370386,-3.293335,0.1396278,0.1264235,-0.03002007,0.9816416,16.36285,14.47428,358.5886,0.3586313,-0.09607942,-0.9285213,0,0,0,1.543704,-0.6343539,-2.45868,0.04915798,-0.03772104,0.9228022,0.9662318,-0.02363342,-0.2565884,0.09424236,0.9592058,0.2665384,0.2398219,-0.2817194,0.9290424,static,18.17049,-22.99651,3.049283,-2.340755
05/15/2023 14:23:28.591847,3288,True,True,True,True,Eyes,1.269492,-0.3397587,-3.285985,0.2892004,-0.3737354,0.8812973,0,0,0,0,0,0,0,-2.09168,1.074292,2.657927,1.278556,-0.3369308,-3.293262,0.1389243,0.1268854,-0.03053867,0.9816658,16.2903,14.51881,358.5253,0.3586374,-0.09607318,-0.9285195,0,0,0,1.543704,-0.6343539,-2.45868,0.04847217,-0.03897427,0.9227261,0.965935,-0.02470261,-0.2576033,0.09521247,0.9595349,0.2650045,0.240633,-0.2805042,0.9292003,static,18.16741,-22.98054,3.007068,-2.418632
05/15/2023 14:23:28.611401,3289,True,True,True,True,Eyes,1.269584,-0.3397195,-3.286017,0.2892038,-0.3734445,0.8814195,0,0,0,0,0,0,0,-2.093829,1.068537,2.658698,1.278691,-0.3368168,-3.293338,0.138181,0.1271594,-0.03087024,0.9817249,16.21022,14.544,358.4801,0.3586448,-0.09606618,-0.9285174,0,0,0,1.543704,-0.6343539,-2.45868,0.0480054,-0.04033232,0.9227576,0.965755,-0.02547013,-0.2582024,0.09575418,0.9599061,0.2634605,0.2411397,-0.2791623,0.929473,static,18.16525,-22.96166,2.978062,-2.502718
05/15/2023 14:23:28.621536,3290,True,True,True,True,Eyes,1.269675,-0.3396714,-3.286048,0.2892396,-0.3731692,0.8815244,0,0,0,0,0,0,0,-2.095224,1.063726,2.659579,1.278796,-0.3368792,-3.293331,0.137399,0.1273788,-0.03091338,0.9818048,16.1214,14.56737,358.4671,0.3586535,-0.09605862,-0.9285148,0,0,0,1.543704,-0.6343539,-2.45868,0.04759464,-0.04170737,0.9226617,0.965638,-0.02569835,-0.2586172,0.09570526,0.9603317,0.2619226,0.2416274,-0.2776734,0.9297923,static,18.16533,-22.94404,2.952932,-2.588197
05/15/2023 14:23:28.641544,3291,True,True,True,True,Eyes,1.269766,-0.3396184,-3.286072,0.2892959,-0.3728294,0.8816497,0,0,0,0,0,0,0,-2.096195,1.059833,2.660451,1.278929,-0.3366293,-3.293372,0.136787,0.1275298,-0.0309063,0.9818708,16.05126,14.58386,358.4614,0.3586633,-0.09605031,-0.9285119,0,0,0,1.543704,-0.6343539,-2.45868,0.0472448,-0.04307695,0.9226961,0.9655619,-0.02580318,-0.2588907,0.09558082,0.9606683,0.2607313,0.2419804,-0.2764972,0.930051,static,18.16623,-22.92238,2.931156,-2.672967
05/15/2023 14:23:28.661945,3292,True,True,True,True,Eyes,1.269851,-0.3395649,-3.286096,0.2894037,-0.3724858,0.8817595,0,0,0,0,0,0,0,-2.097311,1.053832,2.661823,1.279018,-0.336467,-3.293248,0.1357744,0.1277375,-0.03083333,0.9819867,15.93427,14.60715,358.4584,0.3586742,-0.09604119,-0.9285086,0,0,0,1.543704,-0.6343539,-2.45868,0.04689321,-0.04515848,0.9225294,0.9654648,-0.02586886,-0.2592459,0.09524281,0.9612292,0.2587802,0.2425004,-0.2745344,0.9304969,static,18.17044,-22.90088,2.909904,-2.802433
05/15/2023 14:23:28.677310,3293,True,True,True,True,Eyes,1.26993,-0.3395116,-3.286118,0.2895224,-0.372135,0.8818687,0,0,0,0,0,0,0,-2.098184,1.048415,2.663362,1.279089,-0.3364172,-3.293297,0.1349684,0.1278359,-0.03100805,0.9820794,15.84449,14.614,358.4276,0.3586859,-0.09603135,-0.9285052,0,0,0,1.543704,-0.6343539,-2.45868,0.04677241,-0.04662189,0.9225023,0.9653929,-0.0263971,-0.2594603,0.09541235,0.9616441,0.2571716,0.2427199,-0.2730273,0.9308829,static,18.1753,-22.879,2.902506,-2.893182
05/15/2023 14:23:28.691782,3294,True,True,True,True,Eyes,1.27004,-0.3394658,-3.286149,0.2894136,-0.3717544,0.8820649,0,0,0,0,0,0,0,-2.099984,1.045161,2.663162,1.279038,-0.3363799,-3.293271,0.1346246,0.1280935,-0.03131092,0.9820835,15.80991,14.63894,358.3913,0.3586982,-0.09602086,-0.9285015,0,0,0,1.543704,-0.6343539,-2.45868,0.04649381,-0.04719169,0.922491,0.9652234,-0.02701081,-0.2600274,0.09598894,0.9617916,0.2564037,0.2431666,-0.2724466,0.9309365,static,18.16514,-22.85344,2.885283,-2.928517
05/15/2023 14:23:28.711379,3295,True,True,True,True,Eyes,1.270147,-0.3394187,-3.286174,0.289324,-0.3713816,0.8822513,0,0,0,0,0,0,0,-2.100526,1.043916,2.663329,1.27905,-0.3364917,-3.293341,0.1343094,0.1282239,-0.03114726,0.9821149,15.77153,14.65628,358.408,0.3587118,-0.09600995,-0.9284974,0,0,0,1.543704,-0.6343539,-2.45868,0.04619968,-0.04770213,0.922503,0.965177,-0.02673704,-0.2602279,0.09562373,0.9619817,0.2558269,0.2434944,-0.2718022,0.9310393,static,18.1563,-22.82855,2.867023,-2.960098
05/15/2023 14:23:28.721691,3296,True,True,True,True,Eyes,1.270267,-0.3393781,-3.286203,0.2891099,-0.3710679,0.8824534,0,0,0,0,0,0,0,-2.100652,1.044768,2.662754,1.279088,-0.3364115,-3.29322,0.1342774,0.1283324,-0.03079047,0.9821163,15.76276,14.67479,358.451,0.3587265,-0.09599866,-0.9284929,0,0,0,1.543704,-0.6343539,-2.45868,0.04588217,-0.04799327,0.9224098,0.9651654,-0.02601537,-0.2603436,0.09494391,0.9620431,0.2558492,0.2438057,-0.2716548,0.9310008,static,18.13986,-22.80655,2.847638,-2.978432
05/15/2023 14:23:28.741385,3297,True,True,True,True,Eyes,1.270382,-0.339341,-3.286237,0.2889071,-0.3707886,0.8826372,0,0,0,0,0,0,0,-2.10012,1.047271,2.662267,1.279107,-0.3365037,-3.293265,0.1343689,0.1283659,-0.03023805,0.9821165,15.76515,14.68782,358.5175,0.3587424,-0.09598716,-0.928488,0,0,0,1.543704,-0.6343539,-2.45868,0.04559454,-0.0479122,0.9224339,0.9652157,-0.0248978,-0.2602668,0.09389134,0.9620613,0.2561687,0.2440145,-0.2716948,0.9309343,static,18.12444,-22.78687,2.829743,-2.973332
05/15/2023 14:23:28.761424,3298,True,True,True,True,Eyes,1.270505,-0.3393091,-3.286277,0.2887191,-0.3706335,0.8827639,0,0,0,0,0,0,0,-2.099426,1.050855,2.661598,1.279109,-0.3365431,-3.293419,0.1347359,0.1283302,-0.02984757,0.9820828,15.80143,14.69076,358.5681,0.3587593,-0.09597559,-0.9284826,0,0,0,1.543704,-0.6343539,-2.45868,0.04544954,-0.04729165,0.9225987,0.965281,-0.02404423,-0.2601048,0.09320693,0.9619108,0.2569829,0.2440186,-0.2723042,0.9307552,static,18.11099,-22.77538,2.820255,-2.934366
05/15/2023 14:23:28.772050,3299,True,True,True,True,Eyes,1.270624,-0.3392776,-3.286317,0.2885125,-0.3705318,0.8828741,0,0,0,0,0,0,0,-2.09861,1.055619,2.660444,1.2791,-0.3366114,-3.293487,0.1354388,0.1282197,-0.02970195,0.9820051,15.87979,14.68184,358.5938,0.3587771,-0.09596404,-0.9284769,0,0,0,1.543704,-0.6343539,-2.45868,0.04552306,-0.04596514,0.9227041,0.965355,-0.02360309,-0.2598703,0.09306677,0.9615483,0.2583864,0.2437791,-0.2736199,0.9304321,static,18.09676,-22.76721,2.824487,-2.851871
05/15/2023 14:23:28.791521,3300,True,True,True,True,Eyes,1.27073,-0.3392496,-3.286358,0.2882889,-0.3705336,0.8829464,0,0,0,0,0,0,0,-2.097166,1.059118,2.660287,1.279129,-0.3365861,-3.293554,0.1360623,0.1279321,-0.02979616,0.9819535,15.95233,14.6478,358.5874,0.3587958,-0.09595256,-0.9284708,0,0,0,1.543704,-0.6343539,-2.45868,0.04597397,-0.04479605,0.9228002,0.9654911,-0.02370341,-0.2593551,0.09333036,0.9611985,0.2595899,0.2431385,-0.2748375,0.9302408,static,18.08227,-22.76564,2.852122,-2.779162
05/15/2023 14:23:28.811662,3301,True,True,True,True,Eyes,1.270832,-0.3392216,-3.286398,0.288035,-0.370609,0.8829976,0,0,0,0,0,0,0,-2.095654,1.061421,2.660708,1.279172,-0.3366383,-3.293651,0.1366334,0.1275539,-0.03019185,0.9819113,16.02316,14.59793,358.5432,0.3588148,-0.09594124,-0.9284647,0,0,0,1.543704,-0.6343539,-2.45868,0.04667279,-0.04354034,0.9228836,0.9656369,-0.02443518,-0.2587437,0.09414769,0.9608395,0.2606216,0.2422428,-0.276026,0.9301226,static,18.06639,-22.76862,2.89514,-2.701131
05/15/2023 14:23:28.826959,3302,True,True,True,True,Eyes,1.270918,-0.3391952,-3.286439,0.2878803,-0.3707657,0.8829824,0,0,0,0,0,0,0,-2.09514,1.064043,2.660094,1.279179,-0.3366117,-3.293675,0.1374929,0.1272765,-0.0309413,0.981804,16.13243,14.55498,358.4635,0.3588341,-0.09593006,-0.9284583,0,0,0,1.543704,-0.6343539,-2.45868,0.04732977,-0.04172815,0.9229617,0.9656867,-0.02575735,-0.2584297,0.09575583,0.9602767,0.2621059,0.2414128,-0.2778583,0.9297928,static,18.05762,-22.77761,2.935575,-2.588645
05/15/2023 14:23:28.841303,3303,True,True,True,True,Eyes,1.271002,-0.3391696,-3.286477,0.2876907,-0.3709567,0.8829638,0,0,0,0,0,0,0,-2.093731,1.064757,2.661076,1.279193,-0.3366316,-3.293795,0.1380889,0.1267915,-0.03186032,0.9817537,16.21353,14.48367,358.3564,0.3588533,-0.09591908,-0.9284521,0,0,0,1.543704,-0.6343539,-2.45868,0.04841386,-0.0402692,0.9230686,0.9658177,-0.02754097,-0.2577552,0.09757497,0.9598327,0.2630594,0.2401569,-0.2792179,0.9297107,static,18.04685,-22.78858,3.002345,-2.497965
05/15/2023 14:23:28.861555,3304,True,True,True,True,Eyes,1.27107,-0.339146,-3.286515,0.2875781,-0.3711624,0.8829142,0,0,0,0,0,0,0,-2.093503,1.06388,2.661576,1.279238,-0.3366337,-3.293753,0.1384647,0.1265114,-0.03281032,0.9817057,16.27004,14.43558,358.2458,0.3588722,-0.09590831,-0.9284459,0,0,0,1.543704,-0.6343539,-2.45868,0.04916497,-0.0392677,0.9230211,0.9658367,-0.02938544,-0.2574801,0.09945488,0.959502,0.2635613,0.2393078,-0.2801648,0.9296448,static,18.04119,-22.80107,3.048994,-2.436042
05/15/2023 14:23:28.871504,3305,True,True,True,True,Eyes,1.271135,-0.3391229,-3.286553,0.2874412,-0.3713921,0.8828621,0,0,0,0,0,0,0,-2.093904,1.06208,2.662116,1.279273,-0.3366717,-3.293845,0.13872,0.1263226,-0.03382797,0.9816594,16.31381,14.39688,358.127,0.3588906,-0.09589779,-0.9284399,0,0,0,1.543704,-0.6343539,-2.45868,0.04975531,-0.03839357,0.9230872,0.9657965,-0.03136813,-0.2573968,0.101462,0.9592248,0.2638052,0.2386264,-0.2808981,0.9295987,static,18.03415,-22.81495,3.085313,-2.381706
05/15/2023 14:23:28.891555,3306,True,True,True,True,Eyes,1.271183,-0.3391007,-3.286592,0.2873694,-0.3715878,0.8828031,0,0,0,0,0,0,0,-2.094663,1.060262,2.662333,1.279263,-0.3366729,-3.293922,0.1389738,0.1262127,-0.03482179,0.9816028,16.35715,14.36787,358.0123,0.3589084,-0.0958875,-0.928434,0,0,0,1.543704,-0.6343539,-2.45868,0.05024095,-0.03756525,0.9231665,0.9657156,-0.03328182,-0.2574601,0.1034428,0.9589475,0.2640441,0.2381029,-0.281624,0.9295133,static,18.03107,-22.82711,3.115102,-2.330179
05/15/2023 14:23:28.911268,3307,True,True,True,True,Eyes,1.27123,-0.3390684,-3.286623,0.2872939,-0.3717813,0.8827462,0,0,0,0,0,0,0,-2.095677,1.058164,2.662486,1.279254,-0.3366883,-3.294018,0.1389978,0.1262289,-0.03548484,0.9815736,16.36955,14.35884,357.9351,0.3589253,-0.09587749,-0.9284285,0,0,0,1.543704,-0.6343539,-2.45868,0.05040535,-0.03725401,0.9232551,0.9656141,-0.03457089,-0.2576706,0.104753,0.958841,0.2639146,0.2379413,-0.2818315,0.9294918,static,18.02772,-22.8391,3.124976,-2.310672
05/15/2023 14:23:28.931540,3308,True,True,True,True,Eyes,1.271284,-0.3390375,-3.286653,0.2871699,-0.3718809,0.8827446,0,0,0,0,0,0,0,-2.096807,1.055642,2.662438,1.279293,-0.3364253,-3.2939,0.1389633,0.1262894,-0.03606698,0.9815496,16.37414,14.3563,357.8673,0.3589414,-0.09586746,-0.9284233,0,0,0,1.543704,-0.6343539,-2.45868,0.05048712,-0.03740722,0.9232107,0.9655003,-0.03570389,-0.2579425,0.1059022,0.9587767,0.2636889,0.2378946,-0.2819084,0.9294804,static,18.02048,-22.84462,3.130185,-2.320276
05/15/2023 14:23:28.941245,3309,True,True,True,True,Eyes,1.271332,-0.3390059,-3.286684,0.2870635,-0.3719457,0.8827519,0,0,0,0,0,0,0,-2.098146,1.050345,2.66346,1.279359,-0.3364294,-3.29386,0.1382843,0.1264365,-0.03642197,0.9816133,16.30161,14.36663,357.8184,0.3589569,-0.09585743,-0.9284184,0,0,0,1.543704,-0.6343539,-2.45868,0.05035251,-0.03854896,0.9231147,0.9653745,-0.03653618,-0.2582968,0.106473,0.9591017,0.2622734,0.2381504,-0.2806937,0.9297825,static,18.01409,-22.84802,3.12218,-2.391263
05/15/2023 14:23:28.961515,3310,True,True,True,True,Eyes,1.271381,-0.3389718,-3.286709,0.2870241,-0.3719462,0.8827645,0,0,0,0,0,0,0,-2.099987,1.045835,2.663837,1.27927,-0.3363954,-3.293941,0.137787,0.1266788,-0.03684032,0.9816365,16.25109,14.38764,357.7663,0.3589718,-0.09584739,-0.9284137,0,0,0,1.543704,-0.6343539,-2.45868,0.05016527,-0.03932573,0.9232024,0.9651906,-0.03741824,-0.2588572,0.107237,0.9593151,0.2611797,0.2385528,-0.2798473,0.9299344,static,18.01154,-22.84776,3.110297,-2.439158
05/15/2023 14:23:28.971343,3311,True,True,True,True,Eyes,1.271429,-0.3389406,-3.286737,0.2870066,-0.3718945,0.882792,0,0,0,0,0,0,0,-2.102806,1.040951,2.663394,1.279343,-0.3363081,-3.293815,0.1371254,0.1271392,-0.03700708,0.9816633,16.17858,14.43852,357.745,0.3589862,-0.0958373,-0.9284092,0,0,0,1.543704,-0.6343539,-2.45868,0.04941434,-0.04061738,0.9230803,0.9649322,-0.03778895,-0.259765,0.107525,0.9596542,0.2598119,0.2394665,-0.2786321,0.9300645,static,18.00998,-22.84427,3.064233,-2.519504
05/15/2023 14:23:28.992089,3312,True,True,True,True,Eyes,1.271485,-0.3389125,-3.286767,0.2870031,-0.3718271,0.8828216,0,0,0,0,0,0,0,-2.103145,1.038309,2.664311,1.27934,-0.3363482,-3.293937,0.1364796,0.1272794,-0.03666868,0.9817478,16.09981,14.45955,357.7776,0.3590002,-0.09582721,-0.9284049,0,0,0,1.543704,-0.6343539,-2.45868,0.04908924,-0.04185107,0.9231403,0.9649107,-0.03725671,-0.2599216,0.1067409,0.9600574,0.2586428,0.2399034,-0.2773115,0.9303465,static,18.00922,-22.83987,3.043914,-2.595758
05/15/2023 14:23:29.011566,3313,True,True,True,True,Eyes,1.271533,-0.3388878,-3.286798,0.2870149,-0.371764,0.8828443,0,0,0,0,0,0,0,-2.104825,1.037741,2.663202,1.279339,-0.3363871,-3.29393,0.1363544,0.1276044,-0.03656519,0.9817268,16.08465,14.4997,357.7934,0.3590139,-0.09581724,-0.9284006,0,0,0,1.543704,-0.6343538,-2.45868,0.04847558,-0.04208735,0.9231431,0.9647602,-0.03699522,-0.260517,0.1065929,0.9601409,0.2583937,0.2405737,-0.2770572,0.9302492,moving,18.00948,-22.83587,3.005923,-2.610384
05/15/2023 14:23:29.022517,3314,True,True,True,True,Eyes,1.271555,-0.3388658,-3.286822,0.2869943,-0.3716973,0.8828791,0,0,0,0,0,0,0,-2.105638,1.038183,2.66242,1.279188,-0.3364418,-3.29401,0.1363905,0.1277898,-0.03648655,0.9817007,16.08807,14.52313,357.8063,0.3590271,-0.09580743,-0.9283965,0,0,0,1.540221,-0.6319875,-2.458952,0.04485318,-0.04013176,0.9215117,0.964677,-0.0367791,-0.2608555,0.1064964,0.9601327,0.2584641,0.2409498,-0.2771145,0.9301348,moving,18.0076,-22.83138,2.786586,-2.493651
05/15/2023 14:23:29.041387,3315,True,True,True,True,Eyes,1.27157,-0.3388449,-3.286849,0.2869556,-0.3716587,0.8829079,0,0,0,0,0,0,0,-2.105188,1.040372,2.661887,1.279136,-0.3364999,-3.293997,0.1366388,0.1277634,-0.03629376,0.9816768,16.11369,14.5236,357.8321,0.3590393,-0.09579791,-0.9283928,0,0,0,1.536878,-0.629716,-2.459213,0.04162425,-0.03792417,0.9198364,0.9647186,-0.03634262,-0.2607629,0.1061723,0.9600253,0.2589961,0.2409264,-0.2775442,0.9300128,moving,18.00478,-22.82859,2.590969,-2.360925
05/15/2023 14:23:29.061585,3316,True,True,True,True,Eyes,1.271545,-0.3388232,-3.286868,0.2869664,-0.3716605,0.8829036,0,0,0,0,0,0,0,-2.103434,1.043208,2.662193,1.278976,-0.3364988,-3.294082,0.1370113,0.1275029,-0.03616552,0.9816635,16.15402,14.4954,357.8481,0.3590504,-0.09578868,-0.9283894,0,0,0,1.533388,-0.6273449,-2.459486,0.03876862,-0.03540465,0.9182113,0.9648702,-0.03606605,-0.26024,0.1059434,0.9598399,0.2597755,0.2404197,-0.2782204,0.9299418,moving,18.0055,-22.82878,2.4177,-2.208133
05/15/2023 14:23:29.071254,3317,True,True,True,True,Eyes,1.27152,-0.3388019,-3.286885,0.286942,-0.371669,0.882908,0,0,0,0,0,0,0,-2.100588,1.045663,2.663441,1.278905,-0.3364885,-3.294082,0.1373084,0.1270341,-0.03605014,0.9816868,16.18543,14.44205,357.858,0.3590597,-0.09577974,-0.9283868,0,0,0,1.530048,-0.6250754,-2.459747,0.03638689,-0.03313302,0.9165421,0.9651254,-0.03589419,-0.2593154,0.1056656,0.9596936,0.2604285,0.2395155,-0.2787469,0.9300175,moving,18.00398,-22.82915,2.273459,-2.070342
05/15/2023 14:23:29.091575,3318,True,True,True,True,Eyes,1.271498,-0.3387836,-3.286901,0.2867834,-0.3716575,0.8829643,0,0,0,0,0,0,0,-2.097818,1.046745,2.665113,1.278859,-0.3364772,-3.294032,0.137413,0.1265619,-0.03600262,0.981735,16.19573,14.38679,357.8571,0.3590672,-0.09577108,-0.9283848,0,0,0,1.526834,-0.6228921,-2.459997,0.03416185,-0.03127429,0.9148738,0.9653718,-0.03590754,-0.258395,0.1054726,0.9596429,0.2606932,0.2386061,-0.2789194,0.9301994,moving,17.9936,-22.82721,2.13846,-1.957852
05/15/2023 14:23:29.111999,3319,True,True,True,True,Eyes,1.271472,-0.3387671,-3.286917,0.2865996,-0.3716715,0.8830181,0,0,0,0,0,0,0,-2.095147,1.048789,2.666387,1.278834,-0.3365335,-3.294017,0.1376803,0.1260972,-0.03597147,0.9817586,16.22496,14.33247,357.8568,0.3590734,-0.09576276,-0.9283832,0,0,0,1.523334,-0.6205139,-2.460271,0.03160033,-0.02889128,0.913085,0.9656111,-0.03590839,-0.2574991,0.1053528,0.9595004,0.2612658,0.2376889,-0.2794094,0.9302873,moving,17.98178,-22.82673,1.982119,-1.812313
05/15/2023 14:23:29.121843,3320,True,True,True,True,Eyes,1.271463,-0.3387521,-3.286939,0.2862418,-0.3716629,0.8831378,0,0,0,0,0,0,0,-2.092626,1.051386,2.667288,1.278707,-0.3365559,-3.294019,0.1380342,0.1256827,-0.03591149,0.9817641,16.26384,14.28478,357.8618,0.3590781,-0.09575479,-0.9283822,0,0,0,1.519912,-0.6181891,-2.460538,0.02909847,-0.02641955,0.911396,0.9658284,-0.0358162,-0.2566956,0.1052102,0.9593138,0.2620071,0.2368675,-0.2800609,0.9303008,moving,17.9585,-22.82348,1.828682,-1.660425
05/15/2023 14:23:29.141962,3321,True,True,True,True,Eyes,1.271453,-0.3387344,-3.286958,0.2858737,-0.371672,0.8832532,0,0,0,0,0,0,0,-2.090351,1.054137,2.66805,1.27867,-0.3365644,-3.294084,0.1383856,0.1253084,-0.03579215,0.9817669,16.30169,14.24285,357.8745,0.359082,-0.09574716,-0.9283815,0,0,0,1.516593,-0.6159344,-2.460797,0.02650419,-0.02403122,0.9098035,0.9660335,-0.03559732,-0.2559536,0.1049609,0.9591367,0.2627547,0.2361411,-0.2806949,0.9302945,moving,17.93469,-22.8213,1.668656,-1.513039
05/15/2023 14:23:29.161728,3322,True,True,True,True,Eyes,1.271461,-0.3387162,-3.28698,0.2855273,-0.3716803,0.8833617,0,0,0,0,0,0,0,-2.088506,1.055675,2.668761,1.278617,-0.3364796,-3.294012,0.1386255,0.1249928,-0.03578904,0.9817733,16.32853,14.20576,357.8729,0.3590851,-0.09573974,-0.9283811,0,0,0,1.513453,-0.6138004,-2.461042,0.02407394,-0.02203107,0.9082003,0.9661919,-0.03561906,-0.2553517,0.1049278,0.9590042,0.263251,0.2355066,-0.2811445,0.9303196,moving,17.91229,-22.81925,1.518401,-1.389605
05/15/2023 14:23:29.171689,3323,True,True,True,True,Eyes,1.271465,-0.3386969,-3.287001,0.285187,-0.3716817,0.883471,0,0,0,0,0,0,0,-2.087262,1.056171,2.66955,1.278606,-0.3364428,-3.294029,0.1386216,0.1248026,-0.03566694,0.9818025,16.32592,14.18513,357.8839,0.3590878,-0.09573251,-0.9283808,0,0,0,1.509812,-0.6113273,-2.461327,0.0208579,-0.02018118,0.9064048,0.9663044,-0.03543511,-0.2549515,0.1046365,0.9590238,0.2632955,0.2351746,-0.2811008,0.9304167,moving,17.89023,-22.81679,1.31824,-1.275485
05/15/2023 14:23:29.191929,3324,True,True,True,True,Eyes,1.271494,-0.3386767,-3.287026,0.2847888,-0.3716523,0.8836119,0,0,0,0,0,0,0,-2.086244,1.056213,2.670254,1.278527,-0.3363933,-3.294004,0.1385539,0.1246647,-0.03555315,0.9818338,16.31621,14.17045,357.894,0.3590902,-0.09572539,-0.9283805,0,0,0,1.506728,-0.6092317,-2.461567,0.0181722,-0.0187529,0.9048679,0.9663894,-0.03526902,-0.2546521,0.1043601,0.9590776,0.2632093,0.234948,-0.2809382,0.930523,moving,17.86418,-22.81191,1.1505,-1.187254
05/15/2023 14:23:29.211141,3325,True,True,True,True,Eyes,1.271521,-0.3386585,-3.287049,0.2843943,-0.3716182,0.8837533,0,0,0,0,0,0,0,-2.08482,1.056119,2.671359,1.278508,-0.3363399,-3.293982,0.1384919,0.1244281,-0.03550611,0.9818743,16.30791,14.14293,357.8946,0.3590929,-0.09571833,-0.9283803,0,0,0,1.503275,-0.6068857,-2.461837,0.01526496,-0.01710704,0.903136,0.9665139,-0.03526049,-0.2541802,0.1041897,0.9591185,0.2631274,0.2345109,-0.2807992,0.9306753,moving,17.83832,-22.80675,0.9683307,-1.085157
05/15/2023 14:23:29.221460,3326,True,True,True,True,Eyes,1.271557,-0.3386416,-3.287073,0.284116,-0.3715647,0.8838652,0,0,0,0,0,0,0,-2.083834,1.055806,2.672229,1.278468,-0.33637,-3.293976,0.1384147,0.1242599,-0.03550897,0.9819064,16.29871,14.12269,357.8903,0.3590957,-0.09571139,-0.9283798,0,0,0,1.499901,-0.6045935,-2.462101,0.01234032,-0.01543158,0.9014449,0.9665972,-0.0353342,-0.253853,0.1041317,0.959161,0.2629958,0.2341932,-0.2806451,0.9308017,moving,17.81985,-22.80121,0.7843012,-0.9807346
05/15/2023 14:23:29.241464,3327,True,True,True,True,Eyes,1.271591,-0.3386256,-3.287093,0.2838372,-0.3715138,0.8839762,0,0,0,0,0,0,0,-2.08316,1.055242,2.672961,1.278483,-0.3363814,-3.293955,0.1383348,0.1241252,-0.03556578,0.9819326,16.29005,14.10556,357.8802,0.359099,-0.09570456,-0.9283793,0,0,0,1.496636,-0.602375,-2.462355,0.009425089,-0.01383235,0.8997895,0.966656,-0.03550473,-0.2536051,0.1041881,0.9591971,0.2628416,0.2339252,-0.2805001,0.9309128,moving,17.80138,-22.79584,0.6001382,-0.8807311
05/15/2023 14:23:29.261663,3328,True,True,True,True,Eyes,1.271621,-0.3386098,-3.28711,0.2836165,-0.3714542,0.8840721,0,0,0,0,0,0,0,-2.082328,1.055241,2.673481,1.278465,-0.3363908,-3.293857,0.1383371,0.1239778,-0.03559548,0.9819497,16.29042,14.08752,357.8742,0.3591026,-0.09569789,-0.9283786,0,0,0,1.493262,-0.6000825,-2.462619,0.006461859,-0.01205304,0.8980206,0.966725,-0.0356045,-0.2533282,0.1042074,0.9591916,0.2628541,0.2336315,-0.2805063,0.9309847,moving,17.7866,-22.79033,0.4122743,-0.7689657
05/15/2023 14:23:29.271138,3329,True,True,True,True,Eyes,1.271649,-0.3386007,-3.287128,0.2833975,-0.3714072,0.8841621,0,0,0,0,0,0,0,-2.081861,1.054761,2.674043,1.278496,-0.3363881,-3.293853,0.138315,0.1238598,-0.03572047,0.9819633,16.2894,14.07135,357.8572,0.3591064,-0.09569138,-0.9283777,0,0,0,1.48988,-0.5977848,-2.462883,0.003394142,-0.01028433,0.8963283,0.9667656,-0.03588903,-0.2531329,0.1044157,0.9591861,0.2627918,0.2333702,-0.2804892,0.9310554,moving,17.77204,-22.78566,0.2169619,-0.6573742
05/15/2023 14:23:29.291617,3330,True,True,True,True,Eyes,1.271675,-0.3385933,-3.287148,0.283233,-0.3713517,0.8842381,0,0,0,0,0,0,0,-2.081805,1.055053,2.674011,1.278458,-0.3365428,-3.293883,0.138425,0.1238149,-0.03588018,0.9819477,16.30421,14.06357,357.8393,0.3591104,-0.09568518,-0.9283769,0,0,0,1.486683,-0.5956131,-2.463133,0.0004230291,-0.008204535,0.8947371,0.966765,-0.03618675,-0.2530929,0.1047431,0.9591022,0.2629672,0.2332261,-0.2807372,0.9310168,moving,17.76094,-22.78085,0.02708928,-0.5253745
05/15/2023 14:23:29.311319,3331,True,True,True,True,Eyes,1.271701,-0.3385817,-3.287161,0.2830625,-0.371314,0.8843085,0,0,0,0,0,0,0,-2.082093,1.055607,2.673616,1.278459,-0.3365816,-3.293918,0.1386548,0.1238027,-0.0361282,0.9819077,16.3341,14.05844,357.8132,0.3591144,-0.09567934,-0.9283759,0,0,0,1.483216,-0.5932572,-2.463403,-0.002895504,-0.005865887,0.8930398,0.9667352,-0.03661742,-0.2531444,0.1052808,0.9589392,0.2633469,0.233107,-0.2812379,0.9308955,moving,17.7496,-22.77714,-0.1857695,-0.376339
05/15/2023 14:23:29.322206,3332,True,True,True,True,Eyes,1.271713,-0.338569,-3.287174,0.2829809,-0.3712807,0.8843486,0,0,0,0,0,0,0,-2.08188,1.055717,2.673602,1.278487,-0.3364713,-3.293808,0.1388239,0.1237076,-0.03636524,0.9818869,16.35668,14.04347,357.7861,0.3591186,-0.09567368,-0.9283748,0,0,0,1.479795,-0.590933,-2.46367,-0.006004214,-0.003848433,0.8912643,0.966748,-0.03706597,-0.2530305,0.1057603,0.958811,0.2636214,0.232837,-0.2816161,0.9308487,moving,17.74405,-22.77438,-0.3859808,-0.2473987
05/15/2023 14:23:29.341883,3333,True,True,True,True,Eyes,1.271721,-0.3385563,-3.287191,0.2828977,-0.371261,0.8843835,0,0,0,0,0,0,0,-2.082014,1.056086,2.673402,1.278484,-0.3364549,-3.293852,0.1389917,0.1236847,-0.03654869,0.9818593,16.37851,14.038,357.7666,0.3591225,-0.0956682,-0.9283739,0,0,0,1.47656,-0.5887351,-2.463923,-0.009087771,-0.00181447,0.8897053,0.9667326,-0.03738903,-0.253042,0.1061536,0.958691,0.2638995,0.2327221,-0.2819815,0.9307668,moving,17.7385,-22.77249,-0.5852195,-0.1168492
05/15/2023 14:23:29.361740,3334,True,True,True,True,Eyes,1.27173,-0.3385387,-3.287205,0.2828163,-0.3712313,0.884422,0,0,0,0,0,0,0,-2.081957,1.056644,2.673335,1.278404,-0.3364408,-3.293972,0.1391394,0.123657,-0.03665224,0.981838,16.39689,14.03324,357.756,0.3591261,-0.09566285,-0.928373,0,0,0,1.473022,-0.5863311,-2.464199,-0.01242137,0.0003538579,0.8880817,0.9667311,-0.03756199,-0.2530219,0.1063843,0.9585937,0.2641602,0.2326228,-0.2822894,0.9306983,moving,17.73299,-22.76996,-0.801329,0.02282961
05/15/2023 14:23:29.371499,3335,True,True,True,True,Eyes,1.271731,-0.3385217,-3.287215,0.2823924,-0.3709841,0.8846611,0,0,0,0,0,0,0,-2.082076,1.055182,2.673771,1.278428,-0.3363094,-3.293936,0.1389739,0.1236522,-0.03675765,0.9818581,16.37934,14.03062,357.7413,0.3591294,-0.09565751,-0.9283723,0,0,0,1.46954,-0.5839657,-2.464471,-0.01576722,0.001767591,0.8863509,0.966718,-0.03781276,-0.2530345,0.1065504,0.9586703,0.2638149,0.2326011,-0.2819955,0.9307928,moving,17.70359,-22.75082,-1.019122,0.114261
05/15/2023 14:23:29.391609,3336,True,True,True,True,Eyes,1.271731,-0.338502,-3.287227,0.2819682,-0.3707321,0.8849021,0,0,0,0,0,0,0,-2.081291,1.054603,2.674474,1.27835,-0.3363384,-3.293854,0.1387904,0.1235606,-0.03663561,0.9819002,16.35632,14.02141,357.7514,0.3591323,-0.0956522,-0.9283717,0,0,0,1.466319,-0.5817776,-2.464723,-0.01865368,0.003124401,0.8846883,0.9667812,-0.03764699,-0.2528177,0.1062431,0.9587901,0.2635031,0.232479,-0.28161,0.93094,moving,17.67414,-22.73138,-1.207904,0.2023472
05/15/2023 14:23:29.411794,3337,True,True,True,True,Eyes,1.271659,-0.3384653,-3.287221,0.279508,-0.3693952,0.8862407,0,0,0,0,0,0,0,-2.079705,1.053878,2.676031,1.278302,-0.3362533,-3.293911,0.1386079,0.1233025,-0.03656973,0.9819608,16.33382,13.99145,357.7522,0.3591349,-0.09564684,-0.9283713,0,0,0,1.463137,-0.5796158,-2.464971,-0.02125633,0.004406512,0.8832096,0.9669182,-0.03763868,-0.2522942,0.1060015,0.958901,0.2631967,0.2320188,-0.2812333,0.9311687,moving,17.50455,-22.62693,-1.378679,0.2858579
05/15/2023 14:23:29.421712,3338,True,True,True,True,Eyes,1.27145,-0.3384236,-3.287186,0.2772729,-0.3680689,0.8874937,0,0,0,0,0,0,0,-2.078128,1.052888,2.677548,1.278224,-0.3362221,-3.293866,0.138407,0.1230428,-0.03655864,0.9820222,16.30998,13.96034,357.7462,0.3591355,-0.09564107,-0.9283716,0,0,0,1.459674,-0.5772624,-2.465242,-0.02406444,0.005843893,0.8814922,0.9670479,-0.03774285,-0.2517814,0.1058628,0.9590139,0.2628409,0.2315415,-0.280834,0.931408,moving,17.34997,-22.52518,-1.563767,0.3798394
05/15/2023 14:23:29.441487,3339,True,True,True,True,Eyes,1.271244,-0.3383845,-3.287154,0.2750971,-0.3667738,0.8887061,0,0,0,0,0,0,0,-2.075976,1.051596,2.679727,1.278214,-0.336191,-3.293875,0.1380668,0.1226998,-0.03641532,0.9821182,16.26809,13.9213,357.7525,0.3591313,-0.095635,-0.9283739,0,0,0,1.456397,-0.5750363,-2.465497,-0.02664115,0.006926119,0.8799132,0.9672374,-0.03764674,-0.251067,0.1054098,0.959223,0.2622595,0.230956,-0.2801321,0.9317646,moving,17.1998,-22.4262,-1.734215,0.4509867
05/15/2023 14:23:29.461549,3340,True,True,True,True,Eyes,1.271051,-0.3383478,-3.287126,0.2728717,-0.3654487,0.8899372,0,0,0,0,0,0,0,-2.073428,1.050899,2.681989,1.278115,-0.3362138,-3.293925,0.1378264,0.122292,-0.03630269,0.9822071,16.23796,13.87419,357.7554,0.3591228,-0.09562872,-0.9283778,0,0,0,1.452948,-0.5726927,-2.465767,-0.02920277,0.008359224,0.8783001,0.9674535,-0.03760336,-0.250239,0.1050236,0.959372,0.2618691,0.2302251,-0.2796272,0.9320971,moving,17.04654,-22.32528,-1.904337,0.5452962
05/15/2023 14:23:29.471194,3341,True,True,True,True,Eyes,1.270862,-0.3383117,-3.287103,0.2706972,-0.3641614,0.8911282,0,0,0,0,0,0,0,-2.071075,1.050856,2.68383,1.278046,-0.3362461,-3.293953,0.1377216,0.1219049,-0.03622699,0.9822727,16.22397,13.82918,357.7563,0.3591107,-0.09562231,-0.9283832,0,0,0,1.449608,-0.5704237,-2.466027,-0.03172326,0.009982362,0.8767142,0.9676536,-0.03759169,-0.2494661,0.1047474,0.9594407,0.2617278,0.2295091,-0.2793928,0.932344,moving,16.89716,-22.22748,-2.072302,0.6523477
05/15/2023 14:23:29.491677,3342,True,True,True,True,Eyes,1.270738,-0.338273,-3.287094,0.2682143,-0.3627364,0.8924592,0,0,0,0,0,0,0,-2.067701,1.051185,2.686356,1.27797,-0.3362224,-3.29403,0.1375816,0.1213738,-0.03599752,0.9823666,16.20348,13.76951,357.7722,0.3590954,-0.09561576,-0.9283897,0,0,0,1.446384,-0.5682334,-2.466279,-0.03391436,0.01142642,0.8752612,0.9679452,-0.03732792,-0.2483723,0.1041231,0.9595509,0.2615729,0.2285619,-0.2790495,0.9326794,moving,16.72731,-22.11908,-2.21897,0.7479463
05/15/2023 14:23:29.511721,3343,True,True,True,True,Eyes,1.270613,-0.338231,-3.287091,0.2657844,-0.3613386,0.8937522,0,0,0,0,0,0,0,-2.064239,1.050869,2.689112,1.277934,-0.3360884,-3.294034,0.1373647,0.1208197,-0.03579153,0.9824727,16.17445,13.7066,357.784,0.3590787,-0.09560893,-0.9283969,0,0,0,1.442796,-0.5657957,-2.466559,-0.03642568,0.01280744,0.8735957,0.9682431,-0.03713565,-0.2472372,0.1035211,0.9596998,0.2612655,0.2275712,-0.2785628,0.9330671,moving,16.56145,-22.01319,-2.387637,0.8399307
05/15/2023 14:23:29.521622,3344,True,True,True,True,Eyes,1.270486,-0.3381835,-3.287094,0.2634065,-0.3599597,0.8950117,0,0,0,0,0,0,0,-2.06022,1.050018,2.692614,1.277805,-0.3359699,-3.294169,0.137036,0.1201791,-0.03558333,0.9826047,16.13236,13.63326,357.7932,0.3590607,-0.09560173,-0.9284046,0,0,0,1.439639,-0.563651,-2.466806,-0.03830096,0.01383042,0.8722963,0.9685816,-0.03699097,-0.2459295,0.1028664,0.9599099,0.2607518,0.2264247,-0.2778572,0.9335562,moving,16.39942,-21.90922,-2.51414,0.9083593
05/15/2023 14:23:29.541694,3345,True,True,True,True,Eyes,1.270486,-0.3381835,-3.287094,0.2634065,-0.3599597,0.8950117,0,0,0,0,0,0,0,-2.056169,1.048572,2.696325,1.277652,-0.3357926,-3.294291,0.1366095,0.1195426,-0.03536215,0.9827497,16.07887,13.56047,357.8026,0.3590413,-0.09559404,-0.9284129,0,0,0,1.436124,-0.5612628,-2.46708,-0.04050004,0.01481675,0.8708432,0.9689181,-0.03684298,-0.2446225,0.1021656,0.9601747,0.2600513,0.2252993,-0.2769604,0.9340948,moving,16.39942,-21.90922,-2.662719,0.9747509
05/15/2023 14:23:29.561286,3346,True,True,True,True,Eyes,1.270486,-0.3381835,-3.287094,0.2634065,-0.3599597,0.8950117,0,0,0,0,0,0,0,-2.052266,1.044302,2.700931,1.277581,-0.3357251,-3.294308,0.1356918,0.1189266,-0.03513765,0.9829596,15.96897,13.48942,357.8062,0.3590239,-0.09558712,-0.9284203,0,0,0,1.432807,-0.559009,-2.46734,-0.04256158,0.01491232,0.8693643,0.9692436,-0.03680306,-0.2433359,0.1013525,0.9607062,0.2584015,0.2242643,-0.2751167,0.9348884,moving,16.39942,-21.90922,-2.802799,0.9827058
05/15/2023 14:23:29.571222,3347,True,True,True,True,Eyes,1.270486,-0.3381835,-3.287094,0.2634065,-0.3599597,0.8950117,0,0,0,0,0,0,0,-2.047664,1.042648,2.705054,1.277373,-0.3356939,-3.294387,0.1351817,0.1182128,-0.03488382,0.983125,15.90531,13.4079,357.8172,0.3590083,-0.09558089,-0.928427,0,0,0,1.429423,-0.55671,-2.467604,-0.04444546,0.01582934,0.8679358,0.9696177,-0.03662991,-0.2418672,0.1005507,0.9610181,0.2575535,0.2230046,-0.2740484,0.9355034,moving,16.39942,-21.90922,-2.931455,1.04484
05/15/2023 14:23:29.591533,3348,True,True,True,True,Eyes,1.270486,-0.3381835,-3.287094,0.2634065,-0.3599597,0.8950117,0,0,0,0,0,0,0,-2.042067,1.039173,2.71438,1.27612,-0.3342771,-3.298114,0.1343072,0.1173997,-0.03446382,0.9833573,15.79736,13.31672,357.8413,0.3589942,-0.09557529,-0.9284331,0,0,0,1.426194,-0.5545163,-2.467856,-0.04582229,0.01572323,0.8706369,0.9700592,-0.03624523,-0.2401492,0.09931573,0.9615477,0.2560518,0.2216342,-0.272236,0.9363577,moving,16.39942,-21.90922,-3.012742,1.034618
05/15/2023 14:23:29.611333,3349,True,True,True,True,Eyes,1.270329,-0.3380988,-3.287109,0.2604268,-0.3581547,0.8966064,0,0,0,0,0,0,0,-2.036437,1.036237,2.719702,1.27597,-0.3339081,-3.298189,0.1336221,0.1165009,-0.03421574,0.983566,15.71335,13.21293,357.8465,0.3589815,-0.09557024,-0.9284385,0,0,0,1.422792,-0.5522047,-2.468122,-0.04742923,0.01603089,0.8693194,0.9705137,-0.03617268,-0.2383166,0.09844106,0.9619488,0.25488,0.2200287,-0.2708247,0.9371454,moving,16.19638,-21.77452,-3.122907,1.056457
05/15/2023 14:23:29.621726,3350,True,True,True,True,Eyes,1.270165,-0.3380131,-3.287134,0.2574763,-0.3563133,0.8981909,0,0,0,0,0,0,0,-2.030274,1.030589,2.726355,1.275865,-0.3336553,-3.298179,0.1324449,0.115513,-0.03394876,0.983851,15.57236,13.09823,357.8462,0.3589661,-0.09556345,-0.9284452,0,0,0,1.419482,-0.5499554,-2.46838,-0.04878731,0.01552252,0.867961,0.9710085,-0.03620282,-0.2362878,0.09739923,0.9626117,0.252769,0.2183025,-0.2684551,0.9382302,moving,15.99553,-21.63828,-3.217159,1.024563
05/15/2023 14:23:29.641922,3351,True,True,True,True,Eyes,1.270165,-0.3380131,-3.287134,0.2574763,-0.3563133,0.8981909,0,0,0,0,0,0,0,-2.022927,1.023241,2.734742,1.27556,-0.333576,-3.298445,0.1310624,0.1142821,-0.03394584,0.98418,15.41073,12.95042,357.8087,0.3589481,-0.09555503,-0.928453,0,0,0,1.41617,-0.5477052,-2.468639,-0.04954183,0.01496148,0.8669046,0.9715745,-0.03686147,-0.2338463,0.0967738,0.9633407,0.2502192,0.2160502,-0.2657368,0.9395245,moving,15.99553,-21.63828,-3.270779,0.9887415
05/15/2023 14:23:29.661511,3352,True,True,True,True,Eyes,1.270031,-0.3379186,-3.287175,0.2539765,-0.3541815,0.9000285,0,0,0,0,0,0,0,-2.016048,1.018263,2.741703,1.275399,-0.3333742,-3.298555,0.1302591,0.1130544,-0.03420393,0.9844193,15.319,12.7999,357.7486,0.3589319,-0.09554745,-0.92846,0,0,0,1.412822,-0.5454313,-2.4689,-0.05043872,0.01529323,0.8656802,0.9720975,-0.03788928,-0.2314967,0.09679477,0.9637253,0.2487253,0.2136752,-0.264193,0.9405025,moving,15.75839,-21.48076,-3.334559,1.01209
05/15/2023 14:23:29.681145,3353,True,True,True,True,Eyes,1.269895,-0.3378213,-3.287218,0.2505064,-0.3520398,0.9018396,0,0,0,0,0,0,0,-2.007615,1.014592,2.749228,1.275229,-0.33331,-3.298616,0.1294198,0.1116514,-0.03407278,0.9846947,15.21766,12.63478,357.731,0.3589137,-0.09553801,-0.928468,0,0,0,1.409225,-0.5429871,-2.469181,-0.0513407,0.01579161,0.8642895,0.972746,-0.03820276,-0.2287045,0.09600239,0.9641792,0.2472694,0.2110658,-0.2624865,0.9415689,moving,15.52384,-21.32356,-3.399501,1.046746
05/15/2023 14:23:29.691485,3354,True,True,True,True,Eyes,1.269895,-0.3378213,-3.287218,0.2505064,-0.3520398,0.9018396,0,0,0,0,0,0,0,-1.998467,1.009314,2.757848,1.275065,-0.333167,-3.298715,0.1282551,0.1101522,-0.03383615,0.985024,15.07736,12.45971,357.7206,0.3588937,-0.09552681,-0.9284769,0,0,0,1.406041,-0.5408239,-2.469429,-0.05168422,0.01543438,0.8631809,0.9734433,-0.03840366,-0.2256845,0.094914,0.9648115,0.2452144,0.2083259,-0.260123,0.9428343,moving,15.52384,-21.32356,-3.426578,1.024387
05/15/2023 14:23:29.711397,3355,True,True,True,True,Eyes,1.269895,-0.3378213,-3.287218,0.2505064,-0.3520398,0.9018396,0,0,0,0,0,0,0,-1.988571,1.005136,2.766724,1.274797,-0.3330555,-3.299006,0.12725,0.1085367,-0.03359572,0.9853419,14.95512,12.27127,357.7112,0.3588756,-0.09551673,-0.9284849,0,0,0,1.402662,-0.5385281,-2.469693,-0.05198151,0.01556131,0.8621969,0.9741822,-0.03858395,-0.2224415,0.09382913,0.9653575,0.2434769,0.2053413,-0.2580623,0.9440544,moving,15.52384,-21.32356,-3.450164,1.033987
05/15/2023 14:23:29.724550,3356,True,True,True,True,Eyes,1.269746,-0.3377065,-3.28729,0.2466175,-0.3496577,0.9038359,0,0,0,0,0,0,0,-1.979154,1.00135,2.774962,1.274616,-0.3329195,-3.299195,0.1264016,0.1069662,-0.0334875,0.9856265,14.85262,12.08648,357.6893,0.3588594,-0.09550767,-0.9284921,0,0,0,1.39926,-0.5362167,-2.469959,-0.05243587,0.01593316,0.8611007,0.9748737,-0.03897093,-0.2193233,0.09305374,0.9658024,0.2420054,0.2023918,-0.2563335,0.9451617,moving,15.26201,-21.14944,-3.484666,1.060037
05/15/2023 14:23:29.741600,3357,True,True,True,True,Eyes,1.269594,-0.3375887,-3.287368,0.2427691,-0.3472816,0.9057918,0,0,0,0,0,0,0,-1.96979,0.9961008,2.783597,1.274432,-0.3326924,-3.29937,0.12531,0.1054207,-0.03334477,0.9859372,14.72181,11.90513,357.6693,0.3588406,-0.09549625,-0.9285005,0,0,0,1.395752,-0.5338333,-2.470233,-0.0530223,0.01585233,0.8599889,0.9755492,-0.03933114,-0.2162332,0.09217223,0.9663711,0.2400652,0.1995195,-0.2541261,0.9463677,moving,15.00372,-20.97688,-3.528085,1.056024
05/15/2023 14:23:29.761223,3358,True,True,True,True,Eyes,1.269442,-0.337462,-3.287449,0.2387789,-0.3448593,0.9077757,0,0,0,0,0,0,0,-1.960434,0.991226,2.792051,1.274247,-0.3325214,-3.299562,0.1242421,0.1038936,-0.03313862,0.9862413,14.593,11.72712,357.6578,0.3588193,-0.09548264,-0.9285101,0,0,0,1.392664,-0.5317353,-2.470474,-0.05325092,0.0156429,0.8590775,0.9762159,-0.03954944,-0.2131627,0.09118125,0.9669315,0.2381795,0.1966938,-0.2519511,0.94754,moving,14.7371,-20.80152,-3.547007,1.043181
05/15/2023 14:23:29.771322,3359,True,True,True,True,Eyes,1.269288,-0.3373274,-3.287533,0.2348422,-0.3424194,0.9097242,0,0,0,0,0,0,0,-1.950483,0.9852979,2.801137,1.274012,-0.3322012,-3.299712,0.1230325,0.1022743,-0.0329597,0.9865681,14.44803,11.53793,357.6405,0.3587958,-0.09546679,-0.9285208,0,0,0,1.389187,-0.5293729,-2.470746,-0.05363378,0.01526567,0.8580313,0.9769073,-0.03986784,-0.2099114,0.0902001,0.9675533,0.236018,0.1936909,-0.2495017,0.948806,moving,14.4747,-20.62629,-3.576788,1.019271
05/15/2023 14:23:29.791890,3360,True,True,True,True,Eyes,1.269129,-0.3371821,-3.287623,0.2308648,-0.3398955,0.9116866,0,0,0,0,0,0,0,-1.941684,0.9782087,2.809781,1.273866,-0.3319019,-3.29985,0.121636,0.1008504,-0.03275158,0.9868947,14.28172,11.37233,357.6279,0.3587701,-0.09544869,-0.9285325,0,0,0,1.385978,-0.5271925,-2.470996,-0.05416908,0.014424,0.8570667,0.9775131,-0.04011066,-0.2070249,0.0891788,0.968264,0.2334778,0.1910899,-0.2466899,0.9500678,moving,14.2102,-20.44649,-3.616448,0.9641678
05/15/2023 14:23:29.811449,3361,True,True,True,True,Eyes,1.268964,-0.3370264,-3.287719,0.2269289,-0.3373257,0.9136271,0,0,0,0,0,0,0,-1.932159,0.9685827,2.819757,1.273594,-0.3315333,-3.30007,0.119812,0.09933203,-0.03253005,0.9872791,14.06594,11.19587,357.6112,0.3587424,-0.09542827,-0.9285454,0,0,0,1.382549,-0.5248631,-2.471264,-0.05462921,0.01294093,0.856163,0.9781499,-0.04043013,-0.2039319,0.08803482,0.9691737,0.2301133,0.1883419,-0.2430384,0.9515564,moving,13.94898,-20.26495,-3.650924,0.8659614
05/15/2023 14:23:29.821811,3362,True,True,True,True,Eyes,1.268792,-0.3368604,-3.287818,0.2229811,-0.3346935,0.9155652,0,0,0,0,0,0,0,-1.922316,0.9587006,2.829964,1.273338,-0.3311637,-3.300309,0.1179853,0.09774449,-0.03238383,0.9876623,13.85054,11.01049,357.5855,0.3587127,-0.09540544,-0.9285592,0,0,0,1.379086,-0.5225105,-2.471534,-0.05501749,0.01149243,0.8552809,0.9787946,-0.04090375,-0.2007187,0.08703339,0.9700615,0.2267285,0.1854355,-0.2393899,0.953051,moving,13.68761,-20.08036,-3.680583,0.7698385
05/15/2023 14:23:29.841509,3363,True,True,True,True,Eyes,1.268615,-0.3366877,-3.287921,0.2190612,-0.3319783,0.917498,0,0,0,0,0,0,0,-1.912005,0.9468387,2.840953,1.273098,-0.3307902,-3.300467,0.1159178,0.09605122,-0.03240068,0.9880726,13.609,10.81075,357.5374,0.3586809,-0.09538017,-0.9285741,0,0,0,1.375941,-0.5203734,-2.47178,-0.05487186,0.009454563,0.8544828,0.9794488,-0.04176035,-0.1973228,0.08629654,0.9710265,0.2228462,0.1822995,-0.2352947,0.9546745,moving,13.4285,-19.89164,-3.674287,0.6339325
05/15/2023 14:23:29.861439,3364,True,True,True,True,Eyes,1.26844,-0.3365076,-3.288033,0.2150315,-0.3292002,0.9194502,0,0,0,0,0,0,0,-1.901375,0.9330394,2.852731,1.272854,-0.3305113,-3.300677,0.1135377,0.0943035,-0.0324601,0.9885152,13.3318,10.60455,357.4813,0.3586472,-0.09535251,-0.92859,0,0,0,1.37246,-0.5180083,-2.472052,-0.05495576,0.007183775,0.8535954,0.9801064,-0.04276059,-0.1938118,0.08558861,0.972111,0.2183454,0.17907,-0.2305898,0.9564321,moving,13.16316,-19.69941,-3.683704,0.4821843
05/15/2023 14:23:29.871254,3365,True,True,True,True,Eyes,1.268261,-0.3363125,-3.288147,0.2110187,-0.3263497,0.9213941,0,0,0,0,0,0,0,-1.89005,0.9220759,2.863946,1.272583,-0.3301989,-3.300939,0.1115226,0.09248451,-0.03231624,0.9889211,13.09414,10.3932,357.4527,0.3586116,-0.09532246,-0.9286068,0,0,0,1.369159,-0.5157658,-2.472309,-0.05479074,0.005422652,0.8528531,0.9808045,-0.0432882,-0.1901277,0.08454464,0.9730368,0.2145966,0.1757118,-0.2265516,0.9580186,moving,12.89948,-19.5037,-3.675861,0.3642959
05/15/2023 14:23:29.892269,3366,True,True,True,True,Eyes,1.268114,-0.3361145,-3.288273,0.2069296,-0.3233919,0.9233623,0,0,0,0,0,0,0,-1.877838,0.9092813,2.876093,1.272346,-0.3296885,-3.301124,0.1092239,0.09052969,-0.03214785,0.989364,12.8233,10.16674,357.4233,0.3585743,-0.09528984,-0.9286246,0,0,0,1.36593,-0.5135719,-2.472562,-0.05432449,0.002937749,0.8521307,0.9815418,-0.04383586,-0.1861563,0.08338788,0.9740734,0.2103037,0.172111,-0.2219451,0.959749,moving,12.63153,-19.30194,-3.647748,0.1975283
05/15/2023 14:23:29.911544,3367,True,True,True,True,Eyes,1.267962,-0.3359106,-3.288402,0.20286,-0.3203714,0.9253162,0,0,0,0,0,0,0,-1.865788,0.8930718,2.889131,1.272114,-0.3294521,-3.301364,0.1063392,0.08861012,-0.03199257,0.989857,12.4854,9.945002,357.3882,0.3585361,-0.09525477,-0.9286429,0,0,0,1.362551,-0.5112759,-2.472825,-0.05406091,-0.0001797974,0.8513474,0.9822494,-0.04449068,-0.1822268,0.0821816,0.9753368,0.2048514,0.1686186,-0.2161909,0.9616805,moving,12.36551,-19.09735,-3.633428,-0.01210039
05/15/2023 14:23:29.921280,3368,True,True,True,True,Eyes,1.267809,-0.3356957,-3.288533,0.1988204,-0.3173761,0.9272232,0,0,0,0,0,0,0,-1.854015,0.8794945,2.900857,1.272074,-0.3291423,-3.301416,0.1040648,0.08665255,-0.03213038,0.9902676,12.22037,9.715438,357.3257,0.358497,-0.09521732,-0.9286619,0,0,0,1.358997,-0.5088619,-2.473103,-0.05405924,-0.002250805,0.8503113,0.9829179,-0.04560038,-0.1783057,0.0816703,0.9762763,0.2005356,0.1649311,-0.2116723,0.9633237,moving,12.10242,-18.89539,-3.63773,-0.1516637
05/15/2023 14:23:29.947298,3369,True,True,True,True,Eyes,1.267658,-0.335478,-3.288663,0.1947794,-0.314292,0.9291295,0,0,0,0,0,0,0,-1.841672,0.8640898,2.913256,1.271661,-0.3287103,-3.301559,0.1014513,0.08469501,-0.03215105,0.9907073,11.91516,9.488174,357.2749,0.358457,-0.09517743,-0.9286814,0,0,0,1.355691,-0.5066153,-2.473361,-0.0534609,-0.00510639,0.8495522,0.9835861,-0.04651971,-0.1743394,0.0808894,0.9773479,0.1955711,0.1612924,-0.2064632,0.9650688,moving,11.83983,-18.68888,-3.60078,-0.3443827
05/15/2023 14:23:29.961504,3370,True,True,True,True,Eyes,1.267487,-0.3352659,-3.288797,0.1908018,-0.3113451,0.9309452,0,0,0,0,0,0,0,-1.828128,0.8495851,2.926129,1.271382,-0.3284881,-3.301781,0.0988453,0.08255603,-0.03197629,0.9911568,11.60843,9.242642,357.2459,0.3584163,-0.09513525,-0.9287015,0,0,0,1.352309,-0.5043176,-2.473625,-0.05283061,-0.00768517,0.8487973,0.984324,-0.04706648,-0.1699734,0.07970759,0.9784142,0.1906627,0.1573305,-0.201222,0.9668282,moving,11.58265,-18.49198,-3.561594,-0.5187525
05/15/2023 14:23:29.981196,3371,True,True,True,True,Eyes,1.267311,-0.3350455,-3.288936,0.1868274,-0.3083802,0.9327364,0,0,0,0,0,0,0,-1.815,0.8405874,2.937056,1.271127,-0.328455,-3.302039,0.09706749,0.08049217,-0.03169939,0.991511,11.39607,9.006715,357.2382,0.3583743,-0.09509118,-0.9287221,0,0,0,1.34896,-0.5020422,-2.473887,-0.05241685,-0.008676067,0.8480585,0.9850323,-0.04723424,-0.1657717,0.07848692,0.9791461,0.1873839,0.1534638,-0.1975901,0.9681978,moving,11.32648,-18.29486,-3.536842,-0.5861443
05/15/2023 14:23:29.991483,3372,True,True,True,True,Eyes,1.267132,-0.3348258,-3.289076,0.1829815,-0.3055886,0.9344161,0,0,0,0,0,0,0,-1.801876,0.831802,2.947723,1.270879,-0.3280656,-3.302266,0.0954069,0.07842895,-0.03145827,0.9918453,11.19754,8.7706,357.2282,0.3583312,-0.09504516,-0.9287435,0,0,0,1.34565,-0.4997933,-2.474145,-0.05195914,-0.009834602,0.8473896,0.9857185,-0.04743815,-0.1615814,0.0773688,0.9798158,0.1843233,0.1495761,-0.1941922,0.9694929,moving,11.07971,-18.10966,-3.508796,-0.6649314
05/15/2023 14:23:30.011298,3373,True,True,True,True,Eyes,1.266946,-0.3346056,-3.289221,0.1791262,-0.3027721,0.9360784,0,0,0,0,0,0,0,-1.78867,0.8231112,2.958199,1.270571,-0.3278244,-3.302419,0.09362604,0.07641551,-0.0309683,0.9921874,10.98325,8.543445,357.2474,0.3582868,-0.09499744,-0.9287655,0,0,0,1.342178,-0.4974346,-2.474416,-0.05172807,-0.01097129,0.8465739,0.9864033,-0.04714375,-0.1574359,0.07576167,0.9805503,0.1810562,0.1458381,-0.1905221,0.9707897,moving,10.83305,-17.92366,-3.496588,-0.7424911
05/15/2023 14:23:30.021310,3374,True,True,True,True,Eyes,1.266707,-0.3343822,-3.289366,0.1755215,-0.300197,0.9375895,0,0,0,0,0,0,0,-1.774683,0.8146665,2.969081,1.270274,-0.3276206,-3.30268,0.09195088,0.07424356,-0.03063806,0.9925193,10.78215,8.296123,357.2481,0.3582411,-0.09494814,-0.9287881,0,0,0,1.338917,-0.4952189,-2.474671,-0.05103209,-0.01197135,0.8459622,0.9870984,-0.04716421,-0.1530107,0.07447124,0.9812127,0.1779767,0.1417419,-0.1870754,0.9720659,moving,10.60333,-17.75401,-3.452145,-0.8107482
05/15/2023 14:23:30.041621,3375,True,True,True,True,Eyes,1.266464,-0.3341568,-3.289514,0.1718933,-0.2975994,0.9390885,0,0,0,0,0,0,0,-1.760887,0.8061916,2.979714,1.269961,-0.3273574,-3.302938,0.09035709,0.07208627,-0.03044725,0.9928305,10.59165,8.049136,357.2342,0.358193,-0.09489737,-0.9288119,0,0,0,1.335514,-0.4929069,-2.474936,-0.05047274,-0.01279797,0.8453285,0.987753,-0.0474309,-0.1486411,0.07348492,0.9818171,0.1750289,0.1376366,-0.1838082,0.9732784,moving,10.37275,-17.58353,-3.416951,-0.8673711
05/15/2023 14:23:30.061511,3376,True,True,True,True,Eyes,1.266249,-0.3339326,-3.289665,0.1675768,-0.2949503,0.9407031,0,0,0,0,0,0,0,-1.746797,0.7979108,2.990242,1.269659,-0.3271123,-3.3031,0.08881284,0.06988117,-0.03028862,0.9931322,10.40698,7.79644,357.2173,0.3581425,-0.09484525,-0.9288367,0,0,0,1.332225,-0.4906726,-2.475193,-0.04971925,-0.01359645,0.8446534,0.9883984,-0.04774851,-0.1441825,0.07257388,0.9823897,0.1721725,0.1334224,-0.180639,0.9744578,moving,10.10071,-17.40842,-3.368743,-0.9222146
05/15/2023 14:23:30.071579,3377,True,True,True,True,Eyes,1.266027,-0.3337044,-3.289821,0.1632591,-0.2922941,0.9422901,0,0,0,0,0,0,0,-1.732674,0.7898641,3.000556,1.269338,-0.3268881,-3.303226,0.0873051,0.06768192,-0.03012018,0.9934233,10.22645,7.54473,357.2028,0.3580906,-0.09479189,-0.9288622,0,0,0,1.328773,-0.4883268,-2.475463,-0.04913031,-0.01421511,0.8439021,0.9890239,-0.04802622,-0.1397329,0.07166212,0.9829412,0.1693846,0.1292143,-0.177539,0.975594,moving,9.829359,-17.23365,-3.331886,-0.9650277
05/15/2023 14:23:30.091555,3378,True,True,True,True,Eyes,1.265804,-0.3334745,-3.289981,0.1587549,-0.2896976,0.9438602,0,0,0,0,0,0,0,-1.71851,0.7821542,3.010809,1.269017,-0.3265925,-3.303475,0.08594184,0.06544942,-0.0301163,0.9936919,10.06362,7.287502,357.1706,0.3580372,-0.0947373,-0.9288883,0,0,0,1.325595,-0.4861677,-2.475711,-0.04820893,-0.01478732,0.8433951,0.9896188,-0.04860295,-0.1352496,0.07110231,0.9834141,0.1668572,0.1248966,-0.1747416,0.9766608,moving,9.547636,-17.06274,-3.271498,-1.004469
05/15/2023 14:23:30.111651,3379,True,True,True,True,Eyes,1.265573,-0.333243,-3.290144,0.1542528,-0.287077,0.9454061,0,0,0,0,0,0,0,-1.70398,0.7741818,3.021149,1.268591,-0.326318,-3.303701,0.084484,0.063202,-0.0300034,0.9939657,9.889057,7.030061,357.151,0.3579823,-0.09468155,-0.9289151,0,0,0,1.322181,-0.4838481,-2.475978,-0.04741415,-0.01535346,0.8428112,0.9902107,-0.04896559,-0.1307109,0.07032382,0.9839245,0.1641559,0.1205716,-0.1717409,0.9777359,moving,9.266743,-16.89116,-3.219903,-1.043639
05/15/2023 14:23:30.121303,3380,True,True,True,True,Eyes,1.26534,-0.3330134,-3.29031,0.1496855,-0.2845118,0.9469146,0,0,0,0,0,0,0,-1.688982,0.7657958,3.031715,1.268227,-0.3260796,-3.303887,0.08292752,0.06088831,-0.02982865,0.9942465,9.702547,6.765954,357.1381,0.3579259,-0.09462472,-0.9289427,0,0,0,1.318696,-0.4814807,-2.47625,-0.04664855,-0.01601246,0.842168,0.9908057,-0.04921542,-0.1260232,0.06941269,0.9844666,0.1612684,0.1161287,-0.1685332,0.9788313,moving,8.98282,-16.72352,-3.170432,-1.089255
05/15/2023 14:23:30.141430,3381,True,True,True,True,Eyes,1.265101,-0.3327816,-3.29048,0.1450984,-0.2819237,0.9484016,0,0,0,0,0,0,0,-1.672863,0.7573671,3.042773,1.267824,-0.3258934,-3.304081,0.0813389,0.05841125,-0.02962974,0.9945323,9.511742,6.483438,357.127,0.3578681,-0.09456696,-0.9289708,0,0,0,1.315472,-0.4792903,-2.476501,-0.04531755,-0.0168086,0.8416375,0.9914204,-0.04943326,-0.1210038,0.06843769,0.9850121,0.1583269,0.1113636,-0.1652498,0.9799442,moving,8.698383,-16.55521,-3.082087,-1.14412
05/15/2023 14:23:30.161585,3382,True,True,True,True,Eyes,1.264882,-0.3325492,-3.290647,0.1404035,-0.2793652,0.9498642,0,0,0,0,0,0,0,-1.655675,0.7495751,3.054179,1.267486,-0.3256351,-3.304327,0.07981426,0.05577304,-0.02933716,0.9948158,9.327265,6.183254,357.1266,0.3578088,-0.09450828,-0.9289996,0,0,0,1.31203,-0.4769517,-2.47677,-0.04403156,-0.017423,0.8411228,0.9920574,-0.04946716,-0.1156508,0.0672731,0.9855381,0.1555285,0.1062847,-0.1620734,0.9810382,moving,8.40825,-16.38918,-2.996616,-1.186654
05/15/2023 14:23:30.171871,3383,True,True,True,True,Eyes,1.264657,-0.3323176,-3.290817,0.1357006,-0.2767801,0.9513034,0,0,0,0,0,0,0,-1.639467,0.7411715,3.064848,1.267241,-0.325371,-3.304348,0.07820874,0.05329411,-0.02902549,0.9950883,9.133942,5.90207,357.1303,0.3577487,-0.09444878,-0.9290288,0,0,0,1.308622,-0.4746364,-2.477036,-0.04305,-0.01824157,0.8403876,0.9926345,-0.04942971,-0.1106048,0.06610197,0.9860818,0.1525554,0.1015246,-0.158743,0.9820862,moving,8.118301,-16.22227,-2.932491,-1.243475
05/15/2023 14:23:30.191514,3384,True,True,True,True,Eyes,1.264415,-0.3320857,-3.290984,0.1310815,-0.2742826,0.9526734,0,0,0,0,0,0,0,-1.622482,0.733404,3.07577,1.266894,-0.3251837,-3.304531,0.07663677,0.05072795,-0.02860156,0.995357,8.943687,5.611919,357.1474,0.3576877,-0.09438853,-0.9290584,0,0,0,1.305385,-0.4724368,-2.477289,-0.0416966,-0.01898669,0.8398775,0.9932173,-0.04916227,-0.1053687,0.06471277,0.9866175,0.1496601,0.09660097,-0.1554637,0.983107,moving,7.834326,-16.06155,-2.842176,-1.295036
05/15/2023 14:23:30.211475,3385,True,True,True,True,Eyes,1.264166,-0.3318523,-3.291154,0.1264474,-0.2717463,0.9540256,0,0,0,0,0,0,0,-1.605771,0.7255269,3.086322,1.266484,-0.3249578,-3.304647,0.0751012,0.04821093,-0.02825629,0.9956089,8.758348,5.32683,357.1569,0.3576254,-0.09432763,-0.9290885,0,0,0,1.302092,-0.4701996,-2.477546,-0.04040492,-0.01967654,0.8393087,0.9937546,-0.04902302,-0.1002426,0.06350582,0.9871228,0.1468183,0.09175432,-0.1522674,0.9840711,moving,7.550027,-15.89917,-2.756132,-1.342982
05/15/2023 14:23:30.221699,3386,True,True,True,True,Eyes,1.26389,-0.3316236,-3.291325,0.1219738,-0.269334,0.9552914,0,0,0,0,0,0,0,-1.588427,0.7165879,3.097363,1.266107,-0.3247185,-3.304813,0.07340019,0.04559795,-0.02791014,0.9958687,8.553868,5.031155,357.1658,0.3575619,-0.09426611,-0.9291192,0,0,0,1.298502,-0.4677606,-2.477827,-0.03929017,-0.02046482,0.8387224,0.9942837,-0.04889586,-0.09491634,0.06228346,0.9876669,0.1436486,0.0867219,-0.1487392,0.9850665,moving,7.276286,-15.74522,-2.682075,-1.397739
05/15/2023 14:23:30.241652,3387,True,True,True,True,Eyes,1.263608,-0.3313899,-3.291499,0.1174665,-0.2669043,0.9565374,0,0,0,0,0,0,0,-1.570399,0.7091538,3.108289,1.265695,-0.3246185,-3.30502,0.07188705,0.04289365,-0.02750053,0.9961106,8.370523,4.725225,357.1831,0.3574965,-0.09420417,-0.9291506,0,0,0,1.29533,-0.4656056,-2.478074,-0.03759851,-0.02103033,0.838295,0.9948077,-0.04862014,-0.08940748,0.06095412,0.988152,0.1408557,0.08149976,-0.145574,0.9859848,moving,7.001089,-15.59079,-2.568062,-1.437079
05/15/2023 14:23:30.261723,3388,True,True,True,True,Eyes,1.263313,-0.3311572,-3.291669,0.11313,-0.264579,0.9577053,0,0,0,0,0,0,0,-1.552253,0.7017882,3.119063,1.265319,-0.3242944,-3.305201,0.07050472,0.04014481,-0.02726906,0.9963303,8.203037,4.412523,357.181,0.3574294,-0.09414174,-0.9291828,0,0,0,1.291938,-0.463301,-2.478339,-0.03606369,-0.02146366,0.8378366,0.9952896,-0.04867718,-0.08384017,0.05999877,0.988571,0.1383026,0.07614979,-0.1426814,0.9868349,moving,6.73691,-15.44353,-2.464708,-1.46748
05/15/2023 14:23:30.271546,3389,True,True,True,True,Eyes,1.263013,-0.3309245,-3.291839,0.1087532,-0.2622309,0.9588574,0,0,0,0,0,0,0,-1.534185,0.6944296,3.129538,1.264997,-0.3240973,-3.305255,0.06907311,0.03742407,-0.02694296,0.9965453,8.029655,4.104119,357.1908,0.3573603,-0.09407889,-0.9292158,0,0,0,1.288577,-0.4610174,-2.478602,-0.03461197,-0.02188921,0.8372466,0.995747,-0.04852977,-0.07831163,0.05886976,0.989006,0.1356523,0.07086749,-0.1396856,0.9876567,moving,6.470811,-15.2954,-2.367273,-1.497616
05/15/2023 14:23:30.292231,3390,True,True,True,True,Eyes,1.262697,-0.330688,-3.292011,0.1045603,-0.2599602,0.9599416,0,0,0,0,0,0,0,-1.51558,0.6872708,3.140151,1.264618,-0.323891,-3.305406,0.06765759,0.0346398,-0.02657763,0.9967528,7.857922,3.788794,357.2055,0.3572893,-0.09401567,-0.9292494,0,0,0,1.28521,-0.4587299,-2.478864,-0.03302373,-0.02226776,0.8367739,0.9961874,-0.04829537,-0.07265098,0.05766995,0.9894322,0.1330345,0.06545827,-0.1367171,0.9884451,moving,6.216359,-15.15273,-2.260036,-1.524364
05/15/2023 14:23:30.311812,3391,True,True,True,True,Eyes,1.262377,-0.3304507,-3.292179,0.1003289,-0.2576352,0.9610193,0,0,0,0,0,0,0,-1.497643,0.6785446,3.150591,1.264193,-0.3235807,-3.305555,0.06608197,0.03196039,-0.02634189,0.9969543,7.668724,3.485063,357.2066,0.3572163,-0.09395204,-0.9292839,0,0,0,1.281893,-0.456476,-2.479124,-0.03148451,-0.02304566,0.8363256,0.9965693,-0.0482993,-0.06720754,0.05674732,0.9898785,0.1300776,0.06024464,-0.1334452,0.9892234,moving,5.960001,-15.00728,-2.155952,-1.578434
05/15/2023 14:23:30.321951,3392,True,True,True,True,Eyes,1.262046,-0.3302171,-3.29235,0.09625394,-0.2553448,0.9620469,0,0,0,0,0,0,0,-1.479449,0.6687948,3.161164,1.263851,-0.3233575,-3.305621,0.06428504,0.02925931,-0.02597595,0.9971644,7.453734,3.180505,357.2228,0.3571413,-0.09388801,-0.9293192,0,0,0,1.278351,-0.4540697,-2.4794,-0.03023662,-0.0239796,0.835732,0.9969383,-0.04804271,-0.06169242,0.05556646,0.9903854,0.1266854,0.05501296,-0.1297256,0.9900227,moving,5.713497,-14.86462,-2.072047,-1.643533
05/15/2023 14:23:30.341242,3393,True,True,True,True,Eyes,1.261711,-0.3299871,-3.292522,0.09212822,-0.2530304,0.9630618,0,0,0,0,0,0,0,-1.4611,0.659628,3.17162,1.263447,-0.3232321,-3.305801,0.0625756,0.02654506,-0.02562674,0.997358,7.248967,2.874211,357.2384,0.3570643,-0.09382374,-0.9293553,0,0,0,1.275117,-0.4518723,-2.479653,-0.02860722,-0.02483225,0.8353267,0.9972773,-0.04779591,-0.05615706,0.05444021,0.9908551,0.12346,0.04974263,-0.1261811,0.9907593,moving,5.464389,-14.72092,-1.961428,-1.702764
05/15/2023 14:23:30.361384,3394,True,True,True,True,Eyes,1.26143,-0.3297554,-3.292691,0.08776924,-0.2506813,0.9640827,0,0,0,0,0,0,0,-1.442418,0.6522452,3.181696,1.263073,-0.3231147,-3.305968,0.06115992,0.02377075,-0.02530761,0.9975239,7.077981,2.560172,357.2517,0.3569853,-0.09375935,-0.929392,0,0,0,1.271838,-0.4496444,-2.479909,-0.02696788,-0.02515365,0.8349255,0.997589,-0.04758225,-0.0505194,0.05339752,0.9912379,0.1208138,0.04432816,-0.1232201,0.9913889,moving,5.201818,-14.57532,-1.849996,-1.725618
05/15/2023 14:23:30.371366,3395,True,True,True,True,Eyes,1.261145,-0.3295202,-3.292857,0.08337808,-0.2482979,0.9650887,0,0,0,0,0,0,0,-1.423968,0.6459022,3.191154,1.262721,-0.3227976,-3.306006,0.05996111,0.02102946,-0.02502215,0.9976655,6.932196,2.249261,357.2628,0.356906,-0.09369476,-0.9294291,0,0,0,1.268523,-0.4473924,-2.480167,-0.02543512,-0.0253025,0.834434,0.9978634,-0.04740556,-0.04496143,0.05244935,0.9915571,0.1185899,0.03896001,-0.1206947,0.9919249,moving,4.937763,-14.42814,-1.745943,-1.736845
05/15/2023 14:23:30.391857,3396,True,True,True,True,Eyes,1.260829,-0.3292921,-3.293026,0.07908617,-0.2459045,0.9660624,0,0,0,0,0,0,0,-1.405815,0.6371295,3.200855,1.262362,-0.3225055,-3.306079,0.05838466,0.0183519,-0.02472369,0.9978194,6.743349,1.946815,357.276,0.3568262,-0.09362991,-0.9294662,0,0,0,1.265086,-0.4450571,-2.480436,-0.02411966,-0.02597573,0.8339404,0.9981039,-0.0471966,-0.03951071,0.05148248,0.9919599,0.1156072,0.03373678,-0.1174221,0.9925089,moving,4.680052,-14.28097,-1.656677,-1.784082
05/15/2023 14:23:30.411204,3397,True,True,True,True,Eyes,1.260511,-0.3290617,-3.293195,0.07477683,-0.243491,0.9670163,0,0,0,0,0,0,0,-1.387564,0.6282985,3.210622,1.262028,-0.3224868,-3.306278,0.05674728,0.01566554,-0.02439097,0.9979678,6.54757,1.643827,357.2939,0.3567452,-0.09356504,-0.9295037,0,0,0,1.261846,-0.4428559,-2.480689,-0.02263496,-0.02658133,0.833587,0.9983193,-0.04690484,-0.03403564,0.05046074,0.9923697,0.1124997,0.02849916,-0.1140281,0.9930686,moving,4.421732,-14.13306,-1.555409,-1.826423
05/15/2023 14:23:30.421972,3398,True,True,True,True,Eyes,1.260195,-0.3288322,-3.293363,0.07050552,-0.2410945,0.9679372,0,0,0,0,0,0,0,-1.371014,0.6202431,3.219265,1.261701,-0.3222281,-3.306407,0.05533225,0.01322826,-0.02417088,0.9980879,6.378288,1.368289,357.3017,0.3566631,-0.09350009,-0.9295418,0,0,0,1.258248,-0.4404114,-2.48097,-0.0219235,-0.02684919,0.8331411,0.9984816,-0.04678542,-0.02908079,0.04971322,0.9927083,0.1098134,0.02373107,-0.1110924,0.9935267,moving,4.166125,-13.98666,-1.507349,-1.845801
05/15/2023 14:23:30.441362,3399,True,True,True,True,Eyes,1.259876,-0.3286068,-3.293533,0.06620735,-0.2386743,0.9688401,0,0,0,0,0,0,0,-1.353664,0.612005,3.228115,1.26131,-0.3220216,-3.306522,0.05387466,0.01068664,-0.02393481,0.9982036,6.203917,1.08103,357.3115,0.3565801,-0.09343511,-0.9295801,0,0,0,1.255134,-0.4382959,-2.481213,-0.02048113,-0.02742375,0.8327791,0.9986259,-0.04663214,-0.02391384,0.0489351,0.9930493,0.1070442,0.01875593,-0.1080673,0.9939667,moving,3.909327,-13.83928,-1.408832,-1.886091
05/15/2023 14:23:30.461417,3400,True,True,True,True,Eyes,1.259539,-0.3283872,-3.293708,0.06217837,-0.2363632,0.9696733,0,0,0,0,0,0,0,-1.336254,0.6038237,3.23694,1.26096,-0.3219207,-3.306706,0.05240808,0.008136442,-0.02368418,0.9983119,6.028584,0.792968,357.3237,0.3564962,-0.09337019,-0.9296188,0,0,0,1.251716,-0.4359733,-2.48148,-0.01939142,-0.02771017,0.8324351,0.9987457,-0.04643556,-0.01872789,0.04814123,0.9933849,0.1042538,0.01376293,-0.1050246,0.9943744,moving,3.668955,-13.69901,-1.334453,-1.906563
05/15/2023 14:23:30.471450,3401,True,True,True,True,Eyes,1.259203,-0.328167,-3.293884,0.05812348,-0.234048,0.970486,0,0,0,0,0,0,0,-1.319246,0.5973866,3.24521,1.260548,-0.3218587,-3.306977,0.05121813,0.005653807,-0.02345335,0.9983962,5.88529,0.5118927,357.3349,0.3564109,-0.09330551,-0.9296579,0,0,0,1.24827,-0.4336321,-2.481749,-0.01839291,-0.0274673,0.8321974,0.998836,-0.0462523,-0.01369195,0.04741061,0.9936533,0.1020067,0.008887004,-0.1025372,0.9946895,moving,3.427413,-13.55887,-1.266124,-1.890404
05/15/2023 14:23:30.491403,3402,True,True,True,True,Eyes,1.258838,-0.3279382,-3.29406,0.05433366,-0.2317913,0.971247,0,0,0,0,0,0,0,-1.302808,0.5908682,3.253033,1.260274,-0.3216454,-3.3071,0.05004353,0.003245792,-0.02320671,0.9984722,5.744053,0.2394949,357.3491,0.3563244,-0.09324101,-0.9296975,0,0,0,1.245066,-0.4314555,-2.481999,-0.01740279,-0.02752011,0.8318776,0.9989018,-0.04601764,-0.008804356,0.04666736,0.9939141,0.09978347,0.004158974,-0.1000848,0.9949702,moving,3.201912,-13.42275,-1.198447,-1.894763
05/15/2023 14:23:30.511532,3403,True,True,True,True,Eyes,1.258472,-0.3277087,-3.294235,0.05051742,-0.2294833,0.9720007,0,0,0,0,0,0,0,-1.287062,0.5822481,3.260838,1.259944,-0.3212439,-3.307257,0.04861739,0.0009527319,-0.02304571,0.9985512,5.574377,359.9805,357.3549,0.3562361,-0.09317646,-0.9297378,0,0,0,1.241541,-0.4290609,-2.482274,-0.01684899,-0.02797694,0.8315603,0.998936,-0.04593201,-0.004143547,0.04611728,0.9942105,0.09704997,-0.0003381413,-0.0971378,0.9952709,moving,2.975135,-13.28393,-1.160762,-1.926927
05/15/2023 14:23:30.521804,3404,True,True,True,True,Eyes,1.258078,-0.3274898,-3.294413,0.04704231,-0.2272629,0.9726966,0,0,0,0,0,0,0,-1.27119,0.5716628,3.268863,1.259602,-0.3210292,-3.307345,0.04686515,-0.001346094,-0.02287928,0.9986383,5.367356,359.7219,357.3621,0.3561462,-0.09311186,-0.9297787,0,0,0,1.23824,-0.4268175,-2.482532,-0.01604358,-0.02893084,0.8311858,0.9989495,-0.04582242,0.0005440393,0.04557008,0.9945604,0.09366426,-0.004833003,-0.09354106,0.9956037,moving,2.768826,-13.1508,-1.105788,-1.993472
05/15/2023 14:23:30.541445,3405,True,True,True,True,Eyes,1.257686,-0.3272798,-3.294594,0.04352117,-0.2250275,0.9733799,0,0,0,0,0,0,0,-1.254696,0.563515,3.276674,1.259204,-0.3210949,-3.307523,0.04536572,-0.003708286,-0.02251062,0.9987099,5.189349,359.4564,357.3929,0.3560541,-0.09304753,-0.9298204,0,0,0,1.234765,-0.4244571,-2.482803,-0.01530697,-0.0290535,0.8308823,0.998959,-0.04529962,0.005364583,0.0446267,0.9948704,0.09078134,-0.009449424,-0.09044743,0.9958564,moving,2.560069,-13.01705,-1.055415,-2.002648
05/15/2023 14:23:30.561631,3406,True,True,True,True,Eyes,1.257295,-0.327069,-3.29478,0.04010868,-0.2228865,0.9740189,0,0,0,0,0,0,0,-1.237784,0.5570803,3.284302,1.258897,-0.3211165,-3.307741,0.04408282,-0.006129505,-0.02199846,0.9987669,5.036322,359.1842,357.4406,0.3559601,-0.09298368,-0.9298628,0,0,0,1.231438,-0.4221966,-2.483063,-0.01443631,-0.02894013,0.8306738,0.998957,-0.04448307,0.01030438,0.04340224,0.9951455,0.0883266,-0.0141834,-0.08778724,0.9960383,moving,2.358024,-12.88918,-0.9956453,-1.99534
05/15/2023 14:23:30.571415,3407,True,True,True,True,Eyes,1.256907,-0.3268527,-3.294963,0.03665601,-0.2207334,0.9746451,0,0,0,0,0,0,0,-1.221841,0.5534734,3.290977,1.258539,-0.3208774,-3.308002,0.04330793,-0.008410858,-0.02155824,0.9987938,4.942084,358.9263,357.4807,0.3558642,-0.09292022,-0.9299058,0,0,0,1.228173,-0.4199779,-2.483318,-0.0136784,-0.02827872,0.8305775,0.998929,-0.04379299,0.01493414,0.04233596,0.9953194,0.08687401,-0.01866871,-0.08614872,0.9961073,moving,2.153856,-12.76083,-0.9434926,-1.95
05/15/2023 14:23:30.591607,3408,True,True,True,True,Eyes,1.256545,-0.3266368,-3.295142,0.03302964,-0.2183969,0.9753009,0,0,0,0,0,0,0,-1.205951,0.5466624,3.297923,1.258303,-0.3205474,-3.308077,0.04210344,-0.01070108,-0.02121725,0.9988307,4.798647,358.668,357.5104,0.3557669,-0.09285697,-0.9299494,0,0,0,1.224996,-0.4178199,-2.483566,-0.01290625,-0.02849912,0.8303074,0.9988707,-0.04328598,0.0195905,0.04148377,0.9955543,0.08456251,-0.02316377,-0.08365431,0.9962255,moving,1.939643,-12.62189,-0.8905307,-1.965824
05/15/2023 14:23:30.611749,3409,True,True,True,True,Eyes,1.256184,-0.3264208,-3.295318,0.02937792,-0.2160471,0.9759409,0,0,0,0,0,0,0,-1.190129,0.5366727,3.305248,1.257973,-0.3203503,-3.308167,0.04055182,-0.01300536,-0.02128545,0.998866,4.614893,358.4071,357.4943,0.3556689,-0.0927939,-0.9299932,0,0,0,1.221594,-0.4155086,-2.483832,-0.01219256,-0.02903048,0.8300098,0.9987556,-0.0435774,0.0242549,0.04146784,0.995805,0.08156533,-0.02770755,-0.08045803,0.9963728,moving,1.724205,-12.48244,-0.8415948,-2.003165
05/15/2023 14:23:30.621973,3410,True,True,True,True,Eyes,1.255862,-0.3262154,-3.295497,0.02552599,-0.2135481,0.976599,0,0,0,0,0,0,0,-1.175794,0.5276798,3.311778,1.257696,-0.3201617,-3.308248,0.03926391,-0.01512855,-0.02163248,0.9988801,4.461279,358.1651,357.4472,0.3555703,-0.092731,-0.9300371,0,0,0,1.218011,-0.413074,-2.484112,-0.01199631,-0.02902219,0.8297122,0.9986063,-0.04440451,0.02852446,0.04202848,0.9959808,0.07909442,-0.03192196,-0.07778535,0.9964589,moving,1.497235,-12.33444,-0.8283476,-2.00331
05/15/2023 14:23:30.641935,3411,True,True,True,True,Eyes,1.25554,-0.3260144,-3.295676,0.0216651,-0.2110656,0.9772318,0,0,0,0,0,0,0,-1.161333,0.5198379,3.318293,1.257361,-0.3202051,-3.30855,0.0380525,-0.0172397,-0.02181218,0.998889,4.316643,357.9252,357.4199,0.3554722,-0.0926685,-0.9300808,0,0,0,1.214747,-0.4108562,-2.484367,-0.011462,-0.02882872,0.8296682,0.998454,-0.04488791,0.03278108,0.04226386,0.9961525,0.07677252,-0.03610111,-0.07526837,0.9965096,moving,1.270032,-12.18771,-0.7914997,-1.990072
05/15/2023 14:23:30.661713,3412,True,True,True,True,Eyes,1.255255,-0.3258192,-3.295852,0.01770258,-0.2085101,0.97786,0,0,0,0,0,0,0,-1.146983,0.5138588,3.324231,1.257084,-0.3201296,-3.308684,0.03705016,-0.01931268,-0.02172829,0.9988906,4.196589,357.6903,357.4231,0.3553745,-0.09260648,-0.9301243,0,0,0,1.211467,-0.408628,-2.484623,-0.0111035,-0.02839974,0.8294935,0.9983098,-0.04483944,0.03697243,0.04197729,0.9963104,0.07485735,-0.04019257,-0.07317884,0.9965086,moving,1.037134,-12.03697,-0.7669089,-1.960895
05/15/2023 14:23:30.671805,3413,True,True,True,True,Eyes,1.254968,-0.3256232,-3.29603,0.01372537,-0.2059736,0.9784613,0,0,0,0,0,0,0,-1.131802,0.508566,3.330306,1.256744,-0.3200566,-3.308884,0.03620581,-0.02151901,-0.02180408,0.9988747,4.093928,357.439,357.4075,0.355278,-0.09254505,-0.9301673,0,0,0,1.207939,-0.4062308,-2.484898,-0.01070389,-0.02754399,0.8293896,0.998123,-0.04511732,0.04141071,0.04200086,0.9964274,0.07326854,-0.04456845,-0.07139172,0.9964521,moving,0.8036644,-11.88763,-0.7394035,-1.902091
05/15/2023 14:23:30.691477,3414,True,True,True,True,Eyes,1.254671,-0.325435,-3.29621,0.009773338,-0.2034118,0.9790446,0,0,0,0,0,0,0,-1.117062,0.5017917,3.336332,1.256448,-0.3198634,-3.309042,0.03522795,-0.02367967,-0.02206982,0.9988551,3.975507,357.1927,357.371,0.3551827,-0.0924841,-0.9302098,0,0,0,1.204802,-0.4040998,-2.485143,-0.009989783,-0.02729293,0.8292935,0.9979044,-0.04575748,0.04575017,0.04242073,0.9965438,0.07142045,-0.04886007,-0.06933001,0.9963965,moving,0.5719376,-11.73711,-0.6901594,-1.884985
05/15/2023 14:23:30.711412,3415,True,True,True,True,Eyes,1.254375,-0.3252468,-3.296392,0.005808759,-0.2008803,0.9795986,0,0,0,0,0,0,0,-1.101925,0.4959199,3.342329,1.25614,-0.3198901,-3.309247,0.03427856,-0.02587187,-0.02212923,0.9988323,3.860761,356.9435,357.3586,0.355088,-0.09242382,-0.9302519,0,0,0,1.201377,-0.4017725,-2.48541,-0.009542987,-0.02657631,0.829225,0.9976819,-0.04598047,0.05016621,0.04243307,0.9966705,0.06962211,-0.05320044,-0.06733201,0.9963112,moving,0.3397447,-11.58864,-0.6593491,-1.835677
05/15/2023 14:23:30.729885,3416,True,True,True,True,Eyes,1.254087,-0.3250594,-3.296576,0.001900852,-0.1982886,0.9801418,0,0,0,0,0,0,0,-1.087023,0.4906757,3.348073,1.255918,-0.3197196,-3.309445,0.03342762,-0.0280296,-0.02210616,0.9988035,3.757629,356.6983,357.3559,0.3549939,-0.09236412,-0.9302937,0,0,0,1.19791,-0.3994174,-2.485681,-0.009284206,-0.02586684,0.8291848,0.9974513,-0.04603334,0.0545142,0.04228549,0.9967878,0.0680145,-0.05747002,-0.06553598,0.9961938,moving,0.1111172,-11.43692,-0.6415018,-1.786791
05/15/2023 14:23:30.751216,3417,True,True,True,True,Eyes,1.253799,-0.3248697,-3.296763,-0.002012575,-0.1956869,0.9806644,0,0,0,0,0,0,0,-1.0724,0.4842327,3.353827,1.255607,-0.3195624,-3.309685,0.03237993,-0.03011824,-0.02203379,0.9987788,3.632322,356.4618,357.3602,0.3549007,-0.09230497,-0.9303352,0,0,0,1.194607,-0.397173,-2.485939,-0.008879062,-0.02556458,0.8291976,0.9972148,-0.04596421,0.05873601,0.04206331,0.9969321,0.06600799,-0.06158982,-0.06335352,0.9960889,moving,-0.1175855,-11.28488,-0.6135007,-1.765898
05/15/2023 14:23:30.761794,3418,True,True,True,True,Eyes,1.253501,-0.3246826,-3.296947,-0.005724358,-0.1930768,0.981167,0,0,0,0,0,0,0,-1.058055,0.4752774,3.359772,1.255334,-0.3193442,-3.309923,0.03100193,-0.03217003,-0.02206025,0.9987581,3.468943,356.2302,357.3552,0.354808,-0.09224624,-0.9303764,0,0,0,1.191297,-0.394924,-2.486198,-0.008555859,-0.0258753,0.8292127,0.9969568,-0.04606036,0.06289233,0.04207103,0.9971044,0.06334621,-0.06562797,-0.0605075,0.9960079,moving,-0.3342732,-11.13258,-0.5911599,-1.787315
05/15/2023 14:23:30.791221,3419,True,True,True,True,Eyes,1.253206,-0.3244983,-3.297134,-0.009445714,-0.1904771,0.9816462,0,0,0,0,0,0,0,-1.043673,0.4670752,3.365381,1.25512,-0.3192578,-3.309977,0.02968526,-0.03422489,-0.02198106,0.9987314,3.313003,355.9984,357.3626,0.3547158,-0.09218798,-0.9304173,0,0,0,1.187407,-0.3922814,-2.486501,-0.008914061,-0.02559267,0.8290328,0.996691,-0.04593829,0.06705791,0.04187439,0.9972712,0.06079979,-0.06966795,-0.05779059,0.9958948,moving,-0.5513014,-10.98112,-0.6160412,-1.768189
05/15/2023 14:23:30.791345,3420,True,True,True,True,Eyes,1.252916,-0.3243127,-3.29732,-0.01289179,-0.1879081,0.982102,0,0,0,0,0,0,0,-1.029552,0.4601308,3.370838,1.254933,-0.3191599,-3.310216,0.02854731,-0.03624003,-0.0218601,0.9986962,3.177863,355.7708,357.3748,0.3546239,-0.09213021,-0.930458,0,0,0,1.184672,-0.3904233,-2.486715,-0.008167967,-0.02574053,0.8291199,0.9964176,-0.04573231,0.07113747,0.04159409,0.9974144,0.0586046,-0.07363365,-0.05543575,0.9957434,moving,-0.7520634,-10.83164,-0.5644237,-1.778211
05/15/2023 14:23:30.811533,3421,True,True,True,True,Eyes,1.252628,-0.3241258,-3.297506,-0.01634697,-0.1853305,0.9825402,0,0,0,0,0,0,0,-1.016799,0.4523638,3.375762,1.254733,-0.3189459,-3.310318,0.02734683,-0.03805805,-0.02183703,0.9986626,3.035711,355.5656,357.3771,0.3545325,-0.09207283,-0.9304985,0,0,0,1.181473,-0.3882499,-2.486965,-0.008207582,-0.02583656,0.8290626,0.9961494,-0.04569716,0.07481994,0.0415341,0.9975505,0.05628265,-0.07720863,-0.05295835,0.9956074,moving,-0.9531679,-10.68185,-0.5672001,-1.784964
05/15/2023 14:23:30.826748,3422,True,True,True,True,Eyes,1.252334,-0.3239462,-3.297695,-0.01950013,-0.1827692,0.9829624,0,0,0,0,0,0,0,-1.004184,0.4431049,3.380873,1.25451,-0.318778,-3.310531,0.02594928,-0.03985303,-0.02190678,0.9986284,2.870645,355.3634,357.3704,0.3544415,-0.09201577,-0.9305388,0,0,0,1.177439,-0.3855092,-2.48728,-0.00910157,-0.02568561,0.8290915,0.9958637,-0.04582177,0.07845979,0.04168515,0.9976935,0.05357347,-0.08073365,-0.05008126,0.9954768,moving,-1.136491,-10.53313,-0.6289542,-1.77448
05/15/2023 14:23:30.841352,3423,True,True,True,True,Eyes,1.252044,-0.3237623,-3.29789,-0.02266648,-0.180228,0.9833636,0,0,0,0,0,0,0,-0.9919552,0.4344487,3.385735,1.254238,-0.318809,-3.310766,0.02460203,-0.04157943,-0.02193521,0.9985915,2.711712,355.1691,357.3689,0.3543507,-0.09195921,-0.930579,0,0,0,1.174777,-0.3837006,-2.487488,-0.008656457,-0.02611586,0.829189,0.99558,-0.04585449,0.08196241,0.04176274,0.9978271,0.05095886,-0.08412101,-0.04731065,0.9953318,moving,-1.320431,-10.38574,-0.5981271,-1.803972
05/15/2023 14:23:30.861399,3424,True,True,True,True,Eyes,1.251762,-0.3235827,-3.298075,-0.0255943,-0.1777031,0.9837513,0,0,0,0,0,0,0,-0.9794918,0.4280913,3.390375,1.254108,-0.3185394,-3.311051,0.02360743,-0.04335372,-0.02185322,0.9985419,2.593586,354.9685,357.3786,0.3542603,-0.09190295,-0.930619,0,0,0,1.171426,-0.3814236,-2.487749,-0.008986302,-0.02581779,0.8293785,0.9952857,-0.04568965,0.0855492,0.04159577,0.9979302,0.04904084,-0.0876128,-0.04525117,0.9951263,moving,-1.49033,-10.23939,-0.6207744,-1.782989
05/15/2023 14:23:30.871613,3425,True,True,True,True,Eyes,1.251482,-0.3234012,-3.298262,-0.02853992,-0.1751635,0.9841256,0,0,0,0,0,0,0,-0.9678355,0.4171563,3.394974,1.253901,-0.3184974,-3.311022,0.02190285,-0.04498279,-0.02177056,0.9985104,2.39462,354.7867,357.3929,0.3541704,-0.0918471,-0.9306588,0,0,0,1.168038,-0.3791215,-2.488014,-0.009531759,-0.02646162,0.8292165,0.9950052,-0.04544677,0.0888779,0.04150576,0.9980926,0.04569905,-0.09078525,-0.04178184,0.9949937,moving,-1.661128,-10.09233,-0.6585801,-1.827779
05/15/2023 14:23:30.891354,3426,True,True,True,True,Eyes,1.251192,-0.3232159,-3.298451,-0.03133098,-0.1726133,0.9844912,0,0,0,0,0,0,0,-0.9559411,0.4073896,3.399631,1.253696,-0.3183004,-3.311225,0.02049683,-0.04667915,-0.02199436,0.9984574,2.228054,354.5955,357.371,0.3540809,-0.09179156,-0.9306982,0,0,0,1.164687,-0.376845,-2.488276,-0.009883419,-0.02680432,0.8293253,0.9946746,-0.04583441,0.09231266,0.04200732,0.9981923,0.04298379,-0.09411594,-0.03887707,0.9948019,moving,-1.822797,-9.944727,-0.6827856,-1.851192
05/15/2023 14:23:30.931415,3427,True,True,True,True,Eyes,1.250905,-0.3230361,-3.298639,-0.03414359,-0.1700195,0.9848491,0,0,0,0,0,0,0,-0.9445999,0.3964834,3.404185,1.253497,-0.3180785,-3.311422,0.01896069,-0.04829798,-0.02231605,0.9984037,2.046193,354.4134,357.3393,0.3539917,-0.0917362,-0.9307376,0,0,0,1.161357,-0.3745824,-2.488535,-0.01033328,-0.02741501,0.829437,0.9943386,-0.04639238,0.09559551,0.04272933,0.998285,0.04001649,-0.09728802,-0.03570521,0.9946156,moving,-1.985584,-9.794719,-0.7137649,-1.893083
05/15/2023 14:23:30.941350,3428,True,True,True,True,Eyes,1.250601,-0.3228583,-3.29883,-0.03702347,-0.1674016,0.9851934,0,0,0,0,0,0,0,-0.932428,0.384752,3.408941,1.253304,-0.3180609,-3.311555,0.01716425,-0.05000075,-0.02231335,0.9983524,1.836103,354.2231,357.3466,0.3539027,-0.09168115,-0.9307769,0,0,0,1.157871,-0.3722144,-2.488808,-0.01084507,-0.02812273,0.8294846,0.9940041,-0.04626963,0.09907073,0.04283673,0.9984151,0.0365033,-0.1006027,-0.03204057,0.9944106,moving,-2.152157,-9.643451,-0.7490693,-1.941804
05/15/2023 14:23:30.965640,3429,True,True,True,True,Eyes,1.250304,-0.3226783,-3.29902,-0.03992975,-0.1647847,0.985521,0,0,0,0,0,0,0,-0.9195664,0.3755752,3.413524,1.253059,-0.317975,-3.311727,0.01576415,-0.05180584,-0.02233086,0.9982831,1.671007,354.02,357.3498,0.3538135,-0.09162644,-0.9308162,0,0,0,1.154606,-0.3699962,-2.489063,-0.01090904,-0.02837604,0.8296098,0.993635,-0.04621838,0.1027297,0.04295168,0.9985057,0.0337879,-0.1041378,-0.02916043,0.9941353,moving,-2.320149,-9.492371,-0.7533736,-1.958985
05/15/2023 14:23:30.971325,3430,True,True,True,True,Eyes,1.249973,-0.3224976,-3.299215,-0.04283241,-0.1621885,0.9858297,0,0,0,0,0,0,0,-0.9069724,0.3670633,3.417891,1.252933,-0.3177661,-3.311872,0.01450877,-0.05359716,-0.02242313,0.9982055,1.52206,353.8178,357.3441,0.3537243,-0.09157198,-0.9308555,0,0,0,1.148351,-0.3657461,-2.489551,-0.01419905,-0.02663513,0.8297836,0.9932491,-0.04632103,0.1063513,0.04321052,0.9985734,0.0313691,-0.1076526,-0.02656184,0.9938337,moving,-2.487827,-9.342598,-0.9803352,-1.8385
05/15/2023 14:23:30.982256,3431,True,True,True,True,Eyes,1.249642,-0.3223221,-3.299412,-0.04576091,-0.1595912,0.986122,0,0,0,0,0,0,0,-0.8949653,0.3587354,3.42201,1.252782,-0.3176243,-3.312018,0.01328427,-0.05530049,-0.02254573,0.9981268,1.376674,353.6256,357.3354,0.3536341,-0.09151774,-0.930895,0,0,0,1.146564,-0.3645323,-2.489691,-0.01299231,-0.02761058,0.8299239,0.9928671,-0.04647624,0.1097948,0.04353774,0.9986305,0.02901234,-0.1109928,-0.02402519,0.9935308,moving,-2.6569,-9.192882,-0.8968823,-1.90546
05/15/2023 14:23:30.991466,3432,True,True,True,True,Eyes,1.249291,-0.3221417,-3.299614,-0.04888331,-0.1571262,0.986368,0,0,0,0,0,0,0,-0.8821025,0.3503377,3.426297,1.25249,-0.317597,-3.312213,0.01201227,-0.05709938,-0.02261239,0.9980401,1.225945,353.4226,357.3337,0.3535432,-0.09146384,-0.9309349,0,0,0,1.141805,-0.3612985,-2.490062,-0.01455969,-0.02665214,0.8301634,0.9924567,-0.04650793,0.1134317,0.04376436,0.9986888,0.02655975,-0.1145182,-0.02139514,0.9931908,moving,-2.837194,-9.051039,-1.00477,-1.838832
05/15/2023 14:23:31.011590,3433,True,True,True,True,Eyes,1.248946,-0.32196,-3.299814,-0.05203421,-0.1546393,0.9865997,0,0,0,0,0,0,0,-0.8688722,0.3411342,3.430706,1.252315,-0.3173425,-3.31241,0.01073581,-0.05898667,-0.02293537,0.9979376,1.07273,353.2093,357.3032,0.3534509,-0.09141012,-0.9309752,0,0,0,1.140305,-0.3602794,-2.490179,-0.01269651,-0.02802438,0.8303651,0.9919891,-0.04704268,0.1172376,0.0445096,0.9987174,0.0241331,-0.1182225,-0.01872157,0.9928106,moving,-3.019037,-8.908045,-0.876,-1.932968
05/15/2023 14:23:31.022014,3434,True,True,True,True,Eyes,1.24857,-0.3217796,-3.300024,-0.05516044,-0.1523011,0.9867936,0,0,0,0,0,0,0,-0.855431,0.3307312,3.435144,1.252154,-0.3171649,-3.312533,0.009290283,-0.06090548,-0.02332103,0.9978278,0.8995491,352.9928,357.2672,0.3533577,-0.09135652,-0.9310158,0,0,0,1.137864,-0.3586214,-2.49037,-0.0117661,-0.02901542,0.8305135,0.9914933,-0.0476724,0.121113,0.04540908,0.9987397,0.02138096,-0.1219797,-0.01569945,0.9924084,moving,-3.199428,-8.773765,-0.8116698,-2.000913
05/15/2023 14:23:31.041369,3435,True,True,True,True,Eyes,1.248201,-0.3215997,-3.300234,-0.05831886,-0.1499396,0.9869736,0,0,0,0,0,0,0,-0.8411741,0.3208621,3.439739,1.251972,-0.3170684,-3.312758,0.007876954,-0.0629268,-0.02360282,0.997708,0.7303863,352.7645,357.2434,0.3532627,-0.09130307,-0.9310571,0,0,0,1.134491,-0.3563296,-2.490633,-0.01160698,-0.02926504,0.8308079,0.9909663,-0.04808878,0.1251933,0.04610609,0.9987617,0.0186883,-0.125937,-0.0127473,0.9919563,moving,-3.381594,-8.638239,-0.8004107,-2.017398
05/15/2023 14:23:31.071627,3436,True,True,True,True,Eyes,1.247811,-0.3214198,-3.300448,-0.06157921,-0.1476575,0.9871197,0,0,0,0,0,0,0,-0.8273435,0.3108026,3.444105,1.251789,-0.3169357,-3.312934,0.006479406,-0.06489318,-0.02400031,0.9975826,0.562228,352.5425,357.207,0.3531663,-0.09124976,-0.9310989,0,0,0,1.131039,-0.353984,-2.490903,-0.01161462,-0.02949572,0.8310737,0.9904257,-0.04872553,0.1291616,0.04704365,0.998764,0.0160424,-0.1297836,-0.009812572,0.9914938,moving,-3.569641,-8.507463,-0.8006816,-2.032637
05/15/2023 14:23:31.081591,3437,True,True,True,True,Eyes,1.247427,-0.3212366,-3.300663,-0.06487019,-0.1453567,0.9872503,0,0,0,0,0,0,0,-0.8134726,0.301899,3.448283,1.251589,-0.3168006,-3.31311,0.005245959,-0.06686191,-0.02437389,0.9974508,0.4128656,352.3199,357.1727,0.3530681,-0.09119658,-0.9311413,0,0,0,1.127543,-0.351609,-2.491176,-0.01165094,-0.02942907,0.831368,0.9898708,-0.04932501,0.1331272,0.04792199,0.9987568,0.01372454,-0.1336387,-0.007205802,0.9910039,moving,-3.759383,-8.375707,-0.8029009,-2.02733
05/15/2023 14:23:31.091333,3438,True,True,True,True,Eyes,1.247041,-0.3210506,-3.300882,-0.06822938,-0.1430979,0.9873539,0,0,0,0,0,0,0,-0.7993649,0.2922092,3.452494,1.251382,-0.3165732,-3.313293,0.003948593,-0.06886774,-0.02487568,0.9973079,0.2549476,352.0932,357.1247,0.3529684,-0.09114343,-0.9311844,0,0,0,1.124358,-0.349445,-2.491425,-0.01127927,-0.02977473,0.8316668,0.9892768,-0.05016129,0.1371682,0.04907357,0.9987313,0.01130219,-0.1375611,-0.004449662,0.9904833,moving,-3.953042,-8.246502,-0.7770119,-2.050386
05/15/2023 14:23:31.111505,3439,True,True,True,True,Eyes,1.246661,-0.3208702,-3.301103,-0.07161707,-0.1408011,0.9874442,0,0,0,0,0,0,0,-0.7851285,0.2814801,3.456762,1.251161,-0.316353,-3.313514,0.002499137,-0.07088111,-0.02538617,0.9971586,0.0793703,351.8661,357.0777,0.3528672,-0.09109021,-0.9312279,0,0,0,1.119932,-0.3464379,-2.49177,-0.0121503,-0.02959017,0.8320855,0.9886628,-0.05098235,0.1412325,0.05027378,0.9986987,0.008582871,-0.1414863,-0.001385273,0.9899393,moving,-4.148269,-8.115185,-0.8365861,-2.036663
05/15/2023 14:23:31.121933,3440,True,True,True,True,Eyes,1.246283,-0.3206916,-3.301326,-0.07500805,-0.1385544,0.9875102,0,0,0,0,0,0,0,-0.7701959,0.2711432,3.461072,1.250947,-0.3163391,-3.31373,0.0009386208,-0.07295556,-0.0254409,0.9970103,359.8946,351.6324,357.0843,0.3527649,-0.09103709,-0.9312719,0,0,0,1.117663,-0.3448964,-2.491947,-0.01073025,-0.03067484,0.8323766,0.9880605,-0.05086663,0.1454271,0.05059272,0.9987037,0.005583739,-0.1455227,0.001840481,0.9893532,moving,-4.34366,-7.986852,-0.7385648,-2.110516
05/15/2023 14:23:31.141428,3441,True,True,True,True,Eyes,1.245908,-0.3205103,-3.301548,-0.07841303,-0.1362803,0.9875622,0,0,0,0,0,0,0,-0.7557234,0.2618823,3.465084,1.250769,-0.3162172,-3.313924,-0.0004771486,-0.07496178,-0.02538254,0.9968633,359.7274,351.4061,357.1033,0.3526616,-0.09098408,-0.9313162,0,0,0,1.114252,-0.3425791,-2.492213,-0.01064731,-0.03090092,0.8327492,0.9874729,-0.05053432,0.1494775,0.05067739,0.998711,0.002854137,-0.1494291,0.004756745,0.988761,moving,-4.539795,-7.857003,-0.7325288,-2.125106
05/15/2023 14:23:31.161581,3442,True,True,True,True,Eyes,1.245549,-0.3203271,-3.301768,-0.08184869,-0.1340333,0.987591,0,0,0,0,0,0,0,-0.7416897,0.2524734,3.468848,1.250497,-0.3159944,-3.314085,-0.001914201,-0.07688399,-0.02526304,0.9967182,359.5588,351.1893,357.1302,0.3525574,-0.09093111,-0.9313608,0,0,0,1.110832,-0.3402555,-2.492481,-0.01061958,-0.03124812,0.8330899,0.9869012,-0.05006592,0.15336,0.0506546,0.9987162,6.880867E-05,-0.1531666,0.007700485,0.9881704,moving,-4.737682,-7.728815,-0.7303224,-2.148083
05/15/2023 14:23:31.171562,3443,True,True,True,True,Eyes,1.24519,-0.3201418,-3.301991,-0.08532157,-0.1317417,0.9876054,0,0,0,0,0,0,0,-0.726276,0.2414303,3.472972,1.250251,-0.315771,-3.314281,-0.003584263,-0.07900021,-0.02517393,0.9965503,359.3628,350.9507,357.1563,0.3524529,-0.09087811,-0.9314055,0,0,0,1.10748,-0.3379779,-2.492742,-0.01020253,-0.03202377,0.8334712,0.9862505,-0.04960785,0.1576358,0.05074048,0.9987069,-0.003166306,-0.1572749,0.01112129,0.9874923,moving,-4.937658,-7.598119,-0.7013231,-2.200346
05/15/2023 14:23:31.191184,3444,True,True,True,True,Eyes,1.244855,-0.3199619,-3.302209,-0.0889084,-0.1294778,0.9875884,0,0,0,0,0,0,0,-0.7101153,0.2303199,3.477158,1.249944,-0.3155654,-3.314512,-0.00521948,-0.08122411,-0.02524741,0.9963624,359.169,350.6996,357.1645,0.3523481,-0.09082501,-0.9314504,0,0,0,1.104168,-0.3357276,-2.493001,-0.009485468,-0.0327683,0.8338911,0.9855304,-0.04946324,0.1621208,0.05115904,0.9986706,-0.00629959,-0.1615937,0.01450238,0.9867508,moving,-5.144229,-7.469167,-0.6517084,-2.250318
05/15/2023 14:23:31.211375,3445,True,True,True,True,Eyes,1.244521,-0.3197869,-3.30243,-0.09254325,-0.1272026,0.9875501,0,0,0,0,0,0,0,-0.6936703,0.2208866,3.481121,1.249655,-0.3155076,-3.314662,-0.006647021,-0.08349317,-0.02525906,0.9961661,358.9995,350.4426,357.1786,0.3522436,-0.09077197,-0.931495,0,0,0,1.100745,-0.3334025,-2.493268,-0.008850738,-0.03294267,0.8342775,0.9847817,-0.04921447,0.1666819,0.0514344,0.9986356,-0.009025154,-0.1660103,0.01746099,0.9859694,moving,-5.353549,-7.339641,-0.6078205,-2.261233
05/15/2023 14:23:31.221895,3446,True,True,True,True,Eyes,1.244207,-0.3196123,-3.302649,-0.09615469,-0.1250222,0.9874835,0,0,0,0,0,0,0,-0.6758277,0.2131687,3.485248,1.249379,-0.3154663,-3.314917,-0.007891273,-0.08594964,-0.02504753,0.9959533,358.8526,350.1632,357.2174,0.3521394,-0.0907191,-0.9315395,0,0,0,1.097296,-0.3310589,-2.493538,-0.007940754,-0.03273962,0.8348058,0.9839705,-0.04853583,0.1715989,0.05124884,0.9986207,-0.01141303,-0.1708083,0.02002433,0.9851008,moving,-5.561555,-7.215652,-0.5449866,-2.24589
05/15/2023 14:23:31.241474,3447,True,True,True,True,Eyes,1.243899,-0.3194325,-3.302867,-0.09979748,-0.1228347,0.9873966,0,0,0,0,0,0,0,-0.6583539,0.2065392,3.489104,1.249175,-0.3152857,-3.31513,-0.008945553,-0.08836764,-0.02485698,0.9957377,358.7275,349.8875,357.2526,0.352036,-0.09066641,-0.9315838,0,0,0,1.094132,-0.328909,-2.493785,-0.006870642,-0.03254827,0.8352999,0.9831466,-0.04792106,0.1764267,0.05108305,0.9986042,-0.01342174,-0.1755372,0.02220795,0.9842223,moving,-5.771361,-7.091311,-0.4712678,-2.231457
05/15/2023 14:23:31.261491,3448,True,True,True,True,Eyes,1.243601,-0.3192554,-3.303084,-0.1034479,-0.1206606,0.9872891,0,0,0,0,0,0,0,-0.6422686,0.1988407,3.492599,1.249053,-0.3149996,-3.315258,-0.01007882,-0.09060772,-0.02486298,0.9955253,358.5919,349.6327,357.2664,0.3519335,-0.0906137,-0.9316276,0,0,0,1.090582,-0.3264973,-2.494062,-0.006565303,-0.03239482,0.8357727,0.9823442,-0.047677,0.1809057,0.05132988,0.9985605,-0.01556189,-0.1799033,0.024573,0.9833773,moving,-5.98161,-6.967793,-0.4500703,-2.219692
05/15/2023 14:23:31.271508,3449,True,True,True,True,Eyes,1.243301,-0.3190809,-3.303301,-0.1071182,-0.11847,0.9871629,0,0,0,0,0,0,0,-0.6269984,0.1901853,3.495948,1.24886,-0.3148909,-3.31544,-0.01133746,-0.09272329,-0.02500051,0.9953135,358.4411,349.3926,357.267,0.351832,-0.09056105,-0.9316711,0,0,0,1.087284,-0.3242568,-2.494319,-0.006123021,-0.03245717,0.8362666,0.9815547,-0.0476642,0.1851443,0.05186918,0.9984929,-0.0179324,-0.1840106,0.02720491,0.9825477,moving,-6.193004,-6.843372,-0.4195038,-2.222647
05/15/2023 14:23:31.291238,3450,True,True,True,True,Eyes,1.242991,-0.3189075,-3.303522,-0.1104719,-0.1163878,0.9870409,0,0,0,0,0,0,0,-0.6116339,0.1817147,3.499189,1.248539,-0.3148068,-3.315642,-0.01257269,-0.09483189,-0.02513675,0.9950966,358.2929,349.1531,357.268,0.3517314,-0.09050855,-0.9317142,0,0,0,1.083789,-0.3218823,-2.494592,-0.005762711,-0.03232915,0.8368019,0.9807501,-0.04764239,0.1893658,0.05241156,0.9984202,-0.02025454,-0.1881017,0.0297896,0.9816977,moving,-6.386101,-6.725029,-0.3945663,-2.212475
05/15/2023 14:23:31.311685,3451,True,True,True,True,Eyes,1.242681,-0.318737,-3.303743,-0.1138615,-0.1142984,0.9869,0,0,0,0,0,0,0,-0.5964823,0.1737334,3.502284,1.248323,-0.3146735,-3.315816,-0.01373476,-0.09692311,-0.02524551,0.9948769,358.1535,348.9153,357.272,0.3516313,-0.0904562,-0.9317571,0,0,0,1.080646,-0.3197465,-2.494838,-0.005174369,-0.03235256,0.8373012,0.9799371,-0.04756991,0.1935466,0.05289477,0.998348,-0.02243505,-0.1921596,0.03222254,0.9808345,moving,-6.581283,-6.606315,-0.354073,-2.212756
05/15/2023 14:23:31.331495,3452,True,True,True,True,Eyes,1.242346,-0.318565,-3.303975,-0.1170133,-0.1123095,0.9867595,0,0,0,0,0,0,0,-0.5808455,0.1663747,3.505342,1.248073,-0.3145944,-3.315996,-0.01480779,-0.09908053,-0.02537957,0.9946456,358.0237,348.6697,357.2728,0.3515317,-0.09040406,-0.9317998,0,0,0,1.077165,-0.3173814,-2.49511,-0.004786611,-0.03196474,0.8378706,0.9790779,-0.04755302,0.1978516,0.05342168,0.9982732,-0.02442777,-0.1963483,0.03448625,0.9799275,moving,-6.762747,-6.493264,-0.3273174,-2.184773
05/15/2023 14:23:31.341941,3453,True,True,True,True,Eyes,1.242014,-0.3183961,-3.304209,-0.1202148,-0.1103156,0.9865996,0,0,0,0,0,0,0,-0.5649709,0.1596565,3.508396,1.247846,-0.3144198,-3.316254,-0.01574835,-0.1012789,-0.02560674,0.9944039,357.9078,348.4191,357.262,0.3514317,-0.09035207,-0.9318425,0,0,0,1.073862,-0.3151378,-2.495368,-0.004143283,-0.03158482,0.8385174,0.9781738,-0.04773692,0.2022308,0.05411682,0.9981925,-0.02613359,-0.2006177,0.03650727,0.9789892,moving,-6.947106,-6.379966,-0.2831077,-2.157167
05/15/2023 14:23:31.361441,3454,True,True,True,True,Eyes,1.241693,-0.3182261,-3.304442,-0.1236277,-0.1081557,0.986417,0,0,0,0,0,0,0,-0.5488819,0.1527564,3.511405,1.247634,-0.3143484,-3.316499,-0.01674277,-0.1035037,-0.02578839,0.9941537,357.7862,348.1654,357.2576,0.3513315,-0.09030029,-0.9318853,0,0,0,1.070373,-0.3127674,-2.49564,-0.00366354,-0.03106952,0.8391985,0.9772439,-0.04780936,0.2066607,0.05474112,0.9981093,-0.02795139,-0.2049336,0.03862816,0.9780133,moving,-7.143637,-6.257204,-0.2501244,-2.120284
05/15/2023 14:23:31.371853,3455,True,True,True,True,Eyes,1.241375,-0.3180521,-3.304679,-0.1270769,-0.1059798,0.9862148,0,0,0,0,0,0,0,-0.5336376,0.1455939,3.514165,1.247442,-0.3141754,-3.3167,-0.0177304,-0.1056152,-0.0260743,0.9939071,357.6644,347.925,357.2415,0.3512313,-0.09024867,-0.931928,0,0,0,1.067138,-0.3105694,-2.495893,-0.003126889,-0.03083014,0.8398144,0.9763312,-0.04808566,0.2108679,0.05557605,0.9980115,-0.02973705,-0.2090187,0.04075241,0.9770622,moving,-7.342286,-6.133536,-0.213329,-2.102422
05/15/2023 14:23:31.391192,3456,True,True,True,True,Eyes,1.241054,-0.3178777,-3.304919,-0.1306257,-0.1036452,0.9859993,0,0,0,0,0,0,0,-0.5177416,0.1369013,3.517065,1.247247,-0.3139328,-3.316982,-0.01894054,-0.1078039,-0.02632629,0.9936432,357.5174,347.676,357.2327,0.3511313,-0.09019707,-0.9319707,0,0,0,1.063757,-0.3082722,-2.496156,-0.002573818,-0.03093735,0.8405303,0.9753705,-0.04823413,0.2152345,0.05640158,0.9978964,-0.03196411,-0.2132399,0.04331642,0.9760392,moving,-7.546631,-6.00072,-0.1754469,-2.107931
05/15/2023 14:23:31.411644,3457,True,True,True,True,Eyes,1.240735,-0.3177097,-3.305162,-0.1341984,-0.101299,0.9857633,0,0,0,0,0,0,0,-0.5023341,0.1268695,3.519805,1.247054,-0.3137893,-3.317206,-0.02035042,-0.1099181,-0.02660678,0.9933761,357.3474,347.436,357.2235,0.3510313,-0.09014546,-0.9320134,0,0,0,1.060578,-0.3061122,-2.496405,-0.001941815,-0.03141674,0.8411636,0.9744202,-0.04838732,0.2194629,0.05733483,0.9977558,-0.0345821,-0.2172971,0.04628037,0.9750078,moving,-7.752392,-5.867236,-0.1322663,-2.138954
05/15/2023 14:23:31.421812,3458,True,True,True,True,Eyes,1.240418,-0.3175407,-3.305409,-0.1379033,-0.09885456,0.9855002,0,0,0,0,0,0,0,-0.4870443,0.1180947,3.52238,1.246812,-0.3137929,-3.317426,-0.02161692,-0.1120082,-0.0268156,0.9931102,357.1946,347.1982,357.2214,0.3509313,-0.09009402,-0.9320561,0,0,0,1.056949,-0.3036465,-2.496688,-0.001773804,-0.03121841,0.841893,0.9734702,-0.04841915,0.2236323,0.05810424,0.9976273,-0.03692884,-0.2213136,0.04894309,0.9739737,moving,-7.965809,-5.728123,-0.1207177,-2.123624
05/15/2023 14:23:31.441695,3459,True,True,True,True,Eyes,1.240103,-0.3173698,-3.305656,-0.1416218,-0.09640875,0.985215,0,0,0,0,0,0,0,-0.4716575,0.1102297,3.524936,1.246619,-0.3136435,-3.317733,-0.02268797,-0.1141268,-0.02718434,0.992835,357.062,346.9571,357.1991,0.3508314,-0.0900427,-0.9320986,0,0,0,1.053339,-0.3011941,-2.49697,-0.00155437,-0.0308991,0.8427377,0.9724722,-0.04880051,0.2278516,0.05915773,0.9974925,-0.03884589,-0.2253846,0.05125573,0.9729207,moving,-8.180064,-5.588915,-0.1056779,-2.099818
05/15/2023 14:23:31.461566,3460,True,True,True,True,Eyes,1.239789,-0.3172006,-3.305907,-0.1453335,-0.09393533,0.9849133,0,0,0,0,0,0,0,-0.4567108,0.101757,3.527272,1.246386,-0.313452,-3.31796,-0.02383264,-0.1161762,-0.02758496,0.9925595,356.9206,346.7241,357.1746,0.3507315,-0.08999141,-0.9321412,0,0,0,1.050457,-0.2992358,-2.497195,-0.0006751418,-0.03120576,0.8433689,0.9714843,-0.04922184,0.2319384,0.06029699,0.9973422,-0.04090119,-0.2293087,0.05372005,0.9718702,moving,-8.393971,-5.448061,-0.04586696,-2.119053
05/15/2023 14:23:31.471379,3461,True,True,True,True,Eyes,1.239474,-0.31703,-3.30616,-0.1490604,-0.09143593,0.9845915,0,0,0,0,0,0,0,-0.441039,0.09375167,3.52965,1.246166,-0.3133593,-3.318224,-0.02497024,-0.118318,-0.02780783,0.9922722,356.782,346.4799,357.171,0.3506317,-0.08994021,-0.9321837,0,0,0,1.047156,-0.2969929,-2.497453,-7.480383E-05,-0.0311098,0.8441392,0.9704552,-0.04927702,0.236196,0.06109472,0.9972064,-0.0429742,-0.2334185,0.05613487,0.9707547,moving,-8.608813,-5.305663,-0.005077295,-2.110617
05/15/2023 14:23:31.491310,3462,True,True,True,True,Eyes,1.239162,-0.3168601,-3.306416,-0.1528456,-0.08887666,0.9842455,0,0,0,0,0,0,0,-0.4257209,0.0830221,3.53191,1.245874,-0.313189,-3.318468,-0.02643254,-0.1203972,-0.02826405,0.9919714,356.6034,346.2442,357.1457,0.3505318,-0.08988903,-0.9322262,0,0,0,1.043799,-0.2947123,-2.497715,0.0004604757,-0.0316509,0.8448724,0.9694113,-0.04970944,0.2403554,0.06243906,0.9970049,-0.04563482,-0.237367,0.05924647,0.9696116,moving,-8.827076,-5.159774,0.03122757,-2.145431
05/15/2023 14:23:31.511878,3463,True,True,True,True,Eyes,1.23885,-0.3166875,-3.306674,-0.1566486,-0.08630379,0.9838764,0,0,0,0,0,0,0,-0.4100717,0.07341923,3.534132,1.245632,-0.3130723,-3.318738,-0.02776363,-0.1225265,-0.02862512,0.9916638,356.4409,346.002,357.1302,0.3504321,-0.0898379,-0.9322686,0,0,0,1.040392,-0.2923977,-2.497981,0.0009827763,-0.03187678,0.8456813,0.9683357,-0.04996943,0.2445997,0.06357655,0.9968195,-0.0480497,-0.2414207,0.06207905,0.9684329,moving,-9.046456,-5.013046,0.06658408,-2.158663
05/15/2023 14:23:31.531266,3464,True,True,True,True,Eyes,1.231483,-0.3124691,-3.313049,-0.2561464,-0.01872698,0.9664566,0,0,0,0,0,0,0,-0.3939101,0.06378986,3.536306,1.245349,-0.3128584,-3.319024,-0.02915459,-0.1247036,-0.02870186,0.9913504,356.2753,345.7534,357.1489,0.3503323,-0.08978672,-0.932311,0,0,0,1.036919,-0.2900383,-2.498252,0.001573056,-0.03220213,0.8465168,0.9672504,-0.04963582,0.2489235,0.06417854,0.9966524,-0.05064638,-0.2455764,0.06496328,0.967198,moving,-14.84419,-1.110078,0.1064709,-2.178524
05/15/2023 14:23:31.541551,3465,True,True,True,True,Eyes,1.231474,-0.3124666,-3.313063,-0.2563176,-0.01860979,0.9664135,0,0,0,0,0,0,0,-0.3776481,0.05300558,3.538393,1.24511,-0.3128011,-3.319264,-0.03077276,-0.1268867,-0.02861504,0.9910268,356.0862,345.5036,357.1902,0.3500053,-0.08961419,-0.9324497,0,0,0,1.033394,-0.2876428,-2.498527,0.002074897,-0.03269115,0.8473442,0.9661619,-0.04890724,0.2532573,0.06452585,0.9964684,-0.05373153,-0.2497351,0.068255,0.9659057,moving,-14.8543,-1.103183,0.1403003,-2.209416
05/15/2023 14:23:31.561722,3466,True,True,True,True,Eyes,1.231465,-0.312457,-3.313089,-0.2566214,-0.01840348,0.9663368,0,0,0,0,0,0,0,-0.3611146,0.04346938,3.540462,1.244929,-0.3127578,-3.319562,-0.03220029,-0.1291202,-0.02857192,0.9906941,355.9182,345.2476,357.2247,0.3497106,-0.08945882,-0.9325747,0,0,0,1.030136,-0.2854297,-2.498782,0.002896905,-0.03302995,0.8482127,0.9650233,-0.04829666,0.2576773,0.06492749,0.9962935,-0.05642284,-0.2539972,0.0711797,0.9645822,moving,-14.87226,-1.091042,0.1956818,-2.230008
05/15/2023 14:23:31.571288,3467,True,True,True,True,Eyes,1.23145,-0.3124333,-3.313132,-0.2570939,-0.01810888,0.9662167,0,0,0,0,0,0,0,-0.3448102,0.03714021,3.542383,1.244799,-0.3126007,-3.319865,-0.03316844,-0.1313375,-0.02843404,0.9903747,355.8041,344.992,357.2639,0.349445,-0.08931866,-0.9326875,0,0,0,1.02671,-0.2831019,-2.499049,0.003464043,-0.03259257,0.8491747,0.9638839,-0.04760818,0.2620328,0.06503322,0.9961827,-0.05822945,-0.2582604,0.07316726,0.9633006,moving,-14.90019,-1.073715,0.2337257,-2.198017
05/15/2023 14:23:31.591269,3468,True,True,True,True,Eyes,1.231408,-0.3123986,-3.31319,-0.2574809,-0.01773435,0.9661206,0,0,0,0,0,0,0,-0.3274923,0.02914222,3.544391,1.244712,-0.3122531,-3.320241,-0.03434882,-0.1336897,-0.02830066,0.9900234,355.6655,344.7209,357.3069,0.3492052,-0.08919178,-0.9327893,0,0,0,1.023597,-0.2809871,-2.499292,0.004589722,-0.03290158,0.8501309,0.9626523,-0.04685247,0.266656,0.0652208,0.9960385,-0.06044525,-0.2627676,0.07557928,0.9618945,moving,-14.92304,-1.051618,0.3093278,-2.216343
05/15/2023 14:23:31.611646,3469,True,True,True,True,Eyes,1.231358,-0.3123581,-3.313263,-0.258015,-0.01723445,0.9659872,0,0,0,0,0,0,0,-0.3106852,0.01556993,3.546102,1.244595,-0.3120176,-3.320427,-0.0362616,-0.1359613,-0.02853816,0.989639,355.4383,344.4616,357.3192,0.3489878,-0.08907651,-0.9328815,0,0,0,1.02027,-0.2787265,-2.499552,0.005382523,-0.03427919,0.8509188,0.9614002,-0.04662459,0.2711749,0.06634529,0.9957414,-0.0640116,-0.2670355,0.07953195,0.9603993,moving,-14.95459,-1.022122,0.362422,-2.306908
05/15/2023 14:23:31.621982,3470,True,True,True,True,Eyes,1.231319,-0.3123066,-3.313337,-0.2586365,-0.0166233,0.9658316,0,0,0,0,0,0,0,-0.2951674,0.003398985,3.547697,1.244383,-0.3118778,-3.320773,-0.03790044,-0.1380535,-0.02913254,0.9892706,355.2372,344.2241,357.2867,0.3487903,-0.08897151,-0.9329654,0,0,0,1.016849,-0.2764025,-2.499819,0.005903378,-0.03514065,0.851895,0.9601851,-0.04717535,0.2753527,0.0681045,0.9954298,-0.06694387,-0.2709362,0.08303127,0.9590096,moving,-14.99129,-0.9860423,0.3970363,-2.362111
05/15/2023 14:23:31.641983,3471,True,True,True,True,Eyes,1.231274,-0.3122585,-3.313416,-0.2593846,-0.01588214,0.9656435,0,0,0,0,0,0,0,-0.2807388,-0.008945659,3.548979,1.244125,-0.3116061,-3.321023,-0.03948851,-0.1399964,-0.02997688,0.9889101,355.038,344.005,357.225,0.3486109,-0.08887544,-0.9330416,0,0,0,1.013492,-0.2741217,-2.500081,0.006266311,-0.03614999,0.8527583,0.9590048,-0.04823238,0.2792551,0.07034537,0.9950841,-0.06970786,-0.2745201,0.08649448,0.9576834,moving,-15.03549,-0.9422709,0.4210182,-2.42742
05/15/2023 14:23:31.661465,3472,True,True,True,True,Eyes,1.231241,-0.3122129,-3.313506,-0.2601254,-0.01512656,0.9654564,0,0,0,0,0,0,0,-0.2660618,-0.0219897,3.550158,1.243964,-0.3116768,-3.32119,-0.0413411,-0.1419635,-0.03031391,0.9885436,354.8167,343.781,357.2262,0.3484477,-0.08878747,-0.933111,0,0,0,1.010219,-0.271898,-2.500337,0.006638899,-0.03721047,0.8535754,0.9578548,-0.04819538,0.2831807,0.07167108,0.9947439,-0.07312801,-0.2781678,0.09034189,0.9562745,moving,-15.07927,-0.8976241,0.4456235,-2.496152
05/15/2023 14:23:31.671780,3473,True,True,True,True,Eyes,1.231202,-0.3121669,-3.313609,-0.2609783,-0.01431812,0.9652385,0,0,0,0,0,0,0,-0.2508326,-0.030643,3.551529,1.243836,-0.3117098,-3.321584,-0.04263935,-0.1440087,-0.0302715,0.9881939,354.6643,343.545,357.2628,0.3482991,-0.08870685,-0.9331742,0,0,0,1.006724,-0.2695232,-2.50061,0.006934345,-0.03716927,0.8547347,0.9566903,-0.04754734,0.2871985,0.07210908,0.994531,-0.07555316,-0.2820355,0.09299059,0.9548868,moving,-15.12971,-0.84985,0.4648226,-2.490014
05/15/2023 14:23:31.691766,3474,True,True,True,True,Eyes,1.231156,-0.3121171,-3.313725,-0.2618068,-0.01351253,0.9650257,0,0,0,0,0,0,0,-0.2372547,-0.03753242,3.552721,1.243711,-0.3116743,-3.321982,-0.04361165,-0.1458408,-0.03049075,0.9878759,354.5453,343.3345,357.2638,0.3481636,-0.08863281,-0.9332319,0,0,0,1.003302,-0.2671985,-2.500877,0.006933331,-0.03676556,0.8559134,0.9556015,-0.04752143,0.2908048,0.07296287,0.9943367,-0.07727222,-0.2854858,0.09505939,0.953657,moving,-15.17871,-0.8022174,0.4641147,-2.459615
05/15/2023 14:23:31.711423,3475,True,True,True,True,Eyes,1.231105,-0.3120604,-3.313848,-0.2627408,-0.01264039,0.9647837,0,0,0,0,0,0,0,-0.2236808,-0.04513615,3.553781,1.243578,-0.3115592,-3.322329,-0.04465058,-0.1476721,-0.03082693,0.987547,354.4167,343.1246,357.253,0.3480395,-0.08856454,-0.9332848,0,0,0,1.000161,-0.2650639,-2.501122,0.007222816,-0.036754,0.8569663,0.9544852,-0.0476988,0.2944191,0.07407338,0.9941121,-0.07908455,-0.2889134,0.09729365,0.9523985,moving,-15.234,-0.7506343,0.4828977,-2.455825
05/15/2023 14:23:31.731296,3476,True,True,True,True,Eyes,1.231055,-0.3120004,-3.313978,-0.2637457,-0.01172986,0.9645209,0,0,0,0,0,0,0,-0.2102877,-0.05357003,3.554635,1.243413,-0.3113567,-3.322575,-0.04581821,-0.1494684,-0.03106549,0.9872158,354.2751,342.9184,357.2557,0.3479255,-0.08850128,-0.9333334,0,0,0,0.9967366,-0.2627376,-2.50139,0.007187113,-0.03685027,0.8579909,0.9533883,-0.04763993,0.2979619,0.07503343,0.9938713,-0.08117829,-0.2922685,0.09975153,0.9511198,moving,-15.29352,-0.6967589,0.4799371,-2.459313
05/15/2023 14:23:31.741596,3477,True,True,True,True,Eyes,1.231006,-0.3119372,-3.314116,-0.2648395,-0.01075085,0.9642326,0,0,0,0,0,0,0,-0.197115,-0.0621756,3.555504,1.243273,-0.3112373,-3.322911,-0.04703147,-0.1512296,-0.03125087,0.9868845,354.1295,342.7158,357.2655,0.3478204,-0.08844241,-0.9333782,0,0,0,0.9935694,-0.2605858,-2.501637,0.00736028,-0.03710121,0.8590556,0.9523059,-0.04745689,0.3014319,0.07590711,0.9936229,-0.08337715,-0.2955528,0.1022814,0.9498353,moving,-15.35833,-0.6388012,0.490891,-2.472974
05/15/2023 14:23:31.761410,3478,True,True,True,True,Eyes,1.230949,-0.3118661,-3.314268,-0.2659594,-0.009749561,0.9639349,0,0,0,0,0,0,0,-0.1847385,-0.0711693,3.556256,1.243279,-0.3111494,-3.32319,-0.04826979,-0.1529033,-0.03158889,0.9865562,353.9785,342.5242,357.2584,0.3477235,-0.08838739,-0.9334197,0,0,0,0.9899905,-0.2581542,-2.501916,0.006818712,-0.03716929,0.8602473,0.9512455,-0.04756721,0.3047449,0.07708964,0.9933444,-0.08558161,-0.2986458,0.1049018,0.9485812,moving,-15.42472,-0.579489,0.454143,-2.474079
05/15/2023 14:23:31.772032,3479,True,True,True,True,Eyes,1.230891,-0.3117928,-3.314425,-0.2671559,-0.008666873,0.9636143,0,0,0,0,0,0,0,-0.1729075,-0.07978921,3.556982,1.243165,-0.310915,-3.323591,-0.04942809,-0.1544806,-0.031944,0.9862415,353.8365,342.3438,357.2479,0.3476335,-0.08833557,-0.9334582,0,0,0,0.9868321,-0.2560084,-2.502163,0.006695479,-0.03751857,0.8614016,0.9502307,-0.04773764,0.3078682,0.07828035,0.9930729,-0.08762661,-0.3015525,0.1073655,0.9473853,moving,-15.49569,-0.5153118,0.4453381,-2.493956
05/15/2023 14:23:31.791872,3480,True,True,True,True,Eyes,1.230839,-0.3117169,-3.314585,-0.2683927,-0.007534352,0.9632801,0,0,0,0,0,0,0,-0.1609288,-0.0901148,3.55747,1.243061,-0.3107844,-3.323826,-0.05090101,-0.1560694,-0.03204218,0.9859132,353.6634,342.1605,357.2726,0.3475497,-0.08828657,-0.9334942,0,0,0,0.9834413,-0.2537046,-2.502428,0.006318793,-0.03808811,0.8624765,0.9492312,-0.04729343,0.3110037,0.07906979,0.9927648,-0.09036635,-0.3044797,0.1103696,0.9461029,moving,-15.5691,-0.4481332,0.4197607,-2.528615
05/15/2023 14:23:31.811513,3481,True,True,True,True,Eyes,1.230787,-0.3116356,-3.314752,-0.2696888,-0.006332173,0.9629267,0,0,0,0,0,0,0,-0.1501718,-0.1009707,3.55789,1.24298,-0.3106698,-3.324126,-0.05241254,-0.1574896,-0.03230704,0.9855995,353.4834,341.9978,357.2785,0.3474716,-0.08824003,-0.9335278,0,0,0,0.9800543,-0.2514035,-2.502692,0.005660504,-0.03877563,0.8636323,0.9483066,-0.04717476,0.3138299,0.08019248,0.9924183,-0.09313948,-0.3070567,0.1134916,0.9448999,moving,-15.64607,-0.3767697,0.3755283,-2.570757
05/15/2023 14:23:31.821338,3482,True,True,True,True,Eyes,1.230736,-0.3115489,-3.314922,-0.2710638,-0.005077111,0.962548,0,0,0,0,0,0,0,-0.1395317,-0.1110008,3.558266,1.24294,-0.3104867,-3.324417,-0.05376942,-0.1589054,-0.03270073,0.9852861,353.3185,341.8362,357.2674,0.3473986,-0.08819553,-0.9335592,0,0,0,0.9764431,-0.24895,-2.502974,0.004729003,-0.03917787,0.8648806,0.9473594,-0.04735064,0.3166512,0.08152765,0.992079,-0.09556389,-0.309618,0.1163492,0.9437159,moving,-15.72779,-0.3022128,0.3132793,-2.593645
05/15/2023 14:23:31.841443,3483,True,True,True,True,Eyes,1.230685,-0.3114672,-3.315097,-0.2724726,-0.003760055,0.9621562,0,0,0,0,0,0,0,-0.1292638,-0.1222662,3.558466,1.24286,-0.3103012,-3.324658,-0.05526834,-0.1602626,-0.03326561,0.9849644,353.1346,341.6825,357.2395,0.3473301,-0.0881527,-0.9335889,0,0,0,0.9734361,-0.246907,-2.503209,0.004337966,-0.04023823,0.8658804,0.9464186,-0.04781598,0.319383,0.08324576,0.9916776,-0.09821221,-0.3120289,0.1195371,0.9425226,moving,-15.81157,-0.2239077,0.2870432,-2.660672
05/15/2023 14:23:31.861213,3484,True,True,True,True,Eyes,1.2306,-0.311384,-3.315287,-0.2738147,-0.002448815,0.9617794,0,0,0,0,0,0,0,-0.1203963,-0.1318496,3.55869,1.242808,-0.3103674,-3.324944,-0.05660401,-0.1614296,-0.03360015,0.9846866,352.9738,341.5493,357.2339,0.3472657,-0.08811151,-0.9336168,0,0,0,0.9699626,-0.2445471,-2.50348,0.003118545,-0.04045172,0.867141,0.945623,-0.04789609,0.3217189,0.08444636,0.991334,-0.1006263,-0.3141113,0.1223225,0.9414729,moving,-15.89144,-0.1458822,0.2060549,-2.670885
05/15/2023 14:23:31.872169,3485,True,True,True,True,Eyes,1.230517,-0.3112961,-3.31548,-0.2751883,-0.001069266,0.9613897,0,0,0,0,0,0,0,-0.1118087,-0.1418875,3.558744,1.242745,-0.3102905,-3.325146,-0.05803037,-0.1625516,-0.03370567,0.9844153,352.8071,341.4198,357.2561,0.3472039,-0.08807175,-0.9336436,0,0,0,0.9665132,-0.2422035,-2.50375,0.001849592,-0.04091411,0.8683061,0.9448819,-0.04749488,0.3239485,0.0852266,0.9909928,-0.1032941,-0.3161246,0.1252098,0.9404189,moving,-15.97324,-0.06372482,0.1220464,-2.697751
05/15/2023 14:23:31.891905,3486,True,True,True,True,Eyes,1.230414,-0.3112052,-3.31568,-0.2764583,0.0002645373,0.9610259,0,0,0,0,0,0,0,-0.1032504,-0.1524802,3.558752,1.242709,-0.3101189,-3.325376,-0.05947131,-0.1636731,-0.03406492,0.984131,352.6341,341.2919,357.2501,0.3471447,-0.08803313,-0.9336694,0,0,0,0.9632586,-0.2399923,-2.504004,0.0007680357,-0.0416959,0.8694389,0.9441014,-0.04758099,0.3262033,0.0865164,0.9906055,-0.1059041,-0.3180998,0.1282061,0.9393485,moving,-16.04894,0.01577155,0.05061332,-2.745645
05/15/2023 14:23:31.911682,3487,True,True,True,True,Eyes,1.230311,-0.3111119,-3.315881,-0.2777602,0.001660874,0.960649,0,0,0,0,0,0,0,-0.09504604,-0.1623807,3.558661,1.242625,-0.3099943,-3.325546,-0.06082143,-0.1647445,-0.0344198,0.9838573,352.4715,341.1697,357.2428,0.347087,-0.08799546,-0.9336944,0,0,0,0.9599122,-0.2377187,-2.504265,-0.0004703403,-0.04221974,0.870557,0.9433491,-0.04768835,0.3283571,0.08776833,0.9902321,-0.1083383,-0.3199832,0.1310202,0.93832,moving,-16.12659,0.09905908,-0.03095548,-2.77652
05/15/2023 14:23:31.921799,3488,True,True,True,True,Eyes,1.230225,-0.3110157,-3.316079,-0.2793979,0.003177589,0.9601701,0,0,0,0,0,0,0,-0.08666837,-0.1724579,3.558549,1.242564,-0.3098687,-3.325739,-0.06221826,-0.165838,-0.03466461,0.9835778,352.3055,341.0441,357.2495,0.3470308,-0.08795858,-0.9337188,0,0,0,0.9563296,-0.2352847,-2.504545,-0.001909733,-0.04266476,0.871796,0.9425923,-0.04755437,0.3305427,0.08882698,0.9898545,-0.1108956,-0.3219156,0.1338904,0.9372533,moving,-16.22436,0.1896141,-0.1255104,-2.801759
05/15/2023 14:23:31.941454,3489,True,True,True,True,Eyes,1.23014,-0.3109185,-3.316277,-0.2810605,0.00472306,0.9596785,0,0,0,0,0,0,0,-0.07778382,-0.1815448,3.558508,1.24252,-0.3097194,-3.325989,-0.06346263,-0.1670063,-0.03495187,0.9832904,352.1559,340.9099,357.2495,0.3469763,-0.08792232,-0.9337425,0,0,0,0.9532266,-0.2331764,-2.504787,-0.002736598,-0.04318022,0.8729549,0.9417746,-0.04753836,0.3328675,0.08993298,0.9895017,-0.11313,-0.323995,0.1364788,0.9361628,moving,-16.32369,0.2819791,-0.1796141,-2.831795
05/15/2023 14:23:31.961416,3490,True,True,True,True,Eyes,1.230055,-0.3108218,-3.31648,-0.2830158,0.006357211,0.9590942,0,0,0,0,0,0,0,-0.06885326,-0.1892629,3.558412,1.242466,-0.309623,-3.326149,-0.06448792,-0.1681922,-0.03541197,0.983005,352.0276,340.7747,357.2261,0.3469235,-0.08788657,-0.9337655,0,0,0,0.9498023,-0.2308499,-2.505054,-0.003887564,-0.0431243,0.8741731,0.9409148,-0.04792754,0.3352348,0.091313,0.9891745,-0.1148718,-0.3261002,0.1386959,0.9351054,moving,-16.44062,0.3797708,-0.2548003,-2.824199
05/15/2023 14:23:31.971869,3491,True,True,True,True,Eyes,1.229971,-0.3107222,-3.316682,-0.2849909,0.008013374,0.9584967,0,0,0,0,0,0,0,-0.05923629,-0.1960077,3.55849,1.242396,-0.3095631,-3.32647,-0.06539008,-0.1694669,-0.03581833,0.9827117,351.914,340.6288,357.2075,0.3468721,-0.08785131,-0.933788,0,0,0,0.9464133,-0.2285474,-2.505319,-0.004780203,-0.04284632,0.8755567,0.9399961,-0.04823527,0.3377585,0.09256108,0.9888824,-0.1163791,-0.3283899,0.1406592,0.9340103,moving,-16.55885,0.479002,-0.3128098,-2.801596
05/15/2023 14:23:31.995414,3492,True,True,True,True,Eyes,1.229923,-0.3106202,-3.316875,-0.2873703,0.009812701,0.9577693,0,0,0,0,0,0,0,-0.04951572,-0.2035177,3.558315,1.242343,-0.3094175,-3.326609,-0.06638785,-0.1707613,-0.03625363,0.9824048,351.7889,340.4807,357.1879,0.346822,-0.08781639,-0.9338099,0,0,0,0.9431161,-0.2263073,-2.505577,-0.005606174,-0.04286899,0.8767371,0.9390525,-0.04855853,0.3403269,0.09390441,0.9885567,-0.118058,-0.3306997,0.1428209,0.9328665,moving,-16.70141,0.5869959,-0.366365,-2.799309
05/15/2023 14:23:32.011702,3493,True,True,True,True,Eyes,1.229869,-0.3105231,-3.317071,-0.2897541,0.0116271,0.9570305,0,0,0,0,0,0,0,-0.03936422,-0.2119598,3.558211,1.242324,-0.3092668,-3.32691,-0.0674978,-0.1721068,-0.03678955,0.9820743,351.6489,340.3273,357.1597,0.346774,-0.08778171,-0.9338311,0,0,0,0.9397948,-0.2240507,-2.505836,-0.006329507,-0.04313754,0.8780932,0.9380516,-0.04902649,0.3430096,0.09549379,0.9881812,-0.1199122,-0.3330768,0.1452391,0.9316466,moving,-16.84441,0.6960601,-0.4129946,-2.812473
05/15/2023 14:23:32.031527,3494,True,True,True,True,Eyes,1.229828,-0.3104259,-3.317267,-0.2922456,0.01346187,0.9562486,0,0,0,0,0,0,0,-0.02928555,-0.2192052,3.558042,1.242165,-0.3093151,-3.327149,-0.06846593,-0.1734321,-0.03733968,0.9817533,351.5246,340.1764,357.1274,0.3467278,-0.08774739,-0.9338515,0,0,0,0.9361461,-0.2215717,-2.506121,-0.007319152,-0.04276747,0.879518,0.9370541,-0.04956833,0.3456481,0.09706509,0.9878364,-0.1214815,-0.3354221,0.1473851,0.9304674,moving,-16.99403,0.8065452,-0.4767917,-2.783873
05/15/2023 14:23:32.041610,3495,True,True,True,True,Eyes,1.229788,-0.3103234,-3.317463,-0.294744,0.01530694,0.9554537,0,0,0,0,0,0,0,-0.01859224,-0.2261924,3.557932,1.242107,-0.3092347,-3.327452,-0.06939704,-0.1748514,-0.03779868,0.9814186,351.4059,340.0136,357.1058,0.3466834,-0.08771336,-0.9338713,0,0,0,0.9329765,-0.2194183,-2.506368,-0.007721901,-0.04273317,0.8808637,0.9359965,-0.04992432,0.348451,0.09846099,0.9875107,-0.1229968,-0.3379585,0.1494334,0.9292221,moving,-17.14426,0.9178341,-0.5022582,-2.777402
05/15/2023 14:23:32.061748,3496,True,True,True,True,Eyes,1.229759,-0.3102187,-3.317658,-0.2973807,0.01718229,0.9546043,0,0,0,0,0,0,0,-0.007989645,-0.2333333,3.557657,1.242136,-0.3090291,-3.327617,-0.07033405,-0.1762736,-0.03826117,0.9810795,351.2864,339.8505,357.0844,0.3466409,-0.08767946,-0.9338903,0,0,0,0.9294802,-0.2170429,-2.506641,-0.008560687,-0.04264435,0.8822269,0.9349274,-0.05027843,0.3512589,0.09987057,0.9871784,-0.1245177,-0.3404947,0.1514954,0.9279615,moving,-17.30298,1.031178,-0.5559521,-2.767362
05/15/2023 14:23:32.071746,3497,True,True,True,True,Eyes,1.229725,-0.3101104,-3.317852,-0.3000136,0.01908678,0.9537439,0,0,0,0,0,0,0,0.002825618,-0.2425684,3.55727,1.242084,-0.3088971,-3.327886,-0.07156418,-0.177697,-0.03881218,0.980712,351.1318,339.6879,357.059,0.3466002,-0.0876456,-0.9339086,0,0,0,0.926196,-0.2148116,-2.506898,-0.009049028,-0.04315921,0.8835806,0.9338347,-0.05069366,0.3540944,0.1015606,0.9867443,-0.1265741,-0.3429841,0.1541613,0.9266046,moving,-17.4617,1.146478,-0.5867637,-2.796436
05/15/2023 14:23:32.091407,3498,True,True,True,True,Eyes,1.229692,-0.3100039,-3.318048,-0.3026535,0.02095699,0.9528702,0,0,0,0,0,0,0,0.01327288,-0.2514404,3.556716,1.241958,-0.308738,-3.32804,-0.07272357,-0.1790664,-0.03946313,0.9803517,350.9833,339.5324,357.0208,0.346561,-0.08761168,-0.9339264,0,0,0,0.9228625,-0.2125467,-2.507158,-0.009655535,-0.04357407,0.8848334,0.9327558,-0.05133079,0.3568359,0.1034202,0.9863079,-0.1284563,-0.3453563,0.1567224,0.925293,moving,-17.62104,1.259934,-0.6252019,-2.819282
05/15/2023 14:23:32.111717,3499,True,True,True,True,Eyes,1.229658,-0.3098956,-3.31825,-0.3053082,0.02284501,0.9519795,0,0,0,0,0,0,0,0.02465713,-0.2589927,3.556298,1.241828,-0.3087019,-3.328288,-0.07371879,-0.1805655,-0.04009628,0.9799766,350.8531,339.3615,356.9829,0.3465233,-0.08757776,-0.9339436,0,0,0,0.919562,-0.2103043,-2.507416,-0.009969026,-0.04361134,0.8862097,0.9315768,-0.05196468,0.3598116,0.105209,0.9859157,-0.1300054,-0.3479882,0.1589654,0.9239233,moving,-17.7815,1.374685,-0.6444965,-2.817315
05/15/2023 14:23:32.121987,3500,True,True,True,True,Eyes,1.229624,-0.3097879,-3.318454,-0.3080242,0.02474517,0.9510567,0,0,0,0,0,0,0,0.03681886,-0.2667289,3.555916,1.241816,-0.3085749,-3.32862,-0.07475135,-0.1821797,-0.04060338,0.9795786,350.7209,339.1759,356.9616,0.3464867,-0.08754377,-0.9339604,0,0,0,0.91619,-0.2080133,-2.507679,-0.01020592,-0.04374696,0.8877333,0.9303238,-0.05231205,0.362989,0.1067848,0.9855272,-0.1316554,-0.3508483,0.1612439,0.9224456,moving,-17.94588,1.49042,-0.6586783,-2.821219
05/15/2023 14:23:32.141439,3501,True,True,True,True,Eyes,1.229586,-0.3096808,-3.318665,-0.3107621,0.02666793,0.9501135,0,0,0,0,0,0,0,0.04945278,-0.275538,3.555277,1.241727,-0.3085164,-3.328858,-0.07595944,-0.1838459,-0.04106831,0.979155,350.5694,338.9836,356.9496,0.3464512,-0.08750973,-0.9339768,0,0,0,0.9128512,-0.2057449,-2.50794,-0.01025587,-0.04411323,0.8891439,0.9290282,-0.05249482,0.3662662,0.1083541,0.9850871,-0.1336516,-0.3537881,0.1638526,0.9208617,moving,-18.11183,1.607764,-0.6608517,-2.840296
05/15/2023 14:23:32.161674,3502,True,True,True,True,Eyes,1.229537,-0.3095726,-3.318882,-0.3135181,0.02859427,0.9491516,0,0,0,0,0,0,0,0.06278217,-0.2836609,3.554677,1.241603,-0.3084481,-3.329175,-0.07707319,-0.1856015,-0.0415219,0.9787174,350.4285,338.7805,356.9384,0.3464164,-0.08747565,-0.9339929,0,0,0,0.9096174,-0.2035478,-2.508192,-0.00997293,-0.04439279,0.8905963,0.927656,-0.05266662,0.3697034,0.1098862,0.9846714,-0.1354527,-0.3569025,0.1662788,0.9192236,moving,-18.27911,1.725579,-0.6415734,-2.853612
05/15/2023 14:23:32.171969,3503,True,True,True,True,Eyes,1.229488,-0.3094589,-3.319101,-0.3163097,0.03056225,0.9481636,0,0,0,0,0,0,0,0.07751548,-0.2915247,3.553977,1.241495,-0.3083468,-3.329468,-0.07817324,-0.187554,-0.04185575,0.9782437,350.2909,338.553,356.9429,0.3463821,-0.0874415,-0.9340088,0,0,0,0.9061348,-0.2011818,-2.508464,-0.009587348,-0.04449518,0.8921472,0.9261432,-0.05256684,0.373491,0.1112136,0.9842741,-0.1372445,-0.360403,0.1686453,0.9174249,moving,-18.44883,1.846181,-0.6156982,-2.855219
05/15/2023 14:23:32.191334,3504,True,True,True,True,Eyes,1.22945,-0.3093446,-3.31932,-0.3191767,0.03253362,0.9471367,0,0,0,0,0,0,0,0.09235466,-0.3014657,3.552934,1.241463,-0.3081333,-3.32965,-0.07953271,-0.189522,-0.0423244,0.9777344,350.1211,338.3246,356.9384,0.346348,-0.08740713,-0.9340247,0,0,0,0.9028966,-0.1989816,-2.508717,-0.009006351,-0.04535247,0.8934959,0.92458,-0.05261765,0.3773368,0.1129104,0.9837664,-0.1394809,-0.3638721,0.1715665,0.9155119,moving,-18.62336,1.967305,-0.5775163,-2.905752
05/15/2023 14:23:32.211745,3505,True,True,True,True,Eyes,1.229412,-0.3092279,-3.319543,-0.3220707,0.03453778,0.9460855,0,0,0,0,0,0,0,0.1073465,-0.3100694,3.552056,1.241407,-0.3080258,-3.329984,-0.08072133,-0.1915067,-0.0427618,0.9772312,349.9711,338.0937,356.9346,0.3463145,-0.08737253,-0.9340403,0,0,0,0.8994466,-0.1966377,-2.508986,-0.008531809,-0.04570277,0.895109,0.9229932,-0.05265898,0.3811962,0.1144937,0.983311,-0.1413885,-0.3673891,0.1741451,0.9136185,moving,-18.79983,2.09071,-0.5461031,-2.922889
05/15/2023 14:23:32.231271,3506,True,True,True,True,Eyes,1.229368,-0.3091151,-3.319766,-0.3248646,0.03651667,0.9450553,0,0,0,0,0,0,0,0.1218625,-0.3193298,3.550987,1.241366,-0.3078787,-3.330248,-0.08200057,-0.1934258,-0.04318595,0.9767279,349.8113,337.8701,356.9342,0.3462816,-0.08733766,-0.9340558,0,0,0,0.896124,-0.1943803,-2.509246,-0.00806579,-0.04632399,0.896609,0.9214428,-0.05263978,0.3849314,0.1160839,0.9828218,-0.1434779,-0.3707663,0.176891,0.9117247,moving,-18.97051,2.212792,-0.5154122,-2.957601
05/15/2023 14:23:32.242009,3507,True,True,True,True,Eyes,1.229322,-0.308999,-3.319993,-0.3276922,0.03851625,0.9439991,0,0,0,0,0,0,0,0.1363283,-0.3298258,3.549652,1.241224,-0.3078975,-3.330459,-0.08346727,-0.1953186,-0.04369998,0.976204,349.6283,337.6502,356.928,0.3462489,-0.08730265,-0.9340712,0,0,0,0.892733,-0.1920763,-2.509511,-0.007625431,-0.04710041,0.8980764,0.9198819,-0.05271475,0.3886366,0.1179256,0.9822471,-0.1458913,-0.3740466,0.180033,0.9097677,moving,-19.14352,2.336438,-0.4864781,-3.002177
05/15/2023 14:23:32.261541,3508,True,True,True,True,Eyes,1.229274,-0.3088841,-3.320222,-0.3306185,0.04051617,0.9428943,0,0,0,0,0,0,0,0.1512285,-0.3379374,3.548464,1.241121,-0.3077326,-3.330703,-0.08456384,-0.1972859,-0.04426482,0.9756885,349.4857,337.4221,356.9093,0.3462163,-0.08726741,-0.9340866,0,0,0,0.8892595,-0.1897164,-2.509782,-0.007165611,-0.04739461,0.8996381,0.9182378,-0.05301083,0.3924655,0.1197438,0.9817792,-0.1475503,-0.3774927,0.1824816,0.9078545,moving,-19.32281,2.460486,-0.4563508,-3.015661
05/15/2023 14:23:32.271448,3509,True,True,True,True,Eyes,1.229223,-0.3087715,-3.320451,-0.3335829,0.04253671,0.9417607,0,0,0,0,0,0,0,0.1672535,-0.3456581,3.547218,1.240997,-0.3076668,-3.330987,-0.08565444,-0.1994055,-0.04464548,0.975145,349.3473,337.1739,356.9137,0.3461838,-0.08723202,-0.9341019,0,0,0,0.8861207,-0.1875839,-2.510027,-0.006044745,-0.04770472,0.9011213,0.9164885,-0.05291169,0.3965467,0.1212315,0.9813402,-0.1492458,-0.3812503,0.1848561,0.9058015,moving,-19.50476,2.586133,-0.3843359,-3.030369
05/15/2023 14:23:32.291386,3510,True,True,True,True,Eyes,1.229165,-0.3086566,-3.320688,-0.3365447,0.04450557,0.9406152,0,0,0,0,0,0,0,0.1831223,-0.3536382,3.545766,1.240903,-0.3076354,-3.331151,-0.08677582,-0.2015101,-0.04511462,0.9745915,349.2033,336.928,356.9092,0.3461514,-0.08719653,-0.9341173,0,0,0,0.8827634,-0.1853029,-2.510289,-0.005230755,-0.04794376,0.9026176,0.9147168,-0.05296425,0.4006096,0.122909,0.9808693,-0.1509598,-0.3849502,0.187324,0.9037274,moving,-19.68681,2.708951,-0.3320308,-3.040485
05/15/2023 14:23:32.311987,3511,True,True,True,True,Eyes,1.229106,-0.3085406,-3.320926,-0.3395358,0.04649206,0.9394434,0,0,0,0,0,0,0,0.1984547,-0.3600238,3.544568,1.240845,-0.3074923,-3.331473,-0.08765345,-0.203545,-0.04556629,0.9740689,349.0874,336.6903,356.9008,0.3461187,-0.0871609,-0.9341328,0,0,0,0.8792323,-0.1829038,-2.510565,-0.004686385,-0.04779851,0.9043614,0.9129863,-0.05308658,0.4045217,0.1244522,0.9804812,-0.1522114,-0.3885455,0.1893106,0.9017727,moving,-19.87099,2.833196,-0.2969031,-3.025457
05/15/2023 14:23:32.331403,3512,True,True,True,True,Eyes,1.22901,-0.3084251,-3.321183,-0.3424683,0.04841868,0.9382809,0,0,0,0,0,0,0,0.2136782,-0.3677146,3.543073,1.240768,-0.3073734,-3.331704,-0.08871679,-0.2055576,-0.04606018,0.9735265,348.9496,336.4552,356.8922,0.3460857,-0.08712509,-0.9341483,0,0,0,0.8758717,-0.1806206,-2.510827,-0.004006475,-0.04806463,0.9059405,0.911249,-0.05320879,0.4084042,0.1261544,0.9800156,-0.1538002,-0.392059,0.1916723,0.8997508,moving,-20.05186,2.954049,-0.253386,-3.036978
05/15/2023 14:23:32.346518,3513,True,True,True,True,Eyes,1.228914,-0.3083144,-3.321441,-0.3454298,0.05035416,0.9370927,0,0,0,0,0,0,0,0.2280787,-0.374938,3.541579,1.240632,-0.3073181,-3.331931,-0.08973601,-0.2074533,-0.04645872,0.973012,348.8193,336.2329,356.8927,0.3460514,-0.08708914,-0.9341644,0,0,0,0.8725944,-0.1783939,-2.511083,-0.003398865,-0.04820641,0.9074848,0.9096095,-0.05317773,0.412047,0.1276418,0.9795781,-0.1553524,-0.3953709,0.1939044,0.8978212,moving,-20.23483,3.075799,-0.2145928,-3.040745
05/15/2023 14:23:32.361848,3514,True,True,True,True,Eyes,1.228811,-0.3082043,-3.321704,-0.3483827,0.05222244,0.9358966,0,0,0,0,0,0,0,0.2431184,-0.3815922,3.540078,1.240579,-0.3073428,-3.332172,-0.09069283,-0.209449,-0.04682897,0.9724779,348.6963,335.9982,356.8965,0.3460159,-0.08705319,-0.9341809,0,0,0,0.8690319,-0.1759736,-2.511361,-0.002948105,-0.04800832,0.9092428,0.9078763,-0.05308922,0.4158631,0.1290713,0.9791637,-0.156777,-0.3988749,0.1960101,0.8958119,moving,-20.41752,3.193756,-0.1857737,-3.02243
05/15/2023 14:23:32.371410,3515,True,True,True,True,Eyes,1.228708,-0.3080997,-3.321974,-0.3513566,0.05407891,0.9346786,0,0,0,0,0,0,0,0.2579939,-0.3866139,3.538684,1.240476,-0.307273,-3.332434,-0.0913919,-0.2114218,-0.0472963,0.9719626,348.6,335.7675,356.8834,0.3459791,-0.08701725,-0.9341979,0,0,0,0.8657724,-0.173759,-2.511616,-0.002202392,-0.04765453,0.9108759,0.9061278,-0.053296,0.4196332,0.130585,0.9788212,-0.1576601,-0.4023432,0.1976579,0.8938967,moving,-20.60183,3.311344,-0.1385342,-2.994828
05/15/2023 14:23:32.391411,3516,True,True,True,True,Eyes,1.228584,-0.307996,-3.322254,-0.3542155,0.05584729,0.9334947,0,0,0,0,0,0,0,0.2723029,-0.3911842,3.537415,1.240407,-0.3073153,-3.33278,-0.09204622,-0.2133192,-0.04771461,0.9714659,348.51,335.5451,356.8742,0.3459411,-0.08698145,-0.9342153,0,0,0,0.8625877,-0.1715953,-2.511865,-0.001514852,-0.04716206,0.9126025,0.9044365,-0.05343578,0.4232485,0.1319767,0.9785016,-0.1584826,-0.4056807,0.1991964,0.8920448,moving,-20.7793,3.423698,-0.09510663,-2.958336
05/15/2023 14:23:32.411331,3517,True,True,True,True,Eyes,1.228465,-0.3078914,-3.322534,-0.3570875,0.05761751,0.9322922,0,0,0,0,0,0,0,0.2865245,-0.3961186,3.535943,1.240319,-0.307268,-3.333031,-0.0927542,-0.2152057,-0.04805838,0.9709653,348.4158,335.3229,356.875,0.3459013,-0.0869458,-0.9342333,0,0,0,0.8592802,-0.1693481,-2.512123,-0.000962168,-0.04674664,0.9142848,0.9027538,-0.05340357,0.4268297,0.1332485,0.9781741,-0.1594373,-0.4089993,0.2008071,0.8901663,moving,-20.95789,3.536495,-0.06029647,-2.926938
05/15/2023 14:23:32.421944,3518,True,True,True,True,Eyes,1.228344,-0.30779,-3.322816,-0.3599121,0.05936249,0.9310958,0,0,0,0,0,0,0,0.2996871,-0.4017246,3.534398,1.240321,-0.3071592,-3.33323,-0.09353224,-0.2169543,-0.04849158,0.9704799,348.312,335.1179,356.8661,0.3458602,-0.08691026,-0.9342518,0,0,0,0.8557686,-0.1669623,-2.512397,-0.0009506941,-0.04646118,0.9160472,0.9011588,-0.05353575,0.4301706,0.1347046,0.9778006,-0.1605014,-0.4120286,0.2025832,0.8883651,moving,-21.13385,3.647985,-0.05946281,-2.903508
05/15/2023 14:23:32.441729,3519,True,True,True,True,Eyes,1.228228,-0.3076943,-3.323095,-0.3627242,0.0611166,0.9298903,0,0,0,0,0,0,0,0.312292,-0.4084087,3.532753,1.240281,-0.30716,-3.333471,-0.09447896,-0.2186116,-0.04890639,0.9699954,348.1898,334.923,356.8627,0.3458176,-0.0868749,-0.9342709,0,0,0,0.8526053,-0.1648131,-2.512644,-0.000689894,-0.04656759,0.9176829,0.8996342,-0.05356954,0.4333457,0.1361863,0.9773638,-0.1619053,-0.4148633,0.2046713,0.8865654,moving,-21.30937,3.76033,-0.04307371,-2.904968
05/15/2023 14:23:32.461368,3520,True,True,True,True,Eyes,1.228104,-0.3075998,-3.323377,-0.3654366,0.06284238,0.9287125,0,0,0,0,0,0,0,0.3229522,-0.4146363,3.531237,1.240271,-0.3072226,-3.333646,-0.09537634,-0.2200147,-0.04921785,0.9695745,348.0764,334.7573,356.8671,0.345774,-0.08683988,-0.9342902,0,0,0,0.8490252,-0.1623808,-2.512924,-0.001358986,-0.04627295,0.9195079,0.8983423,-0.05347234,0.4360296,0.1374091,0.9769619,-0.1632916,-0.4172528,0.2066062,0.8849939,moving,-21.47901,3.871083,-0.08468018,-2.880899
05/15/2023 14:23:32.471700,3521,True,True,True,True,Eyes,1.227988,-0.3075069,-3.323657,-0.3681283,0.06456533,0.9275305,0,0,0,0,0,0,0,0.3325615,-0.4210467,3.52976,1.24024,-0.3071822,-3.333846,-0.09627758,-0.2212671,-0.04955044,0.9691834,347.9627,334.6096,356.8677,0.3457292,-0.08680518,-0.9343101,0,0,0,0.8457752,-0.1601727,-2.513177,-0.001946062,-0.04629028,0.9211758,0.8971712,-0.05344079,0.438438,0.138653,0.9765508,-0.1646935,-0.4193556,0.208549,0.883543,moving,-21.64767,3.981932,-0.121042,-2.876767
05/15/2023 14:23:32.491394,3522,True,True,True,True,Eyes,1.227908,-0.307417,-3.323911,-0.3710833,0.06638442,0.9262236,0,0,0,0,0,0,0,0.3418641,-0.4263995,3.528407,1.240286,-0.3071447,-3.334021,-0.09704987,-0.2224988,-0.04972194,0.9688156,347.8675,334.4627,356.8833,0.3456836,-0.08677082,-0.9343301,0,0,0,0.8425316,-0.157969,-2.513431,-0.002642334,-0.04602344,0.9228791,0.896044,-0.05315579,0.4407716,0.1395297,0.9762181,-0.1659207,-0.4214696,0.210173,0.8821512,moving,-21.83307,4.099501,-0.1640455,-2.854942
05/15/2023 14:23:32.511905,3523,True,True,True,True,Eyes,1.22783,-0.3073317,-3.32416,-0.3739963,0.0681902,0.9249199,0,0,0,0,0,0,0,0.3495593,-0.4324381,3.527023,1.240213,-0.3071174,-3.334162,-0.09789292,-0.2234887,-0.05006134,0.9684853,347.7609,334.3464,356.8788,0.3456383,-0.08673687,-0.93435,0,0,0,0.8391543,-0.1556744,-2.513695,-0.003828973,-0.04587128,0.9245704,0.8950933,-0.05321141,0.4426923,0.1407232,0.9758217,-0.1672394,-0.4230897,0.211992,0.8809396,moving,-22.01621,4.216533,-0.2372807,-2.840322
05/15/2023 14:23:32.521582,3524,True,True,True,True,Eyes,1.227762,-0.3072449,-3.324404,-0.3768478,0.06995403,0.9236299,0,0,0,0,0,0,0,0.3578215,-0.4370452,3.525697,1.240209,-0.3071606,-3.334234,-0.09855035,-0.2245781,-0.05037948,0.96815,347.6753,334.2182,356.8734,0.3455934,-0.08670344,-0.9343697,0,0,0,0.8357059,-0.1533315,-2.513964,-0.005004406,-0.04526936,0.9263125,0.8940532,-0.05328529,0.4447804,0.1418143,0.9754995,-0.1681948,-0.4249207,0.2134513,0.879705,moving,-22.19582,4.331208,-0.3095376,-2.797848
05/15/2023 14:23:32.541716,3525,True,True,True,True,Eyes,1.227703,-0.3071549,-3.324647,-0.3796516,0.07170194,0.9223467,0,0,0,0,0,0,0,0.3659534,-0.4401751,3.524667,1.240249,-0.3070468,-3.334435,-0.09899949,-0.2256614,-0.05049564,0.9678462,347.6183,334.0889,356.8858,0.3455492,-0.08667044,-0.9343891,0,0,0,0.8323982,-0.1510842,-2.514222,-0.006030291,-0.04446502,0.9281177,0.8930542,-0.0530633,0.4468091,0.1424247,0.9752985,-0.1688427,-0.426813,0.2144224,0.8785521,moving,-22.3728,4.445153,-0.3722646,-2.742876
05/15/2023 14:23:32.561647,3526,True,True,True,True,Eyes,1.227689,-0.3070565,-3.324867,-0.3825086,0.07348877,0.9210247,0,0,0,0,0,0,0,0.3730966,-0.4446949,3.523563,1.240453,-0.3068916,-3.334598,-0.09961569,-0.2266192,-0.05074513,0.9675462,347.5396,333.9756,356.8858,0.3455058,-0.08663772,-0.9344082,0,0,0,0.8289981,-0.1487742,-2.514488,-0.007528394,-0.0440423,0.9299899,0.8921373,-0.05304685,0.4486391,0.1433461,0.9750032,-0.1697659,-0.428419,0.2157652,0.8774409,moving,-22.55349,4.561979,-0.4638069,-2.711377
05/15/2023 14:23:32.571330,3527,True,True,True,True,Eyes,1.22768,-0.306957,-3.325085,-0.385291,0.07530349,0.9197175,0,0,0,0,0,0,0,0.3795223,-0.452004,3.522149,1.240604,-0.3065984,-3.334783,-0.1005709,-0.2274453,-0.05125254,0.9672267,347.4164,333.8803,356.8637,0.3454645,-0.08660504,-0.9344265,0,0,0,0.8254478,-0.146362,-2.514765,-0.009331197,-0.04441693,0.9318802,0.8912836,-0.05339687,0.4502914,0.1448944,0.9745173,-0.1712354,-0.4296733,0.217864,0.8763082,moving,-22.72994,4.680752,-0.5737007,-2.728868
05/15/2023 14:23:32.591309,3528,True,True,True,True,Eyes,1.227668,-0.3068605,-3.325302,-0.3879073,0.07711796,0.9184666,0,0,0,0,0,0,0,0.3846891,-0.4599644,3.520706,1.240728,-0.3065116,-3.334902,-0.1015717,-0.2280781,-0.05231381,0.9669163,347.2742,333.8146,356.7774,0.3454252,-0.08657237,-0.9344441,0,0,0,0.8224019,-0.1442926,-2.515002,-0.01106697,-0.04519986,0.9334781,0.8904873,-0.05483359,0.451692,0.1474987,0.9738929,-0.1725593,-0.4304377,0.2202858,0.8753272,moving,-22.89639,4.799515,-0.6792459,-2.772148
05/15/2023 14:23:32.611438,3529,True,True,True,True,Eyes,1.227661,-0.3067755,-3.325516,-0.3904477,0.07890669,0.9172374,0,0,0,0,0,0,0,0.3879675,-0.4646965,3.519884,1.240706,-0.3065339,-3.335076,-0.1021,-0.2284448,-0.05354747,0.9667063,347.1813,333.7842,356.6558,0.3453876,-0.08653979,-0.934461,0,0,0,0.8189769,-0.1419656,-2.51527,-0.01359907,-0.04491496,0.9353173,0.8898913,-0.05688095,0.4526124,0.1501778,0.9734165,-0.1729362,-0.4307436,0.2218667,0.8747771,moving,-23.05838,4.916848,-0.8329946,-2.749294
05/15/2023 14:23:32.621504,3530,True,True,True,True,Eyes,1.227656,-0.3066904,-3.325737,-0.3929186,0.08064418,0.9160303,0,0,0,0,0,0,0,0.3916517,-0.4679878,3.519229,1.240789,-0.3067485,-3.335225,-0.1025225,-0.2289068,-0.0542403,0.9665139,347.1141,333.7361,356.5942,0.3453518,-0.08650762,-0.9344772,0,0,0,0.8155047,-0.1396066,-2.515541,-0.01608068,-0.04399621,0.9372786,0.8893194,-0.05791181,0.4536047,0.1517842,0.9730943,-0.1733469,-0.4313613,0.2230107,0.8741817,moving,-23.21625,5.031154,-0.9829143,-2.687513
05/15/2023 14:23:32.641692,3531,True,True,True,True,Eyes,1.227656,-0.3066904,-3.325737,-0.3929186,0.08064418,0.9160303,0,0,0,0,0,0,0,0.3954958,-0.4693127,3.518967,1.240856,-0.3066733,-3.33557,-0.1026454,-0.2293944,-0.0547598,0.9663559,347.0849,333.6837,356.5449,0.3453175,-0.08647579,-0.9344928,0,0,0,0.8121436,-0.137323,-2.515804,-0.01830879,-0.04282923,0.9393198,0.8887593,-0.05874235,0.4545948,0.1529274,0.9729306,-0.1732608,-0.4321115,0.2235071,0.8736843,moving,-23.21625,5.031154,-1.116642,-2.610651
05/15/2023 14:23:32.661391,3532,True,True,True,True,Eyes,1.2277,-0.3066118,-3.325947,-0.3959593,0.08244266,0.9145597,0,0,0,0,0,0,0,0.3990698,-0.4710004,3.518604,1.240993,-0.3066364,-3.335803,-0.1028121,-0.2298542,-0.05538708,0.9661931,347.048,333.6357,356.4841,0.3452866,-0.08644714,-0.9345069,0,0,0,0.8089693,-0.1351663,-2.516051,-0.0205287,-0.04185486,0.9412044,0.8881987,-0.05976566,0.4555559,0.1542928,0.9727239,-0.1732107,-0.4327781,0.2241344,0.8731936,moving,-23.41023,5.150986,-1.249486,-2.546235
05/15/2023 14:23:32.671605,3533,True,True,True,True,Eyes,1.227745,-0.3065339,-3.326157,-0.3988925,0.08418461,0.9131252,0,0,0,0,0,0,0,0.4020112,-0.4728844,3.518307,1.241053,-0.3067881,-3.336073,-0.1030454,-0.2302183,-0.05588815,0.9660527,347.0073,333.5976,356.4381,0.345258,-0.08641866,-0.9345201,0,0,0,0.805425,-0.1327583,-2.516328,-0.02319553,-0.04057427,0.9433221,0.8877521,-0.06053595,0.4563241,0.1554277,0.9725164,-0.1733615,-0.4332881,0.2248275,0.8727623,moving,-23.59778,5.267434,-1.408573,-2.462894
05/15/2023 14:23:32.691296,3534,True,True,True,True,Eyes,1.227829,-0.3064511,-3.326351,-0.4020841,0.08611428,0.9115441,0,0,0,0,0,0,0,0.4040847,-0.4740447,3.518136,1.241143,-0.3067347,-3.33628,-0.1031736,-0.2304834,-0.05615734,0.9659601,346.9848,333.5688,356.4145,0.3452316,-0.08639034,-0.9345325,0,0,0,0.8023593,-0.1306755,-2.516567,-0.02562889,-0.0394403,0.945116,0.8874475,-0.06093189,0.4568634,0.1560511,0.9724031,-0.1734365,-0.4336876,0.2252098,0.8724652,moving,-23.80238,5.39676,-1.55332,-2.389603
05/15/2023 14:23:32.711405,3535,True,True,True,True,Eyes,1.227914,-0.3063704,-3.326548,-0.4051759,0.08800924,0.9099928,0,0,0,0,0,0,0,0.4070064,-0.4771508,3.517718,1.241197,-0.3065484,-3.336634,-0.1035467,-0.2308335,-0.05653686,0.9658145,346.9315,333.5306,356.3859,0.3452083,-0.08636203,-0.9345437,0,0,0,0.7989386,-0.1283513,-2.516835,-0.02810839,-0.03877673,0.9471658,0.8870391,-0.06140415,0.4575929,0.1570123,0.9721633,-0.1739126,-0.4341761,0.226115,0.8719879,moving,-24.00111,5.524136,-1.699829,-2.344366
05/15/2023 14:23:32.721710,3536,True,True,True,True,Eyes,1.22799,-0.3062889,-3.326757,-0.407997,0.0899228,0.9085441,0,0,0,0,0,0,0,0.4107645,-0.480597,3.517062,1.241281,-0.3065284,-3.336868,-0.1040092,-0.2313092,-0.05683566,0.9656334,346.8699,333.476,356.3706,0.3451876,-0.08633378,-0.934554,0,0,0,0.7956544,-0.12612,-2.517091,-0.03028157,-0.03813021,0.9491014,0.8865315,-0.06164824,0.4585427,0.1578814,0.9719036,-0.1745762,-0.434897,0.2271627,0.8713562,moving,-24.18327,5.652419,-1.827432,-2.300624
05/15/2023 14:23:32.742628,3537,True,True,True,True,Eyes,1.228068,-0.3062023,-3.326965,-0.410743,0.09182809,0.9071151,0,0,0,0,0,0,0,0.4157124,-0.4845523,3.516328,1.24136,-0.3064733,-3.337255,-0.1045741,-0.2319427,-0.05687978,0.9654178,346.8029,333.3992,356.3892,0.3451691,-0.08630555,-0.9345634,0,0,0,0.7923326,-0.1238632,-2.51735,-0.03206342,-0.03758024,0.9511965,0.8859347,-0.0613151,0.4597395,0.1583359,0.9716579,-0.1755298,-0.4359469,0.2283012,0.8705337,moving,-24.36108,5.780413,-1.930625,-2.262487
05/15/2023 14:23:32.761905,3538,True,True,True,True,Eyes,1.228155,-0.3061186,-3.32717,-0.4134322,0.09378526,0.9056921,0,0,0,0,0,0,0,0.4205357,-0.4905716,3.515094,1.241458,-0.30628,-3.33742,-0.1054028,-0.2325564,-0.05703802,0.9651708,346.7034,333.3253,356.4017,0.3451525,-0.08627719,-0.9345721,0,0,0,0.788743,-0.1214244,-2.517631,-0.03422081,-0.03754246,0.9532026,0.8853284,-0.06107867,0.4609371,0.159127,0.9712738,-0.1769343,-0.4368893,0.2299925,0.8696156,moving,-24.53585,5.911961,-2.056086,-2.255463
05/15/2023 14:23:32.771354,3539,True,True,True,True,Eyes,1.228243,-0.3060314,-3.327382,-0.4160582,0.0957355,0.9042845,0,0,0,0,0,0,0,0.4259845,-0.4962531,3.513936,1.241535,-0.3062965,-3.337701,-0.1062235,-0.2332514,-0.05711746,0.9649083,346.6065,333.2407,356.4242,0.345138,-0.08624881,-0.9345801,0,0,0,0.7853703,-0.1191329,-2.517894,-0.03593835,-0.03737681,0.9552547,0.8846628,-0.06067267,0.4622668,0.1597798,0.9709083,-0.1783464,-0.4379979,0.2316373,0.8686208,moving,-24.707,6.043324,-2.154552,-2.240702
05/15/2023 14:23:32.791366,3540,True,True,True,True,Eyes,1.228326,-0.3059467,-3.327596,-0.4186329,0.09772496,0.9028823,0,0,0,0,0,0,0,0.4315701,-0.5024858,3.512707,1.241616,-0.3061439,-3.338041,-0.1070875,-0.2339545,-0.0572819,0.9646329,346.5025,333.1559,356.4385,0.3451253,-0.08622028,-0.9345874,0,0,0,0.7820016,-0.1168442,-2.518157,-0.03759748,-0.03752024,0.957323,0.8839682,-0.06040475,0.4636287,0.1606192,0.9705021,-0.1797976,-0.439092,0.233403,0.8675951,moving,-24.8754,6.177455,-2.249053,-2.244437
05/15/2023 14:23:32.811188,3541,True,True,True,True,Eyes,1.228406,-0.305864,-3.327813,-0.421157,0.09969781,0.9014915,0,0,0,0,0,0,0,0.4377757,-0.5096862,3.511174,1.241617,-0.3061626,-3.338326,-0.1081056,-0.2347252,-0.05755705,0.9643157,346.378,333.0639,356.4454,0.345114,-0.08619169,-0.9345942,0,0,0,0.7787384,-0.1146271,-2.518412,-0.03896987,-0.03787849,0.9592962,0.8831826,-0.06025612,0.4651427,0.1617565,0.9700007,-0.1814756,-0.4402538,0.2355159,0.8664346,moving,-25.04095,6.310813,-2.326271,-2.26119
05/15/2023 14:23:32.822008,3542,True,True,True,True,Eyes,1.228472,-0.3057783,-3.328038,-0.4235349,0.1016576,0.9001577,0,0,0,0,0,0,0,0.4441291,-0.5148938,3.509837,1.241611,-0.3061433,-3.338563,-0.108849,-0.2355347,-0.05775329,0.9640228,346.2862,332.9669,356.4547,0.3451039,-0.0861631,-0.9346006,0,0,0,0.7753326,-0.1123132,-2.518678,-0.04044151,-0.03764535,0.9613245,0.882376,-0.06007556,0.4666944,0.1626264,0.9696329,-0.1826599,-0.4415488,0.2370716,0.8653506,moving,-25.19754,6.443289,-2.408929,-2.24255
05/15/2023 14:23:32.841555,3543,True,True,True,True,Eyes,1.228534,-0.3056926,-3.328265,-0.425891,0.1036332,0.8988198,0,0,0,0,0,0,0,0.4523476,-0.5217491,3.507967,1.241675,-0.3060359,-3.338751,-0.1098502,-0.2366074,-0.05774399,0.9636469,346.1702,332.8346,356.4983,0.3450945,-0.08613441,-0.9346067,0,0,0,0.7719363,-0.1100057,-2.518943,-0.04139474,-0.03786659,0.9633383,0.8813652,-0.05930689,0.4686983,0.1632724,0.9691972,-0.1843884,-0.4433255,0.239039,0.8638997,moving,-25.35316,6.577116,-2.460492,-2.251005
05/15/2023 14:23:32.861782,3544,True,True,True,True,Eyes,1.228564,-0.3056038,-3.328513,-0.4283849,0.1056463,0.8973991,0,0,0,0,0,0,0,0.4610051,-0.5297428,3.505891,1.241672,-0.3059694,-3.33902,-0.1110008,-0.2377125,-0.05789399,0.9632341,346.033,332.6998,356.5287,0.3450856,-0.08610564,-0.9346127,0,0,0,0.7687171,-0.1078185,-2.519194,-0.04200387,-0.03851443,0.9653066,0.8802821,-0.05875837,0.4707982,0.1643035,0.9686542,-0.1863152,-0.4450931,0.2413637,0.8623431,moving,-25.51807,6.714241,-2.491568,-2.284812
05/15/2023 14:23:32.871630,3545,True,True,True,True,Eyes,1.228595,-0.305518,-3.328758,-0.4308516,0.1076439,0.8959797,0,0,0,0,0,0,0,0.4694411,-0.5349979,3.50423,1.241667,-0.3058701,-3.339301,-0.1117383,-0.2387979,-0.05821389,0.962861,345.9375,332.5707,356.5285,0.3450761,-0.08607668,-0.9346189,0,0,0,0.765398,-0.1055635,-2.519454,-0.04280931,-0.0384792,0.9673635,0.8791734,-0.058738,0.4728679,0.1654695,0.9682514,-0.1873742,-0.446849,0.2429796,0.8609802,moving,-25.6816,6.85074,-2.53389,-2.277876
05/15/2023 14:23:32.891494,3546,True,True,True,True,Eyes,1.228636,-0.305434,-3.328993,-0.4335597,0.1096994,0.8944228,0,0,0,0,0,0,0,0.4776964,-0.5402975,3.502449,1.241722,-0.30587,-3.339436,-0.1125211,-0.2398829,-0.05834037,0.9624923,345.8423,332.4388,356.5517,0.3450662,-0.08604766,-0.9346252,0,0,0,0.7619936,-0.1032505,-2.519719,-0.04378566,-0.03827178,0.9694056,0.8781053,-0.05832056,0.4748999,0.1662881,0.9678708,-0.1886117,-0.4486418,0.2445911,0.8595905,moving,-25.86118,6.992305,-2.586152,-2.260842
05/15/2023 14:23:32.911547,3547,True,True,True,True,Eyes,1.228674,-0.3053513,-3.329229,-0.4362405,0.1117129,0.8928687,0,0,0,0,0,0,0,0.4865603,-0.5444731,3.500746,1.241736,-0.3058491,-3.339605,-0.1131456,-0.2410512,-0.05847089,0.9621194,345.7645,332.2973,356.5716,0.3450563,-0.08601863,-0.9346316,0,0,0,0.7585449,-0.1009074,-2.519989,-0.04459864,-0.03777067,0.9715088,0.876951,-0.05796419,0.4770714,0.1670597,0.9675584,-0.1895302,-0.4506085,0.2459081,0.8581849,moving,-26.03935,7.131604,-2.628407,-2.226444
05/15/2023 14:23:32.921699,3548,True,True,True,True,Eyes,1.228694,-0.3052702,-3.329476,-0.438979,0.1137226,0.8912714,0,0,0,0,0,0,0,0.4956925,-0.5474016,3.499194,1.241714,-0.3058083,-3.339813,-0.1135856,-0.2422549,-0.05866401,0.9617534,345.7055,332.1529,356.58,0.3450463,-0.08598963,-0.934638,0,0,0,0.7550091,-0.09850515,-2.520265,-0.04539749,-0.03694053,0.9736985,0.8757422,-0.05780728,0.4793057,0.167874,0.9673136,-0.1900594,-0.4526522,0.246906,0.8568218,moving,-26.22169,7.271415,-2.669412,-2.172666
05/15/2023 14:23:32.941317,3549,True,True,True,True,Eyes,1.228714,-0.3051955,-3.329718,-0.4416886,0.1156688,0.8896807,0,0,0,0,0,0,0,0.5047747,-0.5493209,3.497819,1.241716,-0.3057988,-3.340048,-0.1139099,-0.2434693,-0.05864685,0.9614093,345.6653,332.0046,356.6095,0.3450355,-0.0859607,-0.9346446,0,0,0,0.7519912,-0.09645475,-2.5205,-0.04567364,-0.03601691,0.9756687,0.8745665,-0.05730014,0.4815082,0.1682344,0.9671701,-0.1904706,-0.4547863,0.2475855,0.8554944,moving,-26.40244,7.407566,-2.680211,-2.11412
05/15/2023 14:23:32.961425,3550,True,True,True,True,Eyes,1.228739,-0.3051192,-3.329952,-0.4444726,0.1175598,0.888045,0,0,0,0,0,0,0,0.5134525,-0.5503299,3.496525,1.241744,-0.305878,-3.340164,-0.1141232,-0.2446474,-0.05858534,0.9610886,345.639,331.8604,356.6404,0.3450242,-0.08593203,-0.9346514,0,0,0,0.7485244,-0.09409939,-2.520771,-0.0465354,-0.03453267,0.9778351,0.8734308,-0.05677155,0.4836275,0.1684513,0.9670874,-0.1906994,-0.4568837,0.2480304,0.8542472,moving,-26.58828,7.540994,-2.724664,-2.022585
05/15/2023 14:23:32.971731,3551,True,True,True,True,Eyes,1.228764,-0.3050463,-3.330187,-0.4472179,0.1193907,0.8864209,0,0,0,0,0,0,0,0.5212475,-0.5492076,3.495664,1.241727,-0.3057662,-3.340302,-0.113996,-0.2457092,-0.0585914,0.9608324,345.6494,331.7324,356.6523,0.3450126,-0.08590356,-0.9346583,0,0,0,0.745164,-0.09181625,-2.521034,-0.04752105,-0.03268789,0.9799095,0.8723881,-0.05657329,0.4855291,0.1686127,0.967144,-0.1902692,-0.4588123,0.247855,0.8532637,moving,-26.7719,7.67092,-2.776404,-1.910568
05/15/2023 14:23:32.994642,3552,True,True,True,True,Eyes,1.228753,-0.3049717,-3.33044,-0.449944,0.1211645,0.8847991,0,0,0,0,0,0,0,0.5292606,-0.5500886,3.494558,1.241751,-0.3057802,-3.34054,-0.1141613,-0.2467833,-0.05864951,0.960534,345.6255,331.6025,356.6667,0.3450007,-0.08587535,-0.9346653,0,0,0,0.7418893,-0.08959143,-2.521289,-0.04834726,-0.0313741,0.9820634,0.8713164,-0.05632348,0.4874785,0.1690159,0.9670548,-0.1903642,-0.4606965,0.2482591,0.8521304,moving,-26.95456,7.797591,-2.818413,-1.829813
05/15/2023 14:23:33.016545,3553,True,True,True,True,Eyes,1.228743,-0.3048966,-3.330688,-0.4526201,0.1228835,0.8831957,0,0,0,0,0,0,0,0.5360106,-0.5493348,3.493804,1.241765,-0.3056713,-3.340708,-0.1140607,-0.2476939,-0.05882224,0.960301,345.6287,331.4949,356.6581,0.3449875,-0.08584732,-0.9346727,0,0,0,0.738533,-0.08731106,-2.521551,-0.0496498,-0.02969803,0.9841717,0.8703753,-0.05646982,0.48914,0.1694784,0.9670602,-0.1899253,-0.4623028,0.2482049,0.8512758,moving,-27.13423,7.921002,-2.888027,-1.728413
05/15/2023 14:23:33.031249,3554,True,True,True,True,Eyes,1.228709,-0.3048244,-3.330937,-0.4553275,0.1246389,0.8815566,0,0,0,0,0,0,0,0.5427569,-0.5501445,3.492739,1.241758,-0.3055919,-3.340826,-0.1141781,-0.2485902,-0.05908043,0.9600394,345.605,331.3893,356.6458,0.3449732,-0.08581945,-0.9346806,0,0,0,0.7351095,-0.08498513,-2.521819,-0.05102324,-0.02841455,0.9862674,0.8694248,-0.05667199,0.4908041,0.1702062,0.9669457,-0.1898573,-0.4638214,0.2486046,0.8503326,moving,-27.31653,8.047426,-2.961482,-1.650246
05/15/2023 14:23:33.041630,3555,True,True,True,True,Eyes,1.228677,-0.3047531,-3.331186,-0.4579739,0.1263369,0.8799426,0,0,0,0,0,0,0,0.5486273,-0.5530311,3.491306,1.241699,-0.3056109,-3.340783,-0.1146057,-0.249358,-0.05931085,0.9597751,345.5479,331.2978,356.6436,0.3449573,-0.08579183,-0.934689,0,0,0,0.7314819,-0.08252051,-2.522102,-0.05282938,-0.02747659,0.988324,0.8686056,-0.05669445,0.4922499,0.1710059,0.9666955,-0.1904122,-0.4650604,0.2495707,0.8493723,moving,-27.49512,8.170354,-3.059748,-1.592481
05/15/2023 14:23:33.061544,3556,True,True,True,True,Eyes,1.228666,-0.3046842,-3.331417,-0.4606437,0.1280552,0.8782991,0,0,0,0,0,0,0,0.5542237,-0.5537135,3.49053,1.241705,-0.3055652,-3.341012,-0.1147069,-0.2500952,-0.05949873,0.9595596,345.5286,331.2105,356.6364,0.34494,-0.08576445,-0.9346979,0,0,0,0.7284023,-0.08042818,-2.522342,-0.05414131,-0.02629848,0.9903342,0.8678246,-0.05680986,0.4936123,0.1715604,0.9666045,-0.1903755,-0.4663127,0.2498969,0.8485894,moving,-27.67577,8.29522,-3.12923,-1.521141
05/15/2023 14:23:33.071541,3557,True,True,True,True,Eyes,1.228652,-0.304617,-3.33164,-0.4632418,0.1297204,0.8766868,0,0,0,0,0,0,0,0.5590214,-0.5547534,3.489742,1.241681,-0.3055415,-3.341172,-0.114859,-0.2507217,-0.05968707,0.9593663,345.5039,331.1365,356.6291,0.3449221,-0.08573738,-0.934707,0,0,0,0.7250748,-0.07816742,-2.522602,-0.05590922,-0.02506271,0.9924127,0.8671522,-0.05692823,0.494779,0.1721188,0.9664897,-0.190454,-0.4673566,0.2503134,0.8478921,moving,-27.852,8.416796,-3.224444,-1.446658
05/15/2023 14:23:33.091790,3558,True,True,True,True,Eyes,1.228653,-0.3045552,-3.331844,-0.4659123,0.13141,0.8750184,0,0,0,0,0,0,0,0.5633922,-0.5556871,3.488862,1.241617,-0.3055243,-3.341167,-0.1149983,-0.2512958,-0.05989277,0.9591865,345.4804,331.0691,356.6185,0.3449037,-0.08571066,-0.9347163,0,0,0,0.7216921,-0.0758692,-2.522866,-0.0578844,-0.02374734,0.9943668,0.8665266,-0.05709952,0.4958542,0.1726938,0.9663765,-0.1905079,-0.4683039,0.2507111,0.8472517,moving,-28.03351,8.540835,-3.33156,-1.36807
05/15/2023 14:23:33.111520,3559,True,True,True,True,Eyes,1.228653,-0.3044932,-3.332048,-0.4685113,0.1330404,0.8733827,0,0,0,0,0,0,0,0.567291,-0.5560287,3.488162,1.241612,-0.3055823,-3.341149,-0.1150855,-0.2518287,-0.059858,0.9590384,345.4698,331.0037,356.6333,0.3448853,-0.08568443,-0.9347255,0,0,0,0.718466,-0.07367735,-2.523118,-0.05982602,-0.02219936,0.9962752,0.8659986,-0.05684859,0.4968043,0.1727759,0.9663447,-0.1905949,-0.4692492,0.2508907,0.8466753,moving,-28.21057,8.661153,-3.436467,-1.276474
05/15/2023 14:23:33.121643,3560,True,True,True,True,Eyes,1.228651,-0.3044297,-3.33225,-0.47095,0.1346436,0.8718241,0,0,0,0,0,0,0,0.571574,-0.5566862,3.487537,1.241611,-0.3055145,-3.341343,-0.115192,-0.2523962,-0.05986451,0.9588761,345.4557,330.9344,356.6444,0.3448671,-0.08565865,-0.9347346,0,0,0,0.7149764,-0.07130647,-2.523391,-0.06183529,-0.02074513,0.9984936,0.8654248,-0.05665727,0.4978252,0.1729533,0.9662941,-0.1906904,-0.4702416,0.2511287,0.8460539,moving,-28.37744,8.779339,-3.543721,-1.19023
05/15/2023 14:23:33.141816,3561,True,True,True,True,Eyes,1.22865,-0.3043696,-3.332441,-0.4733171,0.136199,0.8702992,0,0,0,0,0,0,0,0.5756097,-0.5576227,3.486849,1.241636,-0.3054275,-3.341473,-0.1153369,-0.2529362,-0.05985296,0.958717,345.4379,330.8682,356.6583,0.3448488,-0.08563322,-0.9347436,0,0,0,0.7117175,-0.06909236,-2.523645,-0.06372195,-0.01948109,1.000535,0.8648818,-0.05641837,0.4987949,0.1731098,0.9662301,-0.1908728,-0.4711819,0.2514288,0.8454415,moving,-28.5398,8.894458,-3.644126,-1.115447
05/15/2023 14:23:33.161450,3562,True,True,True,True,Eyes,1.228663,-0.3043096,-3.332613,-0.4756052,0.137769,0.8688034,0,0,0,0,0,0,0,0.5787759,-0.5589092,3.486025,1.241662,-0.3054544,-3.341363,-0.1155446,-0.2533696,-0.05987526,0.9585763,345.4125,330.815,356.6685,0.3448306,-0.08560823,-0.9347526,0,0,0,0.7083107,-0.06677772,-2.523911,-0.06608537,-0.01813585,1.002477,0.8644376,-0.056239,0.4995846,0.173341,0.9661288,-0.1911755,-0.4719115,0.2518578,0.8449066,moving,-28.69742,9.010555,-3.771599,-1.036427
05/15/2023 14:23:33.171814,3563,True,True,True,True,Eyes,1.228676,-0.3042525,-3.332785,-0.4778237,0.139295,0.8673416,0,0,0,0,0,0,0,0.5818107,-0.5600914,3.485322,1.241592,-0.3053966,-3.341386,-0.1157036,-0.2537564,-0.06008733,0.9584413,345.3872,330.7703,356.6551,0.3448131,-0.08558367,-0.9347613,0,0,0,0.7048237,-0.06440859,-2.524184,-0.06850365,-0.0168763,1.004509,0.8639944,-0.05645928,0.5003259,0.1739014,0.9660044,-0.1912952,-0.4725167,0.2522854,0.8444407,moving,-28.85063,9.123792,-3.901312,-0.9625099
05/15/2023 14:23:33.192285,3564,True,True,True,True,Eyes,1.228695,-0.3041972,-3.332944,-0.4800883,0.1409077,0.8658293,0,0,0,0,0,0,0,0.5848724,-0.5613086,3.484776,1.241596,-0.3054172,-3.341552,-0.1158678,-0.2541434,-0.06035081,0.9583025,345.3598,330.7262,356.636,0.3447962,-0.08555958,-0.9347698,0,0,0,0.7016125,-0.06222688,-2.524434,-0.07066444,-0.0157661,1.00656,0.8635378,-0.05677459,0.501078,0.1745628,0.9658649,-0.1913973,-0.4731071,0.2527483,0.8439716,moving,-29.00766,9.243454,-4.015799,-0.8973705
05/15/2023 14:23:33.211455,3565,True,True,True,True,Eyes,1.228715,-0.304143,-3.333102,-0.4822794,0.1424711,0.8643545,0,0,0,0,0,0,0,0.5881736,-0.563253,3.483829,1.241642,-0.3054236,-3.341453,-0.1161475,-0.2545834,-0.06055877,0.9581388,345.3209,330.6745,356.6274,0.34478,-0.08553599,-0.9347779,0,0,0,0.6982884,-0.05996848,-2.524694,-0.07295665,-0.01475799,1.008482,0.8630399,-0.05690897,0.5019199,0.1751858,0.9656848,-0.1917363,-0.4737848,0.2534053,0.8433942,moving,-29.15998,9.359871,-4.137741,-0.8383986
05/15/2023 14:23:33.221613,3566,True,True,True,True,Eyes,1.22875,-0.3040841,-3.333242,-0.4847715,0.1441747,0.8626763,0,0,0,0,0,0,0,0.5906475,-0.5643218,3.483391,1.241699,-0.3054017,-3.341594,-0.1162875,-0.2549019,-0.06075703,0.9580244,345.2983,330.6379,356.614,0.3447645,-0.08551288,-0.9347858,0,0,0,0.6948059,-0.05760241,-2.524966,-0.07555938,-0.01348028,1.010686,0.8626672,-0.05712962,0.502535,0.1756972,0.9655716,-0.1918383,-0.4742739,0.2537867,0.8430045,moving,-29.33333,9.487864,-4.275505,-0.7641511
05/15/2023 14:23:33.241341,3567,True,True,True,True,Eyes,1.228784,-0.3040249,-3.333385,-0.487175,0.1458378,0.8610412,0,0,0,0,0,0,0,0.5927676,-0.5656792,3.482765,1.241714,-0.3052396,-3.341556,-0.1164564,-0.2551785,-0.0609206,0.95792,345.2736,330.6059,356.6046,0.3447502,-0.08549009,-0.9347931,0,0,0,0.6915451,-0.055387,-2.52522,-0.07807252,-0.01244372,1.012554,0.8623452,-0.05727977,0.5030703,0.1761485,0.9654532,-0.1920206,-0.4746919,0.2542031,0.8426437,moving,-29.50108,9.613172,-4.409041,-0.7040974
05/15/2023 14:23:33.262007,3568,True,True,True,True,Eyes,1.228817,-0.3039677,-3.333517,-0.4894951,0.1474672,0.8594462,0,0,0,0,0,0,0,0.594906,-0.5680577,3.482196,1.241734,-0.3051812,-3.341743,-0.1167767,-0.2554359,-0.06108676,0.9578018,345.232,330.5755,356.5992,0.344737,-0.08546759,-0.9348,0,0,0,0.6881586,-0.05308618,-2.525485,-0.08061343,-0.01158725,1.014713,0.8620418,-0.0573601,0.5035809,0.1766759,0.9652632,-0.1924904,-0.4750468,0.2549054,0.8422315,moving,-29.66355,9.736228,-4.542297,-0.6542454
05/15/2023 14:23:33.271570,3569,True,True,True,True,Eyes,1.228875,-0.3039128,-3.333633,-0.4921852,0.1492408,0.8576018,0,0,0,0,0,0,0,0.5971694,-0.5706338,3.481253,1.24172,-0.3051832,-3.341609,-0.1171374,-0.2557229,-0.06132609,0.9576659,345.1836,330.5424,356.5872,0.3447247,-0.08544543,-0.9348065,0,0,0,0.6847738,-0.05078649,-2.525749,-0.08323041,-0.01073746,1.016607,0.8616897,-0.05755036,0.5041614,0.1773692,0.9650359,-0.192992,-0.475427,0.255722,0.8417692,moving,-29.85189,9.871816,-4.680409,-0.6051387
05/15/2023 14:23:33.292469,3570,True,True,True,True,Eyes,1.228949,-0.3038561,-3.333734,-0.4950619,0.1510759,0.8556224,0,0,0,0,0,0,0,0.5998623,-0.5717147,3.480784,1.241762,-0.3051881,-3.341772,-0.1172866,-0.2560689,-0.06150232,0.9575438,345.1605,330.5022,356.577,0.3447141,-0.08542366,-0.9348125,0,0,0,0.6812354,-0.04838248,-2.526025,-0.0857932,-0.0094257,1.018888,0.8612924,-0.05771541,0.5048211,0.1778492,0.9649227,-0.1931165,-0.4759675,0.2561118,0.8413452,moving,-30.05362,10.01342,-4.813112,-0.5300266
05/15/2023 14:23:33.311792,3571,True,True,True,True,Eyes,1.229023,-0.3037968,-3.333836,-0.4978311,0.1528696,0.853695,0,0,0,0,0,0,0,0.602753,-0.5736393,3.479972,1.241844,-0.3051015,-3.341753,-0.1175609,-0.2564588,-0.06155657,0.9574023,345.1269,330.4544,356.5851,0.3447056,-0.08540219,-0.9348176,0,0,0,0.6780703,-0.04623203,-2.526273,-0.08798477,-0.008516297,1.020808,0.8608794,-0.05756976,0.5055417,0.1781678,0.9647804,-0.1935327,-0.4765951,0.2566796,0.8408167,moving,-30.24854,10.15225,-4.926225,-0.4779907
05/15/2023 14:23:33.321338,3572,True,True,True,True,Eyes,1.229139,-0.3037376,-3.333903,-0.500957,0.1548171,0.8515126,0,0,0,0,0,0,0,0.6047137,-0.5764818,3.479279,1.241905,-0.3049886,-3.341863,-0.1179388,-0.2566977,-0.06173491,0.9572803,345.0785,330.4262,356.5798,0.3446988,-0.08538093,-0.934822,0,0,0,0.6746033,-0.04387651,-2.526543,-0.09069449,-0.007803038,1.022972,0.8605902,-0.057646,0.5060252,0.1787445,0.9645585,-0.1941065,-0.4769014,0.2574954,0.8403934,moving,-30.4689,10.30463,-5.066475,-0.4370331
05/15/2023 14:23:33.341183,3573,True,True,True,True,Eyes,1.229252,-0.3036781,-3.333975,-0.5039625,0.1567292,0.8493867,0,0,0,0,0,0,0,0.6068114,-0.5793779,3.478394,1.241914,-0.304928,-3.341824,-0.1183363,-0.2569577,-0.06193184,0.9571487,345.0273,330.3956,356.5734,0.3446951,-0.08535989,-0.9348254,0,0,0,0.67141,-0.04170695,-2.526793,-0.09313312,-0.007191107,1.024847,0.8602743,-0.05774113,0.5065511,0.1793708,0.964322,-0.1947031,-0.477236,0.2583586,0.8399385,moving,-30.68173,10.45465,-5.192501,-0.4020242
05/15/2023 14:23:33.361788,3574,True,True,True,True,Eyes,1.229391,-0.3036191,-3.334031,-0.5071157,0.1587141,0.8471384,0,0,0,0,0,0,0,0.6088551,-0.5830387,3.477599,1.241961,-0.3048731,-3.341993,-0.1188284,-0.257192,-0.06219699,0.9570078,344.9636,330.3687,356.5616,0.3446939,-0.08533906,-0.9348277,0,0,0,0.6681042,-0.03946098,-2.527051,-0.09565461,-0.006805614,1.026981,0.8599677,-0.05792258,0.5070509,0.1801694,0.9640227,-0.1954462,-0.4774878,0.2594324,0.8394642,moving,-30.90567,10.61153,-5.321264,-0.3796829
05/15/2023 14:23:33.371781,3575,True,True,True,True,Eyes,1.229527,-0.3035573,-3.334093,-0.510156,0.1606722,0.844941,0,0,0,0,0,0,0,0.6118761,-0.585853,3.476734,1.242029,-0.3048351,-3.342116,-0.1192046,-0.2575674,-0.06253339,0.956838,344.9102,330.3261,356.5405,0.3446958,-0.08531842,-0.9348289,0,0,0,0.6646848,-0.03713778,-2.527318,-0.09806001,-0.006170541,1.029189,0.8594973,-0.05826218,0.507809,0.1810751,0.9637597,-0.1959059,-0.4779919,0.2603321,0.8388986,moving,-31.12261,10.7667,-5.442649,-0.3435148
05/15/2023 14:23:33.393030,3576,True,True,True,True,Eyes,1.229699,-0.3034951,-3.33413,-0.5134138,0.1627125,0.8425739,0,0,0,0,0,0,0,0.6151264,-0.59008,3.475661,1.242091,-0.3047239,-3.342328,-0.1197592,-0.2579514,-0.06297783,0.9566361,344.8336,330.2833,356.5126,0.3447003,-0.08529788,-0.9348291,0,0,0,0.6612143,-0.03477985,-2.527589,-0.1004263,-0.006032765,1.031486,0.8589898,-0.05870963,0.5086156,0.1822778,0.963383,-0.1966415,-0.4784469,0.2616224,0.8382376,moving,-31.35561,10.93005,-5.560837,-0.335097
05/15/2023 14:23:33.411687,3577,True,True,True,True,Eyes,1.229869,-0.3034354,-3.334178,-0.5165619,0.1647238,0.8402559,0,0,0,0,0,0,0,0.6184354,-0.5938972,3.47449,1.242139,-0.3046534,-3.342384,-0.1202579,-0.2583495,-0.0635207,0.9564303,344.7603,330.2403,356.4722,0.3447084,-0.08527745,-0.934828,0,0,0,0.6580553,-0.03263361,-2.527835,-0.1025671,-0.005947873,1.033481,0.8584414,-0.05936911,0.5094643,0.1836434,0.9630063,-0.1972154,-0.4789088,0.2628576,0.8375872,moving,-31.58185,11.09161,-5.667721,-0.3297442
05/15/2023 14:23:33.421906,3578,True,True,True,True,Eyes,1.230075,-0.303377,-3.3342,-0.5199033,0.1668061,0.8377806,0,0,0,0,0,0,0,0.6224704,-0.5983349,3.473375,1.242243,-0.3046678,-3.342726,-0.120877,-0.2588435,-0.06379955,0.9562,344.681,330.1814,356.467,0.3447195,-0.08525714,-0.9348258,0,0,0,0.6544242,-0.03016659,-2.528119,-0.104776,-0.005662441,1.036078,0.8578594,-0.05943382,0.5104361,0.1845867,0.9626367,-0.198137,-0.4795885,0.2641934,0.8367776,moving,-31.82259,11.2606,-5.77455,-0.3131336
05/15/2023 14:23:33.441498,3579,True,True,True,True,Eyes,1.230274,-0.3033155,-3.334232,-0.5231257,0.1688604,0.8353596,0,0,0,0,0,0,0,0.6255175,-0.6024472,3.472171,1.242258,-0.3046356,-3.342779,-0.1214617,-0.2592215,-0.06393107,0.9560148,344.6103,330.1346,356.4757,0.3447344,-0.08523702,-0.9348221,0,0,0,0.6511747,-0.02795888,-2.528373,-0.1069133,-0.005365863,1.038137,0.8574342,-0.05926711,0.5111695,0.185209,0.9623198,-0.1990938,-0.4801088,0.265383,0.8361025,moving,-32.05596,11.42784,-5.879916,-0.2961445
05/15/2023 14:23:33.461474,3580,True,True,True,True,Eyes,1.230522,-0.30326,-3.334229,-0.5263827,0.1709053,0.8328941,0,0,0,0,0,0,0,0.6289117,-0.607735,3.4709,1.24233,-0.3045139,-3.343039,-0.1221977,-0.2596324,-0.06403744,0.9558024,344.5233,330.0827,356.4925,0.3447525,-0.08521696,-0.9348172,0,0,0,0.6479218,-0.02574881,-2.528627,-0.1088821,-0.0054878,1.04039,0.8569804,-0.05896128,0.511965,0.1858672,0.9619339,-0.2003413,-0.480664,0.2668461,0.8353175,moving,-32.29258,11.59582,-5.974543,-0.3022181
05/15/2023 14:23:33.471934,3581,True,True,True,True,Eyes,1.230764,-0.3032055,-3.334237,-0.5295174,0.1729176,0.8304883,0,0,0,0,0,0,0,0.6319371,-0.612499,3.469594,1.24239,-0.304593,-3.343093,-0.1229074,-0.2600191,-0.06397358,0.9556105,344.4445,330.0314,356.5275,0.3447749,-0.08519717,-0.9348108,0,0,0,0.6446137,-0.02350121,-2.528885,-0.1110262,-0.005170375,1.042559,0.856595,-0.05835109,0.5126795,0.1861842,0.9616023,-0.2016345,-0.4812282,0.268172,0.8345678,moving,-32.52149,11.76162,-6.078739,-0.2841452
05/15/2023 14:23:33.493576,3582,True,True,True,True,Eyes,1.231053,-0.3031476,-3.334212,-0.53269,0.1749224,0.828036,0,0,0,0,0,0,0,0.6344279,-0.6173652,3.468544,1.242517,-0.304574,-3.343324,-0.1235983,-0.2603225,-0.06400206,0.9554368,344.3653,329.9916,356.5501,0.3448011,-0.08517763,-0.9348028,0,0,0,0.6412671,-0.02122748,-2.529146,-0.1133643,-0.005018651,1.044891,0.8562719,-0.05794898,0.5132646,0.1866507,0.9612544,-0.2028584,-0.4816224,0.2695031,0.8339112,moving,-32.75389,11.92834,-6.192025,-0.2751918
05/15/2023 14:23:33.511473,3583,True,True,True,True,Eyes,1.231341,-0.3030835,-3.334201,-0.5357363,0.176899,0.8256472,0,0,0,0,0,0,0,0.6351272,-0.6207734,3.467874,1.242679,-0.3044226,-3.343348,-0.1240682,-0.2604161,-0.06392075,0.9553558,344.3149,329.9768,356.5751,0.3448321,-0.08515824,-0.9347932,0,0,0,0.6378716,-0.01892058,-2.529411,-0.1163457,-0.004422992,1.047015,0.8561952,-0.05751538,0.5134411,0.1867528,0.9610425,-0.2037666,-0.481719,0.2703506,0.8335811,moving,-32.97826,12.09307,-6.34077,-0.242038
05/15/2023 14:23:33.521432,3584,True,True,True,True,Eyes,1.231653,-0.3030145,-3.334172,-0.5387382,0.1788734,0.8232652,0,0,0,0,0,0,0,0.6368711,-0.6259925,3.467001,1.24294,-0.3042257,-3.343668,-0.1247655,-0.2606198,-0.06403483,0.9552018,344.2328,329.9503,356.5866,0.3448672,-0.0851388,-0.934782,0,0,0,0.6344479,-0.01659449,-2.529679,-0.1190399,-0.004539981,1.049467,0.8559538,-0.05729965,0.5138676,0.1873651,0.9606662,-0.204975,-0.4819102,0.2717299,0.8330218,moving,-33.20042,12.25831,-6.471334,-0.2478592
05/15/2023 14:23:33.541620,3585,True,True,True,True,Eyes,1.231955,-0.3029423,-3.334151,-0.5416012,0.1808671,0.8209478,0,0,0,0,0,0,0,0.6389785,-0.6330731,3.465387,1.243026,-0.3040478,-3.343714,-0.1257045,-0.2608334,-0.06456648,0.9549847,344.1111,329.9275,356.558,0.3449069,-0.08511919,-0.9347692,0,0,0,0.6311066,-0.01432431,-2.52994,-0.1216656,-0.005408078,1.051561,0.8555943,-0.05774411,0.5144163,0.1888959,0.960059,-0.2064096,-0.4819511,0.273774,0.8323287,moving,-33.4139,12.42463,-6.599774,-0.2946641
05/15/2023 14:23:33.561648,3586,True,True,True,True,Eyes,1.232259,-0.3028714,-3.334125,-0.5444896,0.1828748,0.8185889,0,0,0,0,0,0,0,0.6400163,-0.6408039,3.463977,1.243108,-0.3039249,-3.343905,-0.1266943,-0.2608618,-0.06548169,0.9547837,343.9727,329.9328,356.4841,0.3449503,-0.08509932,-0.9347549,0,0,0,0.6276966,-0.01200755,-2.530206,-0.124752,-0.006648526,1.053777,0.8553265,-0.05894228,0.5147255,0.1911411,0.9593214,-0.207768,-0.4815409,0.2760947,0.8317993,moving,-33.63012,12.59324,-6.751569,-0.3614876
05/15/2023 14:23:33.571815,3587,True,True,True,True,Eyes,1.232557,-0.3028063,-3.334111,-0.5472592,0.1848508,0.816295,0,0,0,0,0,0,0,0.6397461,-0.6452065,3.463289,1.243067,-0.3039006,-3.344005,-0.1272625,-0.2607515,-0.06597394,0.9547043,343.8948,329.951,356.4432,0.3449971,-0.08507929,-0.9347394,0,0,0,0.6243082,-0.00970542,-2.530471,-0.1280623,-0.006602183,1.055845,0.8553122,-0.05960343,0.5146732,0.192339,0.9589034,-0.2085905,-0.4810891,0.2774017,0.8316258,moving,-33.83863,12.75949,-6.915569,-0.3582651
05/15/2023 14:23:33.593786,3588,True,True,True,True,Eyes,1.232859,-0.3027413,-3.334087,-0.5500246,0.1867876,0.8139922,0,0,0,0,0,0,0,0.6409341,-0.650103,3.462477,1.243207,-0.3039895,-3.34428,-0.1279642,-0.2608765,-0.06597224,0.9545764,343.8159,329.9322,356.4668,0.3450468,-0.08505923,-0.9347229,0,0,0,0.6210838,-0.007514748,-2.530722,-0.1306448,-0.006460041,1.058159,0.8551822,-0.05918539,0.5149373,0.1927168,0.9585457,-0.2098819,-0.481169,0.2787244,0.8311372,moving,-34.04738,12.92398,-7.03836,-0.3497852
05/15/2023 14:23:33.611361,3589,True,True,True,True,Eyes,1.233153,-0.3026748,-3.334075,-0.5526689,0.1886638,0.8117654,0,0,0,0,0,0,0,0.6411448,-0.6524888,3.461983,1.243306,-0.3039293,-3.344241,-0.1282473,-0.2608715,-0.0664707,0.9545053,343.7693,329.939,356.4183,0.3450993,-0.08503918,-0.9347054,0,0,0,0.6177512,-0.005250517,-2.530982,-0.133926,-0.005923644,1.060163,0.8550555,-0.05998113,0.5150558,0.1938054,0.9582685,-0.2101449,-0.480957,0.2795061,0.8309974,moving,-34.24795,13.08393,-7.199801,-0.3201358
05/15/2023 14:23:33.632014,3590,True,True,True,True,Eyes,1.233454,-0.3026145,-3.334054,-0.555351,0.1904951,0.8095042,0,0,0,0,0,0,0,0.6417884,-0.6530992,3.462017,1.243363,-0.3038261,-3.344507,-0.1282609,-0.2609076,-0.06704123,0.9544538,343.7505,329.9431,356.3542,0.3451539,-0.08501905,-0.934687,0,0,0,0.6142679,-0.002883997,-2.531255,-0.1371378,-0.004942849,1.062485,0.8548654,-0.06104703,0.515246,0.194904,0.9581093,-0.209855,-0.4808509,0.2798212,0.8309527,moving,-34.45162,13.2421,-7.354656,-0.2665471
05/15/2023 14:23:33.641326,3591,True,True,True,True,Eyes,1.233745,-0.3025585,-3.334047,-0.5579453,0.1922374,0.8073052,0,0,0,0,0,0,0,0.6434886,-0.6540582,3.46165,1.243349,-0.3039082,-3.344639,-0.1284158,-0.2611217,-0.06705318,0.9543735,343.732,329.9164,356.3613,0.3452108,-0.08499906,-0.9346678,0,0,0,0.6110262,-0.0006815075,-2.531508,-0.1396011,-0.003671631,1.064641,0.8546387,-0.06092324,0.5156366,0.1950518,0.9580265,-0.2100952,-0.4811938,0.2801313,0.8306497,moving,-34.64915,13.39397,-7.470296,-0.1975954
05/15/2023 14:23:33.661318,3592,True,True,True,True,Eyes,1.234032,-0.3025002,-3.334039,-0.5606385,0.1939433,0.8050282,0,0,0,0,0,0,0,0.6461086,-0.6532776,3.461639,1.243401,-0.3039549,-3.344957,-0.1283465,-0.2614869,-0.06677833,0.9543021,343.7466,329.8678,356.397,0.3452692,-0.0849793,-0.934648,0,0,0,0.6076996,0.001578607,-2.531767,-0.1417506,-0.001751095,1.067075,0.8543305,-0.06033154,0.5162166,0.1945753,0.9581357,-0.2100393,-0.4819336,0.279886,0.8303035,moving,-34.85416,13.54529,-7.56689,-0.09402365
05/15/2023 14:23:33.671718,3593,True,True,True,True,Eyes,1.234309,-0.3024394,-3.33404,-0.5632336,0.1955959,0.8028139,0,0,0,0,0,0,0,0.6490161,-0.6533501,3.461143,1.243502,-0.3038443,-3.344993,-0.1283682,-0.2618977,-0.06670535,0.9541916,343.7448,329.8163,356.4131,0.345329,-0.08495966,-0.9346277,0,0,0,0.6042252,0.003939218,-2.532039,-0.1441389,-0.0002122372,1.069357,0.85392,-0.06006071,0.5169268,0.194538,0.958144,-0.2100358,-0.4826754,0.2799157,0.8298625,moving,-35.05251,13.69265,-7.676646,-0.0113716
05/15/2023 14:23:33.695201,3594,True,True,True,True,Eyes,1.234596,-0.3023766,-3.334037,-0.5659596,0.1972816,0.800481,0,0,0,0,0,0,0,0.6512171,-0.6549228,3.460649,1.243566,-0.3037272,-3.345205,-0.1285789,-0.2621766,-0.06675592,0.9540831,343.7187,329.7819,356.4186,0.3453897,-0.08494007,-0.9346071,0,0,0,0.6009991,0.006131031,-2.532291,-0.1464463,0.0006843805,1.071581,0.8536142,-0.05996064,0.5174434,0.1948021,0.9580222,-0.2103462,-0.4831099,0.2803535,0.8294618,moving,-35.26125,13.84486,-7.782046,0.03659277
05/15/2023 14:23:33.711616,3595,True,True,True,True,Eyes,1.234872,-0.3023086,-3.334047,-0.5685963,0.1989485,0.7981965,0,0,0,0,0,0,0,0.6547014,-0.6577184,3.459707,1.243609,-0.3036204,-3.345452,-0.128988,-0.2626274,-0.06664603,0.9539115,343.6746,329.723,356.4515,0.3454515,-0.08492046,-0.934586,0,0,0,0.5975003,0.008508187,-2.532564,-0.1485093,0.001458079,1.074063,0.8531704,-0.05939726,0.5182396,0.1949004,0.9578408,-0.2110802,-0.4838534,0.2810925,0.8287779,moving,-35.46422,13.99566,-7.872298,0.07778102
05/15/2023 14:23:33.721236,3596,True,True,True,True,Eyes,1.235155,-0.302244,-3.334043,-0.5714259,0.2007196,0.7957286,0,0,0,0,0,0,0,0.6585678,-0.6625226,3.458329,1.243646,-0.3034433,-3.345737,-0.1296572,-0.2631013,-0.06671167,0.9536857,343.596,329.6625,356.4728,0.3455139,-0.08490068,-0.9345648,0,0,0,0.5941131,0.01080946,-2.532828,-0.1503673,0.00142616,1.076501,0.8526545,-0.05901796,0.5191312,0.1954699,0.9574771,-0.2122006,-0.4845326,0.2824083,0.8279334,moving,-35.68275,14.15732,-7.951715,0.07590602
05/15/2023 14:23:33.741873,3597,True,True,True,True,Eyes,1.23543,-0.3021744,-3.334052,-0.5741829,0.20247,0.7932968,0,0,0,0,0,0,0,0.6633587,-0.6678861,3.456411,1.243617,-0.3034714,-3.345775,-0.1304715,-0.2637222,-0.06654751,0.9534146,343.5077,329.5797,356.5275,0.3455771,-0.08488085,-0.9345432,0,0,0,0.5907047,0.01312512,-2.533094,-0.1519101,0.001572251,1.078842,0.852044,-0.05807826,0.5202383,0.1957112,0.9570972,-0.2136868,-0.4855082,0.283887,0.8268555,moving,-35.89677,14.31771,-8.015041,0.08350003
05/15/2023 14:23:33.761421,3598,True,True,True,True,Eyes,1.235678,-0.3021001,-3.334073,-0.5768639,0.2042135,0.7909014,0,0,0,0,0,0,0,0.6697035,-0.6725304,3.454602,1.243691,-0.3032984,-3.34609,-0.1311308,-0.2645344,-0.06667805,0.95309,343.427,329.4785,356.5473,0.3456407,-0.08486082,-0.9345214,0,0,0,0.5875177,0.01529045,-2.533343,-0.1528525,0.001394495,1.08132,0.8511512,-0.05772316,0.5217373,0.1964776,0.9567175,-0.2146816,-0.4867631,0.2852361,0.8256525,moving,-36.10608,14.47776,-8.04587,0.07388991
05/15/2023 14:23:33.771606,3599,True,True,True,True,Eyes,1.235917,-0.3020295,-3.334105,-0.5794889,0.2059373,0.7885318,0,0,0,0,0,0,0,0.6763115,-0.6776145,3.452402,1.243673,-0.3031468,-3.346194,-0.131852,-0.2653725,-0.06697458,0.9527366,343.3343,329.3764,356.5507,0.345704,-0.08484048,-0.9344999,0,0,0,0.5842863,0.01748593,-2.533596,-0.153831,0.001041755,1.083627,0.8501837,-0.0576385,0.5233216,0.1975981,0.9562589,-0.215694,-0.4879986,0.2867869,0.824385,moving,-36.31202,14.63675,-8.079684,0.05508183
05/15/2023 14:23:33.795613,3600,True,True,True,True,Eyes,1.236147,-0.3019537,-3.334136,-0.5821415,0.2076589,0.7861228,0,0,0,0,0,0,0,0.6837244,-0.682198,3.450338,1.24371,-0.3031836,-3.346486,-0.1325498,-0.2663344,-0.06701661,0.9523683,343.2516,329.2551,356.5848,0.3457666,-0.08481994,-0.9344786,0,0,0,0.5808599,0.01981381,-2.533863,-0.1546063,0.001177341,1.086347,0.8491496,-0.05704385,0.5250629,0.1982541,0.9558786,-0.2167749,-0.4895307,0.2881702,0.8229931,moving,-36.52077,14.79702,-8.09981,0.06209494
05/15/2023 14:23:33.811418,3601,True,True,True,True,Eyes,1.236365,-0.3018797,-3.334179,-0.5847515,0.2093827,0.7837248,0,0,0,0,0,0,0,0.6917194,-0.6866239,3.447903,1.243631,-0.3030032,-3.34657,-0.1332084,-0.2673762,-0.06708292,0.9519799,343.1722,329.1244,356.6166,0.3458284,-0.08479908,-0.9344576,0,0,0,0.5774958,0.02209948,-2.534126,-0.1551473,0.001196668,1.088771,0.8480198,-0.05648967,0.5269455,0.1989567,0.9555108,-0.2177507,-0.4912014,0.2894962,0.821531,moving,-36.7273,14.95799,-8.10992,0.06297374
05/15/2023 14:23:33.821984,3602,True,True,True,True,Eyes,1.23658,-0.3018027,-3.334218,-0.5874262,0.2111565,0.7812448,0,0,0,0,0,0,0,0.700775,-0.6934621,3.444995,1.243594,-0.3029998,-3.346883,-0.1342421,-0.268543,-0.06703367,0.9515094,343.0541,328.9742,356.6759,0.3458891,-0.08477798,-0.934437,0,0,0,0.5740206,0.0244605,-2.534397,-0.1553082,0.0007141083,1.091591,0.8467823,-0.0554668,0.5290397,0.1996659,0.9549711,-0.2194624,-0.4930448,0.2914681,0.8197275,moving,-36.93989,15.12464,-8.09752,0.03748234
05/15/2023 14:23:33.841555,3603,True,True,True,True,Eyes,1.236782,-0.3017264,-3.334267,-0.5900523,0.2129166,0.7787842,0,0,0,0,0,0,0,0.7096051,-0.6991677,3.442144,1.243503,-0.302873,-3.347043,-0.1350932,-0.2696834,-0.06710779,0.9510612,342.9528,328.83,356.7151,0.3459487,-0.08475658,-0.9344169,0,0,0,0.5709185,0.02656811,-2.534639,-0.1552722,0.0002349913,1.09398,0.8455348,-0.05478243,0.5311025,0.200512,0.9544927,-0.2207682,-0.4948393,0.2931596,0.8180414,moving,-37.14969,15.29079,-8.078227,0.01230737
05/15/2023 14:23:33.861674,3604,True,True,True,True,Eyes,1.236984,-0.3016472,-3.334302,-0.5926713,0.214675,0.7763088,0,0,0,0,0,0,0,0.7177464,-0.7053113,3.439421,1.243438,-0.3028389,-3.347296,-0.1360355,-0.2707449,-0.0668733,0.9506416,342.8513,328.6898,356.7914,0.346007,-0.08473493,-0.9343973,0,0,0,0.5674198,0.02894519,-2.534913,-0.1556434,8.845329E-05,1.096733,0.8444504,-0.05348324,0.532957,0.2008069,0.9540446,-0.2224309,-0.4965684,0.2948533,0.8163831,moving,-37.35984,15.45788,-8.077219,0.004620997
05/15/2023 14:23:33.871706,3605,True,True,True,True,Eyes,1.237174,-0.3015699,-3.334351,-0.5952574,0.2163937,0.7738491,0,0,0,0,0,0,0,0.7261289,-0.7112513,3.436328,1.243304,-0.3027121,-3.347246,-0.1369568,-0.2718606,-0.06656247,0.9502127,342.7544,328.5415,356.877,0.3460641,-0.084713,-0.9343781,0,0,0,0.5640131,0.03125971,-2.535179,-0.1558768,-5.811453E-07,1.099149,0.8433226,-0.05203069,0.5348831,0.2009633,0.9536245,-0.2240847,-0.4984184,0.2964676,0.8146694,moving,-37.56807,15.62274,-8.071629,-3.029359E-05
05/15/2023 14:23:33.897027,3606,True,True,True,True,Eyes,1.237353,-0.3014922,-3.334399,-0.5978184,0.2180737,0.7713994,0,0,0,0,0,0,0,0.7355659,-0.7145774,3.433999,1.243253,-0.3026976,-3.347644,-0.1375038,-0.2731085,-0.06636964,0.9497892,342.6954,328.381,356.9399,0.3461199,-0.08469084,-0.9343594,0,0,0,0.5606965,0.03351306,-2.535438,-0.1556676,0.0005138069,1.101984,0.8420136,-0.0509674,0.5370432,0.2011812,0.9533756,-0.224947,-0.5005389,0.2974515,0.8130088,moving,-37.77494,15.78553,-8.040471,0.02671451
05/15/2023 14:23:33.911898,3607,True,True,True,True,Eyes,1.23752,-0.3014126,-3.334462,-0.6003627,0.2197066,0.7689562,0,0,0,0,0,0,0,0.7457963,-0.7168999,3.431345,1.243123,-0.3026256,-3.347738,-0.1379112,-0.274477,-0.0662871,0.9493414,342.6482,328.208,356.9882,0.3461741,-0.08466849,-0.9343414,0,0,0,0.5573556,0.03578295,-2.535698,-0.1553477,0.001251936,1.104568,0.8405368,-0.05015126,0.5394282,0.2015651,0.953173,-0.225461,-0.5028613,0.2982381,0.8112858,moving,-37.98095,15.94573,-8.005634,0.06493996
05/15/2023 14:23:33.921701,3608,True,True,True,True,Eyes,1.23767,-0.3013353,-3.334523,-0.6028354,0.2212527,0.7665747,0,0,0,0,0,0,0,0.7569652,-0.7184715,3.428909,1.243021,-0.3025113,-3.348135,-0.1381937,-0.2759523,-0.06631956,0.9488702,342.611,328.0244,357.0214,0.3462265,-0.08464588,-0.9343241,0,0,0,0.5539097,0.03812413,-2.535968,-0.1547824,0.002071828,1.107502,0.8389041,-0.04958751,0.5420157,0.202127,0.9530084,-0.2256538,-0.505356,0.2988579,0.8095056,moving,-38.18156,16.09947,-7.95602,0.1071843
05/15/2023 14:23:33.941465,3609,True,True,True,True,Eyes,1.237806,-0.3012615,-3.334597,-0.6053041,0.2227415,0.7641944,0,0,0,0,0,0,0,0.7679499,-0.7198243,3.426168,1.242758,-0.3025055,-3.348219,-0.1384919,-0.2774255,-0.06611399,0.9484114,342.5797,327.837,357.0825,0.3462768,-0.08462312,-0.9343075,0,0,0,0.5505361,0.04041619,-2.536231,-0.1541112,0.003249973,1.110103,0.8373281,-0.04856415,0.5445395,0.2022489,0.9528978,-0.2260112,-0.5079145,0.2993779,0.8077102,moving,-38.38209,16.24994,-7.903627,0.1677404
05/15/2023 14:23:33.961404,3610,True,True,True,True,Eyes,1.237943,-0.3011914,-3.334665,-0.607773,0.2241848,0.7618091,0,0,0,0,0,0,0,0.7797127,-0.7202101,3.42372,1.242615,-0.3025256,-3.348567,-0.1386472,-0.2790034,-0.06595428,0.9479368,342.5628,327.6382,357.1357,0.3463249,-0.08460031,-0.9342918,0,0,0,0.5472466,0.04265108,-2.536488,-0.1531107,0.004581332,1.112966,0.8356143,-0.04767492,0.5472438,0.202407,0.952854,-0.2260546,-0.5106663,0.2996604,0.8058682,moving,-38.58294,16.39807,-7.833011,0.2358469
05/15/2023 14:23:33.981277,3611,True,True,True,True,Eyes,1.238062,-0.301118,-3.334747,-0.6102232,0.2255769,0.7594358,0,0,0,0,0,0,0,0.7914186,-0.7194967,3.421315,1.242554,-0.3025479,-3.348722,-0.1386335,-0.2805861,-0.06604993,0.9474649,342.5565,327.444,357.1543,0.346371,-0.08457757,-0.9342768,0,0,0,0.5438303,0.04497216,-2.536755,-0.1524819,0.006110206,1.11579,0.8338177,-0.04736273,0.5500043,0.2029572,0.9528363,-0.2256353,-0.5133774,0.2997661,0.8041044,moving,-38.78264,16.54312,-7.781735,0.3137557
05/15/2023 14:23:33.996961,3612,True,True,True,True,Eyes,1.238167,-0.3010469,-3.334836,-0.6127093,0.2270225,0.7569994,0,0,0,0,0,0,0,0.8018979,-0.7198266,3.419068,1.242279,-0.3024005,-3.349106,-0.1387377,-0.2819587,-0.06605795,0.9470416,342.5405,327.2734,357.183,0.3464147,-0.08455478,-0.9342626,0,0,0,0.5406412,0.04713887,-2.537004,-0.1517486,0.007197693,1.118438,0.8322713,-0.04688266,0.5523826,0.2033558,0.9527764,-0.2255294,-0.5157237,0.3000319,0.8025023,moving,-38.98643,16.69388,-7.72665,0.368721
05/15/2023 14:23:34.011286,3613,True,True,True,True,Eyes,1.238249,-0.3009814,-3.334946,-0.6152602,0.2284162,0.7545071,0,0,0,0,0,0,0,0.8164134,-0.723478,3.415192,1.241789,-0.3024139,-3.349626,-0.1393831,-0.2838454,-0.06582854,0.946399,342.4707,327.0313,357.2666,0.3464559,-0.08453202,-0.9342493,0,0,0,0.5373629,0.04936618,-2.53726,-0.1494479,0.007589176,1.121388,0.8301969,-0.04547364,0.5556126,0.2037265,0.9524779,-0.2264537,-0.5189111,0.3011942,0.8000084,moving,-39.19541,16.84293,-7.591105,0.3877526
05/15/2023 14:23:34.031668,3614,True,True,True,True,Eyes,1.238312,-0.3009183,-3.335064,-0.6178091,0.2297724,0.7520083,0,0,0,0,0,0,0,0.8357048,-0.7255287,3.410523,1.241372,-0.3025021,-3.350216,-0.1398856,-0.2864446,-0.06501222,0.9455977,342.4345,326.692,357.4262,0.346494,-0.0845094,-0.9342372,0,0,0,0.5373629,0.04936618,-2.53726,-0.1424102,0.007356092,1.122499,0.8274459,-0.04281187,0.5599112,0.2030898,0.9524108,-0.2273062,-0.5235341,0.3017958,0.7967631,static,-39.40467,16.99027,-7.230424,0.3754721
05/15/2023 14:23:34.041606,3615,True,True,True,True,Eyes,1.238361,-0.300851,-3.335191,-0.6204175,0.2310769,0.7494568,0,0,0,0,0,0,0,0.8559967,-0.7267452,3.405432,1.241047,-0.3025311,-3.350542,-0.1403015,-0.2892503,-0.06376483,0.9447666,342.4227,326.3205,357.636,0.3465289,-0.08448697,-0.9342264,0,0,0,0.5373629,0.04936618,-2.53726,-0.135001,0.007679448,1.123453,0.8245367,-0.03932127,0.5644405,0.2016502,0.952499,-0.2282163,-0.5286553,0.3019923,0.7932996,static,-39.61874,17.13588,-6.852159,0.3916435
05/15/2023 14:23:34.061543,3616,True,True,True,True,Eyes,1.238393,-0.3007829,-3.335322,-0.6230065,0.2324177,0.7468902,0,0,0,0,0,0,0,0.8742501,-0.730073,3.400294,1.2408,-0.3023905,-3.350864,-0.1409661,-0.2917709,-0.06256373,0.9439727,342.3835,325.9826,357.8439,0.3465604,-0.08446459,-0.9342167,0,0,0,0.5373629,0.04936618,-2.53726,-0.1282525,0.00724481,1.124281,0.8219111,-0.03585729,0.5684862,0.2003765,0.9524287,-0.2296277,-0.5332087,0.3026448,0.7899966,static,-39.83263,17.28512,-6.507891,0.369206
05/15/2023 14:23:34.071447,3617,True,True,True,True,Eyes,1.238412,-0.300714,-3.335463,-0.6256164,0.2337088,0.7443012,0,0,0,0,0,0,0,0.8905653,-0.7330596,3.395554,1.240554,-0.3023348,-3.351103,-0.1415604,-0.2940155,-0.06164267,0.9432476,342.3441,325.6836,358.0126,0.3465884,-0.08444224,-0.9342084,0,0,0,0.5373629,0.04936618,-2.53726,-0.1222861,0.006785437,1.124949,0.8195102,-0.0330467,0.5721111,0.1995304,0.9523217,-0.2308051,-0.5372064,0.3033007,0.7870311,static,-40.04846,17.43217,-6.203899,0.3455909
05/15/2023 14:23:34.097121,3618,True,True,True,True,Eyes,1.238434,-0.3006474,-3.335585,-0.6280969,0.2350091,0.7417984,0,0,0,0,0,0,0,0.9053265,-0.7353657,3.391392,1.24029,-0.3022667,-3.351453,-0.1420272,-0.2960281,-0.06090305,0.9425957,342.3136,325.4171,358.1519,0.3466128,-0.08441988,-0.9342014,0,0,0,0.5373629,0.04936618,-2.53726,-0.1168563,0.006383896,1.125596,0.8173164,-0.03072583,0.5753694,0.198902,0.9522382,-0.2316904,-0.5407698,0.3038065,0.7843913,static,-40.25532,17.57872,-5.927059,0.3249535
05/15/2023 14:23:34.113049,3619,True,True,True,True,Eyes,1.238438,-0.3005828,-3.335724,-0.630586,0.2362562,0.7392863,0,0,0,0,0,0,0,0.9169782,-0.7380962,3.387631,1.239892,-0.3022931,-3.351561,-0.1425686,-0.2976394,-0.05984889,0.9420739,342.2871,325.1946,358.3219,0.3466343,-0.08439762,-0.9341954,0,0,0,0.5373629,0.04936618,-2.53726,-0.11228,0.006274998,1.125901,0.8156578,-0.02789605,0.5778617,0.1976322,0.9521846,-0.2329936,-0.5437314,0.3042472,0.78217,static,-40.46305,17.72249,-5.694965,0.3193239
05/15/2023 14:23:34.121213,3620,True,True,True,True,Eyes,1.238434,-0.3005176,-3.335873,-0.6328999,0.2374698,0.7369165,0,0,0,0,0,0,0,0.9294546,-0.7411746,3.383923,1.239499,-0.3023003,-3.352076,-0.1431459,-0.2993347,-0.0587629,0.9415175,342.2582,324.9605,358.4986,0.3466525,-0.08437549,-0.9341906,0,0,0,0.5373629,0.04936618,-2.53726,-0.1072532,0.005993932,1.126522,0.8138914,-0.02495553,0.5804809,0.1963496,0.9521124,-0.2343692,-0.5468342,0.3047282,0.779816,static,-40.6576,17.86143,-5.438587,0.3048532
05/15/2023 14:23:34.141303,3621,True,True,True,True,Eyes,1.23841,-0.3004585,-3.336022,-0.6352473,0.238606,0.7345257,0,0,0,0,0,0,0,0.9449846,-0.7417578,3.379896,1.239179,-0.3022497,-3.352608,-0.143362,-0.3014441,-0.05804168,0.9408561,342.2563,324.6838,358.6291,0.3466675,-0.08435342,-0.9341871,0,0,0,0.5373629,0.04936618,-2.53726,-0.1014936,0.006062016,1.127224,0.8115253,-0.02278649,0.5838729,0.195649,0.952157,-0.2347734,-0.550589,0.3047586,0.7771576,static,-40.85456,17.99606,-5.144955,0.3081239
05/15/2023 14:23:34.161459,3622,True,True,True,True,Eyes,1.238372,-0.3003939,-3.336174,-0.6374848,0.2398084,0.732192,0,0,0,0,0,0,0,0.959373,-0.7407427,3.376061,1.238756,-0.3023473,-3.352753,-0.1433805,-0.3034287,-0.05726174,0.940263,342.2791,324.4234,358.7566,0.3466791,-0.08433162,-0.9341847,0,0,0,0.5373629,0.04936618,-2.53726,-0.09619448,0.006845295,1.127556,0.8093042,-0.02067063,0.5870259,0.1946937,0.9523262,-0.234881,-0.554185,0.3043804,0.7747462,static,-41.04454,18.13472,-4.87623,0.3478333
05/15/2023 14:23:34.171941,3623,True,True,True,True,Eyes,1.238322,-0.3003348,-3.336334,-0.6397255,0.2409596,0.729856,0,0,0,0,0,0,0,0.9714295,-0.7427305,3.372229,1.238488,-0.3021854,-3.352921,-0.1437677,-0.3050998,-0.05640481,0.9397146,342.2647,324.1972,358.9002,0.3466873,-0.08430989,-0.9341837,0,0,0,0.5373629,0.04936618,-2.53726,-0.09162045,0.006629989,1.127843,0.8074651,-0.01828184,0.5896319,0.1937358,0.9522987,-0.235783,-0.5571951,0.3046194,0.7724898,static,-41.23486,18.27048,-4.64423,0.3368075
05/15/2023 14:23:34.196995,3624,True,True,True,True,Eyes,1.23826,-0.3002755,-3.336492,-0.6417608,0.242145,0.7276736,0,0,0,0,0,0,0,0.981971,-0.7454141,3.368805,1.23821,-0.3022795,-3.35324,-0.1442743,-0.3065567,-0.05540993,0.9392219,342.2428,323.9941,359.0598,0.3466921,-0.08428839,-0.9341839,0,0,0,0.5373629,0.04936618,-2.53726,-0.08738324,0.006486699,1.128267,0.8059055,-0.01562793,0.5918379,0.1925409,0.9522293,-0.2370386,-0.559861,0.3049837,0.7704158,static,-41.4102,18.40568,-4.428663,0.3294045
05/15/2023 14:23:34.211711,3625,True,True,True,True,Eyes,1.238189,-0.3002169,-3.336652,-0.643788,0.2432623,0.7255071,0,0,0,0,0,0,0,0.9917331,-0.7470539,3.365592,1.237888,-0.3022486,-3.353374,-0.1446013,-0.3078954,-0.05477635,0.9387708,342.2283,323.8132,359.1696,0.3466934,-0.08426709,-0.9341853,0,0,0,0.5373629,0.04936618,-2.53726,-0.08364227,0.006334946,1.128439,0.8044,-0.01380072,0.5939277,0.191889,0.95218,-0.2377642,-0.5622448,0.3052257,0.7685819,static,-41.58466,18.53629,-4.239133,0.3216496
05/15/2023 14:23:34.221712,3626,True,True,True,True,Eyes,1.23807,-0.3001624,-3.336812,-0.645414,0.2443021,0.7237108,0,0,0,0,0,0,0,1.000198,-0.746748,3.363244,1.237644,-0.3022124,-3.353557,-0.1446357,-0.3090649,-0.05420278,0.9384145,342.2442,323.6574,359.2585,0.3466915,-0.08424599,-0.9341879,0,0,0,0.5373629,0.04936618,-2.53726,-0.08041441,0.006716684,1.128641,0.8030819,-0.0123257,0.5957412,0.191133,0.9522851,-0.2379521,-0.5643826,0.3049608,0.7671189,static,-41.72696,18.65307,-4.075374,0.3409703
05/15/2023 14:23:34.241218,3627,True,True,True,True,Eyes,1.237949,-0.3001122,-3.336971,-0.6470098,0.2453121,0.721942,0,0,0,0,0,0,0,1.006651,-0.747116,3.360662,1.237101,-0.302267,-3.353177,-0.1447918,-0.3099707,-0.05357376,0.9381277,342.2491,323.5325,359.3529,0.3466854,-0.08422524,-0.9341921,0,0,0,0.5373629,0.04936618,-2.53726,-0.07785651,0.007165968,1.128223,0.802096,-0.01075559,0.5970982,0.1902805,0.9523304,-0.2384538,-0.5660701,0.304879,0.765907,static,-41.86694,18.76749,-3.947615,0.3639124
05/15/2023 14:23:34.261656,3628,True,True,True,True,Eyes,1.237808,-0.3000624,-3.337126,-0.648261,0.2462964,0.7204831,0,0,0,0,0,0,0,1.010847,-0.7498927,3.358838,1.236921,-0.302333,-3.353292,-0.1452421,-0.3105463,-0.05305934,0.9378969,342.2178,323.4474,359.4392,0.3466755,-0.08420491,-0.9341975,0,0,0,0.5373629,0.04936618,-2.53726,-0.0760344,0.006717384,1.128342,0.8014914,-0.009319565,0.5979338,0.1897372,0.9521789,-0.2394894,-0.5671079,0.305399,0.7649314,static,-41.97958,18.87294,-3.855103,0.3410963
05/15/2023 14:23:34.271733,3629,True,True,True,True,Eyes,1.237664,-0.3000122,-3.33728,-0.6494672,0.2472451,0.7190704,0,0,0,0,0,0,0,1.01272,-0.7493067,3.35813,1.236577,-0.3023048,-3.353146,-0.1451937,-0.3108055,-0.05273439,0.9378369,342.2348,323.4103,359.4791,0.3466618,-0.08418501,-0.9342044,0,0,0,0.5373629,0.04936618,-2.53726,-0.07515085,0.007169619,1.128071,0.8012382,-0.008658512,0.5982831,0.1891665,0.9522758,-0.2395557,-0.5676562,0.3051163,0.7646375,static,-42.08847,18.97501,-3.811351,0.3641468
05/15/2023 14:23:34.297045,3630,True,True,True,True,Eyes,1.237512,-0.2999682,-3.337432,-0.6504919,0.248225,0.7178055,0,0,0,0,0,0,0,1.013511,-0.7508367,3.357629,1.236385,-0.3022493,-3.353301,-0.1454181,-0.3108981,-0.05241553,0.9377893,342.2217,323.3912,359.5253,0.3466446,-0.08416548,-0.9342126,0,0,0,0.5373629,0.04936618,-2.53726,-0.07453835,0.006912991,1.128089,0.80119,-0.007889022,0.598358,0.1887299,0.9522124,-0.2401513,-0.5678694,0.3053348,0.7643919,static,-42.1836,19.07594,-3.780318,0.3511074
05/15/2023 14:23:34.311620,3631,True,True,True,True,Eyes,1.237359,-0.299922,-3.33758,-0.6514736,0.249169,0.7165871,0,0,0,0,0,0,0,1.013618,-0.753931,3.356794,1.236145,-0.3023854,-3.353268,-0.1458987,-0.3109111,-0.05193828,0.9377369,342.1862,323.3767,359.5976,0.346624,-0.08414648,-0.9342219,0,0,0,0.5373629,0.04936618,-2.53726,-0.07408121,0.006486073,1.127991,0.8012735,-0.006685848,0.598261,0.1881319,0.952032,-0.2413327,-0.56795,0.3059255,0.7640957,static,-42.27504,19.1734,-3.757523,0.3294533
05/15/2023 14:23:34.322065,3632,True,True,True,True,Eyes,1.237204,-0.2998788,-3.337723,-0.6524084,0.2500932,0.7154137,0,0,0,0,0,0,0,1.013063,-0.7561997,3.356446,1.235993,-0.3022949,-3.353327,-0.1462248,-0.3108453,-0.05138672,0.9377383,342.1703,323.3726,359.6709,0.3466004,-0.08412788,-0.9342324,0,0,0,0.5373629,0.04936618,-2.53726,-0.07383639,0.006196827,1.12793,0.8014693,-0.005467994,0.598011,0.1872811,0.9519554,-0.2422945,-0.567955,0.3061878,0.7639871,static,-42.36268,19.26853,-3.745345,0.3147789
05/15/2023 14:23:34.341722,3633,True,True,True,True,Eyes,1.236688,-0.2998502,-3.338153,-0.6517645,0.2503394,0.7159143,0,0,0,0,0,0,0,1.012321,-0.7591196,3.355932,1.23578,-0.3023368,-3.353323,-0.1466556,-0.3107333,-0.05104409,0.9377267,342.1354,323.3763,359.7237,0.3465741,-0.08410975,-0.9342437,0,0,0,0.5373629,0.04936618,-2.53726,-0.07372841,0.005659178,1.127818,0.8016787,-0.004589244,0.5977376,0.1868723,0.9517733,-0.2433236,-0.5677938,0.306768,0.7638739,static,-42.31456,19.27361,-3.740254,0.2874971
05/15/2023 14:23:34.361324,3634,True,True,True,True,Eyes,1.236155,-0.299827,-3.338596,-0.6510991,0.2505686,0.7164394,0,0,0,0,0,0,0,1.012985,-0.761164,3.355316,1.235616,-0.3022858,-3.353436,-0.1469511,-0.3108091,-0.05078186,0.9376696,342.1124,323.3592,359.7661,0.3465338,-0.08409213,-0.9342602,0,0,0,0.5373629,0.04936618,-2.53726,-0.07320401,0.005209759,1.127818,0.8016378,-0.003885715,0.5977975,0.1865807,0.9516531,-0.2440163,-0.5679476,0.3071502,0.7636061,static,-42.26452,19.27685,-3.713724,0.2646659
05/15/2023 14:23:34.371660,3635,True,True,True,True,Eyes,1.235635,-0.2998043,-3.339021,-0.6504684,0.2508025,0.7169302,0,0,0,0,0,0,0,1.014148,-0.7630117,3.35457,1.235456,-0.3023649,-3.353512,-0.1472376,-0.3109509,-0.05061354,0.937587,342.087,323.3355,359.7988,0.3464804,-0.08407507,-0.9342816,0,0,0,0.5373629,0.04936618,-2.53726,-0.07258233,0.004829511,1.127841,0.8014956,-0.003341868,0.5979914,0.1864765,0.9515187,-0.2446194,-0.5681825,0.3075726,0.7632613,static,-42.21735,19.28128,-3.682197,0.2453438
05/15/2023 14:23:34.397138,3636,True,True,True,True,Eyes,1.235142,-0.2997864,-3.339417,-0.64987,0.2510345,0.7173916,0,0,0,0,0,0,0,1.015072,-0.7652191,3.353717,1.235267,-0.3023502,-3.353513,-0.1475697,-0.3110732,-0.05029238,0.9375114,342.0621,323.3112,359.8501,0.3464157,-0.08405858,-0.934307,0,0,0,0.5373629,0.04936618,-2.53726,-0.0719707,0.004417568,1.127761,0.8014083,-0.002489389,0.5981126,0.1861093,0.9513877,-0.2454073,-0.568426,0.3079858,0.7629133,static,-42.17278,19.28631,-3.651511,0.2244329
05/15/2023 14:23:34.411516,3637,True,True,True,True,Eyes,1.234666,-0.2997743,-3.339793,-0.6492901,0.2512478,0.7178418,0,0,0,0,0,0,0,1.015311,-0.7675197,3.352996,1.235133,-0.3024615,-3.353429,-0.1479301,-0.3111147,-0.04995376,0.9374589,342.0348,323.2964,359.9029,0.3463418,-0.08404279,-0.9343359,0,0,0,0.5373629,0.04936618,-2.53726,-0.07163137,0.004092261,1.127675,0.8014246,-0.001612695,0.5980937,0.1857057,0.9512426,-0.2462741,-0.5685351,0.3084395,0.7626486,static,-42.12944,19.29027,-3.634619,0.2079219
05/15/2023 14:23:34.427134,3638,True,True,True,True,Eyes,1.234237,-0.2997575,-3.340132,-0.6487795,0.2514848,0.7182204,0,0,0,0,0,0,0,1.015159,-0.7680857,3.352846,1.235076,-0.3024463,-3.353385,-0.1480191,-0.3111081,-0.0497039,0.9374604,342.0341,323.2922,359.9343,0.3462601,-0.08402779,-0.9343675,0,0,0,0.5373629,0.04936618,-2.53726,-0.07153237,0.004123747,1.127609,0.8014827,-0.001090992,0.598017,0.1852907,0.9512397,-0.2465975,-0.5685885,0.3084506,0.7626044,static,-42.09199,19.29769,-3.62982,0.2095338
05/15/2023 14:23:34.441365,3639,True,True,True,True,Eyes,1.233821,-0.2997441,-3.340454,-0.6482703,0.2517301,0.7185942,0,0,0,0,0,0,0,1.01246,-0.7686614,3.353517,1.234979,-0.3024854,-3.353405,-0.1480985,-0.31074,-0.04945111,0.9375831,342.0346,323.3334,359.9585,0.346173,-0.08401342,-0.934401,0,0,0,0.5373629,0.04936618,-2.53726,-0.07221097,0.00422965,1.127532,0.8019906,-0.0006887962,0.5973362,0.1847693,0.9512428,-0.2469765,-0.5680417,0.3084423,0.763015,static,-42.05478,19.30582,-3.664412,0.2149296
05/15/2023 14:23:34.453868,3640,True,True,True,True,Eyes,1.233457,-0.299734,-3.340733,-0.6478851,0.2519818,0.7188532,0,0,0,0,0,0,0,1.010262,-0.7709849,3.353563,1.2349,-0.3025555,-3.353344,-0.1484345,-0.3104405,-0.04922858,0.937641,342.0057,323.3635,359.9905,0.3460815,-0.08399976,-0.9344361,0,0,0,0.5373629,0.04936618,-2.53726,-0.07274231,0.003809601,1.127428,0.8024065,-0.0001572718,0.5967779,0.1844776,0.9510875,-0.2477915,-0.5675489,0.3089217,0.7631878,static,-42.02758,19.31725,-3.69164,0.1936028
05/15/2023 14:23:34.479036,3641,True,True,True,True,Eyes,1.233105,-0.2997226,-3.340996,-0.6474925,0.2521942,0.7191326,0,0,0,0,0,0,0,1.008305,-0.7702205,3.354291,1.23486,-0.3026604,-3.353312,-0.1483414,-0.3101949,-0.0489158,0.9377533,342.0274,323.3904,0.01732357,0.3459876,-0.08398686,-0.934472,0,0,0,0.5373629,0.04936618,-2.53726,-0.07323024,0.0043955,1.127379,0.8027728,0.0002875912,0.5962849,0.1837714,0.9512041,-0.2478685,-0.56726,0.3085622,0.763548,static,-41.99923,19.32537,-3.716493,0.2233874
05/15/2023 14:23:34.496706,3642,True,True,True,True,Eyes,1.232781,-0.2997082,-3.341244,-0.647099,0.2524008,0.7194142,0,0,0,0,0,0,0,1.004827,-0.7684548,3.355631,1.234801,-0.3026045,-3.353231,-0.1480795,-0.309749,-0.04855722,0.9379608,342.0693,323.4436,0.03886596,0.345892,-0.08397464,-0.9345085,0,0,0,0.5373629,0.04936618,-2.53726,-0.0742254,0.005246833,1.127198,0.8033956,0.0006453767,0.5954454,0.1828244,0.9514294,-0.2477043,-0.5666841,0.3078665,0.7642562,static,-41.97076,19.33302,-3.767457,0.2666959
05/15/2023 14:23:34.512415,3643,True,True,True,True,Eyes,1.232476,-0.2996828,-3.341479,-0.6466855,0.2526349,0.7197038,0,0,0,0,0,0,0,1.001742,-0.7705821,3.356158,1.234947,-0.3025326,-3.353276,-0.1483641,-0.3093639,-0.04808625,0.9380671,342.0551,323.481,0.09520267,0.3457959,-0.08396296,-0.9345452,0,0,0,0.5373629,0.04936618,-2.53726,-0.07500979,0.004949227,1.127248,0.8039634,0.001580765,0.5946768,0.1820133,0.9513516,-0.2485987,-0.5661398,0.3081033,0.7645641,static,-41.94109,19.34241,-3.806986,0.2515577
05/15/2023 14:23:34.521411,3644,True,True,True,True,Eyes,1.23217,-0.2996605,-3.341701,-0.6461475,0.2528917,0.7200966,0,0,0,0,0,0,0,0.9980749,-0.774111,3.356375,1.235069,-0.3022527,-3.353193,-0.1487987,-0.3088568,-0.04820981,0.938159,342.0026,323.5414,0.08783837,0.3456997,-0.08395148,-0.9345818,0,0,0,0.5373629,0.04936618,-2.53726,-0.07628796,0.003667101,1.127095,0.8045665,0.00145805,0.5938607,0.1823719,0.9510695,-0.2494138,-0.5651665,0.3089735,0.7649328,static,-41.90184,19.35083,-3.872186,0.1864161
05/15/2023 14:23:34.541934,3645,True,True,True,True,Eyes,1.231882,-0.2996092,-3.34192,-0.6455641,0.2531388,0.720533,0,0,0,0,0,0,0,0.9916491,-0.7771525,3.356978,1.234658,-0.3032774,-3.352652,-0.1493283,-0.307898,-0.04891819,0.9383535,341.9185,323.6666,0.009079161,0.3456036,-0.08394028,-0.9346183,0,0,0,0.5373629,0.04936618,-2.53726,-0.07862145,0.003145844,1.126611,0.8056117,0.0001506248,0.5924438,0.1837608,0.9506162,-0.2501217,-0.5632244,0.3103689,0.7657999,static,-41.85887,19.35748,-3.991961,0.159987
05/15/2023 14:23:34.561291,3646,True,True,True,True,Eyes,1.231591,-0.2996087,-3.342121,-0.6449596,0.2533584,0.720997,0,0,0,0,0,0,0,0.9841568,-0.7776992,3.359222,1.23481,-0.3025349,-3.352829,-0.1492401,-0.3068528,-0.04910401,0.9387,341.9216,323.8015,359.9639,0.345508,-0.08392853,-0.9346546,0,0,0,0.5373629,0.04936618,-2.53726,-0.08116162,0.002421916,1.126423,0.8068603,-0.000598347,0.590742,0.1837774,0.9506323,-0.250048,-0.5614288,0.3103189,0.7671375,static,-41.81386,19.36148,-4.121185,0.1231912
05/15/2023 14:23:34.572151,3647,True,True,True,True,Eyes,1.231341,-0.2996065,-3.342296,-0.6444975,0.2536982,0.7212906,0,0,0,0,0,0,0,0.9786534,-0.7748846,3.361501,1.234743,-0.3027836,-3.352854,-0.1488557,-0.3061223,-0.04873472,0.9390188,341.9773,323.8915,359.9765,0.3454131,-0.08391774,-0.9346906,0,0,0,0.5373629,0.04936618,-2.53726,-0.08277512,0.003817156,1.126355,0.8078282,-0.0003895288,0.5894179,0.1826617,0.9509338,-0.2497191,-0.5604002,0.3093942,0.7682623,static,-41.78186,19.37821,-4.203075,0.1941715
05/15/2023 14:23:34.596979,3648,True,True,True,True,Eyes,1.231114,-0.299603,-3.342451,-0.6441229,0.2540764,0.7214922,0,0,0,0,0,0,0,0.9738442,-0.7693418,3.364261,1.234754,-0.3027931,-3.35294,-0.1480535,-0.3055011,-0.04837752,0.9393662,342.0786,323.9729,359.9743,0.3453199,-0.08390778,-0.9347259,0,0,0,0.5373629,0.04936618,-2.53726,-0.08425266,0.005827442,1.126309,0.8086574,-0.0004274076,0.5882796,0.1813494,0.9514796,-0.2485941,-0.5596299,0.3077117,0.7694985,static,-41.75736,19.39993,-4.277997,0.2964415
05/15/2023 14:23:34.612540,3649,True,True,True,True,Eyes,1.230902,-0.2996074,-3.342605,-0.6437314,0.2543845,0.7217329,0,0,0,0,0,0,0,0.9683375,-0.7648529,3.366754,1.234702,-0.3027962,-3.352839,-0.1474015,-0.3047822,-0.04809127,0.939717,342.1608,324.0658,359.9679,0.345229,-0.08389857,-0.9347603,0,0,0,0.5373629,0.04936618,-2.53726,-0.08600515,0.007512838,1.126063,0.80959,-0.0005336691,0.5869954,0.1802351,0.9519201,-0.2477166,-0.5586405,0.3063461,0.7707613,static,-41.73056,19.41569,-4.367592,0.3822589
05/15/2023 14:23:34.621675,3650,True,True,True,True,Eyes,1.230698,-0.2996048,-3.342753,-0.6433197,0.2546394,0.7220101,0,0,0,0,0,0,0,0.9634238,-0.7605582,3.36936,1.23484,-0.302976,-3.352998,-0.146796,-0.3041526,-0.0476936,0.9400359,342.2419,324.1451,359.9777,0.3451406,-0.08389024,-0.9347937,0,0,0,0.5373629,0.04936618,-2.53726,-0.08750379,0.009263754,1.126191,0.810433,-0.0003705976,0.5858312,0.1789642,0.9523525,-0.2469748,-0.5578263,0.3049994,0.7718843,static,-41.70142,19.42678,-4.442894,0.4712896
05/15/2023 14:23:34.641376,3651,True,True,True,True,Eyes,1.230698,-0.2996048,-3.342753,-0.6433197,0.2546394,0.7220101,0,0,0,0,0,0,0,0.9583678,-0.7576609,3.371452,1.234842,-0.3027926,-3.353012,-0.1463431,-0.3034882,-0.0473959,0.9403363,342.3025,324.2285,359.9814,0.3450547,-0.0838825,-0.9348261,0,0,0,0.5373629,0.04936618,-2.53726,-0.08905461,0.01032078,1.126014,0.8112971,-0.0003093387,0.584634,0.177963,0.9526746,-0.2464553,-0.5568898,0.3039917,0.7729572,static,-41.70142,19.42678,-4.522017,0.5251451
05/15/2023 14:23:34.661405,3652,True,True,True,True,Eyes,1.230496,-0.2996113,-3.342907,-0.6428615,0.2547967,0.7223626,0,0,0,0,0,0,0,0.9556801,-0.7575713,3.372453,1.23489,-0.3028407,-3.35321,-0.1463141,-0.303111,-0.04734975,0.9404647,342.3073,324.2752,359.9782,0.3449773,-0.08387554,-0.9348553,0,0,0,0.5373629,0.04936618,-2.53726,-0.08985066,0.01042151,1.126137,0.8117635,-0.000362689,0.5839862,0.1777604,0.9527003,-0.2465021,-0.5562745,0.303911,0.7734318,static,-41.66726,19.42911,-4.561771,0.5302121
05/15/2023 14:23:34.671871,3653,True,True,True,True,Eyes,1.230306,-0.2996129,-3.343061,-0.6424143,0.2549487,0.7227068,0,0,0,0,0,0,0,0.9528435,-0.7565964,3.373461,1.234814,-0.3030099,-3.353208,-0.146195,-0.3027335,-0.04709437,0.9406177,342.3296,324.3197,-0.00477371,0.3449014,-0.08386928,-0.9348839,0,0,0,0.5373629,0.04936618,-2.53726,-0.09061718,0.01108152,1.126075,0.8122691,-7.938914E-05,0.5832829,0.1771118,0.9528183,-0.2465131,-0.5557431,0.3035412,0.773959,static,-41.6339,19.43127,-4.600775,0.56382
05/15/2023 14:23:34.696818,3654,True,True,True,True,Eyes,1.23014,-0.2996088,-3.343202,-0.6420647,0.2550882,0.7229681,0,0,0,0,0,0,0,0.9515672,-0.7577963,3.373735,1.234934,-0.3028936,-3.353359,-0.1463483,-0.3025799,-0.04675855,0.9406601,342.3246,324.3318,0.03585692,0.3448269,-0.0838635,-0.9349119,0,0,0,0.5373629,0.04936618,-2.53726,-0.09084535,0.0108843,1.126206,0.8125181,0.0005962917,0.5829357,0.1765319,0.9527916,-0.2470315,-0.5555636,0.3036243,0.7740552,static,-41.60813,19.43461,-4.611777,0.5537221
05/15/2023 14:23:34.711629,3655,True,True,True,True,Eyes,1.229982,-0.299609,-3.34334,-0.6417189,0.2552499,0.7232181,0,0,0,0,0,0,0,0.9502088,-0.7607253,3.373532,1.234967,-0.3027859,-3.35343,-0.1467449,-0.3023942,-0.0465754,0.9406671,342.2873,324.3476,0.0677072,0.3447546,-0.08385802,-0.9349391,0,0,0,0.5373629,0.04936618,-2.53726,-0.09112066,0.01008372,1.126229,0.812777,0.001125706,0.5825739,0.1763735,0.9525934,-0.2479078,-0.5552351,0.3042443,0.7740474,static,-41.58298,19.43978,-4.625596,0.5129853
05/15/2023 14:23:34.721433,3656,True,True,True,True,Eyes,1.229849,-0.2996025,-3.343458,-0.6414409,0.2554278,0.7234019,0,0,0,0,0,0,0,0.9493402,-0.7634873,3.37326,1.235021,-0.3028978,-3.353508,-0.1471431,-0.3022668,-0.04653895,0.9406477,342.2446,324.3584,0.08419251,0.3446843,-0.08385291,-0.9349654,0,0,0,0.5373629,0.04936618,-2.53726,-0.09131834,0.009354264,1.126344,0.8129379,0.001399434,0.5823488,0.1765064,0.9523661,-0.2486852,-0.5549573,0.304954,0.7739674,static,-41.56342,19.44775,-4.635118,0.4758294
05/15/2023 14:23:34.742270,3657,True,True,True,True,Eyes,1.229723,-0.2996035,-3.343576,-0.6411684,0.2556372,0.7235695,0,0,0,0,0,0,0,0.9486645,-0.7652231,3.373043,1.234968,-0.302769,-3.353526,-0.1473651,-0.3021564,-0.04659491,0.9406456,342.2181,324.3705,0.08400101,0.3446167,-0.08384798,-0.9349908,0,0,0,0.5373629,0.04936618,-2.53726,-0.09149238,0.008721218,1.126275,0.8130608,0.001396042,0.5821771,0.1767132,0.9522249,-0.2490788,-0.5547113,0.3053946,0.77397,static,-41.54475,19.45832,-4.644196,0.4436562
05/15/2023 14:23:34.761689,3658,True,True,True,True,Eyes,1.229625,-0.2996053,-3.343671,-0.6410437,0.2558325,0.7236109,0,0,0,0,0,0,0,0.9486412,-0.7686779,3.372411,1.235008,-0.3029612,-3.353642,-0.1478711,-0.3021301,-0.0466669,0.9405711,342.1597,324.3691,0.09423127,0.3445517,-0.08384342,-0.9350151,0,0,0,0.5373629,0.04936618,-2.53726,-0.09143132,0.007735312,1.126456,0.8130792,0.001565565,0.5821511,0.1771397,0.9519126,-0.2499675,-0.5545483,0.3063655,0.773703,static,-41.53759,19.47104,-4.640368,0.3934408
05/15/2023 14:23:34.771877,3659,True,True,True,True,Eyes,1.229534,-0.2996046,-3.343769,-0.64093,0.2560413,0.7236377,0,0,0,0,0,0,0,0.9479519,-0.7695617,3.372398,1.234946,-0.3030198,-3.353654,-0.1480087,-0.3020369,-0.04649285,0.9405879,342.1506,324.3764,0.1171935,0.34449,-0.08383923,-0.9350383,0,0,0,0.5373629,0.04936618,-2.53726,-0.09150663,0.007662013,1.126439,0.8132242,0.001946941,0.5819473,0.1768694,0.9518636,-0.2503452,-0.5544219,0.3065155,0.7737343,static,-41.53149,19.48507,-4.644243,0.3897187
05/15/2023 14:23:34.796662,3660,True,True,True,True,Eyes,1.229453,-0.2996012,-3.34386,-0.6408473,0.2562526,0.7236362,0,0,0,0,0,0,0,0.9486521,-0.7724014,3.371772,1.235035,-0.3029689,-3.353847,-0.148409,-0.3021359,-0.04626103,0.9405045,342.1147,324.3557,0.1602633,0.3444313,-0.0838353,-0.9350603,0,0,0,0.5373629,0.04936618,-2.53726,-0.091077,0.006899819,1.126658,0.8131475,0.002661961,0.5820515,0.1766968,0.9516693,-0.2512044,-0.5545894,0.3071128,0.7733773,static,-41.52789,19.49997,-4.621636,0.3508833
05/15/2023 14:23:34.811487,3661,True,True,True,True,Eyes,1.229375,-0.2995967,-3.343951,-0.6407631,0.2564934,0.7236254,0,0,0,0,0,0,0,0.9498558,-0.7757921,3.370659,1.235042,-0.3029239,-3.353853,-0.1488909,-0.3022931,-0.04622722,0.9403795,342.0627,324.3299,0.1851942,0.3443756,-0.08383154,-0.9350811,0,0,0,0.5373629,0.04936618,-2.53726,-0.09059709,0.005857319,1.126697,0.812964,0.003075144,0.582306,0.1769596,0.9513891,-0.2520796,-0.5547748,0.3079762,0.7729008,static,-41.52457,19.51718,-4.597229,0.2978587
05/15/2023 14:23:34.821288,3662,True,True,True,True,Eyes,1.229291,-0.2995918,-3.344043,-0.640682,0.25673,0.7236133,0,0,0,0,0,0,0,0.9499961,-0.7792087,3.369905,1.235042,-0.3029031,-3.353929,-0.1493636,-0.3022846,-0.04635838,0.9403008,342.0058,324.3275,0.1878953,0.3443227,-0.0838279,-0.9351009,0,0,0,0.5373629,0.04936618,-2.53726,-0.09051156,0.004703179,1.126758,0.8129499,0.00311899,0.5823255,0.1774823,0.9510828,-0.2528666,-0.5546284,0.3089203,0.7726291,static,-41.52145,19.53413,-4.592661,0.2391558
05/15/2023 14:23:34.841377,3663,True,True,True,True,Eyes,1.229214,-0.2995898,-3.344136,-0.6406091,0.2569718,0.723592,0,0,0,0,0,0,0,0.9505401,-0.7831967,3.368794,1.235013,-0.3028988,-3.353908,-0.1499343,-0.3023479,-0.04631283,0.9401918,341.9444,324.3121,0.2156672,0.3442723,-0.08382434,-0.9351198,0,0,0,0.5373629,0.04936618,-2.53726,-0.09021568,0.003537804,1.126751,0.8128818,0.003578748,0.5824177,0.1777505,0.9507496,-0.2539288,-0.5546422,0.3099391,0.772211,static,-41.51905,19.55166,-4.57774,0.1798982
05/15/2023 14:23:34.861926,3664,True,True,True,True,Eyes,1.229132,-0.2995854,-3.344228,-0.6404811,0.2571564,0.7236399,0,0,0,0,0,0,0,0.9513053,-0.784642,3.368388,1.235068,-0.3029702,-3.354027,-0.1501479,-0.3024463,-0.04629494,0.940127,341.9215,324.297,0.2276517,0.3442242,-0.08382095,-0.9351379,0,0,0,0.5373629,0.04936618,-2.53726,-0.08990976,0.003124744,1.12692,0.812766,0.003777127,0.5825781,0.1778696,0.9506248,-0.2543128,-0.5547737,0.3103197,0.7719637,static,-41.51148,19.56344,-4.561601,0.1588703
05/15/2023 14:23:34.871822,3665,True,True,True,True,Eyes,1.229055,-0.2995873,-3.344321,-0.6403629,0.2573315,0.7236822,0,0,0,0,0,0,0,0.9519448,-0.7862774,3.367759,1.235024,-0.3029113,-3.353982,-0.1503759,-0.3025243,-0.04634015,0.9400631,341.8947,324.2853,0.2326479,0.3441781,-0.08381763,-0.9351552,0,0,0,0.5373629,0.04936618,-2.53726,-0.08968309,0.002562687,1.126862,0.8126633,0.003859415,0.5827207,0.1781101,0.9504793,-0.2546877,-0.5548469,0.3107638,0.7717323,static,-41.50457,19.57469,-4.550385,0.1303007
05/15/2023 14:23:34.896829,3666,True,True,True,True,Eyes,1.228969,-0.2995919,-3.344414,-0.6400902,0.2574289,0.7238887,0,0,0,0,0,0,0,0.9523845,-0.7861707,3.367772,1.235067,-0.3030618,-3.354065,-0.1503831,-0.3025891,-0.04625905,0.9400452,341.8969,324.2758,0.2433755,0.3441338,-0.08381456,-0.9351718,0,0,0,0.5373629,0.04936618,-2.53726,-0.0894905,0.002729908,1.12701,0.8125998,0.00403743,0.5828081,0.1779798,0.95049,-0.2547389,-0.5549818,0.3107289,0.7716495,static,-41.48435,19.57638,-4.540059,0.1387848
05/15/2023 14:23:34.912007,3667,True,True,True,True,Eyes,1.228887,-0.2995929,-3.344511,-0.6398362,0.2575136,0.7240831,0,0,0,0,0,0,0,0.9526006,-0.7840072,3.368175,1.234991,-0.3031145,-3.354048,-0.1500935,-0.3026293,-0.04612341,0.9400851,341.9337,324.272,0.2486356,0.3440909,-0.08381179,-0.9351879,0,0,0,0.5373629,0.04936618,-2.53726,-0.08936471,0.003528252,1.126974,0.8125762,0.004125556,0.5828404,0.1775653,0.9506891,-0.2542848,-0.555149,0.310118,0.7717748,static,-41.46543,19.57747,-4.533847,0.179377
05/15/2023 14:23:34.921960,3668,True,True,True,True,Eyes,1.228782,-0.2995976,-3.34462,-0.6396056,0.2575703,0.7242666,0,0,0,0,0,0,0,0.953353,-0.7834798,3.36823,1.235001,-0.3030255,-3.354198,-0.1500091,-0.3027311,-0.04603695,0.9400702,341.9461,324.2589,0.2572553,0.3440495,-0.08380917,-0.9352034,0,0,0,0.5373629,0.04936618,-2.53726,-0.08903921,0.003654361,1.127087,0.812469,0.004268876,0.5829887,0.1773807,0.9507558,-0.2541644,-0.5553649,0.3099116,0.7717025,static,-41.44798,19.57687,-4.516952,0.1857698
05/15/2023 14:23:34.941388,3669,True,True,True,True,Eyes,1.228685,-0.2996084,-3.344725,-0.6393836,0.2576262,0.7244428,0,0,0,0,0,0,0,0.954142,-0.7839084,3.367912,1.234961,-0.3030629,-3.354214,-0.1500816,-0.3028361,-0.04598887,0.9400271,341.9398,324.2441,0.2674997,0.3440087,-0.0838068,-0.9352186,0,0,0,0.5373629,0.04936618,-2.53726,-0.0887208,0.003576875,1.127111,0.8123506,0.004438725,0.5831524,0.1773618,0.950721,-0.2543074,-0.5555441,0.3100158,0.7715316,static,-41.4312,19.5764,-4.50077,0.1818269
05/15/2023 14:23:34.961460,3670,True,True,True,True,Eyes,1.228581,-0.2996179,-3.344832,-0.6391856,0.2576837,0.724597,0,0,0,0,0,0,0,0.9539027,-0.7841836,3.367958,1.235039,-0.3032184,-3.354214,-0.1501428,-0.3028178,-0.04589283,0.940028,341.9365,324.2441,0.2802836,0.3439685,-0.08380481,-0.9352335,0,0,0,0.5373629,0.04936618,-2.53726,-0.08878326,0.003664941,1.127203,0.8123905,0.004650758,0.5830954,0.1772129,0.950702,-0.2544826,-0.5555334,0.3100712,0.771517,static,-41.41634,19.57658,-4.503561,0.1862885
05/15/2023 14:23:34.971904,3671,True,True,True,True,Eyes,1.228481,-0.2996252,-3.344935,-0.63897,0.2577592,0.7247604,0,0,0,0,0,0,0,0.9519991,-0.7851757,3.368273,1.235065,-0.3031502,-3.354218,-0.1502645,-0.3025586,-0.04584467,0.9400943,341.9247,324.2743,0.2851396,0.3439289,-0.08380313,-0.9352483,0,0,0,0.5373629,0.04936618,-2.53726,-0.08936694,0.003387362,1.127155,0.8127131,0.004731009,0.5826449,0.1771243,0.9506376,-0.2547842,-0.5550896,0.310267,0.7717577,static,-41.40035,19.5778,-4.533237,0.1721866
05/15/2023 14:23:34.996671,3672,True,True,True,True,Eyes,1.228385,-0.299632,-3.345032,-0.6387382,0.2578241,0.7249416,0,0,0,0,0,0,0,0.9493048,-0.7872953,3.36853,1.235041,-0.3031118,-3.354222,-0.1505448,-0.3021786,-0.04582994,0.9401725,341.8941,324.3182,0.2897538,0.3438898,-0.08380168,-0.9352627,0,0,0,0.5373629,0.04936618,-2.53726,-0.09016955,0.002785906,1.127069,0.8131754,0.004806742,0.5819988,0.1771589,0.9504718,-0.2553785,-0.554401,0.3107737,0.7720487,static,-41.38293,19.57783,-4.574124,0.1416243
05/15/2023 14:23:35.011842,3673,True,True,True,True,Eyes,1.228294,-0.299643,-3.34513,-0.6384997,0.2578958,0.7251261,0,0,0,0,0,0,0,0.9468843,-0.7894764,3.368704,1.234976,-0.3031035,-3.35425,-0.1508403,-0.3018309,-0.04579602,0.9402385,341.8626,324.3576,0.2977288,0.3438514,-0.08380043,-0.935277,0,0,0,0.5373629,0.04936618,-2.53726,-0.0908393,0.002197906,1.126994,0.8136017,0.004938144,0.5814016,0.1771748,0.9502999,-0.2560063,-0.5537702,0.3112969,0.7722907,static,-41.36509,19.57826,-4.60826,0.1117403
05/15/2023 14:23:35.021992,3674,True,True,True,True,Eyes,1.228199,-0.2996521,-3.345232,-0.6382745,0.2579593,0.7253018,0,0,0,0,0,0,0,0.9448537,-0.7911446,3.369054,1.235005,-0.3032181,-3.354401,-0.1510866,-0.3015584,-0.045512,0.9402999,341.8454,324.3842,0.3336268,0.3438137,-0.08379946,-0.9352909,0,0,0,0.5373629,0.04936618,-2.53726,-0.09127,0.001997113,1.127123,0.8139824,0.005532993,0.5808632,0.1767127,0.9502031,-0.2566844,-0.5533582,0.3115824,0.7724708,static,-41.34817,19.57833,-4.629488,0.1015205
05/15/2023 14:23:35.046971,3675,True,True,True,True,Eyes,1.228107,-0.2996621,-3.345331,-0.6380458,0.2580319,0.7254771,0,0,0,0,0,0,0,0.9433293,-0.7918239,3.369357,1.234973,-0.3031636,-3.354454,-0.1511762,-0.3013571,-0.0452743,0.9403617,341.8438,324.4044,0.3598366,0.3437765,-0.08379869,-0.9353047,0,0,0,0.5373629,0.04936618,-2.53726,-0.0915913,0.001961261,1.127098,0.8142683,0.005967618,0.5804581,0.1762645,0.9501919,-0.2570331,-0.5530806,0.3116081,0.7726593,static,-41.33113,19.57905,-4.645815,0.09970017
05/15/2023 14:23:35.061625,3676,True,True,True,True,Eyes,1.228015,-0.299675,-3.345427,-0.6378834,0.2581427,0.7255805,0,0,0,0,0,0,0,0.9419496,-0.7932786,3.369448,1.234945,-0.3031961,-3.354508,-0.1513823,-0.3011634,-0.0451608,0.940396,341.825,324.4243,0.3765184,0.3437398,-0.08379814,-0.9353182,0,0,0,0.5373629,0.04936618,-2.53726,-0.09190959,0.001651645,1.127105,0.8145222,0.006243587,0.5800989,0.1761197,0.9500878,-0.2575172,-0.5527527,0.3119203,0.772768,static,-41.31984,19.58424,-4.66186,0.08396041
05/15/2023 14:23:35.071912,3677,True,True,True,True,Eyes,1.227929,-0.2996865,-3.345527,-0.6377347,0.2582645,0.725668,0,0,0,0,0,0,0,0.9425136,-0.7956697,3.368761,1.234867,-0.3032773,-3.354564,-0.1517434,-0.3012351,-0.04496745,0.9403241,341.792,324.4078,0.4133429,0.3437037,-0.08379786,-0.9353315,0,0,0,0.5373629,0.04936618,-2.53726,-0.09150913,0.001127705,1.127156,0.8144707,0.006852924,0.5801643,0.1759888,0.9499037,-0.2582843,-0.5528702,0.3124674,0.7724627,static,-41.3098,19.5906,-4.64143,0.05732369
05/15/2023 14:23:35.091385,3678,True,True,True,True,Eyes,1.227831,-0.2996985,-3.345636,-0.6376448,0.2583844,0.7257043,0,0,0,0,0,0,0,0.9434876,-0.7974563,3.36825,1.234912,-0.3032555,-3.354733,-0.151995,-0.3013618,-0.04488641,0.9402469,341.7672,324.3876,0.4344814,0.3436682,-0.08379779,-0.9353446,0,0,0,0.5373629,0.04936618,-2.53726,-0.09107319,0.0005867183,1.127336,0.8143327,0.007202349,0.5803539,0.1760195,0.9497654,-0.2587714,-0.5530638,0.3128797,0.7721573,static,-41.30436,19.59809,-4.618679,0.0298194
05/15/2023 14:23:35.111457,3679,True,True,True,True,Eyes,1.227736,-0.2997109,-3.345745,-0.6375724,0.2585157,0.725721,0,0,0,0,0,0,0,0.9450136,-0.799426,3.367418,1.234905,-0.3032618,-3.354799,-0.1522861,-0.3015688,-0.04477317,0.9401387,341.7391,324.3563,0.4623739,0.3436328,-0.08379789,-0.9353576,0,0,0,0.5373629,0.04936618,-2.53726,-0.09044865,4.939735E-05,1.127431,0.8141033,0.007663474,0.5806696,0.1760354,0.9496086,-0.2593356,-0.5533963,0.3133444,0.7717304,static,-41.30049,19.60687,-4.586754,0.002510361
05/15/2023 14:23:35.121881,3680,True,True,True,True,Eyes,1.227632,-0.2997244,-3.34586,-0.637489,0.2586203,0.7257571,0,0,0,0,0,0,0,0.9470223,-0.8007234,3.36662,1.234879,-0.3032866,-3.354882,-0.1524773,-0.3018245,-0.04486906,0.9400211,341.7147,324.3235,0.4638629,0.3435976,-0.08379816,-0.9353704,0,0,0,0.5373629,0.04936618,-2.53726,-0.08977112,-0.000443086,1.127537,0.8137775,0.007687061,0.5811257,0.1763985,0.9494748,-0.2595786,-0.5537596,0.3137489,0.7713053,static,-41.29536,19.61329,-4.552116,-0.02251541
05/15/2023 14:23:35.142047,3681,True,True,True,True,Eyes,1.22753,-0.2997403,-3.345972,-0.6374254,0.2587341,0.7257724,0,0,0,0,0,0,0,0.949253,-0.8022556,3.365684,1.234851,-0.3033064,-3.354947,-0.1527086,-0.3021206,-0.0448448,0.9398896,341.6902,324.2832,0.4812781,0.3435623,-0.08379862,-0.9353833,0,0,0,0.5373629,0.04936618,-2.53726,-0.08896101,-0.0009179711,1.127637,0.8134242,0.00797453,0.5816163,0.1765712,0.949338,-0.2599614,-0.5542236,0.3141556,0.7708064,static,-41.29192,19.62089,-4.510808,-0.04664255
05/15/2023 14:23:35.161378,3682,True,True,True,True,Eyes,1.22744,-0.2997552,-3.346074,-0.6374844,0.2588432,0.7256816,0,0,0,0,0,0,0,0.9513236,-0.8035404,3.364802,1.234805,-0.303384,-3.354966,-0.1529142,-0.3023972,-0.04481628,0.9397684,341.6686,324.2456,0.4978326,0.343527,-0.0837993,-0.9353963,0,0,0,0.5373629,0.04936618,-2.53726,-0.08821186,-0.001263767,1.127705,0.8130949,0.008247793,0.5820727,0.1767155,0.9492175,-0.2603033,-0.5546606,0.3145125,0.7703464,static,-41.29811,19.6308,-4.472709,-0.06420873
05/15/2023 14:23:35.171761,3683,True,True,True,True,Eyes,1.227354,-0.2997661,-3.346169,-0.6375469,0.2589458,0.7255901,0,0,0,0,0,0,0,0.9532779,-0.8034208,3.364286,1.234812,-0.3033794,-3.354973,-0.152911,-0.3026738,-0.04473248,0.9396839,341.6721,324.2096,0.5127769,0.3434922,-0.08380018,-0.935409,0,0,0,0.5373629,0.04936618,-2.53726,-0.08754095,-0.001202911,1.127766,0.8127751,0.008495529,0.5825157,0.1766331,0.9492344,-0.2602973,-0.5551553,0.3144547,0.7700135,static,-41.30448,19.64027,-4.438591,-0.06111351
05/15/2023 14:23:35.197618,3684,True,True,True,True,Eyes,1.227278,-0.2997807,-3.346254,-0.637596,0.2590193,0.7255208,0,0,0,0,0,0,0,0.9538969,-0.8032552,3.364091,1.234822,-0.3032942,-3.354918,-0.1528814,-0.3027653,-0.04473759,0.9396591,341.6752,324.1986,0.5129251,0.3434578,-0.08380114,-0.9354216,0,0,0,0.5373629,0.04936618,-2.53726,-0.08737674,-0.001216277,1.127718,0.8126636,0.008498149,0.5826713,0.1766505,0.9492517,-0.2602227,-0.5553131,0.3144027,0.769921,static,-41.30938,19.64715,-4.430485,-0.06179519
05/15/2023 14:23:35.212634,3685,True,True,True,True,Eyes,1.227204,-0.2997905,-3.346336,-0.6376376,0.2590798,0.7254626,0,0,0,0,0,0,0,0.9541086,-0.8034636,3.36398,1.234791,-0.3034037,-3.354917,-0.1529271,-0.3027894,-0.04474377,0.9396435,341.67,324.1951,0.5144436,0.3434242,-0.08380228,-0.9354339,0,0,0,0.5373629,0.04936618,-2.53726,-0.08728668,-0.001210272,1.127739,0.8126332,0.00852304,0.5827133,0.1766958,0.9492225,-0.2602981,-0.5553432,0.3144898,0.7698637,static,-41.31351,19.65284,-4.425852,-0.0614889
05/15/2023 14:23:35.221903,3686,True,True,True,True,Eyes,1.227162,-0.2998002,-3.346393,-0.6377376,0.2591356,0.7253548,0,0,0,0,0,0,0,0.9532212,-0.8029329,3.364353,1.234785,-0.3032948,-3.354925,-0.1528375,-0.3026773,-0.04462417,0.9396999,341.6841,324.2083,0.5223193,0.3433914,-0.08380346,-0.9354458,0,0,0,0.5373629,0.04936618,-2.53726,-0.08752233,-0.001016229,1.127689,0.8127903,0.008654237,0.5824922,0.1763875,0.9492988,-0.2602293,-0.5552112,0.3142562,0.7700543,static,-41.32219,19.65945,-4.437951,-0.05163272
05/15/2023 14:23:35.241437,3687,True,True,True,True,Eyes,1.227123,-0.2998095,-3.34645,-0.6378295,0.2591914,0.7252541,0,0,0,0,0,0,0,0.9527065,-0.8033541,3.364453,1.234765,-0.30334,-3.354983,-0.1529084,-0.3026159,-0.04439882,0.9397188,341.6843,324.2114,0.5492356,0.3433603,-0.0838047,-0.9354571,0,0,0,0.5373629,0.04936618,-2.53726,-0.08753073,-0.0009385049,1.127732,0.8129048,0.009100204,0.5823255,0.1759898,0.9492955,-0.2605102,-0.5551697,0.3142534,0.7700853,static,-41.33023,19.66588,-4.438205,-0.04768185
05/15/2023 14:23:35.261614,3688,True,True,True,True,Eyes,1.227106,-0.2998203,-3.346483,-0.6379904,0.2592595,0.7250881,0,0,0,0,0,0,0,0.9522959,-0.8035936,3.364593,1.234778,-0.3033408,-3.355059,-0.1529365,-0.3025534,-0.04440558,0.9397341,341.6809,324.219,0.5482715,0.3433309,-0.08380597,-0.9354677,0,0,0,0.5373629,0.04936618,-2.53726,-0.08763951,-0.00102289,1.127787,0.8129792,0.009084058,0.582222,0.1760018,0.9492772,-0.2605692,-0.5550571,0.3143094,0.7701437,static,-41.3439,19.67481,-4.443483,-0.05196662
05/15/2023 14:23:35.271773,3689,True,True,True,True,Eyes,1.227092,-0.2998281,-3.346515,-0.6381381,0.2593262,0.7249342,0,0,0,0,0,0,0,0.9514904,-0.8042328,3.364542,1.23472,-0.3034195,-3.354948,-0.1530409,-0.3024461,-0.04435859,0.9397538,341.671,324.2304,0.5553577,0.3433036,-0.08380736,-0.9354776,0,0,0,0.5373629,0.04936618,-2.53726,-0.08787027,-0.001085699,1.127677,0.8131174,0.009200938,0.5820271,0.1759456,0.9492216,-0.2608094,-0.5548725,0.3144737,0.7702097,static,-41.35651,19.68334,-4.45557,-0.0551629
05/15/2023 14:23:35.297233,3690,True,True,True,True,Eyes,1.227096,-0.2998359,-3.34653,-0.6383171,0.259406,0.7247481,0,0,0,0,0,0,0,0.9508067,-0.8041705,3.364783,1.234802,-0.3033564,-3.354955,-0.1530132,-0.3023529,-0.04446003,0.9397835,341.6703,324.244,0.5409622,0.3432785,-0.08380877,-0.9354867,0,0,0,0.5373629,0.04936618,-2.53726,-0.08818844,-0.00118725,1.127689,0.813212,0.008962388,0.5818985,0.1760936,0.9492205,-0.2607134,-0.5546866,0.3144839,0.7703394,static,-41.37177,19.69359,-4.471591,-0.06032196
05/15/2023 14:23:35.311769,3691,True,True,True,True,Eyes,1.227095,-0.2998475,-3.346541,-0.6384815,0.2594775,0.7245777,0,0,0,0,0,0,0,0.9500403,-0.8044057,3.3649,1.234757,-0.3033878,-3.354926,-0.1530496,-0.3022455,-0.04443793,0.9398133,341.6671,324.2567,0.5426636,0.3432558,-0.08381022,-0.9354949,0,0,0,0.5373629,0.04936618,-2.53726,-0.088406,-0.001195624,1.127632,0.8133459,0.008990414,0.5817111,0.1760438,0.9492022,-0.2608137,-0.5545062,0.3145384,0.7704469,static,-41.38577,19.70288,-4.4828,-0.06075048
05/15/2023 14:23:35.321858,3692,True,True,True,True,Eyes,1.227101,-0.2998567,-3.346544,-0.6385658,0.2595076,0.7244925,0,0,0,0,0,0,0,0.9490077,-0.8041129,3.365153,1.234657,-0.3034894,-3.354845,-0.1530264,-0.3021078,-0.0443234,0.9398667,341.6736,324.2723,0.5519597,0.3432352,-0.08381182,-0.9355023,0,0,0,0.5373629,0.04936618,-2.53726,-0.0886614,-0.0009067804,1.127524,0.8135327,0.009144773,0.5814474,0.1757771,0.9492367,-0.260868,-0.5543168,0.3144297,0.7706276,static,-41.39287,19.70713,-4.496129,-0.04607856
05/15/2023 14:23:35.341536,3693,True,True,True,True,Eyes,1.227105,-0.2998625,-3.346548,-0.6386484,0.2595299,0.7244118,0,0,0,0,0,0,0,0.9485891,-0.8026778,3.365686,1.234895,-0.3035321,-3.354826,-0.1528367,-0.3021076,-0.04400695,0.9399125,341.7058,324.2695,0.5805894,0.3432168,-0.08381351,-0.9355088,0,0,0,0.5373629,0.04936618,-2.53726,-0.0888074,-0.0002265871,1.12766,0.8135888,0.009620884,0.5813611,0.1750716,0.9494087,-0.2607166,-0.5544576,0.3138959,0.7707439,static,-41.39971,19.71072,-4.50296,-0.01151276
05/15/2023 14:23:35.361792,3694,True,True,True,True,Eyes,1.227124,-0.29988,-3.346539,-0.6387088,0.2595365,0.7243562,0,0,0,0,0,0,0,0.9487857,-0.8019365,3.365794,1.234873,-0.3034569,-3.354828,-0.1527205,-0.3021301,-0.04406425,0.9399214,341.7166,324.2691,0.5701836,0.3432004,-0.08381518,-0.9355147,0,0,0,0.5373629,0.04936618,-2.53726,-0.08877891,-9.827316E-05,1.127626,0.8135515,0.009449039,0.5814161,0.1751168,0.9494696,-0.2604642,-0.554498,0.3137168,0.7707878,static,-41.40458,19.71258,-4.501657,-0.004993354
05/15/2023 14:23:35.371971,3695,True,True,True,True,Eyes,1.227146,-0.2999012,-3.346528,-0.6387669,0.2595082,0.724315,0,0,0,0,0,0,0,0.9489135,-0.8008647,3.365839,1.234809,-0.3036702,-3.354657,-0.1526077,-0.3021591,-0.04403064,0.9399319,341.7303,324.2663,0.5703185,0.343186,-0.08381717,-0.9355198,0,0,0,0.5373629,0.04936618,-2.53726,-0.08876958,0.000427261,1.12753,0.8135224,0.009452005,0.5814567,0.1749952,0.9495444,-0.2602732,-0.5545791,0.3134902,0.7708216,static,-41.40878,19.71163,-4.501567,0.02171139
05/15/2023 14:23:35.397244,3696,True,True,True,True,Eyes,1.227162,-0.2999231,-3.346519,-0.6387373,0.2594412,0.7243652,0,0,0,0,0,0,0,0.9481585,-0.7978418,3.366763,1.234926,-0.3037676,-3.354599,-0.1521959,-0.3020944,-0.0438665,0.9400272,341.7816,324.2768,0.5720563,0.3431738,-0.08381955,-0.9355241,0,0,0,0.5373629,0.04936618,-2.53726,-0.08908433,0.001533493,1.127565,0.8136294,0.009483608,0.5813065,0.1744264,0.9498243,-0.2596328,-0.5546013,0.3126401,0.7711508,static,-41.40549,19.70567,-4.517323,0.07792247
05/15/2023 14:23:35.411797,3697,True,True,True,True,Eyes,1.227183,-0.2999383,-3.346509,-0.6387098,0.259374,0.7244135,0,0,0,0,0,0,0,0.9472667,-0.7970384,3.367152,1.234925,-0.3037961,-3.354544,-0.1520935,-0.3019958,-0.04363815,0.9400861,341.801,324.2867,0.5920386,0.3431633,-0.08382232,-0.9355277,0,0,0,0.5373629,0.04936618,-2.53726,-0.08929515,0.001993731,1.127517,0.8137885,0.009815965,0.5810782,0.1739104,0.9499266,-0.2596049,-0.5545299,0.312319,0.7713322,static,-41.40237,19.69975,-4.528163,0.1013131
05/15/2023 14:23:35.431619,3698,True,True,True,True,Eyes,1.227204,-0.2999458,-3.346494,-0.6386346,0.25932,0.7244992,0,0,0,0,0,0,0,0.9470704,-0.7971823,3.367154,1.235059,-0.3036488,-3.354488,-0.1520969,-0.3019961,-0.04354094,0.9400901,341.804,324.285,0.6031597,0.3431543,-0.08382524,-0.9355308,0,0,0,0.5373629,0.04936618,-2.53726,-0.08940631,0.001921847,1.127504,0.8138052,0.01000053,0.5810518,0.1737301,0.9499415,-0.2596712,-0.554562,0.3122679,0.7713299,static,-41.39567,19.69381,-4.533825,0.09766138
05/15/2023 14:23:35.441430,3699,True,True,True,True,Eyes,1.227223,-0.2999513,-3.346477,-0.6385404,0.2592978,0.7245902,0,0,0,0,0,0,0,0.9467084,-0.7988127,3.366754,1.235132,-0.3034762,-3.354362,-0.1522939,-0.301939,-0.04381289,0.9400638,341.7726,324.2942,0.5786935,0.343147,-0.08382808,-0.9355332,0,0,0,0.5373629,0.04936618,-2.53726,-0.08971816,0.001127034,1.127379,0.8138266,0.009593147,0.5810287,0.1743408,0.949774,-0.2598744,-0.554339,0.3127897,0.7712788,static,-41.38791,19.68997,-4.550076,0.05727823
05/15/2023 14:23:35.461535,3700,True,True,True,True,Eyes,1.22724,-0.299965,-3.346453,-0.6384013,0.2592452,0.7247315,0,0,0,0,0,0,0,0.945318,-0.800081,3.366738,1.235104,-0.303443,-3.354269,-0.1524379,-0.3016998,-0.0444252,0.9400884,341.7348,324.3323,0.5100705,0.3431409,-0.08383081,-0.9355352,0,0,0,0.5373629,0.04936618,-2.53726,-0.09047034,0.0002981871,1.127225,0.8140073,0.008453736,0.5807933,0.1755082,0.9495782,-0.2598041,-0.5537049,0.3134164,0.7714797,static,-41.37617,19.68274,-4.588686,0.01515657
05/15/2023 14:23:35.471693,3701,True,True,True,True,Eyes,1.227258,-0.29998,-3.346429,-0.6382673,0.2591704,0.7248762,0,0,0,0,0,0,0,0.9434415,-0.7997667,3.367222,1.234992,-0.3036619,-3.354172,-0.152416,-0.3014318,-0.04448142,0.9401754,341.735,324.367,0.497497,0.3431361,-0.08383369,-0.9355367,0,0,0,0.5373629,0.04936618,-2.53726,-0.09108165,0.0005593002,1.127105,0.8143206,0.008245392,0.5803569,0.1755267,0.9495816,-0.2597792,-0.5532382,0.3134117,0.7718165,static,-41.36453,19.67388,-4.620046,0.02843171
05/15/2023 14:23:35.497020,3702,True,True,True,True,Eyes,1.227269,-0.2999924,-3.34641,-0.6381494,0.2590829,0.7250113,0,0,0,0,0,0,0,0.942803,-0.7978308,3.367827,1.235025,-0.3036986,-3.354124,-0.1521527,-0.3013714,-0.04429958,0.940246,341.7705,324.3748,0.5069621,0.3431325,-0.08383674,-0.9355378,0,0,0,0.5373629,0.04936618,-2.53726,-0.09127605,0.001319617,1.127086,0.8144256,0.008403976,0.5802072,0.175014,0.9497742,-0.2594207,-0.5532459,0.3128232,0.7720496,static,-41.35398,19.66435,-4.629944,0.06708314
05/15/2023 14:23:35.511563,3703,True,True,True,True,Eyes,1.227278,-0.3000105,-3.346392,-0.6380188,0.2589859,0.7251609,0,0,0,0,0,0,0,0.9411865,-0.7957296,3.368763,1.235072,-0.3036332,-3.3541,-0.1518306,-0.3011511,-0.04444681,0.9403617,341.8008,324.4088,0.4738081,0.3431296,-0.08383986,-0.9355385,0,0,0,0.5373629,0.04936618,-2.53726,-0.0919576,0.001819819,1.127021,0.814665,0.007855749,0.5798787,0.1750401,0.9499439,-0.2587809,-0.5528852,0.3123218,0.7725109,static,-41.34231,19.65381,-4.664632,0.09251639
05/15/2023 14:23:35.521309,3704,True,True,True,True,Eyes,1.227286,-0.3000344,-3.346374,-0.6379237,0.2588818,0.7252817,0,0,0,0,0,0,0,0.9392298,-0.7940593,3.369716,1.235017,-0.3037874,-3.35412,-0.1515993,-0.30087,-0.04455398,0.9404838,341.8224,324.4485,0.4473951,0.3431274,-0.08384321,-0.935539,0,0,0,0.5373629,0.04936619,-2.53726,-0.0926393,0.002379596,1.126992,0.8149844,0.007418726,0.5794355,0.1750279,0.9500652,-0.2583434,-0.552418,0.3119632,0.7729899,moving,-41.33334,19.6435,-4.699176,0.1209774
05/15/2023 14:23:35.541434,3705,True,True,True,True,Eyes,1.227296,-0.3000551,-3.346361,-0.6378385,0.2587565,0.7254013,0,0,0,0,0,0,0,0.9382857,-0.7918416,3.370508,1.234917,-0.3039471,-3.354149,-0.1513091,-0.300744,-0.04440696,0.9405778,341.8596,324.4653,0.4506443,0.3431257,-0.08384691,-0.9355393,0,0,0,0.5419012,0.04937587,-2.537253,-0.08914578,0.004088879,1.124483,0.8151622,0.007474221,0.5791846,0.174547,0.9502671,-0.2579258,-0.5523078,0.3113463,0.7733172,moving,-41.32486,19.63173,-4.532763,0.2083396
05/15/2023 14:23:35.561452,3706,True,True,True,True,Eyes,1.227301,-0.3000734,-3.346355,-0.6377891,0.2586495,0.725483,0,0,0,0,0,0,0,0.9383512,-0.7901406,3.371038,1.235,-0.3038859,-3.354273,-0.1510657,-0.3007779,-0.04415147,0.9406182,341.8956,324.4599,0.4711002,0.3431246,-0.08385085,-0.9355394,0,0,0,0.5464745,0.04938561,-2.537246,-0.08530197,0.005521208,1.122094,0.8151666,0.007815089,0.5791739,0.1739338,0.9504596,-0.2576306,-0.5524948,0.3107498,0.7734236,moving,-41.31946,19.62219,-4.347284,0.2819188
05/15/2023 14:23:35.571951,3707,True,True,True,True,Eyes,1.227308,-0.3000888,-3.346353,-0.6377445,0.2585491,0.7255579,0,0,0,0,0,0,0,0.9387295,-0.7903866,3.370941,1.23501,-0.3038377,-3.35434,-0.1510977,-0.3008327,-0.04405621,0.9406,341.8954,324.4511,0.4841566,0.3431237,-0.0838549,-0.9355393,0,0,0,0.5510929,0.04939545,-2.53724,-0.08133912,0.006278247,1.119604,0.8151175,0.008031654,0.57924,0.1737888,0.9504571,-0.2577378,-0.5526128,0.310752,0.7733384,moving,-41.31454,19.61328,-4.155232,0.3212861
05/15/2023 14:23:35.596935,3708,True,True,True,True,Eyes,1.227292,-0.3001042,-3.346373,-0.6376397,0.2584357,0.7256905,0,0,0,0,0,0,0,0.9391121,-0.7906738,3.370866,1.235062,-0.3037875,-3.354426,-0.1511291,-0.3008834,-0.04405991,0.9405786,341.8919,324.4445,0.4859248,0.3431231,-0.08385897,-0.9355392,0,0,0,0.5555761,0.04940501,-2.537234,-0.07755044,0.006914884,1.117223,0.8150558,0.008060851,0.5793264,0.1738281,0.9504374,-0.2577837,-0.5526915,0.3108113,0.7732583,moving,-41.30468,19.60202,-3.970737,0.3546191
05/15/2023 14:23:35.611452,3709,True,True,True,True,Eyes,1.227277,-0.3001199,-3.346395,-0.6375446,0.2583458,0.725806,0,0,0,0,0,0,0,0.9402245,-0.7924639,3.370217,1.235069,-0.3037767,-3.354506,-0.1513912,-0.301038,-0.04390166,0.9404943,341.8686,324.4194,0.5167162,0.343122,-0.08386304,-0.9355392,0,0,0,0.5599697,0.04941437,-2.537227,-0.07346275,0.007226557,1.114898,0.8148976,0.008570477,0.5795416,0.1737275,0.9503067,-0.258333,-0.5529563,0.3111972,0.7729136,moving,-41.29592,19.59285,-3.769877,0.371375
05/15/2023 14:23:35.621758,3710,True,True,True,True,Eyes,1.227255,-0.3001281,-3.346425,-0.6375282,0.2582781,0.7258446,0,0,0,0,0,0,0,0.9409213,-0.7947323,3.36958,1.235098,-0.3038036,-3.354585,-0.1517231,-0.3011357,-0.04375004,0.9404167,341.8374,324.4007,0.5482548,0.3431204,-0.0838671,-0.9355395,0,0,0,0.564617,0.04942428,-2.537221,-0.06930575,0.007463351,1.112448,0.8148065,0.009091958,0.5796618,0.173665,0.9501321,-0.2590165,-0.5531103,0.3117152,0.7725947,moving,-41.29368,19.58714,-3.564934,0.3843886
05/15/2023 14:23:35.641411,3711,True,True,True,True,Eyes,1.227234,-0.3001378,-3.346456,-0.6375012,0.2582563,0.725876,0,0,0,0,0,0,0,0.9409645,-0.7973882,3.36899,1.235144,-0.3036285,-3.354634,-0.1520673,-0.3011261,-0.04387358,0.9403583,341.795,324.3997,0.5470098,0.3431182,-0.08387093,-0.93554,0,0,0,0.5693372,0.04943434,-2.537214,-0.06545603,0.00728035,1.10986,0.8147964,0.009069115,0.5796763,0.1740967,0.9499013,-0.2595726,-0.5529894,0.3124185,0.7723972,moving,-41.29125,19.58483,-3.375214,0.3758377
05/15/2023 14:23:35.661751,3712,True,True,True,True,Eyes,1.227215,-0.300152,-3.346486,-0.637463,0.2582842,0.7258996,0,0,0,0,0,0,0,0.9402446,-0.801546,3.368233,1.235134,-0.3036854,-3.354661,-0.152658,-0.3010091,-0.04389608,0.9402991,341.7289,324.4074,0.5642869,0.3431154,-0.0838746,-0.9355407,0,0,0,0.5737007,0.04944364,-2.537208,-0.06202477,0.006840616,1.107488,0.8149333,0.009351986,0.5794793,0.1744538,0.9495373,-0.260662,-0.552675,0.3135146,0.7721781,moving,-41.28862,19.5862,-3.205496,0.353894
05/15/2023 14:23:35.681416,3713,True,True,True,True,Eyes,1.227198,-0.3001633,-3.346518,-0.6374222,0.2583073,0.7259272,0,0,0,0,0,0,0,0.9396279,-0.8036665,3.367958,1.235134,-0.3038184,-3.354707,-0.1529658,-0.3009046,-0.04400914,0.9402772,341.6908,324.4185,0.56095,0.3431121,-0.08387824,-0.9355416,0,0,0,0.5785172,0.04945391,-2.537201,-0.0582779,0.007071063,1.104906,0.8150392,0.009294635,0.5793313,0.1748178,0.9493293,-0.2611754,-0.5524037,0.3141456,0.7721157,moving,-41.28572,19.58713,-3.01925,0.3666707
05/15/2023 14:23:35.697107,3714,True,True,True,True,Eyes,1.227185,-0.3001723,-3.346548,-0.6373868,0.258389,0.7259291,0,0,0,0,0,0,0,0.9386976,-0.8042791,3.368165,1.235173,-0.3037583,-3.354793,-0.1530499,-0.3007977,-0.04369012,0.9403125,341.6927,324.4256,0.5980473,0.3431084,-0.08388177,-0.9355426,0,0,0,0.5828856,0.04946322,-2.537194,-0.05482092,0.007831872,1.102563,0.8152239,0.0099094,0.5790612,0.1742389,0.9493338,-0.2615458,-0.552314,0.3141133,0.772193,moving,-41.28407,19.5928,-2.84648,0.4069842
05/15/2023 14:23:35.711533,3715,True,True,True,True,Eyes,1.227174,-0.3001806,-3.346575,-0.6373388,0.2584714,0.7259421,0,0,0,0,0,0,0,0.9392648,-0.8084673,3.367013,1.235234,-0.3037273,-3.354781,-0.1536368,-0.3008635,-0.04378971,0.9401912,341.6244,324.4117,0.6101557,0.3431045,-0.08388515,-0.9355437,0,0,0,0.5874298,0.0494729,-2.537188,-0.05092904,0.007286459,1.100097,0.8151273,0.01010604,0.5791939,0.1747888,0.9489564,-0.2625465,-0.552283,0.3152454,0.7717537,moving,-41.28143,19.59826,-2.650619,0.3794914
05/15/2023 14:23:35.721343,3716,True,True,True,True,Eyes,1.227178,-0.3001893,-3.346593,-0.6373223,0.25858,0.7259178,0,0,0,0,0,0,0,0.9380749,-0.8080138,3.367439,1.235268,-0.3037216,-3.354755,-0.153551,-0.3006816,-0.04410677,0.9402485,341.6225,324.4408,0.5673662,0.3431005,-0.08388837,-0.9355449,0,0,0,0.5919316,0.0494825,-2.537182,-0.04783154,0.008018032,1.097592,0.8152904,0.009397246,0.5789761,0.1752825,0.9489534,-0.2622279,-0.5518855,0.3152763,0.7720253,moving,-41.28164,19.60647,-2.495291,0.4185444
05/15/2023 14:23:35.741563,3717,True,True,True,True,Eyes,1.227184,-0.3001989,-3.346611,-0.6372981,0.2587042,0.7258947,0,0,0,0,0,0,0,0.9367959,-0.8104465,3.367251,1.235307,-0.3037612,-3.354779,-0.1538943,-0.300504,-0.04406236,0.9402514,341.586,324.458,0.5816817,0.3430968,-0.08389146,-0.935546,0,0,0,0.5963295,0.04949187,-2.537175,-0.04457647,0.00814195,1.095217,0.8155118,0.009632285,0.5786603,0.1753511,0.9487501,-0.2629168,-0.5515366,0.3158804,0.7720279,moving,-41.28146,19.61574,-2.33071,0.4259344
05/15/2023 14:23:35.761596,3718,True,True,True,True,Eyes,1.227201,-0.3002036,-3.346623,-0.6372402,0.2588327,0.7258997,0,0,0,0,0,0,0,0.9358971,-0.8126901,3.367011,1.235346,-0.3038007,-3.354811,-0.1542155,-0.3003838,-0.04395483,0.9402421,341.5543,324.4673,0.6034752,0.3430934,-0.08389447,-0.9355469,0,0,0,0.6009849,0.0495018,-2.537169,-0.04095918,0.008401513,1.092716,0.8156751,0.009991329,0.578424,0.1753041,0.9485711,-0.2635932,-0.5513099,0.3164065,0.7719743,moving,-41.27869,19.62462,-2.146661,0.4405188
05/15/2023 14:23:35.771606,3719,True,True,True,True,Eyes,1.227222,-0.3002096,-3.346632,-0.6371611,0.2589611,0.7259236,0,0,0,0,0,0,0,0.9343898,-0.8140655,3.367136,1.235464,-0.3036978,-3.354815,-0.1543821,-0.3001791,-0.04403492,0.9402764,341.5329,324.4921,0.5964962,0.3430907,-0.08389726,-0.9355476,0,0,0,0.6056204,0.04951167,-2.537162,-0.03772223,0.008701012,1.090192,0.8159069,0.009874552,0.578099,0.1754945,0.9484541,-0.2638869,-0.5509061,0.3167604,0.7721174,moving,-41.27423,19.63301,-1.981728,0.457278
05/15/2023 14:23:35.796982,3720,True,True,True,True,Eyes,1.227255,-0.3002146,-3.346632,-0.6370162,0.2590618,0.7260147,0,0,0,0,0,0,0,0.9316764,-0.8144558,3.367778,1.235548,-0.3037366,-3.354766,-0.1544264,-0.2998143,-0.04407047,0.9403839,341.5265,324.5378,0.586707,0.3430887,-0.08389992,-0.9355481,0,0,0,0.6101961,0.04952143,-2.537156,-0.03490385,0.009436667,1.087674,0.8163385,0.009712139,0.5774922,0.1754848,0.9484205,-0.2640142,-0.5502697,0.316866,0.7725278,moving,-41.2642,19.63778,-1.838011,0.4970859
05/15/2023 14:23:35.811589,3721,True,True,True,True,Eyes,1.227292,-0.3002174,-3.346634,-0.6368561,0.2591649,0.7261183,0,0,0,0,0,0,0,0.9295248,-0.8151346,3.368221,1.23564,-0.3037345,-3.354744,-0.1545032,-0.2995172,-0.04420383,0.9404597,341.5131,324.5763,0.5684341,0.3430876,-0.08390241,-0.9355482,0,0,0,0.6147109,0.04953105,-2.537149,-0.03199664,0.009974122,1.085213,0.8166709,0.009408941,0.5770271,0.1756966,0.9483496,-0.2641285,-0.5497085,0.3170877,0.7728363,moving,-41.25301,19.64242,-1.688831,0.526587
05/15/2023 14:23:35.827346,3722,True,True,True,True,Eyes,1.227322,-0.3002177,-3.346643,-0.6364881,0.2592429,0.7264131,0,0,0,0,0,0,0,0.9273627,-0.8153474,3.368843,1.235777,-0.3036821,-3.354777,-0.1545008,-0.2992159,-0.04440262,0.9405465,341.5062,324.6173,0.5396869,0.3430876,-0.08390471,-0.9355481,0,0,0,0.6193881,0.04954102,-2.537143,-0.02900589,0.01058939,1.082716,0.8169965,0.008932732,0.5765735,0.1759837,0.9483158,-0.2640585,-0.5491325,0.3172024,0.7731987,moving,-41.22507,19.64051,-1.534583,0.5603575
05/15/2023 14:23:35.843094,3723,True,True,True,True,Eyes,1.227355,-0.3002147,-3.346651,-0.6360965,0.2593543,0.7267163,0,0,0,0,0,0,0,0.9246441,-0.8168762,3.369241,1.235925,-0.3036167,-3.35475,-0.1546829,-0.298841,-0.04458819,0.940627,341.4793,324.665,0.5178187,0.3430883,-0.08390673,-0.9355476,0,0,0,0.6234526,0.04954968,-2.537137,-0.02667889,0.01072806,1.080516,0.817412,0.008569453,0.57599,0.1763329,0.9481702,-0.2643483,-0.5484018,0.3176474,0.7735345,moving,-41.19574,19.64073,-1.414396,0.5688511
05/15/2023 14:23:35.861586,3724,True,True,True,True,Eyes,1.227386,-0.3002136,-3.346661,-0.6355979,0.2595066,0.727098,0,0,0,0,0,0,0,0.9210757,-0.8196404,3.369552,1.236017,-0.3035429,-3.354728,-0.1550265,-0.2983244,-0.04494872,0.9407173,341.4283,324.7315,0.4792185,0.3430896,-0.08390843,-0.935547,0,0,0,0.6284381,0.04956031,-2.537129,-0.02388439,0.01057944,1.077784,0.8179644,0.007928299,0.5752143,0.1770645,0.9478928,-0.2648537,-0.5473414,0.3184909,0.7739387,moving,-41.15856,19.64185,-1.269503,0.5623924
05/15/2023 14:23:35.871730,3725,True,True,True,True,Eyes,1.227422,-0.3002134,-3.346673,-0.635076,0.2596864,0.7274899,0,0,0,0,0,0,0,0.9172798,-0.8229785,3.369776,1.236114,-0.3035943,-3.354689,-0.1554747,-0.2977878,-0.04516257,0.9408031,341.3709,324.7967,0.4606619,0.3430915,-0.08390988,-0.9355462,0,0,0,0.6325123,0.04956899,-2.537124,-0.02181849,0.01028284,1.075588,0.8185656,0.007618737,0.5743625,0.1775751,0.947576,-0.2656443,-0.546276,0.3194398,0.7743002,moving,-41.11995,19.64464,-1.162095,0.5477427
05/15/2023 14:23:35.891423,3726,True,True,True,True,Eyes,1.227464,-0.3002086,-3.34668,-0.6345189,0.2598925,0.7279023,0,0,0,0,0,0,0,0.9127527,-0.8261247,3.37037,1.236273,-0.3036234,-3.354763,-0.1558888,-0.2971593,-0.045252,0.940929,341.3217,324.8717,0.4529948,0.343094,-0.08391112,-0.9355451,0,0,0,0.6371207,0.04957882,-2.537117,-0.01946512,0.01018134,1.073219,0.8192972,0.007489771,0.5733203,0.1778055,0.9473019,-0.2664664,-0.5451031,0.3202546,0.77479,moving,-41.07895,19.64876,-1.039068,0.5435333
05/15/2023 14:23:35.911536,3727,True,True,True,True,Eyes,1.227178,-0.3002221,-3.346939,-0.6317762,0.2600324,0.7302342,0,0,0,0,0,0,0,0.906499,-0.8296906,3.37114,1.236434,-0.3035202,-3.354671,-0.1563483,-0.2963161,-0.04521704,0.9411204,341.2716,324.971,0.4566312,0.3430972,-0.08391206,-0.9355439,0,0,0,0.6416609,0.04958849,-2.537111,-0.01768571,0.009983137,1.070717,0.8203045,0.007547676,0.5718774,0.1777664,0.9470212,-0.267488,-0.5435989,0.3210821,0.7755039,moving,-40.86535,19.60054,-0.946305,0.5341984
05/15/2023 14:23:35.921878,3728,True,True,True,True,Eyes,1.226908,-0.300229,-3.347182,-0.6289673,0.2602075,0.7325928,0,0,0,0,0,0,0,0.8979311,-0.8336645,3.372468,1.236664,-0.3035563,-3.354599,-0.1568755,-0.2951679,-0.0450725,0.9414003,341.2177,325.1057,0.4688242,0.3430907,-0.08391294,-0.9355462,0,0,0,0.6463084,0.0495984,-2.537104,-0.01647475,0.009858221,1.068255,0.8216887,0.007746719,0.5698839,0.1774718,0.9467171,-0.2687574,-0.5416008,0.3219732,0.7765319,moving,-40.64773,19.55438,-0.8835524,0.5287302
05/15/2023 14:23:35.941866,3729,True,True,True,True,Eyes,1.226652,-0.3002385,-3.347414,-0.6261562,0.2604082,0.7349259,0,0,0,0,0,0,0,0.8862681,-0.8382571,3.374404,1.236773,-0.3034161,-3.354561,-0.1574568,-0.2935841,-0.04484077,0.9418094,341.1605,325.2928,0.4837574,0.343076,-0.0839136,-0.9355516,0,0,0,0.6508478,0.04960807,-2.537097,-0.01614285,0.00951232,1.065753,0.8235953,0.007990743,0.5671216,0.1769166,0.9463933,-0.2702596,-0.5388797,0.3229178,0.7780315,moving,-40.43097,19.51089,-0.8677862,0.5113766
05/15/2023 14:23:35.961675,3730,True,True,True,True,Eyes,1.226443,-0.3002479,-3.34762,-0.6233242,0.2606529,0.7372429,0,0,0,0,0,0,0,0.8735836,-0.8429492,3.376587,1.236851,-0.3034816,-3.354571,-0.1580983,-0.2918876,-0.04418688,0.9422601,341.1111,325.4859,0.5464002,0.3430544,-0.08391416,-0.9355595,0,0,0,0.6555028,0.04961799,-2.537091,-0.0157409,0.009532303,1.063288,0.8256983,0.009022782,0.5640396,0.1755649,0.9461049,-0.2721442,-0.5360962,0.3237346,0.7796132,moving,-40.21386,19.4711,-0.8481441,0.5136389
05/15/2023 14:23:35.971951,3731,True,True,True,True,Eyes,1.226256,-0.3002532,-3.347816,-0.6204774,0.2609062,0.7395511,0,0,0,0,0,0,0,0.8607318,-0.8472481,3.379041,1.237164,-0.3035176,-3.354684,-0.1586808,-0.2902007,-0.04339851,0.9427198,341.0725,325.676,0.6222745,0.3430278,-0.08391465,-0.9355692,0,0,0,0.6598952,0.04962736,-2.537085,-0.01562077,0.009612009,1.061171,0.8278003,0.01027327,0.5609288,0.1739238,0.9458739,-0.2739945,-0.5333827,0.3243716,0.7812079,moving,-39.99638,19.43233,-0.843351,0.5189669
05/15/2023 14:23:35.997958,3732,True,True,True,True,Eyes,1.226083,-0.300253,-3.348003,-0.6175009,0.2611744,0.7419437,0,0,0,0,0,0,0,0.8461076,-0.8507137,3.381968,1.237528,-0.3034176,-3.354665,-0.1591179,-0.2882783,-0.04274986,0.9432653,341.0448,325.8997,0.6719513,0.3429976,-0.08391494,-0.9355802,0,0,0,0.6645082,0.04963719,-2.537078,-0.01600444,0.009831712,1.058818,0.8301362,0.01109154,0.5574503,0.1723894,0.9457079,-0.2755331,-0.5302413,0.3248285,0.7831542,moving,-39.76975,19.39277,-0.8659817,0.5320076
05/15/2023 14:23:36.013433,3733,True,True,True,True,Eyes,1.22593,-0.3002521,-3.348183,-0.61449,0.2614832,0.7443309,0,0,0,0,0,0,0,0.8298255,-0.8565595,3.384586,1.237861,-0.3032839,-3.354616,-0.1598697,-0.2860992,-0.04236773,0.9438187,340.9727,326.156,0.69714,0.3429645,-0.08391493,-0.9355924,0,0,0,0.6692454,0.04964729,-2.537071,-0.01683769,0.00923726,1.056359,0.8327044,0.01150231,0.5535982,0.1714521,0.9452932,-0.2775334,-0.5265049,0.3260189,0.7851778,moving,-39.54173,19.35636,-0.9131807,0.5010063
05/15/2023 14:23:36.021954,3734,True,True,True,True,Eyes,1.225817,-0.3002419,-3.348337,-0.6114987,0.2618531,0.7466608,0,0,0,0,0,0,0,0.8134948,-0.8621889,3.387285,1.238164,-0.3032816,-3.35467,-0.1605965,-0.283889,-0.04215777,0.9443721,340.8973,326.4193,0.7008297,0.3429293,-0.08391463,-0.9356053,0,0,0,0.673933,0.04965728,-2.537065,-0.01773408,0.008673057,1.054045,0.8352595,0.01155793,0.5497345,0.1708084,0.944863,-0.2793895,-0.5226529,0.327262,0.7872316,moving,-39.31672,19.32571,-0.9638979,0.4714392
05/15/2023 14:23:36.041340,3735,True,True,True,True,Eyes,1.225724,-0.3002313,-3.348482,-0.6084653,0.2622754,0.748987,0,0,0,0,0,0,0,0.7965351,-0.867129,3.390175,1.238397,-0.3031056,-3.354724,-0.1611868,-0.2815673,-0.04218963,0.9449649,340.8289,326.7024,0.6693619,0.3428935,-0.08391383,-0.9356185,0,0,0,0.6783203,0.04966663,-2.537058,-0.01914877,0.008029222,1.051798,0.8378797,0.01103443,0.5457433,0.1705053,0.9444777,-0.2808733,-0.5185417,0.3283902,0.7894773,moving,-39.08987,19.2989,-1.042997,0.4373765
05/15/2023 14:23:36.061476,3736,True,True,True,True,Eyes,1.225628,-0.3002224,-3.348631,-0.6052464,0.2626989,0.7514426,0,0,0,0,0,0,0,0.7795403,-0.8740715,3.392477,1.238731,-0.3031035,-3.354736,-0.1620975,-0.2792651,-0.04205319,0.9454983,340.7304,326.9761,0.6685192,0.3428576,-0.08391257,-0.9356317,0,0,0,0.6827471,0.04967606,-2.537052,-0.02045304,0.007007331,1.049624,0.840485,0.01101395,0.5417228,0.1700588,0.9439119,-0.2830379,-0.514456,0.3300139,0.7914708,moving,-38.84957,19.26925,-1.116327,0.3825031
05/15/2023 14:23:36.081544,3737,True,True,True,True,Eyes,1.225551,-0.3002105,-3.348767,-0.6019646,0.263151,0.7539166,0,0,0,0,0,0,0,0.760609,-0.8786383,3.395681,1.239071,-0.3031189,-3.354699,-0.1626751,-0.2767169,-0.04182236,0.9461583,340.6718,327.2828,0.661158,0.3428217,-0.08391094,-0.935645,0,0,0,0.6873998,0.04968598,-2.537045,-0.02213594,0.006796002,1.047298,0.8433573,0.01088876,0.5372429,0.1691711,0.9435754,-0.284687,-0.5100291,0.3309787,0.7939292,moving,-38.60561,19.2413,-1.210837,0.3717917
05/15/2023 14:23:36.097532,3738,True,True,True,True,Eyes,1.225492,-0.3001967,-3.348894,-0.5986215,0.2636135,0.7564127,0,0,0,0,0,0,0,0.7404437,-0.8831444,3.398992,1.239437,-0.3030588,-3.354593,-0.1632082,-0.2739788,-0.04193613,0.9468581,340.6068,327.6198,0.6084055,0.3427862,-0.08390891,-0.9356582,0,0,0,0.691787,0.04969533,-2.537039,-0.02460274,0.00635758,1.045038,0.8463539,0.01001603,0.5325267,0.1688463,0.9432089,-0.2860907,-0.5051494,0.3320492,0.7965975,moving,-38.35793,19.21369,-1.348633,0.3485595
05/15/2023 14:23:36.111592,3739,True,True,True,True,Eyes,1.225492,-0.3001967,-3.348894,-0.5986215,0.2636135,0.7564127,0,0,0,0,0,0,0,0.7202133,-0.8859742,3.402733,1.239804,-0.3030198,-3.354596,-0.1634977,-0.271225,-0.04210059,0.9475933,340.5675,327.9625,0.5407951,0.3427517,-0.08390646,-0.935671,0,0,0,0.6965412,0.04970546,-2.537032,-0.02676848,0.006431133,1.04269,0.8493291,0.008900835,0.5277887,0.1684778,0.9429922,-0.2870211,-0.5002553,0.3326961,0.7994111,moving,-38.35793,19.21369,-1.470603,0.3533859
05/15/2023 14:23:36.121467,3740,True,True,True,True,Eyes,1.225492,-0.3001967,-3.348894,-0.5986215,0.2636135,0.7564127,0,0,0,0,0,0,0,0.6992743,-0.889719,3.406237,1.240102,-0.3028439,-3.354619,-0.1638927,-0.2683583,-0.042323,0.9483311,340.5147,328.3189,0.467471,0.3427207,-0.08390425,-0.9356826,0,0,0,0.701204,0.0497154,-2.537025,-0.02915141,0.00611788,1.040327,0.8523851,0.007691529,0.522858,0.1682364,0.9426959,-0.2881337,-0.4951122,0.3335645,0.802246,moving,-38.35793,19.21369,-1.605087,0.336937
05/15/2023 14:23:36.141742,3741,True,True,True,True,Eyes,1.225387,-0.3001757,-3.349062,-0.594773,0.2639829,0.7593142,0,0,0,0,0,0,0,0.6792092,-0.8944597,3.409187,1.240392,-0.3028222,-3.354649,-0.1644766,-0.2656311,-0.04228047,0.9489995,340.4495,328.6507,0.4336331,0.3426928,-0.08390227,-0.935693,0,0,0,0.7053603,0.04972426,-2.53702,-0.03150663,0.00564602,1.038287,0.8553049,0.007131913,0.5180758,0.1676285,0.9423196,-0.2897144,-0.4902593,0.3346384,0.8047751,moving,-38.0717,19.1705,-1.738096,0.3115611
05/15/2023 14:23:36.161544,3742,True,True,True,True,Eyes,1.225298,-0.3001518,-3.349222,-0.5908868,0.2643817,0.7622041,0,0,0,0,0,0,0,0.6586483,-0.8998309,3.411772,1.24067,-0.3028294,-3.354509,-0.1651794,-0.2628635,-0.04203724,0.9496587,340.3771,328.9825,0.425633,0.3426635,-0.08389962,-0.935704,0,0,0,0.7099094,0.04973396,-2.537013,-0.03357327,0.00520587,1.035931,0.8582712,0.00699721,0.5131485,0.1666813,0.9418973,-0.291628,-0.4853738,0.3358281,0.8072371,moving,-37.78407,19.12986,-1.856237,0.2879263
05/15/2023 14:23:36.172141,3743,True,True,True,True,Eyes,1.225298,-0.3001518,-3.349222,-0.5908868,0.2643817,0.7622041,0,0,0,0,0,0,0,0.6387724,-0.9046767,3.41443,1.241002,-0.3027509,-3.354558,-0.1657839,-0.2601766,-0.04189166,0.9502994,340.3127,329.3069,0.4044895,0.3426336,-0.08389629,-0.9357153,0,0,0,0.7145259,0.0497438,-2.537007,-0.03538072,0.004766852,1.033705,0.8611065,0.006646943,0.5083812,0.1658854,0.9415216,-0.2932902,-0.4806014,0.3368871,0.8096477,moving,-37.78407,19.12986,-1.960304,0.2642134
05/15/2023 14:23:36.191474,3744,True,True,True,True,Eyes,1.225271,-0.3001227,-3.349349,-0.5869831,0.2651403,0.7649519,0,0,0,0,0,0,0,0.6196268,-0.9098657,3.416635,1.24129,-0.302728,-3.354511,-0.1664468,-0.2575826,-0.04183999,0.9508922,340.2388,329.6208,0.3760633,0.3426067,-0.0838933,-0.9357254,0,0,0,0.7191392,0.04975363,-2.537,-0.03699991,0.004237086,1.031417,0.8638012,0.006176964,0.5037948,0.1653183,0.9410897,-0.2949915,-0.4759383,0.3381005,0.8118933,moving,-37.5007,19.11685,-2.054484,0.235371
05/15/2023 14:23:36.211709,3745,True,True,True,True,Eyes,1.225259,-0.3000881,-3.349466,-0.5830498,0.2659317,0.7676804,0,0,0,0,0,0,0,0.6005158,-0.913247,3.419306,1.241656,-0.3026952,-3.354543,-0.1668668,-0.2550208,-0.04158664,0.95152,340.1983,329.9296,0.3634314,0.3425806,-0.08388954,-0.9357352,0,0,0,0.7238871,0.04976375,-2.536993,-0.03841168,0.004292816,1.029177,0.8664699,0.005967979,0.4991937,0.1642501,0.940852,-0.2963433,-0.471436,0.3387651,0.8142397,moving,-37.21651,19.10657,-2.137442,0.2389859
05/15/2023 14:23:36.221506,3746,True,True,True,True,Eyes,1.225285,-0.3000511,-3.349555,-0.5792391,0.2669306,0.7702144,0,0,0,0,0,0,0,0.5812656,-0.9199855,3.420875,1.241991,-0.3025426,-3.354483,-0.1677581,-0.2524355,-0.04132438,0.9520641,340.1051,330.2357,0.3661615,0.3425559,-0.08388495,-0.9357446,0,0,0,0.7281882,0.04977291,-2.536987,-0.04016781,0.003256112,1.027032,0.8691372,0.006009283,0.4945346,0.1633831,0.9402991,-0.2985693,-0.4668046,0.3402963,0.8162671,moving,-36.94497,19.11461,-2.239729,0.1816505
05/15/2023 14:23:36.241666,3747,True,True,True,True,Eyes,1.225318,-0.3000163,-3.349636,-0.5754126,0.2679284,0.772732,0,0,0,0,0,0,0,0.5621616,-0.9262006,3.422423,1.242197,-0.302522,-3.354441,-0.16857,-0.2498295,-0.0413419,0.9526072,340.0123,330.5506,0.3330316,0.3425335,-0.08387958,-0.9357533,0,0,0,0.7326545,0.04978244,-2.536981,-0.04178286,0.002375335,1.024813,0.8717521,0.005462364,0.4899168,0.1629927,0.93975,-0.3005051,-0.4620408,0.3418188,0.8183388,moving,-36.67311,19.1229,-2.334724,0.1328011
05/15/2023 14:23:36.261737,3748,True,True,True,True,Eyes,1.22537,-0.299978,-3.349703,-0.5716091,0.2690135,0.775174,0,0,0,0,0,0,0,0.5450077,-0.9302198,3.42416,1.242385,-0.3025568,-3.354422,-0.1690947,-0.2475027,-0.04125167,0.9531253,339.9551,330.8318,0.3090252,0.3425135,-0.08387357,-0.9357612,0,0,0,0.7372102,0.04979214,-2.536974,-0.04270074,0.002189189,1.022617,0.8740815,0.005066755,0.485753,0.1623388,0.9394106,-0.3019171,-0.4578512,0.3427567,0.8202989,moving,-36.40487,19.13863,-2.391074,0.122657
05/15/2023 14:23:36.272037,3749,True,True,True,True,Eyes,1.225429,-0.2999418,-3.349766,-0.5678138,0.2700903,0.7775852,0,0,0,0,0,0,0,0.5288247,-0.9339316,3.425716,1.242596,-0.3024667,-3.354383,-0.1695653,-0.245315,-0.04115342,0.9536114,339.9043,331.0963,0.2870589,0.3424962,-0.08386692,-0.9357682,0,0,0,0.7418375,0.04980201,-2.536968,-0.04328206,0.002007872,1.020364,0.8762538,0.004705079,0.4818268,0.1616826,0.9391081,-0.3032076,-0.453914,0.3435898,0.8221363,moving,-36.13793,19.15441,-2.428931,0.1127465
05/15/2023 14:23:36.297914,3750,True,True,True,True,Eyes,1.225493,-0.2999048,-3.349822,-0.5639939,0.2711475,0.7799935,0,0,0,0,0,0,0,0.5139827,-0.9379089,3.427012,1.242823,-0.3024878,-3.354423,-0.1701139,-0.2433268,-0.04084153,0.9540364,339.8508,331.3309,0.2964866,0.3424816,-0.08385973,-0.9357742,0,0,0,0.7464561,0.04981185,-2.536961,-0.04332748,0.001868278,1.018263,0.878248,0.004857958,0.4781807,0.1607152,0.9387864,-0.3047141,-0.4503898,0.3444654,0.8237066,moving,-35.86975,19.16888,-2.436489,0.1051245
05/15/2023 14:23:36.311696,3751,True,True,True,True,Eyes,1.22718,-0.2989716,-3.35112,-0.465334,0.2952333,0.8344469,0,0,0,0,0,0,0,0.4988847,-0.9412485,3.428304,1.242994,-0.3024554,-3.354339,-0.170568,-0.2413031,-0.04057155,0.9544807,339.8067,331.5717,0.2971621,0.3424695,-0.08385207,-0.9357793,0,0,0,0.7508614,0.04982124,-2.536955,-0.04365525,0.001850337,1.016121,0.8802536,0.004867654,0.4744787,0.1597667,0.938521,-0.3060276,-0.4467979,0.3451878,0.8253587,moving,-29.14647,19.48414,-2.460065,0.1043344
05/15/2023 14:23:36.321872,3752,True,True,True,True,Eyes,1.227181,-0.2989705,-3.351123,-0.4651908,0.2952534,0.8345196,0,0,0,0,0,0,0,0.4847419,-0.943701,3.429746,1.24314,-0.3024138,-3.354378,-0.1709046,-0.2394106,-0.04020682,0.9549124,339.7785,331.7955,0.3080311,0.3424893,-0.0838151,-0.9357753,0,0,0,0.7558529,0.04983188,-2.536947,-0.04308456,0.002165645,1.013833,0.8821319,0.005044763,0.4709754,0.1586207,0.9383501,-0.3071459,-0.4434893,0.3456497,0.8269483,moving,-29.13685,19.4838,-2.433418,0.1223891
05/15/2023 14:23:36.341734,3753,True,True,True,True,Eyes,1.227188,-0.2989735,-3.35112,-0.4649393,0.2952967,0.8346444,0,0,0,0,0,0,0,0.4722345,-0.9470357,3.430675,1.243301,-0.3023959,-3.354426,-0.1713756,-0.23774,-0.03985506,0.95526,339.7347,331.9906,0.3262608,0.3425072,-0.08378179,-0.9357718,0,0,0,0.7602069,0.04984116,-2.536941,-0.04259405,0.002111584,1.011886,0.8837826,0.005341793,0.4678675,0.1576296,0.9380839,-0.3084663,-0.4405467,0.3463669,0.8282201,moving,-29.12002,19.48375,-2.41037,0.1195636
05/15/2023 14:23:36.361803,3754,True,True,True,True,Eyes,1.227193,-0.2989811,-3.35111,-0.4646453,0.2953328,0.8347954,0,0,0,0,0,0,0,0.4598494,-0.9498471,3.431535,1.243441,-0.3024993,-3.354318,-0.1718149,-0.2361085,-0.03935708,0.9556063,339.6985,332.1783,0.3613023,0.3425234,-0.08375191,-0.9357685,0,0,0,0.764501,0.04985031,-2.536935,-0.04207179,0.002354354,1.009887,0.8854076,0.005914156,0.4647778,0.1563536,0.9378613,-0.3097897,-0.4377293,0.3469598,0.8294649,moving,-29.10022,19.48269,-2.385556,0.1335736
05/15/2023 14:23:36.371842,3755,True,True,True,True,Eyes,1.227206,-0.2989794,-3.3511,-0.4642541,0.2953522,0.8350061,0,0,0,0,0,0,0,0.4472623,-0.9487939,3.433388,1.24352,-0.3026149,-3.354175,-0.1717091,-0.2344553,-0.03884083,0.9560534,339.7242,332.374,0.3816589,0.3425383,-0.08372524,-0.9357654,0,0,0,0.7692028,0.04986034,-2.536928,-0.04126257,0.003771186,1.007666,0.8870442,0.006248401,0.4616423,0.1547841,0.9380147,-0.3101133,-0.434965,0.346539,0.8310934,moving,-29.07357,19.47933,-2.344874,0.2144282
05/15/2023 14:23:36.391765,3756,True,True,True,True,Eyes,1.227225,-0.2989735,-3.351087,-0.4637879,0.2953917,0.8352512,0,0,0,0,0,0,0,0.4351681,-0.9481918,3.435158,1.243682,-0.3023838,-3.354186,-0.1716073,-0.2328627,-0.03840036,0.9564787,339.7473,332.5636,0.3947483,0.342552,-0.0837012,-0.9357626,0,0,0,0.7737475,0.04987002,-2.536922,-0.04048061,0.004715621,1.005575,0.8886007,0.006463668,0.458636,0.1533802,0.9381527,-0.3103935,-0.4322768,0.3461616,0.8326518,moving,-29.04199,19.47645,-2.305265,0.2686853
05/15/2023 14:23:36.412559,3757,True,True,True,True,Eyes,1.227247,-0.2989613,-3.351069,-0.4632391,0.2954471,0.8355361,0,0,0,0,0,0,0,0.4250218,-0.9512403,3.435614,1.243882,-0.3022898,-3.35415,-0.1720389,-0.2315221,-0.03809833,0.9567385,339.7062,332.719,0.4130374,0.342565,-0.08367941,-0.9357598,0,0,0,0.7781501,0.04987941,-2.536916,-0.03931212,0.004636973,1.003611,0.889892,0.006761312,0.4561211,0.1525619,0.9379023,-0.3115512,-0.4299035,0.3468337,0.8336003,moving,-29.00492,19.47369,-2.243168,0.2647212
05/15/2023 14:23:36.421816,3758,True,True,True,True,Eyes,1.227256,-0.298948,-3.351053,-0.4626922,0.2955662,0.835797,0,0,0,0,0,0,0,0.4152391,-0.952754,3.436324,1.243972,-0.3021455,-3.354061,-0.1721758,-0.2301666,-0.03841365,0.9570284,339.6816,332.8914,0.3502322,0.3425774,-0.08365948,-0.935757,0,0,0,0.7828449,0.04988941,-2.536909,-0.03808346,0.004825205,1.001414,0.8910954,0.005732323,0.4537798,0.1527841,0.9377598,-0.3118711,-0.4273242,0.3472372,0.8347577,moving,-28.96865,19.47532,-2.177891,0.2760713
05/15/2023 14:23:36.441968,3759,True,True,True,True,Eyes,1.227265,-0.2989403,-3.351034,-0.4620706,0.2957073,0.8360909,0,0,0,0,0,0,0,0.4048572,-0.955295,3.436768,1.24389,-0.3021329,-3.354001,-0.1724605,-0.2286897,-0.03886898,0.9573128,339.6365,333.0802,0.2725946,0.342589,-0.08364121,-0.9357544,0,0,0,0.7873082,0.04989893,-2.536903,-0.03714907,0.004756212,0.9993206,0.8923805,0.00446032,0.4512618,0.1532994,0.9374931,-0.3124193,-0.4244484,0.347975,0.8359168,moving,-28.9275,19.47759,-2.128952,0.2726941
05/15/2023 14:23:36.461806,3760,True,True,True,True,Eyes,1.227291,-0.2989394,-3.350999,-0.4614052,0.295815,0.8364202,0,0,0,0,0,0,0,0.3949034,-0.9579321,3.437164,1.243882,-0.3022635,-3.353964,-0.1728586,-0.2273415,-0.03865947,0.9575706,339.5967,333.2386,0.2786065,0.3425997,-0.08362458,-0.935752,0,0,0,0.7917982,0.0499085,-2.536896,-0.0357323,0.004943132,0.9973481,0.8936426,0.00455752,0.4487562,0.1526342,0.9372507,-0.3134708,-0.4220257,0.3486264,0.8368716,moving,-28.88301,19.47705,-2.051876,0.2839714
05/15/2023 14:23:36.471659,3761,True,True,True,True,Eyes,1.22732,-0.2989355,-3.350962,-0.460672,0.2958879,0.8367985,0,0,0,0,0,0,0,0.3842506,-0.9571431,3.438488,1.244003,-0.3024412,-3.353798,-0.1728315,-0.2259725,-0.03799647,0.9579259,339.6171,333.395,0.3248526,0.3426104,-0.08360965,-0.9357494,0,0,0,0.796468,0.04991845,-2.53689,-0.03427154,0.006289959,0.9952741,0.8949853,0.005314726,0.4460638,0.1509059,0.9373711,-0.3139471,-0.4197959,0.3482918,0.8381314,moving,-28.83354,19.47335,-1.972159,0.3620945
05/15/2023 14:23:36.491593,3762,True,True,True,True,Eyes,1.227437,-0.2989271,-3.350872,-0.4600188,0.2959527,0.8371348,0,0,0,0,0,0,0,0.3737696,-0.9547144,3.440283,1.244098,-0.3023581,-3.353733,-0.1724856,-0.2245869,-0.03770405,0.9583255,339.6637,333.564,0.3183864,0.342621,-0.08359616,-0.9357467,0,0,0,0.800876,0.04992784,-2.536883,-0.03317258,0.007741272,0.993295,0.8962783,0.005210495,0.4434615,0.1497415,0.9376543,-0.313659,-0.4174479,0.3475303,0.8396189,moving,-28.78949,19.47006,-1.912768,0.4465272
05/15/2023 14:23:36.521770,3763,True,True,True,True,Eyes,1.227549,-0.2989213,-3.350779,-0.4592833,0.2959807,0.8375287,0,0,0,0,0,0,0,0.3628393,-0.9526019,3.442011,1.244173,-0.3023125,-3.353682,-0.172163,-0.2231157,-0.03762221,0.9587304,339.7019,333.7474,0.2862295,0.3426343,-0.08358388,-0.935743,0,0,0,0.8055182,0.04993774,-2.536876,-0.03206608,0.009100258,0.9912411,0.8976079,0.004685398,0.4407699,0.1489636,0.937889,-0.3133275,-0.4148613,0.3469039,0.8411586,moving,-28.73944,19.46329,-1.852839,0.5259989
05/15/2023 14:23:36.531762,3764,True,True,True,True,Eyes,1.227657,-0.2989176,-3.350689,-0.4584753,0.2960047,0.8379628,0,0,0,0,0,0,0,0.3511095,-0.9495718,3.443965,1.244169,-0.3023648,-3.353577,-0.1717406,-0.2215417,-0.037419,0.9591789,339.7547,333.9419,0.2633511,0.3426498,-0.08357279,-0.9357383,0,0,0,0.8099647,0.04994721,-2.53687,-0.03125226,0.01080185,0.9892288,0.8990381,0.004312376,0.4378491,0.1478784,0.93821,-0.3128802,-0.4121436,0.3460396,0.8428489,moving,-28.68443,19.45543,-1.809518,0.6256145
05/15/2023 14:23:36.541833,3765,True,True,True,True,Eyes,1.227765,-0.2989134,-3.350595,-0.4575791,0.2960069,0.8384517,0,0,0,0,0,0,0,0.3397313,-0.9477966,3.445614,1.244297,-0.3023854,-3.353547,-0.1714958,-0.2200289,-0.03717028,0.9595805,339.7886,334.126,0.2523006,0.3426673,-0.08356282,-0.9357327,0,0,0,0.8147637,0.04995744,-2.536863,-0.03002635,0.01215184,0.9872017,0.9004112,0.004132326,0.4350201,0.1468038,0.9384151,-0.3127709,-0.4095219,0.3454851,0.8443528,moving,-28.6232,19.44507,-1.742149,0.7052397
05/15/2023 14:23:36.561479,3766,True,True,True,True,Eyes,1.227853,-0.2989119,-3.350513,-0.4564498,0.2960053,0.8390676,0,0,0,0,0,0,0,0.3265593,-0.9462197,3.447256,1.244397,-0.3023636,-3.353446,-0.1712913,-0.218282,-0.03680045,0.9600302,339.8209,334.3361,0.2515283,0.3426865,-0.08355385,-0.9357265,0,0,0,0.8193925,0.04996731,-2.536857,-0.02936146,0.01344079,0.9851601,0.9019973,0.004120533,0.4317219,0.1454387,0.93861,-0.3128238,-0.4065075,0.3449554,0.8460245,moving,-28.54604,19.43176,-1.707123,0.7816523
05/15/2023 14:23:36.571514,3767,True,True,True,True,Eyes,1.227944,-0.2989054,-3.350431,-0.4552307,0.2960079,0.8397287,0,0,0,0,0,0,0,0.3125329,-0.9460043,3.448651,1.244562,-0.3023934,-3.353419,-0.1712846,-0.216418,-0.03643156,0.9604674,339.8307,334.5586,0.2536472,0.3427068,-0.08354584,-0.9357198,0,0,0,0.8236996,0.04997649,-2.536851,-0.02919787,0.01430723,0.9833698,0.903672,0.004155498,0.4282053,0.1441208,0.9386687,-0.3132577,-0.4032446,0.3447954,0.8476497,moving,-28.46284,19.41777,-1.700707,0.8335482
05/15/2023 14:23:36.598012,3768,True,True,True,True,Eyes,1.228047,-0.2989005,-3.35034,-0.4539979,0.2960977,0.8403642,0,0,0,0,0,0,0,0.2985297,-0.946637,3.449728,1.244689,-0.3022702,-3.353393,-0.1713498,-0.2145289,-0.0362964,0.9608845,339.8263,334.788,0.2298593,0.3427279,-0.08353855,-0.9357128,0,0,0,0.8280641,0.04998579,-2.536844,-0.02905217,0.01478308,0.9815039,0.9053198,0.003765673,0.4247139,0.1432723,0.9386436,-0.3137215,-0.3998363,0.344868,0.8492331,moving,-28.37967,19.40963,-1.69544,0.8629047
05/15/2023 14:23:36.611402,3769,True,True,True,True,Eyes,1.228153,-0.2988912,-3.350249,-0.4526633,0.2961901,0.8410513,0,0,0,0,0,0,0,0.2832371,-0.9474663,3.450746,1.24482,-0.3023247,-3.353295,-0.1714636,-0.2124628,-0.03620289,0.9613267,339.8152,335.0394,0.198622,0.3427503,-0.08353197,-0.9357051,0,0,0,0.8326532,0.04999558,-2.536838,-0.02907604,0.01536381,0.9795567,0.9070978,0.003253686,0.4209073,0.1424649,0.9385792,-0.3142816,-0.3960774,0.3450486,0.8509195,moving,-28.28964,19.40056,-1.700203,0.8985794
05/15/2023 14:23:36.621784,3770,True,True,True,True,Eyes,1.228294,-0.2988782,-3.350138,-0.4513522,0.2963857,0.8416868,0,0,0,0,0,0,0,0.26745,-0.9483049,3.451811,1.244994,-0.302213,-3.353277,-0.1715686,-0.2103406,-0.035995,0.9617824,339.8081,335.2955,0.1792939,0.3427739,-0.08352591,-0.935697,0,0,0,0.8375336,0.05000598,-2.536831,-0.02889431,0.01586652,0.9775378,0.9089224,0.002936949,0.4169549,0.1414144,0.9385371,-0.3148809,-0.3922525,0.3451657,0.8526422,moving,-28.20231,19.39885,-1.69307,0.9298922
05/15/2023 14:23:36.641798,3771,True,True,True,True,Eyes,1.228433,-0.2988679,-3.350023,-0.4499225,0.2965944,0.8423785,0,0,0,0,0,0,0,0.2514163,-0.9505948,3.452316,1.245155,-0.3021611,-3.35315,-0.1718724,-0.2081691,-0.03595727,0.9622019,339.7741,335.5591,0.1441496,0.3427996,-0.08352023,-0.9356881,0,0,0,0.8417817,0.05001503,-2.536825,-0.02942759,0.01590204,0.9757081,0.9107454,0.002360748,0.4129615,0.1407534,0.9383339,-0.3157816,-0.3882413,0.3457224,0.854251,moving,-28.10711,19.39674,-1.727531,0.933721
05/15/2023 14:23:36.661446,3772,True,True,True,True,Eyes,1.228608,-0.2988533,-3.349892,-0.4484752,0.2968746,0.8430513,0,0,0,0,0,0,0,0.2342398,-0.9523604,3.452947,1.245209,-0.30223,-3.35303,-0.1721071,-0.2058204,-0.03599688,0.9626637,339.7462,335.8466,0.09408079,0.3428273,-0.08351496,-0.9356785,0,0,0,0.8462887,0.05002464,-2.536818,-0.02999023,0.01619652,0.973787,0.9126844,0.001540477,0.4086622,0.1401521,0.9381668,-0.3165447,-0.3838809,0.3461803,0.8560343,moving,-28.01149,19.39935,-1.76401,0.9528847
05/15/2023 14:23:36.671615,3773,True,True,True,True,Eyes,1.228783,-0.2988426,-3.349765,-0.4469506,0.2971694,0.8437568,0,0,0,0,0,0,0,0.2176049,-0.9534073,3.453763,1.245256,-0.3021664,-3.353035,-0.1722471,-0.2035587,-0.03583289,0.9631255,339.734,336.1201,0.06728571,0.3428576,-0.08350997,-0.9356678,0,0,0,0.8509558,0.05003458,-2.536812,-0.03010184,0.01662284,0.9718832,0.9145598,0.001101658,0.4044493,0.1391479,0.9380939,-0.317203,-0.3797609,0.3463794,0.8577896,moving,-27.91084,19.40216,-1.774037,0.9798768
05/15/2023 14:23:36.698128,3774,True,True,True,True,Eyes,1.228992,-0.298829,-3.34962,-0.4454195,0.2974969,0.8444508,0,0,0,0,0,0,0,0.2036058,-0.9558793,3.454024,1.245409,-0.3022521,-3.353065,-0.1726317,-0.2016766,-0.03555731,0.9634628,339.6967,336.3424,0.06813077,0.3428904,-0.08350531,-0.9356562,0,0,0,0.8553507,0.05004395,-2.536805,-0.02971652,0.01670107,0.9702448,0.9161245,0.00111521,0.4008923,0.1381478,0.937868,-0.3183062,-0.376339,0.3469905,0.8590498,moving,-27.81014,19.40717,-1.754299,0.9861494
05/15/2023 14:23:36.711498,3775,True,True,True,True,Eyes,1.229199,-0.2988106,-3.349475,-0.443791,0.2978323,0.8451897,0,0,0,0,0,0,0,0.1887289,-0.9563323,3.454695,1.245613,-0.302216,-3.352942,-0.1726824,-0.199673,-0.03550188,0.9638731,339.6921,336.5869,0.0318558,0.3429264,-0.08350088,-0.9356434,0,0,0,0.8599614,0.05005378,-2.536799,-0.02958894,0.01727167,0.9683683,0.9177406,0.0005214351,0.3971799,0.1373986,0.9378408,-0.3187104,-0.3726577,0.3470654,0.860623,moving,-27.703,19.4117,-1.750154,1.02181
05/15/2023 14:23:36.721817,3776,True,True,True,True,Eyes,1.229448,-0.2987988,-3.349313,-0.4421863,0.2982428,0.8458856,0,0,0,0,0,0,0,0.1728359,-0.9582613,3.454931,1.245744,-0.3020956,-3.352842,-0.172918,-0.1975056,-0.03555264,0.9642754,339.664,336.8521,359.9841,0.3429651,-0.08349655,-0.9356296,0,0,0,0.8647168,0.05006392,-2.536792,-0.02956247,0.01738194,0.9664153,0.9194552,-0.0002605464,0.3931949,0.1368696,0.9376708,-0.3194374,-0.3686042,0.3475247,0.8621818,moving,-27.5983,19.42166,-1.752121,1.03041
05/15/2023 14:23:36.741364,3777,True,True,True,True,Eyes,1.229703,-0.2987896,-3.349154,-0.4405012,0.2986145,0.8466334,0,0,0,0,0,0,0,0.1578889,-0.9587356,3.455561,1.245957,-0.3022954,-3.352792,-0.1729873,-0.195479,-0.03559146,0.9646745,339.6553,337.1011,359.9366,0.3430076,-0.08349247,-0.9356144,0,0,0,0.8690772,0.05007321,-2.536786,-0.02968484,0.01802874,0.964812,0.9210423,-0.001037601,0.3894609,0.1362991,0.9376173,-0.319838,-0.3648335,0.3476675,0.8637267,moving,-27.48784,19.42816,-1.762291,1.07052
05/15/2023 14:23:36.761429,3778,True,True,True,True,Eyes,1.23,-0.2987703,-3.348976,-0.4387606,0.2990443,0.8473852,0,0,0,0,0,0,0,0.1431693,-0.9564675,3.456949,1.246327,-0.3023514,-3.352771,-0.172612,-0.1934933,-0.0357972,0.9651342,339.6936,337.3521,359.8595,0.3430536,-0.08348869,-0.9355978,0,0,0,0.8735667,0.05008278,-2.536779,-0.02985168,0.01929834,0.963192,0.9225578,-0.002299689,0.385852,0.1358967,0.9378473,-0.3193344,-0.361136,0.3470405,0.8655309,moving,-27.3743,19.43806,-1.775168,1.147815
05/15/2023 14:23:36.771364,3779,True,True,True,True,Eyes,1.230293,-0.2987481,-3.348799,-0.4368649,0.2994353,0.8482262,0,0,0,0,0,0,0,0.124959,-0.953495,3.458402,1.246719,-0.3021383,-3.352568,-0.1719779,-0.1909711,-0.03676819,0.9657131,339.7446,337.6862,359.6745,0.3431039,-0.0834849,-0.9355797,0,0,0,0.8780188,0.05009227,-2.536773,-0.03146753,0.02052096,0.96131,0.9243563,-0.005329428,0.3814932,0.1367007,0.9381434,-0.3181193,-0.3562,0.346206,0.8679073,moving,-27.24998,19.44372,-1.874851,1.2229
05/15/2023 14:23:36.791842,3780,True,True,True,True,Eyes,1.230582,-0.2987358,-3.348629,-0.434599,0.2998162,0.849255,0,0,0,0,0,0,0,0.1037793,-0.950928,3.459771,1.246902,-0.3020576,-3.352468,-0.171393,-0.1879977,-0.03784676,0.9663587,339.7886,338.0768,359.4686,0.3431579,-0.08348103,-0.9355602,0,0,0,0.8826214,0.05010208,-2.536767,-0.03358829,0.02174258,0.9594196,0.926449,-0.008704117,0.3763197,0.13759,0.9383841,-0.3170239,-0.350373,0.3454843,0.8705627,moving,-27.10071,19.44478,-2.005047,1.298228
05/15/2023 14:23:36.811278,3781,True,True,True,True,Eyes,1.230866,-0.2987255,-3.348468,-0.4322631,0.3001496,0.8503286,0,0,0,0,0,0,0,0.08489406,-0.9498708,3.460702,1.247042,-0.3023061,-3.352524,-0.1711531,-0.1853711,-0.03838497,0.9668872,339.8058,338.4111,359.3422,0.3432153,-0.08347733,-0.9355395,0,0,0,0.8871943,0.05011182,-2.53676,-0.03471145,0.02280235,0.9578285,0.9283283,-0.01077419,0.3716053,0.1376815,0.9384664,-0.3167406,-0.3453264,0.3452024,0.8726884,moving,-26.94643,19.44205,-2.075475,1.363743
05/15/2023 14:23:36.821323,3782,True,True,True,True,Eyes,1.230866,-0.2987255,-3.348468,-0.4322631,0.3001496,0.8503286,0,0,0,0,0,0,0,0.06891978,-0.9468674,3.462026,1.247209,-0.302343,-3.35261,-0.1706564,-0.1831808,-0.03861839,0.9673831,339.8592,338.6874,359.2557,0.3432753,-0.08347385,-0.9355177,0,0,0,0.8918828,0.05012181,-2.536753,-0.03481579,0.02428186,0.9561948,0.9299068,-0.01219562,0.3675928,0.1372395,0.9387701,-0.3160319,-0.341231,0.3443285,0.8746424,moving,-26.94643,19.44205,-2.085262,1.454671
05/15/2023 14:23:36.841283,3783,True,True,True,True,Eyes,1.230866,-0.2987255,-3.348468,-0.4322631,0.3001496,0.8503286,0,0,0,0,0,0,0,0.05357742,-0.9484587,3.461949,1.247471,-0.3022009,-3.352615,-0.1708022,-0.1810796,-0.03884394,0.9677438,339.8394,338.9479,359.1867,0.3433294,-0.08347071,-0.9354981,0,0,0,0.8962021,0.05013102,-2.536747,-0.03509822,0.02433681,0.9546432,0.9314027,-0.01332438,0.3637465,0.1370395,0.9386355,-0.3165179,-0.337208,0.3446532,0.8760735,moving,-26.94643,19.44205,-2.105577,1.460331
05/15/2023 14:23:36.861551,3784,True,True,True,True,Eyes,1.231148,-0.2987098,-3.348318,-0.4293486,0.3007844,0.85158,0,0,0,0,0,0,0,0.03857303,-0.9513076,3.461514,1.247675,-0.3021983,-3.352691,-0.1711627,-0.1790174,-0.03897882,0.9680583,339.7971,339.2003,359.1339,0.343378,-0.08346789,-0.9354805,0,0,0,0.9008161,0.05014086,-2.536741,-0.03487599,0.02417973,0.9531146,0.9328669,-0.01418535,0.3599419,0.1367497,0.938368,-0.3174351,-0.3332551,0.3453466,0.8773122,moving,-26.75628,19.4536,-2.095609,1.453235
05/15/2023 14:23:36.871790,3785,True,True,True,True,Eyes,1.231425,-0.2986923,-3.348172,-0.4264101,0.3014094,0.8528346,0,0,0,0,0,0,0,0.02377343,-0.95333,3.461035,1.247771,-0.3022687,-3.352591,-0.1714436,-0.1769898,-0.03900664,0.9683803,339.7661,339.4468,359.0926,0.3434301,-0.08346502,-0.9354616,0,0,0,0.9052166,0.05015023,-2.536734,-0.03470981,0.02432522,0.9515088,0.9343062,-0.01485897,0.3561617,0.1362341,0.9381711,-0.3182377,-0.3294119,0.3458528,0.8785633,moving,-26.56466,19.46446,-2.08915,1.464442
05/15/2023 14:23:36.891483,3786,True,True,True,True,Eyes,1.231679,-0.2986742,-3.34804,-0.4231978,0.3021394,0.8541753,0,0,0,0,0,0,0,0.009674549,-0.9549904,3.460704,1.247909,-0.3022113,-3.352605,-0.1716932,-0.1750814,-0.03879829,0.9686913,339.7437,339.6741,359.081,0.3434851,-0.08346204,-0.9354417,0,0,0,0.9098095,0.05016002,-2.536728,-0.03404069,0.02448949,0.9499339,0.9356824,-0.01504657,0.3525223,0.1352877,0.9380323,-0.3190497,-0.3258767,0.3462211,0.8797359,moving,-26.35594,19.47974,-2.052305,1.47677
05/15/2023 14:23:36.911537,3787,True,True,True,True,Eyes,1.231931,-0.2986542,-3.347912,-0.4199843,0.3028467,0.8555099,0,0,0,0,0,0,0,-0.00397563,-0.955965,3.460496,1.248085,-0.302211,-3.352592,-0.1718967,-0.1732644,-0.03835648,0.9689994,339.731,339.8857,359.098,0.3435421,-0.08345895,-0.935421,0,0,0,0.9141907,0.05016936,-2.536721,-0.03335163,0.02485865,0.9484573,0.9370164,-0.01476768,0.3489729,0.133902,0.9379606,-0.3198439,-0.3225994,0.3464271,0.8808621,moving,-26.1472,19.49374,-2.013924,1.501354
05/15/2023 14:23:36.921732,3788,True,True,True,True,Eyes,1.232215,-0.2986307,-3.347776,-0.4168827,0.3036916,0.8567265,0,0,0,0,0,0,0,-0.01726675,-0.9568494,3.460296,1.248229,-0.3021426,-3.352632,-0.1720724,-0.1714868,-0.03794923,0.9693004,339.7208,340.0933,359.1111,0.3436007,-0.08345568,-0.9353998,0,0,0,0.9188403,0.05017927,-2.536715,-0.03229126,0.0252178,0.9469262,0.9383043,-0.01455212,0.3455043,0.1325847,0.9379019,-0.3205642,-0.3193843,0.3465953,0.8819668,moving,-25.94753,19.51835,-1.953094,1.525496
05/15/2023 14:23:36.941330,3789,True,True,True,True,Eyes,1.232501,-0.2986071,-3.347647,-0.4137573,0.304529,0.8579435,0,0,0,0,0,0,0,-0.03125966,-0.9571747,3.460192,1.24846,-0.3020843,-3.352638,-0.1721853,-0.169634,-0.0374612,0.9696254,339.7193,340.3088,359.1308,0.3436618,-0.08345217,-0.9353777,0,0,0,0.9233501,0.05018888,-2.536708,-0.03156283,0.0257085,0.9454508,0.939642,-0.01422971,0.3418633,0.1310636,0.9378977,-0.3212011,-0.3160622,0.3466199,0.883153,moving,-25.74645,19.54243,-1.912047,1.557591
05/15/2023 14:23:36.961284,3790,True,True,True,True,Eyes,1.232777,-0.2985802,-3.34752,-0.4104503,0.3053672,0.859233,0,0,0,0,0,0,0,-0.04669976,-0.9597651,3.459452,1.248742,-0.3020617,-3.352691,-0.1726493,-0.1675887,-0.03686833,0.9699211,339.6796,340.5432,359.166,0.3437249,-0.0834484,-0.9353548,0,0,0,0.9279788,0.05019875,-2.536702,-0.03101948,0.02559844,0.944033,0.9411095,-0.0136506,0.3378262,0.1293869,0.9376659,-0.322555,-0.312365,0.3472698,0.8842125,moving,-25.53352,19.56497,-1.881975,1.553254
05/15/2023 14:23:36.971632,3791,True,True,True,True,Eyes,1.233052,-0.2985518,-3.347399,-0.4070899,0.3062043,0.8605329,0,0,0,0,0,0,0,-0.06507015,-0.9622586,3.458404,1.249026,-0.3019752,-3.352534,-0.1730673,-0.1651311,-0.03646164,0.9702836,339.6417,340.8322,359.1689,0.3437897,-0.0834443,-0.9353314,0,0,0,0.9324648,0.05020831,-2.536695,-0.03151459,0.02548295,0.9424405,0.9428046,-0.01359865,0.3330687,0.1279139,0.9374365,-0.3238069,-0.3078274,0.3478907,0.8855588,moving,-25.3173,19.58714,-1.915219,1.548862
05/15/2023 14:23:36.991829,3792,True,True,True,True,Eyes,1.233295,-0.2985237,-3.347291,-0.4035376,0.3069909,0.8619245,0,0,0,0,0,0,0,-0.08321857,-0.9652892,3.457323,1.249248,-0.3019239,-3.352613,-0.1735055,-0.1626549,-0.03634669,0.9706277,339.5957,341.1292,359.1371,0.3438559,-0.08343988,-0.9353074,0,0,0,0.9370977,0.05021819,-2.536689,-0.03185621,0.02519527,0.9410235,0.9444447,-0.01411517,0.3283674,0.1270012,0.9371495,-0.3249946,-0.303142,0.3486424,0.8868784,moving,-25.08815,19.60433,-1.938878,1.53369
05/15/2023 14:23:37.011480,3793,True,True,True,True,Eyes,1.233536,-0.2984937,-3.347189,-0.3999652,0.3077731,0.8633097,0,0,0,0,0,0,0,-0.1005569,-0.9675189,3.456247,1.249412,-0.3019182,-3.35256,-0.1738113,-0.1602741,-0.03639643,0.9709671,339.5618,341.4188,359.085,0.3439225,-0.08343516,-0.9352834,0,0,0,0.9417281,0.05022806,-2.536682,-0.03207329,0.02518201,0.9395058,0.945975,-0.01496457,0.323894,0.1263944,0.9369299,-0.3258633,-0.2985896,0.3491969,0.8882037,moving,-24.85795,19.62134,-1.955231,1.535358
05/15/2023 14:23:37.021416,3794,True,True,True,True,Eyes,1.233748,-0.2984685,-3.3471,-0.396272,0.3085426,0.8647369,0,0,0,0,0,0,0,-0.1159706,-0.9701408,3.45517,1.249583,-0.3018547,-3.352648,-0.174167,-0.1581541,-0.03641659,0.9712503,339.5226,341.6757,359.0429,0.3439892,-0.08343011,-0.9352593,0,0,0,0.9463327,0.05023787,-2.536675,-0.03175616,0.0249798,0.9381408,0.9473222,-0.0156488,0.3198995,0.1258297,0.9366794,-0.3268006,-0.2945292,0.3498383,0.8893063,moving,-24.61996,19.63666,-1.938728,1.52525
05/15/2023 14:23:37.041756,3795,True,True,True,True,Eyes,1.233963,-0.2984438,-3.347011,-0.3925486,0.3092938,0.8661656,0,0,0,0,0,0,0,-0.1317065,-0.9726553,3.453973,1.249911,-0.301955,-3.352593,-0.1745507,-0.1560234,-0.036355,0.9715282,339.4817,341.9319,359.0106,0.3440554,-0.08342489,-0.9352354,0,0,0,0.9511526,0.05024814,-2.536669,-0.03140563,0.02495894,0.936711,0.94867,-0.01617184,0.3158538,0.1251078,0.9364207,-0.3278174,-0.2904707,0.3505064,0.8903775,moving,-24.38016,19.65083,-1.920268,1.526302
05/15/2023 14:23:37.061614,3796,True,True,True,True,Eyes,1.23415,-0.2984143,-3.346929,-0.3888034,0.3100343,0.8675889,0,0,0,0,0,0,0,-0.1485325,-0.9738721,3.452969,1.250138,-0.3019572,-3.35253,-0.1746896,-0.1537097,-0.03652386,0.9718658,339.4651,342.2168,358.9421,0.344121,-0.08341953,-0.9352118,0,0,0,0.9552748,0.05025693,-2.536663,-0.0320646,0.0251427,0.9354032,0.9500787,-0.01728958,0.3115311,0.1246955,0.9362991,-0.3283215,-0.2860098,0.3507778,0.8917137,moving,-24.13918,19.66443,-1.963268,1.539682
05/15/2023 14:23:37.071550,3797,True,True,True,True,Eyes,1.234335,-0.2983869,-3.346846,-0.3850253,0.3107413,0.8690198,0,0,0,0,0,0,0,-0.1666112,-0.9738157,3.452109,1.250289,-0.301826,-3.352433,-0.1746123,-0.1512092,-0.03677189,0.9722623,339.4724,342.5272,358.856,0.3441854,-0.08341391,-0.9351886,0,0,0,0.9599394,0.05026687,-2.536656,-0.03253184,0.02566171,0.9338351,0.9515673,-0.0186979,0.3068717,0.1243098,0.9363167,-0.3284174,-0.2811883,0.3506584,0.8932927,moving,-23.89607,19.67587,-1.995196,1.574087
05/15/2023 14:23:37.096419,3798,True,True,True,True,Eyes,1.234475,-0.2983654,-3.346775,-0.3810882,0.3113551,0.8705341,0,0,0,0,0,0,0,-0.184204,-0.9734728,3.451306,1.250398,-0.3018578,-3.352385,-0.1745687,-0.1487928,-0.03675638,0.9726436,339.4806,342.8214,358.8037,0.3442488,-0.08340813,-0.9351658,0,0,0,0.9644597,0.05027651,-2.536649,-0.03281115,0.02633154,0.9324237,0.9530194,-0.01955256,0.3022778,0.1234508,0.9363495,-0.328648,-0.2766117,0.3505244,0.8947729,moving,-23.64206,19.68009,-2.015355,1.617597
05/15/2023 14:23:37.111608,3799,True,True,True,True,Eyes,1.23462,-0.2983407,-3.346707,-0.3771263,0.3119214,0.8720555,0,0,0,0,0,0,0,-0.20183,-0.9714211,3.450847,1.250654,-0.3019694,-3.352226,-0.174348,-0.1464258,-0.03647162,0.973053,339.5139,343.1048,358.7816,0.3443099,-0.08340238,-0.9351438,0,0,0,0.9689555,0.05028609,-2.536643,-0.03310534,0.0275099,0.9310002,0.9544586,-0.01991958,0.2976775,0.1220357,0.9365453,-0.3286188,-0.2722425,0.3499804,0.8963246,moving,-23.3864,19.68138,-2.036517,1.692526
05/15/2023 14:23:37.121236,3800,True,True,True,True,Eyes,1.234715,-0.2983157,-3.346652,-0.3729914,0.3124135,0.8736563,0,0,0,0,0,0,0,-0.2196634,-0.9695242,3.450429,1.2509,-0.3018683,-3.352286,-0.1740764,-0.1440014,-0.03635833,0.9734675,339.5502,343.3988,358.737,0.3443691,-0.08339655,-0.9351225,0,0,0,0.9738858,0.0502966,-2.536636,-0.03306504,0.02849838,0.929589,0.9558833,-0.02065282,0.2930196,0.1209218,0.936751,-0.3284442,-0.2677031,0.3493867,0.897922,moving,-23.11916,19.6767,-2.037125,1.755965
05/15/2023 14:23:37.141609,3801,True,True,True,True,Eyes,1.234813,-0.2982965,-3.346593,-0.3688261,0.3128625,0.8752624,0,0,0,0,0,0,0,-0.2391002,-0.9677163,3.449591,1.251146,-0.3018351,-3.352141,-0.1737994,-0.1413434,-0.0364262,0.973904,339.5845,343.7248,358.6659,0.3444252,-0.08339064,-0.9351024,0,0,0,0.9782624,0.05030593,-2.53663,-0.03409618,0.02948865,0.9281675,0.9573903,-0.02182044,0.2879715,0.120082,0.9369338,-0.3282307,-0.2626481,0.3488251,0.8996316,moving,-22.85003,19.66943,-2.103812,1.819723
05/15/2023 14:23:37.161426,3802,True,True,True,True,Eyes,1.234907,-0.2982771,-3.346529,-0.3647007,0.3132836,0.876839,0,0,0,0,0,0,0,-0.2579017,-0.965548,3.448843,1.251265,-0.3019605,-3.352085,-0.1735121,-0.138762,-0.03639419,0.9743276,339.6218,344.0392,358.6084,0.3444786,-0.08338485,-0.9350832,0,0,0,0.9825628,0.05031509,-2.536624,-0.03486323,0.03065211,0.9268874,0.9588411,-0.02276593,0.2830288,0.1190735,0.937138,-0.3280151,-0.2577695,0.3482156,0.9012773,moving,-22.58373,19.66117,-2.154064,1.894077
05/15/2023 14:23:37.172259,3803,True,True,True,True,Eyes,1.235006,-0.2982611,-3.346462,-0.360571,0.3136619,0.8784103,0,0,0,0,0,0,0,-0.2758713,-0.9625196,3.448173,1.25137,-0.3019456,-3.351917,-0.173092,-0.1363018,-0.03633913,0.9747515,339.6747,344.3388,358.5544,0.3445297,-0.08337916,-0.9350649,0,0,0,0.9870875,0.05032473,-2.536617,-0.03520039,0.03199762,0.9254133,0.9602026,-0.02365774,0.2783007,0.1180287,0.9374373,-0.3275371,-0.2531407,0.3473494,0.902922,moving,-22.31723,19.65058,-2.178337,1.980303
05/15/2023 14:23:37.191702,3804,True,True,True,True,Eyes,1.235114,-0.2982481,-3.346385,-0.356569,0.3140527,0.879903,0,0,0,0,0,0,0,-0.2925045,-0.9601226,3.447492,1.251527,-0.3020091,-3.351875,-0.1728168,-0.1340461,-0.0360674,0.9751231,339.7141,344.6081,358.5332,0.3445786,-0.08337366,-0.9350474,0,0,0,0.9917533,0.05033468,-2.536611,-0.03493029,0.03318325,0.9241015,0.9614615,-0.0240095,0.273889,0.1166711,0.937667,-0.3273659,-0.2489568,0.3467047,0.904332,moving,-22.0596,19.64237,-2.164704,2.056531
05/15/2023 14:23:37.211627,3805,True,True,True,True,Eyes,1.235229,-0.2982348,-3.346306,-0.3525587,0.3143843,0.8813993,0,0,0,0,0,0,0,-0.3090395,-0.9573621,3.446725,1.251836,-0.3020461,-3.351662,-0.1724595,-0.1318166,-0.03594105,0.975495,339.7607,344.8775,358.4943,0.3446261,-0.08336842,-0.9350303,0,0,0,0.9962592,0.05034428,-2.536604,-0.03500769,0.03445989,0.9227159,0.9626653,-0.02465458,0.2695695,0.1155867,0.9379319,-0.3269916,-0.244776,0.3459421,0.9057642,moving,-21.80135,19.63069,-2.17275,2.138783
05/15/2023 14:23:37.221864,3806,True,True,True,True,Eyes,1.235364,-0.2982232,-3.34621,-0.3486283,0.3147266,0.8828395,0,0,0,0,0,0,0,-0.3244689,-0.9538395,3.446296,1.252076,-0.3020361,-3.351586,-0.1718421,-0.1296714,-0.03641742,0.9758737,339.8282,345.15,358.3815,0.3446723,-0.08336343,-0.9350138,0,0,0,1.00079,0.05035394,-2.536598,-0.03504886,0.03594035,0.9214165,0.9637182,-0.02651162,0.2656018,0.1156436,0.9382882,-0.3259477,-0.2405696,0.3448369,0.9073113,moving,-21.54878,19.62082,-2.178368,2.233721
05/15/2023 14:23:37.241361,3807,True,True,True,True,Eyes,1.238776,-0.2979147,-3.343691,-0.2480807,0.3191632,0.9146534,0,0,0,0,0,0,0,-0.3397415,-0.947991,3.446211,1.252316,-0.3020705,-3.35126,-0.1707939,-0.1275211,-0.03735753,0.9763055,339.9389,345.4339,358.2073,0.3447181,-0.08335871,-0.9349973,0,0,0,1.005375,0.05036371,-2.536591,-0.03532907,0.0381943,0.9198737,0.9646856,-0.02938508,0.2617599,0.1165043,0.9388677,-0.3239662,-0.2362382,0.3430218,0.9091357,moving,-15.1752,19.23615,-2.199446,2.377626
05/15/2023 14:23:37.261559,3808,True,True,True,True,Eyes,1.23874,-0.2979164,-3.343692,-0.2478632,0.3191394,0.9147207,0,0,0,0,0,0,0,-0.3550886,-0.9412212,3.446447,1.252452,-0.3020505,-3.351136,-0.1695739,-0.1253362,-0.03837344,0.9767616,340.0692,345.7234,358.0215,0.3448663,-0.08334864,-0.9349434,0,0,0,1.009844,0.05037324,-2.536585,-0.03566822,0.04062003,0.9184948,0.9656366,-0.03245591,0.2578614,0.1174709,0.9395443,-0.3216474,-0.2318328,0.3408857,0.9110711,moving,-15.16144,19.23351,-2.22387,2.532231
05/15/2023 14:23:37.271849,3809,True,True,True,True,Eyes,1.238708,-0.297923,-3.343684,-0.247482,0.3190714,0.9148476,0,0,0,0,0,0,0,-0.3713118,-0.9368069,3.445783,1.252597,-0.3020976,-3.350916,-0.1688233,-0.1230697,-0.0388972,0.977159,340.1531,346.0106,357.9002,0.3449987,-0.08333965,-0.9348953,0,0,0,1.014408,0.05038296,-2.536578,-0.03584343,0.04243594,0.9170808,0.9666817,-0.03446345,0.2536508,0.1175715,0.9399714,-0.3203602,-0.2273837,0.3395085,0.9127051,moving,-15.13719,19.22724,-2.238225,2.649349
05/15/2023 14:23:37.291815,3810,True,True,True,True,Eyes,1.23867,-0.2979315,-3.343667,-0.2469595,0.3190564,0.9149941,0,0,0,0,0,0,0,-0.3877456,-0.93282,3.444945,1.252633,-0.3022226,-3.350779,-0.1682595,-0.1207984,-0.03892787,0.9775384,340.2227,346.2874,357.8407,0.3451172,-0.08333179,-0.9348523,0,0,0,1.019087,0.05039294,-2.536572,-0.0355666,0.04412836,0.9157521,0.9677848,-0.03545601,0.2492701,0.1167579,0.9403467,-0.3195553,-0.2230702,0.338365,0.914193,moving,-15.10439,19.22355,-2.224174,2.758841
05/15/2023 14:23:37.311751,3811,True,True,True,True,Eyes,1.238638,-0.2979412,-3.343637,-0.2462788,0.3190008,0.9151968,0,0,0,0,0,0,0,-0.4040261,-0.9291292,3.443866,1.252774,-0.302271,-3.350511,-0.1678437,-0.1186059,-0.03850001,0.9778952,340.2815,346.5446,357.8398,0.3452231,-0.08332501,-0.9348138,0,0,0,1.023634,0.05040263,-2.536565,-0.03520003,0.04562241,0.9143691,0.9689007,-0.03548345,0.2448922,0.1151124,0.9406925,-0.3191345,-0.2190443,0.3373998,0.9155223,moving,-15.06146,19.2165,-2.2046,2.856402
05/15/2023 14:23:37.321716,3812,True,True,True,True,Eyes,1.238599,-0.2979544,-3.3436,-0.2454394,0.3189735,0.9154319,0,0,0,0,0,0,0,-0.4220956,-0.9250854,3.442568,1.252839,-0.3022993,-3.350258,-0.1674059,-0.1161616,-0.0379553,0.9782848,340.3448,346.8297,357.8476,0.3453178,-0.08331927,-0.9347793,0,0,0,1.028279,0.05041253,-2.536558,-0.03505169,0.04717109,0.912955,0.9701318,-0.0353699,0.2399862,0.1131545,0.9410693,-0.3187234,-0.2145704,0.3363592,0.9169635,moving,-15.00877,19.2104,-2.198715,2.957761
05/15/2023 14:23:37.341726,3813,True,True,True,True,Eyes,1.238567,-0.2979665,-3.343552,-0.2444773,0.3188881,0.9157189,0,0,0,0,0,0,0,-0.438597,-0.9204276,3.441596,1.252935,-0.302387,-3.350053,-0.1669004,-0.1139444,-0.03735339,0.978655,340.416,347.0862,357.8663,0.3454024,-0.08331458,-0.9347484,0,0,0,1.032732,0.05042202,-2.536552,-0.03467269,0.04886773,0.9116783,0.9712428,-0.03507743,0.2354931,0.1111469,0.941498,-0.3181635,-0.2105559,0.3351883,0.9183218,moving,-14.9481,19.20006,-2.178007,3.068229
05/15/2023 14:23:37.361583,3814,True,True,True,True,Eyes,1.23855,-0.297988,-3.343487,-0.2434938,0.3188507,0.915994,0,0,0,0,0,0,0,-0.4549198,-0.9146148,3.440822,1.253022,-0.3023516,-3.349813,-0.1662389,-0.1117625,-0.03665142,0.9790457,340.5063,347.3367,357.8961,0.3454782,-0.08331083,-0.9347208,0,0,0,1.037163,0.05043146,-2.536546,-0.03420937,0.05075952,0.910334,0.9723316,-0.03460829,0.231027,0.1089254,0.9420426,-0.3173184,-0.2066554,0.3337034,0.9197476,moving,-14.88637,19.19263,-2.152101,3.191464
05/15/2023 14:23:37.371960,3815,True,True,True,True,Eyes,1.238542,-0.298006,-3.343413,-0.2423726,0.3187464,0.9163276,0,0,0,0,0,0,0,-0.4722843,-0.9083143,3.439894,1.25322,-0.3025791,-3.349455,-0.1655952,-0.1094681,-0.03577037,0.9794465,340.5967,347.5969,357.9454,0.3455466,-0.08330821,-0.9346957,0,0,0,1.041762,0.05044127,-2.536539,-0.03383739,0.05294281,0.9089676,0.9734744,-0.03381553,0.2262831,0.1063251,0.9425974,-0.3165518,-0.2025895,0.3322147,0.9211899,moving,-14.81568,19.18033,-2.131919,3.333426
05/15/2023 14:23:37.396729,3816,True,True,True,True,Eyes,1.238551,-0.2980162,-3.343329,-0.2412672,0.3187763,0.9166089,0,0,0,0,0,0,0,-0.49095,-0.9014771,3.438933,1.253397,-0.302487,-3.349247,-0.1648317,-0.1069827,-0.03487587,0.9798821,340.7013,347.8799,357.9914,0.3456086,-0.08330651,-0.934673,0,0,0,1.046412,0.05045118,-2.536532,-0.03368033,0.05498677,0.9076092,0.9746768,-0.03308019,0.2211582,0.1036168,0.9432284,-0.315569,-0.1981636,0.3304935,0.9227704,moving,-14.74674,19.17655,-2.125205,3.466981
05/15/2023 14:23:37.411900,3817,True,True,True,True,Eyes,1.238568,-0.2980295,-3.343234,-0.2400036,0.3187808,0.916939,0,0,0,0,0,0,0,-0.5106036,-0.8984887,3.436757,1.253713,-0.3023128,-3.349046,-0.1645482,-0.1043336,-0.03427804,0.9802365,340.7467,348.1873,358.005,0.3456654,-0.08330545,-0.9346521,0,0,0,1.050705,0.05046033,-2.536526,-0.0343439,0.05592695,0.9063894,0.975879,-0.03286533,0.215824,0.101537,0.9434978,-0.3154397,-0.1932625,0.3297451,0.9240767,moving,-14.66779,19.17039,-2.16995,3.530846
05/15/2023 14:23:37.421701,3818,True,True,True,True,Eyes,1.238615,-0.2980344,-3.343122,-0.2386891,0.3189243,0.9172322,0,0,0,0,0,0,0,-0.5304695,-0.8957007,3.434253,1.253853,-0.3023928,-3.348758,-0.1643027,-0.1016164,-0.0338269,0.9805787,340.7859,348.5057,358.0004,0.3457178,-0.08330505,-0.9346328,0,0,0,1.055614,0.05047079,-2.536519,-0.03442226,0.0570955,0.9050409,0.9770597,-0.03294817,0.2104014,0.09973154,0.9437208,-0.3153487,-0.18817,0.3290981,0.9253575,moving,-14.58643,19.17271,-2.178134,3.609783
05/15/2023 14:23:37.441629,3819,True,True,True,True,Eyes,1.238666,-0.2980448,-3.343004,-0.2372222,0.3190405,0.9175722,0,0,0,0,0,0,0,-0.5499882,-0.8944834,3.431262,1.253954,-0.3022285,-3.348493,-0.164106,-0.09888332,-0.03394835,0.9808868,340.813,348.8371,357.9282,0.3457671,-0.08330504,-0.9346145,0,0,0,1.059989,0.05048012,-2.536513,-0.03520672,0.05772913,0.9037505,0.9781392,-0.0341443,0.2051289,0.09905364,0.9438335,-0.3152248,-0.1828444,0.3286525,0.9265826,moving,-14.49543,19.1726,-2.2309,3.654933
05/15/2023 14:23:37.462010,3820,True,True,True,True,Eyes,1.238737,-0.2980617,-3.342874,-0.2355694,0.3191828,0.9179485,0,0,0,0,0,0,0,-0.5692055,-0.8922714,3.428562,1.254043,-0.3023728,-3.348302,-0.1638411,-0.09620209,-0.03392548,0.9811985,340.8496,349.1594,357.8736,0.3458137,-0.08330552,-0.9345973,0,0,0,1.064449,0.05048962,-2.536507,-0.03573555,0.05879629,0.9026271,0.9791885,-0.03505156,0.1999035,0.09809896,0.9440104,-0.3149937,-0.1776699,0.3280486,0.9278026,moving,-14.39299,19.17324,-2.26719,3.726929
05/15/2023 14:23:37.471695,3821,True,True,True,True,Eyes,1.238812,-0.2980845,-3.342741,-0.2337805,0.3192492,0.9183825,0,0,0,0,0,0,0,-0.5892949,-0.8865504,3.42646,1.254226,-0.3025491,-3.348022,-0.1632247,-0.09347182,-0.03332763,0.9815854,340.9333,349.4763,357.883,0.3458586,-0.08330666,-0.9345806,0,0,0,1.068864,0.05049903,-2.5365,-0.03629258,0.06068188,0.901426,0.9803046,-0.03491401,0.1943809,0.09594166,0.9444939,-0.3142076,-0.1726214,0.3266684,0.9292414,moving,-14.28171,19.16854,-2.305557,3.851207
05/15/2023 14:23:37.492064,3822,True,True,True,True,Eyes,1.238893,-0.2981064,-3.3426,-0.2318682,0.3193343,0.9188377,0,0,0,0,0,0,0,-0.6095346,-0.8793951,3.424716,1.254344,-0.3026929,-3.347917,-0.1623892,-0.09070731,-0.03273379,0.9820034,341.0422,349.7976,357.8895,0.3459021,-0.08330854,-0.9345644,0,0,0,1.073466,0.05050884,-2.536494,-0.03663498,0.06288829,0.9003212,0.9814014,-0.0348296,0.188781,0.09374915,0.9451165,-0.3129951,-0.1675185,0.3248719,0.9308038,moving,-14.16287,19.16446,-2.330138,3.995675
05/15/2023 14:23:37.511816,3823,True,True,True,True,Eyes,1.238976,-0.2981337,-3.342462,-0.2298417,0.3193394,0.919345,0,0,0,0,0,0,0,-0.6291928,-0.8720255,3.422862,1.254499,-0.3026956,-3.347671,-0.1614129,-0.08800048,-0.03249807,0.9824184,341.1635,350.1188,357.8538,0.3459445,-0.08331108,-0.9345484,0,0,0,1.078035,0.05051858,-2.536487,-0.03710872,0.06515473,0.899053,0.9823996,-0.03544459,0.1833978,0.09226223,0.9457796,-0.3114302,-0.1624153,0.3228696,0.9324036,moving,-14.03656,19.15495,-2.363561,4.145002
05/15/2023 14:23:37.521713,3824,True,True,True,True,Eyes,1.239056,-0.2981551,-3.342325,-0.2276799,0.3194066,0.9198593,0,0,0,0,0,0,0,-0.6479988,-0.8644696,3.421332,1.254584,-0.3028359,-3.34769,-0.1604713,-0.08541129,-0.03206764,0.9828151,341.2823,350.4217,357.8446,0.3459859,-0.08331436,-0.9345329,0,0,0,1.08251,0.05052812,-2.536481,-0.03725612,0.06744111,0.8981089,0.9833532,-0.03562099,0.1781789,0.09044524,0.9464412,-0.3099495,-0.1575952,0.3209052,0.9339077,moving,-13.90222,19.14875,-2.375431,4.294415
05/15/2023 14:23:37.541440,3825,True,True,True,True,Eyes,1.239141,-0.2981782,-3.342191,-0.2253967,0.3194629,0.9204021,0,0,0,0,0,0,0,-0.6677082,-0.8591852,3.41882,1.254767,-0.3027211,-3.347579,-0.1598651,-0.08270635,-0.0315381,0.9831623,341.3635,350.7359,357.8487,0.3460263,-0.08331814,-0.9345176,0,0,0,1.087039,0.05053777,-2.536474,-0.03757811,0.06892619,0.8970242,0.9843301,-0.03557044,0.1727112,0.08845787,0.946897,-0.3091299,-0.1525438,0.3195635,0.9352056,moving,-13.76032,19.14141,-2.39883,4.3939
05/15/2023 14:23:37.561859,3826,True,True,True,True,Eyes,1.239209,-0.2981966,-3.342062,-0.2228634,0.3196191,0.9209644,0,0,0,0,0,0,0,-0.6878773,-0.8575261,3.415329,1.254921,-0.3027787,-3.34761,-0.1598295,-0.07991587,-0.03095859,0.9834173,341.379,351.0588,357.8625,0.346066,-0.08332241,-0.9345025,0,0,0,1.091821,0.05054796,-2.536468,-0.03766812,0.06952408,0.8961816,0.9853101,-0.03534459,0.1670775,0.08643626,0.9469922,-0.3094101,-0.1472851,0.3193064,0.9361359,moving,-13.60345,19.13925,-2.406828,4.436014
05/15/2023 14:23:37.571834,3827,True,True,True,True,Eyes,1.239286,-0.2982139,-3.341933,-0.2202138,0.3197702,0.9215492,0,0,0,0,0,0,0,-0.7092986,-0.8563599,3.411246,1.255141,-0.3027099,-3.347543,-0.1598264,-0.0769434,-0.03049655,0.9836692,341.39,351.4056,357.8592,0.3461045,-0.08332698,-0.9344879,0,0,0,1.096469,0.05055787,-2.536461,-0.03832178,0.06991601,0.8952495,0.9862994,-0.03540187,0.161122,0.08459222,0.947051,-0.3097396,-0.1416254,0.3191256,0.9370705,moving,-13.4394,19.13637,-2.451089,4.465546
05/15/2023 14:23:37.591956,3828,True,True,True,True,Eyes,1.239365,-0.298222,-3.341808,-0.2173311,0.3200556,0.9221343,0,0,0,0,0,0,0,-0.7301286,-0.8555884,3.407097,1.255376,-0.3027018,-3.347512,-0.1598985,-0.07405254,-0.03000927,0.9838944,341.392,351.742,357.8612,0.3461423,-0.0833318,-0.9344735,0,0,0,1.100782,0.05056706,-2.536455,-0.03914435,0.07018667,0.8944567,0.9872314,-0.03537012,0.1553166,0.08273368,0.9470639,-0.3102019,-0.1361229,0.3190909,0.9378974,moving,-13.26162,19.14093,-2.505852,4.486721
05/15/2023 14:23:37.611998,3829,True,True,True,True,Eyes,1.23945,-0.2982285,-3.341688,-0.2143125,0.3203721,0.9227306,0,0,0,0,0,0,0,-0.7515008,-0.85768,3.402031,1.255683,-0.3025302,-3.347525,-0.1602841,-0.07105443,-0.02982674,0.9840582,341.3554,352.0969,357.8271,0.3461793,-0.08333657,-0.9344593,0,0,0,1.105418,0.05057694,-2.536448,-0.03998682,0.06966928,0.8936762,0.9881232,-0.03592472,0.1494049,0.0814803,0.9468387,-0.3112192,-0.1302819,0.3196965,0.9385206,moving,-13.07563,19.14701,-2.561945,4.457653
05/15/2023 14:23:37.626181,3830,True,True,True,True,Eyes,1.239556,-0.2982309,-3.341573,-0.2113719,0.3209122,0.9232211,0,0,0,0,0,0,0,-0.7740989,-0.8611593,3.396207,1.255845,-0.3025223,-3.347594,-0.1608515,-0.06783582,-0.02982207,0.984193,341.2969,352.4817,357.7686,0.3462158,-0.08334124,-0.9344453,0,0,0,1.110031,0.05058677,-2.536442,-0.0411419,0.0689241,0.8930131,0.9890179,-0.03687837,0.1431209,0.08052433,0.9464749,-0.3125717,-0.1239332,0.3206638,0.9390503,moving,-12.89564,19.16748,-2.637802,4.413425
05/15/2023 14:23:37.641322,3831,True,True,True,True,Eyes,1.239668,-0.2982343,-3.341464,-0.2083273,0.3214995,0.9237087,0,0,0,0,0,0,0,-0.7953436,-0.8653242,3.390453,1.256017,-0.3024739,-3.347754,-0.1615032,-0.0648008,-0.02983868,0.9842902,341.2282,352.8451,357.7114,0.3462523,-0.08334568,-0.9344314,0,0,0,1.114448,0.05059619,-2.536435,-0.04216114,0.06793714,0.8924941,0.989821,-0.03780877,0.1372037,0.07967093,0.9460527,-0.314065,-0.1179275,0.3217992,0.9394351,moving,-12.70948,19.1906,-2.704624,4.352992
05/15/2023 14:23:37.661564,3832,True,True,True,True,Eyes,1.239818,-0.2982367,-3.341354,-0.2054154,0.3222245,0.9241082,0,0,0,0,0,0,0,-0.8152731,-0.8709274,3.384462,1.2562,-0.3025266,-3.347866,-0.1624284,-0.06195912,-0.0297077,0.984325,341.1285,353.1826,357.6769,0.3462889,-0.08334991,-0.9344175,0,0,0,1.118862,0.0506056,-2.536429,-0.0427788,0.06659734,0.8920365,0.990557,-0.03835623,0.1316266,0.0786119,0.9454689,-0.3160833,-0.1123251,0.323446,0.9395561,moving,-12.53224,19.223,-2.745592,4.269647
05/15/2023 14:23:37.671547,3833,True,True,True,True,Eyes,1.239973,-0.2982311,-3.341255,-0.2023844,0.3230164,0.9245003,0,0,0,0,0,0,0,-0.8372531,-0.8744561,3.378346,1.2565,-0.3025447,-3.347919,-0.1630275,-0.05883696,-0.02965758,0.984419,341.0669,353.5554,357.6245,0.3463265,-0.08335391,-0.9344032,0,0,0,1.123539,0.05061557,-2.536422,-0.04380143,0.06581408,0.8914471,0.9913173,-0.03920688,0.1255105,0.07757504,0.9450849,-0.3174848,-0.1061704,0.3244647,0.9399205,moving,-12.34795,19.2592,-2.812977,4.222393
05/15/2023 14:23:37.691345,3834,True,True,True,True,Eyes,1.240144,-0.2982258,-3.341159,-0.1993768,0.3239125,0.9248403,0,0,0,0,0,0,0,-0.8584657,-0.8824742,3.371236,1.256739,-0.3023793,-3.348153,-0.1643163,-0.05580623,-0.02943013,0.984388,340.9261,353.9141,357.5985,0.346365,-0.08335744,-0.9343886,0,0,0,1.128017,0.05062511,-2.536416,-0.04464093,0.06357965,0.8911022,0.992039,-0.03960159,0.1195417,0.07628109,0.9442681,-0.3202172,-0.1001983,0.3267867,0.9397716,moving,-12.16562,19.3021,-2.867909,4.081106
05/15/2023 14:23:37.711433,3835,True,True,True,True,Eyes,1.240316,-0.2982141,-3.341072,-0.1962451,0.3248535,0.9251801,0,0,0,0,0,0,0,-0.879588,-0.8892511,3.364188,1.257018,-0.3024324,-3.34823,-0.1654379,-0.05278966,-0.02928479,0.9843709,340.8043,354.273,357.5611,0.3464048,-0.08336054,-0.9343736,0,0,0,1.132591,0.05063486,-2.536409,-0.04547104,0.06188414,0.8906709,0.9927113,-0.04018737,0.1136188,0.07512101,0.9435454,-0.3226126,-0.09423959,0.3287964,0.9396871,moving,-11.97582,19.34743,-2.92256,3.974544
05/15/2023 14:23:37.721702,3836,True,True,True,True,Eyes,1.240508,-0.2981991,-3.340992,-0.1933286,0.3259042,0.9254245,0,0,0,0,0,0,0,-0.9009469,-0.8962766,3.35691,1.257179,-0.3022981,-3.348429,-0.1664983,-0.04969328,-0.02937276,0.9843507,340.6884,354.6465,357.4931,0.3464456,-0.08336306,-0.9343582,0,0,0,1.137094,0.05064446,-2.536403,-0.04646944,0.06003413,0.8902876,0.9933356,-0.0412785,0.1076122,0.07437389,0.942831,-0.3248662,-0.08805019,0.3307047,0.9396178,moving,-11.79984,19.40059,-2.987898,3.857745
05/15/2023 14:23:37.741378,3837,True,True,True,True,Eyes,1.240704,-0.2981813,-3.340914,-0.1902968,0.326995,0.9256681,0,0,0,0,0,0,0,-0.9212783,-0.9042067,3.349509,1.25735,-0.3022479,-3.348623,-0.1678009,-0.04676435,-0.02916293,0.9842792,340.5458,354.9944,357.4644,0.3464878,-0.08336493,-0.9343424,0,0,0,1.141675,0.05065423,-2.536396,-0.04697174,0.05788812,0.8899859,0.9939252,-0.04171472,0.1018455,0.07310312,0.9419847,-0.3275984,-0.08227121,0.3330535,0.9393119,moving,-11.61689,19.45592,-3.021158,3.721497
05/15/2023 14:23:37.761755,3838,True,True,True,True,Eyes,1.240917,-0.2981621,-3.340847,-0.1874157,0.3281246,0.9258561,0,0,0,0,0,0,0,-0.9421775,-0.9106954,3.342068,1.257591,-0.3021903,-3.348676,-0.1689096,-0.04376765,-0.02892712,0.9842343,340.4259,355.35,357.4356,0.3465314,-0.08336613,-0.9343262,0,0,0,1.146241,0.05066396,-2.53639,-0.04769149,0.05611998,0.8895444,0.9944952,-0.04215658,0.09592738,0.07172769,0.9412655,-0.329961,-0.0763831,0.3350253,0.9391079,moving,-11.44343,19.51439,-3.068882,3.609918
05/15/2023 14:23:37.781863,3839,True,True,True,True,Eyes,1.24113,-0.2981402,-3.340786,-0.1844466,0.3292561,0.9260507,0,0,0,0,0,0,0,-0.9616836,-0.9171513,3.335081,1.25785,-0.3022466,-3.348914,-0.1700778,-0.04098482,-0.02851488,0.9841651,340.2993,355.6767,357.4318,0.3465764,-0.08336665,-0.9343094,0,0,0,1.150657,0.05067337,-2.536384,-0.04811744,0.05430678,0.8893729,0.9950143,-0.04218547,0.09037115,0.0700679,0.9405209,-0.3324319,-0.07097216,0.3371066,0.9387876,moving,-11.2645,19.57277,-3.096835,3.494249
05/15/2023 14:23:37.791830,3840,True,True,True,True,Eyes,1.241378,-0.2981171,-3.340735,-0.1816068,0.3303854,0.9262097,0,0,0,0,0,0,0,-0.9798268,-0.9207641,3.329012,1.257975,-0.3021792,-3.349086,-0.1707205,-0.03836331,-0.02837079,0.9841635,340.2321,355.9891,357.3967,0.3466228,-0.08336647,-0.9342922,0,0,0,1.155476,0.05068364,-2.536377,-0.047874,0.05333099,0.8890321,0.9954467,-0.04274418,0.08519849,0.06894179,0.9400992,-0.333857,-0.0658246,0.3382106,0.9387655,moving,-11.09355,19.63167,-3.082376,3.432928
05/15/2023 14:23:37.811792,3841,True,True,True,True,Eyes,1.241625,-0.2980925,-3.340691,-0.1787028,0.3315068,0.9263738,0,0,0,0,0,0,0,-0.9962351,-0.9241248,3.323565,1.258026,-0.3020557,-3.349434,-0.1713167,-0.03598148,-0.02819359,0.9841551,340.1698,356.2721,357.37,0.3466711,-0.08336557,-0.9342743,0,0,0,1.159826,0.05069291,-2.536371,-0.04757818,0.05230293,0.8889024,0.9958209,-0.04316526,0.08048277,0.06782217,0.9397115,-0.3351755,-0.06116265,0.3392332,0.9387119,moving,-10.91857,19.68997,-3.063812,3.367395
05/15/2023 14:23:37.821531,3842,True,True,True,True,Eyes,1.241902,-0.2980689,-3.340653,-0.1758703,0.3325825,0.9265304,0,0,0,0,0,0,0,-1.012227,-0.9268161,3.318227,1.258176,-0.3020091,-3.349628,-0.1718366,-0.03367758,-0.02799889,0.9841515,340.1163,356.5454,357.3465,0.3467211,-0.08336398,-0.9342559,0,0,0,1.164482,0.05070283,-2.536364,-0.04695578,0.05154765,0.8886623,0.9961638,-0.04353623,0.07591016,0.06668439,0.9393765,-0.3363405,-0.05666523,0.3401123,0.938676,moving,-10.74779,19.74584,-3.024622,3.319773
05/15/2023 14:23:37.841303,3843,True,True,True,True,Eyes,1.242175,-0.2980416,-3.340621,-0.1729883,0.3336557,0.9266871,0,0,0,0,0,0,0,-1.028085,-0.9297147,3.312839,1.258342,-0.302019,-3.349864,-0.1723847,-0.03138834,-0.02783612,0.9841359,340.0593,356.8178,357.3192,0.3467732,-0.08336174,-0.9342367,0,0,0,1.168855,0.05071215,-2.536358,-0.04661436,0.05074826,0.888522,0.9964799,-0.04396731,0.07137781,0.06561078,0.9390174,-0.3375525,-0.05218374,0.3410474,0.9385966,moving,-10.57393,19.80153,-3.003144,3.268918
05/15/2023 14:23:37.862172,3844,True,True,True,True,Eyes,1.242474,-0.2980106,-3.340593,-0.170149,0.3346681,0.9268476,0,0,0,0,0,0,0,-1.042332,-0.9330202,3.307628,1.258462,-0.3019181,-3.350001,-0.1729365,-0.02931226,-0.02779952,0.9841042,340.0009,357.0673,357.281,0.3468271,-0.08335882,-0.934217,0,0,0,1.17342,0.05072188,-2.536351,-0.04571858,0.04986674,0.8882773,0.9967359,-0.04457694,0.06730773,0.06485357,0.9386403,-0.3387453,-0.04807752,0.3420048,0.9384675,moving,-10.40243,19.85374,-2.946347,3.213138
05/15/2023 14:23:37.872162,3845,True,True,True,True,Eyes,1.242767,-0.2979787,-3.34057,-0.1672804,0.3356861,0.9270017,0,0,0,0,0,0,0,-1.05568,-0.9371451,3.302447,1.258497,-0.3018022,-3.350217,-0.1735841,-0.02734325,-0.027822,0.9840462,339.931,357.3056,357.2379,0.3468833,-0.08335516,-0.9341965,0,0,0,1.177943,0.05073152,-2.536345,-0.04460674,0.04876319,0.8881384,0.9969566,-0.04526357,0.06347295,0.06424897,0.938189,-0.340108,-0.04415513,0.343151,0.9382418,moving,-10.22912,19.90635,-2.875264,3.142666
05/15/2023 14:23:37.892030,3846,True,True,True,True,Eyes,1.243096,-0.2979437,-3.340551,-0.1644049,0.3366346,0.9271722,0,0,0,0,0,0,0,-1.068474,-0.9405757,3.297487,1.25861,-0.3017663,-3.350311,-0.1742278,-0.02549149,-0.0275964,0.9839884,339.8619,357.5246,357.2267,0.3469413,-0.08335079,-0.9341753,0,0,0,1.182571,0.05074139,-2.536338,-0.04317546,0.04781806,0.887944,0.9971772,-0.04542644,0.05978277,0.06319173,0.9377663,-0.3414693,-0.04055053,0.3442832,0.9379898,moving,-10.0551,19.95478,-2.783762,3.082547
05/15/2023 14:23:37.911732,3847,True,True,True,True,Eyes,1.24342,-0.2979071,-3.340539,-0.1615036,0.3375846,0.9273366,0,0,0,0,0,0,0,-1.081001,-0.9440469,3.292646,1.258649,-0.3016474,-3.35054,-0.1748206,-0.02365347,-0.02748808,0.9839323,339.7984,357.7444,357.2014,0.3470018,-0.08334565,-0.9341533,0,0,0,1.18706,0.05075096,-2.536332,-0.04182408,0.0468131,0.8878652,0.9973698,-0.04582261,0.05615779,0.06236305,0.9373643,-0.342723,-0.03693585,0.3453237,0.9377565,moving,-9.879459,20.00336,-2.697001,3.018152
05/15/2023 14:23:37.921642,3848,True,True,True,True,Eyes,1.24378,-0.2978714,-3.340529,-0.1585583,0.3384546,0.9275278,0,0,0,0,0,0,0,-1.093616,-0.9469627,3.287879,1.258804,-0.3015836,-3.350722,-0.175374,-0.02182942,-0.02728419,0.9838817,339.7397,357.9606,357.1875,0.3470644,-0.08333977,-0.9341305,0,0,0,1.191832,0.05076113,-2.536325,-0.04025115,0.0459643,0.8877739,0.9975581,-0.04603219,0.052525,0.06134544,0.9369991,-0.3439033,-0.03338526,0.3462856,0.9375349,moving,-9.700787,20.04701,-2.595979,2.96383
05/15/2023 14:23:37.941559,3849,True,True,True,True,Eyes,1.244134,-0.2978402,-3.340518,-0.1555811,0.3393546,0.9277031,0,0,0,0,0,0,0,-1.107478,-0.9506776,3.282365,1.258847,-0.3015588,-3.350908,-0.1761731,-0.0198306,-0.02676744,0.9837954,339.6534,358.1917,357.2075,0.3471296,-0.08333322,-0.9341069,0,0,0,1.196108,0.05077024,-2.536319,-0.03922773,0.04470962,0.8877439,0.9977805,-0.04568013,0.0484499,0.05965459,0.9364931,-0.3455748,-0.0295871,0.3476981,0.9371396,moving,-9.520238,20.09256,-2.530147,2.883163
05/15/2023 14:23:37.961428,3850,True,True,True,True,Eyes,1.244471,-0.2978019,-3.340514,-0.1522526,0.3401033,0.9279811,0,0,0,0,0,0,0,-1.121451,-0.9548388,3.276434,1.259029,-0.3016529,-3.350857,-0.1770834,-0.01783664,-0.02621699,0.983685,339.554,358.4218,357.2313,0.3471972,-0.08332621,-0.9340824,0,0,0,1.200713,0.05078006,-2.536312,-0.03800401,0.0434525,0.8875586,0.9979891,-0.04526137,0.04437646,0.05789566,0.9359083,-0.3474532,-0.02580608,0.3493237,0.9366466,moving,-9.317429,20.12779,-2.451827,2.802811
05/15/2023 14:23:37.972018,3851,True,True,True,True,Eyes,1.244799,-0.297762,-3.340516,-0.1488821,0.3408696,0.9282468,0,0,0,0,0,0,0,-1.135941,-0.9571612,3.270989,1.259197,-0.3014473,-3.351035,-0.1775492,-0.01573357,-0.02600499,0.9836425,339.5061,358.6714,357.2114,0.3472663,-0.08331856,-0.9340574,0,0,0,1.205216,0.05078965,-2.536306,-0.03719254,0.04257959,0.887453,0.9981524,-0.04557227,0.04018675,0.0567462,0.9356,-0.3484716,-0.02171809,0.3501082,0.9364575,moving,-9.112101,20.16418,-2.399822,2.746919
05/15/2023 14:23:37.991894,3852,True,True,True,True,Eyes,1.24511,-0.2977245,-3.340514,-0.1450722,0.3414913,0.9286214,0,0,0,0,0,0,0,-1.15123,-0.9606566,3.264827,1.259282,-0.3013828,-3.351218,-0.1782019,-0.01348788,-0.025846,0.983562,339.4367,358.94,357.1818,0.3473366,-0.08331031,-0.9340319,0,0,0,1.209749,0.05079931,-2.536299,-0.03653391,0.04148957,0.8874246,0.9983001,-0.04603517,0.03574394,0.05564943,0.9351521,-0.349848,-0.01732071,0.3512424,0.9361243,moving,-8.879158,20.1905,-2.357448,2.676788
05/15/2023 14:23:38.011484,3853,True,True,True,True,Eyes,1.245419,-0.2976895,-3.340513,-0.141219,0.34211,0.9289876,0,0,0,0,0,0,0,-1.168036,-0.9636279,3.257967,1.259434,-0.3014117,-3.351151,-0.1789062,-0.01105276,-0.02542682,0.9834754,339.362,359.226,357.1789,0.3474076,-0.08330159,-0.9340063,0,0,0,1.214402,0.05080923,-2.536293,-0.03605605,0.04049718,0.8872107,0.9984626,-0.04605849,0.03083826,0.05396812,0.934692,-0.3513377,-0.01264219,0.3524618,0.9357408,moving,-8.643578,20.21679,-2.327208,2.613481
05/15/2023 14:23:38.027126,3854,True,True,True,True,Eyes,1.245718,-0.2976533,-3.340517,-0.1370442,0.3426355,0.929419,0,0,0,0,0,0,0,-1.185617,-0.9642479,3.251549,1.259622,-0.3014408,-3.351197,-0.179234,-0.008505967,-0.02507112,0.9834502,339.3314,359.5258,357.1658,0.3474791,-0.08329252,-0.9339805,0,0,0,1.219188,0.05081943,-2.536286,-0.03571632,0.04012993,0.8870835,0.9985982,-0.04626328,0.02571759,0.05236152,0.9344932,-0.352109,-0.007743192,0.352962,0.9356056,moving,-8.387904,20.23669,-2.305634,2.590183
05/15/2023 14:23:38.041402,3855,True,True,True,True,Eyes,1.246012,-0.2976152,-3.340522,-0.1328312,0.3431598,0.9298372,0,0,0,0,0,0,0,-1.203108,-0.9651229,3.245052,1.259687,-0.301377,-3.351366,-0.1795425,-0.005936022,-0.02483474,0.9834189,339.303,359.8311,357.1376,0.3475507,-0.0832831,-0.9339546,0,0,0,1.223584,0.0508288,-2.536279,-0.03572319,0.03963208,0.8870575,0.998696,-0.04671435,0.02059297,0.05097743,0.9342955,-0.352836,-0.002757414,0.3534257,0.9354586,moving,-8.129943,20.25676,-2.306145,2.558168
05/15/2023 14:23:38.062097,3856,True,True,True,True,Eyes,1.246286,-0.2975771,-3.340531,-0.1284714,0.3436025,0.9302862,0,0,0,0,0,0,0,-1.221121,-0.9658645,3.238203,1.259822,-0.3012998,-3.351426,-0.1798427,-0.003295423,-0.02459152,0.9833824,339.2758,0.1448113,357.1085,0.3476225,-0.08327332,-0.9339288,0,0,0,1.228131,0.0508385,-2.536273,-0.03577312,0.03916901,0.8869421,0.9987687,-0.04718043,0.01532653,0.04955106,0.9341037,-0.3535463,0.002363892,0.3538704,0.9352914,moving,-7.862746,20.27178,-2.309664,2.528645
05/15/2023 14:23:38.071812,3857,True,True,True,True,Eyes,1.246562,-0.2975391,-3.340539,-0.124083,0.3440453,0.9307181,0,0,0,0,0,0,0,-1.238389,-0.9660162,3.231788,1.259914,-0.3012636,-3.351583,-0.1800928,-0.0007674015,-0.02424155,0.9833505,339.254,0.4424979,357.0947,0.3476937,-0.08326322,-0.9339032,0,0,0,1.232653,0.05084813,-2.536266,-0.03556938,0.03880483,0.8869587,0.9988235,-0.04739948,0.01024071,0.04795229,0.9339579,-0.3541515,0.007222208,0.3542259,0.935132,moving,-7.59387,20.28712,-2.296481,2.505118
05/15/2023 14:23:38.091553,3858,True,True,True,True,Eyes,1.246822,-0.2975037,-3.340549,-0.1195925,0.344401,0.9311743,0,0,0,0,0,0,0,-1.256215,-0.9665838,3.224851,1.260189,-0.3012328,-3.351598,-0.18037,0.001836442,-0.02402421,0.9833037,339.2293,0.7524016,357.063,0.3477646,-0.08325283,-0.9338777,0,0,0,1.237345,0.05085813,-2.53626,-0.03556392,0.03842479,0.8868622,0.9988389,-0.04790867,0.005054933,0.04658372,0.933779,-0.3548052,0.01227806,0.3546288,0.9349266,moving,-7.318546,20.29725,-2.296379,2.480884
05/15/2023 14:23:38.112894,3859,True,True,True,True,Eyes,1.247083,-0.2974658,-3.34056,-0.1150464,0.3447496,0.9316179,0,0,0,0,0,0,0,-1.275332,-0.9660752,3.217678,1.260396,-0.3012661,-3.351696,-0.1805214,0.004639314,-0.02375269,0.9832733,339.2198,1.08471,357.0335,0.3478346,-0.08324227,-0.9338526,0,0,0,1.241653,0.05086732,-2.536254,-0.03620577,0.03827655,0.8868597,0.9988285,-0.04838577,-0.0005476901,0.04503579,0.9336957,-0.3552241,0.01769916,0.3547833,0.934781,moving,-7.039868,20.30723,-2.337784,2.471332
05/15/2023 14:23:38.121284,3860,True,True,True,True,Eyes,1.247331,-0.2974239,-3.340573,-0.1104743,0.345035,0.9320656,0,0,0,0,0,0,0,-1.295667,-0.9657871,3.209783,1.260617,-0.3011768,-3.351767,-0.1806505,0.007644391,-0.02361822,0.983234,339.2138,1.444373,356.983,0.3479041,-0.08323147,-0.9338276,0,0,0,1.246277,0.05087717,-2.536247,-0.03694526,0.03805408,0.8867958,0.9987674,-0.04920641,-0.006499162,0.04368255,0.9336151,-0.3556045,0.02356574,0.3548823,0.9346139,moving,-6.759524,20.31371,-2.38565,2.457162
05/15/2023 14:23:38.141400,3861,True,True,True,True,Eyes,1.24758,-0.297386,-3.340587,-0.1058546,0.3453284,0.932493,0,0,0,0,0,0,0,-1.316601,-0.9659792,3.201344,1.260721,-0.3010441,-3.351882,-0.1807906,0.01078315,-0.02364767,0.9831782,339.2072,1.823858,356.9097,0.3479725,-0.08322036,-0.9338031,0,0,0,1.250724,0.05088665,-2.536241,-0.03804081,0.03772986,0.8867667,0.998649,-0.05039872,-0.01265297,0.04260075,0.9335111,-0.3560088,0.02975408,0.3549888,0.934397,moving,-6.476368,20.32101,-2.456387,2.436332
05/15/2023 14:23:38.161597,3862,True,True,True,True,Eyes,1.247806,-0.2973473,-3.340605,-0.1011316,0.3455426,0.9329377,0,0,0,0,0,0,0,-1.336515,-0.9663841,3.193143,1.260911,-0.3011147,-3.351979,-0.1810857,0.01373668,-0.02342339,0.9830925,339.1818,2.176111,356.8704,0.3480402,-0.08320908,-0.9337789,0,0,0,1.255311,0.05089643,-2.536234,-0.03866702,0.03733933,0.8868445,0.9985253,-0.05102975,-0.01852557,0.04107968,0.9333187,-0.3566914,0.03549213,0.3554044,0.9340386,moving,-6.186778,20.32368,-2.496553,2.410934
05/15/2023 14:23:38.171874,3863,True,True,True,True,Eyes,1.248035,-0.2973074,-3.340622,-0.09635715,0.345763,0.9333612,0,0,0,0,0,0,0,-1.356655,-0.9661633,3.184904,1.261028,-0.3010674,-3.352128,-0.1812926,0.01673501,-0.02314655,0.9830143,339.1666,2.532315,356.8367,0.3481065,-0.08319763,-0.9337553,0,0,0,1.259857,0.05090612,-2.536227,-0.039319,0.03697285,0.8869431,0.9983684,-0.05157464,-0.02450892,0.0394389,0.9331944,-0.3572012,0.04129411,0.3556518,0.9337058,moving,-5.894148,20.32711,-2.538313,2.387033
05/15/2023 14:23:38.191854,3864,True,True,True,True,Eyes,1.248245,-0.2972613,-3.340641,-0.09157598,0.3459464,0.9337746,0,0,0,0,0,0,0,-1.377685,-0.9656907,3.176146,1.261232,-0.3010024,-3.352189,-0.181531,0.019847,-0.02272359,0.9829224,339.1477,2.899203,356.8177,0.3481717,-0.083186,-0.933732,0,0,0,1.264369,0.05091573,-2.536221,-0.04022929,0.03655481,0.8869636,0.9981795,-0.05187673,-0.03076604,0.03746535,0.9330602,-0.3577638,0.04726619,0.3559598,0.9333051,moving,-5.601129,20.32875,-2.596939,2.36002
05/15/2023 14:23:38.211701,3865,True,True,True,True,Eyes,1.248455,-0.2972192,-3.340663,-0.08678919,0.3461552,0.9341543,0,0,0,0,0,0,0,-1.397235,-0.9677966,3.167071,1.261234,-0.3008287,-3.352317,-0.1820419,0.02280907,-0.02255489,0.9827675,339.0974,3.255047,356.77,0.3482353,-0.08317404,-0.9337093,0,0,0,1.268927,0.05092545,-2.536215,-0.04072354,0.03551066,0.8870699,0.997942,-0.05263684,-0.03662015,0.036028,0.932704,-0.3588387,0.05304389,0.3567809,0.932681,moving,-5.307924,20.33242,-2.628485,2.292407
05/15/2023 14:23:38.222078,3866,True,True,True,True,Eyes,1.248648,-0.2971795,-3.340683,-0.08201794,0.3463208,0.9345239,0,0,0,0,0,0,0,-1.414303,-0.969058,3.159294,1.261396,-0.300894,-3.352433,-0.1825258,0.02534884,-0.02217263,0.9826242,339.0481,3.555251,356.7571,0.3482976,-0.0831619,-0.9336872,0,0,0,1.273498,0.05093519,-2.536208,-0.04056708,0.03475147,0.887299,0.9977317,-0.05282836,-0.04172262,0.03432109,0.9323854,-0.3598326,0.05791093,0.3575844,0.9320835,moving,-5.015678,20.33396,-2.617725,2.242869
05/15/2023 14:23:38.241545,3867,True,True,True,True,Eyes,1.248846,-0.2971375,-3.340704,-0.07724835,0.3465062,0.9348615,0,0,0,0,0,0,0,-1.43117,-0.9688872,3.151828,1.261449,-0.3009163,-3.352493,-0.1828826,0.02785144,-0.02156245,0.9825037,339.0125,3.845382,356.773,0.3483583,-0.08314966,-0.9336656,0,0,0,1.277975,0.05094473,-2.536202,-0.04024357,0.03420159,0.8874803,0.9975187,-0.05255745,-0.04684149,0.03218327,0.932178,-0.3605667,0.06261507,0.3581645,0.9315565,moving,-4.723664,20.33722,-2.596349,2.206965
05/15/2023 14:23:38.261772,3868,True,True,True,True,Eyes,1.249021,-0.2970948,-3.340726,-0.07247215,0.3466364,0.9351957,0,0,0,0,0,0,0,-1.448173,-0.9689059,3.144193,1.261691,-0.3008248,-3.352548,-0.1832833,0.0303458,-0.02088699,0.9823697,338.9713,4.133374,356.7965,0.3484176,-0.08313728,-0.9336447,0,0,0,1.282556,0.0509545,-2.536195,-0.03996245,0.03345531,0.8876375,0.9972858,-0.05216125,-0.0519651,0.02991375,0.931942,-0.3613715,0.06727804,0.3588362,0.9309728,moving,-4.431228,20.33755,-2.57778,2.158473
05/15/2023 14:23:38.271804,3869,True,True,True,True,Eyes,1.249191,-0.2970576,-3.340744,-0.06770974,0.3467654,0.9355048,0,0,0,0,0,0,0,-1.464707,-0.9685779,3.136744,1.261674,-0.3007757,-3.352668,-0.1835537,0.03283249,-0.02041761,0.982249,338.9459,4.424475,356.7958,0.348475,-0.08312476,-0.9336243,0,0,0,1.287261,0.05096453,-2.536188,-0.03937945,0.03295341,0.887907,0.9970104,-0.05216341,-0.05700392,0.02805732,0.9317823,-0.3619315,0.07199483,0.3592501,0.9304602,moving,-4.139722,20.33833,-2.539454,2.125476
05/15/2023 14:23:38.291650,3870,True,True,True,True,Eyes,1.249378,-0.2970236,-3.340767,-0.06309293,0.3468435,0.9357985,0,0,0,0,0,0,0,-1.480342,-0.9667054,3.129933,1.261698,-0.3008716,-3.352612,-0.1836605,0.03516328,-0.01983076,0.9821605,338.9383,4.693328,356.8137,0.3485308,-0.08311228,-0.9336047,0,0,0,1.29156,0.05097369,-2.536182,-0.03893077,0.0329293,0.8880566,0.9967406,-0.05187019,-0.0617877,0.02603777,0.9317511,-0.3621627,0.07635621,0.3593735,0.9300647,moving,-3.85713,20.33668,-2.510135,2.123565
05/15/2023 14:23:38.311585,3871,True,True,True,True,Eyes,1.249572,-0.296982,-3.340793,-0.05850678,0.3469426,0.9360597,0,0,0,0,0,0,0,-1.494001,-0.9634094,3.12465,1.261656,-0.3008844,-3.352809,-0.1836827,0.03715298,-0.01882289,0.9821029,338.9371,4.911155,356.8905,0.3485854,-0.0830999,-0.9335854,0,0,0,1.296255,0.05098369,-2.536175,-0.03728144,0.03290617,0.8884966,0.9965308,-0.05062075,-0.06606121,0.02332332,0.9318128,-0.3621892,0.07989096,0.3593919,0.9297606,moving,-3.57652,20.3368,-2.40273,2.121025
05/15/2023 14:23:38.321645,3872,True,True,True,True,Eyes,1.249782,-0.296942,-3.340819,-0.05395089,0.3470357,0.9362988,0,0,0,0,0,0,0,-1.50844,-0.9628189,3.118124,1.261979,-0.3006622,-3.352927,-0.1840491,0.03923607,-0.01794271,0.9819698,338.8965,5.144989,356.9474,0.3486391,-0.0830874,-0.9335665,0,0,0,1.301027,0.05099387,-2.536169,-0.03611032,0.0320411,0.8887914,0.9962772,-0.04968112,-0.07045259,0.02079567,0.931608,-0.3628694,0.08366194,0.3600533,0.9291729,moving,-3.297819,20.33704,-2.326566,2.06463
05/15/2023 14:23:38.341733,3873,True,True,True,True,Eyes,1.249993,-0.296898,-3.340844,-0.04938974,0.3471623,0.9365036,0,0,0,0,0,0,0,-1.525239,-0.9620768,3.110307,1.262161,-0.3006485,-3.352985,-0.1844985,0.04169828,-0.0169613,0.9818015,338.8465,5.422863,357.0072,0.3486924,-0.08307482,-0.9335477,0,0,0,1.305276,0.05100292,-2.536163,-0.03595148,0.03120604,0.889073,0.9959471,-0.04869179,-0.07562019,0.01791873,0.9313452,-0.3636962,0.08813752,0.3608672,0.9284432,moving,-3.018893,20.33977,-2.31561,2.01023
05/15/2023 14:23:38.361691,3874,True,True,True,True,Eyes,1.250205,-0.2968485,-3.340869,-0.04485061,0.3472731,0.9366909,0,0,0,0,0,0,0,-1.541338,-0.9635165,3.102018,1.262338,-0.3005228,-3.353028,-0.1850273,0.04412766,-0.01655853,0.9816026,338.7901,5.710328,356.9971,0.3487453,-0.08306204,-0.9335291,0,0,0,1.309854,0.05101268,-2.536156,-0.03562425,0.03012243,0.8893464,0.9955572,-0.04883742,-0.08050407,0.01617815,0.9309815,-0.3647078,0.09275919,0.3617851,0.9276353,moving,-2.741341,20.34199,-2.293851,1.939884
05/15/2023 14:23:38.371693,3875,True,True,True,True,Eyes,1.250415,-0.2968059,-3.340897,-0.04034347,0.3474052,0.9368469,0,0,0,0,0,0,0,-1.556185,-0.965867,3.093861,1.262268,-0.3003494,-3.353066,-0.1854037,0.0464793,-0.01681925,0.9814184,338.7552,6.002671,356.9096,0.348798,-0.08304894,-0.9335106,0,0,0,1.314364,0.05102229,-2.53615,-0.03524842,0.02927119,0.889623,0.9951136,-0.05024832,-0.08499458,0.01577859,0.9306852,-0.3654807,0.09746799,0.3623537,0.9269303,moving,-2.465807,20.34599,-2.268972,1.884518
05/15/2023 14:23:38.392000,3876,True,True,True,True,Eyes,1.250632,-0.2967667,-3.340926,-0.03599676,0.3475046,0.9369871,0,0,0,0,0,0,0,-1.568321,-0.9675877,3.087405,1.262384,-0.3004864,-3.353211,-0.1857953,0.04835497,-0.01683896,0.9812536,338.7157,6.232247,356.8615,0.3488503,-0.08303574,-0.9334922,0,0,0,1.319164,0.05103252,-2.536143,-0.03387514,0.02865338,0.8901802,0.9947565,-0.05101482,-0.08863976,0.01507832,0.9303932,-0.366253,0.1011541,0.3629961,0.9262838,moving,-2.200082,20.34853,-2.179296,1.843617
05/15/2023 14:23:38.413534,3877,True,True,True,True,Eyes,1.250848,-0.2967331,-3.340957,-0.03168939,0.3475823,0.9371139,0,0,0,0,0,0,0,-1.580003,-0.9660121,3.081996,1.262381,-0.3005141,-3.353263,-0.1858111,0.05013449,-0.01651098,0.9811667,338.7174,6.44019,356.8606,0.3489024,-0.08302253,-0.9334739,0,0,0,1.323321,0.05104138,-2.536137,-0.03271524,0.02863121,0.8905676,0.9944279,-0.05103114,-0.09224474,0.01376896,0.9304032,-0.3662789,0.1045164,0.3629679,0.9259215,moving,-1.936773,20.35018,-2.10383,1.841391
05/15/2023 14:23:38.421918,3878,True,True,True,True,Eyes,1.25104,-0.2967002,-3.340984,-0.02713476,0.3475094,0.9372838,0,0,0,0,0,0,0,-1.591669,-0.9631128,3.077059,1.262536,-0.3006105,-3.353345,-0.185628,0.05188493,-0.01618537,0.9811159,338.7422,6.64348,356.8617,0.3489544,-0.08300947,-0.9334556,0,0,0,1.328026,0.05105141,-2.53613,-0.0311295,0.02902213,0.8910576,0.994092,-0.05102203,-0.09580133,0.01249686,0.9305606,-0.3659246,0.1078192,0.3625655,0.9257004,moving,-1.658274,20.34287,-2.00084,1.865489
05/15/2023 14:23:38.441537,3879,True,True,True,True,Eyes,1.25123,-0.2966684,-3.341017,-0.02261133,0.3474281,0.937434,0,0,0,0,0,0,0,-1.60471,-0.9599922,3.071307,1.262616,-0.3005918,-3.353364,-0.1853974,0.05387024,-0.01589908,0.9810572,338.7734,6.875768,356.8532,0.3490057,-0.08299659,-0.9334376,0,0,0,1.332546,0.05106105,-2.536124,-0.03006919,0.02939734,0.8914393,0.9936904,-0.05117061,-0.09980426,0.01122101,0.9307501,-0.3654837,0.1115948,0.3620578,0.9254516,moving,-1.381732,20.33551,-1.931915,1.888781
05/15/2023 14:23:38.461663,3880,True,True,True,True,Eyes,1.251409,-0.2966372,-3.341053,-0.01810542,0.3473045,0.9375776,0,0,0,0,0,0,0,-1.617491,-0.9578007,3.065545,1.262697,-0.3005866,-3.353575,-0.1852979,0.05581908,-0.0156214,0.9809715,338.7892,7.104637,356.8434,0.3490562,-0.08298389,-0.9334199,0,0,0,1.337133,0.05107082,-2.536117,-0.02890671,0.02947125,0.8920415,0.9932804,-0.05133461,-0.1037246,0.009961977,0.9308413,-0.3652878,0.1153031,0.3617999,0.9250979,moving,-1.106293,20.32601,-1.856027,1.892248
05/15/2023 14:23:38.471654,3881,True,True,True,True,Eyes,1.251594,-0.2966028,-3.341091,-0.01365222,0.3471911,0.937695,0,0,0,0,0,0,0,-1.62903,-0.9557347,3.060254,1.262735,-0.3005634,-3.353727,-0.1852526,0.05757409,-0.01524206,0.9808846,338.7974,7.308122,356.8499,0.3491058,-0.08297137,-0.9334025,0,0,0,1.341565,0.05108027,-2.536111,-0.02747515,0.02944455,0.8926041,0.9929058,-0.05123289,-0.1072998,0.008569899,0.9308983,-0.3651779,0.1185943,0.3616677,0.9247334,moving,-0.8341296,20.31758,-1.763058,1.889345
05/15/2023 14:23:38.491360,3882,True,True,True,True,Eyes,1.251776,-0.296568,-3.341132,-0.00917685,0.3470542,0.9378002,0,0,0,0,0,0,0,-1.63978,-0.9555018,3.054771,1.262999,-0.3004557,-3.353811,-0.1853779,0.05920433,-0.01508606,0.9807662,338.7869,7.502641,356.8306,0.3491547,-0.08295892,-0.9333853,0,0,0,1.346285,0.05109033,-2.536104,-0.0258425,0.02906188,0.8931137,0.9925345,-0.05154214,-0.110538,0.007641447,0.9308149,-0.365411,0.1217245,0.3618384,0.9242598,moving,-0.5606503,20.30814,-1.657407,1.863745
05/15/2023 14:23:38.511715,3883,True,True,True,True,Eyes,1.251963,-0.2965326,-3.341178,-0.004758859,0.3469427,0.9378743,0,0,0,0,0,0,0,-1.649986,-0.9565495,3.049136,1.263068,-0.300416,-3.353965,-0.185573,0.06081691,-0.01523263,0.9806284,338.7706,7.702326,356.7745,0.3492027,-0.08294652,-0.9333684,0,0,0,1.350559,0.05109944,-2.536098,-0.02456184,0.02859774,0.8937016,0.9921386,-0.05244705,-0.1136241,0.007303148,0.9306613,-0.3658091,0.1249311,0.3621035,0.923728,moving,-0.2907214,20.30067,-1.574279,1.832794
05/15/2023 14:23:38.521623,3884,True,True,True,True,Eyes,1.252157,-0.296501,-3.341223,-0.0003898263,0.3468729,0.9379121,0,0,0,0,0,0,0,-1.659563,-0.9586421,3.043568,1.263294,-0.300379,-3.354148,-0.1859036,0.062316,-0.01542072,0.9804687,338.7386,7.890181,356.7146,0.3492502,-0.08293411,-0.9333518,0,0,0,1.355057,0.05110903,-2.536092,-0.0230407,0.02788392,0.8943555,0.9917579,-0.0534086,-0.1164642,0.007069535,0.9304042,-0.3664672,0.1279313,0.3626233,0.9231132,moving,-0.02381396,20.29617,-1.475747,1.78577
05/15/2023 14:23:38.541733,3885,True,True,True,True,Eyes,1.252355,-0.2964658,-3.341268,0.003957307,0.3468212,0.9379228,0,0,0,0,0,0,0,-1.670787,-0.9603555,3.036997,1.263466,-0.300442,-3.354184,-0.1863249,0.06406155,-0.01536831,0.980277,338.6951,8.103171,356.677,0.3492973,-0.08292182,-0.9333352,0,0,0,1.359793,0.05111912,-2.536085,-0.02155973,0.027125,0.8949638,0.9913199,-0.05400293,-0.1198691,0.006257883,0.9300937,-0.367269,0.1313231,0.3633309,0.9223583,moving,0.2417424,20.29317,-1.379992,1.736017
05/15/2023 14:23:38.561698,3886,True,True,True,True,Eyes,1.252558,-0.29643,-3.341314,0.008384025,0.3467614,0.9379159,0,0,0,0,0,0,0,-1.682685,-0.9621665,3.030008,1.263701,-0.3003373,-3.354251,-0.1865928,0.06594416,-0.01565282,0.9800968,338.6728,8.339424,356.5971,0.3493441,-0.08290952,-0.9333187,0,0,0,1.364272,0.05112867,-2.536078,-0.02076658,0.02648857,0.8954974,0.9908128,-0.05529196,-0.1234219,0.006073147,0.9298763,-0.3678223,0.1351047,0.3636935,0.921669,moving,0.512153,20.2901,-1.328451,1.6943
05/15/2023 14:23:38.571879,3887,True,True,True,True,Eyes,1.252765,-0.2964029,-3.341359,0.0127684,0.3467094,0.9378856,0,0,0,0,0,0,0,-1.694112,-0.9652044,3.022747,1.263714,-0.3002911,-3.354323,-0.1870006,0.06780918,-0.01606718,0.979885,338.6355,8.577598,356.5003,0.3493909,-0.0828972,-0.9333023,0,0,0,1.369014,0.05113877,-2.536072,-0.01952247,0.02566078,0.8961514,0.9902875,-0.0568487,-0.1268813,0.006127265,0.9295452,-0.3686572,0.1388995,0.3642992,0.9208654,moving,0.7799781,20.28791,-1.247979,1.640184
05/15/2023 14:23:38.591573,3888,True,True,True,True,Eyes,1.252989,-0.2963718,-3.341407,0.01715746,0.3466282,0.9378457,0,0,0,0,0,0,0,-1.705017,-0.9652164,3.016765,1.263947,-0.3004791,-3.354363,-0.1871363,0.06950606,-0.01609416,0.9797398,338.6261,8.784779,356.4568,0.3494376,-0.08288509,-0.9332859,0,0,0,1.37359,0.05114853,-2.536065,-0.01822903,0.02553084,0.8968225,0.9898198,-0.05755037,-0.1301721,0.005521961,0.929442,-0.3689269,0.1422193,0.3644523,0.9202979,moving,1.048083,20.28434,-1.164448,1.630662
05/15/2023 14:23:38.611719,3889,True,True,True,True,Eyes,1.253223,-0.2963417,-3.341456,0.02150594,0.3465511,0.9377846,0,0,0,0,0,0,0,-1.715889,-0.9643654,3.011038,1.264097,-0.300335,-3.354472,-0.1871569,0.07119352,-0.01596406,0.9796168,338.6287,8.986453,356.4337,0.3494848,-0.08287305,-0.9332693,0,0,0,1.37787,0.05115765,-2.536059,-0.01706478,0.02525666,0.8974202,0.9893532,-0.05792602,-0.1335092,0.004628597,0.9294349,-0.368957,0.1454603,0.364411,0.9198076,moving,1.313717,20.2814,-1.089369,1.612086
05/15/2023 14:23:38.621475,3890,True,True,True,True,Eyes,1.253442,-0.2963132,-3.341499,0.0261354,0.3463732,0.9377326,0,0,0,0,0,0,0,-1.727019,-0.9640909,3.005017,1.264509,-0.3003328,-3.354551,-0.1872321,0.07290025,-0.01596453,0.9794769,338.6262,9.193854,356.3938,0.3495325,-0.08286108,-0.9332525,0,0,0,1.382533,0.05116759,-2.536052,-0.01587453,0.02503273,0.8980777,0.9888614,-0.0585723,-0.13683,0.003975245,0.9293786,-0.3691066,0.1487863,0.3644514,0.9192594,moving,1.596468,20.27288,-1.012661,1.596631
05/15/2023 14:23:38.641480,3891,True,True,True,True,Eyes,1.253662,-0.2962801,-3.34154,0.03076278,0.346198,0.937657,0,0,0,0,0,0,0,-1.739856,-0.9647199,2.997461,1.264735,-0.3003572,-3.354517,-0.1873008,0.07496199,-0.01636211,0.9793015,338.6296,9.453239,356.298,0.3495805,-0.08284925,-0.9332356,0,0,0,1.387052,0.05117722,-2.536046,-0.01541163,0.02490428,0.8986521,0.988226,-0.06012776,-0.1406915,0.003966,0.9293014,-0.369301,0.15295,0.3643948,0.9185982,moving,1.879094,20.26495,-0.9825102,1.587427
05/15/2023 14:23:38.661464,3892,True,True,True,True,Eyes,1.253868,-0.2962503,-3.341582,0.03551631,0.3459704,0.937573,0,0,0,0,0,0,0,-1.753557,-0.9657417,2.989248,1.264913,-0.3002279,-3.354561,-0.1873448,0.07719194,-0.01691076,0.9791106,338.6385,9.736259,356.1805,0.3496287,-0.08283742,-0.9332185,0,0,0,1.391655,0.05118703,-2.536039,-0.01518227,0.02465531,0.8992752,0.9875109,-0.06203802,-0.1448226,0.004191994,0.9292319,-0.3694732,0.1574952,0.3642517,0.9178867,moving,2.169391,20.25438,-0.9672205,1.570478
05/15/2023 14:23:38.671934,3893,True,True,True,True,Eyes,1.254081,-0.2962241,-3.341621,0.04025185,0.3457525,0.937462,0,0,0,0,0,0,0,-1.766256,-0.9654427,2.982018,1.264974,-0.3002845,-3.354674,-0.1875017,0.07920339,-0.01679443,0.9789219,338.627,9.978749,356.1466,0.3496768,-0.08282569,-0.9332016,0,0,0,1.396132,0.05119657,-2.536033,-0.01434685,0.02428564,0.9000664,0.9868895,-0.06258239,-0.1487699,0.003179332,0.9291221,-0.3697593,0.1613658,0.3644385,0.9171399,moving,2.458601,20.24487,-0.9132042,1.545583
05/15/2023 14:23:38.691675,3894,True,True,True,True,Eyes,1.254285,-0.2962005,-3.341656,0.04512651,0.3454696,0.9373443,0,0,0,0,0,0,0,-1.780951,-0.963351,2.974083,1.265313,-0.300344,-3.354665,-0.1875566,0.08145625,-0.01635539,0.9787338,338.6249,10.24247,356.1472,0.349725,-0.08281415,-0.9331846,0,0,0,1.400653,0.05120621,-2.536026,-0.01403242,0.0240936,0.9007198,0.9861948,-0.06257045,-0.1533129,0.00145983,0.9291101,-0.3698004,0.1655831,0.3644714,0.9163748,moving,2.756259,20.23198,-0.8925458,1.532255
05/15/2023 14:23:38.711894,3895,True,True,True,True,Eyes,1.254499,-0.2961766,-3.341686,0.04998909,0.3451768,0.9372055,0,0,0,0,0,0,0,-1.796059,-0.9604059,2.966028,1.265509,-0.3003794,-3.354667,-0.1873877,0.08382287,-0.01611811,0.9785703,338.6514,10.5227,356.1239,0.349773,-0.08280286,-0.9331676,0,0,0,1.405289,0.05121609,-2.53602,-0.0137495,0.02429304,0.9014224,0.9854279,-0.06296016,-0.1580124,0.0001306733,0.9292521,-0.3694461,0.1700938,0.3640419,0.9157192,moving,3.053175,20.21897,-0.8738711,1.543729
05/15/2023 14:23:38.721389,3896,True,True,True,True,Eyes,1.254685,-0.2961532,-3.341711,0.05500952,0.3448571,0.9370419,0,0,0,0,0,0,0,-1.811056,-0.9576393,2.957896,1.265899,-0.3003503,-3.354613,-0.1871816,0.08616295,-0.01600352,0.9784084,338.6833,10.80216,356.087,0.3498212,-0.08279181,-0.9331505,0,0,0,1.4097,0.05122549,-2.536014,-0.01387468,0.02452993,0.901995,0.9846397,-0.06357219,-0.162614,-0.0009402751,0.9294139,-0.3690379,0.1745962,0.3635222,0.915078,moving,3.359722,20.205,-0.8812665,1.557786
05/15/2023 14:23:38.741624,3897,True,True,True,True,Eyes,1.254883,-0.2961265,-3.341734,0.06001537,0.3445212,0.9368582,0,0,0,0,0,0,0,-1.825089,-0.9554164,2.950129,1.266136,-0.3003593,-3.354656,-0.1869717,0.08839568,-0.01605982,0.9782484,338.7173,11.07238,356.0323,0.349869,-0.08278102,-0.9331335,0,0,0,1.414221,0.05123513,-2.536007,-0.01364015,0.02479506,0.9027362,0.9838566,-0.06447595,-0.1669404,-0.001633993,0.9295674,-0.3686487,0.1789513,0.3629702,0.9144557,moving,3.665374,20.19055,-0.865661,1.573322
05/15/2023 14:23:38.761577,3898,True,True,True,True,Eyes,1.255087,-0.2961034,-3.341754,0.06501339,0.344178,0.9366509,0,0,0,0,0,0,0,-1.83973,-0.953384,2.941871,1.266542,-0.3002528,-3.354678,-0.1866996,0.09072649,-0.0162889,0.9780831,338.761,11.35777,355.9555,0.3499166,-0.08277035,-0.9331166,0,0,0,1.418891,0.05124508,-2.536,-0.01366432,0.02508688,0.9034259,0.9830068,-0.065741,-0.1713938,-0.002013409,0.9297559,-0.3681712,0.1835584,0.3622598,0.9138239,moving,3.97056,20.17616,-0.8665328,1.590615
05/15/2023 14:23:38.778409,3899,True,True,True,True,Eyes,1.255329,-0.2960793,-3.341775,0.07000748,0.3438661,0.9364054,0,0,0,0,0,0,0,-1.854681,-0.9518605,2.933051,1.266837,-0.3003269,-3.354638,-0.1865397,0.09313607,-0.01652702,0.9778831,338.7923,11.65386,355.8745,0.3499643,-0.08275989,-0.9330997,0,0,0,1.423392,0.05125467,-2.535994,-0.01389822,0.02535751,0.9041352,0.9821051,-0.06707014,-0.1759865,-0.002424153,0.9298596,-0.3679066,0.1883183,0.3617495,0.9130573,moving,4.275589,20.16421,-0.8806723,1.606505
05/15/2023 14:23:38.796492,3900,True,True,True,True,Eyes,1.255579,-0.2960554,-3.341792,0.07504866,0.3435387,0.9361351,0,0,0,0,0,0,0,-1.871628,-0.9499635,2.923082,1.267397,-0.3002701,-3.354604,-0.1862944,0.09584174,-0.01682363,0.9776635,338.8358,11.98632,355.7811,0.350013,-0.08274958,-0.9330823,0,0,0,1.428069,0.05126464,-2.535987,-0.01476678,0.02564868,0.9047924,0.9810627,-0.06860526,-0.1811336,-0.002813864,0.9300227,-0.3674913,0.1936702,0.3610417,0.9122175,moving,4.583521,20.1519,-0.9350203,1.623762
05/15/2023 14:23:38.811553,3901,True,True,True,True,Eyes,1.25585,-0.2960335,-3.34181,0.07998753,0.343185,0.9358557,0,0,0,0,0,0,0,-1.890364,-0.9485649,2.911572,1.267758,-0.300263,-3.354568,-0.1860632,0.098906,-0.01731978,0.9773936,338.8821,12.36676,355.6557,0.3500628,-0.08273939,-0.9330645,0,0,0,1.432609,0.05127432,-2.535981,-0.01630332,0.02596387,0.9054833,0.9798352,-0.07066204,-0.186895,-0.002949043,0.9301611,-0.3671401,0.1997853,0.3602879,0.9111962,moving,4.885194,20.13835,-1.031505,1.642452
05/15/2023 14:23:38.821369,3902,True,True,True,True,Eyes,1.25585,-0.2960335,-3.34181,0.07998753,0.343185,0.9358557,0,0,0,0,0,0,0,-1.909079,-0.9467332,2.900029,1.268037,-0.3003063,-3.354541,-0.1856833,0.1020075,-0.01799014,0.9771348,338.9486,12.75399,355.5113,0.3501141,-0.08272935,-0.9330462,0,0,0,1.437229,0.05128417,-2.535974,-0.01783173,0.02661544,0.906238,0.9785416,-0.07303977,-0.1926693,-0.002724598,0.9303961,-0.3665454,0.2060312,0.3592049,0.9102324,moving,4.885194,20.13835,-1.127244,1.682245
05/15/2023 14:23:38.841680,3903,True,True,True,True,Eyes,1.25585,-0.2960335,-3.34181,0.07998753,0.343185,0.9358557,0,0,0,0,0,0,0,-1.925953,-0.9445051,2.889623,1.268232,-0.3002995,-3.354507,-0.1852945,0.1048087,-0.01848675,0.9769029,339.0131,13.1007,355.395,0.3501603,-0.08272032,-0.9330297,0,0,0,1.441492,0.05129325,-2.535968,-0.01902962,0.02723047,0.9069393,0.9773467,-0.07496051,-0.197925,-0.002721445,0.9306483,-0.3659047,0.2116269,0.3581544,0.9093621,moving,4.885194,20.13835,-1.202017,1.719765
05/15/2023 14:23:38.861963,3904,True,True,True,True,Eyes,1.256168,-0.2960107,-3.341829,0.08524587,0.3428255,0.9355232,0,0,0,0,0,0,0,-1.943137,-0.9420945,2.87913,1.26862,-0.3003097,-3.354569,-0.1850027,0.1076062,-0.01872554,0.9766495,339.0633,13.44217,355.3084,0.3502019,-0.0827122,-0.9330148,0,0,0,1.446127,0.05130313,-2.535961,-0.01997717,0.02760702,0.9077984,0.9761406,-0.07639144,-0.2032584,-0.003238295,0.9308467,-0.3653956,0.2171155,0.3573357,0.9083897,moving,5.206474,20.12552,-1.260657,1.741883
05/15/2023 14:23:38.872105,3905,True,True,True,True,Eyes,1.256487,-0.2959859,-3.341845,0.09047719,0.342463,0.9351646,0,0,0,0,0,0,0,-1.95943,-0.9405944,2.868609,1.268752,-0.3002661,-3.354566,-0.1848732,0.1103078,-0.01890831,0.9763691,339.0939,13.77243,355.2283,0.3502469,-0.08270395,-0.9329987,0,0,0,1.450697,0.05131288,-2.535955,-0.02054074,0.02765146,0.9086525,0.9749494,-0.07770889,-0.2084109,-0.003862919,0.9309288,-0.3651804,0.2223935,0.3568375,0.9073082,moving,5.526168,20.11304,-1.294992,1.743046
05/15/2023 14:23:38.896637,3906,True,True,True,True,Eyes,1.256786,-0.295963,-3.341855,0.095713,0.3420366,0.9347995,0,0,0,0,0,0,0,-1.973604,-0.939096,2.859425,1.269009,-0.3001944,-3.354523,-0.1847625,0.1126349,-0.01899542,0.9761226,339.1193,14.0554,355.1678,0.3502952,-0.08269554,-0.9329813,0,0,0,1.455477,0.05132306,-2.535948,-0.0203153,0.02765375,0.9095178,0.9739051,-0.07870512,-0.2128716,-0.004537681,0.9310039,-0.3649808,0.2269102,0.3564226,0.9063524,moving,5.846074,20.09722,-1.279566,1.741533
05/15/2023 14:23:38.911610,3907,True,True,True,True,Eyes,1.257091,-0.2959415,-3.34186,0.1008738,0.341612,0.934412,0,0,0,0,0,0,0,-1.985584,-0.9366162,2.851903,1.269133,-0.300244,-3.354445,-0.1846113,0.1145913,-0.01884111,0.9759266,339.1443,14.28774,355.1453,0.3503458,-0.08268709,-0.9329631,0,0,0,1.459654,0.05133196,-2.535942,-0.01979835,0.02783871,0.9103208,0.9730277,-0.07908476,-0.2167088,-0.005534622,0.9311273,-0.3646522,0.2306219,0.3560161,0.905575,moving,6.161464,20.08193,-1.245916,1.751628
05/15/2023 14:23:38.921746,3908,True,True,True,True,Eyes,1.257354,-0.2959244,-3.341847,0.1062672,0.3411162,0.9339951,0,0,0,0,0,0,0,-1.99653,-0.9345158,2.845006,1.269501,-0.300253,-3.354359,-0.1845074,0.1163404,-0.01867324,0.9757425,339.1625,14.49517,355.1282,0.3503988,-0.08267862,-0.9329439,0,0,0,1.464246,0.05134175,-2.535936,-0.01874171,0.02790651,0.9111704,0.9722324,-0.07937189,-0.2201459,-0.006490783,0.9312167,-0.3644083,0.2339273,0.3557185,0.9048439,moving,6.491033,20.06334,-1.178341,1.754255
05/15/2023 14:23:38.941359,3909,True,True,True,True,Eyes,1.257622,-0.2959028,-3.341826,0.1115895,0.3405862,0.9335678,0,0,0,0,0,0,0,-2.007202,-0.9302855,2.838731,1.269777,-0.3003935,-3.354119,-0.1840604,0.1180617,-0.0185597,0.9756222,339.221,14.69665,355.1114,0.3504531,-0.08267034,-0.9329242,0,0,0,1.468731,0.05135131,-2.535929,-0.01764916,0.02879202,0.9119214,0.9714339,-0.07967547,-0.2235351,-0.007246463,0.9315547,-0.3635291,0.2371995,0.3547644,0.9043664,moving,6.816231,20.04309,-1.108754,1.808394
05/15/2023 14:23:38.961661,3910,True,True,True,True,Eyes,1.257883,-0.2958852,-3.341803,0.1168071,0.3400272,0.9331332,0,0,0,0,0,0,0,-2.017818,-0.9276931,2.831955,1.2701,-0.3002611,-3.353933,-0.1835276,0.1198436,-0.01903425,0.9754963,339.2986,14.91709,355.0248,0.3505087,-0.08266211,-0.9329041,0,0,0,1.473361,0.05136118,-2.535923,-0.01679729,0.02965781,0.9126514,0.9705504,-0.08112492,-0.2268274,-0.006853548,0.9319106,-0.3626233,0.2408007,0.3534987,0.9039103,moving,7.135019,20.02139,-1.054406,1.861247
05/15/2023 14:23:38.971784,3911,True,True,True,True,Eyes,1.257883,-0.2958852,-3.341803,0.1168071,0.3400272,0.9331332,0,0,0,0,0,0,0,-2.025923,-0.9244035,2.827197,1.270153,-0.3003341,-3.353869,-0.1830136,0.1212087,-0.01923935,0.9754201,339.3679,15.08127,354.9796,0.3505654,-0.08265407,-0.9328834,0,0,0,1.477842,0.05137073,-2.535916,-0.01502405,0.03061634,0.9136276,0.9698765,-0.0818986,-0.2294168,-0.006832801,0.9322718,-0.3616943,0.243501,0.3523664,0.9036289,moving,7.135019,20.02139,-0.9421093,1.919306
05/15/2023 14:23:38.991659,3912,True,True,True,True,Eyes,1.257883,-0.2958852,-3.341803,0.1168071,0.3400272,0.9331332,0,0,0,0,0,0,0,-2.033304,-0.9201552,2.82335,1.270348,-0.3002834,-3.353858,-0.1823888,0.1224077,-0.01929555,0.9753863,339.4469,15.22081,354.9579,0.3506164,-0.08264682,-0.9328649,0,0,0,1.482463,0.05138058,-2.53591,-0.01289897,0.0316295,0.9146217,0.9692881,-0.08229284,-0.2317511,-0.007010356,0.9327241,-0.3605228,0.2458283,0.3510751,0.9035013,moving,7.135019,20.02139,-0.8079923,1.980617
05/15/2023 14:23:39.011705,3913,True,True,True,True,Eyes,1.257883,-0.2958852,-3.341803,0.1168071,0.3400272,0.9331332,0,0,0,0,0,0,0,-2.041207,-0.9150695,2.819173,1.27055,-0.3004583,-3.353661,-0.181817,0.1236684,-0.01909074,0.9753381,339.5161,15.36282,354.9653,0.3506623,-0.08264031,-0.9328482,0,0,0,1.487001,0.05139025,-2.535903,-0.01084925,0.03276402,0.9155248,0.9686833,-0.08220991,-0.234295,-0.007730195,0.9331562,-0.359388,0.2481791,0.3499443,0.9032974,moving,7.135019,20.02139,-0.678941,2.049577
05/15/2023 14:23:39.023158,3914,True,True,True,True,Eyes,1.257883,-0.2958852,-3.341803,0.1168071,0.3400272,0.9331332,0,0,0,0,0,0,0,-2.050742,-0.9114743,2.81344,1.270908,-0.3003662,-3.353558,-0.181311,0.1252207,-0.01917175,0.9752326,339.5836,15.54693,354.9312,0.3507036,-0.08263443,-0.9328332,0,0,0,1.491639,0.05140014,-2.535897,-0.00950034,0.03352684,0.9164156,0.9679044,-0.08280162,-0.2372866,-0.008013962,0.9335175,-0.3584421,0.2511908,0.3488393,0.9028922,moving,7.135019,20.02139,-0.5939552,2.095217
05/15/2023 14:23:39.041820,3915,True,True,True,True,Eyes,1.258166,-0.2958697,-3.341747,0.1223867,0.3394656,0.9326224,0,0,0,0,0,0,0,-2.060539,-0.9084915,2.807108,1.271079,-0.3003714,-3.353382,-0.1808765,0.1268677,-0.01935104,0.9750969,339.6451,15.74532,354.8822,0.3507408,-0.08262915,-0.9328197,0,0,0,1.496406,0.0514103,-2.53589,-0.008053929,0.03428277,0.9173744,0.9670601,-0.08363306,-0.2404164,-0.008156525,0.9338184,-0.3576543,0.2544169,0.3478343,0.9023765,moving,7.476121,20.00102,-0.5030054,2.140178
05/15/2023 14:23:39.061544,3916,True,True,True,True,Eyes,1.258469,-0.2958563,-3.341697,0.1276919,0.3389734,0.93209,0,0,0,0,0,0,0,-2.070636,-0.9053417,2.800611,1.271305,-0.3003834,-3.35323,-0.1803717,0.1285677,-0.01961668,0.9749625,339.7164,15.95103,354.8234,0.3507817,-0.08262386,-0.9328048,0,0,0,1.500658,0.05141936,-2.535884,-0.007302091,0.03518382,0.918222,0.9661711,-0.08463097,-0.2436207,-0.008128887,0.9341625,-0.3567554,0.2577738,0.3466671,0.9018728,moving,7.80069,19.98482,-0.4556308,2.194348
05/15/2023 14:23:39.071967,3917,True,True,True,True,Eyes,1.258772,-0.295848,-3.34164,0.1329417,0.3384638,0.9315411,0,0,0,0,0,0,0,-2.080674,-0.9027014,2.794038,1.27147,-0.3003998,-3.353184,-0.180015,0.1302551,-0.01974649,0.9748017,339.7685,16.15402,354.7784,0.3508264,-0.08261859,-0.9327884,0,0,0,1.505373,0.05142941,-2.535877,-0.006001472,0.03574365,0.9193321,0.9652874,-0.08539355,-0.2468365,-0.0083979,0.9344094,-0.3561019,0.2610551,0.3458136,0.9012564,moving,8.121932,19.96798,-0.3740261,2.22654
05/15/2023 14:23:39.102197,3918,True,True,True,True,Eyes,1.259104,-0.2958446,-3.341589,0.1379813,0.338063,0.9309536,0,0,0,0,0,0,0,-2.092873,-0.8990977,2.785956,1.271725,-0.3005113,-3.352977,-0.1796449,0.1322845,-0.01970741,0.9745975,339.8213,16.39473,354.7465,0.3508746,-0.08261349,-0.9327707,0,0,0,1.509756,0.05143875,-2.535871,-0.005636007,0.03640985,0.920235,0.9642249,-0.08594206,-0.2507675,-0.009114875,0.9346786,-0.355377,0.2649289,0.3449491,0.900457,moving,8.43072,19.95779,-0.3509054,2.265773
05/15/2023 14:23:39.111772,3919,True,True,True,True,Eyes,1.259441,-0.2958411,-3.341532,0.1430044,0.3376235,0.9303549,0,0,0,0,0,0,0,-2.104573,-0.8962791,2.778088,1.271939,-0.3005915,-3.352929,-0.1793269,0.1342492,-0.01977122,0.974386,339.8695,16.63031,354.703,0.3509265,-0.08260865,-0.9327516,0,0,0,1.514201,0.05144823,-2.535864,-0.005142227,0.0369176,0.9213181,0.9631726,-0.08667857,-0.25453,-0.009619387,0.934902,-0.3547758,0.268712,0.3441587,0.8996381,moving,8.738512,19.94571,-0.3197862,2.294638
05/15/2023 14:23:39.128518,3920,True,True,True,True,Eyes,1.259792,-0.2958397,-3.341479,0.1480194,0.3372112,0.9297197,0,0,0,0,0,0,0,-2.118761,-0.8917135,2.768709,1.272338,-0.3005754,-3.35274,-0.178734,0.1366179,-0.01986768,0.9741637,339.9522,16.91217,354.6527,0.3509821,-0.08260404,-0.9327311,0,0,0,1.518874,0.05145818,-2.535858,-0.005313635,0.03786746,0.9222482,0.9618816,-0.08754531,-0.2590744,-0.01012781,0.9353188,-0.3536611,0.2732786,0.3428039,0.8987793,moving,9.046063,19.93581,-0.3301123,2.35124
05/15/2023 14:23:39.141833,3921,True,True,True,True,Eyes,1.260142,-0.2958395,-3.341424,0.1530321,0.3367778,0.929065,0,0,0,0,0,0,0,-2.134019,-0.8891711,2.757791,1.272499,-0.3006063,-3.352679,-0.1784907,0.1392245,-0.01995805,0.9738374,339.9961,17.22687,354.5913,0.3510411,-0.08259969,-0.9327093,0,0,0,1.523405,0.05146784,-2.535851,-0.005879357,0.03814015,0.9233793,0.9604364,-0.08857236,-0.2640394,-0.01082877,0.9354855,-0.3531992,0.2782887,0.3420846,0.8975152,moving,9.353557,19.92513,-0.3648098,2.365256
05/15/2023 14:23:39.161867,3922,True,True,True,True,Eyes,1.260522,-0.295846,-3.341376,0.1580216,0.3363678,0.9283781,0,0,0,0,0,0,0,-2.148831,-0.8862098,2.747226,1.272741,-0.3006341,-3.352588,-0.1781353,0.1417561,-0.02011965,0.9735339,340.0538,17.53255,354.5256,0.3511033,-0.0825956,-0.9326862,0,0,0,1.527918,0.05147746,-2.535845,-0.006435037,0.0386498,0.9244635,0.9590009,-0.08967783,-0.2688406,-0.01132918,0.9357261,-0.3525456,0.2831767,0.3411373,0.8963461,moving,9.659882,19.91635,-0.39882,2.394017
05/15/2023 14:23:39.172044,3923,True,True,True,True,Eyes,1.2609,-0.2958475,-3.341327,0.1630404,0.3359367,0.9276661,0,0,0,0,0,0,0,-2.163825,-0.8823472,2.736769,1.272966,-0.300754,-3.352564,-0.1776524,0.1443195,-0.02026882,0.9732425,340.1263,17.84018,354.4637,0.351169,-0.0825919,-0.9326618,0,0,0,1.532485,0.0514872,-2.535838,-0.00701347,0.03944945,0.9256666,0.9575222,-0.09073035,-0.2737141,-0.01182446,0.9360576,-0.3516481,0.2881173,0.3399473,0.895223,moving,9.968122,19.90689,-0.4341029,2.440317
05/15/2023 14:23:39.191893,3924,True,True,True,True,Eyes,1.261275,-0.2958492,-3.341277,0.1680919,0.3355251,0.9269131,0,0,0,0,0,0,0,-2.180795,-0.879505,2.724221,1.273243,-0.3006346,-3.352499,-0.177308,0.1472449,-0.02045809,0.972863,340.186,18.19416,354.3868,0.3512379,-0.0825884,-0.9326362,0,0,0,1.537031,0.05149689,-2.535832,-0.008323997,0.03975818,0.9267554,0.9558008,-0.09202123,-0.2792435,-0.01240955,0.9362867,-0.3510174,0.293753,0.338968,0.8937617,moving,10.27865,19.8993,-0.5146095,2.456506
05/15/2023 14:23:39.211407,3925,True,True,True,True,Eyes,1.261643,-0.2958591,-3.341227,0.173116,0.3350889,0.9261459,0,0,0,0,0,0,0,-2.195347,-0.8775043,2.713146,1.273312,-0.3006276,-3.352465,-0.1770501,0.1498016,-0.02070925,0.9725142,340.235,18.50578,354.3088,0.3513094,-0.08258511,-0.9326096,0,0,0,1.541499,0.05150641,-2.535825,-0.008897215,0.04004121,0.9279764,0.9542612,-0.09332485,-0.2840352,-0.01276468,0.9364488,-0.3505719,0.2987015,0.3381628,0.8924256,moving,10.58759,19.89063,-0.5493214,2.47072
05/15/2023 14:23:39.221652,3926,True,True,True,True,Eyes,1.261993,-0.2958744,-3.341166,0.1782154,0.334628,0.9253449,0,0,0,0,0,0,0,-2.208567,-0.8734915,2.703737,1.27347,-0.3008242,-3.352422,-0.1766286,0.1520738,-0.0206844,0.9722388,340.2961,18.77523,354.2733,0.3513833,-0.08258224,-0.932582,0,0,0,1.54604,0.05151609,-2.535819,-0.008874953,0.04077455,0.929267,0.9528914,-0.09394151,-0.2883971,-0.01350083,0.9367489,-0.3497415,0.3030109,0.3371593,0.8913518,moving,10.90131,19.88127,-0.547186,2.512424
05/15/2023 14:23:39.242276,3927,True,True,True,True,Eyes,1.262348,-0.2958815,-3.341109,0.1833436,0.3341449,0.9245173,0,0,0,0,0,0,0,-2.223838,-0.8672431,2.693227,1.273792,-0.3009619,-3.3523,-0.1760628,0.1546422,-0.02031025,0.971944,340.3688,19.07172,354.2763,0.3514588,-0.08257992,-0.9325537,0,0,0,1.550545,0.05152569,-2.535812,-0.009425193,0.04163146,0.9304137,0.9513466,-0.0939343,-0.2934553,-0.01497261,0.9371789,-0.3485279,0.3077588,0.3359647,0.8901754,moving,11.21695,19.87119,-0.5803927,2.561997
05/15/2023 14:23:39.262027,3928,True,True,True,True,Eyes,1.262688,-0.2958954,-3.341048,0.188428,0.3337041,0.9236539,0,0,0,0,0,0,0,-2.240742,-0.8650876,2.680082,1.274165,-0.3007708,-3.35234,-0.175713,0.1576021,-0.02067892,0.9715241,340.4335,19.43324,354.1789,0.3515361,-0.08257786,-0.9325247,0,0,0,1.555188,0.05153559,-2.535806,-0.01095784,0.04187468,0.9316377,0.949468,-0.0955656,-0.2989613,-0.01520532,0.9373946,-0.3479368,0.3134955,0.3349007,0.8885731,moving,11.53029,19.86413,-0.6738766,2.573563
05/15/2023 14:23:39.271856,3929,True,True,True,True,Eyes,1.263026,-0.2959116,-3.340991,0.1935147,0.3332418,0.9227687,0,0,0,0,0,0,0,-2.256698,-0.8623197,2.667591,1.274274,-0.3009455,-3.352309,-0.1753538,0.1604385,-0.02097318,0.9711183,340.4975,19.77814,354.0935,0.3516144,-0.08257625,-0.9324954,0,0,0,1.559735,0.05154528,-2.535799,-0.01210463,0.04248855,0.9329925,0.9476392,-0.09700187,-0.3042541,-0.01553212,0.9376224,-0.3473084,0.318965,0.3338487,0.887021,moving,11.84392,19.8563,-0.7433129,2.607452
05/15/2023 14:23:39.291826,3930,True,True,True,True,Eyes,1.263349,-0.2959267,-3.340932,0.1987817,0.3327573,0.9218234,0,0,0,0,0,0,0,-2.271716,-0.8593628,2.655908,1.274452,-0.3010136,-3.352343,-0.1749986,0.1630902,-0.02114529,0.9707368,340.5577,20.09825,354.0265,0.3516937,-0.08257509,-0.9324656,0,0,0,1.564564,0.05155557,-2.535792,-0.01268509,0.04295018,0.9344621,0.9459089,-0.09813413,-0.3092345,-0.01602807,0.9378567,-0.3466523,0.3240361,0.332858,0.8855541,moving,12.16891,19.84843,-0.7777281,2.631603
05/15/2023 14:23:39.311528,3931,True,True,True,True,Eyes,1.263678,-0.2959393,-3.340884,0.2040482,0.332281,0.920844,0,0,0,0,0,0,0,-2.286556,-0.8560032,2.644426,1.274732,-0.301019,-3.352389,-0.1748114,0.165656,-0.02088997,0.9703415,340.5896,20.40191,354.0079,0.3517735,-0.08257434,-0.9324355,0,0,0,1.568803,0.0515646,-2.535786,-0.01360244,0.04292965,0.9357379,0.9442434,-0.09845791,-0.3141822,-0.0173763,0.9380092,-0.3461745,0.3287894,0.3323323,0.8839981,moving,12.49419,19.84168,-0.8328265,2.626766
05/15/2023 14:23:39.322032,3932,True,True,True,True,Eyes,1.26403,-0.2959543,-3.340837,0.2093856,0.3317949,0.9198205,0,0,0,0,0,0,0,-2.302318,-0.8546778,2.631653,1.275131,-0.3009729,-3.35264,-0.1748084,0.1684078,-0.02088768,0.9698684,340.6069,20.7357,353.9513,0.3518537,-0.08257385,-0.9324052,0,0,0,1.573474,0.05157456,-2.53578,-0.01475757,0.04248604,0.9373022,0.942405,-0.09939478,-0.319364,-0.01836157,0.9380115,-0.3461175,0.3339694,0.332047,0.8821617,moving,12.82414,19.83524,-0.9020324,2.595327
05/15/2023 14:23:39.341599,3933,True,True,True,True,Eyes,1.264372,-0.2959743,-3.340795,0.2147304,0.3312898,0.9187697,0,0,0,0,0,0,0,-2.319566,-0.8534358,2.616804,1.275386,-0.3010118,-3.352489,-0.1745383,0.1715516,-0.02147377,0.9693531,340.6699,21.12482,353.8241,0.351935,-0.08257363,-0.9323745,0,0,0,1.578056,0.05158433,-2.535773,-0.01672697,0.04288715,0.9385301,0.9402179,-0.101516,-0.3250921,-0.01825329,0.9381506,-0.3457461,0.3400841,0.3310107,0.8802129,moving,13.15477,19.82828,-1.021047,2.616373
05/15/2023 14:23:39.361474,3934,True,True,True,True,Eyes,1.26474,-0.2959999,-3.340766,0.2198141,0.3308604,0.9177217,0,0,0,0,0,0,0,-2.334707,-0.8524725,2.60376,1.275423,-0.301155,-3.352572,-0.1742845,0.1743501,-0.02205941,0.9688861,340.7293,21.47221,353.7041,0.3520169,-0.0825738,-0.9323436,0,0,0,1.582442,0.05159368,-2.535767,-0.01813897,0.04330397,0.9400308,0.9382309,-0.1035192,-0.3301616,-0.01802695,0.9382766,-0.3454158,0.34554,0.3300316,0.8784539,moving,13.46981,19.82543,-1.105451,2.637554
05/15/2023 14:23:39.372097,3935,True,True,True,True,Eyes,1.265103,-0.2960285,-3.340741,0.2248745,0.3304,0.916661,0,0,0,0,0,0,0,-2.348855,-0.8497974,2.592138,1.275622,-0.3012362,-3.352685,-0.1738599,0.176911,-0.02240281,0.9684902,340.8018,21.78355,353.622,0.3520997,-0.08257443,-0.9323123,0,0,0,1.587052,0.0516035,-2.53576,-0.0189673,0.04392555,0.9415739,0.9364012,-0.1049093,-0.3348833,-0.01812164,0.9385417,-0.3446898,0.3504631,0.3288366,0.8769505,moving,13.78355,19.82112,-1.154024,2.67098
05/15/2023 14:23:39.391805,3936,True,True,True,True,Eyes,1.265467,-0.2960624,-3.340721,0.2297991,0.3299805,0.9155901,0,0,0,0,0,0,0,-2.362132,-0.8456276,2.581643,1.275812,-0.3013306,-3.35278,-0.1733692,0.1792788,-0.02242274,0.9681422,340.8737,22.06424,353.5839,0.3521834,-0.08257555,-0.9322805,0,0,0,1.5916,0.05161319,-2.535754,-0.01935852,0.0446144,0.9431107,0.9347126,-0.1055797,-0.3393599,-0.01874604,0.9388806,-0.3437319,0.3549097,0.3276522,0.8756045,moving,14.08933,19.81926,-1.175902,2.708391
05/15/2023 14:23:39.411579,3937,True,True,True,True,Eyes,1.265831,-0.2961003,-3.340702,0.2347302,0.3295286,0.9145013,0,0,0,0,0,0,0,-2.376513,-0.8411463,2.570208,1.276112,-0.3014696,-3.352904,-0.1728249,0.1818398,-0.02248177,0.9677605,340.9538,22.36831,353.539,0.3522678,-0.08257724,-0.9322485,0,0,0,1.595976,0.05162252,-2.535748,-0.02042162,0.04543161,0.9445905,0.9328578,-0.1063668,-0.344184,-0.01933894,0.9392523,-0.3426823,0.3597256,0.32633,0.8741317,moving,14.39566,19.81596,-1.238516,2.753612
05/15/2023 14:23:39.421802,3938,True,True,True,True,Eyes,1.266189,-0.2961423,-3.340689,0.2394964,0.3291261,0.9134098,0,0,0,0,0,0,0,-2.391528,-0.836265,2.558026,1.276371,-0.3015934,-3.352933,-0.1723052,0.1845262,-0.02241444,0.9673461,341.0292,22.68558,353.5061,0.3523527,-0.08257955,-0.9322162,0,0,0,1.600888,0.05163299,-2.53574,-0.02111536,0.04615688,0.9462071,0.9308953,-0.1069547,-0.3492772,-0.02022462,0.9396171,-0.3416297,0.3647257,0.3250854,0.872522,moving,14.69224,19.81545,-1.278389,2.792729
05/15/2023 14:23:39.441809,3939,True,True,True,True,Eyes,1.266548,-0.2961811,-3.340683,0.2442957,0.3286943,0.9122936,0,0,0,0,0,0,0,-2.407217,-0.8317229,2.545182,1.27666,-0.3017295,-3.353133,-0.1718658,0.1873327,-0.02231389,0.9668872,341.0956,23.01801,353.4729,0.352438,-0.08258254,-0.9321836,0,0,0,1.605118,0.05164201,-2.535734,-0.02276582,0.04667068,0.9477348,0.9288172,-0.1075422,-0.3545892,-0.02124215,0.9399285,-0.34071,0.3699292,0.3239895,0.8707372,moving,14.99106,19.81381,-1.376054,2.819221
05/15/2023 14:23:39.461442,3940,True,True,True,True,Eyes,1.26692,-0.2962237,-3.340689,0.2488963,0.3283281,0.9111813,0,0,0,0,0,0,0,-2.423265,-0.8281151,2.531441,1.276948,-0.3016872,-3.353293,-0.1714288,0.1902553,-0.02243603,0.9663911,341.1678,23.36877,353.4116,0.3525236,-0.08258603,-0.932151,0,0,0,1.609668,0.05165171,-2.535728,-0.02441967,0.04707301,0.9492897,0.9265991,-0.1085944,-0.3600296,-0.0218665,0.9402176,-0.3398717,0.3754143,0.3227974,0.8688302,moving,15.27808,19.81573,-1.47356,2.838836
05/15/2023 14:23:39.471754,3941,True,True,True,True,Eyes,1.26729,-0.2962656,-3.340702,0.2535234,0.3279538,0.9100396,0,0,0,0,0,0,0,-2.439922,-0.8263031,2.516418,1.277197,-0.3017901,-3.353513,-0.171324,0.1933225,-0.02255775,0.965798,341.2036,23.74222,353.3387,0.3526096,-0.08259003,-0.9321181,0,0,0,1.614213,0.05166139,-2.535721,-0.02639097,0.04693946,0.9509952,0.9242352,-0.1098141,-0.3656916,-0.02266911,0.9402785,-0.3396506,0.3811504,0.3222069,0.866549,moving,15.56704,19.8178,-1.589601,2.825726
05/15/2023 14:23:39.491780,3942,True,True,True,True,Eyes,1.267632,-0.2963054,-3.340711,0.2583469,0.3275135,0.908841,0,0,0,0,0,0,0,-2.455023,-0.8239807,2.502836,1.277461,-0.3018122,-3.353696,-0.1711646,0.196097,-0.02257447,0.9652663,341.2412,24.07743,353.2856,0.3526958,-0.08259445,-0.9320851,0,0,0,1.618706,0.05167097,-2.535715,-0.02782497,0.04684007,0.9526396,0.9220728,-0.1107105,-0.3708438,-0.02354901,0.9403861,-0.3392925,0.3862996,0.3215854,0.8644972,moving,15.86832,19.81734,-1.673036,2.814893
05/15/2023 14:23:39.511570,3943,True,True,True,True,Eyes,1.267974,-0.2963453,-3.340725,0.2632025,0.3270731,0.9076055,0,0,0,0,0,0,0,-2.470655,-0.82267,2.488271,1.277775,-0.3018672,-3.353891,-0.1710902,0.1990014,-0.02275158,0.9646807,341.2742,24.4328,353.2089,0.3527817,-0.08259925,-0.9320521,0,0,0,1.623146,0.05168043,-2.535709,-0.02970272,0.04663971,0.9542755,0.9197617,-0.1119904,-0.3761605,-0.02419836,0.940421,-0.3391501,0.3917308,0.3210397,0.8622532,moving,16.17198,19.8176,-1.782809,2.798074
05/15/2023 14:23:39.521316,3944,True,True,True,True,Eyes,1.268315,-0.2963855,-3.340747,0.2679819,0.3266603,0.9063546,0,0,0,0,0,0,0,-2.486103,-0.8223468,2.473309,1.278047,-0.3019162,-3.354052,-0.1710744,0.2019217,-0.0231005,0.9640683,341.3053,24.79432,353.1104,0.3528672,-0.08260435,-0.9320194,0,0,0,1.627793,0.05169034,-2.535702,-0.03146833,0.04637548,0.9559895,0.917388,-0.1136282,-0.3814288,-0.02454635,0.9403998,-0.3391838,0.3972364,0.3205258,0.8599223,moving,16.47137,19.81973,-1.885326,2.777267
05/15/2023 14:23:39.541483,3945,True,True,True,True,Eyes,1.268657,-0.2964283,-3.340777,0.2727848,0.3262484,0.9050694,0,0,0,0,0,0,0,-2.5008,-0.8227435,2.458844,1.278359,-0.3019803,-3.354315,-0.1711142,0.2047127,-0.02352762,0.9634619,341.3315,25.14253,353.0038,0.3529522,-0.08260974,-0.9319867,0,0,0,1.632589,0.05170056,-2.535695,-0.03299111,0.04601607,0.9578626,0.9150783,-0.1153944,-0.386414,-0.02472256,0.9403328,-0.3393568,0.4025177,0.3200912,0.8576252,moving,16.77263,19.8226,-1.972626,2.750396
05/15/2023 14:23:39.561446,3946,True,True,True,True,Eyes,1.269003,-0.2964704,-3.340813,0.2776009,0.3258357,0.9037526,0,0,0,0,0,0,0,-2.515343,-0.8230896,2.444337,1.278684,-0.302092,-3.354537,-0.1711452,0.2074896,-0.0239674,0.9628515,341.3595,25.48924,352.8965,0.3530367,-0.08261543,-0.9319541,0,0,0,1.63688,0.0517097,-2.535689,-0.03497863,0.04574558,0.9595184,0.9127473,-0.1171758,-0.3913595,-0.02486761,0.9402697,-0.3395209,0.4077671,0.3196289,0.8553148,moving,17.07511,19.82608,-2.087757,2.729542
05/15/2023 14:23:39.571699,3947,True,True,True,True,Eyes,1.269348,-0.29651,-3.340857,0.2824658,0.3254475,0.9023841,0,0,0,0,0,0,0,-2.532081,-0.8235635,2.42732,1.279047,-0.3021314,-3.354747,-0.1713248,0.2106882,-0.02425509,0.9621174,341.3704,25.88721,352.794,0.3531209,-0.08262135,-0.9319217,0,0,0,1.64162,0.05171981,-2.535682,-0.03735593,0.04501772,0.9613091,0.9100444,-0.1188647,-0.3971025,-0.02551973,0.940119,-0.3398897,0.4137245,0.3194486,0.8525167,moving,17.38125,19.83199,-2.225362,2.68118
05/15/2023 14:23:39.591891,3948,True,True,True,True,Eyes,1.269684,-0.2965464,-3.340901,0.2872356,0.3251018,0.9010019,0,0,0,0,0,0,0,-2.5485,-0.8246648,2.407628,1.280662,-0.3009766,-3.352747,-0.1714895,0.2138367,-0.02463453,0.9613836,341.3855,26.28072,352.6823,0.3532046,-0.08262741,-0.9318894,0,0,0,1.64616,0.05172949,-2.535676,-0.0399873,0.04401442,0.9602391,0.9073341,-0.1207079,-0.402709,-0.02597498,0.939969,-0.3402699,0.4196072,0.3191988,0.8497306,moving,17.68206,19.84059,-2.384594,2.624427
05/15/2023 14:23:39.611573,3949,True,True,True,True,Eyes,1.270019,-0.2965868,-3.34095,0.2920085,0.3247806,0.8995825,0,0,0,0,0,0,0,-2.563556,-0.8272406,2.391102,1.28096,-0.3009745,-3.35292,-0.1719219,0.2167963,-0.02504267,0.9606326,341.3704,26.65655,352.5628,0.3532877,-0.0826335,-0.9318574,0,0,0,1.650565,0.05173887,-2.53567,-0.04223204,0.04283381,0.9619219,0.9047444,-0.1226577,-0.4079125,-0.02643046,0.9396314,-0.3411659,0.425134,0.3194493,0.8468844,moving,17.98367,19.85135,-2.513889,2.549662
05/15/2023 14:23:39.621830,3950,True,True,True,True,Eyes,1.270387,-0.2966295,-3.341017,0.2965568,0.3244786,0.8982025,0,0,0,0,0,0,0,-2.576633,-0.8286792,2.376897,1.281204,-0.3011267,-3.353092,-0.1722693,0.2193584,-0.02527126,0.9599826,341.3574,26.97946,352.4744,0.3533702,-0.08263972,-0.9318256,0,0,0,1.655226,0.05174881,-2.535663,-0.0433926,0.04193184,0.9638274,0.9024866,-0.1240974,-0.4124536,-0.02705752,0.9393693,-0.3418381,0.4298674,0.3196642,0.8444103,moving,18.27152,19.86242,-2.57778,2.491113
05/15/2023 14:23:39.641675,3951,True,True,True,True,Eyes,1.270754,-0.2966708,-3.341087,0.3011261,0.3241776,0.8967898,0,0,0,0,0,0,0,-2.589942,-0.8297459,2.362504,1.281591,-0.3011561,-3.353287,-0.1723339,0.2219835,-0.02580624,0.9593531,341.3854,27.31085,352.3581,0.3534527,-0.08264605,-0.9317937,0,0,0,1.659715,0.05175838,-2.535656,-0.04509464,0.04155025,0.9655497,0.9001148,-0.1260252,-0.4170265,-0.02699597,0.9392701,-0.3421153,0.4348157,0.3192011,0.8420487,moving,18.56114,19.87425,-2.673976,2.464074
05/15/2023 14:23:39.661439,3952,True,True,True,True,Eyes,1.271127,-0.2967156,-3.341162,0.3055999,0.3238534,0.8953925,0,0,0,0,0,0,0,-2.603568,-0.8294665,2.347969,1.281851,-0.3011694,-3.35346,-0.1723882,0.2246621,-0.02601972,0.9587139,341.4066,27.64298,352.2783,0.3535353,-0.08265244,-0.9317618,0,0,0,1.664212,0.05176796,-2.53565,-0.04665479,0.0410603,0.9673236,0.8976998,-0.1273491,-0.4218024,-0.02756723,0.9392105,-0.3422331,0.4397443,0.3188505,0.8396186,moving,18.84491,19.88449,-2.761281,2.430593
05/15/2023 14:23:39.672353,3953,True,True,True,True,Eyes,1.271497,-0.2967598,-3.341242,0.3100705,0.3235022,0.8939813,0,0,0,0,0,0,0,-2.615963,-0.8296745,2.334416,1.28213,-0.3012784,-3.353579,-0.1725957,0.2271008,-0.02612586,0.9580988,341.4059,27.9468,352.2107,0.353618,-0.08265897,-0.9317299,0,0,0,1.668927,0.05177801,-2.535643,-0.04754585,0.04036164,0.9692215,0.8954853,-0.1284556,-0.4261517,-0.02833096,0.9390563,-0.3425939,0.4441886,0.3188611,0.8372719,moving,19.12871,19.89351,-2.808434,2.384611
05/15/2023 14:23:39.691526,3954,True,True,True,True,Eyes,1.271849,-0.2967965,-3.341317,0.3143994,0.323105,0.892612,0,0,0,0,0,0,0,-2.627834,-0.8272216,2.322328,1.282373,-0.3013082,-3.353767,-0.1722574,0.2294284,-0.02632347,0.9575998,341.4684,28.22892,352.1526,0.3537006,-0.0826656,-0.9316978,0,0,0,1.67343,0.05178761,-2.535637,-0.04843172,0.04066831,0.9710503,0.8933394,-0.1294562,-0.4303323,-0.02862679,0.9392689,-0.341986,0.4484699,0.3178286,0.83538,moving,19.40349,19.89909,-2.855296,2.398188
05/15/2023 14:23:39.711678,3955,True,True,True,True,Eyes,1.272195,-0.2968328,-3.341393,0.3187189,0.322711,0.8912216,0,0,0,0,0,0,0,-2.640281,-0.8258079,2.309126,1.282715,-0.3012129,-3.353956,-0.1722484,0.2318534,-0.02628656,0.957018,341.4882,28.52487,352.1089,0.3537829,-0.08267213,-0.931666,0,0,0,1.677919,0.05179717,-2.53563,-0.04953152,0.04012465,0.9728285,0.8911061,-0.1301862,-0.4347201,-0.02955935,0.939279,-0.341879,0.4528314,0.3175004,0.833149,moving,19.67808,19.9053,-2.914695,2.361846
05/15/2023 14:23:39.721622,3956,True,True,True,True,Eyes,1.272506,-0.2968666,-3.341456,0.3231218,0.3221858,0.889825,0,0,0,0,0,0,0,-2.651397,-0.8244478,2.297095,1.282859,-0.3012417,-3.354071,-0.1722266,0.2340646,-0.02628762,0.9564836,341.5089,28.79522,352.0657,0.3538646,-0.08267857,-0.9316344,0,0,0,1.682498,0.05180693,-2.535624,-0.04997653,0.03977203,0.9747465,0.8890455,-0.1309117,-0.438703,-0.03033695,0.9392939,-0.3417699,0.4568127,0.3171579,0.8311035,moving,19.95746,19.90419,-2.935059,2.336511
05/15/2023 14:23:39.741562,3957,True,True,True,True,Eyes,1.272815,-0.2968995,-3.34152,0.3275026,0.3216725,0.888408,0,0,0,0,0,0,0,-2.661095,-0.8232431,2.286734,1.283185,-0.3013152,-3.354244,-0.1721878,0.2359607,-0.02631571,0.9560238,341.5297,29.02724,352.0261,0.3539452,-0.08268491,-0.9316033,0,0,0,1.686909,0.05181634,-2.535618,-0.05017537,0.03952673,0.9766081,0.8872601,-0.131576,-0.4421056,-0.03094224,0.9393176,-0.3416503,0.4602306,0.3168124,0.8293478,moving,20.2359,19.90418,-2.941109,2.317695
05/15/2023 14:23:39.761814,3958,True,True,True,True,Eyes,1.273099,-0.296935,-3.341574,0.3318949,0.3211249,0.8869749,0,0,0,0,0,0,0,-2.67148,-0.8226432,2.27511,1.283424,-0.3013336,-3.354355,-0.172233,0.238041,-0.02639196,0.9554976,341.5443,29.28432,351.9746,0.3540246,-0.08269114,-0.9315726,0,0,0,1.691486,0.05182609,-2.535611,-0.05051965,0.03907022,0.9785192,0.88528,-0.1324319,-0.445804,-0.03156211,0.9392785,-0.3417012,0.4639863,0.3165717,0.8273446,moving,20.51522,19.90254,-2.955481,2.286486
05/15/2023 14:23:39.772026,3959,True,True,True,True,Eyes,1.273384,-0.2969754,-3.341628,0.336259,0.3205593,0.8855346,0,0,0,0,0,0,0,-2.681044,-0.8212026,2.26465,1.283662,-0.3014984,-3.354448,-0.1721133,0.2399546,-0.02650876,0.9550374,341.5771,29.51868,351.9273,0.3541024,-0.08269738,-0.9315424,0,0,0,1.696032,0.05183578,-2.535604,-0.05060193,0.03911105,0.9804634,0.8834381,-0.1332325,-0.4492062,-0.03196507,0.9393485,-0.3414711,0.4674563,0.3160275,0.8255976,moving,20.79299,19.90001,-2.954426,2.284339
05/15/2023 14:23:39.791527,3960,True,True,True,True,Eyes,1.273636,-0.2970099,-3.341674,0.3406366,0.3199442,0.8840829,0,0,0,0,0,0,0,-2.690887,-0.8187993,2.254106,1.283925,-0.3016575,-3.354524,-0.1717742,0.2419289,-0.02670919,0.9545946,341.6376,29.75787,351.8768,0.3541789,-0.08270376,-0.9315128,0,0,0,1.700975,0.05184632,-2.535598,-0.05051026,0.03959206,0.9825571,0.881514,-0.1341072,-0.4527122,-0.03212139,0.9395605,-0.3408728,0.471064,0.3150259,0.823928,moving,21.07164,19.89488,-2.942811,2.30748
05/15/2023 14:23:39.811747,3961,True,True,True,True,Eyes,1.273884,-0.2970434,-3.341722,0.3449709,0.3193219,0.8826259,0,0,0,0,0,0,0,-2.700866,-0.817621,2.242987,1.284079,-0.3016316,-3.354748,-0.1714929,0.2439821,-0.02708201,0.9541119,341.6976,30.0108,351.8032,0.3542534,-0.08271016,-0.9314839,0,0,0,1.705213,0.05185535,-2.535591,-0.05123731,0.03980702,0.9844362,0.8794785,-0.1353609,-0.4562838,-0.03200389,0.9397135,-0.3404619,0.4748612,0.3140318,0.8221257,moving,21.34785,19.88943,-2.979406,2.315572
05/15/2023 14:23:39.821857,3962,True,True,True,True,Eyes,1.274143,-0.2970802,-3.34178,0.3492462,0.3186599,0.8811827,0,0,0,0,0,0,0,-2.709074,-0.8175935,2.23332,1.284186,-0.3016504,-3.354868,-0.1713192,0.2457169,-0.02755678,0.9536843,341.7462,30.22844,351.7207,0.3543261,-0.08271654,-0.9314557,0,0,0,1.709765,0.05186505,-2.535585,-0.05104131,0.03995436,0.9864652,0.8777277,-0.136753,-0.4592305,-0.03163109,0.9397807,-0.3403112,0.4781146,0.3132265,0.8205459,moving,21.6203,19.88138,-2.961935,2.319358
05/15/2023 14:23:39.841843,3963,True,True,True,True,Eyes,1.274396,-0.2971126,-3.341842,0.3534663,0.3180149,0.8797318,0,0,0,0,0,0,0,-2.716615,-0.8170183,2.224803,1.284424,-0.3017356,-3.355067,-0.1710763,0.2472717,-0.02797766,0.9533138,341.7995,30.42174,351.6504,0.3543972,-0.08272295,-0.9314281,0,0,0,1.714246,0.0518746,-2.535578,-0.05069897,0.04028288,0.9885124,0.8761479,-0.1379476,-0.4618823,-0.03126166,0.9399003,-0.3400149,0.4810275,0.3123426,0.8191793,moving,21.8897,19.87446,-2.936022,2.33357
05/15/2023 14:23:39.861833,3964,True,True,True,True,Eyes,1.274626,-0.2971457,-3.341889,0.3577738,0.3173315,0.878236,0,0,0,0,0,0,0,-2.724294,-0.8168322,2.215759,1.284525,-0.3016667,-3.355231,-0.1711125,0.2488615,-0.02807336,0.9528906,341.8123,30.61917,351.6071,0.3544667,-0.08272929,-0.9314011,0,0,0,1.718683,0.05188406,-2.535572,-0.05019876,0.03979632,0.9905695,0.8745596,-0.1386683,-0.4646681,-0.03166494,0.9398648,-0.3400757,0.4838829,0.3121302,0.817577,moving,22.16489,19.86622,-2.901078,2.300632
05/15/2023 14:23:39.871861,3965,True,True,True,True,Eyes,1.274843,-0.2971742,-3.341937,0.3620054,0.3166665,0.8767408,0,0,0,0,0,0,0,-2.732873,-0.8149956,2.205971,1.284717,-0.3017878,-3.355227,-0.1711586,0.2505866,-0.02783238,0.952437,341.815,30.82777,351.5994,0.3545345,-0.08273561,-0.9313748,0,0,0,1.723447,0.05189421,-2.535565,-0.04958275,0.03936544,0.9926791,0.8728634,-0.1387973,-0.4678085,-0.03276295,0.9398602,-0.3399845,0.4868635,0.3120868,0.8158221,moving,22.43568,19.85901,-2.859457,2.270918
05/15/2023 14:23:39.892129,3966,True,True,True,True,Eyes,1.275039,-0.297206,-3.341969,0.3662212,0.3159223,0.8752572,0,0,0,0,0,0,0,-2.7391,-0.8149559,2.198311,1.284615,-0.3017121,-3.355314,-0.1711967,0.2519278,-0.02793139,0.9520736,341.8256,30.9949,351.5605,0.3546003,-0.08274181,-0.9313492,0,0,0,1.727879,0.05190366,-2.535559,-0.04840598,0.03891289,0.9948201,0.8715044,-0.1394439,-0.4701441,-0.03307294,0.9398232,-0.340057,0.4892711,0.3119102,0.8144481,moving,22.70519,19.84695,-2.785702,2.240012
05/15/2023 14:23:39.911419,3967,True,True,True,True,Eyes,1.275232,-0.2972384,-3.341997,0.3703252,0.3151611,0.8738035,0,0,0,0,0,0,0,-2.74316,-0.8130268,2.193913,1.28475,-0.3018762,-3.355218,-0.1710109,0.2527426,-0.02788185,0.9518925,341.8519,31.09052,351.5568,0.3546639,-0.08274805,-0.9313244,0,0,0,1.732412,0.05191332,-2.535553,-0.0461683,0.03920251,0.9968703,0.8706877,-0.1395245,-0.4716312,-0.03336243,0.9399557,-0.3396619,0.4907036,0.3114741,0.8137529,moving,22.96764,19.83323,-2.651659,2.25203
05/15/2023 14:23:39.921978,3968,True,True,True,True,Eyes,1.275407,-0.2972656,-3.342014,0.3743349,0.3143932,0.8723705,0,0,0,0,0,0,0,-2.747139,-0.8102823,2.189941,1.28488,-0.3019165,-3.35516,-0.1705294,0.2535498,-0.02801175,0.9517604,341.9166,31.1825,351.5434,0.3547256,-0.08275434,-0.9313004,0,0,0,1.737074,0.05192326,-2.535546,-0.04386839,0.04001844,0.9989613,0.8698556,-0.1397963,-0.4730836,-0.03315444,0.9402702,-0.3388109,0.492191,0.3104014,0.8132644,moving,23.22421,19.81863,-2.514472,2.294045
05/15/2023 14:23:39.941695,3969,True,True,True,True,Eyes,1.275574,-0.2972914,-3.342031,0.3782308,0.3136354,0.8709618,0,0,0,0,0,0,0,-2.751896,-0.8070399,2.18522,1.285015,-0.3018599,-3.355153,-0.1701261,0.2544883,-0.02790506,0.9515851,341.9663,31.28812,351.5518,0.3547853,-0.08276057,-0.9312772,0,0,0,1.741398,0.05193248,-2.53554,-0.04205087,0.04046661,1.000907,0.8689141,-0.1396983,-0.4748397,-0.03348213,0.9405568,-0.337982,0.4938293,0.309576,0.8125857,moving,23.47376,19.80407,-2.405739,2.315204
05/15/2023 14:23:39.961371,3970,True,True,True,True,Eyes,1.275721,-0.2973172,-3.342032,0.3819714,0.312874,0.8696021,0,0,0,0,0,0,0,-2.755622,-0.8041859,2.181568,1.284969,-0.3018415,-3.355168,-0.1698915,0.2552257,-0.02763737,0.9514373,341.9905,31.36968,351.5765,0.3548428,-0.08276672,-0.9312547,0,0,0,1.746005,0.05194229,-2.535533,-0.03938815,0.04054877,1.003156,0.868192,-0.1393118,-0.4762718,-0.03413092,0.9407461,-0.3373897,0.4950532,0.3091747,0.8119934,moving,23.71341,19.78821,-2.248519,2.314704
05/15/2023 14:23:39.981350,3971,True,True,True,True,Eyes,1.275865,-0.2973493,-3.342027,0.385593,0.31209,0.8682845,0,0,0,0,0,0,0,-2.758428,-0.8000083,2.179458,1.285087,-0.3019122,-3.355052,-0.1693193,0.255749,-0.02751816,0.9514022,342.0549,31.42085,351.6005,0.3548982,-0.08277285,-0.9312331,0,0,0,1.750598,0.05195208,-2.535527,-0.03644311,0.04152596,1.005231,0.8676704,-0.1389682,-0.4773217,-0.03424482,0.9411474,-0.336257,0.4959592,0.308106,0.8118468,moving,23.94534,19.77011,-2.076262,2.365536
05/15/2023 14:23:39.991939,3972,True,True,True,True,Eyes,1.275997,-0.2973806,-3.342014,0.3891709,0.3112577,0.866986,0,0,0,0,0,0,0,-2.761328,-0.794264,2.177731,1.285159,-0.3020753,-3.354909,-0.1686246,0.2562636,-0.02721213,0.951396,342.1269,31.46552,351.6505,0.3549515,-0.08277914,-0.9312122,0,0,0,1.755078,0.05196163,-2.53552,-0.03345436,0.04276335,1.007282,0.867177,-0.1382037,-0.478439,-0.03464565,0.9416505,-0.3348044,0.4967935,0.3069105,0.8117895,moving,24.17426,19.74871,-1.902238,2.430988
05/15/2023 14:23:40.011721,3973,True,True,True,True,Eyes,1.276121,-0.297412,-3.341997,0.3926463,0.310406,0.8657234,0,0,0,0,0,0,0,-2.765552,-0.7870046,2.174963,1.285218,-0.302086,-3.354858,-0.1676893,0.2570357,-0.02686602,0.9513628,342.2264,31.53662,351.7087,0.3550028,-0.08278559,-0.9311922,0,0,0,1.759937,0.05197199,-2.535513,-0.03064716,0.04423714,1.009528,0.8664217,-0.137323,-0.4800582,-0.03508564,0.942317,-0.3328778,0.4980788,0.3052557,0.8116258,moving,24.39653,19.72535,-1.738847,2.509076
05/15/2023 14:23:40.022796,3974,True,True,True,True,Eyes,1.276244,-0.2974447,-3.341971,0.3959547,0.3095703,0.8645149,0,0,0,0,0,0,0,-2.769583,-0.7788283,2.172543,1.285126,-0.3020899,-3.354743,-0.1668889,0.2577501,-0.02611011,0.9513313,342.2976,31.59661,351.81,0.3550521,-0.0827922,-0.9311727,0,0,0,1.764226,0.05198113,-2.535507,-0.02788585,0.04528737,1.011544,0.8657663,-0.13571,-0.4816965,-0.03635252,0.9429327,-0.330993,0.4991264,0.3040735,0.811426,moving,24.60816,19.70171,-1.579108,2.563451
05/15/2023 14:23:40.041703,3975,True,True,True,True,Eyes,1.276366,-0.297481,-3.341939,0.3991473,0.3086899,0.8633609,0,0,0,0,0,0,0,-2.773055,-0.7685999,2.171372,1.285135,-0.3021043,-3.354489,-0.1657987,0.2583086,-0.02525278,0.9513937,342.3962,31.6305,351.9363,0.3550997,-0.08279901,-0.931154,0,0,0,1.76875,0.05199077,-2.535501,-0.02456298,0.04693156,1.01351,0.8652779,-0.1337051,-0.4831326,-0.0376038,0.9437461,-0.3285257,0.4998801,0.3024336,0.8115749,moving,24.81195,19.67423,-1.388324,2.651244
05/15/2023 14:23:40.061647,3976,True,True,True,True,Eyes,1.276549,-0.297534,-3.341926,0.4021827,0.3078369,0.8622561,0,0,0,0,0,0,0,-2.776018,-0.7573642,2.171371,1.285227,-0.3021825,-3.354341,-0.1645886,0.2587138,-0.02430505,0.9515182,342.5038,31.64217,352.08,0.3551458,-0.0828061,-0.9311358,0,0,0,1.773254,0.05200037,-2.535494,-0.02102682,0.04881075,1.01553,0.8649529,-0.1314161,-0.4843413,-0.03890932,0.9446397,-0.3257942,0.5003425,0.300642,0.8119555,moving,25.00579,19.64724,-1.186155,2.751764
05/15/2023 14:23:40.071655,3977,True,True,True,True,Eyes,1.276742,-0.297583,-3.341903,0.4052523,0.3068876,0.8611566,0,0,0,0,0,0,0,-2.781527,-0.7439808,2.169374,1.285921,-0.3024799,-3.354325,-0.1629321,0.259539,-0.02355803,0.9515976,342.6707,31.70071,352.2088,0.3551917,-0.08281384,-0.9311175,0,0,0,1.777966,0.05201041,-2.535487,-0.0188466,0.0517945,1.017462,0.8641691,-0.12941,-0.4862766,-0.03973896,0.9457963,-0.3223201,0.50163,0.2978632,0.8121853,moving,25.20124,19.61438,-1.061177,2.91416
05/15/2023 14:23:40.091535,3978,True,True,True,True,Eyes,1.276925,-0.2976305,-3.341869,0.4085693,0.3059116,0.8599356,0,0,0,0,0,0,0,-2.791874,-0.7341059,2.159285,1.28632,-0.3024062,-3.35409,-0.1613409,0.2616256,-0.02366138,0.9512946,342.8674,31.9291,352.2153,0.355238,-0.08282204,-0.9310992,0,0,0,1.782415,0.0520199,-2.535481,-0.01947629,0.05460957,1.019062,0.8619844,-0.1294397,-0.490131,-0.03940392,0.9468186,-0.3193462,0.5054011,0.2945845,0.8110423,moving,25.41315,19.5824,-1.094903,3.067438
05/15/2023 14:23:40.111446,3979,True,True,True,True,Eyes,1.2771,-0.2976806,-3.341829,0.4118618,0.3048754,0.8587321,0,0,0,0,0,0,0,-2.801674,-0.7277691,2.148384,1.286318,-0.3024157,-3.35388,-0.1601819,0.2637403,-0.02403049,0.9508972,343.0248,32.17302,352.1763,0.3552844,-0.08283066,-0.9310807,0,0,0,1.786906,0.05202947,-2.535475,-0.01997286,0.05674109,1.020974,0.8597271,-0.1301939,-0.4938813,-0.03879182,0.9475286,-0.3173087,0.5092783,0.2919575,0.8095655,moving,25.62313,19.54637,-1.120709,3.180966
05/15/2023 14:23:40.121674,3980,True,True,True,True,Eyes,1.277289,-0.297741,-3.341782,0.4152434,0.3038514,0.8574656,0,0,0,0,0,0,0,-2.808277,-0.7219003,2.141449,1.286253,-0.3025154,-3.353715,-0.1590534,0.2651757,-0.0243899,0.9506783,343.1731,32.33391,352.1502,0.3553307,-0.08283975,-0.9310622,0,0,0,1.791578,0.05203943,-2.535468,-0.01890016,0.05896559,1.023111,0.858174,-0.1307281,-0.4964348,-0.03798028,0.9482144,-0.3153524,0.511952,0.2894819,0.8087678,moving,25.83944,19.51229,-1.058318,3.298516
05/15/2023 14:23:40.141721,3981,True,True,True,True,Eyes,1.277486,-0.2978061,-3.341731,0.4186672,0.3027601,0.8561857,0,0,0,0,0,0,0,-2.816343,-0.7145799,2.133349,1.286745,-0.3028059,-3.353534,-0.1578888,0.2667915,-0.02452378,0.9504168,343.3195,32.51278,352.1482,0.3553773,-0.08284954,-0.9310435,0,0,0,1.796011,0.05204888,-2.535462,-0.01881075,0.06134662,1.024889,0.8564417,-0.1308624,-0.4993822,-0.03763117,0.9489394,-0.3132058,0.5148703,0.2870348,0.8077868,moving,26.05822,19.47436,-1.051485,3.425457
05/15/2023 14:23:40.161727,3982,True,True,True,True,Eyes,1.277695,-0.2978692,-3.34168,0.422173,0.3017299,0.8548269,0,0,0,0,0,0,0,-2.827627,-0.707532,2.12076,1.287061,-0.3029696,-3.353414,-0.1566736,0.2691722,-0.02485127,0.9499381,343.4841,32.78742,352.113,0.3554246,-0.0828601,-0.9310246,0,0,0,1.800517,0.05205848,-2.535455,-0.02021843,0.06367856,1.026778,0.8538575,-0.1315587,-0.5036069,-0.03713002,0.9496716,-0.3110389,0.519181,0.2842818,0.8059994,moving,26.28336,19.4416,-1.128073,3.548815
05/15/2023 14:23:40.172057,3983,True,True,True,True,Eyes,1.277901,-0.2979322,-3.341622,0.4257418,0.3006708,0.853429,0,0,0,0,0,0,0,-2.840877,-0.701401,2.104992,1.287293,-0.3029588,-3.353301,-0.1555312,0.2720439,-0.02531373,0.9492953,343.6492,33.12555,352.0519,0.3554725,-0.0828713,-0.9310052,0,0,0,1.805174,0.0520684,-2.535449,-0.02252468,0.06569347,1.028739,0.8507026,-0.132683,-0.5086258,-0.0365622,0.9503385,-0.3090628,0.5243741,0.2815171,0.8036044,moving,26.51279,19.40783,-1.254315,3.653847
05/15/2023 14:23:40.196458,3984,True,True,True,True,Eyes,1.278144,-0.2979992,-3.341584,0.4291837,0.2997677,0.8520216,0,0,0,0,0,0,0,-2.853555,-0.6962013,2.089242,1.287357,-0.3030125,-3.353102,-0.1548002,0.2748293,-0.02545022,0.9486085,343.7577,33.45582,352.0149,0.3555212,-0.08288307,-0.9309856,0,0,0,1.809789,0.05207824,-2.535442,-0.02441791,0.06680936,1.030793,0.8476423,-0.1333718,-0.5135313,-0.03680265,0.9507784,-0.3076784,0.5292901,0.2797005,0.8010116,moving,26.73549,19.38346,-1.356996,3.708358
05/15/2023 14:23:40.211695,3985,True,True,True,True,Eyes,1.278383,-0.2980691,-3.341542,0.4326286,0.2988594,0.8505972,0,0,0,0,0,0,0,-2.864601,-0.6905806,2.075879,1.287474,-0.3030529,-3.353011,-0.1542052,0.2772076,-0.0252453,0.9480188,343.8363,33.73372,352.0188,0.3555712,-0.0828954,-0.9309654,0,0,0,1.814396,0.05208806,-2.535435,-0.02544162,0.0674867,1.032957,0.8450373,-0.1333597,-0.5178099,-0.03762764,0.9511669,-0.3063751,0.5333818,0.2783824,0.7987534,moving,26.95869,19.35905,-1.410904,3.738022
05/15/2023 14:23:40.221385,3986,True,True,True,True,Eyes,1.278661,-0.2981464,-3.34151,0.4359621,0.2980922,0.8491632,0,0,0,0,0,0,0,-2.874216,-0.6841489,2.064528,1.287545,-0.3031812,-3.352874,-0.1536639,0.2792544,-0.02476208,0.9475186,343.8968,33.96801,352.0581,0.3556224,-0.08290832,-0.9309447,0,0,0,1.818739,0.05209732,-2.535429,-0.02583671,0.06805852,1.035039,0.8428077,-0.1327477,-0.5215873,-0.03889759,0.9515485,-0.3050287,0.5368075,0.2773691,0.7968088,moving,27.17606,19.34323,-1.429923,3.762041
05/15/2023 14:23:40.241449,3987,True,True,True,True,Eyes,1.278929,-0.298232,-3.341468,0.4392799,0.2972742,0.8477389,0,0,0,0,0,0,0,-2.883706,-0.6784518,2.05276,1.287714,-0.3033147,-3.352562,-0.1531427,0.2813109,-0.02444014,0.9470028,343.9604,34.20636,352.0785,0.3556755,-0.08292194,-0.9309233,0,0,0,1.823177,0.05210678,-2.535423,-0.02626032,0.06872615,1.036989,0.8405336,-0.1324512,-0.5253189,-0.03987167,0.9519,-0.3038036,0.5402902,0.2763025,0.7948229,moving,27.39221,19.32409,-1.450626,3.791715
05/15/2023 14:23:40.261424,3988,True,True,True,True,Eyes,1.279222,-0.2983114,-3.341436,0.442524,0.296484,0.8463272,0,0,0,0,0,0,0,-2.891325,-0.6709321,2.044068,1.287704,-0.3035794,-3.35228,-0.1521331,0.2829755,-0.02430718,0.9466729,344.0807,34.39035,352.1031,0.3557301,-0.08293642,-0.9309012,0,0,0,1.827789,0.05211661,-2.535416,-0.02565333,0.07063827,1.039148,0.8386682,-0.1321218,-0.5283745,-0.04007799,0.9525293,-0.3017973,0.5431662,0.2742839,0.7935608,moving,27.60398,19.3063,-1.414167,3.888818
05/15/2023 14:23:40.271752,3989,True,True,True,True,Eyes,1.279514,-0.2983852,-3.341394,0.4457247,0.2956818,0.8449271,0,0,0,0,0,0,0,-2.897838,-0.6623904,2.037529,1.287999,-0.3034268,-3.352125,-0.1508694,0.2843115,-0.02412711,0.9464794,344.2244,34.52877,352.1486,0.3557865,-0.08295149,-0.9308783,0,0,0,1.832338,0.0521263,-2.53541,-0.02463895,0.07266653,1.041085,0.8371697,-0.1314595,-0.5309099,-0.0401162,0.9533126,-0.2993088,0.5454701,0.2718704,0.7928107,moving,27.81301,19.28747,-1.355744,3.992704
05/15/2023 14:23:40.291836,3990,True,True,True,True,Eyes,1.279828,-0.2984736,-3.341353,0.4488247,0.2949458,0.8435422,0,0,0,0,0,0,0,-2.903645,-0.6580824,2.030356,1.288221,-0.3033536,-3.35187,-0.1503453,0.2855695,-0.02397662,0.946188,344.2872,34.67163,352.1642,0.3558448,-0.08296693,-0.9308546,0,0,0,1.836971,0.05213618,-2.535403,-0.02337328,0.07331499,1.043166,0.8357505,-0.1312408,-0.5331952,-0.04049527,0.9536428,-0.2982038,0.5476143,0.2708158,0.7916927,moving,28.01617,19.27226,-1.283559,4.020206
05/15/2023 14:23:40.311800,3991,True,True,True,True,Eyes,1.280127,-0.2985614,-3.3413,0.4518743,0.2941176,0.8422021,0,0,0,0,0,0,0,-2.909056,-0.6519657,2.024309,1.288544,-0.3037329,-3.351551,-0.1493268,0.2867267,-0.02413914,0.9459951,344.4142,34.79749,352.1653,0.3559051,-0.08298311,-0.9308301,0,0,0,1.841435,0.05214569,-2.535397,-0.02225628,0.07561716,1.045099,0.8344103,-0.1313029,-0.5352747,-0.03996092,0.9542376,-0.2963675,0.5496932,0.2686821,0.7909787,moving,28.2153,19.25045,-1.219979,4.138371
05/15/2023 14:23:40.321952,3992,True,True,True,True,Eyes,1.280433,-0.2986502,-3.341251,0.4548618,0.2933216,0.8408705,0,0,0,0,0,0,0,-2.912912,-0.6462055,2.019989,1.288463,-0.3037845,-3.351205,-0.1479427,0.2876575,-0.02474905,0.9459142,344.5948,34.89508,352.1343,0.3559671,-0.08299996,-0.9308049,0,0,0,1.846138,0.05215572,-2.53539,-0.02025151,0.07862037,1.047214,0.8332813,-0.1319346,-0.5368757,-0.03829271,0.9550009,-0.2941207,0.5515215,0.2656437,0.7907323,moving,28.4108,19.23035,-1.107874,4.293468
05/15/2023 14:23:40.342150,3993,True,True,True,True,Eyes,1.280728,-0.2987426,-3.34119,0.4577602,0.2924558,0.8395983,0,0,0,0,0,0,0,-2.915694,-0.6395091,2.017868,1.288537,-0.3038431,-3.351028,-0.146639,0.2882468,-0.02498839,0.9459316,344.7509,34.94711,352.1476,0.3560307,-0.08301744,-0.930779,0,0,0,1.850685,0.05216541,-2.535384,-0.01770538,0.08128017,1.049337,0.8325787,-0.1318111,-0.537995,-0.03726182,0.9557452,-0.2918265,0.5526521,0.2630152,0.7908216,moving,28.59981,19.20467,-0.9666556,4.429206
05/15/2023 14:23:40.361753,3994,True,True,True,True,Eyes,1.281012,-0.2988333,-3.341123,0.4606798,0.2915918,0.8383009,0,0,0,0,0,0,0,-2.917981,-0.6310229,2.016669,1.288556,-0.3039939,-3.350666,-0.1453023,0.2887043,-0.02487575,0.9460013,344.8974,34.97774,352.2039,0.3560957,-0.08303562,-0.9307525,0,0,0,1.854994,0.05217459,-2.535378,-0.01477417,0.08398092,1.051253,0.8320621,-0.1309638,-0.5390002,-0.03683381,0.9565369,-0.2892758,0.5534582,0.2605489,0.7910741,moving,28.79055,19.17955,-0.8051744,4.567459
05/15/2023 14:23:40.372046,3995,True,True,True,True,Eyes,1.281289,-0.2989289,-3.341046,0.4635139,0.2906577,0.8370621,0,0,0,0,0,0,0,-2.919621,-0.6218039,2.017094,1.28873,-0.3040532,-3.350555,-0.1438712,0.2889363,-0.02465429,0.9461549,345.0485,34.97781,352.2795,0.3561616,-0.08305439,-0.9307256,0,0,0,1.859615,0.05218444,-2.535371,-0.01129016,0.08668098,1.053423,0.8318159,-0.1297928,-0.539663,-0.0364857,0.9573864,-0.286496,0.5538512,0.2580019,0.7916337,moving,28.97501,19.14882,-0.6140496,4.70399
05/15/2023 14:23:40.391784,3996,True,True,True,True,Eyes,1.281547,-0.2990196,-3.340955,0.4664162,0.2897939,0.8357485,0,0,0,0,0,0,0,-2.922234,-0.6121897,2.015833,1.288818,-0.3042357,-3.350253,-0.1424509,0.2894277,-0.02439811,0.9462263,345.1992,35.0097,352.3544,0.3562282,-0.08307388,-0.9306983,0,0,0,1.864285,0.05219439,-2.535364,-0.008151382,0.08947101,1.055546,0.8312727,-0.1286308,-0.5407771,-0.03628623,0.9582249,-0.2837046,0.5546793,0.2554587,0.7918787,moving,29.1651,19.12387,-0.442454,4.84497
05/15/2023 14:23:40.411604,3997,True,True,True,True,Eyes,1.281797,-0.2991088,-3.340861,0.4692263,0.2888878,0.8344882,0,0,0,0,0,0,0,-2.924816,-0.6042426,2.01434,1.289059,-0.3042564,-3.350071,-0.1411908,0.289902,-0.02427281,0.9462732,345.3368,35.04424,352.4089,0.3562952,-0.0830939,-0.9306709,0,0,0,1.868617,0.05220363,-2.535358,-0.005507201,0.09184162,1.057471,0.8307354,-0.1278004,-0.5417988,-0.03592557,0.958952,-0.2812836,0.5555072,0.2531367,0.792044,moving,29.34871,19.09512,-0.298388,4.9637
05/15/2023 14:23:40.421745,3998,True,True,True,True,Eyes,1.282055,-0.2991954,-3.340766,0.4721026,0.2881355,0.8331249,0,0,0,0,0,0,0,-2.926733,-0.5977999,2.013207,1.289088,-0.304287,-3.349894,-0.1401789,0.2902819,-0.02416136,0.94631,345.4468,35.07185,352.4539,0.3563624,-0.08311438,-0.9306433,0,0,0,1.873483,0.052214,-2.535351,-0.002076149,0.09370932,1.059861,0.8303053,-0.1271111,-0.5426194,-0.03565452,0.9595322,-0.2793327,0.556167,0.2512783,0.7921726,moving,29.5387,19.07789,-0.1122359,5.05276
05/15/2023 14:23:40.441601,3999,True,True,True,True,Eyes,1.282306,-0.299281,-3.340666,0.4749022,0.2873611,0.8318002,0,0,0,0,0,0,0,-2.929093,-0.5924951,2.011133,1.289349,-0.3042959,-3.349667,-0.1393413,0.2907443,-0.02409567,0.9462935,345.54,35.11327,352.4858,0.35643,-0.0831352,-0.9306155,0,0,0,1.877707,0.052223,-2.535345,0.0004384816,0.09526043,1.061751,0.8297743,-0.1266285,-0.5435438,-0.03542225,0.9600067,-0.2777269,0.5569739,0.2497042,0.7921035,moving,29.72347,19.05844,0.02366198,5.126855
05/15/2023 14:23:40.461580,4000,True,True,True,True,Eyes,1.28255,-0.2993625,-3.340559,0.4778151,0.2866463,0.8303774,0,0,0,0,0,0,0,-2.931703,-0.5882906,2.008194,1.289402,-0.3043434,-3.349422,-0.1386925,0.2913227,-0.02405995,0.9462118,345.6144,35.17258,352.5056,0.3564978,-0.08315631,-0.9305876,0,0,0,1.88234,0.05223288,-2.535338,0.003180981,0.096448,1.064021,0.8291044,-0.1263402,-0.5446321,-0.03527694,0.960371,-0.2764833,0.5579798,0.2484465,0.7917909,moving,29.91695,19.04468,0.17129,5.17941
05/15/2023 14:23:40.471752,4001,True,True,True,True,Eyes,1.282783,-0.2994387,-3.340445,0.4806398,0.2859163,0.8289977,0,0,0,0,0,0,0,-2.93366,-0.5848974,2.006077,1.289563,-0.3043525,-3.34921,-0.1380994,0.2917407,-0.02410918,0.9461684,345.6844,35.2143,352.5162,0.3565656,-0.0831776,-0.9305598,0,0,0,1.886895,0.05224259,-2.535332,0.006054342,0.09755877,1.066212,0.8286122,-0.1262011,-0.5454128,-0.03495574,0.9606946,-0.2753978,0.5587307,0.2472633,0.7916318,moving,30.10448,19.02901,0.325343,5.228028
05/15/2023 14:23:40.492155,4002,True,True,True,True,Eyes,1.282999,-0.2995155,-3.340327,0.4835401,0.285269,0.8275328,0,0,0,0,0,0,0,-2.935306,-0.582796,2.003819,1.289552,-0.3042964,-3.348943,-0.1376216,0.2921526,-0.02429147,0.9461064,345.7463,35.2589,352.5078,0.3566333,-0.08319891,-0.9305319,0,0,0,1.891383,0.05225215,-2.535326,0.008984834,0.09846804,1.068421,0.8281137,-0.1263776,-0.5461286,-0.03444839,0.9609405,-0.274603,0.5595008,0.2462157,0.7914143,moving,30.2984,19.02021,0.4818145,5.265628
05/15/2023 14:23:40.512012,4003,True,True,True,True,Eyes,1.283209,-0.2995899,-3.340209,0.4863386,0.2846231,0.8261141,0,0,0,0,0,0,0,-2.936111,-0.5806263,2.003202,1.289627,-0.304435,-3.348861,-0.1372309,0.292314,-0.02435036,0.9461117,345.7924,35.27277,352.5136,0.3567005,-0.0832203,-0.9305042,0,0,0,1.895934,0.05226185,-2.535319,0.01236847,0.09929673,1.070831,0.8279192,-0.1263054,-0.5464401,-0.03415271,0.9611495,-0.2739075,0.5598066,0.2454357,0.7914404,moving,30.48559,19.01049,0.6617568,5.297812
05/15/2023 14:23:40.521721,4004,True,True,True,True,Eyes,1.283427,-0.2996673,-3.34009,0.4890707,0.2839804,0.8247212,0,0,0,0,0,0,0,-2.937331,-0.5786169,2.001847,1.289685,-0.304444,-3.34875,-0.1369385,0.2925764,-0.02430513,0.9460741,345.8249,35.29939,352.5258,0.3567671,-0.08324168,-0.9304768,0,0,0,1.900457,0.05227149,-2.535313,0.01559353,0.0997262,1.07321,0.8276167,-0.1261189,-0.5469412,-0.03414104,0.9613142,-0.2733302,0.5602545,0.2448857,0.7912938,moving,30.66851,19.00038,0.8324376,5.308867
05/15/2023 14:23:40.541656,4005,True,True,True,True,Eyes,1.283614,-0.2997328,-3.339955,0.4921692,0.2834021,0.8230752,0,0,0,0,0,0,0,-2.940711,-0.5763347,1.99756,1.290072,-0.3045897,-3.348601,-0.1366817,0.2932794,-0.02423661,0.9458955,345.8562,35.38029,352.5326,0.3568334,-0.08326314,-0.9304495,0,0,0,1.900544,0.05227168,-2.535312,0.01392293,0.1002997,1.072946,0.8267996,-0.1260224,-0.5481977,-0.03432126,0.9614614,-0.2727894,0.5614485,0.244357,0.7906107,moving,30.8779,18.99966,0.743449,5.340529
05/15/2023 14:23:40.561700,4006,True,True,True,True,Eyes,1.283797,-0.2997982,-3.339819,0.4953872,0.2829741,0.8212899,0,0,0,0,0,0,0,-2.944913,-0.5757865,1.991344,1.290149,-0.3044661,-3.348479,-0.1364782,0.2942786,-0.02446357,0.9456085,345.8943,35.50208,352.5,0.3568988,-0.08328441,-0.9304225,0,0,0,1.900544,0.05227168,-2.535312,0.01165077,0.1006373,1.072762,0.8256033,-0.1265911,-0.5498672,-0.0340593,0.9615505,-0.2725081,0.5632222,0.2437117,0.7895476,static,31.09762,19.01131,0.6222382,5.359312
05/15/2023 14:23:40.571976,4007,True,True,True,True,Eyes,1.283973,-0.2998568,-3.33968,0.498531,0.2825505,0.8195316,0,0,0,0,0,0,0,-2.948071,-0.5763896,1.986385,1.290294,-0.3045606,-3.348351,-0.1365741,0.2950245,-0.02459133,0.9453588,345.8942,35.59671,352.4708,0.3569633,-0.08330549,-0.9303958,0,0,0,1.900544,0.05227168,-2.535312,0.009875447,0.1005428,1.072642,0.8247116,-0.1270807,-0.5510911,-0.03409016,0.9614856,-0.2727332,0.5645252,0.243713,0.7886161,static,31.31265,19.0227,0.5274876,5.354907
05/15/2023 14:23:40.596645,4008,True,True,True,True,Eyes,1.284155,-0.2999144,-3.339548,0.5017486,0.282248,0.8176702,0,0,0,0,0,0,0,-2.951071,-0.5780484,1.98112,1.29031,-0.304465,-3.348163,-0.1366193,0.2958032,-0.02498693,0.9450986,345.9095,35.69782,352.4132,0.3570269,-0.08332624,-0.9303696,0,0,0,1.900544,0.05227168,-2.535312,0.008063287,0.1005493,1.072473,0.8237522,-0.1280551,-0.552299,-0.03359466,0.9614216,-0.2730199,0.5659538,0.243455,0.7876712,static,31.53461,19.04394,0.4307647,5.356087
05/15/2023 14:23:40.611735,4009,True,True,True,True,Eyes,1.284326,-0.2999751,-3.339421,0.5048667,0.2819715,0.8158442,0,0,0,0,0,0,0,-2.954596,-0.5782646,1.97572,1.290428,-0.3044958,-3.348071,-0.1367163,0.29663,-0.02501858,0.9448245,345.9066,35.80124,352.3935,0.3570897,-0.08334665,-0.9303436,0,0,0,1.900544,0.05227168,-2.535312,0.006168932,0.1003063,1.072381,0.8227695,-0.1283847,-0.5536856,-0.03383199,0.9613654,-0.2731884,0.5673674,0.2435034,0.7866386,static,31.75036,19.06614,0.3295935,5.343673
05/15/2023 14:23:40.621862,4010,True,True,True,True,Eyes,1.284501,-0.3000315,-3.339294,0.5080667,0.2817462,0.8139333,0,0,0,0,0,0,0,-2.957057,-0.577242,1.972268,1.290303,-0.3046326,-3.348066,-0.1368715,0.2971989,-0.02468468,0.9446322,345.8824,35.86954,352.4161,0.3571515,-0.08336683,-0.9303181,0,0,0,1.900544,0.05227168,-2.535312,0.005155742,0.09981701,1.072545,0.8221269,-0.127992,-0.5547301,-0.03472023,0.9613137,-0.273259,0.5682445,0.2439139,0.785878,static,31.9729,19.0935,0.2754196,5.316947
05/15/2023 14:23:40.642053,4011,True,True,True,True,Eyes,1.284673,-0.300092,-3.339166,0.5111818,0.2814965,0.812067,0,0,0,0,0,0,0,-2.959944,-0.576749,1.967992,1.290546,-0.3045985,-3.347926,-0.1367489,0.297859,-0.02480478,0.9444388,345.9053,35.94989,352.3975,0.3572125,-0.08338667,-0.9302929,0,0,0,1.900544,0.05227168,-2.535312,0.003537506,0.100064,1.072273,0.8213295,-0.128317,-0.5558351,-0.03461059,0.9613689,-0.2730786,0.5694032,0.2435253,0.7851595,static,32.18969,19.11846,0.1890221,5.33137
05/15/2023 14:23:40.661698,4012,True,True,True,True,Eyes,1.284853,-0.3001506,-3.339049,0.5143228,0.2812628,0.8101625,0,0,0,0,0,0,0,-2.963025,-0.5738657,1.963988,1.290642,-0.3047496,-3.347754,-0.1363611,0.2985564,-0.02476453,0.9442757,345.9518,36.02826,352.4065,0.3572727,-0.08340635,-0.930268,0,0,0,1.900544,0.05227168,-2.535312,0.002059549,0.1009332,1.07206,0.8205016,-0.128192,-0.5570853,-0.03465386,0.9615847,-0.2723122,0.5705929,0.2427377,0.7845395,static,32.40897,19.14538,0.1100715,5.378473
05/15/2023 14:23:40.672107,4013,True,True,True,True,Eyes,1.285022,-0.300204,-3.338941,0.5173618,0.2810228,0.8083087,0,0,0,0,0,0,0,-2.966172,-0.5709312,1.960188,1.290737,-0.304735,-3.347778,-0.1360468,0.2992366,-0.02457046,0.9441108,345.9846,36.10393,352.4301,0.3573323,-0.08342578,-0.9302434,0,0,0,1.900544,0.05227168,-2.535312,0.0006020069,0.1013427,1.071983,0.8197075,-0.1278148,-0.5583394,-0.03502588,0.9617752,-0.2715912,0.5717103,0.2421817,0.7838976,static,32.62146,19.17091,0.0321763,5.400555
05/15/2023 14:23:40.691708,4014,True,True,True,True,Eyes,1.285226,-0.3002613,-3.338859,0.5203075,0.2808389,0.8064798,0,0,0,0,0,0,0,-2.967858,-0.5704401,1.957865,1.290637,-0.3046642,-3.347873,-0.1359251,0.2996452,-0.0246362,0.943997,346.0036,36.15278,352.4213,0.357391,-0.08344484,-0.9302191,0,0,0,1.900544,0.05227168,-2.535312,-0.0002811551,0.1014792,1.072076,0.8192117,-0.1279716,-0.5590309,-0.03494561,0.9618348,-0.2713899,0.5724257,0.2418615,0.7834743,static,32.82844,19.19955,-0.01502599,5.40732
05/15/2023 14:23:40.711523,4015,True,True,True,True,Eyes,1.28543,-0.3003193,-3.338775,0.5231769,0.2806561,0.804685,0,0,0,0,0,0,0,-2.970098,-0.5693737,1.955076,1.290927,-0.3047272,-3.347931,-0.1357639,0.3001038,-0.02466171,0.9438739,346.0258,36.2066,352.4179,0.3574495,-0.08346358,-0.930195,0,0,0,1.900544,0.05227168,-2.535312,-0.00156495,0.1018167,1.071943,0.818659,-0.1280416,-0.5598239,-0.03493142,0.96192,-0.2710901,0.5732166,0.2414858,0.7830117,static,33.03046,19.22763,-0.08364713,5.425868
05/15/2023 14:23:40.721380,4016,True,True,True,True,Eyes,1.285653,-0.3003835,-3.338712,0.5260172,0.2804415,0.8029062,0,0,0,0,0,0,0,-2.972972,-0.5690295,1.950696,1.291082,-0.3048006,-3.347801,-0.1357642,0.3007747,-0.02468356,0.9436597,346.0319,36.2892,352.4054,0.3575079,-0.08348206,-0.9301709,0,0,0,1.900544,0.05227168,-2.535312,-0.003117383,0.1018438,1.071775,0.8178506,-0.1282546,-0.5609556,-0.03508308,0.9619176,-0.2710787,0.5743601,0.241382,0.7822053,static,33.23047,19.25344,-0.166651,5.428144
05/15/2023 14:23:40.741493,4017,True,True,True,True,Eyes,1.285859,-0.3004431,-3.338651,0.5287551,0.2802044,0.8011888,0,0,0,0,0,0,0,-2.975314,-0.5677072,1.947571,1.291113,-0.3049374,-3.347814,-0.135408,0.3013265,-0.02492188,0.9435285,346.0837,36.35369,352.3846,0.3575663,-0.08350042,-0.9301468,0,0,0,1.900544,0.05227168,-2.535312,-0.00446552,0.1027796,1.071718,0.8171625,-0.128633,-0.561871,-0.03457502,0.9620871,-0.2705419,0.5753694,0.2405034,0.7817341,static,33.42334,19.27656,-0.2387326,5.478009
05/15/2023 14:23:40.761349,4018,True,True,True,True,Eyes,1.286074,-0.300499,-3.338605,0.5314823,0.2799631,0.7994668,0,0,0,0,0,0,0,-2.975797,-0.5673614,1.946768,1.2909,-0.3048827,-3.347804,-0.1351297,0.3015017,-0.02519817,0.9435051,346.1255,36.37375,352.3622,0.3576244,-0.08351856,-0.9301229,0,0,0,1.900544,0.05227168,-2.535312,-0.004775107,0.103446,1.071749,0.8169236,-0.1290329,-0.5621268,-0.03393446,0.9622101,-0.2701856,0.5757469,0.2397965,0.7816734,static,33.6158,19.29961,-0.255276,5.513153
05/15/2023 14:23:40.771542,4019,True,True,True,True,Eyes,1.286276,-0.3005516,-3.338563,0.5340808,0.2797279,0.7978158,0,0,0,0,0,0,0,-2.975302,-0.5672358,1.94771,1.290928,-0.3048021,-3.347887,-0.1350819,0.3013656,-0.02519249,0.9435557,346.1294,36.35615,352.3667,0.3576823,-0.08353634,-0.930099,0,0,0,1.900544,0.05227168,-2.535312,-0.004527122,0.103462,1.071768,0.8170883,-0.1289591,-0.5619042,-0.033877,0.9622365,-0.2700988,0.5755163,0.2397302,0.7818634,static,33.79949,19.32154,-0.2420145,5.513901
05/15/2023 14:23:40.793248,4020,True,True,True,True,Eyes,1.286507,-0.3006086,-3.338544,0.5365721,0.2795309,0.7962116,0,0,0,0,0,0,0,-2.974396,-0.5669882,1.949134,1.290824,-0.304775,-3.347912,-0.135044,0.3011603,-0.02515355,0.9436276,346.1305,36.32985,352.3755,0.3577397,-0.08355372,-0.9300753,0,0,0,1.900544,0.05227168,-2.535312,-0.003976822,0.1035092,1.071835,0.8173395,-0.128811,-0.5615727,-0.03386862,0.9622608,-0.270013,0.5751601,0.239712,0.7821312,static,33.97628,19.34496,-0.2125832,5.516063
05/15/2023 14:23:40.811586,4021,True,True,True,True,Eyes,1.286721,-0.3006611,-3.338525,0.5389351,0.2793463,0.794679,0,0,0,0,0,0,0,-2.973936,-0.5661072,1.950259,1.290959,-0.3048387,-3.347951,-0.1350207,0.3009944,-0.02497908,0.9436885,346.1254,36.30698,352.3983,0.3577971,-0.08357079,-0.9300517,0,0,0,1.900544,0.05227168,-2.535312,-0.003661722,0.1035266,1.071808,0.8175569,-0.1284259,-0.5613444,-0.03413603,0.9622909,-0.2698722,0.5748352,0.2397979,0.7823436,static,34.14432,19.36764,-0.1957443,5.517118
05/15/2023 14:23:40.821693,4022,True,True,True,True,Eyes,1.28695,-0.3007104,-3.338521,0.5412244,0.2791514,0.7931902,0,0,0,0,0,0,0,-2.972464,-0.5658102,1.95241,1.290777,-0.3047853,-3.347923,-0.1350442,0.3006691,-0.0248361,0.9437925,346.1151,36.26574,352.4181,0.357854,-0.08358748,-0.9300284,0,0,0,1.900544,0.05227168,-2.535312,-0.002704501,0.1033849,1.07189,0.8179625,-0.1280875,-0.5608305,-0.03432697,0.9622925,-0.2698423,0.5742464,0.2399725,0.7827224,static,34.30723,19.38876,-0.1445636,5.5092
05/15/2023 14:23:40.841608,4023,True,True,True,True,Eyes,1.287166,-0.3007623,-3.338519,0.543368,0.278981,0.7917833,0,0,0,0,0,0,0,-2.970026,-0.5659659,1.956072,1.290797,-0.3046868,-3.347924,-0.1351504,0.3000728,-0.02465117,0.9439719,346.0921,36.19216,352.4434,0.3579108,-0.08360367,-0.9300051,0,0,0,1.900544,0.05227168,-2.535312,-0.001313925,0.1030405,1.071881,0.8186972,-0.12765,-0.5598575,-0.03456994,0.9622533,-0.2699507,0.5731839,0.2403621,0.7833812,static,34.46019,19.40966,-0.0702338,5.490997
05/15/2023 14:23:40.862240,4024,True,True,True,True,Eyes,1.287376,-0.3008116,-3.338524,0.545387,0.2788261,0.7904487,0,0,0,0,0,0,0,-2.967088,-0.5662802,1.960426,1.290686,-0.3048021,-3.347952,-0.1353038,0.299379,-0.02447536,0.944175,346.0635,36.10752,352.4673,0.3579672,-0.0836195,-0.9299819,0,0,0,1.900544,0.05227168,-2.535312,0.0003472567,0.1028121,1.072027,0.8195464,-0.1272322,-0.558709,-0.03479616,0.9621876,-0.2701556,0.5719554,0.240846,0.7841303,static,34.60456,19.42999,0.01855955,5.478166
05/15/2023 14:23:40.872206,4025,True,True,True,True,Eyes,1.287566,-0.3008585,-3.338524,0.5472559,0.2786922,0.7892032,0,0,0,0,0,0,0,-2.964846,-0.5682024,1.963625,1.290782,-0.3047931,-3.34813,-0.1354694,0.298835,-0.02462767,0.9443195,346.0465,36.04548,352.4521,0.3580229,-0.08363492,-0.9299591,0,0,0,1.900544,0.05227168,-2.535312,0.001274258,0.102592,1.072124,0.8201822,-0.1274788,-0.5577189,-0.03445322,0.9620831,-0.270572,0.571064,0.2411336,0.7846914,static,34.73854,19.44971,0.06809803,5.466014
05/15/2023 14:23:40.897260,4026,True,True,True,True,Eyes,1.287731,-0.3008996,-3.338514,0.5489313,0.27865,0.7880537,0,0,0,0,0,0,0,-2.963101,-0.5696749,1.965752,1.290687,-0.3048161,-3.348118,-0.1357199,0.2984552,-0.02460746,0.9444042,346.0154,36.00293,352.4503,0.3580776,-0.08364994,-0.9299367,0,0,0,1.900544,0.05227168,-2.535312,0.002176732,0.1021389,1.072219,0.8206379,-0.1274914,-0.5570452,-0.03453382,0.9619492,-0.2710373,0.5704041,0.2416604,0.7850093,static,34.85975,19.47322,0.1163171,5.44154
05/15/2023 14:23:40.911908,4027,True,True,True,True,Eyes,1.287882,-0.3009349,-3.338511,0.5505071,0.2786471,0.7869548,0,0,0,0,0,0,0,-2.961231,-0.5717443,1.968036,1.290717,-0.3047864,-3.348149,-0.136068,0.2980233,-0.02457997,0.9444911,345.973,35.95559,352.4464,0.3581309,-0.08366448,-0.9299149,0,0,0,1.900544,0.05227168,-2.535312,0.003068238,0.1014292,1.072281,0.8211558,-0.127534,-0.5562717,-0.03467175,0.9617627,-0.2716808,0.5696499,0.2423792,0.7853352,static,34.97436,19.49817,0.1639465,5.403646
05/15/2023 14:23:40.921808,4028,True,True,True,True,Eyes,1.288002,-0.3009598,-3.338498,0.5520113,0.2787101,0.785878,0,0,0,0,0,0,0,-2.959167,-0.575035,1.970318,1.290527,-0.3046901,-3.348312,-0.1365795,0.2975898,-0.02459739,0.9445536,345.9143,35.91139,352.4312,0.3581826,-0.08367842,-0.9298937,0,0,0,1.900544,0.05227168,-2.535312,0.004041016,0.1003032,1.072583,0.8216705,-0.1277565,-0.55546,-0.03482225,0.961482,-0.2726532,0.568898,0.2433735,0.7855726,static,35.08472,19.52695,0.215864,5.342512
05/15/2023 14:23:40.941407,4029,True,True,True,True,Eyes,1.288108,-0.3009787,-3.338494,0.5534298,0.2788602,0.7848264,0,0,0,0,0,0,0,-2.957839,-0.5798163,1.971151,1.290569,-0.3045717,-3.348448,-0.1375033,0.2972954,-0.02444593,0.9445162,345.8056,35.8893,352.4168,0.3582321,-0.08369158,-0.9298735,0,0,0,1.900544,0.05227168,-2.535312,0.004577249,0.09819117,1.072816,0.8220357,-0.1279373,-0.5548778,-0.03557903,0.9609905,-0.2742835,0.5683234,0.2452129,0.7854167,static,35.19004,19.56086,0.2444552,5.229517
05/15/2023 14:23:40.961413,4030,True,True,True,True,Eyes,1.288198,-0.3009884,-3.338501,0.5548593,0.2791696,0.7837062,0,0,0,0,0,0,0,-2.956215,-0.5863702,1.971807,1.290339,-0.3044699,-3.348639,-0.1386975,0.2970012,-0.02435135,0.9444365,345.6694,35.8727,352.3856,0.3582792,-0.08370387,-0.9298542,0,0,0,1.900544,0.05227168,-2.535312,0.005249292,0.0955462,1.073294,0.8223945,-0.1283833,-0.5542427,-0.03639003,0.9603401,-0.2764467,0.5677526,0.2475172,0.7851065,static,35.29827,19.60677,0.2802214,5.087146
05/15/2023 14:23:40.971664,4031,True,True,True,True,Eyes,1.288275,-0.3009866,-3.338516,0.5561969,0.2795909,0.7826071,0,0,0,0,0,0,0,-2.954393,-0.5950846,1.9723,1.290177,-0.3043087,-3.348936,-0.1402009,0.2966658,-0.02433068,0.9443205,345.5016,35.85752,352.3347,0.3583237,-0.0837151,-0.929836,0,0,0,1.900544,0.05227168,-2.535312,0.005841017,0.09222946,1.073844,0.8227949,-0.1291375,-0.5534728,-0.03723373,0.9595034,-0.2792254,0.5671175,0.2503531,0.7846663,static,35.40131,19.65956,0.3116488,4.908926
05/15/2023 14:23:40.991688,4032,True,True,True,True,Eyes,1.288342,-0.3009863,-3.338539,0.5574378,0.2801365,0.7815285,0,0,0,0,0,0,0,-2.952261,-0.603641,1.973026,1.289935,-0.3040624,-3.34913,-0.1418201,0.2962716,-0.02410831,0.9442083,345.3135,35.8348,352.3028,0.3583655,-0.08372507,-0.929819,0,0,0,1.900544,0.05227168,-2.535312,0.006784707,0.08849426,1.074355,0.8232839,-0.1295611,-0.552646,-0.03850801,0.9586117,-0.2821006,0.5663221,0.2535302,0.7842204,static,35.49898,19.72006,0.3618263,4.708803
05/15/2023 14:23:41.011886,4033,True,True,True,True,Eyes,1.288399,-0.3010093,-3.338562,0.5584258,0.2810623,0.78049,0,0,0,0,0,0,0,-2.950551,-0.609446,1.97469,1.289919,-0.3035167,-3.34971,-0.143303,0.2958121,-0.02333912,0.9441477,345.1203,35.79469,352.3383,0.3584046,-0.08373393,-0.9298032,0,0,0,1.900544,0.05227168,-2.535312,0.007791311,0.08430916,1.074953,0.823901,-0.1288527,-0.5518914,-0.04071038,0.9578391,-0.2844064,0.5652696,0.2567905,0.783919,static,35.583,19.80446,0.4152752,4.484559
05/15/2023 14:23:41.022073,4034,True,True,True,True,Eyes,1.288444,-0.300997,-3.33861,0.559292,0.2820559,0.7795107,0,0,0,0,0,0,0,-2.947411,-0.6164945,1.976741,1.289555,-0.3041436,-3.349529,-0.1449041,0.2952088,-0.02298267,0.944101,344.9276,35.74443,352.3256,0.3584409,-0.08374244,-0.9297885,0,0,0,1.900544,0.05227168,-2.535312,0.009458333,0.08148858,1.075434,0.8246472,-0.1289499,-0.5507532,-0.04215803,0.9569492,-0.2871776,0.5640743,0.2600389,0.7837091,static,35.65911,19.89201,0.5038977,4.333179
05/15/2023 14:23:41.045432,4035,True,True,True,True,Eyes,1.288447,-0.3009714,-3.338644,0.5600517,0.2829485,0.7786413,0,0,0,0,0,0,0,-2.942531,-0.6242284,1.98182,1.289207,-0.30392,-3.349827,-0.1463522,0.2941605,-0.02270223,0.9442114,344.7507,35.63783,352.3177,0.3584742,-0.08374962,-0.9297749,0,0,0,1.900544,0.05227168,-2.535312,0.0119198,0.0781472,1.076007,0.8259084,-0.1289735,-0.5488544,-0.04323071,0.9561312,-0.2897311,0.5621445,0.2630188,0.7841012,static,35.72625,19.97051,0.6346855,4.153929
05/15/2023 14:23:41.061965,4036,True,True,True,True,Eyes,1.288408,-0.3009435,-3.338666,0.5606969,0.2836434,0.7779238,0,0,0,0,0,0,0,-2.938124,-0.632089,1.9862,1.289175,-0.3037372,-3.350056,-0.1478252,0.2931759,-0.02244042,0.9442945,344.5722,35.5398,352.306,0.358504,-0.08375529,-0.929763,0,0,0,1.900544,0.05227168,-2.535312,0.01400176,0.07482818,1.076348,0.8270886,-0.1290583,-0.5470544,-0.04429686,0.9552883,-0.2923391,0.5603235,0.2660231,0.7843912,static,35.78258,20.03266,0.7452943,3.976827
05/15/2023 14:23:41.071756,4037,True,True,True,True,Eyes,1.288359,-0.3009115,-3.338703,0.5612333,0.2844211,0.7772528,0,0,0,0,0,0,0,-2.933697,-0.6373988,1.991213,1.288916,-0.3037776,-3.350254,-0.1491158,0.2921767,-0.0218736,0.9444146,344.4028,35.43253,352.336,0.3585296,-0.08375961,-0.9297527,0,0,0,1.900544,0.05227168,-2.535312,0.01645532,0.07190132,1.076823,0.8283086,-0.1284518,-0.5453485,-0.04582082,0.954572,-0.2944361,0.5583952,0.2688723,0.7847946,static,35.83204,20.09915,0.8754891,3.820065
05/15/2023 14:23:41.091949,4038,True,True,True,True,Eyes,1.288291,-0.300871,-3.338743,0.5615848,0.2850967,0.7767512,0,0,0,0,0,0,0,-2.928905,-0.6435345,1.996727,1.288695,-0.3036673,-3.350611,-0.1504095,0.2910894,-0.02143254,0.9445553,344.2368,35.31615,352.3537,0.3585512,-0.08376258,-0.9297441,0,0,0,1.900544,0.05227168,-2.535312,0.01894397,0.06887123,1.07734,0.8296153,-0.1280536,-0.5434527,-0.04707677,0.9538352,-0.2966177,0.5563473,0.2716626,0.7852879,static,35.86662,20.15502,1.007386,3.657775
05/15/2023 14:23:41.111664,4039,True,True,True,True,Eyes,1.288224,-0.3008312,-3.338791,0.5618571,0.2858369,0.7762821,0,0,0,0,0,0,0,-2.923799,-0.6513622,2.001929,1.288455,-0.3034793,-3.350877,-0.1516834,0.2900028,-0.02138862,0.9446869,344.0868,35.20509,352.3279,0.3585687,-0.08376409,-0.9297373,0,0,0,1.900544,0.05227168,-2.535312,0.02132514,0.06609339,1.077745,0.8308819,-0.1283883,-0.5414349,-0.04756609,0.9530694,-0.2989921,0.5544121,0.2741811,0.7857811,static,35.89625,20.21435,1.133553,3.509305
05/15/2023 14:23:41.122089,4040,True,True,True,True,Eyes,1.288136,-0.3007925,-3.338844,0.5619677,0.2864698,0.7759687,0,0,0,0,0,0,0,-2.920029,-0.656659,2.006045,1.288407,-0.3034734,-3.351104,-0.1527735,0.2891408,-0.02107338,0.9447825,343.9492,35.11452,352.3359,0.3585823,-0.08376431,-0.929732,0,0,0,1.900544,0.05227168,-2.535312,0.02319166,0.0636777,1.078049,0.8319071,-0.1281656,-0.5399114,-0.04852656,0.9524323,-0.3008617,0.5527892,0.276489,0.7861158,static,35.91259,20.26298,1.232392,3.380392
05/15/2023 14:23:41.141475,4041,True,True,True,True,Eyes,1.288049,-0.3007524,-3.338912,0.5620016,0.2871435,0.775695,0,0,0,0,0,0,0,-2.915851,-0.6611458,2.010875,1.288085,-0.3034929,-3.351365,-0.153761,0.2882187,-0.02069382,0.9449124,343.8202,35.01372,352.3565,0.358592,-0.08376339,-0.9297283,0,0,0,1.900544,0.05227168,-2.535312,0.0254387,0.06144083,1.078515,0.8330035,-0.1277413,-0.538319,-0.04952591,0.9518586,-0.3025101,0.5510466,0.2786527,0.786575,static,35.92384,20.31333,1.351172,3.2605
05/15/2023 14:23:41.161433,4042,True,True,True,True,Eyes,1.28794,-0.3007015,-3.338977,0.5621467,0.2876027,0.7754198,0,0,0,0,0,0,0,-2.911505,-0.6656594,2.016366,1.288027,-0.303434,-3.351807,-0.1545439,0.2872081,-0.02054212,0.9450957,343.7208,34.90149,352.361,0.3585981,-0.08376139,-0.9297261,0,0,0,1.900544,0.05227168,-2.535312,0.02748799,0.0596759,1.078912,0.8341791,-0.1276011,-0.5365289,-0.04994398,0.9513884,-0.3039173,0.5492275,0.2803179,0.7872554,static,35.94053,20.34978,1.459439,3.165873
05/15/2023 14:23:41.178359,4043,True,True,True,True,Eyes,1.287833,-0.3006435,-3.339051,0.5622566,0.288143,0.7751395,0,0,0,0,0,0,0,-2.908276,-0.6728401,2.01908,1.287972,-0.3032019,-3.352114,-0.1556601,0.2865266,-0.02058851,0.9451184,343.5944,34.83892,352.3249,0.3586003,-0.08375812,-0.9297256,0,0,0,1.900544,0.05227168,-2.535312,0.02878258,0.05717516,1.079201,0.8349573,-0.1281187,-0.5351934,-0.05028435,0.9506921,-0.3060328,0.5480126,0.2824362,0.7873449,static,35.9557,20.39164,1.527732,3.032648
05/15/2023 14:23:41.192080,4044,True,True,True,True,Eyes,1.287731,-0.3005883,-3.339141,0.5624632,0.2884966,0.774858,0,0,0,0,0,0,0,-2.905828,-0.6826354,2.019697,1.287919,-0.3030053,-3.352381,-0.1570931,0.2860834,-0.02086996,0.9450093,343.4431,34.81528,352.2459,0.358599,-0.08375351,-0.9297265,0,0,0,1.900544,0.05227168,-2.535312,0.02943209,0.05418065,1.079505,0.8354415,-0.129328,-0.5341459,-0.05043884,0.9497724,-0.3088499,0.5472599,0.2849678,0.7869561,static,35.9756,20.4214,1.56175,2.87328
05/15/2023 14:23:41.211508,4045,True,True,True,True,Eyes,1.287629,-0.3005307,-3.339244,0.5626489,0.2889037,0.7745714,0,0,0,0,0,0,0,-2.903927,-0.6906079,2.020069,1.287644,-0.3029865,-3.352698,-0.1581026,0.2857974,-0.02133238,0.9449171,343.3458,34.80595,352.16,0.3585947,-0.08374772,-0.9297287,0,0,0,1.900544,0.05227168,-2.535312,0.02982751,0.0523037,1.079977,0.8357296,-0.1306852,-0.5333642,-0.0500559,0.949097,-0.3109811,0.546855,0.2865941,0.7866469,static,35.99466,20.45477,1.582031,2.772691
05/15/2023 14:23:41.221791,4046,True,True,True,True,Eyes,1.287526,-0.300475,-3.339356,0.5629526,0.2891464,0.7742602,0,0,0,0,0,0,0,-2.903069,-0.6961024,2.019975,1.287549,-0.3028896,-3.35308,-0.1590236,0.2856382,-0.02133713,0.9448106,343.2435,34.80393,352.1268,0.3585874,-0.08374079,-0.9297321,0,0,0,1.900544,0.05227168,-2.535312,0.02998596,0.05019948,1.080382,0.835911,-0.1311655,-0.5329618,-0.05052733,0.9485124,-0.3126838,0.5465342,0.288305,0.7862447,static,36.02032,20.47808,1.589834,2.66031
05/15/2023 14:23:41.242126,4047,True,True,True,True,Eyes,1.287427,-0.3004179,-3.339477,0.5632497,0.2894592,0.7739271,0,0,0,0,0,0,0,-2.902968,-0.7003145,2.019108,1.287375,-0.3028684,-3.353416,-0.1600542,0.2856191,-0.02094407,0.9446512,343.1165,34.81538,352.1315,0.3585773,-0.08373284,-0.9297368,0,0,0,1.900544,0.05227168,-2.535312,0.03008485,0.04765975,1.080841,0.8359661,-0.1309988,-0.5329165,-0.05185942,0.947888,-0.3143549,0.5463253,0.2904268,0.7856087,static,36.04643,20.50648,1.594398,2.524826
05/15/2023 14:23:41.262122,4048,True,True,True,True,Eyes,1.287334,-0.3003668,-3.339608,0.5636696,0.2896154,0.7735629,0,0,0,0,0,0,0,-2.903636,-0.7054511,2.016918,1.287408,-0.3027974,-3.353747,-0.1611025,0.2857699,-0.02075711,0.9444314,342.9961,34.85135,352.1092,0.3585647,-0.08372394,-0.9297425,0,0,0,1.900544,0.05227168,-2.535312,0.02954915,0.04515678,1.081172,0.8358094,-0.1312838,-0.533092,-0.05286915,0.9472302,-0.316164,0.5464681,0.292437,0.7847632,static,36.07958,20.52547,1.565543,2.391655
05/15/2023 14:23:41.272129,4049,True,True,True,True,Eyes,1.287236,-0.3003137,-3.33975,0.564077,0.2898412,0.7731813,0,0,0,0,0,0,0,-2.904734,-0.7100129,2.014198,1.287286,-0.3028619,-3.354067,-0.1619968,0.2860529,-0.02068434,0.9441944,342.8977,34.90251,352.0775,0.35855,-0.08371431,-0.929749,0,0,0,1.900544,0.05227168,-2.535312,0.02880058,0.04315159,1.081606,0.8354918,-0.1317393,-0.5334774,-0.0536192,0.9466584,-0.3177465,0.5468805,0.2940792,0.7838616,static,36.11275,20.54943,1.525289,2.284652
05/15/2023 14:23:41.291581,4050,True,True,True,True,Eyes,1.287144,-0.3002554,-3.339898,0.5644089,0.2899992,0.7728798,0,0,0,0,0,0,0,-2.905019,-0.7154633,2.01237,1.287083,-0.3027804,-3.354459,-0.1630194,0.2861663,-0.02058884,0.943986,342.7829,34.93501,352.0463,0.3585331,-0.08370394,-0.9297565,0,0,0,1.900544,0.05227168,-2.535312,0.02847436,0.04072258,1.082095,0.8353698,-0.1321725,-0.5335612,-0.05443018,0.9460015,-0.3195598,0.5469868,0.2959924,0.783067,static,36.13944,20.56705,1.507339,2.1552
05/15/2023 14:23:41.311709,4051,True,True,True,True,Eyes,1.287048,-0.3001949,-3.340059,0.5647073,0.2902349,0.7725732,0,0,0,0,0,0,0,-2.904978,-0.7218646,2.010426,1.286931,-0.3025624,-3.354708,-0.1640911,0.2862415,-0.02062546,0.9437768,342.6671,34.96592,351.9989,0.3585142,-0.08369276,-0.9297647,0,0,0,1.900544,0.05227168,-2.535312,0.02822274,0.0382033,1.082396,0.8352808,-0.132871,-0.5335271,-0.05500766,0.9452974,-0.3215383,0.5470649,0.2979229,0.7822799,static,36.16469,20.58984,1.49361,2.021422
05/15/2023 14:23:41.321788,4052,True,True,True,True,Eyes,1.286923,-0.3001319,-3.340205,0.5650908,0.2903607,0.7722454,0,0,0,0,0,0,0,-2.903953,-0.7270772,2.01064,1.286777,-0.3024686,-3.355142,-0.1651455,0.2860211,-0.02038113,0.943665,342.5409,34.95568,351.9894,0.3584936,-0.08368076,-0.9297737,0,0,0,1.900544,0.05227168,-2.535312,0.02863938,0.03563616,1.082859,0.8355531,-0.1329361,-0.5330844,-0.05600424,0.9446232,-0.3233428,0.5465478,0.3000251,0.7818378,static,36.19481,20.60603,1.515002,1.884886
05/15/2023 14:23:41.341399,4053,True,True,True,True,Eyes,1.286808,-0.3000656,-3.340362,0.5654331,0.2905716,0.7719154,0,0,0,0,0,0,0,-2.902707,-0.7336756,2.010453,1.286659,-0.3023897,-3.35544,-0.1664445,0.2857784,-0.02015096,0.9435152,342.3881,34.94783,351.9691,0.3584707,-0.083668,-0.9297838,0,0,0,1.900544,0.05227168,-2.535312,0.02911896,0.03262898,1.083207,0.8358493,-0.133158,-0.5325645,-0.05710703,0.9437803,-0.3256033,0.5459806,0.3025685,0.7812539,static,36.22302,20.62781,1.539864,1.725375
05/15/2023 14:23:41.362079,4054,True,True,True,True,Eyes,1.286694,-0.2999931,-3.340519,0.5659099,0.2906276,0.7715449,0,0,0,0,0,0,0,-2.901521,-0.7393298,2.010787,1.286786,-0.3022642,-3.355818,-0.1675747,0.2854795,-0.01989917,0.9434111,342.2525,34.92943,351.959,0.3584459,-0.08365445,-0.9297945,0,0,0,1.900544,0.05227168,-2.535312,0.02950627,0.02991167,1.083448,0.8362109,-0.1332245,-0.5319798,-0.0581321,0.9430454,-0.3275453,0.5453182,0.3048221,0.7808403,static,36.25916,20.64052,1.559989,1.581412
05/15/2023 14:23:41.372060,4055,True,True,True,True,Eyes,1.286578,-0.2999178,-3.340684,0.5663506,0.2907919,0.7711596,0,0,0,0,0,0,0,-2.900161,-0.7475438,2.010114,1.286756,-0.3020264,-3.356092,-0.1689802,0.2852424,-0.01987294,0.9432326,342.0951,34.92792,351.9114,0.3584193,-0.08363999,-0.9298061,0,0,0,1.900544,0.05227168,-2.535312,0.02983829,0.02667648,1.08367,0.8364837,-0.1338902,-0.5313835,-0.05891097,0.9421015,-0.3301124,0.544816,0.307438,0.780165,static,36.29409,20.66065,1.577211,1.410154
05/15/2023 14:23:41.392024,4056,True,True,True,True,Eyes,1.286447,-0.2998505,-3.340846,0.566918,0.2907595,0.7707548,0,0,0,0,0,0,0,-2.898775,-0.7565064,2.009176,1.286587,-0.3019173,-3.356415,-0.1704994,0.2850336,-0.01989943,0.9430217,341.9272,34.93333,351.8527,0.3583912,-0.08362465,-0.9298183,0,0,0,1.900544,0.05227168,-2.535312,0.03015003,0.0233281,1.084044,0.8367196,-0.1347273,-0.5308002,-0.05966495,0.9410679,-0.3329133,0.5443715,0.3102253,0.7793716,static,36.33583,20.66848,1.593132,1.232787
05/15/2023 14:23:41.411871,4057,True,True,True,True,Eyes,1.286322,-0.2997839,-3.341013,0.5674292,0.2908137,0.7703581,0,0,0,0,0,0,0,-2.89694,-0.7641042,2.009304,1.286364,-0.3019538,-3.356711,-0.1718297,0.2847103,-0.0198701,0.9428787,341.7771,34.91999,351.8099,0.3583612,-0.08360873,-0.9298312,0,0,0,1.900544,0.05227168,-2.535312,0.03079754,0.02049792,1.084444,0.8370904,-0.1353135,-0.5300659,-0.06037315,0.9401595,-0.3353435,0.5437229,0.3127145,0.7788292,static,36.37456,20.68175,1.626727,1.082863
05/15/2023 14:23:41.432017,4058,True,True,True,True,Eyes,1.286176,-0.2997085,-3.341168,0.568033,0.290681,0.769963,0,0,0,0,0,0,0,-2.894728,-0.7694604,2.010875,1.286377,-0.3020245,-3.356956,-0.1728781,0.2842144,-0.01967407,0.9428406,341.6507,34.87683,351.8005,0.3583297,-0.08359231,-0.9298449,0,0,0,1.900544,0.05227168,-2.535312,0.03174898,0.0182372,1.084659,0.8376701,-0.1353679,-0.5291353,-0.06116983,0.9394522,-0.3371761,0.5427402,0.3148096,0.7786707,static,36.41771,20.68282,1.676622,0.9632673
05/15/2023 14:23:41.441894,4059,True,True,True,True,Eyes,1.286041,-0.2996368,-3.341323,0.5685797,0.2906373,0.769576,0,0,0,0,0,0,0,-2.892223,-0.7760953,2.012279,1.286361,-0.301799,-3.357192,-0.1739834,0.283698,-0.01963177,0.9427937,341.5231,34.8349,351.772,0.3582965,-0.08357523,-0.9298592,0,0,0,1.900544,0.05227168,-2.535312,0.0327464,0.01568562,1.084783,0.8382601,-0.1357349,-0.5281062,-0.06170009,0.9386887,-0.3392,0.5417686,0.316922,0.7784904,static,36.45781,20.6895,1.729066,0.8284209
05/15/2023 14:23:41.461593,4060,True,True,True,True,Eyes,1.285891,-0.2995606,-3.341469,0.5690925,0.2904676,0.769261,0,0,0,0,0,0,0,-2.890147,-0.7824197,2.013189,1.286487,-0.3018375,-3.357366,-0.1750901,0.2832525,-0.01959082,0.9427236,341.396,34.80193,351.7419,0.3582619,-0.08355766,-0.9298741,0,0,0,1.900544,0.05227168,-2.535312,0.03346387,0.0133974,1.084865,0.8387684,-0.1361269,-0.5271974,-0.06225199,0.9379193,-0.3412215,0.5409179,0.3190249,0.7782229,static,36.49371,20.68618,1.766792,0.7075307
05/15/2023 14:23:41.471846,4061,True,True,True,True,Eyes,1.285743,-0.2994818,-3.341621,0.5695524,0.2903784,0.7689542,0,0,0,0,0,0,0,-2.888041,-0.7887976,2.013968,1.286426,-0.3016948,-3.35755,-0.1759841,0.2828694,-0.01980375,0.9426678,341.3017,34.77663,351.6902,0.3582259,-0.08353955,-0.9298897,0,0,0,1.900544,0.05227168,-2.535312,0.03413141,0.01152927,1.084993,0.8391854,-0.1368978,-0.5263334,-0.06222432,0.9372748,-0.3429928,0.540274,0.3205854,0.778029,static,36.52677,20.68793,1.8018,0.6088089
05/15/2023 14:23:41.497030,4062,True,True,True,True,Eyes,1.285606,-0.2994066,-3.341774,0.5699291,0.2901974,0.7687433,0,0,0,0,0,0,0,-2.885624,-0.7957557,2.01518,1.286359,-0.3015795,-3.357877,-0.1770184,0.2823988,-0.01995011,0.9426121,341.1888,34.74242,351.6422,0.3581885,-0.08352086,-0.9299058,0,0,0,1.900544,0.05227168,-2.535312,0.03493738,0.009313136,1.085236,0.8397058,-0.13759,-0.5253219,-0.06236913,0.936533,-0.3449871,0.5394481,0.3224515,0.7778308,static,36.55241,20.68131,1.843905,0.4916812
05/15/2023 14:23:41.512000,4063,True,True,True,True,Eyes,1.285476,-0.2993316,-3.341926,0.5702548,0.2900673,0.7685509,0,0,0,0,0,0,0,-2.883049,-0.8005391,2.017066,1.286335,-0.3015479,-3.357946,-0.1777842,0.2818725,-0.01996997,0.9426251,341.1005,34.69353,351.6205,0.3581502,-0.08350175,-0.9299223,0,0,0,1.900544,0.05227168,-2.535312,0.03603071,0.007754266,1.08527,0.8402982,-0.1378733,-0.5242994,-0.06257655,0.935988,-0.3464256,0.5385008,0.3239097,0.7778814,static,36.57494,20.67757,1.901509,0.4093722
05/15/2023 14:23:41.521544,4064,True,True,True,True,Eyes,1.28536,-0.2992642,-3.342079,0.5704872,0.2898405,0.768464,0,0,0,0,0,0,0,-2.880686,-0.8040923,2.019269,1.286372,-0.3014876,-3.358082,-0.1783418,0.2813565,-0.01996485,0.942674,341.0343,34.64111,351.6096,0.3581111,-0.08348226,-0.929939,0,0,0,1.900544,0.05227168,-2.535312,0.03704458,0.006568104,1.085306,0.8408799,-0.1379959,-0.5233337,-0.06271454,0.9355912,-0.3474708,0.5375761,0.3250019,0.7780655,static,36.58921,20.6649,1.95491,0.3467411
05/15/2023 14:23:41.541833,4065,True,True,True,True,Eyes,1.285252,-0.2991989,-3.342238,0.5706773,0.2896432,0.7683972,0,0,0,0,0,0,0,-2.877924,-0.8063129,2.022523,1.286442,-0.3015518,-3.358172,-0.1787196,0.2807221,-0.01989537,0.9427929,340.9847,34.56907,351.6157,0.3580719,-0.08346262,-0.9299559,0,0,0,1.900544,0.05227168,-2.535312,0.038342,0.005871028,1.085313,0.8415985,-0.1378555,-0.5222143,-0.06282667,0.9353269,-0.3481613,0.536437,0.325821,0.7785088,static,36.60073,20.65366,2.023307,0.3099399
05/15/2023 14:23:41.561446,4066,True,True,True,True,Eyes,1.285148,-0.2991357,-3.342399,0.5708855,0.2892835,0.768378,0,0,0,0,0,0,0,-2.875701,-0.8092009,2.025116,1.286568,-0.3015436,-3.358478,-0.1790195,0.2802137,-0.02006947,0.9428837,340.9531,34.51521,351.5946,0.3580325,-0.08344288,-0.9299728,0,0,0,1.900544,0.05227168,-2.535312,0.03911555,0.005340099,1.085447,0.842155,-0.1381738,-0.5212321,-0.06248109,0.9350985,-0.3488366,0.5356035,0.3263417,0.7788646,static,36.61142,20.63065,2.063838,0.2818772
05/15/2023 14:23:41.572009,4067,True,True,True,True,Eyes,1.285049,-0.2990685,-3.342564,0.57106,0.288979,0.768363,0,0,0,0,0,0,0,-2.873433,-0.8135712,2.026891,1.286521,-0.3015077,-3.358684,-0.1795012,0.2797754,-0.02036289,0.942916,340.9063,34.47605,351.5513,0.3579931,-0.08342312,-0.9299898,0,0,0,1.900544,0.05227168,-2.535312,0.03987128,0.004494399,1.085594,0.8426222,-0.138841,-0.520299,-0.06203902,0.9347293,-0.3499031,0.5349196,0.3271149,0.7790101,static,36.62034,20.61113,2.103392,0.2372053
05/15/2023 14:23:41.592148,4068,True,True,True,True,Eyes,1.284949,-0.2990064,-3.34272,0.5713347,0.2885124,0.7683341,0,0,0,0,0,0,0,-2.87149,-0.8182664,2.028181,1.286549,-0.3013586,-3.358944,-0.1800992,0.2793864,-0.02056073,0.942913,340.8437,34.4439,351.5133,0.3579537,-0.0834032,-0.9300067,0,0,0,1.900544,0.05227168,-2.535312,0.04047403,0.003211588,1.08571,0.843041,-0.1394085,-0.5194682,-0.06186056,0.9342831,-0.3511244,0.5342801,0.3281469,0.7790151,static,36.63456,20.58135,2.134933,0.1694835
05/15/2023 14:23:41.611570,4069,True,True,True,True,Eyes,1.284854,-0.2989446,-3.342876,0.5715935,0.2880798,0.7683039,0,0,0,0,0,0,0,-2.870281,-0.8217592,2.028613,1.286603,-0.3014192,-3.358998,-0.1805643,0.2791628,-0.02074135,0.9428864,340.7966,34.42923,351.479,0.3579145,-0.0833833,-0.9300236,0,0,0,1.900544,0.05227168,-2.535312,0.04078156,0.002437085,1.08573,0.8432758,-0.1399271,-0.5189473,-0.06170019,0.9339327,-0.3520835,0.5339279,0.3289227,0.7789293,static,36.64807,20.55381,2.1511,0.1286088
05/15/2023 14:23:41.621657,4070,True,True,True,True,Eyes,1.284734,-0.2988816,-3.343018,0.5719013,0.2875346,0.7682791,0,0,0,0,0,0,0,-2.869461,-0.8252017,2.028577,1.286612,-0.3013752,-3.359121,-0.1808889,0.2790492,-0.02108209,0.9428502,340.7715,34.42803,351.4297,0.3578755,-0.08336343,-0.9300404,0,0,0,1.900544,0.05227168,-2.535312,0.0408065,0.001921594,1.085804,0.8433742,-0.1407083,-0.5185761,-0.06119927,0.9336696,-0.352868,0.5338302,0.3293363,0.7788215,static,36.66373,20.51877,2.152268,0.1013987
05/15/2023 14:23:41.641518,4071,True,True,True,True,Eyes,1.284619,-0.2988183,-3.343163,0.5721785,0.2870476,0.7682548,0,0,0,0,0,0,0,-2.868308,-0.8277996,2.029378,1.286502,-0.3013452,-3.359303,-0.1813461,0.2788157,-0.0210305,0.9428325,340.7172,34.40796,351.4225,0.3578363,-0.0833436,-0.9300572,0,0,0,1.900544,0.05227168,-2.535312,0.04131705,0.0008684397,1.085977,0.843639,-0.1407808,-0.5181255,-0.06146785,0.9333426,-0.3536853,0.5333806,0.3302308,0.7787507,static,36.67789,20.4875,2.178823,0.04581859
05/15/2023 14:23:41.661673,4072,True,True,True,True,Eyes,1.28451,-0.2987566,-3.343304,0.5724348,0.2866286,0.7682204,0,0,0,0,0,0,0,-2.867067,-0.830981,2.03018,1.286506,-0.3012834,-3.359519,-0.1818358,0.2785557,-0.02106006,0.9428145,340.6619,34.38671,351.4052,0.3577968,-0.08332378,-0.9300742,0,0,0,1.900544,0.05227168,-2.535312,0.04174316,-0.000227958,1.086102,0.8439264,-0.1410143,-0.5175936,-0.06159136,0.9329844,-0.3546077,0.5329115,0.3311421,0.7786849,static,36.69142,20.46091,2.201018,-0.0120256
05/15/2023 14:23:41.672318,4073,True,True,True,True,Eyes,1.284419,-0.2986991,-3.34346,0.5730469,0.286117,0.7679546,0,0,0,0,0,0,0,-2.866603,-0.8337965,2.029778,1.286565,-0.3012701,-3.359556,-0.1824408,0.2784545,-0.02090646,0.9427309,340.589,34.38453,351.4009,0.3577574,-0.08330403,-0.9300911,0,0,0,1.900544,0.05227168,-2.535312,0.04192141,-0.001606345,1.086085,0.8440521,-0.1410212,-0.5173869,-0.06218458,0.9325565,-0.3556281,0.5326437,0.3323421,0.7783569,static,36.73026,20.4339,2.210443,-0.08474176
05/15/2023 14:23:41.691849,4074,True,True,True,True,Eyes,1.284326,-0.2986395,-3.343614,0.5736203,0.2856883,0.7676862,0,0,0,0,0,0,0,-2.866302,-0.836681,2.029534,1.286552,-0.3012465,-3.359876,-0.1830655,0.2783661,-0.02071846,0.94264,340.5129,34.38379,351.3994,0.3577184,-0.08328441,-0.930108,0,0,0,1.900544,0.05227168,-2.535312,0.04199889,-0.003167123,1.086321,0.8441662,-0.1409786,-0.5172123,-0.06285837,0.9321156,-0.3566644,0.5323836,0.3335951,0.7779987,static,36.76733,20.41235,2.214044,-0.167043
05/15/2023 14:23:41.711566,4075,True,True,True,True,Eyes,1.284326,-0.2986395,-3.343614,0.5736203,0.2856883,0.7676862,0,0,0,0,0,0,0,-2.865386,-0.8406116,2.0293,1.28641,-0.3011518,-3.359997,-0.1838541,0.2782051,-0.02054787,0.9425379,340.4186,34.37791,351.3911,0.3576796,-0.08326484,-0.9301246,0,0,0,1.900544,0.05227168,-2.535312,0.04244131,-0.005051792,1.086438,0.8443595,-0.1410326,-0.5168819,-0.063564,0.9315509,-0.358012,0.5319932,0.3351459,0.7775992,static,36.76733,20.41235,2.237102,-0.2664158
05/15/2023 14:23:41.722195,4076,True,True,True,True,Eyes,1.284155,-0.2985781,-3.343728,0.5773264,0.2845251,0.7653364,0,0,0,0,0,0,0,-2.863722,-0.8439778,2.030309,1.286287,-0.3011311,-3.36008,-0.1845829,0.2778579,-0.02031188,0.9425029,340.327,34.34639,351.3965,0.3576447,-0.08324722,-0.9301396,0,0,0,1.900544,0.05227168,-2.535312,0.04332224,-0.006738544,1.086519,0.8447648,-0.1408637,-0.5162654,-0.06428764,0.9310331,-0.3592275,0.5312622,0.3366522,0.7774482,static,37.02883,20.39336,2.283316,-0.3553412
05/15/2023 14:23:41.742906,4077,True,True,True,True,Eyes,1.283989,-0.2985172,-3.343843,0.580821,0.2834432,0.7630904,0,0,0,0,0,0,0,-2.861227,-0.8464684,2.032761,1.2862,-0.3011402,-3.360096,-0.1851912,0.2773032,-0.02000585,0.9425535,340.2443,34.28508,351.4193,0.3576081,-0.08322957,-0.9301552,0,0,0,1.900544,0.05227168,-2.535312,0.04470271,-0.008128822,1.086518,0.8454055,-0.1404214,-0.5153363,-0.06499505,0.9306079,-0.3602006,0.5301559,0.3380099,0.7776143,static,37.27633,20.37707,2.355996,-0.4286523
05/15/2023 14:23:41.763545,4078,True,True,True,True,Eyes,1.283805,-0.2984517,-3.343946,0.5841478,0.2824079,0.7609318,0,0,0,0,0,0,0,-2.858248,-0.8492676,2.035994,1.286191,-0.301047,-3.360237,-0.1856889,0.2766368,-0.01986481,0.9426544,340.1785,34.21038,351.4301,0.3575702,-0.08321189,-0.9301714,0,0,0,1.900544,0.05227168,-2.535312,0.04615691,-0.009290367,1.08653,0.8461549,-0.1401881,-0.5141684,-0.06528548,0.93025,-0.3610716,0.5289232,0.3390902,0.7779834,static,37.51252,20.36162,2.432522,-0.4898953
05/15/2023 14:23:41.771719,4079,True,True,True,True,Eyes,1.283623,-0.2983927,-3.344051,0.587288,0.2814703,0.7588593,0,0,0,0,0,0,0,-2.854592,-0.8519151,2.040145,1.286092,-0.3009916,-3.360359,-0.1860656,0.2758495,-0.01983378,0.9428115,340.1288,34.11993,351.4358,0.3575306,-0.08319411,-0.9301881,0,0,0,1.900544,0.05227168,-2.535312,0.04792604,-0.01006496,1.086577,0.8470273,-0.1400512,-0.5127674,-0.06525316,0.9299725,-0.3617918,0.5275289,0.3399073,0.7785733,static,37.73661,20.35044,2.525527,-0.5307153
05/15/2023 14:23:41.791434,4080,True,True,True,True,Eyes,1.283555,-0.2983452,-3.344217,0.5900514,0.2807116,0.7569942,0,0,0,0,0,0,0,-2.851719,-0.8554627,2.042884,1.286004,-0.3011,-3.36051,-0.1867854,0.2752205,-0.01962389,0.9428573,340.0365,34.05349,351.445,0.3574897,-0.08317639,-0.9302054,0,0,0,1.900544,0.05227168,-2.535312,0.04934299,-0.01156837,1.086699,0.8477371,-0.1398194,-0.5116564,-0.06580929,0.9294523,-0.3630257,0.5263183,0.3414222,0.7787297,static,37.93521,20.34599,2.599805,-0.6099147
05/15/2023 14:23:41.811801,4081,True,True,True,True,Eyes,1.283487,-0.2982993,-3.344374,0.5926546,0.2800241,0.7552133,0,0,0,0,0,0,0,-2.848513,-0.8587893,2.045957,1.285886,-0.3009654,-3.360565,-0.1874253,0.2745356,-0.01941116,0.9429345,339.9524,33.97823,351.4591,0.3574498,-0.08315884,-0.9302223,0,0,0,1.900544,0.05227168,-2.535312,0.05099922,-0.01308897,1.08667,0.8485069,-0.1395167,-0.5104618,-0.0663029,0.9289899,-0.3641176,0.5250143,0.3428014,0.779004,static,38.1231,20.34418,2.687015,-0.6900962
05/15/2023 14:23:41.821718,4082,True,True,True,True,Eyes,1.283468,-0.2982598,-3.34455,0.5950181,0.279408,0.7535812,0,0,0,0,0,0,0,-2.845812,-0.8604183,2.048924,1.285829,-0.3009644,-3.360523,-0.1878612,0.2739294,-0.01911907,0.94303,339.8888,33.90681,351.4886,0.3574107,-0.08314149,-0.9302389,0,0,0,1.900544,0.05227168,-2.535312,0.05250448,-0.01408613,1.086586,0.8491943,-0.1389811,-0.5094637,-0.06686167,0.9286852,-0.364792,0.5238306,0.3438429,0.7793418,static,38.29417,20.34345,2.766415,-0.7427214
05/15/2023 14:23:41.842230,4083,True,True,True,True,Eyes,1.283445,-0.2982237,-3.344731,0.5972258,0.2788348,0.7520456,0,0,0,0,0,0,0,-2.843063,-0.8619317,2.051904,1.28573,-0.3009042,-3.360446,-0.1880922,0.2733556,-0.01906352,0.9431515,339.8563,33.83929,351.4985,0.3573735,-0.08312442,-0.9302547,0,0,0,1.900544,0.05227168,-2.535312,0.05392024,-0.01454094,1.086488,0.8498266,-0.1387917,-0.50846,-0.06687252,0.9285157,-0.3652212,0.5228028,0.3443767,0.7797961,static,38.45432,20.34319,2.841145,-0.7667687
05/15/2023 14:23:41.862167,4084,True,True,True,True,Eyes,1.283418,-0.2981869,-3.344902,0.5992882,0.2783038,0.7506002,0,0,0,0,0,0,0,-2.839448,-0.8625338,2.057026,1.285594,-0.3009481,-3.360724,-0.1882196,0.2725231,-0.01887698,0.9433708,339.8284,33.73478,351.5333,0.3573379,-0.08310769,-0.9302699,0,0,0,1.900544,0.05227168,-2.535312,0.05580726,-0.01485729,1.086691,0.8507497,-0.1382043,-0.5070745,-0.06697235,0.9284341,-0.3654104,0.5212865,0.3448328,0.7806092,static,38.60428,20.34352,2.939856,-0.7833022
05/15/2023 14:23:41.872278,4085,True,True,True,True,Eyes,1.283421,-0.2981596,-3.34509,0.5980664,0.2780696,0.7516608,0,0,0,0,0,0,0,-2.835943,-0.8631344,2.061421,1.285517,-0.3008953,-3.360645,-0.1883636,0.2717489,-0.01868811,0.9435691,339.7992,33.63787,351.5664,0.3573036,-0.08309127,-0.9302846,0,0,0,1.900544,0.05227168,-2.535312,0.05770797,-0.01517665,1.086554,0.8516065,-0.1376423,-0.5057874,-0.06710818,0.9283398,-0.3656251,0.5198681,0.3453112,0.7813433,static,38.50786,20.30146,3.04018,-0.8002381
05/15/2023 14:23:41.891864,4086,True,True,True,True,Eyes,1.283377,-0.298132,-3.345247,0.5968677,0.2778488,0.7526945,0,0,0,0,0,0,0,-2.832393,-0.864273,2.065959,1.285412,-0.3009538,-3.360766,-0.1886991,0.270937,-0.01837267,0.9437417,339.7443,33.53804,351.6074,0.357271,-0.08307534,-0.9302984,0,0,0,1.900544,0.05227168,-2.535312,0.059636,-0.01595074,1.086609,0.8525112,-0.1369292,-0.5044551,-0.06757299,0.9281102,-0.366122,0.5183228,0.3462107,0.7819716,static,38.41353,20.26106,3.141395,-0.841006
05/15/2023 14:23:41.912235,4087,True,True,True,True,Eyes,1.283328,-0.2981025,-3.34539,0.5956848,0.2776276,0.7537125,0,0,0,0,0,0,0,-2.829374,-0.8633695,2.070399,1.285308,-0.3010426,-3.360755,-0.1886399,0.2702429,-0.01813563,0.9439571,339.7368,33.44576,351.6523,0.3572393,-0.08305994,-0.930312,0,0,0,1.900544,0.05227168,-2.535312,0.06136006,-0.01578736,1.086595,0.8532798,-0.1361957,-0.5033532,-0.06771866,0.9281722,-0.365938,0.5170375,0.346334,0.7827676,static,38.32052,20.22111,3.232062,-0.8324037
05/15/2023 14:23:41.922176,4088,True,True,True,True,Eyes,1.283194,-0.298064,-3.345482,0.5947255,0.2773157,0.7545843,0,0,0,0,0,0,0,-2.826881,-0.8635175,2.073344,1.28514,-0.3009638,-3.360582,-0.1885131,0.2697594,-0.01824939,0.9441186,339.7503,33.38484,351.6548,0.3572083,-0.08304499,-0.9303253,0,0,0,1.900544,0.05227168,-2.535312,0.06264055,-0.01537642,1.086466,0.8537936,-0.1361655,-0.5024891,-0.06724722,0.9282596,-0.3658034,0.5162502,0.3461116,0.7833853,static,38.24341,20.17878,3.299755,-0.8108357
05/15/2023 14:23:41.941585,4089,True,True,True,True,Eyes,1.283061,-0.2980347,-3.345576,0.5937393,0.2770233,0.7554679,0,0,0,0,0,0,0,-2.823297,-0.8629609,2.078235,1.284935,-0.3009403,-3.360528,-0.1884531,0.2689788,-0.01805796,0.9443569,339.7437,33.28264,351.6964,0.3571762,-0.08303039,-0.9303389,0,0,0,1.900544,0.05227168,-2.535312,0.06466225,-0.0152595,1.086416,0.8546486,-0.1354861,-0.5012178,-0.06727348,0.9283187,-0.3656484,0.5148301,0.3462196,0.7842716,static,38.16461,20.13754,3.406162,-0.804708
05/15/2023 14:23:41.961951,4090,True,True,True,True,Eyes,1.282927,-0.2980021,-3.345666,0.5928237,0.2767181,0.7562984,0,0,0,0,0,0,0,-2.819497,-0.8611232,2.084357,1.284888,-0.3011215,-3.360659,-0.1883207,0.2680556,-0.01766629,0.944653,339.7373,33.15736,351.767,0.3571433,-0.08301634,-0.9303527,0,0,0,1.900544,0.05227168,-2.535312,0.06682789,-0.01497319,1.086475,0.8556682,-0.1343378,-0.4997851,-0.06758379,0.9284464,-0.3652665,0.5130929,0.3463243,0.7853631,static,38.09108,20.09681,3.519768,-0.7895688
05/15/2023 14:23:41.972475,4091,True,True,True,True,Eyes,1.28279,-0.2979728,-3.345753,0.5919077,0.2764399,0.7571171,0,0,0,0,0,0,0,-2.816033,-0.8609632,2.089079,1.284783,-0.3010051,-3.360696,-0.1882934,0.2672856,-0.0174998,0.9448797,339.7282,33.0577,351.8042,0.3571097,-0.08300272,-0.9303669,0,0,0,1.900544,0.05227168,-2.535312,0.06869301,-0.01502392,1.086407,0.8565043,-0.1337267,-0.4985153,-0.06758583,0.9284787,-0.3651842,0.5116957,0.3464744,0.786208,static,38.01799,20.05824,3.617969,-0.7922925
05/15/2023 14:23:41.991971,4092,True,True,True,True,Eyes,1.282611,-0.2979395,-3.345808,0.5912051,0.2760935,0.7577921,0,0,0,0,0,0,0,-2.813572,-0.8612694,2.092155,1.284598,-0.3010548,-3.360694,-0.188397,0.2667624,-0.01735104,0.9450097,339.7073,32.99192,351.8289,0.3570753,-0.08298957,-0.9303813,0,0,0,1.900544,0.05227168,-2.535312,0.0700601,-0.01521751,1.086436,0.8570735,-0.1333083,-0.4976484,-0.06772067,0.928411,-0.3653311,0.5107239,0.3468167,0.7866888,static,37.96021,20.01867,3.689677,-0.8024791
05/15/2023 14:23:42.012065,4093,True,True,True,True,Eyes,1.282437,-0.2979128,-3.345858,0.5904871,0.2757562,0.7584745,0,0,0,0,0,0,0,-2.810824,-0.8612522,2.095511,1.284451,-0.3010421,-3.360537,-0.1883898,0.2661925,-0.01726525,0.9451735,339.7003,32.91913,351.8517,0.3570395,-0.08297686,-0.9303962,0,0,0,1.900544,0.05227168,-2.535312,0.07156608,-0.01512557,1.086299,0.857687,-0.1329332,-0.496691,-0.06765857,0.9284224,-0.3653138,0.5097013,0.3469303,0.7873017,static,37.90145,19.97959,3.769235,-0.7977317
05/15/2023 14:23:42.021591,4094,True,True,True,True,Eyes,1.282235,-0.297871,-3.345889,0.589995,0.2753894,0.7589906,0,0,0,0,0,0,0,-2.808158,-0.8594244,2.099691,1.28442,-0.301163,-3.360451,-0.1881823,0.2655686,-0.01703342,0.9453945,339.7104,32.83261,351.9001,0.3570026,-0.0829647,-0.9304115,0,0,0,1.900544,0.05227168,-2.535312,0.07311106,-0.01460114,1.086195,0.8583664,-0.1321572,-0.4957232,-0.06774402,0.9285946,-0.3648601,0.5085448,0.346766,0.7881215,static,37.85941,19.94261,3.850733,-0.7701505
05/15/2023 14:23:42.041637,4095,True,True,True,True,Eyes,1.282044,-0.2978301,-3.34592,0.58951,0.2750635,0.7594854,0,0,0,0,0,0,0,-2.805991,-0.8616973,2.101663,1.284407,-0.3008618,-3.360487,-0.1883752,0.2651423,-0.01717069,0.9454733,339.6898,32.7862,351.8864,0.3569643,-0.08295272,-0.9304272,0,0,0,1.900544,0.05227168,-2.535312,0.07402423,-0.01512572,1.086064,0.8588095,-0.1323613,-0.4949008,-0.06742356,0.9284399,-0.3653127,0.5078388,0.347102,0.7884287,static,37.81849,19.90891,3.899151,-0.7979127
05/15/2023 14:23:42.061895,4096,True,True,True,True,Eyes,1.281849,-0.2977942,-3.345931,0.5891733,0.2746806,0.7598851,0,0,0,0,0,0,0,-2.804982,-0.8645083,2.10193,1.284479,-0.3008549,-3.360507,-0.1887641,0.2649542,-0.01728249,0.9454464,339.6487,32.77316,351.8629,0.3569249,-0.08294088,-0.9304433,0,0,0,1.900544,0.05227168,-2.535312,0.07430032,-0.01583663,1.086007,0.8590012,-0.132707,-0.4944753,-0.06734833,0.9281389,-0.3660908,0.5075245,0.3477745,0.7883348,static,37.78804,19.87373,3.913854,-0.8354531
05/15/2023 14:23:42.072096,4097,True,True,True,True,Eyes,1.28165,-0.297761,-3.345938,0.5888315,0.2742762,0.760296,0,0,0,0,0,0,0,-2.804283,-0.865355,2.101971,1.284429,-0.3009747,-3.360175,-0.1886213,0.2649125,-0.01772242,0.9454784,339.6786,32.77322,351.8187,0.3568846,-0.08292938,-0.9304599,0,0,0,1.900544,0.05227168,-2.535312,0.07442164,-0.01498896,1.085825,0.8590146,-0.1334486,-0.4942524,-0.06642395,0.9282159,-0.3660646,0.5076237,0.347285,0.7884867,moving,37.75695,19.83687,3.920878,-0.7908728
05/15/2023 14:23:42.091952,4098,True,True,True,True,Eyes,1.28145,-0.2977286,-3.345936,0.5885267,0.2738513,0.7606851,0,0,0,0,0,0,0,-2.802304,-0.8646462,2.104572,1.284143,-0.3010031,-3.360077,-0.1882083,0.2645779,-0.01806005,0.9456479,339.7327,32.72911,351.8031,0.3568435,-0.08291826,-0.9304766,0,0,0,1.897094,0.04990628,-2.535052,0.07257271,-0.01584616,1.08351,0.8593448,-0.1337484,-0.4935969,-0.06543464,0.9285029,-0.3655142,0.5071931,0.346401,0.7891523,moving,37.72839,19.79918,3.831906,-0.837882
05/15/2023 14:23:42.111736,4099,True,True,True,True,Eyes,1.281258,-0.2977051,-3.345936,0.5882117,0.2734179,0.7610846,0,0,0,0,0,0,0,-2.800802,-0.8613341,2.107561,1.284024,-0.3009845,-3.359895,-0.1877441,0.264224,-0.01784376,0.9458434,339.774,32.67111,351.8534,0.3568017,-0.08290753,-0.9304936,0,0,0,1.893906,0.04772118,-2.534812,0.07109785,-0.01683119,1.081192,0.8597347,-0.1329678,-0.4931288,-0.06545819,0.9288675,-0.3645825,0.506529,0.3457235,0.7898757,moving,37.69899,19.76071,3.762285,-0.8918663
05/15/2023 14:23:42.121793,4100,True,True,True,True,Eyes,1.281079,-0.2976873,-3.345937,0.587886,0.273009,0.7614828,0,0,0,0,0,0,0,-2.800313,-0.8553592,2.110774,1.284018,-0.3011463,-3.359965,-0.1871341,0.2639565,-0.01722443,0.9460503,339.8192,32.61333,351.9536,0.3567595,-0.08289738,-0.9305107,0,0,0,1.890372,0.04529836,-2.534545,0.06906492,-0.01793358,1.078849,0.8600605,-0.1313809,-0.4929858,-0.06620022,0.9293683,-0.3631696,0.5058789,0.3449836,0.7906155,moving,37.66915,19.72392,3.662917,-0.9523327
05/15/2023 14:23:42.142248,4101,True,True,True,True,Eyes,1.280909,-0.2976703,-3.345936,0.5875698,0.2725722,0.7618833,0,0,0,0,0,0,0,-2.800552,-0.8482455,2.113147,1.283981,-0.3012192,-3.35986,-0.1863505,0.2638624,-0.01659305,0.9462426,339.8848,32.57338,352.0579,0.3567171,-0.0828879,-0.9305278,0,0,0,1.887243,0.0431534,-2.534309,0.06710887,-0.01848942,1.076665,0.8602026,-0.1297439,-0.4931715,-0.06693967,0.9299964,-0.361422,0.50554,0.3439089,0.7913002,moving,37.63967,19.68524,3.566651,-0.9838361
05/15/2023 14:23:42.161706,4102,True,True,True,True,Eyes,1.28074,-0.297654,-3.345933,0.5872411,0.2722068,0.7622672,0,0,0,0,0,0,0,-2.800666,-0.8437278,2.114718,1.284017,-0.301204,-3.359794,-0.1856735,0.2638142,-0.01642292,0.946392,339.954,32.55014,352.1041,0.3566749,-0.08287903,-0.9305448,0,0,0,1.883854,0.04083044,-2.534053,0.0645864,-0.01920447,1.07429,0.8602647,-0.1290517,-0.4932447,-0.06688159,0.9305112,-0.3601051,0.5054419,0.3427747,0.7918548,moving,37.61021,19.65173,3.440486,-1.024135
05/15/2023 14:23:42.172049,4103,True,True,True,True,Eyes,1.280579,-0.2976377,-3.345924,0.5869097,0.2718351,0.762655,0,0,0,0,0,0,0,-2.800374,-0.839708,2.116556,1.283895,-0.3011994,-3.359748,-0.185164,0.2636961,-0.01613216,0.9465297,340.0001,32.5195,352.1592,0.3566328,-0.08287074,-0.9305617,0,0,0,1.880422,0.03847735,-2.533794,0.06233728,-0.02037388,1.071972,0.8604083,-0.1281932,-0.4932181,-0.0671149,0.9309081,-0.3590345,0.5051665,0.3420185,0.7923573,moving,37.58048,19.61772,3.328115,-1.088832
05/15/2023 14:23:42.197085,4104,True,True,True,True,Eyes,1.280394,-0.2976204,-3.345897,0.5866626,0.2715287,0.7629542,0,0,0,0,0,0,0,-2.799637,-0.8366634,2.11855,1.283929,-0.3011662,-3.359621,-0.1847705,0.2634808,-0.01590408,0.9466705,340.0346,32.48039,352.2049,0.3565911,-0.08286299,-0.9305783,0,0,0,1.877151,0.03623534,-2.533548,0.06030679,-0.02161539,1.069601,0.8606499,-0.1274787,-0.4929817,-0.06725506,0.9312139,-0.3582143,0.5047361,0.3414526,0.7928756,moving,37.55796,19.59019,3.227064,-1.157723
05/15/2023 14:23:42.212032,4105,True,True,True,True,Eyes,1.280221,-0.2976062,-3.34587,0.5864204,0.2712191,0.7632505,0,0,0,0,0,0,0,-2.798909,-0.8338727,2.120507,1.283968,-0.3012117,-3.359536,-0.184468,0.2632578,-0.01562645,0.9467961,340.0573,32.44132,352.253,0.3565493,-0.08285575,-0.9305949,0,0,0,1.873719,0.03388287,-2.533289,0.05813372,-0.02311552,1.067177,0.8609024,-0.1267154,-0.4927377,-0.06753513,0.9314548,-0.3575347,0.504268,0.3410795,0.7933338,moving,37.53578,19.56254,3.118067,-1.240858
05/15/2023 14:23:42.221994,4106,True,True,True,True,Eyes,1.28004,-0.2975875,-3.345834,0.5862245,0.2709674,0.7634904,0,0,0,0,0,0,0,-2.798626,-0.8329679,2.121294,1.284083,-0.3012672,-3.359524,-0.1842684,0.2631713,-0.01568028,0.9468581,340.0805,32.42749,352.2562,0.3565078,-0.08284903,-0.9306114,0,0,0,1.870177,0.03145438,-2.533022,0.0553416,-0.0247086,1.064726,0.86099,-0.1266823,-0.492593,-0.06729431,0.9315986,-0.3572053,0.5041506,0.3406988,0.7935721,moving,37.51784,19.54008,2.975404,-1.329398
05/15/2023 14:23:42.241631,4107,True,True,True,True,Eyes,1.279872,-0.2975705,-3.345803,0.5860345,0.2707219,0.7637233,0,0,0,0,0,0,0,-2.797744,-0.8343503,2.121913,1.284132,-0.3012037,-3.359511,-0.1842159,0.2630329,-0.01604436,0.9469007,340.097,32.41595,352.2194,0.3564664,-0.0828427,-0.9306278,0,0,0,1.867009,0.02928278,-2.532783,0.05292127,-0.02628711,1.062523,0.8611126,-0.1272945,-0.4922208,-0.06652488,0.9316141,-0.3573088,0.5040433,0.340428,0.7937564,moving,37.50043,19.51822,2.851385,-1.417224
05/15/2023 14:23:42.261849,4108,True,True,True,True,Eyes,1.279705,-0.2975501,-3.345766,0.5859418,0.2705112,0.763869,0,0,0,0,0,0,0,-2.797239,-0.8362876,2.121955,1.284261,-0.3012341,-3.359546,-0.1842913,0.2629596,-0.01639764,0.9469002,340.0995,32.41493,352.1776,0.3564253,-0.08283673,-0.930644,0,0,0,1.863764,0.02705839,-2.532538,0.05018941,-0.02812162,1.060298,0.8611667,-0.1279762,-0.4919491,-0.06586845,0.9315357,-0.3576347,0.5040369,0.340387,0.7937779,moving,37.49077,19.50074,2.710083,-1.519263
05/15/2023 14:23:42.272144,4109,True,True,True,True,Eyes,1.279549,-0.2975352,-3.345726,0.5858538,0.2702871,0.7640159,0,0,0,0,0,0,0,-2.796485,-0.8393555,2.121701,1.284334,-0.3011823,-3.359499,-0.184551,0.2628671,-0.01675617,0.9468692,340.0816,32.41539,352.1287,0.3563847,-0.08283102,-0.9306601,0,0,0,1.860419,0.02476561,-2.532286,0.04750827,-0.03044352,1.057929,0.8612403,-0.1287566,-0.4916166,-0.06529298,0.9313203,-0.3583006,0.5039861,0.340682,0.7936836,moving,37.4813,19.48233,2.571245,-1.648318
05/15/2023 14:23:42.291857,4110,True,True,True,True,Eyes,1.279378,-0.2975189,-3.34567,0.5857803,0.2700602,0.7641524,0,0,0,0,0,0,0,-2.796038,-0.8400868,2.121872,1.28442,-0.3013049,-3.359373,-0.1844012,0.2628239,-0.01716446,0.946903,340.1111,32.4145,352.0883,0.3563446,-0.08282568,-0.9306759,0,0,0,1.856984,0.02241035,-2.532027,0.04465991,-0.0317682,1.055519,0.861258,-0.1294363,-0.4914072,-0.06442395,0.9314031,-0.3582426,0.5040679,0.3401977,0.7938396,moving,37.47288,19.46399,2.422789,-1.723925
05/15/2023 14:23:42.311722,4111,True,True,True,True,Eyes,1.279214,-0.2975016,-3.34561,0.5856863,0.2698289,0.7643062,0,0,0,0,0,0,0,-2.795025,-0.8390862,2.123312,1.284427,-0.3013207,-3.359187,-0.1840947,0.2626309,-0.01732606,0.9470133,340.1487,32.38719,352.0854,0.356305,-0.08282068,-0.9306915,0,0,0,1.853643,0.02012003,-2.531775,0.04241842,-0.03293523,1.053119,0.8614497,-0.1295139,-0.4910506,-0.06388192,0.9316179,-0.357781,0.5038092,0.3395796,0.7942683,moving,37.46287,19.44496,2.306562,-1.791284
05/15/2023 14:23:42.321880,4112,True,True,True,True,Eyes,1.279055,-0.2974954,-3.345537,0.5855541,0.2695458,0.7645073,0,0,0,0,0,0,0,-2.79299,-0.8395494,2.125519,1.284421,-0.3012776,-3.359012,-0.1839616,0.2622429,-0.0175559,0.9471425,340.1677,32.3405,352.0724,0.356266,-0.08281596,-0.9307069,0,0,0,1.850162,0.01773399,-2.531512,0.04046285,-0.03453159,1.050599,0.861841,-0.1297411,-0.4903035,-0.06322933,0.9316999,-0.3576834,0.5032219,0.3392678,0.7947736,moving,37.44935,19.42135,2.205604,-1.882547
05/15/2023 14:23:42.341645,4113,True,True,True,True,Eyes,1.278904,-0.2974854,-3.34546,0.5853868,0.2692181,0.764751,0,0,0,0,0,0,0,-2.790473,-0.8364487,2.129487,1.284402,-0.3015325,-3.358645,-0.1833131,0.2617162,-0.01769118,0.9474112,340.2397,32.26432,352.0925,0.3562276,-0.08281183,-0.930722,0,0,0,1.84694,0.01552546,-2.531269,0.03913927,-0.0346159,1.048235,0.8623834,-0.1294737,-0.4894195,-0.06243037,0.9321666,-0.356606,0.5023916,0.3380857,0.7958019,moving,37.43263,19.39378,2.138331,-1.891393
05/15/2023 14:23:42.361488,4114,True,True,True,True,Eyes,1.278765,-0.2974807,-3.345375,0.5851808,0.2688065,0.7650533,0,0,0,0,0,0,0,-2.787262,-0.8342705,2.134251,1.284462,-0.3014205,-3.358447,-0.1826011,0.2610456,-0.01801523,0.9477276,340.3236,32.17253,352.0962,0.3561902,-0.08280813,-0.9307367,0,0,0,1.843706,0.01330812,-2.531025,0.03794476,-0.03484565,1.04584,0.8630613,-0.1294815,-0.488221,-0.06118735,0.9326646,-0.3555177,0.5013794,0.3367065,0.7970241,moving,37.41197,19.35926,2.077873,-1.908295
05/15/2023 14:23:42.371940,4115,True,True,True,True,Eyes,1.278623,-0.2974814,-3.345277,0.5849462,0.2683344,0.7653984,0,0,0,0,0,0,0,-2.78528,-0.8291688,2.138291,1.284486,-0.3015094,-3.358092,-0.1817532,0.2605785,-0.01791785,0.9480209,340.4108,32.09564,352.1488,0.3561538,-0.08280496,-0.9307508,0,0,0,1.840373,0.01102328,-2.530773,0.03645489,-0.03491533,1.043358,0.8635557,-0.1286949,-0.4875543,-0.06074893,0.9332895,-0.3539496,0.5005808,0.3352736,0.7981293,moving,37.38842,19.31972,2.001099,-1.916653
05/15/2023 14:23:42.391700,4116,True,True,True,True,Eyes,1.278479,-0.2974891,-3.345169,0.5845719,0.2678046,0.7658697,0,0,0,0,0,0,0,-2.782903,-0.8216264,2.143578,1.284318,-0.3016018,-3.357694,-0.1805567,0.2600253,-0.01769867,0.9484054,340.5322,31.99906,352.2299,0.3561186,-0.08280246,-0.9307646,0,0,0,1.836913,0.008651682,-2.530512,0.03528067,-0.03441474,1.040874,0.8641472,-0.1274696,-0.4868276,-0.0603276,0.934172,-0.3516861,0.49961,0.3332777,0.7995722,moving,37.35371,19.2734,1.941312,-1.893699
05/15/2023 14:23:42.411297,4117,True,True,True,True,Eyes,1.278345,-0.2975029,-3.345044,0.5841421,0.2671893,0.7664124,0,0,0,0,0,0,0,-2.777936,-0.8124681,2.152899,1.284186,-0.3017404,-3.357353,-0.179184,0.2588562,-0.01723922,0.948994,340.6606,31.81876,352.3576,0.3560844,-0.08280077,-0.9307778,0,0,0,1.833705,0.00645237,-2.53027,0.03563419,-0.03344059,1.038572,0.8653925,-0.1254856,-0.485128,-0.06004592,0.9351919,-0.349014,0.4974839,0.331164,0.8017731,moving,37.31383,19.21975,1.965091,-1.844208
05/15/2023 14:23:42.421809,4118,True,True,True,True,Eyes,1.278212,-0.2975228,-3.344908,0.5836596,0.2664839,0.7670253,0,0,0,0,0,0,0,-2.773777,-0.8010777,2.161762,1.284336,-0.3018394,-3.356807,-0.1774471,0.2578144,-0.01677856,0.949612,340.8307,31.64771,352.4955,0.3560514,-0.08280001,-0.9307905,0,0,0,1.830287,0.004109641,-2.530013,0.03540981,-0.03183788,1.035851,0.8665004,-0.1233631,-0.4836927,-0.05963058,0.936462,-0.3456632,0.4956019,0.3283602,0.8040885,moving,37.26893,19.15852,1.957852,-1.760487
05/15/2023 14:23:42.441404,4119,True,True,True,True,Eyes,1.278212,-0.2975228,-3.344908,0.5836596,0.2664839,0.7670253,0,0,0,0,0,0,0,-2.769679,-0.7884415,2.171025,1.284284,-0.3019432,-3.35642,-0.175564,0.2567881,-0.01621067,0.9502497,341.0142,31.47466,352.6498,0.3560198,-0.08280028,-0.9308025,0,0,0,1.827006,0.001860021,-2.529765,0.03538638,-0.03000197,1.033464,0.8675942,-0.1209739,-0.4823336,-0.05935711,0.937829,-0.3419847,0.4937176,0.3253338,0.8064743,moving,37.26893,19.15852,1.961073,-1.662858
05/15/2023 14:23:42.461482,4120,True,True,True,True,Eyes,1.278212,-0.2975228,-3.344908,0.5836596,0.2664839,0.7670253,0,0,0,0,0,0,0,-2.764818,-0.777494,2.180429,1.284187,-0.3018065,-3.356004,-0.173715,0.2556713,-0.01593977,0.950895,341.2029,31.29719,352.7699,0.3559914,-0.08280051,-0.9308134,0,0,0,1.823635,-0.0004502297,-2.529511,0.03545436,-0.02833429,1.030946,0.8687562,-0.119142,-0.4806951,-0.05851377,0.9391381,-0.3385201,0.491771,0.3222187,0.8089106,moving,37.26893,19.15852,1.969632,-1.574308
05/15/2023 14:23:42.481299,4121,True,True,True,True,Eyes,1.278212,-0.2975228,-3.344908,0.5836596,0.2664839,0.7670253,0,0,0,0,0,0,0,-2.759109,-0.7671381,2.190494,1.284094,-0.3018533,-3.355508,-0.1719918,0.2543902,-0.01566551,0.9515562,341.3764,31.10252,352.8884,0.3559658,-0.08280073,-0.9308231,0,0,0,1.820328,-0.002717252,-2.529261,0.03591186,-0.02667728,1.028451,0.8700804,-0.1173193,-0.4787445,-0.05769282,0.9403468,-0.3352899,0.4895218,0.3193493,0.8114089,moving,37.26893,19.15852,1.999864,-1.485878
05/15/2023 14:23:42.491930,4122,True,True,True,True,Eyes,1.278212,-0.2975228,-3.344908,0.5836596,0.2664839,0.7670253,0,0,0,0,0,0,0,-2.752838,-0.7556139,2.201659,1.284001,-0.3021597,-3.355058,-0.1701732,0.2529653,-0.01527952,0.9522689,341.5564,30.88726,353.0251,0.3559427,-0.08280092,-0.930832,0,0,0,1.816984,-0.005010141,-2.529009,0.03661099,-0.02468607,1.026048,0.8715501,-0.1151963,-0.4765818,-0.05699539,0.9416153,-0.3318316,0.4869824,0.3163708,0.8140993,moving,37.26893,19.15852,2.043535,-1.378234
05/15/2023 14:23:42.511837,4123,True,True,True,True,Eyes,1.278079,-0.2975549,-3.344697,0.5819712,0.2651912,0.7687544,0,0,0,0,0,0,0,-2.74541,-0.745434,2.213401,1.283879,-0.3021185,-3.354471,-0.1683004,0.2513736,-0.01520556,0.9530243,341.7512,30.65671,353.1304,0.355922,-0.0828011,-0.9308399,0,0,0,1.813473,-0.007416725,-2.528744,0.03753972,-0.02278677,1.023335,0.8731602,-0.1135951,-0.474012,-0.05563002,0.9428875,-0.3284333,0.4842484,0.3131442,0.8169726,moving,37.12687,19.0325,2.100879,-1.275603
05/15/2023 14:23:42.521403,4124,True,True,True,True,Eyes,1.278079,-0.2975549,-3.344697,0.5819712,0.2651912,0.7687544,0,0,0,0,0,0,0,-2.736784,-0.7379349,2.22575,1.283729,-0.3019409,-3.354008,-0.1668456,0.2495556,-0.01513055,0.9537587,341.898,30.4065,353.2247,0.355902,-0.08280271,-0.9308473,0,0,0,1.81016,-0.009687695,-2.528494,0.03904462,-0.02175906,1.020792,0.8749861,-0.1121363,-0.4709828,-0.05441273,0.9438673,-0.3258126,0.4810807,0.310709,0.819769,moving,37.12687,19.0325,2.190458,-1.221124
05/15/2023 14:23:42.541777,4125,True,True,True,True,Eyes,1.278079,-0.2975549,-3.344697,0.5819712,0.2651912,0.7687544,0,0,0,0,0,0,0,-2.72891,-0.7300329,2.237059,1.283608,-0.302166,-3.353413,-0.1656945,0.2478646,-0.0146611,0.9544075,342.0003,30.17107,353.3507,0.355884,-0.08280415,-0.9308541,0,0,0,1.806672,-0.01207899,-2.528231,0.04021508,-0.02127817,1.018136,0.8766964,-0.1101249,-0.468269,-0.05415426,0.9446607,-0.323548,0.4779861,0.3090121,0.822217,moving,37.12687,19.0325,2.261935,-1.197259
05/15/2023 14:23:42.561607,4126,True,True,True,True,Eyes,1.277927,-0.2976012,-3.344427,0.5796985,0.2636001,0.7710153,0,0,0,0,0,0,0,-2.721579,-0.7213799,2.247919,1.283477,-0.3023495,-3.352879,-0.1643159,0.2462997,-0.01433649,0.9550557,342.1335,29.95025,353.4647,0.3558678,-0.08280545,-0.9308602,0,0,0,1.803571,-0.01420445,-2.527997,0.04137829,-0.02011201,1.015794,0.8782618,-0.1083262,-0.4657485,-0.05355765,0.9455895,-0.3209238,0.4751714,0.3067995,0.8246735,moving,36.93818,18.87489,2.332649,-1.134268
05/15/2023 14:23:42.572054,4127,True,True,True,True,Eyes,1.27777,-0.2976491,-3.344151,0.5774069,0.2620327,0.7732659,0,0,0,0,0,0,0,-2.714882,-0.7149898,2.257034,1.283334,-0.3021884,-3.352273,-0.1631704,0.2449246,-0.01419387,0.9556077,342.2478,29.76018,353.5458,0.355852,-0.08280861,-0.9308659,0,0,0,1.800022,-0.01663772,-2.52773,0.04176638,-0.01992145,1.013033,0.879621,-0.1070564,-0.4634716,-0.05280137,0.946348,-0.3188066,0.4727357,0.3049009,0.8267747,moving,36.74914,18.71972,2.360913,-1.126585
05/15/2023 14:23:42.591725,4128,True,True,True,True,Eyes,1.277637,-0.2977077,-3.343872,0.5747259,0.2604837,0.7757824,0,0,0,0,0,0,0,-2.707646,-0.7090416,2.266845,1.283099,-0.3022375,-3.351863,-0.1623745,0.2434062,-0.01367868,0.9561386,342.3112,29.55252,353.6602,0.3558365,-0.08281349,-0.9308714,0,0,0,1.796817,-0.01883455,-2.527488,0.04278678,-0.02027893,1.01073,0.8811327,-0.1052033,-0.4610181,-0.05288848,0.9468949,-0.3171639,0.4699023,0.303846,0.8287759,moving,36.5323,18.56045,2.424029,-1.149408
05/15/2023 14:23:42.611693,4129,True,True,True,True,Eyes,1.277512,-0.2977669,-3.343576,0.572063,0.2589291,0.778267,0,0,0,0,0,0,0,-2.700963,-0.7005964,2.27647,1.283019,-0.3024342,-3.351231,-0.1613645,0.241959,-0.01292061,0.9566872,342.3923,29.34641,353.8079,0.3558218,-0.08282021,-0.9308765,0,0,0,1.793496,-0.0211113,-2.527237,0.04357392,-0.02022365,1.00816,0.8825778,-0.1028091,-0.4587883,-0.05336519,0.9475891,-0.3150032,0.4671279,0.3024981,0.8308347,moving,36.31764,18.40226,2.474855,-1.149197
05/15/2023 14:23:42.621964,4130,True,True,True,True,Eyes,1.27742,-0.2978288,-3.343285,0.5692016,0.257369,0.7808781,0,0,0,0,0,0,0,-2.6955,-0.6922744,2.284468,1.283126,-0.3024673,-3.350502,-0.1602403,0.2407683,-0.01236642,0.9571838,342.4941,29.17366,353.9306,0.3558082,-0.08282864,-0.930881,0,0,0,1.789852,-0.02360906,-2.526963,0.0433819,-0.02018324,1.005217,0.8837554,-0.1008354,-0.4569558,-0.0534877,0.9483402,-0.3127137,0.4648821,0.300804,0.8327074,moving,36.08925,18.24166,2.471167,-1.150258
05/15/2023 14:23:42.641397,4131,True,True,True,True,Eyes,1.277331,-0.2978963,-3.342983,0.5663933,0.2557997,0.7834317,0,0,0,0,0,0,0,-2.690643,-0.6852328,2.291461,1.283054,-0.3024718,-3.349952,-0.1591855,0.2397518,-0.01203252,0.9576192,342.5959,29.02733,354.0222,0.3557963,-0.08283864,-0.9308846,0,0,0,1.786726,-0.0257518,-2.526727,0.04326716,-0.01995566,1.002841,0.8847486,-0.09937515,-0.4553511,-0.05328489,0.9490304,-0.3106477,0.4630127,0.2991084,0.834358,moving,35.86559,18.08247,2.470471,-1.139986
05/15/2023 14:23:42.661782,4132,True,True,True,True,Eyes,1.277238,-0.2979666,-3.342664,0.5638096,0.254101,0.7858443,0,0,0,0,0,0,0,-2.687099,-0.677231,2.297189,1.283067,-0.3026365,-3.349383,-0.158092,0.2389777,-0.01159502,0.9579991,342.7008,28.90864,354.1221,0.3557862,-0.08285022,-0.9308874,0,0,0,1.783497,-0.02796575,-2.526483,0.04250586,-0.01964845,1.000423,0.8855104,-0.09777698,-0.4542147,-0.0533449,0.949745,-0.3084459,0.461547,0.2973621,0.8357931,moving,35.65782,17.9185,2.432913,-1.125153
05/15/2023 14:23:42.671835,4133,True,True,True,True,Eyes,1.277145,-0.2980355,-3.342332,0.5613037,0.252366,0.7881939,0,0,0,0,0,0,0,-2.685485,-0.6688894,2.300642,1.283135,-0.3027426,-3.348747,-0.156902,0.2386069,-0.0112648,0.958291,342.8221,28.83977,354.205,0.3557778,-0.08286335,-0.9308895,0,0,0,1.780103,-0.03029194,-2.526227,0.0407331,-0.01928061,0.9978553,0.8858797,-0.09646572,-0.4537749,-0.0532859,0.9505097,-0.3060913,0.4608448,0.2953398,0.836897,moving,35.45615,17.75416,2.337553,-1.106934
05/15/2023 14:23:42.701866,4134,True,True,True,True,Eyes,1.277046,-0.298106,-3.341991,0.5588522,0.2506074,0.7904936,0,0,0,0,0,0,0,-2.683817,-0.6611679,2.303937,1.283039,-0.3025839,-3.348193,-0.1555029,0.2382894,-0.01132566,0.9585972,342.9784,28.78081,354.2486,0.3557709,-0.08287787,-0.9308908,0,0,0,1.776767,-0.03257876,-2.525975,0.03892735,-0.01855665,0.9954154,0.8861798,-0.09582288,-0.4533248,-0.05239588,0.9513811,-0.3035268,0.4603695,0.2927317,0.838074,moving,35.25901,17.58999,2.239504,-1.067991
05/15/2023 14:23:42.711640,4135,True,True,True,True,Eyes,1.277046,-0.298106,-3.341991,0.5588522,0.2506074,0.7904936,0,0,0,0,0,0,0,-2.680793,-0.6532588,2.308829,1.282826,-0.302626,-3.347665,-0.154211,0.2376936,-0.01119118,0.9589555,343.1155,28.68665,354.3159,0.3557654,-0.08289371,-0.9308915,0,0,0,1.773378,-0.03490238,-2.52572,0.0377579,-0.01798403,0.9930574,0.886753,-0.09477359,-0.4524235,-0.05184621,0.9521875,-0.301083,0.4593267,0.2904427,0.8394414,moving,35.25901,17.58999,2.177444,-1.037499
05/15/2023 14:23:42.721511,4136,True,True,True,True,Eyes,1.277046,-0.298106,-3.341991,0.5588522,0.2506074,0.7904936,0,0,0,0,0,0,0,-2.676324,-0.6440871,2.315532,1.28263,-0.3029747,-3.346986,-0.1530094,0.236771,-0.01065318,0.9593822,343.2292,28.54796,354.4322,0.3557604,-0.08290795,-0.9308922,0,0,0,1.770027,-0.03719954,-2.525467,0.03740504,-0.01741514,0.9906479,0.887652,-0.09289732,-0.4510476,-0.05201542,0.9529493,-0.2986338,0.4575678,0.2885444,0.8410553,moving,35.25901,17.58999,2.162356,-1.00713
05/15/2023 14:23:42.741811,4137,True,True,True,True,Eyes,1.277046,-0.298106,-3.341991,0.5588522,0.2506074,0.7904936,0,0,0,0,0,0,0,-2.671997,-0.6346218,2.322697,1.28265,-0.3029974,-3.346675,-0.1515653,0.2358242,-0.01028969,0.9598485,343.375,28.40598,354.5361,0.355756,-0.08292077,-0.9308928,0,0,0,1.766806,-0.0394073,-2.525224,0.03683513,-0.0166183,0.9884511,0.8885621,-0.09123861,-0.4495918,-0.05173244,0.9538442,-0.2958126,0.45583,0.2861064,0.8428298,moving,35.25901,17.58999,2.134169,-0.9631925
05/15/2023 14:23:42.761696,4138,True,True,True,True,Eyes,1.277046,-0.298106,-3.341991,0.5588522,0.2506074,0.7904936,0,0,0,0,0,0,0,-2.668786,-0.6266015,2.327858,1.282706,-0.303076,-3.34616,-0.1504936,0.2351211,-0.009810952,0.9601945,343.4774,28.29761,354.6368,0.3557519,-0.08293232,-0.9308933,0,0,0,1.763325,-0.04179361,-2.524961,0.03560871,-0.01668049,0.9859431,0.8892437,-0.08960927,-0.448571,-0.05192758,0.9545109,-0.2936198,0.4544769,0.2843927,0.8441395,moving,35.25901,17.58999,2.068418,-0.9692555
05/15/2023 14:23:42.771735,4139,True,True,True,True,Eyes,1.27695,-0.2981898,-3.341578,0.5561754,0.2487534,0.7929633,0,0,0,0,0,0,0,-2.665495,-0.6204919,2.332351,1.282537,-0.3030008,-3.345598,-0.1493786,0.234501,-0.009845152,0.9605199,343.5998,28.20697,354.6784,0.3557483,-0.0829427,-0.9308938,0,0,0,1.760079,-0.04401885,-2.524717,0.03450587,-0.01640281,0.9836184,0.8898247,-0.08897179,-0.4475444,-0.05114592,0.9551782,-0.2915796,0.453427,0.2823448,0.8453906,moving,35.04538,17.41669,2.009144,-0.9553753
05/15/2023 14:23:42.791677,4140,True,True,True,True,Eyes,1.276881,-0.2982785,-3.341183,0.55344,0.2470168,0.7954161,0,0,0,0,0,0,0,-2.65974,-0.6153643,2.339369,1.282316,-0.3030171,-3.345054,-0.1486563,0.2333661,-0.009502164,0.9609118,343.6648,28.05365,354.7598,0.3557464,-0.08295534,-0.9308934,0,0,0,1.756592,-0.04640899,-2.524454,0.03433171,-0.01710278,0.9811724,0.8908999,-0.08764415,-0.4456633,-0.05112119,0.9556221,-0.2901261,0.4513135,0.2812562,0.8468831,moving,34.82968,17.2522,2.00399,-0.9986193
05/15/2023 14:23:42.811595,4141,True,True,True,True,Eyes,1.27681,-0.2983668,-3.340785,0.5506901,0.2453006,0.7978522,0,0,0,0,0,0,0,-2.652166,-0.6100689,2.348766,1.282205,-0.3031448,-3.344686,-0.1480444,0.2318101,-0.008913546,0.9613884,343.7085,27.84714,354.873,0.3557467,-0.08297007,-0.930892,0,0,0,1.753362,-0.04862307,-2.52421,0.03507832,-0.0178832,0.9789793,0.8923692,-0.08577514,-0.4430799,-0.05149762,0.9560068,-0.2887889,0.4483583,0.2805238,0.8486938,moving,34.61404,17.09011,2.052117,-1.046516
05/15/2023 14:23:42.821967,4142,True,True,True,True,Eyes,1.276789,-0.2984498,-3.34041,0.5477467,0.2437412,0.8003523,0,0,0,0,0,0,0,-2.64382,-0.6043189,2.358958,1.282136,-0.303193,-3.344229,-0.1472038,0.2301179,-0.00851501,0.9619275,343.7828,27.62416,354.9735,0.3557488,-0.08298668,-0.9308897,0,0,0,1.749942,-0.05096799,-2.523952,0.03588241,-0.01828825,0.9765718,0.8939465,-0.08413009,-0.4402064,-0.05136681,0.956517,-0.2871177,0.4452202,0.2792799,0.8507536,moving,34.38704,16.93772,2.104286,-1.072852
05/15/2023 14:23:42.841873,4143,True,True,True,True,Eyes,1.276762,-0.2985355,-3.340026,0.5448096,0.2422004,0.802821,0,0,0,0,0,0,0,-2.635852,-0.6004656,2.368061,1.28203,-0.303043,-3.343734,-0.146577,0.2285401,-0.008249431,0.9624016,343.8376,27.42028,355.05,0.3557535,-0.08300477,-0.9308863,0,0,0,1.746622,-0.05324381,-2.523701,0.03655005,-0.0191672,0.9741635,0.8954027,-0.08287594,-0.4374762,-0.0511189,0.9568942,-0.2859025,0.442313,0.2783612,0.8525693,moving,34.16156,16.78786,2.148696,-1.12718
05/15/2023 14:23:42.861603,4144,True,True,True,True,Eyes,1.276759,-0.2986258,-3.339651,0.5418941,0.2407087,0.8052391,0,0,0,0,0,0,0,-2.628197,-0.5958316,2.376827,1.28189,-0.3031677,-3.343141,-0.1458693,0.2270385,-0.007991776,0.9628665,343.9023,27.22493,355.1264,0.3557607,-0.08302426,-0.9308818,0,0,0,1.743439,-0.05542596,-2.523461,0.03721946,-0.0195273,0.9718592,0.8967794,-0.08162592,-0.434884,-0.05084585,0.9573165,-0.2845342,0.439547,0.2772764,0.8543513,moving,33.939,16.64289,2.193195,-1.151074
05/15/2023 14:23:42.871465,4145,True,True,True,True,Eyes,1.276741,-0.2987121,-3.339274,0.5389412,0.2392151,0.8076623,0,0,0,0,0,0,0,-2.618833,-0.5889034,2.387969,1.281665,-0.3032829,-3.34258,-0.1449444,0.225181,-0.007425454,0.9634467,343.9815,26.9792,355.2505,0.3557703,-0.08304513,-0.9308762,0,0,0,1.739722,-0.05797385,-2.523181,0.03825682,-0.01996446,0.9693017,0.8984768,-0.07958547,-0.4317471,-0.05096935,0.957872,-0.2826365,0.4360522,0.2759482,0.8565693,moving,33.7146,16.49835,2.260202,-1.17994
05/15/2023 14:23:42.891391,4146,True,True,True,True,Eyes,1.276733,-0.298805,-3.338901,0.5361117,0.23771,0.8099866,0,0,0,0,0,0,0,-2.60802,-0.5821955,2.400631,1.281362,-0.3032416,-3.342141,-0.1439117,0.2230595,-0.006992403,0.9640982,344.0755,26.7026,355.3663,0.3557821,-0.08306712,-0.9308698,0,0,0,1.736645,-0.06008321,-2.522949,0.04035547,-0.01990187,0.9671919,0.9003912,-0.07768445,-0.4280899,-0.05071901,0.958481,-0.2806094,0.432115,0.2743705,0.8590677,moving,33.49967,16.35559,2.389244,-1.178807
05/15/2023 14:23:42.911419,4147,True,True,True,True,Eyes,1.276718,-0.298901,-3.33852,0.5332531,0.2361989,0.8123123,0,0,0,0,0,0,0,-2.597782,-0.5744052,2.412841,1.281241,-0.3033963,-3.341644,-0.1430277,0.2209998,-0.006128637,0.9647096,344.1422,26.42932,355.5257,0.3557958,-0.0830903,-0.9308624,0,0,0,1.733426,-0.06228966,-2.522706,0.04212648,-0.02022818,0.9649245,0.902243,-0.07504289,-0.4246482,-0.05139347,0.9590111,-0.2786691,0.4281544,0.2732514,0.8614043,moving,33.28342,16.21303,2.49982,-1.200943
05/15/2023 14:23:42.922126,4148,True,True,True,True,Eyes,1.276684,-0.2989943,-3.338126,0.5305338,0.2346164,0.8145483,0,0,0,0,0,0,0,-2.588256,-0.5642405,2.424613,1.281105,-0.3035243,-3.341082,-0.1418112,0.219086,-0.005179183,0.9653312,344.2453,26.16884,355.7015,0.3558112,-0.08311465,-0.9308544,0,0,0,1.730043,-0.0646086,-2.522451,0.04351982,-0.02010363,0.9625402,0.903949,-0.07213696,-0.4215122,-0.05213845,0.9597255,-0.2760589,0.42445,0.2715202,0.8637818,moving,33.07711,16.06812,2.58878,-1.196507
05/15/2023 14:23:42.941532,4149,True,True,True,True,Eyes,1.276644,-0.2990812,-3.337732,0.5277863,0.2330178,0.816789,0,0,0,0,0,0,0,-2.57887,-0.5553831,2.435832,1.281047,-0.3035559,-3.340519,-0.1406332,0.2172192,-0.004488966,0.9659286,344.3516,25.91901,355.8451,0.3558278,-0.08314003,-0.9308457,0,0,0,1.726739,-0.06687345,-2.522202,0.04473913,-0.01997338,0.9601579,0.9055914,-0.06976853,-0.4183739,-0.05242444,0.9604043,-0.2736334,0.4208991,0.2697331,0.8660762,moving,32.86942,15.92267,2.667801,-1.191705
05/15/2023 14:23:42.961588,4150,True,True,True,True,Eyes,1.276605,-0.2991679,-3.337336,0.5250999,0.2314042,0.8189763,0,0,0,0,0,0,0,-2.569305,-0.5469137,2.44719,1.280943,-0.3034539,-3.340102,-0.1393677,0.215337,-0.0039864,0.9665354,344.4731,25.66966,355.9691,0.3558453,-0.08316617,-0.9308367,0,0,0,1.723446,-0.06913126,-2.521953,0.04592612,-0.01975772,0.9579058,0.9072282,-0.06772806,-0.4151505,-0.05231606,0.9611215,-0.2711246,0.4173728,0.2676909,0.8684133,moving,32.66662,15.77779,2.744904,-1.181612
05/15/2023 14:23:42.971339,4151,True,True,True,True,Eyes,1.276559,-0.299258,-3.336934,0.5223837,0.229761,0.821173,0,0,0,0,0,0,0,-2.559849,-0.5411908,2.457461,1.280695,-0.3034949,-3.339542,-0.1384975,0.2135388,-0.003643273,0.9670607,344.5549,25.43781,356.0621,0.3558637,-0.08319297,-0.9308273,0,0,0,1.719981,-0.07150631,-2.521692,0.04690087,-0.02015606,0.9555436,0.9087758,-0.0661957,-0.4120009,-0.05210264,0.9616103,-0.2694269,0.4140192,0.266315,0.8704393,moving,32.4622,15.63141,2.809989,-1.208407
05/15/2023 14:23:42.991379,4152,True,True,True,True,Eyes,1.276492,-0.2993434,-3.336522,0.5197163,0.22809,0.8233285,0,0,0,0,0,0,0,-2.549729,-0.5336479,2.468745,1.280517,-0.3036348,-3.338965,-0.1371572,0.2116159,-0.003563117,0.9676746,344.6961,25.18997,356.1392,0.3558829,-0.08322051,-0.9308175,0,0,0,1.716679,-0.0737702,-2.521443,0.04814047,-0.01934259,0.953271,0.9104121,-0.06494518,-0.4085732,-0.05115343,0.9623504,-0.2669551,0.4105281,0.2639391,0.8728132,moving,32.26168,15.48454,2.890998,-1.162415
05/15/2023 14:23:43.011793,4153,True,True,True,True,Eyes,1.276419,-0.2994334,-3.336106,0.5170068,0.2264031,0.8254972,0,0,0,0,0,0,0,-2.539094,-0.5285066,2.479861,1.280244,-0.3035949,-3.338388,-0.1360767,0.2096359,-0.003655199,0.9682576,344.8123,24.94108,356.1898,0.3559021,-0.08324861,-0.9308077,0,0,0,1.713168,-0.07617696,-2.521178,0.04933175,-0.01924479,0.9508794,0.9120789,-0.06413145,-0.4049683,-0.04997475,0.9629396,-0.265047,0.4069578,0.261982,0.8750719,moving,32.05881,15.33697,2.969851,-1.159448
05/15/2023 14:23:43.022088,4154,True,True,True,True,Eyes,1.276317,-0.2995263,-3.335675,0.5145442,0.2246071,0.827524,0,0,0,0,0,0,0,-2.528194,-0.521438,2.491724,1.280091,-0.3037597,-3.337881,-0.13486,0.2075641,-0.003500926,0.9688745,344.9376,24.67655,356.2731,0.3559215,-0.08327734,-0.9307977,0,0,0,1.709827,-0.078467,-2.520926,0.050742,-0.01872873,0.9486411,0.9138098,-0.06276811,-0.4012629,-0.04920028,0.9636011,-0.2627781,0.4031515,0.2598715,0.8774598,moving,31.87284,15.18542,3.061784,-1.131026
05/15/2023 14:23:43.041555,4155,True,True,True,True,Eyes,1.276212,-0.2996219,-3.335245,0.5120626,0.2227872,0.8295528,0,0,0,0,0,0,0,-2.518946,-0.5124032,2.502247,1.280087,-0.3039173,-3.337348,-0.133542,0.2057734,-0.003038364,0.9694404,345.0681,24.4408,356.3893,0.3559403,-0.0833068,-0.9307878,0,0,0,1.706388,-0.08082444,-2.520666,0.0514479,-0.01826414,0.9463047,0.9152962,-0.06084979,-0.3981585,-0.04906774,0.9643146,-0.2601725,0.3997815,0.2576716,0.8796477,moving,31.68602,15.03281,3.111945,-1.105699
05/15/2023 14:23:43.061373,4156,True,True,True,True,Eyes,1.276137,-0.2997195,-3.334823,0.5096367,0.2209378,0.831539,0,0,0,0,0,0,0,-2.510473,-0.5032446,2.51203,1.279977,-0.3040347,-3.336952,-0.132129,0.2041536,-0.002696924,0.9699773,345.2132,24.22691,356.4908,0.3559586,-0.08333699,-0.9307781,0,0,0,1.703026,-0.083129,-2.520413,0.05189794,-0.01761837,0.9441935,0.9166281,-0.05918114,-0.395336,-0.04871732,0.9650693,-0.2574255,0.3967614,0.2552231,0.8817264,moving,31.50346,14.87956,3.146118,-1.068998
05/15/2023 14:23:43.075898,4157,True,True,True,True,Eyes,1.276058,-0.299819,-3.334403,0.5072184,0.2190647,0.8335108,0,0,0,0,0,0,0,-2.503341,-0.4941169,2.520296,1.27997,-0.3041201,-3.336457,-0.1306919,0.2027905,-0.002438492,0.9704585,345.3643,24.04527,356.5788,0.3559771,-0.08336784,-0.9307683,0,0,0,1.699664,-0.08543372,-2.520159,0.0517697,-0.01691784,0.9419886,0.9177402,-0.05773908,-0.3929622,-0.04827325,0.9658273,-0.2546512,0.3942369,0.2526731,0.8835912,moving,31.32187,14.72554,3.14569,-1.028905
05/15/2023 14:23:43.091751,4158,True,True,True,True,Eyes,1.275969,-0.2999137,-3.333976,0.5049263,0.2171808,0.8353932,0,0,0,0,0,0,0,-2.496831,-0.4854122,2.527854,1.279834,-0.3042282,-3.336061,-0.1293137,0.2015686,-0.002217737,0.9708982,345.5103,23.88212,356.6582,0.3559956,-0.08339934,-0.9307584,0,0,0,1.696442,-0.08764226,-2.519916,0.05155185,-0.01624821,0.9400222,0.9187304,-0.05643757,-0.3908316,-0.04782479,0.9665461,-0.251995,0.3919788,0.2502069,0.8852961,moving,31.1495,14.57284,3.139019,-0.9902545
05/15/2023 14:23:43.111664,4159,True,True,True,True,Eyes,1.275878,-0.3000129,-3.333549,0.5026202,0.2153045,0.8372675,0,0,0,0,0,0,0,-2.490099,-0.4772328,2.5353,1.279697,-0.3041411,-3.33556,-0.1280307,0.200317,-0.001941655,0.9713277,345.6443,23.71596,356.7415,0.356014,-0.08343132,-0.9307485,0,0,0,1.693192,-0.08987032,-2.519671,0.05141336,-0.01596765,0.9379058,0.9197387,-0.05506543,-0.3886498,-0.04752149,0.9672087,-0.2494975,0.3896441,0.2479417,0.8869625,moving,30.97682,14.42123,3.137653,-0.9753546
05/15/2023 14:23:43.121875,4160,True,True,True,True,Eyes,1.275765,-0.3001117,-3.333114,0.500514,0.2133822,0.8390196,0,0,0,0,0,0,0,-2.482513,-0.4694259,2.543569,1.27958,-0.3043166,-3.335123,-0.1269667,0.1988888,-0.00146071,0.9717617,345.7483,23.52829,356.845,0.3560321,-0.08346386,-0.9307386,0,0,0,1.689786,-0.09220508,-2.519414,0.05143189,-0.0160412,0.9358091,0.9208822,-0.05334341,-0.386174,-0.04766556,0.9677547,-0.2473437,0.3869159,0.2461816,0.8886454,moving,30.81803,14.26914,3.145801,-0.9820415
05/15/2023 14:23:43.141541,4161,True,True,True,True,Eyes,1.275656,-0.3002102,-3.332684,0.4983974,0.2114739,0.8407609,0,0,0,0,0,0,0,-2.475123,-0.4608718,2.551799,1.279588,-0.3043674,-3.334715,-0.1256773,0.1974839,-0.001112344,0.972216,345.8813,23.34354,356.9381,0.3560497,-0.08349691,-0.9307289,0,0,0,1.686356,-0.09455644,-2.519155,0.05122817,-0.01578662,0.9336731,0.9219977,-0.05180138,-0.3837145,-0.04747562,0.9684079,-0.2448104,0.3842737,0.2439317,0.8904107,moving,30.65918,14.11854,3.140518,-0.9686692
05/15/2023 14:23:43.161948,4162,True,True,True,True,Eyes,1.275513,-0.3003098,-3.332237,0.4963519,0.209567,0.8424467,0,0,0,0,0,0,0,-2.468369,-0.4543578,2.55909,1.279603,-0.3044276,-3.334391,-0.1247252,0.1962013,-0.000781242,0.9725987,345.9772,23.17706,357.0186,0.3560667,-0.08353043,-0.9307194,0,0,0,1.683069,-0.09681013,-2.518907,0.05085504,-0.01607457,0.9316971,0.9230089,-0.05046215,-0.3814554,-0.04742282,0.968886,-0.2429217,0.3818452,0.2423085,0.8918973,moving,30.5057,13.96935,3.124289,-0.9884259
05/15/2023 14:23:43.172066,4163,True,True,True,True,Eyes,1.275371,-0.3004128,-3.33179,0.4943232,0.2076411,0.8441148,0,0,0,0,0,0,0,-2.463337,-0.4480011,2.564368,1.279573,-0.3045387,-3.333867,-0.1236104,0.1952842,-0.0008234227,0.9729254,346.1013,23.05812,357.0546,0.3560826,-0.08356445,-0.9307103,0,0,0,1.679624,-0.09917166,-2.518647,0.04968131,-0.01592655,0.9295574,0.9237268,-0.04988057,-0.3797904,-0.04667605,0.9694396,-0.2408489,0.3801976,0.2402057,0.8931691,moving,30.35372,13.81963,3.059331,-0.9815801
05/15/2023 14:23:43.192038,4164,True,True,True,True,Eyes,1.275201,-0.3005074,-3.331329,0.4924108,0.2056708,0.8457133,0,0,0,0,0,0,0,-2.458369,-0.4409741,2.569778,1.279486,-0.3046942,-3.333447,-0.1223622,0.1943832,-0.0009096113,0.9732636,346.2416,22.94072,357.0882,0.3560974,-0.08359901,-0.9307014,0,0,0,1.676291,-0.1014566,-2.518396,0.04857814,-0.01544051,0.927615,0.9244286,-0.0493409,-0.3781496,-0.04579974,0.9700534,-0.238535,0.3785948,0.2378277,0.8944853,moving,30.20981,13.66854,2.997777,-0.9536223
05/15/2023 14:23:43.213128,4165,True,True,True,True,Eyes,1.275028,-0.3006072,-3.330874,0.4904768,0.2037021,0.8473123,0,0,0,0,0,0,0,-2.452865,-0.4331999,2.575469,1.27931,-0.3045618,-3.332845,-0.1209662,0.1934111,-0.0009649709,0.9736316,346.3978,22.81338,357.1297,0.3561109,-0.08363389,-0.9306931,0,0,0,1.672932,-0.1037589,-2.518143,0.04775339,-0.01496291,0.9254707,0.9251824,-0.04867147,-0.3763888,-0.04491337,0.9707325,-0.2359264,0.3768557,0.2351798,0.8959187,moving,30.06491,13.51793,2.953787,-0.9262714
05/15/2023 14:23:43.221693,4166,True,True,True,True,Eyes,1.274839,-0.3007089,-3.330424,0.4886301,0.2017235,0.8488511,0,0,0,0,0,0,0,-2.445525,-0.4253069,2.58327,1.279082,-0.3047498,-3.332542,-0.119816,0.1920676,-0.0006162113,0.97404,346.516,22.63885,357.2163,0.3561229,-0.08366919,-0.9306854,0,0,0,1.669557,-0.1060726,-2.517888,0.04758909,-0.01487274,0.9236444,0.9262192,-0.04722599,-0.3740155,-0.04482514,0.9712875,-0.2336479,0.3743107,0.2331745,0.8975083,moving,29.92632,13.36798,2.949453,-0.9225107
05/15/2023 14:23:43.241501,4167,True,True,True,True,Eyes,1.274656,-0.3008115,-3.329977,0.4867527,0.1997762,0.8503889,0,0,0,0,0,0,0,-2.437327,-0.4173914,2.591947,1.278951,-0.3048584,-3.332313,-0.1186957,0.1905435,-0.0001697977,0.9744766,346.6283,22.44211,357.3156,0.3561332,-0.08370493,-0.9306782,0,0,0,1.666425,-0.1082194,-2.517652,0.04787824,-0.01481067,0.9219353,0.9273863,-0.04556433,-0.37132,-0.04490247,0.9718226,-0.2313972,0.3714006,0.2312677,0.899209,moving,29.78632,13.22039,2.972832,-0.9203635
05/15/2023 14:23:43.261801,4168,True,True,True,True,Eyes,1.274456,-0.3009093,-3.329524,0.4849619,0.1978291,0.8518659,0,0,0,0,0,0,0,-2.429756,-0.411334,2.59954,1.278967,-0.3049544,-3.331931,-0.1179018,0.1891292,0.0002853842,0.9748483,346.7041,22.26134,357.4063,0.356142,-0.08374106,-0.9306716,0,0,0,1.662952,-0.1106002,-2.51739,0.04754296,-0.01554023,0.9198871,0.9284601,-0.04404092,-0.3688118,-0.04515374,0.9721982,-0.2297648,0.3686772,0.2299807,0.9006587,moving,29.65259,13.07407,2.958612,-0.9678412
05/15/2023 14:23:43.271983,4169,True,True,True,True,Eyes,1.274254,-0.3010116,-3.329074,0.4831423,0.1959155,0.8533408,0,0,0,0,0,0,0,-2.422788,-0.4073693,2.605983,1.278811,-0.3049174,-3.331466,-0.1171667,0.187884,0.0002878112,0.9751778,346.7839,22.10719,357.441,0.3561492,-0.08377745,-0.9306656,0,0,0,1.659716,-0.112819,-2.517146,0.04720807,-0.01615775,0.9179426,0.9293991,-0.04346615,-0.3665079,-0.04458882,0.9725438,-0.2284086,0.3663731,0.2286249,0.9019432,moving,29.51756,12.93026,2.944021,-1.008424
05/15/2023 14:23:43.291658,4170,True,True,True,True,Eyes,1.274023,-0.3011092,-3.328623,0.4813097,0.1940119,0.8548101,0,0,0,0,0,0,0,-2.415176,-0.4030939,2.613121,1.278621,-0.3051084,-3.331065,-0.1165038,0.1865162,0.0004480331,0.9755196,346.8518,21.93718,357.4935,0.3561549,-0.0838142,-0.9306601,0,0,0,1.656259,-0.1151884,-2.516885,0.0469096,-0.01690762,0.9160146,0.930423,-0.04258556,-0.3640049,-0.04433383,0.9728534,-0.2271363,0.3637961,0.2274706,0.9032772,moving,29.38214,12.7875,2.931587,-1.057434
05/15/2023 14:23:43.311554,4171,True,True,True,True,Eyes,1.273793,-0.3012135,-3.328175,0.4794144,0.1921356,0.8562977,0,0,0,0,0,0,0,-2.405596,-0.3982141,2.622168,1.27833,-0.305069,-3.330771,-0.1156935,0.1847975,0.0006384468,0.9759429,346.935,21.72407,357.5575,0.3561584,-0.08385117,-0.9306554,0,0,0,1.65289,-0.1174982,-2.516631,0.04740676,-0.01759087,0.9141909,0.931699,-0.04151354,-0.3608513,-0.04400589,0.9732292,-0.2255844,0.3605558,0.2260564,0.9049299,moving,29.24311,12.64653,2.968501,-1.10235
05/15/2023 14:23:43.321620,4172,True,True,True,True,Eyes,1.273559,-0.3013226,-3.327734,0.4773529,0.19029,0.8578601,0,0,0,0,0,0,0,-2.395406,-0.3915206,2.631887,1.278162,-0.3052982,-3.330343,-0.1148456,0.1829458,0.001189122,0.9763913,347.0146,21.49062,357.6651,0.35616,-0.0838885,-0.9306514,0,0,0,1.649497,-0.1198238,-2.516375,0.04809919,-0.01807824,0.9122472,0.9330589,-0.03969896,-0.3575265,-0.04434315,0.9736181,-0.2238335,0.3569803,0.2247036,0.9066826,moving,29.09358,12.50681,3.018185,-1.135297
05/15/2023 14:23:43.341499,4173,True,True,True,True,Eyes,1.273329,-0.3014314,-3.327296,0.4752471,0.1884614,0.8594316,0,0,0,0,0,0,0,-2.384789,-0.3835257,2.642286,1.277998,-0.3054751,-3.330073,-0.113754,0.1810116,0.001722563,0.9768787,347.1223,21.24614,357.7768,0.3561598,-0.0839263,-0.9306481,0,0,0,1.646277,-0.1220314,-2.516132,0.04903501,-0.01809959,0.9105216,0.9344637,-0.03781609,-0.3540445,-0.04454704,0.9741141,-0.221624,0.3532608,0.2228713,0.9085897,moving,28.94164,12.3684,3.082615,-1.138791
05/15/2023 14:23:43.361395,4174,True,True,True,True,Eyes,1.273116,-0.3015407,-3.326869,0.4730122,0.1866407,0.8610603,0,0,0,0,0,0,0,-2.375299,-0.3767069,2.651266,1.277898,-0.3055387,-3.329683,-0.1128333,0.1792916,0.002214738,0.9773016,347.2123,21.02925,357.8767,0.3561579,-0.08396449,-0.9306454,0,0,0,1.642986,-0.1242875,-2.515884,0.04946589,-0.0185502,0.9086362,0.9356992,-0.03613121,-0.3509437,-0.04478907,0.9745275,-0.2197502,0.3499442,0.2213386,0.9102464,moving,28.78162,12.23005,3.11609,-1.169556
05/15/2023 14:23:43.371968,4175,True,True,True,True,Eyes,1.272901,-0.3016536,-3.326447,0.4707235,0.1848145,0.8627068,0,0,0,0,0,0,0,-2.364666,-0.3694535,2.661217,1.277678,-0.3056114,-3.329318,-0.1118088,0.1773879,0.002673909,0.9777656,347.3148,20.79059,357.9771,0.3561549,-0.08400301,-0.9306431,0,0,0,1.639588,-0.1266167,-2.515627,0.05021855,-0.01886941,0.9067703,0.9370528,-0.03443812,-0.3474854,-0.04489595,0.9749833,-0.2176969,0.3462895,0.2195942,0.9120647,moving,28.61845,12.0915,3.169904,-1.192123
05/15/2023 14:23:43.392083,4176,True,True,True,True,Eyes,1.272679,-0.3017642,-3.326029,0.4682979,0.1829464,0.8644234,0,0,0,0,0,0,0,-2.353663,-0.3620861,2.671453,1.277457,-0.3057739,-3.32898,-0.110664,0.175426,0.002946345,0.9782487,347.435,20.54692,358.0588,0.3561507,-0.08404192,-0.9306412,0,0,0,1.636188,-0.1289471,-2.515371,0.05102164,-0.01881999,0.9049627,0.9384341,-0.03306216,-0.3438725,-0.04459118,0.9754896,-0.2154801,0.3425683,0.2175475,0.9139584,moving,28.44644,11.94973,3.22691,-1.191376
05/15/2023 14:23:43.411536,4177,True,True,True,True,Eyes,1.272456,-0.3018767,-3.325616,0.4658266,0.1810761,0.8661507,0,0,0,0,0,0,0,-2.342604,-0.3561438,2.681331,1.27709,-0.3057949,-3.328618,-0.1095893,0.1734929,0.002977491,0.9787142,347.5524,20.31044,358.1104,0.3561453,-0.08408112,-0.9306397,0,0,0,1.632921,-0.1311869,-2.515125,0.05198836,-0.01885852,0.9032257,0.9397827,-0.03219772,-0.3402526,-0.04385418,0.9759626,-0.2134802,0.3389474,0.2155464,0.9157808,moving,28.27192,11.8081,3.294228,-1.19611
05/15/2023 14:23:43.421788,4178,True,True,True,True,Eyes,1.27224,-0.3019986,-3.325211,0.4631763,0.1791698,0.8679665,0,0,0,0,0,0,0,-2.331614,-0.3497687,2.691207,1.276904,-0.3059197,-3.328257,-0.108513,0.1715457,0.003091332,0.9791769,347.6685,20.07162,358.1713,0.3561388,-0.08412062,-0.9306386,0,0,0,1.629418,-0.1335883,-2.51486,0.05258349,-0.01897807,0.9013618,0.941125,-0.03117596,-0.3366181,-0.04328381,0.9764307,-0.2114462,0.3352763,0.2135675,0.917594,moving,28.08589,11.66345,3.338727,-1.206178
05/15/2023 14:23:43.441677,4179,True,True,True,True,Eyes,1.272019,-0.3021195,-3.324811,0.4604902,0.1772346,0.8697912,0,0,0,0,0,0,0,-2.320348,-0.3419999,2.701462,1.276659,-0.3062215,-3.327949,-0.107267,0.1695595,0.003258459,0.9796595,347.8029,19.82683,358.2416,0.3561312,-0.08416064,-0.9306378,0,0,0,1.626267,-0.1357481,-2.514623,0.05361283,-0.01844105,0.8997627,0.9424779,-0.02999192,-0.3329202,-0.04276064,0.9769663,-0.2090653,0.331522,0.2112753,0.9194868,moving,27.89791,11.51731,3.409967,-1.174139
05/15/2023 14:23:43.461890,4180,True,True,True,True,Eyes,1.271805,-0.3022429,-3.324418,0.4577474,0.1752463,0.8716398,0,0,0,0,0,0,0,-2.309281,-0.3337487,2.711468,1.27638,-0.3062828,-3.327653,-0.1058449,0.1676244,0.003314671,0.9801469,347.9598,19.58876,358.3016,0.3561227,-0.08420108,-0.9306374,0,0,0,1.622832,-0.1381031,-2.514364,0.05428821,-0.01798043,0.8980437,0.9437822,-0.02898666,-0.3292949,-0.04198211,0.9775717,-0.2063759,0.3278915,0.2085984,0.9213978,moving,27.7065,11.36796,3.459414,-1.14701
05/15/2023 14:23:43.471458,4181,True,True,True,True,Eyes,1.271583,-0.3023711,-3.324032,0.4549628,0.1732493,0.873495,0,0,0,0,0,0,0,-2.297719,-0.3258179,2.721601,1.276029,-0.3064173,-3.327256,-0.1046498,0.1656201,0.003646719,0.9806147,348.0856,19.34105,358.3888,0.3561133,-0.08424195,-0.9306373,0,0,0,1.619444,-0.1404258,-2.514108,0.05525172,-0.01791909,0.8962831,0.9451134,-0.02751216,-0.3255822,-0.04181626,0.9780703,-0.2040343,0.3240557,0.2064501,0.9232368,moving,27.5129,11.21847,3.527556,-1.145343
05/15/2023 14:23:43.491888,4182,True,True,True,True,Eyes,1.271355,-0.3025005,-3.323654,0.4520906,0.1712376,0.8753809,0,0,0,0,0,0,0,-2.285979,-0.3165887,2.732132,1.27568,-0.3066168,-3.327025,-0.1033469,0.1635799,0.004147664,0.9810932,348.2207,19.08699,358.4973,0.3561028,-0.08428333,-0.9306375,0,0,0,1.616252,-0.1426137,-2.513867,0.05642381,-0.01758629,0.8947737,0.9464489,-0.02567247,-0.3218315,-0.04194945,0.9786044,-0.201429,0.3201169,0.2041429,0.925122,moving,27.3141,11.06815,3.608254,-1.125973
05/15/2023 14:23:43.511429,4183,True,True,True,True,Eyes,1.271119,-0.302635,-3.323285,0.4491758,0.1692399,0.8772678,0,0,0,0,0,0,0,-2.274367,-0.3074097,2.74225,1.275185,-0.3067221,-3.326711,-0.1021369,0.1615991,0.00480809,0.981545,348.3427,18.83912,358.6208,0.3560913,-0.0843252,-0.9306382,0,0,0,1.612853,-0.1449438,-2.513611,0.05746162,-0.0177044,0.8931456,0.9477253,-0.02357174,-0.3182158,-0.04244916,0.9790899,-0.1989499,0.3162515,0.2020578,0.9269076,moving,27.1132,10.91919,3.681122,-1.135598
05/15/2023 14:23:43.531518,4184,True,True,True,True,Eyes,1.270887,-0.302766,-3.322926,0.4462317,0.1672589,0.8791483,0,0,0,0,0,0,0,-2.262237,-0.298462,2.752919,1.274815,-0.3069306,-3.32656,-0.101055,0.1595024,0.005617368,0.9819956,348.4477,18.57705,358.7599,0.3560784,-0.08436764,-0.9306393,0,0,0,1.609542,-0.1472132,-2.513361,0.05862033,-0.01797763,0.8916757,0.9490548,-0.02120457,-0.3143966,-0.04326949,0.9795126,-0.1966791,0.312126,0.2002631,0.9286938,moving,26.91111,10.77185,3.761313,-1.155019
05/15/2023 14:23:43.541978,4185,True,True,True,True,Eyes,1.27065,-0.3028904,-3.322578,0.443239,0.1653181,0.8810273,0,0,0,0,0,0,0,-2.250466,-0.2903719,2.762847,1.27436,-0.3069305,-3.326265,-0.09998439,0.157503,0.006244855,0.982424,348.5553,18.32903,358.876,0.3560644,-0.08441046,-0.9306408,0,0,0,1.606065,-0.149597,-2.513099,0.05953151,-0.01849203,0.8900199,0.9503075,-0.0192255,-0.3107183,-0.04376588,0.9799282,-0.194487,0.3082208,0.1984213,0.9303918,moving,26.70667,10.62754,3.826691,-1.190269
05/15/2023 14:23:43.561632,4186,True,True,True,True,Eyes,1.270436,-0.3030006,-3.322243,0.4402314,0.1634805,0.8828763,0,0,0,0,0,0,0,-2.237693,-0.2848039,2.77349,1.274052,-0.3068632,-3.326148,-0.09930076,0.1552972,0.006886736,0.9828402,348.619,18.05877,358.9886,0.3560491,-0.08445343,-0.9306427,0,0,0,1.602755,-0.1518658,-2.512849,0.06075123,-0.01967268,0.8885081,0.9516706,-0.01730514,-0.3066324,-0.04437938,0.9801838,-0.1930546,0.303897,0.1973325,0.9320443,moving,26.50237,10.49053,3.911478,-1.268393
05/15/2023 14:23:43.571576,4187,True,True,True,True,Eyes,1.270223,-0.3031157,-3.321918,0.4371969,0.161759,0.8846993,0,0,0,0,0,0,0,-2.225808,-0.2851494,2.782639,1.273871,-0.306614,-3.325936,-0.09954391,0.1532344,0.007511632,0.9831346,348.5781,17.81004,359.0801,0.3560331,-0.0844961,-0.9306449,0,0,0,1.599298,-0.1542357,-2.512588,0.06143188,-0.02271734,0.8867732,0.9529255,-0.01573722,-0.3027956,-0.045277,0.9800692,-0.1934281,0.2998047,0.1980322,0.9332204,moving,26.29746,10.36155,3.962878,-1.467481
05/15/2023 14:23:43.591464,4188,True,True,True,True,Eyes,1.270021,-0.3032286,-3.321593,0.4342676,0.1600468,0.8864517,0,0,0,0,0,0,0,-2.214905,-0.28506,2.79114,1.273719,-0.3068361,-3.325811,-0.09989662,0.1513385,0.008312843,0.9833861,348.5221,17.57943,359.1881,0.3560165,-0.08453859,-0.9306475,0,0,0,1.596136,-0.1564036,-2.51235,0.06203784,-0.02538788,0.8853294,0.9540551,-0.01388694,-0.2993092,-0.04658588,0.979903,-0.1939578,0.2959875,0.19899,0.9342346,moving,26.09997,10.23437,4.008345,-1.642575
05/15/2023 14:23:43.611909,4189,True,True,True,True,Eyes,1.269814,-0.3033451,-3.321271,0.4313356,0.1583858,0.8881799,0,0,0,0,0,0,0,-2.205385,-0.2824821,2.798154,1.273344,-0.3068731,-3.325298,-0.09959692,0.1497554,0.008668222,0.9836559,348.5487,17.38779,359.253,0.3559995,-0.08458086,-0.9306502,0,0,0,1.592806,-0.1586863,-2.512099,0.06220645,-0.02697854,0.8835793,0.9549963,-0.01277725,-0.2963421,-0.04688344,0.9800106,-0.1933419,0.2928888,0.1985344,0.9353076,moving,25.90306,10.11106,4.027138,-1.748882
05/15/2023 14:23:43.621966,4190,True,True,True,True,Eyes,1.269618,-0.3034648,-3.320958,0.4284942,0.156668,0.8898584,0,0,0,0,0,0,0,-2.196144,-0.2801419,2.805245,1.273074,-0.3070633,-3.325045,-0.09930309,0.1481932,0.008934042,0.9839197,348.5764,17.19976,359.3072,0.355982,-0.08462305,-0.930653,0,0,0,1.589429,-0.1610011,-2.511844,0.06208931,-0.02847114,0.8820695,0.9559178,-0.01185133,-0.2933948,-0.04701285,0.9801182,-0.1927646,0.2898461,0.1980605,0.9363554,moving,25.71225,9.985136,4.026437,-1.848732
05/15/2023 14:23:43.642029,4191,True,True,True,True,Eyes,1.269419,-0.3035886,-3.320652,0.4256517,0.1549445,0.8915228,0,0,0,0,0,0,0,-2.186854,-0.2737658,2.812709,1.272734,-0.3072217,-3.324812,-0.0983622,0.1466431,0.00921115,0.9842439,348.6778,17.01047,359.3738,0.3559642,-0.08466519,-0.930656,0,0,0,1.585938,-0.1633942,-2.51158,0.06191404,-0.02895935,0.8806003,0.9568219,-0.01071624,-0.2904772,-0.04698031,0.9804801,-0.1909233,0.2868531,0.1963263,0.9376414,moving,25.52184,9.859385,4.021785,-1.883546
05/15/2023 14:23:43.661672,4192,True,True,True,True,Eyes,1.269219,-0.3037076,-3.320347,0.4228885,0.1531292,0.8931499,0,0,0,0,0,0,0,-2.177851,-0.2655238,2.820198,1.272499,-0.3074092,-3.324651,-0.09727158,0.1451285,0.009745619,0.9845715,348.7921,16.82217,359.4718,0.3559461,-0.08470742,-0.9306591,0,0,0,1.582709,-0.1656079,-2.511337,0.06183144,-0.02910343,0.8792883,0.9576855,-0.009043235,-0.2876747,-0.04742427,0.9808865,-0.1887129,0.2838828,0.1943704,0.938952,moving,25.33662,9.728691,4.022411,-1.895732
05/15/2023 14:23:43.681811,4193,True,True,True,True,Eyes,1.26902,-0.3038335,-3.320044,0.4201381,0.1513157,0.8947555,0,0,0,0,0,0,0,-2.169755,-0.2568194,2.826752,1.272296,-0.3073615,-3.32432,-0.09613681,0.1437811,0.01037094,0.9848742,348.9102,16.65269,359.5786,0.3559276,-0.08474959,-0.9306623,0,0,0,1.579245,-0.1679824,-2.511075,0.0612427,-0.02955846,0.877717,0.9584389,-0.007217162,-0.2852066,-0.04807343,0.9813003,-0.186383,0.2812184,0.1923476,0.9401695,moving,25.1527,9.598703,3.991343,-1.928794
05/15/2023 14:23:43.691774,4194,True,True,True,True,Eyes,1.268795,-0.3039632,-3.31974,0.4175851,0.1493513,0.8962795,0,0,0,0,0,0,0,-2.162084,-0.2482616,2.83304,1.272146,-0.3076173,-3.324059,-0.09508053,0.142499,0.01100469,0.9851562,349.0195,16.49144,359.684,0.3559088,-0.08479188,-0.9306657,0,0,0,1.575955,-0.170238,-2.510827,0.06062202,-0.02975661,0.8763317,0.9591458,-0.005415099,-0.2828603,-0.04878044,0.9816772,-0.184202,0.2786749,0.1904747,0.9413075,moving,24.98126,9.460544,3.957247,-1.944781
05/15/2023 14:23:43.711455,4195,True,True,True,True,Eyes,1.268566,-0.3040982,-3.31944,0.415037,0.1473662,0.8977903,0,0,0,0,0,0,0,-2.154552,-0.2391965,2.83914,1.271803,-0.3077723,-3.323826,-0.09381661,0.1412774,0.01143463,0.9854484,349.1561,16.33907,359.7683,0.3558891,-0.08483442,-0.9306694,0,0,0,1.572537,-0.1725807,-2.51057,0.05992292,-0.02971894,0.875003,0.9598199,-0.003971862,-0.2805888,-0.04904481,0.9821354,-0.1816719,0.2762977,0.1881338,0.9424782,moving,24.8105,9.321589,3.917676,-1.945268
05/15/2023 14:23:43.721908,4196,True,True,True,True,Eyes,1.268307,-0.3042369,-3.319143,0.4126184,0.1452631,0.8992468,0,0,0,0,0,0,0,-2.146618,-0.2292425,2.8456,1.271518,-0.3079973,-3.323603,-0.09243273,0.1399814,0.01189174,0.9857587,349.3061,16.17764,359.8581,0.3558684,-0.08487732,-0.9306734,0,0,0,1.569329,-0.17478,-2.510328,0.05949919,-0.02928339,0.8737609,0.9605275,-0.002432948,-0.2781741,-0.04932251,0.9826295,-0.1789035,0.2737774,0.185562,0.9437228,moving,24.64797,9.176215,3.895571,-1.919503
05/15/2023 14:23:43.741521,4197,True,True,True,True,Eyes,1.26804,-0.3043852,-3.318855,0.4101824,0.1431357,0.9007012,0,0,0,0,0,0,0,-2.137654,-0.2190874,2.852802,1.271075,-0.308157,-3.32347,-0.09101629,0.1385346,0.01238931,0.9860887,349.4594,15.99839,359.9543,0.3558461,-0.08492068,-0.930678,0,0,0,1.566071,-0.1770132,-2.510082,0.05941612,-0.02892763,0.8726137,0.9613093,-0.0007839064,-0.2754701,-0.04965172,0.9831251,-0.1760676,0.2709595,0.182933,0.9450484,moving,24.48468,9.029699,3.895247,-1.898692
05/15/2023 14:23:43.761814,4198,True,True,True,True,Eyes,1.267755,-0.3045366,-3.318578,0.4077101,0.1409892,0.902161,0,0,0,0,0,0,0,-2.128168,-0.2075973,2.860475,1.270657,-0.3084856,-3.323369,-0.08947458,0.1370008,0.01300866,0.9864361,349.6252,15.80778,0.06688251,0.355822,-0.0849647,-0.9306831,0,0,0,1.562731,-0.1793026,-2.50983,0.0593784,-0.02829323,0.8715015,0.9621231,0.001148236,-0.272613,-0.0501806,0.9836501,-0.1729575,0.2679572,0.1800863,0.9464501,moving,24.31945,8.882302,3.897735,-1.85945
05/15/2023 14:23:43.771597,4199,True,True,True,True,Eyes,1.26746,-0.3046841,-3.318311,0.4051324,0.1387933,0.9036615,0,0,0,0,0,0,0,-2.116881,-0.1964048,2.869287,1.269993,-0.308664,-3.323313,-0.08797345,0.1352023,0.01369334,0.9868098,349.7858,15.58614,0.1884541,0.3557958,-0.0850094,-0.930689,0,0,0,1.559317,-0.181643,-2.509572,0.05995159,-0.02796811,0.8704255,0.9630656,0.003237013,-0.2692472,-0.05081387,0.9841463,-0.1699234,0.2644286,0.1773289,0.947962,moving,24.1478,8.731817,3.940092,-1.840368
05/15/2023 14:23:43.791797,4200,True,True,True,True,Eyes,1.267171,-0.3048308,-3.318053,0.402445,0.136614,0.9051932,0,0,0,0,0,0,0,-2.101637,-0.1831834,2.881154,1.269628,-0.3086392,-3.323292,-0.08616903,0.1326897,0.01455116,0.9872977,349.9789,15.2791,0.3412573,0.3557673,-0.08505457,-0.9306958,0,0,0,1.556051,-0.1838817,-2.509326,0.06164107,-0.02727973,0.8692521,0.9643634,0.005865164,-0.2645162,-0.05160014,0.9847263,-0.1662874,0.2595008,0.1740106,0.9499367,moving,23.96973,8.582452,4.056212,-1.797523
05/15/2023 14:23:43.812581,4201,True,True,True,True,Eyes,1.266887,-0.3049785,-3.317802,0.3997024,0.1344414,0.9067323,0,0,0,0,0,0,0,-2.086692,-0.1739751,2.892357,1.269489,-0.3087129,-3.323158,-0.0849949,0.1301961,0.01535286,0.9877192,350.1017,14.97701,0.4767334,0.3557369,-0.08510014,-0.9307033,0,0,0,1.552698,-0.1861804,-2.509073,0.06297618,-0.02758511,0.8678874,0.9656265,0.008196616,-0.2598042,-0.05246064,0.9850803,-0.1639044,0.2545846,0.1718999,0.9516497,moving,23.78867,8.433811,4.150257,-1.820488
05/15/2023 14:23:43.821807,4202,True,True,True,True,Eyes,1.266588,-0.3051271,-3.31755,0.3969827,0.1322472,0.9082485,0,0,0,0,0,0,0,-2.073609,-0.1655842,2.902032,1.269344,-0.3088428,-3.323017,-0.08384095,0.1280255,0.01589494,0.9880928,350.2264,14.71575,0.5781376,0.3557048,-0.08514606,-0.9307114,0,0,0,1.549224,-0.1885623,-2.508811,0.0635933,-0.02785915,0.866551,0.9667136,0.009943789,-0.2556675,-0.05287892,0.9854361,-0.1616154,0.2503369,0.1697552,0.9531603,moving,23.60946,8.284439,4.197223,-1.841394
05/15/2023 14:23:43.841840,4203,True,True,True,True,Eyes,1.266297,-0.305275,-3.317306,0.3942408,0.1300518,0.9097586,0,0,0,0,0,0,0,-2.061997,-0.1576666,2.910331,1.269041,-0.3089583,-3.322769,-0.08269058,0.1261396,0.01626952,0.9884262,350.3533,14.48974,0.6568206,0.3556708,-0.08519235,-0.9307202,0,0,0,1.546044,-0.1907421,-2.508571,0.06415862,-0.02790358,0.8652917,0.9676483,0.01130134,-0.25205,-0.05302355,0.9857952,-0.1593626,0.2466686,0.1675715,0.9545022,moving,23.42933,8.135427,4.240539,-1.847011
05/15/2023 14:23:43.862176,4204,True,True,True,True,Eyes,1.265991,-0.3054161,-3.317063,0.3916202,0.1278577,0.9112003,0,0,0,0,0,0,0,-2.051488,-0.1498742,2.918037,1.26895,-0.3090566,-3.322688,-0.08150044,0.1244017,0.01652137,0.9887412,350.4867,14.28243,0.7199948,0.3556351,-0.08523893,-0.9307294,0,0,0,1.542693,-0.193039,-2.508318,0.06402878,-0.02798215,0.8641239,0.9685025,0.01239313,-0.2486951,-0.0529483,0.9861695,-0.1570551,0.2433092,0.1652762,0.9557638,moving,23.25731,7.987475,4.237688,-1.85471
05/15/2023 14:23:43.871822,4205,True,True,True,True,Eyes,1.265697,-0.3055544,-3.316824,0.3890172,0.1256989,0.9126146,0,0,0,0,0,0,0,-2.0428,-0.1449699,2.924145,1.268849,-0.3089826,-3.322533,-0.08067234,0.1229695,0.0166023,0.9889868,350.5811,14.11323,0.7549561,0.3555977,-0.08528557,-0.9307395,0,0,0,1.539164,-0.1954584,-2.508052,0.06317799,-0.02889523,0.8628499,0.9692058,0.01299845,-0.245909,-0.05267939,0.9864327,-0.1554846,0.2405517,0.1636509,0.9567409,moving,23.08694,7.842287,4.187732,-1.918012
05/15/2023 14:23:43.891411,4206,True,True,True,True,Eyes,1.265383,-0.3056996,-3.316584,0.3866351,0.12344,0.9139344,0,0,0,0,0,0,0,-2.03607,-0.1424826,2.928742,1.268832,-0.3090461,-3.322343,-0.08007354,0.1218433,0.01631013,0.9891797,350.6544,13.98366,0.7406279,0.3555589,-0.0853322,-0.93075,0,0,0,1.535873,-0.197714,-2.507804,0.06191806,-0.02977942,0.8616606,0.9697764,0.01275447,-0.2436618,-0.05178015,0.9866444,-0.1544397,0.2384377,0.1623888,0.9574849,moving,22.93054,7.692073,4.110152,-1.979383
05/15/2023 14:23:43.911630,4207,True,True,True,True,Eyes,1.265079,-0.3058554,-3.316346,0.3843074,0.1211547,0.9152209,0,0,0,0,0,0,0,-2.031298,-0.1378642,2.932057,1.268683,-0.3093098,-3.322184,-0.07906846,0.1210714,0.01578663,0.9893638,350.777,13.89692,0.7018877,0.3555183,-0.08537901,-0.9307612,0,0,0,1.532633,-0.1999355,-2.507559,0.06021126,-0.02968458,0.860662,0.970185,0.01209158,-0.2420638,-0.05038329,0.986998,-0.1526323,0.2370709,0.1602776,0.9581798,moving,22.77786,7.540831,4.001849,-1.975372
05/15/2023 14:23:43.931429,4208,True,True,True,True,Eyes,1.26476,-0.306018,-3.316113,0.3821617,0.1187871,0.9164289,0,0,0,0,0,0,0,-2.027894,-0.1298827,2.934576,1.268595,-0.3096974,-3.322005,-0.07765921,0.1205352,0.01543955,0.9895464,350.943,13.83542,0.6866706,0.3554765,-0.08542628,-0.9307728,0,0,0,1.529249,-0.2022553,-2.507304,0.05792691,-0.02893238,0.8596677,0.9704658,0.01183496,-0.2409484,-0.04927764,0.9874614,-0.1499728,0.2361523,0.1574168,0.9588807,moving,22.63671,7.385474,3.854929,-1.927579
05/15/2023 14:23:43.941704,4209,True,True,True,True,Eyes,1.26445,-0.3061883,-3.315888,0.3800539,0.1163513,0.9176172,0,0,0,0,0,0,0,-2.023331,-0.1185675,2.93803,1.268353,-0.3099573,-3.32192,-0.07584193,0.1198412,0.01537954,0.9897726,351.1517,13.75244,0.7113031,0.355433,-0.08547415,-0.9307851,0,0,0,1.525913,-0.2045416,-2.507052,0.05612072,-0.02770442,0.8588023,0.9708031,0.01226652,-0.2395638,-0.04862246,0.9880229,-0.1464463,0.2348981,0.1538187,0.9597722,moving,22.49811,7.22638,3.738829,-1.847685
05/15/2023 14:23:43.961530,4210,True,True,True,True,Eyes,1.264133,-0.3063711,-3.31567,0.3780386,0.1138081,0.9187679,0,0,0,0,0,0,0,-2.019077,-0.1055675,2.941377,1.268259,-0.3102721,-3.321862,-0.07377318,0.1191801,0.01532357,0.9900096,351.389,13.67313,0.7392398,0.3553882,-0.08552275,-0.9307976,0,0,0,1.522327,-0.207,-2.506782,0.05386437,-0.02616023,0.8578957,0.9711226,0.01275638,-0.2382398,-0.04792555,0.9886454,-0.1424197,0.2337179,0.1497248,0.9607072,moving,22.36533,7.06128,3.592692,-1.746607
05/15/2023 14:23:43.971845,4211,True,True,True,True,Eyes,1.263829,-0.3065561,-3.31546,0.3760666,0.111189,0.9198973,0,0,0,0,0,0,0,-2.014829,-0.08993161,2.944846,1.268186,-0.310671,-3.321887,-0.07140734,0.1185282,0.01547066,0.9902589,351.6575,13.59309,0.7940881,0.355342,-0.08557234,-0.9308107,0,0,0,1.519175,-0.2091607,-2.506544,0.05200776,-0.02383079,0.8572108,0.9714234,0.01371236,-0.2369567,-0.0475675,0.9893233,-0.1377561,0.2325378,0.1450909,0.9617041,moving,22.23542,6.89197,3.471932,-1.592435
05/15/2023 14:23:43.991674,4212,True,True,True,True,Eyes,1.263504,-0.3067442,-3.315262,0.3741813,0.1085181,0.9209844,0,0,0,0,0,0,0,-2.011338,-0.07469234,2.94762,1.268194,-0.3108596,-3.321833,-0.06909873,0.1179957,0.01565117,0.9904835,351.9188,13.5271,0.8505966,0.3552947,-0.08562286,-0.930824,0,0,0,1.515872,-0.2114253,-2.506295,0.04972889,-0.02190238,0.8563766,0.9716642,0.01469775,-0.2359084,-0.04731116,0.9899608,-0.1331888,0.2315826,0.1405759,0.9626048,moving,22.11112,6.720085,3.323373,-1.465057
05/15/2023 14:23:44.011992,4213,True,True,True,True,Eyes,1.263188,-0.3069356,-3.315073,0.3723208,0.1057997,0.9220541,0,0,0,0,0,0,0,-2.006864,-0.0618895,2.95107,1.267972,-0.3110481,-3.321994,-0.06708952,0.117316,0.01569146,0.9907017,352.1481,13.44577,0.8878356,0.3552459,-0.0856743,-0.9308379,0,0,0,1.512511,-0.213729,-2.506042,0.04779509,-0.02051885,0.8557706,0.9719815,0.01534976,-0.2345559,-0.04683247,0.9905055,-0.1292497,0.230345,0.1366131,0.9634719,moving,21.98861,6.545688,3.196668,-1.37352
05/15/2023 14:23:44.021880,4214,True,True,True,True,Eyes,1.262874,-0.3071263,-3.314898,0.3704462,0.1031059,0.9231136,0,0,0,0,0,0,0,-2.002448,-0.04972884,2.954314,1.267882,-0.3112785,-3.322021,-0.06513552,0.1166251,0.01562071,0.9909147,352.3726,13.36427,0.9113527,0.3551957,-0.08572663,-0.9308522,0,0,0,1.509089,-0.2160747,-2.505783,0.04571056,-0.01917446,0.8550037,0.9723092,0.0157647,-0.233166,-0.04615045,0.9910267,-0.125444,0.2290961,0.132731,0.964312,moving,21.86563,6.373159,3.060257,-1.284709
05/15/2023 14:23:44.041544,4215,True,True,True,True,Eyes,1.262564,-0.307324,-3.314736,0.3685523,0.100387,0.9241708,0,0,0,0,0,0,0,-1.996632,-0.03995207,2.958425,1.267663,-0.3114162,-3.322118,-0.06344902,0.1157042,0.01539097,0.9911357,352.5688,13.25764,0.914508,0.3551444,-0.0857797,-0.930867,0,0,0,1.505646,-0.218435,-2.505524,0.04408336,-0.01836367,0.854299,0.9727513,0.01582644,-0.2313102,-0.04519171,0.9914747,-0.1222116,0.227404,0.1293348,0.9651736,moving,21.74174,6.199382,2.953945,-1.231418
05/15/2023 14:23:44.061698,4216,True,True,True,True,Eyes,1.262274,-0.3075134,-3.314594,0.3664399,0.09774659,0.9252931,0,0,0,0,0,0,0,-1.988746,-0.02948213,2.963976,1.267482,-0.311749,-3.322264,-0.06176433,0.1144382,0.01534671,0.9913898,352.7628,13.10974,0.9410451,0.3550919,-0.08583362,-0.930882,0,0,0,1.502349,-0.2206949,-2.505275,0.04316075,-0.01733348,0.8536752,0.9733368,0.01629275,-0.2288014,-0.04456553,0.9918993,-0.1189525,0.2250098,0.1259775,0.9661782,moving,21.60484,6.030275,2.894339,-1.163204
05/15/2023 14:23:44.071903,4217,True,True,True,True,Eyes,1.261993,-0.3076922,-3.314463,0.3642914,0.0951296,0.9264135,0,0,0,0,0,0,0,-1.98017,-0.0177128,2.96991,1.267304,-0.3117107,-3.322429,-0.05984005,0.1130641,0.01535225,0.9916654,352.9836,12.94904,0.9766364,0.3550386,-0.08588798,-0.9308974,0,0,0,1.498954,-0.2230224,-2.505019,0.04231814,-0.01635121,0.8530111,0.9739617,0.01691705,-0.2260809,-0.04398011,0.9923669,-0.115211,0.2224062,0.1221542,0.9672713,moving,21.46613,5.862919,2.840132,-1.098158
05/15/2023 14:23:44.091358,4218,True,True,True,True,Eyes,1.261716,-0.3078748,-3.314345,0.3619542,0.09267236,0.927578,0,0,0,0,0,0,0,-1.970541,-0.01166484,2.976439,1.267259,-0.3116137,-3.322546,-0.05880044,0.1114779,0.01535636,0.991907,353.1037,12.76448,1.001623,0.3549849,-0.08594244,-0.9309128,0,0,0,1.495632,-0.2253001,-2.504768,0.04175773,-0.01686827,0.8522538,0.9746737,0.01735426,-0.2229572,-0.04357405,0.9926134,-0.1132253,0.2193454,0.1200729,0.9682304,moving,21.31644,5.705369,2.805068,-1.133881
05/15/2023 14:23:44.111820,4219,True,True,True,True,Eyes,1.261451,-0.3080553,-3.314232,0.3595878,0.09024385,0.9287372,0,0,0,0,0,0,0,-1.960696,-0.009105921,2.983056,1.267128,-0.3118785,-3.322673,-0.05828829,0.1098539,0.01520991,0.9921206,353.1656,12.57696,1.002617,0.3549307,-0.08599705,-0.9309284,0,0,0,1.492477,-0.2274627,-2.50453,0.0414861,-0.01777458,0.8516037,0.9754016,0.01737373,-0.2197498,-0.04298652,0.9927422,-0.1123163,0.2162036,0.1189998,0.9690692,moving,21.16537,5.549912,2.788974,-1.195698
05/15/2023 14:23:44.121752,4220,True,True,True,True,Eyes,1.261194,-0.3082238,-3.314128,0.3570452,0.08799237,0.9299334,0,0,0,0,0,0,0,-1.951083,-0.004684478,2.989345,1.267181,-0.3119949,-3.322626,-0.0574495,0.1082526,0.01502779,0.9923483,353.2652,12.39222,1.003203,0.3548763,-0.08605171,-0.9309441,0,0,0,1.48903,-0.2298256,-2.50427,0.04074214,-0.0184326,0.8506911,0.9761111,0.01738748,-0.2165752,-0.04226371,0.9929474,-0.1107662,0.2131219,0.1172734,0.9699619,moving,21.00415,5.405361,2.741971,-1.241279
05/15/2023 14:23:44.141917,4221,True,True,True,True,Eyes,1.260947,-0.3083889,-3.314024,0.3544834,0.08583538,0.9311143,0,0,0,0,0,0,0,-1.940706,-0.004642218,2.996106,1.267096,-0.3118761,-3.322682,-0.05720973,0.1065279,0.01475626,0.992553,353.2977,12.19411,0.9867713,0.3548218,-0.08610606,-0.9309598,0,0,0,1.485461,-0.232272,-2.504001,0.04016761,-0.02041143,0.8498406,0.9768681,0.01710387,-0.2131576,-0.04148161,0.9930186,-0.1104235,0.2097808,0.1167113,0.9707577,moving,20.84227,5.266963,2.706064,-1.375863
05/15/2023 14:23:44.161845,4222,True,True,True,True,Eyes,1.260732,-0.3085619,-3.313929,0.3516782,0.08378242,0.9323642,0,0,0,0,0,0,0,-1.931799,-0.009077489,3.001696,1.267127,-0.3119862,-3.322524,-0.05744123,0.1050007,0.01392544,0.9927143,353.2827,12.02283,0.899177,0.3547675,-0.08616003,-0.9309755,0,0,0,1.482399,-0.2343712,-2.50377,0.03965454,-0.02245665,0.848909,0.9775619,0.01558523,-0.2100712,-0.03971072,0.9930131,-0.1111211,0.2068716,0.1169698,0.9713507,moving,20.66596,5.134818,2.674477,-1.515323
05/15/2023 14:23:44.171992,4223,True,True,True,True,Eyes,1.260513,-0.3087355,-3.31384,0.3488702,0.08171822,0.9336015,0,0,0,0,0,0,0,-1.922886,-0.008330315,3.007378,1.267079,-0.3123795,-3.322471,-0.05684895,0.1034954,0.01298018,0.9929191,353.3629,11.85444,0.8081184,0.3547141,-0.08621383,-0.9309909,0,0,0,1.478886,-0.2367793,-2.503505,0.03873111,-0.02312096,0.8480854,0.9782405,0.01400934,-0.2070009,-0.03754375,0.9931994,-0.110206,0.2040493,0.1155796,0.9721138,moving,20.48982,5.002356,2.614817,-1.561642
05/15/2023 14:23:44.191428,4224,True,True,True,True,Eyes,1.260332,-0.3089083,-3.31376,0.3458772,0.07971373,0.9348875,0,0,0,0,0,0,0,-1.913755,-0.003917426,3.013136,1.266797,-0.3125655,-3.322497,-0.05579348,0.1020138,0.01231703,0.9931408,353.4924,11.68663,0.7544078,0.3546613,-0.08626748,-0.931006,0,0,0,1.475724,-0.238947,-2.503267,0.0383534,-0.02308164,0.8474704,0.978883,0.01308169,-0.2040025,-0.0358485,0.9934707,-0.1083085,0.2012536,0.1133346,0.9729606,moving,20.30279,4.87357,2.591228,-1.560118
05/15/2023 14:23:44.211721,4225,True,True,True,True,Eyes,1.260151,-0.3090803,-3.313687,0.3428457,0.07771061,0.9361719,0,0,0,0,0,0,0,-1.903126,0.0003082752,3.019778,1.266715,-0.3127295,-3.322436,-0.05497412,0.1002759,0.01208544,0.9933664,353.59,11.48653,0.7487084,0.35461,-0.08632091,-0.9310206,0,0,0,1.472313,-0.2412856,-2.503009,0.03799407,-0.02372281,0.8466569,0.9795973,0.01298537,-0.2005502,-0.03503569,0.9936635,-0.1067951,0.1978927,0.1116426,0.9738452,moving,20.11378,4.745182,2.569448,-1.604972
05/15/2023 14:23:44.222161,4226,True,True,True,True,Eyes,1.259968,-0.3092528,-3.313627,0.3397735,0.07569384,0.9374563,0,0,0,0,0,0,0,-1.890561,0.004834414,3.027644,1.266571,-0.3128726,-3.322466,-0.05404097,0.09822593,0.01174839,0.9936263,353.7019,11.251,0.7338569,0.3545598,-0.08637413,-0.9310347,0,0,0,1.468893,-0.24363,-2.502751,0.03819409,-0.02419231,0.8459414,0.9804273,0.01273057,-0.1964695,-0.03396347,0.9938831,-0.1050851,0.1939299,0.1097011,0.9748625,moving,19.92264,4.616268,2.585138,-1.638103
05/15/2023 14:23:44.246578,4227,True,True,True,True,Eyes,1.259806,-0.3094179,-3.313564,0.3364731,0.07361371,0.9388114,0,0,0,0,0,0,0,-1.877662,0.01048222,3.03583,1.266407,-0.3130405,-3.322681,-0.0529219,0.09612434,0.01138427,0.9938962,353.8353,11.00967,0.7178112,0.3545106,-0.08642714,-0.9310486,0,0,0,1.465672,-0.2458376,-2.502508,0.03866524,-0.02421288,0.8454733,0.981261,0.0124554,-0.1922802,-0.03280373,0.9941393,-0.1030091,0.1898703,0.1073864,0.9759188,moving,19.71785,4.48348,2.61843,-1.640403
05/15/2023 14:23:44.261615,4228,True,True,True,True,Eyes,1.259645,-0.3095773,-3.313508,0.33307,0.07143903,0.9401919,0,0,0,0,0,0,0,-1.865879,0.0134967,3.042849,1.266486,-0.3130347,-3.322445,-0.05206593,0.09416443,0.01073735,0.9941363,353.9415,10.78661,0.6651099,0.3544628,-0.08647972,-0.9310619,0,0,0,1.462173,-0.2482366,-2.502244,0.03844039,-0.02491423,0.8444657,0.9820355,0.01154326,-0.1883427,-0.03115429,0.9943477,-0.1014991,0.1861065,0.1055434,0.9768444,moving,19.50707,4.345182,2.606326,-1.689904
05/15/2023 14:23:44.271559,4229,True,True,True,True,Eyes,1.259486,-0.3097388,-3.313451,0.3296551,0.06928619,0.9415556,0,0,0,0,0,0,0,-1.854567,0.01590958,3.049683,1.266281,-0.3130617,-3.322464,-0.05126897,0.09231714,0.01000295,0.9943586,354.0416,10.57711,0.6006806,0.3544161,-0.08653177,-0.9310748,0,0,0,1.458953,-0.2504437,-2.502002,0.0385302,-0.025519,0.8438399,0.9827549,0.01042703,-0.1846184,-0.02935905,0.9945428,-0.1001126,0.182567,0.1038064,0.9776981,moving,19.29604,4.208635,2.614341,-1.732183
05/15/2023 14:23:44.291376,4230,True,True,True,True,Eyes,1.259322,-0.3099076,-3.313396,0.326167,0.06707487,0.9429294,0,0,0,0,0,0,0,-1.843082,0.01881474,3.056467,1.266214,-0.3132674,-3.322327,-0.05053692,0.09043857,0.009490835,0.9945738,354.1317,10.36271,0.560877,0.3543707,-0.08658338,-0.9310873,0,0,0,1.455581,-0.2527553,-2.501747,0.0384181,-0.02619441,0.8430368,0.9834616,0.009737694,-0.1808549,-0.02801964,0.9947119,-0.09880871,0.1789364,0.1022421,0.9785337,moving,19.08092,4.068856,2.609225,-1.779693
05/15/2023 14:23:44.312023,4231,True,True,True,True,Eyes,1.259151,-0.3100797,-3.31334,0.3226402,0.06484295,0.944298,0,0,0,0,0,0,0,-1.830387,0.02465186,3.063867,1.265905,-0.3136025,-3.322249,-0.04947369,0.08842081,0.009202418,0.9948113,354.2573,10.13082,0.5505379,0.3543261,-0.0866348,-0.9310995,0,0,0,1.452334,-0.254981,-2.501502,0.0389061,-0.02617357,0.8423894,0.9841942,0.009560333,-0.1768346,-0.02705835,0.9949353,-0.0968066,0.1750135,0.1000613,0.9794682,moving,18.86386,3.928214,2.64435,-1.779643
05/15/2023 14:23:44.322135,4232,True,True,True,True,Eyes,1.259016,-0.3102641,-3.313284,0.3187601,0.06258962,0.9457666,0,0,0,0,0,0,0,-1.815975,0.0321891,3.07215,1.26564,-0.3138292,-3.322134,-0.04814172,0.08612756,0.008949007,0.9950802,354.4133,9.866898,0.5479119,0.3542821,-0.08668616,-0.9311115,0,0,0,1.448811,-0.257396,-2.501236,0.03954585,-0.02600317,0.8416463,0.9850039,0.009517301,-0.1722693,-0.02610262,0.9952046,-0.09426824,0.170546,0.09735125,0.9805288,moving,18.62581,3.78624,2.690138,-1.769624
05/15/2023 14:23:44.342014,4233,True,True,True,True,Eyes,1.258871,-0.3104581,-3.313236,0.3148219,0.06020757,0.9472393,0,0,0,0,0,0,0,-1.800215,0.04278746,3.080975,1.265458,-0.3143095,-3.321873,-0.04632918,0.08361292,0.008601757,0.9953836,354.6253,9.577897,0.5396235,0.3542396,-0.08673777,-0.9311228,0,0,0,1.445479,-0.2596804,-2.500985,0.04069555,-0.02462117,0.8408251,0.9858698,0.009376657,-0.1672509,-0.02487153,0.9955592,-0.09079219,0.1656568,0.09366905,0.981725,moving,18.38461,3.63689,2.770927,-1.677265
05/15/2023 14:23:44.361572,4234,True,True,True,True,Eyes,1.258741,-0.3106422,-3.313185,0.310829,0.05769243,0.9487133,0,0,0,0,0,0,0,-1.78253,0.06020114,3.090941,1.265141,-0.3146787,-3.321949,-0.04358014,0.08083592,0.008557965,0.9957374,354.9415,9.25701,0.5750519,0.354198,-0.08678985,-0.9311338,0,0,0,1.442242,-0.2618993,-2.500741,0.04247566,-0.02183039,0.8403891,0.9867846,0.009997292,-0.1617286,-0.02408866,0.9960551,-0.08540519,0.1602368,0.08817236,0.9831327,moving,18.14046,3.479942,2.89343,-1.488011
05/15/2023 14:23:44.372172,4235,True,True,True,True,Eyes,1.258603,-0.3108265,-3.313132,0.3067708,0.055113,0.9501864,0,0,0,0,0,0,0,-1.764442,0.07627422,3.1006,1.26502,-0.3145894,-3.32168,-0.04083815,0.07795965,0.008216522,0.9960859,355.2598,8.926577,0.5750067,0.3541577,-0.0868421,-0.9311442,0,0,0,1.438927,-0.2641717,-2.500491,0.04418434,-0.01946829,0.8395267,0.9877096,0.01000127,-0.1559801,-0.02273618,0.9965295,-0.0800755,0.1546379,0.08263773,0.9845091,moving,17.89285,3.319568,3.012701,-1.328429
05/15/2023 14:23:44.391841,4236,True,True,True,True,Eyes,1.258461,-0.31101,-3.313072,0.3027027,0.0524873,0.9516387,0,0,0,0,0,0,0,-1.746246,0.08742043,3.11034,1.264733,-0.3147471,-3.321538,-0.03883542,0.0750767,0.007731187,0.9963914,355.4947,8.596381,0.5503334,0.3541183,-0.08689451,-0.9311543,0,0,0,1.435418,-0.2665771,-2.500226,0.04583074,-0.01821444,0.8387936,0.9886075,0.009575305,-0.150212,-0.02123785,0.9968641,-0.07622969,0.1490111,0.07855143,0.9857106,moving,17.64512,3.15693,3.127467,-1.243985
05/15/2023 14:23:44.411467,4237,True,True,True,True,Eyes,1.258312,-0.3111955,-3.313005,0.2985788,0.04984826,0.9530823,0,0,0,0,0,0,0,-1.728963,0.09766556,3.119311,1.26461,-0.31488,-3.321229,-0.03705277,0.07233208,0.007399134,0.9966647,355.7029,8.28159,0.5394575,0.3540799,-0.08694705,-0.9311641,0,0,0,1.43224,-0.2687555,-2.499986,0.04743282,-0.01715471,0.8379282,0.9894266,0.009388704,-0.14473,-0.02010912,0.9971446,-0.07278797,0.1436333,0.07492875,0.9867903,moving,17.39458,2.993965,3.2399,-1.172839
05/15/2023 14:23:44.431423,4238,True,True,True,True,Eyes,1.25815,-0.3113815,-3.312927,0.2945793,0.04722181,0.9544595,0,0,0,0,0,0,0,-1.711137,0.1065523,3.128433,1.264316,-0.315086,-3.320942,-0.03559116,0.0695434,0.007276165,0.9969174,355.8726,7.961017,0.54902,0.354042,-0.0869998,-0.9311736,0,0,0,1.428715,-0.271172,-2.499721,0.04891665,-0.01684581,0.8370686,0.9902216,0.00955721,-0.139176,-0.01945773,0.9973606,-0.06995086,0.1381401,0.0719749,0.987794,moving,17.15204,2.832395,3.34445,-1.152909
05/15/2023 14:23:44.442041,4239,True,True,True,True,Eyes,1.257979,-0.3115728,-3.312847,0.2905248,0.04458834,0.955828,0,0,0,0,0,0,0,-1.693866,0.1137028,3.137127,1.26419,-0.315254,-3.320559,-0.03439827,0.06682225,0.007152391,0.9971461,356.0115,7.648384,0.5552213,0.3540045,-0.08705278,-0.9311829,0,0,0,1.42554,-0.2733489,-2.499481,0.05047339,-0.01678282,0.8361396,0.9909673,0.009666818,-0.1337552,-0.01886109,0.9975312,-0.06764431,0.132771,0.06955606,0.9887031,moving,16.9067,2.67085,3.454456,-1.149875
05/15/2023 14:23:44.461595,4240,True,True,True,True,Eyes,1.257829,-0.3117689,-3.312758,0.2863382,0.0420791,0.9572042,0,0,0,0,0,0,0,-1.676209,0.1223703,3.145959,1.263869,-0.3155458,-3.320358,-0.03301081,0.06407876,0.007071307,0.9973738,356.1724,7.333167,0.5670635,0.3539672,-0.08710614,-0.9311922,0,0,0,1.422054,-0.2757386,-2.499218,0.05192063,-0.01651043,0.8354096,0.9916878,0.009874887,-0.1282878,-0.01833606,0.9977205,-0.06494199,0.1273541,0.06675448,0.9896084,moving,16.65404,2.517126,3.556353,-1.132205
05/15/2023 14:23:44.471428,4241,True,True,True,True,Eyes,1.257673,-0.311967,-3.312664,0.282139,0.03954848,0.958558,0,0,0,0,0,0,0,-1.660879,0.1312341,3.153289,1.263806,-0.3158394,-3.319941,-0.03164335,0.06167991,0.007070228,0.9975692,356.3303,7.057446,0.5857752,0.3539305,-0.08715996,-0.931201,0,0,0,1.418765,-0.2779927,-2.49897,0.05275454,-0.0161379,0.8345029,0.9922912,0.01020256,-0.1235074,-0.0180096,0.9978974,-0.06226068,0.1226125,0.06400505,0.9903886,moving,16.4011,2.362586,3.617238,-1.107867
05/15/2023 14:23:44.491810,4242,True,True,True,True,Eyes,1.257498,-0.312167,-3.312566,0.278066,0.03705337,0.9598471,0,0,0,0,0,0,0,-1.645941,0.1415447,3.160321,1.263541,-0.3160542,-3.319692,-0.03010946,0.05938915,0.007215051,0.9977546,356.5062,6.793827,0.6211845,0.3538943,-0.08721428,-0.9312097,0,0,0,1.415597,-0.280165,-2.498731,0.05370508,-0.01553555,0.8338228,0.9928417,0.01082135,-0.1189461,-0.01797405,0.9980827,-0.05922672,0.1180771,0.0609407,0.9911327,moving,16.15621,2.210715,3.685232,-1.067395
05/15/2023 14:23:44.511702,4243,True,True,True,True,Eyes,1.257317,-0.3123655,-3.312461,0.2739801,0.03453098,0.9611152,0,0,0,0,0,0,0,-1.631549,0.1521211,3.166965,1.263368,-0.3162536,-3.319435,-0.02849866,0.05716987,0.007275063,0.9979311,356.6916,6.538932,0.646327,0.3538582,-0.08726912,-0.9312183,0,0,0,1.412066,-0.2825849,-2.498465,0.0540738,-0.01504652,0.8331184,0.9933574,0.01126149,-0.1145178,-0.01777855,0.9982698,-0.05604758,0.1136885,0.05771124,0.9918388,moving,15.91098,2.05764,3.713591,-1.034677
05/15/2023 14:23:44.522179,4244,True,True,True,True,Eyes,1.257134,-0.3125612,-3.312351,0.2699057,0.0321097,0.9623512,0,0,0,0,0,0,0,-1.616896,0.1626561,3.173549,1.263103,-0.3163871,-3.31914,-0.02690372,0.05493155,0.007374497,0.9981005,356.8749,6.281899,0.6751187,0.3538221,-0.08732441,-0.9312269,0,0,0,1.408837,-0.2847986,-2.498221,0.05486742,-0.01445929,0.8324208,0.9938563,0.01176525,-0.1100512,-0.0176767,0.9984436,-0.05289505,0.1092576,0.05451541,0.9925174,moving,15.66694,1.911015,3.771087,-0.9951376
05/15/2023 14:23:44.541827,4245,True,True,True,True,Eyes,1.256947,-0.3127561,-3.312241,0.2658216,0.02969951,0.9635647,0,0,0,0,0,0,0,-1.602541,0.171306,3.180006,1.262976,-0.316486,-3.318833,-0.02556636,0.052715,0.007407046,0.9982549,357.0294,6.027647,0.6938144,0.3537859,-0.08738004,-0.9312354,0,0,0,1.405344,-0.2871931,-2.497957,0.05521121,-0.01449704,0.8316877,0.9943326,0.01209278,-0.1056247,-0.0174837,0.998583,-0.05026255,0.1048672,0.0518244,0.993135,moving,15.42275,1.765442,3.797981,-0.9986139
05/15/2023 14:23:44.561604,4246,True,True,True,True,Eyes,1.256778,-0.3129486,-3.312126,0.2617391,0.0272776,0.9647532,0,0,0,0,0,0,0,-1.588316,0.1783303,3.18651,1.262758,-0.3166401,-3.318671,-0.02449882,0.05053349,0.007464436,0.998394,357.1527,5.77736,0.7130206,0.3537496,-0.08743598,-0.931244,0,0,0,1.401956,-0.289516,-2.497702,0.05566817,-0.01487249,0.8311332,0.9947813,0.01242887,-0.1012704,-0.01738092,0.9986882,-0.04816455,0.1005389,0.04967336,0.9936923,moving,15.17906,1.619559,3.83187,-1.025155
05/15/2023 14:23:44.572089,4247,True,True,True,True,Eyes,1.256607,-0.3131371,-3.312011,0.2576666,0.02489223,0.9659132,0,0,0,0,0,0,0,-1.575414,0.1833116,3.192296,1.26271,-0.3167723,-3.318358,-0.02366159,0.04852095,0.007325243,0.9985151,357.2508,5.547008,0.707436,0.3537136,-0.08749209,-0.9312524,0,0,0,1.398481,-0.2918981,-2.49744,0.05559386,-0.0156614,0.830436,0.9951841,0.01233257,-0.09724446,-0.0169249,0.9987729,-0.04654206,0.09655114,0.04796377,0.9941717,moving,14.93639,1.476224,3.829973,-1.080427
05/15/2023 14:23:44.591823,4248,True,True,True,True,Eyes,1.256456,-0.3133226,-3.311891,0.2536676,0.02252021,0.9670293,0,0,0,0,0,0,0,-1.563227,0.1868482,3.197832,1.262544,-0.3168608,-3.318177,-0.02295853,0.04662248,0.006994285,0.9986243,357.3344,5.330236,0.6784763,0.3536779,-0.08754828,-0.9312606,0,0,0,1.39535,-0.2940445,-2.497204,0.05577548,-0.0164589,0.8299242,0.9955548,0.01182856,-0.09343784,-0.01611009,0.998848,-0.04520171,0.09279553,0.04650607,0.9945984,moving,14.69846,1.334065,3.84481,-1.13613
05/15/2023 14:23:44.612136,4249,True,True,True,True,Eyes,1.256306,-0.3135052,-3.311769,0.2497002,0.0202092,0.9681123,0,0,0,0,0,0,0,-1.552577,0.1887973,3.202598,1.26252,-0.316984,-3.317881,-0.02250341,0.04494229,0.006646679,0.998714,357.3895,5.138455,0.6454647,0.3536431,-0.08760443,-0.9312686,0,0,0,1.392076,-0.2962887,-2.496957,0.05531449,-0.01771878,0.8293108,0.995872,0.01125355,-0.09006814,-0.01529897,0.9988988,-0.0443515,0.08946986,0.04554637,0.9949476,moving,14.46279,1.195867,3.815939,-1.223976
05/15/2023 14:23:44.621848,4250,True,True,True,True,Eyes,1.25616,-0.3136843,-3.31165,0.2459065,0.01789882,0.9691283,0,0,0,0,0,0,0,-1.542482,0.190196,3.207086,1.262351,-0.3169602,-3.317655,-0.02209443,0.04336823,0.006256718,0.9987953,357.4393,4.958939,0.6069193,0.353609,-0.08766047,-0.9312762,0,0,0,1.388547,-0.2987077,-2.496691,0.05455555,-0.01937412,0.8287882,0.9961601,0.01058197,-0.08690843,-0.01441475,0.9989454,-0.04359295,0.08635548,0.04467831,0.9952621,moving,14.23774,1.058075,3.766101,-1.339128
05/15/2023 14:23:44.641929,4251,True,True,True,True,Eyes,1.256014,-0.3138648,-3.311528,0.2421586,0.01565056,0.9701104,0,0,0,0,0,0,0,-1.532801,0.191442,3.211455,1.262053,-0.3170634,-3.317569,-0.02182081,0.04189473,0.006078932,0.9988654,357.4724,4.790369,0.5916328,0.3535756,-0.08771631,-0.9312836,0,0,0,1.385258,-0.3009625,-2.496442,0.05398785,-0.02101352,0.8284515,0.9964157,0.01031571,-0.08395968,-0.01397242,0.9989738,-0.04308274,0.0834291,0.04410144,0.9955373,moving,14.01573,0.9242589,3.728533,-1.452986
05/15/2023 14:23:44.661912,4252,True,True,True,True,Eyes,1.255853,-0.3140444,-3.311406,0.2385436,0.01341912,0.9710391,0,0,0,0,0,0,0,-1.524241,0.1942634,3.215124,1.261988,-0.3174036,-3.317335,-0.02148044,0.04058962,0.006213539,0.9989256,357.5115,4.64038,0.6119325,0.353543,-0.08777201,-0.9312907,0,0,0,1.381946,-0.3032328,-2.496192,0.05289709,-0.02236666,0.8279901,0.9966277,0.01066996,-0.08135898,-0.01415749,0.999,-0.04241032,0.0808251,0.04341915,0.9957821,moving,13.80187,0.7917398,3.655439,-1.547366
05/15/2023 14:23:44.671946,4253,True,True,True,True,Eyes,1.255689,-0.3142256,-3.311285,0.2349821,0.01123701,0.9719348,0,0,0,0,0,0,0,-1.516104,0.1975272,3.218592,1.261917,-0.317544,-3.317176,-0.02098392,0.03934157,0.006209758,0.9989861,357.5691,4.497369,0.6168315,0.3535106,-0.08782758,-0.9312978,0,0,0,1.378608,-0.3055207,-2.495941,0.05168489,-0.02365793,0.8276216,0.9968274,0.01075584,-0.07886396,-0.014058,0.9990423,-0.04143668,0.07834275,0.04241389,0.9960238,moving,13.59144,0.6623946,3.573475,-1.637379
05/15/2023 14:23:44.691419,4254,True,True,True,True,Eyes,1.255548,-0.3144127,-3.311165,0.2313928,0.009039193,0.9728185,0,0,0,0,0,0,0,-1.508681,0.2007347,3.221724,1.261727,-0.3177545,-3.317076,-0.02049655,0.03822114,0.006177919,0.99904,357.6258,4.369085,0.6180291,0.3534784,-0.08788307,-0.9313048,0,0,0,1.375299,-0.3077896,-2.495691,0.05040227,-0.02487498,0.8273522,0.9970019,0.01077717,-0.07662215,-0.01391078,0.9990835,-0.04048149,0.07611563,0.041426,0.996238,moving,13.37964,0.5323631,3.486149,-1.722123
05/15/2023 14:23:44.711879,4255,True,True,True,True,Eyes,1.255406,-0.3146002,-3.311048,0.2278724,0.006847532,0.973667,0,0,0,0,0,0,0,-1.502784,0.2073453,3.223909,1.261704,-0.3180815,-3.316907,-0.01955925,0.03732698,0.006257156,0.9990921,357.7334,4.266726,0.6332127,0.3534469,-0.08793864,-0.9313115,0,0,0,1.37191,-0.3101127,-2.495435,0.0485068,-0.02529856,0.8270617,0.9971351,0.01104277,-0.07483094,-0.01396312,0.9991566,-0.03861587,0.07434141,0.03955011,0.9964483,moving,13.17216,0.4029388,3.356527,-1.752045
05/15/2023 14:23:44.722328,4256,True,True,True,True,Eyes,1.255273,-0.3147852,-3.31093,0.2244261,0.004588867,0.9744803,0,0,0,0,0,0,0,-1.496394,0.214966,3.226248,1.261541,-0.3182543,-3.316822,-0.01851464,0.03639281,0.006505813,0.999145,357.8526,4.159511,0.6681464,0.353416,-0.08799427,-0.931318,0,0,0,1.368574,-0.3123996,-2.495184,0.04685815,-0.02569512,0.8268763,0.9972665,0.0116529,-0.07296429,-0.0143481,0.9992297,-0.03652408,0.07248247,0.03747113,0.9966655,moving,12.96927,0.2698061,3.243418,-1.779889
05/15/2023 14:23:44.741902,4257,True,True,True,True,Eyes,1.25514,-0.3149556,-3.310812,0.2210451,0.002352908,0.9752607,0,0,0,0,0,0,0,-1.490811,0.2227303,3.228135,1.261536,-0.3183591,-3.316649,-0.01744345,0.0355625,0.006762293,0.9991924,357.9748,4.064297,0.7036481,0.3533858,-0.0880499,-0.9313242,0,0,0,1.365307,-0.3146387,-2.494937,0.04495449,-0.0260619,0.8266146,0.9973791,0.012273,-0.07130346,-0.01475433,0.9993,-0.03437776,0.07083163,0.0353397,0.9968621,moving,12.77046,0.1382312,3.112899,-1.80585
05/15/2023 14:23:44.761974,4258,True,True,True,True,Eyes,1.255019,-0.3151249,-3.310694,0.2177601,0.00011397,0.9760023,0,0,0,0,0,0,0,-1.484723,0.2284783,3.230333,1.26142,-0.3181604,-3.316511,-0.01658724,0.03465972,0.006911648,0.9992377,358.0729,3.960938,0.7259629,0.3533563,-0.08810511,-0.9313301,0,0,0,1.361951,-0.3169397,-2.494684,0.04318193,-0.02713348,0.8263822,0.9975019,0.01266294,-0.06949588,-0.01496257,0.9993542,-0.03267008,0.06903729,0.03362829,0.9970472,moving,12.57751,0.00669056,2.991224,-1.880578
05/15/2023 14:23:44.772163,4259,True,True,True,True,Eyes,1.254895,-0.3152971,-3.310578,0.2145309,-0.002102873,0.976715,0,0,0,0,0,0,0,-1.47808,0.2301211,3.233063,1.261363,-0.3183041,-3.316327,-0.01628808,0.03363312,0.0067742,0.9992785,358.1084,3.843622,0.7133378,0.3533277,-0.08815991,-0.9313358,0,0,0,1.358492,-0.3193109,-2.494423,0.04146024,-0.02880817,0.8260819,0.9976459,0.01244299,-0.06743839,-0.01463426,0.9993776,-0.03209697,0.06699704,0.03300833,0.997207,moving,12.38804,-0.123358,2.873208,-1.997281
05/15/2023 14:23:44.792181,4260,True,True,True,True,Eyes,1.254766,-0.3154769,-3.31046,0.2112029,-0.004390815,0.9774324,0,0,0,0,0,0,0,-1.472221,0.2344428,3.235317,1.261201,-0.3185383,-3.31626,-0.0154899,0.03272592,0.006381977,0.999324,358.202,3.740748,0.6730843,0.3532999,-0.0882144,-0.9313412,0,0,0,1.355036,-0.3216796,-2.494163,0.03965623,-0.02953935,0.8259625,0.9977766,0.01174148,-0.06560529,-0.01376917,0.9994386,-0.03054115,0.06520988,0.03137658,0.9973782,moving,12.19297,-0.257382,2.748782,-2.048228
05/15/2023 14:23:44.811899,4261,True,True,True,True,Eyes,1.254632,-0.3156607,-3.310344,0.2079348,-0.006694511,0.9781197,0,0,0,0,0,0,0,-1.467032,0.2432571,3.236802,1.261118,-0.3188592,-3.316045,-0.01415417,0.03194445,0.006303074,0.9993696,358.3558,3.652008,0.6703027,0.3532726,-0.08826886,-0.9313464,0,0,0,1.35175,-0.3239324,-2.493915,0.0377416,-0.029222,0.8257483,0.9978796,0.01169391,-0.06402706,-0.0135025,0.9995198,-0.02788781,0.06367021,0.0286932,0.9975584,moving,12.00163,-0.3921414,2.616936,-2.026766
05/15/2023 14:23:44.821737,4262,True,True,True,True,Eyes,1.254486,-0.3158485,-3.310232,0.2047976,-0.009139064,0.9787617,0,0,0,0,0,0,0,-1.460554,0.2530152,3.238829,1.260861,-0.3191102,-3.315969,-0.01279151,0.0310179,0.006536846,0.9994157,358.5117,3.54619,0.7034184,0.3532456,-0.08832339,-0.9313515,0,0,0,1.348401,-0.3262284,-2.493662,0.03615672,-0.02901988,0.8256833,0.9979903,0.01227252,-0.06216678,-0.01385958,0.9995872,-0.02516255,0.06183232,0.02597359,0.9977485,moving,11.81815,-0.5349766,2.507384,-2.012918
05/15/2023 14:23:44.841552,4263,True,True,True,True,Eyes,1.25434,-0.3160418,-3.310117,0.2017167,-0.01162028,0.979375,0,0,0,0,0,0,0,-1.453635,0.2638603,3.240996,1.260786,-0.3193553,-3.315895,-0.01128364,0.03000264,0.006822952,0.9994628,358.6841,3.430333,0.7428557,0.3532186,-0.0883781,-0.9313565,0,0,0,1.345157,-0.3284522,-2.493417,0.03463958,-0.02851589,0.8256255,0.9981066,0.0129615,-0.06012702,-0.01431565,0.9996523,-0.02214574,0.05981907,0.02296457,0.9979451,moving,11.63816,-0.6797825,2.402468,-1.978125
05/15/2023 14:23:44.861690,4264,True,True,True,True,Eyes,1.254169,-0.3162419,-3.310002,0.1987156,-0.01424137,0.9799536,0,0,0,0,0,0,0,-1.447444,0.2760241,3.242497,1.260634,-0.3196437,-3.315675,-0.009575404,0.02911503,0.007089583,0.9995051,358.8795,3.329416,0.7802308,0.3531916,-0.08843313,-0.9313616,0,0,0,1.341798,-0.3307547,-2.493164,0.03288433,-0.02770773,0.8254616,0.9982041,0.01361457,-0.05833701,-0.01472973,0.9997161,-0.0187285,0.05806547,0.01955416,0.9981213,moving,11.46304,-0.8326037,2.281314,-1.922488
05/15/2023 14:23:44.871612,4265,True,True,True,True,Eyes,1.253995,-0.3164369,-3.309889,0.1957501,-0.01690761,0.980508,0,0,0,0,0,0,0,-1.440673,0.2890583,3.244249,1.260565,-0.3199424,-3.315547,-0.00773029,0.02812572,0.007344424,0.9995477,359.0909,3.2171,0.816444,0.3531639,-0.08848866,-0.9313668,0,0,0,1.338591,-0.3329532,-2.492922,0.03136241,-0.02655994,0.8253973,0.99831,0.01424736,-0.05633954,-0.01511704,0.9997726,-0.01504045,0.05611244,0.01586672,0.9982984,moving,11.29018,-0.9878947,2.176007,-1.843049
05/15/2023 14:23:44.891418,4266,True,True,True,True,Eyes,1.253823,-0.3166291,-3.309773,0.192636,-0.0196175,0.9810742,0,0,0,0,0,0,0,-1.433052,0.3022263,3.24623,1.260333,-0.3199754,-3.315443,-0.005828182,0.02703327,0.007611549,0.9995885,359.3088,3.093154,0.8538998,0.3531356,-0.0885445,-0.9313722,0,0,0,1.335257,-0.3352385,-2.492671,0.03003898,-0.02567194,0.8253723,0.9984226,0.01490173,-0.05413304,-0.01553195,0.9998162,-0.01124004,0.05395558,0.0120631,0.9984705,moving,11.10882,-1.14553,2.084329,-1.781523
05/15/2023 14:23:44.912329,4267,True,True,True,True,Eyes,1.253648,-0.3168215,-3.309658,0.1895473,-0.02232939,0.9816176,0,0,0,0,0,0,0,-1.425164,0.3135318,3.248359,1.260245,-0.3200606,-3.315203,-0.004167308,0.02586567,0.007755288,0.9996267,359.4996,2.960607,0.8760744,0.3531068,-0.08860055,-0.9313777,0,0,0,1.331865,-0.3375636,-2.492415,0.02864655,-0.02515125,0.8252051,0.9985417,0.01528921,-0.05177667,-0.01572037,0.999845,-0.007930313,0.05164738,0.008732695,0.9986272,moving,10.92912,-1.303113,1.988194,-1.745766
05/15/2023 14:23:44.931429,4268,True,True,True,True,Eyes,1.253495,-0.3170151,-3.309545,0.1861506,-0.02499101,0.9822034,0,0,0,0,0,0,0,-1.41642,0.3235662,3.251007,1.260059,-0.3202326,-3.31507,-0.002767329,0.0245932,0.00803404,0.9996614,359.6603,2.815854,0.9125772,0.3530775,-0.08865679,-0.9313835,0,0,0,1.328387,-0.339948,-2.492152,0.02742369,-0.0250472,0.8251497,0.9986612,0.01592652,-0.04921421,-0.01619875,0.9998556,-0.005137619,0.04912528,0.00592795,0.998775,moving,10.73161,-1.457509,1.903513,-1.738665
05/15/2023 14:23:44.941685,4269,True,True,True,True,Eyes,1.253337,-0.3172077,-3.309427,0.1827821,-0.02764966,0.9827646,0,0,0,0,0,0,0,-1.406866,0.3332883,3.254005,1.259919,-0.3204322,-3.31494,-0.00138829,0.02318305,0.008239092,0.9996963,359.8191,2.655429,0.9402025,0.3530482,-0.08871321,-0.9313892,0,0,0,1.325105,-0.3421978,-2.491905,0.02658159,-0.02481074,0.8250993,0.9987893,0.01640881,-0.0463749,-0.01653755,0.9998604,-0.002393723,0.04632915,0.003157752,0.9989213,moving,10.53592,-1.611567,1.845216,-1.722365
05/15/2023 14:23:44.961572,4270,True,True,True,True,Eyes,1.253193,-0.317403,-3.309311,0.1792615,-0.0302851,0.9833352,0,0,0,0,0,0,0,-1.397528,0.3422596,3.256758,1.259653,-0.3205817,-3.314695,-9.163196E-05,0.02182066,0.008382598,0.9997268,359.9685,2.500486,0.9601284,0.3530189,-0.08876977,-0.9313949,0,0,0,1.321592,-0.3446063,-2.49164,0.02555805,-0.02490924,0.8249602,0.9989071,0.01675662,-0.04363092,-0.01676461,0.9998595,0.0001826137,0.04362785,0.0005490414,0.9990477,moving,10.33154,-1.764058,1.77451,-1.729491
05/15/2023 14:23:44.991375,4271,True,True,True,True,Eyes,1.253041,-0.3175972,-3.309196,0.1757575,-0.03289631,0.9838837,0,0,0,0,0,0,0,-1.387037,0.3510213,3.260132,1.259493,-0.3208229,-3.314559,0.001176248,0.02026166,0.008485702,0.9997581,0.1150533,2.323038,0.9749345,0.3529898,-0.08882654,-0.9314005,0,0,0,1.318398,-0.3467956,-2.491399,0.0250737,-0.02474648,0.8249217,0.9990349,0.01701496,-0.04049354,-0.01691963,0.9998532,0.002695796,0.04053348,-0.002008058,0.9991762,moving,10.12828,-1.91498,1.740983,-1.718277
05/15/2023 14:23:45.001692,4272,True,True,True,True,Eyes,1.252887,-0.3177985,-3.309078,0.1721793,-0.03553329,0.9844245,0,0,0,0,0,0,0,-1.376254,0.358232,3.263659,1.259166,-0.3209708,-3.314416,0.00219152,0.01869063,0.008665465,0.9997854,0.2325169,2.144022,0.9975282,0.3529608,-0.08888345,-0.9314061,0,0,0,1.315041,-0.349097,-2.491146,0.02460015,-0.02521098,0.8248913,0.9991511,0.01740913,-0.03733525,-0.01724529,0.9998403,0.004706026,0.03741121,-0.004058174,0.9992917,moving,9.920879,-2.067222,1.708185,-1.750574
05/15/2023 14:23:45.011525,4273,True,True,True,True,Eyes,1.25273,-0.3179903,-3.30896,0.1686175,-0.03816295,0.9849426,0,0,0,0,0,0,0,-1.365276,0.3677595,3.266956,1.259033,-0.3213089,-3.314185,0.003464233,0.01708378,0.00900926,0.9998075,0.3792612,1.961283,1.039048,0.3529319,-0.08894071,-0.9314116,0,0,0,1.311816,-0.3513074,-2.490902,0.02412698,-0.02498108,0.8247874,0.999254,0.01813341,-0.03409858,-0.01789669,0.9998137,0.007234958,0.03422341,-0.006619309,0.9993923,moving,9.714592,-2.218894,1.67556,-1.734839
05/15/2023 14:23:45.031429,4274,True,True,True,True,Eyes,1.252541,-0.3181852,-3.308839,0.1649681,-0.04079966,0.9854547,0,0,0,0,0,0,0,-1.354038,0.3767626,3.270355,1.258803,-0.321247,-3.314031,0.004703891,0.01545659,0.009389631,0.9998254,0.5223085,1.776305,1.084226,0.3529028,-0.08899802,-0.9314172,0,0,0,1.307451,-0.3542998,-2.490573,0.02261215,-0.0259672,0.8248374,0.9993459,0.0189214,-0.03081945,-0.01863057,0.9997794,0.009696403,0.03099612,-0.009115877,0.9994779,moving,9.503367,-2.370798,1.570318,-1.803167
05/15/2023 14:23:45.041675,4275,True,True,True,True,Eyes,1.252344,-0.3183777,-3.308719,0.1613302,-0.04341619,0.985945,0,0,0,0,0,0,0,-1.342459,0.3843212,3.273943,1.258642,-0.3214616,-3.313771,0.005685367,0.01376721,0.009763591,0.9998415,0.6360018,1.584016,1.127759,0.352873,-0.08905549,-0.931423,0,0,0,1.305197,-0.3558447,-2.490403,0.02327643,-0.02569387,0.8246717,0.9994302,0.01968063,-0.02741903,-0.01936754,0.9997447,0.01163776,0.02764107,-0.0111001,0.9995563,moving,9.292955,-2.521397,1.616749,-1.784557
05/15/2023 14:23:45.061495,4276,True,True,True,True,Eyes,1.25213,-0.3185695,-3.308597,0.1576198,-0.04604196,0.986426,0,0,0,0,0,0,0,-1.330829,0.3915257,3.277555,1.258276,-0.3215785,-3.313623,0.006741141,0.0120718,0.009850903,0.999856,0.7587616,1.390995,1.138168,0.3528422,-0.08911305,-0.9314291,0,0,0,1.301675,-0.3582594,-2.490137,0.02288019,-0.02622159,0.8247097,0.9995145,0.01986172,-0.02400731,-0.01953621,0.9997151,0.01371818,0.02427294,-0.0132425,0.9996176,moving,9.078476,-2.672372,1.589168,-1.821102
05/15/2023 14:23:45.077197,4277,True,True,True,True,Eyes,1.25191,-0.3187595,-3.308468,0.1539301,-0.04864375,0.9868836,0,0,0,0,0,0,0,-1.319873,0.3983571,3.280873,1.258117,-0.321716,-3.313385,0.007716073,0.01045454,0.009988002,0.9998657,0.8721462,1.206902,1.153843,0.3528101,-0.08917069,-0.9314358,0,0,0,1.298325,-0.3605559,-2.489885,0.02231982,-0.02674544,0.8246601,0.9995819,0.02013466,-0.02075214,-0.01981199,0.9996814,0.01563892,0.02106041,-0.01522124,0.9996623,moving,8.865332,-2.82184,1.550359,-1.85757
05/15/2023 14:23:45.091352,4278,True,True,True,True,Eyes,1.251698,-0.3189543,-3.308335,0.1500153,-0.051219,0.9873561,0,0,0,0,0,0,0,-1.308245,0.4064279,3.284095,1.257788,-0.321838,-3.313059,0.008741557,0.008805015,0.01048675,0.999868,0.9910449,1.019558,1.210626,0.3527769,-0.08922836,-0.9314429,0,0,0,1.295139,-0.36274,-2.489644,0.02212559,-0.02711827,0.8245332,0.999625,0.02112467,-0.01742437,-0.0208168,0.9996272,0.01766548,0.01779105,-0.01729614,0.9996921,moving,8.639242,-2.969551,1.537111,-1.883736
05/15/2023 14:23:45.111750,4279,True,True,True,True,Eyes,1.251482,-0.3191502,-3.3082,0.1461183,-0.05380272,0.987803,0,0,0,0,0,0,0,-1.296704,0.4145508,3.287322,1.257643,-0.3221207,-3.312756,0.009716219,0.007153677,0.0110752,0.9998658,1.104237,0.832156,1.277263,0.3527429,-0.08928622,-0.9314502,0,0,0,1.291716,-0.3650866,-2.489386,0.02150246,-0.02756871,0.8244532,0.9996523,0.02228645,-0.01409022,-0.02200842,0.9995659,0.01958829,0.01452065,-0.01927138,0.9997088,moving,8.41432,-3.117652,1.493985,-1.915187
05/15/2023 14:23:45.122185,4280,True,True,True,True,Eyes,1.251251,-0.3193491,-3.308065,0.1421206,-0.05640994,0.9882406,0,0,0,0,0,0,0,-1.28416,0.4249628,3.290602,1.257354,-0.322313,-3.312536,0.01111229,0.005361831,0.01151253,0.9998577,1.266222,0.6291592,1.326321,0.3527079,-0.08934426,-0.9314579,0,0,0,1.288371,-0.3673791,-2.489134,0.02134672,-0.02735452,0.8244881,0.9996774,0.02314094,-0.01046627,-0.02290262,0.999488,0.02234486,0.010978,-0.02209795,0.9996955,moving,8.183697,-3.266966,1.483107,-1.900239
05/15/2023 14:23:45.141996,4281,True,True,True,True,Eyes,1.251013,-0.3195542,-3.307932,0.1381373,-0.05904238,0.9886516,0,0,0,0,0,0,0,-1.271363,0.4356769,3.29391,1.257219,-0.3225406,-3.312309,0.01267714,0.003473941,0.01161557,0.9998461,1.448,0.4150332,1.336436,0.3526719,-0.08940259,-0.9314659,0,0,0,1.284754,-0.3698586,-2.488861,0.02094655,-0.026986,0.8245586,0.999706,0.02331565,-0.00665231,-0.02313949,0.9994087,0.02543109,0.007241319,-0.02526968,0.9996544,moving,7.954037,-3.417651,1.455191,-1.874496
05/15/2023 14:23:45.161920,4282,True,True,True,True,Eyes,1.250792,-0.3197671,-3.307794,0.1340105,-0.06169226,0.9890577,0,0,0,0,0,0,0,-1.258745,0.44642,3.29706,1.256827,-0.3228692,-3.312171,0.0142768,0.001639894,0.01159618,0.9998295,1.633765,0.2069419,1.331941,0.3526346,-0.08946133,-0.9314744,0,0,0,1.281625,-0.3720036,-2.488625,0.02122206,-0.02613253,0.8246964,0.9997256,0.02323522,-0.002948117,-0.02314158,0.9993234,0.02858678,0.003610342,-0.02851071,0.9995869,moving,7.716196,-3.569188,1.474077,-1.81495
05/15/2023 14:23:45.181571,4283,True,True,True,True,Eyes,1.250568,-0.319979,-3.307656,0.1299031,-0.06439779,0.9894332,0,0,0,0,0,0,0,-1.246698,0.4590119,3.299595,1.256666,-0.3232633,-3.311882,0.01617414,-0.0001468792,0.01149928,0.9998031,1.853572,0.004487532,1.317994,0.3525967,-0.08952067,-0.931483,0,0,0,1.278167,-0.3743745,-2.488364,0.02086797,-0.02493406,0.8247419,0.9997355,0.02298927,0.0006656821,-0.02299877,0.9992123,0.03233853,7.828127E-05,-0.03234529,0.9994768,moving,7.479605,-3.723874,1.449413,-1.73167
05/15/2023 14:23:45.191558,4284,True,True,True,True,Eyes,1.250351,-0.3201941,-3.307518,0.1258428,-0.06716383,0.989774,0,0,0,0,0,0,0,-1.23425,0.4719612,3.302139,1.256369,-0.3234252,-3.311673,0.01817435,-0.001976997,0.01136254,0.9997684,2.08518,359.797,1.298603,0.3525581,-0.08958053,-0.9314919,0,0,0,1.274936,-0.3765894,-2.48812,0.02095392,-0.02364731,0.8248708,0.999734,0.02264795,0.004366093,-0.02279167,0.9990812,0.03629536,-0.003540066,-0.03638522,0.9993315,moving,7.245876,-3.882011,1.455153,-1.642099
05/15/2023 14:23:45.211568,4285,True,True,True,True,Eyes,1.250128,-0.3204078,-3.307378,0.1218067,-0.06998647,0.9900833,0,0,0,0,0,0,0,-1.222202,0.4858958,3.304363,1.256208,-0.3236997,-3.311471,0.02031352,-0.003767957,0.01120089,0.9997239,2.332596,359.5941,1.275564,0.3525191,-0.08964092,-0.9315008,0,0,0,1.271479,-0.3789588,-2.487859,0.02061778,-0.02216185,0.8250501,0.9997206,0.0222425,0.007988892,-0.02254866,0.9989238,0.04053142,-0.007078775,-0.04070023,0.9991463,moving,7.013669,-4.043367,1.431508,-1.538664
05/15/2023 14:23:45.221705,4286,True,True,True,True,Eyes,1.249908,-0.320626,-3.307238,0.1177192,-0.07278507,0.9903759,0,0,0,0,0,0,0,-1.210183,0.499594,3.30641,1.255869,-0.3238498,-3.311254,0.02239071,-0.005513223,0.01115643,0.9996719,2.572857,359.3965,1.265245,0.3524797,-0.08970179,-0.9315099,0,0,0,1.268268,-0.3811602,-2.487617,0.02062105,-0.02074818,0.8252023,0.9996903,0.02205864,0.01152243,-0.02255242,0.9987484,0.04464371,-0.01052323,-0.04488974,0.9989365,moving,6.778552,-4.203246,1.431471,-1.440292
05/15/2023 14:23:45.242171,4287,True,True,True,True,Eyes,1.244193,-0.3260644,-3.303802,0.01538886,-0.1433187,0.989557,0,0,0,0,0,0,0,-1.198688,0.513027,3.308274,1.255706,-0.3241542,-3.31102,0.02440952,-0.007207526,0.01109283,0.9996145,2.806331,359.2044,1.252095,0.3524398,-0.08976319,-0.931519,0,0,0,1.264979,-0.3834152,-2.487369,0.02029048,-0.01932204,0.8253564,0.99965,0.02182524,0.01495104,-0.02252897,0.9985623,0.04864032,-0.01386795,-0.04896013,0.9987044,moving,0.8909498,-8.240911,1.40827,-1.34108
05/15/2023 14:23:45.262601,4288,True,True,True,True,Eyes,1.244164,-0.3260815,-3.303798,0.0152344,-0.1434119,0.9895458,0,0,0,0,0,0,0,-1.186831,0.5259657,3.310274,1.255302,-0.3243302,-3.310913,0.02636208,-0.008917013,0.0110546,0.9995516,3.032228,359.0106,1.241093,0.3522896,-0.08998385,-0.9315543,0,0,0,1.261626,-0.3857135,-2.487116,0.02015865,-0.01817353,0.8256585,0.9995966,0.02162913,0.01840888,-0.02256942,0.9983656,0.05250337,-0.01724319,-0.05289766,0.998451,moving,0.8820186,-8.246289,1.398613,-1.260931
05/15/2023 14:23:45.271842,4289,True,True,True,True,Eyes,1.244121,-0.3261079,-3.303791,0.01495588,-0.1436608,0.989514,0,0,0,0,0,0,0,-1.175526,0.5406339,3.311691,1.255148,-0.3247104,-3.310681,0.02845398,-0.01054521,0.01126332,0.9994761,3.27427,358.827,1.257775,0.3521537,-0.09018296,-0.9315861,0,0,0,1.258107,-0.3881258,-2.486851,0.01946092,-0.01670271,0.8258748,0.9995239,0.02191473,0.02172034,-0.02311494,0.998127,0.0566406,-0.0204384,-0.0571157,0.9981583,moving,0.8659235,-8.260669,1.349869,-1.158607
05/15/2023 14:23:45.291828,4290,True,True,True,True,Eyes,1.24406,-0.3261423,-3.303782,0.01453426,-0.1439601,0.9894768,0,0,0,0,0,0,0,-1.163546,0.5546045,3.313397,1.254796,-0.3249286,-3.310579,0.03045183,-0.0122397,0.01150568,0.9993951,3.505736,358.6357,1.277442,0.3520303,-0.09036296,-0.9316151,0,0,0,1.254769,-0.3904138,-2.486599,0.01925175,-0.01542478,0.8262099,0.9994356,0.02225201,0.02516533,-0.02374289,0.9978806,0.06058517,-0.02376386,-0.06114847,0.9978458,moving,0.8415476,-8.277946,1.334823,-1.06955
05/15/2023 14:23:45.311808,4291,True,True,True,True,Eyes,1.243987,-0.3261767,-3.303768,0.01399842,-0.1443677,0.9894251,0,0,0,0,0,0,0,-1.151496,0.5668235,3.315322,1.254634,-0.3251248,-3.310405,0.03217936,-0.01397109,0.01177056,0.9993151,3.706387,358.4401,1.299193,0.3519179,-0.090526,-0.9316417,0,0,0,1.251514,-0.3926455,-2.486353,0.01898853,-0.01455834,0.8264729,0.9993325,0.02262583,0.02868058,-0.02442416,0.9976519,0.06398576,-0.02716551,-0.06464355,0.9975386,moving,0.8105689,-8.301488,1.316161,-1.009162
05/15/2023 14:23:45.341763,4292,True,True,True,True,Eyes,1.243916,-0.3262208,-3.30375,0.01330333,-0.1447703,0.9893759,0,0,0,0,0,0,0,-1.139549,0.577206,3.317364,1.254282,-0.3251325,-3.310243,0.03367865,-0.01566731,0.01197773,0.999238,3.88082,358.248,1.314165,0.351815,-0.09067379,-0.9316661,0,0,0,1.248185,-0.3949275,-2.486102,0.01878018,-0.01430402,0.8267763,0.9992222,0.0228819,0.03211754,-0.02499251,0.9974446,0.06693066,-0.03050397,-0.06768129,0.9972405,moving,0.770363,-8.324721,1.301247,-0.9911725
05/15/2023 14:23:45.351503,4293,True,True,True,True,Eyes,1.243834,-0.3262729,-3.303728,0.01250486,-0.1452361,0.989318,0,0,0,0,0,0,0,-1.126791,0.5858152,3.319992,1.254122,-0.325404,-3.310057,0.03481537,-0.01749392,0.01233394,0.9991646,4.014223,358.041,1.345817,0.3517207,-0.09080815,-0.9316886,0,0,0,1.244805,-0.3972441,-2.485847,0.01853015,-0.01441642,0.8270535,0.9990836,0.02342916,0.03581744,-0.02586539,0.9972715,0.06914102,-0.03409979,-0.07000409,0.9969637,moving,0.7241734,-8.351612,1.283498,-0.998625
05/15/2023 14:23:45.361704,4294,True,True,True,True,Eyes,1.24378,-0.3263315,-3.3037,0.01146219,-0.1456888,0.9892641,0,0,0,0,0,0,0,-1.114867,0.5929649,3.322484,1.253804,-0.3256131,-3.309892,0.03580154,-0.01919502,0.01252211,0.9990962,4.129966,357.8477,1.358538,0.351634,-0.09093065,-0.9317094,0,0,0,1.241557,-0.3994707,-2.485602,0.01837469,-0.01474979,0.8273471,0.9989495,0.02364717,0.03925196,-0.02639601,0.9971229,0.07105765,-0.03745872,-0.07201911,0.9966996,moving,0.6638324,-8.377721,1.272283,-1.02135
05/15/2023 14:23:45.381454,4295,True,True,True,True,Eyes,1.243714,-0.3263931,-3.303671,0.01033245,-0.1462042,0.9892005,0,0,0,0,0,0,0,-1.102908,0.6021507,3.324613,1.253649,-0.3258479,-3.309717,0.03702109,-0.02089338,0.01290859,0.9990127,4.272982,357.6558,1.393128,0.3515548,-0.09104265,-0.9317284,0,0,0,1.237404,-0.4023179,-2.485289,0.01712428,-0.01525334,0.8278091,0.9987936,0.0242447,0.04270129,-0.02733868,0.9969256,0.07342967,-0.04078973,-0.07450849,0.9963858,moving,0.5984474,-8.407471,1.185067,-1.055622
05/15/2023 14:23:45.391675,4296,True,True,True,True,Eyes,1.243665,-0.3264578,-3.303633,0.009139681,-0.1467207,0.9891357,0,0,0,0,0,0,0,-1.090854,0.609853,3.326961,1.253321,-0.3259767,-3.309603,0.03801322,-0.022572,0.0133506,0.9989331,4.390174,357.4661,1.434268,0.3514821,-0.09114531,-0.9317458,0,0,0,1.23491,-0.4040276,-2.485101,0.01768434,-0.01515456,0.8280658,0.9986245,0.02495665,0.04611083,-0.02838878,0.9967535,0.07534264,-0.04408084,-0.07654803,0.996091,moving,0.5294018,-8.437288,1.223434,-1.048462
05/15/2023 14:23:45.411932,4297,True,True,True,True,Eyes,1.243605,-0.3265248,-3.303596,0.007874977,-0.1473027,0.9890601,0,0,0,0,0,0,0,-1.080595,0.6167213,3.328743,1.253162,-0.3261335,-3.309347,0.03893869,-0.0240328,0.01361664,0.9988598,4.499079,357.3006,1.45598,0.3514158,-0.09123965,-0.9317617,0,0,0,1.23159,-0.4063037,-2.48485,0.01688892,-0.01567334,0.8283457,0.998474,0.02533062,0.04907122,-0.02907385,0.9965968,0.0771341,-0.04695036,-0.07844307,0.9958124,moving,0.456184,-8.470911,1.168027,-1.083979
05/15/2023 14:23:45.422362,4298,True,True,True,True,Eyes,1.243545,-0.326596,-3.303552,0.006570518,-0.1478892,0.9889821,0,0,0,0,0,0,0,-1.069449,0.6245475,3.330698,1.252854,-0.3262358,-3.309269,0.04000301,-0.02559415,0.01392048,0.9987748,4.624236,357.124,1.480876,0.3513549,-0.09132658,-0.9317762,0,0,0,1.227556,-0.4090687,-2.484546,0.01569471,-0.01646615,0.8289462,0.9983023,0.02575916,0.0522393,-0.02985453,0.996412,0.07919542,-0.05001185,-0.08062056,0.9954894,moving,0.3806514,-8.504806,1.08467,-1.137971
05/15/2023 14:23:45.441824,4299,True,True,True,True,Eyes,1.243475,-0.3266696,-3.303506,0.005222917,-0.1485113,0.988897,0,0,0,0,0,0,0,-1.060071,0.6302338,3.332363,1.252715,-0.3264104,-3.309041,0.04069555,-0.02690412,0.01433541,0.9987065,4.706822,356.9763,1.520434,0.3512989,-0.09140696,-0.9317895,0,0,0,1.224933,-0.4108666,-2.484348,0.01531629,-0.01688571,0.8291578,0.9981413,0.02644397,0.0549054,-0.03082348,0.9962767,0.08051446,-0.05257185,-0.08205719,0.9952401,moving,0.3026082,-8.540783,1.058253,-1.166661
05/15/2023 14:23:45.461740,4300,True,True,True,True,Eyes,1.243407,-0.326751,-3.303458,0.00386014,-0.1491491,0.9888072,0,0,0,0,0,0,0,-1.050782,0.6361332,3.333933,1.252415,-0.3265226,-3.308891,0.04142223,-0.028171,0.01477401,0.9986354,4.793442,356.8337,1.562607,0.3512472,-0.09148154,-0.9318017,0,0,0,1.221565,-0.4131755,-2.484094,0.01427486,-0.01778543,0.8295963,0.9979762,0.02717389,0.05748905,-0.03184151,0.9961318,0.08189899,-0.05504116,-0.08356378,0.9949812,moving,0.2236721,-8.577681,0.9857907,-1.228156
05/15/2023 14:23:45.471738,4301,True,True,True,True,Eyes,1.243329,-0.3268358,-3.303406,0.002478194,-0.1498455,0.9887063,0,0,0,0,0,0,0,-1.04213,0.6429503,3.335181,1.252294,-0.3267936,-3.308749,0.04224818,-0.02935993,0.01525751,0.9985591,4.891582,356.7005,1.609797,0.3511993,-0.09155113,-0.9318129,0,0,0,1.218135,-0.4155269,-2.483835,0.01286472,-0.01838695,0.8300722,0.9978104,0.02799024,0.05992446,-0.03295185,0.9959645,0.0834787,-0.05734605,-0.08527054,0.9947062,moving,0.1436117,-8.618002,0.887917,-1.268953
05/15/2023 14:23:45.491352,4302,True,True,True,True,Eyes,1.24325,-0.3269218,-3.303355,0.001020658,-0.1505676,0.9885992,0,0,0,0,0,0,0,-1.034178,0.651495,3.335733,1.252011,-0.3269312,-3.308574,0.04329508,-0.03039012,0.01592267,0.9984731,5.015529,356.5868,1.677707,0.3511547,-0.09161632,-0.9318234,0,0,0,1.214828,-0.417794,-2.483586,0.01145842,-0.01866745,0.8305208,0.9976458,0.02916523,0.06206619,-0.03442821,0.995744,0.08549017,-0.0593087,-0.08742575,0.994404,moving,0.05915378,-8.659827,0.7904407,-1.287609
05/15/2023 14:23:45.511893,4303,True,True,True,True,Eyes,1.243165,-0.3270048,-3.303302,-0.0004613399,-0.1513363,0.9884822,0,0,0,0,0,0,0,-1.025776,0.6587725,3.33678,1.251851,-0.3270417,-3.308505,0.04421959,-0.0315333,0.01639629,0.9983894,5.12511,356.459,1.723213,0.351113,-0.09167758,-0.9318331,0,0,0,1.211324,-0.420196,-2.483322,0.009939332,-0.01929226,0.83113,0.9974737,0.02995097,0.06441511,-0.03552853,0.9955516,0.08726268,-0.06151496,-0.08933079,0.9941006,moving,-0.02674082,-8.704376,0.6851571,-1.329715
05/15/2023 14:23:45.521845,4304,True,True,True,True,Eyes,1.243093,-0.327089,-3.303247,-0.002040505,-0.1521169,0.9883604,0,0,0,0,0,0,0,-1.017431,0.6660067,3.337676,1.251631,-0.3270334,-3.308365,0.04515191,-0.03265614,0.01688661,0.9983035,5.235725,356.3338,1.770484,0.3510737,-0.09173526,-0.9318423,0,0,0,1.208024,-0.4224582,-2.483073,0.008643363,-0.01989202,0.8316515,0.9972969,0.03076694,0.0667264,-0.03666489,0.9953523,0.08904772,-0.06367655,-0.09125353,0.9937898,moving,-0.118289,-8.749642,0.5954542,-1.370179
05/15/2023 14:23:45.541806,4305,True,True,True,True,Eyes,1.243012,-0.3271702,-3.303194,-0.003633273,-0.1529192,0.988232,0,0,0,0,0,0,0,-1.008988,0.6721041,3.338877,1.251509,-0.3271564,-3.308258,0.04590365,-0.03381284,0.01734442,0.9982229,5.325691,356.2043,1.814264,0.3510371,-0.09178971,-0.9318508,0,0,0,1.204624,-0.4247886,-2.482816,0.007209685,-0.02071429,0.8322279,0.9971117,0.03152293,0.06909783,-0.03773145,0.9951841,0.09047121,-0.06591314,-0.09281706,0.9934991,moving,-0.2106492,-8.796193,0.4963474,-1.425807
05/15/2023 14:23:45.561552,4306,True,True,True,True,Eyes,1.242943,-0.3272537,-3.30314,-0.005622983,-0.1537854,0.9880883,0,0,0,0,0,0,0,-1.001451,0.677088,3.339981,1.251243,-0.3271537,-3.3082,0.04655194,-0.03483462,0.01766856,0.9981519,5.403135,356.0895,1.843611,0.3510025,-0.09184121,-0.9318588,0,0,0,1.201319,-0.4270548,-2.482567,0.005800985,-0.02177161,0.8328477,0.9969488,0.03202858,0.07118551,-0.03851506,0.9950415,0.09170086,-0.06789547,-0.09416277,0.9932389,moving,-0.3260536,-8.846502,0.3990725,-1.497437
05/15/2023 14:23:45.571420,4307,True,True,True,True,Eyes,1.242864,-0.3273369,-3.303085,-0.00762918,-0.1546596,0.9879383,0,0,0,0,0,0,0,-0.9928308,0.6812949,3.341603,1.251084,-0.3273057,-3.308149,0.04703894,-0.03602353,0.01805432,0.99808,5.462717,355.9555,1.879596,0.3509701,-0.09189007,-0.9318662,0,0,0,1.197883,-0.4294102,-2.482308,0.004425511,-0.02301853,0.8334985,0.9967527,0.03265028,0.07360724,-0.03942831,0.9949228,0.09259647,-0.07021022,-0.09519798,0.9929793,moving,-0.4424478,-8.897316,0.3042126,-1.581922
05/15/2023 14:23:45.591831,4308,True,True,True,True,Eyes,1.242781,-0.3274217,-3.303032,-0.009766114,-0.1556242,0.9877681,0,0,0,0,0,0,0,-0.9836975,0.6853498,3.343249,1.250803,-0.3273673,-3.308021,0.04754904,-0.03728428,0.01835155,0.9980043,5.524807,355.8129,1.904781,0.3509394,-0.09193659,-0.9318733,0,0,0,1.194713,-0.4315832,-2.482069,0.003563587,-0.02416158,0.8340306,0.9965463,0.03308418,0.07616492,-0.0401755,0.9948046,0.09353982,-0.07267453,-0.09627672,0.992698,moving,-0.5664679,-8.953431,0.2448078,-1.659375
05/15/2023 14:23:45.612101,4309,True,True,True,True,Eyes,1.242685,-0.3275061,-3.302977,-0.01192805,-0.1565967,0.9875906,0,0,0,0,0,0,0,-0.9741064,0.6896504,3.345051,1.250626,-0.3274869,-3.307952,0.04812787,-0.03864445,0.01852619,0.9979214,5.59451,355.6582,1.914883,0.3509101,-0.09198103,-0.9318799,0,0,0,1.191224,-0.4339746,-2.481806,0.002467029,-0.02533073,0.834709,0.9963268,0.03325562,0.07891149,-0.04069512,0.9946809,0.09462377,-0.07534499,-0.09748751,0.9923806,moving,-0.6919805,-9.010056,0.1693404,-1.738209
05/15/2023 14:23:45.621878,4310,True,True,True,True,Eyes,1.242576,-0.3275924,-3.302927,-0.0140978,-0.1576745,0.9873905,0,0,0,0,0,0,0,-0.9639761,0.6936202,3.34691,1.250266,-0.3275547,-3.307825,0.04868567,-0.04006644,0.01864432,0.9978362,5.661704,355.4961,1.918042,0.3508818,-0.09202361,-0.9318864,0,0,0,1.187942,-0.4362248,-2.481558,0.001867145,-0.02647108,0.8352878,0.9960942,0.03330662,0.08177489,-0.04110927,0.9945642,0.09566662,-0.07814404,-0.09865466,0.9920487,moving,-0.818004,-9.072848,0.1280749,-1.815151
05/15/2023 14:23:45.642026,4311,True,True,True,True,Eyes,1.242455,-0.3276753,-3.302878,-0.01629529,-0.1587694,0.9871812,0,0,0,0,0,0,0,-0.9537539,0.6981077,3.34883,1.250075,-0.3276699,-3.307811,0.0493262,-0.04152997,0.0187197,0.9977434,5.738286,355.329,1.915489,0.3508541,-0.09206457,-0.9318929,0,0,0,1.184579,-0.4385299,-2.481304,0.001109838,-0.02746013,0.8360243,0.9958497,0.03325787,0.08471926,-0.04145193,0.994433,0.09687492,-0.08102577,-0.09998463,0.9916844,moving,-0.9456891,-9.136701,0.0760612,-1.881266
05/15/2023 14:23:45.661729,4312,True,True,True,True,Eyes,1.24232,-0.3277638,-3.302834,-0.0185505,-0.1599476,0.9869512,0,0,0,0,0,0,0,-0.9427321,0.70359,3.350583,1.249683,-0.3276553,-3.307737,0.05005111,-0.04303914,0.01906119,0.9976369,5.825923,355.1583,1.942646,0.3508265,-0.09210397,-0.9318994,0,0,0,1.181298,-0.440779,-2.481057,0.0006719604,-0.0283787,0.8367007,0.9955686,0.03372397,0.08778292,-0.0423406,0.9942631,0.09822489,-0.0839668,-0.1015064,0.991285,moving,-1.076791,-9.205452,0.04601465,-1.942579
05/15/2023 14:23:45.671555,4313,True,True,True,True,Eyes,1.242176,-0.3278552,-3.302791,-0.02084711,-0.1611334,0.9867125,0,0,0,0,0,0,0,-0.9307191,0.7071138,3.353115,1.249466,-0.3278577,-3.307714,0.05045874,-0.04472677,0.01936744,0.9975362,5.877464,354.9664,1.965978,0.3507986,-0.09214215,-0.9319062,0,0,0,1.177818,-0.4431647,-2.480794,0.0001616403,-0.02972914,0.8374611,0.9952489,0.03412573,0.09118766,-0.04315315,0.9941576,0.09893634,-0.08727863,-0.1024013,0.9909068,moving,-1.210356,-9.274725,0.01105879,-2.033096
05/15/2023 14:23:45.691817,4314,True,True,True,True,Eyes,1.242,-0.3279545,-3.302752,-0.02312404,-0.1624298,0.9864491,0,0,0,0,0,0,0,-0.9181342,0.7123525,3.355295,1.24912,-0.3280029,-3.307648,0.05110584,-0.0464608,0.01976747,0.9974161,5.957136,354.7701,1.998439,0.3507703,-0.09217931,-0.9319132,0,0,0,1.174647,-0.4453383,-2.480555,0.0001641065,-0.03053948,0.8381312,0.9949013,0.03468396,0.09470198,-0.04418163,0.9939949,0.1001107,-0.09066103,-0.1037844,0.9904592,moving,-1.342864,-9.350483,0.01121854,-2.086797
05/15/2023 14:23:45.711596,4315,True,True,True,True,Eyes,1.241815,-0.328044,-3.302714,-0.02543917,-0.1637628,0.9861717,0,0,0,0,0,0,0,-0.9060376,0.7180931,3.357215,1.248943,-0.3282369,-3.307546,0.0518374,-0.04815556,0.02010054,0.9972913,6.046173,354.5779,2.022732,0.3507407,-0.09221578,-0.9319208,0,0,0,1.171263,-0.4476581,-2.4803,-0.0002679899,-0.03124988,0.8388409,0.994554,0.03509966,0.09813416,-0.04508469,0.9938177,0.1014581,-0.09396632,-0.1053299,0.9899878,moving,-1.477667,-9.42845,-0.01830465,-2.13349
05/15/2023 14:23:45.721707,4316,True,True,True,True,Eyes,1.241626,-0.3281292,-3.302677,-0.02791303,-0.1651314,0.9858764,0,0,0,0,0,0,0,-0.893332,0.7259567,3.358726,1.248574,-0.328069,-3.307495,0.05290742,-0.04988521,0.02056925,0.9971405,6.174937,354.3831,2.060276,0.3507097,-0.09225137,-0.9319289,0,0,0,1.167522,-0.4502224,-2.480018,-0.0008230507,-0.03200261,0.8397533,0.9941767,0.03574226,0.1016617,-0.04629946,0.9935554,0.10346,-0.0973086,-0.1075644,0.9894245,moving,-1.621777,-9.508611,-0.05615615,-2.182459
05/15/2023 14:23:45.741747,4317,True,True,True,True,Eyes,1.241426,-0.3282114,-3.302637,-0.03042844,-0.1664716,0.9855766,0,0,0,0,0,0,0,-0.8810138,0.7299188,3.360957,1.248406,-0.3280245,-3.307398,0.05341815,-0.05161626,0.02089057,0.9970185,6.238904,354.1864,2.083586,0.3506774,-0.09228604,-0.9319376,0,0,0,1.16462,-0.4522122,-2.479799,-0.0007272884,-0.03304911,0.840399,0.9937987,0.03614209,0.1051566,-0.04717107,0.9934202,0.1043612,-0.1006929,-0.1086744,0.9889646,moving,-1.768374,-9.587216,-0.04958424,-2.252025
05/15/2023 14:23:45.761586,4318,True,True,True,True,Eyes,1.241223,-0.3282971,-3.302596,-0.03305836,-0.1678334,0.985261,0,0,0,0,0,0,0,-0.8686115,0.7316778,3.363168,1.247852,-0.3279074,-3.306974,0.05375596,-0.05338103,0.02077179,0.9969098,6.280577,353.9827,2.056875,0.3506438,-0.09231982,-0.9319469,0,0,0,1.161253,-0.45452,-2.479545,-0.0006345361,-0.03483929,0.8408067,0.993438,0.0356761,0.1086654,-0.0471543,0.9933577,0.1049621,-0.1041989,-0.1093973,0.9885215,moving,-1.921718,-9.667205,-0.04323971,-2.372725
05/15/2023 14:23:45.781524,4319,True,True,True,True,Eyes,1.241005,-0.3283779,-3.302547,-0.03572503,-0.1691907,0.9849356,0,0,0,0,0,0,0,-0.8568381,0.7343498,3.365413,1.247584,-0.3280672,-3.306864,0.05418483,-0.05508785,0.02064455,0.9967965,6.332438,353.7858,2.028866,0.3506087,-0.09235292,-0.9319568,0,0,0,1.157745,-0.4569246,-2.47928,-0.001012273,-0.03624174,0.8415793,0.9930783,0.03518698,0.11206,-0.04712668,0.9932756,0.105748,-0.1075855,-0.110297,0.9880586,moving,-2.07729,-9.747049,-0.0689168,-2.46586
05/15/2023 14:23:45.791472,4320,True,True,True,True,Eyes,1.240796,-0.3284688,-3.3025,-0.03854128,-0.1705868,0.9845886,0,0,0,0,0,0,0,-0.84381,0.7382708,3.367672,1.247183,-0.3281505,-3.30683,0.05474243,-0.05691898,0.02074254,0.9966611,6.400671,353.576,2.02497,0.3505721,-0.09238528,-0.9319674,0,0,0,1.154356,-0.459248,-2.479024,-0.0009480566,-0.03740755,0.8424169,0.9926599,0.03511479,0.1157289,-0.04757832,0.993146,0.106758,-0.1111869,-0.1114806,0.987527,moving,-2.241673,-9.829315,-0.06448069,-2.542551
05/15/2023 14:23:45.812489,4321,True,True,True,True,Eyes,1.240579,-0.328554,-3.302454,-0.04137428,-0.1720108,0.9842259,0,0,0,0,0,0,0,-0.8307196,0.7445801,3.369451,1.246976,-0.3284679,-3.306789,0.05551352,-0.05872442,0.02119462,0.9965042,6.495674,353.3718,2.060333,0.3505344,-0.09241726,-0.9319785,0,0,0,1.150946,-0.4615855,-2.478767,-0.001177497,-0.03794482,0.8432798,0.9922044,0.03572106,0.1193915,-0.04876105,0.992938,0.1081496,-0.1146851,-0.1131282,0.9869394,moving,-2.407147,-9.913324,-0.08000378,-2.576384
05/15/2023 14:23:45.827394,4322,True,True,True,True,Eyes,1.240363,-0.3286432,-3.302405,-0.04426902,-0.173481,0.9838418,0,0,0,0,0,0,0,-0.8179483,0.7520008,3.370708,1.246589,-0.3283939,-3.30672,0.05651994,-0.06045825,0.02162539,0.9963347,6.617492,353.176,2.091831,0.3504954,-0.09244873,-0.93199,0,0,0,1.147606,-0.463875,-2.478515,-0.001277603,-0.03843559,0.844154,0.9917543,0.03625805,0.1229178,-0.04992643,0.9926757,0.1100107,-0.1180287,-0.1152404,0.9863006,moving,-2.576347,-10.00018,-0.08671547,-2.606962
05/15/2023 14:23:45.841550,4323,True,True,True,True,Eyes,1.240141,-0.3287285,-3.302356,-0.04716549,-0.1749613,0.983445,0,0,0,0,0,0,0,-0.805954,0.7585888,3.371921,1.246389,-0.3285516,-3.306575,0.0573829,-0.06211407,0.02200457,0.9961752,6.722482,352.9886,2.118501,0.3504553,-0.09247988,-0.9320019,0,0,0,1.144386,-0.4660829,-2.478272,-0.001570247,-0.03886038,0.8449214,0.9913152,0.03671225,0.1262783,-0.0509694,0.992446,0.1115933,-0.1212276,-0.1170604,0.985698,moving,-2.745771,-10.08775,-0.1064814,-2.633343
05/15/2023 14:23:45.861604,4324,True,True,True,True,Eyes,1.239919,-0.3288092,-3.302303,-0.05005964,-0.1764481,0.9830362,0,0,0,0,0,0,0,-0.7938226,0.7651505,3.373082,1.246046,-0.3285203,-3.306468,0.0581948,-0.0637265,0.02263576,0.996012,6.823455,352.8079,2.174474,0.3504142,-0.09251061,-0.9320144,0,0,0,1.141303,-0.4681957,-2.47804,-0.00169991,-0.03944051,0.8457037,0.9908531,0.03767387,0.1295793,-0.05250807,0.992202,0.1130404,-0.1243102,-0.1188104,0.9851046,moving,-2.915183,-10.17583,-0.1151674,-2.67013
05/15/2023 14:23:45.871399,4325,True,True,True,True,Eyes,1.239653,-0.3288858,-3.302253,-0.05288868,-0.1781682,0.9825777,0,0,0,0,0,0,0,-0.7818603,0.7716068,3.374128,1.245823,-0.3284671,-3.306275,0.05895583,-0.06530937,0.02340134,0.9958471,6.919726,352.6315,2.246172,0.350372,-0.09254086,-0.9320273,0,0,0,1.137981,-0.4704732,-2.477789,-0.002276689,-0.04025651,0.846498,0.9903741,0.03890758,0.1328356,-0.05430905,0.9919532,0.1143653,-0.127317,-0.1204786,0.9845178,moving,-3.081056,-10.27762,-0.1540988,-2.722737
05/15/2023 14:23:45.891731,4326,True,True,True,True,Eyes,1.239345,-0.3289658,-3.302207,-0.05572935,-0.1800766,0.9820727,0,0,0,0,0,0,0,-0.7689701,0.7738782,3.376182,1.245342,-0.3283627,-3.306071,0.05913829,-0.0670175,0.02404102,0.9957075,6.949312,352.4389,2.306474,0.3503278,-0.0925706,-0.9320409,0,0,0,1.134541,-0.4728313,-2.47753,-0.002515733,-0.04220164,0.8472551,0.9898613,0.03994905,0.1363031,-0.05580225,0.9918494,0.1145465,-0.1306162,-0.1209912,0.9840227,moving,-3.247861,-10.39055,-0.1701264,-2.851537
05/15/2023 14:23:45.911606,4327,True,True,True,True,Eyes,1.239037,-0.3290449,-3.302161,-0.05859688,-0.1819464,0.981561,0,0,0,0,0,0,0,-0.7554631,0.7760108,3.378486,1.245114,-0.3284296,-3.305891,0.05929512,-0.06886084,0.02461403,0.9955583,6.97599,352.2303,2.358261,0.3502809,-0.09259999,-0.9320557,0,0,0,1.131264,-0.4750777,-2.477283,-0.002592862,-0.04391031,0.8480117,0.9893046,0.04084318,0.1400289,-0.05717563,0.9917565,0.1146736,-0.134191,-0.1214534,0.9834846,moving,-3.416368,-10.5014,-0.1751858,-2.964146
05/15/2023 14:23:45.921668,4328,True,True,True,True,Eyes,1.23873,-0.3291339,-3.302114,-0.0616077,-0.1840136,0.9809911,0,0,0,0,0,0,0,-0.7417327,0.7795659,3.380476,1.244814,-0.3284342,-3.305764,0.05971749,-0.07074301,0.02505182,0.9953903,7.032301,352.0166,2.392076,0.3502313,-0.09262906,-0.9320714,0,0,0,1.127677,-0.4775371,-2.477012,-0.002798222,-0.04543236,0.8489472,0.9887357,0.0414235,0.1438258,-0.05832187,0.9916124,0.1153399,-0.1378417,-0.1224289,0.9828585,moving,-3.593541,-10.62405,-0.1888524,-3.063325
05/15/2023 14:23:45.942113,4329,True,True,True,True,Eyes,1.238422,-0.3292289,-3.302071,-0.06461325,-0.1861304,0.9803982,0,0,0,0,0,0,0,-0.7299579,0.7859971,3.381366,1.244696,-0.3287112,-3.305593,0.06060271,-0.07239976,0.02524435,0.9952127,7.13921,351.8278,2.39542,0.3501794,-0.09265811,-0.932088,0,0,0,1.124491,-0.479721,-2.476772,-0.003080592,-0.04566622,0.8497668,0.988242,0.04147175,0.1471661,-0.05902224,0.9913801,0.1169698,-0.1410466,-0.1242805,0.9821712,moving,-3.770632,-10.74977,-0.2077089,-3.0761
05/15/2023 14:23:45.961547,4330,True,True,True,True,Eyes,1.238133,-0.3293231,-3.302022,-0.06780406,-0.1884895,0.9797317,0,0,0,0,0,0,0,-0.7186858,0.7973289,3.381049,1.244381,-0.3289707,-3.305605,0.06223869,-0.07394809,0.02539144,0.9949942,7.331479,351.6522,2.387887,0.3501254,-0.0926873,-0.9321054,0,0,0,1.121013,-0.482105,-2.476509,-0.003560841,-0.04480768,0.8509112,0.9877739,0.0413238,0.1503165,-0.05973354,0.9909633,0.120099,-0.1439952,-0.1276096,0.981316,moving,-3.958943,-10.89002,-0.2397665,-3.014324
05/15/2023 14:23:45.971963,4331,True,True,True,True,Eyes,1.23785,-0.3294233,-3.301977,-0.07096516,-0.1909126,0.9790384,0,0,0,0,0,0,0,-0.7090419,0.8127156,3.379157,1.244056,-0.329019,-3.305452,0.06454311,-0.07526912,0.02545195,0.9947467,7.599029,351.5029,2.366004,0.35007,-0.0927166,-0.9321232,0,0,0,1.117757,-0.484337,-2.476264,-0.004167266,-0.04290272,0.851922,0.9873735,0.04092029,0.1530329,-0.06035269,0.9903728,0.1245766,-0.1464619,-0.1322396,0.9803376,moving,-4.145808,-11.03421,-0.2802661,-2.882975
05/15/2023 14:23:46.012152,4332,True,True,True,True,Eyes,1.237593,-0.3295243,-3.301931,-0.07427213,-0.1935519,0.9782746,0,0,0,0,0,0,0,-0.6996447,0.8261588,3.377813,1.243895,-0.3292443,-3.305448,0.06654848,-0.07659148,0.02543171,0.9945142,7.83163,351.3522,2.33663,0.3500134,-0.09274614,-0.9321415,0,0,0,1.114394,-0.4866426,-2.47601,-0.005005635,-0.04137085,0.8530978,0.9869739,0.0403903,0.1557275,-0.06077848,0.989849,0.1284711,-0.1489577,-0.1362625,0.9794101,moving,-4.341656,-11.19145,-0.3361848,-2.776375
05/15/2023 14:23:46.022299,4333,True,True,True,True,Eyes,1.237364,-0.3296189,-3.301876,-0.07766338,-0.196232,0.9774771,0,0,0,0,0,0,0,-0.6926961,0.8457701,3.374334,1.243655,-0.3293349,-3.305472,0.06948721,-0.07752728,0.02545998,0.9942399,8.170632,351.2474,2.30741,0.3499565,-0.0927759,-0.93216,0,0,0,1.110975,-0.4889864,-2.475752,-0.006429419,-0.03838595,0.8544081,0.9866827,0.03985235,0.1576997,-0.06140096,0.9890466,0.1342262,-0.1506231,-0.1421216,0.9783221,moving,-4.542772,-11.35144,-0.4311424,-2.572395
05/15/2023 14:23:46.041977,4334,True,True,True,True,Eyes,1.237138,-0.3297156,-3.30182,-0.08100403,-0.1989049,0.9766653,0,0,0,0,0,0,0,-0.6844001,0.8571033,3.372871,1.243323,-0.3292768,-3.3053,0.0712397,-0.07868564,0.0253785,0.9940269,8.373312,351.1144,2.273266,0.3499,-0.09280568,-0.9321782,0,0,0,1.104255,-0.4935929,-2.475245,-0.01076768,-0.03961675,0.8565313,0.986329,0.03924274,0.1600472,-0.06166491,0.9885617,0.1376345,-0.1528154,-0.1456222,0.9774669,moving,-4.741226,-11.51127,-0.7202426,-2.648188
05/15/2023 14:23:46.061723,4335,True,True,True,True,Eyes,1.236927,-0.3298157,-3.301759,-0.08440135,-0.2015384,0.9758374,0,0,0,0,0,0,0,-0.6765454,0.8655406,3.372149,1.243184,-0.3294119,-3.305185,0.07252526,-0.07981156,0.02529213,0.9938464,8.522346,350.9844,2.24246,0.3498439,-0.09283552,-0.9321963,0,0,0,1.101005,-0.4958208,-2.475,-0.01187801,-0.03932555,0.8575701,0.9859809,0.03869627,0.1623095,-0.06184969,0.9882008,0.1401207,-0.1549722,-0.1481951,0.9767404,moving,-4.943279,-11.66916,-0.7935405,-2.625571
05/15/2023 14:23:46.079748,4336,True,True,True,True,Eyes,1.236721,-0.3299271,-3.301701,-0.08773972,-0.2041817,0.9749931,0,0,0,0,0,0,0,-0.66856,0.8737879,3.371402,1.24292,-0.3295834,-3.305049,0.07373574,-0.080913,0.02535451,0.9936666,8.664046,350.8584,2.229333,0.3497887,-0.09286553,-0.932214,0,0,0,1.097527,-0.4982049,-2.474738,-0.01316762,-0.03924522,0.858648,0.9856205,0.0384555,0.1645402,-0.06232022,0.9878404,0.1424345,-0.157062,-0.1506405,0.9760322,moving,-5.142201,-11.82787,-0.8785788,-2.61693
05/15/2023 14:23:46.091433,4337,True,True,True,True,Eyes,1.236543,-0.3300377,-3.301634,-0.09126045,-0.2067812,0.9741217,0,0,0,0,0,0,0,-0.660702,0.884118,3.370238,1.242832,-0.3299434,-3.305027,0.0751974,-0.08199449,0.02552614,0.9934641,8.835485,350.7357,2.226389,0.3497344,-0.092896,-0.9322313,0,0,0,1.094343,-0.5003877,-2.474497,-0.01434591,-0.03831808,0.8597705,0.9852507,0.03838706,0.1667561,-0.06305015,0.9873875,0.1452258,-0.1590782,-0.1535978,0.9752446,moving,-5.352125,-11.98454,-0.9559343,-2.551858
05/15/2023 14:23:46.112404,4338,True,True,True,True,Eyes,1.236367,-0.3301556,-3.301569,-0.09470694,-0.2094108,0.9732305,0,0,0,0,0,0,0,-0.6538149,0.8963585,3.3681,1.242591,-0.3300377,-3.304856,0.07701536,-0.08292954,0.02561432,0.9932448,9.046651,350.6295,2.21153,0.3496816,-0.09292684,-0.9322481,0,0,0,1.091006,-0.5026752,-2.474246,-0.01576898,-0.03716733,0.8608514,0.9849332,0.03810888,0.168684,-0.06365627,0.9868251,0.1487418,-0.1607933,-0.1572386,0.9743826,moving,-5.558063,-12.14323,-1.04942,-2.472214
05/15/2023 14:23:46.122086,4339,True,True,True,True,Eyes,1.236203,-0.3302709,-3.301503,-0.09818677,-0.2120229,0.9723197,0,0,0,0,0,0,0,-0.6469122,0.9081801,3.36621,1.242485,-0.3303075,-3.304813,0.07873458,-0.0838793,0.02572416,0.9930274,9.246755,350.5215,2.199547,0.3496302,-0.09295821,-0.9322642,0,0,0,1.087564,-0.505035,-2.473986,-0.01738298,-0.03603695,0.8620915,0.9846051,0.03788118,0.1706396,-0.06429799,0.9862782,0.1520558,-0.1625381,-0.1606867,0.9735302,moving,-5.766294,-12.30129,-1.15514,-2.393672
05/15/2023 14:23:46.142035,4340,True,True,True,True,Eyes,1.23604,-0.3303859,-3.301438,-0.1016125,-0.2146631,0.971388,0,0,0,0,0,0,0,-0.638638,0.9209839,3.364156,1.242226,-0.3303439,-3.304749,0.08063518,-0.08500311,0.02585246,0.992776,9.468214,350.3934,2.185936,0.3495803,-0.09299,-0.9322798,0,0,0,1.084163,-0.5073659,-2.47373,-0.01850447,-0.03480475,0.8633422,0.9842122,0.03762292,0.1729473,-0.06503988,0.9856592,0.1557103,-0.1646089,-0.1645004,0.9725448,moving,-5.971732,-12.46129,-1.227863,-2.30857
05/15/2023 14:23:46.162189,4341,True,True,True,True,Eyes,1.235872,-0.3304986,-3.301372,-0.1049819,-0.2173014,0.9704426,0,0,0,0,0,0,0,-0.6306342,0.932212,3.362467,1.242112,-0.3304342,-3.304674,0.08235097,-0.08615231,0.02576008,0.9925384,9.666418,350.2599,2.147857,0.3495319,-0.09302212,-0.9322947,0,0,0,1.08096,-0.5095616,-2.473488,-0.0194888,-0.03374551,0.8645279,0.9838284,0.03694629,0.1752617,-0.06532519,0.9851094,0.1590344,-0.1667762,-0.1679116,0.9715922,moving,-6.174212,-12.62147,-1.291383,-2.235317
05/15/2023 14:23:46.171760,4342,True,True,True,True,Eyes,1.235698,-0.3306183,-3.301309,-0.1083802,-0.2199802,0.9694651,0,0,0,0,0,0,0,-0.6233265,0.9407988,3.361216,1.241829,-0.3304833,-3.30455,0.08371319,-0.087207,0.02553499,0.9923382,9.822546,350.1358,2.098336,0.3494847,-0.09305452,-0.9323092,0,0,0,1.077533,-0.5119107,-2.473229,-0.02069095,-0.03350654,0.8657092,0.9834858,0.03607795,0.1773529,-0.06527945,0.9846801,0.1616899,-0.1688024,-0.1705973,0.9707741,moving,-6.378829,-12.78444,-1.369141,-2.216478
05/15/2023 14:23:46.192011,4343,True,True,True,True,Eyes,1.231902,-0.3334803,-3.299585,-0.195265,-0.2851886,0.9383704,0,0,0,0,0,0,0,-0.6160257,0.9497784,3.359944,1.241718,-0.3307359,-3.304473,0.08504733,-0.08824633,0.02550512,0.9921336,9.977304,350.0151,2.07143,0.3494384,-0.09308733,-0.9323233,0,0,0,1.074279,-0.5141418,-2.472984,-0.02193774,-0.03295065,0.8668794,0.9831241,0.03559874,0.1794426,-0.06561921,0.9842329,0.1642551,-0.170766,-0.1732581,0.9699591,moving,-11.7549,-16.90502,-1.44965,-2.176802
05/15/2023 14:23:46.212053,4344,True,True,True,True,Eyes,1.231895,-0.3334851,-3.299582,-0.1953399,-0.2852771,0.938328,0,0,0,0,0,0,0,-0.6086288,0.9585841,3.35857,1.241429,-0.3307466,-3.304355,0.08640448,-0.08928397,0.0254378,0.9919252,10.13429,349.8941,2.039645,0.3493156,-0.0932048,-0.9323574,0,0,0,1.07088,-0.5164718,-2.472728,-0.02315739,-0.03269891,0.86809,0.9827626,0.03503571,0.1815219,-0.06589385,0.9837744,0.1668712,-0.1727301,-0.1759559,0.9691253,moving,-11.7598,-16.91069,-1.528074,-2.157178
05/15/2023 14:23:46.221998,4345,True,True,True,True,Eyes,1.231884,-0.3334878,-3.299574,-0.1954374,-0.2854373,0.9382589,0,0,0,0,0,0,0,-0.6015354,0.9661428,3.357544,1.241288,-0.3308558,-3.304257,0.0875522,-0.09029681,0.02538523,0.9917342,10.26735,349.7759,2.011582,0.349205,-0.09331066,-0.9323882,0,0,0,1.067526,-0.5187712,-2.472475,-0.02452467,-0.03266414,0.8693099,0.9824042,0.03453942,0.1835459,-0.06616216,0.9833804,0.1690726,-0.1746558,-0.1782414,0.9683622,moving,-11.76635,-16.92082,-1.61598,-2.151864
05/15/2023 14:23:46.241630,4346,True,True,True,True,Eyes,1.231864,-0.3334955,-3.299562,-0.1956251,-0.2856421,0.9381574,0,0,0,0,0,0,0,-0.5930471,0.9730249,3.356804,1.240961,-0.3308135,-3.304118,0.08860483,-0.09147532,0.0253998,0.9915323,10.3905,349.639,1.990204,0.3491052,-0.09340604,-0.932416,0,0,0,1.064157,-0.5210805,-2.47222,-0.02546418,-0.03295611,0.870506,0.9819742,0.03415912,0.1859026,-0.06657974,0.9830081,0.1710622,-0.1769004,-0.180356,0.967563,moving,-11.77857,-16.93399,-1.675547,-2.168101
05/15/2023 14:23:46.261792,4347,True,True,True,True,Eyes,1.231837,-0.3335023,-3.299549,-0.196031,-0.285888,0.9379978,0,0,0,0,0,0,0,-0.5842411,0.9773775,3.356888,1.240777,-0.3309345,-3.303976,0.08925388,-0.0927262,0.02539614,0.991358,10.46733,349.4933,1.969816,0.349015,-0.09349215,-0.9324411,0,0,0,1.06087,-0.523334,-2.471972,-0.02635011,-0.0337321,0.8716543,0.9815138,0.03380098,0.1883831,-0.06690568,0.9827776,0.1722553,-0.1793163,-0.1816749,0.9668711,moving,-11.80428,-16.95045,-1.731524,-2.21618
05/15/2023 14:23:46.271492,4348,True,True,True,True,Eyes,1.231803,-0.3335123,-3.299534,-0.1965198,-0.2861923,0.9378027,0,0,0,0,0,0,0,-0.57475,0.9819594,3.357016,1.240451,-0.3309296,-3.303922,0.08994678,-0.0940472,0.02542487,0.9911702,10.54965,349.3396,1.951754,0.3489333,-0.09356989,-0.9324638,0,0,0,1.057522,-0.5256287,-2.47172,-0.02701838,-0.03457616,0.8729298,0.9810174,0.03348225,0.1910074,-0.06731923,0.9825262,0.1735229,-0.1818598,-0.1830874,0.9661294,moving,-11.83527,-16.97079,-1.772818,-2.268262
05/15/2023 14:23:46.291445,4349,True,True,True,True,Eyes,1.231761,-0.3335162,-3.29951,-0.1973367,-0.2864669,0.9375473,0,0,0,0,0,0,0,-0.5650284,0.9878753,3.35679,1.240291,-0.3310058,-3.303833,0.09079937,-0.09540278,0.02556374,0.9909593,10.65149,349.183,1.944118,0.348859,-0.09364021,-0.9324846,0,0,0,1.054081,-0.5279879,-2.47146,-0.02789474,-0.03508502,0.8742486,0.9804896,0.03334022,0.1937229,-0.06799027,0.982204,0.1750792,-0.1844382,-0.1848346,0.9653076,moving,-11.88622,-16.9905,-1.827522,-2.29814
05/15/2023 14:23:46.311712,4350,True,True,True,True,Eyes,1.231713,-0.3335234,-3.299484,-0.1982282,-0.2867465,0.9372737,0,0,0,0,0,0,0,-0.5555595,0.9907827,3.357119,1.239937,-0.3308802,-3.303576,0.09125239,-0.09671633,0.02563065,0.9907886,10.7067,349.0305,1.932669,0.3487914,-0.0937037,-0.9325035,0,0,0,1.050827,-0.5302181,-2.471215,-0.02851249,-0.03642958,0.8753191,0.9799781,0.03313793,0.1963286,-0.0684403,0.9820321,0.1758658,-0.1869732,-0.1857814,0.9646379,moving,-11.94177,-17.0108,-1.865683,-2.383196
05/15/2023 14:23:46.321715,4351,True,True,True,True,Eyes,1.231631,-0.3335271,-3.299461,-0.1991774,-0.2870251,0.9369872,0,0,0,0,0,0,0,-0.5452858,0.9921467,3.358219,1.239755,-0.3309624,-3.303452,0.09141552,-0.09815234,0.0257741,0.9906287,10.72978,348.8645,1.931761,0.3487296,-0.09376116,-0.9325209,0,0,0,1.047428,-0.5325481,-2.470958,-0.0292277,-0.03810881,0.8765649,0.9794036,0.03311984,0.1991773,-0.06901043,0.9819577,0.1760581,-0.1897527,-0.1861772,0.9640187,moving,-12.00086,-17.03128,-1.909732,-2.489377
05/15/2023 14:23:46.341977,4352,True,True,True,True,Eyes,1.231541,-0.3335271,-3.299434,-0.2002021,-0.2873149,0.93668,0,0,0,0,0,0,0,-0.5341836,0.9942998,3.359105,1.239373,-0.3308723,-3.303339,0.0917126,-0.0996687,0.02596931,0.9904447,10.76896,348.6897,1.93439,0.3486721,-0.09381311,-0.9325371,0,0,0,1.044166,-0.5347846,-2.470712,-0.02947338,-0.03964107,0.8777893,0.9787835,0.03316059,0.2021961,-0.06972408,0.9818288,0.1764959,-0.1926692,-0.1868492,0.9633099,moving,-12.06464,-17.05274,-1.923088,-2.585727
05/15/2023 14:23:46.361881,4353,True,True,True,True,Eyes,1.231417,-0.3335231,-3.299405,-0.2012599,-0.287601,0.9363654,0,0,0,0,0,0,0,-0.5236429,0.9959073,3.36004,1.239131,-0.3307822,-3.303187,0.09197664,-0.1011616,0.02597684,0.9902687,10.80219,348.5154,1.91584,0.3486183,-0.09386002,-0.9325525,0,0,0,1.040819,-0.5370789,-2.47046,-0.02994099,-0.04131916,0.8790427,0.9781831,0.03283909,0.2051328,-0.07005709,0.981731,0.1769074,-0.1955757,-0.1874188,0.9626132,moving,-12.13045,-17.07414,-1.950792,-2.691192
05/15/2023 14:23:46.371651,4354,True,True,True,True,Eyes,1.231288,-0.3335221,-3.299373,-0.2024003,-0.2878639,0.9360388,0,0,0,0,0,0,0,-0.5124996,0.9955919,3.361445,1.238765,-0.3306703,-3.302922,0.09194391,-0.102718,0.02603683,0.9901098,10.80214,348.3344,1.905974,0.3485671,-0.0939023,-0.9325674,0,0,0,1.037243,-0.5395299,-2.47019,-0.03045122,-0.04368797,0.8802497,0.9775422,0.03267005,0.2081921,-0.07044724,0.9817368,0.1767202,-0.1986164,-0.187418,0.9619907,moving,-12.20126,-17.09445,-1.981291,-2.841335
05/15/2023 14:23:46.391692,4355,True,True,True,True,Eyes,1.23113,-0.3335178,-3.29934,-0.2036949,-0.2881252,0.9356774,0,0,0,0,0,0,0,-0.5009454,0.9944202,3.363305,1.238517,-0.330745,-3.302775,0.09175276,-0.1043482,0.02608732,0.9899557,10.78398,348.1447,1.896059,0.3485182,-0.09394053,-0.9325819,0,0,0,1.034117,-0.5416728,-2.469954,-0.03047833,-0.04586013,0.8813778,0.9768618,0.03250211,0.2113874,-0.07079905,0.9818018,0.176218,-0.201813,-0.1871067,0.9613858,moving,-12.28154,-17.11529,-1.980517,-2.978546
05/15/2023 14:23:46.412178,4356,True,True,True,True,Eyes,1.230969,-0.3335204,-3.299308,-0.2050699,-0.2884175,0.935287,0,0,0,0,0,0,0,-0.4894339,0.9941819,3.364688,1.238086,-0.330654,-3.302557,0.09174954,-0.1059611,0.02606824,0.9897852,10.78646,347.9561,1.876119,0.3484705,-0.09397504,-0.9325963,0,0,0,1.030778,-0.5439621,-2.469702,-0.03054996,-0.04803239,0.8825431,0.9761854,0.03216016,0.2145409,-0.07104769,0.981805,0.1761003,-0.2049739,-0.1871491,0.9607086,moving,-12.36691,-17.13836,-1.982549,-3.115248
05/15/2023 14:23:46.422194,4357,True,True,True,True,Eyes,1.230763,-0.3335194,-3.299282,-0.2064914,-0.2888175,0.9348507,0,0,0,0,0,0,0,-0.4768886,0.9977123,3.365309,1.237852,-0.330821,-3.30249,0.09224968,-0.1077245,0.02613668,0.9895466,10.84786,347.7507,1.858507,0.3484239,-0.09400641,-0.9326106,0,0,0,1.02734,-0.5463188,-2.469443,-0.03058229,-0.0490637,0.8839561,0.9754246,0.03185184,0.2180189,-0.07160202,0.9816138,0.1769396,-0.2083745,-0.1882018,0.9597709,moving,-12.4556,-17.16828,-1.981476,-3.176924
05/15/2023 14:23:46.441869,4358,True,True,True,True,Eyes,1.230552,-0.333519,-3.299253,-0.2079938,-0.2892345,0.9343885,0,0,0,0,0,0,0,-0.4644428,1.00187,3.365492,1.23746,-0.3306938,-3.30232,0.09288992,-0.1094522,0.02621678,0.9892949,10.92536,347.5494,1.840681,0.348377,-0.09403487,-0.9326252,0,0,0,1.023781,-0.5487589,-2.469175,-0.03065853,-0.05022986,0.8853701,0.9746658,0.03153824,0.2214315,-0.07220625,0.9813683,0.1780521,-0.2116904,-0.18953,0.9587834,moving,-12.54937,-17.1996,-1.983241,-3.247091
05/15/2023 14:23:46.461658,4359,True,True,True,True,Eyes,1.230304,-0.3335164,-3.299223,-0.2095413,-0.2896935,0.9339005,0,0,0,0,0,0,0,-0.451322,1.004488,3.366234,1.237161,-0.330705,-3.302164,0.09327649,-0.1112896,0.0262968,0.9890513,10.97401,347.3353,1.824524,0.3483299,-0.09406074,-0.9326403,0,0,0,1.020693,-0.5508751,-2.468942,-0.03017259,-0.05141889,0.8865875,0.9738462,0.03125635,0.2250481,-0.07277918,0.981216,0.1786574,-0.2152366,-0.1903636,0.9578282,moving,-12.64614,-17.23376,-1.949153,-3.319231
05/15/2023 14:23:46.472179,4360,True,True,True,True,Eyes,1.230049,-0.3335211,-3.299194,-0.211206,-0.2901525,0.9333829,0,0,0,0,0,0,0,-0.4370048,1.005535,3.367347,1.236659,-0.3306276,-3.301888,0.09344584,-0.113276,0.02637401,0.9888078,10.99802,347.1038,1.808962,0.3482816,-0.09408426,-0.9326559,0,0,0,1.017394,-0.5531371,-2.468693,-0.02947183,-0.05323975,0.887749,0.9729459,0.03098732,0.2289455,-0.07332801,0.9811445,0.1788249,-0.2190873,-0.1907751,0.9568729,moving,-12.75018,-17.26844,-1.901429,-3.43201
05/15/2023 14:23:46.491846,4361,True,True,True,True,Eyes,1.229803,-0.3335268,-3.299157,-0.2130828,-0.2907027,0.9327849,0,0,0,0,0,0,0,-0.419874,1.006982,3.368876,1.236276,-0.3308043,-3.301791,0.09361643,-0.1156617,0.02652289,0.9885116,11.02382,346.8262,1.797053,0.348232,-0.09410585,-0.9326723,0,0,0,1.014078,-0.5554104,-2.468443,-0.02815768,-0.05476548,0.8890989,0.9718378,0.0307807,0.2336318,-0.07409203,0.981065,0.1789464,-0.2236999,-0.1912172,0.9557167,moving,-12.86769,-17.30966,-1.813946,-3.524772
05/15/2023 14:23:46.512391,4362,True,True,True,True,Eyes,1.229551,-0.3335407,-3.299119,-0.2150684,-0.2913101,0.9321395,0,0,0,0,0,0,0,-0.4017854,1.011553,3.369375,1.235798,-0.330847,-3.301621,0.09428954,-0.1181772,0.0266443,0.9881467,11.10696,346.5327,1.773641,0.3481816,-0.09412578,-0.9326891,0,0,0,1.010664,-0.55775,-2.468185,-0.02657826,-0.05561715,0.890498,0.9706485,0.0303712,0.2385774,-0.07494271,0.9807991,0.1800463,-0.2285283,-0.1926413,0.9542873,moving,-12.99224,-17.35495,-1.709572,-3.573837
05/15/2023 14:23:46.531363,4363,True,True,True,True,Eyes,1.229334,-0.3335531,-3.299062,-0.2174432,-0.2919785,0.9313791,0,0,0,0,0,0,0,-0.3838971,1.018303,3.369169,1.235458,-0.3310486,-3.301464,0.09525852,-0.1206729,0.02680028,0.9877478,11.22433,346.2414,1.749953,0.3481304,-0.09414443,-0.9327064,0,0,0,1.007261,-0.5600833,-2.467928,-0.02512266,-0.05575544,0.891949,0.9694396,0.02995358,0.2434947,-0.07593407,0.9804151,0.1817147,-0.2332829,-0.1946509,0.9527277,moving,-13.1411,-17.40571,-1.613368,-3.576886
05/15/2023 14:23:46.541665,4364,True,True,True,True,Eyes,1.229109,-0.3335729,-3.299005,-0.2198967,-0.2927112,0.9305727,0,0,0,0,0,0,0,-0.3661498,1.026292,3.368329,1.23495,-0.3310487,-3.301256,0.0964298,-0.1231102,0.02703485,0.9873268,11.36579,345.9573,1.732568,0.3480793,-0.0941619,-0.9327236,0,0,0,1.003911,-0.5623799,-2.467676,-0.02356584,-0.0556937,0.8933597,0.968226,0.02964148,0.248314,-0.07712746,0.9799408,0.1837589,-0.2378862,-0.197072,0.9510903,moving,-13.29526,-17.46095,-1.511049,-3.567308
05/15/2023 14:23:46.561878,4365,True,True,True,True,Eyes,1.228901,-0.3335951,-3.298939,-0.2222492,-0.2935708,0.9297427,0,0,0,0,0,0,0,-0.3488972,1.034091,3.367498,1.234561,-0.3312383,-3.301099,0.09755494,-0.1255002,0.02721769,0.9869103,11.50115,345.678,1.709707,0.3480283,-0.09417853,-0.932741,0,0,0,1.000549,-0.5646845,-2.467422,-0.02217823,-0.05552092,0.8948193,0.9670178,0.02923652,0.2530253,-0.07820916,0.9794844,0.1857243,-0.2424044,-0.1993876,0.9494655,moving,-13.44392,-17.52376,-1.419794,-3.550484
05/15/2023 14:23:46.571670,4366,True,True,True,True,Eyes,1.228685,-0.3336268,-3.298872,-0.2246753,-0.2945032,0.9288643,0,0,0,0,0,0,0,-0.3309357,1.042188,3.366526,1.234066,-0.3313236,-3.300981,0.09872751,-0.1279624,0.02746356,0.9864706,11.64295,345.3905,1.691884,0.3479778,-0.09419448,-0.9327582,0,0,0,0.9972072,-0.5669752,-2.46717,-0.02053177,-0.05533138,0.8963217,0.9657427,0.02891717,0.2578851,-0.07945081,0.9789972,0.187755,-0.2470395,-0.2018122,0.947757,moving,-13.59763,-17.5916,-1.312228,-3.532478
05/15/2023 14:23:46.591676,4367,True,True,True,True,Eyes,1.228461,-0.3336601,-3.298803,-0.2269088,-0.2955678,0.9279828,0,0,0,0,0,0,0,-0.3134393,1.051543,3.365039,1.233683,-0.3315685,-3.300843,0.1000301,-0.1303395,0.02787013,0.9860167,11.80186,345.1145,1.690979,0.3479276,-0.09421009,-0.9327754,0,0,0,0.9939958,-0.5691766,-2.466928,-0.01903994,-0.05461885,0.8977616,0.9644697,0.02888509,0.2626095,-0.08103656,0.9784344,0.1899975,-0.2514582,-0.2045278,0.9460112,moving,-13.74026,-17.66697,-1.21496,-3.481522
05/15/2023 14:23:46.612044,4368,True,True,True,True,Eyes,1.22823,-0.3337021,-3.298733,-0.2292079,-0.2966939,0.9270579,0,0,0,0,0,0,0,-0.2960283,1.061364,3.363182,1.233184,-0.3316185,-3.300667,0.1014226,-0.1326769,0.02833809,0.9855492,11.972,344.8434,1.695506,0.3478774,-0.09422544,-0.9327925,0,0,0,0.9906532,-0.571468,-2.466676,-0.01764639,-0.05400027,0.8992572,0.9631875,0.02894428,0.2672675,-0.08277004,0.9778208,0.1923944,-0.255771,-0.2074336,0.9442205,moving,-13.88744,-17.74665,-1.124188,-3.436477
05/15/2023 14:23:46.621927,4369,True,True,True,True,Eyes,1.227969,-0.3337462,-3.298667,-0.2312587,-0.297897,0.9261624,0,0,0,0,0,0,0,-0.2794164,1.070462,3.361474,1.232806,-0.3318511,-3.300535,0.102676,-0.1349105,0.02881763,0.9851022,12.12635,344.5846,1.703998,0.3478271,-0.09424083,-0.9328097,0,0,0,0.9872154,-0.5738246,-2.466416,-0.01663163,-0.05347176,0.9008242,0.9619374,0.02907248,0.2717191,-0.08448076,0.9772543,0.194517,-0.2598836,-0.2100682,0.9425135,moving,-14.01983,-17.83021,-1.057714,-3.397017
05/15/2023 14:23:46.642423,4370,True,True,True,True,Eyes,1.227702,-0.3337989,-3.298604,-0.2333849,-0.2991575,0.9252223,0,0,0,0,0,0,0,-0.2634055,1.080347,3.359212,1.232268,-0.3319036,-3.300332,0.1040688,-0.1370266,0.02935323,0.9846481,12.29744,344.3399,1.717556,0.3477759,-0.09425633,-0.9328273,0,0,0,0.9838831,-0.5761089,-2.466165,-0.01558824,-0.05280709,0.902294,0.9607242,0.0292848,0.2759555,-0.08632559,0.9766161,0.196898,-0.2637365,-0.2129867,0.9407868,moving,-14.15737,-17.91788,-0.9897565,-3.349436
05/15/2023 14:23:46.661667,4371,True,True,True,True,Eyes,1.227418,-0.3338542,-3.298539,-0.2352242,-0.3004873,0.9243252,0,0,0,0,0,0,0,-0.2464293,1.089547,3.357346,1.231877,-0.332145,-3.300268,0.1053361,-0.1393014,0.02985313,0.984179,12.45404,344.076,1.726211,0.3477237,-0.09427215,-0.9328452,0,0,0,0.9805705,-0.5783798,-2.465915,-0.01432583,-0.05213466,0.903885,0.9594078,0.0294147,0.2804843,-0.0881086,0.9760262,0.1990221,-0.2679059,-0.2156564,0.9389988,moving,-14.27768,-18.00874,-0.9080145,-3.301073
05/15/2023 14:23:46.671805,4372,True,True,True,True,Eyes,1.227131,-0.3339193,-3.298474,-0.237145,-0.3018568,0.9233876,0,0,0,0,0,0,0,-0.2305518,1.09884,3.35503,1.231386,-0.3322347,-3.30002,0.1066595,-0.1414227,0.03030283,0.9837201,12.61608,343.8293,1.729422,0.3476702,-0.09428837,-0.9328635,0,0,0,0.9770649,-0.5807829,-2.465651,-0.01345211,-0.05166392,0.905416,0.9581628,0.02945086,0.2847049,-0.08978716,0.9754109,0.2012752,-0.2717766,-0.2184172,0.9372467,moving,-14.40346,-18.10265,-0.8512028,-3.265812
05/15/2023 14:23:46.691355,4373,True,True,True,True,Eyes,1.226836,-0.3339864,-3.298404,-0.2388904,-0.3032549,0.9224792,0,0,0,0,0,0,0,-0.2139773,1.106957,3.353254,1.231048,-0.3325204,-3.299909,0.1077711,-0.1436553,0.03076372,0.9832609,12.75445,343.5696,1.735234,0.3476155,-0.09430522,-0.9328821,0,0,0,0.9737849,-0.5830314,-2.465403,-0.01227367,-0.05120355,0.9069552,0.9568335,0.02953373,0.2891322,-0.09146132,0.974878,0.2030956,-0.2758704,-0.2207731,0.935497,moving,-14.51869,-18.19771,-0.7753266,-3.231291
05/15/2023 14:23:46.711512,4374,True,True,True,True,Eyes,1.22654,-0.334059,-3.298331,-0.2406971,-0.3046937,0.921535,0,0,0,0,0,0,0,-0.1991175,1.116086,3.350739,1.230557,-0.3326121,-3.299674,0.1090544,-0.1456099,0.03130276,0.9828148,12.91331,343.3433,1.750275,0.3475594,-0.09432271,-0.9329013,0,0,0,0.9706422,-0.5851857,-2.465166,-0.01135716,-0.05054586,0.9083326,0.9556358,0.02977084,0.2930426,-0.09328844,0.9742545,0.2052445,-0.2793877,-0.2234765,0.9338098,moving,-14.63814,-18.2958,-0.7163492,-3.185045
05/15/2023 14:23:46.721989,4375,True,True,True,True,Eyes,1.22623,-0.3341331,-3.298257,-0.2424206,-0.3061407,0.9206032,0,0,0,0,0,0,0,-0.1839764,1.124502,3.348457,1.23021,-0.3327994,-3.299446,0.110184,-0.1475888,0.03199979,0.9823711,13.0575,343.1162,1.785223,0.3475022,-0.09434096,-0.9329208,0,0,0,0.9672343,-0.5875219,-2.464909,-0.01083186,-0.05014884,0.9098675,0.9543871,0.03034748,0.2970258,-0.0953952,0.973671,0.2070376,-0.2829224,-0.2259288,0.9321541,moving,-14.75268,-18.39422,-0.6820671,-3.154759
05/15/2023 14:23:46.741785,4376,True,True,True,True,Eyes,1.225917,-0.3342129,-3.298182,-0.2442193,-0.3076213,0.9196337,0,0,0,0,0,0,0,-0.1683302,1.130744,3.346823,1.22971,-0.3328935,-3.299263,0.1110727,-0.149689,0.03236245,0.9819413,13.1689,342.8708,1.783433,0.3474436,-0.09435992,-0.9329407,0,0,0,0.9639264,-0.5897895,-2.46466,-0.009751245,-0.05032004,0.911357,0.9530918,0.03030333,0.3011608,-0.09680876,0.9732311,0.2084451,-0.2867825,-0.2278223,0.9305121,moving,-14.87228,-18.4953,-0.6130242,-3.160344
05/15/2023 14:23:46.761589,4377,True,True,True,True,Eyes,1.225621,-0.3342918,-3.298101,-0.2463293,-0.3091421,0.9185603,0,0,0,0,0,0,0,-0.1539364,1.138501,3.344625,1.229346,-0.3331029,-3.299113,0.1122335,-0.1516921,0.03242138,0.9814999,13.30593,342.632,1.742612,0.3473837,-0.0943797,-0.932961,0,0,0,0.960524,-0.5921218,-2.464403,-0.00892283,-0.04999878,0.9129716,0.9518767,0.02959329,0.3050492,-0.09769303,0.9727049,0.2104782,-0.2904941,-0.2301504,0.9287863,moving,-15.01174,-18.60069,-0.5599564,-3.134665
05/15/2023 14:23:46.771544,4378,True,True,True,True,Eyes,1.225323,-0.3343794,-3.298017,-0.2484911,-0.3106909,0.9174548,0,0,0,0,0,0,0,-0.1397744,1.146827,3.342137,1.228973,-0.3331732,-3.298977,0.113521,-0.1536827,0.03238278,0.9810433,13.45557,342.3928,1.687827,0.3473231,-0.0944002,-0.9329815,0,0,0,0.9572391,-0.5943737,-2.464155,-0.007941127,-0.04953644,0.9145903,0.950666,0.0286454,0.308891,-0.09843022,0.9721287,0.2127846,-0.2941865,-0.2326913,0.9269893,moving,-15.15487,-18.70838,-0.4974704,-3.10025
05/15/2023 14:23:46.792260,4379,True,True,True,True,Eyes,1.225045,-0.3344737,-3.297927,-0.2508827,-0.3122469,0.9162749,0,0,0,0,0,0,0,-0.1259331,1.154497,3.339776,1.228625,-0.3334636,-3.298804,0.1146485,-0.1556004,0.03248853,0.9806063,13.58929,342.1642,1.65297,0.3472618,-0.09442159,-0.9330021,0,0,0,0.9538772,-0.5966784,-2.463902,-0.007241279,-0.0491444,0.9161671,0.949466,0.02803822,0.3126149,-0.0993956,0.9716004,0.2147396,-0.2977159,-0.2349605,0.9252885,moving,-15.3127,-18.81801,-0.4528498,-3.070478
05/15/2023 14:23:46.812452,4380,True,True,True,True,Eyes,1.224765,-0.3345773,-3.29784,-0.2532967,-0.3138616,0.9150583,0,0,0,0,0,0,0,-0.1127219,1.16439,3.336625,1.228203,-0.3337261,-3.298745,0.1160973,-0.1573947,0.03268,0.980143,13.76093,341.9502,1.623355,0.3472005,-0.09444396,-0.9330227,0,0,0,0.9505857,-0.5989347,-2.463653,-0.006571561,-0.04809962,0.9178392,0.9483178,0.02751595,0.3161268,-0.1006083,0.9709069,0.2172965,-0.3009506,-0.2378712,0.9234966,moving,-15.47259,-18.93178,-0.4102203,-2.999857
05/15/2023 14:23:46.822425,4381,True,True,True,True,Eyes,1.224486,-0.3346839,-3.297753,-0.2557917,-0.3154899,0.9138034,0,0,0,0,0,0,0,-0.09976566,1.175014,3.333176,1.227909,-0.3340392,-3.298686,0.1176313,-0.1591508,0.03296064,0.9796671,13.94382,341.7413,1.602352,0.347139,-0.09446748,-0.9330431,0,0,0,0.9470022,-0.6013912,-2.463383,-0.006372958,-0.04695699,0.9197127,0.9471693,0.02713868,0.319584,-0.1020231,0.9701529,0.2199876,-0.3040751,-0.2409704,0.9216678,moving,-15.63799,-19.0472,-0.3970129,-2.922764
05/15/2023 14:23:46.841849,4382,True,True,True,True,Eyes,1.224205,-0.3347923,-3.29767,-0.2583008,-0.3171698,0.9125153,0,0,0,0,0,0,0,-0.08750224,1.185828,3.329458,1.22748,-0.3342104,-3.298595,0.1192066,-0.1607773,0.03330506,0.9791993,14.1324,341.5483,1.589158,0.3470774,-0.09449212,-0.9330635,0,0,0,0.9437053,-0.6036512,-2.463134,-0.006028563,-0.04570442,0.9214098,0.9460829,0.02689311,0.3228065,-0.103556,0.9693611,0.2227447,-0.3069257,-0.2441635,0.9198809,moving,-15.80494,-19.1663,-0.3748672,-2.839699
05/15/2023 14:23:46.862071,4383,True,True,True,True,Eyes,1.223904,-0.3349014,-3.297593,-0.2608784,-0.3188014,0.9112124,0,0,0,0,0,0,0,-0.07488239,1.195913,3.326019,1.227197,-0.3343461,-3.298548,0.1206865,-0.1624848,0.03359467,0.9787261,14.30924,341.3449,1.569544,0.3470157,-0.0945178,-0.9330839,0,0,0,0.9404477,-0.6058844,-2.462888,-0.005604446,-0.04462117,0.9231805,0.9449401,0.02654053,0.3261651,-0.1049794,0.9686123,0.2253208,-0.3099474,-0.2471553,0.9180669,moving,-15.97632,-19.28316,-0.3478271,-2.767191
05/15/2023 14:23:46.871631,4384,True,True,True,True,Eyes,1.223604,-0.3350179,-3.297515,-0.2634464,-0.3204621,0.9098901,0,0,0,0,0,0,0,-0.06272495,1.204697,3.322818,1.226821,-0.3344489,-3.298394,0.1219569,-0.1640912,0.03400354,0.9782865,14.46431,341.1555,1.568607,0.3469532,-0.09454444,-0.9331045,0,0,0,0.9370335,-0.6082249,-2.462631,-0.005509734,-0.04401954,0.9249116,0.9438356,0.02650629,0.3293504,-0.1065545,0.9679406,0.2274582,-0.3127625,-0.2497769,0.9164011,moving,-16.14766,-19.4022,-0.3413092,-2.724835
05/15/2023 14:23:46.891869,4385,True,True,True,True,Eyes,1.223314,-0.3351358,-3.297436,-0.2659688,-0.3220718,0.9085871,0,0,0,0,0,0,0,-0.05128992,1.213024,3.319805,1.226575,-0.3347258,-3.298278,0.1231049,-0.1655782,0.03454658,0.977873,14.60787,340.9825,1.586868,0.3468901,-0.09457216,-0.9331251,0,0,0,0.9337632,-0.6104667,-2.462384,-0.005649894,-0.04331583,0.9265973,0.9427809,0.02679736,0.3323345,-0.1083313,0.9673035,0.2293216,-0.3153231,-0.2522023,0.9148581,moving,-16.31623,-19.51817,-0.3493547,-2.676469
05/15/2023 14:23:46.911906,4386,True,True,True,True,Eyes,1.223027,-0.3352578,-3.297359,-0.2684615,-0.3237119,0.9072701,0,0,0,0,0,0,0,-0.04070556,1.221136,3.31681,1.226272,-0.3348759,-3.298207,0.1242295,-0.1669218,0.0351403,0.9774812,14.74961,340.8273,1.613228,0.3468267,-0.09460089,-0.9331458,0,0,0,0.9303261,-0.6128228,-2.462125,-0.00615558,-0.0428306,0.9284397,0.9418045,0.02722473,0.3350568,-0.1101712,0.9666644,0.2311326,-0.3175949,-0.2545954,0.9134083,moving,-16.4835,-19.63628,-0.379867,-2.641285
05/15/2023 14:23:46.922234,4387,True,True,True,True,Eyes,1.222749,-0.3353779,-3.297282,-0.270787,-0.3253069,0.9060076,0,0,0,0,0,0,0,-0.03134263,1.2295,3.31372,1.226066,-0.3350807,-3.298163,0.1253942,-0.168116,0.03567122,0.9771085,14.89457,340.6887,1.633467,0.3467631,-0.09463063,-0.9331664,0,0,0,0.9269171,-0.6151597,-2.461868,-0.006959498,-0.04219086,0.9303202,0.9409291,0.02754776,0.3374811,-0.1118708,0.9660077,0.2330536,-0.3195893,-0.2570412,0.9120266,moving,-16.64032,-19.75095,-0.4286077,-2.596636
05/15/2023 14:23:46.941700,4388,True,True,True,True,Eyes,1.222474,-0.3354974,-3.297207,-0.2730729,-0.3269179,0.9047407,0,0,0,0,0,0,0,-0.02318943,1.237529,3.310668,1.225766,-0.3351526,-3.298136,0.1265418,-0.1691412,0.03612673,0.9767668,15.03593,340.5691,1.647611,0.3466995,-0.09466121,-0.9331869,0,0,0,0.9236989,-0.6173658,-2.461625,-0.007780552,-0.04162392,0.9321197,0.9401722,0.02776792,0.3395661,-0.1133817,0.965364,0.2349827,-0.3212799,-0.2594247,0.9107569,moving,-16.7951,-19.86676,-0.4782459,-2.556852
05/15/2023 14:23:46.962007,4389,True,True,True,True,Eyes,1.222195,-0.3356167,-3.297134,-0.2750713,-0.3284432,0.9035823,0,0,0,0,0,0,0,-0.01618338,1.244545,3.307978,1.225592,-0.335246,-3.298091,0.1275489,-0.1700426,0.03648182,0.9764661,15.15917,340.4632,1.654573,0.346636,-0.09469252,-0.9332073,0,0,0,0.9202141,-0.6197547,-2.461362,-0.009185463,-0.04144713,0.9340848,0.9395092,0.02786904,0.341388,-0.114624,0.9648007,0.2366875,-0.3227752,-0.2615014,0.9096336,moving,-16.93146,-19.9757,-0.5634086,-2.540657
05/15/2023 14:23:46.971799,4390,True,True,True,True,Eyes,1.221921,-0.3357351,-3.29706,-0.2770242,-0.3299556,0.9024339,0,0,0,0,0,0,0,-0.00984931,1.248873,3.306168,1.2253,-0.3353585,-3.297985,0.1281599,-0.1708488,0.03677052,0.9762344,15.23583,340.369,1.663037,0.3465724,-0.0947245,-0.9332277,0,0,0,0.9169764,-0.6219742,-2.461118,-0.01046899,-0.04189475,0.9357848,0.9389172,0.02800136,0.343002,-0.1155852,0.9644459,0.2376638,-0.324152,-0.2627926,0.9087715,moving,-17.06515,-20.08386,-0.6409636,-2.5634
05/15/2023 14:23:46.991839,4391,True,True,True,True,Eyes,1.221663,-0.3358535,-3.296982,-0.2788293,-0.3313796,0.9013556,0,0,0,0,0,0,0,-0.0046525,1.253136,3.304419,1.225175,-0.3354425,-3.297875,0.1287359,-0.1714827,0.03719642,0.9760314,15.31097,340.2976,1.690757,0.346509,-0.09475704,-0.9332479,0,0,0,0.9136469,-0.6242566,-2.460867,-0.01236343,-0.04240444,0.9376007,0.9384202,0.02845778,0.3443221,-0.1167617,0.964087,0.2385435,-0.3251681,-0.2640577,0.9080415,moving,-17.18916,-20.18574,-0.7554725,-2.589526
05/15/2023 14:23:47.011767,4392,True,True,True,True,Eyes,1.221412,-0.3359703,-3.296903,-0.2805729,-0.3327968,0.9002917,0,0,0,0,0,0,0,0.0007426739,1.25694,3.302821,1.225046,-0.3355645,-3.297755,0.1291916,-0.1720836,0.03787859,0.9758392,15.37748,340.2345,1.751074,0.3464461,-0.09479009,-0.9332679,0,0,0,0.9103005,-0.6265506,-2.460614,-0.01442653,-0.04301138,0.9394059,0.9379049,0.02946329,0.345639,-0.1183903,0.9637495,0.2391039,-0.3260646,-0.2651771,0.9073935,moving,-17.30947,-20.28706,-0.8798265,-2.621498
05/15/2023 14:23:47.022277,4393,True,True,True,True,Eyes,1.221185,-0.3360775,-3.296815,-0.2823506,-0.334133,0.8992404,0,0,0,0,0,0,0,0.003395557,1.261443,3.300994,1.224963,-0.3356295,-3.297671,0.129818,-0.1723783,0.03821469,0.9756908,15.45606,340.2021,1.772702,0.3463838,-0.09482354,-0.9332876,0,0,0,0.9069022,-0.6288801,-2.460358,-0.01701415,-0.04347633,0.9413134,0.9376507,0.02981582,0.3462978,-0.1193271,0.9633738,0.2401498,-0.326454,-0.2664993,0.906866,moving,-17.43166,-20.38368,-1.035503,-2.644434
05/15/2023 14:23:47.042157,4394,True,True,True,True,Eyes,1.220963,-0.3361847,-3.296726,-0.2840633,-0.335423,0.8982202,0,0,0,0,0,0,0,0.004619718,1.265478,3.299264,1.224844,-0.3355262,-3.297542,0.1304097,-0.1724823,0.03848298,0.9755831,15.52902,340.1917,1.790233,0.3463228,-0.09485709,-0.9333069,0,0,0,0.9034943,-0.6312163,-2.460101,-0.01993841,-0.04420094,0.9432147,0.9375378,0.03009995,0.3465787,-0.1200734,0.9630247,0.2411758,-0.3265045,-0.2677263,0.9064863,moving,-17.54963,-20.47718,-1.210983,-2.683033
05/15/2023 14:23:47.061827,4395,True,True,True,True,Eyes,1.220759,-0.3362886,-3.296632,-0.2857929,-0.336645,0.8972138,0,0,0,0,0,0,0,0.006243825,1.266269,3.298809,1.224743,-0.3356284,-3.297419,0.1304819,-0.1726502,0.03872275,0.9755341,15.54232,340.175,1.813871,0.3462631,-0.09489071,-0.9333256,0,0,0,0.9002963,-0.6334086,-2.45986,-0.02261522,-0.04559118,0.9449095,0.9373849,0.03049528,0.3469576,-0.1206062,0.9629501,0.2412081,-0.3267472,-0.26795,0.9063328,moving,-17.66843,-20.56667,-1.371041,-2.762336
05/15/2023 14:23:47.071628,4396,True,True,True,True,Eyes,1.220561,-0.3363957,-3.296537,-0.2874539,-0.3378435,0.8962321,0,0,0,0,0,0,0,0.008033156,1.266371,3.298643,1.22461,-0.3356748,-3.297341,0.1304664,-0.1728482,0.0389074,0.9754939,15.5446,340.1542,1.832385,0.346205,-0.09492432,-0.9333438,0,0,0,0.8969064,-0.6357324,-2.459604,-0.02536294,-0.04731068,0.946755,0.9372194,0.03080609,0.3473769,-0.1210096,0.9629295,0.2410882,-0.3270725,-0.2679884,0.906204,moving,-17.78292,-20.65443,-1.534549,-2.860771
05/15/2023 14:23:47.091916,4397,True,True,True,True,Eyes,1.220346,-0.336504,-3.296454,-0.2889618,-0.3390549,0.8952893,0,0,0,0,0,0,0,0.009216785,1.268841,3.297571,1.224563,-0.3358488,-3.297221,0.1307825,-0.1729601,0.03914754,0.9754221,15.58562,340.1433,1.852053,0.3461485,-0.094958,-0.9333613,0,0,0,0.8969064,-0.6357324,-2.459604,-0.02517974,-0.04649588,0.9466232,0.9371045,0.03113045,0.3476579,-0.1216111,0.9627268,0.2415943,-0.3271787,-0.2686781,0.9059615,static,-17.8879,-20.74217,-1.523682,-2.811973
05/15/2023 14:23:47.111692,4398,True,True,True,True,Eyes,1.22014,-0.336614,-3.296372,-0.2904043,-0.3402734,0.8943598,0,0,0,0,0,0,0,0.01066315,1.272738,3.295979,1.224522,-0.3359667,-3.297139,0.131314,-0.1730959,0.03944305,0.9753147,15.65235,340.1297,1.873404,0.346093,-0.09499176,-0.9333784,0,0,0,0.8969064,-0.6357324,-2.459604,-0.02493411,-0.04530153,0.9465634,0.9369641,0.03147892,0.3480048,-0.1223986,0.9624017,0.2424901,-0.3272871,-0.2697998,0.9055889,static,-17.98894,-20.83011,-1.508921,-2.740025
05/15/2023 14:23:47.121727,4399,True,True,True,True,Eyes,1.219894,-0.3367247,-3.296307,-0.2916402,-0.3415516,0.8934699,0,0,0,0,0,0,0,0.01150846,1.277843,3.293974,1.224532,-0.3361098,-3.297094,0.1320317,-0.1731624,0.03968944,0.9751959,15.7392,340.123,1.886423,0.3460385,-0.09502563,-0.9333951,0,0,0,0.8969064,-0.6357324,-2.459604,-0.02481252,-0.04373661,0.9465585,0.936879,0.03168412,0.348215,-0.1231358,0.9619848,0.2437682,-0.327254,-0.271259,0.9051648,static,-18.07736,-20.92063,-1.501574,-2.645523
05/15/2023 14:23:47.142208,4400,True,True,True,True,Eyes,1.219657,-0.3368297,-3.296241,-0.2928315,-0.3428259,0.8925918,0,0,0,0,0,0,0,0.01162064,1.284017,3.291388,1.22441,-0.3361972,-3.296947,0.1329361,-0.1731252,0.0398788,0.975072,15.84599,340.1271,1.890762,0.3459839,-0.09505961,-0.9334119,0,0,0,0.8969064,-0.6357324,-2.459604,-0.02475646,-0.04193676,0.9464414,0.9368747,0.03174024,0.3482218,-0.1237986,0.9614753,0.2454365,-0.3270164,-0.2730526,0.9047113,static,-18.16305,-21.01074,-1.498368,-2.537113
05/15/2023 14:23:47.161589,4401,True,True,True,True,Eyes,1.219409,-0.3369364,-3.296183,-0.294312,-0.3440886,0.8916185,0,0,0,0,0,0,0,0.0120343,1.288167,3.289652,1.224359,-0.3361628,-3.296857,0.1336065,-0.1732176,0.03973753,0.9749697,15.91977,340.1114,1.859239,0.3459293,-0.09509353,-0.9334286,0,0,0,0.8969064,-0.6357324,-2.459604,-0.02443093,-0.04080009,0.9464137,0.9368332,0.0311998,0.3483822,-0.1237718,0.9611405,0.246758,-0.3271454,-0.274291,0.9042899,static,-18.2674,-21.10233,-1.478717,-2.468505
05/15/2023 14:23:47.172061,4402,True,True,True,True,Eyes,1.219169,-0.3370437,-3.296123,-0.2957445,-0.3453407,0.8906599,0,0,0,0,0,0,0,0.01294208,1.291221,3.28836,1.224251,-0.3363054,-3.296793,0.1340778,-0.1733618,0.03963363,0.9748836,15.9717,340.0907,1.83519,0.3458744,-0.09512743,-0.9334455,0,0,0,0.8969064,-0.6357324,-2.459604,-0.02397859,-0.03985357,0.9463254,0.9367497,0.03078841,0.3486432,-0.1237643,0.9609047,0.2476787,-0.3273872,-0.2751625,0.9039376,static,-18.3688,-21.1931,-1.451486,-2.411531
05/15/2023 14:23:47.191616,4403,True,True,True,True,Eyes,1.21894,-0.3371504,-3.296059,-0.2976738,-0.3466054,0.8895251,0,0,0,0,0,0,0,0.01421022,1.294891,3.286795,1.224224,-0.3364253,-3.296674,0.1346388,-0.1735589,0.03958365,0.9747734,16.03501,340.0641,1.814674,0.3458195,-0.09516132,-0.9334624,0,0,0,0.8969064,-0.6357324,-2.459604,-0.02352804,-0.03874476,0.9462308,0.936621,0.03043467,0.3490201,-0.1239057,0.960611,0.2487444,-0.3277021,-0.2762247,0.9034995,static,-18.50248,-21.28848,-1.424367,-2.344747
05/15/2023 14:23:47.212100,4404,True,True,True,True,Eyes,1.218719,-0.3372618,-3.295995,-0.2995253,-0.3478752,0.8884072,0,0,0,0,0,0,0,0.01512778,1.299483,3.284829,1.224138,-0.3365244,-3.296547,0.1353324,-0.1736824,0.03960073,0.9746546,16.11467,340.0469,1.800464,0.3457648,-0.0951952,-0.9334792,0,0,0,0.8969064,-0.6357324,-2.459604,-0.023168,-0.03738946,0.9461212,0.9365324,0.03018435,0.3492792,-0.1242038,0.9602338,0.2500488,-0.3278421,-0.2775607,0.9030392,static,-18.63146,-21.38391,-1.402741,-2.263076
05/15/2023 14:23:47.222063,4405,True,True,True,True,Eyes,1.218496,-0.3373761,-3.295938,-0.3015195,-0.3491917,0.8872153,0,0,0,0,0,0,0,0.01633108,1.304673,3.282704,1.224113,-0.336738,-3.296474,0.1360654,-0.1738065,0.03980477,0.974522,16.20257,340.0324,1.807162,0.3457106,-0.09522918,-0.9334959,0,0,0,0.8969064,-0.6357324,-2.459604,-0.02289507,-0.03575812,0.9460496,0.9364138,0.03028314,0.3495887,-0.1248794,0.9598036,0.2513609,-0.3279244,-0.2790342,0.902555,static,-18.7703,-21.48369,-1.386328,-2.164595
05/15/2023 14:23:47.241542,4406,True,True,True,True,Eyes,1.218281,-0.3374971,-3.29588,-0.3034211,-0.3505401,0.8860346,0,0,0,0,0,0,0,0.0174042,1.311327,3.280027,1.22401,-0.3369128,-3.296475,0.1370154,-0.1738827,0.04007306,0.9743643,16.31643,340.0239,1.817717,0.3456566,-0.09526332,-0.9335123,0,0,0,0.8969064,-0.6357324,-2.459604,-0.02260631,-0.03372321,0.9460416,0.9363179,0.03044229,0.3498315,-0.1257407,0.9592419,0.2530698,-0.327869,-0.2809418,0.9019831,static,-18.90368,-21.58514,-1.368861,-2.041538
05/15/2023 14:23:47.262265,4407,True,True,True,True,Eyes,1.21808,-0.3376209,-3.295821,-0.3055046,-0.3519056,0.8847764,0,0,0,0,0,0,0,0.0183624,1.31927,3.276898,1.224313,-0.337154,-3.2964,0.1381331,-0.1739774,0.04043503,0.9741746,16.45135,340.014,1.835424,0.3456031,-0.0952978,-0.9335287,0,0,0,0.8969064,-0.6357324,-2.459604,-0.02269238,-0.03124292,0.9460871,0.9361937,0.03071747,0.3501396,-0.1268456,0.9585685,0.2550619,-0.327798,-0.283201,0.9013022,static,-19.04929,-21.6894,-1.374005,-1.891409
05/15/2023 14:23:47.271845,4408,True,True,True,True,Eyes,1.217901,-0.3377464,-3.295765,-0.3074971,-0.3533316,0.883517,0,0,0,0,0,0,0,0.02021325,1.327919,3.273375,1.224138,-0.3373407,-3.29643,0.1393268,-0.1740649,0.04106222,0.9739628,16.6003,340.009,1.882594,0.3455504,-0.09533263,-0.9335446,0,0,0,0.8969064,-0.6357324,-2.459604,-0.02237892,-0.02860403,0.9460849,0.9360307,0.03148233,0.3505075,-0.12849,0.9578038,0.2571034,-0.3276233,-0.2856933,0.9005789,static,-19.18982,-21.79721,-1.355036,-1.731759
05/15/2023 14:23:47.297607,4409,True,True,True,True,Eyes,1.217735,-0.3378732,-3.295707,-0.3094077,-0.3547852,0.8822666,0,0,0,0,0,0,0,0.02187467,1.338095,3.26923,1.22414,-0.3375141,-3.296424,0.1407776,-0.1741793,0.04157174,0.973712,16.77629,339.9979,1.910336,0.3454988,-0.09536782,-0.9335601,0,0,0,0.8969064,-0.6357324,-2.459604,-0.02212006,-0.02552871,0.9461194,0.9358667,0.0319167,0.3509057,-0.1299989,0.9569069,0.2596718,-0.3274963,-0.2886356,0.8996865,static,-19.32558,-21.9065,-1.339319,-1.545611
05/15/2023 14:23:47.311838,4410,True,True,True,True,Eyes,1.217581,-0.3380031,-3.29565,-0.3112271,-0.3562933,0.881018,0,0,0,0,0,0,0,0.02347708,1.348037,3.265068,1.224119,-0.3376687,-3.296351,0.1422206,-0.1743138,0.04196539,0.9734613,16.94915,339.9825,1.92435,0.3454487,-0.09540334,-0.9335751,0,0,0,0.8969064,-0.6357324,-2.459604,-0.02179018,-0.02255072,0.9460832,0.9357073,0.03212135,0.3513121,-0.1312854,0.9560244,0.2622622,-0.3274387,-0.2915228,0.8987761,static,-19.4562,-22.01894,-1.319402,-1.365436
05/15/2023 14:23:47.322008,4411,True,True,True,True,Eyes,1.217448,-0.3381264,-3.295587,-0.3130978,-0.3576816,0.8797919,0,0,0,0,0,0,0,0.02440274,1.358217,3.26087,1.224233,-0.3378549,-3.296321,0.1436916,-0.1743665,0.04235763,0.973219,17.12506,339.9768,1.939068,0.3454001,-0.09543926,-0.9335894,0,0,0,0.8969064,-0.6357324,-2.459604,-0.02171907,-0.01945946,0.9461071,0.9356043,0.03233651,0.3515663,-0.1325565,0.9551172,0.2649153,-0.3272206,-0.2944583,0.8978981,static,-19.58948,-22.12432,-1.315065,-1.178289
05/15/2023 14:23:47.342123,4412,True,True,True,True,Eyes,1.217323,-0.3382443,-3.295522,-0.3148775,-0.3590577,0.8785954,0,0,0,0,0,0,0,0.02419317,1.366693,3.257261,1.224257,-0.3378359,-3.296248,0.1449816,-0.1743162,0.04247439,0.9730315,17.27458,339.9795,1.927191,0.3453535,-0.09547533,-0.933603,0,0,0,0.8969064,-0.6357324,-2.459604,-0.02172315,-0.01702963,0.9461033,0.9356196,0.03211255,0.3515463,-0.1332031,0.9543524,0.2673354,-0.3269143,-0.2969513,0.8971884,static,-19.71704,-22.22848,-1.315317,-1.031199
05/15/2023 14:23:47.362014,4413,True,True,True,True,Eyes,1.217188,-0.3383617,-3.295463,-0.3165039,-0.3602754,0.8775118,0,0,0,0,0,0,0,0.02233899,1.37079,3.255442,1.224298,-0.3378252,-3.296125,0.145653,-0.1741174,0.04225991,0.9729762,17.34653,339.9969,1.892016,0.345309,-0.09551138,-0.9336158,0,0,0,0.8969064,-0.6357324,-2.459604,-0.02202806,-0.01588631,0.9460251,0.9357945,0.03151433,0.3511348,-0.1329572,0.9539986,0.2687173,-0.3265136,-0.2981501,0.8969367,static,-19.83353,-22.32133,-1.333883,-0.9620599
05/15/2023 14:23:47.372218,4414,True,True,True,True,Eyes,1.217062,-0.3384786,-3.295403,-0.318035,-0.3614692,0.8764666,0,0,0,0,0,0,0,0.02066839,1.372452,3.254664,1.224364,-0.3379337,-3.296001,0.1459167,-0.1739258,0.04212939,0.9729766,17.37364,340.0166,1.874885,0.345266,-0.09554741,-0.933628,0,0,0,0.8969064,-0.6357324,-2.459604,-0.02241921,-0.01535876,0.9459037,0.9359499,0.03122445,0.3507462,-0.1327392,0.9538668,0.2692923,-0.3261567,-0.2986018,0.8969163,static,-19.94383,-22.41205,-1.357734,-0.9302372
05/15/2023 14:23:47.391922,4415,True,True,True,True,Eyes,1.216943,-0.3385867,-3.295341,-0.319472,-0.3626275,0.875465,0,0,0,0,0,0,0,0.01818478,1.374968,3.253603,1.224467,-0.3380366,-3.295938,0.1462761,-0.1735744,0.0421753,0.9729834,17.41494,340.0582,1.879375,0.3452245,-0.09558338,-0.9336397,0,0,0,0.8969064,-0.6357324,-2.459604,-0.02316546,-0.01456398,0.9458466,0.9361863,0.03129214,0.3501085,-0.1328513,0.953649,0.2700074,-0.3254315,-0.2992896,0.8969505,static,-20.04788,-22.49989,-1.402995,-0.8821605
05/15/2023 14:23:47.412064,4416,True,True,True,True,Eyes,1.216815,-0.3386809,-3.295281,-0.3205397,-0.363437,0.8747388,0,0,0,0,0,0,0,0.01527619,1.376175,3.252998,1.224497,-0.3379292,-3.295831,0.1464744,-0.1731656,0.04217914,0.9730262,17.43687,340.1067,1.883327,0.3451847,-0.09561905,-0.9336507,0,0,0,0.8969064,-0.6357324,-2.459604,-0.02398333,-0.01430887,0.9457789,0.9364692,0.03135416,0.3493456,-0.1328115,0.9535323,0.270439,-0.324633,-0.2996549,0.8971179,static,-20.12488,-22.56194,-1.452611,-0.8667727
05/15/2023 14:23:47.424365,4417,True,True,True,True,Eyes,1.2167,-0.3387541,-3.295218,-0.3213943,-0.3639341,0.8742183,0,0,0,0,0,0,0,0.01225102,1.37083,3.255093,1.224554,-0.3377183,-3.295659,0.1457097,-0.1727888,0.04201265,0.9732152,17.34547,340.1525,1.886382,0.3451461,-0.09565407,-0.9336614,0,0,0,0.8969064,-0.6357324,-2.459604,-0.02487084,-0.01603758,0.9456624,0.936758,0.0314207,0.3485646,-0.1321287,0.9540072,0.2690952,-0.324078,-0.2981324,0.8978254,static,-20.18526,-22.6018,-1.506527,-0.9715918
05/15/2023 14:23:47.442022,4418,True,True,True,True,Eyes,1.216591,-0.3388132,-3.295149,-0.322209,-0.3642541,0.8737851,0,0,0,0,0,0,0,0.009634852,1.36051,3.259329,1.224632,-0.3373393,-3.29557,0.1442207,-0.1724975,0.04173235,0.9735005,17.16925,340.189,1.88919,0.3451091,-0.09568791,-0.9336717,0,0,0,0.8969064,-0.6357324,-2.459604,-0.02565482,-0.01930429,0.9456486,0.937006,0.03149752,0.3478902,-0.1310084,0.9549176,0.2664004,-0.3238156,-0.2951953,0.89889,static,-20.2415,-22.62975,-1.554015,-1.169463
05/15/2023 14:23:47.462561,4419,True,True,True,True,Eyes,1.216498,-0.3388597,-3.295074,-0.3228443,-0.3643156,0.8735248,0,0,0,0,0,0,0,0.006731033,1.346551,3.264915,1.224671,-0.3370777,-3.295372,0.142167,-0.1721723,0.04141677,0.9738737,16.92784,340.2311,1.899779,0.3450736,-0.09572031,-0.9336815,0,0,0,0.8969064,-0.6357324,-2.459604,-0.02656487,-0.02356222,0.9454474,0.9372827,0.03171495,0.3471244,-0.1296239,0.9561464,0.2626439,-0.323572,-0.2911671,0.9002904,static,-20.28371,-22.63925,-1.609454,-1.427617
05/15/2023 14:23:47.471898,4420,True,True,True,True,Eyes,1.216412,-0.3389006,-3.294997,-0.323456,-0.3642286,0.8733348,0,0,0,0,0,0,0,0.005295992,1.331063,3.27118,1.224729,-0.3368916,-3.295288,0.1398809,-0.1720705,0.04103351,0.9742391,16.65906,340.246,1.903025,0.3450399,-0.09575105,-0.9336908,0,0,0,0.8969064,-0.6357324,-2.459604,-0.02703542,-0.02818011,0.9453124,0.937416,0.03181414,0.3467552,-0.1280916,0.9574992,0.2584334,-0.323796,-0.286676,0.9016502,static,-20.32306,-22.63882,-1.638181,-1.707502
05/15/2023 14:23:47.491695,4421,True,True,True,True,Eyes,1.216318,-0.3389361,-3.294924,-0.3239354,-0.3640599,0.8732275,0,0,0,0,0,0,0,0.003274918,1.31819,3.276283,1.224808,-0.3368168,-3.295158,0.1379643,-0.1718635,0.04075485,0.9745604,16.43441,340.2737,1.912759,0.3450082,-0.09578014,-0.9336995,0,0,0,0.8969064,-0.6357324,-2.459604,-0.02771866,-0.03196353,0.9451082,0.937604,0.03201407,0.3462282,-0.1268582,0.9586098,0.2549005,-0.3237373,-0.2829175,0.9028575,static,-20.35301,-22.63189,-1.679921,-1.937003
05/15/2023 14:23:47.512376,4422,True,True,True,True,Eyes,1.216232,-0.3389708,-3.294851,-0.3243821,-0.3638129,0.8731645,0,0,0,0,0,0,0,0.001473784,1.308246,3.280187,1.224869,-0.3367512,-3.295062,0.13648,-0.171661,0.04057153,0.9748127,16.26105,340.3006,1.924712,0.3449779,-0.09580759,-0.9337079,0,0,0,0.8969064,-0.6357324,-2.459604,-0.02833533,-0.0348845,0.9449438,0.9377729,0.03224266,0.3457491,-0.1259559,0.9594544,0.2521559,-0.3236003,-0.280014,0.9038114,static,-20.38012,-22.61955,-1.717571,-2.114228
05/15/2023 14:23:47.522495,4423,True,True,True,True,Eyes,1.216141,-0.3389926,-3.294778,-0.3250402,-0.3635801,0.8730168,0,0,0,0,0,0,0,-0.001081347,1.300857,3.283093,1.224987,-0.3367781,-3.294984,0.1353649,-0.1713482,0.04042557,0.9750293,16.13032,340.3399,1.935402,0.3449491,-0.09583354,-0.9337159,0,0,0,0.8969064,-0.6357324,-2.459604,-0.0291667,-0.03699696,0.944802,0.9380111,0.03244317,0.3450834,-0.1252213,0.9600843,0.2501157,-0.3231946,-0.2778231,0.9046323,static,-20.42122,-22.60997,-1.768199,-2.242467
05/15/2023 14:23:47.541771,4424,True,True,True,True,Eyes,1.21606,-0.3390151,-3.294707,-0.3256465,-0.3633469,0.872888,0,0,0,0,0,0,0,-0.003848076,1.297652,3.284182,1.225033,-0.3365018,-3.294818,0.1349238,-0.1709802,0.04036895,0.9751573,16.07817,340.3847,1.943865,0.3449216,-0.09585778,-0.9337236,0,0,0,0.8969064,-0.6357324,-2.459604,-0.03001231,-0.03813551,0.9446868,0.9382722,0.03259353,0.3443587,-0.1248708,0.9603318,0.2493393,-0.3225718,-0.2769485,0.9051226,static,-20.45893,-22.59993,-1.819651,-2.311685
05/15/2023 14:23:47.561667,4425,True,True,True,True,Eyes,1.21601,-0.339035,-3.294632,-0.3265001,-0.3631946,0.8726325,0,0,0,0,0,0,0,-0.006178498,1.29691,3.284502,1.225177,-0.3365417,-3.294791,0.134782,-0.1706457,0.04045304,0.975232,16.06297,340.4267,1.962135,0.3448954,-0.09588048,-0.9337309,0,0,0,0.8969064,-0.6357324,-2.459604,-0.03083205,-0.03831004,0.9446672,0.9384872,0.03290227,0.343743,-0.1249021,0.9603947,0.2490811,-0.3219336,-0.2766937,0.9054278,static,-20.51361,-22.59735,-1.869356,-2.322301
05/15/2023 14:23:47.571605,4426,True,True,True,True,Eyes,1.215968,-0.3390554,-3.294561,-0.3272837,-0.363077,0.8723878,0,0,0,0,0,0,0,-0.009104252,1.298017,3.284181,1.225314,-0.3365324,-3.294863,0.1349401,-0.1702403,0.04045662,0.9752809,16.08026,340.4748,1.966267,0.3448713,-0.09590171,-0.9337376,0,0,0,0.8969064,-0.6357324,-2.459604,-0.03168234,-0.03797796,0.9447668,0.938763,0.03296867,0.3429826,-0.1248576,0.9603088,0.2494343,-0.3211457,-0.2769836,0.9056188,static,-20.56401,-22.59647,-1.920669,-2.30195
05/15/2023 14:23:47.592074,4427,True,True,True,True,Eyes,1.215924,-0.339077,-3.294497,-0.3279764,-0.3630756,0.8721283,0,0,0,0,0,0,0,-0.01215518,1.30072,3.283187,1.225478,-0.3365588,-3.294886,0.1353282,-0.1698084,0.04051912,0.9752998,16.1249,340.5261,1.973165,0.3448491,-0.09592161,-0.9337438,0,0,0,0.8969064,-0.6357324,-2.459604,-0.0326103,-0.03716713,0.9448356,0.9390466,0.03307684,0.342195,-0.1249963,0.960089,0.2502101,-0.3202614,-0.2777321,0.9057027,static,-20.60949,-22.60244,-1.976737,-2.252691
05/15/2023 14:23:47.612352,4428,True,True,True,True,Eyes,1.215889,-0.3390955,-3.294434,-0.3285981,-0.3631108,0.8718795,0,0,0,0,0,0,0,-0.01575267,1.304243,3.281805,1.225672,-0.3366083,-3.294839,0.1358437,-0.169311,0.0405589,0.9753129,16.18349,340.5846,1.976063,0.3448286,-0.09594033,-0.9337494,0,0,0,0.8969064,-0.6357324,-2.459604,-0.0336898,-0.03611718,0.9448492,0.9393775,0.03311557,0.3412818,-0.1251149,0.9598029,0.251246,-0.3192431,-0.2787144,0.9057605,static,-20.65066,-22.61021,-2.042089,-2.189085
05/15/2023 14:23:47.622424,4429,True,True,True,True,Eyes,1.215871,-0.3391062,-3.294367,-0.3291701,-0.3632424,0.8716089,0,0,0,0,0,0,0,-0.01988983,1.307598,3.280505,1.22586,-0.3365461,-3.294833,0.1363654,-0.1687575,0.04050232,0.9753385,16.24081,340.6481,1.968636,0.3448099,-0.09595788,-0.9337546,0,0,0,0.8969064,-0.6357324,-2.459604,-0.03482917,-0.03519054,0.944923,0.939761,0.03298158,0.3402375,-0.1250323,0.9595281,0.2523347,-0.318145,-0.2796749,0.9058508,static,-20.68945,-22.6239,-2.110925,-2.132807
05/15/2023 14:23:47.641827,4430,True,True,True,True,Eyes,1.215859,-0.339116,-3.294304,-0.3296767,-0.3633898,0.8713559,0,0,0,0,0,0,0,-0.02370822,1.309822,3.279579,1.225971,-0.3363901,-3.294795,0.1367484,-0.168264,0.04035213,0.9753764,16.28061,340.7035,1.952061,0.3447932,-0.09597418,-0.933759,0,0,0,0.8969064,-0.6357324,-2.459604,-0.03578565,-0.0346698,0.9449606,0.9401179,0.03269739,0.3392776,-0.1247367,0.9593432,0.2531826,-0.3172052,-0.2803418,0.9059742,static,-20.72409,-22.63806,-2.168754,-2.101191
05/15/2023 14:23:47.661613,4431,True,True,True,True,Eyes,1.215861,-0.3391263,-3.29424,-0.3302481,-0.3635756,0.871062,0,0,0,0,0,0,0,-0.02936029,1.311947,3.278762,1.226116,-0.3363832,-3.294819,0.1371531,-0.1675942,0.03985092,0.9754554,16.31578,340.7742,1.897223,0.3447785,-0.09598929,-0.933763,0,0,0,0.8969064,-0.6357324,-2.459604,-0.03696862,-0.03408237,0.9450104,0.9406482,0.03177345,0.3378927,-0.1237177,0.9592019,0.2542159,-0.31603,-0.280931,0.9062024,static,-20.76336,-22.65534,-2.240257,-2.065511
05/15/2023 14:23:47.671680,4432,True,True,True,True,Eyes,1.215868,-0.3391433,-3.294177,-0.330752,-0.3637696,0.8707897,0,0,0,0,0,0,0,-0.0352937,1.31415,3.277885,1.226282,-0.3364184,-3.294818,0.1375901,-0.1669212,0.03921489,0.975535,16.35211,340.843,1.826129,0.3447658,-0.09600333,-0.9337662,0,0,0,0.8969064,-0.6357324,-2.459604,-0.03813905,-0.0334534,0.9450321,0.941199,0.03057756,0.3364662,-0.1224444,0.9590623,0.2553564,-0.3148838,-0.2815396,0.9064126,static,-20.79828,-22.67257,-2.311055,-2.02738
05/15/2023 14:23:47.692028,4433,True,True,True,True,Eyes,1.215898,-0.3391622,-3.294111,-0.3312292,-0.3640227,0.8705026,0,0,0,0,0,0,0,-0.04073727,1.315918,3.277155,1.226394,-0.3366006,-3.2948,0.1378929,-0.1662467,0.03884234,0.9756224,16.37827,340.9167,1.788427,0.3447551,-0.09601661,-0.9337687,0,0,0,0.8969064,-0.6357324,-2.459604,-0.03936338,-0.03284125,0.9449686,0.9417067,0.02994246,0.3351001,-0.1216394,0.9589536,0.2561479,-0.3136757,-0.2819775,0.9066952,static,-20.83199,-22.69348,-2.38532,-1.990445
05/15/2023 14:23:47.712143,4434,True,True,True,True,Eyes,1.215931,-0.3391826,-3.29405,-0.3316418,-0.3643119,0.8702244,0,0,0,0,0,0,0,-0.04571259,1.319322,3.275819,1.22655,-0.3366752,-3.294832,0.1384522,-0.1656313,0.03852085,0.9756606,16.43486,340.9831,1.750702,0.3447468,-0.09602923,-0.9337705,0,0,0,0.8969064,-0.6357324,-2.459604,-0.04048669,-0.03181641,0.9450156,0.9421648,0.02930252,0.3338664,-0.1210306,0.9586943,0.2574041,-0.3125333,-0.2829252,0.9067945,static,-20.8618,-22.7162,-2.453186,-1.928283
05/15/2023 14:23:47.721986,4435,True,True,True,True,Eyes,1.215954,-0.339208,-3.293997,-0.3317405,-0.3647027,0.8700231,0,0,0,0,0,0,0,-0.05058134,1.323638,3.274121,1.226665,-0.3367277,-3.294899,0.1391407,-0.1650056,0.03827702,0.9756782,16.50775,341.0515,1.719769,0.3447407,-0.09604128,-0.9337716,0,0,0,0.8969064,-0.6357324,-2.459604,-0.04158953,-0.0305368,0.9450919,0.9426161,0.0287741,0.3326365,-0.1206101,0.9583495,0.2588813,-0.3113329,-0.284145,0.906826,static,-20.87189,-22.74282,-2.519721,-1.850636
05/15/2023 14:23:47.741715,4436,True,True,True,True,Eyes,1.21598,-0.3392363,-3.293949,-0.3317855,-0.3651294,0.8698269,0,0,0,0,0,0,0,-0.05544066,1.327584,3.2725,1.226794,-0.3368436,-3.294893,0.1397556,-0.1643722,0.03808958,0.9757046,16.57332,341.1221,1.697051,0.3447363,-0.09605296,-0.933772,0,0,0,0.8969064,-0.6357324,-2.459604,-0.04276967,-0.02932863,0.9450811,0.9430619,0.02838447,0.3314039,-0.1202722,0.9580351,0.2601987,-0.310111,-0.2852421,0.9069003,static,-20.87878,-22.77132,-2.591154,-1.777485
05/15/2023 14:23:47.761650,4437,True,True,True,True,Eyes,1.216016,-0.3392647,-3.2939,-0.331861,-0.3655525,0.8696204,0,0,0,0,0,0,0,-0.05991101,1.33235,3.270621,1.226905,-0.3369341,-3.294979,0.1404668,-0.1637473,0.03806786,0.9757084,16.6531,341.194,1.691754,0.3447334,-0.09606436,-0.9337719,0,0,0,0.8969064,-0.6357324,-2.459604,-0.04392731,-0.02787679,0.9451581,0.9434753,0.02828414,0.3302338,-0.1202884,0.9576398,0.2616423,-0.3088446,-0.2865763,0.9069118,static,-20.88765,-22.79987,-2.660973,-1.68941
05/15/2023 14:23:47.771968,4438,True,True,True,True,Eyes,1.216049,-0.3392926,-3.293856,-0.3318908,-0.3659836,0.8694277,0,0,0,0,0,0,0,-0.06352878,1.336508,3.268903,1.22701,-0.3369467,-3.294986,0.1410693,-0.1632064,0.03821329,0.9757065,16.72376,341.259,1.706682,0.344732,-0.09607551,-0.9337713,0,0,0,0.8969064,-0.6357324,-2.459604,-0.04501531,-0.02665752,0.945181,0.9438069,0.02852311,0.3292644,-0.1206167,0.9572784,0.262811,-0.3077015,-0.2877577,0.9069263,static,-20.8936,-22.82855,-2.726716,-1.61552
05/15/2023 14:23:47.791883,4439,True,True,True,True,Eyes,1.21609,-0.3393193,-3.293809,-0.3319156,-0.3663686,0.8692561,0,0,0,0,0,0,0,-0.06680369,1.33878,3.267946,1.226993,-0.3369544,-3.29503,0.1413813,-0.1626928,0.03836804,0.9757409,16.76144,341.322,1.727852,0.3447321,-0.09608641,-0.9337701,0,0,0,0.8969064,-0.6357324,-2.459604,-0.04596195,-0.02598718,0.9451845,0.9441178,0.02887108,0.3283412,-0.120878,0.9570785,0.2634186,-0.3066431,-0.2883874,0.9070848,static,-20.89879,-22.85414,-2.783957,-1.57491
05/15/2023 14:23:47.811918,4440,True,True,True,True,Eyes,1.216132,-0.339342,-3.293763,-0.3319211,-0.3667284,0.8691022,0,0,0,0,0,0,0,-0.06821537,1.338203,3.268143,1.227062,-0.3369409,-3.294994,0.1412434,-0.1624374,0.03862115,0.9757935,16.74997,341.3574,1.764565,0.3447335,-0.09609705,-0.9337685,0,0,0,0.8969064,-0.6357324,-2.459604,-0.04661611,-0.02615169,0.945145,0.944245,0.02948613,0.3279206,-0.1212589,0.9571174,0.2631017,-0.3061007,-0.2881957,0.9073288,static,-20.90249,-22.87791,-2.823634,-1.584941
05/15/2023 14:23:47.822242,4441,True,True,True,True,Eyes,1.216187,-0.3393618,-3.293716,-0.3318772,-0.3669414,0.8690292,0,0,0,0,0,0,0,-0.06940043,1.33728,3.268483,1.227137,-0.336863,-3.294962,0.1410716,-0.1622282,0.03882319,0.9758451,16.73374,341.3865,1.795129,0.3447362,-0.09610734,-0.9337664,0,0,0,0.8969064,-0.6357324,-2.459604,-0.0471783,-0.02646075,0.9451309,0.9443495,0.02999924,0.3275729,-0.1215424,0.9571831,0.2627317,-0.3056655,-0.2879246,0.9075616,static,-20.90157,-22.89156,-2.857673,-1.603686
05/15/2023 14:23:47.841642,4442,True,True,True,True,Eyes,1.216239,-0.3393788,-3.293668,-0.331825,-0.3671104,0.8689777,0,0,0,0,0,0,0,-0.07054472,1.336109,3.269015,1.22723,-0.3368212,-3.295008,0.1408591,-0.1620316,0.03899266,0.9759017,16.71226,341.4138,1.822429,0.3447405,-0.09611723,-0.9337638,0,0,0,0.8969064,-0.6357324,-2.459604,-0.04770225,-0.02680187,0.9451813,0.9444507,0.03045873,0.3272388,-0.1217533,0.9572765,0.2622933,-0.3052689,-0.2875655,0.907809,static,-20.89969,-22.90223,-2.889203,-1.624263
05/15/2023 14:23:47.861753,4443,True,True,True,True,Eyes,1.216245,-0.3393983,-3.293641,-0.3315551,-0.3671597,0.8690597,0,0,0,0,0,0,0,-0.07162976,1.332958,3.27022,1.227228,-0.3367751,-3.294957,0.1403732,-0.1618672,0.03903229,0.9759974,16.65714,341.4359,1.839164,0.3447461,-0.09612668,-0.9337608,0,0,0,0.8969064,-0.6357324,-2.459604,-0.04810172,-0.02774851,0.9451028,0.944551,0.0307472,0.3269221,-0.1216345,0.9575437,0.2613716,-0.3050058,-0.2866438,0.9081888,static,-20.88236,-22.90305,-2.913599,-1.681739
05/15/2023 14:23:47.872255,4444,True,True,True,True,Eyes,1.21625,-0.3394134,-3.293616,-0.3313018,-0.3671943,0.8691418,0,0,0,0,0,0,0,-0.07139063,1.329561,3.271603,1.227218,-0.3368252,-3.29495,0.1398333,-0.1618866,0.03908472,0.9760696,16.59643,341.4364,1.855171,0.3447514,-0.09613579,-0.9337578,0,0,0,0.8969064,-0.6357324,-2.459604,-0.04814082,-0.02869076,0.9450471,0.9445302,0.03102452,0.3269559,-0.1215731,0.9578381,0.2603195,-0.3050945,-0.2856286,0.9084787,static,-20.86598,-22.90305,-2.916134,-1.738913
05/15/2023 14:23:47.892041,4445,True,True,True,True,Eyes,1.216198,-0.3394293,-3.293611,-0.330985,-0.3671295,0.8692899,0,0,0,0,0,0,0,-0.07079959,1.328358,3.27214,1.227209,-0.3367376,-3.294999,0.1396537,-0.1619598,0.03911937,0.9760818,16.57669,341.4288,1.861339,0.3447566,-0.09614448,-0.933755,0,0,0,0.8969064,-0.6357324,-2.459604,-0.04801503,-0.02908565,0.9451085,0.9444774,0.03113084,0.3270983,-0.121604,0.957933,0.2599553,-0.3052457,-0.2852983,0.9085317,static,-20.84449,-22.89592,-2.908338,-1.762717
05/15/2023 14:23:47.912430,4446,True,True,True,True,Eyes,1.216148,-0.3394441,-3.293607,-0.3307016,-0.3670535,0.8694298,0,0,0,0,0,0,0,-0.0684073,1.32509,3.273406,1.227199,-0.3367339,-3.294893,0.139144,-0.1622861,0.03920364,0.976097,16.52062,341.3929,1.875149,0.34476,-0.0961528,-0.933753,0,0,0,0.8969064,-0.6357324,-2.459604,-0.04751557,-0.03004041,0.9450086,0.9442526,0.03137084,0.3277239,-0.1216954,0.958204,0.2589116,-0.305904,-0.2843604,0.9086043,static,-20.82512,-22.88837,-2.87844,-1.820734
05/15/2023 14:23:47.921541,4447,True,True,True,True,Eyes,1.216079,-0.3394583,-3.29361,-0.3304764,-0.3669512,0.8695586,0,0,0,0,0,0,0,-0.06688654,1.323851,3.27397,1.227186,-0.3367299,-3.29493,0.1389768,-0.1625285,0.0390929,0.9760849,16.49991,341.3626,1.861181,0.3447618,-0.09616076,-0.9337515,0,0,0,0.8969064,-0.6357324,-2.459604,-0.04702032,-0.03039806,0.9450506,0.9441125,0.03114058,0.3281493,-0.1214914,0.9583143,0.2585989,-0.3064173,-0.2840138,0.9085398,static,-20.80933,-22.8796,-2.848362,-1.842314
05/15/2023 14:23:47.942218,4448,True,True,True,True,Eyes,1.216013,-0.3394741,-3.29361,-0.330268,-0.3668443,0.8696829,0,0,0,0,0,0,0,-0.06613696,1.32505,3.273427,1.227169,-0.3367217,-3.294864,0.1391955,-0.1626742,0.03894441,0.9760355,16.52238,341.3419,1.83716,0.3447617,-0.09616839,-0.9337507,0,0,0,0.8969064,-0.6357324,-2.459604,-0.04667732,-0.03007971,0.945017,0.9440409,0.03073525,0.3283932,-0.1213093,0.958216,0.2590489,-0.3067097,-0.2843899,0.9083235,static,-20.79461,-22.87069,-2.827718,-1.823098
05/15/2023 14:23:47.961573,4449,True,True,True,True,Eyes,1.215924,-0.3394936,-3.293617,-0.3300492,-0.3667276,0.8698152,0,0,0,0,0,0,0,-0.065516,1.324321,3.273701,1.227182,-0.3367769,-3.29482,0.1390792,-0.1627686,0.0389378,0.9760365,16.50914,341.3309,1.83696,0.3447599,-0.09617575,-0.9337507,0,0,0,0.8969064,-0.6357324,-2.459604,-0.04653725,-0.03025807,0.9449661,0.9439805,0.03073398,0.3285671,-0.1212849,0.9582817,0.2588169,-0.3069054,-0.2841683,0.9083267,static,-20.77912,-22.86104,-2.819398,-1.834
05/15/2023 14:23:47.972026,4450,True,True,True,True,Eyes,1.215841,-0.3395159,-3.293627,-0.3298381,-0.3666312,0.8699359,0,0,0,0,0,0,0,-0.06479108,1.325222,3.273272,1.22716,-0.3368709,-3.294741,0.1391776,-0.1628331,0.03909985,0.9760053,16.52356,341.3255,1.852875,0.344756,-0.096183,-0.9337514,0,0,0,0.8969064,-0.6357324,-2.459604,-0.04645514,-0.02994218,0.9448726,0.9439132,0.03099787,0.3287356,-0.1216488,0.9582015,0.2589426,-0.3069683,-0.2844096,0.9082299,static,-20.76434,-22.8528,-2.81471,-1.815045
05/15/2023 14:23:47.991812,4451,True,True,True,True,Eyes,1.21571,-0.3395399,-3.293655,-0.329423,-0.3665937,0.870109,0,0,0,0,0,0,0,-0.06437862,1.326689,3.272782,1.227222,-0.3369539,-3.294805,0.1393645,-0.162867,0.03922384,0.9759679,16.54732,341.3228,1.863199,0.3447503,-0.0961902,-0.9337528,0,0,0,0.8969064,-0.6357324,-2.459604,-0.04644099,-0.02943923,0.9449415,0.9438717,0.03116668,0.3288388,-0.1219582,0.958078,0.259254,-0.3069731,-0.2848071,0.9081038,static,-20.73665,-22.84663,-2.813649,-1.784447
05/15/2023 14:23:48.011792,4452,True,True,True,True,Eyes,1.215581,-0.3395611,-3.29368,-0.3290106,-0.3665785,0.8702714,0,0,0,0,0,0,0,-0.06486452,1.328683,3.271906,1.227225,-0.3369795,-3.294744,0.1396452,-0.1627699,0.03934763,0.975939,16.58155,341.3355,1.873998,0.3447416,-0.0961974,-0.9337552,0,0,0,0.8969064,-0.6357324,-2.459604,-0.04664868,-0.02885367,0.944888,0.9439154,0.03134168,0.3286964,-0.1222619,0.957902,0.2597613,-0.3067176,-0.2853797,0.9080103,static,-20.70936,-22.84195,-2.826371,-1.749075
05/15/2023 14:23:48.024799,4453,True,True,True,True,Eyes,1.215426,-0.3395825,-3.293714,-0.3286562,-0.3665408,0.8704211,0,0,0,0,0,0,0,-0.06609464,1.330483,3.271074,1.227125,-0.3369336,-3.29471,0.1399397,-0.1625943,0.03929642,0.9759282,16.61391,341.3546,1.865488,0.3447303,-0.09620454,-0.9337586,0,0,0,0.8969064,-0.6357324,-2.459604,-0.04684529,-0.02838668,0.9448425,0.9440378,0.03119416,0.3283589,-0.1222078,0.9577453,0.2603635,-0.3063625,-0.2859209,0.9079599,static,-20.68569,-22.83632,-2.8384,-1.720867
05/15/2023 14:23:48.042185,4454,True,True,True,True,Eyes,1.21528,-0.3396066,-3.293749,-0.3283156,-0.3665034,0.8705654,0,0,0,0,0,0,0,-0.06623149,1.330909,3.270846,1.227079,-0.3369454,-3.294675,0.140012,-0.1625783,0.03926299,0.9759219,16.62151,341.3558,1.86049,0.344716,-0.09621163,-0.9337632,0,0,0,0.8969064,-0.6357324,-2.459604,-0.04682326,-0.02826864,0.9447964,0.9440535,0.03110939,0.328322,-0.122161,0.9577101,0.2605149,-0.3063329,-0.2860481,0.9079299,static,-20.66292,-22.83083,-2.837206,-1.713798
05/15/2023 14:23:48.061664,4455,True,True,True,True,Eyes,1.215141,-0.3396338,-3.293779,-0.3279882,-0.366474,0.8707012,0,0,0,0,0,0,0,-0.0668714,1.330921,3.270916,1.227119,-0.3370393,-3.294738,0.140029,-0.1625315,0.0390894,0.9759341,16.62011,341.3584,1.840719,0.3446991,-0.09621873,-0.9337687,0,0,0,0.8969064,-0.6357324,-2.459604,-0.04687029,-0.02819607,0.9448357,0.9441111,0.03077913,0.3281873,-0.1218156,0.9577278,0.2606117,-0.3062927,-0.2860247,0.9079508,static,-20.64111,-22.82599,-2.839933,-1.70933
05/15/2023 14:23:48.072031,4456,True,True,True,True,Eyes,1.215009,-0.3396601,-3.293808,-0.3276565,-0.3664747,0.8708258,0,0,0,0,0,0,0,-0.06816339,1.332043,3.270379,1.227136,-0.3371578,-3.294666,0.1402052,-0.1623777,0.03898242,0.9759387,16.63795,341.3745,1.82757,0.3446801,-0.09622594,-0.933775,0,0,0,0.8969064,-0.6357324,-2.459604,-0.04714191,-0.02781151,0.9447386,0.9442277,0.03055648,0.3278725,-0.1216213,0.9576457,0.2610036,-0.3060104,-0.2863231,0.9079519,static,-20.61929,-22.8231,-2.856657,-1.686204
05/15/2023 14:23:48.091857,4457,True,True,True,True,Eyes,1.214846,-0.339688,-3.293846,-0.3271995,-0.366488,0.870992,0,0,0,0,0,0,0,-0.0698936,1.334618,3.269306,1.227164,-0.3371607,-3.294669,0.1406142,-0.1621545,0.03889605,0.9759204,16.68268,341.3983,1.81363,0.3446594,-0.09623322,-0.9337819,0,0,0,0.8969064,-0.6357324,-2.459604,-0.04751006,-0.02707273,0.9447531,0.944386,0.03031643,0.3274386,-0.1215214,0.9574294,0.2618423,-0.3055612,-0.287071,0.9078671,static,-20.58934,-22.81994,-2.878884,-1.641412
05/15/2023 14:23:48.112312,4458,True,True,True,True,Eyes,1.214688,-0.3397111,-3.293883,-0.3267477,-0.3665157,0.8711499,0,0,0,0,0,0,0,-0.07180059,1.33566,3.268742,1.227117,-0.3372101,-3.294586,0.1407852,-0.1618993,0.03880923,0.9759416,16.70012,341.4268,1.804736,0.3446363,-0.09624061,-0.9337896,0,0,0,0.8969064,-0.6357324,-2.459604,-0.04792455,-0.02676541,0.9446353,0.9445649,0.03016504,0.3269361,-0.1213371,0.9573468,0.2622298,-0.3050811,-0.2873626,0.9079363,static,-20.55988,-22.81777,-2.904319,-1.622991
05/15/2023 14:23:48.122085,4459,True,True,True,True,Eyes,1.21452,-0.3397359,-3.293921,-0.3263323,-0.3665357,0.8712972,0,0,0,0,0,0,0,-0.07318056,1.336905,3.268215,1.227097,-0.3371184,-3.294615,0.141005,-0.1617204,0.03871729,0.9759433,16.72321,341.446,1.792979,0.3446112,-0.09624796,-0.9337981,0,0,0,0.8969064,-0.6357324,-2.459604,-0.04818106,-0.02647243,0.9446785,0.944695,0.02996498,0.3265785,-0.1211785,0.9572371,0.262703,-0.3047412,-0.2877485,0.9079282,static,-20.53274,-22.81543,-2.919703,-1.605162
05/15/2023 14:23:48.142076,4460,True,True,True,True,Eyes,1.214358,-0.3397628,-3.293961,-0.3259262,-0.366563,0.8714377,0,0,0,0,0,0,0,-0.07486856,1.338162,3.267561,1.227043,-0.3371777,-3.294528,0.1411908,-0.1614731,0.03872135,0.9759572,16.74407,341.475,1.794297,0.3445841,-0.09625533,-0.9338074,0,0,0,0.8969064,-0.6357324,-2.459604,-0.04860035,-0.02609301,0.9445532,0.9448542,0.02998372,0.3261159,-0.1211778,0.9571317,0.2630873,-0.3042475,-0.2880971,0.9079832,static,-20.50629,-22.81365,-2.945458,-1.582377
05/15/2023 14:23:48.161746,4461,True,True,True,True,Eyes,1.214179,-0.3397921,-3.294003,-0.3255517,-0.3665841,0.8715688,0,0,0,0,0,0,0,-0.07497489,1.338972,3.267301,1.227017,-0.3372511,-3.294603,0.1412746,-0.1614155,0.0388619,0.9759489,16.75617,341.4839,1.81015,0.3445552,-0.09626278,-0.9338173,0,0,0,0.8969064,-0.6357324,-2.459604,-0.04869077,-0.02579093,0.9445909,0.9448696,0.03024662,0.3260471,-0.1214623,0.9570625,0.2632078,-0.3040862,-0.2882994,0.907973,static,-20.48186,-22.81175,-2.95081,-1.564005
05/15/2023 14:23:48.171913,4462,True,True,True,True,Eyes,1.214008,-0.3398211,-3.294049,-0.325191,-0.3666131,0.8716913,0,0,0,0,0,0,0,-0.07507324,1.340349,3.266617,1.226971,-0.3373148,-3.294498,0.141442,-0.1613479,0.03906994,0.9759277,16.77906,341.4949,1.832491,0.3445244,-0.09627036,-0.9338278,0,0,0,0.8969064,-0.6357324,-2.459604,-0.04884931,-0.02536422,0.9444652,0.9448807,0.03061611,0.3259801,-0.1219016,0.9569353,0.2634667,-0.3038756,-0.2886821,0.907922,static,-20.45841,-22.81049,-2.960795,-1.538345
05/15/2023 14:23:48.192097,4463,True,True,True,True,Eyes,1.213846,-0.3398484,-3.294088,-0.3248837,-0.3666042,0.8718096,0,0,0,0,0,0,0,-0.07466686,1.341162,3.266402,1.226989,-0.3373328,-3.294599,0.1415355,-0.1613711,0.03920214,0.9759049,16.79227,341.494,1.845764,0.3444919,-0.09627805,-0.933839,0,0,0,0.8969064,-0.6357324,-2.459604,-0.04881743,-0.02508977,0.9445635,0.9448451,0.03083565,0.3260626,-0.1221946,0.9568618,0.2635981,-0.3038687,-0.2889025,0.9078541,static,-20.43813,-22.80721,-2.958558,-1.521549
05/15/2023 14:23:48.212222,4464,True,True,True,True,Eyes,1.213687,-0.3398764,-3.294126,-0.3245984,-0.3666025,0.8719166,0,0,0,0,0,0,0,-0.0739578,1.341442,3.266214,1.226926,-0.3373205,-3.294534,0.1415582,-0.1614325,0.0393425,0.9758857,16.79759,341.489,1.86065,0.3444583,-0.09628579,-0.9338506,0,0,0,0.8969064,-0.6357324,-2.459604,-0.04870328,-0.0250272,0.944496,0.9447834,0.03108337,0.3262179,-0.1224918,0.9568269,0.2635869,-0.3039409,-0.2889915,0.9078016,static,-20.41937,-22.80461,-2.951863,-1.517865
05/15/2023 14:23:48.222351,4465,True,True,True,True,Eyes,1.213538,-0.3399038,-3.294157,-0.3244023,-0.3665598,0.8720075,0,0,0,0,0,0,0,-0.07247794,1.342055,3.265974,1.226858,-0.3373608,-3.294534,0.1416246,-0.1616026,0.03947715,0.9758425,16.80803,341.4706,1.872118,0.3444237,-0.09629359,-0.9338626,0,0,0,0.8969064,-0.6357324,-2.459604,-0.04835007,-0.02482025,0.9444834,0.9446523,0.03127315,0.3265792,-0.1228208,0.956768,0.2636474,-0.3042155,-0.2891659,0.9076542,static,-20.4061,-22.80009,-2.930532,-1.50534
05/15/2023 14:23:48.241751,4466,True,True,True,True,Eyes,1.213396,-0.339936,-3.294193,-0.3242236,-0.3665251,0.8720886,0,0,0,0,0,0,0,-0.07127893,1.342105,3.265874,1.226806,-0.3373848,-3.294447,0.1416299,-0.1617649,0.03950583,0.9758137,16.80947,341.4515,1.872492,0.3443885,-0.09630144,-0.9338747,0,0,0,0.8969064,-0.6357324,-2.459604,-0.04803038,-0.02480778,0.9443968,0.9445428,0.03127917,0.3268952,-0.1229221,0.9567605,0.2636274,-0.3045144,-0.2891901,0.9075462,static,-20.39404,-22.79625,-2.911455,-1.504722
05/15/2023 14:23:48.262155,4467,True,True,True,True,Eyes,1.213256,-0.3399656,-3.294225,-0.3241174,-0.3664898,0.8721429,0,0,0,0,0,0,0,-0.07000089,1.342807,3.265771,1.226837,-0.3375262,-3.294577,0.1416957,-0.1619229,0.0395994,0.9757742,16.81905,341.4339,1.879378,0.3443529,-0.09630946,-0.933887,0,0,0,0.8969064,-0.6357324,-2.459604,-0.04773456,-0.02447571,0.9445015,0.9444257,0.03139257,0.3272226,-0.1231677,0.9567085,0.2637019,-0.3047783,-0.2893501,0.9074066,static,-20.38675,-22.793,-2.893234,-1.484424
05/15/2023 14:23:48.273300,4468,True,True,True,True,Eyes,1.21312,-0.3399967,-3.294257,-0.3240123,-0.366469,0.8721907,0,0,0,0,0,0,0,-0.06927466,1.343999,3.265212,1.226822,-0.3374979,-3.294502,0.1418899,-0.1620312,0.03959195,0.9757283,16.84132,341.4201,1.872905,0.344317,-0.09631755,-0.9338994,0,0,0,0.8969064,-0.6357324,-2.459604,-0.04751503,-0.02416663,0.9444579,0.9443568,0.0312808,0.3274323,-0.1232432,0.9565995,0.2640616,-0.3049615,-0.2897222,0.9072263,static,-20.37965,-22.79072,-2.880084,-1.465755
05/15/2023 14:23:48.292172,4469,True,True,True,True,Eyes,1.212981,-0.3400279,-3.29429,-0.3238712,-0.3664649,0.8722447,0,0,0,0,0,0,0,-0.06927764,1.34521,3.264716,1.226795,-0.3375617,-3.294508,0.1420577,-0.1620142,0.03964164,0.9757047,16.86142,341.4224,1.875831,0.344281,-0.09632575,-0.9339118,0,0,0,0.8969064,-0.6357324,-2.459604,-0.04751092,-0.02377318,0.9444442,0.9443599,0.03132633,0.3274187,-0.1233878,0.9564963,0.2643678,-0.3048932,-0.2900578,0.907142,static,-20.37035,-22.78922,-2.879876,-1.441922
05/15/2023 14:23:48.314539,4470,True,True,True,True,Eyes,1.212846,-0.3400576,-3.294318,-0.3237264,-0.3664756,0.8722941,0,0,0,0,0,0,0,-0.06946862,1.346675,3.264059,1.226791,-0.3375926,-3.294459,0.1422749,-0.1619807,0.03967267,0.9756773,16.88677,341.4261,1.875935,0.3442448,-0.09633405,-0.9339243,0,0,0,0.8969064,-0.6357324,-2.459604,-0.04756695,-0.02333832,0.9443976,0.9443767,0.03132386,0.3273706,-0.123507,0.9563679,0.2647765,-0.3047929,-0.2904813,0.9070402,static,-20.36093,-22.78867,-2.883409,-1.415627
05/15/2023 14:23:48.325299,4471,True,True,True,True,Eyes,1.212729,-0.3400866,-3.294339,-0.3235855,-0.3664937,0.8723387,0,0,0,0,0,0,0,-0.07002985,1.347947,3.263453,1.22674,-0.3375829,-3.29441,0.1424648,-0.1618828,0.03972314,0.975664,16.90924,341.438,1.879981,0.3442085,-0.09634241,-0.9339368,0,0,0,0.8969064,-0.6357324,-2.459604,-0.04771078,-0.0229903,0.9443405,0.9444321,0.03138767,0.3272046,-0.123638,0.9562518,0.2651345,-0.3045681,-0.2908564,0.9069955,static,-20.35184,-22.78863,-2.892287,-1.39461
05/15/2023 14:23:48.341587,4472,True,True,True,True,Eyes,1.212619,-0.3401157,-3.294361,-0.323445,-0.3665268,0.8723768,0,0,0,0,0,0,0,-0.07035804,1.34884,3.263031,1.226729,-0.337612,-3.294366,0.1426048,-0.1618429,0.03969663,0.975651,16.92468,341.4418,1.874942,0.3441728,-0.09635082,-0.9339492,0,0,0,0.8969064,-0.6357324,-2.459604,-0.04776385,-0.02272414,0.9442925,0.9444621,0.03130098,0.3271261,-0.1236192,0.9561761,0.2654158,-0.3044825,-0.2911142,0.9069416,static,-20.34291,-22.78958,-2.895646,-1.378541
05/15/2023 14:23:48.361661,4473,True,True,True,True,Eyes,1.212511,-0.3401453,-3.29438,-0.3233255,-0.3665583,0.872408,0,0,0,0,0,0,0,-0.07070386,1.350288,3.262502,1.226767,-0.3376429,-3.294425,0.1428178,-0.1617929,0.03970712,0.9756278,16.94913,341.4472,1.873024,0.3441376,-0.09635925,-0.9339613,0,0,0,0.8969064,-0.6357324,-2.459604,-0.04784998,-0.02227159,0.9443544,0.9444928,0.03126493,0.3270411,-0.1236925,0.9560528,0.2658253,-0.3043576,-0.2915226,0.9068522,static,-20.33534,-22.79061,-2.900669,-1.351009
05/15/2023 14:23:48.371590,4474,True,True,True,True,Eyes,1.212408,-0.3401738,-3.2944,-0.3232057,-0.3666016,0.8724341,0,0,0,0,0,0,0,-0.07127714,1.351788,3.261794,1.226769,-0.3376844,-3.294346,0.143044,-0.1617126,0.03971403,0.9756077,16.97499,341.4561,1.870983,0.3441031,-0.09636771,-0.9339731,0,0,0,0.8969064,-0.6357324,-2.459604,-0.04800087,-0.02182589,0.9442755,0.9445437,0.03122657,0.3268978,-0.1237547,0.9559224,0.2662652,-0.3041744,-0.2919542,0.9067749,static,-20.32787,-22.79242,-2.910043,-1.324094
05/15/2023 14:23:48.391513,4475,True,True,True,True,Eyes,1.212312,-0.3402011,-3.294417,-0.3231128,-0.3666255,0.8724586,0,0,0,0,0,0,0,-0.07159519,1.352969,3.261353,1.226789,-0.3376859,-3.294394,0.1432203,-0.1616637,0.03972927,0.9755893,16.99534,341.4616,1.870306,0.3440692,-0.09637617,-0.9339848,0,0,0,0.8969064,-0.6357324,-2.459604,-0.04807901,-0.02147317,0.9443284,0.9445729,0.03121189,0.3268147,-0.1238259,0.9558191,0.2666027,-0.3040546,-0.2922938,0.9067057,static,-20.32198,-22.79317,-2.914609,-1.302629
05/15/2023 14:23:48.411716,4476,True,True,True,True,Eyes,1.21222,-0.3402273,-3.294431,-0.323012,-0.3666565,0.8724829,0,0,0,0,0,0,0,-0.07215571,1.354174,3.260803,1.226804,-0.3376927,-3.294351,0.1434074,-0.1615893,0.03972065,0.9755745,17.01644,341.4697,1.867089,0.3440361,-0.09638461,-0.933996,0,0,0,0.8969064,-0.6357324,-2.459604,-0.04822069,-0.0211294,0.9442936,0.9446224,0.0311547,0.3266773,-0.1238471,0.9557132,0.2669723,-0.3038923,-0.2926461,0.9066464,static,-20.31564,-22.79433,-2.923291,-1.28183
05/15/2023 14:23:48.422336,4477,True,True,True,True,Eyes,1.212157,-0.3402534,-3.294434,-0.3230208,-0.3666413,0.8724859,0,0,0,0,0,0,0,-0.07324898,1.354895,3.260458,1.226819,-0.3376935,-3.294324,0.1435201,-0.1614387,0.03970724,0.9755833,17.0288,341.4872,1.866092,0.3440039,-0.09639298,-0.934007,0,0,0,0.8969064,-0.6357324,-2.459604,-0.04850984,-0.02092671,0.9442644,0.9447218,0.03113603,0.3263914,-0.1238148,0.9556506,0.2672111,-0.3035963,-0.2928522,0.9066791,static,-20.31609,-22.79341,-2.94088,-1.269577
05/15/2023 14:23:48.441774,4478,True,True,True,True,Eyes,1.212099,-0.3402773,-3.294436,-0.3230279,-0.3666337,0.8724865,0,0,0,0,0,0,0,-0.07384956,1.355457,3.260184,1.226822,-0.3377428,-3.294291,0.1436003,-0.1613548,0.03970445,0.9755856,17.03776,341.4969,1.865757,0.3439732,-0.0964013,-0.9340174,0,0,0,0.8969064,-0.6357324,-2.459604,-0.04866976,-0.02073802,0.9442166,0.9447764,0.03112896,0.326234,-0.1238114,0.955605,0.2673758,-0.3034278,-0.2930018,0.9066871,static,-20.31648,-22.79297,-2.950706,-1.258197
05/15/2023 14:23:48.461724,4479,True,True,True,True,Eyes,1.212065,-0.3402982,-3.294425,-0.3232054,-0.3665719,0.8724467,0,0,0,0,0,0,0,-0.07416439,1.356045,3.259914,1.226884,-0.3377118,-3.294253,0.1437047,-0.1613316,0.03965797,0.975576,17.04879,341.4985,1.858766,0.3439442,-0.09640951,-0.9340273,0,0,0,0.8969064,-0.6357324,-2.459604,-0.04875743,-0.02059397,0.9442134,0.9447988,0.03101051,0.3261805,-0.1237469,0.9555524,0.2675935,-0.3033843,-0.2931859,0.9066422,static,-20.32758,-22.79046,-2.956023,-1.249464
05/15/2023 14:23:48.471626,4480,True,True,True,True,Eyes,1.212034,-0.3403197,-3.294417,-0.3233759,-0.366517,0.8724066,0,0,0,0,0,0,0,-0.07449746,1.356158,3.259791,1.226877,-0.3376928,-3.29419,0.14375,-0.1613158,0.03953947,0.9755767,17.05173,341.4982,1.844331,0.3439173,-0.09641755,-0.9340363,0,0,0,0.8969064,-0.6357324,-2.459604,-0.04876125,-0.02059369,0.9441609,0.9448277,0.03076928,0.3261195,-0.1235259,0.9555452,0.2677216,-0.3033842,-0.293235,0.9066263,static,-20.33829,-22.78833,-2.956417,-1.249516
05/15/2023 14:23:48.492240,4481,True,True,True,True,Eyes,1.212034,-0.3403409,-3.294394,-0.3237116,-0.3663979,0.8723322,0,0,0,0,0,0,0,-0.074857,1.356604,3.259666,1.226913,-0.3377323,-3.294241,0.1438327,-0.1612963,0.03942115,0.9755725,17.05895,341.4982,1.829275,0.3438924,-0.09642544,-0.9340447,0,0,0,0.8969064,-0.6357324,-2.459604,-0.04876786,-0.02043176,0.9442092,0.944859,0.03051701,0.3260526,-0.1233157,0.9555163,0.2679215,-0.3033724,-0.2933555,0.9065914,static,-20.35926,-22.78343,-2.956667,-1.239631
05/15/2023 14:23:48.511862,4482,True,True,True,True,Eyes,1.212036,-0.3403635,-3.294369,-0.324024,-0.3662959,0.872259,0,0,0,0,0,0,0,-0.07535863,1.357146,3.259341,1.226907,-0.3377765,-3.294152,0.1439278,-0.1612469,0.03934376,0.9755697,17.06829,341.5025,1.819312,0.3438701,-0.09643319,-0.9340522,0,0,0,0.8969064,-0.6357324,-2.459604,-0.04884782,-0.02026768,0.9441141,0.944903,0.03034935,0.3259406,-0.123181,0.9554737,0.268135,-0.3032899,-0.2935113,0.9065685,static,-20.37886,-22.77945,-2.961804,-1.229803
05/15/2023 14:23:48.522043,4483,True,True,True,True,Eyes,1.212042,-0.3403837,-3.294341,-0.3242037,-0.3662141,0.8722266,0,0,0,0,0,0,0,-0.07609034,1.358276,3.258825,1.226983,-0.3378327,-3.294089,0.1440833,-0.1611407,0.03939971,0.9755621,17.08692,341.5156,1.824833,0.3438503,-0.09644086,-0.9340587,0,0,0,0.8969064,-0.6357324,-2.459604,-0.04913667,-0.01990663,0.9440604,0.9449627,0.03043836,0.3257593,-0.1233091,0.9553754,0.2684265,-0.3030519,-0.2938221,0.9065473,static,-20.38993,-22.77564,-2.979455,-1.20797
05/15/2023 14:23:48.541845,4484,True,True,True,True,Eyes,1.212049,-0.3404036,-3.294315,-0.3243716,-0.3661351,0.8721973,0,0,0,0,0,0,0,-0.07693028,1.359719,3.258128,1.226984,-0.3377992,-3.294018,0.144297,-0.1610032,0.03948049,0.9755501,17.11261,341.5327,1.83273,0.3438329,-0.0964484,-0.9340643,0,0,0,0.8969064,-0.6357324,-2.459604,-0.04941854,-0.01952353,0.9440013,0.9450386,0.03056584,0.3255271,-0.1234949,0.9552394,0.2688248,-0.3027394,-0.2942508,0.9065127,static,-20.40025,-22.77192,-2.996703,-1.184804
05/15/2023 14:23:48.571939,4485,True,True,True,True,Eyes,1.212072,-0.3404244,-3.29428,-0.3246371,-0.3660471,0.8721355,0,0,0,0,0,0,0,-0.07739687,1.359706,3.258141,1.227018,-0.3378113,-3.294023,0.1442914,-0.1609401,0.03948118,0.9755613,17.11187,341.5403,1.834058,0.3438176,-0.09645581,-0.9340692,0,0,0,0.8969064,-0.6357324,-2.459604,-0.0495685,-0.01951568,0.944006,0.9450791,0.03058809,0.3254074,-0.1234771,0.9552425,0.2688219,-0.3026202,-0.2942383,0.9065566,static,-20.41689,-22.76845,-3.005765,-1.184322
05/15/2023 14:23:48.571939,4486,True,True,True,True,Eyes,1.212095,-0.3404458,-3.294246,-0.3248962,-0.3659714,0.8720707,0,0,0,0,0,0,0,-0.07770503,1.36036,3.257812,1.226993,-0.3378739,-3.293977,0.1443756,-0.1608821,0.03952936,0.9755564,17.1223,341.5478,1.839155,0.3438047,-0.09646312,-0.9340732,0,0,0,0.8969064,-0.6357324,-2.459604,-0.04967123,-0.01929316,0.9439366,0.9451088,0.03067135,0.3253132,-0.1235811,0.9551862,0.268974,-0.3024848,-0.2944122,0.9065453,static,-20.43324,-22.76574,-3.012204,-1.170908
05/15/2023 14:23:48.591497,4487,True,True,True,True,Eyes,1.212128,-0.3404643,-3.294208,-0.3251362,-0.3659016,0.8720106,0,0,0,0,0,0,0,-0.07696569,1.361128,3.257501,1.227025,-0.337905,-3.293955,0.1444741,-0.1609713,0.0396185,0.9755234,17.13538,341.5382,1.846113,0.343794,-0.09647037,-0.9340764,0,0,0,0.8969064,-0.6357324,-2.459604,-0.0495533,-0.01904643,0.9439291,0.9450372,0.03078519,0.3255103,-0.1238099,0.9551152,0.2691208,-0.3026149,-0.2946305,0.9064309,moving,-20.44838,-22.76325,-3.00509,-1.155947
05/15/2023 14:23:48.612622,4488,True,True,True,True,Eyes,1.212161,-0.3404805,-3.294168,-0.3253717,-0.3658359,0.8719503,0,0,0,0,0,0,0,-0.07651806,1.36313,3.256621,1.227041,-0.3378659,-3.2939,0.1447695,-0.1610115,0.0397347,0.9754683,17.17143,341.5343,1.853406,0.3437855,-0.09647748,-0.9340788,0,0,0,0.8979891,-0.6326922,-2.459466,-0.04834619,-0.01569149,0.9428124,0.944993,0.03090074,0.325628,-0.124139,0.9549258,0.2696407,-0.3026185,-0.2952317,0.9062341,moving,-20.46326,-22.761,-2.935482,-0.9535015
05/15/2023 14:23:48.622178,4489,True,True,True,True,Eyes,1.212217,-0.3404948,-3.294117,-0.3256739,-0.3657446,0.8718758,0,0,0,0,0,0,0,-0.07581091,1.36317,3.256563,1.227099,-0.3378257,-3.293826,0.1447684,-0.1611032,0.03982059,0.9754499,17.17307,341.5248,1.861816,0.343779,-0.09648441,-0.9340805,0,0,0,0.8990595,-0.6296864,-2.459329,-0.04712999,-0.01293707,0.9416949,0.9449201,0.03104066,0.3258258,-0.1243313,0.9549128,0.2695982,-0.3027667,-0.2952591,0.9061757,moving,-20.48229,-22.75764,-2.865151,-0.7870839
05/15/2023 14:23:48.641731,4490,True,True,True,True,Eyes,1.212273,-0.3405079,-3.29407,-0.3259519,-0.3656736,0.8718017,0,0,0,0,0,0,0,-0.07638478,1.362985,3.256544,1.227102,-0.3378273,-3.293742,0.1447965,-0.1610961,0.03954043,0.9754582,17.17105,341.5207,1.828624,0.3437751,-0.09649112,-0.9340813,0,0,0,0.9001113,-0.6267328,-2.459194,-0.04596242,-0.01029284,0.9405532,0.9449692,0.03048778,0.3257357,-0.1237924,0.954941,0.2697462,-0.3028344,-0.2952254,0.9061641,moving,-20.49992,-22.75541,-2.797673,-0.6269853
05/15/2023 14:23:48.661828,4491,True,True,True,True,Eyes,1.212337,-0.3405232,-3.294018,-0.3261551,-0.365639,0.8717402,0,0,0,0,0,0,0,-0.07878518,1.364528,3.255899,1.227138,-0.3378208,-3.293787,0.1451087,-0.1608573,0.03913176,0.9754676,17.19874,341.5412,1.779219,0.3437733,-0.0964976,-0.9340812,0,0,0,0.9011682,-0.6237652,-2.459059,-0.04514775,-0.00712271,0.9395218,0.9451872,0.02965992,0.325179,-0.1230271,0.9548244,0.2705084,-0.3024655,-0.295687,0.9061368,moving,-20.51296,-22.75492,-2.751173,-0.4343629
05/15/2023 14:23:48.681623,4492,True,True,True,True,Eyes,1.2124,-0.3405436,-3.293969,-0.3263353,-0.3656146,0.8716829,0,0,0,0,0,0,0,-0.08006263,1.365594,3.255369,1.227151,-0.3379029,-3.293722,0.1452578,-0.1606728,0.03915206,0.9754751,17.21584,341.5631,1.782134,0.3437738,-0.09650394,-0.9340804,0,0,0,0.9022478,-0.6207334,-2.458921,-0.04435763,-0.003973037,0.9383302,0.9453028,0.02970575,0.3248388,-0.1230616,0.9547346,0.2708094,-0.3020903,-0.2959721,0.9061689,moving,-20.52459,-22.75489,-2.706525,-0.2425979
05/15/2023 14:23:48.691585,4493,True,True,True,True,Eyes,1.212495,-0.3405625,-3.293908,-0.3266772,-0.3655572,0.8715791,0,0,0,0,0,0,0,-0.08087826,1.366517,3.255023,1.227197,-0.3380403,-3.293752,0.145345,-0.160518,0.03931577,0.975481,17.22857,341.5842,1.802474,0.3437762,-0.09651028,-0.9340788,0,0,0,0.9033151,-0.6177368,-2.458785,-0.04356894,-0.000832513,0.93723,0.9453765,0.0300426,0.3245933,-0.1233645,0.9546582,0.2709408,-0.3017359,-0.2961843,0.9062176,moving,-20.54654,-22.75412,-2.661589,-0.05089409
05/15/2023 14:23:48.711803,4494,True,True,True,True,Eyes,1.212587,-0.3405813,-3.293848,-0.326983,-0.3655291,0.8714761,0,0,0,0,0,0,0,-0.08257926,1.369045,3.25392,1.227194,-0.3380535,-3.293754,0.1457294,-0.1602705,0.03932462,0.9754639,17.27227,341.6126,1.800777,0.3437813,-0.09651658,-0.9340762,0,0,0,0.904451,-0.614547,-2.45864,-0.04276884,0.002844766,0.9360504,0.9455339,0.03000722,0.3241377,-0.1234317,0.954433,0.2717024,-0.3012148,-0.2969127,0.9061526,moving,-20.56639,-22.75497,-2.616067,0.174128
05/15/2023 14:23:48.722244,4495,True,True,True,True,Eyes,1.212677,-0.3406031,-3.293791,-0.3271265,-0.3655503,0.8714134,0,0,0,0,0,0,0,-0.08473957,1.371477,3.252817,1.227206,-0.3380685,-3.293725,0.1461158,-0.1599819,0.03924876,0.9754566,17.31456,341.6445,1.789898,0.3437887,-0.09652285,-0.9340729,0,0,0,0.9055029,-0.6115934,-2.458505,-0.04213959,0.006268755,0.9349257,0.9457306,0.02981915,0.3235806,-0.1233227,0.9542195,0.272501,-0.3006411,-0.2976174,0.9061119,moving,-20.57602,-22.75763,-2.580727,0.3841672
05/15/2023 14:23:48.741741,4496,True,True,True,True,Eyes,1.212764,-0.340627,-3.293739,-0.3272575,-0.3655883,0.8713483,0,0,0,0,0,0,0,-0.08563721,1.373648,3.251919,1.227197,-0.3381654,-3.293759,0.1464252,-0.1598375,0.03929666,0.975432,17.35059,341.6616,1.792339,0.3437981,-0.09652916,-0.9340688,0,0,0,0.906468,-0.6088832,-2.458382,-0.04133022,0.009463891,0.9339237,0.9458155,0.02985395,0.3233293,-0.1234709,0.9540309,0.2730935,-0.3003132,-0.2982178,0.9060233,moving,-20.58497,-22.76127,-2.533936,0.5805854
05/15/2023 14:23:48.761840,4497,True,True,True,True,Eyes,1.212872,-0.3406495,-3.293678,-0.3275965,-0.3655832,0.8712229,0,0,0,0,0,0,0,-0.08571398,1.375269,3.251309,1.227208,-0.3382342,-3.293825,0.1466386,-0.1597932,0.03942092,0.9754022,17.37723,341.6682,1.803703,0.3438092,-0.09653557,-0.934064,0,0,0,0.907568,-0.6057943,-2.458241,-0.04022756,0.01284155,0.9328319,0.9458243,0.03003879,0.3232865,-0.1237662,0.9538862,0.2734648,-0.300164,-0.2986615,0.9059265,moving,-20.60723,-22.76394,-2.469301,0.7886955
05/15/2023 14:23:48.772295,4498,True,True,True,True,Eyes,1.212977,-0.3406695,-3.293617,-0.3279176,-0.365587,0.8711005,0,0,0,0,0,0,0,-0.08595634,1.377258,3.250428,1.22718,-0.3382494,-3.293801,0.1469438,-0.1597538,0.03942916,0.9753624,17.41225,341.6719,1.799661,0.3438225,-0.09654202,-0.9340585,0,0,0,0.9086899,-0.602644,-2.458098,-0.0390473,0.01631892,0.9316387,0.9458481,0.02996576,0.3232235,-0.1238651,0.9537057,0.274049,-0.300048,-0.2992449,0.9057724,moving,-20.62838,-22.76702,-2.400004,1.003511
05/15/2023 14:23:48.792111,4499,True,True,True,True,Eyes,1.213078,-0.3406875,-3.293561,-0.3282235,-0.3655623,0.8709957,0,0,0,0,0,0,0,-0.08619761,1.377961,3.250083,1.227202,-0.3382063,-3.293757,0.1470519,-0.1597136,0.03947124,0.975351,17.42532,341.6771,1.803303,0.3438376,-0.09654845,-0.9340523,0,0,0,0.9097502,-0.5996667,-2.457962,-0.03801996,0.01922987,0.9305244,0.9458672,0.03002425,0.3231623,-0.123969,0.9536355,0.2742462,-0.299945,-0.2994626,0.9057346,moving,-20.64827,-22.7681,-2.339726,1.183885
05/15/2023 14:23:48.811786,4500,True,True,True,True,Eyes,1.213173,-0.3407034,-3.293506,-0.3285135,-0.3655414,0.8708951,0,0,0,0,0,0,0,-0.08594275,1.378882,3.24974,1.227209,-0.3381797,-3.293798,0.1471765,-0.1597229,0.03957578,0.9753264,17.44154,341.6773,1.813043,0.3438541,-0.09655479,-0.9340456,0,0,0,0.9107731,-0.5967944,-2.457831,-0.03691009,0.02213384,0.9295163,0.9458447,0.03018367,0.3232132,-0.1242135,0.9535456,0.2744479,-0.2999147,-0.2997326,0.9056553,moving,-20.66716,-22.76929,-2.273959,1.364082
05/15/2023 14:23:48.821490,4501,True,True,True,True,Eyes,1.213267,-0.3407173,-3.293455,-0.3288503,-0.365409,0.8708237,0,0,0,0,0,0,0,-0.0862608,1.379106,3.249609,1.227166,-0.3381464,-3.293791,0.1472195,-0.1596755,0.03956129,0.9753283,17.44611,341.6826,1.811413,0.3438719,-0.09656098,-0.9340383,0,0,0,0.9119129,-0.5935937,-2.457686,-0.03573164,0.0251199,0.9283327,0.9458773,0.03015579,0.3231203,-0.1241852,0.9535226,0.2745408,-0.2998236,-0.2998087,0.9056603,moving,-20.68811,-22.76356,-2.204234,1.549997
05/15/2023 14:23:48.847433,4502,True,True,True,True,Eyes,1.21336,-0.3407283,-3.293405,-0.3291698,-0.365278,0.8707579,0,0,0,0,0,0,0,-0.08616447,1.377964,3.250158,1.227181,-0.3381247,-3.293848,0.1470563,-0.1597057,0.03949495,0.9753506,17.42625,341.6784,1.806146,0.3438908,-0.096567,-0.9340308,0,0,0,0.9129213,-0.5907622,-2.457557,-0.03459492,0.02740122,0.9273728,0.9458685,0.03007139,0.323154,-0.1240143,0.9536292,0.2742478,-0.299922,-0.299478,0.905737,moving,-20.70793,-22.75777,-2.136384,1.692435
05/15/2023 14:23:48.863123,4503,True,True,True,True,Eyes,1.213494,-0.3407354,-3.293342,-0.3296677,-0.3649699,0.8706986,0,0,0,0,0,0,0,-0.08660066,1.37759,3.250295,1.227225,-0.3380665,-3.293828,0.1470065,-0.15965,0.03949409,0.9753672,17.42044,341.6853,1.808005,0.3439105,-0.09657276,-0.9340229,0,0,0,0.9140537,-0.5875823,-2.457412,-0.03353977,0.03018647,0.9262232,0.9459043,0.03010329,0.3230464,-0.1239816,0.9536586,0.2741603,-0.2998229,-0.2993812,0.905802,moving,-20.73789,-22.74192,-2.07385,1.866662
05/15/2023 14:23:48.871678,4504,True,True,True,True,Eyes,1.213624,-0.3407406,-3.293282,-0.3301331,-0.3646591,0.8706526,0,0,0,0,0,0,0,-0.0866487,1.375567,3.251217,1.227237,-0.3380316,-3.293893,0.1467142,-0.1596659,0.03939797,0.9754126,17.38523,341.6828,1.801933,0.3439321,-0.09657818,-0.9340144,0,0,0,0.9151269,-0.5845688,-2.457275,-0.03236356,0.03237864,0.9252177,0.9459092,0.03000802,0.3230408,-0.1237091,0.9538454,0.2736327,-0.2999198,-0.2987948,0.9059634,moving,-20.76567,-22.7256,-2.003355,2.004288
05/15/2023 14:23:48.891749,4505,True,True,True,True,Eyes,1.213743,-0.3407435,-3.293227,-0.3304189,-0.3642205,0.8707277,0,0,0,0,0,0,0,-0.08789563,1.37426,3.251778,1.227271,-0.3379904,-3.293926,0.1465099,-0.1594839,0.03941857,0.9754722,17.36189,341.7059,1.811522,0.3439554,-0.09658323,-0.9340053,0,0,0,0.9161764,-0.5816218,-2.457141,-0.03162712,0.03470671,0.9241973,0.9460221,0.03017149,0.3226947,-0.1236354,0.953962,0.2732594,-0.2995938,-0.298406,0.9061995,moving,-20.78048,-22.69928,-1.959964,2.150638
05/15/2023 14:23:48.911623,4506,True,True,True,True,Eyes,1.213857,-0.3407364,-3.293178,-0.3306999,-0.3637411,0.8708214,0,0,0,0,0,0,0,-0.08705187,1.370143,3.253557,1.227284,-0.3379503,-3.293945,0.1458476,-0.1595648,0.03957889,0.9755517,17.28918,341.7014,1.841226,0.3439798,-0.09658789,-0.9339958,0,0,0,0.9172302,-0.5786628,-2.457006,-0.03045416,0.03624786,0.9232013,0.9459452,0.03067821,0.3228724,-0.1237668,0.9543239,0.271933,-0.2997824,-0.2971947,0.9065351,moving,-20.79459,-22.67024,-1.889363,2.248462
05/15/2023 14:23:48.922157,4507,True,True,True,True,Eyes,1.213968,-0.3407237,-3.293131,-0.330975,-0.3632102,0.8709385,0,0,0,0,0,0,0,-0.08749914,1.364868,3.255826,1.22726,-0.3377134,-3.294041,0.1451032,-0.1595461,0.03936934,0.9756742,17.20008,341.7029,1.830964,0.3440051,-0.0965919,-0.9339861,0,0,0,0.9183372,-0.5755541,-2.456864,-0.02929395,0.03747489,0.9222814,0.9459902,0.030522,0.3227552,-0.1231246,0.9547902,0.2705845,-0.2999048,-0.2957094,0.9069802,moving,-20.80785,-22.63775,-1.819245,2.326808
05/15/2023 14:23:48.941844,4508,True,True,True,True,Eyes,1.214098,-0.3407047,-3.293077,-0.3311,-0.3621408,0.8713363,0,0,0,0,0,0,0,-0.08869874,1.358603,3.25843,1.227293,-0.3375775,-3.29406,0.1442203,-0.1594653,0.03901859,0.9758324,17.09242,341.7098,1.807889,0.3440311,-0.09659518,-0.9339762,0,0,0,0.9193748,-0.5726405,-2.456732,-0.02838951,0.03830519,0.921365,0.9460968,0.03015494,0.3224774,-0.1221475,0.9553561,0.2690254,-0.2999683,-0.2939139,0.9075426,moving,-20.80634,-22.56852,-1.764865,2.380666
05/15/2023 14:23:48.961887,4509,True,True,True,True,Eyes,1.214232,-0.3406822,-3.293026,-0.3310434,-0.3606031,0.8719953,0,0,0,0,0,0,0,-0.0898236,1.351785,3.261268,1.227422,-0.3374765,-3.294055,0.1432192,-0.1593733,0.03880807,0.9760033,16.97383,341.721,1.803627,0.3440582,-0.0965976,-0.933966,0,0,0,0.9204726,-0.5695581,-2.456591,-0.02757627,0.03916934,0.9203975,0.9461882,0.03010298,0.3222138,-0.1214042,0.9559643,0.267195,-0.2999815,-0.2919348,0.9081768,moving,-20.78871,-22.46695,-1.71614,2.436865
05/15/2023 14:23:48.971979,4510,True,True,True,True,Eyes,1.21436,-0.3406535,-3.292984,-0.33099,-0.3590635,0.8726505,0,0,0,0,0,0,0,-0.09001935,1.346268,3.263654,1.227472,-0.3374209,-3.294152,0.142387,-0.1593675,0.03872405,0.9761294,16.87706,341.7233,1.809448,0.3440864,-0.09659915,-0.9339554,0,0,0,0.921545,-0.5665466,-2.456454,-0.02652434,0.0403848,0.919507,0.946205,0.03021563,0.3221542,-0.1209831,0.9564528,0.2656336,-0.300099,-0.290319,0.9086559,moving,-20.77137,-22.36536,-1.652311,2.514818
05/15/2023 14:23:48.991465,4511,True,True,True,True,Eyes,1.214521,-0.3406183,-3.292931,-0.3309531,-0.3571427,0.8734525,0,0,0,0,0,0,0,-0.09126091,1.340723,3.266058,1.227469,-0.3372575,-3.294325,0.1416103,-0.1592614,0.03839904,0.9762724,16.78202,341.7334,1.787832,0.3441155,-0.09659974,-0.9339446,0,0,0,0.9225852,-0.5636257,-2.456321,-0.02557656,0.04144803,0.9187353,0.9463226,0.02986974,0.3218404,-0.1200819,0.956944,0.2642694,-0.3000897,-0.2887314,0.9091646,moving,-20.75181,-22.23898,-1.594638,2.583103
05/15/2023 14:23:49.011886,4512,True,True,True,True,Eyes,1.214681,-0.3405777,-3.292886,-0.3309146,-0.3552295,0.8742469,0,0,0,0,0,0,0,-0.09283531,1.335511,3.268252,1.227563,-0.3371483,-3.294404,0.1408694,-0.1591119,0.03812365,0.9764149,16.69194,341.7494,1.7721,0.3441461,-0.09659925,-0.9339334,0,0,0,0.9237009,-0.5604928,-2.456179,-0.02475333,0.04283404,0.9178175,0.94646,0.029621,0.3214594,-0.119277,0.9574047,0.2629621,-0.2999775,-0.2872258,0.9096785,moving,-20.73235,-22.1132,-1.54488,2.672024
05/15/2023 14:23:49.022189,4513,True,True,True,True,Eyes,1.214847,-0.3405294,-3.292842,-0.3308677,-0.3530124,0.8751621,0,0,0,0,0,0,0,-0.09436059,1.329497,3.270835,1.227693,-0.3369877,-3.294546,0.1400064,-0.1589667,0.03786654,0.9765725,16.58826,341.7656,1.760682,0.3441782,-0.09659763,-0.9339218,0,0,0,0.9247357,-0.5575871,-2.456046,-0.0240398,0.04376884,0.9170801,0.9465915,0.02944613,0.3210881,-0.1184716,0.9579287,0.2614138,-0.2998819,-0.2854919,0.9102556,moving,-20.70983,-21.96757,-1.501574,2.732442
05/15/2023 14:23:49.042049,4514,True,True,True,True,Eyes,1.215009,-0.340473,-3.292805,-0.3308092,-0.350801,0.8760731,0,0,0,0,0,0,0,-0.09665275,1.32221,3.273833,1.227801,-0.3368218,-3.294634,0.1389618,-0.1587245,0.03755105,0.9767733,16.46256,341.7932,1.747481,0.3442116,-0.09659478,-0.9339097,0,0,0,0.925864,-0.5544189,-2.455902,-0.02341121,0.04458031,0.9162157,0.9467929,0.02924445,0.3205121,-0.117471,0.958559,0.2595477,-0.2996394,-0.2833889,0.9109923,moving,-20.68677,-21.82237,-1.463708,2.785644
05/15/2023 14:23:49.061833,4515,True,True,True,True,Eyes,1.215187,-0.3404077,-3.292769,-0.3305304,-0.3484325,0.8771228,0,0,0,0,0,0,0,-0.09967685,1.31497,3.276816,1.227875,-0.3365835,-3.29479,0.1379584,-0.1584011,0.03710637,0.976985,16.33912,341.8282,1.719778,0.3442461,-0.09659056,-0.9338974,0,0,0,0.9269172,-0.5514613,-2.455768,-0.02293801,0.04517694,0.9154995,0.9470645,0.02879923,0.3197492,-0.1162103,0.9591812,0.2578112,-0.2992727,-0.2813219,0.9117532,moving,-20.64816,-21.6652,-1.435256,2.82507
05/15/2023 14:23:49.071781,4516,True,True,True,True,Eyes,1.215364,-0.340333,-3.29274,-0.3302385,-0.3460479,0.8781761,0,0,0,0,0,0,0,-0.1034191,1.307086,3.280053,1.228008,-0.3363815,-3.29496,0.1368488,-0.1579803,0.03666351,0.977226,16.20343,341.8752,1.695847,0.3442821,-0.09658486,-0.9338847,0,0,0,0.9279928,-0.5484412,-2.45563,-0.02268189,0.04569152,0.9147955,0.947396,0.02841824,0.3187996,-0.1148959,0.9598564,0.2558801,-0.2987301,-0.2790486,0.9126293,moving,-20.60879,-21.50707,-1.420329,2.859391
05/15/2023 14:23:49.097048,4517,True,True,True,True,Eyes,1.215508,-0.3402539,-3.292734,-0.329578,-0.3436022,0.8793839,0,0,0,0,0,0,0,-0.1079562,1.297423,3.28395,1.22819,-0.3361005,-3.295129,0.1354972,-0.1574756,0.03611948,0.977516,16.03814,341.9315,1.665895,0.3443192,-0.09657755,-0.9338718,0,0,0,0.9290409,-0.5454981,-2.455496,-0.02266616,0.04559642,0.9141816,0.9477937,0.02793973,0.317658,-0.1132897,0.9606718,0.2535254,-0.2980816,-0.2762772,0.9136838,moving,-20.54513,-21.34211,-1.420297,2.855362
05/15/2023 14:23:49.112386,4518,True,True,True,True,Eyes,1.215654,-0.340172,-3.29274,-0.3289091,-0.3411561,0.8805858,0,0,0,0,0,0,0,-0.1127012,1.287096,3.28811,1.228345,-0.3359662,-3.295341,0.1340164,-0.1569262,0.03560637,0.9778273,15.85864,341.9941,1.642514,0.3443563,-0.09656862,-0.9338591,0,0,0,0.9300777,-0.5425865,-2.455364,-0.02271795,0.04540338,0.9135869,0.9482127,0.02757241,0.316437,-0.1116951,0.9615436,0.2509146,-0.2973496,-0.2732649,0.9148276,moving,-20.48125,-21.17734,-1.424467,2.845141
05/15/2023 14:23:49.122065,4519,True,True,True,True,Eyes,1.215801,-0.3400797,-3.292755,-0.3282265,-0.3387137,0.8817825,0,0,0,0,0,0,0,-0.1176984,1.278716,3.291611,1.228561,-0.3358335,-3.295682,0.1328144,-0.156324,0.03517118,0.9781035,15.71239,342.0632,1.623796,0.3443933,-0.09655813,-0.9338465,0,0,0,0.9312312,-0.5393475,-2.455216,-0.02274477,0.04609428,0.9129977,0.9486516,0.02727793,0.3151447,-0.1103262,0.9622467,0.2488162,-0.2964597,-0.2708086,0.9158462,moving,-20.41681,-21.01298,-1.427068,2.890224
05/15/2023 14:23:49.142326,4520,True,True,True,True,Eyes,1.215801,-0.3400797,-3.292755,-0.3282265,-0.3387137,0.8817825,0,0,0,0,0,0,0,-0.123314,1.270492,3.294852,1.228723,-0.3355067,-3.295918,0.1316814,-0.1556439,0.03468192,0.9783825,15.57298,342.1406,1.598627,0.3444303,-0.09654591,-0.9338341,0,0,0,0.9322971,-0.5363547,-2.45508,-0.0229834,0.04644872,0.9124318,0.9491443,0.02687355,0.3136924,-0.1088552,0.9629143,0.2468734,-0.2954246,-0.2684655,0.91687,moving,-20.41681,-21.01298,-1.442928,2.914213
05/15/2023 14:23:49.162278,4521,True,True,True,True,Eyes,1.215801,-0.3400797,-3.292755,-0.3282265,-0.3387137,0.8817825,0,0,0,0,0,0,0,-0.1288879,1.25902,3.299334,1.228875,-0.3351303,-3.296195,0.130047,-0.1549508,0.03425265,0.9787263,15.37739,342.222,1.589546,0.3444636,-0.09653492,-0.9338229,0,0,0,0.9333323,-0.5334476,-2.454947,-0.02330935,0.04580107,0.9119932,0.9496341,0.02674618,0.3122177,-0.1073497,0.9638291,0.2439458,-0.2943999,-0.2651756,0.9181561,moving,-20.41681,-21.01298,-1.464086,2.875027
05/15/2023 14:23:49.172069,4522,True,True,True,True,Eyes,1.215801,-0.3400797,-3.292755,-0.3282265,-0.3387137,0.8817825,0,0,0,0,0,0,0,-0.134586,1.245644,3.30443,1.22904,-0.3347467,-3.296423,0.1281265,-0.1542427,0.03382256,0.9791062,15.14915,342.3059,1.585468,0.3444936,-0.09652502,-0.9338129,0,0,0,0.9344054,-0.5304342,-2.45481,-0.02367193,0.04472326,0.9115124,0.9501305,0.02670661,0.3107071,-0.1057569,0.9648793,0.240465,-0.2933728,-0.2613325,0.9195856,moving,-20.41681,-21.01298,-1.487634,2.808959
05/15/2023 14:23:49.191790,4523,True,True,True,True,Eyes,1.215986,-0.3399268,-3.292803,-0.3275504,-0.3352049,0.8833733,0,0,0,0,0,0,0,-0.1401098,1.230062,3.310406,1.229305,-0.3344233,-3.296732,0.1258601,-0.1535695,0.03338778,0.9795208,14.88145,342.3865,1.586145,0.3445206,-0.09651612,-0.9338039,0,0,0,0.9354503,-0.5275002,-2.454677,-0.02409586,0.04303686,0.9111825,0.9506034,0.02675152,0.3092533,-0.1040646,0.966089,0.2363105,-0.2924446,-0.2568199,0.9211513,moving,-20.34453,-20.77976,-1.514811,2.704178
05/15/2023 14:23:49.211836,4524,True,True,True,True,Eyes,1.216173,-0.3397643,-3.292862,-0.3268529,-0.3316514,0.8849715,0,0,0,0,0,0,0,-0.1469791,1.213683,3.316464,1.229519,-0.3340997,-3.297002,0.1234732,-0.1526932,0.03297078,0.9799756,14.60006,342.4917,1.593724,0.3445492,-0.09650351,-0.9337947,0,0,0,0.9365559,-0.5243957,-2.454535,-0.02480143,0.04129404,0.9107526,0.9511954,0.02691406,0.3074132,-0.1023282,0.9673346,0.2319327,-0.2911292,-0.2520703,0.9228783,moving,-20.27106,-20.54396,-1.559882,2.596045
05/15/2023 14:23:49.226365,4525,True,True,True,True,Eyes,1.21636,-0.339588,-3.292927,-0.3261086,-0.327911,0.8866383,0,0,0,0,0,0,0,-0.1535478,1.197613,3.322367,1.229747,-0.3337329,-3.29732,0.1211405,-0.1518578,0.03256348,0.98041,14.32517,342.5917,1.60032,0.3445792,-0.09648727,-0.9337853,0,0,0,0.9376215,-0.5214034,-2.454399,-0.02546793,0.0395226,0.9104189,0.9517577,0.02705889,0.3056553,-0.1006434,0.9685292,0.2276446,-0.2898763,-0.2474247,0.9245284,moving,-20.1937,-20.29622,-1.602366,2.485732
05/15/2023 14:23:49.242208,4526,True,True,True,True,Eyes,1.216549,-0.3394028,-3.293,-0.3253466,-0.3241346,0.8883054,0,0,0,0,0,0,0,-0.1601971,1.181203,3.32824,1.229983,-0.3333225,-3.297594,0.118783,-0.1510301,0.03208291,0.9808422,14.04629,342.6896,1.598235,0.3446105,-0.09646736,-0.9337758,0,0,0,0.938649,-0.5185183,-2.454268,-0.02617136,0.03753461,0.9100976,0.9523212,0.0270569,0.3038952,-0.09881615,0.9697226,0.2233238,-0.2886516,-0.2427057,0.926161,moving,-20.11553,-20.04657,-1.647181,2.361677
05/15/2023 14:23:49.262296,4527,True,True,True,True,Eyes,1.216721,-0.3392073,-3.293088,-0.3245467,-0.3202594,0.8900019,0,0,0,0,0,0,0,-0.1670295,1.165058,3.333908,1.230213,-0.33295,-3.297866,0.1164887,-0.1502013,0.03148359,0.9812639,13.77266,342.7856,1.580825,0.3446428,-0.09644388,-0.9337662,0,0,0,0.9397739,-0.5153595,-2.454124,-0.02674389,0.03592156,0.9096829,0.9528967,0.02679392,0.3021092,-0.09678094,0.9708783,0.2191546,-0.2874393,-0.2380701,0.9277399,moving,-20.03481,-19.79082,-1.683961,2.261321
05/15/2023 14:23:49.271676,4528,True,True,True,True,Eyes,1.216896,-0.3389988,-3.293185,-0.3237365,-0.3163324,0.8916998,0,0,0,0,0,0,0,-0.1739516,1.14888,3.339522,1.230464,-0.3325788,-3.298172,0.1141904,-0.1493578,0.03089343,0.9816816,13.49883,342.8833,1.564295,0.3446756,-0.09641687,-0.9337569,0,0,0,0.9408302,-0.5123934,-2.453989,-0.02742448,0.03413822,0.9093673,0.9534757,0.02654457,0.300299,-0.09476545,0.9720123,0.2149688,-0.286188,-0.2334255,0.9293056,moving,-19.9537,-19.53225,-1.727389,2.14991
05/15/2023 14:23:49.291595,4529,True,True,True,True,Eyes,1.217102,-0.3387813,-3.293279,-0.3230528,-0.3123508,0.8933498,0,0,0,0,0,0,0,-0.1806182,1.130737,3.345721,1.230747,-0.3320934,-3.298486,0.1116384,-0.148578,0.03019108,0.9821151,13.19436,342.9725,1.537812,0.3447088,-0.09638629,-0.9337478,0,0,0,0.9418908,-0.5094153,-2.453853,-0.0280171,0.03177029,0.9091158,0.9540262,0.0261282,0.2985823,-0.09247624,0.9732507,0.2103121,-0.2851004,-0.228255,0.9309229,moving,-19.88099,-19.27167,-1.765181,2.001464
05/15/2023 14:23:49.311896,4530,True,True,True,True,Eyes,1.217311,-0.3385594,-3.293382,-0.32235,-0.3083397,0.8949956,0,0,0,0,0,0,0,-0.1871871,1.112088,3.352016,1.231045,-0.3317638,-3.298826,0.1089889,-0.1478078,0.02950129,0.9825498,12.87913,343.0608,1.513861,0.3447432,-0.09635223,-0.9337386,0,0,0,0.9429604,-0.5064118,-2.453717,-0.02859044,0.02941808,0.9088571,0.954565,0.02575416,0.2968877,-0.09019177,0.9745022,0.2054529,-0.2840264,-0.222895,0.9325485,moving,-19.80747,-19.00961,-1.801792,1.853915
05/15/2023 14:23:49.328399,4531,True,True,True,True,Eyes,1.217501,-0.3383297,-3.293499,-0.3214787,-0.3044442,0.8966411,0,0,0,0,0,0,0,-0.193767,1.095707,3.357404,1.231321,-0.3314692,-3.299129,0.1066655,-0.1470159,0.02889505,0.9829416,12.60263,343.1519,1.493831,0.3447787,-0.09631488,-0.9337294,0,0,0,0.9440591,-0.5033268,-2.453576,-0.02914582,0.02778888,0.9085113,0.9551028,0.02544123,0.2951802,-0.08816732,0.9755751,0.2011959,-0.2828518,-0.218188,0.9340175,moving,-19.72462,-18.75433,-1.837468,1.751975
05/15/2023 14:23:49.341828,4532,True,True,True,True,Eyes,1.217693,-0.3380908,-3.293624,-0.3205996,-0.300512,0.8982808,0,0,0,0,0,0,0,-0.2003455,1.079499,3.362622,1.231584,-0.3310785,-3.299435,0.1043967,-0.1462312,0.02824209,0.983321,12.33168,343.2414,1.466969,0.3448144,-0.09627434,-0.9337204,0,0,0,0.9451098,-0.5003762,-2.453442,-0.02971631,0.02602448,0.9082251,0.9556376,0.02500997,0.2934812,-0.08607416,0.9766074,0.1970511,-0.2816876,-0.2135706,0.9354356,moving,-19.64166,-18.49722,-1.873998,1.641316
05/15/2023 14:23:49.361896,4533,True,True,True,True,Eyes,1.217886,-0.3378459,-3.29376,-0.3197024,-0.2966789,0.8998734,0,0,0,0,0,0,0,-0.2066758,1.062603,3.368011,1.231861,-0.3306538,-3.299777,0.1020366,-0.1454848,0.02756917,0.9836985,12.05018,343.3262,1.438452,0.3448505,-0.09623064,-0.9337116,0,0,0,0.946173,-0.4973907,-2.453306,-0.03020863,0.02410191,0.9079859,0.9561482,0.02454994,0.2918525,-0.08392903,0.977657,0.1927247,-0.2806002,-0.2087683,0.9368454,moving,-19.55884,-18.24685,-1.905524,1.520523
05/15/2023 14:23:49.371895,4534,True,True,True,True,Eyes,1.218082,-0.3375951,-3.293898,-0.3187988,-0.292809,0.9014601,0,0,0,0,0,0,0,-0.2128105,1.046341,3.373167,1.23217,-0.3302979,-3.300157,0.09976598,-0.1447687,0.02689027,0.9840559,11.77894,343.4072,1.406989,0.3448868,-0.09618392,-0.933703,0,0,0,0.9473163,-0.4941803,-2.45316,-0.03056924,0.02263439,0.9077206,0.9566379,0.02403708,0.2902863,-0.08180902,0.9786473,0.1885648,-0.2795554,-0.2041363,0.9381776,moving,-19.47599,-17.99465,-1.928817,1.428398
05/15/2023 14:23:49.391669,4535,True,True,True,True,Eyes,1.218271,-0.3373421,-3.294048,-0.3180212,-0.2890432,0.9029487,0,0,0,0,0,0,0,-0.2191876,1.029616,3.378186,1.23243,-0.32994,-3.300386,0.09744817,-0.144028,0.02614915,0.9844167,11.50138,343.4903,1.369073,0.3449233,-0.09613429,-0.9336946,0,0,0,0.9483102,-0.4913894,-2.453033,-0.03112361,0.02063036,0.9074156,0.9571443,0.02341279,0.2886635,-0.07955385,0.9796401,0.1843268,-0.2784707,-0.1993916,0.9395196,moving,-19.40242,-17.75041,-1.964428,1.302412
05/15/2023 14:23:49.413478,4536,True,True,True,True,Eyes,1.218463,-0.3370872,-3.294199,-0.3172304,-0.2852642,0.9044275,0,0,0,0,0,0,0,-0.2247531,1.01288,3.383303,1.232694,-0.3296616,-3.300752,0.09510417,-0.1433832,0.02547102,0.9847578,11.22214,343.563,1.337355,0.3449597,-0.09608196,-0.9336865,0,0,0,0.9493672,-0.4884213,-2.452898,-0.03140561,0.01887658,0.9071901,0.9575849,0.02289288,0.2872402,-0.07743824,0.9806128,0.1800049,-0.2775506,-0.1946134,0.9407929,moving,-19.32846,-17.50572,-1.982705,1.192024
05/15/2023 14:23:49.422013,4537,True,True,True,True,Eyes,1.218641,-0.3368275,-3.294359,-0.3164656,-0.2816512,0.9058267,0,0,0,0,0,0,0,-0.2309487,0.9985103,3.387428,1.232949,-0.3293884,-3.300965,0.09311921,-0.1426501,0.02480674,0.9850708,10.98403,343.6455,1.301993,0.3449962,-0.09602714,-0.9336787,0,0,0,0.9504964,-0.4852505,-2.452753,-0.03178516,0.01794907,0.9067542,0.9580711,0.02230586,0.2856609,-0.07543972,0.9814269,0.1763806,-0.276421,-0.1905354,0.9419595,moving,-19.25771,-17.27218,-2.007612,1.134014
05/15/2023 14:23:49.441747,4538,True,True,True,True,Eyes,1.218822,-0.3365676,-3.294522,-0.3156967,-0.2780297,0.9072129,0,0,0,0,0,0,0,-0.236473,0.9848403,3.391366,1.233184,-0.3290231,-3.301241,0.09122713,-0.141982,0.02426914,0.9853578,10.75876,343.7216,1.278638,0.3450322,-0.09596995,-0.9336712,0,0,0,0.9515179,-0.4823821,-2.452623,-0.03213339,0.01686074,0.9064717,0.9585042,0.02192235,0.2842342,-0.07373279,0.9821772,0.1728911,-0.2753782,-0.1866743,0.9430374,moving,-19.18714,-17.03851,-2.03022,1.065602
05/15/2023 14:23:49.462062,4539,True,True,True,True,Eyes,1.219,-0.3363079,-3.294692,-0.3148825,-0.274775,0.9084865,0,0,0,0,0,0,0,-0.2414583,0.9714547,3.395163,1.23343,-0.3287847,-3.301471,0.08936674,-0.1413962,0.02371426,0.9856259,10.53701,343.7877,1.251605,0.3450679,-0.09591059,-0.9336641,0,0,0,0.9525938,-0.479361,-2.452485,-0.0322898,0.01609129,0.9061003,0.9588895,0.02147456,0.2829659,-0.072019,0.9829025,0.1694581,-0.2744889,-0.1828705,0.9440414,moving,-19.11638,-16.82813,-2.04093,1.017399
05/15/2023 14:23:49.472139,4540,True,True,True,True,Eyes,1.21918,-0.3360448,-3.294863,-0.3140706,-0.271522,0.9097447,0,0,0,0,0,0,0,-0.2465068,0.9596769,3.398521,1.233665,-0.3285273,-3.301792,0.0877607,-0.1408052,0.02310996,0.9858692,10.3435,343.8535,1.214586,0.3451032,-0.09584928,-0.9336573,0,0,0,0.9536587,-0.4763708,-2.452349,-0.03241003,0.01573141,0.9058241,0.9592797,0.02085247,0.2816871,-0.0702811,0.983528,0.1665331,-0.2735746,-0.1795491,0.944944,moving,-19.04618,-16.61823,-2.049146,0.9949535
05/15/2023 14:23:49.492029,4541,True,True,True,True,Eyes,1.21937,-0.3357782,-3.295029,-0.3132166,-0.2685347,0.9109251,0,0,0,0,0,0,0,-0.2509496,0.9482645,3.401658,1.233891,-0.3282098,-3.302006,0.08621177,-0.1402926,0.02255857,0.9860917,10.15752,343.9106,1.181701,0.3451381,-0.09578611,-0.9336509,0,0,0,0.9547284,-0.4733669,-2.452212,-0.03240716,0.01542892,0.9054638,0.9596182,0.02029988,0.2805724,-0.06867938,0.9841173,0.1636958,-0.2727931,-0.176355,0.945771,moving,-18.97525,-16.42517,-2.04978,0.9762138
05/15/2023 14:23:49.512024,4542,True,True,True,True,Eyes,1.219563,-0.3355071,-3.295198,-0.3123746,-0.2655151,0.9120986,0,0,0,0,0,0,0,-0.2551872,0.93453,3.405369,1.234143,-0.3278535,-3.302183,0.0843309,-0.1398175,0.02197781,0.9863349,9.933368,343.9636,1.150233,0.345173,-0.09572118,-0.9336447,0,0,0,0.9557909,-0.4703836,-2.452076,-0.03239581,0.01446344,0.9051058,0.9599361,0.01977308,0.2795206,-0.06693683,0.9848105,0.1602112,-0.272107,-0.1725028,0.9466787,moving,-18.90525,-16.23047,-2.049872,0.915499
05/15/2023 14:23:49.521738,4543,True,True,True,True,Eyes,1.219763,-0.335235,-3.295362,-0.3117747,-0.2626116,0.9131438,0,0,0,0,0,0,0,-0.2591122,0.9209546,3.409069,1.234382,-0.3275032,-3.302437,0.08247613,-0.1393828,0.02138619,0.9865662,9.712131,344.0117,1.11651,0.3452079,-0.09565452,-0.9336386,0,0,0,0.9568865,-0.467307,-2.451936,-0.03223908,0.01365265,0.9048064,0.9602301,0.01920627,0.2785484,-0.06518928,0.9854807,0.1567746,-0.271493,-0.168698,0.9475403,moving,-18.85145,-16.04474,-2.040637,0.8644723
05/15/2023 14:23:49.541859,4544,True,True,True,True,Eyes,1.219965,-0.3349606,-3.295525,-0.3111729,-0.2596483,0.9141959,0,0,0,0,0,0,0,-0.2637882,0.9055934,3.412977,1.234612,-0.3271634,-3.302544,0.08036552,-0.1388482,0.02076549,0.9868289,9.461252,344.0717,1.08434,0.345243,-0.0955863,-0.9336326,0,0,0,0.9580097,-0.4641531,-2.451793,-0.03227714,0.0124425,0.9043539,0.9605799,0.01866676,0.2773765,-0.06330119,0.9862204,0.1528476,-0.2707012,-0.1643806,0.9485251,moving,-18.79749,-15.85551,-2.044066,0.7882509
05/15/2023 14:23:49.561504,4545,True,True,True,True,Eyes,1.220166,-0.3346896,-3.295691,-0.3105612,-0.2568253,0.9152008,0,0,0,0,0,0,0,-0.2680114,0.8899493,3.417008,1.234861,-0.3268648,-3.302735,0.07818018,-0.1383533,0.02026865,0.9870843,9.203956,344.1283,1.066938,0.3452785,-0.0955166,-0.9336265,0,0,0,0.9590094,-0.4613459,-2.451665,-0.03238383,0.01086034,0.9040647,0.9608951,0.01838077,0.276302,-0.06164672,0.9869541,0.1487324,-0.2699636,-0.1599493,0.9494925,moving,-18.74396,-15.67528,-2.051472,0.6882491
05/15/2023 14:23:49.571763,4546,True,True,True,True,Eyes,1.220369,-0.3344161,-3.295858,-0.3099456,-0.2539721,0.9162052,0,0,0,0,0,0,0,-0.2723612,0.8756379,3.42066,1.235093,-0.3266426,-3.302982,0.07619701,-0.137846,0.01971105,0.9873217,8.968772,344.1854,1.039239,0.3453142,-0.09544566,-0.9336206,0,0,0,0.9601054,-0.4582684,-2.451525,-0.03235979,0.009969667,0.9037571,0.9612199,0.01791539,0.2752005,-0.0599292,0.987611,0.1450277,-0.2691928,-0.1558961,0.950385,moving,-18.69031,-15.49337,-2.050648,0.6320246
05/15/2023 14:23:49.591958,4547,True,True,True,True,Eyes,1.220575,-0.3341439,-3.296024,-0.3093644,-0.2512014,0.9171649,0,0,0,0,0,0,0,-0.2767231,0.8616466,3.426954,1.236086,-0.3259537,-3.305884,0.07427844,-0.1373441,0.01911576,0.9875495,8.740421,344.2415,1.005935,0.3453501,-0.09537353,-0.9336146,0,0,0,0.9611936,-0.4552126,-2.451386,-0.03233822,0.009123571,0.9062628,0.9615424,0.01735209,0.2741081,-0.05815892,0.9882346,0.1414564,-0.2684285,-0.1519581,0.9512386,moving,-18.63951,-15.31706,-2.043621,0.5767913
05/15/2023 14:23:49.611883,4548,True,True,True,True,Eyes,1.220782,-0.3338633,-3.296188,-0.3087756,-0.2483832,0.9181304,0,0,0,0,0,0,0,-0.2812741,0.8471252,3.430431,1.23633,-0.3256997,-3.306055,0.0722679,-0.1368037,0.01859768,0.9877836,8.502845,344.303,0.9830436,0.3453863,-0.09530036,-0.9336087,0,0,0,0.9622487,-0.4522499,-2.451251,-0.03245823,0.008039325,0.9059291,0.9618778,0.01696793,0.2729529,-0.05651398,0.9888629,0.1376816,-0.2675768,-0.1478585,0.9521242,moving,-18.58826,-15.13795,-2.051954,0.5084364
05/15/2023 14:23:49.621519,4549,True,True,True,True,Eyes,1.220973,-0.3335782,-3.296353,-0.3081606,-0.2456177,0.9190806,0,0,0,0,0,0,0,-0.2858076,0.8327997,3.433766,1.236576,-0.3252563,-3.306218,0.07031178,-0.1362622,0.0181012,0.9880088,8.271869,344.3646,0.9615365,0.3454227,-0.09522603,-0.9336027,0,0,0,0.9633424,-0.4491788,-2.451111,-0.03254591,0.00698068,0.9056016,0.9622099,0.01660661,0.2718019,-0.05492995,0.9894572,0.1340043,-0.266711,-0.1438703,0.9529777,moving,-18.5359,-14.96223,-2.058235,0.4416463
05/15/2023 14:23:49.641512,4550,True,True,True,True,Eyes,1.221166,-0.3332931,-3.296514,-0.3075458,-0.2427451,0.9200492,0,0,0,0,0,0,0,-0.2902498,0.815173,3.43772,1.236795,-0.3248469,-3.30628,0.06786177,-0.1357273,0.01762296,0.9882624,7.985024,344.4262,0.9495199,0.3454591,-0.09515055,-0.9335969,0,0,0,0.9643676,-0.4463,-2.45098,-0.03271899,0.004878797,0.905213,0.9625351,0.01641082,0.2706602,-0.05325358,0.9901684,0.1293466,-0.2658765,-0.1389143,0.9539458,moving,-18.48329,-14.78007,-2.070059,0.3088022
05/15/2023 14:23:49.661925,4551,True,True,True,True,Eyes,1.221384,-0.3330116,-3.296668,-0.3070182,-0.2399177,0.9209665,0,0,0,0,0,0,0,-0.2948442,0.7956964,3.442044,1.237042,-0.3246142,-3.30637,0.06516631,-0.1352082,0.01691273,0.9885274,7.666735,344.4844,0.9143649,0.3454954,-0.09507403,-0.9335912,0,0,0,0.9654444,-0.4432762,-2.450842,-0.03280813,0.002592601,0.9048153,0.9628654,0.01581535,0.2695182,-0.05105941,0.9909346,0.1242639,-0.2651096,-0.1334108,0.9549443,moving,-18.43659,-14.60139,-2.076605,0.1641713
05/15/2023 14:23:49.672184,4552,True,True,True,True,Eyes,1.221602,-0.3327305,-3.296821,-0.3064571,-0.2370772,0.9218885,0,0,0,0,0,0,0,-0.3013563,0.782364,3.444812,1.23725,-0.3244341,-3.306598,0.06340087,-0.1344284,0.01607849,0.9887623,7.452233,344.571,0.8523349,0.3455324,-0.09499668,-0.9335854,0,0,0,0.9665395,-0.4402012,-2.450702,-0.03322184,0.002055012,0.9045087,0.963341,0.01474985,0.2678742,-0.04884135,0.9914436,0.121054,-0.2637966,-0.1296996,0.9558187,moving,-18.388,-14.42195,-2.10348,0.1301738
05/15/2023 14:23:49.691796,4553,True,True,True,True,Eyes,1.221843,-0.3324493,-3.296965,-0.3060428,-0.2343035,0.9227349,0,0,0,0,0,0,0,-0.3080759,0.7709929,3.446971,1.237495,-0.3241973,-3.306728,0.06189077,-0.1335944,0.01545105,0.9889809,7.270041,344.6653,0.8101169,0.34557,-0.09491859,-0.9335794,0,0,0,0.9676006,-0.4372216,-2.450567,-0.03384358,0.001881748,0.9041466,0.9638276,0.01402507,0.2661572,-0.04709811,0.9918616,0.1182892,-0.262332,-0.1265459,0.9566441,moving,-18.3491,-14.24759,-2.143667,0.1192462
05/15/2023 14:23:49.711555,4554,True,True,True,True,Eyes,1.222084,-0.3321707,-3.297111,-0.3055982,-0.2315005,0.9235893,0,0,0,0,0,0,0,-0.314276,0.7589414,3.449297,1.237679,-0.3239204,-3.306907,0.06024997,-0.1327962,0.01498774,0.989197,7.075597,344.7567,0.7880978,0.3456087,-0.09483983,-0.9335731,0,0,0,0.9686829,-0.4341825,-2.450428,-0.03432953,0.001550056,0.9038206,0.9642811,0.01364972,0.2645292,-0.04565359,0.9922906,0.1152175,-0.2609171,-0.1231788,0.9574703,moving,-18.3084,-14.07146,-2.175202,0.09826241
05/15/2023 14:23:49.721711,4555,True,True,True,True,Eyes,1.222318,-0.331899,-3.297263,-0.3050769,-0.2288076,0.9244324,0,0,0,0,0,0,0,-0.320298,0.7463704,3.451745,1.237904,-0.3237387,-3.307111,0.05855941,-0.1320535,0.01435003,0.9894074,6.872952,344.8405,0.746223,0.3456485,-0.09476055,-0.9335664,0,0,0,0.969767,-0.4311384,-2.45029,-0.03472857,0.001181811,0.903531,0.9647119,0.01293009,0.26299,-0.04386199,0.9927298,0.1120883,-0.2596287,-0.1196682,0.9582654,moving,-18.26369,-13.90197,-2.201166,0.07494237
05/15/2023 14:23:49.741812,4556,True,True,True,True,Eyes,1.222552,-0.3316276,-3.297416,-0.3045239,-0.2261151,0.9252769,0,0,0,0,0,0,0,-0.3264383,0.7358201,3.453768,1.238147,-0.3236225,-3.307381,0.05713866,-0.1312809,0.01379796,0.9896011,6.702366,344.928,0.7099816,0.3456891,-0.09468098,-0.9335595,0,0,0,0.9708403,-0.4281243,-2.450152,-0.03519079,0.001367927,0.903313,0.9651498,0.01230651,0.2614083,-0.04231138,0.9930896,0.1094661,-0.2582547,-0.1167118,0.959001,moving,-18.21723,-13.73255,-2.23097,0.08676545
05/15/2023 14:23:49.762377,4557,True,True,True,True,Eyes,1.222771,-0.3313566,-3.297578,-0.3038265,-0.2235198,0.9261362,0,0,0,0,0,0,0,-0.3324111,0.7261498,3.455491,1.238344,-0.3233854,-3.307587,0.05583998,-0.1305096,0.01336889,0.9897831,6.547591,345.0162,0.6856955,0.3457302,-0.09460115,-0.9335523,0,0,0,0.9718556,-0.4252735,-2.450023,-0.03569266,0.001522124,0.9030709,0.9655771,0.0118893,0.2598453,-0.0410399,0.9934063,0.1070494,-0.2568592,-0.1140285,0.9596983,moving,-18.1625,-13.56867,-2.263361,0.0965718
05/15/2023 14:23:49.772318,4558,True,True,True,True,Eyes,1.222989,-0.3310872,-3.29774,-0.303116,-0.2209044,0.9269961,0,0,0,0,0,0,0,-0.3373494,0.7149001,3.457698,1.238525,-0.3231122,-3.307902,0.05429255,-0.1298632,0.01302909,0.9899586,6.365974,345.0907,0.6742656,0.3457715,-0.0945211,-0.9335452,0,0,0,0.972906,-0.422324,-2.449888,-0.03590535,0.00133279,0.9029356,0.9659316,0.01169532,0.2585332,-0.03989774,0.9937651,0.1041107,-0.2557037,-0.1108788,0.9603757,moving,-18.10709,-13.40367,-2.277174,0.08457211
05/15/2023 14:23:49.791814,4559,True,True,True,True,Eyes,1.223213,-0.3308214,-3.297907,-0.302366,-0.2183612,0.9278433,0,0,0,0,0,0,0,-0.3421308,0.7038077,3.459727,1.238696,-0.3229107,-3.308092,0.05276464,-0.1292441,0.01267361,0.990127,6.186398,345.1618,0.6603511,0.3458128,-0.09444089,-0.933538,0,0,0,0.9740489,-0.4191147,-2.449742,-0.03599207,0.001488753,0.9026403,0.9662707,0.01145793,0.2572735,-0.038736,0.9941105,0.1012114,-0.2545987,-0.1077634,0.9610237,moving,-18.04978,-13.24316,-2.283414,0.09449962
05/15/2023 14:23:49.812069,4560,True,True,True,True,Eyes,1.223435,-0.3305526,-3.298075,-0.3016143,-0.2157916,0.9286887,0,0,0,0,0,0,0,-0.3462358,0.6934426,3.461797,1.238911,-0.3227372,-3.308432,0.05130162,-0.1286985,0.01247673,0.9902773,6.016631,345.2253,0.6629093,0.3458543,-0.09436063,-0.9335307,0,0,0,0.9750977,-0.4161696,-2.449608,-0.03605886,0.00159435,0.902553,0.9665621,0.01150596,0.2561745,-0.03791571,0.9944249,0.09839419,-0.2536142,-0.1048171,0.9616097,moving,-17.99247,-13.08121,-2.287868,0.1012122
05/15/2023 14:23:49.827102,4561,True,True,True,True,Eyes,1.223655,-0.3302842,-3.298245,-0.3007604,-0.2132481,0.9295529,0,0,0,0,0,0,0,-0.3498794,0.6819361,3.463974,1.239089,-0.3224259,-3.308665,0.0496931,-0.128216,0.01228114,0.9904244,5.83038,345.2815,0.6671908,0.3458959,-0.09428024,-0.9335235,0,0,0,0.9761314,-0.4132669,-2.449476,-0.03602275,0.001250826,0.9023887,0.9668197,0.01158418,0.255197,-0.03706997,0.9947596,0.09528524,-0.2527559,-0.1015838,0.9621825,moving,-17.92919,-12.92062,-2.285995,0.0794192
05/15/2023 14:23:49.841609,4562,True,True,True,True,Eyes,1.223874,-0.3300155,-3.298417,-0.2999176,-0.2106642,0.9304139,0,0,0,0,0,0,0,-0.3536192,0.6688565,3.466395,1.239235,-0.322182,-3.308897,0.04785163,-0.1277184,0.01205436,0.9905822,5.617164,345.3394,0.6712273,0.3459375,-0.09419973,-0.9335161,0,0,0,0.9771835,-0.4103128,-2.449342,-0.03596821,0.0006005466,0.9022083,0.9670854,0.01165861,0.2541847,-0.03610473,0.9951298,0.09172281,-0.2518775,-0.09788105,0.9627964,moving,-17.86666,-12.75779,-2.282994,0.0381384
05/15/2023 14:23:49.861657,4563,True,True,True,True,Eyes,1.224084,-0.329754,-3.298596,-0.2992125,-0.2078073,0.931283,0,0,0,0,0,0,0,-0.356539,0.6563296,3.468745,1.239394,-0.3217005,-3.309153,0.04612755,-0.1273391,0.0118265,0.9907154,5.417393,345.3834,0.6725617,0.3459791,-0.09411911,-0.9335089,0,0,0,0.978303,-0.4071693,-2.449198,-0.03563324,0.000112839,0.902067,0.9672897,0.01168572,0.2534047,-0.03518109,0.9954647,0.08838661,-0.2512226,-0.09441052,0.963314,moving,-17.81173,-12.57896,-2.262108,0.007167096
05/15/2023 14:23:49.871910,4564,True,True,True,True,Eyes,1.22429,-0.3294854,-3.298777,-0.2985165,-0.2049055,0.9321489,0,0,0,0,0,0,0,-0.3596372,0.6430401,3.471259,1.239599,-0.3216403,-3.309444,0.04425947,-0.1269552,0.01147419,0.9908542,5.199435,345.4273,0.661671,0.3460203,-0.09403858,-0.9335017,0,0,0,0.9793681,-0.4041783,-2.449062,-0.03538798,-0.0003943369,0.9019627,0.9675015,0.01150056,0.2526038,-0.03397644,0.9958189,0.08479594,-0.2505724,-0.09062277,0.9638469,moving,-17.75743,-12.39761,-2.246814,-0.02504964
05/15/2023 14:23:49.892032,4565,True,True,True,True,Eyes,1.22448,-0.3292182,-3.298967,-0.297717,-0.2019126,0.9330573,0,0,0,0,0,0,0,-0.3621897,0.6285218,3.473922,1.239726,-0.3214739,-3.309696,0.0422101,-0.1266268,0.01120146,0.9909887,4.962072,345.4653,0.6620377,0.3460611,-0.09395793,-0.9334947,0,0,0,0.9804304,-0.4011954,-2.448926,-0.03499098,-0.001319267,0.9018246,0.9676804,0.01151118,0.251917,-0.03289089,0.9961857,0.08082265,-0.2500257,-0.08649627,0.9643679,moving,-17.69668,-12.21047,-2.221973,-0.08381715
05/15/2023 14:23:49.911619,4566,True,True,True,True,Eyes,1.224667,-0.3289506,-3.299158,-0.2969365,-0.1988793,0.933957,0,0,0,0,0,0,0,-0.3644981,0.6166992,3.476166,1.239854,-0.3212549,-3.310055,0.04051413,-0.1263022,0.01114307,0.9911016,4.768042,345.5036,0.6815468,0.3461011,-0.09387722,-0.933488,0,0,0,0.9814978,-0.3981979,-2.44879,-0.03456001,-0.001579158,0.9018035,0.9678472,0.01185379,0.2512594,-0.03232188,0.9964689,0.07749244,-0.2494536,-0.08312202,0.9648127,moving,-17.63722,-12.02116,-2.194685,-0.1003312
05/15/2023 14:23:49.921613,4567,True,True,True,True,Eyes,1.224842,-0.3286832,-3.299357,-0.2961458,-0.1957841,0.9348617,0,0,0,0,0,0,0,-0.3660728,0.6025535,3.478685,1.239959,-0.3210084,-3.310255,0.03847632,-0.1260782,0.01111895,0.9912116,4.535689,345.5303,0.7092928,0.3461403,-0.09379643,-0.9334816,0,0,0,0.9826281,-0.3950241,-2.448646,-0.03391182,-0.002304643,0.9016167,0.9679613,0.01234041,0.2507959,-0.0317445,0.9967919,0.07347263,-0.2490846,-0.07908005,0.9652478,moving,-17.57718,-11.82826,-2.154007,-0.1464548
05/15/2023 14:23:49.941510,4568,True,True,True,True,Eyes,1.225013,-0.3284135,-3.299557,-0.2953681,-0.1926551,0.9357573,0,0,0,0,0,0,0,-0.3679498,0.5876118,3.481418,1.240072,-0.3207752,-3.31063,0.03637658,-0.125838,0.01085195,0.9913242,4.292785,345.5578,0.7102147,0.3461783,-0.09371557,-0.9334756,0,0,0,0.9836434,-0.3921732,-2.448516,-0.03335777,-0.003504667,0.9016483,0.9680941,0.01236049,0.2502822,-0.03067072,0.9971179,0.06939079,-0.2487031,-0.07485315,0.965683,moving,-17.5181,-11.63359,-2.118773,-0.2227051
05/15/2023 14:23:49.961922,4569,True,True,True,True,Eyes,1.225166,-0.328142,-3.299762,-0.2944757,-0.1895094,0.9366804,0,0,0,0,0,0,0,-0.3703346,0.5735459,3.483726,1.240177,-0.3204864,-3.310845,0.03440886,-0.1255269,0.01061716,0.9914365,4.06533,345.5935,0.7130827,0.3462152,-0.09363459,-0.93347,0,0,0,0.9847172,-0.3891578,-2.448379,-0.03290255,-0.00436271,0.9015113,0.9682605,0.01241401,0.2496345,-0.02969095,0.9974066,0.06556292,-0.2481732,-0.07089388,0.9661181,moving,-17.45222,-11.4377,-2.090202,-0.277271
05/15/2023 14:23:49.972010,4570,True,True,True,True,Eyes,1.225316,-0.32787,-3.299968,-0.2936071,-0.1863034,0.9375958,0,0,0,0,0,0,0,-0.3723995,0.5581919,3.486241,1.240248,-0.3201917,-3.311102,0.03221423,-0.1252319,0.01055253,0.9915482,3.814531,345.628,0.7383759,0.3462505,-0.09355345,-0.9334651,0,0,0,0.9858028,-0.3861095,-2.44824,-0.03237911,-0.005546167,0.9014103,0.9684112,0.01285819,0.2490268,-0.02899518,0.9977018,0.06124089,-0.2476671,-0.06652695,0.9665585,moving,-17.38789,-11.23848,-2.057208,-0.3525231
05/15/2023 14:23:49.991958,4571,True,True,True,True,Eyes,1.225447,-0.3276018,-3.300182,-0.2927537,-0.1830872,0.9384958,0,0,0,0,0,0,0,-0.373938,0.54177,3.488904,1.240331,-0.3199459,-3.311346,0.02985204,-0.1250101,0.01051292,0.9916507,3.54509,345.6539,0.7684932,0.3462845,-0.09347216,-0.9334606,0,0,0,0.9868737,-0.3831022,-2.448103,-0.03175673,-0.007013593,0.9013098,0.9685239,0.01338667,0.2485603,-0.02831389,0.9979967,0.05657714,-0.247305,-0.06183402,0.9669627,moving,-17.32475,-11.03895,-2.017923,-0.4458413
05/15/2023 14:23:50.011719,4572,True,True,True,True,Eyes,1.225576,-0.3273354,-3.300395,-0.2919214,-0.1798462,0.9393813,0,0,0,0,0,0,0,-0.3756515,0.5269563,3.491284,1.240423,-0.3197852,-3.311638,0.02771659,-0.1247661,0.01046166,0.9917439,3.301263,345.6821,0.793995,0.3463165,-0.09339083,-0.9334568,0,0,0,0.9879398,-0.3801088,-2.447967,-0.03116703,-0.008006129,0.9012655,0.968648,0.01383439,0.2480519,-0.02766675,0.9982447,0.052365,-0.246892,-0.05758604,0.9673305,moving,-17.26311,-10.83823,-1.980579,-0.508957
05/15/2023 14:23:50.021466,4573,True,True,True,True,Eyes,1.225674,-0.3270709,-3.300622,-0.2911286,-0.1766464,0.9402341,0,0,0,0,0,0,0,-0.3771806,0.5134562,3.493353,1.240509,-0.3195972,-3.311859,0.0257783,-0.1245507,0.01041429,0.9918237,3.079943,345.7068,0.8169199,0.3463469,-0.09330952,-0.9334537,0,0,0,0.9890678,-0.3769414,-2.447822,-0.03046529,-0.008505411,0.9011493,0.9687573,0.01423687,0.2476016,-0.02707969,0.998454,0.04854083,-0.2465278,-0.05372927,0.9676452,moving,-17.20431,-10.64041,-1.93627,-0.5407647
05/15/2023 14:23:50.042124,4574,True,True,True,True,Eyes,1.225772,-0.3268047,-3.300849,-0.2903551,-0.1734247,0.9410726,0,0,0,0,0,0,0,-0.3788276,0.5006266,3.495378,1.240545,-0.3193818,-3.312227,0.02395829,-0.1243157,0.0102991,0.9919001,2.871097,345.7335,0.8304032,0.3463748,-0.09322829,-0.9334515,0,0,0,0.9901083,-0.3740196,-2.447689,-0.02979663,-0.009078611,0.9011983,0.9688791,0.01447457,0.2471109,-0.02638813,0.9986399,0.04496779,-0.2461239,-0.05008914,0.9679433,moving,-17.1469,-10.44155,-1.8937,-0.5771743
05/15/2023 14:23:50.062203,4575,True,True,True,True,Eyes,1.225865,-0.3265401,-3.30108,-0.2896434,-0.1702228,0.9418762,0,0,0,0,0,0,0,-0.3805323,0.4872586,3.497328,1.240629,-0.3190878,-3.312484,0.02210338,-0.124098,0.01005516,0.9919728,2.656471,345.7577,0.8295851,0.3464006,-0.09314707,-0.93345,0,0,0,0.9911628,-0.3710583,-2.447555,-0.02915011,-0.009793911,0.9011611,0.9689972,0.01446293,0.2466483,-0.02543487,0.9988207,0.04135626,-0.2457593,-0.04634756,0.9682223,moving,-17.09358,-10.24434,-1.852717,-0.6226719
05/15/2023 14:23:50.071877,4576,True,True,True,True,Eyes,1.225958,-0.3262748,-3.301311,-0.2889469,-0.1669891,0.9426687,0,0,0,0,0,0,0,-0.382494,0.4735929,3.499296,1.240682,-0.3188898,-3.312805,0.02020245,-0.1238421,0.009765914,0.9920481,2.435946,345.7861,0.8242677,0.3464242,-0.09306591,-0.9334493,0,0,0,0.9922783,-0.3679262,-2.447412,-0.02846062,-0.01033607,0.9011644,0.9691355,0.01437268,0.2461092,-0.02438034,0.998993,0.03766475,-0.24532,-0.04250247,0.96851,moving,-17.04135,-10.04545,-1.808917,-0.657136
05/15/2023 14:23:50.092374,4577,True,True,True,True,Eyes,1.226053,-0.3260075,-3.301543,-0.2882635,-0.1637887,0.9434392,0,0,0,0,0,0,0,-0.3842687,0.4593183,3.50125,1.240743,-0.318673,-3.313064,0.01820441,-0.1236088,0.009529991,0.9921184,2.205161,345.812,0.8262328,0.3464459,-0.09298478,-0.9334494,0,0,0,0.9933283,-0.3649778,-2.447278,-0.02782531,-0.01123977,0.9011343,0.96926,0.01440931,0.2456162,-0.02341021,0.9991555,0.03376587,-0.2449222,-0.03847783,0.968779,moving,-16.99029,-9.848846,-1.768623,-0.7146081
05/15/2023 14:23:50.111511,4578,True,True,True,True,Eyes,1.226147,-0.3257404,-3.301776,-0.2875922,-0.1605473,0.9442009,0,0,0,0,0,0,0,-0.3863719,0.4446279,3.503211,1.240707,-0.318396,-3.313417,0.01616962,-0.123319,0.009233757,0.9921924,1.969308,345.8443,0.821865,0.3464659,-0.09290361,-0.93345,0,0,0,0.9943715,-0.3620485,-2.447144,-0.02718103,-0.01230312,0.90118,0.9694144,0.01433529,0.2450109,-0.02231137,0.9993066,0.02980934,-0.2444137,-0.03436414,0.969062,moving,-16.94011,-9.650002,-1.727608,-0.782167
05/15/2023 14:23:50.121738,4579,True,True,True,True,Eyes,1.226245,-0.3254709,-3.302008,-0.2869111,-0.1573745,0.9449419,0,0,0,0,0,0,0,-0.3883715,0.429568,3.505102,1.24076,-0.3181744,-3.313665,0.01407027,-0.1230567,0.008955384,0.9922595,1.726398,345.8733,0.8202598,0.3464844,-0.09282243,-0.9334512,0,0,0,0.9954762,-0.3589465,-2.447003,-0.02653515,-0.01325143,0.9011382,0.9695537,0.01430925,0.2444603,-0.02123501,0.9994437,0.02571868,-0.2439563,-0.03012676,0.9693182,moving,-16.88977,-9.455488,-1.686659,-0.8424858
05/15/2023 14:23:50.142189,4580,True,True,True,True,Eyes,1.226342,-0.3252022,-3.302243,-0.2862374,-0.1541597,0.945676,0,0,0,0,0,0,0,-0.3906665,0.4148489,3.506904,1.240831,-0.3178867,-3.313967,0.01202171,-0.1227489,0.008715636,0.9923267,1.489778,345.9076,0.8222835,0.3465015,-0.09274116,-0.9334529,0,0,0,0.9965211,-0.3560122,-2.44687,-0.02603878,-0.01432887,0.9011751,0.9697134,0.01434621,0.2438236,-0.02024882,0.999559,0.02171926,-0.2434045,-0.0259986,0.9695764,moving,-16.84002,-9.258655,-1.655058,-0.9109382
05/15/2023 14:23:50.161741,4581,True,True,True,True,Eyes,1.226449,-0.3249321,-3.302477,-0.2855228,-0.1510046,0.9464008,0,0,0,0,0,0,0,-0.392854,0.3999211,3.508678,1.240898,-0.3176746,-3.314264,0.00989686,-0.1224397,0.008627246,0.9923891,1.246609,345.9421,0.8424567,0.3465175,-0.09265983,-0.9334551,0,0,0,0.9975792,-0.3530413,-2.446734,-0.02553591,-0.01539014,0.9012073,0.9698682,0.01469964,0.2431864,-0.01954671,0.9996552,0.01753043,-0.2428449,-0.0217557,0.9698211,moving,-16.78821,-9.06551,-1.623055,-0.9783591
05/15/2023 14:23:50.172270,4582,True,True,True,True,Eyes,1.226555,-0.3246589,-3.302712,-0.2848094,-0.1477921,0.9471226,0,0,0,0,0,0,0,-0.3954108,0.384352,3.510463,1.240947,-0.3174079,-3.314624,0.007687531,-0.1220738,0.008537838,0.9924546,0.9937617,345.983,0.8636066,0.3465326,-0.0925784,-0.9334576,0,0,0,0.998727,-0.349818,-2.446588,-0.02500975,-0.01640604,0.901284,0.9700502,0.01506994,0.2424366,-0.01882373,0.999736,0.01317456,-0.2421741,-0.01734354,0.9700778,moving,-16.73657,-8.869094,-1.589494,-1.042838
05/15/2023 14:23:50.192046,4583,True,True,True,True,Eyes,1.226631,-0.3243896,-3.302961,-0.2838562,-0.1446799,0.9478889,0,0,0,0,0,0,0,-0.3983475,0.3680354,3.512114,1.241029,-0.3171011,-3.314871,0.005372772,-0.1216614,0.008462714,0.992521,0.7290713,346.029,0.8877064,0.346547,-0.09249678,-0.9334604,0,0,0,0.9997708,-0.3468871,-2.446454,-0.02473848,-0.01793817,0.9012806,0.9702538,0.01549152,0.2415939,-0.01810616,0.999799,0.008606007,-0.241412,-0.01272435,0.9703392,moving,-16.67093,-8.678298,-1.572268,-1.140206
05/15/2023 14:23:50.212100,4584,True,True,True,True,Eyes,1.226708,-0.3241203,-3.303214,-0.2829168,-0.1415005,0.9486494,0,0,0,0,0,0,0,-0.4015831,0.3510015,3.513868,1.241089,-0.3169216,-3.315268,0.002924078,-0.1211938,0.008436526,0.9925887,0.4497606,346.0811,0.9190486,0.3465597,-0.09241511,-0.9334638,0,0,0,1.0008,-0.3439964,-2.446322,-0.02452639,-0.01960872,0.901416,0.9704818,0.01603924,0.2406405,-0.01745676,0.9998406,0.003759905,-0.2405418,-0.007849723,0.970607,moving,-16.60622,-8.48369,-1.558561,-1.246172
05/15/2023 14:23:50.221976,4585,True,True,True,True,Eyes,1.226784,-0.3238486,-3.303473,-0.2819884,-0.138267,0.9494023,0,0,0,0,0,0,0,-0.4042749,0.3340279,3.515576,1.241184,-0.3166955,-3.315638,0.0005114638,-0.120817,0.008332559,0.9926397,0.1735393,346.1224,0.9407786,0.3465711,-0.09233338,-0.9334676,0,0,0,1.001926,-0.340836,-2.446179,-0.02408439,-0.02101738,0.9015347,0.9706677,0.01641887,0.239864,-0.01666605,0.9998606,-0.0009980306,-0.2398469,-0.003028828,0.9708059,moving,-16.5423,-8.286062,-1.530286,-1.335488
05/15/2023 14:23:50.241951,4586,True,True,True,True,Eyes,1.226898,-0.3235683,-3.303727,-0.2812654,-0.13497,0.950091,0,0,0,0,0,0,0,-0.407191,0.3178414,3.517142,1.24125,-0.3164041,-3.316068,-0.001749539,-0.1204137,0.00811783,0.9926891,359.913,346.1668,0.9476191,0.346581,-0.09225152,-0.933472,0,0,0,1.002941,-0.3379857,-2.446049,-0.02375586,-0.02256113,0.9017293,0.9708693,0.0165383,0.2390383,-0.01569563,0.9998621,-0.005428492,-0.2390951,0.0015185,0.9709949,moving,-16.49089,-8.085344,-1.509096,-1.433232
05/15/2023 14:23:50.261900,4587,True,True,True,True,Eyes,1.227011,-0.3232878,-3.303986,-0.2805451,-0.1315766,0.9507797,0,0,0,0,0,0,0,-0.4101758,0.2992578,3.518775,1.241367,-0.3160091,-3.316433,-0.004330363,-0.1200137,0.007852922,0.9927318,359.6154,346.2104,0.9529571,0.3465907,-0.09216927,-0.9334765,0,0,0,1.004014,-0.3349723,-2.445912,-0.02343091,-0.02463152,0.9018578,0.9710701,0.01663109,0.2382147,-0.01455228,0.9998392,-0.01048269,-0.2383507,0.006712861,0.9711559,moving,-16.43967,-7.879011,-1.488251,-1.564472
05/15/2023 14:23:50.271912,4588,True,True,True,True,Eyes,1.227011,-0.3232878,-3.303986,-0.2805451,-0.1315766,0.9507797,0,0,0,0,0,0,0,-0.4131722,0.2790248,3.520478,1.241478,-0.3157717,-3.316828,-0.007202173,-0.1195977,0.007713041,0.9927664,359.2863,346.2554,0.9762839,0.3466002,-0.09208667,-0.9334812,0,0,0,1.005103,-0.3319133,-2.445772,-0.02311054,-0.0269885,0.9020029,0.9712738,0.01703722,0.2373541,-0.01359177,0.9997773,-0.01614507,-0.2375763,0.01245522,0.971289,moving,-16.43967,-7.879011,-1.467675,-1.713814
05/15/2023 14:23:50.291725,4589,True,True,True,True,Eyes,1.227011,-0.3232878,-3.303986,-0.2805451,-0.1315766,0.9507797,0,0,0,0,0,0,0,-0.4164699,0.258848,3.521999,1.241591,-0.3155066,-3.317203,-0.01003932,-0.1191482,0.007484928,0.9927976,358.96,346.304,0.9888144,0.3466087,-0.09201232,-0.9334853,0,0,0,1.006186,-0.3288737,-2.445634,-0.02286054,-0.02935592,0.9021317,0.9714953,0.01725437,0.2364298,-0.0124697,0.9996864,-0.02171766,-0.2367304,0.0181504,0.9714059,moving,-16.43967,-7.879011,-1.451598,-1.863782
05/15/2023 14:23:50.312006,4590,True,True,True,True,Eyes,1.227154,-0.3229769,-3.304275,-0.2798535,-0.127742,0.9515061,0,0,0,0,0,0,0,-0.4200391,0.2392138,3.523338,1.241701,-0.3151887,-3.317589,-0.01276717,-0.1186673,0.007166788,0.9928262,358.6448,346.3564,0.9892991,0.3466164,-0.0919454,-0.9334891,0,0,0,1.007225,-0.3259546,-2.445501,-0.02270158,-0.03172676,0.9022808,0.9717334,0.01726084,0.2354491,-0.01120066,0.9995712,-0.02705209,-0.235815,0.02365023,0.9715102,moving,-16.38947,-7.646377,-1.44127,-2.013853
05/15/2023 14:23:50.321603,4591,True,True,True,True,Eyes,1.227297,-0.3226616,-3.304569,-0.2791547,-0.1238522,0.9522255,0,0,0,0,0,0,0,-0.4236758,0.220837,3.524525,1.241842,-0.3149283,-3.318011,-0.0153386,-0.1181734,0.006926567,0.9928504,358.3484,346.4103,0.9962255,0.3466244,-0.09187564,-0.933493,0,0,0,1.008334,-0.322841,-2.445359,-0.02251318,-0.0335507,0.9024835,0.9719741,0.01737932,0.2344446,-0.01012886,0.9994335,-0.03209494,-0.2348696,0.0288208,0.9715995,moving,-16.33904,-7.410634,-1.428993,-2.129046
05/15/2023 14:23:50.341533,4592,True,True,True,True,Eyes,1.227473,-0.3223428,-3.304859,-0.2785547,-0.1199876,0.9528958,0,0,0,0,0,0,0,-0.4273463,0.2022355,3.525605,1.241983,-0.3145525,-3.318426,-0.01794736,-0.1176679,0.006779005,0.9928677,358.0491,346.4652,1.013915,0.3466328,-0.0918032,-0.933497,0,0,0,1.009396,-0.3198588,-2.445224,-0.02240077,-0.0356666,0.9026808,0.9722166,0.01768497,0.233414,-0.009237654,0.9992638,-0.03723405,-0.2339007,0.03404336,0.9716643,moving,-16.29493,-7.176849,-1.42155,-2.262686
05/15/2023 14:23:50.362265,4593,True,True,True,True,Eyes,1.227653,-0.3220241,-3.305156,-0.277789,-0.1162219,0.9535857,0,0,0,0,0,0,0,-0.431296,0.1819385,3.52668,1.242137,-0.3142402,-3.318876,-0.02079637,-0.1171276,0.006575326,0.9928774,357.7215,346.5236,1.028103,0.3466424,-0.09172821,-0.9335008,0,0,0,1.010463,-0.316864,-2.445087,-0.02235228,-0.0381553,0.9029017,0.9724758,0.01792865,0.2323132,-0.008185329,0.9990486,-0.0428368,-0.2328602,0.03975618,0.9716973,moving,-16.24136,-6.948873,-1.418127,-2.419796
05/15/2023 14:23:50.371932,4594,True,True,True,True,Eyes,1.227834,-0.3217048,-3.305458,-0.2770097,-0.1123735,0.9542734,0,0,0,0,0,0,0,-0.4359887,0.1612561,3.527603,1.242322,-0.313984,-3.319356,-0.02370505,-0.1164866,0.006354936,0.992889,357.3868,346.5935,1.040607,0.3466531,-0.09165093,-0.9335045,0,0,0,1.011514,-0.3139114,-2.444953,-0.02252333,-0.04074479,0.9031531,0.9727809,0.01814213,0.2310153,-0.007096852,0.9987954,-0.04855349,-0.2316178,0.04559243,0.9717379,moving,-16.18713,-6.716114,-1.428578,-2.583087
05/15/2023 14:23:50.392072,4595,True,True,True,True,Eyes,1.228064,-0.3213808,-3.305753,-0.2765246,-0.108567,0.9548546,0,0,0,0,0,0,0,-0.4407475,0.140444,3.52837,1.242501,-0.3137008,-3.319813,-0.02660443,-0.1158428,0.006039852,0.9928929,357.0519,346.6637,1.041796,0.3466647,-0.09157154,-0.9335079,0,0,0,1.01263,-0.3107771,-2.44481,-0.02262822,-0.04319191,0.9033836,0.973088,0.01815771,0.2297176,-0.005829985,0.9985114,-0.05423005,-0.2303604,0.05143136,0.9717453,moving,-16.15095,-6.486676,-1.434862,-2.737299
05/15/2023 14:23:50.411862,4596,True,True,True,True,Eyes,1.228292,-0.3210549,-3.306054,-0.2760006,-0.1046873,0.9554393,0,0,0,0,0,0,0,-0.4457676,0.1199833,3.528989,1.242677,-0.3133616,-3.320305,-0.02943722,-0.1151619,0.005697567,0.9928942,356.7241,346.7384,1.038478,0.3466784,-0.0914901,-0.9335108,0,0,0,1.013673,-0.3078484,-2.444677,-0.0228634,-0.04579333,0.9036473,0.9734106,0.01809425,0.2283516,-0.004534073,0.998202,-0.05976836,-0.2290225,0.05714379,0.9717424,moving,-16.11258,-6.252945,-1.449345,-2.901046
05/15/2023 14:23:50.421802,4597,True,True,True,True,Eyes,1.228545,-0.3207285,-3.306354,-0.2755089,-0.1009446,0.9559838,0,0,0,0,0,0,0,-0.4518474,0.09979975,3.529312,1.242861,-0.3130449,-3.320764,-0.0322177,-0.1143372,0.005287881,0.9929054,356.4012,346.83,1.025844,0.346694,-0.09140676,-0.9335132,0,0,0,1.014779,-0.3047439,-2.444535,-0.02330671,-0.04812114,0.9038845,0.9737981,0.01786809,0.2267113,-0.003133366,0.9978681,-0.06518747,-0.2273928,0.06276906,0.971778,moving,-16.07667,-6.027663,-1.477048,-3.047444
05/15/2023 14:23:50.441754,4598,True,True,True,True,Eyes,1.228795,-0.3204024,-3.306661,-0.2749679,-0.0971216,0.9565355,0,0,0,0,0,0,0,-0.4580261,0.0793272,3.529552,1.243056,-0.312775,-3.321264,-0.0350675,-0.1134923,0.004966747,0.9929074,356.0716,346.9233,1.023632,0.3467119,-0.09132166,-0.9335148,0,0,0,1.015793,-0.3018962,-2.444406,-0.02388729,-0.05076671,0.9041568,0.9741897,0.01782283,0.2250264,-0.001903256,0.9974912,-0.07076494,-0.2257231,0.06851019,0.9717795,moving,-16.03795,-5.797645,-1.513369,-3.213676
05/15/2023 14:23:50.461628,4599,True,True,True,True,Eyes,1.229039,-0.3200711,-3.306981,-0.2741376,-0.09353361,0.9571312,0,0,0,0,0,0,0,-0.4649466,0.05889475,3.529529,1.24323,-0.3125103,-3.321737,-0.0379241,-0.1125377,0.004689272,0.9929124,355.7416,347.0291,1.025493,0.3467317,-0.091235,-0.933516,0,0,0,1.016904,-0.2987776,-2.444264,-0.02455291,-0.05314088,0.9044029,0.9746265,0.01784785,0.2231245,-0.0007762884,0.9970796,-0.07636605,-0.2238358,0.07425518,0.9717941,moving,-15.98255,-5.581387,-1.555095,-3.362718
05/15/2023 14:23:50.472119,4600,True,True,True,True,Eyes,1.229282,-0.3197391,-3.307306,-0.273284,-0.08981727,0.9577311,0,0,0,0,0,0,0,-0.4710206,0.03918579,3.529616,1.243378,-0.3120831,-3.322379,-0.04069261,-0.1116845,0.004588142,0.9928996,355.424,347.1225,1.046211,0.3467529,-0.09114674,-0.9335167,0,0,0,1.017961,-0.2958078,-2.444129,-0.02503471,-0.05564357,0.9048079,0.9750111,0.0182006,0.2214096,-2.165843E-05,0.9966461,-0.08183221,-0.2221565,0.07978252,0.9717413,moving,-15.92585,-5.357604,-1.584886,-3.519125
05/15/2023 14:23:50.491943,4601,True,True,True,True,Eyes,1.2295,-0.3194109,-3.307643,-0.2720557,-0.08634686,0.9583997,0,0,0,0,0,0,0,-0.4769362,0.01503047,3.529478,1.24357,-0.3117972,-3.322834,-0.04407859,-0.1108743,0.004298891,0.9928473,355.0335,347.2103,1.053136,0.3467754,-0.09105702,-0.9335171,0,0,0,1.019016,-0.2928457,-2.443994,-0.02552299,-0.05916049,0.9049822,0.9753768,0.01831065,0.2197834,0.00123808,0.9960772,-0.08847988,-0.2205414,0.08657334,0.971528,moving,-15.84737,-5.148154,-1.615471,-3.740218
05/15/2023 14:23:50.511839,4602,True,True,True,True,Eyes,1.22972,-0.3190839,-3.307984,-0.270809,-0.08278313,0.959067,0,0,0,0,0,0,0,-0.4827517,-0.007674515,3.529251,1.243825,-0.3115764,-3.323332,-0.04724138,-0.110089,0.003924591,0.9927907,354.6674,347.2961,1.047035,0.3467982,-0.09096611,-0.9335175,0,0,0,1.020118,-0.2897514,-2.443853,-0.0259604,-0.06211329,0.9052476,0.9757301,0.01819411,0.2182198,0.002608916,0.9955057,-0.09466571,-0.2189614,0.09293749,0.9712973,moving,-15.76794,-4.933332,-1.64266,-3.92518
05/15/2023 14:23:50.521782,4603,True,True,True,True,Eyes,1.229927,-0.3187511,-3.308334,-0.2694467,-0.07935741,0.95974,0,0,0,0,0,0,0,-0.4895799,-0.0282712,3.528699,1.24406,-0.3113343,-3.323792,-0.05011701,-0.1091556,0.003623409,0.992754,354.3347,347.3991,1.04424,0.3468213,-0.09087411,-0.9335179,0,0,0,1.021208,-0.2866901,-2.443714,-0.02666928,-0.06458595,0.9054969,0.9761438,0.01813541,0.216366,0.003746793,0.9949504,-0.1002987,-0.2170924,0.09871668,0.9711467,moving,-15.68207,-4.726827,-1.687024,-4.0798
05/15/2023 14:23:50.542283,4604,True,True,True,True,Eyes,1.230136,-0.3184153,-3.308686,-0.2680772,-0.07580689,0.9604103,0,0,0,0,0,0,0,-0.4961964,-0.04999089,3.52804,1.244234,-0.3108831,-3.324306,-0.05311505,-0.1082429,0.003288556,0.9926991,353.9877,347.4997,1.038684,0.3468444,-0.090781,-0.9335184,0,0,0,1.022242,-0.2837878,-2.443582,-0.02733208,-0.06766483,0.9057397,0.9765453,0.01802775,0.2145559,0.004969563,0.9943359,-0.1061665,-0.2152546,0.1047426,0.9709246,moving,-15.59589,-4.513101,-1.728463,-4.272442
05/15/2023 14:23:50.561922,4605,True,True,True,True,Eyes,1.230361,-0.3180786,-3.309039,-0.2666914,-0.07239265,0.9610593,0,0,0,0,0,0,0,-0.5025577,-0.0733026,3.527194,1.244487,-0.3105384,-3.324733,-0.05636398,-0.1073778,0.002973882,0.9926149,353.6122,347.5939,1.038303,0.3468674,-0.09068678,-0.933519,0,0,0,1.023324,-0.2807485,-2.443443,-0.02795355,-0.0709464,0.9059015,0.9769224,0.01800831,0.2128343,0.006200635,0.9936284,-0.1125341,-0.2135047,0.1112568,0.9705862,moving,-15.50919,-4.307721,-1.767424,-4.478024
05/15/2023 14:23:50.572282,4606,True,True,True,True,Eyes,1.230585,-0.3177392,-3.309395,-0.2652923,-0.06885543,0.9617063,0,0,0,0,0,0,0,-0.5085279,-0.09798428,3.52625,1.244684,-0.3102372,-3.32523,-0.05974485,-0.1065659,0.002383217,0.9925063,353.2183,347.6835,1.00773,0.3468908,-0.09059152,-0.9335195,0,0,0,1.024391,-0.2777539,-2.443307,-0.02841417,-0.07455093,0.9060948,0.9772761,0.01746424,0.2112498,0.008002808,0.9928498,-0.1191022,-0.2118194,0.1180863,0.9701486,moving,-15.42183,-4.095227,-1.796146,-4.703541
05/15/2023 14:23:50.592078,4607,True,True,True,True,Eyes,1.230817,-0.3174004,-3.309748,-0.2642289,-0.06542595,0.9622383,0,0,0,0,0,0,0,-0.5157069,-0.1215339,3.524951,1.244892,-0.309899,-3.32569,-0.06289435,-0.1055911,0.001536472,0.9924175,352.8475,347.7945,0.943125,0.3469145,-0.09049526,-0.9335201,0,0,0,1.025449,-0.2747823,-2.443172,-0.02918682,-0.07786219,0.9062631,0.9776964,0.01633181,0.2093876,0.01023252,0.9920839,-0.1251594,-0.2097742,0.1245105,0.9697897,moving,-15.35485,-3.889754,-1.844612,-4.910546
05/15/2023 14:23:50.611804,4608,True,True,True,True,Eyes,1.23105,-0.3170671,-3.310107,-0.2631474,-0.06190651,0.9627674,0,0,0,0,0,0,0,-0.5233976,-0.1445087,3.523415,1.245122,-0.3095931,-3.326125,-0.06602146,-0.104538,0.0009043483,0.9923267,352.4818,347.9133,0.9015043,0.3469386,-0.09039811,-0.9335205,0,0,0,1.026502,-0.2718268,-2.443037,-0.03014256,-0.08106606,0.9064133,0.978142,0.01559832,0.2073522,0.01200868,0.9912807,-0.1312188,-0.207591,0.1308406,0.969426,moving,-15.28693,-3.679087,-1.904656,-5.110713
05/15/2023 14:23:50.621912,4609,True,True,True,True,Eyes,1.2313,-0.3167379,-3.310466,-0.2622966,-0.05854259,0.9632099,0,0,0,0,0,0,0,-0.5294575,-0.1646337,3.522173,1.245348,-0.3094468,-3.326633,-0.06882241,-0.1037035,0.0005394189,0.9922242,352.1568,348.0058,0.8875243,0.3469631,-0.0903003,-0.9335209,0,0,0,1.027606,-0.2687267,-2.442896,-0.03063151,-0.08333554,0.9067401,0.9784906,0.0153447,0.20572,0.0132038,0.9905264,-0.1366864,-0.2058685,0.1364626,0.9690181,moving,-15.23313,-3.478081,-1.934832,-5.251117
05/15/2023 14:23:50.641927,4610,True,True,True,True,Eyes,1.23155,-0.3164098,-3.31083,-0.2614164,-0.05514855,0.9636494,0,0,0,0,0,0,0,-0.5356113,-0.1816454,3.520946,1.245538,-0.3092027,-3.327156,-0.07110552,-0.1028546,-3.244269E-05,0.9921517,351.8884,348.103,0.8428431,0.3469884,-0.090202,-0.933521,0,0,0,1.02868,-0.2657088,-2.442758,-0.03113081,-0.08491001,0.907138,0.9788418,0.01456268,0.2040993,0.01469144,0.989888,-0.1410882,-0.2040901,0.1411016,0.9687299,moving,-15.17778,-3.275399,-1.965483,-5.347425
05/15/2023 14:23:50.661936,4611,True,True,True,True,Eyes,1.231801,-0.3160861,-3.311195,-0.2605745,-0.05198842,0.964053,0,0,0,0,0,0,0,-0.5418999,-0.1966558,3.519739,1.245784,-0.3089461,-3.327682,-0.07307505,-0.1019944,-0.0006883129,0.9920972,351.6549,348.2032,0.7841545,0.3470142,-0.09010328,-0.9335209,0,0,0,1.029691,-0.2628702,-2.442629,-0.03176962,-0.08613655,0.9075841,0.9791934,0.01354074,0.2024773,0.01627224,0.9893191,-0.1448547,-0.2022761,0.1451355,0.9685143,moving,-15.1251,-3.086796,-2.004797,-5.42156
05/15/2023 14:23:50.671780,4612,True,True,True,True,Eyes,1.232049,-0.3157641,-3.311567,-0.259706,-0.04877188,0.9644553,0,0,0,0,0,0,0,-0.5483787,-0.2114038,3.518368,1.246011,-0.3087104,-3.328135,-0.07506104,-0.1011015,-0.001152679,0.9920399,351.4218,348.3058,0.7469513,0.3470407,-0.0900043,-0.9335206,0,0,0,1.030769,-0.2598447,-2.442492,-0.03240456,-0.08713402,0.9079863,0.9795544,0.01289055,0.2007664,0.01746457,0.988729,-0.148694,-0.2004203,0.1491601,0.9682887,moving,-15.07098,-2.894945,-2.043926,-5.481548
05/15/2023 14:23:50.691796,4613,True,True,True,True,Eyes,1.232311,-0.3154454,-3.311937,-0.2588331,-0.04573765,0.9648386,0,0,0,0,0,0,0,-0.5542173,-0.227768,3.517014,1.246193,-0.3084754,-3.328704,-0.07730061,-0.1002858,-0.001526649,0.9919502,351.1607,348.3982,0.7234094,0.3470675,-0.08990512,-0.9335202,0,0,0,1.031888,-0.2567001,-2.442348,-0.03279123,-0.08847253,0.9084771,0.9798809,0.01247559,0.1991931,0.01853303,0.9880446,-0.1530505,-0.1987211,0.1536629,0.9679348,moving,-15.01692,-2.714043,-2.067178,-5.562241
05/15/2023 14:23:50.711945,4614,True,True,True,True,Eyes,1.23257,-0.3151314,-3.312313,-0.2579477,-0.04266204,0.9652165,0,0,0,0,0,0,0,-0.5593209,-0.2426364,3.515695,1.246334,-0.3082415,-3.329184,-0.07934247,-0.09956957,-0.001830077,0.9918606,350.9232,348.4789,0.7061397,0.3470951,-0.08980586,-0.9335195,0,0,0,1.032912,-0.2538252,-2.442217,-0.03307694,-0.08969536,0.9088894,0.9801651,0.01216982,0.1978086,0.01943055,0.9874028,-0.1570289,-0.1972278,0.1577578,0.9675814,moving,-14.96226,-2.530795,-2.084229,-5.636086
05/15/2023 14:23:50.721889,4615,True,True,True,True,Eyes,1.232781,-0.3148242,-3.312704,-0.2569214,-0.03979786,0.9656125,0,0,0,0,0,0,0,-0.5638134,-0.2570248,3.51452,1.246494,-0.3080772,-3.329736,-0.08136048,-0.09893791,-0.001985,0.99176,350.6902,348.5486,0.7061495,0.3471231,-0.08970663,-0.9335186,0,0,0,1.034,-0.250772,-2.442078,-0.03315011,-0.09061326,0.9094306,0.9804147,0.01216199,0.1965683,0.02003656,0.9867531,-0.1609874,-0.1959223,0.1617729,0.9671835,moving,-14.89954,-2.360118,-2.087593,-5.69002
05/15/2023 14:23:50.741623,4616,True,True,True,True,Eyes,1.232993,-0.3145146,-3.313099,-0.255893,-0.03688348,0.9660012,0,0,0,0,0,0,0,-0.5678387,-0.2703066,3.51342,1.246723,-0.3078762,-3.330243,-0.08323789,-0.09838282,-0.002043645,0.9916593,350.4743,348.6088,0.7160713,0.3471503,-0.08960764,-0.933518,0,0,0,1.03505,-0.2478218,-2.441944,-0.03320253,-0.09139267,0.9099621,0.9806333,0.01232516,0.1954647,0.02043156,0.9861345,-0.1646851,-0.1947843,0.1654894,0.9667845,moving,-14.83683,-2.186583,-2.089671,-5.735308
05/15/2023 14:23:50.761945,4617,True,True,True,True,Eyes,1.233181,-0.3142081,-3.313499,-0.2548317,-0.03408465,0.9663845,0,0,0,0,0,0,0,-0.5720642,-0.2851472,3.51208,1.246936,-0.3075498,-3.330741,-0.08526234,-0.09779859,-0.002336751,0.9915444,350.2389,348.6742,0.7001714,0.3471767,-0.08950879,-0.9335176,0,0,0,1.036183,-0.2446418,-2.441799,-0.03320393,-0.09239709,0.9104681,0.98086,0.01204308,0.1943418,0.02131106,0.9854497,-0.1686257,-0.1935448,0.1695399,0.9663315,moving,-14.77239,-2.02,-2.088598,-5.794712
05/15/2023 14:23:50.772259,4618,True,True,True,True,Eyes,1.233367,-0.3139003,-3.313907,-0.2537785,-0.03120204,0.9667589,0,0,0,0,0,0,0,-0.5765136,-0.3011154,3.510488,1.247084,-0.3073013,-3.331203,-0.08745743,-0.09717322,-0.002651926,0.9914141,349.9837,348.7442,0.6830055,0.3472017,-0.08941016,-0.9335178,0,0,0,1.037251,-0.2416433,-2.441663,-0.03328972,-0.09381658,0.9108858,0.9811007,0.01173873,0.1931416,0.02225535,0.9846883,-0.1728976,-0.1922139,0.1739284,0.9658171,moving,-14.70854,-1.848574,-2.093031,-5.880438
05/15/2023 14:23:50.792006,4619,True,True,True,True,Eyes,1.233552,-0.313599,-3.314309,-0.2526696,-0.02840797,0.9671355,0,0,0,0,0,0,0,-0.5798911,-0.318745,3.508976,1.247216,-0.3070095,-3.331814,-0.08985861,-0.09669152,-0.003049709,0.9912453,349.704,348.7979,0.6598645,0.3472253,-0.08931168,-0.9335185,0,0,0,1.038359,-0.2385318,-2.441521,-0.03302376,-0.09559663,0.9114287,0.9812829,0.01133111,0.1922381,0.02342315,0.9838323,-0.1775541,-0.1911419,0.1787336,0.9651523,moving,-14.64158,-1.682483,-2.075088,-5.987665
05/15/2023 14:23:50.812549,4620,True,True,True,True,Eyes,1.233735,-0.3133019,-3.314718,-0.2515706,-0.02556357,0.9675013,0,0,0,0,0,0,0,-0.5835277,-0.3372096,3.506983,1.247343,-0.3068806,-3.332132,-0.09239567,-0.09617827,-0.003510618,0.9910603,349.408,348.8557,0.6303753,0.3472478,-0.08921354,-0.9335195,0,0,0,1.039398,-0.2356122,-2.441388,-0.03293495,-0.09762178,0.9116638,0.9814749,0.01081444,0.1912857,0.02473138,0.9829014,-0.1824641,-0.1899882,0.1838147,0.9644256,moving,-14.57534,-1.513532,-2.068979,-6.111994
05/15/2023 14:23:50.821644,4621,True,True,True,True,Eyes,1.233957,-0.3130057,-3.31512,-0.2506087,-0.02279068,0.9678202,0,0,0,0,0,0,0,-0.5867303,-0.3514672,3.505625,1.247481,-0.3067243,-3.332701,-0.09441669,-0.09572325,-0.003575809,0.9909137,349.1754,348.9038,0.6410488,0.3472691,-0.08911579,-0.933521,0,0,0,1.0405,-0.2325185,-2.441247,-0.0326501,-0.09852361,0.9122856,0.9816486,0.01098911,0.1903822,0.02516238,0.9821454,-0.186433,-0.1890317,0.1878021,0.9638451,moving,-14.51739,-1.348979,-2.049703,-6.163852
05/15/2023 14:23:50.841634,4622,True,True,True,True,Eyes,1.234178,-0.3127099,-3.315527,-0.2496545,-0.01995036,0.9681295,0,0,0,0,0,0,0,-0.5885999,-0.3665703,3.504317,1.247665,-0.3064909,-3.333235,-0.09653862,-0.09546363,-0.003668675,0.9907339,348.9312,348.9292,0.651701,0.3472903,-0.08901843,-0.9335223,0,0,0,1.041508,-0.2296873,-2.441118,-0.03215303,-0.09995495,0.9128231,0.9817465,0.01116249,0.1898664,0.02570121,0.9813337,-0.1905877,-0.1884497,0.1919886,0.963134,moving,-14.46001,-1.180534,-2.017337,-6.249043
05/15/2023 14:23:50.861827,4623,True,True,True,True,Eyes,1.234434,-0.3124129,-3.31593,-0.2488849,-0.01718075,0.9683806,0,0,0,0,0,0,0,-0.5916464,-0.3826687,3.502626,1.247832,-0.3062515,-3.333766,-0.09871346,-0.09503201,-0.004116531,0.9905593,348.6767,348.9785,0.619786,0.3473114,-0.0889214,-0.9335237,0,0,0,1.042604,-0.2266096,-2.440978,-0.0318588,-0.1013348,0.9133712,0.981904,0.01060654,0.1890824,0.02691722,0.9804775,-0.1947807,-0.187457,0.1963455,0.9624491,moving,-14.41371,-1.01642,-1.997693,-6.330842
05/15/2023 14:23:50.872011,4624,True,True,True,True,Eyes,1.234687,-0.3121174,-3.316333,-0.2481113,-0.01432167,0.9686257,0,0,0,0,0,0,0,-0.5951477,-0.3995652,3.500711,1.248013,-0.3059791,-3.334317,-0.1009958,-0.09453551,-0.00458143,0.9903747,348.4096,349.0353,0.5861052,0.3473333,-0.08882463,-0.9335248,0,0,0,1.043677,-0.2235968,-2.440841,-0.03171848,-0.1030214,0.9139035,0.9820842,0.0100207,0.1881765,0.02817003,0.9795577,-0.1991811,-0.1863257,0.2009135,0.9617258,moving,-14.36728,-0.8470885,-1.987743,-6.431618
05/15/2023 14:23:50.892004,4625,True,True,True,True,Eyes,1.234963,-0.311824,-3.316734,-0.2473621,-0.01150245,0.9688548,0,0,0,0,0,0,0,-0.5985923,-0.4175079,3.498476,1.248192,-0.3057691,-3.334738,-0.1034419,-0.09404763,-0.005048878,0.9901663,348.1237,349.0909,0.5537931,0.3473558,-0.08872813,-0.9335256,0,0,0,1.044796,-0.2204553,-2.440698,-0.03153574,-0.1048018,0.9143184,0.9822591,0.009458466,0.1872901,0.02945538,0.9785486,-0.2038996,-0.185201,0.205799,0.9609097,moving,-14.32244,-0.6801957,-1.975405,-6.53887
05/15/2023 14:23:50.912287,4626,True,True,True,True,Eyes,1.235242,-0.3115322,-3.317138,-0.2465983,-0.008602467,0.9690796,0,0,0,0,0,0,0,-0.6022187,-0.4362704,3.496155,1.248428,-0.305575,-3.335288,-0.1059814,-0.0935348,-0.005608133,0.9899433,347.826,349.1503,0.5112629,0.3473796,-0.08863192,-0.9335259,0,0,0,1.045799,-0.2176403,-2.44057,-0.03154947,-0.1071146,0.9147916,0.9824396,0.008722439,0.186377,0.03092937,0.977473,-0.2087821,-0.1839996,0.2108803,0.9600384,moving,-14.27685,-0.5085982,-1.975242,-6.678453
05/15/2023 14:23:50.921980,4627,True,True,True,True,Eyes,1.235521,-0.3112453,-3.317549,-0.2459252,-0.005753273,0.9692718,0,0,0,0,0,0,0,-0.6066881,-0.4538768,3.493705,1.248769,-0.3053763,-3.335771,-0.108299,-0.09291337,-0.006382429,0.9897463,347.5514,349.2261,0.4395339,0.3474044,-0.08853601,-0.9335257,0,0,0,1.046926,-0.2144735,-2.440426,-0.03174977,-0.1087286,0.9153233,0.9826528,0.007490886,0.1853037,0.03275882,0.9764611,-0.2131911,-0.1825389,0.2155631,0.9592769,moving,-14.23675,-0.3400846,-1.986619,-6.774259
05/15/2023 14:23:50.942302,4628,True,True,True,True,Eyes,1.235801,-0.3109607,-3.317965,-0.2452004,-0.002838332,0.9694683,0,0,0,0,0,0,0,-0.6133868,-0.4699671,3.491077,1.249125,-0.3052302,-3.336353,-0.1103754,-0.09197115,-0.007277168,0.9895988,347.3031,349.3421,0.3465064,0.3474301,-0.0884405,-0.9335252,0,0,0,1.047941,-0.2116248,-2.440296,-0.03265901,-0.1102159,0.9159369,0.9829767,0.005899754,0.1836355,0.03470565,0.9755287,-0.2171161,-0.1804226,0.2197933,0.9587171,moving,-14.19373,-0.1677455,-2.042096,-6.861488
05/15/2023 14:23:50.962009,4629,True,True,True,True,Eyes,1.236053,-0.3106832,-3.318389,-0.2442936,-4.083514E-05,0.9697013,0,0,0,0,0,0,0,-0.6207871,-0.4863971,3.488152,1.249403,-0.3050524,-3.336929,-0.1124976,-0.09091486,-0.008178153,0.9894503,347.0495,349.4718,0.2511365,0.3474566,-0.08834539,-0.9335243,0,0,0,1.049018,-0.2086008,-2.440159,-0.03364472,-0.1116515,0.916546,0.9833352,0.004271654,0.1817515,0.03663916,0.9745548,-0.2211346,-0.1780715,0.2241086,0.9581575,moving,-14.14009,-0.002412786,-2.102279,-6.945418
05/15/2023 14:23:50.972134,4630,True,True,True,True,Eyes,1.23631,-0.3104049,-3.31882,-0.243352,0.002809071,0.969934,0,0,0,0,0,0,0,-0.6276861,-0.5024174,3.485219,1.249651,-0.3049551,-3.337445,-0.1145615,-0.08992197,-0.009116952,0.9892961,346.8024,349.5953,0.1509192,0.3474831,-0.08825086,-0.9335234,0,0,0,1.050078,-0.2056239,-2.440023,-0.03451519,-0.1129522,0.9171222,0.9836618,0.002564466,0.1800078,0.03864192,0.9735851,-0.2250309,-0.17583,0.2283102,0.9575794,moving,-14.08452,0.1659365,-2.155265,-7.021153
05/15/2023 14:23:50.992232,4631,True,True,True,True,Eyes,1.236534,-0.3101268,-3.319261,-0.2420112,0.005645293,0.970257,0,0,0,0,0,0,0,-0.6343766,-0.5177427,3.482417,1.249986,-0.3047098,-3.338025,-0.1164813,-0.0889639,-0.01012202,0.9891488,346.5713,349.7164,0.04128701,0.3475095,-0.08815681,-0.9335225,0,0,0,1.051182,-0.2025229,-2.439882,-0.03535654,-0.1140539,0.9178056,0.9839659,0.0007008931,0.1783551,0.04074964,0.9726593,-0.2286337,-0.173639,0.2322357,0.957035,moving,-14.0055,0.333363,-2.206109,-7.08372
05/15/2023 14:23:51.011484,4632,True,True,True,True,Eyes,1.23676,-0.3098528,-3.319708,-0.240642,0.008583131,0.970576,0,0,0,0,0,0,0,-0.6416358,-0.5358024,3.478997,1.250253,-0.3044603,-3.338618,-0.118843,-0.0879128,-0.01097017,0.9889528,346.2911,349.8458,359.9527,0.3475351,-0.0880632,-0.9335218,0,0,0,1.05224,-0.199553,-2.439747,-0.03634648,-0.1160705,0.9183632,0.984302,-0.0008023276,0.1764906,0.0425936,0.971512,-0.2331313,-0.1712757,0.236989,0.9562954,moving,-13.92496,0.5066727,-2.266438,-7.203329
05/15/2023 14:23:51.023138,4633,True,True,True,True,Eyes,1.236948,-0.3095835,-3.320165,-0.2389918,0.01149407,0.9709536,0,0,0,0,0,0,0,-0.6490633,-0.5551647,3.475216,1.25049,-0.3043475,-3.339201,-0.1214365,-0.08683068,-0.01174061,0.9887244,345.9852,349.9777,359.8744,0.3475599,-0.08797009,-0.9335214,0,0,0,1.053328,-0.1964987,-2.439608,-0.03733639,-0.1182863,0.9189058,0.9846452,-0.002127632,0.1745546,0.04430527,0.9702307,-0.2380955,-0.1688517,0.2421733,0.9554273,moving,-13.82797,0.6782309,-2.326726,-7.335071
05/15/2023 14:23:51.041770,4634,True,True,True,True,Eyes,1.237139,-0.3093183,-3.32063,-0.2373496,0.01446704,0.9713165,0,0,0,0,0,0,0,-0.656207,-0.5724277,3.471667,1.250662,-0.3042116,-3.339768,-0.123796,-0.08578888,-0.01224195,0.9885166,345.7089,350.1019,359.8249,0.3475828,-0.08787756,-0.9335216,0,0,0,1.054438,-0.1933804,-2.439466,-0.03817862,-0.1199731,0.9195005,0.9849808,-0.002962087,0.1726385,0.04544338,0.9690493,-0.2426484,-0.1665764,0.2468493,0.9546296,moving,-13.73163,0.8533151,-2.377615,-7.433753
05/15/2023 14:23:51.061877,4635,True,True,True,True,Eyes,1.23733,-0.3090541,-3.3211,-0.2357287,0.01743696,0.9716624,0,0,0,0,0,0,0,-0.6613238,-0.5883079,3.46874,1.25091,-0.3040959,-3.340414,-0.1259808,-0.08504723,-0.01262384,0.9882998,345.4538,350.1898,359.7914,0.3476042,-0.08778566,-0.9335222,0,0,0,1.055438,-0.1905732,-2.439338,-0.03864124,-0.1216284,0.920189,0.9852152,-0.003523632,0.171285,0.04638091,0.9679389,-0.2468664,-0.1649236,0.2511609,0.9537916,moving,-13.6367,1.028091,-2.404593,-7.529576
05/15/2023 14:23:51.072221,4636,True,True,True,True,Eyes,1.237524,-0.3087919,-3.321574,-0.234117,0.02044982,0.9719933,0,0,0,0,0,0,0,-0.6659071,-0.6034703,3.46594,1.251091,-0.303892,-3.341074,-0.1280466,-0.08437114,-0.01300885,0.9880874,345.2123,350.2704,359.757,0.3476242,-0.08769435,-0.9335234,0,0,0,1.056579,-0.1873699,-2.439192,-0.03877798,-0.1227761,0.9209914,0.9854245,-0.00410087,0.1700636,0.04731462,0.9668697,-0.2508473,-0.1634006,0.2552376,0.9529712,moving,-13.54247,1.205271,-2.410992,-7.593256
05/15/2023 14:23:51.101891,4637,True,True,True,True,Eyes,1.237696,-0.308531,-3.322057,-0.2324443,0.02339564,0.9723283,0,0,0,0,0,0,0,-0.6707875,-0.617698,3.463105,1.251324,-0.3037209,-3.341638,-0.1300468,-0.08367199,-0.01317261,0.9878833,344.9806,350.3507,359.7471,0.3476427,-0.08760361,-0.9335249,0,0,0,1.057612,-0.1844679,-2.43906,-0.03913774,-0.124,0.9216755,0.985651,-0.004263448,0.1687424,0.04778855,0.9658286,-0.2547378,-0.1618902,0.2591464,0.9521737,moving,-13.44477,1.378354,-2.431529,-7.662429
05/15/2023 14:23:51.112566,4638,True,True,True,True,Eyes,1.237866,-0.3082704,-3.322544,-0.2308069,0.02641696,0.9726409,0,0,0,0,0,0,0,-0.6752793,-0.6322707,3.460236,1.25145,-0.3035102,-3.342268,-0.1321404,-0.0830188,-0.01315624,0.9876609,344.7397,350.4227,359.7596,0.3476596,-0.08751343,-0.9335271,0,0,0,1.058669,-0.181499,-2.438925,-0.03927131,-0.1253485,0.9224017,0.9858695,-0.004047525,0.1674658,0.04792807,0.9647316,-0.2588353,-0.1605119,0.2632042,0.9512936,moving,-13.34933,1.555773,-2.437899,-7.738728
05/15/2023 14:23:51.122307,4639,True,True,True,True,Eyes,1.23803,-0.3080159,-3.323034,-0.2291937,0.02935373,0.9729382,0,0,0,0,0,0,0,-0.6778555,-0.6491524,3.457205,1.251577,-0.3033384,-3.342857,-0.1345582,-0.08263325,-0.01319209,0.9873661,344.4609,350.463,359.7733,0.3476747,-0.08742374,-0.9335299,0,0,0,1.059757,-0.1784431,-2.438786,-0.03887475,-0.1271892,0.9230661,0.9859954,-0.003812887,0.1667287,0.04828881,0.9634402,-0.2635362,-0.1596283,0.2678965,0.9501317,moving,-13.25542,1.728101,-2.411575,-7.84538
05/15/2023 14:23:51.142154,4640,True,True,True,True,Eyes,1.238202,-0.3077657,-3.323521,-0.2276237,0.03232254,0.9732125,0,0,0,0,0,0,0,-0.6792457,-0.6632502,3.454883,1.25177,-0.3032562,-3.343441,-0.1365609,-0.08242608,-0.01328861,0.9871072,344.2291,350.4841,359.7784,0.347688,-0.08733468,-0.9335333,0,0,0,1.06088,-0.1752911,-2.438642,-0.03818616,-0.1281103,0.9239075,0.9860587,-0.003722212,0.1663561,0.04874691,0.9623491,-0.2674097,-0.1590973,0.271791,0.9491141,moving,-13.16422,1.90222,-2.366754,-7.894374
05/15/2023 14:23:51.162128,4641,True,True,True,True,Eyes,1.238352,-0.3075187,-3.324006,-0.2260883,0.03517754,0.9734715,0,0,0,0,0,0,0,-0.68112,-0.6764018,3.452463,1.252097,-0.3031135,-3.343848,-0.1383977,-0.08216932,-0.01348025,0.9868701,344.0155,350.5131,359.7698,0.3477001,-0.08724629,-0.9335371,0,0,0,1.06187,-0.1725115,-2.438515,-0.03788812,-0.1291326,0.9245326,0.986133,-0.003862409,0.1659122,0.0493506,0.9613287,-0.2709458,-0.1584496,0.2753765,0.9481885,moving,-13.07512,2.06955,-2.346716,-7.951256
05/15/2023 14:23:51.172020,4642,True,True,True,True,Eyes,1.238511,-0.3072733,-3.324481,-0.2245751,0.03802968,0.9737145,0,0,0,0,0,0,0,-0.6835594,-0.6880264,3.450112,1.252342,-0.3029579,-3.344214,-0.1399689,-0.08181453,-0.01383516,0.9866731,343.831,350.5571,359.7376,0.3477105,-0.08715864,-0.9335414,0,0,0,1.062947,-0.1694867,-2.438378,-0.03761938,-0.1294657,0.9252281,0.98623,-0.0043986,0.1653213,0.05020453,0.9604346,-0.2739432,-0.1575754,0.2784708,0.9474302,moving,-12.98745,2.236624,-2.32834,-7.965587
05/15/2023 14:23:51.191599,4643,True,True,True,True,Eyes,1.23863,-0.3070355,-3.324956,-0.2229951,0.04073554,0.973968,0,0,0,0,0,0,0,-0.6870319,-0.6984109,3.447684,1.252686,-0.3027889,-3.34446,-0.1412914,-0.08131602,-0.01445022,0.986517,343.6728,350.6232,359.6697,0.3477196,-0.08707169,-0.9335461,0,0,0,1.064005,-0.1665166,-2.438243,-0.03776732,-0.1294395,0.9258619,0.9863577,-0.005532268,0.1645226,0.05148926,0.9596559,-0.2764225,-0.1563558,0.2811227,0.9468489,moving,-12.8959,2.394961,-2.335887,-7.958614
05/15/2023 14:23:51.211609,4644,True,True,True,True,Eyes,1.238757,-0.3068062,-3.325422,-0.2214218,0.04340234,0.9742118,0,0,0,0,0,0,0,-0.691694,-0.7077051,3.445216,1.252903,-0.3027391,-3.344755,-0.1424278,-0.08061995,-0.01523214,0.9863991,343.5345,350.7163,359.5767,0.3477266,-0.08698563,-0.9335515,0,0,0,1.065089,-0.1634721,-2.438104,-0.03813775,-0.12893,0.9266109,0.9865368,-0.00708489,0.1633858,0.05301497,0.9589646,-0.2785252,-0.1547079,0.2834372,0.9464295,moving,-12.80483,2.550911,-2.356868,-7.921359
05/15/2023 14:23:51.222342,4645,True,True,True,True,Eyes,1.23887,-0.3065795,-3.325882,-0.2199313,0.04594227,0.9744329,0,0,0,0,0,0,0,-0.6966635,-0.7145532,3.443167,1.253203,-0.30275,-3.345019,-0.1432049,-0.07989223,-0.0160511,0.9863327,343.4376,350.8148,359.4751,0.347732,-0.08690064,-0.9335574,0,0,0,1.066172,-0.1604313,-2.437966,-0.03867474,-0.1277057,0.9274574,0.9867192,-0.008781524,0.1621978,0.05454536,0.9584694,-0.2799307,-0.1530034,0.2850601,0.9462191,moving,-12.71865,2.699365,-2.387836,-7.840006
05/15/2023 14:23:51.241701,4646,True,True,True,True,Eyes,1.238991,-0.3063561,-3.326331,-0.2184408,0.04845102,0.9746467,0,0,0,0,0,0,0,-0.7020317,-0.7203139,3.441217,1.25337,-0.3025993,-3.345321,-0.143801,-0.07908844,-0.01686865,0.9862971,343.3617,350.9229,359.3704,0.3477356,-0.08681669,-0.9335638,0,0,0,1.067213,-0.1575067,-2.437832,-0.03926978,-0.1264173,0.9282883,0.9869209,-0.010529,0.1608608,0.05602099,0.9580734,-0.2809928,-0.1511579,0.2863293,0.9461325,moving,-12.63255,2.845909,-2.422364,-7.755016
05/15/2023 14:23:51.261953,4647,True,True,True,True,Eyes,1.239083,-0.3061372,-3.326774,-0.2170268,0.05090655,0.9748374,0,0,0,0,0,0,0,-0.707289,-0.7272108,3.43899,1.253681,-0.3024896,-3.345523,-0.1446088,-0.07832724,-0.01755198,0.9862277,343.2627,351.0234,359.284,0.347738,-0.0867338,-0.9335706,0,0,0,1.068322,-0.1543928,-2.437691,-0.03987613,-0.1252535,0.9290707,0.9871135,-0.01196689,0.1595733,0.05727411,0.9575605,-0.2824847,-0.1494206,0.2879839,0.9459063,moving,-12.551,2.989302,-2.457652,-7.678085
05/15/2023 14:23:51.271791,4648,True,True,True,True,Eyes,1.239181,-0.3059219,-3.327203,-0.2156225,0.05335461,0.9750181,0,0,0,0,0,0,0,-0.7124166,-0.7342426,3.43664,1.253785,-0.302394,-3.345703,-0.1454853,-0.07756354,-0.0180793,0.9861497,343.1573,351.1216,359.2164,0.3477385,-0.08665203,-0.933578,0,0,0,1.069365,-0.1514656,-2.437557,-0.04035187,-0.1243342,0.9297476,0.987314,-0.01308907,0.1582391,0.05822649,0.9570143,-0.284136,-0.147718,0.2897452,0.9456358,moving,-12.47009,3.132196,-2.485128,-7.616913
05/15/2023 14:23:51.292456,4649,True,True,True,True,Eyes,1.239257,-0.3057119,-3.327626,-0.214267,0.05588607,0.9751751,0,0,0,0,0,0,0,-0.7164348,-0.7426262,3.434207,1.254004,-0.3023013,-3.345839,-0.1465673,-0.07697306,-0.01857095,0.9860266,343.0284,351.1983,359.1577,0.3477377,-0.08657139,-0.9335858,0,0,0,1.070503,-0.1482694,-2.437412,-0.04052612,-0.1235262,0.9304497,0.9874606,-0.01405942,0.1572387,0.05918636,0.9563463,-0.2861797,-0.1463511,0.2918975,0.9451863,moving,-12.3922,3.279962,-2.493965,-7.562348
05/15/2023 14:23:51.312489,4650,True,True,True,True,Eyes,1.239334,-0.3055024,-3.328038,-0.2129253,0.05838953,0.9753222,0,0,0,0,0,0,0,-0.7198523,-0.7503252,3.432015,1.25413,-0.3022807,-3.345995,-0.1476079,-0.07646566,-0.01888634,0.9859049,342.9058,351.2623,359.1208,0.3477351,-0.08649195,-0.9335942,0,0,0,1.071516,-0.145426,-2.437282,-0.04057053,-0.1228758,0.9311103,0.9875926,-0.0146664,0.1563513,0.05981414,0.9557105,-0.2881664,-0.1452002,0.293943,0.9447298,moving,-12.31518,3.426032,-2.494925,-7.517713
05/15/2023 14:23:51.322531,4651,True,True,True,True,Eyes,1.239423,-0.3052957,-3.328432,-0.2116017,0.06087913,0.975458,0,0,0,0,0,0,0,-0.7232073,-0.7571472,3.429996,1.254245,-0.3021107,-3.346158,-0.1484872,-0.075964,-0.01924156,0.9858047,342.8016,351.3267,359.0777,0.3477311,-0.08641363,-0.9336029,0,0,0,1.072626,-0.1423083,-2.43714,-0.04050671,-0.1218154,0.9318556,0.9877185,-0.01537748,0.1554856,0.0604962,0.9551626,-0.2898354,-0.1440571,0.295682,0.9443621,moving,-12.23929,3.571244,-2.489016,-7.447669
05/15/2023 14:23:51.341829,4652,True,True,True,True,Eyes,1.239423,-0.3052957,-3.328432,-0.2116017,0.06087913,0.975458,0,0,0,0,0,0,0,-0.7263439,-0.7649426,3.427692,1.254569,-0.3019895,-3.346138,-0.1495284,-0.07552563,-0.0195708,0.9856744,342.6788,351.383,359.04,0.3477263,-0.08633643,-0.9336119,0,0,0,1.073645,-0.1394459,-2.43701,-0.04064223,-0.1212145,0.9323748,0.9878257,-0.01599442,0.1547401,0.06116731,0.9545165,-0.2918163,-0.1430346,0.2977287,0.9438743,moving,-12.23929,3.571244,-2.495944,-7.407261
05/15/2023 14:23:51.361854,4653,True,True,True,True,Eyes,1.239451,-0.3050863,-3.328825,-0.2100709,0.06398331,0.9755902,0,0,0,0,0,0,0,-0.7300585,-0.7744437,3.42483,1.254838,-0.3019405,-3.346106,-0.1507816,-0.07498064,-0.02008168,0.9855149,342.53,351.455,358.9806,0.347722,-0.08626696,-0.9336199,0,0,0,1.074722,-0.1364228,-2.436872,-0.04087305,-0.1208254,0.9328848,0.9879493,-0.0169702,0.153845,0.06219299,0.9537233,-0.2941836,-0.1417332,0.3002065,0.9432856,moving,-12.15179,3.752325,-2.508731,-7.379752
05/15/2023 14:23:51.372055,4654,True,True,True,True,Eyes,1.239488,-0.3048823,-3.329203,-0.2085604,0.0670572,0.9757079,0,0,0,0,0,0,0,-0.7335562,-0.7817484,3.422521,1.254914,-0.3018331,-3.346188,-0.1517152,-0.07444379,-0.02054257,0.9854028,342.4186,351.5258,358.9243,0.3477154,-0.08619768,-0.9336288,0,0,0,1.075836,-0.1332933,-2.43673,-0.04085831,-0.1198037,0.9335766,0.9880722,-0.0178969,0.1529475,0.06307392,0.953121,-0.2959426,-0.140481,0.3020597,0.9428813,moving,-12.06557,3.931569,-2.505971,-7.312664
05/15/2023 14:23:51.391785,4655,True,True,True,True,Eyes,1.239525,-0.3046827,-3.329566,-0.2070642,0.0700983,0.9758128,0,0,0,0,0,0,0,-0.7368581,-0.7903856,3.419913,1.255157,-0.3017971,-3.346189,-0.1528397,-0.07395209,-0.02105891,0.9852552,342.2847,351.5921,358.8636,0.3477071,-0.08612878,-0.9336382,0,0,0,1.076911,-0.130275,-2.436593,-0.0409735,-0.1191813,0.9341696,0.9881752,-0.01889117,0.1521606,0.06410243,0.9523931,-0.2980575,-0.1392861,0.3042869,0.9423423,moving,-11.98027,4.10883,-2.511434,-7.270516
05/15/2023 14:23:51.413521,4656,True,True,True,True,Eyes,1.239525,-0.3046827,-3.329566,-0.2070642,0.0700983,0.9758128,0,0,0,0,0,0,0,-0.7404277,-0.7985708,3.417265,1.255164,-0.3017362,-3.346217,-0.1539305,-0.07339621,-0.02146038,0.9851182,342.1558,351.6642,358.815,0.3476974,-0.08606037,-0.9336482,0,0,0,1.077959,-0.1273333,-2.436459,-0.04099724,-0.1185642,0.9347401,0.9883049,-0.01968618,0.1512147,0.06487785,0.9516897,-0.3001293,-0.1380011,0.3064298,0.9418368,moving,-11.98027,4.10883,-2.511355,-7.228903
05/15/2023 14:23:51.421710,4657,True,True,True,True,Eyes,1.239557,-0.3044792,-3.329919,-0.2055356,0.07308003,0.9759172,0,0,0,0,0,0,0,-0.7433028,-0.806268,3.414921,1.255253,-0.3016277,-3.346284,-0.1549601,-0.07295558,-0.02178621,0.9849824,342.0345,351.7213,358.7767,0.3476887,-0.0859988,-0.9336571,0,0,0,1.079083,-0.1241762,-2.436315,-0.04080595,-0.1176729,0.9354441,0.9884056,-0.02030765,0.1504719,0.06552846,0.9510254,-0.302087,-0.1369679,0.3084447,0.9413297,moving,-11.89312,4.282511,-2.497774,-7.169785
05/15/2023 14:23:51.441726,4658,True,True,True,True,Eyes,1.239592,-0.3042819,-3.33026,-0.2040368,0.07604202,0.9760054,0,0,0,0,0,0,0,-0.7458183,-0.8155369,3.41223,1.255214,-0.3015289,-3.346368,-0.1562552,-0.07255142,-0.02200049,0.9848029,341.8833,351.7717,358.7545,0.3476786,-0.0859369,-0.9336666,0,0,0,1.080096,-0.1213333,-2.436186,-0.04050715,-0.1175499,0.9360079,0.9885045,-0.02065923,0.149773,0.06600535,0.9502006,-0.3045687,-0.1360223,0.3109533,0.9406412,moving,-11.8078,4.454999,-2.478015,-7.158096
05/15/2023 14:23:51.461765,4659,True,True,True,True,Eyes,1.239607,-0.3040887,-3.330596,-0.2026408,0.07891086,0.9760686,0,0,0,0,0,0,0,-0.7481782,-0.8243198,3.409668,1.255307,-0.301512,-3.346402,-0.1574771,-0.07218621,-0.02226141,0.9846292,341.7401,351.8186,358.7267,0.3476675,-0.08587491,-0.9336765,0,0,0,1.081169,-0.118319,-2.436048,-0.04022351,-0.1170545,0.9366473,0.9885871,-0.02110311,0.1491646,0.06657381,0.9494107,-0.3068992,-0.135142,0.313327,0.9399803,moving,-11.72852,4.62206,-2.459007,-7.123425
05/15/2023 14:23:51.476912,4660,True,True,True,True,Eyes,1.239625,-0.303902,-3.330921,-0.2012711,0.08175675,0.9761177,0,0,0,0,0,0,0,-0.750074,-0.8319528,3.407554,1.255263,-0.3014669,-3.346582,-0.1585795,-0.07188283,-0.02231715,0.9844732,341.6124,351.8544,358.7233,0.3476549,-0.08581298,-0.9336869,0,0,0,1.082219,-0.1153718,-2.435914,-0.03968294,-0.1164191,0.9374242,0.9886696,-0.02114298,0.1486115,0.06673956,0.948709,-0.3090262,-0.1344554,0.315443,0.9393708,moving,-11.65085,4.787751,-2.423991,-7.07934
05/15/2023 14:23:51.492124,4661,True,True,True,True,Eyes,1.239657,-0.3037155,-3.331237,-0.2001502,0.0846315,0.9761032,0,0,0,0,0,0,0,-0.75244,-0.8396176,3.405233,1.255348,-0.3014582,-3.346634,-0.1597393,-0.07154386,-0.02223148,0.9843123,341.4793,351.8917,358.7365,0.3476412,-0.0857513,-0.9336976,0,0,0,1.0833,-0.1123364,-2.435776,-0.03931403,-0.1157161,0.9381338,0.9887744,-0.02090869,0.1479455,0.06662217,0.9479782,-0.3112857,-0.1337405,0.3176478,0.9387296,moving,-11.58789,4.955349,-2.399669,-7.031749
05/15/2023 14:23:51.512142,4662,True,True,True,True,Eyes,1.239684,-0.3035315,-3.331549,-0.1990525,0.08749504,0.9760752,0,0,0,0,0,0,0,-0.7539265,-0.8475558,3.403112,1.255306,-0.3013343,-3.346839,-0.1608824,-0.07129988,-0.02225923,0.9841432,341.347,351.9198,358.7378,0.347627,-0.08568987,-0.9337086,0,0,0,1.08438,-0.1093015,-2.435638,-0.0386233,-0.1151594,0.9389496,0.9888417,-0.02087075,0.1475008,0.06675433,0.9472428,-0.3134885,-0.1331763,0.3198368,0.9380664,moving,-11.52636,5.122284,-2.35551,-6.99224
05/15/2023 14:23:51.521580,4663,True,True,True,True,Eyes,1.239692,-0.3033481,-3.331855,-0.1978522,0.0903086,0.976063,0,0,0,0,0,0,0,-0.7552477,-0.8567157,3.400714,1.255253,-0.3012675,-3.347057,-0.1621729,-0.07106367,-0.02242523,0.9839447,341.1964,351.9495,358.7239,0.3476121,-0.08562876,-0.9337198,0,0,0,1.085476,-0.1062262,-2.435498,-0.03789566,-0.1148278,0.9397793,0.9888941,-0.02108117,0.1471189,0.06717956,0.9463941,-0.315951,-0.1325719,0.3223255,0.9372998,moving,-11.45884,5.286147,-2.309144,-6.966207
05/15/2023 14:23:51.542062,4664,True,True,True,True,Eyes,1.239706,-0.3031681,-3.332156,-0.196692,0.09312288,0.976033,0,0,0,0,0,0,0,-0.757248,-0.8650915,3.398226,1.255205,-0.3011553,-3.347165,-0.1633684,-0.07074036,-0.02252575,0.9837679,341.0574,351.9885,358.7153,0.3475963,-0.08556796,-0.9337312,0,0,0,1.086511,-0.1033183,-2.435365,-0.03741109,-0.1144765,0.9404634,0.9889768,-0.02120674,0.1465442,0.0674337,0.9456068,-0.3182462,-0.1318242,0.3246202,0.9366131,moving,-11.39375,5.450068,-2.277992,-6.940102
05/15/2023 14:23:51.561547,4665,True,True,True,True,Eyes,1.239707,-0.3029851,-3.332455,-0.1955142,0.09596495,0.9759943,0,0,0,0,0,0,0,-0.7577003,-0.8746845,3.39588,1.255325,-0.3010518,-3.347344,-0.1647897,-0.07067269,-0.02243737,0.9835377,340.8935,351.9928,358.736,0.3475799,-0.08550755,-0.9337429,0,0,0,1.087585,-0.100302,-2.435228,-0.03653361,-0.1144388,0.9412554,0.9890038,-0.02084373,0.1464134,0.06742825,0.9446819,-0.3209823,-0.1316236,0.3273251,0.9356994,moving,-11.32773,5.615575,-2.222746,-6.932055
05/15/2023 14:23:51.572083,4666,True,True,True,True,Eyes,1.239709,-0.3028062,-3.332748,-0.1943566,0.09880759,0.9759418,0,0,0,0,0,0,0,-0.7576904,-0.8863943,3.39305,1.255312,-0.3008703,-3.347573,-0.1664143,-0.07061847,-0.02268085,0.9832625,340.7032,352.0019,358.7191,0.3475625,-0.08544742,-0.9337549,0,0,0,1.088704,-0.09716184,-2.435085,-0.03546521,-0.1148268,0.9420437,0.9889972,-0.02109861,0.1464218,0.06810629,0.9435837,-0.3240544,-0.1313241,0.3304612,0.9346386,moving,-11.26297,5.781116,-2.156002,-6.949565
05/15/2023 14:23:51.591922,4667,True,True,True,True,Eyes,1.239708,-0.302629,-3.333039,-0.1932245,0.1016611,0.9758736,0,0,0,0,0,0,0,-0.7594476,-0.8966084,3.39011,1.255358,-0.3008264,-3.347699,-0.1678099,-0.07031399,-0.02305583,0.9830383,340.5387,352.044,358.6794,0.3475444,-0.08538768,-0.9337671,0,0,0,1.089753,-0.09421483,-2.434951,-0.03503712,-0.1148404,0.9427655,0.9890487,-0.02173076,0.1459807,0.0689283,0.9426166,-0.3266849,-0.1305047,0.3331694,0.9337915,moving,-11.19979,5.947307,-2.128372,-6.945114
05/15/2023 14:23:51.611686,4668,True,True,True,True,Eyes,1.239708,-0.3024625,-3.333327,-0.1921222,0.1044973,0.9757916,0,0,0,0,0,0,0,-0.760939,-0.9060163,3.387529,1.255223,-0.3007612,-3.348015,-0.1691216,-0.07003268,-0.02327663,0.9828284,340.3852,352.0804,358.6577,0.3475256,-0.08532834,-0.9337795,0,0,0,1.090788,-0.09130962,-2.434819,-0.0343654,-0.1147766,0.943653,0.9891073,-0.0220658,0.1455334,0.06944194,0.9417122,-0.3291747,-0.129787,0.3356952,0.9329867,moving,-11.13841,6.112497,-2.085642,-6.934827
05/15/2023 14:23:51.622288,4669,True,True,True,True,Eyes,1.239699,-0.3022936,-3.333617,-0.1911164,0.1073029,0.9756846,0,0,0,0,0,0,0,-0.7619324,-0.9141148,3.385324,1.255237,-0.3008742,-3.348197,-0.1703395,-0.06987099,-0.02325052,0.9826302,340.2443,352.0976,358.6673,0.3475062,-0.08526966,-0.9337921,0,0,0,1.0919,-0.08818606,-2.434677,-0.03354549,-0.1140788,0.9446133,0.9891549,-0.02188975,0.1452356,0.0694969,0.9408877,-0.3315124,-0.1293937,0.3380105,0.932205,moving,-11.08274,6.275996,-2.033856,-6.886135
05/15/2023 14:23:51.641783,4670,True,True,True,True,Eyes,1.239689,-0.3021302,-3.333911,-0.1901453,0.1100843,0.9755646,0,0,0,0,0,0,0,-0.7614745,-0.9203417,3.38406,1.255116,-0.3007038,-3.348581,-0.1711891,-0.06988657,-0.02335479,0.9824789,340.1448,352.0967,358.6619,0.347486,-0.08521152,-0.9338049,0,0,0,1.092981,-0.08515071,-2.434538,-0.03227997,-0.1131171,0.9457202,0.9891408,-0.02196354,0.1453203,0.06981879,0.9402977,-0.3331149,-0.129328,0.3396436,0.9316204,moving,-11.02913,6.438116,-1.9549,-6.820714
05/15/2023 14:23:51.662046,4671,True,True,True,True,Eyes,1.239692,-0.3019701,-3.334203,-0.1894123,0.112889,0.9753866,0,0,0,0,0,0,0,-0.7614652,-0.9280433,3.382317,1.255084,-0.3006927,-3.348957,-0.1722887,-0.06984952,-0.02343079,0.9822875,340.0166,352.1011,358.6609,0.3474651,-0.085154,-0.933818,0,0,0,1.094023,-0.08222361,-2.434405,-0.0312276,-0.1125895,0.9467959,0.9891441,-0.02196297,0.1452983,0.07010011,0.9395352,-0.3352008,-0.1291509,0.3417474,0.9308754,moving,-10.9896,6.601905,-1.889068,-6.781558
05/15/2023 14:23:51.671777,4672,True,True,True,True,Eyes,1.239696,-0.30181,-3.334498,-0.1887073,0.1156715,0.9751972,0,0,0,0,0,0,0,-0.7615544,-0.935492,3.380562,1.254973,-0.3006711,-3.349321,-0.1734091,-0.06980595,-0.02331157,0.9820963,339.8876,352.1022,358.6832,0.3474438,-0.08509713,-0.9338311,0,0,0,1.095138,-0.07909273,-2.434263,-0.03002056,-0.1118754,0.9479229,0.9891674,-0.02157844,0.1451972,0.06999838,0.9387718,-0.3373542,-0.1290275,0.3438633,0.9301129,moving,-10.95177,6.764444,-1.813942,-6.731001
05/15/2023 14:23:51.692061,4673,True,True,True,True,Eyes,1.239722,-0.3016508,-3.334791,-0.1880609,0.1184584,0.9749876,0,0,0,0,0,0,0,-0.7613419,-0.9432212,3.378806,1.254978,-0.3005302,-3.349679,-0.1745544,-0.0698223,-0.02318417,0.9818953,339.7556,352.0958,358.7081,0.3474222,-0.08504084,-0.9338443,0,0,0,1.096202,-0.07610634,-2.434127,-0.02885668,-0.1114692,0.9489756,0.9891747,-0.02115328,0.1452102,0.06990442,0.9379866,-0.3395507,-0.1290226,0.3460258,0.9293113,moving,-10.91744,6.927331,-1.741727,-6.699414
05/15/2023 14:23:51.712289,4674,True,True,True,True,Eyes,1.23975,-0.3014975,-3.335087,-0.1874364,0.1212575,0.9747637,0,0,0,0,0,0,0,-0.7605869,-0.9537762,3.376394,1.25488,-0.3004335,-3.350109,-0.1761387,-0.0698995,-0.02299632,0.9816112,339.573,352.0799,358.7451,0.3474008,-0.08498509,-0.9338573,0,0,0,1.097202,-0.07329828,-2.433999,-0.02749425,-0.1120454,0.949948,0.9891704,-0.02052286,0.1453293,0.06977089,0.9368926,-0.3425846,-0.1291272,0.3490143,0.9281784,moving,-10.8845,7.090987,-1.657843,-6.726902
05/15/2023 14:23:51.721742,4675,True,True,True,True,Eyes,1.239854,-0.3013394,-3.335372,-0.1867242,0.1240617,0.9745475,0,0,0,0,0,0,0,-0.7606936,-0.9641405,3.373798,1.255009,-0.300502,-3.35043,-0.1777263,-0.06988985,-0.02280068,0.9813301,339.3901,352.0742,358.7813,0.3473797,-0.08492997,-0.9338701,0,0,0,1.098266,-0.07031044,-2.433863,-0.02647752,-0.1122906,0.9509692,0.9891911,-0.01990745,0.1452746,0.06959252,0.935787,-0.3456293,-0.1290655,0.3520035,0.9270576,moving,-10.84647,7.254838,-1.594855,-6.734312
05/15/2023 14:23:51.752020,4676,True,True,True,True,Eyes,1.239955,-0.301188,-3.335654,-0.1860344,0.1268837,0.974316,0,0,0,0,0,0,0,-0.761081,-0.9732299,3.371482,1.254892,-0.3002451,-3.350882,-0.1790481,-0.06979617,-0.02270762,0.9810987,339.2373,352.0812,358.8012,0.3473608,-0.08487526,-0.9338822,0,0,0,1.099344,-0.06728204,-2.433725,-0.02536286,-0.1123479,0.9520392,0.9892257,-0.01956309,0.1450854,0.06955058,0.9348523,-0.3481579,-0.1288224,0.3544976,0.9261405,moving,-10.80985,7.419786,-1.526031,-6.730214
05/15/2023 14:23:51.761544,4677,True,True,True,True,Eyes,1.240083,-0.3010353,-3.335937,-0.1853425,0.1297489,0.9740705,0,0,0,0,0,0,0,-0.7609272,-0.9847276,3.368439,1.254901,-0.3001967,-3.351147,-0.1807035,-0.06977631,-0.02281613,0.9807941,339.0441,352.0831,358.8012,0.3473439,-0.08482109,-0.9338934,0,0,0,1.100443,-0.0641977,-2.433584,-0.02424891,-0.1127901,0.9529763,0.9892214,-0.0195382,0.1451183,0.06997349,0.9336513,-0.3512818,-0.1286265,0.35765,0.924955,moving,-10.77324,7.587295,-1.457603,-6.749878
05/15/2023 14:23:51.781934,4678,True,True,True,True,Eyes,1.240208,-0.3008822,-3.336224,-0.1846665,0.132598,0.9738151,0,0,0,0,0,0,0,-0.7607329,-0.993946,3.366239,1.254859,-0.3000944,-3.351639,-0.1819888,-0.06975114,-0.02297044,0.9805545,338.8934,352.0873,358.7925,0.3473294,-0.08476737,-0.9339037,0,0,0,1.101614,-0.06091053,-2.433435,-0.0230173,-0.1124703,0.9542598,0.9892143,-0.01965969,0.1451503,0.07043537,0.9327049,-0.3536954,-0.1284288,0.3601042,0.9240298,moving,-10.73762,7.753904,-1.38174,-6.721943
05/15/2023 14:23:51.792192,4679,True,True,True,True,Eyes,1.240361,-0.3007299,-3.336509,-0.1840487,0.1354473,0.9735399,0,0,0,0,0,0,0,-0.7611639,-1.002882,3.363895,1.254913,-0.2999636,-3.352036,-0.1832021,-0.06964094,-0.02323634,0.9803302,338.7503,352.1044,358.7678,0.347317,-0.08471403,-0.9339132,0,0,0,1.102556,-0.05826462,-2.433314,-0.02229264,-0.112644,0.9552463,0.9892204,-0.02004184,0.1450561,0.07107531,0.9317941,-0.3559607,-0.1280283,0.3624336,0.9231743,moving,-10.70548,7.920639,-1.336872,-6.725344
05/15/2023 14:23:51.812169,4680,True,True,True,True,Eyes,1.240514,-0.3005872,-3.336792,-0.1834404,0.1382698,0.973258,0,0,0,0,0,0,0,-0.761485,-1.012386,3.361392,1.254857,-0.2998861,-3.352483,-0.1844982,-0.06952511,-0.02353004,0.9800883,338.5973,352.1228,358.7403,0.347307,-0.08466104,-0.9339216,0,0,0,1.103648,-0.05519684,-2.433175,-0.02132116,-0.1125526,0.9564217,0.9892252,-0.02046851,0.1449639,0.07177754,0.9308135,-0.3583771,-0.127599,0.3649209,0.9222534,moving,-10.67393,8.085844,-1.277062,-6.71175
05/15/2023 14:23:51.821615,4681,True,True,True,True,Eyes,1.240703,-0.3004436,-3.337074,-0.1831241,0.1410418,0.9729196,0,0,0,0,0,0,0,-0.7624962,-1.01987,3.359179,1.254998,-0.2999968,-3.352701,-0.1855874,-0.06936709,-0.02363584,0.9798913,338.4699,352.1425,358.7327,0.3472994,-0.08460864,-0.9339292,0,0,0,1.104691,-0.05226829,-2.433041,-0.02069852,-0.1119202,0.9574867,0.9892591,-0.02057378,0.1447174,0.07206841,0.9299973,-0.3604318,-0.1271714,0.36699,0.9214911,moving,-10.65957,8.24857,-1.238402,-6.667022
05/15/2023 14:23:51.841748,4682,True,True,True,True,Eyes,1.240889,-0.3003019,-3.33736,-0.1828029,0.1437889,0.9725779,0,0,0,0,0,0,0,-0.7631735,-1.026532,3.357503,1.255041,-0.2998866,-3.353203,-0.1865154,-0.06924118,-0.02371985,0.979722,338.3614,352.158,358.7271,0.3472947,-0.08455671,-0.9339356,0,0,0,1.105755,-0.04928066,-2.432905,-0.01985705,-0.1112213,0.9587868,0.9892861,-0.02064862,0.1445224,0.07230679,0.9292988,-0.3621816,-0.126826,0.3687512,0.9208354,moving,-10.64495,8.409865,-1.18646,-6.616858
05/15/2023 14:23:51.861672,4683,True,True,True,True,Eyes,1.240889,-0.3003019,-3.33736,-0.1828029,0.1437889,0.9725779,0,0,0,0,0,0,0,-0.7642132,-1.034265,3.355295,1.255125,-0.2998143,-3.353581,-0.1875767,-0.06905479,-0.02393767,0.9795272,338.2363,352.1838,358.705,0.3472926,-0.08450526,-0.933941,0,0,0,1.106838,-0.0462415,-2.432767,-0.01918641,-0.1106873,0.9599831,0.9893169,-0.02098906,0.1442624,0.07280134,0.9284839,-0.3641669,-0.1263018,0.370779,0.9200928,moving,-10.64495,8.409865,-1.144972,-6.577235
05/15/2023 14:23:51.871554,4684,True,True,True,True,Eyes,1.240889,-0.3003019,-3.33736,-0.1828029,0.1437889,0.9725779,0,0,0,0,0,0,0,-0.7658018,-1.042289,3.352894,1.255129,-0.2996708,-3.354037,-0.1886083,-0.06875265,-0.02437071,0.9793397,338.1132,352.2288,358.6538,0.3472908,-0.08445895,-0.9339459,0,0,0,1.107914,-0.04321875,-2.432629,-0.01868755,-0.1102448,0.9612122,0.9893583,-0.02179976,0.1438574,0.07366903,0.927666,-0.366072,-0.1254714,0.3727742,0.9194,moving,-10.64495,8.409865,-1.113784,-6.542867
05/15/2023 14:23:51.892172,4685,True,True,True,True,Eyes,1.240889,-0.3003019,-3.33736,-0.1828029,0.1437889,0.9725779,0,0,0,0,0,0,0,-0.7669992,-1.049684,3.350598,1.255218,-0.299608,-3.354295,-0.1896462,-0.06855315,-0.02452796,0.9791493,337.9913,352.255,358.6383,0.3472891,-0.08441727,-0.9339502,0,0,0,1.109013,-0.04013181,-2.432489,-0.01804556,-0.1095686,0.9623402,0.9893977,-0.02203137,0.1435508,0.07403474,0.9268655,-0.368021,-0.1249443,0.3747468,0.9186696,moving,-10.64495,8.409865,-1.07427,-6.495517
05/15/2023 14:23:51.912267,4686,True,True,True,True,Eyes,1.240889,-0.3003019,-3.33736,-0.1828029,0.1437889,0.9725779,0,0,0,0,0,0,0,-0.7678196,-1.058332,3.34816,1.25525,-0.2995105,-3.354763,-0.1908626,-0.06839477,-0.02465718,0.9789207,337.8488,352.2752,358.6286,0.3472875,-0.08437975,-0.9339542,0,0,0,1.110053,-0.03721241,-2.432356,-0.01727821,-0.1095038,0.963549,0.9894283,-0.02216685,0.1433184,0.07438286,0.925927,-0.3703058,-0.1244938,0.3770515,0.9177873,moving,-10.64495,8.409865,-1.027309,-6.483637
05/15/2023 14:23:51.921590,4687,True,True,True,True,Eyes,1.240889,-0.3003019,-3.33736,-0.1828029,0.1437889,0.9725779,0,0,0,0,0,0,0,-0.7691858,-1.065526,3.345961,1.255412,-0.299526,-3.355097,-0.1918695,-0.06817687,-0.02484208,0.9787344,337.7304,352.3044,358.6089,0.3472862,-0.084346,-0.9339578,0,0,0,1.111242,-0.03387484,-2.432204,-0.01665841,-0.108511,0.9649014,0.9894696,-0.02246547,0.142987,0.0747897,0.925138,-0.3721912,-0.1239212,0.3789658,0.9170761,moving,-10.64495,8.409865,-0.989077,-6.416416
05/15/2023 14:23:51.941516,4688,True,True,True,True,Eyes,1.240889,-0.3003019,-3.33736,-0.1828029,0.1437889,0.9725779,0,0,0,0,0,0,0,-0.7707555,-1.072975,3.343688,1.255485,-0.2993684,-3.355552,-0.1928761,-0.06790963,-0.02506231,0.9785495,337.6117,352.3406,358.5837,0.3472849,-0.08431561,-0.933961,0,0,0,1.112224,-0.03111692,-2.432078,-0.0162269,-0.108271,0.9660745,0.9895204,-0.02285313,0.1425737,0.0752457,0.9243414,-0.3740737,-0.123238,0.3808815,0.9163742,moving,-10.64495,8.409865,-0.9622919,-6.394633
05/15/2023 14:23:51.961997,4689,True,True,True,True,Eyes,1.240889,-0.3003019,-3.33736,-0.1828029,0.1437889,0.9725779,0,0,0,0,0,0,0,-0.7722227,-1.080734,3.341079,1.255698,-0.299367,-3.355701,-0.1939592,-0.06767941,-0.02530326,0.9783451,337.4839,352.3727,358.5574,0.3472838,-0.08428827,-0.9339638,0,0,0,1.113301,-0.02809304,-2.431941,-0.01582049,-0.1076926,0.9671358,0.9895585,-0.02325656,0.1422432,0.07576472,0.9234791,-0.376093,-0.122612,0.382943,0.9155987,moving,-10.64495,8.409865,-0.9371656,-6.353829
05/15/2023 14:23:51.972273,4690,True,True,True,True,Eyes,1.240889,-0.3003019,-3.33736,-0.1828029,0.1437889,0.9725779,0,0,0,0,0,0,0,-0.773883,-1.087159,3.339047,1.255776,-0.2993195,-3.356111,-0.1947751,-0.06738082,-0.02571512,0.978193,337.386,352.4177,358.5064,0.3472829,-0.08426366,-0.9339664,0,0,0,1.114369,-0.02509331,-2.431804,-0.01543063,-0.1067779,0.9684519,0.9895971,-0.02406048,0.1418402,0.07655691,0.9228028,-0.3775899,-0.1218055,0.3845207,0.9150449,moving,-10.64495,8.409865,-0.9128332,-6.291805
05/15/2023 14:23:51.992329,4691,True,True,True,True,Eyes,1.240889,-0.3003019,-3.33736,-0.1828029,0.1437889,0.9725779,0,0,0,0,0,0,0,-0.7757299,-1.093389,3.336869,1.255885,-0.2991417,-3.356369,-0.1955369,-0.06705608,-0.02618113,0.9780509,337.2941,352.4674,358.4478,0.347282,-0.08424151,-0.9339687,0,0,0,1.11544,-0.02208498,-2.431667,-0.01515356,-0.1058275,0.9696026,0.9896361,-0.02498907,0.1414073,0.07743683,0.9221597,-0.3789789,-0.1209297,0.3860013,0.9145375,moving,-10.64495,8.409865,-0.8953815,-6.228904
05/15/2023 14:23:52.011854,4692,True,True,True,True,Eyes,1.241295,-0.3001087,-3.337733,-0.1814368,0.1479677,0.9722069,0,0,0,0,0,0,0,-0.7774771,-1.100905,3.334414,1.255937,-0.2991289,-3.356772,-0.1965503,-0.06674755,-0.02649882,0.9778603,337.174,352.5114,358.4093,0.3472812,-0.08422157,-0.9339708,0,0,0,1.11656,-0.01894016,-2.431524,-0.01468794,-0.1051233,0.9709528,0.9896852,-0.02558578,0.1409563,0.07806277,0.9213316,-0.3808599,-0.1201229,0.3879348,0.9138256,moving,-10.57114,8.653878,-0.8666671,-6.179242
05/15/2023 14:23:52.022018,4693,True,True,True,True,Eyes,1.241558,-0.2999197,-3.338125,-0.1799,0.1520163,0.9718679,0,0,0,0,0,0,0,-0.7799678,-1.106691,3.332108,1.256112,-0.2991574,-3.356896,-0.1973352,-0.06636269,-0.02679194,0.9777203,337.0807,352.5645,358.3701,0.3472872,-0.08419711,-0.9339708,0,0,0,1.117636,-0.01592037,-2.431387,-0.01459026,-0.1039524,0.972084,0.9897563,-0.02619866,0.1403423,0.07858144,0.920682,-0.3823214,-0.1191943,0.3894333,0.9133096,moving,-10.48717,8.889977,-0.8599028,-6.103881
05/15/2023 14:23:52.041560,4694,True,True,True,True,Eyes,1.241819,-0.2997353,-3.33851,-0.1783877,0.1559783,0.9715187,0,0,0,0,0,0,0,-0.7824109,-1.112699,3.329925,1.25615,-0.2990378,-3.35728,-0.1981319,-0.06596337,-0.02704646,0.9775792,336.9865,352.6184,358.3351,0.3472957,-0.08416877,-0.9339703,0,0,0,1.118666,-0.01302699,-2.431255,-0.01438145,-0.1031458,0.9733353,0.9898347,-0.02674121,0.1396864,0.07901901,0.9200245,-0.3838112,-0.1182513,0.3909475,0.9127851,moving,-10.4046,9.121058,-0.8465086,-6.049146
05/15/2023 14:23:52.061833,4695,True,True,True,True,Eyes,1.242001,-0.2995562,-3.338902,-0.1766955,0.1597849,0.9712093,0,0,0,0,0,0,0,-0.7849454,-1.119659,3.327277,1.256342,-0.2989934,-3.357492,-0.1990766,-0.06556778,-0.02734406,0.9774056,336.8747,352.6729,358.296,0.3473064,-0.08413709,-0.9339692,0,0,0,1.119727,-0.01004862,-2.431119,-0.01431703,-0.1024418,0.9744848,0.9899063,-0.02734644,0.1390598,0.0795585,0.9192416,-0.3855715,-0.1172855,0.392743,0.9121387,moving,-10.31124,9.342697,-0.841723,-6.001126
05/15/2023 14:23:52.072146,4696,True,True,True,True,Eyes,1.242177,-0.2993856,-3.339283,-0.175046,0.1635157,0.970887,0,0,0,0,0,0,0,-0.787027,-1.126078,3.324946,1.256314,-0.2989336,-3.357832,-0.1999337,-0.06520464,-0.02763835,0.9772468,336.7731,352.7236,358.2573,0.3473172,-0.08410259,-0.9339683,0,0,0,1.120814,-0.006995581,-2.43098,-0.01393603,-0.1015446,0.9757754,0.989969,-0.02794575,0.1384937,0.08009217,0.9185253,-0.3871648,-0.1163903,0.3943734,0.9115497,moving,-10.22034,9.559976,-0.8182428,-5.941132
05/15/2023 14:23:52.091791,4697,True,True,True,True,Eyes,1.24232,-0.2992197,-3.339663,-0.1732847,0.1671422,0.9705853,0,0,0,0,0,0,0,-0.7887434,-1.132538,3.322488,1.25635,-0.2989921,-3.357957,-0.200917,-0.06494489,-0.02761742,0.9770629,336.6589,352.7537,358.2605,0.3473278,-0.08406583,-0.9339676,0,0,0,1.121898,-0.003950663,-2.430842,-0.01338612,-0.1006692,0.9769111,0.9900389,-0.02787084,0.1380081,0.08006498,0.9177392,-0.3890299,-0.1158128,0.3962044,0.9108289,moving,-10.12272,9.770932,-0.7850462,-5.883476
05/15/2023 14:23:52.111789,4698,True,True,True,True,Eyes,1.245944,-0.2951639,-3.348865,-0.1298949,0.2546962,0.9582574,0,0,0,0,0,0,0,-0.7902836,-1.137584,3.320675,1.256359,-0.298938,-3.358233,-0.2017001,-0.06472264,-0.02747459,0.9769203,336.5689,352.7763,358.278,0.3473376,-0.08402719,-0.9339675,0,0,0,1.122955,-0.0009836432,-2.430707,-0.01272689,-0.09961331,0.9781585,0.9901122,-0.02757184,0.137541,0.07979012,0.9171243,-0.3905335,-0.1153745,0.3976464,0.9102561,moving,-7.719576,14.88457,-0.7454373,-5.814818
05/15/2023 14:23:52.121670,4699,True,True,True,True,Eyes,1.245879,-0.2951587,-3.348881,-0.1295366,0.2547219,0.958299,0,0,0,0,0,0,0,-0.791153,-1.142217,3.319037,1.256553,-0.2988795,-3.358323,-0.2023815,-0.06460968,-0.02747941,0.9767867,336.4894,352.7894,358.2795,0.3473552,-0.08385707,-0.9339761,0,0,0,1.124049,0.002089786,-2.430567,-0.01206301,-0.09822807,0.9793249,0.9901409,-0.02753142,0.1373424,0.07983465,0.9165732,-0.3918163,-0.1150971,0.3989181,0.9097346,moving,-7.698205,14.88538,-0.7057154,-5.727715
05/15/2023 14:23:52.141915,4700,True,True,True,True,Eyes,1.245821,-0.2951585,-3.348895,-0.129178,0.2547852,0.9583306,0,0,0,0,0,0,0,-0.7927278,-1.147009,3.317171,1.256576,-0.2987496,-3.358486,-0.2030437,-0.06435448,-0.02760337,0.9766626,336.4116,352.823,358.2626,0.3473694,-0.08370385,-0.9339845,0,0,0,1.125072,0.004962017,-2.430436,-0.01158895,-0.09709769,0.9804332,0.9901931,-0.02778481,0.1369146,0.08005189,0.9160226,-0.3930576,-0.1144958,0.4001632,0.9092635,moving,-7.676904,14.88845,-0.6772182,-5.655873
05/15/2023 14:23:52.161562,4701,True,True,True,True,Eyes,1.24577,-0.2951568,-3.348912,-0.128803,0.2549334,0.9583417,0,0,0,0,0,0,0,-0.7938707,-1.150206,3.315791,1.25668,-0.2988824,-3.358438,-0.2035325,-0.06419015,-0.02765814,0.9765701,336.3544,352.8439,358.2552,0.3473806,-0.08356595,-0.9339926,0,0,0,1.126141,0.007963036,-2.430299,-0.01100912,-0.09517401,0.9815578,0.9902293,-0.02789067,0.136631,0.0801498,0.9156191,-0.3939767,-0.1141137,0.4010782,0.9089082,moving,-7.654791,14.89656,-0.6426006,-5.538212
05/15/2023 14:23:52.172301,4702,True,True,True,True,Eyes,1.245724,-0.2951553,-3.348928,-0.1284278,0.2550815,0.9583526,0,0,0,0,0,0,0,-0.7949715,-1.151942,3.315093,1.256678,-0.2988501,-3.358607,-0.2037583,-0.0640128,-0.02774553,0.9765323,336.3277,352.8676,358.2416,0.3473893,-0.08344181,-0.9340004,0,0,0,1.127221,0.01099445,-2.430161,-0.01033206,-0.0929324,0.9828689,0.9902651,-0.02810253,0.1363279,0.08027508,0.9154255,-0.3944009,-0.1137143,0.4015052,0.9087698,moving,-7.632674,14.90467,-0.6022791,-5.401383
05/15/2023 14:23:52.191959,4703,True,True,True,True,Eyes,1.245671,-0.2951523,-3.34895,-0.1279982,0.255317,0.9583474,0,0,0,0,0,0,0,-0.7959898,-1.152834,3.314537,1.256746,-0.2988619,-3.358579,-0.2038185,-0.06384034,-0.02801629,0.9765232,336.319,352.8957,358.2045,0.3473958,-0.08333004,-0.9340079,0,0,0,1.128309,0.0140497,-2.430022,-0.009787366,-0.09025395,0.9840659,0.990279,-0.02869343,0.1361036,0.08074081,0.9153462,-0.3944899,-0.1132627,0.4016442,0.9087648,moving,-7.607482,14.91789,-0.5698361,-5.240242
05/15/2023 14:23:52.211985,4704,True,True,True,True,Eyes,1.24563,-0.2951524,-3.348968,-0.1275791,0.2555549,0.9583399,0,0,0,0,0,0,0,-0.796195,-1.154401,3.314104,1.25675,-0.2988276,-3.35874,-0.2040064,-0.06378941,-0.02813118,0.9764841,336.2963,352.9046,358.1905,0.3474002,-0.08322936,-0.9340153,0,0,0,1.129354,0.01698589,-2.429888,-0.008912452,-0.08802602,0.9853448,0.9902791,-0.02891238,0.1360566,0.08096617,0.9151801,-0.3948291,-0.1131008,0.402007,0.9086245,moving,-7.58292,14.93128,-0.5182266,-5.10498
05/15/2023 14:23:52.222306,4705,True,True,True,True,Eyes,1.245588,-0.2951514,-3.348986,-0.1271039,0.2558838,0.9583152,0,0,0,0,0,0,0,-0.7966411,-1.155721,3.31357,1.25698,-0.2989115,-3.358679,-0.2041432,-0.06372388,-0.02838164,0.9764525,336.2786,352.9189,358.1592,0.3474029,-0.08313873,-0.9340223,0,0,0,1.130495,0.02018978,-2.429743,-0.008271135,-0.08529234,0.9866127,0.9902675,-0.02940903,0.1360345,0.08144423,0.91504,-0.3950552,-0.1128588,0.4022895,0.9085296,moving,-7.555197,14.95001,-0.4803202,-4.940917
05/15/2023 14:23:52.241704,4706,True,True,True,True,Eyes,1.24555,-0.295151,-3.349002,-0.126635,0.2561996,0.958293,0,0,0,0,0,0,0,-0.7977202,-1.156398,3.313109,1.256967,-0.2988978,-3.35872,-0.2041444,-0.06352148,-0.02872228,0.9764555,336.2764,352.9525,358.1123,0.3474042,-0.08305715,-0.9340291,0,0,0,1.131511,0.02304286,-2.429613,-0.007791921,-0.08273715,0.9877847,0.9902802,-0.03015695,0.1357788,0.08202716,0.9150001,-0.3950268,-0.1123248,0.4023247,0.9085802,moving,-7.527818,14.96797,-0.4519557,-4.787935
05/15/2023 14:23:52.261926,4707,True,True,True,True,Eyes,1.245508,-0.295148,-3.349021,-0.1261086,0.256624,0.9582488,0,0,0,0,0,0,0,-0.7984996,-1.156799,3.312759,1.256984,-0.2989191,-3.35869,-0.2041311,-0.06337707,-0.02899526,0.9764596,336.2763,352.9772,358.0751,0.3474044,-0.08298371,-0.9340356,0,0,0,1.132639,0.02620849,-2.429469,-0.00712534,-0.07979384,0.9890421,0.9902853,-0.03075093,0.1356079,0.08249985,0.9149795,-0.3949763,-0.1119326,0.4023268,0.9086276,moving,-7.497225,14.9923,-0.4127679,-4.612514
05/15/2023 14:23:52.272356,4708,True,True,True,True,Eyes,1.245474,-0.2951483,-3.349036,-0.1255976,0.2570589,0.9581993,0,0,0,0,0,0,0,-0.7990134,-1.158024,3.312288,1.256953,-0.2988657,-3.358786,-0.2042404,-0.06326593,-0.02921213,0.9764374,336.2622,352.9963,358.0465,0.3474033,-0.08291751,-0.9340419,0,0,0,1.133674,0.02911585,-2.429336,-0.006391786,-0.07744071,0.9902567,0.9902881,-0.03120473,0.1354831,0.08289056,0.9148651,-0.3951596,-0.1116178,0.4025521,0.9085666,moving,-7.467567,15.0173,-0.3698206,-4.471582
05/15/2023 14:23:52.292188,4709,True,True,True,True,Eyes,1.245441,-0.2951463,-3.349053,-0.1250819,0.257636,0.9581118,0,0,0,0,0,0,0,-0.7991536,-1.160678,3.311317,1.257069,-0.2989597,-3.358726,-0.2045768,-0.06322229,-0.02947118,0.976362,336.2211,353.008,358.016,0.3474013,-0.08285794,-0.9340479,0,0,0,1.13477,0.03219289,-2.429196,-0.00563629,-0.07520971,0.991442,0.9902688,-0.03168146,0.1355139,0.08341671,0.9145595,-0.3957555,-0.1113974,0.4032084,0.9083025,moving,-7.437923,15.0508,-0.3257196,-4.338087
05/15/2023 14:23:52.311991,4710,True,True,True,True,Eyes,1.245411,-0.2951462,-3.349064,-0.1245764,0.2582216,0.95802,0,0,0,0,0,0,0,-0.7998513,-1.163765,3.310111,1.257009,-0.2989283,-3.358797,-0.2049731,-0.0630753,-0.02968337,0.976282,336.1736,353.0311,357.989,0.3473985,-0.08280426,-0.9340537,0,0,0,1.135798,0.03508131,-2.429065,-0.004936419,-0.0734235,0.9925933,0.9902808,-0.0321012,0.1353271,0.08381616,0.9142098,-0.3964785,-0.11099,0.4039677,0.9080151,moving,-7.408902,15.08484,-0.2849441,-4.230543
05/15/2023 14:23:52.321835,4711,True,True,True,True,Eyes,1.245352,-0.2951448,-3.349079,-0.1240338,0.2589613,0.9578907,0,0,0,0,0,0,0,-0.8005393,-1.166482,3.308893,1.257042,-0.2989812,-3.358686,-0.2053727,-0.06296368,-0.02976832,0.9762026,336.1265,353.0466,357.9784,0.3473953,-0.08275595,-0.9340593,0,0,0,1.136906,0.03819191,-2.428923,-0.004182115,-0.07127836,0.9937196,0.9902989,-0.03225778,0.1351578,0.08398185,0.9138718,-0.397222,-0.1107034,0.4047193,0.9077153,moving,-7.377973,15.12802,-0.2411305,-4.102734
05/15/2023 14:23:52.341838,4712,True,True,True,True,Eyes,1.245295,-0.2951438,-3.349088,-0.1235005,0.2597029,0.9577589,0,0,0,0,0,0,0,-0.8012919,-1.169076,3.307805,1.256975,-0.298969,-3.358722,-0.2057505,-0.06283127,-0.02981254,0.9761304,336.0822,353.0637,357.9721,0.3473907,-0.08271245,-0.9340648,0,0,0,1.137928,0.04106189,-2.428792,-0.003418081,-0.06941843,0.9948525,0.9903269,-0.03234671,0.1349309,0.08405696,0.913556,-0.3979322,-0.1103951,0.4054248,0.907438,moving,-7.347594,15.17134,-0.1968541,-3.991493
05/15/2023 14:23:52.361961,4713,True,True,True,True,Eyes,1.245221,-0.2951418,-3.3491,-0.122791,0.2605564,0.9576182,0,0,0,0,0,0,0,-0.8023148,-1.171602,3.306551,1.25699,-0.2989832,-3.358604,-0.2061563,-0.06268557,-0.02977142,0.9760553,336.0354,353.0802,357.9762,0.3473852,-0.08267329,-0.9340704,0,0,0,1.139014,0.04411143,-2.428654,-0.002698824,-0.06736076,0.9959396,0.9903684,-0.03227104,0.1346443,0.08396315,0.9132264,-0.3987074,-0.110094,0.4061724,0.9071401,moving,-7.306904,15.22102,-0.1552613,-3.869329
05/15/2023 14:23:52.372291,4714,True,True,True,True,Eyes,1.245145,-0.2951379,-3.349109,-0.1220983,0.2614006,0.9574768,0,0,0,0,0,0,0,-0.8033378,-1.174251,3.305375,1.25687,-0.2989861,-3.358662,-0.2065466,-0.06250653,-0.02981235,0.975983,335.9898,353.1029,357.9691,0.3473783,-0.08263803,-0.9340762,0,0,0,1.1401,0.04715877,-2.428515,-0.001912706,-0.06535736,0.9971707,0.9904083,-0.03237167,0.1343259,0.08401373,0.9128994,-0.399445,-0.1096953,0.4068989,0.9068629,moving,-7.267185,15.27019,-0.1099008,-3.749962
05/15/2023 14:23:52.391821,4715,True,True,True,True,Eyes,1.245059,-0.2951302,-3.349124,-0.1212851,0.2623815,0.9573118,0,0,0,0,0,0,0,-0.8041189,-1.176378,3.304334,1.256769,-0.2989427,-3.35861,-0.2068666,-0.06237262,-0.02982191,0.9759235,335.9526,353.1194,357.9666,0.3473701,-0.08260623,-0.9340821,0,0,0,1.141177,0.05018518,-2.428377,-0.001073703,-0.06322688,0.998292,0.9904407,-0.03240218,0.1340801,0.08401344,0.9126338,-0.4000518,-0.1094035,0.407492,0.9066318,moving,-7.22053,15.32731,-0.06162389,-3.623991
05/15/2023 14:23:52.412806,4716,True,True,True,True,Eyes,1.244979,-0.295129,-3.349129,-0.1204991,0.2633418,0.9571473,0,0,0,0,0,0,0,-0.803996,-1.180285,3.303065,1.256652,-0.2988747,-3.358752,-0.2075013,-0.06238526,-0.02961197,0.9757944,335.8798,353.1118,357.997,0.3473605,-0.08257744,-0.9340882,0,0,0,1.142225,0.05312616,-2.428243,0.0001596659,-0.06188214,0.9995079,0.9904624,-0.03190033,0.1340394,0.08368042,0.9121327,-0.4012625,-0.1094613,0.4086519,0.9061026,moving,-7.175444,15.38328,0.009152689,-3.542809
05/15/2023 14:23:52.422176,4717,True,True,True,True,Eyes,1.244902,-0.2951256,-3.349137,-0.1197448,0.2644247,0.9569434,0,0,0,0,0,0,0,-0.8049802,-1.181076,3.302369,1.256726,-0.2990255,-3.358542,-0.207762,-0.06230092,-0.0292634,0.9757547,335.852,353.1128,358.0393,0.3473498,-0.08255153,-0.9340945,0,0,0,1.143371,0.05634629,-2.428097,0.001063175,-0.05917978,1.000681,0.9905245,-0.03122027,0.1337405,0.08299532,0.9119573,-0.4018031,-0.1094212,0.4090957,0.9059071,moving,-7.132495,15.44666,0.06087397,-3.384501
05/15/2023 14:23:52.441761,4718,True,True,True,True,Eyes,1.244824,-0.2951241,-3.349138,-0.1190106,0.2654766,0.9567438,0,0,0,0,0,0,0,-0.8055697,-1.181935,3.301978,1.256611,-0.2989967,-3.358646,-0.2079433,-0.06221997,-0.02907238,0.975727,335.8322,353.1176,358.0618,0.3473383,-0.08252817,-0.9341009,0,0,0,1.144362,0.05912723,-2.42797,0.002013952,-0.0570192,1.001876,0.990567,-0.03085696,0.1335102,0.08260987,0.9118288,-0.4021741,-0.1093286,0.4094096,0.9057766,moving,-7.090677,15.50823,0.1151747,-3.257327
05/15/2023 14:23:52.461686,4719,True,True,True,True,Eyes,1.244778,-0.29512,-3.349138,-0.1183228,0.2666418,0.956505,0,0,0,0,0,0,0,-0.806725,-1.182394,3.301336,1.256518,-0.299037,-3.358484,-0.2081191,-0.06207853,-0.0287926,0.9757069,335.8139,353.1275,358.0936,0.347326,-0.08250716,-0.9341073,0,0,0,1.145457,0.06220173,-2.42783,0.002910264,-0.05439946,1.002984,0.9906345,-0.03034683,0.1331255,0.08202573,0.9117149,-0.4025517,-0.1091563,0.4097013,0.9056653,moving,-7.05185,15.5767,0.1662492,-3.104544
05/15/2023 14:23:52.472257,4720,True,True,True,True,Eyes,1.244738,-0.2951121,-3.349136,-0.1176467,0.2678026,0.9562641,0,0,0,0,0,0,0,-0.8073424,-1.183923,3.30075,1.25648,-0.2990015,-3.358613,-0.208439,-0.06201982,-0.0284651,0.9756519,335.7789,353.1258,358.1344,0.3473137,-0.08248818,-0.9341136,0,0,0,1.146512,0.06516445,-2.427695,0.003950089,-0.05236244,1.004271,0.9906865,-0.02968936,0.132886,0.08139876,0.9114859,-0.403197,-0.109153,0.4102586,0.9054134,moving,-7.013705,15.64495,0.2253597,-2.984685
05/15/2023 14:23:52.492164,4721,True,True,True,True,Eyes,1.244707,-0.295099,-3.349133,-0.1170438,0.2691717,0.9559536,0,0,0,0,0,0,0,-0.8087082,-1.18747,3.299111,1.256592,-0.2989165,-3.35855,-0.2089857,-0.06183612,-0.02841484,0.9755481,335.7157,353.1465,358.1394,0.3473018,-0.08247092,-0.9341195,0,0,0,1.147575,0.0681503,-2.427559,0.004509211,-0.05079177,1.005369,0.9907378,-0.02959435,0.1325248,0.0812858,0.9110352,-0.4042371,-0.1087716,0.4112653,0.9050025,moving,-6.980366,15.72584,0.2569773,-2.892155
05/15/2023 14:23:52.511822,4722,True,True,True,True,Eyes,1.244672,-0.2950868,-3.349128,-0.1164304,0.2705246,0.9556466,0,0,0,0,0,0,0,-0.8109829,-1.191125,3.297253,1.256494,-0.2988297,-3.358612,-0.2094343,-0.06143907,-0.02874786,0.9754672,335.6616,353.2037,358.0911,0.3472903,-0.08245505,-0.9341252,0,0,0,1.148638,0.07113545,-2.427423,0.004736319,-0.0491139,1.006571,0.9907976,-0.03035029,0.1319052,0.08182008,0.9106217,-0.4050601,-0.107822,0.412125,0.904725,moving,-6.94635,15.80577,0.2695976,-2.793433
05/15/2023 14:23:52.521928,4723,True,True,True,True,Eyes,1.244653,-0.2950782,-3.349119,-0.1158461,0.2720381,0.9552878,0,0,0,0,0,0,0,-0.8132688,-1.194747,3.295261,1.256343,-0.2988573,-3.35855,-0.2099245,-0.06104456,-0.02900657,0.9753789,335.6032,353.2587,358.0521,0.3472792,-0.08244046,-0.9341306,0,0,0,1.149785,0.07435601,-2.427277,0.005102582,-0.04713827,1.007801,0.9908643,-0.0309553,0.1312615,0.08221428,0.9101807,-0.4059703,-0.1069048,0.4130531,0.9044105,moving,-6.914396,15.89541,0.2900908,-2.677965
05/15/2023 14:23:52.541616,4724,True,True,True,True,Eyes,1.244629,-0.2950687,-3.349118,-0.1152719,0.2735144,0.9549357,0,0,0,0,0,0,0,-0.8149816,-1.197188,3.29394,1.256285,-0.2989792,-3.358549,-0.210363,-0.06080148,-0.02886191,0.9753039,335.5534,353.2844,358.0663,0.3472688,-0.08242713,-0.9341357,0,0,0,1.150859,0.07737038,-2.42714,0.005743094,-0.04513988,1.009062,0.9909403,-0.03071752,0.1307428,0.08187902,0.9098288,-0.4068259,-0.1064569,0.4138453,0.9041013,moving,-6.88297,15.98287,0.3260964,-2.56139
05/15/2023 14:23:52.561839,4725,True,True,True,True,Eyes,1.244619,-0.2950595,-3.349113,-0.1147536,0.2751302,0.9545339,0,0,0,0,0,0,0,-0.8161466,-1.198927,3.293116,1.256117,-0.2989506,-3.35871,-0.210682,-0.06062851,-0.02865804,0.9752517,335.5178,353.3,358.0889,0.3472589,-0.0824149,-0.9341404,0,0,0,1.151852,0.08016153,-2.427012,0.006596588,-0.04328808,1.010317,0.9910058,-0.03035094,0.1303316,0.08144429,0.9095836,-0.4074611,-0.1061806,0.4144111,0.9038745,moving,-6.855171,16.07884,0.3740918,-2.453397
05/15/2023 14:23:52.572419,4726,True,True,True,True,Eyes,1.244601,-0.2950498,-3.349118,-0.1142535,0.2767207,0.9541341,0,0,0,0,0,0,0,-0.8167937,-1.200686,3.292294,1.256035,-0.2989884,-3.358716,-0.211033,-0.0605515,-0.0284068,0.9751881,335.4785,353.3025,358.12,0.3472497,-0.08240364,-0.9341449,0,0,0,1.152971,0.08330237,-2.426869,0.007669546,-0.04105768,1.011614,0.9910531,-0.02984723,0.1300877,0.08096068,0.9093163,-0.4081535,-0.1061087,0.4150338,0.9035972,moving,-6.828414,16.17337,0.4343792,-2.324148
05/15/2023 14:23:52.591723,4727,True,True,True,True,Eyes,1.244579,-0.295037,-3.349125,-0.1136237,0.2784086,0.9537182,0,0,0,0,0,0,0,-0.8170534,-1.203678,3.291311,1.255833,-0.2989718,-3.358964,-0.21156,-0.06051057,-0.02811485,0.9750848,335.4189,353.2992,358.1583,0.3472411,-0.08239325,-0.934149,0,0,0,1.154064,0.08637042,-2.42673,0.008973785,-0.03939405,1.013052,0.991096,-0.02922548,0.1299018,0.08043195,0.9089038,-0.4091754,-0.1061099,0.4159804,0.9031617,moving,-6.794059,16.27354,0.5075222,-2.22691
05/15/2023 14:23:52.612116,4728,True,True,True,True,Eyes,1.244551,-0.2950235,-3.349143,-0.1130328,0.280091,0.9532957,0,0,0,0,0,0,0,-0.8174124,-1.206647,3.290135,1.255736,-0.2989186,-3.359006,-0.2121524,-0.06050182,-0.0276157,0.9749709,335.353,353.2863,358.2234,0.3472327,-0.08238354,-0.934153,0,0,0,1.155079,0.08922124,-2.4266,0.01022251,-0.03800246,1.014208,0.9911538,-0.0281778,0.1296925,0.07952021,0.9084575,-0.4103432,-0.1062576,0.4170264,0.9026617,moving,-6.762022,16.37349,0.577482,-2.145874
05/15/2023 14:23:52.622007,4729,True,True,True,True,Eyes,1.244529,-0.2950109,-3.349165,-0.112413,0.2819176,0.9528304,0,0,0,0,0,0,0,-0.8167604,-1.211063,3.288912,1.255596,-0.2988939,-3.359294,-0.2129786,-0.06063847,-0.02701234,0.9747993,335.2602,353.2522,358.3069,0.3472243,-0.08237442,-0.934157,0,0,0,1.156153,0.09223684,-2.426463,0.0119505,-0.03700554,1.015645,0.9911866,-0.02683382,0.1297268,0.07849259,0.9078209,-0.4119467,-0.1067146,0.4184986,0.9019262,moving,-6.728539,16.48211,0.6741351,-2.086679
05/15/2023 14:23:52.641620,4730,True,True,True,True,Eyes,1.244504,-0.2949951,-3.349196,-0.1118135,0.2837384,0.9523603,0,0,0,0,0,0,0,-0.8165907,-1.216137,3.287219,1.255572,-0.2989419,-3.359433,-0.213906,-0.06071579,-0.02646861,0.9746062,335.1552,353.2268,358.3823,0.347216,-0.08236583,-0.9341608,0,0,0,1.157231,0.09526534,-2.426325,0.01342132,-0.0361062,1.016994,0.991226,-0.02561801,0.1296715,0.07756788,0.9070873,-0.413734,-0.1070244,0.4201622,0.9011157,moving,-6.696255,16.59047,0.7560911,-2.03331
05/15/2023 14:23:52.661812,4731,True,True,True,True,Eyes,1.244482,-0.2949773,-3.349228,-0.1111397,0.2856671,0.9518625,0,0,0,0,0,0,0,-0.817187,-1.221402,3.285313,1.255462,-0.2988608,-3.359673,-0.2147932,-0.06064605,-0.026095,0.9744255,335.0539,353.224,358.4325,0.3472076,-0.08235762,-0.9341646,0,0,0,1.158311,0.09829725,-2.426187,0.01463915,-0.03530368,1.018385,0.9912822,-0.02480254,0.1294002,0.07690797,0.9063659,-0.4154347,-0.1069801,0.4217649,0.9003719,moving,-6.659712,16.70523,0.8235627,-1.98544
05/15/2023 14:23:52.672540,4732,True,True,True,True,Eyes,1.244458,-0.2949572,-3.349271,-0.110491,0.2875852,0.9513603,0,0,0,0,0,0,0,-0.817193,-1.226156,3.283597,1.255462,-0.2988403,-3.35973,-0.2155879,-0.06066887,-0.02581977,0.9742559,334.9627,353.2125,358.4725,0.3471992,-0.08234968,-0.9341684,0,0,0,1.159398,0.1013481,-2.426048,0.0158744,-0.034183,1.019667,0.9913052,-0.02415117,0.1293469,0.07646906,0.9057104,-0.4169427,-0.1070811,0.4232085,0.8996823,moving,-6.624653,16.81946,0.8919212,-1.920046
05/15/2023 14:23:52.692013,4733,True,True,True,True,Eyes,1.244452,-0.2949366,-3.349316,-0.1097647,0.289648,0.9508184,0,0,0,0,0,0,0,-0.8170508,-1.231906,3.281775,1.25538,-0.2987792,-3.360054,-0.2164535,-0.06066771,-0.02573851,0.9740662,334.8618,353.2091,358.4886,0.3471908,-0.0823419,-0.9341722,0,0,0,1.160433,0.1042547,-2.425915,0.01706665,-0.03351074,1.021103,0.9913139,-0.02387855,0.1293311,0.0764055,0.9049708,-0.4185571,-0.1070463,0.4248031,0.8989346,moving,-6.585207,16.94232,0.9575489,-1.879669
05/15/2023 14:23:52.712119,4734,True,True,True,True,Eyes,1.244442,-0.2949093,-3.349373,-0.109041,0.2917053,0.9502727,0,0,0,0,0,0,0,-0.8184341,-1.237711,3.279402,1.255379,-0.2988033,-3.360206,-0.217364,-0.06046445,-0.02563733,0.9738788,334.7561,353.2301,358.5017,0.3471826,-0.08233424,-0.934176,0,0,0,1.161491,0.1072277,-2.42578,0.01778131,-0.03273943,1.022467,0.9913736,-0.02364973,0.1289154,0.07622089,0.9041913,-0.420272,-0.1066248,0.4264726,0.8981939,moving,-6.54589,17.06492,0.9963069,-1.833986
05/15/2023 14:23:52.721775,4735,True,True,True,True,Eyes,1.244449,-0.2948887,-3.349427,-0.1081908,0.2939902,0.9496654,0,0,0,0,0,0,0,-0.8199433,-1.244844,3.276604,1.255285,-0.2986434,-3.360529,-0.2183615,-0.06018586,-0.02580475,0.9736685,334.6384,353.2677,358.4802,0.3471745,-0.08232647,-0.9341796,0,0,0,1.162622,0.1104021,-2.425636,0.01843601,-0.03223372,1.023988,0.9914235,-0.02396598,0.1284716,0.07653506,0.9033048,-0.4221172,-0.1059326,0.4283295,0.8973918,moving,-6.49941,17.20108,1.03145,-1.802996
05/15/2023 14:23:52.742052,4736,True,True,True,True,Eyes,1.244457,-0.2948619,-3.349491,-0.107342,0.2962625,0.9490555,0,0,0,0,0,0,0,-0.8217193,-1.251326,3.273803,1.25536,-0.2988437,-3.360594,-0.2193954,-0.05993205,-0.02573898,0.9734534,334.518,353.2957,358.4884,0.347167,-0.0823188,-0.9341831,0,0,0,1.163673,0.113354,-2.425501,0.01894687,-0.03156841,1.025356,0.9914913,-0.02381376,0.1279761,0.076409,0.9024064,-0.4240571,-0.1053881,0.4302275,0.8965477,moving,-6.452963,17.33657,1.05861,-1.763451
05/15/2023 14:23:52.761951,4737,True,True,True,True,Eyes,1.24446,-0.2948345,-3.349562,-0.1063419,0.2986603,0.9484162,0,0,0,0,0,0,0,-0.8241045,-1.258383,3.270816,1.255385,-0.2986955,-3.360908,-0.2204269,-0.05956241,-0.02577749,0.973242,334.3973,353.3411,358.4803,0.3471598,-0.082311,-0.9341865,0,0,0,1.164686,0.1161989,-2.425372,0.01923765,-0.03143319,1.026759,0.9915757,-0.02391715,0.1273014,0.07643377,0.901495,-0.4259866,-0.1045732,0.4321281,0.8957286,moving,-6.397612,17.47944,1.073385,-1.753505
05/15/2023 14:23:52.771856,4738,True,True,True,True,Eyes,1.244461,-0.2948024,-3.349641,-0.1053279,0.3010223,0.9477824,0,0,0,0,0,0,0,-0.8267707,-1.26463,3.267958,1.255458,-0.2987083,-3.361099,-0.2213213,-0.05914201,-0.02596715,0.9730595,334.2917,353.3972,358.451,0.3471528,-0.08230307,-0.9341898,0,0,0,1.165761,0.1192165,-2.425234,0.01934497,-0.0306814,1.028219,0.9916559,-0.0243564,0.1265916,0.07671394,0.9006852,-0.427646,-0.1036032,0.433789,0.8950382,moving,-6.341309,17.62021,1.077839,-1.709162
05/15/2023 14:23:52.793450,4739,True,True,True,True,Eyes,1.244463,-0.2947721,-3.349726,-0.1043225,0.3033766,0.9471428,0,0,0,0,0,0,0,-0.8301083,-1.270853,3.264945,1.255391,-0.2985927,-3.361376,-0.2221056,-0.05855973,-0.02645675,0.972903,334.1973,353.4823,358.3791,0.3471459,-0.08229487,-0.9341931,0,0,0,1.166881,0.1223621,-2.425091,0.01919035,-0.02976239,1.029763,0.9917417,-0.02546681,0.1256983,0.07749258,0.8999383,-0.4290757,-0.1021935,0.4352729,0.8944797,moving,-6.285477,17.76064,1.067624,-1.655512
05/15/2023 14:23:52.812221,4740,True,True,True,True,Eyes,1.244457,-0.2947382,-3.349819,-0.1032192,0.3058013,0.9464837,0,0,0,0,0,0,0,-0.8323733,-1.278425,3.261676,1.25542,-0.2986355,-3.361619,-0.2232446,-0.05820594,-0.02650242,0.9726622,334.0639,353.526,358.3708,0.3471389,-0.08228648,-0.9341964,0,0,0,1.167962,0.1253979,-2.424953,0.01955759,-0.0294987,1.031282,0.9918194,-0.02556746,0.1250625,0.07754412,0.898919,-0.4311979,-0.1013964,0.4373683,0.8935478,moving,-6.223819,17.90523,1.086446,-1.638436
05/15/2023 14:23:52.821859,4741,True,True,True,True,Eyes,1.244434,-0.2947029,-3.34992,-0.1019914,0.3082443,0.945824,0,0,0,0,0,0,0,-0.8351018,-1.284878,3.258694,1.255424,-0.2985636,-3.361869,-0.2242716,-0.0578176,-0.02631866,0.972454,333.9452,353.5677,358.3892,0.3471317,-0.08227778,-0.9341999,0,0,0,1.168995,0.1282979,-2.424821,0.01992203,-0.02921256,1.03271,0.9919289,-0.0252537,0.124255,0.07712107,0.8980192,-0.4331442,-0.1006449,0.4392309,0.8927188,moving,-6.154618,18.05081,1.105158,-1.620311
05/15/2023 14:23:52.841574,4742,True,True,True,True,Eyes,1.244416,-0.2946697,-3.350026,-0.1007663,0.3106498,0.9451682,0,0,0,0,0,0,0,-0.8385149,-1.291798,3.255371,1.255575,-0.2985379,-3.362097,-0.2253667,-0.05734482,-0.02617797,0.9722325,333.8182,353.621,358.4001,0.3471237,-0.08226878,-0.9342036,0,0,0,1.170065,0.1313024,-2.424684,0.01998734,-0.02895144,1.034205,0.9920526,-0.02505493,0.1233043,0.07674938,0.8970491,-0.4352154,-0.0997057,0.44122,0.8918428,moving,-6.085434,18.19422,1.107177,-1.603514
05/15/2023 14:23:52.862516,4743,True,True,True,True,Eyes,1.244389,-0.2946356,-3.350135,-0.09950341,0.3130458,0.9445112,0,0,0,0,0,0,0,-0.8428602,-1.296522,3.252639,1.255662,-0.2985684,-3.362322,-0.2261783,-0.05675129,-0.02592469,0.9720858,333.7255,353.6865,358.4196,0.3471152,-0.08225955,-0.9342076,0,0,0,1.171129,0.1342908,-2.424548,0.01988629,-0.02804798,1.035737,0.9922144,-0.02473023,0.1220614,0.07607386,0.8963426,-0.4367868,-0.09860703,0.4426719,0.8912453,moving,-6.013876,18.3371,1.099951,-1.551203
05/15/2023 14:23:52.871886,4744,True,True,True,True,Eyes,1.244366,-0.2945979,-3.35025,-0.09824513,0.3154027,0.9438586,0,0,0,0,0,0,0,-0.8471301,-1.300783,3.249995,1.255768,-0.2985525,-3.362447,-0.2268084,-0.05611995,-0.02603695,0.9719726,333.6518,353.7676,358.3913,0.3471059,-0.08225009,-0.9342119,0,0,0,1.17219,0.1372691,-2.424412,0.01951024,-0.02680698,1.037176,0.9923453,-0.02515745,0.1209049,0.07607134,0.8957601,-0.4379806,-0.0972833,0.4438254,0.890817,moving,-5.942451,18.47772,1.07766,-1.480544
05/15/2023 14:23:52.891666,4745,True,True,True,True,Eyes,1.244348,-0.2945583,-3.350371,-0.09713363,0.3177591,0.9431831,0,0,0,0,0,0,0,-0.8501859,-1.306459,3.247226,1.255811,-0.2984549,-3.362736,-0.2275629,-0.05561749,-0.02635291,0.9718166,333.5619,353.8385,358.342,0.347096,-0.0822403,-0.9342164,0,0,0,1.173333,0.1404781,-2.424266,0.01947927,-0.02578238,1.03882,0.9924245,-0.02590743,0.1200939,0.07653333,0.8950413,-0.4393675,-0.09610609,0.4452302,0.8902436,moving,-5.879872,18.61871,1.074247,-1.421727
05/15/2023 14:23:52.912405,4746,True,True,True,True,Eyes,1.244334,-0.2945189,-3.350499,-0.09602609,0.3200932,0.9425069,0,0,0,0,0,0,0,-0.8527409,-1.311871,3.244694,1.255963,-0.2984154,-3.362992,-0.2283036,-0.05521408,-0.02659953,0.9716591,333.474,353.8952,358.304,0.3470855,-0.08223014,-0.9342213,0,0,0,1.17437,0.1433922,-2.424134,0.01946181,-0.0249308,1.04034,0.9924878,-0.02648022,0.1194441,0.0769025,0.8943399,-0.4407291,-0.09515298,0.4466038,0.8896578,moving,-5.817432,18.75846,1.071717,-1.372779
05/15/2023 14:23:52.921937,4747,True,True,True,True,Eyes,1.244336,-0.2944786,-3.350621,-0.09491685,0.3224382,0.9418198,0,0,0,0,0,0,0,-0.8556284,-1.318462,3.241612,1.256051,-0.2984075,-3.363299,-0.2292559,-0.0547622,-0.02675726,0.9714562,333.3618,353.9551,358.2769,0.3470746,-0.08221965,-0.9342262,0,0,0,1.175471,0.1464823,-2.423993,0.01952473,-0.02436173,1.041989,0.9925703,-0.02687789,0.1186666,0.07709611,0.8934516,-0.4424935,-0.09412962,0.4483546,0.8888857,moving,-5.754853,18.89898,1.073479,-1.339333
05/15/2023 14:23:52.941925,4748,True,True,True,True,Eyes,1.244341,-0.2944337,-3.350751,-0.09379455,0.3247742,0.9411293,0,0,0,0,0,0,0,-0.859982,-1.32488,3.237954,1.2562,-0.2983948,-3.363353,-0.2301848,-0.05409991,-0.02698855,0.9712672,333.2523,354.0437,358.234,0.3470638,-0.08220882,-0.9342312,0,0,0,1.176501,0.1493742,-2.423862,0.01896562,-0.02383938,1.043344,0.9926896,-0.02752022,0.1175156,0.07733213,0.8925731,-0.4442218,-0.09266622,0.4500621,0.8881763,moving,-5.691401,19.03904,1.041393,-1.308925
05/15/2023 14:23:52.962080,4749,True,True,True,True,Eyes,1.244355,-0.2943935,-3.350883,-0.09272368,0.3271319,0.9404185,0,0,0,0,0,0,0,-0.8640749,-1.332776,3.233954,1.256251,-0.2982735,-3.363665,-0.2313064,-0.05345109,-0.02722518,0.9710301,333.1201,354.1307,358.1917,0.3470531,-0.08219755,-0.9342362,0,0,0,1.177585,0.1524189,-2.423723,0.01862457,-0.02380326,1.044935,0.9928035,-0.02814578,0.1163999,0.07760008,0.8915122,-0.4463005,-0.09121049,0.4521214,0.8872806,moving,-5.631066,19.18063,1.021113,-1.304952
05/15/2023 14:23:52.972085,4750,True,True,True,True,Eyes,1.24437,-0.2943492,-3.35102,-0.0916305,0.3294756,0.9397072,0,0,0,0,0,0,0,-0.8684329,-1.340427,3.229906,1.256402,-0.298396,-3.363871,-0.2324779,-0.05280331,-0.02731231,0.9707832,332.9829,354.2133,358.1682,0.3470426,-0.08218601,-0.9342411,0,0,0,1.178697,0.1555407,-2.423581,0.01825781,-0.02354375,1.046592,0.9929317,-0.02847746,0.1152201,0.07757987,0.8904161,-0.448487,-0.08982211,0.4542556,0.8863316,moving,-5.569284,19.32144,0.9994242,-1.288687
05/15/2023 14:23:52.991772,4751,True,True,True,True,Eyes,1.244381,-0.294305,-3.351154,-0.09049506,0.3317875,0.9390036,0,0,0,0,0,0,0,-0.8733715,-1.347736,3.225797,1.256435,-0.2982841,-3.364125,-0.2335476,-0.05204298,-0.02747007,0.970563,332.8575,354.3124,358.1316,0.3470323,-0.08217409,-0.9342459,0,0,0,1.179725,0.1584269,-2.423449,0.0176683,-0.02351689,1.048081,0.9930739,-0.02901383,0.1138531,0.07763189,0.8894018,-0.4504862,-0.08819085,0.4562047,0.8854941,moving,-5.504794,19.46035,0.9657868,-1.28539
05/15/2023 14:23:53.012821,4752,True,True,True,True,Eyes,1.244391,-0.2942626,-3.351292,-0.08937332,0.334067,0.9383025,0,0,0,0,0,0,0,-0.8782516,-1.352735,3.222491,1.256436,-0.2982754,-3.364233,-0.2343761,-0.05133903,-0.02734657,0.9704043,332.7621,354.3962,358.1303,0.3470222,-0.08216184,-0.9342507,0,0,0,1.180822,0.1615089,-2.423309,0.01737421,-0.02261466,1.049592,0.993233,-0.02900916,0.112458,0.07713971,0.88864,-0.4520712,-0.08682046,0.4576871,0.8848643,moving,-5.441008,19.59743,0.9483477,-1.234312
05/15/2023 14:23:53.021877,4753,True,True,True,True,Eyes,1.244409,-0.2942179,-3.35143,-0.08833758,0.3363243,0.9375939,0,0,0,0,0,0,0,-0.8814292,-1.357309,3.219934,1.256429,-0.2982907,-3.36446,-0.2351923,-0.05091472,-0.02700266,0.9702388,332.6687,354.4384,358.1649,0.3470121,-0.08214933,-0.9342555,0,0,0,1.181899,0.1645332,-2.423171,0.01775317,-0.02174601,1.051188,0.9933571,-0.02844855,0.1115005,0.07634755,0.8879108,-0.4536358,-0.08609723,0.4591351,0.8841845,moving,-5.382365,19.73342,0.9675574,-1.185113
05/15/2023 14:23:53.042200,4754,True,True,True,True,Eyes,1.244425,-0.2941751,-3.351574,-0.08734278,0.3385576,0.9368832,0,0,0,0,0,0,0,-0.8835535,-1.361419,3.217804,1.25649,-0.2982111,-3.364624,-0.2359132,-0.0506517,-0.0266829,0.9700863,332.5861,354.4611,358.2008,0.3470022,-0.08213653,-0.9342604,0,0,0,1.183011,0.1676544,-2.423029,0.01840624,-0.02064785,1.052742,0.9934449,-0.02787061,0.1108627,0.07566822,0.8872659,-0.4550092,-0.08568332,0.4604154,0.8835588,moving,-5.326117,19.86813,1.001663,-1.123621
05/15/2023 14:23:53.061999,4755,True,True,True,True,Eyes,1.244434,-0.2941357,-3.351714,-0.08629373,0.3406917,0.9362065,0,0,0,0,0,0,0,-0.8838106,-1.366789,3.215785,1.256495,-0.2982285,-3.364934,-0.2368015,-0.05063746,-0.02641638,0.9698779,332.483,354.4539,358.2386,0.3469924,-0.08212351,-0.9342651,0,0,0,1.184017,0.1704798,-2.422901,0.01953429,-0.02015424,1.054315,0.993476,-0.02725928,0.1107352,0.07522339,0.8864545,-0.4566617,-0.08571342,0.4620124,0.8827218,moving,-5.266291,19.99678,1.061452,-1.09513
05/15/2023 14:23:53.071966,4756,True,True,True,True,Eyes,1.244439,-0.2940958,-3.351856,-0.08529628,0.3427563,0.935544,0,0,0,0,0,0,0,-0.8837882,-1.369482,3.214684,1.25657,-0.2982785,-3.364939,-0.2372723,-0.05067106,-0.02624541,0.9697658,332.4284,354.444,358.2637,0.3469826,-0.08211039,-0.93427,0,0,0,1.1851,0.1735198,-2.422762,0.0206536,-0.01841211,1.055762,0.9934872,-0.02685811,0.1107327,0.07494947,0.886026,-0.4575374,-0.0858235,0.4628569,0.8822686,moving,-5.209421,20.12138,1.12072,-0.9991169
05/15/2023 14:23:53.091920,4757,True,True,True,True,Eyes,1.244451,-0.2940597,-3.351992,-0.08436777,0.3447542,0.9348939,0,0,0,0,0,0,0,-0.8825856,-1.371262,3.214412,1.256526,-0.2982344,-3.365109,-0.2374965,-0.05081976,-0.02631911,0.9697011,332.4013,354.4273,358.2603,0.3469727,-0.08209717,-0.9342749,0,0,0,1.186224,0.1766764,-2.422618,0.02205481,-0.01619807,1.057366,0.9934493,-0.0269043,0.1110613,0.07518235,0.8858055,-0.4579261,-0.08605855,0.4632762,0.8820255,moving,-5.156584,20.2421,1.194917,-0.8776607
05/15/2023 14:23:53.112991,4758,True,True,True,True,Eyes,1.24446,-0.2940213,-3.352132,-0.08352377,0.3466742,0.9342595,0,0,0,0,0,0,0,-0.8802599,-1.372231,3.21472,1.256541,-0.2982962,-3.365178,-0.2376183,-0.05114859,-0.02636055,0.9696528,332.3861,354.3871,358.2659,0.3469628,-0.08208397,-0.9342797,0,0,0,1.187197,0.1794088,-2.422494,0.02362293,-0.01399422,1.05873,0.9933779,-0.02681348,0.1117202,0.07542884,0.8856853,-0.4581178,-0.08666525,0.463511,0.8818428,moving,-5.10872,20.3583,1.278201,-0.7572876
05/15/2023 14:23:53.123817,4759,True,True,True,True,Eyes,1.244462,-0.2939858,-3.352265,-0.08268439,0.3485222,0.9336464,0,0,0,0,0,0,0,-0.8756106,-1.373158,3.215763,1.256485,-0.2982066,-3.365368,-0.237653,-0.05178323,-0.02651838,0.9696063,332.3799,354.3122,358.266,0.3469529,-0.08207072,-0.9342845,0,0,0,1.188316,0.182551,-2.422351,0.02598485,-0.01141614,1.060307,0.9932305,-0.02681191,0.113023,0.07603767,0.8856357,-0.4581133,-0.08781434,0.4636061,0.8816791,moving,-5.060952,20.47017,1.403862,-0.6168696
05/15/2023 14:23:53.141907,4760,True,True,True,True,Eyes,1.244463,-0.2939515,-3.352393,-0.08191753,0.3502774,0.933057,0,0,0,0,0,0,0,-0.870532,-1.372498,3.217405,1.256541,-0.2982394,-3.365328,-0.2374749,-0.05250534,-0.0266679,0.9696071,332.3988,354.2261,358.2685,0.3469429,-0.08205754,-0.9342893,0,0,0,1.189361,0.1854858,-2.422217,0.02830526,-0.008346021,1.061645,0.993064,-0.02677736,0.114485,0.07665216,0.885789,-0.4577142,-0.08915319,0.4633151,0.8816977,moving,-5.017406,20.57656,1.527241,-0.4504161
05/15/2023 14:23:53.161966,4761,True,True,True,True,Eyes,1.244469,-0.293924,-3.352511,-0.08119065,0.35201,0.9324683,0,0,0,0,0,0,0,-0.8666533,-1.371537,3.218849,1.256496,-0.2982312,-3.365332,-0.2372365,-0.05303061,-0.0268709,0.9696312,332.4247,354.1666,358.2578,0.3469328,-0.08204444,-0.9342942,0,0,0,1.190449,0.1885421,-2.422078,0.03033275,-0.00509423,1.063058,0.9929314,-0.02694812,0.1155898,0.07727131,0.8859936,-0.4572138,-0.09009074,0.4629138,0.8818132,moving,-4.976233,20.68169,1.634405,-0.2745623
05/15/2023 14:23:53.171818,4762,True,True,True,True,Eyes,1.244471,-0.2938906,-3.352624,-0.08054093,0.3536365,0.931909,0,0,0,0,0,0,0,-0.8625154,-1.369212,3.220849,1.256473,-0.2983702,-3.365232,-0.2368073,-0.05359833,-0.0270975,0.9696986,332.4729,354.1027,358.2444,0.3469228,-0.08203164,-0.9342991,0,0,0,1.191522,0.1915555,-2.421941,0.03236732,-0.001282692,1.064422,0.9927859,-0.02716785,0.1167822,0.07793775,0.886376,-0.4563587,-0.09111465,0.4621682,0.882099,moving,-4.939557,20.78052,1.741733,-0.06904478
05/15/2023 14:23:53.192114,4763,True,True,True,True,Eyes,1.244473,-0.2938642,-3.352729,-0.07988346,0.3552848,0.9313385,0,0,0,0,0,0,0,-0.8572025,-1.367431,3.222968,1.256374,-0.2981935,-3.365233,-0.2363234,-0.05427883,-0.02759221,0.9697649,332.5256,354.0328,358.2004,0.3469128,-0.08201896,-0.9343039,0,0,0,1.192577,0.1945173,-2.421806,0.03457207,0.002275735,1.065686,0.9925849,-0.0278612,0.1183168,0.07917062,0.8867799,-0.4553609,-0.09223402,0.4613515,0.8824102,moving,-4.902418,20.88073,1.858088,0.1223529
05/15/2023 14:23:53.213353,4764,True,True,True,True,Eyes,1.244469,-0.2938386,-3.352824,-0.07929737,0.3568313,0.9307972,0,0,0,0,0,0,0,-0.8522639,-1.36538,3.225052,1.256372,-0.2983374,-3.36513,-0.2359676,-0.05498278,-0.02770401,0.9698086,332.5656,353.9482,358.2059,0.346903,-0.08200658,-0.9343086,0,0,0,1.193678,0.1976086,-2.421665,0.03695191,0.006022573,1.06706,0.9924188,-0.02778686,0.11972,0.07968348,0.8871036,-0.4546404,-0.09357103,0.4607333,0.8825924,moving,-4.86944,20.97487,1.983341,0.3233786
05/15/2023 14:23:53.221885,4765,True,True,True,True,Eyes,1.244452,-0.293813,-3.352914,-0.0787182,0.3584284,0.9302325,0,0,0,0,0,0,0,-0.8481259,-1.362681,3.227115,1.256268,-0.2983232,-3.365009,-0.2355043,-0.05555995,-0.02780391,0.9698856,332.6184,353.8793,358.2083,0.3468932,-0.08199453,-0.9343134,0,0,0,1.194791,0.2007341,-2.421523,0.03918009,0.009911358,1.068349,0.9922801,-0.02776399,0.1208695,0.08010242,0.8875293,-0.4537349,-0.09467768,0.459914,0.8829017,moving,-4.836964,21.0722,2.100296,0.5315331
05/15/2023 14:23:53.241924,4766,True,True,True,True,Eyes,1.24443,-0.2937936,-3.352992,-0.07818763,0.3599227,0.9297002,0,0,0,0,0,0,0,-0.8447869,-1.361263,3.228466,1.256218,-0.2983009,-3.364911,-0.2352559,-0.05603391,-0.02784818,0.9699172,332.6465,353.8214,358.2156,0.3468831,-0.08198281,-0.9343181,0,0,0,1.19581,0.2035963,-2.421393,0.04110447,0.01307073,1.06954,0.9921694,-0.02765626,0.1217994,0.08038548,0.8877583,-0.4532366,-0.0955936,0.4594783,0.8830298,moving,-4.807253,21.16334,2.200904,0.7001708
05/15/2023 14:23:53.261988,4767,True,True,True,True,Eyes,1.244399,-0.2937748,-3.353055,-0.0775406,0.3614295,0.9291696,0,0,0,0,0,0,0,-0.8430519,-1.357539,3.230258,1.256126,-0.2984155,-3.364716,-0.2347589,-0.05631311,-0.02767325,0.9700265,332.7057,353.7817,358.243,0.3468729,-0.08197156,-0.9343229,0,0,0,1.196867,0.2065627,-2.421258,0.04277965,0.01704377,1.07075,0.992126,-0.02724756,0.1222435,0.08012757,0.8882449,-0.452328,-0.09625732,0.4585615,0.8834342,moving,-4.770366,21.2551,2.287919,0.9119338
05/15/2023 14:23:53.272204,4768,True,True,True,True,Eyes,1.244363,-0.2937557,-3.35311,-0.07692973,0.3628423,0.9286696,0,0,0,0,0,0,0,-0.8427509,-1.35378,3.231576,1.256108,-0.2984146,-3.364399,-0.2341992,-0.05636743,-0.02769015,0.9701581,332.7714,353.7761,358.239,0.3468624,-0.08196082,-0.9343278,0,0,0,1.197991,0.2097206,-2.421114,0.04385942,0.0212543,1.071909,0.9921119,-0.02732524,0.1223407,0.08013007,0.888768,-0.4512988,-0.09640062,0.4575421,0.8839469,moving,-4.735493,21.34118,2.34307,1.135938
05/15/2023 14:23:53.291824,4769,True,True,True,True,Eyes,1.244312,-0.2937395,-3.353153,-0.0762061,0.3643011,0.928158,0,0,0,0,0,0,0,-0.8419691,-1.350873,3.232794,1.255981,-0.2983739,-3.364254,-0.2337684,-0.05647899,-0.02765135,0.9702567,332.8221,353.7615,358.2445,0.3468516,-0.08195052,-0.9343327,0,0,0,1.199031,0.212641,-2.420981,0.0451507,0.02487093,1.073073,0.9920911,-0.02725181,0.1225263,0.08006383,0.8891755,-0.4505073,-0.0966702,0.4567541,0.884325,moving,-4.693722,21.42996,2.409359,1.327723
05/15/2023 14:23:53.313595,4770,True,True,True,True,Eyes,1.244259,-0.293726,-3.353189,-0.07553352,0.3656685,0.9276751,0,0,0,0,0,0,0,-0.8408284,-1.347249,3.234305,1.255904,-0.2984363,-3.363992,-0.2332412,-0.05665076,-0.02763137,0.970374,332.884,353.74,358.2489,0.3468402,-0.08194076,-0.9343378,0,0,0,1.200071,0.2155598,-2.420848,0.04648098,0.02884436,1.074168,0.9920544,-0.02719894,0.1228344,0.08005211,0.8896701,-0.4495317,-0.0970553,0.4557931,0.8847784,moving,-4.654891,21.51324,2.477735,1.538179
05/15/2023 14:23:53.321801,4771,True,True,True,True,Eyes,1.244207,-0.2937161,-3.35321,-0.07471795,0.3671449,0.927158,0,0,0,0,0,0,0,-0.839568,-1.343921,3.235819,1.255826,-0.2984681,-3.363828,-0.2328209,-0.05687443,-0.0273707,0.9704694,332.9348,353.7047,358.2856,0.3468283,-0.08193156,-0.934343,0,0,0,1.201175,0.2186603,-2.420707,0.04813777,0.03268892,1.075407,0.9920323,-0.02664173,0.1231347,0.07960796,0.8900906,-0.4487776,-0.09764485,0.4550044,0.8851196,moving,-4.607404,21.60305,2.562985,1.741072
05/15/2023 14:23:53.341972,4772,True,True,True,True,Eyes,1.244156,-0.2937043,-3.35322,-0.07391631,0.3685257,0.9266742,0,0,0,0,0,0,0,-0.8397209,-1.339731,3.237191,1.255891,-0.2985542,-3.363483,-0.2322865,-0.05691514,-0.02713961,0.9706016,332.9991,353.6934,358.3123,0.3468162,-0.08192302,-0.9343482,0,0,0,1.202232,0.2216278,-2.420572,0.0491817,0.03677523,1.076466,0.9920483,-0.02624225,0.1230921,0.07912471,0.8906129,-0.4478258,-0.0978755,0.4540045,0.8856074,moving,-4.560551,21.68704,2.615917,1.956631
05/15/2023 14:23:53.362062,4773,True,True,True,True,Eyes,1.244109,-0.2936907,-3.35322,-0.07312626,0.369835,0.9262153,0,0,0,0,0,0,0,-0.8413887,-1.33673,3.237753,1.255887,-0.2984867,-3.363255,-0.231826,-0.05667574,-0.02720616,0.9707237,333.0533,353.726,358.2938,0.3468039,-0.08191501,-0.9343535,0,0,0,1.203265,0.2245298,-2.42044,0.04954582,0.0404304,1.077555,0.9920954,-0.02654151,0.1226472,0.07909714,0.8910331,-0.4469941,-0.09741878,0.4531617,0.8860891,moving,-4.514235,21.76668,2.632597,2.148758
05/15/2023 14:23:53.371881,4774,True,True,True,True,Eyes,1.244048,-0.2936782,-3.353209,-0.07211433,0.371389,0.9256725,0,0,0,0,0,0,0,-0.8431938,-1.335407,3.237576,1.255918,-0.2984295,-3.363004,-0.2316297,-0.05641974,-0.02725555,0.9707841,333.0765,353.7597,358.2787,0.3467918,-0.08190747,-0.9343587,0,0,0,1.204355,0.2275904,-2.4203,0.04992368,0.04366001,1.078724,0.9921479,-0.02678154,0.1221692,0.07905547,0.8912097,-0.4466493,-0.09691637,0.4528003,0.886329,moving,-4.454619,21.86115,2.649775,2.31771
05/15/2023 14:23:53.392074,4775,True,True,True,True,Eyes,1.243984,-0.2936641,-3.353185,-0.07083523,0.3731388,0.9250674,0,0,0,0,0,0,0,-0.8447037,-1.332926,3.237893,1.255904,-0.2984747,-3.362706,-0.2312189,-0.05617703,-0.02748112,0.9708897,333.1238,353.7973,358.2408,0.3467795,-0.08190041,-0.9343638,0,0,0,1.205434,0.230619,-2.420163,0.05023024,0.04744819,1.079861,0.9921779,-0.0273839,0.1217917,0.07934066,0.8915652,-0.4458885,-0.09637508,0.4520637,0.8867639,moving,-4.378767,21.96737,2.66322,2.51591
05/15/2023 14:23:53.414237,4776,True,True,True,True,Eyes,1.24392,-0.2936529,-3.353154,-0.06959587,0.3747797,0.924498,0,0,0,0,0,0,0,-0.8465254,-1.328874,3.238675,1.255873,-0.2984627,-3.362325,-0.2304892,-0.05585343,-0.02796577,0.971068,333.2072,353.853,358.1661,0.346767,-0.08189376,-0.934369,0,0,0,1.206513,0.2336496,-2.420025,0.05018837,0.05192199,1.080877,0.9921966,-0.02856611,0.1213666,0.08006057,0.8921852,-0.4445175,-0.09558333,0.4507655,0.8875102,moving,-4.305085,22.06701,2.658506,2.750198
05/15/2023 14:23:53.422282,4777,True,True,True,True,Eyes,1.243843,-0.2936441,-3.353117,-0.06817263,0.3765675,0.9238774,0,0,0,0,0,0,0,-0.8471694,-1.325925,3.239515,1.255813,-0.2985167,-3.362151,-0.2300034,-0.0557333,-0.02816348,0.9711844,333.2633,353.8744,358.1349,0.3467545,-0.08188759,-0.9343742,0,0,0,1.207656,0.2368576,-2.419879,0.05086989,0.05600858,1.082172,0.9922013,-0.02906617,0.12121,0.08034156,0.8926105,-0.4436121,-0.09529922,0.4498906,0.8879845,moving,-4.22019,22.17555,2.691334,2.96274
05/15/2023 14:23:53.447190,4778,True,True,True,True,Eyes,1.243768,-0.293638,-3.353071,-0.0667972,0.3782162,0.9233042,0,0,0,0,0,0,0,-0.8483406,-1.321433,3.240793,1.25586,-0.2985953,-3.361884,-0.229348,-0.05558623,-0.02818138,0.9713474,333.3406,353.894,358.1244,0.3467417,-0.08188193,-0.9343795,0,0,0,1.208669,0.2397046,-2.419749,0.05134742,0.06020877,1.083213,0.992232,-0.02925063,0.1209137,0.080245,0.8932106,-0.4424202,-0.09506038,0.4486862,0.8886193,moving,-4.137901,22.27564,2.713953,3.181426
05/15/2023 14:23:53.462059,4779,True,True,True,True,Eyes,1.243684,-0.2936311,-3.353019,-0.06520944,0.3799435,0.9227083,0,0,0,0,0,0,0,-0.8494473,-1.315603,3.242612,1.255839,-0.2986361,-3.361635,-0.2284869,-0.05544426,-0.02818756,0.9715582,333.4421,353.9128,358.1142,0.3467288,-0.08187682,-0.9343847,0,0,0,1.20975,0.2427386,-2.419611,0.05195476,0.06500387,1.084295,0.9922628,-0.02943513,0.1206156,0.08010828,0.8939984,-0.440851,-0.09485366,0.4471023,0.8894393,moving,-4.042474,22.38039,2.743271,3.430798
05/15/2023 14:23:53.481537,4780,True,True,True,True,Eyes,1.243601,-0.2936279,-3.352961,-0.0636742,0.3815364,0.9221581,0,0,0,0,0,0,0,-0.8510066,-1.31019,3.244169,1.255888,-0.2986431,-3.361399,-0.2276493,-0.05522752,-0.02831286,0.9717635,333.5402,353.9442,358.0872,0.3467156,-0.08187222,-0.93439,0,0,0,1.210834,0.2457821,-2.419472,0.05226958,0.06970876,1.085386,0.9922966,-0.0298818,0.120227,0.08017182,0.8947483,-0.4393152,-0.09444536,0.4455698,0.8902515,moving,-3.949954,22.47698,2.757097,3.674767
05/15/2023 14:23:53.491909,4781,True,True,True,True,Eyes,1.243489,-0.2936251,-3.352903,-0.06195236,0.3832217,0.9215764,0,0,0,0,0,0,0,-0.8521774,-1.304587,3.245914,1.255838,-0.2987131,-3.361213,-0.226817,-0.05506719,-0.02834189,0.9719664,333.6382,353.9658,358.0739,0.3467022,-0.08186816,-0.9343953,0,0,0,1.211881,0.2487217,-2.419338,0.05282877,0.07436022,1.086474,0.9923287,-0.03011439,0.1199038,0.08007509,0.8955016,-0.4377955,-0.09419005,0.4440383,0.8910433,moving,-3.845885,22.57914,2.783761,3.915321
05/15/2023 14:23:53.512416,4782,True,True,True,True,Eyes,1.24338,-0.2936237,-3.35284,-0.06029612,0.3847861,0.9210342,0,0,0,0,0,0,0,-0.8530612,-1.299405,3.247558,1.255843,-0.2987519,-3.361012,-0.226035,-0.05495154,-0.02839615,0.9721534,333.7299,353.9825,358.0592,0.3466879,-0.08186466,-0.9344009,0,0,0,1.213141,0.2522603,-2.419178,0.05360932,0.07942104,1.0878,0.992348,-0.03036888,0.1196797,0.08005276,0.8962036,-0.4363606,-0.09400559,0.4426022,0.891777,moving,-3.745562,22.67401,2.821387,4.175795
05/15/2023 14:23:53.521897,4783,True,True,True,True,Eyes,1.243253,-0.2936222,-3.352775,-0.05858486,0.3864496,0.920448,0,0,0,0,0,0,0,-0.853778,-1.294679,3.249085,1.255828,-0.2987665,-3.360851,-0.2253556,-0.054874,-0.02832264,0.9723176,333.8104,353.9905,358.0621,0.346673,-0.08186167,-0.9344067,0,0,0,1.214024,0.2547396,-2.419065,0.05423855,0.08326626,1.08867,0.9923733,-0.03034488,0.1194752,0.07980953,0.8968254,-0.435126,-0.09394459,0.4413427,0.8924074,moving,-3.641861,22.77507,2.85217,4.373717
05/15/2023 14:23:53.541865,4784,True,True,True,True,Eyes,1.243134,-0.293619,-3.352706,-0.05692402,0.3880107,0.9198954,0,0,0,0,0,0,0,-0.855007,-1.290715,3.250148,1.255941,-0.2987998,-3.360621,-0.2248214,-0.05474975,-0.02817938,0.9724525,333.8743,354.0023,358.0732,0.3466569,-0.08185919,-0.9344128,0,0,0,1.215104,0.2577726,-2.418926,0.05487683,0.08732545,1.089767,0.9924168,-0.03018838,0.1191537,0.07942402,0.8973225,-0.4341706,-0.09381239,0.4403418,0.8929157,moving,-3.541004,22.86995,2.88278,4.58145
05/15/2023 14:23:53.562086,4785,True,True,True,True,Eyes,1.24299,-0.2936146,-3.352641,-0.05520258,0.3896354,0.9193133,0,0,0,0,0,0,0,-0.8566773,-1.287867,3.250717,1.256005,-0.2987477,-3.360485,-0.2243809,-0.05451985,-0.02823834,0.9725655,333.9261,354.033,358.0566,0.3466403,-0.08185712,-0.9344192,0,0,0,1.216236,0.2609522,-2.418782,0.05528129,0.09118477,1.090999,0.9924604,-0.03046082,0.1187205,0.07939368,0.8977116,-0.4333711,-0.09337596,0.4395294,0.8933616,moving,-3.43635,22.96884,2.900715,4.777627
05/15/2023 14:23:53.572056,4786,True,True,True,True,Eyes,1.242854,-0.2936089,-3.352573,-0.0535212,0.3911763,0.9187582,0,0,0,0,0,0,0,-0.8590276,-1.285698,3.250866,1.256118,-0.2987635,-3.360355,-0.2240268,-0.05418252,-0.02839246,0.9726614,333.9675,354.0797,358.0257,0.3466223,-0.08185537,-0.934426,0,0,0,1.217209,0.2636837,-2.418657,0.0552083,0.09449217,1.092098,0.9925162,-0.03095583,0.1181238,0.07950916,0.8980117,-0.4327276,-0.09268115,0.4388811,0.8937525,moving,-3.333932,23.06267,2.893982,4.945117
05/15/2023 14:23:53.591732,4787,True,True,True,True,Eyes,1.242706,-0.2936026,-3.352509,-0.05184957,0.3928267,0.9181497,0,0,0,0,0,0,0,-0.8611929,-1.284587,3.250639,1.256137,-0.2987301,-3.36026,-0.2238157,-0.05385036,-0.02857653,0.9727231,333.9919,354.1264,357.9921,0.3466034,-0.0818539,-0.9344332,0,0,0,1.218308,0.2667709,-2.418517,0.05535156,0.09774998,1.093382,0.9925671,-0.03148899,0.1175547,0.0796992,0.8981799,-0.4323436,-0.09197122,0.438499,0.8940134,moving,-3.232163,23.16347,2.898077,5.108747
05/15/2023 14:23:53.611734,4788,True,True,True,True,Eyes,1.242565,-0.2935979,-3.352448,-0.05021816,0.3944084,0.9175621,0,0,0,0,0,0,0,-0.863022,-1.284705,3.250093,1.256232,-0.2987687,-3.360208,-0.2237938,-0.05357235,-0.02876499,0.9727379,333.9939,354.1664,357.9606,0.3465834,-0.08185265,-0.9344407,0,0,0,1.218325,0.2668176,-2.418515,0.05455557,0.09786958,1.093415,0.9926051,-0.03198328,0.1170986,0.07993991,0.8981779,-0.4323033,-0.09134886,0.4384674,0.8940927,moving,-3.132672,23.26015,2.856384,5.114809
05/15/2023 14:23:53.622343,4789,True,True,True,True,Eyes,1.242401,-0.2935883,-3.35239,-0.04855099,0.3960952,0.916925,0,0,0,0,0,0,0,-0.8649622,-1.284929,3.249485,1.256253,-0.2988076,-3.360193,-0.2237965,-0.05327116,-0.02892442,0.9727491,333.9932,354.2084,357.9322,0.3465624,-0.08185164,-0.9344486,0,0,0,1.218325,0.2668176,-2.418515,0.05379387,0.09788075,1.09346,0.9926511,-0.03242859,0.1165853,0.08011619,0.898157,-0.432314,-0.09069256,0.4384773,0.8941546,static,-3.03097,23.36348,2.816453,5.115182
05/15/2023 14:23:53.642004,4790,True,True,True,True,Eyes,1.242247,-0.2935797,-3.352333,-0.04693377,0.3977281,0.9163021,0,0,0,0,0,0,0,-0.8675029,-1.286605,3.248083,1.25628,-0.2987381,-3.360129,-0.2240683,-0.05290608,-0.02890279,0.9727072,333.9622,354.2531,357.9259,0.3465401,-0.08185072,-0.9344569,0,0,0,1.218325,0.2668176,-2.418515,0.05304054,0.09721214,1.093466,0.9927312,-0.03251874,0.1158766,0.07993704,0.8979161,-0.4328473,-0.08997183,0.4389639,0.8939887,static,-2.932176,23.46363,2.777058,5.080395
05/15/2023 14:23:53.661903,4791,True,True,True,True,Eyes,1.24207,-0.2935697,-3.352284,-0.04527177,0.3994323,0.9156442,0,0,0,0,0,0,0,-0.8695283,-1.287398,3.24721,1.256347,-0.2987529,-3.360087,-0.2242746,-0.05265347,-0.0286794,0.9726799,333.9398,354.278,357.9475,0.3465167,-0.0818499,-0.9344657,0,0,0,1.218325,0.2668176,-2.418515,0.05261242,0.09676614,1.0935,0.9928102,-0.03217407,0.115294,0.0794094,0.8977568,-0.4332746,-0.08956581,0.4393148,0.8938571,static,-2.830544,23.56832,2.754593,5.057053
05/15/2023 14:23:53.672350,4792,True,True,True,True,Eyes,1.2419,-0.2935598,-3.35224,-0.04365549,0.401099,0.9149939,0,0,0,0,0,0,0,-0.8708934,-1.289895,3.245898,1.256459,-0.2987676,-3.360087,-0.2246045,-0.05243611,-0.02886923,0.9726099,333.9004,354.3103,357.9195,0.3464918,-0.08184913,-0.934475,0,0,0,1.218325,0.2668176,-2.418515,0.05195047,0.09601113,1.09361,0.992834,-0.03260222,0.1149681,0.07971176,0.8974388,-0.4338776,-0.08903142,0.4399327,0.8936065,static,-2.731581,23.67084,2.719714,5.017296
05/15/2023 14:23:53.692171,4793,True,True,True,True,Eyes,1.241717,-0.2935503,-3.352201,-0.04211141,0.4028509,0.9142963,0,0,0,0,0,0,0,-0.872218,-1.293024,3.2444,1.256461,-0.2987765,-3.360185,-0.2250505,-0.05221691,-0.0289781,0.9725154,333.8478,354.3405,357.902,0.3464656,-0.08184838,-0.9344848,0,0,0,1.218325,0.2668176,-2.418515,0.05147187,0.09495854,1.093813,0.9928674,-0.0328604,0.1146066,0.07986617,0.897025,-0.4347038,-0.08852041,0.4407564,0.8932514,static,-2.637112,23.77892,2.694196,4.961649
05/15/2023 14:23:53.711883,4794,True,True,True,True,Eyes,1.241543,-0.2935398,-3.352166,-0.04062527,0.4045666,0.9136057,0,0,0,0,0,0,0,-0.8730377,-1.295654,3.243101,1.256472,-0.2988141,-3.36015,-0.2254981,-0.05210819,-0.02886704,0.9724209,333.7961,354.3506,357.9151,0.3464379,-0.08184768,-0.9344951,0,0,0,1.218325,0.2668176,-2.418515,0.05134764,0.09399778,1.093892,0.9929029,-0.03264122,0.1143611,0.07964241,0.8966346,-0.4355497,-0.08832324,0.4415665,0.8928707,static,-2.546092,23.88492,2.687509,4.911343
05/15/2023 14:23:53.721795,4795,True,True,True,True,Eyes,1.241377,-0.2935269,-3.352132,-0.03925782,0.4065557,0.9127822,0,0,0,0,0,0,0,-0.8733423,-1.298739,3.241879,1.256531,-0.2987884,-3.360221,-0.2259783,-0.05206968,-0.02881142,0.9723129,333.7401,354.3536,357.9235,0.3464091,-0.08184696,-0.9345059,0,0,0,1.218325,0.2668176,-2.418515,0.05130174,0.09285948,1.094041,0.9929173,-0.0324942,0.1142776,0.07956067,0.8962074,-0.4364429,-0.08823453,0.4424437,0.8924451,static,-2.462715,24.00832,2.684745,4.851494
05/15/2023 14:23:53.741598,4796,True,True,True,True,Eyes,1.24122,-0.293514,-3.352102,-0.03793874,0.4084699,0.911983,0,0,0,0,0,0,0,-0.8735501,-1.301192,3.240851,1.25662,-0.2987723,-3.3602,-0.2263317,-0.05203542,-0.02887411,0.9722308,333.6983,354.3595,357.9166,0.3463793,-0.08184616,-0.934517,0,0,0,1.218325,0.2668176,-2.418515,0.0511322,0.09204894,1.094095,0.9929172,-0.03259007,0.1142511,0.07969911,0.8958805,-0.4370883,-0.08811062,0.4430982,0.8921325,static,-2.382147,24.12723,2.675755,4.809113
05/15/2023 14:23:53.761860,4797,True,True,True,True,Eyes,1.241074,-0.2935048,-3.352075,-0.03672343,0.4105688,0.9110898,0,0,0,0,0,0,0,-0.87387,-1.302025,3.24051,1.256661,-0.2987621,-3.360263,-0.2264318,-0.05198033,-0.02894731,0.9722083,333.6862,354.3685,357.9065,0.346349,-0.08184528,-0.9345283,0,0,0,1.218325,0.2668176,-2.418515,0.05094502,0.09177887,1.094176,0.9929202,-0.03274564,0.1141806,0.07982562,0.8957814,-0.4372683,-0.08796222,0.443287,0.8920534,static,-2.30818,24.25799,2.665776,4.794714
05/15/2023 14:23:53.771830,4798,True,True,True,True,Eyes,1.240933,-0.2934941,-3.35205,-0.03554771,0.4125644,0.9102346,0,0,0,0,0,0,0,-0.8744241,-1.301987,3.240462,1.256736,-0.2988838,-3.360307,-0.226452,-0.05191546,-0.02891507,0.9722079,333.6841,354.3756,357.9087,0.3463183,-0.0818444,-0.9345397,0,0,0,1.218325,0.2668176,-2.418515,0.05075908,0.09181434,1.094285,0.9929374,-0.03271021,0.114041,0.07973564,0.8957669,-0.4373145,-0.08784948,0.4433191,0.8920486,static,-2.236456,24.38244,2.655796,4.796083
05/15/2023 14:23:53.792004,4799,True,True,True,True,Eyes,1.240811,-0.293483,-3.352029,-0.03451026,0.4146481,0.9093272,0,0,0,0,0,0,0,-0.8745735,-1.301101,3.24078,1.256713,-0.2988422,-3.360322,-0.226235,-0.05185644,-0.02916127,0.9722543,333.7084,354.3902,357.8752,0.3462875,-0.08184347,-0.9345512,0,0,0,1.218325,0.2668176,-2.418515,0.05047503,0.09224924,1.094252,0.9929211,-0.03324085,0.1140299,0.0801678,0.8959348,-0.4368914,-0.08764067,0.4429402,0.8922573,static,-2.173413,24.51272,2.641034,4.818838
05/15/2023 14:23:53.811939,4800,True,True,True,True,Eyes,1.240694,-0.2934708,-3.352007,-0.03352235,0.4166352,0.9084555,0,0,0,0,0,0,0,-0.8722892,-1.300637,3.241705,1.256746,-0.2988606,-3.360427,-0.2260866,-0.05216402,-0.02934859,0.9722667,333.7241,354.3574,357.86,0.346257,-0.08184247,-0.9345626,0,0,0,1.218325,0.2668176,-2.418515,0.05095667,0.09256375,1.094304,0.9928351,-0.03348214,0.1147053,0.08065649,0.896047,-0.4365711,-0.08816402,0.4426948,0.8923275,static,-2.113277,24.6371,2.666073,4.834961
05/15/2023 14:23:53.821714,4801,True,True,True,True,Eyes,1.240606,-0.2934595,-3.351984,-0.03262323,0.4186607,0.9075567,0,0,0,0,0,0,0,-0.8710957,-1.300139,3.242195,1.256763,-0.2988209,-3.360394,-0.2259415,-0.05231349,-0.02953612,0.9722868,333.7397,354.3442,357.8403,0.3462268,-0.08184138,-0.9345738,0,0,0,1.218325,0.2668176,-2.418515,0.05110935,0.09287056,1.094223,0.9927819,-0.03379557,0.1150743,0.08107472,0.8961561,-0.4362696,-0.08838054,0.4424501,0.8924274,static,-2.05868,24.76413,2.674247,4.851267
05/15/2023 14:23:53.842198,4802,True,True,True,True,Eyes,1.24052,-0.2934446,-3.351964,-0.0317624,0.4206034,0.9066885,0,0,0,0,0,0,0,-0.8704429,-1.299669,3.242579,1.256769,-0.2988687,-3.360407,-0.2258273,-0.05238924,-0.02967807,0.9723048,333.7521,354.3389,357.8242,0.3461978,-0.08184019,-0.9345847,0,0,0,1.218325,0.2668176,-2.418515,0.05115469,0.09316462,1.094232,0.9927492,-0.03405042,0.1152809,0.08137409,0.8962425,-0.4360363,-0.0884724,0.4422555,0.8925148,static,-2.00632,24.8861,2.676595,4.866517
05/15/2023 14:23:53.862293,4803,True,True,True,True,Eyes,1.240448,-0.2934339,-3.351941,-0.03093336,0.4225103,0.9058301,0,0,0,0,0,0,0,-0.8696728,-1.300209,3.242616,1.256741,-0.2987729,-3.360471,-0.2258344,-0.05246797,-0.02985096,0.9722937,333.7501,354.3341,357.8051,0.3461697,-0.08183883,-0.9345952,0,0,0,1.218325,0.2668176,-2.418515,0.05124244,0.09303656,1.094243,0.9927121,-0.03434965,0.1155113,0.08174593,0.8962156,-0.4360222,-0.0885458,0.4422871,0.8924919,static,-1.955844,25.00596,2.681151,4.859807
05/15/2023 14:23:53.875861,4804,True,True,True,True,Eyes,1.240377,-0.2934224,-3.351921,-0.03013944,0.4243369,0.9050027,0,0,0,0,0,0,0,-0.86989,-1.299136,3.242919,1.256706,-0.298886,-3.360409,-0.225718,-0.05244849,-0.02976831,0.9723243,333.7643,354.3342,357.8141,0.3461429,-0.08183742,-0.9346053,0,0,0,1.218325,0.2668176,-2.418515,0.05126993,0.09343103,1.094212,0.992726,-0.03421175,0.1154324,0.08156603,0.8963305,-0.4358196,-0.08855539,0.4420648,0.8926011,static,-1.907424,25.1209,2.682665,4.880454
05/15/2023 14:23:53.892193,4805,True,True,True,True,Eyes,1.240327,-0.293413,-3.351899,-0.02941586,0.426156,0.9041713,0,0,0,0,0,0,0,-0.8701141,-1.298635,3.243091,1.256663,-0.298847,-3.360457,-0.2256835,-0.05243383,-0.02961298,0.9723378,333.7693,354.3315,357.8329,0.3461172,-0.08183593,-0.934615,0,0,0,1.218325,0.2668176,-2.418515,0.05138971,0.09345949,1.094224,0.9927475,-0.03392073,0.1153331,0.08125453,0.8963801,-0.4357758,-0.08860046,0.4419867,0.8926353,static,-1.863376,25.23554,2.688892,4.881877
05/15/2023 14:23:53.911947,4806,True,True,True,True,Eyes,1.24028,-0.2934041,-3.351878,-0.02871956,0.4278998,0.9033698,0,0,0,0,0,0,0,-0.871034,-1.297544,3.243288,1.256641,-0.2989018,-3.360468,-0.2256172,-0.05234284,-0.02933208,0.9723667,333.7789,354.3348,357.8648,0.346093,-0.08183441,-0.934624,0,0,0,1.218325,0.2668176,-2.418515,0.0514025,0.09365737,1.094244,0.9927997,-0.03342419,0.1150285,0.08066195,0.8964731,-0.4356945,-0.08855721,0.4418358,0.8927143,static,-1.820911,25.34554,2.689513,4.892077
05/15/2023 14:23:53.922532,4807,True,True,True,True,Eyes,1.240266,-0.2933908,-3.351851,-0.02818056,0.4296963,0.9025337,0,0,0,0,0,0,0,-0.871909,-1.296886,3.243321,1.256626,-0.2988968,-3.360479,-0.2256012,-0.05225423,-0.02907438,0.9723828,333.7825,354.3384,357.8941,0.3460703,-0.08183288,-0.9346326,0,0,0,1.218325,0.2668176,-2.418515,0.05140529,0.09368736,1.094247,0.9928484,-0.03296562,0.1147406,0.08012009,0.8965175,-0.4357029,-0.08850379,0.44178,0.8927472,static,-1.788413,25.45912,2.68965,4.89362
05/15/2023 14:23:53.941989,4808,True,True,True,True,Eyes,1.240249,-0.2933798,-3.351825,-0.02766258,0.4314169,0.9017285,0,0,0,0,0,0,0,-0.8724694,-1.297225,3.242991,1.256606,-0.2987986,-3.360454,-0.2256597,-0.0521762,-0.02902768,0.9723748,333.7761,354.3467,357.898,0.3460498,-0.08183119,-0.9346403,0,0,0,1.218325,0.2668176,-2.418515,0.05129986,0.09347752,1.094197,0.9928701,-0.03290345,0.1145704,0.07999971,0.8964703,-0.4358224,-0.08836889,0.4418806,0.8927107,static,-1.757128,25.56801,2.684266,4.882938
05/15/2023 14:23:53.962409,4809,True,True,True,True,Eyes,1.24026,-0.2933723,-3.351793,-0.02718539,0.4331039,0.9009339,0,0,0,0,0,0,0,-0.8725273,-1.296903,3.243052,1.256539,-0.2988414,-3.360424,-0.2256272,-0.05216318,-0.02900411,0.9723838,333.78,354.3477,357.9004,0.3460312,-0.08182944,-0.9346474,0,0,0,1.218325,0.2668176,-2.418515,0.05134734,0.09360683,1.094178,0.9928755,-0.03286738,0.1145335,0.07994511,0.8965023,-0.4357665,-0.08835702,0.4418184,0.8927428,static,-1.728357,25.67489,2.686792,4.889743
05/15/2023 14:23:53.972126,4810,True,True,True,True,Eyes,1.240269,-0.2933606,-3.35176,-0.02672709,0.4347205,0.9001687,0,0,0,0,0,0,0,-0.8716214,-1.295494,3.243808,1.256552,-0.2989295,-3.360363,-0.2254446,-0.05231243,-0.02893307,0.9724203,333.8016,354.3271,357.9125,0.346015,-0.08182772,-0.9346536,0,0,0,1.218325,0.2668176,-2.418515,0.05166622,0.09413275,1.094111,0.9928526,-0.0326831,0.1147849,0.07985732,0.8966752,-0.4354267,-0.08869372,0.441481,0.8928763,static,-1.700681,25.7774,2.703618,4.917381
05/15/2023 14:23:53.992117,4811,True,True,True,True,Eyes,1.240308,-0.2933524,-3.351718,-0.02630184,0.4363077,0.899413,0,0,0,0,0,0,0,-0.8712008,-1.295749,3.243731,1.256522,-0.2988207,-3.360299,-0.2254274,-0.05234833,-0.02907266,0.9724182,333.8027,354.3267,357.8961,0.346001,-0.08182591,-0.9346589,0,0,0,1.218325,0.2668176,-2.418515,0.05167146,0.09410238,1.094001,0.9928289,-0.03294006,0.1149165,0.08014306,0.8966745,-0.4353756,-0.08870137,0.4414633,0.8928843,static,-1.675042,25.87815,2.704164,4.916295
05/15/2023 14:23:54.012009,4812,True,True,True,True,Eyes,1.240343,-0.2933466,-3.351677,-0.02590517,0.4378142,0.8986923,0,0,0,0,0,0,0,-0.8707571,-1.294571,3.244171,1.256443,-0.2989138,-3.360175,-0.2252359,-0.05239207,-0.02917427,0.9724571,333.8246,354.3243,357.8837,0.3459897,-0.08182412,-0.9346633,0,0,0,1.218325,0.2668176,-2.418515,0.05173675,0.09467605,1.093887,0.9928079,-0.03314031,0.1150403,0.0803426,0.8968353,-0.4350075,-0.08875589,0.4411215,0.8930478,static,-1.651117,25.97387,2.707857,4.946628
05/15/2023 14:23:54.022042,4813,True,True,True,True,Eyes,1.240396,-0.2933404,-3.351628,-0.02552398,0.4392723,0.8979913,0,0,0,0,0,0,0,-0.8699352,-1.292958,3.244982,1.25637,-0.298959,-3.360148,-0.2250146,-0.05251608,-0.02910891,0.9725036,333.8506,354.307,357.8943,0.3459807,-0.0818224,-0.9346668,0,0,0,1.218325,0.2668176,-2.418515,0.05208539,0.0952408,1.093819,0.9927894,-0.03298327,0.115244,0.08025081,0.8970422,-0.4345976,-0.0890443,0.4407124,0.893221,static,-1.628104,26.06659,2.726247,4.976297
05/15/2023 14:23:54.042167,4814,True,True,True,True,Eyes,1.240445,-0.2933352,-3.351576,-0.02515473,0.4406362,0.8973333,0,0,0,0,0,0,0,-0.869619,-1.291024,3.245684,1.256361,-0.298948,-3.360005,-0.2247697,-0.05258972,-0.02896784,0.9725605,333.8801,354.2939,357.9126,0.3459744,-0.08182074,-0.9346692,0,0,0,1.218325,0.2668176,-2.418515,0.05230378,0.09585205,1.093626,0.9927903,-0.03270481,0.1153155,0.0799871,0.8972789,-0.4341573,-0.08927117,0.440251,0.8934259,static,-1.605738,26.15339,2.738141,5.008949
05/15/2023 14:23:54.062413,4815,True,True,True,True,Eyes,1.240502,-0.293332,-3.351521,-0.02487569,0.4419242,0.8967074,0,0,0,0,0,0,0,-0.8701631,-1.287804,3.246693,1.256307,-0.2989595,-3.359904,-0.2243007,-0.05251957,-0.02893923,0.9726734,333.9355,354.3021,357.9115,0.3459705,-0.08181918,-0.9346708,0,0,0,1.218325,0.2668176,-2.418515,0.05217144,0.09696034,1.093452,0.9928084,-0.03273648,0.115151,0.07985719,0.8977034,-0.4333028,-0.0891866,0.4393824,0.8938618,static,-1.589043,26.23546,2.73166,5.067371
05/15/2023 14:23:54.072599,4816,True,True,True,True,Eyes,1.240557,-0.2933291,-3.351463,-0.02460781,0.4431317,0.8961188,0,0,0,0,0,0,0,-0.870679,-1.284789,3.247645,1.256283,-0.2989909,-3.35981,-0.2239007,-0.05247403,-0.02879395,0.9727724,333.9835,354.3038,357.9261,0.3459688,-0.08181775,-0.9346715,0,0,0,1.218325,0.2668176,-2.418515,0.05214739,0.09793031,1.093301,0.9928348,-0.03252198,0.1149845,0.07951786,0.8980788,-0.4325869,-0.0891966,0.4386306,0.8942299,static,-1.572972,26.31245,2.730779,5.118499
05/15/2023 14:23:54.091863,4817,True,True,True,True,Eyes,1.240613,-0.2933272,-3.351401,-0.02432659,0.4442567,0.8955692,0,0,0,0,0,0,0,-0.8707729,-1.282269,3.248498,1.256256,-0.2989899,-3.359706,-0.2235187,-0.0524635,-0.0288133,0.9728602,334.0282,354.3058,357.9213,0.3459691,-0.08181647,-0.9346715,0,0,0,1.218325,0.2668176,-2.418515,0.05208969,0.09883279,1.093131,0.9928347,-0.03260948,0.1149599,0.07951576,0.8984184,-0.4318815,-0.08919867,0.4379281,0.894574,static,-1.555958,26.3842,2.728184,5.166211
05/15/2023 14:23:54.112171,4818,True,True,True,True,Eyes,1.240665,-0.2933279,-3.351337,-0.02404999,0.4453028,0.895057,0,0,0,0,0,0,0,-0.8715627,-1.279587,3.249216,1.256277,-0.2990065,-3.359573,-0.2231026,-0.05235221,-0.02888795,0.9729595,334.0769,354.322,357.9066,0.3459713,-0.08181536,-0.9346708,0,0,0,1.218325,0.2668176,-2.418515,0.05172856,0.09982806,1.092953,0.9928495,-0.03285377,0.1147631,0.07957344,0.8987814,-0.4311149,-0.0889832,0.4371643,0.8949689,static,-1.539155,26.45096,2.70974,5.218797
05/15/2023 14:23:54.128507,4819,True,True,True,True,Eyes,1.24072,-0.2933297,-3.351271,-0.02381527,0.4463257,0.8945537,0,0,0,0,0,0,0,-0.8724117,-1.276434,3.250092,1.256231,-0.2990579,-3.359454,-0.2226528,-0.05223917,-0.0288583,0.9730694,334.1302,354.3354,357.9046,0.3459752,-0.08181448,-0.9346694,0,0,0,1.218325,0.2668176,-2.418515,0.05149913,0.1009321,1.092785,0.9928765,-0.03289986,0.1145154,0.07942466,0.8991858,-0.4302982,-0.08881392,0.4363283,0.8953936,static,-1.524998,26.51629,2.698153,5.276994
05/15/2023 14:23:54.141616,4820,True,True,True,True,Eyes,1.240771,-0.2933324,-3.351201,-0.02356564,0.4472814,0.8940828,0,0,0,0,0,0,0,-0.8734188,-1.274014,3.250702,1.256244,-0.299084,-3.35938,-0.2222976,-0.05210375,-0.02886237,0.9731579,334.1721,354.3525,357.8983,0.3459807,-0.08181382,-0.9346675,0,0,0,1.218325,0.2668176,-2.418515,0.05115675,0.1017747,1.092673,0.9929044,-0.0330102,0.1142424,0.07934035,0.8995015,-0.4296536,-0.08857827,0.4356689,0.8957379,static,-1.509814,26.57735,2.680515,5.321337
05/15/2023 14:23:54.162284,4821,True,True,True,True,Eyes,1.240815,-0.2933371,-3.351133,-0.02329893,0.4482318,0.8936136,0,0,0,0,0,0,0,-0.8759637,-1.271395,3.250869,1.256168,-0.2990995,-3.359239,-0.2219567,-0.05174887,-0.028768,0.9732573,334.2135,354.394,357.898,0.3459874,-0.08181341,-0.9346651,0,0,0,1.218325,0.2668176,-2.418515,0.05050527,0.1026009,1.09251,0.9929889,-0.03302532,0.1135004,0.07896936,0.8998152,-0.4290646,-0.08795943,0.4350194,0.8961146,static,-1.493518,26.6381,2.646822,5.365081
05/15/2023 14:23:54.172565,4822,True,True,True,True,Eyes,1.240856,-0.2933383,-3.351065,-0.02304138,0.4491272,0.8931707,0,0,0,0,0,0,0,-0.8767354,-1.26857,3.251727,1.256139,-0.2991475,-3.35921,-0.2215846,-0.05166309,-0.02862641,0.9733508,334.2581,354.4008,357.9112,0.3459952,-0.08181329,-0.9346622,0,0,0,1.218325,0.2668176,-2.418515,0.05041065,0.103492,1.092429,0.9930229,-0.03283159,0.113259,0.07862258,0.9001616,-0.4284013,-0.08788628,0.434317,0.8964624,static,-1.477748,26.69535,2.642065,5.411802
05/15/2023 14:23:54.191920,4823,True,True,True,True,Eyes,1.240901,-0.2933435,-3.350998,-0.02277685,0.4500491,0.8927132,0,0,0,0,0,0,0,-0.8772411,-1.266897,3.252158,1.256103,-0.2990551,-3.359149,-0.2213575,-0.05160586,-0.02852264,0.9734085,334.2856,354.4051,357.9212,0.3460039,-0.08181332,-0.9346591,0,0,0,1.218325,0.2668176,-2.418515,0.0503715,0.1039463,1.092286,0.9930466,-0.03268166,0.1130946,0.07837503,0.9003747,-0.4279987,-0.08783977,0.4338864,0.8966753,static,-1.461538,26.75433,2.640362,5.436125
05/15/2023 14:23:54.211907,4824,True,True,True,True,Eyes,1.240942,-0.2933492,-3.350932,-0.02252004,0.4509288,0.8922758,0,0,0,0,0,0,0,-0.8777291,-1.265419,3.25262,1.256119,-0.2991536,-3.359152,-0.2212186,-0.0515746,-0.028298,0.9734484,334.3032,354.4027,357.9474,0.3460133,-0.0818136,-0.9346555,0,0,0,1.218325,0.2668176,-2.418515,0.05042782,0.1043485,1.092299,0.9930786,-0.03227475,0.1129305,0.07791179,0.9005231,-0.4277708,-0.08789031,0.4336087,0.8968047,static,-1.445774,26.81064,2.643278,5.456964
05/15/2023 14:23:54.222226,4825,True,True,True,True,Eyes,1.240982,-0.2933548,-3.350866,-0.02227911,0.4518378,0.8918219,0,0,0,0,0,0,0,-0.8784022,-1.264609,3.252678,1.256074,-0.2991669,-3.359095,-0.2211514,-0.05149503,-0.02815199,0.9734721,334.3121,354.4084,357.9629,0.3460234,-0.08181413,-0.9346517,0,0,0,1.218325,0.2668176,-2.418515,0.05039311,0.1045382,1.092239,0.9931114,-0.03203395,0.1127097,0.07758674,0.9005991,-0.42767,-0.08780625,0.4334688,0.8968806,static,-1.431041,26.86886,2.641606,5.467126
05/15/2023 14:23:54.242062,4826,True,True,True,True,Eyes,1.24102,-0.2933617,-3.350803,-0.02206037,0.452712,0.8913839,0,0,0,0,0,0,0,-0.8781106,-1.264114,3.252886,1.256044,-0.2991765,-3.359044,-0.2210812,-0.05153615,-0.02814638,0.973486,334.3203,354.4032,357.9644,0.3460341,-0.08181486,-0.9346477,0,0,0,1.218325,0.2668176,-2.418515,0.05049932,0.1047311,1.092176,0.9931036,-0.03201286,0.1127847,0.07758754,0.9006618,-0.4275376,-0.08789416,0.4333399,0.8969343,static,-1.417692,26.92489,2.64732,5.477466
05/15/2023 14:23:54.261907,4827,True,True,True,True,Eyes,1.241036,-0.2933713,-3.350743,-0.02184769,0.4534915,0.8909928,0,0,0,0,0,0,0,-0.8773394,-1.264002,3.253162,1.256055,-0.2992068,-3.35906,-0.2210998,-0.05166689,-0.02802516,0.9734783,334.3185,354.3836,357.9832,0.3460452,-0.08181582,-0.9346434,0,0,0,1.218325,0.2668176,-2.418515,0.05084673,0.1047197,1.092191,0.9930902,-0.0317167,0.1129859,0.07741083,0.900659,-0.4275757,-0.08820046,0.4333676,0.8968909,static,-1.404646,26.97488,2.665468,5.4768
05/15/2023 14:23:54.272268,4828,True,True,True,True,Eyes,1.241055,-0.2933765,-3.350684,-0.02164521,0.4542531,0.8906096,0,0,0,0,0,0,0,-0.8771276,-1.263482,3.253356,1.256078,-0.2992837,-3.358982,-0.2210477,-0.05170978,-0.02798304,0.9734891,334.3248,354.3771,357.9893,0.3460562,-0.08181705,-0.9346393,0,0,0,1.218325,0.2668176,-2.418515,0.05092617,0.1049412,1.092139,0.9930861,-0.03162171,0.113049,0.07734301,0.9007098,-0.427481,-0.08830664,0.433269,0.8969281,static,-1.392232,27.02374,2.669753,5.488572
05/15/2023 14:23:54.292138,4829,True,True,True,True,Eyes,1.241067,-0.2933812,-3.350631,-0.02142738,0.4549634,0.8902523,0,0,0,0,0,0,0,-0.8768895,-1.264875,3.252887,1.25617,-0.2991835,-3.358964,-0.2212339,-0.05174872,-0.02801489,0.9734439,334.3027,354.3731,357.9875,0.346067,-0.08181842,-0.9346352,0,0,0,1.218325,0.2668176,-2.418515,0.05091265,0.1044357,1.092124,0.9930745,-0.0316447,0.1131446,0.07743897,0.9005415,-0.427818,-0.08835325,0.433617,0.8967553,static,-1.378779,27.0693,2.669082,5.462368
05/15/2023 14:23:54.311798,4830,True,True,True,True,Eyes,1.24108,-0.2933853,-3.350575,-0.02118596,0.4556556,0.889904,0,0,0,0,0,0,0,-0.8769162,-1.26665,3.25225,1.256274,-0.2991862,-3.358984,-0.2214886,-0.05174796,-0.02805574,0.9733847,334.2725,354.3742,357.9838,0.3460775,-0.08181989,-0.9346311,0,0,0,1.218325,0.2668176,-2.418515,0.05080735,0.1038492,1.092208,0.9930701,-0.03169489,0.1131694,0.07754121,0.9003114,-0.4282836,-0.08831329,0.4340909,0.8965299,static,-1.363784,27.11371,2.663367,5.431466
05/15/2023 14:23:54.322962,4831,True,True,True,True,Eyes,1.241076,-0.2933895,-3.350526,-0.02090469,0.4562615,0.8896001,0,0,0,0,0,0,0,-0.8787013,-1.268384,3.251019,1.256318,-0.2991908,-3.358897,-0.221653,-0.05143807,-0.02842859,0.973353,334.2517,354.4231,357.9297,0.3460878,-0.08182144,-0.9346272,0,0,0,1.218325,0.2668176,-2.418515,0.04986843,0.1034901,1.092214,0.9930919,-0.03253931,0.1127374,0.07814492,0.9001235,-0.4285686,-0.08753223,0.4344178,0.8964481,static,-1.346145,27.15256,2.614202,5.412765
05/15/2023 14:23:54.342111,4832,True,True,True,True,Eyes,1.241071,-0.2933953,-3.35048,-0.02062877,0.4568454,0.8893069,0,0,0,0,0,0,0,-0.8811109,-1.269078,3.250123,1.256234,-0.2992098,-3.358953,-0.2216811,-0.05103096,-0.0287275,0.9733592,334.2476,354.4821,357.8812,0.3460974,-0.08182306,-0.9346235,0,0,0,1.218325,0.2668176,-2.418515,0.0489069,0.1033941,1.092321,0.9931411,-0.03329915,0.1120796,0.07854954,0.9000645,-0.4286186,-0.08660623,0.4344825,0.8965067,static,-1.328821,27.19,2.563612,5.407243
05/15/2023 14:23:54.361957,4833,True,True,True,True,Eyes,1.241066,-0.2934023,-3.35044,-0.02042496,0.4573738,0.88904,0,0,0,0,0,0,0,-0.8818563,-1.269082,3.249969,1.256232,-0.2992513,-3.358998,-0.2217143,-0.05093386,-0.02864628,0.973359,334.2444,354.4919,357.8887,0.3461063,-0.08182477,-0.93462,0,0,0,1.218325,0.2668176,-2.418515,0.04876829,0.1033344,1.092394,0.9931703,-0.0331807,0.1118565,0.07835176,0.9000443,-0.4286972,-0.08645129,0.4345334,0.896497,static,-1.316092,27.22392,2.556187,5.403783
05/15/2023 14:23:54.372588,4834,True,True,True,True,Eyes,1.241063,-0.2934066,-3.350405,-0.02021738,0.4578754,0.8887864,0,0,0,0,0,0,0,-0.8827103,-1.268201,3.250173,1.25627,-0.299283,-3.35907,-0.2216467,-0.05084607,-0.02844762,0.9733851,334.2536,354.4972,357.9105,0.3461145,-0.0818266,-0.9346168,0,0,0,1.218325,0.2668176,-2.418515,0.04868362,0.1034815,1.092463,0.9932109,-0.03284126,0.1115962,0.0779207,0.900127,-0.4286021,-0.08637494,0.434388,0.8965749,static,-1.303092,27.25613,2.551593,5.41109
05/15/2023 14:23:54.392150,4835,True,True,True,True,Eyes,1.241048,-0.2934135,-3.350378,-0.01997546,0.4582832,0.8885816,0,0,0,0,0,0,0,-0.8838947,-1.267803,3.250164,1.256352,-0.2992217,-3.359197,-0.2215779,-0.05068681,-0.02843984,0.9734092,334.2621,354.5168,357.9066,0.3461222,-0.08182844,-0.9346138,0,0,0,1.218325,0.2668176,-2.418515,0.04828433,0.1035107,1.092559,0.9932441,-0.03290505,0.1112813,0.07782935,0.9001889,-0.4284889,-0.08607471,0.4342549,0.8966682,static,-1.287802,27.28228,2.530473,5.412138
05/15/2023 14:23:54.411739,4836,True,True,True,True,Eyes,1.241035,-0.293417,-3.35036,-0.01973853,0.4586762,0.8883842,0,0,0,0,0,0,0,-0.8850443,-1.267339,3.25016,1.256377,-0.2992896,-3.359306,-0.221506,-0.05051912,-0.02847273,0.9734333,334.2707,354.5385,357.8974,0.346129,-0.08183035,-0.9346111,0,0,0,1.218325,0.2668176,-2.418515,0.0478907,0.1036735,1.09269,0.9932742,-0.03305203,0.1109677,0.07781317,0.9002488,-0.4283658,-0.08574021,0.4341194,0.8967659,static,-1.272815,27.30748,2.509567,5.41995
05/15/2023 14:23:54.422193,4837,True,True,True,True,Eyes,1.241016,-0.2934224,-3.35035,-0.01949308,0.459025,0.8882095,0,0,0,0,0,0,0,-0.8850918,-1.267938,3.250123,1.25643,-0.2992189,-3.359495,-0.2215327,-0.05049568,-0.02860698,0.9734244,334.2669,354.5452,357.8802,0.346135,-0.08183222,-0.9346088,0,0,0,1.218325,0.2668176,-2.418515,0.04772361,0.1034592,1.092846,0.9932637,-0.03332056,0.1109822,0.07806634,0.9002098,-0.4284016,-0.0856327,0.4341797,0.8967469,static,-1.257239,27.32984,2.500467,5.408048
05/15/2023 14:23:54.442269,4838,True,True,True,True,Eyes,1.241003,-0.2934287,-3.350346,-0.01925911,0.4593772,0.8880326,0,0,0,0,0,0,0,-0.8846878,-1.269559,3.249786,1.256447,-0.2992764,-3.359663,-0.2217498,-0.05053805,-0.02868311,0.9733706,334.2409,354.5421,357.8731,0.3461399,-0.08183409,-0.9346067,0,0,0,1.218325,0.2668176,-2.418515,0.04778081,0.1029512,1.093066,0.9932464,-0.03342498,0.1111054,0.07825218,0.9000086,-0.4287902,-0.08566354,0.4345886,0.8965459,static,-1.242401,27.35242,2.502957,5.380572
05/15/2023 14:23:54.462128,4839,True,True,True,True,Eyes,1.240989,-0.2934322,-3.350348,-0.01907542,0.4597247,0.8878567,0,0,0,0,0,0,0,-0.8846784,-1.271067,3.249378,1.256571,-0.2993076,-3.359787,-0.2219876,-0.05055724,-0.02863672,0.9733167,334.2132,354.5383,357.8806,0.3461441,-0.08183597,-0.9346051,0,0,0,1.218325,0.2668176,-2.418515,0.04776519,0.1023853,1.093248,0.9932478,-0.03329903,0.1111304,0.07819135,0.8998028,-0.429233,-0.08570242,0.4350241,0.8963308,static,-1.230799,27.37474,2.501724,5.350286
05/15/2023 14:23:54.472153,4840,True,True,True,True,Eyes,1.240979,-0.2934362,-3.350354,-0.01888513,0.4600812,0.8876759,0,0,0,0,0,0,0,-0.8857648,-1.273759,3.248165,1.256638,-0.2992522,-3.3599,-0.222374,-0.0503924,-0.02868232,0.9732358,334.1679,354.5599,357.8723,0.3461475,-0.08183777,-0.9346037,0,0,0,1.218325,0.2668176,-2.418515,0.04737443,0.1014042,1.093426,0.9932759,-0.03341741,0.1108438,0.07824124,0.8994542,-0.4299538,-0.08533097,0.4357353,0.8960208,static,-1.218773,27.39764,2.480879,5.298448
05/15/2023 14:23:54.491735,4841,True,True,True,True,Eyes,1.240965,-0.2934379,-3.350365,-0.01866144,0.4603986,0.8875161,0,0,0,0,0,0,0,-0.8865173,-1.276178,3.247174,1.256695,-0.2992808,-3.360034,-0.2226989,-0.05026209,-0.0288174,0.9731643,334.1293,354.5799,357.8535,0.3461503,-0.08183949,-0.9346026,0,0,0,1.218325,0.2668176,-2.418515,0.04699945,0.1006262,1.093647,0.9932866,-0.03370148,0.1106617,0.07847475,0.8991495,-0.4305484,-0.08499132,0.4363421,0.8957579,static,-1.204557,27.41801,2.46077,5.256967
05/15/2023 14:23:54.512033,4842,True,True,True,True,Eyes,1.240954,-0.2934392,-3.350381,-0.01844739,0.4607208,0.8873533,0,0,0,0,0,0,0,-0.8870094,-1.278259,3.246327,1.256706,-0.2992352,-3.360137,-0.2229633,-0.05016411,-0.02895352,0.9731047,334.0977,354.5959,357.8351,0.3461523,-0.08184107,-0.9346017,0,0,0,1.218325,0.2668176,-2.418515,0.04672986,0.09993654,1.093787,0.9932905,-0.03398009,0.110541,0.0787191,0.8988981,-0.4310284,-0.0847187,0.4368381,0.8955418,static,-1.190963,27.4387,2.446359,5.220474
05/15/2023 14:23:54.522605,4843,True,True,True,True,Eyes,1.240945,-0.2934381,-3.350401,-0.01823623,0.4610166,0.8872041,0,0,0,0,0,0,0,-0.8866394,-1.28011,3.245849,1.256767,-0.2992343,-3.360259,-0.2232073,-0.05020623,-0.02903803,0.973044,334.0685,354.593,357.8271,0.3461537,-0.0818425,-0.934601,0,0,0,1.218325,0.2668176,-2.418515,0.04673711,0.09933028,1.093949,0.9932722,-0.03409776,0.1106687,0.07892336,0.8986706,-0.4314653,-0.08474274,0.4372969,0.8953156,static,-1.177533,27.45767,2.446378,5.188217
05/15/2023 14:23:54.542378,4844,True,True,True,True,Eyes,1.240937,-0.2934397,-3.35042,-0.01801858,0.4613114,0.8870553,0,0,0,0,0,0,0,-0.8867191,-1.283382,3.244663,1.256849,-0.2991815,-3.360357,-0.2236606,-0.05017976,-0.02913551,0.9729384,334.0147,354.599,357.8166,0.3461546,-0.08184373,-0.9346005,0,0,0,1.218325,0.2668176,-2.418515,0.04659129,0.0982112,1.094116,0.9932662,-0.03424763,0.1106766,0.07914058,0.8982541,-0.432292,-0.08461071,0.43814,0.8949159,static,-1.163678,27.4766,2.438381,5.129297
05/15/2023 14:23:54.562315,4845,True,True,True,True,Eyes,1.240927,-0.2934407,-3.350441,-0.01781522,0.4616083,0.8869049,0,0,0,0,0,0,0,-0.8879091,-1.284358,3.243953,1.256853,-0.2992527,-3.360351,-0.223818,-0.05000069,-0.02916381,0.9729106,333.9965,354.622,357.8087,0.346155,-0.08184484,-0.9346003,0,0,0,1.218325,0.2668176,-2.418515,0.04620628,0.09791249,1.094191,0.9932988,-0.03436544,0.1103472,0.07912967,0.8981099,-0.4325934,-0.08423764,0.4384262,0.8948109,static,-1.150743,27.49567,2.418091,5.113432
05/15/2023 14:23:54.572396,4846,True,True,True,True,Eyes,1.240921,-0.2934433,-3.35046,-0.01761854,0.4619053,0.8867542,0,0,0,0,0,0,0,-0.8895401,-1.286469,3.242783,1.256903,-0.2992376,-3.360443,-0.2241916,-0.0497868,-0.02900198,0.9728404,333.954,354.6439,357.8245,0.3461549,-0.08184583,-0.9346002,0,0,0,1.218325,0.2668176,-2.418515,0.04586598,0.09700909,1.094359,0.9933603,-0.03410504,0.1098732,0.07875217,0.897794,-0.4333174,-0.08386523,0.4390931,0.8945188,static,-1.138235,27.51476,2.399935,5.065726
05/15/2023 14:23:54.592294,4847,True,True,True,True,Eyes,1.240927,-0.2934443,-3.350474,-0.0175355,0.4621525,0.8866271,0,0,0,0,0,0,0,-0.8900144,-1.287251,3.242317,1.257004,-0.29928,-3.360376,-0.2243554,-0.04974678,-0.02889546,0.9728079,333.9354,354.6458,357.8374,0.3461546,-0.08184677,-0.9346003,0,0,0,1.218325,0.2668176,-2.418515,0.04576054,0.09670115,1.094359,0.9933806,-0.03389754,0.1097538,0.07854138,0.8976594,-0.4336345,-0.08382241,0.4393844,0.8943799,static,-1.133034,27.53068,2.394425,5.049729
05/15/2023 14:23:54.611821,4848,True,True,True,True,Eyes,1.24093,-0.2934471,-3.350483,-0.01744591,0.4623889,0.8865055,0,0,0,0,0,0,0,-0.8906702,-1.28851,3.241581,1.257029,-0.2992557,-3.360316,-0.22442,-0.04959013,-0.02931599,0.9727883,333.9258,354.6773,357.781,0.3461542,-0.08184759,-0.9346004,0,0,0,1.218325,0.2668176,-2.418515,0.04512422,0.09653449,1.094336,0.9933628,-0.03477848,0.1096396,0.07929454,0.8975525,-0.4337187,-0.0833232,0.4395338,0.894353,static,-1.127402,27.54592,2.361215,5.041173
05/15/2023 14:23:54.622933,4849,True,True,True,True,Eyes,1.240925,-0.2934034,-3.350515,-0.01742785,0.4625464,0.8864238,0,0,0,0,0,0,0,-0.8915092,-1.28899,3.240587,1.257377,-0.3004143,-3.35953,-0.2247341,-0.04954573,-0.02921325,0.9727212,333.8896,354.6799,357.794,0.3461539,-0.0818484,-0.9346004,0,0,0,1.218325,0.2668176,-2.418515,0.04465991,0.09718335,1.094234,0.9933836,-0.03456345,0.1095188,0.07910191,0.8972823,-0.4343124,-0.08325793,0.440102,0.8940796,static,-1.126339,27.55609,2.337164,5.075353
05/15/2023 14:23:54.641809,4850,True,True,True,True,Eyes,1.240939,-0.2934073,-3.350512,-0.01743703,0.462696,0.8863456,0,0,0,0,0,0,0,-0.8899236,-1.288152,3.241688,1.256975,-0.2992465,-3.360105,-0.2243665,-0.0496911,-0.02934119,0.9727947,333.9318,354.6655,357.7805,0.3461533,-0.08184785,-0.9346006,0,0,0,1.218325,0.2668176,-2.418515,0.04534367,0.09674776,1.09412,0.9933398,-0.03478788,0.1098448,0.07938394,0.8975976,-0.433609,-0.08351212,0.439441,0.894381,static,-1.127031,27.56576,2.373155,5.053248
05/15/2023 14:23:54.661821,4851,True,True,True,True,Eyes,1.240958,-0.2934121,-3.350498,-0.01745213,0.4627683,0.8863074,0,0,0,0,0,0,0,-0.8881437,-1.286029,3.242892,1.257025,-0.2992781,-3.359961,-0.2240114,-0.04995007,-0.02944657,0.9728601,333.9723,354.6364,357.7731,0.3461531,-0.08184745,-0.9346007,0,0,0,1.218325,0.2668176,-2.418515,0.04571324,0.09764338,1.093919,0.9932758,-0.03491602,0.1103816,0.07967357,0.8979036,-0.4329218,-0.08399612,0.4388052,0.8946478,static,-1.128056,27.57044,2.392912,5.100711
05/15/2023 14:23:54.671850,4852,True,True,True,True,Eyes,1.240978,-0.2934191,-3.350476,-0.01747886,0.4627919,0.8862947,0,0,0,0,0,0,0,-0.8875376,-1.283283,3.243904,1.257031,-0.2992944,-3.359725,-0.2235797,-0.05003909,-0.02953281,0.9729523,334.0224,354.6278,357.7628,0.3461535,-0.08184724,-0.9346006,0,0,0,1.218325,0.2668176,-2.418515,0.04576517,0.09873122,1.093625,0.9932478,-0.03509258,0.1105772,0.07984348,0.8982799,-0.4321091,-0.08416542,0.4380203,0.8950164,static,-1.129799,27.57198,2.396272,5.158615
05/15/2023 14:23:54.691919,4853,True,True,True,True,Eyes,1.240996,-0.2934242,-3.350447,-0.01750668,0.4627427,0.8863198,0,0,0,0,0,0,0,-0.8869275,-1.278894,3.245575,1.25706,-0.2993376,-3.359489,-0.2229427,-0.05015708,-0.02948568,0.9730938,334.0972,354.6119,357.7688,0.3461545,-0.08184729,-0.9346002,0,0,0,1.218325,0.2668176,-2.418515,0.04592483,0.1003076,1.093295,0.9932297,-0.03502036,0.1107623,0.07974897,0.8988543,-0.4309304,-0.08446784,0.4368461,0.8955616,static,-1.131565,27.56882,2.405347,5.242098
05/15/2023 14:23:54.712056,4854,True,True,True,True,Eyes,1.241014,-0.2934313,-3.35041,-0.01753178,0.4626478,0.8863689,0,0,0,0,0,0,0,-0.8868102,-1.274406,3.24718,1.25709,-0.299282,-3.359297,-0.2222226,-0.05017792,-0.02961393,0.9732535,334.181,354.613,357.7499,0.3461562,-0.08184751,-0.9345996,0,0,0,1.218325,0.2668176,-2.418515,0.04576065,0.1019495,1.092957,0.9932104,-0.03534238,0.1108334,0.07994504,0.8994803,-0.4295858,-0.0845099,0.4355297,0.8961986,static,-1.133124,27.56269,2.397498,5.329051
05/15/2023 14:23:54.727492,4855,True,True,True,True,Eyes,1.241037,-0.293441,-3.350363,-0.01752824,0.4625047,0.8864435,0,0,0,0,0,0,0,-0.8873235,-1.26993,3.248562,1.25711,-0.2993248,-3.359062,-0.2215671,-0.0501264,-0.02960643,0.9734057,334.2581,354.6193,357.7461,0.3461584,-0.08184797,-0.9345987,0,0,0,1.218325,0.2668176,-2.418515,0.04554652,0.103554,1.092635,0.9932216,-0.03542541,0.1107063,0.07985087,0.9000629,-0.4283813,-0.08446703,0.4343176,0.8967907,static,-1.1328,27.55344,2.386993,5.414006
05/15/2023 14:23:54.741960,4856,True,True,True,True,Eyes,1.241058,-0.2934494,-3.35031,-0.0175028,0.4623221,0.8865393,0,0,0,0,0,0,0,-0.8886731,-1.265913,3.249526,1.257115,-0.2993857,-3.358828,-0.2209528,-0.04993303,-0.02971664,0.973552,334.3301,354.6465,357.7239,0.3461614,-0.08184874,-0.9345976,0,0,0,1.218325,0.2668176,-2.418515,0.04497453,0.1050696,1.092345,0.9932473,-0.0357957,0.1103568,0.07992708,0.9005936,-0.4272504,-0.08409286,0.4331858,0.8973731,static,-1.131034,27.54163,2.357677,5.494218
05/15/2023 14:23:54.762270,4857,True,True,True,True,Eyes,1.241084,-0.2934611,-3.350253,-0.01747919,0.462121,0.8866447,0,0,0,0,0,0,0,-0.890502,-1.262105,3.250301,1.257109,-0.2993548,-3.358634,-0.2203446,-0.04966118,-0.0298702,0.9736992,334.4013,354.6845,357.6942,0.3461651,-0.08184976,-0.9345961,0,0,0,1.218325,0.2668176,-2.418515,0.04422769,0.1064653,1.092057,0.9932831,-0.03628403,0.1098735,0.08005431,0.9011121,-0.4261318,-0.0835466,0.4320653,0.8979641,static,-1.129375,27.52862,2.319179,5.568204
05/15/2023 14:23:54.772581,4858,True,True,True,True,Eyes,1.241107,-0.2934718,-3.350188,-0.01745267,0.4618917,0.8867646,0,0,0,0,0,0,0,-0.891519,-1.258192,3.251388,1.25705,-0.2994353,-3.358503,-0.2197751,-0.04952066,-0.02987229,0.9738349,334.4684,354.702,357.6872,0.3461695,-0.0818511,-0.9345943,0,0,0,1.218325,0.2668176,-2.418515,0.04391884,0.1078649,1.091859,0.9933107,-0.03641453,0.1095803,0.07994816,0.9016131,-0.4250908,-0.08331951,0.431008,0.8984932,static,-1.127509,27.51379,2.303419,5.641952
05/15/2023 14:23:54.792064,4859,True,True,True,True,Eyes,1.241119,-0.2934841,-3.350119,-0.01739503,0.4616538,0.8868896,0,0,0,0,0,0,0,-0.8924512,-1.254527,3.252285,1.257001,-0.2994082,-3.358268,-0.219278,-0.04941406,-0.02973624,0.9739565,334.5278,354.7114,357.6986,0.3461747,-0.08185273,-0.9345923,0,0,0,1.218325,0.2668176,-2.418515,0.04376439,0.1090552,1.091529,0.993348,-0.03625278,0.1092953,0.07959445,0.9020658,-0.4241956,-0.08321328,0.4300732,0.8989508,static,-1.123628,27.49839,2.29602,5.705513
05/15/2023 14:23:54.812164,4860,True,True,True,True,Eyes,1.241129,-0.2934967,-3.350044,-0.0173306,0.4613855,0.8870305,0,0,0,0,0,0,0,-0.8932592,-1.250798,3.253285,1.256945,-0.2994432,-3.358079,-0.2187846,-0.04932772,-0.02957343,0.9740768,334.5868,354.7175,357.7139,0.3461803,-0.08185466,-0.9345901,0,0,0,1.218325,0.2668176,-2.418515,0.04368177,0.1102759,1.091263,0.9933844,-0.03602928,0.1090384,0.07919786,0.9025174,-0.4233085,-0.08315754,0.4291436,0.8994001,static,-1.11929,27.48102,2.292248,5.770349
05/15/2023 14:23:54.822214,4861,True,True,True,True,Eyes,1.241146,-0.2935116,-3.349966,-0.01734411,0.4611368,0.8871595,0,0,0,0,0,0,0,-0.8948742,-1.246613,3.254217,1.256895,-0.2994491,-3.357874,-0.2182382,-0.04913314,-0.02936475,0.9742156,334.6525,354.7358,357.7316,0.3461862,-0.08185691,-0.9345877,0,0,0,1.218325,0.2668176,-2.418515,0.04339471,0.1115903,1.090966,0.9934473,-0.03576974,0.1085496,0.07866065,0.9030196,-0.4223366,-0.08291551,0.4281077,0.8999161,static,-1.119999,27.46497,2.277821,5.840234
05/15/2023 14:23:54.841614,4862,True,True,True,True,Eyes,1.241157,-0.2935257,-3.34988,-0.01735243,0.4608565,0.8873051,0,0,0,0,0,0,0,-0.8961381,-1.242141,3.255442,1.256827,-0.2995022,-3.357762,-0.2176726,-0.04899788,-0.02907521,0.9743575,334.7207,354.7445,357.7609,0.3461926,-0.08185951,-0.9345851,0,0,0,1.218325,0.2668176,-2.418515,0.04331115,0.1129582,1.090757,0.9935077,-0.03532831,0.1081407,0.07799029,0.9035466,-0.4213326,-0.08282515,0.427031,0.9004357,static,-1.120352,27.44687,2.273874,5.912444
05/15/2023 14:23:54.862135,4863,True,True,True,True,Eyes,1.241169,-0.2935382,-3.349796,-0.01741165,0.4606116,0.887431,0,0,0,0,0,0,0,-0.8975199,-1.23763,3.256485,1.256717,-0.2994775,-3.35752,-0.2170992,-0.04884023,-0.02878946,0.9745018,334.7899,354.7562,357.789,0.3461995,-0.0818624,-0.9345823,0,0,0,1.218325,0.2668176,-2.418515,0.04320999,0.1143287,1.090393,0.9935716,-0.03490441,0.1076901,0.07731711,0.9040782,-0.420315,-0.08268943,0.4259393,0.9009652,static,-1.124015,27.43109,2.269325,5.985646
05/15/2023 14:23:54.872243,4864,True,True,True,True,Eyes,1.24118,-0.293552,-3.349711,-0.01749173,0.4603586,0.8875607,0,0,0,0,0,0,0,-0.8973968,-1.233985,3.257818,1.256644,-0.2994397,-3.35747,-0.2166327,-0.04889964,-0.02850667,0.974611,334.846,354.741,357.8233,0.3462066,-0.08186553,-0.9345794,0,0,0,1.218325,0.2668176,-2.418515,0.04355392,0.1153771,1.090203,0.9935924,-0.03437931,0.1076672,0.07675236,0.9045153,-0.4194774,-0.08296528,0.4250532,0.9013582,static,-1.129019,27.41479,2.287766,6.041173
05/15/2023 14:23:54.892341,4865,True,True,True,True,Eyes,1.241197,-0.2935687,-3.349623,-0.01764973,0.4601727,0.8876539,0,0,0,0,0,0,0,-0.8961835,-1.231696,3.25893,1.25662,-0.2994708,-3.35739,-0.2163728,-0.0491185,-0.02823463,0.9746655,334.8774,354.7065,357.8617,0.3462141,-0.08186889,-0.9345763,0,0,0,1.218325,0.2668176,-2.418515,0.04418757,0.116043,1.090054,0.9935803,-0.03378283,0.1079666,0.07629447,0.9047713,-0.4190086,-0.08352982,0.4245559,0.9015403,static,-1.139095,27.40288,2.321332,6.076609
05/15/2023 14:23:54.911897,4866,True,True,True,True,Eyes,1.241212,-0.293583,-3.349533,-0.01781541,0.4599757,0.8877527,0,0,0,0,0,0,0,-0.8950204,-1.228967,3.260118,1.256601,-0.2995495,-3.357233,-0.2160725,-0.04933972,-0.02791535,0.9747303,334.9139,354.6705,357.9056,0.346222,-0.08187255,-0.9345731,0,0,0,1.218325,0.2668176,-2.418515,0.04484034,0.1168754,1.089843,0.9935727,-0.03309796,0.1082493,0.07574179,0.9050668,-0.4184701,-0.08412235,0.4239795,0.9017565,static,-1.149657,27.39025,2.35604,6.121038
05/15/2023 14:23:54.922676,4867,True,True,True,True,Eyes,1.241216,-0.2935972,-3.349447,-0.01790785,0.4598401,0.8878212,0,0,0,0,0,0,0,-0.8938352,-1.227306,3.260906,1.256589,-0.2995,-3.357084,-0.2158097,-0.04951453,-0.0279349,0.9747791,334.9442,354.6494,357.9067,0.3462304,-0.08187643,-0.9345696,0,0,0,1.218325,0.2668176,-2.418515,0.04516232,0.1174897,1.089609,0.9935359,-0.03308928,0.1085887,0.07583215,0.9052916,-0.4179672,-0.08447419,0.4234999,0.9019489,static,-1.155531,27.38155,2.373447,6.154275
05/15/2023 14:23:54.941920,4868,True,True,True,True,Eyes,1.24122,-0.2936091,-3.349358,-0.0179996,0.4596972,0.8878933,0,0,0,0,0,0,0,-0.8926129,-1.226515,3.261526,1.256616,-0.29952,-3.357059,-0.2156859,-0.04969852,-0.02793505,0.9747971,334.9584,354.6267,357.9111,0.3462387,-0.08188049,-0.9345661,0,0,0,1.218325,0.2668176,-2.418515,0.04550228,0.1178029,1.089551,0.9934993,-0.03302347,0.1089423,0.07590055,0.9053985,-0.4177233,-0.08484156,0.4232766,0.9020193,static,-1.161356,27.37238,2.391419,6.170877
05/15/2023 14:23:54.961937,4869,True,True,True,True,Eyes,1.241217,-0.2936218,-3.349271,-0.01804401,0.4595982,0.8879436,0,0,0,0,0,0,0,-0.8920987,-1.225647,3.26185,1.256639,-0.299477,-3.356916,-0.2155136,-0.04976359,-0.02806283,0.9748282,334.9777,354.6222,357.8963,0.3462471,-0.08188467,-0.9345627,0,0,0,1.218325,0.2668176,-2.418515,0.04549512,0.118206,1.089363,0.9934721,-0.0332634,0.1091177,0.07616232,0.9055327,-0.4173844,-0.08492605,0.4229705,0.9021549,static,-1.164154,27.36601,2.391456,6.192894
05/15/2023 14:23:54.971944,4870,True,True,True,True,Eyes,1.241214,-0.2936359,-3.349185,-0.0180797,0.4594955,0.887996,0,0,0,0,0,0,0,-0.8918742,-1.225029,3.262055,1.256648,-0.299522,-3.356823,-0.2154015,-0.04978821,-0.02815438,0.9748491,334.9903,354.6217,357.8851,0.3462554,-0.08188896,-0.9345593,0,0,0,1.218325,0.2668176,-2.418515,0.04545169,0.1185336,1.089273,0.9934569,-0.03344363,0.109201,0.07634145,0.905619,-0.4171644,-0.084943,0.4227715,0.9022467,static,-1.166387,27.35941,2.389374,6.210431
05/15/2023 14:23:54.992094,4871,True,True,True,True,Eyes,1.241207,-0.2936496,-3.349102,-0.0180562,0.4594409,0.8880248,0,0,0,0,0,0,0,-0.8922877,-1.224506,3.262082,1.256669,-0.2995717,-3.356756,-0.2153041,-0.04972041,-0.02825407,0.9748712,335.0013,354.6328,357.8705,0.3462635,-0.08189341,-0.9345558,0,0,0,1.218325,0.2668176,-2.418515,0.04520222,0.1188149,1.089222,0.9934592,-0.03367814,0.1091084,0.07649818,0.9056917,-0.4169779,-0.08477554,0.4225972,0.902344,static,-1.164834,27.35587,2.376386,6.225346
05/15/2023 14:23:55.012039,4872,True,True,True,True,Eyes,1.241196,-0.293662,-3.349019,-0.01802899,0.4593817,0.888056,0,0,0,0,0,0,0,-0.8929539,-1.224361,3.261942,1.256639,-0.2995912,-3.356753,-0.215272,-0.04961254,-0.02830982,0.9748822,335.005,354.6476,357.8604,0.3462714,-0.08189797,-0.9345525,0,0,0,1.218325,0.2668176,-2.418515,0.04496443,0.1188995,1.089229,0.9934743,-0.03383709,0.1089214,0.07655785,0.905713,-0.4169205,-0.08454414,0.4225387,0.9023932,static,-1.163038,27.35203,2.363883,6.229702
05/15/2023 14:23:55.021700,4873,True,True,True,True,Eyes,1.241177,-0.2936755,-3.348936,-0.01795913,0.4593464,0.8880756,0,0,0,0,0,0,0,-0.8934523,-1.223614,3.261938,1.256549,-0.2995674,-3.356646,-0.2151801,-0.04953714,-0.02826682,0.9749075,335.0162,354.6558,357.8632,0.346279,-0.0819026,-0.9345493,0,0,0,1.218325,0.2668176,-2.418515,0.04490782,0.1191319,1.089098,0.9934941,-0.03379625,0.1087532,0.07643387,0.9057971,-0.4167608,-0.08442336,0.4223618,0.9024872,static,-1.158507,27.34972,2.361194,6.24253
05/15/2023 14:23:55.042307,4874,True,True,True,True,Eyes,1.241161,-0.293688,-3.348855,-0.01789297,0.4592977,0.8881022,0,0,0,0,0,0,0,-0.8931329,-1.222074,3.262507,1.256536,-0.2996145,-3.356554,-0.2150247,-0.04961764,-0.02805046,0.9749439,335.0354,354.64,357.8913,0.346286,-0.08190735,-0.9345462,0,0,0,1.218325,0.2668176,-2.418515,0.04521247,0.1195725,1.088982,0.9935025,-0.03335721,0.1088119,0.07603328,0.9059551,-0.4164904,-0.08468575,0.4220576,0.9026049,static,-1.154206,27.34654,2.377448,6.266097
05/15/2023 14:23:55.061926,4875,True,True,True,True,Eyes,1.241153,-0.2937007,-3.348772,-0.01792409,0.4593014,0.8880997,0,0,0,0,0,0,0,-0.8932093,-1.220728,3.262968,1.256597,-0.2995976,-3.356511,-0.2148203,-0.0496204,-0.02804998,0.9749889,335.0594,354.6397,357.8904,0.3462927,-0.08191215,-0.9345433,0,0,0,1.218325,0.2668176,-2.418515,0.04513466,0.1200261,1.088892,0.993502,-0.03337789,0.1088101,0.07601576,0.9061309,-0.4161111,-0.08470727,0.4216785,0.9027801,static,-1.156217,27.3468,2.373557,6.290195
05/15/2023 14:23:55.072298,4876,True,True,True,True,Eyes,1.24114,-0.293716,-3.348688,-0.017969,0.4592833,0.8881081,0,0,0,0,0,0,0,-0.8934332,-1.220215,3.262976,1.256523,-0.2996282,-3.356417,-0.2147366,-0.04957232,-0.02810908,0.9750081,335.069,354.6472,357.8814,0.3462993,-0.081917,-0.9345405,0,0,0,1.218325,0.2668176,-2.418515,0.04504746,0.1202807,1.088799,0.9935049,-0.03352317,0.1087389,0.07610314,0.9061962,-0.415953,-0.08459473,0.4215267,0.9028616,static,-1.159101,27.34565,2.369177,6.303958
05/15/2023 14:23:55.092097,4877,True,True,True,True,Eyes,1.241126,-0.2937312,-3.348606,-0.01803358,0.4592716,0.8881128,0,0,0,0,0,0,0,-0.8924129,-1.217895,3.263984,1.25638,-0.2996954,-3.35633,-0.214431,-0.04972392,-0.02799597,0.9750709,335.1051,354.6255,357.8979,0.3463057,-0.08192198,-0.9345376,0,0,0,1.218325,0.2668176,-2.418515,0.0455425,0.1210823,1.088645,0.9934875,-0.03327141,0.1089751,0.07592081,0.9064712,-0.4153867,-0.08496229,0.420955,0.9030938,static,-1.16326,27.34493,2.395521,6.346522
05/15/2023 14:23:55.111843,4878,True,True,True,True,Eyes,1.241113,-0.2937438,-3.348528,-0.01811684,0.4592488,0.8881229,0,0,0,0,0,0,0,-0.8912535,-1.215259,3.265211,1.256339,-0.2997054,-3.356274,-0.2141351,-0.0499411,-0.02765944,0.9751343,335.1412,354.5896,357.9438,0.3463118,-0.08192708,-0.934535,0,0,0,1.218325,0.2668176,-2.418515,0.04623507,0.1218004,1.088491,0.9934816,-0.03255505,0.1092443,0.07533162,0.9067622,-0.4148584,-0.08555284,0.4203838,0.903304,static,-1.168616,27.34351,2.43225,6.384743
