Time,Frame,EyeTrackingEnabled,EyeCalibrationValid,EyeTrackingEnabledAndValid,EyeTrackingDataValid,GazeInputSource,EyeGazeOrigin.x,EyeGazeOrigin.y,EyeGazeOrigin.z,EyeGazeDirection.x,EyeGazeDirection.y,EyeGazeDirection.z,EyeHitInfo.distance,EyeHitPosition.x,EyeHitPosition.y,EyeHitPosition.z,EyeHitNormal.x,EyeHitNormal.y,EyeHitNormal.z,LocalEyeHitPosition.x,LocalEyeHitPosition.y,LocalEyeHitPosition.z,HeadGazeOrigin.x,HeadGazeOrigin.y,HeadGazeOrigin.z,HeadRotation.x,HeadRotation.y,HeadRotation.z,HeadRotation.w,HeadEulerAngles.x,HeadEulerAngles.y,HeadEulerAngles.z,HeadMovementDirection.x,HeadMovementDirection.y,HeadMovementDirection.z,HeadVelocity.x,HeadVelocity.y,HeadVelocity.z,transform.position.x,transform.position.y,transform.position.z,localTransform.position.x,localTransform.position.y,localTransform.position.z,localXAxis.x,localXAxis.y,localXAxis.z,localYAxis.x,localYAxis.y,localYAxis.z,localZAxis.x,localZAxis.y,localZAxis.z,Movement,GazeAngleX,GazeAngleY,TargetAngleX,TargetAngleY
05/15/2023 12:31:05.028657,184,True,True,True,True,Eyes,0.7030746,-0.003534853,-3.611717,-0.9991887,0.03978467,-0.006256294,0.0,0.0,0.0,0.0,0.0,0.0,0.0,3.289884,0.3569944,1.646349,0.7197384,-0.006508663,-3.625353,0.06643743,-0.6025903,0.02788765,0.7947915,8.002565,285.5184,357.9317,0.2620626,-0.003065729,-0.9650457,-0.2191188,0.006064288,0.03959324,-1.293067,0.1683759,-3.673336,-0.5796003,0.4007999,1.915,0.2722146,-0.03573936,0.9615726,-0.1243988,0.9896167,0.07199815,-0.9541616,-0.1392175,0.2649422,moving,89.64126,-81.0632,-16.83914,11.82109
05/15/2023 12:31:05.043971,185,True,True,True,True,Eyes,0.7026548,-0.003403616,-3.611624,-0.9991824,0.03998698,-0.005955457,0.0,0.0,0.0,0.0,0.0,0.0,0.0,3.282497,0.3633988,1.644734,0.7093461,-0.003460124,-3.62061,0.06819546,-0.6012424,0.02824835,0.7956501,8.191823,285.6925,357.8547,0.2410355,-0.002370152,-0.970513,-0.9803501,0.03087057,0.3200984,-1.302681,0.1596306,-3.654441,-0.5755752,0.3980165,1.915,0.2754194,-0.03705239,0.9606098,-0.1269556,0.9891028,0.07455125,-0.9529043,-0.1424876,0.267714,moving,89.6585,-81.52893,-16.72876,11.74128
05/15/2023 12:31:05.058299,186,True,True,True,True,Eyes,0.7018579,-0.003241271,-3.611337,-0.9991616,0.04058314,-0.005398393,0.0,0.0,0.0,0.0,0.0,0.0,0.0,3.273385,0.3647598,1.648085,0.6995615,-0.0002970994,-3.615923,0.06690546,-0.599834,0.02398302,0.7969615,7.782549,285.9006,357.5683,0.225249,-0.001851658,-0.9742991,-0.9215291,0.02901833,0.3008925,-1.312364,0.1387123,-3.639455,-0.571919,0.3954888,1.915,0.2792481,-0.04203725,0.9592983,-0.1184914,0.989897,0.0778705,-0.95288,-0.1354138,0.2714458,moving,89.69044,-82.42297,-16.62837,11.66876
05/15/2023 12:31:05.078406,187,True,True,True,True,Eyes,0.7006828,-0.003035392,-3.611055,-0.9991401,0.04124167,-0.004239321,0.0,0.0,0.0,0.0,0.0,0.0,0.0,3.260246,0.3682988,1.658302,0.6896688,0.0005608648,-3.610979,0.06513307,-0.597577,0.01887055,0.798939,7.274773,286.2345,357.2443,0.2134619,-0.001466005,-0.9769499,-0.8662373,0.02727723,0.282839,-1.321777,0.1332353,-3.624301,-0.5680214,0.3927931,1.915001,0.2850915,-0.04769121,0.9573132,-0.1079969,0.9908032,0.0815215,-0.9523968,-0.1266279,0.277319,moving,89.7569,-84.13106,-16.52124,11.59139
05/15/2023 12:31:05.088372,188,True,True,True,True,Eyes,0.6991777,-0.002805234,-3.610594,-0.9991174,0.04191773,-0.002710986,0.0,0.0,0.0,0.0,0.0,0.0,0.0,3.244433,0.3726303,1.674616,0.6807851,0.001490772,-3.606392,0.06479747,-0.5944535,0.01653743,0.8013445,7.094814,286.6815,357.081,0.2047338,-0.001179748,-0.9788166,-0.8142631,0.0256406,0.2658686,-1.328903,0.1501471,-3.606754,-0.5639732,0.3899939,1.915,0.292703,-0.05053381,0.9548672,-0.1035425,0.9910556,0.08418871,-0.9505809,-0.1235117,0.2848526,moving,89.84454,-86.29961,-16.40986,11.511
05/15/2023 12:31:05.108912,189,True,True,True,True,Eyes,0.6973954,-0.002585684,-3.610013,-0.9990961,0.04249949,-0.0008592844,0.0,0.0,0.0,0.0,0.0,0.0,0.0,3.224831,0.3790506,1.696982,0.6713366,0.00229837,-3.601703,0.06523241,-0.5903638,0.01523677,0.8043527,7.061244,287.2584,356.967,0.1983476,-0.0009680563,-0.9801309,-0.7654073,0.02410216,0.2499165,-1.335723,0.1686214,-3.584638,-0.5602197,0.3873983,1.915,0.3024769,-0.05251023,0.9517093,-0.1015332,0.9910251,0.08694926,-0.9477336,-0.1229302,0.2944306,moving,89.95072,-88.84171,-16.30646,11.43641
05/15/2023 12:31:05.128186,190,True,True,True,True,Eyes,0.6953393,-0.00232818,-3.609286,-0.9990808,0.04285105,0.001191545,0.0,0.0,0.0,0.0,0.0,0.0,0.0,3.208427,0.3715406,1.717693,0.6631466,0.002268955,-3.597603,0.06444643,-0.5867298,0.01605604,0.8070546,7.057461,287.7885,357.1289,0.1937526,-0.0008129303,-0.9810498,-0.7194829,0.02265603,0.2349215,-1.342227,0.1742983,-3.559674,-0.5562644,0.3846628,1.915001,0.3109808,-0.04970908,0.9491155,-0.1015415,0.9911777,0.08518246,-0.9449764,-0.1228647,0.3031897,moving,-89.93167,88.40721,-16.19739,11.35776
05/15/2023 12:31:05.143690,191,True,True,True,True,Eyes,0.6929954,-0.002030914,-3.60846,-0.999056,0.04330163,0.003470636,0.0,0.0,0.0,0.0,0.0,0.0,0.0,3.195226,0.3660172,1.731354,0.6545085,0.003478914,-3.593415,0.06506751,-0.5837169,0.01869516,0.8091301,7.303285,288.2171,357.3587,0.1905214,-0.0006992654,-0.9816825,-0.6763139,0.02129667,0.2208262,-1.349511,0.174584,-3.530533,-0.5525738,0.3821106,1.915,0.3178501,-0.04570839,0.9470387,-0.1062156,0.9908335,0.08347079,-0.9421728,-0.1271215,0.3100815,moving,-89.80096,85.41753,-16.09551,11.28434
05/15/2023 12:31:05.158441,192,True,True,True,True,Eyes,0.6904137,-0.001737788,-3.607484,-0.999018,0.04391598,0.005863213,0.0,0.0,0.0,0.0,0.0,0.0,0.0,3.183714,0.3491459,1.743502,0.6457098,0.004644677,-3.588979,0.06245038,-0.5812962,0.01814807,0.811089,7.03089,288.5896,357.5073,0.1883209,-0.0006152623,-0.982107,-0.6357351,0.02001887,0.2075766,-1.355644,0.170339,-3.505448,-0.5486943,0.3794283,1.915,0.3235308,-0.04316493,0.9452326,-0.1020437,0.9915411,0.08020682,-0.9406992,-0.1224044,0.3163894,moving,-89.66374,82.39543,-15.9883,11.20714
05/15/2023 12:31:05.178980,193,True,True,True,True,Eyes,0.6875922,-0.001479242,-3.606382,-0.9989755,0.04447448,0.008367823,0.0,0.0,0.0,0.0,0.0,0.0,0.0,3.173318,0.333335,1.753113,0.637418,0.004798383,-3.58443,0.05971928,-0.5792263,0.01732017,0.8127919,6.727262,288.9106,357.6324,0.1868918,-0.0005528809,-0.9823801,-0.597591,0.01881774,0.195122,-1.362869,0.1581053,-3.483963,-0.5446363,0.376622,1.915,0.328394,-0.04102656,0.9436495,-0.09733734,0.9922673,0.0770141,-0.9395121,-0.1171433,0.3218612,moving,-89.52008,79.34444,-15.87603,11.12633
05/15/2023 12:31:05.188143,194,True,True,True,True,Eyes,0.68455,-0.001255191,-3.605132,-0.9989243,0.04505768,0.01096096,0.0,0.0,0.0,0.0,0.0,0.0,0.0,3.163027,0.3217173,1.761409,0.6290467,0.00421311,-3.579816,0.0582838,-0.5771072,0.01810359,0.8143849,6.651288,289.2273,357.8199,0.1860308,-0.000506765,-0.9825435,-0.5617355,0.01768867,0.1834147,-1.368859,0.1643957,-3.464288,-0.5408084,0.3739749,1.915,0.3332392,-0.03778542,0.942085,-0.09675857,0.9925506,0.07403547,-0.9378644,-0.1158263,0.3271006,moving,-89.37133,76.32751,-15.77002,11.05006
05/15/2023 12:31:05.208527,195,True,True,True,True,Eyes,0.6812921,-0.001076849,-3.603745,-0.998871,0.04551064,0.01362467,0.0,0.0,0.0,0.0,0.0,0.0,0.0,3.152953,0.3047538,1.769803,0.6207083,0.003602132,-3.575038,0.05609456,-0.5750394,0.01903636,0.8159783,6.513495,289.5437,358.0708,0.1855781,-0.0004728299,-0.9826291,-0.5280313,0.01662735,0.1724098,-1.374295,0.1710711,-3.446331,-0.5371387,0.3714375,1.915,0.3379347,-0.03344665,0.9405749,-0.09557968,0.992982,0.06965059,-0.9363037,-0.1134372,0.3323663,moving,-89.21854,73.33371,-15.66829,10.97691
05/15/2023 12:31:05.228452,196,True,True,True,True,Eyes,0.6778402,-0.0009688199,-3.60221,-0.9988152,0.04582371,0.01637759,0.0,0.0,0.0,0.0,0.0,0.0,0.0,3.14298,0.2902924,1.777278,0.6123631,0.002700448,-3.570199,0.05443713,-0.5729993,0.0203832,0.8174919,6.451548,289.8505,358.3242,0.1854105,-0.0004484798,-0.9826607,-0.4963495,0.01562971,0.1620653,-1.38031,0.1684975,-3.428412,-0.5331688,0.3686923,1.915,0.3425127,-0.02905868,0.9390636,-0.09571108,0.9932423,0.0656447,-0.9346253,-0.1123629,0.3374168,moving,-89.06061,70.33289,-15.55811,10.89773
05/15/2023 12:31:05.244228,197,True,True,True,True,Eyes,0.6742169,-0.0009076748,-3.600519,-0.9987669,0.04580333,0.01915123,0.0,0.0,0.0,0.0,0.0,0.0,0.0,3.132075,0.2810958,1.785085,0.6042628,0.001153111,-3.565151,0.05392668,-0.5707752,0.02268883,0.8190194,6.559472,290.174,358.5929,0.1853623,-0.0004300631,-0.9826698,-0.4665685,0.01469193,0.1523413,-1.386202,0.1675861,-3.41099,-0.5293902,0.3660791,1.915,0.3474018,-0.02439484,0.9373991,-0.09872521,0.9931542,0.06243357,-0.932505,-0.1142344,0.3426152,moving,-88.9015,67.30927,-15.45314,10.82232
05/15/2023 12:31:05.258446,198,True,True,True,True,Eyes,0.6704251,-0.0008899585,-3.598694,-0.9987146,0.04564795,0.02202899,0.0,0.0,0.0,0.0,0.0,0.0,0.0,3.121227,0.2782789,1.79174,0.5964337,0.0001730621,-3.56007,0.05473674,-0.5685749,0.02554491,0.8204108,6.82641,290.4832,358.8268,0.1852317,-0.0004118357,-0.9826943,-0.4385744,0.01381041,0.1432009,-1.392199,0.1637012,-3.393634,-0.5254605,0.3633621,1.915,0.3521399,-0.02032924,0.9357266,-0.1041585,0.9927027,0.06076484,-0.9301336,-0.1188616,0.3474528,moving,-88.73641,64.23876,-15.34386,10.74388
05/15/2023 12:31:05.278405,199,True,True,True,True,Eyes,0.6664253,-0.0009532634,-3.596864,-0.9986554,0.04536438,0.02508967,0.0,0.0,0.0,0.0,0.0,0.0,0.0,3.109457,0.281337,1.799144,0.5885999,-0.0008197874,-3.555044,0.05570687,-0.5662605,0.0268588,0.821903,7.006931,290.8023,358.9067,0.1850231,-0.0003949638,-0.9827334,-0.4122599,0.01298179,0.1346088,-1.398245,0.1532513,-3.375357,-0.5214726,0.3606045,1.915,0.3572554,-0.01893855,0.9338148,-0.1072398,0.9923507,0.06115314,-0.9278299,-0.1219894,0.3524916,moving,-88.56084,61.05434,-15.23283,10.66422
05/15/2023 12:31:05.296203,200,True,True,True,True,Eyes,0.6622791,-0.00107989,-3.594897,-0.9985918,0.04488472,0.02827878,0.0,0.0,0.0,0.0,0.0,0.0,0.0,3.097544,0.2865921,1.806245,0.5808797,-0.002803981,-3.54993,0.05653531,-0.5639876,0.02747506,0.8233874,7.12833,291.1142,358.9303,0.1847387,-0.0003815265,-0.9827867,-0.3875243,0.01220288,0.1265323,-1.404252,0.1382746,-3.357134,-0.517437,0.3578136,1.915,0.3623262,-0.01852519,0.9318673,-0.1090157,0.9920978,0.06210974,-0.925654,-0.1240921,0.3574435,moving,-88.37789,57.78778,-15.12036,10.58355
05/15/2023 12:31:05.308922,201,True,True,True,True,Eyes,0.6579555,-0.001246885,-3.592836,-0.9985074,0.04444113,0.03174906,0.0,0.0,0.0,0.0,0.0,0.0,0.0,3.083902,0.3020731,1.814457,0.5732398,-0.004407227,-3.544761,0.05918613,-0.5613346,0.02852791,0.8249769,7.451203,291.4624,358.8803,0.1843827,-0.0003729162,-0.9828529,-0.3642729,0.01147071,0.1189403,-1.409873,0.1279129,-3.338128,-0.5138437,0.355329,1.915,0.3681794,-0.01937671,0.9295529,-0.1135162,0.9913663,0.06562698,-0.9227991,-0.1296818,0.3628011,moving,-88.17881,54.45772,-15.02012,10.5117
05/15/2023 12:31:05.328605,202,True,True,True,True,Eyes,0.6534871,-0.001475574,-3.590643,-0.9984026,0.04400221,0.03544101,0.0,0.0,0.0,0.0,0.0,0.0,0.0,3.068457,0.3148095,1.825871,0.5650798,-0.005571723,-3.539632,0.0606736,-0.5583317,0.02789337,0.826926,7.555855,291.8639,358.7503,0.1839578,-0.0003697617,-0.9829318,-0.3424165,0.01078247,0.1118039,-1.414936,0.1188182,-3.318681,-0.509896,0.3525991,1.915001,0.3749755,-0.02162048,0.9267826,-0.1138835,0.9910814,0.06919764,-0.920013,-0.1314926,0.369169,moving,-87.96699,51.15074,-14.90988,10.43272
05/15/2023 12:31:05.343795,203,True,True,True,True,Eyes,0.6488875,-0.001775648,-3.588331,-0.9982705,0.04353191,0.03950815,0.0,0.0,0.0,0.0,0.0,0.0,0.0,3.049586,0.3325525,1.841613,0.5571713,-0.007297605,-3.534347,0.06243009,-0.5546995,0.02643739,0.829284,7.635713,292.3456,358.5308,0.1834684,-0.0003732128,-0.9830235,-0.3218715,0.01013552,0.1050957,-1.419971,0.1039909,-3.297451,-0.5060711,0.3499541,1.915,0.3832192,-0.02541166,0.9233078,-0.1131081,0.9908071,0.07421495,-0.9167057,-0.1328742,0.3768221,moving,-87.73361,47.77413,-14.80297,10.35617
05/15/2023 12:31:05.359437,204,True,True,True,True,Eyes,0.644153,-0.002128887,-3.585901,-0.9981138,0.04296571,0.0438488,0.0,0.0,0.0,0.0,0.0,0.0,0.0,3.02854,0.3615622,1.858771,0.5494996,-0.009301096,-3.529274,0.06621638,-0.5505746,0.02572806,0.8317578,7.960041,292.8743,358.2575,0.182916,-0.0003845959,-0.9831266,-0.3025592,0.009527386,0.09878995,-1.424657,0.09773494,-3.274168,-0.5023096,0.3473528,1.915,0.3924114,-0.03011508,0.9192967,-0.1157131,0.9899069,0.08182155,-0.9124821,-0.1384824,0.384966,moving,-87.48452,44.4172,-14.69772,10.28084
05/15/2023 12:31:05.378254,205,True,True,True,True,Eyes,0.6392823,-0.002536936,-3.583364,-0.997916,0.04254553,0.04851256,0.0,0.0,0.0,0.0,0.0,0.0,0.0,3.0056,0.38878,1.878285,0.5415671,-0.01093006,-3.524106,0.0695286,-0.5460971,0.02447829,0.8344727,8.208425,293.451,357.9685,0.1823053,-0.0004045664,-0.9832401,-0.2844057,0.008955743,0.09286255,-1.428194,0.0922313,-3.247131,-0.4981703,0.3444905,1.915,0.4023576,-0.03508582,0.9148101,-0.1167917,0.9891332,0.0893044,-0.9080023,-0.1427745,0.3938874,moving,-87.21683,41.25078,-14.58179,10.1979
05/15/2023 12:31:05.388663,206,True,True,True,True,Eyes,0.6342816,-0.002977813,-3.580713,-0.9976829,0.04204885,0.05348485,0.0,0.0,0.0,0.0,0.0,0.0,0.0,2.981128,0.4104868,1.900585,0.5335789,-0.01267487,-3.518946,0.07169205,-0.5413343,0.02263238,0.8374397,8.312895,294.0743,357.6999,0.1816381,-0.0004338101,-0.9833637,-0.2673413,0.008418399,0.08729079,-1.431479,0.07883793,-3.218605,-0.4944158,0.3418942,1.914999,0.41289,-0.03971222,0.9099148,-0.1155252,0.988696,0.09557217,-0.9034245,-0.1445789,0.4036349,moving,-86.93137,38.17381,-14.47653,10.12264
05/15/2023 12:31:05.408154,207,True,True,True,True,Eyes,0.6291337,-0.003428142,-3.577925,-0.997389,0.04187144,0.0588382,0.0,0.0,0.0,0.0,0.0,0.0,0.0,2.954726,0.4357745,1.924059,0.5254993,-0.01390821,-3.513682,0.07467464,-0.5361913,0.02118965,0.84052,8.525782,294.738,357.4233,0.180918,-0.000472264,-0.9834965,-0.2513009,0.007913295,0.08205335,-1.434317,0.06849996,-3.188393,-0.4906852,0.3393143,1.915,0.4240999,-0.04445913,0.9045236,-0.1157004,0.9879494,0.1028076,-0.8981943,-0.1482545,0.4138453,moving,-86.62391,35.43706,-14.37184,10.04782
05/15/2023 12:31:05.428329,208,True,True,True,True,Eyes,0.6238584,-0.003926488,-3.575034,-0.9970398,0.04183299,0.06451128,0.0,0.0,0.0,0.0,0.0,0.0,0.0,2.926357,0.4497383,1.951805,0.5165957,-0.01460204,-3.508317,0.07514735,-0.5306979,0.0178623,0.8440341,8.384352,295.4689,357.1257,0.1801443,-0.0005194349,-0.9836388,-0.2362228,0.007438498,0.07713015,-1.436364,0.06261262,-3.156761,-0.4868024,0.3366294,1.915001,0.4360814,-0.04960829,0.8985388,-0.1099139,0.9880676,0.1078949,-0.8931696,-0.1458128,0.4254254,moving,-86.29797,32.9618,-14.26276,9.96991
05/15/2023 12:31:05.443987,209,True,True,True,True,Eyes,0.6184275,-0.004471793,-3.572058,-0.9966339,0.04211055,0.07033889,0.0,0.0,0.0,0.0,0.0,0.0,0.0,2.898008,0.4594729,1.980111,0.5082969,-0.01629901,-3.503109,0.07514336,-0.5251821,0.01524242,0.8475286,8.24362,296.2084,356.9249,0.1793219,-0.0005756337,-0.9837891,-0.2220494,0.006992188,0.07250234,-1.437963,0.05354097,-3.12361,-0.4828735,0.3339123,1.915001,0.4479028,-0.05309112,0.8925046,-0.1047647,0.9882423,0.1113622,-0.8879231,-0.1433824,0.4370744,moving,-85.96296,30.90815,-14.15229,9.891032
05/15/2023 12:31:05.458804,210,True,True,True,True,Eyes,0.6128615,-0.005056056,-3.568976,-0.9961685,0.0424614,0.07645528,0.0,0.0,0.0,0.0,0.0,0.0,0.0,2.869869,0.4697939,2.006562,0.4994881,-0.018043,-3.497618,0.07578211,-0.5196504,0.01380528,0.8508994,8.239646,296.9439,356.7988,0.1784496,-0.000641414,-0.9839478,-0.2087265,0.006572656,0.0681522,-1.43917,0.05728963,-3.088378,-0.4791082,0.3313089,1.915001,0.4595457,-0.0552666,0.8864328,-0.1022542,0.988133,0.1146181,-0.8822481,-0.1433138,0.4484411,moving,-85.61119,29.04673,-14.04632,9.815421
05/15/2023 12:31:05.478757,211,True,True,True,True,Eyes,0.6071571,-0.005665942,-3.565778,-0.9956512,0.0430081,0.08263697,0.0,0.0,0.0,0.0,0.0,0.0,0.0,2.841695,0.4746456,2.03363,0.4907169,-0.01958969,-3.492131,0.07554173,-0.5141122,0.01219493,0.8543029,8.141029,297.6873,356.7085,0.1775296,-0.0007168909,-0.9841142,-0.1962029,0.006178297,0.06406306,-1.439266,0.05898309,-3.053511,-0.4750476,0.328501,1.915,0.4710797,-0.05683753,0.8802576,-0.09851019,0.9882894,0.1165319,-0.8765727,-0.1416102,0.4599641,moving,-85.25545,27.49455,-13.93194,9.733837
05/15/2023 12:31:05.488605,212,True,True,True,True,Eyes,0.6012961,-0.006283316,-3.562464,-0.9950629,0.04365734,0.08912802,0.0,0.0,0.0,0.0,0.0,0.0,0.0,2.812889,0.4843615,2.059268,0.4816734,-0.0208317,-3.486415,0.07630373,-0.5084862,0.01099322,0.8576123,8.166942,298.4289,356.5978,0.1765631,-0.0008018501,-0.984288,-0.1844307,0.005807599,0.06021928,-1.440005,0.0557097,-3.019393,-0.4714478,0.326012,1.915,0.482642,-0.05874293,0.8738456,-0.09645463,0.9881138,0.1196982,-0.8704903,-0.1420578,0.4712392,moving,-84.88167,26.09688,-13.83043,9.661479
05/15/2023 12:31:05.508399,213,True,True,True,True,Eyes,0.5952837,-0.006924273,-3.559036,-0.9944221,0.0445549,0.09560144,0.0,0.0,0.0,0.0,0.0,0.0,0.0,2.782232,0.4923289,2.086558,0.4720871,-0.02167511,-3.480458,0.07629178,-0.5026006,0.008413046,0.861105,8.039005,299.2052,356.3985,0.1755511,-0.000895564,-0.984469,-0.1733649,0.005459143,0.05660613,-1.439953,0.05523589,-2.985084,-0.4674208,0.3232272,1.915,0.4946438,-0.06219955,0.8668673,-0.0911776,0.9882176,0.1229336,-0.8643,-0.1398473,0.4831446,moving,-84.50859,24.9878,-13.71677,9.580485
05/15/2023 12:31:05.528621,214,True,True,True,True,Eyes,0.589123,-0.007594056,-3.555508,-0.9937049,0.04553019,0.1023596,0.0,0.0,0.0,0.0,0.0,0.0,0.0,2.751093,0.4994327,2.114269,0.4623184,-0.02292356,-3.47474,0.07603854,-0.4965904,0.00566953,0.8646294,7.881295,299.997,356.196,0.1744933,-0.0009979355,-0.984657,-0.162963,0.005131595,0.05320976,-1.439887,0.05099413,-2.950583,-0.4634105,0.3204536,1.915001,0.5067315,-0.06571595,0.8595955,-0.08532411,0.988372,0.1258595,-0.8578712,-0.1371212,0.4952321,moving,-84.11881,23.9798,-13.60348,9.499777
05/15/2023 12:31:05.543654,215,True,True,True,True,Eyes,0.5828152,-0.008281908,-3.551862,-0.9929432,0.04668451,0.1090155,0.0,0.0,0.0,0.0,0.0,0.0,0.0,2.720866,0.5042986,2.140512,0.4526236,-0.02432245,-3.468972,0.07570954,-0.4907295,0.003556741,0.8680092,7.754223,300.7693,356.0572,0.1733917,-0.001108824,-0.9848515,-0.1531852,0.004823699,0.05001717,-1.439407,0.05323596,-2.914639,-0.4596776,0.3178721,1.915001,0.5183439,-0.06813122,0.8524538,-0.08048035,0.9885108,0.1279423,-0.8513768,-0.1349239,0.5069054,moving,-83.73457,23.18241,-13.49792,9.42463
05/15/2023 12:31:05.558514,216,True,True,True,True,Eyes,0.5763577,-0.009027028,-3.548116,-0.9920949,0.04797622,0.1159563,0.0,0.0,0.0,0.0,0.0,0.0,0.0,2.689967,0.5060307,2.16709,0.442647,-0.02548686,-3.462901,0.07483495,-0.4847712,0.001138407,0.871433,7.558073,301.5566,355.9177,0.1722459,-0.00122802,-0.9850524,-0.1439941,0.004534277,0.04701614,-1.438474,0.0561097,-2.87865,-0.4559887,0.3153212,1.915,0.5299912,-0.07057157,0.8450616,-0.07453974,0.9887969,0.1293236,-0.8447208,-0.131531,0.5187932,moving,-83.3335,22.47703,-13.39352,9.35034
05/15/2023 12:31:05.578710,217,True,True,True,True,Eyes,0.569745,-0.009827586,-3.544311,-0.9912001,0.04920118,0.1228884,0.0,0.0,0.0,0.0,0.0,0.0,0.0,2.659029,0.5016133,2.194567,0.4326129,-0.02765098,-3.456914,0.07306038,-0.4787055,-0.0008015505,0.8749301,7.300776,302.3674,355.8749,0.1710568,-0.001356301,-0.9852595,-0.1353544,0.004262221,0.04419518,-1.437239,0.0571043,-2.843606,-0.4520515,0.3125987,1.915,0.5416809,-0.07135139,0.8375505,-0.06854619,0.9893231,0.1286128,-0.8377847,-0.127078,0.5310065,moving,-82.93257,21.81982,-13.282,9.271019
05/15/2023 12:31:05.588588,218,True,True,True,True,Eyes,0.4012648,-0.02955824,-3.446621,-0.9505875,0.07579955,0.3010614,0.0,0.0,0.0,0.0,0.0,0.0,0.0,2.627938,0.5002223,2.220987,0.4228547,-0.02987623,-3.450994,0.07240117,-0.4725338,-0.001116644,0.878333,7.245978,303.1827,355.9313,0.169824,-0.001494383,-0.9854726,-0.1272332,0.004006487,0.04154347,-1.435573,0.0606412,-2.808003,-0.4480897,0.3098589,1.915,0.5534211,-0.07038557,0.8299224,-0.06646243,0.9895136,0.12824,-0.8302457,-0.1261294,0.5429397,moving,-72.42644,14.13189,-13.16967,9.191156
05/15/2023 12:31:05.608305,219,True,True,True,True,Eyes,0.4008535,-0.0295349,-3.446366,-0.9504744,0.07580278,0.3014174,0.0,0.0,0.0,0.0,0.0,0.0,0.0,2.595566,0.502817,2.246866,0.4131088,-0.03036858,-3.444795,0.07291639,-0.4661422,-0.0007066141,0.8816997,7.349524,304.0133,355.9976,0.1616795,-0.002479224,-0.9868396,-0.6250399,-0.05542587,0.3321212,-1.433498,0.06468492,-2.772676,-0.4443403,0.3072667,1.915,0.5654219,-0.06922486,0.8218917,-0.06673277,0.9893654,0.1292395,-0.8220977,-0.127922,0.5547894,moving,-72.40498,14.11644,-13.06326,9.115559
05/15/2023 12:31:05.628816,220,True,True,True,True,Eyes,0.4000615,-0.02944996,-3.445849,-0.9501604,0.07593939,0.3023713,0.0,0.0,0.0,0.0,0.0,0.0,0.0,2.560315,0.4970301,2.27655,0.4030907,-0.02982891,-3.438249,0.0717284,-0.4592783,-0.001734561,0.8853902,7.205122,304.9147,356.0143,0.1550943,-0.003286396,-0.9878936,-0.5875375,-0.05210032,0.3121939,-1.430887,0.06074754,-2.737527,-0.4401559,0.3043726,1.915,0.578121,-0.0689581,0.813032,-0.06281506,0.989704,0.1286085,-0.8135296,-0.1254219,0.5678371,moving,-72.34727,14.09804,-12.94441,9.03112
05/15/2023 12:31:05.643828,221,True,True,True,True,Eyes,0.3989091,-0.02925203,-3.44508,-0.9495595,0.07590453,0.3042619,0.0,0.0,0.0,0.0,0.0,0.0,0.0,2.523551,0.4870574,2.307843,0.3931902,-0.0282931,-3.431658,0.06998869,-0.452139,-0.002924207,0.8891926,6.997298,305.8529,356.0432,0.1497537,-0.003947665,-0.9887149,-0.5522852,-0.0489743,0.2934623,-1.428193,0.05355464,-2.70216,-0.4365562,0.3018836,1.915,0.5911236,-0.0684896,0.8036678,-0.05808886,0.9901861,0.1271112,-0.8044865,-0.1218226,0.5813439,moving,-72.23328,14.00772,-12.84207,8.958474
05/15/2023 12:31:05.658384,222,True,True,True,True,Eyes,0.3973984,-0.02900111,-3.444045,-0.9487439,0.07626893,0.3067053,0.0,0.0,0.0,0.0,0.0,0.0,0.0,2.486048,0.4759455,2.339362,0.3832832,-0.02540679,-3.425204,0.06844583,-0.4448132,-0.003694634,0.8929966,6.831907,306.8103,356.1024,0.1454045,-0.004486923,-0.9893615,-0.5191481,-0.04603584,0.2758545,-1.423894,0.05611629,-2.664306,-0.4329043,0.2993581,1.915,0.6042552,-0.0674898,0.7939275,-0.05429262,0.990603,0.1255306,-0.7949391,-0.1189569,0.5949128,moving,-72.08527,13.96459,-12.73816,8.884728
05/15/2023 12:31:05.678595,223,True,True,True,True,Eyes,0.3955759,-0.02874261,-3.442784,-0.9476918,0.0766738,0.3098408,0.0,0.0,0.0,0.0,0.0,0.0,0.0,2.44736,0.4489417,2.373043,0.3731894,-0.02397147,-3.417982,0.06356373,-0.4374017,-0.006314248,0.8969948,6.229369,307.7993,356.1393,0.1418426,-0.004924946,-0.9898764,-0.4879992,-0.04327369,0.2593032,-1.418114,0.06141208,-2.625322,-0.4288226,0.2965357,1.915,0.6172798,-0.06693347,0.7838913,-0.04427808,0.9918396,0.1195564,-0.7854968,-0.108509,0.6092789,moving,-71.89523,13.89929,-12.62192,8.802279
05/15/2023 12:31:05.688802,224,True,True,True,True,Eyes,0.3934683,-0.02838912,-3.44129,-0.9465216,0.07689387,0.3133435,0.0,0.0,0.0,0.0,0.0,0.0,0.0,2.412261,0.4280877,2.402078,0.3637638,-0.02357903,-3.41165,0.05974817,-0.4306302,-0.0082523,0.900511,5.767984,308.6925,356.1779,0.1389035,-0.005279787,-0.9902912,-0.4587192,-0.04067727,0.243745,-1.411852,0.06667674,-2.586541,-0.4250962,0.2939588,1.915001,0.6289791,-0.06632131,0.7745882,-0.03659616,0.9927241,0.1147151,-0.7765604,-0.1005004,0.6219757,moving,-71.68301,13.78781,-12.51571,8.726967
05/15/2023 12:31:05.708374,225,True,True,True,True,Eyes,0.3910406,-0.02797925,-3.439547,-0.9451205,0.07727688,0.317452,0.0,0.0,0.0,0.0,0.0,0.0,0.0,2.380566,0.4421239,2.419885,0.354828,-0.02091764,-3.404713,0.06237434,-0.4247918,-0.008434451,0.9031005,6.055675,309.41,356.0659,0.1363763,-0.005571583,-0.9906408,-0.4311961,-0.03823663,0.2291203,-1.40397,0.08535823,-2.546607,-0.4212591,0.2913052,1.915001,0.6389616,-0.06822652,0.766207,-0.0377579,0.9920766,0.1198264,-0.7683114,-0.1054948,0.6313227,moving,-71.43356,13.68133,-12.40625,8.649386
05/15/2023 12:31:05.728790,226,True,True,True,True,Eyes,0.3883933,-0.0276078,-3.437625,-0.9435846,0.07758798,0.3219136,0.0,0.0,0.0,0.0,0.0,0.0,0.0,2.343011,0.4279708,2.44668,0.3448415,-0.01929301,-3.39703,0.05872878,-0.4179742,-0.01363969,0.9064561,5.455235,310.2877,355.7472,0.134038,-0.005822783,-0.9909585,-0.4053243,-0.03594244,0.2153731,-1.396278,0.09798568,-2.510588,-0.4171395,0.2884564,1.915,0.6502231,-0.07382178,0.7561483,-0.02436666,0.9927298,0.1178722,-0.7593525,-0.09506802,0.643697,moving,-71.1624,13.55104,-12.28863,8.566064
05/15/2023 12:31:05.744166,227,True,True,True,True,Eyes,0.3855193,-0.02726058,-3.435499,-0.9419599,0.07700331,0.3267754,0.0,0.0,0.0,0.0,0.0,0.0,0.0,2.308926,0.4388803,2.467561,0.3369345,-0.01984303,-3.390973,0.06010918,-0.4117583,-0.01462138,0.9091911,5.581439,311.0561,355.6154,0.1318639,-0.006038619,-0.9912488,-0.3810048,-0.03378589,0.2024507,-1.391477,0.08892494,-2.478274,-0.4134724,0.2859209,1.915,0.6604827,-0.07608815,0.7469761,-0.02291366,0.9923462,0.1213424,-0.7504916,-0.09726052,0.653684,moving,-70.86782,13.25962,-12.18384,8.491868
05/15/2023 12:31:05.758705,228,True,True,True,True,Eyes,0.38245,-0.02689617,-3.433192,-0.9402348,0.07613327,0.3319069,0.0,0.0,0.0,0.0,0.0,0.0,0.0,2.276412,0.4776521,2.480502,0.3282727,-0.01986074,-3.384514,0.06718016,-0.4057783,-0.01192315,0.9114214,6.475741,311.7522,355.5985,0.129831,-0.00622342,-0.991516,-0.3581446,-0.03175874,0.1903037,-1.382511,0.1100267,-2.440641,-0.4095395,0.2832009,1.915,0.6704036,-0.07625454,0.738068,-0.03278648,0.9906893,0.1321352,-0.741272,-0.1127825,0.6616615,moving,-70.55675,12.9191,-12.07137,8.412251
05/15/2023 12:31:05.778764,229,True,True,True,True,Eyes,0.3792202,-0.02646808,-3.430688,-0.9384063,0.07463979,0.3373758,0.0,0.0,0.0,0.0,0.0,0.0,0.0,2.244751,0.4923688,2.496537,0.3205205,-0.01900508,-3.378008,0.07031924,-0.3999129,-0.01011527,0.9137958,6.916597,312.4668,355.6828,0.127921,-0.006379763,-0.9917632,-0.3366559,-0.02985321,0.1788855,-1.374653,0.1031828,-2.408184,-0.4057152,0.2805569,1.915,0.6799346,-0.07472973,0.7294548,-0.03775656,0.9899058,0.1366053,-0.7323,-0.1204244,0.6702497,moving,-70.22548,12.47497,-11.9619,8.33482
05/15/2023 12:31:05.788499,230,True,True,True,True,Eyes,0.3758039,-0.02594583,-3.427985,-0.9364296,0.07325343,0.3431233,0.0,0.0,0.0,0.0,0.0,0.0,0.0,2.2129,0.5176642,2.510034,0.3128718,-0.01682037,-3.371498,0.07541268,-0.3940719,-0.008001794,0.9159456,7.576003,313.1579,355.7133,0.1261174,-0.00650869,-0.9919934,-0.3164565,-0.02806202,0.1681523,-1.369406,0.06969406,-2.376962,-0.4013167,0.277515,1.915,0.6892867,-0.07409444,0.72069,-0.04477761,0.9884978,0.1444544,-0.7231036,-0.1318412,0.6780406,moving,-69.87633,12.05117,-11.8359,8.245698
05/15/2023 12:31:05.808522,231,True,True,True,True,Eyes,0.3723448,-0.02531247,-3.424969,-0.933655,0.07161375,0.3509414,0.0,0.0,0.0,0.0,0.0,0.0,0.0,2.178423,0.5153467,2.529771,0.3049667,-0.01405382,-3.364171,0.07519867,-0.3878738,-0.009217086,0.9185937,7.527608,313.9299,355.6458,0.1244048,-0.00661025,-0.992209,-0.2974691,-0.0263783,0.1580632,-1.362822,0.0525496,-2.347191,-0.3979758,0.2752047,1.915,0.698938,-0.0752687,0.7112105,-0.04140167,0.9885204,0.1453042,-0.713983,-0.1310039,0.6877981,moving,-69.39981,11.53353,-11.74011,8.177985
05/15/2023 12:31:05.828979,232,True,True,True,True,Eyes,0.3687046,-0.024585,-3.421747,-0.9306771,0.07047675,0.358989,0.0,0.0,0.0,0.0,0.0,0.0,0.0,2.142749,0.5019563,2.552204,0.2975052,-0.01034644,-3.356853,0.07321355,-0.38147,-0.0110293,0.9214112,7.267672,314.7404,355.5954,0.1227736,-0.006684001,-0.9924116,-0.279621,-0.0247956,0.1485794,-1.35561,0.02917517,-2.317609,-0.3939429,0.272416,1.915001,0.708718,-0.0761826,0.7013665,-0.0355325,0.9890363,0.1433343,-0.7045965,-0.1265049,0.6982408,moving,-68.90694,11.10705,-11.62439,8.096218
05/15/2023 12:31:05.844408,233,True,True,True,True,Eyes,0.3648776,-0.02388612,-3.418377,-0.9274143,0.0699323,0.3674399,0.0,0.0,0.0,0.0,0.0,0.0,0.0,2.104177,0.4744338,2.577959,0.289447,-0.007459342,-3.348833,0.06844291,-0.3745662,-0.01438142,0.9245588,6.648928,315.63,355.5038,0.1212106,-0.006730017,-0.9926034,-0.2628437,-0.02330787,0.1396646,-1.346346,0.03131738,-2.28546,-0.3903893,0.2699586,1.915,0.7189866,-0.07786574,0.6906484,-0.02467987,0.9902174,0.1373326,-0.6945857,-0.1157854,0.7100313,moving,-68.38662,10.77583,-11.52235,8.024142
05/15/2023 12:31:05.858562,234,True,True,True,True,Eyes,0.3609307,-0.02321988,-3.414851,-0.9240119,0.06919824,0.37605,0.0,0.0,0.0,0.0,0.0,0.0,0.0,2.063973,0.4415489,2.605625,0.2818331,-0.007619321,-3.341368,0.06233545,-0.3673348,-0.01790104,0.9278249,5.884383,316.5675,355.4441,0.1197045,-0.006751873,-0.992786,-0.2470731,-0.02190939,0.1312848,-1.335163,0.04112768,-2.252449,-0.3864311,0.2672215,1.915,0.7294893,-0.07901403,0.6794131,-0.0125779,0.9915877,0.1288241,-0.6838766,-0.1025214,0.7223588,moving,-67.85489,10.42655,-11.4086,7.943829
05/15/2023 12:31:05.878762,235,True,True,True,True,Eyes,0.356843,-0.02255835,-3.411157,-0.9203986,0.0682354,0.3849808,0.0,0.0,0.0,0.0,0.0,0.0,0.0,2.025989,0.4547489,2.623261,0.274956,-0.007687256,-3.334256,0.06472674,-0.3606456,-0.01729712,0.9302935,6.197355,317.3741,355.4498,0.1182456,-0.006752937,-0.9929609,-0.2322487,-0.02059483,0.1234077,-1.321994,0.06227131,-2.216784,-0.3821861,0.2642859,1.915,0.7392712,-0.07886963,0.6687734,-0.01450403,0.9910225,0.132906,-0.6732517,-0.1079535,0.7314904,moving,-67.30161,10.05093,-11.28651,7.857658
05/15/2023 12:31:05.888693,236,True,True,True,True,Eyes,0.3526652,-0.02193688,-3.40732,-0.9166244,0.0670791,0.3940812,0.0,0.0,0.0,0.0,0.0,0.0,0.0,1.984782,0.4718002,2.640876,0.2677346,-0.007098317,-3.326327,0.06768782,-0.3535063,-0.01722537,0.932821,6.551873,318.2256,355.3817,0.1168262,-0.006735412,-0.9931291,-0.2183138,-0.01935914,0.1160032,-1.307307,0.08561067,-2.181581,-0.3786519,0.2618424,1.915,0.7494732,-0.07999251,0.6571843,-0.01571978,0.9902433,0.1384598,-0.6618481,-0.1141027,0.7409034,moving,-66.73585,9.660097,-11.18479,7.785903
05/15/2023 12:31:05.908907,237,True,True,True,True,Eyes,0.3484361,-0.02135246,-3.403338,-0.9126984,0.06518014,0.4034021,0.0,0.0,0.0,0.0,0.0,0.0,0.0,1.943008,0.4889509,2.659173,0.2613369,-0.007386535,-3.319217,0.07055954,-0.346281,-0.01699735,0.9353192,6.90478,319.0868,355.3395,0.11544,-0.006702321,-0.9932914,-0.205215,-0.01819759,0.109043,-1.295179,0.07201435,-2.149678,-0.3748272,0.259197,1.915,0.7596012,-0.08066276,0.6453678,-0.01707095,0.9894649,0.1437631,-0.6501651,-0.1202197,0.7502217,moving,-66.15512,9.178304,-11.07462,7.708191
05/15/2023 12:31:05.928514,238,True,True,True,True,Eyes,0.3441307,-0.02076951,-3.399214,-0.9086138,0.06291243,0.4128717,0.0,0.0,0.0,0.0,0.0,0.0,0.0,1.900488,0.5365222,2.67143,0.2553618,-0.007427514,-3.312247,0.07893848,-0.3390212,-0.01434864,0.9373512,7.947011,319.9082,355.3423,0.1140818,-0.006656274,-0.9934487,-0.1929021,-0.01710574,0.1025004,-1.281547,0.05787335,-2.115609,-0.3706779,0.2563278,1.915,0.7697174,-0.08042307,0.6332987,-0.02662421,0.9871257,0.1577151,-0.6378293,-0.1382572,0.7576666,moving,-65.56308,8.663953,-10.95501,7.623875
05/15/2023 12:31:05.944596,239,True,True,True,True,Eyes,0.3397969,-0.02020125,-3.39494,-0.9043292,0.06046151,0.4225317,0.0,0.0,0.0,0.0,0.0,0.0,0.0,1.856881,0.5660065,2.686221,0.2491554,-0.006779,-3.30485,0.08419855,-0.3315406,-0.01306343,0.9395855,8.601507,320.7775,355.3371,0.112747,-0.006598603,-0.9936014,-0.1813279,-0.01607939,0.09635041,-1.26681,0.04308179,-2.082889,-0.366967,0.2537619,1.915,0.7798203,-0.08037891,0.6208217,-0.03128206,0.9854799,0.1668856,-0.6252214,-0.1495613,0.7659828,moving,-64.9565,8.14337,-10.84795,7.548441
05/15/2023 12:31:05.958903,240,True,True,True,True,Eyes,0.3354036,-0.01965762,-3.390535,-0.8998457,0.05786042,0.4323539,0.0,0.0,0.0,0.0,0.0,0.0,0.0,1.811749,0.586866,2.703063,0.243403,-0.00641267,-3.297591,0.08775949,-0.3238707,-0.01283834,0.9419349,9.033478,321.6784,355.2936,0.1114324,-0.006530879,-0.9937502,-0.1704483,-0.01511463,0.09056938,-1.252238,0.004854545,-2.051657,-0.3630838,0.2510767,1.915,0.789886,-0.0810312,0.6078767,-0.03265969,0.9842669,0.1736434,-0.6123835,-0.1570115,0.7748122,moving,-64.33685,7.622406,-10.73584,7.469474
05/15/2023 12:31:05.978496,241,True,True,True,True,Eyes,0.3309281,-0.01915183,-3.386009,-0.8950762,0.05550297,0.4424455,0.0,0.0,0.0,0.0,0.0,0.0,0.0,1.764514,0.6079255,2.720024,0.2374925,-0.006405652,-3.290162,0.09112021,-0.3159146,-0.01333998,0.9443078,9.419542,322.6083,355.1873,0.1101343,-0.006454804,-0.9938954,-0.1602214,-0.01420775,0.08513522,-1.235959,-0.01959503,-2.019497,-0.359118,0.2483343,1.915,0.8000401,-0.0827665,0.5942101,-0.03237831,0.9830382,0.1805196,-0.5990723,-0.1636625,0.7837902,moving,-63.69633,7.150169,-10.62126,7.388796
05/15/2023 12:31:05.988420,242,True,True,True,True,Eyes,0.3264103,-0.01867941,-3.381364,-0.8900833,0.05309016,0.4526955,0.0,0.0,0.0,0.0,0.0,0.0,0.0,1.71447,0.6153842,2.74036,0.231646,-0.006894231,-3.282372,0.09207891,-0.3075016,-0.0146037,0.9469694,9.521082,323.612,355.0973,0.1088488,-0.006372307,-0.9940375,-0.1506081,-0.01335529,0.08002711,-1.218132,-0.03633052,-1.987231,-0.3554844,0.2458214,1.915,0.8104591,-0.08428734,0.5796998,-0.02897029,0.9826164,0.1833732,-0.5850785,-0.1654105,0.7939285,moving,-63.04216,6.688848,-10.5162,7.314844
05/15/2023 12:31:06.008427,243,True,True,True,True,Eyes,0.3218104,-0.01822928,-3.376614,-0.8848327,0.05096451,0.4631131,0.0,0.0,0.0,0.0,0.0,0.0,0.0,1.6652,0.6246456,2.759296,0.2260262,-0.007188201,-3.275004,0.09366232,-0.299118,-0.01465171,0.9494951,9.735418,324.6123,355.1193,0.1075734,-0.006285006,-0.9941769,-0.1415716,-0.01255397,0.07522549,-1.198871,-0.05173168,-1.954222,-0.351568,0.2431132,1.915001,0.8206275,-0.08385564,0.5652776,-0.02820871,0.9820254,0.186629,-0.5707669,-0.1690986,0.8035116,moving,-62.37286,6.279996,-10.40288,7.235112
05/15/2023 12:31:06.028737,244,True,True,True,True,Eyes,0.3171739,-0.01782729,-3.371743,-0.8793562,0.0489461,0.4736423,0.0,0.0,0.0,0.0,0.0,0.0,0.0,1.61685,0.6247457,2.778293,0.220282,-0.00739485,-3.267238,0.09377545,-0.2908672,-0.01490822,0.9520401,9.781037,325.6088,355.1721,0.1063042,-0.006193971,-0.994314,-0.1330773,-0.01180073,0.07071196,-1.177424,-0.05819839,-1.919406,-0.347558,0.2403402,1.915,0.830348,-0.08293884,0.5510385,-0.02616598,0.9819678,0.1872286,-0.5566306,-0.1698833,0.8132048,moving,-61.69203,5.899992,-10.28678,7.153448
05/15/2023 12:31:06.044972,245,True,True,True,True,Eyes,0.3125036,-0.01745373,-3.366758,-0.8736959,0.04715891,0.4841814,0.0,0.0,0.0,0.0,0.0,0.0,0.0,1.56957,0.6197414,2.797099,0.2146898,-0.008149043,-3.259637,0.09300416,-0.2827695,-0.01512531,0.9545485,9.729683,326.5941,355.2584,0.1050406,-0.006101062,-0.9944488,-0.1250927,-0.01109269,0.06646924,-1.155803,-0.06873889,-1.886238,-0.3437676,0.2377192,1.915,0.8396253,-0.08147315,0.5370209,-0.0237218,0.9822429,0.1861079,-0.5426478,-0.169,0.8227833,moving,-61.00583,5.56302,-10.17695,7.076235
05/15/2023 12:31:06.058783,246,True,True,True,True,Eyes,0.3078087,-0.01711596,-3.361641,-0.8678507,0.04542567,0.4947441,0.0,0.0,0.0,0.0,0.0,0.0,0.0,1.526439,0.624304,2.810434,0.2094857,-0.008483946,-3.251824,0.09414248,-0.2753827,-0.01396024,0.9566121,9.928951,327.4831,355.4256,0.1037796,-0.0060072,-0.9945818,-0.1175871,-0.01042713,0.06248108,-1.134193,-0.07359666,-1.853312,-0.3400672,0.2351604,1.915,0.847939,-0.07855949,0.5242403,-0.02514134,0.9818846,0.1878045,-0.5294973,-0.1724268,0.8306032,moving,-60.31341,5.245989,-10.06966,7.000826
05/15/2023 12:31:06.078656,247,True,True,True,True,Eyes,0.3031117,-0.01683683,-3.356392,-0.8618828,0.04399829,0.5051953,0.0,0.0,0.0,0.0,0.0,0.0,0.0,1.484497,0.6191844,2.824174,0.2041309,-0.008992597,-3.24366,0.09358609,-0.2681884,-0.01338377,0.9587166,9.919615,328.36,355.5832,0.1025208,-0.005913564,-0.9947129,-0.1105319,-0.009801499,0.05873222,-1.112234,-0.07607406,-1.821265,-0.3361487,0.2324506,1.915,0.8557917,-0.07585989,0.5117283,-0.02453491,0.982125,0.1866238,-0.5167384,-0.1722663,0.8386332,moving,-59.62317,4.977425,-9.955961,6.920939
05/15/2023 12:31:06.088799,248,True,True,True,True,Eyes,0.298409,-0.01660331,-3.351018,-0.8557559,0.04250043,0.5156311,0.0,0.0,0.0,0.0,0.0,0.0,0.0,1.443635,0.6160207,2.836795,0.199104,-0.01026922,-3.235926,0.09315594,-0.2612207,-0.01303815,0.9606851,9.914323,329.2044,355.7081,0.1012641,-0.005821876,-0.9948422,-0.1039,-0.009213408,0.05520828,-1.091926,-0.08705707,-1.792212,-0.3321582,0.229691,1.915,0.8631876,-0.07371961,0.4994724,-0.0236174,0.982304,0.1857987,-0.5043308,-0.1721753,0.8461714,moving,-58.92916,4.711901,-9.840096,6.83956
05/15/2023 12:31:06.108434,249,True,True,True,True,Eyes,0.293709,-0.0164056,-3.345531,-0.8495197,0.0413195,0.5259362,0.0,0.0,0.0,0.0,0.0,0.0,0.0,1.403426,0.6215436,2.846024,0.194193,-0.0110954,-3.227683,0.09423322,-0.2544538,-0.01252955,0.9624014,10.07889,330.01,355.802,0.1000088,-0.005733284,-0.9949697,-0.09766597,-0.008660604,0.05189579,-1.072074,-0.09090549,-1.763364,-0.3284422,0.2271214,1.915,0.8701925,-0.07207291,0.4874119,-0.02383909,0.9819262,0.1877567,-0.4921347,-0.175004,0.8527467,moving,-58.23842,4.492142,-9.732126,6.763754
05/15/2023 12:31:06.129023,250,True,True,True,True,Eyes,0.2890102,-0.01623219,-3.339915,-0.8431675,0.04029703,0.5361386,0.0,0.0,0.0,0.0,0.0,0.0,0.0,1.366114,0.6149146,2.855532,0.1896692,-0.01164784,-3.219059,0.09339517,-0.2481779,-0.01214441,0.9641253,10.02404,330.773,355.9368,0.09875406,-0.005648487,-0.9950956,-0.09180602,-0.008140968,0.04878204,-1.051982,-0.09573442,-1.735847,-0.3243729,0.2243073,1.915,0.8765204,-0.06977471,0.4762807,-0.02293976,0.9822597,0.1861172,-0.4808177,-0.1740613,0.8593701,moving,-57.54925,4.29836,-9.613811,6.680714
05/15/2023 12:31:06.145145,251,True,True,True,True,Eyes,0.2843091,-0.01613596,-3.334161,-0.8365077,0.03914572,0.5465552,0.0,0.0,0.0,0.0,0.0,0.0,0.0,1.333887,0.6005289,2.863786,0.18494,-0.01207456,-3.210423,0.09131898,-0.2426695,-0.01183413,0.9657289,9.824753,331.4532,356.0907,0.09750029,-0.005567871,-0.9952197,0.0,0.0,0.0,-1.032568,-0.1053839,-1.709334,-0.3206615,0.2217408,1.915,0.8819429,-0.06717779,0.4665445,-0.02146352,0.9830416,0.1821223,-0.4708672,-0.1706352,0.8655447,moving,-56.84031,4.096679,-9.505832,6.604952
05/15/2023 12:31:06.158754,252,True,True,True,True,Eyes,0.2796343,-0.01611674,-3.32828,-0.8297924,0.03798401,0.556778,0.0,0.0,0.0,0.0,0.0,0.0,0.0,1.303407,0.5825749,2.870959,0.1805768,-0.01391153,-3.201229,0.08839782,-0.2375538,-0.01183056,0.9672714,9.519809,332.0892,356.2277,0.0962474,-0.00549334,-0.9953421,0.0,0.0,0.0,-1.013813,-0.107679,-1.683482,-0.3168097,0.2190774,1.915,0.8868564,-0.06488521,0.4574665,-0.01911175,0.9840918,0.1766301,-0.4616497,-0.1653886,0.8715079,moving,-56.13899,3.902734,-9.393696,6.526307
05/15/2023 12:31:06.178396,253,True,True,True,True,Eyes,0.2749846,-0.01615138,-3.322247,-0.822909,0.03653275,0.5669976,0.0,0.0,0.0,0.0,0.0,0.0,0.0,1.276943,0.5816845,2.872949,0.1764849,-0.01571842,-3.192395,0.08839736,-0.2331124,-0.01081397,0.9683634,9.564617,332.6272,356.3861,0.09499627,-0.005426615,-0.9954627,0.0,0.0,0.0,-0.9971781,-0.1052803,-1.659405,-0.3126806,0.2162222,1.915,0.8910834,-0.06215675,0.4495631,-0.02026933,0.984138,0.1762433,-0.4533868,-0.1661598,0.8756891,moving,-55.43253,3.686582,-9.273405,6.441971
05/15/2023 12:31:06.188609,254,True,True,True,True,Eyes,0.2703708,-0.01624369,-3.316059,-0.8159671,0.03529377,0.57702,0.0,0.0,0.0,0.0,0.0,0.0,0.0,1.250821,0.5806696,2.8736,0.1726368,-0.01703744,-3.182643,0.0883878,-0.228858,-0.01027489,0.9693844,9.593712,333.1383,356.4894,0.09374597,-0.005368483,-0.9955814,0.0,0.0,0.0,-0.9816537,-0.1002627,-1.635925,-0.3090544,0.2137147,1.915,0.8950369,-0.06037714,0.4418863,-0.02053587,0.9841641,0.1760665,-0.4455191,-0.1666605,0.8796232,moving,-54.73354,3.500169,-9.167695,6.367881
05/15/2023 12:31:06.208869,255,True,True,True,True,Eyes,0.2657968,-0.01640397,-3.309726,-0.8088186,0.03377369,0.5870875,0.0,0.0,0.0,0.0,0.0,0.0,0.0,1.224424,0.5685248,2.876317,0.1688393,-0.01854801,-3.172819,0.08632235,-0.2246097,-0.01099613,0.9705557,9.359096,333.6535,356.5066,0.09249843,-0.005319899,-0.9956984,0.0,0.0,0.0,-0.9680371,-0.1072016,-1.615479,-0.3052549,0.2110875,1.915,0.8988592,-0.06012239,0.434094,-0.01743296,0.9848551,0.172501,-0.4378908,-0.1626216,0.8841979,moving,-54.02568,3.292455,-9.056869,6.290231
05/15/2023 12:31:06.228677,256,True,True,True,True,Eyes,0.2612677,-0.01659798,-3.303218,-0.801576,0.03229373,0.5970201,0.0,0.0,0.0,0.0,0.0,0.0,0.0,1.195411,0.5712304,2.876862,0.1656396,-0.02036572,-3.162877,0.08662868,-0.2200796,-0.01163587,0.9715582,9.393146,334.1832,356.4703,0.09125417,-0.00528198,-0.9958134,0.0,0.0,0.0,-0.954416,-0.1130043,-1.594596,-0.3012237,0.2082997,1.915,0.9028592,-0.06074025,0.4256242,-0.01552056,0.9847201,0.1734512,-0.4296562,-0.163208,0.8881209,moving,-53.32097,3.096199,-8.939206,6.207809
05/15/2023 12:31:06.245144,257,True,True,True,True,Eyes,0.2567733,-0.01683945,-3.296523,-0.7940177,0.03079005,0.6071145,0.0,0.0,0.0,0.0,0.0,0.0,0.0,1.161946,0.5723119,2.878544,0.162132,-0.02136718,-3.15229,0.08683967,-0.2147636,-0.01220228,0.9727213,9.421745,334.8068,356.4526,0.09001424,-0.005254729,-0.9959264,0.0,0.0,0.0,-0.9407551,-0.1094432,-1.573248,-0.29754,0.2057525,1.915,0.9074554,-0.06103883,0.4156908,-0.01356115,0.98462,0.1741828,-0.4199294,-0.1637004,0.892671,moving,-52.59808,2.90329,-8.831622,6.132479
05/15/2023 12:31:06.258799,258,True,True,True,True,Eyes,0.252341,-0.0171624,-3.289692,-0.7863625,0.02934453,0.6170681,0.0,0.0,0.0,0.0,0.0,0.0,0.0,1.12518,0.5567334,2.88373,0.1588252,-0.0228191,-3.141041,0.08430281,-0.2088472,-0.01267423,0.9742256,9.146879,335.5226,356.5212,0.08877874,-0.005238564,-0.9960374,0.0,0.0,0.0,-0.9254473,-0.1150977,-1.551895,-0.2936708,0.2030767,1.915,0.9124445,-0.05990792,0.4047915,-0.01051769,0.9854648,0.1695538,-0.4090654,-0.1589659,0.8985518,moving,-51.8783,2.722637,-8.718551,6.053322
05/15/2023 12:31:06.278732,259,True,True,True,True,Eyes,0.2479567,-0.01755757,-3.282701,-0.7784265,0.0276406,0.627127,0.0,0.0,0.0,0.0,0.0,0.0,0.0,1.091169,0.5544298,2.886262,0.1558246,-0.02508886,-3.131076,0.08388601,-0.2033328,-0.01236448,0.9754313,9.126914,336.1802,356.6186,0.08754973,-0.005234911,-0.9961461,0.0,0.0,0.0,-0.9077616,-0.1198217,-1.528396,-0.2898333,0.2004231,1.915,0.9170058,-0.05823496,0.3945999,-0.009992148,0.9856206,0.1686783,-0.3987488,-0.1586219,0.9032378,moving,-51.14389,2.523676,-8.606341,5.974801
05/15/2023 12:31:06.288303,260,True,True,True,True,Eyes,0.243649,-0.01799594,-3.275534,-0.7703723,0.02591784,0.6370673,0.0,0.0,0.0,0.0,0.0,0.0,0.0,1.056095,0.5579283,2.886637,0.1531135,-0.02725203,-3.120113,0.08453751,-0.1977109,-0.01155167,0.97654,9.238283,336.8463,356.7481,0.08632737,-0.005244778,-0.9962527,0.0,0.0,0.0,-0.8872427,-0.1154751,-1.502447,-0.2856393,0.1975227,1.915,0.9215539,-0.05598931,0.3841921,-0.01086663,0.98544,0.1696763,-0.3880983,-0.1605407,0.9075277,moving,-50.41061,2.329683,-8.483628,5.888949
05/15/2023 12:31:06.308503,261,True,True,True,True,Eyes,0.2394576,-0.0184736,-3.268199,-0.7620077,0.02390854,0.6471265,0.0,0.0,0.0,0.0,0.0,0.0,0.0,1.01786,0.5604057,2.88763,0.1505835,-0.02869606,-3.108859,0.08511813,-0.1915835,-0.01089854,0.9777178,9.338507,337.5708,356.8672,0.08511332,-0.005268213,-0.9963571,0.0,0.0,0.0,-0.8684096,-0.1201563,-1.479786,-0.2820933,0.1950707,1.915,0.9263539,-0.05392584,0.3727739,-0.01130308,0.9852722,0.170619,-0.3764845,-0.162267,0.9121013,moving,-49.66079,2.11587,-8.379817,5.81635
05/15/2023 12:31:06.328657,262,True,True,True,True,Eyes,0.2353431,-0.01896378,-3.260707,-0.7535481,0.02192118,0.6570271,0.0,0.0,0.0,0.0,0.0,0.0,0.0,0.9787414,0.5613708,2.889112,0.1484223,-0.02996427,-3.09792,0.08557363,-0.1852342,-0.009478371,0.9789156,9.440732,338.3287,357.0796,0.08391023,-0.005305144,-0.996459,0.0,0.0,0.0,-0.8484931,-0.1295881,-1.456418,-0.2781265,0.1923275,1.915,0.9311969,-0.05025937,0.3610351,-0.01314527,0.9851747,0.1710501,-0.3642795,-0.1640273,0.9167308,moving,-48.91446,1.910919,-8.263618,5.735107
05/15/2023 12:31:06.345194,263,True,True,True,True,Eyes,0.231321,-0.01946061,-3.25305,-0.7448364,0.01992356,0.6669495,0.0,0.0,0.0,0.0,0.0,0.0,0.0,0.9436108,0.5581247,2.889357,0.1460904,-0.0307207,-3.086747,0.0854426,-0.179471,-0.007836256,0.9800145,9.477323,339.023,357.3253,0.08271835,-0.005354734,-0.9965583,0.0,0.0,0.0,-0.8263552,-0.137972,-1.431999,-0.2740086,0.18948,1.915,0.9354575,-0.04602822,0.3504292,-0.01530965,0.9852763,0.1702827,-0.3531074,-0.1646572,0.9209795,moving,-48.15776,1.711069,-8.142919,5.650746
05/15/2023 12:31:06.358331,264,True,True,True,True,Eyes,0.2273767,-0.01992822,-3.245251,-0.7361267,0.01798053,0.6766049,0.0,0.0,0.0,0.0,0.0,0.0,0.0,0.9117792,0.5465094,2.889638,0.1437272,-0.03132002,-3.075449,0.08375829,-0.1743352,-0.007578776,0.9810885,9.305936,339.6396,357.4402,0.08154038,-0.005415978,-0.996655,0.0,0.0,0.0,-0.8034722,-0.1462382,-1.408033,-0.2704486,0.1870183,1.915,0.9390997,-0.04407492,0.3408068,-0.01433313,0.9858542,0.1669911,-0.3433459,-0.1617061,0.9251836,moving,-47.41258,1.522256,-8.038518,5.5778
05/15/2023 12:31:06.369574,265,True,True,True,True,Eyes,0.2235339,-0.02031441,-3.2373,-0.7273199,0.01592875,0.6861138,0.0,0.0,0.0,0.0,0.0,0.0,0.0,0.886896,0.5442525,2.885849,0.1416038,-0.03107615,-3.064294,0.08376417,-0.1704065,-0.007269056,0.9817804,9.322923,340.1039,357.5129,0.08037598,-0.005486976,-0.9967493,0.0,0.0,0.0,-0.7823657,-0.1520949,-1.385113,-0.2666423,0.1843862,1.915,0.9418176,-0.04282114,0.3333856,-0.01427468,0.9858615,0.1669534,-0.3358212,-0.1619986,0.9278904,moving,-46.66988,1.329934,-7.926832,5.499782
05/15/2023 12:31:06.395260,266,True,True,True,True,Eyes,0.2197789,-0.02056325,-3.229186,-0.7185284,0.01404996,0.6953558,0.0,0.0,0.0,0.0,0.0,0.0,0.0,0.8638458,0.5433928,2.880791,0.1399502,-0.02943248,-3.052869,0.08423483,-0.1668601,-0.007001801,0.9823509,9.390342,340.52,357.5679,0.07922724,-0.005564321,-0.9968408,0.0,0.0,0.0,-0.7630293,-0.1503613,-1.362903,-0.2626407,0.1816191,1.915,0.9442174,-0.0418673,0.3266506,-0.0143544,0.9857109,0.1678329,-0.3290098,-0.1631597,0.9301245,moving,-45.93895,1.157528,-7.809349,5.417741
05/15/2023 12:31:06.408530,267,True,True,True,True,Eyes,0.2161415,-0.02060132,-3.220935,-0.7096918,0.01200958,0.7044099,0.0,0.0,0.0,0.0,0.0,0.0,0.0,0.8399039,0.531753,2.877266,0.1382539,-0.02640745,-3.040895,0.08304134,-0.1631983,-0.007602593,0.983063,9.252651,340.9509,357.5581,0.07809513,-0.005643235,-0.9969297,0.0,0.0,0.0,-0.7479132,-0.1536953,-1.343814,-0.2589288,0.1790521,1.915,0.946617,-0.04205207,0.3196058,-0.01215676,0.9860927,0.1657512,-0.3221311,-0.1607883,0.9329409,moving,-45.21401,0.9767492,-7.700312,5.341614
05/15/2023 12:31:06.428477,268,True,True,True,True,Eyes,0.2125786,-0.02051993,-3.212507,-0.7008625,0.01049692,0.7132191,0.0,0.0,0.0,0.0,0.0,0.0,0.0,0.8177758,0.5305157,2.871852,0.1369502,-0.02129811,-3.029608,0.0839706,-0.1598398,-0.007760948,0.9835345,9.363356,341.3381,357.554,0.07698157,-0.005717088,-0.9970158,0.0,0.0,0.0,-0.7335026,-0.1573216,-1.325402,-0.2550967,0.1764021,1.915,0.948782,-0.04211001,0.3131126,-0.01157737,0.9857774,0.167657,-0.3157193,-0.1626949,0.9348003,moving,-44.49935,0.8431995,-7.587686,5.263004
05/15/2023 12:31:06.445688,269,True,True,True,True,Eyes,0.1265267,-0.01765628,-2.99908,-0.4446769,-0.0217348,0.8954273,0.0,0.0,0.0,0.0,0.0,0.0,0.0,0.7945657,0.4917426,2.871887,0.1351279,-0.01844768,-3.016999,0.07817925,-0.1561779,-0.008513826,0.9845934,8.701704,341.7918,357.6121,0.07588673,-0.005782741,-0.9970995,0.0,0.0,0.0,-0.718529,-0.1524617,-1.305806,-0.2511998,0.1737076,1.915,0.9510719,-0.04118505,0.3062122,-0.007654426,0.9876311,0.1566089,-0.3088746,-0.1512902,0.9389929,moving,-26.40939,-1.390473,-7.473094,5.183055
05/15/2023 12:31:06.458486,270,True,True,True,True,Eyes,0.1264903,-0.01755286,-2.99859,-0.4443988,-0.02196256,0.8955598,0.0,0.0,0.0,0.0,0.0,0.0,0.0,0.7737538,0.4597818,2.87135,0.1340678,-0.01752332,-3.006071,0.07337801,-0.1528006,-0.0071499,0.9855032,8.189266,342.2217,357.8857,0.07136436,-0.005769322,-0.9974334,-0.2581556,0.008590937,0.6402833,-0.704406,-0.1537606,-1.288256,-0.2474465,0.171112,1.915,0.9532017,-0.03651691,0.3001218,-0.008331915,0.9891291,0.1468135,-0.3022204,-0.1424435,0.9425352,moving,-26.39174,-1.404831,-7.362671,5.10602
05/15/2023 12:31:06.478551,271,True,True,True,True,Eyes,0.1264206,-0.01738017,-2.997627,-0.443479,-0.02187931,0.8960177,0.0,0.0,0.0,0.0,0.0,0.0,0.0,0.7486621,0.4671943,2.863999,0.1331065,-0.0148721,-2.99388,0.07559578,-0.1488325,-0.005098904,0.9859555,8.484995,342.6918,358.1136,0.06763075,-0.005760662,-0.9976935,-0.2426663,0.00807548,0.6018664,-0.6889578,-0.1320547,-1.266961,-0.243203,0.1681776,1.915,0.9556458,-0.03255679,0.2927134,-0.01244763,0.9885185,0.1505859,-0.2942553,-0.1475504,0.9442683,moving,-26.33285,-1.398793,-7.237758,5.018908
05/15/2023 12:31:06.488391,272,True,True,True,True,Eyes,0.1263291,-0.01727881,-2.996269,-0.4421518,-0.02163821,0.8966791,0.0,0.0,0.0,0.0,0.0,0.0,0.0,0.7136555,0.4192242,2.86756,0.1321938,-0.01312712,-2.981662,0.06798513,-0.1431971,-0.00566821,0.9873402,7.621339,343.3774,358.2272,0.06453732,-0.005752691,-0.9978984,-0.2281063,0.007590951,0.5657544,-0.6744144,-0.1176963,-1.248692,-0.2395609,0.1656591,1.915,0.9589249,-0.03066345,0.2819978,-0.008277643,0.9906918,0.1358722,-0.2835392,-0.1326256,0.9497452,moving,-26.24788,-1.382365,-7.130492,4.944125
05/15/2023 12:31:06.508576,273,True,True,True,True,Eyes,0.1262422,-0.01721662,-2.994553,-0.4402762,-0.02239414,0.8975831,0.0,0.0,0.0,0.0,0.0,0.0,0.0,0.6761814,0.4027779,2.867827,0.1314886,-0.01474705,-2.970922,0.06529663,-0.1370247,-0.004187341,0.9884044,7.350071,344.1174,358.4879,0.06196538,-0.005746775,-0.9980615,-0.2144199,0.007135494,0.5318091,-0.657683,-0.1286277,-1.230058,-0.2357167,0.1630007,1.915,0.9624134,-0.02617207,0.2703248,-0.009616924,0.9914377,0.1302265,-0.2714184,-0.1279314,0.9539212,moving,-26.12855,-1.429198,-7.01722,4.865168
05/15/2023 12:31:06.528674,274,True,True,True,True,Eyes,0.1261331,-0.01707881,-2.992458,-0.4380752,-0.02357821,0.8986291,0.0,0.0,0.0,0.0,0.0,0.0,0.0,0.6452668,0.4448203,2.858245,0.1309822,-0.01539108,-2.960812,0.07293189,-0.1318938,-0.0002510487,0.9885773,8.286982,344.7184,358.8573,0.05982061,-0.005743233,-0.9981923,-0.2015547,0.006707365,0.4999005,-0.6341816,-0.101351,-1.206447,-0.2315847,0.1601435,1.915,0.9652079,-0.01973489,0.2607378,-0.01874216,0.9893618,0.1442638,-0.260811,-0.1441314,0.9545699,moving,-25.9889,-1.50298,-6.895406,4.780285
05/15/2023 12:31:06.545514,275,True,True,True,True,Eyes,0.1260098,-0.01695414,-2.990032,-0.4353122,-0.02514418,0.8999284,0.0,0.0,0.0,0.0,0.0,0.0,0.0,0.61102,0.471553,2.849922,0.1302542,-0.01333509,-2.949681,0.0782565,-0.1262705,0.001504967,0.9889032,8.92586,345.3708,359.0264,0.05802535,-0.00573867,-0.9982983,-0.1894615,0.006304923,0.4699065,-0.6090941,-0.0975492,-1.18524,-0.2278658,0.1575719,1.915,0.968107,-0.01678644,0.2499741,-0.0227395,0.9877473,0.1543961,-0.2495029,-0.1551563,0.9558634,moving,-25.81392,-1.600439,-6.785717,4.703871
05/15/2023 12:31:06.558567,276,True,True,True,True,Eyes,0.1258811,-0.01680906,-2.987317,-0.4323543,-0.02724298,0.9012922,0.0,0.0,0.0,0.0,0.0,0.0,0.0,0.5772935,0.4743095,2.845867,0.1295015,-0.01344189,-2.93943,0.07903302,-0.1206699,0.002643018,0.9895381,9.035723,346.0313,359.1969,0.0564345,-0.005731381,-0.9983897,-0.1780938,0.005926628,0.4417121,-0.5876793,-0.1336603,-1.168886,-0.2241009,0.1549683,1.915,0.9708636,-0.01384308,0.2392327,-0.02430455,0.9874936,0.1557745,-0.2383972,-0.1570502,0.9583851,moving,-25.62726,-1.731329,-6.674623,4.626488
05/15/2023 12:31:06.578913,277,True,True,True,True,Eyes,0.1257179,-0.01658408,-2.984267,-0.4289474,-0.02962915,0.9028435,0.0,0.0,0.0,0.0,0.0,0.0,0.0,0.5516203,0.5111386,2.834633,0.1291755,-0.01265925,-2.92982,0.08594903,-0.1163804,0.00525834,0.9894649,9.864055,346.5353,359.4417,0.05500151,-0.005720468,-0.9984697,-0.1674081,0.00557103,0.4152094,-0.5642381,-0.1563193,-1.150745,-0.2202552,0.152309,1.915,0.9728559,-0.009599674,0.2312125,-0.03041145,0.9851702,0.1688632,-0.2294047,-0.171311,0.9581367,moving,-25.41273,-1.879635,-6.561088,4.547431
05/15/2023 12:31:06.588974,278,True,True,True,True,Eyes,0.1255566,-0.01629814,-2.980922,-0.4253569,-0.03170068,0.9044703,0.0,0.0,0.0,0.0,0.0,0.0,0.0,0.5249013,0.5183206,2.826843,0.1285801,-0.01044174,-2.91866,0.08789928,-0.1120354,0.005882549,0.9897915,10.0974,347.0428,359.5315,0.05371074,-0.00570368,-0.99854,-0.1573637,0.005236768,0.3902968,-0.540513,-0.1636007,-1.132549,-0.2161489,0.1494696,1.915,0.9748269,-0.00805067,0.2228175,-0.03134066,0.9844782,0.1726858,-0.2207493,-0.175322,0.9594436,moving,-25.1868,-2.007332,-6.439804,4.463001
05/15/2023 12:31:06.609140,279,True,True,True,True,Eyes,0.1253908,-0.01599055,-2.977294,-0.4213882,-0.03378697,0.9062508,0.0,0.0,0.0,0.0,0.0,0.0,0.0,0.4978777,0.5006405,2.824234,0.1284002,-0.008746445,-2.908308,0.08529419,-0.1077945,0.004690859,0.9904965,9.786569,347.5327,359.4711,0.05254892,-0.005679618,-0.998602,-0.1479218,0.004922562,0.366879,-0.5213853,-0.1938782,-1.119312,-0.2125502,0.146981,1.915,0.9767167,-0.009095931,0.2143404,-0.02768105,0.9854058,0.1679559,-0.2127399,-0.1699785,0.9622105,moving,-24.93747,-2.135121,-6.333465,4.388987
05/15/2023 12:31:06.628294,280,True,True,True,True,Eyes,0.1252239,-0.01567051,-2.973387,-0.4171835,-0.03569887,0.9081208,0.0,0.0,0.0,0.0,0.0,0.0,0.0,0.4682703,0.5053411,2.817745,0.1282169,-0.00791505,-2.897902,0.08634889,-0.1032415,0.001883555,0.9908993,9.87592,348.0328,359.1801,0.05150243,-0.005648294,-0.9986566,-0.1390465,0.004627209,0.3448663,-0.5017613,-0.2026757,-1.102868,-0.2083358,0.1440667,1.915,0.9786752,-0.01409675,0.2049292,-0.02156241,0.9850807,0.1707372,-0.2042786,-0.171515,0.9637701,moving,-24.67367,-2.251178,-6.208879,4.302294
05/15/2023 12:31:06.645189,281,True,True,True,True,Eyes,0.1250105,-0.01533808,-2.969258,-0.4125751,-0.03760821,0.9101469,0.0,0.0,0.0,0.0,0.0,0.0,0.0,0.434307,0.5021336,2.812949,0.1279391,-0.00734368,-2.887389,0.08594999,-0.09797449,-0.002038575,0.9914684,9.78979,348.609,358.7856,0.05056078,-0.005610068,-0.998705,-0.1307037,0.004349576,0.3241743,-0.4828152,-0.1929303,-1.085773,-0.204666,0.1415288,1.915,0.9807937,-0.02088418,0.1939268,-0.01279945,0.9852169,0.1708328,-0.1946277,-0.1700339,0.9660272,moving,-24.38507,-2.366175,-6.100341,4.226783
05/15/2023 12:31:06.658487,282,True,True,True,True,Eyes,0.1248069,-0.0150288,-2.964877,-0.4077175,-0.03946089,0.9122551,0.0,0.0,0.0,0.0,0.0,0.0,0.0,0.4016355,0.5068015,2.807076,0.1277253,-0.006742299,-2.877755,0.08704668,-0.09273963,-0.004190767,0.9918693,9.89834,349.1936,358.5773,0.04971239,-0.005565239,-0.9987479,-0.1228615,0.004088602,0.3047238,-0.4626218,-0.1966588,-1.069735,-0.2009338,0.1389481,1.915,0.9827636,-0.02445874,0.1832416,-0.007831966,0.9848107,0.1734551,-0.1847007,-0.1719006,0.9676445,moving,-24.08147,-2.476866,-5.989915,4.149979
05/15/2023 12:31:06.678451,283,True,True,True,True,Eyes,0.1198218,-0.008611664,-2.850685,-0.2721165,-0.08975586,0.9580691,0.0,0.0,0.0,0.0,0.0,0.0,0.0,0.3662434,0.507539,2.801204,0.1276886,-0.007005632,-2.867424,0.08739503,-0.0869619,-0.005438364,0.9923559,9.933676,349.8523,358.4878,0.04894757,-0.005515205,-0.9987859,-0.1154898,0.003843285,0.2864404,-0.439596,-0.1947277,-1.052369,-0.1968617,0.1361321,1.915,0.9848161,-0.02599366,0.1716437,-0.004406488,0.9846651,0.1743998,-0.1735449,-0.1725081,0.9695995,moving,-15.85592,-5.352083,-5.869379,4.06616
05/15/2023 12:31:06.688655,284,True,True,True,True,Eyes,0.1198407,-0.008625971,-2.850317,-0.2716356,-0.09029272,0.9581552,0.0,0.0,0.0,0.0,0.0,0.0,0.0,0.3299896,0.5231409,2.793611,0.1278622,-0.007952958,-2.858395,0.09028073,-0.08092526,-0.005503344,0.9926079,10.27285,350.5445,358.5128,0.04793669,-0.005197596,-0.9988366,-0.1235159,0.02286408,0.6118293,-0.4169264,-0.1996118,-1.036946,-0.1932339,0.1336234,1.915,0.9868416,-0.0255373,0.1596604,-0.003686657,0.9836382,0.1801174,-0.1616478,-0.178336,0.970601,moving,-15.82795,-5.383428,-5.761954,3.991472
05/15/2023 12:31:06.708836,285,True,True,True,True,Eyes,0.1199066,-0.008611067,-2.84958,-0.2706739,-0.09102202,0.9583583,0.0,0.0,0.0,0.0,0.0,0.0,0.0,0.2925267,0.5585292,2.781616,0.1282153,-0.008168906,-2.849282,0.09686097,-0.07465365,-0.004920159,0.9924821,11.04214,351.26,358.5855,0.04714347,-0.004937141,-0.9988757,-0.1161049,0.02149224,0.5751195,-0.3915503,-0.2036152,-1.020298,-0.1891968,0.1308318,1.915,0.9888052,-0.02422839,0.1472317,-0.00469571,0.9811875,0.1930002,-0.1491379,-0.1915309,0.9700896,moving,-15.77153,-5.425508,-5.642357,3.908345
05/15/2023 12:31:06.728652,286,True,True,True,True,Eyes,0.1199918,-0.008562049,-2.848495,-0.2692164,-0.09177662,0.9586968,0.0,0.0,0.0,0.0,0.0,0.0,0.0,0.2542426,0.5727936,2.772846,0.1285096,-0.00735186,-2.839866,0.09988994,-0.0682098,-0.00500704,0.9926452,11.39825,352.0007,358.6224,0.04652448,-0.00472196,-0.9989057,-0.1091386,0.0202027,0.5406123,-0.3649743,-0.2187316,-1.006198,-0.1852463,0.1281,1.915,0.9906447,-0.02356737,0.134416,-0.00368652,0.9799939,0.1989936,-0.1364166,-0.1976275,0.9707388,moving,-15.68554,-5.468296,-5.525279,3.826982
05/15/2023 12:31:06.745404,287,True,True,True,True,Eyes,0.1200934,-0.008495046,-2.847069,-0.2671998,-0.09234984,0.9592058,0.0,0.0,0.0,0.0,0.0,0.0,0.0,0.2126833,0.5742528,2.766519,0.1289446,-0.006478682,-2.830541,0.100638,-0.06126866,-0.006341658,0.9930147,11.48392,352.7921,358.5425,0.04604537,-0.004542562,-0.9989287,-0.1025903,0.01899054,0.5081756,-0.3376139,-0.2472827,-0.9940624,-0.181674,0.1256296,1.915,0.9924119,-0.02492663,0.1204049,0.0002628086,0.9796636,0.2006471,-0.1229578,-0.1990929,0.9722363,moving,-15.5659,-5.499339,-5.419371,3.753394
05/15/2023 12:31:06.763060,288,True,True,True,True,Eyes,0.1202198,-0.008424542,-2.845309,-0.2646491,-0.09274431,0.9598746,0.0,0.0,0.0,0.0,0.0,0.0,0.0,0.1685378,0.5687652,2.760972,0.1293873,-0.005990431,-2.821009,0.1001086,-0.05382922,-0.00780929,0.9934887,11.42429,353.6435,358.4628,0.04565521,-0.004386418,-0.9989465,-0.09643491,0.01785111,0.4776851,-0.3093164,-0.2611283,-0.9803336,-0.1777984,0.1229497,1.915,0.9940829,-0.02629442,0.1053939,0.004739341,0.9798346,0.1997543,-0.108521,-0.1980729,0.9741614,moving,-15.41418,-5.518859,-5.304428,3.673547
05/15/2023 12:31:06.778666,289,True,True,True,True,Eyes,0.1203489,-0.008358495,-2.843228,-0.2615491,-0.09278143,0.9607204,0.0,0.0,0.0,0.0,0.0,0.0,0.0,0.1220593,0.5550784,2.756386,0.1299808,-0.00587295,-2.81136,0.09806932,-0.0458898,-0.008832034,0.9940818,11.19608,354.5618,358.4485,0.04531109,-0.004243596,-0.9989623,-0.09064882,0.01678004,0.449024,-0.2789286,-0.2656974,-0.9655207,-0.1737592,0.1201565,1.915,0.9956322,-0.02656029,0.08950412,0.008558766,0.9806088,0.1957884,-0.09296872,-0.1941672,0.9765531,moving,-15.22927,-5.516224,-5.184586,3.590312
05/15/2023 12:31:06.788217,290,True,True,True,True,Eyes,0.1205078,-0.008333508,-2.840829,-0.2579133,-0.09255593,0.9617246,0.0,0.0,0.0,0.0,0.0,0.0,0.0,0.07427892,0.538329,2.751516,0.1305241,-0.005971521,-2.801621,0.09545425,-0.03763968,-0.009748477,0.9946743,10.90364,355.5177,358.4489,0.045009,-0.004112951,-0.9989761,-0.08520988,0.01577324,0.4220825,-0.2465778,-0.2658492,-0.9499336,-0.1697078,0.117355,1.915,0.9969764,-0.02657885,0.07301738,0.01220738,0.9815869,0.1906256,-0.07673951,-0.1891579,0.9789435,moving,-15.01223,-5.49719,-5.064336,3.506812
05/15/2023 12:31:06.808785,291,True,True,True,True,Eyes,0.1207371,-0.008363535,-2.838137,-0.2538513,-0.09223099,0.9628359,0.0,0.0,0.0,0.0,0.0,0.0,0.0,0.02545974,0.5177703,2.746343,0.1312531,-0.006988704,-2.791749,0.09199405,-0.02915028,-0.01041248,0.9952783,10.51613,356.5048,358.4794,0.04474627,-0.003994739,-0.9989882,-0.08009729,0.01482685,0.3967576,-0.2125161,-0.2606087,-0.9336364,-0.1661711,0.1149091,1.915,0.9980837,-0.02608993,0.05610951,0.01536332,0.9828574,0.1837264,-0.05994105,-0.1825123,0.9813747,moving,-14.76991,-5.471724,-4.959329,3.433903
05/15/2023 12:31:06.828591,292,True,True,True,True,Eyes,0.1209965,-0.008422684,-2.835144,-0.2492096,-0.09194723,0.9640749,0.0,0.0,0.0,0.0,0.0,0.0,0.0,-0.02503525,0.5130354,2.73752,0.1321125,-0.008316681,-2.782145,0.09133784,-0.02032213,-0.0106839,0.9955553,10.45304,357.528,358.5441,0.04452188,-0.003889682,-0.9989986,-0.07529145,0.01393724,0.3729521,-0.1766874,-0.2538607,-0.9174117,-0.1621139,0.1121036,1.915,0.9989457,-0.02498518,0.03851192,0.01756047,0.9830865,0.182298,-0.0424153,-0.1814295,0.9824888,moving,-14.49347,-5.448022,-4.838826,3.350257
05/15/2023 12:31:06.845673,293,True,True,True,True,Eyes,0.1212613,-0.008551116,-2.831866,-0.2440787,-0.09164385,0.9654155,0.0,0.0,0.0,0.0,0.0,0.0,0.0,-0.07963622,0.512045,2.726443,0.1329276,-0.009071156,-2.772052,0.09153227,-0.01076082,-0.0117199,0.995675,10.48747,358.6262,358.5251,0.04433353,-0.003797523,-0.9990073,-0.07077396,0.013101,0.350575,-0.1397939,-0.2448193,-0.90119,-0.1582443,0.1094278,1.915,0.9994937,-0.02530836,0.01928306,0.0213685,0.9829689,0.182525,-0.02357406,-0.1820205,0.9830121,moving,-14.18834,-5.422659,-4.723852,3.270463
05/15/2023 12:31:06.859384,294,True,True,True,True,Eyes,0.1215488,-0.008803114,-2.828333,-0.23838,-0.0915007,0.9668519,0.0,0.0,0.0,0.0,0.0,0.0,0.0,-0.1360394,0.5039058,2.71559,0.1336302,-0.01091319,-2.762043,0.09026636,-0.0007845956,-0.01300822,0.9958324,10.35578,359.7722,358.4826,0.04417826,-0.003719453,-0.9990146,-0.06652752,0.01231494,0.3295405,-0.1015933,-0.2468486,-0.8871504,-0.1545197,0.1068521,1.915,0.9996604,-0.02604965,-0.0007857571,0.02576636,0.9833655,0.1798007,-0.003911059,-0.1797599,0.9837027,moving,-13.8502,-5.406242,-4.613154,3.193648
05/15/2023 12:31:06.878610,295,True,True,True,True,Eyes,0.1218457,-0.009163111,-2.824547,-0.2319137,-0.09216528,0.9683602,0.0,0.0,0.0,0.0,0.0,0.0,0.0,-0.1919393,0.5130005,2.700849,0.1342821,-0.01410109,-2.752519,0.09192941,0.009160871,-0.01412866,0.9956232,10.56279,0.9118166,358.4583,0.04405399,-0.003658467,-0.9990203,-0.06253587,0.01157604,0.309768,-0.06043683,-0.2515171,-0.8734877,-0.1505205,0.1040867,1.915,0.9994329,-0.02644933,-0.02083922,0.02981794,0.9826987,0.1827952,0.01564387,-0.1833129,0.9829301,moving,-13.46816,-5.436843,-4.494253,3.111157
05/15/2023 12:31:06.888226,296,True,True,True,True,Eyes,0.1221697,-0.009598642,-2.820513,-0.2249247,-0.09302919,0.969925,0.0,0.0,0.0,0.0,0.0,0.0,0.0,-0.2476258,0.5303509,2.683069,0.1349714,-0.01699814,-2.742799,0.09524353,0.01910204,-0.01546158,0.9951507,10.96177,2.047352,358.4162,0.04395838,-0.003616727,-0.9990249,-0.05878372,0.01088148,0.291182,-0.01783508,-0.2516183,-0.859905,-0.1466382,0.101402,1.915,0.9987921,-0.02713451,-0.04096406,0.0344119,0.9813792,0.1889726,0.0350736,-0.190154,0.9811276,moving,-13.05606,-5.478697,-4.378792,3.031062
05/15/2023 12:31:06.908783,297,True,True,True,True,Eyes,0.1225785,-0.01010245,-2.816246,-0.2176385,-0.09453905,0.9714401,0.0,0.0,0.0,0.0,0.0,0.0,0.0,-0.3034688,0.5427287,2.664756,0.135761,-0.0192004,-2.732906,0.09783468,0.02915939,-0.01675541,0.9946343,11.27958,3.199067,358.3858,0.04388993,-0.003595049,-0.9990281,-0.0552567,0.01022859,0.273711,0.02431269,-0.2642187,-0.8491588,-0.1429562,0.09885585,1.915,0.997738,-0.02762542,-0.06128438,0.03903661,0.9802953,0.1936423,0.05472733,-0.1955966,0.9791563,moving,-12.62786,-5.558433,-4.269255,2.955092
05/15/2023 12:31:06.928307,298,True,True,True,True,Eyes,0.1230338,-0.01068801,-2.811748,-0.2098234,-0.0961579,0.9729994,0.0,0.0,0.0,0.0,0.0,0.0,0.0,-0.3580973,0.5520328,2.645989,0.1366446,-0.02122951,-2.72307,0.09993299,0.03908182,-0.01797685,0.9940639,11.54191,4.337774,358.3665,0.04384934,-0.003593923,-0.9990301,-0.0519413,0.009614877,0.2572884,0.06668716,-0.2830949,-0.8400944,-0.1389239,0.09606743,1.915,0.9962989,-0.02792915,-0.08129261,0.0435514,0.9793804,0.1972744,0.07410668,-0.2000847,0.976972,moving,-12.16925,-5.644001,-4.149259,2.871879
05/15/2023 12:31:06.945256,299,True,True,True,True,Eyes,0.1235711,-0.01133261,-2.807052,-0.2017023,-0.09839021,0.9744924,0.0,0.0,0.0,0.0,0.0,0.0,0.0,-0.4159976,0.5597934,2.625658,0.1380183,-0.02374247,-2.713095,0.1017434,0.04961723,-0.01927292,0.9933857,11.77409,5.548636,358.3496,0.04383589,-0.003614284,-0.9990307,-0.04882482,0.009037985,0.2418511,0.1092855,-0.2983583,-0.8314255,-0.1352347,0.09351635,1.915,0.9943333,-0.02819443,-0.1024999,0.04838733,0.9785537,0.2002283,0.09465631,-0.2040534,0.9743729,moving,-11.69406,-5.765365,-4.039446,2.795739
05/15/2023 12:31:06.958686,300,True,True,True,True,Eyes,0.1241503,-0.01200659,-2.802134,-0.1929895,-0.1007985,0.9760095,0.0,0.0,0.0,0.0,0.0,0.0,0.0,-0.4767302,0.5785683,2.601408,0.1392273,-0.0256543,-2.70357,0.1058532,0.06074684,-0.02092737,0.9923039,12.27592,6.825483,358.3185,0.04385018,-0.003656181,-0.9990301,-0.04589533,0.008495705,0.22734,0.1516952,-0.3117984,-0.8235826,-0.1313041,0.09079829,1.915,0.9917437,-0.02867212,-0.1249891,0.05439311,0.9767143,0.2075346,0.1161282,-0.2126197,0.9702098,moving,-11.18499,-5.896382,-3.92241,2.714604
05/15/2023 12:31:06.978765,301,True,True,True,True,Eyes,0.1248054,-0.01268004,-2.797012,-0.1838816,-0.1032377,0.977512,0.0,0.0,0.0,0.0,0.0,0.0,0.0,-0.540527,0.5896099,2.575853,0.1405905,-0.02697885,-2.693387,0.1087661,0.07257278,-0.0226983,0.9911549,12.64459,8.185431,358.2846,0.04389134,-0.003718619,-0.9990281,-0.04314161,0.007985963,0.2136996,0.1969901,-0.3247916,-0.8165033,-0.1272749,0.08801216,1.915,0.988436,-0.02920814,-0.1487993,0.06078197,0.9753095,0.2123135,0.1389241,-0.2189026,0.9658062,moving,-10.65352,-6.028811,-3.802404,2.631425
05/15/2023 12:31:06.988720,302,True,True,True,True,Eyes,0.1254958,-0.01334178,-2.791666,-0.1742299,-0.1054103,0.9790468,0.0,0.0,0.0,0.0,0.0,0.0,0.0,-0.6016556,0.5841059,2.552922,0.1417074,-0.02756457,-2.683232,0.1087156,0.08412653,-0.024431,0.9902055,12.6745,9.515914,358.2325,0.04395982,-0.003799644,-0.9990249,-0.04055312,0.007506805,0.2008776,0.243602,-0.3457372,-0.8124092,-0.1236842,0.08552903,1.915,0.9846517,-0.03009169,-0.1719172,0.06667514,0.9751682,0.2111909,0.161293,-0.2194121,0.9622073,moving,-10.09065,-6.145149,-3.695432,2.557284
05/15/2023 12:31:07.008307,303,True,True,True,True,Eyes,0.1262706,-0.01401646,-2.786109,-0.16429,-0.1072091,0.9805687,0.0,0.0,0.0,0.0,0.0,0.0,0.0,-0.6622313,0.5642678,2.531144,0.1430297,-0.0279914,-2.672527,0.1061602,0.09562726,-0.02713137,0.9893681,12.43031,10.82818,358.041,0.04405462,-0.003897106,-0.9990203,-0.03811993,0.007056397,0.188825,0.2934227,-0.3620083,-0.8085068,-0.1196186,0.0827176,1.915,0.9802387,-0.0333822,-0.1949817,0.07398943,0.9759879,0.204874,0.1834606,-0.215252,0.9591709,moving,-9.511313,-6.23957,-3.57428,2.473329
05/15/2023 12:31:07.028443,304,True,True,True,True,Eyes,0.1270843,-0.01473688,-2.780344,-0.1537939,-0.1087401,0.9821013,0.0,0.0,0.0,0.0,0.0,0.0,0.0,-0.7221336,0.535996,2.509437,0.1442822,-0.02897775,-2.661651,0.102046,0.1071236,-0.03057413,0.9885224,12.02274,12.13161,357.7392,0.0441766,-0.004009957,-0.9990145,-0.03583273,0.006633013,0.1774955,0.3420613,-0.3662864,-0.8038404,-0.1156283,0.07995835,1.915,0.9751795,-0.03858335,-0.2180281,0.08230948,0.9773037,0.1951991,0.2055482,-0.2082999,0.9562223,moving,-8.900052,-6.318162,-3.455343,2.390922
05/15/2023 12:31:07.045786,305,True,True,True,True,Eyes,0.1279317,-0.01550342,-2.774381,-0.142108,-0.1103769,0.983678,0.0,0.0,0.0,0.0,0.0,0.0,0.0,-0.7837418,0.5144305,2.484021,0.145812,-0.03084441,-2.650856,0.09902034,0.119126,-0.03332829,0.9873668,11.74049,13.50483,357.5284,0.04432492,-0.004138439,-0.9990073,-0.03368277,0.006235032,0.1668457,0.3905336,-0.3610485,-0.7980937,-0.111749,0.07727554,1.915,0.9693964,-0.04222269,-0.2418426,0.0894063,0.9781684,0.1875982,0.2286418,-0.2034793,0.9520079,moving,-8.220418,-6.402287,-3.339684,2.31079
05/15/2023 12:31:07.058739,306,True,True,True,True,Eyes,0.1288082,-0.01630663,-2.76823,-0.1298997,-0.1120468,0.9851759,0.0,0.0,0.0,0.0,0.0,0.0,0.0,-0.843903,0.5061285,2.454701,0.1473819,-0.03248072,-2.640288,0.09850896,0.1310429,-0.03526864,0.9858397,11.74004,14.88015,357.4406,0.04449864,-0.0042828,-0.9989989,-0.0316618,0.00586093,0.156835,0.4384685,-0.3505098,-0.7922577,-0.1082899,0.07488373,1.915,0.9631678,-0.04372066,-0.2653231,0.09535626,0.9781042,0.1849847,0.251426,-0.2034715,0.9462475,moving,-7.511366,-6.488529,-3.236529,2.239341
05/15/2023 12:31:07.078808,307,True,True,True,True,Eyes,0.1296975,-0.01712396,-2.761908,-0.1168702,-0.1140004,0.9865826,0.0,0.0,0.0,0.0,0.0,0.0,0.0,-0.9070433,0.5044978,2.420718,0.1485026,-0.03436056,-2.629427,0.09925183,0.1438795,-0.03662243,0.9839242,11.87932,16.37367,357.4518,0.04469676,-0.004442936,-0.9989892,-0.02976209,0.005509275,0.1474249,0.4889298,-0.3454967,-0.7889769,-0.104379,0.07217917,1.915,0.955915,-0.04350678,-0.2904027,0.100628,0.9776157,0.1847741,0.2758633,-0.2058509,0.9388955,moving,-6.755754,-6.59134,-3.119876,2.158541
05/15/2023 12:31:07.088597,308,True,True,True,True,Eyes,0.1306215,-0.01793224,-2.755394,-0.1033497,-0.115829,0.9878777,0.0,0.0,0.0,0.0,0.0,0.0,0.0,-0.965983,0.5044245,2.386508,0.1499554,-0.03556688,-2.619015,0.1004286,0.1559847,-0.03792546,0.9819086,12.06698,17.78568,357.4711,0.04491776,-0.004617953,-0.9989783,-0.02797637,0.005178718,0.1385794,0.5388306,-0.3498712,-0.7887642,-0.1003447,0.06938967,1.915,0.9484609,-0.04314801,-0.3139431,0.1058093,0.9769515,0.1853919,0.2987078,-0.2090551,0.9311657,moving,-5.972436,-6.687417,-2.999518,2.075194
05/15/2023 12:31:07.108632,309,True,True,True,True,Eyes,0.1316058,-0.01872741,-2.74872,-0.08920603,-0.1175912,0.9890473,0.0,0.0,0.0,0.0,0.0,0.0,0.0,-1.026224,0.4925004,2.351506,0.1511901,-0.0361542,-2.607894,0.09942091,0.1687292,-0.03899455,0.9798599,12.00495,19.27656,357.4881,0.04516114,-0.004806218,-0.9989661,-0.02629779,0.004867995,0.1302646,0.5911311,-0.359033,-0.7910318,-0.09663412,0.06682366,1.915,0.9400198,-0.04286797,-0.3384157,0.1099688,0.9771898,0.1816781,0.3229082,-0.2079961,0.9232919,moving,-5.153784,-6.780261,-2.888791,1.998517
05/15/2023 12:31:07.130888,310,True,True,True,True,Eyes,0.1326348,-0.01951771,-2.741876,-0.07459487,-0.1192347,0.99006,0.0,0.0,0.0,0.0,0.0,0.0,0.0,-1.085713,0.470862,2.317175,0.1529473,-0.03660357,-2.597124,0.09655508,0.1814392,-0.04026379,0.9778219,11.73809,20.76084,357.4416,0.04542733,-0.005006114,-0.9989527,-0.02471992,0.004575915,0.1224488,0.6410484,-0.3694519,-0.7949505,-0.09246346,0.06393954,1.915,0.9309173,-0.04370387,-0.3626058,0.1137794,0.9781119,0.1742165,0.3470551,-0.2034382,0.9155138,moving,-4.30874,-6.867161,-2.764311,1.912327
05/15/2023 12:31:07.145711,311,True,True,True,True,Eyes,0.1336764,-0.0202482,-2.734881,-0.05947362,-0.1210217,0.9908665,0.0,0.0,0.0,0.0,0.0,0.0,0.0,-1.145533,0.4552791,2.279037,0.154839,-0.03719474,-2.586151,0.09507865,0.1943567,-0.04212235,0.9754031,11.64537,22.2682,357.354,0.0457162,-0.005216491,-0.9989381,-0.02323672,0.00430136,0.1151018,0.692719,-0.3705555,-0.7985183,-0.08893806,0.06150156,1.915,0.9209024,-0.04521421,-0.3871621,0.1191309,0.9783715,0.1691065,0.3711424,-0.2018536,0.9063711,moving,-3.434876,-6.963459,-2.659069,1.839462
05/15/2023 12:31:07.158818,312,True,True,True,True,Eyes,0.1347645,-0.02086612,-2.72774,-0.04394737,-0.12284,0.991453,0.0,0.0,0.0,0.0,0.0,0.0,0.0,-1.204847,0.4413863,2.239086,0.1564545,-0.0364729,-2.575689,0.09430851,0.2074085,-0.04423559,0.9726927,11.64318,23.79386,357.2533,0.04602645,-0.005434308,-0.9989223,-0.02184252,0.004043279,0.1081957,0.7450199,-0.3648983,-0.802798,-0.0851149,0.05885795,1.915,0.9100499,-0.0469345,-0.4118329,0.125176,0.9782982,0.1651167,0.3951458,-0.2018161,0.8961753,moving,-2.538044,-7.062895,-2.544917,1.760444
05/15/2023 12:31:07.178448,313,True,True,True,True,Eyes,0.1359271,-0.02132338,-2.720454,-0.02810979,-0.1246756,0.9917992,0.0,0.0,0.0,0.0,0.0,0.0,0.0,-1.261963,0.4302292,2.197184,0.1584361,-0.03437269,-2.564953,0.09455366,0.2201578,-0.04674582,0.9697449,11.76913,25.28576,357.1293,0.04635816,-0.005654883,-0.9989054,-0.02053197,0.003800682,0.101704,0.7974514,-0.3651045,-0.8094947,-0.08124441,0.05618155,1.915,0.8986908,-0.04902959,-0.4358337,0.1322965,0.9777489,0.1628029,0.4181538,-0.2039688,0.8851804,moving,-1.623455,-7.164869,-2.429333,1.68044
05/15/2023 12:31:07.188926,314,True,True,True,True,Eyes,0.1371425,-0.02164,-2.713026,-0.01192991,-0.1261793,0.9919357,0.0,0.0,0.0,0.0,0.0,0.0,0.0,-1.31671,0.4052276,2.156606,0.1605947,-0.03092611,-2.553847,0.0922771,0.2327507,-0.04924963,0.9668953,11.61711,26.7581,356.9403,0.04671245,-0.005872211,-0.9988872,0.0,0.0,0.0,0.8496806,-0.3671848,-0.8189661,-0.07708424,0.05330473,1.915,0.8868032,-0.05228336,-0.4591804,0.1381936,0.9781188,0.1555188,0.4410019,-0.2013704,0.8746241,moving,-0.6890571,-7.249384,-2.305075,1.594437
05/15/2023 12:31:07.214239,315,True,True,True,True,Eyes,0.1384133,-0.02194325,-2.705456,0.004555045,-0.127235,0.9918621,0.0,0.0,0.0,0.0,0.0,0.0,0.0,-1.367473,0.3706871,2.1181,0.1628725,-0.02792931,-2.542918,0.08790049,0.2447629,-0.05176479,0.9642019,11.23583,28.16075,356.6805,0.04708956,-0.006081581,-0.9988678,0.0,0.0,0.0,0.8999498,-0.3717449,-0.8295776,-0.0734024,0.0507585,1.915,0.874823,-0.05679387,-0.4811019,0.142853,0.9791878,0.1441674,0.4629014,-0.1948478,0.8647293,moving,0.2631243,-7.309921,-2.195086,1.518312
05/15/2023 12:31:07.228629,316,True,True,True,True,Eyes,0.1397216,-0.0221111,-2.697795,0.02109815,-0.1283858,0.9914999,0.0,0.0,0.0,0.0,0.0,0.0,0.0,-1.415213,0.3234614,2.081,0.1650789,-0.02802578,-2.531794,0.07966267,0.2566373,-0.05272757,0.9617749,10.38717,29.56026,356.4716,0.04748994,-0.006283456,-0.9988479,0.0,0.0,0.0,0.9500881,-0.3658766,-0.8395307,-0.06954306,0.0480901,1.915,0.8627142,-0.06053529,-0.5020554,0.1423129,0.9817473,0.1261714,0.4852538,-0.1802988,0.8555823,moving,1.219014,-7.377974,-2.079777,1.438528
05/15/2023 12:31:07.245904,317,True,True,True,True,Eyes,0.1411,-0.02209896,-2.689956,0.03761667,-0.1293647,0.9908834,0.0,0.0,0.0,0.0,0.0,0.0,0.0,-1.451235,0.316508,2.044998,0.1671386,-0.02491464,-2.521849,0.08061605,0.2656041,-0.05467201,0.9591489,10.58464,30.62119,356.3806,0.04791319,-0.00647368,-0.9988268,0.0,0.0,0.0,0.9982483,-0.3527551,-0.8487319,-0.06582201,0.04551679,1.915,0.8529309,-0.06205327,-0.5183226,0.1477011,0.981024,0.1256033,0.5006928,-0.1836878,0.845911,moving,2.174062,-7.438179,-1.968584,1.361581
05/15/2023 12:31:07.258367,318,True,True,True,True,Eyes,0.1425467,-0.0221244,-2.682021,0.05429474,-0.1296828,0.9900678,0.0,0.0,0.0,0.0,0.0,0.0,0.0,-1.485986,0.275674,2.011362,0.1705717,-0.02071418,-2.510021,0.07481275,0.2746714,-0.05691188,0.9569325,10.0464,31.68317,356.0504,0.04835883,-0.006646255,-0.9988045,0.0,0.0,0.0,1.047116,-0.3276108,-0.8569422,-0.06178743,0.04272683,1.915,0.8426334,-0.0678238,-0.5341994,0.1500195,0.9823282,0.1119174,0.5171685,-0.1744456,0.8379173,moving,3.138923,-7.462334,-1.848005,1.278152
05/15/2023 12:31:07.278784,319,True,True,True,True,Eyes,0.1438431,-0.02223436,-2.673939,0.07222027,-0.1323546,0.9885679,0.0,0.0,0.0,0.0,0.0,0.0,0.0,-1.521983,0.2287309,1.97748,0.1734819,-0.02178563,-2.499721,0.06609984,0.2843001,-0.05802136,0.9546926,9.160522,32.82545,355.7478,0.0488301,-0.006805318,-0.9987808,0.0,0.0,0.0,1.08259,-0.3339,-0.8669671,-0.05777192,0.03994982,1.915,0.831614,-0.07320074,-0.5505089,0.1483695,0.9845287,0.09321909,0.535168,-0.159201,0.8296086,moving,4.178346,-7.625708,-1.727981,1.195104
05/15/2023 12:31:07.288525,320,True,True,True,True,Eyes,0.1452338,-0.0222454,-2.665772,0.08994401,-0.135577,0.9866757,0.0,0.0,0.0,0.0,0.0,0.0,0.0,-1.552368,0.26003,1.938685,0.1753701,-0.02372505,-2.490912,0.07431508,0.2919579,-0.06037481,0.9516264,10.17726,33.74071,355.8333,0.04931803,-0.0069549,-0.9987561,0.0,0.0,0.0,1.121189,-0.3145745,-0.8724986,-0.05381125,0.03721094,1.915,0.822231,-0.07151479,-0.5646431,0.1583023,0.9816642,0.1061866,0.5466961,-0.1766942,0.8184758,moving,5.208609,-7.823896,-1.609581,1.113191
05/15/2023 12:31:07.314595,321,True,True,True,True,Eyes,0.1468281,-0.02213159,-2.657616,0.1075773,-0.1387515,0.9844669,0.0,0.0,0.0,0.0,0.0,0.0,0.0,-1.580572,0.2830096,1.899458,0.1788694,-0.02120739,-2.480685,0.08188765,0.299208,-0.06271011,0.9485971,11.12111,34.61452,355.9108,0.04982609,-0.007092625,-0.9987302,0.0,0.0,0.0,1.161706,-0.288777,-0.8801271,-0.05023617,0.0347387,1.915,0.813084,-0.06997038,-0.577926,0.1679761,0.9787237,0.11783,0.5573853,-0.1928835,0.807538,moving,6.236237,-8.02247,-1.502694,1.039249
05/15/2023 12:31:07.330622,322,True,True,True,True,Eyes,0.1485232,-0.02196076,-2.649416,0.1251151,-0.1416834,0.9819735,0.0,0.0,0.0,0.0,0.0,0.0,0.0,-1.608672,0.2626309,1.86599,0.1826535,-0.01779844,-2.470838,0.07978139,0.3070012,-0.0638274,0.946209,10.9627,35.54906,355.8058,0.05035862,-0.007214578,-0.9987028,0.0,0.0,0.0,1.18922,-0.3272776,-0.8939239,-0.04640085,0.03208677,1.915,0.8033527,-0.07180213,-0.5911592,0.1697741,0.979122,0.1117896,0.5707902,-0.1901699,0.7987704,moving,7.261041,-8.210225,-1.388017,0.9599293
05/15/2023 12:31:07.345696,323,True,True,True,True,Eyes,0.1503373,-0.02173465,-2.641167,0.1427178,-0.1446089,0.9791424,0.0,0.0,0.0,0.0,0.0,0.0,0.0,-1.635867,0.244882,1.832596,0.1866224,-0.01628964,-2.461573,0.07764781,0.3146085,-0.06457078,0.9438342,10.78956,36.46677,355.7364,0.05091843,-0.007320447,-0.9986739,0.0,0.0,0.0,1.216615,-0.3588118,-0.9061993,-0.04254001,0.0294168,1.915,0.7937041,-0.07303091,-0.6039041,0.1707456,0.9796029,0.1059443,0.583849,-0.1872024,0.7899846,moving,8.292918,-8.401242,-1.272565,0.8800659
05/15/2023 12:31:07.362670,324,True,True,True,True,Eyes,0.1522699,-0.02145651,-2.632878,0.1602685,-0.1471976,0.9760363,0.0,0.0,0.0,0.0,0.0,0.0,0.0,-1.664529,0.2287485,1.796197,0.1910513,-0.01477133,-2.452058,0.07614034,0.3226604,-0.06579015,0.9411508,10.70631,37.43837,355.6399,0.05150893,-0.00740991,-0.9986432,0.0,0.0,0.0,1.2492,-0.3530252,-0.9153526,-0.03865594,0.02673109,1.915,0.783124,-0.07470194,-0.6173626,0.1729718,0.9797486,0.1008633,0.5973255,-0.1857748,0.7801859,moving,9.324947,-8.576238,-1.156408,0.799728
05/15/2023 12:31:07.379036,325,True,True,True,True,Eyes,0.1543043,-0.02116243,-2.624547,0.1779911,-0.1496512,0.972586,0.0,0.0,0.0,0.0,0.0,0.0,0.0,-1.692759,0.2039685,1.760268,0.1956703,-0.01330148,-2.442768,0.07251943,0.3308515,-0.06664546,0.938529,10.38273,38.42857,355.5037,0.05213107,-0.007482419,-0.9986105,0.0,0.0,0.0,1.281425,-0.3489377,-0.9254312,-0.03443909,0.02381518,1.915,0.7721913,-0.07711105,-0.6306936,0.1730837,0.9805986,0.09202366,0.6113613,-0.1802227,0.7705564,moving,10.37083,-8.747461,-1.030288,0.7125008
05/15/2023 12:31:07.388796,326,True,True,True,True,Eyes,0.1564491,-0.02089031,-2.616207,0.1955948,-0.1520703,0.9688227,0.0,0.0,0.0,0.0,0.0,0.0,0.0,-1.721077,0.1825609,1.722719,0.2003415,-0.01273724,-2.4337,0.06938148,0.3391957,-0.06738208,0.9357308,10.11103,39.44286,355.3952,0.05278644,-0.007539053,-0.9985758,0.0,0.0,0.0,1.314506,-0.3473762,-0.9368519,-0.03078139,0.02128559,1.915,0.7608119,-0.07903519,-0.644142,0.1731708,0.9812917,0.08413333,0.6254417,-0.1755562,0.7602649,moving,11.41397,-8.920592,-0.9208835,0.6368274
05/15/2023 12:31:07.408323,327,True,True,True,True,Eyes,0.1587308,-0.02064574,-2.607883,0.2131716,-0.1547654,0.9646789,0.0,0.0,0.0,0.0,0.0,0.0,0.0,-1.748015,0.1759753,1.684247,0.2049812,-0.01297972,-2.425082,0.06946707,0.3471026,-0.06831992,0.9327522,10.19618,40.41108,355.3828,0.05347637,-0.007582168,-0.9985389,0.0,0.0,0.0,1.348765,-0.3379853,-0.9483576,-0.02706885,0.01871848,1.915,0.7497044,-0.07922668,-0.6570134,0.1756755,0.9810135,0.08216306,0.6380294,-0.1770191,0.7493882,moving,12.46078,-9.114411,-0.8098316,0.5600291
05/15/2023 12:31:07.428962,328,True,True,True,True,Eyes,0.1611107,-0.0203987,-2.599585,0.2305512,-0.1576932,0.9601973,0.0,0.0,0.0,0.0,0.0,0.0,0.0,-1.775205,0.1739007,1.644031,0.2099367,-0.01330492,-2.416647,0.07077891,0.3551029,-0.06958177,0.9295433,10.4281,41.39443,355.3873,0.05420377,-0.007614139,-0.9984996,0.0,0.0,0.0,1.383194,-0.3313553,-0.9615027,-0.02319413,0.01603895,1.915,0.7381206,-0.07909095,-0.6700169,0.1796262,0.9802974,0.08216673,0.6503172,-0.1810015,0.7377845,moving,13.50159,-9.326431,-0.6939222,0.4798657
05/15/2023 12:31:07.445840,329,True,True,True,True,Eyes,0.1636884,-0.02016076,-2.591377,0.2492953,-0.1594153,0.9552165,0.0,0.0,0.0,0.0,0.0,0.0,0.0,-1.80061,0.1782047,1.604714,0.2145416,-0.0129241,-2.408914,0.07415979,0.3625975,-0.0717386,0.9262165,10.9178,42.31707,355.3787,0.05496816,-0.007635883,-0.9984577,0.0,0.0,0.0,1.414765,-0.3374495,-0.9763213,-0.01916814,0.01325484,1.915,0.7267533,-0.07911062,-0.6823277,0.1866712,0.9787078,0.08535155,0.6610473,-0.1894005,0.7260467,moving,14.62696,-9.474729,-0.5734814,0.3965714
05/15/2023 12:31:07.458536,330,True,True,True,True,Eyes,0.1663433,-0.01994545,-2.583212,0.2677739,-0.1612747,0.9498882,0.0,0.0,0.0,0.0,0.0,0.0,0.0,-1.826311,0.1748979,1.564016,0.219773,-0.01299655,-2.400766,0.07601109,0.3703911,-0.07427289,0.9227764,11.2624,43.27381,355.2762,0.05577506,-0.007648734,-0.9984129,0.0,0.0,0.0,1.445783,-0.3481947,-0.9925287,-0.01549351,0.0107139,1.915,0.7145879,-0.08076687,-0.6948674,0.1933822,0.9774117,0.08526245,0.6722853,-0.1953025,0.7140655,moving,15.74317,-9.63595,-0.4635475,0.3205508
05/15/2023 12:31:07.478744,331,True,True,True,True,Eyes,0.1690271,-0.01972241,-2.575004,0.2860034,-0.1633003,0.9442114,0.0,0.0,0.0,0.0,0.0,0.0,0.0,-1.849047,0.1736926,1.52649,0.2241881,-0.01327847,-2.393507,0.07783081,0.3775448,-0.0760083,0.9195787,11.56832,44.16164,355.2561,0.05662295,-0.007654381,-0.9983652,0.0,0.0,0.0,1.473605,-0.3669718,-1.010046,-0.01144886,0.007917047,1.915,0.7033654,-0.08102199,-0.7061959,0.1985605,0.9763302,0.08575003,0.6825328,-0.2005362,0.7028046,moving,16.85166,-9.812179,-0.3425398,0.2368725
05/15/2023 12:31:07.488362,332,True,True,True,True,Eyes,0.1718266,-0.01951603,-2.566826,0.3039803,-0.165181,0.938249,0.0,0.0,0.0,0.0,0.0,0.0,0.0,-1.869977,0.1765264,1.489341,0.2292648,-0.0130275,-2.386081,0.08094408,0.3841512,-0.07805793,0.9163969,12.02426,44.98679,355.2569,0.05751053,-0.007653221,-0.9983146,0.0,0.0,0.0,1.50276,-0.3812171,-1.027568,-0.007643521,0.005285807,1.915,0.6926697,-0.08087457,-0.7167063,0.2052536,0.97471,0.08838168,0.691433,-0.2083259,0.691752,moving,17.95164,-9.98474,-0.2286888,0.1581481
05/15/2023 12:31:07.508951,333,True,True,True,True,Eyes,0.1747132,-0.01933422,-2.558687,0.3216598,-0.1667946,0.9320486,0.0,0.0,0.0,0.0,0.0,0.0,0.0,-1.889922,0.1651856,1.45387,0.2347201,-0.01323381,-2.378563,0.07967561,0.3909325,-0.07837883,0.9136085,11.93877,45.83574,355.2557,0.05843861,-0.007646527,-0.9982609,0.0,0.0,0.0,1.529088,-0.394433,-1.044729,-0.003798127,0.002626725,1.915,0.6820571,-0.08091956,-0.7268081,0.2055107,0.9750171,0.08430296,0.7018287,-0.2068663,0.6816472,moving,19.04009,-10.14596,-0.1136378,0.07859015
05/15/2023 12:31:07.528798,334,True,True,True,True,Eyes,0.1777162,-0.01914114,-2.550584,0.3389748,-0.1684015,0.9256009,0.0,0.0,0.0,0.0,0.0,0.0,0.0,-1.906619,0.1583182,1.422119,0.2398339,-0.01392277,-2.371702,0.07929361,0.3967077,-0.07885848,0.9111075,11.94997,46.56181,355.2635,0.0594067,-0.007635765,-0.9982039,0.0,0.0,0.0,1.553414,-0.4120465,-1.061453,9.906292e-05,-6.869435e-05,1.915,0.6728087,-0.08078433,-0.7353926,0.2066099,0.9749877,0.08192246,0.7103808,-0.2070575,0.6726711,moving,20.11381,-10.31146,0.002963909,-0.002055298
05/15/2023 12:31:07.563036,335,True,True,True,True,Eyes,0.1808622,-0.01902603,-2.542543,0.3559359,-0.1694664,0.9190162,0.0,0.0,0.0,0.0,0.0,0.0,0.0,-1.92213,0.1471788,1.390879,0.2455321,-0.01345049,-2.364386,0.07910137,0.402168,-0.08098546,0.9085402,12.05632,47.23568,355.1,0.06041672,-0.007620852,-0.9981434,0.0,0.0,0.0,1.580863,-0.4123766,-1.076321,0.003964603,-0.002741516,1.915,0.6634045,-0.08353302,-0.7435838,0.2107812,0.9743687,0.07859401,0.7179596,-0.2088731,0.6640077,moving,21.17144,-10.44796,0.1186186,-0.08202463
05/15/2023 12:31:07.578410,336,True,True,True,True,Eyes,0.1841141,-0.01896009,-2.534558,0.3725811,-0.1704661,0.9122087,0.0,0.0,0.0,0.0,0.0,0.0,0.0,-1.934141,0.1246739,1.364349,0.2511166,-0.01497823,-2.356822,0.07424884,0.407079,-0.08091691,0.906767,11.56807,47.8417,354.9466,0.06147097,-0.0076052,-0.9980792,0.0,0.0,0.0,1.6043,-0.4162605,-1.089645,0.007712305,-0.005332932,1.915,0.6554783,-0.08629526,-0.7502676,0.2071958,0.9758791,0.06877365,0.7262356,-0.2005319,0.6575475,moving,22.21699,-10.58488,0.2307468,-0.159558
05/15/2023 12:31:07.588157,337,True,True,True,True,Eyes,0.2683996,-0.01793724,-2.336104,0.741584,-0.1773452,0.6469945,0.0,0.0,0.0,0.0,0.0,0.0,0.0,-1.948417,0.1251407,1.333041,0.2564897,-0.01564345,-2.350096,0.07547161,0.4122988,-0.08116258,0.9042824,11.73712,48.51077,355.0458,0.06256875,-0.007590801,-0.9980111,0.0,0.0,0.0,1.626648,-0.422547,-1.102404,0.01202214,-0.008313373,1.915,0.6468447,-0.08455407,-0.7579199,0.2090215,0.9754333,0.06956881,0.733418,-0.2034217,0.6486275,moving,48.89695,-15.32863,0.3596912,-0.2487301
05/15/2023 12:31:07.608382,338,True,True,True,True,Eyes,0.2686571,-0.01797535,-2.335841,0.7419763,-0.1771535,0.6465971,0.0,0.0,0.0,0.0,0.0,0.0,0.0,-1.962349,0.1223326,1.301586,0.2626461,-0.01619743,-2.343215,0.07555303,0.4175254,-0.08074228,0.9019119,11.75389,49.18383,355.1629,0.06924372,-0.007601751,-0.9975702,0.2528566,0.003068537,0.5953639,1.649731,-0.4106959,-1.109881,0.01537079,-0.01062889,1.915,0.6383064,-0.08255424,-0.7653429,0.2087355,0.9755449,0.06886045,0.7409416,-0.2037083,0.6399285,moving,48.92939,-15.32181,0.4598758,-0.3180073
05/15/2023 12:31:07.628585,339,True,True,True,True,Eyes,0.2691623,-0.01806321,-2.335323,0.7426372,-0.1769261,0.6459003,0.0,0.0,0.0,0.0,0.0,0.0,0.0,-1.97543,0.1171614,1.271259,0.2689635,-0.0171683,-2.33656,0.07461952,0.4225814,-0.07986518,0.8997102,11.64054,49.83588,355.277,0.07475832,-0.007610962,-0.9971721,0.2376852,0.002884424,0.559642,1.672627,-0.4227881,-1.126655,0.02317554,-0.01602611,1.915,0.630093,-0.08064542,-0.7723206,0.2067767,0.976107,0.06677281,0.7484826,-0.201771,0.6317137,moving,48.98525,-15.3188,0.6933658,-0.4794814
05/15/2023 12:31:07.646020,340,True,True,True,True,Eyes,0.2699374,-0.01820181,-2.334581,0.7436016,-0.1766311,0.6448706,0.0,0.0,0.0,0.0,0.0,0.0,0.0,-1.987565,0.1126668,1.2415,0.2753361,-0.01845855,-2.329867,0.07397883,0.4273905,-0.07938958,0.897531,11.5754,50.45545,355.3586,0.07934409,-0.007621333,-0.9968176,0.2234241,0.002711359,0.5260635,1.694904,-0.4267691,-1.139732,0.02703595,-0.01869562,1.915,0.6220691,-0.0792735,-0.7789388,0.2057449,0.9764488,0.06493587,0.7554463,-0.2006573,0.6237289,moving,49.06733,-15.31773,0.8088475,-0.5593453
05/15/2023 12:31:07.658312,341,True,True,True,True,Eyes,0.2709694,-0.01837191,-2.333601,0.7447829,-0.1762516,0.64361,0.0,0.0,0.0,0.0,0.0,0.0,0.0,-1.998867,0.1095223,1.212343,0.2821351,-0.0197711,-2.323198,0.07370119,0.4318984,-0.07900382,0.8954275,11.55049,51.03852,355.4442,0.08318864,-0.007635351,-0.996504,0.2100186,0.002548677,0.4944997,1.717298,-0.4268141,-1.152017,0.03077465,-0.02128105,1.915,0.6144443,-0.07782152,-0.7851127,0.2051472,0.976653,0.06374489,0.761822,-0.2002314,0.6160638,moving,49.1678,-15.31489,0.9206818,-0.6366913
05/15/2023 12:31:07.678672,342,True,True,True,True,Eyes,0.2722787,-0.01860775,-2.332412,0.7462662,-0.1756885,0.6420438,0.0,0.0,0.0,0.0,0.0,0.0,0.0,-2.008943,0.1028455,1.184748,0.2892702,-0.02071896,-2.316452,0.07241417,0.4361117,-0.07838829,0.8935423,11.40731,51.58151,355.4991,0.08644351,-0.007654332,-0.9962268,0.1974175,0.002395757,0.4648297,1.738657,-0.4288872,-1.164001,0.03468513,-0.02398523,1.915,0.6073238,-0.07692519,-0.7907214,0.2032479,0.9772229,0.06103816,0.7680157,-0.1977824,0.6091256,moving,49.29323,-15.30375,1.037647,-0.7175878
05/15/2023 12:31:07.688501,343,True,True,True,True,Eyes,0.2738346,-0.018913,-2.331019,0.7479171,-0.1751494,0.6402677,0.0,0.0,0.0,0.0,0.0,0.0,0.0,-2.019175,0.094091,1.156594,0.2968063,-0.02253683,-2.309767,0.06979477,0.4404943,-0.07691219,0.8917276,11.08322,52.14743,355.577,0.08939727,-0.007681586,-0.9959658,0.1855725,0.002252011,0.4369399,1.75928,-0.4323093,-1.175467,0.03862935,-0.02671257,1.915,0.6000985,-0.07568103,-0.7963381,0.1986578,0.9784264,0.05671708,0.7748659,-0.1922346,0.6021868,moving,49.43423,-15.29933,1.155613,-0.7991742
05/15/2023 12:31:07.708212,344,True,True,True,True,Eyes,0.2756425,-0.01925691,-2.329398,0.7498741,-0.1747472,0.6380849,0.0,0.0,0.0,0.0,0.0,0.0,0.0,-2.028717,0.09547135,1.128745,0.3042392,-0.02448516,-2.303413,0.07005879,0.4444354,-0.07599261,0.8898282,11.08285,52.66689,355.7359,0.09212752,-0.007719484,-0.9957167,0.1744381,0.00211689,0.4107235,1.779847,-0.4314435,-1.185357,0.04247659,-0.02937283,1.915,0.5934047,-0.07296751,-0.8015901,0.197514,0.9786338,0.05713298,0.7802943,-0.1922282,0.5951379,moving,49.60479,-15.31561,1.270669,-0.8787508
05/15/2023 12:31:07.728897,345,True,True,True,True,Eyes,0.2777193,-0.01965007,-2.327577,0.7519987,-0.1741578,0.6357414,0.0,0.0,0.0,0.0,0.0,0.0,0.0,-2.037654,0.09607905,1.100981,0.3124205,-0.02579661,-2.29677,0.07034916,0.4481889,-0.07515448,0.8879918,11.08738,53.16262,355.8853,0.09466856,-0.007768701,-0.9954779,0.1639718,0.001989877,0.3860801,1.802249,-0.4257423,-1.195539,0.04662669,-0.03224301,1.915,0.586957,-0.0704137,-0.8065503,0.1965326,0.9788056,0.05757216,0.7854021,-0.1923058,0.5883554,moving,49.78875,-15.32001,1.39477,-0.9646025
05/15/2023 12:31:07.745557,346,True,True,True,True,Eyes,0.2800407,-0.02011145,-2.325563,0.7542973,-0.1740562,0.6330403,0.0,0.0,0.0,0.0,0.0,0.0,0.0,-2.046332,0.08948446,1.073734,0.3208736,-0.02743937,-2.290125,0.06808665,0.4520793,-0.07352191,0.8863313,10.78768,53.66914,355.9857,0.09705132,-0.007830284,-0.995248,0.1541335,0.001870484,0.3629153,1.821439,-0.4302423,-1.205952,0.05020678,-0.03471851,1.915,0.5804378,-0.0687684,-0.8113956,0.1918907,0.9799174,0.05421922,0.7913722,-0.1871701,0.5819771,moving,49.99511,-15.37374,1.501816,-1.038645
05/15/2023 12:31:07.758617,347,True,True,True,True,Eyes,0.2826251,-0.02062343,-2.323379,0.7566723,-0.1740143,0.6302112,0.0,0.0,0.0,0.0,0.0,0.0,0.0,-2.053792,0.09018353,1.048392,0.3293245,-0.02955085,-2.283854,0.06810633,0.4552613,-0.07272045,0.8847657,10.76201,54.09003,356.1088,0.09930319,-0.007905991,-0.9950253,0.1448855,0.001758255,0.3411404,1.840883,-0.4345154,-1.215887,0.05413473,-0.0374348,1.915,0.5748978,-0.06666876,-0.8155046,0.1906935,0.9801465,0.05430268,0.7956937,-0.1867299,0.5761974,moving,50.21003,-15.43593,1.619251,-1.119887
05/15/2023 12:31:07.768746,348,True,True,True,True,Eyes,0.2854678,-0.02118419,-2.321007,0.7592474,-0.1742855,0.6270311,0.0,0.0,0.0,0.0,0.0,0.0,0.0,-2.061437,0.08933395,1.022238,0.3381715,-0.03126343,-2.277529,0.06860379,0.4584898,-0.07296941,0.8830381,10.84023,54.51284,356.1491,0.1014499,-0.007996676,-0.994808,0.1361924,0.00165276,0.320672,1.862299,-0.4291261,-1.224835,0.05795312,-0.04007538,1.915,0.5689252,-0.06596126,-0.8197397,0.1917778,0.979938,0.05424807,0.7997158,-0.188071,0.5701613,moving,50.4481,-15.53345,1.733398,-1.198859
05/15/2023 12:31:07.788424,349,True,True,True,True,Eyes,0.2885762,-0.02178319,-2.318489,0.761916,-0.1745173,0.6237209,0.0,0.0,0.0,0.0,0.0,0.0,0.0,-2.069559,0.08503549,0.9948637,0.3475014,-0.03302765,-2.271169,0.06789005,0.462027,-0.07277374,0.8812639,10.77222,54.97328,356.1751,0.1035135,-0.008103007,-0.9945945,0.1280208,0.001553594,0.3014317,1.880519,-0.43325,-1.233275,0.06194001,-0.04283232,1.915,0.5624703,-0.06553168,-0.8242165,0.1909998,0.9801899,0.05241124,0.804454,-0.186905,0.5638441,moving,50.6955,-15.63163,1.852566,-1.281307
05/15/2023 12:31:07.808599,350,True,True,True,True,Eyes,0.291956,-0.02242123,-2.315813,0.7648204,-0.1749361,0.620038,0.0,0.0,0.0,0.0,0.0,0.0,0.0,-2.077736,0.08395992,0.9670041,0.3569274,-0.03454673,-2.26507,0.06770504,0.4655969,-0.07203083,0.8794586,10.7289,55.44576,356.2856,0.1055146,-0.008225143,-0.9943833,0.1203396,0.001460379,0.2833458,1.898347,-0.4403659,-1.242097,0.06582391,-0.04551794,1.915,0.5560623,-0.06364975,-0.8286998,0.1897427,0.9804552,0.05201286,0.8091925,-0.1861622,0.5572712,moving,50.96841,-15.75576,1.968642,-1.361616
05/15/2023 12:31:07.828632,351,True,True,True,True,Eyes,0.2955989,-0.02309788,-2.313014,0.7678534,-0.1752293,0.6161946,0.0,0.0,0.0,0.0,0.0,0.0,0.0,-2.086907,0.08335847,0.9360671,0.3669383,-0.03613627,-2.25885,0.06712444,0.469723,-0.07051089,0.8774297,10.60488,55.99526,356.4608,0.1074726,-0.008363309,-0.9941724,0.1131192,0.001372756,0.266345,1.918066,-0.4428247,-1.251454,0.06978446,-0.04825684,1.915,0.548777,-0.06067691,-0.8337638,0.1867965,0.981045,0.05155276,0.8148319,-0.1840352,0.5497091,moving,51.25331,-15.87434,2.08699,-1.443513
05/15/2023 12:31:07.845638,352,True,True,True,True,Eyes,0.2994886,-0.02380841,-2.310078,0.7711105,-0.1757938,0.611952,0.0,0.0,0.0,0.0,0.0,0.0,0.0,-2.096225,0.08445448,0.9046596,0.3768196,-0.03775439,-2.253061,0.06652433,0.4739859,-0.06841222,0.8753467,10.44646,56.56738,356.6944,0.1094031,-0.008517612,-0.9939605,0.106332,0.001290391,0.2503643,1.93764,-0.4453529,-1.261209,0.07322329,-0.05063459,1.915,0.5413143,-0.05670565,-0.8389061,0.182832,0.9817886,0.05161083,0.8207018,-0.1813165,0.5418237,moving,51.56454,-16.02762,2.189735,-1.514607
05/15/2023 12:31:07.858487,353,True,True,True,True,Eyes,0.4029457,-0.04178199,-2.234258,0.8478376,-0.1892279,0.4953426,0.0,0.0,0.0,0.0,0.0,0.0,0.0,-2.106278,0.08892544,0.8704077,0.3869326,-0.03926989,-2.247369,0.06787637,0.4785565,-0.06749645,0.8728234,10.54979,57.18602,356.9178,0.1113209,-0.008688025,-0.9937461,0.09995212,0.001212967,0.2353425,1.959697,-0.4455532,-1.273196,0.07710868,-0.05332162,1.915,0.5328557,-0.0528596,-0.8445535,0.1827903,0.9816741,0.05388645,0.8262279,-0.1830899,0.5327529,moving,59.70473,-20.90757,2.305805,-1.594942
05/15/2023 12:31:07.878615,354,True,True,True,True,Eyes,0.403358,-0.04178885,-2.234032,0.8480816,-0.1891669,0.4949479,0.0,0.0,0.0,0.0,0.0,0.0,0.0,-2.116199,0.0906171,0.836012,0.3969565,-0.04016678,-2.241927,0.0689073,0.4832282,-0.0669239,0.8702089,10.63819,57.81604,357.0909,0.119574,-0.009865677,-0.9927759,0.4043263,-0.05278056,0.4486825,1.982092,-0.4446027,-1.28636,0.08105642,-0.0560515,1.915,0.5240233,-0.04987964,-0.8502421,0.1830715,0.981546,0.05524844,0.8317959,-0.1846065,0.5234845,moving,59.73179,-20.91663,2.423718,-1.676552
05/15/2023 12:31:07.888754,355,True,True,True,True,Eyes,0.4041655,-0.04177875,-2.233607,0.8485171,-0.1891039,0.4942252,0.0,0.0,0.0,0.0,0.0,0.0,0.0,-2.125684,0.08521275,0.8018602,0.4072951,-0.04034893,-2.236349,0.06838174,0.4879667,-0.06665397,0.867623,10.58587,58.444,357.1471,0.1263696,-0.01084384,-0.9919235,0.3800667,-0.04961373,0.4217616,2.003695,-0.4520578,-1.302073,0.08496761,-0.05875614,1.915,0.5148916,-0.04892501,-0.855858,0.1823971,0.9817623,0.0536093,0.8376263,-0.183709,0.5144249,moving,59.78101,-20.9382,2.540519,-1.757401
05/15/2023 12:31:07.914175,356,True,True,True,True,Eyes,0.4041655,-0.04177875,-2.233607,0.8485171,-0.1891039,0.4942252,0.0,0.0,0.0,0.0,0.0,0.0,0.0,-2.134341,0.07848635,0.769545,0.4175096,-0.0399328,-2.231112,0.06801749,0.4923559,-0.06690934,0.8651489,10.57817,59.02492,357.1547,0.1320044,-0.01165848,-0.9911801,0.3572627,-0.04663691,0.3964559,2.025155,-0.4584227,-1.318387,0.08884418,-0.06143664,1.915,0.5062176,-0.04879545,-0.8610242,0.1827507,0.9817935,0.0518041,0.8428202,-0.1835769,0.5059186,moving,59.78101,-20.9382,2.656265,-1.837521
05/15/2023 12:31:07.928782,357,True,True,True,True,Eyes,0.4041655,-0.04177875,-2.233607,0.8485171,-0.1891039,0.4942252,0.0,0.0,0.0,0.0,0.0,0.0,0.0,-2.142405,0.07260833,0.7375563,0.4281775,-0.03829546,-2.225838,0.06796796,0.4965694,-0.066838,0.8627468,10.58288,59.58837,357.2112,0.1366626,-0.01233951,-0.9905403,0.3358269,-0.04383869,0.3726686,2.047414,-0.4596698,-1.334059,0.09276712,-0.06414937,1.915,0.497903,-0.04782692,-0.8659129,0.1828302,0.9818261,0.05089885,0.8477415,-0.1836577,0.4975984,moving,59.78101,-20.9382,2.773375,-1.918597
05/15/2023 12:31:07.945715,358,True,True,True,True,Eyes,0.4041655,-0.04177875,-2.233607,0.8485171,-0.1891039,0.4942252,0.0,0.0,0.0,0.0,0.0,0.0,0.0,-2.150168,0.06506822,0.7057644,0.4387546,-0.0364418,-2.220749,0.06669834,0.5008857,-0.06588178,0.8604212,10.41495,60.16348,357.2869,0.1408111,-0.01294698,-0.9899514,0.3156773,-0.04120837,0.3503084,2.068225,-0.4618223,-1.348965,0.09665793,-0.06684025,1.915,0.4895464,-0.04655568,-0.8707337,0.1801887,0.9824219,0.04877885,0.8531569,-0.1807758,0.4893298,moving,59.78101,-20.9382,2.889502,-1.999013
05/15/2023 12:31:07.958733,359,True,True,True,True,Eyes,0.4041655,-0.04177875,-2.233607,0.8485171,-0.1891039,0.4942252,0.0,0.0,0.0,0.0,0.0,0.0,0.0,-2.157522,0.05962905,0.6735095,0.4490427,-0.03475048,-2.215677,0.06633998,0.5052076,-0.06534416,0.8579596,10.36153,60.74495,357.3725,0.1445424,-0.01349349,-0.9894061,0.2967367,-0.03873587,0.3292899,2.088934,-0.4630373,-1.363495,0.1004954,-0.06949399,1.915,0.480991,-0.04509436,-0.8755651,0.1791562,0.9826583,0.04780932,0.8582255,-0.1798588,0.4807287,moving,59.78101,-20.9382,3.004013,-2.078311
05/15/2023 12:31:07.978503,360,True,True,True,True,Eyes,0.4070578,-0.04139155,-2.23223,0.8496598,-0.1895372,0.4920914,0.0,0.0,0.0,0.0,0.0,0.0,0.0,-2.16424,0.05650911,0.6420218,0.4592972,-0.03324273,-2.210715,0.06627236,0.5093198,-0.0644744,0.855596,10.31623,61.30383,357.5055,0.147899,-0.0139852,-0.9889031,0.2789325,-0.03641171,0.3095326,2.110654,-0.4584204,-1.378118,0.1044105,-0.07220122,1.915,0.4728727,-0.04282043,-0.8800898,0.1778357,0.982902,0.04772854,0.8629982,-0.1790809,0.4724026,moving,59.92217,-21.06502,3.120815,-2.159199
05/15/2023 12:31:07.988276,361,True,True,True,True,Eyes,0.410265,-0.04092571,-2.23071,0.8510256,-0.1897334,0.4896495,0.0,0.0,0.0,0.0,0.0,0.0,0.0,-2.170622,0.04904074,0.6105514,0.4696357,-0.03043912,-2.205741,0.06573676,0.5134886,-0.06410874,0.8531694,10.25372,61.86522,357.5607,0.1510532,-0.01441129,-0.9884201,0.2621965,-0.03422701,0.2909606,2.13117,-0.4575581,-1.393363,0.1081653,-0.07479765,1.915,0.464439,-0.04188107,-0.8846142,0.1769014,0.9831375,0.04633097,0.867757,-0.1780074,0.4640162,moving,60.08543,-21.18076,3.232814,-2.236769
05/15/2023 12:31:08.008352,362,True,True,True,True,Eyes,0.413739,-0.04041911,-2.229049,0.8524261,-0.1903547,0.4869649,0.0,0.0,0.0,0.0,0.0,0.0,0.0,-2.178002,0.03423081,0.5742399,0.4803119,-0.02814113,-2.20071,0.06264786,0.5187556,-0.0634488,0.8502601,9.925225,62.55913,357.504,0.1540397,-0.01477488,-0.9879537,0.2464647,-0.03217339,0.273503,2.151158,-0.4571674,-1.408411,0.112088,-0.07751043,1.915,0.4537338,-0.04289813,-0.8901042,0.1728938,0.984099,0.0407051,0.8742045,-0.1723628,0.4539358,moving,60.26199,-21.35054,3.349792,-2.317806
05/15/2023 12:31:08.028630,363,True,True,True,True,Eyes,0.4174656,-0.03989323,-2.227264,0.8539637,-0.1911706,0.4839421,0.0,0.0,0.0,0.0,0.0,0.0,0.0,-2.185034,0.0245801,0.5363982,0.4902352,-0.02664419,-2.195828,0.06119246,0.5242264,-0.0631488,0.8470268,9.780369,63.29379,357.5096,0.1568885,-0.01508054,-0.9875007,0.2316769,-0.03024299,0.2570928,2.171101,-0.4550979,-1.423549,0.1160741,-0.08026677,1.915,0.4423978,-0.04282003,-0.8957962,0.1711348,0.9845354,0.03745479,0.8803393,-0.1698719,0.4428842,moving,60.45973,-21.5554,3.468634,-2.400135
05/15/2023 12:31:08.045536,364,True,True,True,True,Eyes,0.4174656,-0.03989323,-2.227264,0.8539637,-0.1911706,0.4839421,0.0,0.0,0.0,0.0,0.0,0.0,0.0,-2.191327,0.02252775,0.4985858,0.4999513,-0.02560169,-2.190982,0.06347547,0.5293429,-0.06439865,0.8435756,10.09441,64.00333,357.5871,0.159625,-0.01533322,-0.9870581,0.2177763,-0.02842841,0.2416672,2.194479,-0.4449486,-1.441516,0.1198936,-0.0829079,1.915,0.4312978,-0.04144967,-0.901257,0.1758508,0.9836473,0.03891478,0.8849061,-0.1752706,0.4315339,moving,60.45973,-21.5554,3.582478,-2.479012
05/15/2023 12:31:08.058409,365,True,True,True,True,Eyes,0.4174656,-0.03989323,-2.227264,0.8539637,-0.1911706,0.4839421,0.0,0.0,0.0,0.0,0.0,0.0,0.0,-2.19629,0.01977886,0.4631889,0.5095419,-0.0241365,-2.185957,0.06591239,0.5339709,-0.0658849,0.840351,10.43619,64.65018,357.649,0.1620869,-0.01556055,-0.9866532,0.2047097,-0.0267227,0.2271672,2.216139,-0.4413927,-1.461629,0.1236032,-0.08547301,1.915,0.4210685,-0.04034231,-0.9061313,0.1811235,0.9826295,0.04041784,0.8887607,-0.1811403,0.4210612,moving,60.45973,-21.5554,3.693017,-2.55561
05/15/2023 12:31:08.078597,366,True,True,True,True,Eyes,0.4221997,-0.03923092,-2.224939,0.8558033,-0.1929471,0.4799709,0.0,0.0,0.0,0.0,0.0,0.0,0.0,-2.200787,0.01443074,0.4281855,0.5191901,-0.02253318,-2.181043,0.06790869,0.5385516,-0.06763734,0.8371237,10.75141,65.28912,357.6609,0.1643016,-0.01576504,-0.9862835,0.1924271,-0.02511934,0.2135372,2.234061,-0.4533226,-1.483022,0.1275929,-0.0882317,1.915,0.4107748,-0.04009696,-0.9108547,0.1863863,0.9816272,0.04084354,0.8924821,-0.1865483,0.4107012,moving,60.71444,-21.9,3.811876,-2.63798
05/15/2023 12:31:08.088476,367,True,True,True,True,Eyes,0.4271486,-0.03849563,-2.222508,0.8577771,-0.1946257,0.4757513,0.0,0.0,0.0,0.0,0.0,0.0,0.0,-2.204779,0.009691074,0.3929628,0.5290089,-0.02119875,-2.176066,0.06931718,0.5431547,-0.06865001,0.8339456,10.9638,65.93333,357.7116,0.1665155,-0.01592097,-0.9859098,0.1808815,-0.02361218,0.2007249,2.250451,-0.4657584,-1.502559,0.1316095,-0.09100974,1.915,0.4005401,-0.03920085,-0.9154403,0.1898007,0.9809645,0.04103833,0.8964058,-0.1901887,0.400356,moving,60.98581,-22.24904,3.931504,-2.720916
05/15/2023 12:31:08.108914,368,True,True,True,True,Eyes,0.4271486,-0.03849563,-2.222508,0.8577771,-0.1946257,0.4757513,0.0,0.0,0.0,0.0,0.0,0.0,0.0,-2.208345,0.0009359121,0.357066,0.5389977,-0.01899694,-2.171038,0.06862733,0.5480483,-0.06861251,0.8307981,10.90825,66.6067,357.7364,0.1687387,-0.01602993,-0.9855299,0.1700286,-0.02219545,0.1886815,2.266486,-0.4771776,-1.521789,0.1354905,-0.09369307,1.915,0.3898707,-0.0387841,-0.9200525,0.1892285,0.9811653,0.03882498,0.9012178,-0.1892369,0.3898667,moving,60.98581,-22.24904,4.047059,-2.801013
05/15/2023 12:31:08.128470,369,True,True,True,True,Eyes,0.4271486,-0.03849563,-2.222508,0.8577771,-0.1946257,0.4757513,0.0,0.0,0.0,0.0,0.0,0.0,0.0,-2.210992,-0.01162035,0.3217423,0.5492111,-0.01716872,-2.16569,0.06510636,0.5529636,-0.06730767,0.8279265,10.50049,67.26579,357.7007,0.1707387,-0.01612793,-0.9851838,0.1598269,-0.02086372,0.1773606,2.283091,-0.4852387,-1.540693,0.1391245,-0.09620611,1.915,0.379402,-0.03944872,-0.9243905,0.1834545,0.9824617,0.03336918,0.9068619,-0.1822439,0.3799851,moving,60.98581,-22.24904,4.15523,-2.876017
05/15/2023 12:31:08.148327,370,True,True,True,True,Eyes,0.4331131,-0.03763339,-2.219484,0.8605174,-0.1957834,0.4702963,0.0,0.0,0.0,0.0,0.0,0.0,0.0,-2.212962,-0.02848333,0.2870656,0.5592909,-0.01572265,-2.160409,0.06156305,0.5577512,-0.06750552,0.8249646,10.18792,67.90283,357.5132,0.1725382,-0.01621607,-0.9848688,0.1502372,-0.0196119,0.1667189,2.301864,-0.4839391,-1.559828,0.1429774,-0.09887047,1.915,0.3687133,-0.04270561,-0.9285617,0.1800531,0.983306,0.02627212,0.9119383,-0.1768773,0.3702472,moving,61.34219,-22.60187,4.269885,-2.955527
05/15/2023 12:31:08.158508,371,True,True,True,True,Eyes,0.439232,-0.03677421,-2.216378,0.8632923,-0.19693,0.4646989,0.0,0.0,0.0,0.0,0.0,0.0,0.0,-2.214173,-0.04309054,0.2516589,0.5695528,-0.01528664,-2.154791,0.05801429,0.5625356,-0.06738928,0.8219774,9.857049,68.54467,357.3522,0.1744373,-0.0162587,-0.9845335,0.141223,-0.01843518,0.1567158,2.322942,-0.4717381,-1.577169,0.1468664,-0.1015597,1.915,0.3580248,-0.04551472,-0.9326022,0.1760551,0.984186,0.01955514,0.916964,-0.1711906,0.3603761,moving,61.70701,-22.96625,4.385579,-3.035768
05/15/2023 12:31:08.178856,372,True,True,True,True,Eyes,0.4455073,-0.03594481,-2.213178,0.8661469,-0.1983812,0.4587314,0.0,0.0,0.0,0.0,0.0,0.0,0.0,-2.215022,-0.04858828,0.2192893,0.5792993,-0.01449202,-2.149644,0.058105,0.5665901,-0.06775144,0.8191517,9.902272,69.11398,357.3728,0.1764335,-0.01626046,-0.9841777,0.1327496,-0.01732907,0.1473128,2.342568,-0.4636856,-1.594498,0.1511653,-0.1045325,1.915,0.3487709,-0.04515398,-0.9361198,0.1768408,0.9840671,0.01841903,0.920373,-0.1719682,0.351199,moving,62.09328,-23.38636,4.513426,-3.124455
05/15/2023 12:31:08.188371,373,True,True,True,True,Eyes,0.4519096,-0.03515266,-2.209919,0.8689778,-0.1999886,0.452639,0.0,0.0,0.0,0.0,0.0,0.0,0.0,-2.215602,-0.04868767,0.1858475,0.5893569,-0.01428263,-2.144355,0.05967953,0.5706362,-0.06790205,0.816212,10.07383,69.69762,357.5124,0.1785252,-0.01622673,-0.9838011,0.1247847,-0.01628933,0.1384741,2.362087,-0.4554299,-1.61102,0.1546824,-0.1069644,1.915,0.3395276,-0.04273435,-0.9396247,0.1789555,0.9836553,0.01992758,0.9234152,-0.174917,0.3416257,moving,62.48559,-23.83718,4.61799,-3.196995
05/15/2023 12:31:08.208648,374,True,True,True,True,Eyes,0.6149415,-0.01614511,-2.127123,0.9242316,-0.250995,0.2877455,0.0,0.0,0.0,0.0,0.0,0.0,0.0,-2.216,-0.04322417,0.1550311,0.5987427,-0.01431127,-2.139594,0.06290934,0.5741917,-0.06791269,0.8134704,10.38954,70.23043,357.7716,0.1807086,-0.01616266,-0.9834034,0.1172976,-0.01531197,0.1301656,2.377721,-0.4588569,-1.627532,0.1585422,-0.1096336,1.915001,0.3313835,-0.03824589,-0.9427207,0.182734,0.9828606,0.02435998,0.9256313,-0.1803396,0.3326926,moving,72.70681,-41.09758,4.732702,-3.276601
05/15/2023 12:31:08.228502,375,True,True,True,True,Eyes,0.6153268,-0.01613709,-2.12694,0.9242689,-0.251204,0.2874432,0.0,0.0,0.0,0.0,0.0,0.0,0.0,-2.215815,-0.0362819,0.1262103,0.6080282,-0.01412909,-2.134757,0.06827836,0.5772283,-0.06914242,0.8107805,10.98427,70.7104,358.0564,0.1953596,-0.01498622,-0.9806169,0.5993554,0.04262941,0.3707418,2.392728,-0.4666141,-1.644921,0.1623434,-0.1122625,1.915,0.3240537,-0.03329424,-0.9454526,0.190943,0.9811147,0.03089563,0.926569,-0.1905394,0.3242912,moving,72.72456,-41.15104,4.845642,-3.354993
05/15/2023 12:31:08.245634,376,True,True,True,True,Eyes,0.616069,-0.01614542,-2.12659,0.9243547,-0.2516851,0.2867454,0.0,0.0,0.0,0.0,0.0,0.0,0.0,-2.21544,-0.03105571,0.09956515,0.6176197,-0.01385634,-2.130119,0.07158874,0.5799497,-0.0691598,0.8085484,11.30223,71.13512,358.3169,0.2071753,-0.01400696,-0.9782033,0.5633941,0.04007164,0.3484973,2.405365,-0.4788523,-1.6618,0.1660257,-0.1148088,1.914999,0.3177507,-0.02880235,-0.9477367,0.1948738,0.9801839,0.0355475,0.9279326,-0.1959843,0.3170669,moving,72.76551,-41.27439,4.955012,-3.430913
05/15/2023 12:31:08.258776,377,True,True,True,True,Eyes,0.6171476,-0.01621138,-2.126076,0.9244699,-0.2523584,0.2857807,0.0,0.0,0.0,0.0,0.0,0.0,0.0,-2.214823,-0.0278497,0.0735625,0.6268809,-0.01414356,-2.125664,0.07449689,0.5826325,-0.06956935,0.8063187,11.60733,71.55159,358.5152,0.216737,-0.0131909,-0.9761406,0.5295904,0.03766734,0.3275875,2.41503,-0.4999326,-1.677994,0.1698927,-0.1174826,1.915,0.3113991,-0.0253815,-0.9499401,0.1989987,0.9792207,0.03906975,0.9292093,-0.2012031,0.3099793,moving,72.82209,-41.44608,5.069826,-3.510615
05/15/2023 12:31:08.278352,378,True,True,True,True,Eyes,0.6185341,-0.01634743,-2.125403,0.9246817,-0.253168,0.2843761,0.0,0.0,0.0,0.0,0.0,0.0,0.0,-2.213828,-0.02462549,0.04738033,0.6359924,-0.01552789,-2.121122,0.0773861,0.5853247,-0.07021382,0.8040376,11.92543,71.97136,358.693,0.2245085,-0.01251205,-0.9743915,0.497815,0.0354073,0.3079322,2.426403,-0.5119285,-1.691861,0.1737345,-0.1201389,1.915,0.3049301,-0.02231712,-0.9521133,0.2035011,0.9781628,0.04224691,0.930379,-0.2066384,0.3028128,moving,72.90527,-41.67732,5.18385,-3.589787
05/15/2023 12:31:08.288756,379,True,True,True,True,Eyes,0.6202152,-0.01649738,-2.124586,0.9248704,-0.254292,0.282755,0.0,0.0,0.0,0.0,0.0,0.0,0.0,-2.212518,-0.02184793,0.0221796,0.644766,-0.01723444,-2.116644,0.0805871,0.5878553,-0.07129045,0.8017789,12.30074,72.37321,358.8522,0.2308618,-0.01194977,-0.9729128,0.4679461,0.03328286,0.2894563,2.437175,-0.5241902,-1.705526,0.1775633,-0.1227872,1.915,0.2986875,-0.01957124,-0.9541503,0.2090655,0.9768468,0.04540912,0.9311699,-0.213043,0.2958636,moving,73.00035,-41.96621,5.297454,-3.668707
05/15/2023 12:31:08.308397,380,True,True,True,True,Eyes,0.6221389,-0.01665709,-2.123407,0.9258726,-0.2546137,0.2791626,0.0,0.0,0.0,0.0,0.0,0.0,0.0,-2.211045,-0.02429256,-0.001694322,0.6534885,-0.01763293,-2.112334,0.08425224,0.5901946,-0.07377943,0.7994553,12.81479,72.7507,358.9119,0.2360953,-0.01148474,-0.9716617,0.4398693,0.03128589,0.2720889,2.44747,-0.5380569,-1.719342,0.1814959,-0.1255067,1.914999,0.2924539,-0.01851628,-0.9561003,0.2174171,0.9749163,0.04762333,0.931236,-0.2218002,0.2891439,moving,73.22126,-42.36676,5.414091,-3.749732
05/15/2023 12:31:08.328563,381,True,True,True,True,Eyes,0.6243436,-0.0168933,-2.122108,0.9269678,-0.254733,0.2753938,0.0,0.0,0.0,0.0,0.0,0.0,0.0,-2.209409,-0.02892222,-0.02831256,0.6628436,-0.0181881,-2.107946,0.08323128,0.593306,-0.07334016,0.7972968,12.69413,73.19054,358.9319,0.2406269,-0.01109005,-0.9705539,0.4134772,0.02940874,0.2557636,2.456548,-0.5541637,-1.732908,0.1855232,-0.1282914,1.915,0.2852185,-0.01818449,-0.95829,0.2157109,0.9753876,0.04569374,0.9338733,-0.2197463,0.2821212,moving,73.45379,-42.76812,5.533489,-3.832683
05/15/2023 12:31:08.345480,382,True,True,True,True,Eyes,0.6268539,-0.01718108,-2.120867,0.9280652,-0.2549926,0.271429,0.0,0.0,0.0,0.0,0.0,0.0,0.0,-2.207502,-0.02884844,-0.05725801,0.6716743,-0.0202844,-2.103715,0.08152825,0.5968975,-0.07151436,0.7949542,12.41529,73.6982,359.0394,0.2448096,-0.01074554,-0.9695113,0.3886685,0.02764421,0.2404178,2.463727,-0.5736078,-1.745995,0.1894485,-0.1310057,1.915,0.2771981,-0.01637324,-0.9606732,0.2110293,0.9764777,0.04424897,0.9373515,-0.2149959,0.274133,moving,73.69751,-43.21164,5.649816,-3.913525
05/15/2023 12:31:08.358683,383,True,True,True,True,Eyes,0.6296353,-0.01748409,-2.119501,0.929216,-0.2551957,0.2672691,0.0,0.0,0.0,0.0,0.0,0.0,0.0,-2.205369,-0.03004196,-0.08612108,0.6802562,-0.02168474,-2.099704,0.08415525,0.6002125,-0.07292134,0.7920513,12.7588,74.21414,359.1486,0.2486909,-0.01044855,-0.9685262,0.3653484,0.02598556,0.2259927,2.477505,-0.5728699,-1.758991,0.1932616,-0.1336424,1.915,0.2688549,-0.01449283,-0.9630716,0.2165369,0.9752008,0.04577393,0.9385248,-0.2208471,0.2653257,moving,73.95325,-43.67622,5.762772,-3.992037
05/15/2023 12:31:08.378513,384,True,True,True,True,Eyes,0.6326602,-0.01780268,-2.117939,0.9305654,-0.2549596,0.2627617,0.0,0.0,0.0,0.0,0.0,0.0,0.0,-2.202586,-0.03448971,-0.1164745,0.6894561,-0.02236059,-2.095303,0.08351932,0.6039745,-0.07266182,0.7892779,12.68623,74.75799,359.1887,0.2523143,-0.01019503,-0.9675913,0.3434275,0.02442643,0.2124331,2.492582,-0.5683498,-1.774173,0.1971434,-0.136327,1.915,0.2598702,-0.01381366,-0.9655447,0.2155878,0.9754896,0.04406813,0.9412701,-0.2196117,0.2564787,moving,74.23203,-44.13661,5.877719,-4.071962
05/15/2023 12:31:08.388506,385,True,True,True,True,Eyes,0.6359189,-0.01816111,-2.116308,0.9320229,-0.254455,0.258043,0.0,0.0,0.0,0.0,0.0,0.0,0.0,-2.200084,-0.0414819,-0.1483775,0.6991104,-0.02297716,-2.091607,0.07972392,0.6082239,-0.07092414,0.7865605,12.22146,75.33585,359.1445,0.2557185,-0.009981428,-0.9666994,0.3228219,0.02296084,0.1996872,2.501482,-0.583118,-1.791619,0.2010744,-0.1390451,1.914999,0.2500668,-0.01459227,-0.9681185,0.2085522,0.9772277,0.03913986,0.9455012,-0.2116909,0.2474155,moving,74.52454,-44.59888,5.994077,-4.15287
05/15/2023 12:31:08.408650,386,True,True,True,True,Eyes,0.6394583,-0.0185686,-2.114595,0.9336294,-0.2536823,0.2529454,0.0,0.0,0.0,0.0,0.0,0.0,0.0,-2.19714,-0.04795185,-0.1812528,0.7078459,-0.02436763,-2.088285,0.07609434,0.6127543,-0.06945947,0.7835287,11.79247,75.95972,359.0873,0.2589363,-0.009805584,-0.9658443,0.3034526,0.02158319,0.1877059,2.514672,-0.5838624,-1.808081,0.2047508,-0.1415874,1.915,0.2394149,-0.01559269,-0.9707922,0.2021012,0.97877,0.034121,0.9496503,-0.2043674,0.2374834,moving,74.84093,-45.08334,6.102849,-4.228526
05/15/2023 12:31:08.428332,387,True,True,True,True,Eyes,0.6432498,-0.01903888,-2.112762,0.9353093,-0.2527375,0.2476292,0.0,0.0,0.0,0.0,0.0,0.0,0.0,-2.192678,-0.05013636,-0.2167279,0.7175131,-0.0262256,-2.083701,0.07345511,0.6174011,-0.06759799,0.7802888,11.42602,76.6189,359.1355,0.2619995,-0.009665945,-0.9650193,0.2852454,0.0202882,0.1764436,2.531837,-0.5724511,-1.825514,0.2087122,-0.144327,1.914999,0.2284927,-0.01478938,-0.9734333,0.1961945,0.9800697,0.03116225,0.9535716,-0.1981025,0.2268404,moving,75.17081,-45.58492,6.22001,-4.310041
05/15/2023 12:31:08.445945,388,True,True,True,True,Eyes,0.6473123,-0.01958813,-2.110933,0.9369766,-0.2518986,0.2421199,0.0,0.0,0.0,0.0,0.0,0.0,0.0,-2.187562,-0.05006564,-0.2519441,0.7272285,-0.02823703,-2.078882,0.07153969,0.6219038,-0.06571426,0.7770453,11.12295,77.26894,359.2325,0.2649358,-0.009561772,-0.9642183,0.2681307,0.01907091,0.1658569,2.547605,-0.5628774,-1.844821,0.2125088,-0.1469524,1.915,0.2178347,-0.01314431,-0.9758971,0.1911075,0.9811274,0.02944327,0.9570925,-0.1929151,0.2162356,moving,75.51139,-46.13398,6.33224,-4.388138
05/15/2023 12:31:08.458705,389,True,True,True,True,Eyes,0.6515998,-0.02021978,-2.10898,0.9386178,-0.2512009,0.2364208,0.0,0.0,0.0,0.0,0.0,0.0,0.0,-2.182085,-0.05077286,-0.2865,0.7370684,-0.03061898,-2.074113,0.07061428,0.6261937,-0.06481615,0.7737533,10.9791,77.8995,359.3074,0.2677687,-0.009493092,-0.9634361,0.2520428,0.01792665,0.1559055,2.563687,-0.5554317,-1.864585,0.2163693,-0.1496217,1.915,0.2073607,-0.01186701,-0.9781927,0.1887399,0.9816249,0.02810113,0.9598849,-0.190451,0.2057903,moving,75.86233,-46.73613,6.446314,-4.467523
05/15/2023 12:31:08.478702,390,True,True,True,True,Eyes,0.6561138,-0.02093286,-2.106869,0.9400814,-0.2512565,0.2304716,0.0,0.0,0.0,0.0,0.0,0.0,0.0,-2.175897,-0.05515496,-0.319715,0.7466859,-0.03320372,-2.069093,0.07132465,0.6301841,-0.06598279,0.7703422,11.13091,78.50333,359.3131,0.2705205,-0.009460111,-0.9626675,0.2369203,0.01685105,0.1465512,2.578942,-0.5500762,-1.884333,0.220367,-0.1523861,1.915,0.1970285,-0.01176334,-0.9803271,0.191554,0.9811181,0.02672615,0.9615023,-0.1930514,0.1955616,moving,76.22498,-47.47057,6.564389,-4.549725
05/15/2023 12:31:08.488448,391,True,True,True,True,Eyes,0.6608695,-0.02172897,-2.104597,0.9414964,-0.2514954,0.2243536,0.0,0.0,0.0,0.0,0.0,0.0,0.0,-2.169188,-0.06463458,-0.35339,0.756775,-0.03580146,-2.064085,0.0713603,0.6342543,-0.06804299,0.7668113,11.28871,79.11062,359.1919,0.27321,-0.009463008,-0.9619076,0.222705,0.01583999,0.1377581,2.592469,-0.5501056,-1.903583,0.2240908,-0.154961,1.915001,0.1861834,-0.0138311,-0.9824177,0.1948734,0.9805557,0.02312666,0.9629954,-0.1957528,0.1852584,moving,76.59669,-48.26455,6.674319,-4.626269
05/15/2023 12:31:08.508442,392,True,True,True,True,Eyes,0.6658508,-0.02257555,-2.10221,0.9427136,-0.252481,0.2180469,0.0,0.0,0.0,0.0,0.0,0.0,0.0,-2.160862,-0.07535336,-0.3873489,0.7672572,-0.03856495,-2.05788,0.07193514,0.6382398,-0.07073218,0.7631989,11.54221,79.71401,359.056,0.2758562,-0.009502018,-0.9611517,0.2093427,0.01488959,0.1294926,2.602682,-0.5602379,-1.922279,0.2279581,-0.1576356,1.915001,0.1752939,-0.01614169,-0.9843839,0.1997891,0.9796446,0.01951344,0.9640314,-0.2000898,0.1749507,moving,76.97667,-49.18555,6.788439,-4.705761
05/15/2023 12:31:08.528636,393,True,True,True,True,Eyes,0.6710485,-0.02346627,-2.099705,0.9438978,-0.2535563,0.2115801,0.0,0.0,0.0,0.0,0.0,0.0,0.0,-2.152969,-0.08838101,-0.4201177,0.7775892,-0.0405328,-2.052632,0.07194878,0.6421508,-0.07349672,0.7596474,11.7536,80.30148,358.8728,0.2784738,-0.009575855,-0.9603959,0.1967822,0.01399621,0.1217231,2.612842,-0.5711847,-1.940942,0.2319952,-0.1604272,1.915,0.1644813,-0.01925925,-0.9861922,0.2040671,0.9788432,0.01491944,0.9650402,-0.2037033,0.1649316,moving,77.36567,-50.15669,6.907509,-4.788715
05/15/2023 12:31:08.546054,394,True,True,True,True,Eyes,0.6764599,-0.02439461,-2.0971,0.9449328,-0.2551464,0.2049447,0.0,0.0,0.0,0.0,0.0,0.0,0.0,-2.14405,-0.1021705,-0.454177,0.7878957,-0.04247935,-2.047213,0.07148244,0.6463317,-0.07613085,0.7558768,11.91588,80.92721,358.6713,0.2810763,-0.009683086,-0.9596363,0.1849752,0.01315644,0.1144197,2.622135,-0.5852961,-1.958169,0.2358198,-0.1630721,1.915,0.1529188,-0.02268836,-0.9879783,0.2074938,0.9781887,0.00965226,0.9662102,-0.2064754,0.1542912,moving,77.76276,-51.22705,7.020258,-4.867287
05/15/2023 12:31:08.558698,395,True,True,True,True,Eyes,0.6820881,-0.02535323,-2.094386,0.9459747,-0.256664,0.1981295,0.0,0.0,0.0,0.0,0.0,0.0,0.0,-2.134766,-0.1151439,-0.4882766,0.7983495,-0.04424091,-2.041954,0.07129744,0.6504865,-0.07863344,0.7520644,12.09543,81.55688,358.5045,0.2836757,-0.009822129,-0.9588697,0.1738767,0.01236706,0.1075545,2.631238,-0.5973735,-1.975484,0.2395331,-0.16564,1.915,0.1413683,-0.02551877,-0.9896281,0.2110308,0.9774669,0.004940556,0.9672027,-0.2095405,0.1435681,moving,78.17069,-52.33398,7.129675,-4.943555
05/15/2023 12:31:08.578767,396,True,True,True,True,Eyes,0.687921,-0.02632368,-2.091583,0.9469579,-0.2583348,0.1911386,0.0,0.0,0.0,0.0,0.0,0.0,0.0,-2.124464,-0.1254811,-0.5246209,0.8090903,-0.04594614,-2.036561,0.06982166,0.6550494,-0.07970339,0.7481195,12.05726,82.23849,358.3721,0.2862822,-0.009991203,-0.958093,0.1634441,0.01162503,0.1011012,2.640487,-0.6082367,-1.994117,0.2436745,-0.1685037,1.915,0.1291153,-0.02778206,-0.9912405,0.2107286,0.9775446,5.056791e-05,0.9689804,-0.2088892,0.1320704,moving,78.58847,-53.50274,7.25164,-5.028591
05/15/2023 12:31:08.588718,397,True,True,True,True,Eyes,0.693971,-0.02727599,-2.088686,0.9479562,-0.2598826,0.1839569,0.0,0.0,0.0,0.0,0.0,0.0,0.0,-2.113314,-0.1347398,-0.5618887,0.8197092,-0.04717857,-2.031212,0.06833198,0.6598073,-0.08037701,0.7439924,11.99016,82.95517,358.276,0.2889053,-0.01018791,-0.9573032,0.1536375,0.01092753,0.09503517,2.649414,-0.6190738,-2.012735,0.2474349,-0.1711041,1.915,0.1163878,-0.02942789,-0.9927679,0.2097716,0.9777405,-0.004389722,0.9707985,-0.2077436,0.1199702,moving,79.01788,-54.70738,7.36233,-5.105787
05/15/2023 12:31:08.608324,398,True,True,True,True,Eyes,0.7002156,-0.02814363,-2.085697,0.9489232,-0.2614602,0.1765879,0.0,0.0,0.0,0.0,0.0,0.0,0.0,-2.101552,-0.1445868,-0.5995972,0.8308583,-0.04784052,-2.025914,0.06645731,0.6645969,-0.08087321,0.7398338,11.87814,83.67619,358.1653,0.2915531,-0.01040868,-0.9564977,0.1444192,0.01027188,0.08933306,2.660516,-0.622752,-2.03265,0.251196,-0.1737049,1.915,0.1035408,-0.0313308,-0.9941317,0.2080001,0.9780859,-0.009161453,0.9726332,-0.2058309,0.1077886,moving,79.45825,-55.96527,7.472984,-5.182975
05/15/2023 12:31:08.628640,399,True,True,True,True,Eyes,0.7066689,-0.02896761,-2.08262,0.9499199,-0.2628375,0.1690226,0.0,0.0,0.0,0.0,0.0,0.0,0.0,-2.088909,-0.1606392,-0.6362392,0.8416845,-0.04669593,-2.020776,0.06410592,0.6693816,-0.08232576,0.7355551,11.80149,84.3931,357.9341,0.2942324,-0.01064731,-0.9556744,0.1357541,0.009655565,0.08397307,2.671469,-0.625124,-2.054134,0.2552866,-0.1765334,1.915001,0.09030166,-0.03528762,-0.995289,0.2069329,0.9782258,-0.01590781,0.9741788,-0.2045216,0.09563757,moving,79.91076,-57.2562,7.593266,-5.266898
05/15/2023 12:31:08.645834,400,True,True,True,True,Eyes,0.7132772,-0.02970715,-2.079491,0.9508047,-0.2645051,0.1612683,0.0,0.0,0.0,0.0,0.0,0.0,0.0,-2.074536,-0.1779756,-0.6757274,0.853056,-0.04642983,-2.015471,0.05995049,0.6746345,-0.08346468,0.7309638,11.55214,85.16679,357.594,0.2969497,-0.01090003,-0.9548307,0.1276088,0.009076231,0.07893468,2.683013,-0.6253301,-2.075383,0.2590452,-0.1791328,1.915,0.07580404,-0.04112998,-0.9962742,0.2029087,0.9788792,-0.02497303,0.9762592,-0.2002596,0.08254861,moving,80.37354,-58.62941,7.703732,-5.344007
05/15/2023 12:31:08.658820,401,True,True,True,True,Eyes,0.7200736,-0.03036796,-2.076288,0.9516246,-0.2662987,0.1532828,0.0,0.0,0.0,0.0,0.0,0.0,0.0,-2.059297,-0.2003855,-0.7129557,0.8632593,-0.04505543,-2.010452,0.05948631,0.6796125,-0.08737309,0.7259162,11.83675,85.94698,357.3064,0.2997084,-0.01116164,-0.9539653,0.1199523,0.008531657,0.0741986,2.693367,-0.6253434,-2.096222,0.26272,-0.1816737,1.915,0.06098567,-0.04599579,-0.9970784,0.2077064,0.9776546,-0.03239553,0.9762884,-0.2051238,0.06917655,moving,80.84969,-60.07506,7.811676,-5.419359
05/15/2023 12:31:08.678494,402,True,True,True,True,Eyes,0.7270198,-0.03093659,-2.073014,0.9523994,-0.2680992,0.1451141,0.0,0.0,0.0,0.0,0.0,0.0,0.0,-2.042687,-0.2206145,-0.7528119,0.8744879,-0.04380843,-2.005322,0.05907578,0.6848745,-0.09068045,0.7205791,12.08409,86.78066,357.0828,0.3025129,-0.01142769,-0.9530765,0.1127552,0.008019757,0.06974669,2.705394,-0.6213607,-2.1184,0.2666077,-0.1843619,1.915001,0.04544809,-0.04976586,-0.9977263,0.2116038,0.9765742,-0.0390719,0.9762983,-0.209347,0.05491408,moving,81.33665,-61.57463,7.925812,-5.499062
05/15/2023 12:31:08.688977,403,True,True,True,True,Eyes,0.7341066,-0.03133282,-2.069687,0.9530493,-0.2701443,0.1368182,0.0,0.0,0.0,0.0,0.0,0.0,0.0,-2.026595,-0.2304898,-0.7915678,0.8849598,-0.0421405,-2.000465,0.05770023,0.690051,-0.09097363,0.7156984,12.01366,87.59753,357.0353,0.3053652,-0.01169351,-0.9521633,0.1059899,0.007538572,0.06556188,2.710498,-0.6331649,-2.141604,0.2704745,-0.1870361,1.915,0.03110674,-0.05058715,-0.9982353,0.2098515,0.976789,-0.04296098,0.9772384,-0.2081448,0.04100056,moving,81.83053,-63.13947,8.039275,-5.578326
05/15/2023 12:31:08.708614,404,True,True,True,True,Eyes,0.7413719,-0.03162354,-2.066351,0.9537128,-0.271933,0.1283918,0.0,0.0,0.0,0.0,0.0,0.0,0.0,-2.01113,-0.2506126,-0.8237942,0.8953643,-0.03833756,-1.99573,0.0593988,0.6941577,-0.09464438,0.7110974,12.46674,88.28432,356.9391,0.3082675,-0.01195135,-0.9512244,0.09963046,0.007086257,0.06162817,2.716424,-0.6436241,-2.166463,0.2743381,-0.1897076,1.915,0.01837522,-0.05213847,-0.9984709,0.217067,0.9750285,-0.04691957,0.9759839,-0.2158729,0.02923393,moving,82.33276,-64.72591,8.152581,-5.657491
05/15/2023 12:31:08.728795,405,True,True,True,True,Eyes,0.7487179,-0.03189839,-2.062973,0.9543523,-0.2736209,0.1197632,0.0,0.0,0.0,0.0,0.0,0.0,0.0,-1.99276,-0.2645299,-0.8642678,0.9068276,-0.03607702,-1.991077,0.05437214,0.6996499,-0.09433681,0.7061406,12.0517,89.1172,356.65,0.3112217,-0.01219712,-0.9502587,0.09365264,0.006661082,0.05793048,2.724651,-0.6427478,-2.191425,0.2782326,-0.1924009,1.915,0.003181277,-0.05714716,-0.9983609,0.209313,0.9762885,-0.05521673,0.9778437,-0.2087942,0.01506746,moving,82.84725,-66.36112,8.266724,-5.737278
05/15/2023 12:31:08.745661,406,True,True,True,True,Eyes,0.7561638,-0.03215037,-2.059572,0.9547943,-0.2758764,0.1107254,0.0,0.0,0.0,0.0,0.0,0.0,0.0,-1.975075,-0.2715634,-0.9011987,0.9160411,-0.03598362,-1.986554,0.05309698,0.7046923,-0.09452246,0.7011813,11.98641,89.93094,356.6172,0.3142261,-0.0124313,-0.9492665,0.08803347,0.006261417,0.05445465,2.727219,-0.6566141,-2.21222,0.2820555,-0.1950444,1.915001,-0.01105136,-0.05772068,-0.9982718,0.2073888,0.9764925,-0.05875726,0.9781963,-0.2076797,0.001179042,moving,83.38508,-68.1315,8.378706,-5.815569
05/15/2023 12:31:08.758593,407,True,True,True,True,Eyes,0.7637283,-0.03230329,-2.056138,0.9551466,-0.2781584,0.1016019,0.0,0.0,0.0,0.0,0.0,0.0,0.0,-1.958914,-0.2846146,-0.9322991,0.9259033,-0.03549063,-1.982164,0.05750685,0.7085482,-0.09820513,0.6964254,12.66584,90.62808,356.7512,0.3172801,-0.01265401,-0.9482472,0.0,0.0,0.0,2.738907,-0.6453739,-2.236872,0.2860401,-0.1977996,1.915001,-0.02336962,-0.05529232,-0.9981968,0.2182778,0.9740974,-0.05906768,0.9756069,-0.2192646,-0.0106953,moving,83.9281,-69.93444,8.495357,-5.897143
05/15/2023 12:31:08.778425,408,True,True,True,True,Eyes,0.7714091,-0.03232293,-2.052635,0.955464,-0.2803411,0.09218083,0.0,0.0,0.0,0.0,0.0,0.0,0.0,-1.942191,-0.2972789,-0.96394,0.9362713,-0.03324398,-1.977865,0.05766609,0.71258,-0.09977937,0.6920611,12.82762,91.30412,356.712,0.3203836,-0.01286184,-0.9472003,0.0,0.0,0.0,2.744523,-0.6461155,-2.261832,0.2898125,-0.200408,1.915001,-0.0354524,-0.05592344,-0.9978056,0.2202902,0.9734374,-0.06238465,0.9747901,-0.2220185,-0.02219125,moving,84.4893,-71.79827,8.605727,-5.974349
05/15/2023 12:31:08.788295,409,True,True,True,True,Eyes,0.7792255,-0.03223927,-2.049121,0.9558064,-0.2821345,0.08266964,0.0,0.0,0.0,0.0,0.0,0.0,0.0,-1.924909,-0.3116741,-0.9953506,0.9466391,-0.03014834,-1.973855,0.05438926,0.7166976,-0.1004278,0.6879684,12.63791,91.95145,356.4617,0.323537,-0.01305021,-0.9461253,0.0,0.0,0.0,2.742941,-0.6696849,-2.284117,0.2940115,-0.2033122,1.915,-0.04748248,-0.06022097,-0.9970551,0.2161436,0.9739121,-0.0691165,0.9752064,-0.2187889,-0.0332274,moving,85.05667,-73.66862,8.72851,-6.060291
05/15/2023 12:31:08.808608,410,True,True,True,True,Eyes,0.7871654,-0.03210438,-2.045627,0.9561911,-0.2835304,0.07286378,0.0,0.0,0.0,0.0,0.0,0.0,0.0,-1.906213,-0.3201697,-1.030783,0.9576159,-0.02768615,-1.969994,0.04923795,0.7213652,-0.09918699,0.6836447,12.14712,92.67256,356.2123,0.3267408,-0.01321632,-0.9450213,0.0,0.0,0.0,2.747105,-0.6753969,-2.304493,0.2976241,-0.2058101,1.915001,-0.06041145,-0.06458023,-0.9960822,0.2066544,0.9754751,-0.07577757,0.9765472,-0.2104226,-0.04558409,moving,85.64236,-75.58757,8.834074,-6.134181
05/15/2023 12:31:08.828887,411,True,True,True,True,Eyes,0.795205,-0.03194657,-2.04213,0.9565597,-0.2846609,0.06294324,0.0,0.0,0.0,0.0,0.0,0.0,0.0,-1.88725,-0.3178629,-1.068618,0.9684604,-0.0263944,-1.966236,0.04399047,0.7263281,-0.09570865,0.6792293,11.46627,93.44993,356.1319,0.3299941,-0.01335997,-0.9438882,0.0,0.0,0.0,2.75478,-0.6703375,-2.323688,0.3015001,-0.2084907,1.915001,-0.07342523,-0.06611319,-0.995107,0.1939192,0.9778094,-0.07927252,0.978266,-0.198791,-0.0589753,moving,86.23528,-77.53158,8.947275,-6.213457
05/15/2023 12:31:08.845791,412,True,True,True,True,Eyes,0.8033492,-0.03174767,-2.038642,0.9568114,-0.2858565,0.05289439,0.0,0.0,0.0,0.0,0.0,0.0,0.0,-1.869012,-0.3153048,-1.103507,0.9788223,-0.0257297,-1.962548,0.04200875,0.7308171,-0.09348484,0.6748351,11.14768,94.19181,356.2147,0.3332955,-0.01348233,-0.9427257,0.0,0.0,0.0,2.76565,-0.6562368,-2.345309,0.3052109,-0.2110568,1.915,-0.08566587,-0.06477227,-0.9942163,0.1875751,0.9789917,-0.07994265,0.9785076,-0.1933386,-0.07171649,moving,86.8358,-79.51666,9.055582,-6.289323
05/15/2023 12:31:08.858393,413,True,True,True,True,Eyes,0.8115956,-0.03150904,-2.035174,0.9569842,-0.2869692,0.04277962,0.0,0.0,0.0,0.0,0.0,0.0,0.0,-1.851621,-0.3171967,-1.135148,0.9894357,-0.02453426,-1.959104,0.04204176,0.7347424,-0.09285994,0.6706439,11.11894,94.86567,356.3321,0.3366438,-0.01358359,-0.9415338,0.0,0.0,0.0,2.777718,-0.6364336,-2.36971,0.308987,-0.2136677,1.915,-0.09693882,-0.06277217,-0.993309,0.1863316,0.9792191,-0.08006617,0.977693,-0.1928464,-0.08322792,moving,87.44044,-81.52113,9.165728,-6.36649
05/15/2023 12:31:08.878542,414,True,True,True,True,Eyes,0.8199235,-0.03126267,-2.031765,0.9569569,-0.2883886,0.03264201,0.0,0.0,0.0,0.0,0.0,0.0,0.0,-1.833527,-0.3200811,-1.167196,1.000084,-0.02334461,-1.955992,0.04164103,0.7387626,-0.09234652,0.6663094,11.06578,95.55539,356.405,0.3400375,-0.01366398,-0.9403124,0.0,0.0,0.0,2.785252,-0.628141,-2.393769,0.3129978,-0.2164415,1.915,-0.108596,-0.06153701,-0.9921796,0.1845884,0.9794763,-0.08095267,0.9767981,-0.1919359,-0.09500823,moving,88.04639,-83.54231,9.282649,-6.448447
05/15/2023 12:31:08.888817,415,True,True,True,True,Eyes,0.828313,-0.03102526,-2.02838,0.9567336,-0.2900961,0.02247323,0.0,0.0,0.0,0.0,0.0,0.0,0.0,-1.814788,-0.3256977,-1.19838,1.010447,-0.0228164,-1.952978,0.04193051,0.7427099,-0.09283976,0.6618193,11.15167,96.24652,356.4587,0.3434739,-0.01372516,-0.9390617,0.0,0.0,0.0,2.790181,-0.6282629,-2.415655,0.3168316,-0.2190926,1.915,-0.1204742,-0.06060188,-0.9908651,0.1851707,0.9792452,-0.08240515,0.9752938,-0.1934068,-0.1067521,moving,88.6544,-85.57025,9.394331,-6.526755
05/15/2023 12:31:08.909306,416,True,True,True,True,Eyes,0.8367732,-0.03081194,-2.024999,0.9562066,-0.2924365,0.01223638,0.0,0.0,0.0,0.0,0.0,0.0,0.0,-1.79578,-0.3395543,-1.226479,1.020305,-0.02270781,-1.950086,0.04484538,0.7462891,-0.09605619,0.6571263,11.67204,96.91557,356.5281,0.3469501,-0.01376939,-0.9377823,0.0,0.0,0.0,2.794896,-0.6278337,-2.438148,0.320674,-0.2217496,1.915001,-0.1323482,-0.05930684,-0.9894277,0.1931773,0.9775242,-0.08443318,0.9721969,-0.2023095,-0.1179168,moving,89.26684,-87.60398,9.506192,-6.605208
05/15/2023 12:31:08.928985,417,True,True,True,True,Eyes,0.8452815,-0.03060672,-2.021647,0.9554641,-0.2951006,0.002015948,0.0,0.0,0.0,0.0,0.0,0.0,0.0,-1.775857,-0.3561849,-1.25433,1.0304,-0.02296717,-1.94721,0.0480999,0.7498367,-0.1000014,0.6522508,12.28155,97.59454,356.5783,0.3504641,-0.01379944,-0.9364742,0.0,0.0,0.0,2.797446,-0.6327245,-2.460618,0.3246772,-0.2245176,1.915001,-0.1445106,-0.05831784,-0.9877833,0.2025861,0.9753723,-0.08722304,0.9685429,-0.2127158,-0.1291373,moving,89.87911,-89.6086,9.622659,-6.686917
05/15/2023 12:31:08.945838,418,True,True,True,True,Eyes,0.8538451,-0.0304039,-2.018363,0.9544094,-0.298376,-0.00862391,0.0,0.0,0.0,0.0,0.0,0.0,0.0,-1.756925,-0.3737778,-1.279358,1.040059,-0.02285385,-1.944481,0.05151238,0.752999,-0.1040966,0.6476905,12.91454,98.21786,356.6317,0.3540128,-0.01381703,-0.9351382,0.0,0.0,0.0,2.794701,-0.6516764,-2.481753,0.3285108,-0.2271685,1.915001,-0.1556871,-0.05726724,-0.9861451,0.2124223,0.9730207,-0.09004112,0.9646961,-0.2234974,-0.139322,moving,-89.48229,88.34445,9.734113,-6.765141
05/15/2023 12:31:08.968602,419,True,True,True,True,Eyes,0.8624706,-0.03020708,-2.015116,0.9532369,-0.3016091,-0.01926875,0.0,0.0,0.0,0.0,0.0,0.0,0.0,-1.736715,-0.3902714,-1.305961,1.050139,-0.02253476,-1.941835,0.05338608,0.7564057,-0.1074275,0.6430085,13.36614,98.86897,356.6183,0.3575928,-0.01382344,-0.9337749,0.0,0.0,0.0,2.790545,-0.6739367,-2.502845,0.33245,-0.2298926,1.915,-0.1673802,-0.05739049,-0.9842207,0.2189166,0.9712185,-0.09386209,0.9612801,-0.2311729,-0.149999,moving,-88.84198,86.34454,9.84857,-6.845502
05/15/2023 12:31:08.978766,420,True,True,True,True,Eyes,0.8711545,-0.03002722,-2.011913,0.9519092,-0.3048934,-0.03014686,0.0,0.0,0.0,0.0,0.0,0.0,0.0,-1.715905,-0.399934,-1.33475,1.060228,-0.02246471,-1.939393,0.05326527,0.7601399,-0.1087329,0.6383787,13.49209,99.54822,356.5895,0.3612023,-0.01382,-0.9323847,0.0,0.0,0.0,2.78567,-0.6964513,-2.52206,0.3363826,-0.2326118,1.915,-0.1792712,-0.05784735,-0.9820976,0.2198036,0.9706799,-0.09729755,0.9589309,-0.2333112,-0.1612999,moving,-88.18606,84.35313,9.962747,-6.925692
05/15/2023 12:31:08.988475,421,True,True,True,True,Eyes,0.8799029,-0.02987841,-2.008749,0.950477,-0.308074,-0.04103468,0.0,0.0,0.0,0.0,0.0,0.0,0.0,-1.69454,-0.4085722,-1.363599,1.070366,-0.02263504,-1.936906,0.05290276,0.7638853,-0.1098054,0.6337377,13.58045,100.2302,356.5584,0.3648387,-0.01380841,-0.9309679,0.0,0.0,0.0,2.78258,-0.7131613,-2.54174,0.3400974,-0.2351809,1.915,-0.1911557,-0.05835244,-0.9798238,0.219999,0.9702881,-0.1007046,0.9565877,-0.2348105,-0.1726386,moving,-87.52792,82.41301,10.07053,-7.001428
05/15/2023 12:31:09.008212,422,True,True,True,True,Eyes,0.8887019,-0.02978711,-2.005651,0.948947,-0.3111165,-0.05202148,0.0,0.0,0.0,0.0,0.0,0.0,0.0,-1.672806,-0.4145511,-1.393116,1.080641,-0.02322555,-1.934574,0.05248429,0.7677017,-0.1103352,0.6290514,13.61754,100.9277,356.5652,0.3685006,-0.01379083,-0.9295248,0.0,0.0,0.0,2.782663,-0.7199745,-2.562871,0.3438825,-0.2377985,1.915,-0.2030796,-0.05822845,-0.9774294,0.2193976,0.9701431,-0.1033784,0.954266,-0.2354396,-0.1842411,moving,-86.86217,80.50745,10.18028,-7.078568
05/15/2023 12:31:09.028746,423,True,True,True,True,Eyes,0.8975489,-0.02973644,-2.002598,0.9472912,-0.3141194,-0.06299613,0.0,0.0,0.0,0.0,0.0,0.0,0.0,-1.651599,-0.4162647,-1.422425,1.090782,-0.02445495,-1.932342,0.052245,0.7714443,-0.1100793,0.6245214,13.5973,101.6162,356.6448,0.3721849,-0.01377043,-0.9280561,0.0,0.0,0.0,2.782827,-0.7259725,-2.584095,0.3478258,-0.2405254,1.915,-0.2144871,-0.05688555,-0.9750689,0.2181019,0.970306,-0.1045839,0.9520644,-0.2350963,-0.1957112,moving,-86.19536,78.65986,10.29453,-7.158904
05/15/2023 12:31:09.046264,424,True,True,True,True,Eyes,0.9064616,-0.02971864,-1.999623,0.9455611,-0.3169267,-0.07397196,0.0,0.0,0.0,0.0,0.0,0.0,0.0,-1.631017,-0.420477,-1.449606,1.100781,-0.02535169,-1.930288,0.05330976,0.774885,-0.1105752,0.6200683,13.73771,102.2783,356.7831,0.3758895,-0.01374927,-0.9265621,0.0,0.0,0.0,2.783293,-0.7304857,-2.60598,0.3516607,-0.2431769,1.915001,-0.2253471,-0.05451052,-0.9727526,0.2197462,0.9698623,-0.1052548,0.9491736,-0.2374776,-0.2065772,moving,-85.52682,76.86214,10.40557,-7.236988
05/15/2023 12:31:09.058518,425,True,True,True,True,Eyes,0.9154418,-0.02974877,-1.996698,0.943781,-0.3194719,-0.0849417,0.0,0.0,0.0,0.0,0.0,0.0,0.0,-1.610161,-0.42191,-1.477885,1.111436,-0.02605881,-1.928419,0.05338501,0.7783926,-0.110184,0.6157229,13.72568,102.9372,356.8975,0.3796124,-0.01372883,-0.9250433,0.0,0.0,0.0,2.784127,-0.7334051,-2.628038,0.3554801,-0.2458181,1.915001,-0.2360711,-0.0525766,-0.9703125,0.2187946,0.970019,-0.1057921,0.9467838,-0.2372735,-0.21749,moving,-84.85715,75.11059,10.51607,-7.314744
05/15/2023 12:31:09.078734,426,True,True,True,True,Eyes,0.9244717,-0.02985183,-1.993852,0.9419508,-0.321754,-0.09593262,0.0,0.0,0.0,0.0,0.0,0.0,0.0,-1.588869,-0.4187799,-1.507159,1.122024,-0.02727062,-1.926585,0.05196821,0.7820376,-0.1086538,0.6114824,13.50311,103.5955,356.9582,0.3833526,-0.01371117,-0.9234999,0.0,0.0,0.0,2.782863,-0.7407179,-2.64929,0.3593539,-0.2484973,1.915,-0.246777,-0.05159759,-0.9676976,0.214162,0.9709873,-0.1063874,0.9451115,-0.233498,-0.2285671,moving,-84.18478,73.39778,10.62808,-7.393592
05/15/2023 12:31:09.088651,427,True,True,True,True,Eyes,0.9335666,-0.03001696,-1.991069,0.9400302,-0.3239217,-0.1068548,0.0,0.0,0.0,0.0,0.0,0.0,0.0,-1.569456,-0.416146,-1.533587,1.13243,-0.02907936,-1.924841,0.0521351,0.7851889,-0.1076704,0.6075916,13.44059,104.1934,357.1141,0.3871074,-0.01369924,-0.9219325,0.0,0.0,0.0,2.783804,-0.7432175,-2.67083,0.3632793,-0.2512112,1.915001,-0.2562289,-0.04896749,-0.965375,0.2127111,0.971378,-0.1057296,0.9429214,-0.232437,-0.2384792,moving,-83.51493,71.74339,10.74148,-7.473426
05/15/2023 12:31:09.108603,428,True,True,True,True,Eyes,0.9427321,-0.03022989,-1.988375,0.9380606,-0.3258426,-0.1177667,0.0,0.0,0.0,0.0,0.0,0.0,0.0,-1.551694,-0.41313,-1.558531,1.143096,-0.03072795,-1.923496,0.05325032,0.7880099,-0.1066972,0.6040038,13.44334,104.7478,357.35,0.3908755,-0.01369521,-0.9203413,0.0,0.0,0.0,2.786956,-0.7398498,-2.692526,0.3670998,-0.2538539,1.915001,-0.2646877,-0.04496741,-0.9632853,0.2128146,0.9715602,-0.1038301,0.9405586,-0.2324836,-0.2475904,moving,-82.84436,70.12902,10.85178,-7.551145
05/15/2023 12:31:09.128815,429,True,True,True,True,Eyes,0.9519753,-0.03050789,-1.985761,0.9360251,-0.3275831,-0.1286325,0.0,0.0,0.0,0.0,0.0,0.0,0.0,-1.533893,-0.4091737,-1.583926,1.154036,-0.032078,-1.922561,0.05320058,0.7908607,-0.1052841,0.6005201,13.32216,105.2884,357.5085,0.3946556,-0.01370035,-0.9187265,0.0,0.0,0.0,2.788427,-0.7416885,-2.712703,0.3711631,-0.2566638,1.915,-0.2730908,-0.04230191,-0.9610578,0.2105989,0.9721699,-0.102634,0.9386531,-0.2304261,-0.2565819,moving,-82.17519,68.56149,10.969,-7.633753
05/15/2023 12:31:09.145683,430,True,True,True,True,Eyes,0.9612839,-0.03084921,-1.983236,0.933881,-0.3292604,-0.1394776,0.0,0.0,0.0,0.0,0.0,0.0,0.0,-1.513983,-0.4056081,-1.610996,1.16515,-0.03393672,-1.921782,0.05272087,0.7940176,-0.1039967,0.5966082,13.18275,105.8845,357.6238,0.3984464,-0.0137166,-0.9170886,0.0,0.0,0.0,2.789907,-0.7445903,-2.731754,0.3747932,-0.2591735,1.915,-0.2825585,-0.04036794,-0.9584004,0.2078132,0.9728104,-0.102243,0.9364692,-0.2280578,-0.2664869,moving,-81.50552,67.04206,11.07364,-7.7075
05/15/2023 12:31:09.158482,431,True,True,True,True,Eyes,0.9706808,-0.0312303,-1.980796,0.9316734,-0.3308018,-0.1501827,0.0,0.0,0.0,0.0,0.0,0.0,0.0,-1.49634,-0.4036367,-1.634922,1.176137,-0.03574589,-1.921027,0.05393697,0.7966308,-0.1032907,0.5931284,13.21185,106.4117,357.8458,0.4022461,-0.01374561,-0.9154279,0.0,0.0,0.0,2.793014,-0.7439049,-2.750933,0.3786355,-0.2618308,1.915,-0.2905789,-0.03659359,-0.956151,0.208465,0.9728437,-0.100586,0.9338663,-0.2285522,-0.2750595,moving,-80.84289,65.58215,11.18432,-7.785564
05/15/2023 12:31:09.179279,432,True,True,True,True,Eyes,0.9801616,-0.03165059,-1.978476,0.9292526,-0.3323762,-0.1612937,0.0,0.0,0.0,0.0,0.0,0.0,0.0,-1.481003,-0.3999656,-1.657458,1.187664,-0.03708793,-1.920569,0.05460211,0.7988529,-0.1020558,0.5902858,13.15092,106.8518,358.0435,0.4060543,-0.01378778,-0.9137446,0.0,0.0,0.0,2.795396,-0.7434977,-2.771745,0.3826095,-0.2645789,1.915,-0.2971625,-0.03324606,-0.954248,0.2077223,0.9732064,-0.09859341,0.9319581,-0.2275168,-0.2822945,moving,-80.15308,64.11389,11.2987,-7.866261
05/15/2023 12:31:09.188719,433,True,True,True,True,Eyes,0.9897382,-0.03209906,-1.976259,0.9267728,-0.3338174,-0.1722151,0.0,0.0,0.0,0.0,0.0,0.0,0.0,-1.466127,-0.3946958,-1.680178,1.199346,-0.03843585,-1.920521,0.05375472,0.8010516,-0.100342,0.5876719,12.94047,107.2584,358.1292,0.4098696,-0.01384343,-0.9120387,0.0,0.0,0.0,2.796481,-0.7475545,-2.790407,0.3864678,-0.2672463,1.915001,-0.3035042,-0.03181578,-0.9522988,0.204057,0.9740838,-0.09757797,0.9307234,-0.2239386,-0.2891463,moving,-79.47323,62.71096,11.40966,-7.944556
05/15/2023 12:31:09.208675,434,True,True,True,True,Eyes,0.9994283,-0.03255977,-1.974136,0.9240333,-0.335386,-0.183517,0.0,0.0,0.0,0.0,0.0,0.0,0.0,-1.450551,-0.3946642,-1.702333,1.211218,-0.03970826,-1.920721,0.05314059,0.8031977,-0.09980674,0.5848833,12.85539,107.6684,358.1552,0.413691,-0.01391234,-0.9103106,0.0,0.0,0.0,2.800357,-0.7483612,-2.806918,0.3902112,-0.2698355,1.915,-0.3101754,-0.03138581,-0.9501612,0.2021154,0.9744294,-0.09816696,0.9289461,-0.2224911,-0.2959005,moving,-78.76698,61.31335,11.51724,-8.020531
05/15/2023 12:31:09.228669,435,True,True,True,True,Eyes,1.009216,-0.03305284,-1.97213,0.9212473,-0.3367648,-0.1946609,0.0,0.0,0.0,0.0,0.0,0.0,0.0,-1.433425,-0.393049,-1.726485,1.22346,-0.04050028,-1.921315,0.05193899,0.8056561,-0.09874362,0.5817821,12.68208,108.1285,358.1671,0.4175187,-0.01399357,-0.9085602,0.0,0.0,0.0,2.806314,-0.7455101,-2.823235,0.3944275,-0.2727515,1.915,-0.317664,-0.0312046,-0.9476898,0.1985845,0.975104,-0.09867245,0.9271752,-0.2195411,-0.3035586,moving,-78.06882,59.97071,11.63831,-8.106061
05/15/2023 12:31:09.245695,436,True,True,True,True,Eyes,1.019086,-0.03356885,-1.97026,0.918183,-0.3383287,-0.2060914,0.0,0.0,0.0,0.0,0.0,0.0,0.0,-1.416035,-0.3907262,-1.750713,1.235607,-0.04166074,-1.922071,0.0508849,0.8081356,-0.09763937,0.5786139,12.51511,108.5978,358.1951,0.4213516,-0.01408718,-0.9067876,0.0,0.0,0.0,2.811107,-0.7464024,-2.838451,0.3979262,-0.2751707,1.915,-0.3252332,-0.0307472,-0.9451337,0.1952348,0.9757546,-0.09892628,0.9252602,-0.2166971,-0.3113447,moving,-77.3493,58.6525,11.73869,-8.176986
05/15/2023 12:31:09.258821,437,True,True,True,True,Eyes,1.029056,-0.03409314,-1.968519,0.9150373,-0.3397759,-0.2173918,0.0,0.0,0.0,0.0,0.0,0.0,0.0,-1.396972,-0.3936018,-1.774839,1.24759,-0.042721,-1.923071,0.05009542,0.8107274,-0.0976828,0.5750389,12.47431,109.1052,358.1738,0.425188,-0.01419278,-0.9049934,0.0,0.0,0.0,2.816161,-0.7444315,-2.856046,0.4018565,-0.2778884,1.915,-0.3336416,-0.03111533,-0.9421864,0.1935703,0.975897,-0.1007746,0.9226125,-0.2160019,-0.3195769,moving,-76.63561,57.38852,11.85137,-8.256639
05/15/2023 12:31:09.278786,438,True,True,True,True,Eyes,1.039113,-0.03463901,-1.966882,0.911602,-0.3413988,-0.2289732,0.0,0.0,0.0,0.0,0.0,0.0,0.0,-1.376167,-0.3960083,-1.80052,1.25997,-0.04345542,-1.924348,0.04907224,0.8135689,-0.09751653,0.5711287,12.39945,109.6609,358.1493,0.4290268,-0.01430936,-0.903178,0.0,0.0,0.0,2.820749,-0.7428733,-2.874008,0.4057272,-0.2805652,1.914999,-0.3428078,-0.03154168,-0.938876,0.1912363,0.9761649,-0.1026197,0.9197345,-0.214726,-0.328605,moving,-75.90032,56.15059,11.96225,-8.335066
05/15/2023 12:31:09.288190,439,True,True,True,True,Eyes,1.049246,-0.03522281,-1.965378,0.9080498,-0.342961,-0.2404648,0.0,0.0,0.0,0.0,0.0,0.0,0.0,-1.354282,-0.3963293,-1.826853,1.271835,-0.04456384,-1.925876,0.04795753,0.8166091,-0.09699377,0.5669585,12.28601,110.2569,358.1433,0.4328668,-0.0144366,-0.9013419,0.0,0.0,0.0,2.822857,-0.7455987,-2.892527,0.409704,-0.283315,1.914999,-0.3525166,-0.03165777,-0.9352701,0.188308,0.9765846,-0.1040321,0.9166638,-0.2127918,-0.3383008,moving,-75.1677,54.96404,12.07608,-8.415591
05/15/2023 12:31:09.308471,440,True,True,True,True,Eyes,1.059414,-0.03585086,-1.96403,0.9041802,-0.3448881,-0.2520127,0.0,0.0,0.0,0.0,0.0,0.0,0.0,-1.330829,-0.3991817,-1.85335,1.283811,-0.04605252,-1.927451,0.04798804,0.8197312,-0.0971299,0.5624088,12.31104,110.8994,358.2064,0.4367061,-0.01457493,-0.8994858,0.0,0.0,0.0,2.824866,-0.7467687,-2.912442,0.4134239,-0.2858869,1.915001,-0.3627869,-0.03057885,-0.9313703,0.187928,0.9765258,-0.105263,0.912726,-0.2132186,-0.3485241,moving,-74.4258,53.84408,12.18245,-8.49087
05/15/2023 12:31:09.328489,441,True,True,True,True,Eyes,1.069624,-0.03647338,-1.962802,0.9001104,-0.3470213,-0.2633959,0.0,0.0,0.0,0.0,0.0,0.0,0.0,-1.307613,-0.4090782,-1.877194,1.295159,-0.04765487,-1.929079,0.04927877,0.8225829,-0.09886691,0.5578121,12.56981,111.5268,358.2841,0.4405408,-0.01472502,-0.8976114,0.0,0.0,0.0,2.825823,-0.7470509,-2.933952,0.417256,-0.2885374,1.915001,-0.3728345,-0.02922659,-0.9274375,0.1913701,0.9755939,-0.1076759,0.9079494,-0.2176291,-0.3581419,moving,-73.68914,52.8008,12.29195,-8.56843
05/15/2023 12:31:09.345515,442,True,True,True,True,Eyes,1.079877,-0.03705821,-1.961685,0.8957259,-0.3495157,-0.274798,0.0,0.0,0.0,0.0,0.0,0.0,0.0,-1.283618,-0.4286541,-1.898709,1.306432,-0.04807706,-1.930656,0.05079626,0.8252273,-0.1024328,0.5531071,13.01771,112.1384,358.2664,0.4443684,-0.01488524,-0.8957201,0.0,0.0,0.0,2.824153,-0.751653,-2.956484,0.4211715,-0.2912445,1.915001,-0.382985,-0.02947572,-0.9232844,0.1971495,0.9738545,-0.1128692,0.9024716,-0.2252522,-0.3671606,moving,-72.94461,51.82468,12.40375,-8.647611
05/15/2023 12:31:09.358688,443,True,True,True,True,Eyes,1.090171,-0.03753407,-1.960684,0.8911833,-0.352135,-0.2859952,0.0,0.0,0.0,0.0,0.0,0.0,0.0,-1.258568,-0.4506301,-1.919828,1.31766,-0.04767106,-1.932433,0.05150228,0.827909,-0.1063024,0.5482829,13.44389,112.7536,358.1564,0.448187,-0.01505268,-0.8938127,0.0,0.0,0.0,2.819163,-0.7635875,-2.977476,0.4250458,-0.2939239,1.915,-0.3934669,-0.03128918,-0.9188063,0.201846,0.9720946,-0.1195418,0.896907,-0.2324931,-0.3761715,moving,-72.20772,50.91736,12.51427,-8.72595
05/15/2023 12:31:09.378396,444,True,True,True,True,Eyes,1.100516,-0.03771412,-1.959767,0.8864109,-0.3550404,-0.297022,0.0,0.0,0.0,0.0,0.0,0.0,0.0,-1.235773,-0.4707282,-1.939214,1.32899,-0.04547898,-1.934163,0.05230556,0.8302656,-0.1093912,0.5440192,13.80144,113.3018,358.1018,0.4519942,-0.01522156,-0.8918906,0.0,0.0,0.0,2.811893,-0.7809629,-2.996351,0.428973,-0.2966391,1.915001,-0.4026145,-0.03216679,-0.9148044,0.2058768,0.9705954,-0.124737,0.8919173,-0.2385579,-0.3841534,moving,-71.47483,50.0846,12.6262,-8.8053
05/15/2023 12:31:09.388303,445,True,True,True,True,Eyes,1.110971,-0.0377465,-1.958992,0.8817433,-0.3573225,-0.3079763,0.0,0.0,0.0,0.0,0.0,0.0,0.0,-1.215156,-0.5063425,-1.952718,1.340214,-0.03849538,-1.936089,0.05276655,0.8319172,-0.1148581,0.5403122,14.36663,113.7234,357.8511,0.4557894,-0.01537841,-0.8899544,0.0,0.0,0.0,2.80451,-0.7974055,-3.014724,0.432848,-0.2993191,1.915001,-0.4105572,-0.03632368,-0.9111112,0.2119133,0.9680466,-0.1340841,0.8868685,-0.2481257,-0.389741,moving,-70.74666,49.24195,12.73655,-8.883584
05/15/2023 12:31:09.418709,446,True,True,True,True,Eyes,1.121404,-0.03781131,-1.958289,0.877108,-0.3591939,-0.3188437,0.0,0.0,0.0,0.0,0.0,0.0,0.0,-1.187604,-0.4934888,-1.984171,1.353293,-0.03494558,-1.938619,0.04534663,0.8357009,-0.110661,0.5360055,13.50741,114.35,357.475,0.4595723,-0.01551769,-0.8880044,0.0,0.0,0.0,2.798996,-0.8094973,-3.031679,0.4367421,-0.3020117,1.915001,-0.4212838,-0.04283733,-0.9059167,0.1944222,0.9713957,-0.1363469,0.8858442,-0.233571,-0.4009047,moving,-70.02293,48.40567,12.84735,-8.962209
05/15/2023 12:31:09.445854,447,True,True,True,True,Eyes,1.13192,-0.03773556,-1.957726,0.872522,-0.3607465,-0.3294958,0.0,0.0,0.0,0.0,0.0,0.0,0.0,-1.175155,-0.4778861,-2.003299,1.363047,-0.03583206,-1.939946,0.0463585,0.837492,-0.1068979,0.533883,13.21185,114.7179,357.8518,0.4633398,-0.01564253,-0.8860422,0.0,0.0,0.0,2.793139,-0.824568,-3.042983,0.4405482,-0.3046438,1.915001,-0.4256398,-0.03649215,-0.9041567,0.1917917,0.9728475,-0.1295522,0.8843342,-0.2285522,-0.4070838,moving,-69.31165,47.5923,12.95555,-9.039032
05/15/2023 12:31:09.458746,448,True,True,True,True,Eyes,1.142931,-0.03753119,-1.957385,0.8679801,-0.3615194,-0.3404618,0.0,0.0,0.0,0.0,0.0,0.0,0.0,-1.152301,-0.4776671,-2.027554,1.375567,-0.03262986,-1.942597,0.04220397,0.8401886,-0.1056189,0.5302328,12.84036,115.2171,357.5848,0.4670913,-0.01574802,-0.8840684,0.0,0.0,0.0,2.80282,-0.7996579,-3.066893,0.4442179,-0.3071814,1.915,-0.4341443,-0.04108665,-0.8999062,0.1829238,0.9741269,-0.1327237,0.8820761,-0.2222355,-0.415396,moving,-68.5826,46.71821,13.05979,-9.11307
05/15/2023 12:31:09.478539,449,True,True,True,True,Eyes,1.153906,-0.03732989,-1.957134,0.8632132,-0.3626942,-0.3511634,0.0,0.0,0.0,0.0,0.0,0.0,0.0,-1.100509,-0.4512929,-2.081824,1.398437,-0.02954818,-1.947378,0.03211896,0.8467377,-0.09867392,0.5217919,11.57326,116.426,357.1575,0.4708383,-0.0158301,-0.8820771,0.0,0.0,0.0,2.80639,-0.7913122,-3.084518,0.4480972,-0.3098641,1.915001,-0.4534027,-0.04858184,-0.8899806,0.1573672,0.9784636,-0.133583,0.8773033,-0.2006207,-0.4359929,moving,-67.86304,45.92542,13.16988,-9.191302
05/15/2023 12:31:09.488948,450,True,True,True,True,Eyes,1.164912,-0.03706732,-1.956985,0.8583,-0.364009,-0.3616885,0.0,0.0,0.0,0.0,0.0,0.0,0.0,-1.075575,-0.4787033,-2.097044,1.408781,-0.02929676,-1.948869,0.03430248,0.848761,-0.1037444,0.5173638,12.21626,116.9627,357.1193,0.4745755,-0.01589123,-0.8800709,0.0,0.0,0.0,2.810102,-0.7828303,-3.105131,0.4542,-0.3140839,1.915002,-0.4623162,-0.04911798,-0.8853538,0.1655764,0.9761209,-0.1406147,0.871119,-0.2116021,-0.4431438,moving,-67.14939,45.18321,13.34286,-9.314286
05/15/2023 12:31:09.509155,451,True,True,True,True,Eyes,1.175927,-0.03675837,-1.956898,0.8532478,-0.3653972,-0.372093,0.0,0.0,0.0,0.0,0.0,0.0,0.0,-1.048274,-0.4964086,-2.116667,1.42061,-0.02752304,-1.951074,0.03421801,0.8512419,-0.1065092,0.5127105,12.49874,117.5504,357.0079,0.4783002,-0.01593076,-0.8780515,0.0,0.0,0.0,2.81998,-0.7471629,-3.149021,0.4597712,-0.3179366,1.915001,-0.4719141,-0.05096119,-0.8801704,0.1674724,0.9749698,-0.1462424,0.8655923,-0.2164181,-0.4515674,moving,-66.43845,44.47982,13.50057,-9.426506
05/15/2023 12:31:09.528650,452,True,True,True,True,Eyes,1.186936,-0.03641394,-1.956888,0.8480427,-0.3669932,-0.382282,0.0,0.0,0.0,0.0,0.0,0.0,0.0,-1.021285,-0.5006372,-2.137825,1.431555,-0.02613486,-1.952927,0.03183928,0.8539267,-0.1067681,0.5083265,12.39874,118.1255,356.8206,0.4820101,-0.01594883,-0.8760201,0.0,0.0,0.0,2.809573,-0.7702014,-3.162845,0.4635814,-0.3205715,1.915,-0.4811805,-0.05416933,-0.8749461,0.162923,0.9751736,-0.1499748,0.8613484,-0.2147138,-0.4604093,moving,-65.73502,43.83105,13.60832,-9.503212
05/15/2023 12:31:09.546048,453,True,True,True,True,Eyes,1.19797,-0.03601928,-1.956947,0.8426902,-0.3687215,-0.3923237,0.0,0.0,0.0,0.0,0.0,0.0,0.0,-0.9945074,-0.5222626,-2.154161,1.442481,-0.02488373,-1.954698,0.03212951,0.8560861,-0.1104957,0.5038602,12.80098,118.6694,356.688,0.4857024,-0.01594604,-0.8739784,0.0,0.0,0.0,2.803436,-0.7810063,-3.180058,0.4675391,-0.3233086,1.915,-0.4901851,-0.05633746,-0.8697956,0.1663599,0.9735168,-0.15681,0.8555949,-0.2215651,-0.4678312,moving,-65.03515,43.22366,13.72012,-9.582853
05/15/2023 12:31:09.559157,454,True,True,True,True,Eyes,1.209007,-0.03559905,-1.957072,0.8373219,-0.3703066,-0.4022005,0.0,0.0,0.0,0.0,0.0,0.0,0.0,-0.9690207,-0.5285109,-2.1736,1.453997,-0.02328685,-1.956583,0.03126549,0.8584356,-0.1110168,0.499786,12.81793,119.2051,356.6317,0.4893758,-0.01592231,-0.8719274,0.0,0.0,0.0,2.801155,-0.7806644,-3.198099,0.4713057,-0.3259136,1.914999,-0.4984725,-0.05729049,-0.8650101,0.1646481,0.9733955,-0.1593495,0.8511261,-0.2218537,-0.4757781,moving,-64.34309,42.63581,13.82643,-9.658621
05/15/2023 12:31:09.579805,455,True,True,True,True,Eyes,1.220027,-0.03520017,-1.95727,0.8318192,-0.372039,-0.4119026,0.0,0.0,0.0,0.0,0.0,0.0,0.0,-0.9456087,-0.5289979,-2.192627,1.465092,-0.02227037,-1.958223,0.03000495,0.8606359,-0.1105446,0.4961708,12.71211,119.6915,356.5883,0.4930279,-0.01587866,-0.8698683,0.0,0.0,0.0,2.793386,-0.7958028,-3.212337,0.4751271,-0.3285558,1.914999,-0.5058283,-0.05805133,-0.8606786,0.1613447,0.9737592,-0.1605021,0.847411,-0.2200524,-0.4831887,moving,-63.65617,42.089,13.93419,-9.735435
05/15/2023 12:31:09.589333,456,True,True,True,True,Eyes,1.231012,-0.03475698,-1.957524,0.8261698,-0.3740627,-0.4213317,0.0,0.0,0.0,0.0,0.0,0.0,0.0,-0.9230196,-0.5403528,-2.20814,1.475982,-0.02231087,-1.959798,0.03117811,0.8624519,-0.112293,0.4925391,12.96804,120.1592,356.6563,0.4966564,-0.01581806,-0.8678029,0.0,0.0,0.0,2.790436,-0.7981929,-3.229454,0.4792631,-0.3314162,1.914999,-0.5128661,-0.05683809,-0.8565848,0.1643966,0.9728364,-0.1629817,0.8425805,-0.2244074,-0.4895909,moving,-62.97924,41.599,14.0507,-9.818545
05/15/2023 12:31:09.609158,457,True,True,True,True,Eyes,1.241997,-0.03428049,-1.957839,0.8203743,-0.3762343,-0.4306202,0.0,0.0,0.0,0.0,0.0,0.0,0.0,-0.9035085,-0.5662178,-2.217897,1.486188,-0.02070463,-1.961331,0.03473194,0.8636171,-0.1164422,0.4892856,13.59815,120.5527,356.8177,0.500259,-0.01574035,-0.8657325,0.0,0.0,0.0,2.78969,-0.7969332,-3.245617,0.4829831,-0.3339888,1.914999,-0.5187867,-0.05395682,-0.8531994,0.1739372,0.9704698,-0.1671353,0.8370222,-0.2351107,-0.4940817,moving,-62.30471,41.14382,14.15539,-9.893263
05/15/2023 12:31:09.628664,458,True,True,True,True,Eyes,1.252934,-0.03382441,-1.958206,0.8144751,-0.3784505,-0.4397791,0.0,0.0,0.0,0.0,0.0,0.0,0.0,-0.8791014,-0.5798068,-2.233204,1.497043,-0.01939742,-1.963333,0.03606236,0.8655691,-0.1182804,0.4852831,13.87241,121.0692,356.9078,0.5038344,-0.01564587,-0.8636582,0.0,0.0,0.0,2.784333,-0.8074208,-3.259707,0.487098,-0.3368337,1.915,-0.5263999,-0.05237009,-0.848623,0.1772279,0.9694185,-0.1697589,0.8315611,-0.2397607,-0.5010204,moving,-61.63299,40.71353,14.27108,-9.975842
05/15/2023 12:31:09.645640,459,True,True,True,True,Eyes,1.263841,-0.03337838,-1.958583,0.8083787,-0.3809353,-0.4487897,0.0,0.0,0.0,0.0,0.0,0.0,0.0,-0.8550441,-0.5897752,-2.247826,1.506865,-0.01938197,-1.964851,0.03832528,0.8675644,-0.1195206,0.4812255,14.13869,121.6112,357.1312,0.50738,-0.01553727,-0.861582,0.0,0.0,0.0,2.775421,-0.826807,-3.269535,0.4908166,-0.3394052,1.915,-0.5339063,-0.04853343,-0.8441495,0.181532,0.968492,-0.1704975,0.8258268,-0.2442699,-0.5082737,moving,-60.96217,40.32479,14.37552,-10.05045
05/15/2023 12:31:09.658973,460,True,True,True,True,Eyes,1.274713,-0.03292882,-1.959015,0.8021744,-0.3834947,-0.457655,0.0,0.0,0.0,0.0,0.0,0.0,0.0,-0.8326476,-0.6165903,-2.256801,1.516568,-0.01910974,-1.966289,0.04316596,0.8689263,-0.1238085,0.4772582,14.85439,122.1107,357.4407,0.5108956,-0.01541649,-0.8595043,0.0,0.0,0.0,2.768531,-0.8359804,-3.284432,0.4945692,-0.3419993,1.915001,-0.5407226,-0.04316117,-0.840093,0.1931933,0.9656163,-0.1739583,0.8187157,-0.2563635,-0.5137921,moving,-60.29446,39.96152,14.48082,-10.12568
05/15/2023 12:31:09.678930,461,True,True,True,True,Eyes,1.285545,-0.03249377,-1.959496,0.7959632,-0.3858459,-0.4664393,0.0,0.0,0.0,0.0,0.0,0.0,0.0,-0.808342,-0.6307398,-2.269937,1.526641,-0.01851465,-1.967965,0.0455116,0.8707584,-0.1256879,0.4731924,15.18634,122.6442,357.643,0.5143787,-0.01528469,-0.8574265,0.0,0.0,0.0,2.759477,-0.8453374,-3.30036,0.4986774,-0.3448412,1.915,-0.5480353,-0.03968987,-0.8355131,0.1982083,0.9642625,-0.175816,0.8126321,-0.261959,-0.5205832,moving,-59.62944,39.59809,14.596,-10.20806
05/15/2023 12:31:09.689238,462,True,True,True,True,Eyes,1.296327,-0.03210908,-1.960011,0.7897162,-0.3881351,-0.4750784,0.0,0.0,0.0,0.0,0.0,0.0,0.0,-0.7829676,-0.6337864,-2.285921,1.536577,-0.01843463,-1.969453,0.04578124,0.8729082,-0.125683,0.4691899,15.21131,123.1823,357.7424,0.5178285,-0.01514369,-0.85535,0.0,0.0,0.0,2.745691,-0.8671373,-3.311764,0.5023118,-0.3473544,1.914999,-0.5555299,-0.03801269,-0.8306272,0.197864,0.9642158,-0.1764592,0.8076115,-0.2623796,-0.5281295,moving,-58.96968,39.24854,14.69779,-10.28088
05/15/2023 12:31:09.708904,463,True,True,True,True,Eyes,1.30706,-0.03177654,-1.960572,0.783518,-0.390141,-0.4836214,0.0,0.0,0.0,0.0,0.0,0.0,0.0,-0.759613,-0.6383139,-2.300089,1.546179,-0.01923861,-1.970742,0.04646172,0.8747597,-0.1261242,0.465542,15.30259,123.6682,357.8523,0.5212435,-0.01499663,-0.8532758,0.0,0.0,0.0,2.736064,-0.8777604,-3.326245,0.5061575,-0.3500133,1.915,-0.562224,-0.0361466,-0.8261948,0.198718,0.963868,-0.1773971,0.8027549,-0.2639166,-0.5347267,moving,-58.31531,38.89338,14.80539,-10.35788
05/15/2023 12:31:09.729080,464,True,True,True,True,Eyes,1.317752,-0.03150268,-1.961166,0.7773263,-0.3919756,-0.4920558,0.0,0.0,0.0,0.0,0.0,0.0,0.0,-0.7361257,-0.6405373,-2.314804,1.555945,-0.02015057,-1.972084,0.04695217,0.8766493,-0.1261286,0.4619234,15.3383,124.1551,357.9675,0.5246219,-0.01484644,-0.8512054,0.0,0.0,0.0,2.729915,-0.8804681,-3.34235,0.5101981,-0.3528075,1.915,-0.5688447,-0.03420237,-0.8217337,0.1988447,0.9637741,-0.1777645,0.7980456,-0.2645178,-0.5414369,moving,-57.66576,38.54111,14.91833,-10.43876
05/15/2023 12:31:09.746005,465,True,True,True,True,Eyes,1.328417,-0.03130361,-1.961788,0.7712039,-0.3934853,-0.5004137,0.0,0.0,0.0,0.0,0.0,0.0,0.0,-0.7114643,-0.6370459,-2.331078,1.565648,-0.02129924,-1.973379,0.04631909,0.8787448,-0.125208,0.4582413,15.21859,124.6538,358.0196,0.5279636,-0.01469598,-0.8491393,0.0,0.0,0.0,2.723908,-0.8857435,-3.356285,0.5139021,-0.355369,1.915,-0.5757391,-0.0333456,-0.8169535,0.1961563,0.9643551,-0.1776011,0.7937554,-0.2625024,-0.548676,moving,-57.02153,38.17868,15.02175,-10.51286
05/15/2023 12:31:09.759069,466,True,True,True,True,Eyes,1.339052,-0.0311965,-1.962435,0.7650918,-0.3947979,-0.5086936,0.0,0.0,0.0,0.0,0.0,0.0,0.0,-0.6840935,-0.6326213,-2.348239,1.575648,-0.02291664,-1.974646,0.04509154,0.8810362,-0.1243038,0.4541924,15.06963,125.1932,358.0141,0.5312686,-0.01454849,-0.8470781,0.0,0.0,0.0,2.718448,-0.8895117,-3.370784,0.5178095,-0.3580706,1.915001,-0.5833522,-0.03346112,-0.8115299,0.1923702,0.9650306,-0.1780718,0.7891098,-0.2599927,-0.5565158,moving,-56.38089,37.81509,15.13075,-10.59098
05/15/2023 12:31:09.778673,467,True,True,True,True,Eyes,1.349666,-0.03115471,-1.963123,0.7589091,-0.3959191,-0.5170155,0.0,0.0,0.0,0.0,0.0,0.0,0.0,-0.6563902,-0.6249983,-2.365804,1.585589,-0.02504902,-1.975798,0.04350103,0.8833731,-0.122953,0.4501578,14.85605,125.7325,357.9936,0.5345364,-0.01440759,-0.8450223,0.0,0.0,0.0,2.714543,-0.8893075,-3.386244,0.5217255,-0.3607787,1.915001,-0.5909313,-0.03384127,-0.8060119,0.1875518,0.9659804,-0.1780622,0.7846176,-0.2563915,-0.5644811,moving,-55.73491,37.4441,15.23987,-10.66925
05/15/2023 12:31:09.788984,468,True,True,True,True,Eyes,1.360279,-0.03117602,-1.963836,0.7527666,-0.3967815,-0.5252683,0.0,0.0,0.0,0.0,0.0,0.0,0.0,-0.6282389,-0.6164589,-2.383667,1.595923,-0.02658591,-1.977093,0.04169895,0.885728,-0.1213576,0.4461161,14.60683,126.2726,357.9621,0.5377671,-0.0142754,-0.8429722,0.0,0.0,0.0,2.710326,-0.8890788,-3.402134,0.5255153,-0.3633995,1.915001,-0.5984833,-0.03441133,-0.800396,0.182147,0.9670671,-0.1777745,0.7801541,-0.2521848,-0.5725057,moving,-55.09329,37.06697,15.34538,-10.74495
05/15/2023 12:31:09.808683,469,True,True,True,True,Eyes,1.370908,-0.03128344,-1.964542,0.7464097,-0.3976015,-0.5336533,0.0,0.0,0.0,0.0,0.0,0.0,0.0,-0.5999253,-0.6039352,-2.402238,1.60649,-0.0281755,-1.978331,0.03931693,0.8881198,-0.1191204,0.4421627,14.26194,126.8032,357.9006,0.5409619,-0.01415366,-0.8409276,0.0,0.0,0.0,2.706673,-0.8875467,-3.418257,0.5293436,-0.366047,1.915,-0.6058929,-0.03550489,-0.7947537,0.1751775,0.968529,-0.1768174,0.7760199,-0.2463553,-0.5806051,moving,-54.43674,36.68817,15.45184,-10.8214
05/15/2023 12:31:09.828962,470,True,True,True,True,Eyes,1.38151,-0.03145859,-1.965251,0.7399607,-0.3986078,-0.5418211,0.0,0.0,0.0,0.0,0.0,0.0,0.0,-0.5727158,-0.5925896,-2.419647,1.617061,-0.03041434,-1.979404,0.03766337,0.8903274,-0.1171489,0.4383776,13.98237,127.3126,357.8948,0.5441225,-0.01404495,-0.8388879,0.0,0.0,0.0,2.7036,-0.8844841,-3.434708,0.5332642,-0.3687582,1.915,-0.6128134,-0.03564544,-0.7894237,0.1697764,0.9697152,-0.1755801,0.7717748,-0.2416233,-0.5882027,moving,-53.78731,36.34123,15.56076,-10.89963
05/15/2023 12:31:09.845826,471,True,True,True,True,Eyes,1.392113,-0.03166874,-1.965997,0.7332716,-0.3998916,-0.5499087,0.0,0.0,0.0,0.0,0.0,0.0,0.0,-0.5465868,-0.6087685,-2.428947,1.627028,-0.03215884,-1.980122,0.0387876,0.8917566,-0.1201259,0.434552,14.35663,127.7777,357.9163,0.5472491,-0.01395075,-0.8368531,0.0,0.0,0.0,2.702007,-0.8788092,-3.451448,0.5372018,-0.3714809,1.915001,-0.6193203,-0.0352237,-0.7843481,0.1735801,0.9681306,-0.1805357,0.7657105,-0.2479566,-0.5934688,moving,-53.13235,36.02451,15.67003,-10.97816
05/15/2023 12:31:09.858772,472,True,True,True,True,Eyes,1.402718,-0.03192047,-1.966767,0.7265715,-0.4010437,-0.557905,0.0,0.0,0.0,0.0,0.0,0.0,0.0,-0.5176803,-0.619391,-2.440986,1.63789,-0.03317469,-1.981481,0.038855,0.8935268,-0.1220041,0.4303666,14.56461,128.2953,357.8934,0.5503423,-0.01387102,-0.8348234,0.0,0.0,0.0,2.699982,-0.8751673,-3.467188,0.5409756,-0.3740903,1.915001,-0.6265501,-0.03557699,-0.778569,0.1744489,0.9672106,-0.1845841,0.7596071,-0.2514716,-0.5997995,moving,-52.4808,35.71004,15.77465,-11.05338
05/15/2023 12:31:09.878685,473,True,True,True,True,Eyes,1.413316,-0.03219357,-1.967572,0.7197028,-0.4023761,-0.5657926,0.0,0.0,0.0,0.0,0.0,0.0,0.0,-0.4862647,-0.61531,-2.456638,1.648559,-0.03444897,-1.982723,0.03714025,0.8958099,-0.1213897,0.4259224,14.42555,128.8654,357.8186,0.5534027,-0.01380599,-0.832799,0.0,0.0,0.0,2.690451,-0.891023,-3.476016,0.5449538,-0.3768415,1.915001,-0.6344217,-0.03686395,-0.7721078,0.1699464,0.9677703,-0.1858464,0.754074,-0.2491219,-0.6077095,moving,-51.82743,35.41939,15.88482,-11.13265
05/15/2023 12:31:09.888654,474,True,True,True,True,Eyes,1.423944,-0.03251286,-1.968399,0.7128037,-0.403555,-0.5736324,0.0,0.0,0.0,0.0,0.0,0.0,0.0,-0.4516882,-0.6206634,-2.470045,1.659424,-0.03521499,-1.983794,0.0350829,0.8980132,-0.1227293,0.4210452,14.47562,129.4564,357.6122,0.5564306,-0.01375499,-0.8307799,0.0,0.0,0.0,2.682495,-0.9013136,-3.487316,0.548784,-0.3794898,1.915001,-0.6429804,-0.04033938,-0.7648197,0.166359,0.9674134,-0.1908821,0.7475969,-0.2499681,-0.615317,moving,-51.17445,35.12669,15.99077,-11.20891
05/15/2023 12:31:09.908426,475,True,True,True,True,Eyes,1.434581,-0.03287649,-1.969239,0.7057514,-0.4048186,-0.5814093,0.0,0.0,0.0,0.0,0.0,0.0,0.0,-0.4129987,-0.6136243,-2.487193,1.670799,-0.03668551,-1.985023,0.03176661,0.9007599,-0.1220462,0.4156047,14.2571,130.1363,357.3851,0.5594276,-0.01371845,-0.8287655,0.0,0.0,0.0,2.677169,-0.9016261,-3.502068,0.5524932,-0.382055,1.915001,-0.6525273,-0.04421775,-0.756474,0.1586741,0.9681912,-0.1934639,0.7409661,-0.2462733,-0.624755,moving,-50.51776,34.84839,16.09328,-11.28274
05/15/2023 12:31:09.928707,476,True,True,True,True,Eyes,1.445262,-0.03326875,-1.97009,0.6986169,-0.4060685,-0.5891034,0.0,0.0,0.0,0.0,0.0,0.0,0.0,-0.3743463,-0.6125474,-2.501693,1.681955,-0.03811634,-1.985797,0.02931514,0.9032837,-0.1224295,0.4101589,14.19512,130.8072,357.1933,0.562394,-0.01369668,-0.8267555,0.0,0.0,0.0,2.669251,-0.9086223,-3.514277,0.5564773,-0.3848101,1.915,-0.6618208,-0.04747132,-0.7481577,0.1533909,0.9683033,-0.1971294,0.7338015,-0.2452249,-0.6335616,moving,-49.861,34.57846,16.20326,-11.36199
05/15/2023 12:31:09.948922,477,True,True,True,True,Eyes,1.455948,-0.03369808,-1.970991,0.6913656,-0.4072835,-0.5967693,0.0,0.0,0.0,0.0,0.0,0.0,0.0,-0.3343192,-0.6146957,-2.515569,1.693714,-0.03920169,-1.986833,0.02718308,0.9057685,-0.1233402,0.404514,14.20708,131.4966,357.0114,0.5653321,-0.01368926,-0.8247494,0.0,0.0,0.0,2.66269,-0.9081747,-3.530298,0.5602595,-0.3874259,1.915,-0.6712587,-0.05054251,-0.7394975,0.1490288,0.9680966,-0.2014435,0.7260866,-0.2454272,-0.6423111,moving,-49.20007,34.31278,16.30756,-11.4372
05/15/2023 12:31:09.958850,478,True,True,True,True,Eyes,1.466657,-0.03415599,-1.971938,0.6840191,-0.4084589,-0.6043833,0.0,0.0,0.0,0.0,0.0,0.0,0.0,-0.2923262,-0.6046902,-2.531961,1.705434,-0.04049613,-1.98791,0.02453942,0.9086566,-0.1220336,0.3985584,13.96529,132.252,356.8882,0.5682415,-0.01369616,-0.8227474,0.0,0.0,0.0,2.654,-0.9122331,-3.54422,0.564122,-0.3900964,1.915,-0.6810979,-0.0526792,-0.7302946,0.1418708,0.9690113,-0.2022124,0.7183161,-0.241334,-0.652518,moving,-48.53693,34.05191,16.41395,-11.51394
05/15/2023 12:31:09.978708,479,True,True,True,True,Eyes,1.477436,-0.03463212,-1.972897,0.6765941,-0.4094335,-0.6120332,0.0,0.0,0.0,0.0,0.0,0.0,0.0,-0.2479692,-0.5974423,-2.547446,1.717513,-0.04160529,-1.989051,0.02228808,0.9115804,-0.1211926,0.3922204,13.79433,133.0503,356.7869,0.5711227,-0.013717,-0.8207496,0.0,0.0,0.0,2.644191,-0.9183071,-3.557901,0.5682168,-0.3929291,1.914999,-0.6913328,-0.0544337,-0.7204832,0.1357032,0.9696312,-0.2034699,0.7096786,-0.2384373,-0.662951,moving,-47.86815,33.78144,16.52663,-11.5953
05/15/2023 12:31:09.988709,480,True,True,True,True,Eyes,1.488289,-0.03514816,-1.973864,0.669149,-0.4100622,-0.6197488,0.0,0.0,0.0,0.0,0.0,0.0,0.0,-0.2016406,-0.5843788,-2.563927,1.730052,-0.04256204,-1.990222,0.01931917,0.9146703,-0.1194332,0.3856693,13.49648,133.8785,356.6523,0.5739782,-0.013751,-0.8187547,0.0,0.0,0.0,2.635348,-0.916029,-3.575192,0.571943,-0.3955053,1.914999,-0.7017723,-0.05678207,-0.7101352,0.1274648,0.9707249,-0.2035824,0.7009057,-0.2333856,-0.6739901,moving,-47.19493,33.49096,16.62905,-11.66925
05/15/2023 12:31:10.008848,481,True,True,True,True,Eyes,1.499207,-0.03572458,-1.974829,0.661436,-0.4106519,-0.6275886,0.0,0.0,0.0,0.0,0.0,0.0,0.0,-0.1577926,-0.5597067,-2.581845,1.742718,-0.04411349,-1.991251,0.01600787,0.9177563,-0.1156303,0.3796011,12.96725,134.6676,356.5641,0.5768097,-0.01379831,-0.8167616,0.0,0.0,0.0,2.62415,-0.9159074,-3.592657,0.5761752,-0.3984313,1.914999,-0.7112936,-0.05840416,-0.7004645,0.1171694,0.9727467,-0.2000877,0.6930605,-0.2243941,-0.6850654,moving,-46.50413,33.19804,16.74522,-11.75318
05/15/2023 12:31:10.028715,482,True,True,True,True,Eyes,1.510199,-0.03634315,-1.9758,0.6536719,-0.4111909,-0.6353227,0.0,0.0,0.0,0.0,0.0,0.0,0.0,-0.1179817,-0.5452994,-2.596183,1.755289,-0.04616344,-1.99205,0.01432634,0.920275,-0.113519,0.3741687,12.68897,135.3654,356.5574,0.5796195,-0.01385992,-0.8147689,0.0,0.0,0.0,2.614452,-0.911473,-3.610911,0.5796003,-0.4007999,1.915,-0.7195851,-0.05858221,-0.6919289,0.1113189,0.9738164,-0.1982165,0.6854237,-0.2196584,-0.6942225,moving,-45.81557,32.91158,16.83914,-11.82108
05/15/2023 12:31:10.045731,483,True,True,True,True,Eyes,1.521242,-0.03696794,-1.976799,0.6456789,-0.4119762,-0.642942,0.0,0.0,0.0,0.0,0.0,0.0,0.0,-0.08018196,-0.541958,-2.607861,1.768126,-0.04780003,-1.993123,0.01338906,0.9223613,-0.1133171,0.369093,12.64574,135.9974,356.5363,0.5824093,-0.01393592,-0.8127757,0.0,0.0,0.0,2.610701,-0.8975561,-3.628945,0.5795999,-0.4007999,1.915,-0.7271821,-0.05894995,-0.6839085,0.1083482,0.97396,-0.1991549,0.6778396,-0.2189221,-0.7018591,static,-45.12169,32.65042,16.83913,-11.82108
05/15/2023 12:31:10.058529,484,True,True,True,True,Eyes,1.532347,-0.03758354,-1.977809,0.6375628,-0.4128432,-0.6504415,0.0,0.0,0.0,0.0,0.0,0.0,0.0,-0.04043853,-0.5423007,-2.618305,1.780853,-0.04850191,-1.994355,0.01161037,0.9244155,-0.114021,0.3637592,12.66512,136.6394,356.3868,0.5851796,-0.01402496,-0.810782,0.0,0.0,0.0,2.606187,-0.8910689,-3.643083,0.5795999,-0.4007998,1.915,-0.7350894,-0.06148676,-0.6751769,0.104418,0.9737288,-0.2023588,0.6698815,-0.2192523,-0.7093573,static,-44.42712,32.40379,16.83913,-11.82108
05/15/2023 12:31:10.078802,485,True,True,True,True,Eyes,1.54351,-0.03816266,-1.978834,0.6291311,-0.4140989,-0.6578116,0.0,0.0,0.0,0.0,0.0,0.0,0.0,0.005467176,-0.5473485,-2.62716,1.793546,-0.04887664,-1.995592,0.009741895,0.9267029,-0.1157314,0.357398,12.79484,137.3936,356.1976,0.5879313,-0.0141252,-0.808787,0.0,0.0,0.0,2.601288,-0.8915664,-3.653755,0.5796001,-0.4007999,1.914999,-0.7443439,-0.06466868,-0.6646583,0.10078,0.9730226,-0.2075338,0.6601486,-0.2214608,-0.7177461,static,-43.72333,32.19082,16.83914,-11.82109
05/15/2023 12:31:10.088814,486,True,True,True,True,Eyes,1.554734,-0.03865882,-1.979868,0.6205397,-0.4154646,-0.6650711,0.0,0.0,0.0,0.0,0.0,0.0,0.0,0.05488658,-0.5583043,-2.633972,1.806317,-0.04848973,-1.996845,0.00831618,0.9290296,-0.1183919,0.3504545,13.0504,138.2096,356.0251,0.5906656,-0.01423391,-0.8067905,0.0,0.0,0.0,2.595767,-0.8942783,-3.663002,0.5796007,-0.4007999,1.915001,-0.754225,-0.06753004,-0.6531343,0.09843393,0.9718285,-0.2141503,0.649196,-0.2258081,-0.72633,static,-43.01616,31.99269,16.83914,-11.82108
05/15/2023 12:31:10.108662,487,True,True,True,True,Eyes,1.566024,-0.03902913,-1.980924,0.6117175,-0.4170894,-0.6721891,0.0,0.0,0.0,0.0,0.0,0.0,0.0,0.1042405,-0.5681111,-2.640041,1.819073,-0.0469625,-1.998049,0.007098191,0.9313384,-0.1205646,0.3435445,13.26469,139.0277,355.8984,0.5933829,-0.01434677,-0.804792,0.0,0.0,0.0,2.585916,-0.9004433,-3.672132,0.5796001,-0.4007998,1.915001,-0.7638538,-0.069617,-0.6416239,0.09606026,0.9708275,-0.2196959,0.6382007,-0.22945,-0.734883,static,-42.30338,31.81936,16.83913,-11.82108
05/15/2023 12:31:10.129504,488,True,True,True,True,Eyes,1.577389,-0.03938571,-1.98201,0.6028312,-0.4183877,-0.679372,0.0,0.0,0.0,0.0,0.0,0.0,0.0,0.1545774,-0.5764562,-2.645894,1.832138,-0.04424541,-1.999565,0.004771569,0.9336081,-0.1227031,0.3365964,13.43402,139.8362,355.6548,0.5960842,-0.01445826,-0.8027913,0.0,0.0,0.0,2.572927,-0.9095614,-3.680493,0.5796001,-0.4007998,1.915,-0.7733604,-0.07369331,-0.6296692,0.0915124,0.9698424,-0.225901,0.6273273,-0.2323254,-0.7432938,static,-41.58379,31.62663,16.83913,-11.82108
05/15/2023 12:31:10.145735,489,True,True,True,True,Eyes,1.58877,-0.03967799,-1.983093,0.5937782,-0.4199023,-0.6863742,0.0,0.0,0.0,0.0,0.0,0.0,0.0,0.2054682,-0.552007,-2.658098,1.845388,-0.04434006,-2.001247,0.00156773,0.936608,-0.1191859,0.3294812,12.96137,140.7325,355.5506,0.5987704,-0.01456785,-0.8007878,0.0,0.0,0.0,2.559997,-0.915817,-3.68918,0.5796,-0.4007999,1.915001,-0.7828794,-0.07560235,-0.6175631,0.08147574,0.9715845,-0.2222279,0.6168157,-0.224294,-0.7544737,static,-40.86288,31.45699,16.83912,-11.82108
05/15/2023 12:31:10.158551,490,True,True,True,True,Eyes,1.600198,-0.03981267,-1.984231,0.5846461,-0.4215371,-0.6931778,0.0,0.0,0.0,0.0,0.0,0.0,0.0,0.245131,-0.5662544,-2.660735,1.85739,-0.04301012,-2.002122,0.002573387,0.938192,-0.1214269,0.3241065,13.26832,141.3776,355.6466,0.6014409,-0.01467311,-0.7987822,0.0,0.0,0.0,2.548552,-0.920574,-3.697388,0.5796003,-0.4007998,1.915001,-0.789897,-0.07388184,-0.6087731,0.08353917,0.9704978,-0.2261754,0.6075233,-0.2295116,-0.7604213,static,-40.14525,31.30473,16.83914,-11.82108
05/15/2023 12:31:10.178756,491,True,True,True,True,Eyes,1.611652,-0.0398575,-1.985442,0.5755366,-0.4228014,-0.6999976,0.0,0.0,0.0,0.0,0.0,0.0,0.0,0.286898,-0.5810152,-2.664032,1.870052,-0.03923269,-2.004575,0.001860311,0.9397859,-0.1239958,0.3184715,13.54706,142.0302,355.547,0.6040952,-0.0147682,-0.796775,0.0,0.0,0.0,2.540178,-0.9070933,-3.714934,0.5795996,-0.4008,1.915,-0.7971451,-0.07548167,-0.5990514,0.08247484,0.9692432,-0.2318741,0.5981287,-0.2342439,-0.7664021,static,-39.42698,31.13215,16.83912,-11.82109
05/15/2023 12:31:10.188952,492,True,True,True,True,Eyes,1.623099,-0.03990232,-1.98665,0.5662844,-0.4240585,-0.7067506,0.0,0.0,0.0,0.0,0.0,0.0,0.0,0.3362509,-0.5491781,-2.675724,1.882564,-0.03717346,-2.00717,-0.002413515,0.9427212,-0.119183,0.3115547,12.89757,142.8997,355.3623,0.6067315,-0.01485056,-0.7947676,0.0,0.0,0.0,2.529491,-0.9143221,-3.720522,0.5795999,-0.4007996,1.915001,-0.8058557,-0.07881455,-0.5868431,0.06971347,0.9715792,-0.2262165,0.5879937,-0.2232087,-0.7774581,static,-38.70348,30.96425,16.83912,-11.82107
05/15/2023 12:31:10.208531,493,True,True,True,True,Eyes,1.634553,-0.03987848,-1.987871,0.5568692,-0.4257017,-0.7132144,0.0,0.0,0.0,0.0,0.0,0.0,0.0,0.3820404,-0.551222,-2.677994,1.893954,-0.03729561,-2.008233,-0.001769777,0.9448156,-0.1195138,0.3050192,12.98861,143.7051,355.5118,0.60935,-0.01492146,-0.7927606,0.0,0.0,0.0,2.520388,-0.9200314,-3.72651,0.5795999,-0.4007998,1.915,-0.8139203,-0.07625221,-0.5759507,0.06956376,0.9714267,-0.2269166,0.5767968,-0.2247573,-0.7853595,static,-37.98229,30.83203,16.83912,-11.82108
05/15/2023 12:31:10.228831,494,True,True,True,True,Eyes,1.646013,-0.03975796,-1.989154,0.5474281,-0.4272158,-0.7195896,0.0,0.0,0.0,0.0,0.0,0.0,0.0,0.4179932,-0.5881493,-2.674174,1.905354,-0.03554319,-2.010026,0.00213172,0.9457172,-0.1248631,0.3000395,13.73607,144.2912,355.8147,0.6119497,-0.01497939,-0.7907544,0.0,0.0,0.0,2.513556,-0.8997078,-3.745469,0.5796,-0.4007998,1.914999,-0.8199435,-0.07089574,-0.5680373,0.07895976,0.9688093,-0.2348912,0.5669727,-0.2374496,-0.7887709,static,-37.26208,30.69733,16.83914,-11.82109
05/15/2023 12:31:10.245826,495,True,True,True,True,Eyes,1.657433,-0.03956692,-1.990488,0.5379824,-0.4286188,-0.7258518,0.0,0.0,0.0,0.0,0.0,0.0,0.0,0.4539771,-0.5881293,-2.678658,1.917034,-0.03311227,-2.012731,0.002910224,0.9473817,-0.123983,0.2951062,13.68809,144.9173,356.0067,0.6145294,-0.01502188,-0.7887505,0.0,0.0,0.0,2.498891,-0.9012495,-3.755069,0.5796,-0.4007999,1.915,-0.8258078,-0.06766214,-0.5598781,0.07869051,0.9692394,-0.2332009,0.5584348,-0.2366362,-0.7950811,static,-36.54488,30.56205,16.83913,-11.82108
05/15/2023 12:31:10.258423,496,True,True,True,True,Eyes,1.668823,-0.03934607,-1.991893,0.5284807,-0.4300502,-0.7319597,0.0,0.0,0.0,0.0,0.0,0.0,0.0,0.4858427,-0.5866925,-2.682866,1.927662,-0.03122121,-2.015233,0.003119718,0.9488103,-0.1231889,0.2908156,13.62583,145.4553,356.1219,0.6170872,-0.01504779,-0.7867506,0.0,0.0,0.0,2.484221,-0.9196491,-3.755613,0.5796,-0.4007999,1.915,-0.830833,-0.06573045,-0.5526263,0.07757053,0.9696296,-0.2319512,0.551089,-0.2355803,-0.8005015,static,-35.82959,30.43563,16.83913,-11.82109
05/15/2023 12:31:10.279002,497,True,True,True,True,Eyes,1.680168,-0.03909466,-1.993353,0.5186933,-0.4316083,-0.7380186,0.0,0.0,0.0,0.0,0.0,0.0,0.0,0.5236633,-0.5938609,-2.684198,1.938383,-0.03026286,-2.018307,0.003335599,0.9502729,-0.1243753,0.2854841,13.78537,146.0953,356.1817,0.619621,-0.01505768,-0.7847564,0.0,0.0,0.0,2.476259,-0.9139585,-3.76635,0.5796005,-0.4007998,1.915,-0.8369757,-0.06467489,-0.5434054,0.07735381,0.9690394,-0.2344764,0.5417459,-0.2382855,-0.8060595,static,-35.10027,30.31997,16.83914,-11.82108
05/15/2023 12:31:10.289172,498,True,True,True,True,Eyes,1.691465,-0.03877084,-1.994882,0.508867,-0.4332847,-0.743854,0.0,0.0,0.0,0.0,0.0,0.0,0.0,0.5616267,-0.5994874,-2.684802,1.948487,-0.02927311,-2.021264,0.003545574,0.9517693,-0.1252713,0.2800535,13.91279,146.7502,356.254,0.6221291,-0.01505204,-0.7827697,0.0,0.0,0.0,2.470357,-0.9090821,-3.775529,0.5795999,-0.4007998,1.915,-0.8431153,-0.0634162,-0.5339809,0.07691447,0.9685891,-0.2364729,0.5322043,-0.2404447,-0.8117546,static,-34.37584,30.22021,16.83913,-11.82109
05/15/2023 12:31:10.308501,499,True,True,True,True,Eyes,1.702735,-0.03838477,-1.996497,0.4989142,-0.434975,-0.7495874,0.0,0.0,0.0,0.0,0.0,0.0,0.0,0.600758,-0.6113051,-2.683444,1.958712,-0.02717075,-2.024397,0.002518141,0.9530193,-0.1278792,0.2745814,14.18925,147.373,356.1304,0.6246095,-0.01502973,-0.7807922,0.0,0.0,0.0,2.459712,-0.912456,-3.782891,0.5796006,-0.4007997,1.915001,-0.8491975,-0.06542678,-0.5240067,0.07502613,0.9672812,-0.2423597,0.5227185,-0.2451254,-0.8165039,static,-33.64714,30.12599,16.83914,-11.82107
05/15/2023 12:31:10.328535,500,True,True,True,True,Eyes,1.713943,-0.03800125,-1.998193,0.4889434,-0.4364747,-0.7552643,0.0,0.0,0.0,0.0,0.0,0.0,0.0,0.644599,-0.6026881,-2.685673,1.96892,-0.02533273,-2.028371,-0.00152644,0.9547566,-0.1280422,0.2684078,14.10377,148.0715,355.7633,0.6270609,-0.0149901,-0.7788256,0.0,0.0,0.0,2.448162,-0.9146911,-3.790491,0.5796001,-0.4007997,1.915001,-0.85591,-0.0716498,-0.5121373,0.06582028,0.9672058,-0.2453177,0.5129191,-0.2436789,-0.8231251,static,-32.91824,30.02404,16.83912,-11.82107
05/15/2023 12:31:10.345821,501,True,True,True,True,Eyes,1.725024,-0.03762961,-1.999993,0.4788073,-0.4380844,-0.7608058,0.0,0.0,0.0,0.0,0.0,0.0,0.0,0.6894847,-0.5849159,-2.688362,1.978738,-0.02504729,-2.031938,-0.004767416,0.9567816,-0.1263314,0.2618909,13.84205,148.8437,355.5526,0.6294812,-0.0149351,-0.7768719,0.0,0.0,0.0,2.437453,-0.9221935,-3.794579,0.5795996,-0.4007998,1.915,-0.8627812,-0.07529283,-0.4999401,0.05704733,0.9680353,-0.2442402,0.5023492,-0.239246,-0.8309073,static,-32.18394,29.93404,16.83912,-11.82109
05/15/2023 12:31:10.361290,502,True,True,True,True,Eyes,1.736032,-0.03726329,-2.001897,0.468499,-0.4397504,-0.766243,0.0,0.0,0.0,0.0,0.0,0.0,0.0,0.7336243,-0.5929659,-2.684481,1.987955,-0.02482642,-2.035599,-0.004770515,0.9583303,-0.1281826,0.2552445,14.07828,149.627,355.5902,0.6318669,-0.01486681,-0.7749339,0.0,0.0,0.0,2.428694,-0.9211619,-3.803167,0.5796,-0.4008,1.915,-0.8696553,-0.07457928,-0.4879939,0.05629236,0.9670929,-0.2481179,0.4904399,-0.2432473,-0.8368393,static,-31.4426,29.85171,16.83913,-11.82109
05/15/2023 12:31:10.379198,503,True,True,True,True,Eyes,1.746939,-0.03689224,-2.003883,0.4579861,-0.4414992,-0.7715745,0.0,0.0,0.0,0.0,0.0,0.0,0.0,0.7804381,-0.6011076,-2.679758,1.997351,-0.0245605,-2.039975,-0.004023012,0.9600334,-0.1296339,0.2480218,14.29475,150.4943,355.7373,0.6342159,-0.01478687,-0.7730142,0.0,0.0,0.0,2.417804,-0.9148318,-3.814999,0.5795999,-0.4007999,1.915001,-0.8769381,-0.07202852,-0.4751754,0.05657962,0.9663578,-0.2509013,0.4772615,-0.2469102,-0.8433607,static,-30.69224,29.77843,16.83912,-11.82108
05/15/2023 12:31:10.389051,504,True,True,True,True,Eyes,1.757753,-0.03657082,-2.005952,0.4472638,-0.4433794,-0.7767688,0.0,0.0,0.0,0.0,0.0,0.0,0.0,0.8268402,-0.6170158,-2.671654,2.005991,-0.0240223,-2.0439,-0.002751773,0.9615089,-0.1323618,0.2407769,14.66748,151.3558,355.9081,0.6365266,-0.01469637,-0.7711144,0.0,0.0,0.0,2.400534,-0.9214818,-3.821543,0.5796003,-0.4007997,1.915001,-0.8840381,-0.06903104,-0.4622898,0.05844763,0.9649456,-0.2558593,0.4637468,-0.253209,-0.8490139,static,-29.93335,29.71771,16.83913,-11.82107
05/15/2023 12:31:10.408862,505,True,True,True,True,Eyes,1.76845,-0.0362775,-2.008087,0.4363695,-0.4454101,-0.7817874,0.0,0.0,0.0,0.0,0.0,0.0,0.0,0.874032,-0.6325361,-2.662662,2.014712,-0.02484538,-2.047955,-0.0009367797,0.9629906,-0.1349628,0.2333099,15.04032,152.2541,356.1538,0.6387973,-0.01459834,-0.7692362,0.0,0.0,0.0,2.380356,-0.9264573,-3.829861,0.5796002,-0.4007998,1.915,-0.8911315,-0.06478052,-0.4490975,0.06117208,0.9635683,-0.2603729,0.4496032,-0.2594987,-0.8547033,static,-29.1689,29.67159,16.83913,-11.82108
05/15/2023 12:31:10.428978,506,True,True,True,True,Eyes,1.779057,-0.03598593,-2.010309,0.4253687,-0.4477218,-0.7865155,0.0,0.0,0.0,0.0,0.0,0.0,0.0,0.9149792,-0.6599095,-2.651198,2.022806,-0.0251428,-2.051619,0.001399724,0.9638774,-0.1395322,0.2268685,15.64159,153.0148,356.3912,0.6410269,-0.01449469,-0.7673812,0.0,0.0,0.0,2.358252,-0.9356779,-3.835156,0.5796,-0.4007998,1.915001,-0.8970576,-0.06061259,-0.4377374,0.06600924,0.9610576,-0.2683487,0.4369562,-0.269619,-0.858123,static,-28.40571,29.65058,16.83912,-11.82108
05/15/2023 12:31:10.445582,507,True,True,True,True,Eyes,1.789567,-0.03572731,-2.012618,0.414546,-0.4498603,-0.7910609,0.0,0.0,0.0,0.0,0.0,0.0,0.0,0.957047,-0.6843699,-2.640025,2.031401,-0.02481022,-2.055924,0.001679185,0.9646173,-0.1446075,0.2204524,16.24362,153.7376,356.386,0.643214,-0.01438615,-0.765551,0.0,0.0,0.0,2.334684,-0.9455302,-3.840652,0.5796002,-0.4007999,1.915001,-0.902796,-0.0605186,-0.4257902,0.06699768,0.9581717,-0.2782414,0.4248189,-0.2797221,-0.860979,static,-27.65625,29.62601,16.83913,-11.82108
05/15/2023 12:31:10.458881,508,True,True,True,True,Eyes,1.799978,-0.03550909,-2.014996,0.4037188,-0.4521037,-0.79537,0.0,0.0,0.0,0.0,0.0,0.0,0.0,0.9977011,-0.685931,-2.634382,2.03966,-0.02532645,-2.060344,0.0003473201,0.9657811,-0.1460924,0.2142989,16.39964,154.4448,356.2978,0.645358,-0.01427451,-0.7637466,0.0,0.0,0.0,2.313186,-0.9617859,-3.841083,0.5796002,-0.4007998,1.915,-0.908152,-0.06194403,-0.4140332,0.06328578,0.9573138,-0.2820377,0.4138302,-0.2823355,-0.8654662,static,-26.91172,29.61474,16.83913,-11.82108
05/15/2023 12:31:10.478879,509,True,True,True,True,Eyes,1.810294,-0.03531839,-2.017466,0.3931339,-0.454123,-0.7995111,0.0,0.0,0.0,0.0,0.0,0.0,0.0,1.034366,-0.6953057,-2.627201,2.047758,-0.02603287,-2.064354,-0.0003820999,0.9665551,-0.1488613,0.2088336,16.71467,155.0627,356.2336,0.6474581,-0.01416167,-0.7619692,0.0,0.0,0.0,2.294816,-0.9795898,-3.839968,0.5795999,-0.4007998,1.915001,-0.9127768,-0.06291314,-0.4035847,0.06143586,0.9556803,-0.2879249,0.4038122,-0.2876057,-0.8684576,static,-26.18417,29.59661,16.83912,-11.82108
05/15/2023 12:31:10.488917,510,True,True,True,True,Eyes,1.820523,-0.03514749,-2.020046,0.3826242,-0.4560129,-0.8035241,0.0,0.0,0.0,0.0,0.0,0.0,0.0,1.068613,-0.7002061,-2.622184,2.055783,-0.02649412,-2.069088,-0.001616366,0.9673131,-0.1509179,0.2037807,16.93645,155.6303,356.1258,0.6495138,-0.01404882,-0.7602197,0.0,0.0,0.0,2.280415,-0.9855928,-3.844646,0.5796,-0.4007996,1.915001,-0.9169416,-0.06463534,-0.3937516,0.05838122,0.9544424,-0.2926284,0.3947273,-0.2913108,-0.8713944,static,-25.46298,29.57561,16.83912,-11.82107
05/15/2023 12:31:10.514254,511,True,True,True,True,Eyes,1.830709,-0.03500473,-2.022708,0.3723576,-0.4573819,-0.807559,0.0,0.0,0.0,0.0,0.0,0.0,0.0,1.103759,-0.6880903,-2.621394,2.063982,-0.02680981,-2.074299,-0.004233667,0.96847,-0.1503017,0.1986389,16.82463,156.2162,355.9315,0.6515243,-0.01393677,-0.7584994,0.0,0.0,0.0,2.267389,-0.9962989,-3.845968,0.5795999,-0.4008,1.915,-0.9210495,-0.06791188,-0.383479,0.05151116,0.954783,-0.2928073,0.3860243,-0.2894434,-0.8759042,static,-24.75397,29.52617,16.83913,-11.82109
05/15/2023 12:31:10.530058,512,True,True,True,True,Eyes,1.840824,-0.03493226,-2.025486,0.3621698,-0.4585289,-0.811532,0.0,0.0,0.0,0.0,0.0,0.0,0.0,1.139033,-0.675535,-2.619866,2.071942,-0.02747318,-2.079361,-0.006846833,0.9695967,-0.1497309,0.1934324,16.7208,156.8086,355.7363,0.6534904,-0.01382649,-0.7568082,0.0,0.0,0.0,2.256828,-1.004358,-3.848742,0.5795994,-0.4008,1.915,-0.9250742,-0.07120293,-0.3730524,0.04464826,0.9550676,-0.2930059,0.3771532,-0.2877083,-0.8803293,static,-24.05021,29.46716,16.83912,-11.82109
05/15/2023 12:31:10.545709,513,True,True,True,True,Eyes,1.85088,-0.03494295,-2.028366,0.3521906,-0.4592156,-0.8155261,0.0,0.0,0.0,0.0,0.0,0.0,0.0,1.173988,-0.6524919,-2.621379,2.080399,-0.02913098,-2.084876,-0.009762988,0.970943,-0.1473761,0.1882942,16.41013,157.4076,355.5482,0.6554117,-0.01372043,-0.7551468,0.0,0.0,0.0,2.248733,-1.003132,-3.856563,0.5796,-0.4007999,1.915,-0.9289004,-0.07445873,-0.3627682,0.03654151,0.95637,-0.2898642,0.3685235,-0.282511,-0.8856515,static,-23.35744,29.38348,16.83913,-11.82108
05/15/2023 12:31:10.558400,514,True,True,True,True,Eyes,1.860856,-0.03501365,-2.031358,0.3422453,-0.4599074,-0.8193615,0.0,0.0,0.0,0.0,0.0,0.0,0.0,1.20705,-0.6367426,-2.621039,2.088449,-0.03124948,-2.090374,-0.01137628,0.9721162,-0.1457857,0.183323,16.21665,157.9976,355.4861,0.6572884,-0.01362121,-0.7535157,0.0,0.0,0.0,2.240123,-1.002495,-3.863976,0.5796,-0.4008,1.915,-0.9325267,-0.07556985,-0.3531054,0.03133359,0.9572343,-0.2876123,0.3597394,-0.2792701,-0.8902786,static,-22.67017,29.30549,16.83913,-11.82109
05/15/2023 12:31:10.578603,515,True,True,True,True,Eyes,1.870771,-0.03512849,-2.034482,0.3319934,-0.4606555,-0.8231505,0.0,0.0,0.0,0.0,0.0,0.0,0.0,1.239301,-0.6335272,-2.617785,2.09657,-0.03275314,-2.09603,-0.01240748,0.97292,-0.1462992,0.1785197,16.27482,158.5522,355.4364,0.6591198,-0.01353033,-0.7519158,0.0,0.0,0.0,2.233085,-0.9966086,-3.874982,0.5796002,-0.4007996,1.915001,-0.9359535,-0.07637754,-0.3437403,0.02809161,0.9568852,-0.2891048,0.3510011,-0.2802449,-0.8934546,static,-21.96523,29.23246,16.83913,-11.82107
05/15/2023 12:31:10.588546,516,True,True,True,True,Eyes,1.880617,-0.03533212,-2.037736,0.3217488,-0.4612776,-0.826862,0.0,0.0,0.0,0.0,0.0,0.0,0.0,1.273468,-0.6252996,-2.615008,2.104704,-0.03398825,-2.102392,-0.01391158,0.9738697,-0.146067,0.1733457,16.24095,159.1515,355.3558,0.6609062,-0.01344853,-0.7503477,0.0,0.0,0.0,2.224299,-0.9935116,-3.884642,0.5796001,-0.4007999,1.915001,-0.9395154,-0.0777363,-0.3335682,0.02354402,0.9569418,-0.2893234,0.3416963,-0.2796773,-0.8972313,static,-21.26202,29.15563,16.83913,-11.82108
05/15/2023 12:31:10.608613,517,True,True,True,True,Eyes,1.89038,-0.03562728,-2.041103,0.3112813,-0.4620591,-0.8304248,0.0,0.0,0.0,0.0,0.0,0.0,0.0,1.307661,-0.61364,-2.612689,2.11297,-0.03634119,-2.108722,-0.01449625,0.9749853,-0.1447255,0.1680713,16.10138,159.7888,355.4082,0.6626468,-0.01337809,-0.7488123,0.0,0.0,0.0,2.215,-0.99721,-3.890353,0.5796,-0.4007999,1.915,-0.943084,-0.07691565,-0.323538,0.02038112,0.9576888,-0.2870833,0.33193,-0.2773377,-0.9016134,static,-20.5483,29.09213,16.83913,-11.82108
05/15/2023 12:31:10.628550,518,True,True,True,True,Eyes,1.900072,-0.03596812,-2.044615,0.3008559,-0.4628914,-0.8337969,0.0,0.0,0.0,0.0,0.0,0.0,0.0,1.336409,-0.6248294,-2.606761,2.12081,-0.0388066,-2.114773,-0.01273554,0.9755072,-0.1464378,0.1636443,16.35178,160.329,355.6504,0.6643418,-0.01332111,-0.74731,0.0,0.0,0.0,2.205073,-0.9981685,-3.897966,0.5795998,-0.4007999,1.915,-0.9461166,-0.07277466,-0.3155424,0.0230802,0.9567875,-0.2898705,0.3230023,-0.2815341,-0.9035529,static,-19.84078,29.03732,16.83913,-11.82109
05/15/2023 12:31:10.645751,519,True,True,True,True,Eyes,1.909685,-0.03636553,-2.048282,0.2904273,-0.4636325,-0.8370764,0.0,0.0,0.0,0.0,0.0,0.0,0.0,1.363839,-0.634392,-2.602487,2.128857,-0.04021063,-2.121745,-0.01154305,0.9759877,-0.1479014,0.1594982,16.55991,160.8301,355.8293,0.6659905,-0.01327782,-0.7458417,0.0,0.0,0.0,2.193835,-0.9958647,-3.907771,0.5796002,-0.4007999,1.915,-0.9488541,-0.06971177,-0.3079222,0.02464825,0.9559839,-0.2923821,0.3147511,-0.2850177,-0.905371,static,-19.13444,28.98081,16.83914,-11.82108
05/15/2023 12:31:10.658665,520,True,True,True,True,Eyes,1.919224,-0.03681523,-2.05209,0.2800749,-0.4643725,-0.8401882,0.0,0.0,0.0,0.0,0.0,0.0,0.0,1.392968,-0.6224695,-2.602395,2.136782,-0.04198825,-2.12901,-0.01214665,0.9769408,-0.146259,0.1550731,16.37993,161.3663,355.8701,0.6675924,-0.01324877,-0.7444087,0.0,0.0,0.0,2.18174,-1.003605,-3.911785,0.5795999,-0.4007998,1.915,-0.9516098,-0.06909479,-0.2994414,0.02162855,0.9569216,-0.2895399,0.3065476,-0.2820055,-0.9091215,static,-18.4357,28.92945,16.83913,-11.82109
05/15/2023 12:31:10.678472,521,True,True,True,True,Eyes,1.928744,-0.0373013,-2.056033,0.2697577,-0.465223,-0.8430885,0.0,0.0,0.0,0.0,0.0,0.0,0.0,1.421821,-0.6210366,-2.599488,2.144601,-0.04368334,-2.136205,-0.01274637,0.9775274,-0.1468087,0.1507481,16.44985,161.8683,355.8634,0.6691472,-0.01323433,-0.7430117,0.0,0.0,0.0,2.17177,-1.009583,-3.916815,0.5795995,-0.4008,1.915,-0.9542253,-0.06918213,-0.2909783,0.01934243,0.9565695,-0.290862,0.2984634,-0.2831761,-0.9114447,static,-17.74279,28.89027,16.83912,-11.82109
05/15/2023 12:31:10.688983,522,True,True,True,True,Eyes,1.938203,-0.03782631,-2.060121,0.2595578,-0.4660475,-0.8458306,0.0,0.0,0.0,0.0,0.0,0.0,0.0,1.450261,-0.6228643,-2.596088,2.152555,-0.04511555,-2.14368,-0.01326441,0.9779958,-0.1479124,0.146527,16.58445,162.3537,355.8539,0.6706558,-0.01323419,-0.7416502,0.0,0.0,0.0,2.163599,-1.00561,-3.927486,0.5796001,-0.4007999,1.915001,-0.9567077,-0.06929138,-0.2826816,0.01740125,0.955892,-0.2932027,0.2905295,-0.2854283,-0.9133035,static,-17.05954,28.8545,16.83913,-11.82108
05/15/2023 12:31:10.708497,523,True,True,True,True,Eyes,1.947631,-0.03838055,-2.064342,0.2494889,-0.4669558,-0.8483559,0.0,0.0,0.0,0.0,0.0,0.0,0.0,1.476987,-0.6192897,-2.594806,2.160609,-0.04657277,-2.151193,-0.01421273,0.9785135,-0.1481786,0.1426618,16.61471,162.7973,355.8052,0.6721184,-0.01324818,-0.7403249,0.0,0.0,0.0,2.155337,-1.009456,-3.933695,0.5795999,-0.4007999,1.915001,-0.9588913,-0.07009356,-0.274981,0.01446417,0.9556822,-0.2940448,0.2834051,-0.2859344,-0.9153815,static,-16.38783,28.82946,16.83912,-11.82108
05/15/2023 12:31:10.728719,524,True,True,True,True,Eyes,1.957006,-0.03894462,-2.06872,0.2395812,-0.4678624,-0.8507088,0.0,0.0,0.0,0.0,0.0,0.0,0.0,1.501805,-0.6182536,-2.593821,2.168618,-0.04788679,-2.158788,-0.01584145,0.9787933,-0.149425,0.1392304,16.7443,163.168,355.6508,0.6735359,-0.01327579,-0.739035,0.0,0.0,0.0,2.147436,-1.014993,-3.938983,0.5795999,-0.4008,1.915,-0.9607279,-0.07262,-0.2678213,0.01059798,0.9548424,-0.2969235,0.2772897,-0.288101,-0.9165741,static,-15.72857,28.80937,16.83913,-11.82109
05/15/2023 12:31:10.745856,525,True,True,True,True,Eyes,1.966303,-0.03952932,-2.073259,0.2298112,-0.4686806,-0.8529509,0.0,0.0,0.0,0.0,0.0,0.0,0.0,1.528648,-0.6101722,-2.593631,2.176762,-0.04869577,-2.166871,-0.01844072,0.9792036,-0.1498783,0.1354878,16.76972,163.5667,355.4036,0.6749083,-0.01331587,-0.7377811,0.0,0.0,0.0,2.141759,-1.017801,-3.945674,0.5795999,-0.4008001,1.915,-0.9626062,-0.0767278,-0.2598125,0.004498922,0.9543929,-0.2985198,0.2708679,-0.2885258,-0.9183593,static,-15.07917,28.78798,16.83913,-11.82109
05/15/2023 12:31:10.758505,526,True,True,True,True,Eyes,1.975541,-0.04014133,-2.077936,0.2200942,-0.4694474,-0.8550893,0.0,0.0,0.0,0.0,0.0,0.0,0.0,1.557594,-0.5908455,-2.59451,2.184757,-0.04979856,-2.175094,-0.02138672,0.9799411,-0.1484044,0.1312801,16.57318,164.0339,355.1593,0.6762348,-0.01336773,-0.7365646,0.0,0.0,0.0,2.138542,-1.024392,-3.95025,0.5795999,-0.4007999,1.915,-0.9646165,-0.08088053,-0.2509457,-0.002950372,0.9550375,-0.2964704,0.2636412,-0.2852398,-0.9214835,static,-14.43423,28.76696,16.83913,-11.82109
05/15/2023 12:31:10.778584,527,True,True,True,True,Eyes,1.984718,-0.04077259,-2.082755,0.2103705,-0.470315,-0.8570578,0.0,0.0,0.0,0.0,0.0,0.0,0.0,1.589898,-0.5796826,-2.590773,2.192631,-0.05107881,-2.183041,-0.02323434,0.9806073,-0.1479768,0.1263825,16.51949,164.591,355.0352,0.6775159,-0.01343103,-0.7353851,0.0,0.0,0.0,2.135744,-1.028215,-3.95647,0.5796,-0.4007996,1.915001,-0.9669755,-0.08297088,-0.2409869,-0.00816416,0.955126,-0.296087,0.2547395,-0.2843414,-0.9242607,static,-13.79098,28.75602,16.83913,-11.82107
05/15/2023 12:31:10.788307,528,True,True,True,True,Eyes,1.99384,-0.04138941,-2.087701,0.2006037,-0.4712424,-0.858888,0.0,0.0,0.0,0.0,0.0,0.0,0.0,1.624835,-0.5767144,-2.583259,2.20041,-0.05217645,-2.191206,-0.02404954,0.9811946,-0.1485108,0.1209281,16.59587,165.2219,355.0247,0.6787524,-0.01350516,-0.7342426,0.0,0.0,0.0,2.131721,-1.02569,-3.966357,0.5795997,-0.4007999,1.915,-0.9695962,-0.0831128,-0.2301647,-0.0112763,0.9547324,-0.2972524,0.2444512,-0.2856194,-0.9266421,static,-13.14645,28.75206,16.83912,-11.82108
05/15/2023 12:31:10.808380,529,True,True,True,True,Eyes,2.002885,-0.04196402,-2.092779,0.1908022,-0.4722608,-0.8605605,0.0,0.0,0.0,0.0,0.0,0.0,0.0,1.661542,-0.5783867,-2.573034,2.208304,-0.05242351,-2.199182,-0.02460386,0.9816885,-0.149715,0.1151857,16.75495,165.8847,355.0396,0.6799443,-0.01358837,-0.7331375,0.0,0.0,0.0,2.123271,-1.026497,-3.974005,0.5795999,-0.4007999,1.915,-0.9722539,-0.08279671,-0.2187858,-0.01381661,0.9539602,-0.299615,0.23352,-0.288279,-0.9286354,static,-12.5013,28.75722,16.83912,-11.82108
05/15/2023 12:31:10.828636,530,True,True,True,True,Eyes,2.011881,-0.04245178,-2.097987,0.1810499,-0.4733002,-0.8620951,0.0,0.0,0.0,0.0,0.0,0.0,0.0,1.697056,-0.5807798,-2.562954,2.216147,-0.051911,-2.207268,-0.02551925,0.9820678,-0.1511895,0.109697,16.93927,166.5087,355.0049,0.6810923,-0.01367819,-0.7320695,0.0,0.0,0.0,2.111076,-1.029966,-3.97999,0.5796,-0.4008,1.915001,-0.9746307,-0.08329333,-0.2077433,-0.0169532,0.952981,-0.3025553,0.2231763,-0.2913578,-0.9302167,static,-11.86041,28.7673,16.83912,-11.82108
05/15/2023 12:31:10.845981,531,True,True,True,True,Eyes,2.020786,-0.04281523,-2.103346,0.1714499,-0.4742627,-0.8635276,0.0,0.0,0.0,0.0,0.0,0.0,0.0,1.730282,-0.5770864,-2.555526,2.224034,-0.05030774,-2.215571,-0.02734296,0.9824624,-0.1518547,0.1046923,17.01715,167.0667,354.8687,0.6821966,-0.01377079,-0.7310389,0.0,0.0,0.0,2.097514,-1.034814,-3.984241,0.5795999,-0.4007999,1.915,-0.9765841,-0.08552288,-0.197408,-0.02193082,0.952385,-0.3041083,0.2140167,-0.2926579,-0.9319596,static,-11.22981,28.77627,16.83913,-11.82109
05/15/2023 12:31:10.859048,532,True,True,True,True,Eyes,2.029666,-0.04300221,-2.108846,0.1620139,-0.4750389,-0.8649216,0.0,0.0,0.0,0.0,0.0,0.0,0.0,1.760729,-0.5630456,-2.552436,2.232111,-0.04759085,-2.224302,-0.03004942,0.9830118,-0.1507819,0.1002492,16.88285,167.5587,354.6447,0.6832567,-0.01386153,-0.7300464,0.0,0.0,0.0,2.085429,-1.040093,-3.987777,0.5795999,-0.4008,1.915,-0.9780946,-0.08930939,-0.1880305,-0.02884635,0.9527237,-0.3024655,0.2061541,-0.2904158,-0.9344302,static,-10.60948,28.77681,16.83912,-11.82109
05/15/2023 12:31:10.878761,533,True,True,True,True,Eyes,2.0385,-0.04311951,-2.114494,0.1527152,-0.4754176,-0.8664042,0.0,0.0,0.0,0.0,0.0,0.0,0.0,1.790974,-0.5359193,-2.55217,2.240428,-0.04359393,-2.233147,-0.03444104,0.9836991,-0.1481432,0.0959361,16.54978,168.0214,354.2412,0.6842746,-0.01394454,-0.7290908,0.0,0.0,0.0,2.076638,-1.042032,-3.992805,0.5796,-0.4007996,1.915001,-0.9792203,-0.0961838,-0.1785401,-0.03933468,0.9537348,-0.2980649,0.1989489,-0.2848483,-0.9376999,static,-9.996458,28.75468,16.83912,-11.82107
05/15/2023 12:31:10.888981,534,True,True,True,True,Eyes,2.047294,-0.0432041,-2.120224,0.1435415,-0.4755486,-0.8678994,0.0,0.0,0.0,0.0,0.0,0.0,0.0,1.821691,-0.4902932,-2.554891,2.248825,-0.04208559,-2.242192,-0.03822994,0.9849443,-0.1417484,0.09127198,15.7982,168.5731,353.9638,0.6852501,-0.01401812,-0.7281725,0.0,0.0,0.0,2.071554,-1.037352,-4.001491,0.5796001,-0.4007998,1.915001,-0.980416,-0.101184,-0.1689575,-0.04943342,0.9568917,-0.2862073,0.1906337,-0.27225,-0.9431538,static,-9.391112,28.71968,16.83912,-11.82107
05/15/2023 12:31:10.908618,535,True,True,True,True,Eyes,2.056041,-0.04322575,-2.126067,0.1345652,-0.4757887,-0.869205,0.0,0.0,0.0,0.0,0.0,0.0,0.0,1.841926,-0.4793611,-2.556139,2.256717,-0.04142976,-2.249852,-0.03744489,0.9856569,-0.1387424,0.08848126,15.4786,168.9439,354.1416,0.6861852,-0.01408212,-0.7272902,0.0,0.0,0.0,2.069625,-1.027083,-4.01286,0.5795999,-0.4007999,1.915001,-0.9815378,-0.09836783,-0.164034,-0.04926343,0.9586968,-0.2801311,0.1848147,-0.2668784,-0.9458432,static,-8.800329,28.69558,16.83912,-11.82108
05/15/2023 12:31:10.928432,536,True,True,True,True,Eyes,2.064737,-0.04317567,-2.132012,0.1256387,-0.475881,-0.8704896,0.0,0.0,0.0,0.0,0.0,0.0,0.0,1.862585,-0.4873699,-2.55398,2.264422,-0.03992723,-2.258398,-0.03606711,0.9859254,-0.1389594,0.08567903,15.53498,169.2948,354.3455,0.6870807,-0.01413535,-0.7264432,0.0,0.0,0.0,2.065453,-1.005613,-4.031548,0.5796,-0.4007999,1.915,-0.9827168,-0.09493075,-0.1589225,-0.04730714,0.9587789,-0.2801875,0.17897,-0.2678267,-0.946699,static,-8.212845,28.66464,16.83913,-11.82108
05/15/2023 12:31:10.945918,537,True,True,True,True,Eyes,2.073337,-0.04307452,-2.138032,0.1167463,-0.4763013,-0.8714973,0.0,0.0,0.0,0.0,0.0,0.0,0.0,1.88818,-0.4810019,-2.550456,2.27193,-0.03818166,-2.266778,-0.03565269,0.9865227,-0.1371131,0.08186591,15.3487,169.7678,354.4781,0.6879377,-0.01417649,-0.725631,0.0,0.0,0.0,2.061483,-0.9937614,-4.043939,0.5795999,-0.4007999,1.915,-0.984054,-0.09279415,-0.1517483,-0.04789462,0.9598578,-0.2763677,0.171302,-0.2646928,-0.9489962,static,-7.629953,28.65802,16.83913,-11.82108
05/15/2023 12:31:10.959006,538,True,True,True,True,Eyes,2.081863,-0.04291291,-2.144124,0.1077769,-0.4769237,-0.8723118,0.0,0.0,0.0,0.0,0.0,0.0,0.0,1.917284,-0.4928643,-2.539592,2.278954,-0.0367606,-2.274519,-0.03419058,0.9867628,-0.1383612,0.07737194,15.53152,170.3109,354.7066,0.6887563,-0.01420506,-0.7248534,0.0,0.0,0.0,2.056528,-0.9921157,-4.051139,0.5796001,-0.4007998,1.915001,-0.9856893,-0.08888653,-0.1432342,-0.04606545,0.9593744,-0.2783501,0.1621568,-0.2677685,-0.9497397,static,-7.043383,28.66699,16.83913,-11.82108
05/15/2023 12:31:10.978658,539,True,True,True,True,Eyes,2.090342,-0.04268041,-2.150275,0.09876623,-0.4779188,-0.8728338,0.0,0.0,0.0,0.0,0.0,0.0,0.0,1.94864,-0.5177501,-2.523883,2.285807,-0.03508952,-2.282345,-0.03210277,0.9867215,-0.1417819,0.07244467,15.97078,170.8991,354.9938,0.689538,-0.01422038,-0.7241095,0.0,0.0,0.0,2.048813,-0.9835628,-4.06129,0.5796,-0.4007998,1.915001,-0.9874425,-0.08389565,-0.1338622,-0.04281029,0.9577346,-0.2844498,0.1520686,-0.2751471,-0.9492995,static,-6.45589,28.70284,16.83912,-11.82108
05/15/2023 12:31:10.988741,540,True,True,True,True,Eyes,2.09876,-0.042371,-2.156493,0.08979891,-0.4788547,-0.8732894,0.0,0.0,0.0,0.0,0.0,0.0,0.0,1.979154,-0.5362389,-2.509552,2.292844,-0.03312895,-2.290027,-0.0301082,0.9868231,-0.1438642,0.06765249,16.25204,171.483,355.2866,0.6902848,-0.01422148,-0.7233976,0.0,0.0,0.0,2.036642,-0.985573,-4.064726,0.5796,-0.4007998,1.915,-0.9890333,-0.07888848,-0.1248591,-0.03995738,0.9567932,-0.2880108,0.142185,-0.2798632,-0.9494525,static,-5.870996,28.73748,16.83913,-11.82108
05/15/2023 12:31:11.008367,541,True,True,True,True,Eyes,2.107115,-0.04200102,-2.162782,0.08064568,-0.4799497,-0.8735815,0.0,0.0,0.0,0.0,0.0,0.0,0.0,2.003707,-0.542859,-2.502168,2.299866,-0.03096993,-2.297834,-0.02889549,0.9870969,-0.1439122,0.06398512,16.28484,171.9369,355.491,0.6909968,-0.01420732,-0.7227178,0.0,0.0,0.0,2.021855,-0.994482,-4.063833,0.5796002,-0.4007998,1.915001,-0.990142,-0.07546178,-0.1180022,-0.03862884,0.9569087,-0.2878082,0.1346359,-0.2804127,-0.9503906,static,-5.274376,28.7846,16.83913,-11.82108
05/15/2023 12:31:11.028359,542,True,True,True,True,Eyes,2.115409,-0.04160508,-2.169136,0.07169398,-0.4808596,-0.8738616,0.0,0.0,0.0,0.0,0.0,0.0,0.0,2.025436,-0.5305343,-2.501114,2.306902,-0.02915263,-2.305814,-0.02953451,0.9876056,-0.1416088,0.06090919,16.02814,172.3063,355.4893,0.6916762,-0.01417748,-0.7220682,0.0,0.0,0.0,2.007899,-0.9982734,-4.065162,0.5796,-0.4007999,1.915,-0.9908357,-0.07558745,-0.1119438,-0.04108634,0.9581493,-0.2833051,0.1286732,-0.2761095,-0.9524741,static,-4.690197,28.82266,16.83913,-11.82109
05/15/2023 12:31:11.046573,543,True,True,True,True,Eyes,2.123619,-0.04119583,-2.175538,0.062814,-0.482081,-0.873872,0.0,0.0,0.0,0.0,0.0,0.0,0.0,2.046493,-0.5116031,-2.501565,2.313794,-0.02816814,-2.313711,-0.03164125,0.9880275,-0.1394051,0.05802328,15.77142,172.6281,355.3091,0.6923229,-0.01413282,-0.7214491,0.0,0.0,0.0,1.99929,-0.9952269,-4.070872,0.5795998,-0.4008,1.915,-0.9912643,-0.07870233,-0.1058353,-0.04634738,0.9591301,-0.2791439,0.1234791,-0.2718002,-0.9543991,static,-4.111355,28.8838,16.83912,-11.82109
05/15/2023 12:31:11.058835,544,True,True,True,True,Eyes,2.131762,-0.04078585,-2.181996,0.05404584,-0.4833929,-0.8737335,0.0,0.0,0.0,0.0,0.0,0.0,0.0,2.068916,-0.5068904,-2.49736,2.320602,-0.02735393,-2.321253,-0.03382049,0.9879963,-0.1403489,0.05497071,15.8792,172.9462,355.0939,0.692938,-0.01407451,-0.7208594,0.0,0.0,0.0,1.995491,-0.9857389,-4.081136,0.5796,-0.4007998,1.915,-0.9916689,-0.08225919,-0.09912837,-0.05139888,0.9583167,-0.2810466,0.118115,-0.27361,-0.9545609,static,-3.53959,28.95355,16.83913,-11.82108
05/15/2023 12:31:11.078825,545,True,True,True,True,Eyes,2.139847,-0.04035617,-2.188469,0.04522962,-0.4851291,-0.8732721,0.0,0.0,0.0,0.0,0.0,0.0,0.0,2.094878,-0.5086959,-2.488754,2.327202,-0.026894,-2.329074,-0.03525566,0.9878886,-0.1421816,0.05116343,16.09982,173.359,354.9719,0.6935221,-0.01400405,-0.7202988,0.0,0.0,0.0,1.994296,-0.9787006,-4.090847,0.5796001,-0.4007998,1.915,-0.9922789,-0.08420632,-0.09106213,-0.05510833,0.9570829,-0.2845267,0.111113,-0.2773115,-0.9543335,static,-2.964887,29.0535,16.83913,-11.82108
05/15/2023 12:31:11.088516,546,True,True,True,True,Eyes,2.147864,-0.03992457,-2.194993,0.03639066,-0.486999,-0.8726441,0.0,0.0,0.0,0.0,0.0,0.0,0.0,2.119743,-0.5284143,-2.476036,2.333588,-0.02592357,-2.336018,-0.03460537,0.9875683,-0.1457913,0.04750064,16.53913,173.7772,355.0809,0.6940774,-0.0139221,-0.7197653,0.0,0.0,0.0,1.992622,-0.9830878,-4.094049,0.5796,-0.4007999,1.915,-0.9930923,-0.08220068,-0.08372993,-0.05449995,0.9550948,-0.2912453,0.1039106,-0.2846701,-0.9529772,static,-2.387943,29.1647,16.83913,-11.82109
05/15/2023 12:31:11.108541,547,True,True,True,True,Eyes,2.155828,-0.03950797,-2.20153,0.02757363,-0.4885256,-0.8721138,0.0,0.0,0.0,0.0,0.0,0.0,0.0,2.148851,-0.5480611,-2.460057,2.340061,-0.02539283,-2.343774,-0.03335112,0.9873376,-0.1490275,0.0429283,16.94284,174.318,355.2838,0.6946041,-0.01382994,-0.7192588,0.0,0.0,0.0,1.986945,-0.9903504,-4.095364,0.5796002,-0.4008,1.915001,-0.9940897,-0.07865263,-0.07482897,-0.05306263,0.953357,-0.2971444,0.09470993,-0.2914175,-0.951896,static,-1.810918,29.25592,16.83913,-11.82108
05/15/2023 12:31:11.128519,548,True,True,True,True,Eyes,2.163695,-0.03908674,-2.208094,0.01873283,-0.4902317,-0.8713908,0.0,0.0,0.0,0.0,0.0,0.0,0.0,2.172987,-0.5644448,-2.447301,2.345959,-0.02552117,-2.350654,-0.03070459,0.9873873,-0.1503301,0.03904536,17.12578,174.8167,355.6567,0.6951044,-0.01372911,-0.7187772,0.0,0.0,0.0,1.978824,-1.001512,-4.092768,0.5796,-0.4007998,1.915,-0.9950655,-0.07237402,-0.06787413,-0.04889525,0.9529161,-0.2992658,0.08633742,-0.2944703,-0.9517528,static,-1.231534,29.36147,16.83913,-11.82108
05/15/2023 12:31:11.146240,549,True,True,True,True,Eyes,2.163695,-0.03908674,-2.208094,0.01873283,-0.4902317,-0.8713908,0.0,0.0,0.0,0.0,0.0,0.0,0.0,2.197392,-0.5965922,-2.430217,2.351577,-0.02491544,-2.357939,-0.02786144,0.9869634,-0.1545785,0.03510799,17.64812,175.3101,356.0376,0.6955788,-0.01362042,-0.7183201,0.0,0.0,0.0,1.966524,-1.01115,-4.09093,0.5795998,-0.4007997,1.915001,-0.9959823,-0.06585032,-0.06068703,-0.04414256,0.9506584,-0.307083,0.07791414,-0.3031703,-0.9497458,static,-1.231534,29.36147,16.83912,-11.82108
05/15/2023 12:31:11.158898,550,True,True,True,True,Eyes,2.163695,-0.03908674,-2.208094,0.01873283,-0.4902317,-0.8713908,0.0,0.0,0.0,0.0,0.0,0.0,0.0,2.226393,-0.6112741,-2.412771,2.357042,-0.0245298,-2.365521,-0.0264059,0.9868402,-0.1566389,0.03022496,17.91218,175.9063,356.2891,0.696005,-0.01352274,-0.7179092,0.0,0.0,0.0,1.954153,-1.013309,-4.092655,0.5796,-0.4007998,1.915,-0.9967787,-0.06158561,-0.05138203,-0.04264799,0.9495339,-0.3107514,0.06792679,-0.307559,-0.9491017,static,-1.231534,29.36147,16.83913,-11.82108
05/15/2023 12:31:11.178603,551,True,True,True,True,Eyes,2.171847,-0.03868617,-2.215274,0.009224939,-0.4918675,-0.8706212,0.0,0.0,0.0,0.0,0.0,0.0,0.0,2.25678,-0.6178317,-2.395018,2.362274,-0.02469397,-2.372747,-0.02515221,0.9869041,-0.1573674,0.02496603,18.02049,176.5519,356.5332,0.6963886,-0.01343476,-0.7175389,0.0,0.0,0.0,1.941204,-1.024677,-4.088798,0.5796,-0.4007998,1.915,-0.9974883,-0.0575033,-0.04136188,-0.04178795,0.9492057,-0.3118689,0.05719443,-0.3093571,-0.9492246,static,-0.6070726,29.46478,16.83913,-11.82108
05/15/2023 12:31:11.189295,552,True,True,True,True,Eyes,2.179879,-0.03829208,-2.222467,-0.0003135204,-0.4934646,-0.8697659,0.0,0.0,0.0,0.0,0.0,0.0,0.0,2.288414,-0.6267711,-2.37492,2.367556,-0.02473186,-2.379915,-0.02471198,0.9867116,-0.1593964,0.01955225,18.27573,177.1953,356.6794,0.696752,-0.01333832,-0.7171878,0.0,0.0,0.0,1.926482,-1.029773,-4.088282,0.5796002,-0.4007998,1.915001,-0.998014,-0.05500031,-0.03070687,-0.04253407,0.9479642,-0.315523,0.04646287,-0.3135903,-0.9484209,static,0.02065314,29.56855,16.83913,-11.82108
05/15/2023 12:31:11.208757,553,True,True,True,True,Eyes,2.187807,-0.03792848,-2.22967,-0.00972867,-0.4946215,-0.869054,0.0,0.0,0.0,0.0,0.0,0.0,0.0,2.321531,-0.6242645,-2.356167,2.37281,-0.02448557,-2.387447,-0.02505041,0.9867442,-0.1597401,0.01383435,18.33378,177.8685,356.7475,0.6970943,-0.01323486,-0.716857,0.0,0.0,0.0,1.910406,-1.030883,-4.089488,0.5796,-0.4007999,1.915001,-0.9983622,-0.05385649,-0.01929882,-0.04501689,0.9477111,-0.3159384,0.03530504,-0.3145522,-0.9485834,static,0.6413738,29.64634,16.83912,-11.82108
05/15/2023 12:31:11.228428,554,True,True,True,True,Eyes,2.195627,-0.03760589,-2.236883,-0.01911812,-0.4956915,-0.8682882,0.0,0.0,0.0,0.0,0.0,0.0,0.0,2.353733,-0.6098566,-2.340896,2.378168,-0.02488799,-2.394885,-0.02576422,0.9870618,-0.1580407,0.008275365,18.15359,178.5238,356.7738,0.6974179,-0.01312544,-0.7165442,0.0,0.0,0.0,1.895132,-1.037079,-4.087478,0.5795997,-0.4007999,1.915,-0.9985357,-0.05347745,-0.008193006,-0.04824607,0.9487187,-0.3124182,0.02448018,-0.3115654,-0.9499096,static,1.261345,29.72134,16.83912,-11.82108
05/15/2023 12:31:11.238501,555,True,True,True,True,Eyes,2.203302,-0.03732896,-2.244103,-0.02825704,-0.496482,-0.867587,0.0,0.0,0.0,0.0,0.0,0.0,0.0,2.384319,-0.597689,-2.326052,2.383457,-0.02555951,-2.402333,-0.02689845,0.9871887,-0.1572439,0.003074848,18.07691,179.1242,356.7391,0.6977206,-0.01301259,-0.7162503,0.0,0.0,0.0,1.879812,-1.037911,-4.088542,0.5795996,-0.4007998,1.915,-0.9985341,-0.05407469,0.002388321,-0.05214068,0.9491017,-0.3106241,0.01453014,-0.3102933,-0.9505299,static,1.865446,29.78061,16.83912,-11.82108
05/15/2023 12:31:11.262043,556,True,True,True,True,Eyes,2.210878,-0.03709404,-2.251336,-0.03736281,-0.4972371,-0.8668098,0.0,0.0,0.0,0.0,0.0,0.0,0.0,2.413995,-0.5900623,-2.310531,2.388819,-0.02630532,-2.40976,-0.02831848,0.9870784,-0.1577046,-0.001882389,18.14604,179.6855,356.6631,0.6980026,-0.01289821,-0.7159766,0.0,0.0,0.0,1.865633,-1.032778,-4.093493,0.5795999,-0.4007999,1.915,-0.9983892,-0.05531139,0.01264804,-0.05649884,0.9486547,-0.311227,0.005215775,-0.3114402,-0.9502516,static,2.468139,29.84032,16.83912,-11.82108
05/15/2023 12:31:11.278478,557,True,True,True,True,Eyes,2.218315,-0.03691078,-2.258583,-0.04625804,-0.4978597,-0.8660231,0.0,0.0,0.0,0.0,0.0,0.0,0.0,2.443494,-0.579761,-2.295446,2.394091,-0.02707949,-2.417324,-0.02953669,0.9870662,-0.1574187,-0.006883404,18.12987,180.2586,356.6133,0.6982642,-0.01278388,-0.7157229,0.0,0.0,0.0,1.853431,-1.031512,-4.096715,0.5795997,-0.4007999,1.915,-0.9981605,-0.05614218,0.022888,-0.06047649,0.9486939,-0.3103586,-0.004289499,-0.3111718,-0.950344,static,3.05751,29.89375,16.83913,-11.82109
05/15/2023 12:31:11.288934,558,True,True,True,True,Eyes,2.225653,-0.03677325,-2.265853,-0.0552095,-0.4985028,-0.8651282,0.0,0.0,0.0,0.0,0.0,0.0,0.0,2.475925,-0.570318,-2.276354,2.39917,-0.02807783,-2.424963,-0.03092576,0.9869251,-0.1576873,-0.01254576,18.18143,180.9053,356.5552,0.6985049,-0.01267135,-0.7154895,0.0,0.0,0.0,1.842786,-1.034992,-4.097422,0.5796,-0.4007997,1.915001,-0.9977726,-0.05708621,0.03451664,-0.06499943,0.9483566,-0.310475,-0.01501025,-0.312027,-0.9499548,static,3.651467,29.95134,16.83912,-11.82108
05/15/2023 12:31:11.308565,559,True,True,True,True,Eyes,2.232899,-0.03669648,-2.273144,-0.06408683,-0.4989718,-0.8642453,0.0,0.0,0.0,0.0,0.0,0.0,0.0,2.511719,-0.5572585,-2.253995,2.404235,-0.02902907,-2.432811,-0.03275885,0.9867465,-0.1577958,-0.01893717,18.21898,181.6309,356.4586,0.6987246,-0.01256194,-0.7152765,0.0,0.0,0.0,1.831582,-1.03575,-4.099575,0.5796,-0.4008,1.915,-0.9971367,-0.05867296,0.0477108,-0.07062579,0.9480547,-0.3101682,-0.02703396,-0.3126496,-0.9494839,static,4.240921,29.99998,16.83913,-11.82109
05/15/2023 12:31:11.328663,560,True,True,True,True,Eyes,2.240068,-0.0366708,-2.280458,-0.07305031,-0.49945,-0.8632574,0.0,0.0,0.0,0.0,0.0,0.0,0.0,2.550166,-0.5379903,-2.22946,2.409495,-0.03043683,-2.440631,-0.03439115,0.9867173,-0.1566234,-0.02598394,18.11187,182.4425,356.397,0.6989238,-0.01245734,-0.7150835,0.0,0.0,0.0,1.818169,-1.038798,-4.099683,0.5796002,-0.4007996,1.915001,-0.9962841,-0.05972931,0.06205053,-0.07600807,0.9485728,-0.3072988,-0.04050469,-0.3108733,-0.9495879,static,4.836943,30.05214,16.83913,-11.82107
05/15/2023 12:31:11.346621,561,True,True,True,True,Eyes,2.247107,-0.03671663,-2.287796,-0.0821207,-0.499915,-0.8621723,0.0,0.0,0.0,0.0,0.0,0.0,0.0,2.586943,-0.5245006,-2.204723,2.414905,-0.03163342,-2.448552,-0.03590593,0.9864852,-0.1564949,-0.03266834,18.12589,183.2099,356.3431,0.6991029,-0.0123587,-0.71491,0.0,0.0,0.0,1.802832,-1.04174,-4.099104,0.5796002,-0.4007996,1.915,-0.9952873,-0.06061648,0.07569186,-0.0810662,0.9484401,-0.3064139,-0.05321548,-0.3111058,-0.9488844,static,5.440928,30.10653,16.83913,-11.82108
05/15/2023 12:31:11.358818,562,True,True,True,True,Eyes,2.254084,-0.03681563,-2.295154,-0.09124782,-0.5003877,-0.8609797,0.0,0.0,0.0,0.0,0.0,0.0,0.0,2.624016,-0.5086249,-2.17963,2.420486,-0.03332673,-2.456639,-0.03736275,0.9862701,-0.1559416,-0.03946634,18.0924,183.9933,356.297,0.6992614,-0.01226772,-0.7147566,0.0,0.0,0.0,1.784946,-1.040566,-4.099962,0.5795997,-0.4007997,1.915001,-0.9940931,-0.06139065,0.08950175,-0.08600843,0.9485725,-0.3046519,-0.06619612,-0.3105502,-0.9482495,static,6.049704,30.16448,16.83912,-11.82108
05/15/2023 12:31:11.378630,563,True,True,True,True,Eyes,2.261007,-0.03696851,-2.302547,-0.100547,-0.5009025,-0.8596436,0.0,0.0,0.0,0.0,0.0,0.0,0.0,2.657742,-0.4999937,-2.155785,2.426085,-0.03469847,-2.464528,-0.03811806,0.9859607,-0.1560438,-0.04559612,18.13049,184.7088,356.3237,0.6994001,-0.01218531,-0.7146224,0.0,0.0,0.0,1.76862,-1.042669,-4.098984,0.5796001,-0.4007995,1.915001,-0.9929363,-0.06093583,0.1018081,-0.0893958,0.9483947,-0.3042301,-0.07801579,-0.3111822,-0.947143,static,6.671206,30.22877,16.83912,-11.82107
05/15/2023 12:31:11.388976,564,True,True,True,True,Eyes,2.267886,-0.0371762,-2.309979,-0.1098756,-0.5013894,-0.8582168,0.0,0.0,0.0,0.0,0.0,0.0,0.0,2.691771,-0.4872782,-2.132334,2.431822,-0.03615801,-2.472822,-0.0394493,0.985623,-0.1559193,-0.05177132,18.14604,185.4196,356.282,0.6995196,-0.01211229,-0.7145068,0.0,0.0,0.0,1.752017,-1.0438,-4.098557,0.5796001,-0.4007996,1.915001,-0.9915271,-0.06161997,0.1143558,-0.09390857,0.9482659,-0.3032707,-0.08975218,-0.3114401,-0.9460179,static,7.295766,30.29443,16.83913,-11.82107
05/15/2023 12:31:11.408835,565,True,True,True,True,Eyes,2.274725,-0.03743317,-2.317439,-0.1191843,-0.5019058,-0.8566713,0.0,0.0,0.0,0.0,0.0,0.0,0.0,2.72646,-0.4689921,-2.108781,2.437743,-0.03768116,-2.481226,-0.04126563,0.9853106,-0.1551925,-0.05809969,18.09664,186.141,356.1825,0.6996205,-0.01204939,-0.7144092,0.0,0.0,0.0,1.737008,-1.046047,-4.097363,0.5796002,-0.4007996,1.915001,-0.9898432,-0.06328564,0.1273007,-0.09935218,0.9484249,-0.3010305,-0.1016842,-0.3106206,-0.9450795,static,7.920427,30.36515,16.83913,-11.82107
05/15/2023 12:31:11.428672,566,True,True,True,True,Eyes,2.281529,-0.03771592,-2.324946,-0.1284772,-0.5024338,-0.8550169,0.0,0.0,0.0,0.0,0.0,0.0,0.0,2.75874,-0.4583538,-2.085578,2.443701,-0.03912678,-2.48941,-0.04269099,0.9848207,-0.1556346,-0.06390391,18.17984,186.8052,356.1257,0.6997038,-0.01199713,-0.7143289,0.0,0.0,0.0,1.722896,-1.048346,-4.096614,0.5796001,-0.4007999,1.915,-0.9881878,-0.06419462,0.1391562,-0.1039772,0.9479107,-0.3010881,-0.1125794,-0.3120005,-0.9433885,static,8.545492,30.43979,16.83913,-11.82108
05/15/2023 12:31:11.438404,567,True,True,True,True,Eyes,2.288307,-0.03803811,-2.332497,-0.1376816,-0.5029439,-0.8532826,0.0,0.0,0.0,0.0,0.0,0.0,0.0,2.790411,-0.4458932,-2.063546,2.449756,-0.04001878,-2.498106,-0.04420935,0.9843681,-0.1556411,-0.06957713,18.21407,187.4532,356.0534,0.6997698,-0.01195519,-0.7142652,0.0,0.0,0.0,1.709125,-1.049329,-4.096617,0.5796,-0.4007998,1.915001,-0.9864091,-0.06537842,0.1507406,-0.1086947,0.9476427,-0.3002643,-0.1232174,-0.3125682,-0.9418698,static,9.165968,30.51605,16.83912,-11.82108
05/15/2023 12:31:11.458595,568,True,True,True,True,Eyes,2.295063,-0.03838367,-2.3401,-0.1468151,-0.503388,-0.8514963,0.0,0.0,0.0,0.0,0.0,0.0,0.0,2.820556,-0.4273088,-2.044289,2.455976,-0.04132956,-2.506736,-0.04590165,0.9840683,-0.1545528,-0.07494037,18.12317,188.0631,355.9468,0.6998193,-0.01192371,-0.7142175,0.0,0.0,0.0,1.697032,-1.053737,-4.094669,0.5796,-0.4007995,1.915001,-0.9845539,-0.06717623,0.1616814,-0.1135052,0.9480129,-0.2973012,-0.1333044,-0.3110608,-0.9409947,static,9.782761,30.59075,16.83912,-11.82107
05/15/2023 12:31:11.478203,569,True,True,True,True,Eyes,2.301767,-0.03875159,-2.347761,-0.1558276,-0.5037529,-0.8496768,0.0,0.0,0.0,0.0,0.0,0.0,0.0,2.849198,-0.4067717,-2.02715,2.462255,-0.04224028,-2.5156,-0.04792841,0.983777,-0.1532766,-0.07995023,18.01366,188.6249,355.7913,0.6998529,-0.01190231,-0.7141852,0.0,0.0,0.0,1.685637,-1.056295,-4.094071,0.5795999,-0.4007999,1.915,-0.9826217,-0.06979273,0.171999,-0.1188107,0.9484183,-0.2939161,-0.1426138,-0.3092436,-0.9402286,static,10.39235,30.66268,16.83913,-11.82109
05/15/2023 12:31:11.490631,570,True,True,True,True,Eyes,2.308458,-0.03915824,-2.355483,-0.1648031,-0.5039278,-0.8478778,0.0,0.0,0.0,0.0,0.0,0.0,0.0,2.878078,-0.3793897,-2.010709,2.468509,-0.04311734,-2.524841,-0.05047742,0.9835525,-0.151126,-0.08507414,17.81048,189.1923,355.5675,0.6998705,-0.01189061,-0.7141684,0.0,0.0,0.0,1.675543,-1.05591,-4.095872,0.5795996,-0.4008001,1.915,-0.9804288,-0.07358055,0.1826067,-0.1250082,0.949226,-0.2886921,-0.1520928,-0.3058694,-0.9398465,static,10.9995,30.72471,16.83912,-11.82109
05/15/2023 12:31:11.490631,571,True,True,True,True,Eyes,2.315131,-0.03960934,-2.363263,-0.1736638,-0.5039604,-0.8460879,0.0,0.0,0.0,0.0,0.0,0.0,0.0,2.907191,-0.3478216,-1.994016,2.474944,-0.04448499,-2.53407,-0.05263074,0.9834792,-0.1477647,-0.09035621,17.4671,189.7885,355.3808,0.6998727,-0.01188878,-0.7141665,0.0,0.0,0.0,1.667241,-1.05502,-4.098646,0.5795997,-0.4007996,1.915001,-0.9781317,-0.07681957,0.1932808,-0.1302254,0.9507912,-0.281136,-0.162173,-0.300158,-0.9400029,static,11.59915,30.77955,16.83912,-11.82107
05/15/2023 12:31:11.528631,572,True,True,True,True,Eyes,2.321792,-0.04009058,-2.371101,-0.1824617,-0.5039109,-0.8442639,0.0,0.0,0.0,0.0,0.0,0.0,0.0,2.935047,-0.3236717,-1.976825,2.481295,-0.04602295,-2.543257,-0.05428796,0.9832573,-0.1454724,-0.09537037,17.24322,190.3602,355.2546,0.6998599,-0.01189708,-0.714179,0.0,0.0,0.0,1.659098,-1.051954,-4.103102,0.5795996,-0.4007997,1.915,-0.9759145,-0.07901058,0.203342,-0.1345056,0.9517812,-0.2757187,-0.1717524,-0.2964286,-0.9394845,static,12.19516,30.83147,16.83912,-11.82108
05/15/2023 12:31:11.538876,573,True,True,True,True,Eyes,2.328394,-0.0405997,-2.37899,-0.1913167,-0.5039095,-0.8423023,0.0,0.0,0.0,0.0,0.0,0.0,0.0,2.962245,-0.3009613,-1.959824,2.487697,-0.04723828,-2.552552,-0.05613266,0.9829406,-0.1436448,-0.1002158,17.07596,190.9077,355.1056,0.6998326,-0.01191536,-0.7142056,0.0,0.0,0.0,1.649652,-1.044889,-4.10947,0.5795998,-0.4007997,1.915001,-0.9736118,-0.08155918,0.2131388,-0.1391411,0.9524307,-0.2711378,-0.1808861,-0.2936393,-0.9386459,moving,12.79679,30.89008,16.83912,-11.82108
05/15/2023 12:31:11.558529,574,True,True,True,True,Eyes,2.334982,-0.04113023,-2.386938,-0.2000959,-0.5038438,-0.8402993,0.0,0.0,0.0,0.0,0.0,0.0,0.0,2.990067,-0.2709593,-1.94236,2.494106,-0.04831228,-2.561988,-0.05880089,0.9826031,-0.1412394,-0.1052853,16.85474,191.4691,354.8556,0.6997907,-0.01194338,-0.7142463,0.0,0.0,0.0,1.640294,-1.038375,-4.114751,0.5796002,-0.3980922,1.915,-0.9709149,-0.08581503,0.2235173,-0.1452967,0.9531878,-0.2651829,-0.1902972,-0.2899463,-0.9379328,moving,13.39409,30.94692,16.83914,-11.74345
05/15/2023 12:31:11.578720,575,True,True,True,True,Eyes,2.341567,-0.04165486,-2.39496,-0.209175,-0.5038838,-0.8380614,0.0,0.0,0.0,0.0,0.0,0.0,0.0,3.017941,-0.2408109,-1.923685,2.500391,-0.04935262,-2.571407,-0.06174454,0.9821466,-0.1391985,-0.1104515,16.68239,192.0372,354.5767,0.6997347,-0.01198072,-0.7143006,0.0,0.0,0.0,1.632013,-1.033433,-4.119312,0.5795999,-0.3954135,1.915,-0.9679762,-0.09053503,0.2341485,-0.1520337,0.9536228,-0.2597871,-0.1997695,-0.2870662,-0.9368486,moving,14.01434,31.01636,16.83913,-11.6666
05/15/2023 12:31:11.593325,576,True,True,True,True,Eyes,2.348129,-0.04212526,-2.403037,-0.2182076,-0.5039094,-0.8357396,0.0,0.0,0.0,0.0,0.0,0.0,0.0,3.047495,-0.2089755,-1.901914,2.506613,-0.0497455,-2.5812,-0.06496786,0.9815751,-0.1371352,-0.1161184,16.5173,192.6611,354.2716,0.699665,-0.01202619,-0.7143682,0.0,0.0,0.0,1.624016,-1.0277,-4.124418,0.5795999,-0.3927898,1.915,-0.9645913,-0.09569385,0.2457765,-0.1593895,0.9539462,-0.254129,-0.210139,-0.2843048,-0.9354208,moving,14.63298,31.08789,16.83913,-11.59129
05/15/2023 12:31:11.609056,577,True,True,True,True,Eyes,2.354664,-0.04251733,-2.411185,-0.2274282,-0.5041223,-0.833149,0.0,0.0,0.0,0.0,0.0,0.0,0.0,3.082548,-0.1795973,-1.875126,2.517123,-0.0488634,-2.590784,-0.0681923,0.9808219,-0.1356798,-0.1221849,16.42855,193.332,353.9789,0.6995819,-0.01207727,-0.7144489,0.0,0.0,0.0,1.616111,-1.023631,-4.128398,0.5796002,-0.3901678,1.914999,-0.9608413,-0.100613,0.2581879,-0.166925,0.9538816,-0.2494913,-0.2211786,-0.2828195,-0.9333237,moving,15.26829,31.17732,16.83914,-11.516
05/15/2023 12:31:11.628646,578,True,True,True,True,Eyes,2.361349,-0.04287893,-2.419393,-0.2367944,-0.5042083,-0.8304831,0.0,0.0,0.0,0.0,0.0,0.0,0.0,3.117079,-0.1486522,-1.84208,2.523,-0.04733627,-2.600725,-0.07195868,0.9797831,-0.1345724,-0.1293729,16.39887,194.1273,353.6449,0.6994852,-0.01213101,-0.7145425,0.0,0.0,0.0,1.606839,-1.019045,-4.131674,0.5796002,-0.3872245,1.914999,-0.9561691,-0.1061877,0.2728821,-0.1758278,0.9534245,-0.2450845,-0.2341475,-0.2823225,-0.9303058,moving,15.91436,31.26305,16.83914,-11.43142
05/15/2023 12:31:11.638621,579,True,True,True,True,Eyes,2.368013,-0.04316565,-2.427636,-0.246355,-0.5045316,-0.8275005,0.0,0.0,0.0,0.0,0.0,0.0,0.0,3.153505,-0.1194535,-1.803617,2.528957,-0.04702796,-2.610376,-0.07351272,0.9789953,-0.1315629,-0.1373144,16.12821,195.0546,353.5565,0.6993781,-0.01218613,-0.7146464,0.0,0.0,0.0,1.600878,-1.015735,-4.132474,0.5795997,-0.3846986,1.915001,-0.9514812,-0.1078062,0.2882035,-0.1800682,0.9545741,-0.2374103,-0.2495173,-0.2777877,-0.9276718,moving,16.57878,31.37089,16.83912,-11.35879
05/15/2023 12:31:11.662673,580,True,True,True,True,Eyes,2.374634,-0.04337027,-2.43596,-0.2559386,-0.5047401,-0.8244591,0.0,0.0,0.0,0.0,0.0,0.0,0.0,3.184981,-0.1173369,-1.769305,2.534726,-0.04554701,-2.619427,-0.0739893,0.9778892,-0.1327216,-0.1436783,16.31007,195.8025,353.6249,0.6992608,-0.01224025,-0.7147602,0.0,0.0,0.0,1.587592,-1.013813,-4.130457,0.5796002,-0.3820785,1.914999,-0.9477645,-0.1065682,0.3006428,-0.1828451,0.9538211,-0.2383128,-0.2613629,-0.2808354,-0.9234832,moving,17.24603,31.47528,16.83914,-11.28342
05/15/2023 12:31:11.678453,581,True,True,True,True,Eyes,2.381242,-0.04348729,-2.444359,-0.2655254,-0.504806,-0.8213813,0.0,0.0,0.0,0.0,0.0,0.0,0.0,3.215983,-0.09294432,-1.737776,2.540375,-0.04380065,-2.629757,-0.0755917,0.9771076,-0.1302216,-0.1502969,16.09337,196.5709,353.5113,0.6991326,-0.01229102,-0.7148846,0.0,0.0,0.0,1.567954,-1.00355,-4.129773,0.5796,-0.3793042,1.914999,-0.9433937,-0.1085786,0.3133998,-0.1868662,0.9546564,-0.2317587,-0.2740251,-0.2772035,-0.9209065,moving,17.9143,31.57413,16.83914,-11.20357
05/15/2023 12:31:11.688515,582,True,True,True,True,Eyes,2.387793,-0.04353943,-2.452816,-0.2749771,-0.504824,-0.8182545,0.0,0.0,0.0,0.0,0.0,0.0,0.0,3.240855,-0.06315953,-1.71553,2.545729,-0.04198684,-2.639636,-0.07660877,0.9768419,-0.1253717,-0.1555409,15.59098,197.1901,353.4024,0.6989934,-0.01233616,-0.7150198,0.0,0.0,0.0,1.55379,-1.004522,-4.123847,0.5796,-0.376809,1.915001,-0.9398764,-0.1106685,0.3230869,-0.1886702,0.956826,-0.221105,-0.2846686,-0.2687682,-0.9201781,moving,18.57509,31.67261,16.83912,-11.13171
05/15/2023 12:31:11.708323,583,True,True,True,True,Eyes,2.39428,-0.04357445,-2.461318,-0.2843139,-0.5049425,-0.814984,0.0,0.0,0.0,0.0,0.0,0.0,0.0,3.264143,-0.04280221,-1.694882,2.550951,-0.0404847,-2.649547,-0.0785642,0.9761243,-0.1238728,-0.1602012,15.48599,197.7183,353.225,0.6988429,-0.01237436,-0.7151661,0.0,0.0,0.0,1.538741,-0.9947604,-4.124934,0.5796005,-0.3741478,1.915001,-0.9363265,-0.1136877,0.3322165,-0.193066,0.9569664,-0.2166584,-0.2932886,-0.2670026,-0.9179821,moving,19.23175,31.78126,16.83914,-11.05504
05/15/2023 12:31:11.728150,584,True,True,True,True,Eyes,2.400704,-0.04359168,-2.469827,-0.2934348,-0.5053089,-0.8115164,0.0,0.0,0.0,0.0,0.0,0.0,0.0,3.287796,-0.03066391,-1.671996,2.556019,-0.04009163,-2.659185,-0.07947045,0.9753479,-0.1231585,-0.1649633,15.45397,198.2736,353.1841,0.6986808,-0.01240582,-0.7153238,0.0,0.0,0.0,1.525873,-0.9760129,-4.132438,0.5796003,-0.3712181,1.915001,-0.9329435,-0.1143894,0.3413681,-0.195656,0.9570329,-0.2140254,-0.3022182,-0.2664643,-0.9152384,moving,19.8794,31.90939,16.83913,-10.97058
05/15/2023 12:31:11.738510,585,True,True,True,True,Eyes,2.407042,-0.04352612,-2.478356,-0.3021298,-0.5062639,-0.8077217,0.0,0.0,0.0,0.0,0.0,0.0,0.0,3.307882,-0.04505891,-1.653515,2.560976,-0.0396221,-2.667969,-0.07964166,0.9742411,-0.1272492,-0.1682833,15.94697,198.6593,353.2897,0.6985072,-0.01243075,-0.7154927,0.0,0.0,0.0,1.517787,-0.9704983,-4.135054,0.5796004,-0.3686756,1.915,-0.930676,-0.1123525,0.3481657,-0.1980082,0.9549297,-0.221138,-0.3076284,-0.2747475,-0.9109768,moving,20.50841,32.07867,16.83914,-10.89725
05/15/2023 12:31:11.758693,586,True,True,True,True,Eyes,2.413279,-0.0433557,-2.486926,-0.3106101,-0.5073798,-0.8037955,0.0,0.0,0.0,0.0,0.0,0.0,0.0,3.327886,-0.05261409,-1.634676,2.565412,-0.03740779,-2.677128,-0.08246408,0.9726375,-0.1330172,-0.1717046,16.68285,199.0133,353.1207,0.6983221,-0.01244742,-0.7156729,0.0,0.0,0.0,1.508151,-0.9669632,-4.135672,0.5796006,-0.3660192,1.915,-0.9274348,-0.114736,0.3559509,-0.2060947,0.9510122,-0.2304361,-0.3120743,-0.2870739,-0.9056483,moving,21.12799,32.26135,16.83915,-10.82059
05/15/2023 12:31:11.778325,587,True,True,True,True,Eyes,2.419426,-0.04310447,-2.495526,-0.319025,-0.5083572,-0.7998725,0.0,0.0,0.0,0.0,0.0,0.0,0.0,3.350739,-0.02231187,-1.610369,2.569282,-0.03465682,-2.686789,-0.08773512,0.9711516,-0.133744,-0.1768605,16.90617,199.5424,352.6078,0.6981245,-0.0124537,-0.7158653,0.0,0.0,0.0,1.504392,-0.9778521,-4.130345,0.5796002,-0.3633447,1.915002,-0.9220458,-0.1231001,0.3669848,-0.2177163,0.9488301,-0.2287376,-0.3200486,-0.2908052,-0.9016658,moving,21.74433,32.43791,16.83912,-10.74336
05/15/2023 12:31:11.788563,588,True,True,True,True,Eyes,2.425467,-0.04277322,-2.504153,-0.3274267,-0.5094104,-0.7957969,0.0,0.0,0.0,0.0,0.0,0.0,0.0,3.376026,0.01907319,-1.578901,2.573096,-0.03237692,-2.696103,-0.09294297,0.9696728,-0.1323576,-0.1832422,16.90282,200.2246,352.0858,0.6979141,-0.01244836,-0.7160701,0.0,0.0,0.0,1.504566,-0.9965913,-4.12204,0.5796006,-0.3606008,1.915002,-0.9155678,-0.1317415,0.3799734,-0.2287555,0.9476861,-0.222625,-0.3307666,-0.2907493,-0.8978075,moving,22.36448,32.62437,16.83913,-10.6641
05/15/2023 12:31:11.808366,589,True,True,True,True,Eyes,2.431389,-0.042373,-2.512829,-0.3360526,-0.5100943,-0.7917527,0.0,0.0,0.0,0.0,0.0,0.0,0.0,3.404358,0.05389494,-1.538556,2.576638,-0.03009124,-2.705502,-0.09729221,0.9678996,-0.1316817,-0.1906952,16.97867,201.0498,351.6969,0.6976906,-0.01243035,-0.7162879,0.0,0.0,0.0,1.499921,-1.002615,-4.118878,0.5796006,-0.3580381,1.915001,-0.9083393,-0.138116,0.3947707,-0.2385603,0.9463884,-0.217803,-0.3435243,-0.2920156,-0.8925908,moving,22.99838,32.79205,16.83914,-10.59004
05/15/2023 12:31:11.828526,590,True,True,True,True,Eyes,2.437198,-0.04193895,-2.521527,-0.3449625,-0.5105924,-0.7875889,0.0,0.0,0.0,0.0,0.0,0.0,0.0,3.436447,0.0909673,-1.487304,2.579784,-0.02815495,-2.715405,-0.09939762,0.9663629,-0.1278459,-0.1997965,16.66705,202.1205,351.5349,0.6974529,-0.01239908,-0.7165194,0.0,0.0,0.0,1.490306,-1.002292,-4.116059,0.5795999,-0.3553638,1.915,-0.9004034,-0.141022,0.4115669,-0.2431947,0.9475511,-0.2073726,-0.3607365,-0.2868097,-0.8874739,moving,23.65334,32.95527,16.83913,-10.51271
05/15/2023 12:31:11.838740,591,True,True,True,True,Eyes,2.442896,-0.04146901,-2.530236,-0.3540244,-0.5109393,-0.7833312,0.0,0.0,0.0,0.0,0.0,0.0,0.0,3.469429,0.1133916,-1.430715,2.583009,-0.02695662,-2.724715,-0.0992237,0.9648398,-0.1244515,-0.2091669,16.35931,203.2608,351.6459,0.6972007,-0.012355,-0.7167651,0.0,0.0,0.0,1.476398,-1.002919,-4.109236,0.5796008,-0.3524617,1.915,-0.892808,-0.1394077,0.4283222,-0.2435322,0.949333,-0.1986428,-0.378928,-0.2816601,-0.8815224,moving,24.32046,33.11499,16.83915,-10.42875
05/15/2023 12:31:11.864708,592,True,True,True,True,Eyes,2.448478,-0.04097787,-2.538963,-0.3632721,-0.5113698,-0.7788032,0.0,0.0,0.0,0.0,0.0,0.0,0.0,3.501982,0.1152884,-1.373536,2.586291,-0.02561022,-2.733899,-0.09866386,0.9628323,-0.1252235,-0.2180333,16.5088,204.3393,351.8822,0.6969339,-0.01229849,-0.717025,0.0,0.0,0.0,1.452222,-0.9907925,-4.10379,0.5796006,-0.3500184,1.915002,-0.885454,-0.1353877,0.4445691,-0.2445993,0.949169,-0.1981145,-0.3951489,-0.2841626,-0.8735613,moving,25.00666,33.2893,16.83914,-10.35802
05/15/2023 12:31:11.878388,593,True,True,True,True,Eyes,2.453998,-0.04047384,-2.547703,-0.3726296,-0.5116808,-0.7741641,0.0,0.0,0.0,0.0,0.0,0.0,0.0,3.533282,0.1129934,-1.316328,2.589158,-0.02460442,-2.743215,-0.09770594,0.9607549,-0.1264376,-0.2267537,16.69407,205.4096,352.1754,0.6966522,-0.01223032,-0.7172993,0.0,0.0,0.0,1.424466,-0.9768298,-4.095589,0.5796006,-0.3472891,1.915002,-0.8780727,-0.1304026,0.4604169,-0.2450833,0.9489342,-0.1986406,-0.411002,-0.2872614,-0.8651927,moving,25.70298,33.46256,16.83914,-10.27898
05/15/2023 12:31:11.888452,594,True,True,True,True,Eyes,2.459409,-0.03998118,-2.556433,-0.382014,-0.5123519,-0.7691299,0.0,0.0,0.0,0.0,0.0,0.0,0.0,3.562318,0.1006839,-1.262232,2.592343,-0.02391799,-2.751846,-0.09652562,0.9585514,-0.1296683,-0.2346236,17.09049,206.3842,352.5338,0.6963562,-0.01215139,-0.7175874,0.0,0.0,0.0,1.400664,-0.9753501,-4.080824,0.5796005,-0.3446147,1.915001,-0.8712695,-0.1242031,0.4748302,-0.245896,0.9477379,-0.203293,-0.424765,-0.2938818,-0.8562762,moving,26.41282,33.66936,16.83913,-10.20149
05/15/2023 12:31:11.908377,595,True,True,True,True,Eyes,2.459409,-0.03998118,-2.556433,-0.382014,-0.5123519,-0.7691299,0.0,0.0,0.0,0.0,0.0,0.0,0.0,3.590323,0.08211637,-1.207775,2.59519,-0.02362314,-2.760491,-0.09592772,0.9559076,-0.1354365,-0.2422717,17.78288,207.3311,352.8954,0.6960461,-0.01206324,-0.7178891,0.0,0.0,0.0,1.376977,-0.9748319,-4.065266,0.5795999,-0.3420051,1.915001,-0.8642046,-0.1177712,0.4891629,-0.2490209,0.9449097,-0.2124484,-0.4371945,-0.3054107,-0.8459228,moving,26.41282,33.66936,16.83912,-10.12585
05/15/2023 12:31:11.928145,596,True,True,True,True,Eyes,2.459409,-0.03998118,-2.556433,-0.382014,-0.5123519,-0.7691299,0.0,0.0,0.0,0.0,0.0,0.0,0.0,3.615481,0.06158322,-1.158672,2.598056,-0.02346306,-2.769038,-0.09490422,0.9534796,-0.1408821,-0.2490422,18.41677,208.188,353.2932,0.695767,-0.0119839,-0.7181606,0.0,0.0,0.0,1.357323,-0.9801042,-4.047459,0.5796006,-0.3391383,1.915001,-0.8579422,-0.1108073,0.501654,-0.2511497,0.9422908,-0.2213861,-0.4481727,-0.3159267,-0.8362604,moving,26.41282,33.66936,16.83914,-10.0427
05/15/2023 12:31:11.938585,597,True,True,True,True,Eyes,2.464911,-0.03944877,-2.565834,-0.3918105,-0.5134183,-0.7634698,0.0,0.0,0.0,0.0,0.0,0.0,0.0,3.637937,0.05063885,-1.114284,2.600616,-0.02265415,-2.7776,-0.09509999,0.9510954,-0.145603,-0.2552907,18.99715,208.9663,353.5294,0.6955158,-0.01191249,-0.7184049,0.0,0.0,0.0,1.3409,-0.9948447,-4.025396,0.5796006,-0.3366453,1.915001,-0.8515654,-0.1065561,0.5133052,-0.2552405,0.9395115,-0.2284085,-0.4579179,-0.3255211,-0.8272529,moving,27.16677,33.92005,16.83914,-9.970369
05/15/2023 12:31:11.958652,598,True,True,True,True,Eyes,2.470282,-0.03895264,-2.575197,-0.4015423,-0.5144852,-0.7576733,0.0,0.0,0.0,0.0,0.0,0.0,0.0,3.658871,0.0562107,-1.072423,2.603138,-0.02199715,-2.786356,-0.09603091,0.9490079,-0.1474242,-0.2615878,19.27208,209.7342,353.6051,0.6952381,-0.01182991,-0.7186747,0.0,0.0,0.0,1.326448,-1.007496,-4.005756,0.5795993,-0.3340894,1.915,-0.8446998,-0.1051395,0.5248123,-0.2593969,0.9380884,-0.2295724,-0.4681831,-0.3300544,-0.8196759,moving,27.92214,34.1778,16.83911,-9.896176
05/15/2023 12:31:11.978510,599,True,True,True,True,Eyes,2.475826,-0.03844581,-2.584728,-0.4106656,-0.5141273,-0.7530119,0.0,0.0,0.0,0.0,0.0,0.0,0.0,3.678325,0.06578594,-1.032312,2.605401,-0.02236371,-2.794899,-0.09652417,0.9471872,-0.1477322,-0.2677586,19.36291,210.4919,353.687,0.6949356,-0.01173844,-0.7189683,0.0,0.0,0.0,1.314712,-1.019103,-3.988591,0.5796004,-0.3313601,1.914999,-0.837977,-0.1037398,0.5357546,-0.261966,0.9377165,-0.2281698,-0.4787156,-0.3315505,-0.8129611,moving,28.60646,34.32375,16.83915,-9.816916
05/15/2023 12:31:11.988415,600,True,True,True,True,Eyes,2.481211,-0.03797212,-2.594223,-0.4197496,-0.5137948,-0.7482146,0.0,0.0,0.0,0.0,0.0,0.0,0.0,3.696918,0.06524843,-0.9936657,2.607753,-0.0228714,-2.8032,-0.09643154,0.9452931,-0.1495734,-0.2734039,19.60362,211.2033,353.8743,0.6946123,-0.0116389,-0.7192829,0.0,0.0,0.0,1.302228,-1.023286,-3.976408,0.5795999,-0.3286425,1.915,-0.8319025,-0.1005242,0.5457408,-0.2641,0.9366575,-0.230052,-0.4880464,-0.335511,-0.8057562,moving,29.2925,34.47717,16.83913,-9.73795
05/15/2023 12:31:12.008543,601,True,True,True,True,Eyes,2.486459,-0.03752606,-2.603705,-0.4288052,-0.5132556,-0.7434344,0.0,0.0,0.0,0.0,0.0,0.0,0.0,3.714167,0.0672223,-0.9574399,2.609449,-0.02316573,-2.811847,-0.0959297,0.9436899,-0.1499082,-0.2788809,19.6601,211.8971,354.0607,0.6942671,-0.01153275,-0.7196187,0.0,0.0,0.0,1.288377,-1.023132,-3.966806,0.5796002,-0.326028,1.915,-0.8260462,-0.09744275,0.5551154,-0.2646688,0.93665,-0.2294278,-0.4975928,-0.3364396,-0.7995062,moving,29.9759,34.6206,16.83914,-9.661944
05/15/2023 12:31:12.028643,602,True,True,True,True,Eyes,2.491546,-0.03714636,-2.613155,-0.4378966,-0.5125991,-0.7385721,0.0,0.0,0.0,0.0,0.0,0.0,0.0,3.731276,0.0819968,-0.9193373,2.611068,-0.0235081,-2.820656,-0.09571886,0.9422691,-0.1475858,-0.2849302,19.43137,212.6451,354.14,0.6939015,-0.0114219,-0.7199735,0.0,0.0,0.0,1.276343,-1.026413,-3.955548,0.5796002,-0.32325,1.915,-0.8193054,-0.0962826,0.5652152,-0.2644891,0.9381127,-0.2235847,-0.5087082,-0.3326774,-0.7940664,moving,30.66354,34.76222,16.83913,-9.581149
05/15/2023 12:31:12.039129,603,True,True,True,True,Eyes,2.496521,-0.03681762,-2.622603,-0.4469362,-0.5117518,-0.7337289,0.0,0.0,0.0,0.0,0.0,0.0,0.0,3.747987,0.098189,-0.8793631,2.612459,-0.02474579,-2.829271,-0.09553552,0.9407358,-0.1452174,-0.2912062,19.1998,213.4209,354.2161,0.6935149,-0.0113084,-0.7203482,0.0,0.0,0.0,1.262637,-1.024223,-3.947599,0.5796005,-0.3206083,1.915,-0.8121441,-0.095171,0.5756429,-0.2643237,0.9395698,-0.2175813,-0.5201493,-0.3288634,-0.7882221,moving,31.34684,34.89451,16.83914,-9.504284
05/15/2023 12:31:12.058611,604,True,True,True,True,Eyes,2.501331,-0.0365423,-2.632031,-0.4559646,-0.5108694,-0.728772,0.0,0.0,0.0,0.0,0.0,0.0,0.0,3.764126,0.1093233,-0.8401465,2.613853,-0.02580012,-2.837875,-0.09517719,0.9391263,-0.1437184,-0.2972008,19.05726,214.1695,354.3326,0.6931087,-0.01119424,-0.7207413,0.0,0.0,0.0,1.246137,-1.014742,-3.942588,0.5796002,-0.3180331,1.915001,-0.8052262,-0.09334036,0.5855756,-0.2641932,0.9405727,-0.2133659,-0.5308607,-0.3265128,-0.7820337,moving,32.03263,35.03047,16.83912,-9.429315
05/15/2023 12:31:12.078659,605,True,True,True,True,Eyes,2.505566,-0.03638839,-2.641095,-0.4659976,-0.5113217,-0.7220777,0.0,0.0,0.0,0.0,0.0,0.0,0.0,3.779572,0.1257392,-0.8009372,2.614868,-0.02682042,-2.84679,-0.09561244,0.9373648,-0.1421885,-0.3032952,18.93908,214.9173,354.3576,0.6926842,-0.01108138,-0.7211515,0.0,0.0,0.0,1.22901,-1.005978,-3.936458,0.5796003,-0.3153542,1.915001,-0.7977408,-0.09299726,0.5957865,-0.2654977,0.9412813,-0.2085675,-0.5414066,-0.3245627,-0.775589,moving,32.83644,35.30328,16.83914,-9.351298
05/15/2023 12:31:12.088903,606,True,True,True,True,Eyes,2.509666,-0.03631056,-2.650144,-0.4759033,-0.5117201,-0.7153031,0.0,0.0,0.0,0.0,0.0,0.0,0.0,3.794532,0.1419596,-0.7620554,2.616002,-0.02822427,-2.855711,-0.09586691,0.9356348,-0.1404578,-0.3093036,18.79229,215.6572,354.3925,0.6922382,-0.01097273,-0.7215816,0.0,0.0,0.0,1.213097,-0.9990678,-3.929401,0.5796003,-0.3124641,1.915001,-0.7902818,-0.09250467,0.605721,-0.266281,0.9421623,-0.2035304,-0.55186,-0.3221383,-0.769206,moving,33.6365,35.57952,16.83913,-9.267093
05/15/2023 12:31:12.108226,607,True,True,True,True,Eyes,2.513789,-0.03626904,-2.659328,-0.4858035,-0.5120046,-0.7084111,0.0,0.0,0.0,0.0,0.0,0.0,0.0,3.808372,0.1438468,-0.7280321,2.61691,-0.02998865,-2.864491,-0.09511345,0.9340142,-0.1405101,-0.3143688,18.80076,216.3071,354.5852,0.6917728,-0.01087035,-0.7220297,0.0,0.0,0.0,1.197989,-0.9939879,-3.922086,0.5796004,-0.3099268,1.915002,-0.7842513,-0.08933068,0.6139786,-0.2660186,0.9424207,-0.2026754,-0.5605209,-0.3222782,-0.7628583,moving,34.44097,35.85754,16.83913,-9.193127
05/15/2023 12:31:12.128270,608,True,True,True,True,Eyes,2.517743,-0.03626387,-2.668511,-0.4955741,-0.5121602,-0.7014972,0.0,0.0,0.0,0.0,0.0,0.0,0.0,3.821398,0.1432947,-0.6961985,2.617322,-0.03127506,-2.873491,-0.09376916,0.9326197,-0.139867,-0.3191632,18.70773,216.9293,354.8135,0.6912879,-0.01077446,-0.7224957,0.0,0.0,0.0,1.182937,-0.9881455,-3.915145,0.5796003,-0.3071765,1.915002,-0.7786846,-0.08562117,0.6215462,-0.2641827,0.9432892,-0.2010301,-0.5690854,-0.3207407,-0.7571443,moving,35.23937,36.13303,16.83912,-9.11292
05/15/2023 12:31:12.138812,609,True,True,True,True,Eyes,2.521556,-0.03628908,-2.677746,-0.5052631,-0.5121639,-0.6945483,0.0,0.0,0.0,0.0,0.0,0.0,0.0,3.83352,0.1514581,-0.6650972,2.617286,-0.03216219,-2.882698,-0.09334052,0.9311922,-0.1384055,-0.3240568,18.55769,217.5436,354.9084,0.6907832,-0.01068541,-0.7229799,0.0,0.0,0.0,1.169945,-0.9858341,-3.907801,0.5795999,-0.3044358,1.915,-0.7725497,-0.08413346,0.6293558,-0.2635383,0.944263,-0.1972689,-0.5776805,-0.3182594,-0.7516626,moving,36.03477,36.40528,16.83913,-9.032967
05/15/2023 12:31:12.158803,610,True,True,True,True,Eyes,2.525195,-0.0363544,-2.687009,-0.5148586,-0.5119194,-0.6876476,0.0,0.0,0.0,0.0,0.0,0.0,0.0,3.845397,0.1731617,-0.6319456,2.617008,-0.03302296,-2.892505,-0.09384377,0.9297068,-0.1351043,-0.3295235,18.24387,218.2031,354.8377,0.6902593,-0.01060355,-0.7234816,0.0,0.0,0.0,1.155955,-0.9798967,-3.902483,0.5796004,-0.3018982,1.915,-0.7652155,-0.08545427,0.6380778,-0.2635345,0.9458804,-0.1893674,-0.587363,-0.3130623,-0.7463225,moving,36.8231,36.66585,16.83915,-8.958902
05/15/2023 12:31:12.178870,611,True,True,True,True,Eyes,2.528696,-0.03646832,-2.696336,-0.5242878,-0.5115648,-0.6807524,0.0,0.0,0.0,0.0,0.0,0.0,0.0,3.856416,0.1977062,-0.600944,2.616599,-0.03411198,-2.902483,-0.0942464,0.9284033,-0.1307796,-0.334786,17.81456,218.8326,354.7309,0.6897145,-0.01052913,-0.7240022,0.0,0.0,0.0,1.142124,-0.9729741,-3.898322,0.5796006,-0.299261,1.915001,-0.7580721,-0.08743099,0.6462837,-0.2625636,0.9480286,-0.1797277,-0.5969817,-0.3059371,-0.7416302,moving,37.602,36.92375,16.83914,-8.881886
05/15/2023 12:31:12.188325,612,True,True,True,True,Eyes,2.532015,-0.03662204,-2.705701,-0.5335476,-0.5110793,-0.6738879,0.0,0.0,0.0,0.0,0.0,0.0,0.0,3.86667,0.2189336,-0.5739217,2.61608,-0.03551959,-2.912614,-0.09436841,0.9272516,-0.1266862,-0.3394844,17.39834,219.3979,354.649,0.689149,-0.01046282,-0.7245416,0.0,0.0,0.0,1.126853,-0.9626157,-3.895716,0.5796009,-0.2966009,1.915001,-0.7516899,-0.08899056,0.6534852,-0.2610224,0.9500904,-0.1708667,-0.6056646,-0.2990131,-0.7374019,moving,38.37025,37.17683,16.83914,-8.80418
05/15/2023 12:31:12.208909,613,True,True,True,True,Eyes,2.535097,-0.03681889,-2.715064,-0.5425854,-0.5106652,-0.6669499,0.0,0.0,0.0,0.0,0.0,0.0,0.0,3.876331,0.2372846,-0.5489097,2.615108,-0.03666404,-2.922911,-0.09498352,0.9259266,-0.1240904,-0.34386,17.16469,219.9254,354.5615,0.6885614,-0.01040483,-0.7251011,0.0,0.0,0.0,1.111179,-0.9493278,-3.895289,0.5796,-0.2939476,1.915001,-0.745477,-0.09055606,0.6603513,-0.261235,0.9511594,-0.1644752,-0.6132051,-0.2951193,-0.732724,moving,39.12947,37.44029,16.83912,-8.726638
05/15/2023 12:31:12.228678,614,True,True,True,True,Eyes,2.537987,-0.03705065,-2.724469,-0.5515139,-0.5101818,-0.6599598,0.0,0.0,0.0,0.0,0.0,0.0,0.0,3.886356,0.2525584,-0.5200915,2.61379,-0.03774253,-2.93338,-0.09545134,0.9243478,-0.122162,-0.3486356,17.00145,220.5106,354.5227,0.6879509,-0.01035553,-0.7256811,0.0,0.0,0.0,1.096546,-0.9363158,-3.896233,0.5795999,-0.2911376,1.915,-0.7386847,-0.09128042,0.6678421,-0.2616405,0.9519309,-0.1592849,-0.6212,-0.2923959,-0.7270594,moving,39.88477,37.70581,16.83913,-8.644488
05/15/2023 12:31:12.248350,615,True,True,True,True,Eyes,2.540691,-0.03730603,-2.733913,-0.5602521,-0.509854,-0.6528143,0.0,0.0,0.0,0.0,0.0,0.0,0.0,3.896981,0.2575666,-0.4880457,2.612145,-0.03882478,-2.943836,-0.09490173,0.9226391,-0.1211894,-0.3536156,16.9026,221.1429,354.638,0.6873174,-0.01031505,-0.7262821,0.0,0.0,0.0,1.084121,-0.9287607,-3.895879,0.5795993,-0.2885498,1.915,-0.7318995,-0.08941119,0.6755213,-0.260829,0.9526136,-0.1565106,-0.629517,-0.2907456,-0.7205385,moving,40.63654,37.99016,16.83911,-8.568795
05/15/2023 12:31:12.258627,616,True,True,True,True,Eyes,2.543199,-0.0375737,-2.743404,-0.5688818,-0.5094638,-0.6456162,0.0,0.0,0.0,0.0,0.0,0.0,0.0,3.907747,0.2549083,-0.4557014,2.6104,-0.03961147,-2.954214,-0.0939954,0.9208167,-0.1215359,-0.3584557,16.93047,221.7721,354.8439,0.6866596,-0.0102831,-0.7269047,0.0,0.0,0.0,1.07084,-0.922695,-3.893086,0.5796002,-0.2858486,1.915001,-0.7253487,-0.08597463,0.6829916,-0.2602355,0.9527878,-0.1564381,-0.6372963,-0.2912109,-0.713477,moving,41.38474,38.27742,16.83913,-8.489751
05/15/2023 12:31:12.278309,617,True,True,True,True,Eyes,2.545542,-0.03785579,-2.752962,-0.5776369,-0.5089469,-0.6382074,0.0,0.0,0.0,0.0,0.0,0.0,0.0,3.917927,0.2543726,-0.4245195,2.608247,-0.04018149,-2.964878,-0.09303951,0.9191032,-0.1210623,-0.3632314,16.86557,222.3893,355.0197,0.6859769,-0.01025919,-0.7275493,0.0,0.0,0.0,1.056247,-0.917092,-3.88783,0.5796008,-0.2830807,1.915,-0.7188134,-0.08307856,0.6902213,-0.2589731,0.9533752,-0.1549478,-0.645167,-0.2901272,-0.7068139,moving,42.14801,38.57107,16.83915,-8.408727
05/15/2023 12:31:12.288231,618,True,True,True,True,Eyes,2.54769,-0.03814514,-2.76256,-0.5862072,-0.5084494,-0.6307458,0.0,0.0,0.0,0.0,0.0,0.0,0.0,3.927404,0.2582967,-0.3941569,2.606069,-0.04089864,-2.975451,-0.09251295,0.9173908,-0.1201896,-0.3679538,16.77432,222.9917,355.1294,0.6852691,-0.01024289,-0.7282165,0.0,0.0,0.0,1.042552,-0.9143336,-3.880785,0.5796001,-0.2804639,1.914999,-0.712103,-0.08129263,0.6973529,-0.2581895,0.9539917,-0.1524407,-0.6528767,-0.2886027,-0.7003292,moving,42.904,38.87258,16.83914,-8.332097
05/15/2023 12:31:12.308391,619,True,True,True,True,Eyes,2.549652,-0.03842541,-2.772185,-0.5946584,-0.5079436,-0.6231971,0.0,0.0,0.0,0.0,0.0,0.0,0.0,3.936216,0.263181,-0.3659873,2.603594,-0.04135434,-2.986067,-0.0927218,0.9155553,-0.1203108,-0.3724065,16.81981,223.5578,355.1954,0.6845359,-0.01023364,-0.728906,0.0,0.0,0.0,1.028085,-0.9088235,-3.875322,0.5795998,-0.2778508,1.915,-0.7054323,-0.08017483,0.7042282,-0.2593928,0.953856,-0.1512419,-0.6596065,-0.2893627,-0.6936776,moving,43.6576,39.18213,16.83913,-8.255541
05/15/2023 12:31:12.328659,620,True,True,True,True,Eyes,2.551419,-0.03867668,-2.781857,-0.6029175,-0.5073969,-0.6156613,0.0,0.0,0.0,0.0,0.0,0.0,0.0,3.944368,0.2691435,-0.3406167,2.601213,-0.04140498,-2.99641,-0.09298338,0.9138933,-0.1200175,-0.3764957,16.82096,224.0748,355.231,0.6837768,-0.01023049,-0.7296184,0.0,0.0,0.0,1.014107,-0.9031487,-3.870457,0.5796005,-0.2751161,1.915001,-0.6992102,-0.07958164,0.7104729,-0.2603258,0.9538998,-0.1493507,-0.6658344,-0.289382,-0.6876936,moving,44.40083,39.49362,16.83914,-8.175385
05/15/2023 12:31:12.338805,621,True,True,True,True,Eyes,2.553005,-0.03882217,-2.79157,-0.6108968,-0.5069501,-0.6081173,0.0,0.0,0.0,0.0,0.0,0.0,0.0,3.951538,0.2879821,-0.3148274,2.598351,-0.04097919,-3.007257,-0.094352,0.9121644,-0.1182053,-0.3808956,16.70965,224.6058,355.0837,0.6829917,-0.01023206,-0.7303533,0.0,0.0,0.0,1.002289,-0.9019754,-3.865061,0.5796003,-0.2726008,1.915001,-0.6920326,-0.08208133,0.7171845,-0.2621768,0.9542505,-0.1437687,-0.6725729,-0.2875217,-0.6818924,moving,45.13064,39.8159,16.83913,-8.101637
05/15/2023 12:31:12.358518,622,True,True,True,True,Eyes,2.554383,-0.03878087,-2.801353,-0.618607,-0.5065522,-0.6006082,0.0,0.0,0.0,0.0,0.0,0.0,0.0,3.957263,0.3168584,-0.2943811,2.59563,-0.03859007,-3.017979,-0.09785148,0.9103324,-0.1171049,-0.3847164,16.7681,225.0407,354.7236,0.68218,-0.0102351,-0.7311115,0.0,0.0,0.0,0.9911442,-0.8991708,-3.861241,0.5796001,-0.269917,1.915,-0.684837,-0.08805038,0.7233574,-0.2682591,0.953423,-0.1379186,-0.6775218,-0.2884989,-0.6765597,moving,45.84578,40.14424,16.83913,-8.022921
05/15/2023 12:31:12.378431,623,True,True,True,True,Eyes,2.555559,-0.03870077,-2.811181,-0.6264586,-0.5056105,-0.5932181,0.0,0.0,0.0,0.0,0.0,0.0,0.0,3.961606,0.3613633,-0.2693815,2.592067,-0.03409038,-3.029438,-0.1027889,0.9081895,-0.1141073,-0.3893662,16.6968,225.5512,354.1369,0.6813408,-0.01023454,-0.7318937,0.0,0.0,0.0,0.9793111,-0.8940827,-3.858993,0.5796002,-0.2671466,1.915,-0.675657,-0.09784459,0.7306945,-0.2755626,0.9528279,-0.127217,-0.6837786,-0.2873071,-0.6707472,moving,46.56112,40.44155,16.83913,-7.941632
05/15/2023 12:31:12.388534,624,True,True,True,True,Eyes,2.556589,-0.03857543,-2.820997,-0.6341841,-0.504655,-0.5857764,0.0,0.0,0.0,0.0,0.0,0.0,0.0,3.967444,0.3904312,-0.2291241,2.588539,-0.03321269,-3.04038,-0.1022047,0.9065622,-0.1058912,-0.3955835,15.83422,226.3054,353.9419,0.6804737,-0.01022976,-0.7327,0.0,0.0,0.0,0.972167,-0.8941696,-3.85787,0.5796003,-0.2643841,1.915001,-0.6661357,-0.1015322,0.7388873,-0.2690875,0.9566825,-0.1111329,-0.695597,-0.2728549,-0.6646015,moving,47.27229,40.74538,16.83913,-7.860534
05/15/2023 12:31:12.408643,625,True,True,True,True,Eyes,2.557415,-0.03834078,-2.830857,-0.6419048,-0.5034062,-0.5783947,0.0,0.0,0.0,0.0,0.0,0.0,0.0,3.976601,0.370271,-0.2019248,2.586113,-0.03198536,-3.049956,-0.09974366,0.9050446,-0.1071459,-0.399331,15.8789,226.8259,354.3334,0.6795803,-0.01022005,-0.7335289,0.0,0.0,0.0,0.9631735,-0.8904852,-3.857098,0.5796002,-0.2618423,1.915002,-0.6611718,-0.09497159,0.7441989,-0.2661182,0.9571419,-0.1142821,-0.7014504,-0.273605,-0.6581089,moving,47.97925,41.03471,16.83912,-7.785894
05/15/2023 12:31:12.428630,626,True,True,True,True,Eyes,2.558029,-0.03802794,-2.840747,-0.6498162,-0.5016892,-0.5710052,0.0,0.0,0.0,0.0,0.0,0.0,0.0,3.983978,0.3645692,-0.169045,2.581819,-0.02917038,-3.060544,-0.09927989,0.9028689,-0.1080727,-0.4040937,15.98512,227.4523,354.5125,0.6786597,-0.01020307,-0.7343809,0.0,0.0,0.0,0.9400936,-0.8624389,-3.856041,0.5795999,-0.2590836,1.915001,-0.6537037,-0.09193043,0.751146,-0.2666164,0.9569276,-0.1149142,-0.7082282,-0.2753877,-0.6500573,moving,48.69365,41.30277,16.83912,-7.704856
05/15/2023 12:31:12.438969,627,True,True,True,True,Eyes,2.558456,-0.03769582,-2.850587,-0.6577734,-0.4997394,-0.5635554,0.0,0.0,0.0,0.0,0.0,0.0,0.0,3.989259,0.3855534,-0.1159601,2.577474,-0.02711558,-3.071186,-0.09750046,0.9006532,-0.09959733,-0.4115797,15.05011,228.3832,354.4353,0.6777117,-0.01017758,-0.7352561,0.0,0.0,0.0,0.9278831,-0.8565055,-3.849582,0.5796003,-0.2565147,1.915,-0.6421917,-0.09364373,0.7608028,-0.2576127,0.9611481,-0.09914689,-0.7219596,-0.2596637,-0.6413651,moving,49.41129,41.56539,16.83914,-7.629371
05/15/2023 12:31:12.458739,628,True,True,True,True,Eyes,2.558707,-0.03733328,-2.860437,-0.6656297,-0.4980072,-0.555811,0.0,0.0,0.0,0.0,0.0,0.0,0.0,3.994672,0.3967685,-0.06221819,2.574262,-0.02626027,-3.080777,-0.09725917,0.8976054,-0.09746084,-0.4187442,14.85752,229.299,354.4799,0.6767373,-0.010144,-0.7361535,0.0,0.0,0.0,0.9143493,-0.8527116,-3.840871,0.5796,-0.2538239,1.914999,-0.630388,-0.0929784,0.7706919,-0.256223,0.9620841,-0.09350932,-0.7327762,-0.2564162,-0.6303095,moving,50.1376,41.86037,16.83914,-7.550271
05/15/2023 12:31:12.479019,629,True,True,True,True,Eyes,2.558771,-0.03693477,-2.870236,-0.6733819,-0.4963306,-0.5479169,0.0,0.0,0.0,0.0,0.0,0.0,0.0,4.000516,0.3967959,-0.009312153,2.570377,-0.02512673,-3.090984,-0.09752697,0.8940718,-0.09951964,-0.4256995,15.1288,230.2134,354.6707,0.6757364,-0.0101024,-0.7370729,0.0,0.0,0.0,0.8874057,-0.820039,-3.833538,0.5796006,-0.2511491,1.915,-0.618537,-0.08966132,0.7806236,-0.2591231,0.9611686,-0.09492102,-0.7418001,-0.2609898,-0.6177518,moving,50.86546,42.17186,16.83915,-7.471605
05/15/2023 12:31:12.488656,630,True,True,True,True,Eyes,2.558679,-0.03650552,-2.880014,-0.6810353,-0.4947962,-0.5397849,0.0,0.0,0.0,0.0,0.0,0.0,0.0,4.006663,0.3839828,0.0438695,2.566768,-0.02375081,-3.100623,-0.09566402,0.8909044,-0.1007306,-0.4324246,15.20169,231.1202,355.0457,0.6747102,-0.01005275,-0.7380132,0.0,0.0,0.0,0.8692858,-0.8102348,-3.817892,0.5795999,-0.2484681,1.915001,-0.6077147,-0.08333825,0.7897705,-0.2575717,0.9614035,-0.09674767,-0.7512254,-0.2622176,-0.6057246,moving,51.59985,42.51006,16.83912,-7.39273
05/15/2023 12:31:12.508742,631,True,True,True,True,Eyes,2.558413,-0.03604429,-2.88975,-0.6884967,-0.4933244,-0.5316044,0.0,0.0,0.0,0.0,0.0,0.0,0.0,4.012946,0.3601724,0.08950949,2.56298,-0.02255049,-3.11,-0.09337973,0.8879868,-0.1040409,-0.4381042,15.46169,231.9169,355.5561,0.6736592,-0.009995109,-0.7389735,0.0,0.0,0.0,0.8550107,-0.813119,-3.798201,0.5795996,-0.2457726,1.915002,-0.5986899,-0.07467844,0.797492,-0.2570014,0.9609115,-0.1029538,-0.7586307,-0.2665939,-0.5944805,moving,52.32743,42.86106,16.83911,-7.313399
05/15/2023 12:31:12.528771,632,True,True,True,True,Eyes,2.547548,-0.02359505,-3.13262,-0.8466313,-0.4363278,-0.3046857,0.0,0.0,0.0,0.0,0.0,0.0,0.0,4.018343,0.3362397,0.1304226,2.558811,-0.02128616,-3.119164,-0.09070033,0.8854411,-0.1062913,-0.4432493,15.58306,232.6438,356.0477,0.6725845,-0.009929541,-0.7399528,0.0,0.0,0.0,0.8385171,-0.8077771,-3.77933,0.5795999,-0.2429539,1.915,-0.5906073,-0.06639251,0.8042234,-0.2548466,0.9609512,-0.1078236,-0.7656609,-0.268635,-0.5844646,moving,70.20721,55.07358,16.83912,-7.230421
05/15/2023 12:31:12.538795,633,True,True,True,True,Eyes,2.547387,-0.02357209,-3.132983,-0.8466882,-0.4362903,-0.3045814,0.0,0.0,0.0,0.0,0.0,0.0,0.0,4.02265,0.3199461,0.1683125,2.554389,-0.0199229,-3.128435,-0.08821689,0.883175,-0.1064933,-0.4481954,15.4966,233.3251,356.4087,0.6669267,-0.009345191,-0.7450638,-0.03259492,0.03734773,-0.7286081,0.8249795,-0.8073449,-3.761456,0.5795995,-0.2403795,1.915,-0.5826774,-0.0603623,0.8104589,-0.2512815,0.9617539,-0.1090275,-0.7728808,-0.2671811,-0.5755602,moving,70.21468,55.08047,16.83912,-7.154607
05/15/2023 12:31:12.559058,634,True,True,True,True,Eyes,2.54706,-0.0235534,-3.133664,-0.8467275,-0.4363681,-0.3043609,0.0,0.0,0.0,0.0,0.0,0.0,0.0,4.025965,0.3107869,0.2009115,2.550131,-0.01938885,-3.137165,-0.08692219,0.8809764,-0.1072434,-0.4525748,15.52361,233.926,356.6632,0.6622082,-0.008864179,-0.7492665,-0.03063922,0.03510686,-0.6848916,0.8108525,-0.8027018,-3.746647,0.5796003,-0.2377835,1.915001,-0.575241,-0.05608145,0.8160591,-0.2502241,0.9618868,-0.1102802,-0.7787718,-0.2676354,-0.5673497,moving,70.22875,55.10474,16.83913,-7.078126
05/15/2023 12:31:12.578460,635,True,True,True,True,Eyes,2.546574,-0.02349884,-3.134635,-0.8467894,-0.4366693,-0.3037561,0.0,0.0,0.0,0.0,0.0,0.0,0.0,4.029347,0.2978947,0.230195,2.545814,-0.01958989,-3.14576,-0.08583965,0.8787583,-0.1097033,-0.4564875,15.73418,234.4836,356.9801,0.6582654,-0.008468013,-0.7527373,-0.02880087,0.03300045,-0.6437981,0.7956696,-0.7926347,-3.735262,0.5796005,-0.2350641,1.915,-0.5685019,-0.05070829,0.8211181,-0.2510209,0.9611935,-0.1144359,-0.7834504,-0.2711747,-0.5591693,moving,70.26633,55.17673,16.83914,-6.997986
05/15/2023 12:31:12.588690,636,True,True,True,True,Eyes,2.545901,-0.02339969,-3.135899,-0.846908,-0.4370996,-0.3028049,0.0,0.0,0.0,0.0,0.0,0.0,0.0,4.032452,0.2850633,0.2524052,2.541565,-0.01821935,-3.153688,-0.0862092,0.8765395,-0.1147222,-0.4594403,16.28008,234.9323,357.2702,0.6549603,-0.008140477,-0.7556186,-0.02707282,0.03102042,-0.6051702,0.7835179,-0.7879287,-3.725025,0.5796007,-0.2323696,1.915,-0.5629653,-0.04571554,0.8252154,-0.2565475,0.9588136,-0.121901,-0.785655,-0.280333,-0.551507,moving,70.32592,55.28735,16.83915,-6.918552
05/15/2023 12:31:12.608259,637,True,True,True,True,Eyes,2.545901,-0.02339969,-3.135899,-0.846908,-0.4370996,-0.3028049,0.0,0.0,0.0,0.0,0.0,0.0,0.0,4.033689,0.2882699,0.2805715,2.536435,-0.01701741,-3.162068,-0.08719277,0.8741011,-0.1165246,-0.4634294,16.5304,235.4772,357.3437,0.6521763,-0.007867933,-0.7580257,-0.02544845,0.0291592,-0.5688601,0.7736913,-0.7891756,-3.71435,0.5796005,-0.2298137,1.915001,-0.5552613,-0.0444287,0.8304884,-0.2604324,0.9576389,-0.1228932,-0.789848,-0.284524,-0.5433106,moving,70.32592,55.28735,16.83914,-6.843175
05/15/2023 12:31:12.628655,638,True,True,True,True,Eyes,2.545901,-0.02339969,-3.135899,-0.846908,-0.4370996,-0.3028049,0.0,0.0,0.0,0.0,0.0,0.0,0.0,4.032925,0.2905169,0.3122296,2.530557,-0.0169526,-3.168968,-0.08676312,0.8718714,-0.1158508,-0.467858,16.45126,236.0667,357.4369,0.6498467,-0.007642713,-0.760026,-0.02392154,0.02740964,-0.5347285,0.76893,-0.7990317,-3.70388,0.5796005,-0.2268194,1.915002,-0.5471619,-0.04288911,0.8359272,-0.259696,0.9581016,-0.1208283,-0.7957209,-0.2831996,-0.5353749,moving,70.32592,55.28735,16.83913,-6.754838
05/15/2023 12:31:12.638686,639,True,True,True,True,Eyes,2.544597,-0.02326709,-3.13798,-0.8474749,-0.4372004,-0.3010682,0.0,0.0,0.0,0.0,0.0,0.0,0.0,4.033765,0.2876527,0.3414688,2.526004,-0.01695916,-3.176416,-0.08723111,0.8693346,-0.1188356,-0.4717267,16.79297,236.6216,357.6323,0.6478931,-0.007456204,-0.7616939,-0.02248625,0.02576507,-0.5026448,0.7604979,-0.8025645,-3.693574,0.5795997,-0.2244402,1.915001,-0.5397294,-0.03955017,0.8409091,-0.263782,0.9565377,-0.1243174,-0.7994444,-0.2889144,-0.526704,moving,70.44225,55.44763,16.83912,-6.684633
05/15/2023 12:31:12.658376,640,True,True,True,True,Eyes,2.543136,-0.02312053,-3.140266,-0.8481451,-0.4372825,-0.2990548,0.0,0.0,0.0,0.0,0.0,0.0,0.0,4.032917,0.2906497,0.3684888,2.519902,-0.01632552,-3.183473,-0.08809039,0.8669157,-0.1205777,-0.4755611,17.02843,237.1539,357.7194,0.6461034,-0.00728667,-0.7632142,-0.02113707,0.02421916,-0.4724861,0.7472074,-0.7966084,-3.682913,0.5795995,-0.2217616,1.915,-0.5321635,-0.03804973,0.8457861,-0.267418,0.9554022,-0.1252767,-0.8032992,-0.2928461,-0.5186053,moving,70.57742,55.63202,16.83912,-6.605568
05/15/2023 12:31:12.678546,641,True,True,True,True,Eyes,2.541509,-0.02297721,-3.142752,-0.8490435,-0.436955,-0.2969773,0.0,0.0,0.0,0.0,0.0,0.0,0.0,4.03141,0.3027342,0.4012318,2.514689,-0.01585048,-3.190766,-0.08884695,0.8644377,-0.1195926,-0.4801575,16.98264,237.7537,357.6774,0.6444408,-0.007130311,-0.7646201,-0.01986885,0.02276601,-0.4441369,0.7400325,-0.8027172,-3.670428,0.5795997,-0.2190857,1.915,-0.5231099,-0.0387587,0.8513834,-0.2684519,0.9556076,-0.1214397,-0.8088817,-0.2920819,-0.5102926,moving,70.72125,55.79794,16.83912,-6.526552
05/15/2023 12:31:12.689040,642,True,True,True,True,Eyes,2.539734,-0.02283923,-3.145421,-0.8500184,-0.4367202,-0.2945237,0.0,0.0,0.0,0.0,0.0,0.0,0.0,4.028028,0.3205777,0.4375319,2.508853,-0.01585117,-3.197594,-0.09055915,0.8614694,-0.1193676,-0.4852022,17.07013,238.417,357.5903,0.6428882,-0.006985886,-0.7659273,-0.01867672,0.02140005,-0.4174887,0.7310126,-0.8059309,-3.659275,0.5796001,-0.2164026,1.915,-0.512756,-0.04019305,0.8575933,-0.2718627,0.9551009,-0.117784,-0.8143539,-0.293542,-0.5006607,moving,70.88926,56.00431,16.83914,-6.4473
05/15/2023 12:31:12.708712,643,True,True,True,True,Eyes,2.537805,-0.02270771,-3.148274,-0.8512377,-0.4360918,-0.2919219,0.0,0.0,0.0,0.0,0.0,0.0,0.0,4.02418,0.3382798,0.4796743,2.503594,-0.01582794,-3.204732,-0.09218533,0.8581233,-0.1192861,-0.4908129,17.17048,239.1633,357.5334,0.6414305,-0.006852329,-0.7671496,-0.01755611,0.02011605,-0.3924394,0.7198662,-0.8019074,-3.648558,0.5795999,-0.2137442,1.915,-0.5012093,-0.04111842,0.8643488,-0.2753071,0.9545454,-0.1142329,-0.820363,-0.2952159,-0.4897471,moving,71.0712,56.20147,16.83913,-6.368752
05/15/2023 12:31:12.728987,644,True,True,True,True,Eyes,2.535736,-0.02257175,-3.151294,-0.852577,-0.4354491,-0.2889576,0.0,0.0,0.0,0.0,0.0,0.0,0.0,4.019737,0.3485036,0.5246825,2.497881,-0.01592517,-3.211756,0.09247974,-0.8548173,0.1185133,0.4966787,17.12634,239.9515,357.5783,0.6400543,-0.006728755,-0.7682992,-0.01650275,0.01890909,-0.368893,0.7095223,-0.8027606,-3.634452,0.5795998,-0.2109521,1.915001,-0.4895156,-0.04038049,0.871059,-0.2758326,0.9548042,-0.1107489,-0.8272187,-0.2944798,-0.4785299,moving,71.27732,56.43233,16.83912,-6.286225
05/15/2023 12:31:12.738499,645,True,True,True,True,Eyes,2.533488,-0.02244935,-3.154462,-0.8542808,-0.4343182,-0.2856082,0.0,0.0,0.0,0.0,0.0,0.0,0.0,4.016096,0.3493747,0.5684357,2.492515,-0.01568528,-3.218901,0.09184853,-0.8516684,0.118324,0.5022194,17.0857,240.7161,357.7456,0.6387473,-0.006614015,-0.7693872,-0.01551258,0.01777454,-0.3467594,0.6994722,-0.8039301,-3.617815,0.5796004,-0.2084042,1.915001,-0.4786793,-0.03759979,0.8771846,-0.2752981,0.9551266,-0.1092894,-0.833713,-0.2938018,-0.4675505,moving,71.51389,56.67102,16.83913,-6.210896
05/15/2023 12:31:12.759418,646,True,True,True,True,Eyes,2.531099,-0.02236008,-3.157784,-0.8561652,-0.4330328,-0.2818932,0.0,0.0,0.0,0.0,0.0,0.0,0.0,4.011419,0.3461465,0.6157808,2.486336,-0.01598528,-3.226201,0.08997791,-0.8485335,0.1166485,0.5082205,16.82309,241.5359,357.9565,0.6374983,-0.006507566,-0.7704234,-0.01458183,0.01670807,-0.3259538,0.6867548,-0.799602,-3.6005,0.5796,-0.2056374,1.915,-0.4672318,-0.03413219,0.8834758,-0.2712648,0.9565942,-0.1065031,-0.8414927,-0.2894175,-0.4562102,moving,71.77583,56.93691,16.83913,-6.129074
05/15/2023 12:31:12.778717,647,True,True,True,True,Eyes,2.528569,-0.02229306,-3.161278,-0.8583587,-0.4314538,-0.2776112,0.0,0.0,0.0,0.0,0.0,0.0,0.0,4.006156,0.3400293,0.6664343,2.480734,-0.01684763,-3.233376,0.08761407,-0.8452358,0.1149922,0.514468,16.53137,242.3964,358.2193,0.6362976,-0.00640941,-0.7714162,-0.01370692,0.01570558,-0.3063966,0.6743506,-0.7938344,-3.583677,0.5796001,-0.2028273,1.915,-0.455293,-0.02978946,0.8898431,-0.2664286,0.9582011,-0.1042418,-0.8495434,-0.2845403,-0.4441991,moving,72.07771,57.24147,16.83913,-6.045943
05/15/2023 12:31:12.788299,648,True,True,True,True,Eyes,2.525897,-0.02225439,-3.164921,-0.8606523,-0.4298506,-0.2729582,0.0,0.0,0.0,0.0,0.0,0.0,0.0,3.99948,0.3390973,0.7167215,2.474588,-0.0173465,-3.240467,0.08665806,-0.8415099,0.115017,0.5206943,16.48837,243.2695,358.442,0.6351362,-0.006319238,-0.7723734,-0.0128845,0.01476325,-0.2880128,0.6584094,-0.7816299,-3.566446,0.5796002,-0.2003219,1.915001,-0.4427358,-0.02606978,0.8962732,-0.2656246,0.9585229,-0.1033313,-0.8564045,-0.2838207,-0.4312971,moving,72.40343,57.58416,16.83913,-5.971803
05/15/2023 12:31:12.808318,649,True,True,True,True,Eyes,2.523099,-0.02225264,-3.168738,-0.8631366,-0.4279765,-0.2680131,0.0,0.0,0.0,0.0,0.0,0.0,0.0,3.99242,0.337031,0.7670588,2.468502,-0.01787984,-3.247702,0.08540218,-0.8378138,0.1146427,0.5269076,16.38538,244.1405,358.6687,0.6340066,-0.006236972,-0.7733016,-0.01211143,0.01387745,-0.270732,0.6426462,-0.7684541,-3.547654,0.5796,-0.1977099,1.915,-0.4301496,-0.02229002,0.9024823,-0.2639145,0.9591271,-0.1021003,-0.8633194,-0.2820966,-0.4184508,moving,72.74988,57.94384,16.83913,-5.89449
05/15/2023 12:31:12.829172,650,True,True,True,True,Eyes,2.520171,-0.02230048,-3.172688,-0.8656419,-0.4261781,-0.2627476,0.0,0.0,0.0,0.0,0.0,0.0,0.0,3.984651,0.3382708,0.8161459,2.462373,-0.01883377,-3.254893,0.08438042,-0.8341474,0.1138064,0.5330348,16.24934,244.9929,358.8394,0.6329014,-0.006162713,-0.7742071,-0.01138475,0.01304481,-0.2544881,0.6297593,-0.7628791,-3.526772,0.5796,-0.1949937,1.915,-0.4175077,-0.01944591,0.9084653,-0.2620969,0.9598562,-0.09990718,-0.8700532,-0.279818,-0.4058441,moving,73.11542,58.34531,16.83913,-5.81407
05/15/2023 12:31:12.838845,651,True,True,True,True,Eyes,2.517124,-0.02238444,-3.176817,-0.8681613,-0.4243065,-0.2574101,0.0,0.0,0.0,0.0,0.0,0.0,0.0,3.977154,0.3406156,0.861341,2.456394,-0.02006179,-3.262116,0.08400565,-0.8304875,0.1142291,0.5386888,16.27438,245.7977,359.0173,0.6318144,-0.006096868,-0.7750949,-0.01070166,0.01226212,-0.2392188,0.6166978,-0.7555144,-3.506316,0.5796003,-0.1923627,1.915,-0.4055153,-0.01646339,0.9139401,-0.2625991,0.9597895,-0.09922589,-0.8755566,-0.2802375,-0.3935326,moving,73.48489,58.75646,16.83914,-5.736147
05/15/2023 12:31:12.858397,652,True,True,True,True,Eyes,2.513936,-0.02250497,-3.181084,-0.8707048,-0.4223987,-0.2518977,0.0,0.0,0.0,0.0,0.0,0.0,0.0,3.970554,0.3448484,0.8997765,2.450171,-0.02106647,-3.269562,0.08401635,-0.8271817,0.1146177,0.5436677,16.31831,246.5071,359.1423,0.6307404,-0.006039507,-0.7759695,-0.01005956,0.01152639,-0.2248657,0.6039624,-0.7480745,-3.486583,0.5795999,-0.1897351,1.915,-0.3947334,-0.01436563,0.9186834,-0.2636215,0.9596081,-0.09826544,-0.8801644,-0.2809734,-0.3825765,moving,73.86467,59.19024,16.83913,-5.658305
05/15/2023 12:31:12.879958,653,True,True,True,True,Eyes,2.510617,-0.02267403,-3.185493,-0.8732034,-0.4204214,-0.2464992,0.0,0.0,0.0,0.0,0.0,0.0,0.0,3.964174,0.3524081,0.9345708,2.443683,-0.02209204,-3.277225,0.08371665,-0.8243312,0.1127586,0.5484118,16.12436,247.1489,359.1444,0.6296743,-0.005990675,-0.7768352,-0.009455989,0.01083481,-0.2113737,0.5937504,-0.7456594,-3.467464,0.5796001,-0.1869166,1.915001,-0.3844725,-0.01434421,0.9230253,-0.2616967,0.9605541,-0.09407843,-0.8852662,-0.2777232,-0.3730605,moving,74.236,59.61629,16.83913,-5.574783
05/15/2023 12:31:12.888587,654,True,True,True,True,Eyes,2.507158,-0.02291596,-3.190032,-0.8756957,-0.4184565,-0.2409384,0.0,0.0,0.0,0.0,0.0,0.0,0.0,3.957843,0.3655806,0.9661999,2.437271,-0.02350989,-3.284947,0.08415554,-0.8215527,0.1109027,0.552874,15.97868,247.7473,359.0675,0.6286108,-0.005950674,-0.7776963,-0.00888863,0.01018472,-0.1986913,0.5844469,-0.7442895,-3.451619,0.5796002,-0.1842757,1.915001,-0.3744963,-0.01564604,0.9270963,-0.2609068,0.9612368,-0.08916994,-0.889764,-0.2752796,-0.3640619,moving,74.61632,60.06757,16.83913,-5.496504
05/15/2023 12:31:12.908242,655,True,True,True,True,Eyes,2.50357,-0.02322516,-3.194691,-0.8781101,-0.4165411,-0.2354065,0.0,0.0,0.0,0.0,0.0,0.0,0.0,3.951182,0.3763705,0.9981327,2.430508,-0.02552077,-3.292681,0.08434559,-0.8187021,0.1094011,0.5573546,15.85207,248.3584,359.0376,0.627547,-0.005920451,-0.7785552,-0.008355312,0.009573636,-0.1867698,0.5730997,-0.7367497,-3.43956,0.5796003,-0.1816698,1.915001,-0.3644832,-0.01615747,0.9310696,-0.2600582,0.9618344,-0.08511292,-0.8941596,-0.2731545,-0.3547744,moving,74.99284,60.52721,16.83913,-5.419241
05/15/2023 12:31:12.928288,656,True,True,True,True,Eyes,2.499852,-0.0235706,-3.199473,-0.8804568,-0.4147789,-0.2296827,0.0,0.0,0.0,0.0,0.0,0.0,0.0,3.944977,0.3826731,1.029426,2.42399,-0.02749376,-3.30038,0.08441932,-0.8157972,0.1091654,0.5616327,15.83922,248.9654,359.0997,0.6264791,-0.005900665,-0.779415,-0.007853993,0.008999217,-0.1755636,0.5630087,-0.7317721,-3.428821,0.5796001,-0.1789707,1.915,-0.3548844,-0.0151164,0.9347882,-0.2603598,0.9619126,-0.08328831,-0.8979256,-0.2729389,-0.3453035,moving,75.37923,61.02463,16.83913,-5.339198
05/15/2023 12:31:12.938720,657,True,True,True,True,Eyes,2.499852,-0.0235706,-3.199473,-0.8804568,-0.4147789,-0.2296827,0.0,0.0,0.0,0.0,0.0,0.0,0.0,3.938039,0.3929777,1.060777,2.417194,-0.02868952,-3.308199,0.08538312,-0.8126401,0.1097233,0.5659388,15.96048,249.5865,359.1312,0.6254041,-0.005891157,-0.7802779,-0.007382754,0.008459264,-0.1650298,0.5527778,-0.7275158,-3.417424,0.5795997,-0.1762667,1.914999,-0.3448463,-0.01457823,0.938546,-0.2629648,0.9613411,-0.08168781,-0.9010719,-0.2749743,-0.3353485,moving,75.37923,61.02463,16.83913,-5.25899
05/15/2023 12:31:12.958554,658,True,True,True,True,Eyes,2.499852,-0.0235706,-3.199473,-0.8804568,-0.4147789,-0.2296827,0.0,0.0,0.0,0.0,0.0,0.0,0.0,3.92978,0.4068417,1.095266,2.410315,-0.02988134,-3.316292,0.08617071,-0.809391,0.1086085,0.5706708,15.91218,250.2431,359.0746,0.6244358,-0.005882591,-0.7810532,-0.006939788,0.007951709,-0.155128,0.543995,-0.7260113,-3.405366,0.5795999,-0.1736935,1.915001,-0.3338189,-0.01553223,0.9425092,-0.2634509,0.9615576,-0.07746323,-0.9050737,-0.2741636,-0.3250781,moving,75.37923,61.02463,16.83912,-5.182634
05/15/2023 12:31:12.978447,659,True,True,True,True,Eyes,2.499852,-0.0235706,-3.199473,-0.8804568,-0.4147789,-0.2296827,0.0,0.0,0.0,0.0,0.0,0.0,0.0,3.920582,0.4200305,1.131876,2.403311,-0.0313478,-3.3244,0.08677265,-0.8059786,0.1073972,0.5756171,15.84377,250.9331,359.0331,0.6235638,-0.005874877,-0.7817498,-0.006523401,0.007474606,-0.1458203,0.5367071,-0.728004,-3.392451,0.5796002,-0.1708956,1.915001,-0.3222711,-0.01623447,0.9465082,-0.2635131,0.9618726,-0.07322405,-0.9092317,-0.2730153,-0.3142617,moving,75.37923,61.02463,16.83913,-5.099595
05/15/2023 12:31:12.988608,660,True,True,True,True,Eyes,2.499852,-0.0235706,-3.199473,-0.8804568,-0.4147789,-0.2296827,0.0,0.0,0.0,0.0,0.0,0.0,0.0,3.912019,0.4302053,1.1666,2.39629,-0.03256451,-3.332665,0.0873377,-0.8026078,0.1070159,0.5802934,15.8516,251.602,359.0473,0.622778,-0.005867926,-0.7823761,-0.006131997,0.007026129,-0.1370711,0.5279752,-0.725808,-3.379495,0.5796,-0.1683735,1.915,-0.3112634,-0.01599455,0.9501891,-0.2643971,0.9618394,-0.07042067,-0.912803,-0.2731466,-0.3036144,moving,75.37923,61.02463,16.83913,-5.024724
05/15/2023 12:31:13.008270,661,True,True,True,True,Eyes,2.499852,-0.0235706,-3.199473,-0.8804568,-0.4147789,-0.2296827,0.0,0.0,0.0,0.0,0.0,0.0,0.0,3.902367,0.4393038,1.203542,2.388869,-0.03349364,-3.34098,0.08732799,-0.7992336,0.1052961,0.5852457,15.69575,252.2935,359.0273,0.6220703,-0.005861665,-0.782939,-0.005764077,0.006604562,-0.1288469,0.5190152,-0.7229885,-3.36548,0.5796003,-0.1657256,1.915,-0.2997229,-0.01634274,0.9538864,-0.2628391,0.9625731,-0.06609568,-0.9171053,-0.270529,-0.2928008,moving,75.37923,61.02463,16.83914,-4.946097
05/15/2023 12:31:13.028740,662,True,True,True,True,Eyes,2.499852,-0.0235706,-3.199473,-0.8804568,-0.4147789,-0.2296827,0.0,0.0,0.0,0.0,0.0,0.0,0.0,3.891877,0.4493497,1.242397,2.381766,-0.03478253,-3.349351,0.08718421,-0.7957632,0.1030233,0.5903779,15.48033,253.0053,358.9827,0.6214326,-0.005856025,-0.7834452,-0.005418232,0.006208288,-0.1211161,0.5109583,-0.7216828,-3.35188,0.5795994,-0.1629919,1.915001,-0.2877057,-0.01711063,0.9575661,-0.2604013,0.9635703,-0.06102099,-0.9216381,-0.2669075,-0.2816803,moving,75.37923,61.02463,16.83911,-4.864903
05/15/2023 12:31:13.038903,663,True,True,True,True,Eyes,2.499852,-0.0235706,-3.199473,-0.8804568,-0.4147789,-0.2296827,0.0,0.0,0.0,0.0,0.0,0.0,0.0,3.881357,0.4600296,1.279598,2.374508,-0.03629363,-3.357724,0.08748269,-0.7921984,0.101821,0.5953159,15.39574,253.7082,358.9673,0.6208586,-0.005850947,-0.7839001,-0.005093138,0.005835791,-0.1138491,0.5010116,-0.7152784,-3.338229,0.5796002,-0.1602469,1.915001,-0.2758917,-0.01737603,0.9610317,-0.2598386,0.9639586,-0.05716513,-0.9254014,-0.2654845,-0.2704631,moving,75.37923,61.02463,16.83913,-4.783357
05/15/2023 12:31:13.058678,664,True,True,True,True,Eyes,2.499852,-0.0235706,-3.199473,-0.8804568,-0.4147789,-0.2296827,0.0,0.0,0.0,0.0,0.0,0.0,0.0,3.871543,0.4704239,1.314153,2.36723,-0.03730404,-3.366299,0.08795411,-0.7887558,0.1009187,0.5999534,15.35133,254.3742,358.9509,0.6203421,-0.005846377,-0.784309,-0.00478755,0.005485643,-0.1070182,0.4911237,-0.7077225,-3.324144,0.5796,-0.1576373,1.915001,-0.2646403,-0.01765557,0.9641857,-0.2598417,0.964159,-0.0536637,-0.9286808,-0.2647371,-0.259743,moving,75.37923,61.02463,16.83912,-4.705811
05/15/2023 12:31:13.078495,665,True,True,True,True,Eyes,2.499852,-0.0235706,-3.199473,-0.8804568,-0.4147789,-0.2296827,0.0,0.0,0.0,0.0,0.0,0.0,0.0,3.861788,0.4841225,1.345919,2.359763,-0.03772661,-3.374814,0.08880249,-0.785482,0.09948921,0.604346,15.28549,254.9955,358.8563,0.6198769,-0.005842261,-0.7846767,-0.004500297,0.005156504,-0.1005971,0.4827231,-0.7041469,-3.309789,0.5796002,-0.1549644,1.915001,-0.2537602,-0.01925371,0.9670755,-0.2597574,0.964432,-0.04895912,-0.9317361,-0.2636288,-0.2497357,moving,75.37923,61.02463,16.83913,-4.62637
05/15/2023 12:31:13.088433,666,True,True,True,True,Eyes,2.499852,-0.0235706,-3.199473,-0.8804568,-0.4147789,-0.2296827,0.0,0.0,0.0,0.0,0.0,0.0,0.0,3.85101,0.4966361,1.380099,2.352337,-0.0384984,-3.383286,0.08920942,-0.7821208,0.09738384,0.6089708,15.12844,255.6447,358.7572,0.619458,-0.005838554,-0.7850075,0.0,0.0,0.0,0.4749817,-0.7013025,-3.296694,0.5796003,-0.1522503,1.915001,-0.242393,-0.02093727,0.9699523,-0.2581529,0.9651161,-0.04368,-0.9352022,-0.2609837,-0.2393423,moving,75.37923,61.02463,16.83914,-4.545686
05/15/2023 12:31:13.108415,667,True,True,True,True,Eyes,2.499852,-0.0235706,-3.199473,-0.8804568,-0.4147789,-0.2296827,0.0,0.0,0.0,0.0,0.0,0.0,0.0,3.841636,0.5074443,1.409699,2.34502,-0.03863735,-3.391505,0.0901753,-0.7788543,0.09726049,0.6130213,15.19246,256.2432,358.74,0.6190805,-0.005835213,-0.7853054,0.0,0.0,0.0,0.4672681,-0.6980147,-3.285217,0.5796007,-0.1496003,1.915001,-0.232147,-0.02122134,0.9724492,-0.2597123,0.9648176,-0.04094473,-0.9373673,-0.2620622,-0.229491,moving,75.37923,61.02463,16.83915,-4.466888
05/15/2023 12:31:13.128429,668,True,True,True,True,Eyes,2.499852,-0.0235706,-3.199473,-0.8804568,-0.4147789,-0.2296827,0.0,0.0,0.0,0.0,0.0,0.0,0.0,3.831148,0.5220523,1.43997,2.337224,-0.03764617,-3.399959,0.09194231,-0.7752879,0.09774563,0.617188,15.37012,256.8692,358.6981,0.6187398,-0.005832199,-0.7855728,0.0,0.0,0.0,0.4588311,-0.692099,-3.27303,0.5795999,-0.1468025,1.915001,-0.221251,-0.02190865,0.9749706,-0.2632183,0.9639848,-0.03807061,-0.9390229,-0.2650534,-0.2190493,moving,75.37923,61.02463,16.83912,-4.383678
05/15/2023 12:31:13.138689,669,True,True,True,True,Eyes,2.492355,-0.02404092,-3.208231,-0.8848149,-0.4119073,-0.217796,0.0,0.0,0.0,0.0,0.0,0.0,0.0,3.81968,0.5445347,1.468582,2.329332,-0.03399855,-3.408263,0.09474969,-0.7717666,0.09723366,0.6212443,15.53392,257.4593,358.4871,0.6184332,-0.005829486,-0.7858134,0.0,0.0,0.0,0.4528658,-0.6919398,-3.261443,0.5796,-0.1442275,1.915001,-0.210156,-0.02543755,0.9773369,-0.267061,0.9631363,-0.03235795,-0.9404855,-0.2678088,-0.2092022,moving,76.17163,62.13235,16.83912,-4.307075
05/15/2023 12:31:13.158814,670,True,True,True,True,Eyes,2.484879,-0.02447658,-3.216949,-0.8890241,-0.4089338,-0.2059346,0.0,0.0,0.0,0.0,0.0,0.0,0.0,3.80239,0.5549839,1.514579,2.320618,-0.03277242,-3.416691,0.09358418,-0.7679453,0.09041884,0.6271576,14.84811,258.2407,358.2024,0.617941,-0.005838263,-0.7862005,0.0,0.0,0.0,0.4480281,-0.6944147,-3.248954,0.5796002,-0.1415924,1.915,-0.1958311,-0.03032136,0.9801689,-0.2571487,0.9661329,-0.02148939,-0.9463218,-0.2562575,-0.1969959,moving,76.95796,63.27067,16.83914,-4.228676
05/15/2023 12:31:13.179020,671,True,True,True,True,Eyes,2.477387,-0.02478535,-3.225668,-0.8928291,-0.4063793,-0.1941957,0.0,0.0,0.0,0.0,0.0,0.0,0.0,3.790638,0.5528079,1.551394,2.313665,-0.03242211,-3.424509,0.09217803,-0.7646444,0.08796715,0.6317309,14.53614,258.9002,358.2344,0.6172783,-0.005856581,-0.7867211,0.0,0.0,0.0,0.4435458,-0.695211,-3.237932,0.5795999,-0.1387291,1.915,-0.1848385,-0.0298237,0.9823162,-0.2521099,0.96753,-0.01806375,-0.9498817,-0.2509906,-0.1863556,moving,77.72895,64.45835,16.83913,-4.143463
05/15/2023 12:31:13.189293,672,True,True,True,True,Eyes,2.469838,-0.02497009,-3.234353,-0.8965627,-0.4035533,-0.1825379,0.0,0.0,0.0,0.0,0.0,0.0,0.0,3.780647,0.5711535,1.574654,2.305666,-0.0296414,-3.432501,0.09509877,-0.7612634,0.08965629,0.6351347,14.91022,259.4378,358.1674,0.6164632,-0.005880328,-0.7873598,0.0,0.0,0.0,0.4299668,-0.6727999,-3.222903,0.5795995,-0.1363374,1.915001,-0.1751204,-0.03090278,0.984062,-0.2586781,0.965836,-0.01570305,-0.9499572,-0.2573051,-0.1771315,moving,78.49201,65.6615,16.83911,-4.072271
05/15/2023 12:31:13.208432,673,True,True,True,True,Eyes,2.46227,-0.02513867,-3.242895,-0.9001454,-0.4005907,-0.1710716,0.0,0.0,0.0,0.0,0.0,0.0,0.0,3.767343,0.5737008,1.609477,2.296781,-0.02694699,-3.440419,0.0935978,-0.7582836,0.0835603,0.6397369,14.26936,260.0469,357.9283,0.6155111,-0.005905896,-0.7881044,0.0,0.0,0.0,0.4212085,-0.6596853,-3.209615,0.5795999,-0.1336706,1.915,-0.1639525,-0.03503413,0.985846,-0.2488606,0.9685143,-0.006968889,-0.9545618,-0.2464807,-0.1675089,moving,79.23933,66.87518,16.83913,-3.992877
05/15/2023 12:31:13.228673,674,True,True,True,True,Eyes,2.454698,-0.02527644,-3.251377,-0.9033963,-0.3979579,-0.1597017,0.0,0.0,0.0,0.0,0.0,0.0,0.0,3.755331,0.5680633,1.644024,2.289145,-0.02669348,-3.447772,0.09130959,-0.7553346,0.0792812,0.644086,13.73255,260.6551,357.8873,0.6144362,-0.005932729,-0.7889425,0.0,0.0,0.0,0.4188449,-0.6666638,-3.199291,0.5796002,-0.1308418,1.915,-0.1536314,-0.03581073,0.987479,-0.2400664,0.9707541,-0.00214522,-0.9585224,-0.2373901,-0.1577353,moving,79.97488,68.13427,16.83914,-3.908642
05/15/2023 12:31:13.238505,675,True,True,True,True,Eyes,2.264525,-0.02596541,-3.462678,-0.9385482,-0.3201999,0.128838,0.0,0.0,0.0,0.0,0.0,0.0,0.0,3.747301,0.5791268,1.662687,2.281495,-0.02603309,-3.454892,0.09342159,-0.7523729,0.08207035,0.6468942,14.14418,261.126,357.9673,0.6132514,-0.005959942,-0.7898637,0.0,0.0,0.0,0.4056837,-0.643473,-3.188909,0.5796001,-0.1282474,1.915001,-0.1456007,-0.03439406,0.9887453,-0.2467573,0.9690738,-0.002627246,-0.9580768,-0.2443627,-0.1495848,moving,-82.18365,-68.08175,16.83913,-3.831372
05/15/2023 12:31:13.259286,676,True,True,True,True,Eyes,2.264166,-0.02587925,-3.46295,-0.9385898,-0.3199203,0.1292297,0.0,0.0,0.0,0.0,0.0,0.0,0.0,3.735432,0.5940702,1.686876,2.272903,-0.02336806,-3.461977,0.09512697,-0.7492388,0.08110109,0.6503958,14.1977,261.6481,357.8098,0.6020336,-0.006000941,-0.7984468,-0.570518,-0.002066905,-0.6339033,0.3946725,-0.6239428,-3.177222,0.5796003,-0.1255635,1.915,-0.1358725,-0.03705003,0.9900334,-0.2480413,0.968747,0.002212194,-0.9591738,-0.2452685,-0.1408161,moving,-82.16052,-68.00408,16.83914,-3.751424
05/15/2023 12:31:13.278602,677,True,True,True,True,Eyes,2.263496,-0.02575489,-3.463462,-0.938563,-0.3196655,0.1300515,0.0,0.0,0.0,0.0,0.0,0.0,0.0,3.718936,0.6008897,1.722647,2.263955,-0.02128671,-3.468878,0.09435391,-0.7458331,0.07571851,0.655055,13.68364,262.2907,357.5494,0.5929298,-0.006033148,-0.8052303,-0.536287,-0.00194289,-0.5958691,0.3926827,-0.6328948,-3.167948,0.5795996,-0.1227693,1.914999,-0.1240007,-0.04154498,0.9914122,-0.2399441,0.9707281,0.01066727,-0.9628348,-0.2365608,-0.1303395,moving,-82.11108,-67.86173,16.83912,-3.668174
05/15/2023 12:31:13.288645,678,True,True,True,True,Eyes,2.262505,-0.02557469,-3.464203,-0.9384716,-0.3194111,0.1313305,0.0,0.0,0.0,0.0,0.0,0.0,0.0,3.701959,0.6081783,1.758802,2.255852,-0.02027239,-3.475412,0.09432969,-0.7420331,0.07325647,0.659638,13.48344,262.9696,357.4452,0.5855525,-0.006057237,-0.8106108,-0.5041097,-0.001826317,-0.5601169,0.3870979,-0.630775,-3.158081,0.5796,-0.1199937,1.915,-0.1119593,-0.04334601,0.992767,-0.236637,0.9714708,0.01572945,-0.965126,-0.2331644,-0.1190224,moving,-82.03371,-67.64927,16.83913,-3.585462
05/15/2023 12:31:13.308910,679,True,True,True,True,Eyes,2.261191,-0.02534114,-3.46515,-0.9383135,-0.3191621,0.133054,0.0,0.0,0.0,0.0,0.0,0.0,0.0,3.683153,0.6138424,1.79733,2.247182,-0.01875494,-3.481758,0.09464127,-0.7377412,0.07256703,0.664466,13.46452,263.7166,357.4537,0.5795776,-0.006073175,-0.8148935,-0.4738632,-0.001716738,-0.5265099,0.3764322,-0.6123741,-3.145109,0.5795997,-0.1174314,1.915001,-0.09905599,-0.04320487,0.9941435,-0.2360782,0.9715542,0.01870045,-0.9666722,-0.2328432,-0.106438,moving,-81.9292,-67.36946,16.83912,-3.509089
05/15/2023 12:31:13.328390,680,True,True,True,True,Eyes,2.259597,-0.02507034,-3.466293,-0.9380787,-0.3189263,0.1352568,0.0,0.0,0.0,0.0,0.0,0.0,0.0,3.661322,0.6147153,1.841712,2.238132,-0.01723342,-3.487911,0.094064,-0.7330652,0.07103221,0.6698672,13.30668,264.5478,357.4825,0.5747361,-0.006080839,-0.8183154,-0.4454314,-0.001613734,-0.4949193,0.3698808,-0.6033147,-3.129736,0.5796,-0.1146808,1.915001,-0.0848603,-0.04274582,0.9954756,-0.2330744,0.9722127,0.0218783,-0.9687494,-0.2301632,-0.09246513,moving,-81.79536,-67.01818,16.83912,-3.427095
05/15/2023 12:31:13.338989,681,True,True,True,True,Eyes,2.257715,-0.02474105,-3.467636,-0.9377138,-0.3188832,0.1378633,0.0,0.0,0.0,0.0,0.0,0.0,0.0,3.639738,0.6161961,1.884722,2.229826,-0.01606658,-3.493877,0.09398565,-0.7282931,0.0712079,0.6750447,13.33296,265.3734,357.5992,0.5708061,-0.006080405,-0.8210617,-0.4187055,-0.00151691,-0.4652242,0.3650904,-0.598744,-3.11148,0.5795997,-0.1122458,1.915,-0.07096279,-0.04076115,0.9966458,-0.2330352,0.9721923,0.0231686,-0.9698758,-0.2306095,-0.07848819,moving,-81.63625,-66.61964,16.83912,-3.354495
05/15/2023 12:31:13.358530,682,True,True,True,True,Eyes,2.255546,-0.02440081,-3.469139,-0.93729,-0.3187809,0.1409477,0.0,0.0,0.0,0.0,0.0,0.0,0.0,3.618045,0.6191338,1.925105,2.220975,-0.01430713,-3.499524,0.09453904,-0.7234526,0.07269477,0.6799958,13.51823,266.1879,357.7646,0.5676045,-0.006071448,-0.8232783,-0.3935831,-0.001425895,-0.4373107,0.359344,-0.5893557,-3.090403,0.5796002,-0.1096305,1.915001,-0.05733633,-0.03792475,0.9976344,-0.2356533,0.9715557,0.02338987,-0.9701445,-0.2337548,-0.06464257,moving,-81.44806,-66.14758,16.83913,-3.276507
05/15/2023 12:31:13.378601,683,True,True,True,True,Eyes,2.253134,-0.02404711,-3.470825,-0.9367028,-0.3189531,0.1444185,0.0,0.0,0.0,0.0,0.0,0.0,0.0,3.59348,0.6166301,1.970895,2.211928,-0.01371516,-3.504989,0.09374199,-0.7183934,0.07240785,0.6854783,13.4473,267.0677,357.913,0.5649807,-0.006054688,-0.8250812,-0.3699681,-0.001340341,-0.4110721,0.3562561,-0.5850726,-3.068999,0.5796002,-0.1067315,1.915001,-0.04266392,-0.03541924,0.9984615,-0.2339553,0.971939,0.02448155,-0.9713109,-0.2325508,-0.04975326,moving,-81.23529,-65.63949,16.83913,-3.190048
05/15/2023 12:31:13.388406,684,True,True,True,True,Eyes,2.250468,-0.0237121,-3.472646,-0.9359678,-0.3193167,0.1483276,0.0,0.0,0.0,0.0,0.0,0.0,0.0,3.569322,0.6292118,2.010491,2.203675,-0.01299903,-3.510226,0.0955264,-0.7132285,0.07466193,0.6903662,13.79203,267.8969,358.0423,0.5628119,-0.006030674,-0.8265623,-0.3477701,-0.001259921,-0.3864078,0.3544703,-0.5851611,-3.047522,0.5796003,-0.1041961,1.915001,-0.02853868,-0.03317618,0.999042,-0.2393524,0.9706006,0.02539436,-0.9705133,-0.2383984,-0.0356405,moving,-80.99493,-65.08439,16.83913,-3.11442
05/15/2023 12:31:13.409012,685,True,True,True,True,Eyes,2.247572,-0.02339435,-3.474575,-0.9351616,-0.3197989,0.1523201,0.0,0.0,0.0,0.0,0.0,0.0,0.0,3.542572,0.6442764,2.052016,2.194866,-0.01306395,-3.515404,0.09738602,-0.707736,0.07654453,0.6955333,14.11194,268.7741,358.1465,0.5609269,-0.006000754,-0.8278429,-0.3269038,-0.001184326,-0.3632233,0.3508971,-0.5782765,-3.024044,0.5795997,-0.101547,1.915,-0.01349863,-0.03136866,0.9994167,-0.2443257,0.9693137,0.02712382,-0.9695992,-0.2438171,-0.02074859,moving,-80.74884,-64.53156,16.83912,-3.035389
05/15/2023 12:31:13.428478,686,True,True,True,True,Eyes,2.244462,-0.02307067,-3.476624,-0.9342062,-0.3205105,0.156626,0.0,0.0,0.0,0.0,0.0,0.0,0.0,3.519059,0.6512455,2.089573,2.186486,-0.01309836,-3.520414,0.09821071,-0.7028496,0.07815273,0.7001781,14.32307,269.5692,358.3077,0.5591584,-0.005966128,-0.8290387,-0.3072896,-0.001113266,-0.3414299,0.3522417,-0.5846269,-3.001941,0.5796,-0.09876976,1.915,-0.0002107024,-0.02861303,0.9995906,-0.2474964,0.9684936,0.02767076,-0.9688889,-0.2473892,-0.007285674,moving,-80.48249,-63.95631,16.83913,-2.952522
05/15/2023 12:31:13.438531,687,True,True,True,True,Eyes,2.241101,-0.02274166,-3.478819,-0.9332697,-0.3210472,0.1610475,0.0,0.0,0.0,0.0,0.0,0.0,0.0,3.496495,0.6695067,2.121249,2.178205,-0.01257439,-3.525433,0.1006931,-0.6981052,0.08032781,0.7043135,14.71395,270.2974,358.3745,0.5574898,-0.005927124,-0.8301619,-0.2888522,-0.00104647,-0.3209441,0.3537514,-0.5913541,-2.978484,0.5796001,-0.09614979,1.915,0.01239318,-0.02743679,0.9995468,-0.2537406,0.9668167,0.02968446,-0.967193,-0.2539935,0.005020142,moving,-80.20931,-63.3602,16.83914,-2.874337
05/15/2023 12:31:13.458759,688,True,True,True,True,Eyes,2.237526,-0.02244088,-3.481103,-0.932274,-0.3215324,0.165777,0.0,0.0,0.0,0.0,0.0,0.0,0.0,3.471571,0.6797461,2.156929,2.16889,-0.01215754,-3.530151,0.1012916,-0.693506,0.07890526,0.7089172,14.65849,271.0411,358.3049,0.5559058,-0.005884062,-0.8312237,-0.2715211,-0.0009836818,-0.3016874,0.3540864,-0.5940041,-2.957591,0.5796,-0.09351763,1.915001,0.02564698,-0.02861803,0.9992614,-0.2523672,0.967028,0.03417214,-0.9672917,-0.2530572,0.0175791,moving,-79.91705,-62.72508,16.83913,-2.795776
05/15/2023 12:31:13.478639,689,True,True,True,True,Eyes,2.233731,-0.02217944,-3.48348,-0.9313385,-0.321618,0.1707937,0.0,0.0,0.0,0.0,0.0,0.0,0.0,3.445966,0.6876533,2.193884,2.160195,-0.01254527,-3.534696,0.1015196,-0.6888295,0.0776402,0.7135683,14.58666,271.801,358.2795,0.5543928,-0.005838022,-0.8322339,-0.2552299,-0.0009246609,-0.2835862,0.3562329,-0.6025869,-2.939175,0.5796005,-0.0907229,1.915001,0.03897182,-0.02905622,0.9988178,-0.2506626,0.9673315,0.03792062,-0.9672899,-0.251844,0.03041539,moving,-79.60827,-62.02968,16.83914,-2.712352
05/15/2023 12:31:13.489086,690,True,True,True,True,Eyes,2.229711,-0.02194858,-3.485938,-0.9303561,-0.321614,0.1760738,0.0,0.0,0.0,0.0,0.0,0.0,0.0,3.42098,0.6991065,2.227572,2.151142,-0.01321554,-3.539258,0.1025746,-0.6840645,0.07804046,0.7179443,14.7176,272.5522,358.3246,0.5529397,-0.005790274,-0.8332005,-0.2399161,-0.0008691812,-0.266571,0.3536189,-0.5985237,-2.920325,0.5796002,-0.08807866,1.915001,0.05193105,-0.02827788,0.9982503,-0.2523926,0.9667763,0.0405163,-0.9662304,-0.2540551,0.04306859,moving,-79.28329,-61.30065,16.83913,-2.63341
05/15/2023 12:31:13.508911,691,True,True,True,True,Eyes,2.225476,-0.02174874,-3.488467,-0.9295129,-0.321025,0.1815178,0.0,0.0,0.0,0.0,0.0,0.0,0.0,3.397032,0.6999926,2.261817,2.141737,-0.01373923,-3.543783,0.1019733,-0.6796849,0.07673423,0.7223169,14.57365,273.2732,358.356,0.5515355,-0.005741733,-0.8341309,-0.2255211,-0.0008170304,-0.2505768,0.3518367,-0.5943069,-2.900776,0.5796001,-0.08543006,1.915001,0.06428055,-0.02776663,0.9975455,-0.2494723,0.9674265,0.04300395,-0.9662461,-0.2516243,0.05525968,moving,-78.95019,-60.51479,16.83913,-2.554327
05/15/2023 12:31:13.528530,692,True,True,True,True,Eyes,2.221023,-0.0215949,-3.491056,-0.9286098,-0.3204037,0.1871506,0.0,0.0,0.0,0.0,0.0,0.0,0.0,3.374684,0.700577,2.292886,2.132401,-0.01431714,-3.548138,0.1013619,-0.6756124,0.07533382,0.7263597,14.42091,273.94,358.3715,0.550171,-0.005693229,-0.835032,-0.2119898,-0.0007680085,-0.2355422,0.3518083,-0.596173,-2.88155,0.5796002,-0.08280307,1.915,0.07574528,-0.02752384,0.9967474,-0.2464017,0.9681011,0.04545751,-0.9662035,-0.2490434,0.06654717,moving,-78.60534,-59.71043,16.83913,-2.475882
05/15/2023 12:31:13.538366,693,True,True,True,True,Eyes,2.216371,-0.02150684,-3.493758,-0.9277983,-0.3193449,0.1928968,0.0,0.0,0.0,0.0,0.0,0.0,0.0,3.353331,0.7032016,2.320577,2.122707,-0.01514618,-3.552222,0.101118,-0.6716979,0.07433994,0.7301171,14.33103,274.5698,358.3861,0.5488372,-0.005645868,-0.8359095,-0.1992704,-0.000721928,-0.2214097,0.3485997,-0.589123,-2.863225,0.5796002,-0.0800367,1.915,0.08659116,-0.0272877,0.9958702,-0.2443952,0.9684974,0.04778792,-0.9658018,-0.2475239,0.07719433,moving,-78.25507,-58.86639,16.83913,-2.393262
05/15/2023 12:31:13.558706,694,True,True,True,True,Eyes,2.211524,-0.02147701,-3.496505,-0.9268981,-0.3183387,0.1987974,0.0,0.0,0.0,0.0,0.0,0.0,0.0,3.331704,0.7000705,2.350651,2.113423,-0.01671317,-3.556553,0.1000362,-0.6677051,0.07333001,0.7340199,14.169,275.2267,358.467,0.5475273,-0.005601149,-0.8367685,-0.1873142,-0.0006786123,-0.2081251,0.3451153,-0.5822029,-2.846508,0.5795999,-0.0774864,1.915001,0.09758508,-0.02593803,0.9948891,-0.2412408,0.9692309,0.04893155,-0.9655465,-0.2447829,0.0883252,moving,-77.89482,-58.01588,16.83912,-2.317087
05/15/2023 12:31:13.579003,695,True,True,True,True,Eyes,2.206467,-0.02151067,-3.499316,-0.9260437,-0.3170806,0.2047023,0.0,0.0,0.0,0.0,0.0,0.0,0.0,3.312441,0.701134,2.374962,2.103959,-0.01820426,-3.560522,0.09987421,-0.663953,0.07382625,0.7373881,14.20113,275.8246,358.5964,0.5462345,-0.005560211,-0.8376133,-0.1760754,-0.0006378956,-0.1956376,0.3416359,-0.5772969,-2.830757,0.5796002,-0.07467909,1.915,0.1074321,-0.02374636,0.9939289,-0.2415008,0.9691496,0.04925781,-0.9644356,-0.2453265,0.09838305,moving,-77.53519,-57.15434,16.83913,-2.233227
05/15/2023 12:31:13.588779,696,True,True,True,True,Eyes,2.201215,-0.02159876,-3.502159,-0.9251477,-0.3157886,0.2106638,0.0,0.0,0.0,0.0,0.0,0.0,0.0,3.296052,0.6995779,2.395066,2.093952,-0.01979338,-3.564362,0.09945492,-0.6606396,0.07437786,0.7403595,14.21367,276.3567,358.7424,0.5449526,-0.005524214,-0.838448,-0.1655108,-0.0005996219,-0.1838993,0.3383366,-0.5703131,-2.814297,0.5796,-0.07202315,1.915,0.1160463,-0.02127504,0.993016,-0.2415404,0.9691533,0.04899083,-0.9634271,-0.2455387,0.107328,moving,-77.172,-56.29259,16.83913,-2.153879
05/15/2023 12:31:13.608533,697,True,True,True,True,Eyes,2.195746,-0.02173646,-3.505062,-0.9242862,-0.3143309,0.2165431,0.0,0.0,0.0,0.0,0.0,0.0,0.0,3.282966,0.6927683,2.41184,2.084049,-0.0211948,-3.568059,0.09832901,-0.6579216,0.0742857,0.7429349,14.11403,276.8066,358.877,0.543677,-0.005493995,-0.839276,-0.1555802,-0.0005636445,-0.1728654,0.3361081,-0.5690875,-2.799459,0.5796004,-0.06946254,1.915,0.1232415,-0.01900667,0.9921948,-0.2397645,0.9696261,0.04835577,-0.9629771,-0.2438525,0.114941,moving,-76.81448,-55.43698,16.83914,-2.077371
05/15/2023 12:31:13.628650,698,True,True,True,True,Eyes,2.190072,-0.02192371,-3.507989,-0.9234112,-0.3127964,0.2224188,0.0,0.0,0.0,0.0,0.0,0.0,0.0,3.271709,0.6884494,2.42444,2.073547,-0.0225796,-3.571533,0.09752625,-0.6555408,0.07392427,0.7451779,14.02053,277.1947,358.9552,0.5424029,-0.005470193,-0.8401002,-0.1462454,-0.0005298259,-0.1624934,0.3323675,-0.5670053,-2.786546,0.5796002,-0.0667325,1.915001,0.1296028,-0.01769143,0.9914082,-0.2380383,0.9700477,0.04842806,-0.96257,-0.2422695,0.1215097,moving,-76.45734,-54.58468,16.83913,-1.995792
05/15/2023 12:31:13.639086,699,True,True,True,True,Eyes,2.184178,-0.02217131,-3.510964,-0.9224205,-0.3110991,0.2288182,0.0,0.0,0.0,0.0,0.0,0.0,0.0,3.26167,0.6809987,2.43627,2.062964,-0.02398179,-3.57509,0.09620114,-0.6534118,0.07282388,0.7473251,13.82488,277.5507,359.0044,0.5411255,-0.005453359,-0.8409237,-0.1374706,-0.0004980363,-0.1527438,0.3267321,-0.561278,-2.775967,0.5796005,-0.06403421,1.915001,0.1354993,-0.0168717,0.9906337,-0.2345642,0.970884,0.04861911,-0.9626107,-0.2389551,0.1275966,moving,-76.06827,-53.66494,16.83914,-1.915155
05/15/2023 12:31:13.658598,700,True,True,True,True,Eyes,2.178073,-0.02246513,-3.513933,-0.9214076,-0.309387,0.2351335,0.0,0.0,0.0,0.0,0.0,0.0,0.0,3.25338,0.671297,2.445351,2.051995,-0.02576037,-3.578201,0.0945999,-0.6515923,0.07173168,0.7492216,13.60531,277.8625,359.0688,0.5398408,-0.005444272,-0.8417491,-0.1292224,-0.0004681541,-0.1435792,0.3199756,-0.5564094,-2.767198,0.5796005,-0.0614707,1.915001,0.1405641,-0.0157953,0.9899456,-0.230767,0.9718109,0.04827293,-0.9628024,-0.2352322,0.1329567,moving,-75.68426,-52.76524,16.83914,-1.838539
05/15/2023 12:31:13.678814,701,True,True,True,True,Eyes,2.171752,-0.0227885,-3.516867,-0.9202573,-0.3077268,0.2417247,0.0,0.0,0.0,0.0,0.0,0.0,0.0,3.246323,0.6669186,2.450848,2.04087,-0.02717726,-3.581083,0.09384222,-0.6499327,0.07111181,0.7508157,13.49451,278.1328,359.1044,0.5385456,-0.00544329,-0.8425783,-0.1214691,-0.0004400649,-0.1349645,0.3118777,-0.5483888,-2.759427,0.5795998,-0.05873946,1.915,0.1450612,-0.01519851,0.9893059,-0.228766,0.9722735,0.04848065,-0.9626128,-0.2333522,0.1375623,moving,-75.28255,-51.84975,16.83912,-1.756902
05/15/2023 12:31:13.688664,702,True,True,True,True,Eyes,2.165213,-0.02313517,-3.51978,-0.9191012,-0.3060019,0.2482251,0.0,0.0,0.0,0.0,0.0,0.0,0.0,3.239561,0.6654282,2.454472,2.029284,-0.02825963,-3.58374,0.09342882,-0.6483916,0.07006945,0.7522963,13.3817,278.3763,359.0735,0.5372381,-0.005450338,-0.8434126,-0.1141809,-0.000413661,-0.1268666,0.302646,-0.5399051,-2.752525,0.5795999,-0.05610168,1.915,0.1493572,-0.01573095,0.9886581,-0.2265829,0.9727226,0.04970742,-0.9624722,-0.2314372,0.1417188,moving,-74.88649,-50.95145,16.83913,-1.678053
05/15/2023 12:31:13.714156,703,True,True,True,True,Eyes,2.158463,-0.02353903,-3.522646,-0.9178079,-0.3042234,0.2551017,0.0,0.0,0.0,0.0,0.0,0.0,0.0,3.230479,0.6633358,2.460937,2.017573,-0.0292075,-3.58619,0.09269965,-0.6466535,0.06792359,0.7540772,13.15884,278.6526,358.9732,0.5359152,-0.005465198,-0.8442538,-0.1073301,-0.0003888413,-0.1192546,0.2937648,-0.5347942,-2.74684,0.5795997,-0.05341949,1.915,0.1544511,-0.01744987,0.9878464,-0.2223284,0.9735863,0.05195933,-0.9626605,-0.2276515,0.1464919,moving,-74.4669,-50.01902,16.83912,-1.597868
05/15/2023 12:31:13.728480,704,True,True,True,True,Eyes,2.151532,-0.02396229,-3.525485,-0.916464,-0.3025121,0.2618782,0.0,0.0,0.0,0.0,0.0,0.0,0.0,3.220368,0.656258,2.469636,2.005715,-0.03105047,-3.588411,0.09133685,-0.644694,0.06638189,0.7560561,12.92665,278.9753,358.9776,0.534575,-0.005488497,-0.845103,-0.1008902,-0.0003655109,-0.1120993,0.2841829,-0.5298041,-2.741838,0.5795998,-0.05060495,1.915,0.1599264,-0.01739177,0.9869757,-0.2181455,0.974502,0.05251953,-0.9627233,-0.2237035,0.1520546,moving,-74.0528,-49.11797,16.83912,-1.51372
05/15/2023 12:31:13.738765,705,True,True,True,True,Eyes,2.144373,-0.02439979,-3.528273,-0.9149805,-0.3008027,0.2689396,0.0,0.0,0.0,0.0,0.0,0.0,0.0,3.212864,0.6538142,2.474162,1.994444,-0.03192645,-3.590629,0.09114659,-0.6428784,0.06702412,0.7575669,12.96031,279.259,359.0803,0.5332164,-0.005519874,-0.8459606,-0.09483683,-0.0003435802,-0.1053733,0.2742684,-0.5220013,-2.735596,0.5796006,-0.04799489,1.915001,0.1644305,-0.0156418,0.9862648,-0.2187428,0.9744001,0.05192256,-0.9618287,-0.224276,0.1567995,moving,-73.6204,-48.20096,16.83914,-1.435681
05/15/2023 12:31:13.758639,706,True,True,True,True,Eyes,2.137021,-0.02487235,-3.53101,-0.9135143,-0.2989005,0.2759532,0.0,0.0,0.0,0.0,0.0,0.0,0.0,3.20211,0.6443397,2.483031,1.981823,-0.03277346,-3.592413,0.08967844,-0.6408058,0.06579503,0.759603,12.74214,279.5994,359.1202,0.5318376,-0.005558893,-0.8468279,-0.08914662,-0.0003229654,-0.09905095,0.2646753,-0.5136726,-2.727555,0.5795996,-0.04530475,1.915001,0.1700777,-0.01497674,0.9853169,-0.2148891,0.9752576,0.05191634,-0.9617153,-0.2205637,0.1626512,moving,-73.19155,-47.28595,16.83912,-1.355241
05/15/2023 12:31:13.778748,707,True,True,True,True,Eyes,2.129496,-0.02536761,-3.533636,-0.9118679,-0.2971285,0.2832167,0.0,0.0,0.0,0.0,0.0,0.0,0.0,3.19118,0.6251045,2.494749,1.969862,-0.03413565,-3.593973,0.08681495,-0.638769,0.06419355,0.7617851,12.37319,279.9559,359.2312,0.5304365,-0.00560569,-0.8477058,-0.08379783,-0.0003035875,-0.09310789,0.2572058,-0.5121736,-2.720941,0.5796003,-0.04278791,1.915001,0.1757067,-0.01310601,0.9843552,-0.2087128,0.9766847,0.05025896,-0.9620634,-0.2142784,0.1688747,moving,-72.74575,-46.37321,16.83913,-1.279978
05/15/2023 12:31:13.788538,708,True,True,True,True,Eyes,2.121771,-0.02583347,-3.536195,-0.9101706,-0.2953545,0.2904399,0.0,0.0,0.0,0.0,0.0,0.0,0.0,3.181211,0.620218,2.501212,1.95795,-0.03516801,-3.595277,0.08637769,-0.6366187,0.06531147,0.7635379,12.41918,280.2936,359.399,0.5290142,-0.005660046,-0.8485938,-0.07876996,-0.0002853722,-0.08752141,0.2473311,-0.5029398,-2.711927,0.5796004,-0.04009824,1.915001,0.1809022,-0.01024374,0.9834478,-0.2097148,0.9765466,0.04874829,-0.9608821,-0.2150623,0.1745112,moving,-72.30186,-45.48068,16.83913,-1.199542
05/15/2023 12:31:13.808475,709,True,True,True,True,Eyes,2.113871,-0.02625523,-3.538673,-0.9083058,-0.2936971,0.2978632,0.0,0.0,0.0,0.0,0.0,0.0,0.0,3.166302,0.6170314,2.512579,1.945439,-0.03494433,-3.596288,0.08585851,-0.6339756,0.06446147,0.7658642,12.31264,280.7006,359.4061,0.5275695,-0.005720522,-0.8494924,-0.07404376,-0.0002682499,-0.08227012,0.2371707,-0.4886702,-2.701928,0.5796004,-0.03746882,1.915,0.1878394,-0.01012694,0.9821475,-0.2076018,0.9769461,0.04977795,-0.9600093,-0.2132459,0.1814066,moving,-71.84399,-44.5965,16.83915,-1.120904
05/15/2023 12:31:13.828693,710,True,True,True,True,Eyes,2.105805,-0.0266184,-3.54109,-0.9063693,-0.2921113,0.3052304,0.0,0.0,0.0,0.0,0.0,0.0,0.0,3.149373,0.6196736,2.525132,1.933298,-0.034316,-3.597224,0.08601269,-0.6310983,0.06319983,0.7683246,12.23618,281.129,359.3288,0.5261016,-0.005785493,-0.8504018,-0.06960113,-0.0002521549,-0.07733391,0.2300001,-0.4868881,-2.692776,0.5796002,-0.03475362,1.915001,0.1954414,-0.01144897,0.9806486,-0.2056809,0.9772152,0.05240071,-0.9589046,-0.2119419,0.1886335,moving,-71.38845,-43.74184,16.83913,-1.039696
05/15/2023 12:31:13.838726,711,True,True,True,True,Eyes,2.097583,-0.02688315,-3.543424,-0.9043053,-0.2906523,0.312655,0.0,0.0,0.0,0.0,0.0,0.0,0.0,3.133296,0.6247939,2.536061,1.921225,-0.0332789,-3.598236,0.0866129,-0.6282976,0.06226778,0.7706251,12.2242,281.5379,359.2456,0.5246105,-0.005853095,-0.851322,0.0,0.0,0.0,0.2225592,-0.4805519,-2.68124,0.5795999,-0.03211218,1.915001,0.2027296,-0.01286714,0.9791502,-0.2048076,0.9772418,0.05524676,-0.9575774,-0.2117376,0.1954805,moving,-70.92767,-42.91134,16.83912,-0.9606888
05/15/2023 12:31:13.858866,712,True,True,True,True,Eyes,2.089199,-0.02699809,-3.545689,-0.9022262,-0.2892016,0.3199224,0.0,0.0,0.0,0.0,0.0,0.0,0.0,3.122003,0.6229848,2.5425,1.909163,-0.03116952,-3.599088,0.08667491,-0.6261381,0.06200884,0.7723947,12.21301,281.8605,359.2525,0.5230962,-0.005920709,-0.8522527,0.0,0.0,0.0,0.2163228,-0.4755644,-2.669148,0.5795999,-0.02941389,1.915,0.2082122,-0.01275033,0.9780007,-0.2043315,0.9772847,0.05624231,-0.9565022,-0.2115467,0.2008772,moving,-70.47588,-42.11277,16.83912,-0.8799785
05/15/2023 12:31:13.878533,713,True,True,True,True,Eyes,2.080654,-0.02704602,-3.547825,-0.9003965,-0.2870708,0.3269197,0.0,0.0,0.0,0.0,0.0,0.0,0.0,3.112193,0.6233154,2.546089,1.896888,-0.02771249,-3.599706,0.08689438,-0.6244057,0.06013864,0.7739187,12.09892,282.1103,359.0958,0.5215582,-0.005984745,-0.8531945,0.0,0.0,0.0,0.2104222,-0.4722466,-2.657847,0.5795999,-0.02663872,1.915,0.2130018,-0.01542984,0.97693,-0.2015995,0.9776654,0.05939656,-0.9560271,-0.2096002,0.2051338,moving,-70.04485,-41.28662,16.83913,-0.7969649
05/15/2023 12:31:13.888635,714,True,True,True,True,Eyes,2.071995,-0.02701525,-3.549895,-0.8986092,-0.2847759,0.3337727,0.0,0.0,0.0,0.0,0.0,0.0,0.0,3.099518,0.5937819,2.559789,1.884203,-0.02628051,-3.600167,0.08205461,-0.6227008,0.05339763,0.7763115,11.18055,282.4216,358.8736,0.5199971,-0.006043935,-0.8541464,0.0,0.0,0.0,0.203045,-0.4671244,-2.648909,0.5796004,-0.02399798,1.915,0.2187849,-0.01928457,0.9755825,-0.1850973,0.9808315,0.06089839,-0.9580564,-0.1939014,0.2110216,moving,-69.62336,-40.47091,16.83914,-0.7179693
05/15/2023 12:31:13.908507,715,True,True,True,True,Eyes,2.063195,-0.02689769,-3.551847,-0.8968338,-0.2823637,0.3405289,0.0,0.0,0.0,0.0,0.0,0.0,0.0,3.091271,0.5817311,2.564882,1.872799,-0.02442776,-3.600696,0.08015317,-0.6213515,0.04982048,0.7778276,10.75459,282.6409,358.7108,0.5184137,-0.006096867,-0.855108,0.0,0.0,0.0,0.1938541,-0.4589057,-2.641913,0.5796002,-0.02134231,1.915,0.2228805,-0.02210308,0.9745953,-0.1771101,0.9821867,0.06277865,-0.9586222,-0.1866028,0.2149956,moving,-69.20817,-39.66524,16.83914,-0.6385241
05/15/2023 12:31:13.928425,716,True,True,True,True,Eyes,2.054277,-0.02676822,-3.553727,-0.8950518,-0.2796645,0.3473761,0.0,0.0,0.0,0.0,0.0,0.0,0.0,3.073244,0.5801749,2.578054,1.860358,-0.02227534,-3.600884,0.07938177,-0.6186312,0.04546601,0.7803376,10.37806,283.0428,358.412,0.5168082,-0.006142091,-0.8560789,0.0,0.0,0.0,0.1797557,-0.4269188,-2.631739,0.5796,-0.01849442,1.915,0.2304566,-0.0272584,0.9727008,-0.1691738,0.9832628,0.0676358,-0.9582641,-0.1801426,0.2219879,moving,-68.78841,-38.83674,16.83913,-0.5533261
05/15/2023 12:31:13.938513,717,True,True,True,True,Eyes,2.04531,-0.0266271,-3.555521,-0.8930681,-0.2774462,0.3541935,0.0,0.0,0.0,0.0,0.0,0.0,0.0,3.050133,0.559738,2.601749,1.848603,-0.02176175,-3.601098,0.07590477,-0.6151041,0.04095271,0.7837146,9.750359,283.6015,358.3029,0.5151806,-0.006180101,-0.8570591,0.0,0.0,0.0,0.1690569,-0.41032,-2.625111,0.5795996,-0.01602243,1.915,0.2399398,-0.02918818,0.970349,-0.1575691,0.9851227,0.06859499,-0.9579149,-0.1693557,0.231771,moving,-68.36658,-38.07224,16.83912,-0.4793713
05/15/2023 12:31:13.958449,718,True,True,True,True,Eyes,2.036255,-0.026421,-3.557253,-0.8908703,-0.275624,0.3610837,0.0,0.0,0.0,0.0,0.0,0.0,0.0,3.028773,0.5718303,2.617455,1.838215,-0.02124049,-3.601672,0.07816239,-0.6111522,0.04462573,0.7863792,10.22282,284.1612,358.5238,0.5135334,-0.006211329,-0.8580468,0.0,0.0,0.0,0.1611151,-0.3961859,-2.612903,0.5796002,-0.01336215,1.915,0.2490032,-0.02535275,0.9681708,-0.1657237,0.9837984,0.06838434,-0.9542186,-0.1774768,0.2407674,moving,-67.93651,-37.35537,16.83913,-0.399782
05/15/2023 12:31:13.978945,719,True,True,True,True,Eyes,2.027141,-0.02613684,-3.558872,-0.8885766,-0.2739341,0.3679562,0.0,0.0,0.0,0.0,0.0,0.0,0.0,3.006251,0.5825562,2.633595,1.827006,-0.01958866,-3.602,0.08059153,-0.6068956,0.04941846,0.7891392,10.78823,284.7659,358.8436,0.5118666,-0.006234889,-0.859042,0.0,0.0,0.0,0.1549188,-0.3733352,-2.595562,0.5796003,-0.01049592,1.915,0.2584712,-0.0198252,0.9658156,-0.1758174,0.9821256,0.06721219,-0.9498848,-0.1871796,0.2503656,moving,-67.50574,-36.66676,16.83914,-0.3140292
05/15/2023 12:31:13.988547,720,True,True,True,True,Eyes,2.017975,-0.02579401,-3.560442,-0.8861829,-0.2723106,0.374869,0.0,0.0,0.0,0.0,0.0,0.0,0.0,2.984022,0.5684108,2.654838,1.816042,-0.01739173,-3.602406,0.07924578,-0.6029571,0.0508079,0.7922004,10.76767,285.3665,359.1214,0.510182,-0.006249647,-0.8600435,0.0,0.0,0.0,0.1565192,-0.3835812,-2.579991,0.5796003,-0.007906266,1.915,0.2677227,-0.01506352,0.9633784,-0.1760637,0.9822773,0.0642871,-0.9472731,-0.186827,0.2603258,moving,-67.07088,-35.99524,16.83914,-0.2365499
05/15/2023 12:31:14.008576,721,True,True,True,True,Eyes,2.008739,-0.02540375,-3.56197,-0.8837996,-0.2706465,0.3816396,0.0,0.0,0.0,0.0,0.0,0.0,0.0,2.963663,0.5637018,2.672084,1.805564,-0.01564068,-3.602885,0.07897395,-0.5993687,0.05173388,0.7948861,10.81077,285.8966,359.2753,0.5084803,-0.006255046,-0.8610507,0.0,0.0,0.0,0.1587356,-0.3948291,-2.563127,0.5796,-0.005397275,1.915001,0.2761616,-0.01242392,0.9610308,-0.1769141,0.9821734,0.06353523,-0.9446883,-0.1875659,0.2690406,moving,-66.6445,-35.34303,16.83912,-0.1614831
05/15/2023 12:31:14.028990,722,True,True,True,True,Eyes,1.999437,-0.02498341,-3.563473,-0.8813961,-0.2689275,0.3883541,0.0,0.0,0.0,0.0,0.0,0.0,0.0,2.947015,0.5534008,2.68598,1.794602,-0.01413278,-3.603448,0.0777095,-0.5964448,0.05103725,0.7972516,10.64888,286.3362,359.3401,0.5067618,-0.006250861,-0.8620631,0.0,0.0,0.0,0.1576438,-0.3864495,-2.545675,0.5796003,-0.002599269,1.915,0.2832977,-0.01131978,0.9589653,-0.1740779,0.9827129,0.06302625,-0.943101,-0.1847899,0.2764297,moving,-66.22112,-34.70184,16.83914,-0.07776868
05/15/2023 12:31:14.039103,723,True,True,True,True,Eyes,1.990099,-0.02453597,-3.564914,-0.8790094,-0.2674051,0.3947621,0.0,0.0,0.0,0.0,0.0,0.0,0.0,2.932636,0.548871,2.696629,1.783715,-0.01301789,-3.604388,0.07690825,-0.593935,0.04898261,0.7993292,10.43588,286.7028,359.2397,0.5050269,-0.006237303,-0.8630808,0.0,0.0,0.0,0.1565505,-0.3820382,-2.530659,0.5796003,-8.009374e-06,1.915,0.2896839,-0.01305054,0.9570333,-0.1696634,0.9833717,0.06476505,-0.9419647,-0.181135,0.2826528,moving,-65.81521,-34.11304,16.83914,-0.0002396362
05/15/2023 12:31:14.058646,724,True,True,True,True,Eyes,1.980718,-0.02408346,-3.566324,-0.8765749,-0.2659643,0.4010977,0.0,0.0,0.0,0.0,0.0,0.0,0.0,2.919343,0.5605967,2.702774,1.773209,-0.01188642,-3.605191,0.07832231,-0.5915735,0.04757109,0.8010266,10.4723,287.019,359.0412,0.5032764,-0.006214641,-0.8641029,0.0,0.0,0.0,0.1523008,-0.3719577,-2.518101,0.5796002,0.002654552,1.915,0.2955557,-0.01645538,0.9551838,-0.1688782,0.9832053,0.06919289,-0.9402803,-0.1817601,0.2878129,moving,-65.41241,-33.548,16.83914,0.07942273
05/15/2023 12:31:14.078588,725,True,True,True,True,Eyes,1.971315,-0.02358542,-3.567735,-0.8743303,-0.2641995,0.407118,0.0,0.0,0.0,0.0,0.0,0.0,0.0,2.90611,0.5660305,2.710001,1.762758,-0.01130509,-3.605901,0.07898404,-0.5891579,0.04681912,0.8027843,10.48523,287.3549,358.9571,0.501511,-0.006183646,-0.8651289,0.0,0.0,0.0,0.1468139,-0.3620118,-2.508053,0.5795999,0.005535722,1.915,0.3014019,-0.01789684,0.9533293,-0.1682394,0.983139,0.07164658,-0.9385374,-0.181982,0.293309,moving,-65.03171,-32.98158,16.83912,0.1656253
05/15/2023 12:31:14.088733,726,True,True,True,True,Eyes,1.961856,-0.02306512,-3.569115,-0.8720078,-0.2625248,0.413138,0.0,0.0,0.0,0.0,0.0,0.0,0.0,2.894637,0.5787488,2.714417,1.752977,-0.009712368,-3.606787,0.08118662,-0.5867578,0.04867655,0.8042106,10.81888,287.6767,359.0094,0.4997312,-0.006144015,-0.8661586,0.0,0.0,0.0,0.142514,-0.3615628,-2.499847,0.5795999,0.008067124,1.915,0.3066918,-0.01698137,0.9516573,-0.1735661,0.9820787,0.07345957,-0.9358497,-0.1877049,0.2982481,moving,-64.64944,-32.43355,16.83913,0.2413626
05/15/2023 12:31:14.108868,727,True,True,True,True,Eyes,1.952396,-0.02255465,-3.570457,-0.8699037,-0.2603534,0.4189076,0.0,0.0,0.0,0.0,0.0,0.0,0.0,2.878765,0.5789223,2.725161,1.742134,-0.008653432,-3.607469,0.08140907,-0.5838118,0.04902305,0.8063083,10.86655,288.098,359.0665,0.497937,-0.00609605,-0.8671916,0.0,0.0,0.0,0.1383576,-0.359689,-2.4909,0.5796,0.01066446,1.915,0.3135211,-0.01599976,0.9494464,-0.1741105,0.9819386,0.07404117,-0.9334828,-0.1885221,0.3050727,moving,-64.28658,-31.86118,16.83913,0.3190715
05/15/2023 12:31:14.128939,728,True,True,True,True,Eyes,1.942926,-0.02203517,-3.571775,-0.8677004,-0.2584465,0.4246193,0.0,0.0,0.0,0.0,0.0,0.0,0.0,2.867415,0.5606548,2.735888,1.732517,-0.008430108,-3.608296,0.07941397,-0.5814047,0.05070197,0.8081407,10.79596,288.4776,359.3937,0.4961297,-0.006040804,-0.8682272,0.0,0.0,0.0,0.1362588,-0.3658574,-2.483078,0.5796,0.01339242,1.914999,0.3187958,-0.01039464,0.9477665,-0.174292,0.9822454,0.06939857,-0.9316607,-0.1873121,0.3113241,moving,-63.92465,-31.32698,16.83914,0.4006876
05/15/2023 12:31:14.138890,729,True,True,True,True,Eyes,1.933419,-0.0214983,-3.573076,-0.8656468,-0.2560988,0.4301965,0.0,0.0,0.0,0.0,0.0,0.0,0.0,2.859364,0.5590371,2.739508,1.722771,-0.007657096,-3.60907,0.08022093,-0.5791933,0.05546179,0.8093355,11.192,288.8039,359.8159,0.4943103,-0.00597877,-0.8692647,0.0,0.0,0.0,0.1334373,-0.3631865,-2.471768,0.5795999,0.01604995,1.915,0.3229184,-0.00315245,0.9464217,-0.1827012,0.9809772,0.0656051,-0.9286249,-0.1940975,0.3161997,moving,-63.57421,-30.76561,16.83913,0.4801947
05/15/2023 12:31:14.158645,730,True,True,True,True,Eyes,1.923914,-0.02097087,-3.574351,-0.8635607,-0.2537303,0.4357566,0.0,0.0,0.0,0.0,0.0,0.0,0.0,2.848493,0.5412117,2.748588,1.712542,-0.006768897,-3.60953,0.07835988,-0.5768969,0.05701156,0.8110483,11.12131,289.1634,0.1207035,0.4924787,-0.005910176,-0.8703041,0.0,0.0,0.0,0.1298968,-0.3547626,-2.461486,0.5795993,0.01872728,1.915,0.3278793,0.002067116,0.9447175,-0.1828894,0.9812188,0.06132771,-0.9268477,-0.1928869,0.3220994,moving,-63.22428,-30.21118,16.83911,0.5602922
05/15/2023 12:31:14.178611,731,True,True,True,True,Eyes,1.914397,-0.02045399,-3.575624,-0.8615171,-0.251262,0.4411982,0.0,0.0,0.0,0.0,0.0,0.0,0.0,2.837503,0.5260327,2.757901,1.703026,-0.006494582,-3.610236,0.07661048,-0.5746571,0.05783624,0.8127455,11.01124,289.5086,0.3480516,0.4906361,-0.005835894,-0.8713447,0.0,0.0,0.0,0.1276577,-0.3599232,-2.45358,0.5796003,0.02167019,1.915001,0.3328486,0.005962786,0.9429615,-0.1820618,0.9815716,0.05805765,-0.925238,-0.1910016,0.3278003,moving,-62.88221,-29.66148,16.83913,0.6483323
05/15/2023 12:31:14.188737,732,True,True,True,True,Eyes,1.904864,-0.01991653,-3.576866,-0.8594185,-0.2488633,0.4466173,0.0,0.0,0.0,0.0,0.0,0.0,0.0,2.826331,0.5294985,2.763673,1.693446,-0.006241724,-3.610901,0.07749394,-0.5722532,0.05998386,0.8142008,11.23556,289.8494,0.5248982,0.4887826,-0.005756722,-0.8723863,0.0,0.0,0.0,0.1232638,-0.3513252,-2.443675,0.5795999,0.02407622,1.915001,0.3378564,0.008985519,0.9411548,-0.1863701,0.9807932,0.05753934,-0.9225612,-0.1948432,0.3330419,moving,-62.54029,-29.12735,16.83912,0.7203094
05/15/2023 12:31:14.208464,733,True,True,True,True,Eyes,1.665701,-0.007000715,-3.607956,-0.7989836,-0.1753198,0.5752289,0.0,0.0,0.0,0.0,0.0,0.0,0.0,2.81421,0.524378,2.771622,1.6835,-0.005215511,-3.611433,0.07706361,-0.5698773,0.06043137,0.8158734,11.22283,290.1942,0.6294155,0.4869188,-0.005672625,-0.8734285,0.0,0.0,0.0,0.1192475,-0.3425656,-2.434406,0.5795999,0.02673367,1.915,0.3431761,0.01077511,0.9392092,-0.1864422,0.9808185,0.05687136,-0.9205811,-0.1946252,0.3386024,moving,-54.24797,-16.95031,16.83913,0.7998051
05/15/2023 12:31:14.228681,734,True,True,True,True,Eyes,1.665303,-0.007044818,-3.607979,-0.7988662,-0.1751459,0.5754449,0.0,0.0,0.0,0.0,0.0,0.0,0.0,2.799089,0.5066712,2.784696,1.67347,-0.005270392,-3.611872,0.07446396,-0.5672821,0.05876487,0.8180422,10.86537,290.5849,0.6802878,0.4775531,-0.005111765,-0.8785877,-0.7174895,0.03874744,-0.09327149,0.1170605,-0.3452038,-2.425933,0.5796001,0.02952171,1.915,0.3494757,0.01166014,0.9368728,-0.1806284,0.9820036,0.05515682,-0.9193693,-0.1885018,0.3452926,moving,-54.23378,-16.92847,16.83913,0.8832038
05/15/2023 12:31:14.238754,735,True,True,True,True,Eyes,1.664528,-0.007113983,-3.608041,-0.7985355,-0.1746606,0.576051,0.0,0.0,0.0,0.0,0.0,0.0,0.0,2.785865,0.492802,2.795278,1.663504,-0.006409883,-3.612505,0.07243288,-0.5648245,0.05818998,0.819964,10.63309,290.9525,0.7930732,0.4698014,-0.004653574,-0.8827595,-0.6744401,0.0364226,-0.08767521,0.1134884,-0.3400967,-2.416813,0.5795996,0.03219847,1.915,0.3551746,0.01360365,0.9347011,-0.1772511,0.9827349,0.05305043,-0.9178416,-0.1845189,0.3514536,moving,-54.19391,-16.86748,16.83912,0.9632701
05/15/2023 12:31:14.258912,736,True,True,True,True,Eyes,1.663386,-0.007206261,-3.608124,-0.7980939,-0.174094,0.5768339,0.0,0.0,0.0,0.0,0.0,0.0,0.0,2.773989,0.4897377,2.802706,1.653823,-0.007109344,-3.613149,0.07202403,-0.5624747,0.0585392,0.8215888,10.61461,291.2896,0.8841641,0.4633684,-0.004279621,-0.8861551,-0.6339737,0.03423724,-0.08241469,0.1091369,-0.3252591,-2.405702,0.5796003,0.03486142,1.915,0.360391,0.01516692,0.932678,-0.1772137,0.9827714,0.05249461,-0.9158131,-0.1842019,0.3568697,moving,-54.14194,-16.79431,16.83914,1.04292
05/15/2023 12:31:14.278809,737,True,True,True,True,Eyes,1.661914,-0.007350582,-3.608211,-0.7974969,-0.1733244,0.5778905,0.0,0.0,0.0,0.0,0.0,0.0,0.0,2.760752,0.4847417,2.811604,1.643843,-0.007779643,-3.613802,0.07112011,-0.5600331,0.05751791,0.8234056,10.45978,291.6378,0.8776005,0.4580106,-0.003974969,-0.8889375,-0.5959352,0.03218301,-0.07746981,0.1050661,-0.315118,-2.395734,0.5795999,0.03740674,1.915,0.3661094,0.0150619,0.93045,-0.1743803,0.9832672,0.05269752,-0.9140874,-0.1815452,0.3626099,moving,-54.07177,-16.69536,16.83913,1.119048
05/15/2023 12:31:14.288506,738,True,True,True,True,Eyes,1.66011,-0.007557211,-3.60833,-0.7967532,-0.1726322,0.5791223,0.0,0.0,0.0,0.0,0.0,0.0,0.0,2.74694,0.4828335,2.820906,1.634198,-0.009250164,-3.614641,0.07049786,-0.5574894,0.05649635,0.8252537,10.33187,291.9962,0.8529008,0.4535283,-0.003728261,-0.8912337,-0.5601791,0.03025203,-0.07282162,0.1018225,-0.3116874,-2.38706,0.5796001,0.04006816,1.915,0.3720274,0.01464402,0.9281062,-0.1718513,0.9836764,0.05336501,-0.9121748,-0.1793495,0.3684712,moving,-53.98837,-16.59894,16.83913,1.198643
05/15/2023 12:31:14.309870,739,True,True,True,True,Eyes,1.65798,-0.007815763,-3.60849,-0.7958525,-0.1719102,0.5805735,0.0,0.0,0.0,0.0,0.0,0.0,0.0,2.73141,0.4910099,2.830115,1.624407,-0.01094237,-3.61558,0.07127786,-0.5545823,0.05631861,0.8271555,10.39203,292.3935,0.8219317,0.4497561,-0.003530609,-0.8931441,-0.5265684,0.02843691,-0.06845233,0.09811192,-0.3046953,-2.377864,0.5795997,0.04272847,1.915,0.3785334,0.01410963,0.9254802,-0.1722274,0.9834954,0.05544914,-0.9094231,-0.1803824,0.374716,moving,-53.88929,-16.49423,16.83912,1.278201
05/15/2023 12:31:14.328447,740,True,True,True,True,Eyes,1.655528,-0.008116324,-3.608695,-0.7947904,-0.1712453,0.5822226,0.0,0.0,0.0,0.0,0.0,0.0,0.0,2.71538,0.497187,2.840023,1.614545,-0.01249696,-3.616532,0.07177546,-0.5516152,0.05591688,0.8291214,10.41114,292.8001,0.7887315,0.4465563,-0.003374538,-0.8947488,-0.4949743,0.02673069,-0.06434519,0.09518875,-0.2994494,-2.368659,0.5795998,0.04551038,1.915001,0.385188,0.0135389,0.9227389,-0.1719086,0.9834431,0.05733193,-0.9066851,-0.1807103,0.3811379,moving,-53.77541,-16.38984,16.83912,1.36139
05/15/2023 12:31:14.339260,741,True,True,True,True,Eyes,1.652782,-0.008483252,-3.608925,-0.7935755,-0.1705525,0.5840803,0.0,0.0,0.0,0.0,0.0,0.0,0.0,2.696204,0.5066242,2.8525,1.604322,-0.01380245,-3.617859,0.07258897,-0.5481732,0.05490128,0.8313981,10.42169,293.2654,0.6820281,0.4436195,-0.003241656,-0.8962091,-0.4652758,0.02512685,-0.06048448,0.09397978,-0.3009157,-2.358925,0.5796001,0.04807443,1.915,0.3929839,0.01170698,0.9194709,-0.1708723,0.9834334,0.06050987,-0.90353,-0.1808915,0.3884739,moving,-53.64652,-16.2779,16.83913,1.438059
05/15/2023 12:31:14.360102,742,True,True,True,True,Eyes,1.649743,-0.008918006,-3.609214,-0.7921847,-0.1699603,0.5861372,0.0,0.0,0.0,0.0,0.0,0.0,0.0,2.675485,0.5132804,2.867004,1.594273,-0.01581356,-3.619313,0.07292879,-0.5445033,0.05385552,0.8338449,10.38558,293.7657,0.6054839,0.4409134,-0.003131323,-0.8975439,-0.4373592,0.02361924,-0.05685541,0.09277224,-0.300794,-2.348923,0.5796001,0.0507566,1.915001,0.4012315,0.01039436,0.9159178,-0.1692342,0.983562,0.06297359,-0.9002073,-0.1802716,0.3963951,moving,-53.50227,-16.1704,16.83913,1.518254
05/15/2023 12:31:14.378547,743,True,True,True,True,Eyes,1.646402,-0.009399562,-3.609589,-0.7906677,-0.1693451,0.5883596,0.0,0.0,0.0,0.0,0.0,0.0,0.0,2.655475,0.5228634,2.880454,1.584173,-0.01785953,-3.621052,0.07388399,-0.5407591,0.05422185,0.8361704,10.49799,294.2754,0.6276234,0.4384094,-0.003043019,-0.89877,-0.4111177,0.02220209,-0.05344408,0.09270717,-0.300885,-2.337773,0.5795997,0.0534244,1.915,0.4092793,0.01077053,0.9123456,-0.1705843,0.9832023,0.0649173,-0.8963211,-0.1822011,0.4042417,moving,-53.34596,-16.05719,16.83912,1.598015
05/15/2023 12:31:14.388607,744,True,True,True,True,Eyes,1.642772,-0.009919358,-3.610033,-0.789014,-0.1687069,0.5907578,0.0,0.0,0.0,0.0,0.0,0.0,0.0,2.636449,0.5292317,2.893465,1.573833,-0.01949109,-3.622948,0.07448208,-0.5371231,0.05455515,0.838436,10.57384,294.7726,0.6685451,0.4360803,-0.002975728,-0.8999026,-0.3864506,0.02086996,-0.05023744,0.09343813,-0.2998457,-2.325819,0.5795999,0.05608551,1.915001,0.417045,0.01146992,0.9088136,-0.1714941,0.9829523,0.06629124,-0.8925601,-0.1835026,0.4119024,moving,-53.17673,-15.93813,16.83912,1.677569
05/15/2023 12:31:14.408815,745,True,True,True,True,Eyes,1.638855,-0.01046015,-3.610548,-0.7873262,-0.1677796,0.5932686,0.0,0.0,0.0,0.0,0.0,0.0,0.0,2.618583,0.5274057,2.906948,1.563239,-0.02093811,-3.625097,0.07398276,-0.5336475,0.05445614,0.840703,10.51633,295.2558,0.7343652,0.4339023,-0.002928322,-0.9009549,-0.3632636,0.01961776,-0.04722319,0.09491105,-0.3027517,-2.314319,0.5796002,0.05876759,1.915,0.4245097,0.01260145,0.9053357,-0.1705243,0.9831221,0.06627426,-0.8892204,-0.1825158,0.4194937,moving,-53.00113,-15.7912,16.83913,1.757743
05/15/2023 12:31:14.429096,746,True,True,True,True,Eyes,1.634634,-0.01102863,-3.611121,-0.7855284,-0.1666017,0.5959774,0.0,0.0,0.0,0.0,0.0,0.0,0.0,2.60172,0.5185292,2.920592,1.552489,-0.02202043,-3.627253,0.07263652,-0.5303012,0.05440816,0.8429379,10.37917,295.7288,0.8555291,0.4318544,-0.002899367,-0.9019385,-0.3414678,0.0184407,-0.0443898,0.09576366,-0.3038591,-2.303334,0.5796005,0.06143899,1.915001,0.4316407,0.01468693,0.9019261,-0.1687639,0.9835273,0.06475074,-0.886118,-0.1801616,0.427009,moving,-52.81255,-15.618,16.83914,1.837591
05/15/2023 12:31:14.438996,747,True,True,True,True,Eyes,1.630127,-0.01166049,-3.611773,-0.7837315,-0.1650214,0.5987762,0.0,0.0,0.0,0.0,0.0,0.0,0.0,2.582656,0.4959346,2.93785,1.540944,-0.02353641,-3.62932,0.06925666,-0.52672,0.05316944,0.8455428,9.969839,296.2454,0.9864707,0.4299164,-0.00288772,-0.9028639,-0.3209797,0.01733426,-0.04172641,0.09548802,-0.3000799,-2.292782,0.5796002,0.06415503,1.915,0.439478,0.01695633,0.8980933,-0.1628718,0.984753,0.0611081,-0.883364,-0.1731297,0.435539,moving,-52.61993,-15.40809,16.83914,1.918767
05/15/2023 12:31:14.458632,748,True,True,True,True,Eyes,1.625353,-0.01234733,-3.612506,-0.7818182,-0.163471,0.6016955,0.0,0.0,0.0,0.0,0.0,0.0,0.0,2.564008,0.471221,2.955305,1.529689,-0.02577896,-3.631721,0.06550624,-0.5231705,0.05192154,0.848119,9.522901,296.757,1.134662,0.4280705,-0.002893264,-0.9037405,-0.3017209,0.0162942,-0.03922283,0.09448416,-0.2928471,-2.282451,0.5795999,0.06677011,1.915,0.4471936,0.01952941,0.8942239,-0.1566131,0.9860261,0.05678653,-0.8806192,-0.1654418,0.4440031,moving,-52.41774,-15.19946,16.83913,1.996917
05/15/2023 12:31:14.479215,749,True,True,True,True,Eyes,1.620306,-0.01306444,-3.613292,-0.7799392,-0.1617941,0.6045805,0.0,0.0,0.0,0.0,0.0,0.0,0.0,2.549708,0.4687215,2.965631,1.518454,-0.02756883,-3.634448,0.06503601,-0.5200049,0.0525935,0.8500584,9.51272,297.1946,1.26523,0.4263013,-0.002915684,-0.9045763,-0.2836177,0.01531655,-0.03686946,0.092686,-0.2767055,-2.270474,0.5795998,0.06960775,1.915,0.4536577,0.02177699,0.8909099,-0.1570532,0.9860085,0.05587104,-0.8772279,-0.1652665,0.4507305,moving,-52.21846,-14.98207,16.83913,2.08171
05/15/2023 12:31:14.488856,750,True,True,True,True,Eyes,1.614994,-0.01382125,-3.614153,-0.7779883,-0.1599895,0.6075668,0.0,0.0,0.0,0.0,0.0,0.0,0.0,2.535988,0.4626936,2.975405,1.506657,-0.02906068,-3.636962,0.06389488,-0.5170622,0.05152855,0.852003,9.332534,297.5977,1.261822,0.4245953,-0.002954067,-0.9053782,-0.2666006,0.01439756,-0.03465729,0.0911944,-0.2601208,-2.259065,0.5795999,0.07216842,1.915,0.4599829,0.02172969,0.8876619,-0.1538802,0.9865245,0.05559032,-0.8744922,-0.1621642,0.4571282,moving,-52.01209,-14.75269,16.83913,2.15822
05/15/2023 12:31:14.508476,751,True,True,True,True,Eyes,1.609427,-0.01461152,-3.615094,-0.7760123,-0.1581804,0.6105603,0.0,0.0,0.0,0.0,0.0,0.0,0.0,2.523026,0.4522477,2.985443,1.494928,-0.03081703,-3.639684,0.0620077,-0.5142799,0.0495395,0.8539422,9.024472,297.9791,1.208468,0.4229393,-0.003007848,-0.9061527,-0.2506046,0.0135337,-0.03257785,0.0897267,-0.2575039,-2.250739,0.5796,0.07497746,1.915,0.4661242,0.02082911,0.8844741,-0.1483863,0.9874018,0.05494763,-0.8721867,-0.1568563,0.4633426,moving,-51.80462,-14.52451,16.83913,2.242141
05/15/2023 12:31:14.529608,752,True,True,True,True,Eyes,1.603586,-0.01542455,-3.616106,-0.7739896,-0.1562521,0.6136166,0.0,0.0,0.0,0.0,0.0,0.0,0.0,2.511512,0.4523872,2.992755,1.483287,-0.03242679,-3.64249,0.06169594,-0.5115843,0.04866236,0.8556327,8.938132,298.3408,1.168717,0.4213224,-0.003076341,-0.9069053,-0.2355683,0.01272168,-0.03062318,0.08667709,-0.2505059,-2.242763,0.5795996,0.07754957,1.915,0.4718269,0.02014886,0.881461,-0.1463996,0.9876511,0.05578831,-0.869452,-0.1553679,0.4689501,moving,-51.59273,-14.28625,16.83912,2.318975
05/15/2023 12:31:14.538762,753,True,True,True,True,Eyes,1.5975,-0.01624884,-3.61719,-0.7716987,-0.1543552,0.616973,0.0,0.0,0.0,0.0,0.0,0.0,0.0,2.501951,0.441855,2.999573,1.470866,-0.03383261,-3.64525,0.05986635,-0.5092226,0.04656179,0.8572868,8.630743,298.6624,1.093215,0.4197342,-0.003158674,-0.9076412,-0.2214342,0.01195838,-0.02878579,0.0829458,-0.2398691,-2.235332,0.5796001,0.0802664,1.915,0.4770487,0.01886301,0.8786745,-0.1408042,0.988496,0.05522461,-0.8675246,-0.1500659,0.4742167,moving,-51.35767,-14.04602,16.83913,2.400123
05/15/2023 12:31:14.558507,754,True,True,True,True,Eyes,1.591161,-0.01704145,-3.618345,-0.7693866,-0.1525151,0.6203091,0.0,0.0,0.0,0.0,0.0,0.0,0.0,2.495538,0.4367343,3.003422,1.458768,-0.0349686,-3.648256,0.05878273,-0.507287,0.0444059,0.8586226,8.395042,298.9202,0.9624058,0.4181657,-0.003253762,-0.9083646,-0.2081482,0.01124088,-0.02705864,0.07962362,-0.2364224,-2.228931,0.5796005,0.08287927,1.915001,0.4813761,0.01661637,0.8763567,-0.1358952,0.9891454,0.05589128,-0.8659154,-0.1459974,0.478409,moving,-51.12291,-13.81329,16.83914,2.478156
05/15/2023 12:31:14.579017,755,True,True,True,True,Eyes,1.584588,-0.01779477,-3.619543,-0.7669141,-0.1506772,0.6238102,0.0,0.0,0.0,0.0,0.0,0.0,0.0,2.490634,0.4414099,3.004296,1.446337,-0.0350102,-3.651133,0.05915061,-0.5055333,0.04239963,0.8597324,8.312739,299.143,0.7585353,0.4166089,-0.003359553,-0.9090793,-0.1956593,0.01056642,-0.02543512,0.07397632,-0.2254891,-2.223108,0.5795999,0.08577338,1.915,0.4852767,0.01309946,0.8742626,-0.1327099,0.9894069,0.05883855,-0.8642307,-0.1445762,0.4818746,moving,-50.87499,-13.57932,16.83913,2.564579
05/15/2023 12:31:14.588549,756,True,True,True,True,Eyes,1.577787,-0.01849946,-3.620794,-0.7643891,-0.1488825,0.6273304,0.0,0.0,0.0,0.0,0.0,0.0,0.0,2.484602,0.4336824,3.007666,1.433958,-0.03486317,-3.653755,0.05772332,-0.5037462,0.03914111,0.8610319,7.98059,299.3778,0.5350426,0.415057,-0.003473998,-0.9097884,-0.1839197,0.009932438,-0.02390901,0.06754755,-0.2175961,-2.219232,0.5795999,0.08828497,1.915,0.4894155,0.009247662,0.8720018,-0.1255593,0.990272,0.05996887,-0.8629643,-0.1388376,0.4858156,moving,-50.62444,-13.35084,16.83913,2.639571
05/15/2023 12:31:14.612951,757,True,True,True,True,Eyes,1.570757,-0.01906026,-3.622115,-0.7616208,-0.1474784,0.631018,0.0,0.0,0.0,0.0,0.0,0.0,0.0,2.47441,0.4390717,3.012513,1.421656,-0.03441319,-3.656287,0.05809403,-0.5013248,0.03646123,0.8625365,7.861231,299.6863,0.2689733,0.4135043,-0.003595002,-0.9104946,-0.1728845,0.009336492,-0.02247447,0.06053936,-0.2143504,-2.216272,0.5796002,0.09089367,1.915,0.4946881,0.004650326,0.8690582,-0.1211462,0.9905913,0.06365859,-0.8605854,-0.1367743,0.4905971,moving,-50.35757,-13.15476,16.83914,2.717451
05/15/2023 12:31:14.628701,758,True,True,True,True,Eyes,1.56347,-0.01951305,-3.623444,-0.7587134,-0.1458575,0.6348855,0.0,0.0,0.0,0.0,0.0,0.0,0.0,2.460011,0.4667519,3.017291,1.409506,-0.03147195,-3.658669,0.0617411,-0.4983012,0.03431309,0.864122,8.099938,300.0505,359.8709,0.4119449,-0.003718307,-0.9112008,-0.1625115,0.008776302,-0.02112601,0.05328979,-0.2026509,-2.212391,0.5796001,0.09363724,1.915,0.5010372,-0.002229925,0.8654228,-0.1208327,0.9900213,0.07250716,-0.8569488,-0.1409002,0.4957681,moving,-50.07767,-12.93852,16.83913,2.799346
05/15/2023 12:31:14.639126,759,True,True,True,True,Eyes,1.555991,-0.01993102,-3.624821,-0.7555378,-0.1441392,0.6390512,0.0,0.0,0.0,0.0,0.0,0.0,0.0,2.433217,0.4568343,3.036128,1.395999,-0.02941287,-3.660279,0.05972977,-0.4937668,0.02831315,0.8670785,7.558648,300.6427,359.4286,0.4103734,-0.003840977,-0.9119091,-0.1527608,0.008249724,-0.01985845,0.04870021,-0.1983326,-2.206963,0.5795999,0.09621321,1.915,0.5107854,-0.009885714,0.8596514,-0.1080846,0.9912614,0.0756206,-0.8528869,-0.131541,0.5052534,moving,-49.77469,-12.71048,16.83913,2.87623
05/15/2023 12:31:14.659078,760,True,True,True,True,Eyes,1.548326,-0.02023021,-3.626222,-0.7522223,-0.1428624,0.6432356,0.0,0.0,0.0,0.0,0.0,0.0,0.0,2.410428,0.442755,3.053702,1.384071,-0.02905546,-3.662621,0.05752255,-0.4895346,0.02586385,0.8697001,7.20254,301.2104,359.3456,0.4087868,-0.003962171,-0.912621,-0.1435951,0.007754741,-0.01866694,0.04690337,-0.2047047,-2.200505,0.5795997,0.09887003,1.915,0.5193738,-0.01133097,0.854472,-0.1013061,0.9920444,0.07473222,-0.8485211,-0.1253772,0.5140941,moving,-49.46579,-12.52211,16.83913,2.955515
05/15/2023 12:31:14.679267,761,True,True,True,True,Eyes,1.540411,-0.02038342,-3.627665,-0.7487176,-0.141687,0.6475698,0.0,0.0,0.0,0.0,0.0,0.0,0.0,2.393903,0.4724244,3.059143,1.371875,-0.0264186,-3.664639,0.06198887,-0.4859653,0.02756921,0.871341,7.748342,301.6535,359.2943,0.4071816,-0.004079078,-0.9133378,-0.1349794,0.007289456,-0.01754692,0.0477758,-0.1861997,-2.186771,0.5795998,0.1017329,1.915,0.5261554,-0.0122045,0.8503008,-0.1082932,0.9907947,0.0812315,-0.8434649,-0.1348222,0.5199903,moving,-49.1433,-12.34171,16.83912,3.040937
05/15/2023 12:31:14.688892,762,True,True,True,True,Eyes,1.532337,-0.02048594,-3.629099,-0.7450871,-0.1404064,0.6520209,0.0,0.0,0.0,0.0,0.0,0.0,0.0,2.372098,0.4725102,3.071575,1.358873,-0.02311027,-3.665735,0.06210133,-0.4819283,0.02544708,0.8736367,7.645029,302.1752,359.11,0.405554,-0.004188402,-0.9140611,-0.1268806,0.006852089,-0.01649411,0.0496149,-0.1722432,-2.175083,0.5795999,0.1043069,1.915,0.5341951,-0.01539378,0.845221,-0.1043198,0.9909917,0.08398065,-0.8388999,-0.1330353,0.5277771,moving,-48.81104,-12.15252,16.83912,3.117727
05/15/2023 12:31:14.709721,763,True,True,True,True,Eyes,1.524108,-0.02059454,-3.630531,-0.7413344,-0.1394407,0.6564903,0.0,0.0,0.0,0.0,0.0,0.0,0.0,2.349101,0.4589148,3.087576,1.346951,-0.02202865,-3.667047,0.06032962,-0.4776501,0.02468229,0.8761289,7.428682,302.7491,359.1689,0.4039025,-0.004289639,-0.9147916,-0.1192678,0.006440964,-0.01550446,0.05002559,-0.1857832,-2.167341,0.5796,0.1068775,1.915,0.5424824,-0.01438316,0.8399441,-0.1008826,0.9915022,0.08213403,-0.8339878,-0.129292,0.5364215,moving,-48.47344,-11.9916,16.83913,3.194404
05/15/2023 12:31:14.730899,764,True,True,True,True,Eyes,1.515737,-0.02067077,-3.631953,-0.7375029,-0.1388518,0.6609157,0.0,0.0,0.0,0.0,0.0,0.0,0.0,2.330393,0.4668199,3.096825,1.335135,-0.02221288,-3.668228,0.06185124,-0.4737194,0.02817363,0.8780495,7.776525,303.2692,359.4724,0.4022257,-0.00438377,-0.9155297,-0.1121117,0.006054506,-0.01457419,0.05054986,-0.1780334,-2.155935,0.5796003,0.1097504,1.915,0.5495924,-0.009124591,0.8353831,-0.1080759,0.9907613,0.0819241,-0.8284128,-0.1353097,0.5435288,moving,-48.13479,-11.86472,16.83914,3.280085
05/15/2023 12:31:14.738551,765,True,True,True,True,Eyes,1.507228,-0.02067887,-3.633355,-0.7338075,-0.1384377,0.6651026,0.0,0.0,0.0,0.0,0.0,0.0,0.0,2.320114,0.4879171,3.097665,1.323348,-0.02141279,-3.669443,0.06537091,-0.470912,0.03234463,0.8791602,8.360785,303.6297,359.7281,0.4005229,-0.004470682,-0.9162755,-0.105385,0.005691235,-0.01369974,0.05296204,-0.1666522,-2.143748,0.5796,0.1122612,1.915,0.5543915,-0.004695671,0.8322428,-0.1184401,0.9893609,0.08448003,-0.8237852,-0.1454059,0.547937,moving,-47.81172,-11.75794,16.83913,3.354955
05/15/2023 12:31:14.758681,766,True,True,True,True,Eyes,1.498595,-0.02058355,-3.634729,-0.7300852,-0.138342,0.6692063,0.0,0.0,0.0,0.0,0.0,0.0,0.0,2.309879,0.5189095,3.096334,1.311521,-0.01968409,-3.67037,0.06996497,-0.4683118,0.03410586,0.8801284,8.922634,303.9407,359.6812,0.3987937,-0.004549375,-0.9170291,-0.09906194,0.005349761,-0.01287776,0.05484736,-0.1727548,-2.133767,0.5796,0.1149265,1.915,0.5590418,-0.005495765,0.8291213,-0.1255659,0.9878834,0.09121194,-0.8195765,-0.1551006,0.551578,moving,-47.49119,-11.67997,16.83913,3.434421
05/15/2023 12:31:14.778554,767,True,True,True,True,Eyes,1.489811,-0.02040152,-3.636065,-0.7264937,-0.1379536,0.6731833,0.0,0.0,0.0,0.0,0.0,0.0,0.0,2.301072,0.5473002,3.09394,1.299884,-0.01705538,-3.671096,0.07401834,-0.4661328,0.03356499,0.880974,9.306044,304.1858,359.4272,0.3970376,-0.004618054,-0.9177905,0.0,0.0,0.0,0.05320038,-0.186273,-2.127843,0.5796003,0.1175645,1.915,0.5631872,-0.009864993,0.8262705,-0.1281445,0.9867893,0.09912497,-0.8163328,-0.1617079,0.554483,moving,-47.18121,-11.58112,16.83914,3.513059
05/15/2023 12:31:14.789127,768,True,True,True,True,Eyes,1.480911,-0.0201677,-3.637363,-0.7228788,-0.1374242,0.6771713,0.0,0.0,0.0,0.0,0.0,0.0,0.0,2.284796,0.554544,3.099811,1.287631,-0.01482435,-3.671297,0.0747737,-0.4631415,0.03002174,0.8826142,9.19536,304.5486,359.0558,0.3952542,-0.004675514,-0.9185596,0.0,0.0,0.0,0.05094001,-0.2009885,-2.122561,0.5796005,0.120357,1.915,0.5691974,-0.01626637,0.8220401,-0.1222568,0.9870151,0.104184,-0.8130607,-0.1598013,0.5598177,moving,-46.86987,-11.47173,16.83914,3.596287
05/15/2023 12:31:14.808917,769,True,True,True,True,Eyes,1.471888,-0.01988843,-3.638604,-0.7194111,-0.1365467,0.6810306,0.0,0.0,0.0,0.0,0.0,0.0,0.0,2.271635,0.5449972,3.106878,1.275937,-0.01339838,-3.671762,0.07336228,-0.46049,0.02737215,0.8842047,8.913534,304.8928,358.8887,0.3934436,-0.004721566,-0.9193364,0.0,0.0,0.0,0.0472729,-0.2111086,-2.118166,0.5795999,0.1229597,1.915,0.5743997,-0.01916002,0.8183508,-0.1159703,0.9877375,0.1045253,-0.8103185,-0.1549437,0.5651339,moving,-46.56985,-11.33748,16.83913,3.673845
05/15/2023 12:31:14.828726,770,True,True,True,True,Eyes,1.462744,-0.0195791,-3.639781,-0.7158968,-0.1355428,0.6849232,0.0,0.0,0.0,0.0,0.0,0.0,0.0,2.25878,0.5367284,3.112689,1.263969,-0.01206674,-3.671679,0.07239072,-0.4577603,0.02655688,0.8857257,8.774731,305.2528,358.885,0.3916057,-0.004756195,-0.9201205,0.0,0.0,0.0,0.04517017,-0.2062994,-2.109706,0.5795996,0.1256033,1.915,0.5795006,-0.01923098,0.814745,-0.1133194,0.9881086,0.1039233,-0.8070551,-0.15255,0.5704302,moving,-46.26666,-11.19391,16.83912,3.752609
05/15/2023 12:31:14.838845,771,True,True,True,True,Eyes,1.45351,-0.01926048,-3.640915,-0.7124022,-0.1344124,0.6887789,0.0,0.0,0.0,0.0,0.0,0.0,0.0,2.244788,0.5225391,3.119976,1.251875,-0.01107231,-3.671383,0.07056166,-0.4548821,0.02552258,0.887385,8.537126,305.6381,358.905,0.3897411,-0.004779779,-0.9209118,0.0,0.0,0.0,0.04222426,-0.1945284,-2.101808,0.5795997,0.1282653,1.915,0.5848618,-0.01889777,0.8109128,-0.1094912,0.9887393,0.1020112,-0.8037091,-0.1484502,0.5762067,moving,-45.96589,-11.04226,16.83912,3.831906
05/15/2023 12:31:14.858859,772,True,True,True,True,Eyes,1.444213,-0.01889778,-3.642006,-0.7088062,-0.1335416,0.6926475,0.0,0.0,0.0,0.0,0.0,0.0,0.0,2.227759,0.5244594,3.127246,1.240682,-0.01052675,-3.671271,0.07108476,-0.4514702,0.0267046,0.8890494,8.656387,306.0827,359.032,0.3878501,-0.004793184,-0.9217098,0.0,0.0,0.0,0.03950457,-0.1860099,-2.093477,0.5796002,0.1308929,1.915,0.5909231,-0.01670187,0.806555,-0.1116687,0.9884676,0.102283,-0.7989618,-0.1505084,0.5822434,moving,-45.66059,-10.91266,16.83914,3.910162
05/15/2023 12:31:14.878658,773,True,True,True,True,Eyes,1.43484,-0.01849211,-3.643023,-0.7052506,-0.1325365,0.6964594,0.0,0.0,0.0,0.0,0.0,0.0,0.0,2.213378,0.5340058,3.131696,1.229825,-0.009029478,-3.671399,0.07310515,-0.4482285,0.03039915,0.890406,9.058222,306.5064,359.3385,0.3859342,-0.004796297,-0.9225135,0.0,0.0,0.0,0.03710239,-0.173959,-2.084287,0.5796006,0.133856,1.915,0.5963343,-0.01140045,0.8026553,-0.1196708,0.9874631,0.102935,-0.793766,-0.1574381,0.5874937,moving,-45.35934,-10.77458,16.83915,3.998398
05/15/2023 12:31:14.888855,774,True,True,True,True,Eyes,1.425427,-0.01811673,-3.643988,-0.7015956,-0.1314814,0.70034,0.0,0.0,0.0,0.0,0.0,0.0,0.0,2.193385,0.525928,3.142183,1.218395,-0.007581264,-3.671009,0.07245781,-0.4443524,0.03192257,0.8923463,9.072529,307.0229,359.5694,0.3839938,-0.004789047,-0.923323,0.0,0.0,0.0,0.03793641,-0.1735957,-2.074843,0.5796005,0.1364081,1.915,0.6030638,-0.007421623,0.7976584,-0.1213656,0.9874617,0.1009452,-0.7884063,-0.1576846,0.5946016,moving,-45.05132,-10.63291,16.83914,4.074376
05/15/2023 12:31:14.908808,775,True,True,True,True,Eyes,1.415981,-0.01775644,-3.644906,-0.6974902,-0.1304309,0.7046241,0.0,0.0,0.0,0.0,0.0,0.0,0.0,2.175195,0.5124357,3.152762,1.208002,-0.007927865,-3.670782,0.07092975,-0.4407518,0.03398829,0.8941766,9.021684,307.5134,359.899,0.3820311,-0.00477324,-0.9241369,0.0,0.0,0.0,0.0387692,-0.1799171,-2.066826,0.5796001,0.1389561,1.915,0.6091654,-0.001741765,0.7930412,-0.1233079,0.9876276,0.09688663,-0.7833981,-0.1568082,0.6014138,moving,-44.70848,-10.48715,16.83913,4.150217
05/15/2023 12:31:14.929689,776,True,True,True,True,Eyes,1.406466,-0.01737044,-3.645752,-0.6932645,-0.1296049,0.7089336,0.0,0.0,0.0,0.0,0.0,0.0,0.0,2.159086,0.53229,3.15631,1.197822,-0.007859677,-3.670482,0.07417704,-0.4372832,0.03827707,0.8954419,9.573826,307.9614,0.2136547,0.3800471,-0.004750105,-0.9249546,0.0,0.0,0.0,0.04094189,-0.1739806,-2.055726,0.5796,0.1416443,1.915,0.6146367,0.003677035,0.7888017,-0.1334225,0.9860653,0.09936661,-0.7774446,-0.1663183,0.6065625,moving,-44.35977,-10.36022,16.83913,4.23022
05/15/2023 12:31:14.938546,777,True,True,True,True,Eyes,1.396899,-0.01698133,-3.64655,-0.6887477,-0.1284489,0.7135316,0.0,0.0,0.0,0.0,0.0,0.0,0.0,2.138537,0.5462112,3.162733,1.186643,-0.006808385,-3.66966,0.07634627,-0.4333874,0.03964018,0.8970928,9.865649,308.4543,0.2876869,0.3780426,-0.004719713,-0.9257759,0.0,0.0,0.0,0.04306271,-0.1666275,-2.045439,0.5796003,0.144384,1.915,0.6212081,0.004946823,0.7836301,-0.1372968,0.9851997,0.1026202,-0.7715246,-0.1713385,0.6126933,moving,-43.98746,-10.205,16.83914,4.311736
05/15/2023 12:31:14.958406,778,True,True,True,True,Eyes,1.387292,-0.01661563,-3.647302,-0.6841543,-0.1273117,0.7181396,0.0,0.0,0.0,0.0,0.0,0.0,0.0,2.116196,0.5441891,3.173512,1.175938,-0.006403089,-3.669159,0.0759118,-0.4294825,0.03821698,0.8990672,9.748672,308.95,0.2042695,0.3760184,-0.004682702,-0.9266001,0.0,0.0,0.0,0.04565099,-0.1793085,-2.037122,0.5795999,0.1469673,1.914999,0.6281685,0.003513696,0.7780694,-0.1339248,0.9855537,0.1036726,-0.7664649,-0.1693267,0.6195645,moving,-43.61168,-10.05294,16.83913,4.388583
05/15/2023 12:31:14.978807,779,True,True,True,True,Eyes,1.377635,-0.01627957,-3.648008,-0.6793924,-0.1258933,0.7228948,0.0,0.0,0.0,0.0,0.0,0.0,0.0,2.09599,0.5460722,3.182389,1.165354,-0.006616592,-3.668906,0.07591318,-0.4258631,0.03667855,0.9008511,9.672311,309.4036,0.08291556,0.3739756,-0.004640325,-0.9274266,0.0,0.0,0.0,0.04865233,-0.1844289,-2.026783,0.5795999,0.1498431,1.915,0.6345907,0.001426586,0.7728471,-0.130741,0.9857838,0.1055328,-0.7617095,-0.168013,0.6257557,moving,-43.22311,-9.879071,16.83913,4.47411
05/15/2023 12:31:14.988560,780,True,True,True,True,Eyes,1.367932,-0.01598133,-3.648649,-0.6745618,-0.1243851,0.7276639,0.0,0.0,0.0,0.0,0.0,0.0,0.0,2.0775,0.5448341,3.190193,1.15458,-0.007064357,-3.668389,0.07548914,-0.4224921,0.0350976,0.9025353,9.550693,309.8277,359.9748,0.3719148,-0.004593874,-0.9282551,0.0,0.0,0.0,0.0518394,-0.178468,-2.015929,0.5795996,0.1523601,1.915,0.6405371,-0.0004334875,0.7679271,-0.1271408,0.9861391,0.1066063,-0.757329,-0.1659201,0.6316036,moving,-42.83125,-9.700246,16.83912,4.548951
05/15/2023 12:31:15.009060,781,True,True,True,True,Eyes,1.358214,-0.01573569,-3.649201,-0.6695692,-0.1226047,0.7325607,0.0,0.0,0.0,0.0,0.0,0.0,0.0,2.056632,0.5372814,3.200094,1.143376,-0.007628515,-3.667648,0.07409532,-0.4188331,0.03265807,0.9044458,9.287411,310.2898,359.8263,0.3698369,-0.00454472,-0.9290853,0.0,0.0,0.0,0.05421906,-0.174699,-2.00628,0.5796001,0.1550397,1.915,0.6470246,-0.002992229,0.7624632,-0.1211421,0.9868867,0.1066738,-0.752784,-0.161387,0.6381775,moving,-42.42768,-9.501225,16.83913,4.628611
05/15/2023 12:31:15.028602,782,True,True,True,True,Eyes,1.348435,-0.01554656,-3.649699,-0.6644878,-0.1207695,0.7374759,0.0,0.0,0.0,0.0,0.0,0.0,0.0,2.033592,0.5300956,3.211251,1.132677,-0.008734152,-3.666823,0.0727779,-0.414842,0.03106355,0.9064462,9.074085,310.7982,359.764,0.3677432,-0.004494477,-0.9299161,0.0,0.0,0.0,0.05549789,-0.1695177,-1.996964,0.5796001,0.1577211,1.915,0.6538824,-0.004067768,0.7565854,-0.1166975,0.9874769,0.1061655,-0.7475424,-0.1577114,0.645219,moving,-42.0198,-9.300245,16.83914,4.708305
05/15/2023 12:31:15.038554,783,True,True,True,True,Eyes,1.338614,-0.01542329,-3.650137,-0.6593295,-0.1187568,0.742416,0.0,0.0,0.0,0.0,0.0,0.0,0.0,2.010914,0.5211933,3.222225,1.121736,-0.01002055,-3.666028,0.07135005,-0.4107833,0.03049439,0.9084252,8.898559,311.3212,359.8135,0.3656337,-0.004444696,-0.9307479,0.0,0.0,0.0,0.05737518,-0.1600932,-1.986501,0.5795997,0.1604294,1.915,0.6606542,-0.003215084,0.7506834,-0.1140226,0.9879586,0.1045792,-0.7419803,-0.1546855,0.6523325,moving,-41.60784,-9.088039,16.83913,4.78878
05/15/2023 12:31:15.058682,784,True,True,True,True,Eyes,1.328756,-0.0153686,-3.650504,-0.6540986,-0.116734,0.7473475,0.0,0.0,0.0,0.0,0.0,0.0,0.0,1.990483,0.5115371,3.231575,1.110935,-0.01155549,-3.665032,0.06986984,-0.4070252,0.03043096,0.9102324,8.740986,311.8083,359.9142,0.3635094,-0.004397034,-0.9315798,0.0,0.0,0.0,0.06109952,-0.1521264,-1.975405,0.5795999,0.1630242,1.914999,0.6668089,-0.001479081,0.7452273,-0.112276,0.9883843,0.1024232,-0.7367225,-0.1519679,0.6588974,moving,-41.19329,-8.877736,16.83913,4.865868
05/15/2023 12:31:15.078800,785,True,True,True,True,Eyes,1.318857,-0.01537743,-3.650787,-0.648847,-0.1146549,0.7522312,0.0,0.0,0.0,0.0,0.0,0.0,0.0,1.969536,0.5054229,3.240238,1.100174,-0.01316226,-3.663756,0.06883975,-0.4032281,0.03028148,0.9120041,8.626054,312.295,359.9836,0.3613707,-0.004353039,-0.9324117,0.0,0.0,0.0,0.06485733,-0.1443287,-1.964379,0.5796002,0.1657742,1.915,0.6729802,-0.000282578,0.7396604,-0.1107499,0.9886882,0.1011436,-0.7313222,-0.1499849,0.6653364,moving,-40.77985,-8.666306,16.83914,4.947542
05/15/2023 12:31:15.088602,786,True,True,True,True,Eyes,1.308911,-0.01544787,-3.650978,-0.643466,-0.1126214,0.7571446,0.0,0.0,0.0,0.0,0.0,0.0,0.0,1.944293,0.5034013,3.250173,1.08928,-0.01474923,-3.662044,0.06832425,-0.3988648,0.0300107,0.9139684,8.559295,312.8477,0.02047593,0.3592181,-0.004313985,-0.9332433,0.0,0.0,0.0,0.0676919,-0.1370324,-1.954066,0.5796002,0.1683544,1.915,0.6800125,0.0003533883,0.7332004,-0.1093619,0.9888623,0.100952,-0.7249986,-0.1488328,0.6724774,moving,-40.35984,-8.460423,16.83914,5.024158
05/15/2023 12:31:15.109825,787,True,True,True,True,Eyes,1.298897,-0.01557523,-3.651091,-0.6380737,-0.1105313,0.7620006,0.0,0.0,0.0,0.0,0.0,0.0,0.0,1.917113,0.5028623,3.260538,1.078167,-0.01630576,-3.660136,0.06799568,-0.3942275,0.02966032,0.9160139,8.508483,313.4317,0.04211724,0.3570525,-0.004280982,-0.9340741,0.0,0.0,0.0,0.0708099,-0.1314515,-1.943631,0.5796002,0.1710304,1.915,0.6874099,0.0007269911,0.7262692,-0.1079501,0.9889937,0.1011842,-0.7182022,-0.1479558,0.6799226,moving,-39.94168,-8.253421,16.83913,5.103596
05/15/2023 12:31:15.128909,788,True,True,True,True,Eyes,1.288838,-0.01576785,-3.651103,-0.6325902,-0.1083754,0.7668666,0.0,0.0,0.0,0.0,0.0,0.0,0.0,1.891736,0.4974184,3.270094,1.066918,-0.01784123,-3.658001,0.06702729,-0.3898452,0.02925875,0.9179718,8.387723,313.9862,0.08437557,0.3548734,-0.004254899,-0.9349043,0.0,0.0,0.0,0.07603999,-0.1277333,-1.931745,0.5796001,0.1737613,1.915,0.6943293,0.001456876,0.719656,-0.1059779,0.9893025,0.1002456,-0.7118115,-0.1458711,0.6870561,moving,-39.51931,-8.043905,16.83913,5.184648
05/15/2023 12:31:15.148320,789,True,True,True,True,Eyes,1.278721,-0.01599905,-3.651016,-0.6270767,-0.1062924,0.7716714,0.0,0.0,0.0,0.0,0.0,0.0,0.0,1.868019,0.4845066,3.279438,1.055724,-0.01961771,-3.655683,0.06516583,-0.3856266,0.02991292,0.9198645,8.219044,314.5309,0.2762721,0.3526815,-0.004236749,-0.9357335,0.0,0.0,0.0,0.08219902,-0.1248422,-1.919298,0.5795997,0.1763182,1.915,0.7007947,0.004772319,0.7133471,-0.105291,0.9897173,0.09681703,-0.7055499,-0.1429579,0.6940911,moving,-39.09805,-7.842749,16.83913,5.260516
05/15/2023 12:31:15.158799,790,True,True,True,True,Eyes,1.268557,-0.01627114,-3.650809,-0.6214049,-0.1041828,0.776532,0.0,0.0,0.0,0.0,0.0,0.0,0.0,1.841724,0.4806166,3.288244,1.044573,-0.0207711,-3.652934,0.06463341,-0.3810488,0.03106111,0.9217699,8.2114,315.114,0.463433,0.3504769,-0.004226753,-0.9365615,0.0,0.0,0.0,0.08725993,-0.119234,-1.90723,0.5796001,0.1790211,1.915,0.707674,0.008005418,0.7064938,-0.1065194,0.9897155,0.09548266,-0.6984634,-0.1428259,0.7012487,moving,-38.66787,-7.641414,16.83913,5.340693
05/15/2023 12:31:15.178997,791,True,True,True,True,Eyes,1.25834,-0.01658452,-3.650481,-0.6156578,-0.1021707,0.781362,0.0,0.0,0.0,0.0,0.0,0.0,0.0,1.810352,0.471815,3.300002,1.033234,-0.02203536,-3.649924,0.06331908,-0.3758169,0.0314883,0.9239918,8.087214,315.7771,0.6132794,0.3482599,-0.004225175,-0.9373881,0.0,0.0,0.0,0.09165139,-0.1108428,-1.895457,0.5796001,0.181641,1.915,0.7155403,0.01059709,0.6984911,-0.1057826,0.9899983,0.09334494,-0.6905158,-0.1406803,0.7095047,moving,-38.2356,-7.449716,16.83913,5.418392
05/15/2023 12:31:15.189130,792,True,True,True,True,Eyes,1.248081,-0.01692165,-3.650043,-0.6097839,-0.100347,0.7861896,0.0,0.0,0.0,0.0,0.0,0.0,0.0,1.78003,0.4701657,3.309743,1.02162,-0.0233448,-3.646878,0.06300627,-0.3706611,0.03233853,0.9260641,8.08656,316.426,0.7631796,0.346031,-0.00423227,-0.9382132,0.0,0.0,0.0,0.09755164,-0.1072329,-1.88296,0.5796004,0.1843053,1.915001,0.7231292,0.01318716,0.6905868,-0.106603,0.9899688,0.09272243,-0.6824368,-0.140669,0.7172812,moving,-37.79786,-7.273743,16.83914,5.497383
05/15/2023 12:31:15.208798,793,True,True,True,True,Eyes,1.237759,-0.01728216,-3.649507,-0.6039358,-0.09855212,0.7909166,0.0,0.0,0.0,0.0,0.0,0.0,0.0,1.753093,0.4810266,3.31578,1.010308,-0.02422115,-3.643873,0.06442372,-0.3659924,0.03304329,0.9277971,8.263828,317.0033,0.819718,0.3437909,-0.004247813,-0.9390363,0.0,0.0,0.0,0.105829,-0.1000494,-1.86891,0.5796,0.1871182,1.915,0.7299154,0.01415773,0.6833909,-0.1084721,0.9895155,0.0953571,-0.6748758,-0.1437315,0.7237983,moving,-37.36498,-7.102729,16.83913,5.580759
05/15/2023 12:31:15.228580,794,True,True,True,True,Eyes,1.227391,-0.01763457,-3.648854,-0.598007,-0.09677944,0.7956263,0.0,0.0,0.0,0.0,0.0,0.0,0.0,1.728935,0.4812107,3.321481,0.9988654,-0.02514885,-3.640694,0.06438421,-0.3617361,0.0333734,0.9294557,8.269491,317.5336,0.8950209,0.341539,-0.004271596,-0.9398575,0.0,0.0,0.0,0.1136394,-0.09712641,-1.855416,0.5796,0.1898606,1.914999,0.7360664,0.01545802,0.6767328,-0.1086184,0.9894818,0.09553982,-0.668138,-0.1438293,0.7300034,moving,-36.92918,-6.935347,16.83914,5.662027
05/15/2023 12:31:15.238810,795,True,True,True,True,Eyes,1.216958,-0.01796238,-3.648086,-0.5920938,-0.0948678,0.8002657,0.0,0.0,0.0,0.0,0.0,0.0,0.0,1.70548,0.4773197,3.327006,0.9873388,-0.02531089,-3.637305,0.06388004,-0.3575997,0.03344895,0.9310871,8.214441,318.0488,0.9610605,0.339276,-0.004302611,-0.9406766,0.0,0.0,0.0,0.1201123,-0.1009016,-1.843362,0.5796,0.1923765,1.915,0.7420072,0.0166008,0.6701863,-0.1079747,0.989601,0.09503309,-0.6616395,-0.1428784,0.7360836,moving,-36.49668,-6.760599,16.83913,5.736556
05/15/2023 12:31:15.258807,796,True,True,True,True,Eyes,1.206479,-0.01829107,-3.647191,-0.5860828,-0.09267614,0.8049337,0.0,0.0,0.0,0.0,0.0,0.0,0.0,1.680706,0.4599382,3.334605,0.9756191,-0.02510101,-3.633654,0.06147442,-0.3533832,0.03220851,0.9329007,7.901066,318.5731,0.9629681,0.3370015,-0.004339534,-0.9414937,0.0,0.0,0.0,0.1248253,-0.09868106,-1.831873,0.5796,0.1949924,1.915,0.748166,0.01664663,0.6633028,-0.1035427,0.990367,0.09193519,-0.6553829,-0.137463,0.7426825,moving,-36.05885,-6.567837,16.83913,5.81403
05/15/2023 12:31:15.278350,797,True,True,True,True,Eyes,1.195988,-0.01863137,-3.646164,-0.5798992,-0.09030268,0.8096679,0.0,0.0,0.0,0.0,0.0,0.0,0.0,1.652864,0.4304289,3.344893,0.9639754,-0.02553262,-3.629826,0.05728103,-0.3487949,0.03042647,0.934952,7.373403,319.1458,0.9784951,0.3347157,-0.004381829,-0.9423086,0.0,0.0,0.0,0.1290068,-0.09353727,-1.820465,0.5796001,0.1978212,1.915,0.7548327,0.01693592,0.6556987,-0.09685324,0.9915862,0.08588483,-0.6487273,-0.1283352,0.750122,moving,-35.61094,-6.363928,16.83913,5.897784
05/15/2023 12:31:15.288746,798,True,True,True,True,Eyes,1.185464,-0.01894217,-3.645032,-0.5736263,-0.08811146,0.8143643,0.0,0.0,0.0,0.0,0.0,0.0,0.0,1.626326,0.4193148,3.352142,0.9525748,-0.02620275,-3.626229,0.05570711,-0.3442338,0.03043083,0.9367357,7.199023,319.7128,1.077626,0.33242,-0.004429292,-0.9431207,0.0,0.0,0.0,0.1334378,-0.08012591,-1.808534,0.5796003,0.2004997,1.915,0.7611541,0.01865875,0.6483027,-0.09536384,0.9919414,0.08341504,-0.6415219,-0.1253163,0.7567996,moving,-35.16031,-6.175188,16.83914,5.977067
05/15/2023 12:31:15.309231,799,True,True,True,True,Eyes,1.174922,-0.01921047,-3.643775,-0.5672355,-0.08587874,0.8190657,0.0,0.0,0.0,0.0,0.0,0.0,0.0,1.602297,0.4271914,3.355608,0.9412284,-0.02578042,-3.622621,0.0569005,-0.3399619,0.03094758,0.938206,7.343105,320.2356,1.119784,0.3301148,-0.004480666,-0.9439299,0.0,0.0,0.0,0.1394984,-0.06014475,-1.795861,0.5795997,0.2030421,1.915,0.7669362,0.01938239,0.6414305,-0.09675841,0.9916092,0.08572678,-0.6343868,-0.1278108,0.7623764,moving,-34.70414,-5.985571,16.83912,6.052299
05/15/2023 12:31:15.329462,800,True,True,True,True,Eyes,1.164361,-0.01942912,-3.642432,-0.5607719,-0.08375305,0.8237235,0.0,0.0,0.0,0.0,0.0,0.0,0.0,1.576194,0.4234376,3.36119,0.9297478,-0.02506402,-3.618871,0.05635209,-0.33555,0.02926413,0.93988,7.213532,320.7681,0.9929177,0.3278002,-0.004534496,-0.9447359,0.0,0.0,0.0,0.1456033,-0.05126874,-1.784038,0.5795999,0.2057583,1.915,0.7730997,0.01719166,0.6340515,-0.09282742,0.9919361,0.08628923,-0.6274551,-0.1255675,0.7684613,moving,-34.24613,-5.805664,16.83913,6.132651
05/15/2023 12:31:15.338585,801,True,True,True,True,Eyes,1.153771,-0.01948277,-3.640984,-0.5541992,-0.08182366,0.8283526,0.0,0.0,0.0,0.0,0.0,0.0,0.0,1.552627,0.4260438,3.365167,0.9186714,-0.02409489,-3.615519,0.05677228,-0.3314301,0.02829342,0.9413452,7.217669,321.2645,0.9030492,0.3254773,-0.004589247,-0.9455384,0.0,0.0,0.0,0.1507187,-0.05254404,-1.773022,0.5795999,0.2085096,1.915,0.7787071,0.01563565,0.6271927,-0.0908998,0.9919528,0.08813003,-0.6207676,-0.1256392,0.7738621,moving,-33.78402,-5.641307,16.83913,6.214015
05/15/2023 12:31:15.358620,802,True,True,True,True,Eyes,1.143117,-0.0194659,-3.63942,-0.547491,-0.07931022,0.8330447,0.0,0.0,0.0,0.0,0.0,0.0,0.0,1.526365,0.4377294,3.368483,0.90724,-0.02017261,-3.611728,0.05869792,-0.3270155,0.02589971,0.9428387,7.332345,321.7813,0.6035867,0.323146,-0.004640543,-0.9463375,0.0,0.0,0.0,0.1566635,-0.04615863,-1.761555,0.5796,0.2111053,1.915,0.7847801,0.01044824,0.6196861,-0.08722875,0.9917675,0.09374611,-0.6136051,-0.1276245,0.7792309,moving,-33.31359,-5.438467,16.83913,6.290756
05/15/2023 12:31:15.378659,803,True,True,True,True,Eyes,1.132474,-0.01942516,-3.637791,-0.5407295,-0.07668535,0.8376938,0.0,0.0,0.0,0.0,0.0,0.0,0.0,1.492085,0.3829945,3.382629,0.894975,-0.01865518,-3.607472,0.050907,-0.3217028,0.01916477,0.9452771,6.233069,322.4213,0.2004712,0.3208057,-0.004686895,-0.9471332,0.0,0.0,0.0,0.1617783,-0.04325245,-1.751183,0.5796,0.214102,1.915,0.7922801,0.003478196,0.6101477,-0.06898588,0.9940824,0.0839117,-0.6062452,-0.1085731,0.7878316,moving,-32.84216,-5.230473,16.83913,6.379324
05/15/2023 12:31:15.388739,804,True,True,True,True,Eyes,1.121793,-0.01932883,-3.636075,-0.5339273,-0.07420257,0.8422681,0.0,0.0,0.0,0.0,0.0,0.0,0.0,1.47052,0.3623411,3.388544,0.8840952,-0.01810493,-3.604719,0.04809598,-0.3178065,0.01779598,0.9467677,5.876399,322.898,0.1801046,0.3184572,-0.00472818,-0.9479252,0.0,0.0,0.0,0.1681667,-0.04388142,-1.740043,0.5795997,0.2164181,1.915,0.7973648,0.003126903,0.6034896,-0.06426774,0.9947401,0.07976008,-0.6000659,-0.1023828,0.7933717,moving,-32.37127,-5.034675,16.83912,6.447756
05/15/2023 12:31:15.408441,805,True,True,True,True,Eyes,1.111092,-0.01917145,-3.63427,-0.527114,-0.07157043,0.8467754,0.0,0.0,0.0,0.0,0.0,0.0,0.0,1.450326,0.363912,3.390082,0.8724517,-0.01665832,-3.600983,0.04862287,-0.3139644,0.01856223,0.9480072,5.96065,323.3659,0.2685972,0.3161005,-0.004763447,-0.9487134,0.0,0.0,0.0,0.1781075,-0.006773859,-1.726749,0.5795997,0.2190794,1.915,0.8021636,0.004662544,0.5970861,-0.06572594,0.9945825,0.0805339,-0.5934759,-0.1038454,0.7981243,moving,-31.90209,-4.831223,16.83912,6.526364
05/15/2023 12:31:15.428373,806,True,True,True,True,Eyes,1.100397,-0.01894299,-3.632414,-0.5202312,-0.06924473,0.8512136,0.0,0.0,0.0,0.0,0.0,0.0,0.0,1.429769,0.3316395,3.395175,0.8611005,-0.0151092,-3.597182,0.04443558,-0.3101826,0.0178902,0.9494695,5.478884,323.8342,0.36873,0.3137357,-0.004791698,-0.9494979,0.0,0.0,0.0,0.1828718,0.00820218,-1.717945,0.5795999,0.221724,1.915,0.8069335,0.006406109,0.5906076,-0.06153867,0.9954109,0.07328199,-0.5874278,-0.09547889,0.8036245,moving,-31.43178,-4.650671,16.83913,6.604458
05/15/2023 12:31:15.438952,807,True,True,True,True,Eyes,1.089731,-0.01864387,-3.630448,-0.5132666,-0.06720921,0.8555936,0.0,0.0,0.0,0.0,0.0,0.0,0.0,1.406995,0.3471836,3.397244,0.8505179,-0.01311703,-3.594146,0.04698863,-0.3059621,0.01963257,0.9506807,5.817262,324.3451,0.4938683,0.3113631,-0.004811757,-0.9502785,0.0,0.0,0.0,0.1861306,0.01036328,-1.708433,0.5795999,0.2243988,1.914999,0.8120036,0.008575138,0.5835895,-0.06608209,0.9948132,0.0773287,-0.5798994,-0.101356,0.8083586,moving,-30.95935,-4.491516,16.83913,6.683415
05/15/2023 12:31:15.458886,808,True,True,True,True,Eyes,1.079072,-0.01827584,-3.628446,-0.5062259,-0.06517899,0.8599342,0.0,0.0,0.0,0.0,0.0,0.0,0.0,1.378454,0.3497239,3.401892,0.8394166,-0.01109891,-3.590344,0.04774015,-0.3009445,0.02108844,0.9522125,5.947114,324.9561,0.6582804,0.3089843,-0.004822573,-0.9510546,0.0,0.0,0.0,0.1899014,0.03178979,-1.699285,0.5795999,0.2270702,1.915,0.8179753,0.01142708,0.5751398,-0.06889562,0.9945524,0.07822464,-0.5711127,-0.1036104,0.8143066,moving,-30.48447,-4.334465,16.83913,6.762244
05/15/2023 12:31:15.478711,809,True,True,True,True,Eyes,1.068432,-0.01781841,-3.626378,-0.4991897,-0.06335609,0.8641734,0.0,0.0,0.0,0.0,0.0,0.0,0.0,1.353603,0.3401256,3.407258,0.8288608,-0.00908114,-3.587511,0.04684268,-0.2964108,0.0227862,0.953639,5.903318,325.5139,0.9038169,0.3065995,-0.004823232,-0.9518261,0.0,0.0,0.0,0.1954595,0.02640034,-1.690118,0.5795999,0.2298361,1.915,0.8232428,0.01569027,0.5674725,-0.07122897,0.9945731,0.07583384,-0.563203,-0.1028502,0.8198928,moving,-30.01288,-4.193086,16.83913,6.843837
05/15/2023 12:31:15.498335,810,True,True,True,True,Eyes,1.057775,-0.01727402,-3.624266,-0.4921799,-0.06138059,0.8683268,0.0,0.0,0.0,0.0,0.0,0.0,0.0,1.335193,0.3424712,3.40835,0.8178684,-0.006465614,-3.5844,0.04766108,-0.2927446,0.02416015,0.9546965,6.035765,325.9605,1.050163,0.3042096,-0.004812365,-0.9525927,0.0,0.0,0.0,0.2038182,0.02831572,-1.679411,0.5796,0.2324719,1.915,0.8274338,0.01822617,0.5612674,-0.07403626,0.9942894,0.07685822,-0.5566614,-0.1051492,0.8240581,moving,-29.54518,-4.043418,16.83913,6.921568
05/15/2023 12:31:15.509714,811,True,True,True,True,Eyes,1.047134,-0.01667752,-3.622104,-0.4851769,-0.05893986,0.8724273,0.0,0.0,0.0,0.0,0.0,0.0,0.0,1.319837,0.3206488,3.410522,0.8067744,-0.003887936,-3.581277,0.04497828,-0.2896542,0.02284078,0.955801,5.693821,326.3317,1.013814,0.301814,-0.004788793,-0.9533545,0.0,0.0,0.0,0.210731,0.03690302,-1.670679,0.5796002,0.2351241,1.915,0.8311574,0.01760618,0.5557583,-0.06971876,0.9949105,0.07274871,-0.5516489,-0.09921242,0.8281547,moving,-29.07944,-3.864942,16.83913,6.999755
05/15/2023 12:31:15.528822,812,True,True,True,True,Eyes,1.036499,-0.01603569,-3.619907,-0.4782248,-0.05649989,0.8764182,0.0,0.0,0.0,0.0,0.0,0.0,0.0,1.306924,0.300683,3.411618,0.7958627,-0.002256677,-3.578295,0.04240146,-0.2869102,0.02123687,0.9567829,5.354873,326.6591,0.9384786,0.2994132,-0.004752369,-0.9541115,0.0,0.0,0.0,0.2138342,0.03921099,-1.662739,0.5795999,0.2378316,1.915,0.834463,0.01630733,0.5508226,-0.06496898,0.9955022,0.06895183,-0.5472207,-0.09332415,0.8317692,moving,-28.61945,-3.688572,16.83913,7.079546
05/15/2023 12:31:15.538638,813,True,True,True,True,Eyes,1.025866,-0.01535245,-3.617652,-0.4711799,-0.05383391,0.8803927,0.0,0.0,0.0,0.0,0.0,0.0,0.0,1.29473,0.2909619,3.411518,0.7853438,-0.000548929,-3.575287,0.04130189,-0.2842472,0.02052844,0.9576412,5.208197,326.9775,0.9112434,0.2970072,-0.004703135,-0.9548634,0.0,0.0,0.0,0.2153384,0.05559739,-1.655748,0.5795999,0.2404965,1.915,0.8375642,0.01583787,0.5461093,-0.06279765,0.9957455,0.06743446,-0.5427178,-0.09077507,0.8349954,moving,-28.15537,-3.499143,16.83913,7.158054
05/15/2023 12:31:15.558842,814,True,True,True,True,Eyes,1.015254,-0.01464955,-3.615368,-0.4640623,-0.05118162,0.8843228,0.0,0.0,0.0,0.0,0.0,0.0,0.0,1.275982,0.2754775,3.413676,0.7746149,0.001181394,-3.571718,0.03933173,-0.2807167,0.01892377,0.9587977,4.936222,327.3973,0.8170011,0.2945963,-0.004641229,-0.9556103,0.0,0.0,0.0,0.21579,0.07057843,-1.649432,0.5796,0.2431929,1.915,0.84168,0.01420599,0.5397897,-0.05837029,0.9961898,0.06479791,-0.5368124,-0.08604679,0.8393023,moving,-27.68895,-3.312392,16.83913,7.237463
05/15/2023 12:31:15.578962,815,True,True,True,True,Eyes,1.004661,-0.01392577,-3.613035,-0.4567739,-0.04847593,0.888261,0.0,0.0,0.0,0.0,0.0,0.0,0.0,1.251476,0.2670503,3.41801,0.7644317,0.002334327,-3.568745,0.03828533,-0.2763394,0.01816512,0.9601254,4.793048,327.9197,0.7890024,0.2921806,-0.004567343,-0.9563521,0.0,0.0,0.0,0.2160533,0.07958815,-1.643168,0.5795998,0.2458376,1.915,0.8466132,0.0137221,0.5320318,-0.05604108,0.9964085,0.06347796,-0.52925,-0.08355691,0.8443416,moving,-27.21376,-3.12376,16.83913,7.31532
05/15/2023 12:31:15.589069,816,True,True,True,True,Eyes,0.9940884,-0.01322016,-3.61067,-0.4494197,-0.04564481,0.8921539,0.0,0.0,0.0,0.0,0.0,0.0,0.0,1.223943,0.2618686,3.422599,0.7538902,0.003537253,-3.565449,0.03778506,-0.2714459,0.01882531,0.9615275,4.754292,328.508,0.9020495,0.2897608,-0.00448208,-0.9570883,0.0,0.0,0.0,0.2199553,0.09213091,-1.635494,0.5796001,0.2484419,1.915,0.8519255,0.01568891,0.523428,-0.05671531,0.9964358,0.06244264,-0.5205827,-0.08288286,0.8497789,moving,-26.73653,-2.928841,16.83914,7.391964
05/15/2023 12:31:15.608977,817,True,True,True,True,Eyes,0.9835342,-0.01253426,-3.608286,-0.4419899,-0.04288001,0.8959945,0.0,0.0,0.0,0.0,0.0,0.0,0.0,1.198608,0.2406802,3.427681,0.7437541,0.003757745,-3.562358,0.03498441,-0.2668781,0.02017602,0.9628838,4.481714,329.0623,1.159921,0.2873372,-0.004387003,-0.9578192,0.0,0.0,0.0,0.2275406,0.100517,-1.627523,0.5796,0.2511428,1.915,0.856738,0.02018117,0.5153569,-0.05752746,0.996738,0.05660278,-0.5125334,-0.07814092,0.8551043,moving,-26.25691,-2.739939,16.83913,7.471421
05/15/2023 12:31:15.628701,818,True,True,True,True,Eyes,0.9730124,-0.01184392,-3.605861,-0.4344862,-0.04020318,0.8997809,0.0,0.0,0.0,0.0,0.0,0.0,0.0,1.176137,0.2391901,3.430333,0.7337812,0.003991336,-3.559388,0.03495369,-0.2626567,0.02235849,0.9639969,4.538887,329.574,1.422412,0.2849095,-0.004283561,-0.9585446,0.0,0.0,0.0,0.2363547,0.1068249,-1.618895,0.5795999,0.2538197,1.915,0.8610232,0.02474538,0.5079634,-0.06146866,0.9965566,0.05564528,-0.5048374,-0.07913571,0.8595794,moving,-25.77497,-2.558336,16.83913,7.550143
05/15/2023 12:31:15.638730,819,True,True,True,True,Eyes,0.9625071,-0.01116067,-3.603384,-0.4268182,-0.03746261,0.9035612,0.0,0.0,0.0,0.0,0.0,0.0,0.0,1.15022,0.2370808,3.433699,0.7239585,0.004786864,-3.556032,0.03482361,-0.2580332,0.02334434,0.9652261,4.546751,330.1281,1.557455,0.2824787,-0.004172435,-0.9592643,0.0,0.0,0.0,0.2440645,0.1214399,-1.611616,0.5796003,0.2564616,1.915,0.8657479,0.02709383,0.4997466,-0.06303642,0.9964847,0.05517809,-0.4964949,-0.07927255,0.8644124,moving,-25.2848,-2.374184,16.83914,7.627808
05/15/2023 12:31:15.658832,820,True,True,True,True,Eyes,0.9520401,-0.01051762,-3.600872,-0.4189724,-0.03468687,0.9073361,0.0,0.0,0.0,0.0,0.0,0.0,0.0,1.117892,0.2162459,3.439735,0.7138426,0.005250365,-3.55227,0.03193123,-0.2525918,0.02258302,0.9667822,4.194913,330.7732,1.582054,0.2800453,-0.004054545,-0.959978,0.0,0.0,0.0,0.2501348,0.1250831,-1.604455,0.5795999,0.2591866,1.915,0.8713748,0.02753459,0.4898447,-0.05979686,0.9969409,0.05033252,-0.4869604,-0.07314967,0.8703555,moving,-24.78565,-2.189314,16.83913,7.707888
05/15/2023 12:31:15.678449,821,True,True,True,True,Eyes,0.9415977,-0.009907428,-3.598312,-0.4109225,-0.03205988,0.9111064,0.0,0.0,0.0,0.0,0.0,0.0,0.0,1.081035,0.2052117,3.446804,0.7041867,0.004895434,-3.548986,0.03027114,-0.246496,0.02202071,0.9684207,3.98449,331.4944,1.592706,0.2776097,-0.003931589,-0.9606857,0.0,0.0,0.0,0.2584486,0.1296672,-1.596578,0.5795999,0.2619043,1.915,0.8775097,0.0277272,0.4787568,-0.05757406,0.9971974,0.04777436,-0.4760904,-0.06948644,0.8766468,moving,-24.27608,-2.015284,16.83913,7.787721
05/15/2023 12:31:15.688925,822,True,True,True,True,Eyes,0.9311883,-0.009321554,-3.595718,-0.4027075,-0.02940835,0.9148561,0.0,0.0,0.0,0.0,0.0,0.0,0.0,1.042509,0.203238,3.452999,0.6941073,0.004710615,-3.545352,0.02992901,-0.2400814,0.02220391,0.9700373,3.940816,332.2543,1.648883,0.2751719,-0.003804905,-0.9613872,0.0,0.0,0.0,0.2705425,0.1448788,-1.588309,0.5796,0.2645603,1.915,0.8837358,0.02870644,0.4671049,-0.05744803,0.9972225,0.04740302,-0.4644467,-0.06872599,0.8829304,moving,-23.75846,-1.841158,16.83913,7.865715
05/15/2023 12:31:15.709153,823,True,True,True,True,Eyes,0.9207972,-0.008768237,-3.593079,-0.3943567,-0.02679304,0.9185668,0.0,0.0,0.0,0.0,0.0,0.0,0.0,1.005718,0.1931544,3.459121,0.6843808,0.004685864,-3.542018,0.02849742,-0.233929,0.02271316,0.9715706,3.784332,332.9831,1.768969,0.2727326,-0.003675477,-0.9620826,0.0,0.0,0.0,0.2856935,0.154365,-1.579954,0.5796,0.2672142,1.915,0.8895226,0.03080213,0.4558516,-0.05746762,0.997344,0.04474796,-0.4532626,-0.06600104,0.8889302,moving,-23.23469,-1.670747,16.83913,7.943617
05/15/2023 12:31:15.728981,824,True,True,True,True,Eyes,0.9104444,-0.008274789,-3.590407,-0.3858297,-0.02416199,0.9222535,0.0,0.0,0.0,0.0,0.0,0.0,0.0,0.9674206,0.1805669,3.464911,0.6744167,0.004444122,-3.538257,0.0266865,-0.227552,0.02338599,0.9731192,3.587991,333.7372,1.916048,0.2702917,-0.003544419,-0.9627717,0.0,0.0,0.0,0.3013982,0.1589202,-1.571011,0.5796002,0.2699314,1.915,0.8953463,0.03336958,0.4441186,-0.05765983,0.9974819,0.04129523,-0.4416222,-0.06258133,0.8950158,moving,-22.70226,-1.500741,16.83913,8.023343
05/15/2023 12:31:15.738278,825,True,True,True,True,Eyes,0.9001502,-0.007820964,-3.587689,-0.3773463,-0.02095243,0.9258351,0.0,0.0,0.0,0.0,0.0,0.0,0.0,0.9284328,0.1726901,3.47064,0.6648682,0.003478616,-3.53484,0.02544245,-0.2210628,0.02481548,0.9746119,3.472219,334.5053,2.131346,0.2678501,-0.003413478,-0.9634542,0.0,0.0,0.0,0.316287,0.167984,-1.563309,0.5796001,0.2725612,1.915,0.9010309,0.03712216,0.4321635,-0.05961968,0.9974738,0.03862147,-0.4296381,-0.06056459,0.9009679,moving,-22.17453,-1.29643,16.83913,8.100478
05/15/2023 12:31:15.758388,826,True,True,True,True,Eyes,0.889887,-0.007400715,-3.584942,-0.3686902,-0.01779054,0.929382,0.0,0.0,0.0,0.0,0.0,0.0,0.0,0.8913046,0.1718029,3.475045,0.6551034,0.002901822,-3.531389,0.02522161,-0.2147786,0.02626843,0.9759837,3.469405,335.2485,2.321988,0.2654082,-0.003283657,-0.9641303,0.0,0.0,0.0,0.3317828,0.1784843,-1.555524,0.5795999,0.2752354,1.915,0.9063603,0.040441,0.4205658,-0.06210924,0.9973477,0.03794796,-0.4179157,-0.06051555,0.906468,moving,-21.63846,-1.096641,16.83913,8.178887
05/15/2023 12:31:15.778891,827,True,True,True,True,Eyes,0.8796572,-0.007021232,-3.582158,-0.3601215,-0.01413251,0.9327984,0.0,0.0,0.0,0.0,0.0,0.0,0.0,0.853213,0.1670294,3.479552,0.6454685,0.002498433,-3.527963,0.02441911,-0.2084185,0.02610484,0.9773864,3.360333,335.9938,2.345232,0.2629666,-0.003155735,-0.9647995,0.0,0.0,0.0,0.3477713,0.1863666,-1.548266,0.5796,0.2780556,1.915,0.9117606,0.04085023,0.4086856,-0.0612078,0.9974445,0.03685234,-0.4061358,-0.05861526,0.9119309,moving,-21.10987,-0.8680025,16.83913,8.261541
05/15/2023 12:31:15.788648,828,True,True,True,True,Eyes,0.8694509,-0.006699836,-3.579348,-0.351345,-0.01044556,0.9361877,0.0,0.0,0.0,0.0,0.0,0.0,0.0,0.8133318,0.1560429,3.484272,0.6355444,0.001796216,-3.524498,0.02267387,-0.2018042,0.02483531,0.9788485,3.119136,336.7634,2.265331,0.2605255,-0.003030595,-0.965462,0.0,0.0,0.0,0.3626907,0.1903553,-1.541093,0.5796002,0.2806455,1.915,0.9173165,0.03946862,0.3961977,-0.05777136,0.9977382,0.03436482,-0.3939453,-0.0544123,0.9175219,moving,-20.57078,-0.6392537,16.83914,8.337414
05/15/2023 12:31:15.808866,829,True,True,True,True,Eyes,0.8592589,-0.00644095,-3.576508,-0.3426107,-0.006420843,0.9394555,0.0,0.0,0.0,0.0,0.0,0.0,0.0,0.7722065,0.1432509,3.488945,0.6257715,0.0006835908,-3.521075,0.0206203,-0.1950179,0.02355803,0.9802999,2.843991,337.5516,2.188787,0.2580845,-0.002909501,-0.9661177,0.0,0.0,0.0,0.3788386,0.1964398,-1.534303,0.5796001,0.2832366,1.915,0.9228261,0.0381452,0.3833236,-0.05423051,0.9980396,0.03123968,-0.3813804,-0.04961662,0.9230857,moving,-20.03645,-0.3915901,16.83913,8.413294
05/15/2023 12:31:15.828595,830,True,True,True,True,Eyes,0.849081,-0.006241179,-3.57365,-0.3336505,-0.002402613,0.9426938,0.0,0.0,0.0,0.0,0.0,0.0,0.0,0.7303815,0.1316782,3.493069,0.6157065,-0.000648275,-3.517561,0.01871661,-0.1880718,0.02250471,0.9817191,2.59145,338.3582,2.131005,0.2556437,-0.002793737,-0.9667667,0.0,0.0,0.0,0.3962946,0.2058038,-1.52798,0.5795999,0.2859779,1.915,0.9282451,0.03714646,0.3701099,-0.05122673,0.9982864,0.02828391,-0.368425,-0.04521392,0.9285573,moving,-19.49055,-0.1460276,16.83913,8.493542
05/15/2023 12:31:15.838971,831,True,True,True,True,Eyes,0.8389356,-0.006106864,-3.57076,-0.3247618,0.001824828,0.9457941,0.0,0.0,0.0,0.0,0.0,0.0,0.0,0.687676,0.1208287,3.497093,0.6057287,-0.001901865,-3.514291,0.01692569,-0.1809812,0.02141102,0.9831078,2.351479,339.1807,2.063239,0.2532025,-0.002684355,-0.9674092,0.0,0.0,0.0,0.4146434,0.2158785,-1.522174,0.5796002,0.2886677,1.915,0.9335747,0.03597222,0.3565728,-0.04822514,0.9985102,0.02552956,-0.3551232,-0.04102953,0.9339187,moving,-18.95118,0.1105471,16.83913,8.572244
05/15/2023 12:31:15.858757,832,True,True,True,True,Eyes,0.828797,-0.006040761,-3.567855,-0.3156304,0.006065976,0.9488629,0.0,0.0,0.0,0.0,0.0,0.0,0.0,0.6439458,0.1077462,3.500711,0.5954487,-0.003417566,-3.510938,0.01479035,-0.1736923,0.02053409,0.9844748,2.077696,340.0251,2.02387,0.250761,-0.002582476,-0.9680452,0.0,0.0,0.0,0.4332628,0.2250645,-1.51662,0.5796,0.2912664,1.915,0.9388186,0.03529264,0.3425989,-0.04556853,0.9987192,0.02198823,-0.3413841,-0.03625469,0.9392244,moving,-18.39923,0.3662806,16.83913,8.648256
05/15/2023 12:31:15.878394,833,True,True,True,True,Eyes,0.8186882,-0.006025976,-3.564924,-0.3065578,0.0103752,0.9517955,0.0,0.0,0.0,0.0,0.0,0.0,0.0,0.5991977,0.09488619,3.504059,0.5853299,-0.005029589,-3.507682,0.01267259,-0.1662523,0.01992026,0.9858006,1.811357,340.8864,2.010271,0.248319,-0.002489216,-0.9686748,0.0,0.0,0.0,0.4525921,0.2338831,-1.511664,0.5795999,0.293945,1.914999,0.9439267,0.03506111,0.328288,-0.0434885,0.9988852,0.01836172,-0.3272783,-0.03160888,0.9443992,moving,-17.85291,0.6245371,16.83913,8.726568
05/15/2023 12:31:15.888489,834,True,True,True,True,Eyes,0.8085744,-0.006048827,-3.561979,-0.2972068,0.01466184,0.9547006,0.0,0.0,0.0,0.0,0.0,0.0,0.0,0.5531941,0.08566699,3.506847,0.5749865,-0.006310403,-3.504381,0.01111237,-0.1585804,0.01932348,0.9870945,1.608307,341.7743,1.984976,0.2458767,-0.002405114,-0.9692978,0.0,0.0,0.0,0.4723187,0.2438978,-1.50723,0.5796,0.2966674,1.915,0.9489577,0.0346238,0.3134971,-0.04167261,0.9990062,0.01580926,-0.3126382,-0.02806656,0.9494575,moving,-17.29183,0.8798525,16.83913,8.806129
05/15/2023 12:31:15.908508,835,True,True,True,True,Eyes,0.7984541,-0.006098782,-3.559017,-0.2878335,0.01897524,0.9574925,0.0,0.0,0.0,0.0,0.0,0.0,0.0,0.5055518,0.07476356,3.509324,0.564596,-0.007266626,-3.501101,0.009363162,-0.1506636,0.01816357,0.9883739,1.374187,342.6883,1.896432,0.2434327,-0.002330267,-0.9699147,0.0,0.0,0.0,0.4926759,0.2537275,-1.503386,0.5795999,0.2993003,1.915,0.9539411,0.03308342,0.2981642,-0.03872617,0.9991648,0.01303543,-0.2974839,-0.02398179,0.9544256,moving,-16.7314,1.135318,16.83913,8.883042
05/15/2023 12:31:15.928613,836,True,True,True,True,Eyes,0.7883116,-0.006186726,-3.556044,-0.2781947,0.02335305,0.9602407,0.0,0.0,0.0,0.0,0.0,0.0,0.0,0.4567314,0.06031901,3.511302,0.5538808,-0.00802961,-3.497805,0.007147874,-0.1425237,0.01694764,0.9896205,1.087439,343.6265,1.805784,0.2409867,-0.002264507,-0.9705254,0.0,0.0,0.0,0.5137132,0.2617533,-1.499692,0.5795998,0.3020434,1.915,0.9587995,0.03150598,0.2823311,-0.03558095,0.9993234,0.009316482,-0.2818466,-0.01897825,0.9592718,moving,-16.15702,1.393159,16.83913,8.963139
05/15/2023 12:31:15.938736,837,True,True,True,True,Eyes,0.7781556,-0.006315661,-3.553056,-0.2681377,0.02777199,0.9629802,0.0,0.0,0.0,0.0,0.0,0.0,0.0,0.4096815,0.04152492,3.512442,0.5430474,-0.009080008,-3.494543,0.004284705,-0.1345976,0.01591391,0.9907633,0.7319279,344.5383,1.74108,0.2385374,-0.002207968,-0.9711305,0.0,0.0,0.0,0.5360219,0.2703458,-1.496589,0.5795998,0.3046168,1.915,0.9632605,0.03038042,0.2668451,-0.03268727,0.9994568,0.004206307,-0.2665724,-0.01277421,0.9637302,moving,-15.55963,1.651931,16.83913,9.038249
05/15/2023 12:31:15.958414,838,True,True,True,True,Eyes,0.7679694,-0.00648002,-3.550059,-0.2579413,0.03214977,0.9656256,0.0,0.0,0.0,0.0,0.0,0.0,0.0,0.3679873,0.03028734,3.512248,0.5319631,-0.01026794,-3.491293,0.002477582,-0.1273492,0.0152592,0.9917374,0.5042505,345.3728,1.698287,0.2360841,-0.002160865,-0.9717299,0.0,0.0,0.0,0.5589314,0.2809632,-1.494297,0.5796,0.3072832,1.915,0.9670987,0.02963521,0.2526696,-0.03089728,0.999522,0.001027726,-0.2525184,-0.008800716,0.9675521,moving,-14.95585,1.906915,16.83913,9.116038
05/15/2023 12:31:15.978528,839,True,True,True,True,Eyes,0.7577902,-0.006671268,-3.547037,-0.2475463,0.03659558,0.9681846,0.0,0.0,0.0,0.0,0.0,0.0,0.0,0.3311425,0.02040533,3.511087,0.5209217,-0.0113107,-3.488025,0.0008907546,-0.1207679,0.01471495,0.9925714,0.304956,346.1301,1.661612,0.2336257,-0.002123242,-0.9723241,0.0,0.0,0.0,0.5807322,0.293955,-1.493032,0.5796,0.3100575,1.915,0.9703972,0.02899613,0.2397677,-0.02942643,0.9995653,-0.001785912,-0.2397152,-0.005322462,0.9708287,moving,-14.34217,2.164643,16.83913,9.196945
05/15/2023 12:31:15.988549,840,True,True,True,True,Eyes,0.7475941,-0.00690274,-3.543994,-0.2370654,0.04106006,0.9706256,0.0,0.0,0.0,0.0,0.0,0.0,0.0,0.2974401,0.005592506,3.509138,0.5099506,-0.01223968,-3.484588,-0.00138039,-0.1146353,0.01435885,0.993303,0.03149951,346.8339,1.652747,0.2311621,-0.002094905,-0.9729127,0.0,0.0,0.0,0.5992612,0.3025411,-1.491663,0.5796001,0.3126353,1.915,0.9733052,0.02884187,0.2276954,-0.0282089,0.9995839,-0.006034354,-0.2277747,-0.0005497703,0.9737138,moving,-13.7252,2.42232,16.83914,9.272084
05/15/2023 12:31:16.008808,841,True,True,True,True,Eyes,0.7373992,-0.007149822,-3.540935,-0.2264579,0.04542771,0.9729611,0.0,0.0,0.0,0.0,0.0,0.0,0.0,0.2636125,-0.009045852,3.506728,0.4992273,-0.01348272,-3.480992,-0.003690063,-0.1085028,0.01439654,0.993985,359.7587,347.537,1.685938,0.2286929,-0.002076053,-0.9734961,0.0,0.0,0.0,0.6150274,0.3105946,-1.490482,0.5796002,0.3154287,1.915,0.9760398,0.02942066,0.2155942,-0.02781914,0.9995583,-0.01045987,-0.2158067,0.004211602,0.976427,moving,-13.10239,2.673208,16.83913,9.353473
05/15/2023 12:31:16.028807,842,True,True,True,True,Eyes,0.7271984,-0.007380836,-3.537863,-0.2157511,0.04963719,0.975186,0.0,0.0,0.0,0.0,0.0,0.0,0.0,0.2301593,-0.01206415,3.504213,0.4885973,-0.01415856,-3.477599,-0.004283349,-0.1023892,0.01479571,0.9946252,359.6854,348.2403,1.736899,0.2262177,-0.002066185,-0.9740744,0.0,0.0,0.0,0.6289171,0.3213672,-1.489873,0.5795999,0.3180753,1.915,0.9785951,0.0303095,0.2035511,-0.02855523,0.9995255,-0.0115505,-0.2038046,0.005490811,0.9789962,moving,-12.47522,2.913853,16.83913,9.43055
05/15/2023 12:31:16.038568,843,True,True,True,True,Eyes,0.7170323,-0.007580081,-3.534774,-0.2049043,0.05373703,0.9773058,0.0,0.0,0.0,0.0,0.0,0.0,0.0,0.1948618,-0.01194732,3.501508,0.4781279,-0.01400623,-3.474172,-0.004305421,-0.09601488,0.01483663,0.9952599,359.6722,348.9742,1.73976,0.2237361,-0.002063978,-0.9746473,0.0,0.0,0.0,0.6427521,0.3320638,-1.489529,0.5795999,0.3205707,1.915,0.981122,0.03035937,0.1909918,-0.02870583,0.9995227,-0.0114191,-0.1912473,0.005720954,0.9815252,moving,-11.84125,3.147232,16.83913,9.50319
05/15/2023 12:31:16.055994,844,True,True,True,True,Eyes,0.706874,-0.007724099,-3.531687,-0.1939003,0.05761852,0.9793277,0.0,0.0,0.0,0.0,0.0,0.0,0.0,0.156331,-0.01517677,3.498636,0.4677024,-0.01349589,-3.470762,-0.0047171,-0.08917604,0.01387412,0.9959081,359.6035,349.7608,1.631814,0.2212492,-0.002067803,-0.9752148,0.0,0.0,0.0,0.6562755,0.3369894,-1.488577,0.5795999,0.323219,1.915,0.9837103,0.028476,0.1774914,-0.02679339,0.9995705,-0.01187007,-0.1777532,0.006921118,0.9840508,moving,-11.19934,3.367103,16.83913,9.580249
05/15/2023 12:31:16.078558,845,True,True,True,True,Eyes,0.452676,-0.008162007,-3.454727,0.09344435,0.145506,0.9849346,0.0,0.0,0.0,0.0,0.0,0.0,0.0,0.1161113,-0.01158268,3.495806,0.4575872,-0.01228702,-3.46767,-0.004034986,-0.08210013,0.01262317,0.996536,359.658,350.5762,1.47965,0.2187565,-0.002075539,-0.975777,0.0,0.0,0.0,0.6711872,0.3404752,-1.487576,0.5796,0.3260852,1.915,0.9862005,0.02582144,0.1635296,-0.02449635,0.9996487,-0.01011475,-0.1637333,0.005969289,0.9864866,moving,5.419639,8.403614,16.83914,9.663609
05/15/2023 12:31:16.089049,846,True,True,True,True,Eyes,0.4522708,-0.00810515,-3.45457,0.0941082,0.1460825,0.984786,0.0,0.0,0.0,0.0,0.0,0.0,0.0,0.07451749,-0.009985486,3.492677,0.44728,-0.009201944,-3.464722,-0.003279202,-0.07478594,0.009877756,0.9971453,359.71,351.4188,1.156872,0.2047978,-0.002119032,-0.9788018,-0.762594,-0.001313722,0.2308788,0.6886562,0.3448419,-1.487333,0.5796,0.3287204,1.915,0.988619,0.02018959,0.1490801,-0.01920864,0.9997833,-0.008017115,-0.1492097,0.005062246,0.9887926,moving,5.458727,8.437687,16.83913,9.740211
05/15/2023 12:31:16.108659,847,True,True,True,True,Eyes,0.4514801,-0.008021984,-3.454302,0.09564362,0.1472249,0.9844679,0.0,0.0,0.0,0.0,0.0,0.0,0.0,0.02887309,-0.06795681,3.487402,0.4369861,-0.007888287,-3.460694,-0.01125589,-0.06694627,0.006219702,0.9976737,358.7608,352.3135,0.7976289,0.193455,-0.002152271,-0.9811066,-0.7168384,-0.001234899,0.2170261,0.7075242,0.3452869,-1.487118,0.5796,0.331293,1.915,0.990959,0.01391755,0.133441,-0.01090339,0.9996693,-0.02329218,-0.1337211,0.02162664,0.990783,moving,5.54902,8.505422,16.83913,9.814963
05/15/2023 12:31:16.128774,848,True,True,True,True,Eyes,0.4503197,-0.007800919,-3.45391,0.09760671,0.1483479,0.9841067,0.0,0.0,0.0,0.0,0.0,0.0,0.0,-0.006550074,-0.09469916,3.482662,0.4269381,-0.007245407,-3.457689,-0.01495103,-0.06051186,0.004660285,0.9980447,358.3222,353.0514,0.6369439,0.1842148,-0.002176475,-0.9828833,-0.6738281,-0.001160805,0.2040045,0.7281314,0.346122,-1.487455,0.5796,0.3340002,1.915,0.9926332,0.01111177,0.1206477,-0.007492917,0.9995095,-0.03040759,-0.1209264,0.02927958,0.9922296,moving,5.664246,8.572435,16.83913,9.893589
05/15/2023 12:31:16.138616,849,True,True,True,True,Eyes,0.4488231,-0.007523137,-3.453361,0.1002973,0.1503973,0.9835249,0.0,0.0,0.0,0.0,0.0,0.0,0.0,-0.03922874,-0.1028254,3.477452,0.4168356,-0.004035309,-3.45413,-0.01553776,-0.05442047,0.002219159,0.9983948,358.2359,353.7546,0.3509527,0.1766647,-0.002189285,-0.9842685,-0.6333984,-0.001091157,0.1917643,0.7515981,0.3782474,-1.493846,0.5796,0.3367654,1.915,0.994067,0.006122339,0.1085973,-0.002740049,0.9995074,-0.03126718,-0.1087352,0.03078411,0.9935941,moving,5.822744,8.694126,16.83913,9.973861
05/15/2023 12:31:16.159049,850,True,True,True,True,Eyes,0.4470106,-0.007305656,-3.452713,0.1033135,0.1526551,0.9828646,0.0,0.0,0.0,0.0,0.0,0.0,0.0,-0.07074872,-0.1804456,3.468354,0.4068272,-0.002234444,-3.449859,-0.02626996,-0.04846923,-0.001383749,0.9984782,356.9852,354.442,359.9876,0.1704724,-0.002190796,-0.9853598,-0.5953945,-0.001025687,0.1802584,0.7681518,0.3943907,-1.497959,0.5795999,0.3392918,1.915,0.9952977,-0.0002167184,0.09686364,0.005309856,0.998616,-0.05232582,-0.09671824,0.0525941,0.9939213,moving,6.000594,8.828444,16.83913,10.04716
05/15/2023 12:31:16.178476,851,True,True,True,True,Eyes,0.4448967,-0.007024277,-3.451975,0.1067649,0.1543905,0.9822245,0.0,0.0,0.0,0.0,0.0,0.0,0.0,-0.1008489,-0.2033796,3.462166,0.3973249,-0.003539279,-3.446773,-0.02986416,-0.04283556,-0.0006159619,0.9986356,356.5774,355.0854,0.07623927,0.1653688,-0.002184344,-0.9862291,-0.5596708,-0.0009641461,0.1694429,0.7838318,0.4003214,-1.499149,0.5796,0.3420251,1.915,0.9963294,0.001328253,0.08559102,0.003788738,0.9982156,-0.05959404,-0.08551744,0.05969958,0.9945465,moving,6.203527,8.93292,16.83913,10.12644
05/15/2023 12:31:16.189102,852,True,True,True,True,Eyes,0.4425125,-0.006598319,-3.451103,0.1106189,0.1563454,0.9814884,0.0,0.0,0.0,0.0,0.0,0.0,0.0,-0.1300233,-0.1566049,3.459607,0.388187,-0.00162074,-3.44378,-0.02294124,-0.03737364,0.00057672,0.9990379,357.3752,355.7114,0.1644469,0.1611362,-0.002169241,-0.9869296,-0.5260906,-0.0009062974,0.1592763,0.8003166,0.4425845,-1.508395,0.5796,0.3447039,1.915,0.9972057,0.002867125,0.07464889,0.0005624648,0.9989467,-0.04588144,-0.07470182,0.04579522,0.9961538,moving,6.430401,9.050844,16.83913,10.20409
05/15/2023 12:31:16.209418,853,True,True,True,True,Eyes,0.4398631,-0.006122967,-3.450111,0.1150074,0.1587988,0.9805897,0.0,0.0,0.0,0.0,0.0,0.0,0.0,-0.1673287,-0.188584,3.451259,0.3791848,0.002217889,-3.439617,-0.02696945,-0.03070014,-0.0006719774,0.9991645,356.9082,356.4797,0.01796545,0.1575981,-0.002142485,-0.9875008,-0.4945251,-0.0008519195,0.1497197,0.8123479,0.4583613,-1.513313,0.5796001,0.347426,1.915,0.9981141,0.0003131002,0.06138522,0.002998763,0.9985445,-0.05385258,-0.06131273,0.0539351,0.9966603,moving,6.689313,9.19874,16.83913,10.28296
05/15/2023 12:31:16.228780,854,True,True,True,True,Eyes,0.4369728,-0.005601283,-3.449005,0.1198109,0.1611081,0.9796374,0.0,0.0,0.0,0.0,0.0,0.0,0.0,-0.2101294,-0.2432498,3.440547,0.3703623,0.003734693,-3.435623,-0.03466564,-0.02322418,-0.00161811,0.9991279,356.0236,357.3401,359.9068,0.1544918,-0.002104373,-0.9879916,-0.4648536,-0.0008008044,0.1407366,0.8233102,0.4373608,-1.508937,0.5795999,0.3499905,1.915,0.998916,-0.001623235,0.04652004,0.004843559,0.9975914,-0.06919566,-0.04629567,0.06934597,0.9965179,moving,6.97272,9.339088,16.83913,10.35722
05/15/2023 12:31:16.238956,855,True,True,True,True,Eyes,0.4338643,-0.005018264,-3.44778,0.1249125,0.1633675,0.9786255,0.0,0.0,0.0,0.0,0.0,0.0,0.0,-0.2537557,-0.2407679,3.432926,0.3615458,0.005384639,-3.431705,-0.03410148,-0.01562569,-0.001825466,0.9992946,356.0887,358.2134,359.8517,0.1516173,-0.002055127,-0.9884369,-0.4369624,-0.0007527561,0.1322924,0.8413353,0.4578148,-1.514425,0.5795999,0.352643,1.915,0.999505,-0.002582638,0.03135384,0.004714075,0.9976675,-0.06809779,-0.03110484,0.06821188,0.9971859,moving,7.273944,9.477315,16.83913,10.434
05/15/2023 12:31:16.258951,856,True,True,True,True,Eyes,0.4305433,-0.004405766,-3.446438,0.1302942,0.1657458,0.9775232,0.0,0.0,0.0,0.0,0.0,0.0,0.0,-0.2927002,-0.2548498,3.423695,0.3527429,0.007392719,-3.42751,-0.03597155,-0.00870805,-0.001299624,0.9993141,355.8759,359.0056,359.8868,0.1489456,-0.001994085,-0.9888431,-0.4107446,-0.0007075907,0.1243548,0.8623992,0.4901212,-1.52492,0.5796,0.3553858,1.915,0.999845,-0.001970981,0.01749765,0.003223949,0.9974087,-0.07187111,-0.01731065,0.07191638,0.9972604,moving,7.592215,9.623368,16.83913,10.51335
05/15/2023 12:31:16.279071,857,True,True,True,True,Eyes,0.4270364,-0.003772238,-3.44499,0.1358111,0.1677352,0.9764324,0.0,0.0,0.0,0.0,0.0,0.0,0.0,-0.3284234,-0.2723038,3.414022,0.344205,0.008659407,-3.423303,-0.03848453,-0.00228706,-0.0004714167,0.9992566,355.5888,359.7394,359.956,0.1464512,-0.001921579,-0.9892157,-0.3861,-0.0006651353,0.1168935,0.8829814,0.4918312,-1.528311,0.5795999,0.358153,1.915,0.9999891,-0.0007660996,0.004607004,0.001118166,0.9970374,-0.07690967,-0.004534435,0.07691399,0.9970274,moving,7.918417,9.747343,16.83913,10.59337
05/15/2023 12:31:16.288830,858,True,True,True,True,Eyes,0.4233584,-0.003083566,-3.44342,0.1415709,0.1696294,0.9752864,0.0,0.0,0.0,0.0,0.0,0.0,0.0,-0.3617012,-0.2547949,3.407104,0.3360454,0.009831667,-3.419223,-0.03595366,0.003720989,0.0009006174,0.9993462,355.8788,0.4235035,0.08803291,0.1441115,-0.001838136,-0.9895595,-0.362934,-0.0006252272,0.1098799,0.9002662,0.50383,-1.533546,0.5796,0.3607947,1.915,0.9999706,0.001532491,-0.007501873,-0.002067623,0.997413,-0.07185359,0.00737235,0.071867,0.997387,moving,8.259272,9.866625,16.83913,10.66971
05/15/2023 12:31:16.309161,859,True,True,True,True,Eyes,0.4194838,-0.002333773,-3.44176,0.1474788,0.1713555,0.9741085,0.0,0.0,0.0,0.0,0.0,0.0,0.0,-0.3979264,-0.2495844,3.398102,0.3281513,0.01183444,-3.414661,-0.03517549,0.01012645,0.002826981,0.9993258,355.9653,1.151159,0.2836161,0.1419062,-0.001743239,-0.9898783,-0.3411579,-0.0005877136,0.1032871,0.9155216,0.5178273,-1.539275,0.5796,0.3633983,1.915,0.9997789,0.004937746,-0.02043813,-0.006362557,0.9975094,-0.07024631,0.02004037,0.07036081,0.9973203,moving,8.609126,9.976831,16.83913,10.74492
05/15/2023 12:31:16.328889,860,True,True,True,True,Eyes,0.4154657,-0.001569871,-3.439985,0.1536374,0.1732609,0.9728187,0.0,0.0,0.0,0.0,0.0,0.0,0.0,-0.4331594,-0.2480568,3.38928,0.3204745,0.01403639,-3.410788,-0.03493758,0.01636759,0.004955488,0.9992432,355.9869,1.859213,0.5031389,0.1398171,-0.001636264,-0.9901758,-0.3206884,-0.0005524507,0.09708991,0.9289892,0.5136766,-1.539894,0.5796,0.3662789,1.915,0.999415,0.008759785,-0.03305668,-0.01104716,0.9975096,-0.06966007,0.03236415,0.0699845,0.9970229,moving,8.974607,10.0986,16.83913,10.82809
05/15/2023 12:31:16.338396,861,True,True,True,True,Eyes,0.4113109,-0.0008357794,-3.43812,0.1600128,0.1754454,0.9713984,0.0,0.0,0.0,0.0,0.0,0.0,0.0,-0.4715683,-0.2652344,3.377506,0.3128935,0.01507159,-3.406192,-0.03762311,0.02308753,0.006769722,0.9990024,355.671,2.622204,0.6773902,0.1378285,-0.001517987,-0.9904547,-0.3014471,-0.0005193037,0.09126452,0.9436536,0.5173404,-1.542547,0.5795999,0.3688217,1.915,0.9988422,0.01178868,-0.04663839,-0.01526318,0.9970774,-0.07485857,0.0456196,0.07548375,0.9961029,moving,9.354,10.23789,16.83913,10.90147
05/15/2023 12:31:16.359309,862,True,True,True,True,Eyes,0.4070373,-0.0001071457,-3.436166,0.1666219,0.1773123,0.9699472,0.0,0.0,0.0,0.0,0.0,0.0,0.0,-0.5068295,-0.2663175,3.367495,0.3056821,0.01503639,-3.402081,-0.03813299,0.02931147,0.008816654,0.9988039,355.6016,3.327969,0.88366,0.1359266,-0.001390357,-0.9907177,-0.2833603,-0.0004881455,0.08578864,0.9576097,0.523621,-1.546522,0.5795999,0.371412,1.915,0.9981262,0.01537675,-0.05922522,-0.01984768,0.9969363,-0.07565788,0.05788041,0.07669161,0.9953734,moving,9.74739,10.35963,16.83913,10.97618
05/15/2023 12:31:16.378442,863,True,True,True,True,Eyes,0.4026361,0.000641112,-3.434121,0.1734962,0.1793414,0.9683676,0.0,0.0,0.0,0.0,0.0,0.0,0.0,-0.5434781,-0.2431273,3.358686,0.2984453,0.01568766,-3.397931,-0.03479639,0.0358565,0.00945511,0.9987062,355.9756,4.079331,0.9414644,0.1340998,-0.001254462,-0.9909667,-0.2663587,-0.0004588567,0.08064133,0.9734715,0.5396327,-1.553703,0.5796,0.3742709,1.915,0.9972498,0.0163904,-0.07227822,-0.02138111,0.9973996,-0.06882469,0.07096221,0.07018079,0.995007,moving,10.15755,10.49228,16.83913,11.05859
05/15/2023 12:31:16.388917,864,True,True,True,True,Eyes,0.3981326,0.001404306,-3.431987,0.1805976,0.1815751,0.9666514,0.0,0.0,0.0,0.0,0.0,0.0,0.0,-0.5819628,-0.2414514,3.347412,0.2913327,0.01688967,-3.393668,-0.03454845,0.04266515,0.009941583,0.9984425,355.9953,4.859768,0.9709543,0.1323364,-0.00111048,-0.991204,-0.2503771,-0.0004313253,0.07580285,0.9875584,0.5464567,-1.558776,0.5796,0.376798,1.915,0.9961618,0.01690417,-0.08588432,-0.02280023,0.9974152,-0.06814095,0.08451045,0.06983759,0.9939722,moving,10.58246,10.63843,16.83913,11.1314
05/15/2023 12:31:16.409111,865,True,True,True,True,Eyes,0.3935579,0.002148346,-3.429757,0.1878671,0.1842772,0.9647528,0.0,0.0,0.0,0.0,0.0,0.0,0.0,-0.6212832,-0.2637234,3.333534,0.2842149,0.01766422,-3.389233,-0.03799479,0.04958139,0.0108958,0.9979877,355.5886,5.648589,1.0333,0.1306279,-0.0009588005,-0.9914308,-0.2353545,-0.0004054458,0.07125468,1.004231,0.5380423,-1.560501,0.5796002,0.3794453,1.915,0.9948459,0.01798008,-0.0997912,-0.02551541,0.9968753,-0.07475621,0.09813525,0.07691712,0.9921961,moving,11.01935,10.8138,16.83914,11.20763
05/15/2023 12:31:16.428906,866,True,True,True,True,Eyes,0.388903,0.002884975,-3.427426,0.1953289,0.1871311,0.9627193,0.0,0.0,0.0,0.0,0.0,0.0,0.0,-0.6613183,-0.2895497,3.318351,0.277396,0.01782209,-3.384578,-0.04216568,0.05656283,0.01236147,0.9974317,355.0945,6.442361,1.143845,0.1289665,-0.000800681,-0.9916484,-0.2212332,-0.000381119,0.0669794,1.021833,0.5415587,-1.566028,0.5795999,0.3821201,1.915,0.9932957,0.01988942,-0.1138776,-0.02942946,0.9961385,-0.08271638,0.1117926,0.08551317,0.9900454,moving,11.46922,10.99985,16.83913,11.28462
05/15/2023 12:31:16.438318,867,True,True,True,True,Eyes,0.3841447,0.003620324,-3.42498,0.203304,0.1906237,0.9603802,0.0,0.0,0.0,0.0,0.0,0.0,0.0,-0.7000814,-0.3070868,3.303331,0.2707538,0.01859173,-3.379757,-0.04503351,0.06336933,0.01377005,0.9968786,354.7483,7.217149,1.251343,0.1273457,-0.0006369688,-0.9918579,-0.2079592,-0.0003582519,0.06296064,1.038938,0.5589933,-1.575783,0.5795997,0.3848139,1.915,0.9915894,0.02174664,-0.1275833,-0.03316162,0.9955647,-0.08804068,0.1251028,0.09153107,0.9879126,moving,11.95255,11.22659,16.83912,11.36211
05/15/2023 12:31:16.458808,868,True,True,True,True,Eyes,0.3793132,0.004316649,-3.42242,0.2114572,0.1944724,0.9578446,0.0,0.0,0.0,0.0,0.0,0.0,0.0,-0.74282,-0.3314047,3.285775,0.2641348,0.01921154,-3.374581,-0.04889714,0.07082949,0.01456963,0.9961828,354.2905,8.070406,1.27273,0.1257591,-0.0004682747,-0.9920604,-0.1954817,-0.0003367568,0.059183,1.055791,0.5790658,-1.586694,0.5796001,0.3874542,1.915,0.9895418,0.02210131,-0.1425431,-0.03595475,0.9947936,-0.09535706,0.1396934,0.0994849,0.9851845,moving,12.44914,11.47683,16.83914,11.43802
05/15/2023 12:31:16.478465,869,True,True,True,True,Eyes,0.3744065,0.004937636,-3.41975,0.2198637,0.1987067,0.9550789,0.0,0.0,0.0,0.0,0.0,0.0,0.0,-0.7845999,-0.3673925,3.266082,0.2574358,0.01885117,-3.369159,-0.05485301,0.07812261,0.01637196,0.9952989,353.5839,8.898438,1.385023,0.1242004,-0.0002961089,-0.9922569,-0.1837528,-0.0003165514,0.05563202,1.072109,0.5950298,-1.596213,0.5796,0.3902828,1.915,0.9872577,0.02401947,-0.1573068,-0.04116051,0.9934462,-0.1066322,0.1537146,0.1117483,0.981776,moving,12.96391,11.75288,16.83913,11.51929
05/15/2023 12:31:16.488990,870,True,True,True,True,Eyes,0.3694441,0.005514655,-3.41697,0.2283016,0.2028778,0.9522179,0.0,0.0,0.0,0.0,0.0,0.0,0.0,-0.8216232,-0.3793316,3.249491,0.2507312,0.0175755,-3.363773,-0.05753462,0.08469664,0.01930763,0.9945569,353.2398,9.637467,1.653771,0.1226652,-0.0001229829,-0.9924479,-0.1727276,-0.0002975583,0.0522941,1.091063,0.6133013,-1.608027,0.5796001,0.3928114,1.915,0.9849074,0.0286591,-0.170693,-0.04815105,0.992634,-0.1111723,0.1662495,0.1177135,0.9790325,moving,13.48261,12.02749,16.83913,11.59191
05/15/2023 12:31:16.508560,871,True,True,True,True,Eyes,0.3644486,0.006077561,-3.414073,0.2369086,0.207218,0.949176,0.0,0.0,0.0,0.0,0.0,0.0,0.0,-0.8550825,-0.3743591,3.235264,0.2443462,0.0170619,-3.35831,-0.05764272,0.09071895,0.02268153,0.9939482,353.1827,10.31097,1.998684,0.1211495,4.974352e-05,-0.992634,-0.162364,-0.0002797048,0.04915646,1.107735,0.6396676,-1.622405,0.5795999,0.3954887,1.915,0.9825112,0.03462995,-0.1829547,-0.0555471,0.9923257,-0.1104725,0.177725,0.118703,0.9768947,moving,14.01435,12.31522,16.83913,11.66876
05/15/2023 12:31:16.528695,872,True,True,True,True,Eyes,0.3594157,0.006591385,-3.411049,0.2455326,0.2117911,0.9459695,0.0,0.0,0.0,0.0,0.0,0.0,0.0,-0.8926207,-0.3821273,3.217633,0.2382304,0.01718814,-3.352448,-0.05973407,0.09730068,0.02655918,0.9931058,352.8878,11.04388,2.375403,0.1196503,0.0002217895,-0.9928159,-0.1526221,-0.0002629225,0.04620707,1.120782,0.6547867,-1.632119,0.5795999,0.3981116,1.915,0.9796544,0.04112782,-0.1964327,-0.06437647,0.9914529,-0.1134761,0.1900867,0.1238129,0.9739288,moving,14.55042,12.61972,16.83913,11.74401
05/15/2023 12:31:16.538787,873,True,True,True,True,Eyes,0.2329637,0.01795949,-3.332579,0.4538122,0.3192112,0.8319608,0.0,0.0,0.0,0.0,0.0,0.0,0.0,-0.9306105,-0.3969119,3.198158,0.2322173,0.01641062,-3.346281,-0.06327333,0.1038819,0.03147698,0.9920759,352.41,11.76633,2.851356,0.1181655,0.0003917544,-0.9929936,-0.1434648,-0.0002471471,0.04343465,1.13189,0.662174,-1.637875,0.5795999,0.4008002,1.915,0.9764355,0.04930918,-0.2101008,-0.075601,0.9900113,-0.1190041,0.2021342,0.1320837,0.97041,moving,28.61128,20.99108,16.83913,11.82109
05/15/2023 12:31:16.559484,874,True,True,True,True,Eyes,0.2327238,0.01791125,-3.332325,0.4540273,0.3193673,0.8317835,0.0,0.0,0.0,0.0,0.0,0.0,0.0,-0.9625755,-0.3993094,3.181566,0.2260763,0.01534549,-3.340212,-0.06493278,0.10964,0.03608743,0.9911915,352.1468,12.39648,3.316018,0.1124496,0.0009545348,-0.9936567,-0.5142131,0.033872,0.2762385,1.144252,0.6755021,-1.646708,0.5795999,0.4008002,1.915,0.9733535,0.05730063,-0.222035,-0.08577756,0.9889628,-0.1208084,0.212662,0.1366349,0.9675256,static,28.62783,21.00454,16.83913,11.82109
05/15/2023 12:31:16.579133,875,True,True,True,True,Eyes,0.2322405,0.01783076,-3.33181,0.4545389,0.3194271,0.8314811,0.0,0.0,0.0,0.0,0.0,0.0,0.0,-0.9854052,-0.3945674,3.167992,0.2200292,0.01408276,-3.333807,-0.06541245,0.1140744,0.04017457,0.9905021,352.0246,12.87835,3.74372,0.1077057,0.001429845,-0.9941815,-0.4833603,0.03183968,0.2596642,1.154945,0.6947271,-1.657417,0.5795999,0.4008001,1.915,0.970746,0.06466223,-0.2312377,-0.09450977,0.9882144,-0.1204165,0.2207261,0.1387481,0.9654165,static,28.66374,21.01509,16.83913,11.82109
05/15/2023 12:31:16.588909,876,True,True,True,True,Eyes,0.2315469,0.01772199,-3.331033,0.4551812,0.3195698,0.8310747,0.0,0.0,0.0,0.0,0.0,0.0,0.0,-0.9998239,-0.3882751,3.156753,0.2141235,0.01324095,-3.327082,-0.06531356,0.1173056,0.04299515,0.9900126,351.9863,13.23154,4.042511,0.1037491,0.001831478,-0.9946016,-0.4543587,0.0299293,0.2440844,1.1631,0.7065891,-1.664512,0.5795996,0.4008,1.915,0.9687817,0.0698082,-0.2378844,-0.1004548,0.9877712,-0.1192354,0.2266517,0.1394096,0.9639471,static,28.7096,21.03305,16.83912,11.82109
05/15/2023 12:31:16.608677,877,True,True,True,True,Eyes,0.2306565,0.0175632,-3.329999,0.4560818,0.3196993,0.830531,0.0,0.0,0.0,0.0,0.0,0.0,0.0,-1.010698,-0.3874762,3.145525,0.2083529,0.01246355,-3.320002,-0.06580165,0.1200459,0.04457294,0.989582,351.8981,13.53626,4.194864,0.1003137,0.00217921,-0.9949532,-0.4270971,0.02813354,0.2294393,1.167485,0.71334,-1.667323,0.5795999,0.4008,1.915,0.9672045,0.0724187,-0.2434565,-0.1040156,0.9873668,-0.1195307,0.2317246,0.1409339,0.9625182,static,28.77316,21.05339,16.83913,11.82109
05/15/2023 12:31:16.628752,878,True,True,True,True,Eyes,0.2295846,0.01735628,-3.328701,0.457091,0.3198989,0.829899,0.0,0.0,0.0,0.0,0.0,0.0,0.0,-1.019436,-0.393793,3.133963,0.2028511,0.01110606,-3.31282,-0.06739237,0.1224144,0.04576402,0.9891304,351.6903,13.79821,4.290826,0.09719639,0.002487584,-0.9952618,-0.4014713,0.02644552,0.2156729,1.169405,0.71657,-1.66679,0.5795997,0.4008,1.915,0.9658408,0.07403356,-0.2483358,-0.1070327,0.9867278,-0.1221153,0.2359992,0.144524,0.960946,static,28.84505,21.08002,16.83912,11.82109
05/15/2023 12:31:16.638849,879,True,True,True,True,Eyes,0.2283594,0.01710638,-3.327148,0.458381,0.319988,0.8291529,0.0,0.0,0.0,0.0,0.0,0.0,0.0,-1.027206,-0.3963043,3.122622,0.1973868,0.009689614,-3.305136,-0.0682616,0.1247345,0.04613665,0.9887634,351.5759,14.06301,4.30218,0.09436088,0.002759099,-0.9955339,-0.377383,0.02485879,0.2027326,1.171008,0.7200625,-1.665795,0.5795997,0.4008002,1.915,0.9646254,0.07420731,-0.2529646,-0.1082656,0.9864236,-0.1234795,0.2403671,0.1464988,0.9595633,static,28.93516,21.10268,16.83913,11.8211
05/15/2023 12:31:16.659057,880,True,True,True,True,Eyes,0.2269792,0.01681034,-3.325337,0.4597755,0.3202035,0.8282971,0.0,0.0,0.0,0.0,0.0,0.0,0.0,-1.036009,-0.3998879,3.110621,0.1920705,0.008352846,-3.297306,-0.06922452,0.1272356,0.04608848,0.9883801,351.456,14.35235,4.261861,0.09177475,0.002996229,-0.995775,-0.3547401,0.02336727,0.1905686,1.171692,0.72626,-1.665488,0.5795999,0.4008001,1.915,0.9633739,0.0734902,-0.2578952,-0.1087215,0.9861676,-0.1251121,0.2451334,0.1485685,0.9580382,static,29.03401,21.13552,16.83913,11.82109
05/15/2023 12:31:16.678667,881,True,True,True,True,Eyes,0.2254885,0.01646647,-3.323267,0.4613066,0.3210275,0.8271261,0.0,0.0,0.0,0.0,0.0,0.0,0.0,-1.046344,-0.4054097,3.097604,0.1869382,0.006916344,-3.289277,-0.07068469,0.129904,0.04685526,0.9878933,351.2669,14.65343,4.305934,0.08940912,0.003201052,-0.9959896,-0.3334557,0.02196523,0.1791345,1.173394,0.728604,-1.663681,0.5795999,0.4008,1.915,0.961859,0.07421153,-0.2632865,-0.1109404,0.9856166,-0.1274845,0.2500387,0.1518312,0.9562573,static,29.14938,21.21243,16.83913,11.82109
05/15/2023 12:31:16.688917,882,True,True,True,True,Eyes,0.2238677,0.01606413,-3.32094,0.4629556,0.3218908,0.8258683,0.0,0.0,0.0,0.0,0.0,0.0,0.0,-1.058315,-0.4096536,3.083523,0.181913,0.005331203,-3.280676,-0.07205772,0.1328446,0.04787854,0.987354,351.0824,14.98431,4.377285,0.08723975,0.003375354,-0.9961814,-0.3134483,0.02064732,0.1683864,1.176297,0.7307124,-1.662284,0.5795997,0.4008001,1.915,0.9601199,0.07540116,-0.2692294,-0.1136911,0.9850307,-0.1295721,0.2554293,0.1550138,0.95432,static,29.27361,21.29387,16.83913,11.82109
05/15/2023 12:31:16.708912,883,True,True,True,True,Eyes,0.2221309,0.01562042,-3.31835,0.4649388,0.3231389,0.8242653,0.0,0.0,0.0,0.0,0.0,0.0,0.0,-1.071152,-0.4074531,3.069983,0.1771295,0.003503174,-3.272124,-0.07250386,0.1359352,0.04902054,0.9868445,351.0004,15.33373,4.473606,0.0852433,0.003520487,-0.9963537,-0.2946414,0.01940848,0.1582832,1.178791,0.7357212,-1.661742,0.5795999,0.4008,1.915,0.9582372,0.07703964,-0.2754022,-0.1164629,0.9846803,-0.1297728,0.2611855,0.1564273,0.9525296,static,29.4258,21.4068,16.83913,11.82109
05/15/2023 12:31:16.730025,884,True,True,True,True,Eyes,0.2202825,0.01513902,-3.315508,0.4670354,0.3243696,0.8225948,0.0,0.0,0.0,0.0,0.0,0.0,0.0,-1.084756,-0.4007857,3.05622,0.1723627,0.002043664,-3.263141,-0.07217675,0.1392268,0.04996091,0.9863622,351.008,15.7102,4.556233,0.08339938,0.003638158,-0.9965093,-0.2769629,0.01824397,0.1487862,1.181978,0.7406853,-1.661131,0.5795999,0.4008,1.915,0.9562396,0.07846121,-0.2818682,-0.118657,0.9845889,-0.128473,0.2674441,0.1562966,0.9508128,static,29.58612,21.52055,16.83913,11.82109
05/15/2023 12:31:16.738814,885,True,True,True,True,Eyes,0.2183326,0.01463037,-3.312405,0.4694625,0.3259122,0.8206012,0.0,0.0,0.0,0.0,0.0,0.0,0.0,-1.099099,-0.3940026,3.042136,0.1677928,0.0006435513,-3.254181,-0.07191671,0.1425996,0.05132701,0.9858292,351.0001,16.09243,4.685972,0.08168995,0.003729989,-0.9966506,-0.2603451,0.01714933,0.1398591,1.186015,0.7423736,-1.659666,0.5795999,0.4008001,1.915,0.9540618,0.08068871,-0.2885402,-0.1217099,0.984387,-0.1271567,0.2737752,0.1564336,0.9489867,static,29.77369,21.66113,16.83913,11.82109
05/15/2023 12:31:16.758625,886,True,True,True,True,Eyes,0.2163021,0.01409316,-3.309053,0.4720028,0.3274388,0.8185335,0.0,0.0,0.0,0.0,0.0,0.0,0.0,-1.113903,-0.3879206,3.027211,0.1634683,-0.0005186647,-3.244772,-0.07183465,0.1460195,0.053109,0.9852399,350.9638,16.47626,4.860105,0.080099,0.003797753,-0.9967794,-0.2447244,0.01612037,0.1314675,1.191197,0.741451,-1.657197,0.5795999,0.4008,1.915,0.9517155,0.08367169,-0.2953585,-0.1256287,0.9840385,-0.1260388,0.2800983,0.1570586,0.9470362,static,29.96966,21.80294,16.83913,11.82109
05/15/2023 12:31:16.778487,887,True,True,True,True,Eyes,0.2142238,0.01352559,-3.305459,0.4748641,0.3291846,0.8161751,0.0,0.0,0.0,0.0,0.0,0.0,0.0,-1.130091,-0.3828287,3.011568,0.1594606,-0.001756787,-3.235394,-0.07182179,0.149677,0.05427803,0.9846281,350.9275,16.89334,4.960501,0.0786129,0.003842992,-0.9968976,-0.230041,0.01515315,0.1235795,1.196265,0.7415234,-1.655074,0.5795999,0.4008001,1.915,0.9493014,0.08538723,-0.302549,-0.1283875,0.983791,-0.1251871,0.2869556,0.1576838,0.9448769,static,30.19155,21.9655,16.83913,11.82109
05/15/2023 12:31:16.788627,888,True,True,True,True,Eyes,0.2120675,0.01291912,-3.301622,0.477847,0.330748,0.8137985,0.0,0.0,0.0,0.0,0.0,0.0,0.0,-1.146061,-0.3800366,2.995184,0.1553556,-0.003089681,-3.225657,-0.07197629,0.1534197,0.05435842,0.9840361,350.8898,17.32992,4.932422,0.07721954,0.003867057,-0.9970064,-0.2162385,0.01424396,0.1161647,1.201119,0.7431474,-1.652904,0.5796,0.4008001,1.915,0.9470152,0.08489612,-0.309766,-0.1290664,0.9837292,-0.1249752,0.2941159,0.1583338,0.9425637,static,30.42064,22.11805,16.83913,11.82109
05/15/2023 12:31:16.808595,889,True,True,True,True,Eyes,0.2098288,0.01233088,-3.297546,0.4810398,0.332299,0.8112818,0.0,0.0,0.0,0.0,0.0,0.0,0.0,-1.158017,-0.3696113,2.981216,0.1512801,-0.004594132,-3.215954,-0.07068504,0.1566516,0.05342718,0.9836715,351.0368,17.71912,4.817911,0.07590865,0.003870868,-0.997107,-0.2032642,0.01338932,0.1091948,1.207738,0.7440016,-1.651487,0.5795999,0.4008,1.915,0.9452116,0.08296373,-0.3157403,-0.1272554,0.9842983,-0.1223228,0.3006344,0.1558006,0.9409278,static,30.66531,22.27389,16.83913,11.82109
05/15/2023 12:31:16.828763,890,True,True,True,True,Eyes,0.2075193,0.01179121,-3.293232,0.4842928,0.3337643,0.8087409,0.0,0.0,0.0,0.0,0.0,0.0,0.0,-1.164239,-0.356642,2.969512,0.1470126,-0.004650891,-3.20609,-0.06848139,0.1590688,0.05152908,0.9835407,351.3092,18.02284,4.617287,0.07466882,0.003856994,-0.9972007,-0.1910683,0.01258596,0.1026431,1.215748,0.7436041,-1.650279,0.5796,0.4008002,1.915,0.9440838,0.0795754,-0.3199588,-0.1231484,0.9853101,-0.1183151,0.3058437,0.1511018,0.9400148,static,30.91416,22.42576,16.83913,11.82109
05/15/2023 12:31:16.838368,891,True,True,True,True,Eyes,0.2051229,0.01129817,-3.288667,0.4871166,0.3356912,0.8062436,0.0,0.0,0.0,0.0,0.0,0.0,0.0,-1.169951,-0.36341,2.955375,0.1429658,-0.003999978,-3.196035,-0.06924552,0.1612742,0.04928285,0.9832432,351.2533,18.29861,4.327456,0.07349142,0.003828655,-0.9972883,-0.1796042,0.0118308,0.09648453,1.223835,0.7363566,-1.646107,0.5796,0.4008001,1.915,0.9431237,0.07457902,-0.3239686,-0.1192491,0.9855525,-0.1202743,0.3103182,0.1520664,0.9383914,static,31.13955,22.60511,16.83913,11.82109
05/15/2023 12:31:16.858481,892,True,True,True,True,Eyes,0.2026698,0.01086055,-3.283868,0.489994,0.33761,0.8036948,0.0,0.0,0.0,0.0,0.0,0.0,0.0,-1.173994,-0.3823224,2.939845,0.1388926,-0.003367916,-3.185564,-0.07203266,0.1631538,0.04734788,0.9828277,350.9648,18.53153,4.039192,0.07236785,0.003788692,-0.9973706,-0.168828,0.01112096,0.09069546,1.230536,0.7257434,-1.638831,0.5795999,0.4008,1.915,0.9422781,0.06956483,-0.3275253,-0.1165744,0.985139,-0.1261414,0.3138829,0.1570414,0.9363843,static,31.36969,22.78593,16.83913,11.82109
05/15/2023 12:31:16.878646,893,True,True,True,True,Eyes,0.2001704,0.01056851,-3.278849,0.4925939,0.339705,0.8012189,0.0,0.0,0.0,0.0,0.0,0.0,0.0,-1.17879,-0.3969467,2.924437,0.135043,-0.002475649,-3.175091,-0.07408851,0.1651843,0.04528681,0.9824328,350.762,18.78581,3.747156,0.07129145,0.00373994,-0.9974483,-0.1586983,0.0104537,0.08525373,1.236064,0.7254428,-1.634994,0.5796001,0.4008,1.915,0.9413264,0.06450597,-0.3312754,-0.113459,0.98492,-0.1306126,0.3178545,0.1605353,0.9344501,static,31.58344,22.97623,16.83914,11.82109
05/15/2023 12:31:16.888987,894,True,True,True,True,Eyes,0.1976317,0.0103625,-3.27359,0.4953036,0.342186,0.798488,0.0,0.0,0.0,0.0,0.0,0.0,0.0,-1.185592,-0.4081973,2.908525,0.1309338,0.0007085204,-3.16459,-0.07504941,0.1677027,0.04223349,0.9820692,350.7018,19.10821,3.356572,0.07025669,0.003687714,-0.9975218,-0.1491764,0.009826477,0.0801385,1.239399,0.7325298,-1.632779,0.5795999,0.4008,1.915,0.9401842,0.05778043,-0.3357305,-0.1081244,0.9851678,-0.1332421,0.3230521,0.1615727,0.9324868,static,31.81141,23.19719,16.83913,11.82109
05/15/2023 12:31:16.908650,895,True,True,True,True,Eyes,0.1950835,0.01015942,-3.268114,0.4978433,0.3451493,0.7956281,0.0,0.0,0.0,0.0,0.0,0.0,0.0,-1.199253,-0.4565963,2.883394,0.1274137,0.002474993,-3.153475,-0.0827435,0.1710656,0.0407404,0.9809334,349.8474,19.51765,3.005924,0.06925748,0.003634931,-0.997592,-0.1402258,0.009236888,0.07533019,1.243853,0.7370931,-1.629976,0.5795999,0.4008002,1.915,0.9381535,0.0516181,-0.3423499,-0.1082364,0.9829875,-0.1483932,0.3288659,0.1762703,0.9277802,static,32.03519,23.45156,16.83913,11.8211
05/15/2023 12:31:16.928964,896,True,True,True,True,Eyes,0.19249,0.009997617,-3.262446,0.5005586,0.3476091,0.7928486,0.0,0.0,0.0,0.0,0.0,0.0,0.0,-1.214012,-0.4819568,2.860797,0.1238587,0.002175257,-3.142439,-0.08754006,0.1745985,0.04141064,0.979866,349.2797,19.9296,2.951096,0.06829141,0.003581804,-0.9976587,-0.1318123,0.008682675,0.07081038,1.251173,0.7384652,-1.62687,0.5795997,0.4008001,1.915,0.935601,0.05058503,-0.3494165,-0.1117225,0.9812438,-0.1570946,0.3349161,0.1860155,0.9237041,static,32.26594,23.67412,16.83913,11.82109
05/15/2023 12:31:16.939148,897,True,True,True,True,Eyes,0.1898823,0.009906968,-3.256593,0.5031671,0.3499028,0.790184,0.0,0.0,0.0,0.0,0.0,0.0,0.0,-1.228319,-0.4477732,2.849411,0.1201134,0.002928704,-3.132727,-0.08206346,0.1784082,0.04087067,0.9796764,349.8995,20.38056,2.957669,0.06735327,0.003529596,-0.9977227,-0.1239035,0.008161714,0.06656175,1.257564,0.7639318,-1.634678,0.5795997,0.4008,1.915,0.9330001,0.05079847,-0.3562725,-0.1093616,0.9831904,-0.1462079,0.3428566,0.1753746,0.9228722,static,32.48784,23.88433,16.83912,11.82109
05/15/2023 12:31:16.958857,898,True,True,True,True,Eyes,0.1872521,0.009853173,-3.250599,0.5057868,0.3521694,0.7875001,0.0,0.0,0.0,0.0,0.0,0.0,0.0,-1.244541,-0.4299715,2.833445,0.1168267,0.00450781,-3.122259,-0.07963994,0.1822975,0.04241524,0.9790946,350.1299,20.82278,3.143235,0.0664399,0.003480394,-0.9977841,-0.1164693,0.007672011,0.06256805,1.262719,0.7809967,-1.639031,0.5795998,0.4008002,1.915,0.9299371,0.05402071,-0.3637289,-0.1120934,0.9837168,-0.1404857,0.3502171,0.1714144,0.9208502,static,32.71138,24.09415,16.83913,11.82109
05/15/2023 12:31:16.978964,899,True,True,True,True,Eyes,0.1846174,0.009840362,-3.24445,0.5082029,0.3542372,0.7850132,0.0,0.0,0.0,0.0,0.0,0.0,0.0,-1.261409,-0.4136364,2.817165,0.1136409,0.005448207,-3.112189,-0.07823514,0.1860538,0.04694802,0.9782941,350.1806,21.22232,3.651004,0.06554732,0.003434992,-0.9978433,-0.1094811,0.007211691,0.05881396,1.273618,0.7622765,-1.630522,0.5795999,0.4008,1.915,0.9263597,0.06274604,-0.3713766,-0.1209698,0.9833503,-0.1356042,0.3566847,0.1705437,0.9185265,static,32.91827,24.28728,16.83913,11.82109
05/15/2023 12:31:16.989140,900,True,True,True,True,Eyes,0.1819815,0.00989216,-3.238173,0.5106232,0.3560375,0.7826246,0.0,0.0,0.0,0.0,0.0,0.0,0.0,-1.274462,-0.3745567,2.805634,0.1107526,0.006354362,-3.102228,-0.0731449,0.189251,0.05204661,0.9778166,350.6338,21.55471,4.306955,0.06467461,0.003394347,-0.9979004,-0.1029123,0.006778989,0.05528513,1.281557,0.7583507,-1.625955,0.5795999,0.4008002,1.915,0.9229504,0.07409857,-0.3777194,-0.1294696,0.983882,-0.1233448,0.3624916,0.1627443,0.9176677,static,33.12243,24.4621,16.83913,11.82109
05/15/2023 12:31:17.008738,901,True,True,True,True,Eyes,0.1793463,0.0100122,-3.23176,0.5129244,0.3577216,0.7803485,0.0,0.0,0.0,0.0,0.0,0.0,0.0,-1.283707,-0.3430303,2.794981,0.1080697,0.007961631,-3.092855,-0.06869921,0.1918723,0.05530863,0.977449,351.0528,21.84013,4.747622,0.06381877,0.003359943,-0.9979557,-0.09673754,0.00637225,0.05196802,1.285125,0.7625338,-1.622811,0.5795999,0.4008001,1.915,0.920252,0.08175977,-0.3826901,-0.1344857,0.9844428,-0.1130756,0.3674915,0.1555243,0.9169309,static,33.31699,24.62732,16.83913,11.82109
05/15/2023 12:31:17.028576,902,True,True,True,True,Eyes,0.1767131,0.01017855,-3.225224,0.5153458,0.3592794,0.7780341,0.0,0.0,0.0,0.0,0.0,0.0,0.0,-1.293231,-0.3303807,2.781353,0.1056224,0.009746552,-3.083225,-0.0668234,0.1945858,0.0562135,0.9769908,351.2312,22.15492,4.866012,0.06297798,0.003333287,-0.9980091,-0.09093329,0.005989915,0.04884994,1.287974,0.7552972,-1.613257,0.5795997,0.4008,1.915,0.9179528,0.08383437,-0.3877298,-0.1358459,0.9847494,-0.108695,0.3727043,0.1524484,0.915342,static,33.51926,24.78648,16.83913,11.82109
05/15/2023 12:31:17.038525,903,True,True,True,True,Eyes,0.1741034,0.01037759,-3.21858,0.5176905,0.3605839,0.775871,0.0,0.0,0.0,0.0,0.0,0.0,0.0,-1.302685,-0.330182,2.766274,0.1029977,0.01105557,-3.073687,-0.0665548,0.1974022,0.0548081,0.9765239,351.279,22.49884,4.686944,0.06215188,0.0033151,-0.998061,0.0,0.0,0.0,1.291292,0.7477434,-1.60406,0.5795999,0.4008002,1.915,0.9160569,0.08076669,-0.3928314,-0.1333189,0.9851331,-0.1083462,0.3782404,0.1516232,0.9132057,static,33.71272,24.92652,16.83913,11.82109
05/15/2023 12:31:17.059148,904,True,True,True,True,Eyes,0.1714886,0.01059387,-3.211819,0.5200756,0.3618291,0.7736932,0.0,0.0,0.0,0.0,0.0,0.0,0.0,-1.308477,-0.3344551,2.752223,0.1001133,0.01200961,-3.064072,-0.06695595,0.1996396,0.05302001,0.9761403,351.2637,22.77692,4.455053,0.06133863,0.003305559,-0.9981113,0.0,0.0,0.0,1.296949,0.7449633,-1.598638,0.5796,0.4008001,1.915,0.9146658,0.07677582,-0.3968525,-0.130244,0.9854116,-0.109547,0.3826525,0.1518866,0.9113218,static,33.90894,25.06384,16.83913,11.82109
05/15/2023 12:31:17.079007,905,True,True,True,True,Eyes,0.1688973,0.01083984,-3.204961,0.5223767,0.3629172,0.7716306,0.0,0.0,0.0,0.0,0.0,0.0,0.0,-1.311649,-0.3383126,2.739429,0.09735679,0.01265886,-3.054458,-0.0674392,0.2013768,0.05177884,0.9758168,351.2299,22.99163,4.287783,0.06053779,0.003304384,-0.9981602,0.0,0.0,0.0,1.30484,0.7430677,-1.596009,0.5795998,0.4008002,1.915,0.9135327,0.07389193,-0.3999975,-0.1282147,0.9855418,-0.1107625,0.3860298,0.1524707,0.9097987,static,34.09712,25.18878,16.83913,11.82109
05/15/2023 12:31:17.088687,906,True,True,True,True,Eyes,0.16631,0.01111004,-3.198005,0.5247148,0.3639407,0.7695593,0.0,0.0,0.0,0.0,0.0,0.0,0.0,-1.314474,-0.3398127,2.727213,0.09469598,0.0135785,-3.044972,-0.06766231,0.2029984,0.05132199,0.9754894,351.2082,23.18657,4.216264,0.05974664,0.003311706,-0.9982079,0.0,0.0,0.0,1.310831,0.7423247,-1.592813,0.5796,0.4008001,1.915,0.9123155,0.07265744,-0.4029906,-0.1275988,0.9855758,-0.1111712,0.3891003,0.1528443,0.908427,static,34.28765,25.31045,16.83913,11.82109
05/15/2023 12:31:17.108661,907,True,True,True,True,Eyes,0.1637495,0.01139442,-3.190956,0.5269908,0.3649765,0.7675108,0.0,0.0,0.0,0.0,0.0,0.0,0.0,-1.31973,-0.3375235,2.714417,0.09218697,0.01443823,-3.035615,-0.06736185,0.2050326,0.05120371,0.975091,351.236,23.42789,4.19132,0.05896615,0.003327465,-0.9982542,0.0,0.0,0.0,1.314699,0.7424732,-1.588425,0.5795998,0.4008001,1.915,0.9106796,0.07223377,-0.4067492,-0.1274793,0.9856811,-0.110371,0.3929525,0.1523647,0.906848,static,34.4744,25.43262,16.83913,11.82109
05/15/2023 12:31:17.128816,908,True,True,True,True,Eyes,0.16119,0.01169592,-3.183825,0.5292674,0.3659381,0.7654837,0.0,0.0,0.0,0.0,0.0,0.0,0.0,-1.327747,-0.3412875,2.699237,0.08974828,0.01499702,-3.026051,-0.06841332,0.2074736,0.05201399,0.9744584,351.0881,23.70864,4.236575,0.0581958,0.003351304,-0.9982994,0.0,0.0,0.0,1.317459,0.7434064,-1.583465,0.5795999,0.4008002,1.915,0.9084985,0.07298301,-0.4114656,-0.1297588,0.9852283,-0.1117488,0.3972318,0.1549149,0.9045487,static,34.66059,25.55005,16.83913,11.82109
05/15/2023 12:31:17.138436,909,True,True,True,True,Eyes,0.1586801,0.01203847,-3.176612,0.5314752,0.3669119,0.7634853,0.0,0.0,0.0,0.0,0.0,0.0,0.0,-1.333068,-0.3347003,2.687001,0.0872502,0.01554669,-3.016822,-0.06773769,0.209478,0.05315955,0.9740148,351.1281,23.93636,4.363715,0.05743345,0.00338303,-0.9983434,0.0,0.0,0.0,1.321427,0.7431445,-1.57899,0.5796,0.4008002,1.915,0.9065861,0.07517724,-0.4152712,-0.1319355,0.9851713,-0.1096835,0.4008676,0.1542265,0.9030612,static,34.84244,25.66777,16.83913,11.82109
05/15/2023 12:31:17.158511,910,True,True,True,True,Eyes,0.1561983,0.01234729,-3.169311,0.5336462,0.3680921,0.7614,0.0,0.0,0.0,0.0,0.0,0.0,0.0,-1.339417,-0.3342319,2.673164,0.08506077,0.01694037,-3.007329,-0.06792444,0.2116241,0.05402979,0.9734898,351.0765,24.1826,4.438134,0.05668008,0.003423189,-0.9983863,0.0,0.0,0.0,1.325005,0.7488396,-1.577115,0.5795997,0.4008001,1.915,0.9045922,0.076446,-0.4193676,-0.1339438,0.9849341,-0.1093795,0.4046878,0.1551155,0.901203,static,35.02565,25.80103,16.83913,11.82109
05/15/2023 12:31:17.178835,911,True,True,True,True,Eyes,0.1537561,0.0126332,-3.161948,0.535944,0.3689342,0.7593758,0.0,0.0,0.0,0.0,0.0,0.0,0.0,-1.3465,-0.3438672,2.657607,0.08325587,0.016357,-2.99783,-0.07051253,0.2137049,0.0560927,0.9727343,350.7261,24.40897,4.590575,0.05593579,0.003469922,-0.9984281,0.0,0.0,0.0,1.327489,0.7493199,-1.572112,0.5796,0.4008,1.915,0.9023677,0.07898882,-0.4236666,-0.1392643,0.9837632,-0.1132053,0.4078456,0.1611545,0.8987164,static,35.21326,25.91228,16.83913,11.82109
05/15/2023 12:31:17.188708,912,True,True,True,True,Eyes,0.1513371,0.01291846,-3.154507,0.5383536,0.3696101,0.75734,0.0,0.0,0.0,0.0,0.0,0.0,0.0,-1.353722,-0.3214857,2.646353,0.08119361,0.01613007,-2.988688,-0.06687626,0.2162659,0.05568826,0.9724483,351.1323,24.71877,4.608232,0.05519904,0.003522018,-0.9984689,0.0,0.0,0.0,1.330655,0.7530563,-1.56843,0.5795999,0.4008002,1.915,0.9002557,0.07938178,-0.4280632,-0.137234,0.9848528,-0.1059805,0.4131663,0.1541543,0.8975133,static,35.40704,26.0141,16.83913,11.82109
05/15/2023 12:31:17.209047,913,True,True,True,True,Eyes,0.1489315,0.01319003,-3.14699,0.5408903,0.3702099,0.7552365,0.0,0.0,0.0,0.0,0.0,0.0,0.0,-1.361948,-0.3125703,2.632508,0.07929938,0.01644929,-2.979285,-0.06532305,0.2189621,0.05463799,0.9720098,351.3199,25.04801,4.502926,0.05447155,0.003578848,-0.9985087,0.0,0.0,0.0,1.331475,0.765042,-1.567718,0.5796,0.4008,1.915,0.8981406,0.0776108,-0.4328048,-0.1348239,0.9854952,-0.103062,0.4185283,0.1509166,0.895577,static,35.60973,26.11366,16.83913,11.82109
05/15/2023 12:31:17.228501,914,True,True,True,True,Eyes,0.1465475,0.01344004,-3.139401,0.5435356,0.3707027,0.7530926,0.0,0.0,0.0,0.0,0.0,0.0,0.0,-1.371421,-0.3125552,2.616925,0.07728444,0.0164452,-2.96994,-0.06548629,0.2218308,0.05399753,0.971384,351.3046,25.39286,4.400796,0.05375174,0.003639628,-0.9985475,0.0,0.0,0.0,1.339192,0.7520744,-1.560532,0.5795999,0.4008002,1.915,0.8957507,0.07585093,-0.438038,-0.1339584,0.9855916,-0.103268,0.4238936,0.1511813,0.8930053,static,35.81942,26.20828,16.83913,11.82109
05/15/2023 12:31:17.238859,915,True,True,True,True,Eyes,0.1441953,0.01366883,-3.131739,0.5465456,0.3709161,0.7508057,0.0,0.0,0.0,0.0,0.0,0.0,0.0,-1.380768,-0.3072758,2.601906,0.07538933,0.01621764,-2.960559,-0.06466454,0.2247493,0.05296656,0.9708248,351.4099,25.74759,4.278979,0.05304045,0.003703234,-0.9985853,0.0,0.0,0.0,1.347306,0.7454243,-1.556416,0.5795999,0.4008,1.915,0.8933646,0.07377589,-0.4432345,-0.1319091,0.9860261,-0.1017475,0.4295343,0.1493642,0.8906125,static,36.05258,26.29048,16.83913,11.82109
05/15/2023 12:31:17.258711,916,True,True,True,True,Eyes,0.1418745,0.01385121,-3.12401,0.5497065,0.3710199,0.7484431,0.0,0.0,0.0,0.0,0.0,0.0,0.0,-1.392887,-0.3063032,2.584564,0.07368401,0.01599059,-2.950974,-0.06472478,0.2281384,0.05227407,0.9700676,351.4063,26.15502,4.16923,0.05233688,0.003768825,-0.9986221,0.0,0.0,0.0,1.354527,0.7449458,-1.555111,0.5796,0.4008001,1.915,0.8904407,0.07188633,-0.449386,-0.1309512,0.9861563,-0.1017234,0.4358523,0.1494263,0.8875272,static,36.29604,26.36864,16.83913,11.82109
05/15/2023 12:31:17.278995,917,True,True,True,True,Eyes,0.1395638,0.01398798,-3.116208,0.5532333,0.370785,0.7459567,0.0,0.0,0.0,0.0,0.0,0.0,0.0,-1.40771,-0.2973521,2.566703,0.07208271,0.01510094,-2.941531,-0.06348325,0.2321054,0.05143135,0.9692534,351.5505,26.63296,4.071486,0.05164011,0.00383486,-0.9986582,0.0,0.0,0.0,1.362872,0.7402101,-1.552715,0.5795999,0.4008002,1.915,0.8869638,0.07023039,-0.4564679,-0.1291696,0.9866494,-0.09918769,0.4434078,0.1469377,0.8841939,static,36.56221,26.43011,16.83913,11.82109
05/15/2023 12:31:17.289156,918,True,True,True,True,Eyes,0.1372804,0.01407136,-3.108345,0.5569555,0.3703952,0.7433761,0.0,0.0,0.0,0.0,0.0,0.0,0.0,-1.425189,-0.2842119,2.547581,0.07032065,0.01425166,-2.932058,-0.0613764,0.2367007,0.05008671,0.9683477,351.8029,27.18964,3.936357,0.05095093,0.003899749,-0.9986933,0.0,0.0,0.0,1.371955,0.7390586,-1.552594,0.5795998,0.4008001,1.915,0.8829282,0.06794702,-0.4645654,-0.1260584,0.9874485,-0.09515625,0.4522688,0.1425785,0.8804114,static,36.84145,26.48528,16.83913,11.82109
05/15/2023 12:31:17.308777,919,True,True,True,True,Eyes,0.1350297,0.01410261,-3.100435,0.5608298,0.3698159,0.740747,0.0,0.0,0.0,0.0,0.0,0.0,0.0,-1.443615,-0.2711489,2.527637,0.068648,0.01311517,-2.922604,-0.05934926,0.2414933,0.04883929,0.9673539,352.044,27.76889,3.810949,0.05026842,0.003962005,-0.9987277,0.0,0.0,0.0,1.383521,0.7326412,-1.552623,0.5795997,0.4008001,1.915,0.8785914,0.06582484,-0.4730161,-0.1231546,0.9881848,-0.09123474,0.4614218,0.1384122,0.8763173,static,37.12987,26.53053,16.83913,11.82109
05/15/2023 12:31:17.329092,920,True,True,True,True,Eyes,0.1328051,0.0140788,-3.092465,0.5648869,0.3691042,0.738014,0.0,0.0,0.0,0.0,0.0,0.0,0.0,-1.460784,-0.2590322,2.508059,0.06673371,0.01194981,-2.913203,-0.05743662,0.2461206,0.04753238,0.9663677,352.2757,28.32886,3.679609,0.04959341,0.004020175,-0.9987611,0.0,0.0,0.0,1.397636,0.7224411,-1.553471,0.5795999,0.4008002,1.915,0.8743306,0.06359483,-0.4811462,-0.1201402,0.9888834,-0.08761238,0.4702258,0.1344072,0.8722513,static,37.43098,26.57109,16.83913,11.8211
05/15/2023 12:31:17.339041,921,True,True,True,True,Eyes,0.1306242,0.01400984,-3.084445,0.5689809,0.3683461,0.7352428,0.0,0.0,0.0,0.0,0.0,0.0,0.0,-1.478291,-0.2495814,2.4876,0.06509794,0.01067574,-2.903693,-0.05586987,0.2508306,0.04573507,0.9653347,352.4836,28.90202,3.485384,0.0489259,0.004072904,-0.9987939,0.0,0.0,0.0,1.412142,0.7123911,-1.555183,0.5795998,0.4008001,1.915,0.8699847,0.06027154,-0.4893813,-0.116327,0.9895737,-0.08492273,0.4791605,0.1308097,0.8679252,static,37.73514,26.61021,16.83913,11.82109
05/15/2023 12:31:17.358630,922,True,True,True,True,Eyes,0.1284783,0.01386838,-3.076362,0.5732883,0.3675655,0.7322815,0.0,0.0,0.0,0.0,0.0,0.0,0.0,-1.497374,-0.246438,2.465079,0.06345782,0.009586856,-2.894021,-0.05522857,0.2559049,0.0433201,0.9641504,352.6073,29.52298,3.194802,0.04826506,0.004119379,-0.9988258,0.0,0.0,0.0,1.425826,0.7025437,-1.556829,0.5796,0.4008001,1.915,0.8652721,0.05526765,-0.4982466,-0.1118007,0.9901463,-0.08432565,0.4886765,0.1286689,0.862925,static,38.05667,26.65417,16.83913,11.82109
05/15/2023 12:31:17.378800,923,True,True,True,True,Eyes,0.126347,0.01363203,-3.068205,0.5776491,0.36678,0.7292421,0.0,0.0,0.0,0.0,0.0,0.0,0.0,-1.518382,-0.2480072,2.440511,0.06212085,0.007774606,-2.884296,-0.05557913,0.2613409,0.04090967,0.9627764,352.6227,30.18812,2.873933,0.04761184,0.004157824,-0.998857,0.0,0.0,0.0,1.440309,0.692731,-1.559299,0.5795999,0.4008,1.915,0.8600546,0.04972352,-0.5077732,-0.1078239,0.9904748,-0.08563782,0.4986783,0.1284033,0.8572238,static,38.38354,26.70059,16.83913,11.82109
05/15/2023 12:31:17.389279,924,True,True,True,True,Eyes,0.1242373,0.01331341,-3.05999,0.5823447,0.3656871,0.7260493,0.0,0.0,0.0,0.0,0.0,0.0,0.0,-1.539704,-0.2456482,2.415587,0.06070191,0.005379885,-2.874435,-0.05503252,0.2670052,0.03757296,0.9613886,352.7684,30.88652,2.475955,0.04696631,0.004185918,-0.9988874,0.0,0.0,0.0,1.455975,0.6848717,-1.564101,0.5795998,0.4008,1.915,0.854593,0.04285649,-0.517527,-0.1016324,0.9911194,-0.08575092,0.509256,0.1258796,0.8513593,static,38.73217,26.73289,16.83912,11.82109
05/15/2023 12:31:17.408693,925,True,True,True,True,Eyes,0.1221459,0.01293427,-3.051721,0.5869943,0.3646035,0.722843,0.0,0.0,0.0,0.0,0.0,0.0,0.0,-1.562216,-0.2365435,2.390247,0.0590563,0.003262594,-2.864656,-0.05259837,0.2731288,0.03235185,0.9599935,353.1852,31.64856,1.92667,0.04632684,0.004202043,-0.9989173,0.0,0.0,0.0,1.472361,0.679469,-1.571342,0.5796,0.4008,1.915,0.848708,0.03338287,-0.5278071,-0.09084738,0.9923735,-0.08331572,0.5210005,0.1186606,0.8452681,static,39.07879,26.76648,16.83913,11.82109
05/15/2023 12:31:17.428686,926,True,True,True,True,Eyes,0.1200475,0.01247186,-3.043386,0.5918577,0.3635346,0.7194074,0.0,0.0,0.0,0.0,0.0,0.0,0.0,-1.584495,-0.2376024,2.363275,0.0569194,0.001567036,-2.854629,-0.05198843,0.2793188,0.02744892,0.958397,353.3972,32.41843,1.359678,0.04569369,0.004205338,-0.9989464,0.0,0.0,0.0,1.490515,0.6685197,-1.578409,0.5795998,0.4008001,1.915,0.8424551,0.02357124,-0.5382507,-0.08165662,0.9930875,-0.0843171,0.5325425,0.1149851,0.8385565,static,39.44419,26.80862,16.83913,11.82109
05/15/2023 12:31:17.439084,927,True,True,True,True,Eyes,0.1179382,0.01192973,-3.034989,0.5964926,0.3626493,0.7160181,0.0,0.0,0.0,0.0,0.0,0.0,0.0,-1.604662,-0.2456341,2.336466,0.05464654,-0.0007877499,-2.844532,-0.05327983,0.285076,0.0242795,0.9567149,353.3508,33.13147,0.9275681,0.04506628,0.004194299,-0.9989749,0.0,0.0,0.0,1.512272,0.6475897,-1.585278,0.5796,0.4008,1.915,0.8362844,0.01607952,-0.5480601,-0.07683472,0.9931435,-0.08810421,0.5428857,0.1157902,0.8317859,static,39.79664,26.86133,16.83913,11.82109
05/15/2023 12:31:17.458652,928,True,True,True,True,Eyes,0.1158212,0.01133965,-3.026525,0.6013166,0.3617055,0.7124518,0.0,0.0,0.0,0.0,0.0,0.0,0.0,-1.62219,-0.2450026,2.311855,0.05200927,-0.003181547,-2.83434,-0.05317365,0.2904109,0.02185105,0.9551736,353.4384,33.78683,0.6262705,0.04444313,0.004167668,-0.9990031,0.0,0.0,0.0,1.532297,0.633455,-1.594558,0.5795997,0.4008001,1.915,0.8303681,0.01085867,-0.5571095,-0.07262749,0.9933902,-0.08888856,0.5524619,0.1142717,0.8256681,static,40.16471,26.9165,16.83912,11.82109
05/15/2023 12:31:17.478736,929,True,True,True,True,Eyes,0.1136725,0.01070926,-3.017972,0.6059804,0.3610748,0.7088108,0.0,0.0,0.0,0.0,0.0,0.0,0.0,-1.640735,-0.2444229,2.286071,0.04966887,-0.004869401,-2.824072,-0.05298121,0.2959687,0.01954251,0.9535269,353.5345,34.46879,0.3406179,0.04382274,0.004125294,-0.9990306,0.0,0.0,0.0,1.548187,0.6283222,-1.604629,0.5795999,0.4008,1.915,0.8240412,0.005907057,-0.5664992,-0.0686302,0.9936222,-0.08947007,0.5623575,0.112606,0.819191,static,40.52798,26.99472,16.83913,11.82109
05/15/2023 12:31:17.488961,930,True,True,True,True,Eyes,0.1115069,0.01001943,-3.009351,0.610823,0.3605206,0.7049255,0.0,0.0,0.0,0.0,0.0,0.0,0.0,-1.66129,-0.2545728,2.256816,0.04710152,-0.00646399,-2.813476,-0.05509403,0.3020437,0.01812175,0.9515282,353.3506,35.21798,0.06951401,0.04320551,0.004067475,-0.9990577,0.0,0.0,0.0,1.562146,0.6200933,-1.611713,0.5795997,0.4008002,1.915,0.8168824,0.001205091,-0.576803,-0.06776832,0.9932725,-0.09389994,0.5728094,0.1157942,0.8114685,static,40.90916,27.0866,16.83912,11.82109
05/15/2023 12:31:17.508644,931,True,True,True,True,Eyes,0.1093233,0.009275677,-3.00066,0.6158153,0.359775,0.7009518,0.0,0.0,0.0,0.0,0.0,0.0,0.0,-1.682249,-0.2590298,2.227499,0.04451869,-0.008556888,-2.80299,-0.05638609,0.308259,0.01713177,0.9494753,353.2443,35.98094,359.8713,0.04258807,0.003993477,-0.9990845,0.0,0.0,0.0,1.576691,0.6124386,-1.619524,0.5795998,0.4008001,1.915,0.8093657,-0.002230663,-0.5873007,-0.06729543,0.9930542,-0.09651237,0.5834367,0.1176365,0.803594,static,41.30065,27.1699,16.83913,11.82109
05/15/2023 12:31:17.528803,932,True,True,True,True,Eyes,0.1071216,0.00846796,-2.991896,0.6209242,0.3590963,0.6967805,0.0,0.0,0.0,0.0,0.0,0.0,0.0,-1.701254,-0.2593636,2.199357,0.04167872,-0.01056014,-2.792284,-0.05683966,0.31422,0.0160462,0.9475113,353.235,36.7119,359.6935,0.0419718,0.003903284,-0.999111,0.0,0.0,0.0,1.590335,0.614084,-1.631464,0.5795999,0.4008001,1.915,0.8020167,-0.005312397,-0.5972781,-0.06612822,0.9930235,-0.09762836,0.5936298,0.1177965,0.7960702,static,41.70529,27.265,16.83913,11.82109
05/15/2023 12:31:17.539116,933,True,True,True,True,Eyes,0.104904,0.007608174,-2.98307,0.6261521,0.3581557,0.6925735,0.0,0.0,0.0,0.0,0.0,0.0,0.0,-1.718286,-0.2616566,2.172094,0.03903978,-0.01288275,-2.781595,-0.05783634,0.3197796,0.01530651,0.9456012,353.1558,37.39635,359.5359,0.04135344,0.003795924,-0.9991372,0.0,0.0,0.0,1.603936,0.6134403,-1.643189,0.5795999,0.4008001,1.915,0.7950134,-0.008042043,-0.6065385,-0.06593748,0.9928413,-0.0995908,0.6029975,0.1191696,0.7887919,static,42.11657,27.34518,16.83913,11.82109
05/15/2023 12:31:17.559556,934,True,True,True,True,Eyes,0.1026776,0.006745491,-2.974179,0.6315034,0.3571915,0.6881989,0.0,0.0,0.0,0.0,0.0,0.0,0.0,-1.734961,-0.2542007,2.145981,0.03625711,-0.01495835,-2.770993,-0.05695269,0.3253358,0.0146856,0.9437677,353.2778,38.07186,359.4613,0.04073255,0.003671208,-0.9991632,0.0,0.0,0.0,1.616825,0.6099451,-1.653122,0.5795999,0.4008001,1.915,0.7878819,-0.009337914,-0.6157557,-0.06477709,0.9930815,-0.09794471,0.6124101,0.1170557,0.781826,static,42.54004,27.43038,16.83913,11.82109
05/15/2023 12:31:17.578650,935,True,True,True,True,Eyes,0.1004313,0.005935139,-2.965222,0.6370084,0.3560354,0.6837098,0.0,0.0,0.0,0.0,0.0,0.0,0.0,-1.752433,-0.2493875,2.118384,0.03381981,-0.01585706,-2.760321,-0.05635111,0.3310963,0.0140579,0.9418079,353.3702,38.77486,359.375,0.04010926,0.003530684,-0.9991888,0.0,0.0,0.0,1.628142,0.6085968,-1.662525,0.5795999,0.4008001,1.915,0.7803552,-0.0108356,-0.6252427,-0.06379498,0.9932539,-0.0968348,0.6220739,0.1154529,0.7743996,static,42.97483,27.50782,16.83913,11.82109
05/15/2023 12:31:17.589350,936,True,True,True,True,Eyes,0.09819063,0.005219706,-2.956196,0.6427144,0.3548978,0.6789446,0.0,0.0,0.0,0.0,0.0,0.0,0.0,-1.770384,-0.24746,2.089702,0.0312205,-0.0153822,-2.749753,-0.05582948,0.3370939,0.01286884,0.9397262,353.4768,39.51156,359.2242,0.03948409,0.003377826,-0.9992142,0.0,0.0,0.0,1.639716,0.6018182,-1.669945,0.5796,0.4008,1.915,0.7724041,-0.01345319,-0.6349889,-0.06182594,0.993435,-0.09625283,0.6321151,0.1136049,0.7665015,static,43.42976,27.59696,16.83913,11.82109
05/15/2023 12:31:17.608657,937,True,True,True,True,Eyes,0.09600709,0.004529096,-2.947142,0.6484803,0.3539261,0.6739508,0.0,0.0,0.0,0.0,0.0,0.0,0.0,-1.791955,-0.2561364,2.055627,0.02911777,-0.01375096,-2.738846,-0.05678242,0.3440454,0.01060375,0.9371746,353.4698,40.38047,358.8929,0.03885622,0.003216721,-0.9992394,0.0,0.0,0.0,1.651816,0.5970511,-1.678548,0.5795999,0.4008002,1.915,0.7630407,-0.01919634,-0.6460654,-0.05894658,0.9933266,-0.09913374,0.6436569,0.1137264,0.756817,static,43.8966,27.70626,16.83913,11.82109
05/15/2023 12:31:17.629738,938,True,True,True,True,Eyes,0.09381469,0.00386284,-2.938036,0.6544228,0.3526781,0.6688415,0.0,0.0,0.0,0.0,0.0,0.0,0.0,-1.812633,-0.2750889,2.019994,0.02705514,-0.01381502,-2.727777,-0.06068505,0.3508737,0.009874672,0.9344023,353.0884,41.24704,358.6071,0.03822638,0.003048599,-0.9992642,0.0,0.0,0.0,1.664626,0.5925425,-1.68852,0.5796,0.4008002,1.915,0.7535803,-0.02413175,-0.6569128,-0.06103941,0.9924396,-0.106479,0.6545159,0.120338,0.74641,static,44.37571,27.80254,16.83913,11.82109
05/15/2023 12:31:17.638775,939,True,True,True,True,Eyes,0.09163792,0.003318529,-2.928887,0.6608812,0.3506755,0.663523,0.0,0.0,0.0,0.0,0.0,0.0,0.0,-1.82793,-0.2672539,1.992837,0.02468232,-0.01375754,-2.717232,-0.05809331,0.3566371,0.006263829,0.932414,353.5231,41.95961,358.2839,0.03759603,0.002875355,-0.9992886,0.0,0.0,0.0,1.680353,0.5910344,-1.703733,0.5796,0.4008001,1.915,0.7455415,-0.0297555,-0.6657947,-0.05311742,0.9931719,-0.1038662,0.6643391,0.1128019,0.7388703,static,44.88571,27.8567,16.83913,11.82109
05/15/2023 12:31:17.658969,940,True,True,True,True,Eyes,0.03774,-0.005647197,-2.698928,0.8085958,0.2950441,0.50904,0.0,0.0,0.0,0.0,0.0,0.0,0.0,-1.839795,-0.262294,1.967974,0.02258996,-0.01114346,-2.706645,-0.05472284,0.3617482,0.0007135848,0.9306682,354.1241,42.59509,357.7955,0.03696492,0.002701398,-0.9993127,0.0,0.0,0.0,1.692763,0.6004155,-1.721825,0.5795998,0.4008002,1.915,0.7382755,-0.03826355,-0.6734131,-0.04092,0.9940098,-0.1013413,0.673257,0.1023739,0.7322873,static,57.80812,30.09696,16.83913,11.82109
05/15/2023 12:31:17.678374,941,True,True,True,True,Eyes,0.03768603,-0.005573984,-2.698489,0.8091038,0.2950852,0.5082082,0.0,0.0,0.0,0.0,0.0,0.0,0.0,-1.853582,-0.2866193,1.936785,0.02093835,-0.006928414,-2.696028,-0.05768935,0.3673757,-0.002789964,0.9282776,353.9698,43.32785,357.2584,0.03371634,0.002044664,-0.9994291,-0.1616938,-0.02689718,0.6898792,1.707718,0.5830751,-1.72982,0.5795999,0.4008,1.915,0.7300546,-0.04756705,-0.6817314,-0.03720761,0.9933283,-0.1091534,0.6823752,0.1050535,0.723414,static,57.86656,30.1411,16.83913,11.82109
05/15/2023 12:31:17.688582,942,True,True,True,True,Eyes,0.03756035,-0.005477057,-2.697653,0.8098561,0.2950597,0.5070236,0.0,0.0,0.0,0.0,0.0,0.0,0.0,-1.872316,-0.3168077,1.898022,0.01959946,-0.005125448,-2.684775,-0.06383327,0.3742039,-0.002800987,0.9251427,353.3379,44.22285,356.9438,0.03106021,0.001506657,-0.9995161,-0.1519921,-0.02528335,0.6484864,1.72338,0.5611242,-1.735243,0.5795999,0.4008001,1.915,0.7199271,-0.05295594,-0.6920264,-0.04259069,0.9918349,-0.120206,0.6927416,0.1160135,0.7117935,static,57.95071,30.19704,16.83913,11.82109
05/15/2023 12:31:17.708988,943,True,True,True,True,Eyes,0.03738412,-0.005338958,-2.696448,0.8109711,0.2945929,0.5055104,0.0,0.0,0.0,0.0,0.0,0.0,0.0,-1.888274,-0.3083299,1.868439,0.01779358,-0.004456446,-2.674205,-0.06260089,0.3801266,-0.002239774,0.9228109,353.4636,44.9462,357.0156,0.02887833,0.001065774,-0.9995821,-0.1428726,-0.02376635,0.6095772,1.735913,0.5648053,-1.74957,0.5795999,0.4008001,1.915,0.7109975,-0.0517263,-0.7012894,-0.04345875,0.9921522,-0.1172403,0.7018504,0.1138348,0.7031698,static,58.06308,30.23206,16.83913,11.82109
05/15/2023 12:31:17.730008,944,True,True,True,True,Eyes,0.03717199,-0.005140787,-2.694914,0.8122379,0.2940232,0.5038055,0.0,0.0,0.0,0.0,0.0,0.0,0.0,-1.902493,-0.2863224,1.842539,0.0163402,-0.003306687,-2.663857,-0.0586486,0.3854977,-0.001255412,0.9208421,353.855,45.57899,357.2599,0.02707794,0.0007056149,-0.9996329,-0.1343003,-0.02234036,0.5730026,1.746399,0.5838746,-1.770967,0.5795997,0.4008001,1.915,0.7027801,-0.04752987,-0.7098177,-0.04290573,0.9931176,-0.1089801,0.7101122,0.1070443,0.6959039,static,58.18998,30.26803,16.83912,11.82109
05/15/2023 12:31:17.740038,945,True,True,True,True,Eyes,0.03692633,-0.004853153,-2.693074,0.8137429,0.2931529,0.5018803,0.0,0.0,0.0,0.0,0.0,0.0,0.0,-1.915026,-0.2644683,1.818837,0.01530403,-0.001708776,-2.654279,-0.05509182,0.3902645,0.0009332412,0.9190526,354.1461,46.13746,357.6214,0.02558517,0.0004138205,-0.9996724,-0.1262423,-0.02099994,0.5386224,1.756513,0.5812113,-1.781092,0.5796001,0.4008001,1.915,0.6953854,-0.04128537,-0.7174501,-0.04471616,0.9939281,-0.1005361,0.7172444,0.101993,0.6893169,static,58.33557,30.28959,16.83914,11.82109
05/15/2023 12:31:17.759133,946,True,True,True,True,Eyes,0.03667616,-0.004489346,-2.690941,0.8154234,0.292354,0.4996136,0.0,0.0,0.0,0.0,0.0,0.0,0.0,-1.928442,-0.2500038,1.793091,0.01441537,0.0007529557,-2.645062,-0.05212438,0.3954024,0.001423812,0.9170268,354.4494,46.75713,357.7769,0.02434077,0.000181693,-0.9997035,-0.1186677,-0.01973994,0.5063051,1.766339,0.5721765,-1.78629,0.5795998,0.4008002,1.915,0.6873099,-0.03860885,-0.7253376,-0.04383155,0.994562,-0.09447294,0.7250407,0.09672485,0.6818801,static,58.50401,30.33447,16.83913,11.82109
05/15/2023 12:31:17.778596,947,True,True,True,True,Eyes,0.03640115,-0.004041853,-2.688521,0.8173577,0.2914921,0.4969495,0.0,0.0,0.0,0.0,0.0,0.0,0.0,-1.942994,-0.2535411,1.762835,0.01410503,0.002948195,-2.635695,-0.05278502,0.4009756,0.001529237,0.9145654,354.3888,47.46004,357.7234,0.02327,-3.228281e-06,-0.999729,-0.1115476,-0.01855555,0.4759268,1.77395,0.5680453,-1.790367,0.5795999,0.4008001,1.915,0.6784324,-0.03953383,-0.7335984,-0.04512818,0.9944228,-0.09532433,0.7332754,0.09777708,0.6728646,static,58.70061,30.3943,16.83913,11.82109
05/15/2023 12:31:17.789121,948,True,True,True,True,Eyes,0.0361343,-0.003542202,-2.685829,0.8194746,0.2908502,0.4938293,0.0,0.0,0.0,0.0,0.0,0.0,0.0,-1.958029,-0.2656014,1.730457,0.01359223,0.005457237,-2.626536,-0.054499,0.4069254,0.0001234825,0.9118342,354.2903,48.22644,357.4582,0.02229727,-0.0001531753,-0.9997512,-0.1048548,-0.01744222,0.4473712,1.783665,0.5622239,-1.797532,0.5796,0.4008001,1.915,0.6688234,-0.04412886,-0.7421104,-0.04457925,0.9940597,-0.09928761,0.7420835,0.09948861,0.6628832,static,58.92612,30.49677,16.83913,11.82109
05/15/2023 12:31:17.808736,949,True,True,True,True,Eyes,0.03588045,-0.003020189,-2.682886,0.8217379,0.290331,0.4903618,0.0,0.0,0.0,0.0,0.0,0.0,0.0,-1.974697,-0.2848375,1.693717,0.01358058,0.007219702,-2.61706,-0.05829117,0.4134192,-0.0004946404,0.908673,353.9425,49.07801,357.17,0.02141342,-0.0002696583,-0.9997704,-0.09856351,-0.01639568,0.4205289,1.79346,0.5658423,-1.810559,0.5795999,0.4008001,1.915,0.6581687,-0.0490963,-0.751268,-0.04729844,0.9932038,-0.1063442,0.7513833,0.1055262,0.6513735,static,59.17389,30.62872,16.83913,11.82109
05/15/2023 12:31:17.828753,950,True,True,True,True,Eyes,0.0356415,-0.002478299,-2.6797,0.8241543,0.2898091,0.4866008,0.0,0.0,0.0,0.0,0.0,0.0,0.0,-1.990342,-0.296131,1.658649,0.01352119,0.008299977,-2.607685,-0.06124449,0.4196081,0.0003089574,0.9056368,353.6161,49.8829,357.0677,0.02061062,-0.000355126,-0.9997873,-0.0926497,-0.01541194,0.3952972,1.804464,0.5688201,-1.827036,0.5795996,0.4008001,1.915,0.647858,-0.05083776,-0.7600629,-0.05195697,0.992498,-0.1106713,0.7599872,0.1111898,0.6403564,static,59.44136,30.77713,16.83912,11.82109
05/15/2023 12:31:17.843615,951,True,True,True,True,Eyes,0.03541414,-0.001894925,-2.676288,0.826688,0.2891254,0.482694,0.0,0.0,0.0,0.0,0.0,0.0,0.0,-2.00518,-0.2922285,1.626682,0.01369983,0.009325027,-2.598454,-0.0607508,0.4255308,0.0006172972,0.9029024,353.6714,50.62959,357.0825,0.01987975,-0.0004120744,-0.999802,-0.08709072,-0.01448722,0.3715793,1.814997,0.5789224,-1.847737,0.5795996,0.4008001,1.915,0.6378464,-0.05058795,-0.7685004,-0.05281739,0.992618,-0.1091787,0.7683504,0.1102294,0.6304659,static,59.71981,30.92088,16.83912,11.82109
05/15/2023 12:31:17.858984,952,True,True,True,True,Eyes,0.03520479,-0.001287633,-2.672668,0.829291,0.2885218,0.4785724,0.0,0.0,0.0,0.0,0.0,0.0,0.0,-2.019112,-0.2836731,1.595945,0.01365124,0.01093107,-2.589212,-0.05949122,0.4312701,0.001693253,0.9002578,353.7668,51.34522,357.2171,0.0192146,-0.0004416811,-0.999815,-0.08186527,-0.01361799,0.3492846,1.82357,0.5895562,-1.866292,0.5795999,0.4008,1.915,0.6280066,-0.04826483,-0.7767099,-0.05436229,0.9929159,-0.1056544,0.7763069,0.1085754,0.6209339,static,60.01135,31.08494,16.83913,11.82109
05/15/2023 12:31:17.878540,953,True,True,True,True,Eyes,0.03499386,-0.0007020283,-2.668841,0.8318787,0.2877793,0.4745111,0.0,0.0,0.0,0.0,0.0,0.0,0.0,-2.03125,-0.2756283,1.567486,0.0139378,0.01206012,-2.58043,-0.0588557,0.4363952,0.003663025,0.8978207,353.7492,51.98615,357.4174,0.01861075,-0.0004456842,-0.9998264,-0.07695336,-0.01280091,0.3283275,1.833617,0.588935,-1.880294,0.5795997,0.4008002,1.915,0.6190918,-0.0447912,-0.7840404,-0.05794616,0.9930452,-0.1024867,0.783178,0.1088808,0.6121905,static,60.29917,31.23578,16.83912,11.82109
05/15/2023 12:31:17.888841,954,True,True,True,True,Eyes,0.03479808,-0.0001223792,-2.66482,0.8344833,0.2869183,0.4704419,0.0,0.0,0.0,0.0,0.0,0.0,0.0,-2.039708,-0.258725,1.544798,0.01385495,0.01206625,-2.571655,-0.05701037,0.4404785,0.006667689,0.8959264,353.7983,52.48124,357.7935,0.01806197,-0.0004274578,-0.9998365,-0.07233616,-0.01203286,0.3086278,1.842483,0.5888394,-1.892651,0.5795999,0.4008001,1.915,0.6118685,-0.03827617,-0.7900329,-0.0621712,0.9934107,-0.09628026,0.7885124,0.1080282,0.6054571,static,60.58777,31.37865,16.83913,11.82109
05/15/2023 12:31:17.908617,955,True,True,True,True,Eyes,0.03463885,0.0004560811,-2.660638,0.8372052,0.2859374,0.4661836,0.0,0.0,0.0,0.0,0.0,0.0,0.0,-2.044215,-0.2397746,1.527224,0.01405809,0.01248735,-2.562882,-0.05362493,0.443564,0.007773383,0.8946033,354.0971,52.84646,358.0605,0.01756197,-0.0003893393,-0.9998455,-0.06799599,-0.01131089,0.2901102,1.849324,0.5926184,-1.903592,0.5796,0.4008001,1.915,0.6063811,-0.03366398,-0.7944613,-0.06148036,0.9941279,-0.08905008,0.7927939,0.1028421,0.6007507,static,60.88949,31.5232,16.83913,11.82109
05/15/2023 12:31:17.928633,956,True,True,True,True,Eyes,0.03452631,0.001009316,-2.656292,0.8398989,0.2850021,0.4618913,0.0,0.0,0.0,0.0,0.0,0.0,0.0,-2.046479,-0.230773,1.511313,0.01457434,0.01306897,-2.554412,-0.05226258,0.4459986,0.008721036,0.8934639,354.1935,53.14549,358.2124,0.01710873,-0.0003334075,-0.9998534,-0.06391623,-0.01063223,0.2727036,1.853577,0.5949144,-1.908697,0.5795999,0.4008001,1.915,0.6020185,-0.03103421,-0.7978788,-0.06220193,0.9943851,-0.08561032,0.7960557,0.1011686,0.5967078,static,61.19199,31.67594,16.83913,11.82109
05/15/2023 12:31:17.938448,957,True,True,True,True,Eyes,0.03444577,0.001529827,-2.651785,0.8426749,0.2838791,0.4575061,0.0,0.0,0.0,0.0,0.0,0.0,0.0,-2.049996,-0.2241875,1.49331,0.01561989,0.01299095,-2.546037,-0.05161047,0.4487368,0.009711369,0.8921196,354.2147,53.48924,358.3302,0.01669754,-0.0002620728,-0.9998596,-0.06008125,-0.009994299,0.2563413,1.859075,0.5883648,-1.908606,0.5795997,0.4008001,1.915,0.5970821,-0.02899162,-0.8016561,-0.06364643,0.9944841,-0.08336972,0.7996513,0.1008011,0.5919433,static,61.50152,31.81929,16.83912,11.82109
05/15/2023 12:31:17.959309,958,True,True,True,True,Eyes,0.03442279,0.002018617,-2.647146,0.8454942,0.28268,0.453025,0.0,0.0,0.0,0.0,0.0,0.0,0.0,-2.054474,-0.2160064,1.474717,0.01672922,0.01275294,-2.538084,-0.05017054,0.4517407,0.009796194,0.8906838,354.3632,53.86583,358.3948,0.01632664,-0.0001781799,-0.9998652,-0.05647638,-0.009394641,0.2409609,1.86302,0.5873691,-1.90848,0.5795999,0.4008001,1.915,0.5916689,-0.02787752,-0.805699,-0.06277876,0.9947739,-0.08052149,0.8037331,0.09822284,0.5868267,static,61.81711,31.96348,16.83913,11.82109
05/15/2023 12:31:17.978816,959,True,True,True,True,Eyes,0.03444127,0.002484485,-2.642375,0.8484562,0.2813504,0.4482902,0.0,0.0,0.0,0.0,0.0,0.0,0.0,-2.06094,-0.2099781,1.452795,0.0181286,0.01251723,-2.530156,-0.0488007,0.4554013,0.009065362,0.8889016,354.5478,54.33153,358.3691,0.01599424,-8.411205e-05,-0.9998701,-0.0530878,-0.008830963,0.2265032,1.867511,0.5878109,-1.91052,0.5795999,0.4008002,1.915,0.585055,-0.02833137,-0.8104987,-0.06056422,0.9950726,-0.07850127,0.8087291,0.09501479,0.5804563,static,62.14983,32.11271,16.83913,11.8211
05/15/2023 12:31:17.994487,960,True,True,True,True,Eyes,0.03451974,0.002900811,-2.637499,0.8514412,0.2800684,0.4434067,0.0,0.0,0.0,0.0,0.0,0.0,0.0,-2.068003,-0.2073077,1.429723,0.01950255,0.01247028,-2.522536,-0.04812403,0.459258,0.008328501,0.8869594,354.6628,54.82821,358.3063,0.01569812,1.83158e-05,-0.9998745,-0.04990253,-0.008301105,0.212913,1.873647,0.5833973,-1.913567,0.5795999,0.4008,1.915,0.5780255,-0.0294286,-0.8154879,-0.05897677,0.9952294,-0.07771825,0.8138847,0.09301797,0.5735324,static,62.49076,32.27768,16.83913,11.82109
05/15/2023 12:31:18.008765,961,True,True,True,True,Eyes,0.03465711,0.003254039,-2.632505,0.8545169,0.2788707,0.4382145,0.0,0.0,0.0,0.0,0.0,0.0,0.0,-2.075748,-0.206982,1.405055,0.02106881,0.01171237,-2.514989,-0.04837876,0.4633307,0.008044079,0.8848275,354.6599,55.3588,358.2391,0.015437,0.0001264581,-0.9998785,-0.04690837,-0.007803039,0.2001382,1.881668,0.5768749,-1.91981,0.5796,0.4008,1.915,0.5705199,-0.03059548,-0.8207137,-0.05906596,0.9951895,-0.07815956,0.8191571,0.09306783,0.5659683,static,62.85028,32.47183,16.83913,11.82109
05/15/2023 12:31:18.028802,962,True,True,True,True,Eyes,0.03487731,0.003565246,-2.627426,0.8576374,0.2776567,0.4328566,0.0,0.0,0.0,0.0,0.0,0.0,0.0,-2.08431,-0.2058188,1.379075,0.02303465,0.01055725,-2.507572,-0.0487035,0.4676127,0.008050169,0.882554,354.6353,55.91741,358.1962,0.01520969,0.0002374115,-0.9998819,-0.04409387,-0.007334857,0.1881299,1.889477,0.5724308,-1.928028,0.5795999,0.4008001,1.915,0.5625472,-0.03133933,-0.8261709,-0.05975816,0.9951263,-0.07843821,0.8246026,0.09349566,0.5579327,static,63.21955,32.67823,16.83913,11.82109
05/15/2023 12:31:18.038561,963,True,True,True,True,Eyes,0.0351936,0.003844952,-2.622266,0.8608053,0.2765736,0.4272251,0.0,0.0,0.0,0.0,0.0,0.0,0.0,-2.093564,-0.204372,1.351791,0.02529295,0.009894192,-2.500276,-0.04841816,0.4721703,0.007240171,0.8801469,354.7174,56.51179,358.1021,0.01501604,0.0003493517,-0.9998847,-0.04144824,-0.006894765,0.1768421,1.896754,0.5710762,-1.938172,0.5796,0.4008001,1.915,0.5540057,-0.0329784,-0.8318594,-0.05846805,0.9952065,-0.078393,0.8304572,0.09206738,0.549422,static,63.6044,32.9179,16.83913,11.82109
05/15/2023 12:31:18.059179,964,True,True,True,True,Eyes,0.03560959,0.004059918,-2.617018,0.8639706,0.2756883,0.4213675,0.0,0.0,0.0,0.0,0.0,0.0,0.0,-2.103563,-0.2111837,1.321201,0.02788403,0.00945586,-2.492846,-0.05019517,0.4770997,0.00678089,0.8773885,354.5745,57.17046,357.9278,0.01485642,0.0004610302,-0.9998871,-0.03896134,-0.006481079,0.1662316,1.90425,0.5702838,-1.949417,0.5795999,0.4008,1.915,0.5446599,-0.03599725,-0.8378842,-0.05979514,0.9948689,-0.08161101,0.8365228,0.09455164,0.5397127,moving,64.00102,33.19554,16.83913,11.82109
05/15/2023 12:31:18.079029,965,True,True,True,True,Eyes,0.03611618,0.004212598,-2.611675,0.86713,0.2748734,0.4153675,0.0,0.0,0.0,0.0,0.0,0.0,0.0,-2.113528,-0.2164355,1.290003,0.03076083,0.008095846,-2.485345,-0.05247732,0.4820274,0.007422677,0.8745518,354.3216,57.83197,357.8341,0.01473134,0.0005700479,-0.999889,-0.03662366,-0.006092214,0.1562577,1.911218,0.5633286,-1.958129,0.5755718,0.3980147,1.915,0.535189,-0.03760799,-0.8438948,-0.06357405,0.9943821,-0.0846324,0.8423367,0.09894414,0.5297914,moving,64.40492,33.49498,16.72866,11.74123
05/15/2023 12:31:18.088641,966,True,True,True,True,Eyes,0.03672877,0.004300868,-2.606246,0.8702604,0.2741129,0.4092785,0.0,0.0,0.0,0.0,0.0,0.0,0.0,-2.122095,-0.2142519,1.261635,0.03368575,0.006751299,-2.477849,-0.05265059,0.4865669,0.007394302,0.872024,354.3172,58.43039,357.7919,0.01464095,0.0006743261,-0.9998903,-0.03442625,-0.005726682,0.1468822,1.917654,0.5633625,-1.970731,0.5718707,0.3954551,1.915001,0.5263959,-0.03834006,-0.8493747,-0.06413209,0.9943465,-0.08462951,0.8478174,0.09902081,0.520961,moving,64.81267,33.81206,16.62704,11.66779
05/15/2023 12:31:18.108920,967,True,True,True,True,Eyes,0.03744799,0.00434303,-2.600739,0.8732556,0.2735806,0.4032101,0.0,0.0,0.0,0.0,0.0,0.0,0.0,-2.128474,-0.2107994,1.236403,0.03689283,0.005286857,-2.470251,-0.05279092,0.4903912,0.007808852,0.8698671,354.2896,58.93434,357.8004,0.01458597,0.0007718985,-0.9998912,-0.03236067,-0.005383081,0.1380693,1.922896,0.5668412,-1.983447,0.5680873,0.3928389,1.915,0.518911,-0.03819108,-0.8539747,-0.06536173,0.9943043,-0.08418338,0.8523258,0.09950095,0.5134591,moving,65.21572,34.15714,16.52306,11.5927
05/15/2023 12:31:18.128615,968,True,True,True,True,Eyes,0.03828206,0.004348299,-2.595136,0.8761296,0.2732248,0.3971713,0.0,0.0,0.0,0.0,0.0,0.0,0.0,-2.131357,-0.2096547,1.216212,0.04008602,0.00423567,-2.462557,-0.0532599,0.4931259,0.008090444,0.8682886,354.2338,59.2986,357.7836,0.01456712,0.0008616832,-0.9998916,-0.03041903,-0.005060096,0.1297852,1.929149,0.5625835,-1.992295,0.5640365,0.3900377,1.915,0.5135228,-0.03847798,-0.8572128,-0.06657734,0.9941959,-0.0845107,0.8554893,0.1004691,0.5079805,moving,65.61404,34.52513,16.4116,11.51225
05/15/2023 12:31:18.138883,969,True,True,True,True,Eyes,0.03924021,0.0042879,-2.589434,0.8788006,0.273262,0.3911999,0.0,0.0,0.0,0.0,0.0,0.0,0.0,-2.1317,-0.2146409,1.198633,0.04370832,0.003324538,-2.45459,-0.05546339,0.4950323,0.008916424,0.8670568,353.9724,59.56676,357.7265,0.01458539,0.0009430521,-0.9998914,-0.02859389,-0.00475649,0.121998,1.934496,0.5596502,-1.998034,0.5602545,0.3874224,1.915,0.5097271,-0.03945025,-0.8594313,-0.07037442,0.9936886,-0.08735198,0.8574531,0.1050076,0.5037336,moving,66.00366,34.93517,16.30742,11.4371
05/15/2023 12:31:18.159247,970,True,True,True,True,Eyes,0.04034878,0.004168705,-2.583646,0.8813506,0.2734277,0.3853031,0.0,0.0,0.0,0.0,0.0,0.0,0.0,-2.131767,-0.2153776,1.182508,0.04788854,0.00159131,-2.446804,-0.05784665,0.4965589,0.01138018,0.8659986,353.5987,59.78117,357.8237,0.01464207,0.00101432,-0.9998906,-0.02687825,-0.004471101,0.1146782,1.938488,0.5577928,-1.999306,0.5564684,0.384804,1.915,0.5065995,-0.03773811,-0.8613552,-0.07715897,0.9930485,-0.08888836,0.858722,0.1114921,0.500166,moving,66.38632,35.36115,16.20302,11.36182
05/15/2023 12:31:18.178671,971,True,True,True,True,Eyes,0.04159858,0.00401774,-2.577755,0.8838094,0.2736371,0.3794781,0.0,0.0,0.0,0.0,0.0,0.0,0.0,-2.132668,-0.2098979,1.165641,0.05263713,2.145767e-06,-2.438909,-0.05845034,0.4983278,0.01333702,0.8649135,353.4309,60.01406,357.9703,0.01473937,0.001074218,-0.9998893,-0.02526556,-0.004202835,0.1077975,1.940441,0.562229,-1.998096,0.5524417,0.3820198,1.915001,0.5029832,-0.03518411,-0.8635798,-0.08132559,0.9928113,-0.08781654,0.8604617,0.1144014,0.4965061,moving,66.76294,35.79492,16.09186,11.28173
05/15/2023 12:31:18.189129,972,True,True,True,True,Eyes,0.04301897,0.003823365,-2.571791,0.8861987,0.2739381,0.373644,0.0,0.0,0.0,0.0,0.0,0.0,0.0,-2.134063,-0.2062931,1.147623,0.05767819,-0.0009640455,-2.43115,-0.05858396,0.5003327,0.01398124,0.8637361,353.3853,60.27941,358.0114,0.01487898,0.001122637,-0.9998872,-0.02374962,-0.003950665,0.1013296,1.941053,0.571211,-1.995374,0.5487382,0.3794584,1.915,0.4989436,-0.03447073,-0.8659487,-0.08277513,0.9927449,-0.08721161,0.8626723,0.1151927,0.4924705,moving,67.13847,36.2471,15.98952,11.20801
05/15/2023 12:31:18.208866,973,True,True,True,True,Eyes,0.04459838,0.00357005,-2.565763,0.8885683,0.2741008,0.3678521,0.0,0.0,0.0,0.0,0.0,0.0,0.0,-2.136867,-0.2057871,1.126049,0.06322724,-0.002225786,-2.423331,-0.05972052,0.5028558,0.01482976,0.8621774,353.2294,60.62259,358.0096,0.01506357,0.001159018,-0.9998843,0.0,0.0,0.0,1.943849,0.5739987,-1.991746,0.5448909,0.3767982,1.915,0.4938323,-0.03448986,-0.868873,-0.08563337,0.9924271,-0.0880649,0.8653304,0.1178938,0.487139,moving,67.51128,36.69121,15.88308,11.1314
05/15/2023 12:31:18.228884,974,True,True,True,True,Eyes,0.0463391,0.003279743,-2.559677,0.890931,0.2740941,0.3620972,0.0,0.0,0.0,0.0,0.0,0.0,0.0,-2.139317,-0.2005665,1.106462,0.06874043,-0.003896832,-2.415869,-0.05921936,0.5052116,0.01475551,0.860835,353.2888,60.93262,358.0132,0.01529516,0.001182237,-0.9998807,0.0,0.0,0.0,1.94869,0.5724225,-1.989241,0.541073,0.3741582,1.915001,0.4890871,-0.0344325,-0.8715551,-0.08524072,0.9925507,-0.08704688,0.8680598,0.1168655,0.4825087,moving,67.88191,37.12436,15.77735,11.05534
05/15/2023 12:31:18.238756,975,True,True,True,True,Eyes,0.04825424,0.002951922,-2.553534,0.8932939,0.2740021,0.3562989,0.0,0.0,0.0,0.0,0.0,0.0,0.0,-2.141323,-0.1966356,1.087086,0.07437374,-0.005018786,-2.408345,-0.05795055,0.5075613,0.01319112,0.8595636,353.5109,61.24082,357.9149,0.01557569,0.001192123,-0.9998761,0.0,0.0,0.0,1.953848,0.5737353,-1.990012,0.5372858,0.3715389,1.915001,0.4844151,-0.03614969,-0.8740913,-0.08150412,0.9929355,-0.08623375,0.8710335,0.113015,0.4780466,moving,68.25494,37.56112,15.67236,10.97983
05/15/2023 12:31:18.258857,976,True,True,True,True,Eyes,0.0503378,0.00257965,-2.547357,0.8956437,0.2738484,0.3504702,0.0,0.0,0.0,0.0,0.0,0.0,0.0,-2.144676,-0.1971873,1.064255,0.08061116,-0.006244391,-2.400962,-0.05856527,0.5103071,0.01277008,0.8579009,353.4818,61.61548,357.816,0.01590749,0.001188492,-0.9998705,0.0,0.0,0.0,1.960494,0.5676098,-1.988818,0.5333555,0.3688214,1.915,0.4788472,-0.03786162,-0.8770815,-0.08168346,0.9928141,-0.08745305,0.87409,0.1135197,0.4723136,moving,68.62933,38.00315,15.5633,10.90145
05/15/2023 12:31:18.278874,977,True,True,True,True,Eyes,0.05259456,0.002178826,-2.541139,0.898041,0.2735199,0.3445423,0.0,0.0,0.0,0.0,0.0,0.0,0.0,-2.149031,-0.1921101,1.040657,0.0867704,-0.007664174,-2.393871,-0.05787317,0.5133868,0.01240607,0.8561139,353.5792,62.02333,357.7981,0.01629243,0.001170891,-0.9998639,0.0,0.0,0.0,1.969006,0.5557541,-1.98718,0.5293801,0.3660724,1.915001,0.4725602,-0.03818063,-0.8804709,-0.08066465,0.9929936,-0.08635381,0.8775991,0.1118302,0.4661694,moving,69.0102,38.44481,15.45285,10.82212
05/15/2023 12:31:18.298585,978,True,True,True,True,Eyes,0.0550189,0.001729622,-2.534916,0.9004156,0.2731954,0.3385499,0.0,0.0,0.0,0.0,0.0,0.0,0.0,-2.153821,-0.1876512,1.015057,0.0932213,-0.008718818,-2.386573,-0.05693636,0.5167993,0.01154863,0.8541331,353.7308,62.4762,357.7444,0.01673247,0.001139525,-0.999856,0.0,0.0,0.0,1.97642,0.551989,-1.989111,0.5254408,0.3633482,1.915001,0.4655702,-0.03912121,-0.8841458,-0.07857747,0.9932498,-0.08532581,0.8815157,0.1091991,0.4593535,moving,69.3941,38.90206,15.3433,10.74347
05/15/2023 12:31:18.309134,979,True,True,True,True,Eyes,0.05759246,0.001263989,-2.528646,0.9028385,0.2726989,0.3324422,0.0,0.0,0.0,0.0,0.0,0.0,0.0,-2.159193,-0.1840271,0.9895061,0.09970925,-0.01032354,-2.380137,-0.05690039,0.5201834,0.01156846,0.8520787,353.7422,62.93154,357.7236,0.01722706,0.001093984,-0.9998479,0.0,0.0,0.0,1.984843,0.5448623,-1.991733,0.5217869,0.3608217,1.915,0.4585509,-0.03948279,-0.8877907,-0.07891175,0.993257,-0.08493177,0.8851576,0.1090026,0.4523433,moving,69.78534,39.36168,15.24159,10.6705
05/15/2023 12:31:18.328631,980,True,True,True,True,Eyes,0.06032236,0.0008521152,-2.522377,0.9052622,0.2720076,0.3263621,0.0,0.0,0.0,0.0,0.0,0.0,0.0,-2.162604,-0.1780328,0.9665743,0.1060843,-0.01115756,-2.373065,-0.05507876,0.523157,0.0101631,0.8503939,354.0125,63.32074,357.6751,0.01778054,0.001034652,-0.9998385,0.0,0.0,0.0,1.99424,0.5357561,-1.995228,0.5177507,0.3580305,1.915,0.4524069,-0.04034441,-0.8908986,-0.07491495,0.9937261,-0.0830435,0.8886596,0.1043111,0.4465462,moving,70.17492,39.80963,15.12912,10.58983
05/15/2023 12:31:18.339020,981,True,True,True,True,Eyes,0.063223,0.0005618974,-2.516131,0.9075838,0.2714977,0.3202822,0.0,0.0,0.0,0.0,0.0,0.0,0.0,-2.165464,-0.1761692,0.9454577,0.1125894,-0.01020867,-2.366723,-0.05335788,0.5257519,0.008125505,0.848924,354.3105,63.66227,357.5631,0.0183922,0.0009650881,-0.9998278,0.0,0.0,0.0,2.002403,0.5311145,-2.000342,0.5139262,0.3553856,1.915,0.4470377,-0.04231014,-0.893514,-0.06990189,0.9941738,-0.08204956,0.8917798,0.09913756,0.4414756,moving,70.56229,40.28736,15.02243,10.51334
05/15/2023 12:31:18.359118,982,True,True,True,True,Eyes,0.06630639,0.0003797996,-2.509863,0.9097719,0.2714558,0.314049,0.0,0.0,0.0,0.0,0.0,0.0,0.0,-2.168425,-0.186188,0.921261,0.1193152,-0.007549807,-2.360331,-0.05546502,0.5285105,0.007825518,0.847077,354.1319,64.05595,357.3859,0.01906372,0.0008910398,-0.9998155,0.0,0.0,0.0,2.012188,0.5185019,-2.001606,0.5100338,0.3526934,1.915001,0.441231,-0.04537005,-0.8962459,-0.07188531,0.9937248,-0.08569453,0.8945099,0.102238,0.4352007,moving,70.95557,40.83928,14.91373,10.43546
05/15/2023 12:31:18.378435,983,True,True,True,True,Eyes,0.06953714,0.0002437728,-2.503574,0.9118206,0.2718792,0.3076766,0.0,0.0,0.0,0.0,0.0,0.0,0.0,-2.172528,-0.2009163,0.8912992,0.1268481,-0.005236015,-2.35341,-0.06118526,0.5318322,0.01061959,0.84457,353.4168,64.55434,357.28,0.01979797,0.0008170987,-0.9998015,0.0,0.0,0.0,2.022091,0.5060979,-2.002126,0.5060017,0.3499057,1.915001,0.4340835,-0.04714261,-0.8996385,-0.08301855,0.9922872,-0.09205478,0.8970394,0.1146461,0.4268218,moving,71.35401,41.46551,14.80103,10.35476
05/15/2023 12:31:18.389164,984,True,True,True,True,Eyes,0.07293226,0.0001553217,-2.497272,0.9138233,0.2723975,0.3012086,0.0,0.0,0.0,0.0,0.0,0.0,0.0,-2.176991,-0.2062192,0.8631024,0.1339257,-0.004416078,-2.347085,-0.0649223,0.5351344,0.01342489,0.8421615,352.8932,65.03434,357.2926,0.02059467,0.0007451252,-0.9997857,0.0,0.0,0.0,2.028964,0.5106145,-2.006873,0.5023023,0.3473476,1.915001,0.4269018,-0.04687247,-0.9030824,-0.09209616,0.9912098,-0.09498186,0.899596,0.1237183,0.4188324,moving,71.75708,42.12457,14.69752,10.28068
05/15/2023 12:31:18.408995,985,True,True,True,True,Eyes,0.1617533,0.0009527057,-2.340565,0.9509455,0.2774727,0.1367906,0.0,0.0,0.0,0.0,0.0,0.0,0.0,-2.181606,-0.2060435,0.8339008,0.1413191,-0.003391817,-2.340357,-0.06604338,0.5388053,0.01453914,0.8397117,352.7278,65.54463,357.2986,0.02145425,0.0006768518,-0.9997678,0.0,0.0,0.0,2.032428,0.5328295,-2.016188,0.4984363,0.3446742,1.915001,0.4189548,-0.04675167,-0.9068027,-0.09558643,0.9908538,-0.09524725,0.9029618,0.1265823,0.4106542,moving,81.81433,63.75727,14.58924,10.20322
05/15/2023 12:31:18.428661,986,True,True,True,True,Eyes,0.1620605,0.001036058,-2.340292,0.9508908,0.2778809,0.1363408,0.0,0.0,0.0,0.0,0.0,0.0,0.0,-2.186368,-0.204177,0.8050668,0.1484007,-0.0004206151,-2.334095,-0.06521426,0.5426522,0.01430919,0.8372999,352.8344,66.06374,357.2956,0.02656054,0.0006528973,-0.9996454,0.2664631,0.002392152,0.4701233,2.036275,0.5482939,-2.024107,0.4945334,0.3419753,1.915,0.4106475,-0.04681517,-0.9105917,-0.0947395,0.9910847,-0.09367795,0.906859,0.1247376,0.4025512,moving,81.84042,63.86537,14.47983,10.12499
05/15/2023 12:31:18.438962,987,True,True,True,True,Eyes,0.1626355,0.001106696,-2.339766,0.9508656,0.2782539,0.1357548,0.0,0.0,0.0,0.0,0.0,0.0,0.0,-2.191542,-0.208274,0.7705501,0.1561659,0.001548871,-2.327142,-0.0693309,0.5468667,0.01802872,0.8341494,352.2192,66.67756,357.3533,0.03087998,0.0006323762,-0.9995214,0.2504753,0.002248623,0.4419159,2.043648,0.552312,-2.03127,0.4907294,0.3393448,1.915,0.4012237,-0.04575221,-0.9148367,-0.1059068,0.9897364,-0.09594603,0.9098369,0.1353832,0.3922602,moving,81.87481,63.99314,14.37308,10.04871
05/15/2023 12:31:18.458838,988,True,True,True,True,Eyes,0.1634673,0.001173602,-2.338995,0.9510134,0.2781047,0.1350232,0.0,0.0,0.0,0.0,0.0,0.0,0.0,-2.195741,-0.1972237,0.7427858,0.1632937,0.001261219,-2.320612,-0.06869562,0.5505266,0.02011482,0.8317432,352.1591,67.16798,357.5599,0.03472904,0.0006163631,-0.9993952,0.2354468,0.002113706,0.415401,2.053075,0.5493414,-2.038101,0.4868825,0.3366846,1.915,0.3930317,-0.0421768,-0.9185572,-0.1090983,0.9897527,-0.09212674,0.91303,0.1364217,0.3844027,moving,81.91926,64.10287,14.26502,9.971513
05/15/2023 12:31:18.478724,989,True,True,True,True,Eyes,0.1645518,0.001269089,-2.33802,0.951324,0.2773361,0.1344151,0.0,0.0,0.0,0.0,0.0,0.0,0.0,-2.198087,-0.1779748,0.721086,0.1703123,0.001348123,-2.313918,-0.06191107,0.5536798,0.01741995,0.8302424,352.9871,67.53805,357.7115,0.0382306,0.0006048116,-0.9992675,0.22132,0.001986883,0.3904769,2.056924,0.5692842,-2.04988,0.4830046,0.334003,1.915,0.3862706,-0.03963225,-0.9215338,-0.09748337,0.9917271,-0.08351224,0.9172198,0.1220925,0.3792115,moving,81.95776,64.14215,14.15599,9.893667
05/15/2023 12:31:18.488811,990,True,True,True,True,Eyes,0.1658808,0.001406381,-2.336831,0.9517199,0.2763489,0.1336436,0.0,0.0,0.0,0.0,0.0,0.0,0.0,-2.199893,-0.1610931,0.7008505,0.1773651,0.00225611,-2.30764,-0.05631482,0.556367,0.01588674,0.8288742,353.6251,67.85823,357.9052,0.04143043,0.0005985041,-0.99914,0.2080408,0.00186767,0.3670483,2.063939,0.5702829,-2.055195,0.4792132,0.3313815,1.915001,0.3804069,-0.0363272,-0.9241056,-0.08899962,0.9931526,-0.07567809,0.9205269,0.1110335,0.374569,moving,82.00661,64.19137,14.04928,9.817533
05/15/2023 12:31:18.510229,991,True,True,True,True,Eyes,0.1674635,0.001553445,-2.335454,0.9521812,0.2751564,0.1328159,0.0,0.0,0.0,0.0,0.0,0.0,0.0,-2.201414,-0.1495909,0.6791292,0.1845962,0.003440559,-2.301245,-0.05255682,0.5590744,0.01497342,0.8273146,354.0475,68.20113,358.0415,0.0443701,0.0005987092,-0.9990138,0.1955583,0.00175561,0.3450254,2.078365,0.5423205,-2.053251,0.4753714,0.3287246,1.915,0.3744233,-0.03399087,-0.9266347,-0.0835418,0.9940271,-0.07021953,0.9234869,0.1037046,0.3693472,moving,82.05928,64.23376,13.94106,9.740334
05/15/2023 12:31:18.528604,992,True,True,True,True,Eyes,0.1692778,0.001706313,-2.333876,0.9526869,0.2738852,0.1318126,0.0,0.0,0.0,0.0,0.0,0.0,0.0,-2.202768,-0.1423314,0.6561507,0.1921149,0.003886163,-2.294788,-0.05083672,0.561783,0.01491413,0.8255867,354.2207,68.56232,358.1285,0.04708705,0.0006052044,-0.9988895,0.1838248,0.001650273,0.3243239,2.090486,0.5215059,-2.050632,0.4713983,0.3259773,1.915001,0.3683551,-0.03249259,-0.9291172,-0.0817442,0.9943864,-0.06718323,0.9260845,0.1006972,0.3636312,moving,82.12263,64.2999,13.82903,9.660466
05/15/2023 12:31:18.538834,993,True,True,True,True,Eyes,0.1713136,0.001860412,-2.332103,0.9532318,0.2725092,0.1307207,0.0,0.0,0.0,0.0,0.0,0.0,0.0,-2.203354,-0.1373757,0.6343764,0.1995302,0.004207835,-2.288284,-0.04923802,0.5642615,0.01422258,0.8240039,354.4223,68.89526,358.1502,0.04961378,0.0006176206,-0.9987673,0.1727953,0.001551257,0.3048644,2.101112,0.5075008,-2.049857,0.4675097,0.323288,1.915,0.3628135,-0.03212732,-0.9313079,-0.07900514,0.9947466,-0.06509414,0.9285067,0.09719514,0.3583693,moving,82.19149,64.37331,13.71929,9.582255
05/15/2023 12:31:18.558999,994,True,True,True,True,Eyes,0.1735599,0.002029615,-2.330155,0.9538409,0.2709893,0.1294304,0.0,0.0,0.0,0.0,0.0,0.0,0.0,-2.203463,-0.1377388,0.6133037,0.2070044,0.004444107,-2.281993,-0.04845835,0.5665393,0.0127216,0.8225105,354.5988,69.20985,358.044,0.05197976,0.0006354335,-0.998647,0.1624276,0.001458182,0.2865726,2.110187,0.5005613,-2.050888,0.4637809,0.3207098,1.915,0.3577428,-0.03397982,-0.9332017,-0.07583439,0.9949799,-0.06530042,0.9307359,0.09412955,0.3533702,moving,82.27251,64.46984,13.61395,9.507236
05/15/2023 12:31:18.579008,995,True,True,True,True,Eyes,0.1760098,0.002211245,-2.328055,0.9544734,0.2694238,0.1280291,0.0,0.0,0.0,0.0,0.0,0.0,0.0,-2.203501,-0.142564,0.5910279,0.2143446,0.005064547,-2.27576,-0.04779176,0.5690461,0.009984827,0.820855,354.8465,69.56059,357.8134,0.05421118,0.00065877,-0.9985284,0.152682,0.001370691,0.2693782,2.119365,0.4919422,-2.051055,0.4599391,0.318053,1.915,0.3521737,-0.03799924,-0.9351629,-0.07078361,0.9952325,-0.06709654,0.9332541,0.08982385,0.347805,moving,82.36018,64.58312,13.50532,9.429898
05/15/2023 12:31:18.589286,996,True,True,True,True,Eyes,0.1786495,0.002421298,-2.325799,0.9551333,0.2678641,0.1263693,0.0,0.0,0.0,0.0,0.0,0.0,0.0,-2.203896,-0.1485443,0.5671334,0.2216504,0.005634293,-2.269737,-0.04786505,0.5718151,0.007730638,0.8189484,354.9952,69.95369,357.5792,0.0563297,0.0006876141,-0.9984112,0.143521,0.001288449,0.2532155,2.128559,0.482904,-2.051347,0.4559243,0.3152767,1.915001,0.3459353,-0.04207794,-0.9373143,-0.06740192,0.9952983,-0.06955703,0.9358343,0.08723901,0.3414727,moving,82.46323,64.74363,13.3917,9.349042
05/15/2023 12:31:18.608826,997,True,True,True,True,Eyes,0.1814735,0.002648409,-2.323403,0.9557446,0.266499,0.1246213,0.0,0.0,0.0,0.0,0.0,0.0,0.0,-2.204717,-0.1520959,0.5408843,0.228903,0.006564662,-2.263631,-0.04815109,0.5750028,0.006650262,0.8167062,355.0493,70.40572,357.4393,0.05835613,0.0007226607,-0.9982947,0.1349098,0.001211142,0.2380226,2.138637,0.4710874,-2.053549,0.4521733,0.3126831,1.915,0.3386551,-0.0445114,-0.9398571,-0.06623663,0.9952745,-0.07100274,0.9385762,0.08629841,0.3341064,moving,82.57101,64.93809,13.28545,9.273479
05/15/2023 12:31:18.628742,998,True,True,True,True,Eyes,0.1844683,0.00286176,-2.320872,0.9563473,0.2652504,0.1226466,0.0,0.0,0.0,0.0,0.0,0.0,0.0,-2.206013,-0.1527059,0.5133914,0.2362136,0.007203951,-2.257772,-0.04856777,0.5784171,0.006597179,0.8142674,355.0247,70.88998,357.3857,0.06030845,0.0007640487,-0.9981787,0.1268152,0.001138474,0.2237412,2.147927,0.4623069,-2.057465,0.4481862,0.3099259,1.914999,0.3307803,-0.04544112,-0.9426132,-0.0669286,0.9951953,-0.07146246,0.9413314,0.08672615,0.3261496,moving,82.692,65.1851,13.17241,9.193108
05/15/2023 12:31:18.638577,999,True,True,True,True,Eyes,0.1876273,0.003072213,-2.318249,0.956946,0.264007,0.1206423,0.0,0.0,0.0,0.0,0.0,0.0,0.0,-2.207185,-0.1456863,0.4872675,0.2433757,0.007049501,-2.251896,-0.04827596,0.5816705,0.008026532,0.8119511,354.9668,71.34364,357.5186,0.06220175,0.0008105719,-0.9980626,0.1192063,0.001070165,0.2103168,2.156406,0.4578716,-2.063265,0.4443549,0.3072763,1.915,0.32319,-0.0431271,-0.9453509,-0.0691957,0.99521,-0.06905784,0.9438009,0.08773302,0.3186578,moving,82.81462,65.44121,13.06368,9.115841
05/15/2023 12:31:18.659193,1000,True,True,True,True,Eyes,0.1909463,0.003283271,-2.315526,0.9575346,0.2628343,0.118514,0.0,0.0,0.0,0.0,0.0,0.0,0.0,-2.207933,-0.1328759,0.4649163,0.2503219,0.007221073,-2.246343,-0.04513076,0.584487,0.008366809,0.810104,355.2446,71.71423,357.7456,0.06404962,0.0008616179,-0.9979456,0.1120539,0.001005955,0.1976978,2.1642,0.4564499,-2.070239,0.4405548,0.3046484,1.915,0.3166099,-0.03920072,-0.9477456,-0.06631265,0.9957864,-0.06334063,0.9462352,0.0829018,0.3126764,moving,82.94438,65.72902,12.95574,9.039173
05/15/2023 12:31:18.678684,1001,True,True,True,True,Eyes,0.1944144,0.003486855,-2.312716,0.9580529,0.2618704,0.116441,0.0,0.0,0.0,0.0,0.0,0.0,0.0,-2.208545,-0.1216981,0.4434268,0.2575358,0.007398173,-2.241144,-0.04365472,0.5869877,0.01005615,0.8083556,355.2745,72.05362,357.9879,0.06586412,0.0009167842,-0.9978275,0.1053307,0.0009455981,0.1858359,2.170933,0.4566164,-2.075133,0.4364759,0.3018279,1.915,0.3106885,-0.03499169,-0.9498675,-0.06750745,0.9959863,-0.0587714,0.9481117,0.08238274,0.3070793,moving,83.0703,66.02762,12.83979,8.95685
05/15/2023 12:31:18.688596,1002,True,True,True,True,Eyes,0.1980317,0.003669488,-2.309824,0.9585854,0.2608975,0.1142208,0.0,0.0,0.0,0.0,0.0,0.0,0.0,-2.209102,-0.1118321,0.4223084,0.2646603,0.007364959,-2.236265,-0.04281994,0.5894076,0.01195572,0.8066116,355.2291,72.38745,358.2065,0.06765524,0.0009753514,-0.9977076,0.09901082,0.0008888622,0.1746857,2.17956,0.4470744,-2.076766,0.4328573,0.2993259,1.915001,0.3049113,-0.03118956,-0.95187,-0.06976405,0.9960471,-0.05498455,0.9498222,0.0831717,0.3015302,moving,83.20493,66.35621,12.73682,8.883785
05/15/2023 12:31:18.708839,1003,True,True,True,True,Eyes,0.2017985,0.003830197,-2.306892,0.9591061,0.2599377,0.1120167,0.0,0.0,0.0,0.0,0.0,0.0,0.0,-2.209347,-0.1061555,0.4002016,0.2719166,0.007044271,-2.231291,-0.04174623,0.5919901,0.01212805,0.804772,355.3222,72.74661,358.2805,0.06943275,0.001036113,-0.9975854,0.09307017,0.0008355305,0.1642046,2.186427,0.4456118,-2.078007,0.4289915,0.2966525,1.915001,0.2988015,-0.02990608,-0.9538466,-0.06894734,0.9962204,-0.05283302,0.9518214,0.08155177,0.2956101,moving,83.33846,66.68703,12.62673,8.805687
05/15/2023 12:31:18.728679,1004,True,True,True,True,Eyes,0.2057008,0.003982955,-2.303887,0.9596454,0.2589648,0.1096264,0.0,0.0,0.0,0.0,0.0,0.0,0.0,-2.209489,-0.1049649,0.3774003,0.2790962,0.006763145,-2.226511,-0.04115216,0.594682,0.01137898,0.8028264,355.4339,73.12763,358.2366,0.07120467,0.001097912,-0.9974604,0.08748596,0.0007853986,0.1543523,2.192667,0.4461447,-2.079586,0.4250476,0.2939248,1.915001,0.2924477,-0.03067419,-0.9557894,-0.06721559,0.996354,-0.05254232,0.9539163,0.07960983,0.2893196,moving,83.48299,67.05582,12.51432,8.725973
05/15/2023 12:31:18.738766,1005,True,True,True,True,Eyes,0.2097271,0.004106756,-2.300773,0.9601531,0.2580714,0.1072621,0.0,0.0,0.0,0.0,0.0,0.0,0.0,-2.209268,-0.1072208,0.3540406,0.2863161,0.006761283,-2.22164,-0.04133482,0.5974047,0.01042509,0.8008062,355.4886,73.5202,358.1208,0.07297835,0.001160334,-0.9973322,0.0822368,0.0007382747,0.1450912,2.200442,0.4408191,-2.0824,0.4212549,0.2913024,1.915,0.2859981,-0.03269027,-0.9576725,-0.06608418,0.9963655,-0.05374637,0.9559487,0.07865836,0.2827984,moving,83.62572,67.43079,12.40613,8.649303
05/15/2023 12:31:18.758834,1006,True,True,True,True,Eyes,0.2138897,0.004189949,-2.297602,0.9606541,0.2572488,0.104722,0.0,0.0,0.0,0.0,0.0,0.0,0.0,-2.209335,-0.1071773,0.3296992,0.293708,0.006145701,-2.21699,-0.04233904,0.6002434,0.01084211,0.7986225,355.3745,73.93475,358.0734,0.07475949,0.001222077,-0.9972001,0.0773026,0.0006939782,0.1363857,2.208513,0.4339975,-2.086576,0.4174002,0.2886373,1.914999,0.2791806,-0.03350995,-0.9596539,-0.06814497,0.9961797,-0.05461001,0.9578176,0.08064163,0.2758305,moving,83.77869,67.84953,12.29608,8.57136
05/15/2023 12:31:18.778651,1007,True,True,True,True,Eyes,0.2181815,0.004224512,-2.294374,0.9611886,0.2562301,0.1022867,0.0,0.0,0.0,0.0,0.0,0.0,0.0,-2.209212,-0.1047987,0.3060551,0.3012033,0.005246684,-2.212355,-0.04267634,0.6029822,0.01122527,0.7965333,355.3239,74.33089,358.069,0.07655341,0.001281451,-0.9970639,0.07266444,0.0006523395,0.1282026,2.216295,0.4287032,-2.091337,0.4133903,0.285864,1.914999,0.2725731,-0.03358354,-0.9615488,-0.06934875,0.9961054,-0.05444898,0.9596326,0.08152354,0.2691825,moving,83.92562,68.23818,12.1815,8.490208
05/15/2023 12:31:18.788736,1008,True,True,True,True,Eyes,0.2226038,0.004224812,-2.291105,0.9617453,0.2552077,0.09957474,0.0,0.0,0.0,0.0,0.0,0.0,0.0,-2.209372,-0.1026788,0.2805434,0.3087528,0.004129961,-2.207991,-0.04239659,0.6060962,0.01081724,0.794187,355.3853,74.77852,358.0331,0.07836594,0.001336624,-0.996923,0.06830458,0.0006131991,0.1205104,2.222971,0.4289858,-2.097281,0.4095642,0.2832179,1.915,0.2650608,-0.03421099,-0.9636247,-0.06857464,0.9961711,-0.05422906,0.9617901,0.08045421,0.2616999,moving,84.08892,68.68569,12.07207,8.412746
05/15/2023 12:31:18.809074,1009,True,True,True,True,Eyes,0.2271439,0.004191121,-2.287756,0.962333,0.2540711,0.09676253,0.0,0.0,0.0,0.0,0.0,0.0,0.0,-2.209661,-0.1019229,0.2511183,0.3163913,0.003332078,-2.203619,-0.0423113,0.6098716,0.0102325,0.7913039,355.4435,75.32513,357.964,0.08020045,0.001386503,-0.9967771,0.0642063,0.0005764072,0.1132798,2.230047,0.4272488,-2.102332,0.4057854,0.2806051,1.915,0.2559039,-0.03541489,-0.9660534,-0.06780295,0.9962101,-0.05448117,0.9643216,0.07944321,0.2525328,moving,84.25821,69.15075,11.96391,8.336228
05/15/2023 12:31:18.828798,1010,True,True,True,True,Eyes,0.2318037,0.004107268,-2.284362,0.9629397,0.2529315,0.09366308,0.0,0.0,0.0,0.0,0.0,0.0,0.0,-2.209934,-0.1015706,0.2191296,0.3241084,0.002430186,-2.199338,-0.04275812,0.6140544,0.009977095,0.7880415,355.4319,75.93694,357.8851,0.08206176,0.001430176,-0.9966255,0.06035392,0.0005418228,0.106483,2.238067,0.4213525,-2.109261,0.4019726,0.277969,1.915,0.2456752,-0.0367869,-0.968654,-0.06823636,0.9961444,-0.05513738,0.9669476,0.0796433,0.2422178,moving,84.44444,69.6799,11.8547,8.259001
05/15/2023 12:31:18.838808,1011,True,True,True,True,Eyes,0.2365791,0.003970712,-2.2809,0.9635812,0.2516133,0.09056547,0.0,0.0,0.0,0.0,0.0,0.0,0.0,-2.209487,-0.0984287,0.1880399,0.3317232,0.001159653,-2.194729,-0.04231321,0.6181282,0.009632516,0.7848787,355.5074,76.52801,357.8622,0.08395198,0.001466053,-0.9964681,0.05673269,0.0005093134,0.100094,2.246293,0.4156638,-2.119678,0.398176,0.2753429,1.915,0.2356495,-0.03718927,-0.9711263,-0.06743069,0.9962336,-0.05451321,0.9694961,0.07832973,0.2322542,moving,84.63064,70.20422,11.74585,8.182037
05/15/2023 12:31:18.859169,1012,True,True,True,True,Eyes,0.24147,0.003789291,-2.277395,0.9642475,0.2502159,0.08728548,0.0,0.0,0.0,0.0,0.0,0.0,0.0,-2.208631,-0.09355374,0.15957,0.3394687,-0.0001862198,-2.190211,-0.04086276,0.6217656,0.008910908,0.782086,355.6989,77.04964,357.8807,0.08587525,0.001492632,-0.9963042,0.05332873,0.0004787546,0.09408838,2.25405,0.4119616,-2.132323,0.3941585,0.2725652,1.915001,0.2266563,-0.03687593,-0.9732766,-0.06475231,0.9965017,-0.05283539,0.9718201,0.07499737,0.2234755,moving,84.82758,70.76916,11.63058,8.100594
05/15/2023 12:31:18.878621,1013,True,True,True,True,Eyes,0.3669654,-0.001906559,-2.188934,0.9768766,0.2136398,0.008380222,0.0,0.0,0.0,0.0,0.0,0.0,0.0,-2.207106,-0.09017563,0.1334871,0.3471872,-0.001408905,-2.185571,-0.03950052,0.6249605,0.007909531,0.7796162,355.9012,77.50929,357.8719,0.08783308,0.001508855,-0.9961335,0.050129,0.0004500293,0.08844308,2.262045,0.4053944,-2.143501,0.3900974,0.2697567,1.915001,0.2187235,-0.03703974,-0.9750838,-0.06170533,0.9967543,-0.05170422,0.973834,0.07147679,0.215728,moving,89.5085,87.75367,11.51396,8.018215
05/15/2023 12:31:18.888786,1014,True,True,True,True,Eyes,0.3672956,-0.00196247,-2.188744,0.9768895,0.2135932,0.008054447,0.0,0.0,0.0,0.0,0.0,0.0,0.0,-2.205304,-0.090011,0.1068372,0.3553158,-0.002777219,-2.180969,-0.03978029,0.6280931,0.007383046,0.7770857,355.9229,77.97371,357.7881,0.09633549,0.001246541,-0.9953476,0.4236075,-0.01666452,0.3485207,2.27079,0.3954774,-2.152489,0.3864416,0.2672288,1.915001,0.2108891,-0.03849693,-0.9767517,-0.06144597,0.996726,-0.0525509,0.9755769,0.07109986,0.2078331,moving,89.52761,87.84044,11.40891,7.944042
05/15/2023 12:31:18.909212,1015,True,True,True,True,Eyes,0.3679554,-0.002086812,-2.188349,0.9769062,0.2135282,0.007746625,0.0,0.0,0.0,0.0,0.0,0.0,0.0,-2.202934,-0.09189948,0.08016622,0.3636322,-0.004143432,-2.176131,-0.04022637,0.6311725,0.006378342,0.7745725,355.9649,78.43361,357.6502,0.1034927,0.001025898,-0.9946293,0.398191,-0.01566465,0.3276094,2.27944,0.3850213,-2.159214,0.3826153,0.2645829,1.915,0.2031611,-0.04089858,-0.9782908,-0.06066053,0.9966823,-0.0542648,0.9772645,0.07036814,0.2000061,moving,89.54567,87.92226,11.29886,7.866378
05/15/2023 12:31:18.928923,1016,True,True,True,True,Eyes,0.3689334,-0.002291438,-2.187768,0.9769158,0.2135051,0.007138467,0.0,0.0,0.0,0.0,0.0,0.0,0.0,-2.200173,-0.09381957,0.05321872,0.372322,-0.005904019,-2.171114,-0.04129934,0.6342002,0.00578137,0.7720436,355.9227,78.89213,357.503,0.1097474,0.0008293247,-0.9939588,0.3742996,-0.01472477,0.3079529,2.287313,0.3798007,-2.166599,0.3786731,0.2618568,1.915,0.1955136,-0.04345715,-0.9797378,-0.06131102,0.9965219,-0.05643668,0.9787827,0.07110286,0.1921692,moving,89.58134,88.08505,11.1854,7.786325
05/15/2023 12:31:18.939076,1017,True,True,True,True,Eyes,0.370216,-0.002581871,-2.186989,0.9769365,0.2134269,0.006654072,0.0,0.0,0.0,0.0,0.0,0.0,0.0,-2.197166,-0.09162243,0.02673054,0.3809958,-0.008038446,-2.16597,-0.04200911,0.6371751,0.005980764,0.76955,355.8552,79.34062,357.4526,0.1154204,0.0006431368,-0.9933161,0.3518416,-0.01384129,0.2894757,2.295534,0.3736727,-2.173958,0.3749102,0.2592546,1.915,0.1879442,-0.04432932,-0.9811788,-0.06273931,0.9963989,-0.05703464,0.9801738,0.07227781,0.1844862,moving,89.60976,88.21425,11.07701,7.709885
05/15/2023 12:31:18.958800,1018,True,True,True,True,Eyes,0.3718052,-0.002934472,-2.186038,0.9769679,0.2133031,0.005962444,0.0,0.0,0.0,0.0,0.0,0.0,0.0,-2.194168,-0.08436462,0.003560066,0.3897084,-0.01039553,-2.160908,-0.04104922,0.6396606,0.006237898,0.7675352,355.9289,79.70307,357.5327,0.1205853,0.0004624229,-0.9927025,0.3307311,-0.01301081,0.2721072,2.303503,0.3698179,-2.18111,0.3710373,0.2565765,1.915001,0.1815907,-0.04293953,-0.9824361,-0.06209075,0.9965521,-0.05503315,0.9814119,0.07099371,0.1782984,moving,89.65033,88.39883,10.96537,7.631184
05/15/2023 12:31:18.978842,1019,True,True,True,True,Eyes,0.3737001,-0.003355929,-2.184896,0.9770134,0.2131126,0.005283284,0.0,0.0,0.0,0.0,0.0,0.0,0.0,-2.190817,-0.07951533,-0.01904178,0.3986976,-0.01223207,-2.15575,-0.04031228,0.6419733,0.006136257,0.7656422,356.0085,80.04294,357.5662,0.1253082,0.0002838237,-0.9921175,0.3108872,-0.01223016,0.2557807,2.311078,0.3669551,-2.187214,0.3669682,0.2537628,1.915001,0.1756655,-0.04236245,-0.9835382,-0.06115516,0.9966745,-0.05385093,0.9825487,0.06960817,0.1724907,moving,89.69017,88.57987,10.84798,7.548467
05/15/2023 12:31:18.989543,1020,True,True,True,True,Eyes,0.3758978,-0.003844948,-2.183594,0.9770663,0.2128917,0.00430665,0.0,0.0,0.0,0.0,0.0,0.0,0.0,-2.187236,-0.07693177,-0.04363739,0.4080557,-0.01430033,-2.150606,-0.0402298,0.6445384,0.005821349,0.7634907,356.0472,80.42728,357.5313,0.1296485,0.0001040128,-0.9915596,0.292234,-0.01149635,0.2404339,2.319483,0.3603064,-2.190195,0.3632831,0.2512143,1.915,0.1690727,-0.04297021,-0.9846665,-0.06074839,0.9966953,-0.05392599,0.9837297,0.06893431,0.1659036,moving,89.74746,88.8411,10.7416,7.473524
05/15/2023 12:31:19.014033,1021,True,True,True,True,Eyes,0.378382,-0.004399326,-2.182112,0.9771474,0.2125379,0.003270531,0.0,0.0,0.0,0.0,0.0,0.0,0.0,-2.183221,-0.07520917,-0.07155585,0.4175758,-0.01639333,-2.145365,-0.04025269,0.6476462,0.005298318,0.7608588,356.0942,80.8955,357.4679,0.1336593,-7.995855e-05,-0.991027,0.2746999,-0.01080657,0.2260078,2.328219,0.353574,-2.192342,0.3594444,0.24856,1.915,0.1610525,-0.04407647,-0.9859612,-0.06020156,0.9967033,-0.05439036,0.9851081,0.06811611,0.1578681,moving,89.80824,89.1184,10.63069,7.395435
05/15/2023 12:31:19.028889,1022,True,True,True,True,Eyes,0.3811471,-0.005014505,-2.180482,0.9772355,0.2121487,0.001927519,0.0,0.0,0.0,0.0,0.0,0.0,0.0,-2.179027,-0.07192235,-0.1001378,0.4270713,-0.01849753,-2.140239,-0.03937982,0.6509176,0.004524157,0.7581128,356.2388,81.38271,357.4494,0.1373878,-0.0002706487,-0.990517,0.2582179,-0.01015817,0.2124474,2.337082,0.3475132,-2.196302,0.3555936,0.2458968,1.915001,0.1525716,-0.0444064,-0.9872944,-0.05812569,0.9968575,-0.053819,0.9865818,0.06559842,0.1495111,moving,89.88699,89.47944,10.51936,7.317059
05/15/2023 12:31:19.038742,1023,True,True,True,True,Eyes,0.3841848,-0.00569254,-2.178656,0.9773549,0.2116063,0.00040555,0.0,0.0,0.0,0.0,0.0,0.0,0.0,-2.174333,-0.06676394,-0.1298361,0.4366339,-0.02056187,-2.134939,-0.0386566,0.654364,0.004428985,0.755178,356.3201,81.89907,357.4786,0.1408762,-0.0004701746,-0.9900268,0.2427249,-0.009548685,0.1997005,2.346045,0.3408744,-2.202919,0.3515831,0.2431235,1.915001,0.1435764,-0.04390163,-0.988665,-0.05728032,0.9969721,-0.0525889,0.9879801,0.06418157,0.140627,moving,89.97623,89.8902,10.40332,7.235413
05/15/2023 12:31:19.058903,1024,True,True,True,True,Eyes,0.3874838,-0.006404381,-2.176699,0.977513,0.2108704,-0.001398635,0.0,0.0,0.0,0.0,0.0,0.0,0.0,-2.169253,-0.06123067,-0.159638,0.4463987,-0.0227619,-2.129578,-0.03726813,0.6578164,0.003912204,0.7522454,356.4904,82.41339,357.5226,0.1441621,-0.000680522,-0.9895535,0.2281614,-0.008975764,0.1877185,2.355466,0.3314633,-2.210303,0.3478509,0.2405425,1.915001,0.1345244,-0.04314531,-0.9899704,-0.05491706,0.9971915,-0.05092255,0.9893872,0.06121659,0.1317772,moving,-89.91802,-89.61999,10.29526,7.159404
05/15/2023 12:31:19.078644,1025,True,True,True,True,Eyes,0.3910416,-0.007135406,-2.174613,0.9777706,0.2096471,-0.0035743,0.0,0.0,0.0,0.0,0.0,0.0,0.0,-2.163879,-0.05832564,-0.1892364,0.4560125,-0.02423035,-2.124394,-0.03505356,0.6612723,0.002279889,0.7493232,356.8157,82.92487,357.535,0.1472786,-0.0009021988,-0.9890943,0.2144717,-0.008437218,0.1764554,2.364358,0.3242635,-2.218027,0.3437833,0.2377301,1.915,0.1254277,-0.04294315,-0.9911731,-0.04977664,0.9975321,-0.04951764,0.9908534,0.05554815,0.1229806,moving,-89.79056,-89.02325,10.1774,7.076554
05/15/2023 12:31:19.088957,1026,True,True,True,True,Eyes,0.3948386,-0.007848579,-2.172415,0.9780525,0.2082718,-0.006020593,0.0,0.0,0.0,0.0,0.0,0.0,0.0,-2.158262,-0.05752205,-0.2200797,0.4658542,-0.02536254,-2.119475,-0.03419364,0.6648535,0.0011812,0.74619,356.9848,83.46795,357.4916,0.150255,-0.001134967,-0.9886463,0.2016034,-0.007930985,0.1658681,2.373903,0.3142589,-2.225798,0.3400103,0.2351212,1.914999,0.1159372,-0.04370472,-0.9922946,-0.04723032,0.9976588,-0.04945926,0.992133,0.05260056,0.1136015,moving,-89.64732,-88.34418,10.06801,6.999672
05/15/2023 12:31:19.108539,1027,True,True,True,True,Eyes,0.3988809,-0.008490168,-2.170066,0.9783754,0.2066472,-0.008858562,0.0,0.0,0.0,0.0,0.0,0.0,0.0,-2.152212,-0.05859972,-0.2498727,0.4754341,-0.02559087,-2.114521,-0.03256704,0.6683072,-0.0007010142,0.7431719,357.2792,83.98852,357.4425,0.1531177,-0.001377005,-0.9882066,0.1895072,-0.007455125,0.155916,2.384095,0.2996369,-2.233658,0.3362273,0.232505,1.915,0.1067299,-0.04457152,-0.9932885,-0.04248763,0.9978778,-0.04934279,0.9933799,0.04746882,0.1046096,moving,-89.48124,-87.54534,9.958241,6.922544
05/15/2023 12:31:19.129308,1028,True,True,True,True,Eyes,0.4031657,-0.009056387,-2.167621,0.9786147,0.2053505,-0.01202025,0.0,0.0,0.0,0.0,0.0,0.0,0.0,-2.145416,-0.06395972,-0.2822354,0.4854959,-0.02451319,-2.109561,-0.03276403,0.6720502,-0.00212083,0.7397774,357.3849,84.56889,357.2932,0.1558896,-0.001624158,-0.9877728,0.1781368,-0.007007818,0.146561,2.393467,0.2901356,-2.243096,0.3323617,0.2298319,1.915001,0.09668805,-0.04717602,-0.9941961,-0.04090026,0.997844,-0.05132678,0.9944741,0.04562556,0.0945501,moving,-89.29627,-86.65,9.846004,6.843711
05/15/2023 12:31:19.138578,1029,True,True,True,True,Eyes,0.4076705,-0.009553077,-2.165077,0.9788378,0.204059,-0.01537936,0.0,0.0,0.0,0.0,0.0,0.0,0.0,-2.138223,-0.06656215,-0.3154206,0.4956466,-0.02332889,-2.104688,-0.03628767,0.6758256,-0.0004732758,0.7361677,356.9741,85.1813,357.1447,0.1585917,-0.001872563,-0.9873422,0.1674486,-0.006587349,0.1377673,2.403158,0.2772818,-2.251589,0.3283949,0.2270888,1.915,0.08651923,-0.04974509,-0.9950075,-0.04835144,0.997366,-0.05406732,0.9950762,0.05278791,0.08388612,moving,-89.09985,-85.68993,9.730752,6.762794
05/15/2023 12:31:19.158734,1030,True,True,True,True,Eyes,0.412391,-0.00995912,-2.162438,0.9789942,0.2030066,-0.01893763,0.0,0.0,0.0,0.0,0.0,0.0,0.0,-2.130913,-0.07022578,-0.3459387,0.5054671,-0.022175,-2.099859,-0.03840841,0.679234,-0.0001353122,0.7329161,356.7831,85.73042,356.993,0.1612421,-0.002119006,-0.9869123,0.1574016,-0.006192108,0.1295013,2.412119,0.2715364,-2.26275,0.3246146,0.2244746,1.915,0.0772825,-0.05237493,-0.9956326,-0.05197825,0.9970495,-0.0564841,0.9956534,0.05611646,0.07433213,moving,-88.89182,-84.67054,9.620841,6.685649
05/15/2023 12:31:19.179493,1031,True,True,True,True,Eyes,0.41733,-0.01027733,-2.15969,0.979077,0.2022455,-0.02247334,0.0,0.0,0.0,0.0,0.0,0.0,0.0,-2.1236,-0.0750246,-0.3731273,0.5153988,-0.02044283,-2.094869,-0.04148292,0.6820013,0.0006499167,0.7301733,356.476,86.1909,356.8047,0.163856,-0.002359585,-0.9864811,0.1479575,-0.005820582,0.1217312,2.418245,0.2830251,-2.275191,0.3207543,0.2218053,1.915,0.06974755,-0.05563371,-0.9960122,-0.05753192,0.9965575,-0.05969296,0.9959044,0.06146593,0.06630673,moving,-88.68509,-83.65936,9.508533,6.606857
05/15/2023 12:31:19.189088,1032,True,True,True,True,Eyes,0.4224809,-0.01050254,-2.156872,0.9790674,0.2018605,-0.02606497,0.0,0.0,0.0,0.0,0.0,0.0,0.0,-2.116963,-0.07613729,-0.3968645,0.5256321,-0.01877521,-2.090022,-0.04635566,0.6840515,0.003555518,0.7279506,355.8508,86.55979,356.6523,0.1664483,-0.00259095,-0.9860466,0.1390801,-0.005471347,0.1144274,2.425239,0.2871134,-2.285292,0.3167892,0.2190635,1.915,0.06412188,-0.05824282,-0.996241,-0.06859579,0.995677,-0.06262494,0.9955817,0.07235357,0.05984951,moving,-88.47502,-82.64247,9.393101,6.525897
05/15/2023 12:31:19.208945,1033,True,True,True,True,Eyes,0.4278434,-0.01060004,-2.153969,0.9790409,0.2015128,-0.02952168,0.0,0.0,0.0,0.0,0.0,0.0,0.0,-2.11112,-0.07721791,-0.4168862,0.5358935,-0.01685169,-2.085454,-0.05051541,0.6854711,0.006030843,0.7263203,355.3167,86.82764,356.5203,0.169031,-0.002809803,-0.9856064,0.1307353,-0.005143066,0.1075617,2.431935,0.2955616,-2.292584,0.3130198,0.2164567,1.915,0.06018612,-0.06049305,-0.9963524,-0.07801435,0.9948236,-0.0651128,0.9951339,0.08164867,0.05515525,moving,-88.27285,-81.66544,9.283287,6.448898
05/15/2023 12:31:19.228847,1034,True,True,True,True,Eyes,0.4334144,-0.01061376,-2.151017,0.9789095,0.2015875,-0.03314541,0.0,0.0,0.0,0.0,0.0,0.0,0.0,-2.10497,-0.08495501,-0.4388001,0.5463859,-0.01399574,-2.081329,-0.05543473,0.6870844,0.007306052,0.7244231,354.8159,87.14043,356.2237,0.1716155,-0.003011605,-0.9851591,0.1228912,-0.004834482,0.101108,2.437332,0.3146763,-2.296858,0.3092193,0.2138285,1.915,0.05572325,-0.06559132,-0.9962896,-0.08676202,0.9937472,-0.07027663,0.9946694,0.09035613,0.04968395,moving,-88.06074,-80.66286,9.172503,6.371243
05/15/2023 12:31:19.238567,1035,True,True,True,True,Eyes,0.4391802,-0.01061834,-2.147997,0.9788357,0.2013369,-0.03666303,0.0,0.0,0.0,0.0,0.0,0.0,0.0,-2.098003,-0.08701726,-0.4643712,0.5569951,-0.01209667,-2.077123,-0.06075712,0.68929,0.009958318,0.7218648,354.1776,87.55872,356.0009,0.1742118,-0.003194271,-0.9847027,0.1155177,-0.004544413,0.09504153,2.44348,0.3311523,-2.297914,0.305443,0.2112173,1.915,0.04956056,-0.06938142,-0.9963583,-0.09813567,0.9924188,-0.07398852,0.9939383,0.1014452,0.04237607,moving,-87.85495,-79.67964,9.062356,6.294069
05/15/2023 12:31:19.258454,1036,True,True,True,True,Eyes,0.4451064,-0.01060279,-2.144935,0.9788173,0.2007454,-0.04022417,0.0,0.0,0.0,0.0,0.0,0.0,0.0,-2.090836,-0.08390056,-0.4898232,0.5674568,-0.01189499,-2.072779,-0.06202381,0.6917804,0.01101081,0.7193551,354.0034,87.97248,355.9655,0.1768278,-0.003359272,-0.9842358,0.1085866,-0.004271748,0.08933903,2.449889,0.3464718,-2.301258,0.3015388,0.2085177,1.915,0.04263729,-0.06997234,-0.9966374,-0.1016551,0.9920636,-0.07400016,0.9939057,0.1044684,0.0351859,moving,-87.64677,-78.66946,8.948408,6.214256
05/15/2023 12:31:19.279130,1037,True,True,True,True,Eyes,0.4511812,-0.01049953,-2.141799,0.9789867,0.199196,-0.04365714,0.0,0.0,0.0,0.0,0.0,0.0,0.0,-2.084422,-0.08580586,-0.5102919,0.5772385,-0.01130612,-2.068633,-0.05859063,0.693792,0.008116289,0.7177424,354.5275,88.24767,355.9879,0.1794694,-0.003507468,-0.983757,0.1020714,-0.004015443,0.08397869,2.454944,0.3656548,-2.307543,0.2974353,0.2056796,1.915,0.03717379,-0.0696486,-0.9968787,-0.09295021,0.9930025,-0.07284392,0.9949766,0.09536799,0.03043983,moving,-87.44663,-77.63813,8.828561,6.130323
05/15/2023 12:31:19.289097,1038,True,True,True,True,Eyes,0.4574191,-0.01031978,-2.138645,0.9791296,0.1976761,-0.04721646,0.0,0.0,0.0,0.0,0.0,0.0,0.0,-2.078022,-0.09666042,-0.5301328,0.5869093,-0.00900954,-2.06495,-0.05584303,0.6956185,0.003761841,0.7162279,355.111,88.5051,355.8386,0.1821415,-0.003636534,-0.9832654,0.09594715,-0.003774517,0.07893997,2.462668,0.3689884,-2.312956,0.2935247,0.2029757,1.915001,0.03220163,-0.07230221,-0.9968628,-0.08307955,0.9937348,-0.07475906,0.9960226,0.08522628,0.02599308,moving,-87.23917,-76.56617,8.714276,6.050333
05/15/2023 12:31:19.309044,1039,True,True,True,True,Eyes,0.4638056,-0.01006906,-2.135442,0.9793479,0.1956983,-0.05079181,0.0,0.0,0.0,0.0,0.0,0.0,0.0,-2.070698,-0.1048078,-0.5537424,0.5970736,-0.006983787,-2.061275,-0.05717876,0.6977935,0.002391012,0.7140092,355.1246,88.87115,355.6033,0.1848489,-0.00374488,-0.9827595,0.09019031,-0.003548046,0.07420357,2.474762,0.3501965,-2.313934,0.2898961,0.2004666,1.915001,0.02615693,-0.07638353,-0.9967355,-0.08321235,0.9934497,-0.07831546,0.9961887,0.08498919,0.01962954,moving,-87.03114,-75.45039,8.608173,5.976084
05/15/2023 12:31:19.329124,1040,True,True,True,True,Eyes,0.470354,-0.009750603,-2.132223,0.9794863,0.1939683,-0.05461569,0.0,0.0,0.0,0.0,0.0,0.0,0.0,-2.062322,-0.1166414,-0.5791948,0.6070399,-0.005012587,-2.057601,-0.05913713,0.700271,0.0003301297,0.7114234,355.1467,89.29578,355.2591,0.187595,-0.003831299,-0.9822388,0.0847789,-0.003335163,0.06975135,2.487072,0.3300322,-2.315025,0.2859654,0.1977483,1.915,0.01924087,-0.08235431,-0.9964174,-0.08329377,0.9930054,-0.08368072,0.9963393,0.08460544,0.01224668,moving,-86.80853,-74.27437,8.493174,5.895627
05/15/2023 12:31:19.338816,1041,True,True,True,True,Eyes,0.4770605,-0.009414851,-2.128974,0.9795899,0.1922988,-0.05852079,0.0,0.0,0.0,0.0,0.0,0.0,0.0,-2.052605,-0.1245331,-0.6091425,0.6174905,-0.003113642,-2.053886,-0.06310365,0.7033216,0.000294505,0.7080654,354.8492,89.84391,354.9109,0.1903838,-0.003894872,-0.9817017,0.07969216,-0.003135053,0.06556627,2.495923,0.3279724,-2.320059,0.2820215,0.1950211,1.915,0.01067727,-0.08834727,-0.9960325,-0.08918139,0.9920357,-0.08894876,0.9959581,0.08977729,0.002713276,moving,-86.58121,-73.07383,8.37771,5.814879
05/15/2023 12:31:19.358840,1042,True,True,True,True,Eyes,0.4839087,-0.00906039,-2.125717,0.9796453,0.190718,-0.06262483,0.0,0.0,0.0,0.0,0.0,0.0,0.0,-2.043037,-0.1212218,-0.6396385,0.6279983,-0.00241898,-2.05023,-0.06675994,0.7065253,0.002644203,0.7045271,354.3872,90.41852,354.7762,0.1932184,-0.003937055,-0.9811476,0.0,0.0,0.0,2.504356,0.3251772,-2.327534,0.27828,0.1924338,1.915001,0.001630225,-0.09060933,-0.9958853,-0.09806098,0.9910722,-0.09033198,0.9951792,0.09780475,-0.007269569,moving,-86.34229,-71.82171,8.268111,5.738253
05/15/2023 12:31:19.378508,1043,True,True,True,True,Eyes,0.6588488,0.000583753,-2.043763,0.97625,0.1413226,-0.1642072,0.0,0.0,0.0,0.0,0.0,0.0,0.0,-2.033661,-0.1182562,-0.6682112,0.6382536,-0.001620814,-2.046679,-0.06697101,0.709682,0.003085673,0.7013251,354.3578,90.93663,354.7691,0.1961007,-0.003959095,-0.9805755,0.0,0.0,0.0,2.510761,0.3327742,-2.338822,0.2743453,0.1897129,1.915,-0.007316221,-0.09072812,-0.995849,-0.09938436,0.9910107,-0.08955721,0.9950223,0.0983166,-0.0162674,moving,-80.45211,-40.71646,8.152792,5.65765
05/15/2023 12:31:19.388845,1044,True,True,True,True,Eyes,0.6592544,0.00061575,-2.043638,0.9762003,0.1412577,-0.1645575,0.0,0.0,0.0,0.0,0.0,0.0,0.0,-2.024233,-0.1145293,-0.6967118,0.6488212,-0.0004429817,-2.0433,-0.06602409,0.7128575,0.003230456,0.6981867,354.4451,91.44218,354.8339,0.2087962,-0.003461244,-0.9779528,0.5248203,0.02893243,0.245862,2.515868,0.3457193,-2.350379,0.2704465,0.1870169,1.915,-0.0163525,-0.08962061,-0.9958417,-0.09864245,0.9912608,-0.08758857,0.9949886,0.09679998,-0.02505002,moving,-80.43164,-40.64311,8.038455,5.577757
05/15/2023 12:31:19.408713,1045,True,True,True,True,Eyes,0.660035,0.0006472068,-2.043378,0.9762359,0.1405546,-0.164948,0.0,0.0,0.0,0.0,0.0,0.0,0.0,-2.014507,-0.1111306,-0.7250309,0.6589651,0.0003747493,-2.040104,-0.06505327,0.7160836,0.003208529,0.6949692,354.5478,91.95816,354.8875,0.2195,-0.003047847,-0.9756075,0.493331,0.02719648,0.2311103,2.523444,0.345209,-2.35991,0.2666707,0.1844057,1.915001,-0.02557193,-0.08870751,-0.9957294,-0.09762683,0.9915156,-0.08582488,0.9948946,0.09501518,-0.03401519,moving,-80.4097,-40.43481,7.92766,5.50036
05/15/2023 12:31:19.428729,1046,True,True,True,True,Eyes,0.6611556,0.0006923393,-2.043004,0.9762942,0.1393878,-0.165592,0.0,0.0,0.0,0.0,0.0,0.0,0.0,-2.005133,-0.1118397,-0.7508142,0.6687015,0.0004868358,-2.037064,-0.06181403,0.7190884,0.000910267,0.6921634,355.0159,92.4058,354.9531,0.2285789,-0.00270342,-0.9735214,0.4637312,0.02556469,0.2172437,2.532007,0.341472,-2.368815,0.2627234,0.1816762,1.915,-0.03417781,-0.08763939,-0.9955658,-0.09015961,0.9923564,-0.08426169,0.9953408,0.08687995,-0.04181806,moving,-80.37351,-40.08913,7.811777,5.419434
05/15/2023 12:31:19.439195,1047,True,True,True,True,Eyes,0.6626107,0.0007383039,-2.04253,0.9764242,0.1377656,-0.1661819,0.0,0.0,0.0,0.0,0.0,0.0,0.0,-1.995719,-0.1189446,-0.7742162,0.6779726,0.0009870231,-2.033914,-0.0574291,0.721805,-0.003370712,0.6897015,355.736,92.79347,354.9631,0.2365896,-0.002401324,-0.9716065,0.4359073,0.02403081,0.2042091,2.540082,0.3369206,-2.378482,0.258975,0.1790842,1.915,-0.04202756,-0.08755479,-0.9952728,-0.07825565,0.9933811,-0.08408386,0.9960471,0.07435188,-0.04860101,moving,-80.34113,-39.6589,7.70167,5.342566
05/15/2023 12:31:19.458961,1048,True,True,True,True,Eyes,0.664376,0.0007865416,-2.041961,0.9765396,0.1359721,-0.1669792,0.0,0.0,0.0,0.0,0.0,0.0,0.0,-1.986641,-0.1227359,-0.7968069,0.687463,0.001221046,-2.030788,-0.05485781,0.7242431,-0.005918892,0.6873338,356.1676,93.16422,354.9633,0.2438545,-0.002127165,-0.9698093,0.4097529,0.02258896,0.1919565,2.55015,0.3195966,-2.38604,0.2551589,0.1764454,1.915,-0.04912614,-0.08759727,-0.994944,-0.07132425,0.9939111,-0.08398467,0.9962428,0.0668378,-0.05507478,moving,-80.2968,-39.15612,7.589514,5.264287
05/15/2023 12:31:19.479013,1049,True,True,True,True,Eyes,0.6664446,0.0008482068,-2.041285,0.9766828,0.1339802,-0.1677497,0.0,0.0,0.0,0.0,0.0,0.0,0.0,-1.978223,-0.1253907,-0.8176816,0.6966741,0.001384854,-2.027889,-0.05275112,0.7264088,-0.007898525,0.68519,356.5135,93.49823,354.9731,0.2504649,-0.001878075,-0.9681236,0.3851677,0.02123363,0.1804391,2.561258,0.2938995,-2.391541,0.2511408,0.1736667,1.915,-0.05546435,-0.08746174,-0.9946228,-0.06581377,0.9943098,-0.08376419,0.9962894,0.06081396,-0.06090496,moving,-80.25428,-38.61405,7.471361,5.181842
05/15/2023 12:31:19.489011,1050,True,True,True,True,Eyes,0.668807,0.0009222762,-2.040532,0.9767722,0.1320835,-0.1687308,0.0,0.0,0.0,0.0,0.0,0.0,0.0,-1.969846,-0.1294551,-0.8384297,0.7059826,0.001834407,-2.025241,-0.05101836,0.7285089,-0.009949668,0.6830616,356.8356,93.82778,354.9479,0.2565022,-0.001650954,-0.966542,0.3620576,0.01995961,0.1696128,2.570927,0.2774939,-2.396618,0.2472528,0.1709782,1.915001,-0.06164835,-0.08792713,-0.9942176,-0.06074218,0.9945962,-0.08419421,0.996248,0.05520052,-0.06665603,moving,-80.19926,-38.05406,7.356968,5.102046
05/15/2023 12:31:19.508904,1051,True,True,True,True,Eyes,0.6714627,0.0009688889,-2.039696,0.9768281,0.1305108,-0.1696283,0.0,0.0,0.0,0.0,0.0,0.0,0.0,-1.961442,-0.1274691,-0.859763,0.7153973,0.002202407,-2.022597,-0.05116465,0.7306051,-0.009633437,0.6808126,356.8133,94.18147,354.9506,0.2620386,-0.001443044,-0.9650561,0.3403342,0.01876203,0.159436,2.579993,0.2639042,-2.400699,0.2433879,0.1683054,1.915001,-0.06775288,-0.08787943,-0.9938244,-0.06164516,0.9945788,-0.08374354,0.9957959,0.05559059,-0.07280289,moving,-80.1487,-37.57442,7.243197,5.022698
05/15/2023 12:31:19.528619,1052,True,True,True,True,Eyes,0.6743896,0.0009806453,-2.038796,0.9768426,0.1290348,-0.170671,0.0,0.0,0.0,0.0,0.0,0.0,0.0,-1.953349,-0.119371,-0.8808537,0.7250723,0.001594037,-2.019899,-0.0519111,0.7326093,-0.007764637,0.6786225,356.613,94.52881,355.0233,0.267139,-0.001253718,-0.9636568,0.3199141,0.01763631,0.1498699,2.588971,0.2512213,-2.404972,0.2395238,0.1656335,1.915001,-0.07355357,-0.08659963,-0.9935243,-0.06552259,0.9944899,-0.08183298,0.9951366,0.05907919,-0.07882249,moving,-80.08949,-37.0909,7.129394,4.943361
05/15/2023 12:31:19.538833,1053,True,True,True,True,Eyes,0.6775809,0.00096543,-2.037879,0.9768717,0.1277071,-0.171501,0.0,0.0,0.0,0.0,0.0,0.0,0.0,-1.946352,-0.1128764,-0.8991139,0.7345113,0.0007645786,-2.017406,-0.05151957,0.7342288,-0.006817092,0.6769103,356.5753,94.79791,355.1219,0.2718602,-0.001082752,-0.9623358,0.3007193,0.01657813,0.1408777,2.596346,0.2499654,-2.409758,0.235557,0.1628907,1.915,-0.07827684,-0.08488341,-0.9933116,-0.06642517,0.9945985,-0.07975885,0.9947165,0.05973763,-0.08349237,moving,-80.04255,-36.67297,7.012512,4.861897
05/15/2023 12:31:19.558757,1054,True,True,True,True,Eyes,0.6810371,0.0009328865,-2.036921,0.9768502,0.1265133,-0.1725054,0.0,0.0,0.0,0.0,0.0,0.0,0.0,-1.939951,-0.1100738,-0.9162872,0.7441273,0.0001204908,-2.015287,-0.05104802,0.7356198,-0.006767498,0.6754345,356.6174,95.02771,355.1589,0.2762521,-0.0009295759,-0.9610844,0.2826761,0.01558344,0.132425,2.603193,0.254133,-2.414377,0.2319116,0.1603694,1.915,-0.08236457,-0.08424588,-0.9930352,-0.06596188,0.9946966,-0.07891582,0.9944171,0.05900259,-0.08748488,moving,-79.98519,-36.25586,6.905044,4.786996
05/15/2023 12:31:19.578856,1055,True,True,True,True,Eyes,0.6847605,0.0008468645,-2.035903,0.9767997,0.1255031,-0.1735264,0.0,0.0,0.0,0.0,0.0,0.0,0.0,-1.932415,-0.1072271,-0.9359925,0.753947,-0.0003493279,-2.013298,-0.05205096,0.7373368,-0.006096268,0.6734896,356.4958,95.3318,355.1166,0.28036,-0.0007932229,-0.9598942,0.2657156,0.01464844,0.1244795,2.611082,0.2525787,-2.41627,0.2279295,0.1576153,1.915001,-0.08740524,-0.08496971,-0.9925426,-0.06854662,0.9945071,-0.07910156,0.9938118,0.06112155,-0.09274953,moving,-79.92662,-35.87637,6.787593,4.705159
05/15/2023 12:31:19.589177,1056,True,True,True,True,Eyes,0.6887287,0.0007058076,-2.034855,0.9767162,0.1244815,-0.1747282,0.0,0.0,0.0,0.0,0.0,0.0,0.0,-1.924495,-0.1002759,-0.9574494,0.7639789,-0.001688346,-2.01166,-0.05258913,0.7393665,-0.004835925,0.6712289,356.3623,95.68484,355.1569,0.2842248,-0.0006745005,-0.958757,0.2497726,0.01376953,0.1170107,2.619774,0.2482978,-2.417452,0.2239695,0.1548772,1.915001,-0.09337251,-0.0842573,-0.9920598,-0.07127326,0.994422,-0.07774973,0.993077,0.06344765,-0.09885695,moving,-79.85744,-35.4672,6.670741,4.623778
05/15/2023 12:31:19.609115,1057,True,True,True,True,Eyes,0.6929489,0.0005142966,-2.033792,0.9765549,0.1235939,-0.1762528,0.0,0.0,0.0,0.0,0.0,0.0,0.0,-1.916422,-0.09394124,-0.9780494,0.7738222,-0.003131837,-2.009794,-0.05123267,0.7413892,-0.004495035,0.6691017,356.4514,96.01369,355.2885,0.2878818,-0.0005742168,-0.9576654,0.2347863,0.01294336,0.1099901,2.627392,0.2495174,-2.421682,0.220358,0.1523796,1.915001,-0.09935632,-0.08198197,-0.9916689,-0.06995142,0.99471,-0.07522488,0.9925901,0.06189459,-0.1045654,moving,-79.76915,-35.03932,6.56412,4.549529
05/15/2023 12:31:19.628875,1058,True,True,True,True,Eyes,0.6974064,0.0002692147,-2.032712,0.9763715,0.1227405,-0.1778581,0.0,0.0,0.0,0.0,0.0,0.0,0.0,-1.909479,-0.08407149,-0.9974856,0.7840877,-0.004537612,-2.008318,-0.04977762,0.7431464,-0.003270408,0.6672669,356.4701,96.29783,355.4978,0.2913625,-0.0004928787,-0.9566122,0.2206991,0.01216676,0.1033907,2.634851,0.2503861,-2.427283,0.2163953,0.1496398,1.915001,-0.1045542,-0.07834857,-0.9914283,-0.06961963,0.995023,-0.07129069,0.9920794,0.06156913,-0.1094885,moving,-79.67607,-34.6097,6.447081,4.468061
05/15/2023 12:31:19.644196,1059,True,True,True,True,Eyes,0.7021082,-3.441668e-05,-2.031642,0.9761572,0.1219329,-0.1795812,0.0,0.0,0.0,0.0,0.0,0.0,0.0,-1.903484,-0.07500935,-1.014492,0.7942363,-0.006060839,-2.006794,-0.0484037,0.7444949,-0.002205897,0.6658676,356.4927,96.51386,355.6901,0.294695,-0.000431081,-0.9555909,0.2074572,0.01143675,0.09718725,2.643246,0.244122,-2.431782,0.2124634,0.1469211,1.915001,-0.1085551,-0.07501028,-0.9912565,-0.06913494,0.9953045,-0.06774545,0.9916837,0.06117635,-0.1132312,moving,-79.576,-34.1759,6.330899,4.387205
05/15/2023 12:31:19.658884,1060,True,True,True,True,Eyes,0.7070441,-0.0004043128,-2.030572,0.9759415,0.121091,-0.1813149,0.0,0.0,0.0,0.0,0.0,0.0,0.0,-1.897985,-0.06881304,-1.030979,0.8048519,-0.007729799,-2.005531,-0.04735203,0.7456429,-0.001749225,0.6646589,356.5408,96.69959,355.8094,0.2979041,-0.0003895896,-0.9545953,0.1950097,0.01075055,0.09135602,2.65204,0.2406636,-2.43527,0.2087786,0.1443723,1.915,-0.1119727,-0.07294068,-0.9910307,-0.06829014,0.9955094,-0.06555449,0.991362,0.06033731,-0.116451,moving,-79.47533,-33.73694,6.22197,4.311387
05/15/2023 12:31:19.678666,1061,True,True,True,True,Eyes,0.7122155,-0.000825384,-2.029506,0.9757215,0.1201456,-0.1831185,0.0,0.0,0.0,0.0,0.0,0.0,0.0,-1.893684,-0.0623184,-1.045398,0.8154036,-0.009667754,-2.004446,-0.04562171,0.7464684,-0.001489381,0.6638536,356.655,96.82256,355.9741,0.3010119,-0.0003694498,-0.95362,0.1833091,0.01010551,0.08587465,2.66131,0.2365958,-2.436082,0.2046525,0.1415195,1.915,-0.1144343,-0.07008778,-0.9909554,-0.06613286,0.9958329,-0.06279582,0.9912271,0.05834872,-0.1185925,moving,-79.37066,-33.26922,6.099939,4.226506
05/15/2023 12:31:19.688926,1062,True,True,True,True,Eyes,0.7176154,-0.001281795,-2.028462,0.9755017,0.1191246,-0.1849484,0.0,0.0,0.0,0.0,0.0,0.0,0.0,-1.889505,-0.05909946,-1.061138,0.8270646,-0.01163387,-2.003888,-0.04381271,0.747309,-0.002059117,0.6630275,356.846,96.94773,356.0827,0.304038,-0.0003708966,-0.9526594,0.1723106,0.009499184,0.08072218,2.671324,0.2314788,-2.436766,0.2009254,0.1389422,1.915,-0.1169499,-0.06821377,-0.9907924,-0.06275277,0.9961524,-0.06117566,0.9911533,0.05502048,-0.1207804,moving,-79.26453,-32.78543,5.989663,4.149805
05/15/2023 12:31:19.708770,1063,True,True,True,True,Eyes,0.7232375,-0.001743283,-2.027453,0.9752747,0.1179546,-0.1868855,0.0,0.0,0.0,0.0,0.0,0.0,0.0,-1.884924,-0.05786638,-1.076767,0.8379433,-0.01290953,-2.003347,-0.04242716,0.7482347,-0.002771508,0.6620703,357.0174,97.09286,356.1438,0.3069997,-0.0003933988,-0.9517092,0.161972,0.008929233,0.07587884,2.682032,0.2239948,-2.435444,0.1971167,0.1363083,1.915,-0.1197259,-0.06716083,-0.990533,-0.0598211,0.9963846,-0.06032701,0.9910033,0.05203206,-0.1233106,moving,-79.15228,-32.25847,5.876929,4.071404
05/15/2023 12:31:19.728613,1064,True,True,True,True,Eyes,0.7290896,-0.002223592,-2.026474,0.9750131,0.1168913,-0.1889068,0.0,0.0,0.0,0.0,0.0,0.0,0.0,-1.879813,-0.06038197,-1.093488,0.8489131,-0.01345097,-2.003053,-0.04098352,0.7493153,-0.004222203,0.6609308,357.2575,97.26453,356.1539,0.3099112,-0.0004350629,-0.950765,0.1522536,0.00839348,0.07132611,2.694142,0.2136495,-2.434797,0.1932192,0.1336134,1.915,-0.1229822,-0.06700031,-0.9901448,-0.05583797,0.996605,-0.06050205,0.9908369,0.047847,-0.1263058,moving,-79.03492,-31.7483,5.761516,3.991175
05/15/2023 12:31:19.738658,1065,True,True,True,True,Eyes,0.7351605,-0.002739122,-2.025517,0.9747281,0.1158138,-0.1910296,0.0,0.0,0.0,0.0,0.0,0.0,0.0,-1.873703,-0.05558416,-1.112455,0.8602893,-0.01439817,-2.002774,-0.04129585,0.750683,-0.003429849,0.6593619,357.1737,97.50539,356.181,0.3127871,-0.0004948309,-0.9498227,0.1431184,0.007889871,0.06704655,2.70522,0.2044469,-2.434889,0.1892981,0.1309018,1.915001,-0.1270734,-0.06652321,-0.9896602,-0.05747717,0.9965658,-0.05960728,0.9902268,0.04930836,-0.1304606,moving,-78.91158,-31.2268,5.645355,3.910426
05/15/2023 12:31:19.758704,1066,True,True,True,True,Eyes,0.7414432,-0.003244614,-2.024601,0.9744442,0.1146392,-0.1931747,0.0,0.0,0.0,0.0,0.0,0.0,0.0,-1.868858,-0.04968721,-1.129245,0.8715637,-0.01578589,-2.002604,-0.03997481,0.7517509,-0.002986351,0.6582278,357.241,97.67822,356.3244,0.3156386,-0.000572494,-0.9488789,0.1345313,0.007416478,0.06302375,2.716386,0.1936061,-2.436393,0.1855305,0.1282962,1.915001,-0.1302765,-0.06403359,-0.9894078,-0.0561708,0.9967862,-0.05711505,0.9898853,0.04813508,-0.1334546,moving,-78.78701,-30.68694,5.5337,3.832824
05/15/2023 12:31:19.778661,1067,True,True,True,True,Eyes,0.7479532,-0.003749546,-2.023714,0.9740955,0.1137358,-0.1954542,0.0,0.0,0.0,0.0,0.0,0.0,0.0,-1.864071,-0.05041648,-1.14588,0.8829271,-0.01601295,-2.00263,-0.03833378,0.7527514,-0.003936429,0.6571761,357.4519,97.83629,356.391,0.318476,-0.0006657637,-0.9479303,0.1264594,0.00697149,0.05924233,2.726315,0.1929581,-2.439589,0.1813822,0.1254277,1.915,-0.1333003,-0.06288547,-0.9890788,-0.05253776,0.9970301,-0.0563104,0.9896824,0.0444578,-0.1362083,moving,-78.65416,-30.19536,5.410716,3.747376
05/15/2023 12:31:19.788861,1068,True,True,True,True,Eyes,0.7546701,-0.00428876,-2.022876,0.9737234,0.1128279,-0.1978195,0.0,0.0,0.0,0.0,0.0,0.0,0.0,-1.85806,-0.04173773,-1.165412,0.8948218,-0.01660265,-2.002831,-0.0395517,0.7541074,-0.001861343,0.6555566,357.1885,98.08567,356.4358,0.3213087,-0.0007730104,-0.9469738,0.1188719,0.0065532,0.05568779,2.737132,0.1875369,-2.441065,0.1777579,0.1229216,1.915001,-0.1373627,-0.06209288,-0.9885728,-0.05721202,0.9968644,-0.05466406,0.9888673,0.04904945,-0.1404843,moving,-78.5162,-29.69862,5.303223,3.672708
05/15/2023 12:31:19.808924,1069,True,True,True,True,Eyes,0.7615712,-0.004829586,-2.022107,0.9734079,0.1116143,-0.2000487,0.0,0.0,0.0,0.0,0.0,0.0,0.0,-1.851353,-0.03512933,-1.185705,0.9065041,-0.01794697,-2.003139,-0.03798991,0.7557225,-0.00132218,0.6537878,357.2673,98.35376,356.6052,0.3241449,-0.0008944016,-0.9460067,0.1117396,0.006160008,0.05234652,2.748662,0.1781133,-2.442289,0.1739464,0.1202855,1.915,-0.1422365,-0.05914851,-0.9880638,-0.05569081,0.99711,-0.05167308,0.9882647,0.04767628,-0.1451195,moving,-78.38663,-29.15871,5.19014,3.594155
05/15/2023 12:31:19.828604,1070,True,True,True,True,Eyes,0.7686611,-0.005343025,-2.021384,0.9730854,0.1103287,-0.2023173,0.0,0.0,0.0,0.0,0.0,0.0,0.0,-1.845389,-0.0368654,-1.203997,0.917902,-0.01840536,-2.003384,-0.03344828,0.7570843,-0.003374025,0.6524518,357.7914,98.55166,356.842,0.3269894,-0.001028531,-0.9450271,0.1050352,0.005790408,0.04920573,2.758398,0.1840599,-2.446507,0.1701596,0.1176675,1.915001,-0.1463759,-0.0550491,-0.9876961,-0.04624355,0.9977396,-0.04875561,0.9881475,0.03853793,-0.1485907,moving,-78.25478,-28.60473,5.077745,3.516127
05/15/2023 12:31:19.838638,1071,True,True,True,True,Eyes,0.775929,-0.005854979,-2.020712,0.9728211,0.1089014,-0.2043513,0.0,0.0,0.0,0.0,0.0,0.0,0.0,-1.839794,-0.03468885,-1.222024,0.9295228,-0.01822671,-2.003758,-0.03122763,0.7582957,-0.003627034,0.6511524,357.9846,98.74684,357.0127,0.3298477,-0.001172807,-0.944033,0.09873307,0.005442983,0.04625338,2.768978,0.1781664,-2.451273,0.1662734,0.1149804,1.915,-0.150051,-0.05208306,-0.9873056,-0.04263606,0.9980234,-0.04616862,0.9877586,0.03516716,-0.151975,moving,-78.1369,-28.05372,4.962366,3.436029
05/15/2023 12:31:19.859471,1072,True,True,True,True,Eyes,0.7833396,-0.006241937,-2.020085,0.9726183,0.1068813,-0.2063734,0.0,0.0,0.0,0.0,0.0,0.0,0.0,-1.834708,-0.03572078,-1.239087,0.9410749,-0.01863255,-2.004194,-0.02825412,0.7593532,-0.004940849,0.6500463,358.325,98.91084,357.1711,0.3327238,-0.001326083,-0.943023,0.09280908,0.005116404,0.04347818,2.78122,0.1585696,-2.45392,0.1625059,0.1123747,1.914999,-0.1532833,-0.04933327,-0.9869502,-0.03648614,0.9983546,-0.04423667,0.9875087,0.02922927,-0.154831,moving,-78.02047,-27.37976,4.850472,3.358341
05/15/2023 12:31:19.878663,1073,True,True,True,True,Eyes,0.7909645,-0.006510896,-2.019456,0.9723535,0.1054214,-0.2083628,0.0,0.0,0.0,0.0,0.0,0.0,0.0,-1.830469,-0.05776403,-1.253396,0.9519047,-0.01586704,-2.00464,-0.02274966,0.7600473,-0.01104226,0.6493756,359.2688,98.99752,357.1956,0.3356203,-0.001481639,-0.9419959,0.0,0.0,0.0,2.792652,0.150153,-2.456181,0.1583462,0.1094982,1.915,-0.1555876,-0.04892278,-0.9866098,-0.02024048,0.9987211,-0.04633142,0.9876146,0.01276086,-0.1563789,moving,-77.90517,-26.83718,4.72688,3.272564
05/15/2023 12:31:19.888728,1074,True,True,True,True,Eyes,0.7987435,-0.006813767,-2.018858,0.9720224,0.1043794,-0.2104216,0.0,0.0,0.0,0.0,0.0,0.0,0.0,-1.822871,-0.0512466,-1.275064,0.9644763,-0.01347294,-2.005213,-0.02687745,0.7615887,-0.007992684,0.6474538,358.7033,99.29518,357.0593,0.3385425,-0.001633753,-0.9409493,0.0,0.0,0.0,2.804546,0.1364825,-2.458065,0.1546565,0.1069466,1.915001,-0.1601624,-0.0512889,-0.9857573,-0.03058933,0.9984275,-0.04697808,0.9866166,0.02262953,-0.1614794,moving,-77.7852,-26.38367,4.617218,3.196464
05/15/2023 12:31:19.909158,1075,True,True,True,True,Eyes,0.8066616,-0.007067075,-2.018284,0.9717592,0.1029475,-0.2123343,0.0,0.0,0.0,0.0,0.0,0.0,0.0,-1.816569,-0.03409677,-1.293426,0.9759507,-0.01466666,-2.005328,-0.0289847,0.7628311,-0.003890315,0.6459363,358.1944,99.53121,357.1758,0.3414928,-0.0017843,-0.9398823,0.0,0.0,0.0,2.817621,0.1053125,-2.457676,0.1507587,0.1042514,1.915,-0.1638529,-0.04924666,-0.9852549,-0.03919508,0.9982895,-0.04337984,0.985706,0.03150923,-0.1655028,moving,-77.67431,-25.86582,4.501338,3.116071
05/15/2023 12:31:19.928838,1076,True,True,True,True,Eyes,0.8147401,-0.007213534,-2.017754,0.9714527,0.1017395,-0.2143098,0.0,0.0,0.0,0.0,0.0,0.0,0.0,-1.811749,-0.05181078,-1.308403,0.9871581,-0.01362105,-2.005585,-0.02396453,0.7635939,-0.009113616,0.6451876,359.0256,99.63227,357.2278,0.3444725,-0.00193112,-0.938794,0.0,0.0,0.0,2.827216,0.1237336,-2.463997,0.146872,0.1015636,1.914999,-0.1663175,-0.04835832,-0.9848859,-0.02483835,0.9986853,-0.04484143,0.9857595,0.01700503,-0.1672999,moving,-77.55938,-25.39514,4.385749,3.035887
05/15/2023 12:31:19.939216,1077,True,True,True,True,Eyes,0.8229675,-0.007336244,-2.017255,0.9710959,0.1009724,-0.2162806,0.0,0.0,0.0,0.0,0.0,0.0,0.0,-1.80555,-0.04800398,-1.326792,0.9990847,-0.01124218,-2.006089,-0.02533882,0.764733,-0.007462799,0.6438056,358.7845,99.8434,357.2272,0.3474829,-0.002069614,-0.9376836,0.0,0.0,0.0,2.836275,0.1373331,-2.467423,0.1429762,0.09886986,1.915,-0.1697446,-0.04836405,-0.9843007,-0.02914569,0.9986045,-0.04404065,0.9850571,0.02121246,-0.1709173,moving,-77.44413,-25.02591,4.269848,2.955509
05/15/2023 12:31:19.958835,1078,True,True,True,True,Eyes,1.031343,-0.01023649,-2.005237,0.9611791,0.07291748,-0.2661159,0.0,0.0,0.0,0.0,0.0,0.0,0.0,-1.797642,-0.03438943,-1.347312,1.010837,-0.01087092,-2.006499,-0.02700767,0.7663069,-0.004005457,0.6418945,358.3649,100.1358,357.3317,0.3505253,-0.002199498,-0.9365503,0.0,0.0,0.0,2.849361,0.1082924,-2.467295,0.1391195,0.09620288,1.915001,-0.1744846,-0.04653449,-0.9835598,-0.03625016,0.9985091,-0.04081096,0.9839926,0.02853333,-0.1759113,moving,-74.52451,-15.32332,4.155081,2.87592
05/15/2023 12:31:19.978861,1079,True,True,True,True,Eyes,1.031799,-0.01017824,-2.005245,0.9612045,0.07275358,-0.2660693,0.0,0.0,0.0,0.0,0.0,0.0,0.0,-1.791086,-0.03970657,-1.363927,1.021746,-0.01072182,-2.006435,-0.02218598,0.7674522,-0.006418548,0.6406902,358.9356,100.3104,357.5765,0.3636009,-0.002466619,-0.9315512,0.6251269,-0.00870073,0.03605175,2.859805,0.116167,-2.470534,0.1351436,0.09345383,1.915,-0.1780482,-0.04227795,-0.9831133,-0.02582876,0.9989331,-0.03828053,0.9836829,0.01857682,-0.1789502,moving,-74.52747,-15.29304,4.036733,2.793872
05/15/2023 12:31:19.988710,1080,True,True,True,True,Eyes,1.032671,-0.01008877,-2.005266,0.9612004,0.07265979,-0.2661096,0.0,0.0,0.0,0.0,0.0,0.0,0.0,-1.785265,-0.03714003,-1.380593,1.033127,-0.00921309,-2.006776,-0.01864631,0.768489,-0.006375826,0.6395597,359.1949,100.4783,357.89,0.3745649,-0.002692948,-0.9271964,0.5876193,-0.008178687,0.03388865,2.86898,0.1283256,-2.476224,0.1313082,0.09080096,1.915001,-0.1812318,-0.0368144,-0.9827513,-0.02050352,0.9992234,-0.03365036,0.9832268,0.01405135,-0.1818458,moving,-74.52518,-15.27204,3.922529,2.714682
05/15/2023 12:31:20.009100,1081,True,True,True,True,Eyes,1.03395,-0.009969152,-2.005266,0.9612112,0.07238767,-0.2661448,0.0,0.0,0.0,0.0,0.0,0.0,0.0,-1.780261,-0.02657318,-1.395783,1.043963,-0.008368358,-2.007067,-0.01698622,0.7693344,-0.004224337,0.6386065,359.1293,100.6232,358.1929,0.3838051,-0.002883324,-0.9234092,0.5523621,-0.007687965,0.03185533,2.880523,0.1075308,-2.477838,0.1274918,0.08816217,1.915001,-0.1837866,-0.03153154,-0.9824604,-0.02074079,0.9993873,-0.02819488,0.9827474,0.01519517,-0.184328,moving,-74.5234,-15.21558,3.808864,2.635902
05/15/2023 12:31:20.030019,1082,True,True,True,True,Eyes,1.035609,-0.009815456,-2.005271,0.9612171,0.07198147,-0.2662338,0.0,0.0,0.0,0.0,0.0,0.0,0.0,-1.77555,-0.02922007,-1.410064,1.054899,-0.007494807,-2.007199,-0.01421415,0.769999,-0.005275268,0.6378649,359.4265,100.7317,358.3599,0.3916408,-0.00304177,-0.9201128,0.5192204,-0.007226687,0.02994401,2.891842,0.09858999,-2.479417,0.1236616,0.08551367,1.915001,-0.1858524,-0.02861957,-0.9821607,-0.01515994,0.9995403,-0.02625732,0.9824606,0.01000951,-0.1862009,moving,-74.51856,-15.1293,3.694756,2.556823
05/15/2023 12:31:20.038494,1083,True,True,True,True,Eyes,1.037627,-0.009616265,-2.005276,0.9613239,0.07109395,-0.2660868,0.0,0.0,0.0,0.0,0.0,0.0,0.0,-1.77146,-0.03361503,-1.423282,1.065669,-0.006485581,-2.007297,-0.01266801,0.770485,-0.00640007,0.6373004,359.6399,100.8138,358.4139,0.3984661,-0.003173372,-0.9171772,0.4880672,-0.006793086,0.02814737,2.90219,0.09974486,-2.480089,0.1197998,0.08284269,1.915001,-0.187376,-0.02767855,-0.9818984,-0.01136348,0.9995971,-0.02600896,0.9822228,0.006284335,-0.1876151,moving,-74.52834,-14.95905,3.579677,2.477063
05/15/2023 12:31:20.058833,1084,True,True,True,True,Eyes,1.03999,-0.009366687,-2.00528,0.961423,0.07009616,-0.2659929,0.0,0.0,0.0,0.0,0.0,0.0,0.0,-1.767649,-0.04250891,-1.435758,1.076314,-0.005137861,-2.007314,-0.01128531,0.7708598,-0.008401527,0.6368495,359.9186,100.8772,358.3898,0.4046625,-0.003282673,-0.9144599,0.4587831,-0.006385501,0.02645852,2.913532,0.08854919,-2.479836,0.1160263,0.08023329,1.915,-0.1885909,-0.0280998,-0.9816536,-0.006697766,0.9996041,-0.02732688,0.982033,0.001421287,-0.1887045,moving,-74.53506,-14.76331,3.467207,2.399134
05/15/2023 12:31:20.079024,1085,True,True,True,True,Eyes,1.042694,-0.009109252,-2.005294,0.961544,0.0691362,-0.2658066,0.0,0.0,0.0,0.0,0.0,0.0,0.0,-1.763763,-0.05232644,-1.448128,1.086956,-0.003653839,-2.007283,-0.01090531,0.7712101,-0.01035818,0.6364031,0.1201103,100.9393,358.2806,0.4103082,-0.003369674,-0.9119404,0.4312561,-0.006002371,0.02487101,2.92481,0.07969092,-2.478301,0.1117344,0.0772658,1.915,-0.1897445,-0.03000452,-0.981375,-0.003636614,0.9995476,-0.02985701,0.9818269,-0.002096317,-0.1897678,moving,-74.54721,-14.57956,3.339248,2.310498
05/15/2023 12:31:20.088785,1086,True,True,True,True,Eyes,1.045696,-0.008837475,-2.005291,0.9616777,0.06800777,-0.265614,0.0,0.0,0.0,0.0,0.0,0.0,0.0,-1.759623,-0.05005933,-1.461228,1.097915,-0.003212899,-2.007122,-0.01212135,0.7716216,-0.009539173,0.6358949,359.9602,101.0166,358.2328,0.4154722,-0.003436257,-0.909599,0.4053808,-0.005642228,0.02337875,2.936026,0.06925061,-2.476815,0.1080724,0.07473312,1.915001,-0.1909818,-0.03083802,-0.9811092,-0.006574375,0.9995242,-0.03013708,0.9815716,0.0006945491,-0.1910936,moving,-74.55992,-14.36148,3.230041,2.23484
05/15/2023 12:31:20.108814,1087,True,True,True,True,Eyes,1.049018,-0.008552558,-2.005276,0.9618307,0.06679818,-0.2653671,0.0,0.0,0.0,0.0,0.0,0.0,0.0,-1.757654,-0.05716779,-1.47044,1.108094,-0.002546415,-2.006721,-0.01018587,0.7715218,-0.01134675,0.6360201,0.2607942,100.9937,358.2722,0.4202154,-0.003483839,-0.9074173,0.3810579,-0.005303694,0.02197603,2.947081,0.06136302,-2.475304,0.1044039,0.07219657,1.915,-0.1907495,-0.03015076,-0.9811757,-0.001283714,0.999535,-0.03046537,0.9816378,-0.004551704,-0.1906995,moving,-74.57594,-14.12895,3.12062,2.15906
05/15/2023 12:31:20.128807,1088,True,True,True,True,Eyes,1.052616,-0.008282719,-2.005263,0.9619756,0.0655611,-0.2651505,0.0,0.0,0.0,0.0,0.0,0.0,0.0,-1.754849,-0.05843543,-1.481929,1.119058,-0.001926333,-2.006671,-0.009280976,0.7716684,-0.01166041,0.6358504,0.3548533,101.0182,358.3294,0.4245926,-0.003513744,-0.9053773,0.3581945,-0.004985473,0.02065747,2.957961,0.06452664,-2.47383,0.1005674,0.06954387,1.915001,-0.1912162,-0.02915223,-0.9811149,0.0005048856,0.9995558,-0.02979857,0.9815478,-0.006193318,-0.1911166,moving,-74.59013,-13.88839,3.006161,2.079801
05/15/2023 12:31:20.138663,1089,True,True,True,True,Eyes,1.056476,-0.008033453,-2.005255,0.9621329,0.06400844,-0.2649587,0.0,0.0,0.0,0.0,0.0,0.0,0.0,-1.750313,-0.05469929,-1.493602,1.130231,-0.001958027,-2.004996,-0.00697952,0.7718816,-0.01126304,0.6356282,0.487863,101.0524,358.5621,0.4286512,-0.003528415,-0.9034628,0.3367028,-0.004686344,0.01941802,2.969425,0.05257335,-2.468697,0.09656978,0.06677899,1.915,-0.1918562,-0.02509294,-0.9811023,0.003543491,0.9996489,-0.02626023,0.9814168,-0.008514713,-0.1916999,moving,-74.60315,-13.58124,2.886871,1.997182
05/15/2023 12:31:20.159147,1090,True,True,True,True,Eyes,1.060643,-0.00778659,-2.005185,0.9622723,0.06238933,-0.2648388,0.0,0.0,0.0,0.0,0.0,0.0,0.0,-1.746481,-0.05988707,-1.50558,1.140452,-0.002091587,-2.004973,-0.002393014,0.7722849,-0.01322155,0.6351343,0.9959556,101.1214,358.8257,0.4324327,-0.003530287,-0.9016589,0.3165006,-0.004405164,0.01825294,2.981006,0.0476655,-2.46564,0.0928205,0.06418648,1.915,-0.1931974,-0.02049109,-0.9809459,0.01309874,0.9996389,-0.02346137,0.9810725,-0.01738183,-0.1928593,moving,-74.61191,-13.25575,2.774968,1.919707
05/15/2023 12:31:20.178664,1091,True,True,True,True,Eyes,1.065043,-0.007564563,-2.005154,0.9624046,0.06068771,-0.2647534,0.0,0.0,0.0,0.0,0.0,0.0,0.0,-1.741826,-0.05847751,-1.519142,1.150968,-0.001880944,-2.005103,0.0001863129,0.7728878,-0.01326821,0.6344038,1.188748,101.2303,359.0517,0.4359771,-0.00352076,-0.8999504,0.2975106,-0.004140854,0.01715776,2.992814,0.04093145,-2.460893,0.08885819,0.06144644,1.915,-0.1950635,-0.0165468,-0.9806511,0.0171228,0.9996478,-0.02027328,0.9806411,-0.02074607,-0.1947115,moving,-74.61865,-12.91051,2.656684,1.837814
05/15/2023 12:31:20.188585,1092,True,True,True,True,Eyes,1.069683,-0.007373503,-2.00513,0.9625252,0.05883657,-0.2647328,0.0,0.0,0.0,0.0,0.0,0.0,0.0,-1.737353,-0.05881157,-1.532086,1.161141,-0.002181679,-2.005216,0.002944635,0.773438,-0.01381596,0.6337143,1.438487,101.3319,359.2574,0.4393157,-0.003502071,-0.8983255,0.27966,-0.003892403,0.0161283,3.003535,0.02170774,-2.459163,0.08510458,0.05885067,1.915,-0.1967948,-0.01295576,-0.9803591,0.02206573,0.9996009,-0.01763947,0.9801963,-0.0251037,-0.1964304,moving,-74.62163,-12.53026,2.544609,1.760226
05/15/2023 12:31:20.208602,1093,True,True,True,True,Eyes,1.074549,-0.007214365,-2.005122,0.9626915,0.0567949,-0.264574,0.0,0.0,0.0,0.0,0.0,0.0,0.0,-1.732935,-0.06278012,-1.54495,1.171544,-0.00267531,-2.005331,0.005727418,0.7739346,-0.01517444,0.6330577,1.761529,101.4264,359.4069,0.4424772,-0.003476504,-0.8967726,0.2628804,-0.003658858,0.0151606,3.014026,0.01314741,-2.458698,0.08115554,0.05611971,1.915,-0.1984101,-0.0103473,-0.9800644,0.02807789,0.9994739,-0.01623648,0.9797167,-0.03073962,-0.1980153,moving,-74.63294,-12.11556,2.426678,1.678592
05/15/2023 12:31:20.228704,1094,True,True,True,True,Eyes,1.07965,-0.007099749,-2.005121,0.9628396,0.05469828,-0.2644768,0.0,0.0,0.0,0.0,0.0,0.0,0.0,-1.728684,-0.06608212,-1.557646,1.181896,-0.003217697,-2.005514,0.007735336,0.7744029,-0.01624838,0.6324371,2.002884,101.516,359.5086,0.4454873,-0.003446152,-0.8952813,0.2471075,-0.003439327,0.01425096,3.024184,0.002173856,-2.458102,0.07729754,0.05345188,1.915,-0.1999274,-0.008571617,-0.9797733,0.03253268,0.9993523,-0.01538135,0.9792706,-0.0349498,-0.199519,moving,-74.64057,-11.68499,2.311447,1.598837
05/15/2023 12:31:20.239027,1095,True,True,True,True,Eyes,1.084968,-0.007031321,-2.00514,0.9630214,0.05249631,-0.264261,0.0,0.0,0.0,0.0,0.0,0.0,0.0,-1.724433,-0.0697569,-1.570501,1.192605,-0.004138097,-2.005663,0.009105934,0.774836,-0.01736478,0.6318581,2.201676,101.5987,359.5509,0.4483683,-0.003413452,-0.893842,0.2322811,-0.003232967,0.0133959,3.034568,-0.01158932,-2.457265,0.07337341,0.05073826,1.914999,-0.2013448,-0.007832939,-0.979489,0.03605536,0.9992312,-0.0154024,0.9788565,-0.03841703,-0.2009076,moving,-74.65527,-11.23572,2.194221,1.517707
05/15/2023 12:31:20.258605,1096,True,True,True,True,Eyes,1.090514,-0.0070278,-2.005161,0.9631855,0.05027233,-0.2640952,0.0,0.0,0.0,0.0,0.0,0.0,0.0,-1.71987,-0.07721002,-1.583404,1.203241,-0.005106509,-2.005808,0.01039192,0.7753027,-0.01927693,0.6312101,2.465045,101.6886,359.5285,0.4511405,-0.003380659,-0.8924462,0.2183442,-0.003038989,0.01259215,3.044853,-0.02266006,-2.456504,0.06957829,0.04811405,1.915,-0.2029318,-0.008221825,-0.9791585,0.04044935,0.9990408,-0.01677195,0.9783573,-0.04300988,-0.2024045,moving,-74.66694,-10.7777,2.08083,1.439244
05/15/2023 12:31:20.278861,1097,True,True,True,True,Eyes,1.096274,-0.007082911,-2.00519,0.9633697,0.04813467,-0.2638216,0.0,0.0,0.0,0.0,0.0,0.0,0.0,-1.716002,-0.07904878,-1.595972,1.214248,-0.006633088,-2.00589,0.01163638,0.7756256,-0.02007174,0.6307667,2.625983,101.7519,359.583,0.4538217,-0.003350622,-0.8910858,0.2052436,-0.00285665,0.01183662,3.055527,-0.03283134,-2.455443,0.06568921,0.04542486,1.915,-0.2039962,-0.007270225,-0.9789448,0.04337212,0.9989235,-0.01645664,0.9780106,-0.045816,-0.2034613,moving,-74.68487,-10.33997,1.964616,1.358833
05/15/2023 12:31:20.298613,1098,True,True,True,True,Eyes,1.102255,-0.007196985,-2.005232,0.963528,0.04603456,-0.2636184,0.0,0.0,0.0,0.0,0.0,0.0,0.0,-1.712539,-0.08037329,-1.608174,1.225159,-0.008051857,-2.006088,0.01283205,0.7758926,-0.02071308,0.6303943,2.769654,101.8053,359.6442,0.4564277,-0.003325618,-0.8897539,0.192929,-0.002685251,0.01112642,3.066006,-0.04537728,-2.454506,0.06166366,0.04264104,1.915,-0.2048768,-0.006202239,-0.9787683,0.0460274,0.9988126,-0.01596376,0.9777051,-0.04832076,-0.2043481,moving,-74.69851,-9.905441,1.844306,1.275586
05/15/2023 12:31:20.308871,1099,True,True,True,True,Eyes,1.108451,-0.007383532,-2.005274,0.9636825,0.04413875,-0.2633775,0.0,0.0,0.0,0.0,0.0,0.0,0.0,-1.708013,-0.08095297,-1.621923,1.236421,-0.009569287,-2.006406,0.01331184,0.7763757,-0.02109981,0.6297764,2.839006,101.8954,359.6612,0.4589727,-0.0033077,-0.8884438,0.1813532,-0.002524136,0.01045884,3.077038,-0.05469191,-2.453009,0.05805281,0.04014414,1.915001,-0.2064087,-0.005906341,-0.978448,0.0472463,0.9987552,-0.01599578,0.9773244,-0.04952972,-0.2058728,moving,-74.71418,-9.513642,1.736376,1.200915
05/15/2023 12:31:20.328729,1100,True,True,True,True,Eyes,1.114825,-0.007678367,-2.005335,0.9637946,0.04225906,-0.263276,0.0,0.0,0.0,0.0,0.0,0.0,0.0,-1.701806,-0.07953921,-1.637449,1.247747,-0.01150395,-2.006664,0.01284365,0.7771726,-0.02101692,0.6288053,2.798284,102.0387,359.629,0.4614696,-0.003299295,-0.8871495,0.170472,-0.002372687,0.009831307,3.088117,-0.06360771,-2.450888,0.05402336,0.03735791,1.915002,-0.2088778,-0.006467634,-0.9779204,0.04639456,0.9987867,-0.01651523,0.9768407,-0.04881985,-0.2083244,moving,-74.72148,-9.118902,1.61592,1.117586
05/15/2023 12:31:20.338998,1101,True,True,True,True,Eyes,1.121386,-0.0080723,-2.00541,0.9638976,0.04029834,-0.2632061,0.0,0.0,0.0,0.0,0.0,0.0,0.0,-1.694524,-0.08176748,-1.653597,1.258378,-0.01438738,-2.007178,0.01279868,0.7782075,-0.02196545,0.6274924,2.880298,102.2284,359.5613,0.4639277,-0.003304137,-0.8858666,0.1602437,-0.002230326,0.009241429,3.09927,-0.0700206,-2.450361,0.05023539,0.03473807,1.915,-0.212179,-0.007646232,-0.9772009,0.04748636,0.9987074,-0.0181252,0.9760763,-0.0502495,-0.2115416,moving,-74.72691,-8.70471,1.502671,1.03923
05/15/2023 12:31:20.359035,1102,True,True,True,True,Eyes,1.128115,-0.00853047,-2.005489,0.9639665,0.03815643,-0.2632733,0.0,0.0,0.0,0.0,0.0,0.0,0.0,-1.686495,-0.09183452,-1.669743,1.269519,-0.01709889,-2.007179,0.01410929,0.7791947,-0.02468466,0.6261368,3.218105,102.417,359.4879,0.4663564,-0.003325163,-0.8845904,0.1506291,-0.002096507,0.008686943,3.110218,-0.07334366,-2.451371,0.04625946,0.03198827,1.915,-0.2155073,-0.008924191,-0.9764616,0.05289971,0.9983832,-0.02079962,0.9750684,-0.056137,-0.2146869,moving,-74.72423,-8.246509,1.38379,0.9569831
05/15/2023 12:31:20.379015,1103,True,True,True,True,Eyes,1.135043,-0.009060902,-2.005535,0.9641219,0.03560324,-0.2630616,0.0,0.0,0.0,0.0,0.0,0.0,0.0,-1.67841,-0.1058106,-1.685419,1.280289,-0.01904559,-2.007335,0.01505725,0.7801832,-0.02800222,0.6247426,3.583755,102.6064,359.3402,0.4687634,-0.003363489,-0.8833171,0.1415913,-0.001970716,0.008165726,3.119962,-0.08166482,-2.454234,0.04238904,0.02931238,1.914999,-0.2189399,-0.01149353,-0.9756705,0.05848319,0.9979783,-0.02487991,0.973984,-0.06250754,-0.2178251,moving,-74.73829,-7.707683,1.268051,0.8769425
05/15/2023 12:31:20.394689,1104,True,True,True,True,Eyes,1.142137,-0.009679655,-2.005572,0.9642314,0.03296939,-0.2630033,0.0,0.0,0.0,0.0,0.0,0.0,0.0,-1.669237,-0.1141869,-1.702506,1.291852,-0.02129249,-2.007133,0.01478818,0.7812912,-0.03003787,0.6232681,3.748136,102.8115,359.1768,0.4711567,-0.003420444,-0.8820426,0.1330958,-0.001852473,0.007675783,3.129859,-0.09826463,-2.456597,0.03864655,0.02672468,1.915,-0.2226364,-0.01433555,-0.9747962,0.06055105,0.9977581,-0.02850265,0.9730193,-0.06537066,-0.2212693,moving,-74.74316,-7.145173,1.156127,0.7995362
05/15/2023 12:31:20.409035,1105,True,True,True,True,Eyes,1.149404,-0.01035582,-2.005601,0.9644104,0.029984,-0.2627043,0.0,0.0,0.0,0.0,0.0,0.0,0.0,-1.659963,-0.1224105,-1.719143,1.302929,-0.023993,-2.006915,0.01563014,0.7824038,-0.03223973,0.62174,4.007367,103.0235,359.1022,0.4735427,-0.003497912,-0.8807636,0.1251101,-0.001741325,0.007215236,3.139244,-0.1150842,-2.459092,0.03487009,0.0241129,1.915,-0.22639,-0.0156313,-0.9739114,0.06454763,0.9974326,-0.0310132,0.9718958,-0.06988474,-0.2247999,moving,-74.7624,-6.511332,1.043179,0.7214067
05/15/2023 12:31:20.428689,1106,True,True,True,True,Eyes,1.156851,-0.01106293,-2.005623,0.9645215,0.02707916,-0.262612,0.0,0.0,0.0,0.0,0.0,0.0,0.0,-1.650471,-0.1316112,-1.735979,1.314375,-0.02597056,-2.006674,0.01777675,0.7835022,-0.0345852,0.6201712,4.372727,103.2411,359.1357,0.4759268,-0.003596233,-0.8794773,0.1176035,-0.001636845,0.006782322,3.149606,-0.1256288,-2.461552,0.0308581,0.02133867,1.914999,-0.2301437,-0.01504124,-0.9730406,0.07075373,0.9969757,-0.03214591,0.9705814,-0.07624441,-0.2283834,moving,-74.76917,-5.887231,0.9231783,0.6384153
05/15/2023 12:31:20.438734,1107,True,True,True,True,Eyes,1.16447,-0.01183106,-2.005652,0.9646613,0.02433163,-0.2623671,0.0,0.0,0.0,0.0,0.0,0.0,0.0,-1.638602,-0.1333035,-1.755719,1.326132,-0.02741155,-2.006479,0.01795773,0.7850698,-0.03502842,0.6181552,4.427688,103.5334,359.1317,0.4783138,-0.00371453,-0.8781809,0.1105473,-0.001538635,0.006375382,3.159199,-0.1396095,-2.4643,0.02701819,0.01868311,1.915,-0.2351232,-0.01510986,-0.9718481,0.07150213,0.996901,-0.03279817,0.9693319,-0.07720082,-0.2333142,moving,-74.78482,-5.29839,0.8083161,0.5589709
05/15/2023 12:31:20.458476,1108,True,True,True,True,Eyes,1.172257,-0.01264709,-2.005666,0.9647368,0.02167651,-0.2623226,0.0,0.0,0.0,0.0,0.0,0.0,0.0,-1.62618,-0.1261277,-1.776284,1.338032,-0.02964509,-2.006078,0.01744046,0.7867387,-0.03372971,0.6161172,4.276152,103.8387,359.1887,0.4807083,-0.003853346,-0.8768718,0.1039144,-0.001446316,0.005992859,3.168825,-0.1562969,-2.467172,0.02325341,0.01608016,1.915001,-0.240191,-0.01412074,-0.970623,0.06900507,0.9971163,-0.03158221,0.96827,-0.07456367,-0.238524,moving,-74.78841,-4.723792,0.6956951,0.4810981
05/15/2023 12:31:20.479009,1109,True,True,True,True,Eyes,1.371371,-0.03379826,-2.005461,0.965521,-0.0429606,-0.2567563,0.0,0.0,0.0,0.0,0.0,0.0,0.0,-1.614062,-0.12488,-1.795809,1.349824,-0.03160509,-2.005667,0.01782539,0.7882687,-0.03368755,0.6141497,4.301486,104.1262,359.2372,0.4831138,-0.004012557,-0.8755481,0.0,0.0,0.0,3.178844,-0.1623286,-2.472336,0.01916575,0.01325321,1.915,-0.2450048,-0.01327601,-0.9694309,0.06948078,0.9970948,-0.03121478,0.9670289,-0.0750046,-0.2433705,moving,-75.10826,9.498768,0.5734101,0.3965227
05/15/2023 12:31:20.488778,1110,True,True,True,True,Eyes,1.371861,-0.03386457,-2.005449,0.9654742,-0.04284746,-0.2569507,0.0,0.0,0.0,0.0,0.0,0.0,0.0,-1.602457,-0.1244399,-1.814894,1.362027,-0.03295095,-2.005241,0.0175121,0.7896611,-0.03363648,0.6123701,4.276553,104.3849,359.2221,0.4927156,-0.00517903,-0.8701748,0.5973433,-0.06345353,0.0006172657,3.189289,-0.1619798,-2.478213,0.01547897,0.01070415,1.915,-0.2493923,-0.0135387,-0.9683079,0.06885321,0.9971238,-0.03167507,0.9659517,-0.07457063,-0.2477429,moving,-75.09679,9.467171,0.4631123,0.3202591
05/15/2023 12:31:20.508910,1111,True,True,True,True,Eyes,1.372833,-0.03401903,-2.005392,0.9654533,-0.04274334,-0.2570464,0.0,0.0,0.0,0.0,0.0,0.0,0.0,-1.589938,-0.1203378,-1.834955,1.374266,-0.03463794,-2.004904,0.0161899,0.791224,-0.03284293,0.610429,4.113808,104.6698,359.1684,0.500808,-0.006159913,-0.8655363,0.5615027,-0.05964631,0.0005802297,3.199389,-0.1673565,-2.483273,0.01165619,0.008060565,1.915,-0.2542283,-0.01447688,-0.9670358,0.06571624,0.9973185,-0.03220666,0.964909,-0.0717378,-0.2525951,moving,-75.09118,9.441126,0.3487428,0.2411664
05/15/2023 12:31:20.528858,1112,True,True,True,True,Eyes,1.374256,-0.03424923,-2.005321,0.9653807,-0.04267231,-0.2573311,0.0,0.0,0.0,0.0,0.0,0.0,0.0,-1.576606,-0.1177461,-1.85541,1.386594,-0.0371592,-2.004514,0.01540957,0.7928568,-0.03257726,0.6083413,4.037351,104.9728,359.1268,0.5076699,-0.006990829,-0.8615231,0.5278125,-0.05606753,0.000545416,3.210221,-0.170382,-2.487537,0.007946938,0.005495058,1.914999,-0.2593665,-0.01520103,-0.9656593,0.06407135,0.9974025,-0.03290965,0.9636514,-0.07040676,-0.2577188,moving,-75.07433,9.415478,0.2377669,0.1644088
05/15/2023 12:31:20.538544,1113,True,True,True,True,Eyes,1.376127,-0.03453391,-2.005197,0.9653128,-0.0429167,-0.2575452,0.0,0.0,0.0,0.0,0.0,0.0,0.0,-1.563602,-0.1184631,-1.875014,1.39886,-0.03920084,-2.00405,0.01549213,0.7943673,-0.03294488,0.606346,4.07877,105.2591,359.1189,0.5135392,-0.007702468,-0.8580313,0.4961438,-0.05270348,0.000512691,3.221257,-0.1694001,-2.492457,0.003874391,0.002679052,1.914999,-0.2642092,-0.01533911,-0.9643435,0.06456488,0.9973493,-0.03355348,0.962302,-0.07112785,-0.2625185,moving,-75.06146,9.460697,0.1159196,0.08015577
05/15/2023 12:31:20.558637,1114,True,True,True,True,Eyes,1.378422,-0.03483348,-2.00507,0.9651893,-0.04319824,-0.2579603,0.0,0.0,0.0,0.0,0.0,0.0,0.0,-1.55088,-0.1241159,-1.893961,1.411147,-0.04078604,-2.003678,0.01568799,0.7957767,-0.03423027,0.6044184,4.211796,105.5296,359.0572,0.5188576,-0.008353828,-0.8548195,0.4663752,-0.04954127,0.0004819295,3.231971,-0.1719394,-2.498116,7.236004e-05,4.995614e-05,1.914999,-0.2688646,-0.01641053,-0.9630381,0.06634709,0.9971644,-0.03551508,0.9608902,-0.07344353,-0.2670135,moving,-75.03664,9.506585,0.002164975,0.001494662
05/15/2023 12:31:20.579147,1115,True,True,True,True,Eyes,1.381126,-0.03514175,-2.004932,0.9650525,-0.04399129,-0.2583379,0.0,0.0,0.0,0.0,0.0,0.0,0.0,-1.536566,-0.1324316,-1.914077,1.423633,-0.04144625,-2.00345,0.01454476,0.7974052,-0.0358118,0.6022051,4.280015,105.8366,358.8545,0.5236955,-0.008951431,-0.8518582,0.4383927,-0.0465688,0.0004530138,3.242546,-0.1781098,-2.50282,-0.004002482,-0.002767861,1.915,-0.274275,-0.01993597,-0.9614447,0.06632824,0.997012,-0.03959517,0.9593613,-0.07463091,-0.2721332,moving,-75.01369,9.663964,-0.119752,-0.08281288
05/15/2023 12:31:20.588844,1116,True,True,True,True,Eyes,1.384226,-0.03541948,-2.004795,0.9648466,-0.0449069,-0.2589487,0.0,0.0,0.0,0.0,0.0,0.0,0.0,-1.520827,-0.1406039,-1.935019,1.436073,-0.04194529,-2.003227,0.01294702,0.7992179,-0.03732472,0.5997416,4.312191,106.178,358.6165,0.5281156,-0.009500917,-0.8491191,0.4120891,-0.04377467,0.0004258329,3.252963,-0.1865981,-2.507427,-0.007676899,-0.00530871,1.915,-0.2802848,-0.02407539,-0.9596149,0.06546535,0.9968785,-0.04413143,0.9576819,-0.07519089,-0.2778338,moving,-74.9768,9.838388,-0.2296875,-0.1588334
05/15/2023 12:31:20.608737,1117,True,True,True,True,Eyes,1.387689,-0.03559171,-2.004668,0.964619,-0.04648394,-0.2595176,0.0,0.0,0.0,0.0,0.0,0.0,0.0,-1.504436,-0.1545915,-1.9558,1.448585,-0.04183309,-2.003056,0.01189375,0.8010309,-0.03991215,0.5971727,4.482061,106.5262,358.3553,0.5321726,-0.0100057,-0.8465765,0.3873638,-0.04114819,0.0004002829,3.263407,-0.1919764,-2.513343,-0.01136926,-0.007862132,1.915,-0.2864869,-0.02861437,-0.9576568,0.06672339,0.9965311,-0.04973648,0.955758,-0.07814696,-0.2835838,moving,-74.94189,10.15495,-0.3401581,-0.2352294
05/15/2023 12:31:20.628821,1118,True,True,True,True,Eyes,1.391541,-0.03566096,-2.004561,0.9643096,-0.04787567,-0.260413,0.0,0.0,0.0,0.0,0.0,0.0,0.0,-1.485266,-0.1858239,-1.976625,1.46087,-0.03902841,-2.00298,0.01119624,0.8030401,-0.04544134,0.5940846,4.949946,106.9228,357.9286,0.5359144,-0.01046581,-0.8442072,0.3641219,-0.0386793,0.000376266,3.273614,-0.1960678,-2.5202,-0.0152292,-0.01053143,1.915,-0.2938766,-0.03600994,-0.9551651,0.07197406,0.9956195,-0.05967941,0.95313,-0.08628546,-0.2899974,moving,-74.88769,10.41723,-0.4556397,-0.3150914
05/15/2023 12:31:20.638695,1119,True,True,True,True,Eyes,1.395734,-0.03569573,-2.004471,0.9639707,-0.04936536,-0.2613878,0.0,0.0,0.0,0.0,0.0,0.0,0.0,-1.462521,-0.1930403,-2.002752,1.474034,-0.03667958,-2.003278,0.007549451,0.805777,-0.0461844,0.5903671,4.780723,107.4402,357.5634,0.5393844,-0.01088137,-0.8419889,0.3422746,-0.03635854,0.00035369,3.283475,-0.2041613,-2.527078,-0.01919323,-0.01327201,1.915,-0.3028194,-0.04236515,-0.9521058,0.06669784,0.9956201,-0.06551477,0.9507111,-0.08334255,-0.2986674,moving,-74.82864,10.69484,-0.5742321,-0.3970851
05/15/2023 12:31:20.659034,1120,True,True,True,True,Eyes,1.400245,-0.03561339,-2.004389,0.9635437,-0.05120286,-0.2626057,0.0,0.0,0.0,0.0,0.0,0.0,0.0,-1.439535,-0.1897486,-2.02888,1.486418,-0.03587987,-2.003472,0.0054466,0.8086323,-0.04518334,0.5865514,4.557691,107.9874,357.4589,0.5426196,-0.01125531,-0.8399027,0.3217382,-0.03417703,0.0003324686,3.291739,-0.2192987,-2.535366,-0.02304119,-0.01593311,1.915001,-0.3118554,-0.04419611,-0.949101,0.06181329,0.9958576,-0.06668399,0.9481167,-0.07946283,-0.3078317,moving,-74.75478,11.0331,-0.6893464,-0.4766989
05/15/2023 12:31:20.678450,1121,True,True,True,True,Eyes,1.40511,-0.03539876,-2.004336,0.9631136,-0.05295105,-0.2638341,0.0,0.0,0.0,0.0,0.0,0.0,0.0,-1.419084,-0.2155531,-2.049526,1.498543,-0.03289656,-2.003523,0.007984371,0.8107364,-0.04954117,0.5832568,5.1431,108.4204,357.4194,0.5456529,-0.01158689,-0.8379308,0.3024339,-0.0321264,0.0003125205,3.301627,-0.2138504,-2.548104,-0.02719313,-0.01880421,1.915,-0.3194956,-0.04484402,-0.9465263,0.0707369,0.9949638,-0.07101578,0.9449441,-0.08964355,-0.3147144,moving,-74.68029,11.3484,-0.813549,-0.5625939
05/15/2023 12:31:20.688690,1122,True,True,True,True,Eyes,1.41027,-0.03514835,-2.00431,0.9626228,-0.05441754,-0.265323,0.0,0.0,0.0,0.0,0.0,0.0,0.0,-1.398291,-0.2093155,-2.074768,1.511823,-0.02954106,-2.004299,0.004765044,0.8132358,-0.04748775,0.5799741,4.747498,108.8966,357.2776,0.5485141,-0.01187486,-0.8360566,0.2842878,-0.03019882,0.0002937693,3.310334,-0.2078644,-2.562371,-0.03074467,-0.02126017,1.914999,-0.3272151,-0.04733312,-0.9437638,0.06283354,0.9954444,-0.07171027,0.9428588,-0.08276469,-0.3227503,moving,-74.59046,11.59058,-0.9197856,-0.6360672
05/15/2023 12:31:20.710363,1123,True,True,True,True,Eyes,1.4157,-0.03486769,-2.004322,0.9621237,-0.05651189,-0.2666915,0.0,0.0,0.0,0.0,0.0,0.0,0.0,-1.378421,-0.2006701,-2.098242,1.524066,-0.02848175,-2.00483,0.002895054,0.8155966,-0.04544736,0.5768262,4.443346,109.3543,357.2572,0.551228,-0.01212201,-0.8342663,0.2672306,-0.02838689,0.0002761431,3.317472,-0.2268156,-2.571756,-0.03459597,-0.02392358,1.915,-0.3345265,-0.04770805,-0.941178,0.05715283,0.9958523,-0.07079352,0.9406517,-0.0774733,-0.3304124,moving,-74.50713,11.96399,-1.03498,-0.7157434
05/15/2023 12:31:20.728595,1124,True,True,True,True,Eyes,1.421409,-0.03451883,-2.004369,0.961571,-0.05867944,-0.2682123,0.0,0.0,0.0,0.0,0.0,0.0,0.0,-1.361523,-0.2228783,-2.116335,1.535998,-0.02733961,-2.005557,0.005732381,0.8172101,-0.04936578,0.5741933,5.006423,109.6952,357.2773,0.5538161,-0.01233115,-0.8325474,0.2511967,-0.02668368,0.0002595745,3.328367,-0.2128147,-2.583966,-0.03865635,-0.0267307,1.915001,-0.3405387,-0.04732187,-0.939039,0.06606011,0.9950603,-0.07410144,0.9379071,-0.08726741,-0.3357305,moving,-74.41454,12.34072,-1.15642,-0.7997159
05/15/2023 12:31:20.738513,1125,True,True,True,True,Eyes,1.427369,-0.03413861,-2.00447,0.9610506,-0.0610199,-0.2695521,0.0,0.0,0.0,0.0,0.0,0.0,0.0,-1.344891,-0.2384219,-2.135046,1.548443,-0.02532941,-2.00641,0.005556216,0.8187782,-0.05187134,0.571735,5.238147,110.0163,357.1096,0.5562978,-0.01250322,-0.8308885,0.2361249,-0.02508266,0.0002440001,3.337937,-0.2040506,-2.595539,-0.04245001,-0.02935442,1.915001,-0.3461768,-0.0502147,-0.9368247,0.06841194,0.994557,-0.07858888,0.9356719,-0.09129561,-0.3408573,moving,-74.33244,12.75536,-1.269873,-0.8781993
05/15/2023 12:31:20.759424,1126,True,True,True,True,Eyes,1.433566,-0.03367925,-2.004601,0.9604739,-0.06352672,-0.2710245,0.0,0.0,0.0,0.0,0.0,0.0,0.0,-1.327235,-0.2493778,-2.154468,1.560534,-0.02414623,-2.007392,0.003174939,0.8204818,-0.05374539,0.5691319,5.267637,110.3571,356.778,0.5586889,-0.01264057,-0.8292804,0.2219574,-0.0235777,0.0002293601,3.345788,-0.2242245,-2.602476,-0.04645616,-0.03212478,1.915001,-0.352158,-0.05596645,-0.9342658,0.06638636,0.9942027,-0.0845803,0.9335833,-0.09180813,-0.3464009,moving,-74.24211,13.19168,-1.38967,-0.9610656
05/15/2023 12:31:20.778592,1127,True,True,True,True,Eyes,1.440028,-0.03313678,-2.004761,0.9598986,-0.06597308,-0.2724746,0.0,0.0,0.0,0.0,0.0,0.0,0.0,-1.309228,-0.2774348,-2.171369,1.572418,-0.02175461,-2.008213,0.001885528,0.8219206,-0.05871728,0.5665644,5.661922,110.6609,356.3452,0.5610041,-0.01274344,-0.8277144,0.20864,-0.02216304,0.0002155985,3.355238,-0.2321225,-2.60946,-0.05013382,-0.03466801,1.915001,-0.3580026,-0.06343473,-0.9315633,0.06963374,0.9930974,-0.09438536,0.9311204,-0.09865844,-0.3511143,moving,-74.153,13.61084,-1.499634,-1.037135
05/15/2023 12:31:20.788772,1128,True,True,True,True,Eyes,1.44673,-0.03258872,-2.004964,0.9592693,-0.06792727,-0.2742049,0.0,0.0,0.0,0.0,0.0,0.0,0.0,-1.287161,-0.2814355,-2.194334,1.585026,-0.01928477,-2.00958,-0.003018182,0.8241512,-0.0591682,0.5632628,5.401077,111.1043,355.8741,0.563257,-0.01281187,-0.8261818,0.1961216,-0.02083325,0.0002026625,3.364913,-0.2341209,-2.617048,-0.05409425,-0.03740638,1.915001,-0.365452,-0.07162936,-0.9280701,0.06167962,0.99298,-0.1009271,0.9287844,-0.09412703,-0.3584685,moving,-74.04755,13.91347,-1.61804,-1.119036
05/15/2023 12:31:20.808792,1129,True,True,True,True,Eyes,1.45364,-0.03205524,-2.0052,0.9586201,-0.07018249,-0.275902,0.0,0.0,0.0,0.0,0.0,0.0,0.0,-1.264288,-0.2678713,-2.219262,1.597468,-0.01871403,-2.010733,-0.008162785,0.8266762,-0.05665088,0.5597595,4.848738,111.607,355.5727,0.565459,-0.01284907,-0.8246757,0.1843543,-0.01958326,0.0001905028,3.373443,-0.2467515,-2.622918,-0.05786264,-0.04001262,1.915,-0.3732055,-0.0769177,-0.9245548,0.04992578,0.9934481,-0.1028023,0.9264045,-0.08452549,-0.3669201,moving,-73.94357,14.27191,-1.730692,-1.196982
05/15/2023 12:31:20.828919,1130,True,True,True,True,Eyes,1.460762,-0.03149753,-2.005496,0.9578896,-0.07246374,-0.2778427,0.0,0.0,0.0,0.0,0.0,0.0,0.0,-1.241811,-0.2795258,-2.240112,1.609197,-0.01847437,-2.012082,-0.007941655,0.8288981,-0.05877658,0.5562466,5.083333,112.0705,355.4767,0.5676191,-0.01285874,-0.8231903,0.173293,-0.01840826,0.0001790726,3.383575,-0.2375045,-2.634447,-0.06173122,-0.04268788,1.915,-0.3810532,-0.0785542,-0.9212099,0.0522229,0.9929645,-0.1062746,0.923077,-0.08860455,-0.3742699,moving,-73.82482,14.6176,-1.846326,-1.276987
05/15/2023 12:31:20.838821,1131,True,True,True,True,Eyes,1.468054,-0.030949,-2.00588,0.9570872,-0.07489834,-0.279954,0.0,0.0,0.0,0.0,0.0,0.0,0.0,-1.219507,-0.2862136,-2.261696,1.621438,-0.01730476,-2.013709,-0.007006505,0.8311804,-0.05966561,0.552748,5.246459,112.5461,355.5302,0.5697452,-0.01284265,-0.8217205,0.1628954,-0.01730377,0.0001683283,3.393893,-0.2208578,-2.64765,-0.0660218,-0.04565489,1.915,-0.3888415,-0.07760742,-0.9180303,0.05431274,0.9927819,-0.1069314,0.9197024,-0.09144009,-0.3818197,moving,-73.69547,14.97802,-1.974555,-1.365711
05/15/2023 12:31:20.860002,1132,True,True,True,True,Eyes,1.475513,-0.03041872,-2.006317,0.956188,-0.07764176,-0.2822699,0.0,0.0,0.0,0.0,0.0,0.0,0.0,-1.197176,-0.2842549,-2.283764,1.633047,-0.01684076,-2.015561,-0.006083454,0.8336194,-0.05899782,0.5491458,5.260382,113.052,355.6841,0.5718428,-0.01280374,-0.8202628,0.1531217,-0.01626554,0.0001582286,3.400852,-0.2303949,-2.659709,-0.0694676,-0.04803781,1.915,-0.3968041,-0.07493939,-0.9148393,0.05465424,0.9929645,-0.1050449,0.916275,-0.09168205,-0.3899166,moving,-73.55322,15.37956,-2.077523,-1.436965
05/15/2023 12:31:20.878879,1133,True,True,True,True,Eyes,1.483098,-0.02988055,-2.006866,0.9551681,-0.08084814,-0.2848116,0.0,0.0,0.0,0.0,0.0,0.0,0.0,-1.175098,-0.3034566,-2.302345,1.644526,-0.01664288,-2.017174,-0.002086974,0.8357003,-0.06215667,0.545653,5.831955,113.5071,355.8889,0.573917,-0.01274505,-0.8188137,0.1439344,-0.01528961,0.0001487348,3.408463,-0.2371265,-2.67205,-0.07343233,-0.05077942,1.915,-0.4045167,-0.07132011,-0.9117453,0.06434377,0.9922644,-0.1061662,0.9122641,-0.1016111,-0.3967986,moving,-73.39649,15.84741,-2.19598,-1.518937
05/15/2023 12:31:20.888855,1134,True,True,True,True,Eyes,1.490832,-0.0293647,-2.007467,0.9540778,-0.08406083,-0.2875226,0.0,0.0,0.0,0.0,0.0,0.0,0.0,-1.154022,-0.3277498,-2.319397,1.655728,-0.01565087,-2.019185,0.001730361,0.8375758,-0.06609439,0.5423057,6.464922,113.932,356.0303,0.5759704,-0.01266823,-0.8173718,0.1352983,-0.01437223,0.0001398108,3.415416,-0.2396127,-2.686055,-0.07716262,-0.05335867,1.915001,-0.4118032,-0.0687881,-0.9086729,0.07458534,0.9912571,-0.1088413,0.9082155,-0.1125949,-0.4030722,moving,-73.2292,16.29694,-2.307415,-1.596049
05/15/2023 12:31:20.908694,1135,True,True,True,True,Eyes,1.498672,-0.02890804,-2.008136,0.9529299,-0.08752002,-0.2902841,0.0,0.0,0.0,0.0,0.0,0.0,0.0,-1.133828,-0.3338135,-2.338069,1.667058,-0.01563573,-2.020948,0.00322612,0.8395136,-0.06690664,0.539194,6.650755,114.3533,356.1476,0.5780069,-0.01257602,-0.8159344,0.1271804,-0.0135099,0.0001314221,3.420679,-0.2610387,-2.697233,-0.08101314,-0.05602168,1.915,-0.418519,-0.06673457,-0.905753,0.07756806,0.9910262,-0.1088591,0.9048896,-0.1158171,-0.4095869,moving,-73.05807,16.77795,-2.422426,-1.675661
05/15/2023 12:31:20.928875,1136,True,True,True,True,Eyes,1.506643,-0.02849595,-2.008856,0.9517248,-0.0912324,-0.2930811,0.0,0.0,0.0,0.0,0.0,0.0,0.0,-1.116908,-0.3533005,-2.352469,1.677683,-0.01644818,-2.022751,0.006048432,0.840868,-0.07028631,0.5366232,7.163113,114.6736,356.2286,0.5800284,-0.01247237,-0.8145002,0.1195496,-0.0126993,0.0001235368,3.42556,-0.283655,-2.707485,-0.08494705,-0.058742,1.914999,-0.4239982,-0.06526265,-0.9033087,0.08560639,0.9900465,-0.1117116,0.9016082,-0.1246945,-0.4141911,moving,-72.88393,17.2907,-2.539907,-1.756979
05/15/2023 12:31:20.938626,1137,True,True,True,True,Eyes,1.514709,-0.02811716,-2.009668,0.9505342,-0.09496781,-0.2957463,0.0,0.0,0.0,0.0,0.0,0.0,0.0,-1.101358,-0.3776218,-2.365607,1.68885,-0.01701868,-2.024643,0.008396422,0.841907,-0.0745556,0.5343816,7.730375,114.9348,356.2074,0.5820377,-0.0123602,-0.8130672,0.1123766,-0.01193735,0.0001161246,3.432322,-0.292352,-2.718196,-0.08879554,-0.0614033,1.915,-0.4287319,-0.06554428,-0.9010512,0.09382031,0.9887419,-0.116564,0.8985472,-0.1345116,-0.4177559,moving,-72.71716,17.80247,-2.654814,-1.836525
05/15/2023 12:31:20.960121,1138,True,True,True,True,Eyes,1.522899,-0.02777022,-2.010528,0.9493139,-0.09876246,-0.2984111,0.0,0.0,0.0,0.0,0.0,0.0,0.0,-1.087528,-0.3971484,-2.378337,1.699645,-0.01729609,-2.026781,0.00923501,0.8428044,-0.0780099,0.5324565,8.124737,115.1555,356.0899,0.5840355,-0.01224173,-0.8116352,0.105634,-0.0112211,0.0001091571,3.438087,-0.312667,-2.725008,-0.09272182,-0.06411836,1.915001,-0.4328097,-0.06750714,-0.8989542,0.09864036,0.9876583,-0.1216597,0.8960724,-0.1413287,-0.4208091,moving,-72.54978,18.31253,-2.772022,-1.91767
05/15/2023 12:31:20.980397,1139,True,True,True,True,Eyes,1.531184,-0.02745285,-2.01147,0.9481333,-0.1023389,-0.3009484,0.0,0.0,0.0,0.0,0.0,0.0,0.0,-1.073816,-0.4150319,-2.391183,1.710814,-0.01767039,-2.028766,0.009089558,0.8436202,-0.08127838,0.5306754,8.440561,115.3529,355.8881,0.5860241,-0.01211886,-0.8102024,0.0,0.0,0.0,3.444754,-0.3343885,-2.729716,-0.09670329,-0.0668712,1.915001,-0.4366024,-0.0709286,-0.8968545,0.1016011,0.9866224,-0.1274889,0.8938993,-0.1467834,-0.4235552,moving,-72.38997,18.78084,-2.890853,-1.999937
05/15/2023 12:31:20.988567,1140,True,True,True,True,Eyes,1.539592,-0.02717192,-2.01247,0.9469429,-0.1057726,-0.3034985,0.0,0.0,0.0,0.0,0.0,0.0,0.0,-1.061456,-0.4295767,-2.403903,1.721732,-0.01797514,-2.031082,0.008453928,0.8443578,-0.08394885,0.5290946,8.668166,115.5276,355.6747,0.5880042,-0.0119932,-0.8087684,0.0,0.0,0.0,3.452208,-0.3496967,-2.733989,-0.1003395,-0.06938602,1.915001,-0.4399749,-0.07455749,-0.8949097,0.10311,0.9857622,-0.1328199,0.8920709,-0.1507116,-0.426023,moving,-72.22916,19.21402,-2.999359,-2.075084
05/15/2023 12:31:21.008494,1141,True,True,True,True,Eyes,1.548092,-0.02696919,-2.01354,0.9457899,-0.1087369,-0.3060355,0.0,0.0,0.0,0.0,0.0,0.0,0.0,-1.049073,-0.4342711,-2.418619,1.733091,-0.01856953,-2.033449,0.007050058,0.8452441,-0.08489056,0.5275474,8.681694,115.7183,355.4948,0.5899773,-0.0118665,-0.8073322,0.0,0.0,0.0,3.460802,-0.3624585,-2.73724,-0.1041957,-0.07205226,1.915001,-0.4432879,-0.07764954,-0.8930097,0.1014856,0.9854878,-0.136068,0.8906157,-0.150945,-0.4289745,moving,-72.06963,19.56053,-3.114408,-2.154748
05/15/2023 12:31:21.028652,1142,True,True,True,True,Eyes,1.556693,-0.02682353,-2.01467,0.9446055,-0.1117567,-0.3085951,0.0,0.0,0.0,0.0,0.0,0.0,0.0,-1.036867,-0.4339609,-2.433774,1.743931,-0.02023597,-2.035919,0.005806039,0.8462344,-0.08507334,0.5259432,8.632215,115.9283,355.3784,0.5919434,-0.01174194,-0.8058935,0.0,0.0,0.0,3.469898,-0.3722104,-2.740258,-0.1080904,-0.07474567,1.915001,-0.4467003,-0.07966095,-0.8911303,0.09931403,0.9854577,-0.1378767,0.8891547,-0.1500913,-0.4322928,moving,-71.9082,19.90768,-3.230578,-2.235215
05/15/2023 12:31:21.039088,1143,True,True,True,True,Eyes,1.56538,-0.02672975,-2.015899,0.9434288,-0.1144467,-0.3111977,0.0,0.0,0.0,0.0,0.0,0.0,0.0,-1.023614,-0.4461878,-2.44724,1.755,-0.02142164,-2.038472,0.006357429,0.8471259,-0.08727137,0.5241386,8.88919,116.1433,355.314,0.5939039,-0.01162155,-0.8044516,0.0,0.0,0.0,3.480452,-0.3753283,-2.744264,-0.1121171,-0.07753024,1.915,-0.4504767,-0.0807135,-0.8891323,0.1022557,0.9846866,-0.1411953,0.886913,-0.154524,-0.435325,moving,-71.74444,20.19162,-3.35066,-2.318398
05/15/2023 12:31:21.063944,1144,True,True,True,True,Eyes,1.574164,-0.02670159,-2.017198,0.9422196,-0.1169866,-0.3139052,0.0,0.0,0.0,0.0,0.0,0.0,0.0,-1.009016,-0.4488318,-2.463238,1.766075,-0.02252397,-2.041466,0.006528122,0.848387,-0.087675,0.5220249,8.950456,116.4249,355.328,0.595858,-0.01150692,-0.8030069,0.0,0.0,0.0,3.490442,-0.3773572,-2.749512,-0.1158146,-0.080087,1.915001,-0.4548947,-0.0804603,-0.8869028,0.1026138,0.984541,-0.141949,0.8846135,-0.1555803,-0.4396062,moving,-71.57424,20.43948,-3.460896,-2.394764
05/15/2023 12:31:21.078975,1145,True,True,True,True,Eyes,1.58304,-0.02675512,-2.01855,0.9409837,-0.1193909,-0.3166946,0.0,0.0,0.0,0.0,0.0,0.0,0.0,-0.9938856,-0.4432291,-2.480798,1.777228,-0.02408183,-2.044383,0.006922059,0.849865,-0.08656644,0.5197961,8.87827,116.7455,355.4587,0.5978061,-0.01140003,-0.8015592,0.0,0.0,0.0,3.498912,-0.3892044,-2.753964,-0.1197407,-0.08280177,1.915002,-0.4595286,-0.07822818,-0.8847115,0.1017594,0.9849167,-0.1399435,0.8823146,-0.1543357,-0.4446369,moving,-71.39898,20.65598,-3.577916,-2.475841
05/15/2023 12:31:21.089091,1146,True,True,True,True,Eyes,1.592005,-0.0268725,-2.019978,0.9397175,-0.1218386,-0.3195096,0.0,0.0,0.0,0.0,0.0,0.0,0.0,-0.9808788,-0.445672,-2.49585,1.788047,-0.0261441,-2.047491,0.009208119,0.8510361,-0.08674236,0.5178113,9.04313,117.0226,355.6935,0.5997488,-0.01130324,-0.8001081,0.0,0.0,0.0,3.507601,-0.3947233,-2.761462,-0.1236975,-0.08553798,1.915,-0.4635734,-0.07415947,-0.8829497,0.1055052,0.9847819,-0.1381056,0.8797548,-0.1571779,-0.4486944,moving,-71.22166,20.87335,-3.695828,-2.557551
05/15/2023 12:31:21.110481,1147,True,True,True,True,Eyes,1.601049,-0.02705213,-2.021503,0.9384588,-0.1241387,-0.3223114,0.0,0.0,0.0,0.0,0.0,0.0,0.0,-0.969866,-0.4496586,-2.510034,1.799174,-0.02776365,-2.050684,0.01163183,0.8519575,-0.08706899,0.5161901,9.228176,117.2491,355.9293,0.6016859,-0.01121799,-0.7986536,0.0,0.0,0.0,3.51649,-0.3965169,-2.770692,-0.127531,-0.0881889,1.915001,-0.4668251,-0.07006864,-0.8815694,0.1097079,0.9845673,-0.1363497,0.8775184,-0.1603666,-0.4519337,moving,-71.04509,21.06426,-3.810032,-2.636701
05/15/2023 12:31:21.128669,1148,True,True,True,True,Eyes,1.610185,-0.02729173,-2.023113,0.937209,-0.1263943,-0.3250595,0.0,0.0,0.0,0.0,0.0,0.0,0.0,-0.9608222,-0.4495035,-2.524407,1.810319,-0.0294224,-2.054201,0.01310346,0.8527421,-0.08676632,0.5149087,9.292389,117.4341,356.1068,0.6036165,-0.01114548,-0.7971964,0.0,0.0,0.0,3.524115,-0.4068918,-2.778148,-0.1314253,-0.0908813,1.915001,-0.469395,-0.06700572,-0.8804424,0.1117012,0.9845998,-0.1344844,0.8758947,-0.1614728,-0.4546815,moving,-70.87152,21.24779,-3.926015,-2.71708
05/15/2023 12:31:21.139041,1149,True,True,True,True,Eyes,1.619393,-0.02758929,-2.024834,0.9360107,-0.1288953,-0.3275211,0.0,0.0,0.0,0.0,0.0,0.0,0.0,-0.9558237,-0.4486955,-2.537542,1.821667,-0.03109212,-2.057816,0.01477336,0.8531305,-0.08628926,0.5143,9.347846,117.5316,356.3073,0.6055407,-0.01108667,-0.7957367,0.0,0.0,0.0,3.532493,-0.4174626,-2.784168,-0.1352341,-0.09351566,1.915,-0.4705548,-0.06354993,-0.8800795,0.1139643,0.9846718,-0.1320361,0.8749804,-0.1624278,-0.4560996,moving,-70.71446,21.48203,-4.039426,-2.795718
05/15/2023 12:31:21.160981,1150,True,True,True,True,Eyes,1.628694,-0.02792274,-2.026647,0.9348505,-0.1313524,-0.3298502,0.0,0.0,0.0,0.0,0.0,0.0,0.0,-0.95415,-0.4497037,-2.549209,1.832928,-0.03273247,-2.06165,0.01644302,0.8531656,-0.08613322,0.5142173,9.432314,117.5536,356.4824,0.6074571,-0.01104232,-0.7942752,0.0,0.0,0.0,3.54218,-0.4239887,-2.789576,-0.1390327,-0.09614252,1.915,-0.470621,-0.06052514,-0.8802575,0.1166396,0.9846215,-0.1300612,0.8745923,-0.1638824,-0.4563238,moving,-70.56526,21.71335,-4.152496,-2.874119
05/15/2023 12:31:21.178640,1151,True,True,True,True,Eyes,1.638078,-0.02830688,-2.028561,0.9337671,-0.1339111,-0.3318838,0.0,0.0,0.0,0.0,0.0,0.0,0.0,-0.954585,-0.4527221,-2.560076,1.844468,-0.03391615,-2.065665,0.01735299,0.8529276,-0.08639157,0.5145385,9.510543,117.5112,356.5528,0.6093659,-0.01101227,-0.7928121,0.0,0.0,0.0,3.55326,-0.4304011,-2.792376,-0.1429625,-0.09886007,1.915001,-0.4698979,-0.05930189,-0.8807265,0.1185052,0.9844708,-0.1295139,0.8747299,-0.1652291,-0.4555731,moving,-70.43353,21.97348,-4.26944,-2.955216
05/15/2023 12:31:21.188791,1152,True,True,True,True,Eyes,1.647552,-0.02872579,-2.030568,0.9327328,-0.1364271,-0.3337623,0.0,0.0,0.0,0.0,0.0,0.0,0.0,-0.9555449,-0.4539452,-2.571157,1.855966,-0.03551291,-2.069809,0.01763712,0.85266,-0.08650364,0.5149536,9.536795,117.455,356.5693,0.6112664,-0.01099692,-0.791348,0.0,0.0,0.0,3.565167,-0.4378698,-2.792719,-0.1471786,-0.1017756,1.915001,-0.4690235,-0.05901379,-0.881212,0.1191676,0.9844121,-0.1293518,0.8751093,-0.1656809,-0.4546799,moving,-70.31113,22.23254,-4.394864,-3.042209
05/15/2023 12:31:21.208731,1153,True,True,True,True,Eyes,1.657105,-0.02913081,-2.032689,0.9317607,-0.1390444,-0.3353933,0.0,0.0,0.0,0.0,0.0,0.0,0.0,-0.9587088,-0.4579098,-2.58111,1.867581,-0.03675357,-2.074059,0.01837385,0.852146,-0.08696266,0.5157006,9.62277,117.3513,356.6054,0.6131584,-0.01099599,-0.789883,0.0,0.0,0.0,3.578012,-0.4439408,-2.791935,-0.150628,-0.1041611,1.915,-0.4674307,-0.05837899,-0.8821,0.1210078,0.9841998,-0.129259,0.8757087,-0.1671606,-0.4529808,moving,-70.20334,22.51748,-4.497448,-3.113377
05/15/2023 12:31:21.228769,1154,True,True,True,True,Eyes,1.66677,-0.02954948,-2.03492,0.9308521,-0.1413312,-0.3369566,0.0,0.0,0.0,0.0,0.0,0.0,0.0,-0.9623154,-0.467919,-2.590005,1.879244,-0.03678741,-2.078513,0.01870238,0.8514841,-0.08837938,0.5165405,9.777841,117.2191,356.5413,0.6150409,-0.01100738,-0.7884179,0.0,0.0,0.0,3.591608,-0.4489697,-2.790363,-0.1546965,-0.1069745,1.915,-0.465672,-0.05945351,-0.8829579,0.1231526,0.9836786,-0.1311862,0.8763462,-0.1698284,-0.4507497,moving,-70.10039,22.75485,-4.618407,-3.197298
05/15/2023 12:31:21.239000,1155,True,True,True,True,Eyes,1.676511,-0.03001492,-2.037249,0.9299604,-0.143533,-0.338485,0.0,0.0,0.0,0.0,0.0,0.0,0.0,-0.9622502,-0.4559115,-2.605035,1.891587,-0.03758091,-2.083381,0.016739,0.8515518,-0.08631445,0.5168456,9.456884,117.1971,356.4712,0.6169138,-0.01103023,-0.786953,0.0,0.0,0.0,3.605282,-0.4553154,-2.787804,-0.1582258,-0.1094152,1.915,-0.465181,-0.06071423,-0.8831311,0.1177307,0.9845393,-0.1296995,0.8773518,-0.1643054,-0.450841,moving,-69.99961,22.97914,-4.723304,-3.270091
05/15/2023 12:31:21.261796,1156,True,True,True,True,Eyes,1.686333,-0.03049658,-2.039679,0.9290783,-0.145802,-0.3399343,0.0,0.0,0.0,0.0,0.0,0.0,0.0,-0.9625988,-0.4461266,-2.618737,1.903148,-0.03921027,-2.088037,0.01669704,0.8516058,-0.08447638,0.5170615,9.273533,117.1934,356.5774,0.6187769,-0.01106504,-0.7854884,0.0,0.0,0.0,3.61916,-0.4626894,-2.783782,-0.1621866,-0.1121539,1.914999,-0.4647372,-0.05892037,-0.8834862,0.1157976,0.9851699,-0.1266143,0.8778442,-0.1611479,-0.4510222,moving,-69.90327,23.21508,-4.840985,-3.351758
05/15/2023 12:31:21.278856,1157,True,True,True,True,Eyes,1.696246,-0.03097833,-2.042189,0.9281637,-0.148112,-0.3414306,0.0,0.0,0.0,0.0,0.0,0.0,0.0,-0.9623418,-0.4551508,-2.629703,1.914907,-0.04005075,-2.092876,0.01860916,0.8514352,-0.08552649,0.5171044,9.490629,117.1827,356.7007,0.6206298,-0.01111107,-0.7840246,0.0,0.0,0.0,3.635463,-0.4552332,-2.785144,-0.1661126,-0.114869,1.914999,-0.4645136,-0.05676325,-0.8837449,0.1201412,0.9846778,-0.1263948,0.8773787,-0.1648863,-0.4505766,moving,-69.80365,23.45112,-4.957594,-3.432707
05/15/2023 12:31:21.288699,1158,True,True,True,True,Eyes,1.706217,-0.03146429,-2.044793,0.9272386,-0.1504784,-0.3429064,0.0,0.0,0.0,0.0,0.0,0.0,0.0,-0.9590557,-0.4526963,-2.643924,1.926668,-0.04059058,-2.097941,0.01874481,0.8517453,-0.08478037,0.5167116,9.427176,117.2469,356.7643,0.6224723,-0.01116705,-0.7825618,0.0,0.0,0.0,3.649633,-0.4536405,-2.786613,-0.1700559,-0.1175958,1.915,-0.4653156,-0.05568239,-0.8833917,0.1195456,0.9849218,-0.1250512,0.877035,-0.1637939,-0.4516429,moving,-69.70486,23.69341,-5.074672,-3.51399
05/15/2023 12:31:21.308681,1159,True,True,True,True,Eyes,1.716237,-0.03192863,-2.047482,0.9263331,-0.1533629,-0.3440738,0.0,0.0,0.0,0.0,0.0,0.0,0.0,-0.954393,-0.4626283,-2.656068,1.938053,-0.04114641,-2.102819,0.02021732,0.8519904,-0.08601258,0.516048,9.638428,117.3273,356.8413,0.6243035,-0.01123201,-0.7811008,0.0,0.0,0.0,3.661382,-0.4642886,-2.78694,-0.1738045,-0.1201879,1.915,-0.4665715,-0.05432332,-0.8828138,0.1232232,0.9843862,-0.1256976,0.875858,-0.16743,-0.4525926,moving,-69.62317,24.02381,-5.18593,-3.591249
05/15/2023 12:31:21.328452,1160,True,True,True,True,Eyes,1.726313,-0.03236668,-2.050264,0.9254248,-0.1561821,-0.3452478,0.0,0.0,0.0,0.0,0.0,0.0,0.0,-0.9497832,-0.4813125,-2.666362,1.949226,-0.04101193,-2.107622,0.02236122,0.852088,-0.08854607,0.5153694,10.01737,117.395,356.9055,0.6261228,-0.01130409,-0.7796421,0.0,0.0,0.0,3.674268,-0.4655227,-2.790286,-0.1779124,-0.1230284,1.915,-0.4677888,-0.05316043,-0.8822402,0.1293753,0.9833191,-0.1278495,0.8743202,-0.1739467,-0.453108,moving,-69.54099,24.34089,-5.307808,-3.675893
05/15/2023 12:31:21.338591,1161,True,True,True,True,Eyes,1.736405,-0.03263692,-2.05313,0.9245135,-0.15952,-0.3461623,0.0,0.0,0.0,0.0,0.0,0.0,0.0,-0.945828,-0.4839734,-2.67959,1.960664,-0.04081108,-2.112618,0.02371527,0.8524178,-0.08832432,0.5148014,10.07841,117.4825,357.0594,0.6279299,-0.01138148,-0.7781864,0.0,0.0,0.0,3.684572,-0.47552,-2.793442,-0.1815879,-0.1255701,1.915,-0.4688343,-0.05050832,-0.8818409,0.1313696,0.9832728,-0.1261611,0.8734624,-0.1749957,-0.4543569,moving,-69.47277,24.7414,-5.416815,-3.751618
05/15/2023 12:31:21.361443,1162,True,True,True,True,Eyes,1.746588,-0.03271695,-2.056109,0.9236425,-0.1624117,-0.3471411,0.0,0.0,0.0,0.0,0.0,0.0,0.0,-0.9465196,-0.5173056,-2.684588,1.971227,-0.03691497,-2.117409,0.02714522,0.8518308,-0.09252115,0.5148663,10.69478,117.4328,357.1402,0.6297229,-0.01145725,-0.7767351,0.0,0.0,0.0,3.693688,-0.4903266,-2.795373,-0.1853924,-0.1282007,1.915,-0.4683517,-0.04902578,-0.882181,0.1415183,0.9814059,-0.1296724,0.8721349,-0.185577,-0.4527051,moving,-69.40181,25.07278,-5.529608,-3.829982
05/15/2023 12:31:21.378729,1163,True,True,True,True,Eyes,1.756809,-0.03277224,-2.059176,0.9229844,-0.1645517,-0.347883,0.0,0.0,0.0,0.0,0.0,0.0,0.0,-0.9385055,-0.5065467,-2.702904,1.983586,-0.03249432,-2.123064,0.0236971,0.852721,-0.0901138,0.5139892,10.25585,117.5669,356.9579,0.6315019,-0.01152444,-0.7752883,0.0,0.0,0.0,3.704958,-0.4951809,-2.799109,-0.1894599,-0.1310137,1.915001,-0.4705073,-0.052221,-0.8808497,0.1330491,0.9826359,-0.1293237,0.8723079,-0.1780439,-0.4553894,moving,-69.34801,25.31456,-5.650149,-3.91376
05/15/2023 12:31:21.388412,1164,True,True,True,True,Eyes,1.767035,-0.0327621,-2.062304,0.922328,-0.1668503,-0.3485285,0.0,0.0,0.0,0.0,0.0,0.0,0.0,-0.9322901,-0.4496206,-2.727168,1.994808,-0.0321015,-2.128021,0.01898867,0.8541831,-0.0805948,0.5133374,9.043285,117.7599,357.0802,0.633266,-0.01158293,-0.7738472,0.0,0.0,0.0,3.712981,-0.5140006,-2.796483,-0.1932974,-0.1336674,1.915001,-0.4722487,-0.05030505,-0.8800291,0.1151843,0.9862878,-0.1181903,0.8739075,-0.1571806,-0.4599788,moving,-69.29947,25.58174,-5.763831,-3.992781
05/15/2023 12:31:21.408941,1165,True,True,True,True,Eyes,1.777376,-0.03259704,-2.065437,0.9222123,-0.1695211,-0.3475443,0.0,0.0,0.0,0.0,0.0,0.0,0.0,-0.9370362,-0.4641855,-2.734255,2.005131,-0.03047444,-2.132645,0.02260691,0.853583,-0.08179479,0.5139986,9.373936,117.6735,357.3573,0.6350144,-0.01163117,-0.7724124,0.0,0.0,0.0,3.728586,-0.4969653,-2.80408,-0.1969076,-0.1361637,1.915001,-0.4705888,-0.04549107,-0.8811792,0.1226786,0.985597,-0.1163975,0.8737828,-0.1628771,-0.4582303,moving,-69.35062,26.00166,-5.870738,-4.067099
05/15/2023 12:31:21.428557,1166,True,True,True,True,Eyes,1.78774,-0.03240061,-2.068663,0.9221555,-0.1714014,-0.3467721,0.0,0.0,0.0,0.0,0.0,0.0,0.0,-0.9359306,-0.4533259,-2.749766,2.017098,-0.02667567,-2.138525,0.02122693,0.8538798,-0.07915113,0.5139782,9.032314,117.7029,357.3818,0.6367499,-0.01166449,-0.7709818,0.0,0.0,0.0,3.74717,-0.4599459,-2.81577,-0.2007891,-0.1388479,1.915001,-0.4707514,-0.04511342,-0.8811116,0.1176144,0.986569,-0.1133508,0.874391,-0.1569915,-0.4591228,moving,-69.39147,26.30212,-5.985628,-4.146996
05/15/2023 12:31:21.439126,1167,True,True,True,True,Eyes,1.798048,-0.03222859,-2.072015,0.922015,-0.1737141,-0.3459939,0.0,0.0,0.0,0.0,0.0,0.0,0.0,-0.9295442,-0.4063678,-2.771406,2.028002,-0.0258738,-2.143926,0.01696063,0.8551189,-0.07140666,0.5132106,8.020715,117.879,357.4366,0.6384712,-0.01168327,-0.7695567,0.0,0.0,0.0,3.757354,-0.4725268,-2.813392,-0.204607,-0.1414881,1.915001,-0.4726547,-0.04428659,-0.8801343,0.1023,0.9892269,-0.1047136,0.8752899,-0.1395311,-0.4630321,moving,-69.43098,26.65998,-6.09859,-4.225567
05/15/2023 12:31:21.461581,1168,True,True,True,True,Eyes,1.808361,-0.0320331,-2.075435,0.9217712,-0.1764324,-0.3452674,0.0,0.0,0.0,0.0,0.0,0.0,0.0,-0.9258735,-0.4296188,-2.780014,2.037859,-0.02601284,-2.148661,0.02042411,0.8551721,-0.07444842,0.5125633,8.526666,117.9469,357.6015,0.6401748,-0.01168989,-0.7681401,0.0,0.0,0.0,3.772738,-0.4601287,-2.817726,-0.2084634,-0.1441549,1.915,-0.4737235,-0.04138681,-0.8797006,0.1112513,0.9880806,-0.1063951,0.8736184,-0.1482697,-0.4634726,moving,-69.46558,27.06713,-6.212649,-4.304918
05/15/2023 12:31:21.478814,1169,True,True,True,True,Eyes,1.818634,-0.03179439,-2.078945,0.9214789,-0.1795705,-0.3444286,0.0,0.0,0.0,0.0,0.0,0.0,0.0,-0.9201941,-0.4648801,-2.787809,2.048337,-0.02514802,-2.153703,0.02457741,0.8552271,-0.0791981,0.5115762,9.242373,118.0433,357.7359,0.6418598,-0.01168476,-0.7667328,0.0,0.0,0.0,3.789663,-0.4291477,-2.828038,-0.2126875,-0.1470755,1.915,-0.4753713,-0.0389932,-0.8789205,0.1230703,0.9862472,-0.1103183,0.8711346,-0.1606112,-0.4640347,moving,-69.50536,27.53563,-6.337524,-4.391801
05/15/2023 12:31:21.488595,1170,True,True,True,True,Eyes,1.828916,-0.03148637,-2.082521,0.9211383,-0.1828477,-0.3436146,0.0,0.0,0.0,0.0,0.0,0.0,0.0,-0.9167441,-0.4832197,-2.796754,2.058153,-0.02412315,-2.158512,0.02643928,0.855288,-0.08147822,0.5110233,9.578391,118.0992,357.7886,0.6435243,-0.01166753,-0.7653363,0.0,0.0,0.0,3.796655,-0.4487717,-2.830043,-0.2162744,-0.1495559,1.915,-0.4763125,-0.03804814,-0.8784527,0.1285009,0.9853245,-0.1123525,0.8698358,-0.1663969,-0.4644332,moving,-69.54285,28.01879,-6.443513,-4.465569
05/15/2023 12:31:21.514537,1171,True,True,True,True,Eyes,1.839208,-0.03115541,-2.086157,0.9207935,-0.1861762,-0.3427503,0.0,0.0,0.0,0.0,0.0,0.0,0.0,-0.9125115,-0.508585,-2.805346,2.068672,-0.02208826,-2.163656,0.02753974,0.8552718,-0.08493246,0.5104294,9.985265,118.1409,357.6958,0.6451687,-0.01163698,-0.7639512,0.0,0.0,0.0,3.802496,-0.4743072,-2.831996,-0.2201976,-0.1522692,1.914999,-0.4774067,-0.03959613,-0.8777898,0.133812,0.9840561,-0.1171665,0.8684338,-0.1733949,-0.4644965,moving,-69.58305,28.51007,-6.55939,-4.54625
05/15/2023 12:31:21.530362,1172,True,True,True,True,Eyes,1.849513,-0.03078962,-2.089851,0.9204454,-0.1893112,-0.3419672,0.0,0.0,0.0,0.0,0.0,0.0,0.0,-0.9058949,-0.5189571,-2.817372,2.07922,-0.02067685,-2.168862,0.02617859,0.8556396,-0.08644123,0.5096309,10.05584,118.2209,357.4792,0.6467924,-0.01159368,-0.7625777,0.0,0.0,0.0,3.810752,-0.4869995,-2.83354,-0.2241927,-0.1550317,1.915,-0.4791823,-0.04330736,-0.8766466,0.1329051,0.9836852,-0.1212422,0.8675949,-0.1746079,-0.4656088,moving,-69.61878,28.96868,-6.677332,-4.628371
05/15/2023 12:31:21.538547,1173,True,True,True,True,Eyes,1.859819,-0.03042466,-2.093602,0.9201049,-0.1924045,-0.3411562,0.0,0.0,0.0,0.0,0.0,0.0,0.0,-0.898484,-0.5233375,-2.830653,2.089836,-0.01947977,-2.173926,0.02413937,0.8561357,-0.08711357,0.508783,10.0045,118.3147,357.2464,0.6483955,-0.01153775,-0.7612159,0.0,0.0,0.0,3.819491,-0.5002884,-2.834519,-0.2280409,-0.1576926,1.915001,-0.4811145,-0.04731067,-0.8753805,0.129977,0.9836571,-0.1245987,0.866969,-0.1737255,-0.4671024,moving,-69.65624,29.42203,-6.79088,-4.707455
05/15/2023 12:31:21.562089,1174,True,True,True,True,Eyes,1.870109,-0.03006914,-2.097401,0.9197301,-0.1955073,-0.3404019,0.0,0.0,0.0,0.0,0.0,0.0,0.0,-0.8917968,-0.5292749,-2.843175,2.100214,-0.01910932,-2.178949,0.02264335,0.8565431,-0.08808068,0.5079989,10.01439,118.3987,357.0489,0.6499781,-0.01147058,-0.7598661,0.0,0.0,0.0,3.830425,-0.5026715,-2.837889,-0.2317715,-0.1602726,1.915001,-0.4828485,-0.05069978,-0.8742349,0.1282798,0.9834581,-0.1278842,0.866257,-0.1738954,-0.4683575,moving,-69.68995,29.87058,-6.90091,-4.784117
05/15/2023 12:31:21.578581,1175,True,True,True,True,Eyes,1.880399,-0.02968326,-2.10122,0.9192673,-0.1989615,-0.3396499,0.0,0.0,0.0,0.0,0.0,0.0,0.0,-0.8855958,-0.5441175,-2.853448,2.110163,-0.01894709,-2.183887,0.02264894,0.8567975,-0.09026542,0.5071857,10.23307,118.4775,356.9272,0.6515395,-0.01139374,-0.7585288,0.0,0.0,0.0,3.842278,-0.5013094,-2.841836,-0.2356547,-0.1629573,1.915001,-0.4844995,-0.05275154,-0.8731996,0.1303737,0.9826784,-0.1317039,0.8650219,-0.1776528,-0.4692297,moving,-69.72179,30.36109,-7.015389,-4.863875
05/15/2023 12:31:21.589275,1176,True,True,True,True,Eyes,1.890672,-0.029315,-2.105098,0.9187346,-0.2023658,-0.3390795,0.0,0.0,0.0,0.0,0.0,0.0,0.0,-0.8768636,-0.5759103,-2.861123,2.119983,-0.01779406,-2.18905,0.02412734,0.8570237,-0.0948137,0.5059041,10.77352,118.5926,356.8152,0.6530805,-0.01130721,-0.7572038,0.0,0.0,0.0,3.853501,-0.5028661,-2.845276,-0.2395197,-0.1656304,1.915,-0.4869581,-0.05457788,-0.8717186,0.1372887,0.9808565,-0.1381029,0.8625682,-0.1869274,-0.4701431,moving,-69.74229,30.82915,-7.129278,-4.943272
05/15/2023 12:31:21.608772,1177,True,True,True,True,Eyes,1.900882,-0.0289788,-2.109025,0.9181473,-0.2055575,-0.3387502,0.0,0.0,0.0,0.0,0.0,0.0,0.0,-0.86236,-0.5852641,-2.874976,2.129905,-0.01782858,-2.194283,0.02434663,0.8581215,-0.09600345,0.5038037,10.91177,118.8591,356.792,0.6546005,-0.0112127,-0.7558915,0.0,0.0,0.0,3.862644,-0.5116808,-2.847803,-0.2433523,-0.1682809,1.914999,-0.4911781,-0.05494907,-0.8693243,0.1385185,0.9803812,-0.1402334,0.8599748,-0.1892971,-0.4739303,moving,-69.74847,31.24986,-7.242157,-5.021976
05/15/2023 12:31:21.628908,1178,True,True,True,True,Eyes,1.911053,-0.0286527,-2.113005,0.9174331,-0.2089611,-0.3386028,0.0,0.0,0.0,0.0,0.0,0.0,0.0,-0.8492121,-0.6050817,-2.885056,2.138781,-0.01821074,-2.199117,0.0273288,0.8590032,-0.09837743,0.5016857,11.32851,119.1272,356.9742,0.6560987,-0.01111222,-0.7545928,0.0,0.0,0.0,3.868731,-0.5299729,-2.850222,-0.2472572,-0.1709808,1.915001,-0.4951291,-0.05175805,-0.8672764,0.1456601,0.9791501,-0.1415921,0.8565223,-0.196434,-0.4772666,moving,-69.7421,31.67987,-7.357099,-5.102122
05/15/2023 12:31:21.638561,1179,True,True,True,True,Eyes,1.921167,-0.02835431,-2.11706,0.9167302,-0.2118443,-0.3387148,0.0,0.0,0.0,0.0,0.0,0.0,0.0,-0.8337563,-0.6283634,-2.895442,2.14805,-0.01805885,-2.204344,0.03070955,0.8600325,-0.1010989,0.4991793,11.8035,119.4453,357.1828,0.6575742,-0.01100685,-0.753309,0.0,0.0,0.0,3.876093,-0.5368495,-2.859094,-0.251233,-0.1737302,1.915001,-0.4997537,-0.04811057,-0.8648303,0.1537554,0.9776719,-0.1432376,0.8524115,-0.2045559,-0.4811979,moving,-69.72166,32.02332,-7.474068,-5.183722
05/15/2023 12:31:21.662175,1180,True,True,True,True,Eyes,1.931215,-0.02811118,-2.121164,0.9159015,-0.2148489,-0.339064,0.0,0.0,0.0,0.0,0.0,0.0,0.0,-0.8166506,-0.6271135,-2.911372,2.157073,-0.01852907,-2.209744,0.03226497,0.8616334,-0.1001849,0.4964979,11.81101,119.8306,357.4305,0.659026,-0.01089813,-0.7520409,0.0,0.0,0.0,3.879562,-0.553791,-2.867038,-0.2549183,-0.1762786,1.915001,-0.504898,-0.04388201,-0.8620632,0.1550843,0.9778439,-0.1406063,0.8491333,-0.2046842,-0.4869059,moving,-69.6856,32.36051,-7.582441,-5.259339
05/15/2023 12:31:21.678666,1181,True,True,True,True,Eyes,1.941185,-0.02791521,-2.125329,0.9150279,-0.2177569,-0.3395671,0.0,0.0,0.0,0.0,0.0,0.0,0.0,-0.7976451,-0.6406373,-2.923949,2.16556,-0.01956955,-2.214972,0.03526207,0.8631218,-0.1015006,0.4934317,12.12315,120.2437,357.6965,0.6604533,-0.01078839,-0.7507893,0.0,0.0,0.0,3.882317,-0.5724263,-2.876191,-0.2590022,-0.1791027,1.915,-0.5105633,-0.0392963,-0.8589415,0.1610381,0.9769084,-0.1404159,0.8446251,-0.2100136,-0.4924453,moving,-69.6401,32.67116,-7.702468,-5.343112
05/15/2023 12:31:21.689287,1182,True,True,True,True,Eyes,1.95108,-0.02773696,-2.12954,0.9140452,-0.2207742,-0.3402647,0.0,0.0,0.0,0.0,0.0,0.0,0.0,-0.7781038,-0.6650852,-2.934008,2.173878,-0.02037147,-2.220365,0.0388037,0.8644439,-0.1044507,0.4902256,12.6285,120.6553,357.9256,0.6618545,-0.01067951,-0.7495559,0.0,0.0,0.0,3.887612,-0.576583,-2.890199,-0.2626628,-0.181634,1.915001,-0.5163465,-0.03532151,-0.8556513,0.169496,0.9751686,-0.1425383,0.839439,-0.2186286,-0.497538,moving,-69.5816,32.97675,-7.809993,-5.41818
05/15/2023 12:31:21.710506,1183,True,True,True,True,Eyes,1.960894,-0.02759747,-2.133821,0.9131371,-0.2233665,-0.3410102,0.0,0.0,0.0,0.0,0.0,0.0,0.0,-0.7589499,-0.6822551,-2.945097,2.181998,-0.02057469,-2.225653,0.04070494,0.8658015,-0.1064809,0.4872298,12.9469,121.0407,358.0433,0.6632296,-0.01057204,-0.748341,0.0,0.0,0.0,3.889431,-0.591346,-2.903159,-0.2665637,-0.1843317,1.915,-0.5219005,-0.03327651,-0.8523571,0.1742461,0.9740099,-0.1447172,0.83502,-0.2240479,-0.502538,moving,-69.5219,33.22536,-7.924523,-5.498167
05/15/2023 12:31:21.728923,1184,True,True,True,True,Eyes,1.970626,-0.02751474,-2.138146,0.9121627,-0.2259073,-0.3419433,0.0,0.0,0.0,0.0,0.0,0.0,0.0,-0.7398995,-0.6848544,-2.959519,2.190185,-0.02137558,-2.231112,0.04075288,0.8673613,-0.1066254,0.4844118,12.97041,121.4163,358.0825,0.6645775,-0.01046724,-0.7471456,0.0,0.0,0.0,3.889353,-0.6118727,-2.915074,-0.2704579,-0.1870245,1.915,-0.5273691,-0.03260626,-0.8490105,0.1739961,0.9739405,-0.1454831,0.8316295,-0.2244478,-0.5079527,moving,-69.45044,33.45104,-8.038787,-5.577983
05/15/2023 12:31:21.738377,1185,True,True,True,True,Eyes,1.970626,-0.02751474,-2.138146,0.9121627,-0.2259073,-0.3419433,0.0,0.0,0.0,0.0,0.0,0.0,0.0,-0.7207648,-0.690513,-2.972734,2.197973,-0.02264358,-2.236483,0.04065096,0.868834,-0.1074182,0.4815981,13.05062,121.7795,358.0689,0.6658974,-0.01036688,-0.745971,0.0,0.0,0.0,3.89111,-0.6251558,-2.926903,-0.2741529,-0.1895792,1.915002,-0.5328218,-0.03282689,-0.8455908,0.1741026,0.9736177,-0.1475022,0.8281241,-0.2258119,-0.5130495,moving,-69.45044,33.45104,-8.147145,-5.653682
05/15/2023 12:31:21.762496,1186,True,True,True,True,Eyes,1.970626,-0.02751474,-2.138146,0.9121627,-0.2259073,-0.3419433,0.0,0.0,0.0,0.0,0.0,0.0,0.0,-0.6997837,-0.7012776,-2.985374,2.205866,-0.02349822,-2.24222,0.04005801,0.8703265,-0.1091249,0.4785591,13.19635,122.1542,357.9564,0.6670834,-0.01027654,-0.7449118,0.0,0.0,0.0,3.895934,-0.629389,-2.939805,-0.2780471,-0.1922723,1.915001,-0.538753,-0.03471838,-0.8417481,0.1741726,0.9729742,-0.1516084,0.8242627,-0.2282889,-0.5181458,moving,-69.45044,33.45104,-8.261288,-5.733466
05/15/2023 12:31:21.778491,1187,True,True,True,True,Eyes,1.980899,-0.02755342,-2.143021,0.9110858,-0.2279728,-0.3434401,0.0,0.0,0.0,0.0,0.0,0.0,0.0,-0.6723074,-0.7037106,-3.0014,2.213791,-0.02429947,-2.248142,0.03773411,0.8724141,-0.1099067,0.4747532,13.15564,122.63,357.733,0.6681492,-0.01019522,-0.743957,0.0,0.0,0.0,3.900128,-0.6356645,-2.951772,-0.2819802,-0.1949918,1.915001,-0.5463713,-0.03851756,-0.836657,0.1701966,0.9729933,-0.1559395,0.8200682,-0.227597,-0.5250602,moving,-69.34572,33.57589,-8.3765,-5.814011
05/15/2023 12:31:21.789032,1188,True,True,True,True,Eyes,1.991064,-0.02763767,-2.147937,0.9098806,-0.2300275,-0.3452602,0.0,0.0,0.0,0.0,0.0,0.0,0.0,-0.639003,-0.7056383,-3.018413,2.22157,-0.02557991,-2.254116,0.0350411,0.8748999,-0.1108174,0.4701511,13.11212,123.2048,357.4762,0.6692157,-0.01011992,-0.742999,0.0,0.0,0.0,3.903965,-0.6431674,-2.963749,-0.2859973,-0.19777,1.915,-0.5554603,-0.04288693,-0.8304365,0.1655167,0.9729832,-0.160959,0.8149039,-0.2268574,-0.5333552,moving,-69.22042,33.6733,-8.494104,-5.896267
05/15/2023 12:31:21.808689,1189,True,True,True,True,Eyes,2.001155,-0.02775165,-2.152879,0.9086677,-0.2317891,-0.3472707,0.0,0.0,0.0,0.0,0.0,0.0,0.0,-0.6008219,-0.7175586,-3.033423,2.229217,-0.02672884,-2.259957,0.03296939,0.8775025,-0.1132409,0.4648431,13.26113,123.8519,357.2077,0.670279,-0.01005164,-0.7420409,0.0,0.0,0.0,3.908406,-0.6439037,-2.980022,-0.2896904,-0.2003242,1.915001,-0.5656682,-0.04741702,-0.8232688,0.1631399,0.9721791,-0.1680871,0.8083349,-0.2293894,-0.5421951,moving,-69.08436,33.7215,-8.602159,-5.97187
05/15/2023 12:31:21.828794,1190,True,True,True,True,Eyes,2.011148,-0.02791507,-2.157867,0.9073068,-0.2334649,-0.3496977,0.0,0.0,0.0,0.0,0.0,0.0,0.0,-0.5578574,-0.7259117,-3.050033,2.237166,-0.02762328,-2.266092,0.0306381,0.8804684,-0.1151239,0.4588937,13.34683,124.5871,356.9537,0.6713367,-0.009990693,-0.7410849,0.0,0.0,0.0,3.911608,-0.6449883,-2.998958,-0.2936405,-0.2030555,1.915001,-0.5769559,-0.05170751,-0.8151371,0.159611,0.9716156,-0.1746066,0.8010284,-0.2308451,-0.5523263,moving,-68.92215,33.72784,-8.717662,-6.052692
05/15/2023 12:31:21.838780,1191,True,True,True,True,Eyes,2.021059,-0.02812099,-2.162891,0.9056546,-0.2353804,-0.3526837,0.0,0.0,0.0,0.0,0.0,0.0,0.0,-0.511879,-0.7281789,-3.067672,2.244885,-0.02897015,-2.272119,0.02839248,0.8837123,-0.1160902,0.4525149,13.34869,125.391,356.7664,0.6723861,-0.009938019,-0.7401337,0.0,0.0,0.0,3.911945,-0.6519616,-3.018672,-0.2975917,-0.2057879,1.915001,-0.5888487,-0.05488353,-0.8063781,0.1552467,0.9714338,-0.1794847,0.7931936,-0.2308767,-0.563507,moving,-68.72286,33.71907,-8.83313,-6.133523
05/15/2023 12:31:21.862770,1192,True,True,True,True,Eyes,2.030887,-0.02836198,-2.167972,0.9038061,-0.237303,-0.3561204,0.0,0.0,0.0,0.0,0.0,0.0,0.0,-0.4618404,-0.7348326,-3.084233,2.252614,-0.03025974,-2.278285,0.02700646,0.8871189,-0.1175503,0.4455027,13.45167,126.2742,356.6506,0.6734245,-0.009894242,-0.7391894,0.0,0.0,0.0,3.911732,-0.6565694,-3.041788,-0.3013306,-0.2083731,1.915001,-0.6015963,-0.05682207,-0.796777,0.1526538,0.9709051,-0.1844993,0.7840785,-0.2326251,-0.5754188,moving,-68.49442,33.67774,-8.942326,-6.209978
05/15/2023 12:31:21.878602,1193,True,True,True,True,Eyes,2.040645,-0.02863747,-2.173109,0.9017607,-0.2394617,-0.3598415,0.0,0.0,0.0,0.0,0.0,0.0,0.0,-0.4082705,-0.7419461,-3.10055,2.260554,-0.03132436,-2.284619,0.02602425,0.8906984,-0.1189464,0.4379853,13.57318,127.2243,356.5891,0.6744501,-0.00985962,-0.7382542,0.0,0.0,0.0,3.910885,-0.6594745,-3.06709,-0.30537,-0.2111673,1.915001,-0.6149836,-0.05783401,-0.7864166,0.150553,0.970349,-0.1890942,0.7740346,-0.2346872,-0.5880415,moving,-68.24586,33.64235,-9.060224,-6.292588
05/15/2023 12:31:21.888986,1194,True,True,True,True,Eyes,2.050323,-0.02897265,-2.178302,0.899498,-0.2415743,-0.3640674,0.0,0.0,0.0,0.0,0.0,0.0,0.0,-0.3508495,-0.7362396,-3.119585,2.268617,-0.03248245,-2.291129,0.02452813,0.8947108,-0.1184215,0.4299624,13.47365,128.2622,356.5842,0.6754614,-0.009834353,-0.7373294,0.0,0.0,0.0,3.907482,-0.6657411,-3.094431,-0.3091666,-0.2137918,1.915001,-0.6290616,-0.05794241,-0.7751932,0.1457247,0.9707495,-0.1908136,0.7635745,-0.2329982,-0.6022176,moving,-67.96461,33.56598,-9.170961,-6.370155
05/15/2023 12:31:21.908955,1195,True,True,True,True,Eyes,2.059936,-0.02935616,-2.183551,0.8970671,-0.2440291,-0.3684024,0.0,0.0,0.0,0.0,0.0,0.0,0.0,-0.2915682,-0.7357831,-3.136219,2.276482,-0.03424728,-2.297545,0.02416205,0.8986757,-0.118527,0.4216035,13.49782,129.3394,356.6681,0.6764563,-0.009819473,-0.7364169,0.0,0.0,0.0,3.902672,-0.6725979,-3.123755,-0.3128775,-0.2163576,1.915001,-0.6433333,-0.0565151,-0.7634972,0.1433705,0.9707351,-0.1926611,0.7520418,-0.2334083,-0.6164036,moving,-67.6733,33.52042,-9.279136,-6.445966
05/15/2023 12:31:21.928835,1196,True,True,True,True,Eyes,2.069482,-0.02976089,-2.188864,0.8944008,-0.2465361,-0.3731852,0.0,0.0,0.0,0.0,0.0,0.0,0.0,-0.2319474,-0.7410473,-3.150661,2.284493,-0.03580604,-2.304219,0.02468091,0.9024881,-0.1192404,0.4131441,13.62815,130.4244,356.816,0.6774343,-0.009815486,-0.7355174,0.0,0.0,0.0,3.898228,-0.6729829,-3.15699,-0.3168043,-0.2190729,1.915002,-0.6574059,-0.05397847,-0.7516011,0.1430754,0.9703452,-0.1948325,0.7398292,-0.2356196,-0.6301876,moving,-67.35185,33.44981,-9.393529,-6.526167
05/15/2023 12:31:21.939220,1197,True,True,True,True,Eyes,2.078974,-0.03018488,-2.194257,0.8916563,-0.2492196,-0.37794,0.0,0.0,0.0,0.0,0.0,0.0,0.0,-0.1721606,-0.7499511,-3.163153,2.292533,-0.03669403,-2.310962,0.02516543,0.90613,-0.1204656,0.4047016,13.80888,131.4953,356.9365,0.6783937,-0.009821945,-0.7346325,0.0,0.0,0.0,3.891205,-0.678423,-3.190312,-0.3207746,-0.2218189,1.915,-0.6711667,-0.05189893,-0.7394875,0.1431115,0.9697095,-0.197946,0.7273612,-0.2386839,-0.6434094,moving,-67.02972,33.40149,-9.509123,-6.607259
05/15/2023 12:31:21.964451,1198,True,True,True,True,Eyes,2.088412,-0.0306386,-2.199717,0.8887159,-0.2517605,-0.3831459,0.0,0.0,0.0,0.0,0.0,0.0,0.0,-0.110545,-0.7495664,-3.177268,2.300975,-0.03758982,-2.318017,0.02438058,0.9099067,-0.1206188,0.3961396,13.8169,132.5807,356.9779,0.6793339,-0.00983837,-0.7337629,0.0,0.0,0.0,3.882465,-0.6872171,-3.223451,-0.3244587,-0.2243669,1.915,-0.6849582,-0.0511957,-0.7267817,0.1399319,0.9697134,-0.2001875,0.7150186,-0.23882,-0.6570492,moving,-66.67802,33.30843,-9.616308,-6.682472
05/15/2023 12:31:21.978885,1199,True,True,True,True,Eyes,2.097829,-0.03110546,-2.205225,0.8857344,-0.2543532,-0.3883027,0.0,0.0,0.0,0.0,0.0,0.0,0.0,-0.05013084,-0.7433481,-3.191332,2.309248,-0.03876981,-2.324984,0.02332665,0.9136118,-0.1199813,0.3877807,13.72864,133.6443,357.0243,0.6802539,-0.009864662,-0.7329098,0.0,0.0,0.0,3.873413,-0.6970205,-3.255183,-0.3285249,-0.227178,1.915001,-0.6981639,-0.05042983,-0.7141595,0.1356758,0.9701207,-0.2011413,0.7029645,-0.2373239,-0.6704611,moving,-66.32754,33.22635,-9.734526,-6.765424
05/15/2023 12:31:21.988660,1200,True,True,True,True,Eyes,2.107201,-0.03160998,-2.210814,0.8825936,-0.2566618,-0.3938951,0.0,0.0,0.0,0.0,0.0,0.0,0.0,0.008535504,-0.7365407,-3.204607,2.317533,-0.0396201,-2.332281,0.02211346,0.9171307,-0.1192734,0.3796793,13.62526,134.6698,357.0504,0.6811535,-0.009900167,-0.7320733,0.0,0.0,0.0,3.865653,-0.7007069,-3.288812,-0.3322343,-0.2297438,1.915,-0.7107095,-0.05000941,-0.7017062,0.1311331,0.9705697,-0.2019865,0.6911559,-0.2355706,-0.6832352,moving,-65.94914,33.08824,-9.842302,-6.841114
05/15/2023 12:31:22.009292,1201,True,True,True,True,Eyes,2.116562,-0.03215491,-2.216434,0.8793985,-0.2590308,-0.3994515,0.0,0.0,0.0,0.0,0.0,0.0,0.0,0.06758773,-0.7179477,-3.219558,2.325891,-0.04107091,-2.339682,0.01995718,0.9207573,-0.1171212,0.3716049,13.32727,135.6971,357.0373,0.6820324,-0.009945109,-0.731254,0.0,0.0,0.0,3.858522,-0.7017435,-3.322173,-0.336061,-0.2323895,1.915001,-0.723023,-0.05029418,-0.6889907,0.1237971,0.9717687,-0.200848,0.6796411,-0.2305128,-0.6963848,moving,-65.5709,32.96205,-9.953412,-6.919135
05/15/2023 12:31:22.028688,1202,True,True,True,True,Eyes,2.12587,-0.03274332,-2.222131,0.8759879,-0.2614048,-0.405355,0.0,0.0,0.0,0.0,0.0,0.0,0.0,0.1275681,-0.7135207,-3.229886,2.333933,-0.04266217,-2.347016,0.01879589,0.9240919,-0.1170034,0.3633335,13.29131,136.7274,357.0383,0.682892,-0.0099998,-0.7304504,0.0,0.0,0.0,3.851926,-0.7019478,-3.354581,-0.3400303,-0.2351348,1.915,-0.7352711,-0.05028423,-0.6759053,0.1197607,0.9719139,-0.2025854,0.6671086,-0.2299021,-0.7085981,moving,-65.16811,32.81711,-10.06859,-7.000069
05/15/2023 12:31:22.038432,1203,True,True,True,True,Eyes,2.135125,-0.03334185,-2.227905,0.872537,-0.2639006,-0.4111397,0.0,0.0,0.0,0.0,0.0,0.0,0.0,0.187585,-0.7178838,-3.237309,2.342048,-0.04427643,-2.354477,0.01822179,0.927179,-0.1181312,0.3550384,13.41464,137.7468,357.0481,0.6837308,-0.01006453,-0.7296644,0.0,0.0,0.0,3.846566,-0.6962595,-3.388611,-0.3438287,-0.2377613,1.915001,-0.7472317,-0.05009252,-0.6626734,0.1176719,0.971426,-0.2061187,0.6540631,-0.2319964,-0.7199858,moving,-64.77017,32.69542,-10.17872,-7.077472
05/15/2023 12:31:22.059128,1204,True,True,True,True,Eyes,2.144318,-0.03392981,-2.233764,0.8688619,-0.2663541,-0.4172943,0.0,0.0,0.0,0.0,0.0,0.0,0.0,0.2493607,-0.7210783,-3.243732,2.349941,-0.04508901,-2.362134,0.01722762,0.9302874,-0.1191566,0.3465116,13.51141,138.7886,357.0214,0.6845487,-0.01013854,-0.728896,0.0,0.0,0.0,3.838212,-0.6990383,-3.420375,-0.3475585,-0.2403406,1.915001,-0.7592659,-0.05052505,-0.6488164,0.1146316,0.9710099,-0.2097607,0.6406053,-0.2336389,-0.7314629,moving,-64.34611,32.54962,-10.28679,-7.153458
05/15/2023 12:31:22.078887,1205,True,True,True,True,Eyes,2.153508,-0.0344836,-2.239657,0.8647722,-0.2689058,-0.4240976,0.0,0.0,0.0,0.0,0.0,0.0,0.0,0.3145436,-0.7229716,-3.24895,2.357719,-0.04541603,-2.369895,0.01557581,0.9334636,-0.1202452,0.3375562,13.59189,139.8721,356.9274,0.685345,-0.01022045,-0.7281463,0.0,0.0,0.0,3.82858,-0.7070175,-3.450279,-0.3514274,-0.2430156,1.915001,-0.7716264,-0.05210014,-0.6339388,0.1102579,0.970597,-0.2139736,0.6264471,-0.2350045,-0.7431937,moving,-63.87596,32.37739,-10.39881,-7.232237
05/15/2023 12:31:22.094940,1206,True,True,True,True,Eyes,2.162627,-0.03499068,-2.24564,0.8604425,-0.271331,-0.4312983,0.0,0.0,0.0,0.0,0.0,0.0,0.0,0.3828477,-0.7111952,-3.255496,2.365349,-0.04525895,-2.37775,0.01348151,0.9369711,-0.1192431,0.3281534,13.43268,141.0287,356.8766,0.68612,-0.01030819,-0.7274149,0.0,0.0,0.0,3.818427,-0.7132401,-3.48068,-0.3554816,-0.2458193,1.915001,-0.7842674,-0.05299652,-0.6181558,0.1035237,0.9711986,-0.2146067,0.6117254,-0.2323027,-0.756193,moving,-63.3776,32.17411,-10.51611,-7.314775
05/15/2023 12:31:22.109048,1207,True,True,True,True,Eyes,2.171677,-0.03541136,-2.251698,0.8556653,-0.2739559,-0.439073,0.0,0.0,0.0,0.0,0.0,0.0,0.0,0.4526563,-0.7043587,-3.25928,2.372835,-0.04465628,-2.385704,0.01193914,0.9403797,-0.1188001,0.3184811,13.35826,142.213,356.8646,0.6868733,-0.01039963,-0.7267023,0.0,0.0,0.0,3.807189,-0.7178599,-3.512204,-0.3592601,-0.2484324,1.915,-0.7968547,-0.0532165,-0.6018231,0.09812581,0.971488,-0.2158295,0.5961497,-0.2310391,-0.7689129,moving,-62.83599,31.96175,-10.62537,-7.391681
05/15/2023 12:31:22.128678,1208,True,True,True,True,Eyes,2.180649,-0.03575075,-2.257844,0.8506411,-0.2764437,-0.4472008,0.0,0.0,0.0,0.0,0.0,0.0,0.0,0.5228916,-0.7023191,-3.26024,2.380038,-0.04297739,-2.393617,0.01056634,0.9436236,-0.1189641,0.3087238,13.35824,143.3978,356.8471,0.6876046,-0.01049159,-0.726009,0.0,0.0,0.0,3.795614,-0.7147641,-3.547482,-0.3631526,-0.251124,1.915,-0.8091559,-0.05351283,-0.5851522,0.0933954,0.9714718,-0.2179906,0.5801241,-0.2310389,-0.7810743,moving,-62.2681,31.72289,-10.73782,-7.470863
05/15/2023 12:31:22.139136,1209,True,True,True,True,Eyes,2.189533,-0.03602513,-2.264068,0.8452449,-0.2790294,-0.4557452,0.0,0.0,0.0,0.0,0.0,0.0,0.0,0.5955522,-0.6947687,-3.260551,2.3872,-0.04138368,-2.401695,0.008374108,0.9469135,-0.1186976,0.2986561,13.28498,144.6118,356.758,0.6883127,-0.01058131,-0.7253364,0.0,0.0,0.0,3.78197,-0.7140844,-3.582566,-0.3669519,-0.2537509,1.915001,-0.8214688,-0.05504039,-0.567591,0.08675861,0.9716815,-0.2197907,0.563615,-0.2297946,-0.7934309,moving,-61.66703,31.477,-10.84751,-7.548113
05/15/2023 12:31:22.158696,1210,True,True,True,True,Eyes,2.198328,-0.03617947,-2.270365,0.8396223,-0.2816007,-0.4644732,0.0,0.0,0.0,0.0,0.0,0.0,0.0,0.6663463,-0.6837879,-3.260048,2.394093,-0.04006901,-2.409606,0.006072724,0.9500597,-0.1180181,0.2888279,13.16502,145.7955,356.6656,0.6889966,-0.01066688,-0.7246854,0.0,0.0,0.0,3.767142,-0.7147371,-3.616427,-0.370906,-0.2564853,1.915001,-0.8330836,-0.05663496,-0.5502409,0.07971276,0.9720697,-0.2207406,0.547374,-0.2277565,-0.8053007,moving,-61.04893,31.22759,-10.96158,-7.628503
05/15/2023 12:31:22.178753,1211,True,True,True,True,Eyes,2.207067,-0.0362475,-2.276758,0.8337596,-0.2839392,-0.4735223,0.0,0.0,0.0,0.0,0.0,0.0,0.0,0.7316453,-0.6881022,-3.255908,2.400828,-0.03733407,-2.417509,0.004336342,0.9526025,-0.1194111,0.2797691,13.29289,146.8641,356.5507,0.6896563,-0.01074494,-0.7240565,0.0,0.0,0.0,3.752164,-0.7128454,-3.651189,-0.3751161,-0.2593973,1.915,-0.8434211,-0.05855345,-0.534053,0.07507669,0.9714444,-0.2250763,0.5319819,-0.229929,-0.8149408,moving,-60.40619,30.94826,-11.08294,-7.714078
05/15/2023 12:31:22.188609,1212,True,True,True,True,Eyes,2.215695,-0.03626251,-2.283202,0.8277241,-0.2860872,-0.4827286,0.0,0.0,0.0,0.0,0.0,0.0,0.0,0.7981503,-0.6522108,-3.259394,2.407942,-0.03541815,-2.426237,0.0005385195,0.9557765,-0.1152894,0.270554,12.74858,147.9863,356.3934,0.6902919,-0.01081355,-0.7234495,0.0,0.0,0.0,3.736743,-0.7091898,-3.685742,-0.3784623,-0.2617108,1.915001,-0.8536007,-0.06135461,-0.5173024,0.06341343,0.9734161,-0.2200904,0.517054,-0.2206732,-0.827018,moving,-59.74927,30.65294,-11.17933,-7.782037
05/15/2023 12:31:22.208836,1213,True,True,True,True,Eyes,2.429552,-0.03681143,-2.445799,0.6390328,-0.3319559,-0.6938605,0.0,0.0,0.0,0.0,0.0,0.0,0.0,0.8563029,-0.6387867,-3.25805,2.415027,-0.03423868,-2.433654,-0.001073138,0.9581779,-0.1139182,0.2625196,12.57659,148.9558,356.3656,0.6909022,-0.01087192,-0.7228658,0.0,0.0,0.0,3.722217,-0.7121183,-3.714406,-0.3823645,-0.264409,1.915001,-0.8621647,-0.06186802,-0.5028363,0.057755,0.974043,-0.2188713,0.5033254,-0.2177444,-0.8362122,moving,-42.6445,25.56733,-11.29164,-7.861268
05/15/2023 12:31:22.228632,1214,True,True,True,True,Eyes,2.429801,-0.03678086,-2.44609,0.6386045,-0.3321401,-0.6941665,1.950175,3.675192,-0.6845122,-3.799837,-0.7388217,0.4272606,0.5211438,-0.3885702,-0.2685309,1.901553,2.421244,-0.03456745,-2.441828,-0.002148314,0.9604236,-0.1134654,0.2543764,12.52448,149.9319,356.3673,0.6928583,-0.01080455,-0.7209921,0.6415701,-0.001646753,-0.4877923,3.710951,-0.6943679,-3.751315,-0.3863531,-0.267167,1.915002,-0.8705761,-0.06185243,-0.4881308,0.05359926,0.9742419,-0.2190427,0.4891059,-0.2168567,-0.8448364,moving,-42.61277,25.56987,-11.40635,-7.942222
05/15/2023 12:31:22.238664,1215,True,True,True,True,Eyes,2.43029,-0.03665043,-2.446676,0.6377554,-0.3328381,-0.6946127,0.0,0.0,0.0,0.0,0.0,0.0,0.0,0.9633871,-0.6439947,-3.247178,2.426494,-0.03371109,-2.44908,-0.002272219,0.961983,-0.115803,0.2473327,12.80755,150.7553,356.3748,0.6944846,-0.01075392,-0.7194265,0.6030759,-0.001547948,-0.4585247,3.699665,-0.6898556,-3.779786,-0.3901239,-0.2697751,1.915,-0.8776431,-0.06165541,-0.4753334,0.05291208,0.973169,-0.2239251,0.4763859,-0.2216771,-0.8508328,moving,-42.55645,25.60238,-11.51473,-8.018756
05/15/2023 12:31:22.258754,1216,True,True,True,True,Eyes,2.430968,-0.03644457,-2.447599,0.6365667,-0.3331671,-0.6955448,0.0,0.0,0.0,0.0,0.0,0.0,0.0,1.014131,-0.6604398,-3.238457,2.431731,-0.03110096,-2.457227,-0.004323767,0.9633116,-0.1195762,0.2402365,13.19706,151.5454,356.1257,0.695838,-0.0107135,-0.7181181,0.5668913,-0.001455071,-0.4310133,3.6863,-0.690926,-3.807676,-0.3940169,-0.2724669,1.915,-0.8845353,-0.06578343,-0.4618112,0.04912289,0.9713656,-0.2324558,0.4638793,-0.2283009,-0.8559758,moving,-42.46493,25.5945,-11.62652,-8.097714
05/15/2023 12:31:22.278634,1217,True,True,True,True,Eyes,2.431788,-0.03619323,-2.44881,0.6351104,-0.3334723,-0.6967288,0.0,0.0,0.0,0.0,0.0,0.0,0.0,1.072354,-0.624103,-3.237546,2.436991,-0.02919911,-2.466043,-0.009759342,0.9656379,-0.1166112,0.232056,12.74891,152.495,355.7095,0.6969634,-0.01067836,-0.7170265,0.5328778,-0.001367767,-0.4051525,3.67356,-0.7015558,-3.827578,-0.3980576,-0.2752609,1.915001,-0.8921096,-0.07296862,-0.445888,0.03527266,0.9726132,-0.2297378,0.4504402,-0.2206789,-0.8651037,moving,-42.35107,25.57697,-11.74245,-8.179626
05/15/2023 12:31:22.298645,1218,True,True,True,True,Eyes,2.432761,-0.03589149,-2.450326,0.6332359,-0.3337563,-0.6982972,0.0,0.0,0.0,0.0,0.0,0.0,0.0,1.131311,-0.6039679,-3.230704,2.441525,-0.0278679,-2.473917,-0.01375641,0.9676713,-0.1157936,0.2236401,12.5885,153.4649,355.3915,0.697898,-0.01064518,-0.7161173,0.5009052,-0.001285701,-0.3808433,3.661918,-0.7118298,-3.846205,-0.4019175,-0.2779302,1.915001,-0.8995917,-0.07841557,-0.4296345,0.02516885,0.9728053,-0.2302533,0.4360061,-0.2179474,-0.8731539,moving,-42.20264,25.54581,-11.85311,-8.25786
05/15/2023 12:31:22.308545,1219,True,True,True,True,Eyes,2.43386,-0.03554159,-2.452132,0.630947,-0.3340207,-0.70024,0.0,0.0,0.0,0.0,0.0,0.0,0.0,1.192489,-0.5949706,-3.220522,2.446233,-0.0263823,-2.482545,-0.01678346,0.9695548,-0.116342,0.2148172,12.61443,154.4779,355.1487,0.6986723,-0.01061104,-0.7153624,0.4708509,-0.001208559,-0.3579927,3.651557,-0.695017,-3.877409,-0.4056305,-0.2804981,1.914999,-0.9071438,-0.08252949,-0.4126488,0.01743954,0.9723657,-0.2328106,0.4204593,-0.2183891,-0.8806363,moving,-42.02024,25.50156,-11.95948,-8.333099
05/15/2023 12:31:22.328728,1220,True,True,True,True,Eyes,2.435079,-0.03518523,-2.454199,0.6282424,-0.3342316,-0.7025673,0.0,0.0,0.0,0.0,0.0,0.0,0.0,1.254926,-0.5672933,-3.21172,2.450732,-0.02487563,-2.491003,-0.01981283,0.9717847,-0.1137843,0.2056584,12.29812,155.5617,354.991,0.6993101,-0.01057361,-0.7147394,0.4425998,-0.001136045,-0.3365131,3.637733,-0.6885988,-3.904869,-0.4095007,-0.2831737,1.915,-0.9146243,-0.085309,-0.3952025,0.008293773,0.9733212,-0.229297,0.4042201,-0.2129983,-0.8895157,moving,-41.80339,25.44179,-12.07025,-8.411452
05/15/2023 12:31:22.338873,1221,True,True,True,True,Eyes,2.436367,-0.03482664,-2.45653,0.6251296,-0.3347677,-0.7050841,0.0,0.0,0.0,0.0,0.0,0.0,0.0,1.31407,-0.554608,-3.19978,2.454885,-0.02437763,-2.499181,-0.02110147,0.9736808,-0.1128763,0.1968742,12.21041,156.6009,354.9792,0.6998329,-0.01053213,-0.7142281,0.4160438,-0.001067883,-0.3163224,3.621418,-0.6884357,-3.931835,-0.4133747,-0.2858532,1.915,-0.9215906,-0.08553707,-0.3786216,0.003352691,0.9736273,-0.2281197,0.388149,-0.2115024,-0.8969991,moving,-41.56029,25.39795,-12.18105,-8.489888
05/15/2023 12:31:22.364583,1222,True,True,True,True,Eyes,2.437745,-0.03446255,-2.459092,0.6216371,-0.3354972,-0.7078199,0.0,0.0,0.0,0.0,0.0,0.0,0.0,1.371601,-0.5581077,-3.184399,2.458816,-0.02381383,-2.507355,-0.02196481,0.9751627,-0.1144818,0.1883333,12.41573,157.5885,354.9504,0.7002654,-0.01048554,-0.7138048,0.3910812,-0.00100381,-0.297343,3.604059,-0.6780152,-3.96336,-0.4172632,-0.2885421,1.915001,-0.9280963,-0.08595999,-0.3622819,0.0002829621,0.9728229,-0.2315502,0.3723402,-0.2150034,-0.902849,moving,-41.29096,25.36033,-12.29216,-8.568566
05/15/2023 12:31:22.378711,1223,True,True,True,True,Eyes,2.43922,-0.03411154,-2.461854,0.6177697,-0.3367012,-0.7106285,0.0,0.0,0.0,0.0,0.0,0.0,0.0,1.428862,-0.5666397,-3.166758,2.462447,-0.02328239,-2.515332,-0.02334875,0.9763907,-0.1173603,0.1798405,12.7549,158.5497,354.8347,0.7006376,-0.01043228,-0.7134403,0.3676163,-0.000943581,-0.2795024,3.585565,-0.6770728,-3.990913,-0.4213926,-0.2913976,1.915001,-0.9342246,-0.08780725,-0.3457088,-0.003382737,0.9713628,-0.237577,0.3566697,-0.2207808,-0.9077681,moving,-41.00137,25.35196,-12.41005,-8.652086
05/15/2023 12:31:22.388551,1224,True,True,True,True,Eyes,2.440757,-0.03379502,-2.464807,0.6135483,-0.3382924,-0.7135241,0.0,0.0,0.0,0.0,0.0,0.0,0.0,1.485617,-0.5827744,-3.14636,2.465805,-0.02326649,-2.522998,-0.02444222,0.9773749,-0.1215147,0.1713928,13.24718,159.4949,354.7284,0.7009545,-0.01037328,-0.7131298,0.3455594,-0.0008869662,-0.2627323,3.566225,-0.6849302,-4.014279,-0.4250214,-0.2939072,1.915,-0.9400545,-0.0894319,-0.3290898,-0.006124905,0.9692734,-0.2459093,0.3409702,-0.2291524,-0.9117177,moving,-40.69173,25.36633,-12.51358,-8.725461
05/15/2023 12:31:22.408893,1225,True,True,True,True,Eyes,2.442267,-0.03352694,-2.467957,0.6090692,-0.3402971,-0.7164026,0.0,0.0,0.0,0.0,0.0,0.0,0.0,1.540037,-0.6093503,-3.123439,2.468893,-0.0236907,-2.530395,-0.02487516,0.97804,-0.127146,0.1632567,13.92111,160.3956,354.6695,0.7012188,-0.01031017,-0.7128699,0.3248258,-0.0008337482,-0.2469683,3.547064,-0.6964523,-4.035025,-0.4287962,-0.2965172,1.915001,-0.9454569,-0.09017268,-0.3130177,-0.007142922,0.9664302,-0.2568298,0.3256689,-0.2405856,-0.9143623,moving,-40.37043,25.4081,-12.62116,-8.801735
05/15/2023 12:31:22.428867,1226,True,True,True,True,Eyes,2.443816,-0.03326924,-2.471271,0.6042909,-0.3426901,-0.7193024,0.0,0.0,0.0,0.0,0.0,0.0,0.0,1.592796,-0.6324254,-3.100134,2.471192,-0.02426048,-2.537797,-0.02501078,0.9787048,-0.1320245,0.1551812,14.51678,161.3013,354.6697,0.7014334,-0.01024471,-0.7126592,0.3053362,-0.0007837233,-0.2321502,3.527509,-0.7135125,-4.052881,-0.4328605,-0.2993274,1.915002,-0.9505867,-0.08993177,-0.297149,-0.007980906,0.963888,-0.2661884,0.3103572,-0.2506636,-0.9169767,moving,-40.03385,25.47407,-12.7369,-8.883823
05/15/2023 12:31:22.438641,1227,True,True,True,True,Eyes,2.445393,-0.03299139,-2.474768,0.599365,-0.3451211,-0.7222555,0.0,0.0,0.0,0.0,0.0,0.0,0.0,1.642667,-0.6624224,-3.075685,2.473757,-0.0241562,-2.544983,-0.02525494,0.97903,-0.138087,0.1476304,15.24374,162.1311,354.6343,0.7016014,-0.01017744,-0.7124946,0.2870161,-0.0007366999,-0.2182212,3.507424,-0.7367804,-4.067231,-0.4365292,-0.3018645,1.915001,-0.955135,-0.09022236,-0.2820944,-0.008679007,0.9605883,-0.2778393,0.2960439,-0.2629258,-0.9182746,moving,-39.68764,25.54025,-12.84129,-8.957911
05/15/2023 12:31:22.458663,1228,True,True,True,True,Eyes,2.447004,-0.03271742,-2.478436,0.5941893,-0.3474101,-0.7254277,0.0,0.0,0.0,0.0,0.0,0.0,0.0,1.693026,-0.6719012,-3.05451,2.475914,-0.02334572,-2.552866,-0.0272482,0.9795902,-0.1417157,0.1399195,15.66554,162.9789,354.4548,0.7017254,-0.01010791,-0.7123735,0.2697951,-0.0006924979,-0.2051279,3.48661,-0.7582288,-4.08187,-0.4404162,-0.3045528,1.915,-0.9593603,-0.09304169,-0.2664044,-0.01372657,0.9583484,-0.2852717,0.2818504,-0.2700214,-0.9206786,moving,-39.3205,25.58994,-12.9518,-9.036381
05/15/2023 12:31:22.478846,1229,True,True,True,True,Eyes,2.448634,-0.03244407,-2.482271,0.5889251,-0.3493674,-0.7287726,0.0,0.0,0.0,0.0,0.0,0.0,0.0,1.743308,-0.6545671,-3.038398,2.478434,-0.02318737,-2.560521,-0.02985838,0.9806665,-0.1412247,0.1321265,15.61062,163.8695,354.2865,0.7018077,-0.01003646,-0.7122934,0.2536074,-0.000650948,-0.1928203,3.468005,-0.7828768,-4.092638,-0.4446029,-0.3074476,1.915001,-0.9633023,-0.09588125,-0.2507105,-0.02124321,0.9583281,-0.2848787,0.2675774,-0.2690984,-0.9251965,moving,-38.94187,25.61267,-13.07071,-9.120831
05/15/2023 12:31:22.488920,1230,True,True,True,True,Eyes,2.450291,-0.03217717,-2.486283,0.5834436,-0.3510892,-0.7323455,0.0,0.0,0.0,0.0,0.0,0.0,0.0,1.789623,-0.6400168,-3.022758,2.480497,-0.02295609,-2.568276,-0.03165416,0.9816627,-0.1405791,0.1247959,15.55135,164.7184,354.2073,0.7018506,-0.009963264,-0.7122524,0.238391,-0.0006118912,-0.181251,3.449906,-0.7957674,-4.108143,-0.4482097,-0.3099421,1.915001,-0.9668483,-0.09723484,-0.2361152,-0.02706002,0.9584711,-0.2839032,0.2539149,-0.268102,-0.9293272,moving,-38.54357,25.61324,-13.17306,-9.193572
05/15/2023 12:31:22.508955,1231,True,True,True,True,Eyes,2.451957,-0.03194128,-2.490464,0.5781369,-0.3519946,-0.7361096,0.0,0.0,0.0,0.0,0.0,0.0,0.0,1.833606,-0.6160336,-3.010271,2.482903,-0.02288266,-2.576434,-0.03325006,0.982832,-0.1380906,0.1177567,15.28431,165.5534,354.1762,0.7018558,-0.009888674,-0.7122484,0.2240875,-0.0005751777,-0.170376,3.432946,-0.7947387,-4.129888,-0.4520498,-0.3125972,1.915001,-0.9700555,-0.09788062,-0.222287,-0.03283626,0.9596509,-0.2792706,0.2406531,-0.2636089,-0.9341286,moving,-38.14592,25.5563,-13.28194,-9.270969
05/15/2023 12:31:22.528820,1232,True,True,True,True,Eyes,2.453637,-0.0317513,-2.494797,0.5726051,-0.3528933,-0.739993,0.0,0.0,0.0,0.0,0.0,0.0,0.0,1.875882,-0.5859935,-2.998774,2.484834,-0.02347942,-2.584571,-0.03476589,0.9840721,-0.1345733,0.1108314,14.90122,166.3844,354.1645,0.7018249,-0.009813701,-0.71228,0.2106422,-0.000540667,-0.1601534,3.415992,-0.7941698,-4.15082,-0.4558296,-0.315211,1.915001,-0.9730157,-0.09825418,-0.2087751,-0.03859436,0.9613627,-0.272566,0.2274894,-0.2571534,-0.9392132,moving,-37.73263,25.49588,-13.38901,-9.347124
05/15/2023 12:31:22.538626,1233,True,True,True,True,Eyes,2.455285,-0.0316129,-2.499299,0.5671782,-0.3534434,-0.7438996,0.0,0.0,0.0,0.0,0.0,0.0,0.0,1.917791,-0.5784065,-2.98224,2.486943,-0.02442132,-2.592441,-0.03531566,0.9848159,-0.1343988,0.1040552,14.91387,167.1782,354.2074,0.7017596,-0.009739683,-0.7123454,0.1980037,-0.000508227,-0.1505442,3.400245,-0.787827,-4.174279,-0.45982,-0.3179706,1.915,-0.9758506,-0.09752862,-0.1954577,-0.04158903,0.9613795,-0.2720657,0.2144432,-0.2573666,-0.9422189,moving,-37.32331,25.41344,-13.50196,-9.4275
05/15/2023 12:31:22.558766,1234,True,True,True,True,Eyes,2.456939,-0.03153256,-2.503943,0.5615292,-0.3541523,-0.7478376,0.0,0.0,0.0,0.0,0.0,0.0,0.0,1.958318,-0.5785701,-2.964574,2.488755,-0.02543283,-2.600751,-0.03512346,0.9854181,-0.1350131,0.09741206,15.02532,167.9597,354.3237,0.7016605,-0.009667986,-0.7124439,0.1861235,-0.0004777334,-0.1415116,3.383948,-0.7785808,-4.198991,-0.4636086,-0.3205908,1.915001,-0.9785545,-0.09552639,-0.1824989,-0.04291877,0.9610756,-0.2729317,0.2014674,-0.2592458,-0.9445647,moving,-36.90181,25.34076,-13.60908,-9.503771
05/15/2023 12:31:22.578341,1235,True,True,True,True,Eyes,2.458584,-0.03148585,-2.508729,0.5558702,-0.3549331,-0.7516853,0.0,0.0,0.0,0.0,0.0,0.0,0.0,1.995796,-0.5875911,-2.946377,2.49064,-0.02666567,-2.608755,-0.03394026,0.9858558,-0.1364215,0.09124585,15.23567,168.6932,354.5394,0.7015292,-0.009600019,-0.7125741,0.1749561,-0.0004490693,-0.1330209,3.367515,-0.7826253,-4.217362,-0.4677564,-0.3234583,1.915001,-0.9810448,-0.09181619,-0.1706501,-0.04202461,0.9604745,-0.2751777,0.1891708,-0.26279,-0.9461271,moving,-36.48288,25.27589,-13.72624,-9.587205
05/15/2023 12:31:22.588968,1236,True,True,True,True,Eyes,2.499487,-0.03124185,-2.632264,0.4022515,-0.3711841,-0.8369086,0.0,0.0,0.0,0.0,0.0,0.0,0.0,2.029184,-0.6033813,-2.928929,2.492283,-0.02737702,-2.616879,-0.0329137,0.9860258,-0.138981,0.0857559,15.57102,169.3356,354.7141,0.7013667,-0.00953635,-0.7127346,0.1644587,-0.0004221252,-0.1250396,3.349916,-0.7901867,-4.234567,-0.4714689,-0.3260261,1.915,-0.9831252,-0.08874439,-0.1599663,-0.04107062,0.9592019,-0.2797228,0.1782638,-0.2684326,-0.9466604,moving,-25.67079,23.91815,-13.83103,-9.661891
05/15/2023 12:31:22.609007,1237,True,True,True,True,Eyes,2.499588,-0.03128762,-2.632605,0.4020298,-0.3710635,-0.8370687,0.0,0.0,0.0,0.0,0.0,0.0,0.0,2.061924,-0.6070647,-2.914258,2.493783,-0.02822703,-2.625492,-0.0324963,0.9863783,-0.1398406,0.08029009,15.70314,169.981,354.8411,0.6999828,-0.009437633,-0.7140954,0.2772998,0.0003351995,-0.4881406,3.332962,-0.8019283,-4.249049,-0.475258,-0.3286459,1.915001,-0.984995,-0.08656292,-0.1493042,-0.04165167,0.9587772,-0.2810896,0.1674814,-0.2706531,-0.9479963,moving,-25.65418,23.90719,-13.93786,-9.738045
05/15/2023 12:31:22.628509,1238,True,True,True,True,Eyes,2.499736,-0.03138772,-2.633279,0.4014706,-0.3710475,-0.8373441,0.0,0.0,0.0,0.0,0.0,0.0,0.0,2.093357,-0.6039269,-2.90147,2.49516,-0.02950004,-2.634142,-0.03243355,0.9868028,-0.139802,0.07499284,15.72672,170.6083,354.9351,0.6987982,-0.00935339,-0.715256,0.2606618,0.0003150876,-0.4588521,3.318181,-0.8166388,-4.260458,-0.4790019,-0.3312353,1.915002,-0.9866483,-0.08497932,-0.1389377,-0.04304273,0.958807,-0.2807784,0.1570748,-0.2710493,-0.949663,moving,-25.61572,23.8993,-14.04332,-9.813278
05/15/2023 12:31:22.639072,1239,True,True,True,True,Eyes,2.499908,-0.03153303,-2.634292,0.4008799,-0.3710763,-0.8376142,0.0,0.0,0.0,0.0,0.0,0.0,0.0,2.122402,-0.6066886,-2.888776,2.496517,-0.03087828,-2.642751,-0.03231489,0.9870302,-0.1407491,0.07012005,15.86165,171.1785,355.0184,0.6977702,-0.009282601,-0.7162599,0.2450221,0.0002961823,-0.431321,3.304184,-0.8249549,-4.274904,-0.4830093,-0.3340066,1.915,-0.9880781,-0.08353024,-0.1293246,-0.04405289,0.9582908,-0.2823792,0.1475178,-0.2733155,-0.9505458,moving,-25.57565,23.8941,-14.15612,-9.893775
05/15/2023 12:31:22.664545,1240,True,True,True,True,Eyes,2.500112,-0.03172764,-2.635634,0.4000317,-0.3711333,-0.8379945,0.0,0.0,0.0,0.0,0.0,0.0,0.0,2.147633,-0.6095332,-2.878883,2.497724,-0.03207579,-2.651823,-0.03225097,0.9872026,-0.1416122,0.0658568,15.98299,171.6767,355.0872,0.6968319,-0.009222635,-0.7171737,0.2303208,0.0002784113,-0.4054418,3.290766,-0.8299625,-4.290588,-0.4868173,-0.3366398,1.914999,-0.9892458,-0.08232871,-0.1208937,-0.04502421,0.9578117,-0.2838477,0.1391623,-0.2753519,-0.951218,moving,-25.51832,23.88773,-14.26319,-9.970216
05/15/2023 12:31:22.678433,1241,True,True,True,True,Eyes,2.500305,-0.03196782,-2.637299,0.3992572,-0.3713494,-0.8382681,0.0,0.0,0.0,0.0,0.0,0.0,0.0,2.171021,-0.6073959,-2.871138,2.498745,-0.03344531,-2.660985,-0.03235878,0.9874453,-0.1417003,0.06185378,16.01205,172.1474,355.14,0.6959715,-0.009173771,-0.7180095,0.2165015,0.0002617067,-0.3811153,3.278985,-0.8385594,-4.303713,-0.49087,-0.3394423,1.915001,-0.9902542,-0.08143444,-0.1129839,-0.04637565,0.9577479,-0.2838455,0.1313249,-0.2758395,-0.9521905,moving,-25.46791,23.89315,-14.37702,-10.05153
05/15/2023 12:31:22.688845,1242,True,True,True,True,Eyes,2.500519,-0.03224128,-2.63928,0.3982576,-0.37159,-0.8386369,0.0,0.0,0.0,0.0,0.0,0.0,0.0,2.193042,-0.6084154,-2.863545,2.499571,-0.03471626,-2.670286,-0.03249037,0.9875806,-0.1423262,0.05807223,16.10172,172.5875,355.1815,0.6951762,-0.009136063,-0.7187801,0.2035114,0.0002460043,-0.3582484,3.26891,-0.8462529,-4.316527,-0.4946098,-0.342028,1.915002,-0.9911439,-0.08070411,-0.1054535,-0.04764333,0.9573753,-0.2848907,0.1239505,-0.2773435,-0.9527418,moving,-25.40243,23.89756,-14.48196,-10.12651
05/15/2023 12:31:22.708979,1243,True,True,True,True,Eyes,2.500729,-0.0325455,-2.641575,0.3971799,-0.3718712,-0.8390232,0.0,0.0,0.0,0.0,0.0,0.0,0.0,2.214732,-0.6065362,-2.856828,2.500322,-0.03578116,-2.679832,-0.03288461,0.9877413,-0.1425943,0.05433926,16.14795,173.0202,355.195,0.6944358,-0.009109263,-0.7194958,0.1913007,0.000231244,-0.3367535,3.259697,-0.8511432,-4.330311,-0.49834,-0.3446074,1.915002,-0.9919317,-0.08045989,-0.09796792,-0.04946602,0.957171,-0.2852663,0.1167246,-0.2781186,-0.9534282,moving,-25.33211,23.90384,-14.58653,-10.20128
05/15/2023 12:31:22.728620,1244,True,True,True,True,Eyes,2.500946,-0.03287658,-2.644173,0.3958838,-0.3721571,-0.8395088,0.0,0.0,0.0,0.0,0.0,0.0,0.0,2.236553,-0.5996577,-2.851006,2.500995,-0.03682257,-2.689548,-0.03349257,0.9879878,-0.1421351,0.05055731,16.1092,173.4602,355.1904,0.6937405,-0.009093056,-0.7201664,0.1798227,0.0002173694,-0.3165483,3.251613,-0.8579898,-4.342782,-0.5025705,-0.3475333,1.915002,-0.9926443,-0.08055243,-0.09037906,-0.05180855,0.9573517,-0.2842422,0.1094209,-0.2774689,-0.954483,moving,-25.24697,23.90787,-14.70502,-10.28605
05/15/2023 12:31:22.738408,1245,True,True,True,True,Eyes,2.501163,-0.0332324,-2.647085,0.3944488,-0.3724951,-0.8400343,0.0,0.0,0.0,0.0,0.0,0.0,0.0,2.25806,-0.5966999,-2.844373,2.50143,-0.0377948,-2.699399,-0.03378538,0.9881682,-0.1421034,0.04678646,16.12195,173.901,355.2191,0.693082,-0.009087061,-0.7208004,0.1690333,0.0002043272,-0.2975554,3.243279,-0.8626994,-4.356201,-0.5061982,-0.3500417,1.915,-0.9933395,-0.0800683,-0.08286374,-0.05347425,0.9573304,-0.2840055,0.1020678,-0.2776827,-0.9552357,moving,-25.153,23.91386,-14.80653,-10.3587
05/15/2023 12:31:22.758792,1246,True,True,True,True,Eyes,2.501371,-0.03362033,-2.650292,0.3927682,-0.3728297,-0.840673,0.0,0.0,0.0,0.0,0.0,0.0,0.0,2.280416,-0.5916686,-2.83789,2.501905,-0.03876595,-2.709788,-0.03396229,0.988413,-0.1415995,0.04284698,16.08166,174.3668,355.2677,0.6924522,-0.00909087,-0.7214055,0.1588913,0.0001920676,-0.279702,3.235016,-0.864701,-4.371057,-0.5099609,-0.3526437,1.914999,-0.9940217,-0.07927176,-0.07508296,-0.05500332,0.9575923,-0.2828279,0.09431911,-0.2770072,-0.9562277,moving,-25.04231,23.91679,-14.91171,-10.43402
05/15/2023 12:31:22.779714,1247,True,True,True,True,Eyes,2.50158,-0.03401491,-2.653784,0.3907655,-0.3733407,-0.8413793,0.0,0.0,0.0,0.0,0.0,0.0,0.0,2.305149,-0.5867969,-2.828746,2.501958,-0.0399228,-2.720009,-0.03440838,0.9885969,-0.1414692,0.03845591,16.08515,174.8787,355.2891,0.6918443,-0.009104314,-0.7219883,0.1493578,0.0001805435,-0.2629199,3.226753,-0.8688312,-4.38506,-0.514273,-0.3556255,1.915,-0.9946747,-0.0789127,-0.06629935,-0.05715138,0.9576051,-0.2823584,0.08577024,-0.2770656,-0.9570155,moving,-24.91178,23.92804,-15.03211,-10.52028
05/15/2023 12:31:22.788741,1248,True,True,True,True,Eyes,2.501773,-0.03441827,-2.657573,0.3884745,-0.3737482,-0.8422588,0.0,0.0,0.0,0.0,0.0,0.0,0.0,2.331757,-0.5852916,-2.817087,2.50184,-0.04052363,-2.730345,-0.03489883,0.9886839,-0.1419432,0.03374001,16.1599,175.4243,355.3069,0.6912522,-0.009126555,-0.722555,0.1403964,0.0001697109,-0.2471447,3.216829,-0.871013,-4.400842,-0.5177068,-0.3579992,1.915002,-0.9952876,-0.07858616,-0.05680912,-0.05942949,0.9572684,-0.283029,0.07662373,-0.278319,-0.9574276,moving,-24.76054,23.92902,-15.12787,-10.58891
05/15/2023 12:31:22.808349,1249,True,True,True,True,Eyes,2.501916,-0.03484558,-2.661637,0.3859233,-0.3741719,-0.8432429,0.0,0.0,0.0,0.0,0.0,0.0,0.0,2.360729,-0.5727392,-2.805933,2.501703,-0.04115497,-2.741188,-0.03522714,0.9890659,-0.1403379,0.028512,15.99766,176.0458,355.3645,0.6906698,-0.009156898,-0.7231115,0.1319726,0.0001595283,-0.232316,3.205486,-0.8746541,-4.416309,-0.5214475,-0.3605861,1.915002,-0.9958925,-0.07768658,-0.04651308,-0.06168132,0.9581286,-0.2796157,0.0662879,-0.2755981,-0.9589849,moving,-24.59194,23.92828,-15.23212,-10.66368
05/15/2023 12:31:22.828753,1250,True,True,True,True,Eyes,2.502036,-0.03528559,-2.665972,0.3830926,-0.3745967,-0.8443443,0.0,0.0,0.0,0.0,0.0,0.0,0.0,2.389921,-0.5617356,-2.793689,2.501583,-0.0420976,-2.751777,-0.03492339,0.9894683,-0.1385459,0.02319621,15.81627,176.6883,355.497,0.6900926,-0.009195087,-0.7236621,0.1240542,0.0001499566,-0.2183771,3.193008,-0.8799638,-4.431163,-0.5253211,-0.3632646,1.915002,-0.9964848,-0.07553864,-0.03622684,-0.06268369,0.9591708,-0.2757937,0.0555808,-0.2725534,-0.9605341,moving,-24.40456,23.92466,-15.33996,-10.74105
05/15/2023 12:31:22.838771,1251,True,True,True,True,Eyes,2.502134,-0.03571023,-2.67057,0.3799802,-0.375167,-0.8454968,0.0,0.0,0.0,0.0,0.0,0.0,0.0,2.417953,-0.5601007,-2.780216,2.501239,-0.04283732,-2.762566,-0.03424126,0.9896692,-0.1380441,0.01806633,15.78325,177.307,355.6635,0.6895156,-0.009240632,-0.7242113,0.116611,0.0001409592,-0.2052744,3.178356,-0.8785026,-4.45068,-0.5293097,-0.3660229,1.915002,-0.9970025,-0.07276292,-0.02630576,-0.06278712,0.9595427,-0.2744733,0.04521298,-0.2719988,-0.9612351,moving,-24.19994,23.928,-15.45089,-10.82069
05/15/2023 12:31:22.858992,1252,True,True,True,True,Eyes,2.502205,-0.03609793,-2.675437,0.3766123,-0.3756536,-0.8467866,0.0,0.0,0.0,0.0,0.0,0.0,0.0,2.446924,-0.5594437,-2.765592,2.500991,-0.04283789,-2.773467,-0.03389781,0.9897826,-0.1379027,0.01282293,15.79034,177.9315,355.7901,0.6889352,-0.009292303,-0.7247628,0.1096143,0.0001325016,-0.192958,3.162359,-0.8773636,-4.470217,-0.5331056,-0.3686477,1.915001,-0.9973733,-0.07063955,-0.01603463,-0.06356628,0.9596676,-0.2738568,0.03473303,-0.2721181,-0.9616371,moving,-23.97733,23.92315,-15.55635,-10.89644
05/15/2023 12:31:22.878857,1253,True,True,True,True,Eyes,2.50225,-0.03644125,-2.680549,0.3732789,-0.3763869,-0.8479363,0.0,0.0,0.0,0.0,0.0,0.0,0.0,2.47579,-0.5503445,-2.752583,2.500501,-0.04235256,-2.784749,-0.03401671,0.9900219,-0.1365387,0.007538818,15.65473,178.5589,355.8661,0.688347,-0.009348474,-0.7253208,0.1030375,0.0001245515,-0.1813805,3.146664,-0.8810371,-4.487254,-0.5371318,-0.3714323,1.915001,-0.997572,-0.06941325,-0.005637992,-0.0652959,0.9604,-0.2708655,0.02421638,-0.2698397,-0.9626006,moving,-23.76007,23.93575,-15.66809,-10.97676
05/15/2023 12:31:22.888793,1254,True,True,True,True,Eyes,2.502258,-0.036748,-2.685917,0.3696705,-0.3771145,-0.8491927,0.0,0.0,0.0,0.0,0.0,0.0,0.0,2.504842,-0.5482994,-2.737281,2.499977,-0.04159628,-2.795703,-0.03371985,0.9901237,-0.1360625,0.002217467,15.62189,179.1928,355.9882,0.6877495,-0.009407305,-0.7258866,0.09685522,0.0001170784,-0.1704977,3.130866,-0.8847475,-4.503875,-0.5410016,-0.3741078,1.915002,-0.9977161,-0.06737708,0.004784878,-0.06617022,0.9607,-0.2695869,0.01356715,-0.2692878,-0.9629642,moving,-23.52445,23.94533,-15.77536,-11.05388
05/15/2023 12:31:22.908407,1255,True,True,True,True,Eyes,2.502174,-0.03691756,-2.691522,0.3663251,-0.3783852,-0.8500768,0.0,0.0,0.0,0.0,0.0,0.0,0.0,2.532799,-0.5506742,-2.722045,2.499169,-0.0410188,-2.80719,-0.03236164,0.9902549,-0.1354201,-0.003039982,15.56894,179.8368,356.2342,0.6871387,-0.009467581,-0.7264642,0.0910439,0.0001100537,-0.1602678,3.114961,-0.8831012,-4.523012,-0.5448088,-0.3767413,1.915001,-0.997887,-0.0632692,0.01478555,-0.0649159,0.9612282,-0.2680041,0.002744119,-0.2683976,-0.9633043,moving,-23.31274,23.99475,-15.88081,-11.12976
05/15/2023 12:31:22.928521,1256,True,True,True,True,Eyes,2.502045,-0.03693888,-2.697415,0.3627105,-0.3794556,-0.851149,0.0,0.0,0.0,0.0,0.0,0.0,0.0,2.557895,-0.5743126,-2.704465,2.498247,-0.03772661,-2.818531,-0.0307964,0.9899382,-0.1378947,-0.007699054,15.87197,180.4021,356.4923,0.6865114,-0.009525366,-0.7270564,0.08558127,0.0001034505,-0.1506518,3.098585,-0.8848745,-4.540102,-0.5487695,-0.3794804,1.914999,-0.9979849,-0.05884974,0.0237365,-0.06309637,0.9600732,-0.2725403,-0.006749853,-0.2734887,-0.9618519,moving,-23.0809,24.02806,-15.99039,-11.20865
05/15/2023 12:31:22.939022,1257,True,True,True,True,Eyes,2.501817,-0.0369193,-2.703536,0.3592834,-0.3802647,-0.8522407,0.0,0.0,0.0,0.0,0.0,0.0,0.0,2.585115,-0.5727001,-2.690649,2.496994,-0.03403288,-2.830945,-0.03038458,0.9900554,-0.1367571,-0.01283629,15.75796,181.0185,356.6253,0.6858654,-0.009576775,-0.7276651,0.0804464,9.724348e-05,-0.1416126,3.080572,-0.8872989,-4.557692,-0.5525134,-0.3820689,1.915001,-0.9978243,-0.05665392,0.0337279,-0.06367574,0.9607486,-0.2700141,-0.01710667,-0.2715742,-0.9622657,moving,-22.85908,24.04614,-16.09384,-11.28314
05/15/2023 12:31:22.964002,1258,True,True,True,True,Eyes,2.501543,-0.03682555,-2.709867,0.3556379,-0.3812803,-0.8533152,0.0,0.0,0.0,0.0,0.0,0.0,0.0,2.614483,-0.5297282,-2.682721,2.495994,-0.03325149,-2.84289,-0.02877002,0.9912326,-0.1276008,-0.01867043,14.71661,181.758,356.902,0.6851975,-0.009621372,-0.7282934,0.07561962,9.140887e-05,-0.1331159,3.064806,-0.8980671,-4.568834,-0.5563326,-0.3847096,1.915002,-0.9976477,-0.05227083,0.04435562,-0.06180028,0.9657807,-0.2518898,-0.02967131,-0.2540384,-0.9667392,moving,-22.62501,24.07616,-16.19926,-11.3591
05/15/2023 12:31:22.978770,1259,True,True,True,True,Eyes,2.501158,-0.0366238,-2.716446,0.3522286,-0.3824436,-0.8542084,0.0,0.0,0.0,0.0,0.0,0.0,0.0,2.635529,-0.5575256,-2.667352,2.49473,-0.03130087,-2.854288,-0.02584191,0.9909559,-0.1296855,-0.02280623,14.96352,182.2838,357.3123,0.684507,-0.009657758,-0.728942,0.07108244,8.592434e-05,-0.1251289,3.048084,-0.8946567,-4.587951,-0.5603936,-0.3875179,1.915002,-0.997624,-0.04530111,0.05190257,-0.05713166,0.9650277,-0.2558466,-0.03849728,-0.258204,-0.965323,moving,-22.40856,24.11888,-16.31124,-11.43983
05/15/2023 12:31:22.989299,1260,True,True,True,True,Eyes,2.500718,-0.03641497,-2.72324,0.3485132,-0.383175,-0.8554036,0.0,0.0,0.0,0.0,0.0,0.0,0.0,2.658396,-0.5581471,-2.655414,2.491994,-0.02848655,-2.866875,-0.02405631,0.9911349,-0.1277246,-0.02755828,14.74459,182.8736,357.5911,0.6837913,-0.009683807,-0.7296131,0.06681749,8.076888e-05,-0.1176212,3.026031,-0.866969,-4.620962,-0.5640787,-0.3900664,1.915001,-0.9973238,-0.04064634,0.0607731,-0.05472583,0.9662154,-0.2518588,-0.04848277,-0.2545106,-0.965854,moving,-22.16723,24.12983,-16.41275,-11.51307
05/15/2023 12:31:23.008764,1261,True,True,True,True,Eyes,2.500226,-0.03625861,-2.73016,0.3449492,-0.384614,-0.8562021,0.0,0.0,0.0,0.0,0.0,0.0,0.0,2.684973,-0.5301961,-2.645699,2.490344,-0.02820468,-2.878767,-0.02232895,0.9918346,-0.1211702,-0.03291362,13.99466,183.538,357.855,0.6830491,-0.00970035,-0.7303076,0.06280844,7.592275e-05,-0.1105639,3.009933,-0.8789735,-4.631891,-0.5678408,-0.3926682,1.915,-0.9968363,-0.03631695,0.07070094,-0.05226955,0.9696383,-0.2388917,-0.05987853,-0.2418314,-0.968469,moving,-21.94367,24.19006,-16.51628,-11.5878
05/15/2023 12:31:23.028683,1262,True,True,True,True,Eyes,2.499677,-0.03607774,-2.737227,0.3412628,-0.386756,-0.8567144,0.0,0.0,0.0,0.0,0.0,0.0,0.0,2.704884,-0.5643864,-2.626791,2.48786,-0.02921905,-2.888711,-0.02023457,0.9911671,-0.1257247,-0.03703707,14.52055,184.0477,358.1768,0.6822814,-0.009709745,-0.7310249,0.05903993,7.136738e-05,-0.1039301,2.991216,-0.874776,-4.651631,-0.5719523,-0.3955118,1.915,-0.9964378,-0.03079873,0.07850783,-0.04942463,0.9675677,-0.2477296,-0.06833188,-0.2507273,-0.9656433,moving,-21.71933,24.29637,-16.62929,-11.66943
05/15/2023 12:31:23.039503,1263,True,True,True,True,Eyes,2.499053,-0.03577627,-2.744429,0.3378,-0.389515,-0.8568368,0.0,0.0,0.0,0.0,0.0,0.0,0.0,2.723918,-0.6271566,-2.60278,2.48601,-0.02829359,-2.899391,-0.01898546,0.9897063,-0.1358766,-0.04072735,15.69415,184.4954,358.4219,0.681488,-0.009712044,-0.7317645,0.05549753,6.708533e-05,-0.09769429,2.970448,-0.8564717,-4.678977,-0.5757813,-0.3981592,1.915,-0.995962,-0.02651227,0.0857756,-0.04864784,0.9623543,-0.2674093,-0.07545688,-0.2705022,-0.959758,moving,-21.51638,24.44638,-16.73441,-11.74537
05/15/2023 12:31:23.064177,1264,True,True,True,True,Eyes,2.498375,-0.03539189,-2.751799,0.3342149,-0.3920849,-0.8570704,0.0,0.0,0.0,0.0,0.0,0.0,0.0,2.741434,-0.6613296,-2.585409,2.483669,-0.02494799,-2.909969,-0.0190404,0.9887571,-0.1415826,-0.04417342,16.35953,184.9002,358.4984,0.6806681,-0.009704715,-0.7325273,0.05216768,6.306022e-05,-0.09183264,2.954245,-0.8792472,-4.684141,-0.5794986,-0.4007296,1.915001,-0.9953726,-0.02514428,0.09274515,-0.05016104,0.9591837,-0.2782995,-0.08196199,-0.2816638,-0.9560063,moving,-21.30331,24.58272,-16.83635,-11.81906
05/15/2023 12:31:23.078593,1265,True,True,True,True,Eyes,2.497678,-0.03495872,-2.759304,0.3306616,-0.3945024,-0.8573393,0.0,0.0,0.0,0.0,0.0,0.0,0.0,2.762028,-0.651994,-2.576799,2.481741,-0.02258836,-2.92134,-0.02016322,0.9887012,-0.1405369,-0.04809405,16.2505,185.3452,358.4271,0.6798215,-0.00968648,-0.7333134,0.0,0.0,0.0,2.938268,-0.9166505,-4.679867,-0.5796006,-0.4007998,1.915002,-0.9945613,-0.02635281,0.1007686,-0.05338876,0.9596856,-0.2759585,-0.08943392,-0.2798374,-0.955873,moving,-21.09081,24.7094,-16.83913,-11.82107
05/15/2023 12:31:23.088997,1266,True,True,True,True,Eyes,2.478949,-0.02278084,-2.950697,0.2396713,-0.4460322,-0.8623298,0.0,0.0,0.0,0.0,0.0,0.0,0.0,2.77864,-0.6375659,-2.572523,2.479537,-0.02100788,-2.932005,-0.02157433,0.9887405,-0.1389038,-0.05130931,16.07489,185.702,358.3058,0.6789495,-0.009657145,-0.7341212,0.0,0.0,0.0,2.923734,-0.9342016,-4.682935,-0.5796005,-0.4007997,1.915002,-0.993804,-0.02840871,0.1074567,-0.05691694,0.9604805,-0.2724658,-0.09546965,-0.2768936,-0.9561464,static,-15.53245,27.34985,-16.83912,-11.82106
05/15/2023 12:31:23.108743,1267,True,True,True,True,Eyes,2.478872,-0.02272227,-2.951152,0.2395978,-0.4456887,-0.862528,0.0,0.0,0.0,0.0,0.0,0.0,0.0,2.795067,-0.6157244,-2.570994,2.477575,-0.01925984,-2.943259,-0.02428079,0.9887727,-0.1370773,-0.0543038,15.88537,186.0117,358.0261,0.6750161,-0.009228457,-0.737745,-0.05618763,0.03653366,-0.574178,2.908321,-0.9278451,-4.69964,-0.5796007,-0.4007995,1.915003,-0.9929233,-0.03312872,0.1140449,-0.06290399,0.9612405,-0.2684395,-0.1007315,-0.2737136,-0.956522,static,-15.52452,27.32648,-16.83913,-11.82106
05/15/2023 12:31:23.128935,1268,True,True,True,True,Eyes,2.478734,-0.02263726,-2.952025,0.2393494,-0.4451776,-0.8628609,0.0,0.0,0.0,0.0,0.0,0.0,0.0,2.812968,-0.5705183,-2.573346,2.475904,-0.0178446,-2.954651,-0.02832531,0.9891262,-0.132376,-0.0574789,15.37464,186.324,357.5738,0.6716639,-0.0088677,-0.7408026,-0.05281637,0.03434164,-0.5397273,2.895534,-0.9197542,-4.716105,-0.5796005,-0.4007996,1.915002,-0.991788,-0.04081697,0.121207,-0.07125226,0.9633485,-0.2586169,-0.1062086,-0.2651293,-0.9583458,static,-15.50351,27.29066,-16.83912,-11.82106
05/15/2023 12:31:23.148439,1269,True,True,True,True,Eyes,2.478554,-0.02253596,-2.953301,0.2388993,-0.4448228,-0.8631684,0.0,0.0,0.0,0.0,0.0,0.0,0.0,2.833615,-0.5429475,-2.567815,2.474391,-0.01679827,-2.965626,-0.03206316,0.989001,-0.1308012,-0.06115578,15.22716,186.7002,357.1829,0.6687935,-0.008562267,-0.7433987,-0.04964739,0.03228115,-0.5073436,2.885384,-0.9094855,-4.73351,-0.5796003,-0.4007998,1.915002,-0.9904639,-0.04742249,0.129354,-0.07941948,0.963726,-0.2548033,-0.1125785,-0.2626467,-0.9583021,static,-15.4705,27.26374,-16.83912,-11.82107
05/15/2023 12:31:23.159386,1270,True,True,True,True,Eyes,2.478325,-0.02239507,-2.954945,0.2382145,-0.4445983,-0.8634733,0.0,0.0,0.0,0.0,0.0,0.0,0.0,2.854805,-0.532409,-2.557562,2.472736,-0.0162968,-2.976541,-0.03469247,0.9885846,-0.1314156,-0.06501529,15.32786,187.1134,356.9387,0.6662337,-0.008290934,-0.7456967,-0.04666855,0.03034428,-0.476903,2.875912,-0.8880201,-4.756484,-0.5796006,-0.4007996,1.915003,-0.9891391,-0.05150483,0.1376645,-0.08568094,0.9630527,-0.2553199,-0.119428,-0.264342,-0.9570061,static,-15.42308,27.24372,-16.83912,-11.82106
05/15/2023 12:31:23.178993,1271,True,True,True,True,Eyes,2.478025,-0.02226549,-2.956952,0.2369938,-0.4444141,-0.8639039,0.0,0.0,0.0,0.0,0.0,0.0,0.0,2.877561,-0.5320057,-2.542799,2.471279,-0.01553811,-2.986929,-0.03661184,0.9879887,-0.1332431,-0.06917024,15.56611,187.571,356.7918,0.6638994,-0.008042851,-0.7477783,-0.04386843,0.02852362,-0.4482888,2.864708,-0.8785421,-4.773625,-0.5796007,-0.4007997,1.915002,-0.9877505,-0.05391126,0.1464354,-0.09077708,0.9618117,-0.2582204,-0.1269222,-0.2683501,-0.9549239,static,-15.3405,27.22244,-16.83914,-11.82107
05/15/2023 12:31:23.189121,1272,True,True,True,True,Eyes,2.477674,-0.0221431,-2.959278,0.2354949,-0.4444752,-0.8642823,0.0,0.0,0.0,0.0,0.0,0.0,0.0,2.901041,-0.5355654,-2.526637,2.469813,-0.01560242,-2.997755,-0.03705665,0.9874756,-0.134547,-0.07359327,15.73438,188.085,356.8208,0.6617634,-0.007815952,-0.7496717,-0.04123633,0.0268122,-0.4213915,2.851678,-0.8786513,-4.786668,-0.5796007,-0.4007997,1.915002,-0.9864219,-0.05338157,0.1553148,-0.0929886,0.9610478,-0.2602696,-0.1353714,-0.2711781,-0.9529625,static,-15.24164,27.21544,-16.83913,-11.82106
05/15/2023 12:31:23.208779,1273,True,True,True,True,Eyes,2.477273,-0.02201596,-2.96192,0.2334909,-0.444826,-0.8646455,0.0,0.0,0.0,0.0,0.0,0.0,0.0,2.922983,-0.5550983,-2.507476,2.46829,-0.01560539,-3.007773,-0.03597486,0.986814,-0.1372791,-0.07783676,16.05371,188.6024,357.0397,0.6598021,-0.007608296,-0.7514005,-0.03876214,0.02520347,-0.396108,2.837106,-0.883676,-4.796989,-0.5796008,-0.4007996,1.915003,-0.9852947,-0.04963025,0.163498,-0.09237169,0.9597205,-0.2653376,-0.1437436,-0.2765383,-0.950192,static,-15.11184,27.22404,-16.83913,-11.82106
05/15/2023 12:31:23.228729,1274,True,True,True,True,Eyes,2.476813,-0.02189846,-2.964886,0.2311696,-0.4451968,-0.8650783,0.0,0.0,0.0,0.0,0.0,0.0,0.0,2.945446,-0.58269,-2.485342,2.466486,-0.01528776,-3.017997,-0.03462869,0.9859538,-0.1411846,-0.08223798,16.50497,189.1452,357.3061,0.657994,-0.007417812,-0.7529862,-0.03643642,0.02369126,-0.3723415,2.819577,-0.8891567,-4.808384,-0.5796005,-0.4007998,1.915002,-0.9840758,-0.0450631,0.1719438,-0.09150603,0.9577355,-0.2727073,-0.1523876,-0.2840985,-0.9466079,static,-14.96122,27.23179,-16.83913,-11.82107
05/15/2023 12:31:23.238984,1275,True,True,True,True,Eyes,2.476329,-0.02184202,-2.968126,0.2283289,-0.4456484,-0.8656,0.0,0.0,0.0,0.0,0.0,0.0,0.0,2.970876,-0.5841902,-2.465857,2.464651,-0.01539747,-3.028711,-0.03373767,0.9855853,-0.1409259,-0.08731129,16.47998,189.7624,357.496,0.6563194,-0.00724302,-0.7544479,-0.03425023,0.02226979,-0.350001,2.80112,-0.9010667,-4.815808,-0.5796003,-0.4007996,1.915002,-0.9824769,-0.04189387,0.1816144,-0.09111156,0.9580033,-0.2718977,-0.1625964,-0.2836804,-0.9450331,static,-14.77695,27.24137,-16.83912,-11.82106
05/15/2023 12:31:23.263894,1276,True,True,True,True,Eyes,2.475796,-0.02179125,-2.97162,0.2252754,-0.4464521,-0.8659859,0.0,0.0,0.0,0.0,0.0,0.0,0.0,2.996379,-0.5891712,-2.443958,2.462962,-0.0168108,-3.038399,-0.0327715,0.9850671,-0.1415165,-0.09242263,16.55073,190.386,357.7038,0.6547616,-0.007083906,-0.7558017,-0.03219521,0.0209336,-0.3290009,2.781709,-0.9170784,-4.821111,-0.5796006,-0.4007996,1.915003,-0.9807683,-0.0384056,0.1913604,-0.0907229,0.9577982,-0.2727488,-0.1728096,-0.2848641,-0.9428624,static,-14.58159,27.27301,-16.83912,-11.82106
05/15/2023 12:31:23.278787,1277,True,True,True,True,Eyes,2.475219,-0.02174075,-2.9754,0.2218352,-0.4472498,-0.8664622,0.0,0.0,0.0,0.0,0.0,0.0,0.0,3.019856,-0.6160709,-2.418572,2.461299,-0.01681831,-3.047997,-0.03229114,0.9839448,-0.146293,-0.09699655,17.10674,190.9428,357.8914,0.6533054,-0.006939026,-0.7570621,-0.0302635,0.01967758,-0.3092609,2.75924,-0.9183317,-4.834738,-0.5795999,-0.4007998,1.915001,-0.9790979,-0.03516559,0.2003264,-0.09192524,0.9551113,-0.2816242,-0.1814305,-0.2941527,-0.9383801,static,-14.36063,27.30185,-16.83912,-11.82107
05/15/2023 12:31:23.288877,1278,True,True,True,True,Eyes,2.474594,-0.02175771,-2.979412,0.2180894,-0.4479779,-0.8670368,0.0,0.0,0.0,0.0,0.0,0.0,0.0,3.047099,-0.6137105,-2.396211,2.459294,-0.01677656,-3.058573,-0.03244084,0.983373,-0.1464102,-0.1024176,17.13335,191.5863,357.9723,0.6519368,-0.006806958,-0.7582421,-0.02844769,0.01849693,-0.2907053,2.736847,-0.9239516,-4.845577,-0.5796002,-0.4007998,1.915002,-0.9769165,-0.03381293,0.2109287,-0.09379284,0.9550233,-0.2813067,-0.19193,-0.2945967,-0.9361495,static,-14.11894,27.32435,-16.83912,-11.82107
05/15/2023 12:31:23.308818,1279,True,True,True,True,Eyes,2.473954,-0.02181628,-2.983641,0.2140978,-0.4489827,-0.8675117,0.0,0.0,0.0,0.0,0.0,0.0,0.0,3.074238,-0.607281,-2.373511,2.457581,-0.01841982,-3.068101,-0.03151893,0.9830055,-0.1450718,-0.1079859,16.97893,192.2639,358.1644,0.6506436,-0.006688145,-0.7593531,-0.02674083,0.01738711,-0.2732629,2.718188,-0.9425477,-4.848231,-0.5796001,-0.4007998,1.915002,-0.9746912,-0.03063513,0.2214465,-0.09329797,0.9559214,-0.2784055,-0.2031565,-0.2920199,-0.9345863,static,-13.8633,27.36393,-16.83912,-11.82107
05/15/2023 12:31:23.328601,1280,True,True,True,True,Eyes,2.473254,-0.02187786,-2.988126,0.2099099,-0.4500028,-0.8680065,0.0,0.0,0.0,0.0,0.0,0.0,0.0,3.097698,-0.6333002,-2.346104,2.455722,-0.01943061,-3.077345,-0.03078958,0.9818026,-0.1496908,-0.1127313,17.5102,192.853,358.3951,0.649415,-0.006582256,-0.7604051,-0.02513638,0.01634389,-0.2568672,2.695561,-0.9441049,-4.860807,-0.5796007,-0.4007998,1.915002,-0.9726875,-0.02670889,0.2305777,-0.09420826,0.9532893,-0.2869917,-0.212142,-0.3008755,-0.9297688,static,-13.59482,27.40369,-16.83913,-11.82107
05/15/2023 12:31:23.338716,1281,True,True,True,True,Eyes,2.472494,-0.02197319,-2.992827,0.205578,-0.4506775,-0.868693,0.0,0.0,0.0,0.0,0.0,0.0,0.0,3.122271,-0.6318486,-2.325646,2.45368,-0.01955256,-3.08796,-0.03110958,0.9811519,-0.1501012,-0.1176554,17.56964,193.437,358.4537,0.6482412,-0.006488117,-0.7614068,-0.0236282,0.01536325,-0.2414551,2.670861,-0.9430154,-4.874601,-0.5796002,-0.4007999,1.915001,-0.9703791,-0.025726,0.2402148,-0.09636688,0.9530037,-0.2872238,-0.2215365,-0.3018646,-0.9272538,static,-13.31422,27.42026,-16.83913,-11.82108
05/15/2023 12:31:23.358897,1282,True,True,True,True,Eyes,2.471685,-0.02210752,-2.99773,0.2010641,-0.4513801,-0.8693844,0.0,0.0,0.0,0.0,0.0,0.0,0.0,3.149269,-0.6058647,-2.306927,2.451548,-0.0205218,-3.0978,-0.03247013,0.9808596,-0.1473259,-0.1231069,17.27791,194.0574,358.3543,0.6471131,-0.006405386,-0.7623665,-0.0222105,0.01444146,-0.2269678,2.650999,-0.9622053,-4.87647,-0.5796009,-0.4007997,1.915002,-0.9675808,-0.02742361,0.2510686,-0.09997096,0.9544816,-0.2810175,-0.2319338,-0.2970066,-0.9262796,static,-13.02196,27.43811,-16.83914,-11.82107
05/15/2023 12:31:23.378774,1283,True,True,True,True,Eyes,2.470855,-0.02227035,-3.002854,0.1965567,-0.4519615,-0.8701128,0.0,0.0,0.0,0.0,0.0,0.0,0.0,3.178234,-0.5923588,-2.281606,2.449653,-0.02158771,-3.107494,-0.03498531,0.9799175,-0.1481714,-0.1287748,17.42169,194.6933,358.1739,0.646023,-0.00633391,-0.7632911,-0.02087788,0.01357497,-0.2133498,2.630493,-0.9646765,-4.887763,-0.579601,-0.4007995,1.915002,-0.9643862,-0.03040394,0.2627451,-0.1067269,0.9536425,-0.281381,-0.2420098,-0.2994019,-0.9229246,static,-12.72935,27.44866,-16.83914,-11.82106
05/15/2023 12:31:23.388717,1284,True,True,True,True,Eyes,2.469977,-0.02248115,-3.008173,0.1917456,-0.4524767,-0.8709182,0.0,0.0,0.0,0.0,0.0,0.0,0.0,3.210739,-0.5691186,-2.253254,2.447443,-0.02253471,-3.117595,-0.03809114,0.978959,-0.1479712,-0.1352513,17.45876,195.4134,357.9242,0.6449642,-0.006273263,-0.7641864,-0.0196252,0.01276047,-0.2005488,2.608273,-0.9559511,-4.904515,-0.5796002,-0.4007998,1.915001,-0.9605125,-0.03455274,0.2760838,-0.1146059,0.9533072,-0.2794117,-0.2535382,-0.3000192,-0.9196235,static,-12.41643,27.45367,-16.83913,-11.82107
05/15/2023 12:31:23.409092,1285,True,True,True,True,Eyes,2.469012,-0.02275765,-3.013652,0.1868924,-0.453,-0.8717008,0.0,0.0,0.0,0.0,0.0,0.0,0.0,3.247143,-0.5421928,-2.219144,2.445505,-0.02392001,-3.127529,-0.04104733,0.9778999,-0.1472448,-0.1426396,17.43906,196.2449,357.7008,0.6439304,-0.006223567,-0.7650582,-0.01844769,0.01199484,-0.1885158,2.587938,-0.9595405,-4.914406,-0.5796003,-0.4007999,1.915002,-0.9559383,-0.03827447,0.2910625,-0.1222862,0.9532682,-0.2762713,-0.2668866,-0.2996912,-0.9159461,static,-12.101,27.45972,-16.83912,-11.82107
05/15/2023 12:31:23.428613,1286,True,True,True,True,Eyes,2.468,-0.02306506,-3.019325,0.1816738,-0.4536281,-0.8724771,0.0,0.0,0.0,0.0,0.0,0.0,0.0,3.284462,-0.5293992,-2.178261,2.443488,-0.02572089,-3.137113,-0.04352358,0.9763892,-0.1488727,-0.1503556,17.68619,197.1321,357.5803,0.6429156,-0.006185383,-0.7659115,-0.01734083,0.01127515,-0.1772049,2.564565,-0.9591306,-4.926706,-0.5796006,-0.4007998,1.915002,-0.9509979,-0.04022421,0.3065701,-0.1297596,0.9518852,-0.2776274,-0.2806522,-0.3038034,-0.9104604,static,-11.76248,27.47133,-16.83913,-11.82107
05/15/2023 12:31:23.439009,1287,True,True,True,True,Eyes,2.466905,-0.02340396,-3.025165,0.1761977,-0.4542002,-0.8733022,0.0,0.0,0.0,0.0,0.0,0.0,0.0,3.323036,-0.5190932,-2.134363,2.441481,-0.02674901,-3.147378,-0.04522547,0.9748356,-0.1501038,-0.1584903,17.87785,198.0843,357.5553,0.6419157,-0.006158352,-0.7667499,-0.01630038,0.01059864,-0.1665726,2.537491,-0.957715,-4.939538,-0.5796005,-0.4007998,1.915002,-0.9456708,-0.04059481,0.3225809,-0.1357548,0.950847,-0.2783175,-0.2954268,-0.3069887,-0.9046993,static,-11.40688,27.47872,-16.83913,-11.82107
05/15/2023 12:31:23.458928,1288,True,True,True,True,Eyes,2.465776,-0.02377299,-3.031169,0.1702898,-0.4547566,-0.874184,0.0,0.0,0.0,0.0,0.0,0.0,0.0,3.362672,-0.5003138,-2.088641,2.439237,-0.02780585,-3.157476,-0.04670803,0.9733916,-0.1496465,-0.167132,17.87504,199.0979,357.5364,0.6409254,-0.006142121,-0.767578,-0.01532236,0.009962725,-0.1565782,2.509245,-0.9657064,-4.947061,-0.5796007,-0.4007996,1.915002,-0.9397704,-0.04090898,0.3393492,-0.1409518,0.9508486,-0.2757164,-0.3113904,-0.306942,-0.8993455,static,-11.02309,27.48377,-16.83913,-11.82106
05/15/2023 12:31:23.478810,1289,True,True,True,True,Eyes,2.464608,-0.02418092,-3.037343,0.1639928,-0.4552979,-0.8751059,0.0,0.0,0.0,0.0,0.0,0.0,0.0,3.404315,-0.4776593,-2.038847,2.437443,-0.02890308,-3.167405,-0.04851248,0.971787,-0.148988,-0.1762927,17.8589,200.1694,357.4856,0.6399415,-0.006136349,-0.7683986,-0.01440302,0.009364962,-0.1471836,2.47826,-0.9722033,-4.955297,-0.5796,-0.4007999,1.915001,-0.933135,-0.04175663,0.3570935,-0.1468186,0.9508983,-0.2724644,-0.3281823,-0.306674,-0.8934472,static,-10.61399,27.48694,-16.83912,-11.82108
05/15/2023 12:31:23.488592,1290,True,True,True,True,Eyes,2.46341,-0.02462762,-3.043683,0.1572487,-0.4557968,-0.8760834,0.0,0.0,0.0,0.0,0.0,0.0,0.0,3.446361,-0.4544708,-1.986147,2.435354,-0.03027259,-3.177554,-0.0503039,0.9700214,-0.1483596,-0.185789,17.84939,201.2836,357.4431,0.6389607,-0.006140947,-0.7692143,-0.01353884,0.008803064,-0.1383525,2.444108,-0.9729893,-4.965904,-0.5796005,-0.4007998,1.915001,-0.9259043,-0.04246455,0.3753647,-0.1527189,0.9509178,-0.2691322,-0.3455124,-0.3065159,-0.8869441,static,-10.1757,27.48645,-16.83914,-11.82108
05/15/2023 12:31:23.508724,1291,True,True,True,True,Eyes,2.462188,-0.02509058,-3.050186,0.150194,-0.4563629,-0.8770261,0.0,0.0,0.0,0.0,0.0,0.0,0.0,3.48786,-0.4301157,-1.932834,2.4336,-0.03166105,-3.187883,-0.05168528,0.9682678,-0.1470841,-0.1953265,17.75964,202.4093,357.4343,0.63798,-0.006155832,-0.7700277,-0.01272651,0.00827488,-0.1300514,2.408663,-0.9731019,-4.976125,-0.5796006,-0.4007998,1.915002,-0.9183526,-0.04263158,0.3934608,-0.1575492,0.9513898,-0.2646425,-0.3630525,-0.3050245,-0.8804278,static,-9.717847,27.49034,-16.83913,-11.82107
05/15/2023 12:31:23.528719,1292,True,True,True,True,Eyes,2.430748,-0.03722878,-3.217202,-0.0391638,-0.4599023,-0.8871055,0.0,0.0,0.0,0.0,0.0,0.0,0.0,3.527013,-0.4099036,-1.879844,2.431602,-0.03254057,-3.19811,-0.05313584,0.9663709,-0.1465514,-0.2045159,17.75697,203.4967,357.427,0.6369977,-0.006180341,-0.7708404,-0.01196291,0.007778388,-0.1222483,2.371562,-0.9737661,-4.985746,-0.5796006,-0.4007996,1.915002,-0.9106999,-0.04275369,0.4108506,-0.162642,0.9513986,-0.2615117,-0.379702,-0.3049802,-0.8733921,static,2.527844,27.40359,-16.83913,-11.82106
05/15/2023 12:31:23.538754,1293,True,True,True,True,Eyes,2.430665,-0.03728228,-3.217618,-0.03973317,-0.4598646,-0.8870996,0.0,0.0,0.0,0.0,0.0,0.0,0.0,3.5666,-0.3797302,-1.82684,2.429655,-0.03359468,-3.20902,-0.05473397,0.9645579,-0.1443397,-0.2140058,17.57024,204.612,357.3661,0.6328402,-0.006542933,-0.7742543,-0.1055659,-0.0291029,-0.6159601,2.333777,-0.972391,-4.995885,-0.5796003,-0.4007999,1.915001,-0.9024118,-0.04380909,0.4286425,-0.1673672,0.9523405,-0.2550212,-0.3970414,-0.3018747,-0.8667355,static,2.564563,27.40182,-16.83913,-11.82108
05/15/2023 12:31:23.563637,1294,True,True,True,True,Eyes,2.430511,-0.0373765,-3.218445,-0.04095481,-0.4597964,-0.8870795,0.0,0.0,0.0,0.0,0.0,0.0,0.0,3.604204,-0.3517591,-1.773512,2.427693,-0.03497067,-3.219388,-0.05614511,0.9626628,-0.1423925,-0.2232767,17.41099,205.7067,357.3262,0.6293598,-0.006850152,-0.7770832,-0.09923196,-0.02735673,-0.5790024,2.2975,-0.9731185,-5.003972,-0.5796006,-0.4007998,1.915002,-0.8939903,-0.04451171,0.4458696,-0.1716835,0.9531442,-0.2490802,-0.413891,-0.2992238,-0.8597437,static,2.643362,27.39888,-16.83913,-11.82107
05/15/2023 12:31:23.578817,1295,True,True,True,True,Eyes,2.430285,-0.03750043,-3.219669,-0.04262151,-0.4597526,-0.8870236,0.0,0.0,0.0,0.0,0.0,0.0,0.0,3.64019,-0.3312891,-1.720234,2.425994,-0.03604984,-3.230045,-0.05710901,0.9606535,-0.1412687,-0.2322213,17.33418,206.7753,357.3513,0.6264352,-0.007112346,-0.7794405,-0.09327804,-0.02571533,-0.5442623,2.259439,-0.9679913,-5.015049,-0.5796008,-0.4007993,1.915003,-0.8856238,-0.04411275,0.4623039,-0.1753351,0.9535635,-0.2448966,-0.430033,-0.2979443,-0.852233,static,2.750948,27.39812,-16.83913,-11.82105
05/15/2023 12:31:23.588861,1296,True,True,True,True,Eyes,2.429986,-0.03765009,-3.221272,-0.04485726,-0.4596128,-0.8869859,0.0,0.0,0.0,0.0,0.0,0.0,0.0,3.673489,-0.3058744,-1.670746,2.424021,-0.03692774,-3.240713,-0.0582561,0.9587856,-0.1392439,-0.2407233,17.16098,207.7836,357.3203,0.6239641,-0.007337887,-0.781418,-0.08768136,-0.0241724,-0.5116066,2.222058,-0.9642057,-5.024393,-0.5795998,-0.4007999,1.915001,-0.8773173,-0.04467171,0.4778276,-0.1787487,0.9544347,-0.238963,-0.4453804,-0.2950573,-0.8453272,static,2.895135,27.39201,-16.83912,-11.82108
05/15/2023 12:31:23.609144,1297,True,True,True,True,Eyes,2.429614,-0.03780233,-3.22322,-0.04727225,-0.4597476,-0.8867906,0.0,0.0,0.0,0.0,0.0,0.0,0.0,3.706583,-0.2755226,-1.620183,2.422118,-0.03772211,-3.251397,-0.06020352,0.9567516,-0.1372587,-0.2493232,17.01759,208.7927,357.1973,0.6218085,-0.007537422,-0.7831325,-0.08242048,-0.02272206,-0.4809102,2.186062,-0.9632338,-5.03187,-0.5796008,-0.4007994,1.915003,-0.8684271,-0.04675607,0.4936077,-0.1836432,0.9550712,-0.2326247,-0.4605539,-0.2926652,-0.8379961,static,3.051385,27.40403,-16.83913,-11.82105
05/15/2023 12:31:23.629147,1298,True,True,True,True,Eyes,2.429156,-0.03792173,-3.225521,-0.05022662,-0.4599737,-0.8865108,0.0,0.0,0.0,0.0,0.0,0.0,0.0,3.738192,-0.2593716,-1.566674,2.420024,-0.03791177,-3.261573,-0.06278834,0.9541579,-0.1388329,-0.257616,17.29475,209.7774,357.101,0.619836,-0.007720403,-0.7846929,-0.07747525,-0.02135874,-0.4520556,2.151253,-0.9586085,-5.040689,-0.5796008,-0.4007997,1.915003,-0.8593835,-0.0482888,0.5090469,-0.1913511,0.9535661,-0.2325864,-0.4741786,-0.2972875,-0.8287191,static,3.242712,27.42293,-16.83913,-11.82106
05/15/2023 12:31:23.639242,1299,True,True,True,True,Eyes,2.42864,-0.03797282,-3.228144,-0.05368834,-0.4604922,-0.8860387,0.0,0.0,0.0,0.0,0.0,0.0,0.0,3.771725,-0.2393119,-1.50719,2.417687,-0.03722844,-3.272338,-0.06520762,0.9513808,-0.1394891,-0.2667686,17.46992,210.8686,357.0162,0.6180233,-0.007887638,-0.7861196,-0.07282674,-0.02007721,-0.4249322,2.117101,-0.953869,-5.04902,-0.5796005,-0.4007998,1.915002,-0.8491653,-0.04965193,0.5257885,-0.1984972,0.9525815,-0.2306238,-0.4894055,-0.3002052,-0.8187549,static,3.467522,27.46181,-16.83912,-11.82107
05/15/2023 12:31:23.658908,1300,True,True,True,True,Eyes,2.42805,-0.0379492,-3.231072,-0.05766783,-0.4611245,-0.8854595,0.0,0.0,0.0,0.0,0.0,0.0,0.0,3.804542,-0.2236556,-1.444134,2.415435,-0.03563493,-3.282451,-0.06738068,0.9483999,-0.1406972,-0.276047,17.70251,211.9871,356.9836,0.6163502,-0.008038983,-0.7874305,-0.06845713,-0.01887258,-0.3994363,2.086764,-0.9614188,-5.050394,-0.5796006,-0.4007998,1.915002,-0.8385161,-0.05012957,0.5425664,-0.2054857,0.9513283,-0.229674,-0.5046453,-0.3040749,-0.8080049,static,3.726273,27.50934,-16.83913,-11.82107
05/15/2023 12:31:23.679052,1301,True,True,True,True,Eyes,2.427387,-0.03784416,-3.234294,-0.06253953,-0.461704,-0.8848267,0.0,0.0,0.0,0.0,0.0,0.0,0.0,3.836653,-0.2079369,-1.379623,2.413238,-0.03379454,-3.292665,-0.06934194,0.9453371,-0.1416645,-0.285413,17.90403,213.123,356.9737,0.6147987,-0.008174107,-0.7886411,-0.0643497,-0.01774023,-0.3754701,2.052209,-0.965138,-5.052567,-0.5796006,-0.4007997,1.915002,-0.8274623,-0.05023725,0.5592695,-0.2119688,0.9502457,-0.2282591,-0.5199764,-0.3074235,-0.7969412,static,4.042942,27.55563,-16.83913,-11.82107
05/15/2023 12:31:23.689027,1302,True,True,True,True,Eyes,2.426639,-0.0376452,-3.237788,-0.06790506,-0.4621705,-0.8841874,0.0,0.0,0.0,0.0,0.0,0.0,0.0,3.866836,-0.1874226,-1.316647,2.410749,-0.0317678,-3.302784,-0.06996675,0.942687,-0.1398116,-0.294786,17.749,214.2647,357.0217,0.6133523,-0.008292589,-0.7897654,-0.06048872,-0.01667581,-0.3529419,2.017401,-0.970176,-5.0522,-0.579601,-0.4007996,1.915003,-0.8164119,-0.04948443,0.5753463,-0.2143425,0.9511148,-0.2223468,-0.5362176,-0.3048476,-0.787108,static,4.391661,27.59636,-16.83914,-11.82106
05/15/2023 12:31:23.708658,1303,True,True,True,True,Eyes,2.425783,-0.03738331,-3.241545,-0.07410736,-0.4623224,-0.8836097,0.0,0.0,0.0,0.0,0.0,0.0,0.0,3.893741,-0.1674548,-1.25878,2.408028,-0.02909373,-3.312755,-0.07039247,0.9402508,-0.1374598,-0.3034437,17.53052,215.3187,357.0574,0.6119958,-0.008393774,-0.7908159,-0.0568594,-0.01567526,-0.3317654,1.982036,-0.9742517,-5.051476,-0.5796003,-0.4007997,1.915001,-0.8059335,-0.04895055,0.5899786,-0.2157958,0.9522994,-0.2157731,-0.551274,-0.3012136,-0.7780534,static,4.794114,27.61947,-16.83913,-11.82107
05/15/2023 12:31:23.728675,1304,True,True,True,True,Eyes,2.424872,-0.03709323,-3.245523,-0.08081255,-0.4622873,-0.8830401,0.0,0.0,0.0,0.0,0.0,0.0,0.0,3.919955,-0.1331203,-1.201093,2.404926,-0.02737981,-3.322945,-0.07096802,0.9379675,-0.132494,-0.3124517,17.03155,216.3955,356.9823,0.6107159,-0.008477795,-0.791804,-0.05344783,-0.01473475,-0.3118595,1.942992,-0.9680771,-5.054451,-0.5796005,-0.4007998,1.915002,-0.7946751,-0.05033542,0.6049446,-0.2159273,0.9548177,-0.204202,-0.5673333,-0.2928983,-0.7696387,static,5.228931,27.63286,-16.83913,-11.82107
05/15/2023 12:31:23.739050,1305,True,True,True,True,Eyes,2.423891,-0.03681346,-3.249695,-0.08800028,-0.4624976,-0.8822426,0.0,0.0,0.0,0.0,0.0,0.0,0.0,3.946211,-0.106063,-1.137964,2.403015,-0.02670173,-3.332205,-0.07103987,0.9353794,-0.1286827,-0.3216513,16.64461,217.5147,357.0016,0.609502,-0.008545632,-0.7927381,-0.05024096,-0.01385066,-0.2931479,1.905948,-0.959228,-5.058197,-0.5796,-0.4008,1.915001,-0.782988,-0.05011655,0.6200151,-0.2156804,0.9567882,-0.1950342,-0.5834488,-0.2864345,-0.7599627,static,5.696191,27.66486,-16.83912,-11.82108
05/15/2023 12:31:23.763817,1306,True,True,True,True,Eyes,2.422856,-0.03654823,-3.254023,-0.0954226,-0.4630087,-0.8812022,0.0,0.0,0.0,0.0,0.0,0.0,0.0,3.968932,-0.1086679,-1.076428,2.400223,-0.02664566,-3.34083,-0.07048206,0.9323692,-0.1301879,-0.329805,16.81347,218.557,357.2722,0.6083441,-0.00859915,-0.7936265,-0.0472265,-0.01301962,-0.275559,1.865619,-0.9417969,-5.065587,-0.5796003,-0.4007998,1.915002,-0.772522,-0.04555737,0.6333519,-0.2173038,0.9561668,-0.1962756,-0.5966483,-0.2892569,-0.7485597,static,6.180297,27.71871,-16.83913,-11.82107
05/15/2023 12:31:23.778660,1307,True,True,True,True,Eyes,2.421748,-0.03623142,-3.258495,-0.1029368,-0.4639183,-0.8798772,0.0,0.0,0.0,0.0,0.0,0.0,0.0,3.989156,-0.1228006,-1.018975,2.398056,-0.02665101,-3.348936,-0.06961063,0.9293718,-0.1335911,-0.3370101,17.17136,219.5071,357.6398,0.6072338,-0.008640149,-0.794476,-0.04439291,-0.01223844,-0.2590255,1.825974,-0.9296572,-5.068727,-0.5796012,-0.4007995,1.915003,-0.7631572,-0.03934524,0.6450141,-0.2194314,0.9546156,-0.2013926,-0.6078166,-0.2952305,-0.7371553,static,6.6727,27.8006,-16.83914,-11.82105
05/15/2023 12:31:23.789104,1308,True,True,True,True,Eyes,2.420543,-0.03584021,-3.263119,-0.11054,-0.4648349,-0.8784699,0.0,0.0,0.0,0.0,0.0,0.0,0.0,4.004855,-0.1313239,-0.9737172,2.395028,-0.02501088,-3.356701,-0.07083564,0.9265308,-0.1381365,-0.3426974,17.72964,220.2526,357.7988,0.6061634,-0.008668599,-0.7952926,-0.04172934,-0.01150414,-0.2434839,1.79249,-0.9373996,-5.062746,-0.5796003,-0.4007997,1.915002,-0.7550819,-0.03658476,0.6546092,-0.2259408,0.9518012,-0.2074251,-0.6154693,-0.3045258,-0.7269539,static,7.17197,27.88518,-16.83912,-11.82107
05/15/2023 12:31:23.808502,1309,True,True,True,True,Eyes,2.419241,-0.03538518,-3.267914,-0.1185377,-0.4653695,-0.8771431,0.0,0.0,0.0,0.0,0.0,0.0,0.0,4.020721,-0.1041971,-0.9308243,2.391604,-0.02284056,-3.364994,-0.07425025,0.9239147,-0.138155,-0.3489727,17.88512,220.9977,357.5443,0.6051267,-0.008683906,-0.7960815,-0.03922558,-0.01081389,-0.2288749,1.764361,-0.951823,-5.053722,-0.5796002,-0.4007998,1.915002,-0.7454103,-0.04077717,0.665358,-0.2336264,0.9508002,-0.2034642,-0.6243258,-0.3071095,-0.7182627,static,7.696366,27.94825,-16.83912,-11.82107
05/15/2023 12:31:23.828410,1310,True,True,True,True,Eyes,2.417833,-0.03490331,-3.272834,-0.1267356,-0.4656317,-0.8758569,0.0,0.0,0.0,0.0,0.0,0.0,0.0,4.03566,-0.05042303,-0.8889117,2.387467,-0.02100153,-3.373249,-0.07767409,0.921805,-0.1325032,-0.3559289,17.4322,221.775,357.0634,0.6041163,-0.008685824,-0.7968485,-0.03687204,-0.01016506,-0.2151424,1.744606,-0.9684553,-5.045095,-0.5796008,-0.4007995,1.915002,-0.7345629,-0.04887729,0.6767781,-0.2375241,0.9528193,-0.1889913,-0.6356099,-0.2995771,-0.7115152,static,8.233497,27.99644,-16.83913,-11.82106
05/15/2023 12:31:23.838741,1311,True,True,True,True,Eyes,2.379589,-0.02321474,-3.398757,-0.3346649,-0.4572382,-0.8239737,0.0,0.0,0.0,0.0,0.0,0.0,0.0,4.050004,-0.00216949,-0.8437371,2.383671,-0.01996067,-3.381147,-0.08098486,0.9193928,-0.12814,-0.3629581,17.12217,222.5814,356.647,0.6031265,-0.008675042,-0.797598,-0.03465972,-0.009555152,-0.2022339,1.721697,-0.9684016,-5.044562,-0.5796006,-0.4007996,1.915002,-0.7234055,-0.05589487,0.6881568,-0.2419326,0.9540431,-0.1768337,-0.6466473,-0.2944101,-0.703683,static,22.10501,29.0267,-16.83913,-11.82106
05/15/2023 12:31:23.863945,1312,True,True,True,True,Eyes,2.379433,-0.02321739,-3.399034,-0.3351391,-0.4572613,-0.823768,0.0,0.0,0.0,0.0,0.0,0.0,0.0,4.063447,0.03507757,-0.7959762,2.379333,-0.01990364,-3.38892,-0.08328462,0.9168066,-0.1248951,-0.3700416,16.89668,223.4233,356.3881,0.5996744,-0.008325925,-0.8002005,-0.1473114,0.02608387,-0.5678679,1.691225,-0.9482526,-5.052315,-0.5796001,-0.4007998,1.915002,-0.7122661,-0.06027905,0.6993167,-0.2451445,0.9549298,-0.1673717,-0.6577094,-0.2906468,-0.6949413,static,22.1383,29.034,-16.83912,-11.82107
05/15/2023 12:31:23.878811,1313,True,True,True,True,Eyes,2.379107,-0.02322279,-3.399566,-0.3360797,-0.4575847,-0.8232052,0.0,0.0,0.0,0.0,0.0,0.0,0.0,4.076345,0.0582056,-0.7447739,2.375466,-0.0198103,-3.395794,-0.08535643,0.9138286,-0.124528,-0.3769941,16.97487,224.2807,356.2767,0.5967917,-0.008030439,-0.8023556,-0.1384728,0.02451884,-0.5337958,1.661593,-0.9337401,-5.056682,-0.5796007,-0.4007999,1.915002,-0.7011798,-0.06210961,0.7102745,-0.2498949,0.9544141,-0.1632368,-0.6677575,-0.2919523,-0.6847367,static,22.20811,29.06782,-16.83914,-11.82108
05/15/2023 12:31:23.888793,1314,True,True,True,True,Eyes,2.378611,-0.02319631,-3.400336,-0.3374219,-0.4581212,-0.8223572,0.0,0.0,0.0,0.0,0.0,0.0,0.0,4.088812,0.06991512,-0.6912031,2.371296,-0.01981084,-3.402587,-0.087715,0.9103629,-0.1272745,-0.3838578,17.40188,225.1555,356.275,0.5943735,-0.007779716,-0.8041512,-0.1301644,0.02304771,-0.5017681,1.630902,-0.9242906,-5.057975,-0.5796007,-0.4007997,1.915002,-0.6899185,-0.06199428,0.7212275,-0.2574156,0.9522145,-0.1643918,-0.6765719,-0.2990722,-0.6729087,static,22.30886,29.12144,-16.83913,-11.82106
05/15/2023 12:31:23.908975,1315,True,True,True,True,Eyes,2.377957,-0.02317472,-3.401314,-0.339374,-0.4587292,-0.8212143,0.0,0.0,0.0,0.0,0.0,0.0,0.0,4.100858,0.08398014,-0.6332126,2.366963,-0.01913643,-3.409129,-0.09006855,0.9066762,-0.1295672,-0.3912011,17.78348,226.0934,356.2696,0.5922735,-0.00756095,-0.8057013,-0.1223545,0.02166485,-0.471662,1.603272,-0.9254297,-5.053316,-0.5796006,-0.4007998,1.915002,-0.6776989,-0.06195235,0.7327252,-0.2646996,0.9502,-0.1644812,-0.6860456,-0.3054208,-0.6603483,static,22.45329,29.18767,-16.83913,-11.82107
05/15/2023 12:31:23.928656,1316,True,True,True,True,Eyes,2.377157,-0.02313551,-3.402482,-0.3415784,-0.4597264,-0.8197414,0.0,0.0,0.0,0.0,0.0,0.0,0.0,4.11171,0.1001089,-0.574976,2.362769,-0.01918168,-3.41522,-0.09259582,0.9028882,-0.1319337,-0.3985127,18.18246,227.0315,356.2551,0.5903587,-0.007363452,-0.8071071,-0.1150133,0.02036496,-0.4433622,1.578709,-0.9382499,-5.043344,-0.5796003,-0.4007998,1.915001,-0.6652274,-0.06205282,0.7440578,-0.2723619,0.948039,-0.1644416,-0.6951917,-0.3120441,-0.6475622,static,22.62103,29.28453,-16.83913,-11.82107
05/15/2023 12:31:23.939236,1317,True,True,True,True,Eyes,2.376208,-0.0230777,-3.403844,-0.3442754,-0.4607416,-0.8180414,0.0,0.0,0.0,0.0,0.0,0.0,0.0,4.121283,0.1151164,-0.5177965,2.358578,-0.01863891,-3.420978,-0.09645798,0.8986772,-0.136675,-0.405457,18.89728,227.9361,356.21,0.5886065,-0.007184641,-0.8083873,-0.1081125,0.01914306,-0.4167605,1.55207,-0.9489501,-5.032461,-0.5796002,-0.4007998,1.915002,-0.6526014,-0.06253747,0.7551166,-0.2842008,0.9440316,-0.1674343,-0.702383,-0.3238726,-0.6338495,static,22.82395,29.38931,-16.83912,-11.82107
05/15/2023 12:31:23.959018,1318,True,True,True,True,Eyes,2.375108,-0.02299841,-3.405377,-0.3473382,-0.4618001,-0.8161476,0.0,0.0,0.0,0.0,0.0,0.0,0.0,4.129478,0.1380367,-0.4622736,2.354039,-0.01811406,-3.42688,-0.1006609,0.8945038,-0.1402272,-0.4123917,19.50511,228.8282,356.0809,0.5869968,-0.007022215,-0.8095584,-0.1016257,0.01799447,-0.3917549,1.526205,-0.9607544,-5.020651,-0.5796005,-0.4007998,1.915001,-0.6396012,-0.06442597,0.7660027,-0.2957402,0.9404074,-0.1678442,-0.7095411,-0.333891,-0.6205391,static,23.05376,29.50245,-16.83913,-11.82107
05/15/2023 12:31:23.978529,1319,True,True,True,True,Eyes,2.373844,-0.02289164,-3.407049,-0.3509628,-0.4625622,-0.8141629,0.0,0.0,0.0,0.0,0.0,0.0,0.0,4.136578,0.1664413,-0.4043527,2.349481,-0.01751444,-3.432507,-0.103399,0.8907244,-0.1402187,-0.4198305,19.67062,229.7704,355.9525,0.5855116,-0.006874048,-0.8106345,-0.09552818,0.01691481,-0.3682496,1.505669,-0.9809763,-5.005359,-0.5796012,-0.4007995,1.915003,-0.6261023,-0.06646389,0.7769034,-0.3019362,0.9392947,-0.1629723,-0.7189096,-0.3366125,-0.6081625,static,23.31952,29.60284,-16.83914,-11.82106
05/15/2023 12:31:23.989128,1320,True,True,True,True,Eyes,2.372401,-0.02276273,-3.408893,-0.3550557,-0.4631186,-0.8120693,0.0,0.0,0.0,0.0,0.0,0.0,0.0,4.142591,0.1917359,-0.3479967,2.344843,-0.01673055,-3.438076,-0.1057494,0.8870293,-0.1402001,-0.4270128,19.81815,230.689,355.8629,0.5841343,-0.006738022,-0.8116288,-0.08979648,0.01589992,-0.3461546,1.484512,-0.9970896,-4.991917,-0.5796002,-0.4007997,1.915003,-0.6129541,-0.06787121,0.7871979,-0.3073401,0.9383221,-0.1584104,-0.7278935,-0.3390358,-0.5960079,static,23.61607,29.69587,-16.83912,-11.82106
05/15/2023 12:31:24.008979,1321,True,True,True,True,Eyes,2.370809,-0.02263193,-3.410887,-0.3598157,-0.4630854,-0.8099905,0.0,0.0,0.0,0.0,0.0,0.0,0.0,4.147565,0.2182739,-0.2898607,2.339309,-0.01611446,-3.444028,-0.1061641,0.8838137,-0.1365873,-0.4346796,19.49535,231.6575,355.8076,0.5828493,-0.006612372,-0.812553,-0.08440869,0.01494592,-0.3253853,1.456673,-1.000075,-4.982113,-0.5796002,-0.4007997,1.915002,-0.5995657,-0.06891511,0.7973529,-0.306402,0.9401462,-0.1491408,-0.7393503,-0.3337302,-0.5847951,static,23.95185,29.75734,-16.83912,-11.82107
05/15/2023 12:31:24.028668,1322,True,True,True,True,Eyes,2.369062,-0.02250889,-3.413013,-0.364888,-0.4630272,-0.8077515,0.0,0.0,0.0,0.0,0.0,0.0,0.0,4.15172,0.2378092,-0.2335334,2.334217,-0.01604405,-3.449498,-0.1053614,0.8809095,-0.1325028,-0.4419733,19.06132,232.5899,355.8438,0.5816438,-0.006496046,-0.8134173,-0.07934417,0.01404917,-0.3058622,1.429376,-1.002726,-4.972201,-0.5796001,-0.4008,1.915001,-0.5871172,-0.06850224,0.8065984,-0.3027532,0.9426839,-0.1403122,-0.7507557,-0.3265799,-0.5742053,static,24.31026,29.82262,-16.83912,-11.82108
05/15/2023 12:31:24.039033,1323,True,True,True,True,Eyes,2.367154,-0.02240384,-3.415274,-0.3702931,-0.4627493,-0.8054478,0.0,0.0,0.0,0.0,0.0,0.0,0.0,4.154956,0.2520933,-0.1808052,2.328884,-0.01611319,-3.454842,-0.1054802,0.8777254,-0.1311434,-0.4486354,18.9571,233.4627,355.9076,0.5805057,-0.006388282,-0.8142306,-0.07458352,0.01320622,-0.2875105,1.393767,-0.9920754,-4.966282,-0.5796003,-0.4007997,1.915002,-0.5752009,-0.06749421,0.8152233,-0.3028364,0.9433507,-0.1355714,-0.7598912,-0.3248601,-0.5630558,static,24.68993,29.87841,-16.83913,-11.82107
05/15/2023 12:31:24.058991,1324,True,True,True,True,Eyes,2.365075,-0.0223171,-3.417646,-0.3759364,-0.4625343,-0.8029532,0.0,0.0,0.0,0.0,0.0,0.0,0.0,4.157164,0.2674007,-0.1282563,2.323164,-0.01649149,-3.460145,-0.1058704,0.8744128,-0.1300513,-0.4552804,18.89522,234.336,355.9556,0.5794244,-0.006288655,-0.8150011,-0.0701085,0.01241384,-0.2702599,1.358155,-0.9795685,-4.96037,-0.5796007,-0.4007997,1.915002,-0.5630224,-0.06672919,0.8237432,-0.3035684,0.9437562,-0.1310357,-0.7686689,-0.3238385,-0.5516127,static,25.08862,29.94372,-16.83913,-11.82107
05/15/2023 12:31:24.078671,1325,True,True,True,True,Eyes,2.362848,-0.02224844,-3.420149,-0.3814755,-0.4624529,-0.8003834,0.0,0.0,0.0,0.0,0.0,0.0,0.0,4.158135,0.2850785,-0.07581997,2.317096,-0.01683693,-3.46524,-0.10699,0.8708581,-0.1296743,-0.4618916,18.94688,235.2082,355.9649,0.5783904,-0.006196797,-0.815736,-0.06590199,0.01166901,-0.2540443,1.328454,-0.9771957,-4.951262,-0.579601,-0.4007997,1.915003,-0.5504187,-0.06655529,0.8322318,-0.3061371,0.9434755,-0.1270202,-0.7767364,-0.3246913,-0.5396816,static,25.48321,30.01886,-16.83914,-11.82106
05/15/2023 12:31:24.088939,1326,True,True,True,True,Eyes,2.36044,-0.0221991,-3.422752,-0.3872342,-0.4624067,-0.7976401,0.0,0.0,0.0,0.0,0.0,0.0,0.0,4.158751,0.2971236,-0.02545404,2.311049,-0.01726019,-3.470288,-0.107879,0.8673262,-0.1302221,-0.4681341,19.08035,236.0502,356.0434,0.5773952,-0.006112386,-0.8164413,-0.06194787,0.01096887,-0.2388016,1.29916,-0.9762238,-4.941407,-0.5796001,-0.4007998,1.915001,-0.5384251,-0.06520977,0.8401465,-0.3090554,0.9428087,-0.1248864,-0.7839535,-0.3268938,-0.5277853,static,25.89541,30.10167,-16.83912,-11.82107
05/15/2023 12:31:24.109049,1327,True,True,True,True,Eyes,2.357864,-0.02219843,-3.425447,-0.392882,-0.4623757,-0.7948914,0.0,0.0,0.0,0.0,0.0,0.0,0.0,4.158674,0.3057222,0.02315092,2.304415,-0.01766284,-3.475331,-0.1078298,0.864085,-0.1297749,-0.4742242,19.05914,236.8729,356.1622,0.5764308,-0.006035126,-0.817123,-0.058231,0.01031074,-0.2244735,1.271367,-0.9781905,-4.930183,-0.5796006,-0.4007997,1.915001,-0.5269685,-0.06326354,0.8475271,-0.309433,0.9430624,-0.122002,-0.7915527,-0.326544,-0.5165401,static,26.30128,30.18588,-16.83914,-11.82107
05/15/2023 12:31:24.128653,1328,True,True,True,True,Eyes,2.35512,-0.02223551,-3.428216,-0.3985902,-0.4624861,-0.79198,0.0,0.0,0.0,0.0,0.0,0.0,0.0,4.158035,0.3141402,0.06760883,2.297923,-0.01886389,-3.480187,-0.1077344,0.8610542,-0.1293098,-0.4798521,19.03093,237.6357,356.2741,0.5754903,-0.005965467,-0.8177862,-0.05473714,0.009692096,-0.2110051,1.245718,-0.9833442,-4.917892,-0.5796005,-0.4007998,1.915002,-0.5162706,-0.06143111,0.8542195,-0.3096294,0.9433446,-0.1192923,-0.7984951,-0.3260786,-0.5060419,static,26.71534,30.2833,-16.83913,-11.82107
05/15/2023 12:31:24.145251,1329,True,True,True,True,Eyes,2.352174,-0.02230863,-3.431027,-0.4041193,-0.4626249,-0.7890917,0.0,0.0,0.0,0.0,0.0,0.0,0.0,4.156806,0.3219693,0.1047502,2.291253,-0.0197728,-3.484744,-0.1086329,0.8580945,-0.1305204,-0.4846,19.22536,238.2937,356.3607,0.5745679,-0.005903573,-0.8184349,-0.05145292,0.00911057,-0.1983448,1.218042,-0.9843067,-4.906835,-0.5796006,-0.4007996,1.915003,-0.5067233,-0.05993418,0.8600229,-0.312935,0.9423267,-0.1187107,-0.8033077,-0.3292847,-0.4962545,static,27.11845,30.38204,-16.83913,-11.82106
05/15/2023 12:31:24.164253,1330,True,True,True,True,Eyes,2.349033,-0.02241844,-3.433905,-0.4097581,-0.4626285,-0.7861763,0.0,0.0,0.0,0.0,0.0,0.0,0.0,4.155098,0.3323461,0.135294,2.28404,-0.0206621,-3.48946,-0.1091982,0.8556863,-0.1301184,-0.4888209,19.23465,238.8612,356.3766,0.5736575,-0.005849512,-0.8190737,-0.04836574,0.008563936,-0.1864441,1.192134,-0.9857917,-4.896551,-0.5796,-0.4007998,1.915001,-0.4982596,-0.05966966,0.8649721,-0.314088,0.9422899,-0.1159243,-0.8081374,-0.3294377,-0.4882466,static,27.5287,30.47485,-16.83912,-11.82107
05/15/2023 12:31:24.178751,1331,True,True,True,True,Eyes,2.345712,-0.02260751,-3.436834,-0.4153117,-0.4625556,-0.7832997,0.0,0.0,0.0,0.0,0.0,0.0,0.0,4.152358,0.347986,0.1633682,2.27633,-0.02168567,-3.493955,-0.1094912,0.8536252,-0.1277091,-0.4929767,19.02524,239.3934,356.2996,0.5727549,-0.005803443,-0.8197054,-0.0454638,0.0080501,-0.1752575,1.172039,-0.9933,-4.885962,-0.5796006,-0.4007997,1.915002,-0.4899711,-0.06101359,0.8696007,-0.3128441,0.9434041,-0.1100783,-0.8136685,-0.3259846,-0.4813285,static,27.93289,30.56277,-16.83913,-11.82107
05/15/2023 12:31:24.189034,1332,True,True,True,True,Eyes,2.342207,-0.02287315,-3.439798,-0.4208636,-0.4625704,-0.7803221,0.0,0.0,0.0,0.0,0.0,0.0,0.0,4.149337,0.362755,0.1908779,2.268787,-0.02381134,-3.498152,0.1098985,-0.8514852,0.1260061,0.4970087,18.89445,239.9195,356.2486,0.5718552,-0.00576645,-0.8203335,-0.04273597,0.007567094,-0.164742,1.151133,-0.9946208,-4.879329,-0.5796002,-0.4007998,1.915001,-0.481809,-0.06190164,0.8740869,-0.3124062,0.9440895,-0.1053437,-0.8186952,-0.3238258,-0.4742094,static,28.34003,30.65922,-16.83913,-11.82108
05/15/2023 12:31:24.208717,1333,True,True,True,True,Eyes,2.338523,-0.02318372,-3.442812,-0.4262665,-0.4627009,-0.777306,0.0,0.0,0.0,0.0,0.0,0.0,0.0,4.146423,0.3696757,0.2165594,2.260944,-0.0258939,-3.501975,0.1105112,-0.8491763,0.1266673,0.5006421,19.01276,240.4258,356.3094,0.5709547,-0.005739465,-0.8209608,-0.04017181,0.007113068,-0.1548575,1.127528,-0.9886993,-4.875602,-0.5796008,-0.4007996,1.915001,-0.4742899,-0.06085707,0.8782632,-0.314517,0.9434854,-0.1044725,-0.8222706,-0.3257788,-0.4666261,static,28.7399,30.76374,-16.83914,-11.82107
05/15/2023 12:31:24.228702,1334,True,True,True,True,Eyes,2.334625,-0.02353077,-3.445858,-0.4317521,-0.4627903,-0.7742192,0.0,0.0,0.0,0.0,0.0,0.0,0.0,4.143212,0.3762076,0.2424269,2.252816,-0.02744363,-3.505792,0.1113426,-0.8467534,0.1277312,0.504278,19.18436,240.9382,356.3737,0.5700501,-0.005722588,-0.8215893,-0.0377615,0.006686284,-0.145566,1.105453,-0.9864508,-4.870664,-0.5796,-0.4007998,1.915001,-0.4666133,-0.05973544,0.8824421,-0.3173835,0.9425751,-0.1040184,-0.8255544,-0.3286089,-0.4587771,static,29.14672,30.86892,-16.83912,-11.82108
05/15/2023 12:31:24.238895,1335,True,True,True,True,Eyes,2.330539,-0.02393515,-3.448918,-0.4372768,-0.4628743,-0.7710619,0.0,0.0,0.0,0.0,0.0,0.0,0.0,4.13904,0.3848341,0.2706733,2.243876,-0.02867316,-3.50959,0.1113985,-0.8444719,0.1266717,0.5083421,19.09883,241.4868,356.3984,0.5691376,-0.005715688,-0.8222217,-0.03549581,0.006285107,-0.1368321,1.087252,-0.9926367,-4.862734,-0.5796009,-0.4007996,1.915003,-0.4583571,-0.05936065,0.8867834,-0.3169309,0.9430894,-0.1006843,-0.8303393,-0.3271985,-0.4510848,static,29.558,30.97671,-16.83913,-11.82106
05/15/2023 12:31:24.259072,1336,True,True,True,True,Eyes,2.326226,-0.02437454,-3.451988,-0.4428401,-0.4629618,-0.7678275,0.0,0.0,0.0,0.0,0.0,0.0,0.0,4.134925,0.3915718,0.2978439,2.235377,-0.03034602,-3.513092,0.1112406,-0.8422851,0.1257697,0.5122141,19.01563,242.0148,356.4494,0.5682155,-0.005719157,-0.8228591,-0.03336606,0.005908,-0.1286221,1.069534,-0.9998915,-4.854124,-0.5796001,-0.4007998,1.915002,-0.4505244,-0.05855049,0.8908421,-0.3162346,0.943615,-0.09790996,-0.8348793,-0.325826,-0.4436374,static,29.97395,31.08789,-16.83912,-11.82107
05/15/2023 12:31:24.278931,1337,True,True,True,True,Eyes,2.321717,-0.02485718,-3.455095,-0.4488619,-0.4631768,-0.7641925,0.0,0.0,0.0,0.0,0.0,0.0,0.0,4.129963,0.3985285,0.3236036,2.225691,-0.03162278,-3.516452,0.1114628,-0.84,0.1253484,0.5160077,19.00294,242.5366,356.4894,0.5672802,-0.005732813,-0.8235041,-0.0313641,0.00555352,-0.1209048,1.046464,-0.9988433,-4.847044,-0.5796005,-0.4007998,1.915001,-0.4426245,-0.05789612,0.8948362,-0.316619,0.9437277,-0.09555392,-0.8389496,-0.3256166,-0.436048,static,30.42859,31.22004,-16.83914,-11.82108
05/15/2023 12:31:24.288975,1338,True,True,True,True,Eyes,2.316991,-0.02538115,-3.458202,-0.4549036,-0.4633693,-0.7604944,0.0,0.0,0.0,0.0,0.0,0.0,0.0,4.124855,0.4058864,0.3513546,2.216301,-0.03320286,-3.519876,0.1111328,-0.8377769,0.12387,0.5200342,18.85272,243.0811,356.5241,0.5663293,-0.005756688,-0.8241583,-0.02948225,0.005220309,-0.1136505,1.024452,-0.9985681,-4.839748,-0.5796006,-0.4007997,1.915002,-0.4344279,-0.05737571,0.8988773,-0.3150422,0.9446114,-0.09196515,-0.8438132,-0.3231365,-0.4284414,static,30.88653,31.35396,-16.83913,-11.82107
05/15/2023 12:31:24.309141,1339,True,True,True,True,Eyes,2.312078,-0.02593266,-3.461332,-0.4611157,-0.4638143,-0.7564711,0.0,0.0,0.0,0.0,0.0,0.0,0.0,4.119474,0.411431,0.3766699,2.206459,-0.03471795,-3.523004,0.1110531,-0.8355486,0.1232394,0.5237727,18.80075,243.5975,356.5794,0.5653604,-0.005790775,-0.8248229,-0.02771332,0.00490709,-0.1068315,1.002547,-0.9998683,-4.831834,-0.5796003,-0.4007997,1.915002,-0.4266591,-0.05648164,0.9026473,-0.3146793,0.9449585,-0.0896119,-0.8479029,-0.3222781,-0.4209488,static,31.36488,31.51367,-16.83912,-11.82107
05/15/2023 12:31:24.328653,1340,True,True,True,True,Eyes,2.183789,-0.03982142,-3.539655,-0.6075982,-0.4674551,-0.6421137,0.0,0.0,0.0,0.0,0.0,0.0,0.0,4.114078,0.4195036,0.4002128,2.196904,-0.03592813,-3.526202,0.1121109,-0.8330795,0.1241146,0.5272623,18.96668,244.0937,356.6105,0.5643724,-0.005834718,-0.825499,-0.02605052,0.004612665,-0.1004216,0.9784608,-0.997355,-4.824472,-0.5796007,-0.4007998,1.915002,-0.4188517,-0.05591268,0.906332,-0.3176764,0.9440535,-0.08857094,-0.8506736,-0.3250183,-0.4131805,static,43.41796,36.05441,-16.83914,-11.82107
05/15/2023 12:31:24.339175,1341,True,True,True,True,Eyes,2.183396,-0.03984899,-3.539795,-0.6079321,-0.4675149,-0.6417542,0.0,0.0,0.0,0.0,0.0,0.0,0.0,4.108543,0.4257312,0.4220781,2.186601,-0.03657261,-3.529442,0.1125918,-0.8308691,0.1240415,0.5306537,19.00308,244.5677,356.6378,0.5603055,-0.006225449,-0.828262,-0.4093552,-0.03733037,-0.3293657,0.9561387,-0.9978836,-4.81638,-0.579601,-0.4007998,1.915003,-0.4114597,-0.05545205,0.9097396,-0.3187443,0.9438736,-0.08662994,-0.8538754,-0.325619,-0.406041,static,43.4497,36.07317,-16.83914,-11.82107
05/15/2023 12:31:24.359020,1342,True,True,True,True,Eyes,2.182603,-0.03990956,-3.540049,-0.6084219,-0.4676012,-0.6412268,0.0,0.0,0.0,0.0,0.0,0.0,0.0,4.103059,0.432267,0.4430985,2.176662,-0.0372594,-3.532568,0.1128261,-0.8288246,0.1233624,0.5339491,18.96426,245.0213,356.6485,0.5568145,-0.006561582,-0.8306103,-0.3847938,-0.03509055,-0.3096037,0.9379541,-1.004308,-4.807254,-0.5796006,-0.4007996,1.915002,-0.404337,-0.05528762,0.9129374,-0.3187646,0.944104,-0.08400474,-0.8572634,-0.3249783,-0.3993599,static,43.49626,36.10062,-16.83913,-11.82106
05/15/2023 12:31:24.378744,1343,True,True,True,True,Eyes,2.181442,-0.03998318,-3.540415,-0.6091031,-0.4677671,-0.6404588,0.0,0.0,0.0,0.0,0.0,0.0,0.0,4.097516,0.4392439,0.4606237,2.166357,-0.03810619,-3.535561,0.1134797,-0.8268377,0.1233022,0.536897,19.01136,245.4332,356.6494,0.5536478,-0.006865526,-0.832722,-0.3617062,-0.03298511,-0.2910275,0.9176632,-1.006298,-4.799575,-0.5796001,-0.4007998,1.915002,-0.3977281,-0.05525736,0.9158381,-0.3200597,0.9438378,-0.08204804,-0.8598689,-0.3257556,-0.3930765,static,43.56256,36.14299,-16.83912,-11.82107
05/15/2023 12:31:24.388933,1344,True,True,True,True,Eyes,2.179894,-0.0400419,-3.540882,-0.6099353,-0.4678822,-0.6395821,0.0,0.0,0.0,0.0,0.0,0.0,0.0,4.09201,0.4481621,0.476037,2.156398,-0.03880554,-3.538425,0.114306,-0.8249988,0.1229472,0.539625,19.03995,245.8079,356.609,0.5507672,-0.007140831,-0.8346277,-0.3400038,-0.03100601,-0.2735658,0.8971158,-1.005945,-4.792813,-0.5796001,-0.4007997,1.915001,-0.3914781,-0.05591391,0.918487,-0.3212954,0.9436362,-0.07949778,-0.8622727,-0.3262273,-0.3873778,static,43.64082,36.1871,-16.83912,-11.82107
05/15/2023 12:31:24.408472,1345,True,True,True,True,Eyes,2.178,-0.04009304,-3.541447,-0.6109607,-0.4679858,-0.6385267,0.0,0.0,0.0,0.0,0.0,0.0,0.0,4.086002,0.4583286,0.4908681,2.145673,-0.0385232,-3.541332,0.1150875,-0.8232429,0.1218129,0.5423908,18.99029,246.1758,356.5229,0.5481376,-0.007390038,-0.8363549,-0.3196036,-0.02914565,-0.2571519,0.8785098,-1.008192,-4.786238,-0.5796006,-0.4007998,1.915002,-0.3851343,-0.05734948,0.921077,-0.3216302,0.943833,-0.0757184,-0.8650004,-0.3254079,-0.3819479,static,43.73615,36.23825,-16.83913,-11.82107
05/15/2023 12:31:24.429123,1346,True,True,True,True,Eyes,2.175749,-0.04010668,-3.54211,-0.6121397,-0.467961,-0.6374146,0.0,0.0,0.0,0.0,0.0,0.0,0.0,4.080936,0.4640327,0.5030236,2.135398,-0.0380768,-3.544153,0.1154011,-0.8217735,0.1207883,0.5447764,18.92055,246.4965,356.4811,0.5457279,-0.007615617,-0.8379272,-0.3004274,-0.02739691,-0.2417228,0.8608207,-1.009333,-4.780746,-0.5795996,-0.4007999,1.915002,-0.3798029,-0.05806195,0.9232437,-0.3212723,0.9441856,-0.07278559,-0.8674874,-0.3242567,-0.3772582,static,43.84122,36.28444,-16.83911,-11.82108
05/15/2023 12:31:24.439342,1347,True,True,True,True,Eyes,2.173172,-0.04006576,-3.542899,-0.6135343,-0.4677638,-0.6362175,0.0,0.0,0.0,0.0,0.0,0.0,0.0,4.07624,0.4669094,0.5139585,2.124627,-0.03722063,-3.547176,0.114988,-0.8205826,0.1188277,0.547085,18.71326,246.7974,356.447,0.5435095,-0.007819067,-0.8393659,-0.2824018,-0.02575309,-0.2272194,0.8413289,-1.006728,-4.776272,-0.5796009,-0.4007998,1.915002,-0.3749518,-0.05869664,0.9251844,-0.318732,0.9453154,-0.06919942,-0.8705294,-0.3208323,-0.3731562,static,43.96019,36.32431,-16.83914,-11.82107
05/15/2023 12:31:24.464808,1348,True,True,True,True,Eyes,2.170256,-0.03996667,-3.543776,-0.6150932,-0.4673303,-0.6350298,0.0,0.0,0.0,0.0,0.0,0.0,0.0,4.072212,0.4666749,0.5225782,2.114005,-0.03597197,-3.550138,0.1138437,-0.8197809,0.1159943,0.5491303,18.37349,247.0531,356.4198,0.5414572,-0.008001296,-0.8406896,-0.2654577,-0.02420791,-0.2135862,0.8230585,-1.003806,-4.772542,-0.5796,-0.4007997,1.915002,-0.3709911,-0.05926179,0.9267435,-0.3140458,0.9471698,-0.06514987,-0.8739226,-0.31521,-0.3700024,static,44.08635,36.35004,-16.83911,-11.82107
05/15/2023 12:31:24.478713,1349,True,True,True,True,Eyes,2.16701,-0.03973234,-3.544755,-0.6167603,-0.4668047,-0.6337982,0.0,0.0,0.0,0.0,0.0,0.0,0.0,4.069237,0.4598312,0.5277491,2.102988,-0.03452548,-3.553154,0.1117523,-0.8193964,0.1128002,0.5507967,17.93645,247.2577,356.4519,0.5395474,-0.008163086,-0.841915,-0.2495302,-0.02275543,-0.2007711,0.8026322,-0.9964767,-4.770272,-0.5796007,-0.4007998,1.915002,-0.3682688,-0.05887891,0.927853,-0.3073989,0.9495751,-0.06175058,-0.8774303,-0.3079618,-0.3677982,static,44.21943,36.37237,-16.83913,-11.82107
05/15/2023 12:31:24.489198,1350,True,True,True,True,Eyes,2.163395,-0.03943152,-3.545829,-0.6187793,-0.4657533,-0.6326026,0.0,0.0,0.0,0.0,0.0,0.0,0.0,4.066669,0.4539197,0.5274096,2.091718,-0.0311123,-3.556086,0.110676,-0.8191164,0.1106944,0.5518569,17.66781,247.3849,356.4416,0.5377598,-0.008303225,-0.8430566,-0.2345584,-0.02139011,-0.1887248,0.7813376,-0.9848767,-4.769722,-0.5795997,-0.4007998,1.915001,-0.3664096,-0.0591382,0.9285725,-0.303488,0.9509952,-0.05918843,-0.8795676,-0.3034978,-0.3664014,static,44.36711,36.36234,-16.83912,-11.82108
05/15/2023 12:31:24.508516,1351,True,True,True,True,Eyes,2.159481,-0.03913948,-3.546949,-0.6210093,-0.4645603,-0.6312934,0.0,0.0,0.0,0.0,0.0,0.0,0.0,4.061959,0.4497727,0.5406857,2.079354,-0.02933979,-3.559435,0.1068918,-0.8186831,0.1034385,0.5546465,16.73473,247.7032,356.3912,0.5360749,-0.008422315,-0.8441278,-0.2204849,-0.0201067,-0.1774013,0.7593614,-0.970736,-4.770524,-0.5796009,-0.4007999,1.915002,-0.361883,-0.06027749,0.9302728,-0.2897647,0.9557493,-0.05079231,-0.8860459,-0.2879411,-0.3633356,static,44.52949,36.34885,-16.83914,-11.82108
05/15/2023 12:31:24.528607,1352,True,True,True,True,Eyes,2.155272,-0.0388,-3.54813,-0.6231931,-0.463654,-0.6298057,0.0,0.0,0.0,0.0,0.0,0.0,0.0,4.057931,0.4349856,0.5586009,2.068525,-0.02927111,-3.562078,0.1028079,-0.8177554,0.09924255,0.557546,16.07841,248.0879,356.5706,0.5344767,-0.008522703,-0.8451397,-0.2072558,-0.0189003,-0.1667572,0.7413537,-0.9591931,-4.772223,-0.5795997,-0.4007999,1.915002,-0.3571458,-0.05747881,0.9322783,-0.2788079,0.9591629,-0.04767201,-0.8914667,-0.2769525,-0.3585866,static,44.69762,36.35997,-16.83911,-11.82108
05/15/2023 12:31:24.539054,1353,True,True,True,True,Eyes,2.150752,-0.03839607,-3.549384,-0.6255296,-0.4629822,-0.6279809,0.0,0.0,0.0,0.0,0.0,0.0,0.0,4.054643,0.4200291,0.5693531,2.057304,-0.02770858,-3.56475,0.1026333,-0.8160464,0.1025365,0.5594829,16.39109,248.415,356.8467,0.532951,-0.00860513,-0.8461018,-0.1948204,-0.01776628,-0.1567518,0.7084595,-0.9288747,-4.774052,-0.5796003,-0.4007999,1.915002,-0.3528908,-0.05277222,0.9341753,-0.2822419,0.9579054,-0.05250594,-0.8920805,-0.2821923,-0.3529305,static,44.88795,36.39969,-16.83912,-11.82107
05/15/2023 12:31:24.558895,1354,True,True,True,True,Eyes,2.145986,-0.03800257,-3.550681,-0.6280596,-0.4622934,-0.6259601,0.0,0.0,0.0,0.0,0.0,0.0,0.0,4.048922,0.4078671,0.5936737,2.045394,-0.02573596,-3.567671,0.1004508,-0.8140284,0.1012487,0.5630418,16.13817,248.9221,357.0447,0.5314841,-0.008669867,-0.8470234,-0.1831312,-0.01670031,-0.1473467,0.6801132,-0.9107531,-4.770014,-0.5795996,-0.4007998,1.915001,-0.3457872,-0.04952518,0.937005,-0.2775541,0.9593167,-0.05172259,-0.896323,-0.2779546,-0.3454653,static,45.09592,36.44716,-16.83911,-11.82108
05/15/2023 12:31:24.578914,1355,True,True,True,True,Eyes,2.141011,-0.03759254,-3.551997,-0.6302348,-0.4626231,-0.6235254,0.0,0.0,0.0,0.0,0.0,0.0,0.0,4.042952,0.3934806,0.6213632,2.034826,-0.02557001,-3.570044,0.0980569,-0.8117778,0.1008269,0.5667766,15.95312,249.4697,357.3229,0.5300656,-0.008718937,-0.8479112,-0.1721433,-0.01569829,-0.1385059,0.6666262,-0.9214488,-4.761017,-0.5796005,-0.4007999,1.915002,-0.3382983,-0.04490817,0.9399668,-0.2734934,0.9604376,-0.05254535,-0.9004197,-0.2748507,-0.3371964,static,45.30661,36.57347,-16.83913,-11.82107
05/15/2023 12:31:24.588753,1356,True,True,True,True,Eyes,2.135793,-0.03710471,-3.553357,-0.6323217,-0.4633211,-0.6208888,0.0,0.0,0.0,0.0,0.0,0.0,0.0,4.038145,0.3847618,0.6371427,2.024914,-0.02453275,-3.572076,0.1008719,-0.8088641,0.109105,0.5689111,16.9344,249.8927,357.6611,0.5286865,-0.008753532,-0.8487715,-0.1618147,-0.01475639,-0.1301956,0.6405969,-0.9138085,-4.751594,-0.5795996,-0.4008001,1.915,-0.33233,-0.03904124,0.9423547,-0.2873254,0.9558419,-0.06172797,-0.8983322,-0.2912765,-0.3288725,moving,45.52269,36.73112,-16.83912,-11.82109
05/15/2023 12:31:24.608934,1357,True,True,True,True,Eyes,2.130351,-0.03657128,-3.554729,-0.6344269,-0.4641568,-0.6181108,0.0,0.0,0.0,0.0,0.0,0.0,0.0,4.032934,0.3760657,0.6539006,2.013919,-0.02206738,-3.574522,0.1022521,-0.8063067,0.1139731,0.5713356,17.49575,250.321,357.9174,0.5273384,-0.008773229,-0.8496095,-0.1521059,-0.01387101,-0.1223838,0.6148567,-0.9086605,-4.739033,-0.5787802,-0.3983762,1.915465,-0.3262406,-0.03465937,0.9446514,-0.2951269,0.9531093,-0.06695399,-0.8980354,-0.3006351,-0.3211718,moving,45.74632,36.90391,-16.81281,-11.74882
05/15/2023 12:31:24.628975,1358,True,True,True,True,Eyes,2.124713,-0.03598784,-3.556129,-0.6365213,-0.4650339,-0.615292,0.0,0.0,0.0,0.0,0.0,0.0,0.0,4.028045,0.3592166,0.6724257,2.003304,-0.02036238,-3.576689,0.09988882,-0.8047166,0.1135513,0.5740728,17.30392,250.7294,358.1759,0.5260141,-0.008778432,-0.85043,-0.1429795,-0.01303875,-0.1150408,0.6094676,-0.9382769,-4.722328,-0.5778761,-0.3956985,1.91598,-0.3209252,-0.03039096,0.9466168,-0.2911378,0.9542567,-0.06806628,-0.9012467,-0.2974401,-0.315093,moving,45.97158,37.08176,-16.78377,-11.66898
05/15/2023 12:31:24.639170,1359,True,True,True,True,Eyes,2.11885,-0.03534157,-3.557555,-0.638622,-0.4657802,-0.6125444,0.0,0.0,0.0,0.0,0.0,0.0,0.0,4.023939,0.3535162,0.6804686,1.993011,-0.01855126,-3.578778,0.09987377,-0.8033733,0.1144921,0.5757674,17.39563,250.9943,358.2807,0.5247069,-0.008769394,-0.8512372,-0.1344007,-0.01225642,-0.1081383,0.5970183,-0.9527615,-4.708753,-0.5769455,-0.3929465,1.916509,-0.3170342,-0.0286302,0.9479818,-0.2923135,0.9538335,-0.06895166,-0.9022428,-0.2989679,-0.3107668,moving,46.19402,37.24944,-16.75389,-11.58691
05/15/2023 12:31:24.659045,1360,True,True,True,True,Eyes,2.112792,-0.034674,-3.559028,-0.6409048,-0.4660926,-0.609917,0.0,0.0,0.0,0.0,0.0,0.0,0.0,4.018933,0.361084,0.6871195,1.981962,-0.016418,-3.581326,0.09998697,-0.8023325,0.1117662,0.5777313,17.15026,251.2295,358.1226,0.5234106,-0.008746023,-0.8520352,-0.1263367,-0.01152103,-0.10165,0.5741346,-0.9455554,-4.699473,-0.5760725,-0.3903627,1.917005,-0.3124582,-0.03130392,0.9494154,-0.2895873,0.9550218,-0.06381612,-0.9047148,-0.2948785,-0.3074696,moving,46.41916,37.38671,-16.72586,-11.50986
05/15/2023 12:31:24.678777,1361,True,True,True,True,Eyes,2.106529,-0.03401407,-3.560423,-0.6430459,-0.4646593,-0.6087559,0.0,0.0,0.0,0.0,0.0,0.0,0.0,4.013247,0.3782962,0.6938663,1.971306,-0.01535963,-3.583913,0.09969278,-0.8015899,0.1057735,0.5799368,16.57111,251.4467,357.7792,0.5221205,-0.008709245,-0.8528268,-0.1187565,-0.01082977,-0.09555104,0.5585709,-0.9450769,-4.693181,-0.5751401,-0.387605,1.917534,-0.307469,-0.03714154,0.9508328,-0.2825094,0.9577466,-0.05394294,-0.9086534,-0.285205,-0.3049702,moving,46.56908,37.35425,-16.69595,-11.42763
05/15/2023 12:31:24.689468,1362,True,True,True,True,Eyes,2.100109,-0.03338961,-3.561863,-0.6451388,-0.463297,-0.6075786,0.0,0.0,0.0,0.0,0.0,0.0,0.0,4.007696,0.4021609,0.696506,1.961072,-0.01513264,-3.586426,0.1018293,-0.8004687,0.1031141,0.5815911,16.47072,251.6288,357.4251,0.5208325,-0.008660598,-0.8536145,-0.1116311,-0.01017999,-0.08981798,0.5376257,-0.9317356,-4.691711,-0.5742686,-0.3850265,1.918029,-0.3027654,-0.04308188,0.9520909,-0.2829628,0.9579965,-0.04663318,-0.9100907,-0.2835252,-0.3022388,moving,46.71738,37.32661,-16.66799,-11.35073
05/15/2023 12:31:24.708714,1363,True,True,True,True,Eyes,2.093575,-0.03277297,-3.5634,-0.6471493,-0.4622016,-0.6062734,0.0,0.0,0.0,0.0,0.0,0.0,0.0,4.002891,0.4211522,0.6972713,1.950881,-0.01536745,-3.588943,0.1042877,-0.7992571,0.102563,0.5829177,16.59057,251.7973,357.181,0.5195431,-0.008602114,-0.8544006,-0.1049332,-0.009569187,-0.0844289,0.5123101,-0.9074153,-4.693555,-0.5733564,-0.382326,1.918548,-0.2986622,-0.04713374,0.9531944,-0.2862769,0.9572098,-0.04236617,-0.9104102,-0.2855307,-0.2993756,moving,46.86784,37.32063,-16.63873,-11.2702
05/15/2023 12:31:24.728892,1364,True,True,True,True,Eyes,2.086901,-0.03217383,-3.564974,-0.6490929,-0.4613326,-0.6048558,0.0,0.0,0.0,0.0,0.0,0.0,0.0,3.997968,0.4348043,0.7017922,1.941117,-0.01491849,-3.591262,0.1067697,-0.7976859,0.1035407,0.5844458,16.85724,252.021,357.0466,0.518249,-0.008534954,-0.8551868,-0.09863723,-0.008995036,-0.07936317,0.4952532,-0.8982084,-4.693747,-0.5724263,-0.3795735,1.919078,-0.2940468,-0.0493096,0.9545182,-0.2913652,0.9557591,-0.0403836,-0.9102981,-0.289988,-0.295405,moving,47.02046,37.33331,-16.60889,-11.1881
05/15/2023 12:31:24.738954,1365,True,True,True,True,Eyes,2.08012,-0.03161377,-3.566602,-0.6510457,-0.4607823,-0.6031741,0.0,0.0,0.0,0.0,0.0,0.0,0.0,3.992727,0.4457439,0.7097163,1.931102,-0.01470535,-3.593729,0.109185,-0.7957714,0.1053341,0.5862861,17.19778,252.3058,356.9841,0.5169477,-0.008460399,-0.8559749,-0.092719,-0.008455333,-0.07460137,0.4818822,-0.897347,-4.692438,-0.5715398,-0.3769483,1.919583,-0.2886945,-0.05026064,0.9561012,-0.2972843,0.9539668,-0.03961648,-0.9100976,-0.295671,-0.2903467,moving,47.18583,37.37727,-16.58046,-11.1098
05/15/2023 12:31:24.758850,1366,True,True,True,True,Eyes,2.073241,-0.03107563,-3.568251,-0.652885,-0.4605919,-0.6013288,0.0,0.0,0.0,0.0,0.0,0.0,0.0,3.988111,0.4441028,0.7226954,1.921592,-0.01501574,-3.596082,0.1098193,-0.7938157,0.107324,0.5884539,17.43587,252.6562,357.1136,0.5156368,-0.008380099,-0.856766,-0.08715586,-0.007948013,-0.07012529,0.4701035,-0.901306,-4.688037,-0.5706376,-0.3742792,1.920095,-0.2833236,-0.04804211,0.9578203,-0.3006629,0.9528426,-0.04114374,-0.9106754,-0.299638,-0.2844073,moving,47.35389,37.45055,-16.55154,-11.0302
05/15/2023 12:31:24.778829,1367,True,True,True,True,Eyes,1.898196,-0.01804185,-3.609551,-0.6995069,-0.4597035,-0.5471407,0.0,0.0,0.0,0.0,0.0,0.0,0.0,3.984813,0.436118,0.7320862,1.912385,-0.01491205,-3.598255,0.1108615,-0.791889,0.1117254,0.5900331,17.92502,252.9637,357.3653,0.5143156,-0.008295191,-0.8575606,-0.0819265,-0.007471132,-0.06591778,0.4581245,-0.9084563,-4.681377,-0.5697408,-0.3716267,1.920605,-0.2791415,-0.04373671,0.9592534,-0.3074233,0.9504544,-0.04612426,-0.9097093,-0.3077721,-0.2787569,moving,51.96817,40.03673,-16.52281,-10.9511
05/15/2023 12:31:24.788948,1368,True,True,True,True,Eyes,1.897812,-0.01802243,-3.609636,-0.6996097,-0.4598095,-0.54692,0.0,0.0,0.0,0.0,0.0,0.0,0.0,3.980613,0.4279902,0.7454472,1.90263,-0.01469724,-3.600545,0.110904,-0.7899585,0.1141785,0.5921395,18.16376,253.3235,357.5873,0.5082448,-0.007835255,-0.8611768,-0.6021453,0.03207849,-0.1858622,0.4440879,-0.9147521,-4.672093,-0.5687878,-0.3688052,1.921147,-0.2741425,-0.03999995,0.9608569,-0.3104384,0.9493272,-0.04905133,-0.9102055,-0.3117339,-0.2726685,moving,51.98347,40.05462,-16.49227,-10.86694
05/15/2023 12:31:24.809172,1369,True,True,True,True,Eyes,1.897049,-0.0179842,-3.609824,-0.7000243,-0.4598321,-0.5463702,0.0,0.0,0.0,0.0,0.0,0.0,0.0,3.975294,0.425005,0.7613955,1.893057,-0.01417951,-3.6027,0.1110441,-0.7879178,0.115422,0.594586,18.29663,253.7117,357.7225,0.5031921,-0.00744638,-0.8641423,-0.5660166,0.03015378,-0.1747104,0.4353525,-0.929565,-4.661806,-0.5679093,-0.3662064,1.921646,-0.2682732,-0.03773065,0.9626036,-0.3122438,0.9486939,-0.04983552,-0.9113359,-0.3139366,-0.2662903,moving,52.0279,40.08439,-16.46413,-10.78943
05/15/2023 12:31:24.828821,1370,True,True,True,True,Eyes,1.895919,-0.01794315,-3.610096,-0.7006589,-0.4597545,-0.5456217,0.0,0.0,0.0,0.0,0.0,0.0,0.0,3.968806,0.4275126,0.7798548,1.883196,-0.01370856,-3.604961,0.1114799,-0.7856531,0.1158449,0.5974123,18.3745,254.1398,357.7804,0.4989696,-0.007116101,-0.86659,-0.5320556,0.02834455,-0.1642278,0.42136,-0.9363254,-4.651636,-0.5670035,-0.3635263,1.922162,-0.2613417,-0.03675476,0.9645464,-0.3135834,0.9483044,-0.04882882,-0.9128889,-0.3152267,-0.2593572,moving,52.09116,40.11832,-16.43512,-10.7095
05/15/2023 12:31:24.838925,1371,True,True,True,True,Eyes,1.894441,-0.01792486,-3.610453,-0.7016594,-0.4594482,-0.5445929,0.0,0.0,0.0,0.0,0.0,0.0,0.0,3.961669,0.4283859,0.8022661,1.873338,-0.01361682,-3.607268,0.1106379,-0.7834675,0.1143011,0.6007275,18.18153,254.6109,357.8264,0.4954217,-0.006834483,-0.8686254,-0.5001322,0.02664388,-0.1543741,0.4053947,-0.9387525,-4.641637,-0.5660991,-0.3608474,1.922676,-0.2537718,-0.03603476,0.9665928,-0.3106899,0.9493891,-0.04617591,-0.9160087,-0.3120287,-0.2521238,moving,52.18317,40.1528,-16.40616,-10.6296
05/15/2023 12:31:24.858901,1372,True,True,True,True,Eyes,1.892629,-0.01794054,-3.610884,-0.7028099,-0.4591375,-0.5433701,0.0,0.0,0.0,0.0,0.0,0.0,0.0,3.954612,0.4282609,0.8242831,1.863589,-0.01419073,-3.609521,0.1097536,-0.7812656,0.1131212,0.6039717,18.01896,255.0799,357.8998,0.4923694,-0.006590994,-0.8703611,-0.4701243,0.02504525,-0.1451117,0.3876197,-0.9389179,-4.631443,-0.565227,-0.3582705,1.923171,-0.2463446,-0.03484932,0.9685556,-0.3081374,0.9503155,-0.04417935,-0.9188938,-0.3093316,-0.2448435,moving,52.29098,40.19718,-16.37826,-10.55275
05/15/2023 12:31:24.879048,1373,True,True,True,True,Eyes,1.890493,-0.01799871,-3.61138,-0.7042233,-0.4586712,-0.541932,0.0,0.0,0.0,0.0,0.0,0.0,0.0,3.947619,0.4285384,0.8451576,1.853817,-0.01501842,-3.611754,0.1092614,-0.7789929,0.1126814,0.607071,17.95168,255.5407,357.987,0.4895784,-0.006372214,-0.8719357,-0.4419168,0.02354253,-0.136405,0.3648018,-0.9309518,-4.62128,-0.564257,-0.3553981,1.923724,-0.2390539,-0.03341644,0.9704313,-0.307039,0.9507297,-0.04289721,-0.9211843,-0.3082149,-0.2375357,moving,52.42007,40.24334,-16.3472,-10.46708
05/15/2023 12:31:24.888894,1374,True,True,True,True,Eyes,1.888045,-0.01810189,-3.611943,-0.7057275,-0.4582581,-0.5403224,0.0,0.0,0.0,0.0,0.0,0.0,0.0,3.940765,0.4282055,0.8649306,1.844013,-0.01610862,-3.613924,0.1087001,-0.7767928,0.1122928,0.6100556,17.8835,255.9868,358.0812,0.4870167,-0.006176758,-0.8733705,-0.4154018,0.02212998,-0.1282207,0.3429466,-0.9250783,-4.610738,-0.5633891,-0.3528305,1.924217,-0.2320333,-0.03186522,0.9721859,-0.3058846,0.9511493,-0.04183023,-0.9233609,-0.3070826,-0.2304454,moving,52.56144,40.30193,-16.31944,-10.39051
05/15/2023 12:31:24.908843,1375,True,True,True,True,Eyes,1.885289,-0.01824683,-3.612551,-0.7073497,-0.4577797,-0.5386037,0.0,0.0,0.0,0.0,0.0,0.0,0.0,3.933213,0.4353957,0.8838449,1.834195,-0.01728581,-3.616122,0.1093192,-0.7743793,0.1122553,0.6130131,17.93178,256.4305,358.0918,0.4846556,-0.006003419,-0.8746842,-0.3904777,0.02080218,-0.1205275,0.3227772,-0.9223796,-4.599785,-0.5624943,-0.3501824,1.924725,-0.2245288,-0.03168106,0.9739524,-0.3069369,0.9508961,-0.0398282,-0.9248657,-0.3078845,-0.2232276,moving,52.71294,40.36247,-16.29082,-10.31154
05/15/2023 12:31:24.928949,1376,True,True,True,True,Eyes,1.882235,-0.0184428,-3.613223,-0.7090994,-0.4573253,-0.5366858,0.0,0.0,0.0,0.0,0.0,0.0,0.0,3.924189,0.4506136,0.9046564,1.824234,-0.01841518,-3.618361,0.1109325,-0.7715927,0.1120998,0.6162569,18.04215,256.9114,358.0096,0.4824688,-0.005851009,-0.8758932,-0.367049,0.01955405,-0.1132958,0.3028783,-0.9198751,-4.588998,-0.56156,-0.3474198,1.925256,-0.2158431,-0.03302485,0.9758697,-0.309354,0.9502552,-0.03626494,-0.9261276,-0.3097166,-0.2153224,moving,52.87954,40.43526,-16.26095,-10.22916
05/15/2023 12:31:24.938795,1377,True,True,True,True,Eyes,1.87889,-0.01869512,-3.613952,-0.710972,-0.4568683,-0.5345936,0.0,0.0,0.0,0.0,0.0,0.0,0.0,3.91429,0.4636495,0.9293633,1.814121,-0.01984037,-3.620624,0.1118882,-0.7686241,0.1114046,0.6199089,18.05787,257.4491,357.9579,0.4804335,-0.005718735,-0.8770122,-0.3450261,0.01838081,-0.1064981,0.2848859,-0.9203652,-4.578359,-0.5606983,-0.3448702,1.925745,-0.2063881,-0.03387839,0.9778838,-0.3101214,0.9501401,-0.03253564,-0.9280243,-0.3099775,-0.206604,moving,53.05978,40.51749,-16.2334,-10.15313
05/15/2023 12:31:24.959236,1378,True,True,True,True,Eyes,1.875262,-0.01900444,-3.614747,-0.7129596,-0.4564961,-0.5322593,0.0,0.0,0.0,0.0,0.0,0.0,0.0,3.904303,0.471939,0.9559159,1.803897,-0.02143086,-3.622923,0.1124624,-0.765493,0.1113971,0.6236695,18.10902,258.0221,357.9965,0.478528,-0.005605953,-0.8780541,-0.3243245,0.01727796,-0.1001082,0.2670287,-0.921803,-4.567035,-0.559836,-0.3423177,1.926236,-0.1967774,-0.03322838,0.979885,-0.3111282,0.9498858,-0.03026868,-0.929773,-0.3108261,-0.1972543,moving,53.25686,40.61828,-16.20584,-10.07701
05/15/2023 12:31:24.979047,1379,True,True,True,True,Eyes,1.871353,-0.01936069,-3.615607,-0.7150842,-0.4560897,-0.5297515,0.0,0.0,0.0,0.0,0.0,0.0,0.0,3.894175,0.4771343,0.9840827,1.793593,-0.0230885,-3.625351,0.112753,-0.7622217,0.1117756,0.6275436,18.17441,258.625,358.0942,0.4767338,-0.005512142,-0.8790302,-0.3048651,0.01624128,-0.09410168,0.2466702,-0.9207551,-4.554187,-0.5588911,-0.3395213,1.926774,-0.1869515,-0.03159741,0.9818608,-0.3121738,0.9495859,-0.02888076,-0.9314487,-0.3119105,-0.1873903,moving,53.46806,40.72682,-16.17564,-9.99363
05/15/2023 12:31:24.988777,1380,True,True,True,True,Eyes,1.867176,-0.01977244,-3.616538,-0.7173513,-0.455677,-0.5270347,0.0,0.0,0.0,0.0,0.0,0.0,0.0,3.883831,0.4804404,1.013232,1.783027,-0.02456442,-3.627923,0.112482,-0.7589947,0.1114519,0.6315484,18.13509,259.2382,358.1927,0.4750336,-0.005436568,-0.8799506,-0.2865732,0.0152668,-0.08845558,0.2265817,-0.9219421,-4.539668,-0.5580006,-0.3368869,1.927279,-0.1769887,-0.02997199,0.9837563,-0.311521,0.9498525,-0.02710711,-0.933611,-0.3112584,-0.1774501,moving,53.69544,40.84686,-16.14719,-9.915084
05/15/2023 12:31:25.008870,1381,True,True,True,True,Eyes,1.862731,-0.02025248,-3.61755,-0.7197241,-0.4552327,-0.524176,0.0,0.0,0.0,0.0,0.0,0.0,0.0,3.873756,0.4839895,1.040918,1.772507,-0.0263091,-3.630601,0.1120738,-0.7559135,0.1107593,0.6354264,18.05189,259.8267,358.2716,0.4734123,-0.005378783,-0.8808243,-0.2693788,0.0143508,-0.08314825,0.2064428,-0.9241589,-4.523943,-0.5571008,-0.3342252,1.92779,-0.1673457,-0.02867748,0.9854812,-0.3101949,0.9503437,-0.02501957,-0.9358284,-0.3098782,-0.1679315,moving,53.9341,40.97343,-16.11846,-9.835726
05/15/2023 12:31:25.028793,1382,True,True,True,True,Eyes,1.858039,-0.02080476,-3.618634,-0.7221768,-0.4548518,-0.5211242,0.0,0.0,0.0,0.0,0.0,0.0,0.0,3.863177,0.4896151,1.068397,1.7617,-0.02843256,-3.633309,0.1119735,-0.7527125,0.110218,0.6393262,18.005,260.4229,358.3347,0.4718562,-0.005338707,-0.8816591,-0.2532161,0.01348975,-0.07815935,0.1844894,-0.9230552,-4.508286,-0.5562115,-0.3315916,1.928296,-0.1574482,-0.02763726,0.9871406,-0.3094982,0.9506279,-0.02274968,-0.9377745,-0.3091001,-0.1582283,moving,54.18571,41.11537,-16.09006,-9.75721
05/15/2023 12:31:25.039396,1383,True,True,True,True,Eyes,1.8531,-0.02142428,-3.619799,-0.7246495,-0.4545307,-0.5179623,0.0,0.0,0.0,0.0,0.0,0.0,0.0,3.853405,0.495457,1.093134,1.751211,-0.0309734,-3.63613,0.1121603,-0.749624,0.1102743,0.6429026,18.03179,260.9829,358.4112,0.4703532,-0.005316353,-0.882462,-0.2380231,0.01268036,-0.0734698,0.1623994,-0.9206159,-4.493509,-0.5552883,-0.3288618,1.92882,-0.148193,-0.02636481,0.988607,-0.3099472,0.9505194,-0.02111224,-0.9391335,-0.3095447,-0.149032,moving,54.44371,41.26812,-16.06059,-9.675827
05/15/2023 12:31:25.059089,1384,True,True,True,True,Eyes,1.84793,-0.02208708,-3.621036,-0.7271016,-0.4543677,-0.5146584,0.0,0.0,0.0,0.0,0.0,0.0,0.0,3.844321,0.4996032,1.115884,1.740418,-0.0332053,-3.639155,0.1123243,-0.7466477,0.1105973,0.646273,18.07964,261.519,358.5062,0.4688926,-0.005311617,-0.883239,-0.2237417,0.01191954,-0.06906161,0.1407169,-0.9196432,-4.478448,-0.5544196,-0.3262916,1.929315,-0.139429,-0.02478122,0.9899219,-0.3106854,0.950303,-0.01997015,-0.9402309,-0.3103387,-0.1401989,moving,54.70831,41.43977,-16.03285,-9.599204
05/15/2023 12:31:25.079014,1385,True,True,True,True,Eyes,1.842517,-0.02276898,-3.62235,-0.7295493,-0.4542349,-0.5113007,0.0,0.0,0.0,0.0,0.0,0.0,0.0,3.836752,0.5044073,1.133008,1.729699,-0.03460231,-3.642217,0.1133243,-0.7438908,0.1121193,0.6490096,18.2948,261.9821,358.6078,0.4674646,-0.005323813,-0.8839955,-0.2103172,0.01120437,-0.06491791,0.121134,-0.9212832,-4.464092,-0.5534897,-0.3235386,1.929844,-0.1318883,-0.02306883,0.9909962,-0.3141348,0.9491737,-0.01971185,-0.9401729,-0.3139061,-0.1324317,moving,54.97551,41.6176,-16.00318,-9.517142
05/15/2023 12:31:25.089005,1386,True,True,True,True,Eyes,1.836864,-0.02349166,-3.623743,-0.7320905,-0.4540218,-0.5078462,0.0,0.0,0.0,0.0,0.0,0.0,0.0,3.829043,0.5108749,1.149236,1.718509,-0.03575598,-3.645375,0.1140122,-0.7413344,0.11228,0.6517804,18.3666,262.4224,358.6307,0.4660604,-0.005351731,-0.8847365,-0.1976982,0.01053211,-0.06102283,0.1021671,-0.923488,-4.450397,-0.5525839,-0.3208569,1.930359,-0.124367,-0.02267852,0.9919772,-0.3154061,0.9487888,-0.01785223,-0.9407719,-0.3150958,-0.125151,moving,55.25121,41.79717,-15.97428,-9.437208
05/15/2023 12:31:25.108659,1387,True,True,True,True,Eyes,1.830992,-0.024231,-3.625231,-0.7346369,-0.4537773,-0.5043757,0.0,0.0,0.0,0.0,0.0,0.0,0.0,3.821461,0.5137851,1.166888,1.707185,-0.03747515,-3.648737,0.1134347,-0.7390109,0.1108617,0.6547558,18.20393,262.8639,358.6437,0.4646721,-0.005394818,-0.8854662,-0.1858363,0.009900181,-0.05736146,0.08707366,-0.9300252,-4.438375,-0.5516895,-0.3182124,1.930867,-0.1168548,-0.02248421,0.9928945,-0.3128337,0.9496844,-0.015312,-0.9425922,-0.3124001,-0.1180091,moving,55.52789,41.97712,-15.94576,-9.358392
05/15/2023 12:31:25.128981,1388,True,True,True,True,Eyes,1.824881,-0.02497954,-3.626803,-0.7372673,-0.4533922,-0.5008717,0.0,0.0,0.0,0.0,0.0,0.0,0.0,3.815115,0.5199785,1.179227,1.696088,-0.03864805,-3.652101,0.1138738,-0.7368797,0.1103569,0.6571624,18.1983,263.2343,358.6261,0.4632924,-0.00545199,-0.8861884,-0.1746861,0.00930617,-0.05391977,0.06946652,-0.9310898,-4.427783,-0.5507387,-0.3153969,1.931408,-0.1103407,-0.02277771,0.9936329,-0.3128674,0.9497082,-0.01297242,-0.9433659,-0.3123067,-0.1119179,moving,55.80929,42.1516,-15.91544,-9.274481
05/15/2023 12:31:25.139183,1389,True,True,True,True,Eyes,1.818549,-0.02574592,-3.62845,-0.7402667,-0.4526659,-0.4970903,0.0,0.0,0.0,0.0,0.0,0.0,0.0,3.808819,0.5256327,1.191494,1.684331,-0.039658,-3.655749,0.1134729,-0.7350177,0.1079934,0.6597048,17.96712,263.5866,358.5349,0.4619148,-0.00552209,-0.8869069,-0.1642049,0.0087478,-0.05068459,0.04828706,-0.9256904,-4.417881,-0.5498568,-0.3127881,1.931908,-0.1038272,-0.02432162,0.994298,-0.3092966,0.9509227,-0.009036919,-0.9452808,-0.3084712,-0.1062542,moving,56.11857,42.32197,-15.88733,-9.19674
05/15/2023 12:31:25.163985,1390,True,True,True,True,Eyes,1.81201,-0.0265286,-3.630174,-0.7433029,-0.4518407,-0.493296,0.0,0.0,0.0,0.0,0.0,0.0,0.0,3.802573,0.5310982,1.204103,1.672806,-0.04093675,-3.659444,0.1122266,-0.7334408,0.1038465,0.6623336,17.51728,263.9167,358.3739,0.4605342,-0.005604263,-0.887624,-0.1543526,0.008222932,-0.04764351,0.03070978,-0.9241805,-4.409812,-0.5489572,-0.3101254,1.932421,-0.09743875,-0.02706098,0.9948735,-0.3021852,0.9532422,-0.003667703,-0.9482562,-0.3009934,-0.1010602,moving,56.4296,42.48852,-15.85866,-9.117396
05/15/2023 12:31:25.179010,1391,True,True,True,True,Eyes,1.805274,-0.02727358,-3.631988,-0.7464802,-0.4510918,-0.4891663,0.0,0.0,0.0,0.0,0.0,0.0,0.0,3.796052,0.5418379,1.215001,1.661364,-0.04215097,-3.663047,0.1125399,-0.7315323,0.1015668,0.6647403,17.35063,264.2512,358.2216,0.4591455,-0.005697738,-0.8883425,-0.1450915,0.007729556,-0.0447849,0.009152387,-0.9149296,-4.403275,-0.5480466,-0.3074333,1.932938,-0.09091049,-0.02962215,0.9954185,-0.2996842,0.9540379,0.001020945,-0.9496973,-0.2982183,-0.09560934,moving,56.76329,42.68115,-15.82964,-9.037182
05/15/2023 12:31:25.189138,1392,True,True,True,True,Eyes,1.798326,-0.02793476,-3.633871,-0.7496753,-0.4503249,-0.4849684,0.0,0.0,0.0,0.0,0.0,0.0,0.0,3.788839,0.554822,1.226599,1.649901,-0.04201134,-3.666569,0.1142134,-0.729137,0.1013405,0.6671166,17.46778,264.624,358.117,0.4577455,-0.005800416,-0.8890641,-0.136386,0.007265782,-0.04209781,-0.01523005,-0.8985347,-4.398038,-0.5471196,-0.3046899,1.933464,-0.08382157,-0.0313426,0.9959878,-0.3017663,0.9533708,0.00460511,-0.9496901,-0.3001695,-0.08937118,moving,57.10099,42.87872,-15.80012,-8.955454
05/15/2023 12:31:25.208435,1393,True,True,True,True,Eyes,1.619893,-0.0425977,-3.683026,-0.8265358,-0.4274964,-0.3661768,0.0,0.0,0.0,0.0,0.0,0.0,0.0,3.779855,0.5664683,1.243608,1.637967,-0.04068497,-3.670171,0.1152244,-0.7264684,0.09985322,0.670072,17.42743,265.0657,357.9821,0.4563292,-0.005909385,-0.8897911,-0.1282028,0.006829835,-0.03957194,-0.03510395,-0.8909565,-4.392013,-0.5462556,-0.3021323,1.933956,-0.07545386,-0.03359599,0.9965833,-0.3012314,0.9535053,0.009336841,-0.9505612,-0.2994977,-0.08206576,moving,66.10542,49.41793,-15.7726,-8.87926
05/15/2023 12:31:25.229073,1394,True,True,True,True,Eyes,1.61944,-0.04252021,-3.683167,-0.826606,-0.427597,-0.3659008,0.0,0.0,0.0,0.0,0.0,0.0,0.0,3.769507,0.5774173,1.265202,1.626352,-0.03952365,-3.673791,0.1158861,-0.7234886,0.09804293,0.6734409,17.33455,265.5702,357.8608,0.4489458,-0.006512378,-0.893535,-0.6558091,-0.03756875,-0.1846619,-0.05117952,-0.8910603,-4.38399,-0.5453436,-0.2994334,1.934475,-0.06609593,-0.0356323,0.997177,-0.2997367,0.953916,0.01421903,-0.9517298,-0.2979507,-0.07373029,moving,66.12321,49.44593,-15.74356,-8.798868
05/15/2023 12:31:25.239022,1395,True,True,True,True,Eyes,1.618538,-0.04239567,-3.683463,-0.8269566,-0.4276733,-0.3650183,0.0,0.0,0.0,0.0,0.0,0.0,0.0,3.760295,0.5877824,1.283606,1.615093,-0.03756939,-3.677365,0.1175968,-0.720434,0.09847945,0.6763488,17.5158,266.049,357.8228,0.4428767,-0.00701346,-0.8965548,-0.6164606,-0.03531463,-0.1735822,-0.07085323,-0.8849334,-4.374338,-0.5444603,-0.2968198,1.934977,-0.05744686,-0.03622853,0.9976911,-0.3026544,0.9529456,0.01717697,-0.9513676,-0.3009688,-0.06570838,moving,66.18336,49.51931,-15.71545,-8.721025
05/15/2023 12:31:25.263991,1396,True,True,True,True,Eyes,1.617238,-0.04216263,-3.683879,-0.8274034,-0.427762,-0.3639001,0.0,0.0,0.0,0.0,0.0,0.0,0.0,3.750684,0.5829058,1.309124,1.603487,-0.03636408,-3.680859,0.1160748,-0.7175506,0.09668574,0.6799262,17.25341,266.596,357.8936,0.4378714,-0.007429399,-0.8990066,-0.5794729,-0.03319575,-0.1631673,-0.0916424,-0.8773853,-4.362683,-0.5435406,-0.294099,1.9355,-0.04845429,-0.0351008,0.9982085,-0.2980574,0.954357,0.01909077,-0.9533173,-0.2965985,-0.05670469,moving,66.25964,49.61196,-15.68618,-8.639996
05/15/2023 12:31:25.278886,1397,True,True,True,True,Eyes,1.615521,-0.04183443,-3.684416,-0.8279886,-0.4279081,-0.3623942,0.0,0.0,0.0,0.0,0.0,0.0,0.0,3.744736,0.5721061,1.327064,1.59273,-0.03350353,-3.684229,0.1150526,-0.7152007,0.09709989,0.6825119,17.21399,267.0296,358.0785,0.4337246,-0.00777229,-0.9010116,-0.5447045,-0.031204,-0.1533772,-0.1073912,-0.878307,-4.350968,-0.5426389,-0.2914305,1.936012,-0.04188064,-0.03202774,0.9986091,-0.297115,0.954669,0.01815775,-0.9539227,-0.2959413,-0.04949812,moving,66.36196,49.73883,-15.65749,-8.560535
05/15/2023 12:31:25.288833,1398,True,True,True,True,Eyes,1.613445,-0.04145647,-3.685056,-0.8287703,-0.4277933,-0.360739,0.0,0.0,0.0,0.0,0.0,0.0,0.0,3.739006,0.5680413,1.340105,1.581057,-0.03091271,-3.68755,0.1144236,-0.7132112,0.09612782,0.6848333,17.08805,267.3901,358.1083,0.4302669,-0.008052143,-0.9026656,-0.5120222,-0.02933176,-0.1441746,-0.1303392,-0.867264,-4.336934,-0.5417228,-0.2887205,1.936532,-0.03582136,-0.03155332,0.9988599,-0.2948794,0.9553334,0.0196033,-0.9548628,-0.293841,-0.0435258,moving,66.47795,49.86056,-15.62836,-8.47985
05/15/2023 12:31:25.308667,1399,True,True,True,True,Eyes,1.611057,-0.0410356,-3.685799,-0.8295353,-0.4279155,-0.3588309,0.0,0.0,0.0,0.0,0.0,0.0,0.0,3.731215,0.5684268,1.3578,1.570449,-0.02940772,-3.690734,0.1130537,-0.7111731,0.09260314,0.6876602,16.69032,267.7805,357.9992,0.4273593,-0.008278204,-0.9040437,-0.4813009,-0.02757186,-0.1355241,-0.147376,-0.8625991,-4.325403,-0.5408507,-0.2861423,1.937027,-0.02868482,-0.03344258,0.9990289,-0.2881605,0.9572871,0.02377137,-0.9571524,-0.2871988,-0.03709651,moving,66.60821,50.0183,-15.60063,-8.403099
05/15/2023 12:31:25.328656,1400,True,True,True,True,Eyes,1.60833,-0.0405581,-3.686625,-0.830361,-0.4280128,-0.3567993,0.0,0.0,0.0,0.0,0.0,0.0,0.0,3.72616,0.5800641,1.363338,1.560631,-0.02794537,-3.693654,0.1153236,-0.7092234,0.09359939,0.6891603,16.96087,268.0472,357.9287,0.4246888,-0.008470827,-0.9052995,-0.4524228,-0.02591755,-0.1273927,-0.166152,-0.8539146,-4.316734,-0.5399109,-0.2833593,1.937562,-0.0235174,-0.0345704,0.9991257,-0.2925903,0.9558793,0.02618713,-0.9559489,-0.2917186,-0.03259471,moving,66.7472,50.18479,-15.57075,-8.320254
05/15/2023 12:31:25.339042,1401,True,True,True,True,Eyes,1.605293,-0.04000127,-3.687533,-0.831315,-0.4280721,-0.354499,0.0,0.0,0.0,0.0,0.0,0.0,0.0,3.719468,0.5835493,1.375495,1.549832,-0.02611855,-3.696525,0.1157001,-0.7071044,0.09284534,0.6913731,16.935,268.3967,357.8887,0.4222185,-0.008632347,-0.9064527,-0.4252774,-0.02436249,-0.1197491,-0.1882453,-0.836683,-4.307783,-0.5390039,-0.280676,1.938077,-0.01723376,-0.03524255,0.9992301,-0.2920056,0.9559865,0.02868116,-0.9562614,-0.2912865,-0.02676624,moving,66.90507,50.37086,-15.54192,-8.240392
05/15/2023 12:31:25.358800,1402,True,True,True,True,Eyes,1.601946,-0.03940087,-3.688502,-0.8324422,-0.4279075,-0.3520443,0.0,0.0,0.0,0.0,0.0,0.0,0.0,3.712903,0.5800601,1.390305,1.539418,-0.02369787,-3.699283,0.1145207,-0.7052246,0.09057646,0.6937863,16.65805,268.7492,357.8558,0.4199216,-0.008763923,-0.9075177,-0.3997608,-0.02290074,-0.1125642,-0.1985097,-0.840709,-4.301795,-0.5381412,-0.2781217,1.938569,-0.01109139,-0.03584419,0.9992959,-0.287207,0.9573618,0.03115226,-0.9578044,-0.2866592,-0.02091315,moving,67.07623,50.55549,-15.5145,-8.164373
05/15/2023 12:31:25.378554,1403,True,True,True,True,Eyes,1.598309,-0.03877549,-3.689523,-0.8337579,-0.4274546,-0.3494714,0.0,0.0,0.0,0.0,0.0,0.0,0.0,3.704054,0.5764969,1.410122,1.528722,-0.02210405,-3.7018,0.1128646,-0.7029459,0.0876593,0.6967387,16.29086,269.1797,357.8192,0.4177741,-0.008867497,-0.9085073,-0.3757751,-0.0215267,-0.1058103,-0.214749,-0.8353336,-4.293149,-0.5372359,-0.275443,1.939084,-0.003633915,-0.03652413,0.9993262,-0.2808266,0.9591548,0.03403475,-0.9597517,-0.2805136,-0.0137424,moving,67.2589,50.7318,-15.48574,-8.084664
05/15/2023 12:31:25.388830,1404,True,True,True,True,Eyes,1.5944,-0.03812722,-3.690578,-0.8351752,-0.4269589,-0.346682,0.0,0.0,0.0,0.0,0.0,0.0,0.0,3.694654,0.5672225,1.433231,1.518261,-0.02091441,-3.704161,0.1107224,-0.7003835,0.08567473,0.6999025,15.96202,269.6667,357.9037,0.4157549,-0.008945256,-0.9094324,-0.3532286,-0.0202351,-0.0994617,-0.23411,-0.821496,-4.284249,-0.5362866,-0.2726347,1.939623,0.004245733,-0.03516836,0.9993724,-0.2750241,0.9608008,0.03497942,-0.9614279,-0.2750001,-0.005592846,moving,67.45662,50.9241,-15.4556,-8.001117
05/15/2023 12:31:25.408717,1405,True,True,True,True,Eyes,1.590219,-0.03745897,-3.691645,-0.8367122,-0.4263198,-0.34375,0.0,0.0,0.0,0.0,0.0,0.0,0.0,3.685708,0.5526304,1.455891,1.50788,-0.01970339,-3.706126,0.1086159,-0.6977301,0.08544298,0.7029046,15.77887,270.1638,358.127,0.4138452,-0.00899924,-0.9103025,-0.3320349,-0.01902099,-0.093494,-0.2554802,-0.805889,-4.272743,-0.5354478,-0.2701516,1.9401,0.01174452,-0.03145259,0.9994363,-0.2716856,0.9618042,0.03346093,-0.9623145,-0.2719254,0.00275069,moving,67.66546,51.12008,-15.42896,-7.927248
05/15/2023 12:31:25.428829,1406,True,True,True,True,Eyes,1.585804,-0.03679287,-3.692734,-0.838301,-0.4257222,-0.3406056,0.0,0.0,0.0,0.0,0.0,0.0,0.0,3.675073,0.5391589,1.481216,1.497299,-0.01853962,-3.707911,0.1065138,-0.6947825,0.08497425,0.7061953,15.57599,270.7057,358.3349,0.4120283,-0.009031347,-0.9111261,-0.3121128,-0.01787973,-0.08788436,-0.2762073,-0.7927734,-4.258578,-0.5345424,-0.2674737,1.940614,0.02011356,-0.02799097,0.999406,-0.2680246,0.9628684,0.0323618,-0.9632022,-0.2685163,0.01186441,moving,67.88786,51.33791,-15.40023,-7.8476
05/15/2023 12:31:25.439208,1407,True,True,True,True,Eyes,1.581164,-0.0361553,-3.693814,-0.8398279,-0.42531,-0.337343,0.0,0.0,0.0,0.0,0.0,0.0,0.0,3.664371,0.5323097,1.504209,1.487342,-0.01790257,-3.709596,0.1056025,-0.69178,0.08532616,0.7092308,15.53619,271.2238,358.5086,0.41029,-0.00904383,-0.91191,-0.293386,-0.01680695,-0.0826113,-0.2944202,-0.7854483,-4.242986,-0.5336399,-0.2648016,1.941128,0.02832013,-0.02507551,0.9992843,-0.2671392,0.9631351,0.03173923,-0.9632418,-0.2678469,0.02057748,moving,68.1156,51.57962,-15.37158,-7.76813
05/15/2023 12:31:25.459001,1408,True,True,True,True,Eyes,1.576337,-0.03551875,-3.69491,-0.8412223,-0.4251997,-0.3339914,0.0,0.0,0.0,0.0,0.0,0.0,0.0,3.654217,0.5358938,1.522114,1.477339,-0.0178701,-3.711396,0.106567,-0.6887743,0.08681065,0.711827,15.74166,271.6949,358.618,0.4086176,-0.009039379,-0.9126606,-0.2757829,-0.01579853,-0.07765462,-0.3133672,-0.777355,-4.225765,-0.5327249,-0.2620948,1.941648,0.03610813,-0.02321286,0.9990783,-0.2703894,0.9622148,0.03212863,-0.9620737,-0.2713003,0.02846728,moving,68.34539,51.85061,-15.34254,-7.687644
05/15/2023 12:31:25.478708,1409,True,True,True,True,Eyes,1.571311,-0.03489833,-3.696036,-0.8425144,-0.4253069,-0.3305807,0.0,0.0,0.0,0.0,0.0,0.0,0.0,3.645768,0.5500293,1.532048,1.468036,-0.01719624,-3.712937,0.1096165,-0.6861033,0.08940329,0.7136202,16.20822,272.0586,358.6385,0.4070007,-0.009019721,-0.913383,-0.2592359,-0.01485062,-0.07299534,-0.3291905,-0.7746239,-4.209305,-0.5318211,-0.2594182,1.942162,0.0425387,-0.0228165,0.9988343,-0.2780164,0.9599826,0.03376928,-0.959634,-0.2791288,0.03449301,moving,68.57626,52.14295,-15.31388,-7.608071
05/15/2023 12:31:25.488983,1410,True,True,True,True,Eyes,1.566119,-0.03429984,-3.69717,-0.8437012,-0.4255911,-0.3271705,0.0,0.0,0.0,0.0,0.0,0.0,0.0,3.63812,0.5691127,1.537807,1.458268,-0.01691526,-3.714542,0.1128215,-0.6838078,0.0906795,0.7151611,16.58191,272.3535,358.5295,0.4054293,-0.008986785,-0.914082,-0.2436818,-0.01395958,-0.06861562,-0.3414047,-0.7796438,-4.194772,-0.5309188,-0.256751,1.942674,0.04836822,-0.02459556,0.9985267,-0.2839974,0.958097,0.03735643,-0.9576043,-0.2853858,0.03935638,moving,68.8047,52.44894,-15.28527,-7.528789
05/15/2023 12:31:25.508768,1411,True,True,True,True,Eyes,1.560762,-0.0337029,-3.698298,-0.8447915,-0.4260411,-0.3237534,0.0,0.0,0.0,0.0,0.0,0.0,0.0,3.630219,0.5928814,1.542181,1.449125,-0.01682512,-3.715922,0.1164237,-0.6816182,0.09141178,0.7165794,16.94595,272.6174,358.3403,0.4038949,-0.008942438,-0.9147614,-0.2290609,-0.01312201,-0.06449869,-0.3486202,-0.7914163,-4.183889,-0.5300168,-0.2540814,1.943187,0.05408103,-0.02770546,0.9981521,-0.2897206,0.9561788,0.0422378,-0.9555821,-0.2914695,0.04368429,moving,69.03144,52.76839,-15.25667,-7.449447
05/15/2023 12:31:25.528648,1412,True,True,True,True,Eyes,1.555231,-0.03310634,-3.699428,-0.8458735,-0.4264733,-0.3203413,0.0,0.0,0.0,0.0,0.0,0.0,0.0,3.623499,0.6170862,1.54293,1.439778,-0.01621243,-3.71725,0.1204555,-0.6796219,0.09268765,0.7176445,17.38996,272.8356,358.1568,0.4023905,-0.008887879,-0.9154247,-0.2153172,-0.01233468,-0.06062876,-0.3572351,-0.7994519,-4.175759,-0.5291031,-0.2513776,1.943706,0.05904617,-0.03069481,0.9977833,-0.2967619,0.9537989,0.04690332,-0.9531243,-0.2988735,0.04720909,moving,69.25779,53.08831,-15.22772,-7.369102
05/15/2023 12:31:25.539091,1413,True,True,True,True,Eyes,1.549536,-0.03253049,-3.700561,-0.8471419,-0.4265618,-0.3168529,0.0,0.0,0.0,0.0,0.0,0.0,0.0,3.616864,0.6276304,1.548194,1.430127,-0.01563855,-3.71847,0.121703,-0.6779277,0.09185369,0.7191423,17.43261,273.0765,358.0238,0.4009091,-0.00882413,-0.9160751,-0.2023982,-0.0115946,-0.05699104,-0.3652704,-0.8066338,-4.168699,-0.528182,-0.248655,1.944229,0.06395406,-0.03289999,0.9974104,-0.2971234,0.9535025,0.05050327,-0.9526949,-0.2995838,0.05120503,moving,69.49291,53.39479,-15.19853,-7.288214
05/15/2023 12:31:25.559010,1414,True,True,True,True,Eyes,1.543692,-0.03200215,-3.701685,-0.8484296,-0.4265967,-0.3133408,0.0,0.0,0.0,0.0,0.0,0.0,0.0,3.611145,0.6288625,1.555239,1.420531,-0.01560257,-3.719738,0.1211467,-0.6765452,0.08993904,0.7207783,17.23763,273.3145,357.9437,0.3994457,-0.008752671,-0.9167148,-0.1902543,-0.01089893,-0.05357157,-0.3719293,-0.8158959,-4.163097,-0.5272872,-0.2460031,1.944739,0.06839538,-0.03427025,0.9970695,-0.2935746,0.9544689,0.05294421,-0.9534863,-0.2963354,0.05522041,moving,69.72987,53.70223,-15.17018,-7.209438
05/15/2023 12:31:25.578762,1415,True,True,True,True,Eyes,1.543692,-0.03200215,-3.701685,-0.8484296,-0.4265967,-0.3133408,0.0,0.0,0.0,0.0,0.0,0.0,0.0,3.603737,0.6351393,1.563598,1.411178,-0.01623327,-3.720682,0.1214623,-0.6747625,0.0887812,0.7225376,17.1776,273.5937,357.8633,0.397994,-0.008675396,-0.9173468,-0.178839,-0.01024499,-0.05035728,-0.384469,-0.8131058,-4.156174,-0.5263848,-0.2433336,1.945252,0.07362706,-0.03562092,0.9966495,-0.2922119,0.9547296,0.0557097,-0.9535152,-0.2953345,0.05988509,moving,69.72987,53.70223,-15.1416,-7.130153
05/15/2023 12:31:25.588854,1416,True,True,True,True,Eyes,1.543692,-0.03200215,-3.701685,-0.8484296,-0.4265967,-0.3133408,0.0,0.0,0.0,0.0,0.0,0.0,0.0,3.595422,0.6437638,1.573117,1.401704,-0.01672491,-3.721711,0.1222136,-0.6727207,0.08791555,0.7244181,17.17869,273.9024,357.7772,0.3966867,-0.008605839,-0.9179135,-0.1681087,-0.009630292,-0.04733584,-0.4000389,-0.8038564,-4.148957,-0.5254656,-0.2406154,1.945774,0.07943529,-0.03705608,0.9961511,-0.2918065,0.9546694,0.05878232,-0.9531732,-0.2953528,0.06502125,moving,69.72987,53.70223,-15.1125,-7.049438
05/15/2023 12:31:25.608477,1417,True,True,True,True,Eyes,1.536947,-0.03156566,-3.70282,-0.8504269,-0.4256934,-0.3091266,0.0,0.0,0.0,0.0,0.0,0.0,0.0,3.586201,0.6478639,1.585831,1.392218,-0.01718831,-3.72248,0.1222009,-0.6705418,0.08680552,0.7265711,17.09691,274.2529,357.737,0.3955097,-0.008543238,-0.9184218,-0.1580222,-0.009052474,-0.04449569,-0.4136799,-0.7996224,-4.140234,-0.5245993,-0.2380528,1.946266,0.08567701,-0.03774083,0.9956079,-0.2900223,0.9550635,0.06116181,-0.953177,-0.2939887,0.07088128,moving,70.024,54.0139,-15.08508,-6.973357
05/15/2023 12:31:25.628879,1418,True,True,True,True,Eyes,1.530095,-0.03118472,-3.70393,-0.852359,-0.424902,-0.3048646,0.0,0.0,0.0,0.0,0.0,0.0,0.0,3.577762,0.6486328,1.598195,1.382869,-0.01804754,-3.723262,0.1220101,-0.6683862,0.08647852,0.7286255,17.0617,274.6047,357.7772,0.3942969,-0.008476307,-0.9189436,-0.1485408,-0.008509326,-0.04182595,-0.4268725,-0.7969298,-4.130606,-0.523663,-0.235283,1.946799,0.09156283,-0.03707879,0.9951088,-0.2891205,0.95527,0.06219721,-0.9529038,-0.2934014,0.07674698,moving,70.31932,54.34079,-15.05545,-6.891138
05/15/2023 12:31:25.639078,1419,True,True,True,True,Eyes,1.523093,-0.0308182,-3.705149,-0.8553084,-0.4225545,-0.2998251,0.0,0.0,0.0,0.0,0.0,0.0,0.0,3.569983,0.6496679,1.608353,1.373502,-0.0189763,-3.723812,0.1223467,-0.666245,0.08727366,0.7304329,17.15894,274.9411,357.8689,0.3930501,-0.008406887,-0.9194783,-0.1396284,-0.007998766,-0.03931639,-0.4412465,-0.7920946,-4.119139,-0.5227568,-0.2325993,1.947314,0.09700175,-0.03553063,0.9946499,-0.2905208,0.9548292,0.0624408,-0.9519393,-0.2950234,0.08229768,moving,70.68208,54.64225,-15.02678,-6.811493
05/15/2023 12:31:25.658922,1420,True,True,True,True,Eyes,1.515979,-0.03050677,-3.706327,-0.8582097,-0.4202192,-0.2947741,0.0,0.0,0.0,0.0,0.0,0.0,0.0,3.56236,0.648043,1.618655,1.363579,-0.01964436,-3.724336,0.1221157,-0.6642113,0.08745153,0.7323001,17.15893,275.2737,357.9524,0.3917683,-0.008335579,-0.9200258,-0.1312507,-0.00751884,-0.03695741,-0.4544921,-0.7899088,-4.107408,-0.521881,-0.2300097,1.947812,0.1023513,-0.03413972,0.9941624,-0.2903028,0.9548799,0.0626781,-0.9514455,-0.2950233,0.08782239,moving,71.04366,54.95122,-14.99908,-6.734653
05/15/2023 12:31:25.678746,1421,True,True,True,True,Eyes,1.508769,-0.03026718,-3.707292,-0.8610491,-0.4178918,-0.2897601,0.0,0.0,0.0,0.0,0.0,0.0,0.0,3.554982,0.6427622,1.629355,1.353862,-0.02066089,-3.724576,0.1209723,-0.6624145,0.08674278,0.7341992,17.01097,275.5899,358.0287,0.3904524,-0.008263929,-0.9205858,-0.1233756,-0.00706771,-0.03473996,-0.4656723,-0.7923405,-4.095858,-0.5209796,-0.227343,1.948324,0.1073654,-0.03289464,0.9936754,-0.2876406,0.9556828,0.06271619,-0.9517014,-0.2925549,0.09314546,moving,71.40089,55.26312,-14.97057,-6.655542
05/15/2023 12:31:25.689000,1422,True,True,True,True,Eyes,1.501444,-0.03009703,-3.708211,-0.8638023,-0.4156422,-0.2847583,0.0,0.0,0.0,0.0,0.0,0.0,0.0,3.547844,0.6402057,1.638279,1.343967,-0.02196775,-3.72482,0.12031,-0.6606314,0.08631822,0.7359627,16.926,275.8906,358.0887,0.3891055,-0.008193816,-0.9211565,-0.1159731,-0.006643647,-0.03265557,-0.4786403,-0.7913781,-4.084309,-0.5200785,-0.2246742,1.948837,0.1122307,-0.03190717,0.99317,-0.2860151,0.9561493,0.06303831,-0.9516301,-0.2911364,0.09818333,moving,71.75484,55.58479,-14.94209,-6.576384
05/15/2023 12:31:25.710037,1423,True,True,True,True,Eyes,1.315428,-0.02731083,-3.730365,-0.9207875,-0.3574705,-0.1560934,0.0,0.0,0.0,0.0,0.0,0.0,0.0,3.54055,0.641041,1.645185,1.333888,-0.02346413,-3.724682,0.1202006,-0.6588772,0.08608002,0.7375792,16.9027,276.1718,358.1186,0.3877283,-0.008126824,-0.9217376,-0.1090147,-0.006245029,-0.03069623,-0.4932016,-0.7860795,-4.072838,-0.5191913,-0.2220485,1.949341,0.1169422,-0.03141325,0.9926418,-0.2853766,0.9562841,0.06388262,-0.9512544,-0.2907473,0.1028654,moving,80.37859,66.411,-14.91404,-6.498523
05/15/2023 12:31:25.728668,1424,True,True,True,True,Eyes,1.315017,-0.02737118,-3.730347,-0.9208096,-0.3574786,-0.1559442,0.0,0.0,0.0,0.0,0.0,0.0,0.0,3.533882,0.641918,1.650626,1.323761,-0.02476566,-3.724512,0.1201054,-0.657276,0.08572782,0.7390628,16.8714,276.4274,358.1335,0.3803393,-0.008001561,-0.9248122,-0.6605207,0.002488263,-0.09531531,-0.5070217,-0.7828072,-4.061928,-0.5182679,-0.2193162,1.949866,0.121278,-0.03116834,0.9921291,-0.2846013,0.9564509,0.06483719,-0.9509436,-0.2902245,0.1071259,moving,80.38785,66.43156,-14.88487,-6.417517
05/15/2023 12:31:25.738959,1425,True,True,True,True,Eyes,1.314207,-0.02748509,-3.730281,-0.9208364,-0.357527,-0.1556751,0.0,0.0,0.0,0.0,0.0,0.0,0.0,3.52798,0.642433,1.653912,1.313527,-0.02638979,-3.724075,0.1200901,-0.6558369,0.08569048,0.740347,16.87081,276.6556,358.1653,0.3742526,-0.007891282,-0.927293,-0.6208894,0.002338968,-0.08959639,-0.5201083,-0.7814273,-4.051441,-0.517355,-0.2166154,1.950385,0.1250702,-0.0306377,0.9916748,-0.2844004,0.956471,0.06541876,-0.9505126,-0.2902146,0.1109126,moving,80.4044,66.47063,-14.85603,-6.337462
05/15/2023 12:31:25.758650,1426,True,True,True,True,Eyes,1.313008,-0.02765823,-3.730185,-0.9208738,-0.3575932,-0.155302,0.0,0.0,0.0,0.0,0.0,0.0,0.0,3.523385,0.6397523,1.655541,1.303136,-0.02785672,-3.723626,0.1198567,-0.6545911,0.08604536,0.7414453,16.88091,276.8596,358.2443,0.3692222,-0.007795789,-0.9293082,-0.583636,0.00219863,-0.08422061,-0.5332039,-0.7794411,-4.041754,-0.5164316,-0.2138845,1.950909,0.1282131,-0.02931836,0.9913134,-0.2845101,0.9564612,0.06508523,-0.9500609,-0.2903834,0.1142895,moving,80.42735,66.5248,-14.82688,-6.256534
05/15/2023 12:31:25.778578,1427,True,True,True,True,Eyes,1.31143,-0.02787317,-3.730035,-0.9209097,-0.3577116,-0.1548153,0.0,0.0,0.0,0.0,0.0,0.0,0.0,3.519764,0.634792,1.655129,1.292531,-0.02920306,-3.722856,0.1194601,-0.6535679,0.08660897,0.7423458,16.89215,277.0329,358.3493,0.3650458,-0.00771502,-0.9309573,-0.5486179,0.002066712,-0.07916737,-0.5456743,-0.7790692,-4.032751,-0.5155761,-0.2113516,1.951397,0.1306959,-0.02756293,0.9910393,-0.2847382,0.9564564,0.0641517,-0.9496542,-0.2905711,0.1171567,moving,80.45716,66.59734,-14.79986,-6.181488
05/15/2023 12:31:25.789200,1428,True,True,True,True,Eyes,1.309478,-0.02811852,-3.729846,-0.9209434,-0.3578545,-0.154284,0.0,0.0,0.0,0.0,0.0,0.0,0.0,3.517315,0.6293409,1.652066,1.281803,-0.03037886,-3.721956,0.1191971,-0.6527683,0.08747216,0.7429902,16.93716,277.1683,358.4645,0.3615574,-0.007648491,-0.9323182,-0.5157008,0.001942709,-0.07441733,-0.5579759,-0.779032,-4.024266,-0.5146242,-0.208532,1.951939,0.1324846,-0.02563431,0.9908535,-0.2855981,0.9562814,0.0629265,-0.9491479,-0.2913226,0.1193714,moving,80.48965,66.67738,-14.76981,-6.097967
05/15/2023 12:31:25.808897,1429,True,True,True,True,Eyes,1.307149,-0.02840598,-3.729642,-0.9210443,-0.3579068,-0.1535577,0.0,0.0,0.0,0.0,0.0,0.0,0.0,3.515811,0.6234168,1.646604,1.270897,-0.03134269,-3.720849,0.1188579,-0.652244,0.08810983,0.7434294,16.95755,277.2614,358.5597,0.3585434,-0.007595293,-0.9334819,-0.4847588,0.001826146,-0.06995229,-0.5701035,-0.7793587,-4.016481,-0.5137557,-0.2059645,1.952432,0.1336288,-0.02404188,0.9907398,-0.2860556,0.9562189,0.06178672,-0.9488496,-0.2916631,0.1209011,moving,80.53463,66.77854,-14.7424,-6.021931
05/15/2023 12:31:25.828467,1430,True,True,True,True,Eyes,1.304478,-0.02873399,-3.729388,-0.9211528,-0.3579473,-0.1528116,0.0,0.0,0.0,0.0,0.0,0.0,0.0,3.513381,0.6155984,1.64327,1.25962,-0.03267656,-3.719601,0.1175983,-0.6517452,0.08735611,0.7441559,16.79155,277.3694,358.6069,0.3557769,-0.0075548,-0.9345401,-0.4556732,0.001716578,-0.06575515,-0.5817239,-0.7805555,-4.009775,-0.5128454,-0.2032717,1.952949,0.1351942,-0.02327509,0.9905458,-0.2833013,0.9570791,0.06115502,-0.9494541,-0.2888907,0.1227976,moving,80.58089,66.88184,-14.71369,-5.942204
05/15/2023 12:31:25.840985,1431,True,True,True,True,Eyes,1.301472,-0.02909078,-3.729024,-0.9211752,-0.3581098,-0.1522942,0.0,0.0,0.0,0.0,0.0,0.0,0.0,3.511653,0.611867,1.636852,1.24875,-0.0339777,-3.718177,0.1172733,-0.6513424,0.08737913,0.7445568,16.76583,277.441,358.6443,0.3532271,-0.007526821,-0.9355072,-0.4283329,0.001613583,-0.06180984,-0.5936896,-0.7805668,-4.004252,-0.5119283,-0.2005573,1.95347,0.1362358,-0.02265272,0.9904174,-0.2828876,0.9572237,0.06080583,-0.9494284,-0.2884608,0.124,moving,80.61243,66.9613,-14.68477,-5.86186
05/15/2023 12:31:25.859084,1432,True,True,True,True,Eyes,1.298133,-0.0294671,-3.728602,-0.9212273,-0.3582076,-0.1517489,0.0,0.0,0.0,0.0,0.0,0.0,0.0,3.510117,0.611575,1.627992,1.237512,-0.03496219,-3.716537,0.1177875,-0.65093,0.08804062,0.7447584,16.86173,277.4951,358.6705,0.3508654,-0.007510881,-0.9363956,-0.4026329,0.001516768,-0.05810125,-0.6085939,-0.7747244,-3.997982,-0.5110488,-0.1979552,1.95397,0.1370779,-0.02220487,0.9903113,-0.2844808,0.9567499,0.0608299,-0.948831,-0.290063,0.1248324,moving,80.64597,67.04082,-14.65704,-5.784855
05/15/2023 12:31:25.879112,1433,True,True,True,True,Eyes,1.294486,-0.02986861,-3.728083,-0.921275,-0.3582816,-0.1512836,0.0,0.0,0.0,0.0,0.0,0.0,0.0,3.507795,0.6075978,1.621794,1.226199,-0.03581996,-3.714723,0.1172322,-0.6505576,0.08743823,0.7452423,16.76817,277.5656,358.671,0.3486665,-0.007506317,-0.9372165,-0.3784749,0.001425762,-0.05461518,-0.6212042,-0.7730251,-3.992898,-0.5101013,-0.1951513,1.954508,0.1382585,-0.02220727,0.9901473,-0.2828579,0.9572223,0.06096554,-0.949145,-0.2885,0.1260626,moving,80.67462,67.10822,-14.62717,-5.7019
05/15/2023 12:31:25.888659,1434,True,True,True,True,Eyes,1.290539,-0.03029032,-3.727502,-0.9213406,-0.358321,-0.1507904,0.0,0.0,0.0,0.0,0.0,0.0,0.0,3.505206,0.6045939,1.61569,1.215034,-0.03680253,-3.712787,0.1168157,-0.6501449,0.08690649,0.7457299,16.69217,277.6391,358.6674,0.3466078,-0.007512678,-0.9379798,-0.3557664,0.001340216,-0.05133827,-0.632474,-0.7749798,-3.988502,-0.5092321,-0.1925803,1.955002,0.1395177,-0.02227673,0.9899691,-0.2815118,0.9576027,0.06122226,-0.9493609,-0.2872295,0.1273313,moving,80.70514,67.17742,-14.59979,-5.625853
05/15/2023 12:31:25.908516,1435,True,True,True,True,Eyes,1.286294,-0.03069544,-3.726856,-0.9214334,-0.3583099,-0.1502479,0.0,0.0,0.0,0.0,0.0,0.0,0.0,3.50288,0.6007683,1.609097,1.203904,-0.03771523,-3.710724,0.1164106,-0.6497703,0.08663023,0.7461518,16.63654,277.7071,358.6842,0.3446693,-0.00752943,-0.9386937,-0.3344204,0.001259803,-0.04825797,-0.6464565,-0.7704312,-3.98308,-0.5083098,-0.1898514,1.955527,0.1405876,-0.02200177,0.9898238,-0.2805589,0.9578875,0.06114049,-0.9494851,-0.2862995,0.1284943,moving,80.73891,67.25053,-14.57073,-5.545156
05/15/2023 12:31:25.928824,1436,True,True,True,True,Eyes,1.28176,-0.03107829,-3.726142,-0.9216091,-0.3580984,-0.1496736,0.0,0.0,0.0,0.0,0.0,0.0,0.0,3.50012,0.5956607,1.603636,1.192519,-0.03773873,-3.708607,0.1155361,-0.6494354,0.08543342,0.746717,16.46996,277.7773,358.6569,0.342833,-0.007555152,-0.9393657,-0.3143552,0.001184215,-0.04536249,-0.6600468,-0.7665882,-3.977505,-0.5074122,-0.1871939,1.956038,0.1418696,-0.0224773,0.9896302,-0.2776557,0.9587051,0.06157857,-0.9501477,-0.2835125,0.1297701,moving,80.77544,67.31665,-14.54245,-5.46659
05/15/2023 12:31:25.939102,1437,True,True,True,True,Eyes,1.276956,-0.03142094,-3.725342,-0.9218487,-0.357755,-0.1490182,0.0,0.0,0.0,0.0,0.0,0.0,0.0,3.496374,0.5914295,1.599575,1.181069,-0.03763273,-3.706309,0.1142511,-0.6490994,0.08303557,0.747477,16.17648,277.8536,358.5569,0.3410826,-0.007588428,-0.9400024,-0.2954939,0.001113162,-0.04264074,-0.6731918,-0.7636114,-3.972016,-0.5065579,-0.1846666,1.956523,0.1435501,-0.02418631,0.9893474,-0.272455,0.9601035,0.06300344,-0.9513999,-0.2785968,0.1312332,moving,80.81749,67.38647,-14.51555,-5.391894
05/15/2023 12:31:25.958731,1438,True,True,True,True,Eyes,1.271881,-0.03171127,-3.72448,-0.922171,-0.3572053,-0.1483409,0.0,0.0,0.0,0.0,0.0,0.0,0.0,3.492579,0.590619,1.594501,1.169721,-0.03702888,-3.704019,0.1135171,-0.6487603,0.08063626,0.7481456,15.93114,277.917,358.4128,0.339404,-0.007627528,-0.9406095,-0.2777643,0.001046372,-0.0400823,-0.6881484,-0.7557211,-3.966273,-0.5056644,-0.1820221,1.957031,0.1452159,-0.02663544,0.9890414,-0.2679461,0.9612233,0.06522744,-0.9524271,-0.2744819,0.132448,moving,80.86166,67.44777,-14.48742,-5.313753
05/15/2023 12:31:25.978724,1439,True,True,True,True,Eyes,1.266553,-0.0318893,-3.723521,-0.9224974,-0.3567054,-0.1475126,0.0,0.0,0.0,0.0,0.0,0.0,0.0,3.488184,0.5903907,1.590364,1.158152,-0.03611362,-3.701705,0.1126364,-0.6483602,0.07766395,0.7489395,15.63,277.9914,358.2311,0.3377843,-0.007670583,-0.941192,-0.2610984,0.0009835901,-0.03767736,-0.7049388,-0.7429709,-3.960091,-0.5047562,-0.1793347,1.957547,0.1471946,-0.0297267,0.9886608,-0.2623891,0.9625627,0.06800723,-0.9536697,-0.2694241,0.1338841,moving,80.91499,67.53286,-14.45884,-5.234367
05/15/2023 12:31:25.988765,1440,True,True,True,True,Eyes,1.260956,-0.03192432,-3.722502,-0.9228994,-0.3560026,-0.1466935,0.0,0.0,0.0,0.0,0.0,0.0,0.0,3.485238,0.5919546,1.582536,1.146642,-0.03356566,-3.699432,0.1128765,-0.6480837,0.07602996,0.7493103,15.52784,278.024,358.0749,0.3362119,-0.007714404,-0.9417545,-0.2454325,0.0009245747,-0.03541672,-0.7210115,-0.7308907,-3.954541,-0.5038596,-0.1766826,1.958056,0.1484138,-0.03236676,0.9883955,-0.2602468,0.9629567,0.07061142,-0.9540676,-0.2677065,0.1344927,moving,80.96848,67.60553,-14.43064,-5.156044
05/15/2023 12:31:26.008919,1441,True,True,True,True,Eyes,1.255104,-0.03191733,-3.721418,-0.9234551,-0.3549888,-0.1456492,0.0,0.0,0.0,0.0,0.0,0.0,0.0,3.481496,0.5914937,1.576423,1.134591,-0.03021607,-3.696968,0.1122445,-0.6478543,0.07286069,0.7499183,15.23358,278.0653,357.8524,0.334677,-0.007755294,-0.9423008,-0.2307066,0.0008691003,-0.03329172,-0.738057,-0.7163313,-3.948566,-0.502952,-0.1739959,1.958573,0.1499522,-0.0361571,0.9880319,-0.2547153,0.9641849,0.07394222,-0.9553191,-0.2627546,0.1353719,moving,81.03703,67.69203,-14.40208,-5.076723
05/15/2023 12:31:26.028620,1442,True,True,True,True,Eyes,1.249065,-0.03181048,-3.720283,-0.9239289,-0.3541814,-0.1446058,0.0,0.0,0.0,0.0,0.0,0.0,0.0,3.474592,0.5766366,1.583173,1.122643,-0.02928656,-3.694666,0.107824,-0.647114,0.06701162,0.7517492,14.40898,278.2653,357.7043,0.33317,-0.007792515,-0.9428344,-0.2168642,0.0008169542,-0.03129421,-0.7524144,-0.7066811,-3.944234,-0.502021,-0.1712433,1.959102,0.1535057,-0.03879702,0.9873858,-0.2403008,0.9677668,0.07538493,-0.958484,-0.2488416,0.1392348,moving,81.1047,67.7907,-14.37281,-4.995477
05/15/2023 12:31:26.039443,1443,True,True,True,True,Eyes,1.242758,-0.03158541,-3.719062,-0.9243714,-0.3535536,-0.1433094,0.0,0.0,0.0,0.0,0.0,0.0,0.0,3.47188,0.578006,1.575662,1.112098,-0.02674717,-3.692327,0.1094054,-0.646446,0.06857617,0.7519544,14.66679,278.3373,357.73,0.331684,-0.007823913,-0.9433578,-0.2038523,0.000767937,-0.02941656,-0.7696984,-0.6894684,-3.939248,-0.501096,-0.1685041,1.959628,0.1548097,-0.03831704,0.9872011,-0.2445816,0.9666555,0.07587413,-0.9571907,-0.2531973,0.140276,moving,81.18735,67.93533,-14.34373,-4.914649
05/15/2023 12:31:26.058912,1444,True,True,True,True,Eyes,1.23625,-0.03132625,-3.717797,-0.9250519,-0.3523918,-0.1417708,0.0,0.0,0.0,0.0,0.0,0.0,0.0,3.463661,0.571282,1.581251,1.099263,-0.02365504,-3.689813,0.1082873,-0.6448477,0.06685641,0.7536415,14.44462,278.6049,357.6986,0.3302115,-0.007847085,-0.9438742,-0.1916212,0.0007218608,-0.02765157,-0.7930285,-0.6581953,-3.928161,-0.5002164,-0.1659019,1.960128,0.1594034,-0.03888616,0.9864475,-0.2404293,0.9676082,0.07699531,-0.9574887,-0.2494441,0.1448907,moving,81.28681,68.08458,-14.31608,-4.837887
05/15/2023 12:31:26.078847,1445,True,True,True,True,Eyes,1.229583,-0.03106416,-3.716513,-0.9255293,-0.3517243,-0.1403052,0.0,0.0,0.0,0.0,0.0,0.0,0.0,3.453354,0.5434022,1.600424,1.087959,-0.02270073,-3.687564,0.102134,-0.6430397,0.0618026,0.7564713,13.53304,279.0027,357.769,0.3287467,-0.00786199,-0.9443852,-0.1801239,0.0006785492,-0.02599247,-0.8019911,-0.6618164,-3.922596,-0.4993077,-0.1632137,1.960644,0.1653606,-0.03784866,0.9855065,-0.2248563,0.9714982,0.07503983,-0.960258,-0.2340059,0.1521371,moving,81.3799,68.25261,-14.28753,-4.75861
05/15/2023 12:31:26.089038,1446,True,True,True,True,Eyes,1.222733,-0.03075212,-3.715193,-0.9258946,-0.3514087,-0.1386761,0.0,0.0,0.0,0.0,0.0,0.0,0.0,3.445755,0.5397046,1.605968,1.076588,-0.02237,-3.685662,0.1031889,-0.6408401,0.06497443,0.7579277,13.86859,279.3275,358.007,0.3272844,-0.007869391,-0.9448929,-0.1693165,0.0006378362,-0.02443292,-0.8194071,-0.6487285,-3.90963,-0.4983732,-0.1604467,1.961176,0.1702046,-0.03376332,0.9848301,-0.230747,0.9702607,0.07314298,-0.9580116,-0.2396959,0.157352,moving,81.48183,68.46437,-14.25817,-4.677034
05/15/2023 12:31:26.108598,1447,True,True,True,True,Eyes,1.215702,-0.03038168,-3.713862,-0.9261087,-0.351503,-0.1369977,0.0,0.0,0.0,0.0,0.0,0.0,0.0,3.43797,0.5352031,1.611733,1.065346,-0.02079283,-3.683527,0.1046801,-0.6385186,0.06899665,0.7593258,14.30501,279.6644,358.291,0.325821,-0.007868764,-0.9453985,-0.1591575,0.000599566,-0.02296695,-0.8425209,-0.6162837,-3.891259,-0.4975014,-0.1578695,1.961671,0.1750671,-0.02889845,0.9841322,-0.2384622,0.9685631,0.07086124,-0.955242,-0.2470838,0.1626723,moving,81.58535,68.70674,-14.2308,-4.60108
05/15/2023 12:31:26.128731,1448,True,True,True,True,Eyes,1.208542,-0.02997158,-3.712505,-0.926246,-0.3518154,-0.1352562,0.0,0.0,0.0,0.0,0.0,0.0,0.0,3.431696,0.5218786,1.617953,1.054892,-0.01889308,-3.681509,0.1040874,-0.6367559,0.07109977,0.7606922,14.41263,279.9539,358.5572,0.3243513,-0.007859417,-0.9459038,-0.149608,0.0005635921,-0.02158893,-0.8519809,-0.6263535,-3.877249,-0.4965395,-0.1550233,1.962217,0.1789735,-0.02438648,0.9835516,-0.2407266,0.9682212,0.06781057,-0.9539493,-0.2489034,0.1674155,moving,81.69203,68.97064,-14.20061,-4.517221
05/15/2023 12:31:26.138905,1449,True,True,True,True,Eyes,1.201246,-0.02952351,-3.711092,-0.9262711,-0.3523444,-0.1336986,0.0,0.0,0.0,0.0,0.0,0.0,0.0,3.428116,0.513128,1.617124,1.044627,-0.01748563,-3.679514,0.1046367,-0.6355034,0.07420056,0.7613679,14.69321,280.1446,358.8149,0.3228734,-0.007841204,-0.9464095,-0.1406315,0.0005297766,-0.0202936,-0.8599409,-0.6390811,-3.862856,-0.4956703,-0.1524508,1.962712,0.1812596,-0.02000605,0.9832318,-0.2459817,0.9670909,0.06502456,-0.9521754,-0.2536434,0.1703734,moving,81.78662,69.22054,-14.17333,-4.441448
05/15/2023 12:31:26.158630,1450,True,True,True,True,Eyes,1.015602,-0.01744515,-3.675402,-0.9277026,-0.3608659,-0.09562276,0.0,0.0,0.0,0.0,0.0,0.0,0.0,3.426558,0.5028733,1.612394,1.0339,-0.01604657,-3.677607,0.104353,-0.6348872,0.0757221,0.7617709,14.78165,280.2502,358.9843,0.3213847,-0.007814034,-0.9469162,-0.1321937,0.0004979899,-0.01907598,-0.870393,-0.6405658,-3.849653,-0.494792,-0.1498511,1.963211,0.1823689,-0.01713902,0.9830808,-0.2478706,0.9667532,0.06283622,-0.9514735,-0.2551362,0.1720574,moving,84.11503,75.15877,-14.14577,-4.364901
05/15/2023 12:31:26.179678,1451,True,True,True,True,Eyes,1.015176,-0.01740203,-3.675398,-0.9277216,-0.3607916,-0.09571858,0.0,0.0,0.0,0.0,0.0,0.0,0.0,3.425611,0.4960459,1.605695,1.023364,-0.01475444,-3.675818,0.1031261,-0.6348425,0.07403492,0.762141,14.5482,280.2766,358.9293,0.3136462,-0.007357218,-0.9495111,-0.6811948,0.0367032,0.0891395,-0.8785203,-0.647982,-3.840104,-0.4938726,-0.1471307,1.963734,0.1829876,-0.01808764,0.9829488,-0.2437878,0.9677677,0.0631923,-0.9524091,-0.2511944,0.17268,moving,84.1093,75.14163,-14.11693,-4.284819
05/15/2023 12:31:26.189124,1452,True,True,True,True,Eyes,1.014355,-0.01734012,-3.675335,-0.9277815,-0.3605977,-0.09586839,0.0,0.0,0.0,0.0,0.0,0.0,0.0,3.425253,0.5049955,1.593616,1.012973,-0.01371785,-3.674329,0.1037999,-0.6350489,0.07146693,0.7621228,14.41755,280.2222,358.645,0.3073179,-0.006983517,-0.9515811,-0.6403232,0.03450101,0.08379113,-0.8891209,-0.648414,-3.833354,-0.4929736,-0.1444696,1.964246,0.1832109,-0.02290288,0.9828068,-0.2407691,0.9682361,0.06744654,-0.9531338,-0.2489865,0.1718771,moving,84.10052,75.11176,-14.08873,-4.206511
05/15/2023 12:31:26.208721,1453,True,True,True,True,Eyes,1.013167,-0.01727824,-3.675222,-0.9280463,-0.3598278,-0.09619818,0.0,0.0,0.0,0.0,0.0,0.0,0.0,3.423866,0.5212181,1.581364,1.002655,-0.01323217,-3.672838,0.1052566,-0.6351134,0.06851251,0.7621406,14.32768,280.1716,358.269,0.3021261,-0.006676667,-0.9532443,-0.6019038,0.03243095,0.07876366,-0.9033498,-0.6366542,-3.829202,-0.4920842,-0.1418378,1.964751,0.1838742,-0.02926747,0.9825141,-0.2381321,0.9684542,0.07341431,-0.9536685,-0.2474671,0.1711042,moving,84.08205,75.0323,-14.06085,-4.129091
05/15/2023 12:31:26.228535,1454,True,True,True,True,Eyes,1.011652,-0.0171824,-3.675061,-0.9281907,-0.359358,-0.09656038,0.0,0.0,0.0,0.0,0.0,0.0,0.0,3.422298,0.5312333,1.571916,0.9926816,-0.01319693,-3.671466,0.1063456,-0.6349082,0.06697071,0.7622974,14.31037,280.1744,358.0521,0.2978481,-0.006423954,-0.9545913,-0.5657896,0.03048509,0.07403784,-0.9166577,-0.6265677,-3.828681,-0.4911921,-0.1391984,1.965258,0.1848131,-0.03293625,0.9822217,-0.2371426,0.9684111,0.07709349,-0.9537336,-0.2471745,0.1711645,moving,84.06084,74.95974,-14.03288,-4.051471
05/15/2023 12:31:26.239575,1455,True,True,True,True,Eyes,1.009786,-0.01709179,-3.674861,-0.9284877,-0.3585264,-0.09679599,0.0,0.0,0.0,0.0,0.0,0.0,0.0,3.42253,0.5447239,1.557756,0.9832832,-0.01223281,-3.670156,0.1097876,-0.6346747,0.06899509,0.7618232,14.76507,280.1418,357.9711,0.294303,-0.006214187,-0.9556917,-0.5318422,0.02865598,0.06959558,-0.9296861,-0.6175482,-3.828217,-0.4902823,-0.136507,1.965776,0.1848555,-0.03423474,0.9821693,-0.244483,0.9663727,0.07969865,-0.9518701,-0.2548564,0.1702695,moving,84.04835,74.89134,-14.00437,-3.972345
05/15/2023 12:31:26.259061,1456,True,True,True,True,Eyes,1.007652,-0.01700533,-3.674622,-0.9287057,-0.357909,-0.09698882,0.0,0.0,0.0,0.0,0.0,0.0,0.0,3.420079,0.5443761,1.553849,0.9730167,-0.01228578,-3.668899,0.1098327,-0.6339905,0.06863446,0.7624187,14.74421,280.2441,357.9491,0.2913424,-0.006039249,-0.9565995,-0.4999317,0.02693662,0.06541984,-0.9413924,-0.6125682,-3.825839,-0.4893296,-0.1336875,1.966317,0.1866907,-0.03460937,0.981809,-0.2439221,0.9664522,0.0804498,-0.9516559,-0.2545041,0.1719857,moving,84.03796,74.83771,-13.97453,-3.889485
05/15/2023 12:31:26.278618,1457,True,True,True,True,Eyes,1.005211,-0.01689804,-3.674392,-0.9289171,-0.3573739,-0.09693825,0.0,0.0,0.0,0.0,0.0,0.0,0.0,3.420111,0.5410195,1.546736,0.964424,-0.01225467,-3.667696,0.1107154,-0.6335651,0.07092473,0.762435,14.99278,280.2975,358.0933,0.2886636,-0.005881822,-0.9574122,-0.4699358,0.02532043,0.06149465,-0.9471047,-0.6234715,-3.825468,-0.4884605,-0.1311156,1.966812,0.1871299,-0.03213979,0.9818094,-0.2484418,0.9654235,0.07895567,-0.9503996,-0.2586974,0.1726748,moving,84.0424,74.8236,-13.94731,-3.813926
05/15/2023 12:31:26.288943,1458,True,True,True,True,Eyes,1.002491,-0.01678116,-3.674115,-0.9291585,-0.3568003,-0.09673648,0.0,0.0,0.0,0.0,0.0,0.0,0.0,3.419029,0.5428703,1.539378,0.9548246,-0.01163664,-3.666378,0.1130576,-0.6326964,0.07446533,0.7624752,15.46413,280.3905,358.2456,0.2861932,-0.005737396,-0.9581544,-0.4417396,0.0238012,0.05780497,-0.9589107,-0.6201894,-3.819545,-0.4875394,-0.1283893,1.967335,0.1883004,-0.02950635,0.9816682,-0.2566182,0.9633458,0.0781793,-0.9479927,-0.2666351,0.1738265,moving,84.05624,74.83051,-13.91847,-3.733858
05/15/2023 12:31:26.308906,1459,True,True,True,True,Eyes,0.9995199,-0.01665167,-3.673837,-0.9295041,-0.3560449,-0.09619832,0.0,0.0,0.0,0.0,0.0,0.0,0.0,3.414443,0.5332994,1.543845,0.9454396,-0.01129951,-3.665011,0.1117458,-0.6314651,0.07428644,0.7637057,15.33727,280.6078,358.3564,0.2839038,-0.005604425,-0.9588361,-0.4152353,0.02237313,0.05433667,-0.9655989,-0.6271847,-3.815668,-0.4866816,-0.125853,1.967823,0.1914667,-0.0276612,0.9811093,-0.2545931,0.9639888,0.0768632,-0.9479045,-0.2645004,0.1775294,moving,84.09126,74.8805,-13.89162,-3.659393
05/15/2023 12:31:26.329032,1460,True,True,True,True,Eyes,0.9962901,-0.016512,-3.67352,-0.9298351,-0.3553666,-0.09550564,0.0,0.0,0.0,0.0,0.0,0.0,0.0,3.409925,0.5286528,1.547875,0.9365532,-0.01088379,-3.664114,0.1117964,-0.629985,0.07548014,0.7648027,15.43275,280.8373,358.4897,0.2817718,-0.00548146,-0.9594655,-0.3903212,0.02103074,0.05107647,-0.9710457,-0.6406984,-3.810684,-0.485742,-0.1230725,1.968357,0.1948434,-0.0254053,0.9805052,-0.256315,0.9636086,0.07590171,-0.9467516,-0.2661071,0.181241,moving,84.13557,74.95707,-13.86222,-3.577791
05/15/2023 12:31:26.338710,1461,True,True,True,True,Eyes,0.992794,-0.01636367,-3.673203,-0.9303554,-0.3542891,-0.09443539,0.0,0.0,0.0,0.0,0.0,0.0,0.0,3.403697,0.5263113,1.55377,0.9271257,-0.01048681,-3.662879,0.1118637,-0.628242,0.0760507,0.766169,15.48401,281.1038,358.5718,0.2797751,-0.00536723,-0.9600503,-0.3669019,0.0197689,0.04801188,-0.9829826,-0.6348546,-3.800479,-0.4848895,-0.1205496,1.968841,0.1990566,-0.02401958,0.9796937,-0.2570903,0.9634056,0.07585651,-0.9456644,-0.2669695,0.185597,moving,84.20406,75.07488,-13.83556,-3.503773
05/15/2023 12:31:26.359143,1462,True,True,True,True,Eyes,0.9890717,-0.01623649,-3.672852,-0.9309341,-0.3530962,-0.09319313,0.0,0.0,0.0,0.0,0.0,0.0,0.0,3.396806,0.5138276,1.564575,0.9174363,-0.01023263,-3.661749,0.1092238,-0.6265919,0.07422809,0.7680776,15.11789,281.4054,358.6436,0.2778945,-0.005260679,-0.960597,-0.3448878,0.01858276,0.04513117,-0.9920574,-0.636153,-3.790645,-0.483956,-0.1177869,1.969371,0.2037458,-0.02285156,0.9787571,-0.2509033,0.9651207,0.0747632,-0.9463272,-0.2608061,0.1909058,moving,84.28333,75.215,-13.80637,-3.422748
05/15/2023 12:31:26.378681,1463,True,True,True,True,Eyes,0.9851011,-0.01615243,-3.672499,-0.9316552,-0.351594,-0.09165302,0.0,0.0,0.0,0.0,0.0,0.0,0.0,3.389657,0.5046725,1.57511,0.9083175,-0.0106429,-3.66064,0.107204,-0.624838,0.07291754,0.7699143,14.84465,281.7091,358.7143,0.2761121,-0.005161556,-0.9611114,-0.3241945,0.0174678,0.0424233,-1.002315,-0.6356103,-3.779213,-0.483025,-0.1150317,1.969901,0.208521,-0.02168979,0.9777775,-0.2462508,0.9663807,0.0739525,-0.9465092,-0.2561991,0.1961695,moving,84.38152,75.38937,-13.77726,-3.341973
05/15/2023 12:31:26.389224,1464,True,True,True,True,Eyes,0.9809103,-0.01612508,-3.672109,-0.9324104,-0.3500321,-0.08993518,0.0,0.0,0.0,0.0,0.0,0.0,0.0,3.381852,0.4943183,1.586657,0.8986284,-0.01169473,-3.659382,0.1049632,-0.6229073,0.07172351,0.771897,14.56012,282.0426,358.8137,0.2744126,-0.00507028,-0.9615985,-0.3047428,0.01641973,0.0398779,-1.017262,-0.6215439,-3.765863,-0.4821193,-0.1123509,1.970416,0.2136844,-0.02003839,0.9766973,-0.241491,0.9676769,0.07268738,-0.9465839,-0.2513957,0.2019385,moving,84.49061,75.59045,-13.74895,-3.263407
05/15/2023 12:31:26.408834,1465,True,True,True,True,Eyes,0.9764927,-0.01612373,-3.67171,-0.9331771,-0.3484923,-0.08794179,0.0,0.0,0.0,0.0,0.0,0.0,0.0,3.373529,0.4873031,1.598341,0.8891761,-0.01300302,-3.658149,0.1032954,-0.6208296,0.07081153,0.7738776,14.34735,282.3857,358.8965,0.2727826,-0.004987583,-0.9620625,-0.2864583,0.01543455,0.03748523,-1.030479,-0.6112507,-3.752687,-0.4812542,-0.1097926,1.970908,0.2191126,-0.01865875,0.9755212,-0.2378565,0.9686316,0.07195215,-0.9462633,-0.2477997,0.2078012,moving,84.61639,75.83714,-13.72192,-3.188458
05/15/2023 12:31:26.428901,1466,True,True,True,True,Eyes,0.9718534,-0.01617044,-3.671277,-0.9339512,-0.3469589,-0.0857596,0.0,0.0,0.0,0.0,0.0,0.0,0.0,3.363852,0.4937479,1.609233,0.8794457,-0.0136788,-3.657227,0.1039232,-0.6183256,0.07038011,0.7758351,14.37636,282.7476,358.8578,0.271209,-0.004913263,-0.9625077,-0.2692708,0.01450847,0.03523611,-1.04431,-0.6012107,-3.738162,-0.4803059,-0.1069852,1.971447,0.2254402,-0.01931004,0.9740656,-0.2377235,0.9684932,0.07421887,-0.9448091,-0.2482902,0.2137468,moving,84.75356,76.11619,-13.69229,-3.106243
05/15/2023 12:31:26.439019,1467,True,True,True,True,Eyes,0.9670072,-0.01627984,-3.670809,-0.9346998,-0.3455094,-0.08342376,0.0,0.0,0.0,0.0,0.0,0.0,0.0,3.3515,0.5058196,1.623086,0.8695399,-0.01494828,-3.656022,0.1046478,-0.6154392,0.06867947,0.7781816,14.32407,283.1584,358.7038,0.2696818,-0.004847798,-0.9629371,-0.2531145,0.01363796,0.03312195,-1.057043,-0.5937648,-3.723553,-0.4794082,-0.1043292,1.971957,0.2330354,-0.02191848,0.9722211,-0.2356989,0.9686639,0.07833384,-0.9434726,-0.247406,0.2205669,moving,84.89976,76.42566,-13.66425,-3.028491
05/15/2023 12:31:26.458777,1468,True,True,True,True,Eyes,0.9619634,-0.01645887,-3.670318,-0.9353653,-0.3443099,-0.08088646,0.0,0.0,0.0,0.0,0.0,0.0,0.0,3.337706,0.5226624,1.638606,0.8597494,-0.01661013,-3.655002,0.106331,-0.6121086,0.06772514,0.7806601,14.41403,283.6179,358.5545,0.2681904,-0.004791932,-0.9633538,-0.2379276,0.01281969,0.03113463,-1.067825,-0.592757,-3.709315,-0.478549,-0.1017873,1.972445,0.2414727,-0.02443164,0.9701,-0.2359129,0.9682141,0.08310645,-0.9412948,-0.248927,0.2280335,moving,85.05759,76.7796,-13.63743,-2.954106
05/15/2023 12:31:26.478612,1469,True,True,True,True,Eyes,0.9567047,-0.01669203,-3.669837,-0.9359602,-0.3433075,-0.07822065,0.0,0.0,0.0,0.0,0.0,0.0,0.0,3.323956,0.5417642,1.653035,0.8499917,-0.0184253,-3.654023,0.1091433,-0.6085669,0.06850195,0.7829698,14.73139,284.0915,358.4849,0.2667265,-0.004746554,-0.9637603,-0.223652,0.01205051,0.02926655,-1.079901,-0.5884416,-3.692911,-0.4775833,-0.09893092,1.972994,0.2499076,-0.02557208,0.967932,-0.2401119,0.9667904,0.08753575,-0.9380258,-0.2542878,0.2354682,moving,85.22274,77.1646,-13.6073,-2.870552
05/15/2023 12:31:26.489052,1470,True,True,True,True,Eyes,0.9512518,-0.01698278,-3.669353,-0.9365129,-0.3424454,-0.07533047,0.0,0.0,0.0,0.0,0.0,0.0,0.0,3.309651,0.5562307,1.669569,0.8398447,-0.02001043,-3.653068,0.1108876,-0.6049725,0.0684291,0.7855123,14.89228,284.5891,358.419,0.2652826,-0.004712077,-0.9641588,-0.2102329,0.01132748,0.02751056,-1.090276,-0.5894849,-3.675435,-0.4767036,-0.09632736,1.973494,0.2586514,-0.02666406,0.9656026,-0.2416717,0.9660428,0.09141167,-0.9352509,-0.2570026,0.2434245,moving,85.40119,77.59379,-13.57984,-2.794422
05/15/2023 12:31:26.508763,1471,True,True,True,True,Eyes,0.9456269,-0.01733844,-3.668848,-0.9369839,-0.3417844,-0.07241974,0.0,0.0,0.0,0.0,0.0,0.0,0.0,3.294257,0.5752297,1.687417,0.8297765,-0.02167355,-3.652587,0.113109,-0.601107,0.0680443,0.788192,15.07641,285.1133,358.2957,0.2638519,-0.004688936,-0.9645515,-0.1976189,0.01064783,0.02585992,-1.098091,-0.5987866,-3.657958,-0.4758075,-0.09367445,1.974004,0.2680807,-0.02871724,0.9629684,-0.2432451,0.9651527,0.09649937,-0.9321827,-0.260107,0.2517534,moving,85.58038,78.03671,-13.55189,-2.716878
05/15/2023 12:31:26.529035,1472,True,True,True,True,Eyes,0.9398179,-0.01773714,-3.66834,-0.9374073,-0.341267,-0.06931329,0.0,0.0,0.0,0.0,0.0,0.0,0.0,3.278504,0.6013237,1.70295,0.819976,-0.02357584,-3.652027,0.1165056,-0.5972103,0.06795977,0.7906628,15.39107,285.6158,358.1164,0.2624278,-0.004677713,-0.9649401,-0.1857618,0.01000896,0.02430833,-1.107634,-0.6028026,-3.639354,-0.4749363,-0.09109816,1.974498,0.2774425,-0.03169016,0.9602195,-0.2466232,0.9636158,0.1030607,-0.9285488,-0.2654058,0.2595324,moving,85.77116,78.51907,-13.52472,-2.641603
05/15/2023 12:31:26.539473,1473,True,True,True,True,Eyes,0.9338047,-0.01816365,-3.667864,-0.9378555,-0.3406622,-0.06615345,0.0,0.0,0.0,0.0,0.0,0.0,0.0,3.262331,0.6264354,1.718996,0.8097863,-0.02500069,-3.651547,0.119524,-0.5932931,0.06721108,0.7932212,15.62677,286.1229,357.9054,0.2610054,-0.004678374,-0.9653258,-0.1746161,0.00940842,0.02284983,-1.116902,-0.6070191,-3.620331,-0.4739959,-0.08831502,1.975033,0.2869718,-0.0351991,0.9572921,-0.2484521,0.9623933,0.1098663,-0.9251588,-0.2693697,0.2674345,moving,85.96521,79.01047,-13.4954,-2.560316
05/15/2023 12:31:26.558800,1474,True,True,True,True,Eyes,0.9276117,-0.01862028,-3.667387,-0.9383307,-0.3399966,-0.06275284,0.0,0.0,0.0,0.0,0.0,0.0,0.0,3.245139,0.6455452,1.738446,0.7991825,-0.02615562,-3.651092,0.1209768,-0.5893283,0.06495992,0.7961389,15.61631,286.6603,357.6699,0.2595793,-0.004690478,-0.9657101,-0.1641391,0.008843915,0.02147884,-1.12454,-0.6154591,-3.602422,-0.473103,-0.085673,1.975541,0.2969447,-0.03915591,0.9540915,-0.2460244,0.9622896,0.1160632,-0.922657,-0.2691941,0.2761135,moving,86.17392,79.54266,-13.46757,-2.483181
05/15/2023 12:31:26.579012,1475,True,True,True,True,Eyes,0.9212221,-0.01908157,-3.666906,-0.9390108,-0.3387645,-0.05913837,0.0,0.0,0.0,0.0,0.0,0.0,0.0,3.227705,0.6600411,1.759766,0.7887365,-0.02737227,-3.650706,0.1216487,-0.5853207,0.06255129,0.79918,15.52528,287.2177,357.4762,0.258145,-0.004713694,-0.9660944,-0.1542908,0.00831328,0.02019011,-1.133243,-0.6206058,-3.584265,-0.4722216,-0.0830646,1.976043,0.3069741,-0.04242753,0.9507717,-0.2423865,0.9625778,0.1212133,-0.9203346,-0.2676636,0.2852026,moving,86.39631,80.09763,-13.4401,-2.407059
05/15/2023 12:31:26.589209,1476,True,True,True,True,Eyes,0.9146368,-0.01955864,-3.666424,-0.9398044,-0.3372288,-0.05517514,0.0,0.0,0.0,0.0,0.0,0.0,0.0,3.208893,0.6693348,1.784638,0.7777245,-0.02803694,-3.650246,0.1214007,-0.5810351,0.05969192,0.8025565,15.32109,287.8305,357.31,0.2566983,-0.004747054,-0.9664797,-0.1450333,0.007814483,0.0189787,-1.144699,-0.6170792,-3.564317,-0.471296,-0.08032618,1.976568,0.3176701,-0.04526389,0.9471203,-0.2368884,0.9633975,0.1254957,-0.9181337,-0.2642281,0.2953201,moving,86.64007,80.70798,-13.41127,-2.327174
05/15/2023 12:31:26.608673,1477,True,True,True,True,Eyes,0.9078782,-0.02007594,-3.665924,-0.9408343,-0.3350077,-0.05099578,0.0,0.0,0.0,0.0,0.0,0.0,0.0,3.187922,0.6683453,1.816658,0.7665267,-0.0289863,-3.649846,0.1187834,-0.5764349,0.05519024,0.8065776,14.788,288.527,357.1597,0.2552356,-0.004789972,-0.9668667,-0.1363313,0.007345614,0.01783998,-1.156404,-0.6113904,-3.543505,-0.4704059,-0.07769297,1.977074,0.3293537,-0.04791139,0.9429904,-0.2259722,0.9656891,0.1279889,-0.9167677,-0.2552432,0.3072266,moving,86.89745,81.34473,-13.38356,-2.250391
05/15/2023 12:31:26.628615,1478,True,True,True,True,Eyes,0.9009496,-0.02063528,-3.66543,-0.9418645,-0.3327602,-0.04649565,0.0,0.0,0.0,0.0,0.0,0.0,0.0,3.167423,0.6620676,1.849957,0.7554263,-0.03054243,-3.649881,0.1156876,-0.5717016,0.05154728,0.8106273,14.2704,289.2519,357.1193,0.2537537,-0.004842591,-0.9672565,-0.1281514,0.006904877,0.01676958,-1.169394,-0.6014396,-3.520229,-0.4694455,-0.07484835,1.97762,0.3410004,-0.04870633,0.9388006,-0.2158489,0.9679185,0.1286198,-0.9149471,-0.2464985,0.3195474,moving,87.17386,82.04572,-13.35365,-2.167478
05/15/2023 12:31:26.639342,1479,True,True,True,True,Eyes,0.8938583,-0.0212401,-3.664897,-0.9429445,-0.330304,-0.04189287,0.0,0.0,0.0,0.0,0.0,0.0,0.0,3.147044,0.6625201,1.879522,0.7444743,-0.03213686,-3.649677,0.11453,-0.5668413,0.04992122,0.8142984,14.07064,289.9616,357.1317,0.2522502,-0.004905063,-0.9676495,-0.1204623,0.006490584,0.01576341,-1.184939,-0.5812353,-3.493231,-0.4685766,-0.07227881,1.978114,0.3523976,-0.04853913,0.9345909,-0.2111422,0.9687815,0.1299284,-0.911721,-0.243118,0.3311476,moving,87.45615,82.7717,-13.32661,-2.092613
05/15/2023 12:31:26.658755,1480,True,True,True,True,Eyes,0.7126832,-0.03750227,-3.651851,-0.9603302,-0.2668832,0.08086541,0.0,0.0,0.0,0.0,0.0,0.0,0.0,3.125372,0.6637754,1.909823,0.7331623,-0.03383061,-3.649288,0.1134444,-0.5617629,0.04820417,0.8180643,13.87286,290.6963,357.1312,0.2507229,-0.004977646,-0.9680459,-0.1132346,0.00610115,0.0148176,-1.199335,-0.5629666,-3.465678,-0.4677113,-0.06971786,1.978607,0.3641977,-0.04858946,0.9300533,-0.2063259,0.9696134,0.131451,-0.9081793,-0.2397682,0.3431057,moving,-85.18671,-73.14323,-13.29968,-2.01803
05/15/2023 12:31:26.678711,1481,True,True,True,True,Eyes,0.7122474,-0.03753367,-3.65182,-0.9602814,-0.2669839,0.08111218,0.0,0.0,0.0,0.0,0.0,0.0,0.0,3.103728,0.6718107,1.93771,0.7222176,-0.035595,-3.649152,0.1134436,-0.5567275,0.04664497,0.8215895,13.78889,291.4006,357.0685,0.2429663,-0.005627799,-0.9700181,-0.6499657,-0.04305145,0.05306662,-1.210305,-0.5554941,-3.439227,-0.4667723,-0.066939,1.979141,0.3757575,-0.04966826,0.9253861,-0.2029603,0.9699096,0.134471,-0.9042199,-0.2383452,0.3543701,moving,-85.17185,-73.10074,-13.27047,-1.937134
05/15/2023 12:31:26.689235,1482,True,True,True,True,Eyes,0.7113695,-0.03754283,-3.651777,-0.9602255,-0.2669633,0.08183916,0.0,0.0,0.0,0.0,0.0,0.0,0.0,3.080412,0.6919382,1.963155,0.7111629,-0.0363519,-3.64892,0.1155602,-0.5514289,0.04546662,0.8249273,13.93381,292.0994,356.9032,0.2365642,-0.006168957,-0.971596,-0.6109678,-0.04046836,0.04988262,-1.221126,-0.54817,-3.41179,-0.4658707,-0.06427081,1.979653,0.387718,-0.05243316,0.9202857,-0.2024598,0.9691572,0.1405143,-0.8992691,-0.2408008,0.3651441,moving,-85.12851,-72.95678,-13.24244,-1.859494
05/15/2023 12:31:26.708743,1483,True,True,True,True,Eyes,0.7100877,-0.0375712,-3.651703,-0.9601904,-0.2667658,0.08288808,0.0,0.0,0.0,0.0,0.0,0.0,0.0,3.055804,0.7059773,1.991909,0.6997097,-0.03586565,-3.64872,0.1161676,-0.5460688,0.04245604,0.8285599,13.81994,292.8212,356.6635,0.2312573,-0.006620235,-0.9728698,-0.5743097,-0.03804026,0.04688967,-1.230472,-0.5443113,-3.386056,-0.4650056,-0.06171151,1.980145,0.4000126,-0.05651622,0.9147657,-0.1972257,0.9694052,0.1461357,-0.8950375,-0.2388714,0.3766278,moving,-85.06619,-72.7392,-13.21555,-1.785054
05/15/2023 12:31:26.728718,1484,True,True,True,True,Eyes,0.7084249,-0.03759699,-3.651616,-0.9600733,-0.2667066,0.08442108,0.0,0.0,0.0,0.0,0.0,0.0,0.0,3.027402,0.7137116,2.027828,0.6885918,-0.03639147,-3.648445,0.1152017,-0.5401101,0.03841838,0.8327867,13.49599,293.6467,356.4355,0.2268336,-0.006998285,-0.9739082,-0.5398511,-0.03575784,0.04407629,-1.238009,-0.5460312,-3.361011,-0.4640471,-0.05887507,1.98069,0.4136102,-0.06045461,0.9084448,-0.1884319,0.9705052,0.1503766,-0.8907414,-0.2333772,0.3900192,moving,-84.9748,-72.43578,-13.18576,-1.702589
05/15/2023 12:31:26.738685,1485,True,True,True,True,Eyes,0.7064053,-0.03746472,-3.651462,-0.9598076,-0.2671315,0.08608184,0.0,0.0,0.0,0.0,0.0,0.0,0.0,2.999525,0.7327661,2.058053,0.6778048,-0.03633276,-3.648142,0.117541,-0.5339313,0.03797865,0.8364563,13.72086,294.4575,356.3419,0.2231194,-0.007316169,-0.9747634,-0.5074601,-0.03361237,0.04143171,-1.247701,-0.5374995,-3.334467,-0.4631707,-0.05628352,1.981188,0.4269499,-0.06198266,0.9021485,-0.1890526,0.9694835,0.1560798,-0.8842923,-0.2371918,0.4022029,moving,-84.87505,-72.13872,-13.15853,-1.627277
05/15/2023 12:31:26.758833,1486,True,True,True,True,Eyes,0.7039692,-0.03721593,-3.65126,-0.9596108,-0.2670842,0.08839309,0.0,0.0,0.0,0.0,0.0,0.0,0.0,2.97136,0.7609618,2.083579,0.6667649,-0.03227775,-3.647428,0.122276,-0.5277097,0.03857267,0.8396923,14.24442,295.2296,356.1978,0.2198113,-0.007592265,-0.9755126,-0.4770125,-0.03159563,0.03894581,-1.257687,-0.5229627,-3.303553,-0.4622699,-0.05361526,1.9817,0.4400691,-0.06427417,0.8956606,-0.1938308,0.9671214,0.1646381,-0.8767946,-0.2460588,0.4131419,moving,-84.73714,-71.68774,-13.13054,-1.54977
05/15/2023 12:31:26.778791,1487,True,True,True,True,Eyes,0.7012207,-0.03694889,-3.651027,-0.959435,-0.2666216,0.09163783,0.0,0.0,0.0,0.0,0.0,0.0,0.0,2.935596,0.7553078,2.129771,0.6543629,-0.02933885,-3.646243,0.1190712,-0.5206364,0.0326381,0.8448045,13.60158,296.226,355.9385,0.21677,-0.007834191,-0.976191,-0.4483917,-0.02969989,0.03660906,-1.262436,-0.5271413,-3.274974,-0.4613111,-0.05077931,1.982245,0.4557449,-0.06883997,0.8874446,-0.1791312,0.9695136,0.1671986,-0.8718994,-0.2351689,0.4295195,moving,-84.54411,-71.03216,-13.10077,-1.467429
05/15/2023 12:31:26.788921,1488,True,True,True,True,Eyes,0.6981521,-0.0365531,-3.650788,-0.9591032,-0.2666029,0.09509971,0.0,0.0,0.0,0.0,0.0,0.0,0.0,2.905578,0.7391922,2.172522,0.6438421,-0.02870117,-3.645995,0.1149276,-0.5143265,0.02884473,0.8493692,12.99718,297.1426,355.9262,0.2139612,-0.008044893,-0.9768088,-0.4214882,-0.0279179,0.03441252,-1.264963,-0.5372149,-3.248635,-0.4604568,-0.04825075,1.982731,0.4692724,-0.069221,0.8803363,-0.1672203,0.9719193,0.1655607,-0.8670761,-0.2249032,0.4445197,moving,-84.33736,-70.36822,-13.07426,-1.394047
05/15/2023 12:31:26.809226,1489,True,True,True,True,Eyes,0.6947209,-0.03601538,-3.650479,-0.9587839,-0.2662341,0.09926192,0.0,0.0,0.0,0.0,0.0,0.0,0.0,2.884581,0.7649898,2.187785,0.6330645,-0.02512546,-3.645685,0.1200115,-0.5093145,0.03109553,0.8516039,13.65525,297.7459,355.9113,0.2113536,-0.008224058,-0.9773748,-0.3961989,-0.02624282,0.03234777,-1.276085,-0.5083632,-3.209895,-0.459581,-0.04566044,1.983228,0.4792635,-0.06928502,0.8749321,-0.1752093,0.9692606,0.1727296,-0.8600049,-0.2360793,0.452392,moving,-84.08929,-69.55268,-13.04708,-1.318905
05/15/2023 12:31:26.828673,1490,True,True,True,True,Eyes,0.691002,-0.03546921,-3.650155,-0.9585375,-0.2653941,0.1037877,0.0,0.0,0.0,0.0,0.0,0.0,0.0,2.858999,0.7560957,2.218176,0.6207411,-0.02127902,-3.644185,0.1171038,-0.5041949,0.02594639,0.8552199,13.08892,298.4589,355.6601,0.2089185,-0.00837105,-0.977897,-0.372427,-0.02466825,0.0304069,-1.284268,-0.4848884,-3.175095,-0.4586805,-0.04299565,1.98374,0.4902284,-0.07370651,0.868472,-0.162466,0.9712269,0.1741349,-0.8563184,-0.226463,0.4641483,moving,-83.82025,-68.64102,-13.01914,-1.241637
05/15/2023 12:31:26.839223,1491,True,True,True,True,Eyes,0.6870463,-0.03495726,-3.649805,-0.9580811,-0.265117,0.1085976,0.0,0.0,0.0,0.0,0.0,0.0,0.0,2.83537,0.7386475,2.25027,0.6101233,-0.02063756,-3.643619,0.1125135,-0.4993549,0.0209012,0.8588065,12.36442,299.1615,355.5101,0.2066312,-0.008488872,-0.9783818,-0.3500813,-0.02318816,0.02858249,-1.285747,-0.5008657,-3.155472,-0.4577519,-0.04024829,1.984268,0.5004157,-0.07646812,0.8624017,-0.1482684,0.9738077,0.1723803,-0.852995,-0.2141288,0.475971,moving,-83.53317,-67.72494,-12.99034,-1.162011
05/15/2023 12:31:26.859133,1492,True,True,True,True,Eyes,0.6828274,-0.03441949,-3.649425,-0.9574879,-0.2652247,0.1134573,0.0,0.0,0.0,0.0,0.0,0.0,0.0,2.819045,0.7589516,2.260603,0.6001871,-0.02083951,-3.643171,0.1165152,-0.4952681,0.02374497,0.8605638,12.94747,299.6598,355.6132,0.2044709,-0.00858139,-0.9788347,-0.3290764,-0.02179687,0.02686754,-1.296718,-0.4735886,-3.126261,-0.4568518,-0.03758476,1.98478,0.5082914,-0.07454435,0.8579528,-0.1562806,0.9717208,0.1770172,-0.8468863,-0.2240577,0.4822675,moving,-83.24226,-66.83982,-12.96242,-1.084851
05/15/2023 12:31:26.879236,1493,True,True,True,True,Eyes,0.6783813,-0.03381924,-3.649004,-0.9567775,-0.2656009,0.1184613,0.0,0.0,0.0,0.0,0.0,0.0,0.0,2.806429,0.7711148,2.267714,0.5896205,-0.01960248,-3.642135,0.1197317,-0.4917574,0.02695897,0.8620396,13.47031,300.0975,355.7968,0.2024187,-0.008650435,-0.9792606,-0.3093319,-0.02048906,0.02525549,-1.306319,-0.4448194,-3.097871,-0.4559268,-0.03484735,1.985306,0.5148958,-0.07127846,0.8542843,-0.1642373,0.9698752,0.1799124,-0.841373,-0.2329414,0.487678,moving,-82.94196,-65.96252,-12.93376,-1.005589
05/15/2023 12:31:26.889268,1494,True,True,True,True,Eyes,0.6736982,-0.03318536,-3.648542,-0.956037,-0.265963,0.1235183,0.0,0.0,0.0,0.0,0.0,0.0,0.0,2.794529,0.7747177,2.276796,0.5795234,-0.01745482,-3.641048,0.1206472,-0.4887612,0.02708398,0.8636106,13.58335,300.4844,355.802,0.2004576,-0.008696699,-0.9796634,-0.290772,-0.01925971,0.02374016,-1.307826,-0.4631592,-3.081581,-0.4550369,-0.03221482,1.985811,0.520758,-0.07115534,0.8507338,-0.1647154,0.9694214,0.1819092,-0.8376635,-0.2348596,0.4931135,moving,-82.63827,-65.08894,-12.90618,-0.9293992
05/15/2023 12:31:26.908672,1495,True,True,True,True,Eyes,0.6687972,-0.03251953,-3.648027,-0.9552286,-0.2663773,0.1287687,0.0,0.0,0.0,0.0,0.0,0.0,0.0,2.779672,0.7859491,2.286276,0.5691382,-0.01601374,-3.639667,0.1219255,-0.4855403,0.02546976,0.8652955,13.63503,300.8795,355.6139,0.1985725,-0.008721568,-0.980047,-0.2733257,-0.01810413,0.02231575,-1.310595,-0.4786041,-3.066736,-0.454142,-0.02956668,1.98632,0.5272037,-0.07432173,0.8464825,-0.1624772,0.968971,0.1862699,-0.8340608,-0.2357363,0.4987696,moving,-82.32258,-64.20055,-12.87846,-0.8527934
05/15/2023 12:31:26.928996,1496,True,True,True,True,Eyes,0.6636828,-0.03182217,-3.647454,-0.954401,-0.2666784,0.1341693,0.0,0.0,0.0,0.0,0.0,0.0,0.0,2.761461,0.7991505,2.298518,0.5589537,-0.01455139,-3.637974,0.12328,-0.4818557,0.02335079,0.8672208,13.66977,301.3297,355.3776,0.1967501,-0.008726328,-0.9804145,-0.2569261,-0.01701788,0.0209768,-1.316399,-0.4777412,-3.05169,-0.4531782,-0.02671415,1.986868,0.5345397,-0.0783058,0.8415079,-0.159307,0.9685135,0.1913186,-0.8299931,-0.2363255,0.5052342,moving,-81.99783,-63.29245,-12.84861,-0.7703159
05/15/2023 12:31:26.938914,1497,True,True,True,True,Eyes,0.6583655,-0.03111845,-3.646824,-0.9535288,-0.266838,0.1399299,0.0,0.0,0.0,0.0,0.0,0.0,0.0,2.741145,0.8029736,2.315959,0.5486997,-0.01311834,-3.636078,0.1231721,-0.4777379,0.02111417,0.8695686,13.5555,301.8634,355.2224,0.1949795,-0.00871215,-0.9807683,-0.2415106,-0.01599681,0.01971819,-1.322965,-0.4743683,-3.035852,-0.4523406,-0.02423626,1.987344,0.5426413,-0.08096753,0.8360531,-0.1544084,0.9687657,0.1940391,-0.8256503,-0.2343872,0.5131902,moving,-81.65146,-62.32747,-12.82267,-0.6987047
05/15/2023 12:31:26.958985,1498,True,True,True,True,Eyes,0.6528788,-0.03042004,-3.646139,-0.9525894,-0.2670183,0.1458585,0.0,0.0,0.0,0.0,0.0,0.0,0.0,2.718261,0.79718,2.339199,0.5385896,-0.01228125,-3.634014,0.1215183,-0.4731032,0.01886655,0.8723823,13.28956,302.4932,355.163,0.1932495,-0.008680754,-0.9811109,-0.2270199,-0.015037,0.0185351,-1.328825,-0.4699014,-3.017675,-0.4514503,-0.02160168,1.98785,0.5516347,-0.0820637,0.830039,-0.1478991,0.9697547,0.1941691,-0.8208684,-0.2298724,0.5228133,moving,-81.29461,-61.35448,-12.79512,-0.6226004
05/15/2023 12:31:26.979085,1499,True,True,True,True,Eyes,0.6472248,-0.02973325,-3.645406,-0.9514992,-0.267213,0.1524681,0.0,0.0,0.0,0.0,0.0,0.0,0.0,2.697119,0.7953091,2.359073,0.5290092,-0.01170599,-3.632107,0.1212839,-0.4685465,0.01894925,0.8748687,13.29544,303.1031,355.2553,0.1915521,-0.008634009,-0.9814442,-0.2133987,-0.01413478,0.017423,-1.334572,-0.4609106,-2.995951,-0.4505044,-0.01880313,1.988388,0.5602102,-0.08049813,0.8244299,-0.1468106,0.9698623,0.1944578,-0.8152369,-0.2299723,0.5315087,moving,-80.89632,-60.2915,-12.76585,-0.5417998
05/15/2023 12:31:26.988551,1500,True,True,True,True,Eyes,0.6414295,-0.02906918,-3.644611,-0.9502884,-0.2676113,0.1591736,0.0,0.0,0.0,0.0,0.0,0.0,0.0,2.677712,0.7938663,2.376066,0.5195982,-0.01130325,-3.629869,0.1216801,-0.4641749,0.02057974,0.8771044,13.44769,303.6886,355.4673,0.18988,-0.008573775,-0.9817696,-0.2005948,-0.01328669,0.01637762,-1.339657,-0.4482938,-2.970556,-0.4496289,-0.01621117,1.988886,0.5682362,-0.07686058,0.819268,-0.1490629,0.9695408,0.1943471,-0.8092514,-0.2325576,0.5394711,moving,-80.49121,-59.25608,-12.73876,-0.4670006
05/15/2023 12:31:27.009018,1501,True,True,True,True,Eyes,0.6355842,-0.02840628,-3.643671,-0.9491072,-0.2663698,0.1680554,0.0,0.0,0.0,0.0,0.0,0.0,0.0,2.657126,0.7979211,2.392428,0.5103788,-0.01113875,-3.627685,0.1229736,-0.4595999,0.02259789,0.8792808,13.71123,304.2874,355.6731,0.1882269,-0.008502004,-0.9820885,-0.1885591,-0.01248949,0.01539496,-1.342205,-0.4463044,-2.947352,-0.4487564,-0.01363054,1.989382,0.5765144,-0.07329749,0.8137926,-0.152777,0.9687337,0.1954846,-0.8026769,-0.2370285,0.5472909,moving,-79.95889,-57.75176,-12.71178,-0.3925643
05/15/2023 12:31:27.028691,1502,True,True,True,True,Eyes,0.6296298,-0.02780566,-3.642674,-0.9477169,-0.2655856,0.1769095,0.0,0.0,0.0,0.0,0.0,0.0,0.0,2.636521,0.8239312,2.401239,0.501798,-0.01069573,-3.625484,0.127968,-0.4551086,0.02572529,0.8808171,14.40938,304.8173,355.7866,0.1865906,-0.008419918,-0.9824014,-0.1772456,-0.01174012,0.01447126,-1.343606,-0.4500649,-2.925288,-0.4477758,-0.01072946,1.989939,0.5844288,-0.07116014,0.8083188,-0.1617972,0.9659248,0.2020173,-0.7951508,-0.2488485,0.5530008,moving,-79.42634,-56.33197,-12.68147,-0.3089276
05/15/2023 12:31:27.039542,1503,True,True,True,True,Eyes,0.6236452,-0.02726284,-3.641603,-0.9461006,-0.2653966,0.1856291,0.0,0.0,0.0,0.0,0.0,0.0,0.0,2.611745,0.8509626,2.413598,0.4931632,-0.01150654,-3.623184,0.1325416,-0.4500084,0.02791625,0.8826924,15.01737,305.4257,355.8434,0.1849657,-0.008330191,-0.9827093,-0.1666108,-0.01103572,0.01360299,-1.34371,-0.4579718,-2.903558,-0.4468682,-0.008044332,1.990454,0.5934263,-0.07000668,0.801838,-0.1685725,0.9633068,0.2088617,-0.7870378,-0.2591119,0.5598504,moving,-78.89933,-55.0295,-12.65342,-0.2315571
05/15/2023 12:31:27.059308,1504,True,True,True,True,Eyes,0.6175836,-0.0267335,-3.640481,-0.9442492,-0.2658814,0.1941667,0.0,0.0,0.0,0.0,0.0,0.0,0.0,2.591567,0.8893173,2.417288,0.4856181,-0.01209036,-3.621383,0.1396199,-0.4455194,0.03223567,0.8837305,15.99158,305.9262,355.9776,0.1833509,-0.008235171,-0.9830127,-0.1566142,-0.01037357,0.01278681,-1.341066,-0.4797669,-2.886154,-0.4460291,-0.005559742,1.990932,0.6009467,-0.06743149,0.7964396,-0.1813821,0.9589342,0.2180496,-0.7784366,-0.275496,0.5640376,moving,-78.3802,-53.86026,-12.62749,-0.1599999
05/15/2023 12:31:27.078874,1505,True,True,True,True,Eyes,0.6114294,-0.0262039,-3.639314,-0.9423344,-0.2663223,0.2026779,0.0,0.0,0.0,0.0,0.0,0.0,0.0,2.572194,0.9323101,2.41672,0.4776306,-0.0117484,-3.619068,0.1473801,-0.4412782,0.03597933,0.8844535,17.00503,306.3726,356.0168,0.1817431,-0.008135737,-0.983312,-0.1472173,-0.009751159,0.0120196,-1.337842,-0.4991325,-2.865793,-0.4451253,-0.002886266,1.991445,0.6079581,-0.06642717,0.7911854,-0.1937154,0.9539692,0.2289479,-0.7699749,-0.2924555,0.5671053,moving,-77.8617,-52.72797,-12.59958,-0.08304055
05/15/2023 12:31:27.088592,1506,True,True,True,True,Eyes,0.6052108,-0.02567443,-3.638096,-0.940323,-0.2668859,0.2111032,0.0,0.0,0.0,0.0,0.0,0.0,0.0,2.550157,0.9545681,2.425876,0.4695344,-0.01124917,-3.61646,0.150706,-0.437034,0.0359682,0.8859997,17.36691,306.8647,355.9148,0.180139,-0.008032312,-0.9836081,-0.1383843,-0.009166089,0.01129842,-1.33192,-0.5310534,-2.851643,-0.4441976,-0.0001411885,1.991973,0.6154153,-0.06799167,0.7852651,-0.1954629,0.951988,0.2356123,-0.7635826,-0.2984896,0.572578,moving,-77.34685,-51.65646,-12.57093,-0.004061053
05/15/2023 12:31:27.108978,1507,True,True,True,True,Eyes,0.5988708,-0.02513467,-3.636853,-0.9383457,-0.2669968,0.2195902,0.0,0.0,0.0,0.0,0.0,0.0,0.0,2.529896,0.9727786,2.434772,0.4617226,-0.01068823,-3.614068,0.1532285,-0.4331879,0.03530534,0.8874813,17.61157,307.3116,355.783,0.1785367,-0.007925308,-0.9839011,-0.1300812,-0.008616123,0.01062052,-1.326518,-0.5626707,-2.839315,-0.4433214,0.002451077,1.992471,0.6222038,-0.07008779,0.7797117,-0.1954191,0.9505491,0.2413871,-0.7580725,-0.3025625,0.5777387,moving,-76.82876,-50.56457,-12.54388,0.07048349
05/15/2023 12:31:27.128482,1508,True,True,True,True,Eyes,0.5924585,-0.0246221,-3.635523,-0.9363591,-0.266823,0.2281164,0.0,0.0,0.0,0.0,0.0,0.0,0.0,2.510669,0.97888,2.446073,0.453526,-0.01014099,-3.610976,0.1537417,-0.4296059,0.03394655,0.8891851,17.61245,307.7565,355.6841,0.1769328,-0.00781479,-0.9841917,-0.1222764,-0.008099156,0.009983285,-1.325563,-0.5710649,-2.821452,-0.4423755,0.005250946,1.993009,0.6285729,-0.07172715,0.7744362,-0.1924662,0.9504222,0.2442424,-0.7535601,-0.3025769,0.5836046,moving,-76.30828,-49.4717,-12.51469,0.1509558
05/15/2023 12:31:27.139155,1509,True,True,True,True,Eyes,0.5859825,-0.02416221,-3.634128,-0.9344481,-0.2660145,0.236734,0.0,0.0,0.0,0.0,0.0,0.0,0.0,2.489456,0.9666395,2.466134,0.4453586,-0.01033898,-3.607652,0.1508835,-0.4257973,0.03120849,0.8916036,17.19553,308.2837,355.627,0.1753257,-0.007701851,-0.9844801,-0.1149398,-0.007613206,0.009384288,-1.325727,-0.5755076,-2.804732,-0.4415218,0.00777638,1.993494,0.6354454,-0.07284037,0.7687024,-0.1841428,0.9525204,0.2424796,-0.7498671,-0.2956336,0.5918617,moving,-75.78374,-48.33319,-12.48835,0.2235028
05/15/2023 12:31:27.158766,1510,True,True,True,True,Eyes,0.579456,-0.0237566,-3.632644,-0.9324306,-0.2653172,0.2453158,0.0,0.0,0.0,0.0,0.0,0.0,0.0,2.46817,0.958887,2.484488,0.4376286,-0.01129909,-3.604491,0.1491379,-0.4217698,0.03008989,0.8938472,16.97743,308.8338,355.6819,0.1737139,-0.007588148,-0.9847667,-0.1080434,-0.007156414,0.008821231,-1.328052,-0.5719339,-2.785934,-0.4406139,0.01046318,1.99401,0.6424097,-0.0720122,0.7629704,-0.1795952,0.953705,0.241231,-0.7450203,-0.291995,0.5997363,moving,-75.25993,-47.24312,-12.46035,0.3006457
05/15/2023 12:31:27.178904,1511,True,True,True,True,Eyes,0.5728774,-0.02340438,-3.631068,-0.930428,-0.2642351,0.253936,0.0,0.0,0.0,0.0,0.0,0.0,0.0,2.44832,0.9592927,2.497419,0.4298534,-0.01218006,-3.60093,0.1493651,-0.4177719,0.03101179,0.8956534,17.06585,309.3636,355.8459,0.1720969,-0.007475251,-0.9850515,-0.1015608,-0.006727029,0.008291957,-1.332115,-0.5553306,-2.761909,-0.4396657,0.01326859,1.994549,0.6490098,-0.06924949,0.7576218,-0.1803527,0.9534566,0.2416471,-0.7390935,-0.2934705,0.6063133,moving,-74.7344,-46.13866,-12.43111,0.3811503
05/15/2023 12:31:27.188730,1512,True,True,True,True,Eyes,0.5662593,-0.02311681,-3.629403,-0.928318,-0.2632627,0.2625233,0.0,0.0,0.0,0.0,0.0,0.0,0.0,2.427541,0.9526799,2.513421,0.4220948,-0.01317263,-3.597152,0.1483347,-0.4136763,0.03141744,0.8977093,16.99667,309.9239,356.0235,0.1704736,-0.007364505,-0.9853345,0.0,0.0,0.0,-1.333455,-0.5471072,-2.738939,-0.4387854,0.01587349,1.99505,0.6557698,-0.06631766,0.7520425,-0.1791326,0.9540195,0.2403296,-0.7334014,-0.2923162,0.6137375,moving,-74.20938,-45.08057,-12.40398,0.4558608
05/15/2023 12:31:27.208768,1513,True,True,True,True,Eyes,0.5595844,-0.02289186,-3.627675,-0.9261696,-0.2624903,0.2707558,0.0,0.0,0.0,0.0,0.0,0.0,0.0,2.406815,0.9536809,2.526323,0.4144947,-0.01445939,-3.593405,0.1485164,-0.4096094,0.03214072,0.8995165,17.06858,310.4593,356.1705,0.1688439,-0.007257473,-0.9856158,0.0,0.0,0.0,-1.332579,-0.5499004,-2.718322,-0.4379157,0.01844612,1.995544,0.6623743,-0.0638452,0.7464476,-0.1794896,0.9538198,0.2408556,-0.727354,-0.2935162,0.620326,moving,-73.70428,-44.11196,-12.37718,0.5296072
05/15/2023 12:31:27.229027,1514,True,True,True,True,Eyes,0.552858,-0.02270082,-3.625842,-0.9239373,-0.2618375,0.2788924,0.0,0.0,0.0,0.0,0.0,0.0,0.0,2.388002,0.9632491,2.533761,0.4070634,-0.01576515,-3.589484,0.1502465,-0.4058599,0.03353434,0.900877,17.33317,310.9317,356.3039,0.1672066,-0.007155474,-0.9858956,0.0,0.0,0.0,-1.332185,-0.547476,-2.695641,-0.4369949,0.02117263,1.996068,0.6683064,-0.06153738,0.7413365,-0.1823786,0.9526029,0.2434866,-0.7211828,-0.2979276,0.6254075,moving,-73.20345,-43.19346,-12.34881,0.6077231
05/15/2023 12:31:27.238732,1515,True,True,True,True,Eyes,0.54609,-0.02256815,-3.623902,-0.9217146,-0.2612467,0.286692,0.0,0.0,0.0,0.0,0.0,0.0,0.0,2.371746,0.9662884,2.540503,0.3990634,-0.01633053,-3.585181,0.1509399,-0.4025946,0.03424759,0.9021985,17.45347,311.3523,356.4097,0.1655615,-0.00705895,-0.9861739,0.0,0.0,0.0,-1.330868,-0.5498509,-2.674614,-0.436072,0.02390324,1.996592,0.6734894,-0.05973893,0.7367791,-0.1833314,0.9520885,0.2447797,-0.7161018,-0.2999312,0.6302695,moving,-72.72211,-42.34119,-12.32039,0.6859133
05/15/2023 12:31:27.258736,1516,True,True,True,True,Eyes,0.5392895,-0.02248439,-3.621845,-0.9194412,-0.260718,0.2943703,0.0,0.0,0.0,0.0,0.0,0.0,0.0,2.357025,0.9610172,2.548337,0.3915511,-0.01762284,-3.580436,0.1500844,-0.3997629,0.03428392,0.9035978,17.3761,311.7367,356.5135,0.1639085,-0.006968965,-0.9864507,0.0,0.0,0.0,-1.328885,-0.5586898,-2.656634,-0.4351792,0.02654481,1.997099,0.6780286,-0.05803858,0.7327406,-0.1819541,0.9525986,0.243821,-0.7121587,-0.2986427,0.6353287,moving,-72.2469,-41.53069,-12.29291,0.7615124
05/15/2023 12:31:27.278768,1517,True,True,True,True,Eyes,0.5324724,-0.02244581,-3.61965,-0.9171854,-0.2602939,0.3016918,0.0,0.0,0.0,0.0,0.0,0.0,0.0,2.343649,0.9619728,2.552377,0.38395,-0.01870216,-3.575604,0.150327,-0.3971472,0.03461042,0.9046978,17.42708,312.0756,356.5882,0.162247,-0.006886175,-0.9867258,0.0,0.0,0.0,-1.329273,-0.5616629,-2.638923,-0.4342555,0.02927849,1.997625,0.6821523,-0.05677991,0.7290022,-0.1820278,0.9524078,0.2445101,-0.7081908,-0.2994918,0.6393517,moving,-71.7923,-40.787,-12.26448,0.8397039
05/15/2023 12:31:27.288787,1518,True,True,True,True,Eyes,0.5256366,-0.02245724,-3.617324,-0.9148984,-0.2598355,0.3089443,0.0,0.0,0.0,0.0,0.0,0.0,0.0,2.328461,0.9660496,2.556123,0.3766642,-0.01972659,-3.570221,0.1509112,-0.3944095,0.03450824,0.9058015,17.49435,312.4179,356.6022,0.1605784,-0.006811156,-0.9869993,0.0,0.0,0.0,-1.331074,-0.5588214,-2.620745,-0.4333742,0.03188625,1.998126,0.6865006,-0.05652636,0.7249287,-0.1815568,0.95207,0.2461703,-0.7040981,-0.3006118,0.6433339,moving,-71.34113,-40.06528,-12.23736,0.9142529
05/15/2023 12:31:27.308733,1519,True,True,True,True,Eyes,0.5187964,-0.02251827,-3.614861,-0.9126002,-0.2594785,0.3159617,0.0,0.0,0.0,0.0,0.0,0.0,0.0,2.312692,0.9640921,2.562541,0.3693615,-0.02094786,-3.564796,0.1503709,-0.3916206,0.03387161,0.9071243,17.41796,312.7801,356.6158,0.1589024,-0.006744488,-0.987271,0.0,0.0,0.0,-1.332761,-0.5598921,-2.604651,-0.4325028,0.03446335,1.998621,0.690972,-0.05632512,0.7206838,-0.1792282,0.9524826,0.2462805,-0.7003106,-0.2993398,0.6480439,moving,-70.90305,-39.394,-12.21056,0.9878854
05/15/2023 12:31:27.328707,1520,True,True,True,True,Eyes,0.5119498,-0.02260233,-3.612255,-0.9102362,-0.2592428,0.3228979,0.0,0.0,0.0,0.0,0.0,0.0,0.0,2.296907,0.9684536,2.566068,0.3624891,-0.02218767,-3.559003,0.1510572,-0.3888232,0.03403129,0.9082071,17.50847,313.131,356.6544,0.1572201,-0.006686728,-0.9875407,0.0,0.0,0.0,-1.333967,-0.5608465,-2.587784,-0.4315653,0.03723961,1.999154,0.6953168,-0.05565421,0.7165453,-0.179284,0.9520472,0.2479182,-0.6959826,-0.3008468,0.6519964,moving,-70.46832,-38.75969,-12.18173,1.067164
05/15/2023 12:31:27.339223,1521,True,True,True,True,Eyes,0.5051097,-0.02272012,-3.609492,-0.9078466,-0.2590233,0.3297295,0.0,0.0,0.0,0.0,0.0,0.0,0.0,2.279769,0.9757544,2.569296,0.3554636,-0.02280091,-3.553006,0.1523259,-0.3857818,0.0343415,0.9092798,17.66857,313.5045,356.6862,0.1555325,-0.006637662,-0.9878082,0.0,0.0,0.0,-1.335756,-0.5572542,-2.569464,-0.4306612,0.03991339,1.999668,0.6999861,-0.05507704,0.7120294,-0.1799812,0.951235,0.250517,-0.6911051,-0.3035103,0.6559384,moving,-70.039,-38.15187,-12.15394,1.143472
05/15/2023 12:31:27.359125,1522,True,True,True,True,Eyes,0.4982885,-0.02287182,-3.606585,-0.9053789,-0.2588863,0.3365515,0.0,0.0,0.0,0.0,0.0,0.0,0.0,2.25997,0.9739507,2.577622,0.3487633,-0.0237498,-3.546545,0.1519765,-0.3823979,0.03417332,0.9107729,17.63594,313.9449,356.7527,0.1538397,-0.006597348,-0.9880735,0.0,0.0,0.0,-1.336051,-0.5595204,-2.552307,-0.429776,0.04253325,2.000171,0.705208,-0.05398276,0.7069425,-0.1784793,0.9514707,0.2506966,-0.6861683,-0.3029678,0.66135,moving,-69.60867,-37.56865,-12.12674,1.2182
05/15/2023 12:31:27.378876,1523,True,True,True,True,Eyes,0.4914717,-0.0230236,-3.603542,-0.9028312,-0.2588741,0.3433367,0.0,0.0,0.0,0.0,0.0,0.0,0.0,2.23913,0.9756334,2.585669,0.3424096,-0.0248241,-3.540252,0.1523488,-0.3787417,0.03476203,0.9122151,17.71493,314.4171,356.8719,0.152144,-0.006565895,-0.9883363,0.0,0.0,0.0,-1.335568,-0.563324,-2.534667,-0.4288406,0.04530075,2.000703,0.7106927,-0.05198075,0.7015796,-0.1788225,0.9511629,0.251618,-0.6803958,-0.3042813,0.6666892,moving,-69.17875,-37.01611,-12.098,1.297094
05/15/2023 12:31:27.389048,1524,True,True,True,True,Eyes,0.4846722,-0.02318927,-3.600339,-0.9002493,-0.2587359,0.3501528,0.0,0.0,0.0,0.0,0.0,0.0,0.0,2.218594,0.978054,2.592543,0.3360987,-0.02501659,-3.533616,0.1530059,-0.3751654,0.03542382,0.9135564,17.82668,314.8745,356.9844,0.1504452,-0.006542441,-0.9885964,0.0,0.0,0.0,-1.334754,-0.5613253,-2.513553,-0.4279442,0.04795301,2.001213,0.7159922,-0.05008175,0.6963096,-0.1795284,0.9506687,0.2529795,-0.6746294,-0.3061386,0.6716802,moving,-68.74641,-36.46154,-12.07047,1.372657
05/15/2023 12:31:27.409115,1525,True,True,True,True,Eyes,0.4778749,-0.02336973,-3.597014,-0.8976423,-0.2584521,0.3569883,0.0,0.0,0.0,0.0,0.0,0.0,0.0,2.196261,0.9707135,2.603979,0.3296448,-0.02541704,-3.526648,0.1515651,-0.3715563,0.03425748,0.9153144,17.63286,315.3465,356.9976,0.1487438,-0.006526598,-0.988854,0.0,0.0,0.0,-1.332097,-0.5636543,-2.492654,-0.4270778,0.05051866,2.001705,0.7215446,-0.04991721,0.6905661,-0.1753426,0.9517089,0.2520022,-0.6697972,-0.3029165,0.6779478,moving,-68.31251,-35.90376,-12.04387,1.445713
05/15/2023 12:31:27.428780,1526,True,True,True,True,Eyes,0.4711089,-0.02356227,-3.593534,-0.8950025,-0.2580555,0.3638379,0.0,0.0,0.0,0.0,0.0,0.0,0.0,2.174409,0.9638488,2.614804,0.323646,-0.02606256,-3.519777,0.149998,-0.368162,0.03253813,0.9170052,17.40095,315.7839,356.95,0.1470413,-0.006518053,-0.9891086,0.0,0.0,0.0,-1.329353,-0.5659389,-2.471971,-0.4261268,0.05333233,2.002246,0.726796,-0.05077187,0.6849743,-0.1701224,0.9528837,0.2511394,-0.6654516,-0.2990566,0.6839147,moving,-67.87719,-35.34654,-12.01468,1.525784
05/15/2023 12:31:27.441951,1527,True,True,True,True,Eyes,0.4643698,-0.02377474,-3.589906,-0.8923246,-0.2575264,0.3707251,0.0,0.0,0.0,0.0,0.0,0.0,0.0,2.151054,0.9614134,2.624663,0.3176153,-0.02657601,-3.512637,0.1490829,-0.3645843,0.03064208,0.9186478,17.23267,316.2299,356.8545,0.1453376,-0.006516444,-0.9893605,0.0,0.0,0.0,-1.328431,-0.5576268,-2.44846,-0.4252495,0.05592826,2.002745,0.7322788,-0.05240804,0.6789855,-0.1650051,0.9536707,0.2515661,-0.6607127,-0.2962526,0.6897052,moving,-67.43908,-34.78601,-11.98776,1.599615
05/15/2023 12:31:27.458984,1528,True,True,True,True,Eyes,0.4576754,-0.02401401,-3.586135,-0.889613,-0.2568127,0.3776716,0.0,0.0,0.0,0.0,0.0,0.0,0.0,2.12507,0.9539704,2.638055,0.3117309,-0.02731985,-3.505338,0.1471236,-0.3606815,0.02800139,0.9205866,16.92257,316.7234,356.7298,0.1436341,-0.006521665,-0.9896091,0.0,0.0,0.0,-1.327807,-0.5477774,-2.425677,-0.4243504,0.05858746,2.003256,0.7382495,-0.05457409,0.6723165,-0.1576849,0.9551411,0.2506808,-0.6558378,-0.2910791,0.696527,moving,-66.99709,-34.21528,-11.96018,1.675202
05/15/2023 12:31:27.478900,1529,True,True,True,True,Eyes,0.4510321,-0.02426646,-3.582218,-0.886887,-0.2560432,0.384543,0.0,0.0,0.0,0.0,0.0,0.0,0.0,2.098495,0.948288,2.65124,0.3060925,-0.02825423,-3.498216,0.145397,-0.3566946,0.02532394,0.9224898,16.63779,317.2216,356.5893,0.141932,-0.006533818,-0.9898546,0.0,0.0,0.0,-1.326493,-0.5395343,-2.402696,-0.4234282,0.06131664,2.00378,0.7442554,-0.05700248,0.6654583,-0.1504468,0.9564368,0.2501886,-0.6507303,-0.2863203,0.7032573,moving,-66.55905,-33.65717,-11.9319,1.752731
05/15/2023 12:31:27.489040,1530,True,True,True,True,Eyes,0.4444298,-0.02451841,-3.578151,-0.8841344,-0.2550566,0.3914748,0.0,0.0,0.0,0.0,0.0,0.0,0.0,2.072625,0.9460686,2.662204,0.3005174,-0.02881883,-3.490989,0.1442876,-0.3528598,0.02262871,0.9242073,16.41979,317.689,356.4138,0.140233,-0.006552612,-0.9900966,0.0,0.0,0.0,-1.324776,-0.5266413,-2.377386,-0.42256,0.0638859,2.004274,0.7499558,-0.05999934,0.6587613,-0.1436538,0.9573381,0.2507337,-0.6457011,-0.2826728,0.7093421,moving,-66.11732,-33.08535,-11.90529,1.825675
05/15/2023 12:31:27.508761,1531,True,True,True,True,Eyes,0.4378843,-0.0247481,-3.573934,-0.8813813,-0.2540333,0.3982889,0.0,0.0,0.0,0.0,0.0,0.0,0.0,2.045789,0.9382812,2.675099,0.2948809,-0.02912121,-3.483385,0.1422435,-0.3489264,0.01944254,0.9260882,16.08291,318.1763,356.2255,0.138537,-0.006577425,-0.9903352,0.0,0.0,0.0,-1.322319,-0.5144833,-2.352217,-0.4216234,0.06665787,2.004806,0.7557447,-0.06325401,0.6518044,-0.135276,0.9587775,0.249892,-0.6407421,-0.2770281,0.7160342,moving,-65.68219,-32.53021,-11.87659,1.904328
05/15/2023 12:31:27.528681,1532,True,True,True,True,Eyes,0.4313777,-0.0249215,-3.569567,-0.8786085,-0.2527876,0.4051487,0.0,0.0,0.0,0.0,0.0,0.0,0.0,2.0209,0.9272547,2.687483,0.28942,-0.02881491,-3.47589,0.1399057,-0.3452456,0.01654537,0.9278783,15.72708,318.6391,356.0743,0.1368459,-0.006607077,-0.9905701,0.0,0.0,0.0,-1.3198,-0.5040704,-2.328314,-0.4207265,0.06931028,2.005316,0.7610635,-0.06589945,0.6453213,-0.1273078,0.9603053,0.2482064,-0.6360621,-0.2710553,0.7224638,moving,-65.24437,-31.9616,-11.84911,1.979541
05/15/2023 12:31:27.539520,1533,True,True,True,True,Eyes,0.4249112,-0.02497523,-3.56505,-0.8756877,-0.251693,0.4120942,0.0,0.0,0.0,0.0,0.0,0.0,0.0,1.995927,0.9151915,2.699457,0.2838293,-0.02770106,-3.468002,0.1375289,-0.3415677,0.01352449,0.9296421,15.36364,319.0993,355.9082,0.1351606,-0.006639556,-0.9908012,0.0,0.0,0.0,-1.317355,-0.489225,-2.302801,-0.4198251,0.07197845,2.005829,0.766297,-0.06880498,0.6387916,-0.1190967,0.9618058,0.2464662,-0.6313515,-0.2649443,0.7288346,moving,-64.79857,-31.41515,-11.8215,2.055156
05/15/2023 12:31:27.558692,1534,True,True,True,True,Eyes,0.4184739,-0.02491083,-3.560369,-0.8727478,-0.2503164,0.4191099,0.0,0.0,0.0,0.0,0.0,0.0,0.0,1.971857,0.9029927,2.710324,0.2782789,-0.02490722,-3.459973,0.1355253,-0.3379719,0.01091466,0.9312834,15.05835,319.5476,355.767,0.1334809,-0.006671306,-0.9910287,0.0,0.0,0.0,-1.315068,-0.4733858,-2.278215,-0.4189353,0.07461073,2.006334,0.7713118,-0.07127818,0.6324536,-0.1119368,0.9630275,0.2450472,-0.6265367,-0.2598026,0.7348158,moving,-64.3488,-30.84806,-11.79426,2.12971
05/15/2023 12:31:27.578724,1535,True,True,True,True,Eyes,0.4184739,-0.02491083,-3.560369,-0.8727478,-0.2503164,0.4191099,0.0,0.0,0.0,0.0,0.0,0.0,0.0,1.946351,0.8817016,2.72428,0.2725179,-0.02208269,-3.451468,0.1320637,-0.3341158,0.008002996,0.9331998,14.58591,320.0457,355.6555,0.1318081,-0.006699121,-0.9912524,0.0,0.0,0.0,-1.312737,-0.4562807,-2.253311,-0.4180209,0.07731587,2.006853,0.7766051,-0.07331233,0.6257074,-0.1031859,0.9649903,0.2411357,-0.6214799,-0.2518314,0.7418516,moving,-64.3488,-30.84806,-11.76628,2.206281
05/15/2023 12:31:27.589287,1536,True,True,True,True,Eyes,0.4184739,-0.02491083,-3.560369,-0.8727478,-0.2503164,0.4191099,0.0,0.0,0.0,0.0,0.0,0.0,0.0,1.921838,0.8465638,2.741969,0.2670114,-0.02151307,-3.443366,0.1264853,-0.3301196,0.0064043,0.9354045,13.9372,320.6056,355.7735,0.1303022,-0.00672414,-0.9914513,0.0,0.0,0.0,-1.310092,-0.4396515,-2.229126,-0.417113,0.08000258,2.00737,0.7819601,-0.07152935,0.6192107,-0.09549179,0.9679209,0.2324015,-0.6159705,-0.2408583,0.7500451,moving,-64.3488,-30.84806,-11.73849,2.282282
05/15/2023 12:31:27.608734,1537,True,True,True,True,Eyes,0.4116631,-0.02461447,-3.55486,-0.8670083,-0.2499885,0.431048,0.0,0.0,0.0,0.0,0.0,0.0,0.0,1.905252,0.8463719,2.743344,0.2622481,-0.0196835,-3.435565,0.1276418,-0.3271774,0.008941878,0.9362599,14.17373,320.9847,356.0506,0.1289467,-0.006746642,-0.9916283,0.0,0.0,0.0,-1.307107,-0.4175206,-2.202462,-0.4162418,0.08258109,2.007865,0.78575,-0.06677915,0.6149288,-0.1002668,0.9672553,0.2331605,-0.6103634,-0.2448629,0.7533251,moving,-63.56495,-30.11181,-11.71184,2.355179
05/15/2023 12:31:27.628669,1538,True,True,True,True,Eyes,0.4049138,-0.02427073,-3.549218,-0.86124,-0.2491458,0.4429358,0.0,0.0,0.0,0.0,0.0,0.0,0.0,1.88237,0.8399028,2.749182,0.2565564,-0.016063,-3.426466,0.1273338,-0.3235355,0.008587447,0.9375698,14.14197,321.4366,356.08,0.1275563,-0.006759843,-0.9918081,0.0,0.0,0.0,-1.303004,-0.3929097,-2.174288,-0.4152971,0.08537662,2.008402,0.790502,-0.06629138,0.6088613,-0.09849669,0.9674247,0.233212,-0.6044874,-0.2443254,0.7582217,moving,-62.78324,-29.3572,-11.68296,2.434162
05/15/2023 12:31:27.639016,1539,True,True,True,True,Eyes,0.398238,-0.02395636,-3.543497,-0.8553457,-0.2485072,0.4545633,0.0,0.0,0.0,0.0,0.0,0.0,0.0,1.850644,0.8037565,2.770097,0.2512504,-0.0146963,-3.417748,0.1212293,-0.3186347,0.00523287,0.9400788,13.37155,322.0864,356.0265,0.1261363,-0.006763332,-0.9919896,0.0,0.0,0.0,-1.29836,-0.3987674,-2.156501,-0.4143993,0.08803359,2.008912,0.796889,-0.06741711,0.6003523,-0.08709434,0.9705521,0.2245954,-0.5978148,-0.2312649,0.7675506,moving,-62.01212,-28.66518,-11.65551,2.509183
05/15/2023 12:31:27.658933,1540,True,True,True,True,Eyes,0.3916396,-0.02364779,-3.537676,-0.8492936,-0.2482343,0.4659185,0.0,0.0,0.0,0.0,0.0,0.0,0.0,1.820424,0.8040376,2.780133,0.2465484,-0.01501095,-3.410065,0.1215465,-0.3136581,0.005951025,0.9417058,13.45345,322.7044,356.1655,0.1246919,-0.006758884,-0.9921722,0.0,0.0,0.0,-1.293923,-0.3919144,-2.133523,-0.4135188,0.09063908,2.009413,0.8031664,-0.06503986,0.5921938,-0.08745632,0.970382,0.2251889,-0.5893006,-0.2326553,0.7736901,moving,-61.25103,-28.04802,-11.6286,2.582704
05/15/2023 12:31:27.678832,1541,True,True,True,True,Eyes,0.3851005,-0.02329012,-3.531783,-0.8440481,-0.2482729,0.4753349,0.0,0.0,0.0,0.0,0.0,0.0,0.0,1.79212,0.8222314,2.782834,0.2417615,-0.01475394,-3.401949,0.1251868,-0.3089032,0.008371291,0.9427815,13.95853,323.2718,356.3633,0.1232272,-0.006747445,-0.9923553,0.0,0.0,0.0,-1.28725,-0.3611487,-2.10179,-0.4126182,0.09330271,2.009925,0.8090174,-0.06155664,0.5845525,-0.09312584,0.9685164,0.2308758,-0.5803606,-0.2412195,0.7778141,moving,-60.61349,-27.57858,-11.60109,2.657819
05/15/2023 12:31:27.695848,1542,True,True,True,True,Eyes,0.3786389,-0.02289385,-3.525785,-0.8387334,-0.2482399,0.4846681,0.0,0.0,0.0,0.0,0.0,0.0,0.0,1.76285,0.825673,2.790242,0.2369485,-0.0130375,-3.393893,0.1262677,-0.3041201,0.008897764,0.9441866,14.11403,323.8535,356.4531,0.1217455,-0.006728318,-0.9925383,0.0,0.0,0.0,-1.277273,-0.3628357,-2.076809,-0.411714,0.0959795,2.010439,0.8148636,-0.05999881,0.5765393,-0.09360341,0.9679545,0.2330286,-0.5720453,-0.2438525,0.7831349,moving,-59.97822,-27.12086,-11.57347,2.733257
05/15/2023 12:31:27.709277,1543,True,True,True,True,Eyes,0.3786389,-0.02289385,-3.525785,-0.8387334,-0.2482399,0.4846681,0.0,0.0,0.0,0.0,0.0,0.0,0.0,1.733097,0.8204781,2.799796,0.2323138,-0.01173015,-3.385492,0.1255644,-0.2994711,0.007835163,0.9457743,14.01666,324.4213,356.4317,0.1202498,-0.006701158,-0.9927208,0.0,0.0,0.0,-1.26686,-0.3790464,-2.055195,-0.4108279,0.09860136,2.010943,0.8205113,-0.06038523,0.5684318,-0.09002642,0.9683443,0.2328184,-0.5644966,-0.242204,0.7891013,moving,-59.97822,-27.12086,-11.54642,2.807101
05/15/2023 12:31:27.728936,1544,True,True,True,True,Eyes,0.3786389,-0.02289385,-3.525785,-0.8387334,-0.2482399,0.4846681,0.0,0.0,0.0,0.0,0.0,0.0,0.0,1.702561,0.8096027,2.811371,0.2276511,-0.01097006,-3.377282,0.1237591,-0.2947018,0.006225069,0.9475209,13.7802,325.0098,356.3903,0.1189036,-0.006676702,-0.9928832,0.0,0.0,0.0,-1.2572,-0.3808085,-2.031322,-0.4098854,0.1013897,2.011479,0.8262241,-0.06114733,0.5600132,-0.08474086,0.9692898,0.2308597,-0.5569315,-0.2381978,0.795669,moving,-59.97822,-27.12086,-11.51765,2.885582
05/15/2023 12:31:27.738735,1545,True,True,True,True,Eyes,0.3719632,-0.02243729,-3.518971,-0.833707,-0.2474593,0.4936563,0.0,0.0,0.0,0.0,0.0,0.0,0.0,1.673033,0.7961269,2.822481,0.2231824,-0.01057193,-3.368878,0.1217479,-0.2899924,0.005591856,0.9492368,13.55499,325.6035,356.4617,0.1176916,-0.006654679,-0.9930276,0.0,0.0,0.0,-1.248391,-0.3735697,-2.006072,-0.4089787,0.1040717,2.011994,0.8317463,-0.05999595,0.5519044,-0.08122793,0.9702923,0.2278921,-0.5491812,-0.2343784,0.8021637,moving,-59.36929,-26.62362,-11.48999,2.961023
05/15/2023 12:31:27.758579,1546,True,True,True,True,Eyes,0.3653857,-0.02198137,-3.512087,-0.8286073,-0.2465522,0.5026152,0.0,0.0,0.0,0.0,0.0,0.0,0.0,1.644564,0.7835154,2.832412,0.2185772,-0.009903371,-3.36053,0.1198679,-0.2854577,0.004728547,0.9508539,13.33554,326.1697,356.4977,0.116435,-0.006623329,-0.993176,0.0,0.0,0.0,-1.239393,-0.3620028,-1.979926,-0.4081046,0.1066592,2.012491,0.836983,-0.05944212,0.5439909,-0.07742675,0.9712186,0.2252541,-0.5417236,-0.2306533,0.8082911,moving,-58.75991,-26.12974,-11.46333,3.033757
05/15/2023 12:31:27.779050,1547,True,True,True,True,Eyes,0.3588504,-0.02153438,-3.505188,-0.8249123,-0.2451232,0.5093469,0.0,0.0,0.0,0.0,0.0,0.0,0.0,1.612578,0.7741335,2.842998,0.2143055,-0.00949724,-3.352061,0.1182293,-0.2805253,0.002929781,0.9525329,13.11336,326.7689,356.4237,0.1151396,-0.006583542,-0.9933273,0.0,0.0,0.0,-1.229889,-0.3518407,-1.953925,-0.4071933,0.1093559,2.013009,0.842594,-0.06075121,0.5351118,-0.07191405,0.9720265,0.223591,-0.5337262,-0.2268784,0.8146548,moving,-58.3065,-25.69918,-11.43554,3.109513
05/15/2023 12:31:27.789081,1548,True,True,True,True,Eyes,0.352416,-0.02111728,-3.498243,-0.8210579,-0.2438815,0.5161258,0.0,0.0,0.0,0.0,0.0,0.0,0.0,1.579813,0.7762509,2.851055,0.2100003,-0.00948891,-3.344054,0.118435,-0.2754121,0.001624733,0.9540014,13.11282,327.3735,356.342,0.1138112,-0.006536404,-0.9934807,0.0,0.0,0.0,-1.220925,-0.3413543,-1.928789,-0.4062825,0.1120502,2.013526,0.8482912,-0.06213686,0.5258719,-0.06833684,0.971941,0.2250793,-0.5251021,-0.2268692,0.8202427,moving,-57.84609,-25.29183,-11.40777,3.185153
05/15/2023 12:31:27.809135,1549,True,True,True,True,Eyes,0.3460436,-0.02070492,-3.491298,-0.8170112,-0.2430263,0.5229061,0.0,0.0,0.0,0.0,0.0,0.0,0.0,1.544287,0.7877769,2.857713,0.2059355,-0.009763688,-3.336081,0.1202393,-0.2698268,0.001080117,0.9553716,13.31646,328.0251,356.2984,0.1124543,-0.006483424,-0.9936355,0.0,0.0,0.0,-1.21047,-0.3303741,-1.902632,-0.4054078,0.1146396,2.014024,0.8543847,-0.06282372,0.5158294,-0.06695137,0.9710827,0.2291635,-0.5153099,-0.2303292,0.8254721,moving,-57.37981,-24.92716,-11.38112,3.2578
05/15/2023 12:31:27.828738,1550,True,True,True,True,Eyes,0.3397785,-0.02026866,-3.484303,-0.8128079,-0.2424504,0.5296802,0.0,0.0,0.0,0.0,0.0,0.0,0.0,1.511499,0.8057683,2.861211,0.2020062,-0.009363517,-3.328592,0.1235684,-0.2644539,0.002402114,0.9564463,13.7475,328.6557,356.4136,0.1110737,-0.006425312,-0.9937912,0.0,0.0,0.0,-1.198988,-0.3273407,-1.877939,-0.404493,0.1173448,2.014544,0.8601168,-0.06076128,0.5064654,-0.06995125,0.9694502,0.2351025,-0.5052782,-0.2376435,0.82959,moving,-56.90903,-24.59498,-11.35325,3.333645
05/15/2023 12:31:27.839169,1551,True,True,True,True,Eyes,0.3336512,-0.01984067,-3.477239,-0.808228,-0.2415163,0.5370636,0.0,0.0,0.0,0.0,0.0,0.0,0.0,1.479238,0.8180228,2.864867,0.1982701,-0.008295029,-3.320451,0.1260958,-0.2592154,0.003583983,0.9575461,14.08393,329.2779,356.5417,0.1096728,-0.006361795,-0.9939471,0.0,0.0,0.0,-1.185286,-0.3318883,-1.853326,-0.4035528,0.120128,2.015079,0.8655891,-0.05850829,0.4973253,-0.0722356,0.968174,0.239627,-0.4955176,-0.2433431,0.8338144,moving,-56.39616,-24.21334,-11.32462,3.411624
05/15/2023 12:31:27.858894,1552,True,True,True,True,Eyes,0.3276395,-0.01943585,-3.47016,-0.8035023,-0.2408206,0.5444167,0.0,0.0,0.0,0.0,0.0,0.0,0.0,1.445836,0.8087087,2.875127,0.1942006,-0.008088335,-3.312557,0.1248376,-0.2537506,0.0036129,0.9591731,13.96419,329.9553,356.6668,0.1082581,-0.006293658,-0.9941027,0.0,0.0,0.0,-1.17136,-0.3449585,-1.831607,-0.4026934,0.1226709,2.015567,0.8711951,-0.05642444,0.4876835,-0.07028603,0.9688051,0.2376482,-0.4858795,-0.2413153,0.8400524,moving,-55.88022,-23.86201,-11.29845,3.482823
05/15/2023 12:31:27.878677,1553,True,True,True,True,Eyes,0.3216575,-0.01903134,-3.46308,-0.7984483,-0.2400717,0.5521286,0.0,0.0,0.0,0.0,0.0,0.0,0.0,1.41417,0.8175737,2.879645,0.1909093,-0.008191049,-3.30517,0.1266529,-0.24855,0.004972368,0.9602903,14.22432,330.5832,356.8415,0.106833,-0.006221949,-0.9942573,0.0,0.0,0.0,-1.15755,-0.3538693,-1.809096,-0.4017293,0.1255238,2.016115,0.8763964,-0.05340931,0.4786197,-0.07250898,0.9678686,0.2407753,-0.4761007,-0.2457188,0.8443639,moving,-55.33606,-23.49995,-11.26911,3.56265
05/15/2023 12:31:27.888898,1554,True,True,True,True,Eyes,0.3157772,-0.0186409,-3.45596,-0.793274,-0.2393396,0.5598508,0.0,0.0,0.0,0.0,0.0,0.0,0.0,1.382922,0.8259436,2.883255,0.1870569,-0.007900134,-3.297387,0.1284886,-0.2433351,0.00643675,0.9613726,14.48837,331.2146,357.0306,0.1053988,-0.006146989,-0.9944108,0.0,0.0,0.0,-1.143859,-0.3480038,-1.783547,-0.4008585,0.1281014,2.01661,0.8814932,-0.05015534,0.4695254,-0.07490779,0.9668984,0.2439183,-0.4662172,-0.2501834,0.8485575,moving,-54.78759,-23.147,-11.24261,3.634723
05/15/2023 12:31:27.908929,1555,True,True,True,True,Eyes,0.3099819,-0.01826912,-3.448811,-0.7879012,-0.2383694,0.5677955,0.0,0.0,0.0,0.0,0.0,0.0,0.0,1.350909,0.8173612,2.891546,0.1835672,-0.007836804,-3.289424,0.1274779,-0.2380552,0.007289278,0.962822,14.41524,331.8753,357.2388,0.1039591,-0.006069492,-0.9945627,0.0,0.0,0.0,-1.129446,-0.3558991,-1.76192,-0.3999538,0.1307783,2.017125,0.8865532,-0.04665697,0.4602679,-0.07473008,0.9673926,0.2420064,-0.456551,-0.2489475,0.8541583,moving,-54.22186,-22.77342,-11.2151,3.709523
05/15/2023 12:31:27.929061,1556,True,True,True,True,Eyes,0.3042749,-0.01792677,-3.441604,-0.7824044,-0.2374016,0.5757463,0.0,0.0,0.0,0.0,0.0,0.0,0.0,1.319704,0.8146808,2.897624,0.1798542,-0.007940605,-3.281636,0.1274045,-0.232854,0.008327069,0.9640943,14.45016,332.5184,357.4385,0.1025161,-0.00599019,-0.9947131,0.0,0.0,0.0,-1.115355,-0.3636163,-1.740109,-0.3990447,0.133468,2.017642,0.8914194,-0.04327712,0.4511083,-0.07538944,0.9673976,0.2417818,-0.4468646,-0.2495378,0.8590942,moving,-53.65184,-22.40817,-11.18745,3.784631
05/15/2023 12:31:27.939174,1557,True,True,True,True,Eyes,0.2986696,-0.01761277,-3.434341,-0.7767723,-0.2361412,0.5838341,0.0,0.0,0.0,0.0,0.0,0.0,0.0,1.286311,0.805769,2.905295,0.1762151,-0.008300349,-3.273144,0.1262305,-0.2273826,0.008930046,0.9655483,14.3488,333.198,357.6242,0.1010721,-0.005910081,-0.9948613,0.0,0.0,0.0,-1.100981,-0.3600391,-1.715946,-0.3981658,0.1360683,2.018141,0.8964349,-0.04016044,0.4413521,-0.07465,0.9679722,0.2397022,-0.4368431,-0.2478243,0.8647261,moving,-53.07091,-22.02168,-11.16074,3.857194
05/15/2023 12:31:27.958915,1558,True,True,True,True,Eyes,0.2931462,-0.01736281,-3.427023,-0.7709992,-0.2349096,0.5919272,0.0,0.0,0.0,0.0,0.0,0.0,0.0,1.252743,0.7965237,2.913065,0.1724517,-0.008673221,-3.264958,0.1249936,-0.2218232,0.009595858,0.9669949,14.24056,333.8878,357.8185,0.09962985,-0.005830053,-0.9950072,0.0,0.0,0.0,-1.086808,-0.360326,-1.693125,-0.3972867,0.1386693,2.018641,0.9014048,-0.03689469,0.4314027,-0.07401127,0.968569,0.2374793,-0.426605,-0.2459936,0.8703421,moving,-52.4851,-21.64593,-11.13403,3.929725
05/15/2023 12:31:27.978754,1559,True,True,True,True,Eyes,0.2876723,-0.01720667,-3.41967,-0.7651092,-0.2334825,0.6000782,0.0,0.0,0.0,0.0,0.0,0.0,0.0,1.217234,0.7903016,2.920021,0.168833,-0.009955421,-3.256402,0.1240753,-0.2160116,0.010146,0.9684222,14.16398,334.6021,357.9933,0.09819102,-0.005751924,-0.9951507,0.0,0.0,0.0,-1.071716,-0.3559245,-1.668171,-0.3963696,0.1413831,2.019162,0.9064721,-0.03395219,0.4208986,-0.07325463,0.9690048,0.2359313,-0.4158631,-0.2446979,0.8758886,moving,-51.89277,-21.26035,-11.10617,4.005352
05/15/2023 12:31:27.988944,1560,True,True,True,True,Eyes,0.2822887,-0.01713515,-3.412274,-0.7590773,-0.2322989,0.6081438,0.0,0.0,0.0,0.0,0.0,0.0,0.0,1.183035,0.7830645,2.926556,0.164986,-0.01204999,-3.248096,0.122949,-0.21028,0.01122346,0.9698143,14.07522,335.3141,358.2313,0.09675545,-0.005678178,-0.9952918,0.0,0.0,0.0,-1.05629,-0.3513879,-1.643548,-0.3954686,0.1440492,2.019674,0.9113126,-0.02993809,0.410625,-0.07347678,0.9695152,0.2337552,-0.4051054,-0.2431955,0.8813317,moving,-51.29962,-20.90586,-11.07881,4.079598
05/15/2023 12:31:28.008958,1561,True,True,True,True,Eyes,0.2769757,-0.0171102,-3.404815,-0.7529492,-0.2311316,0.6161539,0.0,0.0,0.0,0.0,0.0,0.0,0.0,1.150867,0.7918332,2.927633,0.1617104,-0.01395285,-3.239782,0.1245186,-0.2049026,0.01297678,0.9707429,14.30414,335.9704,358.4723,0.09532554,-0.005610872,-0.9954301,0.0,0.0,0.0,-1.039691,-0.3486703,-1.618368,-0.3945472,0.146777,2.020198,0.9156931,-0.02583413,0.4010471,-0.0762226,0.9686534,0.2364331,-0.3945837,-0.247069,0.8850201,moving,-50.70583,-20.56207,-11.05084,4.155509
05/15/2023 12:31:28.028879,1562,True,True,True,True,Eyes,0.2717358,-0.01716509,-3.397287,-0.746711,-0.2299076,0.6241516,0.0,0.0,0.0,0.0,0.0,0.0,0.0,1.118242,0.7965922,2.928987,0.1579647,-0.015058,-3.230915,0.125421,-0.1995219,0.01367847,0.9717373,14.43082,336.6182,358.6116,0.09390214,-0.005550719,-0.9955657,0.0,0.0,0.0,-1.023316,-0.3467243,-1.593839,-0.393616,0.1495318,2.020727,0.9200079,-0.0234647,0.3911968,-0.07663224,0.9681649,0.2382943,-0.3843346,-0.2492109,0.8889211,moving,-50.10884,-20.22139,-11.02258,4.232118
05/15/2023 12:31:28.039553,1563,True,True,True,True,Eyes,0.266565,-0.01730496,-3.389724,-0.74037,-0.2288111,0.6320583,0.0,0.0,0.0,0.0,0.0,0.0,0.0,1.083051,0.7900749,2.933814,0.1544223,-0.01705061,-3.221854,0.1241191,-0.1939387,0.01275812,0.9730465,14.27026,337.2835,358.6215,0.0924857,-0.005499337,-0.9956985,0.0,0.0,0.0,-1.007056,-0.3558273,-1.572493,-0.3927374,0.1521309,2.021227,0.92445,-0.02331451,0.3805898,-0.0729715,0.9688634,0.2365988,-0.3742557,-0.246496,0.8939645,moving,-49.51241,-19.90074,-10.99592,4.304343
05/15/2023 12:31:28.058532,1564,True,True,True,True,Eyes,0.2614707,-0.01752004,-3.382102,-0.7338753,-0.2280793,0.6398491,0.0,0.0,0.0,0.0,0.0,0.0,0.0,1.049052,0.8068493,2.932251,0.15104,-0.01920588,-3.213476,0.1266315,-0.1884744,0.01251232,0.9737994,14.55705,337.9155,358.6168,0.09107751,-0.005458386,-0.9958285,0.0,0.0,0.0,-0.991431,-0.3599276,-1.550202,-0.3918711,0.1546943,2.021719,0.9286416,-0.02336464,0.3702416,-0.07210259,0.9676158,0.2419109,-0.3639037,-0.2513439,0.8968837,moving,-48.91558,-19.61901,-10.96965,4.375532
05/15/2023 12:31:28.078863,1565,True,True,True,True,Eyes,0.2564349,-0.01778962,-3.374436,-0.7272825,-0.2274212,0.6475645,0.0,0.0,0.0,0.0,0.0,0.0,0.0,1.013256,0.8334432,2.927439,0.1477143,-0.02115773,-3.20452,0.1308382,-0.182725,0.01253934,0.9743387,15.043,338.5734,358.6128,0.08967854,-0.005429071,-0.9959556,0.0,0.0,0.0,-0.9752999,-0.3538125,-1.52554,-0.3909207,0.157507,2.022259,0.9329087,-0.02337969,0.3593533,-0.07224993,0.9654483,0.2503789,-0.3527908,-0.2595439,0.8989859,moving,-48.31848,-19.351,-10.94083,4.453586
05/15/2023 12:31:28.088976,1566,True,True,True,True,Eyes,0.2514691,-0.01811998,-3.366717,-0.7205322,-0.2270257,0.6552044,0.0,0.0,0.0,0.0,0.0,0.0,0.0,0.9762631,0.850201,2.925405,0.1445444,-0.02272342,-3.195703,0.1334389,-0.1768383,0.01194789,0.9750792,15.33443,339.2502,358.5803,0.08828938,-0.005411883,-0.9960799,0.0,0.0,0.0,-0.9588026,-0.3635783,-1.504974,-0.3900416,0.1601076,2.022759,0.9371709,-0.02389393,0.3480514,-0.0704945,0.9641026,0.2560012,-0.3416742,-0.2644526,0.9018446,moving,-47.71869,-19.111,-10.91419,4.5257
05/15/2023 12:31:28.108524,1567,True,True,True,True,Eyes,0.2465353,-0.01847097,-3.358935,-0.7136647,-0.2265692,0.6628341,0.0,0.0,0.0,0.0,0.0,0.0,0.0,0.9379979,0.8706038,2.922058,0.1411882,-0.02446473,-3.186798,0.1366344,-0.1707048,0.01138435,0.9757364,15.69551,339.9526,358.5458,0.08690976,-0.005407448,-0.9962013,0.0,0.0,0.0,-0.9408739,-0.3800561,-1.484722,-0.3891476,0.1627536,2.023268,0.9414605,-0.02443204,0.3362368,-0.06886452,0.9624029,0.2627515,-0.3300148,-0.2705249,0.9043818,moving,-47.11483,-18.8714,-10.8871,4.599026
05/15/2023 12:31:28.128735,1568,True,True,True,True,Eyes,0.2416527,-0.01885786,-3.351073,-0.7066604,-0.2259892,0.6704924,0.0,0.0,0.0,0.0,0.0,0.0,0.0,0.8988795,0.8841739,2.919893,0.1376639,-0.02535371,-3.177409,0.1388047,-0.1645004,0.01009954,0.9765096,15.92691,340.6595,358.4541,0.08553945,-0.005415171,-0.9963198,0.0,0.0,0.0,-0.9224342,-0.3891126,-1.463322,-0.3882292,0.165471,2.02379,0.9456753,-0.02594226,0.3240762,-0.06539145,0.9612625,0.2677655,-0.3184687,-0.274411,0.9073458,moving,-46.50441,-18.62637,-10.85928,4.674274
05/15/2023 12:31:28.138757,1569,True,True,True,True,Eyes,0.2367969,-0.01928462,-3.343149,-0.6992787,-0.2248523,0.6785652,0.0,0.0,0.0,0.0,0.0,0.0,0.0,0.8578617,0.8772058,2.923674,0.1339458,-0.02664635,-3.167749,0.1374457,-0.1580609,0.007700513,0.9777862,15.73684,341.4013,358.3098,0.08417904,-0.005434968,-0.9964356,0.0,0.0,0.0,-0.903115,-0.4009114,-1.442174,-0.3873659,0.1680248,2.02428,0.9499149,-0.02839067,0.3112164,-0.0585085,0.9620988,0.2663507,-0.3069827,-0.2712194,0.9122508,moving,-45.86128,-18.33335,-10.83315,4.744942
05/15/2023 12:31:28.158774,1570,True,True,True,True,Eyes,0.2319763,-0.01974871,-3.335138,-0.6917809,-0.2235833,0.6866219,0.0,0.0,0.0,0.0,0.0,0.0,0.0,0.8179563,0.8693116,2.927122,0.1302496,-0.02818823,-3.158328,0.1359226,-0.1517561,0.005349958,0.979013,15.53124,342.1278,358.1693,0.08282746,-0.005466896,-0.9965487,0.0,0.0,0.0,-0.8837774,-0.4067625,-1.419692,-0.3864232,0.1708153,2.024816,0.9538829,-0.03077882,0.2985968,-0.05172953,0.9629929,0.2645162,-0.2956881,-0.2677638,0.9169903,moving,-45.21444,-18.0367,-10.80461,4.822107
05/15/2023 12:31:28.168575,1571,True,True,True,True,Eyes,0.2271729,-0.02026829,-3.327047,-0.6840681,-0.2216687,0.6949199,0.0,0.0,0.0,0.0,0.0,0.0,0.0,0.7797585,0.8584915,2.929834,0.1262077,-0.02959822,-3.148358,0.1340145,-0.1456392,0.003172752,0.9802138,15.28675,342.8361,358.0505,0.08148439,-0.005510942,-0.9966592,0.0,0.0,0.0,-0.8641017,-0.3978526,-1.393763,-0.3854281,0.1737598,2.025382,0.9575583,-0.03281558,0.2863655,-0.04525549,0.9640601,0.2618017,-0.2846647,-0.26365,0.9216587,moving,-44.54913,-17.69188,-10.7745,4.903462
05/15/2023 12:31:28.189222,1572,True,True,True,True,Eyes,0.2224022,-0.02085195,-3.31888,-0.6762566,-0.21975,0.7031266,0.0,0.0,0.0,0.0,0.0,0.0,0.0,0.7426136,0.83596,2.935141,0.122232,-0.03160307,-3.138378,0.1301106,-0.1396271,0.001060722,0.9816183,14.81709,343.5449,357.9696,0.08014915,-0.005567643,-0.9967671,0.0,0.0,0.0,-0.8447644,-0.3891737,-1.368908,-0.3846232,0.1761411,2.02584,0.9610063,-0.03425149,0.2743971,-0.03841639,0.9661402,0.2551417,-0.273845,-0.2557341,0.927151,moving,-43.88403,-17.35572,-10.75015,4.96921
05/15/2023 12:31:28.208675,1573,True,True,True,True,Eyes,0.2176819,-0.02147849,-3.310612,-0.6683236,-0.2177732,0.7112795,0.0,0.0,0.0,0.0,0.0,0.0,0.0,0.7090228,0.8304092,2.934341,0.1181838,-0.03374086,-3.128506,0.1291235,-0.1340293,0.0001795431,0.982529,14.7015,344.2023,357.9702,0.07882108,-0.005637776,-0.9968725,0.0,0.0,0.0,-0.8261027,-0.3786759,-1.343709,-0.3836485,0.1790255,2.026394,0.9640722,-0.03425985,0.2634218,-0.03496547,0.9666542,0.253687,-0.2633291,-0.2537833,0.9307265,moving,-43.21659,-17.02307,-10.72068,5.048793
05/15/2023 12:31:28.229241,1574,True,True,True,True,Eyes,0.212985,-0.02215461,-3.302261,-0.660297,-0.2158091,0.7193291,0.0,0.0,0.0,0.0,0.0,0.0,0.0,0.6757311,0.8327995,2.930349,0.1139719,-0.03540237,-3.118152,0.1295817,-0.1284315,-0.0004249355,0.983216,14.75607,344.854,357.978,0.07750081,-0.005721394,-0.9969756,0.0,0.0,0.0,-0.807684,-0.3615168,-1.317922,-0.3828274,0.1814554,2.02686,0.9670104,-0.03412033,0.2524416,-0.03244912,0.9664168,0.2549227,-0.2526619,-0.2547044,0.9334279,moving,-42.54989,-16.7,-10.69586,5.115786
05/15/2023 12:31:28.239200,1575,True,True,True,True,Eyes,0.2083208,-0.02286501,-3.293832,-0.6521978,-0.2138369,0.7272633,0.0,0.0,0.0,0.0,0.0,0.0,0.0,0.6432195,0.8272976,2.928185,0.1097696,-0.03727904,-3.107889,0.1287019,-0.1229053,-0.001036686,0.984037,14.65749,345.5048,358.0052,0.07618808,-0.005818742,-0.9970763,0.0,0.0,0.0,-0.7903525,-0.3572926,-1.295535,-0.3819653,0.1840056,2.02735,0.9697865,-0.03367657,0.2416199,-0.02959602,0.9668695,0.2535498,-0.2421536,-0.2530402,0.9366602,moving,-41.88523,-16.3849,-10.6698,5.186049
05/15/2023 12:31:28.259080,1576,True,True,True,True,Eyes,0.2036772,-0.02358845,-3.285316,-0.6440601,-0.2119062,0.735039,0.0,0.0,0.0,0.0,0.0,0.0,0.0,0.6144493,0.8278238,2.923333,0.1055922,-0.03881456,-3.09775,0.1289281,-0.1179129,-0.001151451,0.9846182,14.69173,346.0926,358.0644,0.07488172,-0.005929685,-0.9971746,0.0,0.0,0.0,-0.7729027,-0.3583578,-1.273815,-0.3810102,0.1868322,2.027893,0.9721904,-0.03267206,0.2319015,-0.0281371,0.9667525,0.2541614,-0.2324954,-0.2536183,0.9389482,moving,-41.22568,-16.08188,-10.64095,5.263869
05/15/2023 12:31:28.279202,1577,True,True,True,True,Eyes,0.1990426,-0.02431861,-3.276701,-0.6358932,-0.2097781,0.7427199,0.0,0.0,0.0,0.0,0.0,0.0,0.0,0.5880299,0.8237863,2.918671,0.101387,-0.03985457,-3.08726,0.1284708,-0.1133158,-0.00155386,0.985217,14.64273,346.6329,358.0941,0.07358181,-0.006053354,-0.9972705,0.0,0.0,0.0,-0.7556568,-0.3545532,-1.251773,-0.3801194,0.1894685,2.0284,0.9743142,-0.03217732,0.2228821,-0.02605376,0.9669857,0.2534953,-0.2236806,-0.252791,0.9413096,moving,-40.56909,-15.77211,-10.61405,5.336392
05/15/2023 12:31:28.288611,1578,True,True,True,True,Eyes,0.1944312,-0.02506602,-3.268006,-0.6276968,-0.2075719,0.7502737,0.0,0.0,0.0,0.0,0.0,0.0,0.0,0.5608016,0.8045293,2.917732,0.09708247,-0.04082781,-3.076335,0.1254383,-0.1086074,-0.002646767,0.9861353,14.28961,347.1895,358.08,0.07228754,-0.006188826,-0.9973643,0.0,0.0,0.0,-0.7401976,-0.3552426,-1.231812,-0.3792166,0.1921398,2.028913,0.9763949,-0.03246719,0.2135392,-0.02202691,0.9685165,0.2479732,-0.2148672,-0.2468233,0.9449393,moving,-39.91665,-15.46472,-10.58679,5.409827
05/15/2023 12:31:28.308835,1579,True,True,True,True,Eyes,0.1898594,-0.02575374,-3.259217,-0.619417,-0.2056089,0.7576593,0.0,0.0,0.0,0.0,0.0,0.0,0.0,0.5349517,0.7904969,2.915209,0.09297226,-0.0420178,-3.065794,0.1232812,-0.1040294,-0.003005845,0.9868996,14.04636,347.7354,358.1343,0.0709985,-0.006335594,-0.9974561,0.0,0.0,0.0,-0.726222,-0.3523004,-1.211865,-0.3783055,0.1948355,2.029431,0.9783377,-0.03158266,0.204592,-0.01971679,0.9695854,0.2439576,-0.2060742,-0.2427068,0.9479592,moving,-39.26738,-15.18291,-10.55929,5.483874
05/15/2023 12:31:28.328670,1580,True,True,True,True,Eyes,0.185318,-0.02636737,-3.250316,-0.6110767,-0.2035571,0.7649509,0.0,0.0,0.0,0.0,0.0,0.0,0.0,0.5097817,0.7953831,2.906811,0.08901695,-0.04125525,-3.054904,0.124669,-0.09956173,-0.002907954,0.9871863,14.21517,348.2566,358.1931,0.06971447,-0.006490901,-0.9975457,0.0,0.0,0.0,-0.7119116,-0.3382589,-1.189739,-0.3773787,0.1975779,2.029958,0.980158,-0.03056591,0.1958469,-0.01908314,0.9688984,0.2467221,-0.197297,-0.245564,0.9490902,moving,-38.61941,-14.90136,-10.53133,5.559147
05/15/2023 12:31:28.339426,1581,True,True,True,True,Eyes,0.1808097,-0.02692815,-3.241339,-0.6026025,-0.2015301,0.7721761,0.0,0.0,0.0,0.0,0.0,0.0,0.0,0.4801363,0.7792694,2.904071,0.08513275,-0.04015085,-3.043446,0.1225313,-0.09440763,-0.003696907,0.9879574,13.96998,348.8627,358.2024,0.06843609,-0.006651687,-0.9976331,0.0,0.0,0.0,-0.6977441,-0.3288443,-1.169198,-0.3765005,0.2001767,2.030457,0.9821471,-0.03044056,0.1856354,-0.01583101,0.9699448,0.2428095,-0.1874474,-0.2414134,0.9521465,moving,-37.9683,-14.62732,-10.50484,5.630426
05/15/2023 12:31:28.358873,1582,True,True,True,True,Eyes,0.1763794,-0.02742269,-3.232269,-0.5940757,-0.1998509,0.7791878,0.0,0.0,0.0,0.0,0.0,0.0,0.0,0.4506772,0.7666952,2.900779,0.08155676,-0.03948146,-3.032696,0.1209611,-0.08913562,-0.003343249,0.9886416,13.80265,349.4951,358.3375,0.06716268,-0.006815983,-0.9977185,0.0,0.0,0.0,-0.6836986,-0.3319524,-1.150833,-0.3755917,0.2028661,2.030974,0.9840873,-0.02817443,0.1754375,-0.01495333,0.9707144,0.2397703,-0.1770552,-0.2385783,0.9548465,moving,-37.32296,-14.38548,-10.47744,5.704134
05/15/2023 12:31:28.379016,1583,True,True,True,True,Eyes,0.1719924,-0.02779442,-3.223113,-0.5855116,-0.1982069,0.7860599,0.0,0.0,0.0,0.0,0.0,0.0,0.0,0.4238918,0.7713583,2.892023,0.07810843,-0.03850004,-3.021736,0.1224242,-0.08423398,-0.002116754,0.9888947,13.99119,350.0828,358.5348,0.06589539,-0.006981551,-0.9978018,0.0,0.0,0.0,-0.6668773,-0.3196821,-1.128751,-0.3746402,0.2056813,2.031515,0.9858003,-0.02481106,0.1660788,-0.01643807,0.9700156,0.242486,-0.1671154,-0.2417727,0.9558339,moving,-36.68128,-14.15225,-10.44876,5.781228
05/15/2023 12:31:28.388470,1584,True,True,True,True,Eyes,0.167657,-0.02805894,-3.21386,-0.5769172,-0.1963967,0.7928397,0.0,0.0,0.0,0.0,0.0,0.0,0.0,0.3976317,0.7638676,2.885899,0.0746417,-0.03571999,-3.01051,0.1220649,-0.07950667,-0.001962663,0.9893306,13.95815,350.6423,358.6246,0.06463473,-0.007144542,-0.9978831,0.0,0.0,0.0,-0.6491448,-0.3115458,-1.108056,-0.3737549,0.2083009,2.032018,0.9873497,-0.0232934,0.1568376,-0.01552651,0.9701926,0.2418372,-0.1577959,-0.241213,0.9575577,moving,-36.04186,-13.91285,-10.42209,5.852911
05/15/2023 12:31:28.408778,1585,True,True,True,True,Eyes,0.1634103,-0.02823722,-3.204536,-0.5682523,-0.194562,0.7995217,0.0,0.0,0.0,0.0,0.0,0.0,0.0,0.3698654,0.7425133,2.88306,0.0714782,-0.03346318,-2.998988,0.1191929,-0.0746836,-0.003013802,0.9900537,13.62491,351.2048,358.5984,0.06338128,-0.007301962,-0.9979624,0.0,0.0,0.0,-0.632614,-0.3161088,-1.08979,-0.3728872,0.2108681,2.032511,0.9888266,-0.02377116,0.1471631,-0.01183586,0.9715679,0.2364649,-0.1486,-0.2355646,0.9604308,moving,-35.40294,-13.67697,-10.39595,5.923106
05/15/2023 12:31:28.428837,1586,True,True,True,True,Eyes,0.1592178,-0.02836631,-3.19516,-0.5595923,-0.1926889,0.8060568,0.0,0.0,0.0,0.0,0.0,0.0,0.0,0.343699,0.7242271,2.879628,0.0686537,-0.03161171,-2.988173,0.1167743,-0.07006372,-0.003454675,0.9906781,13.34932,351.7493,358.6332,0.06213678,-0.007451725,-0.9980395,0.0,0.0,0.0,-0.6166967,-0.3100855,-1.070373,-0.3719154,0.2137439,2.033064,0.9901583,-0.02320823,0.1380143,-0.009518346,0.9727036,0.2318556,-0.139628,-0.2308874,0.9629096,moving,-34.76971,-13.44432,-10.36669,6.001681
05/15/2023 12:31:28.439047,1587,True,True,True,True,Eyes,0.1550806,-0.02848,-3.185741,-0.5508453,-0.1909735,0.8124645,0.0,0.0,0.0,0.0,0.0,0.0,0.0,0.32061,0.7121982,2.87423,0.0656985,-0.03057854,-2.977577,0.1152924,-0.06588334,-0.003569869,0.9911379,13.18353,352.2426,358.6895,0.06090032,-0.007593253,-0.9981148,0.0,0.0,0.0,-0.6002109,-0.2936418,-1.049417,-0.3710943,0.216174,2.03353,0.9912933,-0.02226816,0.1297758,-0.008115235,0.9733898,0.2290118,-0.1314221,-0.228071,0.9647341,moving,-34.137,-13.22751,-10.34198,6.068027
05/15/2023 12:31:28.459000,1588,True,True,True,True,Eyes,0.1510201,-0.02854958,-3.176306,-0.542134,-0.1895119,0.8186427,0.0,0.0,0.0,0.0,0.0,0.0,0.0,0.2973733,0.7004789,2.868827,0.06299917,-0.03035954,-2.967218,0.1136914,-0.06174989,-0.004152253,0.9915866,13.00035,352.7239,358.69,0.05967301,-0.007726838,-0.9981878,0.0,0.0,0.0,-0.5839856,-0.2797796,-1.029922,-0.3701899,0.2188498,2.034045,0.9923395,-0.0222755,0.1215166,-0.005806226,0.974114,0.2259826,-0.1234049,-0.224957,0.9665224,moving,-33.51393,-13.03411,-10.31476,6.141026
05/15/2023 12:31:28.478650,1589,True,True,True,True,Eyes,0.1470444,-0.02855101,-3.166831,-0.5333496,-0.1884243,0.824642,0.0,0.0,0.0,0.0,0.0,0.0,0.0,0.2763653,0.713023,2.857649,0.06072528,-0.02933352,-2.95743,0.1163827,-0.05812409,-0.005084559,0.9914894,13.30845,353.1278,358.6097,0.05845542,-0.007851957,-0.9982589,0.0,0.0,0.0,-0.5695293,-0.2706685,-1.011922,-0.3692562,0.2216121,2.034575,0.9931915,-0.02361184,0.1140753,-0.003446701,0.9728585,0.2313754,-0.1164423,-0.2301932,0.9661534,moving,-32.89338,-12.87069,-10.28668,6.216324
05/15/2023 12:31:28.488912,1590,True,True,True,True,Eyes,0.1431513,-0.02848017,-3.157321,-0.524578,-0.1872482,0.8305156,0.0,0.0,0.0,0.0,0.0,0.0,0.0,0.2529632,0.7189061,2.847564,0.05830749,-0.02763052,-2.947079,0.1180646,-0.05409758,-0.006494187,0.99151,13.49862,353.5751,358.4883,0.05724805,-0.007967399,-0.998328,0.0,0.0,0.0,-0.5549772,-0.2614915,-0.9943399,-0.3683563,0.2242752,2.035087,0.9940626,-0.02565212,0.1057431,0.0001040818,0.9720371,0.2348272,-0.1088101,-0.2334219,0.9662684,moving,-32.27771,-12.70548,-10.25961,6.28886
05/15/2023 12:31:28.508520,1591,True,True,True,True,Eyes,0.1393643,-0.02834777,-3.147788,-0.5158384,-0.1861913,0.8362077,0.0,0.0,0.0,0.0,0.0,0.0,0.0,0.2284429,0.7067785,2.841961,0.05633361,-0.02586025,-2.93677,0.1166384,-0.04989159,-0.007975993,0.9918886,13.33174,354.0519,358.3828,0.05605295,-0.008071763,-0.9983949,0.0,0.0,0.0,-0.5420439,-0.2684672,-0.9801432,-0.3674592,0.2269297,2.035597,0.9948944,-0.02746115,0.09711317,0.004184036,0.9726638,0.2321805,-0.1008344,-0.2305888,0.9678127,moving,-31.66953,-12.55279,-10.23265,6.361106
05/15/2023 12:31:28.528667,1592,True,True,True,True,Eyes,0.1356627,-0.02816647,-3.138214,-0.5070901,-0.1849711,0.8418108,0.0,0.0,0.0,0.0,0.0,0.0,0.0,0.2041785,0.6968659,2.835943,0.05423623,-0.02419576,-2.926834,0.1155856,-0.04560746,-0.00890893,0.99221,13.21218,354.544,358.3388,0.05487129,-0.008164249,-0.9984598,0.0,0.0,0.0,-0.5275843,-0.2702799,-0.9644747,-0.3665419,0.2296442,2.036119,0.9956812,-0.02822219,0.08844486,0.007135924,0.9731212,0.2301831,-0.09256384,-0.2285578,0.9691198,moving,-31.06392,-12.39266,-10.20508,6.434927
05/15/2023 12:31:28.538773,1593,True,True,True,True,Eyes,0.1320404,-0.02795047,-3.128611,-0.4980572,-0.1833994,0.847528,0.0,0.0,0.0,0.0,0.0,0.0,0.0,0.1788356,0.6779935,2.831338,0.05251039,-0.02288413,-2.916308,0.1129379,-0.04111839,-0.009524636,0.9927053,12.91145,355.0687,358.3422,0.05370335,-0.008244525,-0.9985226,0.0,0.0,0.0,-0.5118355,-0.2594967,-0.9472706,-0.3656457,0.2322962,2.036628,0.9964371,-0.02819796,0.07948549,0.009622658,0.9743087,0.2250114,-0.08378826,-0.2234449,0.9711086,moving,-30.441,-12.21017,-10.17816,6.50699
05/15/2023 12:31:28.558939,1594,True,True,True,True,Eyes,0.1285145,-0.02770958,-3.118986,-0.4889746,-0.1818569,0.8531306,0.0,0.0,0.0,0.0,0.0,0.0,0.0,0.1521486,0.6598517,2.826589,0.05090017,-0.02186425,-2.906043,0.1103534,-0.03637373,-0.0100542,0.9931757,12.61914,355.6233,358.3558,0.05255044,-0.008312639,-0.9985834,0.0,0.0,0.0,-0.4958411,-0.2509128,-0.9308022,-0.3647644,0.2349041,2.037129,0.9971517,-0.0279991,0.07003198,0.01194324,0.9754421,0.2199321,-0.07447005,-0.2184693,0.9729982,moving,-29.81932,-12.03331,-10.15169,6.577805
05/15/2023 12:31:28.578791,1595,True,True,True,True,Eyes,0.125101,-0.0274617,-3.109345,-0.4797495,-0.1802091,0.8586997,0.0,0.0,0.0,0.0,0.0,0.0,0.0,0.1231069,0.6538355,2.819021,0.04960379,-0.02103062,-2.895969,0.1098624,-0.03125173,-0.01042045,0.9934009,12.56949,356.2179,358.3813,0.0514124,-0.008369054,-0.9986422,0.0,0.0,0.0,-0.4785069,-0.2364745,-0.9130111,-0.3638695,0.2375519,2.037638,0.9978295,-0.02757015,0.05980136,0.01383658,0.9756433,0.2189262,-0.06438062,-0.2176236,0.9739071,moving,-29.19179,-11.85225,-10.12483,6.649641
05/15/2023 12:31:28.588945,1596,True,True,True,True,Eyes,0.12179,-0.02721018,-3.099713,-0.470484,-0.1788486,0.8640938,0.0,0.0,0.0,0.0,0.0,0.0,0.0,0.09317582,0.6502647,2.810736,0.04842342,-0.02057356,-2.885999,0.109743,-0.02591772,-0.01037196,0.9935679,12.56439,356.8415,358.456,0.0502917,-0.008414635,-0.9986989,0.0,0.0,0.0,-0.459921,-0.2225852,-0.8954827,-0.3629426,0.2402944,2.038164,0.9984414,-0.02629906,0.04922552,0.01492191,0.9756978,0.2186119,-0.05377852,-0.2175366,0.9745695,moving,-28.56752,-11.69386,-10.09701,6.723989
05/15/2023 12:31:28.609271,1597,True,True,True,True,Eyes,0.1185819,-0.0269325,-3.090087,-0.4611359,-0.1778444,0.8693245,0.0,0.0,0.0,0.0,0.0,0.0,0.0,0.0656644,0.6622909,2.799053,0.04749328,-0.0201785,-2.876626,0.1123562,-0.02097284,-0.009706467,0.9933992,12.87484,357.4219,358.5894,0.04918877,-0.008450334,-0.9987535,0.0,0.0,0.0,-0.4395487,-0.2176898,-0.8789563,-0.3620488,0.2429394,2.038672,0.9989318,-0.02399765,0.03948765,0.01457193,0.9745638,0.2236362,-0.04384997,-0.2228219,0.9738725,moving,-27.94386,-11.5619,-10.07019,6.795634
05/15/2023 12:31:28.629045,1598,True,True,True,True,Eyes,0.1154819,-0.02664649,-3.080468,-0.4517435,-0.177045,0.8744043,0.0,0.0,0.0,0.0,0.0,0.0,0.0,0.03795134,0.6857285,2.784138,0.04674394,-0.0191551,-2.867148,0.117133,-0.01612136,-0.009944187,0.9929357,13.43195,357.9764,358.6141,0.04810508,-0.008476239,-0.9988061,0.0,0.0,0.0,-0.4181216,-0.2149299,-0.862709,-0.361109,0.2457205,2.039207,0.9992824,-0.02352456,0.02968537,0.01597119,0.972362,0.2329316,-0.03434453,-0.2322903,0.97204,moving,-27.32223,-11.44622,-10.04201,6.870906
05/15/2023 12:31:28.639338,1599,True,True,True,True,Eyes,0.04172023,-0.0194938,-2.8406,-0.2019407,-0.155682,0.9669453,0.0,0.0,0.0,0.0,0.0,0.0,0.0,0.008061204,0.6949134,2.772416,0.04619435,-0.01866159,-2.857758,0.1193141,-0.0109633,-0.01102039,0.9927349,13.68907,358.5611,358.5552,0.04704111,-0.00849303,-0.9988566,0.0,0.0,0.0,-0.3981706,-0.2240097,-0.8488979,-0.3602262,0.2483327,2.039709,0.9995167,-0.0244968,0.01913752,0.01926451,0.9712854,0.2371361,-0.02439707,-0.2366528,0.971288,moving,-11.79633,-9.146351,-10.01554,6.941545
05/15/2023 12:31:28.658558,1600,True,True,True,True,Eyes,0.04170651,-0.01947206,-2.840225,-0.2015503,-0.1558603,0.966998,0.0,0.0,0.0,0.0,0.0,0.0,0.0,-0.02109556,0.7127723,2.758506,0.04575201,-0.01826945,-2.848757,0.1230493,-0.0059398,-0.01209124,0.9923092,14.12642,359.1277,358.4957,0.04222095,-0.008206271,-0.9990743,-0.2212852,0.02145806,0.7196023,-0.378389,-0.2405743,-0.8361785,-0.359329,0.2509876,2.040218,0.9996371,-0.02545827,0.008812598,0.02253472,0.9694253,0.2443495,-0.01476387,-0.2440622,0.9696472,moving,-11.77354,-9.156162,-9.988656,7.013287
05/15/2023 12:31:28.678714,1601,True,True,True,True,Eyes,0.04169045,-0.01944159,-2.839483,-0.2008024,-0.1557598,0.9671698,0.0,0.0,0.0,0.0,0.0,0.0,0.0,-0.05074202,0.7228447,2.745811,0.04524522,-0.01764201,-2.839402,0.1254879,-0.0008404512,-0.01370304,0.9920002,14.41509,359.6979,358.379,0.038302,-0.007980189,-0.9992341,-0.2080081,0.02017058,0.6764262,-0.3569448,-0.2464118,-0.8223088,-0.3584118,0.2537017,2.04074,0.999623,-0.02739778,-0.001771676,0.02697591,0.9681301,0.248991,-0.005106587,-0.2489449,0.9685041,moving,-11.72904,-9.148757,-9.961174,7.086565
05/15/2023 12:31:28.689239,1602,True,True,True,True,Eyes,0.04167147,-0.01941508,-2.838394,-0.1997317,-0.1555728,0.9674215,0.0,0.0,0.0,0.0,0.0,0.0,0.0,-0.07961453,0.715045,2.737316,0.04495514,-0.01739588,-2.829876,0.1246656,0.004148167,-0.01541546,0.9920704,14.32856,0.259427,358.2521,0.03510495,-0.007801563,-0.999353,-0.1955276,0.01896034,0.6358407,-0.3359973,-0.2588533,-0.8099809,-0.357519,0.2563433,2.041247,0.9994903,-0.02955218,-0.0120741,0.03162071,0.9684417,0.2472262,0.004386991,-0.247482,0.9688826,moving,-11.66526,-9.135621,-9.934436,7.157831
05/15/2023 12:31:28.708759,1603,True,True,True,True,Eyes,0.04165078,-0.01940941,-2.836951,-0.1984795,-0.1549522,0.9677788,0.0,0.0,0.0,0.0,0.0,0.0,0.0,-0.1059236,0.7064491,2.728954,0.0447914,-0.01748882,-2.820491,0.12364,0.00868926,-0.01717158,0.9921405,14.21936,0.7681582,358.1127,0.0324889,-0.007660533,-0.9994425,-0.1837959,0.01782272,0.5976902,-0.3146913,-0.2654366,-0.7968422,-0.3566306,0.2589719,2.041753,0.9992593,-0.03192456,-0.02148812,0.03622192,0.9688365,0.2450381,0.01299575,-0.2456349,0.9692752,moving,-11.58995,-9.096491,-9.907833,7.228685
05/15/2023 12:31:28.728856,1604,True,True,True,True,Eyes,0.04164106,-0.01942608,-2.83518,-0.196922,-0.1541762,0.9682208,0.0,0.0,0.0,0.0,0.0,0.0,0.0,-0.1321989,0.6938223,2.72083,0.04484907,-0.0180189,-2.810595,0.121844,0.01320781,-0.01912954,0.9922771,14.023,1.272754,357.9477,0.03034269,-0.007550025,-0.9995108,-0.1727682,0.01675336,0.5618288,-0.2933382,-0.2588709,-0.7821571,-0.3557092,0.2616983,2.042276,0.9989192,-0.03474502,-0.03087325,0.04118218,0.9695762,0.2413007,0.02154997,-0.2423113,0.9699592,moving,-11.49632,-9.047626,-9.880258,7.302117
05/15/2023 12:31:28.748676,1605,True,True,True,True,Eyes,0.04165125,-0.01948931,-2.833083,-0.1949814,-0.1526822,0.96885,0.0,0.0,0.0,0.0,0.0,0.0,0.0,-0.1584401,0.6792816,2.713174,0.04502754,-0.01861693,-2.800976,0.1196848,0.01773882,-0.02111958,0.9924288,13.78661,1.779214,357.7769,0.02857756,-0.007464553,-0.9995635,-0.1624021,0.01574816,0.5281191,-0.2736593,-0.2518853,-0.7680947,-0.354834,0.2642885,2.042774,0.9984786,-0.03767322,-0.04026442,0.04616548,0.970459,0.2368079,0.03015365,-0.2383065,0.9707218,moving,-11.3788,-8.955654,-9.854071,7.371822
05/15/2023 12:31:28.759174,1606,True,True,True,True,Eyes,0.04168479,-0.01959974,-2.830679,-0.1927606,-0.1511927,0.9695278,0.0,0.0,0.0,0.0,0.0,0.0,0.0,-0.1851297,0.6711521,2.703276,0.04530054,-0.01983072,-2.791052,0.1185837,0.02245169,-0.02230885,0.9924396,13.67275,2.316432,357.7023,0.02712203,-0.007400673,-0.9996045,-0.1526579,0.01480327,0.4964319,-0.253664,-0.2419743,-0.7533361,-0.3539234,0.2669829,2.043291,0.9979965,-0.03895556,-0.04985482,0.04960518,0.9708805,0.2343725,0.03927296,-0.236376,0.9708676,moving,-11.24486,-8.86358,-9.826836,7.444273
05/15/2023 12:31:28.778825,1607,True,True,True,True,Eyes,0.0417996,-0.01976699,-2.82798,-0.1903003,-0.1493237,0.9703032,0.0,0.0,0.0,0.0,0.0,0.0,0.0,-0.2105254,0.6647829,2.692958,0.04581823,-0.02108656,-2.781319,0.117767,0.02698583,-0.02293306,0.9924096,13.59068,2.840046,357.6909,0.02588234,-0.007352967,-0.9996377,-0.1434985,0.01391507,0.466646,-0.233378,-0.2306786,-0.7389387,-0.3530197,0.2696569,2.043805,0.9974917,-0.0391619,-0.05896351,0.05187406,0.97121,0.2325085,0.04816048,-0.234984,0.9708053,moving,-11.09627,-8.74883,-9.799814,7.516114
05/15/2023 12:31:28.788644,1608,True,True,True,True,Eyes,0.04194783,-0.01998015,-2.824987,-0.1876002,-0.1475372,0.9711019,0.0,0.0,0.0,0.0,0.0,0.0,0.0,-0.234577,0.6646077,2.680861,0.04646456,-0.02256882,-2.771476,0.1180457,0.03128814,-0.02336987,0.99224,13.63416,3.337285,357.7006,0.02477199,-0.007316592,-0.9996662,-0.1348886,0.01308017,0.4386472,-0.212251,-0.2247942,-0.724842,-0.3520616,0.272492,2.04435,0.9969498,-0.03899018,-0.0676081,0.0537639,0.9710382,0.2327968,0.05657325,-0.2357216,0.9701725,moving,-10.93387,-8.638751,-9.771176,7.592219
05/15/2023 12:31:28.808625,1609,True,True,True,True,Eyes,0.0421497,-0.02025578,-2.821709,-0.1846489,-0.1454679,0.9719793,0.0,0.0,0.0,0.0,0.0,0.0,0.0,-0.2589089,0.6628236,2.668698,0.04734386,-0.02388297,-2.761432,0.1181099,0.03556201,-0.02443476,0.9920627,13.65546,3.822868,357.636,0.02378028,-0.007292152,-0.9996904,-0.1267952,0.01229536,0.4123284,-0.1915345,-0.2202141,-0.7113011,-0.3510148,0.2755896,2.044945,0.9962766,-0.04008118,-0.07633145,0.05688208,0.970906,0.232607,0.06478751,-0.2360829,0.9695708,moving,-10.75642,-8.511797,-9.739902,7.675294
05/15/2023 12:31:28.828866,1610,True,True,True,True,Eyes,0.04240058,-0.0206152,-2.818158,-0.1814482,-0.143493,0.9728753,0.0,0.0,0.0,0.0,0.0,0.0,0.0,-0.2849266,0.6581493,2.656754,0.04854338,-0.02568269,-2.751304,0.11759,0.04010349,-0.02572407,0.9919187,13.61182,4.337615,357.5468,0.02289695,-0.007280733,-0.9997111,-0.1191875,0.01155764,0.3875887,-0.1721896,-0.2215307,-0.6988644,-0.350355,0.2775419,2.04532,0.99546,-0.04160083,-0.08560858,0.06046391,0.9710217,0.2312162,0.07350902,-0.2353427,0.9691287,moving,-10.56469,-8.390274,-9.720194,7.727614
05/15/2023 12:31:28.839126,1611,True,True,True,True,Eyes,0.04268,-0.02104822,-2.814339,-0.1780602,-0.1415309,0.9737883,0.0,0.0,0.0,0.0,0.0,0.0,0.0,-0.3111112,0.6571227,2.643676,0.0498931,-0.02805069,-2.74123,0.1176285,0.0447331,-0.02651182,0.9916953,13.63143,4.868948,357.5195,0.0221121,-0.007284089,-0.9997287,-0.1120363,0.01086418,0.3643334,-0.1523126,-0.2207773,-0.6859874,-0.349443,0.2802402,2.045839,0.9945921,-0.04205952,-0.09496029,0.06310707,0.9709213,0.2309314,0.08248612,-0.2356752,0.968325,moving,-10.36224,-8.269495,-9.692964,7.799869
05/15/2023 12:31:28.859061,1612,True,True,True,True,Eyes,0.04302006,-0.02153817,-2.810266,-0.1744449,-0.1398102,0.9746907,0.0,0.0,0.0,0.0,0.0,0.0,0.0,-0.337814,0.6646152,2.627983,0.05147941,-0.0302784,-2.731036,0.1192925,0.04946646,-0.02696832,0.9912595,13.83742,5.415222,357.5408,0.02141855,-0.007303444,-0.9997437,-0.1053141,0.01021233,0.3424734,-0.130886,-0.2180697,-0.6728771,-0.3485425,0.282905,2.04635,0.9936516,-0.04166324,-0.1045024,0.06526715,0.970084,0.2338316,0.09163395,-0.2391677,0.9666448,moving,-10.14706,-8.162862,-9.666084,7.871166
05/15/2023 12:31:28.879385,1613,True,True,True,True,Eyes,0.04344614,-0.02206893,-2.805942,-0.1707238,-0.1380348,0.9756023,0.0,0.0,0.0,0.0,0.0,0.0,0.0,-0.3636316,0.6728455,2.611943,0.0531981,-0.03210019,-2.720906,0.1211753,0.05406896,-0.02727915,0.990782,14.0676,5.948709,357.5804,0.02080792,-0.007339375,-0.9997563,-0.09899526,0.009599588,0.321925,-0.109016,-0.2185721,-0.6602492,-0.3476471,0.2855544,2.04686,0.9926648,-0.04095173,-0.1137522,0.06715903,0.9691448,0.2371668,0.10053,-0.2430666,0.9647862,moving,-9.925869,-8.05314,-9.639367,7.941993
05/15/2023 12:31:28.888855,1614,True,True,True,True,Eyes,0.04394272,-0.02261789,-2.801361,-0.1668386,-0.1362534,0.9765244,0.0,0.0,0.0,0.0,0.0,0.0,0.0,-0.3876061,0.6711732,2.598147,0.05503871,-0.033667,-2.710519,0.1212539,0.05838205,-0.02764175,0.9905176,14.08941,6.449812,357.6009,0.02027572,-0.007391793,-0.9997669,-0.09305555,0.009023612,0.3026094,-0.08658182,-0.2257607,-0.648266,-0.3466948,0.2883723,2.047401,0.9916549,-0.04060116,-0.1223602,0.06891737,0.9690669,0.2369807,0.1089536,-0.2434358,0.963778,moving,-9.69534,-7.943135,-9.610962,8.017258
05/15/2023 12:31:28.908909,1615,True,True,True,True,Eyes,0.05794039,-0.03676949,-2.680485,-0.06678176,-0.0845721,0.994177,0.0,0.0,0.0,0.0,0.0,0.0,0.0,-0.4097333,0.6628211,2.585737,0.05716246,-0.03466989,-2.699774,0.1202433,0.06226306,-0.02879464,0.9903715,13.99025,6.889841,357.5156,0.01981758,-0.00745973,-0.9997755,-0.08747222,0.008482195,0.2844529,-0.06461921,-0.2336225,-0.6367329,-0.3457798,0.2910798,2.047921,0.9905884,-0.04206136,-0.1302518,0.07200821,0.9694249,0.2345854,0.1164024,-0.2417567,0.9633297,moving,-3.842951,-4.8623,-9.583676,8.089511
05/15/2023 12:31:28.928884,1616,True,True,True,True,Eyes,0.05803974,-0.03682085,-2.68004,-0.06646947,-0.08435357,0.9942164,0.0,0.0,0.0,0.0,0.0,0.0,0.0,-0.4306995,0.6483762,2.574681,0.05934994,-0.03563522,-2.688882,0.1181144,0.06592437,-0.0303602,0.990344,13.76562,7.299328,357.3704,0.01989841,-0.008242864,-0.9997678,-0.04023085,-0.03448154,0.6300125,-0.04349106,-0.2335757,-0.6244344,-0.3448449,0.2938466,2.048453,0.9894645,-0.04456085,-0.1377476,0.0757073,0.9702545,0.2299448,0.1234037,-0.2379506,0.9634059,moving,-3.824882,-4.849605,-9.555807,8.16328
05/15/2023 12:31:28.938827,1617,True,True,True,True,Eyes,0.05825747,-0.03693416,-2.679174,-0.06592857,-0.08399467,0.9942828,0.0,0.0,0.0,0.0,0.0,0.0,0.0,-0.4520178,0.6310539,2.563795,0.06176718,-0.03696604,-2.677762,0.1153494,0.06970721,-0.03161423,0.9903716,13.46699,7.728335,357.2571,0.02000984,-0.008893885,-0.99976,-0.037817,-0.03241265,0.5922118,-0.02374664,-0.2282305,-0.6116393,-0.3439896,0.2963772,2.048939,0.9882829,-0.0465383,-0.1453654,0.07870105,0.9713901,0.2240702,0.1307787,-0.2328851,0.9636708,moving,-3.793596,-4.828747,-9.530322,8.230697
05/15/2023 12:31:28.959145,1618,True,True,True,True,Eyes,0.05857985,-0.03708513,-2.677907,-0.06512909,-0.08376791,0.9943546,0.0,0.0,0.0,0.0,0.0,0.0,0.0,-0.4734629,0.6243663,2.550168,0.06441205,-0.0386017,-2.66678,0.1144423,0.07361797,-0.0316427,0.990193,13.37356,8.1874,357.3008,0.02014676,-0.009441135,-0.9997522,-0.03554798,-0.03046789,0.5566791,-0.004576393,-0.217871,-0.5984072,-0.34309,0.2990389,2.04945,0.9871582,-0.04581475,-0.1530346,0.07951479,0.9718034,0.2219811,0.1385495,-0.231299,0.9629667,moving,-3.747455,-4.815427,-9.503528,8.301548
05/15/2023 12:31:28.978782,1619,True,True,True,True,Eyes,0.05901544,-0.03726083,-2.676246,-0.06414208,-0.08351916,0.9944397,0.0,0.0,0.0,0.0,0.0,0.0,0.0,-0.4927238,0.6286372,2.534165,0.06718589,-0.03963041,-2.655912,0.1156507,0.07719208,-0.03077776,0.9898076,13.51474,8.617701,357.461,0.02030449,-0.009903176,-0.9997445,-0.03341511,-0.02863982,0.5232783,0.01546983,-0.2052771,-0.5848895,-0.3421533,0.3018109,2.049983,0.9861882,-0.04307349,-0.1599295,0.07878275,0.9713553,0.2241923,0.1456917,-0.2336955,0.9613326,moving,-3.690507,-4.800786,-9.475635,8.375267
05/15/2023 12:31:28.988647,1620,True,True,True,True,Eyes,0.05955583,-0.03745634,-2.674224,-0.06289044,-0.08334612,0.9945342,0.0,0.0,0.0,0.0,0.0,0.0,0.0,-0.5144566,0.624158,2.519371,0.07018685,-0.04043448,-2.644789,0.1152785,0.08123432,-0.03026982,0.9895431,13.47753,9.099297,357.5732,0.02047845,-0.01030466,-0.999736,-0.0314102,-0.02692143,0.4918816,0.03582767,-0.2013939,-0.5724267,-0.3412675,0.3044319,2.050486,0.9849694,-0.04117743,-0.1677486,0.07863572,0.9715892,0.2232282,0.1537908,-0.2330641,0.9602237,moving,-3.618342,-4.790432,-9.449267,8.44491
05/15/2023 12:31:29.008685,1621,True,True,True,True,Eyes,0.06023842,-0.03765838,-2.671858,-0.06141911,-0.08329194,0.9946306,0.0,0.0,0.0,0.0,0.0,0.0,0.0,-0.5350895,0.6246408,2.503829,0.07317714,-0.04109076,-2.634125,0.1158695,0.08507169,-0.02976277,0.989167,13.54992,9.556731,357.6911,0.02065686,-0.01067436,-0.9997278,-0.02952559,-0.02530614,0.4623687,0.05451586,-0.2060023,-0.5609465,-0.3403757,0.3070707,2.050993,0.983754,-0.03916628,-0.1751974,0.07859512,0.9713769,0.2241646,0.161403,-0.2342925,0.9586742,moving,-3.533566,-4.78687,-9.422729,8.514965
05/15/2023 12:31:29.029135,1622,True,True,True,True,Eyes,0.06101754,-0.03784121,-2.669173,-0.05977019,-0.08330037,0.9947304,0.0,0.0,0.0,0.0,0.0,0.0,0.0,-0.555312,0.6280858,2.487292,0.07626306,-0.04140814,-2.623348,0.1171431,0.08881181,-0.02949771,0.9886961,13.70231,9.999928,357.7867,0.02084493,-0.01101587,-0.9997197,-0.02775405,-0.02378777,0.4346266,0.07574207,-0.2035094,-0.5487415,-0.3394223,0.3098919,2.051535,0.9824847,-0.03752118,-0.1825267,0.07913593,0.9708148,0.2263983,0.1687049,-0.2368772,0.95678,moving,-3.438587,-4.786875,-9.394369,8.5898
05/15/2023 12:31:29.039601,1623,True,True,True,True,Eyes,0.06192341,-0.03794271,-2.666167,-0.05797641,-0.08347642,0.9948218,0.0,0.0,0.0,0.0,0.0,0.0,0.0,-0.5715593,0.627681,2.472878,0.07931279,-0.04116492,-2.613006,0.1177547,0.09177965,-0.029502,0.9883521,13.77924,10.34898,357.8343,0.02104562,-0.01133148,-0.9997115,-0.02608881,-0.02236051,0.408549,0.09595966,-0.2049335,-0.5374823,-0.3384968,0.3126305,2.052061,0.9814123,-0.03670177,-0.1883692,0.07993169,0.9705269,0.2273507,0.1744732,-0.2381815,0.9554207,moving,-3.335322,-4.796505,-9.36685,8.662374
05/15/2023 12:31:29.059080,1624,True,True,True,True,Eyes,0.06293394,-0.03790132,-2.662842,-0.0559961,-0.08358711,0.994926,0.0,0.0,0.0,0.0,0.0,0.0,0.0,-0.5892932,0.6341887,2.455644,0.08263647,-0.03926298,-2.602168,0.1203205,0.09479105,-0.03117259,0.9877074,14.09868,10.68054,357.7091,0.02126276,-0.01162092,-0.9997032,-0.02452348,-0.02101888,0.384036,0.1157081,-0.2090657,-0.5265645,-0.3376741,0.3150651,2.052529,0.9800858,-0.03876819,-0.1947531,0.08438939,0.9691025,0.231773,0.1797503,-0.2435926,0.9530753,moving,-3.221304,-4.802336,-9.342393,8.726841
05/15/2023 12:31:29.078829,1625,True,True,True,True,Eyes,0.06406958,-0.03768547,-2.659211,-0.05377527,-0.08333614,0.9950695,0.0,0.0,0.0,0.0,0.0,0.0,0.0,-0.6072571,0.6225278,2.442648,0.08610302,-0.03575407,-2.591166,0.1196263,0.09793328,-0.03285166,0.9874308,14.04476,11.02646,357.5514,0.021499,-0.01188163,-0.9996948,-0.02305207,-0.01975775,0.3609939,0.1324036,-0.209421,-0.5158092,-0.3367681,0.3177459,2.053044,0.9786597,-0.04144667,-0.2012645,0.08830825,0.9692207,0.2298108,0.1855448,-0.2426799,0.9521973,moving,-3.093354,-4.787296,-9.315472,8.797764
05/15/2023 12:31:29.088672,1626,True,True,True,True,Eyes,0.06531563,-0.03741957,-2.655266,-0.05128242,-0.08247778,0.9952725,0.0,0.0,0.0,0.0,0.0,0.0,0.0,-0.6254324,0.5952768,2.433259,0.08975973,-0.03139086,-2.58016,0.1158854,0.1012938,-0.03375371,0.9875073,13.63368,11.40877,357.453,0.0217575,-0.01211008,-0.9996862,-0.02166895,-0.01857228,0.3393342,0.1496623,-0.2158848,-0.5052714,-0.3358387,0.3204958,2.053572,0.9772005,-0.04318712,-0.2078799,0.09014102,0.9708625,0.2220373,0.1922337,-0.2357134,0.9526203,moving,-2.949614,-4.737251,-9.287864,8.87045
05/15/2023 12:31:29.109335,1627,True,True,True,True,Eyes,0.06666644,-0.03709614,-2.651063,-0.04851492,-0.08162858,0.9954813,0.0,0.0,0.0,0.0,0.0,0.0,0.0,-0.6468505,0.5506479,2.426101,0.09358058,-0.03005554,-2.568645,0.107866,0.1056051,-0.03298481,0.9879902,12.71536,11.92465,357.5091,0.02204061,-0.01230776,-0.9996774,-0.02036881,-0.01745794,0.3189742,0.1679447,-0.2072034,-0.493618,-0.3349607,0.3230941,2.054071,0.9755191,-0.04239494,-0.2157896,0.08795974,0.9745539,0.2061743,0.2015578,-0.2201078,0.954425,moving,-2.79011,-4.687715,-9.261789,8.939068
05/15/2023 12:31:29.130117,1628,True,True,True,True,Eyes,0.0681337,-0.03666193,-2.646566,-0.04547983,-0.08072097,0.9956986,0.0,0.0,0.0,0.0,0.0,0.0,0.0,-0.6640248,0.5418547,2.412582,0.09735952,-0.028377,-2.558281,0.1068408,0.1090061,-0.03137097,0.9877847,12.58634,12.34416,357.7285,0.02235022,-0.0124757,-0.9996682,-0.01914668,-0.01641047,0.2998357,0.1877085,-0.184854,-0.4810971,-0.3340098,0.3259078,2.054612,0.974267,-0.03868293,-0.2220526,0.08526812,0.9752018,0.2042321,0.2086458,-0.2179106,0.9534054,moving,-2.615242,-4.634814,-9.233562,9.013307
05/15/2023 12:31:29.138875,1629,True,True,True,True,Eyes,0.0697446,-0.03623824,-2.641809,-0.04199,-0.0793361,0.9959632,0.0,0.0,0.0,0.0,0.0,0.0,0.0,-0.6884099,0.5281337,2.396643,0.1015444,-0.02530406,-2.546719,0.1055043,0.1136699,-0.03171901,0.9873915,12.44833,12.88668,357.7314,0.02268852,-0.0126128,-0.9996587,-0.01799788,-0.01542584,0.2818456,0.2116848,-0.1482089,-0.4676062,-0.3331601,0.3284217,2.055095,0.9721462,-0.03865282,-0.2311663,0.08662349,0.9757255,0.2011372,0.2177804,-0.2155592,0.951896,moving,-2.414172,-4.554431,-9.208351,9.079581
05/15/2023 12:31:29.158952,1630,True,True,True,True,Eyes,0.07143283,-0.03585821,-2.636866,-0.03817219,-0.0783255,0.9961967,0.0,0.0,0.0,0.0,0.0,0.0,0.0,-0.719418,0.4810863,2.385678,0.1056428,-0.02523272,-2.535482,0.0968295,0.1198828,-0.03192537,0.9875388,11.47266,13.6091,357.6702,0.02305853,-0.01272264,-0.9996486,-0.01691801,-0.01450029,0.2649348,0.2308081,-0.1405192,-0.4570341,-0.3322349,0.3311598,2.055621,0.9692178,-0.03983869,-0.2429605,0.08627146,0.9792097,0.1835912,0.2305952,-0.1989004,0.9525043,moving,-2.194381,-4.495605,-9.180903,9.151698
05/15/2023 12:31:29.178629,1631,True,True,True,True,Eyes,0.07320125,-0.0354351,-2.63171,-0.03388435,-0.07824309,0.9963583,0.0,0.0,0.0,0.0,0.0,0.0,0.0,-0.7497524,0.4961304,2.363334,0.1090939,-0.02583489,-2.526075,0.1006168,0.1257611,-0.03266641,0.9864043,11.92986,14.29183,357.7075,0.02346043,-0.01280963,-0.9996378,-0.01590293,-0.01363027,0.2490387,0.2561143,-0.1300491,-0.4457748,-0.3313543,0.3337651,2.056122,0.9662341,-0.03913721,-0.2546761,0.08975193,0.9776183,0.1902814,0.241529,-0.206714,0.9481208,moving,-1.947775,-4.49017,-9.154791,9.220258
05/15/2023 12:31:29.188775,1632,True,True,True,True,Eyes,0.07504879,-0.03496894,-2.626353,-0.02928816,-0.07808509,0.9965164,0.0,0.0,0.0,0.0,0.0,0.0,0.0,-0.7810112,0.5236962,2.336257,0.112842,-0.02424605,-2.515753,0.107695,0.1317443,-0.03431156,0.9848187,12.77722,14.98104,357.6961,0.02389457,-0.01287449,-0.9996263,-0.01494875,-0.01281245,0.2340964,0.2886475,-0.09167282,-0.4344695,-0.3304446,0.3364567,2.056639,0.9629323,-0.0392049,-0.2668789,0.09595773,0.974449,0.2030794,0.2520982,-0.2211608,0.9420904,moving,-1.68347,-4.480431,-9.127826,9.291023
05/15/2023 12:31:29.209064,1633,True,True,True,True,Eyes,0.07698835,-0.03449469,-2.620832,-0.02446794,-0.07832837,0.9966273,0.0,0.0,0.0,0.0,0.0,0.0,0.0,-0.8102413,0.5116113,2.318129,0.1164946,-0.02276266,-2.505568,0.1064785,0.1376467,-0.03510853,0.9841154,12.66436,15.66504,357.6628,0.02436077,-0.01291781,-0.999615,-0.01405183,-0.01204371,0.2200506,0.3180085,-0.106582,-0.4271719,-0.3295199,0.3391928,2.057164,0.9596415,-0.03978888,-0.2783971,0.0984145,0.9748594,0.1999091,0.2634438,-0.2192393,0.9394315,moving,-1.406371,-4.493835,-9.100425,9.362899
05/15/2023 12:31:29.228867,1634,True,True,True,True,Eyes,0.07900575,-0.0339813,-2.615135,-0.01939608,-0.07871333,0.9967086,0.0,0.0,0.0,0.0,0.0,0.0,0.0,-0.8392191,0.5132886,2.297156,0.1201741,-0.02202505,-2.495947,0.1080386,0.1434159,-0.03636788,0.9830752,12.87658,16.33126,357.618,0.02486039,-0.01294152,-0.9996029,-0.01320872,-0.01132108,0.2068476,0.3479088,-0.133386,-0.4201321,-0.3286448,0.3417826,2.057662,0.9562185,-0.04051583,-0.2898355,0.1024936,0.9740101,0.2019887,0.274119,-0.2228516,0.9355191,moving,-1.114842,-4.515463,-9.074498,9.430865
05/15/2023 12:31:29.238812,1635,True,True,True,True,Eyes,0.08111069,-0.03342735,-2.609264,-0.01410563,-0.07895569,0.9967783,0.0,0.0,0.0,0.0,0.0,0.0,0.0,-0.8667129,0.5147372,2.275918,0.1239747,-0.02053981,-2.485992,0.1097118,0.1489587,-0.03747319,0.9820237,13.09952,16.97391,357.5925,0.02539398,-0.01294609,-0.9995897,-0.01241619,-0.01064182,0.1944367,0.3780615,-0.1252207,-0.4119695,-0.3277643,0.344389,2.058163,0.9528141,-0.04091404,-0.3007844,0.1062841,0.9731182,0.2043152,0.2843395,-0.2266431,0.9315493,moving,-0.8107514,-4.528993,-9.048423,9.499207
05/15/2023 12:31:29.259123,1636,True,True,True,True,Eyes,0.0832782,-0.03285989,-2.603242,-0.008517744,-0.07907402,0.9968324,0.0,0.0,0.0,0.0,0.0,0.0,0.0,-0.8955505,0.4916673,2.258912,0.1279108,-0.01902573,-2.475825,0.1063515,0.154934,-0.03877797,0.981418,12.75407,17.6587,357.4637,0.02596201,-0.01293186,-0.9995757,-0.01167122,-0.01000331,0.1827705,0.4075085,-0.1295367,-0.4051834,-0.3268671,0.3470431,2.058672,0.9489835,-0.04315987,-0.3123582,0.1090697,0.9743713,0.1967346,0.2958618,-0.2207667,0.9293696,moving,-0.4895697,-4.535507,-9.021867,9.568739
05/15/2023 12:31:29.278691,1637,True,True,True,True,Eyes,0.08550708,-0.03230961,-2.597075,-0.002761707,-0.07926366,0.9968498,0.0,0.0,0.0,0.0,0.0,0.0,0.0,-0.9256636,0.4758871,2.239664,0.1314862,-0.01814525,-2.46613,0.1047052,0.161112,-0.0415373,0.9804869,12.63318,18.3524,357.1972,0.02656199,-0.01290027,-0.9995606,-0.01097095,-0.009403112,0.1718043,0.4361712,-0.1333943,-0.3982021,-0.3258922,0.3499282,2.059227,0.9446352,-0.04771507,-0.3246346,0.1151921,0.974623,0.1919398,0.307238,-0.2187084,0.9261596,moving,-0.1587338,-4.54626,-8.993015,9.644249
05/15/2023 12:31:29.289406,1638,True,True,True,True,Eyes,0.08778588,-0.03177147,-2.590796,0.003293427,-0.07963658,0.9968185,0.0,0.0,0.0,0.0,0.0,0.0,0.0,-0.9575,0.4647502,2.218088,0.135093,-0.01798238,-2.456448,0.1040488,0.1676769,-0.04471279,0.9793158,12.63784,19.08896,356.9051,0.02719577,-0.01285361,-0.9995446,-0.01031269,-0.008838926,0.161496,0.4673729,-0.1161293,-0.3906752,-0.3249786,0.3526312,2.059746,0.9397704,-0.05268274,-0.3377218,0.122469,0.9743493,0.1887985,0.3191126,-0.2187877,0.9221166,moving,0.189301,-4.567701,-8.96599,9.714928
05/15/2023 12:31:29.308989,1639,True,True,True,True,Eyes,0.09009144,-0.0312301,-2.584394,0.009402877,-0.0803976,0.9967185,0.0,0.0,0.0,0.0,0.0,0.0,0.0,-0.988961,0.4670684,2.193855,0.1384736,-0.01768838,-2.447388,0.1061179,0.1742639,-0.04709931,0.9778307,12.94091,19.8419,356.7575,0.02786237,-0.01279381,-0.9995273,-0.009693931,-0.00830859,0.1518063,0.4991846,-0.1071515,-0.3846445,-0.3241346,0.3551283,2.060225,0.9348274,-0.05512527,-0.3507973,0.1290953,0.9730413,0.1911153,0.330805,-0.2239461,0.9167422,moving,0.5405028,-4.611624,-8.941036,9.780166
05/15/2023 12:31:29.328895,1640,True,True,True,True,Eyes,0.0924478,-0.03072503,-2.577903,0.01582933,-0.08125611,0.9965675,0.0,0.0,0.0,0.0,0.0,0.0,0.0,-1.021159,0.4748746,2.167336,0.1420593,-0.01703514,-2.438267,0.1094281,0.1810795,-0.04906384,0.9761294,13.37956,20.63045,356.6909,0.02855926,-0.0127221,-0.9995087,-0.009112295,-0.007810075,0.1426979,0.532802,-0.1031125,-0.3794691,-0.3232011,0.3578911,2.060756,0.9296059,-0.05615496,-0.3642519,0.1354157,0.9712365,0.1958631,0.3427761,-0.2314009,0.9104714,moving,0.9100009,-4.661355,-8.91344,9.852277
05/15/2023 12:31:29.339054,1641,True,True,True,True,Eyes,0.09482916,-0.03023814,-2.571336,0.0221771,-0.08255162,0.99634,0.0,0.0,0.0,0.0,0.0,0.0,0.0,-1.052694,0.4757853,2.142384,0.1455278,-0.01737937,-2.429581,0.1106057,0.1880907,-0.04915025,0.9746653,13.53837,21.46587,356.804,0.02928609,-0.01264103,-0.9994889,-0.008565557,-0.00734147,0.134136,0.5656127,-0.11068,-0.3757607,-0.3222936,0.3605765,2.061273,0.9244123,-0.05420228,-0.3775236,0.1374179,0.9707013,0.1971176,0.3557784,-0.2340964,0.9047766,moving,1.275111,-4.736416,-8.886623,9.922302
05/15/2023 12:31:29.358974,1642,True,True,True,True,Eyes,0.09726452,-0.02974669,-2.56469,0.02879002,-0.08403597,0.9960467,0.0,0.0,0.0,0.0,0.0,0.0,0.0,-1.081634,0.4942394,2.114579,0.1490463,-0.01726709,-2.421391,0.1156384,0.194466,-0.04917682,0.9728271,14.12976,22.23706,357.0028,0.03004252,-0.01255207,-0.9994678,-0.008051624,-0.006900982,0.1260879,0.599188,-0.1233309,-0.3728681,-0.3214071,0.3631995,2.061777,0.9195292,-0.05070561,-0.389737,0.1406565,0.9684188,0.2058659,0.3669901,-0.2441188,0.8976215,moving,1.655632,-4.822596,-8.860435,9.990638
05/15/2023 12:31:29.378900,1643,True,True,True,True,Eyes,0.09972283,-0.02927494,-2.557967,0.03528635,-0.08536961,0.9957243,0.0,0.0,0.0,0.0,0.0,0.0,0.0,-1.110667,0.5002829,2.088355,0.1526773,-0.01661988,-2.41278,0.1182489,0.2010111,-0.04950184,0.9711649,14.45262,23.02292,357.1226,0.03082743,-0.01245589,-0.9994452,-0.007568526,-0.006486923,0.1185226,0.6333354,-0.1274724,-0.3705101,-0.3204452,0.3660452,2.062323,0.9142882,-0.04861021,-0.402137,0.1436876,0.9671335,0.2097776,0.3787228,-0.2495792,0.8912235,moving,2.029591,-4.900339,-8.832033,10.06471
05/15/2023 12:31:29.388684,1644,True,True,True,True,Eyes,0.1022364,-0.0288268,-2.551188,0.0420842,-0.08675246,0.9953406,0.0,0.0,0.0,0.0,0.0,0.0,0.0,-1.139874,0.4913726,2.065394,0.1564324,-0.01667409,-2.404551,0.1173109,0.2077717,-0.04935648,0.9698624,14.36279,23.83281,357.2197,0.03163994,-0.01235388,-0.9994212,-0.007114415,-0.006097707,0.1114112,0.6640103,-0.1477602,-0.3693541,-0.3196137,0.3685056,2.062795,0.9087898,-0.04699022,-0.4146,0.1444858,0.9676042,0.2070412,0.3914398,-0.2480607,0.8861381,moving,2.421093,-4.98123,-8.807488,10.12869
05/15/2023 12:31:29.408842,1645,True,True,True,True,Eyes,0.1047955,-0.02842328,-2.544338,0.0489901,-0.08774262,0.9949378,0.0,0.0,0.0,0.0,0.0,0.0,0.0,-1.170167,0.4895298,2.039516,0.1601584,-0.01677229,-2.396377,0.1181692,0.2147489,-0.04995689,0.9682063,14.49412,24.66535,357.2777,0.03247998,-0.01224749,-0.9993957,-0.00668755,-0.005731845,0.1047266,0.6960044,-0.1571683,-0.3678963,-0.3187335,0.3711109,2.063296,0.9027745,-0.04598376,-0.4276491,0.1474905,0.9670807,0.2073679,0.4040357,-0.2502806,0.8798379,moving,2.818931,-5.039822,-8.781513,10.19638
05/15/2023 12:31:29.428715,1646,True,True,True,True,Eyes,0.1074067,-0.02808599,-2.537442,0.05622476,-0.08853123,0.9944853,0.0,0.0,0.0,0.0,0.0,0.0,0.0,-1.201148,0.4729685,2.015764,0.1641407,-0.01749724,-2.387993,0.1154607,0.2221278,-0.04986372,0.9668723,14.20687,25.54449,357.3317,0.03334694,-0.01213891,-0.9993686,0.0,0.0,0.0,0.729499,-0.1519396,-0.366549,-0.3178021,0.3738667,2.063826,0.8963458,-0.04512965,-0.4410528,0.1477177,0.9683649,0.2011192,0.4180236,-0.2454237,0.8746563,moving,3.235861,-5.087184,-8.75404,10.26791
05/15/2023 12:31:29.439346,1647,True,True,True,True,Eyes,0.1100247,-0.02779091,-2.530461,0.06609432,-0.08864884,0.9938677,0.0,0.0,0.0,0.0,0.0,0.0,0.0,-1.23143,0.4588808,1.991438,0.1678769,-0.01878579,-2.379976,0.1129971,0.2295025,-0.0493532,0.965466,13.9363,26.42987,357.4352,0.03424099,-0.01203089,-0.9993398,0.0,0.0,0.0,0.7636327,-0.1547888,-0.366507,-0.3169245,0.3764634,2.064324,0.8897858,-0.04343145,-0.4543072,0.1471639,0.9695919,0.1955363,0.4320001,-0.2408431,0.8691205,moving,3.804689,-5.097055,-8.728161,10.33525
05/15/2023 12:31:29.458916,1648,True,True,True,True,Eyes,0.1127012,-0.02755131,-2.523431,0.07617404,-0.08872212,0.9931394,0.0,0.0,0.0,0.0,0.0,0.0,0.0,-1.262495,0.4535249,1.963458,0.1718895,-0.01989585,-2.371667,0.1128631,0.2369922,-0.04978431,0.9636483,13.95252,27.32652,357.4928,0.03516022,-0.01192505,-0.9993092,0.0,0.0,0.0,0.8000627,-0.1428022,-0.3663237,-0.3160021,0.3791926,2.064849,0.8827124,-0.04245377,-0.4679919,0.1494445,0.9695668,0.1939237,0.4455167,-0.2411177,0.8621932,moving,4.386014,-5.104968,-8.700972,10.40595
05/15/2023 12:31:29.478753,1649,True,True,True,True,Eyes,0.1154924,-0.0273922,-2.516383,0.08632774,-0.08887997,0.9922942,0.0,0.0,0.0,0.0,0.0,0.0,0.0,-1.292771,0.4454746,1.935892,0.1758348,-0.02099466,-2.363477,0.1119835,0.2444817,-0.04981652,0.9618766,13.87397,28.22685,357.5749,0.03610542,-0.0118233,-0.9992768,0.0,0.0,0.0,0.8359625,-0.1322366,-0.3670973,-0.3150848,0.3819079,2.065371,0.8754941,-0.04107888,-0.4814797,0.1505905,0.969956,0.1910701,0.4591652,-0.239787,0.8553768,moving,4.972107,-5.118335,-8.67394,10.47624
05/15/2023 12:31:29.488847,1650,True,True,True,True,Eyes,0.1183269,-0.02729019,-2.509306,0.09662974,-0.08922986,0.9913126,0.0,0.0,0.0,0.0,0.0,0.0,0.0,-1.323291,0.4412663,1.906348,0.1799115,-0.02262734,-2.355228,0.1119585,0.2520904,-0.05007168,0.9599003,13.89735,29.14407,357.6573,0.0370792,-0.0117284,-0.9992424,0.0,0.0,0.0,0.8723915,-0.1318457,-0.3688719,-0.3141975,0.3845328,2.065875,0.8678865,-0.03968032,-0.4951752,0.1525749,0.9699162,0.1896927,0.4727514,-0.2401831,0.8478314,moving,5.567407,-5.143437,-8.647804,10.54412
05/15/2023 12:31:29.509489,1651,True,True,True,True,Eyes,0.1211866,-0.02722393,-2.502162,0.1067968,-0.0897454,0.9902223,0.0,0.0,0.0,0.0,0.0,0.0,0.0,-1.351083,0.4452621,1.876415,0.1836729,-0.02385458,-2.347405,0.1140256,0.2590661,-0.05083381,0.9577572,14.16743,29.99043,357.7366,0.03808143,-0.0116419,-0.9992057,0.0,0.0,0.0,0.9086965,-0.1280016,-0.3710982,-0.313278,0.3872539,2.066398,0.8606014,-0.03829259,-0.5078375,0.1564532,0.9688281,0.192079,0.4846521,-0.2447563,0.8397658,moving,6.155632,-5.178658,-8.620728,10.61442
05/15/2023 12:31:29.528885,1652,True,True,True,True,Eyes,0.1240977,-0.02720589,-2.494977,0.1171115,-0.09021338,0.9890128,0.0,0.0,0.0,0.0,0.0,0.0,0.0,-1.377994,0.4433645,1.847077,0.1877822,-0.02462266,-2.339073,0.1150999,0.2658927,-0.0521404,0.9556853,14.343,30.80925,357.7254,0.03911014,-0.0115645,-0.9991669,0.0,0.0,0.0,0.9454855,-0.128386,-0.3741722,-0.312342,0.3900223,2.066929,0.8531649,-0.03845115,-0.5202222,0.1608681,0.9680668,0.1922711,0.4962167,-0.2477262,0.8321062,moving,6.753091,-5.211845,-8.593181,10.68587
05/15/2023 12:31:29.538941,1653,True,True,True,True,Eyes,0.1270829,-0.02725649,-2.487769,0.1272404,-0.09075978,0.9877108,0.0,0.0,0.0,0.0,0.0,0.0,0.0,-1.404459,0.4330337,1.819443,0.1918093,-0.02577022,-2.330866,0.1142576,0.2727349,-0.05373115,0.9537683,14.31539,31.61789,357.624,0.0401669,-0.01149711,-0.9991259,0.0,0.0,0.0,0.9790522,-0.1375354,-0.377657,-0.3114544,0.3926498,2.067434,0.8454572,-0.04017007,-0.5325302,0.1648182,0.9681163,0.1886418,0.5079734,-0.2472592,0.8251218,moving,7.340615,-5.25011,-8.567063,10.75362
05/15/2023 12:31:29.558997,1654,True,True,True,True,Eyes,0.130112,-0.02735438,-2.480524,0.1374932,-0.09143728,0.9862732,0.0,0.0,0.0,0.0,0.0,0.0,0.0,-1.431178,0.4285123,1.789421,0.1958049,-0.02740099,-2.322677,0.1148563,0.2796978,-0.05569647,0.9515646,14.4623,32.4462,357.529,0.04125152,-0.01144161,-0.9990824,0.0,0.0,0.0,1.012554,-0.1423035,-0.3807633,-0.3105645,0.3952831,2.06794,0.8373341,-0.04174744,-0.5450951,0.1702477,0.9674119,0.1874301,0.5195068,-0.2497428,0.8171543,moving,7.936273,-5.296745,-8.540887,10.82145
05/15/2023 12:31:29.578820,1655,True,True,True,True,Eyes,0.1331996,-0.02747986,-2.473235,0.1475493,-0.09212051,0.9847553,0.0,0.0,0.0,0.0,0.0,0.0,0.0,-1.456075,0.4274409,1.759167,0.199777,-0.02860257,-2.314476,0.1162418,0.2863506,-0.05731353,0.949319,14.68618,33.248,357.4969,0.04236427,-0.0113987,-0.9990364,0.0,0.0,0.0,1.046266,-0.1395868,-0.3841802,-0.3096906,0.3978687,2.068437,0.829437,-0.04224584,-0.5570006,0.1753895,0.966406,0.1878775,0.5303517,-0.2535246,0.8089824,moving,8.521434,-5.344272,-8.51519,10.888
05/15/2023 12:31:29.589383,1656,True,True,True,True,Eyes,0.1363273,-0.02764022,-2.465899,0.1577398,-0.09276642,0.9831136,0.0,0.0,0.0,0.0,0.0,0.0,0.0,-1.480871,0.4194827,1.729365,0.2038914,-0.0293633,-2.305909,0.1160788,0.2932029,-0.05870517,0.9471598,14.73302,34.07032,357.4435,0.04350535,-0.01136832,-0.9989877,0.0,0.0,0.0,1.080345,-0.1436072,-0.3886121,-0.3087428,0.4006737,2.068976,0.8211716,-0.04313708,-0.5690487,0.1792756,0.9661589,0.1854652,0.541791,-0.2543153,0.8011156,moving,9.115371,-5.390459,-8.487329,10.96012
05/15/2023 12:31:29.608710,1657,True,True,True,True,Eyes,0.13949,-0.02783901,-2.4585,0.1677209,-0.09325699,0.9814137,0.0,0.0,0.0,0.0,0.0,0.0,0.0,-1.504299,0.4100647,1.700309,0.2078696,-0.03036378,-2.297387,0.1154357,0.2998765,-0.05994343,0.9450692,14.72267,34.87168,357.3885,0.04467444,-0.01135068,-0.9989363,0.0,0.0,0.0,1.111324,-0.1527683,-0.393444,-0.3087,0.4007999,2.069,0.8129618,-0.04406846,-0.5806471,0.1825343,0.9661628,0.1822382,0.5529687,-0.2541407,0.7934975,moving,9.698001,-5.428125,-8.486073,10.96336
05/15/2023 12:31:29.628929,1658,True,True,True,True,Eyes,0.1426926,-0.02808247,-2.451041,0.1778135,-0.09358489,0.9796041,0.0,0.0,0.0,0.0,0.0,0.0,0.0,-1.526028,0.3981812,1.67212,0.2118858,-0.03151701,-2.288538,0.113852,0.3063715,-0.06048211,0.9431417,14.58507,35.6559,357.3749,0.04587124,-0.01134615,-0.9988821,0.0,0.0,0.0,1.143215,-0.1549889,-0.3984006,-0.3087,0.4007999,2.069,0.8049568,-0.04432438,-0.5916756,0.1838484,0.9667593,0.1776971,0.5641315,-0.2518171,0.7863484,static,10.28807,-5.457098,-8.486073,10.96336
05/15/2023 12:31:29.638898,1659,True,True,True,True,Eyes,0.1459353,-0.02834813,-2.443516,0.1876863,-0.09376605,0.9777433,0.0,0.0,0.0,0.0,0.0,0.0,0.0,-1.54636,0.3850636,1.64458,0.2159427,-0.03286318,-2.279569,0.1116861,0.3126883,-0.06056812,0.9413204,14.36762,36.42142,357.3859,0.04709546,-0.01135533,-0.998825,0.0,0.0,0.0,1.17416,-0.155339,-0.4033538,-0.3086997,0.4007999,2.069,0.7971151,-0.04418217,-0.6022088,0.1838738,0.9677154,0.1723868,0.5751503,-0.2481425,0.7795046,static,10.86624,-5.477941,-8.486065,10.96336
05/15/2023 12:31:29.659011,1660,True,True,True,True,Eyes,0.1492198,-0.02864734,-2.435923,0.197653,-0.09370164,0.9757835,0.0,0.0,0.0,0.0,0.0,0.0,0.0,-1.565192,0.3728614,1.617256,0.2200417,-0.03369319,-2.270422,0.1098607,0.318717,-0.06075091,0.9394996,14.19086,37.15337,357.3915,0.04834729,-0.01137787,-0.9987649,0.0,0.0,0.0,1.20427,-0.1513666,-0.4077123,-0.3086999,0.4007999,2.069,0.7894576,-0.04412197,-0.6122172,0.1841798,0.9684799,0.1677034,0.5855207,-0.2451528,0.7727001,static,11.4508,-5.485128,-8.486071,10.96336
05/15/2023 12:31:29.678967,1661,True,True,True,True,Eyes,0.15251,-0.02898734,-2.428251,0.2074406,-0.0934708,0.9737719,0.0,0.0,0.0,0.0,0.0,0.0,0.0,-1.583757,0.3563398,1.591331,0.2243157,-0.03488736,-2.261872,0.1065946,0.3247392,-0.06043004,0.9378328,13.83837,37.88235,357.3959,0.04962691,-0.01141392,-0.9987018,0.0,0.0,0.0,1.233556,-0.1447708,-0.4117797,-0.3087,0.4007999,2.069,0.7817853,-0.04411568,-0.6219852,0.1825774,0.9699716,0.1606877,0.5962192,-0.2391837,0.7663641,static,12.02584,-5.482932,-8.486073,10.96336
05/15/2023 12:31:29.688887,1662,True,True,True,True,Eyes,0.1558374,-0.02937311,-2.420547,0.2172709,-0.09318227,0.9716535,0.0,0.0,0.0,0.0,0.0,0.0,0.0,-1.600345,0.3424346,1.565259,0.2282586,-0.03628713,-2.252773,0.103938,0.330443,-0.0602862,0.9361464,13.55889,38.57453,357.3951,0.05093175,-0.01146391,-0.9986356,0.0,0.0,0.0,1.261598,-0.1391272,-0.415498,-0.3087,0.4007999,2.069,0.7743459,-0.04418227,-0.6312182,0.1815646,0.9711249,0.15476,0.606154,-0.2344446,0.7600086,static,12.60453,-5.477954,-8.486073,10.96336
05/15/2023 12:31:29.711262,1663,True,True,True,True,Eyes,0.1592041,-0.02980119,-2.412783,0.2275782,-0.09271844,0.9693356,0.0,0.0,0.0,0.0,0.0,0.0,0.0,-1.616001,0.3329866,1.538347,0.2322986,-0.03774731,-2.243538,0.1027043,0.335871,-0.06090522,0.9343088,13.46361,39.23378,357.3586,0.05226337,-0.01152851,-0.9985661,0.0,0.0,0.0,1.289733,-0.1273754,-0.4198542,-0.3086998,0.4008,2.069,0.7669624,-0.0448178,-0.640125,0.1827994,0.9714848,0.1510024,0.615104,-0.2328276,0.753285,static,13.21247,-5.463807,-8.486069,10.96336
05/15/2023 12:31:29.728986,1664,True,True,True,True,Eyes,0.1626039,-0.03026813,-2.404962,0.2379044,-0.09213981,0.9669083,0.0,0.0,0.0,0.0,0.0,0.0,0.0,-1.630991,0.3192422,1.512298,0.2364083,-0.03922799,-2.234204,0.1002037,0.3412906,-0.06119385,0.932596,13.21872,39.88887,357.3069,0.05362104,-0.01160812,-0.9984931,0.0,0.0,0.0,1.316122,-0.1184871,-0.4234298,-0.3087002,0.4007999,2.069,0.7595521,-0.04574109,-0.6488362,0.1825354,0.972429,0.1451294,0.6243088,-0.2286689,0.7469599,static,13.82285,-5.443462,-8.486079,10.96336
05/15/2023 12:31:29.738603,1665,True,True,True,True,Eyes,0.1669825,-0.03083629,-2.397932,0.2503459,-0.09129275,0.9638426,0.0,0.0,0.0,0.0,0.0,0.0,0.0,-1.645731,0.3069147,1.485738,0.2405115,-0.04065657,-2.224982,0.09816828,0.3466966,-0.0617349,0.9307809,13.0354,40.54364,357.2434,0.05500451,-0.01170301,-0.9984168,0.0,0.0,0.0,1.341453,-0.1162614,-0.4268634,-0.3087,0.4007999,2.069,0.7519804,-0.04685411,-0.6575181,0.1829926,0.9731036,0.1399398,0.6332765,-0.2255529,0.7403288,static,14.56012,-5.41077,-8.486073,10.96336
05/15/2023 12:31:29.758710,1666,True,True,True,True,Eyes,0.1713494,-0.03142285,-2.390832,0.2627483,-0.09032481,0.9606273,0.0,0.0,0.0,0.0,0.0,0.0,0.0,-1.660669,0.2957101,1.458209,0.2447015,-0.04197899,-2.215852,0.09638779,0.3522596,-0.0621701,0.9288474,12.87702,41.22204,357.2021,0.05645042,-0.01181553,-0.9983348,0.0,0.0,0.0,1.36679,-0.1084742,-0.4302801,-0.3086998,0.4007999,2.069,0.744096,-0.04758601,-0.6663758,0.1834001,0.9736885,0.135259,0.642406,-0.2228591,0.733245,static,15.29725,-5.371552,-8.48607,10.96336
05/15/2023 12:31:29.778919,1667,True,True,True,True,Eyes,0.1713494,-0.03142285,-2.390832,0.2627483,-0.09032481,0.9606273,0.0,0.0,0.0,0.0,0.0,0.0,0.0,-1.676263,0.2815129,1.429834,0.2489572,-0.04299435,-2.206741,0.09403633,0.3581488,-0.06280481,0.9267914,12.6674,41.93704,357.118,0.05795364,-0.0119449,-0.9982471,0.0,0.0,0.0,1.391968,-0.1028418,-0.4341782,-0.3086998,0.4008,2.069,0.7355701,-0.04905595,-0.6756702,0.1837719,0.9744255,0.1293172,0.6520464,-0.2192911,0.7257733,static,15.29725,-5.371552,-8.486068,10.96336
05/15/2023 12:31:29.789048,1668,True,True,True,True,Eyes,0.1713494,-0.03142285,-2.390832,0.2627483,-0.09032481,0.9606273,0.0,0.0,0.0,0.0,0.0,0.0,0.0,-1.691809,0.2727929,1.400216,0.2531241,-0.04192179,-2.198047,0.09460239,0.3638624,-0.06529926,0.9243325,12.85051,42.63051,356.9502,0.05930644,-0.01206131,-0.9981662,0.0,0.0,0.0,1.417644,-0.09813038,-0.4388456,-0.3086998,0.4007999,2.069,0.7266803,-0.05187192,-0.6850145,0.1895609,0.9735727,0.1273682,0.6603047,-0.222408,0.7173091,static,15.29725,-5.371552,-8.486067,10.96336
05/15/2023 12:31:29.808691,1669,True,True,True,True,Eyes,0.1755855,-0.03177456,-2.38254,0.2767893,-0.08944952,0.9567583,0.0,0.0,0.0,0.0,0.0,0.0,0.0,-1.710487,0.2509018,1.367735,0.257946,-0.04002909,-2.188899,0.09243753,0.3707893,-0.06829327,0.9215785,12.76905,43.45679,356.6302,0.0605238,-0.01216606,-0.9980918,0.0,0.0,0.0,1.444627,-0.09101433,-0.4447059,-0.3086998,0.4007999,2.069,0.7157027,-0.05732552,-0.6960486,0.1944249,0.9735826,0.119732,0.6707972,-0.2210217,0.7079412,static,16.13511,-5.341188,-8.486069,10.96336
05/15/2023 12:31:29.829085,1670,True,True,True,True,Eyes,0.1798212,-0.03200585,-2.37426,0.2908656,-0.0889079,0.952624,0.0,0.0,0.0,0.0,0.0,0.0,0.0,-1.731685,0.2286522,1.33182,0.2623598,-0.03848183,-2.180469,0.08995646,0.3787983,-0.07086448,0.918367,12.64518,44.42546,356.3564,0.06182062,-0.01227944,-0.9980109,0.0,0.0,0.0,1.470944,-0.09586322,-0.4514217,-0.3086997,0.4007999,2.069,0.7029802,-0.06200849,-0.708501,0.1983099,0.9737721,0.1115394,0.6830023,-0.2189128,0.6968393,static,16.97905,-5.33194,-8.486065,10.96336
05/15/2023 12:31:29.839168,1671,True,True,True,True,Eyes,0.1839129,-0.03209605,-2.36578,0.3054854,-0.0882883,0.9480948,0.0,0.0,0.0,0.0,0.0,0.0,0.0,-1.752813,0.221154,1.292083,0.2666546,-0.03572057,-2.172179,0.09239042,0.386791,-0.07451785,0.9144967,13.09857,45.41409,356.184,0.06319056,-0.01239566,-0.9979237,0.0,0.0,0.0,1.502813,-0.08941464,-0.4613099,-0.3086998,0.4008,2.069,0.6896796,-0.06482109,-0.7212075,0.2077642,0.9718223,0.1113357,0.6936685,-0.2266271,0.6837135,static,17.85945,-5.320144,-8.486068,10.96336
05/15/2023 12:31:29.859128,1672,True,True,True,True,Eyes,0.1880307,-0.03206384,-2.357331,0.3201758,-0.08742863,0.9433153,0.0,0.0,0.0,0.0,0.0,0.0,0.0,-1.774611,0.1971841,1.251757,0.2716719,-0.03292666,-2.163362,0.08877788,0.395832,-0.07504288,0.9109359,12.77662,46.53559,356.0938,0.06462125,-0.01250863,-0.9978306,0.0,0.0,0.0,1.537964,-0.08198254,-0.4752891,-0.3086996,0.4008,2.069,0.6753712,-0.06643625,-0.7344795,0.2070007,0.9729741,0.1023331,0.7078308,-0.2211507,0.670871,static,18.74801,-5.295177,-8.486062,10.96336
05/15/2023 12:31:29.878727,1673,True,True,True,True,Eyes,0.1921368,-0.03194912,-2.348833,0.3352177,-0.086441,0.9381668,0.0,0.0,0.0,0.0,0.0,0.0,0.0,-1.794681,0.1770338,1.212821,0.2763882,-0.03002034,-2.155427,0.08513572,0.4045353,-0.07403821,0.907536,12.38206,47.63268,356.1546,0.06611014,-0.01261364,-0.9977317,0.0,0.0,0.0,1.572222,-0.09509546,-0.4903159,-0.3087,0.4007999,2.069,0.6617391,-0.06550387,-0.7468671,0.2032655,0.9745405,0.09462531,0.7216541,-0.2144296,0.6582062,static,19.66239,-5.264266,-8.486073,10.96336
05/15/2023 12:31:29.889307,1674,True,True,True,True,Eyes,0.1962706,-0.03182269,-2.340387,0.3503423,-0.08530448,0.9327291,0.0,0.0,0.0,0.0,0.0,0.0,0.0,-1.815345,0.15758,1.170645,0.2815848,-0.02815861,-2.147238,0.08156113,0.4136938,-0.07326931,0.9037904,12.00813,48.78954,356.1921,0.06765129,-0.01270793,-0.9976273,0.0,0.0,0.0,1.610653,-0.08001055,-0.5075806,-0.3086998,0.4007999,2.069,0.6469781,-0.06495754,-0.7597368,0.1999229,0.9759588,0.08680619,0.735833,-0.2080504,0.6444104,static,20.58668,-5.225556,-8.48607,10.96336
05/15/2023 12:31:29.909142,1675,True,True,True,True,Eyes,0.2003783,-0.03169509,-2.331959,0.3655428,-0.08464752,0.9269376,0.0,0.0,0.0,0.0,0.0,0.0,0.0,-1.835987,0.1437009,1.126979,0.2863319,-0.02780032,-2.139818,0.07889275,0.4230269,-0.07229924,0.8997762,11.72068,49.97989,356.2899,0.06924286,-0.01279211,-0.9975171,0.0,0.0,0.0,1.64668,-0.06285833,-0.5251142,-0.3086998,0.4007999,2.069,0.6316422,-0.06335876,-0.7726668,0.1968538,0.9770975,0.08080257,0.7498512,-0.2031407,0.6296484,static,21.52206,-5.217753,-8.48607,10.96336
05/15/2023 12:31:29.928957,1676,True,True,True,True,Eyes,0.2045204,-0.03148764,-2.323595,0.3806429,-0.08430864,0.9208708,0.0,0.0,0.0,0.0,0.0,0.0,0.0,-1.853992,0.1463653,1.084277,0.2907052,-0.0276743,-2.13286,0.08175938,0.4312202,-0.07308092,0.8955579,12.0912,51.04749,356.4595,0.07087953,-0.01286709,-0.9974012,0.0,0.0,0.0,1.68443,-0.04739836,-0.5446309,-0.3086999,0.4008,2.069,0.6174166,-0.06038378,-0.7843154,0.201409,0.9759492,0.08341257,0.7604153,-0.2094685,0.614729,static,22.45781,-5.231027,-8.48607,10.96336
05/15/2023 12:31:29.939305,1677,True,True,True,True,Eyes,0.2087214,-0.03117263,-2.315288,0.3956136,-0.0839774,0.9145697,0.0,0.0,0.0,0.0,0.0,0.0,0.0,-1.869766,0.1439753,1.044303,0.2956427,-0.02536558,-2.125859,0.08460159,0.438665,-0.07502475,0.8915082,12.51337,52.0153,356.503,0.07255941,-0.01293032,-0.9972795,0.0,0.0,0.0,1.721685,-0.03691891,-0.5661678,-0.3087,0.4008,2.069,0.6038886,-0.05954684,-0.7948413,0.2079939,0.9744277,0.08502457,0.7694524,-0.2166675,0.6008312,static,23.39176,-5.246288,-8.486071,10.96336
05/15/2023 12:31:29.958620,1678,True,True,True,True,Eyes,0.2129851,-0.03078125,-2.307048,0.4105836,-0.08325215,0.9080145,0.0,0.0,0.0,0.0,0.0,0.0,0.0,-1.884954,0.1205625,1.006478,0.3012488,-0.02247025,-2.118804,0.08115757,0.4464314,-0.07618112,0.8878675,12.24742,52.99217,356.3146,0.07428177,-0.01297827,-0.9971521,0.0,0.0,0.0,1.754133,-0.0512637,-0.5854356,-0.3086998,0.4008,2.069,0.5897909,-0.06281491,-0.8051093,0.2077401,0.9752197,0.07609507,0.7803786,-0.2121336,0.5882248,static,24.3314,-5.23857,-8.486066,10.96336
05/15/2023 12:31:29.979383,1679,True,True,True,True,Eyes,0.217314,-0.03034669,-2.298861,0.4254345,-0.08223847,0.9012449,0.0,0.0,0.0,0.0,0.0,0.0,0.0,-1.900208,0.08988273,0.9677342,0.3069445,-0.02044007,-2.112048,0.07500941,0.454655,-0.0768472,0.8841702,11.68437,54.02027,356.0367,0.07604647,-0.01300908,-0.9970187,0.0,0.0,0.0,1.784583,-0.06471796,-0.6032938,-0.3087,0.4007999,2.069,0.5747668,-0.06768519,-0.8155133,0.2040988,0.9769362,0.06276424,0.7924562,-0.2025201,0.575325,static,25.26975,-5.213792,-8.486073,10.96336
05/15/2023 12:31:29.989165,1680,True,True,True,True,Eyes,0.2217109,-0.02989947,-2.29075,0.4402832,-0.08094318,0.8942029,0.0,0.0,0.0,0.0,0.0,0.0,0.0,-1.915464,0.06096108,0.9261109,0.3129583,-0.01905073,-2.105253,0.06921185,0.4632209,-0.07759758,0.8801221,11.16992,55.10252,355.7637,0.0778533,-0.01302247,-0.996879,0.0,0.0,0.0,1.817046,-0.05111581,-0.62273,-0.3087,0.4007999,2.069,0.55881,-0.07246991,-0.8261232,0.2007114,0.9783766,0.04994011,0.8046406,-0.1937194,0.5612722,static,26.21449,-5.172314,-8.486073,10.96336
05/15/2023 12:31:30.009162,1681,True,True,True,True,Eyes,0.2261739,-0.02944308,-2.282718,0.4548817,-0.07981502,0.886968,0.0,0.0,0.0,0.0,0.0,0.0,0.0,-1.929832,0.03893148,0.8838833,0.3189298,-0.01836066,-2.098801,0.06445754,0.4716344,-0.07748092,0.8760155,10.72043,56.18413,355.6252,0.07970174,-0.01301947,-0.996733,0.0,0.0,0.0,1.850909,-0.02700374,-0.6447958,-0.3086998,0.4007999,2.069,0.5431154,-0.07494817,-0.8363064,0.1965498,0.9796839,0.03984628,0.8163295,-0.1860169,0.5468125,static,27.15103,-5.141989,-8.48607,10.96336
05/15/2023 12:31:30.028907,1682,True,True,True,True,Eyes,0.3396227,-0.01764312,-2.084293,0.779194,-0.04901851,0.6248632,0.0,0.0,0.0,0.0,0.0,0.0,0.0,-1.944073,0.02737949,0.8396107,0.3249978,-0.01768199,-2.092649,0.06322591,0.480009,-0.07798058,0.8715004,10.66496,57.28064,355.61,0.08159198,-0.01300117,-0.9965803,0.0,0.0,0.0,1.8857,-0.005351439,-0.6689411,-0.3086999,0.4008,2.069,0.5270209,-0.07522219,-0.8465167,0.1966182,0.979843,0.03534007,0.8267952,-0.1850656,0.5311878,static,51.27264,-4.485484,-8.48607,10.96336
05/15/2023 12:31:30.038677,1683,True,True,True,True,Eyes,0.3398614,-0.01761327,-2.084047,0.7795054,-0.04936814,0.624447,0.0,0.0,0.0,0.0,0.0,0.0,0.0,-1.957819,0.02277113,0.7945302,0.3312857,-0.01681627,-2.08682,0.06411052,0.4882395,-0.07844254,0.8668097,10.82096,58.37565,355.7151,0.09254555,-0.01232598,-0.9956314,0.3403462,0.03539987,0.5952766,1.919033,0.01256403,-0.6933077,-0.3087,0.4008,2.069,0.5109379,-0.0733869,-0.8564793,0.198592,0.9794732,0.03454574,0.8363633,-0.1877407,0.5150241,static,51.30244,-4.520344,-8.486073,10.96336
05/15/2023 12:31:30.058743,1684,True,True,True,True,Eyes,0.3403415,-0.01755581,-2.083606,0.7802256,-0.0499161,0.6235033,0.0,0.0,0.0,0.0,0.0,0.0,0.0,-1.970962,0.02063739,0.7487751,0.3376264,-0.01608531,-2.081234,0.06520753,0.4965081,-0.0782356,0.8620365,10.95931,59.48826,355.9036,0.1015171,-0.01177933,-0.9947633,0.3199255,0.03327588,0.55956,1.951751,0.01535948,-0.7181377,-0.3086997,0.4008,2.069,0.4947178,-0.07013176,-0.8662193,0.199636,0.9792544,0.03473333,0.8458132,-0.1901118,0.4984554,static,51.37053,-4.577194,-8.486065,10.96336
05/15/2023 12:31:30.078843,1685,True,True,True,True,Eyes,0.3410613,-0.01749686,-2.082984,0.7810515,-0.05062597,0.6224111,0.0,0.0,0.0,0.0,0.0,0.0,0.0,-1.982198,0.01994164,0.7061272,0.3438497,-0.01532698,-2.07597,0.06735839,0.5039598,-0.07886367,0.8574777,11.24501,60.49969,356.0622,0.1089055,-0.0113344,-0.9939868,0.3007299,0.03127933,0.5259864,1.983591,0.009975538,-0.7429941,-0.3086998,0.4007999,2.069,0.4796101,-0.06735583,-0.8748928,0.2031395,0.9784868,0.03602839,0.8536443,-0.1950049,0.4829748,static,51.44905,-4.650115,-8.48607,10.96336
05/15/2023 12:31:30.099119,1686,True,True,True,True,Eyes,0.3420126,-0.01744417,-2.082197,0.782208,-0.05139817,0.6208936,0.0,0.0,0.0,0.0,0.0,0.0,0.0,-1.991833,0.0136483,0.6659369,0.3502445,-0.01512755,-2.070786,0.0674493,0.510982,-0.0793536,0.853259,11.31483,61.44606,356.1121,0.1150283,-0.010971,-0.9933009,0.2826861,0.02940257,0.4944272,2.014909,0.004708156,-0.7686067,-0.3086994,0.4008,2.069,0.4652007,-0.06648757,-0.8827047,0.2043491,0.9783072,0.03400691,0.8612953,-0.1962,0.4686958,static,51.55849,-4.73221,-8.486056,10.96336
05/15/2023 12:31:30.108925,1687,True,True,True,True,Eyes,0.3420126,-0.01744417,-2.082197,0.782208,-0.05139817,0.6208936,0.0,0.0,0.0,0.0,0.0,0.0,0.0,-2.000076,0.007653289,0.628589,0.356713,-0.01520701,-2.065917,0.06787135,0.5173097,-0.08031911,0.8493134,11.44269,62.30226,356.1265,0.12014,-0.01067335,-0.9926988,0.265725,0.02763841,0.4647616,2.043402,-0.005821869,-0.7921762,-0.3087,0.4007999,2.069,0.4518791,-0.06621118,-0.8896188,0.2066532,0.9778847,0.03218837,0.8678133,-0.1983878,0.4555683,static,51.55849,-4.73221,-8.486073,10.96336
05/15/2023 12:31:30.128785,1688,True,True,True,True,Eyes,0.3420126,-0.01744417,-2.082197,0.782208,-0.05139817,0.6208936,0.0,0.0,0.0,0.0,0.0,0.0,0.0,-2.007576,-0.002022535,0.5922104,0.3635862,-0.01444349,-2.061232,0.06801297,0.5234011,-0.08198041,0.8454022,11.58456,63.12408,356.0539,0.1243836,-0.01043068,-0.9921786,0.2497815,0.02598011,0.4368759,2.07056,-0.0084351,-0.8149338,-0.3086998,0.4007999,2.069,0.4386611,-0.06741671,-0.8961202,0.2098089,0.9773069,0.02917934,0.8738173,-0.2008139,0.4428511,static,51.55849,-4.73221,-8.486067,10.96336
05/15/2023 12:31:30.138650,1689,True,True,True,True,Eyes,0.3437212,-0.01737282,-2.08078,0.7846364,-0.05165487,0.6178005,0.0,0.0,0.0,0.0,0.0,0.0,0.0,-2.015037,-0.01627224,0.5536093,0.3708959,-0.01438825,-2.056539,0.0644873,0.5301411,-0.08136151,0.8415296,11.23316,64.02531,355.9917,0.1281619,-0.01021493,-0.9916999,0.2347946,0.0244213,0.4106633,2.09555,-0.01329589,-0.8358193,-0.3087001,0.4008,2.069,0.4246615,-0.0685615,-0.9027524,0.205311,0.9784434,0.02226979,0.8817653,-0.1948021,0.4295836,static,51.7841,-4.779437,-8.486073,10.96336
05/15/2023 12:31:30.159442,1690,True,True,True,True,Eyes,0.34566,-0.01731779,-2.079251,0.7873124,-0.05194099,0.6143624,0.0,0.0,0.0,0.0,0.0,0.0,0.0,-2.02225,-0.02302592,0.5147277,0.3779413,-0.0150526,-2.052293,0.06291366,0.5367348,-0.08057388,0.8375354,11.06243,64.92591,356.0602,0.1316508,-0.01001771,-0.9912449,0.2207069,0.02295602,0.3860235,2.120191,-0.01741138,-0.8566452,-0.3087,0.4007999,2.069,0.4108471,-0.06743104,-0.9092072,0.2025028,0.9790995,0.01889121,0.8889304,-0.1918784,0.4159152,static,52.03407,-4.832553,-8.486072,10.96336
05/15/2023 12:31:30.179267,1691,True,True,True,True,Eyes,0.347841,-0.01725967,-2.077646,0.7902,-0.05183318,0.6106532,0.0,0.0,0.0,0.0,0.0,0.0,0.0,-2.028551,-0.02596308,0.476639,0.3853268,-0.01537932,-2.047966,0.06316337,0.5428894,-0.08033714,0.833563,11.10045,65.78022,356.1815,0.1348911,-0.009837979,-0.9908109,0.2074645,0.02157866,0.3628621,2.146464,-0.004108816,-0.8801244,-0.3087,0.4008,2.069,0.3976341,-0.0653507,-0.9152139,0.2025136,0.9791127,0.01807293,0.8949164,-0.1925297,0.402563,static,52.30376,-4.851723,-8.486073,10.96336
05/15/2023 12:31:30.189134,1692,True,True,True,True,Eyes,0.3502553,-0.01719854,-2.075953,0.7932785,-0.05154942,0.6066729,0.0,0.0,0.0,0.0,0.0,0.0,0.0,-2.03378,-0.03039985,0.4416246,0.3930053,-0.01521462,-2.043901,0.06182572,0.5484788,-0.07892559,0.830132,10.90756,66.55396,356.3087,0.1379198,-0.00967387,-0.9903954,0.1950166,0.02028394,0.3410904,2.171473,0.001189813,-0.9035205,-0.3086998,0.4007999,2.069,0.3858835,-0.06321712,-0.9203789,0.1988575,0.9798967,0.016069,0.9008604,-0.189225,0.3906972,static,52.59245,-4.856796,-8.486068,10.96336
05/15/2023 12:31:30.209178,1693,True,True,True,True,Eyes,0.3529117,-0.01715496,-2.074209,0.7964585,-0.0509088,0.6025465,0.0,0.0,0.0,0.0,0.0,0.0,0.0,-2.03845,-0.03775619,0.407198,0.4009556,-0.01512,-2.039981,0.05958074,0.5539444,-0.07769169,0.8267767,10.63745,67.30523,356.3564,0.1407696,-0.00952372,-0.9899958,0.1833156,0.0190669,0.3206249,2.195327,-0.001121178,-0.9252933,-0.3086998,0.4008,2.069,0.3742191,-0.06245851,-0.9252346,0.1944762,0.9808283,0.01244619,0.9067189,-0.1845937,0.3791914,static,52.89132,-4.829418,-8.486068,10.96336
05/15/2023 12:31:30.229101,1694,True,True,True,True,Eyes,0.3557888,-0.0171529,-2.072393,0.7997766,-0.05018427,0.5981964,0.0,0.0,0.0,0.0,0.0,0.0,0.0,-2.042549,-0.04585099,0.3739933,0.4090915,-0.01547281,-2.036267,0.05717915,0.5590981,-0.0768139,0.823553,10.37402,68.01277,356.3522,0.1434703,-0.00938697,-0.9896094,0.1723167,0.01792289,0.3013875,2.217465,0.005536437,-0.9449875,-0.3087,0.4007999,2.069,0.3630179,-0.06258313,-0.9296781,0.1904581,0.9816603,0.008287097,0.9121095,-0.1800731,0.3682797,static,53.20518,-4.795464,-8.486073,10.96336
05/15/2023 12:31:30.238598,1695,True,True,True,True,Eyes,0.3588931,-0.01720097,-2.07054,0.8030909,-0.0494037,0.593805,0.0,0.0,0.0,0.0,0.0,0.0,0.0,-2.046071,-0.05272765,0.341709,0.4172202,-0.01649114,-2.032635,0.0554863,0.5639612,-0.07653532,0.8203727,10.2163,68.68462,356.3302,0.1460476,-0.009264282,-0.9892335,0.1619777,0.01684752,0.2833042,2.239382,0.01535251,-0.9648253,-0.3086998,0.4008,2.069,0.3521802,-0.06299072,-0.9338101,0.1881592,0.9821272,0.00471298,0.9168234,-0.1773648,0.3577381,static,53.5208,-4.755971,-8.486069,10.96336
05/15/2023 12:31:30.258974,1696,True,True,True,True,Eyes,0.3622167,-0.01728122,-2.068632,0.8064809,-0.0486276,0.5892571,0.0,0.0,0.0,0.0,0.0,0.0,0.0,-2.049267,-0.05618884,0.3109162,0.4255312,-0.01767901,-2.029269,0.05498246,0.5683836,-0.07638842,0.8173627,10.1786,69.30485,356.3668,0.1485251,-0.009156627,-0.9888656,0.152259,0.01583667,0.266306,2.260518,0.02472474,-0.9839832,-0.3086998,0.4007999,2.069,0.3422097,-0.06237182,-0.9375511,0.1873763,0.9822835,0.003045353,0.920751,-0.1767171,0.3478339,static,53.84618,-4.717563,-8.486067,10.96336
05/15/2023 12:31:30.279199,1697,True,True,True,True,Eyes,0.3657621,-0.017386,-2.06666,0.8098968,-0.04779558,0.584622,0.0,0.0,0.0,0.0,0.0,0.0,0.0,-2.05195,-0.05850913,0.2816527,0.4340878,-0.0185388,-2.025951,0.05459278,0.5724331,-0.07592074,0.8146018,10.12881,69.87667,356.4363,0.1509236,-0.009064049,-0.9885032,0.1431235,0.01488647,0.2503276,2.280824,0.02962289,-1.00232,-0.3086999,0.4007999,2.069,0.333113,-0.06118891,-0.9408994,0.1861917,0.9825113,0.002023669,0.9243205,-0.1758618,0.3386801,static,54.17646,-4.673803,-8.486073,10.96336
05/15/2023 12:31:30.289334,1698,True,True,True,True,Eyes,0.3695366,-0.01750412,-2.064654,0.8133589,-0.0469002,0.5798687,0.0,0.0,0.0,0.0,0.0,0.0,0.0,-2.054438,-0.06210979,0.2533554,0.4430913,-0.01927406,-2.022885,0.05362812,0.5762493,-0.07533693,0.8120254,10.01585,70.41344,356.4751,0.153262,-0.008986225,-0.9881442,0.1345361,0.01399328,0.2353079,2.300025,0.02964669,-1.018958,-0.3086998,0.4007999,2.069,0.3245222,-0.06054466,-0.9439384,0.1841573,0.9828967,0.0002690869,0.9277778,-0.1739205,0.3301216,static,54.51376,-4.624058,-8.486068,10.96336
05/15/2023 12:31:30.310698,1699,True,True,True,True,Eyes,0.3735303,-0.01765147,-2.062594,0.8167986,-0.04579653,0.5751023,0.0,0.0,0.0,0.0,0.0,0.0,0.0,-2.056742,-0.065432,0.2257445,0.4523296,-0.01973382,-2.020009,0.05249986,0.5798956,-0.07446989,0.8095797,9.867781,70.92751,356.5266,0.155557,-0.008922335,-0.9877861,0.1264639,0.01315368,0.2211895,2.3183,0.03028257,-1.033955,-0.3086997,0.4007999,2.069,0.3163508,-0.05968975,-0.9467627,0.1814675,0.9833961,-0.001363877,0.931124,-0.1713751,0.3219298,static,54.85088,-4.552968,-8.486065,10.96336
05/15/2023 12:31:30.328953,1700,True,True,True,True,Eyes,0.377743,-0.01783275,-2.06051,0.8202449,-0.04447975,0.5702806,0.0,0.0,0.0,0.0,0.0,0.0,0.0,-2.058861,-0.06715372,0.1987473,0.461739,-0.02068481,-2.017247,0.04969906,0.5834479,-0.071831,0.8074398,9.443635,71.42448,356.629,0.1578242,-0.008872377,-0.9874268,0.1188761,0.01236446,0.2079181,2.336294,0.03351956,-1.048361,-0.3087,0.4008,2.069,0.3088577,-0.05800477,-0.949338,0.173992,0.9847406,-0.003561285,0.9350582,-0.1640773,0.3142371,static,55.1908,-4.459827,-8.486072,10.96336
05/15/2023 12:31:30.339260,1701,True,True,True,True,Eyes,0.3821863,-0.01801265,-2.058412,0.8236076,-0.043095,0.5655204,0.0,0.0,0.0,0.0,0.0,0.0,0.0,-2.060611,-0.06649435,0.1741196,0.4711768,-0.02173595,-2.014541,0.04737538,0.5864716,-0.06903017,0.805631,9.050367,71.85088,356.7692,0.1600772,-0.008836577,-0.9870644,0.1117435,0.01162259,0.195443,2.3539,0.03826229,-1.062217,-0.3086999,0.4008,2.069,0.3025719,-0.05565707,-0.9515001,0.1667943,0.9859809,-0.004634294,0.9384187,-0.1573026,0.3076134,static,55.52502,-4.357754,-8.48607,10.96336
05/15/2023 12:31:30.358727,1702,True,True,True,True,Eyes,0.3868756,-0.01822513,-2.056302,0.8269936,-0.04130094,0.5606922,0.0,0.0,0.0,0.0,0.0,0.0,0.0,-2.062156,-0.07000279,0.1517589,0.4811204,-0.02190547,-2.012079,0.04539611,0.5889785,-0.06767915,0.8040293,8.784745,72.20135,356.7889,0.1623274,-0.008813466,-0.986697,0.1050389,0.01092524,0.1837164,2.370766,0.05242936,-1.075457,-0.3087001,0.4008,2.069,0.2970476,-0.05535737,-0.9532567,0.1623067,0.9867174,-0.006723518,0.9409673,-0.1527227,0.302087,static,55.86318,-4.212835,-8.486073,10.96336
05/15/2023 12:31:30.378868,1703,True,True,True,True,Eyes,0.3917727,-0.0184726,-2.054159,0.830304,-0.03881555,0.5559575,0.0,0.0,0.0,0.0,0.0,0.0,0.0,-2.063757,-0.0765873,0.1262873,0.4916784,-0.02300131,-2.009634,0.04017349,0.5920969,-0.06484304,0.8022487,8.119893,72.62596,356.7301,0.1645876,-0.008803317,-0.9863225,0.09873657,0.01026972,0.1726934,2.386212,0.06516731,-1.086218,-0.3087,0.4007998,2.069,0.2904333,-0.0564673,-0.9552277,0.1516137,0.988363,-0.0123285,0.9448078,-0.141245,0.2956147,static,56.1944,-3.993766,-8.486073,10.96336
05/15/2023 12:31:30.388741,1704,True,True,True,True,Eyes,0.5201347,-0.02498297,-2.00069,0.9029226,0.02540913,0.4290513,0.0,0.0,0.0,0.0,0.0,0.0,0.0,-2.065697,-0.07621001,0.1011138,0.5018383,-0.02422522,-2.007662,0.03895676,0.5950293,-0.06330014,0.8002597,7.913732,73.0449,356.8195,0.1668667,-0.008806517,-0.9859395,0.09281237,0.009653539,0.1623318,2.401336,0.07467631,-1.095485,-0.3087,0.4008,2.069001,0.2838663,-0.05495228,-0.957288,0.1476739,0.9889508,-0.01297984,0.9474241,-0.1376819,0.2888449,static,64.58384,3.389193,-8.486071,10.96336
05/15/2023 12:31:30.409201,1705,True,True,True,True,Eyes,0.5205767,-0.02499623,-2.000639,0.9029663,0.02618663,0.4289128,0.0,0.0,0.0,0.0,0.0,0.0,0.0,-2.067565,-0.07332481,0.0743252,0.5126318,-0.02482849,-2.005572,0.03778383,0.5981421,-0.0608213,0.7981849,7.647409,73.49352,356.9987,0.1765992,-0.00916735,-0.9842396,0.4723298,-0.01045679,0.3130002,2.417596,0.0983301,-1.10807,-0.3087001,0.4007999,2.069,0.2770535,-0.05189309,-0.9594521,0.1422935,0.9897463,-0.01244261,0.9502599,-0.1330765,0.2815968,static,64.59208,3.493771,-8.486076,10.96336
05/15/2023 12:31:30.428982,1706,True,True,True,True,Eyes,0.5214443,-0.02505464,-2.000525,0.9031405,0.02713455,0.4284868,0.0,0.0,0.0,0.0,0.0,0.0,0.0,-2.069482,-0.07155669,0.04680622,0.5235115,-0.02525622,-2.003837,0.0349856,0.6014534,-0.05739058,0.7960755,7.165619,73.96545,357.1525,0.184709,-0.009475688,-0.982747,0.44399,-0.009829385,0.2942201,2.433617,0.1042461,-1.11973,-0.3087,0.4007999,2.069,0.2699206,-0.04929006,-0.9616202,0.1334589,0.9909647,-0.01333314,0.9535889,-0.1247379,0.2740599,static,64.61842,3.6235,-8.486074,10.96336
05/15/2023 12:31:30.439142,1707,True,True,True,True,Eyes,0.5227123,-0.02513679,-2.000329,0.9034055,0.02835776,0.4278483,0.0,0.0,0.0,0.0,0.0,0.0,0.0,-2.071182,-0.06948275,0.018399,0.5345587,-0.02644081,-2.002125,0.03324741,0.6048295,-0.0550006,0.7937575,6.852438,74.45075,357.2812,0.1915153,-0.009742473,-0.9814407,0.4173506,-0.009239622,0.276567,2.450224,0.1125458,-1.131753,-0.3086998,0.4007999,2.069,0.2623124,-0.04709624,-0.9638332,0.1275323,0.9917391,-0.01375121,0.9565187,-0.1193127,0.2661518,static,64.658,3.792015,-8.486067,10.96336
05/15/2023 12:31:30.458921,1708,True,True,True,True,Eyes,0.5243678,-0.0252349,-2.000083,0.9037771,0.02965255,0.4269749,0.0,0.0,0.0,0.0,0.0,0.0,0.0,-2.072821,-0.06597219,-0.009314299,0.545577,-0.0271982,-2.000657,0.03286238,0.6080309,-0.05315464,0.7914501,6.699218,74.91724,357.4507,0.1976824,-0.009985836,-0.9802147,0.3923095,-0.008685245,0.2599729,2.466652,0.1290555,-1.145299,-0.3086999,0.4007999,2.069,0.2549462,-0.04417582,-0.9659457,0.1241012,0.9921893,-0.01262144,0.9589586,-0.1166572,0.2584372,static,64.71236,3.972697,-8.48607,10.96336
05/15/2023 12:31:30.479119,1709,True,True,True,True,Eyes,0.5263945,-0.02533275,-1.999805,0.9041966,0.03111642,0.4259814,0.0,0.0,0.0,0.0,0.0,0.0,0.0,-2.074059,-0.06301593,-0.03591371,0.5564937,-0.02770185,-1.999132,0.03209253,0.6110414,-0.05117076,0.789291,6.49956,75.35543,357.6028,0.2033049,-0.01020921,-0.9790616,0.368771,-0.00816413,0.2443746,2.483735,0.1387287,-1.159434,-0.3086998,0.4008,2.069,0.2480201,-0.04155751,-0.9678632,0.1199969,0.9927032,-0.01187421,0.9612944,-0.1131956,0.2511971,static,64.77413,4.177833,-8.486068,10.96336
05/15/2023 12:31:30.489034,1710,True,True,True,True,Eyes,0.5287793,-0.02544093,-1.999491,0.9046879,0.03274265,0.424815,0.0,0.0,0.0,0.0,0.0,0.0,0.0,-2.075278,-0.06139737,-0.05930853,0.5673431,-0.02784751,-1.997852,0.03071265,0.6134842,-0.04912743,0.7875788,6.237792,75.70885,357.7112,0.2084554,-0.0104146,-0.9779758,0.3466447,-0.007674282,0.2297121,2.5007,0.1427445,-1.172822,-0.3086998,0.4008,2.069001,0.2424472,-0.03969999,-0.9693519,0.1150669,0.9932864,-0.01190055,0.9633166,-0.108655,0.2453877,static,64.84663,4.407363,-8.486066,10.96336
05/15/2023 12:31:30.509680,1711,True,True,True,True,Eyes,0.5314974,-0.02553514,-1.999121,0.9052395,0.03435129,0.4235108,0.0,0.0,0.0,0.0,0.0,0.0,0.0,-2.076337,-0.06195913,-0.08233988,0.5782933,-0.02825168,-1.99664,0.02849509,0.6158585,-0.04725586,0.7859219,5.9117,76.04883,357.7425,0.2131985,-0.0106043,-0.9769508,0.325846,-0.007213825,0.2159294,2.516943,0.1488007,-1.185385,-0.3087,0.4008,2.069,0.2369705,-0.03918095,-0.9707264,0.1093767,0.9939098,-0.01341601,0.9653403,-0.1029957,0.2398128,static,64.92773,4.637153,-8.486071,10.96336
05/15/2023 12:31:30.530247,1712,True,True,True,True,Eyes,0.5345381,-0.02560672,-1.998724,0.9058448,0.03601512,0.422076,0.0,0.0,0.0,0.0,0.0,0.0,0.0,-2.07736,-0.0635573,-0.1041095,0.5891498,-0.02805559,-1.9956,0.0274831,0.6179826,-0.04644252,0.7843376,5.768735,76.35655,357.7601,0.2175914,-0.01077923,-0.9759798,0.3062953,-0.006780996,0.2029736,2.531721,0.1577097,-1.195675,-0.3086998,0.4007999,2.069,0.2318813,-0.03888507,-0.9719665,0.1068214,0.9941755,-0.01428928,0.966861,-0.1005134,0.2346846,static,65.01696,4.877151,-8.486069,10.96336
05/15/2023 12:31:30.539324,1713,True,True,True,True,Eyes,0.5378916,-0.02561057,-1.998303,0.9064628,0.03759621,0.4206089,0.0,0.0,0.0,0.0,0.0,0.0,0.0,-2.078187,-0.06531752,-0.1251063,0.5999096,-0.0276098,-1.994524,0.02623309,0.6199789,-0.0454762,0.7828602,5.593054,76.64548,357.7729,0.2216846,-0.01093977,-0.9750564,0.2879176,-0.006374136,0.1907952,2.546268,0.1691044,-1.206182,-0.3087,0.4007999,2.069,0.2271163,-0.03867509,-0.9730994,0.1037309,0.9944875,-0.0153149,0.9683275,-0.09746224,0.2298761,static,65.10817,5.107821,-8.486072,10.96336
05/15/2023 12:31:30.559254,1714,True,True,True,True,Eyes,0.5415571,-0.02551301,-1.99786,0.9071126,0.03932755,0.4190466,0.0,0.0,0.0,0.0,0.0,0.0,0.0,-2.079116,-0.06734687,-0.1439123,0.6107473,-0.0260133,-1.99356,0.02529407,0.6215548,-0.04452432,0.7816953,5.445168,76.87452,357.8028,0.2255227,-0.01108406,-0.9741742,0.2706425,-0.005991688,0.1793475,2.560818,0.1744515,-1.215719,-0.3087001,0.4008,2.069,0.2233745,-0.03816561,-0.9739853,0.1010522,0.9947556,-0.0158041,0.9694805,-0.09489311,0.2260598,static,65.20511,5.361508,-8.486074,10.96336
05/15/2023 12:31:30.579108,1715,True,True,True,True,Eyes,0.5455289,-0.02536827,-1.997354,0.9078175,0.04144495,0.4173124,0.0,0.0,0.0,0.0,0.0,0.0,0.0,-2.079853,-0.07187941,-0.163148,0.6218833,-0.02352965,-1.992556,0.02296341,0.6231982,-0.04311293,0.7805371,5.139641,77.10939,357.7742,0.2291459,-0.01120881,-0.973327,0.2544039,-0.005632187,0.1685866,2.574844,0.1812703,-1.224653,-0.3087001,0.4007999,2.069,0.2195307,-0.03868096,-0.9748385,0.09592398,0.9952279,-0.01788821,0.9708784,-0.08958338,0.2221935,static,65.31235,5.671673,-8.486075,10.96336
05/15/2023 12:31:30.589770,1716,True,True,True,True,Eyes,0.549762,-0.02516424,-1.996845,0.9085425,0.04356278,0.4155151,0.0,0.0,0.0,0.0,0.0,0.0,0.0,-2.080639,-0.06937328,-0.1847258,0.6333979,-0.02243163,-1.991557,0.01771152,0.6252131,-0.03815243,0.7793199,4.319188,77.3961,357.8552,0.2325904,-0.01131371,-0.9725084,0.2391397,-0.005294255,0.1584714,2.588148,0.1881326,-1.231507,-0.3087,0.4007999,2.069,0.215306,-0.03731894,-0.9758334,0.08161284,0.9964614,-0.02010092,0.9731305,-0.07531267,0.2175898,static,65.42336,5.98505,-8.486075,10.96336
05/15/2023 12:31:30.608765,1717,True,True,True,True,Eyes,0.5543097,-0.02488276,-1.996362,0.9093299,0.04567024,0.4135619,0.0,0.0,0.0,0.0,0.0,0.0,0.0,-2.081696,-0.06246059,-0.2039227,0.6438795,-0.02080905,-1.990962,0.0179127,0.6268748,-0.03551659,0.7781041,4.152122,77.64454,358.1147,0.235886,-0.01139784,-0.9717134,0.2247913,-0.0049766,0.1489632,2.601308,0.2019504,-1.239074,-0.3086999,0.4008,2.069,0.2115332,-0.03281316,-0.97682,0.07772925,0.9968355,-0.01665302,0.9742752,-0.0724048,0.2134143,static,65.54403,6.301722,-8.486071,10.96336
05/15/2023 12:31:30.628775,1718,True,True,True,True,Eyes,0.5591019,-0.02455048,-1.995883,0.9101747,0.04791324,0.4114441,0.0,0.0,0.0,0.0,0.0,0.0,0.0,-2.082244,-0.05740613,-0.2278551,0.6557324,-0.01869205,-1.99013,0.01597247,0.6291967,-0.03186028,0.7764287,3.720865,77.98595,358.3131,0.239061,-0.01145949,-0.9709364,0.2113038,-0.004678004,0.1400254,2.61305,0.2326485,-1.24818,-0.3087,0.4008,2.069,0.206193,-0.02937481,-0.9780704,0.06957411,0.9974597,-0.01528979,0.9760349,-0.06489572,0.2077129,static,65.67467,6.642257,-8.486073,10.96336
05/15/2023 12:31:30.638767,1719,True,True,True,True,Eyes,0.5641342,-0.02418226,-1.995417,0.9111658,0.04953914,0.409051,0.0,0.0,0.0,0.0,0.0,0.0,0.0,-2.082433,-0.05220803,-0.2530326,0.6663587,-0.01718156,-1.989711,0.01451849,0.6319625,-0.02871968,0.7743307,3.370003,78.39442,358.5003,0.2421386,-0.01149845,-0.9701731,0.1986256,-0.004397324,0.1316238,2.625508,0.2390464,-1.254538,-0.3087001,0.4007999,2.069,0.1995972,-0.02612678,-0.9795297,0.06282733,0.9979288,-0.01381531,0.9778618,-0.05878374,0.2008252,static,65.82319,6.905318,-8.486074,10.96336
05/15/2023 12:31:30.658604,1720,True,True,True,True,Eyes,0.5693862,-0.02376789,-1.994953,0.9122442,0.05092119,0.4064696,0.0,0.0,0.0,0.0,0.0,0.0,0.0,-2.081846,-0.05083176,-0.2800823,0.6770155,-0.01587,-1.989097,0.01755506,0.6349939,-0.02953363,0.771753,3.704098,78.85146,358.6626,0.245139,-0.0115152,-0.9694192,0.1867081,-0.004133484,0.1237264,2.639382,0.2558884,-1.26457,-0.3087,0.4008,2.069,0.1918213,-0.02329061,-0.9811535,0.06788002,0.9976392,-0.010411,0.9790797,-0.06460366,0.1929494,static,65.98363,7.140627,-8.486073,10.96336
05/15/2023 12:31:30.678772,1721,True,True,True,True,Eyes,0.574831,-0.02328371,-1.994475,0.9134409,0.05176864,0.4036652,0.0,0.0,0.0,0.0,0.0,0.0,0.0,-2.080994,-0.04800722,-0.3075083,0.6875006,-0.0143021,-1.988603,0.02009047,0.638121,-0.02950938,0.7691081,3.931547,79.32535,358.8656,0.248079,-0.01150974,-0.9686711,0.1755056,-0.003885475,0.1163028,2.653121,0.26923,-1.27736,-0.3086998,0.4008,2.069,0.1838616,-0.01975151,-0.9827538,0.07103211,0.9974511,-0.006757624,0.9803823,-0.06856459,0.184796,static,66.15854,7.308089,-8.486066,10.96336
05/15/2023 12:31:30.688780,1722,True,True,True,True,Eyes,0.5804791,-0.022739,-1.994,0.9146906,0.05264127,0.4007118,0.0,0.0,0.0,0.0,0.0,0.0,0.0,-2.079967,-0.04565689,-0.3334595,0.6976028,-0.01207012,-1.988152,0.02344536,0.6410238,-0.02989924,0.7665801,4.259724,79.77184,359.0932,0.2509736,-0.0114809,-0.9679256,0.1649753,-0.003652347,0.1093246,2.670723,0.2575085,-1.291176,-0.3086998,0.4008,2.069001,0.1763892,-0.01578226,-0.984194,0.07589839,0.9971128,-0.002386751,0.9813901,-0.07427774,0.1770778,static,66.34251,7.484055,-8.486065,10.96336
05/15/2023 12:31:30.709120,1723,True,True,True,True,Eyes,0.5863246,-0.02214993,-1.993566,0.9159694,0.0535768,0.3976552,0.0,0.0,0.0,0.0,0.0,0.0,0.0,-2.078807,-0.04133164,-0.359445,0.7080932,-0.0100777,-1.987674,0.02369742,0.6438999,-0.0279427,0.7642322,4.14066,80.20596,359.2996,0.2538356,-0.01142811,-0.9671796,0.1550767,-0.003433206,0.1027652,2.687623,0.2497134,-1.305592,-0.3087001,0.4008,2.069,0.1692244,-0.01219189,-0.9855022,0.07322694,0.9973153,0.0002360604,0.9828535,-0.07220525,0.1696628,static,66.5326,7.673354,-8.486076,10.96336
05/15/2023 12:31:30.729095,1724,True,True,True,True,Eyes,0.5923506,-0.0215314,-1.993123,0.9172487,0.05466231,0.3945464,0.0,0.0,0.0,0.0,0.0,0.0,0.0,-2.077637,-0.03644204,-0.3827337,0.7184183,-0.008397162,-1.987006,0.02192006,0.6463273,-0.02480228,0.7623422,3.754526,80.56591,359.4556,0.2566767,-0.0113516,-0.9664304,0.1457721,-0.003227214,0.09659926,2.704067,0.2387639,-1.318913,-0.3087,0.4007999,2.069,0.1632917,-0.009480583,-0.9865324,0.06615072,0.9978088,0.001360382,0.9843577,-0.06548195,0.163561,static,66.72547,7.887813,-8.486073,10.96336
05/15/2023 12:31:30.739205,1725,True,True,True,True,Eyes,0.5985634,-0.02089527,-1.992656,0.9185394,0.05590483,0.3913564,0.0,0.0,0.0,0.0,0.0,0.0,0.0,-2.076799,-0.03823083,-0.402465,0.728762,-0.00711368,-1.986301,0.01991811,0.6481042,-0.02354284,0.760927,3.487392,80.82656,359.4254,0.2595057,-0.01125234,-0.9656758,0.1370258,-0.003033581,0.0908033,2.718727,0.2440171,-1.332323,-0.3086999,0.4008,2.069001,0.1588132,-0.01001074,-0.9872578,0.06164678,0.998098,-0.0002039705,0.9853821,-0.06082888,0.1591284,static,66.9229,8.129639,-8.486068,10.96336
05/15/2023 12:31:30.759289,1726,True,True,True,True,Eyes,0.604935,-0.02028572,-1.992178,0.9198313,0.05715558,0.3881283,0.0,0.0,0.0,0.0,0.0,0.0,0.0,-2.075976,-0.04551833,-0.4210989,0.7391381,-0.005882233,-1.985627,0.016277,0.6496969,-0.02291682,0.7596737,3.124649,81.05482,359.2157,0.2623327,-0.01113175,-0.964913,0.1288043,-0.002851566,0.0853551,2.731159,0.258969,-1.34351,-0.3087001,0.4007999,2.069,0.1547376,-0.01366838,-0.9878612,0.05596884,0.9984198,-0.005047561,0.9863691,-0.05450839,0.1552581,static,67.1224,8.377141,-8.486074,10.96336
05/15/2023 12:31:30.774096,1727,True,True,True,True,Eyes,0.6114525,-0.01968972,-1.991737,0.9210054,0.05853155,0.3851276,0.0,0.0,0.0,0.0,0.0,0.0,0.0,-2.07492,-0.0538806,-0.4392353,0.7493036,-0.005928099,-1.98485,0.0146881,0.65119,-0.02409882,0.7583899,3.076223,81.2751,359.0002,0.265164,-0.01099329,-0.9641404,0.121076,-0.002680472,0.0802338,2.7432,0.2701593,-1.352379,-0.3087001,0.4007999,2.069,0.1507416,-0.01742311,-0.9884198,0.05568208,0.9984071,-0.009107213,0.987004,-0.05366443,0.1514716,static,67.30727,8.641662,-8.486079,10.96336
05/15/2023 12:31:30.788717,1728,True,True,True,True,Eyes,0.6181147,-0.01908377,-1.991297,0.9222256,0.05963809,0.3820251,0.0,0.0,0.0,0.0,0.0,0.0,0.0,-2.073207,-0.06008664,-0.4597011,0.7594554,-0.005772695,-1.984015,0.01601847,0.6530782,-0.02621237,0.7566673,3.352498,81.56335,358.9241,0.2680046,-0.01083937,-0.9633563,0.1138114,-0.002519644,0.07541977,2.754601,0.2857259,-1.361468,-0.3086999,0.4007999,2.069001,0.1456037,-0.01874546,-0.9891655,0.06059071,0.9981127,-0.009996147,0.9874859,-0.05847875,0.1464647,static,67.49858,8.87285,-8.486068,10.96336
05/15/2023 12:31:30.808932,1729,True,True,True,True,Eyes,0.6249216,-0.01846999,-1.990873,0.9235142,0.06123238,0.378645,0.0,0.0,0.0,0.0,0.0,0.0,0.0,-2.071303,-0.0592593,-0.4826626,0.7695691,-0.004879877,-1.98356,0.01869046,0.6554098,-0.02691057,0.7545625,3.639649,81.9255,359.075,0.2708591,-0.01067109,-0.9625595,0.1069828,-0.002368465,0.07089458,2.767199,0.2885802,-1.369981,-0.3086997,0.4007999,2.069001,0.1394276,-0.01611158,-0.9901012,0.06511123,0.997853,-0.007068656,0.9880893,-0.06348114,0.1401773,static,67.70615,9.18603,-8.486062,10.96335
05/15/2023 12:31:30.828721,1730,True,True,True,True,Eyes,0.6318396,-0.01789783,-1.990445,0.924857,0.06268641,0.3751131,0.0,0.0,0.0,0.0,0.0,0.0,0.0,-2.067884,-0.05670853,-0.5103735,0.7797518,-0.004058376,-1.982879,0.02014598,0.6585862,-0.02645979,0.7517702,3.735028,82.41499,359.2393,0.2737317,-0.01048952,-0.9617485,0.1005638,-0.002226357,0.06664091,2.781901,0.279065,-1.379631,-0.3087,0.4007999,2.069,0.1311282,-0.01324763,-0.991277,0.06631907,0.997788,-0.004561814,0.9891447,-0.06514239,0.1317167,static,67.923,9.487221,-8.486073,10.96336
05/15/2023 12:31:30.839051,1731,True,True,True,True,Eyes,0.6388528,-0.01732647,-1.989996,0.9262871,0.06422929,0.3713043,0.0,0.0,0.0,0.0,0.0,0.0,0.0,-2.064296,-0.04800333,-0.5374237,0.7893175,-0.004470184,-1.982272,0.02214137,0.6617086,-0.02498394,0.7490175,3.797636,82.90157,359.5335,0.2766246,-0.01029799,-0.9609225,0.09452996,-0.002092776,0.06264246,2.796981,0.2686907,-1.390722,-0.3086997,0.4007999,2.069,0.123035,-0.008124546,-0.9923691,0.0667291,0.9977711,0.0001043763,0.9901564,-0.06623274,0.1233029,static,68.1565,9.814069,-8.486065,10.96336
05/15/2023 12:31:30.859017,1732,True,True,True,True,Eyes,0.6459825,-0.01674502,-1.989542,0.927731,0.06568111,0.3674251,0.0,0.0,0.0,0.0,0.0,0.0,0.0,-2.061148,-0.04433435,-0.5605096,0.7986364,-0.003863752,-1.981573,0.02671711,0.6641232,-0.02586075,0.746698,4.258054,83.29395,359.82,0.2795397,-0.01009757,-0.9600807,0.08885816,-0.001967209,0.05888391,2.812394,0.2651649,-1.406179,-0.3086998,0.4008,2.069,0.1165432,-0.003133428,-0.9931808,0.07410724,0.9972349,0.005549791,0.9904171,-0.07424867,0.1164531,static,68.3941,10.13517,-8.486065,10.96336
05/15/2023 12:31:30.879333,1733,True,True,True,True,Eyes,0.6532081,-0.0161675,-1.989057,0.929204,0.06756145,0.3633393,0.0,0.0,0.0,0.0,0.0,0.0,0.0,-2.058149,-0.04174354,-0.5832645,0.8085462,-0.003033683,-1.98095,0.02761749,0.6664332,-0.02509615,0.7446304,4.27706,83.65494,359.9676,0.2824787,-0.009888712,-0.9592223,0.08352668,-0.001849177,0.05535087,2.826715,0.2609089,-1.420773,-0.3087,0.4008,2.069,0.1104741,-0.0005642985,-0.9938788,0.07418513,0.9972149,0.007679821,0.9911065,-0.07457945,0.1102083,static,68.6434,10.53361,-8.486074,10.96336
05/15/2023 12:31:30.888918,1734,True,True,True,True,Eyes,0.6605362,-0.01560587,-1.98857,0.9306828,0.06938765,0.3591865,0.0,0.0,0.0,0.0,0.0,0.0,0.0,-2.055003,-0.03949297,-0.605255,0.8181236,-0.002601713,-1.980302,0.02732048,0.6686801,-0.02395615,0.7426619,4.164357,84.00066,0.05484373,0.285443,-0.009672477,-0.9583465,0.0,0.0,0.0,2.841535,0.2431747,-1.431812,-0.3087,0.4007999,2.069,0.104586,0.0009546838,-0.9945154,0.07211996,0.9973595,0.008541744,0.9918975,-0.07261775,0.104241,static,68.89647,10.93372,-8.486072,10.96336
05/15/2023 12:31:30.909435,1735,True,True,True,True,Eyes,0.6679608,-0.01504489,-1.988067,0.9321762,0.0717281,0.3548275,0.0,0.0,0.0,0.0,0.0,0.0,0.0,-2.051634,-0.03929179,-0.6276433,0.8278953,-0.002425492,-1.979714,0.02726991,0.6709623,-0.02353417,0.7406161,4.127384,84.3537,0.09964392,0.2884338,-0.009450381,-0.9574529,0.0,0.0,0.0,2.854775,0.2425193,-1.44304,-0.3086996,0.4007999,2.069,0.09851144,0.0017346,-0.9951344,0.07145373,0.9974049,0.008811988,0.9925674,-0.07197414,0.09813184,static,69.16096,11.42829,-8.486064,10.96336
05/15/2023 12:31:30.928804,1736,True,True,True,True,Eyes,0.6754826,-0.01450679,-1.987555,0.9336483,0.07425778,0.3504091,0.0,0.0,0.0,0.0,0.0,0.0,0.0,-2.047729,-0.03660165,-0.6503199,0.8376367,-0.001967669,-1.978841,0.02543187,0.6733201,-0.0215827,0.7385983,3.820563,84.71031,0.1358454,0.291452,-0.009223068,-0.9565408,0.0,0.0,0.0,2.866979,0.246599,-1.454197,-0.3087001,0.4007999,2.069,0.09234851,0.002365671,-0.995724,0.06612948,0.9977748,0.008503727,0.9935284,-0.066632,0.09198657,static,69.4283,11.96495,-8.486076,10.96336
05/15/2023 12:31:30.939414,1737,True,True,True,True,Eyes,0.6831012,-0.01400182,-1.986995,0.9351092,0.07718346,0.3458518,0.0,0.0,0.0,0.0,0.0,0.0,0.0,-2.043757,-0.0328151,-0.6730071,0.8474777,-0.002041414,-1.978063,0.02277484,0.6756638,-0.01916069,0.7366089,3.407938,85.06235,0.1462714,0.2944979,-0.008992195,-0.9556096,0.0,0.0,0.0,2.879745,0.2478844,-1.465949,-0.3086998,0.4008,2.069001,0.08622242,0.002548404,-0.9962727,0.05900414,0.9982283,0.007659924,0.9945271,-0.05944467,0.08591933,static,69.703,12.5805,-8.486066,10.96336
05/15/2023 12:31:30.959055,1738,True,True,True,True,Eyes,0.6908133,-0.01355776,-1.986426,0.9365594,0.08016864,0.3412176,0.0,0.0,0.0,0.0,0.0,0.0,0.0,-2.039292,-0.02915064,-0.6961296,0.8574675,-0.002422065,-1.977094,0.02045141,0.6780446,-0.01704971,0.7345384,3.047602,85.42365,0.1541489,0.2975725,-0.00875975,-0.9546588,0.0,0.0,0.0,2.891243,0.2593485,-1.477733,-0.3086998,0.4007999,2.069,0.07992976,0.002686603,-0.9967969,0.05278126,0.9985821,0.006923763,0.9954021,-0.05316561,0.07967458,static,69.98175,13.22177,-8.486069,10.96336
05/15/2023 12:31:30.979241,1739,True,True,True,True,Eyes,0.6986129,-0.01316622,-1.985804,0.9380449,0.08319873,0.3363774,0.0,0.0,0.0,0.0,0.0,0.0,0.0,-2.034451,-0.02663299,-0.7199211,0.8674054,-0.003479153,-1.976255,0.01869586,0.6805446,-0.01569318,0.7323001,2.793805,85.80759,0.1412586,0.3006763,-0.008528799,-0.9536879,0.0,0.0,0.0,2.902186,0.2742708,-1.489677,-0.3087001,0.4008,2.069,0.07322572,0.002462493,-0.9973124,0.04843097,0.9988084,0.006022139,0.9961388,-0.04874177,0.07301921,static,70.27246,13.89258,-8.486076,10.96336
05/15/2023 12:31:30.989561,1740,True,True,True,True,Eyes,0.7065098,-0.01283089,-1.985177,0.9395664,0.08617757,0.3313434,0.0,0.0,0.0,0.0,0.0,0.0,0.0,-2.028603,-0.02727684,-0.7453475,0.8773456,-0.004441395,-1.975288,0.01791307,0.6833302,-0.01554658,0.7297243,2.716269,86.24146,0.1027693,0.3038096,-0.008301737,-0.9526964,0.0,0.0,0.0,2.913435,0.2869805,-1.501761,-0.3086999,0.4007999,2.069,0.06563639,0.001791648,-0.9978421,0.0471705,0.9988749,0.004896304,0.9967281,-0.04739009,0.06547803,static,70.57452,14.5788,-8.48607,10.96336
05/15/2023 12:31:31.008755,1741,True,True,True,True,Eyes,0.7144952,-0.01256379,-1.984516,0.9411664,0.08912706,0.3259787,0.0,0.0,0.0,0.0,0.0,0.0,0.0,-2.020792,-0.0287158,-0.7757155,0.8875359,-0.005472496,-1.97444,0.01689888,0.686963,-0.01550344,0.7263305,2.627871,86.80978,0.03995198,0.3069725,-0.008080875,-0.9516839,0.0,0.0,0.0,2.925223,0.2952363,-1.514894,-0.3086999,0.4007999,2.069,0.05568292,0.0006965621,-0.9984483,0.04573905,0.9989481,0.003247756,0.9974003,-0.04584892,0.05559247,static,70.89616,15.29172,-8.486071,10.96336
05/15/2023 12:31:31.028816,1742,True,True,True,True,Eyes,0.916214,-0.007397458,-1.967528,0.9705116,0.1592297,0.1809783,0.0,0.0,0.0,0.0,0.0,0.0,0.0,-2.010647,-0.02905704,-0.8098775,0.8976077,-0.006926864,-1.973246,0.01565972,0.6912907,-0.01520062,0.7222471,2.50098,87.49046,359.9824,0.3101657,-0.007868815,-0.9506497,0.0,0.0,0.0,2.93822,0.2973044,-1.529818,-0.3086999,0.4008,2.069,0.04377219,-0.0003063693,-0.9990415,0.04360805,0.9990475,0.001604281,0.9980894,-0.04363647,0.04374391,static,79.43697,41.3422,-8.486071,10.96336
05/15/2023 12:31:31.039140,1743,True,True,True,True,Eyes,0.9166331,-0.007451768,-1.967456,0.971028,0.1593732,0.1780581,0.0,0.0,0.0,0.0,0.0,0.0,0.0,-1.99934,-0.03015036,-0.8451974,0.9076204,-0.008175895,-1.972001,0.01526298,0.695829,-0.01538103,0.7178805,2.48278,88.21165,359.9517,0.3234979,-0.007370845,-0.9462,0.6051564,0.01549901,0.05096269,2.9523,0.2998294,-1.549896,-0.3086999,0.4008,2.069,0.03117097,-0.0008426439,-0.9995137,0.04332433,0.9990609,0.0005088567,0.9985747,-0.04331912,0.03117817,static,79.60906,41.83054,-8.486068,10.96336
05/15/2023 12:31:31.059186,1744,True,True,True,True,Eyes,0.9174434,-0.007579471,-1.967328,0.9715861,0.1596188,0.1747631,0.0,0.0,0.0,0.0,0.0,0.0,0.0,-1.987096,-0.02800552,-0.8806553,0.9179633,-0.009670883,-1.970314,0.01349772,0.700339,-0.01431692,0.7135393,2.253205,88.92846,359.9125,0.3347151,-0.006945984,-0.9422935,0.5688471,0.01456907,0.04790492,2.96662,0.303302,-1.573693,-0.3087,0.4008,2.069001,0.0186409,-0.001525411,-0.9998251,0.03933733,0.9992257,-0.0007910866,0.9990521,-0.0393157,0.01868647,static,79.80302,42.40683,-8.486071,10.96336
05/15/2023 12:31:31.079168,1745,True,True,True,True,Eyes,0.9186466,-0.007756445,-1.966997,0.9727893,0.1597931,0.167771,0.0,0.0,0.0,0.0,0.0,0.0,0.0,-1.974471,-0.0273302,-0.9155233,0.928109,-0.01158728,-1.968742,0.01212158,0.7047784,-0.0139071,0.7091876,2.10872,89.63988,359.8487,0.3442036,-0.006586549,-0.9388716,0.5347162,0.01369492,0.04503063,2.981413,0.3028805,-1.598739,-0.3086999,0.4007999,2.069,0.006187864,-0.002639426,-0.9999774,0.03681154,0.9993193,-0.002409895,0.9993032,-0.0367958,0.006280849,static,80.21481,43.60483,-8.486073,10.96336
05/15/2023 12:31:31.088809,1746,True,True,True,True,Eyes,0.9202319,-0.007984637,-1.966606,0.973956,0.1601157,0.1605389,0.0,0.0,0.0,0.0,0.0,0.0,0.0,-1.960431,-0.03027866,-0.9515334,0.9386519,-0.01301652,-1.966821,0.01185376,0.7093542,-0.01467387,0.7045998,2.150372,90.38116,359.7786,0.352284,-0.006285111,-0.9358718,0.5026333,0.01287323,0.04232879,2.995014,0.3099454,-1.623323,-0.3086998,0.4007999,2.069,-0.006797266,-0.00386138,-0.9999695,0.03749544,0.9992883,-0.004113622,0.9992737,-0.03752226,-0.006647599,static,80.64,44.92439,-8.486067,10.96336
05/15/2023 12:31:31.109013,1747,True,True,True,True,Eyes,0.9221796,-0.008292656,-1.966326,0.9750637,0.1605345,0.1532298,0.0,0.0,0.0,0.0,0.0,0.0,0.0,-1.945608,-0.02752986,-0.9878969,0.9493135,-0.01451176,-1.964862,0.01023042,0.7139845,-0.01361763,0.6999544,1.935087,91.13271,359.7446,0.3595405,-0.006025789,-0.9331098,0.4724753,0.01210083,0.03978906,3.008512,0.3136241,-1.648019,-0.3087002,0.4007999,2.069001,-0.01991873,-0.004454715,-0.9997917,0.03367217,0.9994197,-0.005123902,0.9992345,-0.03376721,-0.01975713,static,81.06909,46.33364,-8.486076,10.96336
05/15/2023 12:31:31.129819,1748,True,True,True,True,Eyes,0.9244753,-0.008669129,-1.965973,0.9761575,0.1608814,0.145718,0.0,0.0,0.0,0.0,0.0,0.0,0.0,-1.92986,-0.02364547,-1.024096,0.9600002,-0.01668245,-1.962604,0.009066389,0.7185851,-0.01264679,0.6952649,1.763996,91.88589,359.7389,0.3661335,-0.005806211,-0.930544,0.4441268,0.01137478,0.03740172,3.023276,0.3110566,-1.673533,-0.3087,0.4007999,2.069,-0.03304903,-0.004555797,-0.9994434,0.03061569,0.9995157,-0.005568507,0.9989847,-0.03078268,-0.0328935,static,81.50974,47.83137,-8.486073,10.96336
05/15/2023 12:31:31.140394,1749,True,True,True,True,Eyes,0.9271181,-0.009060299,-1.96552,0.977208,0.1611275,0.1382122,0.0,0.0,0.0,0.0,0.0,0.0,0.0,-1.914175,-0.02448541,-1.058733,0.9706128,-0.0186884,-1.960393,0.009481375,0.722922,-0.01330105,0.6907366,1.852667,92.60419,359.7325,0.3721466,-0.005625602,-0.9281567,0.4174792,0.0106923,0.03515761,3.036374,0.3175665,-1.699158,-0.3087001,0.4008,2.069,-0.04558621,-0.004666455,-0.9989495,0.03208363,0.9994664,-0.006132979,0.9984451,-0.0323295,-0.04541221,moving,81.94972,49.37762,-8.486073,10.96336
05/15/2023 12:31:31.159228,1750,True,True,True,True,Eyes,0.9301019,-0.009449128,-1.964973,0.9781644,0.1617066,0.1305579,0.0,0.0,0.0,0.0,0.0,0.0,0.0,-1.897498,-0.02682339,-1.093217,0.9815078,-0.01942252,-1.957705,0.008733775,0.7272162,-0.01364534,0.6862174,1.824191,93.31747,359.6546,0.3776551,-0.00548076,-0.9259299,0.3924304,0.01005076,0.03304816,3.048955,0.3196512,-1.727472,-0.3055715,0.3988163,2.068746,-0.05805913,-0.006024643,-0.998295,0.03143001,0.999475,-0.00785968,0.9978183,-0.03183275,-0.05783923,moving,82.39753,51.08345,-8.40232,10.91171
05/15/2023 12:31:31.179006,1751,True,True,True,True,Eyes,0.933418,-0.009870263,-1.964379,0.978979,0.1626246,0.1230985,0.0,0.0,0.0,0.0,0.0,0.0,0.0,-1.881588,-0.0209467,-1.125237,0.9926494,-0.01983668,-1.954795,0.005114897,0.7310555,-0.01115629,0.6822077,1.334573,93.95398,359.5562,0.382726,-0.005368011,-0.923846,0.3688846,0.009447714,0.03106527,3.062379,0.3123511,-1.754822,-0.3022557,0.3967135,2.068476,-0.06913312,-0.007743273,-0.9975775,0.02270037,0.9996987,-0.009332898,0.9973493,-0.02329059,-0.06893657,moving,82.83315,52.87614,-8.313498,10.85693
05/15/2023 12:31:31.188956,1752,True,True,True,True,Eyes,0.9370463,-0.01036379,-1.963691,0.9797139,0.1637033,0.1155933,0.0,0.0,0.0,0.0,0.0,0.0,0.0,-1.866536,-0.01247192,-1.15462,1.00399,-0.02111708,-1.951619,0.0005191243,0.7343982,-0.008085492,0.6786706,0.7208324,94.51315,359.4148,0.3874177,-0.005285629,-0.9218888,0.3467515,0.008880852,0.02920135,3.074982,0.3110291,-1.78187,-0.2990707,0.3946941,2.068218,-0.07881206,-0.01021229,-0.9968371,0.01173726,0.9998687,-0.01117131,0.9968204,-0.01258057,-0.0786818,moving,83.27097,54.77351,-8.228115,10.80429
05/15/2023 12:31:31.209170,1753,True,True,True,True,Eyes,0.9409837,-0.01088552,-1.962836,0.9804062,0.1645497,0.1082918,0.0,0.0,0.0,0.0,0.0,0.0,0.0,-1.852769,-0.007137703,-1.181172,1.015103,-0.02339505,-1.948586,-0.00169475,0.7372667,-0.006738909,0.6755663,0.43814,94.99866,359.3351,0.3917829,-0.005233895,-0.9200426,0.3259464,0.008348,0.02744927,3.084482,0.3267958,-1.805927,-0.2958062,0.3926241,2.067952,-0.08721517,-0.01160412,-0.9961221,0.006606191,0.9999034,-0.01222658,0.9961677,-0.007646913,-0.08713011,moving,83.69688,56.65069,-8.140541,10.7503
05/15/2023 12:31:31.228804,1754,True,True,True,True,Eyes,0.9452122,-0.01136127,-1.961899,0.9810838,0.1651864,0.1009365,0.0,0.0,0.0,0.0,0.0,0.0,0.0,-1.838472,-0.01064765,-1.207679,1.026245,-0.02460234,-1.945456,-0.001442055,0.7401261,-0.007902666,0.6724202,0.5591357,95.48481,359.2687,0.3958692,-0.005211042,-0.9182918,0.3063896,0.00784712,0.02580231,3.092788,0.3465408,-1.82678,-0.2928217,0.3907318,2.067709,-0.0956982,-0.01276243,-0.9953286,0.008493219,0.9998709,-0.01363727,0.9953743,-0.009758602,-0.09557738,moving,84.12593,58.57316,-8.060428,10.70091
05/15/2023 12:31:31.238658,1755,True,True,True,True,Eyes,0.9497247,-0.01171466,-1.960875,0.9817241,0.1656014,0.09377531,0.0,0.0,0.0,0.0,0.0,0.0,0.0,-1.824096,-0.01972975,-1.233799,1.037433,-0.02393994,-1.942456,-0.0005128655,0.7429193,-0.01008722,0.6693049,0.8194411,95.96202,359.1826,0.3997179,-0.005212048,-0.9166231,0.2880062,0.007376293,0.02425417,3.102453,0.3528125,-1.84499,-0.2896081,0.388694,2.067447,-0.1040616,-0.01426489,-0.9944686,0.01274082,0.999796,-0.01567451,0.9944894,-0.01430146,-0.1038586,moving,84.5436,60.47837,-7.974108,10.6477
05/15/2023 12:31:31.259246,1756,True,True,True,True,Eyes,0.9545355,-0.01202079,-1.95978,0.9822577,0.1664283,0.086438,0.0,0.0,0.0,0.0,0.0,0.0,0.0,-1.808192,-0.02894959,-1.261397,1.048699,-0.0213443,-1.939406,-0.001572514,0.745999,-0.01134868,0.6658486,0.8501913,96.49095,358.9995,0.4033649,-0.005228886,-0.915024,0.2707259,0.006933715,0.02279892,3.114571,0.345526,-1.863188,-0.2864562,0.3866953,2.067192,-0.1132865,-0.01745919,-0.993409,0.01276682,0.9997375,-0.01902631,0.9934803,-0.01483809,-0.1130338,moving,84.97097,62.55396,-7.889384,10.59547
05/15/2023 12:31:31.279754,1757,True,True,True,True,Eyes,0.9595709,-0.01226583,-1.958586,0.9827808,0.1668952,0.07929616,0.0,0.0,0.0,0.0,0.0,0.0,0.0,-1.789376,-0.02080957,-1.293475,1.060648,-0.02062209,-1.936485,-0.006154573,0.7497913,-0.008229229,0.6615947,0.2404563,97.14902,358.8472,0.4068433,-0.005257779,-0.9134826,0.2544823,0.006517692,0.02143099,3.127299,0.3349538,-1.881728,-0.2829867,0.3844952,2.06691,-0.1245093,-0.02011812,-0.9920146,0.001659541,0.9997888,-0.02048407,0.9922171,-0.004196743,-0.1244496,moving,85.38705,64.58641,-7.796062,10.53795
05/15/2023 12:31:31.294802,1758,True,True,True,True,Eyes,0.9648757,-0.01234947,-1.957313,0.9832585,0.1673345,0.07212371,0.0,0.0,0.0,0.0,0.0,0.0,0.0,-1.773128,-0.02365327,-1.318988,1.070973,-0.01934697,-1.93311,-0.003867275,0.7527075,-0.009117557,0.6582806,0.4947096,97.65293,358.9786,0.4101799,-0.005294706,-0.911989,0.2392134,0.006126631,0.02014513,3.138479,0.3353231,-1.902219,-0.2799132,0.382546,2.066659,-0.1333034,-0.01782567,-0.9909148,0.006181965,0.9998038,-0.01881721,0.9910558,-0.0086342,-0.1331671,moving,85.80477,66.68322,-7.713339,10.48696
05/15/2023 12:31:31.309003,1759,True,True,True,True,Eyes,0.9704321,-0.01235813,-1.955963,0.9835825,0.1682875,0.06515247,0.0,0.0,0.0,0.0,0.0,0.0,0.0,-1.758084,-0.03132586,-1.343547,1.082721,-0.01556273,-1.929878,-0.004546702,0.7551954,-0.009879363,0.6554098,0.5134796,98.08759,358.8644,0.4134003,-0.005331445,-0.9105335,0.2248606,0.005759033,0.01893642,3.146065,0.3567598,-1.926865,-0.2767897,0.3805659,2.066405,-0.1408353,-0.01981736,-0.9898348,0.006082762,0.9997635,-0.0208816,0.9900145,-0.008961792,-0.1406814,moving,86.21027,68.83611,-7.629212,10.43512
05/15/2023 12:31:31.328929,1760,True,True,True,True,Eyes,0.9761763,-0.01228076,-1.954549,0.9839267,0.1688244,0.05819471,0.0,0.0,0.0,0.0,0.0,0.0,0.0,-1.743552,-0.01582624,-1.367447,1.09427,-0.01392867,-1.926789,-0.01088085,0.7575852,-0.004698244,0.6526286,359.5941,98.51749,358.7039,0.4165266,-0.005364568,-0.9091074,0.211369,0.005413491,0.01780024,3.157453,0.3461683,-1.944249,-0.2736125,0.3785517,2.066146,-0.1479149,-0.02261875,-0.9887414,-0.01035392,0.9997191,-0.02132095,0.9889458,0.007083663,-0.1481076,moving,86.61517,70.98065,-7.543588,10.38237
05/15/2023 12:31:31.339389,1761,True,True,True,True,Eyes,0.9821619,-0.01210717,-1.953062,0.9842429,0.1692277,0.05126355,0.0,0.0,0.0,0.0,0.0,0.0,0.0,-1.730206,-0.0336146,-1.387878,1.10449,-0.01170689,-1.923776,-0.008329283,0.7596114,-0.008821859,0.6502641,0.1472447,98.86797,358.6175,0.4195759,-0.005390487,-0.9077039,0.1986868,0.005088682,0.01673222,3.168318,0.34762,-1.96085,-0.2702662,0.3764297,2.065874,-0.1541744,-0.02412711,-0.987749,-0.001180958,0.9997056,-0.02423483,0.9880429,-0.002569902,-0.1541576,moving,87.01849,73.14705,-7.453342,10.32676
05/15/2023 12:31:31.359118,1762,True,True,True,True,Eyes,0.9883118,-0.01191337,-1.951531,0.9845011,0.1697023,0.04425701,0.0,0.0,0.0,0.0,0.0,0.0,0.0,-1.713515,-0.03745495,-1.413894,1.116121,-0.00925751,-1.921151,-0.009545724,0.7624151,-0.008968913,0.6469558,0.07590237,99.36572,358.5009,0.4225657,-0.005405516,-0.9063158,0.1867656,0.004783361,0.01572829,3.172706,0.3811236,-1.976522,-0.2671941,0.3744817,2.065624,-0.1627142,-0.02616059,-0.9863263,-0.002950626,0.9996569,-0.02602739,0.9866688,-0.001324747,-0.1627356,moving,87.42607,75.38329,-7.370438,10.27567
05/15/2023 12:31:31.379549,1763,True,True,True,True,Eyes,0.9946197,-0.01172232,-1.949948,0.9848045,0.1696152,0.03729359,0.0,0.0,0.0,0.0,0.0,0.0,0.0,-1.695785,-0.02954746,-1.439571,1.126179,-0.008584201,-1.918482,-0.009231821,0.7654896,-0.00712642,0.6433425,359.9445,99.91106,358.6647,0.4255084,-0.00540982,-0.9049379,0.1755597,0.004496359,0.01478459,3.185395,0.3616301,-1.990533,-0.2638911,0.3723875,2.065355,-0.1720504,-0.02330319,-0.9848125,-0.004964269,0.999728,-0.02278885,0.9850756,0.000968045,-0.1721193,moving,87.8313,77.59959,-7.281251,10.22073
05/15/2023 12:31:31.389367,1764,True,True,True,True,Eyes,1.001066,-0.01150834,-1.948336,0.9850914,0.1693426,0.03029858,0.0,0.0,0.0,0.0,0.0,0.0,0.0,-1.678067,-0.03581053,-1.464311,1.136186,-0.008336529,-1.915831,-0.004417001,0.7684457,-0.009328343,0.6398318,0.4975843,100.4317,358.927,0.428415,-0.0054046,-0.9035655,0.1650261,0.004226577,0.01389751,3.195015,0.3650689,-2.009712,-0.2607076,0.370369,2.065095,-0.1811917,-0.01872559,-0.9832696,0.005148692,0.9997869,-0.01998893,0.9834344,-0.008684373,-0.1810567,moving,88.2383,79.85604,-7.195232,10.16774
05/15/2023 12:31:31.409199,1765,True,True,True,True,Eyes,1.007628,-0.01121203,-1.946704,0.9853672,0.1688294,0.02340924,0.0,0.0,0.0,0.0,0.0,0.0,0.0,-1.661356,-0.03510864,-1.487676,1.145923,-0.007503822,-1.913457,-0.00109386,0.771184,-0.009496319,0.6365407,0.7594345,100.9218,359.2106,0.4312938,-0.005389761,-0.902195,0.1551245,0.003972983,0.01306366,3.202704,0.3677353,-2.028559,-0.2576303,0.3684172,2.064845,-0.1896298,-0.01377672,-0.9817592,0.01040245,0.9998173,-0.01603939,0.9818007,-0.01325424,-0.1894519,moving,88.63909,82.10593,-7.112031,10.11647
05/15/2023 12:31:31.429321,1766,True,True,True,True,Eyes,1.014341,-0.01086135,-1.945063,0.9855291,0.1687029,0.01648294,0.0,0.0,0.0,0.0,0.0,0.0,0.0,-1.646362,-0.03725903,-1.508473,1.155198,-0.005142704,-1.911251,0.001588194,0.7735268,-0.009819192,0.6336856,0.985745,101.3453,359.4277,0.4341515,-0.005362513,-0.9008236,0.145817,0.003734604,0.01227984,3.214529,0.3447387,-2.046891,-0.2543229,0.3663205,2.064577,-0.19688,-0.00998754,-0.9803766,0.01490158,0.9998021,-0.01317798,0.9803143,-0.01720365,-0.1966923,moving,89.04182,84.41969,-7.022546,10.06135
05/15/2023 12:31:31.439254,1767,True,True,True,True,Eyes,1.021165,-0.01052369,-1.943392,0.9855949,0.1688474,0.009660733,0.0,0.0,0.0,0.0,0.0,0.0,0.0,-1.629927,-0.02396324,-1.531924,1.16554,-0.003567845,-1.909327,-0.001179746,0.7761564,-0.006050285,0.6305102,0.4528851,101.8205,359.4579,0.4369953,-0.005321613,-0.8994477,0.137068,0.003510528,0.01154305,3.224095,0.3328516,-2.063798,-0.251173,0.3643227,2.064322,-0.2049108,-0.009460868,-0.9787349,0.005798199,0.999924,-0.01087962,0.9787633,-0.007904253,-0.2048405,moving,89.43842,86.72535,-6.937272,10.0088
05/15/2023 12:31:31.458923,1768,True,True,True,True,Eyes,1.028104,-0.01018542,-1.941722,0.9856136,0.1689908,0.002818632,0.0,0.0,0.0,0.0,0.0,0.0,0.0,-1.614333,-0.01281519,-1.553073,1.174845,-0.003589153,-1.907353,-0.002847571,0.7785653,-0.003329182,0.627548,0.09224606,102.2598,359.5065,0.4398299,-0.005269045,-0.8980653,0.1288439,0.003299896,0.01085047,3.23288,0.3241244,-2.078787,-0.2480939,0.3623705,2.06407,-0.2123503,-0.008612485,-0.9771556,-0.0002555971,0.9999616,-0.008757948,0.9771934,-0.001609997,-0.2123445,moving,89.83615,89.04444,-6.853867,9.957436
05/15/2023 12:31:31.479344,1769,True,True,True,True,Eyes,1.035155,-0.009845732,-1.940045,0.9855563,0.1693023,-0.003943586,0.0,0.0,0.0,0.0,0.0,0.0,0.0,-1.598701,-0.01136059,-1.574347,1.184526,-0.003231913,-1.90563,-0.002549322,0.7809426,-0.002971296,0.6245906,0.08343751,102.6947,359.5592,0.4426599,-0.005205949,-0.8966742,0.1211133,0.003101902,0.01019944,3.237738,0.3426303,-2.096491,-0.2447075,0.3602231,2.063794,-0.2197602,-0.007693435,-0.9755237,-0.0002700604,0.9999694,-0.007825388,0.9755539,-0.001456259,-0.2197557,moving,-89.77074,-88.66564,-6.762084,9.900901
05/15/2023 12:31:31.488918,1770,True,True,True,True,Eyes,1.042288,-0.009499175,-1.938391,0.985466,0.169534,-0.0107236,0.0,0.0,0.0,0.0,0.0,0.0,0.0,-1.584161,-0.003360281,-1.594504,1.194133,-0.002889812,-1.904222,-0.003621666,0.7831166,-0.0009952195,0.6218635,359.8312,103.0952,359.6041,0.445489,-0.005133322,-0.8952724,0.1138465,0.002915788,0.009587475,3.242526,0.3533832,-2.112629,-0.2415601,0.358228,2.063538,-0.226545,-0.006910155,-0.9739761,-0.004434592,0.9999718,-0.006063109,0.9739906,0.002945618,-0.2265693,moving,-89.37654,-86.38068,-6.676723,9.848338
05/15/2023 12:31:31.509060,1771,True,True,True,True,Eyes,1.049525,-0.009164304,-1.936728,0.9853497,0.1696409,-0.01755073,0.0,0.0,0.0,0.0,0.0,0.0,0.0,-1.569308,-0.006940362,-1.614439,1.203197,-0.002354905,-1.903023,-0.003183606,0.7853575,-0.001744026,0.6190319,359.9311,103.5087,359.5898,0.4483185,-0.005051824,-0.8938593,0.1070157,0.002740841,0.009012227,3.249654,0.3517933,-2.129296,-0.238373,0.3562069,2.063279,-0.2335786,-0.007159753,-0.9723115,-0.002841322,0.9999737,-0.006680875,0.9723337,0.00120214,-0.2335928,moving,-88.97958,-84.09331,-6.59023,9.795056
05/15/2023 12:31:31.529471,1772,True,True,True,True,Eyes,1.056808,-0.00882058,-1.9351,0.985239,0.169432,-0.0244327,0.0,0.0,0.0,0.0,0.0,0.0,0.0,-1.552293,-0.01111262,-1.636772,1.212613,-0.002224579,-1.902189,-0.002493934,0.788006,-0.002730366,0.6156567,0.07060415,103.9998,359.5822,0.4511514,-0.004962884,-0.8924333,0.1005948,0.002576391,0.008471494,3.255205,0.3589876,-2.144722,-0.2351849,0.3541853,2.063021,-0.2419217,-0.007292406,-0.9702685,-0.0005685341,0.9999726,-0.007373904,0.9702958,-0.001232275,-0.2419192,moving,-88.57943,-81.79431,-6.503656,9.741733
05/15/2023 12:31:31.539077,1773,True,True,True,True,Eyes,1.056808,-0.00882058,-1.9351,0.985239,0.169432,-0.0244327,0.0,0.0,0.0,0.0,0.0,0.0,0.0,-1.535929,-0.02397791,-1.657096,1.22094,-0.001602709,-1.901295,0.0001184191,0.7904977,-0.005693221,0.6124386,0.5240348,104.4647,359.6111,0.4539873,-0.004866859,-0.8909945,0.0,0.0,0.0,3.262071,0.3539274,-2.161668,-0.2319766,0.3521509,2.062758,-0.2498379,-0.006786277,-0.9682639,0.007160716,0.9999351,-0.008855907,0.9682611,-0.009146005,-0.2497732,moving,-88.57943,-81.79431,-6.41649,9.688048
05/15/2023 12:31:31.559186,1774,True,True,True,True,Eyes,1.056808,-0.00882058,-1.9351,0.985239,0.169432,-0.0244327,0.0,0.0,0.0,0.0,0.0,0.0,0.0,-1.518818,-0.03248961,-1.67835,1.229863,-0.001221269,-1.900567,0.000890194,0.7930686,-0.007542018,0.609085,0.747564,104.9478,359.5544,0.4565357,-0.004780394,-0.8896919,0.0,0.0,0.0,3.269016,0.3470597,-2.181688,-0.2288467,0.3501666,2.062505,-0.2580295,-0.00777549,-0.9661058,0.01059943,0.9998847,-0.01087827,0.9660789,-0.01304708,-0.2579172,moving,-88.57943,-81.79431,-6.331396,9.635644
05/15/2023 12:31:31.579341,1775,True,True,True,True,Eyes,1.06476,-0.008470424,-1.933663,0.9850403,0.1685049,-0.03607916,0.0,0.0,0.0,0.0,0.0,0.0,0.0,-1.503191,-0.04316075,-1.69697,1.237928,-0.001164272,-1.899654,0.002069291,0.7953134,-0.009954111,0.6061132,1.050962,105.3729,359.4971,0.4588259,-0.004702545,-0.8885134,0.0,0.0,0.0,3.276543,0.3290744,-2.201145,-0.2254784,0.3480307,2.062231,-0.2652447,-0.008775165,-0.964141,0.0153581,0.9997933,-0.01332482,0.9640586,-0.01834172,-0.2650551,moving,-87.90237,-77.91468,-6.239771,9.579215
05/15/2023 12:31:31.589557,1776,True,True,True,True,Eyes,1.07273,-0.008105644,-1.932267,0.9847077,0.1675959,-0.04756359,0.0,0.0,0.0,0.0,0.0,0.0,0.0,-1.486692,-0.05797664,-1.716403,1.246402,-0.0007920861,-1.898982,0.003002153,0.7976614,-0.01316566,0.6029543,1.410983,105.8207,359.3645,0.4611931,-0.004616152,-0.8872874,0.0,0.0,0.0,3.282966,0.3196688,-2.221253,-0.2224395,0.3461033,2.061983,-0.2728739,-0.01108718,-0.9619858,0.02066599,0.9996353,-0.01738315,0.9618277,-0.0246238,-0.2725452,moving,-87.23463,-74.1561,-6.157058,9.528263
05/15/2023 12:31:31.609169,1777,True,True,True,True,Eyes,1.080742,-0.007744122,-1.930831,0.9842126,0.1669351,-0.05880709,0.0,0.0,0.0,0.0,0.0,0.0,0.0,-1.471063,-0.06167984,-1.735211,1.254807,-7.878244e-05,-1.898485,0.002351299,0.7998783,-0.01373474,0.6000006,1.420725,106.2427,359.2709,0.4636275,-0.004521444,-0.8860183,0.0,0.0,0.0,3.289005,0.3069807,-2.239283,-0.2192911,0.3441074,2.061726,-0.2799877,-0.01272019,-0.9599193,0.02024321,0.9996117,-0.01915067,0.9597902,-0.0247938,-0.2796215,moving,-86.58062,-70.59391,-6.071317,9.475472
05/15/2023 12:31:31.628865,1778,True,True,True,True,Eyes,1.088777,-0.00740166,-1.92944,0.9835828,0.1664265,-0.0697651,0.0,0.0,0.0,0.0,0.0,0.0,0.0,-1.457217,-0.05928245,-1.752375,1.263255,7.764995e-05,-1.897893,0.001345362,0.8017541,-0.01307538,0.5975096,1.293517,106.6004,359.2281,0.4661237,-0.00441943,-0.8847081,0.0,0.0,0.0,3.295182,0.2927415,-2.258974,-0.2160065,0.3420243,2.061459,-0.2859611,-0.01346804,-0.9581466,0.01778263,0.9996545,-0.01935875,0.9580762,-0.02257421,-0.2856228,moving,-85.94283,-67.25684,-5.981813,9.420343
05/15/2023 12:31:31.639440,1779,True,True,True,True,Eyes,1.096835,-0.007077598,-1.928107,0.9828269,0.1661237,-0.08033825,0.0,0.0,0.0,0.0,0.0,0.0,0.0,-1.447019,-0.05320971,-1.766762,1.271825,-6.943941e-05,-1.897526,0.0002246089,0.803026,-0.01168683,0.5958293,1.090823,106.8432,359.2226,0.4686738,-0.004311731,-0.8833604,0.0,0.0,0.0,3.299573,0.2913543,-2.277121,-0.2127572,0.3399636,2.061195,-0.2899746,-0.01356597,-0.9569381,0.01428744,0.9997268,-0.01850199,0.9569276,-0.0190373,-0.2897016,moving,-85.32692,-64.19136,-5.893219,9.365772
05/15/2023 12:31:31.658973,1780,True,True,True,True,Eyes,1.104931,-0.006770824,-1.926836,0.9819518,0.1660117,-0.09061314,0.0,0.0,0.0,0.0,0.0,0.0,0.0,-1.439046,-0.04917954,-1.779335,1.280541,-0.0002423227,-1.897241,-0.0009846108,0.8039015,-0.01076388,0.5946643,0.9245178,107.011,359.1757,0.4712706,-0.004199777,-0.8819783,0.0,0.0,0.0,3.30378,0.2942921,-2.292158,-0.2097097,0.3380311,2.060947,-0.2927469,-0.01438485,-0.9560817,0.01121873,0.9997663,-0.01847723,0.9561241,-0.01613518,-0.2925171,moving,-84.72776,-61.37323,-5.81008,9.314568
05/15/2023 12:31:31.679074,1781,True,True,True,True,Eyes,1.113077,-0.006504046,-1.925593,0.9809643,0.1661184,-0.1005674,0.0,0.0,0.0,0.0,0.0,0.0,0.0,-1.431062,-0.04249661,-1.792579,1.289508,-0.0004004389,-1.897434,-0.003074578,0.804833,-0.009238376,0.5934216,0.6429671,107.1905,359.0881,0.4739081,-0.004084788,-0.8805645,0.0,0.0,0.0,3.308364,0.2992883,-2.303288,-0.2063171,0.3358803,2.060671,-0.2956828,-0.01591355,-0.9551537,0.006015462,0.9998104,-0.01851974,0.9552673,-0.01122166,-0.2955309,moving,-84.14655,-58.80947,-5.717474,9.257548
05/15/2023 12:31:31.688918,1782,True,True,True,True,Eyes,1.121259,-0.006284575,-1.92443,0.979894,0.1662666,-0.1102869,0.0,0.0,0.0,0.0,0.0,0.0,0.0,-1.423057,-0.03521308,-1.806023,1.298533,-0.001178026,-1.897857,-0.004883172,0.805788,-0.007752801,0.5921333,0.3845293,107.3761,359.023,0.476582,-0.003968897,-0.8791206,0.0,0.0,0.0,3.313796,0.3032741,-2.311824,-0.2032196,0.3339164,2.060419,-0.2987086,-0.01705099,-0.9541919,0.001311781,0.9998321,-0.0182772,0.9543434,-0.006711251,-0.298636,moving,-83.5784,-56.44314,-5.632877,9.205455
05/15/2023 12:31:31.708825,1783,True,True,True,True,Eyes,1.129485,-0.006106664,-1.923337,0.9787507,0.1663722,-0.1198637,0.0,0.0,0.0,0.0,0.0,0.0,0.0,-1.413736,-0.03408094,-1.820601,1.307577,-0.002107382,-1.898588,-0.0060483,0.8069717,-0.007679331,0.5905094,0.3008529,107.6068,358.921,0.4792868,-0.003854336,-0.8776494,0.0,0.0,0.0,3.318663,0.3115107,-2.32134,-0.2000542,0.3319089,2.060163,-0.3025244,-0.01883104,-0.9529558,-0.0006921815,0.9998089,-0.01953716,0.9531415,-0.005250847,-0.3024796,moving,-83.01798,-54.22894,-5.546374,9.152169
05/15/2023 12:31:31.730582,1784,True,True,True,True,Eyes,1.137756,-0.005967599,-1.922324,0.9775392,0.1664714,-0.1292457,0.0,0.0,0.0,0.0,0.0,0.0,0.0,-1.402632,-0.03582492,-1.836441,1.316779,-0.002925351,-1.899279,-0.006943912,0.8084002,-0.008225872,0.5885348,0.2937066,107.8859,358.8019,0.4820183,-0.003742837,-0.8761528,0.0,0.0,0.0,3.323594,0.3181298,-2.33128,-0.1967795,0.3298324,2.059896,-0.3071572,-0.02090935,-0.9514291,-0.001544495,0.9997683,-0.02147306,0.9516576,-0.005126127,-0.3071183,moving,-82.4683,-52.17482,-5.456842,9.097034
05/15/2023 12:31:31.738960,1785,True,True,True,True,Eyes,1.146073,-0.005865356,-1.921417,0.9762639,0.1665866,-0.1384114,0.0,0.0,0.0,0.0,0.0,0.0,0.0,-1.391761,-0.03616246,-1.852256,1.326121,-0.003735214,-1.900144,-0.007496266,0.8097952,-0.008479077,0.5866036,0.2829254,108.1589,358.7343,0.484772,-0.003635858,-0.8746327,0.0,0.0,0.0,3.329088,0.3185529,-2.343393,-0.1937158,0.3278899,2.059647,-0.3116803,-0.02208859,-0.9499303,-0.002193166,0.9997439,-0.0225273,0.9501846,-0.004937959,-0.3116488,moving,-81.93058,-50.27792,-5.373028,9.04542
05/15/2023 12:31:31.758808,1786,True,True,True,True,Eyes,1.154443,-0.005799296,-1.920612,0.9749205,0.1667629,-0.1473777,0.0,0.0,0.0,0.0,0.0,0.0,0.0,-1.382341,-0.03275285,-1.867309,1.335698,-0.004507989,-1.901228,-0.008162115,0.8109738,-0.00791736,0.5849723,0.1886364,108.3905,358.7107,0.4875434,-0.003534598,-0.8730913,0.0,0.0,0.0,3.33459,0.316228,-2.357571,-0.1904259,0.3258038,2.05938,-0.3154821,-0.02250139,-0.9486649,-0.003975649,0.9997414,-0.02239076,0.9489234,-0.003292321,-0.31549,moving,-81.40375,-48.53118,-5.28298,8.98996
05/15/2023 12:31:31.778867,1787,True,True,True,True,Eyes,1.16286,-0.005766951,-1.919977,0.9735025,0.1670312,-0.1561839,0.0,0.0,0.0,0.0,0.0,0.0,0.0,-1.371962,-0.026625,-1.883559,1.345335,-0.005320206,-1.902847,-0.008171702,0.8123728,-0.006796373,0.5830417,0.08671665,108.6649,358.7851,0.4903293,-0.003440083,-0.8715301,0.0,0.0,0.0,3.34032,0.3139438,-2.371282,-0.1872547,0.3237936,2.059121,-0.3199913,-0.02120207,-0.9471833,-0.005351798,0.9997741,-0.02057126,0.9474054,-0.00151349,-0.3200325,moving,-80.88542,-46.92215,-5.196137,8.936493
05/15/2023 12:31:31.789063,1788,True,True,True,True,Eyes,1.171341,-0.005794995,-1.919445,0.9719915,0.1674622,-0.1648903,0.0,0.0,0.0,0.0,0.0,0.0,0.0,-1.358809,-0.01615062,-1.902254,1.355375,-0.006073818,-1.904761,-0.00923525,0.8141947,-0.004744738,0.5804989,359.8283,109.0261,358.8226,0.4931247,-0.003353139,-0.8699519,0.0,0.0,0.0,3.346152,0.3144787,-2.383455,-0.1839673,0.3217087,2.058854,-0.3258714,-0.02054722,-0.9451907,-0.009529956,0.9997844,-0.01844839,0.945366,0.002995823,-0.325997,moving,-80.37191,-45.44337,-5.10606,8.881008
05/15/2023 12:31:31.809028,1789,True,True,True,True,Eyes,1.179875,-0.005915861,-1.919046,0.9704418,0.1677327,-0.173518,0.0,0.0,0.0,0.0,0.0,0.0,0.0,-1.344197,-0.006317016,-1.921583,1.365366,-0.007593408,-1.906594,-0.01075522,0.8161826,-0.003025234,0.5776863,359.571,109.4235,358.7937,0.4959269,-0.003275685,-0.8683578,0.0,0.0,0.0,3.351871,0.3151373,-2.396835,-0.1809705,0.3198085,2.05861,-0.3323263,-0.02105172,-0.9429298,-0.01406117,0.9997504,-0.01736457,0.9430599,0.007487999,-0.3325393,moving,-79.86246,-44.02874,-5.023906,8.83041
05/15/2023 12:31:31.828944,1790,True,True,True,True,Eyes,1.188467,-0.006081772,-1.918754,0.968881,0.1677337,-0.1820301,0.0,0.0,0.0,0.0,0.0,0.0,0.0,-1.330595,-0.004963879,-1.940128,1.375492,-0.009892479,-1.908541,-0.01046428,0.8179872,-0.003279604,0.5751319,359.6178,109.7814,358.8029,0.4987328,-0.003210869,-0.8667496,0.0,0.0,0.0,3.356161,0.321441,-2.413633,-0.1777473,0.3177647,2.058347,-0.3382277,-0.02089171,-0.9408326,-0.01334689,0.9997595,-0.01740203,0.9409699,0.006671336,-0.3384252,moving,-79.3595,-42.65937,-4.935499,8.77596
05/15/2023 12:31:31.838998,1791,True,True,True,True,Eyes,1.197135,-0.00627081,-1.918582,0.9672717,0.1675899,-0.1905228,0.0,0.0,0.0,0.0,0.0,0.0,0.0,-1.317775,-0.01626039,-1.958005,1.385454,-0.01108198,-1.910753,-0.008699926,0.8196685,-0.005945186,0.5727411,359.9874,110.1125,358.7926,0.5015402,-0.003159386,-0.8651283,0.0,0.0,0.0,3.359831,0.3271461,-2.43189,-0.1745428,0.315733,2.058087,-0.3437837,-0.02107222,-0.9388123,-0.007452006,0.9997779,-0.01971177,0.9390192,0.0002194459,-0.3438644,moving,-78.85713,-41.33588,-4.847554,8.721797
05/15/2023 12:31:31.859162,1792,True,True,True,True,Eyes,1.205871,-0.006500543,-1.918519,0.9655721,0.1675545,-0.1989877,0.0,0.0,0.0,0.0,0.0,0.0,0.0,-1.301619,-0.01686439,-1.978705,1.395961,-0.01180434,-1.913354,-0.00907254,0.8218324,-0.006273495,0.5696226,-0.001393839,110.5474,358.736,0.5043473,-0.003120882,-0.8634951,0.0,0.0,0.0,3.365591,0.3210124,-2.449259,-0.1712956,0.3136733,2.057824,-0.3508955,-0.02205926,-0.9361548,-0.007765166,0.9997567,-0.02064737,0.9363825,2.432917e-05,-0.3509814,moving,-78.35535,-40.09853,-4.758395,8.666861
05/15/2023 12:31:31.879572,1793,True,True,True,True,Eyes,1.214676,-0.006776669,-1.918561,0.9638309,0.1673777,-0.2073994,0.0,0.0,0.0,0.0,0.0,0.0,0.0,-1.283694,-0.01154818,-2.000074,1.406362,-0.01303779,-1.915796,-0.01039153,0.8241935,-0.005500259,0.5661861,359.8453,111.027,358.6616,0.5071522,-0.003095807,-0.8618507,0.0,0.0,0.0,3.372927,0.3043548,-2.466789,-0.1678939,0.3115166,2.057546,-0.3586505,-0.02335761,-0.9331795,-0.01090092,0.9997235,-0.02083364,0.9334082,0.002700526,-0.358806,moving,-77.85614,-38.90461,-4.66495,8.609311
05/15/2023 12:31:31.888870,1794,True,True,True,True,Eyes,1.22356,-0.007082842,-1.918703,0.9620282,0.1672321,-0.21572,0.0,0.0,0.0,0.0,0.0,0.0,0.0,-1.267258,-0.01574766,-2.020013,1.416917,-0.01439436,-1.918015,-0.01083721,0.8262407,-0.006735976,0.5631727,359.9384,111.4434,358.5391,0.5099536,-0.003084803,-0.8601962,0.0,0.0,0.0,3.377856,0.3014504,-2.487416,-0.1649369,0.3096417,2.057304,-0.3654383,-0.02549533,-0.9304864,-0.01032126,0.9996743,-0.02333752,0.9307783,0.001075368,-0.3655823,moving,-77.36137,-37.78383,-4.583677,8.559254
05/15/2023 12:31:31.909234,1795,True,True,True,True,Eyes,1.232517,-0.007434659,-1.918954,0.9601723,0.1671201,-0.2239197,0.0,0.0,0.0,0.0,0.0,0.0,0.0,-1.252758,-0.01589837,-2.038921,1.427689,-0.01543391,-1.920499,-0.01215008,0.8280051,-0.007089096,0.5605441,359.8922,111.807,358.3916,0.5127506,-0.003087715,-0.8585319,0.0,0.0,0.0,3.381062,0.3037974,-2.509389,-0.1616986,0.3075883,2.057041,-0.3712853,-0.02806815,-0.9280944,-0.01217315,0.9996042,-0.02536092,0.928439,0.001881692,-0.3714801,moving,-76.8728,-36.73543,-4.494627,8.504396
05/15/2023 12:31:31.928983,1796,True,True,True,True,Eyes,1.241547,-0.007822536,-1.919305,0.9582699,0.166991,-0.2320193,0.0,0.0,0.0,0.0,0.0,0.0,0.0,-1.238598,-0.01271216,-2.057559,1.438499,-0.01688531,-1.923089,-0.01353126,0.82971,-0.006848689,0.5579889,359.7859,112.1607,358.2753,0.5155417,-0.003105076,-0.8568587,0.0,0.0,0.0,3.38602,0.2972092,-2.529734,-0.1583336,0.3054545,2.056768,-0.3769309,-0.03009702,-0.9257524,-0.01481105,0.99954,-0.02646543,0.9261231,0.003735733,-0.3772032,moving,-76.3893,-35.74365,-4.402048,8.447362
05/15/2023 12:31:31.938733,1797,True,True,True,True,Eyes,1.241547,-0.007822536,-1.919305,0.9582699,0.166991,-0.2320193,0.0,0.0,0.0,0.0,0.0,0.0,0.0,-1.224562,-0.01372768,-2.075983,1.4493,-0.01813781,-1.925785,-0.01410607,0.8313745,-0.007412306,0.5554841,359.8083,112.5052,358.184,0.5183263,-0.003136932,-0.855177,0.0,0.0,0.0,3.391014,0.2962121,-2.548012,-0.1553091,0.3035372,2.056522,-0.382477,-0.03168968,-0.9234214,-0.01522001,0.9994922,-0.02799619,0.9238397,0.003346586,-0.3827651,moving,-76.3893,-35.74365,-4.318794,8.396085
05/15/2023 12:31:31.959024,1798,True,True,True,True,Eyes,1.241547,-0.007822536,-1.919305,0.9582699,0.166991,-0.2320193,0.0,0.0,0.0,0.0,0.0,0.0,0.0,-1.210148,-0.009804253,-2.094816,1.460567,-0.01932181,-1.928516,-0.0154041,0.8330461,-0.006989442,0.5529452,359.6912,112.8557,358.0863,0.5208277,-0.003165573,-0.8536558,0.0,0.0,0.0,3.395725,0.2967525,-2.565871,-0.1521226,0.3015164,2.056263,-0.3880289,-0.03339421,-0.9210422,-0.01793509,0.9994277,-0.0286803,0.9214729,0.005390193,-0.3884059,moving,-76.3893,-35.74365,-4.231039,8.342013
05/15/2023 12:31:31.978939,1799,True,True,True,True,Eyes,1.25149,-0.008369209,-1.920125,0.9572812,0.1670011,-0.236058,0.0,0.0,0.0,0.0,0.0,0.0,0.0,-1.197391,-0.003030449,-2.112307,1.471602,-0.02077018,-1.931206,-0.01671846,0.8344852,-0.006045645,0.5507435,359.523,113.1602,358.0193,0.5230752,-0.003191327,-0.8522804,0.0,0.0,0.0,3.40107,0.2927256,-2.583711,-0.1488152,0.299419,2.055995,-0.3928044,-0.03456181,-0.9189723,-0.02124341,0.9993679,-0.02850516,0.9193766,0.00832516,-0.3932902,moving,-76.14767,-35.2778,-4.139912,8.28586
05/15/2023 12:31:31.989212,1800,True,True,True,True,Eyes,1.261479,-0.008933194,-1.921019,0.9562763,0.1670305,-0.2400757,0.0,0.0,0.0,0.0,0.0,0.0,0.0,-1.185852,-0.001228422,-2.12913,1.482852,-0.0223012,-1.933933,-0.01737409,0.8357287,-0.006109796,0.5488338,359.4924,113.4222,357.9514,0.5253882,-0.003237457,-0.8508562,0.0,0.0,0.0,3.406069,0.2938855,-2.60133,-0.1456807,0.2974318,2.05574,-0.3969594,-0.03574657,-0.9171399,-0.02233353,0.9993216,-0.02928324,0.9175646,0.008858713,-0.3974885,moving,-75.90701,-34.82791,-4.053508,8.232629
05/15/2023 12:31:32.009080,1801,True,True,True,True,Eyes,1.271561,-0.009493831,-1.921894,0.9552636,0.1670349,-0.2440713,0.0,0.0,0.0,0.0,0.0,0.0,0.0,-1.176242,-0.0003647693,-2.144627,1.493971,-0.02328128,-1.936615,-0.01803642,0.8367031,-0.006251873,0.5473241,359.4682,113.6289,357.878,0.5277579,-0.003302534,-0.8493882,0.0,0.0,0.0,3.411027,0.2964433,-2.617141,-0.1424224,0.2953656,2.055475,-0.400222,-0.03702587,-0.9156699,-0.02333866,0.9992712,-0.03020547,0.916121,0.009281619,-0.4007945,moving,-75.66747,-34.38654,-3.963651,8.177258
05/15/2023 12:31:32.028949,1802,True,True,True,True,Eyes,1.281685,-0.01001587,-1.92285,0.9542542,0.1669931,-0.2480169,0.0,0.0,0.0,0.0,0.0,0.0,0.0,-1.166925,4.206225e-05,-2.160018,1.505263,-0.02386284,-1.939332,-0.01838926,0.8376226,-0.006385065,0.5459025,359.4625,113.8233,357.8349,0.5301794,-0.003384382,-0.8478786,0.0,0.0,0.0,3.41739,0.2940677,-2.631698,-0.139294,0.293382,2.05522,-0.4033047,-0.03777776,-0.9142856,-0.02383527,0.9992421,-0.03077403,0.9147553,0.009380936,-0.4038994,moving,-75.4308,-33.9529,-3.877332,8.124068
05/15/2023 12:31:32.038926,1803,True,True,True,True,Eyes,1.291857,-0.01043926,-1.923867,0.9532384,0.1668304,-0.2520002,0.0,0.0,0.0,0.0,0.0,0.0,0.0,-1.158981,-0.003644839,-2.174612,1.516406,-0.02344771,-1.942203,-0.01845657,0.8383706,-0.007119688,0.5447417,359.5319,113.9805,357.7818,0.5326447,-0.003479495,-0.8463317,0.0,0.0,0.0,3.424234,0.2919773,-2.644408,-0.1361021,0.2913583,2.054961,-0.4058319,-0.03870367,-0.913128,-0.02319011,0.9992173,-0.032046,0.9136537,0.008170253,-0.4064118,moving,-75.19192,-33.50554,-3.789224,8.069774
05/15/2023 12:31:32.058992,1804,True,True,True,True,Eyes,1.302066,-0.01067475,-1.924974,0.9521875,0.1666746,-0.256044,0.0,0.0,0.0,0.0,0.0,0.0,0.0,-1.149175,-0.0118185,-2.190213,1.527453,-0.02151646,-1.9453,-0.01845666,0.8393514,-0.008453971,0.5432102,359.6642,114.1866,357.6979,0.535148,-0.003582174,-0.8447506,0.0,0.0,0.0,3.431552,0.2895976,-2.656546,-0.1329843,0.2893808,2.054706,-0.4091643,-0.04016782,-0.9115764,-0.02179868,0.9991758,-0.03424339,0.9122006,0.005859989,-0.4097027,moving,-74.94914,-33.06256,-3.703121,8.016698
05/15/2023 12:31:32.078934,1805,True,True,True,True,Eyes,1.312335,-0.01083724,-1.926193,0.9509785,0.1670673,-0.2602469,0.0,0.0,0.0,0.0,0.0,0.0,0.0,-1.135468,-0.01959261,-2.207803,1.538548,-0.01724312,-1.948496,-0.01977376,0.8407779,-0.009369174,0.5409379,359.677,114.4943,357.5133,0.5376818,-0.003683435,-0.8431396,0.0,0.0,0.0,3.43939,0.2853796,-2.667991,-0.1296239,0.28725,2.054433,-0.4139904,-0.04338697,-0.9092467,-0.02311441,0.9990424,-0.03714754,0.9099877,0.005637967,-0.4145969,moving,-74.69503,-32.69872,-3.610276,7.95947
05/15/2023 12:31:32.088953,1806,True,True,True,True,Eyes,1.322606,-0.01101668,-1.927455,0.9497641,0.1673176,-0.2644863,0.0,0.0,0.0,0.0,0.0,0.0,0.0,-1.114573,0.005621709,-2.229663,1.550549,-0.01575865,-1.95173,-0.02464231,0.8430664,-0.004613192,0.5372249,358.9286,115.0121,357.3339,0.5402406,-0.003780217,-0.8415018,0.0,0.0,0.0,3.446852,0.2806849,-2.681296,-0.1265721,0.285315,2.054186,-0.4215642,-0.04650686,-0.905605,-0.03659357,0.9987429,-0.03425538,0.9060597,0.01869847,-0.4227362,moving,-74.43877,-32.31799,-3.525916,7.907472
05/15/2023 12:31:32.109144,1807,True,True,True,True,Eyes,1.332895,-0.01111437,-1.928762,0.9486416,0.1669314,-0.2687247,0.0,0.0,0.0,0.0,0.0,0.0,0.0,-1.098813,0.004423521,-2.246619,1.560924,-0.01631725,-1.953959,-0.02233104,0.8447056,-0.004848406,0.5347434,359.1009,115.3474,357.5403,0.5428187,-0.00387364,-0.8398407,0.0,0.0,0.0,3.452114,0.2826926,-2.698409,-0.1233552,0.283275,2.053924,-0.427102,-0.04291161,-0.9031849,-0.032541,0.9989557,-0.0320737,0.903618,0.0156918,-0.4280523,moving,-74.184,-31.84849,-3.436959,7.852632
05/15/2023 12:31:32.129218,1808,True,True,True,True,Eyes,1.343203,-0.01110826,-1.930122,0.94748,0.1667113,-0.2729265,0.0,0.0,0.0,0.0,0.0,0.0,0.0,-1.087563,-0.02873425,-2.261366,1.57167,-0.01431033,-1.956284,-0.01818835,0.8456838,-0.01071858,0.5332666,359.9273,115.5326,357.5817,0.5454116,-0.003960509,-0.8381587,0.0,0.0,0.0,3.451596,0.3090428,-2.720808,-0.120038,0.2811721,2.053653,-0.4305917,-0.04219489,-0.9015598,-0.01933146,0.9991086,-0.03752752,0.9023396,0.001269422,-0.4310236,moving,-73.93069,-31.41778,-3.345187,7.796073
05/15/2023 12:31:32.139166,1809,True,True,True,True,Eyes,1.353498,-0.01105846,-1.931561,0.9463269,0.1664209,-0.2770728,0.0,0.0,0.0,0.0,0.0,0.0,0.0,-1.077109,-0.02380242,-2.276114,1.582442,-0.01184677,-1.958868,-0.01983033,0.8466263,-0.009492947,0.5317336,359.7127,115.7436,357.4969,0.5480151,-0.004037029,-0.8364584,0.0,0.0,0.0,3.457267,0.2998287,-2.73627,-0.1169261,0.2791985,2.053401,-0.4337323,-0.0436732,-0.8999828,-0.02348233,0.9990333,-0.03716287,0.9007357,0.005014954,-0.4343386,moving,-73.68062,-30.9907,-3.259056,7.742958
05/15/2023 12:31:32.164266,1810,True,True,True,True,Eyes,1.363796,-0.01097577,-1.933017,0.945197,0.1659446,-0.2811851,0.0,0.0,0.0,0.0,0.0,0.0,0.0,-1.064992,-0.02705534,-2.291013,1.592968,-0.01067504,-1.961128,-0.02030693,0.8477122,-0.01004343,0.5299725,359.7424,115.9802,357.4165,0.5506235,-0.004102367,-0.8347433,0.0,0.0,0.0,3.467937,0.2700531,-2.749062,-0.1137794,0.2772034,2.053144,-0.4374335,-0.04507434,-0.8981203,-0.02378338,0.9989735,-0.03855209,0.8989361,0.004496353,-0.4380566,moving,-73.43288,-30.54747,-3.171925,7.689239
05/15/2023 12:31:32.180150,1811,True,True,True,True,Eyes,1.374084,-0.01084581,-1.934493,0.9440974,0.1653304,-0.285212,0.0,0.0,0.0,0.0,0.0,0.0,0.0,-1.054504,-0.04036214,-2.304458,1.603349,-0.009755746,-1.962986,-0.01947203,0.8485389,-0.01246979,0.5286275,0.03296186,116.1546,357.3503,0.5532341,-0.004156269,-0.8330151,0.0,0.0,0.0,3.47296,0.2780668,-2.761369,-0.1104031,0.2750628,2.052869,-0.4403475,-0.0462293,-0.8966363,-0.01986181,0.9989307,-0.0417491,0.8976075,-0.000575295,-0.4407949,moving,-73.19043,-30.09982,-3.078397,7.631578
05/15/2023 12:31:32.189398,1812,True,True,True,True,Eyes,1.384372,-0.01065835,-1.935985,0.9430159,0.164737,-0.2891069,0.0,0.0,0.0,0.0,0.0,0.0,0.0,-1.047993,-0.04774249,-2.315863,1.613535,-0.008452147,-1.964745,-0.01897716,0.848921,-0.01365161,0.5280027,0.1798111,116.2351,357.3269,0.5558438,-0.00419791,-0.8312757,0.0,0.0,0.0,3.478629,0.2762714,-2.774368,-0.1073971,0.2731566,2.052624,-0.4417063,-0.04663638,-0.895947,-0.01780404,0.998907,-0.04321826,0.8969833,-0.003138291,-0.4420538,moving,-72.95567,-29.67507,-2.995091,7.580199
05/15/2023 12:31:32.208964,1813,True,True,True,True,Eyes,1.394669,-0.01042051,-1.937501,0.9420155,0.1641562,-0.2926764,0.0,0.0,0.0,0.0,0.0,0.0,0.0,-1.0432,-0.0499664,-2.326686,1.623784,-0.006883293,-1.966598,-0.01923369,0.8491212,-0.01384466,0.5276663,0.1841288,116.2798,357.2904,0.55845,-0.004226129,-0.829527,0.0,0.0,0.0,3.486082,0.2647405,-2.785522,-0.1042299,0.2711484,2.052367,-0.4423968,-0.04727418,-0.8955727,-0.01805274,0.9988768,-0.04380952,0.8966377,-0.003213649,-0.4427533,moving,-72.74042,-29.28716,-2.907282,7.526046
05/15/2023 12:31:32.228809,1814,True,True,True,True,Eyes,1.404969,-0.01016425,-1.939034,0.9409761,0.1638506,-0.2961703,0.0,0.0,0.0,0.0,0.0,0.0,0.0,-1.037377,-0.03889801,-2.338638,1.634356,-0.005472764,-1.968689,-0.02114502,0.8494761,-0.01168127,0.5270742,359.86,116.3667,357.2351,0.561051,-0.004240206,-0.8277699,0.0,0.0,0.0,3.494043,0.2586027,-2.793051,-0.1009681,0.2690803,2.052102,-0.4434919,-0.04823816,-0.8949795,-0.02361058,0.9988329,-0.0421359,0.8959675,0.002444071,-0.4441132,moving,-72.52872,-28.95272,-2.816812,7.470244
05/15/2023 12:31:32.239071,1815,True,True,True,True,Eyes,1.415281,-0.009920651,-1.940559,0.9399468,0.1635215,-0.299601,0.0,0.0,0.0,0.0,0.0,0.0,0.0,-1.0297,-0.02421074,-2.351104,1.644733,-0.004832089,-1.970631,-0.02291913,0.8500433,-0.008974101,0.5261377,359.4923,116.5011,357.2253,0.5636444,-0.004240846,-0.8260062,0.0,0.0,0.0,3.501975,0.2578956,-2.799199,-0.09776855,0.2670508,2.051842,-0.4453081,-0.04840773,-0.8940682,-0.02952128,0.9987884,-0.03937398,0.8948908,0.008860491,-0.4461976,moving,-72.32071,-28.6256,-2.728032,7.415461
05/15/2023 12:31:32.259617,1816,True,True,True,True,Eyes,1.425579,-0.009677405,-1.942089,0.9389495,0.1630132,-0.3029859,0.0,0.0,0.0,0.0,0.0,0.0,0.0,-1.019906,-0.01495367,-2.364232,1.655092,-0.004947037,-1.972477,-0.02348196,0.8508282,-0.007343703,0.5248677,359.3036,116.6765,357.2676,0.5662296,-0.00422999,-0.8242362,0.0,0.0,0.0,3.508193,0.2688203,-2.806348,-0.09457493,0.265026,2.051582,-0.4479252,-0.04766717,-0.8927996,-0.03224928,0.9987893,-0.0371463,0.8934894,0.01215338,-0.4489202,moving,-72.11584,-28.28124,-2.639383,7.360778
05/15/2023 12:31:32.278665,1817,True,True,True,True,Eyes,1.435854,-0.009372488,-1.943649,0.9380211,0.1620568,-0.3063563,0.0,0.0,0.0,0.0,0.0,0.0,0.0,-1.010513,-0.02348586,-2.376525,1.665066,-0.004671842,-1.974105,-0.02127737,0.8515435,-0.008712457,0.5237796,359.5731,116.8188,357.3999,0.568805,-0.004208867,-0.8224612,0.0,0.0,0.0,3.513427,0.2805256,-2.814489,-0.0914923,0.2630717,2.051333,-0.4504045,-0.04536403,-0.8916716,-0.0271104,0.9989427,-0.03712738,0.892413,0.007451235,-0.451158,moving,-71.91304,-27.87802,-2.553779,7.307966
05/15/2023 12:31:32.289040,1818,True,True,True,True,Eyes,1.446131,-0.009069473,-1.945221,0.9370345,0.1612839,-0.3097642,0.0,0.0,0.0,0.0,0.0,0.0,0.0,-0.9994284,-0.04321574,-2.389409,1.675047,-0.002768159,-1.975907,-0.01878448,0.8524036,-0.01188642,0.5224119,0.03653063,116.9935,357.4528,0.571368,-0.004176012,-0.8206829,0.0,0.0,0.0,3.518832,0.2849142,-2.824116,-0.08829039,0.2610413,2.051073,-0.4534664,-0.04444312,-0.8901649,-0.0196047,0.9990117,-0.03989052,0.891058,-0.0006375851,-0.4538895,moving,-71.70718,-27.50449,-2.46483,7.253076
05/15/2023 12:31:32.313659,1819,True,True,True,True,Eyes,1.456369,-0.008804927,-1.946791,0.9360814,0.1600671,-0.3132573,0.0,0.0,0.0,0.0,0.0,0.0,0.0,-0.9843369,-0.03202022,-2.404585,1.685379,-0.002546698,-1.977741,-0.01909766,0.8537532,-0.009789295,0.5202356,359.8192,117.2917,357.5473,0.573918,-0.004132756,-0.818902,0.0,0.0,0.0,3.526536,0.2732031,-2.833094,-0.0850842,0.259008,2.050811,-0.4579807,-0.04279486,-0.8879317,-0.0224239,0.9990789,-0.03658585,0.8886795,0.003155282,-0.4585185,moving,-71.49731,-27.06597,-2.375729,7.198084
05/15/2023 12:31:32.328809,1820,True,True,True,True,Eyes,1.466592,-0.008514232,-1.94837,0.9351619,0.1585219,-0.3167693,0.0,0.0,0.0,0.0,0.0,0.0,0.0,-0.9720278,-0.04728045,-2.417097,1.694717,-0.003108203,-1.97923,-0.01499016,0.8547721,-0.01226116,0.5186424,0.3100817,117.4986,357.8024,0.5764529,-0.004081804,-0.8171198,0.0,0.0,0.0,3.534263,0.2562414,-2.844048,-0.08181429,0.2569349,2.050545,-0.461571,-0.03834465,-0.8862744,-0.01290803,0.9992499,-0.03651005,0.8870096,-0.005411919,-0.4617197,moving,-71.28712,-26.58491,-2.284821,7.141983
05/15/2023 12:31:32.338934,1821,True,True,True,True,Eyes,1.476813,-0.008208579,-1.949964,0.9341527,0.1571166,-0.3204266,0.0,0.0,0.0,0.0,0.0,0.0,0.0,-0.9587919,-0.06888047,-2.430231,1.704603,-0.002107933,-1.981002,-0.01173103,0.8558199,-0.01575578,0.516901,0.8503386,117.722,357.9156,0.5789714,-0.004022929,-0.8153375,0.0,0.0,0.0,3.537718,0.2619644,-2.857348,-0.07862419,0.254912,2.050286,-0.4653519,-0.03636765,-0.8843785,-0.003790942,0.9992282,-0.03909578,0.8851178,-0.01484066,-0.4651307,moving,-71.06736,-26.12036,-2.196097,7.087213
05/15/2023 12:31:32.358610,1822,True,True,True,True,Eyes,1.487015,-0.007932361,-1.951567,0.933111,0.1556984,-0.3241326,0.0,0.0,0.0,0.0,0.0,0.0,0.0,-0.9444479,-0.0609762,-2.444842,1.714686,-0.001463562,-1.98313,-0.01198252,0.8570734,-0.01417011,0.5148599,0.6847588,117.9999,357.9866,0.5814734,-0.003956378,-0.8135554,0.0,0.0,0.0,3.544647,0.241369,-2.86817,-0.07540345,0.2528701,2.050024,-0.4695512,-0.03513103,-0.8822058,-0.005948554,0.9993112,-0.03662828,0.882885,-0.01195101,-0.4694368,moving,-70.84443,-25.65748,-2.106489,7.031904
05/15/2023 12:31:32.378818,1823,True,True,True,True,Eyes,1.497207,-0.007691781,-1.953177,0.9320232,0.1541997,-0.3279562,0.0,0.0,0.0,0.0,0.0,0.0,0.0,-0.9282246,-0.06330963,-2.459285,1.72446,-0.001879841,-1.984925,-0.01112471,0.8584585,-0.01458535,0.5125551,0.7814111,118.3068,358.0484,0.5839575,-0.0038842,-0.8117746,0.0,0.0,0.0,3.55153,0.2207404,-2.880367,-0.07219607,0.2508361,2.049763,-0.4743271,-0.03405179,-0.8796899,-0.004148618,0.999327,-0.03644588,0.880339,-0.01363777,-0.4741492,moving,-70.61427,-25.18216,-2.017219,6.976783
05/15/2023 12:31:32.389086,1824,True,True,True,True,Eyes,1.507381,-0.007475586,-1.954801,0.930907,0.1526357,-0.3318353,0.0,0.0,0.0,0.0,0.0,0.0,0.0,-0.9118601,-0.07158995,-2.473625,1.734345,-0.00245361,-1.986826,-0.009863213,0.8598197,-0.01609174,0.510249,1.008836,118.6102,358.0867,0.5864233,-0.003808478,-0.8099954,0.0,0.0,0.0,3.555105,0.2251382,-2.893442,-0.0690496,0.2488411,2.049505,-0.4790973,-0.03338275,-0.8771268,-0.0005395728,0.9992875,-0.03773738,0.8777617,-0.0176066,-0.478774,moving,-70.38065,-24.70122,-1.929615,6.922695
05/15/2023 12:31:32.409105,1825,True,True,True,True,Eyes,1.51756,-0.00729148,-1.956416,0.9297312,0.1510699,-0.335824,0.0,0.0,0.0,0.0,0.0,0.0,0.0,-0.8948389,-0.07852164,-2.487995,1.744144,-0.002794579,-1.988712,-0.008963563,0.8612303,-0.01734418,0.5078399,1.19015,118.9273,358.1053,0.5888702,-0.003730613,-0.8082187,0.0,0.0,0.0,3.558721,0.2190881,-2.907607,-0.06588984,0.2468376,2.049248,-0.4840365,-0.03305551,-0.8744231,0.002176746,0.9992377,-0.03897876,0.8750449,-0.02077055,-0.4835955,moving,-70.14001,-24.22053,-1.841607,6.868346
05/15/2023 12:31:32.429091,1826,True,True,True,True,Eyes,1.527726,-0.007146577,-1.958047,0.9284995,0.1495126,-0.3399038,0.0,0.0,0.0,0.0,0.0,0.0,0.0,-0.8764083,-0.08412364,-2.502984,1.754085,-0.003367186,-1.990796,-0.0082193,0.8627758,-0.01840296,0.5051849,1.343751,119.2771,358.1212,0.5912981,-0.003652178,-0.8064445,0.0,0.0,0.0,3.562694,0.2081047,-2.922193,-0.0625506,0.2447201,2.048977,-0.4894414,-0.03277662,-0.8714201,0.00441097,0.9991875,-0.04005979,0.8720252,-0.02345072,-0.4888992,moving,-69.8934,-23.74313,-1.748567,6.810873
05/15/2023 12:31:32.439159,1827,True,True,True,True,Eyes,1.537899,-0.007044438,-1.959678,0.9271945,0.148071,-0.3440717,0.0,0.0,0.0,0.0,0.0,0.0,0.0,-0.8560569,-0.08650772,-2.518376,1.763966,-0.004150808,-1.992721,-0.007915474,0.8644873,-0.0189665,0.5022345,1.423473,119.6667,358.1234,0.5937064,-0.00357486,-0.8046735,0.0,0.0,0.0,3.566161,0.1991711,-2.936963,-0.05942684,0.2427394,2.048722,-0.4953958,-0.03273691,-0.8680505,0.005365605,0.9991552,-0.04074344,0.868651,-0.02484174,-0.4948016,moving,-69.64066,-23.2846,-1.661501,6.757094
05/15/2023 12:31:32.458863,1828,True,True,True,True,Eyes,1.548066,-0.006996654,-1.961319,0.9258331,0.1466306,-0.3483282,0.0,0.0,0.0,0.0,0.0,0.0,0.0,-0.8348119,-0.08793932,-2.534157,1.774076,-0.005083144,-1.9948,-0.00804501,0.8662586,-0.01946097,0.4991521,1.471809,120.073,358.0873,0.5960957,-0.003500293,-0.8029055,0.0,0.0,0.0,3.569028,0.1910135,-2.952858,-0.05631894,0.2407685,2.048469,-0.5015651,-0.03336608,-0.8644763,0.005489845,0.9991131,-0.04174782,0.8651026,-0.02568509,-0.5009371,moving,-69.38209,-22.82891,-1.574847,6.70355
05/15/2023 12:31:32.479249,1829,True,True,True,True,Eyes,1.558264,-0.006996995,-1.962944,0.9244332,0.1452185,-0.3526113,0.0,0.0,0.0,0.0,0.0,0.0,0.0,-0.8137778,-0.0910289,-2.549332,1.784134,-0.00632681,-1.996608,-0.008148039,0.8679506,-0.02032724,0.4961677,1.558666,120.464,358.0327,0.5984656,-0.003430407,-0.8011409,0.0,0.0,0.0,3.570654,0.1851423,-2.96992,-0.05296445,0.2386416,2.048198,-0.5075026,-0.03431563,-0.8609667,0.006027252,0.9990408,-0.04337167,0.8616292,-0.02720049,-0.5068089,moving,-69.12139,-22.38369,-1.481284,6.645736
05/15/2023 12:31:32.489149,1830,True,True,True,True,Eyes,1.568463,-0.007052679,-1.964575,0.9229752,0.143782,-0.3569924,0.0,0.0,0.0,0.0,0.0,0.0,0.0,-0.7922345,-0.09700661,-2.564779,1.794567,-0.007502198,-1.998651,-0.008407312,0.8696446,-0.02176267,0.493127,1.6939,120.8591,357.9311,0.6008171,-0.003366675,-0.7993792,0.0,0.0,0.0,3.572061,0.1804371,-2.987475,-0.04985267,0.2366684,2.047945,-0.5135103,-0.03608626,-0.8573245,0.006840779,0.9989114,-0.04614332,0.8580564,-0.02955983,-0.5127044,moving,-68.8543,-21.93757,-1.394463,6.59208
05/15/2023 12:31:32.508974,1831,True,True,True,True,Eyes,1.57869,-0.007163524,-1.96618,0.9214058,0.1422228,-0.3616408,0.0,0.0,0.0,0.0,0.0,0.0,0.0,-0.7700801,-0.1030172,-2.579791,1.804808,-0.008869991,-2.000386,-0.009030878,0.8713424,-0.02332586,0.4900376,1.822237,121.2585,357.7868,0.6031501,-0.003310682,-0.7976204,0.0,0.0,0.0,3.57356,0.1739821,-3.004412,-0.04664052,0.2346314,2.047682,-0.5195632,-0.03859907,-0.8535598,0.007123121,0.9987487,-0.04950055,0.8544024,-0.03179867,-0.5186381,moving,-68.57059,-21.46827,-1.304813,6.536667
05/15/2023 12:31:32.528703,1832,True,True,True,True,Eyes,1.588933,-0.007326633,-1.967791,0.9197559,0.1406812,-0.3664122,0.0,0.0,0.0,0.0,0.0,0.0,0.0,-0.7463105,-0.1117147,-2.595045,1.815225,-0.01031466,-2.00214,-0.009552438,0.8731368,-0.02539795,0.4867196,2.008803,121.6845,357.6255,0.6054661,-0.003263833,-0.7958639,0.0,0.0,0.0,3.575293,0.1659205,-3.021832,-0.04348093,0.2326284,2.047426,-0.526026,-0.04140453,-0.8494604,0.008042186,0.9985274,-0.05365048,0.8504307,-0.03505305,-0.5249184,moving,-68.27866,-21.00391,-1.2166,6.482144
05/15/2023 12:31:32.539606,1833,True,True,True,True,Eyes,1.599205,-0.007572677,-1.969397,0.9179977,0.1391319,-0.3713791,0.0,0.0,0.0,0.0,0.0,0.0,0.0,-0.7204964,-0.1154468,-2.610881,1.825854,-0.01172757,-2.003812,-0.01061329,0.8750912,-0.02665847,0.4831068,2.086169,122.1506,357.4574,0.6077656,-0.003227247,-0.7941096,0.0,0.0,0.0,3.576428,0.1578377,-3.039228,-0.04018974,0.2305418,2.047158,-0.5329905,-0.04433297,-0.8449591,0.007182575,0.9983534,-0.05691188,0.8460909,-0.03640246,-0.5317944,moving,-67.97404,-20.53774,-1.124684,6.425322
05/15/2023 12:31:32.559194,1834,True,True,True,True,Eyes,1.609492,-0.007889759,-1.970999,0.9161631,0.1374476,-0.3765014,0.0,0.0,0.0,0.0,0.0,0.0,0.0,-0.6933483,-0.1113301,-2.62727,1.836624,-0.01399297,-2.005564,-0.01205145,0.8771756,-0.02670256,0.4792753,2.022602,122.6496,357.3195,0.6100488,-0.003203139,-0.7923572,0.0,0.0,0.0,3.57733,0.1477169,-3.057347,-0.03710032,0.2285824,2.046907,-0.5403,-0.04673823,-0.8401736,0.004453275,0.9982834,-0.05839758,0.8414609,-0.03529373,-0.5391644,moving,-67.65956,-20.05538,-1.038376,6.371942
05/15/2023 12:31:32.579381,1835,True,True,True,True,Eyes,1.619814,-0.008236793,-1.972598,0.9142196,0.1356021,-0.3818569,0.0,0.0,0.0,0.0,0.0,0.0,0.0,-0.6636428,-0.1240927,-2.642888,1.847276,-0.0159764,-2.006986,-0.01213631,0.8793387,-0.02957781,0.4751225,2.320274,123.1762,357.1632,0.6123161,-0.003192992,-0.7906064,0.0,0.0,0.0,3.577213,0.1414687,-3.076438,-0.03392434,0.2265685,2.046649,-0.5482227,-0.04945002,-0.8348693,0.00676232,0.9979557,-0.06355029,0.8363051,-0.04048536,-0.5467676,moving,-67.33038,-19.55058,-0.9496222,6.317044
05/15/2023 12:31:32.588934,1836,True,True,True,True,Eyes,1.630165,-0.00865054,-1.974196,0.9121181,0.1339476,-0.3874253,0.0,0.0,0.0,0.0,0.0,0.0,0.0,-0.6308105,-0.1347634,-2.659371,1.858317,-0.01702428,-2.008657,-0.01277453,0.8817327,-0.03203,0.4704877,2.548398,123.7645,356.978,0.6145682,-0.003196511,-0.7888569,0.0,0.0,0.0,3.5762,0.1393952,-3.096177,-0.03075784,0.2245609,2.046392,-0.5569567,-0.05266687,-0.8288702,0.007612005,0.9976218,-0.0685043,0.8305069,-0.04446328,-0.5552312,moving,-66.98647,-19.0722,-0.8611068,6.262299
05/15/2023 12:31:32.609238,1837,True,True,True,True,Eyes,1.64057,-0.009155203,-1.975735,0.9099252,0.1319837,-0.393213,0.0,0.0,0.0,0.0,0.0,0.0,0.0,-0.5940002,-0.125426,-2.677143,1.869406,-0.01907057,-2.010128,-0.01453223,0.8845357,-0.03122219,0.4651996,2.390701,124.4524,356.8583,0.6168057,-0.003214855,-0.7871087,0.0,0.0,0.0,3.575047,0.1245908,-3.116916,-0.02750796,0.2224999,2.046127,-0.5667564,-0.05475765,-0.8220639,0.003340554,0.997628,-0.06875506,0.8238788,-0.04171351,-0.5652292,moving,-66.62901,-18.55456,-0.7702332,6.206072
05/15/2023 12:31:32.629283,1838,True,True,True,True,Eyes,1.650993,-0.009688465,-1.977268,0.9076465,0.1297591,-0.3991747,0.0,0.0,0.0,0.0,0.0,0.0,0.0,-0.5572497,-0.1410815,-2.692749,1.880207,-0.02178536,-2.011388,-0.01265798,0.8871636,-0.03427527,0.4600062,2.818373,125.1091,356.9012,0.6190305,-0.003249987,-0.7853599,0.0,0.0,0.0,3.572538,0.1131273,-3.139659,-0.02414799,0.2203692,2.045854,-0.5764679,-0.05399306,-0.8153337,0.009074273,0.99733,-0.07246103,0.8170691,-0.04917004,-0.5744389,moving,-66.26054,-18.00771,-0.6762524,6.147913
05/15/2023 12:31:32.639093,1839,True,True,True,True,Eyes,1.661472,-0.01024054,-1.978779,0.9052337,0.1277246,-0.4052633,0.0,0.0,0.0,0.0,0.0,0.0,0.0,-0.5210189,-0.1615207,-2.707384,1.891058,-0.02292351,-2.012672,-0.01046915,0.8896551,-0.03780356,0.4549454,3.310011,125.7441,356.9554,0.6212426,-0.003301221,-0.7836111,0.0,0.0,0.0,3.567392,0.1146374,-3.164077,-0.02104592,0.2184028,2.045602,-0.5858305,-0.05302497,-0.8086973,0.01576924,0.9969226,-0.07679003,0.8102804,-0.05773846,-0.5831914,moving,-65.88245,-17.49301,-0.5894597,6.094212
05/15/2023 12:31:32.659153,1840,True,True,True,True,Eyes,1.671975,-0.0108606,-1.980291,0.9026648,0.1259224,-0.4115091,0.0,0.0,0.0,0.0,0.0,0.0,0.0,-0.4830021,-0.1504653,-2.724156,1.902277,-0.0240224,-2.014378,-0.01106303,0.8924587,-0.0361767,0.4495404,3.13139,126.4482,356.9992,0.6234435,-0.003367556,-0.7818608,0.0,0.0,0.0,3.563691,0.09445591,-3.187385,-0.01792079,0.2164213,2.045346,-0.5955825,-0.05227237,-0.8015919,0.01277918,0.9971377,-0.07451899,0.8031928,-0.05462587,-0.5932097,moving,-65.49258,-17.01419,-0.501998,6.040082
05/15/2023 12:31:32.679729,1841,True,True,True,True,Eyes,1.6825,-0.01153598,-1.981804,0.8999467,0.1240346,-0.4179847,0.0,0.0,0.0,0.0,0.0,0.0,0.0,-0.4454811,-0.1362812,-2.740098,1.913373,-0.02630299,-2.015807,-0.01175137,0.8951665,-0.03422896,0.4442602,2.914169,127.1356,357.0469,0.6256328,-0.00344997,-0.7801098,0.0,0.0,0.0,3.560078,0.07342966,-3.20999,-0.01460421,0.2143178,2.045076,-0.6049895,-0.05145199,-0.7945692,0.009374261,0.9973806,-0.07172256,0.7961782,-0.0508399,-0.6029226,moving,-65.08725,-16.52796,-0.4091513,5.98259
05/15/2023 12:31:32.691648,1842,True,True,True,True,Eyes,1.693047,-0.01222972,-1.983325,0.8971138,0.122143,-0.4245797,0.0,0.0,0.0,0.0,0.0,0.0,0.0,-0.4099623,-0.1388443,-2.754279,1.924369,-0.02829006,-2.017276,-0.01130555,0.8975556,-0.03502707,0.4393625,3.03483,127.7579,357.0683,0.6278104,-0.00354884,-0.778358,0.0,0.0,0.0,3.55419,0.07658179,-3.234034,-0.01144356,0.2123138,2.044821,-0.6136658,-0.05107386,-0.7879124,0.01048444,0.9972906,-0.07281194,0.7894964,-0.05294301,-0.6114677,moving,-64.67307,-16.04945,-0.3206445,5.927782
05/15/2023 12:31:32.709134,1843,True,True,True,True,Eyes,1.703609,-0.01292529,-1.984848,0.8940904,0.120069,-0.4314926,0.0,0.0,0.0,0.0,0.0,0.0,0.0,-0.3740845,-0.143041,-2.768077,1.93547,-0.02941348,-2.018847,-0.01165556,0.8998923,-0.03622143,0.434449,3.15649,128.3765,356.9889,0.6299762,-0.003663076,-0.7766055,0.0,0.0,0.0,3.548234,0.07997931,-3.256979,-0.008345664,0.2103496,2.044568,-0.6222364,-0.05245022,-0.7810704,0.01049523,0.9971043,-0.07531826,0.782759,-0.05506328,-0.6198841,moving,-64.23781,-15.54999,-0.2338727,5.874045
05/15/2023 12:31:32.731021,1844,True,True,True,True,Eyes,1.71419,-0.0135887,-1.986384,0.8909371,0.1180334,-0.4385193,0.0,0.0,0.0,0.0,0.0,0.0,0.0,-0.3386694,-0.1413895,-2.781473,1.946332,-0.03046699,-2.020431,-0.0127551,0.9021873,-0.03655896,0.4296034,3.153247,128.9883,356.8753,0.6321299,-0.003791041,-0.7748529,0.0,0.0,0.0,3.543507,0.07132164,-3.278596,-0.004887402,0.2081567,2.044286,-0.6305566,-0.05442668,-0.7742328,0.00839673,0.9970015,-0.07692531,0.776098,-0.05500677,-0.628209,moving,-63.79359,-15.0649,-0.1369803,5.814029
05/15/2023 12:31:32.738698,1845,True,True,True,True,Eyes,1.72477,-0.01417633,-1.987953,0.8876173,0.1158703,-0.4457685,0.0,0.0,0.0,0.0,0.0,0.0,0.0,-0.3010051,-0.1444945,-2.794614,1.957376,-0.03036016,-2.022153,-0.01378373,0.9045702,-0.03757693,0.424442,3.226376,129.6343,356.7367,0.6342711,-0.003929979,-0.7731004,0.0,0.0,0.0,3.538806,0.06379442,-3.299973,-0.001892865,0.2062576,2.044043,-0.6393184,-0.05683515,-0.7668391,0.006961742,0.996796,-0.07968271,0.7689109,-0.05628113,-0.6368742,moving,-63.33383,-14.57066,-0.05305815,5.762023
05/15/2023 12:31:32.759307,1846,True,True,True,True,Eyes,1.735377,-0.01467456,-1.989561,0.8841094,0.1140415,-0.4531502,0.0,0.0,0.0,0.0,0.0,0.0,0.0,-0.2630512,-0.1460009,-2.807306,1.968269,-0.02878451,-2.023997,-0.01545641,0.9069367,-0.03826625,0.4192405,3.23608,130.284,356.5477,0.6363987,-0.004075755,-0.7713493,0.0,0.0,0.0,3.533336,0.06059696,-3.321134,0.001394629,0.2041735,2.043776,-0.647997,-0.0601215,-0.7592663,0.004049543,0.9965935,-0.08237004,0.7616322,-0.05645023,-0.6455463,moving,-62.86259,-14.12593,0.03909743,5.70493
05/15/2023 12:31:32.781486,1847,True,True,True,True,Eyes,1.746006,-0.0151412,-1.991188,0.8804091,0.1123809,-0.4607063,0.0,0.0,0.0,0.0,0.0,0.0,0.0,-0.2218423,-0.1295618,-2.82127,1.979539,-0.02720982,-2.026387,-0.01847906,0.9096184,-0.03611702,0.4134594,2.89035,131.0205,356.3556,0.6385123,-0.004224169,-0.7695998,0.0,0.0,0.0,3.527147,0.05588271,-3.343229,0.004567623,0.2021618,2.043519,-0.65742,-0.06348363,-0.7508457,-0.003751946,0.9967082,-0.0809861,0.7535153,-0.05042473,-0.6554941,moving,-62.37754,-13.70854,0.1280659,5.649788
05/15/2023 12:31:32.800043,1848,True,True,True,True,Eyes,1.756631,-0.01549412,-1.992839,0.8766268,0.1104962,-0.4683119,0.0,0.0,0.0,0.0,0.0,0.0,0.0,-0.1807318,-0.1087127,-2.834341,1.990637,-0.0269804,-2.028449,-0.02085797,0.9122711,-0.03321957,0.4077047,2.499044,131.7576,356.2613,0.6406115,-0.004373631,-0.7678525,0.0,0.0,0.0,3.520278,0.05487715,-3.365377,0.007737398,0.2001511,2.04326,-0.6666838,-0.06514378,-0.7424886,-0.01096868,0.9969228,-0.07761829,0.7452602,-0.04360272,-0.6653469,moving,-61.88796,-13.2759,0.2169661,5.594659
05/15/2023 12:31:32.808981,1849,True,True,True,True,Eyes,1.76729,-0.01573602,-1.994534,0.8727295,0.1085235,-0.4759894,0.0,0.0,0.0,0.0,0.0,0.0,0.0,-0.1446002,-0.1306918,-2.84438,2.001195,-0.02454865,-2.030542,-0.02047692,0.9142773,-0.03691344,0.4028835,2.923273,132.3394,356.1425,0.6426955,-0.004519657,-0.766108,0.0,0.0,0.0,3.51116,0.06666729,-3.389707,0.01076555,0.1982315,2.043015,-0.6745315,-0.06718681,-0.7351827,-0.007699538,0.9964362,-0.08399788,0.7382063,-0.05099863,-0.6726449,moving,-61.39181,-12.84365,0.3019142,5.542
05/15/2023 12:31:32.828968,1850,True,True,True,True,Eyes,1.777924,-0.01590222,-1.996261,0.8687289,0.1065244,-0.4836968,0.0,0.0,0.0,0.0,0.0,0.0,0.0,-0.1076336,-0.1231488,-2.856303,2.012344,-0.02217595,-2.033518,-0.02266015,0.9164801,-0.03606436,0.397807,2.755603,132.9756,355.9682,0.6447644,-0.004658333,-0.7643669,0.0,0.0,0.0,3.501568,0.07864916,-3.413177,0.01395047,0.1962118,2.042755,-0.6824723,-0.07022845,-0.7275298,-0.01284183,0.9963718,-0.08413325,0.7307986,-0.0480758,-0.680898,moving,-60.89151,-12.41997,0.3912806,5.486572
05/15/2023 12:31:32.838727,1851,True,True,True,True,Eyes,1.788553,-0.01601006,-1.998029,0.8646747,0.1040391,-0.4914402,0.0,0.0,0.0,0.0,0.0,0.0,0.0,-0.07195294,-0.1305494,-2.865898,2.022418,-0.02050687,-2.035928,-0.02273589,0.918516,-0.03735203,0.3929586,2.908916,133.572,355.9163,0.6468167,-0.004787515,-0.7626302,0.0,0.0,0.0,3.49555,0.06328027,-3.433647,0.0176475,0.1938679,2.042455,-0.6901333,-0.07112215,-0.7201788,-0.01241096,0.9961758,-0.0864854,0.7235758,-0.05074835,-0.6883767,moving,-60.38815,-11.95317,0.4950427,5.422216
05/15/2023 12:31:32.859223,1852,True,True,True,True,Eyes,1.799145,-0.01606471,-1.999841,0.860546,0.1015372,-0.4991501,0.0,0.0,0.0,0.0,0.0,0.0,0.0,-0.03666985,-0.1515383,-2.874815,2.032708,-0.01913692,-2.038774,-0.02133983,0.9204248,-0.04064012,0.3882156,3.338992,134.1434,355.931,0.6488517,-0.004905944,-0.7608988,0.0,0.0,0.0,3.488099,0.06933583,-3.455339,0.0208286,0.1918508,2.042195,-0.6976664,-0.07083767,-0.712912,-0.007729166,0.995786,-0.09138124,0.7163811,-0.05824341,-0.695274,moving,-59.8846,-11.49824,0.5843465,5.36681
05/15/2023 12:31:32.879160,1853,True,True,True,True,Eyes,1.809679,-0.0160418,-2.001722,0.8561373,0.09851823,-0.5072703,0.0,0.0,0.0,0.0,0.0,0.0,0.0,-0.005535722,-0.1590941,-2.883481,2.04242,-0.01795024,-2.041568,-0.02069072,0.9221413,-0.04170609,0.3840419,3.498683,134.6565,355.9674,0.650868,-0.005012701,-0.759174,0.0,0.0,0.0,3.481166,0.06343738,-3.475109,0.02376723,0.189987,2.041954,-0.7041677,-0.0701933,-0.7065558,-0.006125756,0.995665,-0.09281001,0.7100076,-0.0610256,-0.7015451,moving,-59.35281,-10.99073,0.6668616,5.315596
05/15/2023 12:31:32.891641,1854,True,True,True,True,Eyes,1.820181,-0.0159465,-2.003674,0.8516108,0.09566766,-0.5153705,0.0,0.0,0.0,0.0,0.0,0.0,0.0,0.02467513,-0.1757886,-2.891317,2.051988,-0.01594621,-2.044581,-0.02117563,0.9236383,-0.04478784,0.3800502,3.821018,135.1282,355.7951,0.6528633,-0.00510606,-0.7574583,0.0,0.0,0.0,3.475191,0.04731418,-3.494617,0.02680838,0.1880586,2.041707,-0.7102271,-0.0731605,-0.700161,-0.005073974,0.9950913,-0.09883114,0.7039546,-0.06663992,-0.7071119,moving,-58.81888,-10.51606,0.752272,5.26258
05/15/2023 12:31:32.909098,1855,True,True,True,True,Eyes,1.830623,-0.01579828,-2.005708,0.8467569,0.09281442,-0.5238208,0.0,0.0,0.0,0.0,0.0,0.0,0.0,0.0583235,-0.1724074,-2.900499,2.061767,-0.01409879,-2.048153,-0.02477464,0.9253994,-0.0454906,0.3754372,3.760805,135.6839,355.4009,0.654836,-0.005184691,-0.7557529,0.0,0.0,0.0,3.469696,0.04068152,-3.512122,0.02987123,0.1861166,2.04146,-0.7168665,-0.08001059,-0.6926045,-0.01169514,0.9946336,-0.1027966,0.6971126,-0.0655913,-0.7139553,moving,-58.25824,-10.0478,0.8383086,5.209164
05/15/2023 12:31:32.928979,1856,True,True,True,True,Eyes,1.841014,-0.01560368,-2.007818,0.8417506,0.09009278,-0.5322961,0.0,0.0,0.0,0.0,0.0,0.0,0.0,0.09536517,-0.1648339,-2.909142,2.071243,-0.01264739,-2.051623,-0.02823367,0.9273887,-0.04551021,0.3702461,3.640989,136.3154,355.0526,0.6567843,-0.005248149,-0.7540598,0.0,0.0,0.0,3.464452,0.02876925,-3.529305,0.03310478,0.1840661,2.041196,-0.7242416,-0.08606712,-0.6841542,-0.0186672,0.9942634,-0.1053181,0.6892939,-0.06350449,-0.7216936,moving,-57.69205,-9.606448,0.9291599,5.152745
05/15/2023 12:31:32.939105,1857,True,True,True,True,Eyes,1.851325,-0.01541757,-2.010026,0.8364319,0.08736618,-0.5410627,0.0,0.0,0.0,0.0,0.0,0.0,0.0,0.1350255,-0.1615184,-2.916963,2.080425,-0.01136166,-2.055405,-0.03022234,0.9295501,-0.04578438,0.364592,3.616624,137.0047,354.8508,0.6587069,-0.005296286,-0.7523805,0.0,0.0,0.0,3.45635,0.03016626,-3.549166,0.03633738,0.1820167,2.040934,-0.732319,-0.08957157,-0.6750455,-0.02280112,0.9939808,-0.1071554,0.6805803,-0.06308008,-0.7299533,moving,-57.10238,-9.172461,1.020003,5.096329
05/15/2023 12:31:32.958844,1858,True,True,True,True,Eyes,1.861544,-0.01522466,-2.012297,0.8309906,0.08440361,-0.549846,0.0,0.0,0.0,0.0,0.0,0.0,0.0,0.1779552,-0.1545524,-2.92424,2.089429,-0.01128224,-2.059342,-0.03084195,0.9319881,-0.0450452,0.3583547,3.546492,137.7761,354.8395,0.6606014,-0.005330991,-0.7507175,0.0,0.0,0.0,3.445825,0.03326969,-3.570403,0.03959775,0.1799491,2.040669,-0.7412614,-0.08977296,-0.6651859,-0.02520435,0.9940394,-0.1060679,0.6707431,-0.06185845,-0.7391058,moving,-56.50838,-8.727015,1.111645,5.039388
05/15/2023 12:31:32.979771,1859,True,True,True,True,Eyes,1.871665,-0.01497772,-2.01465,0.8252978,0.08107317,-0.5588475,0.0,0.0,0.0,0.0,0.0,0.0,0.0,0.2197309,-0.1772268,-2.928453,2.097467,-0.01083963,-2.063017,-0.02867001,0.9341606,-0.04850641,0.3523767,4.038126,138.4878,354.9533,0.6624662,-0.005353415,-0.7490723,0.0,0.0,0.0,3.433743,0.03299484,-3.592725,0.04272807,0.1779645,2.040415,-0.7500176,-0.08774983,-0.6555715,-0.01937973,0.9936503,-0.1108308,0.6611341,-0.07042026,-0.7469558,moving,-55.89624,-8.254432,1.199648,4.984708
05/15/2023 12:31:32.989090,1860,True,True,True,True,Eyes,1.881701,-0.01469843,-2.017086,0.819409,0.07783764,-0.5678998,0.0,0.0,0.0,0.0,0.0,0.0,0.0,0.2647058,-0.199356,-2.93191,2.105529,-0.009148747,-2.06702,-0.02771457,0.9364145,-0.05219855,0.345883,4.507349,139.2552,354.9349,0.6642996,-0.005362875,-0.7474468,0.0,0.0,0.0,3.419357,0.03326966,-3.616451,0.0459435,0.1759256,2.040152,-0.7591937,-0.08801383,-0.6448863,-0.01579548,0.9930144,-0.1169309,0.650673,-0.07858694,-0.7552804,moving,-55.27571,-7.80446,1.290063,4.928516
05/15/2023 12:31:33.009390,1861,True,True,True,True,Eyes,1.891641,-0.01441905,-2.019576,0.8132914,0.07444061,-0.577075,0.0,0.0,0.0,0.0,0.0,0.0,0.0,0.3110046,-0.1990143,-2.936231,2.113617,-0.008089542,-2.071314,-0.02846031,0.9388627,-0.05261013,0.3390563,4.559142,140.0828,354.871,0.6661,-0.005359558,-0.7458429,0.0,0.0,0.0,3.405815,0.01393244,-3.638259,0.04922557,0.1738447,2.039885,-0.7684616,-0.08911622,-0.6336598,-0.01776505,0.9928443,-0.1180867,0.639649,-0.07948808,-0.7645461,moving,-54.6422,-7.350359,1.382367,4.871135
05/15/2023 12:31:33.028765,1862,True,True,True,True,Eyes,1.901471,-0.01416477,-2.022134,0.8070118,0.07091784,-0.5862616,0.0,0.0,0.0,0.0,0.0,0.0,0.0,0.355903,-0.2156137,-2.938033,2.121022,-0.007741123,-2.075185,-0.02784383,0.9410492,-0.05568378,0.3324915,4.950017,140.8586,354.8497,0.667867,-0.005344815,-0.7442611,0.0,0.0,0.0,3.390164,-0.003416732,-3.661395,0.05239892,0.1718322,2.039626,-0.7773484,-0.0894336,-0.6226808,-0.01537605,0.9922481,-0.123318,0.6288826,-0.08628668,-0.7726976,moving,-54.00311,-6.897342,1.471631,4.815621
05/15/2023 12:31:33.038792,1863,True,True,True,True,Eyes,1.911178,-0.01394051,-2.024766,0.8006222,0.067296,-0.5953783,0.0,0.0,0.0,0.0,0.0,0.0,0.0,0.400882,-0.230713,-2.939205,2.128272,-0.008030087,-2.079244,-0.02701649,0.9432195,-0.0584874,0.3258625,5.320428,141.6434,354.867,0.6695995,-0.005320766,-0.742703,0.0,0.0,0.0,3.372144,-0.006745324,-3.685913,0.05585718,0.1696394,2.039344,-0.7861676,-0.08908265,-0.6115595,-0.01284726,0.9916987,-0.1279402,0.61788,-0.09272557,-0.7807858,moving,-53.36386,-6.44881,1.568927,4.755105
05/15/2023 12:31:33.059333,1864,True,True,True,True,Eyes,1.92077,-0.01372285,-2.027469,0.7940986,0.0635422,-0.6044584,0.0,0.0,0.0,0.0,0.0,0.0,0.0,0.4438151,-0.2451092,-2.939894,2.135316,-0.008412659,-2.083359,-0.02605223,0.9452482,-0.06108257,0.3195248,5.671669,142.3938,354.91,0.6712958,-0.005289493,-0.7411703,0.0,0.0,0.0,3.355063,-0.02249992,-3.708117,0.05883527,0.1677509,2.039103,-0.7944503,-0.08828644,-0.6008778,-0.01021685,0.9911804,-0.132125,0.6072432,-0.0988277,-0.7883455,moving,-52.72204,-6.001038,1.652725,4.70296
05/15/2023 12:31:33.079494,1865,True,True,True,True,Eyes,1.930246,-0.01349753,-2.030255,0.7874945,0.05995839,-0.6133983,0.0,0.0,0.0,0.0,0.0,0.0,0.0,0.4851356,-0.2615882,-2.940026,2.142223,-0.008294836,-2.087666,-0.02563047,0.9470854,-0.06423279,0.3134431,6.061764,143.104,354.8758,0.6729553,-0.005252013,-0.7396641,0.0,0.0,0.0,3.337007,-0.03837144,-3.730355,0.06218767,0.1656252,2.038831,-0.8021932,-0.08881514,-0.5904222,-0.008281828,0.9904345,-0.1377353,0.5970075,-0.1056005,-0.7952553,moving,-52.08413,-5.582806,1.747073,4.644246
05/15/2023 12:31:33.089092,1866,True,True,True,True,Eyes,1.939602,-0.01328666,-2.033125,0.780736,0.05654692,-0.6222972,0.0,0.0,0.0,0.0,0.0,0.0,0.0,0.5239562,-0.2657159,-2.941234,2.14893,-0.007857919,-2.092373,-0.02639634,0.9488633,-0.06558689,0.3076691,6.212906,143.7859,354.7797,0.6745768,-0.005208733,-0.7381859,0.0,0.0,0.0,3.319679,-0.05343658,-3.751321,0.06529903,0.1636523,2.038577,-0.8092863,-0.09045116,-0.5804093,-0.009734915,0.9900032,-0.1407087,0.5873343,-0.1082233,-0.8020765,moving,-51.44289,-5.192096,1.834653,4.589731
05/15/2023 12:31:33.109164,1867,True,True,True,True,Eyes,1.948819,-0.01310514,-2.03609,0.7739388,0.05343932,-0.6310017,0.0,0.0,0.0,0.0,0.0,0.0,0.0,0.5635988,-0.2590449,-2.942682,2.155454,-0.0080055,-2.097158,-0.02737534,0.9507886,-0.06514957,0.3016744,6.163733,144.5086,354.7273,0.6761594,-0.005160806,-0.736737,0.0,0.0,0.0,3.30293,-0.06946026,-3.771297,0.06837404,0.1617023,2.038327,-0.8164866,-0.09136423,-0.5700901,-0.0127484,0.9900122,-0.1404038,0.5772241,-0.10737,-0.8094965,moving,-50.80922,-4.840809,1.92122,4.535825
05/15/2023 12:31:33.128886,1868,True,True,True,True,Eyes,2.176378,-0.00903073,-2.11257,0.5695486,-0.02176782,-0.8216694,0.0,0.0,0.0,0.0,0.0,0.0,0.0,0.6025974,-0.254873,-2.943446,2.161799,-0.008467421,-2.102025,-0.02767368,0.952657,-0.06488475,0.2957511,6.157205,145.2233,354.7423,0.6777014,-0.005109807,-0.7353191,0.0,0.0,0.0,3.286368,-0.0769124,-3.791123,0.07170308,0.1595918,2.038057,-0.8235309,-0.09110652,-0.5599075,-0.01434757,0.9900483,-0.1399949,0.5670899,-0.1072568,-0.8166424,moving,-34.72816,1.517536,2.014953,4.477458
05/15/2023 12:31:33.139108,1869,True,True,True,True,Eyes,2.176601,-0.009053833,-2.112809,0.5692676,-0.02153947,-0.82187,0.0,0.0,0.0,0.0,0.0,0.0,0.0,0.6410087,-0.2468863,-2.944474,2.168221,-0.008760929,-2.107254,-0.02806139,0.9545126,-0.0639087,0.2898858,6.069465,145.9355,354.7712,0.6830262,-0.004820001,-0.7303777,0.6826794,0.01222325,-0.2294419,3.268598,-0.0776214,-3.81155,0.07485157,0.1575957,2.037802,-0.8303573,-0.09062236,-0.5498126,-0.01651745,0.9902565,-0.1382725,0.5569861,-0.1057341,-0.8237635,moving,-34.70837,1.501257,2.103615,4.42223
05/15/2023 12:31:33.159189,1870,True,True,True,True,Eyes,2.17706,-0.009124822,-2.113273,0.5685974,-0.02127377,-0.8223408,0.0,0.0,0.0,0.0,0.0,0.0,0.0,0.6790451,-0.2357685,-2.9454,2.174465,-0.009290323,-2.112742,-0.02894109,0.9563279,-0.06265942,0.2840305,5.935314,146.6449,354.7536,0.6874634,-0.004579907,-0.7262042,0.6417186,0.01148985,-0.2156754,3.250814,-0.08005358,-3.83142,0.07798564,0.155608,2.037545,-0.8369783,-0.09094871,-0.5396256,-0.01975996,0.9904724,-0.1362862,0.5468794,-0.1034056,-0.8308011,moving,-34.66144,1.481898,2.191887,4.36722
05/15/2023 12:31:33.178845,1871,True,True,True,True,Eyes,2.177713,-0.009247435,-2.113959,0.5673751,-0.02124539,-0.8231853,0.0,0.0,0.0,0.0,0.0,0.0,0.0,0.7166048,-0.2276277,-2.945853,2.180653,-0.01052113,-2.118496,-0.02949572,0.9580623,-0.06192663,0.2782298,5.868518,147.3433,354.7526,0.69117,-0.004382555,-0.7226785,0.6032155,0.01080046,-0.2027349,3.232885,-0.07954742,-3.851423,0.08132875,0.1534883,2.037271,-0.8434365,-0.09097713,-0.5294698,-0.0220578,0.9905902,-0.1350723,0.5367761,-0.102246,-0.8375066,moving,-34.5763,1.478405,2.286059,4.308533
05/15/2023 12:31:33.189371,1872,True,True,True,True,Eyes,2.178573,-0.009395419,-2.114868,0.5658814,-0.02136288,-0.8242098,0.0,0.0,0.0,0.0,0.0,0.0,0.0,0.7504236,-0.2325456,-2.945491,2.186551,-0.01179011,-2.124143,-0.02877216,0.9595059,-0.06291276,0.273062,6.028155,147.9565,354.8323,0.6942735,-0.004222389,-0.7196985,0.5670226,0.01015243,-0.1905708,3.214792,-0.07754384,-3.871319,0.08444875,0.1515096,2.037018,-0.8492188,-0.08957228,-0.5203888,-0.02085594,0.9904283,-0.1364435,0.5276294,-0.1050171,-0.8429585,moving,-34.4725,1.48473,2.373954,4.25372
05/15/2023 12:31:33.209382,1873,True,True,True,True,Eyes,2.179644,-0.009578036,-2.115995,0.5639722,-0.02165763,-0.8255097,0.0,0.0,0.0,0.0,0.0,0.0,0.0,0.781522,-0.2404789,-2.945618,2.19245,-0.0125124,-2.130323,-0.02815497,0.9607631,-0.06438152,0.2683219,6.23471,148.5132,354.8837,0.696879,-0.00409404,-0.7171767,0.5330012,0.009543287,-0.1791365,3.196801,-0.07859921,-3.890856,0.08754712,0.1495452,2.036767,-0.8544214,-0.08865045,-0.5119621,-0.01955057,0.9901246,-0.13882,0.5192128,-0.1086016,-0.8477168,moving,-34.34013,1.502837,2.461251,4.199282
05/15/2023 12:31:33.228807,1874,True,True,True,True,Eyes,2.180888,-0.009786568,-2.117351,0.5618138,-0.02204081,-0.82697,0.0,0.0,0.0,0.0,0.0,0.0,0.0,0.8114164,-0.2394251,-2.946606,2.198051,-0.0135857,-2.136959,-0.02810158,0.9620444,-0.0645174,0.2636636,6.276031,149.0681,354.9156,0.6990724,-0.003993398,-0.7150394,0.5010211,0.008970689,-0.1683883,3.180755,-0.08782391,-3.908258,0.09094691,0.1473897,2.036491,-0.8593836,-0.0880917,-0.503686,-0.02004816,0.9900956,-0.1389559,0.5109382,-0.1093185,-0.8526381,moving,-34.19079,1.526714,2.557053,4.139528
05/15/2023 12:31:33.239054,1875,True,True,True,True,Eyes,2.182308,-0.01003376,-2.11894,0.5593027,-0.02255518,-0.8286566,0.0,0.0,0.0,0.0,0.0,0.0,0.0,0.8419621,-0.2425508,-2.946785,2.2035,-0.01439692,-2.143747,-0.0285759,0.9632388,-0.06571588,0.2589132,6.419249,149.6211,354.857,0.7009342,-0.003916145,-0.7132149,0.4709598,0.008432448,-0.158285,3.166565,-0.09794213,-3.924784,0.0939644,0.1454764,2.036245,-0.8642949,-0.08908026,-0.4950347,-0.02102141,0.9897297,-0.1413975,0.5025463,-0.1118028,-0.857291,moving,-34.01743,1.559148,2.642092,4.086465
05/15/2023 12:31:33.258824,1876,True,True,True,True,Eyes,2.183886,-0.01034288,-2.120757,0.5565453,-0.02300506,-0.8304987,0.0,0.0,0.0,0.0,0.0,0.0,0.0,0.873095,-0.2380716,-2.947447,2.208954,-0.01559211,-2.150975,-0.02942856,0.9645158,-0.06577779,0.2540011,6.427025,150.2002,354.793,0.7026024,-0.003854487,-0.7115718,0.4427022,0.007926501,-0.1487879,3.151945,-0.1026826,-3.941787,0.09715432,0.1434532,2.035986,-0.8692351,-0.09018387,-0.4861046,-0.02335337,0.9896145,-0.1418372,0.4938476,-0.1119376,-0.8623137,moving,-33.82738,1.586704,2.732,4.030335
05/15/2023 12:31:33.279064,1877,True,True,True,True,Eyes,2.185616,-0.01069857,-2.122807,0.553247,-0.02374532,-0.8326788,0.0,0.0,0.0,0.0,0.0,0.0,0.0,0.9042841,-0.2299994,-2.948068,2.214389,-0.01739834,-2.15822,-0.02998719,0.9658343,-0.06510903,0.2490498,6.363306,150.7912,354.7837,0.7040957,-0.003808871,-0.7100945,0.4161401,0.007450911,-0.1398607,3.136744,-0.1110388,-3.958667,0.100459,0.1413578,2.035718,-0.87415,-0.09035609,-0.4771767,-0.02549454,0.9897231,-0.1407057,0.4849865,-0.1108325,-0.8674701,moving,-33.60079,1.633449,2.825152,3.972173
05/15/2023 12:31:33.289186,1878,True,True,True,True,Eyes,2.187479,-0.01107483,-2.125101,0.5497273,-0.0244496,-0.8349863,0.0,0.0,0.0,0.0,0.0,0.0,0.0,0.9349414,-0.2329868,-2.947829,2.219612,-0.01886047,-2.165885,-0.02970743,0.9670281,-0.06595149,0.2441814,6.490927,151.3635,354.8224,0.7054308,-0.00377918,-0.7087684,0.3911717,0.007003856,-0.131469,3.120742,-0.11495,-3.97635,0.1037253,0.1392868,2.035453,-0.8789859,-0.08966409,-0.4683422,-0.02524757,0.9895357,-0.1420619,0.4761791,-0.1130459,-0.8720518,moving,-33.35958,1.677223,2.917232,3.914668
05/15/2023 12:31:33.309214,1879,True,True,True,True,Eyes,2.189445,-0.01149931,-2.127649,0.5457051,-0.02525469,-0.8375966,0.0,0.0,0.0,0.0,0.0,0.0,0.0,0.9660441,-0.2306499,-2.947798,2.224725,-0.01972482,-2.173973,-0.02912935,0.9683296,-0.06548326,0.2391677,6.481659,151.9653,354.9341,0.7066221,-0.003764444,-0.7075807,0.3677014,0.006583625,-0.1235809,3.104598,-0.1166693,-3.993974,0.1067722,0.1373548,2.035203,-0.8839006,-0.08773658,-0.4593714,-0.02509066,0.9897268,-0.1407523,0.4670014,-0.1128851,-0.8770216,moving,-33.08477,1.727024,3.003136,3.861006
05/15/2023 12:31:33.330005,1880,True,True,True,True,Eyes,2.191499,-0.01199778,-2.130417,0.5414387,-0.0262114,-0.8403316,0.0,0.0,0.0,0.0,0.0,0.0,0.0,0.9990981,-0.2244929,-2.947055,2.229425,-0.02128354,-2.182415,-0.02822668,0.9697688,-0.06423214,0.2337219,6.395234,152.6258,355.1066,0.707682,-0.003764696,-0.7065207,0.3456393,0.006188607,-0.116166,3.08855,-0.1248363,-4.011183,0.1099483,0.135341,2.034945,-0.8891547,-0.08477161,-0.4496862,-0.02472179,0.990155,-0.137775,0.4569384,-0.1113863,-0.8824967,moving,-32.79432,1.786575,3.092691,3.805048
05/15/2023 12:31:33.339108,1881,True,True,True,True,Eyes,2.193629,-0.01254519,-2.133409,0.5367301,-0.02758205,-0.8433031,0.0,0.0,0.0,0.0,0.0,0.0,0.0,1.034575,-0.2359743,-2.94304,2.233656,-0.02350454,-2.190375,-0.02644794,0.9710846,-0.06592374,0.2279239,6.660086,153.3086,355.2982,0.7086219,-0.003780808,-0.7055778,0.3249009,0.005817291,-0.1091961,3.07151,-0.1274416,-4.029196,0.1132134,0.1332704,2.03468,-0.8947023,-0.08141757,-0.4391797,-0.02131519,0.9899091,-0.1400913,0.4461539,-0.1159788,-0.8874094,moving,-32.47519,1.873314,3.18476,3.747488
05/15/2023 12:31:33.358879,1882,True,True,True,True,Eyes,2.195834,-0.01307163,-2.136623,0.5318446,-0.02910838,-0.8463416,0.0,0.0,0.0,0.0,0.0,0.0,0.0,1.069281,-0.2570903,-2.93816,2.237728,-0.02513131,-2.198677,-0.02454131,0.9722195,-0.06921373,0.2222535,7.104133,153.9647,355.4636,0.7094511,-0.003812715,-0.7047439,0.3054069,0.005468254,-0.1026443,3.052383,-0.1277264,-4.048179,0.1162959,0.131316,2.034428,-0.9000025,-0.07848504,-0.4287611,-0.01695309,0.9892144,-0.1454906,0.4355555,-0.1236731,-0.8916259,moving,-32.14542,1.969808,3.271692,3.69314
05/15/2023 12:31:33.379260,1883,True,True,True,True,Eyes,2.198107,-0.01355785,-2.14008,0.5267021,-0.03045394,-0.8495043,0.0,0.0,0.0,0.0,0.0,0.0,0.0,1.100723,-0.2707467,-2.934756,2.241767,-0.02510449,-2.207155,-0.02393303,0.9732264,-0.07155437,0.2171125,7.405157,154.5574,355.5087,0.7101788,-0.003858078,-0.7040105,0.2870825,0.005140158,-0.09648565,3.031347,-0.1413182,-4.066164,0.119705,0.129154,2.03415,-0.9045789,-0.0776552,-0.4191742,-0.0155138,0.9886144,-0.1496695,0.4260243,-0.1288849,-0.8954843,moving,-31.79937,2.053121,3.36784,3.632996
05/15/2023 12:31:33.389100,1884,True,True,True,True,Eyes,2.200441,-0.01406581,-2.143766,0.5214049,-0.03131016,-0.8527349,0.0,0.0,0.0,0.0,0.0,0.0,0.0,1.131102,-0.255806,-2.934541,2.24577,-0.02465671,-2.216364,-0.02521156,0.9744614,-0.06958707,0.2120072,7.1767,155.1664,355.4538,0.7108128,-0.00391421,-0.70337,0.2698575,0.004831749,-0.09069651,3.010951,-0.16047,-4.083303,0.1227741,0.127208,2.033901,-0.9088346,-0.0786413,-0.4096768,-0.01962947,0.9890441,-0.1463099,0.4166945,-0.1249297,-0.9004211,moving,-31.4437,2.102804,3.454403,3.578837
05/15/2023 12:31:33.409206,1885,True,True,True,True,Eyes,2.202813,-0.01461258,-2.147667,0.5160017,-0.03209733,-0.8559859,0.0,0.0,0.0,0.0,0.0,0.0,0.0,1.158208,-0.220636,-2.936671,2.249621,-0.02578299,-2.225465,-0.02653006,0.975812,-0.06409528,0.2073143,6.551125,155.7523,355.4765,0.7113594,-0.003980606,-0.7028168,0.2536661,0.004541844,-0.08525472,2.9923,-0.1732032,-4.099777,0.1259233,0.1252116,2.033646,-0.9126343,-0.07835244,-0.4011986,-0.02520097,0.9903759,-0.13609,0.4080004,-0.1140898,-0.9058255,moving,-31.08223,2.147442,3.54323,3.523255
05/15/2023 12:31:33.428928,1886,True,True,True,True,Eyes,2.205228,-0.01516033,-2.151777,0.5105575,-0.03298581,-0.8592107,0.0,0.0,0.0,0.0,0.0,0.0,0.0,1.18109,-0.2132803,-2.937564,2.253106,-0.02725089,-2.234394,-0.02675673,0.9766871,-0.06318913,0.203405,6.462167,156.2173,355.4994,0.7118245,-0.004057401,-0.7023453,0.2384461,0.004269334,-0.08013944,2.973283,-0.1670215,-4.118193,0.129142,0.1231706,2.033383,-0.915821,-0.07797187,-0.3939445,-0.02655994,0.9905825,-0.1343169,0.4007075,-0.1125471,-0.9092671,moving,-30.7195,2.198553,3.634027,3.466413
05/15/2023 12:31:33.448630,1887,True,True,True,True,Eyes,2.207693,-0.01568342,-2.156093,0.5050439,-0.03391902,-0.8624269,0.0,0.0,0.0,0.0,0.0,0.0,0.0,1.201708,-0.2194078,-2.938341,2.256592,-0.02779731,-2.243458,-0.02728127,0.9772767,-0.06482973,0.1999579,6.64994,156.6069,355.4237,0.7122149,-0.004143709,-0.7019487,0.2241393,0.004013174,-0.07533107,2.955276,-0.1481556,-4.136708,0.1323713,0.121123,2.033122,-0.9185453,-0.07924913,-0.3872911,-0.02739627,0.9901057,-0.1376234,0.3943656,-0.115803,-0.9116281,moving,-30.35357,2.252267,3.725122,3.409359
05/15/2023 12:31:33.459031,1888,True,True,True,True,Eyes,2.210196,-0.01615448,-2.160595,0.4995634,-0.034846,-0.8655761,0.0,0.0,0.0,0.0,0.0,0.0,0.0,1.219166,-0.2142522,-2.941372,2.2601,-0.02773538,-2.252802,-0.02868877,0.9778419,-0.06477285,0.1969937,6.625095,156.9466,355.2864,0.7125348,-0.004237523,-0.7016234,0.210691,0.003772383,-0.0708112,2.94046,-0.148572,-4.152187,0.1354709,0.1191574,2.032869,-0.9207408,-0.08162584,-0.3815408,-0.03058648,0.9899629,-0.1379782,0.3889739,-0.1153722,-0.9139958,moving,-29.9912,2.305345,3.812567,3.354578
05/15/2023 12:31:33.479072,1889,True,True,True,True,Eyes,2.212769,-0.01655683,-2.165288,0.4937617,-0.0357862,-0.8688605,0.0,0.0,0.0,0.0,0.0,0.0,0.0,1.233439,-0.2118907,-2.945062,2.263508,-0.02696426,-2.261739,-0.03055063,0.9782221,-0.06539275,0.1946082,6.663986,157.2101,355.0779,0.7127889,-0.004336424,-0.7013638,0.1980495,0.00354604,-0.06656253,2.92748,-0.1582884,-4.166295,0.1387987,0.1170477,2.032599,-0.922389,-0.08522251,-0.3767443,-0.03431867,0.9895809,-0.1398281,0.3847355,-0.1160465,-0.9157032,moving,-29.60898,2.358537,3.906454,3.29575
05/15/2023 12:31:33.488874,1890,True,True,True,True,Eyes,2.21537,-0.01682115,-2.170173,0.4880232,-0.03660442,-0.8720628,0.0,0.0,0.0,0.0,0.0,0.0,0.0,1.245605,-0.2012487,-2.95077,2.2671,-0.02579682,-2.271271,-0.03254209,0.9786329,-0.06443936,0.1925258,6.52257,157.4493,354.8892,0.7129823,-0.004437567,-0.7011661,0.1861665,0.003333278,-0.06256878,2.916461,-0.1598646,-4.180376,0.1418945,0.1150843,2.032346,-0.9237496,-0.08850601,-0.3726302,-0.03888105,0.9895772,-0.1386553,0.3810181,-0.1135946,-0.9175627,moving,-29.23222,2.403552,3.9938,3.24099
05/15/2023 12:31:33.508880,1891,True,True,True,True,Eyes,2.217997,-0.01694292,-2.175287,0.4819485,-0.03717092,-0.8754107,0.0,0.0,0.0,0.0,0.0,0.0,0.0,1.257405,-0.194115,-2.956041,2.270389,-0.0227787,-2.280733,-0.03411995,0.9790353,-0.06353427,0.1904978,6.396315,157.6844,354.7452,0.7131186,-0.004536208,-0.7010266,0.1749965,0.003133281,-0.05881466,2.907465,-0.1633782,-4.19303,0.14525,0.1129564,2.032073,-0.9250931,-0.09101554,-0.3686725,-0.04260298,0.9895984,-0.1374041,0.3773436,-0.111405,-0.9193482,moving,-28.83454,2.431383,4.088476,3.181613
05/15/2023 12:31:33.528715,1892,True,True,True,True,Eyes,2.284419,-0.01967569,-2.307977,0.3200166,-0.03276359,-0.9468452,0.0,0.0,0.0,0.0,0.0,0.0,0.0,1.275295,-0.1624873,-2.961007,2.273858,-0.01954819,-2.291185,-0.03648675,0.9798751,-0.05861727,0.18729,5.808737,158.0847,354.6094,0.7132004,-0.004627952,-0.7009428,0.1644967,0.002945284,-0.05528578,2.899986,-0.1598372,-4.206247,0.1482659,0.1110442,2.031829,-0.9271824,-0.09346176,-0.3627641,-0.04954806,0.9904655,-0.1285424,0.3713191,-0.101208,-0.922973,moving,-18.67432,1.981809,4.173569,3.128236
05/15/2023 12:31:33.539158,1893,True,True,True,True,Eyes,2.284553,-0.01959581,-2.308335,0.3193414,-0.03331261,-0.947054,0.0,0.0,0.0,0.0,0.0,0.0,0.0,1.299407,-0.1112196,-2.963221,2.277308,-0.01950568,-2.301085,-0.03729679,0.9811635,-0.0497051,0.1829113,4.812409,158.6587,354.7389,0.7121616,-0.004774136,-0.7019975,0.3538944,-0.005429722,-0.4500392,2.892287,-0.154962,-4.219256,0.1513979,0.1090581,2.031574,-0.9303046,-0.09137173,-0.3552241,-0.05500524,0.9922767,-0.1111817,0.3626394,-0.08389366,-0.9281456,moving,-18.63382,2.014548,4.261945,3.07278
05/15/2023 12:31:33.559027,1894,True,True,True,True,Eyes,2.284814,-0.0194076,-2.309112,0.3182981,-0.03362188,-0.9473943,0.0,0.0,0.0,0.0,0.0,0.0,0.0,1.321171,-0.1394208,-2.96168,2.280206,-0.01745884,-2.310158,-0.03475408,0.9817353,-0.05295626,0.1793983,5.25039,159.0579,354.9741,0.7112584,-0.004901594,-0.7029117,0.3326607,-0.005103939,-0.4230368,2.879491,-0.133565,-4.235869,0.1545859,0.1070368,2.031314,-0.933217,-0.08723912,-0.3485623,-0.04923809,0.9919756,-0.1164477,0.3559241,-0.09150841,-0.930024,moving,-18.57091,2.032505,4.351902,3.016317
05/15/2023 12:31:33.578902,1895,True,True,True,True,Eyes,2.285184,-0.01922028,-2.310236,0.316578,-0.03380048,-0.9479641,0.0,0.0,0.0,0.0,0.0,0.0,0.0,1.350485,-0.1256163,-2.960099,2.283605,-0.01471116,-2.320927,-0.03469538,0.9827961,-0.04999018,0.1743819,4.942722,159.664,355.0693,0.7104662,-0.005009096,-0.7037117,0.3127011,-0.004797702,-0.3976546,2.861307,-0.1001007,-4.253917,0.1577605,0.1050235,2.031054,-0.9367743,-0.08563174,-0.3392949,-0.05076221,0.9925944,-0.1103608,0.3462325,-0.08615981,-0.9341839,moving,-18.46704,2.042066,4.441485,2.960064
05/15/2023 12:31:33.592126,1896,True,True,True,True,Eyes,2.285643,-0.01907318,-2.311672,0.3145687,-0.03452604,-0.9486066,0.0,0.0,0.0,0.0,0.0,0.0,0.0,1.381209,-0.09699517,-2.9566,2.286454,-0.01460662,-2.330352,-0.0334379,0.9840643,-0.04396906,0.1690151,4.314653,160.3339,355.3596,0.7097461,-0.005099665,-0.7044376,0.293939,-0.00450984,-0.3737953,2.847713,-0.115183,-4.266948,0.1609823,0.1029808,2.030793,-0.9406318,-0.08067297,-0.3297029,-0.05094723,0.9938973,-0.09783979,0.3355839,-0.07523376,-0.9390014,moving,-18.34611,2.08445,4.532395,2.902961
05/15/2023 12:31:33.608939,1897,True,True,True,True,Eyes,2.286199,-0.01888275,-2.313411,0.3120933,-0.03624658,-0.9493597,0.0,0.0,0.0,0.0,0.0,0.0,0.0,1.411253,-0.145038,-2.949491,2.289125,-0.01526448,-2.339197,-0.02924692,0.9847139,-0.05031054,0.1641708,5.133692,160.8781,355.7323,0.7090825,-0.005176395,-0.705105,0.2763027,-0.00423925,-0.3513676,2.827738,-0.1034995,-4.284661,0.1641583,0.100967,2.030535,-0.9443853,-0.07411876,-0.3203797,-0.04108066,0.9932269,-0.108686,0.3262655,-0.08948,-0.9410337,moving,-18.19781,2.186492,4.622017,2.846652
05/15/2023 12:31:33.629102,1898,True,True,True,True,Eyes,2.286829,-0.01862824,-2.315442,0.3093317,-0.03821339,-0.9501861,0.0,0.0,0.0,0.0,0.0,0.0,0.0,1.44014,-0.1950512,-2.941849,2.291712,-0.01385783,-2.348272,-0.02612239,0.985188,-0.05733319,0.1594845,6.006179,161.3981,355.9778,0.7084669,-0.005239309,-0.7057233,0.2597245,-0.003984895,-0.3302856,2.805178,-0.08262445,-4.301669,0.1675078,0.09884296,2.030262,-0.9477649,-0.06975844,-0.3112489,-0.03318342,0.9920611,-0.1213002,0.3172396,-0.1046357,-0.9425554,moving,-18.03258,2.303009,4.716535,2.787234
05/15/2023 12:31:33.638852,1899,True,True,True,True,Eyes,2.287549,-0.01834841,-2.317749,0.3061633,-0.04054501,-0.9511153,0.0,0.0,0.0,0.0,0.0,0.0,0.0,1.470693,-0.2201674,-2.934068,2.294213,-0.01189463,-2.357246,-0.02503762,0.9858008,-0.06104932,0.154412,6.467101,161.973,356.0633,0.7078909,-0.00528779,-0.7063008,0.2441411,-0.003745801,-0.3104684,2.786234,-0.1134174,-4.314715,0.170728,0.09680137,2.030001,-0.9510604,-0.0682177,-0.3013819,-0.03051071,0.9912922,-0.1280972,0.307496,-0.1126327,-0.94486,moving,-17.84333,2.440979,4.807401,2.730102
05/15/2023 12:31:33.658687,1900,True,True,True,True,Eyes,2.288326,-0.01801634,-2.320328,0.3027855,-0.04289763,-0.9520928,0.0,0.0,0.0,0.0,0.0,0.0,0.0,1.499575,-0.2357062,-2.927491,2.29684,-0.01093365,-2.366197,-0.02378743,0.9864531,-0.06301951,0.1495764,6.731428,162.5323,356.202,0.707348,-0.005322454,-0.7068443,0.2294926,-0.003521053,-0.2918403,2.767766,-0.1442622,-4.327024,0.1737947,0.09485684,2.029751,-0.9541222,-0.06578284,-0.2921021,-0.02807791,0.9909254,-0.1314476,0.2980984,-0.1172155,-0.9473111,moving,-17.64176,2.579782,4.893938,2.67567
05/15/2023 12:31:33.678808,1901,True,True,True,True,Eyes,2.289176,-0.01762777,-2.323181,0.2991788,-0.04502761,-0.9531341,0.0,0.0,0.0,0.0,0.0,0.0,0.0,1.525148,-0.2443206,-2.922652,2.299062,-0.009409279,-2.375264,-0.02354777,0.9870278,-0.06426867,0.1452283,6.893853,163.0327,356.2372,0.7068326,-0.005343018,-0.7073596,0.215723,-0.00330979,-0.2743299,2.747151,-0.160506,-4.340058,0.1769504,0.0928559,2.029495,-0.9567087,-0.06515188,-0.2836619,-0.02781736,0.99063,-0.1337095,0.2897155,-0.1200303,-0.9495568,moving,-17.42653,2.704735,4.982983,2.619639
05/15/2023 12:31:33.689380,1902,True,True,True,True,Eyes,2.290083,-0.01720646,-2.326298,0.2954175,-0.04688963,-0.9542168,0.0,0.0,0.0,0.0,0.0,0.0,0.0,1.548748,-0.2255289,-2.921607,2.301999,-0.007684946,-2.384535,-0.02571259,0.9876892,-0.06207062,0.1412665,6.623716,163.4924,356.0556,0.7063373,-0.005349197,-0.7078542,0.2027797,-0.003111202,-0.2578701,2.727205,-0.170719,-4.35309,0.1802659,0.09075326,2.029226,-0.9587653,-0.0683291,-0.2758628,-0.0332551,0.9909722,-0.1298776,0.2822467,-0.1153483,-0.9523821,moving,-17.20208,2.813216,5.076534,2.560738
05/15/2023 12:31:33.708906,1903,True,True,True,True,Eyes,2.291102,-0.01678496,-2.329646,0.2914271,-0.0486417,-0.9553555,0.0,0.0,0.0,0.0,0.0,0.0,0.0,1.571106,-0.201487,-2.92093,2.304344,-0.00655213,-2.393899,-0.02905524,0.9882763,-0.05987066,0.137409,6.335642,163.9327,355.7369,0.7058583,-0.005341386,-0.7083319,0.1906129,-0.00292453,-0.2423979,2.708775,-0.1770906,-4.365802,0.1835885,0.08864653,2.028955,-0.9605491,-0.07388274,-0.268117,-0.04097567,0.9911426,-0.1263224,0.2750753,-0.1103526,-0.9550685,moving,-16.9641,2.914685,5.170286,2.501703
05/15/2023 12:31:33.728842,1904,True,True,True,True,Eyes,2.292169,-0.01637807,-2.333213,0.28727,-0.05051992,-0.9565164,0.0,0.0,0.0,0.0,0.0,0.0,0.0,1.595973,-0.1879399,-2.918015,2.307097,-0.006236911,-2.403023,-0.03181054,0.9887907,-0.05941679,0.1332324,6.25912,164.4035,355.4567,0.7053918,-0.005320973,-0.7087966,0.1791761,-0.002749058,-0.227854,2.692656,-0.1685968,-4.379402,0.1867567,0.08663806,2.028698,-0.9624748,-0.0787404,-0.2596977,-0.04707545,0.9909155,-0.1259779,0.267258,-0.1090251,-0.9574378,moving,-16.71655,3.023358,5.259676,2.445401
05/15/2023 12:31:33.738714,1905,True,True,True,True,Eyes,2.293336,-0.01595225,-2.336977,0.2828544,-0.052735,-0.9577121,0.0,0.0,0.0,0.0,0.0,0.0,0.0,1.621724,-0.1947844,-2.912358,2.309346,-0.006155476,-2.411771,-0.0331123,0.9891736,-0.06178123,0.128927,6.527876,164.8798,355.2982,0.7049339,-0.005289644,-0.7092523,0.1684255,-0.002584115,-0.2141828,2.676461,-0.1605176,-4.392805,0.1898798,0.08465715,2.028442,-0.9645628,-0.08143816,-0.250971,-0.04957709,0.9901733,-0.1307629,0.2591538,-0.1136866,-0.9591218,moving,-16.45418,3.151725,5.347799,2.389855
05/15/2023 12:31:33.759000,1906,True,True,True,True,Eyes,2.294543,-0.01553674,-2.340936,0.2782115,-0.05499382,-0.9589442,0.0,0.0,0.0,0.0,0.0,0.0,0.0,1.652995,-0.2140844,-2.902654,2.311911,-0.005276784,-2.420467,-0.03407707,0.9895099,-0.06615902,0.1238221,7.035888,165.4367,355.1551,0.7044827,-0.005247942,-0.7097008,0.15832,-0.002429068,-0.2013318,2.659416,-0.1606888,-4.405434,0.193085,0.08262518,2.028183,-0.9670138,-0.08382309,-0.2405374,-0.0510553,0.9889235,-0.139369,0.2495554,-0.122491,-0.9605824,moving,-16.17865,3.28222,5.438225,2.332855
05/15/2023 12:31:33.779182,1907,True,True,True,True,Eyes,2.295805,-0.01510321,-2.345063,0.2733775,-0.05708081,-0.9602116,0.0,0.0,0.0,0.0,0.0,0.0,0.0,1.683583,-0.2252358,-2.893101,2.314125,-0.005057618,-2.428996,-0.03288893,0.9900884,-0.0675469,0.1186625,7.235589,166.0345,355.3075,0.704035,-0.005197206,-0.7101453,0.1488208,-0.002283324,-0.1892519,2.641574,-0.1728771,-4.416595,0.1962752,0.08060239,2.027923,-0.9696751,-0.08115645,-0.2305296,-0.04909532,0.9887115,-0.1415602,0.2394157,-0.1259494,-0.9627133,moving,-15.89194,3.402006,5.52823,2.276096
05/15/2023 12:31:33.788931,1908,True,True,True,True,Eyes,2.297099,-0.01465248,-2.349381,0.2683628,-0.05911606,-0.9615023,0.0,0.0,0.0,0.0,0.0,0.0,0.0,1.711297,-0.2536661,-2.88324,2.316463,-0.00411123,-2.437198,-0.03025054,0.9904774,-0.07088975,0.1140795,7.673479,166.5642,355.5961,0.7035884,-0.005137719,-0.7105884,0.1398915,-0.002146324,-0.1778968,2.620999,-0.1926787,-4.427137,0.1994949,0.07856087,2.027662,-0.9721418,-0.07609908,-0.2216974,-0.04375083,0.9881191,-0.1473313,0.2302752,-0.1335274,-0.9639212,moving,-15.59483,3.518289,5.619057,2.218791
05/15/2023 12:31:33.808791,1909,True,True,True,True,Eyes,2.298408,-0.01421927,-2.353867,0.2631841,-0.06071807,-0.962833,0.0,0.0,0.0,0.0,0.0,0.0,0.0,1.738659,-0.2610919,-2.875352,2.318587,-0.003208488,-2.445997,-0.02863086,0.9910424,-0.07105254,0.1093927,7.73365,167.1193,355.8161,0.7031413,-0.005069987,-0.7110313,0.131498,-0.002017545,-0.167223,2.599277,-0.2011414,-4.438358,0.2026258,0.07657573,2.027406,-0.974427,-0.07229405,-0.212757,-0.04120354,0.9882636,-0.1470962,0.2208942,-0.1345682,-0.9659695,moving,-15.28798,3.608402,5.70738,2.16305
05/15/2023 12:31:33.828928,1910,True,True,True,True,Eyes,2.299737,-0.01380356,-2.358515,0.257853,-0.06239887,-0.9641671,0.0,0.0,0.0,0.0,0.0,0.0,0.0,1.765212,-0.262661,-2.867872,2.320765,-0.003142044,-2.454319,-0.02705773,0.9916334,-0.07029745,0.1048304,7.686094,167.6648,356.0422,0.7026906,-0.004995204,-0.7114773,0.1236082,-0.001896492,-0.1571896,2.579901,-0.2168001,-4.447821,0.2058356,0.07454014,2.027145,-0.9765572,-0.06840133,-0.2041025,-0.03892408,0.9886523,-0.1450915,0.2117109,-0.1337457,-0.9681379,moving,-14.97256,3.702898,5.797922,2.105874
05/15/2023 12:31:33.839291,1911,True,True,True,True,Eyes,2.301105,-0.01339445,-2.363329,0.2523659,-0.06373262,-0.9655308,0.0,0.0,0.0,0.0,0.0,0.0,0.0,1.791781,-0.2763397,-2.858903,2.322669,-0.003089309,-2.462797,-0.02561628,0.9920278,-0.071894,0.1002791,7.903447,168.1947,356.2233,0.7022355,-0.004914775,-0.7119272,0.1161917,-0.001782703,-0.1477582,2.559621,-0.2194256,-4.459046,0.2090515,0.07250096,2.026883,-0.978576,-0.06524307,-0.195276,-0.03640521,0.9883502,-0.1477792,0.2026426,-0.1375041,-0.9695509,moving,-14.648,3.776494,5.888632,2.048578
05/15/2023 12:31:33.858970,1912,True,True,True,True,Eyes,2.302496,-0.01300522,-2.36831,0.2467426,-0.06490267,-0.9669052,0.0,0.0,0.0,0.0,0.0,0.0,0.0,1.817817,-0.2742913,-2.852013,2.324851,-0.002850533,-2.471586,-0.02456217,0.9925778,-0.07078627,0.09578816,7.80582,168.7294,356.3935,0.7017745,-0.004829496,-0.7123821,0.1092202,-0.00167574,-0.1388927,2.539867,-0.218996,-4.469913,0.2121866,0.07051271,2.026628,-0.9804426,-0.0623207,-0.1866771,-0.03519876,0.988772,-0.1452273,0.1936317,-0.1358162,-0.9716278,moving,-14.31567,3.840169,5.977054,1.992695
05/15/2023 12:31:33.878801,1913,True,True,True,True,Eyes,2.303925,-0.01264787,-2.373456,0.2409409,-0.06577132,-0.9683086,0.0,0.0,0.0,0.0,0.0,0.0,0.0,1.843134,-0.2696719,-2.845543,2.326868,-0.002939209,-2.480456,-0.0235273,0.9931265,-0.06925389,0.091379,7.657783,169.2559,356.5646,0.7013052,-0.00474026,-0.7128448,0.102667,-0.001575196,-0.1305592,2.519809,-0.228246,-4.47965,0.2156163,0.0683385,2.026351,-0.9821928,-0.05938787,-0.1782431,-0.03407447,0.9893007,-0.1418556,0.1847605,-0.133256,-0.9737076,moving,-13.97295,3.885785,6.073772,1.931563
05/15/2023 12:31:33.889169,1914,True,True,True,True,Eyes,2.305372,-0.01236364,-2.378759,0.2350301,-0.06650893,-0.96971,0.0,0.0,0.0,0.0,0.0,0.0,0.0,1.86899,-0.2650268,-2.838801,2.329016,-0.00338003,-2.489543,-0.02255701,0.9936498,-0.06782537,0.08689514,7.519821,169.7892,356.7263,0.7008274,-0.004648619,-0.7133151,0.09650694,-0.001480684,-0.1227256,2.500416,-0.226014,-4.490665,0.2186917,0.06638806,2.026098,-0.9838808,-0.05661494,-0.1696268,-0.03304016,0.9897818,-0.1387095,0.1757466,-0.1308691,-0.9756978,moving,-13.62415,3.923568,6.160504,1.876708
05/15/2023 12:31:33.909121,1915,True,True,True,True,Eyes,2.30683,-0.01216458,-2.384213,0.2290331,-0.06723752,-0.9710937,0.0,0.0,0.0,0.0,0.0,0.0,0.0,1.893061,-0.2619618,-2.83264,2.330952,-0.004842103,-2.498558,-0.02113426,0.994131,-0.06649715,0.08267467,7.395587,170.294,356.9355,0.7003406,-0.004557111,-0.7137936,0.09071652,-0.001391843,-0.1153621,2.481126,-0.2223348,-4.501709,0.2217931,0.0644217,2.025847,-0.9854366,-0.05301569,-0.1615682,-0.03102517,0.9902629,-0.1357083,0.1671896,-0.1287192,-0.9774861,moving,-13.27073,3.960779,6.247955,1.821385
05/15/2023 12:31:33.928969,1916,True,True,True,True,Eyes,2.3083,-0.01202295,-2.389826,0.22293,-0.06813254,-0.9724506,0.0,0.0,0.0,0.0,0.0,0.0,0.0,1.916751,-0.2697772,-2.825509,2.3329,-0.006663427,-2.507539,-0.01993866,0.9944245,-0.06743455,0.07858072,7.526432,170.7724,357.0945,0.6998427,-0.004468137,-0.7142824,0.08527353,-0.001308333,-0.1084404,2.461451,-0.2195376,-4.512723,0.2251237,0.06230995,2.025576,-0.986855,-0.05025308,-0.1535961,-0.02905687,0.99011,-0.1372507,0.1589743,-0.1309835,-0.9785552,moving,-12.9117,4.007749,6.34186,1.761954
05/15/2023 12:31:33.939694,1917,True,True,True,True,Eyes,2.309787,-0.01195186,-2.395596,0.2163153,-0.06924811,-0.9738647,0.0,0.0,0.0,0.0,0.0,0.0,0.0,1.942305,-0.2804855,-2.816826,2.334721,-0.007855549,-2.516893,-0.01996119,0.9945995,-0.06977465,0.07419556,7.806825,171.2698,357.1037,0.6993332,-0.004383259,-0.7147818,0.08015712,-0.001229833,-0.1019339,2.442823,-0.2178622,-4.523345,0.2281925,0.06036368,2.025326,-0.988193,-0.05006072,-0.1448041,-0.02935284,0.9894661,-0.1417577,0.1503753,-0.1358336,-0.9792529,moving,-12.52325,4.067257,6.42838,1.707163
05/15/2023 12:31:33.958796,1918,True,True,True,True,Eyes,2.31129,-0.01195207,-2.4015,0.2095894,-0.07049841,-0.9752447,0.0,0.0,0.0,0.0,0.0,0.0,0.0,1.970279,-0.27933,-2.807593,2.336689,-0.009496912,-2.52634,-0.02051111,0.9948893,-0.07043424,0.06938073,7.891777,171.8197,357.0726,0.6988111,-0.004304143,-0.7152928,0.07534769,-0.001156043,-0.0958179,2.424818,-0.2257631,-4.532725,0.231361,0.05835456,2.025068,-0.9895314,-0.05058613,-0.1351629,-0.03103901,0.9892366,-0.1429947,0.1409416,-0.1373024,-0.9804509,moving,-12.12892,4.134601,6.517699,1.650584
05/15/2023 12:31:33.979267,1919,True,True,True,True,Eyes,2.312786,-0.01200325,-2.40755,0.2024975,-0.07209694,-0.9766253,0.0,0.0,0.0,0.0,0.0,0.0,0.0,1.998012,-0.2882802,-2.796874,2.338676,-0.01116557,-2.535375,-0.02051361,0.9950557,-0.07256344,0.06463771,8.149554,172.3596,357.0929,0.6982758,-0.004232345,-0.7158157,0.07082683,-0.00108668,-0.09006882,2.405552,-0.2390415,-4.541636,0.2347695,0.05619316,2.024789,-0.9908025,-0.05020503,-0.1256592,-0.03144369,0.9886275,-0.1470612,0.1316133,-0.1417574,-0.9811133,moving,-11.71396,4.222061,6.613777,1.589699
05/15/2023 12:31:33.989203,1920,True,True,True,True,Eyes,2.350658,-0.01476176,-2.562592,0.01835072,-0.1092337,-0.9938467,0.0,0.0,0.0,0.0,0.0,0.0,0.0,2.026208,-0.2979931,-2.78581,2.340686,-0.01238586,-2.544816,-0.02058781,0.9951893,-0.07481119,0.05981389,8.420658,172.908,357.107,0.6977273,-0.004168721,-0.7163507,0.06657722,-0.001021479,-0.08466469,2.385068,-0.2457914,-4.551209,0.2377675,0.0542926,2.024547,-0.9919968,-0.04992703,-0.1159719,-0.03202803,0.9879588,-0.1513655,0.1221327,-0.1464397,-0.9816511,moving,-1.057808,6.272203,6.698267,1.536142
05/15/2023 12:31:34.010276,1921,True,True,True,True,Eyes,2.350733,-0.01483956,-2.56297,0.01773632,-0.1094375,-0.9938354,0.0,0.0,0.0,0.0,0.0,0.0,0.0,2.056973,-0.2912548,-2.774603,2.342746,-0.01392256,-2.554552,-0.02139102,0.9954885,-0.07466755,0.05449579,8.414301,173.5169,357.0606,0.6953309,-0.004186752,-0.7186768,0.1762002,-0.009235711,-0.5447106,2.364676,-0.2585713,-4.559394,0.2409965,0.05224505,2.024285,-0.9931454,-0.05072716,-0.1053054,-0.03445089,0.9879343,-0.1509928,0.1116943,-0.1463299,-0.98291,moving,-1.022411,6.283882,6.78926,1.478427
05/15/2023 12:31:34.028739,1922,True,True,True,True,Eyes,2.350888,-0.01497517,-2.563729,0.01669736,-0.1098086,-0.9938124,0.0,0.0,0.0,0.0,0.0,0.0,0.0,2.08837,-0.2955866,-2.761084,2.344867,-0.01583689,-2.5639,-0.02175317,0.9956347,-0.07633845,0.04910112,8.619637,174.1313,357.0541,0.6932918,-0.004199863,-0.7206441,0.1656282,-0.008681568,-0.512028,2.344007,-0.271383,-4.567622,0.244225,0.05019796,2.024023,-0.9942319,-0.05081302,-0.09445236,-0.03581981,0.9873985,-0.1541466,0.1010948,-0.1498742,-0.9835232,moving,-0.962554,6.305164,6.880229,1.420706
05/15/2023 12:31:34.038817,1923,True,True,True,True,Eyes,2.351082,-0.01516706,-2.564864,0.01510525,-0.1101669,-0.9937984,0.0,0.0,0.0,0.0,0.0,0.0,0.0,2.121262,-0.3033576,-2.746126,2.347045,-0.01731826,-2.573727,-0.02190482,0.9957327,-0.07842038,0.04343823,8.874372,174.7771,357.074,0.6915475,-0.004211205,-0.7223181,0.1556905,-0.008160674,-0.4813063,2.321492,-0.2749608,-4.577063,0.2473312,0.04822817,2.02377,-0.9952666,-0.05043557,-0.08307015,-0.0368098,0.9867409,-0.1580745,0.08994129,-0.1542684,-0.9839267,moving,-0.8708007,6.325662,6.967744,1.365149
05/15/2023 12:31:34.058623,1924,True,True,True,True,Eyes,2.351365,-0.01543604,-2.566356,0.01309404,-0.1104862,-0.9937914,0.0,0.0,0.0,0.0,0.0,0.0,0.0,2.156086,-0.2964846,-2.731103,2.349341,-0.01880772,-2.583753,-0.02266585,0.9959704,-0.07829775,0.03739898,8.874411,175.4694,357.0409,0.6899786,-0.004226081,-0.7238169,0.1463491,-0.007671033,-0.4524279,2.298747,-0.2861848,-4.584857,0.2504752,0.04623461,2.023514,-0.9961752,-0.05100555,-0.07094718,-0.03929253,0.9867114,-0.1576599,0.07804592,-0.1542691,-0.9849415,moving,-0.7548767,6.343893,7.05631,1.308905
05/15/2023 12:31:34.079065,1925,True,True,True,True,Eyes,2.351709,-0.01573574,-2.568199,0.01066351,-0.1108513,-0.9937798,0.0,0.0,0.0,0.0,0.0,0.0,0.0,2.191022,-0.2881866,-2.715794,2.351875,-0.02093311,-2.593723,-0.02316768,0.9962051,-0.07782159,0.03134663,8.835614,176.1667,357.0393,0.6885471,-0.00424702,-0.7251787,0.1375682,-0.007210772,-0.4252822,2.274819,-0.2986835,-4.592511,0.2537756,0.04414222,2.023245,-0.9969616,-0.05103841,-0.05884945,-0.04128063,0.9868141,-0.156505,0.06606124,-0.1536001,-0.9859226,moving,-0.6147746,6.364757,7.149272,1.249854
05/15/2023 12:31:34.089647,1926,True,True,True,True,Eyes,2.352149,-0.01607104,-2.570414,0.007826376,-0.1109572,-0.9937943,0.0,0.0,0.0,0.0,0.0,0.0,0.0,2.22616,-0.2906008,-2.698839,2.354399,-0.02193455,-2.603899,-0.02386163,0.9962417,-0.07932889,0.02530168,9.02434,176.8541,357.0075,0.6872359,-0.004274254,-0.7264213,0.1293141,-0.006778125,-0.3997653,2.249654,-0.3023949,-4.601153,0.2568992,0.04216132,2.02299,-0.9975812,-0.0515582,-0.04662734,-0.04352958,0.9862751,-0.159269,0.05419901,-0.156854,-0.9861338,moving,-0.4512091,6.370694,7.237247,1.193934
05/15/2023 12:31:34.109237,1927,True,True,True,True,Eyes,2.352667,-0.01647872,-2.572972,0.004688644,-0.1107258,-0.9938399,0.0,0.0,0.0,0.0,0.0,0.0,0.0,2.26203,-0.2668165,-2.684604,2.35722,-0.02318233,-2.614965,-0.02466949,0.9966179,-0.07603875,0.01903532,8.663088,177.5829,356.981,0.6860294,-0.004308125,-0.7275606,0.1215552,-0.006371438,-0.3757794,2.224504,-0.3053163,-4.609562,0.2601292,0.04011339,2.022728,-0.9980583,-0.05206696,-0.0341902,-0.04627727,0.987219,-0.1525024,0.04169355,-0.150624,-0.9877117,moving,-0.2703026,6.357224,7.328195,1.136103
05/15/2023 12:31:34.128880,1928,True,True,True,True,Eyes,2.353287,-0.01695778,-2.575861,0.001264286,-0.110587,-0.9938656,0.0,0.0,0.0,0.0,0.0,0.0,0.0,2.294885,-0.246187,-2.67158,2.360041,-0.02536419,-2.625643,-0.02452991,0.9969664,-0.07266305,0.01328548,8.292893,178.2595,357.0549,0.6849136,-0.004350003,-0.7286109,0.1142619,-0.005989151,-0.3532326,2.199682,-0.3151698,-4.61667,0.263311,0.03809616,2.022471,-0.9984438,-0.05084171,-0.02292552,-0.04698026,0.9882368,-0.145537,0.03005519,-0.1442335,-0.9890875,moving,-0.07288532,6.349161,7.417768,1.079121
05/15/2023 12:31:34.139074,1929,True,True,True,True,Eyes,2.354002,-0.01748439,-2.579093,-0.00234139,-0.1103932,-0.9938852,0.0,0.0,0.0,0.0,0.0,0.0,0.0,2.32552,-0.249748,-2.658183,2.363193,-0.02752993,-2.636459,-0.02417793,0.9969602,-0.07362131,0.008108421,8.41853,178.8573,357.1374,0.6838768,-0.00440107,-0.7295838,0.1074062,-0.005629802,-0.3320386,2.17383,-0.3060742,-4.62693,0.266553,0.03604001,2.022206,-0.9986996,-0.04940278,-0.01260752,-0.04701497,0.9879907,-0.1471871,0.01972757,-0.146403,-0.9890285,moving,0.1349768,6.338002,7.509038,1.021024
05/15/2023 12:31:34.159380,1930,True,True,True,True,Eyes,2.354806,-0.01806542,-2.58264,-0.006187439,-0.1101135,-0.9938997,0.0,0.0,0.0,0.0,0.0,0.0,0.0,2.354408,-0.2389683,-2.647658,2.366115,-0.02927229,-2.647845,-0.02449476,0.9970741,-0.07234137,0.003174155,8.285393,179.4283,357.144,0.6829079,-0.004461702,-0.7304904,0.1009618,-0.005292014,-0.3121163,2.149783,-0.2971665,-4.636642,0.2698526,0.03394794,2.021939,-0.9987798,-0.04930541,-0.002785766,-0.04838693,0.9883334,-0.1444149,0.009873701,-0.1441039,-0.9895133,moving,0.3566855,6.321979,7.601903,0.9618942
05/15/2023 12:31:34.179442,1931,True,True,True,True,Eyes,2.355663,-0.01870557,-2.586503,-0.010151,-0.1100114,-0.9938785,0.0,0.0,0.0,0.0,0.0,0.0,0.0,2.382763,-0.2255186,-2.637252,2.369134,-0.03118563,-2.658898,-0.02523324,0.9971578,-0.07097238,-0.001639992,8.141835,179.982,357.0996,0.6819971,-0.004532442,-0.7313403,0.09490412,-0.004974493,-0.2933894,2.128899,-0.3054494,-4.644098,0.2730309,0.03193232,2.02168,-0.9987213,-0.05009025,0.006852387,-0.05055583,0.9886524,-0.1414586,0.0003110649,-0.1416241,-0.9899206,moving,0.5851716,6.316298,7.691347,0.9049086
05/15/2023 12:31:34.189662,1932,True,True,True,True,Eyes,2.356543,-0.0193916,-2.590681,-0.01435239,-0.1099563,-0.9938328,0.0,0.0,0.0,0.0,0.0,0.0,0.0,2.409589,-0.223473,-2.627225,2.372045,-0.03311957,-2.670331,-0.02625433,0.997041,-0.07199015,-0.006122663,8.272183,180.488,357.0185,0.6811354,-0.004613874,-0.7321424,0.08920987,-0.004676023,-0.275786,2.108777,-0.3046014,-4.653161,0.2761854,0.02993235,2.021422,-0.9985467,-0.05147175,0.0159892,-0.05323484,0.9882563,-0.1432328,-0.008428982,-0.1438758,-0.9895601,moving,0.8273771,6.313452,7.780107,0.8483493
05/15/2023 12:31:34.209005,1933,True,True,True,True,Eyes,2.357456,-0.02013436,-2.595165,-0.01931343,-0.1104394,-0.9936951,0.0,0.0,0.0,0.0,0.0,0.0,0.0,2.437825,-0.2162707,-2.615041,2.373564,-0.03490649,-2.682009,-0.02751998,0.9969431,-0.07227018,-0.01115195,8.320619,181.0573,356.9145,0.6803138,-0.004706196,-0.7329054,0.08385728,-0.004395462,-0.2592388,2.089353,-0.3038189,-4.661725,0.279356,0.02792197,2.021164,-0.9982368,-0.0532598,0.02621346,-0.05648361,0.9880394,-0.1434847,-0.01825796,-0.1447123,-0.9893056,moving,1.113459,6.341836,7.869303,0.7914795
05/15/2023 12:31:34.229225,1934,True,True,True,True,Eyes,2.358397,-0.02091527,-2.599936,-0.024562,-0.1109996,-0.9935169,0.0,0.0,0.0,0.0,0.0,0.0,0.0,2.470702,-0.2110465,-2.599147,2.376187,-0.03691591,-2.693854,-0.02823107,0.9968224,-0.07255002,-0.01687121,8.371536,181.7109,356.8807,0.6795245,-0.004809829,-0.7336366,0.07882584,-0.004131734,-0.2436845,2.071491,-0.31283,-4.669328,0.2825511,0.02589604,2.020904,-0.9978366,-0.05383471,0.03773153,-0.05873073,0.987879,-0.1436864,-0.02953887,-0.1455915,-0.9889037,moving,1.416194,6.374871,7.95917,0.7341531
05/15/2023 12:31:34.238949,1935,True,True,True,True,Eyes,2.359391,-0.02166878,-2.604994,-0.03044009,-0.1119847,-0.9932436,0.0,0.0,0.0,0.0,0.0,0.0,0.0,2.505054,-0.2104717,-2.579888,2.377884,-0.03859244,-2.705473,-0.02875673,0.996612,-0.07353095,-0.02304394,8.50461,182.4167,356.8741,0.6787609,-0.004924652,-0.7343424,0.07409628,-0.00388383,-0.2290634,2.050182,-0.3188828,-4.677,0.2856418,0.02393675,2.020655,-0.9972845,-0.05392972,0.05016076,-0.06070749,0.9875326,-0.1452383,-0.04170272,-0.147889,-0.9881247,moving,1.755403,6.43273,8.046078,0.678696
05/15/2023 12:31:34.259532,1936,True,True,True,True,Eyes,2.360415,-0.02234043,-2.610328,-0.03666816,-0.1128502,-0.9929352,0.0,0.0,0.0,0.0,0.0,0.0,0.0,2.542772,-0.2074182,-2.557909,2.380297,-0.03864056,-2.717406,-0.02972856,0.9963554,-0.07421691,-0.02973554,8.607269,183.1796,356.8213,0.6780174,-0.005048658,-0.7350281,0.06965051,-0.0036508,-0.2153196,2.02694,-0.3250198,-4.684064,0.2889074,0.02186579,2.020388,-0.9964644,-0.05482666,0.06366705,-0.06365418,0.9872161,-0.1461249,-0.0548416,-0.1496608,-0.9872156,moving,2.114918,6.484023,8.1379,0.6200633
05/15/2023 12:31:34.279302,1937,True,True,True,True,Eyes,2.361461,-0.02296292,-2.615946,-0.04348201,-0.1135951,-0.9925752,0.0,0.0,0.0,0.0,0.0,0.0,0.0,2.583341,-0.191152,-2.532776,2.382162,-0.03737605,-2.729295,-0.03124721,0.9961674,-0.07274898,-0.03717219,8.468369,184.03,356.7052,0.6772887,-0.005178527,-0.7356988,0.06547148,-0.003431752,-0.2024004,2.001029,-0.3335756,-4.689816,0.2922036,0.01977515,2.020119,-0.9952839,-0.05684643,0.07860586,-0.06766339,0.9874624,-0.1426173,-0.06951306,-0.1472634,-0.9866518,moving,2.508368,6.5288,8.23056,0.5608562
05/15/2023 12:31:34.289319,1938,True,True,True,True,Eyes,2.362525,-0.02352086,-2.6218,-0.05062175,-0.114357,-0.9921492,0.0,0.0,0.0,0.0,0.0,0.0,0.0,2.627015,-0.1644081,-2.505007,2.384302,-0.03684551,-2.741722,-0.03254479,0.9960367,-0.06929044,-0.04528529,8.104512,184.9661,356.6092,0.6765694,-0.005312227,-0.7363594,0.06154319,-0.003225847,-0.1902564,1.973999,-0.3396365,-4.69522,0.2954421,0.01772219,2.019857,-0.9937803,-0.05855592,0.0947217,-0.07110728,0.9882794,-0.135084,-0.08570153,-0.1409792,-0.9862962,moving,2.92083,6.575005,8.321575,0.5026991
05/15/2023 12:31:34.309244,1939,True,True,True,True,Eyes,2.363648,-0.02396413,-2.627928,-0.05817965,-0.1152958,-0.991626,0.0,0.0,0.0,0.0,0.0,0.0,0.0,2.668013,-0.1614335,-2.475854,2.385951,-0.03584521,-2.753209,-0.03309176,0.9956249,-0.06954595,-0.05291051,8.162736,185.842,356.6099,0.6758565,-0.005447359,-0.7370129,0.0578506,-0.003032296,-0.178841,1.943631,-0.3361605,-4.700736,0.2984805,0.01579562,2.01961,-0.9922109,-0.05853454,0.1099608,-0.07325338,0.9881366,-0.1349815,-0.1007552,-0.1419852,-0.9847277,moving,3.35775,6.631971,8.406952,0.4481082
05/15/2023 12:31:34.329544,1940,True,True,True,True,Eyes,2.364783,-0.02420767,-2.634285,-0.0659522,-0.1161734,-0.9910368,0.0,0.0,0.0,0.0,0.0,0.0,0.0,2.708479,-0.1544702,-2.448075,2.387919,-0.0335771,-2.765774,-0.03459083,0.9951377,-0.06970312,-0.06038139,8.216022,186.693,356.4997,0.6751453,-0.005580633,-0.7376633,0.05437956,-0.002850358,-0.1681106,1.91044,-0.3256046,-4.706676,0.3016995,0.01375425,2.019347,-0.990315,-0.06042774,0.1249978,-0.07726283,0.9878899,-0.1345511,-0.1153534,-0.1429057,-0.982991,moving,3.807345,6.685935,8.497394,0.3902491
05/15/2023 12:31:34.339158,1941,True,True,True,True,Eyes,2.365924,-0.02440534,-2.640938,-0.074054,-0.1165228,-0.9904234,0.0,0.0,0.0,0.0,0.0,0.0,0.0,2.744395,-0.1370124,-2.423813,2.389459,-0.02905688,-2.777585,-0.03737714,0.9946799,-0.06864972,-0.06709963,8.13957,187.4499,356.2268,0.6744338,-0.005706396,-0.738313,0.05111679,-0.002679337,-0.1580239,1.879013,-0.3288735,-4.709479,0.3050284,0.01164329,2.019076,-0.9882015,-0.06514382,0.1386172,-0.08356932,0.9877803,-0.131553,-0.1283534,-0.1415849,-0.98157,moving,4.276052,6.709977,8.590899,0.3304007
05/15/2023 12:31:34.358979,1942,True,True,True,True,Eyes,2.367093,-0.02453808,-2.647756,-0.08223771,-0.1169285,-0.9897296,0.0,0.0,0.0,0.0,0.0,0.0,0.0,2.785206,-0.07093617,-2.397569,2.391284,-0.02804554,-2.791365,-0.04048219,0.9945791,-0.05935722,-0.07516971,7.132074,188.3863,355.8619,0.6737177,-0.005824092,-0.7389655,0.04804978,-0.002518577,-0.1485425,1.849176,-0.3311175,-4.713055,0.3080988,0.009696275,2.018825,-0.9854214,-0.07160173,0.1543303,-0.08944919,0.9896759,-0.1119848,-0.1447186,-0.124157,-0.9816526,moving,4.749858,6.7378,8.677125,0.2751855
05/15/2023 12:31:34.378867,1943,True,True,True,True,Eyes,2.368294,-0.02448654,-2.654839,-0.09038079,-0.1177631,-0.9889202,0.0,0.0,0.0,0.0,0.0,0.0,0.0,2.81408,-0.06802163,-2.378301,2.393205,-0.02661286,-2.802114,-0.04149181,0.9940952,-0.05986689,-0.08043191,7.221259,188.9855,355.7881,0.6729962,-0.005932605,-0.7396219,0.04516679,-0.002367462,-0.1396299,1.821891,-0.3277162,-4.716737,0.3115271,0.007522702,2.018548,-0.9836186,-0.07286321,0.1648819,-0.09212404,0.9893888,-0.1123522,-0.154946,-0.1257013,-0.9798936,moving,5.22195,6.790948,8.773369,0.2135283
05/15/2023 12:31:34.389271,1944,True,True,True,True,Eyes,2.398296,-0.0227374,-2.837688,-0.2973709,-0.1147323,-0.9478434,0.0,0.0,0.0,0.0,0.0,0.0,0.0,2.842373,-0.06219941,-2.36182,2.394599,-0.02239591,-2.815412,-0.04505823,0.9933916,-0.06181006,-0.08557118,7.499329,189.5472,355.4331,0.6722667,-0.006027631,-0.7402842,0.04245679,-0.002225414,-0.1312522,1.788682,-0.2956438,-4.724702,0.3146046,0.005571142,2.018298,-0.9812946,-0.07894262,0.1755815,-0.1000993,0.9882985,-0.1150918,-0.1644413,-0.1305146,-0.9777141,moving,17.41843,6.901823,8.859754,0.1581541
05/15/2023 12:31:34.409161,1945,True,True,True,True,Eyes,2.398325,-0.02273855,-2.838108,-0.2976528,-0.1156734,-0.9476405,0.0,0.0,0.0,0.0,0.0,0.0,0.0,2.873882,0.008267969,-2.341039,2.395918,-0.02209486,-2.828219,-0.04698138,0.9933531,-0.05055221,-0.09212429,6.262783,190.3316,355.1511,0.6687097,-0.006012286,-0.7434989,0.1299172,0.00315554,-0.6719245,1.767664,-0.2998814,-4.727597,0.3177274,0.003590927,2.018044,-0.9786116,-0.08402401,0.1877739,-0.1026524,0.9904745,-0.09177613,-0.1782739,-0.1090886,-0.977915,moving,17.43744,6.959358,8.947387,0.1019525
05/15/2023 12:31:34.429228,1946,True,True,True,True,Eyes,2.39839,-0.02264,-2.839012,-0.2983597,-0.1170943,-0.9472436,0.0,0.0,0.0,0.0,0.0,0.0,0.0,2.903746,-0.02278185,-2.318353,2.397404,-0.02187406,-2.838836,-0.04819792,0.9923738,-0.05813628,-0.09742442,7.167887,190.9083,355.1241,0.6657547,-0.006005488,-0.7461462,0.1221221,0.002966207,-0.6316091,1.747658,-0.3095789,-4.732038,0.3209871,0.001523852,2.017778,-0.9763709,-0.08433291,0.198967,-0.1069885,0.9885943,-0.1059945,-0.1877588,-0.1247771,-0.9742573,moving,17.48322,7.046917,9.038844,0.04327051
05/15/2023 12:31:34.439136,1947,True,True,True,True,Eyes,2.398481,-0.02247141,-2.840362,-0.2995406,-0.1183437,-0.9467155,0.0,0.0,0.0,0.0,0.0,0.0,0.0,2.937333,-0.03985387,-2.292129,2.398452,-0.01928006,-2.851389,-0.05071192,0.9912561,-0.06400381,-0.1036499,7.897476,191.5896,354.9454,0.6632921,-0.006002396,-0.7483363,0.1147948,0.002788235,-0.5937125,1.719131,-0.269856,-4.74029,0.324092,-0.0004448295,2.017524,-0.9733703,-0.08726902,0.2119787,-0.113805,0.9866636,-0.1163758,-0.1989956,-0.1374009,-0.9703207,moving,17.55736,7.125273,9.125942,-0.01263274
05/15/2023 12:31:34.458993,1948,True,True,True,True,Eyes,2.398601,-0.02223425,-2.842117,-0.3011571,-0.1198045,-0.9460186,0.0,0.0,0.0,0.0,0.0,0.0,0.0,2.972528,-0.001461446,-2.26281,2.399343,-0.01746687,-2.863404,-0.0519735,0.9907632,-0.05812252,-0.1109441,7.27915,192.4469,354.7891,0.6612303,-0.005999631,-0.7501587,0.1079071,0.002620941,-0.5580897,1.699367,-0.303618,-4.738794,0.3272755,-0.002463371,2.017266,-0.9699803,-0.09009019,0.2258803,-0.1158836,0.9878411,-0.103639,-0.2137969,-0.1267036,-0.9686264,moving,17.65844,7.21756,9.215217,-0.06996633
05/15/2023 12:31:34.478877,1949,True,True,True,True,Eyes,2.398683,-0.02192576,-2.844294,-0.3033814,-0.1213856,-0.9451059,0.0,0.0,0.0,0.0,0.0,0.0,0.0,3.006589,-0.005265594,-2.233154,2.40028,-0.01553397,-2.87489,-0.05364895,0.9897456,-0.06081762,-0.1175876,7.643264,193.195,354.68,0.6594927,-0.00599436,-0.7516868,0.1014327,0.002463684,-0.5246043,1.675948,-0.3296635,-4.737969,0.330436,-0.004467279,2.01701,-0.9665899,-0.09189481,0.2392892,-0.1205004,0.986846,-0.107771,-0.226238,-0.1330048,-0.9649488,moving,17.79676,7.318775,9.303817,-0.1268986
05/15/2023 12:31:34.490606,1950,True,True,True,True,Eyes,2.398774,-0.02160739,-2.846854,-0.3062121,-0.1226439,-0.94403,0.0,0.0,0.0,0.0,0.0,0.0,0.0,3.045535,0.01048145,-2.196385,2.400431,-0.01339677,-2.88743,-0.05523675,0.9887235,-0.05973859,-0.125722,7.58627,194.1314,354.5464,0.6580146,-0.005984108,-0.752981,0.09534673,0.002315863,-0.4931281,1.645263,-0.309501,-4.740829,0.3336788,-0.006523222,2.016746,-0.9622857,-0.09420682,0.2552082,-0.1242486,0.9867604,-0.1042409,-0.2420091,-0.1320188,-0.9612505,moving,17.97135,7.402136,9.394709,-0.1853242
05/15/2023 12:31:34.508889,1951,True,True,True,True,Eyes,2.399122,-0.02127162,-2.849827,-0.3112782,-0.1244923,-0.9421293,0.0,0.0,0.0,0.0,0.0,0.0,0.0,3.087191,0.03015637,-2.153629,2.400912,-0.01289573,-2.899178,-0.05473148,0.9877931,-0.05607221,-0.1346297,7.21035,195.1832,354.6194,0.6566575,-0.005966193,-0.754165,0.08962592,0.002176911,-0.4635404,1.619431,-0.323175,-4.739139,0.3369372,-0.008589715,2.01648,-0.9577585,-0.09302878,0.2721103,-0.1232247,0.9877207,-0.09603851,-0.2598347,-0.1255124,-0.9574615,moving,18.28348,7.527413,9.486018,-0.2440646
05/15/2023 12:31:34.528896,1952,True,True,True,True,Eyes,2.399452,-0.02088716,-2.853142,-0.3167287,-0.1265096,-0.9400417,0.0,0.0,0.0,0.0,0.0,0.0,0.0,3.127471,0.005656362,-2.110392,2.401122,-0.01253906,-2.910208,-0.05362502,0.9864349,-0.06040318,-0.1429056,7.729376,196.1398,354.8742,0.6554012,-0.005940661,-0.7552572,0.08424837,0.002046297,-0.435728,1.5864,-0.3221778,-4.737564,0.3402507,-0.01069085,2.01621,-0.9534048,-0.08853129,0.2884123,-0.1230591,0.9869516,-0.103841,-0.2754558,-0.1344942,-0.9518591,moving,18.62024,7.664739,9.578843,-0.3038052
05/15/2023 12:31:34.538789,1953,True,True,True,True,Eyes,2.399666,-0.02048492,-2.856755,-0.3225101,-0.1283896,-0.9378184,0.0,0.0,0.0,0.0,0.0,0.0,0.0,3.165493,-0.01888013,-2.069108,2.401166,-0.01087619,-2.921675,-0.05193406,0.9851373,-0.06380025,-0.1507881,8.126903,197.0624,355.1857,0.6542306,-0.005906931,-0.7562718,0.07919347,0.001923519,-0.4095843,1.549882,-0.310306,-4.734769,0.3432659,-0.01260282,2.015964,-0.9491319,-0.08308371,0.3037207,-0.121565,0.9864648,-0.110042,-0.2904671,-0.1413661,-0.9463853,moving,18.97778,7.79547,9.663293,-0.3581805
05/15/2023 12:31:34.558682,1954,True,True,True,True,Eyes,2.399862,-0.02008924,-2.860646,-0.3285413,-0.1304577,-0.9354364,0.0,0.0,0.0,0.0,0.0,0.0,0.0,3.200731,-0.0247902,-2.029917,2.400682,-0.009815842,-2.933,-0.04998373,0.9840631,-0.0632761,-0.1584855,8.069763,197.9779,355.4631,0.6531318,-0.005865353,-0.7572211,0.07444186,0.001808108,-0.3850092,1.517451,-0.3286809,-4.727475,0.3463629,-0.01456626,2.015713,-0.9447679,-0.07831758,0.3182451,-0.118431,0.9869955,-0.1086919,-0.305594,-0.1403787,-0.9417569,moving,19.35215,7.939369,9.750003,-0.4140325
05/15/2023 12:31:34.578880,1955,True,True,True,True,Eyes,2.3999,-0.01970666,-2.86477,-0.3346505,-0.1328273,-0.9329341,0.0,0.0,0.0,0.0,0.0,0.0,0.0,3.232013,-0.04515883,-1.994856,2.40059,-0.009487063,-2.943547,-0.04905265,0.9827861,-0.06682307,-0.1651061,8.484588,198.7531,355.6888,0.6520942,-0.005816875,-0.7581153,0.06997535,0.001699621,-0.3619087,1.485932,-0.3412459,-4.72105,0.3496192,-0.01663107,2.015449,-0.9406676,-0.07435073,0.3310837,-0.1184823,0.986257,-0.1151478,-0.3179723,-0.1475434,-0.9365493,moving,19.73329,8.103077,9.841145,-0.4727821
05/15/2023 12:31:34.589251,1956,True,True,True,True,Eyes,2.399912,-0.019343,-2.869139,-0.3409337,-0.1353542,-0.9302921,0.0,0.0,0.0,0.0,0.0,0.0,0.0,3.261503,-0.064475,-1.961129,2.399885,-0.009065971,-2.954328,-0.04986903,0.9812843,-0.07211793,-0.1714447,9.127731,199.4815,355.7516,0.6511062,-0.005762557,-0.7589644,0.06577682,0.001597644,-0.3401942,1.453777,-0.3387161,-4.716533,0.3527635,-0.01862468,2.015193,-0.9362395,-0.07314292,0.3436647,-0.1225998,0.9846241,-0.1244368,-0.3292789,-0.1586359,-0.9308114,moving,20.12689,8.278245,9.929135,-0.52952
05/15/2023 12:31:34.609110,1957,True,True,True,True,Eyes,2.399871,-0.01898872,-2.873729,-0.347225,-0.1380207,-0.9275695,0.0,0.0,0.0,0.0,0.0,0.0,0.0,3.288806,-0.07429421,-1.929809,2.3994,-0.009095982,-2.964578,-0.0502695,0.9799772,-0.0751195,-0.1774115,9.50116,200.1755,355.8211,0.6501593,-0.005703469,-0.7597762,0.06183022,0.001501785,-0.3197825,1.427443,-0.3536611,-4.710365,0.3560331,-0.02069826,2.014926,-0.9319963,-0.07187181,0.3552709,-0.12518,0.9836601,-0.129394,-0.3401659,-0.1650676,-0.9257645,moving,20.52281,8.463411,10.02061,-0.5885484
05/15/2023 12:31:34.628806,1958,True,True,True,True,Eyes,2.399777,-0.01863633,-2.878553,-0.3536471,-0.1407426,-0.9247298,0.0,0.0,0.0,0.0,0.0,0.0,0.0,3.314466,-0.08818245,-1.899905,2.398758,-0.00884521,-2.974724,-0.05133186,0.9785392,-0.07964006,-0.1829849,10.05816,200.8181,355.8466,0.6492459,-0.005640354,-0.7605573,0.0581204,0.001411678,-0.3005956,1.40286,-0.3773966,-4.703261,0.3593485,-0.02280049,2.014657,-0.9277631,-0.07131462,0.366292,-0.1296063,0.9820449,-0.1370759,-0.3499397,-0.1746477,-0.9203479,moving,20.9285,8.653923,10.11332,-0.6484061
05/15/2023 12:31:34.638655,1959,True,True,True,True,Eyes,2.399631,-0.01829937,-2.883598,-0.3600679,-0.1431455,-0.9218787,0.0,0.0,0.0,0.0,0.0,0.0,0.0,3.338865,-0.0838789,-1.871936,2.397478,-0.008511305,-2.985167,-0.05288779,0.9772753,-0.08105101,-0.1885914,10.27464,201.4633,355.757,0.6483589,-0.005573666,-0.761314,0.05463318,0.001326978,-0.2825598,1.379565,-0.3919405,-4.697529,0.3623317,-0.02469231,2.014413,-0.9232723,-0.0728008,0.3771847,-0.1339429,0.9812673,-0.1384699,-0.3600382,-0.1783666,-0.9157282,moving,21.33465,8.826164,10.19674,-0.7022861
05/15/2023 12:31:34.659311,1960,True,True,True,True,Eyes,2.399425,-0.01798584,-2.888862,-0.366582,-0.1454758,-0.918942,0.0,0.0,0.0,0.0,0.0,0.0,0.0,3.361816,-0.07010132,-1.846775,2.396531,-0.008555874,-2.99564,-0.05439447,0.976195,-0.08053978,-0.1939029,10.27306,202.076,355.6306,0.6474918,-0.00550414,-0.7620523,0.05135519,0.001247359,-0.2656063,1.358282,-0.4129049,-4.690906,0.3655068,-0.02670527,2.014156,-0.9188862,-0.07496541,0.3873358,-0.137433,0.9811092,-0.1361505,-0.3698121,-0.1783395,-0.9118303,moving,21.74792,8.995722,10.28548,-0.7596281
05/15/2023 12:31:34.679259,1961,True,True,True,True,Eyes,2.399182,-0.01769651,-2.894348,-0.3731419,-0.1473257,-0.9160023,0.0,0.0,0.0,0.0,0.0,0.0,0.0,3.383316,-0.05387938,-1.822983,2.394988,-0.008813456,-3.006152,-0.0562624,0.9751008,-0.07997978,-0.1990386,10.27503,202.6652,355.4601,0.6466391,-0.005432718,-0.7627764,0.04827388,0.001172517,-0.2496699,1.335736,-0.4228414,-4.686234,0.3688248,-0.02880912,2.013885,-0.9144365,-0.0778849,0.397165,-0.1415611,0.9808756,-0.1335799,-0.3791656,-0.1783734,-0.9079739,moving,22.16397,9.136947,10.37819,-0.8195739
05/15/2023 12:31:34.688952,1962,True,True,True,True,Eyes,2.398861,-0.01744698,-2.900031,-0.3797788,-0.1490106,-0.9129971,0.0,0.0,0.0,0.0,0.0,0.0,0.0,3.404051,-0.0381715,-1.800337,2.393557,-0.009212717,-3.016792,-0.05698968,0.9741769,-0.07817198,-0.2040114,10.11124,203.2477,355.3891,0.645796,-0.005360214,-0.7634909,0.04537744,0.001102166,-0.2346897,1.314324,-0.4257524,-4.683473,0.3719413,-0.03078501,2.013634,-0.9102629,-0.0791401,0.4063964,-0.142932,0.9812826,-0.1290536,-0.3885764,-0.1755598,-0.9045369,moving,22.58581,9.269537,10.46524,-0.8758861
05/15/2023 12:31:34.710607,1963,True,True,True,True,Eyes,2.398473,-0.01727152,-2.905904,-0.3865071,-0.1503636,-0.9099467,0.0,0.0,0.0,0.0,0.0,0.0,0.0,3.423287,-0.02800679,-1.778658,2.391494,-0.009938627,-3.027204,-0.0570718,0.9732831,-0.0767379,-0.2087441,9.974054,203.8082,355.3959,0.6449579,-0.005287805,-0.7641995,0.0426548,0.001036036,-0.2206083,1.293168,-0.4293682,-4.680851,0.3751675,-0.03283091,2.013371,-0.9063373,-0.07905687,0.4150933,-0.1431312,0.9817082,-0.1255486,-0.3975751,-0.1732022,-0.9010742,moving,23.01375,9.383015,10.55533,-0.9342073
05/15/2023 12:31:34.728821,1964,True,True,True,True,Eyes,2.398002,-0.01717229,-2.911945,-0.3932512,-0.151811,-0.9068114,0.0,0.0,0.0,0.0,0.0,0.0,0.0,3.442726,-0.02218023,-1.756426,2.389629,-0.01157321,-3.037667,-0.05688484,0.9723247,-0.07605021,-0.2134602,9.914378,204.3692,355.4495,0.644121,-0.005217462,-0.7649055,0.04009551,0.0009738742,-0.2073718,1.2717,-0.4269415,-4.67933,0.3785945,-0.035004,2.013092,-0.9023978,-0.07815367,0.4237574,-0.1430884,0.981961,-0.1236057,-0.406453,-0.1721763,-0.8973023,moving,23.44463,9.50386,10.65099,-0.9961691
05/15/2023 12:31:34.744525,1965,True,True,True,True,Eyes,2.397433,-0.01712949,-2.918145,-0.4000943,-0.1532925,-0.9035629,0.0,0.0,0.0,0.0,0.0,0.0,0.0,3.460311,-0.02475119,-1.735911,2.387253,-0.01326808,-3.04772,-0.05729106,0.9712198,-0.07775227,-0.2177252,10.13549,204.8707,355.4888,0.6432818,-0.005151002,-0.7656119,0.03768978,0.0009154418,-0.1949295,1.250649,-0.4249818,-4.677885,0.3816156,-0.03692,2.012845,-0.8986268,-0.07742716,0.4318271,-0.1451417,0.9813446,-0.1260817,-0.4140091,-0.1759765,-0.8931005,moving,23.88359,9.628739,10.7353,-1.050813
05/15/2023 12:31:34.758776,1966,True,True,True,True,Eyes,2.396763,-0.01715369,-2.924505,-0.406976,-0.1547843,-0.9002291,0.0,0.0,0.0,0.0,0.0,0.0,0.0,3.478545,-0.02526131,-1.714027,2.384817,-0.0145178,-3.05798,-0.05836462,0.9699793,-0.07979827,-0.2221846,10.41291,205.3899,355.4651,0.6424366,-0.005089491,-0.7663217,0.03542839,0.0008605153,-0.1832337,1.229925,-0.4264135,-4.675681,0.3848158,-0.03894889,2.012584,-0.8944553,-0.07776506,0.4403438,-0.1486848,0.9804516,-0.1288699,-0.4217142,-0.1807408,-0.8885326,moving,24.3268,9.755974,10.82458,-1.108688
05/15/2023 12:31:34.779077,1967,True,True,True,True,Eyes,2.395993,-0.01723452,-2.930998,-0.4141567,-0.156376,-0.8966721,0.0,0.0,0.0,0.0,0.0,0.0,0.0,3.496485,-0.02135229,-1.691593,2.381842,-0.01613501,-3.068211,-0.05889499,0.9688283,-0.08036523,-0.2268141,10.51172,205.9357,355.4696,0.6415834,-0.005034264,-0.7670366,0.03330269,0.0008088844,-0.1722397,1.21141,-0.4376366,-4.672214,0.3880016,-0.04096891,2.012325,-0.8901734,-0.07766233,0.448954,-0.1505742,0.9801456,-0.1290038,-0.4300215,-0.1824366,-0.8841936,moving,24.79137,9.892665,10.91342,-1.166323
05/15/2023 12:31:34.789743,1968,True,True,True,True,Eyes,2.395118,-0.01739027,-2.937637,-0.4213391,-0.1579374,-0.8930448,0.0,0.0,0.0,0.0,0.0,0.0,0.0,3.51399,-0.02183059,-1.669321,2.379128,-0.01751043,-3.078097,-0.05941722,0.9676276,-0.081775,-0.2312557,10.70408,206.4601,355.4958,0.6407188,-0.004986124,-0.7677591,0.03130453,0.0007603513,-0.1619053,1.192726,-0.4508085,-4.667918,0.3912734,-0.04304355,2.01206,-0.8859807,-0.07716561,0.4572565,-0.1528094,0.9795649,-0.1307743,-0.4378212,-0.1857366,-0.8796672,moving,25.25797,10.02921,11.00463,-1.225529
05/15/2023 12:31:34.808886,1969,True,True,True,True,Eyes,2.394147,-0.01762683,-2.944403,-0.4286965,-0.1595251,-0.8892531,0.0,0.0,0.0,0.0,0.0,0.0,0.0,3.530325,-0.0216589,-1.648866,2.375839,-0.01945189,-3.088273,-0.05919335,0.9665734,-0.08218933,-0.2355357,10.76425,206.9734,355.5799,0.6398415,-0.004946372,-0.7684907,0.02942626,0.0007147302,-0.152191,1.172449,-0.4578958,-4.664184,0.3943591,-0.04499993,2.011808,-0.8820382,-0.07571239,0.4650552,-0.1531465,0.9794821,-0.1309997,-0.445595,-0.1867683,-0.8755358,moving,25.73807,10.17024,11.09062,-1.281373
05/15/2023 12:31:34.829031,1970,True,True,True,True,Eyes,2.393058,-0.01793069,-2.951289,-0.4359868,-0.1611861,-0.8854008,0.0,0.0,0.0,0.0,0.0,0.0,0.0,3.545118,-0.02637804,-1.630709,2.372595,-0.021614,-3.098079,-0.05830818,0.9656342,-0.08276834,-0.2393745,10.82226,207.4414,355.7387,0.6389487,-0.004916246,-0.7692333,0.02766068,0.0006718464,-0.1430595,1.153464,-0.4678042,-4.659717,0.3974558,-0.04696384,2.011557,-0.8786,-0.0729835,0.4719484,-0.152234,0.9794991,-0.1319329,-0.4526442,-0.1877629,-0.8716985,moving,26.21644,10.31764,11.17689,-1.337442
05/15/2023 12:31:34.838830,1971,True,True,True,True,Eyes,2.36212,-0.02703241,-3.126137,-0.6117581,-0.1975015,-0.765993,0.0,0.0,0.0,0.0,0.0,0.0,0.0,3.558722,-0.03406563,-1.613959,2.368759,-0.02349523,-3.107885,-0.05808305,0.9645873,-0.08467214,-0.2429578,11.04447,207.8742,355.8569,0.6380392,-0.004896557,-0.7699879,0.02600104,0.0006315357,-0.134476,1.133678,-0.4734627,-4.656452,0.4007176,-0.04903197,2.011292,-0.8751959,-0.07090884,0.4785441,-0.1531959,0.978914,-0.1351238,-0.458872,-0.1915708,-0.8676044,moving,38.61251,14.45809,11.26772,-1.3965
05/15/2023 12:31:34.858946,1972,True,True,True,True,Eyes,2.361948,-0.02707332,-3.126519,-0.6119615,-0.1976139,-0.7658014,0.0,0.0,0.0,0.0,0.0,0.0,0.0,3.572492,-0.03022304,-1.597126,2.364806,-0.02525483,-3.11793,-0.05795422,0.9636593,-0.08431571,-0.2467649,11.0173,208.3312,355.9056,0.6335732,-0.005165565,-0.7736652,-0.06837203,-0.02671149,-0.6509531,1.115168,-0.4787373,-4.653697,0.4039662,-0.05109173,2.011026,-0.8714966,-0.07008392,0.4853674,-0.1533086,0.9790643,-0.1339011,-0.4658216,-0.1911054,-0.8639957,moving,38.62879,14.46943,11.35817,-1.455332
05/15/2023 12:31:34.879100,1973,True,True,True,True,Eyes,2.361584,-0.02715987,-3.127279,-0.6125625,-0.1976772,-0.7653044,0.0,0.0,0.0,0.0,0.0,0.0,0.0,3.584662,-0.02990761,-1.582218,2.360551,-0.02625331,-3.127492,-0.05863744,0.962639,-0.08549885,-0.2501559,11.18316,208.7325,355.9013,0.629846,-0.005387029,-0.7767011,-0.06426971,-0.0251088,-0.6118959,1.097763,-0.4896619,-4.650326,0.4072995,-0.05320539,2.010756,-0.8679677,-0.07011729,0.4916464,-0.1556694,0.9785032,-0.1352721,-0.4715926,-0.193946,-0.8602244,moving,38.67437,14.48288,11.45092,-1.515715
05/15/2023 12:31:34.889441,1974,True,True,True,True,Eyes,2.361044,-0.02729785,-3.128393,-0.6133692,-0.1975877,-0.7646812,0.0,0.0,0.0,0.0,0.0,0.0,0.0,3.597855,-0.01754841,-1.565586,2.356026,-0.02744803,-3.137565,-0.05922493,0.9616984,-0.08417574,-0.2540532,11.06929,209.1927,355.8429,0.6267235,-0.005570887,-0.7792215,-0.06041353,-0.02360227,-0.5751821,1.079074,-0.4922448,-4.64842,0.4103896,-0.05516498,2.010504,-0.8638989,-0.0711428,0.4986158,-0.1566833,0.9788137,-0.1318108,-0.4786746,-0.1919959,-0.8567429,moving,38.73394,14.4879,11.53688,-1.571709
05/15/2023 12:31:34.908852,1975,True,True,True,True,Eyes,2.360345,-0.0274479,-3.129866,-0.6144984,-0.1976057,-0.7637694,0.0,0.0,0.0,0.0,0.0,0.0,0.0,3.608838,-0.005771667,-1.552644,2.35132,-0.02885439,-3.147207,-0.05910865,0.9609948,-0.08203926,-0.2574194,10.84251,209.5956,355.8329,0.6240934,-0.005725539,-0.7813284,-0.05678872,-0.02218614,-0.5406712,1.062457,-0.5010964,-4.645676,0.4135895,-0.05719388,2.010245,-0.8604828,-0.07136921,0.5044558,-0.1558432,0.9795514,-0.1272472,-0.4850589,-0.18811,-0.8540096,moving,38.81877,14.50573,11.62586,-1.629694
05/15/2023 12:31:34.929438,1976,True,True,True,True,Eyes,2.359451,-0.02760742,-3.131691,-0.6158503,-0.1973842,-0.7627371,0.0,0.0,0.0,0.0,0.0,0.0,0.0,3.620142,0.00723806,-1.539052,2.346502,-0.02934352,-3.157093,-0.06112298,0.9599392,-0.08217785,-0.2608211,10.9327,209.9847,355.6495,0.6218618,-0.005856952,-0.7831048,-0.0533814,-0.02085497,-0.5082309,1.043119,-0.5009704,-4.643987,0.4167803,-0.05921684,2.009986,-0.8564727,-0.07448123,0.5107906,-0.1602161,0.9790215,-0.1258871,-0.4906989,-0.1896558,-0.8504383,moving,38.91815,14.50894,11.71454,-1.687521
05/15/2023 12:31:34.939246,1977,True,True,True,True,Eyes,2.358388,-0.02782137,-3.133838,-0.6175883,-0.1970001,-0.76143,0.0,0.0,0.0,0.0,0.0,0.0,0.0,3.631858,0.03771606,-1.523737,2.341021,-0.02979638,-3.167385,-0.06253508,0.9591034,-0.07800236,-0.2648126,10.52968,210.4471,355.412,0.6198664,-0.005975497,-0.7846842,-0.05017851,-0.01960367,-0.4777371,1.024559,-0.4969509,-4.643799,0.4200978,-0.06132081,2.009715,-0.8519273,-0.0786432,0.5177211,-0.1612672,0.98001,-0.1165045,-0.4982096,-0.1827448,-0.8475798,moving,39.04517,14.50571,11.80673,-1.747678
05/15/2023 12:31:34.959264,1978,True,True,True,True,Eyes,2.357148,-0.02806155,-3.136282,-0.619522,-0.1967237,-0.7599291,0.0,0.0,0.0,0.0,0.0,0.0,0.0,3.645507,0.05974397,-1.502864,2.335872,-0.03140874,-3.1772,-0.06269258,0.9581253,-0.07432362,-0.2693357,10.14811,210.9874,355.3326,0.6180243,-0.006087414,-0.786135,-0.0471678,-0.01842745,-0.4490728,1.008169,-0.5039037,-4.641908,0.4231613,-0.06326321,2.009465,-0.847056,-0.08009867,0.5254336,-0.1601707,0.9810913,-0.108652,-0.5067955,-0.1761934,-0.8438687,moving,39.18818,14.51362,11.89183,-1.803225
05/15/2023 12:31:34.979189,1979,True,True,True,True,Eyes,2.355754,-0.02828341,-3.139016,-0.6218229,-0.1966472,-0.7580675,0.0,0.0,0.0,0.0,0.0,0.0,0.0,3.659465,0.06454834,-1.480494,2.330472,-0.03226039,-3.18678,-0.06360758,0.9567581,-0.07501459,-0.2737535,10.27467,211.5115,355.2989,0.616314,-0.006194033,-0.7874756,-0.04433773,-0.0173218,-0.4221285,0.9872163,-0.494582,-4.641911,0.4265021,-0.06538139,2.009193,-0.8420263,-0.08064313,0.5333746,-0.1627851,0.9806537,-0.108716,-0.5142886,-0.1783672,-0.8388638,moving,39.36113,14.54233,11.98458,-1.863811
05/15/2023 12:31:34.988990,1980,True,True,True,True,Eyes,2.354192,-0.02844102,-3.142012,-0.6243269,-0.1967434,-0.7559814,0.0,0.0,0.0,0.0,0.0,0.0,0.0,3.674906,0.07636657,-1.453472,2.325094,-0.03207409,-3.196287,-0.06516211,0.9551943,-0.07498553,-0.27881,10.34572,212.1071,355.1793,0.6147168,-0.006295379,-0.7887223,-0.04167747,-0.0162825,-0.3968008,0.9646658,-0.4858299,-4.639463,0.4295653,-0.0673238,2.008945,-0.836038,-0.08267151,0.5424078,-0.1662984,0.9802621,-0.1069158,-0.5228629,-0.1795872,-0.8332846,moving,39.55158,14.58758,12.06959,-1.919379
05/15/2023 12:31:35.009219,1981,True,True,True,True,Eyes,2.352447,-0.02850637,-3.145247,-0.6270019,-0.1974719,-0.7535738,0.0,0.0,0.0,0.0,0.0,0.0,0.0,3.690599,0.0868375,-1.424574,2.319599,-0.03066383,-3.205619,-0.0674635,0.9534177,-0.07600375,-0.284019,10.55903,212.7159,355.0124,0.6132157,-0.006390336,-0.7898892,-0.03917682,-0.01530555,-0.3729927,0.944223,-0.4935482,-4.633337,0.4329012,-0.06943919,2.008674,-0.8295638,-0.0854688,0.5518323,-0.1718148,0.9793442,-0.1066048,-0.5313224,-0.1832485,-0.8271134,moving,39.76174,14.68403,12.16213,-1.979907
05/15/2023 12:31:35.029462,1982,True,True,True,True,Eyes,2.350543,-0.02847053,-3.148729,-0.6299248,-0.1981602,-0.7509509,0.0,0.0,0.0,0.0,0.0,0.0,0.0,3.706812,0.101175,-1.393343,2.314085,-0.02840187,-3.215013,-0.07006805,0.9515265,-0.07651904,-0.2895385,10.73079,213.3602,354.8009,0.6117957,-0.006477157,-0.7909889,-0.03682621,-0.01438721,-0.3506131,0.9223403,-0.4987863,-4.625763,0.4359797,-0.07139106,2.008424,-0.8225158,-0.08903278,0.5617303,-0.1776536,0.9784706,-0.105045,-0.540284,-0.1861946,-0.8206245,moving,39.99114,14.7822,12.2475,-2.035768
05/15/2023 12:31:35.038877,1983,True,True,True,True,Eyes,2.348483,-0.02835677,-3.152445,-0.6330784,-0.1990217,-0.7480655,0.0,0.0,0.0,0.0,0.0,0.0,0.0,3.723591,0.1177235,-1.3594,2.308473,-0.02594896,-3.224474,-0.07163153,0.949698,-0.07524811,-0.2954326,10.67574,214.0597,354.6518,0.6104435,-0.006554059,-0.7920322,-0.03461663,-0.01352398,-0.3295763,0.9008775,-0.5081234,-4.616391,0.4392183,-0.07344483,2.008161,-0.8151773,-0.09159514,0.5719238,-0.1805181,0.9784133,-0.1006014,-0.5503633,-0.1852505,-0.8141149,moving,40.24082,14.89834,12.33727,-2.094555
05/15/2023 12:31:35.059494,1984,True,True,True,True,Eyes,2.346281,-0.02818579,-3.156382,-0.6364764,-0.1997395,-0.7449844,0.0,0.0,0.0,0.0,0.0,0.0,0.0,3.740921,0.1287415,-1.323489,2.302911,-0.02393091,-3.233993,-0.07234474,0.947826,-0.07414123,-0.3014884,10.61264,214.7885,354.6037,0.6091469,-0.006620049,-0.7930294,-0.03253964,-0.01271254,-0.3098018,0.8788045,-0.5154549,-4.606342,0.4423525,-0.07543218,2.007905,-0.8077421,-0.09243501,0.5822445,-0.1818459,0.9785386,-0.09692378,-0.5607896,-0.1841682,-0.8072158,moving,40.50887,15.00872,12.42412,-2.151454
05/15/2023 12:31:35.079525,1985,True,True,True,True,Eyes,2.343934,-0.02795717,-3.160522,-0.6400149,-0.2006145,-0.7417107,0.0,0.0,0.0,0.0,0.0,0.0,0.0,3.757518,0.1333749,-1.288585,2.297384,-0.02240786,-3.243256,-0.0716961,0.9461245,-0.07262483,-0.3073007,10.45649,215.5012,354.6886,0.6078952,-0.006674762,-0.7939889,-0.03058726,-0.01194979,-0.2912137,0.8543292,-0.5144545,-4.596323,0.4455363,-0.07745107,2.007646,-0.8008518,-0.09103156,0.5919032,-0.1803022,0.9791706,-0.09335974,-0.5710756,-0.1814888,-0.8005837,moving,40.79059,15.13496,12.51229,-2.209264
05/15/2023 12:31:35.099036,1986,True,True,True,True,Eyes,2.341462,-0.02773366,-3.164838,-0.6437061,-0.2015211,-0.7382625,0.0,0.0,0.0,0.0,0.0,0.0,0.0,3.774914,0.1398484,-1.24936,2.291732,-0.02077673,-3.252378,-0.07163481,0.9441348,-0.0715642,-0.3136187,10.37352,216.2716,354.7282,0.6066796,-0.006717836,-0.7949178,-0.02875202,-0.0112328,-0.2737408,0.8291006,-0.5129658,-4.585322,0.4488586,-0.07955723,2.007377,-0.7930237,-0.09037806,0.6024496,-0.1801536,0.9794941,-0.09020047,-0.5819438,-0.1800645,-0.7930439,moving,41.08583,15.26789,12.60426,-2.269583
05/15/2023 12:31:35.108936,1987,True,True,True,True,Eyes,2.33903,-0.02749876,-3.169213,-0.6476054,-0.2026326,-0.7345388,0.0,0.0,0.0,0.0,0.0,0.0,0.0,3.796434,0.1446471,-1.204684,2.28977,-0.02041636,-3.262152,-0.07025465,0.9421209,-0.06952213,-0.3203736,10.13756,217.1075,354.881,0.6054921,-0.006750565,-0.7958224,-0.0270269,-0.01055883,-0.2573164,0.8038743,-0.5076868,-4.574957,0.4520178,-0.08156054,2.007117,-0.7848501,-0.08783064,0.6134298,-0.1769229,0.9804619,-0.08598101,-0.5938928,-0.1760119,-0.785055,moving,41.40098,15.42225,12.6917,-2.326972
05/15/2023 12:31:35.128829,1988,True,True,True,True,Eyes,2.336606,-0.02721059,-3.1738,-0.651721,-0.2039027,-0.7305365,0.0,0.0,0.0,0.0,0.0,0.0,0.0,3.815479,0.1344625,-1.157752,2.28849,-0.02006522,-3.267836,-0.06978375,0.9397975,-0.07195599,-0.3267009,10.41898,217.8901,355.0918,0.6043303,-0.006773683,-0.7967048,-0.02540529,-0.009925303,-0.2418774,0.7778631,-0.5052146,-4.56206,0.4552987,-0.08364122,2.006852,-0.7767937,-0.08414902,0.6241079,-0.1781813,0.9799051,-0.08965128,-0.6040224,-0.1808449,-0.7761779,moving,41.73656,15.59514,12.78243,-2.386581
05/15/2023 12:31:35.139050,1989,True,True,True,True,Eyes,2.334037,-0.02692536,-3.178511,-0.6557993,-0.2055494,-0.7264135,0.0,0.0,0.0,0.0,0.0,0.0,0.0,3.833637,0.1402982,-1.109629,2.282849,-0.01850881,-3.276581,-0.07202119,0.9369154,-0.07441739,-0.3338632,10.80903,218.7549,355.0202,0.6031888,-0.00678678,-0.7975692,-0.02388097,-0.009329785,-0.2273647,0.7534087,-0.4978282,-4.548854,0.4584436,-0.08563479,2.006596,-0.7666968,-0.08526506,0.6363223,-0.184646,0.97855,-0.09135513,-0.6148838,-0.187536,-0.765995,moving,42.07543,15.79964,12.86939,-2.443709
05/15/2023 12:31:35.158731,1990,True,True,True,True,Eyes,2.331374,-0.02663371,-3.183341,-0.6600009,-0.2076427,-0.7219996,0.0,0.0,0.0,0.0,0.0,0.0,0.0,3.851387,0.1515443,-1.059905,2.277667,-0.0181333,-3.285034,-0.07385979,0.934041,-0.07550838,-0.3411903,11.03779,219.6443,354.9468,0.6020621,-0.006790936,-0.79842,-0.02244811,-0.008769997,-0.2137229,0.7334287,-0.5078841,-4.528883,0.461982,-0.08787891,2.006308,-0.7562679,-0.08645068,0.6485254,-0.1895016,0.9776864,-0.09065536,-0.6262173,-0.1914563,-0.7557754,moving,42.43134,16.04492,12.96717,-2.508026
05/15/2023 12:31:35.179440,1991,True,True,True,True,Eyes,2.328596,-0.02630454,-3.188302,-0.6641206,-0.2101549,-0.7174808,0.0,0.0,0.0,0.0,0.0,0.0,0.0,3.867236,0.1459169,-1.015841,2.272836,-0.01757683,-3.292815,-0.0764503,0.9310486,-0.08121312,-0.3474313,11.7914,220.4069,354.9642,0.6009455,-0.006786884,-0.7992609,-0.02110123,-0.008243797,-0.2008995,0.7093323,-0.5223333,-4.509011,0.4651462,-0.08988518,2.006051,-0.746894,-0.08592592,0.6593685,-0.1987899,0.9751196,-0.09810427,-0.6345334,-0.2043492,-0.7453921,moving,42.78822,16.32566,13.05457,-2.565538
05/15/2023 12:31:35.188902,1992,True,True,True,True,Eyes,2.325716,-0.02592298,-3.193378,-0.6684105,-0.2127738,-0.7127094,0.0,0.0,0.0,0.0,0.0,0.0,0.0,3.882236,0.1500862,-0.9724712,2.26755,-0.01620477,-3.301202,-0.07921446,0.9281067,-0.08491427,-0.353741,12.33703,221.1756,354.8928,0.5998349,-0.006774497,-0.8000948,-0.01983515,-0.00774917,-0.1888455,0.6851407,-0.5321394,-4.489301,0.4678146,-0.09157719,2.005833,-0.7371849,-0.08696362,0.6700715,-0.2071142,0.9730293,-0.1015762,-0.6431658,-0.2136618,-0.735314,moving,43.16289,16.62258,13.12825,-2.614049
05/15/2023 12:31:35.209005,1993,True,True,True,True,Eyes,2.322709,-0.02552632,-3.198564,-0.6726622,-0.215394,-0.707906,0.0,0.0,0.0,0.0,0.0,0.0,0.0,3.896525,0.1669383,-0.9262433,2.262305,-0.0145267,-3.30915,-0.08200294,0.9251683,-0.0859509,-0.3604882,12.601,221.9933,354.7225,0.5987268,-0.00675329,-0.8009246,-0.01864504,-0.007284219,-0.1775148,0.6670205,-0.5591902,-4.467968,0.471054,-0.09363061,2.005571,-0.7266474,-0.08976445,0.6811209,-0.2137016,0.9717759,-0.09991587,-0.652928,-0.2181603,-0.7253213,moving,43.53764,16.92339,13.21764,-2.672928
05/15/2023 12:31:35.229310,1994,True,True,True,True,Eyes,2.319626,-0.0251068,-3.203835,-0.6771029,-0.2180637,-0.7028371,0.0,0.0,0.0,0.0,0.0,0.0,0.0,3.910505,0.1872082,-0.8779216,2.256658,-0.01366057,-3.317401,-0.08460631,0.92212,-0.08622679,-0.3675618,12.78064,222.854,354.5486,0.5976173,-0.006723769,-0.801753,-0.01752634,-0.006847166,-0.1668639,0.6478354,-0.5791935,-4.447993,0.4745567,-0.09585167,2.005286,-0.7154804,-0.09264699,0.6924627,-0.2194217,0.9708134,-0.09682678,-0.6632813,-0.221219,-0.7149268,moving,43.93163,17.23713,13.31426,-2.736627
05/15/2023 12:31:35.238962,1995,True,True,True,True,Eyes,2.316423,-0.02467181,-3.209178,-0.6818843,-0.2206654,-0.6973813,0.0,0.0,0.0,0.0,0.0,0.0,0.0,3.924312,0.2000993,-0.8277106,2.251849,-0.01266246,-3.324813,-0.08639455,0.9190503,-0.08701279,-0.3745815,12.983,223.7213,354.487,0.5965042,-0.006686187,-0.8025819,-0.01647476,-0.006436336,-0.1568521,0.6270581,-0.5897769,-4.428446,0.4775084,-0.09772399,2.005044,-0.7044494,-0.09361509,0.7035533,-0.2239886,0.9699295,-0.09521469,-0.6734836,-0.2246619,-0.704235,moving,44.35627,17.55841,13.39566,-2.790335
05/15/2023 12:31:35.258697,1996,True,True,True,True,Eyes,2.313115,-0.02426078,-3.214616,-0.6868771,-0.2231966,-0.6916524,0.0,0.0,0.0,0.0,0.0,0.0,0.0,3.938155,0.2080584,-0.7750063,2.246422,-0.01171598,-3.332633,-0.08792659,0.9157519,-0.0886124,-0.3818575,13.26439,224.6306,354.4956,0.5953848,-0.006640971,-0.8034129,-0.01548627,-0.006050155,-0.1474409,0.6049123,-0.5984826,-4.408204,0.4806333,-0.09970536,2.00479,-0.6929075,-0.09336327,0.7149562,-0.2287125,0.9688335,-0.09514309,-0.6837906,-0.2294448,-0.6926654,moving,44.80153,17.88492,13.48178,-2.847178
05/15/2023 12:31:35.279128,1997,True,True,True,True,Eyes,2.309748,-0.02385948,-3.220087,-0.692134,-0.2257226,-0.6855653,0.0,0.0,0.0,0.0,0.0,0.0,0.0,3.95186,0.2037016,-0.7214475,2.240646,-0.01187614,-3.340439,-0.08686971,0.9127185,-0.08933254,-0.3891254,13.33695,225.5663,354.7489,0.5942574,-0.006589507,-0.8042476,-0.0145571,-0.005687146,-0.1385945,0.5837884,-0.6069654,-4.386394,0.4838217,-0.1017272,2.004531,-0.6820705,-0.08905206,0.7258444,-0.2280983,0.9689467,-0.09546447,-0.6948032,-0.2306773,-0.6812026,moving,45.27318,18.22415,13.56961,-2.905191
05/15/2023 12:31:35.289633,1998,True,True,True,True,Eyes,2.306235,-0.02343667,-3.22565,-0.6975183,-0.2283138,-0.6792208,0.0,0.0,0.0,0.0,0.0,0.0,0.0,3.964587,0.1816704,-0.6708469,2.235928,-0.0116377,-3.34686,-0.08581042,0.9096119,-0.09393539,-0.3954983,13.81368,226.413,355.1675,0.5931218,-0.006532704,-0.8050858,-0.01368367,-0.005345917,-0.1302788,0.5621449,-0.6176404,-4.362776,0.4871123,-0.1038138,2.004263,-0.6724355,-0.08180578,0.7356213,-0.2304109,0.9676254,-0.1030138,-0.7033787,-0.2387653,-0.6695147,moving,45.76144,18.5796,13.66021,-2.965072
05/15/2023 12:31:35.309274,1999,True,True,True,True,Eyes,2.302635,-0.02300268,-3.231228,-0.7031312,-0.2304762,-0.6726717,0.0,0.0,0.0,0.0,0.0,0.0,0.0,3.97612,0.1666419,-0.6208735,2.228977,-0.01065922,-3.354747,-0.08479958,0.9064859,-0.09678828,-0.4021499,14.10376,227.2921,355.5119,0.5919747,-0.006470537,-0.8059301,-0.01286265,-0.005025162,-0.1224621,0.5379815,-0.6203625,-4.33959,0.490296,-0.1058327,2.004005,-0.6621692,-0.07589244,0.7455016,-0.231586,0.9668821,-0.1072701,-0.7126712,-0.2436787,-0.6578152,moving,46.26829,18.9129,13.74782,-3.023015
05/15/2023 12:31:35.328705,2000,True,True,True,True,Eyes,2.298976,-0.02258989,-3.236826,-0.7088965,-0.2325376,-0.665877,0.0,0.0,0.0,0.0,0.0,0.0,0.0,3.986846,0.1653326,-0.565362,2.223624,-0.009911045,-3.361147,-0.08344171,0.9034178,-0.09621821,-0.4094091,14.01489,228.2348,355.7454,0.5908155,-0.006403267,-0.8067809,-0.01209089,-0.004723653,-0.1151144,0.5195591,-0.6347811,-4.314287,0.4934639,-0.1078411,2.003749,-0.6508433,-0.07198025,0.7557921,-0.2295507,0.967559,-0.1055269,-0.7236778,-0.2421741,-0.6462524,moving,46.79232,19.25022,13.83495,-3.080667
05/15/2023 12:31:35.338705,2001,True,True,True,True,Eyes,2.295225,-0.02218505,-3.242407,-0.714746,-0.2342949,-0.6589719,0.0,0.0,0.0,0.0,0.0,0.0,0.0,3.996934,0.1616737,-0.5098419,2.218629,-0.01002282,-3.367364,-0.08216512,0.9002392,-0.09650776,-0.4165389,14.01701,229.1689,356.0084,0.5896447,-0.006331977,-0.8076376,-0.01136544,-0.004440234,-0.1082075,0.4977422,-0.6427554,-4.290668,0.4966111,-0.1098363,2.003492,-0.6394885,-0.06753804,0.7658284,-0.228335,0.9678703,-0.1053102,-0.73411,-0.24221,-0.6343632,moving,47.32498,19.57265,13.92147,-3.137954
05/15/2023 12:31:35.358856,2002,True,True,True,True,Eyes,2.291403,-0.02179871,-3.248005,-0.7207481,-0.2358373,-0.6518458,0.0,0.0,0.0,0.0,0.0,0.0,0.0,4.004996,0.158962,-0.4541497,2.212785,-0.009873316,-3.372685,-0.08075155,0.8970565,-0.09625567,-0.4236789,13.9526,230.1048,356.2594,0.5884624,-0.00625732,-0.8085001,-0.01068351,-0.004173819,-0.101715,0.4742776,-0.6393043,-4.266117,0.4998857,-0.1119128,2.003225,-0.6279509,-0.0633144,0.7756733,-0.2264404,0.9684281,-0.1042681,-0.7445822,-0.241119,-0.6224622,moving,47.87376,19.89008,14.01146,-3.19758
05/15/2023 12:31:35.379156,2003,True,True,True,True,Eyes,2.193735,-0.01270469,-3.387526,-0.8511542,-0.2621812,-0.45475,0.0,0.0,0.0,0.0,0.0,0.0,0.0,4.013009,0.1593858,-0.3990068,2.207315,-0.009967208,-3.378834,-0.07907712,0.8939469,-0.09484599,-0.4308247,13.7515,231.0374,356.4788,0.5872672,-0.00618003,-0.8093692,0.0,0.0,0.0,0.4524717,-0.6395119,-4.240571,0.5032254,-0.1140308,2.002953,-0.6162737,-0.05965754,0.785269,-0.2231055,0.9695021,-0.1014378,-0.7552685,-0.2377113,-0.6107886,moving,61.88554,29.96513,14.10319,-3.258409
05/15/2023 12:31:35.389350,2004,True,True,True,True,Eyes,2.193506,-0.01273212,-3.387758,-0.8514668,-0.2621265,-0.454196,0.0,0.0,0.0,0.0,0.0,0.0,0.0,4.019467,0.1646467,-0.3431258,2.201625,-0.01016417,-3.384331,-0.07828077,0.8906302,-0.0937382,-0.4380221,13.62402,231.9729,356.6188,0.5828949,-0.005872085,-0.8125259,-0.2930024,0.02728207,-0.4185612,0.4299925,-0.6370547,-4.214587,0.5061744,-0.1159004,2.002713,-0.6040177,-0.05731961,0.7949072,-0.2215572,0.9701706,-0.09839471,-0.7655555,-0.2355495,-0.5986997,moving,61.9233,29.99019,14.18414,-3.312109
05/15/2023 12:31:35.409191,2005,True,True,True,True,Eyes,2.193155,-0.01277581,-3.388331,-0.8526431,-0.2632491,-0.451331,0.0,0.0,0.0,0.0,0.0,0.0,0.0,4.025483,0.1715681,-0.2868199,2.195938,-0.01086369,-3.390273,-0.07790554,0.8871389,-0.09303983,-0.4452629,13.55952,232.9167,356.7347,0.5790136,-0.005600853,-0.8152982,-0.2754222,0.02564515,-0.3934476,0.4072936,-0.6307395,-4.189888,0.5094435,-0.1179738,2.002447,-0.5913435,-0.05537169,0.8045166,-0.2210804,0.9705487,-0.09570161,-0.7755233,-0.2344554,-0.5861692,moving,62.10631,30.25385,14.27384,-3.371674
05/15/2023 12:31:35.429242,2006,True,True,True,True,Eyes,2.192578,-0.01284279,-3.389112,-0.8540532,-0.2643515,-0.4480083,0.0,0.0,0.0,0.0,0.0,0.0,0.0,4.030047,0.1796341,-0.2307191,2.190104,-0.01146834,-3.395598,-0.07780152,0.8835805,-0.09247649,-0.4524165,13.52197,233.851,356.8273,0.5754968,-0.005357693,-0.817786,-0.2588969,0.02410644,-0.3698407,0.3858136,-0.6275352,-4.163798,0.5125661,-0.1199536,2.002193,-0.5785327,-0.05381203,0.8138823,-0.2211636,0.9707901,-0.09302346,-0.785103,-0.2338182,-0.573535,moving,62.31997,30.54313,14.35946,-3.428555
05/15/2023 12:31:35.444770,2007,True,True,True,True,Eyes,2.19177,-0.01293737,-3.390058,-0.855625,-0.2655779,-0.4442683,0.0,0.0,0.0,0.0,0.0,0.0,0.0,4.034091,0.1916593,-0.1735311,2.184214,-0.01208898,-3.40144,-0.07840867,0.8797818,-0.09219274,-0.4597138,13.55096,234.8042,356.863,0.5723042,-0.005140407,-0.8200248,-0.2433631,0.02266005,-0.3476503,0.3653778,-0.6271566,-4.137156,0.5157352,-0.1219632,2.001936,-0.565031,-0.05320049,0.8233531,-0.2227296,0.9707052,-0.09012788,-0.7944382,-0.2343101,-0.5603278,moving,62.5602,30.87044,14.44632,-3.486301
05/15/2023 12:31:35.459120,2008,True,True,True,True,Eyes,2.190746,-0.01306397,-3.391197,-0.8573965,-0.266838,-0.4400781,0.0,0.0,0.0,0.0,0.0,0.0,0.0,4.036938,0.2048647,-0.114902,2.178254,-0.01274943,-3.406917,-0.0791366,0.8758372,-0.09188074,-0.4671238,13.58445,235.7752,356.8872,0.569399,-0.004947097,-0.822046,-0.2287613,0.02130045,-0.3267913,0.3457864,-0.6277882,-4.109747,0.5189301,-0.1239888,2.001675,-0.5510657,-0.05278217,0.832791,-0.2244609,0.9705907,-0.08701197,-0.8037065,-0.2348783,-0.5467068,moving,62.82982,31.23021,14.53384,-3.544515
05/15/2023 12:31:35.479060,2009,True,True,True,True,Eyes,2.189493,-0.01322478,-3.392481,-0.8592895,-0.2682553,-0.4355007,0.0,0.0,0.0,0.0,0.0,0.0,0.0,4.039262,0.2169736,-0.05604506,2.172153,-0.01359926,-3.412832,-0.08005764,0.871727,-0.09224431,-0.4745248,13.69789,236.7545,356.93,0.5667481,-0.004776184,-0.8238768,-0.2150356,0.02002242,-0.3071838,0.3272588,-0.6311498,-4.081626,0.522138,-0.1260229,2.001416,-0.5368338,-0.05203237,0.8420818,-0.2271212,0.9701635,-0.08484503,-0.8125424,-0.2368024,-0.5326342,moving,63.12343,31.63181,14.62167,-3.602981
05/15/2023 12:31:35.495900,2010,True,True,True,True,Eyes,2.188038,-0.01343157,-3.393953,-0.8613715,-0.2696709,-0.4304842,0.0,0.0,0.0,0.0,0.0,0.0,0.0,4.040411,0.232347,0.004015923,2.166046,-0.0144767,-3.418618,-0.08114205,0.8674958,-0.09213461,-0.4820563,13.77342,237.7503,356.9337,0.5643216,-0.004626272,-0.8255417,-0.2021335,0.01882108,-0.2887527,0.3091581,-0.6347942,-4.05232,0.5253423,-0.1280543,2.001155,-0.5220757,-0.05195264,0.8513157,-0.2296089,0.9698543,-0.0816227,-0.8214117,-0.2380828,-0.5182661,moving,63.44567,32.06452,14.70935,-3.661376
05/15/2023 12:31:35.509128,2011,True,True,True,True,Eyes,2.186324,-0.013691,-3.395536,-0.8635086,-0.2712113,-0.4252028,0.0,0.0,0.0,0.0,0.0,0.0,0.0,4.040909,0.2455919,0.06485271,2.159826,-0.01580405,-3.424671,-0.08191074,0.8631657,-0.09213647,-0.489639,13.84355,238.7621,356.9786,0.562092,-0.004496403,-0.8270621,-0.1900055,0.01769181,-0.2714276,0.2920257,-0.6413608,-4.022114,0.5289143,-0.1303201,2.000863,-0.5070885,-0.0511779,0.8603731,-0.2316323,0.969603,-0.0788447,-0.8301852,-0.2392715,-0.503529,moving,63.78377,32.53135,14.80705,-3.726522
05/15/2023 12:31:35.528922,2012,True,True,True,True,Eyes,2.18442,-0.01400779,-3.397286,-0.8658064,-0.2727714,-0.4194938,0.0,0.0,0.0,0.0,0.0,0.0,0.0,4.039663,0.2516895,0.1247993,2.152444,-0.01723376,-3.429941,0.08201231,-0.8588378,0.09272512,0.4970652,13.93392,239.7701,357.1245,0.5600347,-0.004385889,-0.8284571,-0.1786051,0.0166303,-0.2551419,0.2754269,-0.6465512,-3.992011,0.5317464,-0.1321152,2.000633,-0.4924005,-0.04868969,0.8690057,-0.2330514,0.9693521,-0.07774075,-0.8385873,-0.2408026,-0.4886566,moving,64.14925,33.03351,14.88446,-3.778139
05/15/2023 12:31:35.539102,2013,True,True,True,True,Eyes,2.182294,-0.0143632,-3.399175,-0.8681461,-0.2744775,-0.4135027,0.0,0.0,0.0,0.0,0.0,0.0,0.0,4.038825,0.2536956,0.1855469,2.146046,-0.01890945,-3.435843,0.08183856,-0.8544134,0.09400883,0.5044231,14.07592,240.7846,357.3405,0.5581278,-0.004294217,-0.8297434,-0.1678888,0.01563249,-0.2398334,0.2589416,-0.6519051,-3.961051,0.5349846,-0.1341686,2.00037,-0.4777198,-0.04500746,0.8773588,-0.2346884,0.9689296,-0.07808229,-0.8465846,-0.2432073,-0.4734395,moving,64.53129,33.57567,14.97293,-3.837189
05/15/2023 12:31:35.558996,2014,True,True,True,True,Eyes,2.179979,-0.01476484,-3.401221,-0.8706175,-0.2762167,-0.4070987,0.0,0.0,0.0,0.0,0.0,0.0,0.0,4.036119,0.2583878,0.245121,2.138719,-0.02014659,-3.441306,0.08211039,-0.8499077,0.09528095,0.5116994,14.24045,241.7906,357.5128,0.5563511,-0.004220448,-0.8309362,-0.1578155,0.01469454,-0.2254434,0.2419293,-0.6570648,-3.929075,0.5381409,-0.1361702,2.000112,-0.4628431,-0.04206211,0.8854417,-0.2370829,0.9683588,-0.07792832,-0.8541474,-0.2459917,-0.4581705,moving,64.93932,34.15692,15.05912,-3.894761
05/15/2023 12:31:35.579767,2015,True,True,True,True,Eyes,2.177446,-0.0152001,-3.403398,-0.8731229,-0.2780203,-0.4004511,0.0,0.0,0.0,0.0,0.0,0.0,0.0,4.032648,0.2698877,0.3067422,2.131914,-0.02163865,-3.447267,0.08294503,-0.8451706,0.09600534,0.5192204,14.38376,242.8255,357.6032,0.554687,-0.004163948,-0.8320482,-0.1483466,0.01381287,-0.2119168,0.226775,-0.6636868,-3.896716,0.5415429,-0.1383271,1.999836,-0.4470608,-0.04050954,0.893586,-0.2399013,0.9678062,-0.07614826,-0.8617333,-0.2484153,-0.4423865,moving,65.36181,34.77101,15.15195,-3.956802
05/15/2023 12:31:35.589695,2016,True,True,True,True,Eyes,2.174734,-0.01566063,-3.405736,-0.875724,-0.2797818,-0.393484,0.0,0.0,0.0,0.0,0.0,0.0,0.0,4.027751,0.2847491,0.3669863,2.124441,-0.022834,-3.453226,0.08398788,-0.8404326,0.0961,0.5266724,14.47747,243.8477,357.6355,0.5531194,-0.004123829,-0.8330913,-0.1394458,0.01298409,-0.1992018,0.2119858,-0.670714,-3.86439,0.5445229,-0.1402169,1.999593,-0.4311245,-0.03994588,0.9014079,-0.2423988,0.9674217,-0.07306296,-0.8691229,-0.2499993,-0.4267621,moving,65.80447,35.41425,15.23323,-4.011168
05/15/2023 12:31:35.609155,2017,True,True,True,True,Eyes,2.171824,-0.01614648,-3.408233,-0.8786195,-0.2814917,-0.3857334,0.0,0.0,0.0,0.0,0.0,0.0,0.0,4.023249,0.2973149,0.4214802,2.117448,-0.02389765,-3.459539,0.08461986,-0.8361183,0.09579004,0.533451,14.50502,244.7803,357.6732,0.5516335,-0.004099058,-0.834076,-0.131079,0.01220505,-0.1872497,0.1982617,-0.6782167,-3.831385,0.5478156,-0.1423047,1.999326,-0.416539,-0.03930585,0.9082679,-0.243703,0.9673275,-0.06990249,-0.8758448,-0.2504647,-0.4125086,moving,66.29746,36.12037,15.32298,-4.071239
05/15/2023 12:31:35.628834,2018,True,True,True,True,Eyes,2.168734,-0.01667936,-3.410876,-0.8815657,-0.2830849,-0.3777631,0.0,0.0,0.0,0.0,0.0,0.0,0.0,4.017866,0.313379,0.4715562,2.109761,-0.02502322,-3.465847,0.08501489,-0.8321534,0.09383968,0.5398958,14.3578,245.6512,357.6239,0.5502167,-0.004088732,-0.8350114,-0.1232143,0.01147274,-0.1760147,0.1844146,-0.6843114,-3.799007,0.5511261,-0.1444037,1.999057,-0.4025702,-0.04016356,0.9145078,-0.2428182,0.9679332,-0.06437966,-0.8825967,-0.2479764,-0.3994135,moving,66.8042,36.84684,15.41316,-4.131638
05/15/2023 12:31:35.639262,2019,True,True,True,True,Eyes,2.165458,-0.01724766,-3.413661,-0.88468,-0.28479,-0.3691015,0.0,0.0,0.0,0.0,0.0,0.0,0.0,4.011891,0.3325803,0.5206604,2.102462,-0.02686484,-3.472161,0.08576462,-0.8281625,0.0918899,0.5462122,14.23448,246.5058,357.536,0.5488566,-0.004092558,-0.835906,-0.1158214,0.01078438,-0.1654538,0.171588,-0.6880037,-3.770283,0.554391,-0.1464742,1.998791,-0.3885936,-0.04167133,0.9204664,-0.2424368,0.9684014,-0.05850817,-0.8889429,-0.2458908,-0.3864172,moving,67.35339,37.65294,15.50205,-4.191224
05/15/2023 12:31:35.659019,2020,True,True,True,True,Eyes,2.162014,-0.01786051,-3.416591,-0.8877969,-0.2864681,-0.360212,0.0,0.0,0.0,0.0,0.0,0.0,0.0,4.004554,0.353999,0.5705056,2.094674,-0.02828003,-3.478331,0.08759616,-0.8237816,0.09145928,0.5525814,14.3292,247.3847,357.442,0.5475438,-0.004109986,-0.8367664,-0.1088721,0.01013732,-0.1555266,0.1574643,-0.6867111,-3.744663,0.557533,-0.1484666,1.998536,-0.3739615,-0.04324282,0.9264355,-0.2453976,0.9679242,-0.05387692,-0.8943896,-0.2474929,-0.3725781,moving,67.91579,38.4944,15.58755,-4.248566
05/15/2023 12:31:35.679181,2021,True,True,True,True,Eyes,2.158415,-0.01850164,-3.419672,-0.891012,-0.2882569,-0.3507215,0.0,0.0,0.0,0.0,0.0,0.0,0.0,3.996943,0.3734051,0.6210179,2.087159,-0.02979209,-3.484755,0.08895829,-0.8194001,0.09067688,0.5589703,14.36223,248.2701,357.3723,0.5462674,-0.004140769,-0.8375999,-0.1023398,0.009529078,-0.146195,0.1446897,-0.6873587,-3.719341,0.56078,-0.1505251,1.998272,-0.3592775,-0.0444135,0.9321735,-0.2471562,0.9677283,-0.0491512,-0.8999076,-0.2480514,-0.35866,moving,68.51434,39.41668,15.67585,-4.307822
05/15/2023 12:31:35.688893,2022,True,True,True,True,Eyes,2.154652,-0.01915595,-3.42289,-0.8941619,-0.2900295,-0.3411119,0.0,0.0,0.0,0.0,0.0,0.0,0.0,3.9894,0.3929522,0.6673727,2.079711,-0.0311155,-3.491266,0.09064837,-0.8151804,0.09036916,0.5648872,14.46251,249.0976,357.2953,0.5450211,-0.004184233,-0.8384113,-0.09619942,0.008957334,-0.1374233,0.1342183,-0.6947588,-3.692135,0.5638796,-0.1524909,1.998019,-0.3453709,-0.04569276,0.9373534,-0.2498863,0.9672325,-0.04492211,-0.9045862,-0.2497465,-0.345472,moving,69.11876,40.37277,15.7601,-4.364414
05/15/2023 12:31:35.709960,2023,True,True,True,True,Eyes,2.150733,-0.01982757,-3.426274,-0.897405,-0.2916574,-0.3310592,0.0,0.0,0.0,0.0,0.0,0.0,0.0,3.982125,0.4123156,0.7087121,2.072054,-0.03207867,-3.497879,0.09222367,-0.8113152,0.0895775,0.5702968,14.50952,249.8511,357.1892,0.5437962,-0.004239458,-0.839206,-0.09042746,0.008419894,-0.1291779,0.123826,-0.6999942,-3.665159,0.5669796,-0.1544564,1.997767,-0.332513,-0.0474734,0.9419032,-0.2518164,0.9669414,-0.04016146,-0.9088585,-0.2505409,-0.3334751,moving,69.75063,41.37949,15.8443,-4.421003
05/15/2023 12:31:35.729104,2024,True,True,True,True,Eyes,2.146657,-0.02051814,-3.429783,-0.9005893,-0.2931437,-0.3209452,0.0,0.0,0.0,0.0,0.0,0.0,0.0,3.974554,0.4295301,0.7504139,2.064218,-0.03323586,-3.504654,0.09258299,-0.8077009,0.08677541,0.5757758,14.28771,250.5989,357.0642,0.5425864,-0.004305675,-0.8399885,-0.08500181,0.0079147,-0.1214272,0.1149572,-0.7074929,-3.639709,0.5703306,-0.1565808,1.997495,-0.3198212,-0.04963236,0.946177,-0.2494851,0.9677968,-0.03356307,-0.9140412,-0.2467912,-0.3219044,moving,70.38534,42.40784,15.93526,-4.482168
05/15/2023 12:31:35.738858,2025,True,True,True,True,Eyes,2.142428,-0.02117626,-3.433429,-0.9037693,-0.2947016,-0.3104063,0.0,0.0,0.0,0.0,0.0,0.0,0.0,3.967141,0.4450804,0.7891622,2.056397,-0.03440294,-3.511287,0.09307247,-0.8042035,0.0846241,0.5808898,14.13691,251.3057,356.9626,0.541386,-0.004382242,-0.8407623,-0.0799017,0.007439818,-0.1141416,0.1061008,-0.7129599,-3.617484,0.5733719,-0.1585092,1.997247,-0.3078089,-0.05138386,0.9500595,-0.248013,0.9683526,-0.02798029,-0.9185549,-0.2442397,-0.3108115,moving,71.04459,43.51331,16.01777,-4.537703
05/15/2023 12:31:35.759020,2026,True,True,True,True,Eyes,2.138024,-0.02179828,-3.43719,-0.906923,-0.2960231,-0.2997683,0.0,0.0,0.0,0.0,0.0,0.0,0.0,3.958916,0.4653211,0.826602,2.048393,-0.03429571,-3.517913,0.09476592,-0.8005206,0.08332131,0.5858701,14.14886,252.0009,356.8021,0.5401902,-0.00446729,-0.8415307,-0.0751076,0.006993429,-0.1072931,0.09454315,-0.7100488,-3.596583,0.5765539,-0.1605276,1.996988,-0.2955514,-0.05409322,0.9537944,-0.2493551,0.968154,-0.02235979,-0.9222102,-0.2444419,-0.2996277,moving,71.70956,44.63985,16.10406,-4.595832
05/15/2023 12:31:35.779374,2027,True,True,True,True,Eyes,2.133469,-0.02243488,-3.441067,-0.9101622,-0.2971329,-0.2886466,0.0,0.0,0.0,0.0,0.0,0.0,0.0,3.948467,0.4816986,0.8729959,2.039852,-0.03409795,-3.524541,0.09477628,-0.7965341,0.07958432,0.5917917,13.8251,252.815,356.6472,0.5389937,-0.004559102,-0.8422973,-0.07060114,0.006573823,-0.1008555,0.08415443,-0.7093034,-3.576515,0.5797819,-0.1625748,1.996724,-0.2816004,-0.0567904,0.9578497,-0.2451797,0.9693676,-0.01460765,-0.9276789,-0.2389589,-0.2868981,moving,72.40422,45.83,16.19153,-4.654799
05/15/2023 12:31:35.789742,2028,True,True,True,True,Eyes,2.128769,-0.02295588,-3.445041,-0.9132201,-0.2983773,-0.2774888,0.0,0.0,0.0,0.0,0.0,0.0,0.0,3.938817,0.4825006,0.9227858,2.031707,-0.03514446,-3.531225,0.09284722,-0.7925143,0.07660156,0.5978569,13.44044,253.6743,356.7245,0.5377927,-0.004657321,-0.843064,-0.06636507,0.006179394,-0.09480417,0.07597286,-0.7132553,-3.556317,0.5830491,-0.1646456,1.996459,-0.2678932,-0.05557196,0.9618446,-0.238759,0.9710232,-0.01039694,-0.9333956,-0.2324343,-0.2733988,moving,73.0982,47.07739,16.28,-4.714445
05/15/2023 12:31:35.809268,2029,True,True,True,True,Eyes,2.123869,-0.02330595,-3.449145,-0.9162799,-0.2994741,-0.2659818,0.0,0.0,0.0,0.0,0.0,0.0,0.0,3.931526,0.4874449,0.9571657,2.023534,-0.0328477,-3.53764,0.09427078,-0.7888141,0.07858843,0.6022536,13.74099,254.3384,356.8094,0.5365838,-0.004758479,-0.8438333,-0.06238317,0.00580863,-0.08911592,0.06379331,-0.7060189,-3.5332,0.5863238,-0.1667224,1.996194,-0.2568077,-0.05406392,0.9649494,-0.2433846,0.9698737,-0.01043349,-0.935315,-0.2375331,-0.2622294,moving,73.81281,48.38971,16.36861,-4.774271
05/15/2023 12:31:35.828976,2030,True,True,True,True,Eyes,2.1188,-0.02364022,-3.453341,-0.919414,-0.2999324,-0.2543983,0.0,0.0,0.0,0.0,0.0,0.0,0.0,3.919221,0.5069222,1.001335,2.013778,-0.02926102,-3.544542,0.09469128,-0.7848435,0.07349543,0.6079908,13.32696,255.1193,356.5081,0.5353631,-0.004858012,-0.8446076,-0.05864018,0.005460112,-0.08376896,0.05108044,-0.6955897,-3.508278,0.5893698,-0.1686537,1.995945,-0.2427615,-0.05926659,0.9682738,-0.2380047,0.9712639,-0.0002219456,-0.9404364,-0.2305076,-0.2498913,moving,74.53344,49.69588,16.451,-4.829915
05/15/2023 12:31:35.838999,2031,True,True,True,True,Eyes,2.113629,-0.02393804,-3.457613,-0.9222969,-0.3009097,-0.2425319,0.0,0.0,0.0,0.0,0.0,0.0,0.0,3.906098,0.5103092,1.054327,2.004755,-0.02935757,-3.551016,0.09108461,-0.7809746,0.06519704,0.6144361,12.34313,255.9936,356.3523,0.5341274,-0.004955732,-0.845389,0.0,0.0,0.0,0.04630388,-0.7044808,-3.487364,0.5925928,-0.1706968,1.995684,-0.2283438,-0.06215069,0.9715949,-0.2223884,0.9749058,0.0100969,-0.9478411,-0.2137658,-0.2364352,moving,75.26677,51.13134,16.53811,-4.888781
05/15/2023 12:31:35.859122,2032,True,True,True,True,Eyes,2.108264,-0.0240838,-3.462003,-0.9249884,-0.3020823,-0.2305274,0.0,0.0,0.0,0.0,0.0,0.0,0.0,3.897605,0.5236415,1.085559,1.997117,-0.02863695,-3.557339,0.09386173,-0.7771623,0.06820584,0.6185117,12.83377,256.6227,356.3825,0.5328761,-0.005050863,-0.8461779,0.0,0.0,0.0,0.03368439,-0.6922677,-3.466293,0.5957515,-0.1727002,1.995426,-0.2172667,-0.06151938,0.9741719,-0.2302638,0.9730759,0.01009513,-0.9485642,-0.2221232,-0.2255826,moving,76.00572,52.65174,16.62344,-4.946511
05/15/2023 12:31:35.878901,2033,True,True,True,True,Eyes,2.102725,-0.02414778,-3.466462,-0.9276322,-0.302871,-0.218558,0.0,0.0,0.0,0.0,0.0,0.0,0.0,3.887576,0.5427817,1.11464,1.987066,-0.02523558,-3.563877,0.09645366,-0.7735745,0.06788658,0.6226322,13.01116,257.2253,356.193,0.531605,-0.005139973,-0.8469765,0.0,0.0,0.0,0.01574412,-0.6635231,-3.442425,0.5990982,-0.1748226,1.995154,-0.2060518,-0.06469142,0.9764004,-0.2337649,0.9721762,0.01507965,-0.9502087,-0.2251409,-0.2154412,moving,76.74242,54.185,16.71379,-5.007672
05/15/2023 12:31:35.889175,2034,True,True,True,True,Eyes,2.097067,-0.02419712,-3.470973,-0.9300563,-0.3038097,-0.2066278,0.0,0.0,0.0,0.0,0.0,0.0,0.0,3.875477,0.5538613,1.153738,1.977334,-0.02336219,-3.570266,0.09474991,-0.7703078,0.06037822,0.6276966,12.2377,257.9091,355.8823,0.5303123,-0.00522163,-0.8477859,0.0,0.0,0.0,0.01469431,-0.6808081,-3.422522,0.6021709,-0.1767708,1.994905,-0.1940391,-0.07017476,0.9784808,-0.2217716,0.9747539,0.02592877,-0.9555975,-0.211968,-0.2047031,moving,77.47421,55.7795,16.79667,-5.063817
05/15/2023 12:31:35.908971,2035,True,True,True,True,Eyes,2.091293,-0.02421834,-3.475568,-0.9321618,-0.3054137,-0.1944138,0.0,0.0,0.0,0.0,0.0,0.0,0.0,3.864677,0.5719999,1.18429,1.968868,-0.02302578,-3.576098,0.09718825,-0.766588,0.06108982,0.6317955,12.50164,258.5261,355.7816,0.5289977,-0.005296201,-0.8486064,0.0,0.0,0.0,0.008796787,-0.6873064,-3.405206,0.6053826,-0.178807,1.994643,-0.1827781,-0.07181415,0.980528,-0.2261992,0.973645,0.02914474,-0.9567792,-0.2164676,-0.1942053,moving,78.21914,57.52084,16.88326,-5.122508
05/15/2023 12:31:35.929983,2036,True,True,True,True,Eyes,2.085389,-0.02418891,-3.480191,-0.9340687,-0.3071072,-0.1822111,0.0,0.0,0.0,0.0,0.0,0.0,0.0,3.855582,0.5859181,1.210159,1.960138,-0.02232264,-3.581991,0.1006693,-0.7627841,0.06558764,0.6353932,13.17862,259.11,355.8637,0.5276605,-0.005363685,-0.8494381,0.0,0.0,0.0,-0.006466184,-0.6653903,-3.387279,0.6090375,-0.1811244,1.994346,-0.1722824,-0.07023,0.9825408,-0.2369257,0.9711279,0.02787078,-0.9561301,-0.2279876,-0.1839474,moving,78.96179,59.31874,16.98174,-5.189307
05/15/2023 12:31:35.939344,2037,True,True,True,True,Eyes,2.079375,-0.02411996,-3.484844,-0.9357206,-0.3091982,-0.1697745,0.0,0.0,0.0,0.0,0.0,0.0,0.0,3.84411,0.5941297,1.243594,1.95114,-0.02103929,-3.587382,0.1021471,-0.7588527,0.06701842,0.6397008,13.4385,259.7792,355.915,0.5262997,-0.005423573,-0.8502815,0.0,0.0,0.0,-0.009527436,-0.6765892,-3.368943,0.6116637,-0.1827896,1.994133,-0.1606976,-0.06928574,0.9845687,-0.2407727,0.970149,0.02897297,-0.9571858,-0.2324014,-0.1725827,moving,79.71629,61.22969,17.05244,-5.237309
05/15/2023 12:31:35.959013,2038,True,True,True,True,Eyes,2.073226,-0.02397603,-3.489504,-0.9371435,-0.3114485,-0.1573586,0.0,0.0,0.0,0.0,0.0,0.0,0.0,3.831517,0.6117773,1.27475,1.942441,-0.01995409,-3.592534,0.1052105,-0.7547345,0.06938166,0.643811,13.8984,260.4299,355.8958,0.5249154,-0.005475648,-0.8511365,0.0,0.0,0.0,-0.008407364,-0.6995373,-3.349823,0.6148214,-0.1847923,1.993875,-0.1488761,-0.06947467,0.9864123,-0.2481494,0.9682339,0.03074194,-0.9572136,-0.2402009,-0.1613869,moving,80.46821,63.19493,17.13741,-5.295045
05/15/2023 12:31:35.979486,2039,True,True,True,True,Eyes,2.066949,-0.02374913,-3.494181,-0.9384521,-0.3136324,-0.1447146,0.0,0.0,0.0,0.0,0.0,0.0,0.0,3.816197,0.6347312,1.308703,1.933086,-0.01796934,-3.597472,0.1084513,-0.7503523,0.07022496,0.6482888,14.24108,261.1225,355.7577,0.5235075,-0.005518841,-0.8520029,0.0,0.0,0.0,-0.01145363,-0.708407,-3.328396,0.6179981,-0.1868064,1.993616,-0.1359201,-0.07170124,0.9881219,-0.2538054,0.9666135,0.03522862,-0.9576579,-0.2460024,-0.1495804,moving,81.23372,65.23071,17.22284,-5.353117
05/15/2023 12:31:35.989251,2040,True,True,True,True,Eyes,2.060528,-0.02347391,-3.498847,-0.9397043,-0.3155032,-0.1319602,0.0,0.0,0.0,0.0,0.0,0.0,0.0,3.796732,0.656328,1.35383,1.923748,-0.01577583,-3.602463,0.1099855,-0.7455344,0.06742594,0.6538621,14.14445,261.9473,355.5154,0.5220754,-0.005552013,-0.852881,0.0,0.0,0.0,-0.01124018,-0.724821,-3.307185,0.6212984,-0.188899,1.993348,-0.1207355,-0.07582141,0.9897849,-0.2521704,0.9667138,0.04329397,-0.9601215,-0.2443674,-0.1358366,moving,82.00637,67.30273,17.31152,-5.413449
05/15/2023 12:31:36.009169,2041,True,True,True,True,Eyes,2.053985,-0.02319841,-3.503475,-0.9408709,-0.3172174,-0.1188915,0.0,0.0,0.0,0.0,0.0,0.0,0.0,3.773911,0.6674194,1.409302,1.913954,-0.01440977,-3.607014,0.1092044,-0.7402869,0.06266746,0.6603959,13.71072,262.9106,355.3408,0.5206197,-0.005574972,-0.8537701,0.0,0.0,0.0,-0.01203343,-0.7376044,-3.285244,0.6244982,-0.1909278,1.993088,-0.1039039,-0.07891442,0.9914519,-0.2444557,0.9682944,0.05145238,-0.9640777,-0.23702,-0.1199006,moving,82.7981,69.45426,17.39744,-5.471949
05/15/2023 12:31:36.029060,2042,True,True,True,True,Eyes,2.047322,-0.02291847,-3.508084,-0.9418931,-0.318861,-0.1056646,0.0,0.0,0.0,0.0,0.0,0.0,0.0,3.749915,0.672795,1.468696,1.904616,-0.01410276,-3.611624,0.1082584,-0.7345245,0.05988305,0.667209,13.44036,263.951,355.3335,0.5191401,-0.005588764,-0.8546706,0.0,0.0,0.0,-0.01674204,-0.7368518,-3.260278,0.6276482,-0.1929254,1.992832,-0.0862245,-0.07912793,0.9931284,-0.238946,0.9693882,0.05649087,-0.967197,-0.2324331,-0.1024924,moving,83.59914,71.66576,17.48197,-5.529552
05/15/2023 12:31:36.039123,2043,True,True,True,True,Eyes,2.040544,-0.02263502,-3.512635,-0.9427208,-0.3205093,-0.09247253,0.0,0.0,0.0,0.0,0.0,0.0,0.0,3.727015,0.6739907,1.523655,1.89511,-0.01370825,-3.615908,0.1079007,-0.7287646,0.05995486,0.6735467,13.45834,264.9575,355.4883,0.5176369,-0.005594201,-0.8555819,0.0,0.0,0.0,-0.02492285,-0.7252783,-3.230452,0.630897,-0.1949854,1.992568,-0.06938487,-0.07650363,0.9946523,-0.2380332,0.9695258,0.05796636,-0.9687755,-0.2327383,-0.08548081,moving,84.39772,73.90623,17.56909,-5.588962
05/15/2023 12:31:36.059044,2044,True,True,True,True,Eyes,2.033656,-0.02236666,-3.517146,-0.9433465,-0.3222326,-0.07914221,0.0,0.0,0.0,0.0,0.0,0.0,0.0,3.704096,0.6757323,1.575628,1.885633,-0.01323612,-3.619911,0.1083449,-0.722913,0.06197372,0.6795716,13.70126,265.9461,355.7253,0.5161113,-0.005592048,-0.856503,0.0,0.0,0.0,-0.02993757,-0.7183357,-3.197215,0.6340922,-0.1970111,1.992307,-0.0528879,-0.07241679,0.9959714,-0.2408791,0.9688413,0.05765309,-0.9691132,-0.2368595,-0.06868364,moving,85.20439,76.20096,17.65473,-5.647386
05/15/2023 12:31:36.079174,2045,True,True,True,True,Eyes,2.026706,-0.0221164,-3.521586,-0.9436587,-0.3242688,-0.06601401,0.0,0.0,0.0,0.0,0.0,0.0,0.0,3.68074,0.6782154,1.625606,1.876122,-0.01328576,-3.62359,0.1089298,-0.7170978,0.06430885,0.6853973,13.97815,266.917,355.9774,0.514563,-0.005583445,-0.857434,0.0,0.0,0.0,-0.03154006,-0.7192144,-3.163628,0.6375158,-0.1991825,1.992029,-0.03673,-0.06807238,0.9970041,-0.2443808,0.9679973,0.05708883,-0.9689835,-0.2415518,-0.05219015,moving,85.99837,78.49308,17.74641,-5.710014
05/15/2023 12:31:36.088965,2046,True,True,True,True,Eyes,2.019665,-0.02187015,-3.525975,-0.9436568,-0.3266823,-0.05282478,0.0,0.0,0.0,0.0,0.0,0.0,0.0,3.658406,0.6922801,1.667617,1.867692,-0.0133013,-3.627076,0.1119924,-0.7113325,0.06935654,0.690401,14.67349,267.8038,356.2328,0.5129941,-0.005569495,-0.8583738,0.0,0.0,0.0,-0.03006299,-0.7262401,-3.130332,0.6405574,-0.2011109,1.991782,-0.02160844,-0.06356001,0.9977441,-0.2550953,0.9652948,0.05596818,-0.9666744,-0.2533104,-0.03707235,moving,86.796,80.81473,17.8278,-5.765634
05/15/2023 12:31:36.109320,2047,True,True,True,True,Eyes,2.012568,-0.02165858,-3.530313,-0.9434282,-0.3291661,-0.03991218,0.0,0.0,0.0,0.0,0.0,0.0,0.0,3.634712,0.7149714,1.706191,1.858425,-0.0130457,-3.630356,0.1161272,-0.705484,0.07416487,0.6952025,15.43281,268.6693,356.3877,0.5114053,-0.005550842,-0.8593214,0.0,0.0,0.0,-0.0276322,-0.7347982,-3.097302,0.6437509,-0.2031358,1.991522,-0.006416266,-0.06073261,0.9981336,-0.266971,0.962028,0.05681959,-0.9636833,-0.2661081,-0.02238653,moving,87.57752,83.0865,17.9132,-5.824043
05/15/2023 12:31:36.128966,2048,True,True,True,True,Eyes,2.00541,-0.0214709,-3.534596,-0.9428978,-0.3319829,-0.02703908,0.0,0.0,0.0,0.0,0.0,0.0,0.0,3.612526,0.7284297,1.744364,1.849908,-0.01331158,-3.633377,0.1182368,-0.7002566,0.07680964,0.6998293,15.84668,269.4831,356.5384,0.509798,-0.00552882,-0.8602762,0.0,0.0,0.0,-0.01884556,-0.7568918,-3.06686,0.6469795,-0.2051827,1.991259,0.007481857,-0.05808491,0.9982837,-0.2730994,0.9602407,0.05791822,-0.9619567,-0.273064,-0.008678563,moving,88.35741,85.3437,17.99949,-5.883094
05/15/2023 12:31:36.139024,2049,True,True,True,True,Eyes,1.998158,-0.02127071,-3.538825,-0.9421912,-0.3347611,-0.01451435,0.0,0.0,0.0,0.0,0.0,0.0,0.0,3.592015,0.7535601,1.773074,1.841259,-0.01360117,-3.636455,0.1224771,-0.6952247,0.08104309,0.7036293,16.56143,270.1987,356.6357,0.5081731,-0.005504356,-0.8612372,0.0,0.0,0.0,-0.009123184,-0.7816852,-3.037754,0.6501594,-0.2072001,1.991,0.0201894,-0.05624964,0.9982126,-0.2843468,0.9568627,0.05967064,-0.9585088,-0.2850432,0.003324046,moving,89.11743,87.51736,18.0844,-5.941288
05/15/2023 12:31:36.158820,2050,True,True,True,True,Eyes,1.990817,-0.02107315,-3.54299,-0.9413722,-0.3373636,-0.002036524,0.0,0.0,0.0,0.0,0.0,0.0,0.0,3.569536,0.7783339,1.803486,1.831797,-0.01334369,-3.639271,0.1256349,-0.6903996,0.08195247,0.7077063,16.91694,270.9061,356.5556,0.506531,-0.0054774,-0.8622042,0.0,0.0,0.0,-0.003897635,-0.7937084,-3.013613,0.65016,-0.2072001,1.991,0.03326438,-0.05748001,0.9977924,-0.2894731,0.9549993,0.06466531,-0.9566081,-0.2909851,0.01512856,static,89.87605,89.65414,18.08442,-5.94129
05/15/2023 12:31:36.179188,2051,True,True,True,True,Eyes,1.983392,-0.02090602,-3.547124,-0.9405731,-0.3394388,0.01017253,0.0,0.0,0.0,0.0,0.0,0.0,0.0,3.546067,0.7923789,1.839282,1.822369,-0.01323184,-3.642006,0.1261823,-0.685926,0.07930446,0.7122459,16.77055,271.6259,356.3991,0.5048726,-0.00544828,-0.8631765,0.0,0.0,0.0,0.004911007,-0.8159555,-2.993203,0.6501595,-0.2072001,1.991,0.04643255,-0.06013484,0.9971098,-0.286072,0.9555777,0.07095162,-0.9570825,-0.2885396,0.027167,static,-89.38036,-88.28343,18.08441,-5.941292
05/15/2023 12:31:36.189487,2052,True,True,True,True,Eyes,1.975869,-0.02074671,-3.551193,-0.9396887,-0.3412999,0.02234969,0.0,0.0,0.0,0.0,0.0,0.0,0.0,3.521939,0.8051901,1.875996,1.813012,-0.01388967,-3.644796,0.1264405,-0.6813723,0.07653976,0.7168589,16.59376,272.3616,356.2566,0.5031974,-0.005417958,-0.8641543,0.0,0.0,0.0,0.008796677,-0.827942,-2.973825,0.6501591,-0.2072,1.991,0.05974718,-0.06256962,0.9962507,-0.2820424,0.956309,0.07697576,-0.9575399,-0.285584,0.03948943,static,-88.63753,-86.2534,18.0844,-5.941287
05/15/2023 12:31:36.208828,2053,True,True,True,True,Eyes,1.968244,-0.02063956,-3.555194,-0.9388315,-0.3426512,0.03443167,0.0,0.0,0.0,0.0,0.0,0.0,0.0,3.499026,0.8111349,1.911534,1.803153,-0.01395178,-3.6474,0.1259702,-0.6770386,0.07384945,0.7213159,16.36327,273.0768,356.1733,0.5015063,-0.005386768,-0.8651371,0.0,0.0,0.0,0.006280147,-0.8248071,-2.954338,0.6501594,-0.2072001,1.991,0.07233,-0.06403585,0.9953229,-0.277111,0.9573556,0.08173076,-0.9581116,-0.2817265,0.0515005,static,-87.89962,-84.26184,18.08441,-5.94129
05/15/2023 12:31:36.229282,2054,True,True,True,True,Eyes,1.960544,-0.02061442,-3.559127,-0.9378445,-0.3439236,0.04652284,0.0,0.0,0.0,0.0,0.0,0.0,0.0,3.474174,0.8109499,1.951952,1.793127,-0.01519047,-3.649946,0.1242644,-0.6724716,0.07032531,0.7262195,15.96618,273.8575,356.1243,0.499799,-0.005356084,-0.8661246,0.0,0.0,0.0,0.003835152,-0.8213148,-2.9344,0.6501592,-0.2071999,1.991,0.08567248,-0.06498528,0.9942018,-0.2692717,0.9592255,0.08590282,-0.9592461,-0.2750699,0.06468049,static,-87.1601,-82.29632,18.0844,-5.941285
05/15/2023 12:31:36.239021,2055,True,True,True,True,Eyes,1.952765,-0.02064563,-3.562954,-0.9366581,-0.345321,0.05852377,0.0,0.0,0.0,0.0,0.0,0.0,0.0,3.450581,0.8153474,1.987457,1.78365,-0.01713346,-3.652339,0.1240815,-0.6677579,0.06994943,0.7306233,15.94606,274.6176,356.2134,0.4980764,-0.005327886,-0.8671166,0.0,0.0,0.0,-4.222617e-06,-0.8148668,-2.914679,0.6501595,-0.2072001,1.991,0.09841286,-0.06349949,0.9931178,-0.2679262,0.9594217,0.08789512,-0.9584001,-0.2747323,0.07740626,static,-86.42473,-80.38112,18.08441,-5.94129
05/15/2023 12:31:36.259019,2056,True,True,True,True,Eyes,1.94488,-0.020731,-3.566708,-0.9353201,-0.3466995,0.0705389,0.0,0.0,0.0,0.0,0.0,0.0,0.0,3.428392,0.8274537,2.016124,1.773874,-0.0184238,-3.654632,0.126094,-0.662856,0.07305699,0.7344283,16.38358,275.3495,356.4232,0.4963394,-0.005303326,-0.8681121,0.0,0.0,0.0,-0.005238397,-0.803857,-2.892576,0.6501594,-0.2072,1.991,0.1105692,-0.05985413,0.9920646,-0.2744746,0.9575259,0.08836153,-0.9552163,-0.2820666,0.08944439,static,-85.6871,-78.49967,18.0844,-5.941288
05/15/2023 12:31:36.279190,2057,True,True,True,True,Eyes,1.936916,-0.02090392,-3.570411,-0.9337408,-0.3482187,0.08289619,0.0,0.0,0.0,0.0,0.0,0.0,0.0,3.405959,0.8273473,2.048542,1.763443,-0.01973824,-3.6567,0.125981,-0.658128,0.07445564,0.7385479,16.50438,276.1064,356.6609,0.4945876,-0.005283383,-0.8691114,0.0,0.0,0.0,-0.005026416,-0.8042024,-2.87075,0.6501593,-0.2072,1.991,0.1226479,-0.05584516,0.990878,-0.2758014,0.9571703,0.08808335,-0.953358,-0.2840887,0.1019928,static,-84.92666,-76.60954,18.0844,-5.941287
05/15/2023 12:31:36.289613,2058,True,True,True,True,Eyes,1.928867,-0.02113528,-3.574033,-0.9319483,-0.3498815,0.09515922,0.0,0.0,0.0,0.0,0.0,0.0,0.0,3.386426,0.8216491,2.078544,1.753664,-0.02203348,-3.658894,0.1251788,-0.6538085,0.07633428,0.7423192,16.59838,276.8156,356.9879,0.4928218,-0.005269764,-0.870114,0.0,0.0,0.0,0.0007975062,-0.8173324,-2.849856,0.6501596,-0.2071999,1.991,0.133415,-0.05035716,0.9897801,-0.2770148,0.9570066,0.08602928,-0.9515584,-0.2856613,0.1137294,static,-84.16985,-74.78498,18.08441,-5.941285
05/15/2023 12:31:36.309390,2059,True,True,True,True,Eyes,1.920696,-0.02139483,-3.577573,-0.9299484,-0.3515921,0.107605,0.0,0.0,0.0,0.0,0.0,0.0,0.0,3.368886,0.8270853,2.099511,1.743529,-0.02365531,-3.660732,0.1265498,-0.649671,0.08007182,0.7453196,17.01852,277.4405,357.2982,0.4910421,-0.005263285,-0.8711196,0.0,0.0,0.0,0.002193984,-0.8199928,-2.827655,0.6501598,-0.2072,1.991001,0.1430321,-0.04507328,0.9886912,-0.2837896,0.9551473,0.08459935,-0.9481589,-0.2926807,0.1238254,static,-83.39961,-72.98324,18.08441,-5.941286
05/15/2023 12:31:36.328871,2060,True,True,True,True,Eyes,1.912418,-0.02171934,-3.581031,-0.9278695,-0.3530677,0.120006,0.0,0.0,0.0,0.0,0.0,0.0,0.0,3.348,0.8236175,2.127622,1.732469,-0.02459317,-3.662263,0.1260358,-0.645349,0.08123809,0.7490261,17.07732,278.1357,357.5432,0.489248,-0.005263944,-0.8721285,0.0,0.0,0.0,0.003249846,-0.821817,-2.80677,0.6501594,-0.2072,1.991,0.1538501,-0.04097522,0.9872443,-0.284373,0.9550307,0.08395433,-0.9462886,-0.293662,0.1352794,static,-82.63056,-71.22736,18.08441,-5.941287
05/15/2023 12:31:36.338809,2061,True,True,True,True,Eyes,1.904034,-0.02211008,-3.584442,-0.9256015,-0.354608,0.1323449,0.0,0.0,0.0,0.0,0.0,0.0,0.0,3.328583,0.8084325,2.157631,1.721601,-0.02649231,-3.66385,0.123648,-0.6413559,0.08162376,0.7528024,16.90973,278.8228,357.8609,0.4874392,-0.005272644,-0.8731408,0.0,0.0,0.0,0.007539834,-0.833594,-2.788918,0.6501594,-0.2072001,1.991,0.1640004,-0.03571163,0.9858135,-0.2814978,0.9560975,0.08146523,-0.945443,-0.2908647,0.1467477,static,-81.86285,-69.53369,18.08441,-5.94129
05/15/2023 12:31:36.358891,2062,True,True,True,True,Eyes,1.895536,-0.02254938,-3.587766,-0.923207,-0.3561221,0.1444504,0.0,0.0,0.0,0.0,0.0,0.0,0.0,3.315057,0.800001,2.175691,1.710842,-0.02846472,-3.66544,0.123005,-0.6380025,0.08455708,0.7554287,17.0819,279.3711,358.2494,0.4856161,-0.005290221,-0.8741559,0.0,0.0,0.0,0.007357866,-0.833797,-2.768451,0.6501595,-0.2072,1.991,0.1716058,-0.02920135,0.9847327,-0.2847087,0.9554397,0.07794783,-0.9431289,-0.2937383,0.1556451,static,-81.10727,-67.92152,18.08441,-5.941288
05/15/2023 12:31:36.379204,2063,True,True,True,True,Eyes,1.88691,-0.02303037,-3.591002,-0.9207328,-0.3575428,0.1562504,0.0,0.0,0.0,0.0,0.0,0.0,0.0,3.306482,0.7931232,2.184599,1.699576,-0.0300321,-3.666726,0.1227394,-0.6355477,0.08734738,0.7572218,17.27203,279.7692,358.576,0.4837776,-0.00531701,-0.8751745,0.0,0.0,0.0,0.004176401,-0.8269256,-2.747619,0.6501591,-0.2072001,1.990999,0.1768993,-0.0237308,0.9839429,-0.2882961,0.9546109,0.07485505,-0.9410591,-0.2969087,0.1620285,static,-80.36855,-66.39411,18.0844,-5.941293
05/15/2023 12:31:36.394027,2064,True,True,True,True,Eyes,1.878157,-0.02354893,-3.594141,-0.9181708,-0.3589267,0.1677318,0.0,0.0,0.0,0.0,0.0,0.0,0.0,3.299469,0.7857349,2.190577,1.687932,-0.03152533,-3.66775,0.1218315,-0.6337634,0.08775699,0.7588149,17.22528,280.0696,358.7256,0.481924,-0.005353134,-0.8761963,0.0,0.0,0.0,0.003634877,-0.8302504,-2.731468,0.6501592,-0.2072001,1.991,0.1812855,-0.02124209,0.9832012,-0.2876073,0.9549116,0.07366083,-0.9404349,-0.2961295,0.1670023,static,-79.64734,-64.95261,18.0844,-5.941293
05/15/2023 12:31:36.408956,2065,True,True,True,True,Eyes,1.869269,-0.02409614,-3.597196,-0.9155208,-0.3603017,0.1788972,0.0,0.0,0.0,0.0,0.0,0.0,0.0,3.291718,0.7907877,2.192751,1.676128,-0.03293441,-3.668571,0.122539,-0.6319463,0.08797291,0.7601901,17.30716,280.3335,358.7322,0.4800546,-0.005398615,-0.8772216,0.0,0.0,0.0,0.0006753658,-0.8344016,-2.719918,0.6501594,-0.2072001,1.991,0.1858093,-0.02112384,0.9823588,-0.2886283,0.9544899,0.07511751,-0.9392384,-0.2974941,0.1712561,static,-78.94344,-63.59465,18.0844,-5.941289
05/15/2023 12:31:36.428961,2066,True,True,True,True,Eyes,1.860237,-0.0246692,-3.600146,-0.9128804,-0.3614474,0.1897502,0.0,0.0,0.0,0.0,0.0,0.0,0.0,3.285183,0.7927587,2.193922,1.664083,-0.03419763,-3.66931,0.1228006,-0.6303783,0.08783604,0.7614646,17.3229,280.5682,358.7363,0.4781688,-0.005453254,-0.8782506,0.0,0.0,0.0,-0.007017532,-0.8327875,-2.711273,0.6501595,-0.2071999,1.991001,0.1898163,-0.02105356,0.981594,-0.2885896,0.9544097,0.0762767,-0.9384487,-0.2977564,0.1750867,static,-78.25777,-62.30173,18.0844,-5.941283
05/15/2023 12:31:36.439469,2067,True,True,True,True,Eyes,1.851086,-0.02529553,-3.602972,-0.9102364,-0.362437,0.2002729,0.0,0.0,0.0,0.0,0.0,0.0,0.0,3.280637,0.7817791,2.196038,1.651625,-0.03541616,-3.669772,0.1211888,-0.6292555,0.08690976,0.7627566,17.11269,280.7766,358.8048,0.4762664,-0.005516793,-0.8792834,0.0,0.0,0.0,-0.01328585,-0.8367494,-2.704475,0.6501598,-0.2071999,1.991001,0.1929685,-0.01993542,0.9810023,-0.2850993,0.95552,0.07549816,-0.9388724,-0.2942519,0.1787017,static,-77.59132,-61.07614,18.08441,-5.941284
05/15/2023 12:31:36.458982,2068,True,True,True,True,Eyes,1.841827,-0.02598052,-3.605677,-0.9075713,-0.3633294,0.2104899,0.0,0.0,0.0,0.0,0.0,0.0,0.0,3.27938,0.7645171,2.195348,1.639551,-0.03735232,-3.669994,0.119001,-0.6285524,0.08700164,0.7636697,16.92533,280.9376,358.9988,0.4743472,-0.005589702,-0.8803197,0.0,0.0,0.0,-0.02116128,-0.8384725,-2.698325,0.6501595,-0.2072,1.991,0.1947053,-0.0167157,0.9807194,-0.2824778,0.956539,0.07238474,-0.9393062,-0.2911251,0.1815214,static,-76.94244,-59.91473,18.08441,-5.941288
05/15/2023 12:31:36.479113,2069,True,True,True,True,Eyes,1.832467,-0.02670836,-3.60824,-0.9047714,-0.3643897,0.2204739,0.0,0.0,0.0,0.0,0.0,0.0,0.0,3.279318,0.7484725,2.191894,1.627696,-0.03942461,-3.669822,0.1176362,-0.6277623,0.08940168,0.7642537,16.98096,281.1015,359.3383,0.4724119,-0.005672516,-0.8813592,0.0,0.0,0.0,-0.03313706,-0.8322167,-2.691812,0.6501592,-0.2072001,1.991,0.1958437,-0.01104407,0.9805729,-0.2843463,0.9563382,0.06756182,-0.9385054,-0.2920538,0.1841525,static,-76.30512,-58.82397,18.0844,-5.941289
05/15/2023 12:31:36.489316,2070,True,True,True,True,Eyes,1.823022,-0.02745624,-3.610674,-0.9018811,-0.3655769,0.2301391,0.0,0.0,0.0,0.0,0.0,0.0,0.0,3.278932,0.7364737,2.186759,1.615873,-0.04112466,-3.669192,0.1173376,-0.6267399,0.09345568,0.7646536,17.25291,281.2834,359.7505,0.4704613,-0.005765333,-0.8824014,0.0,0.0,0.0,-0.04548918,-0.8260452,-2.685959,0.6501598,-0.2072,1.991,0.1969262,-0.004157909,0.9804096,-0.2900028,0.9549959,0.06230044,-0.9365461,-0.2965901,0.1868578,static,-75.68494,-57.80864,18.08442,-5.941288
05/15/2023 12:31:36.509067,2071,True,True,True,True,Eyes,1.813496,-0.02813471,-3.612992,-0.89876,-0.3672246,0.2395342,0.0,0.0,0.0,0.0,0.0,0.0,0.0,3.277819,0.7371671,2.178643,1.604349,-0.0422914,-3.668551,0.118694,-0.6256763,0.09713147,0.7648571,17.64471,281.4321,0.003323874,0.4684954,-0.005867717,-0.883446,0.0,0.0,0.0,-0.05462183,-0.8262376,-2.679644,0.6501595,-0.2072,1.991,0.1981891,5.527597e-05,0.9801638,-0.2971115,0.9529544,0.06002224,-0.9340482,-0.3031137,0.1888816,static,-75.07663,-56.8843,18.08441,-5.941289
05/15/2023 12:31:36.529133,2072,True,True,True,True,Eyes,1.803856,-0.02871986,-3.615186,-0.8956091,-0.3689345,0.2485389,0.0,0.0,0.0,0.0,0.0,0.0,0.0,3.274801,0.7667361,2.163395,1.592835,-0.04119503,-3.667923,0.1238957,-0.6244907,0.09968935,0.7646722,18.2998,281.5023,359.8622,0.466515,-0.005977034,-0.8844927,0.0,0.0,0.0,-0.06066871,-0.8322139,-2.672644,0.6501594,-0.2071999,1.991,0.2001469,-0.002284033,0.9797633,-0.3072027,0.9494237,0.06496901,-0.9303591,-0.3139893,0.1893226,static,-74.49023,-56.03316,18.0844,-5.941283
05/15/2023 12:31:36.539249,2073,True,True,True,True,Eyes,1.794121,-0.02919708,-3.617267,-0.8925031,-0.3704355,0.2573242,0.0,0.0,0.0,0.0,0.0,0.0,0.0,3.267906,0.7918615,2.154386,1.58047,-0.03954065,-3.667177,0.1271257,-0.6234487,0.09738278,0.7652891,18.42133,281.5709,359.4286,0.4645204,-0.006090296,-0.8855411,0.0,0.0,0.0,-0.06492436,-0.843207,-2.667661,0.6501596,-0.2071999,1.991,0.2036567,-0.009460759,0.9789967,-0.3075647,0.9487113,0.07314949,-0.9294773,-0.3160022,0.1903016,static,-73.91681,-55.21411,18.08441,-5.941285
05/15/2023 12:31:36.559066,2074,True,True,True,True,Eyes,1.784286,-0.02954851,-3.619231,-0.8894849,-0.3717603,0.265727,0.0,0.0,0.0,0.0,0.0,0.0,0.0,3.263899,0.7971823,2.148418,1.568482,-0.03745663,-3.666428,0.1273107,-0.6231619,0.09339979,0.7659882,18.14623,281.5905,359.0603,0.4625113,-0.006204504,-0.8865913,0.0,0.0,0.0,-0.0657297,-0.8645532,-2.66744,0.6501596,-0.2071998,1.991001,0.2058915,-0.01558411,0.9784508,-0.3017567,0.9501369,0.07863063,-0.9308876,-0.3114434,0.1909225,static,-73.36687,-54.44355,18.08441,-5.94128
05/15/2023 12:31:36.578920,2075,True,True,True,True,Eyes,1.774345,-0.02977197,-3.621089,-0.8864851,-0.3727169,0.2742742,0.0,0.0,0.0,0.0,0.0,0.0,0.0,3.262411,0.7977542,2.140078,1.556259,-0.03482933,-3.665585,0.1272805,-0.623126,0.09041237,0.7663808,17.92473,281.5822,358.7929,0.4604885,-0.006316441,-0.8876428,0.0,0.0,0.0,-0.07398235,-0.8714249,-2.666939,0.6501592,-0.2072001,1.991,0.2070792,-0.02004304,0.9781189,-0.2972042,0.9512506,0.08241413,-0.932088,-0.3077673,0.1910274,static,-72.80818,-53.65146,18.0844,-5.941289
05/15/2023 12:31:36.593144,2076,True,True,True,True,Eyes,1.764316,-0.02989404,-3.622828,-0.883599,-0.3733753,0.2825665,0.0,0.0,0.0,0.0,0.0,0.0,0.0,3.259355,0.7813876,2.139952,1.54385,-0.03209445,-3.66454,0.1244006,-0.6230533,0.08570991,0.7674523,17.32232,281.6429,358.5919,0.4584511,-0.006423238,-0.888696,0.0,0.0,0.0,-0.08852886,-0.8645411,-2.666445,0.6501597,-0.2072001,1.991,0.208917,-0.0234599,0.977652,-0.286573,0.9543566,0.08413944,-0.9350026,-0.2977467,0.1926583,static,-72.26622,-52.88195,18.08442,-5.941292
05/15/2023 12:31:36.608947,2077,True,True,True,True,Eyes,1.754209,-0.02994349,-3.624422,-0.8805596,-0.3739623,0.2911474,0.0,0.0,0.0,0.0,0.0,0.0,0.0,3.25237,0.7722912,2.143196,1.531771,-0.02990815,-3.663388,0.1225458,-0.6221873,0.08181526,0.7688769,16.87317,281.8024,358.4023,0.4563998,-0.006522904,-0.8897505,0.0,0.0,0.0,-0.1033129,-0.8577242,-2.666393,0.6501596,-0.2072,1.991,0.2123785,-0.02668114,0.9768232,-0.2783046,0.9565776,0.08663645,-0.9367187,-0.2902541,0.195731,static,-71.7041,-52.09755,18.08441,-5.941286
05/15/2023 12:31:36.628968,2078,True,True,True,True,Eyes,1.744027,-0.02994798,-3.625897,-0.8775266,-0.3743113,0.2997302,0.0,0.0,0.0,0.0,0.0,0.0,0.0,3.238829,0.7651536,2.155698,1.519644,-0.02826616,-3.662292,0.1209656,-0.6200074,0.07881089,0.7711986,16.51723,282.158,358.3,0.4543349,-0.00661439,-0.890806,0.0,0.0,0.0,-0.1225325,-0.8379037,-2.662761,0.6501592,-0.2072,1.991,0.2187595,-0.02844147,0.9753643,-0.2715568,0.9583123,0.08885035,-0.9372306,-0.2843037,0.2019164,static,-71.14175,-51.31396,18.0844,-5.941287
05/15/2023 12:31:36.638806,2079,True,True,True,True,Eyes,1.733812,-0.02991945,-3.627232,-0.8741652,-0.3748553,0.3087372,0.0,0.0,0.0,0.0,0.0,0.0,0.0,3.219298,0.7513613,2.179106,1.507643,-0.02717522,-3.661038,0.1186647,-0.6165588,0.07720837,0.7744759,16.2013,282.7264,358.4046,0.452257,-0.006697414,-0.8918621,0.0,0.0,0.0,-0.1374918,-0.8233539,-2.656548,0.6501597,-0.2072,1.991,0.2277883,-0.02673545,0.9733436,-0.2659195,0.9599151,0.08859883,-0.9366959,-0.2790128,0.211548,static,-70.54783,-50.52455,18.08441,-5.941288
05/15/2023 12:31:36.658831,2080,True,True,True,True,Eyes,1.723553,-0.02984441,-3.628451,-0.8705695,-0.3755772,0.3178844,0.0,0.0,0.0,0.0,0.0,0.0,0.0,3.195555,0.7421213,2.207149,1.496442,-0.02633011,-3.659752,0.1176506,-0.6120089,0.07844224,0.7781069,16.20674,283.441,358.6912,0.4501676,-0.006772024,-0.892918,0.0,0.0,0.0,-0.1478866,-0.8113686,-2.644545,0.6501594,-0.2072,1.991,0.2385838,-0.02193347,0.9708743,-0.2660793,0.9600103,0.08707471,-0.9339592,-0.2791041,0.2232069,static,-69.94057,-49.75579,18.0844,-5.941286
05/15/2023 12:31:36.678885,2081,True,True,True,True,Eyes,1.713276,-0.02971032,-3.62954,-0.8665519,-0.3767561,0.3273265,0.0,0.0,0.0,0.0,0.0,0.0,0.0,3.164462,0.750019,2.23895,1.485076,-0.02507856,-3.6583,0.1194177,-0.6059794,0.08168384,0.7822123,16.60772,284.3223,358.987,0.4480673,-0.006837922,-0.8939733,0.0,0.0,0.0,-0.1541214,-0.7989665,-2.625375,0.6501595,-0.2072,1.991,0.2522333,-0.01694114,0.9675182,-0.2725175,0.9581344,0.08782252,-0.9285002,-0.2858174,0.2370566,static,-69.30672,-49.01582,18.08441,-5.941289
05/15/2023 12:31:36.689083,2082,True,True,True,True,Eyes,1.702965,-0.02950777,-3.63054,-0.8623719,-0.3779457,0.3368557,0.0,0.0,0.0,0.0,0.0,0.0,0.0,3.131254,0.7595598,2.27306,1.474077,-0.02343576,-3.657188,0.1213015,-0.5996009,0.08471274,0.7865041,17.00145,285.2496,359.2684,0.4459573,-0.00689453,-0.8950273,0.0,0.0,0.0,-0.1528214,-0.7952008,-2.602166,0.6501595,-0.2071999,1.991,0.2666052,-0.0122112,0.9637285,-0.2787188,0.9562194,0.08922067,-0.9226254,-0.292396,0.2515296,static,-68.66362,-48.28999,18.08441,-5.941285
05/15/2023 12:31:36.710695,2083,True,True,True,True,Eyes,1.692618,-0.02924003,-3.631434,-0.8580888,-0.3791066,0.346355,0.0,0.0,0.0,0.0,0.0,0.0,0.0,3.10157,0.7607075,2.304287,1.462905,-0.02156723,-3.656172,0.1217566,-0.5940187,0.08631783,0.790485,17.16008,286.0791,359.5092,0.4438384,-0.00694107,-0.8960796,0.0,0.0,0.0,-0.1431107,-0.803681,-2.575476,0.6501594,-0.2072001,1.991,0.2793821,-0.00818547,0.9601452,-0.2811173,0.9554491,0.08994469,-0.9181061,-0.2950423,0.2646343,static,-68.01925,-47.58492,18.0844,-5.941289
05/15/2023 12:31:36.729498,2084,True,True,True,True,Eyes,1.682224,-0.02894194,-3.632259,-0.85381,-0.3800296,0.3557892,0.0,0.0,0.0,0.0,0.0,0.0,0.0,3.075039,0.752285,2.333757,1.451448,-0.01974782,-3.655288,0.1200607,-0.5894675,0.08448268,0.7943401,16.87817,286.7778,359.5612,0.4417112,-0.006976929,-0.8971298,0.0,0.0,0.0,-0.1317831,-0.811664,-2.548303,0.6501592,-0.2072,1.991,0.2907816,-0.007327832,0.9567614,-0.2757597,0.9568962,0.09113849,-0.9161892,-0.2903376,0.2762271,static,-67.37813,-46.88684,18.0844,-5.941288
05/15/2023 12:31:36.739161,2085,True,True,True,True,Eyes,1.671809,-0.02864828,-3.633014,-0.8494603,-0.3810618,0.3649782,0.0,0.0,0.0,0.0,0.0,0.0,0.0,3.050111,0.7513388,2.358286,1.439897,-0.01876996,-3.654523,0.1188182,-0.5854675,0.08069456,0.7978712,16.50454,287.3687,359.3809,0.4395755,-0.007002418,-0.898178,0.0,0.0,0.0,-0.125154,-0.8122873,-2.523674,0.6501597,-0.2072,1.991,0.3014324,-0.01036064,0.9534313,-0.2678961,0.9587412,0.09511515,-0.9150794,-0.2840913,0.2862202,static,-66.74879,-46.23502,18.08441,-5.941286
05/15/2023 12:31:36.759049,2086,True,True,True,True,Eyes,1.66137,-0.02839757,-3.633708,-0.8450123,-0.3821436,0.3740596,0.0,0.0,0.0,0.0,0.0,0.0,0.0,3.027073,0.7645713,2.376084,1.428831,-0.01857765,-3.653986,0.1196957,-0.5816511,0.07781857,0.8008116,16.39358,287.8905,359.1276,0.4374315,-0.007018685,-0.899224,0.0,0.0,0.0,-0.1264923,-0.8008431,-2.502157,0.6501591,-0.2072001,1.990999,0.3112526,-0.0146062,0.9502149,-0.2638783,0.9592344,0.1011809,-0.9129568,-0.2822339,0.29471,static,-66.12257,-45.61248,18.0844,-5.941291
05/15/2023 12:31:36.778804,2087,True,True,True,True,Eyes,1.650926,-0.0281381,-3.634377,-0.8405816,-0.3835718,0.3824857,0.0,0.0,0.0,0.0,0.0,0.0,0.0,3.005189,0.7789305,2.391439,1.417782,-0.01933931,-3.653271,0.1213183,-0.5776739,0.07749943,0.8034728,16.52841,288.4342,359.066,0.4352796,-0.007027719,-0.9002676,0.0,0.0,0.0,-0.1305389,-0.7897831,-2.484484,0.6501597,-0.2072001,1.991,0.3205734,-0.01562746,0.9470948,-0.2647022,0.9585514,0.1054131,-0.9094864,-0.2844907,0.3031494,static,-65.53328,-45.08124,18.08441,-5.941289
05/15/2023 12:31:36.789604,2088,True,True,True,True,Eyes,1.640453,-0.02787738,-3.634988,-0.8360041,-0.3851371,0.3908534,0.0,0.0,0.0,0.0,0.0,0.0,0.0,2.98519,0.8067442,2.400333,1.407334,-0.0187808,-3.652787,0.1257972,-0.573537,0.08035499,0.8054647,17.14696,288.9597,359.1094,0.43312,-0.007030013,-0.9013086,0.0,0.0,0.0,-0.1318267,-0.7887551,-2.470392,0.6501595,-0.2072,1.991,0.3291967,-0.01485244,0.9441445,-0.2737448,0.9554363,0.1104772,-0.9037108,-0.2948234,0.3104607,static,-64.9427,-44.57794,18.08441,-5.941287
05/15/2023 12:31:36.808900,2089,True,True,True,True,Eyes,1.629989,-0.02762822,-3.635562,-0.8315402,-0.3866948,0.3987581,0.0,0.0,0.0,0.0,0.0,0.0,0.0,2.962173,0.824105,2.41525,1.396122,-0.0184475,-3.652061,0.1283519,-0.5691262,0.0815603,0.808065,17.4738,289.5535,359.1419,0.430953,-0.007026208,-0.9023467,0.0,0.0,0.0,-0.1297351,-0.7945325,-2.45578,0.6501597,-0.2072,1.991,0.3388864,-0.01428486,0.9407188,-0.2779089,0.9537475,0.1145972,-0.8988451,-0.3002696,0.3192422,static,-64.38035,-44.12009,18.08442,-5.941288
05/15/2023 12:31:36.829341,2090,True,True,True,True,Eyes,1.619515,-0.0273706,-3.636094,-0.8269707,-0.3883505,0.4065753,0.0,0.0,0.0,0.0,0.0,0.0,0.0,2.943964,0.827072,2.42999,1.385854,-0.01844393,-3.651696,0.1290001,-0.5654358,0.08293305,0.8104096,17.63021,290.0849,359.3108,0.4287789,-0.007017191,-0.903382,0.0,0.0,0.0,-0.1212034,-0.8133972,-2.443706,0.6501595,-0.2072001,1.991,0.346809,-0.01146313,0.9378659,-0.280302,0.9529622,0.1152992,-0.8950723,-0.3028725,0.3272826,static,-63.81923,-43.68665,18.08441,-5.941292
05/15/2023 12:31:36.839235,2091,True,True,True,True,Eyes,1.609021,-0.02712321,-3.636585,-0.8225635,-0.389847,0.4140151,0.0,0.0,0.0,0.0,0.0,0.0,0.0,2.926922,0.8378543,2.44009,1.375126,-0.01794329,-3.651249,0.1309354,-0.5618587,0.08472578,0.8123991,17.93582,290.5742,359.4296,0.4265979,-0.007003263,-0.9044141,0.0,0.0,0.0,-0.1155659,-0.8231882,-2.428577,0.6501597,-0.2072,1.991,0.3542728,-0.009472105,0.9350942,-0.2847967,0.9513549,0.1175358,-0.8907198,-0.3079515,0.3343415,static,-63.28284,-43.27792,18.08441,-5.941287
05/15/2023 12:31:36.859140,2092,True,True,True,True,Eyes,1.59852,-0.02689759,-3.637036,-0.8181554,-0.3912166,0.4213923,0.0,0.0,0.0,0.0,0.0,0.0,0.0,2.908003,0.8397647,2.454972,1.364191,-0.01794644,-3.650649,0.1309796,-0.5583403,0.08423358,0.8148651,17.91005,291.0774,359.459,0.4244101,-0.006985168,-0.9054429,0.0,0.0,0.0,-0.1126752,-0.8263698,-2.414205,0.6501595,-0.2072,1.991,0.3623218,-0.008984375,0.9320098,-0.2835404,0.9514981,0.1193994,-0.8878782,-0.3075234,0.3422011,static,-62.7492,-42.87334,18.08441,-5.941287
05/15/2023 12:31:36.878868,2093,True,True,True,True,Eyes,1.588002,-0.02668408,-3.637453,-0.8138525,-0.3924784,0.4284913,0.0,0.0,0.0,0.0,0.0,0.0,0.0,2.891348,0.8381902,2.46858,1.353524,-0.01825486,-3.650203,0.1304888,-0.5552086,0.08350647,0.8171553,17.81751,291.533,359.4932,0.4222159,-0.006963861,-0.9064683,0.0,0.0,0.0,-0.108953,-0.8343538,-2.401968,0.6501594,-0.2072001,1.991,0.3695402,-0.008421505,0.9291766,-0.2813725,0.9519987,0.1205322,-0.8855899,-0.3059863,0.3494322,static,-62.23331,-42.48826,18.0844,-5.941289
05/15/2023 12:31:36.893612,2094,True,True,True,True,Eyes,1.577455,-0.02647179,-3.637829,-0.8096077,-0.3934795,0.4355561,0.0,0.0,0.0,0.0,0.0,0.0,0.0,2.875031,0.8384475,2.480872,1.342581,-0.01832205,-3.649748,0.1305541,-0.5519465,0.08380812,0.819321,17.84522,292.0025,359.5915,0.420015,-0.006939961,-0.9074904,0.0,0.0,0.0,-0.1092579,-0.8332173,-2.388111,0.6501591,-0.2072002,1.991,0.3766626,-0.006786257,0.9263257,-0.2814493,0.9518636,0.1214163,-0.8825597,-0.3064467,0.3566215,static,-61.72045,-42.09452,18.0844,-5.941293
05/15/2023 12:31:36.909099,2095,True,True,True,True,Eyes,1.566869,-0.02629001,-3.638199,-0.8055728,-0.3940613,0.442457,0.0,0.0,0.0,0.0,0.0,0.0,0.0,2.860596,0.8233409,2.495763,1.33134,-0.018178,-3.649238,0.1282042,-0.5492054,0.08255392,0.8216582,17.53919,292.4338,359.69,0.417807,-0.006913749,-0.9085093,0.0,0.0,0.0,-0.111125,-0.830203,-2.375345,0.6501599,-0.2072001,1.991,0.3831166,-0.005158627,0.9236856,-0.276483,0.9534971,0.1200019,-0.8813506,-0.3013581,0.3638743,static,-61.22242,-41.68892,18.08442,-5.94129
05/15/2023 12:31:36.928848,2096,True,True,True,True,Eyes,1.55626,-0.02615452,-3.63854,-0.8016151,-0.3944308,0.4492634,0.0,0.0,0.0,0.0,0.0,0.0,0.0,2.847814,0.8055911,2.509617,1.320125,-0.0187635,-3.648851,0.1252032,-0.5468467,0.08037437,0.8239071,17.11056,292.8131,359.7307,0.4155911,-0.006886219,-0.9095252,0.0,0.0,0.0,-0.1113884,-0.8300956,-2.362613,0.6501593,-0.2071999,1.991,0.3889975,-0.004491879,0.9212279,-0.2693759,0.9557282,0.1184067,-0.8809754,-0.2942165,0.3705659,static,-60.73164,-41.28151,18.0844,-5.941284
05/15/2023 12:31:36.939102,2097,True,True,True,True,Eyes,1.54561,-0.0260743,-3.63887,-0.7976762,-0.394481,0.4561769,0.0,0.0,0.0,0.0,0.0,0.0,0.0,2.837458,0.7945844,2.518547,1.308946,-0.01977628,-3.648545,0.1232651,-0.5447704,0.07877399,0.8257274,16.82169,293.1334,359.748,0.4133674,-0.006858668,-0.9105382,0.0,0.0,0.0,-0.1170548,-0.8191004,-2.349085,0.6501595,-0.2071999,1.991,0.3940399,-0.004210651,0.9190838,-0.264394,0.9572008,0.1177393,-0.8802434,-0.2893942,0.376062,static,-60.23552,-40.85175,18.08441,-5.941286
05/15/2023 12:31:36.958996,2098,True,True,True,True,Eyes,1.534925,-0.02604638,-3.63916,-0.7937593,-0.3944728,0.4629657,0.0,0.0,0.0,0.0,0.0,0.0,0.0,2.827227,0.788789,2.525232,1.297615,-0.02104971,-3.648005,0.1221149,-0.5426746,0.07755076,0.8273925,16.63319,293.4427,359.7484,0.4111356,-0.006832494,-0.9115484,0.0,0.0,0.0,-0.1251725,-0.8054959,-2.336643,0.6501592,-0.2071999,1.991,0.3989803,-0.004207427,0.91695,-0.2608671,0.9581476,0.1179042,-0.8790695,-0.2862435,0.3811845,static,-59.74683,-40.43287,18.0844,-5.941285
05/15/2023 12:31:36.978795,2099,True,True,True,True,Eyes,1.52421,-0.02609133,-3.639456,-0.789785,-0.3944209,0.4697573,0.0,0.0,0.0,0.0,0.0,0.0,0.0,2.816048,0.789483,2.530752,1.286109,-0.02229033,-3.647403,0.121879,-0.5404017,0.07645593,0.829015,16.54169,293.7595,359.7035,0.4088949,-0.006808881,-0.9125558,0.0,0.0,0.0,-0.1326474,-0.7970298,-2.32665,0.6501594,-0.2072,1.991,0.404241,-0.004960978,0.914639,-0.2584934,0.9586,0.1194452,-0.8773655,-0.2847129,0.386223,static,-59.25619,-40.01773,18.0844,-5.941286
05/15/2023 12:31:36.989318,2100,True,True,True,True,Eyes,1.513464,-0.02617798,-3.639726,-0.7857839,-0.3944791,0.4763715,0.0,0.0,0.0,0.0,0.0,0.0,0.0,2.805802,0.7953722,2.534236,1.275018,-0.02408545,-3.647087,0.1224385,-0.5381632,0.07599498,0.8304301,16.56773,294.0608,359.6672,0.4066449,-0.006789417,-0.9135607,0.0,0.0,0.0,-0.1391595,-0.7922242,-2.317333,0.6501595,-0.2072001,1.991,0.4092104,-0.005566697,0.9124232,-0.2580008,0.9584671,0.1215578,-0.8752043,-0.2851486,0.3907785,static,-58.7742,-39.62786,18.08441,-5.941288
05/15/2023 12:31:37.009181,2101,True,True,True,True,Eyes,1.502658,-0.0263282,-3.640017,-0.7817044,-0.3945479,0.4829804,0.0,0.0,0.0,0.0,0.0,0.0,0.0,2.796124,0.8090655,2.534398,1.26352,-0.02515557,-3.646773,0.1242533,-0.5359545,0.07576961,0.8316087,16.73098,294.3351,359.5712,0.4043855,-0.006774751,-0.9145632,0.0,0.0,0.0,-0.1443448,-0.791001,-2.308521,0.6501592,-0.2072001,1.991,0.4140236,-0.00716689,0.910238,-0.2592096,0.9576402,0.1254421,-0.8725795,-0.2878784,0.3946279,static,-58.28993,-39.24547,18.0844,-5.94129
05/15/2023 12:31:37.029245,2102,True,True,True,True,Eyes,1.491819,-0.02654105,-3.640293,-0.7776703,-0.3945847,0.4894199,0.0,0.0,0.0,0.0,0.0,0.0,0.0,2.785927,0.8145174,2.537728,1.251857,-0.02687702,-3.646508,0.1244676,-0.5338586,0.07403142,0.83308,16.6442,294.6109,359.429,0.4021153,-0.006766019,-0.9155638,0.0,0.0,0.0,-0.1480045,-0.79403,-2.301013,0.6501599,-0.2072,1.991,0.4190289,-0.009547979,0.9079227,-0.2562443,0.9580544,0.1283383,-0.8710646,-0.2864275,0.3990058,static,-57.81611,-38.87678,18.08442,-5.941286
05/15/2023 12:31:37.039161,2103,True,True,True,True,Eyes,1.480925,-0.02682669,-3.64059,-0.7735517,-0.394706,0.4958074,0.0,0.0,0.0,0.0,0.0,0.0,0.0,2.777123,0.8209109,2.539551,1.240211,-0.02861474,-3.646462,0.1248008,-0.5319673,0.07217468,0.8344018,16.56227,294.8541,359.2627,0.399834,-0.006764229,-0.9165623,0.0,0.0,0.0,-0.1508957,-0.8014041,-2.29526,0.6501594,-0.2072001,1.991,0.4236032,-0.01233458,0.9057639,-0.2532253,0.9584311,0.131479,-0.869734,-0.2850572,0.402871,static,-57.34219,-38.52285,18.0844,-5.941288
05/15/2023 12:31:37.059149,2104,True,True,True,True,Eyes,1.469984,-0.02717081,-3.640866,-0.7694426,-0.3948244,0.5020675,0.0,0.0,0.0,0.0,0.0,0.0,0.0,2.766732,0.8337379,2.540909,1.228495,-0.0306866,-3.646367,0.1260001,-0.5298016,0.07050564,0.8357412,16.57767,295.1199,359.0637,0.3975407,-0.006770547,-0.9175593,0.0,0.0,0.0,-0.1569037,-0.8018707,-2.288384,0.6501597,-0.2071999,1.991,0.4286784,-0.01566115,0.9033215,-0.251359,0.9583059,0.1358989,-0.8677866,-0.2853149,0.4068685,static,-56.87523,-38.18141,18.08442,-5.941286
05/15/2023 12:31:37.079426,2105,True,True,True,True,Eyes,1.458988,-0.027596,-3.641145,-0.7652182,-0.3949382,0.5083945,0.0,0.0,0.0,0.0,0.0,0.0,0.0,2.752905,0.84536,2.546023,1.216423,-0.03246203,-3.646178,0.1268454,-0.5271767,0.06812682,0.8374686,16.51629,295.4498,358.8267,0.3952354,-0.006785667,-0.9185545,0.0,0.0,0.0,-0.1635517,-0.8027702,-2.282697,0.6501592,-0.2072002,1.991,0.434887,-0.01963172,0.9002711,-0.247848,0.958538,0.1406283,-0.8657047,-0.2842878,0.41199,static,-56.40079,-37.84129,18.0844,-5.941294
05/15/2023 12:31:37.088947,2106,True,True,True,True,Eyes,1.447945,-0.02806728,-3.641417,-0.760941,-0.3950927,0.5146558,0.0,0.0,0.0,0.0,0.0,0.0,0.0,2.734671,0.8544346,2.556899,1.204387,-0.0348849,-3.646155,0.1270944,-0.5238556,0.06546336,0.8397243,16.38171,295.8851,358.6134,0.3929168,-0.006810796,-0.9195486,0.0,0.0,0.0,-0.1684767,-0.8074918,-2.277148,0.6501592,-0.2072001,1.991,0.4425797,-0.02321587,0.8964286,-0.2431005,0.9591231,0.1448618,-0.8631486,-0.2820352,0.4188447,static,-55.92789,-37.51285,18.0844,-5.941289
05/15/2023 12:31:37.108927,2107,True,True,True,True,Eyes,1.436841,-0.02858539,-3.64168,-0.7565366,-0.3951914,0.5210337,0.0,0.0,0.0,0.0,0.0,0.0,0.0,2.716518,0.8670757,2.56652,1.192221,-0.03647313,-3.646312,0.1282397,-0.5203395,0.06395703,0.8418498,16.40802,296.3384,358.4605,0.3905849,-0.006846128,-0.9205412,0.0,0.0,0.0,-0.1730955,-0.8098519,-2.269725,0.6501598,-0.2072,1.991,0.4503126,-0.02577193,0.892499,-0.2411408,0.9589281,0.1493584,-0.8596917,-0.2824758,0.4256028,static,-55.44446,-37.17943,18.08442,-5.941288
05/15/2023 12:31:37.129033,2108,True,True,True,True,Eyes,1.425684,-0.02916112,-3.641939,-0.7521244,-0.3951199,0.5274364,0.0,0.0,0.0,0.0,0.0,0.0,0.0,2.695234,0.8713673,2.581927,1.179694,-0.03816527,-3.646475,0.127932,-0.516414,0.06148166,0.8444939,16.23488,296.867,358.3115,0.3882389,-0.006891865,-0.9215328,0.0,0.0,0.0,-0.1760241,-0.8102412,-2.25943,0.6501593,-0.2072,1.991,0.4590732,-0.02828997,0.8879479,-0.2359735,0.9597068,0.1525756,-0.856486,-0.2795756,0.4339,static,-54.95948,-36.83809,18.0844,-5.941287
05/15/2023 12:31:37.139096,2109,True,True,True,True,Eyes,1.414488,-0.02980073,-3.642195,-0.7475764,-0.3950806,0.5338922,0.0,0.0,0.0,0.0,0.0,0.0,0.0,2.674626,0.866173,2.599822,1.167287,-0.04016887,-3.64675,0.1262995,-0.5125321,0.05910426,0.8472698,15.93848,297.4141,358.2532,0.385878,-0.006948472,-0.9225234,0.0,0.0,0.0,-0.1766858,-0.8143283,-2.249618,0.6501597,-0.2071998,1.991,0.4676352,-0.02931051,0.8834355,-0.2296195,0.9611103,0.1534337,-0.8535761,-0.2746051,0.4427187,static,-54.46694,-36.50146,18.08441,-5.941282
05/15/2023 12:31:37.159176,2110,True,True,True,True,Eyes,1.403228,-0.03049238,-3.642447,-0.7429674,-0.3950049,0.540343,0.0,0.0,0.0,0.0,0.0,0.0,0.0,2.654536,0.8710825,2.613959,1.155098,-0.04235734,-3.647201,0.1264034,-0.508531,0.05818412,0.8497254,15.90202,297.9549,358.2316,0.3835022,-0.007016529,-0.923513,0.0,0.0,0.0,-0.178205,-0.8120445,-2.236886,0.6501594,-0.2072001,1.991,0.4760217,-0.02967905,0.8789327,-0.2274412,0.9612736,0.1556395,-0.8495139,-0.2739932,0.4508369,static,-53.97247,-36.16779,18.08441,-5.941292
05/15/2023 12:31:37.179507,2111,True,True,True,True,Eyes,1.391923,-0.03121839,-3.642708,-0.738245,-0.3949778,0.5467969,0.0,0.0,0.0,0.0,0.0,0.0,0.0,2.634002,0.8742211,2.628413,1.142296,-0.04431094,-3.647462,0.1262487,-0.5044678,0.05700404,0.8522466,15.8252,298.505,358.2004,0.3811114,-0.007096241,-0.9245017,0.0,0.0,0.0,-0.1805687,-0.8051061,-2.222714,0.6501594,-0.2072,1.991,0.4845257,-0.03021382,0.8742552,-0.2245398,0.9616235,0.1576767,-0.8454684,-0.2727034,0.4591471,static,-53.47371,-35.8424,18.08441,-5.941288
05/15/2023 12:31:37.198836,2112,True,True,True,True,Eyes,1.380551,-0.03195506,-3.64296,-0.7334731,-0.3949704,0.5531867,0.0,0.0,0.0,0.0,0.0,0.0,0.0,2.617712,0.8785956,2.638776,1.129921,-0.04610278,-3.648101,0.1264798,-0.500962,0.05642635,0.8543163,15.82156,298.9753,358.1946,0.3787047,-0.00718737,-0.9254894,0.0,0.0,0.0,-0.1796684,-0.8063499,-2.210387,0.6501595,-0.2072,1.991,0.4917063,-0.03031121,0.8702334,-0.223135,0.9616379,0.1595725,-0.8416862,-0.2726423,0.4660799,static,-52.97634,-35.5265,18.08441,-5.941287
05/15/2023 12:31:37.209585,2113,True,True,True,True,Eyes,1.369137,-0.0326376,-3.643204,-0.7286073,-0.3950603,0.5595165,0.0,0.0,0.0,0.0,0.0,0.0,0.0,2.599726,0.8859952,2.648753,1.116969,-0.04720494,-3.648233,0.1270907,-0.4973089,0.05524813,0.8564343,15.82145,299.4518,358.1075,0.3762816,-0.007289086,-0.9264764,0.0,0.0,0.0,-0.1794875,-0.8061558,-2.197566,0.6501597,-0.2072001,1.991,0.4992631,-0.03177383,0.8658677,-0.2210394,0.9615912,0.1627388,-0.8377815,-0.2726403,0.4730637,static,-52.4784,-35.22494,18.08442,-5.94129
05/15/2023 12:31:37.229196,2114,True,True,True,True,Eyes,1.357651,-0.03325947,-3.64344,-0.723655,-0.395126,0.565861,0.0,0.0,0.0,0.0,0.0,0.0,0.0,2.579539,0.8990434,2.659064,1.104467,-0.04634714,-3.648414,0.1286063,-0.4934207,0.05361942,0.8585579,15.88728,299.9376,357.9239,0.373842,-0.007398977,-0.9274626,0.0,0.0,0.0,-0.1799555,-0.8078922,-2.187409,0.6501592,-0.2072002,1.991,0.5073219,-0.03484327,0.861052,-0.2189848,0.9611708,0.167918,-0.8334689,-0.2737457,0.4799929,static,-51.97642,-34.92559,18.0844,-5.941295
05/15/2023 12:31:37.239061,2115,True,True,True,True,Eyes,1.346126,-0.03386149,-3.643669,-0.7186502,-0.3951485,0.5721885,0.0,0.0,0.0,0.0,0.0,0.0,0.0,2.551754,0.9067956,2.677846,1.091272,-0.04544584,-3.648513,0.1290007,-0.4884649,0.05070118,0.8615047,15.77146,300.5754,357.6973,0.3713857,-0.007514692,-0.928448,0.0,0.0,0.0,-0.1806535,-0.8099316,-2.177131,0.6501596,-0.2072001,1.991,0.5176629,-0.03866604,0.8547105,-0.2133833,0.9615764,0.1727379,-0.8285486,-0.271801,0.4895217,static,-51.47324,-34.62862,18.08441,-5.94129
05/15/2023 12:31:37.259755,2116,True,True,True,True,Eyes,1.334564,-0.0344027,-3.643904,-0.7135001,-0.3953976,0.5784274,0.0,0.0,0.0,0.0,0.0,0.0,0.0,2.525116,0.9065032,2.698593,1.078665,-0.04558623,-3.648942,0.1282771,-0.4835631,0.0483768,0.8645064,15.57974,301.2299,357.5953,0.3689122,-0.007635179,-0.9294326,0.0,0.0,0.0,-0.1797554,-0.8131831,-2.16772,0.6501593,-0.2072,1.991,0.5276529,-0.04041598,0.848498,-0.2077042,0.9624094,0.1750062,-0.8236755,-0.2685792,0.4994235,static,-50.96867,-34.35547,18.0844,-5.941288
05/15/2023 12:31:37.279074,2117,True,True,True,True,Eyes,1.322945,-0.03488763,-3.644109,-0.7084171,-0.3955267,0.5845544,0.0,0.0,0.0,0.0,0.0,0.0,0.0,2.505469,0.9260717,2.705905,1.066181,-0.04461916,-3.649407,0.1313164,-0.4793536,0.04927263,0.866342,15.94818,301.7495,357.5847,0.366422,-0.007758413,-0.9304162,0.0,0.0,0.0,-0.1775914,-0.8109792,-2.153969,0.6501594,-0.2072001,1.991,0.5355847,-0.04052007,0.8435089,-0.2112679,0.9606564,0.1802918,-0.8176277,-0.2747679,0.5059522,static,-50.47206,-34.08344,18.08441,-5.941289
05/15/2023 12:31:37.288970,2118,True,True,True,True,Eyes,1.311296,-0.03525963,-3.644299,-0.7033327,-0.3955162,0.5906691,0.0,0.0,0.0,0.0,0.0,0.0,0.0,2.483739,0.9220575,2.721753,1.053138,-0.04375343,-3.64912,0.130477,-0.4751491,0.04761388,0.868874,15.78233,302.3148,357.5432,0.3639147,-0.007882703,-0.9313987,0.0,0.0,0.0,-0.1751782,-0.8060154,-2.139191,0.6501598,-0.2072,1.991,0.5439327,-0.04125107,0.8381143,-0.2067329,0.9614174,0.1814887,-0.8132643,-0.2719834,0.5144183,static,-49.97597,-33.80655,18.08442,-5.941288
05/15/2023 12:31:37.308939,2119,True,True,True,True,Eyes,1.299594,-0.03550868,-3.64445,-0.6983838,-0.3953719,0.596608,0.0,0.0,0.0,0.0,0.0,0.0,0.0,2.46693,0.9106838,2.735911,1.040743,-0.04144077,-3.649032,0.1289597,-0.4716209,0.04642926,0.8710841,15.57286,302.8045,357.5753,0.3613906,-0.008005054,-0.9323799,0.0,0.0,0.0,-0.1697255,-0.8170745,-2.130997,0.6501597,-0.2071999,1.991,0.5508361,-0.04075264,0.8336178,-0.2025278,0.9624274,0.1808755,-0.8096678,-0.2684636,0.5218862,static,-49.49374,-33.53242,18.08442,-5.941286
05/15/2023 12:31:37.328863,2120,True,True,True,True,Eyes,1.287859,-0.03568533,-3.644585,-0.6934872,-0.3949566,0.6025652,0.0,0.0,0.0,0.0,0.0,0.0,0.0,2.446953,0.9063456,2.749588,1.027681,-0.03877948,-3.648512,0.1281037,-0.4678646,0.04361873,0.8733783,15.34207,303.2948,357.404,0.3588498,-0.00812251,-0.9333597,0.0,0.0,0.0,-0.1695932,-0.8112979,-2.11761,0.6501596,-0.2072001,1.991,0.5584002,-0.04367906,0.828421,-0.1960616,0.9633737,0.1829506,-0.8060701,-0.2645812,0.5293843,static,-49.0129,-33.24319,18.08441,-5.941289
05/15/2023 12:31:37.349038,2121,True,True,True,True,Eyes,1.276154,-0.03583235,-3.644714,-0.6885681,-0.394858,0.6082443,0.0,0.0,0.0,0.0,0.0,0.0,0.0,2.426468,0.8906874,2.767948,1.015174,-0.03730364,-3.648375,0.1251702,-0.4641658,0.03938941,0.8759745,14.82444,303.799,357.2019,0.3562926,-0.008233694,-0.9343379,0.0,0.0,0.0,-0.17121,-0.8018624,-2.10545,0.6501593,-0.2072001,1.991,0.5659972,-0.0471912,0.8230554,-0.1852077,0.9655618,0.1827253,-0.8033339,-0.2558582,0.5377651,static,-48.54434,-32.99069,18.08441,-5.94129
05/15/2023 12:31:37.359082,2122,True,True,True,True,Eyes,1.264449,-0.03593772,-3.644829,-0.6835375,-0.3951257,0.6137199,0.0,0.0,0.0,0.0,0.0,0.0,0.0,2.413649,0.9130638,2.76819,1.003932,-0.03666635,-3.648704,0.1285638,-0.4611828,0.03997399,0.8770314,15.2113,304.1407,357.1211,0.3537204,-0.008338478,-0.9353138,0.0,0.0,0.0,-0.1735309,-0.7935702,-2.09381,0.6501594,-0.2072001,1.991,0.571425,-0.04846593,0.819222,-0.1886997,0.9637469,0.1886382,-0.7986652,-0.2623795,0.5415635,static,-48.08065,-32.77428,18.08441,-5.941291
05/15/2023 12:31:37.378750,2123,True,True,True,True,Eyes,1.252776,-0.03594251,-3.644922,-0.6785201,-0.3956896,0.6189024,0.0,0.0,0.0,0.0,0.0,0.0,0.0,2.399702,0.9455152,2.764984,0.9922346,-0.03570674,-3.648548,0.1334939,-0.4580504,0.04081732,0.8778971,15.77025,304.4749,356.9844,0.3511341,-0.008436418,-0.9362869,0.0,0.0,0.0,-0.1779,-0.7774635,-2.080428,0.6501593,-0.2072,1.991,0.5770477,-0.05062702,0.8151398,-0.1939606,0.9610267,0.196995,-0.7933444,-0.2717806,0.5447386,static,-47.63095,-32.59245,18.0844,-5.941289
05/15/2023 12:31:37.388870,2124,True,True,True,True,Eyes,1.241088,-0.0358178,-3.644975,-0.6734868,-0.3963613,0.6239496,0.0,0.0,0.0,0.0,0.0,0.0,0.0,2.387054,0.9701606,2.763143,0.9811036,-0.03324254,-3.648359,0.1372736,-0.4553141,0.04040517,0.8787564,16.14411,304.7624,356.7777,0.3485354,-0.008525586,-0.9372565,0.0,0.0,0.0,-0.1755944,-0.7902628,-2.076911,0.6501593,-0.2071999,1.991,0.5821131,-0.05399263,0.8113133,-0.1960178,0.9590468,0.2044661,-0.7891271,-0.2780542,0.5476902,static,-47.18653,-32.42558,18.0844,-5.941285
05/15/2023 12:31:37.413694,2125,True,True,True,True,Eyes,1.229412,-0.03559247,-3.644973,-0.6685249,-0.3967955,0.6289895,0.0,0.0,0.0,0.0,0.0,0.0,0.0,2.366153,0.9907737,2.768398,0.969069,-0.0300303,-3.647511,0.1398081,-0.4517968,0.03666216,0.8803349,16.21744,305.1395,356.311,0.3459245,-0.00860351,-0.9382226,0.0,0.0,0.0,-0.1719523,-0.8088621,-2.07482,0.6501594,-0.2072001,1.991,0.5890712,-0.06177972,0.8057162,-0.1908796,0.9582192,0.2130281,-0.7852136,-0.2792835,0.5526668,static,-46.74527,-32.24562,18.08441,-5.941292
05/15/2023 12:31:37.429100,2126,True,True,True,True,Eyes,1.217745,-0.03529228,-3.644933,-0.6635256,-0.3970893,0.6340773,0.0,0.0,0.0,0.0,0.0,0.0,0.0,2.34038,0.9873353,2.786214,0.9574469,-0.02745758,-3.646607,0.1383566,-0.4477436,0.03079624,0.882856,15.7759,305.6418,355.8573,0.3433026,-0.008668693,-0.9391845,0.0,0.0,0.0,-0.170967,-0.8206667,-2.072791,0.6501595,-0.2071999,1.991,0.5971546,-0.06951924,0.799108,-0.1782738,0.9598181,0.2167202,-0.7820645,-0.2718755,0.5607662,static,-46.30008,-32.05675,18.08441,-5.941286
05/15/2023 12:31:37.438837,2127,True,True,True,True,Eyes,0.9262419,-0.02621104,-3.64253,-0.5262185,-0.3926829,0.7542508,0.0,0.0,0.0,0.0,0.0,0.0,0.0,2.314412,0.9820811,2.804606,0.9459844,-0.02540749,-3.64572,0.1371727,-0.4432361,0.02758848,0.8854175,15.50763,306.2255,355.6704,0.3406706,-0.008720453,-0.940142,0.0,0.0,0.0,-0.1717507,-0.8247935,-2.067447,0.6501591,-0.2072,1.991,0.6055612,-0.07274514,0.7924668,-0.1704544,0.9608451,0.2184538,-0.7773293,-0.2673666,0.5694508,static,-34.90234,-27.50268,18.0844,-5.941287
05/15/2023 12:31:37.450183,2128,True,True,True,True,Eyes,0.9257869,-0.02615602,-3.642465,-0.5258757,-0.392477,0.7545969,0.0,0.0,0.0,0.0,0.0,0.0,0.0,2.286361,0.9668887,2.827119,0.9345796,-0.02359441,-3.6443,0.1348378,-0.4382158,0.02562244,0.8883294,15.18979,306.9095,355.6825,0.3241678,-0.008322006,-0.9459628,-0.874509,0.02724372,0.007208347,-0.1744595,-0.8128346,-2.055478,0.6501594,-0.2072,1.991,0.6146208,-0.07265379,0.7854697,-0.1636985,0.9623245,0.2171045,-0.7716501,-0.2620172,0.5795714,static,-34.87249,-27.47961,18.08441,-5.941288
05/15/2023 12:31:37.479543,2129,True,True,True,True,Eyes,0.9249267,-0.0260619,-3.642318,-0.5250891,-0.3922788,0.7552475,0.0,0.0,0.0,0.0,0.0,0.0,0.0,2.257187,0.9471756,2.851451,0.9231873,-0.02224486,-3.642807,0.1321242,-0.4327857,0.02515634,0.8914073,14.91155,307.666,355.8748,0.3108929,-0.008012476,-0.950411,-0.8220385,0.0256091,0.006775846,-0.1726487,-0.8041174,-2.041977,0.6501592,-0.2072001,1.991,0.6241274,-0.06951384,0.7782242,-0.159212,0.9638207,0.2137783,-0.7649291,-0.2573275,0.5904794,static,-34.80912,-27.44756,18.0844,-5.94129
05/15/2023 12:31:37.491628,2130,True,True,True,True,Eyes,0.9236671,-0.02592579,-3.642108,-0.5238861,-0.3921332,0.756158,0.0,0.0,0.0,0.0,0.0,0.0,0.0,2.225694,0.9421158,2.872145,0.9122853,-0.0211629,-3.641127,0.1318179,-0.4268906,0.02665303,0.8942472,14.98176,308.4563,356.1493,0.300208,-0.007772103,-0.9538419,-0.7727162,0.02407255,0.006369296,-0.1682557,-0.7919008,-2.024677,0.6501595,-0.2072001,1.991,0.6341081,-0.06487488,0.7705182,-0.1602124,0.9638273,0.2129997,-0.7564647,-0.2585114,0.6007769,static,-34.71523,-27.41064,18.08441,-5.941291
05/15/2023 12:31:37.512099,2131,True,True,True,True,Eyes,0.9220557,-0.02576093,-3.641847,-0.5222733,-0.3921912,0.7572428,0.0,0.0,0.0,0.0,0.0,0.0,0.0,2.195357,0.9406494,2.890407,0.9013982,-0.01998197,-3.639498,0.1321376,-0.4211137,0.02869074,0.8968723,15.14039,309.2242,356.4467,0.2915997,-0.007585032,-0.9565101,-0.7263532,0.0226282,0.005987138,-0.1610156,-0.7794827,-2.005487,0.6501592,-0.2072001,1.991,0.6436802,-0.059826,0.7629525,-0.1627537,0.963433,0.2128569,-0.747788,-0.2611851,0.6104059,static,-34.59418,-27.38054,18.0844,-5.941289
05/15/2023 12:31:37.529207,2132,True,True,True,True,Eyes,0.9200923,-0.02558645,-3.641528,-0.5202934,-0.3924932,0.7584484,0.0,0.0,0.0,0.0,0.0,0.0,0.0,2.167202,0.9485955,2.903975,0.8910986,-0.0191251,-3.638028,0.1337526,-0.4157396,0.0308399,0.8990662,15.43515,309.9176,356.6839,0.284654,-0.0074389,-0.9586012,-0.682772,0.02127051,0.005627909,-0.1483686,-0.7777432,-1.988154,0.6501592,-0.2072001,1.991,0.652419,-0.05575832,0.7558045,-0.1666668,0.9623183,0.2148622,-0.7393048,-0.2661476,0.6185417,static,-34.45,-27.36133,18.0844,-5.94129
05/15/2023 12:31:37.538714,2133,True,True,True,True,Eyes,0.9178208,-0.02543759,-3.641147,-0.5181526,-0.3928609,0.7597225,0.0,0.0,0.0,0.0,0.0,0.0,0.0,2.140597,0.9736018,2.910406,0.8807477,-0.01857913,-3.636545,0.1377902,-0.4106303,0.03325894,0.9007167,15.99385,310.538,356.8246,0.2790368,-0.007324327,-0.9602522,-0.6418056,0.01999428,0.005290234,-0.1352303,-0.7785213,-1.972243,0.6501596,-0.2071999,1.991,0.6605531,-0.05324796,0.7488887,-0.1730755,0.9598154,0.2209057,-0.7305577,-0.2755342,0.6247932,static,-34.29511,-27.34399,18.08441,-5.941285
05/15/2023 12:31:37.558944,2134,True,True,True,True,Eyes,0.9152515,-0.02530005,-3.640723,-0.5157356,-0.3935866,0.7609904,0.0,0.0,0.0,0.0,0.0,0.0,0.0,2.119544,0.9929646,2.91432,0.8708064,-0.01895513,-3.634975,0.1410704,-0.4062726,0.03626783,0.9020679,16.49785,311.0819,357.0591,0.2744782,-0.007234769,-0.9615659,-0.6032973,0.01879462,0.00497282,-0.1221477,-0.7846693,-1.959637,0.6501594,-0.2072001,1.991,0.6672546,-0.04919397,0.7432034,-0.1800581,0.9575676,0.2250409,-0.7227382,-0.2839794,0.6300835,static,-34.12614,-27.34814,18.0844,-5.941289
05/15/2023 12:31:37.579457,2135,True,True,True,True,Eyes,0.9123924,-0.02515092,-3.640238,-0.513322,-0.3944002,0.7622001,0.0,0.0,0.0,0.0,0.0,0.0,0.0,2.105881,1.01979,2.910264,0.8610404,-0.01898843,-3.633538,0.1456849,-0.4029042,0.04010712,0.9026824,17.1775,311.486,357.3011,0.2707593,-0.007164709,-0.9626202,-0.5670995,0.01766694,0.004674451,-0.1084666,-0.8006612,-1.951456,0.6501595,-0.2072,1.991,0.6721193,-0.0449861,0.7390751,-0.1898021,0.9543347,0.2306956,-0.7157031,-0.2953329,0.6328883,static,-33.95924,-27.35929,18.08441,-5.941287
05/15/2023 12:31:37.589107,2136,True,True,True,True,Eyes,0.9092423,-0.02500647,-3.63969,-0.5107839,-0.3953186,0.7634285,0.0,0.0,0.0,0.0,0.0,0.0,0.0,2.091572,1.047507,2.905443,0.8511819,-0.01850335,-3.631624,0.1500514,-0.3998539,0.04146825,0.9032617,17.71209,311.8214,357.2873,0.2677031,-0.007109195,-0.963475,-0.5330735,0.01660693,0.004393984,-0.09703548,-0.81475,-1.943907,0.6501594,-0.2072001,1.991,0.6767944,-0.04508397,0.7347903,-0.1949107,0.9515299,0.237909,-0.7099008,-0.3042339,0.6352028,static,-33.78513,-27.37602,18.08441,-5.94129
05/15/2023 12:31:37.609004,2137,True,True,True,True,Eyes,0.9058455,-0.02488695,-3.639068,-0.5084256,-0.3959442,0.7646774,0.0,0.0,0.0,0.0,0.0,0.0,0.0,2.074102,1.063153,2.906783,0.841028,-0.01845858,-3.629588,0.1521039,-0.3967043,0.04007721,0.9043695,17.87334,312.1739,357.0976,0.2651655,-0.007064688,-0.9641768,-0.5010891,0.01561051,0.004130345,-0.08761272,-0.8339826,-1.940741,0.6501593,-0.2072001,1.991,0.682039,-0.04819132,0.7297262,-0.1931697,0.9505165,0.2433186,-0.7053426,-0.3069138,0.6389803,static,-33.6195,-27.37478,18.08441,-5.94129
05/15/2023 12:31:37.629123,2138,True,True,True,True,Eyes,0.9021767,-0.02480529,-3.638387,-0.5060222,-0.3964947,0.7659854,0.0,0.0,0.0,0.0,0.0,0.0,0.0,2.058046,1.074699,2.908805,0.8312321,-0.01892531,-3.627723,0.1534281,-0.3938414,0.03823698,0.9054762,17.93691,312.4954,356.8905,0.2628106,-0.007022025,-0.9648216,-0.4710237,0.01467388,0.003882524,-0.08182068,-0.8507019,-1.938499,0.6501595,-0.2072001,1.991,0.6868538,-0.05160735,0.7249612,-0.190098,0.9499955,0.2477323,-0.7014947,-0.3079696,0.6426975,static,-33.44939,-27.3673,18.08441,-5.941292
05/15/2023 12:31:37.638816,2139,True,True,True,True,Eyes,0.8982547,-0.0247739,-3.63765,-0.5038382,-0.3965395,0.7674004,0.0,0.0,0.0,0.0,0.0,0.0,0.0,2.04483,1.07407,2.912917,0.821023,-0.01977348,-3.625682,0.1529955,-0.391337,0.03630586,0.9067138,17.81002,312.8013,356.7541,0.2606024,-0.006981698,-0.9654207,-0.4427623,0.01379345,0.003649573,-0.07985001,-0.857803,-1.933355,0.6501595,-0.2072,1.991,0.6910745,-0.05390756,0.7207704,-0.1855836,0.9505485,0.2490306,-0.698552,-0.3058619,0.6468955,static,-33.28698,-27.3268,18.08441,-5.941288
05/15/2023 12:31:37.658891,2140,True,True,True,True,Eyes,0.8940851,-0.02479816,-3.636844,-0.5015922,-0.3965352,0.7688726,0.0,0.0,0.0,0.0,0.0,0.0,0.0,2.035015,1.0657,2.917417,0.8111309,-0.02102153,-3.623527,0.1514776,-0.389309,0.0345902,0.9079078,17.57704,313.0682,356.6845,0.2585202,-0.006944839,-0.9659806,-0.4161966,0.01296584,0.003430598,-0.07949053,-0.8624848,-1.928101,0.6501602,-0.2072,1.991,0.6944841,-0.05513375,0.7173926,-0.1807526,0.9517161,0.2481228,-0.696434,-0.3019879,0.6509861,moving,-33.11937,-27.28178,18.08442,-5.941286
05/15/2023 12:31:37.679138,2141,True,True,True,True,Eyes,0.8896855,-0.02490217,-3.635971,-0.4993316,-0.396222,0.7705038,0.0,0.0,0.0,0.0,0.0,0.0,0.0,2.022021,1.064727,2.92103,0.8010068,-0.0223989,-3.62112,0.1510206,-0.3867959,0.03309154,0.9091131,17.46896,313.3805,356.5946,0.2565456,-0.006912612,-0.9665072,-0.3912248,0.01218789,0.003224762,-0.08523487,-0.8604969,-1.924036,0.6455254,-0.2072,1.991,0.6985878,-0.05666043,0.7132773,-0.1769962,0.9521954,0.2489903,-0.6932874,-0.300189,0.6551634,moving,-32.9456,-27.21393,17.96382,-5.941286
05/15/2023 12:31:37.689199,2142,True,True,True,True,Eyes,0.8850636,-0.02508426,-3.635029,-0.4969059,-0.395958,0.7722058,0.0,0.0,0.0,0.0,0.0,0.0,0.0,2.006267,1.063954,2.926386,0.7911688,-0.02447738,-3.618603,0.1505618,-0.3838193,0.03209339,0.9104856,17.38583,313.7589,356.5676,0.2546626,-0.00688671,-0.9670053,-0.3677513,0.01145662,0.003031277,-0.09250367,-0.8548436,-1.918614,0.6415031,-0.2072002,1.991,0.7033055,-0.05713588,0.7085879,-0.1740181,0.9526023,0.2495326,-0.6892598,-0.2988048,0.6600279,moving,-32.76083,-27.14704,17.85901,-5.941292
05/15/2023 12:31:37.709234,2143,True,True,True,True,Eyes,0.880233,-0.02532142,-3.63401,-0.4943466,-0.395644,0.7740073,0.0,0.0,0.0,0.0,0.0,0.0,0.0,1.989332,1.067698,2.930748,0.781182,-0.02651931,-3.616041,0.1510112,-0.3804349,0.03250859,0.9118159,17.46502,314.192,356.6575,0.2528565,-0.00686861,-0.9674792,-0.3456862,0.01076922,0.0028494,-0.09754928,-0.8534713,-1.913816,0.6371499,-0.2072001,1.990999,0.708425,-0.05561614,0.7035915,-0.1741835,0.9522777,0.250654,-0.6839548,-0.3001236,0.6649299,moving,-32.56575,-27.07444,17.74546,-5.941293
05/15/2023 12:31:37.728864,2144,True,True,True,True,Eyes,0.8751834,-0.02560106,-3.632907,-0.4917046,-0.395276,0.7758759,0.0,0.0,0.0,0.0,0.0,0.0,0.0,1.975834,1.07162,2.932459,0.7712832,-0.02809171,-3.6133,0.1517816,-0.3774159,0.03395421,0.9128892,17.6228,314.5863,356.8376,0.2511152,-0.00685904,-0.9679326,-0.3249451,0.01012306,0.002678436,-0.100061,-0.8529307,-1.907819,0.6327686,-0.2072,1.991,0.7128086,-0.05257671,0.699385,-0.1765624,0.9516189,0.2514897,-0.6787705,-0.3027492,0.6690391,moving,-32.36412,-26.99692,17.63101,-5.941289
05/15/2023 12:31:37.738748,2145,True,True,True,True,Eyes,0.8699252,-0.02592752,-3.63172,-0.4890038,-0.3947354,0.7778556,0.0,0.0,0.0,0.0,0.0,0.0,0.0,1.964967,1.064233,2.935991,0.7609566,-0.02939376,-3.610237,0.1508445,-0.3748663,0.03450393,0.9140737,17.55581,314.938,356.993,0.2494271,-0.006858313,-0.968369,-0.3054484,0.00951568,0.00251773,-0.09926065,-0.8563301,-1.901918,0.6284655,-0.2072,1.991,0.7165694,-0.05001479,0.6957203,-0.1761713,0.9521108,0.2498972,-0.6749014,-0.3016346,0.6734424,moving,-32.15578,-26.90625,17.51847,-5.941287
05/15/2023 12:31:37.758968,2146,True,True,True,True,Eyes,0.8644554,-0.02630017,-3.630437,-0.4862894,-0.3941235,0.7798648,0.0,0.0,0.0,0.0,0.0,0.0,0.0,1.954948,1.05622,2.93899,0.7507439,-0.03089519,-3.607008,0.149602,-0.3726446,0.03397366,0.9152056,17.40675,315.237,357.0378,0.247782,-0.006866831,-0.9687913,-0.2871214,0.00894474,0.002366666,-0.09865752,-0.8608569,-1.896823,0.6241617,-0.2071997,1.991,0.7199637,-0.04931096,0.6922578,-0.1736825,0.9529301,0.2485129,-0.6719276,-0.2991533,0.6775106,moving,-31.94585,-26.81085,17.40577,-5.94128
05/15/2023 12:31:37.780120,2147,True,True,True,True,Eyes,0.8588014,-0.02672106,-3.629023,-0.4833133,-0.3935844,0.7819844,0.0,0.0,0.0,0.0,0.0,0.0,0.0,1.946261,1.049058,2.94034,0.7401829,-0.03239641,-3.603489,0.1484592,-0.3706588,0.03316407,0.9162272,17.25529,315.4996,357.0419,0.2461701,-0.006884946,-0.9692019,-0.2698942,0.008408056,0.002224666,-0.1020768,-0.8582292,-1.889924,0.6198876,-0.2071999,1.991,0.7230245,-0.04928376,0.6890622,-0.170827,0.95372,0.2474596,-0.6693682,-0.2966298,0.6811439,moving,-31.71856,-26.71679,17.29371,-5.941286
05/15/2023 12:31:37.789051,2148,True,True,True,True,Eyes,0.8529308,-0.02716681,-3.627499,-0.4804634,-0.3928476,0.7841082,0.0,0.0,0.0,0.0,0.0,0.0,0.0,1.941134,1.034129,2.94155,0.7294309,-0.03397837,-3.599572,0.1461847,-0.3692332,0.03207652,0.9172066,16.96878,315.7051,357.0568,0.2445841,-0.006913044,-0.9696032,-0.2537005,0.007903572,0.002091186,-0.1079936,-0.8543038,-1.883544,0.6154249,-0.2072001,1.991,0.725276,-0.04911089,0.6867043,-0.1667941,0.9552022,0.2444758,-0.6679479,-0.2918506,0.6845939,moving,-31.49794,-26.61141,17.17656,-5.941288
05/15/2023 12:31:37.808635,2149,True,True,True,True,Eyes,0.8468381,-0.02764841,-3.625863,-0.4775558,-0.3920893,0.7862611,0.0,0.0,0.0,0.0,0.0,0.0,0.0,1.940868,1.015959,2.940271,0.7183642,-0.03507124,-3.595422,0.143437,-0.3686185,0.03031207,0.9179475,16.59965,315.8051,357.0034,0.243017,-0.006950824,-0.9699969,-0.2384785,0.007429358,0.001965715,-0.1152333,-0.8507186,-1.877462,0.6111831,-0.2072001,1.991,0.7264032,-0.05009729,0.6854404,-0.1613968,0.957014,0.2409881,-0.668049,-0.2856824,0.6870925,moving,-31.27348,-26.50432,17.06507,-5.941289
05/15/2023 12:31:37.828798,2150,True,True,True,True,Eyes,0.8405546,-0.02816848,-3.624108,-0.4748254,-0.3911538,0.7883777,0.0,0.0,0.0,0.0,0.0,0.0,0.0,1.939514,0.9993094,2.938629,0.7072859,-0.03651707,-3.590862,0.1405558,-0.3681232,0.0269793,0.9186956,16.148,315.8713,356.7825,0.2414611,-0.006998345,-0.970385,-0.2241698,0.006983596,0.001847772,-0.1257493,-0.8427745,-1.870464,0.6068648,-0.2071999,1.991,0.7275149,-0.05391214,0.6839705,-0.1530552,0.9590324,0.2383925,-0.6688021,-0.2781193,0.6894587,moving,-31.05979,-26.38832,16.95143,-5.941285
05/15/2023 12:31:37.838952,2151,True,True,True,True,Eyes,0.8341004,-0.0286955,-3.622212,-0.4719926,-0.3904591,0.7904207,0.0,0.0,0.0,0.0,0.0,0.0,0.0,1.939136,0.9864159,2.935044,0.6964375,-0.03802581,-3.586262,0.1381231,-0.3678654,0.02326949,0.919269,15.72763,315.896,356.4954,0.239911,-0.007055715,-0.970769,-0.2107196,0.00656458,0.001736906,-0.1406703,-0.8323385,-1.864422,0.6024331,-0.2072001,1.991,0.7282671,-0.05883954,0.6827627,-0.1444032,0.9607611,0.2368244,-0.6699066,-0.2710645,0.6911941,moving,-30.84316,-26.28887,16.83467,-5.941289
05/15/2023 12:31:37.858916,2152,True,True,True,True,Eyes,0.827468,-0.02921316,-3.620155,-0.4689671,-0.3899368,0.7924767,0.0,0.0,0.0,0.0,0.0,0.0,0.0,1.935464,0.9874236,2.928491,0.6855978,-0.03875487,-3.581276,0.1376245,-0.3673302,0.018762,0.9196609,15.48104,315.9157,356.0374,0.2383621,-0.007122207,-0.9711499,-0.1980764,0.006170705,0.001632691,-0.1574433,-0.8212101,-1.858447,0.5981219,-0.2071999,1.991,0.7294331,-0.06659791,0.6808026,-0.1356166,0.961415,0.239352,-0.6704742,-0.2669194,0.692256,moving,-30.61594,-26.19942,16.72094,-5.941285
05/15/2023 12:31:37.878971,2153,True,True,True,True,Eyes,0.8206618,-0.02973981,-3.617965,-0.4660477,-0.389184,0.7945662,0.0,0.0,0.0,0.0,0.0,0.0,0.0,1.923034,0.9800328,2.929559,0.6736815,-0.03920801,-3.575676,0.1353713,-0.3657375,0.01149314,0.920749,14.93322,316.0663,355.3782,0.2368104,-0.007196722,-0.971529,-0.1861918,0.005800463,0.00153473,-0.1751286,-0.8117121,-1.853878,0.5935973,-0.2071999,1.991,0.732208,-0.07785617,0.6766167,-0.1201854,0.9630851,0.2408791,-0.6703932,-0.257693,0.6958213,moving,-30.39348,-26.09593,16.60144,-5.941285
05/15/2023 12:31:37.889014,2154,True,True,True,True,Eyes,0.813677,-0.03029473,-3.615651,-0.463152,-0.3883512,0.7966641,0.0,0.0,0.0,0.0,0.0,0.0,0.0,1.9118,0.9649903,2.932864,0.6627024,-0.04002698,-3.570308,0.1323444,-0.3639979,0.006332181,0.9219276,14.39668,316.2758,354.985,0.2352525,-0.007278737,-0.9719068,-0.1750203,0.005452435,0.001442646,-0.1913608,-0.8086429,-1.851389,0.5893016,-0.2071999,1.991001,0.7349309,-0.08467055,0.6728354,-0.1080218,0.9648898,0.2394142,-0.6694833,-0.2486338,0.699981,moving,-30.17219,-25.98792,16.48784,-5.941282
05/15/2023 12:31:37.909066,2155,True,True,True,True,Eyes,0.8065591,-0.03084795,-3.6132,-0.4598934,-0.3879955,0.7987224,0.0,0.0,0.0,0.0,0.0,0.0,0.0,1.900493,0.9594489,2.933443,0.6519985,-0.04118644,-3.565206,0.131101,-0.3619466,0.003596691,0.9229271,14.15802,316.5235,354.7772,0.2336844,-0.007368361,-0.9722843,-0.1645191,0.005125289,0.001356087,-0.2076699,-0.7973886,-1.844239,0.5852153,-0.2072,1.991,0.7379635,-0.08826417,0.6690437,-0.1015421,0.9655992,0.2393898,-0.6671575,-0.244597,0.7036145,moving,-29.93274,-25.9091,16.37966,-5.941287
05/15/2023 12:31:37.928979,2156,True,True,True,True,Eyes,0.7993055,-0.03135058,-3.610643,-0.4565218,-0.3878686,0.8007158,0.0,0.0,0.0,0.0,0.0,0.0,0.0,1.884946,0.9673122,2.932018,0.6412714,-0.04163469,-3.559843,0.1320892,-0.3592174,0.001858041,0.9238571,14.20535,316.8304,354.5861,0.2321042,-0.00746484,-0.972662,-0.1546479,0.004817772,0.001274722,-0.2214624,-0.7841065,-1.835885,0.5801829,-0.2072001,1.991,0.7419189,-0.09146432,0.6642219,-0.09833057,0.965098,0.2427281,-0.6632403,-0.2453979,0.7070307,moving,-29.68929,-25.84566,16.24627,-5.941288
05/15/2023 12:31:37.939128,2157,True,True,True,True,Eyes,0.7919257,-0.0317759,-3.607965,-0.4526923,-0.3883466,0.802656,0.0,0.0,0.0,0.0,0.0,0.0,0.0,1.865295,0.9870334,2.929524,0.6307213,-0.04088816,-3.554742,0.1349991,-0.3558995,0.0003638086,0.9247219,14.47351,317.1807,354.3445,0.2305102,-0.007566162,-0.9730402,-0.1453691,0.004528705,0.001198239,-0.2297539,-0.7791455,-1.828133,0.5766122,-0.2072001,1.991,0.7466709,-0.09541941,0.6583143,-0.09676509,0.9635502,0.2494144,-0.6581179,-0.2499323,0.7102216,moving,-29.42269,-25.81895,16.15151,-5.941288
05/15/2023 12:31:37.958787,2158,True,True,True,True,Eyes,0.7844147,-0.03210652,-3.605182,-0.4486906,-0.3889993,0.8045846,0.0,0.0,0.0,0.0,0.0,0.0,0.0,1.840356,1.012316,2.927857,0.6199854,-0.03933696,-3.549382,0.1388757,-0.351786,-0.0009632938,0.9257209,14.85908,317.614,354.0918,0.2289006,-0.007669825,-0.9734194,-0.1366469,0.004256983,0.001126344,-0.2342872,-0.7825325,-1.822323,0.572271,-0.2071999,1.991,0.7524912,-0.09949255,0.6510438,-0.09592558,0.9614252,0.257798,-0.651579,-0.2564425,0.7139202,moving,-29.14698,-25.80276,16.03618,-5.941285
05/15/2023 12:31:37.979085,2159,True,True,True,True,Eyes,0.7767792,-0.03228931,-3.602309,-0.4449169,-0.3898728,0.8062556,0.0,0.0,0.0,0.0,0.0,0.0,0.0,1.815382,1.027072,2.92966,0.6092714,-0.03735878,-3.54412,0.1413961,-0.3474639,-0.001713808,0.9269699,15.12638,318.1026,353.9683,0.2272735,-0.007773088,-0.9737996,-0.1284481,0.004001564,0.001058764,-0.235601,-0.7923277,-1.818596,0.5677745,-0.2072001,1.991,0.7585318,-0.1014374,0.6436924,-0.09508279,0.9600084,0.2633308,-0.6446618,-0.2609489,0.718552,moving,-28.89128,-25.80654,15.91659,-5.941289
05/15/2023 12:31:37.989266,2160,True,True,True,True,Eyes,0.769002,-0.03235696,-3.599323,-0.441017,-0.3906179,0.8080357,0.0,0.0,0.0,0.0,0.0,0.0,0.0,1.795968,1.041042,2.928275,0.5987093,-0.03392346,-3.538991,0.1442073,-0.3438352,-0.001559912,0.9278897,15.45874,318.5092,353.9214,0.2256272,-0.007872051,-0.9741817,-0.1207412,0.003761471,0.0009952378,-0.2333152,-0.805197,-1.814443,0.5636176,-0.2071998,1.991,0.7635499,-0.102062,0.6376322,-0.09627225,0.9584036,0.2686897,-0.6385321,-0.2665443,0.7219633,moving,-28.62523,-25.7999,15.8059,-5.941283
05/15/2023 12:31:38.008742,2161,True,True,True,True,Eyes,0.7611223,-0.03233833,-3.596267,-0.4373375,-0.3910372,0.8098308,0.0,0.0,0.0,0.0,0.0,0.0,0.0,1.771525,1.030313,2.937822,0.5874802,-0.0312532,-3.533346,0.1429007,-0.3394755,-0.003447177,0.9296903,15.26991,319.0549,353.8451,0.2239601,-0.007964057,-0.9745655,-0.1134968,0.003535782,0.0009355236,-0.2303426,-0.8125502,-1.808062,0.5592468,-0.2071999,1.991,0.769489,-0.1034322,0.6302289,-0.09061295,0.959135,0.2680473,-0.6321993,-0.2633663,0.7286716,moving,-28.37062,-25.77417,15.68938,-5.941285
05/15/2023 12:31:38.029140,2162,True,True,True,True,Eyes,0.753141,-0.03224187,-3.593127,-0.4335515,-0.3913875,0.8116951,0.0,0.0,0.0,0.0,0.0,0.0,0.0,1.757297,1.009236,2.945925,0.5771101,-0.0291682,-3.528628,0.1403134,-0.3363257,-0.003558563,0.9312275,15.0068,319.4929,353.9973,0.222272,-0.008047452,-0.9749513,-0.1066869,0.003323635,0.0008793922,-0.2289753,-0.8198274,-1.80342,0.5548885,-0.2072,1.991,0.7737447,-0.1010097,0.6253929,-0.08775434,0.9605989,0.263721,-0.6273901,-0.2589337,0.7343943,moving,-28.10806,-25.74269,15.57307,-5.941288
05/15/2023 12:31:38.038881,2163,True,True,True,True,Eyes,0.7450641,-0.03208466,-3.589916,-0.4299232,-0.3915809,0.8135296,0.0,0.0,0.0,0.0,0.0,0.0,0.0,1.744737,0.9976982,2.94916,0.5666471,-0.02720416,-3.523524,0.1394557,-0.333285,-0.001942019,0.9324535,14.99753,319.9074,354.2617,0.2205622,-0.008121008,-0.9753389,-0.1002857,0.003124217,0.0008266286,-0.228832,-0.8112902,-1.791145,0.5505233,-0.2072,1.991,0.7778347,-0.09657867,0.6210038,-0.0893353,0.9610966,0.2613664,-0.6220872,-0.2587774,0.7389464,moving,-27.85495,-25.70317,15.45644,-5.941287
05/15/2023 12:31:38.058881,2164,True,True,True,True,Eyes,0.7369251,-0.03192037,-3.586643,-0.4261757,-0.3917606,0.8154127,0.0,0.0,0.0,0.0,0.0,0.0,0.0,1.733367,0.9812356,2.953391,0.5564425,-0.02560425,-3.518469,0.1378637,-0.3303712,-5.565189e-05,0.9337283,14.91689,320.321,354.5846,0.2188299,-0.008184076,-0.9757285,0.0,0.0,0.0,-0.231209,-0.7989147,-1.779492,0.5462166,-0.2072001,1.991,0.7817097,-0.09119631,0.6169385,-0.09098845,0.9619872,0.2574912,-0.6169692,-0.2574176,0.7436969,moving,-27.59383,-25.66171,15.34124,-5.941289
05/15/2023 12:31:38.079328,2165,True,True,True,True,Eyes,0.7287294,-0.03169265,-3.583327,-0.4225159,-0.392297,0.8170578,0.0,0.0,0.0,0.0,0.0,0.0,0.0,1.723574,0.9734818,2.954229,0.5467659,-0.02525268,-3.513724,0.1375921,-0.32763,0.003060894,0.9347287,15.02427,320.7062,354.9845,0.2170751,-0.008237529,-0.9761199,0.0,0.0,0.0,-0.2322356,-0.7938648,-1.770175,0.5414808,-0.2072001,1.991,0.7852984,-0.08443638,0.6133326,-0.09588079,0.9621181,0.2552168,-0.611648,-0.2592282,0.747454,moving,-27.34434,-25.64723,15.21442,-5.94129
05/15/2023 12:31:38.089181,2166,True,True,True,True,Eyes,0.7204633,-0.03136005,-3.579921,-0.4187874,-0.392983,0.8186461,0.0,0.0,0.0,0.0,0.0,0.0,0.0,1.717986,0.9936619,2.943574,0.537478,-0.02341311,-3.509136,0.141831,-0.3256376,0.006975836,0.9347704,15.64654,320.9377,355.2745,0.2152987,-0.008280574,-0.9765129,0.0,0.0,0.0,-0.2329719,-0.7864587,-1.759556,0.5374355,-0.2072,1.991,0.787823,-0.07932942,0.6107716,-0.1054126,0.9596705,0.2606157,-0.606814,-0.269702,0.7476882,moving,-27.09252,-25.64288,15.10596,-5.941286
05/15/2023 12:31:38.108861,2167,True,True,True,True,Eyes,0.7121128,-0.03095469,-3.576448,-0.4153527,-0.39331,0.8202373,0.0,0.0,0.0,0.0,0.0,0.0,0.0,1.706212,1.00379,2.938529,0.5274877,-0.02052686,-3.503576,0.1441055,-0.3231237,0.007384697,0.9352915,15.92231,321.2201,355.269,0.2135011,-0.00831139,-0.9769073,0.0,0.0,0.0,-0.2324889,-0.7857428,-1.751435,0.5331347,-0.2072,1.991,0.7910731,-0.07931409,0.606558,-0.1069415,0.9583582,0.2647889,-0.6023012,-0.2743336,0.7496494,moving,-26.85679,-25.61807,14.99055,-5.941287
05/15/2023 12:31:38.129153,2168,True,True,True,True,Eyes,0.7036984,-0.03050222,-3.57292,-0.4120338,-0.3934316,0.8218514,0.0,0.0,0.0,0.0,0.0,0.0,0.0,1.695455,0.9776421,2.945458,0.5173994,-0.0184564,-3.498291,0.1402847,-0.320927,0.004705003,0.9366451,15.41532,321.519,355.1665,0.2116815,-0.008329201,-0.977303,0.0,0.0,0.0,-0.2323017,-0.8011774,-1.751556,0.5287297,-0.2071999,1.991,0.7939675,-0.08122844,0.6025094,-0.09885611,0.9605961,0.259774,-0.5998693,-0.2658138,0.7546522,moving,-26.62682,-25.58108,14.8722,-5.941286
05/15/2023 12:31:38.139032,2169,True,True,True,True,Eyes,0.6952155,-0.03000582,-3.569322,-0.4090773,-0.3934419,0.8233221,0.0,0.0,0.0,0.0,0.0,0.0,0.0,1.690096,0.9618865,2.946268,0.507448,-0.01692745,-3.493474,0.1378568,-0.3196567,0.001615401,0.9374501,15.04043,321.6749,354.9443,0.2098402,-0.008333999,-0.9776999,0.0,0.0,0.0,-0.234665,-0.8068924,-1.747784,0.5244406,-0.2072,1.991,0.795634,-0.08510499,0.5997698,-0.09116242,0.9619858,0.257435,-0.5988789,-0.2595005,0.7576302,moving,-26.42103,-25.54179,14.75684,-5.941286
05/15/2023 12:31:38.158670,2170,True,True,True,True,Eyes,0.6866627,-0.02949629,-3.565662,-0.4062628,-0.3932547,0.8248037,0.0,0.0,0.0,0.0,0.0,0.0,0.0,1.686574,0.9524772,2.943492,0.4971499,-0.01540925,-3.488336,0.1360723,-0.3189257,-0.003140052,0.9379558,14.6703,321.7334,354.5022,0.2079773,-0.008325859,-0.9780979,0.0,0.0,0.0,-0.2434568,-0.7889801,-1.736194,0.5201728,-0.2072001,1.991,0.7965531,-0.09268432,0.5974218,-0.0809034,0.962949,0.2572624,-0.5991308,-0.2532566,0.7595415,moving,-26.22287,-25.49115,14.64193,-5.941289
05/15/2023 12:31:38.179116,2171,True,True,True,True,Eyes,0.6780664,-0.02901857,-3.56196,-0.4034726,-0.3932863,0.8261572,0.0,0.0,0.0,0.0,0.0,0.0,0.0,1.677891,0.9417195,2.944134,0.4869255,-0.01465642,-3.483212,0.1337218,-0.3175246,-0.00905665,0.9387304,14.19991,321.8715,353.965,0.2060925,-0.008305691,-0.978497,0.0,0.0,0.0,-0.2558743,-0.7767887,-1.729185,0.5155097,-0.2072,1.991,0.7981923,-0.1019234,0.5937177,-0.06791638,0.9640729,0.2568088,-0.5985619,-0.245306,0.7625933,moving,-26.02962,-25.45646,14.51624,-5.941287
05/15/2023 12:31:38.189548,2172,True,True,True,True,Eyes,0.6694435,-0.0285334,-3.55821,-0.4005377,-0.3936912,0.8273915,0.0,0.0,0.0,0.0,0.0,0.0,0.0,1.665533,0.9536491,2.9402,0.4772575,-0.01492779,-3.478538,0.1351706,-0.3153313,-0.01182531,0.9392313,14.26784,322.0852,353.6339,0.2041869,-0.008275549,-0.9788967,0.0,0.0,0.0,-0.2715061,-0.7665757,-1.723802,0.511517,-0.2071998,1.991,0.8008527,-0.1074604,0.5891411,-0.06303363,0.9631782,0.2613707,-0.5955347,-0.2464551,0.7645901,moving,-25.83148,-25.44614,14.40851,-5.941281
05/15/2023 12:31:38.209257,2173,True,True,True,True,Eyes,0.6607687,-0.0280372,-3.554429,-0.3975055,-0.394162,0.8286287,0.0,0.0,0.0,0.0,0.0,0.0,0.0,1.649882,0.983913,2.931739,0.4679583,-0.01418951,-3.47363,0.1401181,-0.3124116,-0.01145083,0.9394864,14.84016,322.3679,353.5216,0.202261,-0.008236194,-0.9792969,0.0,0.0,0.0,-0.2859318,-0.7545074,-1.716993,0.5071552,-0.2072,1.991,0.8045358,-0.1090648,0.5838039,-0.06603321,0.9604716,0.2704329,-0.5902218,-0.2561233,0.7655319,moving,-25.62773,-25.43949,14.2907,-5.941287
05/15/2023 12:31:38.229026,2174,True,True,True,True,Eyes,0.6520959,-0.02752977,-3.550604,-0.3943582,-0.3947464,0.8298534,0.0,0.0,0.0,0.0,0.0,0.0,0.0,1.631928,0.9915599,2.931808,0.4587078,-0.01352371,-3.468615,0.1415876,-0.3089822,-0.01152656,0.9403989,15.0211,322.766,353.5096,0.2003146,-0.008188205,-0.9796972,0.0,0.0,0.0,-0.29273,-0.7592205,-1.71418,0.5027911,-0.2072001,1.991,0.8087943,-0.1091753,0.5778691,-0.06581701,0.9596402,0.2734208,-0.5843971,-0.2591748,0.7689658,moving,-25.41774,-25.4396,14.1727,-5.941289
05/15/2023 12:31:38.239045,2175,True,True,True,True,Eyes,0.4346536,-0.01465166,-3.454081,-0.3128507,-0.4081334,0.857643,0.0,0.0,0.0,0.0,0.0,0.0,0.0,1.613545,1.001942,2.931411,0.4500485,-0.01272753,-3.463795,0.1433088,-0.3056906,-0.01251428,0.941201,15.19553,323.1303,353.3848,0.1983499,-0.008132109,-0.9800973,0.0,0.0,0.0,-0.2924509,-0.7775067,-1.714478,0.4984741,-0.2071999,1.991,0.8127934,-0.1111732,0.5718457,-0.0640594,0.9586119,0.2774158,-0.5790193,-0.2621138,0.7720317,moving,-20.04094,-25.44875,14.05585,-5.941283
05/15/2023 12:31:38.258835,2176,True,True,True,True,Eyes,0.4343129,-0.01463482,-3.453863,-0.3125511,-0.4080772,0.857779,0.0,0.0,0.0,0.0,0.0,0.0,0.0,1.589712,1.019467,2.930995,0.4413637,-0.01206781,-3.458653,0.1459768,-0.301735,-0.01417172,0.9420435,15.45496,323.5504,353.1599,0.1881125,-0.007561433,-0.9821181,-0.6523269,0.03863434,0.2895691,-0.2915434,-0.7823244,-1.708716,0.4941262,-0.2072,1.991,0.8175104,-0.1147934,0.5643575,-0.06139184,0.9569799,0.2835852,-0.5726325,-0.2664808,0.7752935,moving,-20.02035,-25.44217,13.93805,-5.941286
05/15/2023 12:31:38.278825,2177,True,True,True,True,Eyes,0.433606,-0.0146108,-3.453457,-0.3120306,-0.4076841,0.8581554,0.0,0.0,0.0,0.0,0.0,0.0,0.0,1.566578,1.012816,2.938124,0.4328054,-0.011658,-3.45327,0.145146,-0.2975375,-0.01490717,0.9434945,15.36802,324.0727,353.1801,0.179681,-0.007096298,-0.983699,-0.6131873,0.03631628,0.272195,-0.2915366,-0.7876544,-1.704167,0.4896315,-0.2071999,1.991,0.8224985,-0.1145024,0.5571225,-0.0582431,0.9574208,0.2827598,-0.5657774,-0.265018,0.7808082,moving,-19.98158,-25.41101,13.81615,-5.941285
05/15/2023 12:31:38.289197,2178,True,True,True,True,Eyes,0.432592,-0.01458869,-3.452855,-0.3112102,-0.4072754,0.8586472,0.0,0.0,0.0,0.0,0.0,0.0,0.0,1.543395,0.9955676,2.948662,0.4241762,-0.01163664,-3.447864,0.1427916,-0.2931027,-0.01490398,0.9452404,15.14175,324.6589,353.3442,0.172711,-0.006716368,-0.9849494,-0.576396,0.0341373,0.2558633,-0.2891487,-0.7966463,-1.699823,0.485472,-0.2072001,1.991,0.8277373,-0.1118809,0.5498487,-0.05552954,0.9587769,0.2786816,-0.5583614,-0.261208,0.7874027,moving,-19.92266,-25.37603,13.70322,-5.941291
05/15/2023 12:31:38.309937,2179,True,True,True,True,Eyes,0.4312819,-0.01455031,-3.452044,-0.3102064,-0.4067888,0.8592408,0.0,0.0,0.0,0.0,0.0,0.0,0.0,1.520337,0.9905702,2.955026,0.4157484,-0.01165983,-3.442651,0.1422522,-0.2888262,-0.01501685,0.9466353,15.10848,325.1919,353.4216,0.1669243,-0.006405505,-0.9859486,-0.5418122,0.03208906,0.2405115,-0.2858846,-0.7927738,-1.689237,0.4811013,-0.2072,1.991,0.8327078,-0.1106033,0.5425538,-0.05374137,0.9590776,0.2779964,-0.5510986,-0.2606474,0.7926874,moving,-19.85079,-25.33419,13.58444,-5.941287
05/15/2023 12:31:38.329000,2180,True,True,True,True,Eyes,0.4296816,-0.01452867,-3.451037,-0.3088895,-0.4062251,0.8599817,0.0,0.0,0.0,0.0,0.0,0.0,0.0,1.49373,0.9892737,2.961216,0.4071466,-0.011245,-3.436975,0.1421641,-0.2841903,-0.0162054,0.948031,15.0903,325.7462,353.3668,0.1620951,-0.006150164,-0.9867557,-0.5093035,0.03016371,0.2260808,-0.2813244,-0.7837086,-1.675703,0.4768312,-0.2071999,1.991,0.8379465,-0.1115297,0.5342348,-0.05007686,0.9590535,0.2787627,-0.5434501,-0.2603411,0.7980506,moving,-19.75735,-25.2844,13.46828,-5.941285
05/15/2023 12:31:38.339009,2181,True,True,True,True,Eyes,0.4277982,-0.01453799,-3.449853,-0.3074482,-0.405628,0.8607796,0.0,0.0,0.0,0.0,0.0,0.0,0.0,1.464422,0.9801201,2.971239,0.3985346,-0.01164994,-3.431394,0.1407195,-0.2790773,-0.01765411,0.949738,14.9182,326.3765,353.3395,0.1580386,-0.005940272,-0.9874148,-0.4787453,0.02835389,0.2125159,-0.2769805,-0.781579,-1.665707,0.4724022,-0.2072001,1.991,0.8436083,-0.1120768,0.5251321,-0.04500971,0.9597727,0.2771471,-0.5350692,-0.2574396,0.8046277,moving,-19.65541,-25.23138,13.34768,-5.94129
05/15/2023 12:31:38.359037,2182,True,True,True,True,Eyes,0.4256477,-0.01458782,-3.448491,-0.3056716,-0.4051188,0.8616517,0.0,0.0,0.0,0.0,0.0,0.0,0.0,1.437058,0.9802571,2.977096,0.3899634,-0.01241755,-3.425919,0.1409021,-0.2741201,-0.01754157,0.9511557,14.97649,326.9812,353.4248,0.1545491,-0.005764748,-0.9879681,-0.4500206,0.02665266,0.199765,-0.2722655,-0.7805043,-1.655755,0.4680741,-0.2072002,1.991,0.8491009,-0.1106177,0.5165185,-0.04387868,0.9596778,0.2776567,-0.526405,-0.2584227,0.8100095,moving,-19.53218,-25.18128,13.22971,-5.941294
05/15/2023 12:31:38.379157,2183,True,True,True,True,Eyes,0.4229866,-0.01464882,-3.447076,-0.3056903,-0.404678,0.8618522,0.0,0.0,0.0,0.0,0.0,0.0,0.0,1.410636,0.9830661,2.981313,0.3813501,-0.01341192,-3.42037,0.1415798,-0.2692222,-0.01672536,0.9524678,15.11129,327.5797,353.5714,0.1513509,-0.005608352,-0.9884639,-0.4230193,0.0250535,0.1877791,-0.2662547,-0.7750509,-1.643285,0.4637312,-0.2072002,1.991,0.8544793,-0.1080936,0.508115,-0.04437212,0.9593509,0.278706,-0.5175869,-0.2606947,0.8149491,moving,-19.52909,-25.15215,13.11122,-5.941295
05/15/2023 12:31:38.389416,2184,True,True,True,True,Eyes,0.4200991,-0.01475009,-3.445484,-0.3053002,-0.4043391,0.8621494,0.0,0.0,0.0,0.0,0.0,0.0,0.0,1.384434,0.9811808,2.986297,0.3726772,-0.0144417,-3.414418,0.1414794,-0.2643906,-0.0163545,0.9538416,15.14424,328.1758,353.6948,0.148401,-0.005469521,-0.9889118,-0.3976382,0.02355029,0.1765123,-0.2588683,-0.7766094,-1.633388,0.459485,-0.2071999,1.991,0.8596603,-0.1060108,0.4997457,-0.04361242,0.9594322,0.2785458,-0.5090011,-0.2612499,0.8201624,moving,-19.49983,-25.12609,12.99526,-5.941285
05/15/2023 12:31:38.409166,2185,True,True,True,True,Eyes,0.4169707,-0.01488407,-3.443716,-0.3046563,-0.40409,0.8624939,0.0,0.0,0.0,0.0,0.0,0.0,0.0,1.353039,0.9875493,2.991055,0.3643412,-0.01548871,-3.408723,0.1424899,-0.2589503,-0.01677434,0.9551754,15.27892,328.8174,353.7009,0.1456688,-0.005347695,-0.9893186,-0.3737799,0.02213727,0.1659216,-0.2509964,-0.7804388,-1.624251,0.4552189,-0.2072001,1.991,0.8653267,-0.1058405,0.4899056,-0.04175073,0.9588305,0.2808931,-0.4994663,-0.2635182,0.8252827,moving,-19.45461,-25.10372,12.87864,-5.941289
05/15/2023 12:31:38.430362,2186,True,True,True,True,Eyes,0.413621,-0.01508168,-3.441783,-0.303557,-0.4038347,0.863001,0.0,0.0,0.0,0.0,0.0,0.0,0.0,1.316773,0.9943623,2.997074,0.3557873,-0.01644778,-3.402682,0.1435159,-0.2528194,-0.0177431,0.9566456,15.40357,329.5343,353.6568,0.1431264,-0.005242152,-0.9896902,-0.3513531,0.02080904,0.1559663,-0.2443157,-0.7811566,-1.613987,0.4506335,-0.2072001,1.991,0.8715351,-0.1065149,0.4786242,-0.03861948,0.9581767,0.2835593,-0.4888099,-0.2656161,0.8309711,moving,-19.37911,-25.07688,12.75318,-5.941289
05/15/2023 12:31:38.438821,2187,True,True,True,True,Eyes,0.4100319,-0.01534928,-3.439712,-0.3022962,-0.4036306,0.8635389,0.0,0.0,0.0,0.0,0.0,0.0,0.0,1.279031,0.9920703,3.00671,0.3471054,-0.01816551,-3.397002,0.1430897,-0.2462673,-0.01833885,0.9584057,15.38142,330.3285,353.7104,0.1407491,-0.005153131,-0.9900315,-0.330272,0.01956049,0.1466083,-0.235112,-0.7860766,-1.605064,0.4464597,-0.2072001,1.991,0.8780321,-0.1056288,0.4667998,-0.03532454,0.958378,0.2833085,-0.4772962,-0.2652435,0.8377555,moving,-19.29345,-25.05206,12.63887,-5.941289
05/15/2023 12:31:38.458654,2188,True,True,True,True,Eyes,0.4062358,-0.01567928,-3.437488,-0.3006422,-0.4035183,0.8641685,0.0,0.0,0.0,0.0,0.0,0.0,0.0,1.245962,0.994849,3.012434,0.3384274,-0.02014419,-3.391455,0.1435975,-0.2402746,-0.01763074,0.959863,15.49745,331.0583,353.873,0.1385141,-0.005081034,-0.9903471,-0.3104557,0.01838686,0.1378118,-0.2240277,-0.790926,-1.595318,0.4422123,-0.2072001,1.991,0.8839146,-0.1028518,0.4561979,-0.03515946,0.9581378,0.2841403,-0.4663248,-0.2671954,0.8432958,moving,-19.18266,-25.02994,12.52244,-5.94129
05/15/2023 12:31:38.479182,2189,True,True,True,True,Eyes,0.402381,-0.01606661,-3.435028,-0.2990839,-0.4032684,0.8648256,0.0,0.0,0.0,0.0,0.0,0.0,0.0,1.214694,0.999992,3.016103,0.3296391,-0.02192439,-3.385735,0.144479,-0.2345894,-0.01709999,0.9611458,15.64688,331.7425,353.9998,0.1364016,-0.005026007,-0.9906405,-0.2918283,0.01728365,0.1295431,-0.2116798,-0.7910604,-1.583479,0.4375606,-0.2072002,1.991,0.8893508,-0.1006577,0.4460081,-0.03491531,0.9576668,0.2857537,-0.4558905,-0.2697078,0.8481873,moving,-19.077,-24.99965,12.39481,-5.941293
05/15/2023 12:31:38.489457,2190,True,True,True,True,Eyes,0.3983211,-0.01651558,-3.432419,-0.2971522,-0.4029265,0.8656505,0.0,0.0,0.0,0.0,0.0,0.0,0.0,1.181418,0.9946406,3.023209,0.3205833,-0.02326588,-3.379577,0.1436241,-0.2286969,-0.01803441,0.9626759,15.56182,332.4543,354.0168,0.1343982,-0.004988043,-0.9909145,-0.2743186,0.01624663,0.1217705,-0.1996167,-0.7952364,-1.573593,0.4334393,-0.2072,1.991,0.8947451,-0.1004153,0.4351416,-0.03097019,0.9580938,0.2847756,-0.4455023,-0.2682781,0.8541397,moving,-18.94583,-24.96014,12.28163,-5.941288
05/15/2023 12:31:38.508897,2191,True,True,True,True,Eyes,0.3941227,-0.01700363,-3.429647,-0.295319,-0.4025192,0.866467,0.0,0.0,0.0,0.0,0.0,0.0,0.0,1.146153,0.9853584,3.032206,0.3115647,-0.02537629,-3.373597,0.141999,-0.2224981,-0.0193319,0.9643428,15.38293,333.207,354.0185,0.1324879,-0.004967275,-0.9911718,-0.2578595,0.01527184,0.1144643,-0.1893007,-0.8005202,-1.564879,0.4289687,-0.2072001,1.991,0.9002417,-0.1004742,0.4236387,-0.02590386,0.9589251,0.2824741,-0.4346191,-0.2652688,0.8606618,moving,-18.82071,-24.91733,12.15874,-5.941289
05/15/2023 12:31:38.529381,2192,True,True,True,True,Eyes,0.389717,-0.01752962,-3.426722,-0.2931159,-0.4020512,0.8674318,0.0,0.0,0.0,0.0,0.0,0.0,0.0,1.112063,0.9832662,3.038146,0.3025108,-0.02674358,-3.367729,0.141584,-0.2165251,-0.02072366,0.9657337,15.33667,333.9128,353.9681,0.1306575,-0.004963159,-0.9914148,-0.2423879,0.01435553,0.1075964,-0.1798828,-0.7985836,-1.55313,0.424827,-0.2072001,1.991,0.9053748,-0.10134,0.4123429,-0.02128589,0.959049,0.2824392,-0.4240794,-0.2644904,0.8661417,moving,-18.67074,-24.86754,12.04479,-5.941289
05/15/2023 12:31:38.538983,2193,True,True,True,True,Eyes,0.3851104,-0.01812139,-3.423677,-0.2905646,-0.401419,0.8685821,0.0,0.0,0.0,0.0,0.0,0.0,0.0,1.074334,0.9763646,3.045826,0.2930621,-0.02805547,-3.36123,0.1403823,-0.2100237,-0.02285676,0.9672955,15.18767,334.6806,353.8622,0.1288935,-0.004975187,-0.9916456,-0.2278446,0.01349419,0.1011406,-0.1700176,-0.7944458,-1.54049,0.4203061,-0.2071999,1.991,0.9107352,-0.1031857,0.3998925,-0.01474877,0.9595407,0.2811834,-0.4127273,-0.2619815,0.8723657,moving,-18.49651,-24.80422,11.92029,-5.941285
05/15/2023 12:31:38.559428,2194,True,True,True,True,Eyes,0.3803059,-0.01874685,-3.420503,-0.2876706,-0.4008371,0.8698133,0.0,0.0,0.0,0.0,0.0,0.0,0.0,1.037348,0.9631032,3.055603,0.2835636,-0.03020039,-3.35545,0.13801,-0.2035749,-0.02540141,0.9689506,14.89851,335.45,353.7375,0.1271836,-0.005003707,-0.9918662,-0.214174,0.01268454,0.09507221,-0.1607676,-0.7942184,-1.530219,0.4160193,-0.2072001,1.991,0.9158241,-0.1054162,0.3874967,-0.006965337,0.960616,0.277792,-0.4015193,-0.2571076,0.879021,moving,-18.30044,-24.74173,11.80214,-5.941289
05/15/2023 12:31:38.578838,2195,True,True,True,True,Eyes,0.3753453,-0.01940809,-3.417178,-0.2845324,-0.4001561,0.871158,0.0,0.0,0.0,0.0,0.0,0.0,0.0,1.001449,0.9640074,3.059669,0.2739442,-0.03164272,-3.34929,0.1380754,-0.1972701,-0.02702576,0.9702007,14.90747,336.1816,353.6477,0.1255171,-0.005048105,-0.9920782,-0.2013235,0.01192347,0.08936787,-0.1507645,-0.7909486,-1.518016,0.4115988,-0.2072001,1.991,0.9207082,-0.1069171,0.37532,-0.002035448,0.9604096,0.2785844,-0.3902464,-0.2572589,0.8840394,moving,-18.08776,-24.67112,11.6802,-5.941289
05/15/2023 12:31:38.589954,2196,True,True,True,True,Eyes,0.3702035,-0.02012958,-3.413733,-0.2809995,-0.3993189,0.8726876,0.0,0.0,0.0,0.0,0.0,0.0,0.0,0.9620415,0.9516865,3.068249,0.264279,-0.03310129,-3.34282,0.1360648,-0.1903696,-0.02917869,0.9717997,14.6756,337.0027,353.5592,0.1238853,-0.005107905,-0.992283,-0.1892441,0.01120806,0.0840058,-0.1412329,-0.7840971,-1.504979,0.4074858,-0.2072002,1.991,0.9258161,-0.1085169,0.3620618,0.004906476,0.9612699,0.275565,-0.3779426,-0.253346,0.8904915,moving,-17.84821,-24.58759,11.56664,-5.941294
05/15/2023 12:31:38.608759,2197,True,True,True,True,Eyes,0.3649327,-0.02091998,-3.410172,-0.2772653,-0.3985153,0.8742479,0.0,0.0,0.0,0.0,0.0,0.0,0.0,0.9214792,0.933695,3.078701,0.2547072,-0.03530894,-3.336643,0.1331706,-0.1830897,-0.03044011,0.9735591,14.36821,337.8905,353.5969,0.1222795,-0.005183387,-0.9924818,-0.1778895,0.01053558,0.07896546,-0.1314347,-0.7859452,-1.495581,0.4031459,-0.2071999,1.991,0.9311031,-0.1080348,0.3483899,0.01050614,0.962678,0.2704455,-0.3646047,-0.2481524,0.8974875,moving,-17.59628,-24.5053,11.44672,-5.941286
05/15/2023 12:31:38.628711,2198,True,True,True,True,Eyes,0.3595042,-0.02176697,-3.406497,-0.2731424,-0.397671,0.8759287,0.0,0.0,0.0,0.0,0.0,0.0,0.0,0.8828398,0.9291429,3.084222,0.2454568,-0.03765243,-3.330686,0.1324621,-0.1760733,-0.0304758,0.9749479,14.33289,338.7347,353.7148,0.1206933,-0.005275071,-0.9926755,-0.1672161,0.009903443,0.07422753,-0.1200561,-0.779959,-1.482577,0.3987457,-0.2072,1.991,0.9361388,-0.1060707,0.3352509,0.01277856,0.9630501,0.2690192,-0.3513984,-0.2475553,0.9029039,moving,-17.31914,-24.41802,11.32503,-5.941287
05/15/2023 12:31:38.639041,2199,True,True,True,True,Eyes,0.3539584,-0.02263837,-3.40272,-0.2689101,-0.3969817,0.8775494,0.0,0.0,0.0,0.0,0.0,0.0,0.0,0.8428076,0.919903,3.090661,0.2361516,-0.03986849,-3.324361,0.1310261,-0.1688451,-0.03088474,0.9764065,14.20783,339.6059,353.8082,0.1191205,-0.005383056,-0.9928649,-0.1571831,0.009309237,0.06977388,-0.1063433,-0.7714362,-1.468441,0.3942147,-0.2072,1.991,0.9410749,-0.1045583,0.3216295,0.0160659,0.9637566,0.2662988,-0.3378163,-0.2454399,0.908647,moving,-17.03679,-24.34082,11.19961,-5.941287
05/15/2023 12:31:38.659016,2200,True,True,True,True,Eyes,0.3482832,-0.02347098,-3.398833,-0.264313,-0.3965074,0.8791591,0.0,0.0,0.0,0.0,0.0,0.0,0.0,0.8046523,0.9188847,3.094071,0.2272994,-0.04126866,-3.318392,0.130944,-0.1620453,-0.03158721,0.9775466,14.22738,340.4048,353.8293,0.1175559,-0.005506526,-0.9930508,-0.1477521,0.008750683,0.06558745,-0.09167714,-0.7714527,-1.457978,0.3900576,-0.2072001,1.991,0.9454872,-0.1041937,0.3085413,0.01931822,0.9637118,0.2662448,-0.3250859,-0.2457706,0.91319,moving,-16.73303,-24.27573,11.08445,-5.94129
05/15/2023 12:31:38.679150,2201,True,True,True,True,Eyes,0.3424951,-0.0242033,-3.394849,-0.2596444,-0.3962677,0.880657,0.0,0.0,0.0,0.0,0.0,0.0,0.0,0.7595921,0.9308176,3.094337,0.2184217,-0.04114799,-3.311936,0.133029,-0.1544859,-0.03371888,0.9784174,14.47145,341.2479,353.6505,0.1159952,-0.005642881,-0.9932335,-0.138887,0.008225642,0.0616522,-0.07684162,-0.7685529,-1.446385,0.3856525,-0.2072001,1.991,0.9499943,-0.1070845,0.2933322,0.02488003,0.9623325,0.270734,-0.3112746,-0.2498977,0.9168748,moving,-16.42711,-24.22623,10.96232,-5.941289
05/15/2023 12:31:38.688899,2202,True,True,True,True,Eyes,0.3366016,-0.02486509,-3.390759,-0.2545098,-0.3961638,0.8822013,0.0,0.0,0.0,0.0,0.0,0.0,0.0,0.7109433,0.9396078,3.09596,0.209924,-0.03946957,-3.305699,0.1348183,-0.1464968,-0.03679637,0.97929,14.67117,342.1304,353.3773,0.1144342,-0.005788004,-0.9934137,-0.1305538,0.007732104,0.05795307,-0.06335336,-0.770017,-1.437723,0.3813865,-0.2071999,1.991,0.9543695,-0.1115695,0.2770041,0.03256774,0.9609402,0.2748335,-0.2968473,-0.2532713,0.9207254,moving,-16.09253,-24.18307,10.84395,-5.941287
05/15/2023 12:31:38.709096,2203,True,True,True,True,Eyes,0.3306707,-0.02541726,-3.386613,-0.2491965,-0.3964072,0.8836076,0.0,0.0,0.0,0.0,0.0,0.0,0.0,0.6503136,0.9438559,3.100462,0.2013803,-0.0384469,-3.299182,0.1358332,-0.1367571,-0.04092556,0.9803938,14.78226,343.2121,353.0261,0.11287,-0.005939004,-0.9935918,-0.1227206,0.007268177,0.05447588,-0.0481884,-0.7784768,-1.431904,0.3771526,-0.2072001,1.991,0.9592453,-0.1173987,0.2570335,0.04309401,0.9597488,0.2775339,-0.2792697,-0.2551464,0.9256936,moving,-15.7496,-24.16213,10.72637,-5.941289
05/15/2023 12:31:38.729242,2204,True,True,True,True,Eyes,0.3246417,-0.02581383,-3.382352,-0.2434657,-0.3967875,0.8850334,0.0,0.0,0.0,0.0,0.0,0.0,0.0,0.5958596,0.9666474,3.098373,0.1934125,-0.0361793,-3.294033,0.1400644,-0.1278759,-0.04311356,0.9809033,15.29285,344.1811,352.8295,0.111302,-0.006092102,-0.9937677,-0.1153573,0.006832086,0.05120733,-0.03222266,-0.7844133,-1.426261,0.3726276,-0.2072001,1.991,0.9635779,-0.1204022,0.2387905,0.04875874,0.9570464,0.2858055,-0.2629452,-0.2637528,0.9280595,moving,-15.38116,-24.14815,10.60062,-5.941291
05/15/2023 12:31:38.738985,2205,True,True,True,True,Eyes,0.3185737,-0.02607695,-3.377986,-0.2374147,-0.3965248,0.8867933,0.0,0.0,0.0,0.0,0.0,0.0,0.0,0.5393525,0.9688709,3.100096,0.1849042,-0.03283286,-3.287086,0.1412944,-0.1186089,-0.04646739,0.9817376,15.45047,345.2121,352.5632,0.1097275,-0.006242592,-0.9939419,-0.1084359,0.006422161,0.04813489,-0.01018469,-0.7885535,-1.418939,0.3684043,-0.2071999,1.991,0.9675454,-0.1247551,0.2197545,0.05772001,0.9557533,0.288451,-0.2460168,-0.2664053,0.9319356,moving,-14.9879,-24.09155,10.48315,-5.941285
05/15/2023 12:31:38.758842,2206,True,True,True,True,Eyes,0.3124362,-0.02625873,-3.373539,-0.2310224,-0.3960218,0.8887044,0.0,0.0,0.0,0.0,0.0,0.0,0.0,0.4889292,0.9290255,3.113217,0.1767189,-0.02987291,-3.28057,0.1358353,-0.1099003,-0.05018512,0.9833372,14.83956,346.2492,352.3576,0.1081455,-0.006386895,-0.9941144,-0.1019297,0.006036832,0.04524679,0.0106532,-0.8034531,-1.418535,0.3641297,-0.2072001,1.991,0.9708067,-0.1285545,0.2025043,0.0688411,0.9580604,0.2781745,-0.2297719,-0.2561131,0.9389414,moving,-14.57176,-24.01856,10.36416,-5.941289
05/15/2023 12:31:38.778978,2207,True,True,True,True,Eyes,0.3063131,-0.02641185,-3.368991,-0.2244987,-0.3951348,0.8907686,0.0,0.0,0.0,0.0,0.0,0.0,0.0,0.4441809,0.8982413,3.12183,0.1687951,-0.02816367,-3.274244,0.1317145,-0.1018811,-0.05187631,0.9846728,14.40775,347.2167,352.346,0.1065539,-0.006523305,-0.9942853,-0.09581394,0.005674622,0.04253198,0.0309997,-0.8061327,-1.412359,0.3595433,-0.2072002,1.991,0.9738581,-0.1290008,0.1869734,0.07532392,0.9599203,0.2699618,-0.2143049,-0.2488209,0.9445431,moving,-14.14556,-23.92153,10.2364,-5.941293
05/15/2023 12:31:38.789539,2208,True,True,True,True,Eyes,0.3001544,-0.02651315,-3.364359,-0.2176891,-0.394154,0.8928908,0.0,0.0,0.0,0.0,0.0,0.0,0.0,0.4047658,0.8718014,3.127366,0.1612369,-0.02748418,-3.26765,0.1282021,-0.09450422,-0.05152978,0.9858894,14.06642,348.1282,352.5462,0.1049547,-0.006651735,-0.9944545,0.0,0.0,0.0,0.0499309,-0.7839828,-1.39682,0.3553248,-0.2072,1.991,0.9768272,-0.1258366,0.173129,0.07737403,0.9618178,0.2625257,-0.1995539,-0.2430466,0.9492664,moving,-13.70156,-23.81838,10.11879,-5.941288
05/15/2023 12:31:38.809295,2209,True,True,True,True,Eyes,0.2939419,-0.02651941,-3.35962,-0.2108465,-0.3931051,0.8949928,0.0,0.0,0.0,0.0,0.0,0.0,0.0,0.3693817,0.8528919,3.129678,0.154112,-0.02636822,-3.261028,0.1259396,-0.08775865,-0.05029292,0.9868679,13.87145,348.9618,352.8184,0.1033462,-0.006771581,-0.9946222,0.0,0.0,0.0,0.06850226,-0.7677634,-1.383934,0.3511757,-0.2071998,1.991,0.979538,-0.1213695,0.1605446,0.07716036,0.9632196,0.2573988,-0.1858801,-0.2397443,0.9528753,moving,-13.25629,-23.71239,10.00303,-5.941281
05/15/2023 12:31:38.829204,2210,True,True,True,True,Eyes,0.2877171,-0.02641899,-3.354768,-0.2037469,-0.3919597,0.897137,0.0,0.0,0.0,0.0,0.0,0.0,0.0,0.3301913,0.8399049,3.129551,0.1471954,-0.02421218,-3.25366,0.1247361,-0.08077051,-0.05105647,0.9875779,13.77594,349.7832,352.8436,0.1017287,-0.006880824,-0.9947882,0.0,0.0,0.0,0.08676759,-0.754333,-1.371995,0.3469133,-0.2071999,1.991,0.9817387,-0.1209945,0.1467972,0.0806945,0.9636683,0.254621,-0.1722715,-0.2381256,0.955834,moving,-12.79529,-23.60055,9.884028,-5.941283
05/15/2023 12:31:38.839419,2211,True,True,True,True,Eyes,0.2814945,-0.02628593,-3.349791,-0.1966848,-0.3906319,0.8992896,0.0,0.0,0.0,0.0,0.0,0.0,0.0,0.2861041,0.8178281,3.131593,0.1405585,-0.02159286,-3.246128,0.1221573,-0.07322578,-0.05400075,0.9883316,13.50648,350.6521,352.6358,0.100102,-0.00697741,-0.9949524,0.0,0.0,0.0,0.1035225,-0.7448464,-1.362201,0.3424936,-0.2071999,1.991,0.9834438,-0.1246314,0.1315496,0.08885118,0.964323,0.2493723,-0.1579359,-0.2335553,0.9594312,moving,-12.33697,-23.47908,9.760543,-5.941286
05/15/2023 12:31:38.859159,2212,True,True,True,True,Eyes,0.2752736,-0.02617025,-3.344733,-0.1893464,-0.3893115,0.9014347,0.0,0.0,0.0,0.0,0.0,0.0,0.0,0.2382735,0.7863752,3.135229,0.1338974,-0.02069569,-3.238281,0.1179116,-0.06497741,-0.05694793,0.9892582,13.05518,351.619,352.45,0.09846685,-0.007061664,-0.995115,0.0,0.0,0.0,0.1195146,-0.7389136,-1.353704,0.3382079,-0.2072,1.991,0.9850697,-0.1279956,0.1151292,0.09734923,0.9657075,0.2406907,-0.1419885,-0.2258893,0.9637496,moving,-11.86252,-23.35854,9.640715,-5.941288
05/15/2023 12:31:38.878722,2213,True,True,True,True,Eyes,0.2690642,-0.02604558,-3.33959,-0.1821399,-0.3884495,0.9032896,0.0,0.0,0.0,0.0,0.0,0.0,0.0,0.1965519,0.7750648,3.133491,0.127595,-0.0210817,-3.231315,0.1166314,-0.05762031,-0.05764429,0.9898254,12.95858,352.4815,352.479,0.09682372,-0.007135345,-0.9952757,0.0,0.0,0.0,0.1356838,-0.7279745,-1.343698,0.3335072,-0.2071998,1.991,0.9867141,-0.1275562,0.1006218,0.1006749,0.9661485,0.2375325,-0.1275144,-0.2242466,0.966154,moving,-11.40029,-23.26957,9.509184,-5.941281
05/15/2023 12:31:38.889155,2214,True,True,True,True,Eyes,0.2628654,-0.02587465,-3.334343,-0.1747694,-0.3879007,0.90498,0.0,0.0,0.0,0.0,0.0,0.0,0.0,0.160369,0.7934748,3.123278,0.1215098,-0.02064788,-3.224127,0.1201511,-0.05137132,-0.05783989,0.989737,13.40857,353.1756,352.5078,0.09517311,-0.007199258,-0.9954345,0.0,0.0,0.0,0.1553537,-0.7126775,-1.331421,0.3292418,-0.2071999,1.991,0.9880311,-0.1268372,0.08778914,0.1021479,0.9644365,0.2437786,-0.1155872,-0.2318934,0.9658495,moving,-10.93038,-23.20138,9.389746,-5.941286
05/15/2023 12:31:38.909082,2215,True,True,True,True,Eyes,0.2566513,-0.02567427,-3.329001,-0.1669257,-0.3878522,0.9064803,0.0,0.0,0.0,0.0,0.0,0.0,0.0,0.1218461,0.8087112,3.112881,0.1154729,-0.01923996,-3.216393,0.1233686,-0.04491926,-0.05974908,0.9895416,13.81507,353.8732,352.3463,0.09351617,-0.007252995,-0.9955911,0.0,0.0,0.0,0.1735984,-0.7092062,-1.324211,0.3250631,-0.2071998,1.991,0.9888246,-0.1293316,0.07415663,0.1071652,0.9624205,0.2495245,-0.1036413,-0.2387889,0.9655249,moving,-10.43396,-23.16444,9.272655,-5.941283
05/15/2023 12:31:38.928815,2216,True,True,True,True,Eyes,0.2504742,-0.02548687,-3.323584,-0.1588877,-0.3881189,0.9078096,0.0,0.0,0.0,0.0,0.0,0.0,0.0,0.08167299,0.8189533,3.103343,0.1094297,-0.01834702,-3.208704,0.1257638,-0.03818435,-0.06204214,0.9893817,14.12977,354.6058,352.1546,0.09185228,-0.007296713,-0.9957457,0.0,0.0,0.0,0.187003,-0.7228467,-1.323484,0.3206301,-0.2072001,1.991,0.9893855,-0.1323712,0.05995248,0.1131623,0.9606684,0.253595,-0.09116311,-0.2441188,0.9654508,moving,-9.927535,-23.14832,9.148352,-5.941292
05/15/2023 12:31:38.939294,2217,True,True,True,True,Eyes,0.2442994,-0.02531116,-3.318089,-0.1505024,-0.3889355,0.9088885,0.0,0.0,0.0,0.0,0.0,0.0,0.0,0.0420958,0.8380889,3.091383,0.1040319,-0.01840244,-3.201508,0.1294525,-0.0314142,-0.06204955,0.9891436,14.60749,355.3641,352.2265,0.09018297,-0.00733179,-0.9958979,0.0,0.0,0.0,0.1998192,-0.7350075,-1.322269,0.316437,-0.2072,1.991,0.990326,-0.1308851,0.04608137,0.1146185,0.9587838,0.2599928,-0.07821125,-0.2521958,0.9645104,moving,-9.402261,-23.16726,9.030698,-5.941287
05/15/2023 12:31:38.958678,2218,True,True,True,True,Eyes,0.2381776,-0.02517116,-3.312537,-0.1419344,-0.390029,0.9097978,0.0,0.0,0.0,0.0,0.0,0.0,0.0,0.006082132,0.8671348,3.075789,0.09846655,-0.0184703,-3.19412,0.1347181,-0.02499702,-0.06025051,0.9887345,15.27123,356.097,352.5023,0.08850868,-0.007359442,-0.996048,0.0,0.0,0.0,0.2132266,-0.7447461,-1.320327,0.3120623,-0.2072,1.991,0.99149,-0.1258786,0.03319717,0.1124084,0.9564418,0.269413,-0.06566451,-0.2633887,0.9624524,moving,-8.867042,-23.20474,8.907865,-5.941288
05/15/2023 12:31:38.978795,2219,True,True,True,True,Eyes,0.2321102,-0.02504049,-3.306936,-0.1332602,-0.3914174,0.9105131,0.0,0.0,0.0,0.0,0.0,0.0,0.0,-0.02765667,0.888645,3.062137,0.09350877,-0.01910435,-3.187166,0.1386577,-0.01879594,-0.05768996,0.98848,15.78045,356.8334,352.8808,0.08683053,-0.007381487,-0.9961954,0.0,0.0,0.0,0.2290466,-0.7594259,-1.320871,0.3074567,-0.2072002,1.991,0.9926371,-0.1192631,0.02116051,0.1088383,0.9548919,0.2762893,-0.05315713,-0.2719519,0.9608415,moving,-8.326534,-23.26222,8.778461,-5.941295
05/15/2023 12:31:38.988993,2220,True,True,True,True,Eyes,0.2260973,-0.02489005,-3.301268,-0.1245313,-0.3931184,0.9110159,0.0,0.0,0.0,0.0,0.0,0.0,0.0,-0.0578716,0.9203619,3.045133,0.08882187,-0.01910241,-3.180408,0.1443259,-0.01332822,-0.0557771,0.9878671,16.47894,357.4638,353.1695,0.08515031,-0.007398761,-0.9963403,0.0,0.0,0.0,0.2453591,-0.7792566,-1.323624,0.3035044,-0.2072001,1.991,0.9934225,-0.1140479,0.01023285,0.1063535,0.9521179,0.2866364,-0.04243317,-0.2836628,0.9579847,moving,-7.783803,-23.341,8.667341,-5.941292
05/15/2023 12:31:39.009010,2221,True,True,True,True,Eyes,0.220162,-0.02473866,-3.295531,-0.115749,-0.3945644,0.9115487,0.0,0.0,0.0,0.0,0.0,0.0,0.0,-0.09013047,0.9443607,3.029192,0.08403,-0.01839687,-3.173097,0.1489638,-0.007758075,-0.05623458,0.9872119,17.05233,358.0776,353.1913,0.08346877,-0.007411153,-0.9964826,0.0,0.0,0.0,0.2620513,-0.7940897,-1.325048,0.2991322,-0.2072001,1.991,0.9935549,-0.1133422,-0.001436103,0.1087195,0.949295,0.2949901,-0.03207156,-0.293245,0.9554992,moving,-7.236722,-23.4054,8.544336,-5.941289
05/15/2023 12:31:39.029139,2222,True,True,True,True,Eyes,0.2142809,-0.02459622,-3.289733,-0.1068954,-0.3960412,0.9119895,0.0,0.0,0.0,0.0,0.0,0.0,0.0,-0.1249804,0.9425361,3.020703,0.07950293,-0.01818335,-3.165752,0.149393,-0.001697386,-0.05765607,0.987094,17.14159,358.7661,353.1283,0.08178872,-0.007419114,-0.9966218,0.0,0.0,0.0,0.275081,-0.8147659,-1.329435,0.2947185,-0.2072002,1.991,0.9933458,-0.1143311,-0.01387586,0.1133168,0.9487151,0.2951255,-0.02057778,-0.2947341,0.9553577,moving,-6.685205,-23.47341,8.420086,-5.941293
05/15/2023 12:31:39.038654,2223,True,True,True,True,Eyes,0.208238,-0.02442334,-3.283851,-0.09760576,-0.3954655,0.9132799,0.0,0.0,0.0,0.0,0.0,0.0,0.0,-0.1565356,0.9435453,3.011171,0.07483134,-0.01823688,-3.15848,0.1502022,0.003986231,-0.05826954,0.9869286,17.27404,359.4218,353.1544,0.08011089,-0.00742336,-0.996758,0.0,0.0,0.0,0.2860686,-0.8318437,-1.332237,0.2902906,-0.2071999,1.991,0.9931775,-0.1138183,-0.02537267,0.1162132,0.9480879,0.2960131,-0.009636172,-0.2969422,0.9548469,moving,-6.100266,-23.41342,8.295355,-5.941285
05/15/2023 12:31:39.058674,2224,True,True,True,True,Eyes,0.2022737,-0.02427775,-3.277901,-0.08825071,-0.3947899,0.9145232,0.0,0.0,0.0,0.0,0.0,0.0,0.0,-0.1870778,0.9384755,3.003055,0.07032862,-0.01850495,-3.150998,0.149976,0.009646279,-0.05836917,0.9869182,17.28675,0.09194329,353.2446,0.07842932,-0.007423348,-0.9968917,0.0,0.0,0.0,0.2992867,-0.8342869,-1.328755,0.2861374,-0.2071998,1.991,0.993,-0.1123178,-0.03654812,0.1181046,0.9482005,0.2949019,0.001532226,-0.2971541,0.9548283,moving,-5.511927,-23.34934,8.178288,-5.941282
05/15/2023 12:31:39.079035,2225,True,True,True,True,Eyes,0.1962855,-0.02415916,-3.271869,-0.07881713,-0.3939991,0.9157251,0.0,0.0,0.0,0.0,0.0,0.0,0.0,-0.2151363,0.9237428,2.99776,0.06615502,-0.0190248,-3.143471,0.1480872,0.01502788,-0.05810282,0.9871517,17.1045,0.7470253,353.3754,0.07674646,-0.007420332,-0.9970227,0.0,0.0,0.0,0.3111996,-0.8379385,-1.325858,0.2815541,-0.2071999,1.991,0.9927964,-0.1102617,-0.04687816,0.1191635,0.9493884,0.2906227,0.01246102,-0.2941154,0.9556887,moving,-4.919366,-23.28024,8.049022,-5.941286
05/15/2023 12:31:39.089272,2226,True,True,True,True,Eyes,0.1903906,-0.02408886,-3.265767,-0.06935644,-0.3931912,0.9168371,0.0,0.0,0.0,0.0,0.0,0.0,0.0,-0.242051,0.9136741,2.990622,0.06213074,-0.01987354,-3.135754,0.1468912,0.02023517,-0.05748214,0.9872736,16.9999,1.382227,353.5422,0.07506128,-0.007415439,-0.997151,0.0,0.0,0.0,0.3241811,-0.837742,-1.32117,0.2772136,-0.2072001,1.991,0.9925727,-0.1075565,-0.05684254,0.1194459,0.9502375,0.2877173,0.02306806,-0.29237,0.956027,moving,-4.326044,-23.21237,7.926524,-5.941291
05/15/2023 12:31:39.109366,2227,True,True,True,True,Eyes,0.1845739,-0.02405103,-3.259592,-0.0599217,-0.3924003,0.9178406,0.0,0.0,0.0,0.0,0.0,0.0,0.0,-0.2662244,0.907518,2.982323,0.05838858,-0.02093187,-3.128077,0.1462442,0.02503704,-0.05624054,0.9873311,16.95372,1.976458,353.7743,0.07337625,-0.007410338,-0.9972765,0.0,0.0,0.0,0.3373727,-0.8314305,-1.313712,0.2730655,-0.2072001,1.991,0.9924203,-0.103733,-0.0658894,0.1183791,0.9508992,0.2859667,0.03298999,-0.2915991,0.9559715,moving,-3.735284,-23.14795,7.809389,-5.941289
05/15/2023 12:31:39.129344,2228,True,True,True,True,Eyes,0.1788551,-0.02404836,-3.253342,-0.05051799,-0.3916744,0.918716,0.0,0.0,0.0,0.0,0.0,0.0,0.0,-0.2895111,0.9072226,2.971953,0.05482958,-0.02167286,-3.12024,0.146613,0.02963061,-0.05508218,0.9872147,17.02214,2.538597,353.9929,0.07169276,-0.007406053,-0.997399,0.0,0.0,0.0,0.3499192,-0.8277616,-1.307188,0.2686043,-0.2072002,1.991,0.992176,-0.1000674,-0.07465507,0.1174443,0.9509411,0.2862127,0.04235202,-0.2927412,0.9552533,moving,-3.147388,-23.08991,7.683341,-5.941293
05/15/2023 12:31:39.139059,2229,True,True,True,True,Eyes,0.1732208,-0.02408543,-3.247017,-0.04128746,-0.3909659,0.9194786,0.0,0.0,0.0,0.0,0.0,0.0,0.0,-0.3109823,0.9077723,2.9612,0.05139118,-0.022475,-3.112285,0.1471176,0.03386613,-0.05433246,0.9870448,17.10378,3.050842,354.1575,0.07001364,-0.007403597,-0.9975183,0.0,0.0,0.0,0.3619375,-0.8259588,-1.301411,0.264398,-0.2072001,1.991,0.9918022,-0.09729256,-0.08284132,0.1172218,0.9508088,0.2867433,0.05086826,-0.2941035,0.954419,moving,-2.571033,-23.03539,7.564426,-5.941291
05/15/2023 12:31:39.159122,2230,True,True,True,True,Eyes,0.1676875,-0.02415288,-3.24061,-0.03220899,-0.3903084,0.9201206,0.0,0.0,0.0,0.0,0.0,0.0,0.0,-0.3281598,0.9097446,2.950228,0.04804205,-0.02344219,-3.104241,0.1478104,0.03735053,-0.05389461,0.9868397,17.2029,3.468041,354.2727,0.0683407,-0.007404028,-0.9976343,0.0,0.0,0.0,0.3728932,-0.827584,-1.297053,0.2601104,-0.2071999,1.991,0.9914006,-0.09532908,-0.08965033,0.1174123,0.9504949,0.2877044,0.0577856,-0.2957563,0.953514,moving,-2.004831,-22.9863,7.443144,-5.941286
05/15/2023 12:31:39.178920,2231,True,True,True,True,Eyes,0.162264,-0.02424058,-3.234101,-0.02336527,-0.3895354,0.920715,0.0,0.0,0.0,0.0,0.0,0.0,0.0,-0.3403845,0.9104307,2.939833,0.04488459,-0.02421379,-3.095927,0.1482921,0.04000901,-0.05358087,0.9866803,17.27278,3.786523,354.3586,0.06667538,-0.00740802,-0.997747,0.0,0.0,0.0,0.3818932,-0.8299112,-1.292625,0.2556072,-0.2072,1.991,0.9910567,-0.09386832,-0.09484345,0.1176004,0.9502771,0.2883464,0.06306097,-0.2969213,0.9528174,moving,-1.453701,-22.93221,7.31569,-5.941288
05/15/2023 12:31:39.188949,2232,True,True,True,True,Eyes,0.02940396,-0.02714093,-3.068652,0.1935221,-0.3568297,0.9139047,0.0,0.0,0.0,0.0,0.0,0.0,0.0,-0.3497416,0.9006355,2.932308,0.04195157,-0.02477583,-3.086992,0.1470634,0.04223877,-0.05345994,0.9867777,17.14278,4.058855,354.4099,0.0650199,-0.007415876,-0.9978562,0.0,0.0,0.0,0.3876641,-0.8331689,-1.287914,0.2510577,-0.2072003,1.991,0.9907158,-0.09308261,-0.09908457,0.1179297,0.9510288,0.2857216,0.06763656,-0.2947539,0.9531764,moving,11.95594,-21.32792,7.186857,-5.941297
05/15/2023 12:31:39.209411,2233,True,True,True,True,Eyes,0.02934033,-0.02719519,-3.068279,0.1936198,-0.3566377,0.9139589,0.0,0.0,0.0,0.0,0.0,0.0,0.0,-0.3576756,0.8825366,2.927185,0.0392153,-0.02561371,-3.077827,0.1444005,0.04423852,-0.05361581,0.9870749,16.8467,4.305299,354.4196,0.05817733,-0.00760387,-0.9982771,-0.3985802,-0.008701064,0.4963453,0.3908233,-0.8354631,-1.282035,0.2469598,-0.2072,1.991,0.9903366,-0.09306952,-0.1028178,0.1186218,0.9525477,0.2803244,0.07184918,-0.2898119,0.9543829,moving,11.96112,-21.31632,7.070743,-5.941288
05/15/2023 12:31:39.228838,2234,True,True,True,True,Eyes,0.02918461,-0.02730529,-3.067536,0.1938401,-0.3563509,0.9140242,0.0,0.0,0.0,0.0,0.0,0.0,0.0,-0.3654087,0.8657473,2.921366,0.03660836,-0.02691524,-3.068446,0.1418875,0.04616439,-0.05390635,0.9873352,16.56831,4.539617,354.4111,0.05246479,-0.007759474,-0.9985923,-0.3746654,-0.008179,0.4665646,0.3925287,-0.8312658,-1.272457,0.2426002,-0.2071999,1.991,0.9899259,-0.09334699,-0.1064567,0.1195476,0.9539241,0.275204,0.07586219,-0.2851582,0.9554735,moving,11.97351,-21.29933,6.947153,-5.941286
05/15/2023 12:31:39.238670,2235,True,True,True,True,Eyes,0.02895209,-0.02744862,-3.06643,0.194134,-0.3561253,0.9140496,0.0,0.0,0.0,0.0,0.0,0.0,0.0,-0.3711324,0.8558103,2.913514,0.03421248,-0.02838492,-3.058878,0.1404636,0.0477251,-0.05390605,0.9874648,16.41252,4.730584,354.4332,0.04767674,-0.00789101,-0.9988314,-0.3521855,-0.00768826,0.4385707,0.3939308,-0.8221986,-1.260261,0.2385474,-0.2072001,1.991,0.9896329,-0.09305336,-0.1093974,0.1198679,0.9547282,0.2722604,0.07911003,-0.2825511,0.9559846,moving,11.99081,-21.28652,6.832203,-5.941291
05/15/2023 12:31:39.259028,2236,True,True,True,True,Eyes,0.02865896,-0.0276306,-3.064949,0.1945713,-0.3558061,0.914081,0.0,0.0,0.0,0.0,0.0,0.0,0.0,-0.3758668,0.8509517,2.904036,0.03202787,-0.02931415,-3.049088,0.1400095,0.04899386,-0.0543636,0.9874419,16.36942,4.874818,354.3991,0.0436466,-0.008004565,-0.9990147,-0.3310544,-0.007226964,0.4122565,0.3946869,-0.8141771,-1.248049,0.2341662,-0.2072,1.991,0.9892884,-0.09364259,-0.11198,0.121081,0.9548838,0.2711755,0.08153434,-0.2818295,0.9559939,moving,12.01664,-21.26848,6.707875,-5.941288
05/15/2023 12:31:39.278834,2237,True,True,True,True,Eyes,0.028316,-0.02786856,-3.063117,0.1953011,-0.3555993,0.9140059,0.0,0.0,0.0,0.0,0.0,0.0,0.0,-0.3869887,0.8381289,2.895322,0.0302384,-0.03046945,-3.038629,0.1383223,0.0512149,-0.05570069,0.9874926,16.19396,5.12229,354.2724,0.0402185,-0.008105981,-0.9991577,-0.3111911,-0.006793346,0.3875211,0.394071,-0.8101257,-1.237039,0.229567,-0.2071999,1.991,0.9885489,-0.09583971,-0.116558,0.1241764,0.9555288,0.267479,0.08573937,-0.2788899,0.956488,moving,12.06135,-21.25881,6.577294,-5.941284
05/15/2023 12:31:39.289423,2238,True,True,True,True,Eyes,0.02793248,-0.02815691,-3.06094,0.1962461,-0.355476,0.9138514,0.0,0.0,0.0,0.0,0.0,0.0,0.0,-0.4015642,0.8315707,2.884544,0.02873275,-0.03205676,-3.028449,0.1376112,0.05402762,-0.05635611,0.9874048,16.13165,5.446786,354.2392,0.03712216,-0.008205486,-0.9992767,-0.2925197,-0.006385745,0.3642698,0.3921646,-0.8093867,-1.227121,0.2253033,-0.2072002,1.991,0.98781,-0.09642299,-0.1222047,0.1261622,0.9557743,0.2656662,0.0911838,-0.2778454,0.9562884,moving,12.11998,-21.25537,6.456175,-5.941293
05/15/2023 12:31:39.309084,2239,True,True,True,True,Eyes,0.02752403,-0.0284768,-3.058417,0.1975293,-0.3555374,0.913551,0.0,0.0,0.0,0.0,0.0,0.0,0.0,-0.4181094,0.8346857,2.870348,0.027316,-0.03352217,-3.018036,0.1385477,0.05723985,-0.05609805,0.9871076,16.25692,5.826611,354.3276,0.0343234,-0.008305039,-0.9993759,-0.2749685,-0.006002601,0.3424136,0.3937922,-0.8049158,-1.215455,0.2211079,-0.2072002,1.991,0.9871532,-0.09488872,-0.1285483,0.1266105,0.9553151,0.2671008,0.09745927,-0.279945,0.9550563,moving,12.20075,-21.26508,6.336941,-5.941292
05/15/2023 12:31:39.328917,2240,True,True,True,True,Eyes,0.02708897,-0.02882494,-3.055563,0.1989976,-0.3555864,0.9132131,0.0,0.0,0.0,0.0,0.0,0.0,0.0,-0.4351596,0.8317269,2.857422,0.02599099,-0.03464076,-3.007344,0.1385081,0.06064135,-0.05560753,0.9869376,16.26868,6.237186,354.4427,0.03179186,-0.008405796,-0.9994588,-0.2584704,-0.005642445,0.3218688,0.3982497,-0.8041834,-1.206013,0.2167531,-0.2072001,1.991,0.9864609,-0.0929637,-0.1351027,0.126561,0.9554466,0.2666536,0.1042943,-0.280142,0.9542762,moving,12.29311,-21.27491,6.213119,-5.941289
05/15/2023 12:31:39.339089,2241,True,True,True,True,Eyes,0.0266722,-0.02920548,-3.052389,0.2004014,-0.3560168,0.9127384,0.0,0.0,0.0,0.0,0.0,0.0,0.0,-0.4520059,0.8270891,2.844733,0.02485387,-0.03555363,-2.9965,0.1382618,0.06393173,-0.05570777,0.9867589,16.25932,6.625578,354.485,0.02949999,-0.008508692,-0.9995283,-0.2429621,-0.005303898,0.3025567,0.4048356,-0.8089923,-1.199172,0.2124411,-0.2072002,1.991,0.9856187,-0.09226163,-0.1415749,0.1276189,0.9555607,0.2657391,0.1107659,-0.2799851,0.9535928,moving,12.3834,-21.30844,6.090456,-5.941293
05/15/2023 12:31:39.358886,2242,True,True,True,True,Eyes,0.02625258,-0.0295979,-3.048893,0.2020088,-0.3563846,0.9122403,0.0,0.0,0.0,0.0,0.0,0.0,0.0,-0.4691831,0.8227388,2.831683,0.02399773,-0.03659369,-2.985556,0.1380627,0.06724241,-0.05589802,0.986556,16.25606,7.014726,354.5173,0.02742441,-0.00861471,-0.9995865,-0.2283844,-0.004985664,0.2844033,0.4126935,-0.8097171,-1.190745,0.2080934,-0.2072,1.991,0.9847077,-0.0917257,-0.1481117,0.1288604,0.9556282,0.2648957,0.1172419,-0.2799306,0.9528343,moving,12.48623,-21.33908,5.966722,-5.941288
05/15/2023 12:31:39.378974,2243,True,True,True,True,Eyes,0.02585865,-0.0300027,-3.045088,0.2036527,-0.3569491,0.9116539,0.0,0.0,0.0,0.0,0.0,0.0,0.0,-0.4863584,0.8150095,2.819247,0.02344494,-0.03727214,-2.974391,0.1373304,0.07060314,-0.05582825,0.9864274,16.18957,7.416109,354.5777,0.0255434,-0.008724068,-0.9996353,-0.2146813,-0.004686524,0.2673391,0.4191311,-0.8097348,-1.181712,0.2031059,-0.2071998,1.991,0.9837968,-0.09074911,-0.1546236,0.1295329,0.9560472,0.2630496,0.1239559,-0.2788163,0.9523111,moving,12.59245,-21.38234,5.824709,-5.941283
05/15/2023 12:31:39.389247,2244,True,True,True,True,Eyes,0.02547017,-0.03037601,-3.04098,0.2054485,-0.3574708,0.9110464,0.0,0.0,0.0,0.0,0.0,0.0,0.0,-0.5041121,0.8015158,2.808109,0.02307461,-0.03790513,-2.963117,0.1356254,0.07407898,-0.05595448,0.9864012,16.01281,7.831026,354.6098,0.02383827,-0.00883699,-0.9996764,-0.2018005,-0.004405333,0.2512987,0.4269457,-0.8102194,-1.172863,0.1992664,-0.2071999,1.991,0.9827628,-0.09029315,-0.1613209,0.1304811,0.9569497,0.259272,0.1309655,-0.2758522,0.9522361,moving,12.7081,-21.42374,5.715336,-5.941286
05/15/2023 12:31:39.409044,2245,True,True,True,True,Eyes,0.02515839,-0.03072161,-3.036575,0.2072023,-0.3581663,0.9103758,0.0,0.0,0.0,0.0,0.0,0.0,0.0,-0.5186751,0.7946019,2.795454,0.02276131,-0.03752387,-2.951788,0.1352018,0.07697336,-0.05612082,0.9862282,15.98104,8.171977,354.6353,0.0222923,-0.008952183,-0.999711,-0.1896924,-0.004141013,0.2362208,0.4353483,-0.8081942,-1.163012,0.1951078,-0.2072001,1.991,0.9818511,-0.08988199,-0.1670019,0.1315098,0.9571419,0.25804,0.1366513,-0.2753193,0.9515911,moving,12.82214,-21.47601,5.596823,-5.941291
05/15/2023 12:31:39.429218,2246,True,True,True,True,Eyes,0.02486258,-0.03105302,-3.031883,0.2090947,-0.3586678,0.9097455,2.090958,0.4620708,-0.7810122,-1.129643,0.3349778,0.9421444,0.01240269,0.1857831,-0.1929259,1.98803,0.02271461,-0.03703816,-2.940022,0.1337131,0.07985104,-0.05682854,0.9861618,15.83102,8.505514,354.5886,0.02089198,-0.009068655,-0.9997402,-0.1783109,-0.003892552,0.2220476,0.4442566,-0.8026307,-1.151709,0.1907535,-0.2072001,1.991,0.9807886,-0.09073002,-0.1726895,0.1334385,0.9577826,0.2546498,0.1422946,-0.2728011,0.9514893,moving,12.94399,-21.51687,5.472682,-5.941288
05/15/2023 12:31:39.439107,2247,True,True,True,True,Eyes,0.02462873,-0.03133861,-3.02694,0.2108593,-0.3594816,0.9090167,2.086147,0.4645124,-0.7812701,-1.130597,0.09135515,0.3410703,-0.9355882,0.1809661,-0.2056149,1.976449,0.02275125,-0.0370627,-2.928479,0.1313767,0.08242871,-0.05674683,0.9862686,15.57506,8.818967,354.6225,0.01962294,-0.009185979,-0.9997649,-0.1676122,-0.003658999,0.2087247,0.450596,-0.8007578,-1.141764,0.1863936,-0.2072001,1.991,0.9799706,-0.09027681,-0.1775041,0.1335936,0.9590399,0.2497902,0.1476833,-0.2685005,0.9518913,moving,13.0596,-21.57691,5.348332,-5.941292
05/15/2023 12:31:39.459048,2248,True,True,True,True,Eyes,0.024432,-0.03150286,-3.021709,0.212642,-0.3602169,0.9083101,2.082494,0.4672577,-0.7816525,-1.130159,0.2746469,0.3161978,-0.9080683,0.1792668,-0.2054507,1.96796,0.02305044,-0.03607489,-2.917337,0.1325818,0.08368031,-0.05571194,0.9860608,15.71137,8.979825,354.774,0.01847458,-0.009302646,-0.9997857,-0.1575555,-0.003439459,0.1962012,0.4570532,-0.7951669,-1.12983,0.1821783,-0.2072001,1.991,0.9797875,-0.08768174,-0.1798005,0.1320597,0.9586365,0.2521435,0.150255,-0.2707914,0.9508393,moving,13.17607,-21.63225,5.228059,-5.94129
05/15/2023 12:31:39.478940,2249,True,True,True,True,Eyes,0.02430634,-0.03154224,-3.016211,0.2143834,-0.360867,0.9076425,0.0,0.0,0.0,0.0,0.0,0.0,0.0,-0.5563431,0.7559398,2.749726,0.0237209,-0.03334503,-2.905216,0.131781,0.08499582,-0.05641488,0.9860157,15.63251,9.126383,354.7062,0.0174358,-0.009414876,-0.9998034,-0.1481022,-0.003233091,0.1844291,0.4631549,-0.7863938,-1.116545,0.1776041,-0.2071999,1.991,0.9791861,-0.08885024,-0.1824832,0.1336536,0.9589022,0.2502862,0.1527456,-0.2694663,0.9508189,moving,13.28959,-21.68213,5.097491,-5.941285
05/15/2023 12:31:39.488887,2250,True,True,True,True,Eyes,0.02421709,-0.03149512,-3.010457,0.2162581,-0.3612379,0.90705,0.0,0.0,0.0,0.0,0.0,0.0,0.0,-0.5692036,0.7239358,2.743021,0.02459773,-0.03037015,-2.893218,0.1275555,0.08742259,-0.05881694,0.9862189,15.18158,9.38825,354.4279,0.01649803,-0.009519097,-0.9998183,-0.1392161,-0.003039106,0.1733634,0.464752,-0.7890552,-1.107639,0.1734118,-0.2072,1.991,0.9777957,-0.0937103,-0.1874405,0.1383152,0.9605404,0.2413113,0.1574308,-0.261879,0.9521738,moving,13.41006,-21.71521,4.977777,-5.941287
05/15/2023 12:31:39.519063,2251,True,True,True,True,Eyes,0.02420922,-0.0314034,-3.004466,0.2178802,-0.3614631,0.906572,0.0,0.0,0.0,0.0,0.0,0.0,0.0,-0.5845278,0.6941711,2.735204,0.02521131,-0.02848627,-2.881569,0.123522,0.0903675,-0.06102268,0.9863328,14.7556,9.715434,354.1804,0.01565341,-0.009613235,-0.9998311,-0.1308631,-0.002856759,0.1629616,0.4655212,-0.7835431,-1.094815,0.1688922,-0.2071999,1.991,0.9762199,-0.0980526,-0.1933401,0.1427021,0.9620371,0.2326386,0.1631896,-0.2546964,0.9531521,moving,13.51383,-21.73787,4.848669,-5.941285
05/15/2023 12:31:39.528837,2252,True,True,True,True,Eyes,0.02422851,-0.03126089,-2.998254,0.219769,-0.3614123,0.9061362,0.0,0.0,0.0,0.0,0.0,0.0,0.0,-0.603098,0.6589429,2.727386,0.0260218,-0.02725197,-2.869694,0.1182641,0.09417601,-0.06153698,0.986589,14.17868,10.17482,354.1305,0.01489459,-0.009696983,-0.9998418,-0.1230113,-0.002685354,0.1531839,0.4703377,-0.766221,-1.078294,0.1646093,-0.2072001,1.991,0.9746882,-0.09914814,-0.2003812,0.1436987,0.9644536,0.2217654,0.1712708,-0.2449466,0.954289,moving,13.63294,-21.74458,4.726275,-5.941291
05/15/2023 12:31:39.538801,2253,True,True,True,True,Eyes,0.02429746,-0.03111793,-2.991826,0.2216461,-0.3614251,0.9056737,0.0,0.0,0.0,0.0,0.0,0.0,0.0,-0.6238025,0.6314252,2.716948,0.02673076,-0.02579446,-2.858016,0.1143993,0.09837162,-0.06186889,0.9866145,13.76312,10.6771,354.1158,0.0142132,-0.009769847,-0.999851,-0.1156306,-0.002524233,0.1439929,0.4771463,-0.7506493,-1.063059,0.1604069,-0.2072,1.991,0.9729905,-0.09957421,-0.2082652,0.1445888,0.9661701,0.2135637,0.1799542,-0.2379082,0.9544717,moving,13.75174,-21.75535,4.606143,-5.941288
05/15/2023 12:31:39.558782,2254,True,True,True,True,Eyes,0.02439812,-0.03100082,-2.985224,0.2238247,-0.3614182,0.9051405,0.0,0.0,0.0,0.0,0.0,0.0,0.0,-0.6516,0.6018766,2.704824,0.0275009,-0.02560548,-2.846313,0.1100545,0.1038478,-0.06248138,0.986509,13.30394,11.32721,354.0772,0.01360468,-0.009832812,-0.9998589,-0.1086928,-0.002372779,0.1353533,0.4892905,-0.7302418,-1.046912,0.1559914,-0.2072,1.991,0.9706234,-0.100419,-0.2186462,0.1461347,0.9679682,0.2041624,0.1911408,-0.2301166,0.9542072,moving,13.88956,-21.76659,4.479872,-5.941288
05/15/2023 12:31:39.578900,2255,True,True,True,True,Eyes,0.02456576,-0.03083615,-2.978466,0.2258937,-0.3622551,0.9042916,0.0,0.0,0.0,0.0,0.0,0.0,0.0,-0.6758829,0.5963671,2.688777,0.02827361,-0.02610411,-2.835579,0.109662,0.108638,-0.06175574,0.9860824,13.27879,11.90098,354.223,0.01306269,-0.009887803,-0.9998656,-0.1021712,-0.002230412,0.1272321,0.5021169,-0.7147096,-1.03339,0.1511383,-0.2072,1.991,0.968768,-0.09796558,-0.2277965,0.1456194,0.968321,0.2028534,0.2007075,-0.2296895,0.9523441,moving,14.02556,-21.83081,4.34104,-5.941288
05/15/2023 12:31:39.589449,2256,True,True,True,True,Eyes,0.02476574,-0.0306174,-2.971523,0.2282658,-0.3631544,0.9033347,0.0,0.0,0.0,0.0,0.0,0.0,0.0,-0.700631,0.619308,2.665771,0.029048,-0.02452421,-2.824768,0.1149464,0.1131975,-0.06206401,0.9849477,13.91506,12.41726,354.31,0.01258281,-0.009934084,-0.9998713,-0.09604094,-0.002096587,0.1195982,0.5206991,-0.6991166,-1.020983,0.1472414,-0.2072,1.991,0.9666688,-0.09623632,-0.2372552,0.1482829,0.9658707,0.2123814,0.2087191,-0.2404833,0.9479473,moving,14.18134,-21.90088,4.229524,-5.941288
05/15/2023 12:31:39.609049,2257,True,True,True,True,Eyes,0.02505139,-0.03039112,-2.96446,0.2305641,-0.3644155,0.9022425,0.0,0.0,0.0,0.0,0.0,0.0,0.0,-0.729919,0.6161967,2.64652,0.02993143,-0.02298999,-2.813383,0.1157146,0.1187756,-0.06316731,0.9841304,14.0496,13.05703,354.2708,0.01215789,-0.009970946,-0.9998753,-0.09027848,-0.001970792,0.1124223,0.5364392,-0.6980809,-1.014115,0.143202,-0.2072001,1.991,0.9638045,-0.0968416,-0.2484001,0.1518179,0.9652401,0.212751,0.2191626,-0.2427619,0.945005,moving,14.3349,-21.99377,4.113895,-5.941289
05/15/2023 12:31:39.629189,2258,True,True,True,True,Eyes,0.0253707,-0.0301274,-2.957253,0.2331071,-0.3658075,0.9010249,0.0,0.0,0.0,0.0,0.0,0.0,0.0,-0.7575614,0.6106699,2.62902,0.03085273,-0.02235241,-2.803054,0.1156579,0.124229,-0.06299639,0.9834744,14.07225,13.70301,354.3691,0.01178708,-0.009998944,-0.9998789,-0.08486178,-0.001852545,0.1056769,0.5479757,-0.7168044,-1.014322,0.1387157,-0.2072001,1.991,0.9611972,-0.09517453,-0.2589242,0.1526468,0.9653094,0.2118413,0.2297801,-0.2431452,0.9423807,moving,14.50514,-22.09668,3.985436,-5.941289
05/15/2023 12:31:39.638819,2259,True,True,True,True,Eyes,0.02573235,-0.02981479,-2.949894,0.2356045,-0.3672651,0.8997816,0.0,0.0,0.0,0.0,0.0,0.0,0.0,-0.7811912,0.6174608,2.609045,0.03190311,-0.02114861,-2.792341,0.1179182,0.1288994,-0.06268784,0.9826242,14.35325,14.254,354.5033,0.01146621,-0.01001772,-0.9998822,-0.07977007,-0.001741392,0.09933632,0.5642412,-0.71933,-1.009314,0.134274,-0.2072,1.991,0.9589103,-0.09279799,-0.2681035,0.1535964,0.964331,0.2155778,0.2385354,-0.2478995,0.9389604,moving,14.67326,-22.20388,3.858213,-5.941288
05/15/2023 12:31:39.659041,2260,True,True,True,True,Eyes,0.02610713,-0.02948365,-2.942407,0.2383059,-0.3685633,0.8985385,0.0,0.0,0.0,0.0,0.0,0.0,0.0,-0.8040214,0.5986694,2.594542,0.03274362,-0.01957972,-2.781196,0.1156532,0.133649,-0.06325097,0.9822228,14.12873,14.81206,354.4767,0.01119183,-0.01002657,-0.999885,-0.07498387,-0.001636908,0.09337614,0.5817989,-0.7188519,-1.004362,0.130132,-0.2072001,1.991,0.9562745,-0.09333923,-0.2771765,0.1551669,0.9652473,0.2102876,0.2479158,-0.2441013,0.9375246,moving,14.85374,-22.3025,3.73954,-5.941289
05/15/2023 12:31:39.679212,2261,True,True,True,True,Eyes,0.02646686,-0.02915932,-2.934804,0.2407313,-0.3697329,0.8974108,0.0,0.0,0.0,0.0,0.0,0.0,0.0,-0.8266515,0.5808474,2.580129,0.03336228,-0.01882997,-2.77062,0.1136093,0.1382242,-0.06530838,0.9816934,13.95226,15.32817,354.2745,0.01095984,-0.01002584,-0.9998875,-0.07048483,-0.001538694,0.08777357,0.5953984,-0.7261772,-1.0012,0.1255556,-0.2072,1.991,0.9532577,-0.09681853,-0.2862268,0.1596327,0.9656555,0.2050046,0.2565482,-0.2411134,0.935974,moving,15.01613,-22.39164,3.608384,-5.941289
05/15/2023 12:31:39.689292,2262,True,True,True,True,Eyes,0.03597446,-0.02068572,-2.742357,0.305303,-0.4028431,0.8628486,0.0,0.0,0.0,0.0,0.0,0.0,0.0,-0.8500345,0.5839813,2.560874,0.03426423,-0.01863693,-2.760462,0.1153867,0.1427142,-0.06737103,0.9807037,14.21434,15.82636,354.126,0.0107656,-0.01001674,-0.9998898,-0.06625574,-0.001446372,0.08250716,0.6102641,-0.7169139,-0.9917992,0.1213782,-0.2072001,1.991,0.9501876,-0.09920738,-0.295468,0.1650767,0.9642941,0.2070908,0.2643732,-0.24555,0.9326372,moving,19.48538,-25.02673,3.48863,-5.941289
05/15/2023 12:31:39.709119,2263,True,True,True,True,Eyes,0.03572878,-0.02062186,-2.741858,0.3050405,-0.4010128,0.8637934,0.0,0.0,0.0,0.0,0.0,0.0,0.0,-0.8723598,0.5937381,2.540297,0.03506996,-0.01789434,-2.750471,0.1183212,0.1471483,-0.06820357,0.9796407,14.58977,16.33385,354.1398,0.01089101,-0.009685939,-0.9998913,-0.03375759,0.02406122,0.6548983,0.622606,-0.7102984,-0.9830611,0.1170011,-0.2071999,1.991,0.9473913,-0.09880845,-0.3044448,0.1684515,0.9626967,0.2117524,0.2721651,-0.2518966,0.928695,moving,19.4502,-24.90291,3.363119,-5.941285
05/15/2023 12:31:39.729359,2264,True,True,True,True,Eyes,0.03551954,-0.02059215,-2.741002,0.305137,-0.3993891,0.8645113,0.0,0.0,0.0,0.0,0.0,0.0,0.0,-0.898084,0.5934607,2.520391,0.03612463,-0.01741819,-2.74035,0.1194055,0.1523453,-0.06894664,0.9786622,14.75716,16.93782,354.1496,0.01103041,-0.009412901,-0.9998922,-0.03173214,0.02261754,0.6156044,0.6334299,-0.7185006,-0.9797636,0.1126122,-0.2072,1.991,0.9440746,-0.09856921,-0.3146543,0.1713327,0.9619773,0.212708,0.2817238,-0.2547227,0.9250665,moving,19.44094,-24.79611,3.237235,-5.941289
05/15/2023 12:31:39.740391,2265,True,True,True,True,Eyes,0.03535734,-0.02058051,-2.73982,0.305446,-0.3981778,0.8649608,0.0,0.0,0.0,0.0,0.0,0.0,0.0,-0.9205056,0.5998028,2.500594,0.03668881,-0.01814762,-2.731006,0.1211866,0.1571203,-0.06821238,0.9777393,14.97591,17.5137,354.3382,0.01117676,-0.0091877,-0.9998926,-0.02982821,0.02126049,0.5786681,0.6446652,-0.7295938,-0.978291,0.1083161,-0.2072001,1.991,0.9413206,-0.09530608,-0.3237782,0.1714696,0.9613218,0.2155426,0.2907125,-0.2584128,0.921254,moving,19.4498,-24.7186,3.113984,-5.94129
05/15/2023 12:31:39.758909,2266,True,True,True,True,Eyes,0.03525179,-0.0205568,-2.738307,0.3060234,-0.3972695,0.8651743,0.0,0.0,0.0,0.0,0.0,0.0,0.0,-0.9379147,0.6265479,2.477649,0.03753277,-0.01841222,-2.721993,0.1267186,0.1608317,-0.06665879,0.9765409,15.60082,17.97444,354.6724,0.01132555,-0.009001941,-0.9998926,-0.02803852,0.01998486,0.5439481,0.6597388,-0.7341459,-0.9753454,0.1040194,-0.2072,1.991,0.9393795,-0.08942932,-0.3310114,0.1709508,0.958998,0.2260502,0.2972237,-0.2689335,0.9161511,moving,19.47935,-24.66357,2.990688,-5.941288
05/15/2023 12:31:39.778695,2267,True,True,True,True,Eyes,0.03520292,-0.02053694,-2.736483,0.3068305,-0.3962856,0.8653396,0.0,0.0,0.0,0.0,0.0,0.0,0.0,-0.9555122,0.6420939,2.456515,0.03870796,-0.01799612,-2.71255,0.1303232,0.164695,-0.06520575,0.9755202,16.00635,18.45776,354.9692,0.01147422,-0.008847845,-0.9998923,-0.02635621,0.01878577,0.5113112,0.6738495,-0.7413385,-0.9737405,0.0997327,-0.2071999,1.991,0.9372476,-0.08429193,-0.3383223,0.1701462,0.9575282,0.2327876,0.304331,-0.2757438,0.9117829,moving,19.52339,-24.60559,2.86765,-5.941286
05/15/2023 12:31:39.792148,2268,True,True,True,True,Eyes,0.03520221,-0.02052834,-2.734373,0.3079186,-0.3954452,0.8653377,0.0,0.0,0.0,0.0,0.0,0.0,0.0,-0.974351,0.6428783,2.438646,0.03972347,-0.01801941,-2.703284,0.1310463,0.1689778,-0.0638312,0.9747816,16.08452,18.99241,355.2148,0.01161308,-0.008713464,-0.9998919,-0.02477483,0.01765862,0.4806325,0.6833618,-0.7610816,-0.9763032,0.0952518,-0.2072,1.991,0.9347442,-0.08015512,-0.3461625,0.1687307,0.9575049,0.2339108,0.3127032,-0.277055,0.9085467,moving,19.58741,-24.55963,2.73901,-5.941289
05/15/2023 12:31:39.809299,2269,True,True,True,True,Eyes,0.03525272,-0.02051652,-2.731974,0.3092332,-0.394485,0.8653072,0.0,0.0,0.0,0.0,0.0,0.0,0.0,-0.9925037,0.6477686,2.42009,0.04078984,-0.01822171,-2.694347,0.1325328,0.173082,-0.0626059,0.9739396,16.25005,19.50487,355.4554,0.01173903,-0.008592786,-0.9998916,-0.02328834,0.01659911,0.4517946,0.6946237,-0.7730687,-0.9761966,0.09095466,-0.2072001,1.991,0.9322463,-0.07607062,-0.3537374,0.1678268,0.9570311,0.2364861,0.3205481,-0.2798299,0.9049554,moving,19.66527,-24.50778,2.615619,-5.941289
05/15/2023 12:31:39.829028,2270,True,True,True,True,Eyes,0.03535815,-0.02052763,-2.729299,0.3108735,-0.3934349,0.8651975,0.0,0.0,0.0,0.0,0.0,0.0,0.0,-1.01161,0.6475453,2.401855,0.04193953,-0.01813853,-2.68505,0.13321,0.1774058,-0.06182827,0.9731185,16.33158,20.03696,355.6333,0.01185536,-0.008484402,-0.9998913,-0.02189104,0.01560316,0.4246869,0.7082182,-0.774965,-0.9727795,0.08650899,-0.2072,1.991,0.9294089,-0.07306801,-0.361746,0.1675969,0.9568647,0.2373208,0.3288015,-0.2811956,0.9015645,moving,19.76383,-24.45292,2.487938,-5.941289
05/15/2023 12:31:39.839509,2271,True,True,True,True,Eyes,0.03552028,-0.02055892,-2.726366,0.3127285,-0.3922006,0.8650893,0.0,0.0,0.0,0.0,0.0,0.0,0.0,-1.031628,0.6357936,2.386166,0.04325645,-0.01870315,-2.675829,0.1314567,0.1820462,-0.06072285,0.9725695,16.12955,20.60946,355.8062,0.01196518,-0.008387998,-0.9998909,-0.02057758,0.01466697,0.3992057,0.7211018,-0.7799327,-0.970751,0.08246177,-0.2072,1.991,0.9263438,-0.07025197,-0.37007,0.1659767,0.9580638,0.2335928,0.3381402,-0.2778102,0.8991566,moving,19.87485,-24.38784,2.371679,-5.941288
05/15/2023 12:31:39.859185,2272,True,True,True,True,Eyes,0.03573873,-0.02062062,-2.723177,0.3148869,-0.390979,0.8648594,0.0,0.0,0.0,0.0,0.0,0.0,0.0,-1.051437,0.6312485,2.368514,0.04456919,-0.0192297,-2.666738,0.1311761,0.1865739,-0.05998906,0.9717944,16.10135,21.16454,355.9626,0.01207136,-0.008303191,-0.9998904,-0.01934293,0.01378695,0.3752533,0.7343928,-0.7819637,-0.9674398,0.07804483,-0.2071998,1.991,0.923183,-0.067646,-0.3783611,0.1655421,0.9583883,0.2325676,0.3468846,-0.2773372,0.8959661,moving,20.00607,-24.32641,2.244777,-5.941283
05/15/2023 12:31:39.878715,2273,True,True,True,True,Eyes,0.03602823,-0.02071261,-2.719749,0.3172672,-0.3895516,0.8646334,0.0,0.0,0.0,0.0,0.0,0.0,0.0,-1.073095,0.624821,2.350011,0.04601302,-0.0199884,-2.657437,0.1305624,0.1914987,-0.05944094,0.9709525,16.03983,21.76407,356.0966,0.01217646,-0.008230011,-0.9998899,-0.01818235,0.01295974,0.3527381,0.7502933,-0.7755055,-0.9612499,0.07361197,-0.2072,1.991,0.91959,-0.06542359,-0.3873938,0.1654337,0.9588405,0.230774,0.3563507,-0.2763055,0.8925634,moving,20.15003,-24.25345,2.117396,-5.941289
05/15/2023 12:31:39.889091,2274,True,True,True,True,Eyes,0.03638057,-0.02084957,-2.716086,0.3199743,-0.3881875,0.8642493,0.0,0.0,0.0,0.0,0.0,0.0,0.0,-1.09562,0.6139342,2.332125,0.04771279,-0.02082491,-2.648282,0.1290558,0.1966217,-0.05889612,0.9701627,15.87686,22.38551,356.213,0.01228335,-0.008168484,-0.9998892,-0.01709141,0.01218215,0.3315738,0.7648841,-0.7746735,-0.9572748,0.06929064,-0.2072001,1.991,0.9157423,-0.06352729,-0.3967119,0.165028,0.9597517,0.2272497,0.3663083,-0.2735707,0.889369,moving,20.31625,-24.18778,1.993199,-5.941291
05/15/2023 12:31:39.909146,2275,True,True,True,True,Eyes,0.03685537,-0.02103991,-2.712228,0.3227825,-0.3868687,0.8637962,0.0,0.0,0.0,0.0,0.0,0.0,0.0,-1.122048,0.6080184,2.310592,0.04945812,-0.02205734,-2.639049,0.1287564,0.2024253,-0.05933624,0.9689815,15.87547,23.07669,356.2527,0.0123943,-0.008119177,-0.9998884,-0.01606592,0.01145122,0.3116794,0.780978,-0.7730352,-0.95333,0.06497312,-0.2072001,1.991,0.9110065,-0.06286431,-0.4075726,0.1671185,0.959802,0.2255028,0.3770129,-0.2735474,0.8848916,moving,20.48966,-24.12619,1.869093,-5.941291
05/15/2023 12:31:39.929112,2276,True,True,True,True,Eyes,0.03739706,-0.02128812,-2.708153,0.3259932,-0.3857059,0.8631102,0.0,0.0,0.0,0.0,0.0,0.0,0.0,-1.151912,0.6038658,2.28697,0.05113787,-0.02282836,-2.630332,0.1290688,0.2089016,-0.06027412,0.9675063,15.95799,23.84392,356.2606,0.01251356,-0.008082907,-0.9998872,-0.01510197,0.01076415,0.2929786,0.7981871,-0.7682045,-0.9486119,0.0604409,-0.2072,1.991,0.9054543,-0.06270584,-0.4197863,0.1705565,0.9594165,0.224567,0.3886683,-0.2749324,0.8794028,moving,20.69135,-24.07887,1.738797,-5.941288
05/15/2023 12:31:39.939348,2277,True,True,True,True,Eyes,0.03796303,-0.02160411,-2.70386,0.3295056,-0.3850805,0.8620551,0.0,0.0,0.0,0.0,0.0,0.0,0.0,-1.186228,0.6015013,2.259356,0.053123,-0.02444437,-2.621108,0.1298028,0.2163186,-0.06151158,0.9656987,16.0999,24.72299,356.2615,0.01264294,-0.008060592,-0.9998859,-0.01419585,0.0101183,0.2753999,0.816823,-0.7691053,-0.946932,0.05637628,-0.2072001,1.991,0.8988452,-0.06264579,-0.4337658,0.1749608,0.9587352,0.2240885,0.4018283,-0.2773128,0.8727151,moving,20.91849,-24.07034,1.621929,-5.941289
05/15/2023 12:31:39.958722,2278,True,True,True,True,Eyes,0.03858035,-0.02198477,-2.699368,0.3333667,-0.3846129,0.8607785,0.0,0.0,0.0,0.0,0.0,0.0,0.0,-1.219451,0.6029249,2.230535,0.05472844,-0.026365,-2.611929,0.1310592,0.2237631,-0.06196951,0.9638015,16.28188,25.62161,356.3684,0.01278249,-0.008053439,-0.9998842,-0.0133441,0.009511203,0.2588759,0.8367521,-0.7722727,-0.9478154,0.05203462,-0.2071999,1.991,0.8921797,-0.06080018,-0.4475698,0.1781051,0.9579665,0.2248972,0.4150831,-0.2803632,0.8655071,moving,21.17064,-24.07604,1.497079,-5.941284
05/15/2023 12:31:39.978808,2279,True,True,True,True,Eyes,0.0554842,-0.03294174,-2.582208,0.4297791,-0.3777316,0.8201273,1.974813,0.9042175,-0.778891,-0.9626098,-0.01085947,0.9563439,-0.2920417,0.03989762,-0.1944861,1.983096,0.05642089,-0.02824755,-2.60269,0.1325097,0.2306406,-0.06185708,0.9619875,16.46795,26.46391,356.5393,0.01293329,-0.008062426,-0.9998823,-0.01254345,0.00894053,0.2433434,0.8596389,-0.7782022,-0.9505833,0.04753602,-0.2072001,1.991,0.8859572,-0.05788721,-0.4601401,0.1801357,0.9572297,0.2264119,0.4273535,-0.2834789,0.8584921,moving,27.65632,-24.7297,1.367703,-5.941291
05/15/2023 12:31:39.989287,2280,True,True,True,True,Eyes,0.05556954,-0.03301601,-2.581823,0.4302108,-0.3777634,0.8198863,0.0,0.0,0.0,0.0,0.0,0.0,0.0,-1.276493,0.6062827,2.175308,0.05807867,-0.02999325,-2.593204,0.1334115,0.2370885,-0.06202232,0.9602832,16.59682,27.2498,356.6586,0.01390434,-0.008603677,-0.9998649,0.03892069,-0.02446682,0.5802244,0.8829215,-0.7856937,-0.9547004,0.04333889,-0.2072001,1.991,0.8798845,-0.05585733,-0.4718931,0.1823786,0.9567093,0.2268161,0.4387952,-0.2856352,0.8519809,moving,27.6869,-24.73793,1.246983,-5.941289
05/15/2023 12:31:40.009167,2281,True,True,True,True,Eyes,0.05573544,-0.03316508,-2.581064,0.4307873,-0.3778159,0.8195593,0.0,0.0,0.0,0.0,0.0,0.0,0.0,-1.302889,0.6022234,2.149316,0.06006869,-0.03183495,-2.583627,0.133529,0.2433635,-0.06249172,0.9586653,16.64468,28.00805,356.7196,0.01472677,-0.009059647,-0.9998492,0.03658545,-0.02299881,0.5454109,0.9043939,-0.7932422,-0.9582296,0.03886902,-0.2072,1.991,0.873738,-0.05482511,-0.4832972,0.1848095,0.9565296,0.2256028,0.4499193,-0.2864356,0.8458884,moving,27.72789,-24.74965,1.118407,-5.941288
05/15/2023 12:31:40.028921,2282,True,True,True,True,Eyes,0.05597663,-0.03339083,-2.579944,0.4317873,-0.3778386,0.8190224,0.0,0.0,0.0,0.0,0.0,0.0,0.0,-1.329822,0.5921922,2.123793,0.06189453,-0.03377011,-2.573838,0.1325619,0.2498664,-0.06343351,0.9570634,16.58515,28.78275,356.6997,0.01542929,-0.009448477,-0.9998351,0.03439032,-0.02161888,0.5126863,0.9243995,-0.7988571,-0.960247,0.03462791,-0.2071998,1.991,0.8670859,-0.05517427,-0.4950937,0.1876653,0.9568071,0.2220404,0.4614583,-0.28544,0.8399882,moving,27.79813,-24.76524,0.9964005,-5.941283
05/15/2023 12:31:40.039041,2283,True,True,True,True,Eyes,0.05630585,-0.03367574,-2.578477,0.4328023,-0.3778775,0.8184686,0.0,0.0,0.0,0.0,0.0,0.0,0.0,-1.356282,0.582761,2.097801,0.06379265,-0.03584512,-2.564084,0.1316876,0.256344,-0.06435206,0.9554083,16.53634,29.55639,356.684,0.01605455,-0.009797017,-0.999822,0.0323269,-0.02032175,0.4819251,0.9439721,-0.8019781,-0.9608147,0.03022242,-0.2071999,1.991,0.8602932,-0.05545033,-0.506775,0.1904796,0.9570343,0.2186384,0.4728775,-0.2846234,0.8338923,moving,27.86967,-24.78222,0.8696554,-5.941286
05/15/2023 12:31:40.059671,2284,True,True,True,True,Eyes,0.05670737,-0.03401052,-2.576652,0.4342272,-0.3778547,0.817724,0.0,0.0,0.0,0.0,0.0,0.0,0.0,-1.381252,0.575,2.07132,0.06559487,-0.03751177,-2.554044,0.1312604,0.2626209,-0.06533352,0.9536942,16.53975,30.30811,356.6706,0.01663127,-0.01012247,-0.9998094,0.03038729,-0.01910245,0.4530096,0.9643565,-0.8017684,-0.9603232,0.02604443,-0.2071999,1.991,0.8535236,-0.05567295,-0.5180715,0.1935599,0.9570045,0.2160486,0.4837687,-0.2846804,0.8276019,moving,27.96916,-24.80076,0.7494478,-5.941284
05/15/2023 12:31:40.078780,2285,True,True,True,True,Eyes,0.05721761,-0.03440548,-2.574514,0.4356806,-0.3777451,0.8170012,0.0,0.0,0.0,0.0,0.0,0.0,0.0,-1.406559,0.5623481,2.044864,0.06755897,-0.03905173,-2.543623,0.1298798,0.2691174,-0.06632613,0.952002,16.43878,31.08277,356.6301,0.01716807,-0.01042965,-0.9997973,0.02856405,-0.0179563,0.425829,0.9842655,-0.8020165,-0.9599696,0.02143586,-0.2072001,1.991,0.8463534,-0.0563794,-0.5296296,0.196191,0.9574642,0.2115926,0.4951718,-0.2829907,0.8214141,moving,28.06957,-24.81373,0.6168442,-5.941289
05/15/2023 12:31:40.088976,2286,True,True,True,True,Eyes,0.05779937,-0.03484661,-2.572046,0.4375294,-0.3776155,0.8160726,0.0,0.0,0.0,0.0,0.0,0.0,0.0,-1.431601,0.5483485,2.018542,0.06958888,-0.04084696,-2.533411,0.1280476,0.2756793,-0.06699716,0.9503243,16.27888,31.86901,356.6114,0.01767212,-0.01072213,-0.9997855,0.02685021,-0.01687892,0.4002793,1.003426,-0.8035642,-0.9600085,0.01728505,-0.2072,1.991,0.8390247,-0.0567379,-0.5411271,0.1979382,0.9582304,0.206434,0.5068118,-0.2803129,0.8152095,moving,28.19755,-24.83106,0.4974061,-5.941288
05/15/2023 12:31:40.109627,2287,True,True,True,True,Eyes,0.05849379,-0.03533923,-2.569281,0.4393761,-0.3774994,0.8151336,0.0,0.0,0.0,0.0,0.0,0.0,0.0,-1.456331,0.5382007,1.990512,0.07176904,-0.04241602,-2.523044,0.1271498,0.2822205,-0.06783872,0.9484632,16.22946,32.65664,356.6016,0.01814993,-0.01100343,-0.9997739,0.0252392,-0.01586619,0.3762625,1.023787,-0.801605,-0.9589081,0.01298702,-0.2072,1.991,0.831499,-0.05691649,-0.5526029,0.2004536,0.9584616,0.2029029,0.5181001,-0.2794848,0.808369,moving,28.32571,-24.84949,0.3737271,-5.941287
05/15/2023 12:31:40.129310,2288,True,True,True,True,Eyes,0.05924913,-0.03587976,-2.566203,0.4416009,-0.3773091,0.8140187,0.0,0.0,0.0,0.0,0.0,0.0,0.0,-1.480955,0.5245758,1.962384,0.07384754,-0.04406683,-2.512362,0.1256299,0.2888826,-0.06902829,0.9465723,16.12403,33.45189,356.5329,0.01860931,-0.01127717,-0.9997625,0.02372484,-0.01491422,0.3536867,1.044749,-0.7979761,-0.9576874,0.00847441,-0.2072001,1.991,0.8235639,-0.05809595,-0.5642406,0.2032651,0.9589044,0.1979534,0.5295526,-0.2777177,0.8015279,moving,28.4796,-24.86839,0.2438699,-5.941289
05/15/2023 12:31:40.138791,2289,True,True,True,True,Eyes,0.06007444,-0.03646109,-2.562823,0.444282,-0.3771974,0.8126103,0.0,0.0,0.0,0.0,0.0,0.0,0.0,-1.50485,0.5090876,1.934679,0.07593271,-0.04578461,-2.501772,0.1237748,0.2954498,-0.07050186,0.9446793,15.99267,34.2309,356.4177,0.0190555,-0.01154659,-0.9997511,0.02230135,-0.01401936,0.3324655,1.065303,-0.7977052,-0.9579687,0.004245698,-0.2071999,1.991,0.8154778,-0.06006482,-0.5756633,0.2063418,0.9594185,0.1921954,0.5407579,-0.2755144,0.7947784,moving,28.66695,-24.89978,0.1221799,-5.941286
05/15/2023 12:31:40.159013,2290,True,True,True,True,Eyes,0.0609696,-0.0370602,-2.55915,0.4473155,-0.3770126,0.8110304,0.0,0.0,0.0,0.0,0.0,0.0,0.0,-1.528112,0.4918345,1.906937,0.07814544,-0.04733247,-2.491002,0.1216724,0.3019631,-0.07224846,0.9427588,15.84574,34.99962,356.2603,0.01949234,-0.0118136,-0.9997396,0.02096327,-0.0131782,0.3125176,1.086075,-0.7956881,-0.9575397,6.616116e-06,-0.2072,1.991,0.8071969,-0.06274457,-0.586938,0.2097069,0.9599519,0.1857828,0.5517755,-0.2730483,0.7880282,moving,28.87848,-24.93166,0.0001903945,-5.941288
05/15/2023 12:31:40.179403,2291,True,True,True,True,Eyes,0.06193835,-0.03767011,-2.555194,0.4508124,-0.3769343,0.8091284,0.0,0.0,0.0,0.0,0.0,0.0,0.0,-1.552495,0.4735264,1.877834,0.08058174,-0.04839015,-2.480301,0.1195852,0.3088027,-0.07425433,0.9406524,15.71402,35.80713,356.0782,0.01992329,-0.01207902,-0.999728,0.01970548,-0.01238751,0.2937665,1.106284,-0.7928642,-0.9566899,-0.004345059,-0.2071998,1.991,0.7982545,-0.06583856,-0.5987113,0.2135514,0.9603713,0.1791163,0.5631924,-0.270836,0.7806806,moving,29.12472,-24.97856,-0.1250393,-5.941284
05/15/2023 12:31:40.189167,2292,True,True,True,True,Eyes,0.06297659,-0.03827627,-2.550975,0.4547181,-0.3768735,0.8069683,0.0,0.0,0.0,0.0,0.0,0.0,0.0,-1.580079,0.4550152,1.844989,0.08316397,-0.04924792,-2.46948,0.1176727,0.3165635,-0.0763741,0.9381406,15.61319,36.73078,355.9037,0.02035402,-0.01234478,-0.999716,0.01852315,-0.01164426,0.2761405,1.126298,-0.7893308,-0.9554557,-0.008648634,-0.2071999,1.991,0.787909,-0.06879747,-0.6119366,0.2178011,0.9606403,0.1724326,0.5759879,-0.2691416,0.7718813,moving,29.4008,-25.0337,-0.2488835,-5.941285
05/15/2023 12:31:40.209073,2293,True,True,True,True,Eyes,0.06408332,-0.0388655,-2.546512,0.4589349,-0.3771088,0.8044673,0.0,0.0,0.0,0.0,0.0,0.0,0.0,-1.608872,0.4415761,1.809067,0.08570757,-0.04976878,-2.458934,0.1167887,0.324822,-0.07789405,0.9352987,15.60882,37.73325,355.8417,0.02078535,-0.01260955,-0.9997039,0.01741176,-0.0109456,0.2595721,1.147187,-0.7857505,-0.9552311,-0.01310754,-0.2071999,1.991,0.7768464,-0.06983731,-0.6258054,0.2215795,0.9605858,0.1678613,0.5894169,-0.2690681,0.7617022,moving,29.70402,-25.1157,-0.3771952,-5.941285
05/15/2023 12:31:40.228933,2294,True,True,True,True,Eyes,0.09355924,-0.05112313,-2.429083,0.5679358,-0.3846959,0.7276386,0.0,0.0,0.0,0.0,0.0,0.0,0.0,-1.63723,0.4362815,1.770408,0.08817106,-0.04986465,-2.448458,0.1177357,0.3331424,-0.07912047,0.932145,15.79583,38.76194,355.8845,0.02122126,-0.01287356,-0.9996914,0.01636705,-0.01028887,0.2439978,1.170946,-0.7829416,-0.9576115,-0.01761788,-0.2072001,1.991,0.7655122,-0.06905802,-0.6397047,0.225949,0.9597565,0.1667767,0.6024436,-0.2722103,0.7503089,moving,37.97272,-27.865,-0.5069834,-5.941291
05/15/2023 12:31:40.239087,2295,True,True,True,True,Eyes,0.0936766,-0.05105811,-2.428606,0.5683619,-0.3846369,0.727337,0.0,0.0,0.0,0.0,0.0,0.0,0.0,-1.663542,0.4309475,1.732529,0.0909431,-0.04793775,-2.438068,0.1193971,0.3409674,-0.08103006,0.9289348,16.08609,39.72834,355.8746,0.02329406,-0.01385017,-0.9996322,0.1038128,-0.04644442,0.5816457,1.196608,-0.7830138,-0.9636993,-0.02151889,-0.2071999,1.991,0.7543507,-0.06912224,-0.6528224,0.2319643,0.958357,0.166567,0.6141233,-0.2770814,0.7389712,moving,38.00508,-27.87119,-0.6192332,-5.941284
05/15/2023 12:31:40.259176,2296,True,True,True,True,Eyes,0.09390706,-0.05090716,-2.427743,0.5692552,-0.3844095,0.7267584,0.0,0.0,0.0,0.0,0.0,0.0,0.0,-1.692123,0.40273,1.695273,0.09427627,-0.0463891,-2.426599,0.1159653,0.3498884,-0.08288396,0.9258837,15.82743,40.80321,355.6883,0.02501309,-0.0146561,-0.9995792,0.097584,-0.04365775,0.546747,1.220977,-0.7889069,-0.9725671,-0.02592123,-0.2072,1.991,0.7414168,-0.072332,-0.6671352,0.2346316,0.9593646,0.1567404,0.6286886,-0.272741,0.7282603,moving,38.07088,-27.87602,-0.745903,-5.941286
05/15/2023 12:31:40.279074,2297,True,True,True,True,Eyes,0.09432881,-0.0506557,-2.426519,0.5702858,-0.3841028,0.7261124,0.0,0.0,0.0,0.0,0.0,0.0,0.0,-1.713638,0.3783223,1.664661,0.09706669,-0.04422438,-2.416485,0.1128091,0.3570932,-0.08387565,0.9234303,15.55989,41.67828,355.5742,0.02644959,-0.01531949,-0.9995323,0.09172896,-0.04103829,0.5139421,1.242831,-0.7960919,-0.981585,-0.03018361,-0.2072,1.991,0.7308987,-0.07433996,-0.6784252,0.2354733,0.9604779,0.1484398,0.6405775,-0.2682454,0.7195172,moving,38.14595,-27.87818,-0.8685391,-5.941287
05/15/2023 12:31:40.289315,2298,True,True,True,True,Eyes,0.0948941,-0.05036168,-2.424908,0.5718502,-0.3833596,0.7252743,0.0,0.0,0.0,0.0,0.0,0.0,0.0,-1.734099,0.3512597,1.63307,0.1006493,-0.04146355,-2.405317,0.1096705,0.3641218,-0.08590211,0.9208738,15.3398,42.52072,355.3403,0.0276884,-0.01587319,-0.9994901,0.08622523,-0.03857599,0.4831056,1.271641,-0.7856856,-0.985949,-0.03471589,-0.2071999,1.991,0.7200723,-0.07834318,-0.6894623,0.2380768,0.9611864,0.1394277,0.6517786,-0.264543,0.7107754,moving,38.25439,-27.85967,-0.9989313,-5.941285
05/15/2023 12:31:40.308898,2299,True,True,True,True,Eyes,0.09557892,-0.05004934,-2.422982,0.5734602,-0.3827611,0.7243185,0.0,0.0,0.0,0.0,0.0,0.0,0.0,-1.754741,0.3127215,1.602751,0.1045055,-0.0402627,-2.394405,0.1027038,0.3716522,-0.08618098,0.91864,14.64056,43.42843,355.1383,0.02882898,-0.01636069,-0.99945,0.08105171,-0.03626143,0.4541193,1.29524,-0.7744209,-0.9882971,-0.03889221,-0.2071999,1.991001,0.708895,-0.08199844,-0.7005314,0.2346788,0.9640495,0.124637,0.6651269,-0.2527544,0.7026532,moving,38.3695,-27.8539,-1.119074,-5.941282
05/15/2023 12:31:40.329155,2300,True,True,True,True,Eyes,0.09639934,-0.0497301,-2.420728,0.5753683,-0.3822987,0.7230484,0.0,0.0,0.0,0.0,0.0,0.0,0.0,-1.771243,0.3010207,1.572083,0.1076635,-0.03947252,-2.384578,0.1018889,0.3777166,-0.08702731,0.9161741,14.6219,44.18252,355.1093,0.02988671,-0.01678815,-0.9994119,0.07618861,-0.03408575,0.4268721,1.317856,-0.7639368,-0.9892225,-0.04326612,-0.2071999,1.991,0.6995128,-0.08249411,-0.7098426,0.2364346,0.9640898,0.1209526,0.6743741,-0.2524393,0.6938977,moving,38.51114,-27.86684,-1.24489,-5.941285
05/15/2023 12:31:40.339227,2301,True,True,True,True,Eyes,0.09737089,-0.04936683,-2.418219,0.5771751,-0.382148,0.7216868,0.0,0.0,0.0,0.0,0.0,0.0,0.0,-1.787959,0.2969344,1.538392,0.1116385,-0.03896077,-2.374371,0.1027951,0.3838242,-0.08768288,0.9134681,14.78009,44.95689,355.1779,0.0308765,-0.01716173,-0.9993755,0.07161729,-0.0320406,0.4012598,1.346329,-0.739336,-0.9878278,-0.04770643,-0.2072001,1.991,0.6899813,-0.08128055,-0.7192491,0.2391015,0.9634898,0.1204905,0.6831956,-0.2551098,0.6842243,moving,38.65137,-27.90214,-1.372604,-5.941291
05/15/2023 12:31:40.359566,2302,True,True,True,True,Eyes,0.0984851,-0.04894388,-2.41542,0.5792356,-0.3820686,0.7200763,0.0,0.0,0.0,0.0,0.0,0.0,0.0,-1.801726,0.2931905,1.508334,0.1154141,-0.03739013,-2.364853,0.1037396,0.3891505,-0.08802193,0.911072,14.92391,45.6384,355.2719,0.03181091,-0.01748482,-0.9993407,0.06732025,-0.03011817,0.3771842,1.36487,-0.7375361,-0.9910677,-0.05215466,-0.2072001,1.991,0.681628,-0.07964799,-0.727351,0.2411293,0.9629804,0.1205209,0.6908255,-0.257536,0.6755999,moving,38.8135,-27.95018,-1.500532,-5.94129
05/15/2023 12:31:40.379083,2303,True,True,True,True,Eyes,0.0997664,-0.0484549,-2.412392,0.5813133,-0.3820778,0.7183949,0.0,0.0,0.0,0.0,0.0,0.0,0.0,-1.817275,0.2793497,1.476942,0.1198715,-0.03552356,-2.355048,0.1034279,0.3949582,-0.09025978,0.9083853,15.02274,46.35321,355.1129,0.0327028,-0.01776054,-0.999307,0.06328104,-0.02831108,0.3545531,1.383354,-0.7419269,-0.9964078,-0.05650127,-0.2072001,1.991,0.6717224,-0.08228198,-0.7362191,0.2456807,0.9623117,0.116607,0.6988777,-0.2592024,0.6666214,moving,38.97921,-28.00625,-1.625523,-5.941291
05/15/2023 12:31:40.389349,2304,True,True,True,True,Eyes,0.1011936,-0.04790827,-2.409102,0.5837259,-0.3820485,0.7164518,0.0,0.0,0.0,0.0,0.0,0.0,0.0,-1.833926,0.2581184,1.44528,0.1244126,-0.03334337,-2.345667,0.101412,0.4012861,-0.09236705,0.9056233,14.94036,47.12742,354.8988,0.0335636,-0.01799094,-0.9992744,0.05948418,-0.02661241,0.3332799,1.399437,-0.7448307,-1.000476,-0.06080896,-0.2072001,1.991,0.6608756,-0.08590903,-0.7455622,0.2486899,0.9623679,0.1095509,0.7080938,-0.2578133,0.6573702,moving,39.17127,-28.0688,-1.749379,-5.941291
05/15/2023 12:31:40.409192,2305,True,True,True,True,Eyes,0.1027641,-0.04733302,-2.405578,0.5863091,-0.3820253,0.7143517,0.0,0.0,0.0,0.0,0.0,0.0,0.0,-1.851015,0.2400157,1.410931,0.129254,-0.03142373,-2.336,0.09979217,0.4079931,-0.09373802,0.9026607,14.87113,47.96426,354.788,0.03440207,-0.01817813,-0.9992425,0.05591512,-0.02501567,0.3132831,1.416771,-0.7456381,-1.004112,-0.06499863,-0.2071998,1.991,0.6495096,-0.08779824,-0.7552674,0.2506563,0.9625095,0.103668,0.7178501,-0.2566459,0.6471663,moving,39.37767,-28.13725,-1.869826,-5.941282
05/15/2023 12:31:40.429274,2306,True,True,True,True,Eyes,0.1044652,-0.04673582,-2.40184,0.5892724,-0.3819881,0.7119291,0.0,0.0,0.0,0.0,0.0,0.0,0.0,-1.870577,0.2195436,1.373417,0.1342968,-0.0301827,-2.326926,0.09703165,0.4156699,-0.09413911,0.8994116,14.64352,48.93263,354.7415,0.03522848,-0.01832571,-0.9992111,0.05256022,-0.02351473,0.2944862,1.436808,-0.7400869,-1.007771,-0.06943893,-0.2071999,1.991,0.6367127,-0.08867332,-0.7659856,0.2500059,0.9634454,0.09628116,0.7294477,-0.2528043,0.6356068,moving,39.61497,-28.21594,-1.997462,-5.941287
05/15/2023 12:31:40.439088,2307,True,True,True,True,Eyes,0.1063042,-0.04610014,-2.397897,0.5927711,-0.3818239,0.7091072,0.0,0.0,0.0,0.0,0.0,0.0,0.0,-1.889017,0.2078027,1.334695,0.1390324,-0.02906604,-2.317931,0.09610274,0.4231761,-0.09411912,0.8960067,14.58851,49.89879,354.8229,0.03604978,-0.01843677,-0.9991797,0.0494066,-0.02210384,0.276817,1.458664,-0.7353636,-1.01328,-0.0737384,-0.2072,1.991,0.6241272,-0.08732593,-0.7764274,0.2499995,0.9638117,0.09255949,0.7402469,-0.2518753,0.6233726,moving,39.8936,-28.30056,-2.121029,-5.941287
05/15/2023 12:31:40.459043,2308,True,True,True,True,Eyes,0.1558607,-0.02980259,-2.294717,0.6839919,-0.3740175,0.6263114,0.0,0.0,0.0,0.0,0.0,0.0,0.0,-1.906543,0.1977175,1.296286,0.1443408,-0.02754039,-2.309278,0.09560864,0.4303931,-0.09401724,0.8926263,14.57306,50.83466,354.929,0.03687353,-0.01851349,-0.9991482,0.04644221,-0.02077761,0.260208,1.48517,-0.7262266,-1.021645,-0.07798815,-0.2072,1.991,0.6118451,-0.08554592,-0.7863381,0.2501431,0.9640395,0.08975681,0.7503827,-0.2516143,0.6112415,moving,47.52058,-30.84459,-2.243148,-5.941288
05/15/2023 12:31:40.478773,2309,True,True,True,True,Eyes,0.1560764,-0.02980113,-2.294429,0.6844255,-0.3741132,0.6257805,0.0,0.0,0.0,0.0,0.0,0.0,0.0,-1.923115,0.1855749,1.258238,0.1496577,-0.0265132,-2.300624,0.0943644,0.4375645,-0.09377661,0.8892911,14.47168,51.76397,355.0108,0.04058938,-0.01789783,-0.9990153,0.1923249,0.02936168,0.5541353,1.509555,-0.7230445,-1.031897,-0.08252895,-0.2071999,1.991,0.5994866,-0.08420841,-0.7959425,0.2493704,0.9646026,0.08576821,0.7605459,-0.2499015,0.5992655,moving,47.56285,-30.87244,-2.373609,-5.941287
05/15/2023 12:31:40.489452,2310,True,True,True,True,Eyes,0.1564834,-0.02982546,-2.293855,0.6850773,-0.3746472,0.6247469,0.0,0.0,0.0,0.0,0.0,0.0,0.0,-1.939192,0.1837176,1.219741,0.1546996,-0.02638686,-2.292893,0.0961713,0.444265,-0.09478657,0.8856609,14.74817,52.64517,355.1093,0.04365781,-0.01737139,-0.9988953,0.1807854,0.02759998,0.5208872,1.533511,-0.7208415,-1.042762,-0.08664346,-0.2072,1.991,0.5872883,-0.08244643,-0.8051677,0.2533486,0.9635332,0.08612961,0.7687047,-0.254571,0.5867594,moving,47.63718,-30.95021,-2.4918,-5.941287
05/15/2023 12:31:40.509424,2311,True,True,True,True,Eyes,0.1570742,-0.02987563,-2.293052,0.6858412,-0.3756653,0.6232957,0.0,0.0,0.0,0.0,0.0,0.0,0.0,-1.954631,0.192029,1.179637,0.1596473,-0.02693054,-2.285342,0.1011898,0.4505997,-0.09698846,0.8816541,15.41656,53.49846,355.25,0.04621171,-0.01692086,-0.9987881,0.1699383,0.02594398,0.489634,1.557633,-0.7162628,-1.052762,-0.09108162,-0.2072,1.991,0.5751063,-0.07982837,-0.8141745,0.2622127,0.9607078,0.09102277,0.7749177,-0.2658346,0.5734411,moving,47.73529,-31.07771,-2.619265,-5.941287
05/15/2023 12:31:40.529177,2312,True,True,True,True,Eyes,0.1578399,-0.02990075,-2.292013,0.686698,-0.3772111,0.6214159,0.0,0.0,0.0,0.0,0.0,0.0,0.0,-1.968654,0.2053455,1.141096,0.1644361,-0.02746581,-2.278611,0.1076387,0.4562967,-0.09937242,0.8776859,16.23827,54.28879,355.4476,0.04842497,-0.01652888,-0.9986898,0.159742,0.02438734,0.460256,1.5767,-0.7250206,-1.06573,-0.09534806,-0.2071999,1.991,0.5638369,-0.07620519,-0.8223628,0.2726659,0.9570781,0.09825928,0.7795776,-0.2796325,0.5604146,moving,47.85701,-31.25854,-2.741774,-5.941287
05/15/2023 12:31:40.539338,2313,True,True,True,True,Eyes,0.158823,-0.02992782,-2.290799,0.6876457,-0.3787548,0.6194256,0.0,0.0,0.0,0.0,0.0,0.0,0.0,-1.981065,0.2147246,1.104367,0.169385,-0.02676356,-2.271771,0.1140568,0.4615214,-0.1026949,0.8737523,17.10397,55.01686,355.5486,0.050453,-0.01617769,-0.9985951,0.1501575,0.0229241,0.4326406,1.590836,-0.7473065,-1.081303,-0.09970665,-0.2071999,1.991,0.5529036,-0.07418048,-0.8299368,0.2847391,0.9528896,0.1045231,0.7830845,-0.2941066,0.5479782,moving,47.98774,-31.44417,-2.866902,-5.941285
05/15/2023 12:31:40.559236,2314,True,True,True,True,Eyes,0.1599684,-0.02997685,-2.28938,0.6887712,-0.3804791,0.6171142,0.0,0.0,0.0,0.0,0.0,0.0,0.0,-1.99428,0.2064343,1.068682,0.1748239,-0.02662979,-2.265078,0.1159803,0.4673784,-0.106139,0.8699659,17.51839,55.78563,355.4131,0.05232423,-0.01586341,-0.9985039,0.141148,0.02154865,0.4066821,1.601434,-0.7745944,-1.097651,-0.1040108,-0.2071999,1.991,0.5405839,-0.0762613,-0.8378265,0.2930879,0.9505662,0.1025835,0.7885863,-0.3010118,0.536212,moving,48.14081,-31.65573,-2.99044,-5.941286
05/15/2023 12:31:40.578899,2315,True,True,True,True,Eyes,0.1612999,-0.03002228,-2.287798,0.6900505,-0.3820293,0.6147226,0.0,0.0,0.0,0.0,0.0,0.0,0.0,-2.006685,0.1958719,1.0341,0.1798465,-0.02714677,-2.258635,0.1173765,0.473127,-0.1099189,0.8661937,17.89978,56.53419,355.2165,0.05406219,-0.01558341,-0.9984157,0.1326792,0.02025574,0.3822812,1.609517,-0.80172,-1.112354,-0.1085019,-0.2072,1.991,0.5281373,-0.07935414,-0.845443,0.3014902,0.9482812,0.09933038,0.7938353,-0.3073528,0.5247471,moving,48.30417,-31.85955,-3.119314,-5.941285
05/15/2023 12:31:40.589202,2316,True,True,True,True,Eyes,0.1628188,-0.03004705,-2.286021,0.6915935,-0.3834698,0.6120861,0.0,0.0,0.0,0.0,0.0,0.0,0.0,-2.018097,0.1861532,1.000475,0.1852509,-0.02699491,-2.252392,0.119235,0.4785165,-0.1137292,0.8624795,18.33172,57.2436,355.0404,0.05568855,-0.01533425,-0.9983302,0.1247184,0.01904039,0.3593443,1.62324,-0.814306,-1.1243,-0.1127141,-0.2072,1.991,0.5161752,-0.08206636,-0.8525423,0.31029,0.9456973,0.09683289,0.7983003,-0.3145181,0.5136099,moving,48.48997,-32.067,-3.240158,-5.941289
05/15/2023 12:31:40.609095,2317,True,True,True,True,Eyes,0.1645228,-0.03006323,-2.28407,0.6934943,-0.3841655,0.6094937,0.0,0.0,0.0,0.0,0.0,0.0,0.0,-2.02856,0.1681149,0.9683883,0.1912347,-0.02653025,-2.245845,0.1173719,0.4842467,-0.1151416,0.8593437,18.25456,57.98525,354.9122,0.05722401,-0.01511194,-0.9982467,0.1172353,0.01789797,0.3377837,1.636117,-0.8262863,-1.135536,-0.116991,-0.2071999,1.991,0.5044951,-0.08421855,-0.8592975,0.3115663,0.9459325,0.09021166,0.8052399,-0.3132394,0.503458,moving,48.68862,-32.22334,-3.362829,-5.941286
05/15/2023 12:31:40.629200,2318,True,True,True,True,Eyes,0.1664119,-0.03012407,-2.28195,0.6957295,-0.3846395,0.6066407,0.0,0.0,0.0,0.0,0.0,0.0,0.0,-2.038888,0.1454043,0.9368154,0.1973623,-0.02642703,-2.239682,0.1133931,0.4902486,-0.1155051,0.8564212,17.90724,58.75315,354.7747,0.05868537,-0.01491368,-0.998165,0.1102012,0.01682409,0.3175167,1.647766,-0.8391948,-1.146451,-0.1212931,-0.2072,1.991,0.4926299,-0.08666045,-0.8659133,0.3090236,0.9476012,0.08097202,0.8135235,-0.3074768,0.4935968,moving,48.91323,-32.37667,-3.486191,-5.941288
05/15/2023 12:31:40.639036,2319,True,True,True,True,Eyes,0.1684889,-0.03023687,-2.279714,0.6982332,-0.3846849,0.6037285,0.0,0.0,0.0,0.0,0.0,0.0,0.0,-2.049649,0.1259332,0.9019314,0.2036391,-0.02760193,-2.233421,0.1098324,0.4966631,-0.1155954,0.8531708,17.59192,59.58905,354.6942,0.06008993,-0.01473894,-0.9980839,0.1035891,0.01581464,0.2984657,1.666448,-0.8355927,-1.154057,-0.1257941,-0.2071998,1.991,0.479927,-0.08814593,-0.8728691,0.3063447,0.9491491,0.07258757,0.8220846,-0.3022355,0.4825252,moving,49.15162,-32.50455,-3.615218,-5.941281
05/15/2023 12:31:40.659264,2320,True,True,True,True,Eyes,0.1707535,-0.03038053,-2.277326,0.7009556,-0.3847134,0.6005471,0.0,0.0,0.0,0.0,0.0,0.0,0.0,-2.059217,0.1180164,0.8676771,0.2098249,-0.02895881,-2.227622,0.1087514,0.5024126,-0.1149902,0.8500189,17.48322,60.37338,354.8141,0.06145119,-0.01458783,-0.9980032,0.09737378,0.01486576,0.2805577,1.688978,-0.8236837,-1.161072,-0.1300776,-0.2071999,1.991,0.4687178,-0.0862115,-0.879131,0.3047637,0.9499008,0.06933644,0.8291096,-0.3004265,0.4715095,moving,49.41152,-32.64382,-3.737981,-5.941282
05/15/2023 12:31:40.679194,2321,True,True,True,True,Eyes,0.1731974,-0.03059006,-2.274785,0.7038847,-0.3844441,0.5972847,0.0,0.0,0.0,0.0,0.0,0.0,0.0,-2.067951,0.1102352,0.8331691,0.2165655,-0.0298561,-2.221475,0.1080591,0.5079916,-0.1146916,0.8468257,17.42993,61.13816,354.9212,0.06278289,-0.01445935,-0.9979222,0.09153135,0.01397382,0.2637243,1.71241,-0.8141656,-1.170398,-0.1344478,-0.2072,1.991,0.4575808,-0.08446142,-0.8851475,0.3040338,0.9503382,0.06648959,0.8355735,-0.2995391,0.4605356,moving,49.68357,-32.76748,-3.86319,-5.941289
05/15/2023 12:31:40.689220,2322,True,True,True,True,Eyes,0.1758108,-0.03087881,-2.272121,0.7069069,-0.3843117,0.5937905,0.0,0.0,0.0,0.0,0.0,0.0,0.0,-2.0763,0.1000111,0.799136,0.2234488,-0.03176111,-2.215559,0.1063533,0.5135572,-0.1143773,0.8437216,17.27413,61.89121,354.9673,0.06409632,-0.01435427,-0.9978402,0.08603947,0.01313539,0.2479008,1.732429,-0.8119707,-1.181288,-0.1386883,-0.2072001,1.991,0.4463538,-0.08376808,-0.8909273,0.3022422,0.9512135,0.06198667,0.8422697,-0.2969437,0.449896,moving,49.97028,-32.91166,-3.98465,-5.941292
05/15/2023 12:31:40.708721,2323,True,True,True,True,Eyes,0.1785956,-0.0312268,-2.269316,0.7099044,-0.3842845,0.5902213,0.0,0.0,0.0,0.0,0.0,0.0,0.0,-2.083152,0.09713952,0.7671511,0.2301205,-0.03392914,-2.209835,0.107344,0.5181925,-0.1151718,0.8406481,17.44796,62.54033,355.0457,0.06540092,-0.01427382,-0.9977567,0.0808771,0.01234727,0.2330268,1.751786,-0.8110747,-1.191793,-0.1429505,-0.2071999,1.991,0.436424,-0.08238827,-0.895961,0.3048876,0.9504254,0.06111465,0.846509,-0.2998393,0.4399077,moving,50.25954,-33.06756,-4.106696,-5.941285
05/15/2023 12:31:40.729416,2324,True,True,True,True,Eyes,0.181579,-0.03163258,-2.266393,0.7129793,-0.3843253,0.5864764,0.0,0.0,0.0,0.0,0.0,0.0,0.0,-2.089028,0.09669126,0.7367983,0.2373385,-0.03575531,-2.204235,0.1095358,0.5221766,-0.1165344,0.8377072,17.77145,63.11202,355.1297,0.06670624,-0.01421823,-0.9976711,0.07602448,0.01160643,0.2190451,1.771908,-0.8077047,-1.201174,-0.1475838,-0.2072,1.991,0.4275026,-0.08084943,-0.9003916,0.3096375,0.9488433,0.06181464,0.8493328,-0.3052209,0.4306669,moving,50.56026,-33.23733,-4.239322,-5.941288
05/15/2023 12:31:40.739225,2325,True,True,True,True,Eyes,0.2608185,-0.04386258,-2.190802,0.7836854,-0.3834604,0.488667,0.0,0.0,0.0,0.0,0.0,0.0,0.0,-2.094437,0.09140021,0.7066922,0.2450722,-0.03753695,-2.198401,0.1098039,0.5263434,-0.1171253,0.8349776,17.85829,63.69406,355.1783,0.06802129,-0.01418765,-0.9975827,0.07146301,0.01091004,0.2059024,1.786129,-0.8153368,-1.210698,-0.1517301,-0.2072,1.991,0.4184886,-0.08000499,-0.9046915,0.3111832,0.9484496,0.06007124,0.8532482,-0.3066638,0.4218116,moving,58.0544,-38.12152,-4.357972,-5.941289
05/15/2023 12:31:40.759069,2326,True,True,True,True,Eyes,0.2611417,-0.04393014,-2.190588,0.7837551,-0.3836898,0.4883749,0.0,0.0,0.0,0.0,0.0,0.0,0.0,-2.099073,0.09085399,0.6783174,0.2527038,-0.04006496,-2.192946,0.1108913,0.5299802,-0.1174077,0.83249,18.00376,64.21822,355.2991,0.0732635,-0.01477944,-0.9972028,0.3048936,-0.02643456,0.4203209,1.797493,-0.8274342,-1.219083,-0.1560451,-0.2072001,1.991,0.4106728,-0.0779411,-0.9084454,0.3130218,0.9478371,0.06018423,0.8563675,-0.3090793,0.4136481,moving,58.07207,-38.15481,-4.481409,-5.94129
05/15/2023 12:31:40.781064,2327,True,True,True,True,Eyes,0.261803,-0.04404033,-2.190154,0.783897,-0.3839302,0.487958,0.0,0.0,0.0,0.0,0.0,0.0,0.0,-2.102708,0.09408232,0.6517287,0.2607878,-0.04170929,-2.187518,0.1136944,0.5328898,-0.1181848,0.8301412,18.34414,64.6624,355.4652,0.07778034,-0.01529395,-0.996853,0.2866,-0.02484849,0.3951016,1.812226,-0.831779,-1.225778,-0.1605445,-0.2072,1.991,0.4041216,-0.07504703,-0.9116215,0.3173934,0.9462118,0.0628058,0.8578736,-0.3147238,0.4062041,moving,58.09868,-38.19602,-4.610075,-5.941286
05/15/2023 12:31:40.789226,2328,True,True,True,True,Eyes,0.2627978,-0.04419161,-2.189522,0.7842176,-0.3841166,0.4872957,0.0,0.0,0.0,0.0,0.0,0.0,0.0,-2.106436,0.09223735,0.6246524,0.2696534,-0.04286781,-2.182023,0.1147172,0.536114,-0.1183039,0.8279046,18.46942,65.13369,355.5928,0.08187605,-0.01576206,-0.9965177,0.269404,-0.02335758,0.3713955,1.825242,-0.838998,-1.232235,-0.1646853,-0.2071998,1.991001,0.397172,-0.07288563,-0.9148454,0.3188916,0.9456883,0.06310106,0.8605594,-0.3167985,0.3988436,moving,58.14408,-38.24736,-4.728447,-5.941282
05/15/2023 12:31:40.809298,2329,True,True,True,True,Eyes,0.2641179,-0.04439263,-2.188705,0.7846864,-0.3841959,0.4864779,0.0,0.0,0.0,0.0,0.0,0.0,0.0,-2.109886,0.08786255,0.5980171,0.2786277,-0.04402059,-2.176555,0.1141909,0.5395111,-0.1174883,0.8258843,18.38432,65.61619,355.7184,0.08560897,-0.01619048,-0.996197,0.2532398,-0.02195613,0.3491118,1.834733,-0.8516927,-1.237669,-0.1690506,-0.2071999,1.991,0.3902486,-0.07084902,-0.9179797,0.317278,0.9463139,0.06184439,0.8643152,-0.3153894,0.3917764,moving,58.20255,-38.29992,-4.853193,-5.941286
05/15/2023 12:31:40.829017,2330,True,True,True,True,Eyes,0.2657719,-0.04462327,-2.187712,0.7852966,-0.3842472,0.4854518,0.0,0.0,0.0,0.0,0.0,0.0,0.0,-2.112817,0.08728516,0.5725408,0.2877283,-0.04545742,-2.171304,0.1144867,0.5424783,-0.1165011,0.8240375,18.36572,66.0528,355.904,0.08903115,-0.01658561,-0.9958906,0.2380454,-0.02063876,0.3281651,1.848056,-0.8569168,-1.242303,-0.1734683,-0.2072,1.991,0.3842896,-0.06778946,-0.9207205,0.3162156,0.9466406,0.06228399,0.8673692,-0.3150813,0.3852201,moving,58.27662,-38.36249,-4.97939,-5.941288
05/15/2023 12:31:40.839188,2331,True,True,True,True,Eyes,0.2677684,-0.04489031,-2.186571,0.7861083,-0.3840528,0.4842905,0.0,0.0,0.0,0.0,0.0,0.0,0.0,-2.115639,0.08442388,0.5469556,0.2973742,-0.04641062,-2.166017,0.1143297,0.5454773,-0.1155893,0.8222058,18.30696,66.48689,356.0531,0.09218984,-0.01695228,-0.9955969,0.2237626,-0.01940043,0.3084751,1.864364,-0.855442,-1.24615,-0.1777735,-0.2071999,1.991,0.3781875,-0.06534797,-0.9234197,0.3148049,0.9471357,0.06190237,0.8705585,-0.3141077,0.3787667,moving,58.36441,-38.41518,-5.102327,-5.941285
05/15/2023 12:31:40.859242,2332,True,True,True,True,Eyes,0.2700774,-0.04520741,-2.185285,0.7870813,-0.3838133,0.4828979,0.0,0.0,0.0,0.0,0.0,0.0,0.0,-2.118812,0.07935823,0.5203648,0.3073834,-0.04762153,-2.160946,0.1125871,0.5488855,-0.1136936,0.8204406,18.03221,66.96344,356.2034,0.09512767,-0.01729513,-0.9953146,0.2103369,-0.01823641,0.2899666,1.879207,-0.8565919,-1.249684,-0.1819797,-0.2072,1.991,0.3715971,-0.06296288,-0.9262565,0.3101525,0.9487959,0.05993247,0.8750548,-0.3095515,0.3720979,moving,58.46964,-38.47812,-5.222388,-5.941286
05/15/2023 12:31:40.879943,2333,True,True,True,True,Eyes,0.2726803,-0.04557702,-2.183841,0.7881624,-0.3836261,0.4812808,0.0,0.0,0.0,0.0,0.0,0.0,0.0,-2.122096,0.07788168,0.4923743,0.3171654,-0.04916152,-2.156103,0.1122509,0.5523331,-0.1122431,0.8183701,17.92167,67.46473,356.4019,0.09788139,-0.0176189,-0.9950418,0.1977167,-0.01714222,0.2725686,1.894818,-0.8558446,-1.252311,-0.1867064,-0.2071999,1.991,0.3646594,-0.05971298,-0.9292243,0.3077124,0.9496025,0.05973441,0.8788269,-0.3077166,0.3646559,moving,58.59023,-38.55814,-5.357255,-5.941285
05/15/2023 12:31:40.889163,2334,True,True,True,True,Eyes,0.2755637,-0.04598708,-2.182287,0.7893046,-0.3836012,0.479425,0.0,0.0,0.0,0.0,0.0,0.0,0.0,-2.125542,0.0804123,0.462912,0.3270633,-0.05087416,-2.15154,0.1135546,0.5557497,-0.1112203,0.8160134,17.99569,67.98606,356.6668,0.1004838,-0.01792806,-0.994777,0.1858537,-0.01611369,0.2562145,1.914453,-0.8485157,-1.255787,-0.1908009,-0.2072001,1.991,0.3575447,-0.05529869,-0.9322574,0.3077304,0.9494708,0.06170284,0.8817391,-0.3089455,0.3564954,moving,58.72543,-38.66426,-5.474036,-5.941292
05/15/2023 12:31:40.909122,2335,True,True,True,True,Eyes,0.2787171,-0.04641465,-2.180612,0.7904614,-0.3838488,0.4773163,0.0,0.0,0.0,0.0,0.0,0.0,0.0,-2.12856,0.08370923,0.4348762,0.3366676,-0.05222806,-2.147282,0.1157991,0.558799,-0.1109013,0.8136555,18.20298,68.46703,356.9193,0.1029634,-0.018226,-0.9945179,0.1747025,-0.01514687,0.2408416,1.932013,-0.8469338,-1.261173,-0.1950831,-0.2071999,1.991,0.3508892,-0.05105399,-0.9350243,0.3098877,0.9485829,0.06449816,0.8836552,-0.3123843,0.3486685,moving,58.87452,-38.80559,-5.596119,-5.941283
05/15/2023 12:31:40.929192,2336,True,True,True,True,Eyes,0.2821376,-0.04681316,-2.178833,0.7916416,-0.3842203,0.4750561,0.0,0.0,0.0,0.0,0.0,0.0,0.0,-2.131329,0.08114649,0.407874,0.3464558,-0.05305734,-2.143049,0.1179772,0.5616702,-0.1122638,0.8111749,18.51246,68.9099,357.0015,0.1053454,-0.01851475,-0.9942631,0.1642203,-0.01423805,0.2263911,1.947496,-0.8516802,-1.26851,-0.1995496,-0.2071998,1.991,0.3438467,-0.04960265,-0.9377147,0.3146598,0.9469564,0.06528978,0.8847365,-0.3175108,0.3412158,moving,59.03246,-38.96557,-5.723403,-5.941282
05/15/2023 12:31:40.939172,2337,True,True,True,True,Eyes,0.2858252,-0.04707311,-2.176958,0.7927614,-0.3847768,0.4727327,0.0,0.0,0.0,0.0,0.0,0.0,0.0,-2.133608,0.06932854,0.3831487,0.3562841,-0.05272612,-2.138731,0.1185023,0.5644749,-0.1146316,0.808817,18.72986,69.3068,356.8737,0.1076521,-0.01879397,-0.9940107,0.1543671,-0.01338377,0.2128077,1.96034,-0.8603318,-1.27598,-0.2037022,-0.2072,1.991001,0.3364554,-0.05164882,-0.940282,0.319215,0.9456337,0.06228,0.8859456,-0.3211066,0.3346506,moving,59.19189,-39.14357,-5.841688,-5.941285
05/15/2023 12:31:40.959596,2338,True,True,True,True,Eyes,0.2898015,-0.04717108,-2.174984,0.794065,-0.3851052,0.470271,0.0,0.0,0.0,0.0,0.0,0.0,0.0,-2.1356,0.04959781,0.3601965,0.3664185,-0.04963604,-2.134541,0.1184786,0.5671833,-0.1181461,0.8064165,18.97206,69.6714,356.5959,0.1099044,-0.01905847,-0.9937592,0.1451051,-0.01258074,0.2000392,1.971206,-0.8711072,-1.282056,-0.2081241,-0.2071999,1.991,0.3286892,-0.05615178,-0.9427674,0.324948,0.9440086,0.05706517,0.8867763,-0.3251072,0.3285319,moving,59.36461,-39.31407,-5.967595,-5.941285
05/15/2023 12:31:40.980025,2339,True,True,True,True,Eyes,0.2940253,-0.04718232,-2.172889,0.7956176,-0.3850874,0.4676541,0.0,0.0,0.0,0.0,0.0,0.0,0.0,-2.137777,0.02378319,0.3345075,0.3771407,-0.04594278,-2.130306,0.1155996,0.5708405,-0.1203801,0.8039194,18.86269,70.13505,356.2692,0.1121206,-0.01930231,-0.9935069,0.1363988,-0.0118259,0.1880368,1.982601,-0.8770149,-1.28564,-0.2123901,-0.2072001,1.991,0.3192993,-0.06157392,-0.9456515,0.3255297,0.9442907,0.04842982,0.8899879,-0.3233013,0.3215555,moving,59.55352,-39.46958,-6.089005,-5.941292
05/15/2023 12:31:40.988707,2340,True,True,True,True,Eyes,0.2984817,-0.04707855,-2.170707,0.7972491,-0.3850321,0.464913,0.0,0.0,0.0,0.0,0.0,0.0,0.0,-2.140139,-0.001329765,0.30191,0.3876525,-0.04397501,-2.125827,0.1082486,0.5763549,-0.1183255,0.8013093,18.05177,70.83089,356.0889,0.1143172,-0.0195238,-0.9932522,0.1282148,-0.01111635,0.1767546,1.993431,-0.8803545,-1.287952,-0.2167087,-0.2072001,1.991,0.3076285,-0.06485146,-0.949294,0.3144098,0.9485627,0.03708623,0.8980598,-0.3098761,0.3121948,moving,59.75155,-39.63091,-6.211855,-5.941291
05/15/2023 12:31:41.008873,2341,True,True,True,True,Eyes,0.3032127,-0.04681155,-2.168416,0.7989255,-0.3847162,0.4622894,0.0,0.0,0.0,0.0,0.0,0.0,0.0,-2.140785,-0.005229689,0.2786576,0.3976652,-0.04112224,-2.121511,0.1082,0.5789813,-0.116907,0.7996289,17.96365,71.22603,356.2827,0.1165071,-0.01971995,-0.9929938,0.1205219,-0.01044937,0.1661494,2.011097,-0.8716858,-1.29115,-0.2209835,-0.2072001,1.991,0.302227,-0.06167288,-0.9512389,0.3122559,0.949251,0.03766575,0.9006415,-0.3084136,0.3061469,moving,59.94466,-39.76715,-6.333405,-5.941289
05/15/2023 12:31:41.029399,2342,True,True,True,True,Eyes,0.3081945,-0.04646382,-2.166044,0.8009835,-0.3835916,0.4596552,0.0,0.0,0.0,0.0,0.0,0.0,0.0,-2.140817,-0.01442835,0.2568471,0.4089897,-0.03707328,-2.11675,0.1035367,0.5817804,-0.1125168,0.7988442,17.23787,71.59034,356.4406,0.1187043,-0.0198859,-0.9927302,0.1132906,-0.009822404,0.1561804,2.041238,-0.8428701,-1.298066,-0.2252892,-0.2071999,1.991,0.2977432,-0.0592956,-0.9528029,0.3002379,0.9532403,0.03449919,0.9062045,-0.2963394,0.3016236,moving,60.15006,-39.84568,-6.455775,-5.941285
05/15/2023 12:31:41.039519,2343,True,True,True,True,Eyes,0.3133759,-0.04611444,-2.163633,0.8029046,-0.3825851,0.4571353,0.0,0.0,0.0,0.0,0.0,0.0,0.0,-2.140999,-0.02631497,0.234845,0.4198966,-0.03497945,-2.112388,0.09447164,0.5850926,-0.105701,0.7984794,15.93562,71.97858,356.5269,0.1209201,-0.020021,-0.9924601,0.1064932,-0.009233059,0.1468096,2.056643,-0.8376762,-1.301029,-0.2299601,-0.2071998,1.991,0.2929881,-0.05825087,-0.9543401,0.2793494,0.9598048,0.02717753,0.9143971,-0.2745571,0.2974837,moving,60.34489,-39.92659,-6.588457,-5.94128
05/15/2023 12:31:41.059121,2344,True,True,True,True,Eyes,0.3187383,-0.04578634,-2.161175,0.8047076,-0.3819835,0.4544603,0.0,0.0,0.0,0.0,0.0,0.0,0.0,-2.141467,-0.02646331,0.212159,0.4296698,-0.03460921,-2.108501,0.09311209,0.5876292,-0.1029756,0.7971312,15.63262,72.34636,356.7414,0.1231616,-0.02012821,-0.9921822,0.1001036,-0.008679076,0.138001,2.081408,-0.8107305,-1.300558,-0.2338442,-0.2071999,1.991001,0.2881759,-0.05473942,-0.9560118,0.2736009,0.9614524,0.02742215,0.9176586,-0.2694681,0.2920442,moving,60.54432,-40.04776,-6.698735,-5.941284
05/15/2023 12:31:41.080384,2345,True,True,True,True,Eyes,0.3242531,-0.0454216,-2.158654,0.8060597,-0.3824332,0.4516776,0.0,0.0,0.0,0.0,0.0,0.0,0.0,-2.142016,-0.01831833,0.1896853,0.4393872,-0.03471237,-2.104823,0.09819429,0.589323,-0.1036169,0.7951856,16.15835,72.66969,357.0726,0.1254355,-0.02021131,-0.9918957,0.09409738,-0.008158332,0.129721,2.112796,-0.7666198,-1.298423,-0.2381817,-0.2071997,1.991001,0.2839239,-0.04905299,-0.9575914,0.2805256,0.9592428,0.03403772,0.9168929,-0.278293,0.2861126,moving,60.7358,-40.25443,-6.821825,-5.941278
05/15/2023 12:31:41.089355,2346,True,True,True,True,Eyes,0.3299423,-0.04495601,-2.15609,0.8072661,-0.3832693,0.4488054,0.0,0.0,0.0,0.0,0.0,0.0,0.0,-2.142236,-0.01154011,0.1671565,0.4487418,-0.03333284,-2.101135,0.1050733,0.5909168,-0.1057185,0.7928435,16.95107,73.00723,357.3961,0.1277461,-0.02027104,-0.9915994,0.08845154,-0.007668832,0.1219377,2.130094,-0.7570472,-1.300685,-0.2427141,-0.2072001,1.991001,0.2792819,-0.04345719,-0.9592254,0.2918156,0.9555664,0.04167175,0.9147925,-0.291555,0.2795539,moving,60.92781,-40.49655,-6.950382,-5.941289
05/15/2023 12:31:41.108810,2347,True,True,True,True,Eyes,0.3358163,-0.0444057,-2.153465,0.8083669,-0.3842696,0.4459594,0.0,0.0,0.0,0.0,0.0,0.0,0.0,-2.142051,-0.0110873,0.1485946,0.4586411,-0.03035623,-2.097454,0.1100849,0.5919978,-0.1076797,0.791091,17.55774,73.24563,357.5938,0.1300984,-0.02030509,-0.991293,0.08314445,-0.007208702,0.1146214,2.136521,-0.7754075,-1.305207,-0.2475153,-0.2071998,1.991001,0.2758874,-0.04002881,-0.9603561,0.300709,0.9525728,0.04668215,0.9129405,-0.3016667,0.2748399,moving,61.11539,-40.75047,-7.086483,-5.941279
05/15/2023 12:31:41.129270,2348,True,True,True,True,Eyes,0.3418587,-0.04383289,-2.150797,0.809638,-0.3848383,0.4431544,0.0,0.0,0.0,0.0,0.0,0.0,0.0,-2.141444,-0.01647617,0.1304797,0.4689922,-0.0276999,-2.093409,0.1085864,0.5937487,-0.10588,0.7902282,17.29841,73.48914,357.6954,0.1324968,-0.02031213,-0.9909751,0.07815578,-0.00677618,0.1077441,2.139424,-0.8008879,-1.312049,-0.2513791,-0.2071998,1.991,0.2725038,-0.03839275,-0.9613883,0.2962849,0.9539968,0.04588379,0.9153998,-0.2973484,0.2713429,moving,61.30596,-40.97127,-7.195956,-5.941281
05/15/2023 12:31:41.139607,2349,True,True,True,True,Eyes,0.4966222,-0.02963662,-2.083513,0.8372965,-0.3988423,0.3739779,0.0,0.0,0.0,0.0,0.0,0.0,0.0,-2.140907,-0.02121852,0.114363,0.4790335,-0.02667797,-2.089695,0.1044704,0.5954114,-0.1023294,0.7900001,16.67361,73.68276,357.77,0.1349449,-0.02029379,-0.990645,0.07346644,-0.006369609,0.1012795,2.14342,-0.8181075,-1.314236,-0.2558264,-0.2071999,1.991001,0.2700281,-0.03727486,-0.9621308,0.2860862,0.9572293,0.04320699,0.9193692,-0.2869194,0.2691426,moving,65.93211,-46.84278,-7.321891,-5.941282
05/15/2023 12:31:41.159216,2350,True,True,True,True,Eyes,0.4970206,-0.02960825,-2.083374,0.8373513,-0.3987825,0.373919,0.0,0.0,0.0,0.0,0.0,0.0,0.0,-2.140083,-0.02448031,0.1009264,0.4886338,-0.02628727,-2.085974,0.1026942,0.5963119,-0.1006866,0.7897648,16.39691,73.79453,357.8158,0.1469047,-0.01952963,-0.9889576,0.5333488,0.03660136,0.2970544,2.159305,-0.8074055,-1.312685,-0.2600272,-0.2072,1.991,0.2685489,-0.03656186,-0.962572,0.2815129,0.9586323,0.04212734,0.9212123,-0.2822896,0.2677323,moving,65.93687,-46.84299,-7.44079,-5.941287
05/15/2023 12:31:41.180666,2351,True,True,True,True,Eyes,0.4977894,-0.0295729,-2.083092,0.8373709,-0.398882,0.3737688,0.0,0.0,0.0,0.0,0.0,0.0,0.0,-2.139504,-0.03171703,0.08675766,0.498585,-0.02559082,-2.082491,0.1016812,0.5972533,-0.1007539,0.7891757,16.31033,73.91584,357.7568,0.156822,-0.01888715,-0.987446,0.5013478,0.03440528,0.2792311,2.178834,-0.7864183,-1.308429,-0.264367,-0.2072,1.991,0.2662745,-0.03756622,-0.963165,0.2804839,0.9590192,0.04013748,0.9221859,-0.2808399,0.2658991,moving,65.94593,-46.86161,-7.563549,-5.941287
05/15/2023 12:31:41.189128,2352,True,True,True,True,Eyes,0.4988894,-0.0295192,-2.082699,0.8374006,-0.3990878,0.3734827,0.0,0.0,0.0,0.0,0.0,0.0,0.0,-2.138781,-0.04214262,0.06926095,0.5083082,-0.02536927,-2.078926,0.09979334,0.5989482,-0.1010847,0.788089,16.16361,74.13257,357.626,0.1650928,-0.01834517,-0.9861072,0.471267,0.03234097,0.2624772,2.192306,-0.7771341,-1.303101,-0.2685995,-0.2071999,1.991,0.262086,-0.03978538,-0.964224,0.2788696,0.9596463,0.03620307,0.9238737,-0.278381,0.2626048,moving,65.96301,-46.89825,-7.683203,-5.941285
05/15/2023 12:31:41.208921,2353,True,True,True,True,Eyes,0.5003196,-0.02947555,-2.082171,0.8374406,-0.3994949,0.3729572,0.0,0.0,0.0,0.0,0.0,0.0,0.0,-2.138305,-0.04773307,0.05216134,0.5173542,-0.02484965,-2.075832,0.1007587,0.6003742,-0.1022408,0.7867308,16.33813,74.35432,357.6178,0.1720375,-0.01788549,-0.9849277,0.4429909,0.03040051,0.2467286,2.20384,-0.773195,-1.298428,-0.2730315,-0.2071999,1.991001,0.2581953,-0.03988618,-0.965269,0.2818578,0.958789,0.03577443,0.9240624,-0.2813055,0.2587971,moving,65.99403,-46.96764,-7.808429,-5.941283
05/15/2023 12:31:41.229190,2354,True,True,True,True,Eyes,0.5020477,-0.02944243,-2.081548,0.8375045,-0.4000438,0.3722246,0.0,0.0,0.0,0.0,0.0,0.0,0.0,-2.13781,-0.04919547,0.03059971,0.5268773,-0.02500458,-2.072526,0.1021821,0.6024234,-0.1025054,0.7849442,16.49418,74.68295,357.7402,0.17823,-0.01747618,-0.9838333,0.4164115,0.02857648,0.2319249,2.21725,-0.7674272,-1.296081,-0.2774251,-0.2071998,1.991001,0.2531573,-0.03780815,-0.966686,0.2840358,0.9581029,0.03691128,0.9247891,-0.2839178,0.2532896,moving,66.03749,-47.06306,-7.932491,-5.941282
05/15/2023 12:31:41.239364,2355,True,True,True,True,Eyes,0.5020477,-0.02944243,-2.081548,0.8375045,-0.4000438,0.3722246,0.0,0.0,0.0,0.0,0.0,0.0,0.0,-2.137429,-0.04658546,0.009804845,0.5357507,-0.02518906,-2.069591,0.104581,0.6043141,-0.1023793,0.7831895,16.71145,75.00949,357.9677,0.183881,-0.01710586,-0.9827993,0.3914268,0.02686189,0.2180094,2.226022,-0.7723529,-1.296042,-0.2817218,-0.2071998,1.991,0.2486458,-0.03396528,-0.9679988,0.2867643,0.9571626,0.04007491,0.9251712,-0.2875519,0.2477345,moving,66.03749,-47.06306,-8.053753,-5.941284
05/15/2023 12:31:41.259236,2356,True,True,True,True,Eyes,0.5020477,-0.02944243,-2.081548,0.8375045,-0.4000438,0.3722246,0.0,0.0,0.0,0.0,0.0,0.0,0.0,-2.136864,-0.04404876,-0.01076615,0.5445241,-0.0253337,-2.066663,0.1091339,0.6059363,-0.1038878,0.7811137,17.24095,75.33062,358.1976,0.1889617,-0.01677209,-0.9818408,0.3679412,0.02525018,0.2049288,2.236829,-0.7779834,-1.299216,-0.2861924,-0.2071999,1.991,0.2440971,-0.03004003,-0.9692855,0.2945528,0.9545942,0.0445931,0.9239348,-0.2963908,0.241862,moving,66.03749,-47.06306,-8.17984,-5.941285
05/15/2023 12:31:41.281249,2357,True,True,True,True,Eyes,0.5047724,-0.02941685,-2.080618,0.8376862,-0.4007595,0.3710441,0.0,0.0,0.0,0.0,0.0,0.0,0.0,-2.136305,-0.04558145,-0.03167439,0.5535374,-0.02532618,-2.063937,0.1115862,0.6078579,-0.1048462,0.7791436,17.5385,75.66296,358.3339,0.1935299,-0.0164713,-0.9809557,0.3458647,0.02373517,0.1926331,2.246129,-0.7861637,-1.303498,-0.2904525,-0.2072001,1.991,0.2390321,-0.0277233,-0.9706159,0.2990376,0.9531116,0.04642022,0.9238183,-0.3013466,0.2361146,moving,66.10957,-47.20488,-8.299919,-5.941291
05/15/2023 12:31:41.288914,2358,True,True,True,True,Eyes,0.5077533,-0.02938966,-2.079619,0.8379076,-0.4015451,0.3696924,0.0,0.0,0.0,0.0,0.0,0.0,0.0,-2.135375,-0.05039448,-0.0529151,0.5624228,-0.02518412,-2.061119,0.1130953,0.6100019,-0.1059569,0.7770973,17.76057,76.011,358.3934,0.1977692,-0.01619934,-0.9801144,0.3251128,0.02231106,0.1810751,2.251045,-0.8043788,-1.308441,-0.2949746,-0.2072001,1.991001,0.2333418,-0.02670101,-0.972028,0.3026544,0.9519652,0.04650429,0.9240952,-0.30504,0.2302144,moving,66.1925,-47.36502,-8.427295,-5.941288
05/15/2023 12:31:41.309085,2359,True,True,True,True,Eyes,0.5109825,-0.02936491,-2.078566,0.8383421,-0.4018249,0.3684009,0.0,0.0,0.0,0.0,0.0,0.0,0.0,-2.13434,-0.05807744,-0.07469034,0.5715427,-0.02509658,-2.058414,0.1137464,0.6123314,-0.1072112,0.7749953,17.91487,76.37009,358.3815,0.2017245,-0.0159533,-0.9793121,0.305606,0.02097239,0.1702106,2.259407,-0.8145002,-1.313149,-0.2990907,-0.2072,1.991001,0.2271118,-0.02687531,-0.9734978,0.3054774,0.951135,0.04500828,0.9247183,-0.3076035,0.2242238,moving,66.2774,-47.48479,-8.543166,-5.941285
05/15/2023 12:31:41.329128,2360,True,True,True,True,Eyes,0.5144499,-0.02935879,-2.077454,0.8388931,-0.4020401,0.366909,0.0,0.0,0.0,0.0,0.0,0.0,0.0,-2.132869,-0.06704208,-0.09754741,0.5806019,-0.02514859,-2.05558,0.1128507,0.6150427,-0.1076925,0.7729098,17.87358,76.76014,358.3348,0.2054363,-0.01573073,-0.9785438,0.2872697,0.01971405,0.159998,2.268743,-0.8216593,-1.317286,-0.3036049,-0.2072,1.991,0.2202494,-0.02765716,-0.9750515,0.3052892,0.9513341,0.04197584,0.9264388,-0.3069178,0.2179742,moving,66.37674,-47.61586,-8.670168,-5.941289
05/15/2023 12:31:41.339620,2361,True,True,True,True,Eyes,0.5181445,-0.02939199,-2.076283,0.8397,-0.4018562,0.3652607,0.0,0.0,0.0,0.0,0.0,0.0,0.0,-2.131346,-0.07519571,-0.1224169,0.5897628,-0.02560189,-2.052998,0.1117303,0.618106,-0.1078163,0.7706082,17.78731,77.20217,358.3122,0.2089404,-0.01553018,-0.9778048,0.2700335,0.01853121,0.1503981,2.279469,-0.8263395,-1.321723,-0.3077429,-0.2072002,1.990999,0.2126413,-0.0280459,-0.9767277,0.3042906,0.9517839,0.0389168,0.9285423,-0.3054844,0.2109227,moving,66.49146,-47.73124,-8.786509,-5.941297
05/15/2023 12:31:41.359694,2362,True,True,True,True,Eyes,0.5220518,-0.02946414,-2.075043,0.8405972,-0.4016806,0.3633856,0.0,0.0,0.0,0.0,0.0,0.0,0.0,-2.129397,-0.07940655,-0.1493417,0.5988808,-0.02654408,-2.050262,0.1110007,0.6214319,-0.1071691,0.7681252,17.68126,77.69781,358.3954,0.2122683,-0.0153513,-0.9770906,0.2538315,0.01741933,0.1413742,2.293156,-0.8247077,-1.326024,-0.3120514,-0.2071998,1.991,0.2046744,-0.02667972,-0.9784666,0.3025973,0.9523872,0.03732836,0.9308832,-0.3037215,0.2030025,moving,66.62144,-47.86552,-8.907557,-5.941282
05/15/2023 12:31:41.379330,2363,True,True,True,True,Eyes,0.5261717,-0.02957603,-2.073756,0.8416268,-0.4012595,0.3614624,0.0,0.0,0.0,0.0,0.0,0.0,0.0,-2.126972,-0.08253434,-0.1757196,0.6078735,-0.02755292,-2.047298,0.111005,0.6245715,-0.1067849,0.7656274,17.65992,78.18048,358.5054,0.2154482,-0.01519376,-0.9763968,0.2386016,0.01637417,0.1328918,2.308167,-0.8221582,-1.332103,-0.3163743,-0.2072001,1.991,0.1970148,-0.02485389,-0.9800855,0.302176,0.9525498,0.0365872,0.9326708,-0.3033665,0.1951766,moving,66.75741,-47.98685,-9.028937,-5.941291
05/15/2023 12:31:41.389521,2364,True,True,True,True,Eyes,0.5305001,-0.02972758,-2.07241,0.8427453,-0.4008268,0.3593304,0.0,0.0,0.0,0.0,0.0,0.0,0.0,-2.124312,-0.08873288,-0.201625,0.6169978,-0.02859543,-2.044437,0.1104017,0.6276949,-0.1068788,0.7631433,17.61859,78.64687,358.5252,0.2185044,-0.01505732,-0.9757196,0.2242855,0.01539172,0.1249183,2.32393,-0.8200318,-1.340016,-0.3207092,-0.2071999,1.991,0.189152,-0.02453054,-0.9816414,0.3017248,0.9527768,0.03433003,0.9344431,-0.3026792,0.1876211,moving,66.90754,-48.12463,-9.150568,-5.941285
05/15/2023 12:31:41.409000,2365,True,True,True,True,Eyes,0.5350365,-0.0299111,-2.071016,0.8437397,-0.4003696,0.3575019,0.0,0.0,0.0,0.0,0.0,0.0,0.0,-2.121229,-0.09773089,-0.22853,0.6263149,-0.02970499,-2.041626,0.1093625,0.6310338,-0.1074392,0.760456,17.57333,79.1366,358.4743,0.2214595,-0.0149417,-0.9750549,0.2108284,0.01446822,0.1174232,2.338164,-0.8208444,-1.347671,-0.3250853,-0.2071997,1.991001,0.1805064,-0.02538278,-0.9832463,0.3014284,0.9529933,0.03073511,0.9362471,-0.3019263,0.1796725,moving,67.03709,-48.23738,-9.273272,-5.941278
05/15/2023 12:31:41.429201,2366,True,True,True,True,Eyes,0.5397799,-0.03014626,-2.069561,0.8448865,-0.3998243,0.3553976,0.0,0.0,0.0,0.0,0.0,0.0,0.0,-2.117328,-0.1099354,-0.2571594,0.6357918,-0.03064053,-2.038657,0.108097,0.6347095,-0.1086213,0.7574037,17.55565,79.67292,358.358,0.2243334,-0.01484633,-0.9743991,0.1981787,0.01360013,0.1103778,2.352612,-0.8205597,-1.354451,-0.3295967,-0.2071999,1.991,0.1706904,-0.02731991,-0.984946,0.3017606,0.953033,0.02586021,0.9379795,-0.301632,0.1709177,moving,67.18617,-48.3666,-9.399685,-5.941284
05/15/2023 12:31:41.439212,2367,True,True,True,True,Eyes,0.5447119,-0.03044018,-2.068074,0.8459883,-0.3992924,0.3533687,0.0,0.0,0.0,0.0,0.0,0.0,0.0,-2.112698,-0.1207561,-0.2888455,0.6454803,-0.0321378,-2.035639,0.1059235,0.638938,-0.1088854,0.7541104,17.39143,80.28233,358.2666,0.2271435,-0.01477161,-0.973749,0.186288,0.01278412,0.1037551,2.367689,-0.8198299,-1.362143,-0.3337146,-0.2071998,1.991001,0.1598044,-0.02886621,-0.9867266,0.2995803,0.9538484,0.02061388,0.9405926,-0.298898,0.1610768,moving,67.32973,-48.49158,-9.514984,-5.941279
05/15/2023 12:31:41.461115,2368,True,True,True,True,Eyes,0.5498338,-0.03079036,-2.066517,0.8471587,-0.398836,0.3510726,0.0,0.0,0.0,0.0,0.0,0.0,0.0,-2.107502,-0.1298234,-0.319918,0.6547593,-0.03385064,-2.032464,0.1050604,0.6429579,-0.109617,0.7507006,17.3793,80.88802,358.2298,0.2299054,-0.01471819,-0.9731014,0.1751107,0.01201707,0.0975298,2.383072,-0.8194211,-1.370695,-0.3381132,-0.2071997,1.991001,0.1491783,-0.02948037,-0.9883707,0.2996779,0.9538929,0.01677944,0.9423051,-0.298696,0.1511348,moving,67.49031,-48.64438,-9.638059,-5.941276
05/15/2023 12:31:41.461115,2369,True,True,True,True,Eyes,0.5551482,-0.03119428,-2.064903,0.8482477,-0.398449,0.3488758,0.0,0.0,0.0,0.0,0.0,0.0,0.0,-2.101966,-0.1383941,-0.3502028,0.6644448,-0.03553945,-2.029114,0.1049416,0.6466823,-0.1106769,0.7473553,17.45778,81.46493,358.2157,0.2326329,-0.01468661,-0.9724535,0.164604,0.01129605,0.09167801,2.401403,-0.8149962,-1.381309,-0.3424426,-0.2072001,1.991001,0.1391052,-0.02970223,-0.9898322,0.3011577,0.9534758,0.01371166,0.9433738,-0.3000029,0.1415785,moving,67.64313,-48.79511,-9.759113,-5.941288
05/15/2023 12:31:41.492499,2370,True,True,True,True,Eyes,0.5606548,-0.03163971,-2.06322,0.8493837,-0.3981491,0.3464459,0.0,0.0,0.0,0.0,0.0,0.0,0.0,-2.096348,-0.1456465,-0.3792163,0.6743167,-0.03726028,-2.025735,0.104275,0.6501763,-0.1111058,0.7443473,17.44021,81.99881,358.2095,0.2353383,-0.01467719,-0.9718024,0.1547278,0.01061829,0.08617733,2.417078,-0.8159809,-1.392385,-0.3466777,-0.2072003,1.990999,0.1298523,-0.02980832,-0.9910853,0.3009969,0.9535645,0.01075692,0.944743,-0.2997104,0.1327948,moving,67.81047,-48.97213,-9.877453,-5.941298
05/15/2023 12:31:41.509184,2371,True,True,True,True,Eyes,0.7031958,-0.04416119,-2.019408,0.8744439,-0.3914745,0.2865234,0.0,0.0,0.0,0.0,0.0,0.0,0.0,-2.090088,-0.1570435,-0.4081634,0.684472,-0.03859954,-2.022309,0.104081,0.6536266,-0.1128074,0.7410898,17.56182,82.53416,358.1282,0.2380326,-0.01468966,-0.9711457,0.1454441,0.009981188,0.08100668,2.431469,-0.8199783,-1.402591,-0.3510514,-0.2071999,1.991,0.1200936,-0.03114063,-0.9922741,0.3032611,0.9528832,0.006798852,0.9453097,-0.3017346,0.1238789,moving,71.85792,-53.7993,-9.999564,-5.941284
05/15/2023 12:31:41.529458,2372,True,True,True,True,Eyes,0.7036026,-0.04422691,-2.019273,0.8745304,-0.3915623,0.286139,2.02007,2.470215,-0.8352101,-1.441252,-0.4234205,-0.5384692,-0.728537,-0.3537695,-0.2168503,1.986177,0.6948637,-0.04044016,-2.018785,0.103164,0.657501,-0.1138217,0.7376276,17.56989,83.12621,358.0611,0.2492034,-0.01539218,-0.9683284,0.5643402,-0.02818211,0.2075831,2.446791,-0.8209697,-1.411389,-0.3553478,-0.2071997,1.991,0.109474,-0.03225517,-0.9934663,0.3035769,0.9528036,0.002517431,0.9464971,-0.3018689,0.1140992,moving,71.88234,-53.84207,-10.11943,-5.941279
05/15/2023 12:31:41.538975,2373,True,True,True,True,Eyes,0.7044249,-0.04435416,-2.019036,0.8745726,-0.3917737,0.2857203,2.02659,2.476825,-0.8383189,-1.439998,-0.9266987,-0.3493702,0.1384555,-0.3718694,-0.2164364,1.979644,0.7050293,-0.0421482,-2.015301,0.1036345,0.6613292,-0.1148137,0.7339765,17.6974,83.74441,358.1071,0.2584397,-0.01598517,-0.9658947,0.5304798,-0.02649118,0.1951281,2.460526,-0.825583,-1.419954,-0.359901,-0.2071998,1.991001,0.09892308,-0.03146801,-0.9945975,0.3056141,0.9521554,0.0002713461,0.9470029,-0.3039899,0.1038072,moving,71.90793,-53.89676,-10.24636,-5.941281
05/15/2023 12:31:41.559195,2374,True,True,True,True,Eyes,0.705646,-0.04454705,-2.018659,0.874734,-0.3919712,0.2849543,2.024543,2.476583,-0.8381096,-1.441757,-0.9419471,-0.3350931,0.02117288,-0.3877378,-0.2161338,1.964516,0.7157565,-0.04373641,-2.011705,0.104214,0.6651233,-0.1152258,0.7303928,17.78903,84.36471,358.2132,0.2661215,-0.01649095,-0.963798,0.498651,-0.02490171,0.1834204,2.47657,-0.8271353,-1.430332,-0.3641831,-0.2071998,1.991001,0.08866782,-0.02968979,-0.9956188,0.3069504,0.9517249,-0.001044436,0.9475862,-0.3055129,0.0935007,moving,71.95641,-53.98368,-10.36564,-5.94128
05/15/2023 12:31:41.579584,2375,True,True,True,True,Eyes,0.707254,-0.04479387,-2.018186,0.8748667,-0.3921836,0.2842541,0.0,0.0,0.0,0.0,0.0,0.0,0.0,-2.059489,-0.1841514,-0.5348475,0.7265654,-0.04551339,-2.007859,0.1040081,0.6687841,-0.1149291,0.7271186,17.75684,84.95068,358.3142,0.2725589,-0.01692821,-0.9619898,0.4687319,-0.02340761,0.1724152,2.490727,-0.8330799,-1.442079,-0.3685892,-0.2071998,1.991001,0.07903825,-0.02801622,-0.9964778,0.3062522,0.9519473,-0.002473037,0.9486636,-0.304978,0.0838203,moving,72.00043,-54.06545,-10.48829,-5.941278
05/15/2023 12:31:41.589796,2376,True,True,True,True,Eyes,0.709239,-0.04509203,-2.017573,0.8750576,-0.3924367,0.2833154,0.0,0.0,0.0,0.0,0.0,0.0,0.0,-2.051263,-0.1923589,-0.5634233,0.7373924,-0.04703198,-2.004038,0.10398,0.6719964,-0.1158678,0.7240053,17.83577,85.46802,358.3127,0.2784171,-0.01733263,-0.9603035,0.440608,-0.02200315,0.1620703,2.505758,-0.838146,-1.454308,-0.3726537,-0.2071999,1.991,0.06999093,-0.02802945,-0.9971539,0.3075262,0.9515256,-0.005161355,0.9489622,-0.3062896,0.07521795,moving,72.05972,-54.17301,-10.60134,-5.941284
05/15/2023 12:31:41.609105,2377,True,True,True,True,Eyes,0.7115921,-0.04545812,-2.016852,0.8752594,-0.3926586,0.2823831,0.0,0.0,0.0,0.0,0.0,0.0,0.0,-2.042977,-0.2031057,-0.5896009,0.7484562,-0.04854356,-2.000022,0.1036088,0.6748004,-0.1173671,0.7212037,17.9294,85.91243,358.2256,0.2837735,-0.01771001,-0.9587274,0.4141715,-0.02068296,0.1523461,2.522102,-0.8394059,-1.464787,-0.3770015,-0.2071998,1.991001,0.06173874,-0.02946074,-0.9976575,0.3091217,0.9509804,-0.008952721,0.9490165,-0.3078448,0.0678193,moving,72.11886,-54.27795,-10.72217,-5.941281
05/15/2023 12:31:41.629201,2378,True,True,True,True,Eyes,0.7142907,-0.04588745,-2.015999,0.8754633,-0.3930165,0.2812511,0.0,0.0,0.0,0.0,0.0,0.0,0.0,-2.034547,-0.2129705,-0.6159871,0.7596406,-0.05050369,-1.996139,0.1027526,0.6776368,-0.1185011,0.7184761,17.95391,86.35368,358.1312,0.2886968,-0.0180663,-0.9572498,0.3893213,-0.01944199,0.1432053,2.536353,-0.8433169,-1.472769,-0.381527,-0.2071999,1.991001,0.05353179,-0.03102244,-0.9980842,0.3095382,0.9507987,-0.01295076,0.9493791,-0.3082519,0.06050061,moving,72.18988,-54.41167,-10.84784,-5.941282
05/15/2023 12:31:41.639397,2379,True,True,True,True,Eyes,0.7173319,-0.04636215,-2.01497,0.8756281,-0.3934798,0.2800875,0.0,0.0,0.0,0.0,0.0,0.0,0.0,-2.026197,-0.2239383,-0.6398357,0.7706742,-0.05241124,-1.992065,0.1034504,0.6799422,-0.1207439,0.7158197,18.19797,86.74418,358.0587,0.2932473,-0.01840662,-0.955859,0.365962,-0.01827547,0.134613,2.550077,-0.8471388,-1.478204,-0.3858396,-0.2071998,1.991001,0.04619895,-0.03218117,-0.9984139,0.3135422,0.9494379,-0.01609419,0.9484499,-0.3123013,0.05395322,moving,72.26206,-54.55591,-10.9675,-5.94128
05/15/2023 12:31:41.659051,2380,True,True,True,True,Eyes,0.7207066,-0.04684029,-2.013822,0.875786,-0.3940869,0.2787373,0.0,0.0,0.0,0.0,0.0,0.0,0.0,-2.017713,-0.2371303,-0.6628219,0.7820566,-0.05395761,-1.988015,0.1045967,0.682052,-0.1236525,0.7131442,18.53355,87.11452,357.9641,0.2974802,-0.0187348,-0.9545437,0.3440043,-0.01717894,0.1265362,2.564831,-0.8491345,-1.483566,-0.3901804,-0.2072,1.991,0.0390302,-0.03368335,-0.9986702,0.3190449,0.9475392,-0.01948982,0.9469356,-0.3178599,0.04772913,moving,72.34524,-54.72827,-11.08785,-5.941286
05/15/2023 12:31:41.678908,2381,True,True,True,True,Eyes,0.7244069,-0.0473233,-2.012568,0.8759667,-0.39469,0.2773121,0.0,0.0,0.0,0.0,0.0,0.0,0.0,-2.008813,-0.2503319,-0.686069,0.7934716,-0.05447614,-1.983966,0.1054247,0.6842868,-0.1261044,0.7104471,18.80694,87.50098,357.8871,0.3014437,-0.01905227,-0.9532931,0.323364,-0.0161482,0.118944,2.575847,-0.8582313,-1.487442,-0.3944932,-0.2071997,1.991001,0.03169853,-0.03489953,-0.998888,0.3234624,0.9459666,-0.02278584,0.9457099,-0.3223804,0.04127441,moving,72.43333,-54.90784,-11.20732,-5.941278
05/15/2023 12:31:41.689921,2382,True,True,True,True,Eyes,0.7284139,-0.04782024,-2.011206,0.8762139,-0.3953183,0.2756311,0.0,0.0,0.0,0.0,0.0,0.0,0.0,-1.999138,-0.2617488,-0.7119055,0.8050385,-0.05503054,-1.98009,0.1058472,0.6869789,-0.127791,0.7074786,18.9867,87.95683,357.8552,0.30518,-0.01936034,-0.9520974,0.3039622,-0.01517931,0.1118074,2.58573,-0.8697102,-1.490576,-0.3989031,-0.2071995,1.991,0.02345895,-0.03538921,-0.9990984,0.3262483,0.9449317,-0.02581018,0.9449931,-0.3253486,0.03371279,moving,72.53796,-55.11431,-11.32938,-5.941273
05/15/2023 12:31:41.708777,2383,True,True,True,True,Eyes,0.7327091,-0.04820761,-2.009736,0.8764046,-0.3961079,0.2738857,0.0,0.0,0.0,0.0,0.0,0.0,0.0,-1.988887,-0.2681325,-0.739531,0.8164325,-0.05585727,-1.976054,0.1060866,0.6899645,-0.1281209,0.7044712,19.04239,88.46091,357.9313,0.3087267,-0.01966061,-0.9509471,0.2857244,-0.01426855,0.1050989,2.59658,-0.8782705,-1.49438,-0.4031355,-0.2071997,1.991,0.01506798,-0.03412294,-0.9993042,0.326907,0.9446613,-0.02732778,0.9449365,-0.3262677,0.02538919,moving,72.64543,-55.33838,-11.44643,-5.941279
05/15/2023 12:31:41.728825,2384,True,True,True,True,Eyes,0.7373432,-0.04842496,-2.008171,0.8767245,-0.3967211,0.271968,0.0,0.0,0.0,0.0,0.0,0.0,0.0,-1.979953,-0.2799342,-0.7610235,0.8277051,-0.05357173,-1.97225,0.1084525,0.6919436,-0.1301485,0.7017931,19.41046,88.85152,358.0199,0.3121163,-0.01994876,-0.949834,0.268581,-0.01341244,0.09879301,2.609357,-0.8841619,-1.500303,-0.407685,-0.2072,1.991001,0.008550601,-0.03258868,-0.9994323,0.3327607,0.9425988,-0.02788852,0.9429727,-0.3323333,0.01890405,moving,72.76563,-55.56782,-11.57214,-5.941285
05/15/2023 12:31:41.739535,2385,True,True,True,True,Eyes,0.7422949,-0.04867266,-2.006491,0.8775363,-0.3963683,0.2698562,0.0,0.0,0.0,0.0,0.0,0.0,0.0,-1.968938,-0.2970524,-0.786328,0.8404824,-0.04972714,-1.968345,0.1055214,0.6948872,-0.1307047,0.6992234,19.2212,89.2722,357.807,0.3153804,-0.02021806,-0.9487495,0.2524661,-0.01260769,0.09286543,2.623862,-0.8871394,-1.508361,-0.4117673,-0.2071997,1.991001,9.606854e-05,-0.0361327,-0.9993471,0.3294345,0.943563,-0.03408406,0.9441785,-0.3292161,0.01199405,moving,72.90652,-55.75211,-11.68484,-5.941277
05/15/2023 12:31:41.759389,2386,True,True,True,True,Eyes,0.7474399,-0.04888922,-2.004728,0.8782617,-0.3962802,0.2676162,0.0,0.0,0.0,0.0,0.0,0.0,0.0,-1.955178,-0.2935808,-0.8249698,0.8529841,-0.05092761,-1.964513,0.09614176,0.7001426,-0.1244575,0.6964679,17.9505,89.93289,357.6664,0.3185463,-0.02047179,-0.9476858,0.2373181,-0.01185123,0.08729351,2.632658,-0.8969936,-1.512965,-0.4161041,-0.2071998,1.991001,-0.01137869,-0.03873537,-0.9991848,0.3079871,0.9505342,-0.04035664,0.9513226,-0.3081952,0.001114195,moving,73.05344,-55.96804,-11.80447,-5.941278
05/15/2023 12:31:41.778971,2387,True,True,True,True,Eyes,0.752915,-0.04894956,-2.002869,0.8788937,-0.3963692,0.2654005,0.0,0.0,0.0,0.0,0.0,0.0,0.0,-1.947165,-0.2982589,-0.8431851,0.8627967,-0.05035247,-1.960719,0.09920803,0.7016093,-0.1255988,0.6943537,18.30128,90.2532,357.8747,0.321633,-0.02071007,-0.9466375,0.2230791,-0.01114016,0.0820559,2.652043,-0.8855034,-1.517027,-0.4206512,-0.2071998,1.991001,-0.01606142,-0.0352095,-0.9992509,0.3136306,0.9487654,-0.03847169,0.9494092,-0.3140136,-0.00419569,moving,73.1972,-56.19456,-11.9298,-5.941281
05/15/2023 12:31:41.794447,2388,True,True,True,True,Eyes,0.7586995,-0.04892188,-2.000952,0.8799298,-0.3956321,0.2630566,0.0,0.0,0.0,0.0,0.0,0.0,0.0,-1.939757,-0.3102088,-0.8612437,0.8762251,-0.04667379,-1.957211,0.1011579,0.7027296,-0.1271536,0.6926545,18.59303,90.49109,357.9458,0.3246633,-0.02092711,-0.9455978,0.2096943,-0.01047175,0.07713255,2.688087,-0.8450368,-1.529392,-0.4248869,-0.2071999,1.991001,-0.01999395,-0.03397363,-0.9992229,0.3183203,0.947198,-0.03857422,0.9477724,-0.3188442,-0.008123817,moving,73.35587,-56.37999,-12.04643,-5.941283
05/15/2023 12:31:41.809136,2389,True,True,True,True,Eyes,0.7646686,-0.04892933,-1.998979,0.8809409,-0.3948864,0.2607829,0.0,0.0,0.0,0.0,0.0,0.0,0.0,-1.930417,-0.3029127,-0.8900378,0.8893567,-0.04471824,-1.953837,0.09222312,0.706097,-0.1200724,0.6917403,17.28677,90.84949,357.8464,0.3276567,-0.02112089,-0.9445603,0.1971126,-0.009843444,0.07250459,2.69498,-0.8570251,-1.532209,-0.4292138,-0.2072001,1.990999,-0.02598076,-0.03588094,-0.9990184,0.2963548,0.954155,-0.04197671,0.9547246,-0.2971545,-0.01415617,moving,73.50979,-56.55924,-12.16548,-5.941294
05/15/2023 12:31:41.829302,2390,True,True,True,True,Eyes,0.7709134,-0.04897403,-1.997038,0.8816532,-0.3947966,0.2585019,0.0,0.0,0.0,0.0,0.0,0.0,0.0,-1.924624,-0.3041787,-0.9105394,0.901433,-0.04583678,-1.952204,0.09155841,0.7076817,-0.1192497,0.6903502,17.16931,91.10303,357.8971,0.3306248,-0.02129532,-0.9435217,0.1852859,-0.009252837,0.06815432,2.705954,-0.8630207,-1.532121,-0.4336094,-0.2072,1.991,-0.03006753,-0.03505971,-0.998933,0.2942365,0.9547932,-0.04236691,0.9552597,-0.2951964,-0.01839245,moving,73.6588,-56.78433,-12.2863,-5.941288
05/15/2023 12:31:41.839511,2391,True,True,True,True,Eyes,0.7774422,-0.04895992,-1.995091,0.8821557,-0.3951427,0.2562492,0.0,0.0,0.0,0.0,0.0,0.0,0.0,-1.921139,-0.3179533,-0.9234924,0.9143569,-0.04663894,-1.951021,0.09837501,0.7075559,-0.124199,0.6886666,18.13461,91.24364,358.0793,0.3335807,-0.02145395,-0.942477,0.1741687,-0.008697666,0.06406506,2.740184,-0.8183442,-1.535927,-0.4378279,-0.2072,1.991001,-0.03212149,-0.03185171,-0.9989765,0.310275,0.9497939,-0.04026024,0.9501042,-0.3112506,-0.02062596,moving,73.80244,-57.03667,-12.40214,-5.941285
05/15/2023 12:31:41.859294,2392,True,True,True,True,Eyes,0.7841597,-0.04886874,-1.993125,0.882589,-0.3956163,0.2540166,0.0,0.0,0.0,0.0,0.0,0.0,0.0,-1.915445,-0.3292148,-0.9375141,0.9260395,-0.0449502,-1.948505,0.1014415,0.7081226,-0.1265831,0.6872036,18.58401,91.418,358.1675,0.3365366,-0.02159547,-0.9414223,0.1637186,-0.008175806,0.06022116,2.755685,-0.8159037,-1.538349,-0.4421679,-0.2071998,1.991001,-0.03492181,-0.03031075,-0.9989303,0.3176428,0.9473726,-0.03985086,0.9475672,-0.3186947,-0.02345592,moving,73.94374,-57.29637,-12.52122,-5.941281
05/15/2023 12:31:41.879090,2393,True,True,True,True,Eyes,0.7910798,-0.04870996,-1.991119,0.8829468,-0.3962253,0.2518145,0.0,0.0,0.0,0.0,0.0,0.0,0.0,-1.909215,-0.3452405,-0.9503918,0.9373001,-0.04297213,-1.946063,0.1019695,0.7087989,-0.1292168,0.685937,18.84848,91.54929,358.0188,0.3395005,-0.02171794,-0.9403548,0.1538955,-0.007685258,0.05660789,2.75607,-0.8489126,-1.537647,-0.4465557,-0.2071996,1.991002,-0.03818567,-0.03271743,-0.998735,0.3218207,0.9458106,-0.04328814,0.9460304,-0.3230666,-0.02558732,moving,74.08197,-57.56267,-12.64149,-5.941273
05/15/2023 12:31:41.889252,2394,True,True,True,True,Eyes,0.9689074,-0.04343869,-1.941191,0.8924013,-0.4070319,0.1947947,2.033773,2.783849,-0.8712494,-1.545022,0.01830037,-0.2775411,-0.9605395,-0.4452054,-0.2103429,1.993014,0.9490765,-0.04121564,-1.944033,0.1008077,0.7098142,-0.1317601,0.6845737,18.96987,91.69646,357.7402,0.3424795,-0.02182005,-0.9392716,0.1446618,-0.007224142,0.05321141,2.762571,-0.862105,-1.536698,-0.4507334,-0.2071998,1.991001,-0.04239378,-0.03728946,-0.9984049,0.3235084,0.9449542,-0.04902977,0.9452751,-0.3250709,-0.02799672,moving,77.68653,-64.42546,-12.75591,-5.941279
05/15/2023 12:31:41.908927,2395,True,True,True,True,Eyes,0.9693735,-0.04338364,-1.941106,0.8924645,-0.4069358,0.1947058,0.0,0.0,0.0,0.0,0.0,0.0,0.0,-1.894216,-0.3736106,-0.9845078,0.9608036,-0.03978218,-1.942207,0.09850053,0.7116434,-0.1319329,0.6829752,18.8036,91.954,357.5771,0.3575878,-0.02158237,-0.9336299,0.6694647,0.009023119,0.199804,2.771547,-0.8672771,-1.533435,-0.4551786,-0.2071997,1.991001,-0.04768523,-0.04001923,-0.9980605,0.3204082,0.9457828,-0.05323145,0.9460787,-0.3223251,-0.0322773,moving,77.69283,-64.43037,-12.87754,-5.941277
05/15/2023 12:31:41.929103,2396,True,True,True,True,Eyes,0.9702936,-0.04327054,-1.940978,0.8926307,-0.4067355,0.1943624,0.0,0.0,0.0,0.0,0.0,0.0,0.0,-1.886523,-0.3778955,-1.005835,0.9724154,-0.0384741,-1.940722,0.09708492,0.7136615,-0.130964,0.6812564,18.615,92.26637,357.5889,0.3698789,-0.02138099,-0.9288335,0.6292968,0.008481732,0.1878158,2.783579,-0.8670821,-1.530598,-0.4597507,-0.2071997,1.991,-0.05292836,-0.03986862,-0.9978021,0.3170116,0.9468459,-0.05464845,0.9469436,-0.3192073,-0.03747621,moving,77.71609,-64.45876,-13.00251,-5.94128
05/15/2023 12:31:41.938986,2397,True,True,True,True,Eyes,0.9716423,-0.04312722,-1.94076,0.8928553,-0.406529,0.1937618,0.0,0.0,0.0,0.0,0.0,0.0,0.0,-1.87765,-0.3808019,-1.030105,0.9842079,-0.03699271,-1.939501,0.09595177,0.7161509,-0.1296237,0.6790574,18.41961,92.66763,357.6676,0.3799163,-0.02120761,-0.9247774,0.591539,0.007972828,0.1765468,2.800171,-0.8589391,-1.532605,-0.4637362,-0.2071998,1.991,-0.05934875,-0.03861196,-0.9974903,0.3134758,0.9479819,-0.05534673,0.9477398,-0.3159738,-0.04415765,moving,77.75589,-64.51638,-13.11136,-5.941281
05/15/2023 12:31:41.959152,2398,True,True,True,True,Eyes,0.9733657,-0.04298263,-1.940508,0.893082,-0.4064317,0.1929192,0.0,0.0,0.0,0.0,0.0,0.0,0.0,-1.868788,-0.3816578,-1.054672,0.9957398,-0.03620592,-1.938442,0.09539878,0.7186518,-0.1281563,0.6767678,18.25974,93.08592,357.8065,0.3881542,-0.02105603,-0.9213536,0.5560467,0.007494458,0.165954,2.816869,-0.8515409,-1.536971,-0.4680721,-0.2072001,1.991,-0.0657689,-0.03634712,-0.9971727,0.3105811,0.9489501,-0.05507388,0.9482689,-0.3133252,-0.05112274,moving,77.81054,-64.60792,-13.22965,-5.941292
05/15/2023 12:31:41.978945,2399,True,True,True,True,Eyes,0.9754517,-0.04283668,-1.940221,0.8931424,-0.406776,0.191911,0.0,0.0,0.0,0.0,0.0,0.0,0.0,-1.85911,-0.3888779,-1.076969,1.006449,-0.03600614,-1.937303,0.09630322,0.7209247,-0.1288614,0.6740831,18.39894,93.50517,357.8939,0.3949571,-0.0209221,-0.9184609,0.5226839,0.007044791,0.1559968,2.834244,-0.8442761,-1.54469,-0.4724467,-0.2072001,1.991,-0.07267547,-0.03487189,-0.9967459,0.3125814,0.9482408,-0.05596602,0.9471068,-0.3156316,-0.05801345,moving,77.87315,-64.74274,-13.34889,-5.94129
05/15/2023 12:31:41.999052,2400,True,True,True,True,Eyes,0.9778416,-0.04267806,-1.93989,0.8930553,-0.4075259,0.1907218,0.0,0.0,0.0,0.0,0.0,0.0,0.0,-1.849042,-0.4093692,-1.0954,1.017237,-0.03574815,-1.936592,0.0994096,0.722649,-0.1333622,0.670903,19.03444,93.89461,357.8618,0.4006202,-0.02080226,-0.9160076,0.4913228,0.006622104,0.146637,2.850746,-0.8393306,-1.553424,-0.4767393,-0.2071998,1.991001,-0.08001409,-0.03526963,-0.9961696,0.3226226,0.9446645,-0.05935968,0.9431397,-0.3261364,-0.06420773,moving,77.94495,-64.92044,-13.46578,-5.94128
05/15/2023 12:31:42.009325,2401,True,True,True,True,Eyes,0.9805671,-0.04253209,-1.939547,0.8928578,-0.4085571,0.189436,0.0,0.0,0.0,0.0,0.0,0.0,0.0,-1.837674,-0.4326655,-1.111923,1.026938,-0.03519258,-1.935143,0.1025647,0.724323,-0.1385047,0.6675727,19.72969,94.2847,357.7872,0.4056175,-0.02068894,-0.9138083,0.4618434,0.006224777,0.1378388,2.862334,-0.8441284,-1.561707,-0.4810705,-0.2072001,1.991,-0.08765469,-0.03634407,-0.9954877,0.3335038,0.9405938,-0.06370565,0.938665,-0.337583,-0.0703266,moving,78.02129,-65.12422,-13.5836,-5.94129
05/15/2023 12:31:42.029135,2402,True,True,True,True,Eyes,0.9835957,-0.04240769,-1.939203,0.8925685,-0.4098513,0.1879986,0.0,0.0,0.0,0.0,0.0,0.0,0.0,-1.826662,-0.4513472,-1.131781,1.037728,-0.03528322,-1.934738,0.1045444,0.726349,-0.1421619,0.6642875,20.20703,94.70792,357.7404,0.4102135,-0.02057899,-0.9117569,0.4341328,0.005851291,0.1295684,2.867041,-0.8636911,-1.568324,-0.4856664,-0.2072,1.991,-0.09558561,-0.03700133,-0.9947334,0.3407441,0.9377209,-0.06762327,0.9352845,-0.3454133,-0.07702468,moving,78.10584,-65.35909,-13.7085,-5.941287
05/15/2023 12:31:42.039597,2403,True,True,True,True,Eyes,0.9869472,-0.04228137,-1.938838,0.8922411,-0.4112509,0.1864902,0.0,0.0,0.0,0.0,0.0,0.0,0.0,-1.816826,-0.469672,-1.148847,1.048041,-0.0356103,-1.934332,0.1067508,0.7279434,-0.1459161,0.6613708,20.71017,95.06585,357.6967,0.4144606,-0.02047302,-0.9098365,0.4080848,0.005500213,0.1217943,2.869663,-0.8844054,-1.574244,-0.4899303,-0.2071999,1.991,-0.1023861,-0.03759218,-0.9940342,0.3484262,0.9346256,-0.07123359,0.9317276,-0.3536409,-0.08259461,moving,78.19438,-65.60711,-13.82425,-5.941285
05/15/2023 12:31:42.059192,2404,True,True,True,True,Eyes,0.9906089,-0.04216816,-1.938478,0.8919694,-0.4125847,0.1848366,0.0,0.0,0.0,0.0,0.0,0.0,0.0,-1.805587,-0.4920681,-1.166662,1.059103,-0.03541537,-1.934018,0.1074388,0.7297303,-0.1500065,0.6583682,21.12458,95.41941,357.4983,0.418407,-0.02037052,-0.9080308,0.3835998,0.0051702,0.1144867,2.876525,-0.8990071,-1.582389,-0.4942967,-0.2071995,1.991,-0.1100164,-0.04071638,-0.9930955,0.3543216,0.9319099,-0.07746002,0.9286295,-0.360397,-0.08809871,moving,78.29269,-65.86777,-13.94267,-5.941273
05/15/2023 12:31:42.079081,2405,True,True,True,True,Eyes,0.9945685,-0.04209172,-1.938112,0.8918329,-0.4136308,0.1831494,0.0,0.0,0.0,0.0,0.0,0.0,0.0,-1.792191,-0.5133454,-1.187626,1.070176,-0.03563569,-1.933747,0.1049438,0.7321704,-0.1530475,0.6553549,21.20246,95.79738,357.1148,0.4220947,-0.02027164,-0.9063247,0.3605838,0.004859989,0.1076175,2.881949,-0.914627,-1.588565,-0.4984272,-0.2072001,1.991,-0.1189941,-0.04692741,-0.9917855,0.3542744,0.9311265,-0.08656292,0.92754,-0.3616646,-0.09417334,moving,78.39493,-66.11697,-14.05458,-5.941291
05/15/2023 12:31:42.089590,2406,True,True,True,True,Eyes,0.9988071,-0.04205582,-1.937759,0.8917209,-0.4146996,0.1812683,0.0,0.0,0.0,0.0,0.0,0.0,0.0,-1.777406,-0.53224,-1.210936,1.081233,-0.03648715,-1.9335,0.1017952,0.7349797,-0.1554714,0.6521283,21.18028,96.2254,356.733,0.4255612,-0.02017765,-0.9047043,0.3389488,0.004568389,0.1011604,2.889881,-0.9255942,-1.594255,-0.5025873,-0.2072,1.991,-0.1287329,-0.05313991,-0.9902545,0.3524094,0.9309328,-0.0957697,0.9269496,-0.3613037,-0.1011147,moving,78.50952,-66.3895,-14.16719,-5.941288
05/15/2023 12:31:42.108979,2407,True,True,True,True,Eyes,1.003335,-0.04206293,-1.937413,0.8917364,-0.4155188,0.179305,0.0,0.0,0.0,0.0,0.0,0.0,0.0,-1.763084,-0.5498969,-1.233445,1.092136,-0.03742096,-1.93341,0.1006639,0.737587,-0.1581185,0.6487148,21.33724,96.67905,356.5131,0.4288386,-0.02008985,-0.9031574,0.3186118,0.004294286,0.09509081,2.90385,-0.9248404,-1.600329,-0.5071476,-0.2072,1.991001,-0.1380721,-0.0566508,-0.9888008,0.3536444,0.9297307,-0.102648,0.9251336,-0.3638566,-0.1083356,moving,78.63091,-66.6588,-14.29048,-5.941285
05/15/2023 12:31:42.130991,2408,True,True,True,True,Eyes,1.008127,-0.0421211,-1.937083,0.8918358,-0.4162375,0.1771306,0.0,0.0,0.0,0.0,0.0,0.0,0.0,-1.748803,-0.5614315,-1.258473,1.103544,-0.03848834,-1.933386,0.09907737,0.7404345,-0.1591962,0.6454434,21.32431,97.16071,356.382,0.4319562,-0.02000947,-0.9016722,0.2994951,0.004036629,0.08938536,2.919627,-0.9215471,-1.608389,-0.5115721,-0.2071997,1.991001,-0.1471733,-0.05878371,-0.9873625,0.3522249,0.9296805,-0.1078511,0.9242715,-0.3636464,-0.116119,moving,78.76647,-66.94774,-14.40999,-5.941277
05/15/2023 12:31:42.139235,2409,True,True,True,True,Eyes,1.013185,-0.04222712,-1.936764,0.8919846,-0.4168497,0.1749284,0.0,0.0,0.0,0.0,0.0,0.0,0.0,-1.734857,-0.5699831,-1.283501,1.114629,-0.03979409,-1.933391,0.09721152,0.7432673,-0.1596326,0.642356,21.23464,97.63198,356.274,0.4349394,-0.01993802,-0.9002386,0.2815254,0.003794431,0.08402224,2.93207,-0.9252585,-1.617454,-0.5161644,-0.2071996,1.991001,-0.1558577,-0.06057363,-0.9859207,0.3495902,0.9301347,-0.1124106,0.9238482,-0.3621882,-0.1237928,moving,78.90446,-67.23495,-14.53389,-5.941275
05/15/2023 12:31:42.158989,2410,True,True,True,True,Eyes,1.018508,-0.04238388,-1.936482,0.8921937,-0.4174039,0.1725235,0.0,0.0,0.0,0.0,0.0,0.0,0.0,-1.722298,-0.5804137,-1.305944,1.125999,-0.04108337,-1.93368,0.0969848,0.7455887,-0.1608869,0.6393802,21.34182,98.06135,356.2379,0.437811,-0.01987666,-0.898847,0.2646339,0.003566765,0.07898091,2.947336,-0.9245638,-1.628688,-0.5201184,-0.2071996,1.991001,-0.163574,-0.06111423,-0.9846363,0.3503573,0.9294187,-0.1158906,0.922222,-0.3639312,-0.1306169,moving,79.05579,-67.54346,-14.64045,-5.941274
05/15/2023 12:31:42.179321,2411,True,True,True,True,Eyes,1.024071,-0.0426337,-1.936274,0.8924917,-0.4177497,0.1701284,0.0,0.0,0.0,0.0,0.0,0.0,0.0,-1.709772,-0.585282,-1.330954,1.137642,-0.04246514,-1.934239,0.09611226,0.7482073,-0.1606869,0.6364968,21.27253,98.52268,356.2634,0.4405902,-0.01982659,-0.8974891,0.2487559,0.003352759,0.07424206,2.963306,-0.9218705,-1.639567,-0.5243871,-0.2071995,1.991001,-0.1712687,-0.0607296,-0.9833509,0.3483771,0.9298844,-0.1181039,0.921575,-0.3628045,-0.1381034,moving,79.20766,-67.84142,-14.75539,-5.941271
05/15/2023 12:31:42.188972,2412,True,True,True,True,Eyes,1.029859,-0.04295265,-1.936111,0.8927492,-0.4182265,0.167587,0.0,0.0,0.0,0.0,0.0,0.0,0.0,-1.697623,-0.5837455,-1.357831,1.149039,-0.04494531,-1.934962,0.09507477,0.7510153,-0.1592305,0.6337053,21.0798,99.00998,356.3744,0.4432931,-0.01979076,-0.896158,0.2338305,0.003151594,0.06978753,2.976079,-0.9259171,-1.64886,-0.5289924,-0.2072,1.991001,-0.1787568,-0.05900517,-0.9821224,0.3446156,0.931213,-0.1186703,0.9215672,-0.3596678,-0.1461265,moving,79.36816,-68.1636,-14.87925,-5.941285
05/15/2023 12:31:42.209219,2413,True,True,True,True,Eyes,1.035897,-0.04328276,-1.936018,0.892957,-0.4187421,0.1651749,0.0,0.0,0.0,0.0,0.0,0.0,0.0,-1.687015,-0.5914267,-1.378357,1.160211,-0.04688679,-1.935816,0.09633944,0.7529023,-0.1603235,0.6309938,21.28425,99.40628,356.477,0.4459342,-0.01977072,-0.8948471,0.2198007,0.002962498,0.06560028,2.991615,-0.9251066,-1.66052,-0.5330872,-0.2071999,1.991,-0.1851312,-0.05725785,-0.9810444,0.3473946,0.9300302,-0.1198367,0.9192625,-0.3629951,-0.1522865,moving,79.52016,-68.47299,-14.98927,-5.941287
05/15/2023 12:31:42.229193,2414,True,True,True,True,Eyes,1.042192,-0.04367141,-1.935992,0.8933193,-0.4189964,0.1625504,0.0,0.0,0.0,0.0,0.0,0.0,0.0,-1.676196,-0.6035552,-1.39828,1.172309,-0.04747184,-1.937146,0.096821,0.7546871,-0.1619308,0.6283723,21.47489,99.76629,356.4657,0.4485264,-0.01976524,-0.8935508,0.2066126,0.002784748,0.06166426,3.008527,-0.9222856,-1.673581,-0.5373358,-0.2072001,1.991,-0.1915484,-0.05736658,-0.9798053,0.3496448,0.9288082,-0.122735,0.9170921,-0.3660935,-0.1578537,moving,79.68716,-68.79614,-15.1033,-5.94129
05/15/2023 12:31:42.239392,2415,True,True,True,True,Eyes,1.048695,-0.04412983,-1.936056,0.8936728,-0.4192058,0.1600477,0.0,0.0,0.0,0.0,0.0,0.0,0.0,-1.663068,-0.6021333,-1.426897,1.184693,-0.04932287,-1.938676,0.09369736,0.7576905,-0.1599801,0.6257256,21.08106,100.2321,356.4226,0.4510818,-0.0197753,-0.8922632,0.1942159,0.002617663,0.05796441,3.018767,-0.9312956,-1.682758,-0.5416986,-0.2072,1.991,-0.1993769,-0.05822012,-0.9781919,0.3421945,0.9312543,-0.1251731,0.9182331,-0.3596885,-0.1657479,moving,79.84654,-69.10375,-15.22026,-5.941289
05/15/2023 12:31:42.259136,2416,True,True,True,True,Eyes,1.055428,-0.04462313,-1.936195,0.8939751,-0.4195426,0.1574565,0.0,0.0,0.0,0.0,0.0,0.0,0.0,-1.652297,-0.6041542,-1.450212,1.196293,-0.05142911,-1.940217,0.09330086,0.7598904,-0.1594834,0.6232389,21.01898,100.6353,356.4995,0.4536088,-0.01980231,-0.8909806,0.1825629,0.002460603,0.05448654,3.030393,-0.9374865,-1.690955,-0.5460749,-0.2072001,1.991,-0.2057366,-0.05699566,-0.9769464,0.3405893,0.93172,-0.1260823,0.9174266,-0.3586772,-0.1722767,moving,80.01091,-69.42863,-15.33745,-5.94129
05/15/2023 12:31:42.279204,2417,True,True,True,True,Eyes,1.062414,-0.04510783,-1.936435,0.8943229,-0.4197593,0.1548832,0.0,0.0,0.0,0.0,0.0,0.0,0.0,-1.643523,-0.6130078,-1.469046,1.208539,-0.05272751,-1.942086,0.09446537,0.7613169,-0.1606289,0.6210245,21.21752,100.9486,356.5762,0.4561159,-0.01984594,-0.8896988,0.1716092,0.002312967,0.05121735,3.051727,-0.926375,-1.704359,-0.550388,-0.2072,1.991,-0.2108101,-0.05567284,-0.9759405,0.3433451,0.9305493,-0.1272484,0.9152451,-0.3619096,-0.1770542,moving,80.1747,-69.74689,-15.45282,-5.941287
05/15/2023 12:31:42.289200,2418,True,True,True,True,Eyes,1.06963,-0.04561807,-1.936765,0.8948102,-0.4197158,0.1521623,0.0,0.0,0.0,0.0,0.0,0.0,0.0,-1.633388,-0.6159186,-1.492982,1.221639,-0.05304013,-1.944503,0.09230503,0.7634551,-0.1596302,0.6189784,20.97808,101.2881,356.5202,0.4586112,-0.01990388,-0.8884138,0.1613126,0.002174189,0.04814431,3.066454,-0.926989,-1.715127,-0.5547587,-0.2071999,1.991001,-0.2166909,-0.05667382,-0.9745937,0.3385568,0.9319959,-0.1294714,0.9156551,-0.3580106,-0.1827678,moving,80.34918,-70.07258,-15.56959,-5.941282
05/15/2023 12:31:42.308871,2419,True,True,True,True,Eyes,1.077058,-0.04616591,-1.937193,0.8952653,-0.4197047,0.1494928,0.0,0.0,0.0,0.0,0.0,0.0,0.0,-1.622286,-0.6145902,-1.519077,1.234347,-0.05422355,-1.94694,0.08904004,0.7659316,-0.1577625,0.6168725,20.58052,101.6571,356.4332,0.4611009,-0.01997559,-0.8871226,0.1516339,0.002043738,0.04525565,3.077525,-0.93497,-1.722538,-0.55915,-0.2071999,1.991001,-0.2230805,-0.05824158,-0.9730586,0.3310359,0.9343657,-0.1318179,0.9168699,-0.3515233,-0.1891587,moving,80.52013,-70.39483,-15.6868,-5.941283
05/15/2023 12:31:42.329268,2420,True,True,True,True,Eyes,1.084711,-0.04671838,-1.937718,0.8957301,-0.4196881,0.1467293,0.0,0.0,0.0,0.0,0.0,0.0,0.0,-1.613443,-0.616765,-1.541039,1.246875,-0.05569389,-1.949513,0.08834226,0.7677154,-0.1571788,0.6149011,20.48613,101.9762,356.4713,0.4635902,-0.02006115,-0.8858224,0.1425358,0.001921114,0.04254032,3.096675,-0.9270109,-1.732341,-0.5635432,-0.2072001,1.991,-0.2281843,-0.05765536,-0.9719092,0.3289422,0.934981,-0.1326936,0.9163671,-0.3499807,-0.1943827,moving,80.69702,-70.7296,-15.80392,-5.94129
05/15/2023 12:31:42.339518,2421,True,True,True,True,Eyes,1.092573,-0.04729069,-1.938325,0.8961635,-0.4196986,0.1440287,0.0,0.0,0.0,0.0,0.0,0.0,0.0,-1.605314,-0.6189505,-1.562536,1.259836,-0.05662903,-1.952244,0.08830802,0.7693474,-0.1565571,0.6130223,20.43614,102.2853,356.5698,0.4660834,-0.0201591,-0.8845108,0.1339837,0.001805847,0.0399879,3.117911,-0.914637,-1.743731,-0.567808,-0.2072,1.991,-0.232811,-0.05606689,-0.9709046,0.3278251,0.9353831,-0.132624,0.9156036,-0.3491631,-0.1993874,moving,80.86967,-71.05923,-15.91748,-5.941287
05/15/2023 12:31:42.359192,2422,True,True,True,True,Eyes,1.100616,-0.04786502,-1.939016,0.8965443,-0.4198071,0.1413155,0.0,0.0,0.0,0.0,0.0,0.0,0.0,-1.598415,-0.6144111,-1.585092,1.272641,-0.05773139,-1.954993,0.08762343,0.7710305,-0.1544561,0.611537,20.2032,102.5756,356.7142,0.4685845,-0.02026883,-0.8831859,0.1259446,0.001697496,0.03758862,3.133783,-0.9132406,-1.752864,-0.5722455,-0.2072002,1.991,-0.2366894,-0.05379052,-0.9700953,0.3240319,0.9369309,-0.1310107,0.9159595,-0.3453506,-0.2043317,moving,81.0426,-71.39574,-16.03551,-5.941295
05/15/2023 12:31:42.379095,2423,True,True,True,True,Eyes,1.108839,-0.0484411,-1.939776,0.896715,-0.4202794,0.138807,0.0,0.0,0.0,0.0,0.0,0.0,0.0,-1.594857,-0.6169237,-1.601074,1.285115,-0.05805638,-1.957731,0.0894077,0.7717243,-0.1541506,0.6104798,20.30923,102.7579,356.9307,0.4710957,-0.020389,-0.8818462,0.118388,0.001595646,0.03533331,3.149105,-0.9132985,-1.761965,-0.5765545,-0.2072001,1.991,-0.2386417,-0.05021547,-0.9698086,0.3262079,0.9364877,-0.1287604,0.9146796,-0.3470868,-0.2071044,moving,81.20074,-71.723,-16.14998,-5.941291
05/15/2023 12:31:42.389179,2424,True,True,True,True,Eyes,1.11722,-0.04898384,-1.940607,0.896767,-0.4209467,0.1364285,0.0,0.0,0.0,0.0,0.0,0.0,0.0,-1.593213,-0.6205458,-1.614199,1.297705,-0.05861981,-1.959991,0.09215628,0.7718828,-0.154292,0.6098347,20.52346,102.8693,357.1897,0.4736194,-0.02051839,-0.8804903,0.1112847,0.001499907,0.03321331,3.166645,-0.9082155,-1.771249,-0.5807927,-0.2071999,1.991001,-0.2392181,-0.0459176,-0.9698796,0.330453,0.9354024,-0.1257906,0.9130037,-0.3505909,-0.2085915,moving,81.34971,-72.04253,-16.26244,-5.941282
05/15/2023 12:31:42.409139,2425,True,True,True,True,Eyes,1.125751,-0.04949146,-1.941484,0.8965869,-0.4219967,0.1343531,0.0,0.0,0.0,0.0,0.0,0.0,0.0,-1.595144,-0.6288765,-1.622005,1.309926,-0.05830915,-1.96254,0.09501956,0.7712411,-0.1554136,0.6099223,20.83217,102.8388,357.3621,0.4761568,-0.02065436,-0.8791175,0.1046076,0.001409913,0.03122051,3.178284,-0.9137647,-1.775947,-0.5851145,-0.2072,1.991,-0.2379323,-0.04301449,-0.970329,0.3361464,0.9336358,-0.1238136,0.9112596,-0.3556318,-0.2076831,moving,81.47767,-72.33984,-16.37699,-5.941287
05/15/2023 12:31:42.429712,2426,True,True,True,True,Eyes,1.134433,-0.04988671,-1.942437,0.8962719,-0.4232426,0.1325229,0.0,0.0,0.0,0.0,0.0,0.0,0.0,-1.597388,-0.6458922,-1.625634,1.322043,-0.05790183,-1.96478,0.09737074,0.7700919,-0.1584209,0.6102298,21.27437,102.7114,357.3319,0.4787088,-0.02079444,-0.8777272,0.09833115,0.001325318,0.02934728,3.188047,-0.923393,-1.777482,-0.5895075,-0.2071998,1.991001,-0.2362773,-0.04337746,-0.970717,0.3433151,0.9308435,-0.1251602,0.9090148,-0.3628343,-0.2050451,moving,81.58918,-72.61397,-16.49329,-5.941279
05/15/2023 12:31:42.439468,2427,True,True,True,True,Eyes,1.143297,-0.0500663,-1.943462,0.8959035,-0.4245242,0.1309047,0.0,0.0,0.0,0.0,0.0,0.0,0.0,-1.603046,-0.6626856,-1.626693,1.334385,-0.05554572,-1.96758,0.09979468,0.7684814,-0.1610224,0.6111866,21.68304,102.495,357.32,0.4812759,-0.02093299,-0.8763189,0.0,0.0,0.0,3.195871,-0.934281,-1.774233,-0.5937676,-0.2072,1.991001,-0.232984,-0.04344875,-0.9715096,0.3502102,0.9282256,-0.1254991,0.9072329,-0.3694718,-0.2010455,moving,81.68707,-72.86252,-16.60594,-5.941285
05/15/2023 12:31:42.459669,2428,True,True,True,True,Eyes,1.152359,-0.05016398,-1.944572,0.8959216,-0.4249991,0.1292293,0.0,0.0,0.0,0.0,0.0,0.0,0.0,-1.60787,-0.6757118,-1.630879,1.347613,-0.05054222,-1.970529,0.09948727,0.767333,-0.1619286,0.6124391,21.73819,102.2693,357.1823,0.4838597,-0.02106041,-0.8748919,0.0,0.0,0.0,3.202083,-0.9472302,-1.766471,-0.5981354,-0.2071997,1.991001,-0.2300414,-0.04566306,-0.972109,0.3510225,0.9277629,-0.1266465,0.9076697,-0.3703661,-0.1973951,moving,81.79218,-73.08708,-16.72129,-5.941278
05/15/2023 12:31:42.479188,2429,True,True,True,True,Eyes,1.161515,-0.05019742,-1.94576,0.8961135,-0.4251408,0.1274205,0.0,0.0,0.0,0.0,0.0,0.0,0.0,-1.606281,-0.6500723,-1.657789,1.361343,-0.04884733,-1.973665,0.0921329,0.7691485,-0.1542467,0.6132946,20.50484,102.339,357.095,0.4864618,-0.02117395,-0.873445,0.0,0.0,0.0,3.208509,-0.957312,-1.756465,-0.6025608,-0.2071998,1.991001,-0.2307628,-0.0474696,-0.9718516,0.3309251,0.935439,-0.124268,0.9150068,-0.3502865,-0.2001557,moving,81.90723,-73.3158,-16.83803,-5.941279
05/15/2023 12:31:42.498673,2430,True,True,True,True,Eyes,1.170818,-0.05016082,-1.947035,0.8963294,-0.4252354,0.1255724,0.0,0.0,0.0,0.0,0.0,0.0,0.0,-1.608863,-0.6337949,-1.674138,1.372799,-0.04738238,-1.976373,0.09030464,0.7696478,-0.1494543,0.6141261,19.93605,102.3475,357.283,0.4890797,-0.02127206,-0.8719794,0.0,0.0,0.0,3.221678,-0.9524578,-1.747265,-0.6069654,-0.2071999,1.991,-0.2293886,-0.04456196,-0.9723144,0.322573,0.939017,-0.1191374,0.9183288,-0.3409711,-0.2010254,moving,82.02498,-73.54808,-16.95408,-5.941285
05/15/2023 12:31:42.510696,2431,True,True,True,True,Eyes,1.18026,-0.05008775,-1.948368,0.8969386,-0.424569,0.1234593,0.0,0.0,0.0,0.0,0.0,0.0,0.0,-1.608225,-0.6284872,-1.691112,1.385598,-0.04566792,-1.979716,0.09120403,0.7703065,-0.1469997,0.6137598,19.78091,102.482,357.5677,0.4917133,-0.02135303,-0.870495,0.0,0.0,0.0,3.255617,-0.9110733,-1.752345,-0.6112887,-0.2072,1.991001,-0.2299618,-0.03993486,-0.9723801,0.3209551,0.9401458,-0.1145149,0.9187522,-0.3384243,-0.2033804,moving,82.16276,-73.78624,-17.06784,-5.941284
05/15/2023 12:31:42.529296,2432,True,True,True,True,Eyes,1.18976,-0.05000418,-1.949764,0.8975289,-0.4239809,0.1211691,0.0,0.0,0.0,0.0,0.0,0.0,0.0,-1.600978,-0.6043495,-1.720553,1.398238,-0.04486713,-1.982825,0.08758269,0.7728466,-0.1402777,0.6126658,18.91374,102.821,357.7881,0.4943621,-0.02141688,-0.8689919,0.0,0.0,0.0,3.275593,-0.893383,-1.753262,-0.6157137,-0.2071998,1.991001,-0.2339395,-0.03651078,-0.9715652,0.3072627,0.9453028,-0.1095085,0.9224216,-0.3241442,-0.2099253,moving,82.31139,-74.05064,-17.18413,-5.941278
05/15/2023 12:31:42.540284,2433,True,True,True,True,Eyes,1.199331,-0.04988376,-1.951232,0.8978828,-0.4238995,0.1188094,0.0,0.0,0.0,0.0,0.0,0.0,0.0,-1.589783,-0.6087095,-1.741463,1.409121,-0.04448541,-1.985706,0.08825418,0.7748461,-0.1400714,0.6100858,18.9506,103.2234,357.9311,0.4970236,-0.02146481,-0.8674712,0.0,0.0,0.0,3.290879,-0.8895145,-1.758167,-0.6198726,-0.2071998,1.991001,-0.2400129,-0.03414433,-0.970169,0.3076779,0.9451824,-0.1093823,0.9207215,-0.3247527,-0.2163505,moving,82.46232,-74.34303,-17.29331,-5.941279
05/15/2023 12:31:42.559476,2434,True,True,True,True,Eyes,1.208989,-0.04968326,-1.95275,0.8981723,-0.4239981,0.116242,0.0,0.0,0.0,0.0,0.0,0.0,0.0,-1.576423,-0.6410477,-1.75432,1.42055,-0.04333024,-1.98843,0.09301015,0.776022,-0.1457726,0.606539,19.82047,103.6319,358.0216,0.499695,-0.02149673,-0.8659343,0.0,0.0,0.0,3.317146,-0.8633138,-1.77162,-0.6242247,-0.2071999,1.990999,-0.2469194,-0.03247761,-0.9684916,0.3211892,0.940199,-0.1134169,0.9142583,-0.3390739,-0.2217219,moving,82.62573,-74.66867,-17.40742,-5.941287
05/15/2023 12:31:42.578899,2435,True,True,True,True,Eyes,1.218721,-0.04940651,-1.95425,0.8984192,-0.4242325,0.1134446,0.0,0.0,0.0,0.0,0.0,0.0,0.0,-1.558484,-0.6608168,-1.77534,1.432297,-0.04120004,-1.991033,0.09378003,0.7784406,-0.1482361,0.6027119,20.11043,104.1482,358.0054,0.5023751,-0.02151072,-0.8643818,0.0,0.0,0.0,3.329384,-0.8654489,-1.784003,-0.6285429,-0.2072003,1.991,-0.2558874,-0.03268293,-0.966154,0.3246917,0.9384628,-0.1177413,0.9105477,-0.3438306,-0.2295289,moving,82.80327,-75.02876,-17.5205,-5.941298
05/15/2023 12:31:42.589053,2436,True,True,True,True,Eyes,1.22853,-0.04905757,-1.955782,0.8986689,-0.4244699,0.1105413,0.0,0.0,0.0,0.0,0.0,0.0,0.0,-1.54101,-0.6783936,-1.795355,1.443506,-0.03910902,-1.993236,0.0931697,0.7807422,-0.1502588,0.5993192,20.26138,104.6004,357.8849,0.5050637,-0.02150529,-0.8628138,0.0,0.0,0.0,3.330562,-0.8926806,-1.793421,-0.6328988,-0.2072,1.991,-0.2642719,-0.03462288,-0.9638265,0.3255889,0.9374835,-0.1229499,0.9078283,-0.3463034,-0.2364778,moving,82.98753,-75.40314,-17.63441,-5.941289
05/15/2023 12:31:42.609129,2437,True,True,True,True,Eyes,1.238412,-0.04864835,-1.957363,0.8989771,-0.4245819,0.1075659,0.0,0.0,0.0,0.0,0.0,0.0,0.0,-1.524466,-0.6961963,-1.814401,1.455138,-0.03703566,-1.995479,0.09155087,0.7827951,-0.1523191,0.5963633,20.34453,104.9763,357.6563,0.5077596,-0.02147927,-0.8612308,0.0,0.0,0.0,3.340961,-0.8993924,-1.80804,-0.6371536,-0.2072001,1.991,-0.2719387,-0.03834389,-0.9615504,0.3250062,0.9368347,-0.1292742,0.9057707,-0.3476644,-0.2422996,moving,83.1768,-75.7835,-17.74555,-5.941292
05/15/2023 12:31:42.629215,2438,True,True,True,True,Eyes,1.248352,-0.04821451,-1.958958,0.8993562,-0.4245474,0.1044886,0.0,0.0,0.0,0.0,0.0,0.0,0.0,-1.508021,-0.7047926,-1.836434,1.466913,-0.03519797,-1.997567,0.08805875,0.7851033,-0.1524749,0.5938095,20.12061,105.3325,357.3867,0.5104615,-0.02143214,-0.8596333,0.0,0.0,0.0,3.353117,-0.900628,-1.820088,-0.6417127,-0.2072,1.991001,-0.2792717,-0.04281165,-0.9592571,0.3193525,0.9379941,-0.1348369,0.9055502,-0.3439974,-0.2482832,moving,83.373,-76.17331,-17.86448,-5.941286
05/15/2023 12:31:42.639145,2439,True,True,True,True,Eyes,1.258339,-0.04779944,-1.960518,0.8996559,-0.4246822,0.1013132,0.0,0.0,0.0,0.0,0.0,0.0,0.0,-1.491478,-0.7138052,-1.85743,1.478201,-0.03421421,-1.999455,0.08493911,0.787295,-0.1529835,0.5912259,19.95748,105.6839,357.1246,0.5131679,-0.02136504,-0.8580221,0.0,0.0,0.0,3.366847,-0.8985794,-1.829991,-0.6459576,-0.2071997,1.991001,-0.286475,-0.04715129,-0.9569269,0.3146399,0.9387628,-0.1404499,0.9049499,-0.3413226,-0.2540964,moving,83.57481,-76.58218,-17.97506,-5.941277
05/15/2023 12:31:42.659426,2440,True,True,True,True,Eyes,1.268341,-0.04735753,-1.962078,0.899779,-0.425167,0.09813619,0.0,0.0,0.0,0.0,0.0,0.0,0.0,-1.475986,-0.7284234,-1.874456,1.489069,-0.03428593,-2.001054,0.08457717,0.7889907,-0.1549897,0.5884885,20.12786,106.0327,357.0111,0.5158781,-0.02128088,-0.8563974,0.0,0.0,0.0,3.38526,-0.8866154,-1.840309,-0.6501409,-0.2071998,1.991,-0.2930562,-0.04895814,-0.9548411,0.3158805,0.9376498,-0.1450255,0.9024068,-0.3441163,-0.2593192,moving,83.77553,-77.00273,-18.08392,-5.941282
05/15/2023 12:31:42.679184,2441,True,True,True,True,Eyes,1.27839,-0.04689978,-1.963627,0.8997437,-0.4259207,0.09514754,0.0,0.0,0.0,0.0,0.0,0.0,0.0,-1.463986,-0.7532504,-1.883933,1.49945,-0.03311807,-2.002598,0.08744304,0.7897519,-0.158994,0.5859749,20.70831,106.3112,357.0453,0.5185906,-0.02118033,-0.8547601,0.0,0.0,0.0,3.401017,-0.8776431,-1.854105,-0.65016,-0.2071995,1.991,-0.2979745,-0.04821636,-0.9533554,0.3244496,0.9341493,-0.1486528,0.8977438,-0.3536105,-0.2627088,moving,83.96342,-77.4073,-18.08442,-5.941273
05/15/2023 12:31:42.689476,2442,True,True,True,True,Eyes,1.288441,-0.0464617,-1.965177,0.8996786,-0.4267384,0.0920475,0.0,0.0,0.0,0.0,0.0,0.0,0.0,-1.449781,-0.7710336,-1.898237,1.510505,-0.03225608,-2.004245,0.08874199,0.7910907,-0.1614579,0.583294,21.03763,106.6483,357.0552,0.5213044,-0.02106445,-0.8531106,0.0,0.0,0.0,3.410843,-0.8818717,-1.86651,-0.6501598,-0.2071999,1.991,-0.3037862,-0.04794881,-0.9515329,0.3287607,0.9321124,-0.1519302,0.8942205,-0.3589809,-0.2673992,static,84.15831,-77.82779,-18.08442,-5.941285
05/15/2023 12:31:42.709044,2443,True,True,True,True,Eyes,1.298446,-0.04604245,-1.966794,0.899824,-0.4265513,0.09149246,0.0,0.0,0.0,0.0,0.0,0.0,0.0,-1.43542,-0.7794451,-1.915312,1.520594,-0.03226505,-2.005776,0.08944067,0.7928146,-0.1621789,0.5806407,21.16293,107.0293,357.1409,0.5240172,-0.02093575,-0.8514501,0.0,0.0,0.0,3.413362,-0.8993639,-1.875016,-0.6501602,-0.2072001,1.991,-0.3097139,-0.04651553,-0.9496915,0.330155,0.9313968,-0.1532898,0.8916699,-0.3610213,-0.2731093,static,84.19423,-77.89386,-18.08443,-5.941289
05/15/2023 12:31:42.729519,2444,True,True,True,True,Eyes,1.308464,-0.04563425,-1.968418,0.8999223,-0.4265137,0.09069677,0.0,0.0,0.0,0.0,0.0,0.0,0.0,-1.422527,-0.7966812,-1.927165,1.530417,-0.03234883,-2.007243,0.09295442,0.793937,-0.1647437,0.5778263,21.65489,107.4011,357.3614,0.5267243,-0.02079637,-0.8497815,0.0,0.0,0.0,3.420288,-0.9089462,-1.886508,-0.6501597,-0.2071999,1.991,-0.3149528,-0.04278651,-0.9481425,0.3379864,0.928438,-0.1541692,0.8868879,-0.3690152,-0.2779529,static,84.245,-77.99506,-18.08442,-5.941285
05/15/2023 12:31:42.739371,2445,True,True,True,True,Eyes,1.318549,-0.04521488,-1.969895,0.9000519,-0.4264773,0.08957513,0.0,0.0,0.0,0.0,0.0,0.0,0.0,-1.408613,-0.8022945,-1.944955,1.540755,-0.03220738,-2.008919,0.09485541,0.7957024,-0.1647703,0.5750746,21.79669,107.8285,357.6201,0.5294241,-0.02064798,-0.8481057,0.0,0.0,0.0,3.428864,-0.9138014,-1.900323,-0.6501599,-0.2071998,1.991001,-0.3205831,-0.03855705,-0.9464352,0.3404638,0.9277064,-0.1531183,0.8839178,-0.371314,-0.2842797,static,84.31651,-78.13831,-18.08442,-5.941282
05/15/2023 12:31:42.759229,2446,True,True,True,True,Eyes,1.328644,-0.04481657,-1.971384,0.900229,-0.4263937,0.08818303,0.0,0.0,0.0,0.0,0.0,0.0,0.0,-1.393159,-0.8006234,-1.966591,1.551092,-0.03172481,-2.010591,0.09504921,0.797963,-0.163224,0.5723449,21.67216,108.2845,357.8324,0.5321203,-0.02049119,-0.8464203,0.0,0.0,0.0,3.43095,-0.9316121,-1.912259,-0.6501597,-0.2071999,1.991,-0.3267741,-0.03514935,-0.9444488,0.3385324,0.9286472,-0.1516916,0.8823915,-0.3692953,-0.2915586,static,84.40536,-78.31532,-18.08441,-5.941284
05/15/2023 12:31:42.779437,2447,True,True,True,True,Eyes,1.338748,-0.04447663,-1.972848,0.9005055,-0.4261593,0.08647527,0.0,0.0,0.0,0.0,0.0,0.0,0.0,-1.376029,-0.7994996,-1.988906,1.561398,-0.03179583,-2.012319,0.09465951,0.8003711,-0.1618999,0.5694157,21.52833,108.7561,357.9762,0.5348112,-0.02032783,-0.8447266,0.0,0.0,0.0,3.438521,-0.9386462,-1.92786,-0.6501596,-0.2072001,1.990999,-0.3336107,-0.03285121,-0.9421385,0.3359021,0.929656,-0.1513587,0.880837,-0.3669611,-0.2991084,static,84.51472,-78.52942,-18.08442,-5.941293
05/15/2023 12:31:42.795031,2448,True,True,True,True,Eyes,1.34883,-0.04418675,-1.974315,0.9007173,-0.4260956,0.08456304,0.0,0.0,0.0,0.0,0.0,0.0,0.0,-1.358441,-0.789505,-2.014183,1.57133,-0.032923,-2.013814,0.09444991,0.803112,-0.1589858,0.5664042,21.24524,109.2849,358.2543,0.5374959,-0.02016111,-0.8430249,0.0,0.0,0.0,3.450245,-0.9365547,-1.945611,-0.6501597,-0.2072,1.991,-0.340531,-0.0283928,-0.9398047,0.3318082,0.9316055,-0.1483732,0.8797399,-0.3623605,-0.3078195,static,84.63656,-78.77493,-18.08441,-5.941286
05/15/2023 12:31:42.808873,2449,True,True,True,True,Eyes,1.358911,-0.0439428,-1.975812,0.9008988,-0.4261078,0.08254318,0.0,0.0,0.0,0.0,0.0,0.0,0.0,-1.34539,-0.7906047,-2.031427,1.580894,-0.03376317,-2.015307,0.09718253,0.8047733,-0.1582862,0.563774,21.3674,109.7186,358.6429,0.5401725,-0.01999356,-0.8413164,0.0,0.0,0.0,3.462445,-0.9336815,-1.963942,-0.6501597,-0.2072,1.991,-0.3454289,-0.02205549,-0.9381856,0.3348951,0.9310021,-0.1451911,0.876655,-0.364347,-0.3142088,static,84.765,-79.03678,-18.08441,-5.941286
05/15/2023 12:31:42.829016,2450,True,True,True,True,Eyes,1.368986,-0.0437531,-1.977314,0.901069,-0.4261652,0.08036091,0.0,0.0,0.0,0.0,0.0,0.0,0.0,-1.330439,-0.7950072,-2.049045,1.591089,-0.03455693,-2.016911,0.09903491,0.8065119,-0.1582014,0.5609841,21.48739,110.1501,358.9069,0.5428387,-0.01982724,-0.8396025,0.0,0.0,0.0,3.47554,-0.9289517,-1.984917,-0.65016,-0.2072,1.991,-0.3509782,-0.01775124,-0.9362156,0.3372426,0.9303288,-0.1440686,0.8735457,-0.3662966,-0.3205387,static,84.90362,-79.32127,-18.08442,-5.941287
05/15/2023 12:31:42.839380,2451,True,True,True,True,Eyes,1.379063,-0.04360608,-1.978822,0.9012101,-0.4262716,0.07818431,0.0,0.0,0.0,0.0,0.0,0.0,0.0,-1.316204,-0.7967873,-2.066766,1.601017,-0.03564543,-2.01848,0.09976038,0.808207,-0.1577298,0.5585433,21.49362,110.5295,359.0797,0.5454934,-0.01966436,-0.8378839,0.0,0.0,0.0,3.481508,-0.937742,-2.000842,-0.6501595,-0.2072001,1.991,-0.3561546,-0.01494374,-0.9343077,0.337452,0.9303384,-0.1435156,0.8713669,-0.3663976,-0.3263014,static,85.04173,-79.60665,-18.08441,-5.941293
05/15/2023 12:31:42.858996,2452,True,True,True,True,Eyes,1.389174,-0.04350779,-1.980347,0.9014274,-0.4262365,0.07583512,0.0,0.0,0.0,0.0,0.0,0.0,0.0,-1.302343,-0.8059993,-2.081401,1.611068,-0.03649476,-2.02017,0.1003478,0.8095473,-0.158734,0.5562078,21.63139,110.8511,359.1306,0.5481356,-0.0195064,-0.8361616,0.0,0.0,0.0,3.488634,-0.9450762,-2.016563,-0.6501598,-0.2071997,1.991,-0.3611264,-0.01410563,-0.9324103,0.3390508,0.9294677,-0.1453769,0.8686959,-0.3686338,-0.3308728,static,85.19115,-79.91161,-18.08442,-5.941278
05/15/2023 12:31:42.879258,2453,True,True,True,True,Eyes,1.399305,-0.04349261,-1.981859,0.9017479,-0.425991,0.07336472,0.0,0.0,0.0,0.0,0.0,0.0,0.0,-1.283551,-0.8073574,-2.102725,1.621958,-0.03760752,-2.022034,0.0980223,0.8117656,-0.1582498,0.5535207,21.43456,111.235,359.0122,0.5507651,-0.0193549,-0.8344354,0.0,0.0,0.0,3.497545,-0.9481933,-2.03096,-0.6501601,-0.2071998,1.991,-0.3680128,-0.01604681,-0.9296822,0.3343314,0.9306973,-0.1484087,0.8676342,-0.3654382,-0.3371435,static,85.34875,-80.2283,-18.08442,-5.941282
05/15/2023 12:31:42.888897,2454,True,True,True,True,Eyes,1.409444,-0.04355071,-1.983375,0.9020122,-0.4258733,0.07075176,0.0,0.0,0.0,0.0,0.0,0.0,0.0,-1.263674,-0.8061248,-2.124674,1.632298,-0.03964534,-2.023606,0.09542978,0.8141222,-0.1575069,0.5507175,21.19661,111.6386,358.8876,0.5533819,-0.01921269,-0.8327057,0.0,0.0,0.0,3.50518,-0.9538594,-2.0426,-0.6501599,-0.2071998,1.991,-0.3752067,-0.01810055,-0.9267643,0.3288665,0.9321695,-0.15135,0.8666409,-0.3615693,-0.3438036,static,85.51504,-80.56741,-18.08442,-5.941282
05/15/2023 12:31:42.909313,2455,True,True,True,True,Eyes,1.419617,-0.04366938,-1.984893,0.9022292,-0.4258551,0.06804395,0.0,0.0,0.0,0.0,0.0,0.0,0.0,-1.245339,-0.8167763,-2.140802,1.642624,-0.04143265,-2.025116,0.09604187,0.8158237,-0.1589064,0.547683,21.37559,112.0495,358.9322,0.5559854,-0.01908184,-0.8309727,0.0,0.0,0.0,3.519411,-0.9476025,-2.058094,-0.6501597,-0.2072,1.991,-0.3816388,-0.01735417,-0.9241487,0.3307671,0.9310494,-0.1540782,0.863102,-0.3644802,-0.3495844,static,85.68705,-80.92191,-18.08442,-5.941289
05/15/2023 12:31:42.929842,2456,True,True,True,True,Eyes,1.429824,-0.04385533,-1.986415,0.9024521,-0.4258381,0.0651317,0.0,0.0,0.0,0.0,0.0,0.0,0.0,-1.227323,-0.8219323,-2.159123,1.653555,-0.04292218,-2.026726,0.09711467,0.8176737,-0.1590538,0.5446841,21.46309,112.4931,359.1102,0.5585757,-0.01896369,-0.8292363,0.0,0.0,0.0,3.533583,-0.9409071,-2.074214,-0.6501594,-0.2072002,1.990999,-0.3877764,-0.01445196,-0.9216404,0.3320843,0.9305413,-0.1543146,0.8598545,-0.3659018,-0.3560427,static,85.87202,-81.30403,-18.08441,-5.941295
05/15/2023 12:31:42.939238,2457,True,True,True,True,Eyes,1.440071,-0.04410691,-1.987922,0.9026113,-0.4259578,0.06207139,0.0,0.0,0.0,0.0,0.0,0.0,0.0,-1.207152,-0.8220934,-2.180214,1.664533,-0.04471111,-2.02823,0.09716589,0.8199064,-0.1583142,0.541525,21.3978,112.9717,359.2536,0.5611532,-0.0188597,-0.8274967,0.0,0.0,0.0,3.540651,-0.948743,-2.088369,-0.6501601,-0.2071998,1.991,-0.3946192,-0.01212837,-0.9187648,0.330796,0.9309908,-0.1543701,0.8572339,-0.3648411,-0.3633749,static,86.06604,-81.70911,-18.08442,-5.941282
05/15/2023 12:31:42.959185,2458,True,True,True,True,Eyes,1.450366,-0.04441086,-1.989431,0.9027279,-0.4261684,0.05884615,0.0,0.0,0.0,0.0,0.0,0.0,0.0,-1.186645,-0.8305382,-2.198003,1.675549,-0.04653138,-2.029658,0.0981613,0.8218244,-0.1591437,0.5381843,21.54514,113.4445,359.3868,0.5637186,-0.01877107,-0.8257533,0.0,0.0,0.0,3.548834,-0.9548446,-2.104419,-0.6501602,-0.2071996,1.991001,-0.401444,-0.009954553,-0.9158293,0.3326399,0.9300753,-0.1559186,0.8533423,-0.3672341,-0.3700618,static,86.27034,-82.13821,-18.08442,-5.941275
05/15/2023 12:31:42.979085,2459,True,True,True,True,Eyes,1.460726,-0.04476435,-1.990931,0.9028824,-0.4263492,0.05504422,0.0,0.0,0.0,0.0,0.0,0.0,0.0,-1.165774,-0.838029,-2.216385,1.686958,-0.04805984,-2.031144,0.09891085,0.8237823,-0.1597149,0.5348744,21.65089,113.9164,359.5135,0.5662722,-0.01869832,-0.824006,0.0,0.0,0.0,3.55931,-0.9561256,-2.122381,-0.6501593,-0.2071999,1.991,-0.4082523,-0.007892751,-0.9128351,0.3338168,0.9294156,-0.1573308,0.849645,-0.3689503,-0.3768012,static,86.51128,-82.64346,-18.0844,-5.941283
05/15/2023 12:31:42.989663,2460,True,True,True,True,Eyes,1.471139,-0.0451632,-1.992429,0.9030412,-0.4265057,0.05108222,0.0,0.0,0.0,0.0,0.0,0.0,0.0,-1.143051,-0.8369215,-2.238846,1.698676,-0.04959922,-2.032602,0.09826078,0.8262058,-0.1586938,0.5315499,21.51153,114.4144,359.6095,0.5688149,-0.01864181,-0.822254,0.0,0.0,0.0,3.566633,-0.9639338,-2.138709,-0.6501596,-0.2072001,1.990999,-0.4155991,-0.006340103,-0.9095259,0.3310745,0.9303222,-0.1577664,0.8471524,-0.3666884,-0.384542,static,86.76241,-83.17027,-18.08442,-5.941294
05/15/2023 12:31:43.009046,2461,True,True,True,True,Eyes,1.481608,-0.0456205,-1.993934,0.9031811,-0.4266976,0.04682996,0.0,0.0,0.0,0.0,0.0,0.0,0.0,-1.120473,-0.8387642,-2.25961,1.710318,-0.05108356,-2.033968,0.09782705,0.8284498,-0.1582576,0.5282568,21.44283,114.8936,359.6853,0.5713473,-0.01860164,-0.8204971,0.0,0.0,0.0,3.574864,-0.9700832,-2.155268,-0.6501602,-0.2071999,1.991,-0.4227493,-0.005111693,-0.9062322,0.3292909,0.9307687,-0.1588614,0.8443047,-0.3655726,-0.3917986,static,87.03187,-83.73687,-18.08442,-5.941284
05/15/2023 12:31:43.029222,2462,True,True,True,True,Eyes,1.492132,-0.04613364,-1.995435,0.9033051,-0.4268934,0.04245026,0.0,0.0,0.0,0.0,0.0,0.0,0.0,-1.097659,-0.8418872,-2.279799,1.722184,-0.05292898,-2.035287,0.09746147,0.8306042,-0.1581361,0.5249677,21.40914,115.3636,359.7459,0.5738699,-0.01857843,-0.8187352,0.0,0.0,0.0,3.586964,-0.9683164,-2.174199,-0.6501601,-0.2072,1.991,-0.4298207,-0.004128904,-0.902905,0.3279365,0.9309884,-0.1603688,0.8412563,-0.3650253,-0.3988041,static,87.3094,-84.32118,-18.08442,-5.941287
05/15/2023 12:31:43.039067,2463,True,True,True,True,Eyes,1.502722,-0.04668883,-1.996925,0.9033745,-0.4271736,0.03791124,0.0,0.0,0.0,0.0,0.0,0.0,0.0,-1.075536,-0.8443445,-2.299531,1.734,-0.05477047,-2.036609,0.09743445,0.8326696,-0.1578613,0.5217737,21.38112,115.8265,359.8477,0.5763833,-0.01857261,-0.816968,0.0,0.0,0.0,3.597954,-0.9684703,-2.191927,-0.6501596,-0.2071999,1.991,-0.4365176,-0.002474315,-0.8996925,0.3269971,0.9311727,-0.1612151,0.838168,-0.36457,-0.4056642,static,87.59692,-84.92834,-18.08442,-5.941287
05/15/2023 12:31:43.059417,2464,True,True,True,True,Eyes,1.513377,-0.047277,-1.998418,0.9034662,-0.4273644,0.033292,0.0,0.0,0.0,0.0,0.0,0.0,0.0,-1.054454,-0.8494658,-2.317672,1.746,-0.0563155,-2.037985,0.09748852,0.834493,-0.1580589,0.518782,21.40443,116.2488,359.9207,0.5788879,-0.01858398,-0.815195,0.0,0.0,0.0,3.608628,-0.9699107,-2.209045,-0.6501598,-0.2071999,1.991,-0.4427224,-0.001289268,-0.8966576,0.3267032,0.9310267,-0.1626476,0.8350219,-0.3649487,-0.4117652,static,87.88966,-85.54562,-18.08441,-5.941284
05/15/2023 12:31:43.079020,2465,True,True,True,True,Eyes,1.52409,-0.0479136,-1.99993,0.9036087,-0.4274083,0.02852144,0.0,0.0,0.0,0.0,0.0,0.0,0.0,-1.033516,-0.8495584,-2.337535,1.758171,-0.05771427,-2.03948,0.09627036,0.8364334,-0.1574384,0.5160661,21.2684,116.6354,359.9109,0.5813844,-0.01861199,-0.8134157,0.0,0.0,0.0,3.618845,-0.9719595,-2.225939,-0.6501599,-0.2071998,1.991,-0.4488154,-0.001449761,-0.8936232,0.3235447,0.9318903,-0.1640098,0.8329965,-0.3627372,-0.4177778,static,88.19212,-86.18225,-18.08442,-5.941282
05/15/2023 12:31:43.089214,2466,True,True,True,True,Eyes,1.534861,-0.04859779,-2.001445,0.9037883,-0.4273236,0.02369139,0.0,0.0,0.0,0.0,0.0,0.0,0.0,-1.011832,-0.8443881,-2.359349,1.770395,-0.05954249,-2.040951,0.09407249,0.8385646,-0.1560448,0.5134296,20.99623,117.016,359.8488,0.5838724,-0.01865675,-0.8116305,0.0,0.0,0.0,3.628676,-0.9749988,-2.241138,-0.65016,-0.2072002,1.990999,-0.4550809,-0.002464367,-0.8904467,0.3180078,0.9336008,-0.1651081,0.8317285,-0.3583066,-0.4240802,static,88.49843,-86.8267,-18.08443,-5.941295
05/15/2023 12:31:43.109778,2467,True,True,True,True,Eyes,1.545699,-0.04931435,-2.002967,0.9039578,-0.4272088,0.01878204,0.0,0.0,0.0,0.0,0.0,0.0,0.0,-0.9910423,-0.841975,-2.379456,1.782537,-0.06140432,-2.04247,0.09222433,0.8404738,-0.1551974,0.5108936,20.80033,117.3722,359.7821,0.5863525,-0.0187183,-0.8098391,0.0,0.0,0.0,3.641431,-0.9720691,-2.256295,-0.6501591,-0.2071998,1.991,-0.460965,-0.003554497,-0.8874114,0.313603,0.9348168,-0.1666451,0.8301594,-0.3551124,-0.4298032,static,88.80971,-87.48264,-18.0844,-5.941283
05/15/2023 12:31:43.129212,2468,True,True,True,True,Eyes,1.556594,-0.0500081,-2.004497,0.9041389,-0.4270145,0.01383526,0.0,0.0,0.0,0.0,0.0,0.0,0.0,-0.9698229,-0.8403736,-2.399405,1.794853,-0.06308509,-2.044126,0.09030237,0.8423735,-0.1545049,0.5083117,20.61613,117.7291,359.6978,0.5888247,-0.01879606,-0.8080416,0.0,0.0,0.0,3.65635,-0.9647707,-2.272151,-0.6501597,-0.2072002,1.990999,-0.4669296,-0.004936707,-0.884281,0.30921,0.9359475,-0.1684982,0.8284723,-0.3521052,-0.4354951,static,89.12332,-88.14427,-18.08442,-5.941296
05/15/2023 12:31:43.139082,2469,True,True,True,True,Eyes,1.567567,-0.05066488,-2.006012,0.9042616,-0.4268902,0.0087101,0.0,0.0,0.0,0.0,0.0,0.0,0.0,-0.9468887,-0.8463197,-2.417011,1.807124,-0.06310177,-2.045755,0.08796107,0.8441933,-0.1550743,0.5055221,20.53368,118.08,359.4937,0.591289,-0.01888731,-0.806238,0.0,0.0,0.0,3.670107,-0.9598161,-2.28672,-0.6501602,-0.2071999,1.991001,-0.4734207,-0.008274687,-0.8807977,0.3052993,0.9364296,-0.1728929,0.8262357,-0.3507579,-0.440799,static,89.44813,-88.83112,-18.08442,-5.941283
05/15/2023 12:31:43.159409,2470,True,True,True,True,Eyes,1.578582,-0.05129359,-2.00755,0.90438,-0.426714,0.003460062,0.0,0.0,0.0,0.0,0.0,0.0,0.0,-0.9194553,-0.8535389,-2.435838,1.81945,-0.06291364,-2.047652,0.08535389,0.8464072,-0.1558772,0.5020077,20.46088,118.5227,359.2652,0.5937464,-0.01898909,-0.8044276,0.0,0.0,0.0,3.683851,-0.9548452,-2.30136,-0.6501599,-0.2071998,1.991001,-0.481406,-0.01201484,-0.8764155,0.3009915,0.936834,-0.1781746,0.8231966,-0.3495679,-0.4473812,static,89.78079,-89.53542,-18.08442,-5.941279
05/15/2023 12:31:43.179423,2471,True,True,True,True,Eyes,1.589624,-0.05176768,-2.0091,0.9042664,-0.4269647,-0.001852822,0.0,0.0,0.0,0.0,0.0,0.0,0.0,-0.8896486,-0.8604299,-2.455017,1.831413,-0.06290156,-2.049608,0.08326177,0.8488431,-0.1565836,0.4980105,20.41151,119.0395,359.1069,0.596196,-0.01909905,-0.8026112,0.0,0.0,0.0,3.6967,-0.950109,-2.314904,-0.6501596,-0.2071998,1.991,-0.490106,-0.01460825,-0.8715405,0.297313,0.9370981,-0.1828994,0.8193907,-0.3487603,-0.4549341,static,-89.88261,89.75137,-18.08441,-5.941281
05/15/2023 12:31:43.190465,2472,True,True,True,True,Eyes,1.600755,-0.05211204,-2.01071,0.9042428,-0.4269552,-0.007370759,0.0,0.0,0.0,0.0,0.0,0.0,0.0,-0.8620002,-0.8890209,-2.464826,1.843032,-0.05960515,-2.051451,0.0837516,0.8504269,-0.1604361,0.4939837,20.83159,119.5174,359.0157,0.5986373,-0.01921021,-0.8007893,0.0,0.0,0.0,3.709059,-0.9452036,-2.33166,-0.6501598,-0.2072001,1.991,-0.4979315,-0.01605645,-0.8670676,0.3009549,0.9344918,-0.1901346,0.8133205,-0.3556223,-0.4604807,static,-89.53297,89.01097,-18.08442,-5.941289
05/15/2023 12:31:43.209416,2473,True,True,True,True,Eyes,1.611898,-0.05237709,-2.012345,0.9043072,-0.4266785,-0.01319363,0.0,0.0,0.0,0.0,0.0,0.0,0.0,-0.8281493,-0.8855955,-2.489782,1.856214,-0.05691862,-2.05435,0.07983264,0.8535662,-0.1589798,0.4896703,20.4618,120.102,358.8129,0.6010699,-0.01931722,-0.7989624,0.0,0.0,0.0,3.719863,-0.9419524,-2.350844,-0.6501596,-0.2072,1.991,-0.5076996,-0.01941045,-0.8613156,0.2919802,0.9367043,-0.1932161,0.8105485,-0.3495829,-0.469897,static,-89.16412,88.22888,-18.08442,-5.941289
05/15/2023 12:31:43.229255,2474,True,True,True,True,Eyes,1.623036,-0.05249001,-2.014008,0.9042109,-0.4266667,-0.018928,0.0,0.0,0.0,0.0,0.0,0.0,0.0,-0.7974927,-0.8588836,-2.519155,1.867503,-0.05536102,-2.056498,0.07591368,0.8570935,-0.1535004,0.4858656,19.68789,120.7033,358.8418,0.6034926,-0.01941733,-0.7971316,0.0,0.0,0.0,3.72373,-0.9508366,-2.36514,-0.6501592,-0.2072,1.990999,-0.5163435,-0.01903093,-0.8561701,0.2792914,0.9413494,-0.1893608,0.809559,-0.3368962,-0.4807444,static,-88.8008,87.45988,-18.08441,-5.94129
05/15/2023 12:31:43.239237,2475,True,True,True,True,Eyes,1.634233,-0.05247056,-2.01574,0.9041145,-0.4265738,-0.02473145,0.0,0.0,0.0,0.0,0.0,0.0,0.0,-0.7798908,-0.8829747,-2.526247,1.878528,-0.05188172,-2.058697,0.07796437,0.8578776,-0.156237,0.4832782,20.08546,121.0249,358.9479,0.6059036,-0.0195053,-0.7952984,0.0,0.0,0.0,3.739604,-0.9344031,-2.389888,-0.6501601,-0.2071997,1.991,-0.5207279,-0.01724408,-0.8535488,0.2847796,0.9390231,-0.1927075,0.8048251,-0.3434214,-0.4840648,static,-88.43311,86.68188,-18.08442,-5.94128
05/15/2023 12:31:43.259264,2476,True,True,True,True,Eyes,1.645398,-0.05239951,-2.017523,0.9041456,-0.4261222,-0.03066831,0.0,0.0,0.0,0.0,0.0,0.0,0.0,-0.7557634,-0.8755774,-2.548136,1.890939,-0.04876003,-2.062228,0.07466211,0.8601689,-0.1540728,0.4804131,19.6817,121.4256,358.8076,0.6083021,-0.01957717,-0.7934636,0.0,0.0,0.0,3.757171,-0.9087955,-2.417777,-0.65016,-0.2071999,1.991,-0.5272579,-0.01959313,-0.8494796,0.2764812,0.9413743,-0.1933199,0.8034659,-0.3367946,-0.4909299,static,-88.05729,85.88348,-18.08442,-5.941287
05/15/2023 12:31:43.279077,2477,True,True,True,True,Eyes,1.656531,-0.05228195,-2.019353,0.9039074,-0.4261661,-0.03652055,0.0,0.0,0.0,0.0,0.0,0.0,0.0,-0.7315201,-0.8561137,-2.57177,1.901309,-0.04741414,-2.065145,0.0709936,0.8627797,-0.1502072,0.4775027,19.08623,121.8621,358.73,0.6106857,-0.01963257,-0.7916291,0.0,0.0,0.0,3.760485,-0.9189878,-2.427598,-0.6501602,-0.2071997,1.991001,-0.5339021,-0.020945,-0.8452868,0.2659523,0.9447954,-0.1913922,0.8026318,-0.3269907,-0.4988579,static,-87.68634,85.10197,-18.08442,-5.941278
05/15/2023 12:31:43.288869,2478,True,True,True,True,Eyes,1.667674,-0.05207843,-2.021274,0.9037013,-0.4260604,-0.04238627,0.0,0.0,0.0,0.0,0.0,0.0,0.0,-0.7137475,-0.8748088,-2.580507,1.911516,-0.04611576,-2.068265,0.07214505,0.8637162,-0.1525143,0.4748988,19.38908,122.1832,358.771,0.6130524,-0.01967141,-0.7897968,0.0,0.0,0.0,3.776154,-0.901632,-2.447316,-0.65016,-0.2071999,1.991,-0.5385324,-0.02023203,-0.8423619,0.2694834,0.943069,-0.1949349,0.7983492,-0.3319814,-0.502421,static,-87.31463,84.31867,-18.08442,-5.941286
05/15/2023 12:31:43.309496,2479,True,True,True,True,Eyes,1.678792,-0.05178336,-2.023309,0.903578,-0.4257005,-0.04822791,0.0,0.0,0.0,0.0,0.0,0.0,0.0,-0.6926588,-0.8739538,-2.598083,1.922854,-0.04389882,-2.072272,0.06989243,0.8654867,-0.1516818,0.4722719,19.18222,122.5314,358.6478,0.6154004,-0.01969206,-0.7879682,0.0,0.0,0.0,3.791366,-0.8805966,-2.469143,-0.6501598,-0.2072001,1.991,-0.5441487,-0.02228818,-0.8386927,0.264252,0.9442154,-0.1965407,0.796287,-0.3285736,-0.507904,static,-86.94477,83.53648,-18.08442,-5.94129
05/15/2023 12:31:43.329495,2480,True,True,True,True,Eyes,1.689894,-0.0514192,-2.025438,0.9035559,-0.4250392,-0.0541152,0.0,0.0,0.0,0.0,0.0,0.0,0.0,-0.6681985,-0.8501912,-2.623531,1.933714,-0.04152618,-2.076356,0.06334276,0.868091,-0.1476484,0.4696867,18.41196,122.887,358.2653,0.6177271,-0.01969288,-0.7861456,0.0,0.0,0.0,3.795324,-0.8893404,-2.480525,-0.6501592,-0.2072001,1.991,-0.5507644,-0.02872239,-0.8341665,0.2486715,0.9483753,-0.196842,0.7967567,-0.315847,-0.5151889,static,-86.57257,82.74425,-18.08441,-5.941293
05/15/2023 12:31:43.339549,2481,True,True,True,True,Eyes,1.700984,-0.0510484,-2.027665,0.9036366,-0.4240645,-0.06008527,0.0,0.0,0.0,0.0,0.0,0.0,0.0,-0.6401401,-0.8461679,-2.642948,1.944331,-0.03963731,-2.080616,0.05746579,0.8703294,-0.1473455,0.4663836,18.06409,123.2704,357.7448,0.6200301,-0.01967328,-0.784331,0.0,0.0,0.0,3.807292,-0.8792393,-2.497501,-0.6501593,-0.2072001,1.991,-0.5583677,-0.03741077,-0.8287493,0.2374674,0.9499739,-0.2028761,0.79488,-0.3100805,-0.521551,static,-86.19585,81.93549,-18.0844,-5.941289
05/15/2023 12:31:43.359222,2482,True,True,True,True,Eyes,1.712029,-0.05069272,-2.029987,0.9037001,-0.4230154,-0.06621285,0.0,0.0,0.0,0.0,0.0,0.0,0.0,-0.607873,-0.8362278,-2.665167,1.954918,-0.03922696,-2.085343,0.05245538,0.87309,-0.1460245,0.4622113,17.6665,123.8011,357.3899,0.6223083,-0.01963513,-0.7825255,0.0,0.0,0.0,3.826616,-0.8482068,-2.51897,-0.6501598,-0.2071999,1.991,-0.5672182,-0.04339183,-0.8224236,0.2265849,0.9518506,-0.2064941,0.7917845,-0.303476,-0.5300751,static,-85.8095,81.10391,-18.08442,-5.941285
05/15/2023 12:31:43.379312,2483,True,True,True,True,Eyes,1.723031,-0.05033658,-2.032405,0.903543,-0.4223473,-0.07233863,0.0,0.0,0.0,0.0,0.0,0.0,0.0,-0.5751878,-0.8340418,-2.683831,1.964835,-0.0392784,-2.089808,0.05003523,0.8757067,-0.1456417,0.4576276,17.5101,124.3958,357.2553,0.6245594,-0.01958093,-0.7807314,0.0,0.0,0.0,3.840761,-0.8295192,-2.538168,-0.6501593,-0.2072001,1.990999,-0.576147,-0.04566701,-0.8160694,0.2209317,0.9525699,-0.2092839,0.7869204,-0.3008738,-0.5387311,static,-85.4226,80.28083,-18.08442,-5.941295
05/15/2023 12:31:43.389165,2484,True,True,True,True,Eyes,1.733989,-0.04995808,-2.034946,0.9032742,-0.4217967,-0.07863402,0.0,0.0,0.0,0.0,0.0,0.0,0.0,-0.5409436,-0.8522991,-2.69615,1.974622,-0.03886062,-2.094663,0.04991089,0.8779163,-0.1483689,0.4525029,17.79911,125.0245,357.1923,0.6267814,-0.01951237,-0.7789505,0.0,0.0,0.0,3.853195,-0.8124593,-2.563231,-0.6501596,-0.2072,1.991,-0.5855004,-0.04663952,-0.8093297,0.2219098,0.9509912,-0.2153412,0.7797088,-0.3056805,-0.546456,static,-85.0247,79.43979,-18.08442,-5.941288
05/15/2023 12:31:43.409097,2485,True,True,True,True,Eyes,1.744882,-0.04956539,-2.037582,0.9027633,-0.4216475,-0.08503949,0.0,0.0,0.0,0.0,0.0,0.0,0.0,-0.5042539,-0.8636726,-2.710943,1.984452,-0.03796211,-2.099982,0.04943207,0.8805103,-0.149811,0.4470066,17.93953,125.7232,357.1754,0.6289724,-0.01943012,-0.7771845,0.0,0.0,0.0,3.860404,-0.8059998,-2.588482,-0.6501597,-0.2071999,1.991,-0.5954835,-0.04688208,-0.8019987,0.2209839,0.9502263,-0.2196273,0.7723768,-0.3080131,-0.5554839,static,-84.61867,78.59733,-18.08442,-5.941285
05/15/2023 12:31:43.429250,2486,True,True,True,True,Eyes,1.755685,-0.0491885,-2.040315,0.9020391,-0.4218298,-0.09157032,0.0,0.0,0.0,0.0,0.0,0.0,0.0,-0.4666101,-0.8766749,-2.72407,1.993599,-0.03715292,-2.105,0.04968545,0.8831126,-0.1514047,0.4412713,18.13543,126.4579,357.2337,0.6311303,-0.01933513,-0.7754354,0.0,0.0,0.0,3.861711,-0.8141927,-2.611845,-0.65016,-0.2071999,1.991001,-0.6056222,-0.04586536,-0.7944295,0.2213767,0.949216,-0.2235652,0.764339,-0.3112642,-0.5647128,static,-84.20349,77.75232,-18.08442,-5.941283
05/15/2023 12:31:43.439413,2487,True,True,True,True,Eyes,1.766383,-0.04885182,-2.043152,0.9010019,-0.4225851,-0.09806804,0.0,0.0,0.0,0.0,0.0,0.0,0.0,-0.4291782,-0.9017503,-2.732172,2.00224,-0.03703138,-2.109922,0.05170884,0.8853431,-0.1548509,0.4353335,18.61537,127.2033,357.3834,0.6332535,-0.01922936,-0.7737051,0.0,0.0,0.0,3.863626,-0.8176222,-2.639016,-0.6501602,-0.2071996,1.991001,-0.6156221,-0.04326344,-0.7868532,0.2263837,0.9466949,-0.2291711,0.7548246,-0.3192135,-0.5730121,static,-83.78819,76.93481,-18.08442,-5.941274
05/15/2023 12:31:43.459408,2488,True,True,True,True,Eyes,1.776969,-0.04854039,-2.046077,0.8997284,-0.4237301,-0.1046021,0.0,0.0,0.0,0.0,0.0,0.0,0.0,-0.3931618,-0.9312385,-2.737704,2.010519,-0.03748441,-2.114997,0.05446601,0.8873051,-0.1589758,0.4294762,19.20225,127.9342,357.5787,0.6353393,-0.01911552,-0.7719961,0.0,0.0,0.0,3.86328,-0.8237377,-2.666513,-0.6501602,-0.2072,1.991,-0.6251673,-0.0398967,-0.7794704,0.2332085,0.9435203,-0.2353363,0.7448353,-0.3289038,-0.5805538,static,-83.36858,76.13319,-18.08443,-5.941288
05/15/2023 12:31:43.479071,2489,True,True,True,True,Eyes,1.787439,-0.04820594,-2.049117,0.8982215,-0.425285,-0.1110441,0.0,0.0,0.0,0.0,0.0,0.0,0.0,-0.3586978,-0.9643511,-2.740596,2.018419,-0.03766672,-2.119921,0.05710695,0.8889612,-0.1637631,0.4238735,19.85069,128.6169,357.7274,0.6373861,-0.01899544,-0.7703101,0.0,0.0,0.0,3.858442,-0.8406124,-2.691725,-0.6501601,-0.2072,1.991,-0.6341404,-0.03729794,-0.7723182,0.2403613,0.939841,-0.2427457,0.7349101,-0.3395702,-0.5870261,static,-82.95248,75.36649,-18.08442,-5.941287
05/15/2023 12:31:43.489352,2490,True,True,True,True,Eyes,1.797827,-0.04785276,-2.052272,0.8966401,-0.4268511,-0.1176209,0.0,0.0,0.0,0.0,0.0,0.0,0.0,-0.3232121,-1.002214,-2.741477,2.026375,-0.03663583,-2.125336,0.05860928,0.890437,-0.1695584,0.4182547,20.54784,129.2637,357.7072,0.6393919,-0.01886902,-0.7686492,0.0,0.0,0.0,3.851624,-0.8618899,-2.715337,-0.65016,-0.2072,1.991,-0.6432559,-0.03746143,-0.7647341,0.2462129,0.9356298,-0.2529349,0.7249833,-0.3509893,-0.592626,static,-82.52663,74.5942,-18.08442,-5.941287
05/15/2023 12:31:43.508788,2491,True,True,True,True,Eyes,1.808116,-0.04751075,-2.055533,0.8951532,-0.428086,-0.1242697,0.0,0.0,0.0,0.0,0.0,0.0,0.0,-0.2821527,-1.015657,-2.751701,2.034728,-0.0358398,-2.131109,0.05683786,0.8928939,-0.1718811,0.4122704,20.72043,129.9816,357.5353,0.6413552,-0.0187363,-0.767015,0.0,0.0,0.0,3.844115,-0.8842363,-2.736263,-0.6501601,-0.2071998,1.991001,-0.6536054,-0.04022262,-0.7557662,0.2432233,0.9344527,-0.260078,0.7166887,-0.3538083,-0.6009801,static,-82.09642,73.81243,-18.08442,-5.94128
05/15/2023 12:31:43.528958,2492,True,True,True,True,Eyes,1.818308,-0.0471774,-2.058897,0.8936089,-0.4292709,-0.1311098,0.0,0.0,0.0,0.0,0.0,0.0,0.0,-0.2401152,-1.014353,-2.766368,2.042566,-0.03579742,-2.13682,0.05420013,0.8958116,-0.1719379,0.4062285,20.61478,130.7394,357.3922,0.6432751,-0.01859842,-0.7654088,0.0,0.0,0.0,3.837021,-0.9049618,-2.755647,-0.6501597,-0.2071998,1.991,-0.6640818,-0.04258588,-0.7464463,0.2367983,0.9349995,-0.2640125,0.7091701,-0.352083,-0.6108319,static,-81.65314,73.01604,-18.08442,-5.941284
05/15/2023 12:31:43.539412,2493,True,True,True,True,Eyes,1.828565,-0.04682026,-2.062239,0.8932629,-0.4275666,-0.1388106,0.0,0.0,0.0,0.0,0.0,0.0,0.0,-0.1994936,-1.016752,-2.778862,2.050398,-0.0356793,-2.142486,0.05275095,0.8985113,-0.1723073,0.4002565,20.6016,131.4971,357.3585,0.645151,-0.01845631,-0.7638317,0.0,0.0,0.0,3.836207,-0.9077394,-2.782403,-0.6501599,-0.2071997,1.991,-0.6740245,-0.04313955,-0.7374486,0.2327288,0.9350551,-0.2674122,0.7010912,-0.3518678,-0.6202101,static,-81.16705,72.01385,-18.08442,-5.941279
05/15/2023 12:31:43.559104,2494,True,True,True,True,Eyes,1.838729,-0.0464956,-2.065703,0.8928949,-0.4256738,-0.1467675,0.0,0.0,0.0,0.0,0.0,0.0,0.0,-0.1600333,-1.000858,-2.798004,2.058428,-0.03572975,-2.148895,0.05030151,0.9016788,-0.169637,0.3945487,20.21897,132.2644,357.3645,0.6469877,-0.01830965,-0.7622801,0.0,0.0,0.0,3.837218,-0.9028389,-2.812973,-0.6501604,-0.2071997,1.991,-0.6836024,-0.04314849,-0.7285783,0.2245717,0.9373861,-0.2662233,0.6944464,-0.3456089,-0.6311095,static,-80.6656,70.97638,-18.08443,-5.941279
05/15/2023 12:31:43.578937,2495,True,True,True,True,Eyes,1.848789,-0.04622936,-2.069293,0.8924974,-0.4236055,-0.1549409,0.0,0.0,0.0,0.0,0.0,0.0,0.0,-0.1196011,-0.9804308,-2.817716,2.066252,-0.0362525,-2.155076,0.04738235,0.9049296,-0.1664638,0.3887768,19.76227,133.0378,357.3398,0.6487837,-0.01816016,-0.7607556,0.0,0.0,0.0,3.836273,-0.9019439,-2.842457,-0.6501601,-0.2071998,1.991001,-0.6932154,-0.04367917,-0.7194062,0.2151899,0.9400894,-0.2644337,0.6878564,-0.3381184,-0.6422851,static,-80.1514,69.90914,-18.08442,-5.94128
05/15/2023 12:31:43.589268,2496,True,True,True,True,Eyes,1.858753,-0.04601765,-2.072998,0.89191,-0.4217444,-0.1631816,0.0,0.0,0.0,0.0,0.0,0.0,0.0,-0.07934713,-0.9760566,-2.831012,2.073793,-0.03750415,-2.161385,0.04552658,0.9076073,-0.1660755,0.3828777,19.65313,133.7852,357.2896,0.6505375,-0.01801033,-0.75926,0.0,0.0,0.0,3.83899,-0.8900099,-2.87658,-0.6501603,-0.2071996,1.991001,-0.7026642,-0.04453268,-0.7101269,0.2098137,0.9406925,-0.2666004,0.6798834,-0.3363249,-0.6516474,static,-79.63198,68.84752,-18.08442,-5.941276
05/15/2023 12:31:43.609144,2497,True,True,True,True,Eyes,1.868632,-0.04583811,-2.076813,0.8911983,-0.4199781,-0.1714174,0.0,0.0,0.0,0.0,0.0,0.0,0.0,-0.04133713,-0.9870831,-2.838372,2.081352,-0.03858058,-2.16769,0.04518503,0.9096686,-0.1679635,0.37716,19.85654,134.4863,357.2887,0.6522482,-0.01786223,-0.7577944,0.0,0.0,0.0,3.841887,-0.8758343,-2.911346,-0.6501605,-0.2071999,1.991001,-0.7114174,-0.04449144,-0.70136,0.2089051,0.9394931,-0.2714984,0.6710023,-0.3396663,-0.6590773,static,-79.11242,67.79678,-18.08442,-5.941282
05/15/2023 12:31:43.629116,2498,True,True,True,True,Eyes,1.878426,-0.04569235,-2.080766,0.8903729,-0.4182611,-0.1797046,0.0,0.0,0.0,0.0,0.0,0.0,0.0,-0.008409619,-1.001668,-2.844124,2.088816,-0.03912929,-2.174342,0.04518624,0.9112962,-0.1702649,0.3721658,20.11815,135.09,357.2911,0.6539152,-0.01771693,-0.7563598,0.0,0.0,0.0,3.840812,-0.873085,-2.94188,-0.6501599,-0.2071998,1.991,-0.7189018,-0.04437747,-0.6936936,0.2090896,0.9379361,-0.27669,0.6629192,-0.3439571,-0.665005,static,-78.58924,66.74937,-18.08442,-5.94128
05/15/2023 12:31:43.639175,2499,True,True,True,True,Eyes,1.888114,-0.04559969,-2.084877,0.8895294,-0.4164423,-0.1879182,0.0,0.0,0.0,0.0,0.0,0.0,0.0,0.0257262,-1.002359,-2.854815,2.09651,-0.0398045,-2.18138,0.04375723,0.9133307,-0.1705607,0.3671804,20.10186,135.707,357.2336,0.6555377,-0.01757539,-0.7549573,0.0,0.0,0.0,3.836568,-0.8805925,-2.967662,-0.65016,-0.2071999,1.991,-0.726528,-0.04532342,-0.6856408,0.2051827,0.9379887,-0.2794231,0.6557877,-0.3436902,-0.6721755,static,-78.07133,65.71289,-18.08442,-5.941284
05/15/2023 12:31:43.659629,2500,True,True,True,True,Eyes,1.897728,-0.04554958,-2.089135,0.8886142,-0.4145946,-0.1961534,0.0,0.0,0.0,0.0,0.0,0.0,0.0,0.05712211,-0.9983386,-2.866927,2.104032,-0.04096055,-2.188739,0.04222019,0.9153168,-0.1701148,0.3625933,20.00092,136.2834,357.1895,0.6571145,-0.01743915,-0.7535884,0.0,0.0,0.0,3.832766,-0.8894356,-2.990025,-0.6501597,-0.2072,1.991,-0.7334872,-0.04607527,-0.6781398,0.2006546,0.9385568,-0.2808003,0.6494107,-0.3420353,-0.6791742,static,-77.5521,64.68018,-18.08442,-5.941288
05/15/2023 12:31:43.679245,2501,True,True,True,True,Eyes,1.907218,-0.0455709,-2.093591,0.8877316,-0.4125818,-0.204228,0.0,0.0,0.0,0.0,0.0,0.0,0.0,0.08601487,-0.9919232,-2.879964,2.111807,-0.04196471,-2.196364,0.04056285,0.9171916,-0.1692411,0.3584297,19.8483,136.8095,357.1411,0.6586451,-0.0173092,-0.752254,0.0,0.0,0.0,3.832029,-0.8889754,-3.016009,-0.6501603,-0.2071996,1.991001,-0.7397657,-0.04691427,-0.671227,0.1957299,0.9394242,-0.2813751,0.6437675,-0.3395309,-0.6857713,static,-77.04419,63.66459,-18.08442,-5.941275
05/15/2023 12:31:43.689580,2502,True,True,True,True,Eyes,1.91663,-0.04566666,-2.098189,0.8867582,-0.4106166,-0.2122591,0.0,0.0,0.0,0.0,0.0,0.0,0.0,0.1135914,-0.9802778,-2.89469,2.119502,-0.04364765,-2.204287,0.03852738,0.9190935,-0.1676901,0.3544893,19.60665,137.3118,357.0751,0.6601272,-0.01718747,-0.7509565,0.0,0.0,0.0,3.832317,-0.8864654,-3.041894,-0.6501596,-0.2071999,1.991,-0.7457057,-0.04806818,-0.6645391,0.1897093,0.9407914,-0.2809307,0.6386964,-0.3355609,-0.6924345,static,-76.53867,62.66431,-18.08441,-5.941283
05/15/2023 12:31:43.709240,2503,True,True,True,True,Eyes,1.925965,-0.04583889,-2.102934,0.8856679,-0.4088052,-0.2201607,0.0,0.0,0.0,0.0,0.0,0.0,0.0,0.13897,-0.97929,-2.905438,2.127026,-0.04554579,-2.212144,0.03735666,0.920539,-0.1678041,0.350791,19.58161,137.7651,357.0218,0.6615607,-0.01707575,-0.7496965,0.0,0.0,0.0,3.833959,-0.8821175,-3.067028,-0.65016,-0.2071999,1.991,-0.7511004,-0.0489518,-0.6583707,0.1865049,0.9408925,-0.2827317,0.6332963,-0.3351492,-0.697575,static,-76.04027,61.69546,-18.08442,-5.941284
05/15/2023 12:31:43.729149,2504,True,True,True,True,Eyes,1.935223,-0.04607001,-2.107817,0.8844603,-0.4071606,-0.227926,0.0,0.0,0.0,0.0,0.0,0.0,0.0,0.1618193,-0.9882553,-2.912955,2.134483,-0.04751894,-2.220329,0.03707775,0.9215676,-0.1693641,0.3473533,19.75015,138.1726,356.9962,0.6629459,-0.01697569,-0.7484742,0.0,0.0,0.0,3.836667,-0.8754293,-3.092659,-0.6501597,-0.2072001,1.990999,-0.755942,-0.04931907,-0.6527783,0.1859977,0.939882,-0.2864028,0.6276598,-0.3379191,-0.701323,static,-75.54926,60.76017,-18.08442,-5.941291
05/15/2023 12:31:43.739277,2505,True,True,True,True,Eyes,1.944413,-0.04634503,-2.112849,0.882971,-0.4058421,-0.2359119,0.0,0.0,0.0,0.0,0.0,0.0,0.0,0.1845698,-0.9968371,-2.920365,2.14187,-0.04916468,-2.22851,0.03656085,0.9225699,-0.170902,0.3439778,19.90675,138.5681,356.9448,0.6642824,-0.01688818,-0.7472902,0.0,0.0,0.0,3.83761,-0.8759542,-3.114387,-0.6501597,-0.2071999,1.991,-0.7606854,-0.05011313,-0.6471838,0.1850329,0.9389116,-0.2901859,0.6221905,-0.3404904,-0.7049438,static,-75.04115,59.831,-18.08442,-5.941285
05/15/2023 12:31:43.759413,2506,True,True,True,True,Eyes,1.953532,-0.04664341,-2.118037,0.8814222,-0.4045576,-0.2437791,0.0,0.0,0.0,0.0,0.0,0.0,0.0,0.2042209,-1.012102,-2.925774,2.149284,-0.05044661,-2.237016,0.03602998,0.9231652,-0.1735711,0.3410881,20.18475,138.8797,356.8312,0.6655708,-0.01681342,-0.7461446,0.0,0.0,0.0,3.837098,-0.882994,-3.13291,-0.6501602,-0.2071998,1.991,-0.7647216,-0.0518828,-0.6422687,0.1849293,0.9371499,-0.2958907,0.6172537,-0.3450483,-0.7070642,static,-74.5399,58.92759,-18.08443,-5.941282
05/15/2023 12:31:43.779357,2507,True,True,True,True,Eyes,1.962569,-0.04699173,-2.1234,0.8797356,-0.4032789,-0.251856,0.0,0.0,0.0,0.0,0.0,0.0,0.0,0.2247001,-1.014727,-2.935576,2.156686,-0.05130248,-2.245849,0.03475993,0.9241869,-0.1741671,0.3381362,20.20823,139.2245,356.7297,0.6668116,-0.01675086,-0.7450374,0.0,0.0,0.0,3.836879,-0.889042,-3.151154,-0.6501598,-0.2071998,1.991001,-0.7689112,-0.05353503,-0.6371101,0.1820337,0.9369152,-0.2984186,0.6128941,-0.345433,-0.7106594,static,-74.02433,58.01438,-18.08441,-5.941279
05/15/2023 12:31:43.789828,2508,True,True,True,True,Eyes,1.971527,-0.04738185,-2.128919,0.8780289,-0.4019175,-0.2598605,0.0,0.0,0.0,0.0,0.0,0.0,0.0,0.244566,-1.002116,-2.950767,2.164096,-0.05284896,-2.254986,0.03311817,0.9256452,-0.1722619,0.3352764,19.94477,139.597,356.6946,0.6680037,-0.01670096,-0.7439699,0.0,0.0,0.0,3.83711,-0.8978831,-3.165895,-0.6501597,-0.2071997,1.991,-0.7729861,-0.05419934,-0.632104,0.176822,0.9384581,-0.2966992,0.6092839,-0.3411142,-0.7158313,static,-73.51341,57.11524,-18.08442,-5.941281
05/15/2023 12:31:43.809142,2509,True,True,True,True,Eyes,1.980374,-0.04779977,-2.134626,0.8761667,-0.4006318,-0.2680039,0.0,0.0,0.0,0.0,0.0,0.0,0.0,0.2645531,-0.9931239,-2.964225,2.171149,-0.05430508,-2.264084,0.03149208,0.926972,-0.1710366,0.3323819,19.75671,139.9607,356.6306,0.6691476,-0.01666379,-0.742942,0.0,0.0,0.0,3.839156,-0.8983819,-3.184716,-0.6501597,-0.2072,1.991,-0.7770609,-0.05531437,-0.6269899,0.1720835,0.9395095,-0.2961574,0.6054448,-0.338027,-0.7205375,static,-72.99205,56.21933,-18.08442,-5.941289
05/15/2023 12:31:43.829249,2510,True,True,True,True,Eyes,1.989142,-0.04822851,-2.140503,0.8742495,-0.3992683,-0.2761751,0.0,0.0,0.0,0.0,0.0,0.0,0.0,0.2890328,-0.9925302,-2.974488,2.17809,-0.05534947,-2.273565,0.02979716,0.9282476,-0.1713356,0.3288052,19.73551,140.3817,356.5066,0.6702424,-0.01663895,-0.7419552,0.0,0.0,0.0,3.843107,-0.8912172,-3.207762,-0.6501598,-0.2071997,1.991001,-0.7819987,-0.05735382,-0.6206359,0.1679903,0.9395124,-0.2984888,0.6002146,-0.3376787,-0.7250627,static,-72.46869,55.32827,-18.08441,-5.941278
05/15/2023 12:31:43.839378,2511,True,True,True,True,Eyes,1.997784,-0.04864661,-2.146565,0.872144,-0.398017,-0.2845123,0.0,0.0,0.0,0.0,0.0,0.0,0.0,0.3182092,-0.9829599,-2.987175,2.184908,-0.05607855,-2.283355,0.02787088,0.9300457,-0.1701137,0.3244992,19.54305,140.9178,356.4373,0.671288,-0.01662548,-0.7410097,0.0,0.0,0.0,3.846148,-0.8860198,-3.229667,-0.6501597,-0.2072,1.990999,-0.7878472,-0.05856112,-0.6130806,0.1622459,0.9405692,-0.2983388,0.5941158,-0.3345151,-0.7315233,static,-71.93256,54.44189,-18.08442,-5.94129
05/15/2023 12:31:43.859337,2512,True,True,True,True,Eyes,2.006335,-0.04896675,-2.15279,0.8698866,-0.3969511,-0.292792,0.0,0.0,0.0,0.0,0.0,0.0,0.0,0.3478769,-0.9819424,-2.996344,2.191332,-0.05615155,-2.293081,0.02775353,0.9317542,-0.1695414,0.3198746,19.49333,141.512,356.549,0.6722838,-0.01662178,-0.7401066,0.0,0.0,0.0,3.846733,-0.8850454,-3.251805,-0.6501598,-0.2071999,1.991001,-0.7938199,-0.05674501,-0.6054996,0.1601829,0.9409709,-0.2981865,0.5866781,-0.333697,-0.7378719,static,-71.39746,53.58744,-18.08441,-5.941282
05/15/2023 12:31:43.879255,2513,True,True,True,True,Eyes,2.014767,-0.0491613,-2.159213,0.8674425,-0.3960179,-0.3011864,0.0,0.0,0.0,0.0,0.0,0.0,0.0,0.3766083,-0.9956998,-3.000633,2.197715,-0.05407344,-2.303079,0.02837173,0.9330333,-0.1709058,0.3153335,19.68293,142.0736,356.6609,0.6732295,-0.01662346,-0.7392464,0.0,0.0,0.0,3.846401,-0.8789098,-3.279402,-0.6501597,-0.2071999,1.991001,-0.7995199,-0.05484115,-0.5981311,0.1607282,0.9399725,-0.3010286,0.5787355,-0.3368148,-0.7427121,static,-70.85239,52.74566,-18.08441,-5.941282
05/15/2023 12:31:43.889433,2514,True,True,True,True,Eyes,2.0231,-0.04928871,-2.165786,0.8649368,-0.3949775,-0.3096401,0.0,0.0,0.0,0.0,0.0,0.0,0.0,0.4066484,-0.9961821,-3.009173,2.204133,-0.05117843,-2.313447,0.02764956,0.9346929,-0.1703622,0.3107432,19.61247,142.6506,356.7021,0.6741243,-0.01662567,-0.7384304,0.0,0.0,0.0,3.842327,-0.8786181,-3.306728,-0.6501592,-0.2072001,1.991,-0.8053485,-0.05419011,-0.5903197,0.1575655,0.9404244,-0.301289,0.571478,-0.3356566,-0.7488309,static,-70.30306,51.90555,-18.0844,-5.94129
05/15/2023 12:31:43.908857,2515,True,True,True,True,Eyes,2.031291,-0.04933765,-2.17251,0.8622326,-0.394195,-0.3180647,0.0,0.0,0.0,0.0,0.0,0.0,0.0,0.4373835,-0.9848366,-3.020653,2.210079,-0.04972276,-2.323495,0.02637676,0.9366484,-0.1682564,0.3060783,19.35018,143.252,356.7441,0.6749688,-0.01662604,-0.7376585,0.0,0.0,0.0,3.83649,-0.8837785,-3.330564,-0.6501601,-0.2071999,1.991,-0.8112409,-0.05358773,-0.5822515,0.1524107,0.9419881,-0.2990474,0.5644993,-0.3313408,-0.756012,static,-69.75174,51.10093,-18.08442,-5.941285
05/15/2023 12:31:43.929131,2516,True,True,True,True,Eyes,2.23383,-0.04801771,-2.344811,0.7722778,-0.3608826,-0.5228295,0.0,0.0,0.0,0.0,0.0,0.0,0.0,0.4639428,-0.9957789,-3.024596,2.215584,-0.04777136,-2.333218,0.02652623,0.9377947,-0.1693897,0.3019017,19.49485,143.7616,356.8058,0.6757622,-0.01662215,-0.7369319,0.0,0.0,0.0,3.832903,-0.8790943,-3.35814,-0.6501596,-0.2071999,1.991,-0.8163036,-0.05252571,-0.5752301,0.1520303,0.941207,-0.3016888,0.557257,-0.3337221,-0.7603251,static,-55.90213,34.61535,-18.08441,-5.941286
05/15/2023 12:31:43.939280,2517,True,True,True,True,Eyes,2.234015,-0.04787287,-2.345252,0.7721447,-0.3606245,-0.5232042,0.0,0.0,0.0,0.0,0.0,0.0,0.0,0.4944761,-0.9801422,-3.037493,2.221524,-0.04531175,-2.343998,0.02543335,0.9398807,-0.1662601,0.297212,19.12606,144.382,356.9044,0.6776095,-0.01632956,-0.7352402,0.6076148,0.003959823,-0.5169032,3.829853,-0.8697616,-3.388196,-0.6501595,-0.2071998,1.991,-0.8220364,-0.05102038,-0.5671448,0.1466376,0.9434214,-0.2974112,0.5502306,-0.3276476,-0.7680453,static,-55.87849,34.577,-18.08441,-5.941282
05/15/2023 12:31:43.959102,2518,True,True,True,True,Eyes,2.234405,-0.04770496,-2.346087,0.7718447,-0.3599849,-0.5240865,0.0,0.0,0.0,0.0,0.0,0.0,0.0,0.5232353,-0.9483324,-3.054578,2.226865,-0.04170252,-2.354335,0.02400959,0.9423444,-0.1602771,0.2927829,18.42915,145.0039,357.0635,0.6791625,-0.01608782,-0.7338113,0.5711579,0.003722234,-0.485889,3.82431,-0.8730799,-3.410524,-0.65016,-0.2072,1.991,-0.8274031,-0.04860223,-0.5595011,0.1391034,0.9474695,-0.2880133,0.5441083,-0.3161317,-0.7771786,static,-55.8233,34.48442,-18.08442,-5.941286
05/15/2023 12:31:43.978878,2519,True,True,True,True,Eyes,2.234943,-0.04754017,-2.34726,0.7713137,-0.3597124,-0.5250545,0.0,0.0,0.0,0.0,0.0,0.0,0.0,0.5556993,-0.9120271,-3.071554,2.232176,-0.04104744,-2.364476,0.02308161,0.9449902,-0.1538434,0.2877376,17.70065,145.7095,357.298,0.6804668,-0.01588635,-0.7326063,0.5368884,0.0034989,-0.4567356,3.821105,-0.8599634,-3.442818,-0.6501601,-0.2071997,1.991,-0.8333485,-0.04490928,-0.5509203,0.1321569,0.9515988,-0.2774782,0.5367165,-0.3040439,-0.7870784,static,-55.75581,34.41486,-18.08442,-5.941278
05/15/2023 12:31:43.994681,2520,True,True,True,True,Eyes,2.235647,-0.04729689,-2.348761,0.7705794,-0.3598571,-0.5260326,0.0,0.0,0.0,0.0,0.0,0.0,0.0,0.5791305,-0.9183106,-3.075509,2.236732,-0.04085165,-2.373352,0.02546251,0.946207,-0.1534022,0.2837459,17.74314,146.2493,357.6611,0.6815603,-0.01571715,-0.7315927,0.5046751,0.003288966,-0.4293315,3.819307,-0.8358371,-3.478256,-0.6501597,-0.2072,1.991,-0.8376799,-0.03886886,-0.5447768,0.1352401,0.9516389,-0.2758507,0.5291527,-0.3047502,-0.7919121,static,-55.68077,34.3759,-18.08442,-5.941289
05/15/2023 12:31:44.010788,2521,True,True,True,True,Eyes,2.236546,-0.04693654,-2.350616,0.7698033,-0.359987,-0.5270787,0.0,0.0,0.0,0.0,0.0,0.0,0.0,0.5953746,-0.9559637,-3.071545,2.241437,-0.03861833,-2.382687,0.02798374,0.9462401,-0.1579928,0.2808643,18.34376,146.587,357.8391,0.6824747,-0.01557125,-0.7307429,0.4743946,0.003091628,-0.4035716,3.815206,-0.8143719,-3.515869,-0.6501595,-0.2072,1.991,-0.8406641,-0.03579037,-0.5403726,0.1417077,0.9485104,-0.2832789,0.5226878,-0.3147174,-0.792307,static,-55.60084,34.3325,-18.08441,-5.941288
05/15/2023 12:31:44.029462,2522,True,True,True,True,Eyes,2.237598,-0.04650532,-2.352793,0.769014,-0.3594998,-0.5285617,0.0,0.0,0.0,0.0,0.0,0.0,0.0,0.6213861,-0.9383325,-3.083781,2.246752,-0.03551561,-2.393142,0.02396083,0.9477348,-0.1559684,0.2773061,17.99429,146.9891,357.5242,0.6832364,-0.01543985,-0.7300337,0.4459309,0.00290613,-0.3793573,3.806879,-0.8195179,-3.5387,-0.65016,-0.2072,1.991,-0.8450546,-0.04108492,-0.5330994,0.131919,0.9501995,-0.2823443,0.5181509,-0.3089222,-0.7975506,static,-55.49833,34.22147,-18.08442,-5.941288
05/15/2023 12:31:44.038911,2523,True,True,True,True,Eyes,2.238783,-0.04603216,-2.355263,0.7680532,-0.3590541,-0.5302588,0.0,0.0,0.0,0.0,0.0,0.0,0.0,0.65685,-0.8900929,-3.101666,2.25145,-0.03357095,-2.402893,0.01687636,0.9501274,-0.1505147,0.2726138,17.1706,147.5282,357.0005,0.6838673,-0.01531683,-0.7294453,0.4191751,0.002731763,-0.3565959,3.799312,-0.8384825,-3.550146,-0.6501595,-0.2071999,1.991,-0.8507939,-0.04999538,-0.523116,0.1141341,0.9541211,-0.2768148,0.5129554,-0.2952178,-0.8060542,static,-55.37906,34.1031,-18.08441,-5.941286
05/15/2023 12:31:44.059020,2524,True,True,True,True,Eyes,2.24012,-0.04551942,-2.358026,0.7669351,-0.3583522,-0.532348,0.0,0.0,0.0,0.0,0.0,0.0,0.0,0.694039,-0.8701786,-3.109664,2.255957,-0.03207529,-2.412165,0.0127359,0.9519668,-0.1487451,0.2673427,16.85858,148.1362,356.6884,0.6843846,-0.01519819,-0.7289624,0.3940246,0.002567857,-0.3352001,3.800478,-0.8207493,-3.575964,-0.6501601,-0.2071999,1.991,-0.8567316,-0.0552835,-0.5127914,0.1037801,0.9554254,-0.276391,0.5052138,-0.2900105,-0.8128057,static,-55.23456,33.94663,-18.08442,-5.941283
05/15/2023 12:31:44.079254,2525,True,True,True,True,Eyes,2.241588,-0.04495967,-2.361055,0.7655631,-0.3578019,-0.5346877,0.0,0.0,0.0,0.0,0.0,0.0,0.0,0.7341667,-0.846271,-3.118153,2.260983,-0.03069316,-2.421789,0.009380993,0.9540436,-0.1459518,0.2615549,16.463,148.832,356.5058,0.6848151,-0.0150779,-0.7285605,0.3703831,0.002413785,-0.3150881,3.802248,-0.7865382,-3.610282,-0.6501596,-0.2071998,1.991,-0.8630024,-0.05844904,-0.5018078,0.09424856,0.9572201,-0.2735815,0.4963311,-0.283396,-0.8205744,static,-55.06862,33.78961,-18.08441,-5.94128
05/15/2023 12:31:44.090091,2526,True,True,True,True,Eyes,2.243182,-0.04436242,-2.364334,0.763944,-0.3573333,-0.5373104,0.0,0.0,0.0,0.0,0.0,0.0,0.0,0.7799766,-0.8255663,-3.123187,2.265795,-0.02910519,-2.430955,0.005840626,0.9561639,-0.1439316,0.254951,16.15416,149.6128,356.2858,0.6851788,-0.01495137,-0.7282211,0.3481601,0.002268958,-0.2961828,3.797347,-0.771507,-3.639796,-0.6501597,-0.2071999,1.991,-0.8699317,-0.06222185,-0.4892313,0.08456023,0.9584991,-0.2722664,0.4858686,-0.2782227,-0.8285673,static,-54.87985,33.62552,-18.08441,-5.941285
05/15/2023 12:31:44.109342,2527,True,True,True,True,Eyes,2.24489,-0.04375582,-2.367857,0.7619937,-0.3573647,-0.5400519,0.0,0.0,0.0,0.0,0.0,0.0,0.0,0.8257526,-0.8297231,-3.120787,2.270448,-0.02761057,-2.440066,0.003797529,0.9576914,-0.1455358,0.2482581,16.29854,150.3786,356.1176,0.6854821,-0.01481728,-0.7279372,0.3272705,0.002132821,-0.2784119,3.790739,-0.7552694,-3.672612,-0.65016,-0.2071998,1.991,-0.8767071,-0.06498715,-0.4766146,0.07953459,0.9576098,-0.2768712,0.4744039,-0.2806423,-0.8343746,static,-54.67345,33.49352,-18.08442,-5.941282
05/15/2023 12:31:44.129263,2528,True,True,True,True,Eyes,2.246689,-0.04311666,-2.371585,0.759698,-0.3576958,-0.5430586,0.0,0.0,0.0,0.0,0.0,0.0,0.0,0.8762971,-0.83188,-3.117007,2.27509,-0.02669369,-2.449265,0.003211617,0.9595314,-0.1461853,0.2406638,16.38466,151.2872,356.1631,0.685729,-0.01467646,-0.7277068,0.3076342,0.002004851,-0.2617072,3.781233,-0.7411933,-3.706141,-0.6501597,-0.2072,1.991,-0.8841414,-0.06419973,-0.462788,0.07652633,0.957239,-0.278993,0.46091,-0.2820846,-0.8414217,static,-54.4415,33.37165,-18.08442,-5.941288
05/15/2023 12:31:44.138897,2529,True,True,True,True,Eyes,2.248597,-0.04248206,-2.375503,0.7570442,-0.3587799,-0.5460412,0.0,0.0,0.0,0.0,0.0,0.0,0.0,0.9222791,-0.8532324,-3.107545,2.279111,-0.02517894,-2.457734,0.005696223,0.960964,-0.1483997,0.2334384,16.73065,152.1785,356.5077,0.6859233,-0.01452854,-0.7275262,0.2891762,0.00188456,-0.2460047,3.768506,-0.742534,-3.734062,-0.6501595,-0.2072,1.991,-0.8909484,-0.05833664,-0.4503424,0.0802321,0.9558902,-0.2825541,0.4469612,-0.2878729,-0.8469683,static,-54.19783,33.30717,-18.08441,-5.941287
05/15/2023 12:31:44.159092,2530,True,True,True,True,Eyes,2.250588,-0.04182009,-2.379581,0.7540848,-0.3602911,-0.5491325,0.0,0.0,0.0,0.0,0.0,0.0,0.0,0.9644858,-0.8800108,-3.097221,2.283506,-0.02447352,-2.466258,0.009998039,0.9622249,-0.1505971,0.2265922,17.11841,153.0555,357.0606,0.6860693,-0.01437434,-0.7273914,0.2718256,0.001771487,-0.2312444,3.751739,-0.744924,-3.765843,-0.6501597,-0.2072,1.991,-0.8971123,-0.04900753,-0.4390766,0.08748897,0.9544411,-0.2852856,0.4330539,-0.2943475,-0.8519531,static,-53.9375,33.26927,-18.08441,-5.941287
05/15/2023 12:31:44.179037,2531,True,True,True,True,Eyes,2.252688,-0.04114199,-2.383798,0.7509796,-0.3623798,-0.552006,0.0,0.0,0.0,0.0,0.0,0.0,0.0,0.9991918,-0.9177815,-3.084428,2.28752,-0.02300398,-2.474092,0.01470821,0.9629241,-0.1542791,0.2208144,17.67478,153.7965,357.6055,0.6861708,-0.01421363,-0.7272987,0.2555161,0.001665197,-0.2173698,3.731645,-0.7584662,-3.792709,-0.6501602,-0.2071997,1.991001,-0.9020494,-0.0398083,-0.4297932,0.09645985,0.9519633,-0.2906224,0.4207166,-0.3036136,-0.8548779,static,-53.68233,33.28402,-18.08442,-5.941277
05/15/2023 12:31:44.190790,2532,True,True,True,True,Eyes,2.254854,-0.04045933,-2.388172,0.7477431,-0.3645905,-0.5549361,0.0,0.0,0.0,0.0,0.0,0.0,0.0,1.022877,-0.9542649,-3.074974,2.291673,-0.02176031,-2.481959,0.01926542,0.9632263,-0.1576907,0.2166974,18.18784,154.3409,358.1163,0.686232,-0.01404658,-0.7272443,0.2401851,0.001565286,-0.2043276,3.710856,-0.7764169,-3.817916,-0.6501611,-0.2071995,1.991002,-0.9053424,-0.03122843,-0.4235331,0.1054562,0.9495249,-0.2954342,0.4113812,-0.3121333,-0.8563519,moving,-53.41912,33.30474,-18.08443,-5.941269
05/15/2023 12:31:44.209817,2533,True,True,True,True,Eyes,2.257126,-0.03976797,-2.39266,0.7444748,-0.366959,-0.557762,0.0,0.0,0.0,0.0,0.0,0.0,0.0,1.043668,-0.9715927,-3.071892,2.295479,-0.02088749,-2.489998,0.02208961,0.9637895,-0.1587197,0.2131438,18.38262,154.8142,358.4855,0.6862556,-0.01387366,-0.7272254,0.225774,0.001471368,-0.1920679,3.689011,-0.7970956,-3.838745,-0.6468806,-0.2051203,1.991267,-0.9081639,-0.02508077,-0.4178635,0.1102397,0.9486402,-0.2965282,0.4038393,-0.3153613,-0.8587559,moving,-53.15937,33.34144,-17.99684,-5.881291
05/15/2023 12:31:44.229356,2534,True,True,True,True,Eyes,2.259447,-0.03907619,-2.397295,0.7410852,-0.3693823,-0.5606686,0.0,0.0,0.0,0.0,0.0,0.0,0.0,1.065499,-0.9932157,-3.06651,2.299083,-0.0199018,-2.497813,0.02408772,0.9641573,-0.1609827,0.2095357,18.69436,155.2684,358.7288,0.6862455,-0.01369522,-0.7272384,0.2122275,0.001383086,-0.1805439,3.672217,-0.8160763,-3.854844,-0.6435981,-0.2030387,1.991535,-0.9110295,-0.02101452,-0.4118061,0.1139119,0.9470087,-0.3003307,0.3962953,-0.3205197,-0.8603591,moving,-52.89064,33.37788,-17.90911,-5.821241
05/15/2023 12:31:44.239264,2535,True,True,True,True,Eyes,2.261847,-0.03838797,-2.402048,0.7377221,-0.3715027,-0.5636948,0.0,0.0,0.0,0.0,0.0,0.0,0.0,1.091713,-1.005781,-3.062386,2.302603,-0.01914798,-2.50585,0.02506834,0.9648065,-0.1623078,0.2053689,18.87398,155.7826,358.8922,0.6862036,-0.01351181,-0.7272814,0.1994939,0.001300101,-0.1697112,3.659338,-0.8236925,-3.873203,-0.6404811,-0.2010624,1.991789,-0.9143907,-0.01829376,-0.40442,0.1150382,0.9460555,-0.3028948,0.3881448,-0.3234878,-0.8629599,moving,-52.61649,33.38685,-17.82575,-5.764232
05/15/2023 12:31:44.258962,2536,True,True,True,True,Eyes,2.264288,-0.03771346,-2.406925,0.7342228,-0.3735574,-0.5668966,0.0,0.0,0.0,0.0,0.0,0.0,0.0,1.121697,-1.003948,-3.061281,2.306196,-0.01851462,-2.513697,0.02590149,0.9659559,-0.1612322,0.2006554,18.77671,156.3833,359.1125,0.6861327,-0.01332404,-0.7273517,0.1875242,0.001222095,-0.1595285,3.646479,-0.8335189,-3.889439,-0.6373398,-0.19907,1.992045,-0.9181332,-0.01466481,-0.3960008,0.1147436,0.9466667,-0.3010918,0.3792962,-0.3218809,-0.8674834,moving,-52.32811,33.38295,-17.74168,-5.706764
05/15/2023 12:31:44.279139,2537,True,True,True,True,Eyes,2.266595,-0.03704387,-2.412011,0.7309963,-0.3728551,-0.5715098,0.0,0.0,0.0,0.0,0.0,0.0,0.0,1.150361,-1.003576,-3.059704,2.30964,-0.01812944,-2.521411,0.02726324,0.9670456,-0.1601301,0.1960557,18.68691,156.9786,359.3916,0.6860345,-0.01313281,-0.7274477,0.1762728,0.001148769,-0.1499568,3.633149,-0.838486,-3.908939,-0.6342132,-0.1970874,1.992299,-0.9216378,-0.01005927,-0.387921,0.1155185,0.9472301,-0.2990161,0.3704583,-0.3203965,-0.871841,moving,-51.98088,33.12057,-17.65795,-5.649581
05/15/2023 12:31:44.291663,2538,True,True,True,True,Eyes,2.268943,-0.03640401,-2.417206,0.7276327,-0.3721045,-0.5762714,0.0,0.0,0.0,0.0,0.0,0.0,0.0,1.181817,-0.9952522,-3.059709,2.313309,-0.01815473,-2.529289,0.0277936,0.9683244,-0.1581973,0.1911781,18.48158,157.5978,359.5976,0.6859066,-0.01293865,-0.7275716,0.1656964,0.001079843,-0.1409594,3.618847,-0.8352211,-3.933669,-0.6309021,-0.1949885,1.992568,-0.925357,-0.006661302,-0.3790386,0.1143142,0.9484022,-0.2957456,0.3614511,-0.3169997,-0.8768493,moving,-51.62144,32.85075,-17.56923,-5.58905
05/15/2023 12:31:44.309364,2539,True,True,True,True,Eyes,2.271281,-0.03581184,-2.422523,0.7241077,-0.3713091,-0.5812035,0.0,0.0,0.0,0.0,0.0,0.0,0.0,1.215697,-0.9859949,-3.058386,2.316709,-0.01824348,-2.536997,0.02730524,0.9695655,-0.156776,0.1860604,18.31072,158.2215,359.6746,0.685751,-0.01274279,-0.7277214,0.1557546,0.001015053,-0.1325018,3.6042,-0.8331401,-3.957582,-0.6277953,-0.193019,1.992819,-0.9292721,-0.005391176,-0.369357,0.111288,0.9493514,-0.2938484,0.3522339,-0.3141701,-0.8816057,moving,-51.24781,32.57299,-17.48592,-5.532254
05/15/2023 12:31:44.329344,2540,True,True,True,True,Eyes,2.273665,-0.03529029,-2.427941,0.7204093,-0.3704998,-0.5862938,0.0,0.0,0.0,0.0,0.0,0.0,0.0,1.253059,-0.9801621,-3.054152,2.32022,-0.01876463,-2.544592,0.02621766,0.9706938,-0.1564581,0.1805192,18.25287,158.876,359.6628,0.6855687,-0.01254688,-0.7278962,0.1464094,0.0009541495,-0.1245517,3.589771,-0.8268805,-3.983751,-0.6244993,-0.190929,1.993088,-0.9334509,-0.005588745,-0.3586616,0.107386,0.949667,-0.2942803,0.3422538,-0.3132114,-0.8858674,moving,-50.86012,32.29024,-17.39747,-5.471984
05/15/2023 12:31:44.339142,2541,True,True,True,True,Eyes,2.276124,-0.03485316,-2.43342,0.7164553,-0.369791,-0.5915626,0.0,0.0,0.0,0.0,0.0,0.0,0.0,1.293192,-0.9714689,-3.049311,2.323738,-0.01995078,-2.552301,0.02515661,0.9719253,-0.1557759,0.1745349,18.15487,159.5863,359.6698,0.6853616,-0.01235307,-0.7280942,0.1376248,0.0008969005,-0.1170786,3.575291,-0.8205609,-4.009263,-0.621448,-0.1889932,1.993337,-0.9378095,-0.005475981,-0.3471073,0.1032774,0.950202,-0.2940237,0.3314321,-0.3115865,-0.890543,moving,-50.4542,32.00986,-17.31552,-5.416162
05/15/2023 12:31:44.359245,2542,True,True,True,True,Eyes,2.278624,-0.0344813,-2.438979,0.7123102,-0.3692557,-0.596879,0.0,0.0,0.0,0.0,0.0,0.0,0.0,1.331478,-0.9732795,-3.040944,2.327217,-0.02149083,-2.559501,0.02542825,0.9728885,-0.1561959,0.1686546,18.20993,160.2995,359.8065,0.6851326,-0.01216372,-0.7283124,0.1293673,0.0008430865,-0.1100539,3.559483,-0.8172264,-4.03395,-0.6181525,-0.1869044,1.993604,-0.9418181,-0.003208594,-0.3361077,0.102164,0.9499125,-0.2953452,0.3202206,-0.3124995,-0.8943169,moving,-50.03874,31.74276,-17.22698,-5.355941
05/15/2023 12:31:44.379269,2543,True,True,True,True,Eyes,2.341126,-0.02684829,-2.580505,0.5938655,-0.3528048,-0.7230854,0.0,0.0,0.0,0.0,0.0,0.0,0.0,1.367295,-0.9822762,-3.031087,2.33076,-0.02264693,-2.566885,0.02623367,0.9736165,-0.1574492,0.1630716,18.36965,160.9809,359.9838,0.6848834,-0.01198035,-0.7285492,0.1216053,0.0007925013,-0.1034507,3.542065,-0.8134335,-4.060194,-0.6148136,-0.1847871,1.993875,-0.9454389,-0.0002679467,-0.3257995,0.1024341,0.949043,-0.2980344,0.3092776,-0.3151463,-0.8972348,moving,-39.39605,26.00848,-17.13721,-5.294898
05/15/2023 12:31:44.392747,2544,True,True,True,True,Eyes,2.34127,-0.02690677,-2.580797,0.5935248,-0.3528408,-0.7233475,0.0,0.0,0.0,0.0,0.0,0.0,0.0,1.405437,-0.9832408,-3.022707,2.334588,-0.02388056,-2.574472,0.02620061,0.9745067,-0.1578394,0.1572805,18.41351,161.6775,0.08546228,0.6834012,-0.01149401,-0.7299479,0.3018161,0.023644,-0.5218209,3.523331,-0.8164297,-4.08321,-0.6118415,-0.1829025,1.994117,-0.9491528,0.001415225,-0.3148127,0.1007155,0.9488006,-0.2993894,0.2982707,-0.3158728,-0.9006992,moving,-39.36974,26.0026,-17.05723,-5.240564
05/15/2023 12:31:44.409291,2545,True,True,True,True,Eyes,2.341601,-0.02703417,-2.581359,0.5927765,-0.3529951,-0.7238857,0.0,0.0,0.0,0.0,0.0,0.0,0.0,1.442513,-0.982578,-3.014449,2.338247,-0.02533376,-2.581698,0.02577284,0.9753343,-0.1582535,0.1517059,18.4526,162.34,0.1364028,0.6821411,-0.01108158,-0.7311324,0.2837071,0.02222536,-0.4905117,3.50447,-0.8226538,-4.104115,-0.6086283,-0.1808653,1.994379,-0.9526421,0.002258271,-0.3040853,0.09829026,0.9485832,-0.3008804,0.2877707,-0.3165199,-0.9038822,moving,-39.31341,25.99568,-16.97072,-5.181839
05/15/2023 12:31:44.429264,2546,True,True,True,True,Eyes,2.342075,-0.02722335,-2.582192,0.5917456,-0.3532484,-0.7246052,0.0,0.0,0.0,0.0,0.0,0.0,0.0,1.477537,-0.986062,-3.005674,2.34223,-0.02707657,-2.588964,0.02556206,0.9759729,-0.1592873,0.1464622,18.56667,162.9628,0.1956245,0.6810656,-0.01073305,-0.73214,0.2666847,0.02089184,-0.461081,3.486078,-0.8244129,-4.12696,-0.6053307,-0.1787742,1.994647,-0.955791,0.003236589,-0.2940297,0.0965549,0.9479483,-0.3034325,0.2777429,-0.318408,-0.9063529,moving,-39.23664,25.98945,-16.88187,-5.121565
05/15/2023 12:31:44.439142,2547,True,True,True,True,Eyes,2.342734,-0.02746343,-2.583277,0.590378,-0.3535827,-0.7255571,0.0,0.0,0.0,0.0,0.0,0.0,0.0,1.510855,-0.9914138,-2.996709,2.346193,-0.02872412,-2.596228,0.02535532,0.9764938,-0.1606243,0.1414808,18.71566,163.5525,0.2460993,0.6801435,-0.01044031,-0.7330011,0.2506836,0.01963833,-0.4334161,3.468612,-0.8258102,-4.148551,-0.6021847,-0.1767795,1.994903,-0.9586805,0.004068111,-0.2844556,0.09496912,0.9471139,-0.3065227,0.2681649,-0.3208718,-0.908366,moving,-39.13488,25.98117,-16.79705,-5.064073
05/15/2023 12:31:44.459106,2548,True,True,True,True,Eyes,2.343533,-0.02774392,-2.584627,0.5887672,-0.3539406,-0.7266906,0.0,0.0,0.0,0.0,0.0,0.0,0.0,1.544598,-0.9955544,-2.9878,2.350392,-0.03015581,-2.603575,0.02462832,0.9769771,-0.1620654,0.1365436,18.8683,164.1265,0.2340003,0.6793095,-0.01018398,-0.7337781,0.2356426,0.01846003,-0.4074111,3.451958,-0.8299156,-4.168169,-0.5989331,-0.174718,1.995167,-0.9614988,0.003864608,-0.2747827,0.0923806,0.9462565,-0.3099427,0.2588172,-0.3233941,-0.9101816,moving,-39.01451,25.96877,-16.70934,-5.004661
05/15/2023 12:31:44.478897,2549,True,True,True,True,Eyes,2.344513,-0.02806071,-2.586234,0.5868633,-0.3541995,-0.7281032,0.0,0.0,0.0,0.0,0.0,0.0,0.0,1.579541,-0.9943426,-2.979925,2.354627,-0.03140195,-2.6112,0.02337571,0.9775628,-0.1628949,0.1314915,18.94299,164.7073,0.1734845,0.6785511,-0.009960856,-0.7344829,0.221504,0.01735242,-0.3829665,3.436145,-0.8350661,-4.186333,-0.5958815,-0.172783,1.995416,-0.9643273,0.002863888,-0.2646978,0.08854101,0.9458377,-0.3123325,0.2494667,-0.3246273,-0.9123507,moving,-38.8694,25.94147,-16.62695,-4.948895
05/15/2023 12:31:44.492623,2550,True,True,True,True,Eyes,2.345637,-0.02844037,-2.588097,0.5847498,-0.3542627,-0.729771,0.0,0.0,0.0,0.0,0.0,0.0,0.0,1.615307,-0.9836735,-2.974818,2.359194,-0.0326093,-2.619068,0.02162108,0.9783559,-0.1623832,0.1264278,18.85681,165.2861,0.07548241,0.6778609,-0.009768839,-0.7351227,0.2082138,0.01631128,-0.3599885,3.421033,-0.839438,-4.204195,-0.5927252,-0.1707814,1.995673,-0.9670969,0.001246705,-0.2544045,0.08336572,0.9463285,-0.3122701,0.2403609,-0.3232042,-0.9152952,moving,-38.70445,25.89396,-16.54169,-4.891219
05/15/2023 12:31:44.509068,2551,True,True,True,True,Eyes,2.346929,-0.02887782,-2.590193,0.5822787,-0.3542596,-0.7317456,0.0,0.0,0.0,0.0,0.0,0.0,0.0,1.652792,-0.9615595,-2.972125,2.363811,-0.0345494,-2.626984,0.01939282,0.979407,-0.1603296,0.1211622,18.58766,165.887,359.9477,0.6772299,-0.009606279,-0.7357064,0.195721,0.0153326,-0.3383892,3.40609,-0.8406301,-4.223445,-0.5895143,-0.1687445,1.995935,-0.9698874,-0.0008648437,-0.2435527,0.07683869,0.9478367,-0.3093565,0.2311157,-0.3187551,-0.9192284,moving,-38.51064,25.83299,-16.4549,-4.832529
05/15/2023 12:31:44.528864,2552,True,True,True,True,Eyes,2.348367,-0.02936192,-2.592536,0.5795811,-0.3542497,-0.7338888,0.0,0.0,0.0,0.0,0.0,0.0,0.0,1.689912,-0.9524105,-2.964793,2.368514,-0.03639297,-2.634712,0.01793097,0.9801185,-0.1600808,0.1158468,18.53904,166.4991,359.8827,0.6766521,-0.009471918,-0.7362399,0.1839777,0.01441265,-0.3180858,3.39211,-0.8362769,-4.244963,-0.5862973,-0.1667053,1.996195,-0.9725161,-0.00194073,-0.2328279,0.07223862,0.9481052,-0.3096417,0.2213463,-0.3179507,-0.9219074,moving,-38.29955,25.76671,-16.3679,-4.773781
05/15/2023 12:31:44.538830,2553,True,True,True,True,Eyes,2.349968,-0.02990384,-2.595114,0.5763221,-0.3543465,-0.7364043,0.0,0.0,0.0,0.0,0.0,0.0,0.0,1.727054,-0.9463366,-2.956623,2.373517,-0.03800142,-2.642888,0.01689928,0.9807633,-0.1600329,0.1104878,18.52044,167.1231,359.8661,0.6761211,-0.009364228,-0.7367291,0.172939,0.01354789,-0.2990007,3.378159,-0.8265443,-4.269196,-0.5831536,-0.1647121,1.996451,-0.975014,-0.002214996,-0.2221337,0.06851175,0.9482078,-0.3101744,0.2113159,-0.317643,-0.9243641,moving,-38.04732,25.69615,-16.28283,-4.716359
05/15/2023 12:31:44.559569,2554,True,True,True,True,Eyes,2.351702,-0.03048792,-2.597911,0.5728254,-0.3546335,-0.7389899,0.0,0.0,0.0,0.0,0.0,0.0,0.0,1.765151,-0.9368366,-2.94858,2.378606,-0.03992966,-2.651073,0.0162473,0.9815224,-0.1591872,0.1049257,18.41522,167.7816,359.9087,0.6756313,-0.009282045,-0.7371795,0.1625627,0.01273501,-0.2810606,3.362792,-0.8243958,-4.290063,-0.5800102,-0.1627188,1.996706,-0.9774533,-0.001511467,-0.2111465,0.06529982,0.9487909,-0.3090821,0.200801,-0.3159011,-0.9273,moving,-37.78093,25.63586,-16.19771,-4.658944
05/15/2023 12:31:44.579459,2555,True,True,True,True,Eyes,2.353591,-0.0310734,-2.600946,0.5686559,-0.3552918,-0.7418882,0.0,0.0,0.0,0.0,0.0,0.0,0.0,1.801733,-0.9487282,-2.933868,2.383624,-0.04147454,-2.659045,0.01652612,0.9817186,-0.1614423,0.09945816,18.6792,168.4335,0.02023003,0.6751776,-0.009223917,-0.7375959,0.1528089,0.01197091,-0.264197,3.346818,-0.8233645,-4.310883,-0.5767251,-0.1606355,1.996974,-0.97967,0.000334483,-0.2006159,0.0645615,0.9473265,-0.3136945,0.1899438,-0.3202691,-0.928089,moving,-37.4701,25.58986,-16.1087,-4.598939
05/15/2023 12:31:44.593191,2556,True,True,True,True,Eyes,2.355622,-0.0316432,-2.604235,0.5643117,-0.3557878,-0.7449613,0.0,0.0,0.0,0.0,0.0,0.0,0.0,1.837035,-0.9571822,-2.921439,2.388934,-0.04203218,-2.667757,0.01690692,0.9820104,-0.1627767,0.0941993,18.83731,169.0668,0.1536848,0.6747562,-0.009187458,-0.7379819,0.1436404,0.01125266,-0.2483452,3.329922,-0.8204962,-4.332971,-0.5735602,-0.1586291,1.997231,-0.9816815,0.002538638,-0.1905135,0.06387244,0.9464358,-0.3165116,0.1795053,-0.3228821,-0.9292606,moving,-37.1441,25.52878,-16.02288,-4.541156
05/15/2023 12:31:44.609210,2557,True,True,True,True,Eyes,2.357775,-0.03222585,-2.607768,0.5595458,-0.3562007,-0.7483512,0.0,0.0,0.0,0.0,0.0,0.0,0.0,1.873961,-0.9427724,-2.915653,2.394426,-0.04225004,-2.677036,0.01647451,0.9828873,-0.1605393,0.08881648,18.57287,169.7115,0.2338029,0.6743609,-0.00916981,-0.7383434,0.135022,0.0105775,-0.2334445,3.311641,-0.829721,-4.349372,-0.5703077,-0.1565662,1.997496,-0.9836805,0.003868093,-0.1798828,0.06090224,0.9479114,-0.3126577,0.1693036,-0.3185105,-0.9326776,moving,-36.78564,25.45354,-15.93464,-4.481751
05/15/2023 12:31:44.629003,2558,True,True,True,True,Eyes,2.360058,-0.03282715,-2.611535,0.5546346,-0.3564279,-0.7518908,0.0,0.0,0.0,0.0,0.0,0.0,0.0,1.911086,-0.9172198,-2.912555,2.399818,-0.04316159,-2.686172,0.01545689,0.9839613,-0.156883,0.08348048,18.13846,170.3418,0.2547118,0.6739889,-0.009169449,-0.7386832,0.1269207,0.009942849,-0.2194378,3.294425,-0.8347931,-4.36722,-0.5671458,-0.1545612,1.997754,-0.9855843,0.004224638,-0.169133,0.05661131,0.9502977,-0.3061529,0.1594333,-0.3113143,-0.9368376,moving,-36.41446,25.36293,-15.84881,-4.424018
05/15/2023 12:31:44.639180,2559,True,True,True,True,Eyes,2.362469,-0.03344871,-2.615537,0.5493442,-0.3567099,-0.7556316,0.0,0.0,0.0,0.0,0.0,0.0,0.0,1.94863,-0.8979707,-2.906804,2.405301,-0.04425147,-2.695475,0.01430728,0.9847962,-0.1545092,0.07809572,17.85173,170.97,0.2435755,0.6736364,-0.009185056,-0.7390046,0.1193054,0.009346278,-0.2062715,3.278036,-0.8253361,-4.391459,-0.563823,-0.1524549,1.998024,-0.9873931,0.004046498,-0.1582379,0.05231253,0.9518443,-0.3020855,0.1493955,-0.3065549,-0.9400562,moving,-36.01715,25.27052,-15.75855,-4.363377
05/15/2023 12:31:44.659142,2560,True,True,True,True,Eyes,2.365,-0.03408688,-2.619773,0.5438999,-0.3567984,-0.7595181,0.0,0.0,0.0,0.0,0.0,0.0,0.0,1.987826,-0.8793128,-2.899226,2.410651,-0.04537044,-2.704968,0.01261264,0.9855287,-0.1527116,0.07247944,17.62776,171.613,0.1637232,0.6733014,-0.009215401,-0.7393096,0.1121471,0.008785502,-0.1938952,3.262437,-0.8105737,-4.417366,-0.5606234,-0.1504258,1.998284,-0.9891754,0.002723328,-0.1467133,0.04699713,0.9530402,-0.299175,0.1390089,-0.3028316,-0.942852,moving,-35.6069,25.16271,-15.67159,-4.304962
05/15/2023 12:31:44.679528,2561,True,True,True,True,Eyes,2.367647,-0.03465823,-2.624243,0.5380973,-0.3570907,-0.7635034,0.0,0.0,0.0,0.0,0.0,0.0,0.0,2.029649,-0.856023,-2.890885,2.416126,-0.04646313,-2.714708,0.01044462,0.9863145,-0.1505105,0.06649292,17.35495,172.2918,0.03527219,0.6729773,-0.009259623,-0.739603,0.1054183,0.008258372,-0.1822615,3.246446,-0.8003833,-4.441212,-0.5573583,-0.1483556,1.99855,-0.9909393,0.0005875924,-0.1343099,0.04061913,0.954475,-0.2955124,0.1280218,-0.2982904,-0.9458506,moving,-35.17519,25.0655,-15.5828,-4.245371
05/15/2023 12:31:44.693829,2562,True,True,True,True,Eyes,2.370406,-0.03510237,-2.628975,0.5321461,-0.3572049,-0.7676101,0.0,0.0,0.0,0.0,0.0,0.0,0.0,2.072634,-0.8456222,-2.877285,2.421547,-0.04542686,-2.724648,0.008044909,0.9867364,-0.1504972,0.06030925,17.33587,172.9841,359.8634,0.6726638,-0.009314193,-0.7398865,0.09909317,0.007762869,-0.1713258,3.229924,-0.7917221,-4.46441,-0.5543029,-0.1464186,1.998798,-0.9925961,-0.002276341,-0.1214401,0.03402915,0.9545717,-0.2960318,0.1165972,-0.2979725,-0.9474267,moving,-34.73166,24.95477,-15.49965,-4.189621
05/15/2023 12:31:44.709239,2563,True,True,True,True,Eyes,2.373306,-0.03558628,-2.633965,0.5258528,-0.3568902,-0.7720805,0.0,0.0,0.0,0.0,0.0,0.0,0.0,2.116634,-0.824452,-2.866318,2.427083,-0.04288156,-2.735518,0.005034789,0.9873792,-0.1487924,0.0540174,17.11994,173.6819,359.6324,0.6723581,-0.009374368,-0.7401627,0.09314758,0.007297097,-0.1610463,3.212286,-0.7808984,-4.488834,-0.5510953,-0.1443844,1.999059,-0.9941137,-0.00613226,-0.1081696,0.02601724,0.955671,-0.293285,0.105173,-0.2943729,-0.9498861,moving,-34.25821,24.8085,-15.41233,-4.131084
05/15/2023 12:31:44.729189,2564,True,True,True,True,Eyes,2.376285,-0.03601012,-2.639122,0.5193574,-0.3568518,-0.7764823,0.0,0.0,0.0,0.0,0.0,0.0,0.0,2.165523,-0.7527989,-2.864717,2.43253,-0.04449847,-2.746565,0.001297355,0.9891129,-0.1394782,0.04690208,16.02407,174.4821,359.373,0.672058,-0.009440592,-0.7404338,0.08755872,0.006859271,-0.1513835,3.193584,-0.7757663,-4.510207,-0.5478193,-0.1423073,1.999325,-0.995597,-0.01051718,-0.09314481,0.0156501,0.9610883,-0.2757978,0.092421,-0.2760411,-0.956692,moving,-33.77695,24.68233,-15.32308,-4.071315
05/15/2023 12:31:44.740196,2565,True,True,True,True,Eyes,2.379353,-0.03621461,-2.64451,0.5125871,-0.357681,-0.7805888,0.0,0.0,0.0,0.0,0.0,0.0,0.0,2.210451,-0.7657037,-2.839795,2.437521,-0.04343587,-2.755618,-0.0004099313,0.9888578,-0.143337,0.04018237,16.46603,175.2395,359.2633,0.6717619,-0.009510481,-0.7407009,0.0823052,0.006447715,-0.1423005,3.175192,-0.762251,-4.534827,-0.5446635,-0.1403064,1.999582,-0.9967705,-0.01232997,-0.07935178,0.01070851,0.9589087,-0.2835127,0.07958682,-0.2834468,-0.9556798,moving,-33.2916,24.61817,-15.23706,-4.013742
05/15/2023 12:31:44.758954,2566,True,True,True,True,Eyes,2.382511,-0.03636618,-2.650259,0.5056465,-0.3571425,-0.7853476,0.0,0.0,0.0,0.0,0.0,0.0,0.0,2.246493,-0.806451,-2.814815,2.44242,-0.03823152,-2.766478,-0.00157934,0.9879403,-0.1508434,0.03489835,17.33382,175.8289,359.1807,0.6714677,-0.009577402,-0.7409662,0.07736689,0.006060852,-0.1337625,3.154316,-0.7237642,-4.571212,-0.5415075,-0.1383048,1.999838,-0.9975594,-0.01364896,-0.06847849,0.007407785,0.9544876,-0.2981588,0.06943142,-0.2979383,-0.9520569,moving,-32.77548,24.45401,-15.15099,-3.956161
05/15/2023 12:31:44.779060,2567,True,True,True,True,Eyes,2.385722,-0.03651569,-2.656118,0.4985228,-0.3569826,-0.789961,0.0,0.0,0.0,0.0,0.0,0.0,0.0,2.29943,-0.6830775,-2.823357,2.447845,-0.03747161,-2.780641,-0.006583118,0.9907315,-0.1329627,0.02699682,15.25439,176.7174,358.7989,0.6711717,-0.009640059,-0.7412331,0.07272487,0.005697201,-0.1257367,3.131575,-0.7342576,-4.585801,-0.5380659,-0.1361223,2.000119,-0.9984558,-0.02022334,-0.05174258,-0.005865067,0.9645551,-0.2638161,0.05524381,-0.2631052,-0.9631843,moving,-32.25491,24.31817,-15.05707,-3.893383
05/15/2023 12:31:44.794617,2568,True,True,True,True,Eyes,2.467541,-0.03716365,-2.808451,0.3100011,-0.3621694,-0.8790521,0.0,0.0,0.0,0.0,0.0,0.0,0.0,2.340487,-0.6739632,-2.8042,2.452754,-0.03752196,-2.788948,-0.008877027,0.9907699,-0.1336399,0.02089716,15.33379,177.398,358.623,0.6708734,-0.009698777,-0.7415019,0.06836138,0.005355369,-0.1181925,3.113849,-0.7548957,-4.594354,-0.5348381,-0.1340759,2.000382,-0.9989693,-0.02317557,-0.03903591,-0.01200479,0.9641231,-0.2651838,0.04378121,-0.2644418,-0.9634076,moving,-19.42539,22.39166,-14.96893,-3.834525
05/15/2023 12:31:44.808828,2569,True,True,True,True,Eyes,2.467709,-0.03700976,-2.808979,0.3096402,-0.3617639,-0.8793463,0.0,0.0,0.0,0.0,0.0,0.0,0.0,2.36914,-0.7243835,-2.783324,2.45757,-0.03444044,-2.800644,-0.01013432,0.9894936,-0.1432256,0.01692219,16.44522,177.8255,358.5121,0.6694916,-0.009696349,-0.7427503,0.3097161,0.003090194,-0.5681015,3.090274,-0.6806452,-4.64519,-0.5319532,-0.1322464,2.000617,-0.9992221,-0.02490307,-0.0305858,-0.01520831,0.9587675,-0.2837845,0.03639178,-0.2830985,-0.9584004,moving,-19.39846,22.36231,-14.89011,-3.781912
05/15/2023 12:31:44.829527,2570,True,True,True,True,Eyes,2.468029,-0.03683545,-2.80989,0.308982,-0.3609903,-0.8798956,0.0,0.0,0.0,0.0,0.0,0.0,0.0,2.407055,-0.64858,-2.786548,2.462079,-0.03075962,-2.813653,-0.01436148,0.9909875,-0.1326997,0.01132115,15.22929,178.4411,358.131,0.6683397,-0.009698573,-0.7437876,0.2911332,0.002904782,-0.5340154,3.070139,-0.6799363,-4.661431,-0.5287665,-0.1302258,2.000876,-0.9993311,-0.03146873,-0.0186267,-0.02545948,0.9643691,-0.2633327,0.02624976,-0.2626824,-0.9645253,moving,-19.34911,22.30662,-14.803,-3.723809
05/15/2023 12:31:44.839117,2571,True,True,True,True,Eyes,2.468499,-0.03665034,-2.811187,0.3079121,-0.3610974,-0.8802266,0.0,0.0,0.0,0.0,0.0,0.0,0.0,2.442306,-0.6032095,-2.779744,2.466129,-0.03023146,-2.823648,-0.01852172,0.9915417,-0.1283144,0.006109622,14.72807,179.0006,357.7305,0.667374,-0.009702719,-0.7446548,0.2736652,0.002730495,-0.5019745,3.057551,-0.7108093,-4.666064,-0.5256159,-0.128228,2.001132,-0.9992393,-0.03829802,-0.007362685,-0.03516221,0.9663847,-0.2546844,0.0168691,-0.2542318,-0.9669962,moving,-19.28035,22.30502,-14.71684,-3.66637
05/15/2023 12:31:44.859356,2572,True,True,True,True,Eyes,2.469089,-0.03638241,-2.812889,0.3065242,-0.3613636,-0.8806017,0.0,0.0,0.0,0.0,0.0,0.0,0.0,2.478068,-0.6319771,-2.755727,2.469986,-0.02964625,-2.834171,-0.02213009,0.9903501,-0.1368074,0.0009528684,15.71975,179.5273,357.3745,0.6665586,-0.009706855,-0.7453851,0.2572452,0.002566666,-0.471856,3.039875,-0.6617422,-4.701089,-0.5223964,-0.1261869,2.001395,-0.999019,-0.04409379,0.004167775,-0.04357235,0.961588,-0.2710166,0.007942468,-0.2709323,-0.9625659,moving,-19.19224,22.31128,-14.62874,-3.607694
05/15/2023 12:31:44.879274,2573,True,True,True,True,Eyes,2.469782,-0.03604112,-2.814964,0.3047598,-0.3614553,-0.8811762,0.0,0.0,0.0,0.0,0.0,0.0,0.0,2.516465,-0.6318468,-2.735705,2.473544,-0.02738898,-2.845476,-0.02543186,0.9898613,-0.1396581,-0.004857857,16.06522,180.1499,357.0777,0.6658632,-0.009707551,-0.7460068,0.2418105,0.002412666,-0.4435446,3.022937,-0.6391478,-4.723826,-0.5190743,-0.1240802,2.001664,-0.9986595,-0.04899116,0.01672074,-0.05170491,0.9596977,-0.2762372,-0.002513677,-0.2767314,-0.9609444,moving,-19.07824,22.30326,-14.53779,-3.547143
05/15/2023 12:31:44.894696,2574,True,True,True,True,Eyes,2.470576,-0.03565931,-2.817394,0.3026547,-0.3614461,-0.8819052,0.0,0.0,0.0,0.0,0.0,0.0,0.0,2.5574,-0.6035179,-2.718599,2.47701,-0.0252142,-2.856413,-0.0291116,0.9899499,-0.1379321,-0.01125486,15.88735,180.8491,356.7496,0.6652277,-0.009699204,-0.7465742,0.2273019,0.002267906,-0.416932,3.006642,-0.6666854,-4.730211,-0.5159423,-0.1220945,2.001919,-0.9980518,-0.05453323,0.03031433,-0.06074286,0.9602545,-0.2724364,-0.01425264,-0.2737469,-0.9616962,moving,-18.94134,22.28612,-14.45199,-3.490072
05/15/2023 12:31:44.909119,2575,True,True,True,True,Eyes,2.471371,-0.03524556,-2.820127,0.3001474,-0.3612405,-0.8828459,0.0,0.0,0.0,0.0,0.0,0.0,0.0,2.597233,-0.580983,-2.700057,2.480299,-0.02391569,-2.867231,-0.03223328,0.9898973,-0.1369523,-0.01756629,15.79938,181.5453,356.4844,0.6646349,-0.00968089,-0.7471023,0.2136638,0.002131831,-0.391916,2.986702,-0.6715236,-4.744883,-0.5126725,-0.1200206,2.002186,-0.9973049,-0.05900378,0.04360649,-0.06862676,0.9604102,-0.270005,-0.02594881,-0.2722699,-0.961871,moving,-18.77686,22.25327,-14.36237,-3.430479
05/15/2023 12:31:44.928924,2576,True,True,True,True,Eyes,2.472224,-0.03481185,-2.823175,0.2972316,-0.3609181,-0.8839635,0.0,0.0,0.0,0.0,0.0,0.0,0.0,2.636458,-0.5549105,-2.679508,2.481972,-0.02280451,-2.877133,-0.03379382,0.9900979,-0.1340676,-0.02429064,15.49308,182.3217,356.4062,0.6640774,-0.009652722,-0.7475985,0.200844,0.002003921,-0.3684011,2.964088,-0.6588812,-4.765462,-0.5094444,-0.1179736,2.002448,-0.996536,-0.06040521,0.05716152,-0.07343156,0.9617677,-0.2638384,-0.0390389,-0.2671219,-0.9628717,moving,-18.58515,22.20996,-14.27385,-3.371665
05/15/2023 12:31:44.939385,2577,True,True,True,True,Eyes,2.473098,-0.03435274,-2.826535,0.2938754,-0.3607536,-0.885152,0.0,0.0,0.0,0.0,0.0,0.0,0.0,2.675862,-0.5393834,-2.656967,2.484324,-0.02191271,-2.887611,-0.03380136,0.9902261,-0.1317019,-0.03105284,15.24391,183.1249,356.5082,0.6635486,-0.009615139,-0.7480686,0.1887933,0.001883686,-0.346297,2.941249,-0.650718,-4.784331,-0.5063224,-0.1159942,2.002701,-0.9957865,-0.05876255,0.07040209,-0.07512143,0.9630242,-0.2587301,-0.05259528,-0.2629286,-0.9633808,moving,-18.36645,22.1739,-14.1882,-3.314804
05/15/2023 12:31:44.959122,2578,True,True,True,True,Eyes,2.474,-0.03387803,-2.830192,0.2901364,-0.3605558,-0.8864651,0.0,0.0,0.0,0.0,0.0,0.0,0.0,2.713551,-0.541942,-2.630752,2.485402,-0.02079955,-2.898319,-0.03315037,0.989986,-0.1319306,-0.03772561,15.29092,183.9203,356.6907,0.6630413,-0.009568307,-0.7485191,0.1774657,0.001770665,-0.3255192,2.913507,-0.6370465,-4.804421,-0.5031036,-0.1139536,2.002962,-0.9949558,-0.05568247,0.08344276,-0.07559112,0.9629908,-0.2587176,-0.06594857,-0.2637201,-0.9623424,moving,-18.12306,22.13326,-14.09984,-3.256193
05/15/2023 12:31:44.979262,2579,True,True,True,True,Eyes,2.474915,-0.03337267,-2.834117,0.2859827,-0.3605194,-0.8878286,0.0,0.0,0.0,0.0,0.0,0.0,0.0,2.751569,-0.535588,-2.605829,2.487091,-0.01994213,-2.909006,-0.03248287,0.9899094,-0.1305735,-0.0444364,15.15307,184.724,356.8698,0.6625502,-0.009512744,-0.7489547,0.1668178,0.001664425,-0.305988,2.885115,-0.6270004,-4.823721,-0.4998521,-0.111892,2.003227,-0.9939405,-0.05270577,0.09645883,-0.07591463,0.9637908,-0.255625,-0.07949322,-0.2613987,-0.9619519,moving,-17.85452,22.10053,-14.01054,-3.196985
05/15/2023 12:31:44.994447,2580,True,True,True,True,Eyes,2.475834,-0.03283479,-2.838316,0.2815242,-0.3605848,-0.8892258,0.0,0.0,0.0,0.0,0.0,0.0,0.0,2.788368,-0.5352656,-2.57884,2.487896,-0.01866703,-2.919237,-0.03244495,0.9895582,-0.1308342,-0.05103106,15.20347,185.5009,356.9789,0.6620706,-0.009448488,-0.7493798,0.1568087,0.00156456,-0.2876288,2.855894,-0.6273866,-4.839354,-0.496812,-0.1099638,2.003476,-0.9926865,-0.05085913,0.1094862,-0.07756557,0.9636595,-0.2556248,-0.0925066,-0.2622476,-0.9605566,moving,-17.56751,22.07276,-13.927,-3.141615
05/15/2023 12:31:45.009594,2581,True,True,True,True,Eyes,2.476726,-0.03228285,-2.842741,0.2766018,-0.3600842,-0.8909718,0.0,0.0,0.0,0.0,0.0,0.0,0.0,2.826617,-0.5315025,-2.550999,2.489059,-0.0173364,-2.92987,-0.03396559,0.9889876,-0.1319763,-0.05772377,15.365,186.2641,356.9119,0.6615978,-0.009375528,-0.7497984,0.1474002,0.001470686,-0.270371,2.826676,-0.6217537,-4.856518,-0.4936624,-0.1079672,2.003731,-0.9910287,-0.05194676,0.1231415,-0.08241945,0.9628571,-0.2571247,-0.1052109,-0.2649672,-0.9585005,moving,-17.24693,22.00598,-13.84042,-3.084291
05/15/2023 12:31:45.028996,2582,True,True,True,True,Eyes,2.477619,-0.03177557,-2.847382,0.2713563,-0.3597756,-0.8927078,0.0,0.0,0.0,0.0,0.0,0.0,0.0,2.868091,-0.5124409,-2.520339,2.489729,-0.01646958,-2.939664,-0.03613804,0.9885449,-0.1312221,-0.06522046,15.31655,187.115,356.7707,0.6611277,-0.009294341,-0.7502142,0.1385562,0.001382445,-0.2541488,2.797488,-0.6212916,-4.870816,-0.4903494,-0.1058665,2.004,-0.9888807,-0.05433141,0.138431,-0.08856487,0.9629496,-0.2547239,-0.1194625,-0.2641517,-0.9570541,moving,-16.90769,21.95023,-13.74929,-3.023987
05/15/2023 12:31:45.038801,2583,True,True,True,True,Eyes,2.4785,-0.03131535,-2.852209,0.2657195,-0.3594546,-0.8945309,0.0,0.0,0.0,0.0,0.0,0.0,0.0,2.908484,-0.5110465,-2.486505,2.490821,-0.01700175,-2.94935,-0.03749765,0.9877244,-0.1331948,-0.07248343,15.57832,187.9482,356.7407,0.6606565,-0.009206792,-0.7506304,0.1302428,0.001299498,-0.2388999,2.769528,-0.6230751,-4.884243,-0.4871512,-0.1038382,2.004261,-0.9866804,-0.05476585,0.1531763,-0.0933835,0.9617062,-0.2576835,-0.1331983,-0.2685553,-0.9540109,moving,-16.544,21.89203,-13.66128,-2.96577
05/15/2023 12:31:45.058774,2584,True,True,True,True,Eyes,2.479348,-0.03086215,-2.857229,0.2598518,-0.3594626,-0.8962498,0.0,0.0,0.0,0.0,0.0,0.0,0.0,2.945462,-0.530462,-2.450872,2.491921,-0.01735894,-2.958705,-0.03747907,0.9866099,-0.1375844,-0.0791628,16.10618,188.7343,356.8871,0.6601826,-0.009114915,-0.7510484,0.1224282,0.001221528,-0.2245659,2.737865,-0.6177174,-4.899158,-0.4839651,-0.1018175,2.004519,-0.9846572,-0.05217131,0.1665187,-0.09573759,0.9593316,-0.2655504,-0.1458925,-0.2774183,-0.9496077,moving,-16.16858,21.85444,-13.57356,-2.907783
05/15/2023 12:31:45.079409,2585,True,True,True,True,Eyes,2.48016,-0.03039828,-2.862443,0.2537049,-0.3592675,-0.8980872,0.0,0.0,0.0,0.0,0.0,0.0,0.0,2.979663,-0.5442422,-2.418032,2.492087,-0.01699959,-2.968279,-0.03815626,0.9855101,-0.1414495,-0.08547468,16.57813,189.4692,356.9482,0.6597033,-0.009019294,-0.7514706,0.1150825,0.001148237,-0.2110919,2.707203,-0.6249006,-4.909881,-0.4805143,-0.09963012,2.004801,-0.9824765,-0.05102606,0.1792667,-0.09938746,0.9570723,-0.272277,-0.157678,-0.2853226,-0.9453723,moving,-15.7747,21.8032,-13.47849,-2.845017
05/15/2023 12:31:45.094427,2586,True,True,True,True,Eyes,2.480941,-0.02993273,-2.86783,0.2473296,-0.3591375,-0.8999157,0.0,0.0,0.0,0.0,0.0,0.0,0.0,3.014826,-0.5406955,-2.387261,2.492289,-0.01646723,-2.978046,-0.03928006,0.9847098,-0.1425759,-0.09206469,16.73971,190.2324,356.9408,0.6592164,-0.008920104,-0.751899,0.1081776,0.001079342,-0.1984264,2.679018,-0.6424727,-4.91627,-0.4775843,-0.09777141,2.005041,-0.9799626,-0.0511065,0.1925148,-0.1036113,0.9562584,-0.2735591,-0.1701132,-0.2880243,-0.9423926,moving,-15.36753,21.75591,-13.39774,-2.791692
05/15/2023 12:31:45.108966,2587,True,True,True,True,Eyes,2.481666,-0.02948276,-2.87339,0.2407587,-0.3586892,-0.9018744,0.0,0.0,0.0,0.0,0.0,0.0,0.0,3.048722,-0.5330432,-2.35775,2.492473,-0.01595339,-2.987498,-0.04042137,0.9839854,-0.1429657,-0.09848734,16.81691,190.9764,356.9227,0.6587193,-0.008817511,-0.7523357,0.1016869,0.001014582,-0.1865208,2.651314,-0.6564988,-4.923018,-0.4742251,-0.09564179,2.005312,-0.9773329,-0.05138744,0.205378,-0.1077087,0.9558538,-0.2733904,-0.1822625,-0.2893143,-0.9397222,moving,-14.94677,21.68847,-13.30512,-2.730608
05/15/2023 12:31:45.128926,2588,True,True,True,True,Eyes,2.482349,-0.02906171,-2.879108,0.2339679,-0.3582435,-0.9038366,0.0,0.0,0.0,0.0,0.0,0.0,0.0,3.081839,-0.5236689,-2.329022,2.492491,-0.01589596,-2.997256,-0.04115906,0.9833338,-0.14269,-0.1048812,16.81351,191.7246,356.9451,0.6582109,-0.008712424,-0.7527819,0.09558573,0.0009537069,-0.1753296,2.622503,-0.6596178,-4.933148,-0.4711222,-0.09367377,2.005566,-0.9746117,-0.05101522,0.2180124,-0.1108772,0.955891,-0.2719902,-0.1945204,-0.2892574,-0.9372789,moving,-14.51306,21.62133,-13.21952,-2.674165
05/15/2023 12:31:45.139137,2589,True,True,True,True,Eyes,2.48295,-0.02867011,-2.884985,0.2269561,-0.3575196,-0.9059088,0.0,0.0,0.0,0.0,0.0,0.0,0.0,3.113725,-0.5128567,-2.300746,2.4923,-0.01617147,-3.006646,-0.04168002,0.9827243,-0.1419808,-0.1111635,16.75756,192.4634,356.9856,0.6576888,-0.008605652,-0.7532395,0.08985058,0.0008964844,-0.1648098,2.594079,-0.6598246,-4.943462,-0.4679288,-0.09164894,2.005825,-0.9718111,-0.05035377,0.2303216,-0.1134861,0.9562085,-0.2697895,-0.2066505,-0.2883226,-0.9349685,moving,-14.06475,21.53682,-13.13139,-2.616105
05/15/2023 12:31:45.159406,2590,True,True,True,True,Eyes,2.483485,-0.02831762,-2.891004,0.2197175,-0.3566931,-0.9080167,0.0,0.0,0.0,0.0,0.0,0.0,0.0,3.145997,-0.5002927,-2.271549,2.491689,-0.01651144,-3.01641,-0.04261824,0.9820154,-0.1414114,-0.1176109,16.72397,193.2151,356.9809,0.6571522,-0.008498427,-0.7537089,0.08445955,0.0008426954,-0.1549212,2.565135,-0.6581305,-4.954458,-0.4647303,-0.08962107,2.006084,-0.968703,-0.05044048,0.243045,-0.1169666,0.9563729,-0.2677117,-0.2189381,-0.2877612,-0.9323412,moving,-13.60269,21.44622,-13.04309,-2.557966
05/15/2023 12:31:45.178885,2591,True,True,True,True,Eyes,2.494136,-0.02124141,-3.044787,0.02677257,-0.3216661,-0.9464746,0.0,0.0,0.0,0.0,0.0,0.0,0.0,3.179018,-0.4733953,-2.242554,2.490775,-0.01714283,-3.025731,-0.04454628,0.9813982,-0.1393207,-0.1243509,16.53116,193.984,356.8436,0.6565991,-0.008391645,-0.754192,0.07939198,0.0007921336,-0.1456259,2.536085,-0.6551312,-4.965184,-0.4614709,-0.08755481,2.00635,-0.9651052,-0.05278594,0.256488,-0.1220846,0.9572107,-0.2623794,-0.2316631,-0.2845369,-0.9302535,moving,-1.620272,18.77069,-12.95305,-2.498737
05/15/2023 12:31:45.194784,2592,True,True,True,True,Eyes,2.494083,-0.02130353,-3.045152,0.02623591,-0.3217591,-0.946458,0.0,0.0,0.0,0.0,0.0,0.0,0.0,3.21571,-0.446075,-2.207431,2.489866,-0.01855387,-3.03525,-0.04673832,0.9805246,-0.1377633,-0.1319412,16.40911,194.8509,356.695,0.6538957,-0.008044089,-0.7565408,0.1065818,0.02197323,-0.5982383,2.506253,-0.6525924,-4.975739,-0.458229,-0.08549875,2.006614,-0.9608142,-0.05530282,0.2716209,-0.1280094,0.9576736,-0.2578271,-0.2458656,-0.2824939,-0.9272256,moving,-1.587838,18.77604,-12.86345,-2.43981
05/15/2023 12:31:45.209140,2593,True,True,True,True,Eyes,2.493908,-0.02140903,-3.045879,0.02476952,-0.3217003,-0.9465176,0.0,0.0,0.0,0.0,0.0,0.0,0.0,3.248808,-0.4400211,-2.17104,2.488677,-0.02008273,-3.044317,-0.04744865,0.9794065,-0.1386031,-0.1389265,16.5398,195.6736,356.7449,0.6516218,-0.007751657,-0.7585033,0.1001869,0.02065483,-0.5623441,2.475441,-0.6441737,-4.987444,-0.4552591,-0.08361566,2.006855,-0.956896,-0.05443174,0.2852842,-0.1314543,0.9570757,-0.2583138,-0.258978,-0.2846813,-0.9229773,moving,-1.499037,18.77175,-12.78134,-2.385849
05/15/2023 12:31:45.228995,2594,True,True,True,True,Eyes,2.493666,-0.0215716,-3.046963,0.02283716,-0.3216578,-0.9465805,0.0,0.0,0.0,0.0,0.0,0.0,0.0,3.280232,-0.4357454,-2.136593,2.487296,-0.02117144,-3.054135,-0.04761879,0.9783602,-0.139031,-0.1456512,16.61362,196.475,356.8488,0.6496983,-0.007506366,-0.760154,0.09417567,0.01941554,-0.5286034,2.441112,-0.6386544,-4.998052,-0.4520007,-0.08154935,2.007122,-0.9530363,-0.05267658,0.2982397,-0.1336767,0.9568057,-0.2581733,-0.2717578,-0.2859162,-0.9189123,moving,-1.382048,18.76829,-12.69121,-2.326648
05/15/2023 12:31:45.239129,2595,True,True,True,True,Eyes,2.493349,-0.02178984,-3.048386,0.02024853,-0.3216053,-0.9466573,0.0,0.0,0.0,0.0,0.0,0.0,0.0,3.310493,-0.426969,-2.10324,2.485577,-0.02269842,-3.063766,-0.04783828,0.9773812,-0.1387207,-0.1522965,16.60292,197.2658,356.9338,0.6480591,-0.007301969,-0.761554,0.08852513,0.01825061,-0.4968872,2.408828,-0.6432794,-5.004583,-0.4489042,-0.07958627,2.007372,-0.9490348,-0.05125914,0.3109757,-0.1357658,0.9569361,-0.2565948,-0.284431,-0.2857372,-0.9151251,moving,-1.225342,18.76402,-12.60553,-2.270416
05/15/2023 12:31:45.259508,2596,True,True,True,True,Eyes,2.49295,-0.0220831,-3.050148,0.01730254,-0.3216114,-0.9467136,0.0,0.0,0.0,0.0,0.0,0.0,0.0,3.337976,-0.4264582,-2.07178,2.483943,-0.02424368,-3.07338,-0.04791132,0.9762781,-0.1397325,-0.1583047,16.73854,197.9865,357.0485,0.6465755,-0.007125218,-0.7628157,0.08321362,0.01715558,-0.467074,2.376579,-0.6457812,-5.01186,-0.4454519,-0.07739741,2.007652,-0.9452882,-0.04930892,0.3224884,-0.1377902,0.9563587,-0.2576664,-0.2957093,-0.2880047,-0.9108288,moving,-1.047045,18.76332,-12.50996,-2.207728
05/15/2023 12:31:45.279219,2597,True,True,True,True,Eyes,2.492472,-0.02244146,-3.052228,0.01385615,-0.3216338,-0.9467627,0.0,0.0,0.0,0.0,0.0,0.0,0.0,3.363622,-0.4235081,-2.042722,2.481678,-0.02632135,-3.083278,-0.04770425,0.9752937,-0.1399847,-0.1641058,16.78071,198.6865,357.1798,0.6452103,-0.00697338,-0.7639723,0.0782208,0.01612624,-0.4390496,2.344387,-0.6458755,-5.019446,-0.4422309,-0.0753547,2.007915,-0.9415872,-0.04710672,0.3334585,-0.1389959,0.9562572,-0.2573953,-0.306747,-0.2887095,-0.9069471,moving,-0.8384805,18.76363,-12.42074,-2.149235
05/15/2023 12:31:45.294662,2598,True,True,True,True,Eyes,2.491896,-0.02283558,-3.054632,0.01023283,-0.3218588,-0.9467324,0.0,0.0,0.0,0.0,0.0,0.0,0.0,3.386076,-0.4280785,-2.016885,2.479681,-0.02823907,-3.093052,-0.04731877,0.9742644,-0.1413196,-0.1691113,16.93997,199.2981,357.3394,0.6439468,-0.006845597,-0.7650388,0.07352755,0.01515867,-0.4127066,2.3153,-0.6511257,-5.02518,-0.4391067,-0.07337362,2.008169,-0.9383246,-0.04440449,0.3428923,-0.1399995,0.9555793,-0.2593611,-0.316144,-0.2913697,-0.9028602,moving,-0.6192618,18.7764,-12.33418,-2.092517
05/15/2023 12:31:45.309178,2599,True,True,True,True,Eyes,2.491184,-0.02326932,-3.057356,0.006266284,-0.3218608,-0.9467663,0.0,0.0,0.0,0.0,0.0,0.0,0.0,3.404858,-0.4355918,-1.995709,2.476846,-0.0294441,-3.103226,-0.04762853,0.9731612,-0.143695,-0.1733224,17.22873,199.8073,357.4263,0.6427702,-0.006740401,-0.7660285,0.0691159,0.01424915,-0.3879442,2.286083,-0.6539263,-5.031822,-0.436024,-0.07141888,2.00842,-0.9353819,-0.04288933,0.3510293,-0.1425116,0.9541665,-0.2631667,-0.3236534,-0.296187,-0.8986223,moving,-0.3792133,18.77588,-12.24873,-2.036565
05/15/2023 12:31:45.329211,2600,True,True,True,True,Eyes,2.490547,-0.02376829,-3.060386,0.002170658,-0.3218839,-0.9467767,0.0,0.0,0.0,0.0,0.0,0.0,0.0,3.427801,-0.4237494,-1.978666,2.478335,-0.03106342,-3.114705,-0.0480615,0.9725358,-0.1425735,-0.1775869,17.12071,200.3098,357.4305,0.6416656,-0.006656454,-0.7669547,0.06496894,0.0133942,-0.3646675,2.260525,-0.6606116,-5.037027,-0.4328534,-0.06940883,2.008677,-0.932306,-0.04284471,0.3591238,-0.1441214,0.9547258,-0.2602454,-0.3317146,-0.2943857,-0.8962714,moving,-0.1313608,18.77694,-12.16081,-1.97904
05/15/2023 12:31:45.338826,2601,True,True,True,True,Eyes,2.489964,-0.0242861,-3.063751,-0.002099752,-0.3218024,-0.9468045,0.0,0.0,0.0,0.0,0.0,0.0,0.0,3.447812,-0.4182136,-1.962961,2.479595,-0.03312387,-3.125064,-0.04840736,0.971835,-0.1426006,-0.1812698,17.14064,200.7479,357.4575,0.6406236,-0.006593248,-0.7678259,0.06107081,0.01259055,-0.3427875,2.238198,-0.6703591,-5.041597,-0.4297095,-0.06741458,2.008934,-0.9295962,-0.04238956,0.3661344,-0.1457863,0.9546435,-0.259619,-0.3385227,-0.2947181,-0.8936129,moving,0.1270661,18.77201,-12.07359,-1.921976
05/15/2023 12:31:45.359556,2602,True,True,True,True,Eyes,2.489242,-0.02483104,-3.067424,-0.006520891,-0.3215314,-0.9468765,0.0,0.0,0.0,0.0,0.0,0.0,0.0,3.463478,-0.4190577,-1.949122,2.476768,-0.03382793,-3.136054,-0.04919228,0.9709571,-0.1439374,-0.1846744,17.3185,201.1505,357.4566,0.639634,-0.006549105,-0.7686508,0.05740656,0.01183511,-0.3222202,2.218727,-0.6665956,-5.051619,-0.4263278,-0.06527066,2.009209,-0.9269512,-0.04236409,0.372783,-0.1486903,0.9537243,-0.2613449,-0.3444605,-0.2976831,-0.8903549,moving,0.3945748,18.75597,-11.97973,-1.860642
05/15/2023 12:31:45.379098,2603,True,True,True,True,Eyes,2.488388,-0.02541706,-3.071372,-0.01125519,-0.3210328,-0.9470012,0.0,0.0,0.0,0.0,0.0,0.0,0.0,3.47928,-0.399959,-1.937718,2.472792,-0.03506823,-3.147091,-0.04963534,0.9705985,-0.14114,-0.1885585,17.0196,201.601,357.415,0.6386866,-0.006522801,-0.7694384,0.05396217,0.01112501,-0.302887,2.201902,-0.6677881,-5.059254,-0.4231282,-0.06324214,2.009469,-0.9239638,-0.04312568,0.3800403,-0.1495783,0.9552317,-0.2552622,-0.3520182,-0.2926988,-0.8890502,moving,0.6809333,18.72663,-11.8909,-1.802622
05/15/2023 12:31:45.394775,2604,True,True,True,True,Eyes,2.487388,-0.02603672,-3.075592,-0.01605303,-0.3206265,-0.9470696,0.0,0.0,0.0,0.0,0.0,0.0,0.0,3.494262,-0.3928932,-1.925272,2.469376,-0.03666417,-3.157805,-0.04952059,0.9700601,-0.1400764,-0.1921196,16.90542,202.0286,357.4689,0.637772,-0.006513551,-0.7701967,0.05072444,0.01045751,-0.2847138,2.182977,-0.6727461,-5.065987,-0.4200491,-0.06128985,2.00972,-0.9212759,-0.04225303,0.3866085,-0.1498987,0.9558526,-0.2527373,-0.3588618,-0.2907928,-0.8869376,moving,0.9710827,18.70332,-11.80537,-1.746791
05/15/2023 12:31:45.409368,2605,True,True,True,True,Eyes,2.486206,-0.02668309,-3.080077,-0.02121615,-0.3200382,-0.947167,0.0,0.0,0.0,0.0,0.0,0.0,0.0,3.507217,-0.3956138,-1.913158,2.464921,-0.03807621,-3.168589,-0.04941712,0.969318,-0.1407999,-0.1953357,16.99364,202.4218,357.5551,0.6368808,-0.006520453,-0.7709338,0.04768097,0.009830056,-0.267631,2.159173,-0.6619728,-5.077344,-0.4167654,-0.0592078,2.009986,-0.9188042,-0.04079531,0.3926006,-0.1508083,0.9554666,-0.2536539,-0.364769,-0.2922657,-0.884039,moving,1.283187,18.66959,-11.71414,-1.687264
05/15/2023 12:31:45.429041,2606,True,True,True,True,Eyes,2.484874,-0.02735574,-3.084793,-0.02642782,-0.3195691,-0.9471943,0.0,0.0,0.0,0.0,0.0,0.0,0.0,3.521987,-0.3884723,-1.900464,2.460513,-0.03935537,-3.179841,-0.04940046,0.9687231,-0.1397524,-0.1990093,16.8834,202.8617,357.599,0.6360053,-0.006542528,-0.771656,0.04482011,0.009240252,-0.2515731,2.137659,-0.6584634,-5.086219,-0.4136653,-0.0572421,2.010239,-0.9159102,-0.04008669,0.3993773,-0.1513347,0.9560577,-0.2511004,-0.371762,-0.290425,-0.8817295,moving,1.598204,18.64362,-11.62796,-1.631072
05/15/2023 12:31:45.439272,2607,True,True,True,True,Eyes,2.483395,-0.02801595,-3.089737,-0.03201969,-0.319221,-0.9471391,0.0,0.0,0.0,0.0,0.0,0.0,0.0,3.53534,-0.388004,-1.886706,2.455644,-0.04063752,-3.190139,-0.05008217,0.9678309,-0.1408146,-0.2024023,17.02823,203.2656,357.606,0.6351382,-0.006578905,-0.7723696,0.04213091,0.008685837,-0.2364787,2.117001,-0.6616769,-5.09309,-0.41045,-0.05520314,2.010502,-0.9130505,-0.03993974,0.405887,-0.1539445,0.955326,-0.2522959,-0.3776778,-0.2928429,-0.8784094,moving,1.936246,18.62572,-11.53855,-1.572798
05/15/2023 12:31:45.458906,2608,True,True,True,True,Eyes,2.481722,-0.02860175,-3.094912,-0.03763061,-0.3189385,-0.947028,0.0,0.0,0.0,0.0,0.0,0.0,0.0,3.5489,-0.3914294,-1.872064,2.450866,-0.04096346,-3.200641,-0.05137257,0.9667214,-0.1431636,-0.2057064,17.33355,203.6553,357.5728,0.6342747,-0.006627757,-0.7730785,0.03960305,0.008164686,-0.22229,2.094089,-0.6578683,-5.102091,-0.4072974,-0.05320376,2.010758,-0.9100915,-0.04042657,0.4124308,-0.1582252,0.9537301,-0.2556632,-0.3830121,-0.2979338,-0.8743781,moving,2.275478,18.61241,-11.45085,-1.515667
05/15/2023 12:31:45.479221,2609,True,True,True,True,Eyes,2.479919,-0.02909079,-3.100302,-0.04358177,-0.3185438,-0.9469057,0.0,0.0,0.0,0.0,0.0,0.0,0.0,3.561379,-0.3840914,-1.859991,2.444603,-0.03974828,-3.211361,-0.05316135,0.9658247,-0.1436779,-0.209077,17.44348,204.0365,357.4401,0.6334078,-0.006685973,-0.7737884,0.03722687,0.007674805,-0.2089526,2.072903,-0.6622651,-5.107732,-0.4040362,-0.05113518,2.011024,-0.9069214,-0.04260961,0.4191397,-0.1627686,0.9530611,-0.2553056,-0.3885873,-0.2997649,-0.871287,moving,2.635205,18.5932,-11.36009,-1.456571
05/15/2023 12:31:45.495155,2610,True,True,True,True,Eyes,2.477903,-0.02946778,-3.105891,-0.0495538,-0.3182079,-0.946725,0.0,0.0,0.0,0.0,0.0,0.0,0.0,3.576198,-0.3668126,-1.847323,2.43996,-0.03792456,-3.222034,-0.05561677,0.964992,-0.1430492,-0.2126836,17.442,204.4299,357.2068,0.6325333,-0.006750147,-0.7745028,0.03499325,0.007214317,-0.1964155,2.053136,-0.6708477,-5.112033,-0.4008821,-0.04913604,2.011279,-0.903345,-0.04649103,0.4263878,-0.1681879,0.9528874,-0.2524251,-0.3945641,-0.2997402,-0.8686053,moving,2.996261,18.57824,-11.2723,-1.399472
05/15/2023 12:31:45.509176,2611,True,True,True,True,Eyes,2.475745,-0.02976503,-3.11165,-0.05592811,-0.3178691,-0.9464836,0.0,0.0,0.0,0.0,0.0,0.0,0.0,3.589167,-0.3543053,-1.833331,2.432879,-0.03559604,-3.232428,-0.05821613,0.9639668,-0.1434005,-0.2163683,17.55726,204.8354,356.9829,0.6316468,-0.006816817,-0.7752254,0.03289366,0.006781457,-0.1846305,2.031179,-0.670636,-5.118628,-0.3975859,-0.04704618,2.011546,-0.8995912,-0.0501822,0.43384,-0.1742914,0.9520944,-0.2512743,-0.4004471,-0.3016588,-0.8652422,moving,3.381699,18.56422,-11.18052,-1.339794
05/15/2023 12:31:45.529244,2612,True,True,True,True,Eyes,2.473471,-0.03001894,-3.117577,-0.06242134,-0.3175438,-0.9461868,0.0,0.0,0.0,0.0,0.0,0.0,0.0,3.605914,-0.3446739,-1.813974,2.428154,-0.03392546,-3.242659,-0.06064323,0.9627229,-0.1444462,-0.2205048,17.7502,205.3025,356.8061,0.6307454,-0.006883691,-0.7759584,0.03092004,0.00637457,-0.1735527,2.009988,-0.6654931,-5.126293,-0.3943643,-0.04500341,2.011808,-0.8954002,-0.05306308,0.4420894,-0.1804674,0.9509154,-0.2513791,-0.4070506,-0.3048675,-0.861026,moving,3.774418,18.55194,-11.09076,-1.281472
05/15/2023 12:31:45.539062,2613,True,True,True,True,Eyes,2.414674,-0.03358541,-3.269462,-0.2341297,-0.3060133,-0.9227888,2.019464,1.941858,-0.6515682,-5.133001,0.346221,0.7620311,0.5472108,-0.3863218,-0.03105336,1.999904,2.423145,-0.03314076,-3.252646,-0.06128343,0.9616342,-0.1440676,-0.2252748,17.73962,205.8715,356.8128,0.6298265,-0.00694966,-0.7767038,0.02906484,0.005992096,-0.1631395,1.986573,-0.6638619,-5.132267,-0.3912051,-0.04299992,2.012066,-0.8909912,-0.05295488,0.4509219,-0.1827741,0.9509777,-0.2494693,-0.4156061,-0.3046918,-0.8569916,moving,14.23665,18.34644,-11.00272,-1.224284
05/15/2023 12:31:45.559042,2614,True,True,True,True,Eyes,2.414454,-0.03352088,-3.269883,-0.2346545,-0.3057409,-0.9227458,2.019372,1.9406,-0.6509254,-5.13325,0.2626228,0.8055834,0.5310976,-0.4031788,-0.02941018,1.98772,2.418571,-0.03063543,-3.262093,-0.0618656,0.9602839,-0.1458417,-0.2296907,17.96999,206.4098,356.8771,0.6254604,-0.007085932,-0.7802228,-0.1490683,-0.005066857,-0.609007,1.963851,-0.6657901,-5.136557,-0.3880066,-0.04097193,2.012325,-0.8868296,-0.0518201,0.4591817,-0.185814,0.9498057,-0.2516789,-0.4230914,-0.3085187,-0.8519447,moving,14.2679,18.332,-10.91356,-1.166409
05/15/2023 12:31:45.579115,2615,True,True,True,True,Eyes,2.41404,-0.03344825,-3.270632,-0.2360353,-0.3051228,-0.9225982,0.0,0.0,0.0,0.0,0.0,0.0,0.0,3.664602,-0.3114997,-1.734402,2.413177,-0.02907898,-3.272647,-0.06311684,0.9592239,-0.1418603,-0.2361812,17.5757,207.1617,356.7482,0.6218074,-0.007205271,-0.7831362,-0.1401242,-0.004762845,-0.5724666,1.936651,-0.6630018,-5.141212,-0.3847803,-0.03892636,2.012588,-0.8804697,-0.05407689,0.4710088,-0.1880958,0.9517838,-0.2423375,-0.4351938,-0.3019656,-0.8481885,moving,14.35061,18.30014,-10.82358,-1.108045
05/15/2023 12:31:45.595133,2616,True,True,True,True,Eyes,2.413454,-0.03332874,-3.271701,-0.2377715,-0.3049132,-0.9222215,0.0,0.0,0.0,0.0,0.0,0.0,0.0,3.689464,-0.2887978,-1.695973,2.408766,-0.02887094,-3.281598,-0.06303082,0.957988,-0.1383605,-0.2431929,17.20268,208.0027,356.7913,0.6187381,-0.00730948,-0.7855626,-0.1317167,-0.004477074,-0.5381185,1.912279,-0.6669457,-5.142873,-0.3816511,-0.03694218,2.012842,-0.873769,-0.05346896,0.4833935,-0.1880621,0.9537669,-0.2344381,-0.4485097,-0.2957527,-0.8434275,moving,14.45741,18.29539,-10.73629,-1.051445
05/15/2023 12:31:45.609443,2617,True,True,True,True,Eyes,2.41266,-0.0331386,-3.273096,-0.2398372,-0.3047359,-0.9217452,0.0,0.0,0.0,0.0,0.0,0.0,0.0,3.710989,-0.3072136,-1.655813,2.404151,-0.02755031,-3.290414,-0.06329081,0.9558157,-0.1429382,-0.2489564,17.74363,208.7302,357.0017,0.6161444,-0.007399167,-0.7875979,-0.1238137,-0.00420845,-0.5058314,1.876832,-0.649712,-5.149921,-0.378415,-0.03489015,2.013106,-0.8680303,-0.04981795,0.4940062,-0.1921595,0.9511259,-0.2417319,-0.4578195,-0.3047584,-0.835179,moving,14.5849,18.29427,-10.64598,-0.9929222
05/15/2023 12:31:45.629299,2618,True,True,True,True,Eyes,2.411701,-0.03290618,-3.274797,-0.2422939,-0.3043776,-0.9212209,0.0,0.0,0.0,0.0,0.0,0.0,0.0,3.732361,-0.3041919,-1.620175,2.399221,-0.02564685,-3.300168,-0.06352723,0.9541932,-0.1431308,-0.2549372,17.79064,209.4625,357.095,0.6138849,-0.007474474,-0.7893595,-0.1163849,-0.003955943,-0.4754815,1.839752,-0.6355934,-5.153391,-0.3751855,-0.03284216,2.01337,-0.8619426,-0.04825581,0.5047042,-0.1942133,0.9509557,-0.2407579,-0.4683334,-0.3055397,-0.8290411,moving,14.73585,18.28391,-10.55582,-0.9345278
05/15/2023 12:31:45.639184,2619,True,True,True,True,Eyes,2.410603,-0.03262939,-3.276778,-0.2448895,-0.3041121,-0.9206221,0.0,0.0,0.0,0.0,0.0,0.0,0.0,3.752011,-0.2848122,-1.589418,2.394416,-0.02444303,-3.309249,-0.06382536,0.953036,-0.1402482,-0.2607278,17.49397,210.152,357.0838,0.6118126,-0.00753633,-0.7909663,-0.1094018,-0.003718586,-0.4469526,1.811104,-0.6520044,-5.148473,-0.3720006,-0.03082263,2.013629,-0.8558947,-0.04852251,0.5148689,-0.194789,0.9525135,-0.2340411,-0.4790633,-0.3006054,-0.8247029,moving,14.89599,18.28011,-10.46689,-0.8769586
05/15/2023 12:31:45.659076,2620,True,True,True,True,Eyes,2.409343,-0.03230643,-3.279055,-0.2477626,-0.303745,-0.9199742,0.0,0.0,0.0,0.0,0.0,0.0,0.0,3.768696,-0.2775104,-1.562232,2.389867,-0.02311197,-3.317929,-0.06541823,0.951495,-0.1411681,-0.265423,17.66003,210.7101,357.0191,0.6099037,-0.007584976,-0.7924386,-0.1028377,-0.003495471,-0.4201355,1.779658,-0.6506227,-5.149004,-0.3689294,-0.02887514,2.013878,-0.850542,-0.04955173,0.5235673,-0.1994287,0.951584,-0.2339144,-0.4866273,-0.3033684,-0.8192443,moving,15.07297,18.27151,-10.38111,-0.8214552
05/15/2023 12:31:45.679070,2621,True,True,True,True,Eyes,2.408007,-0.03197464,-3.281606,-0.2508951,-0.3032742,-0.9192804,0.0,0.0,0.0,0.0,0.0,0.0,0.0,3.785323,-0.2526758,-1.538031,2.38465,-0.02146548,-3.327318,-0.06756528,0.9502426,-0.1392247,-0.2703522,17.52533,211.2706,356.8062,0.6081366,-0.007620577,-0.7937952,-0.09666743,-0.003285743,-0.3949274,1.747655,-0.637668,-5.152298,-0.3656144,-0.02677369,2.014146,-0.8446892,-0.0531274,0.5326139,-0.2036862,0.9521028,-0.2280616,-0.4949869,-0.3011273,-0.8150523,moving,15.26569,18.25792,-10.28849,-0.7615778
05/15/2023 12:31:45.694727,2622,True,True,True,True,Eyes,2.40654,-0.03164203,-3.284384,-0.2541911,-0.3030763,-0.9184397,0.0,0.0,0.0,0.0,0.0,0.0,0.0,3.802239,-0.2242552,-1.512307,2.380416,-0.02104092,-3.335799,-0.06978679,0.9489594,-0.137011,-0.2753797,17.36582,211.8416,356.5768,0.6064931,-0.007644199,-0.7950514,-0.09086739,-0.003088598,-0.3712317,1.722909,-0.6398722,-5.152219,-0.3625367,-0.02482179,2.014397,-0.838592,-0.05698958,0.5417715,-0.2079098,0.9527156,-0.2216,-0.5035253,-0.2984714,-0.8107883,moving,15.47018,18.26239,-10.20246,-0.7059739
05/15/2023 12:31:45.709077,2623,True,True,True,True,Eyes,2.404975,-0.03128657,-3.287346,-0.2577132,-0.3032691,-0.917394,0.0,0.0,0.0,0.0,0.0,0.0,0.0,3.818239,-0.2134788,-1.48464,2.376004,-0.0208554,-3.344076,-0.07306429,0.9469894,-0.1396831,-0.279931,17.786,212.3683,356.3765,0.6049566,-0.007657007,-0.796221,-0.08541534,-0.002903282,-0.3489578,1.695519,-0.6307067,-5.155535,-0.3592647,-0.02274734,2.014663,-0.8326005,-0.06017898,0.550595,-0.2165854,0.9503005,-0.2236509,-0.5097715,-0.3054627,-0.8042545,moving,15.69105,18.29269,-10.11098,-0.6468928
05/15/2023 12:31:45.728984,2624,True,True,True,True,Eyes,2.403281,-0.03092657,-3.290505,-0.2614465,-0.303688,-0.9161983,0.0,0.0,0.0,0.0,0.0,0.0,0.0,3.832816,-0.2115251,-1.454459,2.371098,-0.01996061,-3.350845,-0.07606006,0.9448248,-0.1437128,-0.2843725,18.35028,212.8963,356.2552,0.6035131,-0.007659513,-0.7973157,-0.08029042,-0.002729085,-0.3280203,1.668827,-0.6219229,-5.157814,-0.3561383,-0.02076456,2.014918,-0.8266946,-0.06199095,0.5592259,-0.2254627,0.947123,-0.228308,-0.5155028,-0.3148255,-0.7969581,moving,15.92664,18.33857,-10.02355,-0.5904356
05/15/2023 12:31:45.739185,2625,True,True,True,True,Eyes,2.401497,-0.03056922,-3.293803,-0.2653124,-0.3043624,-0.9148623,0.0,0.0,0.0,0.0,0.0,0.0,0.0,3.849515,-0.2099608,-1.420781,2.366351,-0.01944084,-3.35879,-0.07760958,0.9427724,-0.1461814,-0.2894611,18.69689,213.5212,356.2647,0.6021487,-0.007652631,-0.7983466,-0.075473,-0.00256534,-0.3083391,1.646633,-0.6329795,-5.154927,-0.3529327,-0.01873216,2.015179,-0.8203781,-0.06170869,0.5684822,-0.230964,0.9452155,-0.2307017,-0.5231019,-0.3205615,-0.7896866,moving,16.17229,18.4016,-9.933871,-0.5325795
05/15/2023 12:31:45.759293,2626,True,True,True,True,Eyes,2.399592,-0.03018456,-3.297257,-0.2693137,-0.3053098,-0.9133762,0.0,0.0,0.0,0.0,0.0,0.0,0.0,3.863936,-0.2218965,-1.387326,2.362028,-0.01911879,-3.36517,-0.07810786,0.9407315,-0.1500322,-0.2939622,19.15965,214.1042,356.4342,0.6008531,-0.007637364,-0.7993224,-0.07094461,-0.00241142,-0.2898388,1.624994,-0.6485972,-5.148821,-0.3497048,-0.01668531,2.015441,-0.814971,-0.05874946,0.5765163,-0.2351646,0.942779,-0.2363586,-0.5296416,-0.3282015,-0.7821534,moving,16.42843,18.48299,-9.843547,-0.4743259
05/15/2023 12:31:45.779166,2627,True,True,True,True,Eyes,2.397582,-0.0297705,-3.300868,-0.2736201,-0.3059555,-0.9118789,0.0,0.0,0.0,0.0,0.0,0.0,0.0,3.877303,-0.2383378,-1.356475,2.357301,-0.01801369,-3.372405,-0.07790072,0.9388543,-0.1536002,-0.2981461,19.56451,214.6622,356.673,0.5996156,-0.00761388,-0.8002514,-0.06668793,-0.002266735,-0.2724484,1.599518,-0.6580352,-5.14414,-0.3464403,-0.01461509,2.015707,-0.8100808,-0.05468424,0.5837627,-0.2378655,0.9406769,-0.2419648,-0.5359004,-0.334868,-0.7750317,moving,16.70249,18.54774,-9.752166,-0.4154215
05/15/2023 12:31:45.794769,2628,True,True,True,True,Eyes,2.395452,-0.02936713,-3.304608,-0.2781523,-0.3064592,-0.9103373,0.0,0.0,0.0,0.0,0.0,0.0,0.0,3.890282,-0.2380565,-1.327809,2.352278,-0.01697613,-3.379428,-0.07676304,0.9376369,-0.1526003,-0.3027504,19.42955,215.2525,356.8664,0.5984269,-0.007582271,-0.801141,-0.06268666,-0.002130731,-0.2561015,1.576967,-0.6724575,-5.136871,-0.3432295,-0.01257896,2.015969,-0.8048995,-0.05155209,0.5911682,-0.2363513,0.9416412,-0.2396873,-0.5443118,-0.3326474,-0.770111,moving,16.99046,18.60548,-9.662263,-0.3575016
05/15/2023 12:31:45.812554,2629,True,True,True,True,Eyes,2.393219,-0.02897772,-3.308458,-0.283032,-0.306662,-0.9087637,0.0,0.0,0.0,0.0,0.0,0.0,0.0,3.903309,-0.2331843,-1.298868,2.347344,-0.01685569,-3.386287,-0.07557823,0.9364707,-0.15081,-0.3075171,19.20455,215.8569,357.0379,0.597279,-0.007543624,-0.8019976,-0.05892546,-0.002002887,-0.2407354,1.554901,-0.6845849,-5.131041,-0.3401662,-0.01063719,2.016218,-0.7994425,-0.0488003,0.5987575,-0.2343069,0.9430885,-0.2359752,-0.5531656,-0.3289416,-0.7653794,moving,17.29906,18.64695,-9.576473,-0.3022792
05/15/2023 12:31:45.829012,2630,True,True,True,True,Eyes,2.390867,-0.02861536,-3.312417,-0.2881207,-0.3068332,-0.9071053,0.0,0.0,0.0,0.0,0.0,0.0,0.0,3.916592,-0.230004,-1.266634,2.342456,-0.01685648,-3.392574,-0.07512502,0.934935,-0.1504569,-0.3124353,19.1643,216.481,357.1808,0.5961646,-0.007498973,-0.8028267,-0.05538993,-0.001882714,-0.2262913,1.527803,-0.6784139,-5.129428,-0.3368264,-0.008518636,2.016491,-0.7934812,-0.04645796,0.6068194,-0.2344901,0.9434379,-0.2343913,-0.5616071,-0.3282782,-0.7594942,moving,17.62123,18.68838,-9.482906,-0.2420437
05/15/2023 12:31:45.839462,2631,True,True,True,True,Eyes,2.388425,-0.02828898,-3.316483,-0.2935312,-0.306744,-0.9053991,0.0,0.0,0.0,0.0,0.0,0.0,0.0,3.929969,-0.2269568,-1.233489,2.337327,-0.01716174,-3.399157,-0.07438555,0.9333835,-0.1498177,-0.3175163,19.08146,217.1286,357.3484,0.595078,-0.007449609,-0.8036331,-0.05206654,-0.001769751,-0.2127138,1.500109,-0.6701546,-5.128145,-0.3337538,-0.006570548,2.01674,-0.7873003,-0.04372135,0.6150175,-0.2339996,0.9440429,-0.2324376,-0.5704404,-0.3269121,-0.753476,moving,17.96274,18.71608,-9.39681,-0.1866692
05/15/2023 12:31:45.859268,2632,True,True,True,True,Eyes,2.385866,-0.02800349,-3.320635,-0.2991328,-0.3067177,-0.9035729,0.0,0.0,0.0,0.0,0.0,0.0,0.0,3.943712,-0.2219665,-1.197783,2.332292,-0.01776294,-3.405423,-0.07372707,0.9317151,-0.149042,-0.3228899,18.98622,217.811,357.5066,0.5940129,-0.007396855,-0.8044212,-0.04894255,-0.001663566,-0.199951,1.472991,-0.6678904,-5.123971,-0.330495,-0.004504442,2.017005,-0.7806132,-0.04113695,0.6236597,-0.2336336,0.9447016,-0.2301179,-0.579706,-0.3253408,-0.7470575,moving,18.31741,18.74978,-9.305471,-0.1279546
05/15/2023 12:31:45.879088,2633,True,True,True,True,Eyes,2.383198,-0.02774063,-3.324883,-0.3050425,-0.3065428,-0.9016544,0.0,0.0,0.0,0.0,0.0,0.0,0.0,3.957104,-0.220782,-1.160872,2.32705,-0.01842944,-3.411677,-0.07334727,0.9298156,-0.1494458,-0.3282211,19.02994,218.4965,357.6783,0.5929651,-0.007342092,-0.8051944,-0.04600599,-0.001563752,-0.1879539,1.44488,-0.6646701,-5.119844,-0.327319,-0.002491087,2.017262,-0.773782,-0.03829634,0.6322931,-0.2345014,0.9445723,-0.2297658,-0.5884473,-0.3260623,-0.7398736,moving,18.69141,18.77691,-9.216434,-0.07075366
05/15/2023 12:31:45.894885,2634,True,True,True,True,Eyes,2.380404,-0.02750672,-3.329218,-0.3112041,-0.3063288,-0.8996191,0.0,0.0,0.0,0.0,0.0,0.0,0.0,3.971246,-0.2179448,-1.12042,2.321636,-0.01872756,-3.418083,-0.07325891,0.9276904,-0.1499544,-0.333972,19.09621,219.2333,357.8311,0.5919297,-0.00728606,-0.8059564,-0.04324564,-0.001469927,-0.1766767,1.415909,-0.6612851,-5.114691,-0.3241884,-0.0005057156,2.017517,-0.7661917,-0.03576207,0.6416162,-0.2360843,0.9442936,-0.2292896,-0.5976743,-0.3271553,-0.7319528,moving,19.08198,18.80419,-9.12864,-0.01436189
05/15/2023 12:31:45.908963,2635,True,True,True,True,Eyes,2.377486,-0.02731198,-3.333621,-0.317607,-0.3060561,-0.8974716,0.0,0.0,0.0,0.0,0.0,0.0,0.0,3.985819,-0.2062178,-1.077994,2.315938,-0.01919906,-3.424531,-0.07323851,0.9255915,-0.1488443,-0.3402379,18.9883,220.0182,357.9216,0.5909024,-0.007229594,-0.8067104,-0.0406509,-0.001381731,-0.1660761,1.38766,-0.6625906,-5.107864,-0.3209347,0.001557261,2.017782,-0.7577485,-0.03429294,0.6516449,-0.2368628,0.944963,-0.225701,-0.6080404,-0.325375,-0.724167,moving,19.48841,18.83042,-9.037374,0.04421907
05/15/2023 12:31:45.929179,2636,True,True,True,True,Eyes,2.374455,-0.02716639,-3.338097,-0.3242154,-0.3058451,-0.8951777,0.0,0.0,0.0,0.0,0.0,0.0,0.0,4.000337,-0.1896132,-1.034088,2.310335,-0.0199706,-3.430734,-0.07387896,0.9233194,-0.1477637,-0.346683,18.91053,220.817,357.942,0.5898793,-0.00717369,-0.8074591,-0.03821184,-0.001298827,-0.1561115,1.35805,-0.6641617,-5.099856,-0.3176795,0.003621221,2.018046,-0.7487057,-0.03397343,0.6620316,-0.2388821,0.9454156,-0.221641,-0.6183651,-0.3240913,-0.7159536,moving,19.90937,18.86317,-8.946053,0.1028126
05/15/2023 12:31:45.939492,2637,True,True,True,True,Eyes,2.374455,-0.02716639,-3.338097,-0.3242154,-0.3058451,-0.8951777,0.0,0.0,0.0,0.0,0.0,0.0,0.0,4.01432,-0.1712532,-0.9904985,2.304702,-0.02099727,-3.437018,-0.07544938,0.9208122,-0.1476658,-0.3529972,18.97841,221.5975,357.8972,0.5888582,-0.007119541,-0.8082046,-0.03591913,-0.001220898,-0.1467448,1.325791,-0.6598418,-5.092376,-0.3145911,0.00557965,2.018297,-0.7394006,-0.03469818,0.6723708,-0.2432007,0.9450044,-0.2186781,-0.6278056,-0.3252119,-0.7071754,moving,19.90937,18.86317,-8.859379,0.1583957
05/15/2023 12:31:45.959247,2638,True,True,True,True,Eyes,2.374455,-0.02716639,-3.338097,-0.3242154,-0.3058451,-0.8951777,0.0,0.0,0.0,0.0,0.0,0.0,0.0,4.027938,-0.1471781,-0.9484344,2.299059,-0.02209002,-3.443735,-0.07766325,0.9182726,-0.1472642,-0.3592455,19.04179,222.3583,357.7674,0.5879385,-0.007070793,-0.8088744,-0.03376398,-0.001147644,-0.1379401,1.293376,-0.6563519,-5.083727,-0.3113111,0.007659435,2.018564,-0.7298223,-0.03682404,0.6826445,-0.2484401,0.9445633,-0.214657,-0.6368965,-0.3262577,-0.6985121,moving,19.90937,18.86317,-8.767313,0.2174076
05/15/2023 12:31:45.979297,2639,True,True,True,True,Eyes,2.374455,-0.02716639,-3.338097,-0.3242154,-0.3058451,-0.8951777,0.0,0.0,0.0,0.0,0.0,0.0,0.0,4.039979,-0.1222175,-0.9095016,2.293336,-0.02301727,-3.450165,-0.08036726,0.9157472,-0.1472566,-0.3650533,19.17025,223.0618,357.5924,0.5871102,-0.007026919,-0.8094763,-0.03173814,-0.001078785,-0.1296637,1.262781,-0.6577231,-5.073988,-0.3081604,0.009656847,2.01882,-0.7205544,-0.03967917,0.6922622,-0.2547051,0.9437132,-0.2110229,-0.6449238,-0.3283762,-0.6901033,moving,19.90937,18.86317,-8.678856,0.2740673
05/15/2023 12:31:45.994899,2640,True,True,True,True,Eyes,2.374455,-0.02716639,-3.338097,-0.3242154,-0.3058451,-0.8951777,0.0,0.0,0.0,0.0,0.0,0.0,0.0,4.051729,-0.09586364,-0.870851,2.287585,-0.0241735,-3.456941,-0.08303376,0.9132133,-0.1469563,-0.3708788,19.26852,223.767,357.4105,0.5863645,-0.006987443,-0.8100169,-0.02983386,-0.001014058,-0.1218839,1.232838,-0.6585968,-5.064806,-0.3050253,0.01164544,2.019076,-0.711109,-0.04264907,0.7017873,-0.260661,0.9430185,-0.206814,-0.652978,-0.3299958,-0.6817058,moving,19.90937,18.86317,-8.590813,0.3304616
05/15/2023 12:31:46.008964,2641,True,True,True,True,Eyes,2.374455,-0.02716639,-3.338097,-0.3242154,-0.3058451,-0.8951777,0.0,0.0,0.0,0.0,0.0,0.0,0.0,4.062876,-0.07275891,-0.8308806,2.281507,-0.02551132,-3.463623,-0.08486902,0.9107209,-0.1462191,-0.3768351,19.28655,224.4992,357.3048,0.5856932,-0.006951925,-0.8105027,-0.02804382,-0.0009532144,-0.1145709,1.204991,-0.6612236,-5.05553,-0.3017973,0.01369202,2.019339,-0.7015855,-0.04438305,0.7112021,-0.264785,0.9428344,-0.2023663,-0.6615642,-0.3302928,-0.6732309,moving,19.90937,18.86317,-8.50014,0.3884851
05/15/2023 12:31:46.029170,2642,True,True,True,True,Eyes,2.374455,-0.02716639,-3.338097,-0.3242154,-0.3058451,-0.8951777,0.0,0.0,0.0,0.0,0.0,0.0,0.0,4.073451,-0.05660856,-0.791564,2.275476,-0.02675462,-3.470485,-0.08611621,0.9082468,-0.1460471,-0.3825469,19.34045,225.2183,357.2853,0.5850884,-0.006919934,-0.8109397,-0.02636119,-0.0008960215,-0.1076966,1.177148,-0.6631171,-5.04656,-0.2986825,0.01566765,2.019593,-0.692484,-0.04468981,0.7200481,-0.2681693,0.9425085,-0.1994066,-0.6697401,-0.3311806,-0.6646565,moving,19.90937,18.86317,-8.41263,0.4444817
05/15/2023 12:31:46.039737,2643,True,True,True,True,Eyes,2.369738,-0.02736872,-3.344183,-0.3337861,-0.3063044,-0.8914957,0.0,0.0,0.0,0.0,0.0,0.0,0.0,4.082953,-0.04392469,-0.7550197,2.269318,-0.0277283,-3.477343,-0.08715434,0.9058798,-0.1461446,-0.3878503,19.41357,225.8931,357.2933,0.5845438,-0.006891142,-0.8113326,-0.02477952,-0.0008422603,-0.1012348,1.147784,-0.6628086,-5.037132,-0.2953942,0.01775205,2.019859,-0.6839526,-0.04453825,0.7281657,-0.2712671,0.9420918,-0.1971732,-0.6772172,-0.3323846,-0.6564279,moving,20.52647,18.96194,-8.320235,0.5035456
05/15/2023 12:31:46.059284,2644,True,True,True,True,Eyes,2.364955,-0.02761582,-3.350299,-0.3433109,-0.3067778,-0.8877077,0.0,0.0,0.0,0.0,0.0,0.0,0.0,4.092303,-0.02552837,-0.7195377,2.262928,-0.02970544,-3.484769,-0.08773369,0.9037292,-0.144491,-0.3933174,19.27945,226.5756,357.2727,0.583907,-0.006869783,-0.8117912,0.0,0.0,0.0,1.119547,-0.6640723,-5.027505,-0.2921854,0.0197871,2.020122,-0.6752083,-0.04491338,0.7362583,-0.2722366,0.9428504,-0.192147,-0.6855514,-0.3301758,-0.6488475,moving,21.14341,19.06434,-8.230047,0.5611946
05/15/2023 12:31:46.079152,2645,True,True,True,True,Eyes,2.247459,-0.0347368,-3.509608,-0.5715128,-0.310331,-0.7596498,0.0,0.0,0.0,0.0,0.0,0.0,0.0,4.100379,-0.01421487,-0.686923,2.256634,-0.03102036,-3.491676,-0.0885296,0.9015417,-0.144442,-0.3981477,19.32564,227.194,357.2905,0.5831863,-0.006856224,-0.8123092,0.0,0.0,0.0,1.092806,-0.6658423,-5.018302,-0.2889746,0.02182326,2.020383,-0.667282,-0.04460775,0.7434684,-0.2746448,0.942598,-0.1899453,-0.6923189,-0.3309367,-0.6412299,moving,36.95551,22.22093,-8.13979,0.6188589
05/15/2023 12:31:46.095071,2646,True,True,True,True,Eyes,2.24718,-0.03478444,-3.509907,-0.5718815,-0.3102488,-0.7594058,0.0,0.0,0.0,0.0,0.0,0.0,0.0,4.108725,-1.972914e-05,-0.6534905,2.249745,-0.03245635,-3.499465,-0.08933145,0.899295,-0.1438053,-0.4032474,19.31079,227.8414,357.2856,0.5781403,-0.007036751,-0.8159069,-0.352488,-0.02136294,-0.4779267,1.064257,-0.6616179,-5.010919,-0.285907,0.02376845,2.020632,-0.6588231,-0.04469247,0.7509694,-0.2766488,0.9426799,-0.1866014,-0.6995841,-0.3306921,-0.6334233,moving,36.98211,22.22205,-8.053542,0.6739326
05/15/2023 12:31:46.109046,2647,True,True,True,True,Eyes,2.246596,-0.03489689,-3.510461,-0.5725093,-0.3101019,-0.7589927,0.0,0.0,0.0,0.0,0.0,0.0,0.0,4.116633,0.01586914,-0.6194201,2.242886,-0.03366695,-3.506983,-0.0898004,0.897139,-0.1422679,-0.4084574,19.18548,228.4978,357.2747,0.5738847,-0.00718651,-0.8189044,-0.3313388,-0.02008116,-0.4492511,1.039031,-0.6628436,-5.002576,-0.2826374,0.0258413,2.020897,-0.650197,-0.04490615,0.7584376,-0.2773476,0.9433915,-0.1819088,-0.7073348,-0.3286273,-0.625845,moving,37.02731,22.22347,-7.961594,0.7326035
05/15/2023 12:31:46.129436,2648,True,True,True,True,Eyes,2.24576,-0.03507146,-3.511297,-0.5734276,-0.3100385,-0.758325,0.0,0.0,0.0,0.0,0.0,0.0,0.0,4.124104,0.02936572,-0.5865932,2.235941,-0.03521049,-3.514613,-0.09041975,0.8949158,-0.141496,-0.4134356,19.1486,229.1333,357.2795,0.5702786,-0.007312838,-0.8214186,-0.3114584,-0.01887629,-0.422296,1.012084,-0.6620279,-4.994711,-0.2793468,0.0279282,2.021166,-0.6417907,-0.04483718,0.7655681,-0.278835,0.9436064,-0.1784884,-0.7143921,-0.3280194,-0.6180999,moving,37.09572,22.23702,-7.869037,0.791655
05/15/2023 12:31:46.139812,2649,True,True,True,True,Eyes,2.244645,-0.03529976,-3.512356,-0.5745781,-0.3099661,-0.7574834,0.0,0.0,0.0,0.0,0.0,0.0,0.0,4.13148,0.03948909,-0.5533128,2.229159,-0.03685731,-3.522262,-0.09133305,0.8924894,-0.1419647,-0.4182905,19.25733,229.767,357.3127,0.5671652,-0.007423457,-0.8235703,-0.2927709,-0.01774372,-0.3969583,0.984319,-0.6573101,-4.986981,-0.2761639,0.0299457,2.021424,-0.6333827,-0.04426261,0.7725719,-0.2817925,0.9430087,-0.1769964,-0.7207075,-0.3298114,-0.6097582,moving,37.18161,22.25463,-7.779503,0.8487269
05/15/2023 12:31:46.159164,2650,True,True,True,True,Eyes,2.243286,-0.03555964,-3.513673,-0.575965,-0.3099605,-0.7564316,0.0,0.0,0.0,0.0,0.0,0.0,0.0,4.138073,0.04564983,-0.5227451,2.222258,-0.03823324,-3.529746,-0.09225485,0.8901166,-0.1431637,-0.4227123,19.44242,230.3557,357.3742,0.5643263,-0.007528353,-0.8255173,-0.2752047,-0.01667909,-0.3731408,0.9579661,-0.6559694,-4.978917,-0.2729985,0.03195336,2.021682,-0.6256068,-0.043201,0.7789415,-0.2852693,0.9419864,-0.1768704,-0.7261113,-0.3328594,-0.601637,moving,37.28651,22.28218,-7.690435,0.9055038
05/15/2023 12:31:46.179545,2651,True,True,True,True,Eyes,2.241648,-0.03586583,-3.515183,-0.5775725,-0.3098488,-0.7552508,0.0,0.0,0.0,0.0,0.0,0.0,0.0,4.144171,0.05326182,-0.4938412,2.215121,-0.03923586,-3.537309,-0.09293597,0.8879224,-0.1435206,-0.4270348,19.52657,230.9249,357.4177,0.5617287,-0.007628846,-0.827286,-0.2586924,-0.01567835,-0.3507523,0.9331767,-0.6596911,-4.969566,-0.2697257,0.03402817,2.021947,-0.6180086,-0.0424633,0.7850241,-0.2876164,0.9415295,-0.1754964,-0.7316712,-0.334244,-0.5940864,moving,37.40668,22.30635,-7.598339,0.9641629
05/15/2023 12:31:46.194916,2652,True,True,True,True,Eyes,2.239792,-0.03621805,-3.516933,-0.5794056,-0.3097965,-0.7538669,0.0,0.0,0.0,0.0,0.0,0.0,0.0,4.150074,0.06361967,-0.465826,2.208036,-0.04052918,-3.545009,-0.09333171,0.8858907,-0.1428525,-0.43137,19.4889,231.4862,357.4392,0.5593428,-0.007726495,-0.8289002,-0.2431708,-0.01473765,-0.3297072,0.9104192,-0.6658977,-4.960405,-0.2665884,0.03601709,2.022202,-0.6104183,-0.04211887,0.7909588,-0.2886079,0.9417647,-0.1725823,-0.737628,-0.3336243,-0.5870263,moving,37.54509,22.33988,-7.510039,1.020377
05/15/2023 12:31:46.208923,2653,True,True,True,True,Eyes,2.237698,-0.03661419,-3.518877,-0.5815077,-0.3096609,-0.7523025,0.0,0.0,0.0,0.0,0.0,0.0,0.0,4.155918,0.07314712,-0.4359298,2.20103,-0.04197492,-3.552569,-0.09408305,0.8836089,-0.1430455,-0.4357999,19.5601,232.0694,357.4705,0.5571414,-0.007822687,-0.8303805,-0.2285806,-0.01385339,-0.3099248,0.8872101,-0.6682456,-4.952294,-0.2634268,0.03802267,2.02246,-0.6024535,-0.04158676,0.7970698,-0.2909437,0.9413727,-0.1707899,-0.7432371,-0.3347954,-0.5792328,moving,37.70297,22.37292,-7.421035,1.077045
05/15/2023 12:31:46.229586,2654,True,True,True,True,Eyes,2.235394,-0.03703139,-3.521033,-0.5838513,-0.3094576,-0.7505688,0.0,0.0,0.0,0.0,0.0,0.0,0.0,4.161307,0.08307803,-0.4057584,2.193825,-0.04336055,-3.559953,-0.09455606,0.8813853,-0.1427007,-0.4402905,19.56116,232.6581,357.5049,0.5551007,-0.007918613,-0.8317451,-0.2148658,-0.01302218,-0.2913293,0.8632494,-0.6666416,-4.945095,-0.2601569,0.04009554,2.022726,-0.594407,-0.04102116,0.8031175,-0.2923401,0.9413913,-0.1682843,-0.7491446,-0.3348128,-0.5715618,moving,37.87858,22.40623,-7.328973,1.135598
05/15/2023 12:31:46.239270,2655,True,True,True,True,Eyes,2.232877,-0.03738399,-3.523374,-0.5868185,-0.3092325,-0.7483444,0.0,0.0,0.0,0.0,0.0,0.0,0.0,4.166163,0.0943194,-0.3757138,2.186563,-0.04476301,-3.567059,-0.09450947,0.8793428,-0.1412244,-0.4448372,19.41767,233.2455,357.5346,0.5531994,-0.008014791,-0.8330099,-0.2019738,-0.01224085,-0.2738495,0.8400403,-0.6689328,-4.93637,-0.2569808,0.04210955,2.022984,-0.586376,-0.04056871,0.8090228,-0.2918562,0.9422473,-0.1642867,-0.7556346,-0.332452,-0.5643514,moving,38.10197,22.4515,-7.239541,1.192472
05/15/2023 12:31:46.259248,2656,True,True,True,True,Eyes,2.230138,-0.03770106,-3.525904,-0.5900455,-0.308821,-0.7459731,0.0,0.0,0.0,0.0,0.0,0.0,0.0,4.170852,0.1040225,-0.3466058,2.179355,-0.04397033,-3.574275,-0.09541944,0.8770955,-0.1411064,-0.4490968,19.4651,233.8036,357.5294,0.5514178,-0.008109663,-0.8341894,-0.1898554,-0.0115064,-0.2574185,0.8160485,-0.668794,-4.927591,-0.2537575,0.04415369,2.023247,-0.5784146,-0.04064301,0.8147299,-0.2941247,0.9419681,-0.1618225,-0.7608727,-0.3332327,-0.5568023,moving,38.34309,22.48878,-7.148762,1.250178
05/15/2023 12:31:46.269081,2657,True,True,True,True,Eyes,2.22715,-0.03794427,-3.528586,-0.5939223,-0.3082368,-0.7431329,0.0,0.0,0.0,0.0,0.0,0.0,0.0,4.175247,0.1246802,-0.3121829,2.171361,-0.04256283,-3.58177,-0.0960675,0.874808,-0.1381285,-0.4543154,19.20577,234.4513,357.4161,0.5497388,-0.008202481,-0.8352959,-0.1784641,-0.01081602,-0.2419734,0.7909687,-0.6637987,-4.919317,-0.2505517,0.04618597,2.023508,-0.5687369,-0.04257349,0.8214167,-0.293589,0.9433832,-0.1543819,-0.7683381,-0.3289616,-0.549036,moving,38.63234,22.52771,-7.058465,1.307532
05/15/2023 12:31:46.294952,2658,True,True,True,True,Eyes,2.223973,-0.03803713,-3.531415,-0.597908,-0.3079698,-0.740041,0.0,0.0,0.0,0.0,0.0,0.0,0.0,4.178059,0.1481341,-0.2728024,2.162443,-0.04105704,-3.588132,-0.09738234,0.8720474,-0.1357382,-0.4600275,19.04663,235.1682,357.2739,0.5481466,-0.008291678,-0.8363408,-0.1677562,-0.01016706,-0.227455,0.7684876,-0.6629319,-4.9105,-0.2474391,0.04815981,2.023761,-0.5577828,-0.04495737,0.8287685,-0.2947306,0.9441836,-0.1471432,-0.7758945,-0.3263374,-0.5398997,moving,38.9361,22.59476,-6.970783,1.363221
05/15/2023 12:31:46.309310,2659,True,True,True,True,Eyes,2.220516,-0.03799286,-3.534402,-0.6024298,-0.3075857,-0.7365252,0.0,0.0,0.0,0.0,0.0,0.0,0.0,4.181491,0.1630319,-0.2331219,2.154773,-0.03747472,-3.594626,-0.1006988,0.8685553,-0.1382016,-0.4651579,19.49673,235.8585,357.1814,0.5466279,-0.008374005,-0.8373334,-0.1576908,-0.009557033,-0.2138077,0.7404703,-0.6506869,-4.901457,-0.2443227,0.05013528,2.024012,-0.5469759,-0.04635381,0.8358642,-0.3034961,0.9415202,-0.1463898,-0.7801973,-0.3337531,-0.5290571,moving,39.28094,22.66626,-6.882989,1.418941
05/15/2023 12:31:46.328936,2660,True,True,True,True,Eyes,2.216851,-0.03791138,-3.537508,-0.6073375,-0.3069308,-0.7327582,0.0,0.0,0.0,0.0,0.0,0.0,0.0,4.183639,0.1914213,-0.1841736,2.144804,-0.03415439,-3.601671,-0.10235,0.8651384,-0.1351504,-0.4720112,19.2972,236.7216,356.9931,0.5451686,-0.00844689,-0.8382835,-0.1482294,-0.008983611,-0.2009792,0.7109397,-0.6415595,-4.888547,-0.2411226,0.05216509,2.024273,-0.53346,-0.04950882,0.8443753,-0.3046788,0.9425177,-0.1372269,-0.7890447,-0.3304683,-0.5178797,moving,39.65322,22.72738,-6.792818,1.476174
05/15/2023 12:31:46.339264,2661,True,True,True,True,Eyes,2.213019,-0.03775727,-3.540703,-0.6124495,-0.3066625,-0.728604,0.0,0.0,0.0,0.0,0.0,0.0,0.0,4.18599,0.2062026,-0.125165,2.136257,-0.03325132,-3.607768,-0.1009175,0.8617386,-0.1309925,-0.4796492,18.81857,237.7167,357.077,0.5437582,-0.008510379,-0.8391984,-0.1393356,-0.008444594,-0.1889205,0.6889997,-0.6511633,-4.872587,-0.238013,0.05413666,2.024527,-0.5195048,-0.04826799,0.8531034,-0.2995899,0.9453132,-0.1289527,-0.8002257,-0.3225726,-0.5055555,moving,40.04972,22.82577,-6.705185,1.531747
05/15/2023 12:31:46.359445,2662,True,True,True,True,Eyes,2.208954,-0.03751922,-3.544023,-0.6177135,-0.3063065,-0.7242972,0.0,0.0,0.0,0.0,0.0,0.0,0.0,4.188707,0.194376,-0.08198166,2.12863,-0.03125924,-3.613547,-0.1013079,0.8582426,-0.1352993,-0.4846138,19.29486,238.4618,357.4035,0.5423878,-0.008563693,-0.8400843,-0.1309755,-0.007937918,-0.1775853,0.6552739,-0.638698,-4.856216,-0.2347716,0.05619259,2.024792,-0.5097724,-0.0427577,0.8592462,-0.3050294,0.9428616,-0.1340488,-0.8044185,-0.3304297,-0.4936872,moving,40.45905,22.92359,-6.613827,1.58968
05/15/2023 12:31:46.368873,2663,True,True,True,True,Eyes,2.204725,-0.03728273,-3.547433,-0.6232885,-0.305587,-0.7198111,0.0,0.0,0.0,0.0,0.0,0.0,0.0,4.190039,0.1927685,-0.04292965,2.119065,-0.02903718,-3.619966,-0.09999865,0.8556376,-0.1339943,-0.4898267,19.10287,239.1729,357.5826,0.541049,-0.008605804,-0.8409467,-0.123117,-0.007461643,-0.1669302,0.6185446,-0.6202117,-4.836535,-0.231475,0.05828282,2.02506,-0.5001401,-0.03985719,0.8650267,-0.3023932,0.9440916,-0.1313371,-0.8114297,-0.3272652,-0.4842306,moving,40.88947,23.00306,-6.520907,1.648563
05/15/2023 12:31:46.395094,2664,True,True,True,True,Eyes,2.200361,-0.03707802,-3.55089,-0.6288419,-0.305075,-0.7151832,0.0,0.0,0.0,0.0,0.0,0.0,0.0,4.190238,0.2053666,-0.001112938,2.110838,-0.02890718,-3.625437,-0.09795875,0.8533485,-0.1286799,-0.495623,18.46461,239.9066,357.6053,0.5397338,-0.008637912,-0.841791,-0.11573,-0.007013945,-0.1569143,0.597455,-0.6338993,-4.817707,-0.228352,0.06026329,2.025314,-0.4895241,-0.03963243,0.8710887,-0.2947393,0.9476911,-0.1225165,-0.8206674,-0.3167188,-0.4755989,moving,41.32432,23.10159,-6.43287,1.704335
05/15/2023 12:31:46.409303,2665,True,True,True,True,Eyes,2.195788,-0.03684659,-3.554378,-0.6343659,-0.3048178,-0.7103984,0.0,0.0,0.0,0.0,0.0,0.0,0.0,4.190039,0.212016,0.02991199,2.103293,-0.02942757,-3.630092,0.09925929,-0.8505763,0.130373,0.4996702,18.7221,240.4793,357.6661,0.5384375,-0.008661767,-0.8426205,-0.1087862,-0.006593108,-0.1474995,0.5692798,-0.6241916,-4.803807,-0.2252238,0.06224647,2.025567,-0.4809546,-0.03856819,0.8758968,-0.2991422,0.9463009,-0.1225906,-0.8241339,-0.3209782,-0.4666651,moving,41.76396,23.22321,-6.344684,1.760168
05/15/2023 12:31:46.419236,2666,True,True,True,True,Eyes,2.191022,-0.03654144,-3.557928,-0.6400269,-0.3042009,-0.7055688,0.0,0.0,0.0,0.0,0.0,0.0,0.0,4.189205,0.2258888,0.05915499,2.094421,-0.02878407,-3.635456,0.1012516,-0.8477827,0.1311761,0.5037909,18.93148,241.0422,357.6062,0.5371545,-0.008677579,-0.8434389,-0.102259,-0.006197521,-0.1386495,0.5380416,-0.600807,-4.790187,-0.2220134,0.06428178,2.025828,-0.4718855,-0.03950806,0.8807741,-0.3038495,0.9450818,-0.1203985,-0.8276469,-0.3244371,-0.457975,moving,42.21142,23.32294,-6.254166,1.817449
05/15/2023 12:31:46.439233,2667,True,True,True,True,Eyes,2.186113,-0.03619334,-3.561545,-0.6458126,-0.3032407,-0.7006934,0.0,0.0,0.0,0.0,0.0,0.0,0.0,4.186213,0.2637288,0.08943987,2.085033,-0.02677272,-3.640584,0.102745,-0.8455818,0.1250226,0.5087283,18.41951,241.6087,357.1875,0.5358788,-0.008684399,-0.8442499,-0.09612344,-0.00582567,-0.1303305,0.5189342,-0.6085737,-4.775391,-0.2188225,0.066305,2.026088,-0.4612783,-0.04655348,0.8860335,-0.3009636,0.9476257,-0.1068951,-0.8346518,-0.3159722,-0.4511301,moving,42.66603,23.40163,-6.164192,1.874371
05/15/2023 12:31:46.460970,2668,True,True,True,True,Eyes,2.059194,-0.02713174,-3.653188,-0.7817212,-0.2673143,-0.5634314,0.0,0.0,0.0,0.0,0.0,0.0,0.0,4.181666,0.3161016,0.1188226,2.076371,-0.02513383,-3.64533,0.1059493,-0.843173,0.1184454,0.5136192,17.97338,242.152,356.5648,0.5346066,-0.008682101,-0.8450562,-0.09035604,-0.00547613,-0.1225107,0.4983072,-0.6131073,-4.761616,-0.2156242,0.06833306,2.026348,-0.4499398,-0.05699553,0.8912381,-0.3003388,0.9494909,-0.09090465,-0.8410413,-0.308575,-0.4443317,moving,54.21754,25.38153,-6.074001,1.931412
05/15/2023 12:31:46.479152,2669,True,True,True,True,Eyes,2.058862,-0.02713006,-3.653384,-0.7820716,-0.267197,-0.5630008,0.0,0.0,0.0,0.0,0.0,0.0,0.0,4.175691,0.3723955,0.1538954,2.067311,-0.02446876,-3.650257,0.1097039,-0.8401772,0.1122772,0.5190967,17.61139,242.7871,355.9223,0.5293751,-0.008420192,-0.8483459,-0.4656903,0.02203727,-0.3900893,0.470265,-0.59051,-4.750513,-0.2123331,0.07042041,2.026616,-0.4370077,-0.06777603,0.8969008,-0.3009068,0.9507177,-0.07477154,-0.8476319,-0.3025593,-0.4358652,moving,54.25049,25.38875,-5.981185,1.990101
05/15/2023 12:31:46.494809,2670,True,True,True,True,Eyes,2.058204,-0.02710173,-3.653738,-0.782674,-0.2672166,-0.5621537,0.0,0.0,0.0,0.0,0.0,0.0,0.0,4.169388,0.4145947,0.1980486,2.058732,-0.02450918,-3.654577,0.1122919,-0.8366421,0.1079133,0.5251431,17.36803,243.5466,355.5196,0.5250099,-0.008200532,-0.8510563,-0.4377489,0.02071503,-0.366684,0.4440774,-0.5699087,-4.738971,-0.2092113,0.07239936,2.02687,-0.4232307,-0.07455638,0.9029492,-0.3012361,0.9514905,-0.06263103,-0.8544781,-0.2985083,-0.425159,moving,54.31229,25.42382,-5.89314,2.045723
05/15/2023 12:31:46.509089,2671,True,True,True,True,Eyes,2.057226,-0.02702981,-3.654281,-0.7835515,-0.267445,-0.560821,0.0,0.0,0.0,0.0,0.0,0.0,0.0,4.164352,0.4371313,0.2418213,2.050315,-0.02380855,-3.65883,0.1148542,-0.8327478,0.108161,0.5306985,17.58063,244.3056,355.3979,0.5213522,-0.008015199,-0.8533037,-0.411484,0.01947213,-0.3446829,0.416711,-0.5530919,-4.72418,-0.20605,0.07440424,2.027127,-0.4103354,-0.07648741,0.9087215,-0.306091,0.9502194,-0.05823577,-0.8590305,-0.3020476,-0.4133208,moving,54.4071,25.4956,-5.803973,2.102057
05/15/2023 12:31:46.529242,2672,True,True,True,True,Eyes,2.055955,-0.02695197,-3.654941,-0.784709,-0.2677564,-0.5590512,0.0,0.0,0.0,0.0,0.0,0.0,0.0,4.158917,0.4508446,0.2899323,2.041182,-0.02276534,-3.66292,0.11583,-0.8288432,0.1077225,0.5366548,17.63136,245.1306,355.4025,0.5182691,-0.007857188,-0.8551812,-0.3867949,0.0183038,-0.324002,0.3892181,-0.5418648,-4.70451,-0.2028755,0.07641726,2.027387,-0.3971702,-0.07639015,0.9145602,-0.3076293,0.9499586,-0.05424877,-0.8646501,-0.3028916,-0.4007952,moving,54.53274,25.592,-5.714422,2.158599
05/15/2023 12:31:46.539850,2673,True,True,True,True,Eyes,2.054417,-0.02687918,-3.65571,-0.7859459,-0.2687522,-0.5568314,0.0,0.0,0.0,0.0,0.0,0.0,0.0,4.152868,0.4617327,0.3421588,2.03295,-0.02252682,-3.666495,0.1166266,-0.8246371,0.1080652,0.5428573,17.74928,246.0079,355.4821,0.5154924,-0.007714513,-0.8568592,-0.3635872,0.01720557,-0.3045619,0.3663454,-0.5463792,-4.682813,-0.1995536,0.07852349,2.027656,-0.3834086,-0.07502117,0.9205271,-0.3096772,0.9494403,-0.05160603,-0.8701139,-0.3048524,-0.3872559,moving,54.68297,25.76407,-5.620717,2.217742
05/15/2023 12:31:46.559974,2674,True,True,True,True,Eyes,2.052616,-0.0267919,-3.656573,-0.7873179,-0.2702292,-0.5541722,0.0,0.0,0.0,0.0,0.0,0.0,0.0,4.146155,0.472048,0.3914118,2.024869,-0.02247059,-3.669609,0.1198899,-0.8197135,0.1132693,0.5485131,18.49483,246.865,355.6282,0.5129535,-0.007584317,-0.8583826,-0.341772,0.01617324,-0.2862881,0.3409814,-0.5455071,-4.659688,-0.1964033,0.08052187,2.027912,-0.3695199,-0.0722914,0.9264066,-0.3208101,0.945593,-0.05417433,-0.8720872,-0.3172191,-0.3726073,moving,54.8593,25.9951,-5.531842,2.273837
05/15/2023 12:31:46.569478,2675,True,True,True,True,Eyes,2.050566,-0.02668205,-3.657537,-0.7891091,-0.2719547,-0.5507699,0.0,0.0,0.0,0.0,0.0,0.0,0.0,4.138248,0.4881195,0.4405518,2.016769,-0.02192049,-3.672819,0.1237779,-0.8146027,0.1182105,0.5541912,19.25557,247.7283,355.709,0.5106241,-0.007465048,-0.8597714,-0.3212657,0.01520284,-0.2691109,0.3166938,-0.5479284,-4.63399,-0.1931621,0.08257634,2.028176,-0.3551025,-0.07063718,0.932155,-0.332682,0.9414106,-0.05539596,-0.8736275,-0.3297824,-0.3577971,moving,55.08634,26.27886,-5.440401,2.331486
05/15/2023 12:31:46.594804,2676,True,True,True,True,Eyes,2.048273,-0.02655891,-3.658581,-0.7910393,-0.2739021,-0.5470232,0.0,0.0,0.0,0.0,0.0,0.0,0.0,4.128952,0.5052751,0.4946694,2.008644,-0.02119534,-3.676022,0.1267593,-0.8093964,0.1213902,0.5604233,19.79058,248.6618,355.7863,0.5084777,-0.007355055,-0.8610435,-0.3019897,0.01429067,-0.2529642,0.2990124,-0.5722442,-4.60607,-0.1900619,0.08454254,2.028429,-0.3397161,-0.06913726,0.9379837,-0.3412567,0.9383931,-0.05442784,-0.8764343,-0.3385832,-0.3423807,moving,55.33519,26.59777,-5.352933,2.386639
05/15/2023 12:31:46.608902,2677,True,True,True,True,Eyes,2.045751,-0.02640588,-3.659748,-0.7933137,-0.2756789,-0.5428208,0.0,0.0,0.0,0.0,0.0,0.0,0.0,4.119672,0.5238985,0.5406003,2.000561,-0.02069004,-3.679095,0.1295362,-0.8048136,0.1235633,0.5658868,20.21209,249.4761,355.8042,0.5064919,-0.007253138,-0.862214,-0.2838703,0.01343323,-0.2377864,0.2819193,-0.5961806,-4.577541,-0.1867267,0.08665654,2.0287,-0.3259853,-0.06865932,0.9428785,-0.3483506,0.935905,-0.05228512,-0.8788548,-0.3454964,-0.3290088,moving,55.61832,26.92435,-5.258832,2.44592
05/15/2023 12:31:46.619360,2678,True,True,True,True,Eyes,2.042979,-0.02623535,-3.661001,-0.7958233,-0.2772197,-0.5383443,0.0,0.0,0.0,0.0,0.0,0.0,0.0,4.109334,0.5494803,0.5834417,1.992247,-0.01983237,-3.682323,0.1322751,-0.8005718,0.1236143,0.5712335,20.42886,250.2396,355.6814,0.5046452,-0.007157766,-0.8632969,-0.2668381,0.01262724,-0.2235192,0.2625435,-0.6123094,-4.547764,-0.1836333,0.08861831,2.028952,-0.3123913,-0.07056618,0.9473291,-0.3530167,0.9344456,-0.04680426,-0.8819247,-0.3490441,-0.3168238,moving,55.92314,27.24615,-5.17155,2.500912
05/15/2023 12:31:46.639175,2679,True,True,True,True,Eyes,2.039977,-0.02607804,-3.662333,-0.7986474,-0.2781414,-0.5336663,0.0,0.0,0.0,0.0,0.0,0.0,0.0,4.097788,0.5749998,0.6303434,1.983581,-0.01928523,-3.685763,0.1331431,-0.7966945,0.1201004,0.5771715,20.18542,251.0435,355.5079,0.502919,-0.007067894,-0.8643044,-0.2508278,0.0118696,-0.210108,0.2444283,-0.6245554,-4.5216,-0.1804457,0.09063965,2.029211,-0.2982924,-0.07351156,0.9516397,-0.3507857,0.9356976,-0.03767398,-0.8876775,-0.3450595,-0.3048983,moving,56.24865,27.52807,-5.081607,2.557556
05/15/2023 12:31:46.659307,2680,True,True,True,True,Eyes,2.036758,-0.02593876,-3.663732,-0.8016089,-0.2789788,-0.5287663,0.0,0.0,0.0,0.0,0.0,0.0,0.0,4.086803,0.5924355,0.6744442,1.975025,-0.0195813,-3.688726,0.1330723,-0.793156,0.1168765,0.5826966,19.90637,251.8041,355.4318,0.5012962,-0.006983287,-0.8652474,-0.2357782,0.01115743,-0.1975015,0.2250766,-0.6291169,-4.497575,-0.1772678,0.09265462,2.02947,-0.2855133,-0.07488716,0.9554446,-0.3473013,0.9372633,-0.03032102,-0.8932326,-0.3404841,-0.2936095,moving,56.58991,27.81627,-4.991938,2.614001
05/15/2023 12:31:46.678798,2681,True,True,True,True,Eyes,2.033318,-0.02582255,-3.665204,-0.8049032,-0.2792402,-0.5235988,0.0,0.0,0.0,0.0,0.0,0.0,0.0,4.076528,0.6073912,0.7146506,1.9667,-0.01988862,-3.691805,0.1335752,-0.7895938,0.1153239,0.5877074,19.82353,252.5182,355.4037,0.4997618,-0.006903854,-0.8661351,-0.2216315,0.01048798,-0.1856515,0.2005516,-0.618276,-4.47385,-0.1740776,0.09467763,2.029729,-0.2735156,-0.07538684,0.9589088,-0.3464937,0.9377161,-0.02511184,-0.8972911,-0.3391244,-0.2826011,moving,56.95554,28.07142,-4.901916,2.670652
05/15/2023 12:31:46.694962,2682,True,True,True,True,Eyes,2.02967,-0.02574368,-3.666721,-0.8082641,-0.2795819,-0.5182114,0.0,0.0,0.0,0.0,0.0,0.0,0.0,4.065061,0.623862,0.7545066,1.957857,-0.02042437,-3.694534,0.1345436,-0.7858257,0.1143351,0.5927086,19.82724,253.2413,355.3709,0.4983023,-0.006829619,-0.8669761,-0.2083336,0.009858703,-0.1745124,0.1769775,-0.6073273,-4.450953,-0.170884,0.09670278,2.029989,-0.2611891,-0.07592084,0.9622974,-0.3469904,0.937651,-0.02020463,-0.9007651,-0.3391852,-0.271248,moving,57.3344,28.34745,-4.811801,2.727343
05/15/2023 12:31:46.709505,2683,True,True,True,True,Eyes,2.025797,-0.0257038,-3.668283,-0.8118061,-0.2796328,-0.5126172,0.0,0.0,0.0,0.0,0.0,0.0,0.0,4.054228,0.6354031,0.7932124,1.949283,-0.02122092,-3.697233,0.1354365,-0.7820239,0.1145962,0.597464,19.94213,253.9556,355.4303,0.4969064,-0.006760994,-0.8677774,-0.1958336,0.009267181,-0.1640416,0.1566402,-0.6031803,-4.428843,-0.1677002,0.09872086,2.030247,-0.2493873,-0.074895,0.9655033,-0.3487634,0.9370493,-0.01739698,-0.9034213,-0.3410708,-0.2598088,moving,57.72952,28.61248,-4.721961,2.783817
05/15/2023 12:31:46.719549,2684,True,True,True,True,Eyes,2.021728,-0.02568923,-3.669875,-0.8153688,-0.2797287,-0.5068784,0.0,0.0,0.0,0.0,0.0,0.0,0.0,4.044224,0.63855,0.8299689,1.940035,-0.02213609,-3.699744,0.1357747,-0.7783226,0.115947,0.6019431,20.11744,254.6578,355.6167,0.4955632,-0.006698348,-0.8685457,-0.1840836,0.00871115,-0.1541991,0.1368216,-0.6021564,-4.405585,-0.1644419,0.1007868,2.030511,-0.2384597,-0.071766,0.9684971,-0.35094,0.9362431,-0.01703111,-0.9055265,-0.3439456,-0.2484418,moving,58.13263,28.89279,-4.63002,2.841611
05/15/2023 12:31:46.739799,2685,True,True,True,True,Eyes,2.017448,-0.02573486,-3.671508,-0.8190726,-0.2795297,-0.5009822,0.0,0.0,0.0,0.0,0.0,0.0,0.0,4.035425,0.6390775,0.8620491,1.931307,-0.02271256,-3.702126,0.135477,-0.7752268,0.1163814,0.6059083,20.15844,255.2718,355.7837,0.4942631,-0.006641685,-0.8692866,-0.1730385,0.008188481,-0.1449472,0.1190289,-0.6054693,-4.382374,-0.1613064,0.1027757,2.030767,-0.2290426,-0.06901785,0.9709667,-0.3510838,0.9362027,-0.01627078,-0.9078987,-0.3446173,-0.2386613,moving,58.54814,29.15992,-4.541543,2.897227
05/15/2023 12:31:46.759475,2686,True,True,True,True,Eyes,2.01297,-0.02584467,-3.673151,-0.8227326,-0.2794662,-0.4949844,0.0,0.0,0.0,0.0,0.0,0.0,0.0,4.025612,0.6427291,0.8931155,1.921945,-0.02428636,-3.7043,0.1351346,-0.7721944,0.1160232,0.6099125,20.12232,255.8782,355.8976,0.4929982,-0.006591881,-0.870005,-0.1626562,0.007697172,-0.1362503,0.1017155,-0.6111435,-4.359084,-0.1579322,0.1049151,2.031042,-0.2194912,-0.06717234,0.9732994,-0.3502285,0.9365544,-0.01434444,-0.9105844,-0.3440256,-0.2290911,moving,58.96743,29.4489,-4.446328,2.957032
05/15/2023 12:31:46.768958,2687,True,True,True,True,Eyes,2.008289,-0.02601229,-3.674796,-0.8263887,-0.2793147,-0.488943,0.0,0.0,0.0,0.0,0.0,0.0,0.0,4.016001,0.6510022,0.9178591,1.912679,-0.0257785,-3.706148,0.1361469,-0.7691941,0.1170083,0.6132812,20.30373,256.4089,355.969,0.4917609,-0.006549781,-0.8707052,-0.1528969,0.007235341,-0.1280753,0.08507752,-0.6120211,-4.339065,-0.1549083,0.1068323,2.031288,-0.2107008,-0.06592874,0.9753249,-0.3529647,0.9355462,-0.01301158,-0.9116036,-0.3469968,-0.2203908,moving,59.3888,29.7377,-4.361,3.010606
05/15/2023 12:31:46.794807,2688,True,True,True,True,Eyes,2.003401,-0.02621501,-3.676441,-0.8300111,-0.2791977,-0.4828355,0.0,0.0,0.0,0.0,0.0,0.0,0.0,4.007155,0.6578815,0.9398322,1.903231,-0.02731968,-3.708147,0.1371505,-0.7663478,0.1182607,0.6163728,20.50745,256.9056,356.0559,0.4905446,-0.006516004,-0.8713914,-0.143723,0.006801221,-0.1203908,0.06722303,-0.6110471,-4.318932,-0.1517115,0.1088594,2.031548,-0.202549,-0.06442462,0.9771507,-0.3559951,0.9344083,-0.01218596,-0.9122726,-0.3503292,-0.2121983,moving,59.81251,30.03848,-4.270795,3.067231
05/15/2023 12:31:46.808819,2689,True,True,True,True,Eyes,1.99829,-0.02647684,-3.678041,-0.8336593,-0.2787697,-0.4767595,0.0,0.0,0.0,0.0,0.0,0.0,0.0,3.997698,0.6648786,0.9622736,1.893478,-0.0284823,-3.709926,0.13758,-0.7637042,0.118097,0.6195813,20.54031,257.3956,356.0934,0.4893431,-0.006490575,-0.8720669,-0.1350997,0.006393147,-0.1131673,0.05257734,-0.6172286,-4.300137,-0.1484146,0.11095,2.031816,-0.1943817,-0.06379949,0.9788491,-0.3564822,0.9342496,-0.009898326,-0.9138579,-0.3508663,-0.2043444,moving,60.23529,30.31558,-4.177767,3.125608
05/15/2023 12:31:46.828864,2690,True,True,True,True,Eyes,1.992977,-0.02680693,-3.679623,-0.8372539,-0.2783901,-0.470643,0.0,0.0,0.0,0.0,0.0,0.0,0.0,3.988351,0.6684622,0.9841189,1.883273,-0.03015052,-3.711422,0.1373258,-0.7612583,0.1174807,0.6227567,20.48165,257.8764,356.1588,0.4881516,-0.006474099,-0.8727345,-0.1269937,0.006009558,-0.1063773,0.03856478,-0.6242393,-4.282524,-0.1451104,0.1130448,2.032084,-0.1866316,-0.06275704,0.9804236,-0.3554045,0.9346799,-0.007825158,-0.9158911,-0.3499073,-0.1967451,moving,60.65849,30.60475,-4.084538,3.184081
05/15/2023 12:31:46.839518,2691,True,True,True,True,Eyes,1.98746,-0.02717321,-3.681185,-0.8410066,-0.2781214,-0.464065,0.0,0.0,0.0,0.0,0.0,0.0,0.0,3.98042,0.6651954,1.003617,1.873141,-0.03210554,-3.712652,0.1367337,-0.7589622,0.1180818,0.6255695,20.5064,258.3311,356.3385,0.4869652,-0.006467326,-0.8733971,-0.1193741,0.005648985,-0.09999467,0.02287965,-0.625116,-4.26549,-0.1421385,0.1149292,2.032326,-0.1799338,-0.05981467,0.9818585,-0.355288,0.9347212,-0.008166377,-0.9172755,-0.350312,-0.1894393,moving,61.11021,30.93491,-4.000687,3.236664
05/15/2023 12:31:46.859126,2692,True,True,True,True,Eyes,1.981734,-0.02757433,-3.682721,-0.8446905,-0.2778709,-0.4574775,0.0,0.0,0.0,0.0,0.0,0.0,0.0,3.97356,0.662082,1.01708,1.862739,-0.0333602,-3.713633,0.1372003,-0.7567113,0.1205173,0.6277261,20.7715,258.7212,356.5456,0.4857802,-0.006470175,-0.8740568,-0.1122116,0.005310046,-0.09399499,0.005997367,-0.6233183,-4.248436,-0.1389168,0.1169724,2.032588,-0.1742725,-0.05633837,0.9830846,-0.3589457,0.9333034,-0.01014515,-0.9169446,-0.3546419,-0.1828716,moving,61.56039,31.27441,-3.909787,3.293653
05/15/2023 12:31:46.869497,2693,True,True,True,True,Eyes,1.975798,-0.02800712,-3.68424,-0.8485886,-0.2774813,-0.4504457,0.0,0.0,0.0,0.0,0.0,0.0,0.0,3.965382,0.6593223,1.034639,1.852037,-0.03459007,-3.714593,0.1366744,-0.7545382,0.1207886,0.6303986,20.76881,259.1494,356.6915,0.484592,-0.00648254,-0.874716,-0.1054789,0.004991443,-0.08835529,-0.009465698,-0.6248176,-4.23185,-0.1355813,0.1190871,2.03286,-0.1678354,-0.0539621,0.984337,-0.3585421,0.9334604,-0.009960575,-0.9183022,-0.354598,-0.1760154,moving,62.03985,31.63369,-3.815684,3.352618
05/15/2023 12:31:46.895061,2694,True,True,True,True,Eyes,1.969641,-0.02843368,-3.685703,-0.8523799,-0.2771763,-0.4434206,0.0,0.0,0.0,0.0,0.0,0.0,0.0,3.956559,0.6539376,1.053981,1.841049,-0.03589694,-3.715121,0.135561,-0.7523763,0.1205989,0.6332529,20.68074,259.5996,356.86,0.4833968,-0.006504257,-0.8753769,-0.09915019,0.004691956,-0.08305397,-0.02190061,-0.6339175,-4.216848,-0.1324287,0.1210863,2.033117,-0.1612282,-0.05124656,0.9855858,-0.3567249,0.9341582,-0.009782731,-0.9201918,-0.3531603,-0.1688935,moving,62.51589,32.00895,-3.726743,3.408336
05/15/2023 12:31:46.909384,2695,True,True,True,True,Eyes,1.96324,-0.02886897,-3.687142,-0.8564199,-0.2765851,-0.4359421,0.0,0.0,0.0,0.0,0.0,0.0,0.0,3.947513,0.6519029,1.06972,1.829651,-0.03615166,-3.715267,0.1355933,-0.750109,0.1215114,0.6357562,20.7752,260.0161,357.001,0.4821925,-0.006534262,-0.8760406,-0.09320118,0.004410439,-0.07807073,-0.03766855,-0.6337263,-4.200933,-0.1292329,0.1231132,2.033377,-0.154857,-0.04891621,0.986725,-0.3579228,0.9336989,-0.009885062,-0.9208205,-0.3547021,-0.162098,moving,63.02261,32.39324,-3.636588,3.464812
05/15/2023 12:31:46.929170,2696,True,True,True,True,Eyes,1.956645,-0.02935574,-3.688511,-0.8605117,-0.2757077,-0.4283747,0.0,0.0,0.0,0.0,0.0,0.0,0.0,3.935168,0.6479226,1.096303,1.817312,-0.03686188,-3.715271,0.1333895,-0.7477509,0.1185197,0.6395538,20.35685,260.5552,357.0724,0.4809749,-0.006571975,-0.8767095,-0.0876091,0.004145812,-0.07338648,-0.05464945,-0.6306884,-4.183941,-0.1259415,0.1252,2.033644,-0.1463563,-0.04788482,0.9880725,-0.3510837,0.9363207,-0.006626775,-0.9248353,-0.3478659,-0.1538481,moving,63.53524,32.76588,-3.543745,3.522932
05/15/2023 12:31:46.939588,2697,True,True,True,True,Eyes,1.949849,-0.02987739,-3.689791,-0.8646916,-0.2748507,-0.420435,0.0,0.0,0.0,0.0,0.0,0.0,0.0,3.921492,0.639563,1.130464,1.806153,-0.03864492,-3.715024,0.13029,-0.7450004,0.1155209,0.6439362,19.87219,261.1922,357.2357,0.4797428,-0.006617874,-0.8773839,-0.08235256,0.003897063,-0.06898329,-0.06963109,-0.6329072,-4.16756,-0.1229808,0.1270774,2.033884,-0.1367414,-0.04535605,0.989568,-0.3429084,0.9393589,-0.004329284,-0.9293631,-0.3399231,-0.1440022,moving,64.0698,33.17382,-3.460232,3.575201
05/15/2023 12:31:46.959100,2698,True,True,True,True,Eyes,1.942869,-0.03045134,-3.690994,-0.8688176,-0.2740048,-0.4124044,0.0,0.0,0.0,0.0,0.0,0.0,0.0,3.908845,0.6349851,1.15671,1.794697,-0.04011534,-3.714526,0.1295539,-0.7419515,0.1163302,0.6474497,19.90015,261.7729,357.4637,0.4784936,-0.006672047,-0.8780654,-0.07741141,0.00366324,-0.0648443,-0.09177406,-0.6178029,-4.147338,-0.119688,0.1291649,2.034152,-0.1280496,-0.04160944,0.9908946,-0.3428814,0.9393661,-0.004863577,-0.9306104,-0.3403821,-0.1345525,moving,64.60757,33.60038,-3.36736,3.633299
05/15/2023 12:31:46.979108,2699,True,True,True,True,Eyes,1.764163,-0.04508118,-3.718629,-0.9481733,-0.2515442,-0.1941465,0.0,0.0,0.0,0.0,0.0,0.0,0.0,3.894388,0.6330307,1.186959,1.78337,-0.04193807,-3.713986,0.1286764,-0.7386326,0.1163397,0.6514055,19.84676,262.4079,357.6529,0.4772269,-0.006734925,-0.878754,0.0,0.0,0.0,-0.1136176,-0.6016629,-4.123817,-0.11648,0.1311992,2.034414,-0.1182263,-0.03852062,0.9922392,-0.3416579,0.9398149,-0.004223483,-0.9323584,-0.3395057,-0.1242717,moving,78.42815,52.33837,-3.276882,3.68989
05/15/2023 12:31:46.995034,2700,True,True,True,True,Eyes,1.763699,-0.04508732,-3.71859,-0.9481813,-0.2518017,-0.1937731,0.0,0.0,0.0,0.0,0.0,0.0,0.0,3.879726,0.6426089,1.210404,1.772269,-0.04274566,-3.713157,0.1302022,-0.7351878,0.1178263,0.6547238,20.10501,262.9714,357.7322,0.4720868,-0.007191663,-0.8815224,-0.5361171,-0.04388952,-0.08290386,-0.1299542,-0.6028356,-4.101225,-0.1133132,0.1332073,2.034672,-0.1087684,-0.03715879,0.9933725,-0.3457334,0.9383287,-0.002755912,-0.9320075,-0.3437418,-0.1149075,moving,78.44991,52.42005,-3.187574,3.745736
05/15/2023 12:31:47.008878,2701,True,True,True,True,Eyes,1.762798,-0.04506782,-3.718508,-0.9482581,-0.2521582,-0.192932,0.0,0.0,0.0,0.0,0.0,0.0,0.0,3.863682,0.6624105,1.231281,1.760687,-0.04284412,-3.712279,0.133255,-0.7315088,0.1194105,0.6579356,20.49014,263.5195,357.6857,0.4676965,-0.007577012,-0.8838563,-0.5039501,-0.04125615,-0.07792963,-0.1471136,-0.6014542,-4.07667,-0.1100832,0.1352553,2.034934,-0.09872794,-0.03782562,0.9943955,-0.3520833,0.9359685,0.0006468156,-0.9307473,-0.3500461,-0.105724,moving,78.49961,52.57957,-3.096495,3.802669
05/15/2023 12:31:47.028926,2702,True,True,True,True,Eyes,1.761491,-0.04500961,-3.718386,-0.9483837,-0.2525516,-0.1917967,0.0,0.0,0.0,0.0,0.0,0.0,0.0,3.848181,0.6801243,1.251265,1.749386,-0.04218541,-3.711415,0.135176,-0.7284093,0.1186823,0.6611065,20.58705,264.0091,357.5508,0.4638004,-0.007915176,-0.885904,-0.473713,-0.03878078,-0.07325386,-0.1603521,-0.6095804,-4.053649,-0.1069651,0.1372326,2.035187,-0.08933137,-0.04000366,0.9951984,-0.3538502,0.9352838,0.005832903,-0.9310263,-0.3516302,-0.09770552,moving,78.56698,52.78568,-3.008576,3.857614
05/15/2023 12:31:47.041142,2703,True,True,True,True,Eyes,1.759767,-0.04477736,-3.718252,-0.948558,-0.2530438,-0.19028,0.0,0.0,0.0,0.0,0.0,0.0,0.0,3.832856,0.6956324,1.271249,1.738382,-0.04119305,-3.710403,0.1368588,-0.7253761,0.1179746,0.6642147,20.66842,264.4923,357.4378,0.460262,-0.008218161,-0.8877448,-0.4452903,-0.03645394,-0.06885862,-0.1726313,-0.6210166,-4.030459,-0.1036535,0.1393322,2.035457,-0.08017677,-0.0418273,0.9959027,-0.3552691,0.9347034,0.01065541,-0.9313192,-0.3529592,-0.08980146,moving,78.65706,53.05812,-2.915209,3.915932
05/15/2023 12:31:47.041142,2704,True,True,True,True,Eyes,1.75759,-0.04448942,-3.718083,-0.9489905,-0.2527941,-0.1884469,0.0,0.0,0.0,0.0,0.0,0.0,0.0,3.820203,0.7085438,1.282871,1.726641,-0.03681593,-3.709326,0.1391485,-0.7228837,0.117972,0.6664529,20.8567,264.8522,357.3055,0.4570387,-0.00848532,-0.889406,-0.4185728,-0.0342667,-0.06472711,-0.1869257,-0.6218302,-4.009569,-0.1005606,0.1412929,2.035709,-0.0729566,-0.04393077,0.9963672,-0.358422,0.9334406,0.01491172,-0.9307047,-0.3560319,-0.08384639,moving,78.76853,53.29708,-2.828016,3.970374
05/15/2023 12:31:47.079245,2705,True,True,True,True,Eyes,1.755063,-0.04413196,-3.717855,-0.9496085,-0.252074,-0.1862856,0.0,0.0,0.0,0.0,0.0,0.0,0.0,3.80308,0.7006755,1.317469,1.713691,-0.03536594,-3.708382,0.1344439,-0.7206926,0.1096704,0.6711926,19.78872,265.4316,357.1634,0.4540915,-0.00871897,-0.8909121,-0.3934585,-0.0322107,-0.06084348,-0.2008696,-0.621767,-3.988665,-0.09735513,0.1433266,2.035969,-0.06285086,-0.04656548,0.9969362,-0.3410053,0.9397945,0.0223982,-0.9379581,-0.3385527,-0.07494593,moving,78.90117,53.53517,-2.737661,4.026821
05/15/2023 12:31:47.094982,2706,True,True,True,True,Eyes,1.752123,-0.04366919,-3.717577,-0.9502578,-0.2514018,-0.1838677,0.0,0.0,0.0,0.0,0.0,0.0,0.0,3.789894,0.6838158,1.346294,1.702871,-0.03344628,-3.70709,0.1303869,-0.7186155,0.1053962,0.6748946,19.1155,265.9448,357.2621,0.4513873,-0.008920831,-0.8922833,-0.369851,-0.03027805,-0.05719287,-0.2137262,-0.6219479,-3.971675,-0.09412846,0.1453722,2.036231,-0.05503304,-0.04513341,0.9974639,-0.3296587,0.9437819,0.02451613,-0.9424948,-0.3274735,-0.06681783,moving,79.04903,53.81939,-2.646717,4.083576
05/15/2023 12:31:47.108983,2707,True,True,True,True,Eyes,1.748798,-0.04317738,-3.717242,-0.9511418,-0.2501417,-0.180993,0.0,0.0,0.0,0.0,0.0,0.0,0.0,3.775745,0.678867,1.368124,1.690006,-0.030141,-3.70565,0.1301614,-0.715642,0.1057417,0.6780365,19.13861,266.4698,357.397,0.4488949,-0.009091577,-0.893538,-0.3476599,-0.02846137,-0.0537613,-0.2410681,-0.5819693,-3.948172,-0.09074503,0.1475175,2.036507,-0.04664939,-0.04290437,0.9979897,-0.3296913,0.9437534,0.02516187,-0.9429356,-0.3278547,-0.05817072,moving,79.22599,54.11194,-2.551363,4.143072
05/15/2023 12:31:47.119591,2708,True,True,True,True,Eyes,1.745198,-0.04270399,-3.716858,-0.9520867,-0.2488491,-0.1777781,0.0,0.0,0.0,0.0,0.0,0.0,0.0,3.756519,0.6525792,1.41485,1.677562,-0.02911113,-3.704596,0.123299,-0.7125327,0.09860268,0.6836461,18.00506,267.239,357.5358,0.446586,-0.009233699,-0.8946927,-0.3268003,-0.02675369,-0.05053562,-0.261247,-0.5553524,-3.926857,-0.08756277,0.1495353,2.036766,-0.03485062,-0.04089043,0.9985557,-0.3105278,0.9501498,0.02807045,-0.9499252,-0.309101,-0.0458109,moving,79.42327,54.45795,-2.461692,4.19901
05/15/2023 12:31:47.139357,2709,True,True,True,True,Eyes,1.741315,-0.04221607,-3.716484,-0.9528311,-0.2485323,-0.1741971,0.0,0.0,0.0,0.0,0.0,0.0,0.0,3.739216,0.6384473,1.451225,1.667528,-0.02938105,-3.703228,0.1209767,-0.7087915,0.09875181,0.6879153,17.84436,267.9506,357.8549,0.4444382,-0.009350514,-0.8957604,-0.3071923,-0.02514847,-0.04750348,-0.2767784,-0.5513844,-3.904627,-0.08446456,0.1514999,2.037018,-0.02427442,-0.03562877,0.9990704,-0.3073603,0.9512254,0.02645461,-0.9512836,-0.3064323,-0.03404135,moving,79.63957,54.97326,-2.374398,4.253448
05/15/2023 12:31:47.159100,2710,True,True,True,True,Eyes,1.737137,-0.04164359,-3.716074,-0.9535168,-0.2485505,-0.1703769,0.0,0.0,0.0,0.0,0.0,0.0,0.0,3.724448,0.6435145,1.471363,1.656794,-0.02839693,-3.701993,0.1246302,-0.7044788,0.1063949,0.6905484,18.78587,268.5688,358.2654,0.4424298,-0.009444234,-0.8967531,-0.2887608,-0.02363956,-0.04465327,-0.3025227,-0.5096717,-3.874827,-0.08132794,0.1534884,2.037273,-0.01522058,-0.02865696,0.9994736,-0.3225403,0.946295,0.02222042,-0.9464335,-0.3220322,-0.02364611,moving,79.86916,55.57007,-2.286034,4.308531
05/15/2023 12:31:47.169295,2711,True,True,True,True,Eyes,1.732684,-0.04102649,-3.715603,-0.9541566,-0.2488289,-0.1663413,0.0,0.0,0.0,0.0,0.0,0.0,0.0,3.709249,0.6437495,1.493877,1.645587,-0.02570227,-3.70081,0.1262723,-0.7006916,0.1101561,0.6935073,19.23919,269.1609,358.5332,0.4405417,-0.009515123,-0.8976814,-0.2714351,-0.02222119,-0.04197408,-0.3166556,-0.5030161,-3.846501,-0.07810034,0.1555351,2.037535,-0.006206157,-0.02416775,0.9996888,-0.329744,0.9438419,0.0207706,-0.9440501,-0.3295124,-0.01382672,moving,80.11082,56.2374,-2.195118,4.365202
05/15/2023 12:31:47.195052,2712,True,True,True,True,Eyes,1.727981,-0.04035744,-3.715096,-0.9547476,-0.2492916,-0.1622059,0.0,0.0,0.0,0.0,0.0,0.0,0.0,3.694921,0.6377233,1.51675,1.63455,-0.0239501,-3.69964,0.1256382,-0.6976699,0.1105755,0.6965952,19.22801,269.6932,358.7101,0.4387566,-0.009564436,-0.8985547,-0.255149,-0.02088791,-0.03945563,-0.3215079,-0.533416,-3.821598,-0.07495901,0.1575273,2.037792,0.002059472,-0.02125533,0.999772,-0.3293606,0.9439762,0.02074757,-0.9442019,-0.3293283,-0.005056568,moving,80.35786,56.94927,-2.106642,4.420342
05/15/2023 12:31:47.209300,2713,True,True,True,True,Eyes,1.722997,-0.03961456,-3.714554,-0.9553316,-0.249774,-0.15797,0.0,0.0,0.0,0.0,0.0,0.0,0.0,3.683843,0.6369861,1.52922,1.623876,-0.02197932,-3.698311,0.1266613,-0.6951004,0.1128542,0.6986103,19.50346,270.0963,358.8814,0.43706,-0.009593068,-0.8993809,-0.2398401,-0.01963464,-0.0370883,-0.3305947,-0.5449514,-3.797442,-0.07178824,0.159538,2.03805,0.008198635,-0.01840245,0.9997971,-0.3337668,0.9424417,0.02008378,-0.9426202,-0.3338637,0.001584589,moving,80.61075,57.68862,-2.017352,4.475972
05/15/2023 12:31:47.219118,2714,True,True,True,True,Eyes,1.717758,-0.03883338,-3.71398,-0.956024,-0.2498165,-0.1536551,0.0,0.0,0.0,0.0,0.0,0.0,0.0,3.672504,0.6336884,1.542523,1.612172,-0.01947096,-3.697127,0.1260009,-0.6930819,0.1114689,0.7009537,19.33894,270.4568,358.8833,0.4354373,-0.009601313,-0.9001676,-0.2254497,-0.01845656,-0.034863,-0.3433814,-0.5412488,-3.775165,-0.06858627,0.1615681,2.03831,0.01442437,-0.01838892,0.999727,-0.3309269,0.9433969,0.02212754,-0.9435463,-0.3311557,0.007522527,moving,80.86933,58.40549,-1.927196,4.532116
05/15/2023 12:31:47.239112,2715,True,True,True,True,Eyes,1.712313,-0.03806531,-3.713358,-0.9567071,-0.2498626,-0.1492658,0.0,0.0,0.0,0.0,0.0,0.0,0.0,3.659214,0.6326624,1.559561,1.600863,-0.01788007,-3.695843,0.1238763,-0.6913624,0.106054,0.7038646,18.72509,270.8074,358.6694,0.4338761,-0.009590279,-0.9009212,-0.2119227,-0.01734917,-0.03277122,-0.3528518,-0.5472165,-3.757198,-0.06541619,0.163578,2.038568,0.02154122,-0.02199153,0.9995262,-0.3205821,0.9468145,0.02774077,-0.9469758,-0.3210278,0.01334544,moving,81.13219,59.14626,-1.83795,4.587677
05/15/2023 12:31:47.259159,2716,True,True,True,True,Eyes,1.706661,-0.03733791,-3.712711,-0.9573401,-0.2500483,-0.1448303,0.0,0.0,0.0,0.0,0.0,0.0,0.0,3.64707,0.6491217,1.568172,1.590472,-0.01742381,-3.694825,0.1251427,-0.6894214,0.1034179,0.7059336,18.6195,271.0929,358.3952,0.4323668,-0.009562221,-0.9016468,-0.1992073,-0.01630822,-0.03080495,-0.3672643,-0.5372481,-3.740297,-0.06218908,0.1656242,2.03883,0.0280056,-0.0265398,0.9992555,-0.3185644,0.9472881,0.03408784,-0.9474875,-0.3192819,0.01807474,moving,81.3973,59.92018,-1.747113,4.64422
05/15/2023 12:31:47.279363,2717,True,True,True,True,Eyes,1.700838,-0.03658491,-3.712018,-0.9578453,-0.2507059,-0.1402815,0.0,0.0,0.0,0.0,0.0,0.0,0.0,3.63449,0.6654378,1.576754,1.57978,-0.0174972,-3.69357,0.1271242,-0.6870857,0.1028287,0.70794,18.74137,271.4223,358.2392,0.4309004,-0.009519842,-0.902349,-0.1872549,-0.01532972,-0.02895665,-0.3851343,-0.5124291,-3.722901,-0.05895039,0.1676782,2.039094,0.03467914,-0.02909747,0.9989749,-0.3202836,0.9465314,0.03868851,-0.9466869,-0.3212969,0.02350545,moving,81.66797,60.77098,-1.655965,4.700953
05/15/2023 12:31:47.294890,2718,True,True,True,True,Eyes,1.694828,-0.03584606,-3.711298,-0.9583064,-0.2514991,-0.1356358,0.0,0.0,0.0,0.0,0.0,0.0,0.0,3.624639,0.6826259,1.57954,1.569921,-0.01615085,-3.692428,0.131082,-0.6846028,0.1063203,0.7091069,19.35843,271.7173,358.2572,0.4294691,-0.009463943,-0.9030318,-0.1760196,-0.01440994,-0.02721925,-0.3973909,-0.5063618,-3.707982,-0.05584214,0.1696487,2.039346,0.04003009,-0.02869334,0.9987864,-0.3302631,0.943027,0.04032802,-0.9430398,-0.3314767,0.02827311,moving,81.94404,61.66159,-1.568502,4.755359
05/15/2023 12:31:47.310555,2719,True,True,True,True,Eyes,1.688682,-0.03512281,-3.710573,-0.9587098,-0.2525212,-0.1307995,0.0,0.0,0.0,0.0,0.0,0.0,0.0,3.612211,0.6863457,1.592917,1.559409,-0.01571047,-3.691141,0.132204,-0.6818404,0.1079213,0.711315,19.58759,272.1431,358.3729,0.4280657,-0.009396215,-0.9036986,-0.1654584,-0.01354534,-0.02558609,-0.4079089,-0.5087661,-3.691537,-0.05260549,0.1717013,2.03961,0.04689363,-0.02675204,0.9985417,-0.333816,0.9417502,0.04090727,-0.9414713,-0.3352475,0.0352318,moving,82.23094,62.61701,-1.477442,4.812008
05/15/2023 12:31:47.329148,2720,True,True,True,True,Eyes,1.682387,-0.0343999,-3.709817,-0.9590293,-0.2537913,-0.1259079,0.0,0.0,0.0,0.0,0.0,0.0,0.0,3.602045,0.6803038,1.606239,1.550017,-0.01529507,-3.689818,0.1325089,-0.6792922,0.1108471,0.7132436,19.85356,272.5598,358.6656,0.4266841,-0.009318192,-0.9043524,-0.1555309,-0.01273262,-0.02405093,-0.4130937,-0.5271103,-3.67717,-0.04947973,0.1736833,2.039864,0.05255006,-0.02190253,0.9983781,-0.3381464,0.9403086,0.0384271,-0.9396253,-0.3396173,0.04200706,moving,82.5206,63.61362,-1.389516,4.866686
05/15/2023 12:31:47.338894,2721,True,True,True,True,Eyes,1.675937,-0.03368282,-3.709036,-0.9593935,-0.2549357,-0.1207139,0.0,0.0,0.0,0.0,0.0,0.0,0.0,3.592437,0.6764213,1.616483,1.540148,-0.01449917,-3.688346,0.1335953,-0.6767142,0.1147552,0.7148718,20.26238,272.9586,358.9775,0.4253195,-0.00923091,-0.9049959,-0.146199,-0.01196867,-0.02260787,-0.4221646,-0.5328738,-3.658159,-0.04615467,0.1757917,2.040135,0.05777836,-0.01674117,0.9981892,-0.3448821,0.9379671,0.03569405,-0.9368662,-0.3463198,0.04842046,moving,82.82855,64.6621,-1.296001,4.924823
05/15/2023 12:31:47.359226,2722,True,True,True,True,Eyes,1.669352,-0.03298732,-3.708224,-0.9597683,-0.2559664,-0.1154385,0.0,0.0,0.0,0.0,0.0,0.0,0.0,3.580357,0.6680446,1.633866,1.530037,-0.01391509,-3.686943,0.1324825,-0.6742616,0.1149412,0.717362,20.18647,273.3985,359.1608,0.4239672,-0.009135454,-0.9056311,-0.1374271,-0.01125055,-0.0212514,-0.4295824,-0.5400866,-3.640131,-0.04292775,0.1778378,2.040397,0.06431967,-0.01374681,0.9978348,-0.3435645,0.9384739,0.03507495,-0.936924,-0.3450765,0.05563938,moving,83.14156,65.72507,-1.205263,4.981223
05/15/2023 12:31:47.369379,2723,True,True,True,True,Eyes,1.662634,-0.03232237,-3.707337,-0.9601828,-0.2568462,-0.1099051,0.0,0.0,0.0,0.0,0.0,0.0,0.0,3.567514,0.6627284,1.651469,1.520201,-0.01374619,-3.685446,0.1314927,-0.6717857,0.1145642,0.7199228,20.07527,273.8355,359.2853,0.4226232,-0.009033144,-0.9062602,-0.1291815,-0.01057551,-0.01997631,-0.4360014,-0.5518465,-3.622775,-0.03973086,0.1798649,2.040657,0.07115829,-0.01171519,0.9973963,-0.3416245,0.9391694,0.03540419,-0.9371389,-0.3432543,0.06282751,moving,83.47019,66.8338,-1.115388,5.037072
05/15/2023 12:31:47.394758,2724,True,True,True,True,Eyes,1.655775,-0.03168803,-3.70643,-0.9606392,-0.2574715,-0.1043108,0.0,0.0,0.0,0.0,0.0,0.0,0.0,3.555146,0.660817,1.666506,1.510235,-0.01377811,-3.684017,0.1310676,-0.6693633,0.1144,0.722279,20.02834,274.2452,359.3776,0.4212845,-0.008925427,-0.9068844,-0.1214306,-0.009940983,-0.01877774,-0.446989,-0.5469835,-3.603461,-0.03653225,0.1818932,2.040917,0.07773087,-0.0102063,0.9969222,-0.340721,0.9394679,0.03618443,-0.9369457,-0.342485,0.06954811,moving,83.80283,67.94539,-1.02548,5.092931
05/15/2023 12:31:47.409112,2725,True,True,True,True,Eyes,1.648795,-0.03111743,-3.705474,-0.9611835,-0.2577361,-0.09848007,0.0,0.0,0.0,0.0,0.0,0.0,0.0,3.541994,0.655476,1.684385,1.500035,-0.01392767,-3.682692,0.1293132,-0.6671281,0.1120979,0.7250189,19.69885,274.6569,359.392,0.4199473,-0.008813571,-0.9075055,-0.1141447,-0.009344524,-0.01765107,-0.4578536,-0.5413032,-3.584009,-0.03340145,0.1838781,2.041172,0.08474844,-0.009990751,0.9963523,-0.335083,0.9414244,0.03794175,-0.9383695,-0.3370762,0.07643655,moving,84.15005,69.08832,-0.9374966,5.147571
05/15/2023 12:31:47.419205,2726,True,True,True,True,Eyes,1.6417,-0.03063267,-3.704501,-0.961719,-0.2579125,-0.09261561,0.0,0.0,0.0,0.0,0.0,0.0,0.0,3.528763,0.6522431,1.701646,1.490081,-0.01490441,-3.681388,0.1275816,-0.6649497,0.1093647,0.7277392,19.33776,275.0543,359.3629,0.4186094,-0.008699565,-0.9081244,-0.1072961,-0.008783853,-0.01659201,-0.4681581,-0.5379953,-3.565456,-0.03023644,0.1858849,2.041429,0.09176259,-0.01049266,0.9957257,-0.3288487,0.9435246,0.04024817,-0.939914,-0.3311363,0.08312982,moving,84.49925,70.24694,-0.8485691,5.202792
05/15/2023 12:31:47.439361,2727,True,True,True,True,Eyes,1.634489,-0.03022219,-3.703543,-0.9623427,-0.2577623,-0.08634337,0.0,0.0,0.0,0.0,0.0,0.0,0.0,3.516155,0.6535561,1.715826,1.480253,-0.01649685,-3.680098,0.1270891,-0.6625987,0.1083733,0.7301142,19.21993,275.4463,359.383,0.4172676,-0.008585677,-0.908743,-0.1008583,-0.008256822,-0.01559649,-0.481079,-0.5249618,-3.546452,-0.02704741,0.187907,2.041688,0.09843659,-0.01016843,0.9950915,-0.326668,0.9442071,0.04196319,-0.9399992,-0.3291951,0.08962278,moving,84.87303,71.48055,-0.7589855,5.25841
05/15/2023 12:31:47.459499,2728,True,True,True,True,Eyes,1.627153,-0.02987119,-3.702572,-0.9629486,-0.2575355,-0.08003382,0.0,0.0,0.0,0.0,0.0,0.0,0.0,3.503885,0.6544613,1.729339,1.47032,-0.01788376,-3.678855,0.1267895,-0.6602063,0.1079264,0.7323961,19.16124,275.8394,359.4344,0.4159199,-0.008473755,-0.9093615,0.0,0.0,0.0,-0.4938306,-0.5115868,-3.527704,-0.02380933,0.1899603,2.041952,0.104959,-0.009324701,0.9944329,-0.3255042,0.9445526,0.04321288,-0.9396971,-0.3282276,0.09610411,moving,85.24889,72.73642,-0.6680433,5.314859
05/15/2023 12:31:47.479191,2729,True,True,True,True,Eyes,1.619698,-0.02958791,-3.701573,-0.963614,-0.2570457,-0.07331862,0.0,0.0,0.0,0.0,0.0,0.0,0.0,3.489794,0.659557,1.744538,1.460008,-0.01898065,-3.67765,0.1266765,-0.6576111,0.1064467,0.7349625,19.03865,276.2555,359.3854,0.4145641,-0.008365062,-0.9099813,0.0,0.0,0.0,-0.5041561,-0.5073406,-3.509602,-0.02068834,0.1919391,2.042206,0.1124334,-0.01013908,0.9936076,-0.3230763,0.9452444,0.04620389,-0.9396705,-0.3262059,0.1030013,moving,85.64891,74.07996,-0.5804087,5.369237
05/15/2023 12:31:47.495010,2730,True,True,True,True,Eyes,1.612128,-0.02937889,-3.70058,-0.9642479,-0.2565131,-0.06653519,0.0,0.0,0.0,0.0,0.0,0.0,0.0,3.472988,0.6714547,1.762745,1.449657,-0.02035834,-3.676662,0.1269909,-0.6546134,0.1039306,0.7379384,18.87422,276.719,359.2206,0.4131981,-0.008260916,-0.9106034,0.0,0.0,0.0,-0.513952,-0.5049022,-3.491578,-0.01749146,0.193967,2.042466,0.1213596,-0.01287105,0.9925252,-0.3196487,0.9461435,0.05135414,-0.9397322,-0.3234916,0.1107093,moving,86.05273,75.45889,-0.490663,5.424944
05/15/2023 12:31:47.509236,2731,True,True,True,True,Eyes,1.604439,-0.02925185,-3.699617,-0.9648557,-0.2559905,-0.05934985,0.0,0.0,0.0,0.0,0.0,0.0,0.0,3.455682,0.6862903,1.78084,1.439354,-0.02195081,-3.675853,0.1278073,-0.6514356,0.1017654,0.7409055,18.78231,277.196,359.0486,0.4118207,-0.008162744,-0.9112281,0.0,0.0,0.0,-0.524424,-0.4998736,-3.472303,-0.01420692,0.1960495,2.042733,0.1305511,-0.01571934,0.991317,-0.3173134,0.9466182,0.05679906,-0.9392917,-0.3219734,0.1185941,moving,86.48008,76.94693,-0.3984775,5.482121
05/15/2023 12:31:47.529281,2732,True,True,True,True,Eyes,1.596628,-0.02920302,-3.698664,-0.9654066,-0.2554938,-0.0520855,0.0,0.0,0.0,0.0,0.0,0.0,0.0,3.438015,0.7015371,1.799357,1.428911,-0.02383924,-3.675246,0.1288613,-0.6480494,0.1002067,0.7438988,18.75955,277.6991,358.915,0.4104293,-0.00807194,-0.9118564,0.0,0.0,0.0,-0.5348508,-0.4937322,-3.4513,-0.01106863,0.198039,2.042988,0.1399812,-0.01792972,0.9899918,-0.3161041,0.9467068,0.06184174,-0.9383409,-0.3215972,0.1268534,moving,86.91178,78.47746,-0.3104176,5.536722
05/15/2023 12:31:47.539158,2733,True,True,True,True,Eyes,1.588685,-0.02921068,-3.697728,-0.9658992,-0.2550695,-0.04447925,0.0,0.0,0.0,0.0,0.0,0.0,0.0,3.419765,0.7153894,1.818754,1.418169,-0.02567016,-3.674586,0.1298712,-0.6444878,0.09903514,0.7469679,18.76414,278.2299,358.823,0.4090223,-0.007989709,-0.9124891,0.0,0.0,0.0,-0.5443827,-0.4902391,-3.429841,-0.007741719,0.2001492,2.043259,0.1496551,-0.01944863,0.988547,-0.3153529,0.946651,0.06636531,-0.9370998,-0.3216731,0.135538,moving,87.36341,80.10818,-0.2170874,5.594609
05/15/2023 12:31:47.559396,2734,True,True,True,True,Eyes,1.580592,-0.02928773,-3.696812,-0.9663792,-0.2544839,-0.03673129,0.0,0.0,0.0,0.0,0.0,0.0,0.0,3.400846,0.7304588,1.838874,1.407089,-0.0270799,-3.674254,0.1310641,-0.6407489,0.09777717,0.7501352,18.77985,278.7807,358.7129,0.4075986,-0.00791663,-0.9131266,0.0,0.0,0.0,-0.5531417,-0.4895867,-3.408089,-0.004616857,0.2021302,2.043514,0.159761,-0.02126612,0.9869267,-0.3146505,0.9465237,0.07133032,-0.9356664,-0.3219328,0.1445261,moving,87.82328,81.78686,-0.1294466,5.648926
05/15/2023 12:31:47.578793,2735,True,True,True,True,Eyes,1.572364,-0.02947145,-3.695948,-0.9668352,-0.25379,-0.02863967,0.0,0.0,0.0,0.0,0.0,0.0,0.0,3.378921,0.7384173,1.866345,1.395435,-0.02886888,-3.673899,0.1304912,-0.6367,0.09473675,0.7540627,18.50786,279.4179,358.5925,0.4061556,-0.007853507,-0.9137699,0.0,0.0,0.0,-0.5616843,-0.4896289,-3.385103,-0.001104325,0.2043571,2.043799,0.1712763,-0.02329252,0.9849478,-0.3090423,0.9479941,0.0761592,-0.9354985,-0.3174347,0.1551706,moving,88.30328,83.56153,-0.03095861,5.70996
05/15/2023 12:31:47.594770,2736,True,True,True,True,Eyes,1.564011,-0.02971651,-3.695121,-0.9671758,-0.2532838,-0.02045136,0.0,0.0,0.0,0.0,0.0,0.0,0.0,3.357101,0.7422388,1.895609,1.384048,-0.03162369,-3.673934,0.1294555,-0.63248,0.09240039,0.7580717,18.24952,280.0923,358.5722,0.4046913,-0.007801992,-0.9144198,0.0,0.0,0.0,-0.5700383,-0.4899895,-3.362356,0.001796842,0.2061971,2.044035,0.1828624,-0.02366381,0.9828538,-0.3038483,0.9494069,0.07939029,-0.9350069,-0.3131559,0.1664206,moving,88.78864,85.38367,0.05036676,5.760366
05/15/2023 12:31:47.610027,2737,True,True,True,True,Eyes,1.555496,-0.0300169,-3.694337,-0.967445,-0.2527948,-0.01204107,0.0,0.0,0.0,0.0,0.0,0.0,0.0,3.337335,0.7554556,1.917261,1.372705,-0.0333024,-3.674097,0.1311348,-0.6281165,0.09338033,0.7612842,18.47973,280.7279,358.6371,0.4032044,-0.007762464,-0.9150768,0.0,0.0,0.0,-0.5804886,-0.4805501,-3.335964,0.004939854,0.2081899,2.044291,0.1934996,-0.02255793,0.9808409,-0.3069138,0.9481675,0.08235423,-0.9318593,-0.3169692,0.1765467,moving,89.28692,87.27296,0.1384501,5.814935
05/15/2023 12:31:47.618914,2738,True,True,True,True,Eyes,1.546852,-0.03039335,-3.693586,-0.9676431,-0.2522984,-0.003515887,0.0,0.0,0.0,0.0,0.0,0.0,0.0,3.316186,0.7590919,1.943941,1.360386,-0.03495173,-3.674281,0.1309061,-0.6236892,0.0927873,0.7650267,18.42326,281.4138,358.7124,0.4016935,-0.007735136,-0.9157412,0.0,0.0,0.0,-0.5900142,-0.4724566,-3.308913,0.008211553,0.2102645,2.044558,0.2048045,-0.02131998,0.9785708,-0.305259,0.9485082,0.08455253,-0.929985,-0.3160343,0.1877506,moving,89.79182,89.20161,0.2301157,5.871716
05/15/2023 12:31:47.639014,2739,True,True,True,True,Eyes,1.538073,-0.03081832,-3.6929,-0.9676976,-0.2520609,0.005161928,0.0,0.0,0.0,0.0,0.0,0.0,0.0,3.295618,0.761071,1.97014,1.348667,-0.03715546,-3.674438,0.1304968,-0.6193463,0.09253648,0.7686468,18.37506,282.0895,358.8293,0.400157,-0.007720697,-0.9164138,0.0,0.0,0.0,-0.5957186,-0.4804624,-3.284506,0.01132423,0.212238,2.04481,0.2156942,-0.01938965,0.9762685,-0.3039011,0.9488152,0.08598755,-0.9279656,-0.3152361,0.1987614,moving,-89.69437,-88.82681,0.3173026,5.925711
05/15/2023 12:31:47.659198,2740,True,True,True,True,Eyes,1.31479,-0.04202071,-3.676549,-0.9445153,-0.2405418,0.223675,0.0,0.0,0.0,0.0,0.0,0.0,0.0,3.27605,0.776021,1.989605,1.33676,-0.03871976,-3.674889,0.1326329,-0.6148828,0.09402369,0.7716783,18.6827,282.7244,358.9115,0.3985937,-0.007719087,-0.9170949,0.0,0.0,0.0,-0.6039292,-0.4783533,-3.258014,0.01449901,0.2142513,2.045068,0.2261575,-0.0179953,0.9739246,-0.3082195,0.9471361,0.08907277,-0.924042,-0.320327,0.2086554,moving,-76.67696,-47.08087,0.4062055,5.980767
05/15/2023 12:31:47.669362,2741,True,True,True,True,Eyes,1.314287,-0.04206891,-3.676572,-0.9444923,-0.2402677,0.2240661,0.0,0.0,0.0,0.0,0.0,0.0,0.0,3.255783,0.7833722,2.011878,1.324201,-0.03972264,-3.6751,0.1330562,-0.6106576,0.09336086,0.7750335,18.6792,283.3531,358.9241,0.3905828,-0.008148884,-0.9205315,-0.6698484,-0.03360715,0.04905367,-0.6112366,-0.4770612,-3.23205,0.01767862,0.2162675,2.045327,0.2367621,-0.01778794,0.9714047,-0.3072191,0.9471596,0.09222297,-0.9217158,-0.3202691,0.2187867,moving,-76.65418,-46.99836,0.4952191,6.035877
05/15/2023 12:31:47.694769,2742,True,True,True,True,Eyes,1.313302,-0.04216694,-3.676605,-0.9444363,-0.239765,0.2248398,0.0,0.0,0.0,0.0,0.0,0.0,0.0,3.236598,0.778973,2.036928,1.311757,-0.04099555,-3.675467,0.1311484,-0.6069224,0.09069933,0.7786005,18.31973,283.9521,358.9162,0.3839132,-0.008498995,-0.9233298,-0.6296575,-0.03159072,0.04611045,-0.6160094,-0.4875928,-3.208282,0.02088383,0.2182998,2.045588,0.2468375,-0.01795675,0.9688905,-0.300431,0.9491475,0.09412951,-0.9213102,-0.3143193,0.2288904,moving,-76.60899,-46.83996,0.5849242,6.091403
05/15/2023 12:31:47.709185,2743,True,True,True,True,Eyes,1.311842,-0.04227752,-3.676685,-0.944344,-0.2390555,0.2259798,0.0,0.0,0.0,0.0,0.0,0.0,0.0,3.217446,0.7774122,2.060384,1.299228,-0.04234873,-3.675829,0.1295429,-0.6032549,0.08769857,0.7820558,17.96456,284.5268,358.848,0.3783357,-0.008786249,-0.9256265,-0.5918781,-0.02969528,0.04334382,-0.6234769,-0.4866732,-3.183757,0.02410686,0.2203434,2.045849,0.2567849,-0.0191244,0.9662794,-0.2934651,0.9510552,0.09681033,-0.9208366,-0.3084287,0.2386043,moving,-76.5423,-46.6106,0.6751023,6.147212
05/15/2023 12:31:47.719316,2744,True,True,True,True,Eyes,1.309928,-0.04239348,-3.676763,-0.9442152,-0.238115,0.2275058,0.0,0.0,0.0,0.0,0.0,0.0,0.0,3.197922,0.7795296,2.082722,1.286671,-0.04285124,-3.676241,0.1285451,-0.5995346,0.08459771,0.7854155,17.65959,285.0901,358.7224,0.3736452,-0.009023321,-0.9275276,-0.5563654,-0.02791356,0.04074319,-0.6334111,-0.4735762,-3.159785,0.02726585,0.2223466,2.046106,0.2668029,-0.0212457,0.9635168,-0.2870232,0.9526388,0.100484,-0.9200184,-0.3033611,0.2480688,moving,-76.45297,-46.30526,0.7634627,6.201892
05/15/2023 12:31:47.738978,2745,True,True,True,True,Eyes,1.307575,-0.04249281,-3.676882,-0.9439878,-0.2371641,0.2294343,0.0,0.0,0.0,0.0,0.0,0.0,0.0,3.176259,0.7781174,2.108608,1.273884,-0.04316545,-3.676366,0.1269263,-0.5955073,0.08111646,0.7891015,17.27308,285.7078,358.6107,0.3696724,-0.009220276,-0.9291161,-0.5229834,-0.02623875,0.0382986,-0.6431649,-0.4606752,-3.136358,0.0305028,0.2243993,2.04637,0.2775825,-0.02315287,0.9604228,-0.2791893,0.9546196,0.1037046,-0.9192396,-0.2969263,0.2585216,moving,-76.33926,-45.94908,0.8539765,6.257893
05/15/2023 12:31:47.758885,2746,True,True,True,True,Eyes,1.304816,-0.04254913,-3.676991,-0.9436552,-0.2362146,0.2317705,0.0,0.0,0.0,0.0,0.0,0.0,0.0,3.152619,0.7841544,2.134503,1.261351,-0.04292801,-3.676569,0.1268589,-0.5909117,0.07908361,0.7927648,17.13364,286.3781,358.5288,0.3662317,-0.009387663,-0.9304761,-0.4916044,-0.02466442,0.03600068,-0.6522643,-0.4487281,-3.113304,0.03370845,0.2264315,2.046631,0.289138,-0.02453549,0.956973,-0.2753143,0.9553052,0.1076757,-0.9168432,-0.2946015,0.2694601,moving,-76.20078,-45.54408,0.9435887,6.313313
05/15/2023 12:31:47.779178,2747,True,True,True,True,Eyes,1.301682,-0.04248039,-3.677068,-0.9432295,-0.2351395,0.2345796,0.0,0.0,0.0,0.0,0.0,0.0,0.0,3.127354,0.788244,2.162683,1.248915,-0.04196084,-3.676591,0.1269007,-0.5859033,0.07801107,0.7965726,17.07271,287.109,358.5362,0.3630678,-0.009539886,-0.9317136,-0.4621082,-0.02318456,0.03384064,-0.6612329,-0.4336061,-3.08788,0.03708071,0.2285702,2.046904,0.3012631,-0.02442008,0.9532283,-0.272986,0.955621,0.1107573,-0.9136297,-0.293585,0.281227,moving,-76.03397,-45.0683,1.037828,6.371611
05/15/2023 12:31:47.794660,2748,True,True,True,True,Eyes,1.298157,-0.04236924,-3.677132,-0.9427756,-0.2337023,0.2378178,0.0,0.0,0.0,0.0,0.0,0.0,0.0,3.102635,0.7940819,2.188964,1.236584,-0.03886063,-3.676659,0.1276764,-0.580917,0.07749903,0.8001426,17.11914,287.82,358.5419,0.3601457,-0.009675322,-0.9328457,-0.4343817,-0.02179348,0.0318102,-0.6674252,-0.4268034,-3.061715,0.04013413,0.2305062,2.047154,0.3130586,-0.02431826,0.9494225,-0.2723593,0.9553853,0.1142776,-0.9098434,-0.2943597,0.2924683,moving,-75.84234,-44.49993,1.123131,6.424352
05/15/2023 12:31:47.808954,2749,True,True,True,True,Eyes,1.29432,-0.04220825,-3.677215,-0.9422285,-0.23218,0.2414494,0.0,0.0,0.0,0.0,0.0,0.0,0.0,3.07587,0.7758301,2.225528,1.223724,-0.03782271,-3.676537,0.1237768,-0.576001,0.07380854,0.8046457,16.51226,288.6,358.5769,0.3574325,-0.009794621,-0.9338873,-0.4083188,-0.02048588,0.02990159,-0.6720898,-0.4219188,-3.033788,0.04328907,0.2325066,2.04741,0.3255504,-0.02381163,0.9452249,-0.2613705,0.9584632,0.1141653,-0.9086818,-0.2842205,0.3058045,moving,-75.62703,-43.87881,1.211243,6.478829
05/15/2023 12:31:47.825974,2750,True,True,True,True,Eyes,1.290141,-0.04190537,-3.677274,-0.9415635,-0.2309429,0.2452009,0.0,0.0,0.0,0.0,0.0,0.0,0.0,3.056873,0.7641314,2.249868,1.212592,-0.03661297,-3.676759,0.1222621,-0.5718772,0.07424722,0.8077723,16.40591,289.2342,358.812,0.3549005,-0.009898148,-0.9348513,-0.3838196,-0.01925672,0.02810749,-0.6758018,-0.4186898,-3.006877,0.04645461,0.234514,2.047668,0.3348878,-0.01988813,0.9420481,-0.2597875,0.9590787,0.1125993,-0.9057378,-0.2824405,0.3160171,moving,-75.40331,-43.28481,1.299623,6.53347
05/15/2023 12:31:47.839907,2751,True,True,True,True,Eyes,1.285603,-0.04149982,-3.677292,-0.940914,-0.2292629,0.2492379,0.0,0.0,0.0,0.0,0.0,0.0,0.0,3.04376,0.7692747,2.258416,1.200242,-0.03283988,-3.676282,0.1241833,-0.568621,0.07636985,0.8095779,16.73366,289.6795,358.9486,0.3525244,-0.009983884,-0.9357491,-0.3607905,-0.01810132,0.02642104,-0.6828411,-0.3942854,-2.976211,0.04977059,0.2366166,2.047938,0.3416758,-0.01757181,0.9396535,-0.2648811,0.9574923,0.1142212,-0.9017181,-0.2879231,0.3224975,moving,-75.16371,-42.60958,1.392173,6.590671
05/15/2023 12:31:47.859131,2752,True,True,True,True,Eyes,1.280798,-0.04108112,-3.677298,-0.9402789,-0.2272835,0.2534124,0.0,0.0,0.0,0.0,0.0,0.0,0.0,3.02438,0.7481374,2.283124,1.187088,-0.02999605,-3.675481,0.1196795,-0.5654442,0.07035378,0.8130192,15.9123,290.1893,358.752,0.3502809,-0.01005102,-0.9365906,-0.339143,-0.01701524,0.02483578,-0.6868091,-0.3873574,-2.952862,0.05283463,0.2385594,2.048187,0.3506465,-0.02094622,0.9362736,-0.2497421,0.9614543,0.1150412,-0.902594,-0.2741657,0.3318995,moving,-74.91672,-41.88867,1.477663,6.643504
05/15/2023 12:31:47.869399,2753,True,True,True,True,Eyes,1.275723,-0.04066117,-3.677292,-0.9394968,-0.2257039,0.2576888,0.0,0.0,0.0,0.0,0.0,0.0,0.0,3.009548,0.7376258,2.299918,1.175912,-0.02936383,-3.67525,0.1169308,-0.5628307,0.06600416,0.8155932,15.36899,290.5897,358.5762,0.348151,-0.01010108,-0.9373838,-0.3187945,-0.01599433,0.02334563,-0.6914368,-0.3931217,-2.935279,0.05627549,0.2407412,2.048466,0.3577301,-0.02395942,0.9335175,-0.2392896,0.9639412,0.1164376,-0.9026459,-0.2650343,0.3390976,moving,-74.6619,-41.2144,1.573635,6.702806
05/15/2023 12:31:47.894834,2754,True,True,True,True,Eyes,1.27038,-0.04015432,-3.677258,-0.9386474,-0.2243219,0.2619556,0.0,0.0,0.0,0.0,0.0,0.0,0.0,3.000905,0.7540561,2.29932,1.164448,-0.02889787,-3.674797,0.119483,-0.5607229,0.06621411,0.8166575,15.62909,290.8414,358.4621,0.3461172,-0.01013579,-0.9381363,-0.2996668,-0.01503467,0.0219449,-0.7018821,-0.3596465,-2.912127,0.05925214,0.2426285,2.048708,0.3624112,-0.02584517,0.9316599,-0.2421421,0.962679,0.1208978,-0.9000142,-0.2694089,0.3426274,moving,-74.40676,-40.57461,1.65663,6.75408
05/15/2023 12:31:47.909274,2755,True,True,True,True,Eyes,1.264773,-0.03965168,-3.677197,-0.9376853,-0.2230677,0.2664339,0.0,0.0,0.0,0.0,0.0,0.0,0.0,2.989304,0.7798637,2.298834,1.15268,-0.02631375,-3.674152,0.122904,-0.558482,0.06414668,0.8178493,15.82401,291.0764,358.0728,0.3441637,-0.01015446,-0.9388545,-0.2816868,-0.01413259,0.0206282,-0.7097862,-0.33808,-2.893678,0.06243682,0.2446481,2.048967,0.3679661,-0.03235467,0.9292762,-0.242204,0.9615596,0.1293844,-0.8977406,-0.2726834,0.3459849,moving,-74.13804,-39.93724,1.745396,6.808919
05/15/2023 12:31:47.919325,2756,True,True,True,True,Eyes,1.25897,-0.03916226,-3.677108,-0.9365902,-0.2222376,0.2709412,0.0,0.0,0.0,0.0,0.0,0.0,0.0,2.972036,0.7991265,2.307338,1.140821,-0.02597262,-3.673317,0.1243699,-0.5555745,0.06000892,0.8199197,15.70149,291.4305,357.6313,0.3422769,-0.01015883,-0.939544,-0.2647856,-0.01328463,0.01939051,-0.7158215,-0.3451717,-2.881643,0.0656935,0.2467129,2.049232,0.375472,-0.03978845,0.9259794,-0.2365984,0.9618621,0.1372678,-0.8961262,-0.2706254,0.3517385,moving,-73.86565,-39.36008,1.836137,6.864961
05/15/2023 12:31:47.939557,2757,True,True,True,True,Eyes,1.252942,-0.03863058,-3.676989,-0.9352204,-0.2220608,0.275775,0.0,0.0,0.0,0.0,0.0,0.0,0.0,2.95721,0.8294311,2.309459,1.130325,-0.02578205,-3.672649,0.1290643,-0.5523837,0.06135035,0.8212495,16.24623,291.793,357.5035,0.3404457,-0.01015068,-0.9402091,-0.2488984,-0.01248755,0.01822708,-0.722142,-0.3482763,-2.86895,0.06880164,0.2486837,2.049486,0.3822168,-0.04181812,0.923126,-0.2433539,0.9591571,0.1442101,-0.8914534,-0.2797658,0.3564293,moving,-73.57042,-38.84187,1.922709,6.918424
05/15/2023 12:31:47.959056,2758,True,True,True,True,Eyes,1.24669,-0.03806879,-3.676811,-0.9337613,-0.2219063,0.2807978,0.0,0.0,0.0,0.0,0.0,0.0,0.0,2.940607,0.8570684,2.313178,1.119073,-0.02412499,-3.67146,0.1341668,-0.5485866,0.0645907,0.8227273,16.95572,292.2445,357.548,0.3386595,-0.01013018,-0.9408542,-0.2339645,-0.0117383,0.01713345,-0.7282785,-0.3423461,-2.851154,0.07209939,0.2507748,2.049754,0.3897617,-0.04092306,0.920006,-0.2534852,0.9556546,0.1498981,-0.8853424,-0.2916325,0.3621042,moving,-73.26308,-38.31828,2.014529,6.975123
05/15/2023 12:31:47.979247,2759,True,True,True,True,Eyes,1.240292,-0.03750427,-3.676528,-0.9321011,-0.2218705,0.2862885,0.0,0.0,0.0,0.0,0.0,0.0,0.0,2.918782,0.857667,2.332502,1.107434,-0.02277622,-3.669948,0.1342876,-0.5442963,0.06448314,0.8255606,16.97299,292.8507,357.6202,0.3369086,-0.01009782,-0.941483,-0.2199267,-0.011034,0.01610545,-0.7299085,-0.3599827,-2.836009,0.07528704,0.2527962,2.050013,0.3991669,-0.03971497,0.9160178,-0.252654,0.9556175,0.1515292,-0.8813807,-0.291921,0.3714167,moving,-72.92601,-37.77529,2.103251,7.029907
05/15/2023 12:31:47.994846,2760,True,True,True,True,Eyes,1.233728,-0.03691574,-3.676187,-0.9302889,-0.2221804,0.2918876,0.0,0.0,0.0,0.0,0.0,0.0,0.0,2.897909,0.8640194,2.349285,1.096897,-0.02201396,-3.668771,0.1357235,-0.5398958,0.06638486,0.8280607,17.2449,293.4581,357.803,0.3351866,-0.01005472,-0.9420978,-0.2067311,-0.01037196,0.01513912,-0.7301274,-0.3817491,-2.818662,0.07846707,0.2548125,2.050271,0.4082111,-0.03661172,0.9121531,-0.2564945,0.9543443,0.1530928,-0.8761131,-0.2964565,0.3801832,moving,-72.58022,-37.27784,2.191729,7.084526
05/15/2023 12:31:48.009120,2761,True,True,True,True,Eyes,1.226985,-0.03632365,-3.675798,-0.9283333,-0.2220483,0.2981474,0.0,0.0,0.0,0.0,0.0,0.0,0.0,2.877755,0.877174,2.361673,1.086307,-0.02075168,-3.66714,0.1386471,-0.535471,0.06971969,0.830173,17.75022,294.0475,358.0309,0.3334873,-0.01000135,-0.9427013,-0.1943272,-0.009749644,0.01423077,-0.7321563,-0.3791639,-2.794606,0.08167905,0.2568491,2.050533,0.4168203,-0.03272421,0.9083998,-0.2642418,0.9518323,0.1555365,-0.869734,-0.3048679,0.3880959,moving,-72.19485,-36.67727,2.281062,7.139667
05/15/2023 12:31:48.029206,2762,True,True,True,True,Eyes,1.220118,-0.0357437,-3.675361,-0.9262599,-0.2221231,0.3044733,0.0,0.0,0.0,0.0,0.0,0.0,0.0,2.854825,0.8744074,2.382703,1.075442,-0.02010983,-3.665366,0.1381919,-0.5310526,0.06974094,0.83308,17.71738,294.6818,358.1606,0.3318048,-0.009938669,-0.9432954,-0.1826676,-0.009164666,0.01337693,-0.7315968,-0.3860802,-2.772127,0.08479369,0.2588238,2.050786,0.4262386,-0.03057474,0.9040939,-0.2629738,0.9520784,0.1561776,-0.8655434,-0.304322,0.3977723,moving,-71.80366,-36.11196,2.367655,7.193104
05/15/2023 12:31:48.039362,2763,True,True,True,True,Eyes,1.213112,-0.0351896,-3.674855,-0.9240313,-0.2220388,0.3112314,0.0,0.0,0.0,0.0,0.0,0.0,0.0,2.833672,0.8893896,2.395594,1.065585,-0.01977305,-3.66384,0.1404955,-0.5268856,0.07068,0.8352585,18.00987,295.2258,358.1936,0.3301346,-0.009867912,-0.943882,-0.1717075,-0.008614786,0.01257431,-0.7297843,-0.4005677,-2.750492,0.08812851,0.2609383,2.051057,0.4347917,-0.02997799,0.9000319,-0.2661223,0.9505307,0.1602196,-0.860311,-0.3091807,0.4053051,moving,-71.38549,-35.50483,2.460335,7.250299
05/15/2023 12:31:48.059336,2764,True,True,True,True,Eyes,1.205999,-0.03466416,-3.674294,-0.921675,-0.2222007,0.3180282,0.0,0.0,0.0,0.0,0.0,0.0,0.0,2.810484,0.918052,2.404608,1.055145,-0.01980384,-3.661975,0.1445578,-0.5225102,0.07115106,0.8372715,18.44672,295.7533,358.0717,0.3284722,-0.009790556,-0.9444627,-0.161405,-0.008097899,0.01181985,-0.7303033,-0.3968417,-2.725853,0.0912475,0.2629164,2.051311,0.4438412,-0.03192033,0.8955368,-0.2702114,0.9480812,0.1677139,-0.854395,-0.3164226,0.4121723,moving,-70.96277,-34.94132,2.546982,7.303774
05/15/2023 12:31:48.068812,2765,True,True,True,True,Eyes,1.198783,-0.03416126,-3.673687,-0.9191438,-0.2223092,0.3251974,0.0,0.0,0.0,0.0,0.0,0.0,0.0,2.786144,0.9458848,2.415179,1.045482,-0.01992837,-3.660186,0.1482009,-0.5181381,0.07074447,0.8393835,18.79031,296.2785,357.8925,0.3268141,-0.009707982,-0.9450385,-0.1517207,-0.007612025,0.01111066,-0.7288559,-0.4050964,-2.704919,0.09440243,0.2649169,2.051567,0.4530565,-0.03481361,0.8908017,-0.2723405,0.9460634,0.175484,-0.8488643,-0.3221056,0.419139,moving,-70.51598,-34.35703,2.634595,7.357833
05/15/2023 12:31:48.099226,2766,True,True,True,True,Eyes,1.191467,-0.03368716,-3.673018,-0.916474,-0.222682,0.3323973,0.0,0.0,0.0,0.0,0.0,0.0,0.0,2.760171,0.9839748,2.423023,1.035785,-0.01994306,-3.658489,0.1534763,-0.5134226,0.07093181,0.8413152,19.33433,296.816,357.6772,0.3251578,-0.009621301,-0.9456106,-0.1426175,-0.007155304,0.01044402,-0.7267234,-0.4190377,-2.684015,0.09767556,0.2669924,2.051834,0.4627319,-0.03824442,0.885673,-0.2769484,0.9428273,0.1854079,-0.8421276,-0.3310799,0.4256846,moving,-70.06473,-33.81921,2.725453,7.413888
05/15/2023 12:31:48.108823,2767,True,True,True,True,Eyes,1.18405,-0.03324287,-3.672309,-0.9137111,-0.2227294,0.3398878,0.0,0.0,0.0,0.0,0.0,0.0,0.0,2.733387,1.015442,2.433142,1.02606,-0.02012107,-3.656433,0.1575604,-0.5087582,0.07027115,0.8434464,19.71182,297.3621,357.4563,0.323501,-0.009531675,-0.9461796,-0.1340604,-0.006725986,0.00981738,-0.7240278,-0.4299118,-2.662988,0.1008912,0.2690311,2.052096,0.472454,-0.04178036,0.8803645,-0.2788602,0.9404734,0.1942854,-0.8360767,-0.3372895,0.4326796,moving,-69.5955,-33.23694,2.814678,7.46892
05/15/2023 12:31:48.119295,2768,True,True,True,True,Eyes,1.176538,-0.03284305,-3.671535,-0.9108109,-0.2229456,0.3474459,0.0,0.0,0.0,0.0,0.0,0.0,0.0,2.705554,1.040543,2.446476,1.016515,-0.02044731,-3.654351,0.160542,-0.5040241,0.06904314,0.8458247,19.94875,297.9358,357.2538,0.3218413,-0.009440167,-0.9467463,-0.1260168,-0.006322426,0.009228337,-0.7194314,-0.447776,-2.642232,0.1042387,0.271154,2.052368,0.4823857,-0.04503725,0.8748004,-0.2786308,0.9389187,0.2019819,-0.8304632,-0.3411795,0.4403721,moving,-69.11971,-32.68707,2.907524,7.526196
05/15/2023 12:31:48.139110,2769,True,True,True,True,Eyes,1.168966,-0.03248197,-3.670654,-0.9078267,-0.2228579,0.3552251,0.0,0.0,0.0,0.0,0.0,0.0,0.0,2.675327,1.066483,2.461156,1.006723,-0.02109946,-3.652138,0.1635318,-0.4989459,0.06762659,0.8483732,20.17911,298.5521,357.0417,0.3201771,-0.009348128,-0.9473113,-0.1184558,-0.005943081,0.008674636,-0.7155567,-0.4601161,-2.620834,0.1072537,0.2730656,2.052613,0.4929593,-0.04844187,0.8687028,-0.2779322,0.937368,0.209988,-0.8244664,-0.344956,0.4486207,moving,-68.63,-32.10297,2.991113,7.577744
05/15/2023 12:31:48.159020,2770,True,True,True,True,Eyes,1.161311,-0.0321557,-3.669705,-0.904708,-0.2228716,0.3630863,0.0,0.0,0.0,0.0,0.0,0.0,0.0,2.644072,1.091843,2.476447,0.9970746,-0.02161326,-3.649849,0.1665224,-0.4936863,0.06645184,0.8509575,20.42736,299.1935,356.8604,0.3185074,-0.0092566,-0.947875,-0.1113485,-0.005586496,0.008154158,-0.7117013,-0.4675542,-2.598184,0.1104044,0.2750636,2.05287,0.503716,-0.05132432,0.8623434,-0.277515,0.9357089,0.2177942,-0.8180805,-0.3490196,0.4570883,moving,-68.13294,-31.54266,3.07843,7.631595
05/15/2023 12:31:48.169206,2771,True,True,True,True,Eyes,1.153586,-0.03187243,-3.668668,-0.9015465,-0.2224009,0.3711492,0.0,0.0,0.0,0.0,0.0,0.0,0.0,2.612721,1.109595,2.494324,0.9874327,-0.02211207,-3.647417,0.168388,-0.488438,0.06509006,0.8537197,20.55444,299.8572,356.7332,0.3168312,-0.009166453,-0.9484375,-0.1046676,-0.005251306,0.007664909,-0.7070095,-0.4750736,-2.574125,0.1136639,0.2771302,2.053135,0.5143833,-0.05335687,0.8558989,-0.2756315,0.9348176,0.2239274,-0.8120574,-0.3510972,0.4661477,moving,-67.62399,-30.93099,3.168724,7.687268
05/15/2023 12:31:48.194832,2772,True,True,True,True,Eyes,1.14579,-0.03165499,-3.667566,-0.8982481,-0.2219952,0.3793001,0.0,0.0,0.0,0.0,0.0,0.0,0.0,2.580499,1.119389,2.516044,0.9776297,-0.02288523,-3.645025,0.1689359,-0.4830882,0.06323192,0.8567895,20.52269,300.5601,356.6413,0.3151478,-0.009078676,-0.9489989,0.0,0.0,0.0,-0.7013959,-0.483121,-2.549784,0.1167732,0.279102,2.053388,0.5252551,-0.05486902,0.8491739,-0.2715748,0.9349248,0.2283918,-0.8064454,-0.3505782,0.476173,moving,-67.1073,-30.33941,3.254824,7.740362
05/15/2023 12:31:48.209119,2773,True,True,True,True,Eyes,1.137917,-0.0314952,-3.666376,-0.894899,-0.2214452,0.3874503,0.0,0.0,0.0,0.0,0.0,0.0,0.0,2.548353,1.131864,2.535829,0.9681001,-0.02424265,-3.642505,0.1699767,-0.4777004,0.06199106,0.8596903,20.57793,301.2606,356.5824,0.3134566,-0.00899476,-0.9495597,0.0,0.0,0.0,-0.6960119,-0.4867155,-2.524432,0.1200153,0.2811581,2.053651,0.535919,-0.05580967,0.8424227,-0.2689821,0.9345301,0.2330284,-0.8002746,-0.351481,0.4858206,moving,-66.5896,-29.7499,3.344558,7.795697
05/15/2023 12:31:48.219063,2774,True,True,True,True,Eyes,1.129968,-0.0313981,-3.665111,-0.8914195,-0.2209105,0.3956892,0.0,0.0,0.0,0.0,0.0,0.0,0.0,2.516883,1.141742,2.554973,0.9580932,-0.0254866,-3.639721,0.1708018,-0.4723416,0.0611001,0.8625469,20.6323,301.9646,356.5725,0.3117562,-0.008915808,-0.95012,0.0,0.0,0.0,-0.6909427,-0.4849757,-2.497763,0.1231533,0.2831477,2.053906,0.5463204,-0.05595016,0.8357055,-0.2667569,0.9341871,0.2369288,-0.7939615,-0.3523693,0.4954403,moving,-66.06421,-29.17432,3.431377,7.849213
05/15/2023 12:31:48.239163,2775,True,True,True,True,Eyes,1.12195,-0.03136134,-3.663739,-0.8879029,-0.2202484,0.40388,0.0,0.0,0.0,0.0,0.0,0.0,0.0,2.484854,1.148222,2.575498,0.9482815,-0.02689706,-3.636775,0.1710494,-0.4669694,0.05993848,0.8654995,20.61368,302.679,356.5701,0.3100467,-0.008843005,-0.95068,0.0,0.0,0.0,-0.6847793,-0.486772,-2.471617,0.1263866,0.2851975,2.054169,0.5566939,-0.05599619,0.8288283,-0.2635031,0.934299,0.2401074,-0.7878186,-0.3520651,0.5053634,moving,-65.54066,-28.60502,3.520792,7.904325
05/15/2023 12:31:48.258991,2776,True,True,True,True,Eyes,1.113848,-0.03138896,-3.662284,-0.8842697,-0.2196093,0.412115,0.0,0.0,0.0,0.0,0.0,0.0,0.0,2.454593,1.154732,2.593469,0.9380777,-0.02832273,-3.633693,0.1714919,-0.46177,0.05928852,0.8682418,20.64326,303.3693,356.6044,0.3083264,-0.008777279,-0.9512399,0.0,0.0,0.0,-0.6788471,-0.4882968,-2.445456,0.1296547,0.2872697,2.054435,0.5665066,-0.0554261,0.8221911,-0.2613332,0.9341508,0.2430376,-0.781521,-0.3525482,0.514718,moving,-65.01207,-28.05242,3.611128,7.960003
05/15/2023 12:31:48.269241,2777,True,True,True,True,Eyes,1.105681,-0.03148658,-3.660715,-0.8806151,-0.2188177,0.4202806,0.0,0.0,0.0,0.0,0.0,0.0,0.0,2.42589,1.158313,2.61052,0.9279284,-0.0298942,-3.630358,0.1715537,-0.4568303,0.05869951,0.8708788,20.6364,304.0323,356.6613,0.3065955,-0.008719658,-0.9517996,0.0,0.0,0.0,-0.6727555,-0.4874904,-2.41895,0.1327384,0.2892253,2.054687,0.575721,-0.0545015,0.8158278,-0.2589821,0.9342474,0.2451735,-0.7755473,-0.3524363,0.5237509,moving,-64.48682,-27.50359,3.696329,8.012523
05/15/2023 12:31:48.294768,2778,True,True,True,True,Eyes,1.097445,-0.03166457,-3.659068,-0.8768576,-0.2180986,0.4284316,0.0,0.0,0.0,0.0,0.0,0.0,0.0,2.398885,1.156912,2.627724,0.9176055,-0.03169973,-3.626985,0.1709486,-0.4520829,0.05830315,0.8734979,20.57065,304.6861,356.7725,0.3048536,-0.008671182,-0.9523594,0.0,0.0,0.0,-0.667007,-0.4882442,-2.393411,0.1359492,0.291261,2.054947,0.5844437,-0.05271044,0.8097205,-0.2564212,0.9347547,0.2459307,-0.7698531,-0.3513621,0.5327954,moving,-63.95992,-26.97895,3.785003,8.067167
05/15/2023 12:31:48.309356,2779,True,True,True,True,Eyes,1.089108,-0.03190304,-3.65735,-0.8730862,-0.2173999,0.4364147,0.0,0.0,0.0,0.0,0.0,0.0,0.0,2.374856,1.159616,2.640125,0.9076502,-0.0337927,-3.623526,0.1711748,-0.4476937,0.0588349,0.8756758,20.6383,305.2824,356.9234,0.3031003,-0.008633066,-0.9529194,0.0,0.0,0.0,-0.6618065,-0.4877707,-2.36845,0.1392108,0.2933294,2.055212,0.5922176,-0.05022714,0.8042111,-0.2563083,0.9344753,0.2471071,-0.763927,-0.3524672,0.5405391,moving,-63.44169,-26.48018,3.875039,8.122661
05/15/2023 12:31:48.329186,2780,True,True,True,True,Eyes,1.080698,-0.0321951,-3.655545,-0.8692542,-0.2167537,0.4443141,0.0,0.0,0.0,0.0,0.0,0.0,0.0,2.356604,1.159886,2.647573,0.8972347,-0.03555839,-3.619705,0.1714005,-0.4440571,0.06011959,0.8773944,20.74227,305.787,357.136,0.3013342,-0.008605886,-0.9534795,0.0,0.0,0.0,-0.6572863,-0.4852981,-2.343817,0.1424813,0.2954028,2.055479,0.5983978,-0.04672607,0.7998356,-0.2577204,0.934015,0.2473787,-0.7586175,-0.3541648,0.5468702,moving,-62.92643,-26.00492,3.965275,8.178256
05/15/2023 12:31:48.339325,2781,True,True,True,True,Eyes,1.072234,-0.032544,-3.653619,-0.865407,-0.2161879,0.4520326,0.0,0.0,0.0,0.0,0.0,0.0,0.0,2.337907,1.162496,2.654351,0.8870201,-0.0371273,-3.615882,0.1716965,-0.440613,0.06017127,0.8790678,20.78671,306.2455,357.2096,0.2995548,-0.008589987,-0.9540402,0.0,0.0,0.0,-0.6527802,-0.4877989,-2.321763,0.1455811,0.2973685,2.055731,0.6044793,-0.04551415,0.7953196,-0.2570926,0.9337995,0.2488411,-0.7539949,-0.3548901,0.5527611,moving,-62.42035,-25.55979,4.050765,8.230937
05/15/2023 12:31:48.358996,2782,True,True,True,True,Eyes,1.063703,-0.03293421,-3.651612,-0.8615196,-0.215746,0.4596061,0.0,0.0,0.0,0.0,0.0,0.0,0.0,2.319534,1.171601,2.657697,0.8765649,-0.03879926,-3.611976,0.1728878,-0.4372849,0.05995044,0.8805099,20.9093,306.6628,357.2003,0.2977627,-0.008585782,-0.954601,0.0,0.0,0.0,-0.650632,-0.4910634,-2.302347,0.1487131,0.2993545,2.055986,0.6103756,-0.04562851,0.7907968,-0.2567763,0.9330316,0.2520279,-0.749338,-0.3568896,0.5577834,moving,-61.92084,-25.14606,4.137099,8.284134
05/15/2023 12:31:48.379328,2783,True,True,True,True,Eyes,1.055121,-0.0333279,-3.649474,-0.8576523,-0.2153404,0.4669701,0.0,0.0,0.0,0.0,0.0,0.0,0.0,2.305187,1.179552,2.658056,0.8664192,-0.0401565,-3.608074,0.1741537,-0.4344939,0.06030027,0.8816177,21.0679,307.0142,357.2351,0.2959571,-0.008593229,-0.9551623,0.0,0.0,0.0,-0.6489772,-0.4922736,-2.283304,0.1520626,0.3014783,2.056258,0.6151579,-0.04501384,0.7871179,-0.257661,0.9320687,0.2546737,-0.7451119,-0.3594741,0.5617711,moving,-61.43282,-24.7565,4.229388,8.340994
05/15/2023 12:31:48.394805,2784,True,True,True,True,Eyes,1.046448,-0.03368706,-3.647238,-0.8537866,-0.2148018,0.4742451,0.0,0.0,0.0,0.0,0.0,0.0,0.0,2.292883,1.182101,2.658391,0.8557674,-0.04057829,-3.603849,0.1747804,-0.4320153,0.06046508,0.8826997,21.14939,307.3354,357.2793,0.2941391,-0.008611309,-0.9557236,0.0,0.0,0.0,-0.6476256,-0.4966494,-2.265606,0.1552668,0.3035102,2.056518,0.6194137,-0.04427056,0.7838156,-0.2577606,0.9315916,0.2563135,-0.7415432,-0.3608008,0.5656293,moving,-60.94954,-24.36739,4.317631,8.395365
05/15/2023 12:31:48.408920,2785,True,True,True,True,Eyes,1.037706,-0.03406653,-3.644881,-0.8499247,-0.2139098,0.4815295,0.0,0.0,0.0,0.0,0.0,0.0,0.0,2.276976,1.176073,2.665086,0.8449001,-0.04014139,-3.599304,0.1736825,-0.4293973,0.05828339,0.884339,20.93091,307.6792,357.1725,0.2923079,-0.008638096,-0.956285,0.0,0.0,0.0,-0.6474004,-0.5019254,-2.250206,0.1583493,0.3054649,2.056769,0.6244421,-0.04607305,0.7797111,-0.2522421,0.9328748,0.257135,-0.7392199,-0.3572419,0.5709048,moving,-60.46604,-23.95222,4.402481,8.447639
05/15/2023 12:31:48.419315,2786,True,True,True,True,Eyes,1.028914,-0.0344707,-3.642459,-0.8460628,-0.2128959,0.488726,0.0,0.0,0.0,0.0,0.0,0.0,0.0,2.256132,1.156487,2.681863,0.8338703,-0.04106587,-3.594852,0.1700829,-0.4260789,0.05509268,0.8868447,20.40305,308.1569,357.1122,0.2904632,-0.008673309,-0.9568466,0.0,0.0,0.0,-0.6487523,-0.5033833,-2.234766,0.1616778,0.3075751,2.057041,0.6308432,-0.04722015,0.7744721,-0.2426547,0.9360732,0.2547266,-0.7369909,-0.3486218,0.5790573,moving,-59.98724,-23.53861,4.494053,8.504043
05/15/2023 12:31:48.438994,2787,True,True,True,True,Eyes,1.020066,-0.03486152,-3.639942,-0.8421429,-0.2119505,0.4958551,0.0,0.0,0.0,0.0,0.0,0.0,0.0,2.24388,1.140528,2.690607,0.8238396,-0.04210055,-3.590916,0.1678622,-0.4235058,0.05527371,0.8884876,20.18816,308.5515,357.3154,0.2886049,-0.008716802,-0.9574082,0.0,0.0,0.0,-0.6510873,-0.4939352,-2.21674,0.1647506,0.3095238,2.05729,0.6351753,-0.0439612,0.7711159,-0.2404012,0.9375343,0.2514694,-0.7340025,-0.3451043,0.5849302,moving,-59.51035,-23.14401,4.578553,8.556101
05/15/2023 12:31:48.459143,2788,True,True,True,True,Eyes,1.011163,-0.03524277,-3.637351,-0.8382145,-0.2108359,0.5029361,0.0,0.0,0.0,0.0,0.0,0.0,0.0,2.232175,1.13436,2.693996,0.8132545,-0.04216273,-3.586618,0.1674147,-0.4209126,0.05616036,0.8897478,20.19344,308.9193,357.4964,0.2867331,-0.008767447,-0.95797,0.0,0.0,0.0,-0.6521927,-0.4746897,-2.19402,0.1679079,0.3115256,2.057547,0.6393573,-0.04099674,0.7678161,-0.2408709,0.9376367,0.2506364,-0.7302078,-0.3451908,0.5896099,moving,-59.03587,-22.74393,4.665333,8.60955
05/15/2023 12:31:48.479229,2789,True,True,True,True,Eyes,1.002227,-0.03559735,-3.634711,-0.8341969,-0.2099362,0.5099434,0.0,0.0,0.0,0.0,0.0,0.0,0.0,2.215858,1.119351,2.704894,0.8029879,-0.042362,-3.582296,0.1650862,-0.417975,0.05495239,0.8916411,19.89714,309.3406,357.5614,0.2848472,-0.008824332,-0.9585319,0.0,0.0,0.0,-0.6532896,-0.4658098,-2.176444,0.1711129,0.3135581,2.057808,0.6445543,-0.04000818,0.763511,-0.2359994,0.9394535,0.2484578,-0.7272235,-0.3403327,0.596087,moving,-58.56262,-22.37625,4.75338,8.663792
05/15/2023 12:31:48.494878,2790,True,True,True,True,Eyes,0.9932491,-0.03585545,-3.632002,-0.8301713,-0.2091185,0.5168027,0.0,0.0,0.0,0.0,0.0,0.0,0.0,2.203771,1.118211,2.707294,0.7932711,-0.04206821,-3.578463,0.1652443,-0.4154683,0.0552601,0.8927637,19.93573,309.6739,357.6443,0.2829481,-0.008886147,-0.9590936,0.0,0.0,0.0,-0.6541391,-0.4638397,-2.160242,0.174293,0.3155745,2.058067,0.6486648,-0.03863915,0.7600927,-0.235976,0.9392813,0.2491306,-0.7235671,-0.3409658,0.6001608,moving,-58.09669,-22.03017,4.840699,8.717574
05/15/2023 12:31:48.508866,2791,True,True,True,True,Eyes,0.9842016,-0.03599728,-3.629228,-0.8260959,-0.208137,0.5236835,0.0,0.0,0.0,0.0,0.0,0.0,0.0,2.191484,1.12148,2.707245,0.783229,-0.03999817,-3.574136,0.1661395,-0.4131269,0.05471076,0.8937174,20.00904,309.957,357.5919,0.2810357,-0.008949895,-0.9596553,0.0,0.0,0.0,-0.6544326,-0.4516132,-2.140939,0.1774787,0.3175943,2.058326,0.652666,-0.03948146,0.7566165,-0.2350653,0.9388088,0.2517585,-0.720258,-0.3421685,0.6034478,moving,-57.62833,-21.67525,4.928125,8.771416
05/15/2023 12:31:48.519183,2792,True,True,True,True,Eyes,0.975112,-0.03596051,-3.626395,-0.8220795,-0.2069268,0.5304402,0.0,0.0,0.0,0.0,0.0,0.0,0.0,2.176172,1.098097,2.72014,0.7726797,-0.03742865,-3.569631,0.1624151,-0.4107467,0.0509389,0.8957198,19.43898,310.2918,357.437,0.2791095,-0.009012318,-0.9602168,0.0,0.0,0.0,-0.6544696,-0.4507314,-2.126003,0.1806961,0.3196345,2.058588,0.6573848,-0.04216893,0.7523742,-0.2246768,0.9420531,0.2491108,-0.7192813,-0.3328027,0.609817,moving,-57.16819,-21.31095,5.01638,8.825774
05/15/2023 12:31:48.538960,2793,True,True,True,True,Eyes,0.9659683,-0.0357944,-3.623477,-0.818019,-0.2055589,0.5372061,0.0,0.0,0.0,0.0,0.0,0.0,0.0,2.165033,1.083802,2.726353,0.7625758,-0.03326397,-3.56544,0.1603025,-0.4090424,0.04718019,0.8970851,19.03873,310.5042,357.1809,0.2771695,-0.009068822,-0.9607781,0.0,0.0,0.0,-0.6551973,-0.4496742,-2.111468,0.1840417,0.3217559,2.058861,0.6609166,-0.04649175,0.7490179,-0.2157903,0.9441543,0.2490125,-0.7187654,-0.3262073,0.6139748,moving,-56.70646,-20.93907,5.108099,8.88226
05/15/2023 12:31:48.559238,2794,True,True,True,True,Eyes,0.9568137,-0.03556335,-3.620514,-0.8140352,-0.2036923,0.5439266,0.0,0.0,0.0,0.0,0.0,0.0,0.0,2.150523,1.059809,2.73823,0.751793,-0.03005485,-3.560863,0.1561436,-0.4070664,0.04133058,0.899004,18.32435,310.7638,356.811,0.2752157,-0.009116571,-0.961339,0.0,0.0,0.0,-0.6581143,-0.425641,-2.092516,0.1871315,0.323715,2.059112,0.6651775,-0.0528089,0.7448155,-0.2014343,0.947822,0.2470988,-0.7190015,-0.314396,0.6198323,moving,-56.24973,-20.53017,5.192761,8.934401
05/15/2023 12:31:48.578871,2795,True,True,True,True,Eyes,0.9476603,-0.03525845,-3.617503,-0.8099335,-0.2020973,0.5506036,0.0,0.0,0.0,0.0,0.0,0.0,0.0,2.138827,1.022703,2.753703,0.7423354,-0.0282837,-3.556897,0.1502463,-0.4051619,0.03732983,0.9010419,17.51801,311.0723,356.7251,0.2732486,-0.009154714,-0.9618997,0.0,0.0,0.0,-0.66214,-0.4063554,-2.077386,0.1903065,0.3257281,2.059369,0.6689006,-0.05447664,0.741353,-0.1890196,0.9520651,0.2405071,-0.7189183,-0.3010056,0.6265398,moving,-55.79161,-20.1555,5.279715,8.98795
05/15/2023 12:31:48.594830,2796,True,True,True,True,Eyes,0.9384782,-0.03489797,-3.614415,-0.8057662,-0.2001101,0.5574019,0.0,0.0,0.0,0.0,0.0,0.0,0.0,2.127716,1.007138,2.760272,0.733104,-0.0262073,-3.552812,0.1484546,-0.4028184,0.03730382,0.9023898,17.33638,311.4102,356.8607,0.2712692,-0.009182221,-0.9624595,0.0,0.0,0.0,-0.6664047,-0.377174,-2.059154,0.1934744,0.3277372,2.059627,0.6726916,-0.05227533,0.7380741,-0.1869257,0.9531394,0.2378745,-0.7159224,-0.2979811,0.6313972,moving,-55.32582,-19.7484,5.366424,9.041361
05/15/2023 12:31:48.609131,2797,True,True,True,True,Eyes,0.9293071,-0.03452202,-3.611302,-0.8013619,-0.1982792,0.5643621,0.0,0.0,0.0,0.0,0.0,0.0,0.0,2.101185,0.9708278,2.78461,0.7231645,-0.02462137,-3.547952,0.1429462,-0.3982654,0.03522481,0.9053786,16.67236,312.0726,357.0035,0.269278,-0.009198667,-0.9630184,0.0,0.0,0.0,-0.669302,-0.3450445,-2.041122,0.1967356,0.329805,2.059892,0.6802878,-0.05007742,0.7312323,-0.1776446,0.9566512,0.2307831,-0.7110914,-0.2868984,0.6419021,moving,-54.84473,-19.35807,5.455641,9.096304
05/15/2023 12:31:48.619031,2798,True,True,True,True,Eyes,0.9201489,-0.03412502,-3.608166,-0.7968276,-0.1965846,0.5713321,0.0,0.0,0.0,0.0,0.0,0.0,0.0,2.074619,0.9333687,2.810171,0.7142501,-0.02393708,-3.544228,0.1373807,-0.3934759,0.03446238,0.9083589,16.06347,312.7751,357.2859,0.2672759,-0.00920472,-0.9635758,0.0,0.0,0.0,-0.6692904,-0.3342104,-2.025444,0.2000326,0.3318956,2.06016,0.6879781,-0.04550356,0.7243035,-0.1707204,0.9598777,0.2224617,-0.7053656,-0.2767021,0.6526065,moving,-54.35916,-18.98738,5.545786,9.151819
05/15/2023 12:31:48.639175,2799,True,True,True,True,Eyes,0.9109851,-0.03367021,-3.605003,-0.7920226,-0.195667,0.5782859,0.0,0.0,0.0,0.0,0.0,0.0,0.0,2.049738,0.9298701,2.822713,0.7053214,-0.02302849,-3.540591,0.137433,-0.3886815,0.0364457,0.9103355,16.17379,313.4151,357.5844,0.2652633,-0.00920083,-0.9641318,0.0,0.0,0.0,-0.6630848,-0.3065211,-1.999759,0.2031572,0.3338767,2.060415,0.6951967,-0.04047974,0.7176788,-0.173191,0.9595677,0.2218888,-0.6976436,-0.2785518,0.6600776,moving,-53.86539,-18.6936,5.63117,9.204398
05/15/2023 12:31:48.659253,2800,True,True,True,True,Eyes,0.9018324,-0.03314847,-3.601804,-0.7871361,-0.1946821,0.5852482,0.0,0.0,0.0,0.0,0.0,0.0,0.0,2.025362,0.9281043,2.833576,0.6961665,-0.02112131,-3.536598,0.1376982,-0.3841268,0.03748558,0.9121846,16.26085,314.0085,357.7673,0.2632411,-0.009186413,-0.9646861,0.0,0.0,0.0,-0.6547006,-0.2811382,-1.975306,0.2062713,0.3358512,2.060668,0.7020829,-0.03739962,0.7111124,-0.1741747,0.9592681,0.222414,-0.6904657,-0.2800108,0.6669716,moving,-53.36861,-18.39964,5.716222,9.256775
05/15/2023 12:31:48.669241,2801,True,True,True,True,Eyes,0.8926753,-0.03259596,-3.598578,-0.782073,-0.1941067,0.5921862,0.0,0.0,0.0,0.0,0.0,0.0,0.0,2.000681,0.9171942,2.847416,0.6872112,-0.01901922,-3.532581,0.136359,-0.3797164,0.03716832,0.914243,16.11447,314.5898,357.8767,0.2612097,-0.009160688,-0.9652384,0.0,0.0,0.0,-0.6453547,-0.2813526,-1.954895,0.2094921,0.3378937,2.06093,0.7088679,-0.0355937,0.7044426,-0.1715172,0.9600495,0.2211036,-0.6841696,-0.2775573,0.6744434,moving,-52.86697,-18.1481,5.80414,9.310923
05/15/2023 12:31:48.695030,2802,True,True,True,True,Eyes,0.8835356,-0.03200778,-3.595331,-0.7769651,-0.1933945,0.5991024,0.0,0.0,0.0,0.0,0.0,0.0,0.0,1.976005,0.8988464,2.863194,0.6781512,-0.01771083,-3.528484,0.1336806,-0.3753814,0.03614572,0.9164671,15.79312,315.1706,357.9686,0.2591697,-0.009123925,-0.9657885,0.0,0.0,0.0,-0.6369245,-0.2801868,-1.935044,0.2126333,0.3398853,2.061186,0.7155645,-0.03410973,0.6977134,-0.1666152,0.961646,0.2178909,-0.6783854,-0.2721646,0.6824366,moving,-52.36489,-17.89045,5.889835,9.363693
05/15/2023 12:31:48.709254,2803,True,True,True,True,Eyes,0.8744096,-0.03138452,-3.592058,-0.7718165,-0.1931011,0.6058146,0.0,0.0,0.0,0.0,0.0,0.0,0.0,1.954503,0.8847178,2.875709,0.6693687,-0.01630378,-3.524796,0.1317343,-0.3714796,0.03552051,0.9183612,15.56609,315.6877,358.0588,0.2571217,-0.009076225,-0.9663362,0.0,0.0,0.0,-0.6287643,-0.2705654,-1.914529,0.2159251,0.3419727,2.061453,0.7214824,-0.03263192,0.6916635,-0.1631145,0.9627687,0.2155691,-0.6729464,-0.2683497,0.689298,moving,-51.87091,-17.67948,5.979591,9.418971
05/15/2023 12:31:48.729280,2804,True,True,True,True,Eyes,0.8653036,-0.03077292,-3.58876,-0.7666338,-0.1926699,0.6124956,0.0,0.0,0.0,0.0,0.0,0.0,0.0,1.937071,0.8763147,2.883268,0.6605176,-0.01476978,-3.520924,0.1306689,-0.36826,0.03473887,0.9198388,15.42487,316.102,358.0779,0.2550662,-0.009017691,-0.9668813,0.0,0.0,0.0,-0.6210462,-0.2555457,-1.893724,0.2190471,0.3439525,2.061707,0.7263556,-0.0323319,0.6865582,-0.1601485,0.9634377,0.2148027,-0.668401,-0.2659745,0.6946205,moving,-51.37719,-17.46177,6.064669,9.471371
05/15/2023 12:31:48.738883,2805,True,True,True,True,Eyes,0.8562371,-0.03013848,-3.585477,-0.7613289,-0.1924371,0.6191497,0.0,0.0,0.0,0.0,0.0,0.0,0.0,1.915439,0.8673491,2.893775,0.6518304,-0.01453647,-3.517106,0.1291407,-0.3644965,0.03319551,0.921609,15.20265,316.5812,358.0429,0.253004,-0.008949676,-0.9674236,0.0,0.0,0.0,-0.6142982,-0.2437706,-1.875161,0.2222719,0.3459972,2.06197,0.7320808,-0.03295611,0.6804203,-0.1553292,0.9644414,0.2138352,-0.6632727,-0.2622338,0.7009299,moving,-50.88031,-17.2657,6.152494,9.525454
05/15/2023 12:31:48.758988,2806,True,True,True,True,Eyes,0.8472057,-0.02948362,-3.582155,-0.7558855,-0.1925089,0.6257614,0.0,0.0,0.0,0.0,0.0,0.0,0.0,1.897822,0.8906011,2.892509,0.6440945,-0.01323393,-3.513755,0.1330671,-0.3611054,0.03448472,0.9223378,15.68634,316.9718,358.0661,0.2509355,-0.008872444,-0.9679629,0.0,0.0,0.0,-0.6098582,-0.2352744,-1.858925,0.2254438,0.3480083,2.062228,0.7368275,-0.03248939,0.6752998,-0.1597156,0.9622079,0.2205604,-0.6569446,-0.2703709,0.7037921,moving,-50.38027,-17.09996,6.238831,9.578622
05/15/2023 12:31:48.779206,2807,True,True,True,True,Eyes,0.8382243,-0.02883571,-3.578834,-0.7503005,-0.1924362,0.6324693,0.0,0.0,0.0,0.0,0.0,0.0,0.0,1.869171,0.9133573,2.8971,0.6358294,-0.01195806,-3.509529,0.1367238,-0.3561063,0.03510506,0.9237221,16.11654,317.5608,358.06,0.2488621,-0.008786329,-0.9684988,0.0,0.0,0.0,-0.6029292,-0.2251263,-1.840695,0.2290188,0.3502751,2.062518,0.7439119,-0.0325218,0.667486,-0.1622311,0.9601485,0.2275874,-0.6482872,-0.2775919,0.7089898,moving,-49.87063,-16.923,6.336079,9.638515
05/15/2023 12:31:48.795016,2808,True,True,True,True,Eyes,0.8293151,-0.02816719,-3.575502,-0.7445514,-0.1926877,0.6391516,0.0,0.0,0.0,0.0,0.0,0.0,0.0,1.839497,0.9145654,2.909595,0.6284419,-0.01141955,-3.505831,0.1371688,-0.3508303,0.03635015,0.9256249,16.22674,318.2382,358.272,0.2467848,-0.008692345,-0.9690311,0.0,0.0,0.0,-0.5963948,-0.2396896,-1.827758,0.2318845,0.3520924,2.062752,0.7511935,-0.02895276,0.6594468,-0.1635392,0.9597268,0.2284283,-0.6395024,-0.2794392,0.7162055,moving,-49.35593,-16.7767,6.413987,9.686501
05/15/2023 12:31:48.809373,2809,True,True,True,True,Eyes,0.8204435,-0.02745975,-3.572125,-0.7387214,-0.1926763,0.6458843,0.0,0.0,0.0,0.0,0.0,0.0,0.0,1.811081,0.9303341,2.916606,0.6211772,-0.01018181,-3.502308,0.1402788,-0.3454365,0.03984965,0.9270424,16.71551,318.9245,358.6221,0.2447053,-0.008590677,-0.9695592,0.0,0.0,0.0,-0.5841983,-0.2523037,-1.809419,0.235023,0.3540825,2.063007,0.7581713,-0.02303017,0.6516488,-0.1707995,0.9574677,0.2325577,-0.6292884,-0.2876198,0.7219909,moving,-48.83591,-16.61058,6.49926,9.739021
05/15/2023 12:31:48.829202,2810,True,True,True,True,Eyes,0.8116159,-0.02673668,-3.568715,-0.7328058,-0.1923161,0.6526945,0.0,0.0,0.0,0.0,0.0,0.0,0.0,1.78073,0.9216012,2.930998,0.6131672,-0.008504406,-3.497864,0.1393761,-0.3400685,0.04081538,0.929119,16.66372,319.6276,358.8666,0.2426245,-0.008480993,-0.9700829,0.0,0.0,0.0,-0.5703176,-0.2531129,-1.789679,0.2382085,0.3561023,2.063266,0.7653752,-0.01895016,0.6433054,-0.1706395,0.9578168,0.231234,-0.6205506,-0.286754,0.7298555,moving,-48.30923,-16.41759,6.585765,9.792299
05/15/2023 12:31:48.839367,2811,True,True,True,True,Eyes,0.8028104,-0.02603853,-3.565294,-0.7267933,-0.1915449,0.6596075,0.0,0.0,0.0,0.0,0.0,0.0,0.0,1.749355,0.8945593,2.951657,0.6053277,-0.007485092,-3.493749,0.1351938,-0.3348773,0.03925062,0.9316863,16.15308,320.3126,358.9615,0.2405427,-0.008363593,-0.9706023,0.0,0.0,0.0,-0.555449,-0.2662907,-1.771766,0.2415199,0.358202,2.063535,0.7726331,-0.01740811,0.634614,-0.1636852,0.960364,0.225628,-0.6133882,-0.2782046,0.7391598,moving,-47.77442,-16.19289,6.675629,9.847649
05/15/2023 12:31:48.859341,2812,True,True,True,True,Eyes,0.794039,-0.02537538,-3.561831,-0.7207064,-0.1906271,0.6665161,0.0,0.0,0.0,0.0,0.0,0.0,0.0,1.719585,0.8819269,2.966531,0.5975492,-0.007410079,-3.489692,0.1330301,-0.3299609,0.03764082,0.9338159,15.86021,320.9335,358.9582,0.2384602,-0.008239882,-0.9711171,0.0,0.0,0.0,-0.5417038,-0.2599217,-1.750884,0.2446961,0.360216,2.063794,0.779418,-0.01749028,0.6262602,-0.1580886,0.9617723,0.2236113,-0.6062307,-0.2732912,0.7468576,moving,-47.23706,-15.9608,6.761773,9.900708
05/15/2023 12:31:48.869131,2813,True,True,True,True,Eyes,0.7852837,-0.02475511,-3.558353,-0.7145442,-0.1895065,0.6734344,0.0,0.0,0.0,0.0,0.0,0.0,0.0,1.691256,0.8704262,2.97939,0.5895333,-0.007627189,-3.485276,0.1310772,-0.3252327,0.03627117,0.9358027,15.5999,321.5292,358.9663,0.2363777,-0.008111416,-0.9716271,0.0,0.0,0.0,-0.5284313,-0.2380794,-1.728939,0.2480073,0.3623155,2.064063,0.7858161,-0.01737589,0.618216,-0.1531465,0.9630063,0.2217317,-0.5991987,-0.268918,0.7540849,moving,-46.69652,-15.71677,6.851522,9.955991
05/15/2023 12:31:48.895182,2814,True,True,True,True,Eyes,0.7765707,-0.02419087,-3.554833,-0.7083156,-0.188356,0.6803022,0.0,0.0,0.0,0.0,0.0,0.0,0.0,1.665653,0.8586925,2.990646,0.5818007,-0.008041978,-3.480971,0.1292224,-0.3208261,0.03571232,0.9376017,15.38081,322.0924,359.0523,0.2342945,-0.007979773,-0.9721327,0.0,0.0,0.0,-0.5157624,-0.2255958,-1.709212,0.2511247,0.3642921,2.064317,0.7915906,-0.01594799,0.6108438,-0.1498837,0.9640524,0.2194035,-0.5923844,-0.2652333,0.7607444,moving,-46.1557,-15.47587,6.935968,10.00801
05/15/2023 12:31:48.909091,2815,True,True,True,True,Eyes,0.7678993,-0.02369348,-3.551272,-0.7020349,-0.1873233,0.687064,0.0,0.0,0.0,0.0,0.0,0.0,0.0,1.64073,0.851817,2.999681,0.5740419,-0.00883393,-3.476503,0.12819,-0.3164165,0.03602579,0.9392286,15.28364,322.6565,359.2011,0.2322117,-0.007846779,-0.9726333,0.0,0.0,0.0,-0.5038491,-0.2145164,-1.690012,0.2542584,0.3662791,2.064571,0.7971655,-0.01344993,0.6036111,-0.1487957,0.9645389,0.2180011,-0.5851385,-0.2635976,0.7668959,moving,-45.61748,-15.25063,7.020803,10.06026
05/15/2023 12:31:48.919020,2816,True,True,True,True,Eyes,0.7592708,-0.02324734,-3.547674,-0.695662,-0.1864444,0.6937527,0.0,0.0,0.0,0.0,0.0,0.0,0.0,1.614602,0.8560413,3.005896,0.5664338,-0.009881198,-3.471918,0.1288483,-0.311775,0.0369322,0.9406545,15.39265,323.2378,359.3545,0.2301295,-0.007714348,-0.9731292,0.0,0.0,0.0,-0.4927767,-0.2047426,-1.672089,0.2574565,0.3683072,2.064832,0.8028648,-0.01086247,0.5960622,-0.1498242,0.9640683,0.2193744,-0.5770276,-0.2654325,0.772389,moving,-45.07874,-15.04267,7.107326,10.11357
05/15/2023 12:31:48.938984,2817,True,True,True,True,Eyes,0.7506697,-0.02287225,-3.544042,-0.6892099,-0.185774,0.7003412,0.0,0.0,0.0,0.0,0.0,0.0,0.0,1.58821,0.8655323,3.010716,0.5587725,-0.01063648,-3.46751,0.1302388,-0.3071352,0.03732925,0.9419727,15.56272,323.8037,359.4245,0.228049,-0.007583843,-0.9736199,0.0,0.0,0.0,-0.4816659,-0.1995114,-1.654754,0.2606182,0.3703121,2.065089,0.808549,-0.009675562,0.5883493,-0.1503281,0.9632888,0.2224325,-0.5689025,-0.268293,0.7774117,moving,-44.54103,-14.85626,7.192811,10.16624
05/15/2023 12:31:48.959331,2818,True,True,True,True,Eyes,0.74211,-0.02258573,-3.540391,-0.6826854,-0.1852826,0.7068317,0.0,0.0,0.0,0.0,0.0,0.0,0.0,1.561066,0.8751512,3.015481,0.5509433,-0.01192719,-3.462984,0.1314081,-0.3025128,0.03664513,0.943332,15.66987,324.3545,359.383,0.2259697,-0.007456959,-0.9741056,0.0,0.0,0.0,-0.4692852,-0.2019781,-1.637707,0.2638482,0.3723601,2.065352,0.8142863,-0.01036824,0.580371,-0.1486423,0.9627781,0.2257517,-0.5611091,-0.2700942,0.7824358,moving,-44.00444,-14.68853,7.280089,10.22001
05/15/2023 12:31:48.979237,2819,True,True,True,True,Eyes,0.7335874,-0.02237049,-3.536711,-0.6760399,-0.185154,0.7132236,0.0,0.0,0.0,0.0,0.0,0.0,0.0,1.535576,0.8922539,3.01753,0.5433187,-0.01373526,-3.458933,0.133607,-0.2981418,0.03586692,0.9444439,15.88786,324.8612,359.2899,0.2238923,-0.007335776,-0.9745861,0.0,0.0,0.0,-0.4565426,-0.2066115,-1.621076,0.2673124,0.3745568,2.065633,0.8196501,-0.01191907,0.5727406,-0.1474162,0.9617255,0.2309817,-0.5535722,-0.2737554,0.7865213,moving,-43.46684,-14.55283,7.373634,10.27765
05/15/2023 12:31:48.994742,2820,True,True,True,True,Eyes,0.7250934,-0.02222888,-3.53301,-0.6692992,-0.1851709,0.7195488,0.0,0.0,0.0,0.0,0.0,0.0,0.0,1.507938,0.9182921,3.017396,0.5355287,-0.01517221,-3.454677,0.1372232,-0.29342,0.03525781,0.9454266,16.26974,325.3975,359.1727,0.221817,-0.007221675,-0.9750613,0.0,0.0,0.0,-0.4441834,-0.210349,-1.604815,0.270167,0.3763667,2.065866,0.8253233,-0.0138607,0.5644904,-0.1471954,0.9598534,0.2387782,-0.5451376,-0.2801596,0.790149,moving,-42.9279,-14.43153,7.450667,10.32511
05/15/2023 12:31:49.009204,2821,True,True,True,True,Eyes,0.7250934,-0.02222888,-3.53301,-0.6692992,-0.1851709,0.7195488,0.0,0.0,0.0,0.0,0.0,0.0,0.0,1.479457,0.9335698,3.020695,0.527653,-0.01676878,-3.450543,0.1392003,-0.2885405,0.03456118,0.9466642,16.469,325.9691,359.1101,0.2197439,-0.007115977,-0.9755315,0.0,0.0,0.0,-0.4320734,-0.2186311,-1.589825,0.2734759,0.3784648,2.066135,0.8310998,-0.01489417,0.5559238,-0.1457655,0.9588576,0.2436072,-0.5366801,-0.2834964,0.7947353,moving,-42.9279,-14.43153,7.539907,10.3801
05/15/2023 12:31:49.018973,2822,True,True,True,True,Eyes,0.7250934,-0.02222888,-3.53301,-0.6692992,-0.1851709,0.7195488,0.0,0.0,0.0,0.0,0.0,0.0,0.0,1.45087,0.9425325,3.02589,0.5196953,-0.01843555,-3.446589,0.1402356,-0.2835914,0.03393775,0.9480286,16.56744,326.5599,359.0919,0.2178769,-0.007020805,-0.9759508,0.0,0.0,0.0,-0.4185984,-0.232707,-1.574879,0.2766799,0.3804964,2.066396,0.8368483,-0.01519134,0.547224,-0.1438871,0.9583644,0.2466459,-0.528187,-0.2851436,0.7998198,moving,-42.9279,-14.43153,7.626256,10.43331
05/15/2023 12:31:49.039227,2823,True,True,True,True,Eyes,0.7159685,-0.02221413,-3.528929,-0.6613668,-0.1846163,0.7269875,0.0,0.0,0.0,0.0,0.0,0.0,0.0,1.419263,0.9528545,3.03141,0.5114604,-0.01901594,-3.442344,0.1414928,-0.2783129,0.03232667,0.9494612,16.65917,327.1733,358.9609,0.2161963,-0.006935147,-0.976325,0.0,0.0,0.0,-0.4046273,-0.2400363,-1.559317,0.2798849,0.3825288,2.066656,0.8429939,-0.0173727,0.5376426,-0.1401444,0.9578696,0.25069,-0.5193466,-0.2866778,0.8050435,moving,-42.29393,-14.24889,7.71258,10.48651
05/15/2023 12:31:49.059261,2824,True,True,True,True,Eyes,0.7068774,-0.02228283,-3.524854,-0.6533273,-0.183876,0.7344066,0.0,0.0,0.0,0.0,0.0,0.0,0.0,1.381982,0.9451782,3.044428,0.5027587,-0.01987545,-3.437822,0.1397647,-0.272347,0.02902085,0.9515517,16.36731,327.8768,358.7519,0.214463,-0.006858644,-0.9767079,0.0,0.0,0.0,-0.3905594,-0.2436408,-1.543782,0.2829385,0.3844649,2.066904,0.8499697,-0.02089929,0.5264168,-0.1313586,0.9592472,0.2501791,-0.5101924,-0.281794,0.8125859,moving,-41.65626,-14.05639,7.794772,10.53716
05/15/2023 12:31:49.079224,2825,True,True,True,True,Eyes,0.6978143,-0.02238952,-3.520796,-0.6448721,-0.1829449,0.7420723,0.0,0.0,0.0,0.0,0.0,0.0,0.0,1.34676,0.9335008,3.056795,0.4948878,-0.02246839,-3.432748,0.1373884,-0.2666589,0.02682801,0.9535711,16.04111,328.5678,358.6819,0.2126822,-0.006792698,-0.9770976,0.0,0.0,0.0,-0.3750357,-0.2463616,-1.527424,0.2861818,0.3865216,2.067168,0.8563466,-0.02210687,0.5159282,-0.1244365,0.9608094,0.2477114,-0.5011848,-0.2763271,0.8200349,moving,-40.99113,-13.8491,7.882012,10.59094
05/15/2023 12:31:49.094671,2826,True,True,True,True,Eyes,0.6887825,-0.02251809,-3.516671,-0.6362808,-0.182027,0.7496752,0.0,0.0,0.0,0.0,0.0,0.0,0.0,1.312656,0.9511762,3.060674,0.4867049,-0.02351959,-3.429007,0.1398791,-0.2607456,0.02663516,0.9548488,16.3209,329.2636,358.6816,0.2108588,-0.006737316,-0.9774931,0.0,0.0,0.0,-0.3571098,-0.2358029,-1.508325,0.2893701,0.3885431,2.067427,0.8626046,-0.02208066,0.5053967,-0.1238108,0.9594488,0.2532368,-0.4904938,-0.2810169,0.8248911,moving,-40.32267,-13.64775,7.967714,10.64376
05/15/2023 12:31:49.109154,2827,True,True,True,True,Eyes,0.6797916,-0.0226785,-3.512526,-0.6273707,-0.1804854,0.7575164,0.0,0.0,0.0,0.0,0.0,0.0,0.0,1.273928,0.9532818,3.070034,0.4778388,-0.0237125,-3.424595,0.1399741,-0.2542783,0.02491138,0.9566239,16.2885,330.0281,358.5957,0.2089968,-0.006692064,-0.9778932,0.0,0.0,0.0,-0.3393875,-0.2249687,-1.4894,0.2926763,0.3906397,2.067696,0.869444,-0.02352311,0.4934713,-0.1188464,0.9595734,0.2551363,-0.4795235,-0.2804739,0.8314996,moving,-39.63136,-13.4014,8.056527,10.69851
05/15/2023 12:31:49.118891,2828,True,True,True,True,Eyes,0.6708087,-0.02287529,-3.508387,-0.6183016,-0.1788852,0.7653125,0.0,0.0,0.0,0.0,0.0,0.0,0.0,1.233643,0.9314904,3.087114,0.4691393,-0.02472916,-3.420397,0.1362397,-0.2476529,0.02227677,0.9589632,15.80306,330.8348,358.5258,0.2071012,-0.006656844,-0.9782966,0.0,0.0,0.0,-0.3210021,-0.2344339,-1.474189,0.2958839,0.3926733,2.067958,0.8763435,-0.02475511,0.48105,-0.1102055,0.961885,0.2502639,-0.4689101,-0.2723316,0.8402135,moving,-38.935,-13.15619,8.142629,10.75158
05/15/2023 12:31:49.139066,2829,True,True,True,True,Eyes,0.6618618,-0.0231043,-3.504217,-0.6089779,-0.176979,0.773191,0.0,0.0,0.0,0.0,0.0,0.0,0.0,1.192982,0.9255248,3.099188,0.460248,-0.02582888,-3.416471,0.1349779,-0.2408389,0.02038468,0.9609174,15.6181,331.6482,358.4625,0.2051741,-0.006631676,-0.9787027,0.0,0.0,0.0,-0.3008894,-0.2321552,-1.456674,0.2989558,0.3946212,2.068207,0.8831621,-0.02583989,0.4683556,-0.1041918,0.9627309,0.2495864,-0.4573497,-0.269224,0.8475552,moving,-38.22455,-12.89258,8.225037,10.80239
05/15/2023 12:31:49.159471,2830,True,True,True,True,Eyes,0.6529073,-0.02336085,-3.500047,-0.5995332,-0.1748983,0.7810061,0.0,0.0,0.0,0.0,0.0,0.0,0.0,1.152624,0.9146836,3.111579,0.4510868,-0.02687636,-3.412171,0.1329903,-0.2340905,0.01813343,0.9629053,15.34341,332.4531,358.3753,0.2032193,-0.006616487,-0.9791105,0.0,0.0,0.0,-0.2796916,-0.2139747,-1.437809,0.3021758,0.3966631,2.068469,0.8897457,-0.02734199,0.4556371,-0.09718508,0.9639695,0.2476244,-0.4459908,-0.2646038,0.8550305,moving,-37.51136,-12.62255,8.311357,10.85562
05/15/2023 12:31:49.169638,2831,True,True,True,True,Eyes,0.6439559,-0.02367905,-3.495873,-0.5899287,-0.1727769,0.7887536,0.0,0.0,0.0,0.0,0.0,0.0,0.0,1.114599,0.8982712,3.124353,0.441845,-0.02785259,-3.40805,0.1301625,-0.2276958,0.01550928,0.9648688,14.96579,333.2151,358.2593,0.2012387,-0.006611071,-0.9795196,0.0,0.0,0.0,-0.2574779,-0.2066572,-1.420352,0.3056977,0.3988962,2.068756,0.8958281,-0.02934606,0.4434307,-0.08920374,0.9656344,0.2441166,-0.4353558,-0.2582422,0.8624247,moving,-36.79374,-12.35552,8.405705,10.9138
05/15/2023 12:31:49.195027,2832,True,True,True,True,Eyes,0.6350036,-0.02403805,-3.491697,-0.5802062,-0.1707389,0.7963724,0.0,0.0,0.0,0.0,0.0,0.0,0.0,1.077866,0.8928024,3.133037,0.432755,-0.02969313,-3.403917,0.1289312,-0.2214679,0.01334629,0.9665148,14.78184,333.9473,358.1444,0.1992337,-0.00661621,-0.9799294,0.0,0.0,0.0,-0.2360769,-0.1965096,-1.403314,0.3085465,0.4007026,2.068987,0.9015477,-0.03130949,0.4315454,-0.08290701,0.9663972,0.2433163,-0.4246624,-0.2551394,0.8686574,moving,-36.07563,-12.10079,8.481965,10.96083
05/15/2023 12:31:49.209408,2833,True,True,True,True,Eyes,0.6260975,-0.02440035,-3.487496,-0.5703033,-0.1688889,0.8038847,0.0,0.0,0.0,0.0,0.0,0.0,0.0,1.041358,0.896332,3.138598,0.4236764,-0.03103203,-3.399731,0.1291704,-0.2152642,0.01137735,0.9679086,14.77054,334.6648,358.0094,0.1972063,-0.006632026,-0.9803393,0.0,0.0,0.0,-0.2181169,-0.1841887,-1.388964,0.3087001,0.4008,2.069,0.9070638,-0.03358705,0.4196513,-0.077636,0.9663711,0.2451521,-0.4137728,-0.2549486,0.8739527,moving,-35.35319,-11.86477,8.486074,10.96336
05/15/2023 12:31:49.229294,2834,True,True,True,True,Eyes,0.6171846,-0.0247757,-3.483266,-0.5601863,-0.1669363,0.8113714,0.0,0.0,0.0,0.0,0.0,0.0,0.0,1.000165,0.9019401,3.144514,0.4147692,-0.0314209,-3.395404,0.129853,-0.2084039,0.009222512,0.9693406,14.8084,335.4535,357.8515,0.1951593,-0.006657579,-0.9807487,0.0,0.0,0.0,-0.2007929,-0.17991,-1.375925,0.3087002,0.4007999,2.069,0.9129655,-0.03624425,0.4064239,-0.07200328,0.9661063,0.2478996,-0.4016336,-0.2555877,0.8794119,static,-34.62194,-11.62613,8.486078,10.96336
05/15/2023 12:31:49.239146,2835,True,True,True,True,Eyes,0.6083121,-0.02514087,-3.479019,-0.5497032,-0.1650197,0.8188986,0.0,0.0,0.0,0.0,0.0,0.0,0.0,0.9522837,0.8893349,3.156495,0.4055536,-0.03215039,-3.390533,0.1277542,-0.2004646,0.006982794,0.9713106,14.53537,336.3931,357.7706,0.1930935,-0.006692309,-0.9811572,0.0,0.0,0.0,-0.1835254,-0.1815676,-1.363719,0.3087002,0.4008,2.069,0.9195304,-0.03765544,0.3912109,-0.06478528,0.9672602,0.2453783,-0.3876425,-0.2509775,0.8869857,static,-33.87233,-11.39333,8.486078,10.96336
05/15/2023 12:31:49.259877,2836,True,True,True,True,Eyes,0.5994365,-0.02548575,-3.474743,-0.5389685,-0.1632392,0.826357,0.0,0.0,0.0,0.0,0.0,0.0,0.0,0.9045069,0.8868539,3.16549,0.3967287,-0.03225805,-3.386227,0.1273766,-0.1924122,0.005945355,0.9729941,14.48706,337.3461,357.7834,0.1910114,-0.00673504,-0.9815645,0.0,0.0,0.0,-0.1632373,-0.1842051,-1.351079,0.3087001,0.4008,2.069001,0.9258844,-0.03744803,0.3759464,-0.06058721,0.9674797,0.2455855,-0.3729172,-0.2501613,0.8935056,static,-33.11329,-11.17439,8.486073,10.96336
05/15/2023 12:31:49.278952,2837,True,True,True,True,Eyes,0.5906059,-0.02577554,-3.470443,-0.5278645,-0.1615103,0.8338307,0.0,0.0,0.0,0.0,0.0,0.0,0.0,0.8530529,0.8915588,3.172049,0.3876194,-0.03210263,-3.3813,0.1281345,-0.1838586,0.004561846,0.9745547,14.56189,338.3432,357.7365,0.188914,-0.006784433,-0.98197,0.0,0.0,0.0,-0.1385856,-0.1753693,-1.336245,0.3087001,0.4008,2.069,0.9323504,-0.03822572,0.3595295,-0.05600879,0.9671215,0.2480707,-0.3571913,-0.2514256,0.8995552,static,-32.33625,-10.96226,8.486075,10.96336
05/15/2023 12:31:49.295038,2838,True,True,True,True,Eyes,0.5817801,-0.02602481,-3.46613,-0.5164858,-0.1599438,0.8412255,0.0,0.0,0.0,0.0,0.0,0.0,0.0,0.7980721,0.8975515,3.178761,0.378686,-0.03103723,-3.376785,0.1291934,-0.1748262,0.002726956,0.9760827,14.66461,339.3871,357.6393,0.186803,-0.0068383,-0.9823733,0.0,0.0,0.0,-0.1132998,-0.1736363,-1.323079,0.3087001,0.4007999,2.069,0.9388567,-0.0398493,0.3419942,-0.05049624,0.9666032,0.2512534,-0.340585,-0.2531603,0.9054897,static,-31.5486,-10.76526,8.486073,10.96336
05/15/2023 12:31:49.309176,2839,True,True,True,True,Eyes,0.5730106,-0.02623093,-3.461797,-0.5048343,-0.1584517,0.848549,0.0,0.0,0.0,0.0,0.0,0.0,0.0,0.7425373,0.9042225,3.184348,0.3698,-0.03028974,-3.372148,0.130343,-0.1657234,0.0008210512,0.9775203,14.77939,340.4359,357.5344,0.1846793,-0.006895069,-0.9827744,0.0,0.0,0.0,-0.0860413,-0.1764803,-1.309707,0.3087,0.4007999,2.069,0.9450701,-0.04159657,0.32421,-0.04480695,0.96602,0.2545536,-0.3237819,-0.2550979,0.9110929,static,-30.75003,-10.57717,8.486073,10.96336
05/15/2023 12:31:49.329278,2840,True,True,True,True,Eyes,0.5642538,-0.02631431,-3.457445,-0.4929712,-0.1571985,0.8557266,0.0,0.0,0.0,0.0,0.0,0.0,0.0,0.6906456,0.9062359,3.189687,0.3612789,-0.02944736,-3.367635,0.1308708,-0.1570772,-0.0003220725,0.9788768,14.83945,341.4449,357.5249,0.182545,-0.006953243,-0.9831727,0.0,0.0,0.0,-0.05639818,-0.179713,-1.29705,0.3087001,0.4008,2.069,0.9506533,-0.04174416,0.3074341,-0.04048308,0.9657455,0.2563139,-0.3076027,-0.2561115,0.9163992,static,-29.9456,-10.40928,8.486074,10.96336
05/15/2023 12:31:49.338949,2841,True,True,True,True,Eyes,0.555539,-0.02632155,-3.45305,-0.4809418,-0.1556674,0.8628224,0.0,0.0,0.0,0.0,0.0,0.0,0.0,0.6402931,0.9173569,3.190919,0.3526629,-0.02653864,-3.362797,0.1331014,-0.1487519,-0.002019434,0.9798739,15.08456,342.3936,357.4145,0.1804009,-0.007009199,-0.983568,0.0,0.0,0.0,-0.02632028,-0.1837474,-1.284987,0.3087002,0.4008,2.069,0.9557376,-0.04355575,0.2909786,-0.03564059,0.9645599,0.2614459,-0.2920538,-0.2602443,0.9203137,static,-29.13553,-10.22709,8.486077,10.96336
05/15/2023 12:31:49.359296,2842,True,True,True,True,Eyes,0.546863,-0.02631101,-3.448668,-0.4687404,-0.1541794,0.8697765,0.0,0.0,0.0,0.0,0.0,0.0,0.0,0.5869373,0.8933272,3.2015,0.3441302,-0.02478483,-3.357542,0.1298041,-0.1400103,-0.004797038,0.9815931,14.68391,343.4152,357.2883,0.1782483,-0.007061001,-0.98396,0.0,0.0,0.0,0.002090008,-0.1851579,-1.273969,0.3087001,0.4008,2.069,0.9607482,-0.04576531,0.273621,-0.02693035,0.9662558,0.2561729,-0.2761117,-0.2534863,0.927096,static,-28.32114,-10.05202,8.486076,10.96336
05/15/2023 12:31:49.369091,2843,True,True,True,True,Eyes,0.5382562,-0.02626757,-3.44429,-0.4565973,-0.1530361,0.8764125,0.0,0.0,0.0,0.0,0.0,0.0,0.0,0.5406215,0.8897496,3.205496,0.3362246,-0.02436012,-3.35343,0.1295143,-0.1320433,-0.004764097,0.982735,14.67278,344.3624,357.4188,0.1760883,-0.007108553,-0.9843485,0.0,0.0,0.0,0.02915507,-0.1918344,-1.264056,0.3087001,0.4007999,2.069,0.9650838,-0.04356669,0.2582931,-0.02483931,0.9664066,0.2558146,-0.2607611,-0.2532983,0.9315812,static,-27.51881,-9.904929,8.486075,10.96336
05/15/2023 12:31:49.394934,2844,True,True,True,True,Eyes,0.5296959,-0.02616754,-3.439897,-0.4443532,-0.1519889,0.8828645,0.0,0.0,0.0,0.0,0.0,0.0,0.0,0.4997207,0.9160955,3.19956,0.3285652,-0.02342068,-3.349273,0.1339021,-0.1249023,-0.003926782,0.9830841,15.20617,345.1921,357.5548,0.1739228,-0.007151328,-0.984733,0.0,0.0,0.0,0.05864442,-0.1761006,-1.25224,0.3087001,0.4007999,2.069,0.968768,-0.04117005,0.2445272,-0.02572862,0.9641097,0.2642549,-0.2466304,-0.262293,0.9329394,static,-26.7165,-9.767966,8.486074,10.96336
05/15/2023 12:31:49.409099,2845,True,True,True,True,Eyes,0.3177846,-0.02193113,-3.3296,-0.1161646,-0.1161591,0.9864141,0.0,0.0,0.0,0.0,0.0,0.0,0.0,0.4588817,0.9174444,3.199463,0.320979,-0.0219501,-3.344448,0.1345324,-0.1179432,-0.004834277,0.9838532,15.28259,345.9993,357.5493,0.1717532,-0.007188173,-0.9851135,0.0,0.0,0.0,0.08467558,-0.1745478,-1.243722,0.3087001,0.4007999,2.069,0.9721321,-0.0412468,0.2307768,-0.02222193,0.9637553,0.2658606,-0.2333783,-0.26358,0.9359809,static,-6.716475,-6.716163,8.486076,10.96336
05/15/2023 12:31:49.428777,2846,True,True,True,True,Eyes,0.3174992,-0.02181995,-3.32938,-0.115583,-0.1160201,0.9864988,0.0,0.0,0.0,0.0,0.0,0.0,0.0,0.4194674,0.9114781,3.202103,0.3132279,-0.01989484,-3.340914,0.1340666,-0.1112424,-0.006857209,0.9846849,15.21852,346.765,357.4261,0.1610608,-0.007076012,-0.9869189,-0.6357339,0.01270923,0.3308909,0.1070336,-0.1923992,-1.237622,0.3087001,0.4007999,2.069,0.9751562,-0.04333215,0.2172387,-0.01632339,0.9639583,0.2655523,-0.2209159,-0.2625011,0.9393026,static,-6.682583,-6.707627,8.486073,10.96336
05/15/2023 12:31:49.439363,2847,True,True,True,True,Eyes,0.3169285,-0.02165198,-3.32898,-0.1140688,-0.1150181,0.9867924,0.0,0.0,0.0,0.0,0.0,0.0,0.0,0.3742027,0.8955637,3.205677,0.3059543,-0.01711491,-3.335345,0.1322572,-0.1040616,-0.0112374,0.9856739,14.97432,347.5593,357.0523,0.1522546,-0.00698508,-0.9883164,-0.5975899,0.01194667,0.3110375,0.12931,-0.1937569,-1.230106,0.3087001,0.4007999,2.069,0.9780898,-0.0496786,0.2021691,-0.005372967,0.9647635,0.2630636,-0.208114,-0.2583861,0.9433584,static,-6.593872,-6.648257,8.486074,10.96336
05/15/2023 12:31:49.459305,2848,True,True,True,True,Eyes,0.316107,-0.02147839,-3.328395,-0.1119791,-0.1137956,0.9871734,0.0,0.0,0.0,0.0,0.0,0.0,0.0,0.3232772,0.8481164,3.21723,0.2985092,-0.01584937,-3.329417,0.1254555,-0.09591047,-0.01619276,0.9873196,14.15956,348.4915,356.6867,0.1449764,-0.006909067,-0.9894108,-0.5617344,0.01122987,0.2923752,0.1506411,-0.190032,-1.224001,0.3087001,0.4007999,2.069,0.981078,-0.05603983,0.1853256,0.007909867,0.9679975,0.2508354,-0.1934515,-0.2446231,0.9501243,static,-6.47163,-6.575698,8.486075,10.96336
05/15/2023 12:31:49.479206,2849,True,True,True,True,Eyes,0.3150017,-0.02129836,-3.327612,-0.1089898,-0.112486,0.9876579,0.0,0.0,0.0,0.0,0.0,0.0,0.0,0.275798,0.8231661,3.222226,0.2915096,-0.01558326,-3.324332,0.1219786,-0.08809789,-0.01906822,0.9884313,13.75526,349.392,356.5065,0.1389367,-0.006844321,-0.9902774,-0.5280304,0.01055608,0.2748327,0.1751492,-0.1803745,-1.21569,0.3087,0.4007999,2.069,0.9837503,-0.05918735,0.1695056,0.01620314,0.9695153,0.2444946,-0.1788092,-0.2377751,0.95472,static,-6.297215,-6.497516,8.486073,10.96336
05/15/2023 12:31:49.495019,2850,True,True,True,True,Eyes,0.3136728,-0.0210945,-3.326641,-0.1054895,-0.1112808,0.9881743,0.0,0.0,0.0,0.0,0.0,0.0,0.0,0.2253512,0.8209335,3.220123,0.2842645,-0.01530081,-3.318564,0.1220565,-0.07980914,-0.02128144,0.9890804,13.7715,350.3344,356.3648,0.1338994,-0.006787909,-0.9909714,-0.4963486,0.009922717,0.2583427,0.2042872,-0.1513009,-1.205865,0.3087001,0.4007999,2.069,0.9863552,-0.06158056,0.1526802,0.02261567,0.9692987,0.2448442,-0.1630704,-0.2380504,0.9574655,static,-6.093356,-6.425153,8.486076,10.96336
05/15/2023 12:31:49.509198,2851,True,True,True,True,Eyes,0.3121665,-0.0208781,-3.325486,-0.1014476,-0.1102102,0.9887174,0.0,0.0,0.0,0.0,0.0,0.0,0.0,0.1786145,0.8206586,3.21682,0.277413,-0.01451789,-3.313027,0.1225035,-0.07190461,-0.02183083,0.9896192,13.84665,351.2523,356.4083,0.1296733,-0.006736964,-0.9915337,-0.4665676,0.009327354,0.2428422,0.2317313,-0.1372295,-1.198696,0.3087001,0.4007999,2.069,0.9887063,-0.06082554,0.1369677,0.02559127,0.9690326,0.2456031,-0.1476651,-0.2393241,0.9596453,static,-5.858349,-6.360381,8.486075,10.96336
05/15/2023 12:31:49.519032,2852,True,True,True,True,Eyes,0.3104743,-0.02064439,-3.324163,-0.09701252,-0.1093473,0.9892582,0.0,0.0,0.0,0.0,0.0,0.0,0.0,0.1352222,0.8242211,3.211711,0.2709825,-0.01396933,-3.307429,0.1234866,-0.06438883,-0.02100245,0.9900323,13.99321,352.1408,356.6034,0.1260589,-0.006688722,-0.992,-0.4385736,0.008767713,0.2282716,0.2604242,-0.1383422,-1.192302,0.3087001,0.4007999,2.069,0.990826,-0.05748853,0.122307,0.02568389,0.9686199,0.2472162,-0.1326811,-0.2418069,0.9612103,static,-5.600855,-6.307561,8.486075,10.96336
05/15/2023 12:31:49.538971,2853,True,True,True,True,Eyes,0.308633,-0.02042446,-3.322681,-0.09213471,-0.1088011,0.9897846,0.0,0.0,0.0,0.0,0.0,0.0,0.0,0.09506649,0.834425,3.204411,0.26469,-0.01330291,-3.302016,0.1254871,-0.05733838,-0.01984528,0.9902381,14.25562,352.9749,356.8242,0.122758,-0.006638512,-0.9924142,-0.4122592,0.00824165,0.2145754,0.2873647,-0.1400682,-1.186801,0.3087001,0.4008,2.069,0.992637,-0.05369357,0.1085766,0.02491266,0.9677183,0.2508,-0.118538,-0.2462484,0.9619306,static,-5.318089,-6.273,8.486074,10.96336
05/15/2023 12:31:49.558917,2854,True,True,True,True,Eyes,0.3066392,-0.02019372,-3.321067,-0.0869393,-0.1087001,0.9902655,0.0,0.0,0.0,0.0,0.0,0.0,0.0,0.05468151,0.8519456,3.194709,0.2587389,-0.01336409,-3.296641,0.1285153,-0.0503145,-0.0187721,0.9902525,14.63357,353.8014,357.0313,0.1197356,-0.006586983,-0.9927837,-0.3875236,0.00774715,0.2017008,0.3126274,-0.1437917,-1.181844,0.3087001,0.4008,2.069,0.9942321,-0.0501106,0.09482311,0.02424587,0.9662628,0.2564142,-0.1044731,-0.2526363,0.9619045,static,-5.017357,-6.264199,8.486073,10.96336
05/15/2023 12:31:49.579204,2855,True,True,True,True,Eyes,0.3045026,-0.01993861,-3.3193,-0.08140439,-0.1089162,0.9907122,0.0,0.0,0.0,0.0,0.0,0.0,0.0,0.01661974,0.882993,3.181002,0.2532126,-0.01296872,-3.291571,0.1337187,-0.04377016,-0.0180834,0.9898871,15.25705,354.5583,357.1775,0.1169599,-0.006533975,-0.9931149,-0.3642722,0.007282321,0.1895988,0.3358471,-0.1515045,-1.177744,0.3087001,0.4008,2.069,0.9955143,-0.04750685,0.08181887,0.02409528,0.9635846,0.2663159,-0.09149122,-0.2631499,0.960407,static,-4.697301,-6.27375,8.486074,10.96336
05/15/2023 12:31:49.594753,2856,True,True,True,True,Eyes,0.3022353,-0.01969595,-3.317386,-0.07561658,-0.1091533,0.9911447,0.0,0.0,0.0,0.0,0.0,0.0,0.0,-0.0203782,0.9040642,3.168851,0.2472943,-0.01205128,-3.286041,0.1375285,-0.0374308,-0.01861353,0.9896153,15.71231,355.2805,357.1934,0.1144024,-0.006478931,-0.993413,-0.3424159,0.006845382,0.1782228,0.3592213,-0.1642596,-1.174417,0.3087001,0.4008,2.069,0.9965049,-0.04713608,0.06896441,0.02654487,0.9614789,0.2735942,-0.07920398,-0.2708073,0.9593697,static,-4.362768,-6.284577,8.486074,10.96336
05/15/2023 12:31:49.609164,2857,True,True,True,True,Eyes,0.2998051,-0.01945123,-3.315349,-0.06954481,-0.1094308,0.9915586,0.0,0.0,0.0,0.0,0.0,0.0,0.0,-0.05483201,0.9026023,3.162916,0.2415242,-0.01192074,-3.280741,0.1377287,-0.03150623,-0.01993769,0.989768,15.74656,355.957,357.1327,0.112038,-0.006422463,-0.9936828,-0.3218709,0.006434659,0.1675295,0.38089,-0.1858866,-1.172492,0.3087001,0.4007999,2.069,0.9972196,-0.04814601,0.05687574,0.03078875,0.9612666,0.2738953,-0.06785971,-0.2713827,0.9600763,static,-4.011977,-6.297814,8.486076,10.96336
05/15/2023 12:31:49.619428,2858,True,True,True,True,Eyes,0.2972555,-0.01920707,-3.313162,-0.06324802,-0.1097307,0.991947,0.0,0.0,0.0,0.0,0.0,0.0,0.0,-0.08852401,0.9148635,3.152886,0.236132,-0.01164086,-3.275608,0.1401217,-0.02581802,-0.02148219,0.9895645,16.03411,356.5929,357.0327,0.1098424,-0.006364658,-0.9939283,-0.3025587,0.006048579,0.1574777,0.4016816,-0.2015419,-1.170159,0.3087001,0.4007999,2.069,0.9977439,-0.04975135,0.04507695,0.0352807,0.9598088,0.2784281,-0.05711743,-0.2762096,0.9593987,static,-3.648325,-6.312484,8.486074,10.96336
05/15/2023 12:31:49.639018,2859,True,True,True,True,Eyes,0.2945834,-0.01897528,-3.310848,-0.05672364,-0.1097267,0.9923419,0.0,0.0,0.0,0.0,0.0,0.0,0.0,-0.1227177,0.9123473,3.146006,0.2306129,-0.01139422,-3.269783,0.1402555,-0.01999703,-0.02329593,0.9896392,16.06174,357.2495,356.9149,0.1077962,-0.006305708,-0.9941526,-0.2844051,0.005685664,0.148029,0.4213043,-0.2029985,-1.167008,0.3087001,0.4008,2.069,0.9981148,-0.05171852,0.03304494,0.04049974,0.9595714,0.2785364,-0.04611447,-0.276673,0.9598571,static,-3.271546,-6.309765,8.486075,10.96336
05/15/2023 12:31:49.660475,2860,True,True,True,True,Eyes,0.2918164,-0.01876037,-3.308405,-0.05002734,-0.1097589,0.9926985,0.0,0.0,0.0,0.0,0.0,0.0,0.0,-0.1559391,0.9004335,3.141949,0.2254409,-0.01153982,-3.26435,0.1388018,-0.01420065,-0.02431258,0.9899199,15.90927,357.9224,356.8958,0.1058809,-0.006246105,-0.9943589,-0.2673408,0.005344525,0.1391473,0.4401002,-0.2137855,-1.165103,0.3087001,0.4007999,2.069,0.9984145,-0.05207717,0.02136576,0.04419287,0.9602859,0.2754959,-0.03486428,-0.2741148,0.9610648,static,-2.884997,-6.309351,8.486074,10.96336
05/15/2023 12:31:49.668815,2861,True,True,True,True,Eyes,0.288954,-0.01855725,-3.305827,-0.04317725,-0.1095447,0.9930436,0.0,0.0,0.0,0.0,0.0,0.0,0.0,-0.1864215,0.8998796,3.134258,0.2202992,-0.01172437,-3.258749,0.1391078,-0.008789824,-0.02485407,0.9899263,15.96058,358.5507,356.9204,0.1040803,-0.006186428,-0.9945494,-0.2513004,0.005023853,0.1307984,0.4595525,-0.2152001,-1.162,0.3087001,0.4007999,2.069,0.99861,-0.05165286,0.01048777,0.04676193,0.9600626,0.2758498,-0.02431734,-0.274976,0.9611435,static,-2.489636,-6.294965,8.486076,10.96336
05/15/2023 12:31:49.694869,2862,True,True,True,True,Eyes,0.2860332,-0.01837837,-3.303109,-0.03617207,-0.1092501,0.9933559,0.0,0.0,0.0,0.0,0.0,0.0,0.0,-0.2153113,0.8952967,3.127303,0.2156067,-0.01187176,-3.252893,0.1387692,-0.003603514,-0.02502152,0.990002,15.93718,359.161,356.987,0.1023812,-0.006127079,-0.9947261,-0.2362224,0.004722422,0.1229505,0.4792298,-0.2098771,-1.158892,0.3087001,0.4008,2.069,0.9987219,-0.05054283,0.0001905417,0.0485426,0.9602341,0.2749439,-0.0140794,-0.2745832,0.9614602,static,-2.085448,-6.276214,8.486073,10.96336
05/15/2023 12:31:49.710719,2863,True,True,True,True,Eyes,0.2830191,-0.01824502,-3.300255,-0.02895573,-0.1087836,0.9936436,0.0,0.0,0.0,0.0,0.0,0.0,0.0,-0.2453683,0.8849739,3.121359,0.2111912,-0.01229739,-3.24677,0.1375186,0.00172243,-0.02549111,0.9901696,15.80839,359.7856,357.0208,0.1007712,-0.006068749,-0.9948909,-0.222049,0.004439076,0.1155735,0.4969998,-0.2118019,-1.156344,0.3087001,0.4007999,2.069,0.9986944,-0.05000732,-0.010422,0.05095479,0.9608777,0.2722456,-0.003600006,-0.2724212,0.9621714,static,-1.669182,-6.247831,8.486074,10.96336
05/15/2023 12:31:49.729382,2864,True,True,True,True,Eyes,0.279967,-0.01816643,-3.297273,-0.02157643,-0.1084037,0.9938728,0.0,0.0,0.0,0.0,0.0,0.0,0.0,-0.2784317,0.8805835,3.113156,0.2070241,-0.01335469,-3.240626,0.1371489,0.007446229,-0.02617006,0.9901767,15.7829,0.4505938,357.0345,0.0992393,-0.006012746,-0.9950452,-0.2087261,0.004172732,0.1086391,0.5142378,-0.2107252,-1.153376,0.3087001,0.4008,2.069,0.9985194,-0.04978348,-0.02192456,0.05386845,0.9610106,0.2712135,0.007567776,-0.271993,0.9622694,static,-1.243664,-6.224757,8.486074,10.96336
05/15/2023 12:31:49.739302,2865,True,True,True,True,Eyes,0.2034047,-0.01725416,-3.219486,0.173764,-0.09530748,0.9801645,2.102157,0.5686839,-0.2176055,-1.159026,-0.2354007,-0.4431647,-0.8649806,0.3059286,0.3906727,2.058266,0.2029625,-0.01457813,-3.234527,0.1378902,0.01311956,-0.02644434,0.9900076,15.88567,1.113096,357.0952,0.09777687,-0.005960508,-0.9951903,-0.1962025,0.003922368,0.1021207,0.5324625,-0.2062545,-1.150138,0.3087001,0.4007999,2.069,0.9982572,-0.04874207,-0.03326976,0.05597831,0.960574,0.2723309,0.01868409,-0.2737187,0.9616283,static,10.05297,-5.553765,8.486075,10.96336
05/15/2023 12:31:49.759316,2866,True,True,True,True,Eyes,0.2032612,-0.01731539,-3.219232,0.1741567,-0.09530439,0.9800951,2.101939,0.569328,-0.2176394,-1.159132,-0.1929033,-0.4463469,-0.8738208,0.2886736,0.3961377,2.05399,0.1990476,-0.01554202,-3.228234,0.1394969,0.01838027,-0.0256859,0.9897186,16.08539,1.742452,357.2729,0.09406857,-0.005896884,-0.995548,-0.4141175,0.006423851,0.3293535,0.5525153,-0.2063035,-1.147756,0.3087001,0.4007999,2.069,0.9980048,-0.04571564,-0.0435488,0.0559716,0.9597617,0.2751812,0.02921639,-0.2770696,0.9604055,static,10.07593,-5.553977,8.486074,10.96336
05/15/2023 12:31:49.769387,2867,True,True,True,True,Eyes,0.2030055,-0.01742684,-3.218738,0.1751678,-0.09527434,0.9799179,0.0,0.0,0.0,0.0,0.0,0.0,0.0,-0.3673694,0.8915315,3.080403,0.1953722,-0.01708096,-3.221833,0.1395472,0.02340001,-0.02502704,0.9896225,16.10326,2.346094,357.4346,0.09096684,-0.005844244,-0.9958366,-0.3892705,0.00603842,0.3095923,0.5722181,-0.2109508,-1.146038,0.3087001,0.4007999,2.069,0.9976522,-0.04300383,-0.05329927,0.05606546,0.9598004,0.2750269,0.03932945,-0.2773694,0.959958,static,10.13501,-5.553235,8.486076,10.96336
05/15/2023 12:31:49.794770,2868,True,True,True,True,Eyes,0.2026317,-0.01758883,-3.217988,0.1765421,-0.09528474,0.9796702,0.0,0.0,0.0,0.0,0.0,0.0,0.0,-0.3939783,0.8999131,3.067858,0.1919598,-0.01846026,-3.215529,0.1411333,0.02811419,-0.02526024,0.9892689,16.29947,2.896136,357.4895,0.0881675,-0.00580036,-0.9960885,-0.3659143,0.005676115,0.2910168,0.5900139,-0.2182391,-1.144306,0.3087001,0.4008,2.069,0.997143,-0.04204263,-0.06275509,0.05791402,0.9588866,0.2778172,0.04849485,-0.2806578,0.958582,static,10.21539,-5.555232,8.486074,10.96336
05/15/2023 12:31:49.809141,2869,True,True,True,True,Eyes,0.2021902,-0.01780893,-3.216999,0.1784395,-0.09501836,0.9793523,0.0,0.0,0.0,0.0,0.0,0.0,0.0,-0.4234761,0.8994413,3.056565,0.188664,-0.01982448,-3.208571,0.1414291,0.03321063,-0.0262925,0.9890418,16.35004,3.480655,357.4546,0.08563753,-0.005765982,-0.9963095,-0.3439594,0.005335548,0.2735558,0.6071911,-0.2195457,-1.141903,0.3087001,0.4007999,2.069,0.9964115,-0.04261487,-0.07313045,0.06140266,0.9586131,0.2780121,0.05825635,-0.2815049,0.9577898,static,10.32611,-5.541586,8.486073,10.96336
05/15/2023 12:31:49.829456,2870,True,True,True,True,Eyes,0.2016551,-0.01809072,-3.215764,0.1806491,-0.09467294,0.9789805,0.0,0.0,0.0,0.0,0.0,0.0,0.0,-0.4509102,0.888335,3.048509,0.1855769,-0.02132446,-3.201714,0.1399191,0.03810244,-0.026696,0.9890693,16.18941,4.05449,357.4847,0.08334832,-0.005742009,-0.9965037,-0.3233218,0.005015415,0.2571424,0.6233257,-0.2277982,-1.140246,0.3087001,0.4008,2.069,0.995671,-0.04214587,-0.08284245,0.0634709,0.95942,0.2747449,0.06790134,-0.2788136,0.9579417,static,10.45506,-5.523649,8.486075,10.96336
05/15/2023 12:31:49.839264,2871,True,True,True,True,Eyes,0.2010455,-0.01842998,-3.214279,0.1833535,-0.09408115,0.9785347,0.0,0.0,0.0,0.0,0.0,0.0,0.0,-0.4784037,0.8793385,3.039194,0.1827096,-0.02311049,-3.194509,0.1387096,0.04300811,-0.026983,0.989031,16.06318,4.631066,357.5283,0.08127375,-0.005729374,-0.9966751,-0.3039225,0.00471449,0.2417139,0.6413989,-0.2312013,-1.138052,0.3087001,0.4007999,2.069,0.9948444,-0.04144276,-0.09255829,0.06530532,0.9600632,0.2720552,0.07758709,-0.2766972,0.9578199,static,10.61277,-5.491818,8.486074,10.96336
05/15/2023 12:31:49.859262,2872,True,True,True,True,Eyes,0.2003702,-0.01882885,-3.21255,0.186424,-0.09336578,0.9780229,0.0,0.0,0.0,0.0,0.0,0.0,0.0,-0.508953,0.8633807,3.030722,0.1801056,-0.02490109,-3.186954,0.13642,0.04839657,-0.0274068,0.9890887,15.81402,5.26321,357.5571,0.07939029,-0.005728779,-0.9968269,-0.2856871,0.004431621,0.227211,0.6588677,-0.2266649,-1.135187,0.3087001,0.4008001,2.069001,0.9938133,-0.04101099,-0.1032147,0.06742002,0.9612769,0.2672101,0.08825932,-0.2725157,0.9580947,static,10.79187,-5.453147,8.486072,10.96336
05/15/2023 12:31:49.878905,2873,True,True,True,True,Eyes,0.1996466,-0.01927628,-3.210582,0.1899447,-0.09255607,0.9774224,0.0,0.0,0.0,0.0,0.0,0.0,0.0,-0.543304,0.8492138,3.020581,0.1777508,-0.02676718,-3.179299,0.1344367,0.054384,-0.02782201,0.9890375,15.60192,5.965192,357.5953,0.0776776,-0.005740931,-0.9969618,-0.2685459,0.004165724,0.2135784,0.6765202,-0.2235971,-1.132312,0.3087001,0.4008001,2.069,0.9925366,-0.04041161,-0.1150562,0.06965645,0.9623054,0.2628998,0.100095,-0.2689521,0.9579383,static,10.99734,-5.409439,8.486074,10.96336
05/15/2023 12:31:49.894738,2874,True,True,True,True,Eyes,0.1988734,-0.01975308,-3.20837,0.1938404,-0.09178647,0.9767298,0.0,0.0,0.0,0.0,0.0,0.0,0.0,-0.5796084,0.8413385,3.007674,0.1754789,-0.02842993,-3.171482,0.1335042,0.06072668,-0.02800677,0.9887896,15.51059,6.711497,357.6702,0.07611724,-0.005766127,-0.9970819,-0.2524332,0.003915781,0.2007637,0.6965263,-0.2161165,-1.129421,0.3087001,0.4007999,2.069,0.9910558,-0.03917107,-0.1275698,0.07160012,0.9627845,0.2606135,0.1126138,-0.2674165,0.9569778,static,11.22499,-5.368505,8.486076,10.96336
05/15/2023 12:31:49.909168,2875,True,True,True,True,Eyes,0.1980871,-0.02026191,-3.205923,0.198156,-0.09105948,0.9759315,0.0,0.0,0.0,0.0,0.0,0.0,0.0,-0.6176236,0.8384762,2.992183,0.1734064,-0.02961574,-3.163339,0.1335101,0.06733422,-0.02829872,0.9883525,15.52869,7.486925,357.7422,0.0746932,-0.005804039,-0.9971894,-0.2372872,0.003680834,0.1887179,0.7191619,-0.2100123,-1.127472,0.3087001,0.4007998,2.069,0.9893306,-0.03795861,-0.1406562,0.07391779,0.9627485,0.2600991,0.1255435,-0.2677209,0.9552823,static,11.47748,-5.330561,8.486074,10.96335
05/15/2023 12:31:49.929106,2876,True,True,True,True,Eyes,0.1972702,-0.02079225,-3.203243,0.2027845,-0.0903645,0.975045,0.0,0.0,0.0,0.0,0.0,0.0,0.0,-0.6552623,0.8335093,2.976653,0.1714706,-0.0309139,-3.15503,0.1331142,0.07397477,-0.02818597,0.9879342,15.49689,8.273105,357.8592,0.07339164,-0.005854469,-0.9972858,-0.22305,0.003459984,0.1773948,0.7431132,-0.207923,-1.126422,0.3087002,0.4007998,2.069,0.9874666,-0.03599758,-0.1536683,0.07538594,0.9629724,0.2588459,0.1386605,-0.2671861,0.9536167,static,11.74858,-5.294891,8.486077,10.96336
05/15/2023 12:31:49.939094,2877,True,True,True,True,Eyes,0.1964615,-0.0213234,-3.200325,0.2076924,-0.0896709,0.9740754,0.0,0.0,0.0,0.0,0.0,0.0,0.0,-0.690452,0.8320777,2.96012,0.1698212,-0.03197479,-3.146669,0.133267,0.08027197,-0.02764441,0.9874372,15.5229,9.025926,358.0254,0.07219987,-0.005916906,-0.9973724,-0.209667,0.003252385,0.1667511,0.7681887,-0.2093787,-1.126033,0.3087001,0.4008,2.069,0.9855844,-0.03319903,-0.1658952,0.07598944,0.9629514,0.2587473,0.1511589,-0.2676236,0.9515927,static,12.03637,-5.259679,8.486076,10.96336
05/15/2023 12:31:49.959303,2878,True,True,True,True,Eyes,0.1956408,-0.02185883,-3.197174,0.2128585,-0.0888533,0.9730346,0.0,0.0,0.0,0.0,0.0,0.0,0.0,-0.7260379,0.8234574,2.944439,0.1682988,-0.03253941,-3.137762,0.1323866,0.08664704,-0.02744874,0.9870222,15.43195,9.782172,358.1426,0.07110781,-0.00599024,-0.9974504,-0.1970869,0.003057242,0.156746,0.7934049,-0.2088753,-1.125688,0.3087001,0.4007999,2.069,0.9834777,-0.03124321,-0.1783128,0.07712683,0.9634407,0.2565803,0.1637774,-0.2660937,0.9499322,static,12.33949,-5.217532,8.486074,10.96336
05/15/2023 12:31:49.979562,2879,True,True,True,True,Eyes,0.19483,-0.02239544,-3.193798,0.2179427,-0.08816142,0.9719714,0.0,0.0,0.0,0.0,0.0,0.0,0.0,-0.7583817,0.8092712,2.930764,0.1670986,-0.03322326,-3.128963,0.1305155,0.09250832,-0.02714791,0.9867478,15.22407,10.47814,358.2523,0.07010534,-0.006073612,-0.9975209,-0.1852617,0.002873807,0.1473413,0.8172755,-0.2099858,-1.125329,0.3087001,0.4008,2.069,0.9814104,-0.02942874,-0.1896512,0.0777238,0.9644574,0.2525489,0.1754783,-0.2625945,0.9488159,static,12.63825,-5.182759,8.486075,10.96336
05/15/2023 12:31:49.995039,2880,True,True,True,True,Eyes,0.1940198,-0.02293102,-3.190202,0.2232424,-0.08748291,0.9708293,0.0,0.0,0.0,0.0,0.0,0.0,0.0,-0.7885692,0.7998365,2.915706,0.1659573,-0.03378704,-3.119974,0.1295414,0.0979429,-0.02753691,0.9863409,15.12573,11.11353,358.2817,0.06918443,-0.006166117,-0.9975846,-0.174146,0.002701379,0.1385008,0.8416663,-0.2065852,-1.12456,0.3087001,0.4008,2.069,0.9792979,-0.02894622,-0.2003445,0.07969685,0.9649215,0.2501498,0.1860758,-0.260938,0.9472524,static,12.95006,-5.149103,8.486075,10.96336
05/15/2023 12:31:50.009289,2881,True,True,True,True,Eyes,0.1932413,-0.02344581,-3.186397,0.2285019,-0.08699236,0.969649,0.0,0.0,0.0,0.0,0.0,0.0,0.0,-0.8191574,0.7919611,2.899737,0.165083,-0.03429258,-3.110991,0.1290016,0.1032998,-0.02892089,0.9858252,15.08912,11.72508,358.1975,0.06833682,-0.006266948,-0.9976424,-0.1636973,0.002539296,0.1301907,0.8642763,-0.1990615,-1.123187,0.3087001,0.4008,2.069,0.9769855,-0.0303702,-0.2111328,0.08367357,0.9650443,0.2483711,0.1962094,-0.2603212,0.9453755,static,13.26007,-5.126584,8.486073,10.96336
05/15/2023 12:31:50.029304,2882,True,True,True,True,Eyes,0.1739679,-0.03377773,-3.085993,0.3605127,-0.07800188,0.9294871,2.101412,0.9315537,-0.1976918,-1.132757,0.417587,-0.08369891,-0.9047737,0.3178456,0.3967776,2.057806,0.1641993,-0.0342533,-3.101889,0.1288956,0.1082239,-0.03032507,0.9852685,15.10314,12.28601,358.109,0.06755712,-0.00637464,-0.9976948,-0.1538754,0.002386938,0.1223793,0.8852,-0.1958631,-1.121695,0.3087,0.4008,2.069,0.974736,-0.03185749,-0.2210767,0.08765583,0.9649326,0.2474298,0.2054416,-0.2605574,0.943347,static,21.19938,-4.79698,8.486073,10.96336
05/15/2023 12:31:50.039085,2883,True,True,True,True,Eyes,0.1739963,-0.03370116,-3.085616,0.3607002,-0.0779183,0.9294213,2.105082,0.9332997,-0.1977255,-1.129109,-0.5274194,0.2811358,-0.8017427,0.3036168,0.4011351,2.054886,0.1635571,-0.03218235,-3.092712,0.1302608,0.1123223,-0.03212742,0.9845729,15.2909,12.7454,357.9799,0.06643,-0.006829938,-0.9977674,-0.2024632,-0.02875203,0.4162501,0.9061722,-0.1954828,-1.120639,0.3087001,0.4007999,2.069,0.972703,-0.03400118,-0.2295488,0.09252594,0.9639999,0.2492853,0.212809,-0.2637198,0.9408317,static,21.21079,-4.792202,8.486074,10.96336
05/15/2023 12:31:50.059014,2884,True,True,True,True,Eyes,0.173996,-0.03357626,-3.084922,0.3612253,-0.07780635,0.9292268,2.104366,0.9341462,-0.1973093,-1.129489,-0.4706981,0.308681,-0.8265346,0.2876095,0.3874073,2.050754,0.1630162,-0.03021263,-3.082904,0.1270421,0.1169356,-0.03507095,0.984356,14.96989,13.24267,357.6666,0.06541725,-0.007237292,-0.9978315,-0.1903154,-0.02702691,0.391275,0.9252916,-0.196436,-1.11918,0.3087001,0.4007998,2.069,0.9701923,-0.03933311,-0.2391234,0.09875607,0.9652606,0.2419073,0.2213014,-0.2583115,0.9403728,static,21.24297,-4.786346,8.486074,10.96336
05/15/2023 12:31:50.079252,2885,True,True,True,True,Eyes,0.1739546,-0.03335619,-3.083882,0.3619051,-0.07805999,0.928941,0.0,0.0,0.0,0.0,0.0,0.0,0.0,-0.921778,0.7442859,2.841803,0.1622715,-0.02889647,-3.074461,0.1258941,0.121365,-0.03779856,0.9838662,14.88624,13.72485,357.4013,0.06450708,-0.007600065,-0.997888,-0.1788964,-0.02540529,0.3677985,0.9412169,-0.2019436,-1.11708,0.3087,0.4008,2.069,0.9676836,-0.04381916,-0.2483311,0.1049357,0.9654438,0.2385511,0.2292966,-0.2569008,0.9388424,static,21.28534,-4.803347,8.486073,10.96336
05/15/2023 12:31:50.094819,2886,True,True,True,True,Eyes,0.1738951,-0.03304041,-3.082498,0.3629462,-0.07791546,0.9285468,0.0,0.0,0.0,0.0,0.0,0.0,0.0,-0.9451622,0.7520145,2.821895,0.1615932,-0.0262921,-3.06515,0.1289103,0.1253646,-0.04123335,0.9828356,15.29173,14.1493,357.1043,0.06368847,-0.007919786,-0.9979382,-0.1681627,-0.02388098,0.3457306,0.9599687,-0.1899248,-1.114134,0.3087001,0.4007999,2.069,0.965167,-0.0487296,-0.2570565,0.1133728,0.9633638,0.2430569,0.2357949,-0.2637337,0.9353317,static,21.34931,-4.79652,8.486076,10.96336
05/15/2023 12:31:50.110493,2887,True,True,True,True,Eyes,0.1738106,-0.03266027,-3.080815,0.3642658,-0.07760306,0.9280561,0.0,0.0,0.0,0.0,0.0,0.0,0.0,-0.9713672,0.7080422,2.813734,0.1610383,-0.02371943,-3.055402,0.1230947,0.1302029,-0.04405391,0.9828297,14.68082,14.67646,356.7679,0.06295238,-0.008197756,-0.9979826,-0.1580729,-0.02244812,0.3249868,0.9774686,-0.1870013,-1.113045,0.3087001,0.4008,2.069,0.9622129,-0.05454039,-0.2667802,0.1186496,0.9658139,0.2304904,0.245089,-0.2534342,0.9357898,static,21.43021,-4.779892,8.486076,10.96336
05/15/2023 12:31:50.129303,2888,True,True,True,True,Eyes,0.1737081,-0.03229152,-3.078843,0.3659606,-0.07709952,0.9274311,0.0,0.0,0.0,0.0,0.0,0.0,0.0,-0.9968293,0.6783745,2.802367,0.1603769,-0.02181938,-3.04646,0.1194076,0.1350018,-0.0460587,0.9825452,14.30495,15.21418,356.5525,0.06229006,-0.008436248,-0.9980221,-0.1485885,-0.02110123,0.3054876,0.9928398,-0.2008839,-1.111884,0.3087001,0.4008,2.069,0.9593062,-0.05826902,-0.2762903,0.12275,0.9672408,0.2222107,0.2542912,-0.2470827,0.9350327,static,21.53399,-4.752205,8.486073,10.96336
05/15/2023 12:31:50.139564,2889,True,True,True,True,Eyes,0.1735865,-0.03192608,-3.076631,0.3679441,-0.07678961,0.9266717,0.0,0.0,0.0,0.0,0.0,0.0,0.0,-1.025774,0.6557336,2.787426,0.1597746,-0.02176063,-3.037424,0.1164406,0.1405511,-0.04692805,0.9820819,13.9987,15.85787,356.4877,0.06169472,-0.008639455,-0.9980575,-0.1396732,-0.01983516,0.2871583,1.012717,-0.1778132,-1.109227,0.3087001,0.4008,2.069,0.9560863,-0.05944265,-0.2869941,0.1249061,0.9684787,0.2155168,0.2651368,-0.2418999,0.9333739,static,21.65604,-4.737051,8.486075,10.96336
05/15/2023 12:31:50.159483,2890,True,True,True,True,Eyes,0.173447,-0.03152187,-3.074171,0.3702181,-0.07675076,0.9257689,0.0,0.0,0.0,0.0,0.0,0.0,0.0,-1.051788,0.6548014,2.76898,0.1589316,-0.02145059,-3.029283,0.1169665,0.1456418,-0.04683744,0.9812817,14.07531,16.46218,356.5807,0.06115934,-0.00881114,-0.9980888,-0.1312928,-0.01864505,0.2699288,1.031842,-0.1633512,-1.108107,0.3087,0.4007999,2.069,0.9531894,-0.05785101,-0.2967881,0.1259919,0.9682502,0.2159111,0.2748745,-0.2431971,0.9302146,static,21.79664,-4.739262,8.486073,10.96336
05/15/2023 12:31:50.179157,2891,True,True,True,True,Eyes,0.1732816,-0.03104768,-3.071457,0.3729741,-0.07656365,0.9246775,0.0,0.0,0.0,0.0,0.0,0.0,0.0,-1.078381,0.6660863,2.746587,0.1583067,-0.0200631,-3.020737,0.1200017,0.1506922,-0.04763767,0.9801134,14.45313,17.05191,356.6128,0.06067681,-0.00895358,-0.9981171,-0.1234153,-0.01752635,0.2537331,1.053549,-0.1524354,-1.108489,0.3087,0.4008,2.069,0.950045,-0.05721398,-0.3068241,0.1295473,0.9666604,0.2208734,0.2839577,-0.2495879,0.9257829,static,21.96697,-4.733315,8.486073,10.96336
05/15/2023 12:31:50.194787,2892,True,True,True,True,Eyes,0.173099,-0.0305422,-3.068506,0.3760643,-0.07597189,0.9234738,0.0,0.0,0.0,0.0,0.0,0.0,0.0,-1.105123,0.6429092,2.731647,0.1577127,-0.01794671,-3.011864,0.117179,0.1560461,-0.04815424,0.9795917,14.15842,17.67767,356.5842,0.06024197,-0.009067322,-0.9981423,-0.1160103,-0.01647476,0.2385091,1.072394,-0.1544094,-1.10975,0.3087001,0.4008,2.069,0.9466617,-0.05777233,-0.3170082,0.1309136,0.9679005,0.2145466,0.2944375,-0.2446037,0.9238374,static,22.15753,-4.70299,8.486075,10.96336
05/15/2023 12:31:50.209331,2893,True,True,True,True,Eyes,0.1728815,-0.03002798,-3.065325,0.3795385,-0.07514896,0.9221188,0.0,0.0,0.0,0.0,0.0,0.0,0.0,-1.133009,0.6062341,2.718878,0.1570463,-0.01678199,-3.003096,0.1117277,0.1617956,-0.0481016,0.9792984,13.55595,18.3558,356.5762,0.05984969,-0.009154305,-0.9981644,-0.1090497,-0.01548628,0.2241985,1.091017,-0.1666849,-1.111483,0.3087002,0.4008,2.069,0.9430168,-0.05805753,-0.3276409,0.1303657,0.9704063,0.2032643,0.3061438,-0.2343948,0.9226782,static,22.37177,-4.659078,8.486079,10.96336
05/15/2023 12:31:50.229446,2894,True,True,True,True,Eyes,0.1726485,-0.02950361,-3.061917,0.3832583,-0.07415026,0.9206599,0.0,0.0,0.0,0.0,0.0,0.0,0.0,-1.157337,0.5796664,2.704719,0.1561543,-0.01612899,-2.994379,0.1078321,0.1669563,-0.04789584,0.978879,13.12652,18.96698,356.5997,0.05949542,-0.009216875,-0.9981845,-0.1025067,-0.0145571,0.2107466,1.111609,-0.1539317,-1.112315,0.3087,0.4008,2.069,0.9396631,-0.05776195,-0.3371895,0.1297749,0.9721565,0.1951161,0.3165306,-0.2271021,0.9209956,static,22.60131,-4.604682,8.486072,10.96336
05/15/2023 12:31:50.239234,2895,True,True,True,True,Eyes,0.1723946,-0.02897998,-3.0583,0.387242,-0.07325717,0.9190631,0.0,0.0,0.0,0.0,0.0,0.0,0.0,-1.181581,0.557033,2.688998,0.1554999,-0.01540107,-2.985416,0.1048096,0.1720093,-0.04850369,0.9783024,12.81226,19.55555,356.5402,0.05917525,-0.009257181,-0.9982028,-0.09635633,-0.01368368,0.1981018,1.133818,-0.1307285,-1.113749,0.3087,0.4008,2.069,0.9361204,-0.05884609,-0.3467214,0.130959,0.9733247,0.1883848,0.3263868,-0.2217571,0.9188555,static,22.84785,-4.557327,8.486072,10.96336
05/15/2023 12:31:50.259089,2896,True,True,True,True,Eyes,0.1721259,-0.0284656,-3.05449,0.3914636,-0.072476,0.917335,0.0,0.0,0.0,0.0,0.0,0.0,0.0,-1.206152,0.5429067,2.67116,0.1547166,-0.01488565,-2.976658,0.103301,0.1770966,-0.04943959,0.9775078,12.67769,20.14572,356.4702,0.05888547,-0.009277503,-0.9982195,-0.09057495,-0.01286266,0.1862157,1.153144,-0.1141942,-1.114726,0.3087,0.4007999,2.069,0.932385,-0.06006664,-0.356441,0.1332437,0.9737692,0.184444,0.3360123,-0.2194663,0.9159313,static,23.10988,-4.517391,8.486073,10.96336
05/15/2023 12:31:50.279321,2897,True,True,True,True,Eyes,0.1718533,-0.02794189,-3.050518,0.3959146,-0.07215791,0.9154479,0.0,0.0,0.0,0.0,0.0,0.0,0.0,-1.23273,0.5424587,2.649469,0.1540359,-0.0145819,-2.968102,0.104058,0.182547,-0.04985157,0.9764034,12.79161,20.78807,356.5102,0.05862293,-0.009280162,-0.9982348,-0.08514045,-0.0120909,0.1750428,1.172263,-0.1022739,-1.115832,0.3087001,0.4008,2.069,0.9283828,-0.05935954,-0.3668539,0.1353414,0.9733735,0.1850046,0.3461041,-0.2214056,0.911697,static,23.38761,-4.506879,8.486076,10.96336
05/15/2023 12:31:50.294777,2898,True,True,True,True,Eyes,0.1715737,-0.02738403,-3.046371,0.4005495,-0.07198924,0.9134427,0.0,0.0,0.0,0.0,0.0,0.0,0.0,-1.257935,0.55813,2.625013,0.1531677,-0.01375575,-2.959891,0.1073726,0.1878877,-0.04879513,0.9750839,13.16349,21.44074,356.7731,0.05838506,-0.009266629,-0.9982489,-0.08003202,-0.01136544,0.1645402,1.191157,-0.0972174,-1.117703,0.3087,0.4007999,2.069,0.9246345,-0.05481072,-0.376891,0.1355067,0.9721804,0.1910585,0.355934,-0.2277305,0.9063388,static,23.6777,-4.506217,8.486073,10.96336
05/15/2023 12:31:50.309974,2899,True,True,True,True,Eyes,0.1712624,-0.02683568,-3.042062,0.4054299,-0.0718673,0.9112967,0.0,0.0,0.0,0.0,0.0,0.0,0.0,-1.281522,0.5685387,2.601721,0.1526685,-0.01239291,-2.951445,0.1096978,0.1930489,-0.04709274,0.9738998,13.40612,22.08195,357.0906,0.05816948,-0.009237413,-0.9982617,-0.0752301,-0.01068352,0.1546678,1.210962,-0.1008664,-1.120899,0.3087002,0.4007999,2.069,0.9210287,-0.04937312,-0.3863525,0.1340813,0.9714973,0.1954869,0.3656887,-0.2318518,0.9013969,static,23.98397,-4.509166,8.486078,10.96336
05/15/2023 12:31:50.329397,2900,True,True,True,True,Eyes,0.163452,-0.01357111,-2.931214,0.5260709,-0.07266542,0.8473307,0.0,0.0,0.0,0.0,0.0,0.0,0.0,-1.303737,0.5679932,2.581485,0.1520772,-0.01214872,-2.94332,0.1095472,0.1981848,-0.04422234,0.9730195,13.33896,22.73136,357.4885,0.05797323,-0.009194397,-0.9982736,-0.07071629,-0.01004251,0.1453877,1.229341,-0.1122004,-1.124446,0.3087001,0.4008,2.069,0.9175344,-0.0426372,-0.3953641,0.1294796,0.9720876,0.1956547,0.3759864,-0.2307115,0.8974444,static,31.83435,-4.901581,8.486074,10.96336
05/15/2023 12:31:50.339074,2901,True,True,True,True,Eyes,0.1634482,-0.01354865,-2.930901,0.5263544,-0.07282779,0.8471406,0.0,0.0,0.0,0.0,0.0,0.0,0.0,-1.32173,0.5879605,2.559171,0.1516914,-0.0120679,-2.93579,0.112917,0.2024397,-0.04124507,0.9718884,13.66147,23.28897,357.968,0.05774397,-0.008738113,-0.9982912,-0.08990451,0.03035375,0.4692076,1.24734,-0.1179596,-1.12737,0.3087001,0.4008,2.069,0.9146341,-0.03445344,-0.4028121,0.125889,0.9710972,0.2027862,0.384183,-0.2361847,0.8925358,static,31.85395,-4.913578,8.486074,10.96336
05/15/2023 12:31:50.359711,2902,True,True,True,True,Eyes,0.1634454,-0.0135187,-2.930299,0.5269281,-0.07301236,0.846768,0.0,0.0,0.0,0.0,0.0,0.0,0.0,-1.340323,0.6014613,2.537129,0.1514872,-0.01153119,-2.927825,0.1155467,0.2067544,-0.03940495,0.9707467,13.92357,23.83987,358.3041,0.05753791,-0.008326418,-0.9983067,-0.08451024,0.02853253,0.4410551,1.265131,-0.1130403,-1.130138,0.3087,0.4008,2.069,0.9113997,-0.02872487,-0.4105185,0.124284,0.9701924,0.2080388,0.392306,-0.2406274,0.8878031,static,31.89324,-4.928125,8.486071,10.96336
05/15/2023 12:31:50.379025,2903,True,True,True,True,Eyes,0.1634311,-0.01348569,-2.929416,0.5277545,-0.07324234,0.8462332,0.0,0.0,0.0,0.0,0.0,0.0,0.0,-1.359783,0.6039056,2.517275,0.1514674,-0.01134232,-2.920156,0.116338,0.2111602,-0.03834178,0.9697458,13.99451,24.38568,358.5099,0.05735318,-0.007954397,-0.9983197,-0.07943963,0.02682058,0.4145918,1.27937,-0.1221542,-1.132205,0.3087,0.4007999,2.069,0.9078826,-0.02523166,-0.4184646,0.1234954,0.9699908,0.209444,0.4006222,-0.241829,0.8837537,static,31.94978,-4.94668,8.486072,10.96336
05/15/2023 12:31:50.394778,2904,True,True,True,True,Eyes,0.1634334,-0.01344148,-2.928254,0.5288529,-0.07339079,0.8455344,0.0,0.0,0.0,0.0,0.0,0.0,0.0,-1.377547,0.6093801,2.497396,0.1513435,-0.01118405,-2.912548,0.1178534,0.2151998,-0.03801157,0.9686873,14.1633,24.88213,358.6456,0.0571881,-0.007618592,-0.9983314,-0.07467325,0.02521134,0.3897163,1.294331,-0.1294036,-1.134306,0.3087002,0.4008,2.069,0.9044883,-0.02291858,-0.4258822,0.1243667,0.9693314,0.211966,0.407963,-0.2446863,0.8795992,static,32.02457,-4.960732,8.486078,10.96336
05/15/2023 12:31:50.409303,2905,True,True,True,True,Eyes,0.1634501,-0.01340506,-2.926821,0.5302005,-0.07278026,0.8447429,0.0,0.0,0.0,0.0,0.0,0.0,0.0,-1.397288,0.5993608,2.479509,0.151705,-0.01088798,-2.904562,0.1168013,0.2195611,-0.03830101,0.9678242,14.05806,25.3972,358.6504,0.05704182,-0.007315041,-0.9983418,-0.07019286,0.02369866,0.3663333,1.310115,-0.1307033,-1.136905,0.3087,0.4008,2.069,0.900652,-0.02284726,-0.4339401,0.1254273,0.969781,0.2092673,0.4160457,-0.2429049,0.8763009,static,32.11432,-4.924255,8.486072,10.96336
05/15/2023 12:31:50.429296,2906,True,True,True,True,Eyes,0.1634856,-0.01341698,-2.925129,0.5318444,-0.07195307,0.8437797,0.0,0.0,0.0,0.0,0.0,0.0,0.0,-1.417496,0.5772276,2.463803,0.1519295,-0.01110624,-2.896481,0.1134272,0.224121,-0.03852739,0.967171,13.69047,25.92589,358.6033,0.05691345,-0.007040827,-0.998351,-0.06598128,0.02227674,0.3443533,1.324481,-0.1360071,-1.139171,0.3087,0.4008,2.069,0.8965709,-0.02368232,-0.4422667,0.125368,0.9712998,0.2021374,0.4247865,-0.2366766,0.8738081,static,32.22372,-4.87409,8.486073,10.96336
05/15/2023 12:31:50.444207,2907,True,True,True,True,Eyes,0.1635397,-0.01349607,-2.923191,0.533759,-0.07064313,0.8426808,0.0,0.0,0.0,0.0,0.0,0.0,0.0,-1.439662,0.556406,2.446261,0.1523755,-0.01232663,-2.888432,0.1101275,0.2290612,-0.0387592,0.9663854,13.33285,26.50096,358.5595,0.05680234,-0.006794705,-0.998359,-0.06202241,0.02094014,0.3236921,1.340806,-0.1318232,-1.141578,0.3087001,0.4007999,2.069,0.8920574,-0.02446076,-0.4512596,0.1253645,0.9727393,0.1950948,0.4341858,-0.2306077,0.8708058,static,32.35041,-4.791983,8.486076,10.96336
05/15/2023 12:31:50.459279,2908,True,True,True,True,Eyes,0.163619,-0.01362513,-2.921012,0.5359623,-0.06943272,0.8413819,0.0,0.0,0.0,0.0,0.0,0.0,0.0,-1.461175,0.5476154,2.425982,0.1527028,-0.01405674,-2.880415,0.1088692,0.2339343,-0.03880588,0.9653582,13.20004,27.08033,358.5882,0.05670787,-0.006576198,-0.9983659,-0.05830106,0.01968373,0.3042706,1.357832,-0.1188039,-1.144083,0.3087001,0.4007999,2.069,0.8875377,-0.02398667,-0.4601103,0.1258596,0.9732832,0.1920395,0.4432113,-0.2283516,0.8668445,static,32.49723,-4.717487,8.486076,10.96336
05/15/2023 12:31:50.479220,2909,True,True,True,True,Eyes,0.1637092,-0.01381044,-2.918588,0.5384795,-0.06806491,0.8398851,0.0,0.0,0.0,0.0,0.0,0.0,0.0,-1.485302,0.545437,2.402147,0.1533496,-0.01537384,-2.872313,0.1091853,0.2392235,-0.039616,0.9639925,13.26539,27.7086,358.5788,0.05662971,-0.006384295,-0.9983717,-0.054803,0.01850271,0.2860144,1.37633,-0.1071312,-1.147844,0.3087001,0.4008,2.069,0.8824054,-0.02413966,-0.4698703,0.1286184,0.9730182,0.1915535,0.4525683,-0.2294618,0.8617013,static,32.66534,-4.633167,8.486075,10.96336
05/15/2023 12:31:50.499301,2910,True,True,True,True,Eyes,0.1638256,-0.01404456,-2.915945,0.5412955,-0.06689712,0.838167,0.0,0.0,0.0,0.0,0.0,0.0,0.0,-1.510802,0.5432231,2.376771,0.1539543,-0.01692536,-2.864029,0.1094345,0.2448968,-0.04021944,0.9625135,13.31847,28.38648,358.5972,0.05656706,-0.006218307,-0.9983765,-0.05151482,0.01739254,0.2688535,1.394134,-0.103829,-1.15198,0.3087,0.4008,2.069,0.8768159,-0.02382318,-0.4802357,0.1310238,0.972813,0.1909651,0.4626301,-0.2303635,0.8560992,static,32.85472,-4.563309,8.486073,10.96336
05/15/2023 12:31:50.509262,2911,True,True,True,True,Eyes,0.1639533,-0.01430434,-2.913075,0.5443967,-0.06578546,0.8362443,0.0,0.0,0.0,0.0,0.0,0.0,0.0,-1.537319,0.5485588,2.348749,0.1546576,-0.01830709,-2.855982,0.1111535,0.2507875,-0.0408236,0.9607726,13.53637,29.09989,358.6625,0.05651971,-0.006077359,-0.9983802,-0.04842393,0.01634899,0.2527223,1.413662,-0.1075966,-1.157727,0.3087,0.4007999,2.069,0.8708781,-0.02269258,-0.4909749,0.1341962,0.9719567,0.1931103,0.4728242,-0.2340625,0.8495011,static,33.06421,-4.498066,8.486072,10.96336
05/15/2023 12:31:50.529322,2912,True,True,True,True,Eyes,0.1641084,-0.01460264,-2.909984,0.54778,-0.06469932,0.8341169,0.0,0.0,0.0,0.0,0.0,0.0,0.0,-1.563679,0.5545705,2.319696,0.1552439,-0.01916942,-2.847659,0.1131226,0.2567768,-0.04138054,0.9589351,13.78066,29.8295,358.7452,0.05648696,-0.005959881,-0.998383,-0.0455185,0.01536805,0.237559,1.434324,-0.1109983,-1.16447,0.3086999,0.4008,2.069,0.8647067,-0.02126797,-0.5018266,0.137457,0.9709818,0.1957034,0.4831023,-0.2382057,0.8425379,static,33.29365,-4.435338,8.48607,10.96336
05/15/2023 12:31:50.539368,2913,True,True,True,True,Eyes,0.1642779,-0.01496344,-2.906682,0.5513985,-0.0635174,0.8318204,0.0,0.0,0.0,0.0,0.0,0.0,0.0,-1.589369,0.5482314,2.293167,0.1560161,-0.02039963,-2.839103,0.1126878,0.2627358,-0.04183842,0.9573512,13.75369,30.54421,358.7674,0.05646874,-0.005864902,-0.9983848,-0.04278738,0.01444597,0.2233054,1.455557,-0.1200275,-1.17253,0.3087001,0.4008,2.069,0.8584389,-0.02089386,-0.5124901,0.1393224,0.9711021,0.1937787,0.4936314,-0.2377485,0.8365428,static,33.53967,-4.366604,8.486074,10.96336
05/15/2023 12:31:50.559268,2914,True,True,True,True,Eyes,0.1644672,-0.01537266,-2.903173,0.5552514,-0.06256317,0.829326,0.0,0.0,0.0,0.0,0.0,0.0,0.0,-1.613876,0.5440128,2.266429,0.1564727,-0.02225147,-2.830595,0.1127937,0.268476,-0.04308229,0.9556894,13.81128,31.22698,358.7147,0.05646452,-0.005792379,-0.9983857,-0.04022014,0.01357921,0.2099071,1.476811,-0.129413,-1.180924,0.3087001,0.4007999,2.069,0.8521291,-0.02178174,-0.5228782,0.1429114,0.970843,0.1924584,0.5034404,-0.2387247,0.8303965,static,33.80315,-4.31414,8.486074,10.96336
05/15/2023 12:31:50.579550,2915,True,True,True,True,Eyes,0.1646914,-0.01583367,-2.899463,0.5592276,-0.06153943,0.8267269,0.0,0.0,0.0,0.0,0.0,0.0,0.0,-1.637956,0.5443777,2.238203,0.1571058,-0.02376674,-2.821977,0.1142363,0.2740397,-0.04539234,0.9538301,14.05202,31.88459,358.5834,0.056474,-0.005741798,-0.9983855,-0.03780693,0.01276446,0.1973127,1.49818,-0.1295336,-1.188836,0.3087001,0.4008,2.069,0.8456836,-0.02398257,-0.5331455,0.1492037,0.9697792,0.1930455,0.5124036,-0.2428027,0.8237046,static,34.07582,-4.2571,8.486074,10.96336
05/15/2023 12:31:50.595561,2916,True,True,True,True,Eyes,0.1649319,-0.01633723,-2.895555,0.5634201,-0.06061452,0.823944,0.0,0.0,0.0,0.0,0.0,0.0,0.0,-1.661941,0.5382035,2.210617,0.1577133,-0.02545178,-2.813009,0.1142641,0.2797859,-0.0471762,0.9520704,14.12118,32.56357,358.4702,0.05649744,-0.005712821,-0.9983846,-0.03553852,0.01199859,0.1854739,1.518422,-0.133783,-1.196779,0.3087001,0.4008,2.069,0.8389885,-0.02589116,-0.5435327,0.1537691,0.9694362,0.1911765,0.5219706,-0.2439734,0.8173271,static,34.36466,-4.20746,8.486076,10.96336
05/15/2023 12:31:50.609645,2917,True,True,True,True,Eyes,0.1651768,-0.01687204,-2.891434,0.5677588,-0.05955607,0.8210378,0.0,0.0,0.0,0.0,0.0,0.0,0.0,-1.684608,0.5332696,2.183355,0.1583173,-0.02695481,-2.804199,0.1144208,0.2853624,-0.04857295,0.9503247,14.19339,33.22898,358.4031,0.05653442,-0.005704835,-0.9983827,-0.03340621,0.01127868,0.1743455,1.538132,-0.1448415,-1.204941,0.3086999,0.4007999,2.069,0.832418,-0.02701737,-0.5534893,0.1576229,0.9690971,0.1897519,0.5312583,-0.2451955,0.8109524,static,34.66439,-4.148829,8.486071,10.96336
05/15/2023 12:31:50.629116,2918,True,True,True,True,Eyes,0.1654385,-0.01741917,-2.887109,0.5723202,-0.05846197,0.8179437,0.0,0.0,0.0,0.0,0.0,0.0,0.0,-1.707521,0.524521,2.15575,0.1588719,-0.0282778,-2.79499,0.1139445,0.2911313,-0.05004102,0.9485543,14.19969,33.91422,358.3102,0.05658421,-0.00571691,-0.9983799,-0.03140183,0.01060196,0.1638847,1.558297,-0.1496754,-1.213123,0.3087,0.4007999,2.069,0.8254769,-0.02858761,-0.5637115,0.1612789,0.9690251,0.1870281,0.5409038,-0.2453022,0.8045184,static,34.98072,-4.088225,8.486072,10.96336
05/15/2023 12:31:50.639830,2919,True,True,True,True,Eyes,0.1657171,-0.01798871,-2.88258,0.5769989,-0.05708865,0.8147472,0.0,0.0,0.0,0.0,0.0,0.0,0.0,-1.730305,0.5093401,2.128981,0.1595115,-0.0291238,-2.785615,0.1122602,0.2970097,-0.0513357,0.946862,14.06865,34.6084,358.1963,0.05664655,-0.005747563,-0.9983763,-0.02951772,0.009965838,0.1540516,1.577633,-0.1541906,-1.221148,0.3086998,0.4007999,2.069,0.8182998,-0.03053088,-0.5739803,0.1639004,0.9695246,0.1820955,0.5509284,-0.2430843,0.7983658,static,35.30589,-4.008116,8.486067,10.96336
05/15/2023 12:31:50.659575,2920,True,True,True,True,Eyes,0.1729471,-0.03302372,-2.764452,0.6916615,-0.02004094,0.7219438,0.0,0.0,0.0,0.0,0.0,0.0,0.0,-1.751781,0.4905988,2.103073,0.1600029,-0.0303009,-2.775937,0.1095987,0.3028361,-0.05210875,0.9452848,13.81365,35.29755,358.1037,0.05672122,-0.005795814,-0.9983718,-0.02774666,0.009367888,0.1448085,1.597467,-0.1562478,-1.229498,0.3087,0.4008,2.069,0.8111499,-0.03213431,-0.5839548,0.1648961,0.9705456,0.1756432,0.5611106,-0.2387648,0.7925568,static,43.77279,-1.590105,8.486073,10.96336
05/15/2023 12:31:50.680559,2921,True,True,True,True,Eyes,0.1729618,-0.03308192,-2.764066,0.6918689,-0.01989584,0.721749,0.0,0.0,0.0,0.0,0.0,0.0,0.0,-1.77073,0.4740875,2.078306,0.1605238,-0.03168626,-2.766374,0.1072795,0.3081571,-0.05292064,0.943785,13.5983,35.92752,358.0087,0.05729229,-0.006407948,-0.9983356,-0.004391864,-0.03629921,0.4905042,1.617683,-0.1529046,-1.238,0.3087002,0.4008,2.069,0.8044773,-0.03377355,-0.5930226,0.1660092,0.971381,0.1698817,0.5703133,-0.2351132,0.7870607,static,43.7891,-1.579024,8.486076,10.96336
05/15/2023 12:31:50.695409,2922,True,True,True,True,Eyes,0.173005,-0.033192,-2.763306,0.6924134,-0.01975792,0.7212304,0.0,0.0,0.0,0.0,0.0,0.0,0.0,-1.789428,0.4614269,2.052165,0.1609907,-0.03318401,-2.756688,0.1059685,0.3134324,-0.05441679,0.9421092,13.5197,36.55149,357.8719,0.05780794,-0.006961477,-0.9983023,-0.004128352,-0.03412126,0.461074,1.637433,-0.1452306,-1.246005,0.3087003,0.4008,2.069001,0.7975979,-0.03610518,-0.602108,0.168961,0.971619,0.1655558,0.5790421,-0.2337798,0.7810616,static,43.83219,-1.569211,8.486079,10.96336
05/15/2023 12:31:50.710223,2923,True,True,True,True,Eyes,0.1730874,-0.0333428,-2.762197,0.6933356,-0.01977909,0.7203434,0.0,0.0,0.0,0.0,0.0,0.0,0.0,-1.809017,0.4506508,2.024028,0.1616996,-0.03452183,-2.746813,0.105166,0.3189564,-0.05605382,0.9402472,13.50449,37.2091,357.7413,0.05827539,-0.007464088,-0.9982715,-0.003880651,-0.03207399,0.4334095,1.655381,-0.139232,-1.252923,0.3087001,0.4008,2.069,0.7902495,-0.03832213,-0.6115857,0.1724957,0.9715961,0.1620067,0.5880059,-0.2335216,0.7744138,static,43.90552,-1.572825,8.486075,10.96336
05/15/2023 12:31:50.729232,2924,True,True,True,True,Eyes,0.173197,-0.03353077,-2.760741,0.6945557,-0.0197108,0.7191688,0.0,0.0,0.0,0.0,0.0,0.0,0.0,-1.827454,0.4401652,1.99619,0.1623101,-0.03565525,-2.736876,0.1041524,0.3244236,-0.05696899,0.9384329,13.44102,37.86811,357.6816,0.05870077,-0.007921535,-0.9982432,-0.003647812,-0.03014955,0.4074049,1.672967,-0.1385951,-1.260187,0.3087003,0.4008001,2.069,0.7830077,-0.03934418,-0.6207664,0.1745021,0.9718136,0.1585159,0.5970325,-0.2324442,0.7678033,moving,44.00257,-1.569955,8.486078,10.96336
05/15/2023 12:31:50.739608,2925,True,True,True,True,Eyes,0.1733361,-0.03375877,-2.758951,0.6961067,-0.01978756,0.7176656,0.0,0.0,0.0,0.0,0.0,0.0,0.0,-1.845294,0.4288131,1.968548,0.1630546,-0.03675294,-2.726946,0.1027185,0.3298931,-0.05730379,0.9366621,13.3108,38.5326,357.6692,0.05909112,-0.008340991,-0.9982167,-0.003428943,-0.02834057,0.3829606,1.69092,-0.1426299,-1.268838,0.3086999,0.3981883,2.069,0.7757736,-0.03957636,-0.629769,0.1751208,0.9723304,0.1546167,0.6062244,-0.2302332,0.7612389,moving,44.12635,-1.579366,8.48607,10.89363
05/15/2023 12:31:50.759466,2926,True,True,True,True,Eyes,0.1735012,-0.03401089,-2.756835,0.6979482,-0.01983316,0.7158735,0.0,0.0,0.0,0.0,0.0,0.0,0.0,-1.863072,0.419288,1.939742,0.1636147,-0.03794964,-2.716842,0.1016698,0.3354823,-0.05771623,0.934764,13.22644,39.21473,357.6636,0.05945165,-0.008727711,-0.9981921,-0.003223207,-0.02664014,0.359983,1.708293,-0.1444154,-1.277235,0.3086997,0.3954591,2.069,0.7682408,-0.03968524,-0.6389296,0.176119,0.9726642,0.151349,0.6154576,-0.2288001,0.7542297,moving,44.27361,-1.586964,8.486066,10.82074
05/15/2023 12:31:50.779376,2927,True,True,True,True,Eyes,0.1736838,-0.0342872,-2.754421,0.7000571,-0.02003008,0.7138059,0.0,0.0,0.0,0.0,0.0,0.0,0.0,-1.88115,0.4102953,1.909872,0.1639516,-0.03887771,-2.706711,0.1008973,0.3412563,-0.05837071,0.9327148,13.18262,39.92028,357.6441,0.05978663,-0.009085565,-0.998169,-0.003029814,-0.02504173,0.338384,1.725617,-0.1433079,-1.285605,0.3086999,0.3928857,2.069,0.7602741,-0.04002278,-0.6483684,0.1777501,0.9728252,0.148378,0.6248106,-0.2280555,0.7467278,moving,44.44286,-1.607353,8.48607,10.75197
05/15/2023 12:31:50.795727,2928,True,True,True,True,Eyes,0.1738765,-0.03456872,-2.751721,0.702448,-0.02027446,0.7114462,0.0,0.0,0.0,0.0,0.0,0.0,0.0,-1.899431,0.402776,1.879447,0.1646359,-0.03969154,-2.696981,0.1003638,0.3470745,-0.0588273,0.9305943,13.15764,40.63667,357.6563,0.06010107,-0.009419689,-0.998147,-0.002848026,-0.02353923,0.318081,1.742871,-0.1440737,-1.294525,0.3086998,0.3901802,2.069,0.7521573,-0.03982126,-0.6577794,0.1791562,0.9729329,0.1459611,0.6341629,-0.2276309,0.7389327,moving,44.63537,-1.632347,8.486068,10.67964
05/15/2023 12:31:50.809788,2929,True,True,True,True,Eyes,0.1741105,-0.03482386,-2.748753,0.705079,-0.02069059,0.7088268,0.0,0.0,0.0,0.0,0.0,0.0,0.0,-1.918816,0.3966788,1.846937,0.1655055,-0.03999008,-2.687265,0.1005399,0.353162,-0.05986799,0.9282157,13.23418,41.38694,357.6375,0.06039672,-0.009731378,-0.9981254,-0.002677144,-0.02212687,0.2989961,1.760243,-0.1462034,-1.3044,0.3087001,0.3874039,2.069,0.743385,-0.04012708,-0.6676591,0.1821545,0.9726151,0.1443592,0.6435826,-0.2289316,0.7303368,moving,44.84813,-1.671983,8.486073,10.60538
05/15/2023 12:31:50.829384,2930,True,True,True,True,Eyes,0.1743816,-0.0349672,-2.745519,0.7079794,-0.02120839,0.7059145,0.0,0.0,0.0,0.0,0.0,0.0,0.0,-1.937954,0.3848683,1.815124,0.1665527,-0.03956772,-2.677529,0.09994821,0.3592418,-0.06145838,0.9258394,13.25167,42.127,357.5276,0.06067804,-0.0100225,-0.9981049,-0.002516515,-0.02079926,0.2810563,1.777815,-0.1487554,-1.315048,0.3087003,0.3846077,2.069,0.7343364,-0.04199003,-0.6774856,0.1856123,0.9724664,0.1409151,0.6529149,-0.2292288,0.7219114,moving,45.08368,-1.720869,8.486078,10.53055
05/15/2023 12:31:50.841793,2931,True,True,True,True,Eyes,0.1747332,-0.03507268,-2.742019,0.7111984,-0.02136492,0.7026666,0.0,0.0,0.0,0.0,0.0,0.0,0.0,-1.957408,0.3664891,1.783424,0.1677243,-0.03695247,-2.667745,0.09948404,0.3653043,-0.06520686,0.9232572,13.37594,42.84459,357.1884,0.06094844,-0.0102912,-0.9980852,-0.002365524,-0.01955131,0.2641929,1.796184,-0.1542826,-1.327128,0.3087002,0.3822213,2.069,0.7246018,-0.0477215,-0.6875136,0.1930892,0.971702,0.136058,0.6615654,-0.2313394,0.7133115,moving,45.34574,-1.741569,8.486079,10.46666
05/15/2023 12:31:50.859717,2932,True,True,True,True,Eyes,0.1750903,-0.03513516,-2.738292,0.7146473,-0.02139436,0.6991577,0.0,0.0,0.0,0.0,0.0,0.0,0.0,-1.980483,0.3187969,1.751215,0.1695361,-0.03613983,-2.657188,0.09198037,0.372843,-0.06753495,0.9208512,12.69496,43.72022,356.7215,0.06121261,-0.01053847,-0.9980661,-0.002223593,-0.01837823,0.2483414,1.814569,-0.1577231,-1.339552,0.3086998,0.3795311,2.069,0.7128543,-0.05579079,-0.6990895,0.1929677,0.9739573,0.1190406,0.674242,-0.2197603,0.7050555,moving,45.6277,-1.752715,8.48607,10.39461
05/15/2023 12:31:50.879389,2933,True,True,True,True,Eyes,0.1755005,-0.03511508,-2.734289,0.7182704,-0.02158299,0.6954292,0.0,0.0,0.0,0.0,0.0,0.0,0.0,-1.997067,0.2937323,1.722424,0.1700379,-0.03515248,-2.647858,0.08889972,0.3787724,-0.06967492,0.9185717,12.48027,44.42795,356.4382,0.06147193,-0.01076501,-0.9980475,-0.002090177,-0.01727553,0.2334409,1.832947,-0.1641717,-1.35287,0.3086997,0.3768166,2.069,0.7033538,-0.06065728,-0.7082472,0.1953483,0.9744844,0.1105397,0.683471,-0.2161034,0.6972566,moving,45.92565,-1.777633,8.486068,10.32187
05/15/2023 12:31:50.895646,2934,True,True,True,True,Eyes,0.1759492,-0.03505608,-2.730059,0.7221232,-0.02131182,0.6914362,0.0,0.0,0.0,0.0,0.0,0.0,0.0,-2.014539,0.268242,1.689809,0.1719407,-0.03308867,-2.637256,0.08705047,0.3848761,-0.07377107,0.9158878,12.48842,45.14847,355.9989,0.06172954,-0.01097001,-0.9980292,-0.001964767,-0.016239,0.2194344,1.856791,-0.1436837,-1.369704,0.3086998,0.3741055,2.069,0.6928564,-0.06812475,-0.7178503,0.2021393,0.9739601,0.1026715,0.6921631,-0.2162424,0.6885852,moving,46.24364,-1.765443,8.48607,10.24918
05/15/2023 12:31:50.911168,2935,True,True,True,True,Eyes,0.1764147,-0.03498533,-2.725611,0.7260396,-0.02143911,0.6873185,0.0,0.0,0.0,0.0,0.0,0.0,0.0,-2.030154,0.229475,1.66136,0.1733231,-0.03215668,-2.627398,0.08013006,0.3911275,-0.07412883,0.91384,11.7967,45.90143,355.7348,0.0619876,-0.01115432,-0.9980111,-0.001846881,-0.01526466,0.2062684,1.873833,-0.1389894,-1.382807,0.3087,0.3714845,2.069,0.6830484,-0.07280163,-0.7267357,0.1981659,0.9761682,0.08846447,0.702976,-0.2044397,0.6811969,moving,46.56931,-1.786613,8.486073,10.17888
05/15/2023 12:31:50.929469,2936,True,True,True,True,Eyes,0.1769168,-0.03489508,-2.720975,0.7301164,-0.0218156,0.6829745,0.0,0.0,0.0,0.0,0.0,0.0,0.0,-2.046067,0.225447,1.627281,0.1745812,-0.03176527,-2.617971,0.08156932,0.3969709,-0.07648189,0.9109945,12.08371,46.62762,355.6253,0.06224727,-0.01131968,-0.9979929,-0.001736068,-0.01434878,0.1938923,1.892422,-0.142509,-1.396327,0.3086994,0.3686138,2.069,0.6731293,-0.07458786,-0.7357537,0.2041104,0.9749939,0.08789625,0.7107995,-0.2093406,0.6715212,moving,46.91073,-1.829522,8.486056,10.10185
05/15/2023 12:31:50.939485,2937,True,True,True,True,Eyes,0.1774406,-0.03473651,-2.716166,0.7342235,-0.02271083,0.678528,0.0,0.0,0.0,0.0,0.0,0.0,0.0,-2.061248,0.226908,1.592727,0.1759809,-0.03115006,-2.608653,0.08399135,0.4026848,-0.07827085,0.9081103,12.44978,47.35045,355.6237,0.06251027,-0.01146736,-0.9979747,-0.001631904,-0.01348785,0.1822587,1.911199,-0.1201797,-1.409953,0.3087,0.3661631,2.069,0.6634372,-0.07451304,-0.7445125,0.2098012,0.9736383,0.08950985,0.7182162,-0.2155838,0.6615808,moving,47.25763,-1.917016,8.486071,10.03605
05/15/2023 12:31:50.959285,2938,True,True,True,True,Eyes,0.1780213,-0.03449278,-2.711192,0.738498,-0.02365889,0.6738404,0.0,0.0,0.0,0.0,0.0,0.0,0.0,-2.076087,0.2326211,1.558079,0.1773794,-0.02928674,-2.599911,0.08757742,0.4082819,-0.07992284,0.9051235,12.93226,48.07006,355.6947,0.06277758,-0.01159668,-0.9979564,-0.001533989,-0.01267858,0.1713232,1.927208,-0.1335362,-1.423774,0.3086998,0.3634689,2.069,0.6538365,-0.07316752,-0.7530899,0.2161926,0.9718851,0.09327467,0.7250922,-0.2237989,0.6512722,moving,47.6212,-2.010859,8.486069,9.963693
05/15/2023 12:31:50.979347,2939,True,True,True,True,Eyes,0.1786735,-0.03416678,-2.706081,0.7428571,-0.0244458,0.6690035,0.0,0.0,0.0,0.0,0.0,0.0,0.0,-2.091246,0.2230388,1.523803,0.1793393,-0.02697374,-2.590779,0.08784101,0.4143012,-0.08127055,0.9022381,13.05275,48.83076,355.6514,0.06305134,-0.01170641,-0.9979379,-0.00144195,-0.01191787,0.1610438,1.94247,-0.1489033,-1.437378,0.3087001,0.3608032,2.069,0.6434993,-0.0738655,-0.7618744,0.219436,0.9713581,0.09116605,0.7333188,-0.225848,0.641277,moving,47.99438,-2.092692,8.486074,9.892067
05/15/2023 12:31:50.995667,2940,True,True,True,True,Eyes,0.1793959,-0.03376481,-2.700818,0.747391,-0.02492259,0.6639168,0.0,0.0,0.0,0.0,0.0,0.0,0.0,-2.105639,0.19954,1.49202,0.1814341,-0.0246478,-2.581885,0.08411259,0.4205101,-0.08102465,0.8997397,12.6798,49.60933,355.5874,0.063334,-0.01179552,-0.9979189,-0.001355433,-0.0112028,0.1513812,1.956842,-0.1669301,-1.451511,0.3086998,0.3580498,2.069,0.6332126,-0.07506181,-0.7703296,0.2165426,0.9727201,0.08321549,0.7430688,-0.2195022,0.6321927,moving,48.38491,-2.149801,8.48607,9.818056
05/15/2023 12:31:51.009585,2941,True,True,True,True,Eyes,0.1802042,-0.03332384,-2.695399,0.7520155,-0.02502901,0.65867,0.0,0.0,0.0,0.0,0.0,0.0,0.0,-2.1198,0.171673,1.459611,0.1838554,-0.02246247,-2.572777,0.0796312,0.4268098,-0.08127906,0.8971545,12.25508,50.39345,355.4298,0.06362776,-0.01186329,-0.9978994,-0.001274107,-0.01053063,0.1422983,1.973214,-0.1718252,-1.466766,0.3086997,0.3554098,2.069,0.6224543,-0.077865,-0.7787732,0.2138145,0.9741052,0.07350159,0.7528838,-0.2122644,0.6229846,moving,48.78576,-2.176153,8.486066,9.747059
05/15/2023 12:31:51.029131,2942,True,True,True,True,Eyes,0.181075,-0.03288582,-2.689843,0.7568215,-0.02488404,0.6531478,0.0,0.0,0.0,0.0,0.0,0.0,0.0,-2.13493,0.1343016,1.424884,0.1866899,-0.02110891,-2.563388,0.07287408,0.43372,-0.08158273,0.8943828,11.60262,51.24855,355.1559,0.0639352,-0.01191043,-0.9978791,-0.001197661,-0.009898789,0.1337604,1.99071,-0.1588016,-1.482322,0.3087001,0.352792,2.069,0.6104625,-0.0827185,-0.7877139,0.2091463,0.9760672,0.05958655,0.7639329,-0.2011228,0.6131527,moving,49.20534,-2.181836,8.486078,9.676628
05/15/2023 12:31:51.039473,2943,True,True,True,True,Eyes,0.2039256,-0.02268267,-2.547029,0.8652757,-0.02823213,0.5005007,0.0,0.0,0.0,0.0,0.0,0.0,0.0,-2.14938,0.109105,1.38895,0.1890898,-0.02077173,-2.554356,0.06862283,0.4404264,-0.08204556,0.8913944,11.22195,52.0933,354.9804,0.06425778,-0.01193913,-0.9978579,-0.001125801,-0.009304862,0.1257348,2.008571,-0.1446823,-1.498499,0.3087002,0.3500568,2.069001,0.5985862,-0.08582331,-0.7964478,0.2067166,0.9771188,0.05006996,0.7739269,-0.1946101,0.602631,moving,59.95366,-3.228506,8.486075,9.603004
05/15/2023 12:31:51.059334,2944,True,True,True,True,Eyes,0.2040244,-0.02267182,-2.546691,0.8655294,-0.02851037,0.5000459,0.0,0.0,0.0,0.0,0.0,0.0,0.0,-2.163128,0.1033701,1.351533,0.1915935,-0.02111286,-2.545446,0.06897124,0.4466739,-0.08311911,0.8881534,11.34805,52.8974,354.9661,0.06596716,-0.01160933,-0.9977505,0.06749338,0.02186289,0.5466318,2.028385,-0.1236323,-1.517239,0.3087,0.3474504,2.069,0.5871473,-0.08602974,-0.8048956,0.2092604,0.9766684,0.04825981,0.7819643,-0.1967683,0.5914508,moving,59.98351,-3.263215,8.486073,9.53282
05/15/2023 12:31:51.079340,2945,True,True,True,True,Eyes,0.2042086,-0.02264,-2.546003,0.8659557,-0.02928373,0.4992626,0.0,0.0,0.0,0.0,0.0,0.0,0.0,-2.175879,0.109394,1.314217,0.1940922,-0.0207963,-2.536824,0.07216797,0.4525028,-0.08418961,0.8848419,11.7655,53.66434,355.0968,0.06740595,-0.01132827,-0.9976579,0.06344377,0.02055112,0.5138338,2.046369,-0.1131697,-1.53612,0.3086999,0.3446294,2.069,0.5763067,-0.08367658,-0.8129384,0.2143014,0.9754078,0.05152242,0.7886353,-0.2039066,0.580066,moving,60.03461,-3.356778,8.486072,9.456828
05/15/2023 12:31:51.095274,2946,True,True,True,True,Eyes,0.2044925,-0.02256055,-2.54503,0.8666013,-0.03029305,0.4980809,0.0,0.0,0.0,0.0,0.0,0.0,0.0,-2.188284,0.1187631,1.276573,0.1969682,-0.02027787,-2.528462,0.07576454,0.4582594,-0.08446378,0.8815464,12.18053,54.43618,355.3362,0.06866055,-0.01108189,-0.9975755,0.05963714,0.01931805,0.4830038,2.06232,-0.1206558,-1.553696,0.3087,0.3421101,2.069,0.5657284,-0.07947786,-0.8207526,0.2183571,0.9742512,0.05616726,0.7951552,-0.2109926,0.5685161,moving,60.11177,-3.480415,8.486073,9.388934
05/15/2023 12:31:51.109833,2947,True,True,True,True,Eyes,0.2048863,-0.02246618,-2.543753,0.8674006,-0.03149198,0.4966128,0.0,0.0,0.0,0.0,0.0,0.0,0.0,-2.199486,0.1265313,1.240709,0.199665,-0.01902013,-2.520492,0.07926487,0.4637221,-0.08490525,0.8783337,12.59082,55.17362,355.5551,0.06980298,-0.0108575,-0.9974989,0.05605892,0.01815896,0.4540236,2.076401,-0.1375369,-1.570139,0.3087,0.3393176,2.069,0.5555059,-0.07563657,-0.8280655,0.222664,0.9730164,0.06049715,0.8011454,-0.2179869,0.5573579,moving,60.20757,-3.62847,8.486071,9.313642
05/15/2023 12:31:51.129323,2948,True,True,True,True,Eyes,0.2053687,-0.02239037,-2.542214,0.8684055,-0.03273576,0.494773,0.0,0.0,0.0,0.0,0.0,0.0,0.0,-2.211432,0.1235637,1.202888,0.203085,-0.01829702,-2.512182,0.08067147,0.4696943,-0.08597999,0.8749211,12.82247,55.96379,355.608,0.07085045,-0.01065226,-0.9974276,0.05269538,0.01706943,0.4267822,2.090302,-0.1533428,-1.586658,0.3087003,0.3366828,2.069,0.5439893,-0.07466953,-0.8357632,0.2262333,0.9721991,0.0603937,0.8080187,-0.221931,0.5457587,moving,60.32773,-3.785355,8.48608,9.242572
05/15/2023 12:31:51.139564,2949,True,True,True,True,Eyes,0.2059525,-0.02230567,-2.540426,0.8696178,-0.03431135,0.492532,0.0,0.0,0.0,0.0,0.0,0.0,0.0,-2.220893,0.118767,1.169192,0.2055927,-0.01885688,-2.504168,0.08092057,0.4751073,-0.0866017,0.8719089,12.90886,56.67871,355.6386,0.0718171,-0.01046501,-0.9973607,0.04953366,0.01604526,0.4011752,2.103076,-0.1684536,-1.60274,0.3087001,0.3339414,2.069,0.5335464,-0.07412566,-0.8425162,0.2279095,0.971904,0.05882052,0.8144847,-0.2234009,0.5354499,moving,60.47376,-3.984969,8.486075,9.168598
05/15/2023 12:31:51.159039,2950,True,True,True,True,Eyes,0.2066526,-0.02222358,-2.538389,0.8710414,-0.03583359,0.4899008,0.0,0.0,0.0,0.0,0.0,0.0,0.0,-2.230009,0.1146647,1.135046,0.2085312,-0.01847184,-2.496116,0.08331414,0.4802301,-0.08979926,0.868547,13.35437,57.35294,355.5217,0.07271549,-0.01029374,-0.9972976,0.04656164,0.01508255,0.3771047,2.117786,-0.1783048,-1.620991,0.3087001,0.331432,2.069,0.5226303,-0.07596984,-0.8491679,0.2360097,0.9699897,0.05847589,0.8192418,-0.2309731,0.5248756,moving,60.64524,-4.183426,8.486076,9.10086
05/15/2023 12:31:51.179251,2951,True,True,True,True,Eyes,0.2074142,-0.02214308,-2.536074,0.8727505,-0.03745787,0.4867274,0.0,0.0,0.0,0.0,0.0,0.0,0.0,-2.239797,0.09872633,1.099369,0.2120459,-0.01843265,-2.48792,0.08196015,0.4860864,-0.09158117,0.8652258,13.34775,58.11098,355.3548,0.07355796,-0.01013701,-0.9972376,0.04376794,0.01417759,0.3544784,2.130393,-0.1844414,-1.63707,0.3086998,0.3287511,2.069,0.5106658,-0.07879733,-0.8561609,0.2381562,0.9697909,0.05279534,0.8261369,-0.2308608,0.5140051,moving,60.85187,-4.40073,8.48607,9.028464
05/15/2023 12:31:51.195291,2952,True,True,True,True,Eyes,0.2082876,-0.02208328,-2.533538,0.8746332,-0.03910185,0.4832057,0.0,0.0,0.0,0.0,0.0,0.0,0.0,-2.24867,0.09175161,1.064168,0.2150487,-0.01846129,-2.480081,0.08222064,0.4916746,-0.09264035,0.8619245,13.46396,58.85495,355.3497,0.07435281,-0.00999363,-0.9971802,0.04114186,0.01332694,0.3332098,2.141834,-0.2035212,-1.653219,0.3087,0.3260714,2.069,0.4993477,-0.07884635,-0.8628066,0.2405496,0.9693151,0.05063813,0.8323388,-0.2328338,0.5029917,moving,61.08081,-4.626393,8.486073,8.956069
05/15/2023 12:31:51.209342,2953,True,True,True,True,Eyes,0.2092582,-0.02204335,-2.530789,0.8766993,-0.04068796,0.479315,0.0,0.0,0.0,0.0,0.0,0.0,0.0,-2.257688,0.08822044,1.026855,0.2186123,-0.01888634,-2.472089,0.08292499,0.4974472,-0.09313399,0.8584847,13.59387,59.63541,355.4323,0.07511014,-0.009863111,-0.9971249,0.03867335,0.01252732,0.3132172,2.155981,-0.2067961,-1.671667,0.3087001,0.3233815,2.069,0.4877447,-0.07740656,-0.8695478,0.2424098,0.968899,0.0497212,0.8386554,-0.2350381,0.4913394,moving,61.33339,-4.852077,8.486073,8.883367
05/15/2023 12:31:51.229554,2954,True,True,True,True,Eyes,0.2103475,-0.02200562,-2.52785,0.8788873,-0.04228238,0.475152,0.0,0.0,0.0,0.0,0.0,0.0,0.0,-2.265414,0.08691075,0.9914052,0.2220415,-0.01932691,-2.464318,0.08320436,0.5029265,-0.09235292,0.8553438,13.60519,60.38629,355.616,0.07583996,-0.00974474,-0.9970708,0.03635295,0.01177568,0.2944241,2.168391,-0.2139186,-1.689512,0.3087003,0.3204488,2.069001,0.4770717,-0.07429563,-0.8757184,0.2416783,0.9690959,0.04944319,0.8449817,-0.2352301,0.4802839,moving,61.60306,-5.085189,8.486076,8.804071
05/15/2023 12:31:51.239348,2955,True,True,True,True,Eyes,0.2115541,-0.02197086,-2.524701,0.881223,-0.04363759,0.4706822,0.0,0.0,0.0,0.0,0.0,0.0,0.0,-2.272403,0.08678943,0.9567491,0.2259868,-0.01933913,-2.456679,0.08428423,0.5080584,-0.09214558,0.8522219,13.72656,61.09554,355.7841,0.07654762,-0.009637898,-0.9970179,0.03417177,0.01106914,0.2767587,2.181474,-0.2208444,-1.708119,0.3086998,0.3181254,2.069,0.4667716,-0.07141432,-0.8814898,0.2426996,0.9688107,0.05002704,0.8504242,-0.2372884,0.4695455,moving,61.89227,-5.296829,8.486068,8.741231
05/15/2023 12:31:51.259813,2956,True,True,True,True,Eyes,0.2128794,-0.02198408,-2.52139,0.8836895,-0.04479812,0.4659248,0.0,0.0,0.0,0.0,0.0,0.0,0.0,-2.279375,0.07767609,0.9215879,0.2303347,-0.01945662,-2.448974,0.08248033,0.5136109,-0.09107283,0.8491799,13.51108,61.84488,355.8746,0.0772415,-0.009541477,-0.9969655,0.03212147,0.01040499,0.2601532,2.193815,-0.2232639,-1.725348,0.3086995,0.3154375,2.069,0.4558191,-0.06994881,-0.8873196,0.2394,0.9698055,0.0465293,0.8572727,-0.2336333,0.4588016,moving,62.19958,-5.492039,8.48606,8.668499
05/15/2023 12:31:51.279222,2957,True,True,True,True,Eyes,0.2143193,-0.02205647,-2.517939,0.8862246,-0.04602313,0.4609641,0.0,0.0,0.0,0.0,0.0,0.0,0.0,-2.286409,0.07149526,0.8856878,0.2345055,-0.02066164,-2.441679,0.08100636,0.5192337,-0.08986081,0.8460258,13.31971,62.61005,355.9973,0.0779291,-0.009456268,-0.9969129,0.03019418,0.009780692,0.244544,2.205464,-0.2295265,-1.741669,0.3086997,0.3125563,2.069,0.4446428,-0.06792665,-0.8931287,0.2361716,0.970726,0.0437494,0.8640115,-0.2303845,0.4476687,moving,62.51909,-5.701576,8.486066,8.59051
05/15/2023 12:31:51.296008,2958,True,True,True,True,Eyes,0.2158851,-0.02216853,-2.514346,0.8888519,-0.04730403,0.4557461,0.0,0.0,0.0,0.0,0.0,0.0,0.0,-2.293147,0.07417935,0.8484504,0.2385602,-0.02210677,-2.434439,0.08296769,0.5246098,-0.09025699,0.8424695,13.56185,63.36522,356.1646,0.07861633,-0.009383522,-0.9968597,0.02838253,0.009193851,0.2298713,2.218943,-0.2238556,-1.759208,0.3087001,0.30994,2.069,0.4332766,-0.06502619,-0.8989123,0.2391288,0.9699401,0.04509611,0.8689585,-0.2344949,0.4358019,moving,62.85417,-5.925779,8.486076,8.519661
05/15/2023 12:31:51.309325,2959,True,True,True,True,Eyes,0.2175747,-0.02232529,-2.510616,0.8914973,-0.04853919,0.4504184,0.0,0.0,0.0,0.0,0.0,0.0,0.0,-2.299388,0.07823579,0.811285,0.2431623,-0.02315319,-2.427309,0.08479682,0.5298922,-0.08983383,0.8390195,13.73885,64.11682,356.4068,0.07930903,-0.009323618,-0.9968054,0.02667958,0.00864222,0.2160791,2.23197,-0.220041,-1.77772,0.3086998,0.3072494,2.069,0.4222883,-0.06087834,-0.904415,0.240611,0.9694788,0.04708787,0.8739445,-0.2374968,0.4240476,moving,63.19535,-6.150724,8.486068,8.446773
05/15/2023 12:31:51.329340,2960,True,True,True,True,Eyes,0.219385,-0.02252188,-2.506759,0.8941715,-0.04973563,0.4449535,0.0,0.0,0.0,0.0,0.0,0.0,0.0,-2.304111,0.0831714,0.7770991,0.2478762,-0.02436288,-2.420266,0.08595816,0.534669,-0.08843107,0.8360146,13.78547,64.80222,356.6979,0.0800112,-0.009277197,-0.9967498,0.0250788,0.008123687,0.2031143,2.243041,-0.2318462,-1.79652,0.3087,0.3046622,2.069,0.412618,-0.055941,-0.9091849,0.2397777,0.9695823,0.04916184,0.8787794,-0.2382873,0.4134805,moving,63.54436,-6.377884,8.486073,8.37666
05/15/2023 12:31:51.339448,2961,True,True,True,True,Eyes,0.2213185,-0.02274127,-2.502771,0.8967951,-0.05084302,0.4395153,0.0,0.0,0.0,0.0,0.0,0.0,0.0,-2.307081,0.08753756,0.7471071,0.2525872,-0.02554236,-2.413297,0.08699481,0.5386841,-0.08722565,0.8334525,13.82672,65.38154,356.9496,0.08072745,-0.009244528,-0.9966924,0.02357407,0.007636265,0.1909275,2.254388,-0.2405049,-1.814924,0.3086998,0.302041,2.069,0.4044222,-0.05167142,-0.9131116,0.2391223,0.9696472,0.05103794,0.8827589,-0.2389862,0.4045027,moving,63.89073,-6.598632,8.486068,8.3056
05/15/2023 12:31:51.359260,2962,True,True,True,True,Eyes,0.2233992,-0.02298236,-2.498672,0.8994085,-0.05179285,0.4340299,0.0,0.0,0.0,0.0,0.0,0.0,0.0,-2.308573,0.0866328,0.7213826,0.2575945,-0.02633424,-2.406316,0.08716199,0.5420107,-0.08670069,0.8313305,13.82199,65.85162,357.0681,0.08146288,-0.009225178,-0.9966329,0.02215963,0.00717809,0.1794718,2.265215,-0.2444379,-1.830726,0.3087002,0.2993149,2.069,0.3974149,-0.04966838,-0.9162939,0.2386393,0.9697716,0.05093545,0.8860659,-0.2389062,0.3972545,moving,64.23932,-6.804935,8.486076,8.231667
05/15/2023 12:31:51.379330,2963,True,True,True,True,Eyes,0.2256334,-0.02327328,-2.4945,0.9019564,-0.0525221,0.428621,0.0,0.0,0.0,0.0,0.0,0.0,0.0,-2.309409,0.07839734,0.698643,0.2632091,-0.02711998,-2.399501,0.08549935,0.5449703,-0.08642941,0.8295947,13.65427,66.24805,357.038,0.0822199,-0.009218788,-0.9965708,0.02083005,0.006747404,0.1687035,2.274789,-0.2483403,-1.84312,0.3087001,0.2966189,2.069001,0.3910746,-0.05021352,-0.9189882,0.236592,0.9704396,0.04765667,0.8894295,-0.2360625,0.3913944,moving,64.58235,-6.986049,8.486073,8.158525
05/15/2023 12:31:51.395263,2964,True,True,True,True,Eyes,0.2280146,-0.0236114,-2.490246,0.9045032,-0.05321073,0.423134,0.0,0.0,0.0,0.0,0.0,0.0,0.0,-2.310397,0.07008503,0.6754926,0.2688819,-0.02860883,-2.392911,0.08315787,0.5480624,-0.08561487,0.8278784,13.38739,66.65976,357.0182,0.08300526,-0.009226075,-0.9965056,0.01958025,0.00634256,0.1585813,2.283709,-0.2508446,-1.852281,0.3087001,0.2940067,2.069001,0.3845954,-0.05060596,-0.921697,0.2329088,0.9715097,0.04384461,0.8932189,-0.2315338,0.3854247,moving,64.92942,-7.167539,8.486072,8.087631
05/15/2023 12:31:51.409624,2965,True,True,True,True,Eyes,0.2305501,-0.02399269,-2.48593,0.9070216,-0.05388703,0.4176218,0.0,0.0,0.0,0.0,0.0,0.0,0.0,-2.312043,0.06588829,0.6499916,0.2748056,-0.03008363,-2.386619,0.08278376,0.5512853,-0.08574758,0.8257596,13.37136,67.10719,357.0341,0.08382279,-0.009247662,-0.996437,0.01840543,0.005962006,0.1490664,2.293083,-0.2483458,-1.859514,0.3086995,0.2912994,2.069,0.3774638,-0.05033885,-0.9246553,0.2328887,0.9715884,0.0421762,0.8962613,-0.2312617,0.3784628,moving,65.27715,-7.352427,8.486059,8.014131
05/15/2023 12:31:51.429650,2966,True,True,True,True,Eyes,0.2332319,-0.02439212,-2.481544,0.909541,-0.05457781,0.4120151,0.0,0.0,0.0,0.0,0.0,0.0,0.0,-2.3137,0.05982561,0.6234155,0.2808404,-0.03148071,-2.380246,0.08228341,0.5546962,-0.08626204,0.8234686,13.36856,67.57842,357.0079,0.08467451,-0.009283879,-0.9963647,0.01730111,0.005604286,0.1401224,2.302889,-0.2429164,-1.867342,0.3087,0.2885794,2.069,0.369742,-0.05078358,-0.9277456,0.2333528,0.9715766,0.03981714,0.8993539,-0.231214,0.3710832,moving,65.62984,-7.545785,8.486073,7.940261
05/15/2023 12:31:51.439599,2967,True,True,True,True,Eyes,0.2360714,-0.02481392,-2.47711,0.9120466,-0.05527089,0.406345,0.0,0.0,0.0,0.0,0.0,0.0,0.0,-2.315271,0.0520054,0.5971155,0.2870544,-0.03230031,-2.374087,0.08195361,0.5580407,-0.08735282,0.8211234,13.41962,68.04004,356.9362,0.08556352,-0.00933406,-0.9962883,0.01626304,0.005268028,0.1317151,2.312279,-0.2463142,-1.876962,0.3087,0.2859127,2.069,0.36192,-0.05198796,-0.9307584,0.2349218,0.9713062,0.0370952,0.9021229,-0.2320809,0.3637483,moving,65.98555,-7.745814,8.486072,7.867807
05/15/2023 12:31:51.459757,2968,True,True,True,True,Eyes,0.2390724,-0.02524517,-2.472621,0.9145675,-0.05587994,0.4005544,0.0,0.0,0.0,0.0,0.0,0.0,0.0,-2.316756,0.04319121,0.570065,0.2935057,-0.03322817,-2.367899,0.08104602,0.5615421,-0.08809584,0.8187438,13.39428,68.52075,356.863,0.08649388,-0.009397833,-0.9962074,0.01528726,0.004951947,0.1238122,2.321868,-0.2502249,-1.887587,0.3087001,0.2833689,2.069,0.3538192,-0.05323434,-0.9337978,0.2352774,0.9713413,0.0337728,0.9052384,-0.2316509,0.3562041,moving,66.34795,-7.941876,8.486077,7.798673
05/15/2023 12:31:51.479116,2969,True,True,True,True,Eyes,0.242227,-0.02567817,-2.468073,0.9171201,-0.0564021,0.3946006,0.0,0.0,0.0,0.0,0.0,0.0,0.0,-2.318626,0.033509,0.5416521,0.3004046,-0.03389342,-2.362021,0.079694,0.5652894,-0.08847516,0.8162532,13.30467,69.03504,356.7993,0.08746795,-0.009474262,-0.9961216,0.01437002,0.00465483,0.1163835,2.331164,-0.2560851,-1.898412,0.3086998,0.2804875,2.069,0.3452401,-0.05433589,-0.9369403,0.2345366,0.971642,0.0300728,0.9087365,-0.2301291,0.3481935,moving,66.7197,-8.134454,8.48607,7.720336
05/15/2023 12:31:51.495309,2970,True,True,True,True,Eyes,0.2455522,-0.02612737,-2.463481,0.9197372,-0.05667131,0.3884225,0.0,0.0,0.0,0.0,0.0,0.0,0.0,-2.320816,0.02186934,0.5108041,0.3073656,-0.03440163,-2.356253,0.0778356,0.5695209,-0.08878899,0.8134521,13.16555,69.61475,356.7152,0.08848843,-0.009562254,-0.9960306,0.01350782,0.00437554,0.1094005,2.341071,-0.2589332,-1.909788,0.3086998,0.2779807,2.069,0.3355249,-0.05579315,-0.9403777,0.2331092,0.9721163,0.0254967,0.9127339,-0.2277654,0.3391752,moving,67.10474,-8.300954,8.486065,7.652154
05/15/2023 12:31:51.509258,2971,True,True,True,True,Eyes,0.2490297,-0.02657649,-2.458883,0.9223879,-0.05695058,0.3820435,0.0,0.0,0.0,0.0,0.0,0.0,0.0,-2.323616,0.009057757,0.4752266,0.3148112,-0.03528801,-2.350481,0.07458412,0.5746297,-0.08793347,0.8102506,12.82194,70.31332,356.6617,0.08955761,-0.009661338,-0.9959341,0.01269735,0.004113008,0.1028364,2.351711,-0.2593676,-1.922565,0.3087001,0.2752417,2.069,0.3241371,-0.05677978,-0.9443047,0.2282127,0.9734099,0.0198053,0.918071,-0.221922,0.3284761,moving,67.50117,-8.478552,8.486073,7.577637
05/15/2023 12:31:51.529111,2972,True,True,True,True,Eyes,0.2526673,-0.02698145,-2.45424,0.9250484,-0.05725374,0.3755099,0.0,0.0,0.0,0.0,0.0,0.0,0.0,-2.325528,0.002336998,0.4411268,0.3216832,-0.03568766,-2.344765,0.07395124,0.5792595,-0.08799229,0.806999,12.78527,70.96996,356.6877,0.0906781,-0.009770542,-0.9958316,0.0,0.0,0.0,2.362918,-0.2579393,-1.937845,0.3086998,0.2725315,2.069,0.3134317,-0.05634546,-0.9479377,0.2276933,0.9735771,0.01741642,0.9219092,-0.2212978,0.3179795,moving,67.90603,-8.669085,8.486068,7.503877
05/15/2023 12:31:51.539203,2973,True,True,True,True,Eyes,0.2564515,-0.02737484,-2.449541,0.927704,-0.05755056,0.368854,0.0,0.0,0.0,0.0,0.0,0.0,0.0,-2.326639,-0.00699478,0.4085226,0.3292031,-0.0350208,-2.338928,0.07360978,0.5835136,-0.08886602,0.8038635,12.82967,71.57409,356.6505,0.09185135,-0.009887095,-0.9957229,0.0,0.0,0.0,2.375952,-0.2492649,-1.957026,0.3087004,0.2698839,2.069001,0.3032296,-0.05696768,-0.9512133,0.2287769,0.9733689,0.01463538,0.9250476,-0.2220535,0.3081871,moving,68.31729,-8.868091,8.486081,7.431795
05/15/2023 12:31:51.559332,2974,True,True,True,True,Eyes,0.2603685,-0.02769932,-2.444813,0.9303128,-0.05812951,0.3621314,0.0,0.0,0.0,0.0,0.0,0.0,0.0,-2.326984,-0.01889168,0.3774191,0.336614,-0.03515895,-2.333048,0.07155672,0.5876614,-0.08906997,0.8009995,12.66908,72.14974,356.5573,0.0930785,-0.01000984,-0.9956077,0.0,0.0,0.0,2.386714,-0.2507912,-1.97484,0.3087001,0.2672164,2.069001,0.2934413,-0.05858775,-0.9541799,0.2267922,0.9738924,0.009947824,0.9286858,-0.2193197,0.2990675,moving,68.73114,-9.119352,8.486072,7.359148
05/15/2023 12:31:51.579456,2975,True,True,True,True,Eyes,0.264455,-0.0279125,-2.440032,0.9328947,-0.0589141,0.3552979,0.0,0.0,0.0,0.0,0.0,0.0,0.0,-2.326658,-0.02717844,0.3502003,0.3437624,-0.03375433,-2.327533,0.07365553,0.5908123,-0.09206906,0.7981473,13.08328,72.61522,356.4722,0.09436033,-0.01013545,-0.9954857,0.0,0.0,0.0,2.3972,-0.2547729,-1.991061,0.3087,0.2643011,2.069,0.2849282,-0.05993615,-0.9566732,0.2340025,0.9721963,0.008784844,0.9295476,-0.226367,0.2910313,moving,69.1504,-9.414899,8.486073,7.27973
05/15/2023 12:31:51.595684,2976,True,True,True,True,Eyes,0.2686876,-0.02809403,-2.435211,0.9355115,-0.05930249,0.3482837,0.0,0.0,0.0,0.0,0.0,0.0,0.0,-2.326239,-0.04647635,0.3176968,0.3520024,-0.03124428,-2.32155,0.07269801,0.5950562,-0.09470312,0.794767,13.19485,73.20953,356.23,0.09569941,-0.01025919,-0.9953566,0.0,0.0,0.0,2.408048,-0.2519521,-2.006227,0.3086999,0.261903,2.069,0.2738789,-0.06401504,-0.9596314,0.2370526,0.9714926,0.002848598,0.9320925,-0.2282633,0.2812463,moving,69.58009,-9.663116,8.486072,7.214381
05/15/2023 12:31:51.609857,2977,True,True,True,True,Eyes,0.273021,-0.02820029,-2.43033,0.9380348,-0.05993454,0.3413187,0.0,0.0,0.0,0.0,0.0,0.0,0.0,-2.325686,-0.05924161,0.2831171,0.3597719,-0.03074622,-2.31562,0.0682665,0.5999467,-0.09259221,0.7917263,12.6619,73.88552,356.1976,0.09709643,-0.01037998,-0.9952201,0.0,0.0,0.0,2.415606,-0.2686227,-2.018437,0.3087,0.2591937,2.069,0.2629814,-0.06470283,-0.962629,0.2285279,0.9735327,-0.003004008,0.9373451,-0.2191975,0.2708074,moving,70.00529,-9.959432,8.486073,7.140522
05/15/2023 12:31:51.629346,2978,True,True,True,True,Eyes,0.2775173,-0.02824833,-2.425409,0.9405586,-0.06031115,0.3342337,0.0,0.0,0.0,0.0,0.0,0.0,0.0,-2.324189,-0.0627881,0.255622,0.3667428,-0.02904424,-2.309934,0.07027437,0.6031724,-0.09392391,0.7889379,12.95518,74.37469,356.2685,0.09855044,-0.01049508,-0.995076,0.0,0.0,0.0,2.425881,-0.2739744,-2.035159,0.3086998,0.2566237,2.069,0.2547228,-0.06342513,-0.964932,0.2329753,0.9724796,-0.002420408,0.9385301,-0.2241888,0.2624891,moving,70.437,-10.22873,8.48607,7.070443
05/15/2023 12:31:51.639224,2979,True,True,True,True,Eyes,0.2821177,-0.02829487,-2.420448,0.9430278,-0.0604332,0.3271794,0.0,0.0,0.0,0.0,0.0,0.0,0.0,-2.322476,-0.07506755,0.2240217,0.3751701,-0.02774291,-2.303952,0.06714939,0.6073135,-0.09288705,0.786151,12.61521,74.9543,356.2111,0.1000633,-0.01060272,-0.9949239,0.0,0.0,0.0,2.438353,-0.2570229,-2.053246,0.3086999,0.2539379,2.069,0.2450847,-0.06448501,-0.9673547,0.2276079,0.9737259,-0.007243996,0.9424055,-0.2184022,0.2533226,moving,70.866,-10.46513,8.486072,6.99718
05/15/2023 12:31:51.659453,2980,True,True,True,True,Eyes,0.2868187,-0.02832237,-2.415477,0.9454317,-0.06091776,0.3200748,0.0,0.0,0.0,0.0,0.0,0.0,0.0,-2.320698,-0.0807766,0.1956426,0.3824308,-0.02786762,-2.298567,0.06384137,0.6110356,-0.09041081,0.7838277,12.15574,75.4786,356.2631,0.1016345,-0.01070362,-0.9947636,0.0,0.0,0.0,2.445736,-0.2681114,-2.065327,0.3087002,0.251274,2.069,0.2369228,-0.06371429,-0.9694371,0.2197517,0.9755003,-0.0104072,0.9463492,-0.2105697,0.2451196,moving,71.29653,-10.77586,8.486078,6.924492
05/15/2023 12:31:51.679104,2981,True,True,True,True,Eyes,0.2916641,-0.02827555,-2.410522,0.9477458,-0.06165706,0.3130117,0.0,0.0,0.0,0.0,0.0,0.0,0.0,-2.318484,-0.08789252,0.1688672,0.3895803,-0.02734947,-2.293271,0.06671258,0.6140332,-0.09388263,0.7808321,12.6783,75.93934,356.1984,0.1032627,-0.01079765,-0.9945949,0.0,0.0,0.0,2.457247,-0.2574604,-2.080251,0.3086998,0.2485948,2.069,0.2282988,-0.06468565,-0.9714398,0.2285406,0.973471,-0.01111143,0.9463872,-0.2194767,0.2370255,moving,71.72318,-11.14346,8.486068,6.851367
05/15/2023 12:31:51.695260,2982,True,True,True,True,Eyes,0.296617,-0.02818616,-2.405554,0.9500601,-0.06217413,0.3058105,0.0,0.0,0.0,0.0,0.0,0.0,0.0,-2.315822,-0.1052276,0.1386157,0.3977857,-0.02540086,-2.28789,0.06611492,0.6178096,-0.09655087,0.7775719,12.83348,76.48391,355.9739,0.104949,-0.01088247,-0.9944174,0.0,0.0,0.0,2.467606,-0.2433099,-2.093239,0.3087,0.2459199,2.069,0.2179784,-0.06845762,-0.9735496,0.2318433,0.9726135,-0.01648192,0.9480159,-0.2221183,0.2278802,moving,72.15739,-11.49213,8.486074,6.778337
05/15/2023 12:31:51.714948,2983,True,True,True,True,Eyes,0.3016647,-0.02808311,-2.400536,0.9523087,-0.06272726,0.2986195,0.0,0.0,0.0,0.0,0.0,0.0,0.0,-2.31284,-0.11864,0.1070877,0.4053499,-0.02432407,-2.282515,0.06299536,0.6220399,-0.09611558,0.7745062,12.54205,77.08354,355.8575,0.1066923,-0.01095719,-0.9942311,0.0,0.0,0.0,2.473719,-0.2646354,-2.105451,0.3087001,0.2432324,2.068999,0.2076563,-0.07051297,-0.9756571,0.2272555,0.9735868,-0.02199487,0.9514378,-0.217156,0.2181959,moving,72.58991,-11.86293,8.486079,6.704941
05/15/2023 12:31:51.729350,2984,True,True,True,True,Eyes,0.3068067,-0.0279633,-2.395501,0.954513,-0.06329342,0.2913741,0.0,0.0,0.0,0.0,0.0,0.0,0.0,-2.30966,-0.1265152,0.07721782,0.4129068,-0.02395797,-2.277155,0.06179556,0.6257923,-0.09608269,0.7715784,12.45166,77.63327,355.8345,0.1084925,-0.01102229,-0.9940355,0.0,0.0,0.0,2.48228,-0.2721769,-2.120905,0.3087,0.2405062,2.069,0.1983042,-0.07092831,-0.9775707,0.225613,0.9738988,-0.02489539,0.9538208,-0.2156159,0.2091305,moving,73.0247,-12.25561,8.486074,6.630462
05/15/2023 12:31:51.739247,2985,True,True,True,True,Eyes,0.3120306,-0.02781166,-2.39044,0.9566131,-0.06410195,0.2842223,0.0,0.0,0.0,0.0,0.0,0.0,0.0,-2.305837,-0.1349476,0.05009043,0.420341,-0.02342436,-2.271644,0.0613921,0.6290462,-0.09694919,0.7688516,12.49614,78.11533,355.7801,0.1103477,-0.01107802,-0.9938307,0.0,0.0,0.0,2.492035,-0.2637992,-2.137485,0.3086997,0.237871,2.069,0.1898034,-0.07184213,-0.9791902,0.226316,0.9736637,-0.02756822,0.9553826,-0.2163739,0.2010637,moving,73.45262,-12.70953,8.486065,6.558446
05/15/2023 12:31:51.759854,2986,True,True,True,True,Eyes,0.3173313,-0.02765125,-2.385379,0.9586645,-0.06504796,0.2770039,0.0,0.0,0.0,0.0,0.0,0.0,0.0,-2.301739,-0.1448614,0.02362537,0.4276558,-0.0224764,-2.266307,0.06143457,0.6322044,-0.09850936,0.7660545,12.63155,78.5872,355.695,0.1122573,-0.01112399,-0.9936163,0.0,0.0,0.0,2.500643,-0.2629041,-2.152095,0.3086998,0.2351976,2.069,0.1812271,-0.07324865,-0.9807097,0.2286055,0.9730434,-0.03043164,0.9565022,-0.2186805,0.1930868,moving,73.88347,-13.21515,8.486065,6.485368
05/15/2023 12:31:51.779249,2987,True,True,True,True,Eyes,0.3226866,-0.02748843,-2.380283,0.9606274,-0.06629211,0.2698153,0.0,0.0,0.0,0.0,0.0,0.0,0.0,-2.297714,-0.1516221,-0.003908157,0.4348294,-0.0220665,-2.261179,0.06256244,0.6354709,-0.1001819,0.7630376,12.87356,79.08904,355.6836,0.1142195,-0.01116078,-0.9933922,0.0,0.0,0.0,2.508242,-0.2668869,-2.164329,0.3087001,0.2325164,2.069001,0.1722807,-0.07337184,-0.9823115,0.2323983,0.972099,-0.03185034,0.9572411,-0.2228003,0.1845254,moving,74.31133,-13.80383,8.486073,6.412055
05/15/2023 12:31:51.795292,2988,True,True,True,True,Eyes,0.3280943,-0.02727676,-2.3752,0.9625184,-0.06785636,0.2625905,0.0,0.0,0.0,0.0,0.0,0.0,0.0,-2.293513,-0.152269,-0.03285372,0.4416501,-0.02185467,-2.255867,0.06506998,0.6388991,-0.1012567,0.7598164,13.19513,79.63622,355.8341,0.1162323,-0.0111892,-0.9931585,0.0,0.0,0.0,2.515133,-0.2739533,-2.176548,0.3087001,0.2297792,2.069,0.16311,-0.07072663,-0.9840696,0.2370193,0.9710259,-0.03050308,0.9577146,-0.228268,0.1751477,moving,74.74014,-14.48892,8.486073,6.337191
05/15/2023 12:31:51.809326,2989,True,True,True,True,Eyes,0.3335663,-0.02705836,-2.37011,0.9643526,-0.06946231,0.2553412,0.0,0.0,0.0,0.0,0.0,0.0,0.0,-2.2896,-0.1509083,-0.05887246,0.4483511,-0.02039838,-2.251016,0.06959472,0.6417586,-0.1030694,0.7567557,13.74633,80.12393,356.0643,0.1182938,-0.01120802,-0.9929148,0.0,0.0,0.0,2.521347,-0.2848206,-2.189872,0.3087001,0.2272089,2.069,0.1550451,-0.06667069,-0.9856552,0.2453227,0.9690666,-0.02695893,0.9569629,-0.2376237,0.1666049,moving,75.16956,-15.21831,8.486075,6.266871
05/15/2023 12:31:51.829263,2990,True,True,True,True,Eyes,0.3390721,-0.02683809,-2.365054,0.9661301,-0.07116412,0.2480489,0.0,0.0,0.0,0.0,0.0,0.0,0.0,-2.285331,-0.1474536,-0.08992445,0.4554525,-0.02002616,-2.246047,0.0712259,0.645536,-0.102077,0.7535187,13.83513,80.7296,356.3463,0.1204025,-0.01121788,-0.9926612,0.0,0.0,0.0,2.526704,-0.2980644,-2.204113,0.3087,0.2244125,2.069001,0.1457271,-0.06187606,-0.987388,0.2457916,0.9690143,-0.02444865,0.9583059,-0.2391288,0.1564202,moving,75.60062,-16.00795,8.48607,6.190341
05/15/2023 12:31:51.839812,2991,True,True,True,True,Eyes,0.4780303,-0.02065104,-2.239837,0.9920028,-0.1180169,0.04475028,0.0,0.0,0.0,0.0,0.0,0.0,0.0,-2.281682,-0.1379971,-0.1170869,0.4617925,-0.01974417,-2.241693,0.07486249,0.6486143,-0.1011348,0.7506442,14.09824,81.25903,356.7657,0.1225556,-0.01121955,-0.9923977,0.0,0.0,0.0,2.530592,-0.3176458,-2.216563,0.3087002,0.2218398,2.069001,0.1381425,-0.05471879,-0.9888995,0.2489463,0.9683347,-0.0188048,0.9586148,-0.2435852,0.1473902,moving,87.41708,-69.23401,8.486074,6.119915
05/15/2023 12:31:51.859246,2992,True,True,True,True,Eyes,0.4783194,-0.02061562,-2.239674,0.9920415,-0.1178353,0.04436886,0.0,0.0,0.0,0.0,0.0,0.0,0.0,-2.27744,-0.133411,-0.1451982,0.4686083,-0.018767,-2.237334,0.07861573,0.6518022,-0.1013176,0.747468,14.45405,81.81001,357.1007,0.132128,-0.01097346,-0.9911714,0.4168746,0.01856115,0.3756509,2.537034,-0.3215435,-2.232578,0.3087001,0.2191314,2.069,0.1297776,-0.04897954,-0.9903327,0.2539471,0.9671086,-0.01455259,0.9584721,-0.2496035,0.1379472,moving,87.43917,-69.36699,8.486073,6.045755
05/15/2023 12:31:51.879223,2993,True,True,True,True,Eyes,0.4788649,-0.02057178,-2.23939,0.9921393,-0.1174629,0.04314997,0.0,0.0,0.0,0.0,0.0,0.0,0.0,-2.272898,-0.1305392,-0.175338,0.4758506,-0.01793617,-2.23318,0.07804817,0.6555977,-0.09864838,0.7445595,14.21554,82.40037,357.3652,0.1402173,-0.01076687,-0.9900616,0.3918621,0.01744748,0.3531118,2.541672,-0.3311086,-2.246084,0.3086998,0.216356,2.069,0.1209203,-0.04456275,-0.9916615,0.2492356,0.9683539,-0.0131243,0.9608642,-0.2455703,0.1282003,moving,87.50967,-69.8292,8.486069,5.969743
05/15/2023 12:31:51.895424,2994,True,True,True,True,Eyes,0.47968,-0.02053504,-2.238963,0.9922606,-0.1169982,0.04159684,0.0,0.0,0.0,0.0,0.0,0.0,0.0,-2.267998,-0.1289509,-0.2040826,0.4824987,-0.01769695,-2.22912,0.07758934,0.6592335,-0.09666722,0.7416513,14.03656,82.96716,357.5727,0.1471421,-0.01059071,-0.9890581,0.3683504,0.01640064,0.3319251,2.546047,-0.3435346,-2.260749,0.3087001,0.2138147,2.069,0.1121333,-0.04108776,-0.9928434,0.2456857,0.9692707,-0.01236408,0.962842,-0.242541,0.1187822,moving,87.59949,-70.42796,8.486076,5.900118
05/15/2023 12:31:51.909343,2995,True,True,True,True,Eyes,0.4807412,-0.02050629,-2.238437,0.9924175,-0.1164221,0.039415,0.0,0.0,0.0,0.0,0.0,0.0,0.0,-2.262816,-0.1290285,-0.2338583,0.4898127,-0.01786496,-2.225183,0.07712679,0.6629277,-0.09521019,0.7385888,13.89627,83.54356,357.7339,0.1534065,-0.01043022,-0.9881075,0.3462493,0.0154166,0.3120096,2.553823,-0.3353494,-2.27683,0.3086999,0.2111091,2.069001,0.1029237,-0.03838341,-0.9939484,0.2429013,0.969973,-0.01230501,0.9645755,-0.2401649,0.1091566,moving,87.72562,-71.29634,8.486067,5.825975
05/15/2023 12:31:51.929280,2996,True,True,True,True,Eyes,0.482051,-0.02048914,-2.237786,0.9925786,-0.1158579,0.03694117,0.0,0.0,0.0,0.0,0.0,0.0,0.0,-2.257434,-0.130216,-0.2619386,0.496747,-0.01802997,-2.221371,0.07633864,0.6664333,-0.09390871,0.7356768,13.73838,84.08656,357.8511,0.1590889,-0.01028431,-0.9872101,0.3254744,0.0144916,0.293289,2.560423,-0.3302534,-2.292426,0.3086997,0.2083472,2.069001,0.09409563,-0.03642371,-0.9948968,0.2399222,0.9707071,-0.01284665,0.9662214,-0.2374889,0.1000782,moving,87.86859,-72.31517,8.486062,5.750268
05/15/2023 12:31:51.939821,2997,True,True,True,True,Eyes,0.4835995,-0.02049229,-2.237022,0.99275,-0.1153205,0.03389323,0.0,0.0,0.0,0.0,0.0,0.0,0.0,-2.251582,-0.135297,-0.2905632,0.5040632,-0.0182966,-2.217643,0.07598831,0.6699536,-0.0939682,0.7325012,13.72321,84.63827,357.8853,0.1642595,-0.01015212,-0.9863643,0.3059459,0.01362211,0.2756917,2.567288,-0.32697,-2.308703,0.3086998,0.2058256,2.069001,0.08466431,-0.03584635,-0.9957645,0.2394809,0.9707915,-0.01458561,0.9672026,-0.2372317,0.09077595,moving,88.04464,-73.6217,8.486065,5.681131
05/15/2023 12:31:51.959089,2998,True,True,True,True,Eyes,0.4853816,-0.02051844,-2.236149,0.9929112,-0.1148555,0.03058703,0.0,0.0,0.0,0.0,0.0,0.0,0.0,-2.245445,-0.140713,-0.3193854,0.5114225,-0.01865274,-2.21403,0.07546586,0.6735106,-0.0940209,0.7292796,13.693,85.19542,357.9072,0.1689814,-0.01003325,-0.9855676,0.2875892,0.01280478,0.2591502,2.573635,-0.3234866,-2.324044,0.3087004,0.2031015,2.069001,0.07508723,-0.03548093,-0.9965457,0.2387892,0.97093,-0.01657671,0.9681642,-0.2367195,0.08137688,moving,88.23554,-75.08772,8.48608,5.606423
05/15/2023 12:31:51.979219,2999,True,True,True,True,Eyes,0.4874004,-0.02056684,-2.235194,0.993044,-0.114643,0.02684407,0.0,0.0,0.0,0.0,0.0,0.0,0.0,-2.238979,-0.1468514,-0.3478339,0.518859,-0.0192211,-2.210429,0.07553688,0.6769481,-0.09473417,0.7259897,13.76488,85.74462,357.9182,0.1733106,-0.009927422,-0.9848166,0.2703338,0.01203649,0.2436012,2.579324,-0.3256876,-2.340142,0.3087001,0.2003595,2.069001,0.06553354,-0.035283,-0.9972265,0.2398212,0.9706392,-0.01858225,0.9686028,-0.2379382,0.07207105,moving,88.45155,-76.82141,8.486072,5.531206
05/15/2023 12:31:51.995313,3000,True,True,True,True,Eyes,0.4896484,-0.02064114,-2.234142,0.9931561,-0.1145414,0.02282762,0.0,0.0,0.0,0.0,0.0,0.0,0.0,-2.231977,-0.1562084,-0.3767662,0.5265751,-0.01986763,-2.206898,0.07559319,0.6804397,-0.09626868,0.7225096,13.90092,86.30396,357.8607,0.1772975,-0.009834365,-0.9841076,0.2541138,0.0113143,0.2289851,2.58498,-0.3272732,-2.356575,0.3087,0.1978571,2.069001,0.05546851,-0.03623689,-0.9978027,0.2419833,0.970036,-0.02177643,0.9686938,-0.2402436,0.06257515,moving,88.6833,-78.72887,8.48607,5.462543
05/15/2023 12:31:52.009253,3001,True,True,True,True,Eyes,0.4921173,-0.02075241,-2.232951,0.9931861,-0.1150889,0.01832933,0.0,0.0,0.0,0.0,0.0,0.0,0.0,-2.224275,-0.1666313,-0.4072273,0.5343878,-0.02053541,-2.203408,0.07550535,0.6841825,-0.09792702,0.7187515,14.03645,86.90458,357.7876,0.1809875,-0.009753969,-0.9834364,0.238867,0.01063544,0.215246,2.589873,-0.3332173,-2.37278,0.3087001,0.1949128,2.069001,0.04460919,-0.03745149,-0.9983024,0.2440893,0.9694185,-0.02546074,0.9687263,-0.2425391,0.05238642,moving,88.94273,-80.95094,8.486073,5.381738
05/15/2023 12:31:52.029519,3002,True,True,True,True,Eyes,0.4948071,-0.02091136,-2.231673,0.9931923,-0.1156987,0.01352377,0.0,0.0,0.0,0.0,0.0,0.0,0.0,-2.215865,-0.1749474,-0.4401215,0.542267,-0.02153099,-2.199967,0.07536679,0.6882902,-0.09899968,0.7146855,14.12323,87.5679,357.7686,0.1844207,-0.009686653,-0.9827991,0.224535,0.009997318,0.2023312,2.594488,-0.3414672,-2.389642,0.3087005,0.1924168,2.069001,0.03291117,-0.03775882,-0.9987447,0.2452558,0.9690378,-0.02855391,0.9688996,-0.2440082,0.04115271,moving,89.21988,-83.33308,8.486081,5.313215
05/15/2023 12:31:52.039126,3003,True,True,True,True,Eyes,0.4977033,-0.02112148,-2.230322,0.9931166,-0.1168356,0.008300233,0.0,0.0,0.0,0.0,0.0,0.0,0.0,-2.206654,-0.182149,-0.4747218,0.5503173,-0.02281745,-2.196472,0.07563381,0.6926029,-0.1000434,0.7103324,14.24277,88.27592,357.791,0.1876334,-0.009633217,-0.9821914,0.2110629,0.00939748,0.1901914,2.598775,-0.3499449,-2.408028,0.3087004,0.189769,2.069002,0.02058503,-0.0373598,-0.99909,0.2468966,0.9685416,-0.03113045,0.9688233,-0.246031,0.02916146,moving,89.52115,-85.93642,8.486076,5.240509
05/15/2023 12:31:52.059435,3004,True,True,True,True,Eyes,0.5008035,-0.02139317,-2.228887,0.9930122,-0.1179778,0.002821875,0.0,0.0,0.0,0.0,0.0,0.0,0.0,-2.197144,-0.1866015,-0.5094821,0.5582393,-0.02418973,-2.193084,0.07669482,0.6968875,-0.1008646,0.7058982,14.41007,88.99833,357.8992,0.1906573,-0.009594541,-0.9816092,0.1983991,0.008833631,0.1787799,2.602971,-0.3567251,-2.428478,0.3087004,0.1871086,2.069001,0.008348354,-0.03550498,-0.9993348,0.2492956,0.9678885,-0.03230512,0.9683916,-0.24886,0.01693148,moving,89.83719,-88.62982,8.486081,5.167445
05/15/2023 12:31:52.079440,3005,True,True,True,True,Eyes,0.504101,-0.02172639,-2.227404,0.9928347,-0.1194622,-0.002817488,0.0,0.0,0.0,0.0,0.0,0.0,0.0,-2.187511,-0.187297,-0.5433136,0.5662954,-0.02594003,-2.189546,0.07772408,0.7009631,-0.1008024,0.7017468,14.50135,89.69111,358.0755,0.1935202,-0.009571879,-0.9810491,0.1864952,0.008303613,0.1680531,2.60665,-0.3649676,-2.45029,0.3087,0.1842164,2.069001,-0.003020893,-0.03251211,-0.9994668,0.250439,0.9675957,-0.03223228,0.9681277,-0.2504028,0.005219362,moving,-89.8374,88.64894,8.486068,5.087993
05/15/2023 12:31:52.095303,3006,True,True,True,True,Eyes,0.507591,-0.02209575,-2.225839,0.9925991,-0.1211292,-0.008644128,0.0,0.0,0.0,0.0,0.0,0.0,0.0,-2.177842,-0.1908509,-0.5751772,0.5744104,-0.02767833,-2.186215,0.07886275,0.7047243,-0.1015625,0.6977317,14.66679,90.33825,358.1889,0.1962477,-0.009566333,-0.9805072,0.1753054,0.007805397,0.1579699,2.609755,-0.3740293,-2.472421,0.3087001,0.1818521,2.069002,-0.01390239,-0.03057376,-0.999436,0.2528797,0.9669315,-0.033097,0.9673979,-0.2531972,-0.005711126,moving,-89.50105,85.91813,8.486068,5.023026
05/15/2023 12:31:52.110178,3007,True,True,True,True,Eyes,0.511286,-0.02251206,-2.224231,0.9923097,-0.1229185,-0.01457448,0.0,0.0,0.0,0.0,0.0,0.0,0.0,-2.167483,-0.2008733,-0.6046946,0.5825901,-0.02886137,-2.1826,0.08044541,0.7081334,-0.1041082,0.6937125,15.01411,90.94022,358.1898,0.1988622,-0.009577808,-0.9799802,0.1647871,0.007337073,0.1484917,2.61326,-0.3808159,-2.493054,0.3087002,0.1790462,2.069001,-0.02458303,-0.0305101,-0.9992321,0.2583745,0.9653801,-0.03583297,0.9657321,-0.259057,-0.01584898,moving,-89.15853,83.23799,8.486074,4.945912
05/15/2023 12:31:52.128951,3008,True,True,True,True,Eyes,0.5151579,-0.02299649,-2.222542,0.9919847,-0.1246591,-0.02064605,0.0,0.0,0.0,0.0,0.0,0.0,0.0,-2.156463,-0.2091321,-0.6363828,0.5913088,-0.03033391,-2.179103,0.08006705,0.711926,-0.1050616,0.6897194,15.07242,91.57255,358.1649,0.2013838,-0.009606668,-0.9794648,0.1548999,0.006896848,0.1395822,2.61626,-0.3904682,-2.512393,0.3086998,0.1763449,2.069001,-0.03575315,-0.0309224,-0.9988823,0.2589297,0.9651027,-0.03914456,0.9652344,-0.2600397,-0.02649871,moving,-88.80769,80.59604,8.486065,4.871654
05/15/2023 12:31:52.139396,3009,True,True,True,True,Eyes,0.5192168,-0.02352137,-2.220785,0.9915959,-0.1265901,-0.0266968,0.0,0.0,0.0,0.0,0.0,0.0,0.0,-2.145935,-0.2135291,-0.6648197,0.5994934,-0.03245144,-2.175355,0.07994386,0.7152153,-0.1054715,0.6862593,15.10532,92.12793,358.1951,0.2038301,-0.009654191,-0.9789582,0.1456059,0.006483037,0.1312073,2.618016,-0.4064526,-2.530083,0.3087003,0.1738343,2.069001,-0.04531433,-0.03040745,-0.9985099,0.2591158,0.9649695,-0.04114524,0.9647827,-0.2605941,-0.03584797,moving,-88.45779,78.09129,8.486078,4.802626
05/15/2023 12:31:52.158998,3010,True,True,True,True,Eyes,0.5234765,-0.02408171,-2.218947,0.9911779,-0.1284,-0.03285725,0.0,0.0,0.0,0.0,0.0,0.0,0.0,-2.135422,-0.2235468,-0.6907878,0.6081253,-0.03386316,-2.171687,0.08086458,0.7180378,-0.107716,0.6828469,15.37436,92.62946,358.1588,0.2062175,-0.009720316,-0.9784575,0.1368695,0.006094055,0.1233348,2.621661,-0.4127125,-2.548984,0.3087003,0.1711628,2.069001,-0.05436222,-0.03097941,-0.9980406,0.2632347,0.9637163,-0.04425207,0.963199,-0.2651246,-0.04423484,moving,-88.10136,75.64617,8.486077,4.729154
05/15/2023 12:31:52.179258,3011,True,True,True,True,Eyes,0.5279139,-0.02468992,-2.21702,0.9907346,-0.1301126,-0.03893211,0.0,0.0,0.0,0.0,0.0,0.0,0.0,-2.124147,-0.2324598,-0.7180882,0.6172667,-0.0352747,-2.167816,0.07917052,0.7211702,-0.1082443,0.6796535,15.29222,93.13239,358.0426,0.2085606,-0.009804755,-0.9779599,0.1286574,0.005728412,0.1159347,2.625298,-0.4184254,-2.564697,0.3087002,0.1684842,2.069,-0.06360648,-0.03294641,-0.9974312,0.2613281,0.9640304,-0.04850809,0.9631521,-0.2637422,-0.05270877,moving,-87.74966,73.34184,8.486076,4.655476
05/15/2023 12:31:52.195291,3012,True,True,True,True,Eyes,0.5325333,-0.02534035,-2.215015,0.9902447,-0.1318382,-0.04509995,0.0,0.0,0.0,0.0,0.0,0.0,0.0,-2.113135,-0.2397067,-0.743974,0.625991,-0.03701755,-2.164038,0.07754242,0.7241133,-0.1085609,0.6766549,15.19825,93.60661,357.9442,0.2108729,-0.009907836,-0.9774629,0.1209379,0.005384707,0.1089787,2.627853,-0.4321619,-2.578643,0.3087003,0.1658241,2.069,-0.07225096,-0.03461754,-0.9967856,0.2592155,0.9644035,-0.05228188,0.9631132,-0.2621597,-0.06070562,moving,-87.39231,71.11493,8.48608,4.582289
05/15/2023 12:31:52.209431,3013,True,True,True,True,Eyes,0.5373387,-0.02602652,-2.212931,0.9897305,-0.1334556,-0.05121538,0.0,0.0,0.0,0.0,0.0,0.0,0.0,-2.101336,-0.2503998,-0.7697434,0.6350398,-0.0386534,-2.160104,0.07692821,0.7269603,-0.1102207,0.6733959,15.29913,94.08898,357.8256,0.2131653,-0.01002956,-0.9769644,0.1136816,0.005061625,0.1024399,2.632993,-0.43398,-2.592685,0.3086997,0.1630116,2.069001,-0.08123979,-0.03659683,-0.9960226,0.2602918,0.9638669,-0.05664584,0.9621062,-0.2638584,-0.06877851,moving,-87.03777,69.00503,8.486062,4.504889
05/15/2023 12:31:52.229113,3014,True,True,True,True,Eyes,0.5423117,-0.02676651,-2.210772,0.9891849,-0.1349712,-0.05741122,0.0,0.0,0.0,0.0,0.0,0.0,0.0,-2.089198,-0.2586735,-0.796526,0.6443529,-0.04016794,-2.156226,0.07489926,0.7300065,-0.1105322,0.6702711,15.17594,94.57835,357.6948,0.2154485,-0.01016967,-0.9764619,0.1068607,0.004757928,0.09629354,2.637933,-0.4354726,-2.60573,0.3087001,0.1603476,2.069,-0.09025361,-0.03881916,-0.9951621,0.2575269,0.9643455,-0.06097279,0.962047,-0.261784,-0.07703868,moving,-86.67834,66.95708,8.486076,4.431567
05/15/2023 12:31:52.239362,3015,True,True,True,True,Eyes,0.547455,-0.02755937,-2.208523,0.9885982,-0.1365069,-0.06355755,0.0,0.0,0.0,0.0,0.0,0.0,0.0,-2.077098,-0.2653532,-0.8221409,0.653402,-0.04220086,-2.152196,0.07345897,0.732847,-0.1109401,0.6672568,15.10782,95.04636,357.6027,0.2177315,-0.01032875,-0.9759538,0.1004491,0.004472452,0.09051593,2.641605,-0.4438767,-2.618811,0.3087004,0.1576951,2.069,-0.0987448,-0.04038271,-0.9942932,0.2557195,0.9645921,-0.06457229,0.961695,-0.2606362,-0.08492186,moving,-86.32148,65.03335,8.486087,4.358546
05/15/2023 12:31:52.259920,3016,True,True,True,True,Eyes,0.5527643,-0.02839528,-2.20621,0.9879781,-0.1379482,-0.06978269,0.0,0.0,0.0,0.0,0.0,0.0,0.0,-2.064986,-0.2724214,-0.8472143,0.6626223,-0.04423365,-2.148284,0.07295062,0.7355292,-0.1119054,0.6641929,15.16062,95.50836,357.5453,0.2200221,-0.01050725,-0.9754381,0.09442215,0.004204105,0.08508497,2.64688,-0.4443214,-2.632275,0.3087003,0.1549872,2.069,-0.1070521,-0.04133887,-0.9933937,0.2559681,0.9643108,-0.06771276,0.9607396,-0.2615259,-0.09265012,moving,-85.9598,63.1669,8.486082,4.283981
05/15/2023 12:31:52.279113,3017,True,True,True,True,Eyes,0.5582524,-0.02924547,-2.203684,0.9870011,-0.1406999,-0.07766747,0.0,0.0,0.0,0.0,0.0,0.0,0.0,-2.052708,-0.2756954,-0.8731453,0.6719698,-0.04611136,-2.144372,0.07227913,0.7383246,-0.1118126,0.6611736,15.11078,95.9869,357.5586,0.2223274,-0.01070518,-0.9749131,0.08875682,0.003951859,0.07997987,2.651599,-0.4470701,-2.644669,0.3087007,0.1522441,2.069001,-0.1152504,-0.04112419,-0.9924849,0.254586,0.9645473,-0.06952988,0.9601581,-0.2606861,-0.1006949,moving,-85.50065,61.10095,8.48609,4.208434
05/15/2023 12:31:52.295641,3018,True,True,True,True,Eyes,0.5639108,-0.03010614,-2.201103,0.9859866,-0.1432087,-0.08556642,0.0,0.0,0.0,0.0,0.0,0.0,0.0,-2.040284,-0.2792589,-0.8987253,0.6814372,-0.04724933,-2.140528,0.07171609,0.7410744,-0.1116781,0.6581745,15.06573,96.46157,357.5836,0.2246555,-0.01092133,-0.9743767,0.08343142,0.003714747,0.07518107,2.655658,-0.453758,-2.656773,0.3087003,0.149676,2.069001,-0.1233264,-0.04071346,-0.9915308,0.2533013,0.9647697,-0.07112015,0.9594943,-0.2599269,-0.1086688,moving,-85.04015,59.14192,8.486078,4.137692
05/15/2023 12:31:52.309832,3019,True,True,True,True,Eyes,0.5697082,-0.03094945,-2.198571,0.9849398,-0.1455496,-0.09332236,0.0,0.0,0.0,0.0,0.0,0.0,0.0,-2.027155,-0.2815,-0.9254043,0.691198,-0.04839206,-2.136557,0.07006645,0.7440147,-0.1107298,0.6551884,14.86738,96.94892,357.5785,0.2270117,-0.01115435,-0.9738279,0.07842553,0.003491862,0.07067021,2.660392,-0.4563475,-2.669313,0.3087002,0.1470313,2.069001,-0.1316378,-0.04083679,-0.9904565,0.2493587,0.9656592,-0.07295568,0.9594228,-0.2565826,-0.1169343,moving,-84.58743,57.33313,8.486074,4.064828
05/15/2023 12:31:52.329506,3020,True,True,True,True,Eyes,0.5756718,-0.03175145,-2.195992,0.983838,-0.1477921,-0.1010957,0.0,0.0,0.0,0.0,0.0,0.0,0.0,-2.014347,-0.2862821,-0.9499339,0.7006776,-0.04870836,-2.132745,0.06944922,0.7466502,-0.1107329,0.6522489,14.83011,97.40681,357.5845,0.2293989,-0.01140183,-0.9732655,0.0,0.0,0.0,2.66511,-0.4583989,-2.681711,0.3086991,0.144291,2.069001,-0.1394965,-0.04074229,-0.9893842,0.2481594,0.9658301,-0.0747611,0.9586229,-0.2559538,-0.1246193,moving,-84.13308,55.62633,8.486046,3.989318
05/15/2023 12:31:52.339624,3021,True,True,True,True,Eyes,0.5817761,-0.03246563,-2.193438,0.9826956,-0.1499243,-0.1087756,0.0,0.0,0.0,0.0,0.0,0.0,0.0,-2.00068,-0.2915337,-0.9757442,0.7106738,-0.04852167,-2.128938,0.06915734,0.7494284,-0.1108199,0.6490711,14.82569,97.89895,357.6165,0.2318209,-0.01166046,-0.9726883,0.0,0.0,0.0,2.67093,-0.45508,-2.694583,0.3087003,0.1416524,2.069001,-0.147848,-0.04020303,-0.9881927,0.2475169,0.9658724,-0.07632708,0.9575366,-0.2558792,-0.1328513,moving,-83.68359,54.03774,8.486076,3.916596
05/15/2023 12:31:52.359427,3022,True,True,True,True,Eyes,0.5880446,-0.03306798,-2.190845,0.9815036,-0.1519341,-0.1164761,0.0,0.0,0.0,0.0,0.0,0.0,0.0,-1.98803,-0.2957377,-0.9993628,0.720448,-0.04705594,-2.125368,0.06886551,0.7519237,-0.1104247,0.6462775,14.77799,98.34087,357.6785,0.2342801,-0.01192527,-0.9720958,0.0,0.0,0.0,2.675513,-0.4565566,-2.706401,0.3087,0.1390488,2.069001,-0.155166,-0.03916675,-0.9871117,0.2462932,0.9661279,-0.07704939,0.956694,-0.2550743,-0.1402636,moving,-83.2323,52.52542,8.48607,3.844827
05/15/2023 12:31:52.379393,3023,True,True,True,True,Eyes,0.5944718,-0.03361685,-2.188214,0.9803044,-0.1535936,-0.1241458,0.0,0.0,0.0,0.0,0.0,0.0,0.0,-1.973622,-0.3038985,-1.024822,0.7307136,-0.0449812,-2.121752,0.06784799,0.7547414,-0.110483,0.6430827,14.71647,98.83052,357.6485,0.2367798,-0.01219073,-0.9714866,0.0,0.0,0.0,2.679862,-0.4588975,-2.71925,0.3086997,0.1360935,2.069,-0.1636824,-0.03968402,-0.9857146,0.2445148,0.9663804,-0.07950843,0.9557304,-0.2540359,-0.1484762,moving,-82.78248,51.05228,8.486063,3.763348
05/15/2023 12:31:52.395316,3024,True,True,True,True,Eyes,0.6010203,-0.03404548,-2.185547,0.9790513,-0.1553005,-0.1316826,0.0,0.0,0.0,0.0,0.0,0.0,0.0,-1.960365,-0.2991908,-1.051442,0.7409398,-0.04432653,-2.118282,0.06500527,0.7576804,-0.1071214,0.640484,14.21713,99.29739,357.7112,0.2393232,-0.01245442,-0.9708599,0.0,0.0,0.0,2.684855,-0.457812,-2.73059,0.3087001,0.1336093,2.069,-0.1711091,-0.0387127,-0.9844913,0.2357256,0.9685986,-0.07905792,0.9566375,-0.2455973,-0.1566105,moving,-82.33968,49.70467,8.486073,3.694843
05/15/2023 12:31:52.409275,3025,True,True,True,True,Eyes,0.6077532,-0.03435271,-2.182824,0.9777506,-0.1569933,-0.1391291,0.0,0.0,0.0,0.0,0.0,0.0,0.0,-1.949843,-0.3085582,-1.067607,0.7504423,-0.04184377,-2.114703,0.06576809,0.7590537,-0.1083666,0.6385676,14.38918,99.56634,357.7188,0.2419112,-0.01271121,-0.9702149,0.0,0.0,0.0,2.689618,-0.4562538,-2.743654,0.3087,0.1309819,2.069,-0.1758118,-0.03855582,-0.9836685,0.2382419,0.9678625,-0.08051741,0.9551602,-0.2485069,-0.160976,moving,-81.90146,48.4523,8.486073,3.622381
05/15/2023 12:31:52.429307,3026,True,True,True,True,Eyes,0.6145964,-0.03458519,-2.180081,0.9764482,-0.158428,-0.1464567,0.0,0.0,0.0,0.0,0.0,0.0,0.0,-1.93786,-0.3201945,-1.087444,0.7614393,-0.03928334,-2.111641,0.06277493,0.7609569,-0.1085926,0.6365621,14.193,99.8587,357.4748,0.2445476,-0.01295647,-0.9695505,0.0,0.0,0.0,2.697602,-0.4403193,-2.756351,0.3087002,0.1281217,2.069,-0.1816957,-0.04271386,-0.9824266,0.2337899,0.9685339,-0.08534829,0.955159,-0.2451889,-0.1659924,moving,-81.46984,47.24857,8.48608,3.543486
05/15/2023 12:31:52.439739,3027,True,True,True,True,Eyes,0.6215495,-0.03478498,-2.17731,0.9750265,-0.1603048,-0.1537061,0.0,0.0,0.0,0.0,0.0,0.0,0.0,-1.926946,-0.325912,-1.105265,0.7709447,-0.03775506,-2.108356,0.05960336,0.7626839,-0.107749,0.6349418,13.88926,100.1143,357.2892,0.2472322,-0.01318801,-0.9688663,0.0,0.0,0.0,2.702327,-0.4463128,-2.761536,0.3086995,0.1256316,2.069001,-0.1865931,-0.04591164,-0.9813641,0.2277457,0.9696752,-0.08866754,0.9556752,-0.2400462,-0.1704785,moving,-81.04144,46.20385,8.486058,3.474785
05/15/2023 12:31:52.459453,3028,True,True,True,True,Eyes,0.6286029,-0.03492844,-2.174531,0.9735497,-0.1623126,-0.1607974,0.0,0.0,0.0,0.0,0.0,0.0,0.0,-1.915878,-0.3417813,-1.120269,0.7805316,-0.03709731,-2.105183,0.06022306,0.7638781,-0.1109274,0.632897,14.22321,100.3572,357.1377,0.2499651,-0.01340578,-0.9681618,0.0,0.0,0.0,2.710312,-0.4407079,-2.768846,0.3086998,0.1229249,2.068999,-0.1916292,-0.04840511,-0.980273,0.2324174,0.9681365,-0.09324006,0.9535514,-0.2457,-0.1742731,moving,-80.62135,45.26868,8.486073,3.400101
05/15/2023 12:31:52.479278,3029,True,True,True,True,Eyes,0.6357599,-0.03500682,-2.171726,0.9719713,-0.1646015,-0.1678632,0.0,0.0,0.0,0.0,0.0,0.0,0.0,-1.90583,-0.3556089,-1.134027,0.790026,-0.03583685,-2.102198,0.06096411,0.7648851,-0.1135381,0.6311445,14.51548,100.567,357.0361,0.2527453,-0.01360861,-0.9674369,0.0,0.0,0.0,2.717986,-0.4321324,-2.774672,0.3087001,0.1200929,2.069,-0.1958804,-0.05005686,-0.9793496,0.236579,0.966785,-0.09673297,0.9516626,-0.2506416,-0.1775318,moving,-80.20145,44.43792,8.486074,3.321946
05/15/2023 12:31:52.495303,3030,True,True,True,True,Eyes,0.6430116,-0.0350232,-2.168931,0.9703517,-0.1668538,-0.1748639,0.0,0.0,0.0,0.0,0.0,0.0,0.0,-1.894627,-0.3690216,-1.149995,0.7995679,-0.03432409,-2.099474,0.06091808,0.7662842,-0.1156455,0.6290658,14.70708,100.8339,356.9101,0.2555727,-0.01379511,-0.9666912,0.0,0.0,0.0,2.721613,-0.4465119,-2.779333,0.3087003,0.1176297,2.069001,-0.2011306,-0.05213609,-0.9781761,0.2388583,0.9658303,-0.1005916,0.9499966,-0.2538775,-0.1818049,moving,-79.78455,43.6572,8.486079,3.253956
05/15/2023 12:31:52.509333,3031,True,True,True,True,Eyes,0.6503654,-0.03496542,-2.16614,0.9686537,-0.1691068,-0.1819697,0.0,0.0,0.0,0.0,0.0,0.0,0.0,-1.881822,-0.3815213,-1.168666,0.809123,-0.03283453,-2.096862,0.05977616,0.7681583,-0.1171059,0.6266148,14.76321,101.1673,356.7438,0.2584462,-0.01396415,-0.9659244,0.0,0.0,0.0,2.725739,-0.4587486,-2.782954,0.3087002,0.114936,2.069001,-0.2075616,-0.05492549,-0.976679,0.2385957,0.965426,-0.1049985,0.9486784,-0.254825,-0.1872804,moving,-79.36051,42.90171,8.486074,3.179596
05/15/2023 12:31:52.529258,3032,True,True,True,True,Eyes,0.6578206,-0.03484266,-2.163369,0.9669304,-0.1711218,-0.1891111,0.0,0.0,0.0,0.0,0.0,0.0,0.0,-1.868109,-0.3909687,-1.189776,0.8188838,-0.03119065,-2.094448,0.05822158,0.77039,-0.1176275,0.6239178,14.70776,101.5572,356.6172,0.261365,-0.01411414,-0.9651365,0.0,0.0,0.0,2.729851,-0.467208,-2.78889,0.3087002,0.1123213,2.069001,-0.2146738,-0.0570731,-0.9750169,0.2364864,0.965548,-0.1085871,0.947623,-0.253889,-0.1937808,moving,-78.93385,42.14113,8.486073,3.107405
05/15/2023 12:31:52.539330,3033,True,True,True,True,Eyes,0.6653742,-0.03467963,-2.16062,0.9651412,-0.1729564,-0.1964398,0.0,0.0,0.0,0.0,0.0,0.0,0.0,-1.852054,-0.3957398,-1.21568,0.8288172,-0.02935462,-2.092079,0.05551981,0.7733783,-0.116565,0.6206579,14.43108,102.063,356.518,0.2643285,-0.01424407,-0.9643273,0.0,0.0,0.0,2.734023,-0.4711801,-2.797358,0.3087004,0.1096335,2.069001,-0.2234028,-0.05881827,-0.97295,0.2305695,0.9666603,-0.11138,0.9470633,-0.2492152,-0.202393,moving,-78.49547,41.36247,8.486081,3.033187
05/15/2023 12:31:52.559057,3034,True,True,True,True,Eyes,0.6730193,-0.03450356,-2.157892,0.963326,-0.1745736,-0.2037822,0.0,0.0,0.0,0.0,0.0,0.0,0.0,-1.836372,-0.3969527,-1.24173,0.8387402,-0.02827057,-2.089842,0.05251946,0.7763323,-0.1148135,0.6175499,14.07157,102.5578,356.4382,0.2673356,-0.0143541,-0.9634963,0.0,0.0,0.0,2.738552,-0.4707864,-2.807987,0.3086998,0.1070057,2.069,-0.2317477,-0.06026109,-0.9709077,0.2233513,0.9681191,-0.1134001,0.946788,-0.2431337,-0.2109,moving,-78.05573,40.58558,8.486065,2.960618
05/15/2023 12:31:52.579588,3035,True,True,True,True,Eyes,0.680765,-0.03431644,-2.155181,0.9614583,-0.176232,-0.2110457,0.0,0.0,0.0,0.0,0.0,0.0,0.0,-1.821196,-0.3985559,-1.266219,0.848612,-0.02781375,-2.087582,0.0506346,0.7790067,-0.1137191,0.6145345,13.85168,103.0255,356.405,0.2703852,-0.0144456,-0.9626436,0.0,0.0,0.0,2.74339,-0.4622535,-2.822803,0.3087002,0.1043641,2.069,-0.2395671,-0.06087923,-0.9689693,0.218658,0.9690082,-0.1149425,0.9459368,-0.2394093,-0.2188308,moving,-77.6196,39.8633,8.48608,2.887656
05/15/2023 12:31:52.595606,3036,True,True,True,True,Eyes,0.6885915,-0.03410412,-2.1525,0.9595281,-0.1779434,-0.2182702,0.0,0.0,0.0,0.0,0.0,0.0,0.0,-1.806812,-0.4047376,-1.288226,0.8586947,-0.02737586,-2.085618,0.05022996,0.7812594,-0.1141773,0.6116161,13.87752,103.4483,356.3868,0.2734765,-0.01451987,-0.9617688,0.0,0.0,0.0,2.748815,-0.4514759,-2.837445,0.3087001,0.1016827,2.069001,-0.2468053,-0.06118013,-0.9671318,0.2181506,0.968881,-0.1169613,0.9441913,-0.2398471,-0.2257785,moving,-77.18463,39.18843,8.486073,2.813583
05/15/2023 12:31:52.609719,3037,True,True,True,True,Eyes,0.696506,-0.03389967,-2.149841,0.9575348,-0.1798316,-0.2253613,0.0,0.0,0.0,0.0,0.0,0.0,0.0,-1.792458,-0.4144744,-1.30837,0.8685021,-0.02653125,-2.083633,0.0506269,0.7833001,-0.1156298,0.6086934,14.05057,103.8515,356.3679,0.276608,-0.01457747,-0.960872,0.0,0.0,0.0,2.753448,-0.4460146,-2.850842,0.3086997,0.09899862,2.069001,-0.2538585,-0.06145414,-0.9652871,0.2200783,0.9681333,-0.1195132,0.9418712,-0.2427782,-0.2322442,moving,-76.75613,38.58881,8.486062,2.739429
05/15/2023 12:31:52.629111,3038,True,True,True,True,Eyes,0.7044718,-0.03370505,-2.147218,0.9554656,-0.1819367,-0.2323456,0.0,0.0,0.0,0.0,0.0,0.0,0.0,-1.778939,-0.4188179,-1.329067,0.8784612,-0.02648713,-2.081839,0.05159379,0.7853222,-0.1161471,0.6059017,14.17873,104.258,356.469,0.2797785,-0.01462036,-0.9599531,0.0,0.0,0.0,2.757033,-0.4492601,-2.862565,0.3087001,0.09624077,2.069,-0.2604424,-0.05971203,-0.9636413,0.221783,0.9676959,-0.1199043,0.9396713,-0.2449474,-0.2387859,moving,-76.33237,38.06248,8.486076,2.663227
05/15/2023 12:31:52.639530,3039,True,True,True,True,Eyes,0.7125229,-0.0335397,-2.144596,0.9533235,-0.18435,-0.2391428,0.0,0.0,0.0,0.0,0.0,0.0,0.0,-1.768136,-0.4269035,-1.344094,0.8877003,-0.02646434,-2.080006,0.05526616,0.7865238,-0.1183502,0.6035885,14.64839,104.5677,356.6857,0.2829854,-0.01465038,-0.959012,0.0,0.0,0.0,2.759454,-0.4572487,-2.87331,0.3087001,0.09354243,2.069,-0.265253,-0.05593329,-0.962555,0.2298059,0.9658778,-0.1194544,0.9363919,-0.2528865,-0.2433482,moving,-75.91784,37.62785,8.486078,2.588661
05/15/2023 12:31:52.659199,3040,True,True,True,True,Eyes,0.7206219,-0.03339546,-2.142023,0.9511124,-0.1869721,-0.2458186,0.0,0.0,0.0,0.0,0.0,0.0,0.0,-1.757144,-0.4358316,-1.359807,0.8975318,-0.02696392,-2.078531,0.05858056,0.7877362,-0.1206738,0.6012303,15.10324,104.8797,356.8642,0.2862281,-0.01467009,-0.958049,0.0,0.0,0.0,2.762419,-0.4636815,-2.884271,0.3087001,0.09097373,2.069,-0.2701809,-0.05281349,-0.96136,0.2373976,0.9640123,-0.1196775,0.9330834,-0.2605591,-0.2479199,moving,-75.5088,37.25698,8.486074,2.517668
05/15/2023 12:31:52.679221,3041,True,True,True,True,Eyes,0.7288025,-0.03324534,-2.139457,0.9488317,-0.1898771,-0.2523193,0.0,0.0,0.0,0.0,0.0,0.0,0.0,-1.746493,-0.447973,-1.373454,0.9068203,-0.0272561,-2.077071,0.0613713,0.7887489,-0.1235662,0.5990328,15.57218,105.1518,356.9516,0.2895036,-0.01468137,-0.9570641,0.0,0.0,0.0,2.76348,-0.4817662,-2.89117,0.3087003,0.08819634,2.069,-0.2747867,-0.05122728,-0.9601396,0.2448535,0.96193,-0.1213985,0.9298059,-0.2684522,-0.2517824,moving,-75.1082,36.96245,8.486082,2.4409
05/15/2023 12:31:52.695420,3042,True,True,True,True,Eyes,0.7370564,-0.03309862,-2.136953,0.9465114,-0.1927518,-0.2587721,0.0,0.0,0.0,0.0,0.0,0.0,0.0,-1.734372,-0.4688849,-1.386546,0.916621,-0.02691688,-2.075931,0.06369065,0.7897394,-0.1281271,0.5965222,16.16234,105.4265,356.8808,0.2928113,-0.01468478,-0.9560573,0.0,0.0,0.0,2.764996,-0.4998494,-2.898493,0.3087006,0.08559504,2.068999,-0.2802096,-0.05226335,-0.9585151,0.2534594,0.9590538,-0.1263883,0.9258731,-0.2783599,-0.2554894,moving,-74.70924,36.68135,8.486094,2.36899
05/15/2023 12:31:52.711304,3043,True,True,True,True,Eyes,0.745368,-0.03297675,-2.134502,0.9442018,-0.1954401,-0.2651154,0.0,0.0,0.0,0.0,0.0,0.0,0.0,-1.720626,-0.4793229,-1.405075,0.9266521,-0.02683514,-2.074882,0.06328674,0.791516,-0.1295649,0.5938942,16.27671,105.7776,356.7924,0.2961494,-0.01468117,-0.9550286,0.0,0.0,0.0,2.76608,-0.5186765,-2.904478,0.3087,0.0829801,2.069,-0.2865693,-0.05371074,-0.956553,0.2540806,0.9584154,-0.1299341,0.923754,-0.2802766,-0.2610055,moving,-74.31618,36.39722,8.486073,2.296695
05/15/2023 12:31:52.730493,3044,True,True,True,True,Eyes,0.7537438,-0.03288085,-2.132114,0.9418514,-0.1981196,-0.2714122,0.0,0.0,0.0,0.0,0.0,0.0,0.0,-1.707623,-0.4840234,-1.424047,0.9363239,-0.02728894,-2.073817,0.06354918,0.7933249,-0.1299799,0.5913563,16.34337,106.1433,356.8399,0.2995158,-0.01467229,-0.9539782,0.0,0.0,0.0,2.766074,-0.5420818,-2.910566,0.3086998,0.08017847,2.069,-0.2925185,-0.05289861,-0.9547955,0.2545592,0.9581335,-0.1310723,0.9217551,-0.2813931,-0.2668059,moving,-73.92467,36.12788,8.486066,2.219231
05/15/2023 12:31:52.739436,3045,True,True,True,True,Eyes,0.7621957,-0.03280256,-2.129802,0.9395338,-0.2004897,-0.2776332,0.0,0.0,0.0,0.0,0.0,0.0,0.0,-1.695012,-0.489628,-1.442223,0.9462592,-0.02789868,-2.07283,0.06457689,0.7949598,-0.1307989,0.5888637,16.4999,106.4964,356.9286,0.3029088,-0.01465973,-0.9529065,0.0,0.0,0.0,2.769141,-0.5489751,-2.920267,0.3086998,0.07755822,2.069001,-0.2981386,-0.05137337,-0.9531389,0.2567175,0.9574429,-0.1319057,0.9193527,-0.2840137,-0.2722623,moving,-73.53754,35.83451,8.486064,2.146775
05/15/2023 12:31:52.759840,3046,True,True,True,True,Eyes,0.7707244,-0.03275986,-2.127557,0.9371985,-0.2027246,-0.2838337,0.0,0.0,0.0,0.0,0.0,0.0,0.0,-1.682325,-0.4916278,-1.462115,0.9565774,-0.02823938,-2.072161,0.06405285,0.7967939,-0.1303557,0.5865359,16.43168,106.8461,356.9615,0.3063271,-0.01464456,-0.9518135,0.0,0.0,0.0,2.772187,-0.5541128,-2.930394,0.3087,0.07484165,2.069,-0.3037462,-0.0508428,-0.9513957,0.2549904,0.9578092,-0.1325947,0.9179971,-0.2828719,-0.2779665,moving,-73.15089,35.53584,8.486072,2.071649
05/15/2023 12:31:52.779478,3047,True,True,True,True,Eyes,0.7793361,-0.03276207,-2.125377,0.934882,-0.2046813,-0.2900022,0.0,0.0,0.0,0.0,0.0,0.0,0.0,-1.668797,-0.494463,-1.482509,0.966961,-0.02895203,-2.071559,0.06340439,0.7987139,-0.130149,0.5840354,16.37748,107.2136,356.9685,0.3097694,-0.01462853,-0.9506989,0.0,0.0,0.0,2.774895,-0.5622715,-2.939895,0.3086998,0.0721824,2.069,-0.3097654,-0.0507393,-0.9494583,0.2533072,0.9580823,-0.1338428,0.9164503,-0.2819644,-0.283928,moving,-72.76601,35.21415,8.486068,1.9981
05/15/2023 12:31:52.795301,3048,True,True,True,True,Eyes,0.7880222,-0.03282376,-2.123268,0.9325473,-0.2065246,-0.2961473,0.0,0.0,0.0,0.0,0.0,0.0,0.0,-1.654623,-0.495691,-1.504035,0.9775146,-0.03005554,-2.071031,0.06304848,0.8007689,-0.1297017,0.5813532,16.32163,107.6143,357.0237,0.3132346,-0.01461364,-0.949563,0.0,0.0,0.0,2.779874,-0.5626096,-2.950188,0.3087003,0.06952001,2.069001,-0.3161068,-0.04983045,-0.9474142,0.2517795,0.9584047,-0.1344153,0.9147041,-0.281029,-0.2904119,moving,-72.38181,34.89081,8.486077,1.924458
05/15/2023 12:31:52.810021,3049,True,True,True,True,Eyes,0.7967811,-0.03294313,-2.121236,0.9302093,-0.2082904,-0.3022013,0.0,0.0,0.0,0.0,0.0,0.0,0.0,-1.641922,-0.4945112,-1.524416,0.9879994,-0.03154835,-2.070545,0.06345098,0.802582,-0.1289855,0.5789637,16.29092,107.9823,357.1631,0.3167218,-0.01460232,-0.9484059,0.0,0.0,0.0,2.784408,-0.5639499,-2.961052,0.3086999,0.06685245,2.069002,-0.3215501,-0.04750662,-0.9457001,0.2512051,0.9586734,-0.1335713,0.9129632,-0.2805145,-0.2963276,moving,-72.00234,34.57632,8.486064,1.850666
05/15/2023 12:31:52.829455,3050,True,True,True,True,Eyes,0.8056306,-0.03310887,-2.119286,0.9278585,-0.2100353,-0.3081618,0.0,0.0,0.0,0.0,0.0,0.0,0.0,-1.631068,-0.4973179,-1.541508,0.9985586,-0.03303425,-2.070203,0.0648301,0.80386,-0.1293942,0.5769432,16.42955,108.2758,357.3063,0.3202293,-0.01459667,-0.9472274,0.0,0.0,0.0,2.788633,-0.5653081,-2.972997,0.3087,0.06425178,2.069,-0.3258676,-0.04507755,-0.9443402,0.2535349,0.9581084,-0.1332231,0.9107857,-0.2828362,-0.3007877,moving,-71.62756,34.27735,8.486072,1.77872
05/15/2023 12:31:52.839777,3051,True,True,True,True,Eyes,0.8145727,-0.03331049,-2.117416,0.9255308,-0.2116372,-0.3140101,0.0,0.0,0.0,0.0,0.0,0.0,0.0,-1.620656,-0.5009745,-1.558376,1.0096,-0.03429878,-2.070162,0.06550304,0.8050387,-0.1297883,0.5751323,16.51791,108.5344,357.3799,0.3237569,-0.01459807,-0.9460275,0.0,0.0,0.0,2.793138,-0.5675209,-2.983815,0.3086997,0.06162384,2.069,-0.3298645,-0.04382589,-0.9430104,0.2547558,0.9577287,-0.1336233,0.9090043,-0.284315,-0.3047558,moving,-71.25917,33.97927,8.486066,1.706014
05/15/2023 12:31:52.859767,3052,True,True,True,True,Eyes,0.8236145,-0.03355741,-2.115637,0.9232227,-0.2130787,-0.3197768,0.0,0.0,0.0,0.0,0.0,0.0,0.0,-1.61088,-0.5018672,-1.575594,1.020714,-0.03538567,-2.070311,0.06492285,0.8062341,-0.1293141,0.5736285,16.43921,108.7599,357.3903,0.3273036,-0.0146073,-0.9448061,0.0,0.0,0.0,2.797285,-0.5758094,-2.991883,0.3087001,0.0587914,2.069001,-0.3334709,-0.04367044,-0.9417486,0.2530425,0.9581258,-0.1340316,0.9081669,-0.282998,-0.3084566,moving,-70.89545,33.67694,8.486073,1.627642
05/15/2023 12:31:52.879137,3053,True,True,True,True,Eyes,0.8327531,-0.03386918,-2.113961,0.9210084,-0.2145335,-0.3251444,0.0,0.0,0.0,0.0,0.0,0.0,0.0,-1.600321,-0.5018376,-1.59424,1.032151,-0.03674206,-2.070697,0.06376377,0.8076032,-0.1285663,0.5719982,16.29641,109.0057,357.3673,0.3308687,-0.01462545,-0.9435632,0.0,0.0,0.0,2.802737,-0.5825595,-2.999275,0.3086999,0.05587812,2.069,-0.3375043,-0.0440877,-0.9402907,0.250071,0.9588098,-0.1347156,0.9074993,-0.2806066,-0.3125774,moving,-70.5554,33.41723,8.486071,1.547029
05/15/2023 12:31:52.895282,3054,True,True,True,True,Eyes,0.8419878,-0.03425509,-2.112379,0.9188091,-0.2159217,-0.3304052,0.0,0.0,0.0,0.0,0.0,0.0,0.0,-1.590854,-0.4993861,-1.612668,1.043681,-0.03861789,-2.071265,0.06295782,0.8088499,-0.1274761,0.5705682,16.14454,109.232,357.3972,0.3344516,-0.01465437,-0.9422988,0.0,0.0,0.0,2.810285,-0.5832114,-3.006385,0.3087001,0.05341502,2.069001,-0.3409767,-0.04362072,-0.9390591,0.2473144,0.9595724,-0.1343746,0.9069568,-0.2780614,-0.3164037,moving,-70.22134,33.16484,8.486071,1.478866
05/15/2023 12:31:52.909471,3055,True,True,True,True,Eyes,0.8513141,-0.03470345,-2.110913,0.9166177,-0.21753,-0.3353994,0.0,0.0,0.0,0.0,0.0,0.0,0.0,-1.582306,-0.5006849,-1.628981,1.055228,-0.04078372,-2.071905,0.06288676,0.8097654,-0.1274313,0.569286,16.13969,109.4177,357.4199,0.3380516,-0.01469611,-0.9410126,0.0,0.0,0.0,2.81828,-0.5822357,-3.014529,0.3087001,0.05078322,2.069,-0.3439175,-0.04324269,-0.9380036,0.2469368,0.959613,-0.1347779,0.9059486,-0.27798,-0.3193495,moving,-69.90193,32.96622,8.486077,1.406032
05/15/2023 12:31:52.929355,3056,True,True,True,True,Eyes,0.8607461,-0.03514884,-2.109548,0.914405,-0.2192702,-0.3402706,0.0,0.0,0.0,0.0,0.0,0.0,0.0,-1.573806,-0.5078706,-1.643651,1.066949,-0.0426756,-2.072724,0.06276021,0.8104636,-0.1286221,0.5680373,16.24752,109.57,357.3496,0.3416674,-0.01475199,-0.9397049,0.0,0.0,0.0,2.826829,-0.5811632,-3.022266,0.3086998,0.04817699,2.068999,-0.3467897,-0.04439461,-0.9368919,0.2478541,0.959035,-0.1371868,0.9046025,-0.2797874,-0.32158,moving,-69.58864,32.79771,8.486073,1.333901
05/15/2023 12:31:52.939755,3057,True,True,True,True,Eyes,0.8703024,-0.03562499,-2.108317,0.9121987,-0.2209517,-0.345071,0.0,0.0,0.0,0.0,0.0,0.0,0.0,-1.563734,-0.5249785,-1.657002,1.078942,-0.04300933,-2.073778,0.06246683,0.8111041,-0.1316027,0.5664706,16.51451,109.725,357.1444,0.3452987,-0.01482032,-0.9383756,0.0,0.0,0.0,2.834699,-0.5856342,-3.028329,0.3086994,0.04547589,2.069,-0.350418,-0.04776391,-0.9353749,0.2504323,0.9575573,-0.1427156,0.9024917,-0.2842582,-0.3235837,moving,-69.27912,32.63176,8.486056,1.259138
05/15/2023 12:31:52.959576,3058,True,True,True,True,Eyes,0.8799506,-0.03613088,-2.107179,0.9100194,-0.2225088,-0.3497921,0.0,0.0,0.0,0.0,0.0,0.0,0.0,-1.5518,-0.524733,-1.678231,1.091715,-0.04422781,-2.075112,0.06005813,0.8126904,-0.1305558,0.5646969,16.26212,109.9879,357.0245,0.3489448,-0.01490102,-0.9370245,0.0,0.0,0.0,2.842139,-0.5941609,-3.03317,0.3086995,0.04285505,2.069,-0.3550211,-0.04983165,-0.9335294,0.2450663,0.9586964,-0.1443737,0.9021657,-0.2800322,-0.3281454,moving,-68.9743,32.46114,8.486059,1.186594
05/15/2023 12:31:52.979597,3059,True,True,True,True,Eyes,0.8897102,-0.03663561,-2.10617,0.9077824,-0.2242536,-0.3544593,0.0,0.0,0.0,0.0,0.0,0.0,0.0,-1.543514,-0.5238225,-1.695151,1.103577,-0.04545917,-2.076154,0.05996158,0.8136484,-0.1298157,0.5634968,16.19009,110.1767,357.0916,0.3526051,-0.014994,-0.9356518,0.0,0.0,0.0,2.848092,-0.6073881,-3.037761,0.3086999,0.04020275,2.069002,-0.3577518,-0.04872618,-0.9325446,0.2438768,0.959105,-0.1436723,0.9014089,-0.278825,-0.3312383,moving,-68.67098,32.32005,8.486064,1.113174
05/15/2023 12:31:52.995910,3060,True,True,True,True,Eyes,0.8995806,-0.03717597,-2.105267,0.9055763,-0.2257293,-0.3591347,0.0,0.0,0.0,0.0,0.0,0.0,0.0,-1.533471,-0.5332495,-1.711422,1.116424,-0.04597217,-2.07758,0.05993763,0.8145198,-0.1311122,0.5619385,16.31688,110.3705,357.0308,0.3562784,-0.0150978,-0.9342576,0.0,0.0,0.0,2.857888,-0.6030563,-3.047638,0.3086999,0.03749005,2.069001,-0.3612655,-0.04971323,-0.931137,0.2449947,0.9584342,-0.1462244,0.8997028,-0.2809494,-0.3340696,moving,-68.36765,32.15086,8.486065,1.038079
05/15/2023 12:31:53.009542,3061,True,True,True,True,Eyes,0.9095222,-0.03776442,-2.104477,0.9032601,-0.2274939,-0.3638236,0.0,0.0,0.0,0.0,0.0,0.0,0.0,-1.521265,-0.5285075,-1.733848,1.128962,-0.04741216,-2.079181,0.0579681,0.816271,-0.1292536,0.5600312,16.01803,110.6723,357.01,0.3599644,-0.01521272,-0.9328418,0.0,0.0,0.0,2.866624,-0.6040834,-3.054352,0.3086998,0.03472686,2.069001,-0.3660095,-0.05013672,-0.9292596,0.2394074,0.9598665,-0.146084,0.8992893,-0.2759398,-0.3393172,moving,-68.06094,32.01718,8.486064,0.9615827
05/15/2023 12:31:53.029824,3062,True,True,True,True,Eyes,0.9195715,-0.03832294,-2.103793,0.9008727,-0.2295235,-0.3684389,0.0,0.0,0.0,0.0,0.0,0.0,0.0,-1.511448,-0.5342598,-1.749953,1.140706,-0.04899655,-2.080536,0.06105358,0.8172066,-0.1303426,0.5580832,16.33062,110.9487,357.2706,0.3636608,-0.01533956,-0.9314048,0.0,0.0,0.0,2.874268,-0.6117709,-3.060916,0.3086997,0.03216958,2.069001,-0.3696314,-0.04569732,-0.9280542,0.2452708,0.9585665,-0.1448877,0.8962227,-0.2811797,-0.343108,moving,-67.75642,31.92135,8.486058,0.8907837
05/15/2023 12:31:53.039489,3063,True,True,True,True,Eyes,0.9297131,-0.03879209,-2.1032,0.8984267,-0.2316529,-0.3730503,0.0,0.0,0.0,0.0,0.0,0.0,0.0,-1.502636,-0.5480002,-1.763724,1.153381,-0.04876456,-2.082373,0.06566108,0.8177391,-0.1328439,0.5561869,16.87609,111.1978,357.5813,0.3673673,-0.01547563,-0.929947,0.0,0.0,0.0,2.88365,-0.6055652,-3.072389,0.3086999,0.0294247,2.069001,-0.3726895,-0.04038472,-0.9270768,0.2551593,0.9560823,-0.1442236,0.8921861,-0.2903029,-0.3460173,moving,-67.45049,31.83902,8.486066,0.8147881
05/15/2023 12:31:53.059819,3064,True,True,True,True,Eyes,0.9399495,-0.03921797,-2.102701,0.8960077,-0.2336194,-0.3776136,0.0,0.0,0.0,0.0,0.0,0.0,0.0,-1.493806,-0.5532038,-1.779734,1.165661,-0.04707229,-2.084217,0.06716608,0.8186482,-0.1328835,0.5546584,16.98241,111.4274,357.7565,0.3710828,-0.01561593,-0.9284683,0.0,0.0,0.0,2.887442,-0.619242,-3.08079,0.3087001,0.02672955,2.069,-0.3756858,-0.03743907,-0.9259908,0.2573806,0.9556614,-0.1430611,0.8902897,-0.2920781,-0.3493924,moving,-67.14749,31.74397,8.486074,0.7401668
05/15/2023 12:31:53.079590,3065,True,True,True,True,Eyes,0.9502521,-0.039519,-2.102275,0.8935879,-0.2356389,-0.3820668,0.0,0.0,0.0,0.0,0.0,0.0,0.0,-1.483893,-0.5538898,-1.79797,1.178182,-0.046477,-2.085943,0.06682073,0.8198193,-0.1319855,0.553183,16.87811,111.656,357.8163,0.3748066,-0.015758,-0.9269688,0.0,0.0,0.0,2.890395,-0.6389006,-3.087936,0.3087,0.02402249,2.069,-0.3790473,-0.03646238,-0.9246587,0.255586,0.9562297,-0.1424803,0.8893811,-0.2903366,-0.353137,moving,-66.85015,31.66412,8.486073,0.6652129
05/15/2023 12:31:53.095802,3066,True,True,True,True,Eyes,0.9606767,-0.03962733,-2.101953,0.8912933,-0.2373666,-0.386333,0.0,0.0,0.0,0.0,0.0,0.0,0.0,-1.48108,-0.5611146,-1.807629,1.189945,-0.04376562,-2.087603,0.06805322,0.819733,-0.1323806,0.5530662,16.99626,111.6735,357.911,0.3785371,-0.0158961,-0.9254494,0.0,0.0,0.0,2.89721,-0.6424619,-3.096028,0.3087002,0.02142723,2.069,-0.3789733,-0.03485949,-0.9247509,0.2580013,0.9556883,-0.1417575,0.8887151,-0.2923093,-0.3531866,moving,-66.56557,31.56695,8.48608,0.5933524
05/15/2023 12:31:53.109629,3067,True,True,True,True,Eyes,0.9712082,-0.03969262,-2.101719,0.8892131,-0.2382019,-0.3905892,0.0,0.0,0.0,0.0,0.0,0.0,0.0,-1.477919,-0.5621517,-1.821074,1.203282,-0.03929569,-2.089768,0.06552914,0.8199803,-0.1307063,0.5534025,16.67133,111.6433,357.7744,0.3822743,-0.0160221,-0.9239098,0.0,0.0,0.0,2.906086,-0.6405342,-3.104694,0.3087003,0.01872502,2.069001,-0.3789035,-0.03720115,-0.9246883,0.2521316,0.9572436,-0.1418252,0.8904281,-0.2868811,-0.3533233,moving,-66.28639,31.37704,8.486079,0.5185283
05/15/2023 12:31:53.130016,3068,True,True,True,True,Eyes,0.9817702,-0.03969732,-2.101553,0.8872453,-0.2389647,-0.3945778,0.0,0.0,0.0,0.0,0.0,0.0,0.0,-1.473583,-0.5271381,-1.845922,1.216186,-0.03853568,-2.091926,0.05792397,0.8215394,-0.1218007,0.5539699,15.32562,111.6978,357.6364,0.3860179,-0.01613524,-0.9223499,0.0,0.0,0.0,2.915833,-0.644035,-3.106083,0.3087003,0.01598817,2.069001,-0.3795247,-0.03977418,-0.9243264,0.2301214,0.9636188,-0.1359519,0.8961056,-0.2643044,-0.3565642,moving,-66.02422,31.19999,8.486079,0.4427435
05/15/2023 12:31:53.139284,3069,True,True,True,True,Eyes,0.9924368,-0.03959644,-2.10151,0.885275,-0.2398367,-0.3984553,0.0,0.0,0.0,0.0,0.0,0.0,0.0,-1.475434,-0.529854,-1.852807,1.227466,-0.03709362,-2.093441,0.05752669,0.8208716,-0.1215474,0.5550555,15.27253,111.5461,357.5946,0.389765,-0.01623409,-0.9207709,0.0,0.0,0.0,2.931981,-0.631542,-3.108142,0.3087,0.01336628,2.069001,-0.377208,-0.04048703,-0.9252432,0.2293751,0.9638339,-0.1356885,0.8972743,-0.2634106,-0.3542791,moving,-65.76787,31.04442,8.486071,0.3701405
05/15/2023 12:31:53.159185,3070,True,True,True,True,Eyes,1.003181,-0.03945521,-2.10156,0.8834673,-0.2400148,-0.4023413,0.0,0.0,0.0,0.0,0.0,0.0,0.0,-1.471175,-0.5333378,-1.866888,1.240768,-0.03446119,-2.09604,0.05479782,0.8211668,-0.1208409,0.5550495,15.02805,111.5426,357.3799,0.3935151,-0.01631543,-0.9191732,0.0,0.0,0.0,2.955546,-0.5872899,-3.116461,0.3087002,0.01076166,2.069001,-0.3778348,-0.04414903,-0.92482,0.2241416,0.9647894,-0.13763,0.8983328,-0.259292,-0.3546354,moving,-65.51493,30.818,8.486074,0.2980145
05/15/2023 12:31:53.179306,3071,True,True,True,True,Eyes,1.013939,-0.03930096,-2.101687,0.8814694,-0.24076,-0.406259,0.0,0.0,0.0,0.0,0.0,0.0,0.0,-1.462271,-0.5095247,-1.891286,1.253349,-0.03350218,-2.098287,0.04847395,0.8229266,-0.1145482,0.5543653,14.0208,111.7244,357.2102,0.3972666,-0.01637918,-0.9175568,0.0,0.0,0.0,2.969336,-0.5868005,-3.113163,0.3087,0.008080274,2.069,-0.3806589,-0.04722209,-0.9235091,0.2067841,0.969058,-0.134785,0.9012986,-0.2422741,-0.3591159,moving,-65.25558,30.65212,8.486073,0.2237618
05/15/2023 12:31:53.195464,3072,True,True,True,True,Eyes,1.024757,-0.03909246,-2.101901,0.879418,-0.2416586,-0.4101525,0.0,0.0,0.0,0.0,0.0,0.0,0.0,-1.453496,-0.5197541,-1.904648,1.264513,-0.03306115,-2.100094,0.04993806,0.8236069,-0.1160474,0.5529113,14.26326,111.9098,357.2755,0.4010163,-0.01642648,-0.9159234,0.0,0.0,0.0,2.984008,-0.5792856,-3.116025,0.3087,0.005472466,2.069001,-0.3835905,-0.04606919,-0.9223534,0.2105865,0.9680784,-0.1359323,0.8991726,-0.2463775,-0.3616441,moving,-64.99609,30.50625,8.48607,0.1515459
05/15/2023 12:31:53.209418,3073,True,True,True,True,Eyes,1.035628,-0.03882086,-2.102148,0.8771733,-0.2429387,-0.4141832,0.0,0.0,0.0,0.0,0.0,0.0,0.0,-1.442999,-0.5312458,-1.920096,1.276811,-0.03150833,-2.102379,0.05231139,0.8245269,-0.1175146,0.5510076,14.56249,112.1655,357.4395,0.4047628,-0.0164566,-0.9142733,0.0,0.0,0.0,3.001176,-0.5467707,-3.126744,0.3086999,0.002656415,2.069001,-0.3873086,-0.04323857,-0.9209358,0.2157671,0.9669077,-0.13614,0.8963464,-0.2514358,-0.3651623,moving,-64.72428,30.3937,8.486068,0.0735627
05/15/2023 12:31:53.229359,3074,True,True,True,True,Eyes,1.046546,-0.03848839,-2.102454,0.8749334,-0.2442185,-0.4181494,0.0,0.0,0.0,0.0,0.0,0.0,0.0,-1.431094,-0.5287486,-1.939545,1.288609,-0.02963501,-2.104293,0.05198229,0.826027,-0.1158915,0.5491323,14.39169,112.4597,357.5502,0.4085052,-0.01646856,-0.9126071,0.0,0.0,0.0,3.006524,-0.5568686,-3.13309,0.3087003,0.0001745671,2.068999,-0.3915029,-0.04140202,-0.919245,0.2131571,0.9677339,-0.1343688,0.8951479,-0.2485494,-0.3700455,moving,-64.45586,30.28689,8.486083,0.004834201
05/15/2023 12:31:53.239245,3075,True,True,True,True,Eyes,1.057529,-0.03809274,-2.102807,0.8726646,-0.245879,-0.4219007,0.0,0.0,0.0,0.0,0.0,0.0,0.0,-1.42101,-0.5373988,-1.954423,1.300683,-0.02783002,-2.106011,0.05195439,0.8268599,-0.1166418,0.547721,14.46603,112.6437,357.5225,0.4122424,-0.01646156,-0.9109252,0.0,0.0,0.0,3.011235,-0.5675558,-3.141844,0.3087007,-0.002563834,2.069,-0.3946052,-0.04185636,-0.917897,0.2136924,0.9673908,-0.1359799,0.8936568,-0.2498059,-0.3727931,moving,-64.19798,30.23316,8.486093,-0.07099895
05/15/2023 12:31:53.259705,3076,True,True,True,True,Eyes,1.06856,-0.0376739,-2.103202,0.8704854,-0.2472567,-0.4255812,0.0,0.0,0.0,0.0,0.0,0.0,0.0,-1.411287,-0.5366602,-1.971756,1.313106,-0.02592219,-2.107757,0.04925495,0.8278757,-0.115353,0.5467081,14.17309,112.7928,357.3649,0.4159738,-0.01643481,-0.9092278,0.0,0.0,0.0,3.018703,-0.5617056,-3.152989,0.3087003,-0.005209029,2.069,-0.3973687,-0.04457493,-0.9165759,0.2076828,0.9685352,-0.1371398,0.8938492,-0.2448521,-0.3756082,moving,-63.94595,30.15599,8.486078,-0.1442507
05/15/2023 12:31:53.279517,3077,True,True,True,True,Eyes,1.079622,-0.03724228,-2.103605,0.868224,-0.2492463,-0.4290263,0.0,0.0,0.0,0.0,0.0,0.0,0.0,-1.401473,-0.5345254,-1.988857,1.32528,-0.02500109,-2.109124,0.04557884,0.8288452,-0.1140156,0.5458377,13.81335,112.9162,357.1129,0.4196985,-0.01638933,-0.9075153,0.0,0.0,0.0,3.026153,-0.5652583,-3.159599,0.3087001,-0.007916808,2.069,-0.3999679,-0.04891235,-0.9152232,0.2000236,0.9698461,-0.1392452,0.8944365,-0.2387598,-0.3781236,moving,-63.70407,30.15479,8.486074,-0.2192351
05/15/2023 12:31:53.295304,3078,True,True,True,True,Eyes,1.090729,-0.03680513,-2.104041,0.8659643,-0.2513176,-0.4323717,0.0,0.0,0.0,0.0,0.0,0.0,0.0,-1.392075,-0.5509026,-1.999892,1.336894,-0.02420349,-2.110228,0.04439769,0.829189,-0.1166198,0.5448618,13.99168,112.9944,356.842,0.4234157,-0.0163265,-0.9057881,0.0,0.0,0.0,3.037613,-0.5565334,-3.166385,0.3087001,-0.01058507,2.069,-0.4023091,-0.05345521,-0.9139421,0.2007115,0.9688573,-0.1450185,0.8932315,-0.241781,-0.3790511,moving,-63.46727,30.16745,8.486074,-0.2931244
05/15/2023 12:31:53.309205,3079,True,True,True,True,Eyes,1.101876,-0.0363341,-2.104443,0.8635758,-0.2539009,-0.4356274,0.0,0.0,0.0,0.0,0.0,0.0,0.0,-1.381506,-0.5670944,-2.012144,1.349096,-0.02360262,-2.11146,0.04379277,0.8296675,-0.1191922,0.5436243,14.20508,113.1123,356.6336,0.4271248,-0.01624787,-0.9040465,0.0,0.0,0.0,3.049725,-0.5470582,-3.17213,0.3087006,-0.01336664,2.069001,-0.4051098,-0.05692464,-0.9124942,0.2022584,0.9677508,-0.1501662,0.8916152,-0.2453934,-0.3805318,moving,-63.23152,30.23533,8.486087,-0.3701503
05/15/2023 12:31:53.329758,3080,True,True,True,True,Eyes,1.113061,-0.03586309,-2.104876,0.8611737,-0.256476,-0.438862,0.0,0.0,0.0,0.0,0.0,0.0,0.0,-1.37154,-0.5817602,-2.023474,1.360637,-0.02229936,-2.112388,0.04448585,0.830134,-0.1213618,0.5423744,14.46266,113.2479,356.5786,0.4308258,-0.01615367,-0.9022902,0.0,0.0,0.0,3.057585,-0.5564577,-3.174298,0.3087006,-0.0160061,2.069001,-0.4077024,-0.05778858,-0.9112847,0.2055054,0.9665846,-0.1532371,0.8896891,-0.249749,-0.382203,moving,-62.99619,30.30251,8.486085,-0.4432398
05/15/2023 12:31:53.339822,3081,True,True,True,True,Eyes,1.124256,-0.03542748,-2.1053,0.858737,-0.2592208,-0.4420128,0.0,0.0,0.0,0.0,0.0,0.0,0.0,-1.360369,-0.5893143,-2.038147,1.37274,-0.02180208,-2.113539,0.0456429,0.8309758,-0.1221813,0.5408031,14.62117,113.4594,356.6647,0.4345179,-0.01604551,-0.90052,0.0,0.0,0.0,3.065025,-0.5669142,-3.177671,0.3087004,-0.01862046,2.069,-0.4108976,-0.05629576,-0.9099419,0.2080083,0.9659769,-0.1536917,0.8876351,-0.252427,-0.3852077,moving,-62.76402,30.38973,8.486084,-0.5156331
05/15/2023 12:31:53.359137,3082,True,True,True,True,Eyes,1.135447,-0.03501635,-2.105741,0.8562421,-0.2621483,-0.4451155,0.0,0.0,0.0,0.0,0.0,0.0,0.0,-1.351636,-0.5884149,-2.052572,1.383917,-0.02216654,-2.114352,0.048234,0.8317754,-0.1215068,0.5394993,14.72483,113.6745,356.9852,0.4382001,-0.01592636,-0.8987361,0.0,0.0,0.0,3.071162,-0.5774897,-3.18121,0.3086998,-0.02133316,2.069001,-0.4132281,-0.05086592,-0.9092058,0.2113453,0.9658192,-0.1500882,0.8857628,-0.254177,-0.3883533,moving,-62.53244,30.49572,8.486066,-0.5907474
05/15/2023 12:31:53.379212,3083,True,True,True,True,Eyes,1.146661,-0.03461744,-2.10617,0.8538532,-0.2649052,-0.4480625,0.0,0.0,0.0,0.0,0.0,0.0,0.0,-1.344666,-0.6003782,-2.062061,1.395038,-0.02224864,-2.115194,0.05334978,0.8319793,-0.1233646,0.5382802,15.23079,113.8455,357.3841,0.4418702,-0.0157984,-0.8969395,0.0,0.0,0.0,3.077418,-0.5846551,-3.187741,0.3087004,-0.02401985,2.069002,-0.4148164,-0.04403757,-0.9088389,0.2215812,0.9638699,-0.1478392,0.882513,-0.2627077,-0.3900712,moving,-62.3116,30.59259,8.486077,-0.6651393
05/15/2023 12:31:53.395273,3084,True,True,True,True,Eyes,1.157872,-0.03424163,-2.106624,0.8514472,-0.267668,-0.4509894,0.0,0.0,0.0,0.0,0.0,0.0,0.0,-1.336566,-0.607167,-2.074154,1.406417,-0.02210306,-2.116288,0.05665515,0.8324754,-0.1240667,0.5370123,15.51045,114.0343,357.685,0.4455282,-0.01566311,-0.8951305,0.0,0.0,0.0,3.083348,-0.589574,-3.194516,0.3087008,-0.02672638,2.069,-0.4168158,-0.03892269,-0.9081572,0.2275788,0.9627953,-0.145716,0.8800412,-0.2674141,-0.3924504,moving,-62.091,30.68968,8.486094,-0.740079
05/15/2023 12:31:53.409339,3085,True,True,True,True,Eyes,1.169094,-0.03388909,-2.107087,0.8491462,-0.270209,-0.4538037,0.0,0.0,0.0,0.0,0.0,0.0,0.0,-1.327877,-0.6129682,-2.086614,1.417562,-0.02223527,-2.117302,0.05916727,0.83305,-0.1246099,0.5357232,15.72421,114.2237,357.9201,0.4491719,-0.01552223,-0.8933101,0.0,0.0,0.0,3.086402,-0.6076704,-3.198471,0.3086997,-0.02934524,2.069,-0.4189999,-0.03493428,-0.9073142,0.2320915,0.9619431,-0.1442181,0.8778228,-0.2710072,-0.3949461,moving,-61.87891,30.7709,8.486065,-0.8125886
05/15/2023 12:31:53.429222,3086,True,True,True,True,Eyes,1.18033,-0.03356534,-2.107573,0.8468658,-0.2726092,-0.4566209,0.0,0.0,0.0,0.0,0.0,0.0,0.0,-1.317704,-0.6204714,-2.0996,1.42891,-0.02237172,-2.118339,0.06132357,0.8337376,-0.1254506,0.5342129,15.94446,114.4357,358.106,0.4528007,-0.01537736,-0.8914788,0.0,0.0,0.0,3.091254,-0.618273,-3.203943,0.3087,-0.03206781,2.069,-0.4217122,-0.03177914,-0.9061728,0.2362902,0.9610031,-0.1436661,0.8754005,-0.2747054,-0.3977578,moving,-61.66693,30.8378,8.486072,-0.8879665
05/15/2023 12:31:53.449285,3087,True,True,True,True,Eyes,1.191572,-0.03327661,-2.10808,0.8447589,-0.2745491,-0.4593531,0.0,0.0,0.0,0.0,0.0,0.0,0.0,-1.307748,-0.6193848,-2.114988,1.440497,-0.02273431,-2.11931,0.06200272,0.8346112,-0.1246226,0.5329624,15.90916,114.633,358.2516,0.4564135,-0.01523012,-0.8896371,0.0,0.0,0.0,3.09638,-0.6271081,-3.20953,0.3087,-0.03469497,2.069001,-0.4242132,-0.02934196,-0.9050867,0.2363346,0.9612498,-0.1419325,0.874179,-0.274113,-0.4008403,moving,-61.46405,30.86618,8.486068,-0.9606999
05/15/2023 12:31:53.459755,3088,True,True,True,True,Eyes,1.202831,-0.03304834,-2.108607,0.8427036,-0.2763027,-0.4620686,0.0,0.0,0.0,0.0,0.0,0.0,0.0,-1.298527,-0.6140933,-2.130858,1.451952,-0.0232586,-2.120173,0.06172095,0.8354858,-0.1230358,0.5319929,15.73922,114.7978,358.3464,0.4600092,-0.01508226,-0.8877857,0.0,0.0,0.0,3.101124,-0.636363,-3.215682,0.3087006,-0.03726879,2.069001,-0.4263483,-0.02777434,-0.9041327,0.2340422,0.9621055,-0.139919,0.8737571,-0.2712594,-0.4036917,moving,-61.2633,30.87811,8.486085,-1.031954
05/15/2023 12:31:53.479386,3089,True,True,True,True,Eyes,1.214103,-0.03290773,-2.109136,0.8407754,-0.2777643,-0.4646975,0.0,0.0,0.0,0.0,0.0,0.0,0.0,-1.289667,-0.6093404,-2.146507,1.463609,-0.02449998,-2.12115,0.06133561,0.8362688,-0.1217043,0.5311127,15.58735,114.9436,358.4121,0.4635875,-0.01493636,-0.8859249,0.0,0.0,0.0,3.10874,-0.6374863,-3.222356,0.3087,-0.04010852,2.069,-0.4283147,-0.02669126,-0.9032356,0.2318635,0.9628521,-0.1384027,0.8733763,-0.2687072,-0.406215,moving,-61.07053,30.86809,8.486072,-1.110566
05/15/2023 12:31:53.495622,3090,True,True,True,True,Eyes,1.225387,-0.03283719,-2.109683,0.8388152,-0.2793557,-0.4672787,0.0,0.0,0.0,0.0,0.0,0.0,0.0,-1.280839,-0.6072154,-2.161094,1.475024,-0.02644983,-2.122072,0.06143657,0.836951,-0.1210358,0.5301784,15.53023,115.0876,358.4833,0.4671475,-0.01479587,-0.8840552,0.0,0.0,0.0,3.118157,-0.6341076,-3.228548,0.3087,-0.0426558,2.069,-0.4302731,-0.02550237,-0.9023386,0.23118,0.9631518,-0.1374574,0.8725945,-0.2677468,-0.4085226,moving,-60.87914,30.87248,8.486073,-1.181078
05/15/2023 12:31:53.511016,3091,True,True,True,True,Eyes,1.236694,-0.03284107,-2.110235,0.8368521,-0.2809246,-0.469851,0.0,0.0,0.0,0.0,0.0,0.0,0.0,-1.270467,-0.6202856,-2.172392,1.486606,-0.0280191,-2.12305,0.06251273,0.8373819,-0.1232393,0.5288628,15.81416,115.2374,358.4718,0.4706891,-0.01466312,-0.8821769,0.0,0.0,0.0,3.127796,-0.6327424,-3.234107,0.3087004,-0.04574691,2.069001,-0.4327929,-0.02565927,-0.9011285,0.2350474,0.9618084,-0.1402754,0.8703123,-0.272518,-0.4102327,moving,-60.68795,30.87526,8.486081,-1.266639
05/15/2023 12:31:53.529327,3092,True,True,True,True,Eyes,1.248011,-0.03292504,-2.110803,0.8348379,-0.2825777,-0.4724358,0.0,0.0,0.0,0.0,0.0,0.0,0.0,-1.257266,-0.6322367,-2.185621,1.498275,-0.0297856,-2.124068,0.06261221,0.8381559,-0.1252498,0.5271499,16.01982,115.4378,358.3847,0.474212,-0.0145404,-0.8802902,0.0,0.0,0.0,3.13648,-0.6346077,-3.239248,0.3087009,-0.04808889,2.069001,-0.4363853,-0.02709329,-0.8993519,0.2370084,0.9607844,-0.1439457,0.8679832,-0.2759698,-0.4128508,moving,-60.49443,30.88488,8.486094,-1.331461
05/15/2023 12:31:53.539171,3093,True,True,True,True,Eyes,1.259336,-0.03308975,-2.111384,0.8327548,-0.2842803,-0.4750832,0.0,0.0,0.0,0.0,0.0,0.0,0.0,-1.241864,-0.6444966,-2.199672,1.509865,-0.0317684,-2.12496,0.06259834,0.8391452,-0.1273422,0.5250725,16.22765,115.6857,358.2889,0.4777155,-0.01442996,-0.8783957,0.0,0.0,0.0,3.141744,-0.6486233,-3.242877,0.3087003,-0.05078253,2.069002,-0.4407612,-0.02866953,-0.8971667,0.2387859,0.9597308,-0.1479798,0.8652812,-0.2794544,-0.4161662,moving,-60.29542,30.89546,8.486075,-1.406012
05/15/2023 12:31:53.559341,3094,True,True,True,True,Eyes,1.270679,-0.03332586,-2.111969,0.8305987,-0.2860928,-0.4777621,0.0,0.0,0.0,0.0,0.0,0.0,0.0,-1.224989,-0.6615714,-2.212719,1.521452,-0.03383768,-2.125662,0.06285622,0.8401138,-0.1303685,0.5227447,16.54475,115.951,358.1656,0.4811993,-0.01433381,-0.8764936,0.0,0.0,0.0,3.146781,-0.660373,-3.248209,0.3087001,-0.05333337,2.069001,-0.4455744,-0.03068607,-0.8947191,0.2419116,0.9581063,-0.1533332,0.8619412,-0.2847642,-0.4194843,moving,-60.0924,30.91396,8.486072,-1.476607
05/15/2023 12:31:53.579575,3095,True,True,True,True,Eyes,1.282054,-0.03362659,-2.112533,0.828388,-0.2878668,-0.4805267,0.0,0.0,0.0,0.0,0.0,0.0,0.0,-1.205483,-0.6775813,-2.227324,1.533261,-0.03576662,-2.126289,0.06216137,0.8413577,-0.133178,0.5201123,16.78388,116.2531,357.9687,0.4846632,-0.01425339,-0.8745843,0.0,0.0,0.0,3.150641,-0.6727763,-3.254642,0.3087001,-0.05623077,2.069001,-0.4512383,-0.03393519,-0.8917581,0.2431349,0.9567991,-0.159439,0.8586439,-0.2887625,-0.4234936,moving,-59.88308,30.92436,8.486072,-1.556787
05/15/2023 12:31:53.595296,3096,True,True,True,True,Eyes,1.293462,-0.03400215,-2.113098,0.826081,-0.2896975,-0.4833896,0.0,0.0,0.0,0.0,0.0,0.0,0.0,-1.183667,-0.6946092,-2.24241,1.545108,-0.03765731,-2.126776,0.06079695,0.8427618,-0.1362157,0.5172054,17.00672,116.5805,357.6969,0.4881081,-0.01418969,-0.8726674,0.0,0.0,0.0,3.153059,-0.6887336,-3.260774,0.3086998,-0.05870481,2.069002,-0.4576046,-0.03842833,-0.888325,0.2433777,0.955498,-0.1667058,0.8551991,-0.2924838,-0.4278877,moving,-59.66553,30.93445,8.486062,-1.625245
05/15/2023 12:31:53.609366,3097,True,True,True,True,Eyes,1.304911,-0.03443821,-2.113644,0.8237041,-0.2913726,-0.4864294,0.0,0.0,0.0,0.0,0.0,0.0,0.0,-1.157495,-0.7089949,-2.260496,1.557311,-0.03983003,-2.127323,0.0589068,0.8446659,-0.1387831,0.5136232,17.15529,117.0046,357.4176,0.4915344,-0.01414398,-0.8707429,0.0,0.0,0.0,3.155567,-0.702454,-3.267992,0.3087002,-0.06141482,2.069001,-0.4654425,-0.04305129,-0.8840305,0.2420776,0.9545385,-0.1739389,0.8513294,-0.2949625,-0.433861,moving,-59.43649,30.92173,8.486075,-1.70023
05/15/2023 12:31:53.629291,3098,True,True,True,True,Eyes,1.316408,-0.03491397,-2.114183,0.8212025,-0.2930098,-0.489665,0.0,0.0,0.0,0.0,0.0,0.0,0.0,-1.128834,-0.7186967,-2.280659,1.569519,-0.04178941,-2.127689,0.05711445,0.8469332,-0.1403953,0.5096386,17.21909,117.5042,357.2182,0.4949433,-0.01411682,-0.8688102,0.0,0.0,0.0,3.157655,-0.7159044,-3.275618,0.3087003,-0.06408696,2.069001,-0.4740133,-0.04635752,-0.8792967,0.239846,0.9540542,-0.1795955,0.8472223,-0.2960263,-0.4411156,moving,-59.1933,30.89581,8.486079,-1.77416
05/15/2023 12:31:53.639359,3099,True,True,True,True,Eyes,1.327938,-0.03541642,-2.114731,0.8186652,-0.2942505,-0.4931571,0.0,0.0,0.0,0.0,0.0,0.0,0.0,-1.096387,-0.7261137,-2.303038,1.582131,-0.04323027,-2.127975,0.0553225,0.8496146,-0.1414515,0.5050604,17.23196,118.096,357.0667,0.4983351,-0.01410784,-0.8668693,0.0,0.0,0.0,3.158865,-0.7271358,-3.286268,0.3087002,-0.06677388,2.069001,-0.483707,-0.04887749,-0.8738643,0.2368887,0.9538618,-0.184476,0.8425626,-0.2962408,-0.449811,moving,-58.93559,30.82312,8.486075,-1.848493
05/15/2023 12:31:53.659522,3100,True,True,True,True,Eyes,1.339519,-0.0359788,-2.115266,0.8160266,-0.2952542,-0.496916,0.0,0.0,0.0,0.0,0.0,0.0,0.0,-1.062679,-0.724058,-2.328178,1.594729,-0.04443406,-2.128103,0.05317669,0.852657,-0.140693,0.5003539,17.04604,118.7394,356.9956,0.5017102,-0.01411618,-0.8649201,0.0,0.0,0.0,3.159439,-0.7348319,-3.299324,0.3087003,-0.06944385,2.069001,-0.4936366,-0.05010962,-0.8682237,0.2314755,0.9547554,-0.1867114,0.8382972,-0.29314,-0.4597031,moving,-58.66085,30.71765,8.486079,-1.922351
05/15/2023 12:31:53.679672,3101,True,True,True,True,Eyes,1.351142,-0.03660706,-2.115762,0.8133643,-0.296016,-0.5008123,0.0,0.0,0.0,0.0,0.0,0.0,0.0,-1.027901,-0.7148997,-2.355357,1.607494,-0.04647781,-2.128185,0.05118767,0.8559376,-0.1387349,0.495483,16.75154,119.4293,357.0156,0.5050696,-0.01414239,-0.8629623,0.0,0.0,0.0,3.159,-0.7399893,-3.315101,0.3087,-0.07207328,2.069001,-0.5037531,-0.04985462,-0.862408,0.2251084,0.9562649,-0.1867716,0.834002,-0.288222,-0.4704987,moving,-58.37817,30.58613,8.486067,-1.995081
05/15/2023 12:31:53.695373,3102,True,True,True,True,Eyes,1.362808,-0.03727756,-2.116235,0.8105748,-0.2968571,-0.5048212,0.0,0.0,0.0,0.0,0.0,0.0,0.0,-0.9964899,-0.7131767,-2.377594,1.619924,-0.04875955,-2.127918,0.05090615,0.8585804,-0.1381523,0.4910826,16.69207,120.0395,357.1112,0.5084141,-0.01418719,-0.8609955,0.0,0.0,0.0,3.159489,-0.7377321,-3.333302,0.3087007,-0.07470199,2.069001,-0.5124927,-0.04827438,-0.8573335,0.2231025,0.956645,-0.1872315,0.8292022,-0.287228,-0.4795035,moving,-58.08559,30.45741,8.486086,-2.067785
05/15/2023 12:31:53.711012,3103,True,True,True,True,Eyes,1.374509,-0.03798775,-2.116701,0.8078144,-0.2976089,-0.5087876,0.0,0.0,0.0,0.0,0.0,0.0,0.0,-0.9667853,-0.7222813,-2.395614,1.632612,-0.05041759,-2.127761,0.05111301,0.8606726,-0.1394995,0.4870013,16.85262,120.5694,357.1318,0.5117441,-0.01425026,-0.8590194,0.0,0.0,0.0,3.160122,-0.732175,-3.353424,0.3087001,-0.07735863,2.069001,-0.5204344,-0.04788971,-0.8525577,0.2238559,0.9558547,-0.1903425,0.8240367,-0.2899109,-0.4867394,moving,-57.79596,30.32496,8.486071,-2.141255
05/15/2023 12:31:53.729167,3104,True,True,True,True,Eyes,1.386228,-0.03870616,-2.117148,0.804941,-0.298463,-0.5128253,0.0,0.0,0.0,0.0,0.0,0.0,0.0,-0.9365468,-0.7233331,-2.415879,1.645286,-0.05209957,-2.127703,0.04981668,0.8629863,-0.1395112,0.4830215,16.79317,121.0964,357.0786,0.5150601,-0.01433121,-0.8570341,0.0,0.0,0.0,3.159481,-0.7345015,-3.369684,0.3087002,-0.08003479,2.069,-0.5284171,-0.04879164,-0.8475817,0.2207561,0.9561098,-0.1926675,0.8197818,-0.2889176,-0.4944537,moving,-57.49892,30.1993,8.486078,-2.215259
05/15/2023 12:31:53.739215,3105,True,True,True,True,Eyes,1.397976,-0.03935839,-2.117584,0.8020172,-0.2996189,-0.5167174,0.0,0.0,0.0,0.0,0.0,0.0,0.0,-0.9085395,-0.7347299,-2.431342,1.657462,-0.0529875,-2.127606,0.04995592,0.8647879,-0.1412157,0.4792751,16.98543,121.5703,357.0656,0.5183616,-0.01442842,-0.8550396,0.0,0.0,0.0,3.15836,-0.7441335,-3.382257,0.3087002,-0.08276013,2.069,-0.5355996,-0.04895984,-0.8430517,0.2217649,0.955125,-0.196358,0.8148333,-0.2921286,-0.5007071,moving,-57.20745,30.10733,8.486076,-2.290613
05/15/2023 12:31:53.759699,3106,True,True,True,True,Eyes,1.409742,-0.0399742,-2.118021,0.798952,-0.3007631,-0.5207852,0.0,0.0,0.0,0.0,0.0,0.0,0.0,-0.876503,-0.7619309,-2.443277,1.669856,-0.05217804,-2.127734,0.05013396,0.8664631,-0.145618,0.4748935,17.45531,122.0727,356.9097,0.5216485,-0.01453749,-0.8530365,0.0,0.0,0.0,3.159429,-0.74663,-3.395913,0.3087001,-0.08544824,2.069,-0.5439255,-0.05142761,-0.8375561,0.2251845,0.952564,-0.2047286,0.8083545,-0.2999618,-0.5065432,moving,-56.90227,30.00723,8.486076,-2.364932
05/15/2023 12:31:53.779184,3107,True,True,True,True,Eyes,1.421501,-0.04052347,-2.118412,0.7957569,-0.302534,-0.5246372,0.0,0.0,0.0,0.0,0.0,0.0,0.0,-0.8397902,-0.7691973,-2.46247,1.682077,-0.05192512,-2.128048,0.04855685,0.8691247,-0.1465541,0.4698792,17.48038,122.7128,356.7953,0.5249204,-0.01465568,-0.8510249,0.0,0.0,0.0,3.158471,-0.7566842,-3.406515,0.3087,-0.08812326,2.069,-0.5537117,-0.05332153,-0.8309998,0.2221293,0.9523283,-0.2091158,0.8025349,-0.3003792,-0.5154711,moving,-56.6034,29.97006,8.486071,-2.438879
05/15/2023 12:31:53.795579,3108,True,True,True,True,Eyes,1.433286,-0.04096128,-2.118812,0.7924408,-0.304339,-0.5285977,0.0,0.0,0.0,0.0,0.0,0.0,0.0,-0.8082646,-0.7926058,-2.473039,1.693391,-0.05065517,-2.127744,0.04984565,0.8708302,-0.1500217,0.4654717,17.92009,123.2475,356.816,0.5281768,-0.01477935,-0.8490054,0.0,0.0,0.0,3.153992,-0.7751375,-3.415743,0.3087002,-0.09076846,2.069,-0.5617031,-0.05284753,-0.8256494,0.2264759,0.9500178,-0.2148834,0.7957377,-0.3076903,-0.5216593,moving,-56.29473,29.9311,8.486076,-2.511994
05/15/2023 12:31:53.809220,3109,True,True,True,True,Eyes,1.445086,-0.04130178,-2.1192,0.7892079,-0.3058698,-0.5325359,0.0,0.0,0.0,0.0,0.0,0.0,0.0,-0.7740489,-0.8064786,-2.488386,1.705818,-0.0484122,-2.128253,0.04851766,0.8729817,-0.151863,0.4609628,18.05182,123.7992,356.6658,0.5314175,-0.01490347,-0.8469785,0.0,0.0,0.0,3.150838,-0.7788409,-3.431551,0.3087006,-0.09342435,2.069001,-0.5703188,-0.05529637,-0.8195603,0.2247165,0.9491674,-0.2204176,0.7900882,-0.3098769,-0.5289019,moving,-55.9896,29.87154,8.486085,-2.585396
05/15/2023 12:31:53.829453,3110,True,True,True,True,Eyes,1.456865,-0.04154191,-2.119593,0.7859359,-0.3072734,-0.5365516,0.0,0.0,0.0,0.0,0.0,0.0,0.0,-0.7436172,-0.7868563,-2.512311,1.717597,-0.04655387,-2.128733,0.04460908,0.8757796,-0.1479054,0.4573231,17.44958,124.3266,356.5658,0.5346423,-0.01502411,-0.8449445,0.0,0.0,0.0,3.144617,-0.7948506,-3.441291,0.3086998,-0.09607178,2.069001,-0.5777314,-0.05714566,-0.8142243,0.2134165,0.952268,-0.2182634,0.7878326,-0.2998665,-0.5379594,moving,-55.67899,29.79899,8.486064,-2.658556
05/15/2023 12:31:53.839392,3111,True,True,True,True,Eyes,1.468642,-0.04168499,-2.120004,0.7826635,-0.3087789,-0.5404569,0.0,0.0,0.0,0.0,0.0,0.0,0.0,-0.7161934,-0.7878914,-2.527967,1.728842,-0.04440986,-2.129192,0.04302084,0.8776925,-0.1475018,0.4539255,17.33626,124.7709,356.493,0.5378495,-0.01513765,-0.8429046,0.0,0.0,0.0,3.142272,-0.8003083,-3.453793,0.3087,-0.0987083,2.069,-0.5842016,-0.05839154,-0.8095052,0.2094278,0.9527848,-0.219866,0.7841225,-0.297979,-0.5443896,moving,-55.37354,29.74059,8.486072,-2.731408
05/15/2023 12:31:53.860624,3112,True,True,True,True,Eyes,1.480389,-0.04178377,-2.120437,0.7793595,-0.3101027,-0.5444585,0.0,0.0,0.0,0.0,0.0,0.0,0.0,-0.6873596,-0.7899095,-2.543987,1.740384,-0.04227293,-2.130156,0.04117788,0.8796676,-0.1473388,0.4503118,17.23575,125.2348,356.3831,0.5410384,-0.01524099,-0.8408595,0.0,0.0,0.0,3.147642,-0.7811522,-3.470997,0.3087002,-0.101372,2.069002,-0.5910477,-0.06025109,-0.8043835,0.2051425,0.9531913,-0.2221326,0.7801151,-0.2963041,-0.5510215,moving,-55.06195,29.66418,8.486073,-2.805
05/15/2023 12:31:53.879335,3113,True,True,True,True,Eyes,1.492108,-0.04185161,-2.120868,0.7760659,-0.3115659,-0.5483142,0.0,0.0,0.0,0.0,0.0,0.0,0.0,-0.6597215,-0.7855459,-2.560875,1.751408,-0.04134527,-2.131023,0.03933748,0.8816954,-0.1462355,0.4468567,17.03925,125.6957,356.3225,0.5442068,-0.01533339,-0.8388107,0.0,0.0,0.0,3.149007,-0.7783232,-3.482499,0.3086996,-0.1042933,2.069001,-0.5975433,-0.06132524,-0.7994882,0.20006,0.9541355,-0.2227139,0.776478,-0.2930267,-0.5578685,moving,-54.75763,29.60633,8.48606,-2.885698
05/15/2023 12:31:53.895279,3114,True,True,True,True,Eyes,1.503805,-0.04183817,-2.121329,0.7728076,-0.3130106,-0.5520805,0.0,0.0,0.0,0.0,0.0,0.0,0.0,-0.6384829,-0.7888219,-2.573174,1.762178,-0.0406975,-2.131711,0.03840874,0.8829306,-0.1464963,0.4444067,17.02748,126.0047,356.2592,0.547354,-0.01541476,-0.8367589,0.0,0.0,0.0,3.150068,-0.7757611,-3.4948,0.3086998,-0.1068366,2.069,-0.6020551,-0.06238338,-0.7960141,0.1980324,0.9541273,-0.2245539,0.7735071,-0.2928303,-0.5620832,moving,-54.45864,29.55175,8.48607,-2.955948
05/15/2023 12:31:53.910315,3115,True,True,True,True,Eyes,1.515511,-0.04175305,-2.121824,0.769617,-0.3143238,-0.555779,0.0,0.0,0.0,0.0,0.0,0.0,0.0,-0.6190633,-0.79816,-2.58359,1.773326,-0.03876837,-2.132849,0.03569186,0.8837276,-0.1480818,0.4425197,17.05662,126.1902,355.9227,0.5504788,-0.01548305,-0.8347054,0.0,0.0,0.0,3.151578,-0.770999,-3.507675,0.3087001,-0.109471,2.069,-0.6058052,-0.06797447,-0.7927042,0.194142,0.9535957,-0.2301393,0.7715629,-0.2933167,-0.5644965,moving,-54.16506,29.49056,8.486074,-3.028701
05/15/2023 12:31:53.929456,3116,True,True,True,True,Eyes,1.527183,-0.04161974,-2.122356,0.7664509,-0.3154519,-0.5595026,0.0,0.0,0.0,0.0,0.0,0.0,0.0,-0.5937783,-0.7874806,-2.602072,1.784797,-0.03713946,-2.134619,0.02887769,0.8854116,-0.1468819,0.4400435,16.58974,126.4637,355.3238,0.5535803,-0.0155368,-0.8326507,0.0,0.0,0.0,3.154482,-0.7729117,-3.515187,0.3086996,-0.1122393,2.069,-0.6110556,-0.07813161,-0.7877224,0.1804061,0.9551836,-0.234687,0.7707559,-0.2855168,-0.5695748,moving,-53.87087,29.41464,8.486062,-3.105143
05/15/2023 12:31:53.940332,3117,True,True,True,True,Eyes,1.538837,-0.04144737,-2.122934,0.762843,-0.3170716,-0.5635034,0.0,0.0,0.0,0.0,0.0,0.0,0.0,-0.5648115,-0.7843711,-2.617937,1.795597,-0.03596593,-2.135974,0.02288019,0.8871128,-0.1471569,0.4368665,16.32472,126.8083,354.7399,0.556657,-0.01557564,-0.8305962,0.0,0.0,0.0,3.160379,-0.7761508,-3.519067,0.3087002,-0.1148562,2.069001,-0.6172484,-0.08798123,-0.7818336,0.1691705,0.9556426,-0.2410984,0.7683657,-0.2810808,-0.574985,moving,-53.54714,29.36555,8.486075,-3.177392
05/15/2023 12:31:53.959036,3118,True,True,True,True,Eyes,1.550456,-0.04125496,-2.123567,0.7591577,-0.3185569,-0.5676276,0.0,0.0,0.0,0.0,0.0,0.0,0.0,-0.5300725,-0.7944434,-2.631213,1.806665,-0.03480895,-2.13779,0.01953542,0.8889771,-0.1493494,0.4324733,16.40549,127.3005,354.3498,0.5597079,-0.01559958,-0.8285429,0.0,0.0,0.0,3.169665,-0.7642037,-3.528669,0.3087002,-0.1174755,2.069001,-0.6251708,-0.09444612,-0.7747528,0.1639123,0.9546263,-0.2486392,0.7630823,-0.2824334,-0.5813237,moving,-53.21428,29.30147,8.486075,-3.2497
05/15/2023 12:31:53.979802,3119,True,True,True,True,Eyes,1.562014,-0.04103317,-2.124276,0.7550785,-0.3205121,-0.5719514,0.0,0.0,0.0,0.0,0.0,0.0,0.0,-0.4974849,-0.7912014,-2.647367,1.817396,-0.03416501,-2.139613,0.01775205,0.8911988,-0.1487648,0.4281574,16.28166,127.8585,354.2753,0.5627314,-0.01560939,-0.8264921,0.0,0.0,0.0,3.174476,-0.7594947,-3.538004,0.3087,-0.1201421,2.069,-0.6327325,-0.09574833,-0.7684284,0.1590307,0.9551078,-0.2499568,0.7578648,-0.2803595,-0.5891008,moving,-52.85706,29.26555,8.486072,-3.323303
05/15/2023 12:31:53.995326,3120,True,True,True,True,Eyes,1.573532,-0.04078135,-2.125044,0.7508768,-0.3225399,-0.5763264,0.0,0.0,0.0,0.0,0.0,0.0,0.0,-0.465055,-0.797985,-2.660002,1.828002,-0.03315672,-2.14149,0.01735155,0.8931453,-0.1496787,0.423777,16.38414,128.4072,354.2652,0.5657252,-0.01560539,-0.8244458,0.0,0.0,0.0,3.172347,-0.7656448,-3.549156,0.3087002,-0.122902,2.069001,-0.6402242,-0.09586585,-0.762183,0.1578557,0.9545904,-0.2526633,0.7517944,-0.282076,-0.5960189,moving,-52.49239,29.23347,8.486075,-3.399468
05/15/2023 12:31:54.009386,3121,True,True,True,True,Eyes,1.585002,-0.04050913,-2.125885,0.7463265,-0.3249077,-0.5808887,0.0,0.0,0.0,0.0,0.0,0.0,0.0,-0.4316992,-0.8102447,-2.670842,1.838593,-0.03215471,-2.143548,0.01719145,0.8949621,-0.1515724,0.4192533,16.60179,128.9553,354.2313,0.5686877,-0.01558786,-0.8224054,0.0,0.0,0.0,3.170126,-0.7637162,-3.564291,0.3087002,-0.1255664,2.069002,-0.6478626,-0.09632308,-0.7556431,0.1578659,0.9534605,-0.256888,0.74522,-0.2857183,-0.6025052,moving,-52.10529,29.21954,8.48607,-3.472985
05/15/2023 12:31:54.029352,3122,True,True,True,True,Eyes,1.596413,-0.04023576,-2.126769,0.7416136,-0.3274127,-0.5855001,0.0,0.0,0.0,0.0,0.0,0.0,0.0,-0.3957889,-0.8179984,-2.683095,1.849052,-0.03128408,-2.145879,0.01699857,0.8971012,-0.1526595,0.4142653,16.73741,129.5798,354.2476,0.5716175,-0.01555744,-0.8203722,0.0,0.0,0.0,3.165594,-0.7687253,-3.577553,0.3087002,-0.1281799,2.069001,-0.6561908,-0.09598421,-0.7484658,0.1569819,0.9528123,-0.2598182,0.7380857,-0.2879859,-0.6101588,moving,-51.70909,29.214,8.486073,-3.54509
05/15/2023 12:31:54.039466,3123,True,True,True,True,Eyes,1.607775,-0.03997887,-2.127702,0.7365794,-0.3303393,-0.590192,0.0,0.0,0.0,0.0,0.0,0.0,0.0,-0.3611135,-0.8348851,-2.69116,1.859054,-0.03091294,-2.14773,0.01851663,0.8989035,-0.1551042,0.4093561,17.09801,130.1851,354.3743,0.5745136,-0.01551543,-0.8183475,0.0,0.0,0.0,3.159794,-0.7778491,-3.589772,0.3087001,-0.1309,2.069001,-0.6641693,-0.09369633,-0.7416871,0.160275,0.9511997,-0.2636876,0.730199,-0.2940071,-0.6167405,moving,-51.29618,29.23639,8.48607,-3.620121
05/15/2023 12:31:54.059217,3124,True,True,True,True,Eyes,1.619063,-0.03974319,-2.128672,0.7313946,-0.3334559,-0.594869,0.0,0.0,0.0,0.0,0.0,0.0,0.0,-0.3264003,-0.8568098,-2.697419,1.86914,-0.0309232,-2.149903,0.0204632,0.9005279,-0.1584089,0.4043976,17.56898,130.7839,354.5067,0.5773752,-0.01546368,-0.816332,0.0,0.0,0.0,3.152626,-0.7839766,-3.604659,0.3087002,-0.1335194,2.069002,-0.6720878,-0.09126498,-0.7348258,0.1649757,0.9489757,-0.2687527,0.7218596,-0.3018538,-0.6227385,moving,-50.87733,29.27296,8.48607,-3.692362
05/15/2023 12:31:54.079251,3125,True,True,True,True,Eyes,1.630268,-0.03951209,-2.129704,0.7260423,-0.3369672,-0.5994295,0.0,0.0,0.0,0.0,0.0,0.0,0.0,-0.2942814,-0.8792554,-2.701936,1.878668,-0.03110546,-2.151695,0.02258721,0.9019119,-0.161792,0.399835,18.0536,131.3323,354.6507,0.5802011,-0.01540401,-0.8143271,0.0,0.0,0.0,3.142944,-0.7978868,-3.616757,0.3087001,-0.1364056,2.069,-0.6792436,-0.08863681,-0.7285408,0.1701235,0.9466264,-0.2737819,0.713923,-0.3099065,-0.6279107,moving,-50.4565,29.34237,8.486076,-3.771955
05/15/2023 12:31:54.095282,3126,True,True,True,True,Eyes,1.641411,-0.03926839,-2.130783,0.7205892,-0.3405687,-0.6039571,0.0,0.0,0.0,0.0,0.0,0.0,0.0,-0.2629548,-0.9099334,-2.703387,1.888245,-0.0307797,-2.153836,0.02479825,0.9029337,-0.1665761,0.395409,18.68864,131.834,354.7335,0.5829899,-0.01533745,-0.8123342,0.0,0.0,0.0,3.132292,-0.815365,-3.627882,0.3086998,-0.1388161,2.068999,-0.6860738,-0.08694904,-0.7223178,0.1765137,0.9432749,-0.2812034,0.7057947,-0.3204253,-0.6318085,moving,-50.03217,29.41846,8.486073,-3.838414
05/15/2023 12:31:54.109887,3127,True,True,True,True,Eyes,1.652498,-0.03903164,-2.131907,0.7151405,-0.3440583,-0.608439,0.0,0.0,0.0,0.0,0.0,0.0,0.0,-0.2297564,-0.9279075,-2.708747,1.897924,-0.03018899,-2.155942,0.02477859,0.9043115,-0.1696065,0.3909482,19.03396,132.3468,354.6708,0.585741,-0.01526429,-0.8103543,0.0,0.0,0.0,3.122003,-0.8337051,-3.636976,0.3087,-0.1415982,2.069001,-0.6930912,-0.08779958,-0.7154831,0.1774299,0.9412393,-0.2873799,0.6986728,-0.3261285,-0.6367865,moving,-49.60899,29.48717,8.48607,-3.915102
05/15/2023 12:31:54.129407,3128,True,True,True,True,Eyes,1.663523,-0.03880556,-2.133072,0.7096583,-0.3474772,-0.6128986,0.0,0.0,0.0,0.0,0.0,0.0,0.0,-0.1966388,-0.932125,-2.718466,1.907571,-0.03007951,-2.158205,0.02314716,0.9060076,-0.1706413,0.3866471,19.09311,132.8584,354.5341,0.5884539,-0.0151855,-0.8083878,0.0,0.0,0.0,3.11128,-0.8566522,-3.643462,0.3087002,-0.1442541,2.069001,-0.6999365,-0.09001296,-0.7085102,0.173899,0.9406915,-0.2913051,0.6927108,-0.3271042,-0.6427712,moving,-49.18437,29.55067,8.486073,-3.988299
05/15/2023 12:31:54.139380,3129,True,True,True,True,Eyes,1.674506,-0.03860198,-2.13429,0.7043924,-0.3502642,-0.6173706,0.0,0.0,0.0,0.0,0.0,0.0,0.0,-0.1638113,-0.9371597,-2.727217,1.917104,-0.03012228,-2.160237,0.02101646,0.9075464,-0.1720743,0.3825027,19.17221,133.332,354.3195,0.5911285,-0.0151021,-0.8064357,0.0,0.0,0.0,3.103446,-0.8703753,-3.65209,0.3086998,-0.1469578,2.069001,-0.7065,-0.09349094,-0.7015107,0.1697846,0.9398975,-0.2962531,0.6870452,-0.3284085,-0.6481642,moving,-48.76678,29.56834,8.486063,-4.062804
05/15/2023 12:31:54.159743,3130,True,True,True,True,Eyes,1.685439,-0.03842613,-2.135562,0.6991355,-0.3527771,-0.6218985,0.0,0.0,0.0,0.0,0.0,0.0,0.0,-0.1314592,-0.9324444,-2.739484,1.926963,-0.03054319,-2.162726,0.01841011,0.9093392,-0.1718872,0.3784417,19.05901,133.8228,354.133,0.5937647,-0.01501543,-0.8044984,0.0,0.0,0.0,3.09871,-0.8753411,-3.663246,0.3087001,-0.1495661,2.069001,-0.712886,-0.09661648,-0.6945927,0.1635806,0.9402317,-0.2986732,0.6819349,-0.3265418,-0.6544736,moving,-48.34611,29.56444,8.486072,-4.134665
05/15/2023 12:31:54.179250,3131,True,True,True,True,Eyes,1.696322,-0.03829324,-2.13689,0.6940676,-0.3547762,-0.6264216,0.0,0.0,0.0,0.0,0.0,0.0,0.0,-0.1018634,-0.9199405,-2.753758,1.936705,-0.03108001,-2.165193,0.01625558,0.9112545,-0.1701166,0.3747152,18.79732,134.3112,354.0663,0.5963628,-0.01492689,-0.8025759,0.0,0.0,0.0,3.094655,-0.8815573,-3.672741,0.3087,-0.1522475,2.069,-0.7186486,-0.09786462,-0.6884525,0.1571165,0.9415922,-0.2978566,0.6773911,-0.3222215,-0.6612977,moving,-47.93258,29.52521,8.486072,-4.208528
05/15/2023 12:31:54.195458,3132,True,True,True,True,Eyes,1.707159,-0.03820724,-2.138286,0.6889876,-0.3565915,-0.6309823,0.0,0.0,0.0,0.0,0.0,0.0,0.0,-0.07471752,-0.9101312,-2.766742,1.946324,-0.03200854,-2.167851,0.01517073,0.9129878,-0.1685587,0.3712292,18.60534,134.7783,354.0984,0.5989224,-0.01483827,-0.8006693,0.0,0.0,0.0,3.092483,-0.8816108,-3.684993,0.3087004,-0.1548839,2.069001,-0.7239177,-0.09744644,-0.6829698,0.1528492,0.9427156,-0.2965204,0.6727411,-0.3190477,-0.6675538,moving,-47.51621,29.4724,8.486081,-4.281135
05/15/2023 12:31:54.209509,3133,True,True,True,True,Eyes,1.717951,-0.03816645,-2.139752,0.6840087,-0.3580963,-0.6355306,0.0,0.0,0.0,0.0,0.0,0.0,0.0,-0.047539,-0.901809,-2.779186,1.956043,-0.03306468,-2.170759,0.01438753,0.9146739,-0.1672031,0.3677062,18.44857,135.2485,354.1526,0.6014432,-0.01475133,-0.798779,0.0,0.0,0.0,3.091624,-0.876335,-3.69901,0.3087007,-0.157571,2.069001,-0.7291705,-0.09664342,-0.6774738,0.149283,0.9436722,-0.2952918,0.6678513,-0.3164533,-0.6736707,moving,-47.10402,29.39954,8.486087,-4.355125
05/15/2023 12:31:54.229259,3134,True,True,True,True,Eyes,1.728709,-0.03817438,-2.141295,0.6790438,-0.3594058,-0.6400992,0.0,0.0,0.0,0.0,0.0,0.0,0.0,-0.02149045,-0.8964145,-2.790501,1.965756,-0.03413001,-2.173833,0.01357334,0.9161581,-0.1664142,0.364385,18.34967,135.6791,354.1703,0.6039254,-0.01466757,-0.7969055,0.0,0.0,0.0,3.090259,-0.8732619,-3.712338,0.3087004,-0.1602411,2.069,-0.7340789,-0.09640703,-0.6721861,0.1461484,0.9442441,-0.2950317,0.6631508,-0.3148153,-0.67906,moving,-46.69103,29.31354,8.486084,-4.428636
05/15/2023 12:31:54.239317,3135,True,True,True,True,Eyes,1.739426,-0.03824219,-2.142946,0.6741756,-0.3603783,-0.6446819,0.0,0.0,0.0,0.0,0.0,0.0,0.0,0.004047275,-0.8855211,-2.803645,1.975691,-0.03533912,-2.177151,0.01223906,0.9177299,-0.1648072,0.3611935,18.1399,136.1014,354.1663,0.606369,-0.01458843,-0.7950493,0.0,0.0,0.0,3.088414,-0.8713661,-3.725616,0.3086998,-0.1629013,2.069001,-0.7387788,-0.09659025,-0.6669903,0.1415188,0.9453776,-0.2936555,0.6589219,-0.3113382,-0.6847556,moving,-46.28109,29.20527,8.486066,-4.501856
05/15/2023 12:31:54.258963,3136,True,True,True,True,Eyes,1.750121,-0.03837313,-2.144697,0.6693777,-0.3610914,-0.6492661,0.0,0.0,0.0,0.0,0.0,0.0,0.0,0.02622151,-0.8673842,-2.819267,1.98578,-0.03684472,-2.18097,0.01095141,0.9193418,-0.1618446,0.3584647,17.78418,136.4919,354.2201,0.6087729,-0.01451562,-0.7932115,0.0,0.0,0.0,3.08701,-0.8715686,-3.737468,0.3087002,-0.1655553,2.069001,-0.7427661,-0.09589494,-0.6626481,0.1361673,0.9473728,-0.2897295,0.6555583,-0.3054323,-0.6906188,moving,-45.8738,29.08077,8.486074,-4.574891
05/15/2023 12:31:54.279238,3137,True,True,True,True,Eyes,1.76078,-0.03855703,-2.146572,0.6646607,-0.3617155,-0.6537492,0.0,0.0,0.0,0.0,0.0,0.0,0.0,0.04429948,-0.8509275,-2.834392,1.995945,-0.03852776,-2.18507,0.01029925,0.9206887,-0.1589609,0.3563114,17.4604,136.8146,354.3259,0.6111377,-0.01445074,-0.7913921,0.0,0.0,0.0,3.087111,-0.8685013,-3.750364,0.3086998,-0.1683834,2.069001,-0.7458724,-0.09431436,-0.6593781,0.132244,0.9492507,-0.2853676,0.6528293,-0.3000466,-0.6955473,moving,-45.47419,28.95549,8.486066,-4.6527
05/15/2023 12:31:54.295409,3138,True,True,True,True,Eyes,1.771421,-0.03880475,-2.148567,0.6600259,-0.3621592,-0.6581843,0.0,0.0,0.0,0.0,0.0,0.0,0.0,0.05816364,-0.8407563,-2.84778,2.006024,-0.03992395,-2.189606,0.009900808,0.9216043,-0.1570659,0.3547927,17.24935,137.0392,354.3995,0.6134624,-0.01439485,-0.7895923,0.0,0.0,0.0,3.089552,-0.8603989,-3.764872,0.3086996,-0.1710119,2.069,-0.7480482,-0.09320245,-0.6570672,0.129701,0.9504645,-0.2824798,0.6508469,-0.2965307,-0.6989049,moving,-45.08004,28.82134,8.486064,-4.725006
05/15/2023 12:31:54.309793,3139,True,True,True,True,Eyes,1.782048,-0.03910851,-2.150659,0.6551798,-0.3631397,-0.662472,0.0,0.0,0.0,0.0,0.0,0.0,0.0,0.07431805,-0.8289672,-2.861778,2.016249,-0.04173753,-2.194421,0.008887721,0.922629,-0.1552069,0.3529698,17.01793,137.2922,354.4086,0.6157473,-0.01434929,-0.7878127,0.0,0.0,0.0,3.093436,-0.8532665,-3.778157,0.3087,-0.1736395,2.069,-0.7506667,-0.09316656,-0.6540791,0.1259668,0.9516637,-0.2801226,0.6485613,-0.292671,-0.7026464,moving,-44.68292,28.72973,8.486072,-4.79727
05/15/2023 12:31:54.329224,3140,True,True,True,True,Eyes,1.792659,-0.0394358,-2.152888,0.6503646,-0.3641833,-0.6666306,0.0,0.0,0.0,0.0,0.0,0.0,0.0,0.08797765,-0.833159,-2.870782,2.026022,-0.04347578,-2.199233,0.009332948,0.9231297,-0.155723,0.3514184,17.10145,137.4851,354.4633,0.6179926,-0.01431496,-0.7860533,0.0,0.0,0.0,3.098823,-0.8498966,-3.788643,0.3087,-0.1764177,2.069001,-0.7528361,-0.0922168,-0.6517162,0.1266789,0.9513265,-0.2809455,0.6459028,-0.2940646,-0.704511,moving,-44.29239,28.64798,8.486068,-4.873655
05/15/2023 12:31:54.339040,3141,True,True,True,True,Eyes,1.803229,-0.03978966,-2.155281,0.6454465,-0.3654706,-0.6706938,0.0,0.0,0.0,0.0,0.0,0.0,0.0,0.1041611,-0.8426427,-2.878929,2.036267,-0.04433896,-2.204717,0.009787341,0.923631,-0.1570319,0.3495012,17.27273,137.7093,354.4902,0.6201975,-0.01429149,-0.7843151,0.0,0.0,0.0,3.103852,-0.8463283,-3.799984,0.3086993,-0.1789432,2.069001,-0.7555065,-0.09168589,-0.6486942,0.1278455,0.9504904,-0.2832377,0.6425464,-0.2969204,-0.7063801,moving,-43.90104,28.58659,8.486049,-4.943082
05/15/2023 12:31:54.359197,3142,True,True,True,True,Eyes,1.813771,-0.04017447,-2.157818,0.640553,-0.3666422,-0.6747335,0.0,0.0,0.0,0.0,0.0,0.0,0.0,0.1214879,-0.8378079,-2.891302,2.046367,-0.04526821,-2.210574,0.009290267,0.9245904,-0.1560884,0.3473942,17.16296,137.987,354.5186,0.6223615,-0.01427862,-0.7825993,0.0,0.0,0.0,3.106991,-0.8531181,-3.807033,0.3087,-0.1815942,2.069001,-0.7584621,-0.09126902,-0.6452949,0.1256278,0.9511002,-0.2821809,0.6394945,-0.2950905,-0.7099077,moving,-43.51138,28.51913,8.48607,-5.015942
05/15/2023 12:31:54.379296,3143,True,True,True,True,Eyes,1.824264,-0.04060012,-2.160511,0.6354456,-0.3680858,-0.6787648,0.0,0.0,0.0,0.0,0.0,0.0,0.0,0.140646,-0.8338512,-2.903092,2.056229,-0.04639845,-2.216484,0.009330873,0.9256721,-0.1551542,0.3449221,17.07844,138.3178,354.6121,0.6244839,-0.01427629,-0.7809069,0.0,0.0,0.0,3.108896,-0.8622468,-3.814238,0.3086998,-0.1844058,2.069001,-0.7618834,-0.08975754,-0.6414648,0.1243069,0.9516802,-0.280807,0.635674,-0.2936807,-0.7139119,moving,-43.11209,28.47043,8.486065,-5.093197
05/15/2023 12:31:54.399127,3144,True,True,True,True,Eyes,1.834736,-0.04105417,-2.163343,0.6300616,-0.369828,-0.6828248,0.0,0.0,0.0,0.0,0.0,0.0,0.0,0.1621227,-0.8353527,-2.913096,2.065985,-0.04773206,-2.222533,0.009744763,0.9267337,-0.1551264,0.3420609,17.10888,138.6856,354.7132,0.6265635,-0.01428478,-0.7792391,0.0,0.0,0.0,3.111852,-0.8618433,-3.825808,0.3086998,-0.187002,2.069002,-0.7657989,-0.08806377,-0.637022,0.124187,0.9516817,-0.2808552,0.6309754,-0.2941884,-0.7178604,moving,-42.69859,28.44063,8.486062,-5.164516
05/15/2023 12:31:54.409802,3145,True,True,True,True,Eyes,1.845166,-0.04152746,-2.166324,0.6246287,-0.3715824,-0.686852,0.0,0.0,0.0,0.0,0.0,0.0,0.0,0.1888257,-0.8376592,-2.922563,2.075614,-0.04891069,-2.228931,0.009503969,0.9279991,-0.1555306,0.3384341,17.16338,139.1322,354.7375,0.6286005,-0.01430389,-0.7775965,0.0,0.0,0.0,3.112672,-0.8622111,-3.838336,0.3086998,-0.1896425,2.069001,-0.7707441,-0.08763435,-0.6310894,0.1229131,0.9514398,-0.2822315,0.6251767,-0.2950974,-0.7225451,moving,-42.28363,28.4131,8.486066,-5.237041
05/15/2023 12:31:54.419631,3146,True,True,True,True,Eyes,1.855554,-0.04197733,-2.169452,0.6191332,-0.3733683,-0.6908475,0.0,0.0,0.0,0.0,0.0,0.0,0.0,0.2165029,-0.8462632,-2.929809,2.085026,-0.04979169,-2.235396,0.009952459,0.9291784,-0.1567584,0.3345976,17.3359,139.5998,354.8065,0.6305944,-0.01433312,-0.7759799,0.0,0.0,0.0,3.111181,-0.8666737,-3.850405,0.3086998,-0.1923759,2.069,-0.7758911,-0.08640672,-0.6249219,0.1233971,0.9506556,-0.2846528,0.6186814,-0.2979731,-0.7269428,moving,-41.8665,28.38899,8.486067,-5.312095
05/15/2023 12:31:54.439502,3147,True,True,True,True,Eyes,1.865884,-0.04231986,-2.172733,0.6135095,-0.3754136,-0.6947451,0.0,0.0,0.0,0.0,0.0,0.0,0.0,0.2427307,-0.8561727,-2.936619,2.094436,-0.04964149,-2.241998,0.01079138,0.9302863,-0.1578501,0.3309595,17.50774,140.0505,354.9224,0.6325449,-0.0143705,-0.7743901,0.0,0.0,0.0,3.107212,-0.8720191,-3.863669,0.3087,-0.1949666,2.069,-0.7806988,-0.08440584,-0.6191811,0.1245621,0.9499338,-0.2865486,0.6123675,-0.3008346,-0.7310985,moving,-41.4468,28.38509,8.486071,-5.383213
05/15/2023 12:31:54.459386,3148,True,True,True,True,Eyes,1.876187,-0.04256403,-2.17617,0.6078898,-0.3774038,-0.6985959,0.0,0.0,0.0,0.0,0.0,0.0,0.0,0.2667614,-0.8745333,-2.940802,2.103658,-0.04728518,-2.248705,0.01107422,0.9309901,-0.1603145,0.3277714,17.80402,140.4112,354.9099,0.634451,-0.01441135,-0.7728284,0.0,0.0,0.0,3.101124,-0.8812301,-3.875984,0.3087001,-0.1980299,2.069001,-0.7848867,-0.08447306,-0.6138545,0.125713,0.9483532,-0.2912428,0.6067532,-0.3057621,-0.7337304,moving,-41.02847,28.37933,8.486071,-5.467284
05/15/2023 12:31:54.479404,3149,True,True,True,True,Eyes,1.886406,-0.04275726,-2.179743,0.6022494,-0.3794321,-0.7023724,0.0,0.0,0.0,0.0,0.0,0.0,0.0,0.2941689,-0.8777378,-2.949554,2.113313,-0.0451822,-2.255814,0.009222372,0.9321155,-0.1610002,0.3242757,17.82573,140.8102,354.743,0.636313,-0.0144518,-0.7712953,0.0,0.0,0.0,3.095445,-0.8886076,-3.888323,0.3087001,-0.2005221,2.069002,-0.7895207,-0.08722427,-0.6074944,0.1216095,0.9479877,-0.2941604,0.6015552,-0.3061228,-0.7378486,moving,-40.61145,28.37858,8.486069,-5.535665
05/15/2023 12:31:54.495615,3150,True,True,True,True,Eyes,1.896566,-0.04287255,-2.183426,0.5966335,-0.3815777,-0.7059935,0.0,0.0,0.0,0.0,0.0,0.0,0.0,0.3182365,-0.8753202,-2.95893,2.12217,-0.044085,-2.262118,0.007462332,0.9332064,-0.1608458,0.3212457,17.75812,141.1669,354.6127,0.6381297,-0.01449006,-0.7697923,0.0,0.0,0.0,3.091233,-0.8983727,-3.897207,0.3087001,-0.2028661,2.069001,-0.7934911,-0.08941428,-0.6019776,0.1172699,0.9481459,-0.2954102,0.5971766,-0.3049992,-0.7418597,moving,-40.20107,28.39048,8.486073,-5.599967
05/15/2023 12:31:54.509515,3151,True,True,True,True,Eyes,1.906653,-0.04289648,-2.187266,0.5910758,-0.3836156,-0.7095552,0.0,0.0,0.0,0.0,0.0,0.0,0.0,0.3399775,-0.8925275,-2.96246,2.130949,-0.04230055,-2.268396,0.006543784,0.9336158,-0.1637592,0.3185934,18.05598,141.4317,354.4394,0.6399018,-0.01452364,-0.7683191,0.0,0.0,0.0,3.089198,-0.9004244,-3.909464,0.3086998,-0.2056437,2.069001,-0.7969111,-0.09212648,-0.5970309,0.116564,0.9462801,-0.3016068,0.5927445,-0.3099461,-0.7433625,moving,-39.79508,28.39753,8.486063,-5.676142
05/15/2023 12:31:54.529298,3152,True,True,True,True,Eyes,1.916672,-0.0428641,-2.191219,0.5855479,-0.3852942,-0.7132195,0.0,0.0,0.0,0.0,0.0,0.0,0.0,0.3653916,-0.8809547,-2.974753,2.13994,-0.04006396,-2.275477,0.003273619,0.9349208,-0.1624458,0.3154737,17.80711,141.7969,354.1904,0.6416286,-0.0145498,-0.7668772,0.0,0.0,0.0,3.088353,-0.9002105,-3.921329,0.3086997,-0.2082799,2.069001,-0.8009312,-0.09637363,-0.5909495,0.1086159,0.9472013,-0.3016825,0.5888223,-0.3058135,-0.7481754,moving,-39.38574,28.37873,8.486062,-5.748423
05/15/2023 12:31:54.539376,3153,True,True,True,True,Eyes,1.926588,-0.04280263,-2.195283,0.5799548,-0.3869867,-0.7168639,0.0,0.0,0.0,0.0,0.0,0.0,0.0,0.3939085,-0.8575908,-2.988995,2.148363,-0.03875478,-2.282048,0.0005384702,0.9367702,-0.1590389,0.3117182,17.35561,142.2879,354.0982,0.6433104,-0.01456736,-0.7654665,0.0,0.0,0.0,3.086748,-0.9115912,-3.927107,0.3086997,-0.2109021,2.069002,-0.8056633,-0.09814177,-0.5841878,0.1001595,0.9494127,-0.29763,0.5838453,-0.2983014,-0.7550772,moving,-38.97343,28.36163,8.486058,-5.820297
05/15/2023 12:31:54.559709,3154,True,True,True,True,Eyes,1.93643,-0.04267469,-2.199449,0.5742936,-0.3886903,-0.7204906,0.0,0.0,0.0,0.0,0.0,0.0,0.0,0.4209019,-0.8565514,-2.996195,2.156437,-0.03788017,-2.28831,0.0008197719,0.9381198,-0.1583821,0.3079701,17.31758,142.7718,354.2277,0.6449468,-0.01457622,-0.7640882,0.0,0.0,0.0,3.08776,-0.9049211,-3.941422,0.3086998,-0.213659,2.069001,-0.8103077,-0.09601586,-0.5780855,0.09909202,0.9498289,-0.2966579,0.5775661,-0.2976678,-0.7601392,moving,-38.55789,28.34598,8.486064,-5.895849
05/15/2023 12:31:54.579177,3155,True,True,True,True,Eyes,1.946176,-0.04248306,-2.203722,0.5686015,-0.3904068,-0.7240683,0.0,0.0,0.0,0.0,0.0,0.0,0.0,0.4484229,-0.8655192,-3.000459,2.164555,-0.0361295,-2.294852,0.001509323,0.9392284,-0.1591805,0.3041538,17.4535,143.2439,354.3454,0.6465382,-0.01457499,-0.7627422,0.0,0.0,0.0,3.085959,-0.891663,-3.960244,0.3087003,-0.2163715,2.069001,-0.8149767,-0.09399549,-0.5718203,0.0996659,0.9493186,-0.2980955,0.5708593,-0.2999318,-0.7643043,moving,-38.14209,28.33288,8.486076,-5.970163
05/15/2023 12:31:54.595437,3156,True,True,True,True,Eyes,1.955847,-0.04224091,-2.208074,0.5629125,-0.3920229,-0.7276314,0.0,0.0,0.0,0.0,0.0,0.0,0.0,0.4760273,-0.862262,-3.007848,2.1727,-0.03430144,-2.301183,0.000727411,0.9405357,-0.1584702,0.3004653,17.36938,143.7038,354.3561,0.6480843,-0.01456258,-0.761429,0.0,0.0,0.0,3.079577,-0.8914326,-3.974518,0.3087001,-0.2190259,2.069002,-0.8194404,-0.09386129,-0.5654272,0.09659792,0.9497733,-0.2976566,0.5649661,-0.2985309,-0.7692158,moving,-37.72636,28.31427,8.486067,-6.042863
05/15/2023 12:31:54.614244,3157,True,True,True,True,Eyes,1.965422,-0.04196269,-2.212524,0.5572422,-0.3937255,-0.7310687,0.0,0.0,0.0,0.0,0.0,0.0,0.0,0.5013947,-0.8603498,-3.014734,2.180629,-0.03285539,-2.307378,-0.0001227096,0.9416569,-0.1580993,0.2971311,17.31817,144.1119,354.3382,0.649586,-0.01453846,-0.7601487,0.0,0.0,0.0,3.071986,-0.8961509,-3.986638,0.3087001,-0.2216807,2.069002,-0.8234264,-0.09418351,-0.5595522,0.09372132,0.9500092,-0.2978235,0.5596298,-0.2976776,-0.7734356,moving,-37.31572,28.3052,8.486065,-6.115555
05/15/2023 12:31:54.629241,3158,True,True,True,True,Eyes,1.974927,-0.04165377,-2.217047,0.551595,-0.3953401,-0.734472,0.0,0.0,0.0,0.0,0.0,0.0,0.0,0.5270832,-0.8582175,-3.021617,2.188668,-0.0315976,-2.31371,-0.001365858,0.9427284,-0.1579216,0.2938063,17.2746,144.5087,354.2679,0.651044,-0.01450265,-0.7589011,0.0,0.0,0.0,3.066981,-0.8940359,-4.000454,0.3087,-0.224368,2.069002,-0.827352,-0.09537197,-0.5535277,0.09022144,0.9501178,-0.2985569,0.5543905,-0.2969517,-0.7774773,moving,-36.90687,28.29199,8.486065,-6.18912
05/15/2023 12:31:54.639768,3159,True,True,True,True,Eyes,1.984349,-0.0413122,-2.221633,0.5459405,-0.3971468,-0.737715,0.0,0.0,0.0,0.0,0.0,0.0,0.0,0.5505284,-0.8567567,-3.028279,2.196498,-0.03055832,-2.319924,-0.002308067,0.9436903,-0.1577522,0.2907878,17.24127,144.8715,354.225,0.6524588,-0.01445538,-0.7576858,0.0,0.0,0.0,3.063038,-0.8934669,-4.012748,0.3087004,-0.2269891,2.069001,-0.8308744,-0.09610106,-0.5480992,0.08738865,0.9502178,-0.2990808,0.5495556,-0.2963961,-0.7811136,moving,-36.50302,28.29568,8.486081,-6.260853
05/15/2023 12:31:54.659254,3160,True,True,True,True,Eyes,1.993692,-0.04097538,-2.22628,0.5402448,-0.3989774,-0.7409134,0.0,0.0,0.0,0.0,0.0,0.0,0.0,0.5728706,-0.8643565,-3.032115,2.204109,-0.02938691,-2.325952,-0.002763236,0.9443613,-0.1589547,0.287937,17.37534,145.1971,354.1812,0.6538316,-0.01439679,-0.7565026,0.0,0.0,0.0,3.059572,-0.8937144,-4.024594,0.3086996,-0.2297423,2.069,-0.8341695,-0.09675687,-0.5429546,0.0863189,0.9494515,-0.3018126,0.5447116,-0.29863,-0.7836515,moving,-36.09805,28.3022,8.486061,-6.33618
05/15/2023 12:31:54.679111,3161,True,True,True,True,Eyes,2.002917,-0.04062197,-2.230965,0.5344929,-0.401186,-0.7438865,0.0,0.0,0.0,0.0,0.0,0.0,0.0,0.5984671,-0.8728209,-3.034867,2.21162,-0.02913854,-2.332012,-0.00236633,0.945217,-0.1600925,0.2844813,17.53558,145.6118,354.2483,0.6551633,-0.0143283,-0.7553509,0.0,0.0,0.0,3.056718,-0.8944165,-4.035703,0.3087,-0.2325235,2.069001,-0.8381298,-0.09556003,-0.5370355,0.08661325,0.9487296,-0.3039907,0.5385508,-0.3012979,-0.7868817,moving,-35.69778,28.33847,8.486067,-6.412247
05/15/2023 12:31:54.695286,3162,True,True,True,True,Eyes,2.012053,-0.04025663,-2.23572,0.5285891,-0.4035849,-0.7468017,0.0,0.0,0.0,0.0,0.0,0.0,0.0,0.6184787,-0.9023103,-3.031301,2.21828,-0.0282667,-2.337498,0.000841719,0.9455075,-0.1634406,0.2816065,18.03167,145.9623,354.541,0.6564546,-0.01425043,-0.7542304,0.0,0.0,0.0,3.053316,-0.9003317,-4.043984,0.3087003,-0.2350937,2.069001,-0.8413945,-0.09046015,-0.5327972,0.09364355,0.946573,-0.3085945,0.5322469,-0.3095427,-0.7879702,moving,-35.291,28.38758,8.486076,-6.482525
05/15/2023 12:31:54.709534,3163,True,True,True,True,Eyes,2.021051,-0.03990727,-2.240514,0.5226017,-0.4061318,-0.7496295,0.0,0.0,0.0,0.0,0.0,0.0,0.0,0.6455929,-0.9307578,-3.027153,2.225356,-0.02753609,-2.343882,0.004251207,0.9461502,-0.1665387,0.2775729,18.51188,146.4669,354.8931,0.6577062,-0.01416385,-0.7531409,0.0,0.0,0.0,3.046553,-0.9076463,-4.05356,0.3087002,-0.2378155,2.069002,-0.8458704,-0.0844087,-0.5266674,0.1004978,0.9444937,-0.3127812,0.5238354,-0.3175012,-0.7904363,moving,-34.88216,28.4478,8.486073,-6.556925
05/15/2023 12:31:54.729380,3164,True,True,True,True,Eyes,2.029929,-0.03955583,-2.245347,0.5164897,-0.4088707,-0.7523717,0.0,0.0,0.0,0.0,0.0,0.0,0.0,0.6656966,-0.9507236,-3.025418,2.231582,-0.02745467,-2.349356,0.009163142,0.9469184,-0.1673943,0.2743008,18.78661,146.943,355.4879,0.6589179,-0.0140701,-0.7520828,0.0,0.0,0.0,3.037247,-0.9242025,-4.058095,0.3087002,-0.2404112,2.069002,-0.8493503,-0.0744793,-0.5225487,0.1091863,0.9437903,-0.3119906,0.5164132,-0.3220444,-0.7934765,moving,-34.4689,28.52153,8.486073,-6.62786
05/15/2023 12:31:54.739644,3165,True,True,True,True,Eyes,2.038682,-0.03920105,-2.250244,0.5102899,-0.4115701,-0.7551253,0.0,0.0,0.0,0.0,0.0,0.0,0.0,0.6825551,-0.9864643,-3.019176,2.237653,-0.0269637,-2.35512,0.01492956,0.9471304,-0.1704877,0.2713948,19.33262,147.356,356.0952,0.6600903,-0.01396993,-0.751056,0.0,0.0,0.0,3.023623,-0.9400868,-4.065848,0.3087001,-0.2430757,2.069001,-0.8522443,-0.06425844,-0.519183,0.1208194,0.9414221,-0.3148445,0.5090019,-0.3310518,-0.794558,moving,-34.04959,28.59196,8.486072,-6.700655
05/15/2023 12:31:54.759420,3166,True,True,True,True,Eyes,2.047308,-0.03884101,-2.255193,0.5040472,-0.4141764,-0.7578881,0.0,0.0,0.0,0.0,0.0,0.0,0.0,0.7010379,-1.003072,-3.018862,2.243747,-0.02642675,-2.361363,0.0188674,0.9478275,-0.1710388,0.2683522,19.53343,147.797,356.5916,0.6612232,-0.01386403,-0.7500607,0.0,0.0,0.0,3.011014,-0.9486902,-4.0757,0.3087007,-0.245747,2.069001,-0.8552623,-0.05603117,-0.5151572,0.1275633,0.9407795,-0.3141043,0.5022489,-0.3343567,-0.7974658,moving,-33.62661,28.65605,8.486089,-6.77361
05/15/2023 12:31:54.779406,3167,True,True,True,True,Eyes,2.055818,-0.03847407,-2.260203,0.4978922,-0.4164144,-0.7607249,0.0,0.0,0.0,0.0,0.0,0.0,0.0,0.720642,-1.011717,-3.020417,2.249396,-0.0259247,-2.367563,0.02148215,0.9486792,-0.1708593,0.2652424,19.60764,148.2344,356.9648,0.6623173,-0.01375287,-0.7490968,0.0,0.0,0.0,2.997658,-0.9657519,-4.081073,0.3087004,-0.2485657,2.069001,-0.8583702,-0.0498789,-0.5106007,0.1313976,0.9406913,-0.3127853,0.495919,-0.3355772,-0.8009074,moving,-33.20463,28.69592,8.486081,-6.85057
05/15/2023 12:31:54.795292,3168,True,True,True,True,Eyes,2.064216,-0.03812006,-2.265277,0.4917081,-0.4184202,-0.7636411,0.0,0.0,0.0,0.0,0.0,0.0,0.0,0.746755,-1.018202,-3.021198,2.255129,-0.02543591,-2.373976,0.02237,0.9496569,-0.1712541,0.2613873,19.69176,148.7244,357.1362,0.6633728,-0.01363688,-0.7481645,0.0,0.0,0.0,2.986845,-0.9717719,-4.091466,0.3087004,-0.2511363,2.069001,-0.8623525,-0.04703968,-0.5041184,0.132015,0.9403432,-0.3135709,0.4887947,-0.3369598,-0.8046973,moving,-32.77747,28.71956,8.48608,-6.920733
05/15/2023 12:31:54.809467,3169,True,True,True,True,Eyes,2.072529,-0.03779874,-2.270394,0.4855689,-0.420016,-0.7666872,0.0,0.0,0.0,0.0,0.0,0.0,0.0,0.774776,-1.007596,-3.027177,2.260901,-0.02542116,-2.380548,0.02208358,0.951112,-0.1692906,0.2573692,19.47502,149.246,357.2561,0.6643903,-0.01351703,-0.7472632,0.0,0.0,0.0,2.977135,-0.9743047,-4.102903,0.3087003,-0.2537209,2.069002,-0.8665469,-0.04513242,-0.4970509,0.1291483,0.941706,-0.3106613,0.4820967,-0.3333958,-0.8102037,moving,-32.34746,28.71535,8.486075,-6.991254
05/15/2023 12:31:54.829461,3170,True,True,True,True,Eyes,2.080725,-0.03751029,-2.275572,0.4794041,-0.421518,-0.7697365,0.0,0.0,0.0,0.0,0.0,0.0,0.0,0.8000222,-0.9973299,-3.033285,2.26645,-0.02596635,-2.387058,0.02227284,0.9524628,-0.1672132,0.2536893,19.25842,149.734,357.425,0.6653705,-0.01339492,-0.7463927,0.0,0.0,0.0,2.96639,-0.9782252,-4.114119,0.3086995,-0.2563937,2.069001,-0.8702915,-0.04241229,-0.4907079,0.1272685,0.9430874,-0.3072278,0.4758106,-0.3298294,-0.815363,moving,-31.91531,28.7057,8.486058,-7.064167
05/15/2023 12:31:54.839754,3171,True,True,True,True,Eyes,2.088841,-0.03725575,-2.280811,0.4733004,-0.4227916,-0.7728091,0.0,0.0,0.0,0.0,0.0,0.0,0.0,0.8247983,-0.9963903,-3.036231,2.271883,-0.02646802,-2.393664,0.02254285,0.95349,-0.1667577,0.2500814,19.22501,150.1914,357.5468,0.6663135,-0.01327197,-0.7455531,0.0,0.0,0.0,2.957397,-0.9731178,-4.129816,0.3086998,-0.2590706,2.069,-0.8739024,-0.04041727,-0.4844186,0.1263948,0.9433674,-0.3067286,0.4693818,-0.3292788,-0.8193024,moving,-31.48503,28.68237,8.486069,-7.137167
05/15/2023 12:31:54.859268,3172,True,True,True,True,Eyes,2.096832,-0.03704771,-2.286114,0.4671421,-0.4240293,-0.7758721,0.0,0.0,0.0,0.0,0.0,0.0,0.0,0.8519225,-0.9922496,-3.039757,2.2773,-0.02707703,-2.400755,0.02218745,0.9546306,-0.1660967,0.2461707,19.15021,150.6769,357.6087,0.6672205,-0.01314942,-0.7447438,0.0,0.0,0.0,2.948932,-0.9683218,-4.145112,0.3086996,-0.2617422,2.069,-0.8778155,-0.03941465,-0.4773747,0.1241379,0.9438393,-0.3061982,0.4626337,-0.3280458,-0.8236239,moving,-31.05158,28.65747,8.486064,-7.209997
05/15/2023 12:31:54.879970,3173,True,True,True,True,Eyes,2.104699,-0.03687969,-2.291496,0.4610636,-0.425324,-0.7787938,0.0,0.0,0.0,0.0,0.0,0.0,0.0,0.8811463,-0.9917198,-3.040763,2.282348,-0.02798188,-2.407545,0.02156678,0.9556765,-0.1663412,0.2419671,19.17009,151.1813,357.6168,0.6680911,-0.01302882,-0.7439649,0.0,0.0,0.0,2.939816,-0.9698431,-4.157179,0.3087,-0.2646056,2.069001,-0.8819736,-0.03927648,-0.4696594,0.1217199,0.943731,-0.3074999,0.4553096,-0.3283737,-0.827565,moving,-30.6265,28.64035,8.486067,-7.288025
05/15/2023 12:31:54.895381,3174,True,True,True,True,Eyes,2.112445,-0.03675529,-2.296952,0.454829,-0.4267007,-0.7817014,0.0,0.0,0.0,0.0,0.0,0.0,0.0,0.9161879,-1.000518,-3.036996,2.287358,-0.02873302,-2.414737,0.0203601,0.9565576,-0.1686278,0.2369553,19.4056,151.7482,357.5108,0.6689259,-0.01291128,-0.7432165,0.0,0.0,0.0,2.930339,-0.9701625,-4.170384,0.3087001,-0.2671969,2.069002,-0.8868753,-0.0409633,-0.4601893,0.1188657,0.9423003,-0.3129555,0.4464563,-0.3322533,-0.8308337,moving,-30.19277,28.62842,8.486068,-7.358614
05/15/2023 12:31:54.910216,3175,True,True,True,True,Eyes,2.12008,-0.03667534,-2.302473,0.4485604,-0.4281518,-0.784525,0.0,0.0,0.0,0.0,0.0,0.0,0.0,0.9572377,-1.004616,-3.032396,2.292278,-0.0296357,-2.421894,0.01859107,0.9576919,-0.170523,0.2310897,19.58528,152.4142,357.3717,0.6697242,-0.01279802,-0.7424991,0.0,0.0,0.0,2.919279,-0.9741302,-4.181798,0.3086998,-0.2697995,2.069001,-0.8925037,-0.04320322,-0.4489659,0.1144213,0.9411525,-0.3180247,0.4362851,-0.3352095,-0.8350388,moving,-29.75922,28.62335,8.486064,-7.429495
05/15/2023 12:31:54.919382,3176,True,True,True,True,Eyes,2.1276,-0.03663003,-2.30807,0.4420826,-0.4296367,-0.7873851,0.0,0.0,0.0,0.0,0.0,0.0,0.0,1.000909,-1.007625,-3.026663,2.297099,-0.03061654,-2.429037,0.01718757,0.9589434,-0.1721008,0.2247521,19.74264,153.1483,357.2964,0.6704868,-0.01269006,-0.7418125,0.0,0.0,0.0,2.904899,-0.9856439,-4.190493,0.3086997,-0.2725602,2.069,-0.8983821,-0.04439623,-0.4369651,0.1103239,0.9401717,-0.322344,0.4251331,-0.3377957,-0.8397356,moving,-29.31232,28.61909,8.486063,-7.50466
05/15/2023 12:31:54.939348,3177,True,True,True,True,Eyes,2.135022,-0.03662425,-2.313736,0.4355554,-0.4310899,-0.7902233,0.0,0.0,0.0,0.0,0.0,0.0,0.0,1.047018,-1.008033,-3.020499,2.301916,-0.03138921,-2.436388,0.01568306,0.9603053,-0.1732932,0.2180307,19.85661,153.9316,357.2305,0.6712138,-0.01258797,-0.7411566,0.0,0.0,0.0,2.887947,-0.995532,-4.200663,0.3086994,-0.2752062,2.069,-0.9044334,-0.04544541,-0.4241877,0.1056875,0.9394471,-0.3259898,0.4133166,-0.3396674,-0.8448642,moving,-28.86268,28.61376,8.486056,-7.576673
05/15/2023 12:31:54.959270,3178,True,True,True,True,Eyes,2.142331,-0.03665627,-2.31947,0.4288223,-0.4325574,-0.7930987,0.0,0.0,0.0,0.0,0.0,0.0,0.0,1.093896,-1.00381,-3.014867,2.306651,-0.03235279,-2.443764,0.01395967,0.9617559,-0.1738651,0.2111908,19.89685,154.7319,357.1602,0.6719059,-0.01249245,-0.7405308,0.0,0.0,0.0,2.868703,-1.004557,-4.21174,0.3086996,-0.2779662,2.069,-0.9104072,-0.04658582,-0.4110821,0.100289,0.9391521,-0.3285353,0.4013737,-0.3403279,-0.8503388,moving,-28.39975,28.60813,8.486064,-7.651763
05/15/2023 12:31:54.979181,3179,True,True,True,True,Eyes,2.149516,-0.0367245,-2.325296,0.4220676,-0.4339649,-0.7959482,0.0,0.0,0.0,0.0,0.0,0.0,0.0,1.141214,-1.000984,-3.007783,2.311338,-0.03328507,-2.451063,0.01216267,0.9631038,-0.1747835,0.2042887,19.97675,155.5329,357.0734,0.6725625,-0.01240419,-0.739936,0.0,0.0,0.0,2.848238,-1.011586,-4.223959,0.3086998,-0.2803734,2.069,-0.9162364,-0.04798476,-0.3977541,0.09484042,0.9386056,-0.3316999,0.3892507,-0.3416387,-0.8554338,moving,-27.93567,28.59999,8.486067,-7.717231
05/15/2023 12:31:54.995583,3180,True,True,True,True,Eyes,2.1566,-0.0368323,-2.331193,0.4151019,-0.4353231,-0.7988642,0.0,0.0,0.0,0.0,0.0,0.0,0.0,1.190773,-0.9956813,-3.000344,2.316138,-0.0342038,-2.458804,0.009887836,0.9644824,-0.1756007,0.1970798,20.03688,156.362,356.9406,0.6731844,-0.01232349,-0.7393717,0.0,0.0,0.0,2.827665,-1.016683,-4.23703,0.3086999,-0.2830327,2.069,-0.9221237,-0.05014143,-0.3836326,0.08828799,0.9381332,-0.3348302,0.3766873,-0.342625,-0.860648,moving,-27.45707,28.58718,8.48607,-7.789531
05/15/2023 12:31:55.009235,3181,True,True,True,True,Eyes,2.163606,-0.0369726,-2.337162,0.4081391,-0.4365329,-0.8017865,0.0,0.0,0.0,0.0,0.0,0.0,0.0,1.240151,-0.9858674,-2.993377,2.320868,-0.03526935,-2.466281,0.00778699,0.9659533,-0.1755862,0.1898505,20.00931,157.2056,356.8504,0.6737718,-0.01225089,-0.7388377,0.0,0.0,0.0,2.806757,-1.023134,-4.248967,0.3087002,-0.2857273,2.069,-0.9277924,-0.05162653,-0.369508,0.08171402,0.9382177,-0.3362595,0.3640389,-0.3421729,-0.8662525,moving,-26.97778,28.56609,8.486076,-7.862769
05/15/2023 12:31:55.029216,3182,True,True,True,True,Eyes,2.170521,-0.03716091,-2.343207,0.4009422,-0.4376203,-0.8048191,0.0,0.0,0.0,0.0,0.0,0.0,0.0,1.289745,-0.9760858,-2.985712,2.325564,-0.03625382,-2.474085,0.006297142,0.9674551,-0.1752129,0.1824593,19.95727,158.0838,356.8437,0.6743243,-0.01218673,-0.7383344,0.0,0.0,0.0,2.785384,-1.029114,-4.261353,0.3087001,-0.2883816,2.069001,-0.933338,-0.05175404,-0.355249,0.07612284,0.9385216,-0.3367233,0.3508356,-0.3413192,-0.8720182,moving,-26.48142,28.53513,8.486073,-7.93488
05/15/2023 12:31:55.040285,3183,True,True,True,True,Eyes,2.177367,-0.03738637,-2.349324,0.3934408,-0.4387406,-0.8079054,0.0,0.0,0.0,0.0,0.0,0.0,0.0,1.338914,-0.9622647,-2.978762,2.33038,-0.03761163,-2.481849,0.005227859,0.9690585,-0.1739285,0.1750638,19.81135,158.9792,356.9069,0.6748443,-0.01213149,-0.7378601,0.0,0.0,0.0,2.763859,-1.032372,-4.274706,0.3087003,-0.2912014,2.069,-0.9386508,-0.05076497,-0.3411126,0.07102937,0.9394431,-0.3352634,0.3374755,-0.3389242,-0.8782032,moving,-25.96556,28.50459,8.48608,-8.011468
05/15/2023 12:31:55.059363,3184,True,True,True,True,Eyes,2.184133,-0.03765209,-2.35552,0.3857258,-0.4397593,-0.8110656,0.0,0.0,0.0,0.0,0.0,0.0,0.0,1.386892,-0.9509094,-2.970783,2.335145,-0.03878833,-2.489748,0.004795078,0.9705832,-0.1726456,0.1677464,19.67854,159.8754,357.0406,0.6753321,-0.01208545,-0.7374145,0.0,0.0,0.0,2.740955,-1.034179,-4.289019,0.3087001,-0.2938229,2.069,-0.9436764,-0.04861331,-0.3272794,0.0672294,0.940341,-0.3335251,0.323968,-0.3367425,-0.8841093,moving,-25.43478,28.46653,8.486076,-8.082643
05/15/2023 12:31:55.079520,3185,True,True,True,True,Eyes,2.190801,-0.03795771,-2.361806,0.3779297,-0.4407261,-0.814205,0.0,0.0,0.0,0.0,0.0,0.0,0.0,1.434329,-0.9399936,-2.962346,2.340091,-0.04003026,-2.497749,0.004158876,0.9719891,-0.1715859,0.1605554,19.56614,160.7477,357.1401,0.6757876,-0.012049,-0.7369976,0.0,0.0,0.0,2.717796,-1.033045,-4.304754,0.3087006,-0.2964821,2.069001,-0.9484091,-0.04701334,-0.3135435,0.06318286,0.9410819,-0.3322238,0.3106891,-0.3348947,-0.8895603,moving,-24.89933,28.42652,8.486088,-8.154812
05/15/2023 12:31:55.095458,3186,True,True,True,True,Eyes,2.197401,-0.0383082,-2.368166,0.3699743,-0.4416261,-0.817365,0.0,0.0,0.0,0.0,0.0,0.0,0.0,1.481335,-0.9233488,-2.955224,2.344981,-0.04130283,-2.505918,0.002979907,0.9734414,-0.1698601,0.1534627,19.36666,161.6017,357.185,0.6762116,-0.01202233,-0.736609,0.0,0.0,0.0,2.69401,-1.031821,-4.320226,0.3086997,-0.2991525,2.069001,-0.9528809,-0.04633283,-0.2997862,0.05793589,0.9422773,-0.329783,0.2977615,-0.3316122,-0.8951938,moving,-24.35354,28.38256,8.486063,-8.227261
05/15/2023 12:31:55.109826,3187,True,True,True,True,Eyes,2.203943,-0.03870381,-2.374609,0.3620383,-0.4425882,-0.8203925,0.0,0.0,0.0,0.0,0.0,0.0,0.0,1.526874,-0.911663,-2.946558,2.350063,-0.04274203,-2.513973,0.001462493,0.9745856,-0.1693021,0.1466886,19.29475,162.3975,357.1567,0.6766047,-0.01200583,-0.7362483,0.0,0.0,0.0,2.671061,-1.031523,-4.334753,0.3086995,-0.3018683,2.068999,-0.9569606,-0.04681871,-0.2864163,0.05252001,0.9426693,-0.3295697,0.2854259,-0.3304279,-0.8996385,moving,-23.81181,28.34613,8.486064,-8.30092
05/15/2023 12:31:55.129241,3188,True,True,True,True,Eyes,2.210433,-0.03913791,-2.381137,0.3539584,-0.4434412,-0.8234521,0.0,0.0,0.0,0.0,0.0,0.0,0.0,1.572211,-0.8984079,-2.938075,2.355221,-0.0442169,-2.522348,-0.0002072473,0.9757023,-0.1685832,0.1399456,19.20299,163.1867,357.1115,0.6769669,-0.01199983,-0.7359153,0.0,0.0,0.0,2.649246,-1.028774,-4.35015,0.3087002,-0.3046472,2.069001,-0.9608305,-0.04758937,-0.2730206,0.04678052,0.9431593,-0.3290319,0.2731604,-0.3289159,-0.90399,moving,-23.26031,28.30312,8.486074,-8.37625
05/15/2023 12:31:55.139430,3189,True,True,True,True,Eyes,2.216842,-0.03961281,-2.38776,0.3458976,-0.4443488,-0.8263831,0.0,0.0,0.0,0.0,0.0,0.0,0.0,1.616794,-0.8833712,-2.930008,2.36056,-0.04559627,-2.530807,-0.001722432,0.9768283,-0.1674279,0.1333088,19.0648,163.9686,357.0887,0.677301,-0.0120044,-0.7356077,0.0,0.0,0.0,2.629059,-1.030475,-4.362486,0.3086999,-0.3072385,2.069001,-0.9644517,-0.04800427,-0.259863,0.04127419,0.9439299,-0.3275559,0.2610165,-0.3266374,-0.9083936,moving,-22.71263,28.26706,8.486065,-8.446471
05/15/2023 12:31:55.159473,3190,True,True,True,True,Eyes,2.223207,-0.04012816,-2.394466,0.3376969,-0.445156,-0.8293352,0.0,0.0,0.0,0.0,0.0,0.0,0.0,1.660151,-0.8700234,-2.921587,2.365912,-0.04699472,-2.539479,-0.002752242,0.9778964,-0.1662367,0.1267934,18.93084,164.7442,357.1193,0.6776049,-0.01201966,-0.7353265,0.0,0.0,0.0,2.609285,-1.031704,-4.375023,0.3086997,-0.3098838,2.069,-0.9678319,-0.04753824,-0.2470666,0.03677262,0.9447156,-0.3258224,0.2488967,-0.3244265,-0.9125778,moving,-22.15565,28.22523,8.486065,-8.518137
05/15/2023 12:31:55.179549,3191,True,True,True,True,Eyes,2.229504,-0.0406875,-2.401259,0.3294835,-0.4460354,-0.8321616,0.0,0.0,0.0,0.0,0.0,0.0,0.0,1.702016,-0.8589696,-2.912658,2.371332,-0.04849412,-2.548076,-0.003305402,0.97888,-0.1651357,0.120471,18.81417,165.5036,357.1988,0.6778806,-0.01204573,-0.7350711,0.0,0.0,0.0,2.589973,-1.031333,-4.388089,0.3087003,-0.3126342,2.069002,-0.9709519,-0.0462593,-0.2347616,0.03331693,0.9454386,-0.3240925,0.2369449,-0.3224997,-0.916434,moving,-21.60044,28.19114,8.486073,-8.592611
05/15/2023 12:31:55.195419,3192,True,True,True,True,Eyes,2.235754,-0.04127889,-2.40813,0.3211126,-0.4468556,-0.8349891,0.0,0.0,0.0,0.0,0.0,0.0,0.0,1.743879,-0.8497624,-2.902536,2.376584,-0.0500644,-2.556807,-0.003430184,0.9798238,-0.1640867,0.1140583,18.70947,166.2803,357.3281,0.6781285,-0.01208278,-0.7348412,0.0,0.0,0.0,2.570514,-1.030805,-4.401131,0.3087,-0.3153297,2.069001,-0.973958,-0.04415284,-0.2223883,0.03070894,0.9461276,-0.3223346,0.2246397,-0.3207696,-0.9201326,moving,-21.0353,28.15406,8.486069,-8.665578
05/15/2023 12:31:55.209642,3193,True,True,True,True,Eyes,2.241945,-0.04184647,-2.415092,0.3121988,-0.447932,-0.837788,0.0,0.0,0.0,0.0,0.0,0.0,0.0,1.784551,-0.8458408,-2.890911,2.38183,-0.05142434,-2.565479,-0.002938115,0.9806343,-0.1635019,0.1077719,18.66522,167.049,357.5194,0.6783494,-0.01213062,-0.7346362,0.0,0.0,0.0,2.551246,-1.03062,-4.413607,0.3087002,-0.3179407,2.069001,-0.9767531,-0.04100426,-0.2104089,0.0294794,0.946517,-0.3213045,0.2123304,-0.3200379,-0.9233046,moving,-20.43773,28.13165,8.486073,-8.736228
05/15/2023 12:31:55.229256,3194,True,True,True,True,Eyes,2.248093,-0.0423734,-2.422146,0.3031531,-0.4488948,-0.8405901,0.0,0.0,0.0,0.0,0.0,0.0,0.0,1.827055,-0.8425079,-2.877591,2.386942,-0.05138315,-2.574557,-0.003578855,0.9812979,-0.163652,0.1012899,18.69061,167.8135,357.5692,0.6785436,-0.01218734,-0.7344558,0.0,0.0,0.0,2.530853,-1.030829,-4.425828,0.3087001,-0.3207407,2.069001,-0.9794551,-0.04017644,-0.1976198,0.02612875,0.9464104,-0.3219077,0.1999625,-0.3204578,-0.9259169,moving,-19.83149,28.10326,8.486073,-8.811966
05/15/2023 12:31:55.240154,3195,True,True,True,True,Eyes,2.254184,-0.04283125,-2.429286,0.2936411,-0.4499828,-0.8433803,0.0,0.0,0.0,0.0,0.0,0.0,0.0,1.873675,-0.8264636,-2.864819,2.39217,-0.0509571,-2.583759,-0.005475417,0.9821894,-0.1624554,0.09424609,18.54757,168.6294,357.4986,0.6787118,-0.01225073,-0.7342992,0.0,0.0,0.0,2.510089,-1.032182,-4.436894,0.3087001,-0.3232279,2.069,-0.9821755,-0.04137735,-0.183356,0.01986577,0.9471565,-0.3201559,0.186914,-0.3180918,-0.9294519,moving,-19.19667,28.082,8.486076,-8.879217
05/15/2023 12:31:55.259478,3196,True,True,True,True,Eyes,2.260226,-0.04315673,-2.43652,0.2840147,-0.4510828,-0.8460851,0.0,0.0,0.0,0.0,0.0,0.0,0.0,1.920229,-0.8114029,-2.850712,2.3972,-0.04974802,-2.592909,-0.007860803,0.9829412,-0.1617304,0.08722531,18.45572,169.4291,357.3615,0.6788543,-0.01231797,-0.7341663,0.0,0.0,0.0,2.489789,-1.035313,-4.446351,0.3087004,-0.3259695,2.069,-0.9846599,-0.04366738,-0.168932,0.01276055,0.9475629,-0.3193142,0.1740173,-0.3165716,-0.9324699,moving,-18.55592,28.06391,8.486085,-8.953316
05/15/2023 12:31:55.279423,3197,True,True,True,True,Eyes,2.266223,-0.04337272,-2.443862,0.2739299,-0.4522116,-0.8488033,0.0,0.0,0.0,0.0,0.0,0.0,0.0,1.969979,-0.800269,-2.832575,2.402175,-0.04689714,-2.602323,-0.0110904,0.9834647,-0.1622196,0.07974476,18.50006,170.259,357.1177,0.6789718,-0.01238462,-0.7340566,0.0,0.0,0.0,2.46917,-1.033086,-4.458198,0.3087005,-0.3285872,2.069001,-0.9870356,-0.04768636,-0.1532541,0.004058285,0.9471236,-0.3208433,0.1604504,-0.3173057,-0.9346513,moving,-17.88618,28.04707,8.486084,-9.024035
05/15/2023 12:31:55.295415,3198,True,True,True,True,Eyes,2.272157,-0.04353161,-2.451282,0.2636375,-0.4530783,-0.8515958,0.0,0.0,0.0,0.0,0.0,0.0,0.0,2.025681,-0.7668638,-2.815696,2.407024,-0.04453146,-2.61225,-0.01510242,0.9845124,-0.1595029,0.07117732,18.17469,171.2235,356.8358,0.6790644,-0.0124474,-0.73397,0.0,0.0,0.0,2.449049,-1.032202,-4.46853,0.3087003,-0.3313627,2.069,-0.9894117,-0.05244302,-0.1353322,-0.007031054,0.9486614,-0.3162151,0.1449677,-0.3119153,-0.9389855,moving,-17.20151,28.01452,8.486081,-9.098989
05/15/2023 12:31:55.309535,3199,True,True,True,True,Eyes,2.418767,-0.04532012,-2.638832,-0.01358888,-0.465093,-0.8851575,0.0,0.0,0.0,0.0,0.0,0.0,0.0,2.081623,-0.7331452,-2.796226,2.411577,-0.04338133,-2.62144,-0.01767625,0.9856436,-0.1559346,0.06227939,17.7696,172.2581,356.7331,0.6791325,-0.01250496,-0.7339063,0.0,0.0,0.0,2.428094,-1.034393,-4.476287,0.3087003,-0.3339264,2.069,-0.9916177,-0.05426798,-0.1172579,-0.01542195,0.950744,-0.3095935,0.1282832,-0.3051901,-0.9436116,moving,0.879532,27.71902,8.48608,-9.168196
05/15/2023 12:31:55.329500,3200,True,True,True,True,Eyes,2.418933,-0.04520567,-2.639246,-0.01431999,-0.46495,-0.8852211,0.0,0.0,0.0,0.0,0.0,0.0,0.0,2.140186,-0.7281696,-2.76575,2.415929,-0.04130973,-2.630889,-0.0192032,0.9860289,-0.1568052,0.05282563,17.89057,173.3504,356.7207,0.6786003,-0.01250402,-0.7343987,0.4398301,-0.005365547,-0.5626509,2.403898,-1.025383,-4.490355,0.3087,-0.3365889,2.069002,-0.9936814,-0.05443647,-0.09815288,-0.02130315,0.9500868,-0.3112576,0.1101975,-0.3072,-0.9452432,moving,0.9267781,27.71007,8.486065,-9.24003
05/15/2023 12:31:55.339836,3201,True,True,True,True,Eyes,2.41925,-0.0450485,-2.640019,-0.01581812,-0.4647643,-0.8852932,0.0,0.0,0.0,0.0,0.0,0.0,0.0,2.201568,-0.7069094,-2.736441,2.420238,-0.03848116,-2.641154,-0.0206882,0.9868423,-0.1545672,0.04269977,17.65593,174.5398,356.7494,0.6781662,-0.01250426,-0.7347997,0.4134403,-0.005043614,-0.5288919,2.376114,-1.01408,-4.504952,0.3086997,-0.3392164,2.069002,-0.9954976,-0.05403195,-0.07788045,-0.02763202,0.951362,-0.3068337,0.09067132,-0.3033001,-0.9485717,moving,1.023633,27.69873,8.486058,-9.310905
05/15/2023 12:31:55.359332,3202,True,True,True,True,Eyes,2.419714,-0.04491401,-2.641093,-0.0179476,-0.4647709,-0.8852491,0.0,0.0,0.0,0.0,0.0,0.0,0.0,2.261982,-0.677425,-2.707311,2.424569,-0.03730647,-2.650484,-0.02147806,0.9878311,-0.1505642,0.03254292,17.22147,175.7515,356.8652,0.6778101,-0.01250344,-0.7351284,0.3886339,-0.004740997,-0.4971583,2.344463,-1.018571,-4.510471,0.3086997,-0.3419262,2.069001,-0.9969596,-0.05223299,-0.05782616,-0.0326338,0.9537383,-0.2988618,0.07076146,-0.296066,-0.952543,moving,1.161459,27.70024,8.486063,-9.383971
05/15/2023 12:31:55.379451,3203,True,True,True,True,Eyes,2.420295,-0.04474186,-2.642454,-0.0204917,-0.4655192,-0.8848006,0.0,0.0,0.0,0.0,0.0,0.0,0.0,2.31313,-0.6922948,-2.671924,2.428707,-0.0376614,-2.658756,-0.02002602,0.9877243,-0.1530678,0.02387459,17.543,176.7959,357.1825,0.6775142,-0.01250148,-0.7354003,0.3653159,-0.004456537,-0.4673288,2.310048,-1.010482,-4.522071,0.3086998,-0.3445508,2.069002,-0.9980578,-0.04686924,-0.04103234,-0.03225151,0.9523383,-0.3033338,0.0532937,-0.3014214,-0.9520005,moving,1.326715,27.75016,8.486062,-9.454703
05/15/2023 12:31:55.395446,3204,True,True,True,True,Eyes,2.420997,-0.04446231,-2.644133,-0.02336884,-0.4665489,-0.8841866,0.0,0.0,0.0,0.0,0.0,0.0,0.0,2.352649,-0.7337802,-2.637869,2.432508,-0.03639288,-2.667083,-0.01869548,0.9867682,-0.1601227,0.01731203,18.38259,177.575,357.4367,0.6772649,-0.0124968,-0.7356297,0.3433969,-0.004189145,-0.4392891,2.274549,-0.9972803,-4.535336,0.3087007,-0.3473577,2.069003,-0.9987015,-0.04244031,-0.02817878,-0.03135211,0.9480224,-0.3166553,0.04015306,-0.3153606,-0.948122,moving,1.513961,27.81877,8.486081,-9.530313
05/15/2023 12:31:55.409086,3205,True,True,True,True,Eyes,2.421806,-0.04415,-2.646114,-0.0264292,-0.4676035,-0.8835431,0.0,0.0,0.0,0.0,0.0,0.0,0.0,2.395476,-0.7406687,-2.610036,2.436195,-0.03347437,-2.676382,-0.02145165,0.986168,-0.1640208,0.01046566,18.84779,178.324,357.2296,0.6770496,-0.01248607,-0.7358277,0.3227931,-0.003937797,-0.4129318,2.242157,-1.009023,-4.534966,0.3087004,-0.3499303,2.069,-0.9988604,-0.04574304,-0.01360477,-0.0388767,0.9452741,-0.3239532,0.02767884,-0.3230551,-0.9459752,moving,1.713363,27.88944,8.486085,-9.599602
05/15/2023 12:31:55.429258,3206,True,True,True,True,Eyes,2.422701,-0.04380334,-2.648357,-0.02981885,-0.4687873,-0.8828076,0.0,0.0,0.0,0.0,0.0,0.0,0.0,2.44255,-0.7039895,-2.589088,2.439554,-0.03237775,-2.685619,-0.02627601,0.9864321,-0.1620296,0.00278554,18.63366,179.1528,356.8093,0.6768544,-0.01246818,-0.7360075,0.3034255,-0.003701529,-0.3881559,2.218344,-1.036361,-4.525756,0.3087002,-0.3527189,2.069,-0.9986036,-0.05274168,0.003019491,-0.05093632,0.9461119,-0.3198087,0.01401048,-0.319516,-0.9474773,moving,1.934561,27.96914,8.486079,-9.67466
05/15/2023 12:31:55.439405,3207,True,True,True,True,Eyes,2.423669,-0.04340208,-2.650888,-0.03347917,-0.4700855,-0.8819858,0.0,0.0,0.0,0.0,0.0,0.0,0.0,2.489133,-0.6881186,-2.560565,2.442629,-0.03118578,-2.694136,-0.03058116,0.9860278,-0.1636768,-0.004902989,18.84927,179.9793,356.4437,0.6766613,-0.01244165,-0.7361854,0.28522,-0.003479437,-0.3648665,2.19893,-1.051909,-4.522685,0.3086996,-0.3553603,2.069001,-0.9980816,-0.05870273,0.01967982,-0.06191275,0.9445494,-0.3224799,0.0003418883,-0.3230797,-0.9463719,moving,2.173838,28.05696,8.486061,-9.745723
05/15/2023 12:31:55.459775,3208,True,True,True,True,Eyes,2.424696,-0.04296909,-2.653696,-0.03761031,-0.4711331,-0.88126,0.0,0.0,0.0,0.0,0.0,0.0,0.0,2.538994,-0.6688998,-2.529258,2.445553,-0.02943009,-2.703602,-0.03481393,0.9856396,-0.1646964,-0.01334572,19.00143,180.8994,356.1047,0.6764671,-0.01240575,-0.7363644,0.2681068,-0.003270671,-0.3429745,2.178506,-1.048411,-4.530538,0.3087001,-0.3579631,2.069,-0.9972202,-0.06423198,0.03777559,-0.07302395,0.9433262,-0.3237333,-0.01484068,-0.3255918,-0.9453943,moving,2.44378,28.12954,8.486078,-9.815723
05/15/2023 12:31:55.479348,3209,True,True,True,True,Eyes,2.425769,-0.04255458,-2.656724,-0.04213946,-0.4721939,-0.880487,0.0,0.0,0.0,0.0,0.0,0.0,0.0,2.592712,-0.6247587,-2.498415,2.448151,-0.0282966,-2.712988,-0.03866164,0.9859391,-0.1609472,-0.02292419,18.61097,181.9809,355.8334,0.6762691,-0.01236046,-0.7365469,0.2520204,-0.003074431,-0.3223961,2.157572,-1.058625,-4.529729,0.3086999,-0.360876,2.069001,-0.9959598,-0.06885687,0.05764867,-0.08361521,0.9452025,-0.3155957,-0.03275875,-0.3191409,-0.9471412,moving,2.740044,28.20409,8.486067,-9.894024
05/15/2023 12:31:55.495754,3210,True,True,True,True,Eyes,2.426885,-0.04213545,-2.659979,-0.04713981,-0.4735013,-0.8795307,0.0,0.0,0.0,0.0,0.0,0.0,0.0,2.645344,-0.6061293,-2.458909,2.450551,-0.02829926,-2.721298,-0.04088033,0.9855846,-0.1609212,-0.03250109,18.65447,183.08,355.7557,0.6760653,-0.0123072,-0.7367346,0.2368992,-0.002889965,-0.3030523,2.133532,-1.065572,-4.530365,0.3086999,-0.3632511,2.069002,-0.994545,-0.07012182,0.07722218,-0.09104228,0.9448664,-0.3145455,-0.05090814,-0.3198601,-0.9460963,moving,3.067921,28.2961,8.486064,-9.957836
05/15/2023 12:31:55.509283,3211,True,True,True,True,Eyes,2.428035,-0.04168301,-2.663465,-0.05288301,-0.4746842,-0.8785661,0.0,0.0,0.0,0.0,0.0,0.0,0.0,2.697051,-0.6098035,-2.413341,2.452832,-0.02767085,-2.730019,-0.0421859,0.9846179,-0.1642742,-0.04197738,19.08899,184.1752,355.7957,0.675854,-0.01224659,-0.7369294,0.2226852,-0.002716567,-0.2848692,2.103517,-1.055728,-4.539345,0.3087001,-0.3659236,2.069003,-0.9929167,-0.06928239,0.09652346,-0.09686558,0.9424687,-0.3199528,-0.06880325,-0.3270362,-0.942504,moving,3.444615,28.3821,8.486062,-10.02961
05/15/2023 12:31:55.529296,3212,True,True,True,True,Eyes,2.429211,-0.04125313,-2.667158,-0.05908239,-0.4759735,-0.8774728,0.0,0.0,0.0,0.0,0.0,0.0,0.0,2.748845,-0.6063483,-2.367762,2.454979,-0.02638166,-2.739066,-0.04342041,0.98379,-0.1661355,-0.05167978,19.35213,185.3064,355.8511,0.6756331,-0.0121784,-0.7371328,0.2093241,-0.002553573,-0.267777,2.071771,-1.060083,-4.538969,0.3087,-0.3686733,2.069,-0.9908877,-0.06826143,0.1161114,-0.1026048,0.9410273,-0.3223971,-0.08725676,-0.3313729,-0.9394563,moving,3.852051,28.47703,8.486071,-10.10344
05/15/2023 12:31:55.539581,3213,True,True,True,True,Eyes,2.430361,-0.04080604,-2.671017,-0.06580579,-0.4774376,-0.876198,0.0,0.0,0.0,0.0,0.0,0.0,0.0,2.798585,-0.6033057,-2.321923,2.456928,-0.02649684,-2.74776,-0.04390046,0.9829669,-0.1676228,-0.06124945,19.56726,186.4406,355.9973,0.6754013,-0.01210399,-0.7373463,0.1967647,-0.002400358,-0.2517104,2.039939,-1.075717,-4.531438,0.3087,-0.3713864,2.069002,-0.9886425,-0.06577179,0.1351298,-0.106839,0.9399507,-0.3241576,-0.1056949,-0.3349131,-0.9363023,moving,4.295067,28.58583,8.486065,-10.17624
05/15/2023 12:31:55.559344,3214,True,True,True,True,Eyes,2.431513,-0.04037435,-2.675088,-0.07294295,-0.4790782,-0.8747362,0.0,0.0,0.0,0.0,0.0,0.0,0.0,2.843413,-0.6216725,-2.271674,2.457257,-0.02556325,-2.755579,-0.04438078,0.9813941,-0.1731445,-0.07012104,20.24713,187.4879,356.1603,0.6751569,-0.0120235,-0.7375711,0.1849588,-0.002256337,-0.2366078,2.006932,-1.085009,-4.526382,0.3087,-0.3740002,2.069001,-0.9862267,-0.06282792,0.1530013,-0.1113922,0.9361026,-0.3336219,-0.1222642,-0.34607,-0.930208,moving,4.766781,28.70878,8.48607,-10.24635
05/15/2023 12:31:55.579312,3215,True,True,True,True,Eyes,2.432632,-0.03993275,-2.679291,-0.08044642,-0.4805855,-0.8732502,0.0,0.0,0.0,0.0,0.0,0.0,0.0,2.892914,-0.6211172,-2.221399,2.458628,-0.02545063,-2.76475,-0.04528516,0.9801453,-0.1757019,-0.07995895,20.58941,188.6524,356.2838,0.6748984,-0.01193793,-0.7378087,0.1738613,-0.002120957,-0.2224113,1.973292,-1.093769,-4.521161,0.3087002,-0.3766508,2.069001,-0.9831119,-0.06067421,0.1726561,-0.11687,0.9341562,-0.3371849,-0.1408294,-0.3516687,-0.925471,moving,5.263403,28.8258,8.486076,-10.31741
05/15/2023 12:31:55.595996,3216,True,True,True,True,Eyes,2.433756,-0.03948494,-2.683679,-0.08820412,-0.4823207,-0.8715428,0.0,0.0,0.0,0.0,0.0,0.0,0.0,2.938056,-0.6193516,-2.172195,2.459379,-0.02472018,-2.77219,-0.04604721,0.9789327,-0.1777855,-0.08923479,20.87302,189.7563,356.415,0.674625,-0.01184752,-0.7380598,0.1634296,-0.001993699,-0.2090666,1.942093,-1.116029,-4.506411,0.3087001,-0.3792868,2.069001,-0.9798337,-0.05842493,0.1910828,-0.1218835,0.9325439,-0.339862,-0.1583367,-0.356298,-0.9208591,moving,5.778919,28.96059,8.486071,-10.38805
05/15/2023 12:31:55.609212,3217,True,True,True,True,Eyes,2.434846,-0.03904652,-2.688255,-0.09616737,-0.4836489,-0.869963,0.0,0.0,0.0,0.0,0.0,0.0,0.0,2.980705,-0.6191428,-2.126543,2.460732,-0.02406411,-2.781068,-0.04778128,0.9774289,-0.1810836,-0.09776712,21.30519,190.7525,356.4309,0.6743358,-0.01175258,-0.7383251,0.1536238,-0.001874077,-0.1965226,1.908405,-1.128589,-4.49746,0.3087002,-0.3819549,2.069,-0.9763171,-0.05799756,0.2084256,-0.1288137,0.9298513,-0.3446499,-0.173816,-0.3633357,-0.9153007,moving,6.307975,29.07152,8.486079,-10.45953
05/15/2023 12:31:55.629351,3218,True,True,True,True,Eyes,2.435928,-0.03863247,-2.693007,-0.1043485,-0.4849312,-0.8683047,0.0,0.0,0.0,0.0,0.0,0.0,0.0,3.020354,-0.5976691,-2.088789,2.46115,-0.02388354,-2.790152,-0.04946577,0.9766737,-0.1799983,-0.1061247,21.22911,191.7292,356.4068,0.6740292,-0.01165381,-0.738606,0.1444064,-0.001761633,-0.1847313,1.87619,-1.138654,-4.487729,0.3087,-0.3846654,2.069002,-0.9725816,-0.05841931,0.2251059,-0.1348284,0.9303074,-0.3411001,-0.1894909,-0.3620982,-0.9126765,moving,6.852658,29.1825,8.486064,-10.53209
05/15/2023 12:31:55.639610,3219,True,True,True,True,Eyes,2.436958,-0.0382522,-2.697933,-0.1125831,-0.4859427,-0.8667091,0.0,0.0,0.0,0.0,0.0,0.0,0.0,3.0574,-0.5813497,-2.052355,2.462167,-0.02405675,-2.799102,-0.05067535,0.9758397,-0.1794277,-0.1139061,21.20646,192.6473,356.4315,0.6737054,-0.01155226,-0.7389036,0.135742,-0.001655935,-0.1736474,1.849612,-1.153879,-4.476988,0.3087,-0.3873407,2.069001,-0.968915,-0.05802624,0.2404932,-0.1397778,0.9304754,-0.3386408,-0.204123,-0.3617298,-0.9096624,moving,7.40112,29.27829,8.486068,-10.60368
05/15/2023 12:31:55.659239,3220,True,True,True,True,Eyes,2.437972,-0.03791724,-2.703023,-0.1210075,-0.4869295,-0.8650185,0.0,0.0,0.0,0.0,0.0,0.0,0.0,3.091965,-0.5689994,-2.016753,2.462499,-0.02449264,-2.808344,-0.05147425,0.9749432,-0.1791742,-0.121379,21.21478,193.5382,356.5023,0.673364,-0.01144967,-0.739217,0.1275975,-0.001556579,-0.1632286,1.821446,-1.153951,-4.475949,0.3087,-0.3900341,2.069001,-0.9652354,-0.05687296,0.255121,-0.1438649,0.930494,-0.3368736,-0.2182296,-0.3618651,-0.9063277,moving,7.96343,29.37569,8.48607,-10.67573
05/15/2023 12:31:55.679367,3221,True,True,True,True,Eyes,2.438966,-0.03762092,-2.708264,-0.129495,-0.487817,-0.8632877,0.0,0.0,0.0,0.0,0.0,0.0,0.0,3.125384,-0.5592216,-1.981231,2.46327,-0.02524212,-2.817391,-0.05179855,0.9740344,-0.1789622,-0.1286332,21.22041,194.4139,356.6258,0.6730013,-0.01134644,-0.7395495,0.1199416,-0.001463184,-0.1534348,1.795632,-1.155844,-4.473948,0.3087001,-0.3927623,2.069001,-0.9615409,-0.05486619,0.2691262,-0.1469481,0.9305789,-0.3353046,-0.2320463,-0.3619567,-0.9028521,moving,8.530884,29.46944,8.48607,-10.74867
05/15/2023 12:31:55.695894,3222,True,True,True,True,Eyes,2.439934,-0.03735764,-2.713663,-0.1380626,-0.4888517,-0.8613726,0.0,0.0,0.0,0.0,0.0,0.0,0.0,3.156384,-0.5601245,-1.944556,2.46367,-0.02589318,-2.82621,-0.05202614,0.9727663,-0.1807777,-0.1354197,21.45679,195.2405,356.7813,0.6726189,-0.01124422,-0.7398992,0.1127451,-0.001375393,-0.1442288,1.769904,-1.158706,-4.471565,0.3087007,-0.3954438,2.069,-0.9579095,-0.05225681,0.2822739,-0.1501803,0.9292254,-0.3376181,-0.2446532,-0.3657995,-0.8979619,moving,9.106032,29.57606,8.486093,-10.82033
05/15/2023 12:31:55.709768,3223,True,True,True,True,Eyes,2.440832,-0.03713201,-2.71923,-0.1465739,-0.4896922,-0.8594869,0.0,0.0,0.0,0.0,0.0,0.0,0.0,3.185268,-0.565047,-1.910131,2.464334,-0.0262246,-2.835521,-0.05219746,0.9714215,-0.1831716,-0.1416467,21.75639,196.0046,356.9436,0.6722155,-0.01114353,-0.7402677,0.1059804,-0.001292869,-0.135575,1.744832,-1.161488,-4.468844,0.3087002,-0.3980538,2.069001,-0.9544232,-0.04952018,0.2943194,-0.1533028,0.9274472,-0.3410865,-0.256075,-0.3706609,-0.8927687,moving,9.677918,29.6723,8.486075,-10.89004
05/15/2023 12:31:55.729201,3224,True,True,True,True,Eyes,2.441693,-0.03693986,-2.724966,-0.1551667,-0.4904322,-0.8575543,0.0,0.0,0.0,0.0,0.0,0.0,0.0,3.212004,-0.5577309,-1.881378,2.464019,-0.02693506,-2.84526,-0.05266554,0.970478,-0.183288,-0.1476628,21.79628,196.7312,357.0311,0.6717901,-0.01104537,-0.7406555,0.09962159,-0.001215297,-0.1274405,1.721966,-1.171289,-4.461642,0.3087001,-0.4007903,2.069,-0.9508442,-0.04809185,0.3059129,-0.1563512,0.9272637,-0.3402005,-0.2673011,-0.3713075,-0.8892026,moving,10.25619,29.76508,8.486075,-10.9631
05/15/2023 12:31:55.739829,3225,True,True,True,True,Eyes,2.442512,-0.03679014,-2.730895,-0.1641067,-0.491242,-0.855424,0.0,0.0,0.0,0.0,0.0,0.0,0.0,3.237827,-0.5433553,-1.855659,2.463891,-0.02771503,-2.854943,-0.05322815,0.9697838,-0.1819952,-0.1535055,21.67452,197.4299,357.0784,0.6713432,-0.01095056,-0.7410624,0.0936443,-0.001142379,-0.1197941,1.701326,-1.180121,-4.4551,0.3087003,-0.4007901,2.069,-0.947206,-0.04736508,0.3171089,-0.1591141,0.928089,-0.3366503,-0.2783598,-0.3693336,-0.8866279,static,10.85983,29.86734,8.486081,-10.9631
05/15/2023 12:31:55.759345,3226,True,True,True,True,Eyes,2.461516,-0.03501704,-2.883062,-0.3847896,-0.4927135,-0.7804937,0.0,0.0,0.0,0.0,0.0,0.0,0.0,3.264434,-0.5237637,-1.830041,2.463483,-0.0286687,-2.865369,-0.0541503,0.9691064,-0.1800767,-0.1596021,21.48836,198.1491,357.0755,0.670872,-0.01085957,-0.7414906,0.08802564,-0.001073836,-0.1126065,1.680111,-1.181655,-4.454236,0.3087003,-0.4007902,2.069001,-0.9431897,-0.04747355,0.3288453,-0.162436,0.9292802,-0.331742,-0.2898404,-0.366312,-0.884199,static,26.24367,32.26358,8.486078,-10.96309
05/15/2023 12:31:55.779396,3227,True,True,True,True,Eyes,2.461511,-0.035092,-2.883465,-0.3853751,-0.4928392,-0.7801253,0.0,0.0,0.0,0.0,0.0,0.0,0.0,3.288096,-0.503763,-1.80794,2.462934,-0.03053413,-2.875241,-0.05411224,0.9687388,-0.1769727,-0.1652205,21.14697,198.8256,357.1507,0.6684568,-0.01068444,-0.7436715,0.1397564,0.004309883,-0.562352,1.659333,-1.178457,-4.456558,0.3087002,-0.4007902,2.069002,-0.9395485,-0.0463622,0.3392638,-0.1633203,0.931505,-0.3249998,-0.3009583,-0.3607616,-0.8827661,static,26.28897,32.28239,8.486073,-10.96309
05/15/2023 12:31:55.796281,3228,True,True,True,True,Eyes,2.461457,-0.03523041,-2.884257,-0.3862388,-0.4929944,-0.7796,0.0,0.0,0.0,0.0,0.0,0.0,0.0,3.308696,-0.4990076,-1.786446,2.462328,-0.03247462,-2.88509,-0.05328656,0.9681258,-0.175972,-0.170079,21.02971,199.4341,357.34,0.6664081,-0.01053502,-0.7455102,0.131371,0.00405129,-0.5286109,1.637743,-1.17367,-4.460303,0.3087001,-0.4007906,2.069,-0.9364675,-0.04331789,0.3480696,-0.1630345,0.9323888,-0.3226003,-0.3105618,-0.358852,-0.8802142,static,26.35529,32.30797,8.486075,-10.96311
05/15/2023 12:31:55.809628,3229,True,True,True,True,Eyes,2.461373,-0.035417,-2.885453,-0.3875543,-0.4933228,-0.7787389,0.0,0.0,0.0,0.0,0.0,0.0,0.0,3.327238,-0.4998474,-1.766485,2.461145,-0.03412126,-2.895242,-0.05295887,0.9672663,-0.1765518,-0.1744156,21.10136,199.9756,357.4896,0.6646591,-0.01040913,-0.7470719,0.1234888,0.003808213,-0.4968942,1.61567,-1.1646,-4.466697,0.3087002,-0.4007901,2.069002,-0.9335492,-0.0408639,0.3561126,-0.1640374,0.9320496,-0.3230714,-0.3187127,-0.3600188,-0.8768175,static,26.45811,32.35383,8.486073,-10.96309
05/15/2023 12:31:55.829269,3230,True,True,True,True,Eyes,2.461226,-0.03566224,-2.887016,-0.3891448,-0.4935527,-0.7777995,0.0,0.0,0.0,0.0,0.0,0.0,0.0,3.348406,-0.4884304,-1.745187,2.459796,-0.0355126,-2.905891,-0.05370526,0.9664239,-0.1759339,-0.17941,21.05868,200.5693,357.5019,0.6631016,-0.01030219,-0.7484562,0.1160794,0.00357972,-0.4670806,1.59603,-1.162004,-4.469509,0.3087001,-0.4007902,2.069001,-0.9298557,-0.0406755,0.3656693,-0.1669327,0.9323261,-0.3207829,-0.327875,-0.3593239,-0.8737187,static,26.57949,32.39717,8.486073,-10.96309
05/15/2023 12:31:55.839579,3231,True,True,True,True,Eyes,2.46105,-0.03594226,-2.888967,-0.3911265,-0.4938949,-0.7765873,0.0,0.0,0.0,0.0,0.0,0.0,0.0,3.368093,-0.475249,-1.725922,2.458217,-0.03718422,-2.916248,-0.05407476,0.9657682,-0.1744761,-0.1841898,20.9116,201.1405,357.5351,0.6616753,-0.01021214,-0.7497186,0.1091147,0.003364937,-0.4390558,1.579287,-1.165172,-4.469963,0.3087001,-0.4007902,2.069001,-0.9263002,-0.04017391,0.3746389,-0.1687208,0.933268,-0.317087,-0.3368998,-0.356927,-0.8712645,static,26.73201,32.45559,8.486072,-10.9631
05/15/2023 12:31:55.859142,3232,True,True,True,True,Eyes,2.460788,-0.03625264,-2.891284,-0.3933166,-0.494081,-0.7753619,0.0,0.0,0.0,0.0,0.0,0.0,0.0,3.385954,-0.4663581,-1.709358,2.456545,-0.03834257,-2.927114,-0.05425672,0.9651234,-0.1734278,-0.1884563,20.80622,201.6547,357.5867,0.6603622,-0.01013811,-0.7508766,0.1025678,0.003163041,-0.4127124,1.561281,-1.165178,-4.472167,0.3087002,-0.4007903,2.069001,-0.9230807,-0.03936174,0.3825864,-0.170096,0.933958,-0.3143084,-0.3449479,-0.3552085,-0.8688139,static,26.89724,32.50636,8.486075,-10.9631
05/15/2023 12:31:55.879447,3233,True,True,True,True,Eyes,2.460485,-0.03664312,-2.893965,-0.3959035,-0.4942597,-0.7739301,0.0,0.0,0.0,0.0,0.0,0.0,0.0,3.403862,-0.4450455,-1.695285,2.454318,-0.03942271,-2.938213,-0.0553555,0.9646549,-0.1708487,-0.192841,20.54663,202.1557,357.4963,0.6591446,-0.01007922,-0.7519466,0.09641372,0.002973258,-0.3879497,1.542844,-1.162113,-4.476158,0.3087001,-0.4007903,2.069001,-0.9194964,-0.04090464,0.3909648,-0.1726912,0.935493,-0.3082703,-0.3531352,-0.3509696,-0.8672464,static,27.09199,32.56377,8.486073,-10.9631
05/15/2023 12:31:55.895890,3234,True,True,True,True,Eyes,2.460092,-0.03708044,-2.89696,-0.3986577,-0.4945726,-0.7723147,0.0,0.0,0.0,0.0,0.0,0.0,0.0,3.423547,-0.4222395,-1.677273,2.452143,-0.04182,-2.949145,-0.0559605,0.9641459,-0.1677816,-0.1978393,20.22296,202.7395,357.4639,0.658008,-0.01003601,-0.7529423,0.0906289,0.002794863,-0.3646727,1.526065,-1.159741,-4.480616,0.3087,-0.4007901,2.069001,-0.9154561,-0.04152058,0.4002703,-0.1742958,0.9374355,-0.3013895,-0.3627137,-0.3456742,-0.8654179,static,27.30213,32.63456,8.486068,-10.96309
05/15/2023 12:31:55.909459,3235,True,True,True,True,Eyes,2.45965,-0.03752498,-2.900323,-0.4017352,-0.4951147,-0.7703701,0.0,0.0,0.0,0.0,0.0,0.0,0.0,3.442039,-0.422604,-1.654284,2.449699,-0.04334472,-2.959726,-0.0566407,0.9628428,-0.1695591,-0.2024239,20.45357,203.2992,357.5271,0.6569393,-0.0100081,-0.7538754,0.08519117,0.002627171,-0.3427923,1.509045,-1.153143,-4.488304,0.3087005,-0.4007905,2.069001,-0.9116331,-0.04042657,0.4090126,-0.1777178,0.9360831,-0.3035867,-0.3705968,-0.3494484,-0.8605489,static,27.54129,32.72874,8.486082,-10.9631
05/15/2023 12:31:55.929272,3236,True,True,True,True,Eyes,2.459102,-0.038011,-2.904002,-0.4051537,-0.4953474,-0.768428,0.0,0.0,0.0,0.0,0.0,0.0,0.0,3.463391,-0.4092339,-1.629881,2.447063,-0.04400618,-2.971364,-0.0575577,0.9617827,-0.168674,-0.2078708,20.38855,203.9452,357.5181,0.6559268,-0.009994086,-0.7547569,0.0800797,0.002469541,-0.3222248,1.488942,-1.145553,-4.495337,0.3087004,-0.4007906,2.069,-0.9069539,-0.0405912,0.4192701,-0.1808408,0.9364724,-0.3005264,-0.3804361,-0.3483847,-0.8566779,static,27.80044,32.80681,8.486084,-10.96311
05/15/2023 12:31:55.939640,3237,True,True,True,True,Eyes,2.458506,-0.03854892,-2.907976,-0.4089136,-0.4958011,-0.7661403,0.0,0.0,0.0,0.0,0.0,0.0,0.0,3.485569,-0.3870201,-1.6039,2.444102,-0.0455485,-2.982575,-0.05700712,0.9612135,-0.164358,-0.2140217,19.89929,204.6855,357.6083,0.6549588,-0.009993593,-0.7555971,0.07527491,0.002321368,-0.3028913,1.47274,-1.154006,-4.492265,0.3087003,-0.4007902,2.069001,-0.9018901,-0.03923965,0.4301803,-0.1799444,0.9394732,-0.2915648,-0.392702,-0.3403679,-0.8543626,static,28.09027,32.90858,8.486076,-10.96309
05/15/2023 12:31:55.959761,3238,True,True,True,True,Eyes,2.457798,-0.03910353,-2.912237,-0.4128907,-0.4962863,-0.7636892,0.0,0.0,0.0,0.0,0.0,0.0,0.0,3.505458,-0.3910968,-1.575059,2.441505,-0.04730782,-2.993128,-0.05558658,0.9600551,-0.1644994,-0.2194181,19.89213,205.3782,357.8947,0.6540266,-0.01000657,-0.7564039,0.07075842,0.002182086,-0.2847178,1.452443,-1.152674,-4.493954,0.3086998,-0.40079,2.069002,-0.8975317,-0.03454407,0.4395948,-0.1789206,0.9397001,-0.2914636,-0.403019,-0.3402504,-0.8495914,static,28.398,33.01798,8.486059,-10.96308
05/15/2023 12:31:55.979400,3239,True,True,True,True,Eyes,2.457055,-0.03961904,-2.916802,-0.4170384,-0.4970778,-0.7609158,0.0,0.0,0.0,0.0,0.0,0.0,0.0,3.52525,-0.3957835,-1.545657,2.438256,-0.04822393,-3.004273,-0.05482774,0.9586849,-0.1654154,-0.2248447,19.98768,206.0682,358.1255,0.6531211,-0.01003205,-0.7571856,0.06651291,0.002051161,-0.2676347,1.425308,-1.138415,-4.500599,0.3087001,-0.4007902,2.069002,-0.8928778,-0.03073947,0.4492492,-0.1795106,0.9392633,-0.2925071,-0.4129718,-0.341818,-0.8441655,static,28.72601,33.15508,8.486069,-10.96309
05/15/2023 12:31:55.996136,3240,True,True,True,True,Eyes,2.456225,-0.04003749,-2.921621,-0.4212081,-0.4980713,-0.7579635,0.0,0.0,0.0,0.0,0.0,0.0,0.0,3.545838,-0.3899205,-1.51705,2.435403,-0.04777971,-3.015456,-0.05581678,0.9572145,-0.166095,-0.230298,20.10162,206.7272,358.1477,0.6522356,-0.01006769,-0.7579483,0.06252214,0.001928091,-0.2515767,1.4023,-1.138573,-4.498415,0.3087001,-0.4007903,2.069001,-0.8876946,-0.03035458,0.459431,-0.18336,0.9385939,-0.2922681,-0.4223474,-0.3436861,-0.8387505,static,29.06138,33.30962,8.486071,-10.9631
05/15/2023 12:31:56.009607,3241,True,True,True,True,Eyes,2.455286,-0.04035063,-2.926701,-0.4250694,-0.4994611,-0.7548872,0.0,0.0,0.0,0.0,0.0,0.0,0.0,3.564164,-0.3842875,-1.492483,2.432623,-0.04583761,-3.026333,-0.05846107,0.9555137,-0.1685329,-0.2348883,20.45885,207.2624,358.0092,0.6513636,-0.01010986,-0.7586973,0.05877081,0.001812406,-0.2364821,1.380132,-1.141382,-4.494936,0.3087002,-0.40079,2.069002,-0.8828197,-0.03254791,0.4685832,-0.1908935,0.9363579,-0.2946073,-0.4291728,-0.3495346,-0.8328484,static,29.38342,33.49009,8.48607,-10.96308
05/15/2023 12:31:56.029574,3242,True,True,True,True,Eyes,2.454252,-0.04050157,-2.932001,-0.4289704,-0.5009722,-0.7516723,0.0,0.0,0.0,0.0,0.0,0.0,0.0,3.582797,-0.3687222,-1.468735,2.429065,-0.04357825,-3.03765,-0.06136251,0.9539981,-0.169146,-0.2398167,20.61957,207.8208,357.7986,0.6504983,-0.01015512,-0.7594388,0.05524456,0.001703661,-0.2222931,1.361023,-1.144416,-4.491867,0.3086998,-0.40079,2.069001,-0.8774453,-0.03595141,0.4783277,-0.1982075,0.9352486,-0.2932983,-0.4368108,-0.3521613,-0.8277554,static,29.71288,33.68254,8.486062,-10.96309
05/15/2023 12:31:56.039124,3243,True,True,True,True,Eyes,2.453084,-0.04049997,-2.937534,-0.4327827,-0.5025125,-0.7484519,0.0,0.0,0.0,0.0,0.0,0.0,0.0,3.600446,-0.3607091,-1.443807,2.42588,-0.03982057,-3.048184,-0.06395766,0.9523678,-0.1707219,-0.2444564,20.88233,208.3585,357.6473,0.6496357,-0.01019884,-0.7601763,0.05192988,0.001601442,-0.2089556,1.348646,-1.154356,-4.486769,0.3086998,-0.4007902,2.069001,-0.872301,-0.03835429,0.4874628,-0.2052906,0.9335269,-0.2939104,-0.4437869,-0.3564499,-0.8221902,static,30.0381,33.87751,8.486064,-10.96309
05/15/2023 12:31:56.059063,3244,True,True,True,True,Eyes,2.451812,-0.04035736,-2.943286,-0.4368087,-0.5036355,-0.7453519,0.0,0.0,0.0,0.0,0.0,0.0,0.0,3.617806,-0.3474606,-1.420765,2.421932,-0.03612353,-3.059536,-0.06521075,0.9512519,-0.1693505,-0.2493749,20.7759,208.9345,357.5725,0.6487702,-0.01023719,-0.7609146,0.04881409,0.001505355,-0.1964182,1.333876,-1.158137,-4.485065,0.3087,-0.4007903,2.069001,-0.8671195,-0.03960019,0.4965237,-0.2085272,0.934136,-0.289666,-0.4523498,-0.3547138,-0.8182653,static,30.37216,34.04696,8.486069,-10.9631
05/15/2023 12:31:56.079236,3245,True,True,True,True,Eyes,2.450445,-0.04012294,-2.949233,-0.4409471,-0.5045394,-0.7422975,0.0,0.0,0.0,0.0,0.0,0.0,0.0,3.634547,-0.3202717,-1.401628,2.418328,-0.03269474,-3.070454,-0.06546842,0.9509006,-0.1636616,-0.2543952,20.15503,209.5077,357.4823,0.6478977,-0.01026699,-0.7616573,0.04588525,0.001415034,-0.1846331,1.320683,-1.163304,-4.481019,0.3087003,-0.4007905,2.069,-0.8619941,-0.04123845,0.5052385,-0.2077774,0.9378575,-0.2779421,-0.4623798,-0.3445615,-0.8169961,static,30.71159,34.20393,8.486081,-10.96311
05/15/2023 12:31:56.096316,3246,True,True,True,True,Eyes,2.448999,-0.03986413,-2.955331,-0.4453003,-0.5053283,-0.7391556,0.0,0.0,0.0,0.0,0.0,0.0,0.0,3.652749,-0.2916634,-1.376613,2.414554,-0.03033362,-3.080862,-0.06651434,0.9500716,-0.159167,-0.2600107,19.69597,210.1503,357.3447,0.6470152,-0.01028668,-0.7624069,0.04313213,0.001330132,-0.1735552,1.301916,-1.156644,-4.483155,0.3087,-0.4007901,2.069002,-0.8559405,-0.04361656,0.5152313,-0.209157,0.9404834,-0.2678512,-0.4728838,-0.337029,-0.8141206,static,31.06663,34.35871,8.486065,-10.96309
05/15/2023 12:31:56.109268,3247,True,True,True,True,Eyes,2.447459,-0.03958377,-2.961529,-0.4496437,-0.506424,-0.7357685,0.0,0.0,0.0,0.0,0.0,0.0,0.0,3.672456,-0.2760162,-1.343077,2.411376,-0.02951048,-3.090528,-0.06711329,0.948628,-0.1574649,-0.2660931,19.54019,210.882,357.3525,0.6461208,-0.01029664,-0.7631648,0.0405442,0.001250324,-0.1631418,1.278841,-1.134207,-4.493455,0.3087004,-0.4007902,2.069001,-0.8493807,-0.04353048,0.5259827,-0.2111317,0.9414012,-0.2630344,-0.4837107,-0.3344679,-0.8087987,static,31.42998,34.53935,8.486079,-10.96309
05/15/2023 12:31:56.129243,3248,True,True,True,True,Eyes,2.445861,-0.03923497,-2.967833,-0.4540404,-0.5077968,-0.7321132,0.0,0.0,0.0,0.0,0.0,0.0,0.0,3.690365,-0.2837918,-1.307027,2.408258,-0.02858523,-3.099535,-0.06690004,0.9467138,-0.1597004,-0.2715755,19.79879,211.5877,357.5678,0.6452128,-0.01029729,-0.7639326,0.03811155,0.001175305,-0.1533533,1.255757,-1.118048,-4.498874,0.3087003,-0.4007904,2.069,-0.8435425,-0.03992894,0.5355765,-0.2134118,0.9400403,-0.2660443,-0.4928406,-0.338718,-0.8014852,static,31.80628,34.74534,8.48608,-10.9631
05/15/2023 12:31:56.139240,3249,True,True,True,True,Eyes,2.444155,-0.03879681,-2.974242,-0.4584125,-0.509336,-0.7283096,0.0,0.0,0.0,0.0,0.0,0.0,0.0,3.706604,-0.3012562,-1.272289,2.405351,-0.02648935,-3.108372,-0.06719611,0.9445025,-0.1644172,-0.2763451,20.34814,212.2215,357.7957,0.6442906,-0.01028778,-0.7647105,0.03582486,0.001104786,-0.1441521,1.232994,-1.112267,-4.49614,0.3087,-0.4007901,2.069001,-0.8382363,-0.03606201,0.5441137,-0.2178056,0.9369034,-0.2734463,-0.499921,-0.3477236,-0.7932008,static,32.18712,34.96663,8.486068,-10.96309
05/15/2023 12:31:56.159829,3250,True,True,True,True,Eyes,2.442388,-0.03831181,-2.980759,-0.4629444,-0.5106199,-0.7245342,0.0,0.0,0.0,0.0,0.0,0.0,0.0,3.723072,-0.2972098,-1.241037,2.401804,-0.02382848,-3.117777,-0.06791608,0.942836,-0.164876,-0.2815379,20.43497,212.8636,357.8454,0.6433528,-0.01026682,-0.7655001,0.03367537,0.001038499,-0.135503,1.213703,-1.118478,-4.485848,0.3087,-0.4007902,2.069002,-0.8322478,-0.03522978,0.5532836,-0.2209051,0.9364066,-0.2726602,-0.5084926,-0.349144,-0.7871048,static,32.57673,35.1745,8.486065,-10.96309
05/15/2023 12:31:56.179258,3251,True,True,True,True,Eyes,2.440507,-0.03779421,-2.987336,-0.4673801,-0.51183,-0.7208231,0.0,0.0,0.0,0.0,0.0,0.0,0.0,3.738513,-0.2790533,-1.215265,2.398675,-0.02226897,-3.126832,-0.06812067,0.9418556,-0.1616434,-0.2865991,20.09247,213.4635,357.8235,0.6423984,-0.01023434,-0.7663016,0.03165484,0.0009761891,-0.1273728,1.199545,-1.132564,-4.471943,0.3087,-0.4007903,2.069001,-0.8264412,-0.03566594,0.5618924,-0.2209734,0.9384619,-0.2654429,-0.5178474,-0.3435362,-0.7834648,static,32.95929,35.37716,8.486068,-10.9631
05/15/2023 12:31:56.196284,3252,True,True,True,True,Eyes,2.438572,-0.03725668,-2.994015,-0.4719099,-0.5127879,-0.7171817,0.0,0.0,0.0,0.0,0.0,0.0,0.0,3.752085,-0.2609067,-1.193706,2.395395,-0.02093148,-3.135728,-0.0689493,0.9408661,-0.1591516,-0.291012,19.85316,213.9781,357.7386,0.6414266,-0.01019068,-0.7671158,0.02975555,0.0009176178,-0.1197305,1.181354,-1.132386,-4.466219,0.3087,-0.4007904,2.069001,-0.8211161,-0.03711402,0.5695535,-0.2223742,0.9398335,-0.2593505,-0.5256599,-0.3396108,-0.7799657,static,33.34516,35.56493,8.48607,-10.9631
05/15/2023 12:31:56.209382,3253,True,True,True,True,Eyes,2.436561,-0.03671678,-3.000764,-0.4764586,-0.5135974,-0.7135859,0.0,0.0,0.0,0.0,0.0,0.0,0.0,3.766156,-0.2305568,-1.173071,2.392284,-0.01998679,-3.144799,-0.07054619,0.9399706,-0.1551594,-0.2956421,19.47548,214.4926,357.5149,0.6404376,-0.01013649,-0.7679424,0.02797022,0.0008625607,-0.1125466,1.16069,-1.120182,-4.467978,0.3087,-0.4007901,2.069001,-0.8152381,-0.04087937,0.5776817,-0.224366,0.9418976,-0.2499777,-0.5338979,-0.3334034,-0.7770427,static,33.73089,35.74414,8.486069,-10.96309
05/15/2023 12:31:56.229504,3254,True,True,True,True,Eyes,2.434515,-0.03621536,-3.007587,-0.4810964,-0.5143325,-0.7099355,0.0,0.0,0.0,0.0,0.0,0.0,0.0,3.780837,-0.1955721,-1.149329,2.389111,-0.01941511,-3.153681,-0.07258562,0.9388914,-0.1509871,-0.3006947,19.09729,215.0526,357.2403,0.6394311,-0.01007277,-0.7687815,0.02629201,0.000810807,-0.1057938,1.143451,-1.11172,-4.469711,0.3087,-0.4007902,2.069001,-0.8086282,-0.04549796,0.5865583,-0.2271021,0.9438685,-0.2398688,-0.5427203,-0.3271732,-0.7735712,static,34.124,35.9225,8.486066,-10.96309
05/15/2023 12:31:56.239357,3255,True,True,True,True,Eyes,2.432431,-0.03576405,-3.014457,-0.4857293,-0.5154082,-0.7059897,0.0,0.0,0.0,0.0,0.0,0.0,0.0,3.796196,-0.170889,-1.120156,2.386351,-0.01986444,-3.162275,-0.07448221,0.9373157,-0.1492811,-0.3059526,18.99121,215.6651,357.0732,0.6384071,-0.01000147,-0.769633,0.02471448,0.0007621586,-0.0994462,1.125908,-1.099921,-4.473981,0.3087004,-0.4007903,2.069001,-0.8016911,-0.04828083,0.5957859,-0.2309725,0.9443352,-0.2342709,-0.5513107,-0.325423,-0.7682167,static,34.52843,36.13133,8.486081,-10.9631
05/15/2023 12:31:56.259080,3256,True,True,True,True,Eyes,2.430313,-0.035333,-3.021379,-0.4903867,-0.5167241,-0.7017956,0.0,0.0,0.0,0.0,0.0,0.0,0.0,3.811187,-0.169178,-1.086086,2.38354,-0.02053374,-3.170436,-0.07540385,0.9352212,-0.1514214,-0.311042,19.27682,216.3097,357.1556,0.6373664,-0.009924688,-0.7704961,0.0,0.0,0.0,1.107619,-1.088675,-4.476993,0.3087004,-0.4007903,2.069001,-0.7951344,-0.0468417,0.6046216,-0.2352354,0.9427717,-0.2363175,-0.5589506,-0.3301326,-0.7606488,static,34.94431,36.36379,8.486081,-10.9631
05/15/2023 12:31:56.279254,3257,True,True,True,True,Eyes,2.428129,-0.03491555,-3.028331,-0.4953167,-0.5179141,-0.6974428,0.0,0.0,0.0,0.0,0.0,0.0,0.0,3.826072,-0.1764115,-1.049773,2.380707,-0.02051194,-3.178645,-0.07622546,0.9328306,-0.1553325,-0.3160516,19.75387,216.9668,357.3189,0.63631,-0.009843527,-0.7713698,0.0,0.0,0.0,1.090778,-1.08655,-4.473903,0.3087003,-0.4007901,2.069002,-0.7886022,-0.04402471,0.6133258,-0.2403971,0.940123,-0.2416155,-0.5659646,-0.3379802,-0.7519665,static,35.38198,36.59721,8.486075,-10.96309
05/15/2023 12:31:56.296233,3258,True,True,True,True,Eyes,2.425911,-0.03450852,-3.035323,-0.5003261,-0.5191983,-0.6928975,0.0,0.0,0.0,0.0,0.0,0.0,0.0,3.841338,-0.1779242,-1.010928,2.377599,-0.02033703,-3.186868,-0.07651542,0.9305729,-0.1573066,-0.3216115,19.99799,217.6875,357.4857,0.6352373,-0.009758743,-0.7722545,0.0,0.0,0.0,1.075893,-1.095892,-4.462858,0.3087007,-0.4007905,2.069,-0.7814229,-0.04122313,0.6226386,-0.2435896,0.9388,-0.2435541,-0.5744932,-0.3419871,-0.7436413,static,35.83223,36.84476,8.486091,-10.96311
05/15/2023 12:31:56.309391,3259,True,True,True,True,Eyes,2.423618,-0.03413034,-3.042333,-0.5055539,-0.5203216,-0.6882446,0.0,0.0,0.0,0.0,0.0,0.0,0.0,3.856145,-0.1787097,-0.9720111,2.374674,-0.0201388,-3.194857,-0.07684387,0.9283001,-0.1592062,-0.3271197,20.2341,218.4037,357.6478,0.6341497,-0.009671043,-0.773149,0.0,0.0,0.0,1.062633,-1.110176,-4.448294,0.3087001,-0.4007902,2.069001,-0.7741754,-0.03850932,0.6317987,-0.2468273,0.9374968,-0.2453081,-0.5828625,-0.3458566,-0.7352923,static,36.29935,37.08974,8.486073,-10.9631
05/15/2023 12:31:56.329295,3260,True,True,True,True,Eyes,2.421286,-0.03380631,-3.049377,-0.5109145,-0.5214201,-0.6834379,0.0,0.0,0.0,0.0,0.0,0.0,0.0,3.871046,-0.1740228,-0.9316654,2.371438,-0.02039944,-3.202991,-0.0770997,0.9260546,-0.1599502,-0.3330083,20.34028,219.1593,357.7833,0.6330472,-0.009581478,-0.7740532,0.0,0.0,0.0,1.045375,-1.116896,-4.43564,0.3086998,-0.4007902,2.069001,-0.7663223,-0.03626754,0.641432,-0.2493266,0.9369431,-0.2448956,-0.5921035,-0.347595,-0.7270429,static,36.78051,37.34135,8.486064,-10.96309
05/15/2023 12:31:56.339690,3261,True,True,True,True,Eyes,2.418937,-0.0335077,-3.056451,-0.5164515,-0.5224217,-0.6784934,0.0,0.0,0.0,0.0,0.0,0.0,0.0,3.885389,-0.1714336,-0.8907542,2.368276,-0.02136235,-3.210902,-0.07664069,0.923888,-0.1602784,-0.3389219,20.3717,219.9282,357.9844,0.6319302,-0.009491632,-0.7749664,0.0,0.0,0.0,1.028669,-1.123344,-4.422824,0.3086998,-0.4007902,2.069001,-0.7585161,-0.03297107,0.6508194,-0.2502585,0.9368741,-0.2442082,-0.601684,-0.348109,-0.7188854,static,37.27745,37.59531,8.486064,-10.96309
05/15/2023 12:31:56.359515,3262,True,True,True,True,Eyes,2.416536,-0.03323587,-3.063567,-0.5220572,-0.5234313,-0.6734062,0.0,0.0,0.0,0.0,0.0,0.0,0.0,3.898414,-0.1780369,-0.8515663,2.36535,-0.02164261,-3.218562,-0.07669291,0.9214399,-0.1632329,-0.3441247,20.70782,220.6332,358.2239,0.6307998,-0.00940221,-0.7758879,0.0,0.0,0.0,1.009739,-1.126287,-4.41108,0.3087003,-0.4007904,2.069001,-0.7513929,-0.02899084,0.6592181,-0.2536808,0.9349464,-0.2480348,-0.6091428,-0.3536025,-0.7098665,static,37.78458,37.85753,8.486079,-10.9631
05/15/2023 12:31:56.379460,3263,True,True,True,True,Eyes,2.414114,-0.03299995,-3.070709,-0.5277637,-0.5241753,-0.6683604,0.0,0.0,0.0,0.0,0.0,0.0,0.0,3.91121,-0.1748528,-0.8137226,2.361803,-0.02199559,-3.226713,-0.07669988,0.9192588,-0.163867,-0.3496113,20.78748,221.3483,358.3797,0.6296553,-0.009313818,-0.776818,0.0,0.0,0.0,0.9895384,-1.127268,-4.399492,0.3087006,-0.4007905,2.069,-0.7437784,-0.0264346,0.6679036,-0.2555936,0.9345295,-0.247642,-0.6176293,-0.3549026,-0.7018394,static,38.29601,38.10604,8.48609,-10.96311
05/15/2023 12:31:56.396338,3264,True,True,True,True,Eyes,2.41165,-0.03278791,-3.077872,-0.5334157,-0.525086,-0.6631383,0.0,0.0,0.0,0.0,0.0,0.0,0.0,3.923407,-0.1679968,-0.7767515,2.358723,-0.02262829,-3.234286,-0.07686588,0.9171603,-0.1639763,-0.3549936,20.81544,222.0419,358.4934,0.6284984,-0.009227345,-0.7777554,0.0,0.0,0.0,0.9747503,-1.136913,-4.384366,0.3087002,-0.4007903,2.069001,-0.7361424,-0.02457559,0.6763803,-0.2574177,0.9344068,-0.2462114,-0.6259636,-0.3553589,-0.6941827,static,38.81253,38.37288,8.486075,-10.9631
05/15/2023 12:31:56.411759,3265,True,True,True,True,Eyes,2.348382,-0.02742691,-3.257586,-0.6665967,-0.5325183,-0.5216062,0.0,0.0,0.0,0.0,0.0,0.0,0.0,3.934675,-0.162602,-0.7420778,2.355337,-0.02294271,-3.242012,-0.07837034,0.9147117,-0.1663291,-0.3598546,21.1426,222.6788,358.5461,0.6273294,-0.009143217,-0.7786996,0.0,0.0,0.0,0.9567625,-1.139,-4.373385,0.3087001,-0.4007903,2.069002,-0.7287257,-0.02366391,0.684397,-0.2630812,0.9323854,-0.2478826,-0.6322559,-0.3606903,-0.6856787,static,51.95712,45.5931,8.486069,-10.96309
05/15/2023 12:31:56.423315,3266,True,True,True,True,Eyes,2.348236,-0.02743069,-3.2579,-0.6668762,-0.5324237,-0.5213456,0.0,0.0,0.0,0.0,0.0,0.0,0.0,3.946511,-0.140633,-0.7067928,2.351617,-0.0226687,-3.250179,-0.08030881,0.9124976,-0.165482,-0.3653964,21.14276,223.3519,358.4253,0.622695,-0.008890318,-0.7824134,-0.1898046,0.01608298,-0.5391412,0.9395273,-1.139954,-4.363072,0.3087003,-0.4007903,2.069,-0.7200722,-0.02563014,0.693426,-0.2674962,0.9323324,-0.2433148,-0.6402673,-0.3606929,-0.6782026,static,51.98267,45.60231,8.486081,-10.9631
05/15/2023 12:31:56.440412,3267,True,True,True,True,Eyes,2.347928,-0.02746086,-3.258501,-0.6674238,-0.532123,-0.5209515,0.0,0.0,0.0,0.0,0.0,0.0,0.0,3.958312,-0.1082538,-0.6699886,2.348073,-0.02279878,-3.258046,-0.08243971,0.9103758,-0.1627286,-0.3714014,20.94826,224.0559,358.2066,0.6187382,-0.008674274,-0.7855487,-0.1784163,0.015118,-0.5067927,0.9276818,-1.150207,-4.350059,0.3087003,-0.4007903,2.069001,-0.7105296,-0.02922698,0.7030603,-0.2709775,0.9334462,-0.2350519,-0.6493992,-0.3575248,-0.671161,static,52.02651,45.6078,8.486075,-10.9631
05/15/2023 12:31:56.459539,3268,True,True,True,True,Eyes,2.347475,-0.02750335,-3.2594,-0.668205,-0.5318519,-0.5202266,0.0,0.0,0.0,0.0,0.0,0.0,0.0,3.969694,-0.08130682,-0.6315284,2.344437,-0.02348325,-3.266033,-0.08446142,0.9079954,-0.1612418,-0.3773749,20.88913,224.7785,358.0565,0.6153446,-0.008489829,-0.7882118,-0.1677113,0.01421092,-0.4763851,0.9118273,-1.150524,-4.341801,0.3087001,-0.4007902,2.069001,-0.7009091,-0.03168396,0.7125468,-0.2750784,0.9337347,-0.2290663,-0.6580719,-0.3565608,-0.6631787,static,52.09769,45.63308,8.486071,-10.96309
05/15/2023 12:31:56.479398,3269,True,True,True,True,Eyes,2.346834,-0.02756484,-3.26057,-0.6692848,-0.5313445,-0.5193561,0.0,0.0,0.0,0.0,0.0,0.0,0.0,3.980799,-0.05593568,-0.5908036,2.340593,-0.02382518,-3.27414,-0.08657291,0.9053919,-0.1602808,-0.3835112,20.89382,225.531,357.925,0.6122916,-0.008326081,-0.7905875,-0.1576486,0.01335827,-0.447802,0.8937296,-1.145656,-4.335437,0.3087002,-0.4007902,2.069001,-0.6908487,-0.03382588,0.7222078,-0.2797038,0.9336304,-0.2238304,-0.666704,-0.3566372,-0.6544586,static,52.18901,45.65371,8.486073,-10.96309
05/15/2023 12:31:56.489451,3270,True,True,True,True,Eyes,2.346053,-0.02767125,-3.262016,-0.6707331,-0.5306944,-0.5181511,0.0,0.0,0.0,0.0,0.0,0.0,0.0,3.992369,-0.02485728,-0.5435886,2.336352,-0.02436927,-3.282679,-0.08818116,0.9026678,-0.1574665,-0.3906652,20.68185,226.4007,357.7847,0.6095123,-0.008180046,-0.7927336,-0.1481897,0.01255677,-0.4209339,0.876764,-1.14522,-4.326379,0.3087001,-0.4007901,2.069001,-0.6792095,-0.03616319,0.7330529,-0.28223,0.9348567,-0.2153813,-0.6775106,-0.3531785,-0.6451699,static,52.31339,45.68518,8.486071,-10.96309
05/15/2023 12:31:56.512265,3271,True,True,True,True,Eyes,2.345133,-0.02780921,-3.263737,-0.6724983,-0.5299432,-0.5166297,0.0,0.0,0.0,0.0,0.0,0.0,0.0,4.003424,-0.002033412,-0.4924436,2.332356,-0.02559267,-3.2908,-0.0883303,0.8999344,-0.1544978,-0.3980532,20.38925,227.3252,357.7998,0.6069753,-0.008051056,-0.7946792,-0.1392983,0.01180337,-0.3956779,0.860019,-1.14634,-4.31556,0.3087001,-0.4007903,2.069001,-0.6675031,-0.03598623,0.7437372,-0.2819797,0.9366564,-0.2077555,-0.68915,-0.3483962,-0.6353685,static,52.46765,45.72882,8.486071,-10.9631
05/15/2023 12:31:56.529324,3272,True,True,True,True,Eyes,2.344064,-0.02797684,-3.265728,-0.6745989,-0.5291193,-0.5147321,0.0,0.0,0.0,0.0,0.0,0.0,0.0,4.01397,0.009265125,-0.4394984,2.328131,-0.02653262,-3.299137,-0.08798887,0.8969217,-0.153404,-0.4052858,20.27364,228.267,357.9538,0.6046519,-0.007938189,-0.7964496,-0.1309404,0.01109516,-0.3719372,0.8380255,-1.140941,-4.30492,0.3087,-0.4007905,2.069,-0.6560027,-0.0334933,0.7540149,-0.2821832,0.9374503,-0.2038615,-0.7000236,-0.3465041,-0.6244212,static,52.65567,45.78965,8.486071,-10.96311
05/15/2023 12:31:56.539084,3273,True,True,True,True,Eyes,2.342847,-0.02820991,-3.267963,-0.6769881,-0.5283954,-0.5123333,0.0,0.0,0.0,0.0,0.0,0.0,0.0,4.023966,0.02603334,-0.3842416,2.32363,-0.02743655,-3.307658,-0.08791356,0.8937722,-0.1514922,-0.4129075,20.08412,229.246,358.0447,0.6025161,-0.007840559,-0.7980675,-0.123084,0.01042945,-0.349621,0.8134606,-1.132936,-4.292519,0.3087004,-0.4007902,2.069002,-0.6435575,-0.03204488,0.7647269,-0.2822539,0.9386426,-0.1981987,-0.7114541,-0.3433993,-0.6131153,static,52.88217,45.8842,8.486076,-10.96309
05/15/2023 12:31:56.559441,3274,True,True,True,True,Eyes,2.341505,-0.02849828,-3.270442,-0.6795677,-0.5277765,-0.5095485,0.0,0.0,0.0,0.0,0.0,0.0,0.0,4.033349,0.04587066,-0.3277917,2.319288,-0.02926219,-3.316247,-0.08793215,0.890516,-0.149233,-0.4206883,19.86303,230.2417,358.1082,0.6005443,-0.00775825,-0.7995532,-0.115699,0.009803687,-0.3286437,0.7903699,-1.12951,-4.276595,0.3087004,-0.4007906,2.069,-0.6305788,-0.03104882,0.7755041,-0.2821711,0.9399949,-0.1918047,-0.7230147,-0.3397728,-0.6015019,static,53.13697,46.0067,8.486082,-10.96311
05/15/2023 12:31:56.579506,3275,True,True,True,True,Eyes,2.340008,-0.02883162,-3.273152,-0.6821644,-0.5274225,-0.5064358,0.0,0.0,0.0,0.0,0.0,0.0,0.0,4.041562,0.06021279,-0.2759681,2.315058,-0.03086236,-3.324688,-0.08887994,0.8870544,-0.1496784,-0.4275878,19.97157,231.1524,358.1903,0.5987161,-0.007691096,-0.8009237,-0.108757,0.009215466,-0.3089251,0.7660899,-1.124021,-4.260687,0.3087004,-0.4007902,2.069001,-0.6185383,-0.02968132,0.7851942,-0.285684,0.9393934,-0.1895379,-0.7319804,-0.3415538,-0.5895302,static,53.40997,46.16291,8.486081,-10.96309
05/15/2023 12:31:56.596318,3276,True,True,True,True,Eyes,2.338385,-0.02919363,-3.276107,-0.6849476,-0.5270352,-0.5030713,0.0,0.0,0.0,0.0,0.0,0.0,0.0,4.049053,0.07874113,-0.2267814,2.310406,-0.03225888,-3.333683,-0.09016873,0.8836716,-0.1495169,-0.4343258,20.0337,232.0307,358.2018,0.5970126,-0.007638691,-0.8021948,-0.1022316,0.008662538,-0.2903896,0.7418027,-1.118578,-4.244483,0.3087001,-0.4007903,2.069001,-0.6064616,-0.02948105,0.7945663,-0.2892371,0.9390286,-0.1859224,-0.7406393,-0.3425728,-0.5780119,static,53.70395,46.33266,8.486073,-10.9631
05/15/2023 12:31:56.609541,3277,True,True,True,True,Eyes,2.336616,-0.02959896,-3.27929,-0.6877006,-0.5267866,-0.4995635,0.0,0.0,0.0,0.0,0.0,0.0,0.0,4.055589,0.1003052,-0.1818037,2.30584,-0.03332424,-3.342589,-0.09115867,0.8806999,-0.1478011,-0.4406957,19.91851,232.8418,358.1534,0.5954161,-0.007600234,-0.8033808,-0.0960977,0.008142785,-0.2729662,0.7241468,-1.1232,-4.226073,0.3086999,-0.4007904,2.069002,-0.5949551,-0.0302962,0.803188,-0.2908375,0.9396898,-0.1799905,-0.7492946,-0.3406834,-0.5678845,static,54.00437,46.51936,8.486064,-10.9631
05/15/2023 12:31:56.629348,3278,True,True,True,True,Eyes,2.334724,-0.03004869,-3.282712,-0.690564,-0.5265166,-0.4958848,0.0,0.0,0.0,0.0,0.0,0.0,0.0,4.061439,0.1274415,-0.1433344,2.301102,-0.03474738,-3.351983,-0.09302961,0.8778931,-0.1460609,-0.4464474,19.84748,233.5597,357.9941,0.5939118,-0.007575396,-0.8044939,-0.09033184,0.007654218,-0.2565882,0.7067318,-1.126497,-4.209791,0.3087002,-0.4007904,2.069001,-0.5840603,-0.03292308,0.8110422,-0.2937571,0.9400234,-0.1733861,-0.7566903,-0.3395174,-0.5587018,static,54.31837,46.7161,8.486073,-10.9631
05/15/2023 12:31:56.639043,3279,True,True,True,True,Eyes,2.332711,-0.03052922,-3.286362,-0.6933731,-0.5263703,-0.4921056,0.0,0.0,0.0,0.0,0.0,0.0,0.0,4.066206,0.164826,-0.1049933,2.29633,-0.03627211,-3.361215,-0.09582025,0.8750033,-0.1434347,-0.4523433,19.73674,234.2727,357.6909,0.5924855,-0.007563883,-0.805545,-0.08491193,0.007194965,-0.2411929,0.6884513,-1.124169,-4.19746,0.3087002,-0.4007902,2.069002,-0.5724084,-0.0379226,0.8190916,-0.2974495,0.9404899,-0.1643244,-0.7641158,-0.337699,-0.5496244,static,54.63565,46.92688,8.486073,-10.96309
05/15/2023 12:31:56.659586,3280,True,True,True,True,Eyes,2.330571,-0.03104399,-3.290242,-0.6963154,-0.5261862,-0.488132,0.0,0.0,0.0,0.0,0.0,0.0,0.0,4.070203,0.2050415,-0.06629419,2.29152,-0.03747524,-3.370537,-0.09926352,0.8719016,-0.1412306,-0.4582446,19.70956,234.9882,357.3419,0.5911252,-0.007565099,-0.8065437,-0.07981721,0.006763267,-0.2267213,0.6729455,-1.124125,-4.188077,0.3087001,-0.4007904,2.069,-0.5603172,-0.04365972,0.8271267,-0.3025324,0.9404013,-0.1553045,-0.7710505,-0.3372524,-0.5401316,static,54.96872,47.14856,8.486073,-10.9631
05/15/2023 12:31:56.679244,3281,True,True,True,True,Eyes,2.328281,-0.03158627,-3.294292,-0.6992696,-0.5260194,-0.4840719,0.0,0.0,0.0,0.0,0.0,0.0,0.0,4.073454,0.2448462,-0.02277517,2.286378,-0.03882365,-3.380009,-0.102094,0.8686338,-0.1382227,-0.4647005,19.57352,235.7784,357.0251,0.5898194,-0.007578589,-0.807499,-0.07502818,0.006357471,-0.2131181,0.6578863,-1.123618,-4.179675,0.3087006,-0.4007903,2.069001,-0.5472605,-0.04890017,0.8355326,-0.3058288,0.9409426,-0.1452436,-0.7790858,-0.3350161,-0.5298958,static,55.30694,47.37804,8.486084,-10.9631
05/15/2023 12:31:56.696530,3282,True,True,True,True,Eyes,2.325882,-0.03218702,-3.298563,-0.7024114,-0.5257449,-0.4798026,0.0,0.0,0.0,0.0,0.0,0.0,0.0,4.076098,0.2829832,0.02244568,2.281231,-0.0393299,-3.38963,-0.1046035,0.8653169,-0.1348788,-0.4712671,19.39131,236.5872,356.7241,0.5885589,-0.00760378,-0.808418,-0.07052649,0.005976023,-0.200331,0.6444988,-1.125632,-4.170491,0.3087004,-0.4007904,2.069,-0.533931,-0.05390248,0.8438084,-0.3081582,0.9417316,-0.1348334,-0.7873731,-0.3320182,-0.5194302,static,55.66383,47.61596,8.486083,-10.9631
05/15/2023 12:31:56.709130,3283,True,True,True,True,Eyes,2.323362,-0.03277973,-3.303029,-0.7056202,-0.5255102,-0.4753305,0.0,0.0,0.0,0.0,0.0,0.0,0.0,4.078156,0.3193173,0.07123756,2.276254,-0.0413582,-3.399315,-0.1064069,0.8618715,-0.1311833,-0.4781695,19.1406,237.4501,356.4825,0.587334,-0.007640926,-0.809308,-0.0662949,0.005617461,-0.1883111,0.6280829,-1.124188,-4.160223,0.3087,-0.4007905,2.069,-0.5200629,-0.05796251,0.852159,-0.3088739,0.9429371,-0.1243651,-0.7963237,-0.3278873,-0.5082896,static,56.03441,47.87027,8.486073,-10.96311
05/15/2023 12:31:56.729518,3284,True,True,True,True,Eyes,2.320725,-0.03331378,-3.307685,-0.7088916,-0.5253806,-0.4705825,0.0,0.0,0.0,0.0,0.0,0.0,0.0,4.079813,0.3480764,0.1202111,2.271228,-0.0423476,-3.408844,-0.1078054,0.858372,-0.1283959,-0.4848608,18.9634,238.3074,356.3282,0.5861377,-0.007688585,-0.8101744,-0.06231721,0.005280414,-0.1770124,0.6108381,-1.120352,-4.149808,0.3086996,-0.4007903,2.069001,-0.5065761,-0.06056589,0.8600655,-0.3095826,0.943785,-0.1158818,-0.8046984,-0.3249642,-0.496849,static,56.42266,48.14925,8.486057,-10.9631
05/15/2023 12:31:56.739367,3285,True,True,True,True,Eyes,2.317962,-0.03376946,-3.312545,-0.7124849,-0.5253799,-0.465125,0.0,0.0,0.0,0.0,0.0,0.0,0.0,4.080109,0.378822,0.1700249,2.265789,-0.04144852,-3.418213,-0.1107033,0.8543323,-0.1275428,-0.4915223,19.07188,239.1759,356.1308,0.5849628,-0.007744231,-0.8110226,-0.05857817,0.004963589,-0.1663917,0.5919104,-1.11557,-4.138061,0.3087001,-0.4007905,2.069,-0.4923013,-0.06377456,0.8680855,-0.3145351,0.9429552,-0.1091015,-0.8116079,-0.3267542,-0.4842775,static,56.86266,48.48116,8.486076,-10.96311
05/15/2023 12:31:56.759292,3286,True,True,True,True,Eyes,2.315089,-0.03417396,-3.317568,-0.7162364,-0.5253754,-0.4593322,0.0,0.0,0.0,0.0,0.0,0.0,0.0,4.078619,0.415507,0.2282019,2.259926,-0.0400067,-3.42797,0.1134427,-0.8498828,0.1249873,0.4992079,19.00872,240.1674,355.8734,0.5838026,-0.0078051,-0.8118575,-0.05506348,0.004665773,-0.1564082,0.5740036,-1.111655,-4.124878,0.3086998,-0.4007902,2.069001,-0.4758447,-0.0680367,0.876894,-0.3176153,0.9430178,-0.09918611,-0.8201784,-0.3257121,-0.4703395,static,57.32739,48.83702,8.486066,-10.9631
05/15/2023 12:31:56.779577,3287,True,True,True,True,Eyes,2.312152,-0.03447657,-3.322783,-0.7200763,-0.5258217,-0.4527711,0.0,0.0,0.0,0.0,0.0,0.0,0.0,4.076218,0.4428146,0.2933316,2.254478,-0.03918834,-3.437073,0.1149629,-0.8451266,0.1229999,0.5073613,18.93871,241.2528,355.7859,0.5826526,-0.00786935,-0.8126826,-0.05175968,0.004385827,-0.1470237,0.5606613,-1.115118,-4.108479,0.3086998,-0.4007902,2.069001,-0.4587358,-0.06950561,0.88585,-0.3191272,0.9433091,-0.09124553,-0.8292882,-0.3245564,-0.4549108,static,57.83905,49.26914,8.486062,-10.96309
05/15/2023 12:31:56.796785,3288,True,True,True,True,Eyes,2.309082,-0.03464281,-3.328142,-0.7240008,-0.5263142,-0.445888,0.0,0.0,0.0,0.0,0.0,0.0,0.0,4.074162,0.4591084,0.3538866,2.249358,-0.03704838,-3.445842,0.1176498,-0.8399346,0.1259584,0.5145898,19.43131,242.2795,355.8648,0.5815083,-0.0079341,-0.8135012,-0.04865409,0.004122677,-0.1382023,0.5433804,-1.112861,-4.090653,0.3087004,-0.4007905,2.069001,-0.4427115,-0.0680024,0.8940817,-0.3272701,0.940586,-0.09051093,-0.8348057,-0.3326765,-0.4386634,static,58.37246,49.72907,8.486082,-10.9631
05/15/2023 12:31:56.814804,3289,True,True,True,True,Eyes,2.30592,-0.0346591,-3.333672,-0.7281682,-0.5266212,-0.4386811,0.0,0.0,0.0,0.0,0.0,0.0,0.0,4.07035,0.4762761,0.4171133,2.24311,-0.03393473,-3.454832,0.1188537,-0.8350854,0.1254182,0.5222803,19.48862,243.3401,355.894,0.5803648,-0.007995946,-0.8143167,-0.04573485,0.003875317,-0.1299101,0.5249721,-1.110221,-4.068252,0.3086996,-0.4007905,2.069,-0.4261945,-0.06749903,0.9021101,-0.3295127,0.9402882,-0.08531987,-0.8424844,-0.3336196,-0.4229874,static,58.93336,50.20534,8.486063,-10.96311
05/15/2023 12:31:56.829554,3290,True,True,True,True,Eyes,2.302646,-0.03457889,-3.339305,-0.7324482,-0.5268292,-0.431243,0.0,0.0,0.0,0.0,0.0,0.0,0.0,4.065684,0.4933849,0.478138,2.237322,-0.03046197,-3.463421,0.118691,-0.8309404,0.1217469,0.5297439,19.15231,244.3375,355.8562,0.5792192,-0.008051421,-0.8151314,-0.04299076,0.003642797,-0.1221155,0.516646,-1.123326,-4.041158,0.3086996,-0.4007905,2.069,-0.4105683,-0.068261,0.9092715,-0.3262396,0.9421803,-0.07657712,-0.8514704,-0.3280804,-0.4090987,static,59.51173,50.6975,8.486061,-10.96311
05/15/2023 12:31:56.839484,3291,True,True,True,True,Eyes,2.299288,-0.03445159,-3.345047,-0.7368154,-0.5270188,-0.4235025,0.0,0.0,0.0,0.0,0.0,0.0,0.0,4.058816,0.5166551,0.5399961,2.231396,-0.02809297,-3.471684,0.1195183,-0.8263824,0.1187222,0.5373198,18.94492,245.3564,355.7586,0.5780686,-0.008098793,-0.8159473,-0.04041131,0.00342423,-0.1147886,0.5005088,-1.121889,-4.017316,0.3087008,-0.4007903,2.069001,-0.3940056,-0.06995211,0.9164424,-0.3251193,0.9432408,-0.06778068,-0.8596845,-0.324659,-0.3943849,static,60.11082,51.21529,8.48609,-10.9631
05/15/2023 12:31:56.865156,3292,True,True,True,True,Eyes,2.295854,-0.03431129,-3.350857,-0.7412146,-0.5271927,-0.4155343,0.0,0.0,0.0,0.0,0.0,0.0,0.0,4.052048,0.5298699,0.6025825,2.225864,-0.02684973,-3.479621,0.1193494,-0.8218188,0.1167429,0.5447392,18.77857,246.3853,355.8219,0.5769104,-0.008137716,-0.8167662,-0.03798663,0.003218776,-0.1079013,0.4796403,-1.107949,-3.998463,0.3087001,-0.4007903,2.069001,-0.37803,-0.06897832,0.9232203,-0.3233561,0.9442536,-0.06185436,-0.8674876,-0.3219117,-0.3792606,static,60.72446,51.75476,8.486069,-10.9631
05/15/2023 12:31:56.881053,3293,True,True,True,True,Eyes,2.292342,-0.03411837,-3.356744,-0.7454469,-0.5275143,-0.4074772,0.0,0.0,0.0,0.0,0.0,0.0,0.0,4.046664,0.5336063,0.6572776,2.220643,-0.02640185,-3.487161,0.1187723,-0.8176738,0.1164905,0.5511194,18.7487,247.3022,356.0134,0.575744,-0.008168694,-0.8175884,-0.03570743,0.003025649,-0.1014272,0.4613831,-1.099449,-3.977595,0.3087003,-0.4007902,2.069001,-0.3643211,-0.06583359,0.9289435,-0.3226344,0.9446462,-0.0595871,-0.8736002,-0.321418,-0.3653947,static,61.33804,52.31579,8.486077,-10.96309
05/15/2023 12:31:56.889222,3294,True,True,True,True,Eyes,2.288715,-0.0338276,-3.362682,-0.7495936,-0.5278484,-0.3993562,0.0,0.0,0.0,0.0,0.0,0.0,0.0,4.040686,0.5452744,0.7026277,2.215079,-0.02498539,-3.494417,0.1200919,-0.8136322,0.1174669,0.5565807,18.95536,248.0949,356.0797,0.574568,-0.008191234,-0.8184152,-0.03356499,0.00284411,-0.09534156,0.4439314,-1.092626,-3.954523,0.3087006,-0.4007902,2.069001,-0.3515917,-0.06466166,0.9339176,-0.3261809,0.9435589,-0.05746806,-0.8774903,-0.3248314,-0.352839,static,61.95293,52.8898,8.486083,-10.96309
05/15/2023 12:31:56.912383,3295,True,True,True,True,Eyes,2.28496,-0.0334752,-3.368677,-0.7537293,-0.527927,-0.3913889,0.0,0.0,0.0,0.0,0.0,0.0,0.0,4.032275,0.5735878,0.7430649,2.208698,-0.02234848,-3.501648,0.1226043,-0.8098904,0.11554,0.5618686,18.961,248.8061,355.8309,0.5733812,-0.008203777,-0.8192469,0.0,0.0,0.0,0.4300065,-1.090344,-3.932516,0.3087003,-0.4007905,2.069,-0.3385437,-0.06875551,0.9384353,-0.3284286,0.9432375,-0.04937437,-0.8817725,-0.3249243,-0.3419083,static,62.55851,53.44789,8.48608,-10.96311
05/15/2023 12:31:56.929366,3296,True,True,True,True,Eyes,2.281111,-0.03312451,-3.374699,-0.7579136,-0.5278643,-0.3833095,0.0,0.0,0.0,0.0,0.0,0.0,0.0,4.019372,0.6122674,0.794137,2.201891,-0.02061667,-3.508863,0.1240528,-0.8059786,0.1086325,0.5685145,18.43101,249.6458,355.3779,0.5721814,-0.008205834,-0.8200853,0.0,0.0,0.0,0.4217449,-1.095192,-3.913108,0.3087002,-0.4007902,2.069001,-0.3228047,-0.07644951,0.9433732,-0.3234861,0.9456198,-0.0340593,-0.8894684,-0.3161626,-0.3299809,static,63.17232,54.01467,8.486075,-10.9631
05/15/2023 12:31:56.939441,3297,True,True,True,True,Eyes,2.277174,-0.03276512,-3.380763,-0.7618777,-0.5279634,-0.3752293,0.0,0.0,0.0,0.0,0.0,0.0,0.0,4.006281,0.644003,0.8466077,2.195886,-0.02035245,-3.5156,0.1254476,-0.801714,0.1041807,0.5750338,18.13877,250.5162,355.0904,0.5709685,-0.008198511,-0.8209304,0.0,0.0,0.0,0.4114327,-1.093882,-3.899573,0.3087003,-0.4007905,2.069,-0.3071979,-0.08133132,0.9481639,-0.320961,0.9468186,-0.02277298,-0.895887,-0.3113195,-0.3169648,static,63.77948,54.59818,8.486081,-10.96311
05/15/2023 12:31:56.959127,3298,True,True,True,True,Eyes,2.273123,-0.03238317,-3.386848,-0.7658194,-0.5280423,-0.3670038,0.0,0.0,0.0,0.0,0.0,0.0,0.0,3.994128,0.6715643,0.8933158,2.189698,-0.01980552,-3.522342,0.1279559,-0.7972363,0.1033277,0.5808315,18.26394,251.3347,354.9258,0.5697412,-0.008182541,-0.8217827,0.0,0.0,0.0,0.3915809,-1.077353,-3.886723,0.3087002,-0.4007903,2.069001,-0.2925244,-0.08399019,0.9525625,-0.3240541,0.9459013,-0.01611156,-0.899677,-0.3133948,-0.3039166,static,64.39485,55.19964,8.486074,-10.9631
05/15/2023 12:31:56.979249,3299,True,True,True,True,Eyes,2.268981,-0.03199935,-3.392952,-0.7695928,-0.5282317,-0.3587455,0.0,0.0,0.0,0.0,0.0,0.0,0.0,3.980419,0.697189,0.9434242,2.182997,-0.01889619,-3.529025,0.1295935,-0.7927551,0.1009509,0.5869872,18.19175,252.194,354.7482,0.5684999,-0.008158264,-0.8226423,0.0,0.0,0.0,0.3761011,-1.069055,-3.869575,0.3086998,-0.4007905,2.069,-0.2773033,-0.08695806,0.9568393,-0.3239856,0.9460289,-0.007919197,-0.9045089,-0.3121982,-0.2905101,static,65.00743,55.81784,8.486068,-10.96311
05/15/2023 12:31:56.996656,3300,True,True,True,True,Eyes,2.264752,-0.03161763,-3.39904,-0.7731844,-0.5286718,-0.350274,0.0,0.0,0.0,0.0,0.0,0.0,0.0,3.967454,0.7144462,0.9925332,2.176619,-0.01849054,-3.535284,0.1306317,-0.7883317,0.09987882,0.5928683,18.20212,253.0428,354.7131,0.5672431,-0.008126468,-0.8235097,0.0,0.0,0.0,0.3678415,-1.073255,-3.850632,0.3087003,-0.4007903,2.069001,-0.2628852,-0.08753227,0.9608484,-0.3243922,0.9459192,-0.002580463,-0.908659,-0.3123701,-0.2770629,static,65.62815,56.47335,8.486076,-10.9631
05/15/2023 12:31:57.009484,3301,True,True,True,True,Eyes,2.260447,-0.03125974,-3.405153,-0.7765216,-0.5294567,-0.3415991,0.0,0.0,0.0,0.0,0.0,0.0,0.0,3.955629,0.7264236,1.037063,2.170302,-0.01809603,-3.541137,0.1325621,-0.7836611,0.1026239,0.5981396,18.62822,253.8617,354.8536,0.565972,-0.008087999,-0.8243842,0.0,0.0,0.0,0.3558145,-1.070837,-3.83154,0.3087003,-0.4007903,2.069001,-0.2493127,-0.08500079,0.9646855,-0.3305343,0.9437913,-0.002263331,-0.9102694,-0.319426,-0.2633947,static,66.25486,57.17038,8.486076,-10.9631
05/15/2023 12:31:57.029565,3302,True,True,True,True,Eyes,2.256085,-0.0309162,-3.411228,-0.7796085,-0.5306064,-0.3326671,0.0,0.0,0.0,0.0,0.0,0.0,0.0,3.942909,0.7345144,1.084742,2.163921,-0.01831789,-3.546803,0.1340646,-0.7787085,0.1060094,0.6036571,19.0843,254.7408,355.0948,0.5646861,-0.008044111,-0.8252659,0.0,0.0,0.0,0.3454639,-1.070921,-3.810879,0.3087001,-0.4007905,2.069001,-0.2352498,-0.08080785,0.9685701,-0.3367812,0.9415773,-0.003242678,-0.9117216,-0.326959,-0.2487203,static,66.89156,57.91409,8.486072,-10.9631
05/15/2023 12:31:57.039425,3303,True,True,True,True,Eyes,2.251668,-0.03058304,-3.4173,-0.7826246,-0.5319345,-0.3233333,0.0,0.0,0.0,0.0,0.0,0.0,0.0,3.930395,0.7425867,1.129601,2.158227,-0.01823866,-3.552065,0.1362836,-0.7736179,0.1112136,0.6087478,19.75496,255.5961,355.4011,0.5633863,-0.007995717,-0.8261542,0.0,0.0,0.0,0.3424665,-1.083491,-3.787395,0.3087005,-0.4007903,2.069001,-0.221706,-0.07546084,0.9721894,-0.3462649,0.9381167,-0.006148942,-0.911563,-0.3379983,-0.2341155,static,67.55254,58.70692,8.486084,-10.9631
05/15/2023 12:31:57.059426,3304,True,True,True,True,Eyes,2.247186,-0.03026558,-3.423324,-0.7854509,-0.533457,-0.313832,0.0,0.0,0.0,0.0,0.0,0.0,0.0,3.918731,0.7515506,1.16852,2.152277,-0.01809891,-3.55726,0.1389763,-0.7687034,0.1171829,0.6132283,20.5244,256.386,355.7169,0.5620732,-0.007943532,-0.8270487,0.0,0.0,0.0,0.3399253,-1.097117,-3.761108,0.3087004,-0.4007905,2.069001,-0.2092736,-0.06994336,0.9753525,-0.3573829,0.9339074,-0.009709459,-0.91021,-0.3506063,-0.2204388,static,68.2205,59.53176,8.486079,-10.9631
05/15/2023 12:31:57.079232,3305,True,True,True,True,Eyes,2.242641,-0.02992725,-3.429284,-0.7882956,-0.5348777,-0.3041314,0.0,0.0,0.0,0.0,0.0,0.0,0.0,3.90667,0.7559178,1.209624,2.146276,-0.01805228,-3.562281,0.140089,-0.7641948,0.1207477,0.6179008,20.95728,257.1783,356.0155,0.5607476,-0.00788835,-0.8279486,0.0,0.0,0.0,0.3425415,-1.11684,-3.733871,0.3087007,-0.4007902,2.069,-0.1971473,-0.06489033,0.9782239,-0.3633308,0.9315902,-0.01142735,-0.9105622,-0.3576717,-0.2072372,static,68.90294,60.37745,8.486092,-10.9631
05/15/2023 12:31:57.097169,3306,True,True,True,True,Eyes,2.237997,-0.0295627,-3.435198,-0.7910994,-0.5361916,-0.2943814,0.0,0.0,0.0,0.0,0.0,0.0,0.0,3.895597,0.7621134,1.24422,2.140274,-0.01712988,-3.567003,0.1416644,-0.7600667,0.1243468,0.6219066,21.4216,257.8747,356.2624,0.5594102,-0.007829975,-0.8288534,0.0,0.0,0.0,0.3476845,-1.139396,-3.708365,0.3087001,-0.4007905,2.069001,-0.1863271,-0.06068458,0.9806119,-0.3700129,0.9289382,-0.01281975,-0.9101499,-0.3652277,-0.1955405,static,69.58892,61.23222,8.48607,-10.9631
05/15/2023 12:31:57.109644,3307,True,True,True,True,Eyes,2.233249,-0.02919574,-3.44103,-0.7942808,-0.5367378,-0.2846589,0.0,0.0,0.0,0.0,0.0,0.0,0.0,3.882977,0.7646301,1.283566,2.133314,-0.01613829,-3.571893,0.1411483,-0.7564541,0.1236667,0.6265467,21.34412,258.588,356.3942,0.5580614,-0.007768129,-0.8297627,0.0,0.0,0.0,0.347082,-1.151479,-3.684498,0.3086998,-0.4007905,2.069,-0.1750327,-0.05857857,0.9828184,-0.3685105,0.9295673,-0.01022435,-0.9129969,-0.3639685,-0.1842916,static,70.28305,62.06076,8.486065,-10.96311
05/15/2023 12:31:57.129375,3308,True,True,True,True,Eyes,2.228414,-0.02884745,-3.446815,-0.7974867,-0.5370354,-0.274969,0.0,0.0,0.0,0.0,0.0,0.0,0.0,3.870346,0.7605293,1.325159,2.12634,-0.01577458,-3.576654,0.1384479,-0.7535533,0.1194834,0.6314376,20.78834,259.2725,356.4577,0.5567009,-0.007703104,-0.8306767,0.0,0.0,0.0,0.3479517,-1.163829,-3.663723,0.3087003,-0.4007903,2.069001,-0.1642375,-0.05776316,0.9847282,-0.3595483,0.9331118,-0.005231761,-0.9185593,-0.3549166,-0.1740207,static,70.97609,62.88697,8.486079,-10.9631
05/15/2023 12:31:57.139615,3309,True,True,True,True,Eyes,2.223472,-0.0285286,-3.452555,-0.800885,-0.5368022,-0.2653804,0.0,0.0,0.0,0.0,0.0,0.0,0.0,3.85781,0.7638029,1.36116,2.119505,-0.01592684,-3.581382,0.1370675,-0.7506231,0.1161698,0.6358318,20.40802,259.8947,356.4494,0.5553296,-0.007635731,-0.8315946,0.0,0.0,0.0,0.3379862,-1.159834,-3.645698,0.3087003,-0.4007905,2.069,-0.1538609,-0.05804314,0.9863864,-0.3535009,0.9354341,-9.570172e-05,-0.922694,-0.3487032,-0.1644451,static,71.66692,63.69346,8.48608,-10.96311
05/15/2023 12:31:57.159267,3310,True,True,True,True,Eyes,2.218422,-0.02825124,-3.458246,-0.8042738,-0.5363759,-0.2558212,0.0,0.0,0.0,0.0,0.0,0.0,0.0,3.845981,0.765154,1.394121,2.112066,-0.01640409,-3.586016,0.1356919,-0.7478029,0.1133912,0.6399384,20.07546,260.4862,356.4709,0.5539468,-0.007566956,-0.8325171,0.0,0.0,0.0,0.3192438,-1.141911,-3.630621,0.3087002,-0.4007904,2.069001,-0.1441333,-0.05781488,0.987868,-0.3480684,0.9374603,0.004080387,-0.9263229,-0.3432575,-0.1552428,static,72.35532,64.50148,8.486075,-10.9631
05/15/2023 12:31:57.179343,3311,True,True,True,True,Eyes,2.213262,-0.02802402,-3.463886,-0.8076728,-0.535715,-0.246321,0.0,0.0,0.0,0.0,0.0,0.0,0.0,3.834567,0.7635419,1.426433,2.104499,-0.0171641,-3.590598,0.1340474,-0.7450275,0.1109179,0.6439431,19.74969,261.0717,356.5347,0.5525526,-0.007497974,-0.8334438,0.0,0.0,0.0,0.3046336,-1.130225,-3.617082,0.3087005,-0.4007902,2.069001,-0.1347374,-0.05688847,0.9892471,-0.3425876,0.939457,0.007364112,-0.9297741,-0.3379115,-0.1460693,static,73.03954,65.3071,8.486081,-10.9631
05/15/2023 12:31:57.196974,3312,True,True,True,True,Eyes,2.207982,-0.0278623,-3.469472,-0.8109398,-0.5350437,-0.236865,0.0,0.0,0.0,0.0,0.0,0.0,0.0,3.823998,0.7645948,1.4537,2.096759,-0.01815422,-3.595008,0.1333468,-0.7422425,0.1099674,0.6474581,19.62836,261.6113,356.6187,0.5511464,-0.007430028,-0.834375,0.0,0.0,0.0,0.2905119,-1.120177,-3.603894,0.3087001,-0.4007905,2.069,-0.1260335,-0.05555275,0.9904693,-0.3403498,0.9402517,0.009427994,-0.9318142,-0.3359178,-0.1374105,static,73.71761,66.12093,8.486075,-10.9631
05/15/2023 12:31:57.209418,3313,True,True,True,True,Eyes,2.202577,-0.02777914,-3.474969,-0.8140647,-0.5343703,-0.2274796,0.0,0.0,0.0,0.0,0.0,0.0,0.0,3.813477,0.768607,1.478174,2.088638,-0.01956537,-3.599384,0.1332118,-0.7394357,0.1095427,0.6507611,19.5955,262.1284,356.6878,0.5497276,-0.007364617,-0.835311,0.0,0.0,0.0,0.2765086,-1.11039,-3.590386,0.3087005,-0.4007905,2.069001,-0.1175296,-0.05443086,0.9915767,-0.3395753,0.94051,0.01137851,-0.9332072,-0.3353776,-0.1290212,static,74.38769,66.94072,8.486081,-10.9631
05/15/2023 12:31:57.229234,3314,True,True,True,True,Eyes,2.197059,-0.02775769,-3.480406,-0.8169247,-0.5338866,-0.2181724,0.0,0.0,0.0,0.0,0.0,0.0,0.0,3.803801,0.770883,1.500567,2.080384,-0.02135225,-3.603666,0.1330613,-0.7367163,0.1097266,0.6538377,19.61364,262.6252,356.8008,0.5482966,-0.007303433,-0.8362516,0.0,0.0,0.0,0.2663375,-1.107161,-3.577331,0.3087002,-0.4007903,2.069001,-0.109582,-0.05257014,0.9925866,-0.3395438,0.9405095,0.01232625,-0.9341851,-0.3356758,-0.1209127,static,75.04725,67.77265,8.486074,-10.9631
05/15/2023 12:31:57.239538,3315,True,True,True,True,Eyes,2.191395,-0.027801,-3.485779,-0.8195745,-0.5335195,-0.2089371,0.0,0.0,0.0,0.0,0.0,0.0,0.0,3.795757,0.7795519,1.51482,2.072138,-0.02276367,-3.607752,0.1346003,-0.7340613,0.1119442,0.656129,19.93649,263.0392,356.9078,0.5468531,-0.007247568,-0.8371968,0.0,0.0,0.0,0.2576491,-1.107212,-3.564789,0.3087001,-0.4007905,2.069001,-0.1027551,-0.05071009,0.9934134,-0.3445096,0.9387025,0.01228253,-0.9331424,-0.3409783,-0.1139265,static,75.69802,68.61368,8.486073,-10.9631
05/15/2023 12:31:57.259144,3316,True,True,True,True,Eyes,2.185601,-0.02791122,-3.491092,-0.8220515,-0.5332054,-0.1998079,0.0,0.0,0.0,0.0,0.0,0.0,0.0,3.785958,0.7916188,1.530408,2.06303,-0.02433202,-3.611869,0.1360375,-0.731365,0.1126686,0.6587146,20.12221,263.4688,356.9137,0.545397,-0.007198107,-0.8381465,0.0,0.0,0.0,0.2498155,-1.10905,-3.552364,0.3086997,-0.4008,2.069,-0.09517806,-0.05055328,0.9941759,-0.3474191,0.9375992,0.01441602,-0.9328672,-0.3440236,-0.106802,moving,76.3386,69.45753,8.486062,-10.96336
05/15/2023 12:31:57.279255,3317,True,True,True,True,Eyes,2.179659,-0.02808522,-3.496337,-0.8243166,-0.5330185,-0.1907704,0.0,0.0,0.0,0.0,0.0,0.0,0.0,3.776956,0.8007172,1.545181,2.054111,-0.02603419,-3.61581,0.1369265,-0.7289397,0.1128789,0.6611781,20.22023,263.87,356.9238,0.5439277,-0.007156037,-0.8391011,0.0,0.0,0.0,0.2476833,-1.117871,-3.544999,0.3053442,-0.3986667,2.068734,-0.08818946,-0.0503562,0.9948301,-0.3488884,0.937019,0.01650173,-0.9330056,-0.3456295,-0.1002039,moving,76.96953,70.30742,8.396208,-10.90778
05/15/2023 12:31:57.296799,3318,True,True,True,True,Eyes,2.173557,-0.02830563,-3.501527,-0.8264751,-0.5327893,-0.1818637,0.0,0.0,0.0,0.0,0.0,0.0,0.0,3.770401,0.8059024,1.555195,2.044685,-0.02770495,-3.619742,0.1378978,-0.7267253,0.1144812,0.6631355,20.44344,264.2246,357.0273,0.5424446,-0.007122187,-0.8400611,0.0,0.0,0.0,0.2424534,-1.123094,-3.538121,0.3021435,-0.3966319,2.06848,-0.08247118,-0.04859451,0.9954081,-0.3522607,0.9357565,0.01649705,-0.9322612,-0.3492826,-0.09429091,moving,77.58999,71.15303,8.310435,-10.85473
05/15/2023 12:31:57.309445,3319,True,True,True,True,Eyes,2.167293,-0.02857713,-3.50667,-0.8286009,-0.53243,-0.1730287,0.0,0.0,0.0,0.0,0.0,0.0,0.0,3.764783,0.8025899,1.566506,2.034739,-0.02904153,-3.623628,0.1373037,-0.7249529,0.114485,0.6651947,20.40537,264.5622,357.1398,0.5409462,-0.007096868,-0.8410268,0.0,0.0,0.0,0.2357565,-1.125733,-3.532083,0.2990305,-0.394654,2.068233,-0.07732717,-0.04676778,0.9959082,-0.3513871,0.9360818,0.01667494,-0.9330313,-0.3486599,-0.08881809,moving,78.20497,71.99692,8.226963,-10.80314
05/15/2023 12:31:57.329180,3320,True,True,True,True,Eyes,2.160858,-0.02889704,-3.511745,-0.8306059,-0.5320498,-0.1643683,0.0,0.0,0.0,0.0,0.0,0.0,0.0,3.759805,0.7974498,1.576573,2.024613,-0.03060493,-3.627347,0.1362102,-0.723488,0.1136614,0.6671529,20.25576,264.8645,357.2242,0.5394324,-0.007080491,-0.8419988,0.0,0.0,0.0,0.2306912,-1.131743,-3.526802,0.2957657,-0.3925787,2.067974,-0.07270755,-0.04543386,0.9963179,-0.3487519,0.9370558,0.0172808,-0.9343906,-0.3462113,-0.08397619,moving,78.80637,72.8323,8.139356,-10.74897
05/15/2023 12:31:57.339647,3321,True,True,True,True,Eyes,2.154247,-0.02926311,-3.516757,-0.8325455,-0.5316157,-0.1557332,0.0,0.0,0.0,0.0,0.0,0.0,0.0,3.754888,0.7981173,1.582576,2.014121,-0.03208768,-3.63084,0.1361556,-0.7220062,0.1134643,0.668801,20.24077,265.1294,357.2607,0.537902,-0.007073352,-0.8429773,0.0,0.0,0.0,0.2201059,-1.129292,-3.522341,0.2926484,-0.3905973,2.067727,-0.06833426,-0.04484038,0.9966545,-0.3483804,0.937175,0.01827819,-0.9348592,-0.3459658,-0.07966258,moving,79.40488,73.67242,8.055654,-10.69723
05/15/2023 12:31:57.359134,3322,True,True,True,True,Eyes,2.147464,-0.02966749,-3.521696,-0.8343951,-0.5311261,-0.1472749,0.0,0.0,0.0,0.0,0.0,0.0,0.0,3.749504,0.7982569,1.589372,2.003305,-0.03362302,-3.634244,0.1358047,-0.7205654,0.1126182,0.6705667,20.147,265.3986,357.2724,0.5363541,-0.007075666,-0.843963,0.0,0.0,0.0,0.2072574,-1.123676,-3.519251,0.2894964,-0.3885941,2.067477,-0.06379477,-0.04467627,0.9969627,-0.3467485,0.9377484,0.01983465,-0.9357863,-0.3444299,-0.07531485,moving,79.99011,74.50195,7.970962,-10.64488
05/15/2023 12:31:57.379278,3323,True,True,True,True,Eyes,2.140493,-0.03009849,-3.526547,-0.8361683,-0.5306052,-0.1388551,0.0,0.0,0.0,0.0,0.0,0.0,0.0,3.744464,0.7975946,1.595291,1.992418,-0.03495777,-3.637466,0.1354452,-0.7191891,0.1119165,0.6722325,20.06461,265.6554,357.2935,0.534788,-0.007087438,-0.8449562,0.0,0.0,0.0,0.1966674,-1.12241,-3.517216,0.2863293,-0.3865804,2.067226,-0.05951644,-0.04435368,0.9972416,-0.3452893,0.9382586,0.02112309,-0.9366073,-0.3430796,-0.07115664,moving,80.57143,75.33502,7.885805,-10.59223
05/15/2023 12:31:57.399419,3324,True,True,True,True,Eyes,2.133327,-0.03055241,-3.531319,-0.8379152,-0.529946,-0.1305955,0.0,0.0,0.0,0.0,0.0,0.0,0.0,3.739081,0.7989624,1.600057,1.981013,-0.03604682,-3.640541,0.1354125,-0.7177845,0.1112301,0.6738522,20.00941,265.9048,357.2862,0.533203,-0.007108391,-0.8459572,0.0,0.0,0.0,0.1843318,-1.118741,-3.515373,0.2830296,-0.3844835,2.066965,-0.05517333,-0.04448869,0.9974853,-0.3442992,0.9385827,0.02281758,-0.9372375,-0.3421744,-0.06710216,moving,81.14129,76.15634,7.797024,-10.53736
05/15/2023 12:31:57.409755,3325,True,True,True,True,Eyes,2.125976,-0.03104327,-3.536023,-0.8396118,-0.5292442,-0.1222802,0.0,0.0,0.0,0.0,0.0,0.0,0.0,3.731707,0.7987813,1.609344,1.969174,-0.03708667,-3.64344,0.1346024,-0.7162843,0.1090224,0.6759684,19.76456,266.2005,357.2327,0.5315986,-0.007138183,-0.8469661,0.0,0.0,0.0,0.1721258,-1.11527,-3.513521,0.2798565,-0.3824666,2.066713,-0.04989807,-0.04543566,0.9977205,-0.3402185,0.9399927,0.02579179,-0.9390218,-0.338156,-0.06236184,moving,81.71376,76.99028,7.711597,-10.48456
05/15/2023 12:31:57.419654,3326,True,True,True,True,Eyes,2.118447,-0.03157141,-3.540644,-0.8412215,-0.5285181,-0.1140834,0.0,0.0,0.0,0.0,0.0,0.0,0.0,3.723659,0.7981865,1.620242,1.957432,-0.03851245,-3.646216,0.1339234,-0.7145047,0.1076225,0.6782073,19.59986,266.537,357.2379,0.5299732,-0.00717686,-0.8479837,0.0,0.0,0.0,0.1599652,-1.112484,-3.511964,0.2766159,-0.3804065,2.066456,-0.04419918,-0.04539705,0.9979909,-0.3373586,0.9409638,0.02786204,-0.9403383,-0.3354493,-0.05690487,moving,82.27687,77.81929,7.624293,-10.4306
05/15/2023 12:31:57.439479,3327,True,True,True,True,Eyes,2.110739,-0.03212562,-3.545165,-0.8426925,-0.5278533,-0.1060206,0.0,0.0,0.0,0.0,0.0,0.0,0.0,3.715921,0.7984977,1.629735,1.94566,-0.03994246,-3.648907,0.1336732,-0.7126417,0.1070854,0.6802985,19.54228,266.8702,357.2739,0.5283274,-0.007224442,-0.8490097,0.0,0.0,0.0,0.1440699,-1.104006,-3.509067,0.2736114,-0.3784968,2.066217,-0.03865086,-0.04482218,0.998247,-0.3362223,0.9413284,0.02924839,-0.9409893,-0.3345024,-0.05145346,moving,82.8292,78.64312,7.5433,-10.38055
05/15/2023 12:31:57.459403,3328,True,True,True,True,Eyes,2.102863,-0.03271309,-3.549601,-0.8440704,-0.5271882,-0.09806971,0.0,0.0,0.0,0.0,0.0,0.0,0.0,3.707287,0.8003529,1.640001,1.933681,-0.0410836,-3.651484,0.1336083,-0.710646,0.1064432,0.6824962,19.49115,267.219,357.2881,0.52666,-0.007280722,-0.8500445,0.0,0.0,0.0,0.1297314,-1.097718,-3.504887,0.2699134,-0.376146,2.065925,-0.03269565,-0.04460239,0.9984696,-0.3351905,0.9416373,0.03108753,-0.9415828,-0.3336611,-0.04573782,moving,83.37271,79.46206,7.443541,-10.3189
05/15/2023 12:31:57.479350,3329,True,True,True,True,Eyes,2.094828,-0.03332638,-3.553959,-0.8452571,-0.5266779,-0.09028247,0.0,0.0,0.0,0.0,0.0,0.0,0.0,3.698207,0.805481,1.64949,1.921777,-0.04247376,-3.653946,0.1339212,-0.7086124,0.1057436,0.6846546,19.46567,267.5604,357.2643,0.5249712,-0.007345652,-0.8510879,0.0,0.0,0.0,0.1174043,-1.095313,-3.499479,0.2671329,-0.3743792,2.065704,-0.02662671,-0.04500069,0.9986322,-0.3345922,0.9417668,0.03351697,-0.9419869,-0.333242,-0.04013307,moving,83.90331,80.27296,7.368487,-10.27254
05/15/2023 12:31:57.496801,3330,True,True,True,True,Eyes,2.086629,-0.03389395,-3.558229,-0.8462642,-0.5263115,-0.08266191,0.0,0.0,0.0,0.0,0.0,0.0,0.0,3.690064,0.8080847,1.657901,1.909927,-0.04367959,-3.656293,0.1340398,-0.706714,0.1052876,0.686661,19.44466,267.8837,357.2731,0.5232609,-0.007419026,-0.85214,0.0,0.0,0.0,0.1050793,-1.09271,-3.493883,0.2640526,-0.3724215,2.065458,-0.02106023,-0.0448618,0.9987713,-0.3340494,0.9418957,0.03526333,-0.9423203,-0.3328963,-0.03482269,moving,84.42113,81.0741,7.285298,-10.22114
05/15/2023 12:31:57.509345,3331,True,True,True,True,Eyes,1.877235,-0.04598293,-3.662604,-0.8517332,-0.5136809,0.1033564,0.0,0.0,0.0,0.0,0.0,0.0,0.0,3.683423,0.8186851,1.658366,1.89777,-0.04311927,-3.658501,0.1359914,-0.7049556,0.1061204,0.6879553,19.67792,268.1187,357.2166,0.5215285,-0.007498921,-0.8532005,0.0,0.0,0.0,0.09335694,-1.0912,-3.488811,0.2607874,-0.3703454,2.0652,-0.01644806,-0.04572376,0.9988188,-0.337748,0.9404896,0.03749176,-0.9410928,-0.3367324,-0.03091227,moving,-83.08109,-78.62357,7.197051,-10.1666
05/15/2023 12:31:57.529338,3332,True,True,True,True,Eyes,1.876746,-0.04592789,-3.662693,-0.8517445,-0.5136294,0.1035195,0.0,0.0,0.0,0.0,0.0,0.0,0.0,3.67366,0.8324897,1.663815,1.885148,-0.04153879,-3.660817,0.1377955,-0.7029101,0.1051632,0.6898338,19.75218,268.4084,357.0385,0.5128234,-0.00800828,-0.8584564,-0.628183,-0.03626693,-0.3131239,0.08170621,-1.089618,-3.483831,0.2576746,-0.3683671,2.064953,-0.01028372,-0.04862536,0.9987643,-0.338806,0.9399062,0.04227141,-0.9408002,-0.3379526,-0.02614024,moving,-83.07036,-78.60497,7.112871,-10.1146
05/15/2023 12:31:57.539245,3333,True,True,True,True,Eyes,1.875802,-0.04574094,-3.662874,-0.8516304,-0.5137814,0.1037036,0.0,0.0,0.0,0.0,0.0,0.0,0.0,3.666227,0.8331315,1.670893,1.872944,-0.04019502,-3.663015,0.1377809,-0.701274,0.1039729,0.6916798,19.65937,268.6895,356.9922,0.5055751,-0.008425779,-0.8627411,-0.590492,-0.03409091,-0.2943365,0.07422678,-1.094467,-3.481988,0.2543696,-0.3662658,2.06469,-0.00519097,-0.04941249,0.9987651,-0.3370762,0.9404122,0.04477365,-0.9414632,-0.3364275,-0.02153753,moving,-83.05724,-78.58852,7.023441,-10.05934
05/15/2023 12:31:57.559568,3334,True,True,True,True,Eyes,1.874357,-0.04543687,-3.663123,-0.8516356,-0.5137097,0.1040158,0.0,0.0,0.0,0.0,0.0,0.0,0.0,3.666269,0.8265754,1.66554,1.86105,-0.03681314,-3.665231,0.1383862,-0.7004636,0.1058689,0.6920925,19.86875,268.8058,357.1155,0.4995219,-0.008765159,-0.8662567,-0.5550625,-0.03204546,-0.2766763,0.06374577,-1.093773,-3.479326,0.2511631,-0.3642278,2.064436,-0.00371478,-0.04732687,0.9988727,-0.340411,0.9392821,0.04323751,-0.9402694,-0.3398666,-0.0195999,moving,-83.03658,-78.55353,6.936619,-10.0057
05/15/2023 12:31:57.579253,3335,True,True,True,True,Eyes,1.872494,-0.04504455,-3.663427,-0.8518379,-0.5133016,0.1043731,0.0,0.0,0.0,0.0,0.0,0.0,0.0,3.660764,0.8149661,1.672822,1.847625,-0.0337335,-3.667265,0.1365348,-0.6994137,0.1031275,0.6939334,19.49653,269.0492,357.0897,0.4944448,-0.009037651,-0.8691616,-0.5217587,-0.03012273,-0.2600757,0.05035995,-1.087344,-3.476266,0.247721,-0.36204,2.064164,0.0003705653,-0.04786136,0.998854,-0.3341159,0.9414459,0.04523455,-0.9425319,-0.3337497,-0.01564234,moving,-83.01454,-78.50636,6.843358,-9.948094
05/15/2023 12:31:57.596784,3336,True,True,True,True,Eyes,1.870219,-0.04460492,-3.663786,-0.8520962,-0.512762,0.1049157,0.0,0.0,0.0,0.0,0.0,0.0,0.0,3.656731,0.7900549,1.68444,1.835813,-0.03132091,-3.669061,0.1322763,-0.6988436,0.09890909,0.6959438,18.80557,269.2883,357.1413,0.4901635,-0.009252885,-0.871581,-0.4904532,-0.02831537,-0.2444712,0.04208236,-1.08809,-3.476855,0.2446738,-0.3601036,2.063922,0.003669418,-0.04721058,0.9988784,-0.3225512,0.9454399,0.04586983,-0.946545,-0.3223577,-0.01175861,moving,-82.98069,-78.43638,6.760747,-9.89708
05/15/2023 12:31:57.609214,3337,True,True,True,True,Eyes,1.867565,-0.044147,-3.664194,-0.8523277,-0.5122252,0.1056546,0.0,0.0,0.0,0.0,0.0,0.0,0.0,3.649741,0.7791244,1.695309,1.823699,-0.02977927,-3.670825,0.1306549,-0.6972761,0.09750932,0.6980168,18.565,269.6054,357.2139,0.4865282,-0.009419549,-0.8736137,-0.461026,-0.02661644,-0.2298029,0.02229069,-1.071203,-3.474458,0.2415643,-0.3581273,2.063675,0.008596036,-0.04607878,0.9989008,-0.3183313,0.9468426,0.04641675,-0.9479405,-0.3183804,-0.006529296,moving,-82.93366,-78.34529,6.676399,-9.844982
05/15/2023 12:31:57.629365,3338,True,True,True,True,Eyes,1.864574,-0.0436369,-3.664661,-0.8524934,-0.5117503,0.1066147,0.0,0.0,0.0,0.0,0.0,0.0,0.0,3.640933,0.7642757,1.71229,1.811946,-0.02891451,-3.672664,0.1283774,-0.6952651,0.09628557,0.7006104,18.28676,270.0152,357.3684,0.4833117,-0.009551567,-0.8753958,-0.4333645,-0.02501946,-0.2160147,-0.001572993,-1.044408,-3.471547,0.2383791,-0.3561024,2.063422,0.01467115,-0.04359539,0.9989416,-0.31343,0.9484966,0.04599717,-0.949498,-0.3137731,0.0002513973,moving,-82.87148,-78.23171,6.589942,-9.791574
05/15/2023 12:31:57.639173,3339,True,True,True,True,Eyes,1.861231,-0.04307103,-3.665142,-0.8525933,-0.5113806,0.1075847,0.0,0.0,0.0,0.0,0.0,0.0,0.0,3.635285,0.7509854,1.722608,1.800851,-0.02713132,-3.674623,0.1275966,-0.6933128,0.09824482,0.7024133,18.38979,270.3667,357.6499,0.48035,-0.009658135,-0.8770233,-0.4073626,-0.02351829,-0.2030538,-0.0173476,-1.032645,-3.465941,0.2350435,-0.3539828,2.063158,0.01933071,-0.0389118,0.9990557,-0.3149457,0.9481341,0.04302235,-0.9489129,-0.3154799,0.006073012,moving,-82.80813,-78.11932,6.499353,-9.735636
05/15/2023 12:31:57.659106,3340,True,True,True,True,Eyes,1.857572,-0.04245951,-3.665674,-0.8527356,-0.5109011,0.1087296,0.0,0.0,0.0,0.0,0.0,0.0,0.0,3.628097,0.7416066,1.733256,1.789017,-0.02516414,-3.676414,0.1272851,-0.6911454,0.1000186,0.704353,18.51555,270.7392,357.8818,0.4776117,-0.009740483,-0.8785167,-0.3829208,-0.02210719,-0.1908706,-0.0330401,-1.020243,-3.456568,0.2320161,-0.3520581,2.062917,0.02462889,-0.03504817,0.9990822,-0.3168418,0.9475896,0.04105248,-0.9481587,-0.3175621,0.01223339,moving,-82.73361,-77.9856,6.417085,-9.684813
05/15/2023 12:31:57.679206,3341,True,True,True,True,Eyes,1.85361,-0.04179585,-3.666244,-0.8527911,-0.5105833,0.109782,0.0,0.0,0.0,0.0,0.0,0.0,0.0,3.622655,0.724908,1.74388,1.777774,-0.0234822,-3.678206,0.1252791,-0.6896465,0.09968582,0.7062265,18.32741,271.0494,358.0685,0.4750682,-0.009799962,-0.8798941,-0.3599456,-0.02078076,-0.1794184,-0.04180628,-1.018487,-3.448768,0.2285964,-0.3498845,2.062646,0.02890118,-0.03199499,0.9990702,-0.313598,0.9487358,0.03945486,-0.9491159,-0.3144467,0.01738604,moving,-82.66451,-77.86542,6.324098,-9.62738
05/15/2023 12:31:57.696805,3342,True,True,True,True,Eyes,1.84933,-0.04109126,-3.666864,-0.8529258,-0.5101236,0.1108669,0.0,0.0,0.0,0.0,0.0,0.0,0.0,3.619554,0.7207073,1.744402,1.7665,-0.02152495,-3.680018,0.1254539,-0.6884868,0.1003936,0.707226,18.40234,271.2376,358.1432,0.4726941,-0.009837617,-0.8811713,-0.3383489,-0.01953392,-0.1686533,-0.05066476,-1.017745,-3.440092,0.2255849,-0.3479697,2.062407,0.0318144,-0.03074471,0.9990209,-0.3147486,0.9483649,0.03920917,-0.9486418,-0.3156878,0.02049479,moving,-82.59398,-77.7384,6.242165,-9.57676
05/15/2023 12:31:57.710298,3343,True,True,True,True,Eyes,1.844771,-0.04036105,-3.667522,-0.8531259,-0.5095958,0.1117505,0.0,0.0,0.0,0.0,0.0,0.0,0.0,3.617711,0.711197,1.74401,1.754634,-0.01993176,-3.681856,0.1240637,-0.6879708,0.09853344,0.7082343,18.13811,271.3633,358.1225,0.4704669,-0.009854649,-0.8823622,-0.3180479,-0.01836188,-0.1585341,-0.06454222,-1.007212,-3.43386,0.2223483,-0.3459126,2.062151,0.03397487,-0.03113486,0.9989377,-0.3102739,0.9497988,0.04015604,-0.95004,-0.3113085,0.02260894,moving,-82.53735,-77.63126,6.154054,-9.522348
05/15/2023 12:31:57.729286,3344,True,True,True,True,Eyes,1.839953,-0.03966143,-3.668228,-0.8532883,-0.5091261,0.1126488,0.0,0.0,0.0,0.0,0.0,0.0,0.0,3.615683,0.7044662,1.743626,1.743354,-0.01860075,-3.683753,0.1225979,-0.6875964,0.09556478,0.7092592,17.77785,271.466,358.0119,0.4683655,-0.00985252,-0.8834795,-0.2989651,-0.01726017,-0.149022,-0.07429805,-1.005282,-3.432338,0.2191196,-0.3438606,2.061894,0.03615742,-0.03303525,0.9987999,-0.304156,0.9516743,0.0424873,-0.9519358,-0.3053272,0.02436225,moving,-82.47945,-77.52379,6.066112,-9.46804
05/15/2023 12:31:57.739107,3345,True,True,True,True,Eyes,1.8349,-0.03901857,-3.668935,-0.8532451,-0.5090148,0.113475,0.0,0.0,0.0,0.0,0.0,0.0,0.0,3.612993,0.7113811,1.739381,1.732324,-0.0185712,-3.685639,0.123635,-0.6867424,0.0950986,0.7099687,17.8286,271.577,357.9065,0.4663727,-0.009833899,-0.8845332,-0.2810272,-0.01622456,-0.1400807,-0.0906061,-0.993149,-3.433249,0.2159525,-0.3418477,2.061643,0.03868243,-0.03477673,0.9986463,-0.3048448,0.9513413,0.04493753,-0.9516162,-0.3061705,0.02619868,moving,-82.42456,-77.43252,5.979797,-9.414739
05/15/2023 12:31:57.759207,3346,True,True,True,True,Eyes,1.829647,-0.0383757,-3.669684,-0.8529437,-0.5093211,0.1143633,0.0,0.0,0.0,0.0,0.0,0.0,0.0,3.610682,0.7178628,1.734598,1.721502,-0.01917817,-3.687445,0.1253437,-0.6855823,0.096961,0.7105382,18.12388,271.7204,357.9451,0.464473,-0.009801836,-0.8855327,-0.2641656,-0.01525108,-0.1316759,-0.1079034,-0.9784351,-3.435451,0.2127764,-0.339829,2.061391,0.04115111,-0.03407787,0.9985716,-0.3096558,0.949775,0.04517352,-0.9499578,-0.3110725,0.02853188,moving,-82.36329,-77.34467,5.89319,-9.361254
05/15/2023 12:31:57.780266,3347,True,True,True,True,Eyes,1.824186,-0.03774285,-3.670482,-0.8524445,-0.5099371,0.1153372,0.0,0.0,0.0,0.0,0.0,0.0,0.0,3.609072,0.7304839,1.726515,1.711401,-0.01844031,-3.689259,0.1291003,-0.6840681,0.1017903,0.7106495,18.8295,271.8629,358.0654,0.4626524,-0.00975767,-0.8864858,-0.2483156,-0.01433602,-0.1237753,-0.1179961,-0.9783159,-3.43747,0.2096354,-0.3378322,2.061142,0.04337907,-0.03195234,0.9985476,-0.3213013,0.9459437,0.04422711,-0.945983,-0.3227531,0.03076781,moving,-82.29457,-77.25532,5.80749,-9.308317
05/15/2023 12:31:57.796799,3348,True,True,True,True,Eyes,1.818545,-0.03712269,-3.671313,-0.8518397,-0.5106994,0.1164269,0.0,0.0,0.0,0.0,0.0,0.0,0.0,3.606343,0.7321947,1.72497,1.700888,-0.01796651,-3.69107,0.1308967,-0.682452,0.1054232,0.7113448,19.27592,272.0794,358.2591,0.4608988,-0.009702862,-0.8873993,-0.2334167,-0.01347586,-0.1163488,-0.1237875,-0.986192,-3.437731,0.2063755,-0.3357607,2.060883,0.04629069,-0.02867691,0.9985164,-0.3286458,0.943504,0.04233284,-0.9433182,-0.3301178,0.03425091,moving,-82.21721,-77.15746,5.718499,-9.253373
05/15/2023 12:31:57.809365,3349,True,True,True,True,Eyes,1.812726,-0.03651879,-3.67216,-0.8513535,-0.5112591,0.1175223,0.0,0.0,0.0,0.0,0.0,0.0,0.0,3.606617,0.7206382,1.723046,1.690904,-0.0176132,-3.692753,0.1310533,-0.681349,0.1092813,0.7117909,19.60189,272.2617,358.6001,0.4592015,-0.009638782,-0.8882795,-0.2194117,-0.01266731,-0.1093679,-0.1218742,-1.005711,-3.43771,0.2032033,-0.3337438,2.060631,0.04764221,-0.02301517,0.9985995,-0.334157,0.9417652,0.03764764,-0.9413127,-0.3354826,0.0371771,moving,-82.14046,-77.05441,5.631854,-9.199849
05/15/2023 12:31:57.830384,3350,True,True,True,True,Eyes,1.806739,-0.03593004,-3.673035,-0.850809,-0.5118942,0.1186947,0.0,0.0,0.0,0.0,0.0,0.0,0.0,3.607017,0.7136878,1.71848,1.680738,-0.01735753,-3.694308,0.1319997,-0.6802356,0.1135288,0.712016,20.02465,272.4224,358.9076,0.4575511,-0.009566756,-0.8891315,-0.206247,-0.01190727,-0.1028058,-0.1244403,-1.016803,-3.43489,0.1999477,-0.3316748,2.060373,0.04878151,-0.01791314,0.9986489,-0.3412504,0.9393746,0.03351915,-0.9387057,-0.3424244,0.03971121,moving,-82.05804,-76.94534,5.542878,-9.144904
05/15/2023 12:31:57.839147,3351,True,True,True,True,Eyes,1.800597,-0.03535367,-3.673938,-0.8505102,-0.5121166,0.1198707,0.0,0.0,0.0,0.0,0.0,0.0,0.0,3.606246,0.7064449,1.716688,1.6707,-0.01711164,-3.695885,0.1321279,-0.6792552,0.1157028,0.712578,20.21149,272.5841,359.1084,0.4559397,-0.009487962,-0.8899598,-0.1938722,-0.01119283,-0.09663745,-0.1287939,-1.023698,-3.432134,0.196714,-0.329619,2.060117,0.0504505,-0.01460254,0.9986198,-0.3443917,0.9383101,0.0311194,-0.9374695,-0.3454864,0.04230922,moving,-81.97758,-76.826,5.454455,-9.090283
05/15/2023 12:31:57.859149,3352,True,True,True,True,Eyes,1.794301,-0.03480123,-3.674864,-0.8501865,-0.5123625,0.1211097,0.0,0.0,0.0,0.0,0.0,0.0,0.0,3.604048,0.7042532,1.715932,1.660843,-0.01684217,-3.697414,0.1325371,-0.6781912,0.1168808,0.7133229,20.34172,272.7497,359.2042,0.4543595,-0.009403368,-0.8907684,-0.1822398,-0.01052126,-0.0908392,-0.1316454,-1.033874,-3.43027,0.1934789,-0.327563,2.05986,0.05279091,-0.01302352,0.9985207,-0.3465185,0.9375456,0.03054838,-0.9365565,-0.3476186,0.04498094,moving,-81.89272,-76.70081,5.365943,-9.035628
05/15/2023 12:31:57.869319,3353,True,True,True,True,Eyes,1.787861,-0.0342655,-3.675812,-0.8501297,-0.5121592,0.1223622,0.0,0.0,0.0,0.0,0.0,0.0,0.0,3.601519,0.7015008,1.716004,1.650835,-0.01685742,-3.698941,0.1326393,-0.6771492,0.117534,0.7141861,20.4038,272.9204,359.2816,0.4528038,-0.009314113,-0.8915612,-0.1713054,-0.009889985,-0.08538885,-0.1384536,-1.036757,-3.429082,0.190051,-0.3253834,2.059588,0.05530946,-0.01175084,0.9984003,-0.3475154,0.9371852,0.0302821,-0.9360417,-0.3486343,0.04775158,moving,-81.80946,-76.5631,5.272108,-8.977657
05/15/2023 12:31:57.889018,3354,True,True,True,True,Eyes,1.781273,-0.03376417,-3.676781,-0.8501334,-0.5118354,0.1236838,0.0,0.0,0.0,0.0,0.0,0.0,0.0,3.59822,0.6973028,1.718454,1.64095,-0.01676287,-3.700473,0.132081,-0.6761687,0.1169692,0.7153103,20.31247,273.0991,359.3109,0.4512672,-0.009221086,-0.8923409,-0.1610271,-0.009296587,-0.08026551,-0.1458638,-1.038502,-3.427765,0.1871785,-0.3235584,2.059361,0.05822842,-0.01127954,0.9982396,-0.3459567,0.9377456,0.03077605,-0.936442,-0.3471397,0.05070121,moving,-81.72226,-76.41504,5.193432,-8.929086
05/15/2023 12:31:57.909002,3355,True,True,True,True,Eyes,1.774543,-0.03331942,-3.677745,-0.8503979,-0.5110711,0.1250186,0.0,0.0,0.0,0.0,0.0,0.0,0.0,3.594295,0.6913028,1.722694,1.630809,-0.01711638,-3.701985,0.1308796,-0.6752151,0.1155156,0.7166669,20.09574,273.2909,359.3184,0.4497445,-0.009125515,-0.8931103,-0.1513655,-0.008738792,-0.07544959,-0.1546708,-1.038201,-3.4267,0.1839456,-0.3215034,2.059104,0.06148167,-0.01117146,0.9980458,-0.3423162,0.9390534,0.03159854,-0.9375712,-0.3435899,0.05391043,moving,-81.63674,-76.2542,5.104844,-8.874367
05/15/2023 12:31:57.929046,3356,True,True,True,True,Eyes,1.767685,-0.03293439,-3.678731,-0.8506538,-0.5102964,0.1264353,0.0,0.0,0.0,0.0,0.0,0.0,0.0,3.589572,0.686035,1.728369,1.620644,-0.0180793,-3.703527,0.1295702,-0.6741319,0.1138128,0.7181952,19.85025,273.5057,359.3168,0.4482316,-0.009029045,-0.8938715,-0.1422835,-0.008214464,-0.07092261,-0.1659763,-1.033154,-3.425395,0.1808444,-0.3195322,2.058858,0.06518562,-0.01121523,0.9978101,-0.3381743,0.9405165,0.03266372,-0.9388232,-0.339563,0.05751542,moving,-81.54585,-76.08416,5.019819,-8.821853
05/15/2023 12:31:57.939624,3357,True,True,True,True,Eyes,1.760698,-0.03262547,-3.679771,-0.8509878,-0.5093371,0.1280449,0.0,0.0,0.0,0.0,0.0,0.0,0.0,3.584725,0.6856772,1.732715,1.610841,-0.01915598,-3.705069,0.129236,-0.6728609,0.1130518,0.7195663,19.76262,273.7233,359.317,0.4467236,-0.008933173,-0.8946271,-0.1337465,-0.007721596,-0.06666726,-0.1796551,-1.024618,-3.423656,0.1777298,-0.317552,2.058611,0.06895514,-0.01121917,0.9975567,-0.3366122,0.9410347,0.03385149,-0.9391153,-0.338124,0.06111269,moving,-81.44312,-75.88854,4.934383,-8.769071
05/15/2023 12:31:57.959522,3358,True,True,True,True,Eyes,1.75359,-0.03240812,-3.680836,-0.851272,-0.5084269,0.1297613,0.0,0.0,0.0,0.0,0.0,0.0,0.0,3.576344,0.6944847,1.740771,1.600736,-0.02085051,-3.706755,0.1297313,-0.670965,0.1117223,0.7214527,19.70111,274.017,359.2158,0.4452174,-0.008839736,-0.8953785,-0.1257217,-0.007258301,-0.06266722,-0.1937238,-1.015693,-3.421353,0.1744742,-0.3154833,2.058352,0.07464845,-0.01288555,0.9971268,-0.335295,0.9413759,0.0372665,-0.9391513,-0.3371134,0.06595177,moving,-81.33299,-75.68256,4.845038,-8.713901
05/15/2023 12:31:57.979448,3359,True,True,True,True,Eyes,1.746375,-0.03227943,-3.681934,-0.8514744,-0.507691,0.1313059,0.0,0.0,0.0,0.0,0.0,0.0,0.0,3.56801,0.7042009,1.748285,1.590689,-0.02267575,-3.708408,0.1305431,-0.6689826,0.1109647,0.723262,19.71249,274.3157,359.1388,0.4437097,-0.008750719,-0.8961275,-0.1181784,-0.006822803,-0.05890719,-0.2046406,-1.011904,-3.419099,0.1712221,-0.3134164,2.058095,0.0802984,-0.01414915,0.9966706,-0.3351752,0.9412907,0.04036691,-0.9387279,-0.3373006,0.07084164,moving,-81.23347,-75.49915,4.75574,-8.658748
05/15/2023 12:31:57.997126,3360,True,True,True,True,Eyes,1.739046,-0.03223427,-3.683059,-0.8515693,-0.5070977,0.1329729,0.0,0.0,0.0,0.0,0.0,0.0,0.0,3.559504,0.72034,1.754045,1.580902,-0.02466288,-3.710225,0.1325973,-0.6667511,0.1113191,0.7248925,19.91842,274.6196,359.0596,0.4421979,-0.008667853,-0.8968753,-0.1110877,-0.006413435,-0.05537276,-0.2149197,-1.00993,-3.415008,0.1681174,-0.3114428,2.057849,0.08610219,-0.01542994,0.9961668,-0.3382075,0.940052,0.04379322,-0.9371244,-0.3406818,0.07572202,moving,-81.12491,-75.30653,4.670448,-8.606055
05/15/2023 12:31:58.012774,3361,True,True,True,True,Eyes,1.552969,-0.03305542,-3.711575,-0.8520321,-0.4945007,0.1717861,0.0,0.0,0.0,0.0,0.0,0.0,0.0,3.550056,0.7360822,1.761464,1.57081,-0.02659687,-3.71205,0.1345016,-0.6643611,0.1114589,0.7267123,20.09549,274.9521,358.98,0.4406795,-0.008592564,-0.8976231,-0.1044225,-0.006028628,-0.05205039,-0.2239052,-1.010218,-3.410861,0.16482,-0.3093466,2.057587,0.0924027,-0.01671814,0.9955814,-0.3407122,0.9389725,0.04739003,-0.9356158,-0.3435857,0.08106755,moving,-78.60089,-70.84313,4.579815,-8.55006
05/15/2023 12:31:58.029347,3362,True,True,True,True,Eyes,1.552569,-0.03313688,-3.711662,-0.8519087,-0.4946361,0.1720076,0.0,0.0,0.0,0.0,0.0,0.0,0.0,3.539762,0.7497576,1.771431,1.56058,-0.028496,-3.714001,0.136003,-0.6618112,0.1113591,0.7287718,20.22011,275.3209,358.9188,0.4333876,-0.008586548,-0.9011664,-0.6563888,-0.008130363,-0.1344755,-0.2292383,-1.016901,-3.40696,0.1615556,-0.3072719,2.057328,0.09921037,-0.01770589,0.9949089,-0.3423272,0.9382047,0.05083293,-0.9343283,-0.3456276,0.08701839,moving,-78.58496,-70.8251,4.490046,-8.49461
05/15/2023 12:31:58.039457,3363,True,True,True,True,Eyes,1.551768,-0.03328063,-3.711826,-0.8517193,-0.4948792,0.1722463,0.0,0.0,0.0,0.0,0.0,0.0,0.0,3.529574,0.7641676,1.781419,1.550534,-0.03050157,-3.71621,0.1378752,-0.6590787,0.1120934,0.730781,20.44266,275.709,358.9048,0.4273683,-0.008573527,-0.9040367,-0.6170055,-0.007642542,-0.126407,-0.2352151,-1.022565,-3.402204,0.1582462,-0.3051683,2.057065,0.1061008,-0.01790977,0.9941941,-0.3455725,0.9368511,0.05375642,-0.9323745,-0.3492698,0.09321149,moving,-78.56706,-70.80917,4.398993,-8.438359
05/15/2023 12:31:58.059852,3364,True,True,True,True,Eyes,1.550575,-0.03347567,-3.712081,-0.8514724,-0.4951427,0.1727089,0.0,0.0,0.0,0.0,0.0,0.0,0.0,3.519958,0.7770523,1.790674,1.540084,-0.03213358,-3.71854,0.1396007,-0.6564289,0.1127667,0.7327322,20.64805,276.0869,358.8966,0.4223826,-0.008557737,-0.9063771,-0.5799851,-0.007183989,-0.1188226,-0.2419758,-1.026609,-3.39606,0.1551627,-0.3032083,2.056821,0.1127696,-0.0180202,0.9934577,-0.3485315,0.9355906,0.05653312,-0.9304885,-0.3526265,0.09922555,moving,-78.53394,-70.7709,4.314116,-8.385916
05/15/2023 12:31:58.079531,3365,True,True,True,True,Eyes,1.548985,-0.03371534,-3.712461,-0.8512901,-0.4952731,0.1732328,0.0,0.0,0.0,0.0,0.0,0.0,0.0,3.508634,0.7890696,1.803685,1.52943,-0.03355202,-3.72104,0.1406708,-0.6536648,0.1120571,0.7351035,20.68995,276.4979,358.8267,0.4182332,-0.008542299,-0.9082993,-0.545186,-0.00675295,-0.1116932,-0.2467704,-1.033636,-3.389683,0.1519015,-0.3011354,2.056562,0.120331,-0.01915599,0.992549,-0.3486502,0.9353099,0.06031969,-0.9294964,-0.3533107,0.1058681,moving,-78.49768,-70.72157,4.224303,-8.330426
05/15/2023 12:31:58.096804,3366,True,True,True,True,Eyes,1.546999,-0.03399668,-3.712935,-0.8511451,-0.4952547,0.1739959,0.0,0.0,0.0,0.0,0.0,0.0,0.0,3.497172,0.7984769,1.81795,1.518473,-0.03493464,-3.723672,0.1410443,-0.6510189,0.1103769,0.73763,20.59696,276.9064,358.7261,0.414757,-0.008529537,-0.909892,-0.5124749,-0.006347773,-0.1049916,-0.2522536,-1.039803,-3.383615,0.1487704,-0.2991452,2.056314,0.1279828,-0.02081036,0.9915581,-0.3464797,0.9358469,0.06436209,-0.929286,-0.351792,0.1125619,moving,-78.44646,-70.64229,4.138032,-8.277121
05/15/2023 12:31:58.109600,3367,True,True,True,True,Eyes,1.544614,-0.03432706,-3.713523,-0.851165,-0.4949051,0.1748913,0.0,0.0,0.0,0.0,0.0,0.0,0.0,3.484377,0.8047605,1.835819,1.506962,-0.03624827,-3.726459,0.1405642,-0.6482697,0.1075829,0.7405499,20.34518,277.3517,358.6001,0.4117601,-0.008522168,-0.9112522,-0.4817264,-0.005966906,-0.09869213,-0.2605658,-1.040658,-3.376807,0.1455677,-0.2971093,2.056059,0.1363446,-0.02290611,0.9903968,-0.3415881,0.9373352,0.06870424,-0.9299075,-0.3476751,0.1199761,moving,-78.38888,-70.53744,4.049749,-8.222568
05/15/2023 12:31:58.129177,3368,True,True,True,True,Eyes,1.54185,-0.03472978,-3.714199,-0.8512438,-0.4943446,0.1760896,0.0,0.0,0.0,0.0,0.0,0.0,0.0,3.470419,0.8066047,1.857642,1.4952,-0.03804329,-3.729367,0.1390123,-0.6454355,0.1037679,0.7438553,19.92325,277.8359,358.472,0.4090038,-0.008523763,-0.9124926,-0.4528228,-0.005608892,-0.0927706,-0.2715656,-1.037105,-3.370322,0.1421294,-0.2949235,2.055787,0.1452904,-0.02507026,0.9890714,-0.3338236,0.9398156,0.07285903,-0.9313713,-0.3407611,0.1281772,moving,-78.31256,-70.39368,3.954921,-8.163959
05/15/2023 12:31:58.139506,3369,True,True,True,True,Eyes,1.538732,-0.03522204,-3.71496,-0.8512931,-0.4937853,0.1774153,0.0,0.0,0.0,0.0,0.0,0.0,0.0,3.455824,0.8045794,1.881897,1.483353,-0.04023363,-3.732244,0.1371655,-0.642296,0.1008181,0.7473133,19.54344,278.3764,358.4485,0.4064563,-0.008535253,-0.9136301,-0.4256535,-0.005272359,-0.08720436,-0.2854283,-1.028798,-3.362114,0.1391988,-0.2930612,2.055555,0.1545831,-0.02551624,0.9876503,-0.3268872,0.9420426,0.07550106,-0.9323352,-0.3345214,0.137283,moving,-78.22768,-70.23682,3.87406,-8.113998
05/15/2023 12:31:58.159200,3370,True,True,True,True,Eyes,1.535278,-0.03581171,-3.715804,-0.8511995,-0.4933558,0.1790515,0.0,0.0,0.0,0.0,0.0,0.0,0.0,3.441651,0.8090833,1.902546,1.471694,-0.04272074,-3.735177,0.1371856,-0.6387407,0.1006931,0.7503675,19.54292,278.9359,358.5323,0.4040885,-0.008557899,-0.9146796,-0.4001142,-0.004956017,-0.0819721,-0.3021252,-1.015358,-3.352576,0.1360414,-0.2910538,2.055304,0.1637425,-0.02413841,0.9862078,-0.3263658,0.942082,0.07724571,-0.9309531,-0.3345129,0.1463809,moving,-78.12091,-70.05286,3.786906,-8.060123
05/15/2023 12:31:58.179257,3371,True,True,True,True,Eyes,1.531509,-0.03645186,-3.716733,-0.8509122,-0.493244,0.1807176,0.0,0.0,0.0,0.0,0.0,0.0,0.0,3.427225,0.8156128,1.922651,1.460141,-0.04562511,-3.738126,0.1379526,-0.6348612,0.1021163,0.7533211,19.72491,279.5295,358.7029,0.4018748,-0.008593035,-0.9156539,-0.3761074,-0.004658656,-0.07705377,-0.3176844,-1.003227,-3.340921,0.1326524,-0.2888997,2.055035,0.1730469,-0.02130884,0.9846832,-0.3290143,0.9410827,0.07818589,-0.9283344,-0.3375046,0.1558405,moving,-78.00963,-69.87788,3.693316,-8.00228
05/15/2023 12:31:58.199488,3372,True,True,True,True,Eyes,1.527414,-0.0371236,-3.717739,-0.8504219,-0.493401,0.1825872,0.0,0.0,0.0,0.0,0.0,0.0,0.0,3.415604,0.8298147,1.93439,1.448766,-0.04740131,-3.741074,0.1406026,-0.6312311,0.1051979,0.7554547,20.19682,280.0363,358.8668,0.3997934,-0.008640675,-0.9165642,-0.353541,-0.004379137,-0.07243054,-0.3263382,-1.003562,-3.328721,0.1296282,-0.2869778,2.054795,0.1809614,-0.01856096,0.9833151,-0.33645,0.9383286,0.07962936,-0.9241506,-0.3452462,0.1635565,moving,-77.88245,-69.69259,3.60976,-7.950644
05/15/2023 12:31:58.209252,3373,True,True,True,True,Eyes,1.523021,-0.03778271,-3.71881,-0.8497709,-0.493874,0.1843312,0.0,0.0,0.0,0.0,0.0,0.0,0.0,3.402863,0.8491672,1.945208,1.436817,-0.0487719,-3.744004,0.1436547,-0.6275734,0.1072583,0.7576349,20.6281,280.5298,358.9113,0.3978232,-0.008700378,-0.9174204,-0.3323285,-0.004116389,-0.06808471,-0.3315272,-1.009901,-3.315718,0.1264429,-0.2849531,2.054543,0.1892945,-0.01778248,0.9817594,-0.342833,0.9357179,0.08305071,-0.9201267,-0.3523006,0.1710299,moving,-77.76109,-69.53265,3.521718,-7.896216
05/15/2023 12:31:58.229364,3374,True,True,True,True,Eyes,1.51833,-0.03842201,-3.719946,-0.848919,-0.4946114,0.186269,0.0,0.0,0.0,0.0,0.0,0.0,0.0,3.390027,0.8725579,1.954107,1.425168,-0.04903573,-3.74682,0.1473381,-0.6239735,0.1091116,0.7596337,21.1009,280.9926,358.8883,0.3959457,-0.008770669,-0.9182317,-0.3123888,-0.003869405,-0.06399962,-0.3322359,-1.024356,-3.306482,0.1231815,-0.2828798,2.054284,0.1975036,-0.01810052,0.9801351,-0.3496398,0.9327723,0.08768052,-0.91583,-0.3600114,0.1778972,moving,-77.62434,-69.36379,3.431532,-7.840456
05/15/2023 12:31:58.239410,3375,True,True,True,True,Eyes,1.513354,-0.03904249,-3.721159,-0.8480467,-0.4953922,0.1881579,0.0,0.0,0.0,0.0,0.0,0.0,0.0,3.373758,0.9007149,1.966098,1.41326,-0.04913625,-3.749581,0.1513543,-0.6198862,0.1102641,0.7620203,21.55367,281.515,358.7926,0.3941456,-0.008849986,-0.919005,-0.2936454,-0.003637241,-0.06015965,-0.3341272,-1.037387,-3.298156,0.1200655,-0.2808992,2.054036,0.2071659,-0.01959792,0.9781095,-0.3556919,0.9298674,0.09396772,-0.9113538,-0.3673725,0.185666,moving,-77.49031,-69.20242,3.345329,-7.787167
05/15/2023 12:31:58.259360,3376,True,True,True,True,Eyes,1.508115,-0.03954421,-3.722427,-0.8469256,-0.4965314,0.190194,0.0,0.0,0.0,0.0,0.0,0.0,0.0,3.356532,0.9206627,1.982861,1.401527,-0.04925677,-3.752194,0.1541116,-0.6156612,0.1112177,0.7647494,21.87966,282.0938,358.7864,0.3924084,-0.008936975,-0.9197473,-0.2760267,-0.003419006,-0.05655007,-0.3352358,-1.050521,-3.291562,0.1166565,-0.278733,2.053766,0.2171839,-0.01965364,0.9759328,-0.3598684,0.9277605,0.09876856,-0.9073731,-0.3726583,0.1944219,moving,-77.34308,-69.0409,3.25098,-7.728845
05/15/2023 12:31:58.279036,3377,True,True,True,True,Eyes,1.50258,-0.03995386,-3.723711,-0.8460521,-0.4972196,0.1922723,0.0,0.0,0.0,0.0,0.0,0.0,0.0,3.342448,0.9490027,1.990077,1.389909,-0.04682179,-3.754853,0.1590202,-0.6117228,0.1137003,0.7665378,22.51319,282.568,358.7445,0.3907213,-0.009027954,-0.9204644,-0.2594651,-0.003213866,-0.05315706,-0.3362483,-1.063135,-3.283228,0.1135781,-0.276776,2.053522,0.2257352,-0.02024134,0.9739785,-0.3688637,0.9235696,0.1046839,-0.9016559,-0.3828961,0.2010158,moving,-77.19653,-68.85876,3.165741,-7.67613
05/15/2023 12:31:58.289359,3378,True,True,True,True,Eyes,1.496813,-0.04025546,-3.725041,-0.8452326,-0.4977194,0.1945695,0.0,0.0,0.0,0.0,0.0,0.0,0.0,3.324238,0.9495982,2.015611,1.377138,-0.04505041,-3.757185,0.1581255,-0.6080013,0.1110726,0.770061,22.2468,283.1561,358.6866,0.3890732,-0.009120231,-0.9211613,-0.2438972,-0.003021034,-0.04996764,-0.3387127,-1.071483,-3.272416,0.1103698,-0.2747363,2.053267,0.2359948,-0.02121559,0.9715227,-0.3633463,0.9253185,0.1084679,-0.9012691,-0.378597,0.2106617,moving,-77.03655,-68.64838,3.076874,-7.621162
05/15/2023 12:31:58.309563,3379,True,True,True,True,Eyes,1.490787,-0.04045625,-3.726434,-0.8445686,-0.4979573,0.196831,0.0,0.0,0.0,0.0,0.0,0.0,0.0,3.314178,0.9355565,2.035552,1.36581,-0.04279755,-3.759687,0.1560111,-0.6054151,0.1099915,0.7726805,21.97948,283.6136,358.8305,0.3874545,-0.009211023,-0.9218424,-0.2292634,-0.002839772,-0.04696958,-0.3363685,-1.087027,-3.266209,0.1073029,-0.2727875,2.053024,0.2427489,-0.01892634,0.9699046,-0.3588795,0.9271249,0.1079124,-0.901265,-0.3742744,0.2182663,moving,-76.8811,-68.43226,2.991887,-7.568619
05/15/2023 12:31:58.329420,3380,True,True,True,True,Eyes,1.484526,-0.04058668,-3.727854,-0.8440256,-0.4979352,0.1992016,0.0,0.0,0.0,0.0,0.0,0.0,0.0,3.30841,0.9300956,2.043445,1.353762,-0.04063807,-3.761914,0.1556485,-0.6034439,0.1099364,0.7743017,21.94514,283.9278,358.9126,0.3858559,-0.00929799,-0.9225118,-0.2155076,-0.002669386,-0.04415141,-0.350007,-1.074978,-3.252955,0.1041241,-0.2707667,2.052773,0.2475389,-0.01760233,0.9687181,-0.3580982,0.927375,0.1083569,-0.9002723,-0.3737187,0.2232581,moving,-76.72042,-68.19586,2.903761,-7.514104
05/15/2023 12:31:58.339445,3381,True,True,True,True,Eyes,1.478072,-0.04067272,-3.729315,-0.843614,-0.4977669,0.2013545,0.0,0.0,0.0,0.0,0.0,0.0,0.0,3.301906,0.9176058,2.055569,1.341891,-0.03913778,-3.764006,0.1532668,-0.6019042,0.1071076,0.776369,21.52581,284.2155,358.8793,0.3842706,-0.009379745,-0.9231725,-0.2025771,-0.002509223,-0.04150232,-0.3631003,-1.062078,-3.242781,0.1009499,-0.2687492,2.05252,0.2524789,-0.01819382,0.9674314,-0.3508139,0.9300745,0.1090462,-0.9017673,-0.3669202,0.2284415,moving,-76.57576,-67.9759,2.815732,-7.459656
05/15/2023 12:31:58.359206,3382,True,True,True,True,Eyes,1.471403,-0.04071952,-3.73078,-0.8431832,-0.4976416,0.2034572,0.0,0.0,0.0,0.0,0.0,0.0,0.0,3.301582,0.9162841,2.053046,1.329901,-0.03827627,-3.766288,0.1533828,-0.6009946,0.1066469,0.7771137,21.50486,284.3479,358.8538,0.3826925,-0.009455713,-0.9238269,-0.1904225,-0.002358669,-0.03901218,-0.3741319,-1.05667,-3.237944,0.09774262,-0.2667111,2.052266,0.2548639,-0.01861099,0.9667978,-0.3501179,0.9302003,0.1102034,-0.9013667,-0.3665801,0.2305585,moving,-76.43404,-67.76315,2.726748,-7.404623
05/15/2023 12:31:58.379283,3383,True,True,True,True,Eyes,1.464484,-0.04071598,-3.732288,-0.8428935,-0.4973694,0.205315,0.0,0.0,0.0,0.0,0.0,0.0,0.0,3.301699,0.9194028,2.04671,1.318089,-0.03737272,-3.767862,0.1542338,-0.6002707,0.1063651,0.7775432,21.56414,284.4312,358.7827,0.3811158,-0.00952554,-0.9244778,-0.1789972,-0.002217149,-0.03667145,-0.3919913,-1.039686,-3.233021,0.09412658,-0.2644119,2.051979,0.256723,-0.01975715,0.9662831,-0.3505709,0.9297968,0.1121511,-0.9006628,-0.3675425,0.2317739,moving,-76.31028,-67.56908,2.626381,-7.342502
05/15/2023 12:31:58.397265,3384,True,True,True,True,Eyes,1.457394,-0.04067496,-3.733793,-0.8426087,-0.4971231,0.207073,0.0,0.0,0.0,0.0,0.0,0.0,0.0,3.300229,0.9237905,2.042445,1.306427,-0.03616193,-3.769406,0.1544558,-0.5997381,0.1037544,0.7782627,21.39929,284.4871,358.5371,0.3795345,-0.009588583,-0.9251274,-0.1682573,-0.00208412,-0.03447117,-0.4043072,-1.03633,-3.234,0.0912019,-0.262553,2.051747,0.2590985,-0.02376969,0.9655584,-0.3467623,0.9307569,0.1159634,-0.9014565,-0.3648652,0.2329153,moving,-76.19305,-67.38618,2.545171,-7.292258
05/15/2023 12:31:58.409276,3385,True,True,True,True,Eyes,1.450116,-0.04058476,-3.735284,-0.8423184,-0.4969398,0.2086874,0.0,0.0,0.0,0.0,0.0,0.0,0.0,3.299087,0.9377656,2.033362,1.295232,-0.03522475,-3.770818,0.1561935,-0.5992274,0.1017439,0.7785746,21.41694,284.498,358.2296,0.3779454,-0.009644595,-0.9257772,-0.1581619,-0.001959073,-0.0324029,-0.4156626,-1.035397,-3.236498,0.08807212,-0.260564,2.051498,0.2611496,-0.02876043,0.9648699,-0.3456213,0.9305035,0.1212811,-0.9013029,-0.365152,0.2330604,moving,-76.08496,-67.22027,2.458234,-7.23847
05/15/2023 12:31:58.429355,3386,True,True,True,True,Eyes,1.442664,-0.04042935,-3.736747,-0.8420352,-0.4967395,0.2103011,0.0,0.0,0.0,0.0,0.0,0.0,0.0,3.295193,0.956512,2.025323,1.283499,-0.03396189,-3.771819,0.1587179,-0.5982102,0.1001097,0.7790581,21.53528,284.564,357.9108,0.3763447,-0.009693082,-0.9264286,-0.1486722,-0.001841528,-0.03045872,-0.4310865,-1.027166,-3.23977,0.08476329,-0.2584611,2.051236,0.2642453,-0.03391074,0.9638593,-0.3458758,0.9295734,0.1275275,-0.9003025,-0.3670741,0.2339065,moving,-75.97706,-67.054,2.366289,-7.181571
05/15/2023 12:31:58.439634,3387,True,True,True,True,Eyes,1.435039,-0.04024838,-3.738186,-0.8417453,-0.4964764,0.2120757,0.0,0.0,0.0,0.0,0.0,0.0,0.0,3.288301,0.9692913,2.024531,1.271881,-0.03225471,-3.772592,0.1600596,-0.5968284,0.09762295,0.7801581,21.48588,284.7146,357.6143,0.3747301,-0.009733184,-0.9270825,-0.1397518,-0.001731037,-0.0286312,-0.4433519,-1.025169,-3.245117,0.08167404,-0.2564972,2.050991,0.2685313,-0.03873362,0.962492,-0.3433789,0.9297014,0.1332153,-0.89999,-0.3662719,0.2363535,moving,-75.85878,-66.86968,2.280413,-7.128409
05/15/2023 12:31:58.459005,3388,True,True,True,True,Eyes,1.427275,-0.0400668,-3.739586,-0.8414372,-0.4961822,0.2139781,0.0,0.0,0.0,0.0,0.0,0.0,0.0,3.27849,0.9745378,2.031818,1.260179,-0.03150584,-3.773256,0.159981,-0.5949468,0.09477621,0.7819603,21.28278,284.9822,357.4081,0.3730993,-0.009765107,-0.9277396,-0.1313667,-0.001627174,-0.02691333,-0.4540496,-1.025916,-3.248981,0.07844126,-0.2544422,2.050735,0.2741115,-0.04213788,0.9607742,-0.3385828,0.9308471,0.1374239,-0.9001247,-0.3629712,0.2408888,moving,-75.73207,-66.67192,2.190514,-7.072753
05/15/2023 12:31:58.479232,3389,True,True,True,True,Eyes,1.229746,-0.03531003,-3.774428,-0.8272349,-0.4944434,0.2668488,0.0,0.0,0.0,0.0,0.0,0.0,0.0,3.269087,0.9748939,2.040838,1.249064,-0.0313199,-3.773755,0.1597986,-0.5927658,0.09387415,0.7837607,21.20946,285.3119,357.3996,0.371451,-0.009789674,-0.9284006,-0.1234847,-0.001529544,-0.02529853,-0.4666851,-1.02082,-3.249223,0.07516927,-0.2523627,2.050475,0.2796327,-0.04229658,0.959175,-0.336596,0.931304,0.139197,-0.8991711,-0.3617786,0.2461863,moving,-72.12138,-61.64447,2.099491,-7.016406
05/15/2023 12:31:58.496818,3390,True,True,True,True,Eyes,1.22931,-0.03532657,-3.774429,-0.827055,-0.4946242,0.2670709,0.0,0.0,0.0,0.0,0.0,0.0,0.0,3.261146,0.978728,2.045727,1.238127,-0.03092659,-3.774131,0.1611515,-0.5903291,0.09578189,0.7850908,21.4767,285.6534,357.5444,0.3624574,-0.009651557,-0.93195,-0.7086629,0.01283253,-0.1283059,-0.4807821,-1.011741,-3.244617,0.07198983,-0.2503419,2.050223,0.2846749,-0.03986987,0.9577946,-0.3406598,0.9297121,0.1399515,-0.896053,-0.3661228,0.2510836,moving,-72.1038,-61.6333,2.01101,-6.961623
05/15/2023 12:31:58.510171,3391,True,True,True,True,Eyes,1.22848,-0.03532039,-3.774485,-0.8265148,-0.4952846,0.2675191,0.0,0.0,0.0,0.0,0.0,0.0,0.0,3.250834,0.984282,2.053039,1.227214,-0.03129071,-3.774212,0.1626756,-0.5874496,0.09797666,0.786664,21.78068,286.059,357.7178,0.3551079,-0.009540619,-0.9347763,-0.6661431,0.01206258,-0.1206076,-0.4913974,-1.007107,-3.237672,0.06877935,-0.2483011,2.049968,0.2906071,-0.03697796,0.9561278,-0.3452768,0.9278744,0.1408293,-0.8923741,-0.3710547,0.2568793,moving,-72.06473,-61.6251,1.921634,-6.906272
05/15/2023 12:31:58.529349,3392,True,True,True,True,Eyes,1.227262,-0.03529401,-3.774535,-0.8256595,-0.4964061,0.268081,0.0,0.0,0.0,0.0,0.0,0.0,0.0,3.241542,1.006127,2.051715,1.217217,-0.03068279,-3.774501,0.1673811,-0.5843866,0.1023198,0.7874051,22.53092,286.4104,357.8597,0.3490884,-0.009451238,-0.9370418,-0.6261745,0.01133882,-0.1133711,-0.4959436,-1.012976,-3.231093,0.06562591,-0.2462965,2.049718,0.2960459,-0.03449634,0.9545507,-0.3567646,0.9230285,0.1440048,-0.8860451,-0.383182,0.2609517,moving,-72.01205,-61.62902,1.833815,-6.851876
05/15/2023 12:31:58.539159,3393,True,True,True,True,Eyes,1.225671,-0.03526904,-3.774654,-0.8246964,-0.4975947,0.2688408,2.062964,-0.4756482,-1.061789,-3.220045,0.902666,0.1445176,-0.4053501,0.05425829,-0.2441181,2.034549,1.206634,-0.03005943,-3.774472,0.1730899,-0.5809579,0.1060666,0.7882119,23.33481,286.7782,357.8835,0.3441421,-0.009378833,-0.9388705,-0.588604,0.0106585,-0.1065689,-0.499213,-1.02068,-3.222496,0.06238437,-0.2442362,2.04946,0.3024757,-0.03390998,0.9525539,-0.3683217,0.9175795,0.1496225,-0.8791175,-0.3961034,0.2650557,moving,-71.94468,-61.6185,1.743512,-6.795945
05/15/2023 12:31:58.559201,3394,True,True,True,True,Eyes,1.223753,-0.03522391,-3.774775,-0.8235257,-0.4991135,0.2696131,2.062729,-0.4749569,-1.06476,-3.218637,0.9487028,-0.05307828,-0.3116822,0.04799378,-0.2395081,2.028305,1.196551,-0.03009918,-3.774716,0.1753808,-0.5782737,0.1074889,0.7894855,23.65555,287.1228,357.9282,0.3400581,-0.009320139,-0.9403579,-0.5532878,0.01001899,-0.1001747,-0.4944923,-1.041575,-3.218043,0.05929476,-0.242272,2.049216,0.3080915,-0.03311429,0.9507803,-0.3725581,0.9153754,0.1526052,-0.8753743,-0.4012373,0.2696824,moving,-71.87213,-61.6228,1.657411,-6.742591
05/15/2023 12:31:58.579114,3395,True,True,True,True,Eyes,1.221467,-0.03514479,-3.77492,-0.8224109,-0.5005325,0.2703838,2.076917,-0.4866123,-1.074709,-3.213355,0.2428863,0.9248997,-0.2925181,0.04619688,-0.2256226,2.038395,1.186782,-0.02948958,-3.774923,0.1801191,-0.5760517,0.1099648,0.7897022,24.27845,287.3243,357.8727,0.3366649,-0.009271971,-0.9415786,-0.5200905,0.009417847,-0.09416424,-0.4892201,-1.063961,-3.213948,0.05603456,-0.2402002,2.048957,0.3121444,-0.03383699,0.949432,-0.3811947,0.9109297,0.1577901,-0.8702049,-0.4111716,0.2714431,moving,-71.8007,-61.62243,1.566526,-6.686292
05/15/2023 12:31:58.596809,3396,True,True,True,True,Eyes,1.218843,-0.03505085,-3.775053,-0.8213863,-0.5017389,0.271261,2.082125,-0.4913864,-1.079734,-3.210254,0.3399059,0.9342858,-0.1075832,0.04593301,-0.2235451,2.037498,1.175929,-0.02865069,-3.774843,0.1837512,-0.5738157,0.1086579,0.7906735,24.53655,287.5258,357.5396,0.3337969,-0.009230912,-0.9425995,-0.4888851,0.008852776,-0.08851439,-0.4918206,-1.071878,-3.208326,0.05283731,-0.2381678,2.048704,0.317858,-0.03905274,0.9473338,-0.3827046,0.9088579,0.1658751,-0.8674696,-0.4152736,0.2739421,moving,-71.72431,-61.60249,1.477365,-6.631035
05/15/2023 12:31:58.609422,3397,True,True,True,True,Eyes,1.215889,-0.03496768,-3.77521,-0.8206536,-0.5024496,0.2721616,2.086967,-0.4967878,-1.083563,-3.207218,0.9716628,-0.0379772,-0.233301,0.04457992,-0.2386031,2.034503,1.165263,-0.02828425,-3.774752,0.1844085,-0.5715462,0.1036496,0.7928337,24.26085,287.7973,357.08,0.3311524,-0.009191682,-0.9435322,-0.459552,0.008321609,-0.08320352,-0.4902535,-1.088572,-3.208968,0.0496946,-0.2361703,2.048454,0.3251834,-0.04644221,0.9445099,-0.3751497,0.9105006,0.1739295,-0.8680544,-0.4108916,0.2786569,moving,-71.6524,-61.55695,1.389698,-6.576707
05/15/2023 12:31:58.629335,3398,True,True,True,True,Eyes,1.212628,-0.03491119,-3.775349,-0.8199494,-0.5030083,0.2732501,0.0,0.0,0.0,0.0,0.0,0.0,0.0,3.168731,1.135333,2.062337,1.154715,-0.02858964,-3.77477,0.1852462,-0.5689022,0.1000175,0.7950035,24.1008,288.1313,356.7503,0.3287024,-0.009154404,-0.9443889,-0.4319789,0.007822312,-0.07821131,-0.4964895,-1.093759,-3.208636,0.04639137,-0.2340705,2.048192,0.3326937,-0.0517453,0.9416142,-0.3698024,0.9113607,0.1807423,-0.8675027,-0.408343,0.2840684,moving,-71.56923,-61.48779,1.297523,-6.519566
05/15/2023 12:31:58.640180,3399,True,True,True,True,Eyes,1.209061,-0.03487889,-3.775473,-0.8196599,-0.5028782,0.2743558,0.0,0.0,0.0,0.0,0.0,0.0,0.0,3.154505,1.139218,2.075675,1.144152,-0.02921788,-3.774546,0.1847508,-0.5663525,0.09743459,0.7972569,23.88814,288.5066,356.62,0.3264205,-0.009119584,-0.9451804,-0.4060601,0.007352974,-0.07351863,-0.511401,-1.082992,-3.203707,0.04311818,-0.2319901,2.047933,0.3395027,-0.05390736,0.9390591,-0.364629,0.9127473,0.1842231,-0.8670547,-0.4049524,0.290224,moving,-71.49362,-61.38439,1.206155,-6.462923
05/15/2023 12:31:58.659541,3400,True,True,True,True,Eyes,1.205216,-0.03489808,-3.775574,-0.8193175,-0.50269,0.2757201,0.0,0.0,0.0,0.0,0.0,0.0,0.0,3.137126,1.13914,2.09568,1.133292,-0.02984715,-3.774365,0.1834914,-0.5632273,0.09459829,0.8000981,23.58962,288.9901,356.5393,0.3242831,-0.009087618,-0.9459162,-0.3816965,0.006911796,-0.06910752,-0.5232602,-1.076479,-3.196942,0.04006273,-0.2300477,2.047689,0.3476523,-0.05531891,0.9359902,-0.3580706,0.9147642,0.1870616,-0.8665583,-0.4001829,0.2982118,moving,-71.40067,-61.25571,1.12084,-6.410018
05/15/2023 12:31:58.679089,3401,True,True,True,True,Eyes,1.201099,-0.03497218,-3.775661,-0.8190824,-0.5022988,0.2771277,0.0,0.0,0.0,0.0,0.0,0.0,0.0,3.119883,1.141709,2.113724,1.122857,-0.03111599,-3.774019,0.1830687,-0.559848,0.09332658,0.8027118,23.47821,289.4961,356.5527,0.3222698,-0.009059544,-0.9466043,-0.3587947,0.006497088,-0.06496107,-0.5354817,-1.06837,-3.187807,0.03676063,-0.227949,2.047428,0.3557208,-0.05515261,0.9329637,-0.35481,0.915552,0.1894055,-0.8646229,-0.3984002,0.3061121,moving,-71.3073,-61.11365,1.028609,-6.352825
05/15/2023 12:31:58.696812,3402,True,True,True,True,Eyes,1.196725,-0.03510462,-3.775716,-0.8186783,-0.5020155,0.2788301,0.0,0.0,0.0,0.0,0.0,0.0,0.0,3.102171,1.146021,2.131011,1.112323,-0.03252438,-3.773556,0.1834581,-0.5560231,0.09378956,0.8052236,23.56242,290.0571,356.6871,0.3203623,-0.009036391,-0.9472518,-0.337267,0.006107263,-0.06106341,-0.5480645,-1.05771,-3.17459,0.03371596,-0.2260132,2.047187,0.3640839,-0.0529707,0.9298585,-0.3550569,0.9150933,0.1911512,-0.8610327,-0.3997478,0.314363,moving,-71.19189,-60.95127,0.9435425,-6.300046
05/15/2023 12:31:58.709428,3403,True,True,True,True,Eyes,1.192091,-0.03527981,-3.775749,-0.8183171,-0.5016515,0.2805405,0.0,0.0,0.0,0.0,0.0,0.0,0.0,3.083397,1.149322,2.14986,1.101854,-0.03403413,-3.772922,0.18392,-0.5518535,0.09505251,0.8078343,23.70727,290.6743,356.9059,0.3185443,-0.009019163,-0.9478648,-0.317031,0.005740827,-0.0573996,-0.5566367,-1.05337,-3.161372,0.03052664,-0.2239867,2.046934,0.3728454,-0.04942048,0.9265764,-0.3565671,0.9142769,0.1922436,-0.8566482,-0.4020639,0.3232622,moving,-71.07694,-60.7846,0.8544087,-6.244774
05/15/2023 12:31:58.729436,3404,True,True,True,True,Eyes,1.187205,-0.03551522,-3.775743,-0.8178709,-0.5012853,0.2824892,0.0,0.0,0.0,0.0,0.0,0.0,0.0,3.067077,1.151107,2.165656,1.09109,-0.03520939,-3.772314,0.1844639,-0.547972,0.09681631,0.8101398,23.89039,291.251,357.1606,0.3168012,-0.009008374,-0.948449,-0.2980092,0.005396377,-0.05395563,-0.5612787,-1.055109,-3.147329,0.02713799,-0.2218327,2.046664,0.3807065,-0.04529261,0.923586,-0.3590315,0.9131994,0.1927778,-0.8521497,-0.4049883,0.3313995,moving,-70.9453,-60.59745,0.7596759,-6.185994
05/15/2023 12:31:58.739384,3405,True,True,True,True,Eyes,1.182091,-0.03580402,-3.775688,-0.8175235,-0.5008288,0.2842989,0.0,0.0,0.0,0.0,0.0,0.0,0.0,3.053145,1.1458,2.18121,1.08014,-0.03684586,-3.771494,0.1836198,-0.5447673,0.09736061,0.8124245,23.85555,291.7584,357.3764,0.3151197,-0.009004932,-0.949009,-0.2801286,0.005072595,-0.05071829,-0.5639017,-1.058962,-3.131469,0.02393711,-0.2197986,2.04641,0.3874992,-0.04186382,0.9209191,-0.3582564,0.9136094,0.1922767,-0.8494097,-0.4044322,0.3390249,moving,-70.82456,-60.4183,0.6701651,-6.130462
05/15/2023 12:31:58.759391,3406,True,True,True,True,Eyes,1.17674,-0.03614723,-3.775585,-0.8170506,-0.50052,0.2861958,0.0,0.0,0.0,0.0,0.0,0.0,0.0,3.042746,1.140805,2.192024,1.069365,-0.0383936,-3.770901,0.1829798,-0.5421305,0.09803324,0.8142498,23.84577,292.1756,357.5718,0.3134887,-0.009009484,-0.949549,-0.2633209,0.004768239,-0.04767519,-0.5664126,-1.06374,-3.116971,0.02082866,-0.2178224,2.046164,0.3929681,-0.03875079,0.9187353,-0.3580449,0.9138157,0.1916888,-0.846983,-0.4042761,0.3452259,moving,-70.69571,-60.23921,0.583215,-6.076482
05/15/2023 12:31:58.779646,3407,True,True,True,True,Eyes,1.171146,-0.03653931,-3.775438,-0.8166679,-0.5001481,0.2879332,0.0,0.0,0.0,0.0,0.0,0.0,0.0,3.034415,1.145989,2.193495,1.058333,-0.04000007,-3.769711,0.1841583,-0.5398313,0.0993938,0.815346,24.05523,292.4924,357.6936,0.3118978,-0.009022639,-0.9500725,-0.2475216,0.004482144,-0.04481468,-0.5736428,-1.062037,-3.103295,0.01743633,-0.2156664,2.045896,0.3974062,-0.03674812,0.9169068,-0.3609094,0.9124132,0.1929936,-0.84369,-0.4076171,0.3493359,moving,-70.57884,-60.07114,0.4882965,-6.017565
05/15/2023 12:31:58.796939,3408,True,True,True,True,Eyes,1.165333,-0.03697945,-3.775244,-0.8162055,-0.4998834,0.2896985,0.0,0.0,0.0,0.0,0.0,0.0,0.0,3.025228,1.147691,2.19797,1.046886,-0.04158093,-3.76863,0.1844486,-0.5375597,0.09963676,0.8167501,24.10551,292.82,357.7681,0.3103383,-0.009044804,-0.9505828,-0.2326703,0.004213216,-0.0421258,-0.5810236,-1.061346,-3.09234,0.01450795,-0.2138045,2.045663,0.4022041,-0.03554763,0.9148596,-0.3610609,0.9121025,0.1941754,-0.8413482,-0.4084182,0.3540165,moving,-70.45854,-59.90633,0.4063378,-5.96666
05/15/2023 12:31:58.809161,3409,True,True,True,True,Eyes,1.159295,-0.03743666,-3.774955,-0.8158739,-0.4995963,0.2911243,0.0,0.0,0.0,0.0,0.0,0.0,0.0,3.023045,1.146394,2.194256,1.035805,-0.04313719,-3.767363,0.1849596,-0.5362656,0.1011278,0.817302,24.255,293.0122,357.9213,0.3088018,-0.00907633,-0.9510828,-0.2187101,0.003960423,-0.03959825,-0.5864329,-1.067383,-3.085676,0.01131064,-0.2117724,2.045409,0.4043849,-0.03307109,0.9139908,-0.3636787,0.9111263,0.193873,-0.8391726,-0.4107983,0.3564184,moving,-70.36232,-59.76983,0.3168291,-5.911083
05/15/2023 12:31:58.829368,3410,True,True,True,True,Eyes,1.153023,-0.0379034,-3.774606,-0.8155783,-0.4992549,0.2925347,0.0,0.0,0.0,0.0,0.0,0.0,0.0,3.023197,1.144647,2.186644,1.02394,-0.04397643,-3.765762,0.1854943,-0.5354761,0.1021699,0.8175688,24.3763,293.1241,358.0122,0.3072809,-0.009116772,-0.9515749,-0.2055875,0.003722797,-0.03722236,-0.594872,-1.068382,-3.078006,0.008003175,-0.2096707,2.045146,0.4056534,-0.03159375,0.9134808,-0.3657173,0.9103063,0.1938896,-0.8376731,-0.4127277,0.3577144,moving,-70.26791,-59.63214,0.2242118,-5.853576
05/15/2023 12:31:58.839380,3411,True,True,True,True,Eyes,1.146546,-0.03837747,-3.774152,-0.8154041,-0.4988686,0.2936771,0.0,0.0,0.0,0.0,0.0,0.0,0.0,3.023661,1.139273,2.180223,1.01209,-0.04468979,-3.763977,0.1849263,-0.5351802,0.1013524,0.8179929,24.26895,293.1755,357.9804,0.3057693,-0.009165511,-0.9520612,-0.1932523,0.003499429,-0.03498901,-0.6027084,-1.072572,-3.074321,0.004888713,-0.2076909,2.044899,0.4066199,-0.03212664,0.9130324,-0.3637487,0.91106,0.1940531,-0.8380615,-0.4110202,0.3587691,moving,-70.19293,-59.51526,0.136976,-5.79938
05/15/2023 12:31:58.859043,3412,True,True,True,True,Eyes,1.139853,-0.0388735,-3.773634,-0.8152355,-0.4984805,0.294802,0.0,0.0,0.0,0.0,0.0,0.0,0.0,3.02401,1.141501,2.170002,1.000164,-0.04534194,-3.762205,0.1856177,-0.5347947,0.100953,0.8181378,24.31166,293.2051,357.9029,0.3042618,-0.009221954,-0.9525434,-0.1816571,0.003289464,-0.03288967,-0.6128644,-1.075171,-3.072633,0.001764476,-0.2057047,2.044652,0.4076063,-0.03334771,0.9125487,-0.3637217,0.9107091,0.1957434,-0.837594,-0.4117,0.3590815,moving,-70.11921,-59.39988,0.04944462,-5.744983
05/15/2023 12:31:58.879271,3413,True,True,True,True,Eyes,1.13297,-0.03936186,-3.773,-0.8151777,-0.4980004,0.2957717,0.0,0.0,0.0,0.0,0.0,0.0,0.0,3.025499,1.136734,2.161408,0.9882826,-0.04627617,-3.760139,0.1854033,-0.5345514,0.1008693,0.8183556,24.28598,293.2466,357.9176,0.3027528,-0.009285957,-0.9530235,-0.1707577,0.003092096,-0.03091629,-0.6277838,-1.07044,-3.071407,-0.001513004,-0.2036225,2.044392,0.4081605,-0.03312137,0.9123092,-0.3633091,0.910902,0.1956121,-0.8375031,-0.4112913,0.3597609,moving,-70.05766,-59.29314,-0.0424032,-5.687933
05/15/2023 12:31:58.896875,3414,True,True,True,True,Eyes,1.125867,-0.03983202,-3.772287,-0.815189,-0.4974043,0.2967422,0.0,0.0,0.0,0.0,0.0,0.0,0.0,3.030227,1.125433,2.151723,0.9762375,-0.04657158,-3.758135,0.184567,-0.5347383,0.1011898,0.8183831,24.2245,293.2497,358.0038,0.3012396,-0.00935657,-0.9535022,-0.1605122,0.00290657,-0.02906131,-0.6405747,-1.070364,-3.071928,-0.004681706,-0.2016073,2.04414,0.4076312,-0.03176614,0.912594,-0.3630141,0.9113913,0.1938729,-0.8378888,-0.4103131,0.35998,moving,-69.99767,-59.18048,-0.1312246,-5.632691
05/15/2023 12:31:58.909321,3415,True,True,True,True,Eyes,1.118555,-0.04027351,-3.771504,-0.8152577,-0.4966841,0.2977581,0.0,0.0,0.0,0.0,0.0,0.0,0.0,3.032255,1.112997,2.145238,0.9639122,-0.04672746,-3.755538,0.1830212,-0.5348516,0.1000359,0.8187979,23.99918,293.2674,357.9951,0.299717,-0.009432767,-0.9539812,-0.1508815,0.002732176,-0.02731764,-0.6541996,-1.068427,-3.071074,-0.007900774,-0.1995614,2.043885,0.4078533,-0.03196007,0.912488,-0.3595968,0.9129921,0.1927062,-0.8392533,-0.4067236,0.3608741,moving,-69.9362,-59.05766,-0.2214796,-5.576586
05/15/2023 12:31:58.929388,3416,True,True,True,True,Eyes,1.111047,-0.04067079,-3.770643,-0.8153375,-0.4959163,0.2988174,0.0,0.0,0.0,0.0,0.0,0.0,0.0,3.029932,1.108557,2.140959,0.9516334,-0.04654841,-3.753042,0.1821574,-0.5344427,0.0978169,0.8195252,23.77338,293.3271,357.8471,0.2981814,-0.009513297,-0.9544616,-0.1418286,0.002568246,-0.02567858,-0.668975,-1.064708,-3.070976,-0.01120061,-0.1974639,2.043623,0.4096059,-0.03437851,0.9116145,-0.3550322,0.9145011,0.1940101,-0.8403422,-0.4031202,0.3623796,moving,-69.87235,-58.92868,-0.3140212,-5.519039
05/15/2023 12:31:58.939296,3417,True,True,True,True,Eyes,0.9183516,-0.04849602,-3.747006,-0.8166813,-0.4743972,0.3286016,0.0,0.0,0.0,0.0,0.0,0.0,0.0,3.023754,1.110348,2.13864,0.9394593,-0.04591054,-3.75034,0.1822069,-0.5333512,0.09580315,0.8204628,23.65205,293.4605,357.6753,0.29663,-0.009596637,-0.954944,-0.1333189,0.002414151,-0.02413786,-0.6864988,-1.055883,-3.068809,-0.01424092,-0.1955314,2.043383,0.4127165,-0.0371547,0.9101016,-0.3515663,0.9152449,0.1967944,-0.8402776,-0.4011813,0.3646743,moving,-68.08202,-55.29075,-0.3993043,-5.465992
05/15/2023 12:31:58.959491,3418,True,True,True,True,Eyes,0.9178585,-0.04847597,-3.746895,-0.8167957,-0.4740409,0.3288312,0.0,0.0,0.0,0.0,0.0,0.0,0.0,3.016212,1.104111,2.142199,0.9268695,-0.04423319,-3.747608,0.1810591,-0.5319915,0.09348673,0.8218655,23.39581,293.6662,357.566,0.2881489,-0.009996449,-0.9575332,-0.7034068,-0.0212064,0.04821943,-0.7037486,-1.046519,-3.066106,-0.01745605,-0.1934879,2.043127,0.4164905,-0.03897675,0.9083042,-0.3463109,0.9169557,0.1981442,-0.8405977,-0.3970807,0.3684053,moving,-68.07094,-55.25186,-0.4895113,-5.409882
05/15/2023 12:31:58.979180,3419,True,True,True,True,Eyes,0.9169311,-0.04836105,-3.746677,-0.8167664,-0.4738501,0.329179,0.0,0.0,0.0,0.0,0.0,0.0,0.0,3.009726,1.079759,2.153625,0.9145766,-0.04381154,-3.744871,0.1768998,-0.5308287,0.0906823,0.8238351,22.81432,293.9278,357.6129,0.281231,-0.01032713,-0.9595843,-0.6612024,-0.01993401,0.04532627,-0.718568,-1.039669,-3.062162,-0.02106112,-0.1911963,2.042841,0.4199954,-0.03839243,0.9067138,-0.3372215,0.9209664,0.195199,-0.842547,-0.3877461,0.3738549,moving,-68.04923,-55.21267,-0.5906826,-5.346925
05/15/2023 12:31:58.996858,3420,True,True,True,True,Eyes,0.9155406,-0.04818182,-3.746346,-0.8167268,-0.4735632,0.3296898,0.0,0.0,0.0,0.0,0.0,0.0,0.0,3.007865,1.07192,2.151134,0.9030418,-0.04138295,-3.742518,0.1766016,-0.5299343,0.09083608,0.8244576,22.7975,294.0681,357.6753,0.275572,-0.01059894,-0.9612217,-0.6215302,-0.01873797,0.04260669,-0.7344836,-1.028085,-3.054288,-0.02384508,-0.1894266,2.042621,0.4218368,-0.03739352,0.9059002,-0.3369555,0.9211214,0.1949267,-0.841733,-0.3874754,0.375963,moving,-68.01745,-55.15476,-0.6688272,-5.298286
05/15/2023 12:31:59.009282,3421,True,True,True,True,Eyes,0.9137523,-0.04798613,-3.74593,-0.8165768,-0.4732923,0.3304495,0.0,0.0,0.0,0.0,0.0,0.0,0.0,2.997401,1.069281,2.156559,0.8905439,-0.03968745,-3.739503,0.1760395,-0.5279682,0.08897284,0.8260407,22.63017,294.3469,357.5848,0.270923,-0.01082075,-0.96254,-0.5842384,-0.01761369,0.04005029,-0.7544153,-1.007233,-3.042476,-0.02710921,-0.1873519,2.042361,0.4266666,-0.03889614,0.9035721,-0.332877,0.9221879,0.1968819,-0.8409212,-0.3847813,0.3805192,moving,-67.96798,-55.07751,-0.7604688,-5.241244
05/15/2023 12:31:59.029540,3422,True,True,True,True,Eyes,0.9116001,-0.04772015,-3.745436,-0.8163074,-0.4731864,0.3312654,0.0,0.0,0.0,0.0,0.0,0.0,0.0,2.987665,1.054326,2.168565,0.8792344,-0.03913669,-3.737089,0.1733246,-0.5261086,0.086788,0.8280316,22.2319,294.6682,357.6071,0.2670821,-0.01100084,-0.9636107,-0.5491841,-0.01655687,0.03764727,-0.7661619,-1.00227,-3.038275,-0.03022611,-0.1853706,2.042114,0.4313554,-0.03864867,0.9013539,-0.3261015,0.9248528,0.1957166,-0.8411838,-0.3783562,0.3863368,moving,-67.91222,-55.00515,-0.8479951,-5.186746
05/15/2023 12:31:59.039500,3423,True,True,True,True,Eyes,0.9090647,-0.04736093,-3.744858,-0.8158765,-0.4732699,0.3322067,0.0,0.0,0.0,0.0,0.0,0.0,0.0,2.982232,1.058897,2.165324,0.8683279,-0.03714672,-3.734731,0.1750267,-0.5244284,0.08800508,0.8286106,22.48012,294.8753,357.6595,0.263885,-0.01114459,-0.9644896,-0.516233,-0.01556346,0.03538844,-0.7798397,-0.993005,-3.028986,-0.03361374,-0.1832177,2.041845,0.4344597,-0.03773409,0.8999006,-0.3294219,0.9232415,0.1977533,-0.8382876,-0.3823627,0.3886808,moving,-67.84495,-54.93348,-0.943143,-5.127502
05/15/2023 12:31:59.059186,3424,True,True,True,True,Eyes,0.9062129,-0.04699608,-3.7442,-0.8155429,-0.4729995,0.3334085,0.0,0.0,0.0,0.0,0.0,0.0,0.0,2.974266,1.049593,2.171376,0.856692,-0.03458306,-3.731978,0.1737603,-0.5227805,0.08653124,0.8300725,22.2681,295.131,357.6452,0.2610942,-0.01125947,-0.9652475,-0.4852591,-0.01462965,0.03326513,-0.7948877,-0.9777615,-3.016953,-0.03676701,-0.1812134,2.041594,0.438426,-0.03802252,0.8979626,-0.3253314,0.9246394,0.1979936,-0.8378198,-0.3789409,0.393016,moving,-67.76437,-54.82071,-1.031726,-5.072324
05/15/2023 12:31:59.079674,3425,True,True,True,True,Eyes,0.903092,-0.04658147,-3.743521,-0.8148397,-0.4733342,0.3346505,0.0,0.0,0.0,0.0,0.0,0.0,0.0,2.96439,1.023431,2.188915,0.8462718,-0.03415932,-3.72948,0.1692896,-0.5209051,0.08424773,0.832407,21.69131,295.4981,357.7728,0.2585151,-0.01135376,-0.9659402,-0.4561435,-0.01375187,0.03126922,-0.801269,-0.9815654,-3.01274,-0.04001498,-0.1791485,2.041337,0.4431205,-0.03611086,0.8957345,-0.3166244,0.9284867,0.1940656,-0.8386854,-0.3696058,0.3999979,moving,-67.67229,-54.73943,-1.122987,-5.015449
05/15/2023 12:31:59.096858,3426,True,True,True,True,Eyes,0.8996731,-0.04608147,-3.74275,-0.8140324,-0.4737781,0.3359843,0.0,0.0,0.0,0.0,0.0,0.0,0.0,2.96283,1.023579,2.183701,0.8371319,-0.03248981,-3.727302,0.1714445,-0.5193458,0.0886009,0.8324883,22.17768,295.7136,358.1088,0.2561204,-0.01142822,-0.9665771,-0.4287749,-0.01292676,0.02939307,-0.8146133,-0.9702491,-3.003561,-0.0430755,-0.1772037,2.041095,0.4448597,-0.03055956,0.8950788,-0.3255964,0.9255133,0.1934221,-0.8343182,-0.3774801,0.4017735,moving,-67.57207,-54.65727,-1.208997,-4.961862
05/15/2023 12:31:59.109476,3427,True,True,True,True,Eyes,0.8959829,-0.04551177,-3.741912,-0.8131891,-0.474165,0.3374775,0.0,0.0,0.0,0.0,0.0,0.0,0.0,2.955945,1.020997,2.185115,0.8265423,-0.02990291,-3.72434,0.1722995,-0.5173604,0.0902843,0.8333666,22.37063,295.9946,358.2772,0.253885,-0.01148271,-0.9671659,-0.4030484,-0.01215116,0.02762949,-0.8304142,-0.9494143,-2.988621,-0.04631037,-0.1751471,2.040838,0.4483738,-0.02780209,0.8934137,-0.3287618,0.9243232,0.1937582,-0.8311899,-0.3805963,0.405302,moving,-67.46131,-54.55939,-1.299924,-4.905171
05/15/2023 12:31:59.129359,3428,True,True,True,True,Eyes,0.8920704,-0.04489833,-3.741014,-0.8123626,-0.4744372,0.3390817,0.0,0.0,0.0,0.0,0.0,0.0,0.0,2.943823,1.002058,2.201988,0.8164659,-0.02772039,-3.721771,0.1687723,-0.5153133,0.08721225,0.8356807,21.83672,296.3452,358.2605,0.2517864,-0.01151743,-0.967714,-0.3788655,-0.01142209,0.02597172,-0.8310188,-0.961482,-2.98524,-0.04949981,-0.1731198,2.040585,0.4536924,-0.02817801,0.8907128,-0.3197044,0.9278198,0.1921962,-0.8318368,-0.3719628,0.4119362,moving,-67.34425,-54.4465,-1.389589,-4.849264
05/15/2023 12:31:59.139419,3429,True,True,True,True,Eyes,0.887907,-0.04424917,-3.74008,-0.8116253,-0.4745407,0.3406987,0.0,0.0,0.0,0.0,0.0,0.0,0.0,2.933916,0.9983991,2.209512,0.8072286,-0.0260842,-3.71945,0.1680241,-0.513429,0.08569084,0.8371474,21.67333,296.6147,358.2077,0.2498066,-0.01153326,-0.9682268,-0.3561336,-0.01073676,0.02441341,-0.8367412,-0.9631211,-2.977619,-0.05269688,-0.1710879,2.040331,0.4580956,-0.02906518,0.8884277,-0.3160087,0.9288499,0.1933295,-0.8308352,-0.3693142,0.4163171,moving,-67.22864,-54.32337,-1.479485,-4.793211
05/15/2023 12:31:59.159772,3430,True,True,True,True,Eyes,0.8835409,-0.04358451,-3.739091,-0.8109621,-0.474388,0.3424857,0.0,0.0,0.0,0.0,0.0,0.0,0.0,2.921488,0.99002,2.222019,0.797425,-0.02465138,-3.717002,0.1662182,-0.5111886,0.08338918,0.839109,21.3587,296.9521,358.1545,0.247927,-0.01153116,-0.9687098,-0.3347655,-0.01009256,0.02294861,-0.851882,-0.9418039,-2.963701,-0.05593759,-0.1690286,2.040075,0.4634648,-0.0299925,0.8856077,-0.3098829,0.9308355,0.1936952,-0.8301646,-0.3642056,0.4221153,moving,-67.10468,-54.1725,-1.570621,-4.736372
05/15/2023 12:31:59.179248,3431,True,True,True,True,Eyes,0.8789749,-0.04293706,-3.73809,-0.8104812,-0.4740044,0.3441513,0.0,0.0,0.0,0.0,0.0,0.0,0.0,2.909923,0.9782102,2.235299,0.7882223,-0.02367806,-3.714735,0.1636896,-0.5091854,0.08064852,0.8410897,20.94584,297.2676,358.0959,0.2461333,-0.01151256,-0.9691674,-0.3146796,-0.009487002,0.02157169,-0.8619477,-0.9327005,-2.9552,-0.05931056,-0.1668843,2.039807,0.4684519,-0.03103149,0.8829439,-0.3023621,0.933403,0.1932252,-0.8301386,-0.3574855,0.4278718,moving,-66.99267,-54.01844,-1.665495,-4.677166
05/15/2023 12:31:59.196828,3432,True,True,True,True,Eyes,0.8742501,-0.04228215,-3.737039,-0.8098702,-0.4737822,0.345891,0.0,0.0,0.0,0.0,0.0,0.0,0.0,2.897033,0.9830469,2.243402,0.7792649,-0.02349287,-3.712712,0.1639558,-0.5067112,0.0793119,0.8426577,20.89729,297.5933,358.0069,0.2444119,-0.01147954,-0.9696033,-0.2957988,-0.008917782,0.02027739,-0.8736725,-0.9189912,-2.943428,-0.06258798,-0.164801,2.039547,0.4739067,-0.03249095,0.8799754,-0.2998221,0.9336562,0.1959408,-0.8279609,-0.3566937,0.4327244,moving,-66.87295,-53.86819,-1.757695,-4.61962
05/15/2023 12:31:59.209487,3433,True,True,True,True,Eyes,0.8693488,-0.04159513,-3.735936,-0.8092619,-0.4736566,0.3474834,0.0,0.0,0.0,0.0,0.0,0.0,0.0,2.885035,0.9946415,2.247169,0.7707199,-0.02262729,-3.710524,0.1659725,-0.5041307,0.07977048,0.8437666,21.13174,297.9102,357.9892,0.2427517,-0.01143336,-0.9700207,-0.2780509,-0.008382715,0.01906075,-0.8860683,-0.9028109,-2.931437,-0.06543618,-0.1629905,2.039321,0.4789778,-0.03272832,0.8772166,-0.301959,0.9321796,0.1996546,-0.8242578,-0.3605136,0.4366108,moving,-66.76213,-53.73552,-1.837833,-4.569589
05/15/2023 12:31:59.229615,3434,True,True,True,True,Eyes,0.8643034,-0.04092796,-3.734783,-0.808585,-0.473467,0.3493126,0.0,0.0,0.0,0.0,0.0,0.0,0.0,2.870704,1.004588,2.253971,0.7616068,-0.02112445,-3.708104,0.1678486,-0.5010711,0.08038694,0.8451584,21.36306,298.2997,358.0107,0.2411424,-0.0113745,-0.9704227,-0.2613678,-0.007879753,0.0179171,-0.8932706,-0.8988647,-2.922292,-0.06863403,-0.1609578,2.039068,0.4849313,-0.03232883,0.8739545,-0.3040876,0.9307295,0.2031582,-0.8199831,-0.3642765,0.4415092,moving,-66.63543,-53.58099,-1.92782,-4.513394
05/15/2023 12:31:59.239460,3435,True,True,True,True,Eyes,0.8591447,-0.04026363,-3.733583,-0.8078603,-0.4734069,0.3510666,0.0,0.0,0.0,0.0,0.0,0.0,0.0,2.854866,0.9971171,2.270759,0.7531116,-0.02093695,-3.705837,0.1666089,-0.4978483,0.08022656,0.8473207,21.23682,298.7817,358.1595,0.239576,-0.01130477,-0.9708114,-0.2456858,-0.007406968,0.01684208,-0.896256,-0.903388,-2.915164,-0.07191634,-0.1588716,2.038806,0.4914216,-0.02993666,0.8704072,-0.3018471,0.9316103,0.202461,-0.8169414,-0.3622236,0.4487771,moving,-66.51199,-53.4403,-2.020199,-4.455703
05/15/2023 12:31:59.259077,3436,True,True,True,True,Eyes,0.853838,-0.03958013,-3.732329,-0.8070308,-0.4733985,0.3529803,0.0,0.0,0.0,0.0,0.0,0.0,0.0,2.843784,0.9964805,2.279008,0.7450429,-0.02025543,-3.703844,0.1673543,-0.4950472,0.08234493,0.8486108,21.44245,299.1823,358.4031,0.238045,-0.01122531,-0.9711889,-0.2309446,-0.006962549,0.01583155,-0.8986506,-0.9073246,-2.905506,-0.07502699,-0.1568946,2.038559,0.4962953,-0.02593889,0.8677663,-0.3054541,0.9304237,0.202508,-0.8126431,-0.3655665,0.4538418,moving,-66.37632,-53.29066,-2.107759,-4.401005
05/15/2023 12:31:59.279367,3437,True,True,True,True,Eyes,0.8483935,-0.03889227,-3.731011,-0.8063157,-0.4731211,0.3549809,0.0,0.0,0.0,0.0,0.0,0.0,0.0,2.830291,0.9952723,2.28935,0.7361813,-0.01909041,-3.701339,0.1675681,-0.4921021,0.08303589,0.8502126,21.50986,299.598,358.5388,0.2365424,-0.0111366,-0.971557,-0.2170879,-0.006544796,0.01488166,-0.9038342,-0.9011124,-2.890625,-0.07834226,-0.1547875,2.038297,0.501881,-0.02372494,0.8646113,-0.3061176,0.9300519,0.2032127,-0.8089546,-0.3666613,0.4595128,moving,-66.23848,-53.11924,-2.201089,-4.342685
05/15/2023 12:31:59.297156,3438,True,True,True,True,Eyes,0.8428285,-0.03823007,-3.729649,-0.8055775,-0.4727332,0.357167,0.0,0.0,0.0,0.0,0.0,0.0,0.0,2.815195,0.9775422,2.308684,0.7272551,-0.01832777,-3.698878,0.164329,-0.4893213,0.08111334,0.8526321,21.07596,300.0403,358.6183,0.2350625,-0.01103947,-0.9719172,-0.2040627,-0.006152108,0.01398876,-0.9049631,-0.9053111,-2.880582,-0.08153379,-0.1527587,2.038043,0.5079706,-0.0224997,0.8610805,-0.299139,0.9328333,0.2008434,-0.8077635,-0.3596053,0.4671213,moving,-66.08905,-52.92764,-2.290948,-4.286509
05/15/2023 12:31:59.309858,3439,True,True,True,True,Eyes,0.8371377,-0.03759211,-3.728217,-0.8048807,-0.4723029,0.3593009,0.0,0.0,0.0,0.0,0.0,0.0,0.0,2.80158,0.9683573,2.322693,0.7188113,-0.01830278,-3.696545,0.1626718,-0.4866315,0.0803157,0.8545626,20.86668,300.4435,358.709,0.2336001,-0.01093543,-0.9722709,-0.1918189,-0.005782982,0.01314943,-0.9086337,-0.9044929,-2.868777,-0.0846529,-0.1507762,2.037796,0.5134784,-0.02105282,0.8578443,-0.295592,0.9341746,0.1998581,-0.805584,-0.3561947,0.4734554,moving,-65.94389,-52.7382,-2.378779,-4.231596
05/15/2023 12:31:59.329452,3440,True,True,True,True,Eyes,0.8313263,-0.03697399,-3.726737,-0.8041514,-0.4717885,0.3616022,0.0,0.0,0.0,0.0,0.0,0.0,0.0,2.788137,0.9650726,2.333333,0.7098454,-0.01819825,-3.693955,0.1620555,-0.4839112,0.07986376,0.8562651,20.78234,300.8292,358.7698,0.2321503,-0.01082579,-0.9726193,-0.1803098,-0.005436003,0.01236047,-0.9187988,-0.8877432,-2.852705,-0.08796227,-0.1486724,2.037534,0.5189036,-0.02007186,0.8545972,-0.29361,0.9347196,0.2002311,-0.8028277,-0.3548189,0.479136,moving,-65.78802,-52.53164,-2.471978,-4.173295
05/15/2023 12:31:59.339220,3441,True,True,True,True,Eyes,0.8254153,-0.03639292,-3.725196,-0.80363,-0.4708531,0.3639728,0.0,0.0,0.0,0.0,0.0,0.0,0.0,2.773521,0.9596084,2.346276,0.701108,-0.01811075,-3.691396,0.1608181,-0.4811347,0.07865178,0.858173,20.59155,301.226,358.7907,0.2307086,-0.0107116,-0.9729635,-0.1694912,-0.005109842,0.01161884,-0.9257577,-0.8791348,-2.839378,-0.09101206,-0.1467343,2.037292,0.5246466,-0.01975665,0.8510908,-0.289744,0.9359029,0.2003353,-0.8004963,-0.3517037,0.4852939,moving,-65.63371,-52.29572,-2.557876,-4.119568
05/15/2023 12:31:59.359721,3442,True,True,True,True,Eyes,0.8193924,-0.03585062,-3.723609,-0.8030128,-0.4699747,0.3664616,0.0,0.0,0.0,0.0,0.0,0.0,0.0,2.758803,0.9599506,2.356925,0.6925683,-0.01844242,-3.688848,0.1605629,-0.4782644,0.0779866,0.8598842,20.53181,301.619,358.8091,0.229272,-0.01059432,-0.9733043,-0.1593217,-0.004803252,0.01092171,-0.9320059,-0.8742819,-2.827493,-0.09430379,-0.1446417,2.037031,0.5303625,-0.01946415,0.8475476,-0.2877019,0.9362753,0.2015345,-0.7974606,-0.3507274,0.4909654,moving,-65.47002,-52.05476,-2.650599,-4.061534
05/15/2023 12:31:59.379787,3443,True,True,True,True,Eyes,0.8132687,-0.0353502,-3.721969,-0.8025135,-0.4688432,0.368996,0.0,0.0,0.0,0.0,0.0,0.0,0.0,2.744575,0.9628969,2.365657,0.6838526,-0.0188247,-3.686216,0.1608706,-0.4753903,0.07779311,0.8614365,20.55607,302.0051,358.8419,0.2278375,-0.01047527,-0.9736425,-0.1497624,-0.004515057,0.01026641,-0.9394065,-0.8657477,-2.814806,-0.09788603,-0.1423646,2.036747,0.5359046,-0.01892498,0.8440664,-0.2869803,0.9361377,0.2031954,-0.794008,-0.3511238,0.4962494,moving,-65.30701,-51.79601,-2.751517,-3.998358
05/15/2023 12:31:59.397181,3444,True,True,True,True,Eyes,0.8070416,-0.03489402,-3.720288,-0.8019205,-0.4677864,0.3716173,0.0,0.0,0.0,0.0,0.0,0.0,0.0,2.729689,0.9667919,2.374697,0.6751649,-0.01934791,-3.683593,0.1611561,-0.4724719,0.0772194,0.8630388,20.55681,302.392,358.8375,0.2264022,-0.0103557,-0.9739786,-0.1407766,-0.004244153,0.009650422,-0.9443685,-0.8624371,-2.802579,-0.1005871,-0.1406477,2.036532,0.5416148,-0.01899673,0.8404121,-0.2855702,0.9361318,0.2051999,-0.7906346,-0.3511359,0.5015979,moving,-65.13657,-51.53579,-2.827618,-3.95071
05/15/2023 12:31:59.409658,3445,True,True,True,True,Eyes,0.8007197,-0.03448461,-3.718521,-0.8013743,-0.4666311,0.3742387,0.0,0.0,0.0,0.0,0.0,0.0,0.0,2.714801,0.975536,2.38165,0.6664487,-0.01995115,-3.680968,0.1620623,-0.4696136,0.07636123,0.8645044,20.60527,302.7523,358.7644,0.2249631,-0.01023681,-0.9743133,-0.13233,-0.003989504,0.009071397,-0.9488664,-0.8615522,-2.791548,-0.1038741,-0.1385586,2.036272,0.5472639,-0.0201841,0.8367168,-0.2842426,0.9358096,0.2084866,-0.7872157,-0.3519277,0.5063976,moving,-64.96761,-51.27035,-2.920237,-3.892704
05/15/2023 12:31:59.429354,3446,True,True,True,True,Eyes,0.7942878,-0.03411503,-3.716708,-0.8007494,-0.4654943,0.376982,0.0,0.0,0.0,0.0,0.0,0.0,0.0,2.698499,0.9848028,2.389284,0.6573211,-0.02067092,-3.67803,0.1628617,-0.4666077,0.07500549,0.8660989,20.61613,303.1275,358.6494,0.2235191,-0.01011979,-0.9746467,-0.1243902,-0.003750134,0.008527113,-0.9535398,-0.8600832,-2.780278,-0.1070032,-0.1365696,2.036023,0.5533028,-0.0220607,0.832688,-0.2819094,0.9357005,0.2121124,-0.7838259,-0.352105,0.5115066,moving,-64.78957,-50.99761,-3.008412,-3.837461
05/15/2023 12:31:59.439517,3447,True,True,True,True,Eyes,0.7877733,-0.0338015,-3.714807,-0.8001324,-0.4642484,0.3798179,0.0,0.0,0.0,0.0,0.0,0.0,0.0,2.679737,0.9949808,2.399307,0.648241,-0.02127089,-3.675184,0.1635275,-0.4632941,0.07297089,0.8679243,20.57744,303.5376,358.4786,0.2220677,-0.01000552,-0.9749797,-0.1169268,-0.003525126,0.008015486,-0.9582176,-0.8600631,-2.770324,-0.1102141,-0.1345286,2.035769,0.5600676,-0.0248563,0.8280739,-0.2781891,0.935868,0.2162451,-0.7803429,-0.351473,0.5172346,moving,-64.6066,-50.71219,-3.0989,-3.780748
05/15/2023 12:31:59.459418,3448,True,True,True,True,Eyes,0.7811534,-0.03355009,-3.712867,-0.7994233,-0.4629595,0.3828718,0.0,0.0,0.0,0.0,0.0,0.0,0.0,2.657752,1.003261,2.413352,0.6390439,-0.02231164,-3.672271,0.1637413,-0.4594374,0.07080427,0.8701109,20.48771,304.0287,358.3335,0.2206073,-0.009895148,-0.9753123,-0.1099112,-0.003313618,0.007534557,-0.9636168,-0.8588134,-2.759446,-0.1134852,-0.1324494,2.035509,0.5678081,-0.02724264,0.8227101,-0.2736729,0.9363511,0.219886,-0.7763358,-0.3500065,0.5242121,moving,-64.40861,-50.40894,-3.191091,-3.722954
05/15/2023 12:31:59.479174,3449,True,True,True,True,Eyes,0.7744367,-0.03337069,-3.710878,-0.7986634,-0.4615841,0.3861046,0.0,0.0,0.0,0.0,0.0,0.0,0.0,2.634807,1.005362,2.430911,0.629876,-0.02357446,-3.669466,0.163098,-0.4553146,0.06898437,0.8725417,20.33074,304.5782,358.2804,0.2191367,-0.009789986,-0.9756448,-0.1033165,-0.003114801,0.007082484,-0.9689487,-0.855835,-2.74722,-0.1165685,-0.1304896,2.035264,0.5758595,-0.02813829,0.8170644,-0.2689053,0.9372804,0.2218004,-0.7720596,-0.3474387,0.5321752,moving,-64.1991,-50.08828,-3.277999,-3.668459
05/15/2023 12:31:59.497165,3450,True,True,True,True,Eyes,0.7676108,-0.03324563,-3.708853,-0.7977649,-0.4602482,0.3895418,0.0,0.0,0.0,0.0,0.0,0.0,0.0,2.610695,1.008661,2.448935,0.6206216,-0.02514176,-3.666688,0.1626533,-0.4509398,0.06739963,0.8750169,20.20836,305.1586,358.2449,0.2176538,-0.009691354,-0.9759777,0.0,0.0,0.0,-0.9736537,-0.8515999,-2.732269,-0.1197619,-0.1284601,2.035012,0.5842211,-0.02874206,0.8110856,-0.2646453,0.9380024,0.2238624,-0.7672344,-0.3454351,0.5403943,moving,-63.97414,-49.75632,-3.368015,-3.612004
05/15/2023 12:31:59.509519,3451,True,True,True,True,Eyes,0.5950825,-0.03148808,-3.656079,-0.7708235,-0.4237777,0.4756508,0.0,0.0,0.0,0.0,0.0,0.0,0.0,2.583735,1.019992,2.466181,0.6111444,-0.02632754,-3.663868,0.1632971,-0.4461636,0.06544069,0.8774906,20.18044,305.7621,358.1154,0.2161576,-0.009600098,-0.976311,0.0,0.0,0.0,-0.977964,-0.8454948,-2.715205,-0.1230695,-0.1263577,2.034749,0.5933111,-0.03086721,0.8043812,-0.2605616,0.9381031,0.2281887,-0.7616361,-0.3449777,0.5485443,moving,-58.32257,-41.69921,-3.461253,-3.553498
05/15/2023 12:31:59.529433,3452,True,True,True,True,Eyes,0.5947055,-0.03155917,-3.655971,-0.7706186,-0.423719,0.476035,0.0,0.0,0.0,0.0,0.0,0.0,0.0,2.554721,1.028797,2.485942,0.6015711,-0.02753471,-3.660913,0.1633435,-0.4411639,0.06284332,0.8801955,20.05956,306.3975,357.9566,0.2102714,-0.009489143,-0.9775967,-0.5175852,0.005272664,0.1583226,-0.9811637,-0.8409309,-2.697487,-0.1262442,-0.1243397,2.034498,0.6028503,-0.03349364,0.7971511,-0.2547513,0.9387392,0.2321,-0.7560908,-0.3429968,0.5573867,moving,-58.29509,-41.67229,-3.550754,-3.497319
05/15/2023 12:31:59.539267,3453,True,True,True,True,Eyes,0.593975,-0.03167802,-3.655733,-0.7702757,-0.4237089,0.4765984,0.0,0.0,0.0,0.0,0.0,0.0,0.0,2.524331,1.037022,2.507378,0.5920941,-0.02932437,-3.658302,0.1633808,-0.4357892,0.06083804,0.8830023,19.97172,307.0891,357.8683,0.2052502,-0.009392821,-0.9786642,-0.48653,0.004956304,0.1488232,-0.9831526,-0.8388255,-2.680038,-0.1294602,-0.1222955,2.034242,0.6127729,-0.03495889,0.7894854,-0.2498394,0.9392109,0.2355061,-0.7497263,-0.3415563,0.566789,moving,-58.25337,-41.63796,-3.641422,-3.440392
05/15/2023 12:31:59.559679,3454,True,True,True,True,Eyes,0.5928696,-0.03183152,-3.655389,-0.7697458,-0.4235974,0.4775528,0.0,0.0,0.0,0.0,0.0,0.0,0.0,2.494019,1.050154,2.525965,0.5823862,-0.03056169,-3.655591,0.1644904,-0.4303085,0.05957694,0.8855665,20.0358,307.7801,357.8012,0.2007798,-0.009309676,-0.9795919,-0.4573382,0.004658926,0.1398938,-0.985685,-0.8336008,-2.660896,-0.1327154,-0.1202264,2.033984,0.6225703,-0.03604452,0.7817333,-0.2470819,0.938787,0.2400615,-0.7425339,-0.3426073,0.575555,moving,-58.1844,-41.57357,-3.7332,-3.382751
05/15/2023 12:31:59.579708,3455,True,True,True,True,Eyes,0.5914249,-0.0320274,-3.65492,-0.769174,-0.4233307,0.478709,0.0,0.0,0.0,0.0,0.0,0.0,0.0,2.461514,1.05565,2.549067,0.572223,-0.03156742,-3.652774,0.1640886,-0.4246483,0.05701416,0.888537,19.87807,308.5057,357.6817,0.1967255,-0.009238951,-0.9804147,-0.4298979,0.00437939,0.1315002,-0.9863431,-0.8302689,-2.640687,-0.1358316,-0.1182456,2.033736,0.6328464,-0.03804148,0.7733422,-0.2406783,0.9396487,0.2431757,-0.7359208,-0.3400195,0.5854976,moving,-58.1032,-41.48689,-3.821064,-3.327547
05/15/2023 12:31:59.596832,3456,True,True,True,True,Eyes,0.5896184,-0.03225958,-3.654356,-0.7684332,-0.4229557,0.4802279,0.0,0.0,0.0,0.0,0.0,0.0,0.0,2.428435,1.057036,2.574018,0.5620183,-0.0327906,-3.650103,0.1629004,-0.4189587,0.05392668,0.8916439,19.61417,309.2407,357.5461,0.1930378,-0.009180628,-0.981148,-0.4041041,0.004116627,0.1236102,-0.9854108,-0.8313122,-2.621816,-0.139065,-0.1161904,2.03348,0.643131,-0.04033032,0.7646933,-0.2326639,0.9411107,0.2453123,-0.7295546,-0.3356845,0.5958742,moving,-57.99691,-41.37164,-3.912235,-3.27025
05/15/2023 12:31:59.609563,3457,True,True,True,True,Eyes,0.5874739,-0.03254034,-3.653683,-0.7677059,-0.4224389,0.4818435,0.0,0.0,0.0,0.0,0.0,0.0,0.0,2.396416,1.061118,2.596004,0.5514604,-0.0339165,-3.647294,0.1622879,-0.4133888,0.05114769,0.8945146,19.42821,309.9491,357.4066,0.1896718,-0.009134511,-0.9818047,-0.3798578,0.003869629,0.1161936,-0.9865836,-0.8247989,-2.600065,-0.1422055,-0.1141948,2.033231,0.6529872,-0.04267129,0.756166,-0.2256807,0.9420931,0.24805,-0.7229635,-0.3326255,0.6055446,moving,-57.88594,-41.2415,-4.000789,-3.214595
05/15/2023 12:31:59.629781,3458,True,True,True,True,Eyes,0.5849928,-0.03287276,-3.652936,-0.7668376,-0.4217896,0.483791,0.0,0.0,0.0,0.0,0.0,0.0,0.0,2.364589,1.060174,2.619472,0.540694,-0.03537522,-3.644623,0.1607383,-0.4079026,0.04777041,0.8974947,19.11679,310.6537,357.2469,0.1865872,-0.009100751,-0.9823958,-0.3570663,0.003637451,0.109222,-0.9885907,-0.8149001,-2.577429,-0.1454356,-0.1121408,2.032974,0.6626668,-0.04538376,0.747538,-0.2168785,0.9437624,0.2495522,-0.7168239,-0.3274949,0.6155573,moving,-57.75254,-41.08331,-4.091874,-3.157291
05/15/2023 12:31:59.645759,3459,True,True,True,True,Eyes,0.5821829,-0.03325795,-3.652111,-0.766031,-0.4207913,0.4859334,0.0,0.0,0.0,0.0,0.0,0.0,0.0,2.334178,1.062366,2.640223,0.5300657,-0.0369748,-3.642176,0.1597526,-0.4026096,0.04465097,0.9002172,18.87944,311.3221,357.0774,0.1837474,-0.009079558,-0.9829311,-0.3356423,0.003419204,0.1026686,-0.9903432,-0.8074281,-2.556108,-0.1486531,-0.1100958,2.03272,0.6718236,-0.04824469,0.7391384,-0.209027,0.9449708,0.2516702,-0.7106059,-0.3235779,0.6247693,moving,-57.61091,-40.89074,-4.182605,-3.100215
05/15/2023 12:31:59.659726,3460,True,True,True,True,Eyes,0.5790524,-0.0336786,-3.651217,-0.7650536,-0.4197662,0.4883536,0.0,0.0,0.0,0.0,0.0,0.0,0.0,2.304384,1.069729,2.657743,0.5191627,-0.03866372,-3.639654,0.1596262,-0.3973939,0.04172785,0.9026939,18.74471,311.9638,356.8804,0.1811198,-0.009071153,-0.9834188,-0.3155038,0.003214052,0.09650853,-0.9933392,-0.7961614,-2.53394,-0.1517479,-0.108129,2.032474,0.6806737,-0.05153406,0.7307719,-0.202204,0.9455565,0.2550225,-0.7041285,-0.3213521,0.633195,moving,-57.44885,-40.68083,-4.269877,-3.045304
05/15/2023 12:31:59.679639,3461,True,True,True,True,Eyes,0.575617,-0.03410983,-3.650259,-0.7639976,-0.4187241,0.490895,0.0,0.0,0.0,0.0,0.0,0.0,0.0,2.273562,1.078418,2.675244,0.5082603,-0.03994103,-3.637179,0.1597854,-0.3919991,0.03889282,0.9051479,18.64785,312.6222,356.6805,0.1786756,-0.00907526,-0.9838658,-0.2965736,0.003021209,0.09071802,-0.9960841,-0.7872283,-2.513838,-0.1551098,-0.1059921,2.032207,0.6896482,-0.05486396,0.7220633,-0.195679,0.9459119,0.258767,-0.6972052,-0.3197508,0.6416107,moving,-57.27784,-40.46354,-4.364681,-2.985621
05/15/2023 12:31:59.696824,3462,True,True,True,True,Eyes,0.5718797,-0.03453492,-3.649234,-0.7627035,-0.4177744,0.4937084,0.0,0.0,0.0,0.0,0.0,0.0,0.0,2.242717,1.094666,2.689357,0.4973169,-0.04059266,-3.634796,0.1614232,-0.3864737,0.03694925,0.9073121,18.75259,313.2791,356.5052,0.1763884,-0.009090959,-0.9842783,-0.2787791,0.002839936,0.08527493,-0.9982921,-0.78181,-2.4952,-0.1582595,-0.10399,2.031957,0.6985457,-0.05772262,0.7132335,-0.1918206,0.9451547,0.2643626,-0.6893756,-0.3214823,0.6491613,moving,-57.08447,-40.23779,-4.453505,-2.929686
05/15/2023 12:31:59.709587,3463,True,True,True,True,Eyes,0.5678673,-0.03493625,-3.648135,-0.7612508,-0.4168838,0.4966943,0.0,0.0,0.0,0.0,0.0,0.0,0.0,2.208622,1.107461,2.706784,0.4862323,-0.04085404,-3.632226,0.1626533,-0.3803633,0.03525744,0.9097387,18.83024,314.0215,356.3906,0.1742349,-0.009116967,-0.9846616,-0.2620524,0.00266954,0.08015843,-0.999718,-0.777105,-2.476635,-0.1615443,-0.101902,2.031697,0.7081614,-0.05958455,0.7035319,-0.1878848,0.9446017,0.2691227,-0.6805929,-0.3227652,0.6577353,moving,-56.87671,-40.00729,-4.546137,-2.871326
05/15/2023 12:31:59.729455,3464,True,True,True,True,Eyes,0.5635766,-0.03523888,-3.64697,-0.7595546,-0.4161932,0.4998601,0.0,0.0,0.0,0.0,0.0,0.0,0.0,2.175382,1.119397,2.723437,0.475188,-0.04063547,-3.629737,0.1641231,-0.3741969,0.03459202,0.9120547,18.98175,314.7798,356.3786,0.1721951,-0.009151652,-0.98502,-0.2463292,0.002509368,0.07534893,-0.9990453,-0.7785374,-2.459973,-0.1647578,-0.09985933,2.031442,0.7175603,-0.05972905,0.6939306,-0.1859283,0.943734,0.27349,-0.6712213,-0.3252669,0.6660807,moving,-56.65123,-39.78142,-4.636762,-2.814216
05/15/2023 12:31:59.739628,3465,True,True,True,True,Eyes,0.5590127,-0.03539186,-3.645713,-0.7578135,-0.4153839,0.5031649,0.0,0.0,0.0,0.0,0.0,0.0,0.0,2.144681,1.135658,2.735423,0.464109,-0.03852932,-3.626987,0.1665606,-0.3684929,0.03391517,0.9139586,19.23564,315.4576,356.3104,0.1702501,-0.009191514,-0.9853576,-0.2315495,0.002358806,0.07082799,-0.9965518,-0.7790173,-2.44059,-0.1677128,-0.09798124,2.031207,0.7261255,-0.06075868,0.6848724,-0.184747,0.9422147,0.2794641,-0.6622767,-0.329454,0.672941,moving,-56.41706,-39.54111,-4.720094,-2.761689
05/15/2023 12:31:59.759312,3466,True,True,True,True,Eyes,0.554179,-0.03549511,-3.64438,-0.7559584,-0.4142687,0.5068613,0.0,0.0,0.0,0.0,0.0,0.0,0.0,2.108801,1.145516,2.753007,0.4525978,-0.03506677,-3.623841,0.1673761,-0.3625016,0.03006027,0.9163373,19.18018,316.1527,355.9773,0.1683833,-0.009232036,-0.985678,-0.2176565,0.002217277,0.06657831,-0.9928476,-0.7815639,-2.421812,-0.1709328,-0.09593451,2.030952,0.735378,-0.06625754,0.6744102,-0.1764389,0.9421632,0.2849522,-0.6542847,-0.3285398,0.6811556,moving,-56.1586,-39.25987,-4.810898,-2.704426
05/15/2023 12:31:59.779516,3467,True,True,True,True,Eyes,0.5491132,-0.03551218,-3.643023,-0.7539849,-0.4132503,0.5106182,0.0,0.0,0.0,0.0,0.0,0.0,0.0,2.068607,1.134927,2.781798,0.4411941,-0.0340327,-3.620744,0.1643919,-0.3559756,0.02467316,0.9195912,18.65765,316.9641,355.6623,0.1665805,-0.009271822,-0.9859839,-0.2045971,0.002084241,0.06258362,-0.9900678,-0.7852737,-2.406087,-0.1743831,-0.09374121,2.030679,0.7453452,-0.07166054,0.6628162,-0.1624174,0.9447331,0.2847805,-0.6465919,-0.3199127,0.6925134,moving,-55.89313,-38.98372,-4.908194,-2.64304
05/15/2023 12:31:59.796796,3468,True,True,True,True,Eyes,0.5438045,-0.03542758,-3.641575,-0.7518131,-0.4123401,0.5145413,0.0,0.0,0.0,0.0,0.0,0.0,0.0,2.039942,1.149249,2.792551,0.4308232,-0.03200398,-3.618541,0.1664552,-0.350711,0.02353748,0.9212711,18.8572,317.5792,355.5523,0.1648287,-0.00930864,-0.9862779,-0.1923213,0.001959186,0.0588286,-0.9901789,-0.7768739,-2.386626,-0.1774458,-0.09179434,2.030436,0.7528956,-0.07338657,0.6540357,-0.1601241,0.9434773,0.2901911,-0.6383639,-0.3232105,0.698589,moving,-55.61224,-38.70778,-4.994558,-2.588533
05/15/2023 12:31:59.809662,3469,True,True,True,True,Eyes,0.5383282,-0.03526653,-3.640036,-0.7495791,-0.411127,0.5187541,0.0,0.0,0.0,0.0,0.0,0.0,0.0,2.008636,1.15797,2.805204,0.4195848,-0.0294594,-3.614936,0.1677342,-0.3450921,0.02205112,0.9231957,18.96087,318.2479,355.4483,0.1631168,-0.009340053,-0.9865623,-0.180782,0.001841635,0.05529888,-0.9915117,-0.7554189,-2.360074,-0.1805736,-0.08980694,2.030187,0.7608504,-0.07505248,0.6445726,-0.1564825,0.942758,0.2944836,-0.6297777,-0.3249223,0.7055534,moving,-55.31442,-38.3978,-5.08276,-2.532874
05/15/2023 12:31:59.829321,3470,True,True,True,True,Eyes,0.5326976,-0.0350564,-3.638457,-0.747085,-0.4101868,0.5230781,0.0,0.0,0.0,0.0,0.0,0.0,0.0,1.976593,1.143764,2.828247,0.409235,-0.02745523,-3.611906,0.16529,-0.3393762,0.01978501,0.9258032,18.63155,318.9861,355.4266,0.1614368,-0.009364548,-0.9868383,-0.1699351,0.001731137,0.05198095,-0.989438,-0.7573229,-2.346195,-0.1839194,-0.0876801,2.029922,0.7688646,-0.0755569,0.6349317,-0.148825,0.9445755,0.2926228,-0.6218507,-0.3194811,0.7150061,moving,-55.00188,-38.10279,-5.177103,-2.473287
05/15/2023 12:31:59.839526,3471,True,True,True,True,Eyes,0.5269162,-0.03480497,-3.636817,-0.7444766,-0.4091399,0.5275974,0.0,0.0,0.0,0.0,0.0,0.0,0.0,1.948743,1.153761,2.838896,0.3997781,-0.02603586,-3.609376,0.1673342,-0.3338536,0.02140586,0.9274067,18.94537,319.6746,355.6326,0.1597809,-0.009381499,-0.9871076,-0.159739,0.001627269,0.04886209,-0.9875265,-0.7557262,-2.32867,-0.1870013,-0.08572122,2.029677,0.7761672,-0.07202636,0.6263999,-0.1514341,0.9430822,0.2960808,-0.6120722,-0.3246664,0.7210821,moving,-54.67547,-37.79277,-5.264001,-2.418389
05/15/2023 12:31:59.860028,3472,True,True,True,True,Eyes,0.5210146,-0.03449316,-3.635116,-0.7417094,-0.4082829,0.5321393,0.0,0.0,0.0,0.0,0.0,0.0,0.0,1.928112,1.156487,2.846553,0.3902636,-0.02464592,-3.606249,0.16889,-0.3290802,0.02512058,0.9287364,19.28346,320.3125,356.082,0.1581429,-0.009390551,-0.9873714,-0.1501547,0.001529633,0.04593037,-0.9864573,-0.7405732,-2.306054,-0.1900902,-0.08375758,2.029432,0.7821504,-0.0644959,0.6197428,-0.1578175,0.9416903,0.2971752,-0.6027723,-0.3302419,0.7263649,moving,-54.34246,-37.49716,-5.351093,-2.363338
05/15/2023 12:31:59.879307,3473,True,True,True,True,Eyes,0.5149705,-0.03407434,-3.633336,-0.738979,-0.4072096,0.5367404,0.0,0.0,0.0,0.0,0.0,0.0,0.0,1.912374,1.155004,2.852556,0.3813919,-0.02288091,-3.603096,0.1696007,-0.3253587,0.02755122,0.9298485,19.47126,320.8125,356.4045,0.1565177,-0.009390856,-0.9876302,-0.1411454,0.001437855,0.04317455,-0.9799924,-0.7478929,-2.291516,-0.1934326,-0.08163321,2.029167,0.7867652,-0.05912517,0.6144141,-0.161599,0.9409531,0.2974778,-0.5957233,-0.3333339,0.7307546,moving,-54.00808,-37.18655,-5.445328,-2.303762
05/15/2023 12:31:59.896804,3474,True,True,True,True,Eyes,0.5088031,-0.03356994,-3.631448,-0.7361944,-0.4059048,0.5415339,0.0,0.0,0.0,0.0,0.0,0.0,0.0,1.888541,1.166006,2.857761,0.3722673,-0.02012537,-3.599161,0.1713974,-0.3211537,0.02629178,0.9310166,19.63549,321.2921,356.2784,0.1549003,-0.009380389,-0.9878854,-0.1326766,0.001351583,0.04058407,-0.9739162,-0.7569764,-2.278018,-0.1966001,-0.07961991,2.028916,0.7923382,-0.06113364,0.6070116,-0.159046,0.9398633,0.3022603,-0.5889861,-0.3360351,0.7349665,moving,-53.66234,-36.85326,-5.534629,-2.247282
05/15/2023 12:31:59.909534,3475,True,True,True,True,Eyes,0.5025254,-0.03304644,-3.62946,-0.7334312,-0.403911,0.5467491,0.0,0.0,0.0,0.0,0.0,0.0,0.0,1.855242,1.157644,2.876114,0.3630677,-0.01760279,-3.594713,0.1693125,-0.3160864,0.02120268,0.9332595,19.23411,321.8839,355.9029,0.1532873,-0.009357909,-0.9881371,-0.124716,0.001270488,0.03814903,-0.9717095,-0.7603571,-2.266438,-0.1997078,-0.07764447,2.028669,0.7992797,-0.06745955,0.5971609,-0.14661,0.9417675,0.3026213,-0.5828013,-0.3294288,0.7428454,moving,-53.29667,-36.45514,-5.62224,-2.191846
05/15/2023 12:31:59.929496,3476,True,True,True,True,Eyes,0.4961745,-0.03256196,-3.627394,-0.7304728,-0.4018884,0.5521732,0.0,0.0,0.0,0.0,0.0,0.0,0.0,1.815156,1.135368,2.903772,0.3542973,-0.01678343,-3.590256,0.1648571,-0.3099276,0.01597924,0.936222,18.57771,322.6512,355.6275,0.1516749,-0.009324096,-0.9883862,-0.1172331,0.001194259,0.03586009,-0.9712236,-0.7603738,-2.254386,-0.2029506,-0.07558328,2.028412,0.8073791,-0.07226735,0.5855908,-0.1321078,0.9451336,0.298781,-0.5750536,-0.3185906,0.753534,moving,-52.91393,-36.04827,-5.713653,-2.133985
05/15/2023 12:31:59.939673,3477,True,True,True,True,Eyes,0.489774,-0.03209228,-3.625245,-0.7272826,-0.4000963,0.5576585,0.0,0.0,0.0,0.0,0.0,0.0,0.0,1.777327,1.129993,2.923366,0.3460831,-0.01726083,-3.586331,0.1635211,-0.3036639,0.01406684,0.9385367,18.39005,323.4283,355.5936,0.1500611,-0.009281154,-0.9886329,-0.1101991,0.001122603,0.03370848,-0.9729156,-0.7411116,-2.233458,-0.2061279,-0.07356358,2.02816,0.8151807,-0.0729064,0.5746,-0.1257154,0.9461259,0.2983979,-0.565399,-0.3154843,0.7620983,moving,-52.52009,-35.65784,-5.803214,-2.07727
05/15/2023 12:31:59.959330,3478,True,True,True,True,Eyes,0.4833339,-0.0316309,-3.623008,-0.7237835,-0.398766,0.5631368,0.0,0.0,0.0,0.0,0.0,0.0,0.0,1.741588,1.151008,2.930717,0.338378,-0.01714134,-3.582214,0.1669274,-0.2974286,0.01528626,0.9399138,18.83767,324.1712,355.7243,0.1484447,-0.009230389,-0.9888774,-0.1035872,0.001055247,0.03168597,-0.9714314,-0.7153192,-2.206121,-0.2093478,-0.07151738,2.027905,0.8226051,-0.07056244,0.5642178,-0.1280335,0.9438031,0.3047016,-0.5540111,-0.3228879,0.767343,moving,-52.11544,-35.30291,-5.893969,-2.019793
05/15/2023 12:31:59.979607,3479,True,True,True,True,Eyes,0.4768946,-0.03115078,-3.620686,-0.7200435,-0.3978253,0.5685704,0.0,0.0,0.0,0.0,0.0,0.0,0.0,1.705824,1.178525,2.93464,0.3308552,-0.01680335,-3.577865,0.1714342,-0.291187,0.01691199,0.9410285,19.42046,324.9043,355.8647,0.1468253,-0.009172826,-0.9891196,-0.09737192,0.0009919325,0.02978482,-0.9650784,-0.7070318,-2.18403,-0.2127829,-0.06933337,2.027632,0.8298482,-0.0680095,0.5538291,-0.1316682,0.9406486,0.3127998,-0.542232,-0.332498,0.7716409,moving,-51.7042,-34.98026,-5.99078,-1.958424
05/15/2023 12:31:59.997053,3480,True,True,True,True,Eyes,0.4704371,-0.03068618,-3.618285,-0.7160097,-0.3973311,0.5739844,0.0,0.0,0.0,0.0,0.0,0.0,0.0,1.668499,1.214107,2.935736,0.3240233,-0.01575974,-3.573689,0.1770656,-0.284949,0.01777454,0.9418788,20.10115,325.6054,355.8826,0.1452031,-0.009108632,-0.9893596,0.0,0.0,0.0,-0.9537314,-0.7201419,-2.168821,-0.2158288,-0.06739771,2.02739,0.8369762,-0.06742643,0.5430695,-0.1343923,0.9366636,0.3234191,-0.5304804,-0.3436784,0.7749036,moving,-51.28282,-34.69227,-6.076619,-1.904016
05/15/2023 12:32:00.009857,3481,True,True,True,True,Eyes,0.4639929,-0.03024251,-3.615805,-0.7117786,-0.3970254,0.5794324,0.0,0.0,0.0,0.0,0.0,0.0,0.0,1.625211,1.253125,2.937591,0.3169883,-0.01556891,-3.569362,0.1827711,-0.2780778,0.0171599,0.9428536,20.74421,326.357,355.7508,0.1435776,-0.009038872,-0.9895974,0.0,0.0,0.0,-0.9413705,-0.7374955,-2.155343,-0.2189061,-0.06544179,2.027146,0.8447566,-0.06929064,0.530646,-0.1340078,0.9326005,0.3351094,-0.5181007,-0.3541965,0.7785349,moving,-50.85225,-34.41883,-6.163334,-1.849021
05/15/2023 12:32:00.030767,3482,True,True,True,True,Eyes,0.4575556,-0.02979526,-3.613244,-0.7072979,-0.3970606,0.5848697,0.0,0.0,0.0,0.0,0.0,0.0,0.0,1.584504,1.283839,2.940706,0.3105039,-0.01555814,-3.565107,0.1872577,-0.2716095,0.0166202,0.943868,21.25513,327.0797,355.6711,0.1419494,-0.008964673,-0.9898329,0.0,0.0,0.0,-0.9285629,-0.7567878,-2.144161,-0.2220871,-0.06341952,2.026894,0.851904,-0.07034743,0.5189516,-0.1330965,0.9293166,0.3444647,-0.5065026,-0.3625215,0.7823256,moving,-50.41241,-34.17208,-6.252964,-1.792144
05/15/2023 12:32:00.046507,3483,True,True,True,True,Eyes,0.4511397,-0.02933231,-3.610579,-0.7027484,-0.3969038,0.5904338,0.0,0.0,0.0,0.0,0.0,0.0,0.0,1.543166,1.313327,2.943547,0.3040996,-0.01494978,-3.560612,0.1916856,-0.2650564,0.01612622,0.9448501,21.76355,327.8145,355.6068,0.1403189,-0.008886373,-0.9900662,0.0,0.0,0.0,-0.9151914,-0.7749663,-2.131709,-0.2253878,-0.06132179,2.026632,0.85897,-0.07114127,0.5070595,-0.1320887,0.9259931,0.3536796,-0.4946949,-0.370777,0.7860035,moving,-49.96376,-33.90994,-6.345955,-1.733126
05/15/2023 12:32:00.059474,3484,True,True,True,True,Eyes,0.4447316,-0.02887049,-3.607822,-0.6980279,-0.3967186,0.5961304,0.0,0.0,0.0,0.0,0.0,0.0,0.0,1.501394,1.323927,2.953766,0.2976796,-0.01410787,-3.555684,0.1931191,-0.2585691,0.01454783,0.9463802,21.90393,328.5716,355.5286,0.138687,-0.00880396,-0.9902968,0.0,0.0,0.0,-0.9026787,-0.7892016,-2.118857,-0.2285574,-0.05930716,2.026381,0.8658609,-0.07233367,0.4950281,-0.1274048,0.9249867,0.3580049,-0.4837903,-0.3730513,0.7916942,moving,-49.50198,-33.64335,-6.435246,-1.676427
05/15/2023 12:32:00.079220,3485,True,True,True,True,Eyes,0.4383473,-0.0284065,-3.604972,-0.6933649,-0.3960649,0.6019782,0.0,0.0,0.0,0.0,0.0,0.0,0.0,1.458636,1.324997,2.968041,0.2913812,-0.01369436,-3.550692,0.192922,-0.2520545,0.01218082,0.9482095,21.83911,329.3431,355.4179,0.137054,-0.008717857,-0.9905249,0.0,0.0,0.0,-0.8898427,-0.8026464,-2.105886,-0.2318902,-0.05718851,2.026117,0.8726403,-0.07415381,0.4827009,-0.1203537,0.9252654,0.3597206,-0.4733011,-0.3720015,0.7984992,moving,-49.03554,-33.34248,-6.529125,-1.616783
05/15/2023 12:32:00.096818,3486,True,True,True,True,Eyes,0.4319735,-0.02794505,-3.602011,-0.6885578,-0.3952908,0.6079748,0.0,0.0,0.0,0.0,0.0,0.0,0.0,1.417503,1.32598,2.980998,0.2852876,-0.0132523,-3.545747,0.1928132,-0.2457474,0.01013053,0.9499098,21.79516,330.0918,355.3347,0.1354207,-0.008628385,-0.9907503,0.0,0.0,0.0,-0.8788983,-0.8039037,-2.087927,-0.2350427,-0.05518478,2.025866,0.8790112,-0.07552052,0.4707823,-0.1140129,0.9254409,0.3613312,-0.4629692,-0.3712895,0.8048626,moving,-48.55651,-33.03097,-6.617917,-1.560356
05/15/2023 12:32:00.110878,3487,True,True,True,True,Eyes,0.4256095,-0.02751252,-3.598939,-0.6837987,-0.3939285,0.6141984,0.0,0.0,0.0,0.0,0.0,0.0,0.0,1.377597,1.314998,2.997299,0.2789687,-0.0128445,-3.54017,0.190938,-0.2395839,0.007969428,0.9518816,21.5504,330.8485,355.2933,0.1337872,-0.008535931,-0.9909729,0.0,0.0,0.0,-0.8687689,-0.7987962,-2.067335,-0.2381573,-0.05320495,2.025619,0.8850721,-0.07631945,0.4591543,-0.1066632,0.9269583,0.3596821,-0.4530677,-0.3673195,0.8122845,moving,-48.06933,-32.6749,-6.705629,-1.504586
05/15/2023 12:32:00.129482,3488,True,True,True,True,Eyes,0.4192786,-0.02713258,-3.595778,-0.6788856,-0.3924963,0.6205328,0.0,0.0,0.0,0.0,0.0,0.0,0.0,1.337332,1.291979,3.018146,0.2728527,-0.01326214,-3.534437,0.1871164,-0.2333656,0.00558494,0.9541996,21.08175,331.6367,355.2864,0.1321542,-0.008441608,-0.9911929,0.0,0.0,0.0,-0.858743,-0.7943567,-2.047732,-0.2413872,-0.05115217,2.025363,0.8910187,-0.07667477,0.4474448,-0.09799136,0.9299124,0.3544862,-0.4432646,-0.3596995,0.8210559,moving,-47.57125,-32.31397,-6.796578,-1.446743
05/15/2023 12:32:00.139300,3489,True,True,True,True,Eyes,0.4129579,-0.02682206,-3.592522,-0.6740112,-0.3909065,0.6268182,0.0,0.0,0.0,0.0,0.0,0.0,0.0,1.300137,1.280238,3.032643,0.2672047,-0.0141806,-3.52912,0.1851626,-0.2274677,0.004483032,0.9560089,20.85927,332.377,355.3555,0.1305223,-0.008347041,-0.9914099,0.0,0.0,0.0,-0.8497344,-0.7836056,-2.025161,-0.2445362,-0.04915047,2.025114,0.8964767,-0.0756654,0.4365826,-0.09280867,0.9313895,0.3519947,-0.4332622,-0.3560737,0.8279465,moving,-47.07773,-31.94916,-6.885236,-1.390323
05/15/2023 12:32:00.159164,3490,True,True,True,True,Eyes,0.4066716,-0.02655601,-3.589173,-0.6689817,-0.3895555,0.6330166,0.0,0.0,0.0,0.0,0.0,0.0,0.0,1.264954,1.280867,3.040153,0.2614143,-0.01563831,-3.523447,0.1852266,-0.2217445,0.004483013,0.9573402,20.89387,333.0845,355.4839,0.1288913,-0.008254158,-0.991624,0.0,0.0,0.0,-0.8407964,-0.7664374,-1.999459,-0.2477145,-0.04713047,2.024861,0.9016186,-0.07356243,0.4262306,-0.0907295,0.931342,0.3526617,-0.4229091,-0.356638,0.833041,moving,-46.58228,-31.60795,-6.974712,-1.33337
05/15/2023 12:32:00.179244,3491,True,True,True,True,Eyes,0.4003721,-0.02631585,-3.585728,-0.6640096,-0.3883145,0.6389859,0.0,0.0,0.0,0.0,0.0,0.0,0.0,1.235641,1.29218,3.040473,0.2558553,-0.0164113,-3.517851,0.1871389,-0.2168641,0.005128966,0.9580829,21.15018,333.6724,355.613,0.1272617,-0.008163997,-0.9918352,0.0,0.0,0.0,-0.8307179,-0.7581195,-1.978267,-0.2508962,-0.0451079,2.024609,0.9058874,-0.07133949,0.4174672,-0.09099539,0.9299054,0.3563646,-0.4136279,-0.3608138,0.835898,moving,-46.10022,-31.28723,-7.064265,-1.276328
05/15/2023 12:32:00.197080,3492,True,True,True,True,Eyes,0.3941017,-0.02611393,-3.58216,-0.658983,-0.3870565,0.6449253,0.0,0.0,0.0,0.0,0.0,0.0,0.0,1.20779,1.305761,3.038197,0.2501537,-0.01686749,-3.51163,0.1893272,-0.212445,0.00466692,0.9586452,21.40624,334.1765,355.5958,0.1256337,-0.008077059,-0.9920434,0.0,0.0,0.0,-0.8198919,-0.7590259,-1.96057,-0.2540947,-0.04307514,2.024355,0.9096907,-0.07149538,0.4090858,-0.08939108,0.9282668,0.3610124,-0.4055516,-0.3649782,0.8380447,moving,-45.61769,-30.97037,-7.154286,-1.218982
05/15/2023 12:32:00.209516,3493,True,True,True,True,Eyes,0.3878601,-0.02597341,-3.578478,-0.6540821,-0.3856687,0.6507198,0.0,0.0,0.0,0.0,0.0,0.0,0.0,1.180833,1.302255,3.042327,0.2445134,-0.01759237,-3.505123,0.1887266,-0.2083102,0.003008967,0.9596772,21.31449,334.662,355.5148,0.1240077,-0.007994075,-0.9922487,0.0,0.0,0.0,-0.8107626,-0.7665081,-1.947961,-0.2573463,-0.04100829,2.024097,0.9131957,-0.07285206,0.4009567,-0.08440261,0.9287465,0.3609796,-0.3986852,-0.3634869,0.8419783,moving,-45.14765,-30.65438,-7.245784,-1.160656
05/15/2023 12:32:00.229411,3494,True,True,True,True,Eyes,0.3816633,-0.02590957,-3.574675,-0.6491244,-0.384253,0.6564961,0.0,0.0,0.0,0.0,0.0,0.0,0.0,1.156283,1.295279,3.046868,0.2391663,-0.01899776,-3.498654,0.1875634,-0.204483,0.001676706,0.9607309,21.16665,335.1239,355.4803,0.1223839,-0.007916353,-0.9924509,0.0,0.0,0.0,-0.8042023,-0.7730396,-1.936228,-0.2606004,-0.03893989,2.023839,0.9163677,-0.07348534,0.3935352,-0.0799288,0.9296343,0.3597103,-0.3922773,-0.3610817,0.8460133,moving,-44.6765,-30.34082,-7.337338,-1.10227
05/15/2023 12:32:00.239632,3495,True,True,True,True,Eyes,0.3754984,-0.02591056,-3.570766,-0.6439934,-0.3829754,0.6622706,0.0,0.0,0.0,0.0,0.0,0.0,0.0,1.131861,1.287378,3.051301,0.2339943,-0.02088758,-3.491947,0.1863048,-0.2005633,0.001030374,0.9618025,21.02591,335.6121,355.5299,0.1207635,-0.007845519,-0.99265,0.0,0.0,0.0,-0.7999657,-0.7682563,-1.920383,-0.2637142,-0.03696066,2.023592,0.9195467,-0.07274972,0.3861883,-0.07671379,0.9305789,0.3579634,-0.3854205,-0.35879,0.8501299,moving,-44.19837,-30.03978,-7.424934,-1.046384
05/15/2023 12:32:00.259263,3496,True,True,True,True,Eyes,0.3693974,-0.02597717,-3.566727,-0.6387931,-0.3817523,0.6679884,0.0,0.0,0.0,0.0,0.0,0.0,0.0,1.109817,1.282664,3.053424,0.2290551,-0.02251652,-3.485304,0.1857301,-0.1968221,0.00149084,0.9626855,20.98885,336.0905,355.6854,0.1191468,-0.007782702,-0.9928458,0.0,0.0,0.0,-0.7963485,-0.7624389,-1.904488,-0.2669199,-0.03492296,2.023337,0.9225177,-0.07024115,0.3795093,-0.075982,0.9310042,0.3570124,-0.3784018,-0.3581861,0.8535308,moving,-43.72015,-29.74777,-7.515099,-0.9888313
05/15/2023 12:32:00.279476,3497,True,True,True,True,Eyes,0.3633679,-0.0260874,-3.562556,-0.6335173,-0.380602,0.6736453,0.0,0.0,0.0,0.0,0.0,0.0,0.0,1.087839,1.277618,3.054929,0.2243984,-0.02407788,-3.478126,0.1852037,-0.1930545,0.002432988,0.9635475,20.96787,336.581,355.8965,0.1175346,-0.007728938,-0.9930385,0.0,0.0,0.0,-0.7917546,-0.7575963,-1.888189,-0.2702759,-0.03278983,2.023071,0.9254481,-0.06682021,0.3729356,-0.07619741,0.9313874,0.3559657,-0.3711332,-0.3578445,0.8568591,moving,-43.24165,-29.46596,-7.609477,-0.9285656
05/15/2023 12:32:00.296657,3498,True,True,True,True,Eyes,0.3574025,-0.02624567,-3.55824,-0.6282163,-0.3794163,0.6792552,0.0,0.0,0.0,0.0,0.0,0.0,0.0,1.067901,1.269454,3.056853,0.2197459,-0.02525604,-3.470929,0.1842694,-0.1895497,0.003469107,0.9644189,20.90018,337.046,356.123,0.115929,-0.007684596,-0.9932275,0.0,0.0,0.0,-0.7862328,-0.7565591,-1.873511,-0.2733704,-0.03082293,2.022826,0.9281177,-0.06316509,0.3668892,-0.07654778,0.9320655,0.3541107,-0.3643322,-0.3567409,0.8602313,moving,-42.76452,-29.18672,-7.696487,-0.8729805
05/15/2023 12:32:00.309251,3499,True,True,True,True,Eyes,0.3514704,-0.02644373,-3.5538,-0.6228408,-0.3781925,0.6848648,0.0,0.0,0.0,0.0,0.0,0.0,0.0,1.049721,1.256381,3.059428,0.215259,-0.02659877,-3.463159,0.1825816,-0.1863432,0.004459389,0.9653602,20.74295,337.4821,356.3561,0.1143313,-0.007650118,-0.993413,0.0,0.0,0.0,-0.7799614,-0.7562075,-1.858448,-0.2765265,-0.02881706,2.022575,0.9305127,-0.05943583,0.361405,-0.0766555,0.9332882,0.350852,-0.3581482,-0.354176,0.8638804,moving,-42.28452,-28.90813,-7.78521,-0.8162783
05/15/2023 12:32:00.329408,3500,True,True,True,True,Eyes,0.3456133,-0.02668954,-3.549228,-0.6174643,-0.3768872,0.6904302,0.0,0.0,0.0,0.0,0.0,0.0,0.0,1.031693,1.238889,3.063719,0.2108875,-0.02789176,-3.455483,0.1801404,-0.1832415,0.004936676,0.9664097,20.48659,337.9023,356.5435,0.1127413,-0.00762566,-0.9935949,0.0,0.0,0.0,-0.7746822,-0.7539504,-1.843392,-0.2797923,-0.02674115,2.022316,0.9327965,-0.05647667,0.3559512,-0.07556008,0.9350501,0.3463697,-0.352394,-0.3499881,0.8679441,moving,-41.80684,-28.62893,-7.877005,-0.7575797
05/15/2023 12:32:00.339082,3501,True,True,True,True,Eyes,0.3398167,-0.02697949,-3.544528,-0.6120297,-0.3756347,0.6959298,0.0,0.0,0.0,0.0,0.0,0.0,0.0,1.013109,1.224573,3.066725,0.2067754,-0.0293183,-3.447776,0.1781165,-0.1801672,0.005080434,0.9673617,20.26953,338.3056,356.6784,0.1111602,-0.007611603,-0.9937732,0.0,0.0,0.0,-0.770295,-0.7490594,-1.827265,-0.2829103,-0.02475917,2.022069,0.935028,-0.05435225,0.3503834,-0.07401071,0.9364974,0.3427755,-0.3467638,-0.3464368,0.8716286,moving,-41.32975,-28.35838,-7.964626,-0.7015218
05/15/2023 12:32:00.360111,3502,True,True,True,True,Eyes,0.334101,-0.02726911,-3.539685,-0.6066379,-0.3743774,0.7013074,0.0,0.0,0.0,0.0,0.0,0.0,0.0,0.9968129,1.214163,3.067117,0.2026276,-0.0307361,-3.439918,0.1767575,-0.1773786,0.005620819,0.968123,20.13541,338.673,356.8359,0.1095883,-0.007608191,-0.9939477,0.0,0.0,0.0,-0.766646,-0.7406702,-1.81035,-0.2859974,-0.02279693,2.021824,0.9370105,-0.0518227,0.3454356,-0.07358927,0.9374503,0.3402519,-0.3414615,-0.34424,0.8745872,moving,-40.86013,-28.09454,-8.051365,-0.6460071
05/15/2023 12:32:00.379313,3503,True,True,True,True,Eyes,0.3284355,-0.02758116,-3.534691,-0.6012111,-0.3730184,0.7066841,0.0,0.0,0.0,0.0,0.0,0.0,0.0,0.9846022,1.204649,3.065347,0.1988133,-0.03103445,-3.431688,0.1757498,-0.1752383,0.006340798,0.9686916,20.0425,338.9601,356.9911,0.1080275,-0.007614407,-0.9941185,0.0,0.0,0.0,-0.7633905,-0.7331865,-1.794225,-0.2894987,-0.02057141,2.021546,0.9385027,-0.04931165,0.3417325,-0.07388075,0.9381436,0.3382725,-0.337275,-0.3427171,0.8768071,moving,-40.38946,-27.82703,-8.14972,-0.5830261
05/15/2023 12:32:00.396786,3504,True,True,True,True,Eyes,0.3228633,-0.02791984,-3.529568,-0.5958422,-0.3715226,0.7119993,0.0,0.0,0.0,0.0,0.0,0.0,0.0,0.9695213,1.177903,3.070508,0.1948456,-0.03203052,-3.422931,0.171874,-0.1727624,0.006131342,0.9698325,19.60274,339.2997,357.1101,0.1064779,-0.007629975,-0.9942855,0.0,0.0,0.0,-0.7602303,-0.7289197,-1.779488,-0.2924549,-0.0186922,2.021312,0.9402311,-0.04749399,0.3372088,-0.0712795,0.9408434,0.3312595,-0.3329935,-0.3354966,0.881225,moving,-39.92454,-27.55564,-8.232749,-0.5298309
05/15/2023 12:32:00.409324,3505,True,True,True,True,Eyes,0.3173338,-0.02826616,-3.524319,-0.5903776,-0.3702628,0.7171888,0.0,0.0,0.0,0.0,0.0,0.0,0.0,0.9553508,1.159457,3.072638,0.1914767,-0.03305252,-3.41473,0.169243,-0.1705043,0.005950651,0.9706956,19.30496,339.5981,357.1965,0.1049407,-0.007654767,-0.9944488,0.0,0.0,0.0,-0.7590669,-0.7247441,-1.766277,-0.2956401,-0.01666778,2.021059,0.9417858,-0.04616078,0.3330297,-0.06926586,0.9426428,0.3265376,-0.3290013,-0.3305961,0.8845702,moving,-39.46062,-27.30593,-8.322191,-0.4725107
05/15/2023 12:32:00.429411,3506,True,True,True,True,Eyes,0.3118899,-0.02862463,-3.518926,-0.5849292,-0.3689058,0.722334,0.0,0.0,0.0,0.0,0.0,0.0,0.0,0.9367685,1.15961,3.068506,0.1879885,-0.03355712,-3.406096,0.16947,-0.1677925,0.004944863,0.971134,19.31828,339.9057,357.129,0.1034154,-0.007688144,-0.9946083,0.0,0.0,0.0,-0.7579678,-0.7096048,-1.747759,-0.2988014,-0.01465839,2.020808,0.9436424,-0.04726733,0.327574,-0.06647582,0.942511,0.3274966,-0.324222,-0.3308155,0.8862512,moving,-38.99974,-27.05402,-8.410943,-0.4156007
05/15/2023 12:32:00.439523,3507,True,True,True,True,Eyes,0.3065488,-0.02899917,-3.513401,-0.579406,-0.3676516,0.727407,0.0,0.0,0.0,0.0,0.0,0.0,0.0,0.9135064,1.149886,3.069184,0.1845516,-0.03423801,-3.397262,0.1680042,-0.1645359,0.002786779,0.9719542,19.11722,340.2741,356.9746,0.1019036,-0.007729646,-0.9947641,0.0,0.0,0.0,-0.7568208,-0.6990094,-1.732103,-0.301987,-0.01263368,2.020556,0.9458404,-0.04986819,0.320779,-0.06070268,0.9435336,0.3256677,-0.3189062,-0.3275018,0.889405,moving,-38.53859,-26.8133,-8.500359,-0.3582416
05/15/2023 12:32:00.459120,3508,True,True,True,True,Eyes,0.3012899,-0.0293755,-3.507746,-0.5739116,-0.3663209,0.7324169,0.0,0.0,0.0,0.0,0.0,0.0,0.0,0.8914589,1.139843,3.069821,0.1811914,-0.03494999,-3.38876,0.1665186,-0.1613759,0.0009816935,0.9727427,18.92174,340.6375,356.8589,0.1004063,-0.007778989,-0.9949159,0.0,0.0,0.0,-0.7543071,-0.6974784,-1.719041,-0.305173,-0.01060843,2.020303,0.9479137,-0.05183433,0.3142815,-0.05565407,0.9445412,0.3236427,-0.3136276,-0.3242764,0.8924587,moving,-38.08175,-26.57209,-8.589767,-0.3008524
05/15/2023 12:32:00.479668,3509,True,True,True,True,Eyes,0.2960908,-0.02973064,-3.501951,-0.5683714,-0.3649338,0.7374126,0.0,0.0,0.0,0.0,0.0,0.0,0.0,0.87076,1.130615,3.069317,0.1778615,-0.0353948,-3.379991,0.165229,-0.1584156,-0.0007639165,0.9734492,18.75015,340.9756,356.7407,0.09892445,-0.0078355,-0.9950638,0.0,0.0,0.0,-0.7507977,-0.6885256,-1.70233,-0.3083645,-0.008579671,2.02005,0.9498079,-0.05383694,0.3081665,-0.05086241,0.9453977,0.321926,-0.3086714,-0.3214419,0.8952078,moving,-37.62376,-26.33008,-8.679309,-0.2433485
05/15/2023 12:32:00.497190,3510,True,True,True,True,Eyes,0.2909625,-0.030041,-3.496013,-0.5628988,-0.363212,0.7424433,0.0,0.0,0.0,0.0,0.0,0.0,0.0,0.8496354,1.106717,3.073655,0.1743128,-0.03527981,-3.370821,0.161648,-0.1554688,-0.003553505,0.9745188,18.29762,341.3152,356.5468,0.09745826,-0.007897926,-0.9952081,0.0,0.0,0.0,-0.7472346,-0.679962,-1.686211,-0.3115544,-0.00655216,2.019797,0.9516337,-0.05718833,0.3018656,-0.0433365,0.9477146,0.3161629,-0.3041633,-0.313953,0.8993988,moving,-37.16834,-26.06842,-8.768785,-0.1858651
05/15/2023 12:32:00.509230,3511,True,True,True,True,Eyes,0.2859083,-0.03029345,-3.489923,-0.5573574,-0.3614765,0.747454,0.0,0.0,0.0,0.0,0.0,0.0,0.0,0.8269997,1.078082,3.079566,0.1708481,-0.03459983,-3.361478,0.157309,-0.1524371,-0.007431278,0.9756852,17.74026,341.6532,356.2399,0.096007,-0.007964513,-0.9953485,0.0,0.0,0.0,-0.7444049,-0.6717694,-1.670562,-0.3149268,-0.004408777,2.019529,0.9534155,-0.0624606,0.2951232,-0.03345825,0.9503974,0.3092336,-0.2997992,-0.3047024,0.9040337,moving,-36.71095,-25.80889,-8.86336,-0.1250806
05/15/2023 12:32:00.529466,3512,True,True,True,True,Eyes,0.2809218,-0.03046354,-3.483688,-0.5518392,-0.3595008,0.7524843,0.0,0.0,0.0,0.0,0.0,0.0,0.0,0.8044038,1.04931,3.084813,0.1672168,-0.03348833,-3.351881,0.1530429,-0.1493418,-0.01125184,0.9768053,17.19504,342.0003,355.9366,0.09457202,-0.008033229,-0.9954854,0.0,0.0,0.0,-0.7424324,-0.6533533,-1.651454,-0.3180415,-0.002429128,2.019282,0.9551409,-0.06769313,0.2883117,-0.0237297,0.9529025,0.3023469,-0.2951998,-0.2956254,0.9085498,moving,-36.2547,-25.53622,-8.950686,-0.06892484
05/15/2023 12:32:00.539271,3513,True,True,True,True,Eyes,0.2760131,-0.03050162,-3.477299,-0.5468515,-0.3573626,0.7571297,0.0,0.0,0.0,0.0,0.0,0.0,0.0,0.7809356,1.023582,3.088804,0.1638048,-0.03174885,-3.342223,0.1494525,-0.1459645,-0.01412128,0.9778339,16.74765,342.3915,355.7332,0.09315296,-0.008101591,-0.9956186,0.0,0.0,0.0,-0.7407493,-0.6300904,-1.631142,-0.3212741,-0.0003741384,2.019025,0.9569899,-0.07124604,0.2812371,-0.01601298,0.9549291,0.2964018,-0.289679,-0.288157,0.9127166,moving,-35.83943,-25.26715,-9.041297,-0.01061728
05/15/2023 12:32:00.559247,3514,True,True,True,True,Eyes,0.271163,-0.03050141,-3.470751,-0.541757,-0.3549436,0.7619149,0.0,0.0,0.0,0.0,0.0,0.0,0.0,0.7569734,1.010798,3.088048,0.1603081,-0.02863474,-3.332304,0.1481628,-0.1424599,-0.01642537,0.9785107,16.57545,342.7847,355.5503,0.09175114,-0.008165873,-0.9957483,0.0,0.0,0.0,-0.7386923,-0.6067347,-1.610776,-0.3244851,0.001666784,2.018771,0.9588708,-0.07435931,0.2739298,-0.0100697,0.955556,0.2946376,-0.2836643,-0.2852778,0.9155059,moving,-35.4146,-24.9788,-9.131278,0.04730586
05/15/2023 12:32:00.579755,3515,True,True,True,True,Eyes,0.266366,-0.03047365,-3.464112,-0.5368279,-0.3527324,0.7664174,0.0,0.0,0.0,0.0,0.0,0.0,0.0,0.725528,0.9761767,3.095396,0.1567854,-0.0278012,-3.321963,0.1432051,-0.1375691,-0.01816404,0.979917,16.00138,343.3878,355.5251,0.09036631,-0.008225434,-0.9958744,0.0,0.0,0.0,-0.73483,-0.5863236,-1.590995,-0.3279629,0.003877401,2.018495,0.9614896,-0.07499968,0.2644101,-0.003802669,0.9583247,0.2856558,-0.2748149,-0.2756606,0.9211341,moving,-35.00886,-24.71356,-9.228709,0.1100614
05/15/2023 12:32:00.596962,3516,True,True,True,True,Eyes,0.2616307,-0.03036403,-3.457348,-0.5317678,-0.3507804,0.7708281,0.0,0.0,0.0,0.0,0.0,0.0,0.0,0.7038427,0.9615075,3.09525,0.1536769,-0.02708647,-3.313022,0.1416552,-0.1336593,-0.01571352,0.9807253,15.88153,343.9069,355.9048,0.088997,-0.008280026,-0.9959973,0.0,0.0,0.0,-0.7294781,-0.5743588,-1.573512,-0.3308246,0.005696118,2.018268,0.9637765,-0.06868839,0.2577144,-0.007045807,0.9593737,0.2820503,-0.266618,-0.2736492,0.9241379,moving,-34.60046,-24.46883,-9.308863,0.1617043
05/15/2023 12:32:00.609543,3517,True,True,True,True,Eyes,0.2568864,-0.03019931,-3.450467,-0.5268053,-0.348888,0.7750828,0.0,0.0,0.0,0.0,0.0,0.0,0.0,0.6809986,0.9644529,3.088856,0.1503485,-0.02497943,-3.303291,0.1430804,-0.1296733,-0.01340825,0.9810877,16.09742,344.406,356.2155,0.08764378,-0.008327791,-0.9961168,0.0,0.0,0.0,-0.7190485,-0.5515811,-1.549223,-0.3340915,0.007772624,2.018009,0.9660101,-0.06341675,0.2506049,-0.01079805,0.9586965,0.2842261,-0.2582787,-0.2772713,0.9254257,moving,-34.20301,-24.23394,-9.400341,0.2206811
05/15/2023 12:32:00.629397,3518,True,True,True,True,Eyes,0.2522138,-0.03003776,-3.443525,-0.5217484,-0.3471202,0.7792857,0.0,0.0,0.0,0.0,0.0,0.0,0.0,0.649867,0.9333402,3.094169,0.1469542,-0.0236312,-3.293202,0.1388267,-0.1246076,-0.01374969,0.9823498,15.62417,345.0383,356.332,0.08630423,-0.008367857,-0.9962335,0.0,0.0,0.0,-0.7094923,-0.5466253,-1.532506,-0.3373514,0.00984472,2.01775,0.9685678,-0.06161173,0.2409989,-0.007583725,0.9610762,0.2761794,-0.2486342,-0.2693261,0.9304002,moving,-33.80316,-24.00981,-9.491599,0.2795472
05/15/2023 12:32:00.644382,3519,True,True,True,True,Eyes,0.2475818,-0.02984137,-3.436502,-0.5168662,-0.3460404,0.7830105,0.0,0.0,0.0,0.0,0.0,0.0,0.0,0.628062,0.9304983,3.090476,0.1439362,-0.02353351,-3.284822,0.1388774,-0.1208688,-0.01240393,0.9828275,15.66347,345.5031,356.5493,0.08497898,-0.00840107,-0.9963471,0.0,0.0,0.0,-0.6998032,-0.5514094,-1.518212,-0.340521,0.01185966,2.017498,0.9704737,-0.05795375,0.2341411,-0.009190051,0.9611184,0.2759836,-0.2410316,-0.2699866,0.9322076,moving,-33.42885,-23.84235,-9.580304,0.3368034
05/15/2023 12:32:00.660335,3520,True,True,True,True,Eyes,0.2430142,-0.0295863,-3.429381,-0.5119898,-0.3450399,0.7866473,0.0,0.0,0.0,0.0,0.0,0.0,0.0,0.614011,0.9520775,3.076852,0.1408383,-0.02239862,-3.27569,0.1430328,-0.1183267,-0.01024776,0.9825657,16.17983,345.8081,356.7775,0.0836678,-0.008427107,-0.9964578,0.0,0.0,0.0,-0.687552,-0.5324503,-1.495345,-0.3436452,0.0138455,2.017251,0.9717875,-0.05398739,0.229596,-0.01371099,0.9588732,0.2835034,-0.235459,-0.2786531,0.9310809,moving,-33.05811,-23.68326,-9.667714,0.3932463
05/15/2023 12:32:00.679178,3521,True,True,True,True,Eyes,0.2384957,-0.02929524,-3.422167,-0.5074288,-0.3437757,0.7901483,0.0,0.0,0.0,0.0,0.0,0.0,0.0,0.6002287,0.9489774,3.070309,0.1377774,-0.02072445,-3.266224,0.1432708,-0.1159456,-0.009658238,0.9828208,16.22316,346.0992,356.8831,0.08236951,-0.008445006,-0.9965658,0.0,0.0,0.0,-0.6791539,-0.5326031,-1.481416,-0.3470331,0.01599875,2.016982,0.9729266,-0.05220787,0.2251401,-0.0142386,0.9587604,0.2838586,-0.230675,-0.2793793,0.9320602,moving,-32.70835,-23.51278,-9.762475,0.4544619
05/15/2023 12:32:00.696967,3522,True,True,True,True,Eyes,0.2340413,-0.02897378,-3.414877,-0.5029293,-0.3425409,0.7935539,0.0,0.0,0.0,0.0,0.0,0.0,0.0,0.587499,0.9358974,3.066538,0.1347767,-0.01958343,-3.256711,0.1417707,-0.1138322,-0.01003586,0.9832816,16.05239,346.3552,356.8975,0.08108567,-0.008454506,-0.996671,0.0,0.0,0.0,-0.6744095,-0.5483153,-1.473225,-0.3500163,0.01789504,2.016746,0.973883,-0.05201228,0.2210126,-0.01253997,0.9596007,0.2810857,-0.2267038,-0.2765161,0.9338866,moving,-32.36522,-23.34765,-9.845895,0.5083852
05/15/2023 12:32:00.712729,3523,True,True,True,True,Eyes,0.2296135,-0.02862325,-3.407502,-0.4987965,-0.3406761,0.7969579,0.0,0.0,0.0,0.0,0.0,0.0,0.0,0.5768833,0.932321,3.059843,0.131835,-0.01853703,-3.247604,0.1417155,-0.1121386,-0.01083343,0.9834757,16.04056,346.5438,356.8332,0.0798151,-0.00845556,-0.9967736,0.0,0.0,0.0,-0.6715252,-0.5463932,-1.460625,-0.3534352,0.02006787,2.016474,0.9746152,-0.05309238,0.2175006,-0.01047472,0.9595987,0.2811771,-0.2236417,-0.2763177,0.9346833,moving,-32.04145,-23.14528,-9.941467,0.5701864
05/15/2023 12:32:00.729434,3524,True,True,True,True,Eyes,0.2252431,-0.02826598,-3.40006,-0.4947204,-0.3387546,0.8003106,0.0,0.0,0.0,0.0,0.0,0.0,0.0,0.5649036,0.9193479,3.055736,0.1287114,-0.01758012,-3.238049,0.1400823,-0.1103392,-0.01281947,0.9838892,15.83226,346.7372,356.6547,0.07855757,-0.008448143,-0.9968736,0.0,0.0,0.0,-0.6698081,-0.5374119,-1.446386,-0.3565333,0.02203733,2.016228,0.9753218,-0.05613902,0.2135315,-0.00568726,0.9604252,0.2784799,-0.2207146,-0.2728219,0.9364044,moving,-31.72272,-22.94192,-10.02805,0.6262166
05/15/2023 12:32:00.739705,3525,True,True,True,True,Eyes,0.2209357,-0.02791594,-3.392561,-0.4908309,-0.3366843,0.8035725,0.0,0.0,0.0,0.0,0.0,0.0,0.0,0.5522689,0.910329,3.051049,0.1257194,-0.01710171,-3.229009,0.1389593,-0.1084922,-0.01514611,0.9842208,15.67895,346.9274,356.4291,0.07731276,-0.008432885,-0.996971,0.0,0.0,0.0,-0.6697569,-0.5334725,-1.434766,-0.3596111,0.02399355,2.015984,0.9760001,-0.05996621,0.2093511,-0.0003377558,0.9609218,0.2768196,-0.2177699,-0.2702467,0.9378396,moving,-31.41704,-22.73292,-10.11404,0.6818825
05/15/2023 12:32:00.759452,3526,True,True,True,True,Eyes,0.2166924,-0.02759511,-3.385,-0.4868876,-0.3348403,0.8067357,0.0,0.0,0.0,0.0,0.0,0.0,0.0,0.5391241,0.9200478,3.041025,0.1227779,-0.01689982,-3.220189,0.1408629,-0.1065032,-0.01646943,0.9841461,15.8876,347.1277,356.2789,0.07608085,-0.008410752,-0.9970659,0.0,0.0,0.0,-0.6703148,-0.5220648,-1.420747,-0.3629352,0.02610657,2.015721,0.9767717,-0.06242133,0.2049895,0.002411965,0.9597728,0.2807674,-0.2142692,-0.2737511,0.9376295,moving,-31.11216,-22.54118,-10.20688,0.7420236
05/15/2023 12:32:00.779191,3527,True,True,True,True,Eyes,0.2124542,-0.02726683,-3.377424,-0.4827948,-0.3332041,0.8098668,0.0,0.0,0.0,0.0,0.0,0.0,0.0,0.5217397,0.929689,3.03144,0.1200059,-0.01724204,-3.211147,0.1427777,-0.1037023,-0.01667137,0.9841659,16.11559,347.4422,356.2742,0.07486152,-0.008383258,-0.9971585,0.0,0.0,0.0,-0.6704832,-0.5128239,-1.407678,-0.3660697,0.02809879,2.015472,0.9779358,-0.06242753,0.19936,0.003202053,0.9586732,0.2844914,-0.2088812,-0.277576,0.9377208,moving,-30.80091,-22.36377,-10.2944,0.7987399
05/15/2023 12:32:00.796690,3528,True,True,True,True,Eyes,0.2082832,-0.02693953,-3.369795,-0.4785436,-0.3319913,0.8128824,0.0,0.0,0.0,0.0,0.0,0.0,0.0,0.5030654,0.953402,3.018356,0.1174982,-0.0167693,-3.202879,0.1471742,-0.1005338,-0.01534931,0.9838685,16.64936,347.8075,356.4217,0.07365391,-0.008350701,-0.9972486,0.0,0.0,0.0,-0.6699146,-0.5163987,-1.397926,-0.3695554,0.03031456,2.015196,0.9793147,-0.05979537,0.193306,0.000611449,0.9562083,0.2926863,-0.2023421,-0.2865138,0.9364654,moving,-30.48531,-22.21571,-10.39169,0.8618348
05/15/2023 12:32:00.809553,3529,True,True,True,True,Eyes,0.2041539,-0.02663217,-3.362144,-0.4740595,-0.330827,0.8159786,0.0,0.0,0.0,0.0,0.0,0.0,0.0,0.47877,0.9760298,3.005554,0.114871,-0.0163742,-3.194017,0.1514364,-0.09644385,-0.01408267,0.9836501,17.16979,348.2847,356.5849,0.07245819,-0.008313586,-0.9973366,0.0,0.0,0.0,-0.6649785,-0.5224956,-1.386772,-0.3724153,0.03213233,2.014968,0.9810005,-0.05691505,0.1854687,-0.001505364,0.9537374,0.3006371,-0.1939992,-0.2952043,0.9355313,moving,-30.15533,-22.0694,-10.47149,0.9136077
05/15/2023 12:32:00.829396,3530,True,True,True,True,Eyes,0.2001068,-0.02633329,-3.354467,-0.4694167,-0.330104,0.8189501,0.0,0.0,0.0,0.0,0.0,0.0,0.0,0.4551511,0.9859796,2.997059,0.1124189,-0.01653846,-3.185713,0.1535818,-0.09225703,-0.01202903,0.9837463,17.45469,348.805,356.875,0.07127392,-0.008272928,-0.9974222,0.0,0.0,0.0,-0.6579704,-0.5388955,-1.378776,-0.375597,0.03415453,2.014716,0.9826879,-0.05200502,0.1778201,-0.004670979,0.9525359,0.3043905,-0.1852099,-0.2999515,0.9358025,moving,-29.82105,-21.95347,-10.56024,0.9712154
05/15/2023 12:32:00.839762,3531,True,True,True,True,Eyes,0.1960913,-0.02600952,-3.346737,-0.464517,-0.3292843,0.822068,0.0,0.0,0.0,0.0,0.0,0.0,0.0,0.4329419,1.008495,2.983955,0.1102752,-0.01632908,-3.177429,0.1578851,-0.08823735,-0.009201244,0.9834643,17.99445,349.3075,357.2301,0.07010175,-0.008229298,-0.9975056,0.0,0.0,0.0,-0.6474971,-0.5550429,-1.368794,-0.3787032,0.03612906,2.01447,0.984259,-0.04596091,0.1706511,-0.009764536,0.9499753,0.3121725,-0.176462,-0.3089249,0.9345729,moving,-29.46902,-21.82887,-10.64686,1.027477
05/15/2023 12:32:00.859357,3532,True,True,True,True,Eyes,0.192164,-0.02566564,-3.338953,-0.4594294,-0.3283953,0.8252764,0.0,0.0,0.0,0.0,0.0,0.0,0.0,0.406368,1.011948,2.976712,0.1081181,-0.01544754,-3.168289,0.1591535,-0.08361217,-0.007502504,0.9836782,18.17119,349.8839,357.5042,0.06894082,-0.008182219,-0.997587,0.0,0.0,0.0,-0.6361909,-0.5644319,-1.357103,-0.381993,0.03822005,2.014209,0.9859055,-0.04137445,0.1621068,-0.01185425,0.9492278,0.3143663,-0.1668831,-0.3118572,0.9353583,moving,-29.10458,-21.69868,-10.73857,1.087069
05/15/2023 12:32:00.879305,3533,True,True,True,True,Eyes,0.1882666,-0.02534246,-3.331116,-0.4541164,-0.3270403,0.8287477,0.0,0.0,0.0,0.0,0.0,0.0,0.0,0.3750927,0.9964425,2.976406,0.1062306,-0.01462968,-3.159286,0.1572191,-0.07837235,-0.006965133,0.9844244,17.96577,350.5309,357.6891,0.06779278,-0.008131431,-0.9976661,0.0,0.0,0.0,-0.6249573,-0.5823229,-1.348424,-0.3855238,0.04046434,2.013929,0.9876185,-0.03835655,0.1521132,-0.01092996,0.9504673,0.3106323,-0.1564934,-0.3084489,0.9382799,moving,-28.72076,-21.53518,-10.83695,1.151046
05/15/2023 12:32:00.897003,3534,True,True,True,True,Eyes,0.184459,-0.02506047,-3.323226,-0.4485905,-0.3256701,0.8322894,0.0,0.0,0.0,0.0,0.0,0.0,0.0,0.3416741,0.979459,2.976301,0.1042473,-0.0149183,-3.150136,0.1548582,-0.07278141,-0.006592597,0.9852301,17.70898,351.2171,357.8624,0.06665673,-0.008077893,-0.997743,0.0,0.0,0.0,-0.6114601,-0.587152,-1.334428,-0.3885008,0.04235655,2.013693,0.9893188,-0.03553205,0.141371,-0.009551148,0.9519509,0.3061016,-0.1454547,-0.3041823,0.9414436,moving,-28.32395,-21.37012,-10.91988,1.204997
05/15/2023 12:32:00.909453,3535,True,True,True,True,Eyes,0.1807612,-0.02481071,-3.31528,-0.4429633,-0.3240245,0.8359376,0.0,0.0,0.0,0.0,0.0,0.0,0.0,0.3074281,0.9680262,2.974128,0.102508,-0.01562107,-3.141062,0.1533452,-0.06704655,-0.005952953,0.9858776,17.55138,351.9192,358.0586,0.06553379,-0.008023093,-0.9978179,0.0,0.0,0.0,-0.5961573,-0.5784827,-1.315909,-0.3916618,0.04436564,2.013442,0.9909387,-0.03230029,0.1303736,-0.00882476,0.9528997,0.3031574,-0.1340251,-0.3015608,0.9439801,moving,-27.91911,-21.18723,-11.0079,1.262292
05/15/2023 12:32:00.929334,3536,True,True,True,True,Eyes,0.1771558,-0.02461616,-3.307271,-0.43712,-0.3225071,0.8395923,0.0,0.0,0.0,0.0,0.0,0.0,0.0,0.2743281,0.9663055,2.96827,0.1008018,-0.01616944,-3.131965,0.1534531,-0.06152577,-0.005455322,0.9862236,17.57818,352.5849,358.2181,0.06442514,-0.007968083,-0.9978905,0.0,0.0,0.0,-0.5797215,-0.5690579,-1.296453,-0.3949164,0.04643422,2.013184,0.9923697,-0.02964297,0.1196821,-0.008122302,0.9528447,0.3033494,-0.1230306,-0.3020068,0.9453335,moving,-27.50301,-21.01296,-11.0985,1.321297
05/15/2023 12:32:00.939608,3537,True,True,True,True,Eyes,0.1737084,-0.02447786,-3.299218,-0.4312781,-0.3210589,0.8431609,0.0,0.0,0.0,0.0,0.0,0.0,0.0,0.238118,0.967237,2.961138,0.0993196,-0.01727708,-3.122567,0.1539163,-0.05560009,-0.005455783,0.9865031,17.64216,353.2882,358.3235,0.06333198,-0.00791455,-0.9979609,0.0,0.0,0.0,-0.5621477,-0.5636401,-1.278106,-0.3980514,0.04842716,2.012935,0.9937577,-0.02787981,0.1080199,-0.006351221,0.95256,0.3042845,-0.1113788,-0.3030711,0.9464368,moving,-27.08982,-20.84584,-11.18574,1.378155
05/15/2023 12:32:00.959369,3538,True,True,True,True,Eyes,0.1703482,-0.02440092,-3.291113,-0.4252422,-0.32002,0.8466145,0.0,0.0,0.0,0.0,0.0,0.0,0.0,0.2032146,0.9842955,2.948684,0.09804514,-0.01844271,-3.113666,0.1570423,-0.04993764,-0.005587834,0.9863127,18.01268,353.948,358.3907,0.06225721,-0.007864036,-0.9980289,0.0,0.0,0.0,-0.5453852,-0.5640596,-1.262026,-0.4012171,0.05043924,2.012684,0.9949501,-0.02670734,0.0967532,-0.004661935,0.950613,0.3103437,-0.1002633,-0.3092275,0.9456879,moving,-26.66972,-20.70658,-11.27381,1.435571
05/15/2023 12:32:00.979311,3539,True,True,True,True,Eyes,0.1671072,-0.02437365,-3.282964,-0.4192802,-0.3191597,0.8499066,0.0,0.0,0.0,0.0,0.0,0.0,0.0,0.1675466,1.009897,2.932424,0.09668575,-0.01976046,-3.104406,0.1616193,-0.04423085,-0.00633512,0.9858412,18.54815,354.5977,358.3809,0.06120111,-0.007818094,-0.9980946,0.0,0.0,0.0,-0.5273473,-0.5657288,-1.245644,-0.4047193,0.05266547,2.012406,0.996007,-0.02678796,0.08516143,-0.001806271,0.9476781,0.3192223,-0.08925693,-0.3181015,0.9438457,moving,-26.25828,-20.58233,-11.37119,1.499111
05/15/2023 12:32:00.989183,3540,True,True,True,True,Eyes,0.1639453,-0.024396,-3.274768,-0.413159,-0.3186096,0.8531047,0.0,0.0,0.0,0.0,0.0,0.0,0.0,0.1317271,1.033706,2.916253,0.09549552,-0.02091241,-3.095299,0.1659552,-0.0386848,-0.008215455,0.9853399,19.05097,355.2081,358.2401,0.06016458,-0.007777767,-0.998158,0.0,0.0,0.0,-0.5094705,-0.5779908,-1.233299,-0.4075721,0.05447865,2.01218,0.996872,-0.02902992,0.07350857,0.003350141,0.9447827,0.3276803,-0.07896215,-0.3264091,0.9419247,moving,-25.84093,-20.47918,-11.45049,1.550872
05/15/2023 12:32:01.012881,3541,True,True,True,True,Eyes,0.1608279,-0.02446882,-3.266522,-0.4072384,-0.3179672,0.8561856,0.0,0.0,0.0,0.0,0.0,0.0,0.0,0.09479327,1.055126,2.900115,0.09414759,-0.02207863,-3.086031,0.1699551,-0.033052,-0.01093409,0.9848367,19.51376,355.813,358.0075,0.05914798,-0.007744031,-0.9982189,0.0,0.0,0.0,-0.492197,-0.595151,-1.222397,-0.4108432,0.05655771,2.01192,0.997576,-0.03277129,0.06138505,0.01030187,0.9419914,0.3354788,-0.06881826,-0.3340332,0.9400457,moving,-25.43776,-20.37382,-11.54138,1.610235
05/15/2023 12:32:01.029235,3542,True,True,True,True,Eyes,0.1577889,-0.02460094,-3.258215,-0.4011225,-0.3174629,0.8592544,0.0,0.0,0.0,0.0,0.0,0.0,0.0,0.05682036,1.068101,2.886286,0.0927779,-0.02343521,-3.076614,0.1725661,-0.02721304,-0.01372854,0.9845263,19.81867,356.4457,357.7811,0.05815116,-0.007717822,-0.9982777,0.0,0.0,0.0,-0.475872,-0.6101822,-1.211699,-0.414013,0.05857253,2.011669,0.998142,-0.03642432,0.04884573,0.01764013,0.940065,0.3405389,-0.05832206,-0.3390445,0.9389608,moving,-25.0244,-20.27742,-11.62942,1.667775
05/15/2023 12:32:01.039196,3543,True,True,True,True,Eyes,0.1547971,-0.02478752,-3.249855,-0.3952715,-0.316778,0.8622135,0.0,0.0,0.0,0.0,0.0,0.0,0.0,0.01725009,1.07542,2.873731,0.09152783,-0.0249822,-3.066945,0.1742574,-0.02107274,-0.0164596,0.984337,20.02087,357.1192,357.5754,0.05717395,-0.007700223,-0.9983342,0.0,0.0,0.0,-0.4598878,-0.6231705,-1.200485,-0.4172495,0.06062984,2.011412,0.9985701,-0.03974776,0.03574893,0.02505944,0.9387269,0.3437498,-0.04722176,-0.3423624,0.9383805,moving,-24.62852,-20.17338,-11.71928,1.726539
05/15/2023 12:32:01.059101,3544,True,True,True,True,Eyes,0.1518729,-0.0250312,-3.241443,-0.3891524,-0.3162534,0.8651845,0.0,0.0,0.0,0.0,0.0,0.0,0.0,-0.02422013,1.080169,2.861614,0.09027143,-0.0265453,-3.057341,0.175561,-0.0145558,-0.01910983,0.9841754,20.18237,357.8409,357.391,0.05621435,-0.007692073,-0.9983888,0.0,0.0,0.0,-0.4430266,-0.6311203,-1.187418,-0.4203953,0.06262964,2.011163,0.9988459,-0.0427257,0.02194105,0.03250398,0.9376263,0.346122,-0.03536081,-0.3450094,0.9379329,moving,-24.2178,-20.07902,-11.80659,1.783672
05/15/2023 12:32:01.079354,3545,True,True,True,True,Eyes,0.149012,-0.02532989,-3.232976,-0.3832371,-0.3154872,0.8680997,0.0,0.0,0.0,0.0,0.0,0.0,0.0,-0.06776094,1.086927,2.848122,0.08885995,-0.02814229,-3.047804,0.1772545,-0.007548191,-0.02129387,0.9839058,20.3945,358.6305,357.274,0.05527405,-0.007694249,-0.9984413,0.0,0.0,0.0,-0.4248809,-0.6358486,-1.172854,-0.4236779,0.06471586,2.010902,0.9989792,-0.04457822,0.007304547,0.03922641,0.9362549,0.3491249,-0.02240228,-0.348482,0.9370477,moving,-23.81986,-19.9723,-11.89766,1.843285
05/15/2023 12:32:01.097317,3546,True,True,True,True,Eyes,0.1462141,-0.02567077,-3.224461,-0.3770008,-0.3148305,0.8710638,0.0,0.0,0.0,0.0,0.0,0.0,0.0,-0.1130145,1.088434,2.835708,0.08735855,-0.02979687,-3.038121,0.1780758,-2.328155e-05,-0.02269294,0.9837551,20.50964,359.5028,357.2672,0.05435166,-0.007707473,-0.9984918,0.0,0.0,0.0,-0.4049038,-0.6395074,-1.157768,-0.4267358,0.06665951,2.01066,0.9989701,-0.04465688,-0.008036322,0.0446403,0.9355481,0.350367,-0.008127934,-0.350365,0.936578,moving,-23.4032,-19.87149,-11.98247,1.898835
05/15/2023 12:32:01.110479,3547,True,True,True,True,Eyes,0.1435114,-0.02606174,-3.215892,-0.3708894,-0.3138028,0.8740531,0.0,0.0,0.0,0.0,0.0,0.0,0.0,-0.156171,1.087337,2.823778,0.08594379,-0.03112502,-3.028541,0.1784738,0.007428931,-0.02289081,0.9836503,20.57613,0.394383,357.4054,0.05344635,-0.00773204,-0.9985405,0.0,0.0,0.0,-0.3830956,-0.6451727,-1.1431,-0.4300546,0.0687691,2.010396,0.9988416,-0.04238137,-0.02278576,0.04768485,0.9352463,0.3507715,0.00644412,-0.3514517,0.9361839,moving,-22.99311,-19.74917,-12.07447,1.959138
05/15/2023 12:32:01.129508,3548,True,True,True,True,Eyes,0.1408524,-0.02649078,-3.207272,-0.3644896,-0.3128207,0.8770921,0.0,0.0,0.0,0.0,0.0,0.0,0.0,-0.197678,1.081046,2.813061,0.08445125,-0.03272709,-3.018749,0.1779029,0.01484669,-0.02226326,0.9836841,20.52779,1.302496,357.6428,0.05255998,-0.007768433,-0.9985873,0.0,0.0,0.0,-0.358716,-0.6484319,-1.127163,-0.4333459,0.07086116,2.010135,0.9985679,-0.03851749,-0.03713031,0.04908258,0.9357098,0.3493395,0.02128752,-0.3506617,0.9362602,moving,-22.5661,-19.62912,-12.16566,2.018951
05/15/2023 12:32:01.139434,3549,True,True,True,True,Eyes,0.1382167,-0.02695738,-3.198598,-0.3582258,-0.3115511,0.8801194,0.0,0.0,0.0,0.0,0.0,0.0,0.0,-0.2368344,1.075002,2.801829,0.08285541,-0.03412662,-3.008976,0.1774038,0.02188535,-0.02190013,0.9836511,20.4852,2.158654,357.8392,0.05169175,-0.007816734,-0.9986322,0.0,0.0,0.0,-0.3335659,-0.6508955,-1.111424,-0.43644,0.0728277,2.00989,0.9980829,-0.03531908,-0.05082543,0.05084926,0.9360965,0.3480483,0.03528477,-0.3499655,0.9360978,moving,-22.14729,-19.49331,-12.25136,2.075186
05/15/2023 12:32:01.159049,3550,True,True,True,True,Eyes,0.1356273,-0.02747188,-3.189872,-0.3517297,-0.3103367,0.8831633,0.0,0.0,0.0,0.0,0.0,0.0,0.0,-0.2720286,1.068865,2.790346,0.0809299,-0.03550085,-2.999116,0.1768596,0.02840847,-0.02127384,0.9835961,20.43383,2.958193,358.0552,0.05084014,-0.007877029,-0.9986755,0.0,0.0,0.0,-0.3080344,-0.6504947,-1.094744,-0.4395677,0.07481557,2.009642,0.9974808,-0.03180112,-0.06340988,0.05189836,0.9365362,0.3467081,0.04835995,-0.3491255,0.9358273,moving,-21.71547,-19.36108,-12.33796,2.132041
05/15/2023 12:32:01.179164,3551,True,True,True,True,Eyes,0.1330907,-0.02801368,-3.181095,-0.3454507,-0.308893,0.8861427,0.0,0.0,0.0,0.0,0.0,0.0,0.0,-0.3042797,1.06208,2.778919,0.0793394,-0.03714716,-2.9892,0.1760966,0.03455144,-0.01996514,0.9835639,20.35184,3.726433,358.3434,0.05000426,-0.007949751,-0.9987171,0.0,0.0,0.0,-0.2843301,-0.6497149,-1.078726,-0.4428453,0.07689905,2.009382,0.9968152,-0.0271052,-0.07499868,0.05144276,0.9371828,0.3450248,0.0609355,-0.3477841,0.9355924,moving,-21.29765,-19.21761,-12.42867,2.191641
05/15/2023 12:32:01.189629,3552,True,True,True,True,Eyes,0.1305879,-0.02857487,-3.172259,-0.338972,-0.307477,0.8891321,0.0,0.0,0.0,0.0,0.0,0.0,0.0,-0.3337323,1.057481,2.766552,0.07774693,-0.03837122,-2.979251,0.1757451,0.04030741,-0.01838511,0.9834383,20.31316,4.453294,358.6562,0.04918385,-0.008034638,-0.9987572,0.0,0.0,0.0,-0.2627042,-0.6488501,-1.063275,-0.4460146,0.07891375,2.00913,0.9960746,-0.02199358,-0.0857419,0.0503289,0.9375513,0.3441868,0.07281753,-0.3471511,0.9349779,moving,-20.86881,-19.07625,-12.51634,2.249283
05/15/2023 12:32:01.209535,3553,True,True,True,True,Eyes,0.1280783,-0.02916367,-3.163365,-0.3326176,-0.3057638,0.8921177,0.0,0.0,0.0,0.0,0.0,0.0,0.0,-0.3636158,1.048614,2.755158,0.07595033,-0.03939381,-2.969071,0.1747345,0.04605664,-0.01768865,0.9833788,20.19949,5.159681,358.8586,0.04837859,-0.008131163,-0.9987957,0.0,0.0,0.0,-0.2417984,-0.6478106,-1.048107,-0.4491423,0.08090162,2.008882,0.9951318,-0.01869392,-0.09676386,0.05088466,0.9383099,0.3420311,0.08440059,-0.3452899,0.9346932,moving,-20.44749,-18.9186,-12.60282,2.306167
05/15/2023 12:32:01.229493,3554,True,True,True,True,Eyes,0.1255976,-0.02979112,-3.154424,-0.326124,-0.3040363,0.8951005,0.0,0.0,0.0,0.0,0.0,0.0,0.0,-0.3917116,1.03126,2.746889,0.07407674,-0.04073335,-2.958917,0.1721641,0.05149302,-0.01735679,0.9835684,19.90477,5.818265,358.9998,0.04758669,-0.008239128,-0.9988329,0.0,0.0,0.0,-0.2223187,-0.6480061,-1.033913,-0.4522766,0.08289385,2.008634,0.9940944,-0.01641268,-0.1072703,0.05187368,0.9401165,0.3368829,0.09531739,-0.3404579,0.935416,moving,-20.01888,-18.76094,-12.68945,2.363185
05/15/2023 12:32:01.239349,3555,True,True,True,True,Eyes,0.1230921,-0.03045779,-3.145426,-0.3193653,-0.3023759,0.898095,0.0,0.0,0.0,0.0,0.0,0.0,0.0,-0.4174111,1.020398,2.736358,0.07219514,-0.04230011,-2.948915,0.1706972,0.05649596,-0.01726044,0.9835511,19.73859,6.419683,359.1072,0.04680628,-0.008358898,-0.9988688,0.0,0.0,0.0,-0.2034697,-0.6446697,-1.018733,-0.4554671,0.0849219,2.00838,0.9930205,-0.01466565,-0.1170259,0.05324046,0.941129,0.3338286,0.1052407,-0.3377292,0.9353414,moving,-19.57554,-18.60765,-12.7776,2.421239
05/15/2023 12:32:01.259209,3556,True,True,True,True,Eyes,0.1206113,-0.0311475,-3.13638,-0.3125193,-0.300693,0.9010634,0.0,0.0,0.0,0.0,0.0,0.0,0.0,-0.4415047,1.01056,2.725219,0.07027001,-0.04397,-2.938725,0.1693872,0.06127307,-0.01712586,0.983494,19.58965,6.994256,359.2137,0.04603621,-0.008490526,-0.9989035,0.0,0.0,0.0,-0.1859939,-0.6351179,-1.00198,-0.4587005,0.08697712,2.008124,0.9919046,-0.01292861,-0.1263252,0.05444412,0.9420293,0.331084,0.1147216,-0.3352814,0.9351071,moving,-19.12828,-18.45432,-12.86689,2.480081
05/15/2023 12:32:01.279265,3557,True,True,True,True,Eyes,0.1180748,-0.03182809,-3.127279,-0.3055558,-0.2990816,0.9039833,0.0,0.0,0.0,0.0,0.0,0.0,0.0,-0.4638265,0.9996542,2.714624,0.06829757,-0.04522468,-2.928637,0.1679413,0.06576236,-0.01710221,0.9834524,19.42507,7.53111,359.2983,0.04527518,-0.008633827,-0.998937,0.0,0.0,0.0,-0.1704226,-0.6298783,-0.9871045,-0.4618898,0.08900434,2.007871,0.9907657,-0.01154999,-0.1350926,0.05572684,0.9430065,0.3280751,0.123604,-0.3325739,0.9349421,moving,-18.67579,-18.30672,-12.95492,2.53813
05/15/2023 12:32:01.297315,3558,True,True,True,True,Eyes,0.1155641,-0.03249848,-3.11813,-0.2985114,-0.2973854,0.9068918,0.0,0.0,0.0,0.0,0.0,0.0,0.0,-0.4877234,0.9893793,2.70323,0.06629252,-0.04578045,-2.918511,0.166833,0.07037309,-0.01813735,0.9833034,19.30809,8.061259,359.26,0.04452084,-0.008787384,-0.9989695,0.0,0.0,0.0,-0.1559311,-0.625214,-0.9724537,-0.465245,0.09113675,2.007605,0.9894373,-0.01218793,-0.144448,0.05915015,0.9436755,0.3255422,0.1323444,-0.3306477,0.9344288,moving,-18.21941,-18.15521,-13.04748,2.599201
05/15/2023 12:32:01.309570,3559,True,True,True,True,Eyes,0.1130184,-0.03312221,-3.108921,-0.2913357,-0.2957422,0.9097583,0.0,0.0,0.0,0.0,0.0,0.0,0.0,-0.5115929,0.9740686,2.693369,0.06430937,-0.04625008,-2.90835,0.1648569,0.07497476,-0.0194193,0.9832721,19.09347,8.583413,359.1833,0.04377237,-0.008950133,-0.9990012,0.0,0.0,0.0,-0.1424422,-0.6195927,-0.9580494,-0.4683717,0.09312427,2.007357,0.9880034,-0.0134687,-0.153844,0.06290911,0.9448902,0.3212864,0.1410384,-0.3271102,0.934402,moving,-17.75684,-18.00819,-13.13371,2.656132
05/15/2023 12:32:01.329217,3560,True,True,True,True,Eyes,0.1105043,-0.03365458,-3.099665,-0.2841004,-0.2941127,0.9125704,0.0,0.0,0.0,0.0,0.0,0.0,0.0,-0.5344625,0.9625877,2.681937,0.06230741,-0.04597954,-2.898106,0.1637353,0.07938211,-0.02103057,0.9830804,18.98186,9.077506,359.0696,0.04302779,-0.009119803,-0.999032,0.0,0.0,0.0,-0.1290881,-0.6138471,-0.9439073,-0.4716209,0.09518951,2.007099,0.9865124,-0.01535417,-0.1629649,0.06734477,0.945497,0.3185909,0.1491911,-0.3252688,0.9337785,moving,-17.29235,-17.86364,-13.22327,2.715299
05/15/2023 12:32:01.339785,3561,True,True,True,True,Eyes,0.04829314,-0.04371628,-2.866543,-0.09397866,-0.2465833,0.9645541,0.0,0.0,0.0,0.0,0.0,0.0,0.0,-0.5574146,0.9530148,2.669377,0.06042791,-0.04422763,-2.887718,0.1632515,0.08379831,-0.02280369,0.9827547,18.94705,9.570992,358.9422,0.04228796,-0.009292779,-0.999062,0.0,0.0,0.0,-0.1155487,-0.6045209,-0.9288964,-0.4747081,0.09715205,2.006854,0.9849157,-0.01746047,-0.1721518,0.07218127,0.9456579,0.3170505,0.1572609,-0.3246941,0.9326536,moving,-5.564891,-14.34024,-13.30833,2.771532
05/15/2023 12:32:01.359479,3562,True,True,True,True,Eyes,0.0482256,-0.04371076,-2.866114,-0.09357002,-0.2461255,0.9647108,0.0,0.0,0.0,0.0,0.0,0.0,0.0,-0.5815703,0.932071,2.659832,0.05872877,-0.04161532,-2.876892,0.1609207,0.08841917,-0.02489022,0.9826837,18.70343,10.07909,358.7622,0.03862406,-0.01015106,-0.999202,-0.1866336,-0.0301851,0.6993656,-0.1032373,-0.5974594,-0.9148644,-0.4780431,0.0992716,2.00659,0.9831251,-0.02046148,-0.1817869,0.07737537,0.94697,0.3118667,0.1657654,-0.3206698,0.9325732,moving,-5.53995,-14.31248,-13.40016,2.832273
05/15/2023 12:32:01.379692,3563,True,True,True,True,Eyes,0.04810869,-0.04362404,-2.865322,-0.09295003,-0.2459892,0.9648055,0.0,0.0,0.0,0.0,0.0,0.0,0.0,-0.6063222,0.8940654,2.655858,0.0569316,-0.0415934,-2.866285,0.1548799,0.0934331,-0.02585444,0.9831653,18.02165,10.64813,358.6806,0.03563267,-0.01085111,-0.9993058,-0.1754356,-0.02837399,0.6574036,-0.09105397,-0.5912474,-0.9014326,-0.4815883,0.1015249,2.006308,0.9812036,-0.02189657,-0.191729,0.07978018,0.9506875,0.2997138,0.1757117,-0.3093764,0.9345649,moving,-5.502932,-14.30353,-13.49774,2.896858
05/15/2023 12:32:01.389705,3564,True,True,True,True,Eyes,0.04794395,-0.04340996,-2.864104,-0.09214954,-0.245867,0.9649135,0.0,0.0,0.0,0.0,0.0,0.0,0.0,-0.6195491,0.9005105,2.640216,0.05499277,-0.03950843,-2.856732,0.1571602,0.09635161,-0.02663479,0.9825007,18.2976,10.98757,358.6691,0.03318066,-0.0114212,-0.9993839,-0.1649095,-0.02667155,0.6179594,-0.07690477,-0.5772016,-0.8858122,-0.4843378,0.1032724,2.00609,0.980014,-0.02205213,-0.1977029,0.08262268,0.9491825,0.3036874,0.1809592,-0.3139527,0.9320341,moving,-5.455221,-14.29518,-13.57338,2.946954
05/15/2023 12:32:01.409500,3565,True,True,True,True,Eyes,0.04769482,-0.04314796,-2.862504,-0.09098688,-0.2454666,0.9651257,0.0,0.0,0.0,0.0,0.0,0.0,0.0,-0.6334214,0.8936087,2.62688,0.05362261,-0.03626913,-2.845359,0.1575019,0.0991367,-0.0289528,0.9821033,18.36726,11.27789,358.4518,0.03116238,-0.01188194,-0.9994435,-0.1550149,-0.02507126,0.5808819,-0.06062731,-0.5513383,-0.866652,-0.4875752,0.1053306,2.005834,0.9786673,-0.02564086,-0.2038452,0.08809772,0.9487098,0.3036256,0.1856047,-0.3151067,0.9307301,moving,-5.385621,-14.26985,-13.6624,3.005962
05/15/2023 12:32:01.429364,3566,True,True,True,True,Eyes,0.04739993,-0.04288076,-2.860621,-0.08965895,-0.2454738,0.9652481,0.0,0.0,0.0,0.0,0.0,0.0,0.0,-0.6544651,0.8546616,2.623316,0.05225584,-0.03503077,-2.834889,0.1515693,0.1033354,-0.03109787,0.9825383,17.71439,11.72844,358.2082,0.0294921,-0.01225218,-0.9994896,-0.145714,-0.02356699,0.546029,-0.05425604,-0.5563782,-0.8578034,-0.4908612,0.1074191,2.005573,0.9767094,-0.02978474,-0.212489,0.09243464,0.9521193,0.2914182,0.1936351,-0.3042723,0.9326971,moving,-5.306802,-14.26851,-13.75272,3.065851
05/15/2023 12:32:01.439753,3567,True,True,True,True,Eyes,0.04707345,-0.04257752,-2.858405,-0.08808468,-0.2461219,0.965228,0.0,0.0,0.0,0.0,0.0,0.0,0.0,-0.6684734,0.877383,2.602893,0.05079843,-0.03454933,-2.826293,0.1565976,0.1062744,-0.03202661,0.9814059,18.31124,12.07295,358.2147,0.02810269,-0.01254827,-0.999526,-0.1369712,-0.02215297,0.5132672,-0.04801663,-0.5516814,-0.8450182,-0.4940152,0.1094239,2.005322,0.9753601,-0.02957756,-0.2186272,0.09614684,0.948903,0.3005644,0.1985661,-0.3141788,0.9283659,moving,-5.21425,-14.30492,-13.83936,3.123345
05/15/2023 12:32:01.459218,3568,True,True,True,True,Eyes,0.04672841,-0.04219668,-2.855879,-0.0862647,-0.2467253,0.9652383,0.0,0.0,0.0,0.0,0.0,0.0,0.0,-0.6835147,0.9025452,2.579217,0.04980772,-0.03324899,-2.816124,0.1623457,0.1094616,-0.03260804,0.9801015,18.98795,12.45761,358.2803,0.02693987,-0.01278254,-0.999555,-0.1287529,-0.02082379,0.4824712,-0.03470186,-0.5242738,-0.8266767,-0.4970835,0.1113742,2.005079,0.9739097,-0.02837712,-0.2251545,0.09945963,0.9451612,0.3110919,0.2039794,-0.3253693,0.923324,moving,-5.107036,-14.33841,-13.9236,3.179287
05/15/2023 12:32:01.479266,3569,True,True,True,True,Eyes,0.04638727,-0.04177101,-2.853069,-0.0840816,-0.2473402,0.9652736,0.0,0.0,0.0,0.0,0.0,0.0,0.0,-0.7035492,0.8936031,2.566098,0.04892894,-0.03103012,-2.806245,0.1620809,0.113479,-0.03421898,0.9796332,18.98533,12.90854,358.1663,0.02588227,-0.01298145,-0.9995804,-0.1210277,-0.01957436,0.4535229,-0.02833731,-0.5418896,-0.8215573,-0.5004699,0.1135269,2.00481,0.9719031,-0.03025854,-0.233428,0.1038296,0.9451177,0.3097935,0.211243,-0.325326,0.9217045,moving,-4.978269,-14.37216,-14.01653,3.241042
05/15/2023 12:32:01.497218,3570,True,True,True,True,Eyes,0.04604973,-0.04127587,-2.849978,-0.08158477,-0.247874,0.9653509,0.0,0.0,0.0,0.0,0.0,0.0,0.0,-0.7279789,0.8805021,2.55327,0.04822446,-0.02954218,-2.796646,0.1610969,0.1181333,-0.03689606,0.9791482,18.91667,13.41375,357.9287,0.0249201,-0.013147,-0.9996027,-0.1137661,-0.0183999,0.4263116,-0.0201948,-0.5620561,-0.8159697,-0.5035138,0.1154615,2.004569,0.9693664,-0.03419159,-0.2432277,0.1103152,0.9453729,0.3067581,0.2194523,-0.3241927,0.9201846,moving,-4.830763,-14.40078,-14.10003,3.296546
05/15/2023 12:32:01.510518,3571,True,True,True,True,Eyes,0.04571864,-0.04072333,-2.846584,-0.07854656,-0.2480406,0.9655601,0.0,0.0,0.0,0.0,0.0,0.0,0.0,-0.7547714,0.8678375,2.539119,0.04785542,-0.02741978,-2.786917,0.1602893,0.1233256,-0.039008,0.9785583,18.86421,13.99562,357.7708,0.02404405,-0.01328023,-0.9996223,-0.1069401,-0.01729591,0.4007328,-0.00803933,-0.5566434,-0.8041434,-0.5068099,0.1175565,2.004307,0.9665383,-0.03680767,-0.2538677,0.1158788,0.9455714,0.3040836,0.2288574,-0.3233263,0.9181963,moving,-4.650667,-14.40707,-14.19039,3.356663
05/15/2023 12:32:01.529344,3572,True,True,True,True,Eyes,0.04540417,-0.04017315,-2.842934,-0.07508472,-0.2478214,0.9658917,0.0,0.0,0.0,0.0,0.0,0.0,0.0,-0.7851867,0.8339942,2.529769,0.04779149,-0.02559042,-2.776483,0.1554296,0.1294192,-0.04049266,0.9784952,18.34001,14.68852,357.6445,0.0232462,-0.01338242,-0.9996399,-0.1005237,-0.01625815,0.3766889,0.006863093,-0.5487736,-0.7918277,-0.5099682,0.119564,2.004057,0.9632221,-0.0390126,-0.2658596,0.1194749,0.948404,0.2936932,0.2406846,-0.3146553,0.9181846,moving,-4.445015,-14.39012,-14.27692,3.414276
05/15/2023 12:32:01.539549,3573,True,True,True,True,Eyes,0.04514345,-0.03964116,-2.839061,-0.07128678,-0.2476424,0.9662253,0.0,0.0,0.0,0.0,0.0,0.0,0.0,-0.81733,0.7999872,2.51997,0.04771687,-0.02518891,-2.766829,0.1501125,0.1360151,-0.04109345,0.9784057,17.75338,15.45672,357.6183,0.02251938,-0.01345687,-0.9996555,-0.09449226,-0.01528266,0.3540875,0.02453822,-0.5414366,-0.7797809,-0.5131641,0.1215955,2.003803,0.9596224,-0.03957698,-0.2784931,0.1212473,0.9515551,0.2825632,0.2538186,-0.3049205,0.9179322,moving,-4.219559,-14.37541,-14.36445,3.472585
05/15/2023 12:32:01.559835,3574,True,True,True,True,Eyes,0.04492082,-0.03912651,-2.83496,-0.06718352,-0.2475989,0.9665305,0.0,0.0,0.0,0.0,0.0,0.0,0.0,-0.8457795,0.7961228,2.501502,0.04786621,-0.02500784,-2.75749,0.1502981,0.1419183,-0.04097664,0.9775432,17.78683,16.16804,357.7458,0.0218573,-0.01350717,-0.9996696,-0.08882273,-0.0143657,0.3328423,0.0473791,-0.5185983,-0.7632508,-0.5164007,0.1236525,2.003547,0.9563602,-0.03745277,-0.2897801,0.122773,0.9514627,0.2822151,0.2651452,-0.3054765,0.9145393,moving,-3.976233,-14.36863,-14.45304,3.531635
05/15/2023 12:32:01.579710,3575,True,True,True,True,Eyes,0.04478677,-0.03862922,-2.830668,-0.06291786,-0.2477819,0.9667706,0.0,0.0,0.0,0.0,0.0,0.0,0.0,-0.8734922,0.797635,2.481054,0.04832237,-0.02510674,-2.748067,0.1514422,0.1476941,-0.04070089,0.976522,17.92645,16.8708,357.9065,0.02125516,-0.01353634,-0.9996822,-0.08349337,-0.01350376,0.3128718,0.07280823,-0.4958717,-0.747722,-0.519601,0.1256869,2.003293,0.9530597,-0.0347564,-0.3007807,0.1242249,0.9508173,0.2837507,0.2761254,-0.3077958,0.9105034,moving,-3.723583,-14.37539,-14.54059,3.590041
05/15/2023 12:32:01.597306,3576,True,True,True,True,Eyes,0.04468573,-0.0381367,-2.826226,-0.05841137,-0.248485,0.966873,0.0,0.0,0.0,0.0,0.0,0.0,0.0,-0.9041944,0.8017695,2.458543,0.04906425,-0.0249082,-2.738943,0.1534887,0.1537485,-0.04212376,0.9752068,18.19906,17.58087,357.8909,0.02071275,-0.01354707,-0.9996935,-0.07848377,-0.01269354,0.2940995,0.09471609,-0.4958309,-0.7381159,-0.5227353,0.1276792,2.003044,0.9491739,-0.03496144,-0.3128043,0.1293561,0.9493337,0.2864134,0.2869422,-0.3123192,0.9056053,moving,-3.457188,-14.41302,-14.62628,3.647246
05/15/2023 12:32:01.609570,3577,True,True,True,True,Eyes,0.04460721,-0.03763165,-2.821598,-0.05378602,-0.2495876,0.9668573,0.0,0.0,0.0,0.0,0.0,0.0,0.0,-0.9345373,0.8281285,2.42936,0.04973006,-0.02417192,-2.730914,0.1601181,0.1594842,-0.04462009,0.9731064,19.01747,18.25192,357.8318,0.02022338,-0.01354149,-0.9997035,-0.07377474,-0.01193192,0.2764535,0.116172,-0.4999165,-0.7295045,-0.5259771,0.1297397,2.002788,0.9451476,-0.03576759,-0.324679,0.1379128,0.9447424,0.2973916,0.2961012,-0.3258564,0.897854,moving,-3.184067,-14.47452,-14.71487,3.706418
05/15/2023 12:32:01.629431,3578,True,True,True,True,Eyes,0.04458688,-0.03715263,-2.81682,-0.04886359,-0.2507116,0.9668278,0.0,0.0,0.0,0.0,0.0,0.0,0.0,-0.9639037,0.8442899,2.402283,0.05078818,-0.02329133,-2.722091,0.1648529,0.1651695,-0.04667115,0.9712695,19.61209,18.92151,357.7974,0.01978163,-0.01352075,-0.9997118,-0.06934825,-0.01121601,0.2598663,0.1384213,-0.5067259,-0.722159,-0.5291983,0.1317871,2.002532,0.9410818,-0.03620322,-0.3362359,0.1451179,0.9412907,0.3048158,0.3054604,-0.3356504,0.8910851,moving,-2.893274,-14.53737,-14.80285,3.76522
05/15/2023 12:32:01.639188,3579,True,True,True,True,Eyes,0.0455362,-0.02571325,-2.694373,0.07400754,-0.280335,0.9570451,0.0,0.0,0.0,0.0,0.0,0.0,0.0,-0.9952172,0.8397844,2.381701,0.05201698,-0.02343184,-2.713842,0.1653283,0.1713793,-0.04826766,0.970034,19.71199,19.64739,357.7491,0.01938601,-0.01348735,-0.9997194,-0.06518736,-0.01054305,0.2442743,0.1579117,-0.5311908,-0.7205272,-0.5323479,0.1337894,2.002281,0.9365987,-0.03697485,-0.3484476,0.1503102,0.9406736,0.3042039,0.3165276,-0.3372922,0.8865914,moving,4.421838,-16.32622,-14.88883,3.822736
05/15/2023 12:32:01.659824,3580,True,True,True,True,Eyes,0.04561465,-0.02569241,-2.694037,0.07445771,-0.2804815,0.9569672,0.0,0.0,0.0,0.0,0.0,0.0,0.0,-1.024821,0.8528089,2.355554,0.05320009,-0.02340548,-2.706067,0.1694504,0.1770674,-0.05072929,0.9681737,20.24773,20.3114,357.6652,0.01900665,-0.01304233,-0.9997327,-0.05842815,0.02440766,0.5969589,0.1780364,-0.5480291,-0.7166382,-0.535557,0.135829,2.002027,0.9321473,-0.03822123,-0.3600563,0.1582378,0.9374262,0.3101499,0.3256719,-0.3460799,0.8798674,moving,4.448987,-16.33555,-14.97638,3.881326
05/15/2023 12:32:01.679246,3581,True,True,True,True,Eyes,0.04578029,-0.02566551,-2.693378,0.07515617,-0.2801637,0.9570057,0.0,0.0,0.0,0.0,0.0,0.0,0.0,-1.05661,0.8518397,2.332247,0.05501795,-0.02287921,-2.697754,0.1711814,0.1831154,-0.05378389,0.9665779,20.5251,20.99729,357.4736,0.01872269,-0.01266212,-0.9997431,-0.05492246,0.0229432,0.5611413,0.2016902,-0.5489594,-0.7093846,-0.5388335,0.1379113,2.001767,0.9271521,-0.04128077,-0.3724042,0.1666645,0.9356084,0.311223,0.335577,-0.3506176,0.8743314,moving,4.490372,-16.31741,-15.06572,3.941153
05/15/2023 12:32:01.697603,3582,True,True,True,True,Eyes,0.0460284,-0.02564353,-2.692431,0.07633621,-0.2798217,0.9570124,0.0,0.0,0.0,0.0,0.0,0.0,0.0,-1.090338,0.8297248,2.315055,0.05705391,-0.02277364,-2.689421,0.1685894,0.189794,-0.05621861,0.9656062,20.29916,21.75218,357.2758,0.01851692,-0.01233588,-0.9997504,-0.05162711,0.02156661,0.5274729,0.2220752,-0.5642983,-0.7065184,-0.5418597,0.139835,2.001527,0.9216354,-0.04457555,-0.3854883,0.1725646,0.9368342,0.3042421,0.3475768,-0.3469219,0.8711116,moving,4.560549,-16.29844,-15.14819,3.996427
05/15/2023 12:32:01.709510,3583,True,True,True,True,Eyes,0.04635598,-0.02564717,-2.691181,0.07778604,-0.2791221,0.9570999,0.0,0.0,0.0,0.0,0.0,0.0,0.0,-1.123522,0.8167395,2.294799,0.05911823,-0.02290577,-2.681688,0.1678104,0.1963128,-0.0588757,0.9642794,20.28856,22.49337,357.0875,0.01837445,-0.01205454,-0.9997562,-0.04852948,0.02027261,0.4958245,0.2448721,-0.5693123,-0.7008324,-0.5450813,0.1418827,2.001271,0.9159898,-0.0476586,-0.3983607,0.1794319,0.9367467,0.3005161,0.3588409,-0.3467483,0.8666019,moving,4.646367,-16.25843,-15.23593,4.055274
05/15/2023 12:32:01.729463,3584,True,True,True,True,Eyes,0.04678183,-0.0256874,-2.689663,0.07977142,-0.278314,0.9571718,0.0,0.0,0.0,0.0,0.0,0.0,0.0,-1.159034,0.7990553,2.273661,0.06154404,-0.02361433,-2.673394,0.1660357,0.2034572,-0.06117437,0.9629616,20.16134,23.31462,356.9312,0.01825918,-0.01180191,-0.9997612,-0.04561771,0.01905626,0.466075,0.2720132,-0.5576506,-0.6911291,-0.5483617,0.143968,2.001011,0.9097257,-0.0502548,-0.4121572,0.1853795,0.9373797,0.2948793,0.3715287,-0.3446648,0.8620746,moving,4.764064,-16.21269,-15.32522,4.115203
05/15/2023 12:32:01.739394,3585,True,True,True,True,Eyes,0.0473205,-0.02574386,-2.687879,0.08194876,-0.2773387,0.9572709,0.0,0.0,0.0,0.0,0.0,0.0,0.0,-1.194409,0.7800556,2.252784,0.06413908,-0.02457522,-2.6656,0.1637478,0.2107532,-0.06264155,0.9616891,19.95931,24.1694,356.8614,0.01817224,-0.01157657,-0.9997654,-0.04288065,0.01791288,0.4381105,0.2981191,-0.553672,-0.684278,-0.5514716,0.1459446,2.000765,0.9033182,-0.05146265,-0.4258729,0.1895041,0.9385254,0.2885451,0.3848432,-0.3413527,0.8575395,moving,4.892971,-16.15726,-15.40983,4.172017
05/15/2023 12:32:01.759422,3586,True,True,True,True,Eyes,0.04797455,-0.02583769,-2.685833,0.08465146,-0.2763086,0.9573337,0.0,0.0,0.0,0.0,0.0,0.0,0.0,-1.230049,0.7675186,2.228218,0.06704111,-0.02504696,-2.65743,0.1629885,0.2180985,-0.06436189,0.9600654,19.93987,25.03459,356.7992,0.01811518,-0.0113765,-0.9997688,-0.04030781,0.01683811,0.4118239,0.3274624,-0.5464,-0.6764523,-0.5548688,0.148104,2.000495,0.8965812,-0.05248815,-0.439758,0.1946783,0.9385846,0.2848847,0.3977971,-0.3410336,0.8517357,moving,5.05319,-16.09936,-15.50219,4.234093
05/15/2023 12:32:01.779239,3587,True,True,True,True,Eyes,0.04874009,-0.02599159,-2.683545,0.08755105,-0.275183,0.9573971,0.0,0.0,0.0,0.0,0.0,0.0,0.0,-1.266179,0.7502545,2.204054,0.07026648,-0.02607082,-2.649213,0.1611822,0.2256454,-0.06593379,0.9585182,19.80058,25.92295,356.7307,0.0180895,-0.01120065,-0.9997713,-0.03788934,0.01582782,0.3871144,0.3584474,-0.5378938,-0.6694527,-0.5578339,0.1499885,2.00026,0.8894737,-0.05365743,-0.4538252,0.1991375,0.9393461,0.2792368,0.4113158,-0.3387474,0.8462089,moving,5.224992,-16.03615,-15.58276,4.288271
05/15/2023 12:32:01.789664,3588,True,True,True,True,Eyes,0.04962733,-0.02617872,-2.681034,0.09089442,-0.2743339,0.9573292,0.0,0.0,0.0,0.0,0.0,0.0,0.0,-1.302612,0.7371087,2.177685,0.07358868,-0.02771056,-2.64126,0.1600838,0.2333211,-0.06736592,0.9567634,19.74049,26.83529,356.6986,0.01809642,-0.01104893,-0.999773,-0.03561598,0.01487815,0.3638876,0.3889646,-0.5347674,-0.6637499,-0.5613521,0.1522248,1.999981,0.8820461,-0.05420463,-0.4680346,0.2036084,0.93967,0.2748889,0.4248979,-0.3377605,0.8398688,moving,5.423737,-15.99028,-15.6783,4.35257
05/15/2023 12:32:01.809660,3589,True,True,True,True,Eyes,0.05064126,-0.02636567,-2.67827,0.09442119,-0.2734946,0.957228,0.0,0.0,0.0,0.0,0.0,0.0,0.0,-1.337823,0.7395521,2.146018,0.07720739,-0.02864383,-2.633499,0.1624677,0.2405992,-0.06926489,0.9544206,20.08753,27.71335,356.7016,0.01813743,-0.01092027,-0.9997737,-0.03347902,0.01398546,0.3420543,0.4215079,-0.5284124,-0.6578551,-0.5643541,0.154133,1.999742,0.8746289,-0.05403648,-0.4817722,0.2103949,0.9376132,0.276795,0.436759,-0.3434553,0.8314326,moving,5.633445,-15.94544,-15.75978,4.407441
05/15/2023 12:32:01.829438,3590,True,True,True,True,Eyes,0.05179353,-0.02659565,-2.675278,0.09847623,-0.2724574,0.9571152,0.0,0.0,0.0,0.0,0.0,0.0,0.0,-1.373931,0.7258162,2.117345,0.0813687,-0.02887425,-2.624917,0.1617909,0.2482826,-0.07109591,0.9524311,20.08984,28.62591,356.6373,0.01821407,-0.01081244,-0.9997736,-0.03147028,0.01314634,0.3215311,0.4544571,-0.5256373,-0.6534633,-0.5674244,0.1560845,1.999499,0.8666022,-0.05508818,-0.4959494,0.2157677,0.9375381,0.2728857,0.4499387,-0.3434932,0.8243589,moving,5.874412,-15.88981,-15.84306,4.463562
05/15/2023 12:32:01.839337,3591,True,True,True,True,Eyes,0.0530846,-0.02690073,-2.672092,0.1026367,-0.2715033,0.9569491,0.0,0.0,0.0,0.0,0.0,0.0,0.0,-1.409678,0.6998435,2.092288,0.08561861,-0.03019573,-2.616563,0.1580258,0.2562484,-0.07179316,0.9508997,19.71412,29.57565,356.6172,0.01832821,-0.01072509,-0.9997725,-0.02958206,0.01235756,0.3022392,0.4846146,-0.5362382,-0.6526121,-0.5705779,0.1580889,1.999249,0.858365,-0.05554847,-0.5100234,0.2175239,0.9397472,0.2637396,0.4646428,-0.3373272,0.8187292,moving,6.121807,-15.83957,-15.92854,4.521206
05/15/2023 12:32:01.859452,3592,True,True,True,True,Eyes,0.05451107,-0.02727097,-2.66871,0.1071288,-0.2706937,0.9566861,0.0,0.0,0.0,0.0,0.0,0.0,0.0,-1.439937,0.6904523,2.064899,0.08976763,-0.03226835,-2.608611,0.1571501,0.2631227,-0.07172205,0.9491714,19.63751,30.42491,356.7465,0.01848153,-0.01065906,-0.9997705,-0.02780714,0.0116161,0.2841049,0.5181117,-0.5337905,-0.648772,-0.5737706,0.1601185,1.998996,0.8512447,-0.05345348,-0.5220394,0.2188526,0.9403195,0.2605814,0.4769549,-0.3360682,0.8121405,moving,6.389312,-15.79883,-16.01504,4.579584
05/15/2023 12:32:01.879540,3593,True,True,True,True,Eyes,0.05607469,-0.0277038,-2.665133,0.1115827,-0.2700443,0.9563605,0.0,0.0,0.0,0.0,0.0,0.0,0.0,-1.467407,0.6886674,2.036084,0.09427566,-0.03415863,-2.600601,0.1578853,0.2693523,-0.07174934,0.9472981,19.74171,31.20552,356.9011,0.01867544,-0.01061477,-0.9997674,-0.02613871,0.01091914,0.2670586,0.5541363,-0.5198104,-0.6429346,-0.5772402,0.1623238,1.998721,0.8446027,-0.05088249,-0.5329702,0.2209896,0.9398485,0.2604772,0.4876575,-0.3377806,0.8050431,moving,6.654856,-15.76791,-16.10897,4.643019
05/15/2023 12:32:01.897852,3594,True,True,True,True,Eyes,0.05777206,-0.02815185,-2.661379,0.1162663,-0.269582,0.9559329,0.0,0.0,0.0,0.0,0.0,0.0,0.0,-1.494193,0.683382,2.007967,0.09901561,-0.03606747,-2.592383,0.1579181,0.2755184,-0.07182667,0.9455118,19.76761,31.97372,357.0271,0.01891133,-0.01059249,-0.9997631,-0.02457039,0.01026399,0.251035,0.5849463,-0.5184292,-0.6398398,-0.5802708,0.1642498,1.99848,0.8378612,-0.04880727,-0.5436971,0.2228446,0.9398056,0.2590477,0.4983262,-0.3382059,0.7983031,moving,6.934598,-15.74895,-16.19098,4.698429
05/15/2023 12:32:01.915762,3595,True,True,True,True,Eyes,0.05958709,-0.02858317,-2.657405,0.1209033,-0.2691811,0.9554706,0.0,0.0,0.0,0.0,0.0,0.0,0.0,-1.517309,0.6837516,1.980297,0.1037807,-0.036833,-2.584414,0.1594875,0.2807679,-0.07251295,0.9436498,19.98167,32.6308,357.1154,0.01919032,-0.01059073,-0.9997576,-0.02309616,0.009648149,0.2359729,0.6126474,-0.5231284,-0.6376368,-0.5835034,0.1663048,1.998224,0.8318225,-0.04729572,-0.553023,0.2264117,0.9386111,0.2602822,0.5067633,-0.3417194,0.7914663,moving,7.211761,-15.73392,-16.27839,4.757552
05/15/2023 12:32:01.929415,3596,True,True,True,True,Eyes,0.06154117,-0.02907606,-2.653245,0.125853,-0.2684727,0.9550306,0.0,0.0,0.0,0.0,0.0,0.0,0.0,-1.540057,0.6719767,1.955584,0.1090335,-0.03693944,-2.575729,0.1587923,0.2860212,-0.0735334,0.9421092,19.95388,33.26424,357.0901,0.0195129,-0.01060693,-0.999751,-0.02171039,0.00906926,0.2218145,0.6405749,-0.5249348,-0.6347844,-0.5867288,0.1683545,1.997968,0.8255695,-0.04771706,-0.5622794,0.2293889,0.9387556,0.2571352,0.5155733,-0.3412636,0.7859538,moving,7.507128,-15.70143,-16.36555,4.81653
05/15/2023 12:32:01.939252,3597,True,True,True,True,Eyes,0.06364021,-0.02962061,-2.648967,0.1306738,-0.267918,0.9545388,0.0,0.0,0.0,0.0,0.0,0.0,0.0,-1.562695,0.6455984,1.935507,0.114154,-0.03898519,-2.567187,0.1540404,0.2916672,-0.07314577,0.9411969,19.42868,33.93753,357.0927,0.01988031,-0.01064174,-0.999743,-0.02040777,0.008525104,0.2085057,0.6640339,-0.531682,-0.632718,-0.5898972,0.1703687,1.997717,0.8191599,-0.04783207,-0.5715672,0.2275462,0.9418424,0.2472963,0.5264977,-0.3326332,0.7824037,moving,7.795185,-15.67826,-16.45112,4.874487
05/15/2023 12:32:01.959429,3598,True,True,True,True,Eyes,0.1199736,-0.04310162,-2.5374,0.2533672,-0.255616,0.9329874,0.0,0.0,0.0,0.0,0.0,0.0,0.0,-1.578475,0.6477362,1.912102,0.1188873,-0.04069704,-2.559588,0.1553181,0.2955039,-0.07307964,0.9397942,19.58013,34.4315,357.228,0.02029389,-0.01069537,-0.9997336,-0.0191833,0.008013598,0.1959953,0.6887713,-0.5284512,-0.6279948,-0.5931039,0.1724072,1.997462,0.8146737,-0.04556544,-0.5781268,0.2291539,0.9410713,0.2487435,0.5327244,-0.3351248,0.7771075,moving,15.19315,-15.32168,-16.53767,4.933151
05/15/2023 12:32:01.979789,3599,True,True,True,True,Eyes,0.1202334,-0.04312938,-2.53706,0.254196,-0.2551577,0.9328874,0.0,0.0,0.0,0.0,0.0,0.0,0.0,-1.59616,0.6454614,1.886575,0.1247288,-0.04107901,-2.550739,0.1564968,0.2996602,-0.07402541,0.9382073,19.75615,34.94812,357.2527,0.02318488,-0.01136962,-0.9996635,0.1509678,-0.03291025,0.5189345,0.7168149,-0.5104202,-0.6205137,-0.596429,0.1745207,1.997198,0.809448,-0.04511065,-0.5854562,0.2326941,0.9400579,0.2492879,0.5391172,-0.3380178,0.7714251,moving,15.24209,-15.29706,-16.62735,4.993978
05/15/2023 12:32:01.997190,3600,True,True,True,True,Eyes,0.1207081,-0.04322256,-2.536412,0.2553913,-0.2546924,0.9326881,0.0,0.0,0.0,0.0,0.0,0.0,0.0,-1.616014,0.622172,1.865985,0.1306538,-0.04183933,-2.541983,0.1525866,0.3047275,-0.07367299,0.9372465,19.3248,35.55532,357.2603,0.02563909,-0.01194005,-0.9995972,0.1419098,-0.03093563,0.4877985,0.7347211,-0.5165032,-0.6172225,-0.5995494,0.176504,1.996951,0.803427,-0.04510482,-0.5936925,0.2310942,0.9425793,0.2411222,0.5487264,-0.3309229,0.767717,moving,15.31353,-15.27358,-16.71146,5.051063
05/15/2023 12:32:02.009613,3601,True,True,True,True,Eyes,0.121384,-0.04334195,-2.535456,0.2573008,-0.2543553,0.9322551,0.0,0.0,0.0,0.0,0.0,0.0,0.0,-1.635175,0.614754,1.841112,0.1361481,-0.04349159,-2.533966,0.1518365,0.3096146,-0.07322708,0.9358004,19.23974,36.17133,357.3878,0.0278285,-0.01244818,-0.9995328,0.1333952,-0.02907949,0.4585306,0.7549319,-0.521066,-0.6131421,-0.6026087,0.1784485,1.996708,0.7975532,-0.04303029,-0.601712,0.2310734,0.943167,0.2388329,0.5572379,-0.3295216,0.762169,moving,15.42941,-15.26106,-16.79387,5.107033
05/15/2023 12:32:02.029701,3602,True,True,True,True,Eyes,0.1222793,-0.04345971,-2.53419,0.2595049,-0.2539811,0.9317461,0.0,0.0,0.0,0.0,0.0,0.0,0.0,-1.652896,0.6184041,1.813061,0.1416895,-0.04419637,-2.525797,0.1540191,0.3140543,-0.0735508,0.9339371,19.50482,36.74761,357.5288,0.02982753,-0.01291084,-0.9994695,0.1253915,-0.02733473,0.4310187,0.7811187,-0.5050415,-0.6060616,-0.6058481,0.1805075,1.996451,0.7919204,-0.04064293,-0.6092703,0.2341243,0.9417368,0.2414904,0.5639575,-0.3338861,0.7552961,moving,15.5633,-15.24759,-16.88108,5.166305
05/15/2023 12:32:02.039418,3603,True,True,True,True,Eyes,0.1233772,-0.04358474,-2.532639,0.2623448,-0.2534804,0.9310869,0.0,0.0,0.0,0.0,0.0,0.0,0.0,-1.670095,0.6075777,1.789182,0.1477236,-0.04427685,-2.517093,0.152978,0.3185797,-0.07340606,0.9325859,19.39638,37.31161,357.6034,0.03166414,-0.01333266,-0.9994076,0.117868,-0.02569464,0.4051576,0.8048618,-0.5028348,-0.6023828,-0.6091563,0.1826102,1.996189,0.7862371,-0.03944356,-0.6166648,0.2343862,0.9424186,0.2385588,0.5717468,-0.3321016,0.7502095,moving,15.73581,-15.22921,-16.97007,5.226838
05/15/2023 12:32:02.059658,3604,True,True,True,True,Eyes,0.1246709,-0.04370606,-2.530815,0.2653639,-0.2529774,0.9303678,0.0,0.0,0.0,0.0,0.0,0.0,0.0,-1.686665,0.5926484,1.76727,0.1535264,-0.04460043,-2.508735,0.151031,0.3229772,-0.07356305,0.9313774,19.19912,37.84522,357.6046,0.0333631,-0.01371819,-0.9993473,0.1107959,-0.02415296,0.3808482,0.8256853,-0.5119158,-0.6006776,-0.6122382,0.1845692,1.995944,0.7805483,-0.03947072,-0.623848,0.2345891,0.9435562,0.2338154,0.5794068,-0.3288521,0.7457507,moving,15.91946,-15.21159,-17.05293,5.283237
05/15/2023 12:32:02.079243,3605,True,True,True,True,Eyes,0.1261454,-0.04380593,-2.528709,0.2689525,-0.2523851,0.9294979,0.0,0.0,0.0,0.0,0.0,0.0,0.0,-1.700738,0.5824628,1.745736,0.1594126,-0.04464453,-2.500392,0.1504042,0.3266458,-0.07439904,0.9301322,19.17144,38.2893,357.5641,0.03494632,-0.01407108,-0.9992884,0.1041481,-0.02270379,0.3579973,0.8484821,-0.5067904,-0.5957394,-0.6156257,0.1867226,1.995676,0.7755347,-0.04014409,-0.6300274,0.2366597,0.9436868,0.2311873,0.5852677,-0.3283958,0.7413622,moving,16.13793,-15.19116,-17.14394,5.34524
05/15/2023 12:32:02.097332,3606,True,True,True,True,Eyes,0.1278022,-0.04382187,-2.526359,0.2726069,-0.2518835,0.9285688,0.0,0.0,0.0,0.0,0.0,0.0,0.0,-1.71488,0.5662656,1.725444,0.1654629,-0.04429531,-2.491844,0.1487635,0.3303347,-0.07577223,0.9289817,19.05391,38.71699,357.423,0.03643329,-0.01439398,-0.9992309,0.09789926,-0.02134156,0.3365174,0.8710762,-0.4984013,-0.5906006,-0.6186305,0.1886322,1.995437,0.7702751,-0.04249852,-0.6362941,0.2390656,0.944256,0.2263368,0.5912056,-0.3264576,0.7374968,moving,16.36105,-15.17684,-17.22462,5.400225
05/15/2023 12:32:02.110312,3607,True,True,True,True,Eyes,0.1296156,-0.0437059,-2.523736,0.2767396,-0.2515254,0.9274428,0.0,0.0,0.0,0.0,0.0,0.0,0.0,-1.726324,0.5570994,1.705626,0.1714095,-0.04230557,-2.483655,0.1492874,0.333185,-0.07789884,0.9277029,19.20191,39.04893,357.2655,0.03784189,-0.01468683,-0.9991745,0.0920253,-0.02006107,0.3163264,0.8899686,-0.4949305,-0.5853546,-0.6218783,0.1906965,1.995179,0.765839,-0.04505332,-0.6414521,0.2440146,0.9432901,0.2250793,0.5949349,-0.3288982,0.733402,moving,16.61457,-15.17381,-17.31176,5.459667
05/15/2023 12:32:02.129410,3608,True,True,True,True,Eyes,0.1316121,-0.04354942,-2.520878,0.2810464,-0.2509447,0.9263043,0.0,0.0,0.0,0.0,0.0,0.0,0.0,-1.736803,0.5466262,1.686505,0.177677,-0.03909537,-2.475175,0.149843,0.3358172,-0.08011805,0.9264745,19.35751,39.35236,357.095,0.03918597,-0.01494745,-0.999119,0.08650378,-0.0188574,0.2973468,0.9094332,-0.4869683,-0.5792009,-0.6251287,0.1927626,1.994921,0.7616158,-0.04781489,-0.6462624,0.2490944,0.9422563,0.2238414,0.5982419,-0.3314615,0.7295477,moving,16.87812,-15.15813,-17.39891,5.519166
05/15/2023 12:32:02.139230,3609,True,True,True,True,Eyes,0.1337451,-0.04335818,-2.517835,0.2857686,-0.2505534,0.9249644,0.0,0.0,0.0,0.0,0.0,0.0,0.0,-1.750782,0.5231777,1.667644,0.1839396,-0.03804252,-2.46672,0.1464156,0.3397836,-0.08080483,0.9255161,19.02207,39.81049,356.9639,0.0404806,-0.01517775,-0.9990639,0.08131356,-0.01772596,0.279506,0.9243749,-0.4862224,-0.573801,-0.6284297,0.1948609,1.99466,0.7560354,-0.05007312,-0.6526126,0.2490716,0.9440661,0.2161077,0.6052882,-0.3259323,0.7262191,moving,17.16858,-15.1565,-17.48735,5.579596
05/15/2023 12:32:02.159369,3610,True,True,True,True,Eyes,0.1360581,-0.04310221,-2.51458,0.2906195,-0.2503019,0.9235201,0.0,0.0,0.0,0.0,0.0,0.0,0.0,-1.762975,0.5208842,1.645198,0.1893988,-0.0370034,-2.459438,0.1478593,0.3430932,-0.08185756,0.9239719,19.23269,40.22991,356.976,0.04173661,-0.01537947,-0.9990092,0.07643475,-0.0166624,0.2627356,0.9388961,-0.4845364,-0.5679965,-0.6314825,0.1968012,1.994417,0.7511727,-0.04980907,-0.6582237,0.2527272,0.9428739,0.2170662,0.6098102,-0.3294053,0.7208493,moving,17.4681,-15.16458,-17.56909,5.635479
05/15/2023 12:32:02.179253,3611,True,True,True,True,Eyes,0.13854,-0.0428299,-2.51113,0.2961581,-0.249692,0.9219242,0.0,0.0,0.0,0.0,0.0,0.0,0.0,-1.778581,0.514463,1.618492,0.1958996,-0.03516923,-2.451107,0.1489527,0.3473665,-0.08317658,0.9220798,19.41926,40.7657,356.9666,0.04296523,-0.01555296,-0.9989545,0.07184866,-0.01566266,0.2469715,0.9606928,-0.4685399,-0.5613803,-0.6346394,0.1988077,1.994167,0.7448362,-0.04990852,-0.6653781,0.2568733,0.9417894,0.2169071,0.6158205,-0.3324781,0.7142991,moving,17.80905,-15.15431,-17.65356,5.693268
05/15/2023 12:32:02.189640,3612,True,True,True,True,Eyes,0.1411406,-0.04260246,-2.507534,0.3019495,-0.2490655,0.9202135,0.0,0.0,0.0,0.0,0.0,0.0,0.0,-1.798617,0.4833452,1.594207,0.2020905,-0.03459834,-2.442971,0.1429535,0.3536102,-0.08193983,0.9207661,18.73569,41.52013,356.9859,0.04417672,-0.01570052,-0.9988993,0.06753774,-0.0147229,0.2321532,0.9769685,-0.4727025,-0.5587254,-0.6377918,0.2008114,1.993917,0.7364914,-0.04979524,-0.6746116,0.2519944,0.9457003,0.2053038,0.6277573,-0.3212029,0.7090483,moving,18.16621,-15.14485,-17.73785,5.750982
05/15/2023 12:32:02.209442,3613,True,True,True,True,Eyes,0.1438479,-0.04234179,-2.50379,0.3081735,-0.2490264,0.9181584,0.0,0.0,0.0,0.0,0.0,0.0,0.0,-1.817461,0.4763742,1.564573,0.2073593,-0.03541741,-2.435925,0.1420281,0.3594764,-0.08052553,0.9187602,18.59483,42.28302,357.2269,0.04537826,-0.01582661,-0.9988436,0.06348547,-0.01383952,0.218224,0.9982613,-0.4749378,-0.5564769,-0.6410688,0.2028944,1.993657,0.7285847,-0.04585579,-0.683419,0.2500788,0.9466873,0.2030855,0.6376715,-0.3188736,0.7012094,moving,18.55397,-15.17491,-17.82542,5.810984
05/15/2023 12:32:02.229450,3614,True,True,True,True,Eyes,0.1466882,-0.0420221,-2.499874,0.3146076,-0.2489599,0.9159919,0.0,0.0,0.0,0.0,0.0,0.0,0.0,-1.834349,0.4888214,1.530571,0.2127726,-0.0343803,-2.428986,0.1471524,0.3643732,-0.0812905,0.9159532,19.19654,42.95826,357.4705,0.04657529,-0.01593211,-0.9987869,0.05967635,-0.01300915,0.2051306,1.030562,-0.4489553,-0.5527952,-0.6443388,0.204973,1.993397,0.7212481,-0.04167981,-0.6914216,0.2561533,0.9434761,0.2103292,0.6435733,-0.3288095,0.6911568,moving,18.9556,-15.20527,-17.91273,5.870861
05/15/2023 12:32:02.239457,3615,True,True,True,True,Eyes,0.1496034,-0.04169925,-2.495804,0.3214256,-0.2487796,0.9136707,0.0,0.0,0.0,0.0,0.0,0.0,0.0,-1.852761,0.4754239,1.500466,0.2186117,-0.03264096,-2.421011,0.1462304,0.3702096,-0.08151685,0.9137378,19.12251,43.6957,357.5312,0.0477744,-0.01601681,-0.9987289,0.05609576,-0.0122286,0.1928227,1.058409,-0.4454202,-0.5538531,-0.6473812,0.2069068,1.993156,0.7125998,-0.04069821,-0.7003894,0.2572419,0.9439433,0.2068759,0.6527085,-0.3275892,0.683123,moving,19.38166,-15.23158,-17.9939,5.926569
05/15/2023 12:32:02.259954,3616,True,True,True,True,Eyes,0.1526099,-0.04136274,-2.491614,0.3282355,-0.2487675,0.9112498,0.0,0.0,0.0,0.0,0.0,0.0,0.0,-1.868049,0.4551921,1.476542,0.2235782,-0.03220053,-2.413703,0.1429463,0.3753844,-0.08140192,0.912155,18.77741,44.32557,357.507,0.04897957,-0.01608276,-0.9986695,0.05273002,-0.01149489,0.1812534,1.079623,-0.4653986,-0.5577829,-0.6506113,0.20896,1.9929,0.7049205,-0.04118267,-0.7080897,0.255822,0.9458802,0.1996644,0.6615453,-0.3218925,0.6773058,moving,19.8092,-15.26944,-18.08003,5.985719
05/15/2023 12:32:02.279528,3617,True,True,True,True,Eyes,0.1557012,-0.0409876,-2.487265,0.3345991,-0.2485798,0.9089838,0.0,0.0,0.0,0.0,0.0,0.0,0.0,-1.88041,0.45044,1.451395,0.2286447,-0.03151511,-2.406681,0.1444474,0.379234,-0.08345422,0.9101384,19.04021,44.81006,357.4322,0.05019485,-0.01613135,-0.9986084,0.04956622,-0.01080519,0.1703782,1.109522,-0.4617684,-0.5607046,-0.650611,0.20896,1.9929,0.698434,-0.04235107,-0.7144203,0.2614685,0.9443407,0.1996369,0.6662014,-0.3262316,0.6706331,static,20.20878,-15.29472,-18.08002,5.985718
05/15/2023 12:32:02.297318,3618,True,True,True,True,Eyes,0.2350078,-0.03105432,-2.375733,0.4909174,-0.2386118,0.8378929,0.0,0.0,0.0,0.0,0.0,0.0,0.0,-1.893209,0.4361544,1.427217,0.2341728,-0.03030603,-2.399097,0.1437441,0.3834409,-0.0852553,0.9083185,19.05718,45.31897,357.2928,0.0514223,-0.01616277,-0.9985455,0.04659224,-0.01015688,0.1601555,1.136799,-0.449255,-0.5614869,-0.6506112,0.20896,1.9929,0.6914092,-0.04464317,-0.7210827,0.2651126,0.9441383,0.1957501,0.6720629,-0.3265116,0.6646215,static,30.36583,-15.89568,-18.08002,5.985718
05/15/2023 12:32:02.309560,3619,True,True,True,True,Eyes,0.2352144,-0.0310429,-2.375482,0.4894779,-0.2380242,0.8389016,0.0,0.0,0.0,0.0,0.0,0.0,0.0,-1.905917,0.4192009,1.404078,0.2391268,-0.02942531,-2.391994,0.1421633,0.3877932,-0.08685359,0.9065664,18.97305,45.8403,357.138,0.05672025,-0.01582324,-0.998264,0.2817165,0.02025236,0.4851399,1.156545,-0.4567786,-0.56365,-0.6506114,0.2089601,1.9929,0.6841458,-0.04721718,-0.7278153,0.267737,0.9444921,0.1903984,0.6784257,-0.3251234,0.6588121,static,30.26248,-15.84039,-18.08003,5.98572
05/15/2023 12:32:02.329829,3620,True,True,True,True,Eyes,0.2356012,-0.03098772,-2.374972,0.4883007,-0.2377957,0.8396521,0.0,0.0,0.0,0.0,0.0,0.0,0.0,-1.917634,0.4149758,1.378003,0.2437532,-0.02921529,-2.384983,0.1437235,0.391818,-0.08880814,0.9043977,19.24206,46.35385,357.0853,0.06114991,-0.01553192,-0.9980069,0.2648135,0.01903722,0.4560315,1.179086,-0.4546784,-0.5645241,-0.6506115,0.20896,1.9929,0.6771834,-0.04800883,-0.7342464,0.2732627,0.9429133,0.1903732,0.683191,-0.3295597,0.6516443,static,30.1802,-15.81252,-18.08003,5.985719
05/15/2023 12:32:02.339797,3621,True,True,True,True,Eyes,0.2362685,-0.03093083,-2.374319,0.4873649,-0.2377497,0.8402086,0.0,0.0,0.0,0.0,0.0,0.0,0.0,-1.927518,0.4191774,1.351883,0.2483537,-0.02802807,-2.378268,0.1475714,0.3952025,-0.09081735,0.902103,19.75701,46.81467,357.1245,0.0649104,-0.01527795,-0.9977733,0.2489247,0.01789499,0.4286696,1.201995,-0.4492826,-0.5657371,-0.6506114,0.20896,1.9929,0.6711344,-0.04721203,-0.7398309,0.2804945,0.9399498,0.1944668,0.6862227,-0.3380318,0.6440753,static,30.11597,-15.79966,-18.08003,5.985718
05/15/2023 12:32:02.359855,3622,True,True,True,True,Eyes,0.2370764,-0.03088078,-2.373454,0.4866833,-0.2380052,0.8405313,0.0,0.0,0.0,0.0,0.0,0.0,0.0,-1.938752,0.4176865,1.324881,0.2531188,-0.02765743,-2.371433,0.1492892,0.3993478,-0.09162423,0.8999107,19.99107,47.36878,357.2144,0.06832451,-0.01504715,-0.9975488,0.2339893,0.01682129,0.4029494,1.221802,-0.4577286,-0.5688323,-0.6506113,0.2089599,1.9929,0.6642527,-0.04567067,-0.7461116,0.2841438,0.9386355,0.195514,0.6913975,-0.3418737,0.6364683,static,30.07164,-15.81002,-18.08003,5.985717
05/15/2023 12:32:02.379366,3623,True,True,True,True,Eyes,0.2380417,-0.03080679,-2.372398,0.4860771,-0.2386074,0.8407113,0.0,0.0,0.0,0.0,0.0,0.0,0.0,-1.947263,0.4271747,1.299255,0.2572131,-0.02767268,-2.365471,0.1528617,0.4027061,-0.09140927,0.8978339,20.37181,47.86468,357.4919,0.07143367,-0.01483761,-0.9973342,0.2199499,0.01581201,0.3787725,1.237891,-0.4745631,-0.5727124,-0.6506115,0.2089599,1.9929,0.6589444,-0.04102405,-0.7510722,0.2872573,0.9365553,0.2008666,0.6951802,-0.3481109,0.6289223,static,30.03537,-15.8448,-18.08003,5.985716
05/15/2023 12:32:02.397227,3624,True,True,True,True,Eyes,0.2391644,-0.03070244,-2.371125,0.4857062,-0.2392434,0.840745,0.0,0.0,0.0,0.0,0.0,0.0,0.0,-1.953301,0.4414246,1.274872,0.2614993,-0.02687912,-2.35933,0.1581831,0.4051537,-0.09189838,0.8957586,20.96844,48.26054,357.7622,0.07427612,-0.01464633,-0.9971294,0.2067529,0.01486329,0.3560461,1.258209,-0.4831265,-0.5767327,-0.6506113,0.20896,1.9929,0.6548105,-0.03646062,-0.7549132,0.2928144,0.9330656,0.2089218,0.6967661,-0.3578536,0.6216573,static,30.01542,-15.88429,-18.08003,5.985719
05/15/2023 12:32:02.409515,3625,True,True,True,True,Eyes,0.2404311,-0.03057893,-2.369676,0.4854506,-0.239645,0.8407782,0.0,0.0,0.0,0.0,0.0,0.0,0.0,-1.959624,0.43889,1.254906,0.2663259,-0.0260171,-2.352857,0.1587395,0.4080155,-0.09138379,0.8944127,21.00991,48.65697,357.9168,0.07688566,-0.01447034,-0.9969341,0.1943477,0.01397149,0.3346833,1.273946,-0.4990296,-0.5814623,-0.6506114,0.20896,1.9929,0.6503448,-0.03393326,-0.7588809,0.293006,0.9329016,0.2093854,0.700856,-0.3585293,0.6166502,static,30.00138,-15.90901,-18.08003,5.985717
05/15/2023 12:32:02.429427,3626,True,True,True,True,Eyes,0.2418375,-0.03045221,-2.36804,0.4854002,-0.2400027,0.8407053,0.0,0.0,0.0,0.0,0.0,0.0,0.0,-1.965006,0.4331793,1.238181,0.2707511,-0.02539349,-2.34692,0.1581979,0.410597,-0.09072651,0.8933936,20.92651,49.00146,358.0245,0.07929286,-0.0143074,-0.996748,0.1826869,0.0131332,0.3146023,1.285244,-0.5213506,-0.5856171,-0.6506112,0.2089602,1.9929,0.6463576,-0.03219778,-0.762355,0.2920202,0.9334843,0.208162,0.7049441,-0.3571702,0.612767,static,30.00096,-15.93287,-18.08002,5.985724
05/15/2023 12:32:02.439782,3627,True,True,True,True,Eyes,0.2433945,-0.03032158,-2.366231,0.4855312,-0.2399165,0.8406543,0.0,0.0,0.0,0.0,0.0,0.0,0.0,-1.970046,0.4281736,1.221222,0.275443,-0.02518457,-2.340789,0.1577127,0.4130948,-0.09002382,0.8923985,20.84628,49.33657,358.1375,0.08152442,-0.01415618,-0.9965701,0.1717257,0.01234521,0.2957262,1.301167,-0.5235138,-0.5864445,-0.6506111,0.20896,1.9929,0.6424968,-0.03037365,-0.7656862,0.2909748,0.9340448,0.2071084,0.7088945,-0.3558619,0.6089588,static,30.00916,-15.92835,-18.08002,5.985717
05/15/2023 12:32:02.459087,3628,True,True,True,True,Eyes,0.2450816,-0.03020346,-2.364258,0.4858566,-0.2397001,0.840528,0.0,0.0,0.0,0.0,0.0,0.0,0.0,-1.974871,0.4183338,1.206045,0.2802959,-0.02508548,-2.334623,0.1554883,0.415684,-0.08862436,0.8917264,20.54761,49.66639,358.2382,0.08360469,-0.01401546,-0.9963997,0.1614221,0.0116045,0.2779826,1.316127,-0.5211888,-0.5862424,-0.6506113,0.2089601,1.9929,0.638705,-0.02878935,-0.7689129,0.2873254,0.9359382,0.2036266,0.7137927,-0.3509855,0.6060604,static,30.02952,-15.91698,-18.08002,5.98572
05/15/2023 12:32:02.479493,3629,True,True,True,True,Eyes,0.2468796,-0.0301085,-2.362103,0.4863916,-0.2393411,0.8403208,0.0,0.0,0.0,0.0,0.0,0.0,0.0,-1.979472,0.4091444,1.191225,0.2850378,-0.02529223,-2.328699,0.1536757,0.4180722,-0.08783969,0.8910015,20.32208,49.96638,358.2868,0.08555606,-0.01388472,-0.9962359,0.1517368,0.01090823,0.2613037,1.330985,-0.5194423,-0.5857534,-0.6506112,0.20896,1.9929,0.6349996,-0.02803554,-0.7720037,0.2850256,0.937336,0.2004038,0.7180083,-0.3472971,0.6031988,static,30.06297,-15.89808,-18.08002,5.985718
05/15/2023 12:32:02.489450,3630,True,True,True,True,Eyes,0.248809,-0.03004118,-2.359803,0.4871344,-0.238982,0.8399927,0.0,0.0,0.0,0.0,0.0,0.0,0.0,-1.985041,0.4021692,1.173859,0.2899137,-0.02581529,-2.322791,0.1531097,0.4206136,-0.08811744,0.8898747,20.28095,50.29076,358.2878,0.0873957,-0.01376412,-0.9960779,0.1426326,0.01025374,0.2456254,1.347304,-0.5102602,-0.5839924,-0.6506114,0.2089601,1.9929,0.6306391,-0.02802692,-0.77557,0.285627,0.9375854,0.1983702,0.7216035,-0.3466237,0.5992832,static,30.1106,-15.88131,-18.08003,5.985722
05/15/2023 12:32:02.509545,3631,True,True,True,True,Eyes,0.2508563,-0.02998822,-2.357367,0.4880656,-0.2386431,0.8395484,0.0,0.0,0.0,0.0,0.0,0.0,0.0,-1.992016,0.3944096,1.154325,0.2949141,-0.02641618,-2.316998,0.1526086,0.4236195,-0.08867764,0.8884781,20.26178,50.6742,358.2725,0.08914199,-0.01365382,-0.9959247,0.1340746,0.009638512,0.2308879,1.362377,-0.5033147,-0.5824334,-0.6506117,0.20896,1.9929,0.6253656,-0.02828036,-0.7798193,0.2868723,0.9376938,0.1960476,0.7256874,-0.3463099,0.5945143,static,30.17128,-15.8679,-18.08004,5.98572
05/15/2023 12:32:02.529164,3632,True,True,True,True,Eyes,0.2530237,-0.02995872,-2.354795,0.4892043,-0.2383505,0.8389685,0.0,0.0,0.0,0.0,0.0,0.0,0.0,-1.999787,0.3878723,1.132746,0.2997,-0.02669916,-2.311314,0.1530603,0.4268751,-0.08997352,0.8867101,20.38063,51.09624,358.2342,0.09080963,-0.01355348,-0.9957753,0.1260301,0.009060201,0.2170346,1.377381,-0.5024492,-0.5824327,-0.6506113,0.2089602,1.9929,0.6193647,-0.02888562,-0.7845718,0.2902361,0.9369546,0.1946253,0.7294863,-0.3482551,0.5887003,static,30.24655,-15.85982,-18.08002,5.985723
05/15/2023 12:32:02.539538,3633,True,True,True,True,Eyes,0.2552941,-0.02995475,-2.352085,0.4905786,-0.2380831,0.8382417,0.0,0.0,0.0,0.0,0.0,0.0,0.0,-2.007539,0.3791281,1.11125,0.3046528,-0.02723454,-2.305487,0.1530119,0.4301899,-0.09142292,0.8849666,20.45547,51.51667,358.1551,0.09241216,-0.01346316,-0.9956291,0.1184683,0.008516589,0.2040125,1.394211,-0.5022373,-0.5838652,-0.6506116,0.20896,1.9929,0.613157,-0.03016418,-0.789385,0.2934608,0.9364584,0.1921623,0.7334298,-0.3494792,0.583048,static,30.33818,-15.85597,-18.08003,5.985719
05/15/2023 12:32:02.559931,3634,True,True,True,True,Eyes,0.2576814,-0.02996994,-2.349259,0.492145,-0.2379528,0.83736,0.0,0.0,0.0,0.0,0.0,0.0,0.0,-2.015512,0.369826,1.089399,0.3095762,-0.02786405,-2.299834,0.1529534,0.4335987,-0.09306938,0.8831396,20.54041,51.94764,358.0573,0.09396135,-0.01338301,-0.9954852,0.1113602,0.008005594,0.1917718,1.411175,-0.5061575,-0.5869732,-0.6506115,0.2089599,1.9929,0.6066607,-0.03174574,-0.7943268,0.2970273,0.9358867,0.1894489,0.7373857,-0.3508679,0.5771949,static,30.4442,-15.86357,-18.08003,5.985715
05/15/2023 12:32:02.579533,3635,True,True,True,True,Eyes,0.3204234,-0.03093769,-2.275833,0.5358197,-0.2348751,0.8110062,0.0,0.0,0.0,0.0,0.0,0.0,0.0,-2.023964,0.3625632,1.065542,0.3146676,-0.02832328,-2.29422,0.1539551,0.4371251,-0.09526528,0.8809904,20.76597,52.40533,357.9615,0.09546866,-0.01331285,-0.9953429,0.1046786,0.007525258,0.1802655,1.4287,-0.5084041,-0.5897936,-0.6506113,0.2089599,1.9929,0.5996925,-0.0332603,-0.7995391,0.3024509,0.9344447,0.1879803,0.7408729,-0.3545517,0.570439,static,33.45214,-16.15152,-18.08003,5.985716
05/15/2023 12:32:02.597658,3636,True,True,True,True,Eyes,0.3206336,-0.03096993,-2.275606,0.5361377,-0.2348538,0.8108022,0.0,0.0,0.0,0.0,0.0,0.0,0.0,-2.033039,0.3529058,1.04045,0.3198947,-0.02892011,-2.288483,0.153687,0.4412243,-0.09642182,0.8788654,20.8074,52.93563,357.924,0.09987208,-0.01332875,-0.9949105,0.286624,0.004170497,0.3897297,1.446479,-0.5108917,-0.5931565,-0.6506115,0.20896,1.9929,0.5920479,-0.0338627,-0.8051912,0.3051045,0.9341663,0.1850531,0.745916,-0.3552277,0.5634028,static,33.47441,-16.15398,-18.08003,5.985717
05/15/2023 12:32:02.609686,3637,True,True,True,True,Eyes,0.3210521,-0.03102627,-2.275162,0.5367324,-0.2348687,0.8104042,0.0,0.0,0.0,0.0,0.0,0.0,0.0,-2.041887,0.3436188,1.015079,0.3250267,-0.02972896,-2.282813,0.1529808,0.4454826,-0.09687702,0.876788,20.76755,53.49168,357.9418,0.1038439,-0.01334435,-0.9945036,0.2694266,0.003920267,0.3663459,1.464187,-0.5180082,-0.5979226,-0.6506113,0.20896,1.9929,0.5843202,-0.03358067,-0.8108281,0.3061818,0.9344234,0.1819494,0.7515468,-0.3545775,0.5562843,static,33.51659,-16.16247,-18.08003,5.985717
05/15/2023 12:32:02.629612,3638,True,True,True,True,Eyes,0.3216764,-0.0311099,-2.2745,0.5376375,-0.2347899,0.809827,0.0,0.0,0.0,0.0,0.0,0.0,0.0,-2.050265,0.3347711,0.9894819,0.3302058,-0.03035206,-2.27701,0.1528506,0.449598,-0.09789762,0.8745939,20.81757,54.03151,357.9278,0.1074378,-0.01336089,-0.9941215,0.253261,0.003685051,0.3443652,1.484992,-0.5196186,-0.6031425,-0.6506113,0.20896,1.9929,0.5765554,-0.03379864,-0.8163587,0.308684,0.9341055,0.1793353,0.7565039,-0.3553936,0.5489967,static,33.57986,-16.16825,-18.08003,5.985718
05/15/2023 12:32:02.639485,3639,True,True,True,True,Eyes,0.3225097,-0.03123697,-2.273659,0.5388153,-0.2345649,0.809109,0.0,0.0,0.0,0.0,0.0,0.0,0.0,-2.058702,0.320959,0.964437,0.3356454,-0.03111899,-2.271075,0.1511536,0.4539444,-0.09863099,0.872559,20.69093,54.58071,357.8625,0.1107019,-0.01337963,-0.9937631,0.2380653,0.003463948,0.3237033,1.506599,-0.5192613,-0.6086402,-0.6506113,0.2089601,1.9929,0.5684129,-0.03489204,-0.8220032,0.3093534,0.934849,0.1742349,0.7623696,-0.3533268,0.5421742,static,33.6611,-16.16714,-18.08002,5.985721
05/15/2023 12:32:02.659743,3640,True,True,True,True,Eyes,0.323537,-0.03138217,-2.27262,0.5402694,-0.2343273,0.8082077,0.0,0.0,0.0,0.0,0.0,0.0,0.0,-2.066797,0.3063374,0.9399102,0.3408975,-0.03230427,-2.265318,0.1489914,0.4582916,-0.09925775,0.8705851,20.51162,55.12473,357.7812,0.1136793,-0.01340233,-0.9934267,0.2237814,0.003256111,0.3042811,1.527232,-0.5214355,-0.6143082,-0.6506112,0.2089601,1.9929,0.5602335,-0.03626166,-0.8275406,0.3093876,0.935899,0.1684414,0.7683865,-0.3503973,0.5355409,static,33.76187,-16.1687,-18.08002,5.985722
05/15/2023 12:32:02.679231,3641,True,True,True,True,Eyes,0.324752,-0.03152639,-2.271365,0.5420085,-0.233955,0.8071505,0.0,0.0,0.0,0.0,0.0,0.0,0.0,-2.075049,0.2927521,0.9137256,0.3464615,-0.03290102,-2.259493,0.1480498,0.4626328,-0.1008357,0.8682652,20.51134,55.67746,357.6675,0.1164084,-0.01342952,-0.9931103,0.2103545,0.003060745,0.2860242,1.549798,-0.5172168,-0.6193627,-0.6506115,0.2089601,1.9929,0.5516062,-0.03811894,-0.8332332,0.3120897,0.9358268,0.1637932,0.7735184,-0.3503928,0.5281044,static,33.8817,-16.16439,-18.08003,5.98572
05/15/2023 12:32:02.697365,3642,True,True,True,True,Eyes,0.3261549,-0.03170944,-2.269917,0.5441435,-0.2332432,0.805919,0.0,0.0,0.0,0.0,0.0,0.0,0.0,-2.083568,0.2719288,0.8874754,0.3522302,-0.03311484,-2.253364,0.1451297,0.4674473,-0.1022306,0.8660133,20.30047,56.26476,357.4709,0.1189233,-0.01346085,-0.9928119,0.1977332,0.0028771,0.2688627,1.57237,-0.5114534,-0.6244338,-0.6506113,0.2089601,1.9929,0.5420838,-0.04138505,-0.8393046,0.312747,0.9369726,0.1557937,0.7799579,-0.3469433,0.5208607,static,34.02659,-16.14112,-18.08002,5.98572
05/15/2023 12:32:02.709626,3643,True,True,True,True,Eyes,0.3277181,-0.03193271,-2.268289,0.5464453,-0.2325494,0.804561,0.0,0.0,0.0,0.0,0.0,0.0,0.0,-2.092672,0.2480717,0.8594965,0.3579794,-0.03432529,-2.24727,0.1400215,0.4730375,-0.1021667,0.8638238,19.78949,56.943,357.3175,0.1212551,-0.01349771,-0.9925293,0.1858692,0.002704474,0.252731,1.594339,-0.5108479,-0.6306965,-0.6506113,0.2089601,1.9929,0.5315949,-0.0440372,-0.8458533,0.3089789,0.9399118,0.1452505,0.7886311,-0.3385653,0.513259,static,34.18373,-16.12135,-18.08003,5.985721
05/15/2023 12:32:02.729524,3644,True,True,True,True,Eyes,0.3294618,-0.03218318,-2.26648,0.5490392,-0.2318486,0.8029957,0.0,0.0,0.0,0.0,0.0,0.0,0.0,-2.100515,0.2351494,0.8305026,0.3633084,-0.03555359,-2.241413,0.1385393,0.4779729,-0.1029618,0.8612478,19.6978,57.58374,357.2656,0.12343,-0.01354141,-0.9922606,0.1747171,0.002542205,0.2375671,1.619274,-0.5018229,-0.6367252,-0.6506113,0.2089598,1.9929,0.5218815,-0.0449152,-0.8518348,0.3097873,0.9404114,0.1402074,0.7947777,-0.3370592,0.5046975,static,34.36193,-16.10499,-18.08003,5.985715
05/15/2023 12:32:02.739475,3645,True,True,True,True,Eyes,0.3313639,-0.03246474,-2.264493,0.551792,-0.2312723,0.8012732,0.0,0.0,0.0,0.0,0.0,0.0,0.0,-2.108463,0.2215148,0.7996122,0.3692372,-0.03647305,-2.235262,0.1373456,0.4831003,-0.104121,0.8584341,19.65806,58.25315,357.1966,0.1254731,-0.01359259,-0.9920036,0.1642341,0.002389673,0.2233131,1.648345,-0.483997,-0.643723,-0.6506116,0.2089599,1.9929,0.511546,-0.04605858,-0.8580206,0.3114653,0.94059,0.1352026,0.8008183,-0.336406,0.4955007,static,34.55301,-16.09978,-18.08003,5.985715
05/15/2023 12:32:02.759414,3646,True,True,True,True,Eyes,0.3334177,-0.03278856,-2.262339,0.5547913,-0.2307374,0.799354,0.0,0.0,0.0,0.0,0.0,0.0,0.0,-2.115967,0.2069558,0.7682931,0.3748176,-0.03751616,-2.229019,0.135365,0.4884953,-0.1046879,0.8556222,19.50698,58.95587,357.1483,0.1274053,-0.01365195,-0.9917566,0.15438,0.002246293,0.2099143,1.672412,-0.4815482,-0.6520906,-0.6506115,0.2089601,1.9929,0.5008257,-0.04689615,-0.8642768,0.3113968,0.9414335,0.1293635,0.8075925,-0.3339216,0.4860975,static,34.76257,-16.10104,-18.08003,5.985721
05/15/2023 12:32:02.779395,3647,True,True,True,True,Eyes,0.3356191,-0.0331443,-2.26001,0.5578223,-0.2304182,0.7973341,0.0,0.0,0.0,0.0,0.0,0.0,0.0,-2.122214,0.1989128,0.737445,0.3803729,-0.03884673,-2.222834,0.1349897,0.4933644,-0.1051305,0.8528289,19.51061,59.61679,357.1955,0.1292454,-0.01372065,-0.9915174,0.1451172,0.002111515,0.1973194,1.697454,-0.4803846,-0.661289,-0.6506113,0.2089601,1.9929,0.4910783,-0.04611843,-0.869894,0.3125148,0.9414507,0.1265109,0.8131278,-0.3339815,0.4767387,static,34.97699,-16.11855,-18.08003,5.985721
05/15/2023 12:32:02.790276,3648,True,True,True,True,Eyes,0.3944638,-0.04255237,-2.198093,0.6368603,-0.2187394,0.7392984,0.0,0.0,0.0,0.0,0.0,0.0,0.0,-2.127331,0.1910696,0.7081612,0.3861188,-0.0399432,-2.216496,0.1342603,0.4979255,-0.1051,0.8502932,19.45006,60.23668,357.2629,0.1310104,-0.01379928,-0.9912846,0.1364102,0.001984824,0.1854803,1.723495,-0.4757555,-0.6709353,-0.6506112,0.20896,1.9929,0.4820484,-0.04502836,-0.8749868,0.3124348,0.9418563,0.1236572,0.8185438,-0.3329851,0.4680887,static,40.74288,-16.48213,-18.08002,5.985717
05/15/2023 12:32:02.809501,3649,True,True,True,True,Eyes,0.3947123,-0.04258475,-2.197861,0.6370068,-0.2187592,0.7391663,0.0,0.0,0.0,0.0,0.0,0.0,0.0,-2.132296,0.1801511,0.679903,0.3919935,-0.0408379,-2.210448,0.1323142,0.5025391,-0.1047054,0.8479294,19.24592,60.84862,357.2936,0.135584,-0.01432596,-0.9906619,0.3047597,-0.02635848,0.3601012,1.746657,-0.4777077,-0.6803427,-0.6506116,0.2089599,1.9929,0.4729825,-0.04457951,-0.8799434,0.3105518,0.9430594,0.1191491,0.8245273,-0.3296234,0.4598948,static,40.75447,-16.48633,-18.08003,5.985714
05/15/2023 12:32:02.830108,3650,True,True,True,True,Eyes,0.3952075,-0.04264698,-2.19739,0.6375453,-0.2185005,0.7387784,0.0,0.0,0.0,0.0,0.0,0.0,0.0,-2.136791,0.1673522,0.652123,0.3979214,-0.04163729,-2.20433,0.1296732,0.5071638,-0.1041915,0.8456442,18.96552,61.45285,357.2917,0.1397104,-0.01480132,-0.9900814,0.2864742,-0.02477697,0.3384951,1.769055,-0.4774429,-0.6885262,-0.6506115,0.2089601,1.9929,0.463858,-0.04468673,-0.8847818,0.307749,0.9446579,0.1136305,0.8307385,-0.3249992,0.4519394,static,40.79328,-16.47607,-18.08003,5.985721
05/15/2023 12:32:02.839639,3651,True,True,True,True,Eyes,0.3959252,-0.04274042,-2.196695,0.6382532,-0.2182024,0.7382551,0.0,0.0,0.0,0.0,0.0,0.0,0.0,-2.141482,0.1518399,0.6227248,0.4041863,-0.04247972,-2.198093,0.1258112,0.512254,-0.1031828,0.8432797,18.53595,62.10827,357.2718,0.1434473,-0.01523205,-0.9895404,0.2692857,-0.02329035,0.3181854,1.792359,-0.4716788,-0.696525,-0.6506115,0.20896,1.9929,0.4538983,-0.04512937,-0.8899099,0.3029185,0.9470497,0.1064764,0.8379838,-0.3178996,0.4435347,static,40.84482,-16.46584,-18.08003,5.985718
05/15/2023 12:32:02.859670,3652,True,True,True,True,Eyes,0.3968605,-0.04287332,-2.195787,0.6392723,-0.2177755,0.737499,0.0,0.0,0.0,0.0,0.0,0.0,0.0,-2.145352,0.1393814,0.5940449,0.4101059,-0.04334763,-2.191983,0.1228419,0.5170348,-0.1023245,0.8409011,18.20431,62.73555,357.2811,0.1468455,-0.0156242,-0.9890357,0.2531286,-0.02189293,0.2990943,1.816016,-0.4628587,-0.7042665,-0.6506115,0.20896,1.9929,0.4444095,-0.04506247,-0.8946897,0.2991166,0.9488792,0.1007851,0.8444107,-0.3124064,0.4351698,static,40.91911,-16.45131,-18.08003,5.985719
05/15/2023 12:32:02.879422,3653,True,True,True,True,Eyes,0.3980092,-0.04296755,-2.19469,0.6404495,-0.2175222,0.7365519,0.0,0.0,0.0,0.0,0.0,0.0,0.0,-2.148778,0.1280431,0.5656065,0.4161327,-0.0444608,-2.185957,0.1206307,0.5215662,-0.1020868,0.8384482,17.98544,63.33567,357.2668,0.1499504,-0.01598359,-0.9885641,0.2379408,-0.02057935,0.2811486,1.842191,-0.4487646,-0.7129382,-0.6506113,0.2089602,1.9929,0.4350939,-0.04535525,-0.899242,0.2970228,0.950053,0.09579505,0.8499827,-0.3087752,0.4268338,static,41.00774,-16.45319,-18.08003,5.985723
05/15/2023 12:32:02.889571,3654,True,True,True,True,Eyes,0.3993928,-0.04299998,-2.193392,0.6419157,-0.2171235,0.7353922,0.0,0.0,0.0,0.0,0.0,0.0,0.0,-2.15137,0.1173356,0.5391223,0.4221983,-0.0435928,-2.18006,0.1205678,0.5254261,-0.1034384,0.8358777,18.07479,63.86292,357.2129,0.1528021,-0.0163119,-0.9881219,0.2236644,-0.01934459,0.2642797,1.866298,-0.4383464,-0.7215772,-0.6506113,0.2089599,1.9929,0.4264558,-0.04622481,-0.9033266,0.2996227,0.9495278,0.0928613,0.8534412,-0.3102583,0.4187815,static,41.11735,-16.44916,-18.08003,5.985717
05/15/2023 12:32:02.909492,3655,True,True,True,True,Eyes,0.4009955,-0.04303833,-2.191917,0.6437834,-0.2163242,0.7339938,0.0,0.0,0.0,0.0,0.0,0.0,0.0,-2.15419,0.0989309,0.5112606,0.4290901,-0.04219243,-2.173893,0.1179227,0.5298969,-0.1042702,0.8333254,17.88099,64.44054,357.0603,0.1554383,-0.01660964,-0.9877057,0.2102445,-0.01818392,0.2484229,1.889052,-0.4317873,-0.7302459,-0.6506113,0.20896,1.9929,0.4166741,-0.04880819,-0.9077447,0.2987557,0.950444,0.08603113,0.8585615,-0.3070409,0.4106071,static,41.25389,-16.42141,-18.08003,5.985719
05/15/2023 12:32:02.930726,3656,True,True,True,True,Eyes,0.4027696,-0.04302328,-2.190284,0.6457689,-0.2157094,0.7324289,0.0,0.0,0.0,0.0,0.0,0.0,0.0,-2.156985,0.08231708,0.4816229,0.4356715,-0.04243742,-2.167882,0.1125483,0.5350721,-0.1022337,0.831011,17.24525,65.10307,357.0307,0.1578911,-0.01688023,-0.987312,0.1976299,-0.01709288,0.2335176,1.908173,-0.4334189,-0.7383512,-0.6506116,0.2089601,1.9929,0.4064922,-0.04947169,-0.912314,0.2903574,0.9537624,0.07765291,0.8662891,-0.2964624,0.4020614,static,41.40202,-16.41035,-18.08003,5.985719
05/15/2023 12:32:02.939098,3657,True,True,True,True,Eyes,0.404771,-0.04292091,-2.18846,0.6479661,-0.21507,0.7306743,0.0,0.0,0.0,0.0,0.0,0.0,0.0,-2.157946,0.07847658,0.4578762,0.4414761,-0.04109932,-2.162395,0.1140286,0.5381648,-0.1030271,0.8287108,17.45068,65.55642,357.1143,0.1601883,-0.01712416,-0.9869377,0.1857721,-0.01606731,0.2195065,1.931452,-0.4237342,-0.7470278,-0.6506115,0.20896,1.9929,0.3995281,-0.04802698,-0.9154621,0.2934918,0.9527658,0.07810239,0.8684699,-0.2998847,0.3947522,static,41.5668,-16.4015,-18.08003,5.985719
05/15/2023 12:32:02.959591,3658,True,True,True,True,Eyes,0.4069576,-0.04277312,-2.186493,0.6503343,-0.2141272,0.7288449,0.0,0.0,0.0,0.0,0.0,0.0,0.0,-2.158305,0.06593731,0.4354072,0.4489411,-0.03892693,-2.156188,0.1121002,0.5412847,-0.1028602,0.8269609,17.263,65.96883,357.0728,0.1623567,-0.01734028,-0.9865795,0.1746258,-0.01510327,0.2063361,1.958304,-0.4017724,-0.756825,-0.6506118,0.20896,1.9929,0.3928613,-0.04876644,-0.9183038,0.291479,0.9537067,0.0740517,0.8721812,-0.2967583,0.3888888,static,41.74192,-16.37225,-18.08004,5.985719
05/15/2023 12:32:02.979173,3659,True,True,True,True,Eyes,0.4092912,-0.04260111,-2.184368,0.6527923,-0.213602,0.7267987,0.0,0.0,0.0,0.0,0.0,0.0,0.0,-2.158443,0.05184478,0.415946,0.455481,-0.03777094,-2.150741,0.1078473,0.5443084,-0.1014526,0.8257148,16.77088,66.3429,356.9984,0.1644189,-0.01752944,-0.9862345,0.1641482,-0.01419708,0.1939559,1.97364,-0.4084027,-0.7637625,-0.6506114,0.20896,1.9929,0.3868716,-0.05013736,-0.9207696,0.2849461,0.9561527,0.06765926,0.877004,-0.2885452,0.3841948,static,41.92939,-16.37776,-18.08003,5.985718
05/15/2023 12:32:02.989573,3660,True,True,True,True,Eyes,0.4118058,-0.04234065,-2.182131,0.6552315,-0.2134081,0.7246576,0.0,0.0,0.0,0.0,0.0,0.0,0.0,-2.15825,0.04667051,0.3978381,0.4616661,-0.0369966,-2.145691,0.1099777,0.5461619,-0.1037289,0.823925,17.12949,66.62005,356.9529,0.1663933,-0.01769337,-0.9859004,0.1542993,-0.01334525,0.1823186,1.992419,-0.399322,-0.768238,-0.6506114,0.2089601,1.9929,0.3818949,-0.05079834,-0.9228086,0.2910608,0.9542904,0.06792118,0.8771772,-0.2945322,0.379224,static,42.11972,-16.40944,-18.08003,5.98572
05/15/2023 12:32:03.009357,3661,True,True,True,True,Eyes,0.4145036,-0.04201281,-2.179783,0.657869,-0.2132328,0.7223159,0.0,0.0,0.0,0.0,0.0,0.0,0.0,-2.15837,0.03827405,0.3787808,0.4684704,-0.03455551,-2.140758,0.1129725,0.548092,-0.1071944,0.8217917,17.64897,66.91346,356.8512,0.168298,-0.01783068,-0.9855747,0.1450414,-0.01254454,0.1713795,2.011102,-0.3803951,-0.7718778,-0.6506113,0.20896,1.992901,0.376209,-0.05234432,-0.925055,0.3000216,0.9514931,0.06817488,0.876615,-0.3031844,0.3736647,static,42.32655,-16.44698,-18.08002,5.985717
05/15/2023 12:32:03.029342,3662,True,True,True,True,Eyes,0.4173623,-0.04165716,-2.177348,0.6606445,-0.2129443,0.7198635,0.0,0.0,0.0,0.0,0.0,0.0,0.0,-2.158955,0.02242754,0.3569536,0.4755328,-0.03263135,-2.135839,0.1108763,0.5512618,-0.1080883,0.8198378,17.51593,67.32468,356.6945,0.1701483,-0.01794099,-0.9852549,0.1363389,-0.01179186,0.1610967,2.022148,-0.3915113,-0.7753532,-0.6506112,0.20896,1.9929,0.3688545,-0.0549859,-0.9278594,0.2994734,0.9520468,0.0626313,0.8799217,-0.3009711,0.3676336,static,42.54372,-16.47885,-18.08002,5.985718
05/15/2023 12:32:03.039342,3663,True,True,True,True,Eyes,0.493065,-0.03217822,-2.114435,0.7335297,-0.2049966,0.648005,0.0,0.0,0.0,0.0,0.0,0.0,0.0,-2.160292,0.005616255,0.334412,0.4827576,-0.03057867,-2.131838,0.1086983,0.5546124,-0.1091503,0.8177263,17.38812,67.76074,356.5192,0.1719584,-0.01802583,-0.984939,0.1281585,-0.01108435,0.1514309,2.033403,-0.4058921,-0.7799845,-0.6506111,0.2089598,1.9929,0.3609827,-0.05793925,-0.9307711,0.2990809,0.9525418,0.05669865,0.8833133,-0.298843,0.3611796,static,48.54241,-17.55479,-18.08003,5.985715
05/15/2023 12:32:03.059620,3664,True,True,True,True,Eyes,0.4934042,-0.03205015,-2.114287,0.733875,-0.2047158,0.6477028,0.0,0.0,0.0,0.0,0.0,0.0,0.0,-2.161218,-0.01174092,0.3097154,0.4897871,-0.02966098,-2.127476,0.1069427,0.5582602,-0.111049,0.8152159,17.3586,68.24116,356.2964,0.1774972,-0.01770757,-0.9839618,0.3475772,0.01801751,0.3310817,2.051726,-0.3977225,-0.7864193,-0.6506114,0.2089601,1.9929,0.3520272,-0.06165399,-0.9339569,0.3004615,0.9524628,0.05037438,0.8864534,-0.2983513,0.3538175,static,48.56905,-17.53989,-18.08003,5.985721
05/15/2023 12:32:03.079243,3665,True,True,True,True,Eyes,0.494051,-0.03187396,-2.113957,0.7347895,-0.2039926,0.6468937,0.0,0.0,0.0,0.0,0.0,0.0,0.0,-2.162434,-0.03599187,0.2808386,0.4974965,-0.02763492,-2.12321,0.102477,0.563009,-0.1120514,0.8123817,17.01803,68.84827,356.0022,0.1824938,-0.0174148,-0.9830525,0.3267226,0.01693646,0.3112168,2.070749,-0.3894038,-0.7946252,-0.6506114,0.20896,1.9929,0.3409307,-0.06666601,-0.9377217,0.2974479,0.9538859,0.04032895,0.8917909,-0.2926727,0.3450387,static,48.63997,-17.50224,-18.08003,5.985718
05/15/2023 12:32:03.089821,3666,True,True,True,True,Eyes,0.494969,-0.03172512,-2.113485,0.7360594,-0.2030647,0.645741,0.0,0.0,0.0,0.0,0.0,0.0,0.0,-2.16346,-0.06145296,0.2470742,0.5054277,-0.02647191,-2.118779,0.09536945,0.5688221,-0.1112031,0.8093084,16.3125,69.5903,355.7276,0.1870185,-0.01714297,-0.9822066,0.3071193,0.01592027,0.2925438,2.090152,-0.3851058,-0.8041841,-0.6506112,0.2089599,1.9929,0.3281506,-0.07149861,-0.9419157,0.2884916,0.9570771,0.02785709,0.8994942,-0.2808761,0.3346922,static,48.73969,-17.45668,-18.08003,5.985717
05/15/2023 12:32:03.109376,3667,True,True,True,True,Eyes,0.4961296,-0.03158233,-2.112862,0.7377224,-0.2022956,0.6440824,0.0,0.0,0.0,0.0,0.0,0.0,0.0,-2.164527,-0.07676125,0.2122728,0.5126728,-0.02704681,-2.114844,0.09173889,0.5743724,-0.1109886,0.8058299,15.98284,70.34455,355.6157,0.1911326,-0.01689135,-0.9814186,0.2886921,0.01496506,0.2749912,2.115088,-0.3682047,-0.817063,-0.6506114,0.2089599,1.9929,0.3155559,-0.07349133,-0.9460568,0.2842605,0.958531,0.02035429,0.9053289,-0.2753495,0.3233608,static,48.8768,-17.43664,-18.08003,5.985715
05/15/2023 12:32:03.129525,3668,True,True,True,True,Eyes,0.4975601,-0.03139853,-2.112119,0.7395409,-0.2018382,0.6421375,0.0,0.0,0.0,0.0,0.0,0.0,0.0,-2.164974,-0.08355532,0.1809057,0.5196316,-0.02701305,-2.110942,0.09456699,0.5786203,-0.1137658,0.802068,16.46041,70.9819,355.6309,0.1948899,-0.01665832,-0.9806834,0.2713706,0.01406715,0.2584917,2.144814,-0.3397212,-0.8331289,-0.6506114,0.2089599,1.9929,0.304512,-0.07305913,-0.9497025,0.2919326,0.9562289,0.02004386,0.9066685,-0.2833527,0.3125114,static,49.03248,-17.4491,-18.08003,5.985717
05/15/2023 12:32:03.139517,3669,True,True,True,True,Eyes,0.4992421,-0.03121745,-2.111244,0.7417337,-0.2013541,0.6397559,0.0,0.0,0.0,0.0,0.0,0.0,0.0,-2.165215,-0.0936936,0.1496803,0.527402,-0.02578582,-2.107254,0.09688348,0.5828344,-0.1166309,0.7983201,16.89634,71.61185,355.6074,0.1983396,-0.01644022,-0.9799952,0.2550883,0.01322312,0.2429822,2.170998,-0.3276819,-0.8506497,-0.6506114,0.2089599,1.9929,0.2934027,-0.07328364,-0.953176,0.2991517,0.9540216,0.01873502,0.9079775,-0.2906411,0.3018354,static,49.22176,-17.47065,-18.08003,5.985716
05/15/2023 12:32:03.159457,3670,True,True,True,True,Eyes,0.5011435,-0.03106555,-2.110291,0.7440736,-0.2012506,0.6370656,0.0,0.0,0.0,0.0,0.0,0.0,0.0,-2.165148,-0.1058177,0.115641,0.5351071,-0.02570325,-2.103671,0.09640063,0.587819,-0.1179295,0.7945241,16.9674,72.32813,355.5589,0.2015252,-0.01623576,-0.9793485,0.239783,0.01242974,0.2284033,2.189415,-0.3443601,-0.8660622,-0.6506114,0.20896,1.9929,0.2811229,-0.07406343,-0.9568096,0.3007279,0.9535991,0.01454282,0.9113357,-0.2918277,0.2903515,static,49.43032,-17.53145,-18.08003,5.985718
05/15/2023 12:32:03.179088,3671,True,True,True,True,Eyes,0.5032752,-0.03092959,-2.109232,0.746592,-0.2014433,0.6340513,0.0,0.0,0.0,0.0,0.0,0.0,0.0,-2.165274,-0.112643,0.08170581,0.5421183,-0.02616341,-2.100762,0.09964538,0.592486,-0.1208391,0.7902083,17.49798,73.04903,355.6163,0.2044839,-0.01604495,-0.9787381,0.2253961,0.01168395,0.2146991,2.20853,-0.357973,-0.8816643,-0.6506114,0.20896,1.9929,0.2687166,-0.07289911,-0.9604566,0.309053,0.9509374,0.01429029,0.9122924,-0.3006721,0.2780623,static,49.66006,-17.62548,-18.08003,5.98572
05/15/2023 12:32:03.189614,3672,True,True,True,True,Eyes,0.505631,-0.03079705,-2.108106,0.7492683,-0.2018324,0.6307621,0.0,0.0,0.0,0.0,0.0,0.0,0.0,-2.164749,-0.1198316,0.04720569,0.5497459,-0.02634077,-2.097573,0.1033743,0.5970829,-0.1239909,0.7857684,18.0907,73.77413,355.6917,0.2072499,-0.01586722,-0.9781591,0.2118723,0.01098292,0.2018171,2.231246,-0.359836,-0.8994798,-0.6506115,0.2089601,1.9929,0.2562366,-0.07141016,-0.9639727,0.3183022,0.94788,0.01439086,0.9127027,-0.3105222,0.2656115,static,49.90807,-17.74373,-18.08003,5.985721
05/15/2023 12:32:03.209459,3673,True,True,True,True,Eyes,0.5081963,-0.03067823,-2.106897,0.7520572,-0.2022138,0.6273114,0.0,0.0,0.0,0.0,0.0,0.0,0.0,-2.163818,-0.1304559,0.01364529,0.5573188,-0.02624466,-2.09476,0.1047195,0.6018022,-0.126151,0.7816353,18.39347,74.4906,355.6989,0.2098528,-0.01570146,-0.9776067,0.19916,0.01032394,0.1897081,2.249975,-0.379236,-0.9187415,-0.650611,0.2089599,1.9929,0.2438402,-0.07116722,-0.9672008,0.323249,0.9462395,0.01186917,0.9143588,-0.3155409,0.2537359,static,50.16759,-17.86672,-18.08002,5.985717
05/15/2023 12:32:03.229316,3674,True,True,True,True,Eyes,0.5109836,-0.03058176,-2.105634,0.7550057,-0.2026686,0.623612,0.0,0.0,0.0,0.0,0.0,0.0,0.0,-2.162279,-0.1426744,-0.01910424,0.5648611,-0.02645352,-2.091986,0.106228,0.6063516,-0.1289578,0.7774467,18.75734,75.18572,355.6578,0.2123193,-0.01554712,-0.9770764,0.1872104,0.009704504,0.1783256,2.268473,-0.4006511,-0.9380571,-0.6506113,0.2089598,1.9929,0.2314153,-0.07169257,-0.9702098,0.3293387,0.944171,0.008785713,0.9154141,-0.3215608,0.2421068,static,50.44431,-18.00372,-18.08003,5.985715
05/15/2023 12:32:03.239084,3675,True,True,True,True,Eyes,0.513984,-0.03050076,-2.104294,0.7580648,-0.2027671,0.6198574,0.0,0.0,0.0,0.0,0.0,0.0,0.0,-2.160434,-0.1547312,-0.05228007,0.5728338,-0.02674067,-2.089329,0.1062467,0.611039,-0.1305391,0.7735003,18.8985,75.88731,355.6292,0.2146737,-0.01540408,-0.976564,0.1759777,0.009122234,0.1676261,2.288445,-0.4110576,-0.9573375,-0.6506116,0.20896,1.9929,0.2191816,-0.07210226,-0.9730164,0.3317859,0.9433423,0.004834748,0.917539,-0.3238927,0.2306858,static,50.72768,-18.1139,-18.08004,5.985719
05/15/2023 12:32:03.260017,3676,True,True,True,True,Eyes,0.5172089,-0.03045437,-2.102906,0.7613041,-0.2027272,0.6158878,0.0,0.0,0.0,0.0,0.0,0.0,0.0,-2.158197,-0.1651552,-0.0853765,0.5809014,-0.02710314,-2.086672,0.1050652,0.6157736,-0.1308012,0.7698539,18.83584,76.58562,355.6369,0.2169373,-0.01527195,-0.9760658,0.1654191,0.0085749,0.1575685,2.307447,-0.4233541,-0.9764259,-0.650611,0.2089601,1.9929,0.2074279,-0.07200287,-0.9755968,0.3307885,0.9437047,0.0006819309,0.9206262,-0.3228576,0.2195684,static,51.02747,-18.21961,-18.08002,5.985721
05/15/2023 12:32:03.279523,3677,True,True,True,True,Eyes,0.5206326,-0.0304631,-2.101451,0.7646214,-0.2023739,0.6118814,0.0,0.0,0.0,0.0,0.0,0.0,0.0,-2.155799,-0.1737788,-0.1182811,0.5893116,-0.02805337,-2.084127,0.1028562,0.620446,-0.1300163,0.7665268,18.60368,77.26431,355.662,0.2191295,-0.01515125,-0.9755778,0.1554939,0.008060406,0.1481144,2.328125,-0.4281952,-0.9955292,-0.6506118,0.2089601,1.9929,0.1962849,-0.07168852,-0.9779229,0.3269554,0.9450327,-0.003652176,0.9244309,-0.3190202,0.2089346,static,51.33178,-18.30114,-18.08004,5.98572
05/15/2023 12:32:03.290016,3678,True,True,True,True,Eyes,0.5242577,-0.03048976,-2.099962,0.7679476,-0.2022296,0.6077496,0.0,0.0,0.0,0.0,0.0,0.0,0.0,-2.153263,-0.1788017,-0.149096,0.597456,-0.02945741,-2.081566,0.1018523,0.6245966,-0.1293519,0.763396,18.4872,77.88706,355.7514,0.2212666,-0.0150434,-0.9750971,0.1461643,0.007576782,0.1392275,2.349784,-0.4264838,-1.014217,-0.6506115,0.2089599,1.9929,0.1862944,-0.07026027,-0.9799786,0.3247266,0.9457884,-0.006078258,0.9272795,-0.3170928,0.1990105,static,51.64209,-18.40494,-18.08004,5.985716
05/15/2023 12:32:03.309582,3679,True,True,True,True,Eyes,0.528095,-0.03055535,-2.098431,0.7712548,-0.2019224,0.60365,0.0,0.0,0.0,0.0,0.0,0.0,0.0,-2.150872,-0.1848173,-0.1748967,0.6057981,-0.02985713,-2.07921,0.1035437,0.6276261,-0.1307471,0.7604402,18.75961,78.37947,355.8285,0.2233639,-0.01494792,-0.9746202,0.1373944,0.007122175,0.1308739,2.372225,-0.4197134,-1.032257,-0.6506115,0.2089602,1.9929,0.1779811,-0.06887732,-0.9816206,0.3288243,0.9443678,-0.006643072,0.9274684,-0.3215983,0.1907281,static,51.95023,-18.49522,-18.08003,5.985723
05/15/2023 12:32:03.329244,3680,True,True,True,True,Eyes,0.5321131,-0.03069278,-2.096875,0.7745568,-0.2017502,0.5994653,0.0,0.0,0.0,0.0,0.0,0.0,0.0,-2.147956,-0.1925163,-0.2010524,0.6146187,-0.03088211,-2.076654,0.1037093,0.6307524,-0.1316809,0.7576649,18.86079,78.86256,355.8362,0.2254346,-0.01486538,-0.9741447,0.1291508,0.006694844,0.1230215,2.392081,-0.4180476,-1.048643,-0.6506116,0.2089599,1.9929,0.1696232,-0.06871026,-0.9831108,0.3303697,0.943809,-0.008962362,0.9284847,-0.3232698,0.1827917,static,52.26206,-18.60068,-18.08003,5.985715
05/15/2023 12:32:03.339754,3681,True,True,True,True,Eyes,0.5363125,-0.03087168,-2.095308,0.7776649,-0.2017818,0.595417,0.0,0.0,0.0,0.0,0.0,0.0,0.0,-2.145739,-0.1937482,-0.2251569,0.6228741,-0.03269012,-2.074461,0.1049404,0.6334106,-0.1318647,0.7552419,18.99949,79.29967,355.9828,0.2274899,-0.01479777,-0.9736679,0.1214017,0.006293154,0.1156402,2.407064,-0.4286229,-1.061843,-0.6506116,0.2089599,1.9929,0.1628053,-0.06623881,-0.9844323,0.3321202,0.9431984,-0.008538314,0.9290807,-0.3255597,0.175557,static,52.56063,-18.72109,-18.08003,5.985717
05/15/2023 12:32:03.359894,3682,True,True,True,True,Eyes,0.5407299,-0.03106946,-2.093727,0.7807189,-0.2018363,0.5913883,0.0,0.0,0.0,0.0,0.0,0.0,0.0,-2.144491,-0.190884,-0.2431786,0.6313385,-0.03374618,-2.072362,0.1094634,0.6346314,-0.1330973,0.7533565,19.50356,79.57772,356.253,0.2295393,-0.0147455,-0.9731875,0.1141176,0.005915564,0.1087018,2.423671,-0.4332047,-1.074618,-0.6506113,0.2089598,1.9929,0.1590562,-0.06160151,-0.9853458,0.3394773,0.9406058,-0.004005444,0.9270687,-0.3338654,0.1705215,static,52.85636,-18.84438,-18.08003,5.985714
05/15/2023 12:32:03.379285,3683,True,True,True,True,Eyes,0.5453433,-0.03131063,-2.092137,0.783783,-0.2014762,0.587445,0.0,0.0,0.0,0.0,0.0,0.0,0.0,-2.143497,-0.1882633,-0.2618248,0.6409372,-0.03435338,-2.070409,0.1101555,0.6361483,-0.1316902,0.7522227,19.46749,79.83695,356.4749,0.2315931,-0.01470789,-0.9727013,0.1072706,0.00556063,0.1021796,2.437916,-0.4413116,-1.085894,-0.6506114,0.2089601,1.9929,0.1559461,-0.05797033,-0.9860631,0.3382712,0.9410469,-0.001826128,0.9280375,-0.333272,0.1663623,static,53.14846,-18.93044,-18.08003,5.985721
05/15/2023 12:32:03.398191,3684,True,True,True,True,Eyes,0.550139,-0.03163052,-2.090554,0.7867541,-0.2010896,0.5835931,0.0,0.0,0.0,0.0,0.0,0.0,0.0,-2.142833,-0.1852839,-0.2784523,0.650217,-0.03569575,-2.068705,0.108475,0.6375462,-0.1290055,0.7517485,19.1223,80.03266,356.6237,0.2336593,-0.01468544,-0.9722073,0.1008343,0.005226993,0.09604887,2.446347,-0.462479,-1.09229,-0.6506113,0.20896,1.9929,0.1537848,-0.05564375,-0.9865366,0.332275,0.9431815,-0.00140215,0.9305611,-0.3275857,0.163536,static,53.43297,-19.0125,-18.08003,5.985717
05/15/2023 12:32:03.409446,3685,True,True,True,True,Eyes,0.5551284,-0.03199087,-2.088974,0.7896935,-0.2005518,0.5797958,0.0,0.0,0.0,0.0,0.0,0.0,0.0,-2.142757,-0.1824043,-0.2920256,0.6593654,-0.03789142,-2.067307,0.108377,0.6382434,-0.1277344,0.751388,19.02118,80.14563,356.749,0.2357445,-0.01468025,-0.9717038,0.09478427,0.004913373,0.09028593,2.459648,-0.4641738,-1.097703,-0.6506116,0.2089602,1.992901,0.1526587,-0.0536143,-0.9868237,0.330298,0.9438767,-0.0001848431,0.9314498,-0.3259176,0.1617997,static,53.71375,-19.08054,-18.08003,5.985721
05/15/2023 12:32:03.429400,3686,True,True,True,True,Eyes,0.5603184,-0.03238798,-2.087419,0.7925652,-0.1999446,0.5760752,0.0,0.0,0.0,0.0,0.0,0.0,0.0,-2.143022,-0.1820044,-0.303731,0.6689327,-0.0393012,-2.066133,0.1088487,0.6385557,-0.1273358,0.7511219,19.03462,80.2065,356.8298,0.2378548,-0.01469242,-0.9711892,0.08909722,0.004618571,0.08486878,2.47411,-0.4552517,-1.101235,-0.6506116,0.2089601,1.992901,0.1520642,-0.05227758,-0.9869871,0.3303014,0.9438751,0.0008951967,0.9315458,-0.3261394,0.160797,static,53.98851,-19.1409,-18.08003,5.98572
05/15/2023 12:32:03.439461,3687,True,True,True,True,Eyes,0.565705,-0.03282874,-2.085883,0.7955906,-0.1991298,0.5721738,0.0,0.0,0.0,0.0,0.0,0.0,0.0,-2.143306,-0.18326,-0.3169341,0.6790381,-0.04057164,-2.0652,0.1078113,0.6392142,-0.1263325,0.7508809,18.86951,80.29204,356.8564,0.2399966,-0.01472186,-0.9706617,0.08375138,0.004341457,0.07977665,2.485349,-0.4552981,-1.102857,-0.6506113,0.20896,1.9929,0.1508906,-0.05189228,-0.9871876,0.3275503,0.9448337,0.0003998355,0.9327073,-0.3234139,0.1595638,static,54.27702,-19.18909,-18.08003,5.985717
05/15/2023 12:32:03.459650,3688,True,True,True,True,Eyes,0.5712927,-0.03331483,-2.084382,0.7985509,-0.1983006,0.568325,0.0,0.0,0.0,0.0,0.0,0.0,0.0,-2.143553,-0.1857268,-0.33139,0.6891634,-0.04214345,-2.06456,0.1063586,0.6401346,-0.1254427,0.7504529,18.67712,80.40954,356.8467,0.2421741,-0.01476881,-0.9701201,0.0787263,0.004080969,0.07499006,2.495496,-0.4580198,-1.103348,-0.6506115,0.2089601,1.9929,0.1489837,-0.05210999,-0.9874656,0.3244453,0.945904,-0.000966127,0.9340979,-0.3202347,0.1578311,static,54.56071,-19.23495,-18.08003,5.985721
05/15/2023 12:32:03.479129,3689,True,True,True,True,Eyes,0.7163017,-0.04629733,-2.048539,0.8715584,-0.174326,0.4582536,0.0,0.0,0.0,0.0,0.0,0.0,0.0,-2.143441,-0.1894422,-0.347518,0.6995369,-0.04371916,-2.063912,0.105688,0.6412501,-0.1252859,0.7496211,18.61039,80.57114,356.8372,0.2443924,-0.01483354,-0.9695626,0.07400272,0.003836111,0.07049065,2.508105,-0.4539092,-1.104846,-0.6506116,0.2089602,1.992901,0.1462035,-0.05228897,-0.9878717,0.3233788,0.946267,-0.002227229,0.9349068,-0.3191311,0.1552567,static,62.26521,-20.82751,-18.08003,5.985723
05/15/2023 12:32:03.489403,3690,True,True,True,True,Eyes,0.7167472,-0.04634013,-2.048531,0.8716727,-0.1741101,0.4581183,0.0,0.0,0.0,0.0,0.0,0.0,0.0,-2.143479,-0.1914313,-0.365098,0.7102647,-0.04505341,-2.063477,0.1043872,0.6426116,-0.1241786,0.7488213,18.41709,80.76237,356.8694,0.2536178,-0.01552881,-0.9671795,0.5045895,-0.03534154,0.1737899,2.521593,-0.4487798,-1.107764,-0.6506113,0.2089599,1.9929,0.14326,-0.05181433,-0.988328,0.3201362,0.9473659,-0.003262458,0.9364773,-0.3159321,0.1523073,static,62.27528,-20.80954,-18.08003,5.985717
05/15/2023 12:32:03.509902,3691,True,True,True,True,Eyes,0.7176161,-0.04644665,-2.048525,0.8721495,-0.1738116,0.4573236,0.0,0.0,0.0,0.0,0.0,0.0,0.0,-2.143511,-0.1912162,-0.3850511,0.7213359,-0.04615678,-2.063252,0.1022402,0.6443914,-0.1218658,0.7479675,18.05943,81.00698,356.9529,0.2613965,-0.01611863,-0.9650965,0.4743141,-0.03322105,0.1633625,2.535164,-0.4479639,-1.112246,-0.6506112,0.2089601,1.9929,0.139817,-0.05053798,-0.9888868,0.3140688,0.9493914,-0.004113876,0.9390485,-0.3100033,0.1486135,static,62.32911,-20.80993,-18.08003,5.98572
05/15/2023 12:32:03.529442,3692,True,True,True,True,Eyes,0.7188879,-0.04663207,-2.048532,0.8727142,-0.1733868,0.4564064,0.0,0.0,0.0,0.0,0.0,0.0,0.0,-2.143818,-0.1871645,-0.4056197,0.7322548,-0.04783274,-2.063256,0.100461,0.6462041,-0.1189461,0.7471142,17.6883,81.26678,357.1184,0.2683784,-0.01665039,-0.9631693,0.4458553,-0.03122779,0.1535608,2.550259,-0.4430019,-1.117608,-0.6506114,0.2089601,1.992901,0.1365441,-0.04789608,-0.9894755,0.3075693,0.9515189,-0.003615269,0.9416777,-0.3038386,0.1446556,static,62.39163,-20.80156,-18.08002,5.98572
05/15/2023 12:32:03.539679,3693,True,True,True,True,Eyes,0.7205414,-0.04687179,-2.048586,0.8734797,-0.1733221,0.4549645,0.0,0.0,0.0,0.0,0.0,0.0,0.0,-2.144154,-0.181694,-0.4271425,0.743131,-0.04990336,-2.063522,0.09955394,0.648089,-0.1162634,0.7460247,17.4118,81.55445,357.3311,0.274703,-0.0171364,-0.961376,0.419104,-0.02935412,0.1443471,2.567427,-0.4326968,-1.124559,-0.6506114,0.2089602,1.992901,0.1329271,-0.04443103,-0.9901296,0.3025103,0.9531437,-0.002158617,0.9438317,-0.2992374,0.1401395,static,62.4866,-20.8547,-18.08003,5.985721
05/15/2023 12:32:03.559627,3694,True,True,True,True,Eyes,0.7225703,-0.04711784,-2.048667,0.8742439,-0.1735381,0.4534115,0.0,0.0,0.0,0.0,0.0,0.0,0.0,-2.144422,-0.1815148,-0.4469142,0.7537689,-0.05135068,-2.064079,0.1016981,0.6495386,-0.1165602,0.7444265,17.62791,81.82536,357.5087,0.280453,-0.01758369,-0.9597064,0.3939577,-0.02759288,0.1356863,2.584357,-0.4233616,-1.131963,-0.6506115,0.2089602,1.992901,0.1290265,-0.04142739,-0.9907755,0.3056546,0.9521425,-7.259718e-06,0.9433597,-0.3028342,0.1355141,static,62.58727,-20.94378,-18.08003,5.985723
05/15/2023 12:32:03.579369,3695,True,True,True,True,Eyes,0.7249579,-0.04737294,-2.048799,0.8751718,-0.1740313,0.4514282,0.0,0.0,0.0,0.0,0.0,0.0,0.0,-2.144322,-0.187178,-0.466471,0.7647555,-0.05166967,-2.064758,0.1045361,0.6509422,-0.1183972,0.7425151,18.02179,82.1005,357.6055,0.2857023,-0.01799635,-0.9581491,0.3703203,-0.0259373,0.1275451,2.600822,-0.4181773,-1.140499,-0.6506116,0.2089602,1.992901,0.1245127,-0.03972955,-0.9914224,0.3119174,0.9501086,0.001099753,0.9419153,-0.3093787,0.130693,static,62.71457,-21.08229,-18.08003,5.985722
05/15/2023 12:32:03.590006,3696,True,True,True,True,Eyes,0.7276763,-0.04757334,-2.048954,0.8760721,-0.1747891,0.4493845,0.0,0.0,0.0,0.0,0.0,0.0,0.0,-2.143399,-0.1950737,-0.4876386,0.7755618,-0.05205449,-2.065381,0.1056685,0.6528219,-0.1198064,0.7404758,18.23495,82.41819,357.6188,0.2905165,-0.0183782,-0.9566932,0.348101,-0.02438106,0.1198924,2.613714,-0.4289561,-1.149405,-0.6506112,0.2089601,1.9929,0.1189401,-0.03946199,-0.992117,0.3153929,0.9489613,6.550527e-05,0.941478,-0.3129143,0.1253156,static,62.84427,-21.25366,-18.08002,5.98572
05/15/2023 12:32:03.609474,3697,True,True,True,True,Eyes,0.7307457,-0.04760237,-2.049124,0.8768009,-0.1756765,0.4476137,0.0,0.0,0.0,0.0,0.0,0.0,0.0,-2.143092,-0.2059875,-0.5039828,0.7861821,-0.05087955,-2.06606,0.1082196,0.6538734,-0.1224894,0.7387385,18.66758,82.63316,357.6134,0.2949533,-0.01872971,-0.9553279,0.327215,-0.0229182,0.1126989,2.626067,-0.4438474,-1.159039,-0.6506115,0.20896,1.9929,0.1148918,-0.03945138,-0.9925944,0.322499,0.9465697,-0.000293144,0.9395714,-0.320077,0.1214761,static,62.95534,-21.42869,-18.08003,5.985717
05/15/2023 12:32:03.629485,3698,True,True,True,True,Eyes,0.7341739,-0.04749017,-2.049309,0.8776777,-0.1759255,0.4457936,0.0,0.0,0.0,0.0,0.0,0.0,0.0,-2.143472,-0.2186103,-0.5172102,0.797655,-0.04678768,-2.066718,0.1083504,0.6545966,-0.1236677,0.7378821,18.77209,82.74749,357.5392,0.2990653,-0.01904597,-0.9540423,0.3075821,-0.02154311,0.1059369,2.640354,-0.4516921,-1.170143,-0.6506117,0.2089602,1.992901,0.1124193,-0.04065268,-0.992829,0.3243559,0.945933,-0.002005212,0.9392312,-0.3218045,0.119527,static,63.07289,-21.5359,-18.08003,5.985721
05/15/2023 12:32:03.639229,3699,True,True,True,True,Eyes,0.73791,-0.04728582,-2.049523,0.8785475,-0.1757416,0.4441498,0.0,0.0,0.0,0.0,0.0,0.0,0.0,-2.14288,-0.2278033,-0.5359173,0.8096059,-0.04349424,-2.067288,0.1013678,0.65666,-0.1203521,0.7375891,17.91443,82.93424,357.3247,0.3029,-0.01932391,-0.9528261,0.2891271,-0.02025052,0.09958072,2.651293,-0.4652982,-1.178238,-0.6506116,0.2089599,1.9929,0.1086262,-0.04441246,-0.9930902,0.310669,0.9504799,-0.008525273,0.9442908,-0.3075962,0.1170446,static,63.18111,-21.58776,-18.08004,5.985717
05/15/2023 12:32:03.659447,3700,True,True,True,True,Eyes,0.7419412,-0.04696849,-2.049758,0.87943,-0.1756598,0.4424325,0.0,0.0,0.0,0.0,0.0,0.0,0.0,-2.142091,-0.236034,-0.554799,0.8206087,-0.04118431,-2.068084,0.09707799,0.6586085,-0.1185204,0.7367251,17.40695,83.16129,357.1911,0.3064975,-0.01956305,-0.9516702,0.2717795,-0.01903549,0.09360588,2.664085,-0.4640006,-1.182986,-0.6506114,0.2089598,1.9929,0.1043756,-0.04676116,-0.9934381,0.3025067,0.9530576,-0.01307753,0.9474152,-0.2991566,0.1136215,static,63.29348,-21.65465,-18.08003,5.985714
05/15/2023 12:32:03.679436,3701,True,True,True,True,Eyes,0.7462789,-0.04656665,-2.050002,0.8802987,-0.1754197,0.4407972,0.0,0.0,0.0,0.0,0.0,0.0,0.0,-2.141658,-0.2429263,-0.5722721,0.8316849,-0.03808317,-2.06883,0.09809344,0.6599358,-0.1188701,0.7353452,17.52718,83.3925,357.2741,0.3098936,-0.01976203,-0.9505655,0.2554727,-0.01789336,0.08798952,2.685727,-0.4289954,-1.189696,-0.6506115,0.20896,1.9929,0.1007095,-0.04535029,-0.9938818,0.3042918,0.9524952,-0.01262814,0.9472403,-0.3011582,0.109725,static,63.40123,-21.70059,-18.08003,5.985719
05/15/2023 12:32:03.689565,3702,True,True,True,True,Eyes,0.7508621,-0.04614861,-2.05026,0.8812291,-0.1750564,0.4390792,0.0,0.0,0.0,0.0,0.0,0.0,0.0,-2.140438,-0.2383655,-0.5968517,0.8432851,-0.03568518,-2.069328,0.09580088,0.6624413,-0.1147,0.7340556,17.0143,83.7569,357.5146,0.3131206,-0.01992089,-0.9495041,0.2401444,-0.01681976,0.08271015,2.704016,-0.4077994,-1.198038,-0.6506113,0.2089599,1.9929,0.09603077,-0.04146745,-0.9945143,0.2953173,0.9553322,-0.01131771,0.9505609,-0.2926104,0.1039874,static,63.51487,-21.73667,-18.08003,5.985714
05/15/2023 12:32:03.710014,3703,True,True,True,True,Eyes,0.7556875,-0.04568893,-2.050525,0.8820127,-0.1751646,0.4374595,0.0,0.0,0.0,0.0,0.0,0.0,0.0,-2.140146,-0.2307475,-0.6172339,0.853705,-0.03485866,-2.069884,0.09535695,0.66419,-0.1113029,0.7330556,16.7177,84.03567,357.8152,0.316205,-0.02004287,-0.9484789,0.2257357,-0.01581057,0.07774755,2.717502,-0.4097226,-1.206167,-0.6506115,0.2089599,1.9929,0.09292672,-0.03651218,-0.9950033,0.2898527,0.9570374,-0.00804867,0.9525493,-0.2876564,0.09951746,static,63.61956,-21.82182,-18.08003,5.985717
05/15/2023 12:32:03.729585,3704,True,True,True,True,Eyes,0.7607704,-0.0451412,-2.050795,0.8828138,-0.1752402,0.4358104,0.0,0.0,0.0,0.0,0.0,0.0,0.0,-2.140443,-0.2322141,-0.6317477,0.8643259,-0.03354432,-2.070348,0.09799606,0.664818,-0.1116672,0.7320822,16.97528,84.18951,358.0107,0.3191711,-0.02012972,-0.947483,0.2121916,-0.01486194,0.07308269,2.736889,-0.3922229,-1.217414,-0.6506116,0.2089601,1.9929,0.09109485,-0.03320005,-0.9952887,0.2937982,0.9558545,-0.004994411,0.9515169,-0.2919591,0.09682751,static,63.72626,-21.90516,-18.08003,5.985722
05/15/2023 12:32:03.739312,3705,True,True,True,True,Eyes,0.7661046,-0.04455513,-2.051071,0.8836033,-0.1751739,0.4342342,0.0,0.0,0.0,0.0,0.0,0.0,0.0,-2.13998,-0.2425317,-0.6456554,0.8755624,-0.03064393,-2.070666,0.09791441,0.6655851,-0.1125148,0.7312658,17.0364,84.30861,357.9492,0.3220404,-0.02018088,-0.9465106,0.1994601,-0.01397022,0.06869773,2.752149,-0.3843914,-1.225877,-0.6506112,0.2089601,1.9929,0.08867377,-0.03421568,-0.9954729,0.2948971,0.9555064,-0.006573406,0.9514055,-0.2929792,0.09481849,static,63.82885,-21.96959,-18.08002,5.985722
05/15/2023 12:32:03.759254,3706,True,True,True,True,Eyes,0.7716496,-0.04397256,-2.051333,0.8844347,-0.1749915,0.4326119,0.0,0.0,0.0,0.0,0.0,0.0,0.0,-2.138449,-0.2500574,-0.6634147,0.8868503,-0.02920628,-2.07081,0.09362533,0.6671615,-0.1109987,0.7306225,16.55392,84.47679,357.7717,0.3248322,-0.02019812,-0.9455557,0.1874925,-0.01313201,0.06457587,2.762729,-0.3940538,-1.230878,-0.6506113,0.2089602,1.992901,0.08514955,-0.03726979,-0.9956709,0.2871226,0.9578272,-0.01129855,0.9541017,-0.2849176,0.09225957,static,63.93491,-22.02333,-18.08002,5.985722
05/15/2023 12:32:03.779290,3707,True,True,True,True,Eyes,0.7774124,-0.04338752,-2.051605,0.8851946,-0.1750649,0.4310253,0.0,0.0,0.0,0.0,0.0,0.0,0.0,-2.136654,-0.2586301,-0.6796474,0.8974053,-0.02875634,-2.070734,0.09177679,0.6684126,-0.1111944,0.729683,16.41446,84.64017,357.635,0.3275628,-0.02018501,-0.9446135,0.1762429,-0.01234409,0.06070131,2.775549,-0.3925984,-1.235409,-0.6506118,0.2089603,1.992901,0.08172078,-0.03958384,-0.9958689,0.2849629,0.9584256,-0.01471154,0.9550486,-0.2825834,0.08960323,moving,64.03729,-22.10499,-18.08003,5.985725
05/15/2023 12:32:03.789708,3708,True,True,True,True,Eyes,0.7833843,-0.04278862,-2.051854,0.885974,-0.175095,0.4294086,0.0,0.0,0.0,0.0,0.0,0.0,0.0,-2.135062,-0.2692449,-0.6940408,0.9083123,-0.028038,-2.070473,0.09218079,0.6691962,-0.1128674,0.7286563,16.58259,84.77029,357.5417,0.330246,-0.02014445,-0.9436796,0.1656684,-0.01160344,0.05705924,2.793203,-0.3727652,-1.245318,-0.6467886,0.2089601,1.9929,0.07887454,-0.04110898,-0.9960366,0.2878571,0.9575273,-0.01672465,0.9544198,-0.2853971,0.08735802,moving,64.14174,-22.1836,-17.98065,5.985721
05/15/2023 12:32:03.809190,3709,True,True,True,True,Eyes,0.7895387,-0.04222262,-2.052057,0.886742,-0.1753679,0.4277087,0.0,0.0,0.0,0.0,0.0,0.0,0.0,-2.133401,-0.2768266,-0.7095138,0.9192646,-0.02712557,-2.070183,0.09137497,0.6701891,-0.1131947,0.7277939,16.5426,84.91323,357.4716,0.3328947,-0.02007854,-0.9427499,0.1557283,-0.01090724,0.05363568,2.807763,-0.3662121,-1.255405,-0.6424871,0.20896,1.9929,0.07606695,-0.04228786,-0.9962056,0.2872419,0.9576752,-0.01871946,0.9548329,-0.2847281,0.08499423,moving,64.25026,-22.29448,-17.8687,5.985717
05/15/2023 12:32:03.829261,3710,True,True,True,True,Eyes,0.7958519,-0.04167739,-2.052246,0.8874543,-0.1760471,0.4259488,0.0,0.0,0.0,0.0,0.0,0.0,0.0,-2.13121,-0.2825394,-0.7266177,0.9298366,-0.02732997,-2.069906,0.09190094,0.671392,-0.1138739,0.7265121,16.64509,85.11583,357.484,0.3355198,-0.01999136,-0.9418207,0.1463846,-0.0102528,0.05041754,2.820203,-0.3704929,-1.264385,-0.6380156,0.20896,1.9929,0.07253078,-0.04205841,-0.9964791,0.2888647,0.9571739,-0.0193738,0.9546186,-0.2864424,0.08157379,moving,64.36053,-22.4556,-17.75217,5.985719
05/15/2023 12:32:03.839905,3711,True,True,True,True,Eyes,0.8023246,-0.04113651,-2.052397,0.8881134,-0.177273,0.4240623,0.0,0.0,0.0,0.0,0.0,0.0,0.0,-2.129426,-0.2887357,-0.7418547,0.9399365,-0.02716023,-2.069771,0.09643874,0.6721702,-0.1163201,0.7248147,17.22797,85.32942,357.6614,0.3381291,-0.01988601,-0.9408894,0.1376015,-0.009637635,0.04739249,2.833966,-0.367644,-1.273354,-0.6337602,0.2089601,1.9929,0.06931362,-0.03897459,-0.9968332,0.2982676,0.9543384,-0.01657342,0.9519622,-0.2961743,0.07777352,moving,64.47614,-22.68665,-17.64113,5.985719
05/15/2023 12:32:03.859113,3712,True,True,True,True,Eyes,0.8089424,-0.04062828,-2.052526,0.8887666,-0.1786809,0.4220985,0.0,0.0,0.0,0.0,0.0,0.0,0.0,-2.126899,-0.29677,-0.7578784,0.9502818,-0.02659212,-2.069398,0.100762,0.6730868,-0.1189163,0.7229524,17.80475,85.56632,357.8151,0.3407306,-0.0197645,-0.939953,0.1293454,-0.009059377,0.04454894,2.846995,-0.3716918,-1.284046,-0.6295579,0.20896,1.9929,0.06562616,-0.03629837,-0.9971839,0.3075848,0.9514118,-0.01438963,0.9492549,-0.3057742,0.07360232,moving,64.59573,-22.9437,-17.53135,5.985719
05/15/2023 12:32:03.879310,3713,True,True,True,True,Eyes,0.8156697,-0.04015533,-2.052601,0.8893369,-0.1805909,0.4200798,0.0,0.0,0.0,0.0,0.0,0.0,0.0,-2.124018,-0.3015426,-0.7753721,0.9603406,-0.02679266,-2.068963,0.1032708,0.6743225,-0.1200905,0.7212507,18.11515,85.82172,357.9526,0.3433303,-0.01962998,-0.9390094,0.1215847,-0.008515814,0.041876,2.856102,-0.393625,-1.295132,-0.6250869,0.2089604,1.992901,0.06173481,-0.03395515,-0.997515,0.3125064,0.9498268,-0.01299123,0.9479076,-0.3109277,0.06924853,moving,64.71622,-23.26271,-17.41438,5.985725
05/15/2023 12:32:03.889553,3714,True,True,True,True,Eyes,0.8225399,-0.03969466,-2.05266,0.8898581,-0.1827625,0.4180316,0.0,0.0,0.0,0.0,0.0,0.0,0.0,-2.121883,-0.3100589,-0.788373,0.9697731,-0.02703518,-2.068542,0.1086459,0.6747829,-0.1234329,0.719464,18.83927,86.01768,358.1238,0.3459327,-0.01948537,-0.9380566,0.1142896,-0.008004866,0.03936344,2.865586,-0.4146293,-1.306692,-0.6207795,0.2089602,1.9929,0.05886475,-0.03098626,-0.9977849,0.3242358,0.9459208,-0.0102472,0.944143,-0.3229145,0.06572822,moving,64.83711,-23.61484,-17.30158,5.985723
05/15/2023 12:32:03.909732,3715,True,True,True,True,Eyes,0.8295357,-0.0392281,-2.052675,0.8903666,-0.1848305,0.4160348,0.0,0.0,0.0,0.0,0.0,0.0,0.0,-2.119855,-0.317544,-0.802514,0.980056,-0.02676971,-2.068192,0.1122455,0.6754019,-0.1255745,0.7179585,19.31745,86.20464,358.2577,0.3485425,-0.01933226,-0.9370933,0.1074322,-0.007524574,0.03700164,2.876672,-0.4270335,-1.318769,-0.6164349,0.2089601,1.9929,0.05612655,-0.02869286,-0.9980114,0.3319362,0.9432641,-0.008451274,0.9416307,-0.3308017,0.06246634,moving,64.95509,-23.954,-17.18765,5.985722
05/15/2023 12:32:03.929855,3716,True,True,True,True,Eyes,0.8366662,-0.03877742,-2.052678,0.8909122,-0.1868342,0.4139667,0.0,0.0,0.0,0.0,0.0,0.0,0.0,-2.116685,-0.325855,-0.8186724,0.9900798,-0.02616863,-2.067806,0.1129897,0.6766118,-0.1266174,0.7165178,19.46676,86.4208,358.265,0.3511633,-0.01917128,-0.9361177,0.1009863,-0.007073099,0.03478154,2.883079,-0.4539458,-1.328971,-0.6120791,0.2089601,1.992901,0.05232882,-0.02854683,-0.9982219,0.3343476,0.9424027,-0.009423297,0.9409961,-0.33326,0.05885937,moving,65.07784,-24.29093,-17.07328,5.985718
05/15/2023 12:32:03.947200,3717,True,True,True,True,Eyes,0.8439314,-0.0383592,-2.052682,0.8915955,-0.1883733,0.4117921,0.0,0.0,0.0,0.0,0.0,0.0,0.0,-2.112834,-0.3355755,-0.8362718,1.000377,-0.02610911,-2.067509,0.112619,0.678094,-0.127606,0.7149982,19.51797,86.65402,358.1916,0.3537988,-0.01900393,-0.9351282,0.0949271,-0.006648713,0.03269465,2.891877,-0.4714789,-1.338825,-0.6078527,0.2089601,1.9929,0.0478107,-0.02974368,-0.9984134,0.3352086,0.9420673,-0.01201302,0.9409301,-0.3341024,0.05501128,moving,65.20968,-24.58161,-16.96218,5.985721
05/15/2023 12:32:03.959688,3718,True,True,True,True,Eyes,0.851317,-0.03799474,-2.052665,0.8923478,-0.1897243,0.4095365,0.0,0.0,0.0,0.0,0.0,0.0,0.0,-2.107856,-0.341651,-0.8572361,1.010759,-0.02650303,-2.066954,0.1106878,0.6801412,-0.1271572,0.7134334,19.3238,86.94376,358.1254,0.3564516,-0.01883232,-0.9341238,0.0,0.0,0.0,2.903673,-0.476168,-1.349978,-0.6035688,0.2089605,1.992901,0.04247793,-0.03086982,-0.9986205,0.3320031,0.9431585,-0.01503304,0.9423214,-0.3309065,0.05031233,moving,65.34759,-24.85668,-16.84943,5.985729
05/15/2023 12:32:03.979368,3719,True,True,True,True,Eyes,0.8588187,-0.03768802,-2.052624,0.8931754,-0.1908104,0.4072212,0.0,0.0,0.0,0.0,0.0,0.0,0.0,-2.103472,-0.3444223,-0.8774189,1.020959,-0.02745764,-2.066391,0.1091499,0.6819783,-0.1262888,0.7120696,19.12906,87.21024,358.1211,0.3591239,-0.01865929,-0.9331031,0.0,0.0,0.0,2.916968,-0.4772735,-1.362426,-0.5989113,0.2089603,1.992901,0.03791346,-0.0309771,-0.9988009,0.3287285,0.9442749,-0.01680778,0.9436632,-0.3276971,0.0459838,moving,65.49056,-25.10623,-16.7267,5.985725
05/15/2023 12:32:03.998345,3720,True,True,True,True,Eyes,0.8664382,-0.03742673,-2.052559,0.8940126,-0.1919169,0.4048573,0.0,0.0,0.0,0.0,0.0,0.0,0.0,-2.099002,-0.3506694,-0.8956045,1.031198,-0.0285228,-2.0656,0.1090322,0.6834427,-0.1268339,0.7105852,19.16688,87.44931,358.106,0.3618175,-0.01848761,-0.9320653,0.0,0.0,0.0,2.932821,-0.470523,-1.375854,-0.5947941,0.2089601,1.992901,0.03363851,-0.03121813,-0.9989464,0.3292871,0.9440503,-0.01841413,0.9436305,-0.3283207,0.04203612,moving,65.63641,-25.36264,-16.61807,5.98572
05/15/2023 12:32:04.009124,3721,True,True,True,True,Eyes,0.87418,-0.03721236,-2.052467,0.894919,-0.1927392,0.4024568,0.0,0.0,0.0,0.0,0.0,0.0,0.0,-2.09467,-0.3592959,-0.9127053,1.04159,-0.029346,-2.064944,0.1092134,0.6847331,-0.1279958,0.7091051,19.27931,87.6669,358.0596,0.3645341,-0.01831919,-0.9310096,0.0,0.0,0.0,2.947892,-0.4649199,-1.388544,-0.5904266,0.2089601,1.992901,0.02951518,-0.03196079,-0.9990533,0.331089,0.943379,-0.02039827,0.9431379,-0.3301735,0.03842581,moving,65.78593,-25.59007,-16.50271,5.985718
05/15/2023 12:32:04.029255,3722,True,True,True,True,Eyes,0.8820382,-0.03705493,-2.052349,0.8958825,-0.19348,0.3999501,0.0,0.0,0.0,0.0,0.0,0.0,0.0,-2.089132,-0.3686526,-0.9318053,1.052207,-0.03028736,-2.064118,0.1080252,0.6864069,-0.1287914,0.7075233,19.24858,87.91474,357.9393,0.3672753,-0.0181558,-0.9299349,0.0,0.0,0.0,2.960849,-0.4672648,-1.400109,-0.5861824,0.2089604,1.992901,0.02451684,-0.03394743,-0.9991229,0.3305442,0.9434867,-0.023946,0.9434721,-0.3296672,0.0343524,moving,65.94251,-25.81586,-16.39047,5.985725
05/15/2023 12:32:04.039329,3723,True,True,True,True,Eyes,0.89002,-0.03696368,-2.05219,0.896942,-0.1940815,0.3972751,0.0,0.0,0.0,0.0,0.0,0.0,0.0,-2.082369,-0.3789233,-0.9529155,1.062776,-0.0315325,-2.063348,0.1066437,0.6884443,-0.1297331,0.7055784,19.21531,88.21929,357.8007,0.3700424,-0.01799948,-0.9288402,0.0,0.0,0.0,2.973186,-0.47163,-1.41152,-0.5816582,0.2089602,1.992901,0.01842741,-0.03623717,-0.9991732,0.3299103,0.9435928,-0.02813701,0.9438324,-0.3291191,0.02934299,moving,66.1104,-26.03698,-16.27068,5.985723
05/15/2023 12:32:04.060147,3724,True,True,True,True,Eyes,0.8981271,-0.03692334,-2.051997,0.8980708,-0.1946577,0.3944328,0.0,0.0,0.0,0.0,0.0,0.0,0.0,-2.073949,-0.3904787,-0.9764441,1.073611,-0.03308465,-2.062389,0.1052958,0.6908575,-0.130956,0.7031922,19.20992,88.58873,357.6521,0.3728367,-0.01785249,-0.927725,0.0,0.0,0.0,2.987366,-0.4705274,-1.423722,-0.5774455,0.2089603,1.992901,0.01113285,-0.03868572,-0.9991895,0.3296632,0.9435267,-0.03285752,0.944033,-0.3290302,0.02325736,moving,66.28891,-26.26694,-16.15901,5.985724
05/15/2023 12:32:04.079414,3725,True,True,True,True,Eyes,0.9063585,-0.03697413,-2.051771,0.8992917,-0.195098,0.391422,0.0,0.0,0.0,0.0,0.0,0.0,0.0,-2.06509,-0.4015864,-1.000566,1.084596,-0.03422405,-2.061427,0.1044012,0.6933351,-0.1321125,0.7006664,19.23827,88.98203,357.5498,0.3756596,-0.01771614,-0.926588,0.0,0.0,0.0,3.002121,-0.4695005,-1.438325,-0.5728991,0.20896,1.9929,0.003665513,-0.04036345,-0.9991785,0.3299036,0.9432933,-0.03689557,0.9440077,-0.3294973,0.0167737,moving,66.47864,-26.49322,-16.03836,5.985719
05/15/2023 12:32:04.089358,3726,True,True,True,True,Eyes,0.9146891,-0.03710443,-2.051496,0.9005508,-0.1956174,0.3882551,0.0,0.0,0.0,0.0,0.0,0.0,0.0,-2.054214,-0.4062721,-1.029757,1.095702,-0.03653575,-2.05994,0.1032377,0.696511,-0.1318495,0.6977321,19.13128,89.48882,357.5626,0.378512,-0.01759344,-0.9254288,0.0,0.0,0.0,3.017528,-0.4696428,-1.454506,-0.5688598,0.20896,1.9929,-0.005023797,-0.04017888,-0.9991798,0.3278036,0.9439154,-0.03960477,0.9447325,-0.3277338,0.008428758,moving,66.67764,-26.74067,-15.93103,5.985719
05/15/2023 12:32:04.109385,3727,True,True,True,True,Eyes,0.9231356,-0.0372974,-2.051151,0.9018432,-0.1962092,0.3849426,0.0,0.0,0.0,0.0,0.0,0.0,0.0,-2.044339,-0.4134689,-1.054691,1.106316,-0.03854534,-2.058453,0.1038001,0.6990286,-0.1327718,0.6949505,19.26237,89.92905,357.6067,0.3813941,-0.01748653,-0.9242468,0.0,0.0,0.0,3.032776,-0.4709813,-1.471618,-0.5645536,0.2089601,1.992901,-0.01253875,-0.03942117,-0.999144,0.3296582,0.9431944,-0.04135071,0.9440172,-0.3298945,0.001169017,moving,66.88528,-27.00841,-15.81649,5.985719
05/15/2023 12:32:04.129331,3728,True,True,True,True,Eyes,0.9317051,-0.03752653,-2.050761,0.9032148,-0.196672,0.3814749,0.0,0.0,0.0,0.0,0.0,0.0,0.0,-2.034147,-0.4220074,-1.079406,1.11744,-0.04025356,-2.056859,0.10448,0.7014611,-0.1339286,0.6921702,19.42224,90.3601,357.6406,0.3843071,-0.0173966,-0.923041,0.0,0.0,0.0,3.049773,-0.469929,-1.49171,-0.5601673,0.2089601,1.9929,-0.01996888,-0.03882549,-0.9990466,0.3319801,0.9422941,-0.0432555,0.9430751,-0.3325273,-0.005927244,moving,67.10313,-27.27368,-15.69969,5.985721
05/15/2023 12:32:04.145057,3729,True,True,True,True,Eyes,0.9403881,-0.03782575,-2.050331,0.9046484,-0.1970111,0.3778861,0.0,0.0,0.0,0.0,0.0,0.0,0.0,-2.023321,-0.4267761,-1.106597,1.128844,-0.04137629,-2.055364,0.1029049,0.7043234,-0.1333909,0.6895986,19.25826,90.80853,357.6314,0.3872522,-0.0173235,-0.9218107,0.0,0.0,0.0,3.063502,-0.4769905,-1.509405,-0.5558342,0.2089601,1.9929,-0.02772903,-0.03901562,-0.9988539,0.328929,0.9432349,-0.04597443,0.9439476,-0.3298268,-0.01332159,moving,67.32893,-27.5353,-15.58417,5.985721
05/15/2023 12:32:04.159320,3730,True,True,True,True,Eyes,0.9491653,-0.03820381,-2.049852,0.9061362,-0.1973935,0.3741031,0.0,0.0,0.0,0.0,0.0,0.0,0.0,-2.010628,-0.4302927,-1.136518,1.140099,-0.04348035,-2.053713,0.1012854,0.7076241,-0.1327255,0.686581,19.08199,91.33277,357.6404,0.3902292,-0.01726861,-0.9205555,0.0,0.0,0.0,3.077278,-0.4846316,-1.5267,-0.5515363,0.2089603,1.9929,-0.03669579,-0.03890971,-0.9985688,0.3255976,0.9442504,-0.04875832,0.9447961,-0.3269208,-0.02198108,moving,67.56646,-27.81813,-15.46946,5.985725
05/15/2023 12:32:04.169677,3731,True,True,True,True,Eyes,0.9580253,-0.03863564,-2.049348,0.9075558,-0.1980307,0.3703057,0.0,0.0,0.0,0.0,0.0,0.0,0.0,-1.997834,-0.4339107,-1.165339,1.151018,-0.04571545,-2.051999,0.1016849,0.7107182,-0.1327145,0.6833203,19.1239,91.87542,357.7657,0.3932376,-0.01723356,-0.919275,0.0,0.0,0.0,3.093947,-0.4802346,-1.5448,-0.5473472,0.2089601,1.9929,-0.04546709,-0.03683446,-0.9982866,0.3259117,0.9440941,-0.04967856,0.9443064,-0.327612,-0.03092043,moving,67.8033,-28.13682,-15.35753,5.985721
05/15/2023 12:32:04.189670,3732,True,True,True,True,Eyes,0.9669815,-0.03910939,-2.048793,0.9090147,-0.1986669,0.3663657,0.0,0.0,0.0,0.0,0.0,0.0,0.0,-1.985344,-0.4412807,-1.190979,1.16181,-0.04727377,-2.050052,0.1039479,0.7133202,-0.1339389,0.6800218,19.41794,92.38589,357.9421,0.3962765,-0.01721867,-0.9179693,0.0,0.0,0.0,3.110939,-0.4765692,-1.565667,-0.5428178,0.2089603,1.9929,-0.0535305,-0.03386652,-0.9979917,0.3304591,0.9425104,-0.04970902,0.9423011,-0.3324564,-0.03926154,moving,68.04879,-28.46938,-15.23637,5.985726
05/15/2023 12:32:04.209350,3733,True,True,True,True,Eyes,0.9760103,-0.03960123,-2.048186,0.9104325,-0.1993509,0.3624528,0.0,0.0,0.0,0.0,0.0,0.0,0.0,-1.973429,-0.4433494,-1.217543,1.172979,-0.04872422,-2.048204,0.1042166,0.7160082,-0.1334301,0.67725,19.40451,92.85978,358.0867,0.3993454,-0.01722369,-0.9166384,0.0,0.0,0.0,3.125503,-0.4815081,-1.586643,-0.5382807,0.2089604,1.992901,-0.06094271,-0.03149124,-0.9976444,0.3299709,0.9426706,-0.04991272,0.942022,-0.3322354,-0.04705765,moving,68.29198,-28.81102,-15.11486,5.985725
05/15/2023 12:32:04.229180,3734,True,True,True,True,Eyes,0.9851283,-0.04002973,-2.04754,0.9118298,-0.2001467,0.3584795,0.0,0.0,0.0,0.0,0.0,0.0,0.0,-1.962925,-0.4452077,-1.240843,1.183667,-0.04964656,-2.046323,0.1046557,0.718231,-0.1329332,0.6749225,19.40372,93.25878,358.2317,0.4024433,-0.01724738,-0.9152821,0.0,0.0,0.0,3.13737,-0.494788,-1.605568,-0.534188,0.2089601,1.9929,-0.06705392,-0.02910519,-0.9973249,0.3297732,0.9427519,-0.04968445,0.9416761,-0.3322225,-0.05361716,moving,68.53808,-29.17555,-15.00515,5.985721
05/15/2023 12:32:04.239372,3735,True,True,True,True,Eyes,0.9943706,-0.04040326,-2.04685,0.9133164,-0.2006313,0.3544014,0.0,0.0,0.0,0.0,0.0,0.0,0.0,-1.952357,-0.4595184,-1.260141,1.194857,-0.04852973,-2.044694,0.1053853,0.7199937,-0.134839,0.6725487,19.62849,93.59097,358.198,0.4055695,-0.017285,-0.9139004,0.0,0.0,0.0,3.151582,-0.4971663,-1.623694,-0.5299699,0.2089599,1.9929,-0.07314472,-0.02961812,-0.9968815,0.3331251,0.9414247,-0.052413,0.9400413,-0.3359199,-0.05899373,moving,68.79186,-29.51477,-14.89195,5.985717
05/15/2023 12:32:04.259384,3736,True,True,True,True,Eyes,1.003667,-0.04074748,-2.046118,0.9148747,-0.2009481,0.3501772,0.0,0.0,0.0,0.0,0.0,0.0,0.0,-1.937482,-0.4693647,-1.288013,1.206936,-0.0477065,-2.043073,0.1015592,0.7231684,-0.1345276,0.6697877,19.30632,94.04503,357.9767,0.408725,-0.01733265,-0.9124927,0.0,0.0,0.0,3.164491,-0.4994358,-1.639303,-0.5256618,0.2089601,1.992901,-0.08214034,-0.03332115,-0.9960636,0.3270987,0.9431762,-0.05852608,0.9414136,-0.3306184,-0.06657346,moving,69.05517,-29.84922,-14.77621,5.985719
05/15/2023 12:32:04.279186,3737,True,True,True,True,Eyes,1.013042,-0.04099755,-2.045357,0.9166077,-0.201388,0.3453594,0.0,0.0,0.0,0.0,0.0,0.0,0.0,-1.92314,-0.4755428,-1.313951,1.217403,-0.04739489,-2.041265,0.09929913,0.7261353,-0.1340607,0.6670045,19.09639,94.50755,357.8999,0.4119078,-0.017388,-0.9110594,0.0,0.0,0.0,3.176005,-0.5058252,-1.653565,-0.521275,0.2089603,1.9929,-0.09048939,-0.03462902,-0.9952952,0.3230473,0.9443349,-0.06222649,0.9420468,-0.3271583,-0.07426544,moving,69.3546,-30.24756,-14.65823,5.985725
05/15/2023 12:32:04.289941,3738,True,True,True,True,Eyes,1.022523,-0.04120367,-2.044567,0.9184653,-0.2013483,0.3404124,0.0,0.0,0.0,0.0,0.0,0.0,0.0,-1.911027,-0.4903328,-1.333677,1.228615,-0.04534061,-2.039508,0.1003024,0.7280388,-0.1359067,0.664401,19.33996,94.87592,357.9019,0.4151168,-0.01744608,-0.9096006,0.0,0.0,0.0,3.193881,-0.4922892,-1.673203,-0.5168081,0.2089601,1.9929,-0.09702193,-0.03454511,-0.9946827,0.3266411,0.9429377,-0.06460874,0.9401556,-0.3311726,-0.0802018,moving,69.6637,-30.60361,-14.53796,5.985721
05/15/2023 12:32:04.310275,3739,True,True,True,True,Eyes,1.03203,-0.04136306,-2.043783,0.9204739,-0.2013297,0.3349541,0.0,0.0,0.0,0.0,0.0,0.0,0.0,-1.896962,-0.4824443,-1.364876,1.240515,-0.04459548,-2.037949,0.09558347,0.731486,-0.131734,0.6621467,18.62082,95.35347,357.9065,0.4183517,-0.01750461,-0.9081161,0.0,0.0,0.0,3.20868,-0.4843161,-1.692267,-0.5124153,0.2089599,1.9929,-0.1048511,-0.03461851,-0.9938853,0.3142903,0.9470199,-0.06614252,0.9435189,-0.3193036,-0.08841576,moving,70.00391,-31.00867,-14.41957,5.985716
05/15/2023 12:32:04.329318,3740,True,True,True,True,Eyes,1.041602,-0.04143093,-2.04299,0.9224035,-0.2015519,0.329467,0.0,0.0,0.0,0.0,0.0,0.0,0.0,-1.885841,-0.4876612,-1.385607,1.250635,-0.04359436,-2.036695,0.09528247,0.7335583,-0.1315579,0.6599289,18.58856,95.71425,357.9535,0.4216093,-0.01756147,-0.9066073,0.0,0.0,0.0,3.21981,-0.4907431,-1.707367,-0.5081781,0.2089603,1.9929,-0.1108304,-0.0338472,-0.9932628,0.3134281,0.9472275,-0.06725146,0.9431221,-0.3187701,-0.09437295,moving,70.34413,-31.45627,-14.30524,5.985725
05/15/2023 12:32:04.339592,3741,True,True,True,True,Eyes,1.051227,-0.04141525,-2.042196,0.9244946,-0.2016706,0.3234792,0.0,0.0,0.0,0.0,0.0,0.0,0.0,-1.872849,-0.5095644,-1.403568,1.261671,-0.04142825,-2.035605,0.09652404,0.7353445,-0.1349635,0.6570667,18.98586,96.07645,357.8543,0.4248879,-0.01761276,-0.9050744,0.0,0.0,0.0,3.239346,-0.4656075,-1.727313,-0.5037419,0.2089602,1.9929,-0.1178932,-0.03540317,-0.992395,0.3193168,0.9449359,-0.07164385,0.9402863,-0.3253347,-0.1000967,moving,70.71513,-31.94116,-14.18542,5.985723
05/15/2023 12:32:04.359840,3742,True,True,True,True,Eyes,1.060865,-0.04136926,-2.041399,0.9265862,-0.2017198,0.317407,0.0,0.0,0.0,0.0,0.0,0.0,0.0,-1.857087,-0.517936,-1.429654,1.272476,-0.03947414,-2.034745,0.0933466,0.7384167,-0.1345608,0.6541564,18.71437,96.54429,357.6891,0.4281853,-0.01765537,-0.9035181,0.0,0.0,0.0,3.251028,-0.4640346,-1.742772,-0.4994174,0.2089599,1.9929,-0.1267316,-0.03819028,-0.9912017,0.3139051,0.9463596,-0.07659733,0.9409585,-0.3208505,-0.1079455,moving,71.09083,-32.43694,-14.06851,5.985716
05/15/2023 12:32:04.379397,3743,True,True,True,True,Eyes,1.070511,-0.04128565,-2.040667,0.928696,-0.2019649,0.3110207,0.0,0.0,0.0,0.0,0.0,0.0,0.0,-1.841326,-0.5282699,-1.453454,1.28228,-0.03873672,-2.033798,0.09161477,0.741232,-0.1352069,0.6510769,18.64695,97.01,357.5657,0.4314986,-0.01768881,-0.9019399,0.0,0.0,0.0,3.260648,-0.4748099,-1.758834,-0.4949887,0.2089601,1.992901,-0.1354116,-0.0402445,-0.9899719,0.3118757,0.9466516,-0.0811428,0.9404241,-0.3197358,-0.1156364,moving,71.48428,-32.99815,-13.94863,5.98572
05/15/2023 12:32:04.389284,3744,True,True,True,True,Eyes,1.080199,-0.04109935,-2.039947,0.9308206,-0.2020174,0.3045683,0.0,0.0,0.0,0.0,0.0,0.0,0.0,-1.827097,-0.5424557,-1.473869,1.292247,-0.03767903,-2.033103,0.09085901,0.7435023,-0.1368496,0.6482449,18.74118,97.40823,357.4388,0.4348233,-0.01771232,-0.9003414,0.0,0.0,0.0,3.275478,-0.4624105,-1.779612,-0.4905796,0.2089603,1.992901,-0.1430468,-0.04231627,-0.9888111,0.3125318,0.9460337,-0.08569811,0.9390751,-0.3212937,-0.1221019,moving,71.8817,-33.55596,-13.82917,5.985723
05/15/2023 12:32:04.409567,3745,True,True,True,True,Eyes,1.089932,-0.04083737,-2.039254,0.933102,-0.2018223,0.2976381,0.0,0.0,0.0,0.0,0.0,0.0,0.0,-1.810763,-0.5540606,-1.498103,1.302858,-0.03510369,-2.032606,0.08756123,0.7463725,-0.1371421,0.6453322,18.52571,97.84844,357.2013,0.4381575,-0.01772241,-0.8987232,0.0,0.0,0.0,3.287475,-0.4585542,-1.799762,-0.4863203,0.2089602,1.992901,-0.1517594,-0.0462978,-0.9873328,0.3077109,0.9470502,-0.091706,0.9392995,-0.3177303,-0.1294774,moving,72.30851,-34.14039,-13.71366,5.985722
05/15/2023 12:32:04.429520,3746,True,True,True,True,Eyes,1.099701,-0.0405451,-2.038591,0.9354442,-0.2013171,0.2905437,0.0,0.0,0.0,0.0,0.0,0.0,0.0,-1.791972,-0.554701,-1.529042,1.313544,-0.03320207,-2.03232,0.08193734,0.7501662,-0.1348434,0.6421482,17.91114,98.39531,356.9731,0.4414996,-0.01771713,-0.8970863,0.0,0.0,0.0,3.297972,-0.4599096,-1.81783,-0.4819087,0.2089603,1.992902,-0.161864,-0.05024557,-0.9855329,0.296112,0.9502071,-0.09707801,0.9413381,-0.3075417,-0.1389259,moving,72.7455,-34.718,-13.59389,5.985723
05/15/2023 12:32:04.440085,3747,True,True,True,True,Eyes,1.109488,-0.04023171,-2.038002,0.9377904,-0.20105,0.2830688,0.0,0.0,0.0,0.0,0.0,0.0,0.0,-1.772707,-0.5490521,-1.562109,1.324036,-0.0322492,-2.032245,0.07861712,0.7541898,-0.1317858,0.6384743,17.40794,99.04234,357.0144,0.4448476,-0.01769669,-0.8954312,0.0,0.0,0.0,3.311577,-0.4482981,-1.838193,-0.4776617,0.2089603,1.992902,-0.1723397,-0.0496992,-0.9837831,0.2868682,0.9529037,-0.09839295,0.9423406,-0.299173,-0.1499661,moving,73.20374,-35.38432,-13.47848,5.985723
05/15/2023 12:32:04.459719,3748,True,True,True,True,Eyes,1.119305,-0.03990103,-2.037444,0.9401088,-0.2007689,0.2754765,0.0,0.0,0.0,0.0,0.0,0.0,0.0,-1.754761,-0.5467588,-1.591744,1.334351,-0.03127004,-2.032316,0.07878091,0.7577025,-0.1299907,0.6346519,17.27663,99.68486,357.2621,0.4481981,-0.01766167,-0.8937595,0.0,0.0,0.0,3.328044,-0.4237591,-1.862894,-0.4734264,0.2089601,1.992901,-0.1820213,-0.04561269,-0.9822361,0.2843827,0.953792,-0.09699164,0.941273,-0.2969854,-0.1606389,moving,73.66803,-36.08479,-13.36328,5.985721
05/15/2023 12:32:04.479720,3749,True,True,True,True,Eyes,1.129131,-0.03955397,-2.03693,0.9423586,-0.200898,0.2675824,0.0,0.0,0.0,0.0,0.0,0.0,0.0,-1.736427,-0.5455613,-1.620843,1.344798,-0.0305018,-2.032372,0.07900039,0.7611284,-0.1284887,0.6308194,17.17329,100.3173,357.4896,0.4515497,-0.01761278,-0.8920718,0.0,0.0,0.0,3.342806,-0.4060411,-1.890234,-0.4690453,0.20896,1.9929,-0.1916517,-0.04184748,-0.9805706,0.2823653,0.9544992,-0.09592287,0.9399679,-0.2952628,-0.1711151,moving,74.14812,-36.89883,-13.244,5.985719
05/15/2023 12:32:04.498354,3750,True,True,True,True,Eyes,1.13896,-0.03918527,-2.036466,0.9444824,-0.2012942,0.2596799,0.0,0.0,0.0,0.0,0.0,0.0,0.0,-1.719122,-0.5524834,-1.64532,1.354804,-0.02966879,-2.032565,0.07986096,0.7639853,-0.1288377,0.6271759,17.27954,100.872,357.6242,0.4548994,-0.01755072,-0.8903696,0.0,0.0,0.0,3.35423,-0.40263,-1.916241,-0.4647353,0.2089602,1.9929,-0.2005452,-0.03958264,-0.9788845,0.2836331,0.9540462,-0.0966865,0.937728,-0.297034,-0.1801025,moving,74.62672,-37.78151,-13.12653,5.985724
05/15/2023 12:32:04.509525,3751,True,True,True,True,Eyes,1.148792,-0.03883407,-2.036047,0.9464844,-0.2021172,0.2516264,0.0,0.0,0.0,0.0,0.0,0.0,0.0,-1.70285,-0.5703667,-1.664936,1.364663,-0.02871412,-2.033199,0.08181364,0.7662369,-0.1316085,0.623592,17.68137,101.3573,357.6683,0.4582449,-0.01747588,-0.8886538,0.0,0.0,0.0,3.365274,-0.400218,-1.942108,-0.4602655,0.2089601,1.9929,-0.2088795,-0.03876279,-0.9771731,0.2895173,0.9519715,-0.09964997,0.9341035,-0.3037233,-0.1876249,moving,75.11208,-38.77295,-13.00459,5.985719
05/15/2023 12:32:04.529502,3752,True,True,True,True,Eyes,1.158593,-0.03847954,-2.035682,0.9483207,-0.2033261,0.243611,0.0,0.0,0.0,0.0,0.0,0.0,0.0,-1.686423,-0.583805,-1.685694,1.374489,-0.02869654,-2.033807,0.08279411,0.7685942,-0.1335102,0.6201477,17.9339,101.8384,357.6916,0.4615838,-0.01739032,-0.8869258,0.0,0.0,0.0,3.374315,-0.4042216,-1.965346,-0.455977,0.2089601,1.9929,-0.217124,-0.03832194,-0.9753916,0.2928623,0.9506403,-0.1025412,0.9311761,-0.3079195,-0.1951837,moving,75.59299,-39.84953,-12.88749,5.98572
05/15/2023 12:32:04.539469,3753,True,True,True,True,Eyes,1.168364,-0.03814032,-2.035419,0.9499828,-0.204938,0.2356549,0.0,0.0,0.0,0.0,0.0,0.0,0.0,-1.670706,-0.609993,-1.700405,1.383492,-0.02817029,-2.03467,0.08565634,0.7703326,-0.1382033,0.6165637,18.57527,102.2731,357.675,0.4649129,-0.01729496,-0.8851872,0.0,0.0,0.0,3.381052,-0.4175775,-1.98671,-0.4515367,0.20896,1.992901,-0.2250248,-0.0384545,-0.9735941,0.3023899,0.9471257,-0.1072998,0.9262421,-0.3185501,-0.2014984,moving,76.0683,-41.01196,-12.76612,5.985717
05/15/2023 12:32:04.559186,3754,True,True,True,True,Eyes,1.178108,-0.03780177,-2.035213,0.9515278,-0.206693,0.2277561,0.0,0.0,0.0,0.0,0.0,0.0,0.0,-1.654949,-0.637758,-1.714114,1.392828,-0.02801217,-2.035441,0.08818943,0.7719014,-0.1432237,0.6130887,19.22296,102.677,357.6043,0.4682283,-0.01719145,-0.88344,0.0,0.0,0.0,3.388512,-0.4265684,-2.008078,-0.4471411,0.20896,1.9929,-0.2326896,-0.03947054,-0.9717497,0.3117647,0.9434192,-0.1129732,0.9212264,-0.329245,-0.2072183,moving,76.53904,-42.22434,-12.64586,5.985717
05/15/2023 12:32:04.579333,3755,True,True,True,True,Eyes,1.187829,-0.03744996,-2.035065,0.953038,-0.2082911,0.2198487,0.0,0.0,0.0,0.0,0.0,0.0,0.0,-1.639985,-0.6577752,-1.729535,1.401866,-0.02765419,-2.036545,0.08883037,0.7736582,-0.1464229,0.6100187,19.56882,103.0573,357.4944,0.4715271,-0.01708064,-0.8816859,0.0,0.0,0.0,3.3922,-0.4480747,-2.027675,-0.4426717,0.2089601,1.9929,-0.2399732,-0.04119269,-0.9699053,0.31609,0.941339,-0.1181862,0.9178783,-0.3349389,-0.2128755,moving,77.01013,-43.45369,-12.52346,5.985721
05/15/2023 12:32:04.590619,3756,True,True,True,True,Eyes,1.197554,-0.03707633,-2.034982,0.9545077,-0.2097072,0.2119855,0.0,0.0,0.0,0.0,0.0,0.0,0.0,-1.625269,-0.6795232,-1.743605,1.411056,-0.02693479,-2.037549,0.08895652,0.7752249,-0.1498801,0.6071648,19.9015,103.3916,357.3129,0.4748076,-0.01696274,-0.8799259,0.0,0.0,0.0,3.395962,-0.4697131,-2.045735,-0.4386716,0.2089601,1.9929,-0.2468754,-0.04408123,-0.9680441,0.3199265,0.9392454,-0.124359,0.9147129,-0.3404041,-0.2177739,moving,77.47848,-44.69044,-12.41383,5.98572
05/15/2023 12:32:04.609312,3757,True,True,True,True,Eyes,1.207276,-0.03670537,-2.034972,0.956085,-0.2103683,0.2040751,0.0,0.0,0.0,0.0,0.0,0.0,0.0,-1.60974,-0.6902585,-1.76325,1.420815,-0.02606536,-2.038965,0.08616358,0.7773967,-0.1507401,0.6045723,19.7888,103.7431,357.0576,0.4780686,-0.01683752,-0.8781609,0.0,0.0,0.0,3.401352,-0.4805657,-2.064345,-0.4342036,0.20896,1.992901,-0.2541363,-0.04830002,-0.9659616,0.3162332,0.9397065,-0.1301855,0.9140084,-0.338554,-0.2235396,moving,77.9511,-45.86996,-12.29124,5.985718
05/15/2023 12:32:04.629438,3758,True,True,True,True,Eyes,1.216991,-0.0363778,-2.035017,0.9576572,-0.210714,0.1961948,0.0,0.0,0.0,0.0,0.0,0.0,0.0,-1.59468,-0.6864356,-1.787735,1.430471,-0.02584508,-2.040411,0.0817295,0.7800322,-0.1486418,0.6023087,19.28963,104.1201,356.869,0.4813086,-0.01670587,-0.8763917,0.0,0.0,0.0,3.406977,-0.49011,-2.08135,-0.4299254,0.2089601,1.992901,-0.2610893,-0.05155321,-0.9639372,0.3065598,0.9424518,-0.133438,0.9153435,-0.3303436,-0.2302599,moving,78.42205,-47.04354,-12.17377,5.985717
05/15/2023 12:32:04.639432,3759,True,True,True,True,Eyes,1.226693,-0.0361039,-2.035135,0.9592596,-0.210669,0.1882543,0.0,0.0,0.0,0.0,0.0,0.0,0.0,-1.580905,-0.6795164,-1.811522,1.439943,-0.02665028,-2.041682,0.07866614,0.7824766,-0.1462803,0.60012,18.86504,104.4991,356.8218,0.4845264,-0.01657027,-0.8746194,0.0,0.0,0.0,3.416565,-0.4838552,-2.100611,-0.4255334,0.2089599,1.9929,-0.2673352,-0.05246266,-0.9621745,0.2986804,0.9448274,-0.1345036,0.9161453,-0.3233401,-0.2369161,moving,78.89684,-48.21595,-12.05306,5.985717
05/15/2023 12:32:04.659443,3760,True,True,True,True,Eyes,1.23639,-0.035873,-2.035323,0.9607879,-0.2106315,0.1803359,0.0,0.0,0.0,0.0,0.0,0.0,0.0,-1.566328,-0.681397,-1.83251,1.449382,-0.02766758,-2.043112,0.07773937,0.7846726,-0.1459056,0.5974588,18.77595,104.9037,356.8307,0.4877206,-0.01643341,-0.8728448,0.0,0.0,0.0,3.4287,-0.4655356,-2.121124,-0.4212466,0.2089597,1.9929,-0.273999,-0.05234523,-0.9603044,0.2963451,0.9453363,-0.136084,0.914934,-0.3218683,-0.243509,moving,79.36951,-49.43093,-11.93514,5.985712
05/15/2023 12:32:04.679288,3761,True,True,True,True,Eyes,1.246091,-0.03567281,-2.03558,0.9623078,-0.2104644,0.1722459,0.0,0.0,0.0,0.0,0.0,0.0,0.0,-1.551234,-0.6861125,-1.853112,1.458934,-0.02846421,-2.044945,0.07740928,0.7868621,-0.1460775,0.5945731,18.78008,105.3291,356.8584,0.4908904,-0.01629721,-0.8710687,0.0,0.0,0.0,3.439578,-0.4517351,-2.140863,-0.4168419,0.2089602,1.992901,-0.2809813,-0.05188662,-0.9583097,0.2955284,0.9453383,-0.1378347,0.9130787,-0.3219367,-0.2502885,moving,79.85194,-50.7028,-11.81386,5.985723
05/15/2023 12:32:04.689438,3762,True,True,True,True,Eyes,1.255797,-0.0355223,-2.035911,0.9637518,-0.210308,0.1641735,0.0,0.0,0.0,0.0,0.0,0.0,0.0,-1.535294,-0.6894208,-1.874669,1.468676,-0.02899554,-2.046696,0.07712613,0.7891855,-0.1458935,0.591568,18.75517,105.7813,356.92,0.4940347,-0.01616291,-0.8692916,0.0,0.0,0.0,3.447747,-0.4499809,-2.160559,-0.4126593,0.20896,1.9929,-0.2881975,-0.05087825,-0.9562183,0.2943456,0.9455333,-0.1390235,0.9112095,-0.3215249,-0.2575246,moving,80.33256,-52.0232,-11.69861,5.985717
05/15/2023 12:32:04.709459,3763,True,True,True,True,Eyes,1.2655,-0.03543923,-2.036293,0.9651389,-0.2101659,0.1560038,0.0,0.0,0.0,0.0,0.0,0.0,0.0,-1.519821,-0.6921583,-1.896117,1.478474,-0.03002892,-2.048758,0.07705923,0.7914435,-0.145697,0.5886013,18.74376,106.2282,357.0013,0.4971533,-0.01603238,-0.8675144,0.0,0.0,0.0,3.455094,-0.4513274,-2.181246,-0.4083241,0.2089599,1.9929,-0.2952209,-0.04953888,-0.9541439,0.293491,0.9456685,-0.1399076,0.9092348,-0.3213363,-0.2646419,moving,80.8182,-53.41393,-11.57905,5.985716
05/15/2023 12:32:04.729363,3764,True,True,True,True,Eyes,1.275207,-0.03540409,-2.036754,0.966406,-0.210178,0.1479345,0.0,0.0,0.0,0.0,0.0,0.0,0.0,-1.505697,-0.695372,-1.915544,1.487949,-0.03155947,-2.050606,0.07768391,0.7934028,-0.1457656,0.5858579,18.80361,106.6382,357.1222,0.5002455,-0.01590805,-0.8657373,0.0,0.0,0.0,3.462523,-0.4516366,-2.202794,-0.4038544,0.2089601,1.9929,-0.3014714,-0.04752664,-0.9522901,0.2940652,0.9454351,-0.1402783,0.9069955,-0.3223252,-0.2710457,moving,81.2969,-54.86006,-11.45566,5.98572
05/15/2023 12:32:04.739524,3765,True,True,True,True,Eyes,1.28493,-0.0354094,-2.037332,0.9676304,-0.2101017,0.1398171,0.0,0.0,0.0,0.0,0.0,0.0,0.0,-1.493731,-0.7039054,-1.931849,1.497733,-0.03262964,-2.052921,0.07907688,0.794871,-0.1468426,0.5834076,19.00858,106.9821,357.2339,0.5033109,-0.01579127,-0.8639609,0.0,0.0,0.0,3.46979,-0.4530167,-2.224109,-0.3996136,0.2089601,1.9929,-0.306765,-0.04562629,-0.9506912,0.2970499,0.9443682,-0.1411737,0.9042437,-0.3257098,-0.2761458,moving,81.77799,-56.35729,-11.3385,5.985721
05/15/2023 12:32:04.759643,3766,True,True,True,True,Eyes,1.294669,-0.03548406,-2.037996,0.9687986,-0.2099093,0.1317848,0.0,0.0,0.0,0.0,0.0,0.0,0.0,-1.481382,-0.7050319,-1.951449,1.508107,-0.0335536,-2.055287,0.07877009,0.7966295,-0.146322,0.581177,18.94665,107.3243,357.2986,0.5063484,-0.01568292,-0.8621862,0.0,0.0,0.0,3.476106,-0.4575782,-2.243689,-0.3952541,0.20896,1.9929,-0.3120573,-0.04457687,-0.949017,0.2955792,0.9447703,-0.1415702,0.9029139,-0.3246876,-0.2816465,moving,82.25365,-57.87867,-11.21796,5.985719
05/15/2023 12:32:04.779214,3767,True,True,True,True,Eyes,1.304407,-0.03564461,-2.038766,0.969884,-0.2098294,0.1236795,0.0,0.0,0.0,0.0,0.0,0.0,0.0,-1.469926,-0.7001436,-1.972453,1.518213,-0.03531165,-2.057969,0.07795336,0.7984807,-0.1447696,0.5791317,18.75257,107.6621,357.3856,0.5093576,-0.01558497,-0.8604136,0.0,0.0,0.0,3.48178,-0.4665672,-2.261145,-0.3908811,0.20896,1.9929,-0.3170595,-0.04319281,-0.9474217,0.2921699,0.9459301,-0.1409009,0.9022806,-0.321482,-0.2872964,moving,82.73287,-59.48367,-11.09694,5.985717
05/15/2023 12:32:04.789712,3768,True,True,True,True,Eyes,1.314166,-0.03588233,-2.039627,0.970863,-0.2098403,0.1157246,0.0,0.0,0.0,0.0,0.0,0.0,0.0,-1.460087,-0.7051244,-1.988305,1.528132,-0.03747027,-2.060538,0.07911372,0.7996899,-0.1453408,0.5771595,18.89153,107.9462,357.502,0.5123373,-0.01549985,-0.8586441,0.0,0.0,0.0,3.489911,-0.4659736,-2.279328,-0.3865426,0.20896,1.992901,-0.3212561,-0.04123674,-0.9460943,0.2943026,0.9452341,-0.1411327,0.9001004,-0.3237777,-0.2915262,moving,83.20255,-61.12375,-10.97678,5.985718
05/15/2023 12:32:04.809439,3769,True,True,True,True,Eyes,1.323936,-0.0361728,-2.040607,0.9717544,-0.2100833,0.1075096,0.0,0.0,0.0,0.0,0.0,0.0,0.0,-1.451106,-0.7098978,-2.004158,1.538384,-0.03953195,-2.063523,0.08010801,0.8008109,-0.1458226,0.5753435,19.00993,108.2083,357.606,0.5152881,-0.01542939,-0.8568778,0.0,0.0,0.0,3.49864,-0.4618179,-2.297741,-0.3823259,0.2089601,1.9929,-0.3251248,-0.03949349,-0.9448461,0.2960989,0.9446369,-0.1413734,0.8981198,-0.325732,-0.2954309,moving,83.68678,-62.89903,-10.85991,5.98572
05/15/2023 12:32:04.829489,3770,True,True,True,True,Eyes,1.333732,-0.03651618,-2.041684,0.9725496,-0.2103685,0.09946144,0.0,0.0,0.0,0.0,0.0,0.0,0.0,-1.442929,-0.7162249,-2.018812,1.548665,-0.04104479,-2.066537,0.08092788,0.8017573,-0.146521,0.5737311,19.13592,108.4333,357.673,0.5182084,-0.01537417,-0.8551159,0.0,0.0,0.0,3.504845,-0.469627,-2.313476,-0.3779077,0.2089603,1.992901,-0.3285665,-0.03835825,-0.9437015,0.2978964,0.9439645,-0.1420869,0.8962709,-0.3278103,-0.2987283,moving,84.16073,-64.69539,-10.73734,5.985723
05/15/2023 12:32:04.839396,3771,True,True,True,True,Eyes,1.343531,-0.03690913,-2.042893,0.9732523,-0.2108499,0.0912265,0.0,0.0,0.0,0.0,0.0,0.0,0.0,-1.434398,-0.7214555,-2.03447,1.559097,-0.042642,-2.069893,0.08136516,0.8028138,-0.1469855,0.572071,19.21398,108.6684,357.7222,0.5210986,-0.01533472,-0.8533584,0.0,0.0,0.0,3.511638,-0.4765308,-2.328686,-0.3737569,0.2089601,1.9929,-0.3322291,-0.03753009,-0.9424519,0.2988144,0.9435499,-0.1429106,0.8946139,-0.3290972,-0.3022602,moving,84.6451,-66.60376,-10.6221,5.98572
05/15/2023 12:32:04.859496,3772,True,True,True,True,Eyes,1.353341,-0.03734095,-2.044198,0.9738413,-0.2114466,0.08320747,0.0,0.0,0.0,0.0,0.0,0.0,0.0,-1.427012,-0.7274593,-2.048727,1.5693,-0.04417922,-2.073207,0.08227998,0.8036752,-0.1476102,0.5705677,19.33882,108.8799,357.8019,0.5239573,-0.01531137,-0.8516067,0.0,0.0,0.0,3.51844,-0.4829203,-2.343029,-0.3693261,0.2089599,1.992899,-0.3353652,-0.03619039,-0.941393,0.3006959,0.9428825,-0.1433686,0.8928115,-0.3311538,-0.3053277,moving,85.11636,-68.5196,-10.499,5.985717
05/15/2023 12:32:04.879254,3773,True,True,True,True,Eyes,1.363163,-0.03779538,-2.045609,0.9743608,-0.2121316,0.07497368,0.0,0.0,0.0,0.0,0.0,0.0,0.0,-1.421005,-0.7362454,-2.061096,1.579349,-0.0455092,-2.076779,0.08358669,0.8042806,-0.1487514,0.5692268,19.53819,109.057,357.8782,0.5267842,-0.01530395,-0.849861,0.0,0.0,0.0,3.525669,-0.4876381,-2.35816,-0.3649743,0.2089601,1.9929,-0.3379883,-0.03489223,-0.9405034,0.3038008,0.9417726,-0.1441161,0.8907689,-0.3344352,-0.3077079,moving,85.59996,-70.53506,-10.37799,5.98572
05/15/2023 12:32:04.889414,3774,True,True,True,True,Eyes,1.372993,-0.03826807,-2.047124,0.9748081,-0.212766,0.06693055,0.0,0.0,0.0,0.0,0.0,0.0,0.0,-1.41486,-0.742696,-2.074605,1.589504,-0.04650527,-2.080558,0.08413827,0.805007,-0.1493607,0.5679579,19.6362,109.2315,357.9192,0.5295792,-0.01531164,-0.848122,0.0,0.0,0.0,3.532357,-0.4940602,-2.37217,-0.360618,0.2089601,1.992901,-0.3406895,-0.0341974,-0.9395539,0.305125,0.9412243,-0.1448988,0.8892861,-0.3360468,-0.3102308,moving,86.07222,-72.5378,-10.25676,5.985718
05/15/2023 12:32:04.909575,3775,True,True,True,True,Eyes,1.382819,-0.03873852,-2.048776,0.9752225,-0.2133053,0.0586676,0.0,0.0,0.0,0.0,0.0,0.0,0.0,-1.408034,-0.7454284,-2.089925,1.599541,-0.04741916,-2.084522,0.08387876,0.8059743,-0.1492297,0.566657,19.60974,109.4235,357.9367,0.5323418,-0.01533354,-0.8463904,0.0,0.0,0.0,3.538429,-0.5027846,-2.385135,-0.3561816,0.20896,1.992901,-0.3437282,-0.03391587,-0.9384565,0.3043324,0.9413897,-0.1454896,0.8883877,-0.3356116,-0.3132605,moving,86.55734,-74.62159,-10.13321,5.985714
05/15/2023 12:32:04.930623,3776,True,True,True,True,Eyes,1.392656,-0.03917269,-2.050529,0.9755859,-0.2137105,0.05059598,0.0,0.0,0.0,0.0,0.0,0.0,0.0,-1.40125,-0.7503976,-2.104263,1.609496,-0.04787393,-2.08848,0.08384944,0.8068578,-0.1494559,0.5653431,19.63256,109.6097,357.9508,0.5350705,-0.01536795,-0.8446673,0.0,0.0,0.0,3.545395,-0.5075022,-2.398509,-0.3518552,0.2089604,1.992901,-0.3467131,-0.03367859,-0.9373665,0.3042969,0.9412644,-0.1463719,0.8872394,-0.3359867,-0.3161004,moving,87.03118,-76.68047,-10.01263,5.985725
05/15/2023 12:32:04.939300,3777,True,True,True,True,Eyes,1.402509,-0.03949096,-2.052387,0.9759164,-0.2139947,0.04234939,0.0,0.0,0.0,0.0,0.0,0.0,0.0,-1.394571,-0.7496694,-2.120796,1.61966,-0.0473859,-2.092621,0.08250359,0.8079513,-0.1484333,0.5642478,19.44845,109.7854,357.9221,0.5377654,-0.01541201,-0.8429534,0.0,0.0,0.0,3.553077,-0.5077582,-2.413028,-0.3475837,0.2089602,1.992901,-0.3496354,-0.03418846,-0.936262,0.300824,0.9423214,-0.1467487,0.8872769,-0.3329586,-0.3191842,moving,87.51524,-78.80585,-9.893496,5.985722
05/15/2023 12:32:04.959413,3778,True,True,True,True,Eyes,1.412397,-0.03972159,-2.054354,0.9762558,-0.2139001,0.0342237,0.0,0.0,0.0,0.0,0.0,0.0,0.0,-1.387955,-0.756758,-2.134571,1.629894,-0.04492769,-2.096883,0.0812409,0.8088036,-0.1485898,0.5631676,19.38198,109.9282,357.8162,0.5404264,-0.01545995,-0.841249,0.0,0.0,0.0,3.560274,-0.5092149,-2.427264,-0.3432579,0.2089601,1.992901,-0.3524843,-0.03594609,-0.9351272,0.2987778,0.942642,-0.1488554,0.8868409,-0.3318644,-0.3215266,moving,87.99226,-80.90981,-9.772756,5.98572
05/15/2023 12:32:04.979501,3779,True,True,True,True,Eyes,1.422269,-0.03988826,-2.056433,0.9765891,-0.2135477,0.02590667,0.0,0.0,0.0,0.0,0.0,0.0,0.0,-1.377894,-0.7472146,-2.156981,1.640603,-0.04313813,-2.10144,0.07754022,0.8106511,-0.1456713,0.5617936,18.86264,110.173,357.7011,0.5430545,-0.01550775,-0.839554,0.0,0.0,0.0,3.569299,-0.502442,-2.442003,-0.3389916,0.2089603,1.992901,-0.3567508,-0.03795826,-0.9334281,0.2893906,0.9455348,-0.149054,0.8882466,-0.3233005,-0.3263356,moving,88.48043,-83.08292,-9.653589,5.985723
05/15/2023 12:32:04.990356,3780,True,True,True,True,Eyes,1.432148,-0.03995666,-2.058614,0.9768522,-0.2131798,0.01772546,0.0,0.0,0.0,0.0,0.0,0.0,0.0,-1.369019,-0.7348521,-2.178339,1.650175,-0.04179792,-2.105839,0.07643183,0.8124602,-0.1422695,0.5602018,18.47019,110.4806,357.873,0.5456482,-0.01555275,-0.8378697,0.0,0.0,0.0,3.577659,-0.4972979,-2.455853,-0.3346133,0.2089603,1.992901,-0.3606645,-0.03520363,-0.9320311,0.2835949,0.9478351,-0.1455422,0.8885354,-0.3168111,-0.3318668,moving,88.96046,-85.24691,-9.53121,5.985723
05/15/2023 12:32:05.009662,3781,True,True,True,True,Eyes,1.44203,-0.03994017,-2.060924,0.9771075,-0.2125446,0.009255767,0.0,0.0,0.0,0.0,0.0,0.0,0.0,-1.359979,-0.7352005,-2.195858,1.660246,-0.0395094,-2.110422,0.07710379,0.8138776,-0.1410422,0.5583597,18.4022,110.7829,358.0674,0.5482076,-0.01559124,-0.8361967,0.0,0.0,0.0,3.589042,-0.4773328,-2.474771,-0.3301476,0.2089601,1.992901,-0.3645791,-0.0319985,-0.9306225,0.2830106,0.9483241,-0.1434789,0.8871229,-0.3156855,-0.3366833,moving,89.45728,-87.50649,-9.406297,5.985721
05/15/2023 12:32:05.029234,3782,True,True,True,True,Eyes,1.451895,-0.03985733,-2.063313,0.977306,-0.2118307,0.0008401632,0.0,0.0,0.0,0.0,0.0,0.0,0.0,-1.34523,-0.7182736,-2.222479,1.670443,-0.03751703,-2.114991,0.07397254,0.8164786,-0.1367226,0.5560556,17.78992,111.1926,358.1188,0.5507323,-0.01562043,-0.8345355,0.0,0.0,0.0,3.597757,-0.4636365,-2.493832,-0.3259514,0.20896,1.9929,-0.3706605,-0.03125672,-0.9282423,0.2728447,0.9516701,-0.1409964,0.8877875,-0.3055278,-0.3442183,moving,89.95074,-89.77276,-9.288841,5.985719
05/15/2023 12:32:05.039450,3783,True,True,True,True,Eyes,1.461745,-0.03972558,-2.065804,0.977356,-0.2114635,-0.007655836,0.0,0.0,0.0,0.0,0.0,0.0,0.0,-1.329817,-0.7177328,-2.242998,1.679909,-0.03586353,-2.119248,0.07315077,0.8185859,-0.1355435,0.5533479,17.62968,111.6021,358.1814,0.5532221,-0.01563861,-0.8328868,0.0,0.0,0.0,3.604568,-0.4601875,-2.512122,-0.3215671,0.20896,1.9929,-0.3769101,-0.030245,-0.925756,0.2697658,0.9525538,-0.1409523,0.8860956,-0.3028636,-0.3508682,moving,-89.5512,87.92657,-9.166035,5.985717
05/15/2023 12:32:05.059910,3784,True,True,True,True,Eyes,1.471579,-0.03952603,-2.068358,0.9773207,-0.211158,-0.01601725,0.0,0.0,0.0,0.0,0.0,0.0,0.0,-1.316364,-0.7216113,-2.260936,1.689605,-0.03450988,-2.123538,0.07465678,0.820307,-0.1351101,0.5506979,17.6914,112.0042,358.4165,0.555676,-0.01564494,-0.8312515,0.0,0.0,0.0,3.614288,-0.4376289,-2.536041,-0.3171642,0.2089601,1.9929,-0.3823166,-0.02632669,-0.9236564,0.2712926,0.9523433,-0.1394368,0.8833089,-0.3038901,-0.3569544,moving,-89.06107,85.66218,-9.04262,5.98572
05/15/2023 12:32:05.079505,3785,True,True,True,True,Eyes,1.481396,-0.03928808,-2.070988,0.9771334,-0.2112588,-0.02408514,0.0,0.0,0.0,0.0,0.0,0.0,0.0,-1.30621,-0.7228429,-2.277256,1.699098,-0.03267178,-2.127577,0.07656636,0.821687,-0.134106,0.5486198,17.72195,112.34,358.7175,0.5580949,-0.01563796,-0.8296295,0.0,0.0,0.0,3.620046,-0.4309365,-2.558445,-0.3127185,0.2089603,1.992901,-0.3863079,-0.02131928,-0.9221235,0.2729736,0.9523064,-0.1363747,0.8810514,-0.304398,-0.3620639,moving,-88.58802,83.49592,-8.917918,5.985725
05/15/2023 12:32:05.089395,3786,True,True,True,True,Eyes,1.491203,-0.03898023,-2.07368,0.9768721,-0.2114234,-0.03195503,0.0,0.0,0.0,0.0,0.0,0.0,0.0,-1.298445,-0.7253747,-2.291892,1.708578,-0.03146498,-2.131822,0.07822119,0.8227235,-0.1335052,0.5469771,17.77297,112.602,358.9567,0.5604784,-0.01561752,-0.8280215,0.0,0.0,0.0,3.624628,-0.4330062,-2.578999,-0.3086109,0.2089603,1.992901,-0.3893951,-0.01733973,-0.9209077,0.2747574,0.9521156,-0.1341053,0.8791359,-0.3052461,-0.365985,moving,-88.12643,81.40524,-8.802626,5.985723
05/15/2023 12:32:05.109803,3787,True,True,True,True,Eyes,1.501017,-0.03859071,-2.076416,0.9765212,-0.2117573,-0.03956125,0.0,0.0,0.0,0.0,0.0,0.0,0.0,-1.291192,-0.7337039,-2.304327,1.718171,-0.02946287,-2.135987,0.07908442,0.8235025,-0.1339324,0.5455747,17.87132,112.8002,359.0435,0.5628272,-0.01558229,-0.8264274,0.0,0.0,0.0,3.629483,-0.4338284,-2.597163,-0.3041539,0.2089602,1.992901,-0.392188,-0.01588789,-0.919748,0.2763927,0.9516155,-0.1342945,0.8773801,-0.3068803,-0.3688208,moving,-87.68008,79.41779,-8.677445,5.985721
05/15/2023 12:32:05.129494,3788,True,True,True,True,Eyes,1.510834,-0.03815752,-2.079194,0.9762018,-0.2117132,-0.04698479,0.0,0.0,0.0,0.0,0.0,0.0,0.0,-1.283654,-0.7365437,-2.318738,1.727983,-0.02711849,-2.140129,0.07748468,0.8244301,-0.1334772,0.5445136,17.72617,112.9476,358.9413,0.5651424,-0.01553062,-0.8248468,0.0,0.0,0.0,3.634741,-0.4356383,-2.61318,-0.299744,0.2089603,1.992901,-0.3950021,-0.01759894,-0.9185116,0.2731217,0.9523599,-0.1357024,0.8771418,-0.3044682,-0.3713775,moving,-87.24448,77.48734,-8.553506,5.985724
05/15/2023 12:32:05.139587,3789,True,True,True,True,Eyes,1.520619,-0.03773808,-2.082021,0.9758228,-0.2117558,-0.05412288,0.0,0.0,0.0,0.0,0.0,0.0,0.0,-1.275154,-0.7292677,-2.336513,1.737862,-0.02571823,-2.143903,0.07279748,0.8256317,-0.1316075,0.5437943,17.24705,113.0503,358.6244,0.5674253,-0.01546257,-0.8232794,0.0,0.0,0.0,3.640331,-0.4375009,-2.627329,-0.2954543,0.2089601,1.992901,-0.3979762,-0.02292703,-0.917109,0.2633426,0.95476,-0.1381449,0.8787861,-0.2964923,-0.3739342,moving,-86.82541,75.66266,-8.43287,5.98572
05/15/2023 12:32:05.159153,3790,True,True,True,True,Eyes,1.530375,-0.03732276,-2.084868,0.9753613,-0.2120145,-0.06099325,0.0,0.0,0.0,0.0,0.0,0.0,0.0,-1.267506,-0.7365527,-2.348382,1.747103,-0.02561261,-2.147312,0.06953317,0.8262395,-0.1326565,0.5430432,17.14141,113.1067,358.2505,0.5696758,-0.01538041,-0.8217253,0.0,0.0,0.0,3.648096,-0.4297649,-2.641225,-0.2911002,0.2089601,1.9929,-0.4005386,-0.02917433,-0.9158154,0.2589785,0.9551347,-0.1436931,0.8789193,-0.2947311,-0.3750129,moving,-86.42173,73.9503,-8.310346,5.985721
05/15/2023 12:32:05.179482,3791,True,True,True,True,Eyes,1.540121,-0.03689845,-2.087724,0.9747675,-0.2127123,-0.06768894,0.0,0.0,0.0,0.0,0.0,0.0,0.0,-1.261952,-0.7604454,-2.353595,1.756188,-0.02524276,-2.150668,0.06962407,0.8261565,-0.1364686,0.5422127,17.51713,113.1405,358.02,0.5718943,-0.01528584,-0.8201846,0.0,0.0,0.0,3.658252,-0.410522,-2.65521,-0.286522,0.2089598,1.992899,-0.4023161,-0.03294931,-0.9149079,0.2630307,0.9530576,-0.1499867,0.8769019,-0.3009909,-0.3747638,moving,-86.02769,72.34798,-8.181437,5.985715
05/15/2023 12:32:05.190277,3792,True,True,True,True,Eyes,1.549832,-0.03645302,-2.090595,0.9741021,-0.2135856,-0.07420433,0.0,0.0,0.0,0.0,0.0,0.0,0.0,-1.254494,-0.7776126,-2.36213,1.765503,-0.02455226,-2.15418,0.07055835,0.8265297,-0.1388206,0.5409244,17.80703,113.278,357.9808,0.574082,-0.01517987,-0.8186568,0.0,0.0,0.0,3.665938,-0.4051577,-2.666055,-0.2824214,0.2089599,1.9929,-0.4048449,-0.03354581,-0.9137699,0.26682,0.9515007,-0.1531453,0.8745901,-0.3058122,-0.3762595,moving,-85.64378,70.84165,-8.065893,5.985718
05/15/2023 12:32:05.209626,3793,True,True,True,True,Eyes,1.559521,-0.03601907,-2.093457,0.9733338,-0.2147071,-0.08075915,0.0,0.0,0.0,0.0,0.0,0.0,0.0,-1.246992,-0.7935377,-2.370391,1.774405,-0.02355312,-2.157399,0.0722039,0.8269503,-0.1408219,0.5395456,18.10865,113.4422,358.038,0.5762398,-0.01506294,-0.8171415,0.0,0.0,0.0,3.670655,-0.4167703,-2.674346,-0.2782025,0.2089601,1.992901,-0.4073547,-0.03254163,-0.9126902,0.2713777,0.9499116,-0.1549908,0.8720187,-0.31082,-0.3781198,moving,-85.25694,69.38689,-7.946948,5.985717
05/15/2023 12:32:05.229369,3794,True,True,True,True,Eyes,1.569165,-0.03558463,-2.096332,0.9725153,-0.2159142,-0.08714981,0.0,0.0,0.0,0.0,0.0,0.0,0.0,-1.239339,-0.7985296,-2.382343,1.783287,-0.02336086,-2.160673,0.07381281,0.827723,-0.140908,0.5381183,18.22236,113.6577,358.2228,0.5783685,-0.01493675,-0.8156387,0.0,0.0,0.0,3.675054,-0.4259968,-2.685886,-0.2737481,0.2089601,1.992901,-0.4099607,-0.02945726,-0.9116274,0.2738434,0.9493932,-0.1538255,0.8700241,-0.3127056,-0.3811472,moving,-84.87925,68.01944,-7.821295,5.98572
05/15/2023 12:32:05.239286,3795,True,True,True,True,Eyes,1.578786,-0.03514406,-2.099211,0.971646,-0.2170286,-0.0938218,0.0,0.0,0.0,0.0,0.0,0.0,0.0,-1.233987,-0.8036149,-2.392681,1.791888,-0.02288099,-2.163805,0.07629047,0.8282551,-0.1408952,0.5369563,18.38035,113.8459,358.4945,0.5804683,-0.01480232,-0.8141481,0.0,0.0,0.0,3.678725,-0.4357241,-2.697407,-0.2694617,0.2089603,1.992901,-0.4117157,-0.02493317,-0.9109713,0.277685,0.9486566,-0.151465,0.8679754,-0.3153236,-0.3836532,moving,-84.48464,66.6211,-7.700307,5.985723
05/15/2023 12:32:05.259237,3796,True,True,True,True,Eyes,1.588383,-0.0346883,-2.102107,0.9707807,-0.2179689,-0.1003713,0.0,0.0,0.0,0.0,0.0,0.0,0.0,-1.228034,-0.8051345,-2.404854,1.80082,-0.02226393,-2.167068,0.07779046,0.8289409,-0.1402708,0.5358449,18.41634,114.0319,358.71,0.5825399,-0.01466037,-0.8126696,0.0,0.0,0.0,3.68307,-0.4403569,-2.710714,-0.2651207,0.20896,1.9929,-0.4136377,-0.02135941,-0.9101909,0.2792942,0.9485455,-0.1491852,0.8665441,-0.3159196,-0.3863887,moving,-84.09703,65.27467,-7.577714,5.985718
05/15/2023 12:32:05.279350,3797,True,True,True,True,Eyes,1.597932,-0.03425912,-2.10507,0.9699275,-0.2186039,-0.1070189,0.0,0.0,0.0,0.0,0.0,0.0,0.0,-1.21964,-0.7994791,-2.420668,1.809841,-0.02146992,-2.170331,0.07731586,0.8300647,-0.1384903,0.5346358,18.21499,114.2389,358.8099,0.5845838,-0.01451121,-0.8112034,0.0,0.0,0.0,3.6871,-0.4465539,-2.722404,-0.2608572,0.20896,1.9929,-0.4163739,-0.01972943,-0.9089795,0.2764381,0.9496854,-0.1472402,0.8661495,-0.3125835,-0.3899703,moving,-83.70362,63.91565,-7.457237,5.98572
05/15/2023 12:32:05.289427,3798,True,True,True,True,Eyes,1.607459,-0.03384421,-2.108041,0.969082,-0.2190769,-0.1135143,0.0,0.0,0.0,0.0,0.0,0.0,0.0,-1.211603,-0.7911216,-2.437008,1.818846,-0.02164009,-2.173522,0.07650592,0.8311744,-0.1364461,0.5335528,17.96651,114.4296,358.8903,0.5865992,-0.01435665,-0.8097499,0.0,0.0,0.0,3.692167,-0.448176,-2.734918,-0.2563826,0.2089599,1.9929,-0.4189366,-0.01842294,-0.9078286,0.272782,0.9510586,-0.1451812,0.8660728,-0.308461,-0.3934079,moving,-83.31905,62.60915,-7.330723,5.985716
05/15/2023 12:32:05.309778,3799,True,True,True,True,Eyes,1.616976,-0.03346397,-2.111024,0.9682269,-0.2193101,-0.1201653,0.0,0.0,0.0,0.0,0.0,0.0,0.0,-1.204636,-0.7849469,-2.451964,1.827837,-0.0215973,-2.176685,0.07581732,0.8320915,-0.1347843,0.5326435,17.76254,114.5876,358.9525,0.5885865,-0.01419792,-0.8083092,0.0,0.0,0.0,3.698691,-0.440999,-2.749185,-0.2520244,0.2089602,1.992901,-0.4210856,-0.01741003,-0.906854,0.2697578,0.95217,-0.1435384,0.8659781,-0.3050728,-0.3962486,moving,-82.92528,61.2806,-7.207427,5.985722
05/15/2023 12:32:05.329257,3800,True,True,True,True,Eyes,1.62647,-0.03313283,-2.114013,0.9673705,-0.2194314,-0.1266655,0.0,0.0,0.0,0.0,0.0,0.0,0.0,-1.19546,-0.7781435,-2.468401,1.837092,-0.02205759,-2.179964,0.07420249,0.8332154,-0.1331929,0.5315129,17.50782,114.766,358.9225,0.590547,-0.01403685,-0.8068808,0.0,0.0,0.0,3.705548,-0.4330784,-2.763156,-0.2475419,0.2089603,1.992901,-0.4239762,-0.01793419,-0.9054958,0.2652407,0.9535073,-0.1430776,0.8659628,-0.3008359,-0.3995076,moving,-82.54025,60.00456,-7.080549,5.985724
05/15/2023 12:32:05.339567,3801,True,True,True,True,Eyes,1.635935,-0.03285788,-2.11702,0.9664295,-0.2196724,-0.1332596,0.0,0.0,0.0,0.0,0.0,0.0,0.0,-1.186874,-0.7758424,-2.48267,1.846052,-0.02292648,-2.183075,0.07307744,0.8341236,-0.1324764,0.5304221,17.36916,114.9244,358.8818,0.5924814,-0.0138756,-0.8054643,0.0,0.0,0.0,3.712559,-0.4263718,-2.77552,-0.2435261,0.2089601,1.992901,-0.4266243,-0.01862555,-0.9042372,0.262448,0.9542195,-0.1434796,0.865513,-0.2985271,-0.402205,moving,-82.14907,58.75779,-6.966821,5.985719
05/15/2023 12:32:05.359944,3802,True,True,True,True,Eyes,1.64538,-0.03262574,-2.120027,0.9654495,-0.2199684,-0.139718,0.0,0.0,0.0,0.0,0.0,0.0,0.0,-1.177451,-0.7859393,-2.49332,1.854998,-0.02393222,-2.186126,0.07311962,0.8347653,-0.1338857,0.5290511,17.51132,115.0879,358.823,0.5943897,-0.01371644,-0.8040599,0.0,0.0,0.0,3.71969,-0.4180597,-2.789489,-0.2391521,0.2089602,1.992902,-0.4295169,-0.01958927,-0.9028462,0.2637401,0.9534563,-0.1461582,0.8636876,-0.3008942,-0.4043591,moving,-81.76543,57.57738,-6.842885,5.985719
05/15/2023 12:32:05.379487,3803,True,True,True,True,Eyes,1.654817,-0.03243231,-2.123035,0.9643833,-0.2203441,-0.1463331,0.0,0.0,0.0,0.0,0.0,0.0,0.0,-1.16569,-0.796205,-2.504895,1.863988,-0.02471134,-2.189112,0.07267602,0.83562,-0.1353267,0.5273938,17.62713,115.2862,358.7205,0.5962732,-0.01356077,-0.8026668,0.0,0.0,0.0,3.725915,-0.4140956,-2.802361,-0.2347275,0.2089601,1.992901,-0.4331481,-0.02128189,-0.9010717,0.2642,0.9528098,-0.1495057,0.8617316,-0.3028212,-0.4070852,moving,-81.3719,56.41141,-6.717453,5.985721
05/15/2023 12:32:05.389501,3804,True,True,True,True,Eyes,1.664248,-0.03228016,-2.126039,0.9632939,-0.2206574,-0.1528893,0.0,0.0,0.0,0.0,0.0,0.0,0.0,-1.151467,-0.8046676,-2.518264,1.873251,-0.02541205,-2.192101,0.07177802,0.8367471,-0.1364562,0.5254351,17.68526,115.5287,358.6,0.5981327,-0.01340978,-0.8012846,0.0,0.0,0.0,3.730309,-0.4198368,-2.814508,-0.23039,0.2089601,1.9929,-0.437532,-0.02327768,-0.8989017,0.2635179,0.9524552,-0.1529293,0.8597234,-0.3037881,-0.4105955,moving,-80.98151,55.28266,-6.594428,5.985722
05/15/2023 12:32:05.409564,3805,True,True,True,True,Eyes,1.67369,-0.03218182,-2.129016,0.9621102,-0.2209823,-0.1597206,0.0,0.0,0.0,0.0,0.0,0.0,0.0,-1.134065,-0.8093572,-2.534038,1.882549,-0.02625966,-2.194955,0.07002233,0.8382491,-0.1370365,0.5231218,17.63799,115.8239,358.4378,0.5999689,-0.01326462,-0.799913,0.0,0.0,0.0,3.734477,-0.4242926,-2.827894,-0.2261069,0.2089602,1.992901,-0.4428812,-0.0259812,-0.8962039,0.2607658,0.9526358,-0.156481,0.8578215,-0.3030018,-0.4151295,moving,-80.57425,54.14152,-6.472881,5.985721
05/15/2023 12:32:05.429789,3806,True,True,True,True,Eyes,1.683129,-0.03215287,-2.131981,0.9608879,-0.221256,-0.1665539,0.0,0.0,0.0,0.0,0.0,0.0,0.0,-1.11443,-0.8119819,-2.551355,1.891936,-0.02748655,-2.197841,0.06844218,0.8400074,-0.1372749,0.5204412,17.5696,116.1788,358.3228,0.6017842,-0.01312673,-0.7985506,0.0,0.0,0.0,3.738637,-0.426647,-2.843094,-0.2216472,0.2089602,1.992901,-0.4489135,-0.02790317,-0.8931395,0.2578709,0.9529426,-0.1593836,0.855558,-0.3018641,-0.4205933,moving,-80.16644,53.02882,-6.346261,5.98572
05/15/2023 12:32:05.439656,3807,True,True,True,True,Eyes,1.692582,-0.03217579,-2.134919,0.9595495,-0.22159,-0.1736735,0.0,0.0,0.0,0.0,0.0,0.0,0.0,-1.092579,-0.8138812,-2.569409,1.901322,-0.02913181,-2.200482,0.0673202,0.8419592,-0.1373905,0.5173941,17.51867,116.5908,358.2689,0.6035791,-0.01299798,-0.7971967,0.0,0.0,0.0,3.742911,-0.4253988,-2.860055,-0.2174841,0.2089602,1.992901,-0.4555428,-0.0288084,-0.8897477,0.2555318,0.9531837,-0.1616923,0.8527511,-0.3010166,-0.4268545,moving,-79.74083,51.91206,-6.228008,5.985722
05/15/2023 12:32:05.459467,3808,True,True,True,True,Eyes,1.702049,-0.03226438,-2.137842,0.9581649,-0.2218376,-0.1808539,0.0,0.0,0.0,0.0,0.0,0.0,0.0,-1.067713,-0.819059,-2.587539,1.910877,-0.0304209,-2.203145,0.06630454,0.8440828,-0.1380024,0.5138903,17.52473,117.0556,358.203,0.6053558,-0.01287938,-0.7958504,0.0,0.0,0.0,3.746564,-0.4239962,-2.878942,-0.2131855,0.2089601,1.992901,-0.4630409,-0.02990311,-0.8858323,0.2537692,0.9531181,-0.1648244,0.8492315,-0.3011174,-0.4337442,moving,-79.31116,50.81123,-6.105853,5.985719
05/15/2023 12:32:05.479828,3809,True,True,True,True,Eyes,1.711534,-0.03242523,-2.140728,0.9567,-0.2220326,-0.1882194,0.0,0.0,0.0,0.0,0.0,0.0,0.0,-1.04033,-0.8183836,-2.608234,1.920713,-0.03208686,-2.205618,0.06490977,0.8465335,-0.1376873,0.5101079,17.41771,117.5737,358.1637,0.6071153,-0.01277233,-0.7945108,0.0,0.0,0.0,3.749048,-0.4238502,-2.899628,-0.2082827,0.2089603,1.992901,-0.4711536,-0.03057409,-0.8815212,0.2503673,0.9536579,-0.1668918,0.8457722,-0.2993357,-0.4416646,moving,-78.86988,49.7117,-5.966455,5.985724
05/15/2023 12:32:05.489620,3810,True,True,True,True,Eyes,1.721035,-0.03265706,-2.143591,0.9551838,-0.2221619,-0.1956223,0.0,0.0,0.0,0.0,0.0,0.0,0.0,-1.013982,-0.8137149,-2.629159,1.930327,-0.03402747,-2.208042,0.06366462,0.8489579,-0.1367235,0.5064821,17.2556,118.0832,358.1759,0.6088588,-0.01267834,-0.7931771,0.0,0.0,0.0,3.750946,-0.4252443,-2.921005,-0.2043176,0.2089602,1.9929,-0.4788456,-0.03039881,-0.8773729,0.2465931,0.954507,-0.1676549,0.842555,-0.2966349,-0.4495654,moving,-78.42583,48.63482,-5.853668,5.985723
05/15/2023 12:32:05.509374,3811,True,True,True,True,Eyes,1.730555,-0.03294226,-2.146441,0.9535998,-0.2222467,-0.2031107,0.0,0.0,0.0,0.0,0.0,0.0,0.0,-0.9869889,-0.8126007,-2.648931,1.94025,-0.03599243,-2.210301,0.06261415,0.8512732,-0.1363789,0.5028065,17.16695,118.5869,358.1682,0.6105879,-0.01259865,-0.7918479,0.0,0.0,0.0,3.752792,-0.4232423,-2.944396,-0.1999833,0.2089598,1.9929,-0.4865305,-0.03054093,-0.87313,0.2437479,0.9549605,-0.1692258,0.8389729,-0.295157,-0.457173,moving,-77.97604,47.57589,-5.730329,5.985715
05/15/2023 12:32:05.529298,3812,True,True,True,True,Eyes,1.740112,-0.03327795,-2.149269,0.9519788,-0.2221922,-0.2106347,0.0,0.0,0.0,0.0,0.0,0.0,0.0,-0.9595721,-0.8112333,-2.668649,1.950296,-0.03757565,-2.212577,0.06126061,0.8535857,-0.1359984,0.4991425,17.0573,119.0849,358.1308,0.612303,-0.01253375,-0.7905236,0.0,0.0,0.0,3.754678,-0.4197893,-2.96734,-0.1956679,0.20896,1.992901,-0.494208,-0.03118277,-0.8687843,0.2403475,0.9555032,-0.171017,0.8354589,-0.293328,-0.4647226,moving,-77.52375,46.52957,-5.607469,5.985717
05/15/2023 12:32:05.539791,3813,True,True,True,True,Eyes,1.749689,-0.03369867,-2.152099,0.9503267,-0.2219463,-0.2182175,0.0,0.0,0.0,0.0,0.0,0.0,0.0,-0.9315343,-0.8062397,-2.689531,1.960745,-0.0391559,-2.214792,0.05929144,0.8559697,-0.1351072,0.4955265,16.86133,119.5788,358.0602,0.6140059,-0.01248392,-0.7892024,0.0,0.0,0.0,3.756308,-0.418816,-2.989624,-0.1914262,0.2089603,1.992902,-0.501876,-0.0323951,-0.8643327,0.2354018,0.9564611,-0.1725345,0.8322899,-0.2900564,-0.472399,moving,-77.06772,45.48536,-5.486656,5.985721
05/15/2023 12:32:05.559414,3814,True,True,True,True,Eyes,1.759293,-0.03417189,-2.154897,0.9486107,-0.2217045,-0.2257982,0.0,0.0,0.0,0.0,0.0,0.0,0.0,-0.9030281,-0.7920662,-2.712805,1.971138,-0.04164881,-2.216984,0.05692109,0.8585697,-0.1328667,0.491899,16.50801,120.0948,358.0292,0.6156965,-0.01245067,-0.7878847,0.0,0.0,0.0,3.758029,-0.4166495,-3.011809,-0.1872153,0.20896,1.992901,-0.509591,-0.03297249,-0.8597848,0.2284554,0.9582129,-0.1721517,0.8295332,-0.2841494,-0.4807639,moving,-76.61102,44.47589,-5.366678,5.985717
05/15/2023 12:32:05.579642,3815,True,True,True,True,Eyes,1.768936,-0.03465781,-2.157725,0.9468385,-0.2214887,-0.2333232,0.0,0.0,0.0,0.0,0.0,0.0,0.0,-0.8760452,-0.7941483,-2.730116,1.981427,-0.04338382,-2.218947,0.05628575,0.8606022,-0.1330685,0.4883529,16.49985,120.5673,358.0223,0.6173763,-0.01243415,-0.7865694,0.0,0.0,0.0,3.760305,-0.411428,-3.034362,-0.1827145,0.20896,1.9929,-0.5166867,-0.03308956,-0.8555349,0.2268481,0.9582493,-0.1740636,0.8255755,-0.2840128,-0.4876085,moving,-76.15678,43.50946,-5.238388,5.985719
05/15/2023 12:32:05.589718,3816,True,True,True,True,Eyes,1.778638,-0.03516494,-2.160538,0.9450618,-0.2208796,-0.2409782,0.0,0.0,0.0,0.0,0.0,0.0,0.0,-0.8452961,-0.7908684,-2.750821,1.992619,-0.0441315,-2.221382,0.05399317,0.8630314,-0.1324732,0.4844716,16.3183,121.0827,357.9002,0.6190458,-0.01243304,-0.785256,0.0,0.0,0.0,3.762895,-0.4018241,-3.0578,-0.1782666,0.2089598,1.9929,-0.5247443,-0.03516336,-0.8505335,0.2215545,0.9590712,-0.1763407,0.821923,-0.2809733,-0.4954766,moving,-75.69517,42.50824,-5.111552,5.985714
05/15/2023 12:32:05.609175,3817,True,True,True,True,Eyes,1.788403,-0.03571307,-2.163306,0.9432336,-0.2202133,-0.2486293,0.0,0.0,0.0,0.0,0.0,0.0,0.0,-0.8111986,-0.76709,-2.777718,2.003784,-0.04523951,-2.223733,0.05001123,0.8661659,-0.1287565,0.4802889,15.72906,121.6786,357.7944,0.620706,-0.01244646,-0.7839441,0.0,0.0,0.0,3.76407,-0.4033965,-3.078131,-0.1740927,0.20896,1.9929,-0.5336429,-0.03704462,-0.8448982,0.2103167,0.9618413,-0.1750093,0.8191411,-0.2710887,-0.5054887,moving,-75.23315,41.53161,-4.992483,5.985717
05/15/2023 12:32:05.629431,3818,True,True,True,True,Eyes,1.798218,-0.03628448,-2.166052,0.9413489,-0.2194654,-0.2563151,0.0,0.0,0.0,0.0,0.0,0.0,0.0,-0.7796311,-0.7524819,-2.800336,2.014673,-0.04682925,-2.225947,0.04786228,0.868833,-0.1264067,0.4762981,15.38158,122.2375,357.7861,0.6223591,-0.01247433,-0.7826321,0.0,0.0,0.0,3.766018,-0.3977055,-3.101259,-0.1697839,0.2089601,1.992901,-0.5416986,-0.03724592,-0.8397471,0.2035832,0.963461,-0.1740592,0.8155467,-0.2652461,-0.5143229,moving,-74.76848,40.57123,-4.869519,5.985719
05/15/2023 12:32:05.639840,3819,True,True,True,True,Eyes,1.808084,-0.036837,-2.168772,0.9393622,-0.2188942,-0.2639776,0.0,0.0,0.0,0.0,0.0,0.0,0.0,-0.7487063,-0.7479846,-2.819598,2.025726,-0.04799746,-2.228072,0.0461915,0.8711445,-0.1256873,0.4724156,15.22598,122.7548,357.7267,0.6240056,-0.01251592,-0.7813193,0.0,0.0,0.0,3.768433,-0.3783808,-3.127994,-0.1653426,0.20896,1.9929,-0.5493799,-0.03827433,-0.8346958,0.1992322,0.9641381,-0.1753404,0.811473,-0.2626267,-0.5220527,moving,-74.30368,39.66603,-4.742728,5.985718
05/15/2023 12:32:05.659494,3820,True,True,True,True,Eyes,1.818009,-0.03737149,-2.171485,0.9373148,-0.2182129,-0.271706,0.0,0.0,0.0,0.0,0.0,0.0,0.0,-0.7187769,-0.7497714,-2.836504,2.036711,-0.04808567,-2.230257,0.04434018,0.8731883,-0.1259665,0.468731,15.16218,123.2245,357.586,0.6256467,-0.01256908,-0.7800049,0.0,0.0,0.0,3.769759,-0.3681148,-3.152069,-0.1610529,0.2089599,1.9929,-0.5566507,-0.0406541,-0.8297514,0.1955234,0.9643328,-0.1784176,0.80741,-0.2615521,-0.5288477,moving,-73.83434,38.7687,-4.620224,5.985715
05/15/2023 12:32:05.679242,3821,True,True,True,True,Eyes,1.827987,-0.03786624,-2.174156,0.9351718,-0.2173539,-0.2796621,0.0,0.0,0.0,0.0,0.0,0.0,0.0,-0.683969,-0.7459421,-2.856192,2.048099,-0.0482062,-2.232722,0.04169622,0.8756923,-0.1254787,0.4644129,14.98049,123.783,357.4178,0.6272829,-0.01263189,-0.7786887,0.0,0.0,0.0,3.770597,-0.3639246,-3.174361,-0.1566417,0.2089599,1.9929,-0.5651639,-0.04352176,-0.8238297,0.189574,0.9650331,-0.181033,0.8029017,-0.2584901,-0.5371513,moving,-73.35076,37.85442,-4.494202,5.985716
05/15/2023 12:32:05.698130,3822,True,True,True,True,Eyes,1.838007,-0.03832665,-2.17683,0.9329122,-0.216543,-0.2877223,0.0,0.0,0.0,0.0,0.0,0.0,0.0,-0.6490687,-0.7485924,-2.873165,2.058824,-0.04780304,-2.235108,0.04067149,0.8780929,-0.1256731,0.459897,14.95822,124.3698,357.3798,0.6289155,-0.01270192,-0.7773695,0.0,0.0,0.0,3.771475,-0.3616313,-3.195048,-0.1523739,0.2089601,1.992901,-0.5736815,-0.04416664,-0.8178872,0.18702,0.9651042,-0.1832958,0.7974419,-0.2581146,-0.5454023,moving,-72.85956,36.96552,-4.372234,5.985719
05/15/2023 12:32:05.709461,3823,True,True,True,True,Eyes,1.848073,-0.03864724,-2.179464,0.9304596,-0.2159788,-0.2959698,0.0,0.0,0.0,0.0,0.0,0.0,0.0,-0.609863,-0.7518703,-2.890814,2.069874,-0.04743649,-2.237726,0.04028181,0.8807959,-0.1258086,0.4546958,14.96656,125.0528,357.4223,0.6305444,-0.01277711,-0.7760477,0.0,0.0,0.0,3.771515,-0.3552523,-3.219033,-0.1480969,0.20896,1.9929,-0.5832584,-0.04344915,-0.811124,0.1853694,0.9650992,-0.1849914,0.7908528,-0.2582552,-0.554848,moving,-72.35466,36.11945,-4.249966,5.98572
05/15/2023 12:32:05.729349,3824,True,True,True,True,Eyes,1.858204,-0.03885662,-2.182126,0.9279463,-0.2151366,-0.3043548,0.0,0.0,0.0,0.0,0.0,0.0,0.0,-0.5732871,-0.7724361,-2.902344,2.0804,-0.04441459,-2.240287,0.04097783,0.8829237,-0.1282337,0.4498029,15.26626,125.6647,357.4454,0.6321705,-0.012852,-0.7747223,0.0,0.0,0.0,3.769479,-0.3541911,-3.242933,-0.1435522,0.2089602,1.992901,-0.5919962,-0.04299919,-0.8047928,0.1877204,0.9637539,-0.1895773,0.7837738,-0.2633051,-0.5624669,moving,-71.84116,35.25501,-4.120001,5.985723
05/15/2023 12:32:05.739704,3825,True,True,True,True,Eyes,1.868348,-0.03900861,-2.184787,0.9254,-0.213807,-0.3129239,0.0,0.0,0.0,0.0,0.0,0.0,0.0,-0.5315406,-0.7571728,-2.925066,2.092083,-0.0420327,-2.243497,0.03720128,0.8860601,-0.1257777,0.4446274,14.83135,126.3503,357.2771,0.6337938,-0.01292266,-0.7733938,0.0,0.0,0.0,3.766,-0.35439,-3.269078,-0.1393886,0.2089603,1.992901,-0.6018454,-0.04592328,-0.7972913,0.1777736,0.9655921,-0.1898118,0.7785751,-0.2559746,-0.5729731,moving,-71.31704,34.34306,-4.000898,5.985722
05/15/2023 12:32:05.759478,3826,True,True,True,True,Eyes,1.878515,-0.03907408,-2.187454,0.9227698,-0.2125317,-0.3214438,0.0,0.0,0.0,0.0,0.0,0.0,0.0,-0.4953048,-0.7269514,-2.948403,2.102572,-0.04092087,-2.245969,0.03301089,0.8890316,-0.1212092,0.4402744,14.15732,126.9554,357.1604,0.6354133,-0.01298748,-0.7720626,0.0,0.0,0.0,3.761431,-0.3619715,-3.292327,-0.1348349,0.2089601,1.992901,-0.6101378,-0.0480351,-0.790838,0.165426,0.9684373,-0.1864498,0.7748332,-0.2445852,-0.5829338,moving,-70.7944,33.47181,-3.870598,5.98572
05/15/2023 12:32:05.779771,3827,True,True,True,True,Eyes,1.888696,-0.03904936,-2.19017,0.920088,-0.211053,-0.3299918,0.0,0.0,0.0,0.0,0.0,0.0,0.0,-0.4628071,-0.7339914,-2.961655,2.113288,-0.03891774,-2.248741,0.03097903,0.8908894,-0.1223412,0.436336,14.18299,127.4316,356.9512,0.6370288,-0.01304402,-0.7707293,0.0,0.0,0.0,3.759543,-0.3443901,-3.320792,-0.1307498,0.2089599,1.9929,-0.6173026,-0.05156596,-0.7850341,0.1619615,0.9681459,-0.1909505,0.7698742,-0.2450195,-0.5892871,moving,-70.26951,32.60178,-3.75367,5.985715
05/15/2023 12:32:05.789467,3828,True,True,True,True,Eyes,1.898867,-0.03899976,-2.192895,0.9173349,-0.2094419,-0.3385715,0.0,0.0,0.0,0.0,0.0,0.0,0.0,-0.428158,-0.7190277,-2.980754,2.124177,-0.03678019,-2.252051,0.0260725,0.8932564,-0.1205684,0.4322924,13.76492,127.9397,356.5965,0.6386386,-0.01308998,-0.7693951,0.0,0.0,0.0,3.758191,-0.3199371,-3.347003,-0.1260132,0.2089601,1.992901,-0.6248875,-0.05766272,-0.7785829,0.1508204,0.969567,-0.192855,0.7660089,-0.2379388,-0.5971735,moving,-69.74182,31.74113,-3.618055,5.985719
05/15/2023 12:32:05.809608,3829,True,True,True,True,Eyes,1.908996,-0.03890672,-2.195636,0.9143803,-0.2083419,-0.3471346,0.0,0.0,0.0,0.0,0.0,0.0,0.0,-0.3915524,-0.7089806,-2.99742,2.134131,-0.03617848,-2.25492,0.02264761,0.8956509,-0.1195538,0.4277891,13.50521,128.5079,356.3607,0.6402422,-0.01312558,-0.7680605,0.0,0.0,0.0,3.756689,-0.3186252,-3.367304,-0.1219415,0.2089603,1.992901,-0.6329673,-0.06171892,-0.7717146,0.1428563,0.970388,-0.1947801,0.7608842,-0.2335337,-0.605407,moving,-69.21127,30.97117,-3.501446,5.985724
05/15/2023 12:32:05.829753,3830,True,True,True,True,Eyes,1.919107,-0.03868115,-2.198407,0.9113119,-0.2074242,-0.3556485,0.0,0.0,0.0,0.0,0.0,0.0,0.0,-0.3580419,-0.7374219,-3.003527,2.143528,-0.03492858,-2.257703,0.02360746,0.8971421,-0.1236892,0.4234143,14.00019,129.0164,356.3136,0.6418372,-0.01315039,-0.7667276,0.0,0.0,0.0,3.755732,-0.3015889,-3.390929,-0.1175591,0.2089604,1.992902,-0.6403261,-0.06238507,-0.7655656,0.1471021,0.9682873,-0.2019421,0.7538856,-0.2419251,-0.6108426,moving,-68.6813,30.25193,-3.375903,5.985724
05/15/2023 12:32:05.839543,3831,True,True,True,True,Eyes,1.929187,-0.03836158,-2.201232,0.9081217,-0.2059598,-0.3645486,0.0,0.0,0.0,0.0,0.0,0.0,0.0,-0.3233545,-0.7542276,-3.012727,2.153226,-0.03150114,-2.261099,0.02270678,0.8989028,-0.1260457,0.4190116,14.21933,129.5378,356.1666,0.6434231,-0.013161,-0.7653971,0.0,0.0,0.0,3.752144,-0.2918153,-3.414606,-0.113425,0.2089603,1.992902,-0.6478275,-0.06480684,-0.7590255,0.1464516,0.9671938,-0.2075769,0.7475771,-0.2456345,-0.6170837,moving,-68.12793,29.46523,-3.257445,5.985721
05/15/2023 12:32:05.859902,3832,True,True,True,True,Eyes,1.939216,-0.03795997,-2.204081,0.9048306,-0.2044498,-0.3734725,0.0,0.0,0.0,0.0,0.0,0.0,0.0,-0.2820246,-0.7340494,-3.031484,2.162912,-0.02899034,-2.26478,0.01804,0.9017376,-0.1235079,0.4138715,13.74941,130.1962,355.8853,0.6449981,-0.01315566,-0.7640704,0.0,0.0,0.0,3.746457,-0.3079302,-3.433833,-0.1089609,0.2089603,1.992901,-0.6567701,-0.06969812,-0.7508633,0.1347675,0.9688407,-0.207811,0.7419509,-0.2376759,-0.6269125,moving,-67.57142,28.69759,-3.129503,5.985723
05/15/2023 12:32:05.879259,3833,True,True,True,True,Eyes,1.949224,-0.03746219,-2.206973,0.9013363,-0.2027449,-0.3827368,0.0,0.0,0.0,0.0,0.0,0.0,0.0,-0.2430942,-0.7301766,-3.044568,2.17176,-0.02664807,-2.268126,0.01533005,0.9040839,-0.1232268,0.4089161,13.61239,130.8109,355.6889,0.6465601,-0.01313327,-0.7627494,0.0,0.0,0.0,3.741498,-0.3121365,-3.454796,-0.1046936,0.2089601,1.9929,-0.6651052,-0.07305959,-0.7431672,0.1284982,0.9691603,-0.2102774,0.7356109,-0.2353522,-0.6352054,moving,-66.99234,27.91125,-3.007171,5.98572
05/15/2023 12:32:05.889976,3834,True,True,True,True,Eyes,1.959196,-0.03690404,-2.209917,0.8977183,-0.2007478,-0.3921762,0.0,0.0,0.0,0.0,0.0,0.0,0.0,-0.198742,-0.7256613,-3.058475,2.181078,-0.02392146,-2.272152,0.01233884,0.9067425,-0.1229159,0.4031843,13.46526,131.5207,355.4742,0.6481091,-0.01309235,-0.7614343,0.0,0.0,0.0,3.735552,-0.2932182,-3.482301,-0.100255,0.2089601,1.992901,-0.6745805,-0.07673921,-0.7342021,0.1214918,0.9694788,-0.2129565,0.7281355,-0.2328558,-0.6446684,moving,-66.40146,27.10707,-2.879898,5.985719
05/15/2023 12:32:05.909619,3835,True,True,True,True,Eyes,1.96915,-0.03631727,-2.212856,0.8938252,-0.1987933,-0.4019426,0.0,0.0,0.0,0.0,0.0,0.0,0.0,-0.1488129,-0.6992672,-3.07698,2.190245,-0.02200544,-2.27624,0.007865012,0.9101005,-0.1196242,0.3966679,12.94289,132.3617,355.257,0.6496432,-0.01303283,-0.7601269,0.0,0.0,0.0,3.728392,-0.2861595,-3.506698,-0.09589791,0.2089601,1.9929,-0.6851855,-0.08058625,-0.7238969,0.109218,0.9712564,-0.2115005,0.7201335,-0.2239797,-0.6566894,moving,-65.78712,26.31614,-2.754935,5.985721
05/15/2023 12:32:05.929481,3836,True,True,True,True,Eyes,1.979046,-0.03569529,-2.215849,0.8897394,-0.1970292,-0.4117565,0.0,0.0,0.0,0.0,0.0,0.0,0.0,-0.1000328,-0.6957073,-3.088592,2.198748,-0.02090412,-2.280018,0.006062449,0.9129444,-0.1194915,0.3901509,12.87993,133.1746,355.1648,0.6511629,-0.01295573,-0.7588268,0.0,0.0,0.0,3.719231,-0.2783826,-3.534297,-0.09141171,0.2089601,1.992901,-0.6954913,-0.08217005,-0.713821,0.1043088,0.97137,-0.2134475,0.7109233,-0.2229086,-0.6670083,moving,-65.16609,25.57153,-2.62624,5.98572
05/15/2023 12:32:05.939304,3837,True,True,True,True,Eyes,1.988884,-0.03504808,-2.218879,0.8854233,-0.19542,-0.4217069,0.0,0.0,0.0,0.0,0.0,0.0,0.0,-0.05343032,-0.70453,-3.096916,2.207297,-0.01941277,-2.284199,0.00563707,0.9154205,-0.1208989,0.3838711,13.04254,133.944,355.1422,0.6526662,-0.01286178,-0.7575358,0.0,0.0,0.0,3.708077,-0.2583812,-3.565915,-0.08735687,0.2089601,1.992902,-0.7052225,-0.08249858,-0.7041699,0.1031397,0.9707034,-0.2170188,0.7014439,-0.2256744,-0.676053,moving,-64.53261,24.86313,-2.509897,5.985718
05/15/2023 12:32:05.959730,3838,True,True,True,True,Eyes,1.998632,-0.0343757,-2.221942,0.880936,-0.1941239,-0.4315872,0.0,0.0,0.0,0.0,0.0,0.0,0.0,-0.005788922,-0.7045026,-3.10622,2.215527,-0.01820481,-2.288247,0.004865033,0.9180864,-0.121005,0.3774275,13.05336,134.7491,355.1473,0.6541523,-0.01275195,-0.7562549,0.0,0.0,0.0,3.695068,-0.2553414,-3.594656,-0.08299816,0.2089601,1.992901,-0.7150496,-0.08240817,-0.6941996,0.1002743,0.9706683,-0.2185136,0.6918448,-0.2258584,-0.6858125,moving,-63.89889,24.21778,-2.384814,5.985717
05/15/2023 12:32:05.979611,3839,True,True,True,True,Eyes,2.008301,-0.03370136,-2.22507,0.8762583,-0.1931299,-0.4414434,0.0,0.0,0.0,0.0,0.0,0.0,0.0,0.03660154,-0.7237908,-3.109819,2.22316,-0.01686586,-2.292044,0.005947123,0.9200801,-0.1236655,0.3716504,13.41396,135.4473,355.2247,0.6556196,-0.01262714,-0.7549853,0.0,0.0,0.0,3.682111,-0.2598457,-3.621583,-0.07849103,0.2089601,1.992901,-0.7236812,-0.08097703,-0.6853672,0.1028644,0.9693429,-0.2231439,0.6824254,-0.2319849,-0.6931656,moving,-63.26184,23.62921,-2.255447,5.98572
05/15/2023 12:32:05.994684,3840,True,True,True,True,Eyes,2.017865,-0.03304639,-2.22824,0.8714415,-0.1923191,-0.4512241,0.0,0.0,0.0,0.0,0.0,0.0,0.0,0.08086658,-0.7362342,-3.115019,2.231066,-0.01610206,-2.296521,0.005882978,0.9222095,-0.1256963,0.365644,13.65876,136.1712,355.2143,0.6570663,-0.01248894,-0.7537288,0.0,0.0,0.0,3.668406,-0.259362,-3.649065,-0.07432836,0.2089601,1.9929,-0.7325397,-0.08106954,-0.6758797,0.1027709,0.9683317,-0.2275345,0.6729218,-0.2361388,-0.7010098,moving,-62.62531,23.08449,-2.135947,5.985719
05/15/2023 12:32:06.009571,3841,True,True,True,True,Eyes,2.027303,-0.03237301,-2.231485,0.8665128,-0.1918818,-0.4608005,0.0,0.0,0.0,0.0,0.0,0.0,0.0,0.1197132,-0.7464511,-3.119418,2.238127,-0.01589282,-2.300614,0.006003097,0.9240591,-0.1273602,0.3603584,13.86903,136.8109,355.2321,0.6584912,-0.01233948,-0.7524867,0.0,0.0,0.0,3.655248,-0.2709742,-3.672173,-0.06990302,0.2089599,1.9929,-0.7402115,-0.08069621,-0.6675139,0.1028851,0.9674866,-0.2310503,0.6644557,-0.2397033,-0.7078424,moving,-61.99652,22.60732,-2.008885,5.985716
05/15/2023 12:32:06.029523,3842,True,True,True,True,Eyes,2.036656,-0.03168657,-2.234807,0.8614773,-0.1913938,-0.4703459,0.0,0.0,0.0,0.0,0.0,0.0,0.0,0.1581097,-0.7734699,-3.11949,2.245219,-0.01462102,-2.305048,0.006088761,0.9254342,-0.1317519,0.3552123,14.36991,137.3881,355.1246,0.6598917,-0.01217946,-0.7512615,0.0,0.0,0.0,3.641704,-0.2790374,-3.696731,-0.06565958,0.20896,1.9929,-0.7475744,-0.08233031,-0.6590559,0.1048693,0.9652087,-0.2395298,0.6558471,-0.248181,-0.7129315,moving,-61.36652,22.14246,-1.887027,5.985719
05/15/2023 12:32:06.039327,3843,True,True,True,True,Eyes,2.045871,-0.03102754,-2.238225,0.8564038,-0.1906888,-0.4798023,0.0,0.0,0.0,0.0,0.0,0.0,0.0,0.1985524,-0.7676903,-3.127633,2.252579,-0.01363055,-2.310099,0.003486174,0.9274911,-0.1316952,0.3498634,14.28419,138.0295,354.9274,0.6612668,-0.01200961,-0.7500542,0.0,0.0,0.0,3.629021,-0.2865039,-3.718791,-0.06106514,0.20896,1.9929,-0.7551671,-0.08568388,-0.6499087,0.09861746,0.9652884,-0.2418529,0.6480723,-0.2467316,-0.7205041,moving,-60.74016,21.67446,-1.75507,5.985718
05/15/2023 12:32:06.059689,3844,True,True,True,True,Eyes,2.054986,-0.03038364,-2.241711,0.851216,-0.1900213,-0.4892069,0.0,0.0,0.0,0.0,0.0,0.0,0.0,0.2381269,-0.7546688,-3.136572,2.259469,-0.01355523,-2.314935,0.000732227,0.9296154,-0.1306655,0.3445888,14.08978,138.6738,354.7535,0.662614,-0.011832,-0.7488672,0.0,0.0,0.0,3.616718,-0.3028451,-3.73839,-0.05691457,0.2089601,1.9929,-0.7625161,-0.08869036,-0.6408614,0.09141311,0.965852,-0.2424327,0.6404787,-0.2434419,-0.7283703,moving,-60.11336,21.22753,-1.635846,5.985721
05/15/2023 12:32:06.080012,3845,True,True,True,True,Eyes,2.064007,-0.02974437,-2.245294,0.8458049,-0.18901,-0.4988882,0.0,0.0,0.0,0.0,0.0,0.0,0.0,0.2780468,-0.7536618,-3.142141,2.266273,-0.01327696,-2.319956,-0.001523466,0.9314553,-0.1314963,0.3392601,14.11873,139.2991,354.5528,0.6639326,-0.01164801,-0.7477013,0.0,0.0,0.0,3.60422,-0.2991547,-3.762544,-0.05229312,0.2089603,1.992901,-0.7698005,-0.09206095,-0.6316105,0.08638479,0.9654128,-0.2459995,0.6324119,-0.2439321,-0.7352226,moving,-59.46626,20.74982,-1.503079,5.985723
05/15/2023 12:32:06.089495,3846,True,True,True,True,Eyes,2.072942,-0.02914301,-2.24896,0.8402597,-0.187772,-0.5086308,0.0,0.0,0.0,0.0,0.0,0.0,0.0,0.3218453,-0.7369014,-3.151176,2.273363,-0.01277484,-2.325547,-0.00489957,0.9337571,-0.1301382,0.3333732,13.87286,140.0141,354.3299,0.6652211,-0.01145861,-0.7465581,0.0,0.0,0.0,3.591833,-0.2925999,-3.786191,-0.04832977,0.2089601,1.992901,-0.7776768,-0.09591921,-0.6213039,0.07761917,0.9660801,-0.2463018,0.6238545,-0.2397682,-0.743853,moving,-58.8124,20.26271,-1.389206,5.985717
05/15/2023 12:32:06.109451,3847,True,True,True,True,Eyes,2.081889,-0.02857374,-2.252629,0.8337859,-0.185533,-0.5199793,0.0,0.0,0.0,0.0,0.0,0.0,0.0,0.3678716,-0.7110206,-3.161197,2.280331,-0.01314797,-2.331086,-0.007965533,0.9363562,-0.1273012,0.3270593,13.48485,140.8068,354.2049,0.6664789,-0.01126572,-0.7454385,0.0,0.0,0.0,3.578478,-0.2936319,-3.808836,-0.04393423,0.20896,1.9929,-0.7859373,-0.09818725,-0.61046,0.06835294,0.9674619,-0.2436089,0.6145161,-0.2331881,-0.753653,moving,-58.05083,19.63683,-1.262902,5.985719
05/15/2023 12:32:06.129637,3848,True,True,True,True,Eyes,2.090749,-0.0280643,-2.256386,0.8271489,-0.183373,-0.5312241,0.0,0.0,0.0,0.0,0.0,0.0,0.0,0.4116232,-0.7012622,-3.166874,2.287028,-0.0140738,-2.33658,-0.008822203,0.938594,-0.1263239,0.3209449,13.38369,141.5681,354.2393,0.6677091,-0.01107079,-0.7443396,0.0,0.0,0.0,3.56356,-0.2849505,-3.834913,-0.03947467,0.2089601,1.992901,-0.793833,-0.09764699,-0.600245,0.06452511,0.9679288,-0.2427967,0.6047028,-0.2314709,-0.7620732,moving,-57.29,19.04413,-1.134746,5.985719
05/15/2023 12:32:06.139346,3849,True,True,True,True,Eyes,2.099458,-0.02762973,-2.260273,0.8203632,-0.1812872,-0.5423459,0.0,0.0,0.0,0.0,0.0,0.0,0.0,0.455374,-0.6969016,-3.171039,2.293866,-0.01499563,-2.342323,-0.00907935,0.9407102,-0.125994,0.3148134,13.37544,142.3264,354.3127,0.6689105,-0.01087611,-0.7432631,0.0,0.0,0.0,3.546905,-0.2722571,-3.862493,-0.03514397,0.2089601,1.9929,-0.8016204,-0.09641124,-0.5900084,0.06224709,0.9680862,-0.2427642,0.5945842,-0.231331,-0.7700363,moving,-56.53113,18.48298,-1.010283,5.98572
05/15/2023 12:32:06.159749,3850,True,True,True,True,Eyes,2.10808,-0.02725382,-2.264255,0.8134321,-0.1793395,-0.5533224,0.0,0.0,0.0,0.0,0.0,0.0,0.0,0.4970932,-0.6915162,-3.175037,2.300421,-0.01609123,-2.348182,-0.009470137,0.9427045,-0.1255712,0.3089506,13.35015,143.0498,354.3704,0.6700804,-0.01068422,-0.7422112,0.0,0.0,0.0,3.530156,-0.270096,-3.887501,-0.03090376,0.2089601,1.9929,-0.8089198,-0.09544569,-0.5801198,0.05973553,0.9682844,-0.2426048,0.5848765,-0.2309015,-0.7775629,moving,-55.77522,17.95824,-0.8884104,5.985722
05/15/2023 12:32:06.179842,3851,True,True,True,True,Eyes,2.321102,-0.01941536,-2.366686,0.5940452,-0.1237297,-0.7948592,0.0,0.0,0.0,0.0,0.0,0.0,0.0,0.5383139,-0.6925203,-3.177471,2.30706,-0.01710688,-2.354329,-0.009742388,0.9444924,-0.126172,0.3031831,13.44015,143.7463,354.4001,0.6712183,-0.01049685,-0.741185,0.0,0.0,0.0,3.512837,-0.2711964,-3.912187,-0.0262177,0.2089599,1.992901,-0.8159705,-0.09490965,-0.5702499,0.05810321,0.9679714,-0.2442444,0.5751667,-0.2324295,-0.7843215,moving,-36.77293,8.847793,-0.7537138,5.985714
05/15/2023 12:32:06.189916,3852,True,True,True,True,Eyes,2.321365,-0.0194834,-2.366956,0.5936795,-0.1236319,-0.7951477,0.0,0.0,0.0,0.0,0.0,0.0,0.0,0.5786144,-0.6864148,-3.181321,2.313677,-0.01819602,-2.36079,-0.01029385,0.9463516,-0.125689,0.2975143,13.40112,144.4419,354.4387,0.675009,-0.009903787,-0.7377427,0.639066,0.02351536,-0.3072939,3.496357,-0.2718158,-3.935679,-0.02207011,0.2089602,1.992901,-0.8227584,-0.09427178,-0.5605187,0.05530536,0.9681926,-0.2440172,0.565694,-0.2317669,-0.7913749,moving,-36.74605,8.837749,-0.6344882,5.985721
05/15/2023 12:32:06.209674,3853,True,True,True,True,Eyes,2.321832,-0.01964547,-2.367505,0.5929872,-0.1236129,-0.7956671,0.0,0.0,0.0,0.0,0.0,0.0,0.0,0.6166593,-0.6749597,-3.186423,2.320311,-0.01991376,-2.367464,-0.01029067,0.9482518,-0.1240822,0.2920895,13.25649,145.1285,354.5762,0.6781794,-0.009406613,-0.7348359,0.600722,0.02210443,-0.2888563,3.480098,-0.2763446,-3.958203,-0.01795155,0.20896,1.992901,-0.8291559,-0.0920025,-0.5513951,0.05296989,0.9689955,-0.2413339,0.5565026,-0.2293107,-0.7985749,moving,-36.69608,8.830741,-0.5160921,5.985717
05/15/2023 12:32:06.229783,3854,True,True,True,True,Eyes,2.322527,-0.019881,-2.368318,0.592013,-0.1237303,-0.796374,0.0,0.0,0.0,0.0,0.0,0.0,0.0,0.6503414,-0.6729202,-3.189652,2.326565,-0.02219917,-2.374079,-0.00893973,0.9498368,-0.1234536,0.2872094,13.26095,145.749,354.8189,0.680836,-0.008992304,-0.7323804,0.5646787,0.02077817,-0.2715249,3.463775,-0.276491,-3.981302,-0.01357573,0.2089601,1.992901,-0.8348615,-0.08789665,-0.5433969,0.05393152,0.9693586,-0.2396568,0.5478114,-0.2293865,-0.8045398,moving,-36.62659,8.831272,-0.3902955,5.98572
05/15/2023 12:32:06.239453,3855,True,True,True,True,Eyes,2.323421,-0.02017991,-2.369412,0.5906913,-0.1240023,-0.7973125,0.0,0.0,0.0,0.0,0.0,0.0,0.0,0.6815323,-0.6823986,-3.19097,2.332789,-0.02416074,-2.381168,-0.006846981,0.9511065,-0.1243063,0.2826613,13.44939,146.3173,355.0868,0.6830669,-0.0086496,-0.7303043,0.530798,0.01953148,-0.2552334,3.448141,-0.2735705,-4.004248,-0.009295046,0.2089601,1.992901,-0.8401114,-0.0832976,-0.5359797,0.05724877,0.9690021,-0.2403279,0.5393842,-0.2325864,-0.809301,moving,-36.533,8.840124,-0.26723,5.98572
05/15/2023 12:32:06.259886,3856,True,True,True,True,Eyes,2.324524,-0.02054102,-2.370771,0.5891655,-0.1242418,-0.7984034,0.0,0.0,0.0,0.0,0.0,0.0,0.0,0.7102771,-0.6863855,-3.193993,2.338976,-0.02589078,-2.388666,-0.005317936,0.9523391,-0.124411,0.278467,13.53276,146.8456,355.3145,0.684944,-0.008368933,-0.7285473,0.4989501,0.01835959,-0.2399194,3.433717,-0.2763497,-4.024825,-0.004969895,0.2089599,1.9929,-0.844856,-0.07941769,-0.5290669,0.05915978,0.9689872,-0.2399247,0.5317133,-0.2340012,-0.8139563,moving,-36.42472,8.845019,-0.1428839,5.985715
05/15/2023 12:32:06.279226,3857,True,True,True,True,Eyes,2.325791,-0.02093762,-2.372396,0.5873678,-0.1246509,-0.7996632,0.0,0.0,0.0,0.0,0.0,0.0,0.0,0.7365022,-0.6832283,-3.199021,2.345141,-0.02774736,-2.396354,-0.004649156,0.9535317,-0.1237209,0.2746796,13.49671,147.3237,355.468,0.686527,-0.008142347,-0.7270585,0.4690131,0.01725801,-0.2255242,3.420213,-0.2851478,-4.04391,-0.0006213188,0.2089601,1.9929,-0.8490591,-0.07683343,-0.5226811,0.05910097,0.969343,-0.2384976,0.5249818,-0.2333895,-0.8184887,moving,-36.29799,8.859922,-0.01786288,5.985721
05/15/2023 12:32:06.289773,3858,True,True,True,True,Eyes,2.327243,-0.02137975,-2.374306,0.5854184,-0.124923,-0.8010491,0.0,0.0,0.0,0.0,0.0,0.0,0.0,0.7579203,-0.6947182,-3.201501,2.350822,-0.02890606,-2.404055,-0.00368579,0.954223,-0.1252252,0.2715945,13.70857,147.6919,355.5692,0.6878894,-0.007958464,-0.7257715,0.4408723,0.01622253,-0.2119928,3.407715,-0.2900599,-4.062984,0.003875375,0.2089603,1.992901,-0.8524458,-0.07505511,-0.5174004,0.06098684,0.9686101,-0.2409877,0.5192466,-0.2369835,-0.8211102,moving,-36.15988,8.863834,0.1114166,5.985723
05/15/2023 12:32:06.309911,3859,True,True,True,True,Eyes,2.328826,-0.02185365,-2.376489,0.5831547,-0.1251199,-0.8026678,0.0,0.0,0.0,0.0,0.0,0.0,0.0,0.7809978,-0.6828903,-3.209418,2.356767,-0.03046875,-2.412752,-0.004495593,0.9553505,-0.123727,0.2682853,13.53227,148.103,355.577,0.6891072,-0.007805754,-0.7246169,0.41442,0.01524918,-0.1992732,3.396779,-0.2909443,-4.081635,0.008184254,0.2089602,1.992901,-0.8560058,-0.074978,-0.5115007,0.05779853,0.9693428,-0.2388174,0.5137255,-0.233993,-0.8254295,moving,-35.99918,8.859969,0.2352955,5.985721
05/15/2023 12:32:06.329377,3860,True,True,True,True,Eyes,2.330565,-0.02233983,-2.378946,0.580748,-0.1253584,-0.8043737,0.0,0.0,0.0,0.0,0.0,0.0,0.0,0.8035642,-0.6771939,-3.215291,2.362086,-0.03166409,-2.421146,-0.00534576,0.9563103,-0.1232713,0.2650401,13.47008,148.4922,355.5433,0.6901928,-0.00768203,-0.7235844,0.3895548,0.01433423,-0.1873168,3.38766,-0.299733,-4.097307,0.01256812,0.2089604,1.992902,-0.8594504,-0.07556809,-0.5056032,0.05511926,0.9695512,-0.2386049,0.508239,-0.2329376,-0.829116,moving,-35.82882,8.858057,0.3613276,5.985724
05/15/2023 12:32:06.339503,3861,True,True,True,True,Eyes,2.332496,-0.02282303,-2.381668,0.57786,-0.1253204,-0.8064568,0.0,0.0,0.0,0.0,0.0,0.0,0.0,0.8277234,-0.6784493,-3.219753,2.367633,-0.03243347,-2.430121,-0.00641499,0.957146,-0.1240588,0.2616099,13.54025,148.8854,355.4461,0.6911581,-0.007584676,-0.7226635,0.3661815,0.01347417,-0.1760778,3.378311,-0.2954956,-4.116222,0.01674992,0.20896,1.992902,-0.8630382,-0.07719022,-0.4992062,0.05262989,0.9691365,-0.2408413,0.5023896,-0.2341284,-0.8323393,moving,-35.62318,8.832903,0.4815477,5.985715
05/15/2023 12:32:06.359869,3862,True,True,True,True,Eyes,2.334557,-0.02335001,-2.38466,0.5748054,-0.1250604,-0.8086771,0.0,0.0,0.0,0.0,0.0,0.0,0.0,0.8544971,-0.65341,-3.229281,2.373205,-0.03301637,-2.439708,-0.008810722,0.9585522,-0.1210822,0.2577579,13.15495,149.359,355.3282,0.6920142,-0.007510889,-0.7218445,0.3442106,0.01266572,-0.1655131,3.368313,-0.294885,-4.134036,0.02113158,0.2089603,1.992902,-0.8669664,-0.07931089,-0.4920152,0.04552874,0.9705229,-0.2366693,0.4962825,-0.2275852,-0.8377998,moving,-35.40511,8.791047,0.6075083,5.985721
05/15/2023 12:32:06.379287,3863,True,True,True,True,Eyes,2.336737,-0.02390919,-2.387913,0.5713025,-0.1247827,-0.8111984,0.0,0.0,0.0,0.0,0.0,0.0,0.0,0.8822683,-0.6319018,-3.237102,2.378447,-0.03464565,-2.449146,-0.01008884,0.9599795,-0.118315,0.2536517,12.82899,149.8731,355.3296,0.69277,-0.007459548,-0.7211197,0.323558,0.01190578,-0.1555823,3.357573,-0.2985091,-4.152098,0.02580476,0.2089602,1.992901,-0.8711182,-0.07939179,-0.4846135,0.04065146,0.9717995,-0.2322782,0.4893882,-0.2220419,-0.8433249,moving,-35.15588,8.744988,0.7418438,5.98572
05/15/2023 12:32:06.389760,3864,True,True,True,True,Eyes,2.339025,-0.02450735,-2.391427,0.5676332,-0.1244519,-0.8138208,0.0,0.0,0.0,0.0,0.0,0.0,0.0,0.9091399,-0.6272073,-3.24148,2.383448,-0.03600252,-2.458657,-0.01003736,0.9611188,-0.1176239,0.249629,12.77305,150.367,355.4115,0.6934344,-0.007429234,-0.7204812,0.3041445,0.01119143,-0.1462474,3.345896,-0.2861364,-4.173491,0.02983242,0.2089601,1.9929,-0.8751694,-0.07801887,-0.4774849,0.03943047,0.9721277,-0.2311123,0.4822075,-0.2210899,-0.8477001,moving,-34.89545,8.694485,0.8576168,5.985721
05/15/2023 12:32:06.409626,3865,True,True,True,True,Eyes,2.341398,-0.02514094,-2.395198,0.5634923,-0.1243131,-0.8167146,0.0,0.0,0.0,0.0,0.0,0.0,0.0,0.9385967,-0.6189941,-3.245709,2.388391,-0.03755119,-2.468384,-0.01052487,0.9623545,-0.1167019,0.2452421,12.67702,150.9002,355.444,0.6940138,-0.007418944,-0.7199231,0.2858958,0.01051995,-0.1374726,3.332535,-0.2767934,-4.194871,0.03410375,0.2089599,1.9929,-0.8794913,-0.07749775,-0.4695632,0.03698313,0.9725398,-0.2297795,0.4744763,-0.2194549,-0.8524741,moving,-34.60374,8.65463,0.9803856,5.985717
05/15/2023 12:32:06.429572,3866,True,True,True,True,Eyes,2.343853,-0.02576665,-2.399213,0.5591677,-0.1243703,-0.8196728,0.0,0.0,0.0,0.0,0.0,0.0,0.0,0.9708644,-0.6220775,-3.246497,2.392965,-0.03900494,-2.478204,-0.01108667,0.9634248,-0.1177698,0.2404583,12.80261,151.4571,355.4121,0.6945145,-0.007427623,-0.7194401,0.2687421,0.009888751,-0.1292242,3.318912,-0.2764869,-4.214756,0.03858346,0.2089601,1.992901,-0.884114,-0.07799978,-0.4607156,0.03527511,0.9720147,-0.2322564,0.4659383,-0.2215929,-0.8566204,moving,-34.30119,8.627776,1.109133,5.985718
05/15/2023 12:32:06.439715,3867,True,True,True,True,Eyes,2.346388,-0.02632327,-2.403479,0.5544097,-0.1245312,-0.8228742,0.0,0.0,0.0,0.0,0.0,0.0,0.0,1.004595,-0.6330242,-3.244961,2.397442,-0.03948484,-2.488054,-0.01181597,0.9643453,-0.1201339,0.235513,13.06966,152.016,355.326,0.6949419,-0.007453023,-0.7190269,0.2526176,0.009295425,-0.1214707,3.303965,-0.2750063,-4.235443,0.04290938,0.2089602,1.992901,-0.8887883,-0.07937554,-0.4513927,0.03379684,0.9708565,-0.2372667,0.4570707,-0.2261355,-0.8602031,moving,-33.97004,8.605662,1.233451,5.985722
05/15/2023 12:32:06.459627,3868,True,True,True,True,Eyes,2.349006,-0.02678137,-2.40799,0.5494582,-0.1246343,-0.8261731,0.0,0.0,0.0,0.0,0.0,0.0,0.0,1.039522,-0.6314182,-3.245487,2.402067,-0.03834893,-2.498216,-0.01362033,0.9654705,-0.1207437,0.2304392,13.11296,152.5964,355.1733,0.6953021,-0.007491389,-0.7186783,0.2374605,0.0087377,-0.1141825,3.287272,-0.2811783,-4.255589,0.0470897,0.20896,1.9929,-0.8934245,-0.08194823,-0.4416754,0.02934813,0.9704709,-0.2394263,0.4482537,-0.2268717,-0.8646374,moving,-33.62646,8.578802,1.353574,5.985716
05/15/2023 12:32:06.479343,3869,True,True,True,True,Eyes,2.351722,-0.02715538,-2.412742,0.5444137,-0.1246349,-0.8295058,0.0,0.0,0.0,0.0,0.0,0.0,0.0,1.077734,-0.6193083,-3.246826,2.406805,-0.03637804,-2.508564,-0.01732056,0.9667105,-0.1206196,0.2249931,13.02725,153.2058,354.8316,0.6955981,-0.00753835,-0.7183902,0.2232129,0.008213438,-0.1073315,3.269478,-0.2913815,-4.275255,0.05166918,0.2089601,1.992901,-0.8981565,-0.08776511,-0.430828,0.02078922,0.9703018,-0.2410025,0.4391848,-0.2254145,-0.8696583,moving,-33.27732,8.544888,1.485153,5.985719
05/15/2023 12:32:06.489852,3870,True,True,True,True,Eyes,2.354517,-0.02743096,-2.417722,0.5391735,-0.124594,-0.8329276,0.0,0.0,0.0,0.0,0.0,0.0,0.0,1.116783,-0.5974847,-3.249559,2.41181,-0.03479786,-2.519084,-0.02120118,0.968108,-0.1190797,0.2194028,12.78309,153.846,354.5099,0.6958354,-0.007590463,-0.7181592,0.2098201,0.007720632,-0.1008916,3.251678,-0.2922641,-4.296026,0.05579239,0.2089602,1.992901,-0.9028261,-0.0933029,-0.419762,0.01120277,0.9707411,-0.2398672,0.4298605,-0.2212608,-0.8753651,moving,-32.91592,8.507544,1.603609,5.985719
05/15/2023 12:32:06.509492,3871,True,True,True,True,Eyes,2.357387,-0.0276082,-2.422955,0.533874,-0.1243376,-0.8363724,0.0,0.0,0.0,0.0,0.0,0.0,0.0,1.154875,-0.5895663,-3.24929,2.416575,-0.03272462,-2.529486,-0.02300056,0.9693648,-0.1186016,0.2138612,12.71483,154.4921,354.3923,0.6960176,-0.007644212,-0.7179819,0.1972309,0.007257394,-0.09483815,3.232323,-0.2881366,-4.318007,0.06020921,0.2089602,1.992901,-0.907469,-0.09532042,-0.4091631,0.006136701,0.9708093,-0.2397743,0.4200747,-0.2200986,-0.8803943,moving,-32.55095,8.455832,1.730485,5.98572
05/15/2023 12:32:06.529436,3872,True,True,True,True,Eyes,2.360317,-0.02768946,-2.428405,0.5283294,-0.1237941,-0.8399661,0.0,0.0,0.0,0.0,0.0,0.0,0.0,1.19586,-0.5673684,-3.250801,2.421608,-0.03057922,-2.540585,-0.02367449,0.9711081,-0.1150525,0.2077296,12.33464,155.256,354.4913,0.6961477,-0.007696446,-0.7178551,0.185397,0.00682195,-0.08914786,3.212618,-0.2789175,-4.340782,0.0644663,0.2089601,1.992901,-0.9125758,-0.09378061,-0.3980082,0.001818653,0.9724049,-0.2332926,0.4089034,-0.2136211,-0.8872226,moving,-32.16944,8.38389,1.852756,5.985716
05/15/2023 12:32:06.539370,3873,True,True,True,True,Eyes,2.363313,-0.02771508,-2.434057,0.5227171,-0.1232388,-0.8435515,0.0,0.0,0.0,0.0,0.0,0.0,0.0,1.236812,-0.5466143,-3.250633,2.426072,-0.02842122,-2.55117,-0.02252833,0.972967,-0.1106569,0.2014521,11.90293,156.0636,354.8153,0.6962288,-0.007744421,-0.717776,0.1742732,0.006412633,-0.08379899,3.192608,-0.2750551,-4.362271,0.06878078,0.2089603,1.992902,-0.9178192,-0.08842273,-0.3870266,0.0007454643,0.9744951,-0.2244076,0.3969983,-0.2062542,-0.8943444,moving,-31.78494,8.311835,1.976658,5.985721
05/15/2023 12:32:06.559174,3874,True,True,True,True,Eyes,2.366346,-0.0277349,-2.439878,0.5168757,-0.1227648,-0.847212,0.0,0.0,0.0,0.0,0.0,0.0,0.0,1.277363,-0.5342665,-3.248622,2.430566,-0.02717686,-2.561689,-0.02042124,0.9746661,-0.1072129,0.1952294,11.59661,156.8607,355.2176,0.696264,-0.007786874,-0.7177415,0.1638168,0.006027875,-0.07877105,3.170105,-0.2599742,-4.386608,0.07318467,0.2089599,1.9929,-0.922937,-0.08167,-0.376188,0.002054425,0.9761767,-0.2169672,0.3849457,-0.2010199,-0.9007819,moving,-31.38696,8.245027,2.103111,5.985715
05/15/2023 12:32:06.579896,3875,True,True,True,True,Eyes,2.369419,-0.02774672,-2.445823,0.5110635,-0.1230089,-0.8506955,0.0,0.0,0.0,0.0,0.0,0.0,0.0,1.318013,-0.5422814,-3.241825,2.434574,-0.02703755,-2.571531,-0.01800185,0.9759345,-0.1071965,0.1890416,11.67894,157.6213,355.5686,0.6962559,-0.007824153,-0.7177491,0.1539878,0.005666202,-0.07404479,3.146157,-0.2426986,-4.410446,0.07762796,0.2089602,1.992901,-0.9278785,-0.07566647,-0.365125,0.005391958,0.9763697,-0.2160398,0.372844,-0.2024274,-0.9055445,moving,-30.99575,8.22783,2.230672,5.985722
05/15/2023 12:32:06.598760,3876,True,True,True,True,Eyes,2.372516,-0.02766782,-2.451909,0.5051534,-0.1238733,-0.8540934,0.0,0.0,0.0,0.0,0.0,0.0,0.0,1.351326,-0.5890844,-3.229922,2.438363,-0.02672601,-2.580537,-0.0146594,0.9762834,-0.1130307,0.1840647,12.43333,158.1966,355.8757,0.6962079,-0.007856515,-0.7177954,0.1447485,0.00532623,-0.0696021,3.122739,-0.230481,-4.432934,0.08171159,0.20896,1.992901,-0.9318107,-0.07023337,-0.3560846,0.01298645,0.9740183,-0.2260965,0.3627125,-0.2153034,-0.9066886,moving,-30.60219,8.252343,2.347889,5.985716
05/15/2023 12:32:06.609550,3877,True,True,True,True,Eyes,2.375642,-0.02750765,-2.458143,0.4993149,-0.1249191,-0.857368,0.0,0.0,0.0,0.0,0.0,0.0,0.0,1.381411,-0.6433452,-3.2172,2.442098,-0.02432159,-2.590006,-0.01252734,0.9762442,-0.1204889,0.1796465,13.34136,158.6792,356.0073,0.6961225,-0.007881771,-0.717878,0.1360636,0.005006656,-0.06542598,3.098823,-0.2329501,-4.452783,0.08613032,0.2089601,1.992901,-0.9351404,-0.06775032,-0.3477389,0.01883135,0.970651,-0.2397542,0.3537765,-0.2307523,-0.9064191,moving,-30.21572,8.289702,2.474702,5.98572
05/15/2023 12:32:06.629379,3878,True,True,True,True,Eyes,2.453955,-0.02213761,-2.617039,0.3436428,-0.1453458,-0.9277846,0.0,0.0,0.0,0.0,0.0,0.0,0.0,1.412866,-0.6489052,-3.213088,2.445675,-0.02221957,-2.599882,-0.01279591,0.9769915,-0.1212903,0.1749647,13.44557,159.2247,356.0235,0.6960016,-0.007898238,-0.7179949,0.1278998,0.004706257,-0.06150042,3.079467,-0.2586392,-4.466997,0.09063947,0.20896,1.9929,-0.9384472,-0.06744602,-0.3387739,0.01744003,0.9702498,-0.2414768,0.344982,-0.2325215,-0.9093521,moving,-20.32416,8.903534,2.604085,5.985717
05/15/2023 12:32:06.639238,3879,True,True,True,True,Eyes,2.454134,-0.02204116,-2.617405,0.3434115,-0.1452302,-0.9278883,0.0,0.0,0.0,0.0,0.0,0.0,0.0,1.442927,-0.6395533,-3.211638,2.449028,-0.02071865,-2.609122,-0.01306835,0.9779878,-0.119675,0.1704318,13.2751,159.7738,356.0908,0.6945912,-0.00765565,-0.7193621,0.3551637,0.02053399,-0.5345011,3.062273,-0.2877941,-4.47953,0.09496021,0.2089601,1.992901,-0.9415646,-0.06635421,-0.3302324,0.01523146,0.9710142,-0.2385359,0.3364883,-0.2296268,-0.913262,moving,-20.30951,8.895589,2.728037,5.985721
05/15/2023 12:32:06.659662,3880,True,True,True,True,Eyes,2.454439,-0.02187094,-2.618151,0.3428916,-0.1445531,-0.9281863,0.0,0.0,0.0,0.0,0.0,0.0,0.0,1.469535,-0.6309924,-3.211608,2.452498,-0.01841575,-2.618592,-0.01333055,0.9788751,-0.1180015,0.1664375,13.09581,160.2587,356.1512,0.6933895,-0.007457639,-0.7205226,0.3338539,0.01930195,-0.5024311,3.043785,-0.2895555,-4.496179,0.09915119,0.2089599,1.9929,-0.9442416,-0.06537764,-0.322697,0.01318186,0.9717959,-0.2354549,0.3289891,-0.2265801,-0.9167483,moving,-20.27529,8.851974,2.848244,5.985717
05/15/2023 12:32:06.679504,3881,True,True,True,True,Eyes,2.454829,-0.0217015,-2.619246,0.3415945,-0.1433312,-0.9288538,0.0,0.0,0.0,0.0,0.0,0.0,0.0,1.495665,-0.582357,-3.219326,2.455903,-0.0166104,-2.628398,-0.01574967,0.980313,-0.1110537,0.1624983,12.27571,160.7535,356.0699,0.6923599,-0.007293409,-0.7215139,0.3138227,0.01814383,-0.4722852,3.025163,-0.2823195,-4.51325,0.1036952,0.2089602,1.992901,-0.9466928,-0.06697128,-0.3151002,0.005212852,0.974838,-0.2228533,0.3220964,-0.2126162,-0.9225231,moving,-20.19146,8.77211,2.978543,5.985721
05/15/2023 12:32:06.690017,3882,True,True,True,True,Eyes,2.455317,-0.02154088,-2.62065,0.340005,-0.1422968,-0.9295958,0.0,0.0,0.0,0.0,0.0,0.0,0.0,1.524211,-0.5456973,-3.222328,2.459159,-0.01650736,-2.63755,-0.01804613,0.9814841,-0.1064321,0.1582263,11.72486,161.2684,355.9529,0.6914705,-0.007155911,-0.7223678,0.2949933,0.0170552,-0.4439481,3.009085,-0.27395,-4.529575,0.1078221,0.2089599,1.9929,-0.9492776,-0.06910472,-0.3067518,-0.001743252,0.976693,-0.2146336,0.3144346,-0.2032122,-0.9272733,moving,-20.09028,8.70293,3.09686,5.985716
05/15/2023 12:32:06.709555,3883,True,True,True,True,Eyes,2.455899,-0.02136691,-2.622339,0.3376249,-0.1415046,-0.9305836,0.0,0.0,0.0,0.0,0.0,0.0,0.0,1.554971,-0.5511529,-3.216144,2.46209,-0.01653065,-2.64634,-0.01910055,0.9819942,-0.1081777,0.1536888,11.92251,161.7767,355.8525,0.6906961,-0.007039784,-0.7231096,0.2772937,0.01603189,-0.4173112,2.992459,-0.2441608,-4.548888,0.112433,0.20896,1.9929,-0.9520299,-0.07076465,-0.2977104,-0.004261852,0.9758655,-0.2183308,0.3059755,-0.2065887,-0.9293548,moving,-19.94127,8.646165,3.22902,5.985717
05/15/2023 12:32:06.729774,3884,True,True,True,True,Eyes,2.456554,-0.02112694,-2.624291,0.3349488,-0.1409445,-0.9316351,0.0,0.0,0.0,0.0,0.0,0.0,0.0,1.591242,-0.5654808,-3.205088,2.464913,-0.01598443,-2.654874,-0.01892965,0.9825612,-0.1105991,0.1482666,12.22361,162.3979,355.893,0.6899848,-0.006930566,-0.7237895,0.2606561,0.01506998,-0.3922726,2.974828,-0.2254508,-4.566104,0.1165133,0.2089601,1.992901,-0.9553172,-0.06999539,-0.2871747,-0.004402763,0.974819,-0.2229541,0.2955492,-0.2117275,-0.9315696,moving,-19.77493,8.602881,3.345939,5.985718
05/15/2023 12:32:06.739534,3885,True,True,True,True,Eyes,2.457309,-0.02083831,-2.626502,0.3314699,-0.1403602,-0.9329666,0.0,0.0,0.0,0.0,0.0,0.0,0.0,1.624799,-0.5842635,-3.193616,2.467432,-0.0141075,-2.663099,-0.01764016,0.983096,-0.1127669,0.14316,12.51356,162.998,356.0664,0.6893268,-0.006825271,-0.7244172,0.2450167,0.01416578,-0.3687362,2.955896,-0.2328785,-4.580062,0.1208804,0.2089601,1.992901,-0.9583881,-0.06697138,-0.2775016,-0.002396515,0.9739449,-0.2267722,0.2854585,-0.2166707,-0.9335777,moving,-19.55941,8.555701,3.471051,5.985719
05/15/2023 12:32:06.759745,3886,True,True,True,True,Eyes,2.458115,-0.02057134,-2.628943,0.3277147,-0.1397269,-0.9343872,0.0,0.0,0.0,0.0,0.0,0.0,0.0,1.660642,-0.5785813,-3.185381,2.470071,-0.0127102,-2.671652,-0.01715778,0.9840419,-0.1114437,0.1376503,12.39247,163.6631,356.2166,0.6887149,-0.006722134,-0.725,0.2303157,0.01331583,-0.346612,2.933292,-0.2430086,-4.593972,0.1252998,0.2089602,1.992901,-0.9615163,-0.06444847,-0.267083,-0.003087427,0.9745718,-0.2240541,0.2747315,-0.214607,-0.9372657,moving,-19.32714,8.504905,3.597627,5.985722
05/15/2023 12:32:06.779266,3887,True,True,True,True,Eyes,2.45895,-0.02029824,-2.631593,0.3232846,-0.139447,-0.9359709,0.0,0.0,0.0,0.0,0.0,0.0,0.0,1.694601,-0.5760131,-3.176215,2.472174,-0.01296559,-2.679551,-0.01559409,0.9849471,-0.1101632,0.1322882,12.29142,164.3224,356.4873,0.6881424,-0.006621588,-0.7255444,0.2164968,0.01251688,-0.3258153,2.91113,-0.2511083,-4.607116,0.1301057,0.20896,1.9929,-0.9645134,-0.0598653,-0.2571579,-0.001572132,0.9752418,-0.2211357,0.2640295,-0.212884,-0.9407278,moving,-19.05493,8.473966,3.735231,5.985719
05/15/2023 12:32:06.789643,3888,True,True,True,True,Eyes,2.459826,-0.01998993,-2.634471,0.3185946,-0.1392536,-0.9376065,0.0,0.0,0.0,0.0,0.0,0.0,0.0,1.727825,-0.6074325,-3.160295,2.474077,-0.01243861,-2.687119,-0.01336296,0.985222,-0.1140436,0.1270946,12.78657,164.9343,356.7481,0.6876026,-0.006523104,-0.7260569,0.203507,0.01176587,-0.3062664,2.888116,-0.2453887,-4.62213,0.1339791,0.2089602,1.992901,-0.9673367,-0.05531963,-0.2473848,0.002657685,0.9736309,-0.2281134,0.2534806,-0.2213199,-0.941682,moving,-18.76754,8.447835,3.846103,5.98572
05/15/2023 12:32:06.809745,3889,True,True,True,True,Eyes,2.46073,-0.01967178,-2.637556,0.3132383,-0.1389392,-0.9394561,0.0,0.0,0.0,0.0,0.0,0.0,0.0,1.764081,-0.6134349,-3.147651,2.476002,-0.01126282,-2.695417,-0.01291043,0.985856,-0.114769,0.1214476,12.89444,165.5997,356.8636,0.6870897,-0.006425495,-0.7265432,0.1912965,0.01105992,-0.2878904,2.864747,-0.2417083,-4.636072,0.1381863,0.2089601,1.992901,-0.9701679,-0.0533325,-0.2364963,0.002421189,0.9733227,-0.2294273,0.2424231,-0.2231555,-0.9441574,moving,-18.43969,8.412677,3.9665,5.985717
05/15/2023 12:32:06.829561,3890,True,True,True,True,Eyes,2.461664,-0.01936856,-2.640841,0.3075858,-0.1386189,-0.9413691,0.0,0.0,0.0,0.0,0.0,0.0,0.0,1.804969,-0.5982398,-3.135629,2.477806,-0.01073064,-2.703392,-0.0139482,0.9867891,-0.1131461,0.1151123,12.7144,166.3418,356.8515,0.6865984,-0.006328312,-0.7270084,0.1798187,0.01039632,-0.270617,2.842,-0.2579373,-4.646703,0.1424476,0.20896,1.9929,-0.9731095,-0.05357688,-0.2240267,-0.001478869,0.9740068,-0.2265138,0.2303394,-0.2200914,-0.9478945,moving,-18.09445,8.376745,4.088408,5.985718
05/15/2023 12:32:06.839406,3891,True,True,True,True,Eyes,2.462638,-0.01907521,-2.644312,0.3013816,-0.1381646,-0.9434403,0.0,0.0,0.0,0.0,0.0,0.0,0.0,1.847577,-0.5888707,-3.120863,2.479574,-0.01077008,-2.711401,-0.01515421,0.9875604,-0.1127789,0.1085163,12.67749,167.1034,356.8031,0.6861249,-0.006232057,-0.7274561,0.1690296,0.009772541,-0.25438,2.817242,-0.2604314,-4.659679,0.146769,0.2089602,1.992901,-0.9759891,-0.05440808,-0.2109146,-0.005454697,0.9741026,-0.2260408,0.217751,-0.2194629,-0.9510102,moving,-17.71606,8.331608,4.211996,5.985721
05/15/2023 12:32:06.859458,3892,True,True,True,True,Eyes,2.463642,-0.01881309,-2.647972,0.29486,-0.1376319,-0.9455765,0.0,0.0,0.0,0.0,0.0,0.0,0.0,1.891089,-0.57162,-3.106331,2.481385,-0.01076369,-2.719351,-0.01680235,0.9884059,-0.1114203,0.1017694,12.52332,167.8825,356.7177,0.6856659,-0.006136969,-0.7278896,0.1588878,0.009186189,-0.2391172,2.789373,-0.2539251,-4.673665,0.1512336,0.2089603,1.992902,-0.9787215,-0.05589344,-0.1974348,-0.01053672,0.9746064,-0.2236769,0.2049233,-0.216837,-0.954457,moving,-17.31909,8.281438,4.339638,5.98572
05/15/2023 12:32:06.879337,3893,True,True,True,True,Eyes,2.464662,-0.01860464,-2.651812,0.2878722,-0.1370572,-0.9478105,0.0,0.0,0.0,0.0,0.0,0.0,0.0,1.937801,-0.5518048,-3.089684,2.483239,-0.01130486,-2.727473,-0.01877712,0.9892473,-0.1100312,0.09450002,12.36551,168.718,356.5991,0.6852162,-0.006043446,-0.7283139,0.1493546,0.008635017,-0.2247701,2.760163,-0.2530755,-4.6868,0.1559722,0.2089601,1.992901,-0.9814342,-0.05794634,-0.1828357,-0.01635452,0.9750811,-0.2212451,0.1911,-0.2141473,-0.9579257,moving,-16.89476,8.228163,4.475069,5.985719
05/15/2023 12:32:06.889869,3894,True,True,True,True,Eyes,2.46571,-0.01845456,-2.655824,0.2805881,-0.1365508,-0.9500653,0.0,0.0,0.0,0.0,0.0,0.0,0.0,1.983924,-0.540197,-3.070989,2.485058,-0.01238127,-2.73552,-0.01977639,0.9899614,-0.1094309,0.08723685,12.31078,169.5593,356.582,0.6847743,-0.00595316,-0.7287301,0.1403933,0.008116916,-0.2112839,2.730953,-0.248189,-4.699823,0.1600274,0.2089599,1.9929,-0.9839973,-0.05824853,-0.1683939,-0.0200629,0.9752675,-0.2201152,0.1770505,-0.2132143,-0.9608294,moving,-16.45375,8.178981,4.59093,5.985716
05/15/2023 12:32:06.909669,3895,True,True,True,True,Eyes,2.46678,-0.01836021,-2.660006,0.272907,-0.1362346,-0.9523455,0.0,0.0,0.0,0.0,0.0,0.0,0.0,2.030273,-0.5364677,-3.04999,2.486901,-0.01362103,-2.743606,-0.02014447,0.9905382,-0.1097557,0.07988822,12.36952,170.4126,356.6285,0.6843367,-0.005867202,-0.7291418,0.1319697,0.007629901,-0.1986069,2.699407,-0.2438471,-4.712797,0.164308,0.2089602,1.992901,-0.9864242,-0.05744411,-0.1538427,-0.02237137,0.9750958,-0.2206529,0.1626866,-0.2142157,-0.9631432,moving,-15.99034,8.141021,4.713187,5.985723
05/15/2023 12:32:06.929417,3896,True,True,True,True,Eyes,2.467877,-0.01832877,-2.664354,0.2649454,-0.136072,-0.9546143,0.0,0.0,0.0,0.0,0.0,0.0,0.0,2.076246,-0.5382364,-3.027529,2.488765,-0.01484551,-2.751772,-0.02062374,0.9909367,-0.1111236,0.07259969,12.54688,171.2514,356.6518,0.6839013,-0.005786693,-0.7295511,0.1240515,0.007172107,-0.1866905,2.667715,-0.2433302,-4.72476,0.1686947,0.2089603,1.992901,-0.988608,-0.05700872,-0.1392998,-0.02473857,0.9744524,-0.2232275,0.148467,-0.2172384,-0.9647617,moving,-15.51156,8.11237,4.838429,5.985723
05/15/2023 12:32:06.945060,3897,True,True,True,True,Eyes,2.468978,-0.01838606,-2.668863,0.2567053,-0.135993,-0.9568743,0.0,0.0,0.0,0.0,0.0,0.0,0.0,2.123355,-0.5387968,-3.003761,2.49063,-0.01629399,-2.760075,-0.02146041,0.9912676,-0.112644,0.06510968,12.73994,172.1085,356.6372,0.6834657,-0.005712769,-0.7299599,0.1166084,0.00674178,-0.1754891,2.635895,-0.2467074,-4.735762,0.1728971,0.2089603,1.992901,-0.9906003,-0.05721445,-0.1242475,-0.02787759,0.9737015,-0.2261153,0.133917,-0.2205262,-0.9661443,moving,-15.01741,8.088826,4.958365,5.985723
05/15/2023 12:32:06.959811,3898,True,True,True,True,Eyes,2.470099,-0.01852081,-2.673525,0.2482234,-0.1361629,-0.9590853,0.0,0.0,0.0,0.0,0.0,0.0,0.0,2.169565,-0.5404389,-2.979502,2.492516,-0.01843546,-2.768311,-0.02152863,0.9915861,-0.1138764,0.05766908,12.90607,172.9716,356.7165,0.6830275,-0.005647175,-0.7303705,0.1096119,0.006337273,-0.1649597,2.604185,-0.2542665,-4.74579,0.177311,0.2089601,1.9929,-0.9924216,-0.05582928,-0.1094645,-0.02956069,0.9731374,-0.2283196,0.1192709,-0.2233535,-0.9674128,moving,-14.51048,8.080372,5.084295,5.98572
05/15/2023 12:32:06.979655,3899,True,True,True,True,Eyes,2.497933,-0.02388702,-2.793805,0.02494173,-0.1428689,-0.9894273,0.0,0.0,0.0,0.0,0.0,0.0,0.0,2.214304,-0.5534862,-2.953292,2.494272,-0.02036989,-2.776618,-0.02119231,0.9916563,-0.1167302,0.05042498,13.2603,173.8097,356.8312,0.6825862,-0.005591298,-0.7307833,0.1030352,0.005957037,-0.1550621,2.571556,-0.2627199,-4.755346,0.1818408,0.2089601,1.992901,-0.9940164,-0.05380321,-0.09506092,-0.03025874,0.9718499,-0.2336498,0.1049561,-0.2293753,-0.9676628,moving,-1.44402,8.216464,5.213477,5.985717
05/15/2023 12:32:06.990044,3900,True,True,True,True,Eyes,2.498,-0.02397713,-2.794136,0.02438703,-0.1431779,-0.9893965,0.0,0.0,0.0,0.0,0.0,0.0,0.0,2.259438,-0.5671922,-2.925764,2.496113,-0.02238546,-2.784919,-0.02110064,0.9916193,-0.1199474,0.04311014,13.65442,174.6526,356.9213,0.6808912,-0.005674724,-0.7323623,0.1803564,-0.01049904,-0.5065963,2.539519,-0.2705897,-4.76433,0.1859233,0.2089601,1.992901,-0.9953927,-0.0521895,-0.08043575,-0.0315057,0.9703347,-0.2397037,0.09055962,-0.2360651,-0.9675084,moving,-1.411963,8.234244,5.329857,5.98572
05/15/2023 12:32:07.014391,3901,True,True,True,True,Eyes,2.498107,-0.02413819,-2.794781,0.02343903,-0.1437172,-0.9893411,0.0,0.0,0.0,0.0,0.0,0.0,0.0,2.302406,-0.5845324,-2.898138,2.4979,-0.02456492,-2.793178,-0.02085269,0.9914439,-0.1236946,0.03610738,14.10896,175.4607,357.0282,0.6794481,-0.005747754,-0.7337007,0.169535,-0.009869095,-0.4762006,2.507755,-0.2846637,-4.772006,0.1905014,0.20896,1.9929,-0.9965228,-0.05028112,-0.06643816,-0.03241596,0.9685296,-0.2467784,0.07675563,-0.2437667,-0.9667918,moving,-1.357172,8.265289,5.460315,5.985717
05/15/2023 12:32:07.029509,3902,True,True,True,True,Eyes,2.49828,-0.02432148,-2.795736,0.02202895,-0.1444589,-0.9892656,0.0,0.0,0.0,0.0,0.0,0.0,0.0,2.342219,-0.605033,-2.871368,2.499721,-0.02628505,-2.801341,-0.02071779,0.9911168,-0.1279854,0.02963199,14.62368,176.2051,357.1179,0.678154,-0.005816986,-0.7348965,0.1593629,-0.009276949,-0.4476285,2.476325,-0.3002334,-4.778806,0.1945777,0.2089601,1.992901,-0.9973856,-0.04865243,-0.05343439,-0.03348257,0.966381,-0.2549249,0.0640407,-0.2524692,-0.9654834,moving,-1.275651,8.307979,5.576424,5.98572
05/15/2023 12:32:07.039368,3903,True,True,True,True,Eyes,2.498513,-0.0245185,-2.797021,0.02018714,-0.1448249,-0.9892513,0.0,0.0,0.0,0.0,0.0,0.0,0.0,2.381182,-0.6136009,-2.847197,2.501562,-0.0269513,-2.80972,-0.02135879,0.9909257,-0.1306417,0.02330204,14.9465,176.9289,357.1275,0.6769776,-0.005884024,-0.7359797,0.1498011,-0.008720332,-0.4207708,2.445733,-0.3179923,-4.784689,0.1990518,0.20896,1.992901,-0.9980017,-0.04841837,-0.04060048,-0.0362415,0.9649531,-0.2599078,0.05176187,-0.2579169,-0.9647797,moving,-1.169043,8.328851,5.70381,5.985716
05/15/2023 12:32:07.059378,3904,True,True,True,True,Eyes,2.498805,-0.02476264,-2.798627,0.01784594,-0.1449218,-0.9892821,0.0,0.0,0.0,0.0,0.0,0.0,0.0,2.421876,-0.5950774,-2.827399,2.503343,-0.02751778,-2.81892,-0.02323681,0.9911596,-0.1295601,0.01663636,14.83619,177.6878,357.0129,0.6759041,-0.005949398,-0.7369652,0.140813,-0.008197112,-0.3955246,2.417657,-0.3373834,-4.789582,0.203225,0.2089603,1.992901,-0.9983665,-0.05037359,-0.02695745,-0.04175196,0.9653485,-0.2576026,0.0389997,-0.2560563,-0.9658749,moving,-1.033463,8.334085,5.822579,5.985724
05/15/2023 12:32:07.079598,3905,True,True,True,True,Eyes,2.499148,-0.02504275,-2.800543,0.0149653,-0.144609,-0.9893757,0.0,0.0,0.0,0.0,0.0,0.0,0.0,2.46475,-0.5611932,-2.808121,2.505191,-0.0289533,-2.828189,-0.02525063,0.9916512,-0.1260956,0.009499543,14.45419,178.5083,356.8936,0.6749199,-0.006014491,-0.7378662,0.1323642,-0.007705285,-0.3717931,2.389697,-0.3493819,-4.79518,0.2078637,0.2089602,1.992902,-0.9985445,-0.05247534,-0.01247248,-0.04768394,0.9669246,-0.2505654,0.02520845,-0.2496059,-0.9680195,moving,-0.8665898,8.315575,5.954536,5.985721
05/15/2023 12:32:07.089705,3906,True,True,True,True,Eyes,2.499546,-0.02535848,-2.802783,0.0115803,-0.1441283,-0.9894913,0.0,0.0,0.0,0.0,0.0,0.0,0.0,2.507635,-0.5378044,-2.785659,2.506997,-0.03016089,-2.837502,-0.02693442,0.9918883,-0.1242049,0.002318995,14.25689,179.3325,356.8056,0.6740128,-0.006080244,-0.7386943,0.1244224,-0.007242968,-0.3494855,2.360757,-0.3467689,-4.803354,0.21193,0.2089602,1.992901,-0.9985383,-0.05400794,0.002090407,-0.05285582,0.9676954,-0.2465197,0.01129114,-0.2462699,-0.9691356,moving,-0.6705183,8.287364,6.070162,5.985722
05/15/2023 12:32:07.109730,3907,True,True,True,True,Eyes,2.500026,-0.02571473,-2.805331,0.007162905,-0.1433965,-0.9896394,0.0,0.0,0.0,0.0,0.0,0.0,0.0,2.553333,-0.5076672,-2.761601,2.508868,-0.03137574,-2.847503,-0.02906619,0.9921415,-0.1215784,-0.005396863,13.97861,180.215,356.6702,0.6731727,-0.006147429,-0.7394595,0.116957,-0.00680839,-0.3285164,2.329495,-0.3356939,-4.812411,0.2162846,0.20896,1.9929,-0.998252,-0.05636327,0.01777655,-0.05898784,0.9687477,-0.2409322,-0.003641264,-0.2415596,-0.9703791,moving,-0.4146935,8.24465,6.19393,5.985717
05/15/2023 12:32:07.129780,3908,True,True,True,True,Eyes,2.500551,-0.02613077,-2.80816,0.002253032,-0.1426236,-0.9897744,0.0,0.0,0.0,0.0,0.0,0.0,0.0,2.601407,-0.4762505,-2.734098,2.510724,-0.03282714,-2.857379,-0.03113239,0.9923352,-0.1188109,-0.01362485,13.68884,181.1584,356.5452,0.6723889,-0.006217018,-0.7401717,0.1099396,-0.006399887,-0.3088054,2.298065,-0.3306627,-4.819945,0.2207121,0.2089601,1.992901,-0.9976902,-0.05854997,0.03443858,-0.0650251,0.9698295,-0.2349521,-0.01964311,-0.2366488,-0.9713966,moving,-0.1304226,8.199712,6.319705,5.98572
05/15/2023 12:32:07.139509,3909,True,True,True,True,Eyes,2.501119,-0.02659293,-2.811287,-0.003481722,-0.141898,-0.9898752,0.0,0.0,0.0,0.0,0.0,0.0,0.0,2.649712,-0.4568627,-2.702536,2.512507,-0.03469671,-2.866967,-0.0323269,0.9922979,-0.1175422,-0.02199489,13.5737,182.1254,356.5211,0.6716536,-0.006290241,-0.7408383,0.1033432,-0.006015894,-0.2902771,2.264637,-0.3230344,-4.827717,0.2250413,0.20896,1.9929,-0.9969424,-0.05898517,0.05125051,-0.06932648,0.9702776,-0.2318517,-0.03605141,-0.2346959,-0.9714002,moving,0.2015276,8.157739,6.442636,5.985719
05/15/2023 12:32:07.159560,3910,True,True,True,True,Eyes,2.501727,-0.02710249,-2.8147,-0.009633016,-0.14128,-0.9899228,0.0,0.0,0.0,0.0,0.0,0.0,0.0,2.697382,-0.4439652,-2.669944,2.514328,-0.03628604,-2.877223,-0.03278244,0.9921629,-0.1166974,-0.03033167,13.50642,183.0972,356.582,0.6709581,-0.006367964,-0.7414677,0.09714264,-0.00565494,-0.2728605,2.229203,-0.3152155,-4.834473,0.2293166,0.20896,1.9929,-0.996011,-0.05797179,0.06783916,-0.0721303,0.9706141,-0.229577,-0.05253666,-0.2335543,-0.9709237,moving,0.5575321,8.1223,6.563974,5.985718
05/15/2023 12:32:07.180078,3911,True,True,True,True,Eyes,2.502386,-0.02766576,-2.818388,-0.01640649,-0.1409316,-0.9898834,0.0,0.0,0.0,0.0,0.0,0.0,0.0,2.743756,-0.4407531,-2.635689,2.516024,-0.03791425,-2.887472,-0.03302384,0.9917887,-0.1174029,-0.03848483,13.61636,184.0465,356.6691,0.6702967,-0.006450788,-0.7420649,0.09131408,-0.005315644,-0.2564888,2.193094,-0.3134632,-4.839335,0.2337939,0.2089599,1.9929,-0.9948568,-0.05646889,0.08409182,-0.07454181,0.970252,-0.2303359,-0.06858344,-0.2354196,-0.9694711,moving,0.9495425,8.102858,6.690983,5.985716
05/15/2023 12:32:07.189878,3912,True,True,True,True,Eyes,2.503078,-0.0282391,-2.82234,-0.02354777,-0.1408953,-0.9897444,0.0,0.0,0.0,0.0,0.0,0.0,0.0,2.790737,-0.4427454,-2.598635,2.517669,-0.0397424,-2.897741,-0.03362526,0.9911636,-0.1194825,-0.04677698,13.88649,185.0049,356.7238,0.669662,-0.006539691,-0.7426369,0.08583524,-0.004996705,-0.2410995,2.157572,-0.3127105,-4.844008,0.2379319,0.2089602,1.992902,-0.9933625,-0.05547819,0.1007625,-0.07783432,0.9691865,-0.2337076,-0.08469201,-0.2399992,-0.9670718,moving,1.362911,8.101918,6.8083,5.985718
05/15/2023 12:32:07.209589,3913,True,True,True,True,Eyes,2.503807,-0.02877144,-2.826569,-0.03114121,-0.1411283,-0.9895014,0.0,0.0,0.0,0.0,0.0,0.0,0.0,2.837195,-0.4490176,-2.56004,2.519289,-0.04049091,-2.908029,-0.03488256,0.9902911,-0.1228229,-0.05496791,14.30571,185.9413,356.7115,0.6690489,-0.006634214,-0.7431884,0.08068512,-0.004696902,-0.2266335,2.122608,-0.3180267,-4.847278,0.2424071,0.2089602,1.992902,-0.9915237,-0.05558515,0.1174372,-0.08259042,0.9673955,-0.2394259,-0.1002997,-0.2470956,-0.9637864,moving,1.802596,8.117103,6.93512,5.985719
05/15/2023 12:32:07.229495,3914,True,True,True,True,Eyes,2.504555,-0.02926512,-2.831053,-0.039132,-0.141125,-0.9892181,0.0,0.0,0.0,0.0,0.0,0.0,0.0,2.88406,-0.4448324,-2.521892,2.520781,-0.04001778,-2.918849,-0.03668683,0.9895005,-0.1246238,-0.06333956,14.55316,186.8954,356.6348,0.668452,-0.006732674,-0.7437245,0.07584402,-0.004415088,-0.2130355,2.087489,-0.3292059,-4.848989,0.2467709,0.2089603,1.992901,-0.9892844,-0.05681602,0.1344932,-0.0883905,0.9662459,-0.2419832,-0.1162049,-0.2512781,-0.9609141,moving,2.265355,8.119213,7.058717,5.985724
05/15/2023 12:32:07.239514,3915,True,True,True,True,Eyes,2.505335,-0.02973922,-2.835797,-0.04753947,-0.1409125,-0.98888,0.0,0.0,0.0,0.0,0.0,0.0,0.0,2.931301,-0.4129314,-2.486238,2.522127,-0.03964143,-2.929456,-0.03826384,0.9892661,-0.1212004,-0.07210487,14.20056,187.9085,356.5565,0.6678667,-0.006833605,-0.7442493,0.07129338,-0.004150183,-0.2002534,2.053188,-0.3447374,-4.849303,0.2510849,0.2089603,1.992901,-0.9866737,-0.05822795,0.151937,-0.0931845,0.9676927,-0.2342808,-0.1333866,-0.2453169,-0.9602229,moving,2.752321,8.109885,7.180838,5.985722
05/15/2023 12:32:07.259836,3916,True,True,True,True,Eyes,2.506131,-0.03014219,-2.840795,-0.05625919,-0.1406422,-0.9884607,0.0,0.0,0.0,0.0,0.0,0.0,0.0,2.977502,-0.3846875,-2.449916,2.523561,-0.0397376,-2.940349,-0.03935723,0.9889368,-0.1180343,-0.08076465,13.87558,188.9153,356.5289,0.667289,-0.006936149,-0.7447662,0.06701577,-0.003901172,-0.1882382,2.018211,-0.3533855,-4.850091,0.25525,0.2089601,1.9929,-0.9838562,-0.05877762,0.1690333,-0.09690963,0.9690378,-0.2270996,-0.1504513,-0.2398143,-0.9590901,moving,3.25753,8.097922,7.298688,5.98572
05/15/2023 12:32:07.279381,3917,True,True,True,True,Eyes,2.506955,-0.03044986,-2.846077,-0.0653135,-0.140042,-0.9879891,0.0,0.0,0.0,0.0,0.0,0.0,0.0,3.021328,-0.3646978,-2.413774,2.524907,-0.03845507,-2.951456,-0.04097739,0.9883353,-0.1166251,-0.08895451,13.75789,189.8569,356.4437,0.6667161,-0.007038062,-0.7452783,0.06299483,-0.003667102,-0.1769439,1.980666,-0.3414416,-4.852592,0.2596224,0.20896,1.9929,-0.9808161,-0.06025013,0.1853917,-0.1017474,0.9694389,-0.2232391,-0.1662758,-0.2378196,-0.9569715,moving,3.782178,8.067619,7.422331,5.985717
05/15/2023 12:32:07.298864,3918,True,True,True,True,Eyes,2.507776,-0.03072961,-2.851611,-0.07477381,-0.1389725,-0.9874693,0.0,0.0,0.0,0.0,0.0,0.0,0.0,3.067849,-0.3176979,-2.376934,2.525803,-0.03659442,-2.963346,-0.04375059,0.987969,-0.1113716,-0.0979773,13.21681,190.8859,356.1937,0.6661425,-0.007137129,-0.7457901,0.05921514,-0.003447076,-0.1663273,1.943602,-0.3306988,-4.854527,0.264139,0.2089603,1.992902,-0.9769728,-0.06462468,0.2033422,-0.1082722,0.9713646,-0.2114902,-0.1838519,-0.2286364,-0.9559938,moving,4.330325,8.010968,7.549973,5.985722
05/15/2023 12:32:07.309357,3919,True,True,True,True,Eyes,2.508601,-0.03095149,-2.857376,-0.08445475,-0.1380448,-0.9868187,0.0,0.0,0.0,0.0,0.0,0.0,0.0,3.11513,-0.2635253,-2.337171,2.526753,-0.03633156,-2.974903,-0.04571259,0.9876678,-0.1043028,-0.1074412,12.46574,191.9812,356.0134,0.665567,-0.007232512,-0.7463027,0.05566223,-0.003240251,-0.1563476,1.909008,-0.3260039,-4.855491,0.2684162,0.2089602,1.992901,-0.9727336,-0.06788488,0.2217683,-0.1127105,0.9740626,-0.1962102,-0.2026965,-0.2158558,-0.9551548,moving,4.891616,7.963358,7.670786,5.985721
05/15/2023 12:32:07.329289,3920,True,True,True,True,Eyes,2.528054,-0.03477243,-3.0074,-0.3315462,-0.1071974,-0.9373291,0.0,0.0,0.0,0.0,0.0,0.0,0.0,3.158569,-0.2416019,-2.296019,2.52758,-0.03528178,-2.98609,-0.04784006,0.9867118,-0.1032221,-0.1160018,12.40379,192.9605,355.8628,0.6649855,-0.007323249,-0.7468201,0.0523225,-0.003045836,-0.1469668,1.870216,-0.3069004,-4.857258,0.272847,0.20896,1.9929,-0.9685097,-0.0704608,0.238797,-0.1183566,0.9741131,-0.1926018,-0.2190444,-0.2147999,-0.9517776,moving,19.47939,6.524269,7.795869,5.985716
05/15/2023 12:32:07.339837,3921,True,True,True,True,Eyes,2.52809,-0.0347176,-3.007843,-0.332152,-0.1073716,-0.9370947,0.0,0.0,0.0,0.0,0.0,0.0,0.0,3.201575,-0.2028151,-2.254814,2.527398,-0.03383921,-2.99775,-0.05092471,0.9858078,-0.09995915,-0.1248918,12.1107,193.971,355.5751,0.6624634,-0.007493522,-0.7490565,0.1075394,-0.0143259,-0.5882205,1.829821,-0.2817733,-4.858007,0.2769782,0.2089602,1.992902,-0.9636176,-0.07543578,0.2564195,-0.1253721,0.9748297,-0.1843608,-0.2360579,-0.2098012,-0.9488205,moving,19.51681,6.536401,7.912416,5.985719
05/15/2023 12:32:07.359904,3922,True,True,True,True,Eyes,2.528107,-0.03463484,-3.008693,-0.3333915,-0.1078528,-0.9365991,0.0,0.0,0.0,0.0,0.0,0.0,0.0,3.242981,-0.1732418,-2.212684,2.527853,-0.03255892,-3.008621,-0.05345947,0.9847602,-0.09790083,-0.1334357,11.95155,194.9471,355.3587,0.6603457,-0.007638037,-0.7509226,0.1010871,-0.01346634,-0.5529273,1.79373,-0.2796369,-4.855925,0.2814474,0.20896,1.9929,-0.9586743,-0.07916258,0.2732717,-0.1314164,0.975115,-0.1785509,-0.2523368,-0.2070845,-0.9452209,moving,19.59368,6.568886,8.038439,5.985718
05/15/2023 12:32:07.379645,3923,True,True,True,True,Eyes,2.528115,-0.03450393,-3.009924,-0.3351675,-0.1090938,-0.9358212,0.0,0.0,0.0,0.0,0.0,0.0,0.0,3.285706,-0.171015,-2.163376,2.527561,-0.03174159,-3.019226,-0.05582092,0.9830648,-0.1010737,-0.142309,12.39274,195.9572,355.2438,0.658558,-0.007759965,-0.7524896,0.09502184,-0.01265836,-0.5197517,1.755524,-0.2697981,-4.853938,0.2856289,0.2089601,1.9929,-0.9532645,-0.08098377,0.2910819,-0.1385185,0.9733363,-0.1828363,-0.2685138,-0.2146116,-0.9390647,moving,19.70515,6.649268,8.156271,5.985721
05/15/2023 12:32:07.389788,3924,True,True,True,True,Eyes,2.528101,-0.03432494,-3.011501,-0.3375181,-0.11068,-0.9347895,0.0,0.0,0.0,0.0,0.0,0.0,0.0,3.32858,-0.1816553,-2.110773,2.527525,-0.03031129,-3.029604,-0.05720893,0.9811737,-0.1056338,-0.1512176,12.9789,196.9848,355.2722,0.657028,-0.007861863,-0.7538249,0.08932053,-0.01189886,-0.4885666,1.719482,-0.2644557,-4.850411,0.2900124,0.2089602,1.992902,-0.9477208,-0.08031645,0.3088278,-0.1442112,0.9711373,-0.1899882,-0.284655,-0.2245922,-0.9319496,moving,19.85279,6.752442,8.279716,5.98572
05/15/2023 12:32:07.409884,3925,True,True,True,True,Eyes,2.528044,-0.03406202,-3.013414,-0.3407767,-0.1129583,-0.9333336,0.0,0.0,0.0,0.0,0.0,0.0,0.0,3.36983,-0.1944984,-2.057248,2.527157,-0.02888064,-3.03949,-0.05812579,0.9792243,-0.1101695,-0.1600121,13.55408,198.0098,355.3637,0.6556289,-0.007948729,-0.7550411,0.08396129,-0.01118493,-0.4592526,1.682843,-0.2798952,-4.843196,0.2944115,0.2089602,1.992901,-0.9420348,-0.07857944,0.3261828,-0.1490933,0.9689681,-0.1971596,-0.3005681,-0.234363,-0.9245175,moving,20.05803,6.900756,8.403528,5.985721
05/15/2023 12:32:07.419459,3926,True,True,True,True,Eyes,2.527928,-0.0336728,-3.01566,-0.3445759,-0.1151741,-0.9316665,0.0,0.0,0.0,0.0,0.0,0.0,0.0,3.409696,-0.1986797,-2.004942,2.526675,-0.02640474,-3.049673,-0.06030167,0.9771634,-0.1143346,-0.1686511,14.11016,199.0041,355.3108,0.6543435,-0.008019879,-0.7561545,0.07892361,-0.01051383,-0.4316974,1.646918,-0.2989713,-4.834308,0.2988051,0.2089602,1.992902,-0.9358412,-0.07928386,0.3433885,-0.1564145,0.9665827,-0.2031073,-0.3158103,-0.243787,-0.9169689,moving,20.29686,7.04724,8.527107,5.98572
05/15/2023 12:32:07.439651,3927,True,True,True,True,Eyes,2.527696,-0.03316424,-3.018214,-0.3491455,-0.1170483,-0.9297296,0.0,0.0,0.0,0.0,0.0,0.0,0.0,3.448485,-0.1782468,-1.953722,2.52535,-0.02298875,-3.059891,-0.06257667,0.9754919,-0.1137157,-0.1776752,14.12831,200.0462,355.1685,0.6531556,-0.008073655,-0.7571803,0.0741882,-0.009883002,-0.4057956,1.611423,-0.3172882,-4.824277,0.3031491,0.2089601,1.9929,-0.9290313,-0.08167715,0.3608734,-0.162495,0.9663058,-0.1996208,-0.3324096,-0.2440941,-0.9110005,moving,20.58289,7.175501,8.64922,5.985721
05/15/2023 12:32:07.459605,3928,True,True,True,True,Eyes,2.527396,-0.03260349,-3.021091,-0.3543912,-0.1182109,-0.9275953,0.0,0.0,0.0,0.0,0.0,0.0,0.0,3.488821,-0.1375319,-1.899427,2.523958,-0.01939157,-3.070484,-0.06386729,0.9741932,-0.1080288,-0.1876126,13.559,201.2125,355.0487,0.6520501,-0.008108732,-0.758132,0.06973691,-0.009290022,-0.3814479,1.5769,-0.3346456,-4.813971,0.3074384,0.2089599,1.9929,-0.9214449,-0.08390304,0.3793407,-0.1649733,0.9685014,-0.1865173,-0.3517427,-0.2344465,-0.9062625,moving,20.90954,7.262513,8.76971,5.985717
05/15/2023 12:32:07.479665,3929,True,True,True,True,Eyes,2.526995,-0.03205,-3.024227,-0.3602997,-0.1190154,-0.9252132,0.0,0.0,0.0,0.0,0.0,0.0,0.0,3.530881,-0.08496374,-1.838787,2.522238,-0.01773153,-3.08115,-0.06406762,0.9729491,-0.0991326,-0.1985903,12.61205,202.5181,354.9857,0.6510136,-0.008125638,-0.7590221,0.06555269,-0.008732621,-0.358561,1.538869,-0.3330265,-4.804463,0.3122254,0.2089599,1.9929,-0.9129145,-0.08529553,0.3991388,-0.1640426,0.9721361,-0.1674556,-0.3737341,-0.2183484,-0.9014692,moving,21.2771,7.330029,8.904084,5.985715
05/15/2023 12:32:07.489536,3930,True,True,True,True,Eyes,2.526532,-0.03149642,-3.027611,-0.3666793,-0.1199217,-0.9225861,0.0,0.0,0.0,0.0,0.0,0.0,0.0,3.572186,-0.06083012,-1.773149,2.520678,-0.01746044,-3.090977,-0.06281792,0.9712415,-0.09431911,-0.2093989,12.0943,203.8202,355.1588,0.6500356,-0.008126347,-0.7598598,0.06161953,-0.008208663,-0.3370473,1.497441,-0.3107443,-4.795728,0.3158687,0.20896,1.9929,-0.904412,-0.0825221,0.4186037,-0.1615234,0.9743156,-0.1569052,-0.394904,-0.2095213,-0.8945122,moving,21.67521,7.406028,9.006291,5.985717
05/15/2023 12:32:07.509806,3931,True,True,True,True,Eyes,2.525956,-0.03092484,-3.031197,-0.3733671,-0.1212414,-0.9197268,0.0,0.0,0.0,0.0,0.0,0.0,0.0,3.609668,-0.07400897,-1.709434,2.518878,-0.01686737,-3.100373,-0.06113617,0.9690356,-0.09620725,-0.2190361,12.3122,204.99,355.5185,0.6491054,-0.008112468,-0.7606547,0.05792236,-0.007716144,-0.3168245,1.450727,-0.2770616,-4.784829,0.3203127,0.2089599,1.992899,-0.8965712,-0.07634052,0.4362709,-0.160632,0.9740131,-0.1596744,-0.4127439,-0.2132385,-0.8855349,moving,22.09491,7.50962,9.130887,5.985718
05/15/2023 12:32:07.529364,3932,True,True,True,True,Eyes,2.525305,-0.03034234,-3.034992,-0.380407,-0.1228115,-0.9166285,0.0,0.0,0.0,0.0,0.0,0.0,0.0,3.643846,-0.08799794,-1.648506,2.516755,-0.01567402,-3.109442,-0.06058799,0.9666503,-0.09951203,-0.2280649,12.71037,206.0805,355.7823,0.6482152,-0.008085019,-0.7614139,0.05444701,-0.007253175,-0.297815,1.406301,-0.2582135,-4.770535,0.3246537,0.20896,1.9929,-0.8886311,-0.07174439,0.4529765,-0.1625252,0.9728529,-0.1647507,-0.4288596,-0.2200227,-0.8761676,moving,22.53878,7.631145,9.252501,5.985717
05/15/2023 12:32:07.539809,3933,True,True,True,True,Eyes,2.524548,-0.02974251,-3.038941,-0.387595,-0.1248946,-0.9133299,0.0,0.0,0.0,0.0,0.0,0.0,0.0,3.675775,-0.08439797,-1.590082,2.514444,-0.01476231,-3.118358,-0.06250814,0.964097,-0.1024839,-0.2368689,13.13353,207.119,355.7614,0.6473567,-0.008045072,-0.7621443,0.05118019,-0.006817984,-0.2799461,1.367752,-0.2634193,-4.754974,0.329034,0.2089602,1.992901,-0.8799717,-0.07197731,0.4695413,-0.1690783,0.9711795,-0.1679963,-0.443917,-0.2272212,-0.8667804,moving,22.99519,7.786699,9.37513,5.985719
05/15/2023 12:32:07.559757,3934,True,True,True,True,Eyes,2.523712,-0.02914941,-3.043073,-0.3950557,-0.1271758,-0.9098117,0.0,0.0,0.0,0.0,0.0,0.0,0.0,3.7047,-0.08448681,-1.534718,2.512212,-0.01351391,-3.126645,-0.06552019,0.9613214,-0.1075959,-0.2449314,13.82543,208.0632,355.6729,0.6465234,-0.007993434,-0.762852,0.04810938,-0.006408905,-0.2631493,1.331906,-0.274785,-4.73899,0.3333367,0.2089602,1.992902,-0.8714314,-0.07326471,0.4850149,-0.1786791,0.9682605,-0.1747725,-0.4568161,-0.2389643,-0.8568634,moving,23.47131,7.957393,9.495505,5.985719
05/15/2023 12:32:07.579365,3935,True,True,True,True,Eyes,2.522796,-0.02861171,-3.047337,-0.4028283,-0.1294038,-0.9060817,0.0,0.0,0.0,0.0,0.0,0.0,0.0,3.732327,-0.07048738,-1.480843,2.509592,-0.01301819,-3.135267,-0.06845209,0.9587361,-0.1099047,-0.2531018,14.20488,209.0191,355.5261,0.6457094,-0.007931468,-0.7635417,0.04522282,-0.006024371,-0.2473604,1.297235,-0.2889629,-4.722291,0.3377329,0.20896,1.9929,-0.8625078,-0.07562079,0.500362,-0.1868891,0.9664705,-0.1760885,-0.4702692,-0.2453899,-0.8477211,moving,23.9691,8.127842,9.61842,5.985718
05/15/2023 12:32:07.590292,3936,True,True,True,True,Eyes,2.521808,-0.0281036,-3.051732,-0.4107364,-0.1320505,-0.902141,0.0,0.0,0.0,0.0,0.0,0.0,0.0,3.757616,-0.05594426,-1.429338,2.507273,-0.01369363,-3.143121,-0.07064083,0.9563287,-0.1113523,-0.2608562,14.46763,209.9353,355.4379,0.6449102,-0.007861621,-0.7642176,0.04250945,-0.005662909,-0.2325187,1.266489,-0.3124721,-4.704951,0.3419634,0.2089599,1.9929,-0.8539279,-0.07701785,0.5146605,-0.1932056,0.965221,-0.1761246,-0.4831965,-0.249833,-0.8391097,moving,24.47933,8.327511,9.73661,5.985717
05/15/2023 12:32:07.609445,3937,True,True,True,True,Eyes,2.520683,-0.0275854,-3.056235,-0.4187702,-0.1345746,-0.8980653,0.0,0.0,0.0,0.0,0.0,0.0,0.0,3.780528,-0.05501902,-1.380314,2.504654,-0.01378082,-3.150746,-0.07367556,0.9535335,-0.1166763,-0.267829,15.18725,210.7596,355.3638,0.6441217,-0.007785433,-0.7648831,0.03995888,-0.005323134,-0.2185676,1.234583,-0.3262958,-4.688169,0.3463821,0.20896,1.992901,-0.845679,-0.07800563,0.5279603,-0.2030028,0.9619171,-0.1830446,-0.4935755,-0.2619744,-0.8293085,moving,24.99977,8.52233,9.859967,5.985717
05/15/2023 12:32:07.629471,3938,True,True,True,True,Eyes,2.519467,-0.0270682,-3.060864,-0.4270357,-0.1369468,-0.8938043,0.0,0.0,0.0,0.0,0.0,0.0,0.0,3.802747,-0.04105127,-1.33151,2.50148,-0.0128167,-3.158786,-0.07632729,0.9510126,-0.1185699,-0.2751194,15.51681,211.6207,355.2414,0.643339,-0.007703271,-0.7655423,0.03756135,-0.005003746,-0.2054536,1.204421,-0.3369074,-4.671667,0.3507528,0.20896,1.9929,-0.8369671,-0.07993469,0.5413841,-0.2104181,0.9602306,-0.1835246,-0.5051836,-0.2675211,-0.8205011,moving,25.53722,8.710996,9.981893,5.985716
05/15/2023 12:32:07.639910,3939,True,True,True,True,Eyes,2.518138,-0.02660345,-3.065583,-0.4355533,-0.1388117,-0.8893957,0.0,0.0,0.0,0.0,0.0,0.0,0.0,3.824948,-0.01322663,-1.279823,2.498199,-0.01233047,-3.166574,-0.07823955,0.9487479,-0.1167163,-0.2830786,15.41239,212.5634,355.098,0.6425588,-0.007615753,-0.7661982,0.03530766,-0.004703521,-0.1931264,1.178103,-0.3625841,-4.65413,0.3553178,0.2089602,1.992901,-0.8274904,-0.08237942,0.555404,-0.214539,0.9605117,-0.1771729,-0.5188767,-0.2657647,-0.8124878,moving,26.09184,8.870824,10.10914,5.985723
05/15/2023 12:32:07.659815,3940,True,True,True,True,Eyes,2.516732,-0.02617447,-3.070404,-0.4442328,-0.1406529,-0.8848017,0.0,0.0,0.0,0.0,0.0,0.0,0.0,3.847092,0.01047796,-1.225537,2.495198,-0.01303281,-3.174268,-0.07959077,0.9463494,-0.1152791,-0.2912026,15.33978,213.5381,355.0327,0.6417785,-0.007524827,-0.7668528,0.0331892,-0.00442131,-0.1815388,1.14987,-0.3740433,-4.637703,0.3594652,0.20896,1.9929,-0.8177329,-0.08350223,0.5695091,-0.2177805,0.9607521,-0.1718345,-0.5328084,-0.2645426,-0.8038237,moving,26.65988,9.032474,10.22467,5.985717
05/15/2023 12:32:07.679636,3941,True,True,True,True,Eyes,2.515201,-0.02578103,-3.075315,-0.4530479,-0.1420457,-0.8800969,0.0,0.0,0.0,0.0,0.0,0.0,0.0,3.866924,0.02363455,-1.174641,2.492,-0.01345503,-3.181696,-0.08045423,0.9439689,-0.1152329,-0.2986154,15.40274,214.4397,355.0569,0.6409955,-0.0074317,-0.7675082,0.03119785,-0.004156032,-0.1706464,1.118125,-0.3712472,-4.620657,0.3639617,0.2089602,1.992901,-0.8087119,-0.08307197,0.5823092,-0.2207132,0.960497,-0.1695028,-0.5452254,-0.2656023,-0.7951006,moving,27.23807,9.16835,10.34982,5.985723
05/15/2023 12:32:07.696055,3942,True,True,True,True,Eyes,2.513577,-0.02542724,-3.080328,-0.4619772,-0.143288,-0.8752403,0.0,0.0,0.0,0.0,0.0,0.0,0.0,3.885123,0.03824806,-1.12722,2.488468,-0.01385753,-3.189608,-0.08088666,0.9418038,-0.114104,-0.305685,15.33005,215.3025,355.0868,0.6402075,-0.007337545,-0.7681666,0.02932598,-0.00390667,-0.1604077,1.086775,-0.3702258,-4.602427,0.3681914,0.2089601,1.9929,-0.8000284,-0.08259901,0.5942494,-0.2221185,0.9608752,-0.1654755,-0.5573314,-0.2643788,-0.7870741,moving,27.82639,9.297574,10.46745,5.985721
05/15/2023 12:32:07.709491,3943,True,True,True,True,Eyes,2.4697,-0.01852348,-3.207351,-0.6734565,-0.1600028,-0.7217032,0.0,0.0,0.0,0.0,0.0,0.0,0.0,3.901691,0.0536446,-1.081498,2.484664,-0.01448061,-3.197178,-0.08106901,0.9397473,-0.1124019,-0.3125197,15.18462,216.1389,355.1192,0.639412,-0.007243447,-0.7688298,0.02756642,-0.003672269,-0.1507832,1.058111,-0.3730067,-4.584803,0.3724295,0.2089602,1.992901,-0.7915184,-0.08211315,0.6056037,-0.2226244,0.9615873,-0.1605875,-0.5691544,-0.2619301,-0.7793944,moving,43.01941,12.50038,10.58523,5.985723
05/15/2023 12:32:07.729399,3944,True,True,True,True,Eyes,2.469534,-0.01857086,-3.207637,-0.6738569,-0.1601147,-0.7213044,0.0,0.0,0.0,0.0,0.0,0.0,0.0,3.918148,0.06208307,-1.033858,2.4807,-0.01604711,-3.204756,-0.08063152,0.9375575,-0.1115429,-0.3194414,15.10981,216.9994,355.2509,0.6363444,-0.006966459,-0.7713733,-0.1057189,0.01725932,-0.522808,1.02971,-0.371096,-4.568694,0.3770341,0.2089602,1.9929,-0.7829116,-0.07993051,0.6169771,-0.2224562,0.9621134,-0.1576417,-0.5810016,-0.2606699,-0.7710309,moving,43.0522,12.51555,10.71309,5.985723
05/15/2023 12:32:07.739589,3945,True,True,True,True,Eyes,2.469189,-0.01865517,-3.208194,-0.6747155,-0.160089,-0.7205071,0.0,0.0,0.0,0.0,0.0,0.0,0.0,3.933828,0.06104958,-0.986114,2.476593,-0.01722728,-3.212062,-0.080386,0.9351146,-0.1129846,-0.3260878,15.29168,217.8366,355.442,0.6337376,-0.006728397,-0.7735186,-0.09937581,0.01622376,-0.4914395,1.002156,-0.3668488,-4.553138,0.3811928,0.2089599,1.992899,-0.7744095,-0.07665444,0.6280237,-0.224026,0.9615452,-0.1588813,-0.5916941,-0.2637329,-0.7618023,moving,43.12021,12.52701,10.82848,5.985717
05/15/2023 12:32:07.759518,3946,True,True,True,True,Eyes,2.468674,-0.01876933,-3.209022,-0.675927,-0.1599414,-0.7194036,0.0,0.0,0.0,0.0,0.0,0.0,0.0,3.94904,0.05946261,-0.938426,2.472387,-0.0182115,-3.219636,-0.07984409,0.9326926,-0.1140527,-0.3327185,15.41945,218.677,355.6544,0.6313813,-0.006516608,-0.7754449,-0.09341326,0.01525033,-0.4619532,0.9744962,-0.3653091,-4.536415,0.3855382,0.2089599,1.992899,-0.765847,-0.07304508,0.638861,-0.2248349,0.9612338,-0.1596211,-0.6024352,-0.2658835,-0.7525811,moving,43.21532,12.53442,10.94896,5.985719
05/15/2023 12:32:07.779319,3947,True,True,True,True,Eyes,2.467992,-0.0189279,-3.21011,-0.6775174,-0.1594772,-0.7180093,0.0,0.0,0.0,0.0,0.0,0.0,0.0,3.962164,0.0571844,-0.895977,2.46786,-0.01910101,-3.227087,-0.07799155,0.9307879,-0.1130324,-0.3387845,15.26377,219.454,355.9224,0.6292381,-0.006328727,-0.7771866,-0.08780846,0.01433531,-0.434236,0.9486946,-0.3717792,-4.518628,0.389843,0.2089601,1.9929,-0.7582848,-0.06859991,0.6483041,-0.2217745,0.962282,-0.1575738,-0.6130418,-0.2632631,-0.7448975,moving,43.338,12.52269,11.0682,5.985721
05/15/2023 12:32:07.789676,3948,True,True,True,True,Eyes,2.467136,-0.0191367,-3.211446,-0.6793578,-0.1589529,-0.7163846,0.0,0.0,0.0,0.0,0.0,0.0,0.0,3.973921,0.05690157,-0.8573637,2.463193,-0.02041312,-3.234596,-0.07615625,0.9290463,-0.111518,-0.3444373,15.05065,220.1763,356.1594,0.6272822,-0.006163487,-0.7787673,-0.08253995,0.01347519,-0.4081818,0.9229079,-0.3760263,-4.500964,0.3942101,0.2089602,1.992901,-0.7511266,-0.06468349,0.6569819,-0.2183272,0.9635279,-0.1547486,-0.6230108,-0.2596728,-0.7378537,moving,43.48039,12.51024,11.18907,5.985721
05/15/2023 12:32:07.809447,3949,True,True,True,True,Eyes,2.466057,-0.01940675,-3.212975,-0.6826788,-0.1591125,-0.7131851,0.0,0.0,0.0,0.0,0.0,0.0,0.0,3.986111,0.05365741,-0.8237429,2.459808,-0.02172476,-3.24336,-0.07469705,0.9273581,-0.1111056,-0.3494036,14.96733,220.8152,356.3857,0.6254896,-0.006019827,-0.7802089,-0.07758755,0.01266668,-0.3836909,0.8975926,-0.3700183,-4.486157,0.3985222,0.2089602,1.992901,-0.744675,-0.06090039,0.664643,-0.2161832,0.9641518,-0.1538706,-0.631446,-0.2582683,-0.7311453,moving,43.74801,12.57679,11.30833,5.985721
05/15/2023 12:32:07.829424,3950,True,True,True,True,Eyes,2.464965,-0.01971209,-3.214852,-0.6861086,-0.1593424,-0.7098345,0.0,0.0,0.0,0.0,0.0,0.0,0.0,3.995956,0.05406061,-0.7914457,2.454896,-0.02340794,-3.251139,-0.07383172,0.9256179,-0.1107966,-0.3542664,14.9172,221.4352,356.5484,0.6238389,-0.005897111,-0.7815303,-0.0729323,0.01190668,-0.3606694,0.8732705,-0.3626436,-4.472638,0.4029995,0.20896,1.9929,-0.7380887,-0.05817688,0.6721911,-0.215183,0.964546,-0.1527985,-0.6394699,-0.2574229,-0.724439,moving,44.02628,12.65193,11.43205,5.985717
05/15/2023 12:32:07.844453,3951,True,True,True,True,Eyes,2.46377,-0.02003043,-3.217022,-0.6898468,-0.159668,-0.7061285,0.0,0.0,0.0,0.0,0.0,0.0,0.0,4.007115,0.05034763,-0.7624288,2.451921,-0.02471234,-3.260105,-0.07337981,0.9238635,-0.1119392,-0.358554,15.03769,221.9893,356.7166,0.622312,-0.005794089,-0.7827474,-0.06855636,0.01119228,-0.3390293,0.8530065,-0.359756,-4.461982,0.4071823,0.2089602,1.992901,-0.7321086,-0.05531335,0.6789382,-0.2158584,0.96417,-0.1542119,-0.6460819,-0.2594544,-0.717817,moving,44.33177,12.74131,11.54753,5.985722
05/15/2023 12:32:07.860246,3952,True,True,True,True,Eyes,2.462376,-0.02036422,-3.219401,-0.6936857,-0.159894,-0.7023063,0.0,0.0,0.0,0.0,0.0,0.0,0.0,4.014723,0.04514748,-0.736742,2.446337,-0.02547009,-3.267662,-0.0729496,0.9222121,-0.1131717,-0.3624849,15.16638,222.5004,356.8817,0.6208917,-0.005709078,-0.7838751,-0.06444298,0.01052074,-0.3186875,0.831827,-0.3588127,-4.450213,0.4114749,0.2089602,1.992901,-0.726566,-0.05250397,0.6850876,-0.2165961,0.9637411,-0.1558503,-0.6520643,-0.2616228,-0.7115937,moving,44.64619,12.82591,11.66595,5.985721
05/15/2023 12:32:07.879329,3953,True,True,True,True,Eyes,2.460817,-0.0207254,-3.221977,-0.6978073,-0.1601914,-0.6981431,0.0,0.0,0.0,0.0,0.0,0.0,0.0,4.021923,0.04605579,-0.7098413,2.440189,-0.02620745,-3.275156,-0.07210117,0.9206933,-0.1123342,-0.3667511,15.05446,223.0438,357.0102,0.619562,-0.005640659,-0.784927,-0.0605764,0.009889498,-0.2995662,0.8145775,-0.3633244,-4.440333,0.4161408,0.20896,1.9929,-0.7205902,-0.05036872,0.6915295,-0.2151635,0.9643649,-0.1539643,-0.6591318,-0.2597371,-0.7057495,moving,44.98622,12.92302,11.79455,5.985717
05/15/2023 12:32:07.889240,3954,True,True,True,True,Eyes,2.459058,-0.02109186,-3.224736,-0.7019619,-0.1605775,-0.6938763,0.0,0.0,0.0,0.0,0.0,0.0,0.0,4.028576,0.04039025,-0.68434,2.4343,-0.02726093,-3.282196,-0.0709985,0.9191765,-0.1126389,-0.3706568,15.05239,223.5546,357.2092,0.6183102,-0.005587875,-0.7859139,-0.05694181,0.009296129,-0.2815922,0.7963337,-0.3675328,-4.430543,0.4201206,0.2089598,1.992899,-0.7151458,-0.04701955,0.6973924,-0.214021,0.9645434,-0.1544379,-0.6654037,-0.2597022,-0.6998522,moving,45.33189,13.03006,11.90416,5.985716
05/15/2023 12:32:07.914293,3955,True,True,True,True,Eyes,2.457093,-0.02145642,-3.227659,-0.7063915,-0.1609689,-0.6892751,0.0,0.0,0.0,0.0,0.0,0.0,0.0,4.03474,0.03220063,-0.6594496,2.427758,-0.02774958,-3.289415,-0.0705164,0.9174682,-0.1143692,-0.3744321,15.22839,224.0547,357.4014,0.6171222,-0.005549244,-0.7868474,-0.05352531,0.00873836,-0.2646967,0.7755232,-0.3637214,-4.420042,0.42482,0.2089601,1.992901,-0.7096564,-0.0437461,0.7031889,-0.2150401,0.9638942,-0.1570529,-0.6709294,-0.2626674,-0.6934408,moving,45.70264,13.1449,12.03344,5.98572
05/15/2023 12:32:07.930338,3956,True,True,True,True,Eyes,2.454931,-0.02180929,-3.230742,-0.710825,-0.1613149,-0.6846206,0.0,0.0,0.0,0.0,0.0,0.0,0.0,4.040402,0.02954745,-0.6361418,2.421124,-0.02806763,-3.29663,-0.06971576,0.9160122,-0.114198,-0.3781799,15.18543,224.5397,357.5446,0.6159873,-0.005523315,-0.7877364,-0.05031379,0.008214058,-0.2488149,0.7567722,-0.3634369,-4.410096,0.428895,0.2089603,1.992902,-0.7042394,-0.04134618,0.7087578,-0.2140958,0.964197,-0.1564834,-0.6769121,-0.2619438,-0.6878777,moving,46.07581,13.25857,12.14545,5.985722
05/15/2023 12:32:07.939635,3957,True,True,True,True,Eyes,2.452558,-0.02215108,-3.233957,-0.715496,-0.161574,-0.6796759,0.0,0.0,0.0,0.0,0.0,0.0,0.0,4.045195,0.02863646,-0.6156769,2.414245,-0.02815627,-3.303652,-0.06926002,0.9146421,-0.1140353,-0.3816137,15.15695,224.9811,357.645,0.6148945,-0.00550851,-0.7885899,-0.04729496,0.007721215,-0.233886,0.7383521,-0.3687521,-4.399618,0.4331332,0.2089602,1.992902,-0.699148,-0.03966143,0.7138758,-0.2137311,0.964398,-0.1557417,-0.6822835,-0.261464,-0.6827338,moving,46.47071,13.37227,12.26185,5.985719
05/15/2023 12:32:07.959753,3958,True,True,True,True,Eyes,2.449974,-0.02245556,-3.237307,-0.7201275,-0.1616973,-0.6747372,0.0,0.0,0.0,0.0,0.0,0.0,0.0,4.049488,0.02634209,-0.5969572,2.407222,-0.02824472,-3.310572,-0.06836817,0.9134283,-0.1134147,-0.384853,15.05913,225.3991,357.7683,0.6138356,-0.005503457,-0.7894144,-0.04445726,0.007257942,-0.2198528,0.7193142,-0.366703,-4.39017,0.4374278,0.20896,1.992901,-0.6944282,-0.03760287,0.7185791,-0.2121948,0.9649258,-0.154569,-0.6875632,-0.2598158,-0.6780508,moving,46.86381,13.47649,12.37971,5.985715
05/15/2023 12:32:07.979691,3959,True,True,True,True,Eyes,2.447201,-0.02270221,-3.240804,-0.7250005,-0.1617977,-0.6694742,0.0,0.0,0.0,0.0,0.0,0.0,0.0,4.052503,0.02351975,-0.5823917,2.399591,-0.02768484,-3.317183,-0.06727612,0.9124655,-0.1122872,-0.3876497,14.89661,225.7583,357.8818,0.6128021,-0.005506254,-0.7902168,-0.04178983,0.006822465,-0.2066617,0.7008665,-0.3652361,-4.381312,0.4419578,0.2089599,1.9929,-0.6904034,-0.03571808,0.7225425,-0.2098305,0.965731,-0.1527573,-0.6923254,-0.2570755,-0.6742387,moving,47.28024,13.58665,12.50391,5.985716
05/15/2023 12:32:07.998668,3960,True,True,True,True,Eyes,2.444212,-0.02289891,-3.244407,-0.729823,-0.1617854,-0.6642168,0.0,0.0,0.0,0.0,0.0,0.0,0.0,4.056225,0.02845901,-0.5670786,2.392344,-0.02656366,-3.324353,-0.06736704,0.9113282,-0.1111914,-0.390614,14.79093,226.1255,357.8708,0.6117873,-0.005514688,-0.7910027,-0.03928244,0.006413118,-0.194262,0.6828377,-0.3611761,-4.373585,0.4461218,0.2089602,1.9929,-0.6857651,-0.03592114,0.7269363,-0.2096528,0.9661964,-0.1500347,-0.6969737,-0.2552927,-0.6701147,moving,47.69446,13.68915,12.61795,5.985722
05/15/2023 12:32:08.009645,3961,True,True,True,True,Eyes,2.441052,-0.02302779,-3.248136,-0.7348217,-0.1618697,-0.6586618,0.0,0.0,0.0,0.0,0.0,0.0,0.0,4.058473,0.03498933,-0.5525146,2.384158,-0.02559184,-3.33059,-0.06736733,0.9102656,-0.1095692,-0.3935387,14.62535,226.4842,357.8438,0.6107838,-0.005526977,-0.7917778,-0.03692549,0.00602833,-0.1826063,0.6648915,-0.3543072,-4.367192,0.450633,0.2089601,1.9929,-0.6811778,-0.0364049,0.7312123,-0.2088837,0.9669124,-0.1464508,-0.7016869,-0.2524974,-0.6662437,moving,48.12835,13.80712,12.7414,5.98572
05/15/2023 12:32:08.030477,3962,True,True,True,True,Eyes,2.43771,-0.02308547,-3.251987,-0.7397992,-0.1618534,-0.6530701,0.0,0.0,0.0,0.0,0.0,0.0,0.0,4.061974,0.03945652,-0.5347991,2.376788,-0.02409305,-3.337288,-0.06805713,0.9088573,-0.1095638,-0.3966641,14.66384,226.8766,357.8207,0.6097867,-0.005541059,-0.7925459,-0.03470996,0.005666631,-0.1716499,0.6476464,-0.3497772,-4.360562,0.4548046,0.2089603,1.992901,-0.6760517,-0.03678841,0.7359353,-0.2106285,0.966728,-0.1451641,-0.706109,-0.2531474,-0.6613069,moving,48.56301,13.91941,12.85544,5.985722
05/15/2023 12:32:08.039544,3963,True,True,True,True,Eyes,2.434199,-0.02310366,-3.255949,-0.7450479,-0.1615729,-0.6471459,0.0,0.0,0.0,0.0,0.0,0.0,0.0,4.065832,0.04305366,-0.51334,2.36908,-0.02246654,-3.344147,-0.06780925,0.9074368,-0.1082739,-0.4002963,14.52433,227.3328,357.8461,0.6087913,-0.005555,-0.7933107,-0.03262737,0.005326633,-0.1613509,0.6293511,-0.3434635,-4.353211,0.4591545,0.2089601,1.992901,-0.6703295,-0.03638194,0.7411712,-0.2097485,0.9673574,-0.1422158,-0.7118033,-0.250791,-0.6560792,moving,49.02254,14.01844,12.97426,5.985717
05/15/2023 12:32:08.059583,3964,True,True,True,True,Eyes,2.430521,-0.02304311,-3.260008,-0.7502741,-0.1613056,-0.6411468,0.0,0.0,0.0,0.0,0.0,0.0,0.0,4.069961,0.04364049,-0.4872646,2.361385,-0.0216319,-3.350716,-0.06562693,0.9061397,-0.1047756,-0.4045074,14.06224,227.8637,357.9814,0.6077933,-0.005567844,-0.7940754,-0.03066972,0.005007035,-0.1516698,0.6121091,-0.3436405,-4.344313,0.4636647,0.2089602,1.992901,-0.6641339,-0.03416935,0.7468325,-0.2036993,0.9694304,-0.1367894,-0.7193281,-0.2429757,-0.6507919,moving,49.48446,14.12191,13.09733,5.98572
05/15/2023 12:32:08.079197,3965,True,True,True,True,Eyes,2.426684,-0.02292278,-3.264196,-0.7557699,-0.1609524,-0.6347489,0.0,0.0,0.0,0.0,0.0,0.0,0.0,4.073948,0.04603246,-0.4604506,2.353697,-0.01968494,-3.357217,-0.06586949,0.9042926,-0.1046607,-0.4086104,14.07062,228.3873,358.015,0.6067896,-0.005577767,-0.7948427,-0.02882954,0.004706613,-0.1425696,0.5927844,-0.3371666,-4.334276,0.468298,0.20896,1.9929,-0.6573978,-0.03359964,0.7527946,-0.2046615,0.9694147,-0.1354579,-0.7252188,-0.2431178,-0.6441677,moving,49.97409,14.22852,13.22364,5.985717
05/15/2023 12:32:08.089424,3966,True,True,True,True,Eyes,2.422704,-0.02279202,-3.268462,-0.7613255,-0.1604484,-0.6282037,0.0,0.0,0.0,0.0,0.0,0.0,0.0,4.078346,0.06749824,-0.4254875,2.345527,-0.0181956,-3.364026,-0.06632978,0.9022277,-0.1007021,-0.4140587,13.68839,229.0466,357.8591,0.605776,-0.005583595,-0.7956154,-0.02709977,0.004424216,-0.1340155,0.5717431,-0.319417,-4.323694,0.472085,0.20896,1.992901,-0.6483115,-0.03629599,0.7605096,-0.2030823,0.970919,-0.1267835,-0.7337914,-0.2366413,-0.636829,moving,50.47243,14.32751,13.32677,5.985716
05/15/2023 12:32:08.110081,3967,True,True,True,True,Eyes,2.418596,-0.02265025,-3.272807,-0.7670181,-0.1604649,-0.6212361,0.0,0.0,0.0,0.0,0.0,0.0,0.0,4.082872,0.08424622,-0.3863373,2.338135,-0.01784676,-3.370311,-0.0665773,0.8998852,-0.09789083,-0.4197518,13.41914,229.7525,357.782,0.6047505,-0.00558548,-0.796395,-0.02547378,0.004158763,-0.1259745,0.5523751,-0.3176367,-4.310557,0.4765274,0.20896,1.992901,-0.6387522,-0.03764417,0.7684914,-0.2020035,0.9719697,-0.1202892,-0.7424222,-0.2320729,-0.6284521,moving,50.99472,14.48291,13.44764,5.985716
05/15/2023 12:32:08.129448,3968,True,True,True,True,Eyes,2.414355,-0.02246862,-3.277235,-0.7727332,-0.1606231,-0.6140714,0.0,0.0,0.0,0.0,0.0,0.0,0.0,4.08719,0.09529856,-0.3463783,2.330839,-0.01737253,-3.376547,-0.06885846,0.8969172,-0.09993285,-0.4252194,13.75808,230.456,357.7263,0.6037117,-0.005583551,-0.7971829,-0.02394535,0.003909237,-0.1184161,0.5288839,-0.304373,-4.293856,0.4809933,0.2089601,1.992901,-0.628894,-0.03853393,0.7765356,-0.2085074,0.9705438,-0.1207031,-0.7490107,-0.2378229,-0.618404,moving,51.52673,14.65848,13.56903,5.985717
05/15/2023 12:32:08.139575,3969,True,True,True,True,Eyes,2.410009,-0.02228313,-3.281717,-0.7784757,-0.1610207,-0.6066695,0.0,0.0,0.0,0.0,0.0,0.0,0.0,4.091388,0.113835,-0.3028588,2.323414,-0.01619308,-3.383137,-0.07123567,0.8938167,-0.1002954,-0.4312287,13.92958,231.216,357.5883,0.6026574,-0.005577213,-0.7979803,-0.02250863,0.003674683,-0.1113111,0.5064631,-0.295505,-4.275057,0.4851467,0.20896,1.992901,-0.6179349,-0.0408427,0.7851679,-0.2138438,0.9697326,-0.1178538,-0.7565894,-0.2407292,-0.6079655,moving,52.07056,14.86458,13.68181,5.985715
05/15/2023 12:32:08.159646,3970,True,True,True,True,Eyes,2.405568,-0.02205735,-3.286266,-0.7841646,-0.1617121,-0.599112,0.0,0.0,0.0,0.0,0.0,0.0,0.0,4.09496,0.1297047,-0.2604041,2.316598,-0.01584896,-3.389166,-0.07298746,0.8908501,-0.1004324,-0.437004,14.04784,231.9526,357.5031,0.6015869,-0.005566816,-0.7987876,-0.02115811,0.003454202,-0.1046324,0.4867619,-0.3073849,-4.254123,0.4894353,0.2089602,1.992902,-0.607401,-0.04226306,0.7932706,-0.2178205,0.9691724,-0.1151488,-0.7639495,-0.242732,-0.597882,moving,52.6197,15.10528,13.79815,5.98572
05/15/2023 12:32:08.179255,3971,True,True,True,True,Eyes,2.401013,-0.02176325,-3.290893,-0.7898363,-0.1625436,-0.5913867,0.0,0.0,0.0,0.0,0.0,0.0,0.0,4.098185,0.1426367,-0.2219868,2.309854,-0.0145808,-3.395453,-0.07591301,0.8877516,-0.1030485,-0.4421713,14.48319,232.6255,357.4159,0.6004996,-0.00555178,-0.7996055,-0.01988863,0.00324695,-0.09835449,0.4657669,-0.3134764,-4.23164,0.4938295,0.2089602,1.992901,-0.5974438,-0.04365361,0.8007219,-0.2259139,0.9672365,-0.1158298,-0.7694311,-0.250096,-0.5877314,moving,53.17612,15.36835,13.91724,5.985721
05/15/2023 12:32:08.189949,3972,True,True,True,True,Eyes,2.396356,-0.02141573,-3.295599,-0.7954842,-0.1632084,-0.583582,0.0,0.0,0.0,0.0,0.0,0.0,0.0,4.100591,0.1650231,-0.1854663,2.30256,-0.01259711,-3.402136,-0.07824778,0.8850248,-0.1020547,-0.4474298,14.51673,233.2825,357.2067,0.5993938,-0.005530886,-0.8004348,0.0,0.0,0.0,0.4460689,-0.318122,-4.209629,0.4980878,0.2089602,1.992901,-0.587368,-0.04717782,0.8079441,-0.229827,0.9669243,-0.1106211,-0.7760018,-0.2506626,-0.578783,moving,53.73553,15.62453,14.03252,5.985721
05/15/2023 12:32:08.209778,3973,True,True,True,True,Eyes,2.391587,-0.02102347,-3.300351,-0.8009081,-0.163649,-0.5759906,0.0,0.0,0.0,0.0,0.0,0.0,0.0,4.10248,0.1902539,-0.1519713,2.295457,-0.01097898,-3.408868,-0.07965223,0.8827236,-0.09867328,-0.4524578,14.25755,233.8969,356.9641,0.5982693,-0.005503418,-0.8012759,0.0,0.0,0.0,0.4290493,-0.3328181,-4.188608,0.5024707,0.2089602,1.992901,-0.577875,-0.05133083,0.8145096,-0.2299128,0.9678382,-0.1021239,-0.7830714,-0.246281,-0.571091,moving,54.27737,15.86077,14.15106,5.98572
05/15/2023 12:32:08.229287,3974,True,True,True,True,Eyes,2.269729,-0.01034309,-3.421095,-0.9151503,-0.1650329,-0.3677827,0.0,0.0,0.0,0.0,0.0,0.0,0.0,4.103411,0.2182432,-0.120892,2.288296,-0.009470671,-3.415237,-0.08193862,0.8803628,-0.09613115,-0.4571719,14.13342,234.4724,356.6673,0.5971258,-0.005468956,-0.8021287,0.0,0.0,0.0,0.4102733,-0.334011,-4.16912,0.5069514,0.2089604,1.992902,-0.5685597,-0.05637451,0.8207079,-0.2321683,0.9680898,-0.09434052,-0.7892006,-0.2441806,-0.5635051,moving,68.10568,24.16691,14.27211,5.985725
05/15/2023 12:32:08.239983,3975,True,True,True,True,Eyes,2.26944,-0.01031122,-3.421353,-0.9152676,-0.164761,-0.3676126,0.0,0.0,0.0,0.0,0.0,0.0,0.0,4.104247,0.2477827,-0.08271646,2.28087,-0.008222595,-3.422082,-0.08330207,0.8777818,-0.09176332,-0.4627521,13.7799,235.1574,356.3804,0.5926701,-0.005166317,-0.8054284,-0.3655751,0.03204113,-0.3622341,0.3913681,-0.3257981,-4.151883,0.5112931,0.2089601,1.992901,-0.5578426,-0.06131475,0.8276789,-0.2311694,0.9692805,-0.08399992,-0.7971025,-0.2381927,-0.5548801,moving,68.11739,24.14154,14.3893,5.985718
05/15/2023 12:32:08.259406,3976,True,True,True,True,Eyes,2.268877,-0.01025769,-3.421865,-0.9155802,-0.1644819,-0.3669588,0.0,0.0,0.0,0.0,0.0,0.0,0.0,4.105057,0.2676037,-0.04237938,2.27362,-0.007455602,-3.428629,-0.08383269,0.8750845,-0.08847284,-0.4683714,13.49568,235.8685,356.2354,0.5887413,-0.004901284,-0.8083062,-0.3436406,0.03011866,-0.3405001,0.3738705,-0.3228694,-4.134855,0.5155368,0.20896,1.9929,-0.5472007,-0.06384507,0.8345629,-0.2295977,0.9702893,-0.07631277,-0.8048953,-0.2333721,-0.5456016,moving,68.1594,24.14335,14.50372,5.985719
05/15/2023 12:32:08.279362,3977,True,True,True,True,Eyes,2.268069,-0.01020253,-3.422616,-0.915992,-0.1641595,-0.3660744,0.0,0.0,0.0,0.0,0.0,0.0,0.0,4.10603,0.2815751,0.001762867,2.266454,-0.006881699,-3.43539,-0.08466936,0.8719383,-0.08738236,-0.4742564,13.45573,236.6338,356.1814,0.5851786,-0.004661344,-0.8108906,-0.3230221,0.02831155,-0.3200701,0.3539679,-0.3122568,-4.115102,0.5199516,0.20896,1.9929,-0.5358241,-0.06476963,0.8418417,-0.2305362,0.9703909,-0.07207409,-0.8122473,-0.232694,-0.5348905,moving,68.21597,24.15299,14.62261,5.985717
05/15/2023 12:32:08.289356,3978,True,True,True,True,Eyes,2.267026,-0.01015295,-3.423587,-0.9165554,-0.1640327,-0.3647182,0.0,0.0,0.0,0.0,0.0,0.0,0.0,4.106718,0.2899124,0.0459075,2.259574,-0.006808877,-3.441739,-0.08478435,0.8688557,-0.08651364,-0.4800175,13.39904,237.3936,356.2115,0.5819411,-0.004443981,-0.8132185,-0.3036408,0.02661285,-0.3008659,0.3347045,-0.3032612,-4.094396,0.5242365,0.20896,1.9929,-0.5247897,-0.0642746,0.848802,-0.2303869,0.9706541,-0.06893977,-0.8194619,-0.2317317,-0.5241972,moving,68.30127,24.21592,14.73789,5.985718
05/15/2023 12:32:08.309580,3979,True,True,True,True,Eyes,2.265755,-0.01012153,-3.42477,-0.9171916,-0.1640772,-0.3630953,0.0,0.0,0.0,0.0,0.0,0.0,0.0,4.107289,0.2953083,0.09090471,2.25289,-0.006859869,-3.448148,-0.08593626,0.8653674,-0.08845232,-0.4857268,13.68422,238.1657,356.2938,0.5789914,-0.004247068,-0.8153223,-0.2854224,0.02501608,-0.2828139,0.3163612,-0.3020766,-4.071506,0.5285181,0.20896,1.9929,-0.513369,-0.06280553,0.8558668,-0.2346602,0.9695823,-0.06960445,-0.8254617,-0.2365706,-0.5124916,moving,68.40251,24.31748,14.85296,5.98572
05/15/2023 12:32:08.329424,3980,True,True,True,True,Eyes,2.264265,-0.01008631,-3.426148,-0.9179639,-0.1643003,-0.3610369,0.0,0.0,0.0,0.0,0.0,0.0,0.0,4.107617,0.2936025,0.1356454,2.245978,-0.007232964,-3.454367,-0.08631916,0.8619151,-0.09088159,-0.4913165,13.97417,238.9378,356.485,0.5762959,-0.00406901,-0.8172307,-0.268297,0.02351512,-0.2658451,0.2985535,-0.3000648,-4.048309,0.5331144,0.2089601,1.992901,-0.5023143,-0.05949632,0.8626359,-0.2381028,0.9685791,-0.07184439,-0.8312565,-0.2414845,-0.5006973,moving,68.53019,24.46928,14.97634,5.985719
05/15/2023 12:32:08.339928,3981,True,True,True,True,Eyes,2.262553,-0.01004521,-3.427708,-0.9188191,-0.1645824,-0.3587259,0.0,0.0,0.0,0.0,0.0,0.0,0.0,4.107703,0.2897945,0.1805654,2.239225,-0.007085443,-3.460581,0.0865916,-0.858425,0.09356847,0.4968436,14.28161,239.7104,356.7058,0.5738248,-0.003907859,-0.8189685,-0.2521992,0.02210421,-0.2498944,0.2829899,-0.3094592,-4.024232,0.5372401,0.2089602,1.992901,-0.491297,-0.05568699,0.8692103,-0.2416426,0.9674937,-0.07459808,-0.8368014,-0.246688,-0.488783,moving,68.6733,24.64552,15.08698,5.985721
05/15/2023 12:32:08.359676,3982,True,True,True,True,Eyes,2.260625,-0.01001563,-3.429456,-0.91985,-0.1647587,-0.3559926,0.0,0.0,0.0,0.0,0.0,0.0,0.0,4.106714,0.29086,0.2259741,2.232193,-0.006867915,-3.466703,0.08689461,-0.8549333,0.0950473,0.5024984,14.46846,240.4921,356.859,0.5715504,-0.003761768,-0.820558,-0.2370673,0.02077796,-0.2349007,0.2675396,-0.3183187,-3.999982,0.5416397,0.2089601,1.9929,-0.4798895,-0.05305592,0.8757234,-0.2441004,0.9668307,-0.07518938,-0.842687,-0.249847,-0.4769229,moving,68.84299,24.8354,15.20484,5.985719
05/15/2023 12:32:08.379841,3983,True,True,True,True,Eyes,2.258486,-0.01001342,-3.431354,-0.9209597,-0.1648898,-0.3530505,0.0,0.0,0.0,0.0,0.0,0.0,0.0,4.105102,0.2938185,0.27422,2.225055,-0.007147536,-3.473104,0.08609956,-0.8515301,0.09406863,0.5085613,14.34609,241.3145,356.9852,0.5694482,-0.003629514,-0.8220189,-0.2228432,0.01953128,-0.2208066,0.2528029,-0.3269498,-3.975643,0.5460387,0.20896,1.992901,-0.467905,-0.05095339,0.8823091,-0.242312,0.967476,-0.07263076,-0.849912,-0.2477784,-0.4650335,moving,69.02564,25.0346,15.32254,5.985716
05/15/2023 12:32:08.389558,3984,True,True,True,True,Eyes,2.25614,-0.01001902,-3.433433,-0.9221927,-0.1650697,-0.3497325,0.0,0.0,0.0,0.0,0.0,0.0,0.0,4.103187,0.2958491,0.319932,2.218126,-0.007770121,-3.47935,0.08574163,-0.8481163,0.09421836,0.5142666,14.35945,242.1004,357.1285,0.5674967,-0.003510419,-0.8233679,-0.2094726,0.0183594,-0.2075582,0.2377287,-0.3319539,-3.950997,0.5502623,0.2089602,1.992902,-0.4563568,-0.04853104,0.8884726,-0.2423445,0.9675425,-0.07162815,-0.8561589,-0.2480043,-0.4533058,moving,69.23126,25.26677,15.43542,5.985718
05/15/2023 12:32:08.409317,3985,True,True,True,True,Eyes,2.253593,-0.01004318,-3.435674,-0.9238036,-0.1649622,-0.3455059,0.0,0.0,0.0,0.0,0.0,0.0,0.0,4.100756,0.3014271,0.3636312,2.210772,-0.007799596,-3.485932,0.08615363,-0.8446347,0.0947228,0.519805,14.45257,242.8647,357.2143,0.5656753,-0.00340333,-0.8246207,-0.1969043,0.01725784,-0.1951047,0.2211253,-0.3270407,-3.925707,0.5546129,0.2089602,1.992902,-0.4447602,-0.04706188,0.8944122,-0.2440114,0.9672104,-0.07044616,-0.8617693,-0.2495785,-0.4416603,moving,69.49402,25.52219,15.55157,5.985719
05/15/2023 12:32:08.429334,3986,True,True,True,True,Eyes,2.250853,-0.01010041,-3.438085,-0.9255153,-0.1648125,-0.3409667,0.0,0.0,0.0,0.0,0.0,0.0,0.0,4.097688,0.3075583,0.4071841,2.2034,-0.008305803,-3.492333,0.08562288,-0.8413936,0.0932623,0.5253834,14.29475,243.6211,357.274,0.5639659,-0.003307484,-0.8257912,-0.18509,0.01622237,-0.1833985,0.2060828,-0.3269756,-3.900939,0.5591307,0.2089602,1.992902,-0.4332822,-0.04608813,0.9000794,-0.242082,0.9679418,-0.06697092,-0.8681379,-0.2469103,-0.4305489,moving,69.77583,25.79765,15.67206,5.985721
05/15/2023 12:32:08.439481,3987,True,True,True,True,Eyes,2.247912,-0.01017967,-3.440643,-0.9274742,-0.1645137,-0.3357483,0.0,0.0,0.0,0.0,0.0,0.0,0.0,4.094522,0.3120269,0.4500003,2.196031,-0.009337589,-3.498906,0.08524831,-0.838068,0.09268404,0.5308337,14.23245,244.372,357.3694,0.5623526,-0.003222573,-0.826891,-0.1739846,0.01524903,-0.1723945,0.191849,-0.3295843,-3.877053,0.5632571,0.20896,1.992899,-0.4218965,-0.04448813,0.9055517,-0.2412874,0.9682848,-0.06484572,-0.873947,-0.2458564,-0.4192505,moving,70.0996,26.10445,15.78199,5.985719
05/15/2023 12:32:08.459716,3988,True,True,True,True,Eyes,2.244787,-0.01029949,-3.443357,-0.9294883,-0.1642183,-0.3302783,0.0,0.0,0.0,0.0,0.0,0.0,0.0,4.090277,0.3171677,0.4890485,2.188007,-0.01000407,-3.504662,0.08532625,-0.8348477,0.09260722,0.5358851,14.24543,245.0731,357.4445,0.5608214,-0.003148064,-0.8279306,-0.1635455,0.01433408,-0.1620509,0.176679,-0.3242818,-3.853289,0.5678161,0.2089599,1.9929,-0.4110933,-0.04321518,0.9105684,-0.2417225,0.9682867,-0.0631757,-0.878961,-0.2460759,-0.4085022,moving,70.43817,26.43712,15.90329,5.985716
05/15/2023 12:32:08.479834,3989,True,True,True,True,Eyes,2.241486,-0.01047825,-3.446241,-0.9316462,-0.1638864,-0.3243091,0.0,0.0,0.0,0.0,0.0,0.0,0.0,4.086387,0.3251663,0.5280704,2.180426,-0.01110373,-3.511234,0.08555234,-0.8315962,0.09217302,0.5409553,14.23275,245.7739,357.483,0.5593586,-0.003083868,-0.8289198,-0.1537328,0.01347404,-0.1523278,0.1626255,-0.3224163,-3.830068,0.5719306,0.20896,1.992901,-0.4000963,-0.04256703,0.915484,-0.242013,0.9683699,-0.06074148,-0.8839415,-0.2458614,-0.397743,moving,70.80682,26.80931,16.01263,5.985716
05/15/2023 12:32:08.489477,3990,True,True,True,True,Eyes,2.238018,-0.01071907,-3.449258,-0.9338019,-0.1637784,-0.3181046,0.0,0.0,0.0,0.0,0.0,0.0,0.0,4.081303,0.3343194,0.5658321,2.172381,-0.01278125,-3.517038,0.08629856,-0.8282434,0.09263062,0.5458802,14.33901,246.4651,357.526,0.557953,-0.003030396,-0.8298668,-0.1445088,0.0126656,-0.1431881,0.1489212,-0.3229786,-3.807249,0.5762535,0.2089599,1.9929,-0.389135,-0.04182198,0.9202311,-0.2440829,0.9679443,-0.05922404,-0.8882556,-0.2476588,-0.386869,moving,71.18832,27.242,16.1274,5.985717
05/15/2023 12:32:08.509841,3991,True,True,True,True,Eyes,2.234375,-0.01100144,-3.452407,-0.9360448,-0.1637395,-0.3114634,0.0,0.0,0.0,0.0,0.0,0.0,0.0,4.076442,0.3461558,0.6033306,2.164852,-0.01446813,-3.523409,0.0880712,-0.8246319,0.09457214,0.5507106,14.6538,247.159,357.5659,0.5565949,-0.002988095,-0.8307785,-0.1358383,0.01190566,-0.1345969,0.1359567,-0.3234444,-3.78507,0.5805876,0.20896,1.9929,-0.377923,-0.0410889,0.924925,-0.2494164,0.9665992,-0.05897091,-0.8916087,-0.2529779,-0.3755483,moving,71.59544,27.73137,16.24232,5.985718
05/15/2023 12:32:08.529240,3992,True,True,True,True,Eyes,2.23056,-0.01132129,-3.455691,-0.9383113,-0.1636932,-0.3045923,0.0,0.0,0.0,0.0,0.0,0.0,0.0,4.070297,0.3612851,0.6418123,2.156864,-0.01575357,-3.529512,0.08973194,-0.8210018,0.09526383,0.555724,14.84209,247.8667,357.5418,0.5552747,-0.002956842,-0.8316615,-0.127688,0.01119132,-0.126521,0.1235588,-0.3285415,-3.762139,0.5849241,0.2089602,1.992901,-0.3662381,-0.04145936,0.9295972,-0.253221,0.9657459,-0.05669115,-0.8954043,-0.2561559,-0.3641914,moving,72.01566,28.25435,16.35717,5.98572
05/15/2023 12:32:08.539554,3993,True,True,True,True,Eyes,2.226587,-0.0116775,-3.459133,-0.9406708,-0.1634566,-0.2973557,0.0,0.0,0.0,0.0,0.0,0.0,0.0,4.063775,0.3775228,0.6825647,2.148921,-0.01697278,-3.536175,0.09064503,-0.8174158,0.09406707,0.5610404,14.80291,248.5998,357.4723,0.5539846,-0.002936445,-0.8325215,-0.1200267,0.01051984,-0.1189298,0.1130525,-0.34087,-3.738898,0.5895221,0.2089603,1.992902,-0.3540344,-0.04263851,0.93426,-0.2537402,0.9658697,-0.05207278,-0.9001531,-0.2554949,-0.3527703,moving,72.45772,28.79762,16.47879,5.985721
05/15/2023 12:32:08.559609,3994,True,True,True,True,Eyes,2.222449,-0.01207956,-3.462711,-0.9430581,-0.1630511,-0.2899236,0.0,0.0,0.0,0.0,0.0,0.0,0.0,4.056787,0.3891885,0.7243943,2.140795,-0.01827976,-3.542654,0.09054845,-0.8139294,0.0920028,0.566441,14.61651,249.3427,357.4429,0.5527169,-0.002926695,-0.8333637,-0.1128251,0.009888652,-0.111794,0.1020511,-0.3490604,-3.715222,0.5937346,0.2089601,1.992901,-0.3418914,-0.04317179,0.9387473,-0.2516284,0.9666729,-0.04718688,-0.9054245,-0.2523483,-0.3413603,moving,72.91104,29.35311,16.5901,5.985718
05/15/2023 12:32:08.579496,3995,True,True,True,True,Eyes,2.218173,-0.01253627,-3.46645,-0.945496,-0.1624966,-0.2821918,0.0,0.0,0.0,0.0,0.0,0.0,0.0,4.050279,0.3970519,0.7655945,2.13271,-0.01982425,-3.549605,0.0897506,-0.8105791,0.08949467,0.5717492,14.34232,250.0738,357.4465,0.551465,-0.002927634,-0.8341926,-0.1060556,0.009295332,-0.1050863,0.09032542,-0.3498119,-3.691544,0.5978501,0.2089599,1.9929,-0.3300955,-0.04316292,0.9429603,-0.2478369,0.9678711,-0.04245533,-0.9108316,-0.2477147,-0.3301872,moving,73.38179,29.93495,16.69872,5.985714
05/15/2023 12:32:08.589446,3996,True,True,True,True,Eyes,2.213753,-0.01305148,-3.470316,-0.9478889,-0.1620104,-0.2743344,0.0,0.0,0.0,0.0,0.0,0.0,0.0,4.043744,0.4065194,0.8039198,2.124817,-0.02167591,-3.556415,0.08959238,-0.8072444,0.0879178,0.5767152,14.19843,250.7675,357.4437,0.5502229,-0.002939517,-0.8350124,-0.09969229,0.008737613,-0.09878117,0.07793345,-0.3451834,-3.667569,0.6021234,0.20896,1.9929,-0.3187459,-0.04323884,0.9468536,-0.2460529,0.9684873,-0.03860369,-0.9153466,-0.2452808,-0.3193404,moving,73.8587,30.56432,16.81137,5.985718
05/15/2023 12:32:08.609805,3997,True,True,True,True,Eyes,2.2092,-0.01360465,-3.474325,-0.9502474,-0.1615767,-0.2663136,0.0,0.0,0.0,0.0,0.0,0.0,0.0,4.037926,0.418006,0.8368044,2.116929,-0.02358541,-3.563406,0.09043457,-0.8040077,0.08783624,0.5811008,14.26134,251.3948,357.4372,0.5489864,-0.002962657,-0.8358257,-0.09371075,0.008213356,-0.0928543,0.06549702,-0.3374301,-3.644528,0.6065778,0.2089601,1.9929,-0.308287,-0.04333675,0.9503058,-0.2475036,0.9682128,-0.03613881,-0.9185321,-0.2463452,-0.3092135,moving,74.34409,31.24586,16.92864,5.98572
05/15/2023 12:32:08.629282,3998,True,True,True,True,Eyes,2.204506,-0.014201,-3.478448,-0.9525571,-0.161202,-0.2581646,0.0,0.0,0.0,0.0,0.0,0.0,0.0,4.031286,0.4320829,0.8697052,2.108926,-0.02508712,-3.570174,0.09173665,-0.8006604,0.08791699,0.5854895,14.37132,252.025,357.3996,0.5477509,-0.002996839,-0.8366359,-0.0880881,0.007720555,-0.08728304,0.05442717,-0.3345435,-3.622291,0.6110811,0.2089602,1.992901,-0.2975731,-0.04395089,0.9536869,-0.2498488,0.96771,-0.03336162,-0.9214262,-0.248205,-0.2989455,moving,74.83583,31.9813,17.04705,5.985721
05/15/2023 12:32:08.639610,3999,True,True,True,True,Eyes,2.199702,-0.01485379,-3.482722,-0.9548489,-0.1607582,-0.2498406,0.0,0.0,0.0,0.0,0.0,0.0,0.0,4.024416,0.4445685,0.9037075,2.100873,-0.0267109,-3.577132,0.09264518,-0.7972815,0.08765102,0.5899801,14.42324,252.6703,357.3781,0.5465121,-0.003042014,-0.8374455,-0.08280282,0.007257321,-0.08204605,0.04499257,-0.3388722,-3.60251,0.6152547,0.2089602,1.992901,-0.2866808,-0.04430384,0.9570012,-0.2511532,0.9674684,-0.03044745,-0.9245195,-0.2490827,-0.2884817,moving,75.33702,32.75898,17.15667,5.985721
05/15/2023 12:32:08.659476,4000,True,True,True,True,Eyes,2.194784,-0.01555781,-3.4871,-0.9570664,-0.1603725,-0.2414634,0.0,0.0,0.0,0.0,0.0,0.0,0.0,4.017822,0.450865,0.9385982,2.093105,-0.02881043,-3.584023,0.0925137,-0.7940194,0.08702753,0.5944752,14.37086,253.3196,357.4296,0.5452669,-0.00309843,-0.8382565,-0.07783465,0.006821882,-0.07712329,0.03601388,-0.3447567,-3.581954,0.6196585,0.2089602,1.992901,-0.2760812,-0.04344393,0.960152,-0.2503867,0.9677348,-0.02820892,-0.927947,-0.2481972,-0.278051,moving,75.84004,33.59089,17.27219,5.985721
05/15/2023 12:32:08.679968,4001,True,True,True,True,Eyes,2.189766,-0.01626998,-3.491602,-0.9591963,-0.1600767,-0.233062,0.0,0.0,0.0,0.0,0.0,0.0,0.0,4.012759,0.4570387,0.9665179,2.085464,-0.03073396,-3.590985,0.0929133,-0.7911106,0.08738989,0.598226,14.44417,253.8736,357.4875,0.5440133,-0.00316618,-0.8390704,-0.07316457,0.006412569,-0.07249589,0.02702371,-0.3485918,-3.561226,0.6240144,0.2089601,1.992901,-0.2669857,-0.04245158,0.9627651,-0.2515672,0.9674603,-0.02710384,-0.9302863,-0.2494364,-0.2689776,moving,76.34313,34.4829,17.38631,5.985721
05/15/2023 12:32:08.689333,4002,True,True,True,True,Eyes,2.184612,-0.01698885,-3.496194,-0.9612823,-0.1596598,-0.2246,0.0,0.0,0.0,0.0,0.0,0.0,0.0,4.007927,0.4700097,0.9893432,2.077893,-0.03168826,-3.597852,0.09419627,-0.7884769,0.08727408,0.6015103,14.53357,254.3494,357.4214,0.5427482,-0.003244352,-0.839889,0.0,0.0,0.0,0.0179955,-0.3485239,-3.540711,0.6283742,0.20896,1.9929,-0.2586251,-0.04355065,0.9649957,-0.2535357,0.9670206,-0.02430714,-0.932112,-0.2509472,-0.2611374,moving,76.84898,35.4076,17.5004,5.985717
05/15/2023 12:32:08.709582,4003,True,True,True,True,Eyes,2.179377,-0.01767373,-3.50092,-0.963325,-0.159211,-0.2160019,0.0,0.0,0.0,0.0,0.0,0.0,0.0,4.000591,0.4850276,1.018714,2.069489,-0.03260295,-3.604707,0.0944719,-0.7856392,0.08430398,0.6055898,14.2934,254.9081,357.2594,0.5414699,-0.003332013,-0.8407134,0.0,0.0,0.0,0.01004754,-0.3525279,-3.523698,0.632548,0.2089601,1.9929,-0.2486721,-0.0463344,0.9674789,-0.2505489,0.9679358,-0.01804256,-0.9356214,-0.2468875,-0.2523077,moving,77.36187,36.39323,17.60948,5.985721
05/15/2023 12:32:08.729779,4004,True,True,True,True,Eyes,2.174008,-0.01830344,-3.505721,-0.9653305,-0.1587223,-0.20723,0.0,0.0,0.0,0.0,0.0,0.0,0.0,3.992556,0.5012461,1.049543,2.061953,-0.03258802,-3.611173,0.09557058,-0.7825145,0.08272125,0.6096677,14.24057,255.4854,357.1197,0.5401764,-0.003427416,-0.8415447,0.0,0.0,0.0,0.002553786,-0.3574759,-3.508613,0.6370385,0.2089601,1.9929,-0.2383435,-0.04870581,0.969959,-0.2504357,0.968047,-0.01292857,-0.9383361,-0.2459937,-0.2429254,moving,77.88406,37.44934,17.72669,5.98572
05/15/2023 12:32:08.739971,4005,True,True,True,True,Eyes,2.174008,-0.01830344,-3.505721,-0.9653305,-0.1587223,-0.20723,0.0,0.0,0.0,0.0,0.0,0.0,0.0,3.980792,0.5201089,1.090551,2.053403,-0.0319176,-3.617876,0.09658127,-0.7785822,0.08020066,0.6148576,14.10224,256.2188,356.9402,0.5388663,-0.003528411,-0.8423838,0.0,0.0,0.0,-0.006956,-0.3520825,-3.490794,0.6413656,0.2089601,1.992901,-0.2252446,-0.05176893,0.9729261,-0.2490169,0.9684798,-0.006118147,-0.9419426,-0.2436531,-0.2310362,moving,77.88406,37.44934,17.83948,5.985718
05/15/2023 12:32:08.759689,4006,True,True,True,True,Eyes,2.174008,-0.01830344,-3.505721,-0.9653305,-0.1587223,-0.20723,0.0,0.0,0.0,0.0,0.0,0.0,0.0,3.969456,0.5294892,1.13336,2.045503,-0.03009255,-3.624424,0.0964829,-0.7747371,0.07765341,0.6200351,13.88462,256.9591,356.8584,0.5376863,-0.003619282,-0.8431371,0.0,0.0,0.0,-0.01431008,-0.3519999,-3.471603,0.6457977,0.2089602,1.992901,-0.2124952,-0.05320208,0.9757128,-0.2457934,0.969322,-0.0006763649,-0.945744,-0.2399675,-0.219053,moving,77.88406,37.44934,17.95487,5.985722
05/15/2023 12:32:08.779451,4007,True,True,True,True,Eyes,2.167866,-0.01875312,-3.511078,-0.9677092,-0.1578799,-0.1965016,0.0,0.0,0.0,0.0,0.0,0.0,0.0,3.956336,0.5390264,1.17958,2.036758,-0.02828124,-3.631166,0.09608167,-0.7706126,0.07433545,0.6256189,13.57916,257.7558,356.7521,0.5366235,-0.00370105,-0.8438136,0.0,0.0,0.0,-0.02223681,-0.3487697,-3.44719,0.6499945,0.2089602,1.992901,-0.1987388,-0.05507214,0.9785041,-0.2410947,0.9704851,0.005653355,-0.949935,-0.2347886,-0.2061506,moving,78.52167,38.78025,18.06399,5.98572
05/15/2023 12:32:08.789370,4008,True,True,True,True,Eyes,2.161659,-0.01908426,-3.516465,-0.9698873,-0.157452,-0.1858159,0.0,0.0,0.0,0.0,0.0,0.0,0.0,3.946375,0.5327414,1.22179,2.028994,-0.02815557,-3.637698,0.09367663,-0.7671288,0.07147212,0.6305791,13.16745,258.4761,356.8452,0.5355009,-0.003785457,-0.8445261,0.0,0.0,0.0,-0.02888351,-0.3403882,-3.426306,0.6506123,0.2089603,1.992902,-0.1871897,-0.05358642,0.9808613,-0.2338617,0.9722329,0.008484431,-0.9540802,-0.2277977,-0.1945237,moving,79.15441,40.27644,18.08004,5.985721
05/15/2023 12:32:08.809292,4009,True,True,True,True,Eyes,2.155342,-0.01929823,-3.52186,-0.9720297,-0.1571425,-0.1745408,0.0,0.0,0.0,0.0,0.0,0.0,0.0,3.939401,0.5415125,1.245673,2.021223,-0.02554861,-3.643875,0.09659271,-0.7637573,0.07575745,0.6337234,13.77719,259.0005,356.9588,0.534324,-0.003869275,-0.8452708,0.0,0.0,0.0,-0.03604924,-0.3292295,-3.404197,0.6506119,0.2089602,1.992901,-0.1781288,-0.05152822,0.9826571,-0.2435653,0.9698613,0.006705525,-0.9533866,-0.2381467,-0.1853107,static,79.82027,41.99733,18.08003,5.985721
05/15/2023 12:32:08.829522,4010,True,True,True,True,Eyes,2.148977,-0.01947407,-3.527259,-0.9740483,-0.1567222,-0.1633039,0.0,0.0,0.0,0.0,0.0,0.0,0.0,3.929426,0.5469062,1.278167,2.012336,-0.02293772,-3.650095,0.09667193,-0.7604548,0.07417901,0.6378563,13.65914,259.6084,356.9089,0.5330959,-0.00394974,-0.8460455,0.0,0.0,0.0,-0.04304913,-0.3138397,-3.385432,0.6506121,0.2089603,1.992901,-0.1675878,-0.05239817,0.9844635,-0.2416603,0.9703041,0.01050604,-0.9557794,-0.2361451,-0.1752737,static,80.4826,43.82181,18.08004,5.985724
05/15/2023 12:32:08.839849,4011,True,True,True,True,Eyes,2.142569,-0.0195975,-3.532633,-0.9758815,-0.1569929,-0.151686,0.0,0.0,0.0,0.0,0.0,0.0,0.0,3.92066,0.5435629,1.310199,2.004833,-0.02222294,-3.655653,0.09559451,-0.7574184,0.07315093,0.6417383,13.50352,260.1918,356.998,0.5318208,-0.004026262,-0.8468472,0.0,0.0,0.0,-0.04557016,-0.3310139,-3.372451,0.6506119,0.2089601,1.9929,-0.1580675,-0.05092258,0.9861146,-0.2386976,0.9710212,0.01188159,-0.9581432,-0.2335051,-0.165642,static,81.16494,45.98495,18.08004,5.985721
05/15/2023 12:32:08.859756,4012,True,True,True,True,Eyes,2.136086,-0.01961158,-3.538001,-0.977537,-0.157386,-0.140182,0.0,0.0,0.0,0.0,0.0,0.0,0.0,3.913421,0.5611161,1.328339,1.99745,-0.02092822,-3.66114,0.09983729,-0.7541592,0.07833394,0.6443137,14.28857,260.6495,357.0636,0.5305023,-0.004097989,-0.8476734,0.0,0.0,0.0,-0.05197008,-0.3248875,-3.356699,0.6506119,0.2089601,1.9929,-0.1497847,-0.04964316,0.9874716,-0.2515297,0.9677926,0.01050054,-0.956189,-0.2468056,-0.1574472,static,81.83924,48.3089,18.08004,5.985721
05/15/2023 12:32:08.879505,4013,True,True,True,True,Eyes,2.129556,-0.01955712,-3.543384,-0.9791043,-0.1577177,-0.128374,0.0,0.0,0.0,0.0,0.0,0.0,0.0,3.90467,0.5757421,1.349875,1.989185,-0.01828957,-3.666456,0.1018929,-0.751282,0.07845104,0.647332,14.46537,261.1115,356.9493,0.5291436,-0.004162753,-0.8485219,0.0,0.0,0.0,-0.05736938,-0.3178014,-3.341701,0.6506119,0.2089603,1.992901,-0.141158,-0.05153288,0.9886448,-0.2546683,0.9669266,0.01403942,-0.9566704,-0.2497948,-0.1496133,static,82.53034,50.85619,18.08003,5.985722
05/15/2023 12:32:08.889470,4014,True,True,True,True,Eyes,2.122969,-0.01944182,-3.548747,-0.9805168,-0.1580379,-0.116665,0.0,0.0,0.0,0.0,0.0,0.0,0.0,3.894402,0.5878631,1.377303,1.981443,-0.01666506,-3.671855,0.101728,-0.7486283,0.07414194,0.6509302,14.08996,261.6061,356.7025,0.5277474,-0.004219592,-0.8493907,0.0,0.0,0.0,-0.0581509,-0.3428556,-3.330262,0.6506121,0.2089602,1.992901,-0.1318828,-0.05579039,0.9896941,-0.2488353,0.9683088,0.02142606,-0.9595249,-0.2434451,-0.1415858,static,83.21467,53.56493,18.08004,5.985722
05/15/2023 12:32:08.909597,4015,True,True,True,True,Eyes,2.116303,-0.01926935,-3.554076,-0.9818391,-0.1582579,-0.1046253,0.0,0.0,0.0,0.0,0.0,0.0,0.0,3.882925,0.6078778,1.402533,1.973516,-0.01509771,-3.676782,0.10334,-0.7456573,0.07175712,0.6543449,14.01951,262.099,356.4424,0.5263167,-0.004267826,-0.8502777,0.0,0.0,0.0,-0.0624185,-0.3475846,-3.318463,0.6506116,0.20896,1.9929,-0.1223077,-0.06020458,0.9906647,-0.2480202,0.9683435,0.02822749,-0.9610031,-0.2422523,-0.1333678,static,83.91749,56.53106,18.08003,5.985718
05/15/2023 12:32:08.929186,4016,True,True,True,True,Eyes,2.109581,-0.01905507,-3.559373,-0.9830459,-0.1582598,-0.09259844,0.0,0.0,0.0,0.0,0.0,0.0,0.0,3.86905,0.6190767,1.436178,1.964929,-0.01358069,-3.681613,0.1034277,-0.7422332,0.06857269,0.6585518,13.76964,262.7118,356.2681,0.5248539,-0.004306935,-0.8511812,0.0,0.0,0.0,-0.06859644,-0.3357868,-3.305638,0.6506119,0.2089602,1.992901,-0.1112246,-0.06321756,0.9917826,-0.2438522,0.969201,0.03443109,-0.9634133,-0.2380188,-0.1232148,static,84.61888,59.66792,18.08004,5.985722
05/15/2023 12:32:08.939474,4017,True,True,True,True,Eyes,2.102811,-0.01881411,-3.56461,-0.9841224,-0.1582463,-0.08038254,0.0,0.0,0.0,0.0,0.0,0.0,0.0,3.854832,0.6206288,1.474051,1.956905,-0.01241288,-3.686204,0.1022391,-0.7386894,0.06550374,0.6630192,13.43528,263.374,356.2162,0.5233613,-0.004336832,-0.8520996,0.0,0.0,0.0,-0.07306901,-0.3347072,-3.292134,0.6506119,0.2089602,1.992901,-0.09990544,-0.06418543,0.9929246,-0.2379064,0.9705129,0.03879917,-0.9661364,-0.2323468,-0.1122296,static,85.33048,63.07132,18.08004,5.98572
05/15/2023 12:32:08.959246,4018,True,True,True,True,Eyes,2.095986,-0.01855273,-3.5698,-0.9850538,-0.1581663,-0.06820896,0.0,0.0,0.0,0.0,0.0,0.0,0.0,3.840833,0.6253464,1.509017,1.948995,-0.01149105,-3.690728,0.1021599,-0.7350364,0.06429902,0.667196,13.34686,264.0163,356.206,0.5218416,-0.004357799,-0.8530309,0.0,0.0,0.0,-0.07837731,-0.3265342,-3.274708,0.6506119,0.2089602,1.9929,-0.08882575,-0.06438232,0.9939642,-0.2359825,0.970858,0.04179704,-0.9676891,-0.2308455,-0.1014303,static,86.03895,66.67197,18.08004,5.985723
05/15/2023 12:32:08.979699,4019,True,True,True,True,Eyes,2.089134,-0.01827844,-3.574942,-0.9858229,-0.1582298,-0.05582685,0.0,0.0,0.0,0.0,0.0,0.0,0.0,3.82706,0.6257962,1.543047,1.940838,-0.01075281,-3.694865,0.1016998,-0.7314581,0.06353493,0.6712598,13.26647,264.6502,356.2604,0.5202971,-0.004370248,-0.8539737,0.0,0.0,0.0,-0.083221,-0.3144183,-3.255751,0.6506116,0.2089602,1.992901,-0.07813534,-0.06348141,0.9949197,-0.2340752,0.9712409,0.04358768,-0.9690738,-0.2294803,-0.09074766,static,86.75882,70.56607,18.08003,5.985721
05/15/2023 12:32:08.989985,4020,True,True,True,True,Eyes,2.082245,-0.01798332,-3.58002,-0.9864016,-0.1585006,-0.04346988,0.0,0.0,0.0,0.0,0.0,0.0,0.0,3.81265,0.6285866,1.578251,1.933339,-0.01013598,-3.699241,0.1018404,-0.7276199,0.06373287,0.6753784,13.31522,265.3078,356.3403,0.5187296,-0.004374728,-0.8549268,0.0,0.0,0.0,-0.08661564,-0.3105605,-3.23745,0.6506117,0.2089602,1.9929,-0.06698529,-0.06211459,0.9958187,-0.2342898,0.9711334,0.04481499,-0.9698564,-0.2303082,-0.07960444,static,87.47666,74.66334,18.08003,5.985723
05/15/2023 12:32:09.009555,4021,True,True,True,True,Eyes,2.075322,-0.01767829,-3.584994,-0.9867841,-0.1590427,-0.03102407,0.0,0.0,0.0,0.0,0.0,0.0,0.0,3.79638,0.6390501,1.611913,1.925538,-0.00929077,-3.702887,0.1037128,-0.7234013,0.06593458,0.6794018,13.66943,265.9792,356.4326,0.5171413,-0.004371537,-0.8558885,0.0,0.0,0.0,-0.09017792,-0.3064353,-3.219301,0.6506121,0.2089603,1.992901,-0.05531372,-0.06045982,0.9966368,-0.2396441,0.9697926,0.045531,-0.9692838,-0.2363196,-0.06813163,static,88.19923,78.96206,18.08004,5.985722
05/15/2023 12:32:09.029422,4022,True,True,True,True,Eyes,2.068395,-0.0174068,-3.589894,-0.9869894,-0.1597046,-0.01861014,0.0,0.0,0.0,0.0,0.0,0.0,0.0,3.778781,0.6515642,1.646729,1.917726,-0.008633822,-3.706439,0.1056674,-0.719027,0.06780111,0.6835478,14.00219,266.6718,356.4982,0.5155351,-0.004361219,-0.8568569,0.0,0.0,0.0,-0.09202634,-0.3066017,-3.200629,0.6506118,0.2089602,1.992901,-0.04319365,-0.05926478,0.9973074,-0.244646,0.9684749,0.04695573,-0.9686499,-0.241959,-0.05633089,static,88.91979,83.35339,18.08003,5.985722
05/15/2023 12:32:09.046062,4023,True,True,True,True,Eyes,2.061456,-0.01712737,-3.594712,-0.9869768,-0.1607428,-0.006199813,0.0,0.0,0.0,0.0,0.0,0.0,0.0,3.762381,0.6560295,1.68128,1.910674,-0.009133801,-3.709693,0.1065687,-0.7148639,0.07006833,0.6875343,14.28337,267.3519,356.6863,0.5139133,-0.004345304,-0.8578308,0.0,0.0,0.0,-0.09221193,-0.3169402,-3.180729,0.6506113,0.2089602,1.992901,-0.03187966,-0.05601541,0.9979209,-0.2487129,0.9674671,0.04636059,-0.9680526,-0.2467178,-0.04477433,static,89.64009,87.79121,18.08002,5.985722
05/15/2023 12:32:09.059912,4024,True,True,True,True,Eyes,2.054487,-0.01683085,-3.59944,-0.9867963,-0.1618488,0.006168008,0.0,0.0,0.0,0.0,0.0,0.0,0.0,3.746123,0.6740226,1.708256,1.903413,-0.008541793,-3.712523,0.1099726,-0.7107151,0.07400542,0.6908786,14.90096,267.9588,356.7931,0.5122774,-0.004324162,-0.8588089,0.0,0.0,0.0,-0.0919203,-0.3270198,-3.160029,0.6506116,0.2089602,1.992901,-0.02118572,-0.0540608,0.9983129,-0.2585759,0.9648585,0.0467618,-0.9657587,-0.2571489,-0.03442006,static,-89.64188,-87.81754,18.08003,5.985723
05/15/2023 12:32:09.079266,4025,True,True,True,True,Eyes,2.047495,-0.01655048,-3.604043,-0.9864885,-0.1627876,0.0184521,0.0,0.0,0.0,0.0,0.0,0.0,0.0,3.726925,0.6890329,1.741184,1.895705,-0.007810846,-3.715199,0.1115994,-0.7065701,0.07403743,0.6948545,15.05321,268.612,356.746,0.5106291,-0.004297915,-0.8597901,0.0,0.0,0.0,-0.09127108,-0.3351001,-3.139977,0.6506119,0.2089602,1.992901,-0.009445827,-0.05481514,0.9984519,-0.2605961,0.9641281,0.05046541,-0.9654017,-0.2597159,-0.02339164,static,-88.92841,-83.53308,18.08003,5.985722
05/15/2023 12:32:09.089715,4026,True,True,True,True,Eyes,2.040489,-0.01627142,-3.608553,-0.9860142,-0.1638091,0.03070309,0.0,0.0,0.0,0.0,0.0,0.0,0.0,3.706664,0.6994199,1.776896,1.888086,-0.007865116,-3.717658,0.1119827,-0.7024924,0.07249887,0.6990767,14.97685,269.284,356.6786,0.5089706,-0.004267475,-0.8607731,0.0,0.0,0.0,-0.08906358,-0.3545697,-3.121833,0.6506115,0.2089602,1.992901,0.002496612,-0.05596939,0.9984294,-0.2586985,0.9644076,0.05470911,-0.9659549,-0.2584287,-0.01207147,static,-88.21647,-79.3841,18.08002,5.985722
05/15/2023 12:32:09.109806,4027,True,True,True,True,Eyes,2.033448,-0.01599617,-3.612964,-0.9854438,-0.1645338,0.04276981,0.0,0.0,0.0,0.0,0.0,0.0,0.0,3.68593,0.7158914,1.810297,1.880706,-0.007590652,-3.720033,0.1137308,-0.6982006,0.07255559,0.7030768,15.14363,269.9503,356.6272,0.5073035,-0.004233305,-0.8617569,0.0,0.0,0.0,-0.08884449,-0.3595979,-3.101666,0.6506116,0.2089602,1.992901,0.01450319,-0.05678954,0.9982809,-0.2608381,0.963602,0.05860626,-0.9652736,-0.2612397,-0.0008375522,static,-87.51483,-75.42871,18.08003,5.985722
05/15/2023 12:32:09.129424,4028,True,True,True,True,Eyes,2.026391,-0.01575672,-3.617277,-0.9847654,-0.1650193,0.05482624,0.0,0.0,0.0,0.0,0.0,0.0,0.0,3.665715,0.716746,1.846908,1.872799,-0.007425547,-3.722207,0.112841,-0.6942425,0.07067201,0.7073187,14.93696,270.6279,356.6356,0.5056287,-0.004195876,-0.8627408,0.0,0.0,0.0,-0.0893992,-0.3577795,-3.080693,0.6506116,0.2089601,1.9929,0.02606576,-0.05670279,0.9980508,-0.2566533,0.9645448,0.06150211,-0.966152,-0.2577561,0.01058864,static,-86.81338,-71.62138,18.08003,5.985721
05/15/2023 12:32:09.139795,4029,True,True,True,True,Eyes,2.019317,-0.01557356,-3.621449,-0.9839843,-0.1653405,0.06661453,0.0,0.0,0.0,0.0,0.0,0.0,0.0,3.644762,0.7135011,1.885798,1.865299,-0.008093148,-3.724272,0.1111498,-0.6902472,0.06828281,0.7117177,14.62423,271.3271,356.6676,0.5039479,-0.004156392,-0.8637239,0.0,0.0,0.0,-0.0880572,-0.3638089,-3.059963,0.6506116,0.2089601,1.992901,0.03779267,-0.05624545,0.9977015,-0.2506378,0.9659664,0.06395049,-0.9673431,-0.2524785,0.02240924,static,-86.12705,-68.05584,18.08003,5.985719
05/15/2023 12:32:09.159911,4030,True,True,True,True,Eyes,2.012215,-0.01542107,-3.625524,-0.9830678,-0.1656566,0.07833018,0.0,0.0,0.0,0.0,0.0,0.0,0.0,3.625257,0.7155391,1.91875,1.85775,-0.009207174,-3.726226,0.1109528,-0.686265,0.0683961,0.7155781,14.63536,271.9818,356.7769,0.5022622,-0.004116419,-0.8647054,0.0,0.0,0.0,-0.08931727,-0.356448,-3.03891,0.6506115,0.2089601,1.992901,0.04872482,-0.05440059,0.9973298,-0.2501716,0.9660229,0.06491517,-0.9669749,-0.2526665,0.03345981,static,-85.44434,-64.69302,18.08003,5.985719
05/15/2023 12:32:09.179289,4031,True,True,True,True,Eyes,2.005073,-0.01529588,-3.629499,-0.9820648,-0.1658286,0.08971982,0.0,0.0,0.0,0.0,0.0,0.0,0.0,3.607206,0.7180129,1.947668,1.849966,-0.01000676,-3.728057,0.1109696,-0.6825701,0.06870203,0.7190716,14.6775,272.5813,356.878,0.5005721,-0.004076748,-0.865685,0.0,0.0,0.0,-0.09030494,-0.3460032,-3.017133,0.6506121,0.2089603,1.992901,0.05875617,-0.05268571,0.9968812,-0.2502924,0.9659315,0.06580227,-0.9663859,-0.2533781,0.04356759,static,-84.78004,-61.58487,18.08004,5.985724
05/15/2023 12:32:09.189836,4032,True,True,True,True,Eyes,1.997899,-0.01522374,-3.633373,-0.9809601,-0.1659072,0.1009561,0.0,0.0,0.0,0.0,0.0,0.0,0.0,3.590824,0.7177935,1.974095,1.841814,-0.01053323,-3.730134,0.1104373,-0.679257,0.06808195,0.7223424,14.59811,273.1293,356.9391,0.4988789,-0.004038028,-0.866662,0.0,0.0,0.0,-0.08990998,-0.3462798,-2.997104,0.6506122,0.2089603,1.992901,0.0679495,-0.05167374,0.9963499,-0.2483876,0.9663369,0.06705686,-0.9662747,-0.2520374,0.05282698,static,-84.12405,-58.67909,18.08004,5.985722
05/15/2023 12:32:09.210046,4033,True,True,True,True,Eyes,1.990679,-0.01518514,-3.637084,-0.9797807,-0.1659222,0.1118013,0.0,0.0,0.0,0.0,0.0,0.0,0.0,3.577694,0.7130706,1.994934,1.833786,-0.01154272,-3.731651,0.109511,-0.6765443,0.0679455,0.7250371,14.52103,273.5885,357.06,0.497183,-0.004001449,-0.8676363,0.0,0.0,0.0,-0.09001873,-0.3474008,-2.978898,0.6506119,0.2089602,1.992901,0.07534258,-0.04965211,0.9959208,-0.2467041,0.9667815,0.06686284,-0.9661577,-0.2507354,0.06059045,static,-83.49022,-56.02722,18.08003,5.985721
05/15/2023 12:32:09.229586,4034,True,True,True,True,Eyes,1.9834,-0.0151797,-3.640688,-0.9785131,-0.1658641,0.1224789,0.0,0.0,0.0,0.0,0.0,0.0,0.0,3.566357,0.7095907,2.011038,1.82533,-0.01225151,-3.732923,0.1089701,-0.6741475,0.0681944,0.727324,14.50469,273.9862,357.1744,0.4954848,-0.003967611,-0.8686073,0.0,0.0,0.0,-0.09156996,-0.3445123,-2.962606,0.6506119,0.2089602,1.992901,0.08174913,-0.04772495,0.9955096,-0.2461226,0.9669501,0.06656689,-0.9657851,-0.2504592,0.06730118,static,-82.86548,-53.55675,18.08003,5.985722
05/15/2023 12:32:09.239287,4035,True,True,True,True,Eyes,1.976066,-0.01524103,-3.644173,-0.9771875,-0.1657193,0.1328218,0.0,0.0,0.0,0.0,0.0,0.0,0.0,3.554069,0.7067185,2.027778,1.816566,-0.01306053,-3.733986,0.108299,-0.6717072,0.06781072,0.7297142,14.42737,274.3918,357.2464,0.4937849,-0.00393706,-0.8695749,0.0,0.0,0.0,-0.094203,-0.3415188,-2.948971,0.6506117,0.2089602,1.992901,0.08842258,-0.0465255,0.994996,-0.2444553,0.9673461,0.06695671,-0.9656207,-0.2491525,0.07416182,static,-82.25964,-51.2883,18.08003,5.985722
05/15/2023 12:32:09.259830,4036,True,True,True,True,Eyes,1.968683,-0.01535491,-3.647554,-0.9757702,-0.1656276,0.1429688,0.0,0.0,0.0,0.0,0.0,0.0,0.0,3.542449,0.701425,2.043609,1.807899,-0.01472852,-3.734776,0.1073237,-0.6693805,0.06773885,0.7319992,14.34783,274.7855,357.3667,0.4920828,-0.003911075,-0.8705394,0.0,0.0,0.0,-0.09762643,-0.3403882,-2.937198,0.650612,0.2089602,1.992901,0.09468222,-0.04451121,0.9945121,-0.2428503,0.9677861,0.06643557,-0.9654322,-0.2478078,0.08082259,static,-81.66439,-49.19943,18.08004,5.985722
05/15/2023 12:32:09.279503,4037,True,True,True,True,Eyes,1.961228,-0.01549746,-3.650797,-0.9742827,-0.1656038,0.1528021,0.0,0.0,0.0,0.0,0.0,0.0,0.0,3.532976,0.6995327,2.054699,1.799271,-0.01610203,-3.735695,0.1073794,-0.6671969,0.06935815,0.7338309,14.48625,275.1338,357.5439,0.490379,-0.003890485,-0.8715004,0.0,0.0,0.0,-0.1013731,-0.3377299,-2.924842,0.6506121,0.2089602,1.992901,0.1000758,-0.04149209,0.9941145,-0.2450806,0.9673183,0.06504557,-0.9643239,-0.2501477,0.08663623,static,-81.0866,-47.30237,18.08004,5.985722
05/15/2023 12:32:09.289822,4038,True,True,True,True,Eyes,1.953694,-0.01568327,-3.653916,-0.9727547,-0.1654419,0.1624114,0.0,0.0,0.0,0.0,0.0,0.0,0.0,3.524727,0.6958471,2.062703,1.790051,-0.01690912,-3.736051,0.107151,-0.6653855,0.07035479,0.7354123,14.55009,275.428,357.6841,0.4886735,-0.003875453,-0.8724578,0.0,0.0,0.0,-0.1052555,-0.3353157,-2.912781,0.6506119,0.2089602,1.992901,0.1046249,-0.03911382,0.9937423,-0.2460729,0.9671378,0.06397414,-0.963588,-0.2512264,0.09156178,static,-80.52132,-45.52961,18.08004,5.985721
05/15/2023 12:32:09.309623,4039,True,True,True,True,Eyes,1.946084,-0.01591214,-3.656881,-0.9711596,-0.1653363,0.1717929,0.0,0.0,0.0,0.0,0.0,0.0,0.0,3.51732,0.6856087,2.070919,1.780567,-0.01816988,-3.736248,0.1056089,-0.6639083,0.06988756,0.7370131,14.38689,275.6964,357.7983,0.4869662,-0.003866483,-0.873412,0.0,0.0,0.0,-0.1086322,-0.3394858,-2.902663,0.6506116,0.2089602,1.992901,0.1086831,-0.03721316,0.9933797,-0.2432453,0.967925,0.06287244,-0.9638567,-0.2484682,0.09614513,static,-79.96846,-43.90281,18.08003,5.985721
05/15/2023 12:32:09.329210,4040,True,True,True,True,Eyes,1.938385,-0.01618438,-3.659712,-0.9695118,-0.1652182,0.1809693,0.0,0.0,0.0,0.0,0.0,0.0,0.0,3.510247,0.6853318,2.074693,1.771077,-0.01940505,-3.736144,0.1055837,-0.6624939,0.07008889,0.7382693,14.40446,275.9206,357.8458,0.4852567,-0.003864021,-0.8743629,0.0,0.0,0.0,-0.1136337,-0.3409329,-2.893669,0.6506119,0.2089602,1.992901,0.1123788,-0.03640814,0.9929982,-0.243386,0.9678793,0.06303146,-0.9633973,-0.2487653,0.09990787,static,-79.42683,-42.39492,18.08004,5.985722
05/15/2023 12:32:09.339837,4041,True,True,True,True,Eyes,1.930588,-0.01649358,-3.662385,-0.9677835,-0.1650691,0.1901248,0.0,0.0,0.0,0.0,0.0,0.0,0.0,3.501008,0.6866355,2.080807,1.761176,-0.02072138,-3.735787,0.105601,-0.660794,0.069886,0.739808,14.39524,276.1876,357.8607,0.4835445,-0.003868482,-0.8753109,0.0,0.0,0.0,-0.1204219,-0.3352958,-2.885198,0.6506121,0.2089602,1.992901,0.1169345,-0.03615661,0.9924813,-0.2429655,0.9679288,0.06388847,-0.9629612,-0.2486094,0.1043995,static,-78.88557,-40.96499,18.08004,5.985721
05/15/2023 12:32:09.359153,4042,True,True,True,True,Eyes,1.922708,-0.01686268,-3.664922,-0.9659907,-0.1648789,0.1991912,0.0,0.0,0.0,0.0,0.0,0.0,0.0,3.489646,0.6851869,2.090564,1.750967,-0.02192624,-3.73513,0.1049469,-0.6588843,0.06869532,0.7417136,14.25309,276.4998,357.8482,0.48183,-0.003880084,-0.8762558,0.0,0.0,0.0,-0.1266211,-0.3366089,-2.87781,0.6506121,0.2089602,1.992901,0.1223051,-0.03639119,0.9918252,-0.2402001,0.9685342,0.0651565,-0.9629879,-0.2462055,0.1097156,static,-78.34869,-39.61597,18.08004,5.985721
05/15/2023 12:32:09.379306,4043,True,True,True,True,Eyes,1.914745,-0.01729276,-3.667254,-0.9640552,-0.1647861,0.2084305,0.0,0.0,0.0,0.0,0.0,0.0,0.0,3.474171,0.6855683,2.106733,1.741024,-0.02374707,-3.734496,0.1045907,-0.656156,0.06831633,0.7442131,14.20121,276.9342,357.8972,0.4801123,-0.003899582,-0.877198,0.0,0.0,0.0,-0.1326012,-0.3374406,-2.868659,0.6506118,0.2089603,1.992901,0.1295843,-0.0355718,0.9909303,-0.2389394,0.9687874,0.06602316,-0.9623493,-0.2453278,0.1170402,static,-77.80032,-38.33006,18.08003,5.985724
05/15/2023 12:32:09.389527,4044,True,True,True,True,Eyes,1.906699,-0.0177739,-3.66944,-0.962026,-0.1647429,0.2176365,0.0,0.0,0.0,0.0,0.0,0.0,0.0,3.455535,0.685051,2.126844,1.730801,-0.02561076,-3.73325,0.1042858,-0.6528755,0.06868058,0.7471018,14.21162,277.4538,358.0167,0.4783921,-0.003927688,-0.8781373,0.0,0.0,0.0,-0.1387911,-0.3338809,-2.85757,0.650612,0.2089602,1.992901,0.1380731,-0.03354851,0.9898537,-0.2387941,0.9688149,0.06614448,-0.9612041,-0.2455039,0.1257561,static,-77.25271,-37.12439,18.08003,5.985721
05/15/2023 12:32:09.409586,4045,True,True,True,True,Eyes,1.898563,-0.01828793,-3.671482,-0.9598252,-0.1648927,0.2270371,0.0,0.0,0.0,0.0,0.0,0.0,0.0,3.436413,0.6858143,2.14709,1.720664,-0.02732566,-3.732003,0.1044426,-0.6493865,0.0700385,0.749989,14.33706,277.9964,358.1906,0.4766693,-0.003964794,-0.8790735,0.0,0.0,0.0,-0.1424626,-0.3333666,-2.84274,0.6506122,0.2089602,1.992901,0.1467835,-0.03059104,0.9886954,-0.2407034,0.9683727,0.06569747,-0.9594355,-0.2476257,0.1347778,static,-76.69186,-35.99018,18.08004,5.985722
05/15/2023 12:32:09.429469,4046,True,True,True,True,Eyes,1.890338,-0.01881853,-3.673377,-0.9575298,-0.1650389,0.2364294,0.0,0.0,0.0,0.0,0.0,0.0,0.0,3.415732,0.6933379,2.166622,1.710315,-0.02861023,-3.730441,0.1055763,-0.6456763,0.07161339,0.7528795,14.56337,278.551,358.3124,0.4749432,-0.004010833,-0.8800071,0.0,0.0,0.0,-0.1448497,-0.334259,-2.824799,0.6506119,0.2089602,1.992901,0.1559475,-0.02850378,0.9873542,-0.2441687,0.9674503,0.06649441,-0.9571114,-0.2514506,0.1439117,static,-76.13019,-34.91687,18.08004,5.985722
05/15/2023 12:32:09.439681,4047,True,True,True,True,Eyes,1.882026,-0.01936956,-3.675136,-0.9551092,-0.1651376,0.2459594,0.0,0.0,0.0,0.0,0.0,0.0,0.0,3.393015,0.6979897,2.189805,1.699858,-0.02954233,-3.728886,0.1058234,-0.6418506,0.07140741,0.7561285,14.57801,279.1355,358.3505,0.4732139,-0.004065335,-0.880938,0.0,0.0,0.0,-0.1461937,-0.3383706,-2.806419,0.6506114,0.2089601,1.9929,0.1658576,-0.02785926,0.9857562,-0.243832,0.9674048,0.06836642,-0.9555299,-0.251698,0.1536585,static,-75.55898,-33.87749,18.08003,5.98572
05/15/2023 12:32:09.459244,4048,True,True,True,True,Eyes,1.87363,-0.01989468,-3.676743,-0.952606,-0.1652659,0.2553997,0.0,0.0,0.0,0.0,0.0,0.0,0.0,3.371224,0.6953949,2.212867,1.689469,-0.03060709,-3.726965,0.1050688,-0.6382573,0.07094353,0.7593123,14.48465,279.7025,358.4384,0.471481,-0.004127972,-0.8818663,0.0,0.0,0.0,-0.1466731,-0.3461126,-2.787361,0.6506117,0.2089602,1.992901,0.1751892,-0.02638532,0.9841812,-0.2418585,0.9678551,0.06899968,-0.9543654,-0.2501206,0.1631763,static,-74.99161,-32.90639,18.08003,5.985723
05/15/2023 12:32:09.479113,4049,True,True,True,True,Eyes,1.865143,-0.02037905,-3.678246,-0.9500308,-0.165329,0.2647788,0.0,0.0,0.0,0.0,0.0,0.0,0.0,3.352178,0.7003108,2.228714,1.678972,-0.03056946,-3.72489,0.1056682,-0.6350998,0.07103445,0.7618639,14.55076,280.1736,358.4618,0.4697444,-0.004197339,-0.8827922,0.0,0.0,0.0,-0.1474598,-0.3471278,-2.76703,0.6506118,0.2089601,1.992901,0.1832045,-0.02598257,0.9827315,-0.2424569,0.9675767,0.07078167,-0.9527072,-0.2512376,0.1709648,static,-74.42655,-31.98083,18.08003,5.985721
05/15/2023 12:32:09.489986,4050,True,True,True,True,Eyes,1.856579,-0.02083374,-3.679596,-0.9474368,-0.165214,0.273985,0.0,0.0,0.0,0.0,0.0,0.0,0.0,3.334903,0.7004286,2.243887,1.668378,-0.03009717,-3.72328,0.1051662,-0.6324137,0.06911549,0.7643403,14.37011,280.5874,358.3814,0.4680029,-0.004271822,-0.8837163,0.0,0.0,0.0,-0.1490454,-0.343996,-2.747033,0.6506116,0.2089601,1.992901,0.1905519,-0.02736153,0.9812958,-0.2386725,0.9683262,0.07334629,-0.9522213,-0.2481846,0.177986,static,-73.8709,-31.09014,18.08003,5.985721
05/15/2023 12:32:09.509486,4051,True,True,True,True,Eyes,1.847929,-0.02116528,-3.680819,-0.9447886,-0.1652666,0.2829511,0.0,0.0,0.0,0.0,0.0,0.0,0.0,3.320821,0.6954093,2.254959,1.657911,-0.02980649,-3.72112,0.1038992,-0.6304036,0.06662839,0.7663921,14.07907,280.9107,358.2944,0.4662571,-0.004350204,-0.8846382,0.0,0.0,0.0,-0.1511472,-0.3459805,-2.730007,0.6506124,0.2089603,1.992901,0.1963041,-0.02886991,0.9801179,-0.2331238,0.9695312,0.07524951,-0.9524274,-0.2432606,0.1835926,static,-73.32777,-30.28844,18.08004,5.985724
05/15/2023 12:32:09.529483,4052,True,True,True,True,Eyes,1.839163,-0.02134807,-3.681893,-0.9421473,-0.1651158,0.2917111,0.0,0.0,0.0,0.0,0.0,0.0,0.0,3.311373,0.7058923,2.253875,1.647249,-0.02715477,-3.718771,0.1058547,-0.6288644,0.06693965,0.7673613,14.27934,281.1045,358.2022,0.4645065,-0.004429135,-0.8855583,0.0,0.0,0.0,-0.1552024,-0.3401645,-2.714803,0.6506121,0.2089602,1.992901,0.2000972,-0.03040271,0.9793043,-0.2358704,0.9686277,0.07826571,-0.9509608,-0.2466496,0.1866486,static,-72.79624,-29.51096,18.08004,5.985723
05/15/2023 12:32:09.539251,4053,True,True,True,True,Eyes,1.830306,-0.02149221,-3.682821,-0.9396064,-0.1643956,0.3001899,0.0,0.0,0.0,0.0,0.0,0.0,0.0,3.299325,0.7019707,2.260194,1.635683,-0.02379394,-3.716283,0.1048071,-0.627382,0.06300993,0.7690493,13.90226,281.3366,357.9577,0.4627503,-0.00450499,-0.8864769,0.0,0.0,0.0,-0.1611782,-0.3307905,-2.701838,0.6506115,0.2089602,1.992901,0.204843,-0.03459273,0.9781834,-0.2284237,0.9700904,0.08214109,-0.9517677,-0.2402663,0.1908144,static,-72.28212,-28.70683,18.08003,5.985722
05/15/2023 12:32:09.559948,4054,True,True,True,True,Eyes,1.821403,-0.02154803,-3.683624,-0.9370038,-0.1638525,0.3085064,0.0,0.0,0.0,0.0,0.0,0.0,0.0,3.28448,0.6757023,2.277521,1.624638,-0.02312712,-3.71369,0.09988828,-0.6255847,0.05718147,0.7716195,13.04376,281.6866,357.8391,0.4609881,-0.004577162,-0.8873942,0.0,0.0,0.0,-0.167023,-0.3360786,-2.693298,0.6506116,0.2089602,1.992901,0.2107482,-0.03673249,0.9768502,-0.2132218,0.9735053,0.08260779,-0.9540031,-0.2256952,0.1973323,static,-71.77599,-27.97346,18.08003,5.985721
05/15/2023 12:32:09.579382,4055,True,True,True,True,Eyes,1.812389,-0.02150462,-3.684255,-0.934433,-0.1631887,0.3165507,0.0,0.0,0.0,0.0,0.0,0.0,0.0,3.271545,0.6839324,2.282979,1.614562,-0.02102847,-3.711537,0.1016006,-0.6233308,0.0582565,0.7731379,13.2811,281.9952,357.846,0.4592207,-0.004643879,-0.8883098,0.0,0.0,0.0,-0.1755533,-0.322417,-2.682427,0.6506114,0.2089601,1.9929,0.21613,-0.03658086,0.975679,-0.2167421,0.972567,0.08447637,-0.9520035,-0.2297286,0.2022723,static,-71.28556,-27.27208,18.08003,5.985721
05/15/2023 12:32:09.590174,4056,True,True,True,True,Eyes,1.80335,-0.02149122,-3.684761,-0.931805,-0.1621682,0.3247169,0.0,0.0,0.0,0.0,0.0,0.0,0.0,3.247703,0.673823,2.30691,1.602676,-0.01862751,-3.708709,0.0998048,-0.6196727,0.05570286,0.7764934,12.94588,282.5693,357.8133,0.4574474,-0.004703313,-0.889224,0.0,0.0,0.0,-0.1840355,-0.29339,-2.667614,0.6506118,0.2089602,1.992901,0.2258059,-0.03718679,0.9734623,-0.2101984,0.9738724,0.08596043,-0.9512246,-0.2240306,0.2120895,static,-70.78749,-26.53819,18.08003,5.98572
05/15/2023 12:32:09.609289,4057,True,True,True,True,Eyes,1.794318,-0.02149334,-3.685174,-0.9290087,-0.1619219,0.3327524,0.0,0.0,0.0,0.0,0.0,0.0,0.0,3.221582,0.6430093,2.341403,1.592915,-0.01944685,-3.706273,0.09515749,-0.6154109,0.05450214,0.7805409,12.45255,283.2874,358.1197,0.4556688,-0.00475693,-0.8901364,0.0,0.0,0.0,-0.1873602,-0.299427,-2.655988,0.6506114,0.2089601,1.992901,0.2365979,-0.03203961,0.9710793,-0.2022042,0.9759492,0.08146621,-0.9503341,-0.215631,0.224429,static,-70.29349,-25.94819,18.08003,5.985719
05/15/2023 12:32:09.629476,4058,True,True,True,True,Eyes,1.785251,-0.02136343,-3.685469,-0.926051,-0.1622049,0.3407626,0.0,0.0,0.0,0.0,0.0,0.0,0.0,3.199926,0.664608,2.355478,1.584087,-0.0197192,-3.704023,0.1003908,-0.610784,0.06405666,0.7827908,13.61636,283.9154,358.6824,0.4538863,-0.004805699,-0.8910463,0.0,0.0,0.0,-0.1900315,-0.2857919,-2.634728,0.650612,0.2089602,1.992901,0.2456794,-0.02234828,0.9690934,-0.2229201,0.9716369,0.07892046,-0.9433707,-0.2354196,0.2337293,static,-69.79771,-25.45471,18.08004,5.985721
05/15/2023 12:32:09.639349,4059,True,True,True,True,Eyes,1.776132,-0.02111386,-3.685638,-0.923096,-0.1622033,0.3486888,0.0,0.0,0.0,0.0,0.0,0.0,0.0,3.180284,0.6807373,2.366755,1.57405,-0.0162582,-3.701518,0.1048102,-0.6066665,0.07131258,0.7847837,14.53862,284.4742,359.0979,0.4521,-0.004846897,-0.8919538,0.0,0.0,0.0,-0.1893255,-0.2660888,-2.610189,0.6506122,0.2089603,1.992901,0.2537407,-0.01523976,0.9671523,-0.2390995,0.9678587,0.07798075,-0.9372551,-0.2510325,0.2419413,static,-69.30653,-24.94695,18.08004,5.985724
05/15/2023 12:32:09.659515,4060,True,True,True,True,Eyes,1.766987,-0.02081332,-3.685714,-0.9201484,-0.1617702,0.3565913,0.0,0.0,0.0,0.0,0.0,0.0,0.0,3.158737,0.6461862,2.394093,1.56355,-0.01322323,-3.698918,0.1001804,-0.6032608,0.06992424,0.7881314,14.02089,285.0595,359.371,0.4503103,-0.004878356,-0.8928585,0.0,0.0,0.0,-0.1826964,-0.3003936,-2.591228,0.6506118,0.2089602,1.992901,0.2623743,-0.0106508,0.9649073,-0.2310887,0.970149,0.0735455,-0.9368872,-0.2422757,0.2520809,static,-68.81682,-24.40176,18.08003,5.985723
05/15/2023 12:32:09.679878,4061,True,True,True,True,Eyes,1.757789,-0.02045363,-3.685715,-0.917215,-0.1611647,0.3643387,0.0,0.0,0.0,0.0,0.0,0.0,0.0,3.140807,0.6135466,2.416625,1.55371,-0.01188539,-3.696895,0.09538104,-0.6005141,0.06753415,0.7910275,13.41535,285.5381,359.5457,0.4485172,-0.00489981,-0.8937605,0.0,0.0,0.0,-0.1786822,-0.3242122,-2.573817,0.650612,0.2089603,1.992901,0.2696441,-0.007712572,0.9629291,-0.221398,0.9726832,0.06978764,-0.9371631,-0.2320084,0.2605707,static,-68.3359,-23.86214,18.08004,5.985724
05/15/2023 12:32:09.689369,4062,True,True,True,True,Eyes,1.748534,-0.02005218,-3.685637,-0.9143211,-0.1601756,0.3719686,0.0,0.0,0.0,0.0,0.0,0.0,0.0,3.126166,0.5969008,2.429832,1.543304,-0.01017572,-3.694779,0.0927243,-0.5983407,0.0647551,0.7932197,12.97893,285.8891,359.516,0.4467198,-0.004910808,-0.8946602,0.0,0.0,0.0,-0.1811572,-0.3002616,-2.553398,0.6506115,0.2089601,1.9929,0.2755905,-0.008231382,0.9612401,-0.2136915,0.9744179,0.06961026,-0.9372225,-0.2245927,0.2667813,static,-67.86228,-23.29748,18.08003,5.985721
05/15/2023 12:32:09.711549,4063,True,True,True,True,Eyes,1.739239,-0.01965363,-3.685525,-0.9114342,-0.1592235,0.3793885,0.0,0.0,0.0,0.0,0.0,0.0,0.0,3.112586,0.5803413,2.441564,1.532667,-0.008845657,-3.692841,0.089372,-0.5965812,0.05930901,0.7953529,12.2941,286.1765,359.2792,0.4449183,-0.004911361,-0.8955575,0.0,0.0,0.0,-0.184793,-0.276021,-2.536528,0.6506116,0.2089601,1.9929,0.2811468,-0.01229214,0.9595862,-0.2009785,0.9769902,0.07139929,-0.9383839,-0.2129298,0.2722072,static,-67.40026,-22.76704,18.08003,5.985721
05/15/2023 12:32:09.729433,4064,True,True,True,True,Eyes,1.729918,-0.01926361,-3.685355,-0.9084772,-0.158507,0.3867101,0.0,0.0,0.0,0.0,0.0,0.0,0.0,3.098634,0.5862378,2.448896,1.522639,-0.008534864,-3.691042,0.08918195,-0.5946182,0.05524427,0.7971348,11.99806,286.4475,358.9465,0.4431117,-0.004902571,-0.8964527,0.0,0.0,0.0,-0.1898381,-0.2595076,-2.523171,0.6506115,0.2089602,1.992901,0.2867545,-0.01798417,0.9578353,-0.1941327,0.9779893,0.07648158,-0.9381281,-0.2078786,0.2769516,static,-66.94208,-22.28803,18.08003,5.985721
05/15/2023 12:32:09.739692,4065,True,True,True,True,Eyes,1.720571,-0.01889952,-3.685122,-0.9054164,-0.1582321,0.3939338,0.0,0.0,0.0,0.0,0.0,0.0,0.0,3.081909,0.6118338,2.455245,1.51264,-0.008287996,-3.689523,0.09230708,-0.5918754,0.05418986,0.7988907,12.21812,286.7903,358.67,0.4413,-0.004885569,-0.8973461,0.0,0.0,0.0,-0.1965182,-0.237039,-2.511122,0.6506121,0.2089602,1.992901,0.2934939,-0.02268502,0.9556918,-0.1958521,0.9770858,0.08333924,-0.9356833,-0.2116338,0.2823258,static,-66.48683,-21.88394,18.08004,5.985721
05/15/2023 12:32:09.759855,4066,True,True,True,True,Eyes,1.711233,-0.0185122,-3.684856,-0.902274,-0.1582688,0.4010646,0.0,0.0,0.0,0.0,0.0,0.0,0.0,3.063448,0.6268511,2.46599,1.502551,-0.008477166,-3.687957,0.09421044,-0.5887258,0.05410296,0.800999,12.39374,287.2145,358.577,0.4394834,-0.004861802,-0.8982373,0.0,0.0,0.0,-0.2009569,-0.2301561,-2.499945,0.6506118,0.2089602,1.9929,0.3009497,-0.0242554,0.9533316,-0.197601,0.9763945,0.08722129,-0.9329433,-0.2146285,0.2890527,static,-66.03465,-21.53526,18.08003,5.985722
05/15/2023 12:32:09.779276,4067,True,True,True,True,Eyes,1.701865,-0.01811165,-3.684522,-0.899051,-0.1585638,0.4081236,0.0,0.0,0.0,0.0,0.0,0.0,0.0,3.049118,0.6440149,2.472215,1.493357,-0.007469311,-3.686943,0.09732178,-0.5858578,0.05693169,0.8025322,12.88033,287.5899,358.6684,0.4376622,-0.004831358,-0.8991263,0.0,0.0,0.0,-0.2020592,-0.2406403,-2.487677,0.6506118,0.2089602,1.992901,0.3070588,-0.02265443,0.9514209,-0.2054125,0.9745745,0.08949997,-0.929258,-0.2229155,0.2945982,static,-65.58436,-21.2321,18.08003,5.985722
05/15/2023 12:32:09.790518,4068,True,True,True,True,Eyes,1.692499,-0.01773046,-3.684154,-0.8958102,-0.1586863,0.4151417,0.0,0.0,0.0,0.0,0.0,0.0,0.0,3.031882,0.6455046,2.484621,1.483057,-0.006696165,-3.685487,0.09779562,-0.5827307,0.05769831,0.8046938,12.98149,288.0373,358.7582,0.4358366,-0.004794571,-0.9000128,0.0,0.0,0.0,-0.2022014,-0.2479638,-2.473429,0.6506118,0.2089602,1.992901,0.3141918,-0.02111809,0.9491248,-0.206836,0.9742138,0.09014592,-0.9265541,-0.2246362,0.301722,static,-65.13577,-20.91916,18.08003,5.985721
05/15/2023 12:32:09.811179,4069,True,True,True,True,Eyes,1.683134,-0.01737284,-3.683768,-0.8925158,-0.1590779,0.4220305,0.0,0.0,0.0,0.0,0.0,0.0,0.0,3.017191,0.629945,2.499189,1.473642,-0.006829128,-3.684365,0.09572991,-0.5800458,0.05777298,0.8068735,12.79749,288.4593,358.9527,0.4340061,-0.00475252,-0.900897,0.0,0.0,0.0,-0.2017089,-0.2628097,-2.462131,0.6506119,0.2089601,1.992901,0.3204181,-0.01782452,0.9471086,-0.2042865,0.9749961,0.08746192,-0.9249861,-0.2215058,0.3087651,static,-64.69264,-20.65317,18.08004,5.98572
05/15/2023 12:32:09.829333,4070,True,True,True,True,Eyes,1.673753,-0.01701311,-3.683354,-0.8891789,-0.1594851,0.4288651,0.0,0.0,0.0,0.0,0.0,0.0,0.0,3.003345,0.6373248,2.507032,1.464352,-0.006973997,-3.683353,0.09742382,-0.5771882,0.06072238,0.8085019,13.15765,288.8571,359.16,0.4321713,-0.004706304,-0.9017789,0.0,0.0,0.0,-0.2022773,-0.2645416,-2.447837,0.6506119,0.2089602,1.992901,0.3263332,-0.01427543,0.9451472,-0.2106521,0.9736428,0.0874382,-0.9214839,-0.2276312,0.3147248,static,-64.25125,-20.39901,18.08003,5.985722
05/15/2023 12:32:09.840032,4071,True,True,True,True,Eyes,1.664372,-0.01666685,-3.682899,-0.8858266,-0.159793,0.4356346,0.0,0.0,0.0,0.0,0.0,0.0,0.0,2.988576,0.6369455,2.517502,1.454506,-0.006563738,-3.682318,0.09764525,-0.5743797,0.06161256,0.8104058,13.24071,289.2613,359.2755,0.4303319,-0.004656268,-0.9026583,0.0,0.0,0.0,-0.2039835,-0.2561297,-2.434551,0.6506119,0.2089602,1.992901,0.3325838,-0.01230854,0.9429935,-0.2120332,0.9733386,0.08748652,-0.9189288,-0.2290425,0.3211069,static,-63.81282,-20.1433,18.08004,5.985723
05/15/2023 12:32:09.859966,4072,True,True,True,True,Eyes,1.654979,-0.01634662,-3.682436,-0.8824518,-0.1600308,0.4423447,0.0,0.0,0.0,0.0,0.0,0.0,0.0,2.973994,0.6272331,2.530297,1.444879,-0.00653185,-3.681405,0.09631502,-0.5717014,0.0614608,0.8124676,13.10758,289.6656,359.3966,0.4284884,-0.00460312,-0.9035352,0.0,0.0,0.0,-0.2037755,-0.2664556,-2.422943,0.6506121,0.2089602,1.992901,0.3387601,-0.01025706,0.9408169,-0.2099967,0.973892,0.0862312,-0.9171386,-0.2267801,0.3277617,static,-63.37687,-19.88903,18.08004,5.985722
05/15/2023 12:32:09.879391,4073,True,True,True,True,Eyes,1.645571,-0.01605112,-3.681962,-0.879086,-0.1602225,0.4489282,0.0,0.0,0.0,0.0,0.0,0.0,0.0,2.960636,0.6211445,2.540986,1.435134,-0.006858185,-3.680779,0.09555264,-0.5691121,0.06179151,0.8143481,13.05927,290.0493,359.5224,0.42664,-0.004547786,-0.9044097,0.0,0.0,0.0,-0.2047515,-0.2676418,-2.41058,0.6506122,0.2089603,1.992901,0.3445864,-0.008120744,0.9387195,-0.2093999,0.974103,0.08529362,-0.9151021,-0.2259588,0.3339621,static,-62.94769,-19.64149,18.08004,5.985723
05/15/2023 12:32:09.889412,4074,True,True,True,True,Eyes,1.636143,-0.01577789,-3.68148,-0.8757313,-0.1602951,0.4554122,0.0,0.0,0.0,0.0,0.0,0.0,0.0,2.949185,0.6114711,2.550199,1.425305,-0.007150397,-3.680158,0.09425238,-0.5668585,0.06172065,0.8160751,12.93278,290.3904,359.6403,0.4247867,-0.004491085,-0.905282,0.0,0.0,0.0,-0.2063664,-0.2616508,-2.398083,0.6506119,0.2089602,1.992901,0.3497241,-0.00611815,0.9368328,-0.2075929,0.9746141,0.08386028,-0.9135635,-0.2238078,0.339576,static,-62.52392,-19.39095,18.08003,5.985721
05/15/2023 12:32:09.911300,4075,True,True,True,True,Eyes,1.626686,-0.01552403,-3.68101,-0.8723928,-0.1602052,0.4618064,0.0,0.0,0.0,0.0,0.0,0.0,0.0,2.939316,0.6035894,2.558332,1.41739,-0.007748678,-3.679661,0.09309004,-0.5649588,0.06148109,0.8175427,12.80765,290.6768,359.7263,0.4229282,-0.0044337,-0.906152,0.0,0.0,0.0,-0.2081377,-0.2589064,-2.386661,0.6506118,0.2089601,1.9929,0.3540836,-0.004657199,0.9352023,-0.2057109,0.9751086,0.0827416,-0.9123092,-0.2216787,0.3443119,static,-62.10522,-19.13217,18.08004,5.985721
05/15/2023 12:32:09.929210,4076,True,True,True,True,Eyes,1.617283,-0.0153272,-3.680551,-0.8690614,-0.1599485,0.4681333,0.0,0.0,0.0,0.0,0.0,0.0,0.0,2.929168,0.5944283,2.56594,1.407302,-0.007967129,-3.679247,0.09174822,-0.562922,0.06083807,0.8191459,12.63883,290.9823,359.7872,0.4210638,-0.004376164,-0.9070202,0.0,0.0,0.0,-0.2111806,-0.2535021,-2.376379,0.6506118,0.2089602,1.992901,0.3588353,-0.003623676,0.9333938,-0.2029646,0.975762,0.08181617,-0.9110667,-0.2188045,0.3494024,static,-61.69019,-18.8639,18.08003,5.985721
05/15/2023 12:32:09.939727,4077,True,True,True,True,Eyes,1.60786,-0.01519978,-3.680106,-0.8657367,-0.1593413,0.4744579,0.0,0.0,0.0,0.0,0.0,0.0,0.0,2.917464,0.5816962,2.576205,1.397095,-0.00887695,-3.678974,0.08976165,-0.5606285,0.05997917,0.821,12.39445,291.331,359.8733,0.4191937,-0.004319876,-0.9078861,0.0,0.0,0.0,-0.2133655,-0.2488035,-2.367738,0.650612,0.2089602,1.992901,0.3641963,-0.002160083,0.9313197,-0.1991317,0.9766906,0.08013656,-0.9097844,-0.2146407,0.355277,static,-61.27552,-18.56404,18.08004,5.985721
05/15/2023 12:32:09.959327,4078,True,True,True,True,Eyes,1.598409,-0.01512511,-3.679672,-0.8623972,-0.1588155,0.4806753,0.0,0.0,0.0,0.0,0.0,0.0,0.0,2.90776,0.5754968,2.582858,1.387208,-0.01045325,-3.678718,0.08891845,-0.5585072,0.06051956,0.8224967,12.34933,291.6454,0.01355437,0.4173182,-0.004266445,-0.90875,0.0,0.0,0.0,-0.2173128,-0.2424849,-2.358549,0.6506118,0.2089601,1.9929,0.3688143,0.0002311014,0.9295031,-0.1988775,0.9768618,0.07866901,-0.9079779,-0.2138714,0.3603266,static,-60.86597,-18.28359,18.08004,5.985721
05/15/2023 12:32:09.979409,4079,True,True,True,True,Eyes,1.588921,-0.01511327,-3.679259,-0.8590423,-0.1581797,0.4868528,0.0,0.0,0.0,0.0,0.0,0.0,0.0,2.898758,0.5792615,2.586488,1.377015,-0.01163568,-3.678581,0.08953482,-0.5564258,0.06133997,0.8237787,12.46106,291.9346,0.08344916,0.4154364,-0.004216891,-0.9096121,0.0,0.0,0.0,-0.2206749,-0.2339504,-2.348269,0.6506116,0.2089601,1.9929,0.3732556,0.001422164,0.9277276,-0.2007001,0.9764419,0.07925148,-0.9057593,-0.215776,0.3647478,static,-60.45808,-17.99911,18.08003,5.985722
05/15/2023 12:32:09.989965,4080,True,True,True,True,Eyes,1.579405,-0.01515779,-3.678862,-0.855652,-0.1576932,0.4929426,0.0,0.0,0.0,0.0,0.0,0.0,0.0,2.889061,0.5825682,2.590831,1.366781,-0.01313961,-3.678342,0.08973753,-0.5543799,0.06089961,0.8251675,12.45191,292.2169,0.05910936,0.4135471,-0.004172385,-0.9104728,0.0,0.0,0.0,-0.2239044,-0.2324022,-2.339438,0.6506118,0.2089602,1.9929,0.3779082,0.001007388,0.9258426,-0.2000021,0.9764768,0.08057393,-0.9039826,-0.21562,0.3692201,static,-60.05368,-17.73957,18.08003,5.985722
05/15/2023 12:32:10.010420,4081,True,True,True,True,Eyes,1.569848,-0.01525909,-3.678498,-0.8521922,-0.1572479,0.4990407,0.0,0.0,0.0,0.0,0.0,0.0,0.0,2.877546,0.5976135,2.59487,1.356545,-0.01450211,-3.678361,0.09154937,-0.5519815,0.06069434,0.8265903,12.61225,292.5268,359.9572,0.41165,-0.004133829,-0.9113322,0.0,0.0,0.0,-0.2271668,-0.2366931,-2.331524,0.6506119,0.2089602,1.992901,0.3832654,-0.0007284121,0.923638,-0.2014058,0.9758698,0.08434334,-0.9014118,-0.2183519,0.3738705,static,-59.64692,-17.48966,18.08003,5.985723
05/15/2023 12:32:10.029454,4082,True,True,True,True,Eyes,1.560253,-0.01540501,-3.678157,-0.8487265,-0.1568262,0.5050435,0.0,0.0,0.0,0.0,0.0,0.0,0.0,2.865832,0.6125194,2.598989,1.346092,-0.01591219,-3.67841,0.09335854,-0.5495213,0.0605608,0.8280356,12.7776,292.8447,359.8642,0.4097442,-0.004102053,-0.9121909,0.0,0.0,0.0,-0.2306876,-0.2381487,-2.323323,0.6506118,0.2089602,1.992901,0.3887175,-0.002312014,0.9213541,-0.202898,0.9752332,0.08804946,-0.8987386,-0.2211673,0.3786211,static,-59.2448,-17.25062,18.08003,5.985722
05/15/2023 12:32:10.039608,4083,True,True,True,True,Eyes,1.550611,-0.01561499,-3.677814,-0.8452079,-0.1562749,0.511079,0.0,0.0,0.0,0.0,0.0,0.0,0.0,2.856633,0.6154339,2.603338,1.335571,-0.01712701,-3.678646,0.09360947,-0.5474204,0.06035919,0.8294126,12.78924,293.134,359.8612,0.4078287,-0.004077492,-0.913049,0.0,0.0,0.0,-0.2326077,-0.2462118,-2.31472,0.6506118,0.2089601,1.992901,0.3933756,-0.002362111,0.919375,-0.2026128,0.9751881,0.08919803,-0.8967742,-0.2213654,0.3831365,static,-58.83955,-17.00229,18.08003,5.985721
05/15/2023 12:32:10.059816,4084,True,True,True,True,Eyes,1.540922,-0.01587117,-3.677497,-0.8416508,-0.1557141,0.5170852,0.0,0.0,0.0,0.0,0.0,0.0,0.0,2.843091,0.6163489,2.612301,1.324546,-0.01887578,-3.67864,0.09327586,-0.5447261,0.05934396,0.831295,12.69329,293.5091,359.8264,0.4059033,-0.004061045,-0.9139067,0.0,0.0,0.0,-0.2344987,-0.2543959,-2.306013,0.6506118,0.2089602,1.992901,0.3995035,-0.002954909,0.9167269,-0.2002843,0.9755558,0.0904271,-0.8945855,-0.2197319,0.3891461,static,-58.43467,-16.75906,18.08003,5.985722
05/15/2023 12:32:10.079625,4085,True,True,True,True,Eyes,1.531175,-0.01618169,-3.677199,-0.8379633,-0.1550036,0.5232508,0.0,0.0,0.0,0.0,0.0,0.0,0.0,2.829173,0.6174814,2.622158,1.313691,-0.0202482,-3.678997,0.093126,-0.5418645,0.05884429,0.8332155,12.64791,293.9071,359.8318,0.4039667,-0.004053064,-0.9147643,0.0,0.0,0.0,-0.2380137,-0.2560476,-2.298298,0.6506119,0.2089603,1.992901,0.4058406,-0.002863378,0.9139394,-0.1989833,0.9757298,0.09141676,-0.8920196,-0.2189593,0.395421,static,-58.01804,-16.50097,18.08003,5.985723
05/15/2023 12:32:10.089440,4086,True,True,True,True,Eyes,1.521383,-0.0165456,-3.67693,-0.8341982,-0.1542889,0.5294415,0.0,0.0,0.0,0.0,0.0,0.0,0.0,2.811089,0.6154131,2.636733,1.30249,-0.02190804,-3.679179,0.09247293,-0.5383369,0.05840973,0.835602,12.55809,294.4041,359.8856,0.4020182,-0.00405408,-0.9156223,0.0,0.0,0.0,-0.2402036,-0.2548499,-2.287781,0.6506115,0.2089602,1.992901,0.4135635,-0.001948598,0.9104733,-0.1971777,0.9760741,0.09165288,-0.888868,-0.2174293,0.4032844,static,-57.59789,-16.24709,18.08003,5.985722
05/15/2023 12:32:10.110780,4087,True,True,True,True,Eyes,1.511535,-0.01695453,-3.67671,-0.8303217,-0.1534697,0.5357358,0.0,0.0,0.0,0.0,0.0,0.0,0.0,2.79293,0.613705,2.651702,1.291535,-0.02356865,-3.679674,0.09206091,-0.5346645,0.0588485,0.8379712,12.54564,294.9217,0.01075873,0.4000572,-0.004064549,-0.9164808,0.0,0.0,0.0,-0.24155,-0.2545866,-2.27724,0.6506119,0.2089601,1.992901,0.4213417,0.0001833098,0.906902,-0.19707,0.9761233,0.09136037,-0.8852314,-0.2172171,0.4113175,static,-57.1693,-15.98516,18.08004,5.985721
05/15/2023 12:32:10.129454,4088,True,True,True,True,Eyes,1.50163,-0.01738495,-3.676525,-0.826393,-0.1526923,0.5419961,0.0,0.0,0.0,0.0,0.0,0.0,0.0,2.77521,0.622962,2.663556,1.280464,-0.02507782,-3.680242,0.09327447,-0.5309803,0.05982785,0.8401076,12.72407,295.4207,0.08633607,0.3980827,-0.004084673,-0.91734,0.0,0.0,0.0,-0.2410691,-0.2525303,-2.263957,0.6506119,0.2089601,1.992901,0.4289612,0.001469867,0.9033218,-0.1995775,0.975441,0.09318634,-0.8810002,-0.220256,0.4187198,static,-56.74083,-15.7337,18.08003,5.98572
05/15/2023 12:32:10.139659,4089,True,True,True,True,Eyes,1.491665,-0.017838,-3.676352,-0.8224255,-0.1516606,0.5482839,0.0,0.0,0.0,0.0,0.0,0.0,0.0,2.760523,0.6260815,2.673611,1.269124,-0.02602325,-3.680938,0.0935453,-0.5278429,0.05978005,0.8420556,12.74719,295.8495,0.1128946,0.3960938,-0.004114048,-0.9182004,0.0,0.0,0.0,-0.2396935,-0.2523707,-2.250827,0.6506118,0.2089602,1.992901,0.4356165,0.001921818,0.9001303,-0.1994307,0.9753513,0.09443173,-0.8777617,-0.2206496,0.4252624,static,-56.30993,-15.46196,18.08003,5.985723
05/15/2023 12:32:10.159735,4090,True,True,True,True,Eyes,1.481629,-0.01832758,-3.676209,-0.8184676,-0.1505086,0.5544888,0.0,0.0,0.0,0.0,0.0,0.0,0.0,2.747845,0.6200039,2.683278,1.257502,-0.02708392,-3.681439,0.09239689,-0.5251197,0.05883571,0.8439493,12.57681,296.2335,0.1332507,0.3940901,-0.004152338,-0.9190621,0.0,0.0,0.0,-0.237898,-0.2592415,-2.238591,0.6506119,0.2089603,1.992901,0.4415753,0.002269863,0.8972213,-0.1963475,0.9760023,0.09416496,-0.8754763,-0.2177481,0.4314242,static,-55.88346,-15.18627,18.08003,5.985723
05/15/2023 12:32:10.179271,4091,True,True,True,True,Eyes,1.471529,-0.01885383,-3.6761,-0.8145388,-0.1491604,0.5606047,0.0,0.0,0.0,0.0,0.0,0.0,0.0,2.738443,0.6089872,2.690726,1.245715,-0.02849008,-3.682027,0.09062973,-0.5228492,0.05807592,0.8456018,12.35705,296.5635,0.2021731,0.3920705,-0.004199593,-0.9199252,0.0,0.0,0.0,-0.2384236,-0.2606961,-2.228065,0.6506118,0.2089602,1.992901,0.4465119,0.003446829,0.8947712,-0.1929896,0.9768269,0.09254342,-0.8737175,-0.2140032,0.43683,static,-55.46239,-14.89952,18.08003,5.985721
05/15/2023 12:32:10.189870,4092,True,True,True,True,Eyes,1.461377,-0.01938193,-3.676016,-0.8106135,-0.1479415,0.5665854,0.0,0.0,0.0,0.0,0.0,0.0,0.0,2.731342,0.6024772,2.694837,1.234147,-0.0299567,-3.682572,0.08962081,-0.5208852,0.05788275,0.8469336,12.24581,296.8443,0.2744689,0.3900346,-0.004255862,-0.92079,0.0,0.0,0.0,-0.24097,-0.2556119,-2.218234,0.6506116,0.2089601,1.9929,0.4506564,0.004681375,0.8926852,-0.19141,0.9772354,0.0915052,-0.8719352,-0.2121063,0.4412934,static,-55.04804,-14.63381,18.08003,5.98572
05/15/2023 12:32:10.209977,4093,True,True,True,True,Eyes,1.451143,-0.01991108,-3.675974,-0.8066508,-0.1467017,0.5725323,0.0,0.0,0.0,0.0,0.0,0.0,0.0,2.72492,0.6091602,2.695378,1.222696,-0.03051093,-3.683125,0.09064254,-0.5189676,0.05823526,0.8479772,12.36684,297.0959,0.274706,0.3879815,-0.004320323,-0.9216566,0.0,0.0,0.0,-0.2453388,-0.2486167,-2.209981,0.6506119,0.2089603,1.992901,0.4545625,0.004683257,0.8907025,-0.1928454,0.9767852,0.09328118,-0.8695881,-0.21417,0.4449131,static,-54.63421,-14.37187,18.08003,5.985723
05/15/2023 12:32:10.229436,4094,True,True,True,True,Eyes,1.440872,-0.02041521,-3.67595,-0.8026665,-0.1455674,0.5783913,0.0,0.0,0.0,0.0,0.0,0.0,0.0,2.715712,0.6109315,2.699245,1.210821,-0.03109805,-3.683368,0.09067706,-0.5167658,0.0573185,0.8493795,12.31457,297.3901,0.214214,0.3859106,-0.004392201,-0.9225253,0.0,0.0,0.0,-0.2503284,-0.2454144,-2.203206,0.6506116,0.2089602,1.992901,0.4593355,0.003652705,0.8882554,-0.1910879,0.9769845,0.094798,-0.8674656,-0.2132789,0.4494617,static,-54.22396,-14.12661,18.08003,5.985721
05/15/2023 12:32:10.239625,4095,True,True,True,True,Eyes,1.430549,-0.02090357,-3.675909,-0.7986135,-0.1444258,0.5842581,0.0,0.0,0.0,0.0,0.0,0.0,0.0,2.705213,0.6183451,2.703678,1.199607,-0.03098613,-3.6838,0.09163938,-0.5143248,0.0568724,0.8507866,12.38226,297.7076,0.1471036,0.3838217,-0.004470147,-0.923396,0.0,0.0,0.0,-0.2548601,-0.2501743,-2.197464,0.6506116,0.2089601,1.992901,0.464471,0.002507742,0.8855848,-0.1910373,0.9767355,0.09742934,-0.8647377,-0.2144329,0.4541444,static,-53.81115,-13.88489,18.08003,5.985721
05/15/2023 12:32:10.259547,4096,True,True,True,True,Eyes,1.420172,-0.02128108,-3.67588,-0.7945024,-0.1434052,0.5900854,0.0,0.0,0.0,0.0,0.0,0.0,0.0,2.688556,0.6231629,2.714078,1.187707,-0.03111795,-3.68392,0.0918646,-0.5110549,0.05518826,0.8528414,12.3041,298.1382,0.013954,0.3817153,-0.004553177,-0.9242683,0.0,0.0,0.0,-0.2590328,-0.2496145,-2.189917,0.6506119,0.2089602,1.992901,0.4715544,0.000237959,0.8818371,-0.1880293,0.9770303,0.1002834,-0.8615577,-0.2131003,0.4607677,static,-53.39834,-13.65947,18.08003,5.985721
05/15/2023 12:32:10.279631,4097,True,True,True,True,Eyes,1.40973,-0.02151221,-3.675821,-0.7903169,-0.1422999,0.5959446,0.0,0.0,0.0,0.0,0.0,0.0,0.0,2.673386,0.6327986,2.722062,1.175934,-0.02881078,-3.684209,0.09322058,-0.5079312,0.05409948,0.8546281,12.3742,298.5372,359.8692,0.3795908,-0.004638005,-0.9251425,0.0,0.0,0.0,-0.2614587,-0.2525992,-2.182205,0.6506115,0.2089601,1.992901,0.4781584,-0.0022294,0.8782708,-0.1871691,0.9767663,0.1043802,-0.8580981,-0.2142954,0.4666318,static,-52.98159,-13.42964,18.08003,5.98572
05/15/2023 12:32:10.289984,4098,True,True,True,True,Eyes,1.399229,-0.02173846,-3.675755,-0.7860471,-0.1406999,0.6019415,0.0,0.0,0.0,0.0,0.0,0.0,0.0,2.653146,0.6359793,2.735443,1.16357,-0.02553698,-3.683987,0.09314017,-0.5043565,0.05019171,0.856989,12.13813,298.9951,359.5356,0.3774485,-0.004720746,-0.9260182,0.0,0.0,0.0,-0.2617839,-0.2514904,-2.170967,0.6506122,0.2089602,1.992901,0.4862105,-0.007924209,0.8738058,-0.1799792,0.9776114,0.1090112,-0.8551064,-0.2102693,0.4738987,static,-52.55573,-13.15631,18.08004,5.985722
05/15/2023 12:32:10.310026,4099,True,True,True,True,Eyes,1.388727,-0.02194694,-3.675719,-0.7815422,-0.1394045,0.6080774,0.0,0.0,0.0,0.0,0.0,0.0,0.0,2.625143,0.6083044,2.763311,1.15157,-0.02575357,-3.683819,0.08775236,-0.4998165,0.04372248,0.8605646,11.22951,299.6323,359.2717,0.3752881,-0.004801498,-0.9268954,0.0,0.0,0.0,-0.2621855,-0.2532255,-2.161034,0.6506121,0.2089603,1.992901,0.4965436,-0.01246812,0.8679222,-0.1629722,0.9807757,0.1073267,-0.8525752,-0.1947396,0.484966,static,-52.11537,-12.91219,18.08004,5.985724
05/15/2023 12:32:10.330148,4100,True,True,True,True,Eyes,1.378163,-0.02203193,-3.675665,-0.7768983,-0.1383168,0.6142455,0.0,0.0,0.0,0.0,0.0,0.0,0.0,2.602715,0.6271833,2.776582,1.141075,-0.02550896,-3.684316,0.09068712,-0.4953105,0.04571585,0.8627592,11.64045,300.2144,359.3593,0.3731107,-0.004880007,-0.9277736,0.0,0.0,0.0,-0.2618464,-0.2454565,-2.148266,0.6506117,0.2089602,1.992901,0.5051552,-0.01095301,0.862959,-0.1687201,0.9793718,0.1111952,-0.8463757,-0.2017694,0.4928868,moving,-51.66875,-12.69029,18.08003,5.985721
05/15/2023 12:32:10.349361,4101,True,True,True,True,Eyes,1.367581,-0.02206443,-3.675556,-0.7722111,-0.1367458,0.6204761,0.0,0.0,0.0,0.0,0.0,0.0,0.0,2.580138,0.6428975,2.788683,1.129199,-0.02296172,-3.68396,0.09342615,-0.490826,0.04721266,0.8649466,12.00304,300.7915,359.4119,0.3709159,-0.004953375,-0.9286529,0.0,0.0,0.0,-0.2599286,-0.2189279,-2.132959,0.6475637,0.207023,1.993142,0.5137216,-0.0100391,0.8578982,-0.1733848,0.978085,0.1152708,-0.8402546,-0.2079636,0.5007228,moving,-51.21792,-12.42865,17.99877,5.929914
05/15/2023 12:32:10.359879,4102,True,True,True,True,Eyes,1.357005,-0.02208819,-3.675446,-0.7674244,-0.1354016,0.6266787,0.0,0.0,0.0,0.0,0.0,0.0,0.0,2.555628,0.5946411,2.81623,1.117286,-0.02155574,-3.683367,0.08616232,-0.4865633,0.04338934,0.8683028,11.06096,301.4228,359.504,0.368705,-0.005020775,-0.9295325,0.0,0.0,0.0,-0.2551997,-0.2340541,-2.123004,0.6442971,0.2049467,1.993401,0.5227471,-0.00849668,0.8524455,-0.159197,0.9813868,0.1074066,-0.8374914,-0.1918533,0.5116644,moving,-50.76493,-12.19204,17.91161,5.870102
05/15/2023 12:32:10.369575,4103,True,True,True,True,Eyes,1.34642,-0.0220673,-3.675313,-0.762569,-0.13443,0.6327852,0.0,0.0,0.0,0.0,0.0,0.0,0.0,2.536771,0.6034759,2.827054,1.106745,-0.02134746,-3.683244,0.08789337,-0.4826086,0.04590191,0.870205,11.3777,301.9464,359.7108,0.3664789,-0.00508259,-0.9304121,0.0,0.0,0.0,-0.2517666,-0.2454744,-2.112213,0.6412015,0.2029788,1.993647,0.5299639,-0.004948058,0.8480057,-0.1647243,0.9803355,0.1086652,-0.8318679,-0.1972758,0.5187273,moving,-50.31387,-11.9937,17.82895,5.813412
05/15/2023 12:32:10.389956,4104,True,True,True,True,Eyes,1.335844,-0.02199892,-3.675161,-0.7576376,-0.1334571,0.6388853,0.0,0.0,0.0,0.0,0.0,0.0,0.0,2.517952,0.6210245,2.83491,1.095883,-0.02016902,-3.68254,0.09099579,-0.4786756,0.04864027,0.8719079,11.84389,302.4527,359.8656,0.3642385,-0.005138234,-0.9312911,0.0,0.0,0.0,-0.2510763,-0.2123231,-2.097735,0.6379787,0.20093,1.993902,0.5370076,-0.002295255,0.8435742,-0.1719346,0.9787078,0.1121141,-0.82587,-0.2052457,0.5251789,moving,-49.86041,-11.79888,17.74285,5.754399
05/15/2023 12:32:10.410004,4105,True,True,True,True,Eyes,1.325297,-0.02189199,-3.674981,-0.7526755,-0.1327345,0.644873,0.0,0.0,0.0,0.0,0.0,0.0,0.0,2.497394,0.6178588,2.848953,1.085423,-0.01897444,-3.68195,0.09064324,-0.4747825,0.04852151,0.8740772,11.80215,302.9725,359.9269,0.3619849,-0.005187113,-0.9321692,0.0,0.0,0.0,-0.2485836,-0.2230328,-2.089092,0.6345723,0.1987651,1.994172,0.5444544,-0.001248568,0.8387895,-0.1708948,0.9788589,0.112384,-0.8211969,-0.2045327,0.5327307,moving,-49.41088,-11.63078,17.65177,5.692041
05/15/2023 12:32:10.419824,4106,True,True,True,True,Eyes,1.314757,-0.02172276,-3.674777,-0.7476589,-0.1320892,0.6508139,0.0,0.0,0.0,0.0,0.0,0.0,0.0,2.478594,0.6349688,2.857017,1.075331,-0.01789102,-3.681372,0.09310764,-0.4711572,0.04871304,0.8757677,12.06284,303.4251,359.8586,0.3597196,-0.005228908,-0.9330455,0.0,0.0,0.0,-0.2458669,-0.2382172,-2.080162,0.6316958,0.196937,1.9944,0.5512759,-0.002414042,0.8343197,-0.1730593,0.9779161,0.1171783,-0.8161774,-0.2089843,0.5386838,moving,-48.96144,-11.47292,17.5748,5.639388
05/15/2023 12:32:10.440181,4107,True,True,True,True,Eyes,1.30425,-0.02149929,-3.674515,-0.7427078,-0.1312686,0.6566229,0.0,0.0,0.0,0.0,0.0,0.0,0.0,2.459479,0.6447937,2.86637,1.064844,-0.0161994,-3.680587,0.09421632,-0.4677088,0.04673164,0.8776035,12.0686,303.8524,359.6421,0.3574435,-0.00526273,-0.9339197,0.0,0.0,0.0,-0.2436489,-0.2368815,-2.070165,0.6286013,0.1949699,1.994646,0.5581293,-0.006107896,0.8297316,-0.1701553,0.9778789,0.1216555,-0.8121201,-0.2090827,0.5447435,moving,-48.52032,-11.30524,17.49195,5.582736
05/15/2023 12:32:10.459687,4108,True,True,True,True,Eyes,1.293735,-0.02126413,-3.67421,-0.7377118,-0.1303059,0.6624211,0.0,0.0,0.0,0.0,0.0,0.0,0.0,2.440635,0.642875,2.877884,1.054592,-0.01467016,-3.67965,0.09329564,-0.4645422,0.04273285,0.8795854,11.76075,304.2502,359.3267,0.3551579,-0.00528798,-0.9347911,0.0,0.0,0.0,-0.2415079,-0.247661,-2.062404,0.6253505,0.1929034,1.994904,0.5647488,-0.01150514,0.8251827,-0.1618539,0.9789397,0.1244205,-0.8092356,-0.2038254,0.5509928,moving,-48.07806,-11.12866,17.40485,5.523218
05/15/2023 12:32:10.469574,4109,True,True,True,True,Eyes,1.283244,-0.02103424,-3.673868,-0.732751,-0.1292279,0.6681139,0.0,0.0,0.0,0.0,0.0,0.0,0.0,2.41989,0.6369733,2.891042,1.043801,-0.01417236,-3.678316,0.09180197,-0.4610221,0.03918412,0.8817572,11.42141,304.704,359.0914,0.3528634,-0.005305207,-0.9356595,0.0,0.0,0.0,-0.2407297,-0.250541,-2.054348,0.6220937,0.1908336,1.995163,0.5718465,-0.01554371,0.8202134,-0.1537472,0.980074,0.1257646,-0.8058247,-0.1980236,0.5580621,moving,-47.6418,-10.94708,17.31753,5.463614
05/15/2023 12:32:10.489486,4110,True,True,True,True,Eyes,1.272783,-0.02079085,-3.673474,-0.7276918,-0.1280844,0.673839,0.0,0.0,0.0,0.0,0.0,0.0,0.0,2.39923,0.6265854,2.905181,1.033964,-0.0141115,-3.676916,0.09021277,-0.4572968,0.03840121,0.8838929,11.22126,305.205,359.1458,0.3505613,-0.005315336,-0.9365244,0.0,0.0,0.0,-0.2412111,-0.2436873,-2.046003,0.6188885,0.188796,1.995417,0.57881,-0.01462291,0.8153313,-0.1503931,0.980774,0.1243553,-0.8014742,-0.1945983,0.5654826,moving,-47.20047,-10.76248,17.23154,5.404939
05/15/2023 12:32:10.509409,4111,True,True,True,True,Eyes,1.262373,-0.02054315,-3.673022,-0.7225524,-0.1270561,0.6795402,0.0,0.0,0.0,0.0,0.0,0.0,0.0,2.375253,0.6158859,2.921579,1.024073,-0.01358354,-3.675304,0.08886112,-0.4529697,0.03879827,0.8862374,11.10765,305.7888,359.3148,0.3482526,-0.005318723,-0.9373854,0.0,0.0,0.0,-0.2410099,-0.2359087,-2.036148,0.6156607,0.1867446,1.995673,0.5866264,-0.01173384,0.8097727,-0.1492717,0.9811968,0.1223552,-0.7959819,-0.192653,0.5738444,moving,-46.75712,-10.59052,17.14488,5.345872
05/15/2023 12:32:10.529360,4112,True,True,True,True,Eyes,1.252003,-0.02030407,-3.672516,-0.7172779,-0.1261627,0.6852702,0.0,0.0,0.0,0.0,0.0,0.0,0.0,2.348069,0.6160373,2.938086,1.014676,-0.01324627,-3.673627,0.08911585,-0.4481272,0.04017014,0.8886094,11.20857,306.4276,359.5047,0.3459388,-0.00531592,-0.9382417,0.0,0.0,0.0,-0.2389689,-0.230276,-2.025877,0.6125189,0.1847473,1.995922,0.5951366,-0.008479342,0.8035797,-0.1512616,0.9808894,0.1223757,-0.7892606,-0.194381,0.5824807,moving,-46.30733,-10.43171,17.06048,5.288365
05/15/2023 12:32:10.540421,4113,True,True,True,True,Eyes,1.241703,-0.02002771,-3.671968,-0.7119796,-0.125695,0.6908587,0.0,0.0,0.0,0.0,0.0,0.0,0.0,2.321793,0.6206892,2.95248,1.005157,-0.01321369,-3.671866,0.09008476,-0.4433503,0.04223468,0.8908097,11.41689,307.0544,359.7292,0.3436215,-0.005307759,-0.939093,0.0,0.0,0.0,-0.2347112,-0.2260615,-2.014094,0.6092595,0.1826759,1.99618,0.6033136,-0.004632097,0.7974907,-0.1551243,0.9802019,0.1230472,-0.7822719,-0.1979462,0.5906506,moving,-45.86257,-10.31161,16.97286,5.22873
05/15/2023 12:32:10.559849,4114,True,True,True,True,Eyes,1.231423,-0.01974306,-3.671352,-0.7065752,-0.1253509,0.6964471,0.0,0.0,0.0,0.0,0.0,0.0,0.0,2.299218,0.6444252,2.960145,0.9964079,-0.01194933,-3.670309,0.09395581,-0.4391019,0.04494989,0.8923796,11.95619,307.5863,359.866,0.341302,-0.0052938,-0.9399385,0.0,0.0,0.0,-0.2276745,-0.2292739,-2.001632,0.6060446,0.1806322,1.996435,0.610338,-0.00228763,0.7921379,-0.1627371,0.9783036,0.1282133,-0.7752445,-0.2071637,0.5967237,moving,-45.4136,-10.20321,16.88637,5.169897
05/15/2023 12:32:10.579804,4115,True,True,True,True,Eyes,1.221218,-0.01947865,-3.670699,-0.7012271,-0.1251566,0.7018663,0.0,0.0,0.0,0.0,0.0,0.0,0.0,2.274581,0.6538736,2.970989,0.9864978,-0.01144561,-3.66807,0.09534583,-0.4347481,0.04538349,0.8943398,12.12258,308.1395,359.8988,0.3389809,-0.005274402,-0.9407782,0.0,0.0,0.0,-0.220965,-0.2363679,-1.990026,0.6025496,0.1784109,1.996713,0.6178688,-0.001726333,0.7862793,-0.1640793,0.977699,0.1310824,-0.7689708,-0.2100039,0.6038066,moving,-44.9739,-10.11069,16.79228,5.105949
05/15/2023 12:32:10.589661,4116,True,True,True,True,Eyes,1.211078,-0.01921401,-3.670001,-0.6957994,-0.1253105,0.7072203,0.0,0.0,0.0,0.0,0.0,0.0,0.0,2.252717,0.6634438,2.980657,0.9781206,-0.01163723,-3.666382,0.09682364,-0.4307773,0.04672142,0.896032,12.34321,308.6491,0.01811883,0.3366597,-0.005250618,-0.9416115,0.0,0.0,0.0,-0.2144731,-0.2542968,-1.981066,0.5996211,0.1765493,1.996946,0.624496,0.0003089192,0.7810279,-0.1671466,0.9768846,0.1332611,-0.762933,-0.2137672,0.6101122,moving,-44.53361,-10.0478,16.71339,5.052366
05/15/2023 12:32:10.609760,4117,True,True,True,True,Eyes,1.201011,-0.01892271,-3.669239,-0.6905035,-0.1255386,0.7123518,0.0,0.0,0.0,0.0,0.0,0.0,0.0,2.233472,0.6899547,2.984072,0.9694689,-0.01129811,-3.664577,0.1009064,-0.4270648,0.0490327,0.8972343,12.88258,309.105,0.1058222,0.3343394,-0.00522286,-0.942438,0.0,0.0,0.0,-0.2095643,-0.2614375,-1.970534,0.5961597,0.1743494,1.99722,0.6304228,0.001800453,0.7762498,-0.1741748,0.9748273,0.1391931,-0.756459,-0.2229537,0.614867,moving,-44.10774,-9.994675,16.62009,4.989047
05/15/2023 12:32:10.630160,4118,True,True,True,True,Eyes,1.191003,-0.01863852,-3.668435,-0.6852073,-0.1257385,0.7174126,0.0,0.0,0.0,0.0,0.0,0.0,0.0,2.215886,0.7016448,2.989262,0.9608187,-0.0103194,-3.662631,0.1025197,-0.4239419,0.04840295,0.8985655,13.01943,309.4847,0.003623062,0.3320218,-0.005190832,-0.9432572,0.0,0.0,0.0,-0.2042279,-0.2700161,-1.96149,0.5931164,0.172415,1.997461,0.6358608,6.160163e-05,0.7718037,-0.1739113,0.9742937,0.1432013,-0.7519547,-0.2252815,0.6195258,moving,-43.68467,-9.94107,16.53801,4.933376
05/15/2023 12:32:10.639642,4119,True,True,True,True,Eyes,1.18106,-0.01837965,-3.667588,-0.6800583,-0.1258942,0.7222682,0.0,0.0,0.0,0.0,0.0,0.0,0.0,2.199397,0.7063268,2.995331,0.9521414,-0.01018867,-3.660816,0.1027508,-0.4211603,0.04603758,0.8999705,12.92784,309.819,359.7834,0.3297078,-0.005155132,-0.9440688,0.0,0.0,0.0,-0.1994933,-0.2895349,-1.9546,0.5899276,0.1703879,1.997714,0.6410092,-0.003684186,0.7675244,-0.169414,0.9746456,0.146167,-0.7486028,-0.2237237,0.6241326,moving,-43.27592,-9.887546,16.45194,4.875041
05/15/2023 12:32:10.659625,4120,True,True,True,True,Eyes,1.171145,-0.01811552,-3.666681,-0.6749228,-0.1260412,0.7270439,0.0,0.0,0.0,0.0,0.0,0.0,0.0,2.185776,0.7208587,2.996867,0.9436921,-0.01049393,-3.658935,0.1044115,-0.4187727,0.04421157,0.9009846,13.01319,310.0903,359.5424,0.3273981,-0.005116766,-0.9448724,0.0,0.0,0.0,-0.1977516,-0.2963486,-1.947874,0.5867486,0.1683674,1.997965,0.6453496,-0.007781463,0.7638478,-0.1671172,0.9742872,0.151117,-0.745383,-0.2251754,0.6274554,moving,-42.87089,-9.835114,16.36609,4.816901
05/15/2023 12:32:10.679719,4121,True,True,True,True,Eyes,1.161247,-0.0178475,-3.665747,-0.6698939,-0.1257979,0.7317221,0.0,0.0,0.0,0.0,0.0,0.0,0.0,2.171035,0.7272216,3.000286,0.9343822,-0.01007709,-3.656609,0.1048914,-0.4162894,0.04143068,0.902211,12.93012,310.3781,359.2609,0.3250926,-0.005075857,-0.9456683,0.0,0.0,0.0,-0.197903,-0.2973278,-1.941534,0.5834599,0.1662771,1.998226,0.6499732,-0.01257193,0.7598531,-0.1620888,0.9745626,0.154774,-0.7424703,-0.2237626,0.6314019,moving,-42.4742,-9.754951,16.27722,4.756755
05/15/2023 12:32:10.689823,4122,True,True,True,True,Eyes,1.15139,-0.01761537,-3.664757,-0.6648322,-0.1253417,0.7364017,0.0,0.0,0.0,0.0,0.0,0.0,0.0,2.153147,0.720416,3.009162,0.9255877,-0.009768441,-3.654215,0.1033947,-0.4134452,0.03799841,0.9038411,12.61069,310.7293,359.0132,0.3227911,-0.005032544,-0.9464566,0.0,0.0,0.0,-0.1988466,-0.3049222,-1.936829,0.5803803,0.1643197,1.998471,0.6552383,-0.01680704,0.7552351,-0.1541851,0.9757313,0.1554842,-0.7395198,-0.2183253,0.6367452,moving,-42.0761,-9.659643,16.19394,4.700441
05/15/2023 12:32:10.710362,4123,True,True,True,True,Eyes,1.141571,-0.01742976,-3.663718,-0.6598346,-0.1246535,0.7409992,0.0,0.0,0.0,0.0,0.0,0.0,0.0,2.132837,0.7083057,3.020903,0.9166145,-0.01043482,-3.651883,0.1010982,-0.4101476,0.03496776,0.9057238,12.22891,311.1512,358.8516,0.3204935,-0.004987986,-0.9472373,0.0,0.0,0.0,-0.2008259,-0.306479,-1.931002,0.5770794,0.1622214,1.998734,0.6611123,-0.01958811,0.7500312,-0.1462726,0.9771128,0.1544502,-0.7358905,-0.2118179,0.6431162,moving,-41.68398,-9.549088,16.10462,4.640075
05/15/2023 12:32:10.729299,4124,True,True,True,True,Eyes,1.131774,-0.01728365,-3.662625,-0.6547953,-0.1238644,0.7455874,0.0,0.0,0.0,0.0,0.0,0.0,0.0,2.112132,0.7044041,3.030937,0.9077529,-0.01140432,-3.649619,0.1001025,-0.4066679,0.03309797,0.9074718,12.04033,311.5907,358.7494,0.3182005,-0.004943518,-0.9480103,0.0,0.0,0.0,-0.2013583,-0.2995275,-1.923029,0.5739045,0.1602034,1.998985,0.6670514,-0.02134597,0.7447058,-0.1414879,0.9777681,0.1547606,-0.7314531,-0.2086001,0.6492014,moving,-41.29049,-9.432399,16.01866,4.582026
05/15/2023 12:32:10.739700,4125,True,True,True,True,Eyes,1.121987,-0.01718383,-3.661489,-0.6497469,-0.1229197,0.7501465,0.0,0.0,0.0,0.0,0.0,0.0,0.0,2.092888,0.6979358,3.040115,0.8984045,-0.01222846,-3.647233,0.09880684,-0.403352,0.03126018,0.9091574,11.82245,312.012,358.6613,0.3159115,-0.004900144,-0.9487758,0.0,0.0,0.0,-0.2003561,-0.2904541,-1.913556,0.5708421,0.1582568,1.999228,0.6726598,-0.02286703,0.7395985,-0.1365487,0.97852,0.1544442,-0.7272436,-0.2048796,0.6550886,moving,-40.8978,-9.30584,15.9357,4.526035
05/15/2023 12:32:10.760047,4126,True,True,True,True,Eyes,1.112199,-0.01713348,-3.660284,-0.6446818,-0.1219094,0.7546679,0.0,0.0,0.0,0.0,0.0,0.0,0.0,2.07639,0.6888651,3.047791,0.889096,-0.01330265,-3.644763,0.09720302,-0.400405,0.02974284,0.9106826,11.58729,312.3917,358.6155,0.3136265,-0.004858972,-0.9495338,0.0,0.0,0.0,-0.1982514,-0.287883,-1.904674,0.5676109,0.1562029,1.999485,0.6775824,-0.02366858,0.7350659,-0.1320137,0.9793339,0.1532238,-0.7235015,-0.2008606,0.6604549,moving,-40.50591,-9.176315,15.84811,4.466966
05/15/2023 12:32:10.779679,4127,True,True,True,True,Eyes,1.102395,-0.01714472,-3.659041,-0.6396102,-0.12088,0.7591355,0.0,0.0,0.0,0.0,0.0,0.0,0.0,2.060724,0.6822823,3.053666,0.879239,-0.01446284,-3.641936,0.0960737,-0.3974879,0.02890342,0.9121063,11.43385,312.7673,358.6174,0.3113449,-0.004821069,-0.9502845,0.0,0.0,0.0,-0.1973363,-0.2840298,-1.896039,0.5643346,0.1541207,1.999744,0.6823359,-0.02365029,0.7306561,-0.1291022,0.9798689,0.1522813,-0.7195487,-0.1982364,0.6655464,moving,-40.11584,-9.047468,15.75925,4.407085
05/15/2023 12:32:10.790316,4128,True,True,True,True,Eyes,1.092604,-0.01723244,-3.657732,-0.6345364,-0.1198799,0.7635394,0.0,0.0,0.0,0.0,0.0,0.0,0.0,2.046562,0.6741278,3.058841,0.8697138,-0.01600684,-3.639055,0.09482417,-0.3947356,0.02886815,0.9134325,11.3044,313.1293,358.7073,0.3090654,-0.004787721,-0.9510285,0.0,0.0,0.0,-0.1977439,-0.2793379,-1.888051,0.5611721,0.1521105,1.999995,0.6867008,-0.02212275,0.7266035,-0.1275992,0.98035,0.1504404,-0.715654,-0.1960215,0.6703843,moving,-39.72815,-8.922913,15.67342,4.349284
05/15/2023 12:32:10.810228,4129,True,True,True,True,Eyes,1.082823,-0.01738961,-3.65635,-0.6294006,-0.119359,0.7678596,0.0,0.0,0.0,0.0,0.0,0.0,0.0,2.03362,0.6730555,3.061608,0.8601841,-0.0179386,-3.636182,0.09464342,-0.3920867,0.02961663,0.9145675,11.32302,313.473,358.8287,0.3067878,-0.00476048,-0.9517658,0.0,0.0,0.0,-0.198611,-0.2770537,-1.880046,0.5580897,0.1501511,2.00024,0.6907818,-0.02004404,0.7227854,-0.1283897,0.9803309,0.149891,-0.7115733,-0.1963402,0.6746213,moving,-39.34085,-8.835564,15.58971,4.292945
05/15/2023 12:32:10.829950,4130,True,True,True,True,Eyes,1.073038,-0.01760703,-3.654898,-0.6242863,-0.1188738,0.7720982,0.0,0.0,0.0,0.0,0.0,0.0,0.0,2.020921,0.6826541,3.061557,0.850502,-0.01971337,-3.633116,0.09599801,-0.3894702,0.03053961,0.9155134,11.51143,313.7979,358.8973,0.3045124,-0.004740572,-0.9524963,0.0,0.0,0.0,-0.1998666,-0.2752743,-1.872561,0.5547948,0.1480567,2.000501,0.6947606,-0.01885791,0.7189939,-0.1306956,0.9797034,0.1519864,-0.707267,-0.1995634,0.6781946,moving,-38.95755,-8.75265,15.50018,4.232733
05/15/2023 12:32:10.839847,4131,True,True,True,True,Eyes,1.063235,-0.0178827,-3.653378,-0.6191874,-0.1186774,0.7762234,0.0,0.0,0.0,0.0,0.0,0.0,0.0,2.010023,0.6851246,3.061773,0.840588,-0.02137423,-3.630013,0.09624745,-0.3871709,0.03058436,0.9164605,11.54261,314.0863,358.9199,0.3022385,-0.004728859,-0.9532204,0.0,0.0,0.0,-0.2012255,-0.2786815,-1.865869,0.5515802,0.1460137,2.000756,0.6983267,-0.01846969,0.7155409,-0.1305871,0.979602,0.1527312,-0.7037662,-0.2000967,0.6816704,moving,-38.57909,-8.692682,15.41278,4.174003
05/15/2023 12:32:10.859836,4132,True,True,True,True,Eyes,1.053426,-0.01818409,-3.651783,-0.6141553,-0.1186651,0.7802127,0.0,0.0,0.0,0.0,0.0,0.0,0.0,2.002936,0.6879115,3.05909,0.8305171,-0.02302821,-3.626667,0.09663272,-0.3854043,0.03093047,0.9171526,11.60102,314.3085,358.9618,0.2999654,-0.004726073,-0.953938,0.0,0.0,0.0,-0.2025065,-0.2882663,-1.859803,0.5484765,0.1440407,2.001002,0.7010137,-0.01774941,0.7129269,-0.1312212,0.9794109,0.1534124,-0.7009714,-0.2010954,0.6842512,moving,-38.20855,-8.648026,15.32835,4.117292
05/15/2023 12:32:10.879614,4133,True,True,True,True,Eyes,1.04361,-0.01852194,-3.65009,-0.6091581,-0.1187882,0.784102,0.0,0.0,0.0,0.0,0.0,0.0,0.0,1.997367,0.7032132,3.052535,0.8205335,-0.02390386,-3.623273,0.0988787,-0.3838913,0.0312741,0.917536,11.8565,314.4791,358.9153,0.2976928,-0.004732023,-0.9546496,0.0,0.0,0.0,-0.2056467,-0.2928311,-1.854023,0.5451939,0.1419543,2.001263,0.7032988,-0.01852712,0.7106529,-0.1333076,0.9784898,0.1574378,-0.6982836,-0.2054612,0.685701,moving,-37.84314,-8.614568,15.239,4.057331
05/15/2023 12:32:10.889528,4134,True,True,True,True,Eyes,1.033783,-0.01889173,-3.648324,-0.6042669,-0.1188995,0.7878606,0.0,0.0,0.0,0.0,0.0,0.0,0.0,1.992324,0.7004279,3.049308,0.8102127,-0.02511026,-3.619551,0.09833629,-0.3825704,0.03022297,0.918181,11.75375,314.6419,358.8446,0.2954205,-0.004746824,-0.9553552,0.0,0.0,0.0,-0.2109044,-0.2981052,-1.84926,0.541993,0.1399196,2.001516,0.705453,-0.01974077,0.7084817,-0.1307414,0.978833,0.1574562,-0.6965936,-0.2037058,0.6879398,moving,-37.48719,-8.581997,15.15182,3.998858
05/15/2023 12:32:10.910194,4135,True,True,True,True,Eyes,1.023914,-0.01927944,-3.646487,-0.5993969,-0.1191207,0.7915388,0.0,0.0,0.0,0.0,0.0,0.0,0.0,1.989652,0.7011119,3.044053,0.800105,-0.02624482,-3.61603,0.09837528,-0.3815533,0.02962606,0.9186195,11.73274,314.7643,358.7921,0.2931477,-0.004770464,-0.9560549,0.0,0.0,0.0,-0.2167536,-0.3102848,-1.846094,0.5387409,0.1378526,2.001774,0.7070788,-0.02064066,0.7068334,-0.129501,0.9788892,0.1581311,-0.6951755,-0.2033467,0.6894789,moving,-37.13501,-8.558366,15.06319,3.939466
05/15/2023 12:32:10.929371,4136,True,True,True,True,Eyes,1.014023,-0.01969532,-3.644559,-0.5946214,-0.1191894,0.7951223,0.0,0.0,0.0,0.0,0.0,0.0,0.0,1.986601,0.7033408,3.038079,0.7896791,-0.02706873,-3.612045,0.09864374,-0.3805186,0.02879706,0.9190461,11.72602,314.8843,358.7043,0.2908739,-0.00480256,-0.956749,0.0,0.0,0.0,-0.2243769,-0.310592,-1.841505,0.5354949,0.1357892,2.002032,0.7087527,-0.02213991,0.7051096,-0.1280032,0.9788803,0.1594007,-0.693747,-0.2032319,0.69095,moving,-36.79048,-8.525204,14.97468,3.880183
05/15/2023 12:32:10.939484,4137,True,True,True,True,Eyes,1.004097,-0.02014296,-3.642562,-0.5898421,-0.1192953,0.7986582,0.0,0.0,0.0,0.0,0.0,0.0,0.0,1.982263,0.6927671,3.035792,0.7792485,-0.02819167,-3.60795,0.09701136,-0.3793017,0.02765556,0.9197577,11.50383,315.0443,358.6714,0.2885981,-0.004843052,-0.9574379,0.0,0.0,0.0,-0.2327195,-0.3134016,-1.838033,0.5323868,0.1338138,2.002278,0.7107307,-0.02272033,0.7030971,-0.124466,0.9796479,0.1574743,-0.6923655,-0.1994335,0.693438,moving,-36.4474,-8.495441,14.88989,3.823435
05/15/2023 12:32:10.959619,4138,True,True,True,True,Eyes,0.9941595,-0.02061621,-3.640483,-0.5851445,-0.1194699,0.8020803,0.0,0.0,0.0,0.0,0.0,0.0,0.0,1.978765,0.6899053,3.03128,0.7688767,-0.02941877,-3.603901,0.096663,-0.3780895,0.02771853,0.9202914,11.47126,315.201,358.7092,0.2863197,-0.004891967,-0.9581214,0.0,0.0,0.0,-0.2413578,-0.3167491,-1.834233,0.5292153,0.131798,2.00253,0.7125599,-0.02207629,0.7012638,-0.1241128,0.9797759,0.1569561,-0.6905464,-0.1988764,0.6954091,moving,-36.11201,-8.47192,14.80332,3.765532
05/15/2023 12:32:10.979522,4139,True,True,True,True,Eyes,0.9842224,-0.02105761,-3.638318,-0.5804185,-0.1198419,0.8054516,0.0,0.0,0.0,0.0,0.0,0.0,0.0,1.97579,0.6941534,3.024839,0.7586658,-0.03049238,-3.599826,0.09752165,-0.3768736,0.0287873,0.9206667,11.61113,315.3547,358.8008,0.2840385,-0.004949186,-0.9587998,0.0,0.0,0.0,-0.2496879,-0.3124259,-1.828849,0.5260415,0.1297807,2.002782,0.714275,-0.02049966,0.6995648,-0.1265137,0.9793216,0.1578715,-0.6883352,-0.2012682,0.6969115,moving,-35.77699,-8.462865,14.71663,3.707594
05/15/2023 12:32:10.989882,4140,True,True,True,True,Eyes,0.9742681,-0.02146933,-3.636067,-0.5757573,-0.1202315,0.8087323,0.0,0.0,0.0,0.0,0.0,0.0,0.0,1.973161,0.7055532,3.016505,0.7485881,-0.03010242,-3.595718,0.09958216,-0.3757432,0.02976743,0.9208769,11.87491,315.4845,358.8283,0.2817544,-0.005013079,-0.9594732,0.0,0.0,0.0,-0.2575734,-0.3141206,-1.82423,0.5228966,0.1277818,2.003031,0.715862,-0.02001034,0.697955,-0.1296589,0.9783946,0.161036,-0.6860977,-0.2057757,0.697801,moving,-35.44804,-8.456038,14.6307,3.650192
05/15/2023 12:32:11.010039,4141,True,True,True,True,Eyes,0.9643192,-0.0218463,-3.633739,-0.571273,-0.120816,0.8118193,0.0,0.0,0.0,0.0,0.0,0.0,0.0,1.966716,0.7095189,3.012096,0.7381943,-0.02978949,-3.59142,0.1001616,-0.3742492,0.02855057,0.9214609,11.88571,315.6549,358.691,0.2794672,-0.005082231,-0.9601415,0.0,0.0,0.0,-0.2649133,-0.3211469,-1.82024,0.5197767,0.1257984,2.003279,0.7182447,-0.02235437,0.6954315,-0.1275873,0.978305,0.16322,-0.6839928,-0.2059601,0.6998102,moving,-35.13385,-8.464707,14.54539,3.593243
05/15/2023 12:32:11.029268,4142,True,True,True,True,Eyes,0.9543564,-0.02207178,-3.631332,-0.5668904,-0.1216965,0.8147547,0.0,0.0,0.0,0.0,0.0,0.0,0.0,1.963919,0.7188484,3.004464,0.728215,-0.02926123,-3.587391,0.1015912,-0.3733034,0.02757094,0.9217178,11.99705,315.7492,358.5341,0.277177,-0.005155229,-0.9608048,0.0,0.0,0.0,-0.27231,-0.3316531,-1.817204,0.5165344,0.1237376,2.003536,0.7197688,-0.0250234,0.6937627,-0.1266739,0.9778382,0.1666921,-0.6825588,-0.2078614,0.7006476,moving,-34.82944,-8.495226,14.4567,3.534077
05/15/2023 12:32:11.040434,4143,True,True,True,True,Eyes,0.9443436,-0.02215966,-3.628822,-0.5626366,-0.1222901,0.8176094,0.0,0.0,0.0,0.0,0.0,0.0,0.0,1.962126,0.7446374,2.991624,0.7179028,-0.02576645,-3.583042,0.1057642,-0.3725679,0.02641598,0.9215798,12.39346,315.784,358.2328,0.2748841,-0.005227678,-0.9614629,0.0,0.0,0.0,-0.279328,-0.3350059,-1.812419,0.5131661,0.1215967,2.003803,0.7209907,-0.03011982,0.6922899,-0.1274976,0.9762323,0.1752568,-0.6811145,-0.2146238,0.7000142,moving,-34.53374,-8.506687,14.3645,3.472618
05/15/2023 12:32:11.059870,4144,True,True,True,True,Eyes,0.9343195,-0.02219191,-3.626234,-0.558468,-0.1225589,0.8204223,0.0,0.0,0.0,0.0,0.0,0.0,0.0,1.954743,0.7275606,2.991874,0.7068492,-0.02258191,-3.577923,0.1030414,-0.3713064,0.02131403,0.922529,11.88485,315.9249,357.8217,0.2725868,-0.005296011,-0.9621163,0.0,0.0,0.0,-0.2877144,-0.3416357,-1.809479,0.5100315,0.1196039,2.004052,0.7233546,-0.03719423,0.6894742,-0.1158455,0.9778563,0.1742893,-0.6806894,-0.2059454,0.7030281,moving,-34.24343,-8.496308,14.27866,3.415421
05/15/2023 12:32:11.079439,4145,True,True,True,True,Eyes,0.9243097,-0.0221661,-3.623539,-0.554862,-0.1230579,0.8227909,0.0,0.0,0.0,0.0,0.0,0.0,0.0,1.949426,0.7052732,2.992934,0.6965359,-0.02134125,-3.573472,0.09960781,-0.3701232,0.01794784,0.9234529,11.37631,316.0815,357.6273,0.2702852,-0.005359168,-0.9627652,0.0,0.0,0.0,-0.2968012,-0.3564044,-1.808491,0.5068703,0.117595,2.004303,0.7253734,-0.04058635,0.687158,-0.1068823,0.9795123,0.1706804,-0.6800072,-0.197252,0.7061743,moving,-33.99438,-8.506197,14.19204,3.357767
05/15/2023 12:32:11.089321,4146,True,True,True,True,Eyes,0.9142762,-0.02208051,-3.620751,-0.5513238,-0.123278,0.825133,0.0,0.0,0.0,0.0,0.0,0.0,0.0,1.946112,0.7140841,2.985232,0.6860108,-0.01981592,-3.569016,0.1013115,-0.3689466,0.01801433,0.9237369,11.56404,316.2101,357.5736,0.2679802,-0.005416124,-0.9634089,0.0,0.0,0.0,-0.3066517,-0.3411132,-1.801217,0.5037196,0.1155922,2.004553,0.7271078,-0.04147609,0.6852694,-0.1080381,0.9788229,0.1738778,-0.6779691,-0.2004631,0.7072288,moving,-33.7494,-8.497357,14.10567,3.300298
05/15/2023 12:32:11.110006,4147,True,True,True,True,Eyes,0.9042521,-0.02197254,-3.617893,-0.5482587,-0.1233666,0.8271597,0.0,0.0,0.0,0.0,0.0,0.0,0.0,1.944019,0.6889154,2.984072,0.6753891,-0.01836085,-3.563988,0.09810209,-0.3679147,0.01769648,0.9245008,11.21041,316.3725,357.6942,0.2656711,-0.005465915,-0.9640479,0.0,0.0,0.0,-0.3158986,-0.3259414,-1.794493,0.5004097,0.1134886,2.004815,0.7286512,-0.03946558,0.6837471,-0.1049072,0.9801256,0.1683693,-0.6768029,-0.1944125,0.7100294,moving,-33.53725,-8.482839,14.01488,3.239944
05/15/2023 12:32:11.129282,4148,True,True,True,True,Eyes,0.6540632,-0.01893398,-3.544789,-0.4709736,-0.1281942,0.872783,0.0,0.0,0.0,0.0,0.0,0.0,0.0,1.941902,0.6646966,2.983254,0.6656516,-0.01776414,-3.559381,0.09526417,-0.3667302,0.01936501,0.9252345,10.98119,316.5657,358.013,0.2633583,-0.005508663,-0.9646821,0.0,0.0,0.0,-0.323981,-0.3333705,-1.790976,0.4970685,0.1113649,2.00508,0.7302678,-0.03403816,0.6823124,-0.1057068,0.9810995,0.1620799,-0.6749333,-0.1904868,0.7128673,moving,-28.35231,-8.355844,13.92319,3.179019
05/15/2023 12:32:11.139885,4149,True,True,True,True,Eyes,0.6536559,-0.01887573,-3.544623,-0.4712303,-0.1287081,0.8725688,0.0,0.0,0.0,0.0,0.0,0.0,0.0,1.944561,0.6646433,2.974025,0.6560224,-0.0173101,-3.554887,0.09638694,-0.3660934,0.02354742,0.9252734,11.28034,316.6708,358.4225,0.250805,-0.005438783,-0.9680221,-0.7505665,0.009115661,0.2193124,-0.3332785,-0.3204221,-1.783889,0.494092,0.1094727,2.005317,0.7308423,-0.02699765,0.6820124,-0.1141488,0.9803101,0.1611274,-0.6729336,-0.1956096,0.7133703,moving,-28.37124,-8.3909,13.84146,3.124745
05/15/2023 12:32:11.159800,4150,True,True,True,True,Eyes,0.6528851,-0.01877252,-3.544291,-0.4714662,-0.1294505,0.8723314,0.0,0.0,0.0,0.0,0.0,0.0,0.0,1.946312,0.6808065,2.961555,0.6463597,-0.01579967,-3.550268,0.09973583,-0.3654974,0.02636956,0.9250779,11.75943,316.7368,358.5883,0.2405711,-0.00538506,-0.9706163,-0.7055325,0.008568721,0.2061537,-0.3408494,-0.3111002,-1.777321,0.4908913,0.1074384,2.005571,0.7314326,-0.02411857,0.6814871,-0.1216942,0.9787148,0.1652508,-0.670967,-0.2038029,0.7129289,moving,-28.38975,-8.440865,13.75354,3.066404
05/15/2023 12:32:11.179812,4151,True,True,True,True,Eyes,0.6517755,-0.01862769,-3.543786,-0.4719493,-0.1305277,0.8719095,0.0,0.0,0.0,0.0,0.0,0.0,0.0,1.951337,0.6959647,2.947391,0.636859,-0.01456276,-3.545898,0.1026848,-0.3655279,0.02789786,0.9246984,12.13993,316.7165,358.6241,0.2322065,-0.005342637,-0.9726515,-0.6632006,0.008054597,0.1937845,-0.3494348,-0.3195613,-1.774462,0.4876016,0.1053472,2.005832,0.7312222,-0.02347412,0.6817354,-0.1266626,0.977355,0.1695101,-0.6702766,-0.2102999,0.7116904,moving,-28.42591,-8.51414,13.66312,3.006438
05/15/2023 12:32:11.199506,4152,True,True,True,True,Eyes,0.6503202,-0.01842741,-3.543116,-0.4724769,-0.1315897,0.8714641,0.0,0.0,0.0,0.0,0.0,0.0,0.0,1.960483,0.7064959,2.931408,0.6274236,-0.01334874,-3.54146,0.1049417,-0.3662433,0.02904484,0.9241264,12.42924,316.6137,358.6395,0.2253488,-0.005307627,-0.9742635,-0.6234085,0.007571321,0.1821574,-0.3578455,-0.3351471,-1.772806,0.4845113,0.1033829,2.006077,0.7300444,-0.02318621,0.6830062,-0.1305506,0.9762872,0.1726839,-0.6708142,-0.2152338,0.7097061,moving,-28.46498,-8.586705,13.57815,2.950121
05/15/2023 12:32:11.209917,4153,True,True,True,True,Eyes,0.6485253,-0.01820743,-3.542302,-0.4731752,-0.1326023,0.8709315,0.0,0.0,0.0,0.0,0.0,0.0,0.0,1.968414,0.7085719,2.917859,0.6176896,-0.01180167,-3.536799,0.1054867,-0.3670484,0.02754892,0.9237906,12.4225,316.4918,358.4428,0.2197041,-0.005276453,-0.9755521,-0.586004,0.007117042,0.1712279,-0.3688154,-0.3487265,-1.772691,0.4813306,0.1013612,2.006329,0.7290329,-0.02653862,0.683964,-0.1283363,0.9762272,0.1746717,-0.6723397,-0.2151189,0.708296,moving,-28.51514,-8.656993,13.49065,2.892165
05/15/2023 12:32:11.229268,4154,True,True,True,True,Eyes,0.646435,-0.01798885,-3.541354,-0.473842,-0.1336837,0.8704036,0.0,0.0,0.0,0.0,0.0,0.0,0.0,1.972978,0.7068102,2.907626,0.608119,-0.01111583,-3.53222,0.1049317,-0.3675376,0.02424812,0.9237519,12.22117,316.4043,358.1041,0.2150338,-0.005247132,-0.9765922,-0.5508437,0.00669002,0.1609543,-0.3826301,-0.3594338,-1.773762,0.4779896,0.09923773,2.006594,0.7286564,-0.03233422,0.6841157,-0.1219312,0.9768027,0.1760376,-0.6739382,-0.211686,0.7078111,moving,-28.56358,-8.73172,13.39869,2.831302
05/15/2023 12:32:11.240169,4155,True,True,True,True,Eyes,0.6440647,-0.01777264,-3.540275,-0.4744828,-0.1349761,0.8698549,0.0,0.0,0.0,0.0,0.0,0.0,0.0,1.975208,0.7177132,2.896448,0.598937,-0.01089676,-3.528049,0.106515,-0.3674828,0.02286627,0.9236276,12.33143,316.3794,357.8855,0.211145,-0.005218664,-0.9774405,-0.5177931,0.006288618,0.151297,-0.3981025,-0.3613692,-1.77382,0.4745452,0.0970483,2.006867,0.7288671,-0.03604504,0.6837056,-0.1205247,0.9762634,0.1799546,-0.6739632,-0.2135664,0.7072219,moving,-28.6113,-8.820292,13.30384,2.768559
05/15/2023 12:32:11.259730,4156,True,True,True,True,Eyes,0.6414463,-0.01755525,-3.539086,-0.4749927,-0.1364078,0.8693532,0.0,0.0,0.0,0.0,0.0,0.0,0.0,1.974518,0.7337933,2.885773,0.5899164,-0.01067302,-3.52374,0.1091637,-0.3668473,0.02299256,0.923568,12.62152,316.429,357.7905,0.20788,-0.005190321,-0.9781403,-0.4867255,0.005911301,0.1422192,-0.412697,-0.3584291,-1.772382,0.471339,0.09501046,2.007121,0.7297889,-0.03762243,0.6826367,-0.1225632,0.9751093,0.1847707,-0.6725968,-0.2185098,0.7070128,moving,-28.65108,-8.917412,13.2155,2.710169
05/15/2023 12:32:11.279495,4157,True,True,True,True,Eyes,0.6385917,-0.01730593,-3.537779,-0.4753541,-0.1380619,0.8688944,0.0,0.0,0.0,0.0,0.0,0.0,0.0,1.971621,0.7442312,2.878662,0.5813152,-0.01038899,-3.519919,0.1113374,-0.3656312,0.02482896,0.9237431,12.93532,316.5742,357.9099,0.2049341,-0.005159579,-0.9787619,-0.457522,0.005556623,0.133686,-0.4236507,-0.3654501,-1.771268,0.4685699,0.09325027,2.007341,0.7313946,-0.03554571,0.6810274,-0.1272881,0.9739749,0.1875379,-0.6699698,-0.2238509,0.7078356,moving,-28.68215,-9.028467,13.13918,2.659742
05/15/2023 12:32:11.294920,4158,True,True,True,True,Eyes,0.6355144,-0.01705427,-3.536361,-0.4755487,-0.1396169,0.8685393,0.0,0.0,0.0,0.0,0.0,0.0,0.0,1.968176,0.7595353,2.870252,0.5727356,-0.009294778,-3.515799,0.114617,-0.3642181,0.02785281,0.9238141,13.41829,316.7438,358.113,0.202211,-0.005125188,-0.9793283,-0.4300707,0.005223226,0.1256649,-0.4319138,-0.3778892,-1.769781,0.4654119,0.09124312,2.007591,0.7331388,-0.0320295,0.6793244,-0.1349528,0.9721743,0.1914805,-0.6665548,-0.2320585,0.7084163,moving,-28.70189,-9.132117,13.05209,2.602248
05/15/2023 12:32:11.308365,4159,True,True,True,True,Eyes,0.6322187,-0.01678721,-3.534872,-0.4755418,-0.141151,0.8682951,0.0,0.0,0.0,0.0,0.0,0.0,0.0,1.960997,0.7510428,2.870745,0.5642707,-0.00900431,-3.511733,0.1139829,-0.362291,0.02964689,0.9245942,13.43001,317.0131,358.3641,0.1996832,-0.005087467,-0.979847,-0.4042664,0.004909832,0.118125,-0.4372128,-0.3894203,-1.767224,0.4621605,0.08917618,2.00785,0.7357326,-0.02776724,0.6767027,-0.1374126,0.972258,0.1892941,-0.6631858,-0.2322574,0.7115062,moving,-28.70833,-9.233299,12.96239,2.543051
05/15/2023 12:32:11.329703,4160,True,True,True,True,Eyes,0.6287203,-0.01650245,-3.533268,-0.47537,-0.1426124,0.8681504,0.0,0.0,0.0,0.0,0.0,0.0,0.0,1.956091,0.7533373,2.867274,0.556417,-0.008367583,-3.507905,0.1152924,-0.3606204,0.03281425,0.9249777,13.70676,317.2423,358.676,0.1973256,-0.005046331,-0.9803247,-0.3800105,0.004615242,0.1110375,-0.4412648,-0.405457,-1.764981,0.4586591,0.08695093,2.008127,0.7377523,-0.02244867,0.6746981,-0.1438585,0.9712618,0.1896188,-0.6595651,-0.2369528,0.7133212,moving,-28.70363,-9.32875,12.86574,2.47933
05/15/2023 12:32:11.339499,4161,True,True,True,True,Eyes,0.6250567,-0.01621432,-3.531539,-0.4751113,-0.143702,0.8681124,0.0,0.0,0.0,0.0,0.0,0.0,0.0,1.946831,0.7482098,2.867977,0.5480104,-0.007664457,-3.503554,0.115047,-0.3584842,0.03390649,0.925799,13.72904,317.5257,358.8378,0.1951166,-0.005001647,-0.980767,-0.3572098,0.004338328,0.1043752,-0.4440465,-0.4053904,-1.758277,0.4557235,0.08508483,2.008361,0.7406789,-0.01970384,0.6715702,-0.1452662,0.9712291,0.1887108,-0.6559669,-0.2373306,0.7165065,moving,-28.69155,-9.399158,12.78468,2.425903
05/15/2023 12:32:11.359741,4162,True,True,True,True,Eyes,0.6212164,-0.01594501,-3.529718,-0.474733,-0.1447076,0.8681523,0.0,0.0,0.0,0.0,0.0,0.0,0.0,1.937526,0.7318846,2.871747,0.5398436,-0.007331669,-3.499301,0.1127344,-0.3565308,0.03339856,0.9268556,13.46152,317.7914,358.9115,0.1930372,-0.004953684,-0.9811786,-0.3357773,0.004078028,0.09811272,-0.4465192,-0.4138327,-1.754083,0.4524844,0.08302599,2.008617,0.7435407,-0.0184753,0.6684355,-0.1422979,0.972351,0.1851618,-0.6533747,-0.2327923,0.7203535,moving,-28.67122,-9.463321,12.6952,2.366968
05/15/2023 12:32:11.379705,4163,True,True,True,True,Eyes,0.617202,-0.01569063,-3.527804,-0.4743746,-0.1455438,0.8682083,0.0,0.0,0.0,0.0,0.0,0.0,0.0,1.929556,0.7285429,2.871554,0.5317257,-0.007523164,-3.495282,0.1123041,-0.3547673,0.03305569,0.9275965,13.40306,318.0134,358.9186,0.19107,-0.004903297,-0.9815639,-0.3156306,0.003833347,0.09222596,-0.4489449,-0.4148088,-1.747397,0.4489809,0.08079925,2.008895,0.7460949,-0.01835892,0.6655865,-0.1410083,0.9725902,0.1848916,-0.6507372,-0.2317999,0.7230559,moving,-28.65146,-9.516408,12.59836,2.303238
05/15/2023 12:32:11.389552,4164,True,True,True,True,Eyes,0.6130176,-0.0154561,-3.525789,-0.473916,-0.1462883,0.8683337,0.0,0.0,0.0,0.0,0.0,0.0,0.0,1.924528,0.7246885,2.86939,0.5235125,-0.00776124,-3.491168,0.111617,-0.3535773,0.03176965,0.9281785,13.27747,318.1559,358.8252,0.1891996,-0.004851162,-0.9819264,-0.2966928,0.003603346,0.0866924,-0.452406,-0.4064934,-1.739206,0.4461065,0.07897207,2.009123,0.7479476,-0.01995465,0.6634579,-0.1379063,0.9730647,0.1847349,-0.6492737,-0.229667,0.7250494,moving,-28.62467,-9.56283,12.51888,2.250951
05/15/2023 12:32:11.410429,4165,True,True,True,True,Eyes,0.6086619,-0.01526815,-3.523685,-0.4738851,-0.1469556,0.8682379,0.0,0.0,0.0,0.0,0.0,0.0,0.0,1.915596,0.7245888,2.868496,0.5152167,-0.008008435,-3.486731,0.1112156,-0.3519215,0.02938088,0.9289344,13.13837,318.3416,358.6059,0.1874122,-0.004798013,-0.9822693,-0.2788912,0.003387145,0.08149086,-0.4562052,-0.4065602,-1.733328,0.4429685,0.07697749,2.009372,0.750576,-0.02369249,0.6603592,-0.1328642,0.9735357,0.1859445,-0.6472887,-0.2273035,0.7275648,moving,-28.62576,-9.606681,12.43208,2.193885
05/15/2023 12:32:11.429270,4166,True,True,True,True,Eyes,0.6041494,-0.01514206,-3.521484,-0.4736528,-0.1475195,0.868269,0.0,0.0,0.0,0.0,0.0,0.0,0.0,1.904058,0.7207894,2.870243,0.507016,-0.008827671,-3.482259,0.110205,-0.349821,0.02721075,0.9299138,12.94409,318.592,358.4421,0.1856947,-0.00474525,-0.9825957,-0.2621577,0.003183916,0.07660141,-0.4628698,-0.4053073,-1.728655,0.4395244,0.07478815,2.009645,0.7537698,-0.02649676,0.6566042,-0.1277114,0.9742289,0.1859246,-0.6446092,-0.2240001,0.7309603,moving,-28.61308,-9.642514,12.33676,2.131256
05/15/2023 12:32:11.439971,4167,True,True,True,True,Eyes,0.5994843,-0.01509116,-3.519191,-0.4735581,-0.1483347,0.8681817,0.0,0.0,0.0,0.0,0.0,0.0,0.0,1.888661,0.7186679,2.873993,0.4986836,-0.0102008,-3.477725,0.1094783,-0.3470103,0.02570186,0.9310949,12.80931,318.9346,358.3476,0.1840367,-0.004694585,-0.982908,-0.2464283,0.002992881,0.07200532,-0.4677726,-0.4042312,-1.722573,0.4365576,0.07290259,2.00988,0.7578465,-0.02811844,0.6518266,-0.1238419,0.9747078,0.1860317,-0.6405714,-0.221707,0.7351968,moving,-28.61069,-9.695747,12.25462,2.077328
05/15/2023 12:32:11.459483,4168,True,True,True,True,Eyes,0.5946783,-0.01510754,-3.516808,-0.4731681,-0.1492326,0.8682405,0.0,0.0,0.0,0.0,0.0,0.0,0.0,1.869657,0.7265499,2.877438,0.4904587,-0.01193111,-3.473104,0.1102915,-0.3435946,0.0247819,0.93229,12.86633,319.3413,358.2611,0.182428,-0.004647919,-0.983208,-0.2316426,0.002813308,0.06768501,-0.471146,-0.4015486,-1.715222,0.433341,0.07085794,2.010136,0.7626573,-0.02958331,0.6461259,-0.121999,0.9744432,0.1886175,-0.6351929,-0.2226772,0.7395571,moving,-28.58922,-9.752667,12.16553,2.018859
05/15/2023 12:32:11.479228,4169,True,True,True,True,Eyes,0.5897501,-0.01518213,-3.514314,-0.4727883,-0.1504675,0.8682343,0.0,0.0,0.0,0.0,0.0,0.0,0.0,1.847777,0.7384015,2.881712,0.482196,-0.01353534,-3.468585,0.1118309,-0.3396319,0.02449503,0.9335653,13.02885,319.8141,358.222,0.1808605,-0.004606755,-0.9834977,-0.217744,0.00264451,0.06362391,-0.4716976,-0.4009637,-1.706551,0.4300852,0.06878862,2.010394,0.7681004,-0.03022727,0.6396156,-0.1216981,0.9737877,0.1921644,-0.6286584,-0.2254416,0.7442881,moving,-28.57006,-9.831873,12.07531,1.959696
05/15/2023 12:32:11.489454,4170,True,True,True,True,Eyes,0.5846863,-0.01530504,-3.51174,-0.4720539,-0.1518173,0.8683988,0.0,0.0,0.0,0.0,0.0,0.0,0.0,1.822257,0.7537981,2.886912,0.4737644,-0.01493481,-3.463873,0.1139243,-0.3350843,0.02424977,0.9349608,13.25474,320.3531,358.1747,0.1793262,-0.004572176,-0.9837788,-0.2046794,0.002485839,0.05980647,-0.4692121,-0.4071913,-1.697649,0.4269599,0.06680197,2.010641,0.7742609,-0.03100334,0.6321067,-0.1216937,0.9728664,0.1967781,-0.6210561,-0.229281,0.7494795,moving,-28.52811,-9.916483,11.98868,1.902907
05/15/2023 12:32:11.510617,4171,True,True,True,True,Eyes,0.5794718,-0.01547489,-3.509091,-0.4712791,-0.1533806,0.8685449,0.0,0.0,0.0,0.0,0.0,0.0,0.0,1.794658,0.7695912,2.89326,0.4653488,-0.01617907,-3.459366,0.1160797,-0.3301826,0.02398346,0.9364454,13.48804,320.9344,358.1297,0.1778194,-0.004544923,-0.9840524,-0.1923986,0.002336689,0.05621808,-0.4643813,-0.4166291,-1.688428,0.4237344,0.06475183,2.010898,0.7808085,-0.03173656,0.6239638,-0.1215734,0.9719006,0.2015666,-0.6128278,-0.2332423,0.7550099,moving,-28.4846,-10.01488,11.89923,1.844313
05/15/2023 12:32:11.529699,4172,True,True,True,True,Eyes,0.5741243,-0.01570131,-3.506364,-0.4701451,-0.1549215,0.868886,0.0,0.0,0.0,0.0,0.0,0.0,0.0,1.764852,0.7829087,2.901045,0.4567988,-0.01745211,-3.45467,0.1178474,-0.3249244,0.02366256,0.9380705,13.67861,321.5626,358.1015,0.1763321,-0.004525576,-0.98432,-0.1808547,0.002196488,0.05284499,-0.4573739,-0.4281331,-1.678459,0.4204391,0.06265739,2.011159,0.7877284,-0.03218868,0.6151811,-0.1209772,0.9711041,0.2057212,-0.6040269,-0.2364753,0.7610723,moving,-28.41736,-10.10954,11.80781,1.784465
05/15/2023 12:32:11.540698,4173,True,True,True,True,Eyes,0.436978,-0.02201006,-3.436486,-0.4429845,-0.1967432,0.8746753,0.0,0.0,0.0,0.0,0.0,0.0,0.0,1.735256,0.7888708,2.910507,0.4481522,-0.01907951,-3.450112,0.1184324,-0.3196646,0.02318597,0.9398143,13.73505,322.2016,358.1042,0.1748592,-0.00451497,-0.9845829,-0.1700034,0.002064698,0.04967429,-0.4489408,-0.4396906,-1.668217,0.417168,0.06057817,2.011418,0.794554,-0.03213629,0.6063426,-0.1192983,0.9708723,0.2077855,-0.5953587,-0.2374324,0.7675767,moving,-26.86021,-12.67672,11.71702,1.725064
05/15/2023 12:32:11.559681,4174,True,True,True,True,Eyes,0.4366188,-0.02207191,-3.436287,-0.4425961,-0.1966778,0.8748866,0.0,0.0,0.0,0.0,0.0,0.0,0.0,1.706445,0.8014174,2.917418,0.4394184,-0.01991783,-3.445586,0.120048,-0.314586,0.02226155,0.9413441,13.88768,322.8002,358.0154,0.1685941,-0.004750777,-0.9856739,-0.5712422,-0.01698542,0.2563282,-0.4392611,-0.4496101,-1.656904,0.4140103,0.05857086,2.011669,0.8010802,-0.03361931,0.5976121,-0.1174424,0.9701858,0.2120066,-0.5869224,-0.2400193,0.7732483,moving,-26.83438,-12.66968,11.62935,1.667728
05/15/2023 12:32:11.579546,4175,True,True,True,True,Eyes,0.4359193,-0.02220284,-3.435921,-0.4423474,-0.1966235,0.8750245,0.0,0.0,0.0,0.0,0.0,0.0,0.0,1.674215,0.8035996,2.928271,0.4303374,-0.02142039,-3.440623,0.1196461,-0.3091673,0.01947314,0.9432504,13.75398,323.4399,357.8025,0.1634473,-0.004946238,-0.9865394,-0.5369676,-0.01596629,0.2409485,-0.429966,-0.4550622,-1.64494,0.4108512,0.05656299,2.011919,0.8080727,-0.0372452,0.5879042,-0.1107174,0.9706113,0.2136714,-0.5785846,-0.2377533,0.7802007,moving,-26.81777,-12.66437,11.5416,1.610386
05/15/2023 12:32:11.589298,4176,True,True,True,True,Eyes,0.4348797,-0.02236669,-3.435388,-0.4417416,-0.1967416,0.875304,0.0,0.0,0.0,0.0,0.0,0.0,0.0,1.644983,0.8102688,2.936551,0.421499,-0.02319686,-3.436224,0.1200786,-0.3040907,0.01760951,0.944881,13.74669,324.0378,357.6546,0.1591996,-0.005111147,-0.9872329,-0.5047496,-0.01500832,0.2264916,-0.4213836,-0.4636563,-1.634473,0.4076903,0.0545539,2.01217,0.8144374,-0.03975182,0.5788881,-0.1063074,0.9705421,0.2162102,-0.57043,-0.2376298,0.7862199,moving,-26.7788,-12.66781,11.45377,1.553021
05/15/2023 12:32:11.610202,4177,True,True,True,True,Eyes,0.433487,-0.02254102,-3.434681,-0.4413111,-0.1967677,0.8755153,0.0,0.0,0.0,0.0,0.0,0.0,0.0,1.616998,0.8284276,2.940411,0.4122014,-0.02410592,-3.431691,0.122468,-0.2991612,0.01606039,0.9461746,13.96691,324.5979,357.4673,0.1556725,-0.005252513,-0.9877946,-0.4744646,-0.01410782,0.2129021,-0.412917,-0.4639235,-1.621453,0.4045679,0.05256915,2.012419,0.8204893,-0.04288344,0.5700511,-0.1036672,0.9694873,0.2221428,-0.5621836,-0.2413614,0.7910084,moving,-26.75078,-12.66648,11.36698,1.496361
05/15/2023 12:32:11.629368,4178,True,True,True,True,Eyes,0.4317751,-0.02274615,-3.433805,-0.4405293,-0.1966276,0.8759404,0.0,0.0,0.0,0.0,0.0,0.0,0.0,1.587585,0.8275597,2.949374,0.4027032,-0.02456117,-3.42656,0.1217634,-0.2941704,0.01283745,0.947878,13.79133,325.1793,357.2083,0.1526325,-0.005378608,-0.9882681,-0.4459968,-0.01326135,0.2001279,-0.4052239,-0.4684902,-1.610673,0.4011769,0.0504137,2.012687,0.826598,-0.0473017,0.5608014,-0.09597503,0.9700177,0.2232809,-0.5545489,-0.2383865,0.7972749,moving,-26.6988,-12.6518,11.27269,1.434842
05/15/2023 12:32:11.639805,4179,True,True,True,True,Eyes,0.4297636,-0.02299652,-3.432742,-0.4394277,-0.1964332,0.8765371,0.0,0.0,0.0,0.0,0.0,0.0,0.0,1.557,0.8204414,2.960721,0.3932379,-0.02553771,-3.421689,0.1200629,-0.2889176,0.009739658,0.9497457,13.51421,325.8045,357.0006,0.14985,-0.005498187,-0.9886932,-0.419237,-0.01246567,0.1881203,-0.3978288,-0.4800472,-1.601748,0.3980916,0.04845273,2.012932,0.8328636,-0.0508762,0.5511351,-0.08787698,0.97098,0.2224306,-0.5464576,-0.2336864,0.8042231,moving,-26.62563,-12.63137,11.18686,1.378885
05/15/2023 12:32:11.659440,4180,True,True,True,True,Eyes,0.4274457,-0.02328923,-3.431509,-0.4379712,-0.1959774,0.8773677,0.0,0.0,0.0,0.0,0.0,0.0,0.0,1.525716,0.8082484,2.972948,0.3835913,-0.02687149,-3.416377,0.1177273,-0.2834195,0.007487463,0.951713,13.19874,326.4754,356.91,0.1472916,-0.005613258,-0.989077,-0.3940827,-0.01171773,0.176833,-0.3917458,-0.47813,-1.589678,0.3948907,0.04641804,2.013186,0.8392347,-0.05248061,0.541231,-0.08098427,0.9721684,0.2198411,-0.5377051,-0.2283294,0.8116274,moving,-26.52781,-12.59145,11.09779,1.320835
05/15/2023 12:32:11.679495,4181,True,True,True,True,Eyes,0.4247933,-0.02364619,-3.430135,-0.4362528,-0.1954512,0.8783407,0.0,0.0,0.0,0.0,0.0,0.0,0.0,1.494085,0.7900184,2.986646,0.3738182,-0.02824055,-3.411149,0.1144956,-0.2777869,0.005311723,0.9537805,12.78883,327.1714,356.8564,0.1449269,-0.005725544,-0.9894256,-0.3704378,-0.01101466,0.1662231,-0.3846826,-0.4728725,-1.576676,0.3917084,0.04439545,2.013438,0.8456125,-0.0534783,0.5311117,-0.07374317,0.9737251,0.2154563,-0.528679,-0.2213584,0.8194504,moving,-26.41259,-12.54524,11.0092,1.263142
05/15/2023 12:32:11.690569,4182,True,True,True,True,Eyes,0.4218733,-0.02407298,-3.428609,-0.4341834,-0.1949308,0.879481,0.0,0.0,0.0,0.0,0.0,0.0,0.0,1.462439,0.7719232,2.999693,0.3641362,-0.03023617,-3.405766,0.1113042,-0.272095,0.0036846,0.9558045,12.40234,327.8777,356.8583,0.1427274,-0.005837243,-0.9897445,-0.3482115,-0.01035378,0.1562497,-0.3764987,-0.465819,-1.562377,0.3885846,0.04240978,2.013686,0.8519015,-0.05352712,0.5209594,-0.06761415,0.9751956,0.210765,-0.519319,-0.2147753,0.8271514,moving,-26.27469,-12.49718,10.92222,1.206515
05/15/2023 12:32:11.708766,4183,True,True,True,True,Eyes,0.4186905,-0.02450525,-3.426934,-0.4319017,-0.1948657,0.8806181,0.0,0.0,0.0,0.0,0.0,0.0,0.0,1.431538,0.7716866,3.0077,0.3546908,-0.03234345,-3.400619,0.1110313,-0.2664437,0.003394955,0.9574279,12.38139,328.5618,356.9091,0.1406697,-0.005950474,-0.9900385,-0.3273188,-0.009732557,0.1468747,-0.3679617,-0.4553106,-1.547415,0.3854312,0.04040536,2.013936,0.8579925,-0.0526663,0.5109552,-0.065668,0.9753211,0.2107997,-0.5094474,-0.214418,0.8333597,moving,-26.12577,-12.47751,10.83437,1.149364
05/15/2023 12:32:11.729547,4184,True,True,True,True,Eyes,0.4152552,-0.02493148,-3.425094,-0.4292145,-0.1947684,0.8819525,0.0,0.0,0.0,0.0,0.0,0.0,0.0,1.398792,0.7844456,3.01264,0.3454376,-0.03284101,-3.395228,0.1129434,-0.2606159,0.002925357,0.958809,12.59788,329.242,356.8716,0.1387323,-0.006065312,-0.990311,-0.3076797,-0.009148604,0.1380622,-0.3589564,-0.4459528,-1.532591,0.3820966,0.03828606,2.014201,0.8641415,-0.05326,0.5004225,-0.06447943,0.9744704,0.2150576,-0.499101,-0.2181071,0.8386462,moving,-25.95052,-12.45319,10.74145,1.088951
05/15/2023 12:32:11.740200,4185,True,True,True,True,Eyes,0.4115577,-0.02534231,-3.42313,-0.4263067,-0.1949729,0.8833166,0.0,0.0,0.0,0.0,0.0,0.0,0.0,1.358915,0.7838486,3.023468,0.3358229,-0.03313066,-3.389477,0.1125961,-0.2537713,0.0008474967,0.9606881,12.51937,330.0482,356.7397,0.136897,-0.006181447,-0.9905657,-0.2892189,-0.008599688,0.1297785,-0.3488812,-0.4488924,-1.520628,0.3788697,0.03623483,2.014457,0.8711987,-0.05551898,0.487781,-0.0587757,0.9746428,0.2159094,-0.4873994,-0.2167697,0.8458444,moving,-25.76291,-12.44721,10.6515,1.030491
05/15/2023 12:32:11.759651,4186,True,True,True,True,Eyes,0.4076356,-0.02569779,-3.421023,-0.4230201,-0.1953305,0.8848163,0.0,0.0,0.0,0.0,0.0,0.0,0.0,1.32096,0.7871844,3.03243,0.3265335,-0.0331766,-3.384154,0.1130174,-0.2471493,-0.0004466174,0.962364,12.55091,330.8273,356.6685,0.1351459,-0.006298398,-0.9908054,-0.2718658,-0.008083707,0.1219918,-0.3376461,-0.4589214,-1.510227,0.3757088,0.03422564,2.014707,0.8778341,-0.05672396,0.4755941,-0.05500472,0.9744537,0.2177485,-0.475796,-0.217307,0.8522886,moving,-25.55191,-12.44885,10.56336,0.9732413
05/15/2023 12:32:11.779498,4187,True,True,True,True,Eyes,0.4034903,-0.02595713,-3.418778,-0.4195712,-0.196023,0.8863041,0.0,0.0,0.0,0.0,0.0,0.0,0.0,1.282401,0.7998261,3.038543,0.3171052,-0.03216915,-3.378672,0.115038,-0.2404564,-0.001717361,0.9638174,12.76339,331.5976,356.5533,0.1334649,-0.0064145,-0.9910325,-0.2555538,-0.007598684,0.1146723,-0.3238527,-0.4593668,-1.496622,0.3722546,0.03203005,2.014982,0.8843555,-0.0586337,0.4631171,-0.0520128,0.9735267,0.2225771,-0.4639073,-0.2209253,0.8578939,moving,-25.3326,-12.47129,10.467,0.9106941
05/15/2023 12:32:11.789335,4188,True,True,True,True,Eyes,0.3991539,-0.02610447,-3.416394,-0.415734,-0.1968763,0.8879217,0.0,0.0,0.0,0.0,0.0,0.0,0.0,1.243139,0.8100657,3.044814,0.3078972,-0.03009084,-3.372949,0.1167967,-0.2337424,-0.003526677,0.9652515,12.93396,332.3653,356.3875,0.1318403,-0.00652714,-0.9912492,-0.2402206,-0.007142763,0.1077919,-0.3097085,-0.4626212,-1.484366,0.3693728,0.03019834,2.01521,0.8907041,-0.06140896,0.4504166,-0.04779244,0.9726921,0.2271251,-0.4520643,-0.2238278,0.863446,moving,-25.08947,-12.50177,10.38659,0.8585247
05/15/2023 12:32:11.809891,4189,True,True,True,True,Eyes,0.3946229,-0.02615543,-3.413877,-0.411306,-0.1979376,0.8897461,0.0,0.0,0.0,0.0,0.0,0.0,0.0,1.201494,0.8228054,3.050932,0.2988446,-0.02762461,-3.3673,0.119082,-0.2266124,-0.004850457,0.9666657,13.18092,333.182,356.2696,0.1302621,-0.006633402,-0.9914572,-0.2258073,-0.006714197,0.1013244,-0.2955279,-0.4714918,-1.473772,0.3661652,0.02815956,2.015465,0.8972466,-0.06334846,0.4369617,-0.04459337,0.9715919,0.2324233,-0.4392721,-0.2280266,0.8689327,moving,-24.80985,-12.54208,10.29706,0.80047
05/15/2023 12:32:11.829338,4190,True,True,True,True,Eyes,0.3899233,-0.02610954,-3.411238,-0.4066192,-0.1989144,0.8916804,0.0,0.0,0.0,0.0,0.0,0.0,0.0,1.161179,0.8197153,3.060032,0.2899662,-0.02536954,-3.361449,0.1190995,-0.2194817,-0.005022145,0.9683067,13.20555,334.0348,356.3483,0.1287203,-0.006731173,-0.9916579,-0.2122589,-0.006311345,0.09524496,-0.2813908,-0.4782057,-1.463124,0.3628539,0.02605495,2.015728,0.9036051,-0.06200626,0.4238549,-0.04255435,0.9715802,0.2328542,-0.4262475,-0.2284451,0.8752862,moving,-24.51367,-12.57553,10.20461,0.7405542
05/15/2023 12:32:11.840283,4191,True,True,True,True,Eyes,0.3850497,-0.02595992,-3.408463,-0.4016432,-0.1999134,0.8937098,0.0,0.0,0.0,0.0,0.0,0.0,0.0,1.1317,0.8102254,3.066685,0.2811328,-0.02289116,-3.355922,0.1183385,-0.2138264,-0.004011706,0.9696692,13.16656,334.732,356.5623,0.1272059,-0.006818549,-0.9918526,-0.1995234,-0.005932664,0.08953026,-0.2649605,-0.4866834,-1.452735,0.3598,0.02411371,2.01597,0.9085243,-0.05838783,0.4137322,-0.04282771,0.9719598,0.2312139,-0.4156312,-0.2277827,0.8805485,moving,-24.19968,-12.60889,10.11931,0.6853021
05/15/2023 12:32:11.859563,4192,True,True,True,True,Eyes,0.3800364,-0.02579495,-3.405553,-0.3965439,-0.2005402,0.8958441,0.0,0.0,0.0,0.0,0.0,0.0,0.0,1.108691,0.7996916,3.07035,0.2722721,-0.02027841,-3.349808,0.1172209,-0.2094267,-0.004838288,0.9707607,13.03583,335.2584,356.5579,0.125712,-0.006893546,-0.9920427,-0.187552,-0.005576705,0.08415844,-0.2482149,-0.4866609,-1.44042,0.3565372,0.02203995,2.016228,0.9122341,-0.05849201,0.4054721,-0.03970473,0.9724717,0.2296134,-0.4077407,-0.2255604,0.8847995,moving,-23.8765,-12.61799,10.02816,0.6262912
05/15/2023 12:32:11.879339,4193,True,True,True,True,Eyes,0.3748897,-0.02564167,-3.402541,-0.3913262,-0.2013404,0.8979565,0.0,0.0,0.0,0.0,0.0,0.0,0.0,1.084458,0.7723724,3.078599,0.2638394,-0.01982534,-3.343707,0.1130312,-0.20496,-0.006949495,0.9721971,12.5287,335.8044,356.4852,0.1242323,-0.006957,-0.9922285,-0.1762989,-0.005242102,0.07910894,-0.2368001,-0.4833833,-1.429487,0.3533605,0.02002043,2.01648,0.9158863,-0.05984631,0.3969519,-0.0328212,0.9743513,0.222626,-0.400094,-0.2169285,0.8904307,moving,-23.5474,-12.63788,9.939381,0.5688368
05/15/2023 12:32:11.889376,4194,True,True,True,True,Eyes,0.369635,-0.02539394,-3.399393,-0.3859906,-0.2024067,0.9000238,0.0,0.0,0.0,0.0,0.0,0.0,0.0,1.065335,0.7756389,3.077629,0.2560129,-0.01995558,-3.338025,0.1137394,-0.2012159,-0.006782962,0.9728975,12.62587,336.2461,356.5354,0.1227619,-0.007010409,-0.9924111,-0.1657209,-0.004927576,0.0743624,-0.2313245,-0.4781679,-1.419295,0.3501536,0.01798216,2.016735,0.9189323,-0.05897062,0.389982,-0.03257411,0.9740347,0.2240433,-0.393068,-0.2185839,0.893151,moving,-23.2129,-12.67441,9.849731,0.5108625
05/15/2023 12:32:11.909699,4195,True,True,True,True,Eyes,0.3642583,-0.02506997,-3.396069,-0.3805118,-0.2032075,0.9021738,0.0,0.0,0.0,0.0,0.0,0.0,0.0,1.041213,0.7968021,3.072892,0.2480991,-0.01737849,-3.33164,0.1174902,-0.196929,-0.007766894,0.9733215,13.04124,336.7108,356.3869,0.1212969,-0.007052042,-0.992591,-0.1557777,-0.004631922,0.06990066,-0.2258345,-0.4625523,-1.406412,0.347023,0.0159924,2.016983,0.9223173,-0.06139383,0.3815255,-0.03115509,0.9722714,0.2317705,-0.3851755,-0.2256524,0.89483,moving,-22.86866,-12.69359,9.762195,0.4542815
05/15/2023 12:32:11.929419,4196,True,True,True,True,Eyes,0.3587977,-0.02474494,-3.392626,-0.3748466,-0.2037754,0.9044145,0.0,0.0,0.0,0.0,0.0,0.0,0.0,1.007391,0.7714947,3.081794,0.2398579,-0.01529212,-3.324113,0.113626,-0.1912978,-0.01213263,0.9748574,12.52681,337.3627,356.0569,0.1198329,-0.007080881,-0.9927686,-0.146431,-0.004354006,0.06570662,-0.2213721,-0.4675515,-1.399101,0.3438562,0.01397941,2.017235,0.9265159,-0.067128,0.3702191,-0.01981764,0.9738838,0.2261802,-0.3757334,-0.2168964,0.9009885,moving,-22.51221,-12.69739,9.673615,0.3970525
05/15/2023 12:32:11.939989,4197,True,True,True,True,Eyes,0.353278,-0.0244383,-3.389044,-0.3690572,-0.2047188,0.9065799,0.0,0.0,0.0,0.0,0.0,0.0,0.0,0.9750746,0.7548693,3.088972,0.2323022,-0.0149968,-3.317855,0.1110243,-0.1857367,-0.01473831,0.9761959,12.19784,338.0156,355.8921,0.1183677,-0.007098171,-0.9929442,-0.1376451,-0.004092766,0.06176422,-0.2152122,-0.4819574,-1.393616,0.340608,0.01191467,2.017492,0.9305694,-0.07001751,0.3593581,-0.0124676,0.9749128,0.2222377,-0.3659034,-0.2112879,0.906351,moving,-22.15062,-12.72479,9.582735,0.3383668
05/15/2023 12:32:11.959738,4198,True,True,True,True,Eyes,0.3476944,-0.02411976,-3.38533,-0.3630868,-0.2057863,0.9087464,0.0,0.0,0.0,0.0,0.0,0.0,0.0,0.9435722,0.7725473,3.086621,0.2247924,-0.01500157,-3.311138,0.1139314,-0.1803005,-0.01546637,0.9768686,12.53376,338.625,355.8113,0.1169002,-0.007105614,-0.993118,-0.1293864,-0.0038472,0.05805837,-0.205871,-0.4659683,-1.379003,0.3373947,0.009872437,2.017747,0.9345051,-0.07130101,0.3487356,-0.01086656,0.9735609,0.2281692,-0.355784,-0.2170148,0.9090227,moving,-21.77902,-12.75948,9.492808,0.2803347
05/15/2023 12:32:11.979399,4199,True,True,True,True,Eyes,0.3420832,-0.023798,-3.381484,-0.3569734,-0.2071621,0.9108534,0.0,0.0,0.0,0.0,0.0,0.0,0.0,0.9119915,0.7831051,3.085634,0.2175841,-0.01444842,-3.304326,0.1158182,-0.1748628,-0.01638883,0.9776199,12.75137,339.2411,355.7342,0.1154279,-0.007103856,-0.9932902,-0.1216232,-0.003616368,0.05457487,-0.1951756,-0.457121,-1.366991,0.3342176,0.007852763,2.017999,0.9383088,-0.07254868,0.3381025,-0.008460497,0.9726351,0.2321839,-0.345695,-0.2207207,0.9120183,moving,-21.40075,-12.81323,9.403871,0.2229575
05/15/2023 12:32:11.989297,4200,True,True,True,True,Eyes,0.3364432,-0.02347185,-3.377518,-0.3506562,-0.2087231,0.9129484,0.0,0.0,0.0,0.0,0.0,0.0,0.0,0.8792863,0.7956139,3.084152,0.2106576,-0.01390994,-3.29751,0.1181304,-0.1691646,-0.0163162,0.9783468,13.03961,339.8962,355.768,0.1139515,-0.007093727,-0.9934608,-0.1143258,-0.003399386,0.05130037,-0.1839998,-0.4709317,-1.359736,0.331013,0.005816132,2.018253,0.9422342,-0.07189278,0.3271485,-0.008041151,0.971558,0.2366652,-0.3348582,-0.2256247,0.9148571,moving,-21.01139,-12.87794,9.314137,0.1651125
05/15/2023 12:32:12.009813,4201,True,True,True,True,Eyes,0.3308322,-0.0231637,-3.373418,-0.3438042,-0.2105076,0.9151422,0.0,0.0,0.0,0.0,0.0,0.0,0.0,0.8483745,0.8101156,3.08128,0.2042318,-0.01333565,-3.290658,0.1209456,-0.1636011,-0.01454762,0.9789766,13.41755,340.5533,355.9879,0.1124698,-0.007075934,-0.9936297,-0.1074663,-0.003195423,0.04822235,-0.1727081,-0.4801151,-1.351725,0.3277481,0.003740788,2.018512,0.9460461,-0.06805725,0.3168044,-0.01109012,0.9703211,0.2415659,-0.3238423,-0.2320459,0.9172137,moving,-20.59039,-12.95424,9.222692,0.1061827
05/15/2023 12:32:12.029280,4202,True,True,True,True,Eyes,0.3252306,-0.02285256,-3.369221,-0.3368091,-0.2126389,0.9172482,0.0,0.0,0.0,0.0,0.0,0.0,0.0,0.8187442,0.821568,3.078435,0.19812,-0.01329319,-3.283695,0.123349,-0.1580647,-0.01135422,0.9796284,13.77342,341.2317,356.3849,0.1109843,-0.007051777,-0.9937969,-0.1010183,-0.003003697,0.04532901,-0.1594354,-0.4909972,-1.343997,0.3246733,0.001786381,2.018756,0.9497733,-0.06124006,0.3068883,-0.01674842,0.9693122,0.2452617,-0.3124904,-0.2380829,0.9196012,moving,-20.16299,-13.05191,9.136552,0.05070057
05/15/2023 12:32:12.040076,4203,True,True,True,True,Eyes,0.319653,-0.02257362,-3.364919,-0.3294388,-0.2149354,0.9193872,0.0,0.0,0.0,0.0,0.0,0.0,0.0,0.793254,0.8499175,3.070105,0.1926439,-0.01281363,-3.277175,0.1284839,-0.1532355,-0.007736404,0.9797709,14.44193,341.8128,356.7716,0.1094951,-0.007021791,-0.9939623,-0.09495722,-0.002823476,0.04260927,-0.1455393,-0.5039937,-1.337035,0.3214095,-0.0002881885,2.019015,0.9529181,-0.0545364,0.2982833,-0.02421679,0.966864,0.2541406,-0.3022593,-0.2493986,0.9200215,moving,-19.71384,-13.15835,9.045091,-0.008178237
05/15/2023 12:32:12.059720,4204,True,True,True,True,Eyes,0.3141043,-0.02231254,-3.360537,-0.3220144,-0.2175452,0.9214015,0.0,0.0,0.0,0.0,0.0,0.0,0.0,0.7662456,0.8690894,3.064044,0.1872682,-0.01321286,-3.270409,0.1318936,-0.1483382,-0.005799434,0.980085,14.88106,342.3957,357.0049,0.1080034,-0.006987511,-0.9941257,0.0,0.0,0.0,-0.1305913,-0.5157696,-1.329677,0.3182355,-0.002305567,2.019267,0.9559243,-0.05049759,0.2892382,-0.02776184,0.9651409,0.2602544,-0.2922978,-0.2568133,0.9211997,moving,-19.26367,-13.2844,8.956124,-0.06541941
05/15/2023 12:32:12.079215,4205,True,True,True,True,Eyes,0.3085633,-0.02200731,-3.356052,-0.3144292,-0.220174,0.9233947,0.0,0.0,0.0,0.0,0.0,0.0,0.0,0.7418599,0.8994571,3.054239,0.1823307,-0.01328859,-3.264098,0.1369976,-0.1440895,-0.005125722,0.9800223,15.48846,342.8711,357.0541,0.1065103,-0.006949895,-0.994287,0.0,0.0,0.0,-0.1174586,-0.537851,-1.326303,0.315044,-0.004334092,2.01952,0.9584239,-0.04952646,0.2810174,-0.02943318,0.9624108,0.2699985,-0.2838262,-0.2670442,0.9209397,moving,-18.80445,-13.41118,8.866647,-0.1229623
05/15/2023 12:32:12.089602,4206,True,True,True,True,Eyes,0.3030372,-0.0216986,-3.351438,-0.3067987,-0.2224546,0.9254127,0.0,0.0,0.0,0.0,0.0,0.0,0.0,0.7159647,0.9241231,3.045205,0.1771768,-0.01187299,-3.257046,0.1412281,-0.139974,-0.007338783,0.9800041,15.94734,343.2924,356.7852,0.1050155,-0.006907951,-0.9944463,0.0,0.0,0.0,-0.1047168,-0.5537419,-1.321208,0.311963,-0.00629276,2.019764,0.9607069,-0.0539206,0.2722773,-0.02515245,0.9600016,0.2788627,-0.2764231,-0.2747537,0.9209238,moving,-18.34172,-13.51655,8.780247,-0.1785097
05/15/2023 12:32:12.110408,4207,True,True,True,True,Eyes,0.297579,-0.02144681,-3.346727,-0.2991473,-0.2241263,0.9275119,0.0,0.0,0.0,0.0,0.0,0.0,0.0,0.6832281,0.9040172,3.050218,0.1719384,-0.01153974,-3.249336,0.1379977,-0.1349771,-0.0123194,0.9811147,15.51303,343.8354,356.345,0.1035199,-0.006862015,-0.9946035,0.0,0.0,0.0,-0.09497163,-0.5761127,-1.319318,0.3086185,-0.00841856,2.02003,0.9632588,-0.06142655,0.261456,-0.01307959,0.9616098,0.2741088,-0.2682562,-0.2674575,0.9254756,moving,-17.87589,-13.58468,8.686432,-0.2387812
05/15/2023 12:32:12.129354,4208,True,True,True,True,Eyes,0.2921582,-0.02124648,-3.341917,-0.2914672,-0.2258087,0.9295468,0.0,0.0,0.0,0.0,0.0,0.0,0.0,0.6546466,0.8874083,3.053925,0.1670497,-0.01265991,-3.242598,0.1352351,-0.1303767,-0.01550085,0.9820758,15.16386,344.3559,356.0963,0.1020256,-0.006814187,-0.9947582,0.0,0.0,0.0,-0.08768205,-0.5935079,-1.316309,0.3053292,-0.01050925,2.02029,0.9655233,-0.06570906,0.2518872,-0.004817003,0.9629424,0.2696643,-0.2602722,-0.2615804,0.9294268,moving,-17.40926,-13.654,8.59415,-0.2980415
05/15/2023 12:32:12.139579,4209,True,True,True,True,Eyes,0.2867781,-0.02106698,-3.33699,-0.2837675,-0.2271583,0.9315982,0.0,0.0,0.0,0.0,0.0,0.0,0.0,0.6287359,0.8923901,3.050053,0.1624676,-0.01378125,-3.235415,0.136097,-0.126086,-0.01672343,0.9824971,15.26077,344.839,356.0069,0.1005331,-0.006766172,-0.9949105,0.0,0.0,0.0,-0.07872184,-0.5824702,-1.303753,0.3023039,-0.01243228,2.02053,0.9676453,-0.06718126,0.2432061,-0.001458395,0.9623959,0.2716469,-0.2523102,-0.2632125,0.9311599,moving,-16.94089,-13.70343,8.509253,-0.3525352
05/15/2023 12:32:12.159527,4210,True,True,True,True,Eyes,0.2814481,-0.02093993,-3.331959,-0.2759913,-0.2284306,0.933621,0.0,0.0,0.0,0.0,0.0,0.0,0.0,0.5996448,0.890011,3.048234,0.1577965,-0.01411664,-3.227743,0.135921,-0.1212755,-0.01822972,0.9830999,15.23782,345.3877,355.9103,0.09904309,-0.006718612,-0.9950602,0.0,0.0,0.0,-0.07013936,-0.5748972,-1.293022,0.2990057,-0.01452857,2.020792,0.9699199,-0.06881104,0.2334963,0.002875489,0.9623864,0.2716694,-0.2434075,-0.2628261,0.9336355,moving,-16.46841,-13.74855,8.416678,-0.4119233
05/15/2023 12:32:12.179388,4211,True,True,True,True,Eyes,0.2761826,-0.02086414,-3.326822,-0.2681848,-0.229634,0.9355987,0.0,0.0,0.0,0.0,0.0,0.0,0.0,0.5697855,0.8865512,3.046781,0.1535679,-0.01514959,-3.2202,0.1354941,-0.1163407,-0.01942923,0.9837321,15.19227,345.9575,355.8551,0.09755719,-0.006673052,-0.9952073,0.0,0.0,0.0,-0.06128775,-0.5816064,-1.286084,0.2957206,-0.01661676,2.021053,0.9721746,-0.06975327,0.2236312,0.006699334,0.9625277,0.2711006,-0.2341613,-0.2620589,0.9362124,moving,-15.99469,-13.79012,8.32445,-0.4710658
05/15/2023 12:32:12.189700,4212,True,True,True,True,Eyes,0.270974,-0.02083355,-3.321571,-0.2602565,-0.2308896,0.9375269,0.0,0.0,0.0,0.0,0.0,0.0,0.0,0.5376601,0.8966675,3.041399,0.1493013,-0.01624772,-3.212576,0.137289,-0.1110291,-0.02009582,0.9840837,15.41124,346.5617,355.8338,0.09607533,-0.006630796,-0.9953517,0.0,0.0,0.0,-0.05036914,-0.5833513,-1.277287,0.2926899,-0.01854312,2.021293,0.9745374,-0.07003807,0.213006,0.009065763,0.9614958,0.2746702,-0.2240417,-0.2657453,0.9376485,moving,-15.5146,-13.83521,8.239347,-0.5256106
05/15/2023 12:32:12.209771,4213,True,True,True,True,Eyes,0.2658454,-0.02086556,-3.316198,-0.2522894,-0.2319389,0.9394437,0.0,0.0,0.0,0.0,0.0,0.0,0.0,0.5040576,0.9021488,3.036916,0.1453593,-0.01728041,-3.204587,0.1383837,-0.1054985,-0.02077639,0.9845245,15.55126,347.1973,355.8268,0.09459955,-0.006592911,-0.9954934,0.0,0.0,0.0,-0.03848131,-0.5849006,-1.268435,0.289512,-0.02056319,2.021545,0.9768768,-0.07010826,0.2019815,0.01171119,0.9608366,0.276868,-0.213482,-0.2681004,0.9394401,moving,-15.03221,-13.86839,8.150094,-0.5827934
05/15/2023 12:32:12.230409,4214,True,True,True,True,Eyes,0.2607755,-0.02097525,-3.310718,-0.244232,-0.2329558,0.9413195,0.0,0.0,0.0,0.0,0.0,0.0,0.0,0.4704838,0.8953711,3.035557,0.141241,-0.01878406,-3.196459,0.1374512,-0.09984642,-0.02139036,0.9852312,15.46032,347.8641,355.8591,0.09313183,-0.006560873,-0.9956319,0.0,0.0,0.0,-0.02481876,-0.5952938,-1.26205,0.2863424,-0.02257752,2.021796,0.9791463,-0.06959692,0.1908633,0.01470089,0.9612992,0.2751139,-0.2026238,-0.2665709,0.9422757,moving,-14.54507,-13.90016,8.061058,-0.6397989
05/15/2023 12:32:12.239994,4215,True,True,True,True,Eyes,0.2557863,-0.02113258,-3.305109,-0.2364564,-0.2343485,0.9429577,0.0,0.0,0.0,0.0,0.0,0.0,0.0,0.4411389,0.8946062,3.03153,0.1374844,-0.02076095,-3.188379,0.1374605,-0.09479704,-0.02103974,0.9857361,15.48645,348.467,355.9811,0.09167184,-0.006536437,-0.9957675,0.0,0.0,0.0,-0.01009026,-0.6029391,-1.254642,0.2830572,-0.02466559,2.022057,0.9811417,-0.06754096,0.1811054,0.01541756,0.9613239,0.2749886,-0.192674,-0.2670105,0.9442363,moving,-14.07724,-13.95667,7.968755,-0.6988746
05/15/2023 12:32:12.259312,4216,True,True,True,True,Eyes,0.2508609,-0.02136555,-3.299369,-0.2285893,-0.2355541,0.9445958,0.0,0.0,0.0,0.0,0.0,0.0,0.0,0.4124875,0.8952613,3.026154,0.1336117,-0.02200387,-3.179765,0.1378265,-0.08986412,-0.02088109,0.9861502,15.55019,349.0503,356.0744,0.09022129,-0.006520326,-0.9959002,0.0,0.0,0.0,0.005001005,-0.6030731,-1.244844,0.2797575,-0.02676308,2.022319,0.9829768,-0.06595509,0.1714831,0.01641248,0.9611357,0.2755881,-0.182995,-0.2680822,0.9458566,moving,-13.60387,-14.00228,7.876025,-0.7581999
05/15/2023 12:32:12.271053,4217,True,True,True,True,Eyes,0.2459805,-0.02167922,-3.293524,-0.2209398,-0.2370296,0.9460458,0.0,0.0,0.0,0.0,0.0,0.0,0.0,0.3835236,0.8833152,3.024,0.1301235,-0.02408807,-3.170867,0.1360229,-0.08487573,-0.02083366,0.9868434,15.36279,349.6534,356.1819,0.08878108,-0.006514042,-0.9960296,0.0,0.0,0.0,0.01855581,-0.6072443,-1.236462,0.2764287,-0.02887899,2.022583,0.9847241,-0.06420919,0.1618504,0.01802904,0.9621274,0.272003,-0.1731858,-0.26493,0.9485878,moving,-13.14527,-14.06577,7.782462,-0.818029
05/15/2023 12:32:12.289510,4218,True,True,True,True,Eyes,0.2411747,-0.02203422,-3.28755,-0.2132738,-0.238611,0.9474065,0.0,0.0,0.0,0.0,0.0,0.0,0.0,0.3583979,0.8851676,3.017542,0.1267504,-0.02637513,-3.162399,0.1364302,-0.0804553,-0.02005776,0.9871734,15.43429,350.185,356.3388,0.0873514,-0.006519094,-0.996156,0.0,0.0,0.0,0.03163581,-0.6119538,-1.228083,0.2733506,-0.03083545,2.022827,0.9862492,-0.06155405,0.1533737,0.0176479,0.961969,0.2725881,-0.1643196,-0.2661331,0.9498275,moving,-12.68656,-14.13634,7.69593,-0.8733342
05/15/2023 12:32:12.308771,4219,True,True,True,True,Eyes,0.2364352,-0.02242349,-3.281428,-0.2059078,-0.2401591,0.948644,0.0,0.0,0.0,0.0,0.0,0.0,0.0,0.3344418,0.8961103,3.007419,0.1236602,-0.02768621,-3.153311,0.1384687,-0.07642831,-0.02014764,0.9872078,15.68302,350.6461,356.3706,0.08593326,-0.006535665,-0.9962792,0.0,0.0,0.0,0.04522532,-0.6090112,-1.217003,0.2701898,-0.03284454,2.023078,0.9875056,-0.06094567,0.1453216,0.01861396,0.960841,0.2764745,-0.1564809,-0.2703151,0.9499703,moving,-12.24636,-14.20654,7.607054,-0.9301116
05/15/2023 12:32:12.322213,4220,True,True,True,True,Eyes,0.2317721,-0.02284724,-3.275165,-0.1985314,-0.241493,0.9498771,0.0,0.0,0.0,0.0,0.0,0.0,0.0,0.3079267,0.8844706,3.003423,0.1203755,-0.0289288,-3.143617,0.1368157,-0.07202378,-0.02154804,0.9877398,15.49608,351.1547,356.2947,0.08452727,-0.006563717,-0.9963993,0.0,0.0,0.0,0.05714495,-0.6147439,-1.2091,0.2671528,-0.03477484,2.023319,0.9886965,-0.06227566,0.1363853,0.02285975,0.9616343,0.2733804,-0.1481777,-0.2671726,0.9521881,moving,-11.8053,-14.26445,7.521649,-0.9846473
05/15/2023 12:32:12.339645,4221,True,True,True,True,Eyes,0.2271535,-0.02329567,-3.268739,-0.1913568,-0.2427617,0.9510254,0.0,0.0,0.0,0.0,0.0,0.0,0.0,0.2852091,0.8703747,2.999597,0.1174763,-0.03021383,-3.133969,0.1347595,-0.06817051,-0.02238939,0.988277,15.26637,351.6091,356.2779,0.08313449,-0.006603226,-0.9965162,0.0,0.0,0.0,0.06704646,-0.6261049,-1.20278,0.264019,-0.03676683,2.023567,0.989703,-0.06262709,0.1287083,0.02588059,0.9626772,0.269412,-0.1407771,-0.2633069,0.9543853,moving,-11.37663,-14.31971,7.433508,-1.04091
05/15/2023 12:32:12.359631,4222,True,True,True,True,Eyes,0.2226188,-0.02378157,-3.262146,-0.1841514,-0.2436837,0.9522114,0.0,0.0,0.0,0.0,0.0,0.0,0.0,0.261319,0.8558928,2.994995,0.1144934,-0.03134073,-3.123579,0.1326982,-0.06409424,-0.02317105,0.9888107,15.03781,352.0901,356.2696,0.08175428,-0.006653903,-0.9966301,0.0,0.0,0.0,0.07746664,-0.6231976,-1.191596,0.2608116,-0.03880566,2.023822,0.99071,-0.06283393,0.1206046,0.02881318,0.9637086,0.265397,-0.1329036,-0.2594564,0.9565663,moving,-10.9455,-14.35468,7.343282,-1.09848
05/15/2023 12:32:12.379541,4223,True,True,True,True,Eyes,0.2181569,-0.02430561,-3.255405,-0.1771176,-0.2446537,0.9532963,0.0,0.0,0.0,0.0,0.0,0.0,0.0,0.2384969,0.8305301,2.992914,0.1119027,-0.03279498,-3.112973,0.1287947,-0.0601415,-0.02371664,0.9895617,14.59873,352.5702,356.3011,0.08038817,-0.006715858,-0.9967408,0.0,0.0,0.0,0.08597688,-0.6188723,-1.180168,0.2571614,-0.04112566,2.024112,0.991641,-0.06242997,0.1129183,0.03144634,0.9656988,0.2577533,-0.1251366,-0.2520479,0.9595898,moving,-10.52525,-14.39373,7.240581,-1.163969
05/15/2023 12:32:12.389470,4224,True,True,True,True,Eyes,0.1088348,-0.03837474,-3.082688,0.002378005,-0.2627877,0.9648508,0.0,0.0,0.0,0.0,0.0,0.0,0.0,0.2150175,0.8200455,2.986803,0.1094237,-0.0342764,-3.102668,0.1273253,-0.05613225,-0.02414356,0.9899771,14.44129,353.0436,356.3235,0.07903599,-0.006789272,-0.9968484,0.0,0.0,0.0,0.09622177,-0.6138939,-1.167878,0.2543688,-0.0429008,2.024333,0.9925325,-0.06209725,0.1049911,0.03350903,0.9664107,0.2548088,-0.1172874,-0.2493878,0.9612749,moving,0.1412129,-15.23558,7.161998,-1.214062
05/15/2023 12:32:12.410173,4225,True,True,True,True,Eyes,0.1087422,-0.03844672,-3.082248,0.00261502,-0.2629226,0.9648134,0.0,0.0,0.0,0.0,0.0,0.0,0.0,0.1910708,0.8135813,2.978766,0.1071137,-0.03578106,-3.091718,0.1265434,-0.05208585,-0.02460442,0.9902871,14.36307,353.5165,356.3357,0.073826,-0.00748822,-0.9972428,-0.3279662,-0.04220738,0.5181513,0.1061305,-0.6022055,-1.153436,0.251092,-0.04498369,2.024593,0.9933634,-0.06191313,0.09693283,0.03554865,0.9667628,0.2531917,-0.109387,-0.2480655,0.9625476,moving,0.1552935,-15.24361,7.069778,-1.272824
05/15/2023 12:32:12.429380,4226,True,True,True,True,Eyes,0.1085844,-0.03858775,-3.081385,0.003118865,-0.2630008,0.9647905,0.0,0.0,0.0,0.0,0.0,0.0,0.0,0.1686336,0.800468,2.972201,0.105061,-0.03760649,-3.0807,0.1246084,-0.04817673,-0.02440122,0.9907354,14.15564,353.9889,356.4312,0.06945383,-0.008068776,-0.9975523,-0.3082882,-0.03967494,0.4870622,0.1163998,-0.6000804,-1.142188,0.2478918,-0.04701769,2.024847,0.9941671,-0.06035675,0.08937957,0.03634384,0.9677546,0.2492591,-0.101542,-0.2445568,0.9643034,moving,0.1852186,-15.24827,6.979703,-1.33019
05/15/2023 12:32:12.440376,4227,True,True,True,True,Eyes,0.1083159,-0.03877524,-3.080121,0.003825353,-0.2634183,0.9646742,0.0,0.0,0.0,0.0,0.0,0.0,0.0,0.1495717,0.7949646,2.963258,0.1032713,-0.03941968,-3.069694,0.1239271,-0.04480771,-0.02367757,0.9909964,14.09325,354.3981,356.5696,0.06576981,-0.008555515,-0.997798,-0.289791,-0.03729444,0.4578385,0.1268889,-0.600726,-1.131168,0.2446631,-0.04906982,2.025103,0.9948633,-0.05803454,0.08293996,0.03582299,0.9681629,0.2477444,-0.09467713,-0.2435006,0.9652687,moving,0.2272015,-15.2731,6.888809,-1.38805
05/15/2023 12:32:12.459647,4228,True,True,True,True,Eyes,0.1080088,-0.03895098,-3.078457,0.004764883,-0.2640147,0.9645069,0.0,0.0,0.0,0.0,0.0,0.0,0.0,0.1311341,0.7965822,2.952214,0.1017679,-0.04074453,-3.058643,0.1245093,-0.04163618,-0.02322438,0.9910725,14.17366,354.774,356.665,0.06265043,-0.00896774,-0.997995,-0.2724035,-0.03505677,0.4303682,0.1376335,-0.5969324,-1.118792,0.2414961,-0.05108291,2.025354,0.9954541,-0.05640226,0.07674564,0.03566588,0.9679161,0.2487295,-0.08831225,-0.2448616,0.9655277,moving,0.2830519,-15.30859,6.799644,-1.444792
05/15/2023 12:32:12.479386,4229,True,True,True,True,Eyes,0.1077148,-0.0391136,-3.076418,0.005897255,-0.2650962,0.964204,0.0,0.0,0.0,0.0,0.0,0.0,0.0,0.1063463,0.8071467,2.938713,0.1036205,-0.04176722,-3.047351,0.1266855,-0.03824628,-0.02460619,0.9908999,14.42918,355.1411,356.5396,0.05989332,-0.009335723,-0.9981609,-0.2560593,-0.03295337,0.4045461,0.1465252,-0.5979887,-1.107855,0.2381628,-0.05320174,2.025619,0.9958635,-0.05845502,0.06956197,0.03907403,0.9666906,0.2529475,-0.08203095,-0.2491831,0.964976,moving,0.3504275,-15.37294,6.705785,-1.504496
05/15/2023 12:32:12.489615,4230,True,True,True,True,Eyes,0.1075046,-0.0392456,-3.074011,0.007323422,-0.266459,0.9638184,0.0,0.0,0.0,0.0,0.0,0.0,0.0,0.07282773,0.8228039,2.923851,0.1039295,-0.04150414,-3.03623,0.129997,-0.0334901,-0.02836732,0.9905425,14.81122,355.6266,356.1505,0.05740458,-0.009672932,-0.9983038,-0.2406957,-0.03097617,0.3802733,0.1549179,-0.6034427,-1.098292,0.2350941,-0.05515194,2.025862,0.9961475,-0.06490531,0.05897139,0.04749085,0.9645922,0.2594352,-0.07372207,-0.2556351,0.9639584,moving,0.4353445,-15.45409,6.619365,-1.559432
05/15/2023 12:32:12.508210,4231,True,True,True,True,Eyes,0.1072402,-0.03925362,-3.071251,0.008974697,-0.2680302,0.9633687,0.0,0.0,0.0,0.0,0.0,0.0,0.0,0.03870482,0.8403895,2.907799,0.1025176,-0.03966171,-3.025056,0.1339681,-0.02831222,-0.03199012,0.9900644,15.27563,356.1583,355.7833,0.05515997,-0.009981706,-0.9984274,-0.226254,-0.0291176,0.3574569,0.1660445,-0.6155183,-1.090542,0.2318238,-0.05723089,2.026121,0.9963501,-0.07093045,0.04749053,0.0557587,0.9620584,0.2670856,-0.06463315,-0.2634628,0.9625019,moving,0.5337493,-15.54773,6.527256,-1.617977
05/15/2023 12:32:12.530394,4232,True,True,True,True,Eyes,0.1069399,-0.03917652,-3.068146,0.01094509,-0.2692267,0.9630146,0.0,0.0,0.0,0.0,0.0,0.0,0.0,0.008566223,0.8420461,2.895738,0.1011862,-0.03663455,-3.013774,0.1354491,-0.02342469,-0.03389359,0.9899274,15.46095,356.6953,355.6294,0.05313403,-0.01026098,-0.9985344,-0.2126787,-0.02737054,0.3360095,0.1795356,-0.6314857,-1.084772,0.2286879,-0.05922401,2.02637,0.996605,-0.07345008,0.03719578,0.06075867,0.9610096,0.2697574,-0.0555592,-0.2665816,0.9622096,moving,0.6511642,-15.61922,6.438923,-1.674087
05/15/2023 12:32:12.539571,4233,True,True,True,True,Eyes,0.1065831,-0.03898236,-3.064726,0.01312125,-0.2702977,0.9626874,0.0,0.0,0.0,0.0,0.0,0.0,0.0,-0.01837637,0.8115465,2.892523,0.09993824,-0.0345864,-3.002407,0.1312465,-0.01861086,-0.03417396,0.9905858,14.99589,357.2798,355.6902,0.05130433,-0.01051107,-0.9986275,-0.199918,-0.02572831,0.3158489,0.192798,-0.6485195,-1.080076,0.2255055,-0.06124681,2.026623,0.9969715,-0.07258969,0.02790088,0.06281925,0.963213,0.2612938,-0.04584173,-0.2587498,0.964856,moving,0.7808827,-15.68337,6.349274,-1.731016
05/15/2023 12:32:12.559219,4234,True,True,True,True,Eyes,0.1061353,-0.03868752,-3.060966,0.01562089,-0.2711032,0.9624235,0.0,0.0,0.0,0.0,0.0,0.0,0.0,-0.04062033,0.7956582,2.885267,0.09872542,-0.03161927,-2.991445,0.1296306,-0.01458253,-0.03399419,0.9908722,14.82712,357.7643,355.7793,0.04964998,-0.01073118,-0.9987088,-0.1879229,-0.02418461,0.296898,0.2061451,-0.6541772,-1.072313,0.2221754,-0.06336367,2.026887,0.9972635,-0.07114848,0.02008547,0.06358711,0.9640806,0.2578862,-0.03771222,-0.2559033,0.9659665,moving,0.9298739,-15.73189,6.255452,-1.790573
05/15/2023 12:32:12.579465,4235,True,True,True,True,Eyes,0.1056206,-0.03838215,-3.056935,0.01842271,-0.2717246,0.9621987,0.0,0.0,0.0,0.0,0.0,0.0,0.0,-0.06948081,0.7705281,2.879086,0.09600036,-0.0289616,-2.979534,0.1264682,-0.009278305,-0.03510874,0.9913058,14.48259,358.3857,355.7381,0.04815075,-0.01092118,-0.9987801,-0.1766476,-0.02273353,0.2790841,0.221026,-0.6380974,-1.057508,0.2187942,-0.06551278,2.027155,0.9973626,-0.07195381,0.009514998,0.06726017,0.9655464,0.2513888,-0.02727555,-0.2500858,0.9678394,moving,1.096878,-15.76966,6.160181,-1.851017
05/15/2023 12:32:12.589518,4236,True,True,True,True,Eyes,0.105104,-0.03806121,-3.052669,0.02151322,-0.2726161,0.9618823,0.0,0.0,0.0,0.0,0.0,0.0,0.0,-0.1000421,0.7465568,2.873629,0.09515603,-0.02854653,-2.969045,0.1230338,-0.003741848,-0.03445784,0.991797,14.11042,359.0605,355.9041,0.04678902,-0.01108387,-0.9988431,-0.1660487,-0.02136952,0.262339,0.2332344,-0.6307603,-1.046098,0.2158421,-0.06738919,2.027389,0.9975973,-0.06927112,-0.001056655,0.06742962,0.9673507,0.2443071,-0.01590127,-0.2437913,0.9696974,moving,1.28125,-15.82376,6.076993,-1.903776
05/15/2023 12:32:12.609798,4237,True,True,True,True,Eyes,0.1045476,-0.03766374,-3.048151,0.02475157,-0.2738742,0.9614469,0.0,0.0,0.0,0.0,0.0,0.0,0.0,-0.1272532,0.7648668,2.857454,0.09450135,-0.02777146,-2.959148,0.1268709,0.0011502,-0.03252358,0.9913853,14.57403,359.6465,356.1968,0.04555157,-0.0112215,-0.9988987,-0.1560858,-0.02008735,0.2465987,0.2480709,-0.6183976,-1.032533,0.2126074,-0.06944537,2.027646,0.9978818,-0.06419493,-0.01053317,0.06477865,0.965692,0.2514811,-0.00597201,-0.2516307,0.9678049,moving,1.474702,-15.89993,5.985837,-1.961571
05/15/2023 12:32:12.629595,4238,True,True,True,True,Eyes,0.1039934,-0.0372138,-3.043396,0.02820841,-0.2749648,0.9610404,0.0,0.0,0.0,0.0,0.0,0.0,0.0,-0.1527481,0.7778624,2.841668,0.09377041,-0.02549745,-2.948565,0.1301017,0.005740435,-0.03137781,0.9909875,14.96439,0.1905412,356.3979,0.04442465,-0.01133418,-0.9989482,-0.1467206,-0.01888211,0.2318028,0.2669279,-0.6066182,-1.020285,0.2093437,-0.07151979,2.027905,0.9979649,-0.06069634,-0.01954201,0.0636837,0.9641779,0.2574981,0.00321278,-0.2582186,0.9660811,moving,1.68126,-15.96644,5.893853,-2.019861
05/15/2023 12:32:12.639515,4239,True,True,True,True,Eyes,0.1033866,-0.03673889,-3.038435,0.03165371,-0.2761094,0.9606048,0.0,0.0,0.0,0.0,0.0,0.0,0.0,-0.1761518,0.763679,2.833353,0.09318998,-0.02380918,-2.938175,0.128503,0.01003468,-0.030876,0.9911776,14.79482,0.7085942,356.5235,0.04339706,-0.01142279,-0.9989924,-0.1379174,-0.01774918,0.2178946,0.283433,-0.6223267,-1.016948,0.2062414,-0.07349181,2.028151,0.997892,-0.05862823,-0.02782762,0.06378618,0.9650673,0.2541189,0.01195698,-0.2553583,0.9667726,moving,1.887319,-16.03639,5.806411,-2.075254
05/15/2023 12:32:12.660003,4240,True,True,True,True,Eyes,0.1027967,-0.03624387,-3.033265,0.03520716,-0.2772511,0.9601523,0.0,0.0,0.0,0.0,0.0,0.0,0.0,-0.1949569,0.7580312,2.823362,0.09269744,-0.02278851,-2.928289,0.1282066,0.0135518,-0.02998706,0.9912014,14.7718,1.136336,356.6816,0.04245845,-0.01148887,-0.999032,-0.1296424,-0.01668423,0.2048209,0.2981392,-0.6343949,-1.012375,0.2030737,-0.07550526,2.028402,0.9978343,-0.05597157,-0.0345542,0.06292129,0.9653277,0.2533443,0.01917605,-0.2549698,0.9667588,moving,2.099998,-16.10646,5.717124,-2.131795
05/15/2023 12:32:12.679738,4241,True,True,True,True,Eyes,0.1021864,-0.03573725,-3.027896,0.03867117,-0.2783256,0.959708,0.0,0.0,0.0,0.0,0.0,0.0,0.0,-0.2120044,0.7568827,2.811919,0.09245641,-0.02179424,-2.918164,0.1287198,0.01664666,-0.02966184,0.9910976,14.84087,1.503385,356.7673,0.04159997,-0.01153411,-0.9990675,-0.1218638,-0.01568318,0.1925317,0.3118579,-0.6284446,-1.002197,0.199782,-0.07759726,2.028663,0.9976861,-0.05451004,-0.04063306,0.06308106,0.9651028,0.2541602,0.0253608,-0.2561353,0.9663082,moving,2.30747,-16.17273,5.624331,-2.190521
05/15/2023 12:32:12.689726,4242,True,True,True,True,Eyes,0.1015941,-0.03525415,-3.022359,0.04220247,-0.2793876,0.9592506,0.0,0.0,0.0,0.0,0.0,0.0,0.0,-0.2298197,0.7413747,2.804175,0.09205744,-0.02105808,-2.90808,0.1267311,0.01980204,-0.03074939,0.9912627,14.62345,1.86345,356.6856,0.04081298,-0.01156024,-0.9990997,-0.114552,-0.01474219,0.1809798,0.3228335,-0.6279278,-0.993779,0.1966628,-0.07958001,2.02891,0.9973247,-0.05594237,-0.04705185,0.06598051,0.9659874,0.2500298,0.03146423,-0.2524654,0.9670942,moving,2.519118,-16.23852,5.536399,-2.246163
05/15/2023 12:32:12.708818,4243,True,True,True,True,Eyes,0.101007,-0.03479533,-3.016666,0.04563504,-0.2807665,0.9586905,0.0,0.0,0.0,0.0,0.0,0.0,0.0,-0.2469462,0.7388683,2.793446,0.09184697,-0.02114534,-2.898511,0.1268933,0.02270662,-0.0322086,0.9911333,14.65505,2.182074,356.5581,0.04009186,-0.01156994,-0.9991288,-0.1076789,-0.01385766,0.170121,0.3318847,-0.6307904,-0.985966,0.1935595,-0.08155239,2.029157,0.996894,-0.05808338,-0.05318468,0.06960866,0.9657214,0.2500736,0.03683645,-0.252999,0.966765,moving,2.725304,-16.32344,5.448908,-2.301495
05/15/2023 12:32:12.729454,4244,True,True,True,True,Eyes,0.1004456,-0.03434555,-3.010835,0.0491226,-0.2823871,0.958042,0.0,0.0,0.0,0.0,0.0,0.0,0.0,-0.2640144,0.7513054,2.778753,0.09158255,-0.02121142,-2.889082,0.1297295,0.02553023,-0.03380828,0.990644,14.99636,2.480827,356.4174,0.03942917,-0.01156568,-0.9991551,-0.1012181,-0.0130262,0.1599137,0.3399597,-0.6249667,-0.9753147,0.1900829,-0.08376235,2.029433,0.9964104,-0.06035988,-0.0593546,0.07360798,0.9640545,0.2553052,0.04181088,-0.2587577,0.9650369,moving,2.935211,-16.42311,5.350889,-2.363472
05/15/2023 12:32:12.739635,4245,True,True,True,True,Eyes,0.09993074,-0.03388477,-3.004875,0.05253264,-0.2843752,0.9572727,0.0,0.0,0.0,0.0,0.0,0.0,0.0,-0.2802229,0.7685124,2.762944,0.09159496,-0.02091299,-2.87996,0.1334406,0.02826783,-0.03450471,0.9900526,15.43691,2.780786,356.3849,0.03882195,-0.0115492,-0.9991791,-0.09514505,-0.01224463,0.1503189,0.3470517,-0.6283041,-0.9676728,0.1869869,-0.08573008,2.029678,0.9960207,-0.06077881,-0.06518193,0.07586711,0.9620061,0.2622756,0.04676462,-0.2661771,0.9627891,moving,3.141093,-16.545,5.263595,-2.418636
05/15/2023 12:32:12.759514,4246,True,True,True,True,Eyes,0.09944802,-0.03345843,-2.998787,0.05605453,-0.2863525,0.9564832,0.0,0.0,0.0,0.0,0.0,0.0,0.0,-0.2962853,0.7874763,2.74636,0.09161658,-0.02005324,-2.870819,0.1376076,0.03097188,-0.03531637,0.9893724,15.9309,3.073985,356.3416,0.03826421,-0.0115213,-0.9992009,-0.08943635,-0.01150995,0.1412997,0.3531035,-0.6421854,-0.963438,0.1837683,-0.08777583,2.029934,0.9955869,-0.06135816,-0.07100506,0.07840602,0.9596338,0.2701026,0.05156585,-0.2744779,0.9602098,moving,3.353973,-16.66668,5.172841,-2.475969
05/15/2023 12:32:12.779521,4247,True,True,True,True,Eyes,0.09901017,-0.03304133,-2.992617,0.05959558,-0.2885966,0.9555942,0.0,0.0,0.0,0.0,0.0,0.0,0.0,-0.3155856,0.7881864,2.734483,0.0918452,-0.02044065,-2.861709,0.1383248,0.03433734,-0.0360501,0.9891348,16.02874,3.457005,356.3123,0.03775266,-0.01148428,-0.9992208,-0.08407017,-0.01081935,0.1328218,0.3597239,-0.6585915,-0.9606384,0.1807143,-0.08971739,2.030176,0.9950427,-0.0618174,-0.07790176,0.08081622,0.9591333,0.271168,0.05795527,-0.2761194,0.9593744,moving,3.568626,-16.80471,5.086726,-2.530365
05/15/2023 12:32:12.789371,4248,True,True,True,True,Eyes,0.08903079,-0.02233571,-2.835221,0.1509406,-0.3454532,0.9262177,0.0,0.0,0.0,0.0,0.0,0.0,0.0,-0.3332372,0.8081794,2.717923,0.09201471,-0.02012624,-2.853495,0.142605,0.0373384,-0.0366954,0.9883942,16.53734,3.788726,356.2984,0.03728554,-0.01143944,-0.9992388,-0.07902596,-0.01017019,0.1248524,0.3658611,-0.6762973,-0.9585667,0.1775206,-0.09174722,2.030429,0.9945186,-0.06188976,-0.08427604,0.08318834,0.9566346,0.2791596,0.06334424,-0.2846402,0.9565393,moving,9.255813,-20.4541,4.99667,-2.587214
05/15/2023 12:32:12.810436,4249,True,True,True,True,Eyes,0.08902506,-0.02232856,-2.834869,0.1513221,-0.3452476,0.926232,2.025647,0.3955502,-0.7216783,-0.9586501,0.1292846,-0.7112785,-0.6909185,0.1713748,-0.110886,2.024517,0.09247833,-0.01939754,-2.844196,0.1447694,0.04123328,-0.03827729,0.9878646,16.80898,4.216443,356.1853,0.03647963,-0.011038,-0.9992731,-0.1042226,0.02255688,0.5895503,0.3753802,-0.6818935,-0.9525347,0.1742907,-0.09380043,2.030685,0.9936693,-0.06368692,-0.09254855,0.08756419,0.9551533,0.2828686,0.07038302,-0.2891818,0.9546832,moving,9.278658,-20.44265,4.90559,-2.644699
05/15/2023 12:32:12.829369,4250,True,True,True,True,Eyes,0.08904119,-0.02233058,-2.834191,0.1520514,-0.3451038,0.9261662,0.0,0.0,0.0,0.0,0.0,0.0,0.0,-0.3829236,0.801224,2.694525,0.09282594,-0.01929483,-2.835501,0.143057,0.04600007,-0.03923855,0.9878659,16.63371,4.768846,356.1483,0.03584568,-0.01069573,-0.9992998,-0.0979692,0.02120347,0.5541772,0.3827405,-0.7005364,-0.9519953,0.1709918,-0.0958969,2.030947,0.9926887,-0.06436358,-0.1021105,0.09068611,0.9559901,0.2790323,0.07965712,-0.2862522,0.9548373,moving,9.323249,-20.43617,4.812562,-2.703374
05/15/2023 12:32:12.840003,4251,True,True,True,True,Eyes,0.08906081,-0.02232517,-2.833184,0.1531266,-0.3448173,0.9260957,0.0,0.0,0.0,0.0,0.0,0.0,0.0,-0.4087426,0.8009444,2.681875,0.09327686,-0.01949626,-2.827004,0.1436572,0.05071631,-0.03918401,0.9875501,16.72102,5.326843,356.239,0.03534817,-0.01040275,-0.9993206,-0.09209105,0.01993126,0.5209266,0.393623,-0.7109938,-0.9482723,0.1678189,-0.09791374,2.031199,0.9917849,-0.0628208,-0.1114279,0.09196386,0.9556544,0.2797629,0.08891167,-0.2877119,0.9535809,moving,9.388709,-20.42203,4.723084,-2.759801
05/15/2023 12:32:12.859460,4252,True,True,True,True,Eyes,0.08910953,-0.02233731,-2.831867,0.1545803,-0.3443585,0.9260249,0.0,0.0,0.0,0.0,0.0,0.0,0.0,-0.4354166,0.7929092,2.670826,0.09382575,-0.01936238,-2.818231,0.1428984,0.05569474,-0.03887458,0.9874042,16.65015,5.92366,356.3584,0.03495556,-0.01015027,-0.999337,-0.08656558,0.01873538,0.489671,0.4090144,-0.7069378,-0.9404922,0.1646356,-0.09993738,2.031451,0.9907737,-0.06085247,-0.1210966,0.09268721,0.9561377,0.2778667,0.09887619,-0.2865271,0.9529563,moving,9.476936,-20.39853,4.633315,-2.816399
05/15/2023 12:32:12.879769,4253,True,True,True,True,Eyes,0.08916739,-0.02238104,-2.830259,0.1563491,-0.3438112,0.9259313,0.0,0.0,0.0,0.0,0.0,0.0,0.0,-0.4644884,0.7747638,2.662115,0.09446854,-0.01983605,-2.809545,0.1402469,0.06107906,-0.03923096,0.9874518,16.36566,6.560385,356.3941,0.03460502,-0.009923615,-0.9993507,-0.08137165,0.01761126,0.4602907,0.4246568,-0.7116297,-0.9361251,0.1614413,-0.1019676,2.031705,0.9894605,-0.06034506,-0.1316293,0.09460965,0.9575835,0.2721817,0.1096212,-0.2817664,0.9532004,moving,9.584328,-20.37066,4.543232,-2.873162
05/15/2023 12:32:12.889817,4254,True,True,True,True,Eyes,0.08925559,-0.02245347,-2.828362,0.1584801,-0.3432928,0.9257613,0.0,0.0,0.0,0.0,0.0,0.0,0.0,-0.495621,0.7680084,2.649506,0.0950687,-0.02066794,-2.801053,0.1397059,0.0667223,-0.04022027,0.9871234,16.33071,7.212737,356.3698,0.03429336,-0.009721614,-0.9993628,-0.07648935,0.01655459,0.4326733,0.4418807,-0.7106424,-0.9299245,0.1582422,-0.104001,2.031959,0.9878609,-0.06076176,-0.1429643,0.09804774,0.9577292,0.2704467,0.1204883,-0.281181,0.9520608,moving,9.714243,-20.3459,4.453018,-2.929994
05/15/2023 12:32:12.909441,4255,True,True,True,True,Eyes,0.08938906,-0.02256271,-2.826187,0.1608268,-0.3427023,0.9255754,0.0,0.0,0.0,0.0,0.0,0.0,0.0,-0.5271751,0.7627833,2.63564,0.09577556,-0.02142917,-2.792261,0.1394804,0.07248922,-0.04106484,0.9867139,16.33231,7.881828,356.3665,0.03401808,-0.009542901,-0.9993736,-0.07189999,0.01556131,0.4067129,0.4607141,-0.7032862,-0.9217116,0.1551342,-0.1059766,2.032205,0.986118,-0.06081684,-0.1545077,0.1012601,0.9577178,0.2693009,0.1315968,-0.281208,0.9505811,moving,9.857225,-20.31751,4.365372,-2.985189
05/15/2023 12:32:12.929392,4256,True,True,True,True,Eyes,0.08955518,-0.0227265,-2.823742,0.1635422,-0.3420949,0.9253243,0.0,0.0,0.0,0.0,0.0,0.0,0.0,-0.5599909,0.7499324,2.623185,0.09651114,-0.0224122,-2.783392,0.1378082,0.07860027,-0.04174604,0.9864523,16.16742,8.596586,356.3767,0.03377748,-0.009386531,-0.9993831,-0.06758599,0.01462763,0.3823101,0.4793927,-0.704868,-0.9169576,0.1518735,-0.108049,2.032464,0.9841585,-0.06069742,-0.1665767,0.1040245,0.9585324,0.2653199,0.143565,-0.2784449,0.9496617,moving,10.02297,-20.28949,4.273418,-3.043069
05/15/2023 12:32:12.941015,4257,True,True,True,True,Eyes,0.08976465,-0.02294653,-2.82105,0.166313,-0.341684,0.9249822,0.0,0.0,0.0,0.0,0.0,0.0,0.0,-0.5933279,0.7411991,2.608976,0.09734313,-0.02389942,-2.774549,0.1368703,0.08475872,-0.04280999,0.9860274,16.09154,9.309535,356.3467,0.03356954,-0.009252284,-0.9993913,-0.06353083,0.01374997,0.3593715,0.4986591,-0.7075588,-0.9126102,0.1485984,-0.1101308,2.032723,0.9819666,-0.06122172,-0.1788676,0.1076255,0.9588676,0.2626587,0.15543,-0.2771727,0.9481649,moving,10.19295,-20.27399,4.181063,-3.101194
05/15/2023 12:32:12.959674,4258,True,True,True,True,Eyes,0.09000243,-0.02322163,-2.818102,0.1694146,-0.3413627,0.9245378,0.0,0.0,0.0,0.0,0.0,0.0,0.0,-0.6260158,0.7419699,2.591897,0.09806834,-0.02542119,-2.765878,0.1376989,0.09081756,-0.04381272,0.9853283,16.21934,10.01014,356.338,0.03339283,-0.00914002,-0.9993982,-0.05971898,0.01292498,0.3378092,0.5197783,-0.7048367,-0.9067285,0.1453749,-0.1121798,2.032979,0.9796653,-0.06132887,-0.1910361,0.1113508,0.958239,0.2633993,0.1669043,-0.2793151,0.9455824,moving,10.38382,-20.26542,4.090162,-3.158377
05/15/2023 12:32:12.979429,4259,True,True,True,True,Eyes,0.09025763,-0.02355361,-2.814917,0.1723244,-0.3413491,0.9240049,0.0,0.0,0.0,0.0,0.0,0.0,0.0,-0.6582379,0.740991,2.574527,0.09887191,-0.02700537,-2.756814,0.1382462,0.09683303,-0.04494452,0.9846275,16.31669,10.70446,356.312,0.03324554,-0.009049587,-0.999404,-0.05613584,0.01214948,0.3175407,0.5409372,-0.7055391,-0.9021595,0.1424158,-0.1140608,2.033214,0.9772067,-0.06173362,-0.2031158,0.1152808,0.957736,0.2635378,0.1782621,-0.2809463,0.9430227,moving,10.56415,-20.27541,4.006718,-3.210856
05/15/2023 12:32:12.989202,4260,True,True,True,True,Eyes,0.09053833,-0.02393741,-2.811499,0.1755034,-0.3414835,0.9233567,0.0,0.0,0.0,0.0,0.0,0.0,0.0,-0.6895431,0.7392164,2.55741,0.09954034,-0.02868827,-2.748004,0.1386846,0.1026872,-0.04649736,0.9839004,16.40666,11.37332,356.2335,0.03312563,-0.008980912,-0.9994087,-0.05276769,0.01142051,0.2984882,0.5608942,-0.7131985,-0.9002386,0.1391904,-0.1161109,2.03347,0.9745867,-0.06301527,-0.2149649,0.1199798,0.9572092,0.2633543,0.1891711,-0.282453,0.9404439,moving,10.7619,-20.29583,3.915772,-3.268034
05/15/2023 12:32:13.009891,4261,True,True,True,True,Eyes,0.0908438,-0.02437415,-2.807851,0.1784646,-0.3418738,0.9226444,0.0,0.0,0.0,0.0,0.0,0.0,0.0,-0.7194334,0.742139,2.53867,0.1003305,-0.03029318,-2.739017,0.1401039,0.1082304,-0.04839288,0.9830133,16.61404,11.9995,356.1216,0.03303156,-0.00893376,-0.9994124,-0.04960163,0.01073528,0.2805789,0.5805135,-0.7200099,-0.8977069,0.1358309,-0.118246,2.033736,0.9718887,-0.06481471,-0.2263439,0.1254687,0.956058,0.2649729,0.1992238,-0.2859232,0.9373142,moving,10.94738,-20.33153,3.821044,-3.327559
05/15/2023 12:32:13.029470,4262,True,True,True,True,Eyes,0.09116857,-0.02488044,-2.80399,0.1817322,-0.3423025,0.9218472,0.0,0.0,0.0,0.0,0.0,0.0,0.0,-0.7502297,0.7394149,2.520666,0.1010583,-0.03194994,-2.729854,0.1405002,0.1140484,-0.0503061,0.9822026,16.70679,12.65923,356.0023,0.03296194,-0.008907969,-0.9994151,-0.04662553,0.01009116,0.2637442,0.5993187,-0.7265888,-0.8953587,0.1328019,-0.1201713,2.033977,0.9689245,-0.06677391,-0.2381734,0.1308692,0.955458,0.2645246,0.2099013,-0.2874739,0.9345053,moving,11.15224,-20.37109,3.73564,-3.381216
05/15/2023 12:32:13.039891,4263,True,True,True,True,Eyes,0.09151267,-0.02544157,-2.799912,0.1848481,-0.3429365,0.9209917,0.0,0.0,0.0,0.0,0.0,0.0,0.0,-0.7798291,0.7374491,2.502587,0.1017344,-0.03411536,-2.720917,0.140793,0.1198369,-0.05123243,0.9814234,16.7762,13.33299,355.9982,0.03291529,-0.008903991,-0.9994168,-0.043828,0.009485693,0.2479196,0.6161568,-0.7371987,-0.8940115,0.1295377,-0.1222461,2.034235,0.9660287,-0.06681699,-0.2496479,0.1343058,0.9551052,0.264076,0.2207952,-0.2886341,0.9316329,moving,11.3488,-20.4231,3.643609,-3.439018
05/15/2023 12:32:13.059564,4264,True,True,True,True,Eyes,0.1002081,-0.0404249,-2.692082,0.2699515,-0.3583207,0.8937184,0.0,0.0,0.0,0.0,0.0,0.0,0.0,-0.8078145,0.7414727,2.482501,0.1025384,-0.03597832,-2.711705,0.1422389,0.1253915,-0.05172108,0.9804948,16.97173,13.98715,356.058,0.03289029,-0.008921726,-0.9994176,-0.04119832,0.008916551,0.2330444,0.6343085,-0.7439602,-0.8915863,0.1263966,-0.1242429,2.034485,0.9632038,-0.0657534,-0.2606048,0.1370956,0.9541861,0.2659582,0.2311779,-0.2918997,0.9280902,moving,16.80717,-21.84745,3.555049,-3.494627
05/15/2023 12:32:13.079421,4265,True,True,True,True,Eyes,0.1002377,-0.04045604,-2.691699,0.270009,-0.3584403,0.893653,0.0,0.0,0.0,0.0,0.0,0.0,0.0,-0.8372146,0.7390128,2.462611,0.1028579,-0.03748065,-2.701766,0.1426258,0.1314047,-0.05249157,0.9796098,17.05147,14.69221,356.08,0.03332882,-0.009579846,-0.9993971,-0.01264006,-0.03656843,0.5425526,0.653038,-0.7502544,-0.8893888,0.1231881,-0.1262822,2.03474,0.9599549,-0.0653591,-0.272424,0.1403259,0.953805,0.26564,0.2424774,-0.2932306,0.9247813,moving,16.81171,-21.8555,3.464597,-3.551396
05/15/2023 12:32:13.089655,4266,True,True,True,True,Eyes,0.1002991,-0.04052622,-2.690908,0.2705672,-0.3584366,0.8934857,0.0,0.0,0.0,0.0,0.0,0.0,0.0,-0.8671774,0.7375421,2.442275,0.1036712,-0.03825445,-2.692297,0.143441,0.1373954,-0.05375202,0.9786,17.18832,15.38717,356.0513,0.03371897,-0.01013553,-0.9993786,-0.01188166,-0.03437433,0.5099995,0.6710019,-0.7602994,-0.88845,0.1200237,-0.1282936,2.034991,0.9564664,-0.06578719,-0.2843308,0.1446197,0.9530708,0.2659721,0.2534898,-0.2955133,0.9210944,moving,16.84747,-21.85901,3.375393,-3.607372
05/15/2023 12:32:13.108764,4267,True,True,True,True,Eyes,0.1003876,-0.04065778,-2.689753,0.2718167,-0.3582574,0.8931783,0.0,0.0,0.0,0.0,0.0,0.0,0.0,-0.9003595,0.7207257,2.423656,0.104359,-0.03929697,-2.681747,0.1413773,0.1442395,-0.0552035,0.9778345,17.00243,16.17994,355.9719,0.03407091,-0.01062607,-0.9993616,-0.01116876,-0.03231187,0.4793995,0.6901994,-0.7662282,-0.886053,0.1168078,-0.1303378,2.035245,0.9522951,-0.06717536,-0.2976937,0.1487442,0.95393,0.2605622,0.2664756,-0.2924123,0.9184148,moving,16.92633,-21.85592,3.284745,-3.664237
05/15/2023 12:32:13.129606,4268,True,True,True,True,Eyes,0.1005024,-0.04082563,-2.688222,0.2735051,-0.3581022,0.8927249,0.0,0.0,0.0,0.0,0.0,0.0,0.0,-0.9322144,0.7038515,2.405749,0.1050605,-0.04095025,-2.671955,0.1389822,0.1509741,-0.05589174,0.9771218,16.76706,16.97263,355.9718,0.03439278,-0.01107343,-0.9993458,-0.01049863,-0.03037316,0.4506355,0.7088921,-0.7735562,-0.8848684,0.1133395,-0.1325423,2.035521,0.9481658,-0.06726067,-0.3105761,0.1511915,0.9551201,0.2547286,0.2795043,-0.2884814,0.9157815,moving,17.03355,-21.8574,3.186987,-3.725538
05/15/2023 12:32:13.145093,4269,True,True,True,True,Eyes,0.1006466,-0.04103856,-2.686328,0.2757471,-0.3578041,0.8921546,0.0,0.0,0.0,0.0,0.0,0.0,0.0,-0.9640538,0.6964751,2.383633,0.1056681,-0.04198857,-2.661438,0.1387082,0.157719,-0.05701881,0.9760296,16.78328,17.76135,355.9541,0.03468916,-0.01148361,-0.999331,-0.009868716,-0.02855077,0.4235974,0.7319719,-0.7702144,-0.8799667,0.1103936,-0.1344145,2.035754,0.9437472,-0.06755027,-0.3236947,0.1550579,0.9550178,0.2527806,0.2920588,-0.2887524,0.9117695,moving,17.17533,-21.85356,3.103959,-3.777578
05/15/2023 12:32:13.159613,4270,True,True,True,True,Eyes,0.1008212,-0.04129239,-2.684098,0.2784026,-0.3574807,0.8914592,0.0,0.0,0.0,0.0,0.0,0.0,0.0,-0.9959136,0.6801699,2.363513,0.1065604,-0.04331917,-2.650931,0.1364849,0.1646627,-0.05746941,0.9751695,16.5659,18.58363,355.9835,0.03496356,-0.01186131,-0.9993171,-0.009276593,-0.02683772,0.3981815,0.7550702,-0.7658743,-0.8754501,0.1071244,-0.1364925,2.036014,0.939167,-0.06713688,-0.3368354,0.1570327,0.9561383,0.2472657,0.3054606,-0.285118,0.9085162,moving,17.34358,-21.85109,3.011829,-3.835319
05/15/2023 12:32:13.179774,4271,True,True,True,True,Eyes,0.1010306,-0.04157787,-2.681538,0.2813691,-0.3572695,0.890612,0.0,0.0,0.0,0.0,0.0,0.0,0.0,-1.025879,0.6713142,2.341706,0.1073221,-0.04455672,-2.640676,0.1356338,0.1713214,-0.05756528,0.9741349,16.49762,19.37961,356.0722,0.03522035,-0.01221232,-0.9993031,-0.008719997,-0.02522746,0.3742906,0.7765714,-0.7695048,-0.8733947,0.1035268,-0.1387794,2.036299,0.9346704,-0.0656788,-0.3493958,0.1586266,0.9565794,0.2445268,0.3181647,-0.2839755,0.904505,moving,17.53278,-21.85822,2.910449,-3.898836
05/15/2023 12:32:13.190194,4272,True,True,True,True,Eyes,0.1012784,-0.04188479,-2.678656,0.2847264,-0.356999,0.8896531,0.0,0.0,0.0,0.0,0.0,0.0,0.0,-1.056121,0.6658898,2.318045,0.1083028,-0.04556918,-2.630272,0.1356222,0.1780091,-0.05804274,0.9729083,16.53256,20.17493,356.1328,0.03546283,-0.01254033,-0.9992899,-0.008196797,-0.02371381,0.3518332,0.8011579,-0.7651278,-0.8694008,0.1007207,-0.1405629,2.036522,0.9298876,-0.06465656,-0.3621168,0.1612245,0.9564753,0.2432316,0.3306293,-0.2845601,0.8998388,moving,17.74686,-21.86455,2.831383,-3.948354
05/15/2023 12:32:13.210453,4273,True,True,True,True,Eyes,0.1015757,-0.0421934,-2.675478,0.2882532,-0.3568241,0.8885869,0.0,0.0,0.0,0.0,0.0,0.0,0.0,-1.086234,0.6534,2.295653,0.1093287,-0.04640551,-2.619686,0.1342418,0.1848104,-0.05852067,0.9718023,16.41206,20.98211,356.1671,0.03569433,-0.01284864,-0.9992772,-0.00770499,-0.02229098,0.3307232,0.8238806,-0.7657624,-0.8673447,0.09751904,-0.142598,2.036776,0.9248409,-0.0641225,-0.3749101,0.1633596,0.957109,0.2392824,0.3434865,-0.2825434,0.8956485,moving,17.97281,-21.8786,2.741178,-4.004837
05/15/2023 12:32:13.229939,4274,True,True,True,True,Eyes,0.1019238,-0.04246811,-2.671986,0.2921419,-0.3565695,0.8874184,0.0,0.0,0.0,0.0,0.0,0.0,0.0,-1.115237,0.6436978,2.272611,0.1103788,-0.04670319,-2.609309,0.1335823,0.191385,-0.05932723,0.9705709,16.38025,21.75889,356.1732,0.03591823,-0.01313948,-0.9992651,-0.00724269,-0.02095352,0.3108798,0.8461212,-0.7697018,-0.8665874,0.09424841,-0.1446769,2.037035,0.9197041,-0.06403127,-0.3873555,0.1662938,0.9572721,0.2365935,0.3556553,-0.2820108,0.8910551,moving,18.22177,-21.89053,2.64904,-4.062512
05/15/2023 12:32:13.239741,4275,True,True,True,True,Eyes,0.1023257,-0.04272026,-2.668206,0.2961889,-0.3562396,0.8862085,0.0,0.0,0.0,0.0,0.0,0.0,0.0,-1.145533,0.6262996,2.249728,0.1118017,-0.04619457,-2.598295,0.1317238,0.198279,-0.06066072,0.9693578,16.22622,22.5637,356.0963,0.03613769,-0.01341356,-0.9992533,-0.006808129,-0.01969631,0.292227,0.8694356,-0.7682352,-0.8642567,0.0911352,-0.1466556,2.037282,0.9140114,-0.06536776,-0.4003875,0.16984,0.9579383,0.2313195,0.3684256,-0.2794305,0.8866686,moving,18.48067,-21.89922,2.561346,-4.117387
05/15/2023 12:32:13.259807,4276,True,True,True,True,Eyes,0.1027833,-0.04295114,-2.664147,0.3006256,-0.3558028,0.8848891,0.0,0.0,0.0,0.0,0.0,0.0,0.0,-1.17735,0.5994112,2.228276,0.113251,-0.04594155,-2.58761,0.1278774,0.2056417,-0.06194172,0.9682573,15.84954,23.42188,355.9849,0.03635561,-0.01367191,-0.9992418,-0.006399641,-0.01851453,0.2746934,0.8912265,-0.7692552,-0.8630055,0.08797449,-0.1486647,2.037533,0.9077495,-0.06735717,-0.41407,0.1725449,0.9596212,0.2221608,0.3823863,-0.273112,0.8827177,moving,18.76429,-21.90444,2.472322,-4.173084
05/15/2023 12:32:13.279482,4277,True,True,True,True,Eyes,0.1161508,-0.04473022,-2.55602,0.4098668,-0.3498065,0.8424041,0.0,0.0,0.0,0.0,0.0,0.0,0.0,-1.208912,0.5807613,2.203861,0.1148891,-0.04569577,-2.57691,0.125597,0.213039,-0.06276958,0.9669023,15.64193,24.2957,355.9584,0.0365747,-0.0139155,-0.9992303,-0.006015663,-0.01740366,0.2582118,0.9144339,-0.7655334,-0.8602461,0.08474326,-0.1507184,2.037789,0.9013488,-0.06787001,-0.427743,0.1748982,0.9605708,0.2161352,0.3962083,-0.2696247,0.8776796,moving,25.94497,-22.55057,2.381324,-4.229992
05/15/2023 12:32:13.289554,4278,True,True,True,True,Eyes,0.1162652,-0.04467093,-2.555529,0.4105758,-0.349151,0.8423308,0.0,0.0,0.0,0.0,0.0,0.0,0.0,-1.239233,0.5681407,2.177525,0.1168721,-0.04189049,-2.566064,0.1257722,0.2199501,-0.06540678,0.9651555,15.75664,25.09078,355.7736,0.03756958,-0.01433153,-0.9991878,0.03444759,-0.02169668,0.5670997,0.9401932,-0.7546567,-0.856279,0.08150101,-0.1527795,2.038046,0.8946878,-0.07092822,-0.4410248,0.1815826,0.9598066,0.2140071,0.4081194,-0.271552,0.8716066,moving,25.98591,-22.51429,2.290025,-4.287085
05/15/2023 12:32:13.309660,4279,True,True,True,True,Eyes,0.1164698,-0.04464133,-2.554677,0.411613,-0.3484369,0.8421203,0.0,0.0,0.0,0.0,0.0,0.0,0.0,-1.27709,0.5094926,2.155798,0.1195263,-0.04059146,-2.553835,0.1159868,0.2290899,-0.06743489,0.964115,14.74671,26.1427,355.4398,0.03840882,-0.01467165,-0.9991512,0.03238073,-0.02039488,0.5330737,0.9660659,-0.7492461,-0.8549209,0.07838804,-0.1547579,2.038293,0.8859407,-0.07688715,-0.4573812,0.1831728,0.9639992,0.1927519,0.4260949,-0.2545465,0.8681297,moving,26.04854,-22.47788,2.202378,-4.341864
05/15/2023 12:32:13.329357,4280,True,True,True,True,Eyes,0.1167645,-0.04452073,-2.553435,0.4129552,-0.3482233,0.8415512,0.0,0.0,0.0,0.0,0.0,0.0,0.0,-1.308887,0.4817095,2.131447,0.1210204,-0.04127477,-2.544002,0.1112162,0.2370981,-0.06710313,0.9627631,14.23915,27.1042,355.475,0.03912511,-0.01495165,-0.9991196,0.03043789,-0.01917119,0.5010893,0.9875554,-0.7513347,-0.8559341,0.07509971,-0.1568482,2.038554,0.8785633,-0.07647055,-0.4714645,0.1819471,0.9662563,0.1823296,0.4416127,-0.2459696,0.8628309,moving,26.13752,-22.47915,2.109805,-4.399721
05/15/2023 12:32:13.340242,4281,True,True,True,True,Eyes,0.1172071,-0.04427358,-2.551777,0.4144815,-0.3480408,0.8408762,0.0,0.0,0.0,0.0,0.0,0.0,0.0,-1.334528,0.498237,2.098911,0.1233703,-0.03885593,-2.533358,0.1169102,0.2431416,-0.0688277,0.9604566,14.95403,27.82475,355.5262,0.03977969,-0.01519786,-0.9990903,0.02861162,-0.01802091,0.4710239,1.023001,-0.7181658,-0.8474593,0.07205725,-0.1587821,2.038795,0.8722898,-0.07536058,-0.4831473,0.1890635,0.9631895,0.1911045,0.4509607,-0.258044,0.8544284,moving,26.23943,-22.48479,2.024165,-4.453227
05/15/2023 12:32:13.359759,4282,True,True,True,True,Eyes,0.1177468,-0.04403519,-2.549782,0.4165674,-0.3474515,0.8400887,0.0,0.0,0.0,0.0,0.0,0.0,0.0,-1.364592,0.4604083,2.073878,0.1267261,-0.03559992,-2.521454,0.1114254,0.2507712,-0.07015577,0.9590498,14.41309,28.71758,355.3403,0.04038975,-0.01541114,-0.9990627,0.02689492,-0.01693966,0.4427625,1.052711,-0.7034826,-0.846426,0.06884217,-0.1608257,2.039051,0.864384,-0.07868117,-0.4966384,0.1904503,0.9653251,0.1785389,0.4653699,-0.2489111,0.8493963,moving,26.37503,-22.46945,1.933679,-4.509746
05/15/2023 12:32:13.379392,4283,True,True,True,True,Eyes,0.1183714,-0.04380582,-2.547497,0.4186195,-0.3477616,0.8389395,0.0,0.0,0.0,0.0,0.0,0.0,0.0,-1.394784,0.4253716,2.049054,0.1294249,-0.03567514,-2.511366,0.1052927,0.25862,-0.07019011,0.9576548,13.76695,29.65459,355.2769,0.04096247,-0.01559475,-0.9990367,0.02528122,-0.01592328,0.4161967,1.06942,-0.7269356,-0.8537279,0.06557435,-0.1629029,2.03931,0.8563781,-0.07997417,-0.5101183,0.1888974,0.9679736,0.165363,0.4805563,-0.2379733,0.8440583,moving,26.51858,-22.51524,1.841721,-4.567167
05/15/2023 12:32:13.394432,4284,True,True,True,True,Eyes,0.1191176,-0.0435054,-2.544878,0.4209761,-0.3483033,0.8375344,0.0,0.0,0.0,0.0,0.0,0.0,0.0,-1.418831,0.4460725,2.016548,0.1318576,-0.03548987,-2.501976,0.111256,0.2644952,-0.07124929,0.9552947,14.49259,30.36955,355.4221,0.04150682,-0.01575266,-0.9990119,0.02376435,-0.01496788,0.3912249,1.098431,-0.7073656,-0.8495057,0.06242782,-0.1649027,2.039559,0.8499316,-0.07727477,-0.5211955,0.1949815,0.9650913,0.1748743,0.4894879,-0.2502547,0.8353288,moving,26.68581,-22.58083,1.75319,-4.622432
05/15/2023 12:32:13.409853,4285,True,True,True,True,Eyes,0.1199784,-0.04313555,-2.541955,0.4233951,-0.3489284,0.8360536,0.0,0.0,0.0,0.0,0.0,0.0,0.0,-1.443649,0.4475075,1.985367,0.1354123,-0.03342886,-2.491307,0.1138126,0.270726,-0.07271991,0.9531348,14.85252,31.1172,355.4309,0.04203141,-0.01588491,-0.9989881,0.02233849,-0.01406981,0.3677514,1.128963,-0.6873611,-0.8475162,0.05934018,-0.1668655,2.039804,0.8428385,-0.07699968,-0.5326296,0.2002478,0.963517,0.1775832,0.4995238,-0.2563319,0.8275082,moving,26.85861,-22.6533,1.666328,-4.676649
05/15/2023 12:32:13.429455,4286,True,True,True,True,Eyes,0.1209616,-0.04271863,-2.53876,0.426134,-0.3495273,0.8344103,0.0,0.0,0.0,0.0,0.0,0.0,0.0,-1.469414,0.4193889,1.959827,0.1389127,-0.03140524,-2.48107,0.110018,0.2775355,-0.07424539,0.9515029,14.51162,31.91642,355.2467,0.04254131,-0.01599104,-0.998965,0.02099818,-0.01322562,0.3456863,1.145165,-0.7134006,-0.8566222,0.05607677,-0.1689395,2.040063,0.8349233,-0.08022168,-0.5444883,0.2023572,0.9647673,0.1681534,0.511815,-0.2505763,0.8217402,moving,27.05344,-22.72839,1.574536,-4.733914
05/15/2023 12:32:13.439806,4287,True,True,True,True,Eyes,0.122075,-0.04227334,-2.535277,0.4293502,-0.3500411,0.8325441,0.0,0.0,0.0,0.0,0.0,0.0,0.0,-1.494273,0.4033904,1.932106,0.1427146,-0.02987157,-2.471305,0.1089681,0.2839303,-0.07645305,0.94956,14.49871,32.66629,355.0633,0.04304523,-0.01607238,-0.9989422,0.01973829,-0.01243208,0.3249452,1.164907,-0.7252475,-0.8614426,0.05285352,-0.1709884,2.040319,0.827077,-0.08331485,-0.5558796,0.2070722,0.9645618,0.1635289,0.5225558,-0.2503582,0.8150191,moving,27.28055,-22.8042,1.483889,-4.790465
05/15/2023 12:32:13.459334,4288,True,True,True,True,Eyes,0.123322,-0.04180827,-2.531549,0.4329556,-0.3504792,0.8304901,0.0,0.0,0.0,0.0,0.0,0.0,0.0,-1.521097,0.3850281,1.901889,0.1470375,-0.02875879,-2.46104,0.1070981,0.2910364,-0.07774615,0.9475144,14.37148,33.51448,354.9665,0.04354767,-0.01613019,-0.9989196,0.01855399,-0.01168616,0.3054484,1.189555,-0.7137528,-0.860271,0.04943913,-0.1731589,2.04059,0.8185068,-0.08499232,-0.5681753,0.2096701,0.9649711,0.1577,0.5348694,-0.2482079,0.8076557,moving,27.53418,-22.88047,1.387883,-4.850344
05/15/2023 12:32:13.479751,4289,True,True,True,True,Eyes,0.1247129,-0.04132865,-2.527615,0.4368009,-0.3511069,0.8282083,0.0,0.0,0.0,0.0,0.0,0.0,0.0,-1.549037,0.3682282,1.870276,0.1513423,-0.02783844,-2.4514,0.1054584,0.2984982,-0.07880072,0.9452872,14.26581,34.41201,354.9079,0.04405683,-0.01616642,-0.9988968,0.01744075,-0.01098499,0.2871215,1.21138,-0.7135037,-0.8624684,0.04650563,-0.1750233,2.040823,0.8093785,-0.08602029,-0.5809534,0.2119369,0.9653379,0.1523333,0.5477126,-0.2464208,0.7995547,moving,27.80737,-22.97381,1.305413,-4.90176
05/15/2023 12:32:13.489880,4290,True,True,True,True,Eyes,0.1631678,-0.02829519,-2.424015,0.5371489,-0.3665754,0.7596667,0.0,0.0,0.0,0.0,0.0,0.0,0.0,-1.575433,0.3645425,1.836832,0.1556081,-0.02687922,-2.442108,0.1066088,0.305564,-0.07961331,0.9428291,14.45868,35.27525,354.9658,0.04457853,-0.01618268,-0.9988735,0.01639431,-0.01032589,0.2698942,1.237042,-0.7099224,-0.8650643,0.04327571,-0.1770764,2.041079,0.8005847,-0.08497189,-0.5931643,0.2152751,0.9645926,0.1523739,0.5592143,-0.2496817,0.7905304,moving,35.26355,-25.75952,1.214624,-4.958353
05/15/2023 12:32:13.510193,4291,True,True,True,True,Eyes,0.1633835,-0.02827562,-2.423664,0.5375596,-0.3665846,0.7593718,0.0,0.0,0.0,0.0,0.0,0.0,0.0,-1.599787,0.3621168,1.804144,0.1605576,-0.02532446,-2.432892,0.1077605,0.3122155,-0.0794282,0.940532,14.61376,36.10321,355.1317,0.04723366,-0.01567546,-0.9987597,0.1307755,0.02939405,0.5645007,1.263816,-0.7072544,-0.8697687,0.04000223,-0.1791568,2.041338,0.7924253,-0.08212052,-0.6044157,0.2166985,0.9641576,0.1531069,0.5701788,-0.2523018,0.7818183,moving,35.29469,-25.7688,1.122629,-5.015676
05/15/2023 12:32:13.529461,4292,True,True,True,True,Eyes,0.1637881,-0.02825238,-2.423006,0.5383255,-0.3668638,0.758694,0.0,0.0,0.0,0.0,0.0,0.0,0.0,-1.624743,0.352558,1.77175,0.1655632,-0.02476999,-2.423872,0.1068911,0.3192585,-0.07870331,0.9383251,14.52786,36.98064,355.2924,0.0494409,-0.01524435,-0.9986596,0.122929,0.0276304,0.5306306,1.28782,-0.7144893,-0.8776481,0.0368768,-0.1811438,2.041586,0.7837597,-0.07944682,-0.6159618,0.2159504,0.9647602,0.1503439,0.5823111,-0.2508506,0.7732967,moving,35.35732,-25.80593,1.034811,-5.070404
05/15/2023 12:32:13.544538,4293,True,True,True,True,Eyes,0.1643682,-0.02821367,-2.422029,0.5395249,-0.3673484,0.7576068,0.0,0.0,0.0,0.0,0.0,0.0,0.0,-1.648301,0.3598853,1.737555,0.1703966,-0.02458839,-2.415755,0.1101888,0.325637,-0.07912632,0.9357126,14.93619,37.78263,355.4698,0.05129347,-0.01487635,-0.9985718,0.1155533,0.02597258,0.4987928,1.311678,-0.7199149,-0.8848897,0.0335806,-0.1832387,2.041848,0.7753991,-0.07631586,-0.626843,0.2198421,0.9631949,0.1546773,0.5919676,-0.2577431,0.7636379,moving,35.45633,-25.86782,0.9422119,-5.128078
05/15/2023 12:32:13.560455,4294,True,True,True,True,Eyes,0.1651389,-0.02818758,-2.420771,0.5410357,-0.3680125,0.7562057,0.0,0.0,0.0,0.0,0.0,0.0,0.0,-1.671444,0.3717377,1.701503,0.1755639,-0.02410339,-2.40741,0.1154799,0.3317336,-0.08134519,0.9327381,15.62826,38.54209,355.5255,0.05293514,-0.01455102,-0.9984909,0.1086201,0.02441422,0.4688652,1.338535,-0.7181695,-0.8913111,0.0304175,-0.1852492,2.042099,0.7666715,-0.07513037,-0.6376286,0.2283646,0.9600947,0.1614551,0.6000536,-0.2693949,0.7532344,moving,35.58224,-25.95018,0.8533698,-5.183403
05/15/2023 12:32:13.580104,4295,True,True,True,True,Eyes,0.166083,-0.02816403,-2.419255,0.5428037,-0.3687523,0.7545766,0.0,0.0,0.0,0.0,0.0,0.0,0.0,-1.694043,0.3712564,1.668121,0.1808016,-0.02433358,-2.399367,0.1174396,0.3379966,-0.08267515,0.9301243,15.92356,39.32016,355.5622,0.05444721,-0.01425779,-0.9984139,0.1021029,0.02294937,0.4407333,1.35927,-0.7334996,-0.9021225,0.02714282,-0.1873307,2.042358,0.7578462,-0.07440793,-0.6481763,0.2331847,0.9587455,0.1625791,0.6093389,-0.2743547,0.7439325,moving,35.72931,-26.04419,0.7614128,-5.240663
05/15/2023 12:32:13.590241,4296,True,True,True,True,Eyes,0.1672267,-0.02810878,-2.417475,0.5447506,-0.3697229,0.7526963,0.0,0.0,0.0,0.0,0.0,0.0,0.0,-1.714144,0.3768668,1.635533,0.1859549,-0.02428469,-2.391677,0.1214411,0.3434137,-0.08530592,0.9273847,16.48926,39.9908,355.5251,0.05585134,-0.01399352,-0.9983402,0.0959767,0.02157241,0.4142893,1.376411,-0.7579417,-0.9147252,0.02401042,-0.1893215,2.042607,0.74958,-0.07481372,-0.6576722,0.2416319,0.95595,0.1666548,0.6162336,-0.2838357,0.7346383,moving,35.89447,-26.16018,0.6734691,-5.2954
05/15/2023 12:32:13.610042,4297,True,True,True,True,Eyes,0.1685677,-0.02806194,-2.415444,0.5469951,-0.3701926,0.7508354,0.0,0.0,0.0,0.0,0.0,0.0,0.0,-1.734396,0.3692423,1.604377,0.1918034,-0.02342585,-2.383517,0.1233356,0.3488972,-0.08933201,0.9247048,16.88391,40.63908,355.2554,0.05716686,-0.01375421,-0.9982692,0.0902181,0.02027806,0.389432,1.396421,-0.7700226,-0.9239873,0.02043205,-0.1915961,2.042891,0.7405811,-0.07914858,-0.6672894,0.2512743,0.9536163,0.1657627,0.6232181,-0.2904334,0.7261182,moving,36.07391,-26.24519,0.5730271,-5.357914
05/15/2023 12:32:13.629399,4298,True,True,True,True,Eyes,0.1700821,-0.02805725,-2.413196,0.5494698,-0.3707401,0.7487555,0.0,0.0,0.0,0.0,0.0,0.0,0.0,-1.755702,0.3423161,1.575537,0.1976714,-0.02361847,-2.375365,0.1202998,0.355141,-0.09283027,0.9223802,16.72988,41.35974,354.8597,0.05841161,-0.01353782,-0.9982001,0.08480501,0.01906138,0.366066,1.411377,-0.7904369,-0.934477,0.01751125,-0.1934527,2.043123,0.7305148,-0.08580285,-0.6774851,0.2566964,0.9538211,0.1559886,0.6328152,-0.28786,0.7188056,moving,36.27287,-26.34193,0.4910602,-5.408914
05/15/2023 12:32:13.639983,4299,True,True,True,True,Eyes,0.171791,-0.02809851,-2.410748,0.5520892,-0.3712061,0.7465947,0.0,0.0,0.0,0.0,0.0,0.0,0.0,-1.77644,0.3269505,1.544649,0.2032462,-0.02462165,-2.367839,0.1198861,0.3611476,-0.09647693,0.9197239,16.87047,42.06821,354.5511,0.05960046,-0.0133439,-0.9981325,0.07971671,0.0179177,0.3441021,1.426746,-0.8044453,-0.9417359,0.01430672,-0.1954898,2.043377,0.7205291,-0.09087107,-0.6874447,0.2640575,0.952639,0.1508395,0.6411797,-0.2902091,0.7103994,moving,36.48206,-26.43652,0.4011505,-5.464854
05/15/2023 12:32:13.659819,4300,True,True,True,True,Eyes,0.173674,-0.02817001,-2.408094,0.5549271,-0.3718237,0.7441794,0.0,0.0,0.0,0.0,0.0,0.0,0.0,-1.796275,0.321409,1.511527,0.2091037,-0.02567822,-2.360135,0.1217499,0.366902,-0.09985033,0.9168369,17.24872,42.76571,354.3664,0.06074844,-0.0131721,-0.9980655,0.07493371,0.01684264,0.323456,1.448434,-0.8011808,-0.9448119,0.01123935,-0.1974392,2.04362,0.7108257,-0.09375235,-0.6970921,0.2724335,0.9504137,0.1499791,0.648465,-0.2965202,0.7011198,moving,36.71152,-26.54867,0.3151079,-5.518362
05/15/2023 12:32:13.679770,4301,True,True,True,True,Eyes,0.1757399,-0.02826604,-2.405261,0.5579984,-0.3723041,0.7416384,0.0,0.0,0.0,0.0,0.0,0.0,0.0,-1.816482,0.3117272,1.477959,0.215079,-0.02653262,-2.352484,0.1225403,0.3730194,-0.1027453,0.9139386,17.49609,43.51187,354.1997,0.06186686,-0.01302166,-0.9979988,0.07043768,0.01583208,0.3040486,1.466814,-0.8085567,-0.9514538,0.007987738,-0.1995059,2.043878,0.7005998,-0.09638594,-0.7070146,0.2792256,0.9488546,0.1473367,0.6566529,-0.3006407,0.6916807,moving,36.95729,-26.65675,0.2239181,-5.575063
05/15/2023 12:32:13.689162,4302,True,True,True,True,Eyes,0.1779821,-0.02838684,-2.402246,0.5613093,-0.3728944,0.7388381,0.0,0.0,0.0,0.0,0.0,0.0,0.0,-1.83589,0.3060581,1.443717,0.2211077,-0.0271562,-2.344964,0.1241776,0.3790131,-0.1052013,0.9109674,17.81767,44.25747,354.1195,0.06296687,-0.01289156,-0.9979318,0.06621142,0.01488215,0.2858057,1.483199,-0.8237672,-0.9605587,0.004848719,-0.2015012,2.044127,0.6905634,-0.09754004,-0.7166646,0.2857998,0.9470252,0.1464982,0.6644099,-0.3059889,0.6818579,moving,37.22463,-26.78025,0.1359067,-5.629781
05/15/2023 12:32:13.709338,4303,True,True,True,True,Eyes,0.1803987,-0.02854091,-2.399058,0.5649597,-0.3731963,0.7358974,0.0,0.0,0.0,0.0,0.0,0.0,0.0,-1.855152,0.3000235,1.408797,0.2274711,-0.02775681,-2.337477,0.1250561,0.3852576,-0.1062353,0.9081033,17.99799,45.05374,354.1711,0.06405807,-0.01278091,-0.9978638,0.06223874,0.01398922,0.2686573,1.501808,-0.834468,-0.9695454,0.00159806,-0.2035677,2.044385,0.6805812,-0.09658774,-0.7262782,0.2893029,0.94615,0.1452718,0.6731367,-0.3089837,0.6718751,moving,37.514,-26.89097,0.04478711,-5.686428
05/15/2023 12:32:13.729362,4304,True,True,True,True,Eyes,0.244839,-0.03371243,-2.315346,0.6580831,-0.3794368,0.6503494,0.0,0.0,0.0,0.0,0.0,0.0,0.0,-1.874325,0.2934878,1.372987,0.2338364,-0.02873859,-2.329983,0.1251334,0.391829,-0.1061066,0.9052917,18.04211,45.90594,354.3232,0.06514984,-0.01268918,-0.9977943,0.05850441,0.01314987,0.2525379,1.519647,-0.8473929,-0.979724,-0.001689494,-0.2056573,2.044646,0.6704229,-0.09405312,-0.735994,0.2901767,0.946166,0.1434132,0.6828841,-0.3097158,0.6616234,moving,45.33865,-30.2608,-0.04734357,-5.743683
05/15/2023 12:32:13.739277,4305,True,True,True,True,Eyes,0.2451192,-0.03376344,-2.315071,0.6583472,-0.379609,0.6499816,0.0,0.0,0.0,0.0,0.0,0.0,0.0,-1.892075,0.2918463,1.337307,0.2401768,-0.03019111,-2.322696,0.1258985,0.3980818,-0.1053506,0.9025418,18.12756,46.73459,354.5701,0.06958094,-0.01288328,-0.9974926,0.2483153,-0.0031537,0.4885212,1.540619,-0.8555901,-0.9902356,-0.004809916,-0.2076407,2.044894,0.6608644,-0.08993082,-0.7450978,0.2904023,0.9461016,0.1433809,0.6920439,-0.3111335,0.651361,moving,45.36635,-30.28623,-0.1347686,-5.798003
05/15/2023 12:32:13.759485,4306,True,True,True,True,Eyes,0.2456623,-0.03385262,-2.314516,0.6588966,-0.3798335,0.6492934,0.0,0.0,0.0,0.0,0.0,0.0,0.0,-1.907896,0.2934108,1.302428,0.2466913,-0.03143358,-2.315303,0.127397,0.4038257,-0.1044939,0.8998755,18.28099,47.50845,354.8538,0.07327823,-0.01304999,-0.9972257,0.2334163,-0.002964478,0.4592099,1.564228,-0.8597827,-1.001046,-0.008002043,-0.2096699,2.045147,0.6520117,-0.08517065,-0.7534101,0.2909553,0.9457021,0.1448882,0.7001613,-0.3136775,0.6413897,moving,45.42059,-30.32743,-0.22418,-5.853552
05/15/2023 12:32:13.769881,4307,True,True,True,True,Eyes,0.2464806,-0.03398128,-2.313688,0.6596868,-0.3800059,0.6483895,0.0,0.0,0.0,0.0,0.0,0.0,0.0,-1.921102,0.293087,1.271009,0.2534659,-0.03242038,-2.307964,0.1283089,0.4088171,-0.1035797,0.897595,18.36258,48.18243,355.102,0.07650786,-0.01319992,-0.9969811,0.2194114,-0.00278661,0.4316573,1.586893,-0.8658069,-1.012492,-0.01108545,-0.2116295,2.045391,0.6442798,-0.08103557,-0.7604846,0.290855,0.9456161,0.1456485,0.7073237,-0.3150291,0.632811,moving,45.49483,-30.37357,-0.3105242,-5.907176
05/15/2023 12:32:13.789479,4308,True,True,True,True,Eyes,0.2475627,-0.03417144,-2.312603,0.6607383,-0.3800896,0.6472687,0.0,0.0,0.0,0.0,0.0,0.0,0.0,-1.93329,0.28797,1.241008,0.2606422,-0.03350896,-2.300344,0.1278946,0.4136708,-0.1025732,0.8955436,18.29644,48.82811,355.2934,0.07945249,-0.01334075,-0.9967489,0.2062467,-0.002619413,0.4057579,1.607482,-0.8739581,-1.023434,-0.01429701,-0.2136711,2.045646,0.6367103,-0.07790508,-0.7671575,0.2895301,0.9462433,0.1442072,0.7146833,-0.3139334,0.6250389,moving,45.59,-30.42234,-0.4004334,-5.963017
05/15/2023 12:32:13.809738,4309,True,True,True,True,Eyes,0.2489002,-0.03441036,-2.311263,0.6618719,-0.3801124,0.6460961,0.0,0.0,0.0,0.0,0.0,0.0,0.0,-1.943312,0.2857825,1.213613,0.2679804,-0.03518981,-2.293019,0.1272912,0.4178699,-0.1005552,0.8939074,18.15635,49.40068,355.5702,0.0821529,-0.01347619,-0.9965281,0.1938719,-0.002462248,0.3814124,1.626551,-0.8795059,-1.031392,-0.01751816,-0.2157181,2.045901,0.6305469,-0.07339168,-0.7726735,0.2861563,0.9473712,0.1435352,0.7214743,-0.311611,0.6183635,moving,45.69103,-30.46922,-0.4905868,-6.018978
05/15/2023 12:32:13.823250,4310,True,True,True,True,Eyes,0.2505102,-0.03469509,-2.309682,0.6631528,-0.3801202,0.6447766,0.0,0.0,0.0,0.0,0.0,0.0,0.0,-1.951013,0.2880762,1.188315,0.2754864,-0.03664824,-2.285672,0.1277931,0.4212289,-0.09861146,0.8924747,18.13037,49.87423,355.8753,0.08464607,-0.01360905,-0.9963176,0.1822396,-0.002314513,0.3585276,1.646808,-0.8802618,-1.036972,-0.02065277,-0.2177102,2.04615,0.625684,-0.06835617,-0.7770759,0.2836767,0.9478894,0.1450282,0.7266685,-0.3111801,0.6124703,moving,45.80494,-30.52095,-0.5782942,-6.073418
05/15/2023 12:32:13.839661,4311,True,True,True,True,Eyes,0.252372,-0.03501339,-2.307837,0.664474,-0.3801248,0.6434123,0.0,0.0,0.0,0.0,0.0,0.0,0.0,-1.957864,0.2873551,1.164682,0.2835877,-0.03803231,-2.27825,0.1279328,0.4241781,-0.09737861,0.8911924,18.09763,50.28078,356.0768,0.08696537,-0.01374172,-0.9961161,0.1713052,-0.002175642,0.337016,1.666519,-0.8792773,-1.04074,-0.02381009,-0.2197175,2.046401,0.6211808,-0.06503356,-0.7809643,0.2820987,0.9483012,0.1454137,0.7311326,-0.3106372,0.6074123,moving,45.92258,-30.57439,-0.6666124,-6.128245
05/15/2023 12:32:13.859797,4312,True,True,True,True,Eyes,0.2545088,-0.03536873,-2.305775,0.6658957,-0.3801304,0.6419375,0.0,0.0,0.0,0.0,0.0,0.0,0.0,-1.964579,0.2820659,1.142011,0.2920293,-0.03926982,-2.270792,0.127397,0.4270264,-0.09691644,0.8899583,18.03078,50.65629,356.1589,0.08913985,-0.01387582,-0.995922,0.1610269,-0.002045104,0.316795,1.682934,-0.8818653,-1.043342,-0.02699101,-0.2217392,2.046653,0.6165114,-0.06369943,-0.7847649,0.2813069,0.9487544,0.1439843,0.7353775,-0.3095278,0.602837,moving,46.04948,-30.63237,-0.755566,-6.183442
05/15/2023 12:32:13.869392,4313,True,True,True,True,Eyes,0.25692,-0.03578141,-2.303521,0.6673284,-0.3801933,0.6404107,0.0,0.0,0.0,0.0,0.0,0.0,0.0,-1.971228,0.2759616,1.119566,0.3007192,-0.04044117,-2.26346,0.1271445,0.4297236,-0.09720065,0.8886642,18.03008,51.00567,356.172,0.09119749,-0.01401299,-0.9957339,0.1513653,-0.001922398,0.2977873,1.698164,-0.8841972,-1.043792,-0.03033054,-0.223862,2.046918,0.6117795,-0.06348351,-0.7884768,0.2820314,0.9487727,0.1424387,0.7390427,-0.3095163,0.598344,moving,46.17917,-30.69638,-0.8489274,-6.24137
05/15/2023 12:32:13.889357,4314,True,True,True,True,Eyes,0.259593,-0.03622581,-2.301074,0.6688095,-0.3802884,0.6388071,0.0,0.0,0.0,0.0,0.0,0.0,0.0,-1.977483,0.2703854,1.097497,0.3094013,-0.0422194,-2.256221,0.1266679,0.4323448,-0.0972156,0.8874585,17.99212,51.34639,356.2007,0.09316269,-0.01415552,-0.9955499,0.1422834,-0.001807054,0.2799201,1.713342,-0.8850437,-1.042981,-0.03341264,-0.2258211,2.047162,0.6072542,-0.06302117,-0.7920043,0.2820781,0.9490088,0.1407637,0.7427478,-0.3088863,0.5940664,moving,46.31438,-30.76577,-0.9350667,-6.294811
05/15/2023 12:32:13.909069,4315,True,True,True,True,Eyes,0.2625329,-0.03667938,-2.298412,0.67033,-0.3805037,0.6370828,0.0,0.0,0.0,0.0,0.0,0.0,0.0,-1.982003,0.2694064,1.077518,0.3183308,-0.0434874,-2.249163,0.1271901,0.4342275,-0.09687442,0.8865014,18.0375,51.60634,356.3037,0.09505692,-0.01430439,-0.9953687,0.1337464,-0.001698631,0.2631249,1.727183,-0.8880107,-1.041985,-0.03661734,-0.2278581,2.047416,0.6041237,-0.06129969,-0.7945293,0.2822175,0.9488761,0.1413774,0.7452435,-0.3096395,0.5905384,moving,46.45671,-30.84816,-1.024606,-6.350349
05/15/2023 12:32:13.919422,4316,True,True,True,True,Eyes,0.2657554,-0.03717685,-2.295577,0.6720386,-0.3804747,0.6352978,0.0,0.0,0.0,0.0,0.0,0.0,0.0,-1.986614,0.2648283,1.057612,0.3280024,-0.04422376,-2.241823,0.1266812,0.4362168,-0.09616823,0.8856741,17.95662,51.87295,356.3943,0.09690005,-0.01445954,-0.9951887,0.1257216,-0.001596713,0.2473374,1.741276,-0.8903781,-1.040593,-0.03981912,-0.2298931,2.04767,0.6009333,-0.05982649,-0.7970571,0.2808683,0.9494072,0.1404961,0.7483262,-0.3082968,0.5873337,moving,46.60979,-30.91705,-1.114037,-6.405806
05/15/2023 12:32:13.939656,4317,True,True,True,True,Eyes,0.2692114,-0.03774264,-2.292577,0.6739162,-0.3808764,0.6330642,0.0,0.0,0.0,0.0,0.0,0.0,0.0,-1.993182,0.2561842,1.035458,0.337943,-0.04582487,-2.234787,0.1239857,0.4391646,-0.094089,0.8848217,17.58087,52.25741,356.5357,0.09870985,-0.01462233,-0.9950085,0.1181783,-0.00150091,0.2324971,1.75311,-0.8950231,-1.038415,-0.04299176,-0.2319097,2.047922,0.5965636,-0.0576037,-0.800496,0.2754042,0.9515496,0.1367694,0.7538332,-0.3020517,0.5835242,moving,46.7903,-31.03278,-1.202626,-6.460734
05/15/2023 12:32:13.959490,4318,True,True,True,True,Eyes,0.2729228,-0.03827489,-2.289453,0.6757415,-0.3816443,0.6306514,0.0,0.0,0.0,0.0,0.0,0.0,0.0,-1.999527,0.263065,1.010706,0.347416,-0.04803473,-2.228416,0.1252408,0.441827,-0.09189847,0.8835488,17.60897,52.65362,356.8892,0.1005013,-0.01479515,-0.9948266,0.1110876,-0.001410855,0.2185473,1.767237,-0.8950173,-1.034908,-0.0461967,-0.233947,2.048176,0.5926871,-0.05172402,-0.8037702,0.2730631,0.9517388,0.1401062,0.7577325,-0.3025191,0.5782073,moving,46.97678,-31.1806,-1.29209,-6.516205
05/15/2023 12:32:13.979441,4319,True,True,True,True,Eyes,0.3720058,-0.05007975,-2.206848,0.722804,-0.409405,0.5567243,0.0,0.0,0.0,0.0,0.0,0.0,0.0,-2.0052,0.2766399,0.985361,0.3572431,-0.04765856,-2.222251,0.1307064,0.4437313,-0.09199882,0.8817907,18.18926,52.97779,357.2096,0.1022881,-0.01497567,-0.9946418,0.1044223,-0.001326204,0.2054344,1.787609,-0.8862989,-1.032158,-0.04946721,-0.2360257,2.048436,0.5892775,-0.04625033,-0.8066059,0.2782445,0.9489041,0.1488659,0.7585065,-0.3121569,0.5720366,moving,52.3955,-36.33009,-1.383354,-6.572773
05/15/2023 12:32:13.989582,4320,True,True,True,True,Eyes,0.3724093,-0.05006241,-2.206611,0.722981,-0.4093681,0.5565216,0.0,0.0,0.0,0.0,0.0,0.0,0.0,-2.013445,0.2699496,0.9588447,0.3679208,-0.0467011,-2.215552,0.1312068,0.446971,-0.0923989,0.8800365,18.27226,53.41189,357.2634,0.1100814,-0.01585474,-0.9937959,0.3954059,-0.0366612,0.4409238,1.803612,-0.891602,-1.034932,-0.05258572,-0.238008,2.048683,0.5833587,-0.04533757,-0.8109483,0.27992,0.9484944,0.1483342,0.7624549,-0.3135327,0.5660034,moving,52.41238,-36.33759,-1.470349,-6.626693
05/15/2023 12:32:14.010380,4321,True,True,True,True,Eyes,0.3731579,-0.04996936,-2.20611,0.7232091,-0.4099174,0.5558205,0.0,0.0,0.0,0.0,0.0,0.0,0.0,-2.021442,0.2606323,0.9344262,0.377942,-0.04627487,-2.209599,0.13049,0.4501897,-0.09250419,0.87849,18.21341,53.83083,357.2824,0.1165088,-0.01658528,-0.9930509,0.3716816,-0.03446153,0.4144683,1.811698,-0.9124558,-1.040907,-0.05580407,-0.2400536,2.048939,0.5775444,-0.04503744,-0.815116,0.2800185,0.9488307,0.1459795,0.7668325,-0.3125572,0.5606031,moving,52.45602,-36.40876,-1.560099,-6.68231
05/15/2023 12:32:14.029370,4322,True,True,True,True,Eyes,0.3743189,-0.04981722,-2.205377,0.7236276,-0.4103546,0.5549525,0.0,0.0,0.0,0.0,0.0,0.0,0.0,-2.028036,0.2607275,0.9103739,0.3878191,-0.04432902,-2.203933,0.1343224,0.452386,-0.09463985,0.8765545,18.73003,54.15304,357.3139,0.1218472,-0.01719124,-0.9923998,0.3493807,-0.03239384,0.3896002,1.828185,-0.916106,-1.043799,-0.05895627,-0.2420572,2.049189,0.5727805,-0.04438284,-0.8185064,0.2874451,0.9460015,0.1498543,0.7676574,-0.3211093,0.5546089,moving,52.51528,-36.48074,-1.647976,-6.736757
05/15/2023 12:32:14.040348,4323,True,True,True,True,Eyes,0.3757928,-0.04961745,-2.204424,0.7243363,-0.4107508,0.5537333,0.0,0.0,0.0,0.0,0.0,0.0,0.0,-2.03676,0.2430021,0.8847935,0.3987891,-0.04279307,-2.197598,0.1323463,0.4560354,-0.09557935,0.8748606,18.587,54.60251,357.1863,0.1264053,-0.01770043,-0.9918205,0.3284178,-0.0304502,0.3662242,1.845171,-0.9157302,-1.04553,-0.06230354,-0.2441846,2.049454,0.5657926,-0.04652799,-0.8232338,0.2879464,0.9466981,0.144394,0.7726355,-0.3187442,0.5490323,moving,52.60318,-36.56746,-1.741259,-6.794542
05/15/2023 12:32:14.059337,4324,True,True,True,True,Eyes,0.3776164,-0.04935341,-2.203296,0.7251275,-0.4112824,0.5523015,0.0,0.0,0.0,0.0,0.0,0.0,0.0,-2.044647,0.2310943,0.8608761,0.4084032,-0.04150845,-2.19239,0.1303042,0.4595995,-0.09468612,0.8733978,18.3397,55.0637,357.2451,0.1305767,-0.0181502,-0.9912719,0.3087128,-0.02862319,0.3442507,1.852927,-0.932586,-1.050349,-0.06560719,-0.2462847,2.049716,0.5596057,-0.04562177,-0.8275024,0.2851728,0.9481106,0.1405795,0.7781503,-0.3146502,0.5435783,moving,52.70488,-36.67395,-1.833294,-6.851557
05/15/2023 12:32:14.079551,4325,True,True,True,True,Eyes,0.3797505,-0.04906226,-2.201947,0.726252,-0.4115881,0.5505935,0.0,0.0,0.0,0.0,0.0,0.0,0.0,-2.052039,0.2277023,0.8349541,0.4185517,-0.03965507,-2.187031,0.1321418,0.4626212,-0.09530329,0.8714572,18.57166,55.49052,357.3491,0.1344171,-0.01854376,-0.9907511,0.29019,-0.0269058,0.3235957,1.872259,-0.9280711,-1.051335,-0.06877387,-0.2482973,2.049968,0.5537979,-0.04384226,-0.8314961,0.2883686,0.9469116,0.1421332,0.7811219,-0.3184905,0.5370405,moving,52.83314,-36.77942,-1.921481,-6.906168
05/15/2023 12:32:14.089873,4326,True,True,True,True,Eyes,0.3821629,-0.04877889,-2.200474,0.7275767,-0.4118403,0.5486527,0.0,0.0,0.0,0.0,0.0,0.0,0.0,-2.061829,0.2101561,0.8055698,0.4287423,-0.03883374,-2.181495,0.1276765,0.467672,-0.09330741,0.8696409,18.01945,56.13087,357.4164,0.1379751,-0.01888571,-0.9902554,0.2727786,-0.02529145,0.30418,1.892162,-0.9206325,-1.053618,-0.07191008,-0.2502912,2.050216,0.5451533,-0.04286648,-0.8372396,0.2817093,0.9499849,0.1347908,0.7895871,-0.3093398,0.5299633,moving,52.9807,-36.89334,-2.008791,-6.960251
05/15/2023 12:32:14.110637,4327,True,True,True,True,Eyes,0.3848645,-0.04840904,-2.198862,0.7288128,-0.4126139,0.5464264,0.0,0.0,0.0,0.0,0.0,0.0,0.0,-2.070106,0.2087394,0.7768793,0.4377168,-0.03871031,-2.177006,0.1277236,0.4717781,-0.09161931,0.8675934,17.94309,56.70689,357.683,0.1412922,-0.01918168,-0.9897818,0.2564119,-0.02377396,0.2859292,1.905838,-0.9283653,-1.059229,-0.0751428,-0.2523454,2.050472,0.5380628,-0.0384622,-0.8420268,0.279491,0.9505851,0.1351764,0.795219,-0.3080723,0.5222244,moving,53.13932,-37.05695,-2.098755,-7.015939
05/15/2023 12:32:14.131302,4328,True,True,True,True,Eyes,0.3878827,-0.04794869,-2.197082,0.7303562,-0.4130361,0.5440415,0.0,0.0,0.0,0.0,0.0,0.0,0.0,-2.077356,0.2098798,0.7481176,0.4473337,-0.03613259,-2.172032,0.1320352,0.475001,-0.09318694,0.8650186,18.47879,57.19258,357.8378,0.1444066,-0.01943249,-0.9893274,0.2410272,-0.02234753,0.2687734,1.933576,-0.9115242,-1.063354,-0.07837737,-0.2544019,2.050729,0.5313805,-0.03578313,-0.8463772,0.2866506,0.9477658,0.1398981,0.7971614,-0.3169536,0.5138815,moving,53.31762,-37.20575,-2.188738,-7.071662
05/15/2023 12:32:14.139796,4329,True,True,True,True,Eyes,0.391131,-0.04746484,-2.195146,0.7321183,-0.4132344,0.5415165,0.0,0.0,0.0,0.0,0.0,0.0,0.0,-2.087099,0.1812097,0.717213,0.4577822,-0.03360835,-2.166222,0.1266684,0.4805314,-0.09348167,0.8627318,17.96304,57.85779,357.6164,0.1473538,-0.0196387,-0.9888886,0.2265655,-0.02100668,0.252647,1.953161,-0.9111612,-1.071943,-0.08153254,-0.2564072,2.050979,0.5207015,-0.03956295,-0.8528216,0.2830354,0.9504325,0.1287199,0.8054571,-0.3084034,0.5060894,moving,53.51125,-37.34746,-2.276479,-7.125973
05/15/2023 12:32:14.159805,4330,True,True,True,True,Eyes,0.394618,-0.04693811,-2.193074,0.73397,-0.4135037,0.5387974,0.0,0.0,0.0,0.0,0.0,0.0,0.0,-2.096143,0.1548494,0.6870673,0.4668015,-0.0326829,-2.161222,0.1207667,0.4860986,-0.09319593,0.8604871,17.36401,58.53099,357.419,0.1501618,-0.01980382,-0.9884627,0.2129716,-0.01974628,0.2374882,1.96335,-0.9282245,-1.082332,-0.08479428,-0.2584802,2.051239,0.5100452,-0.04297869,-0.8590733,0.2777969,0.9534598,0.1172316,0.8140534,-0.2984413,0.498247,moving,53.71811,-37.50468,-2.367151,-7.182086
05/15/2023 12:32:14.179407,4331,True,True,True,True,Eyes,0.3983844,-0.04635188,-2.19087,0.7358323,-0.4137365,0.5360718,0.0,0.0,0.0,0.0,0.0,0.0,0.0,-2.102818,0.1422699,0.65811,0.4758994,-0.03112283,-2.155863,0.1208273,0.4901948,-0.09487042,0.8579684,17.47814,59.07284,357.3359,0.1528563,-0.0199301,-0.9880472,0.2001933,-0.0185615,0.2232389,1.990692,-0.910347,-1.086568,-0.08787757,-0.2604404,2.051483,0.5014175,-0.04433382,-0.864069,0.2812494,0.9528008,0.114322,0.8182173,-0.3003419,0.4902198,moving,53.92575,-37.66071,-2.452829,-7.235126
05/15/2023 12:32:14.189888,4332,True,True,True,True,Eyes,0.4023803,-0.04573527,-2.188526,0.7379271,-0.4135951,0.5332942,0.0,0.0,0.0,0.0,0.0,0.0,0.0,-2.108846,0.1200566,0.6302983,0.4859192,-0.02913034,-2.149874,0.1162545,0.4946575,-0.09456274,0.8560706,17.01346,59.62014,357.1892,0.1554623,-0.02001882,-0.9876388,0.1881817,-0.01744781,0.2098446,2.017653,-0.8913532,-1.091474,-0.09108335,-0.2624777,2.051738,0.4927438,-0.04689247,-0.8689101,0.276917,0.9550856,0.1054917,0.8249366,-0.2925964,0.4835978,moving,54.14465,-37.79528,-2.541878,-7.290221
05/15/2023 12:32:14.209804,4333,True,True,True,True,Eyes,0.4068758,-0.0451727,-2.186614,0.7383191,-0.4142632,0.532232,0.0,0.0,0.0,0.0,0.0,0.0,0.0,-2.113896,0.09570046,0.6049109,0.4952885,-0.0279038,-2.144188,0.1105197,0.4988368,-0.09424459,0.8544387,16.43276,60.11593,356.9646,0.1579995,-0.02007242,-0.987235,0.1768908,-0.01640094,0.1972539,2.033208,-0.8952661,-1.098713,-0.09427845,-0.2645088,2.051991,0.4845596,-0.05078985,-0.8732826,0.271315,0.9578067,0.09483925,0.831619,-0.2828899,0.4778945,moving,54.2133,-37.89544,-2.630598,-7.345123
05/15/2023 12:32:14.229230,4334,True,True,True,True,Eyes,0.4115599,-0.04462782,-2.184558,0.7388418,-0.4150548,0.5308883,0.0,0.0,0.0,0.0,0.0,0.0,0.0,-2.118985,0.07948872,0.5775657,0.5044859,-0.02738367,-2.138865,0.109905,0.5025852,-0.09687719,0.8520234,16.5386,60.59562,356.7343,0.1604937,-0.02009634,-0.986832,0.1662773,-0.01541688,0.1854187,2.057079,-0.8795802,-1.100873,-0.09742785,-0.2665107,2.05224,0.4760459,-0.05461005,-0.8777232,0.2755565,0.9570714,0.08990514,0.835134,-0.2846613,0.4706582,moving,54.3012,-38.01872,-2.718013,-7.399209
05/15/2023 12:32:14.239334,4335,True,True,True,True,Eyes,0.531977,-0.03055711,-2.129396,0.7482758,-0.4485034,0.4888026,0.0,0.0,0.0,0.0,0.0,0.0,0.0,-2.1243,0.06908254,0.5459179,0.5137349,-0.0272208,-2.133257,0.1108226,0.5068725,-0.09907684,0.8491068,16.7765,61.17624,356.6524,0.1629589,-0.02009443,-0.986428,0.1563007,-0.01449187,0.1742936,2.080505,-0.8606921,-1.100823,-0.1007234,-0.2686054,2.052502,0.4665279,-0.05590772,-0.8827378,0.2805995,0.9558042,0.08776184,0.838818,-0.2886392,0.461597,moving,56.84588,-42.5381,-2.809449,-7.455774
05/15/2023 12:32:14.259600,4336,True,True,True,True,Eyes,0.5323204,-0.03057414,-2.129184,0.7483582,-0.4487829,0.4884197,0.0,0.0,0.0,0.0,0.0,0.0,0.0,-2.128907,0.06643856,0.515376,0.522291,-0.02607809,-2.128099,0.1150158,0.5106004,-0.1018019,0.8459877,17.37137,61.7237,356.7088,0.1729284,-0.01939453,-0.9847431,0.5081738,0.02858978,0.3293225,2.094751,-0.8650825,-1.105815,-0.1039456,-0.2706534,2.052758,0.4578474,-0.05479203,-0.8873407,0.2897004,0.9528155,0.09064374,0.8405054,-0.298564,0.4521174,moving,56.86932,-42.57825,-2.898812,-7.51105
05/15/2023 12:32:14.279351,4337,True,True,True,True,Eyes,0.5329146,-0.03060352,-2.128713,0.7483082,-0.4496728,0.4876773,0.0,0.0,0.0,0.0,0.0,0.0,0.0,-2.132809,0.07004413,0.4842985,0.5309074,-0.02646784,-2.122678,0.1187845,0.5142924,-0.102461,0.8431461,17.79999,62.28659,356.9537,0.181117,-0.01879902,-0.9832817,0.4776834,0.02687439,0.3095632,2.109414,-0.8743674,-1.115061,-0.1070089,-0.2726007,2.053,0.4500101,-0.05059933,-0.8915887,0.2949591,0.950784,0.09491544,0.8429056,-0.3056952,0.4427871,moving,56.90745,-42.67824,-2.98374,-7.563585
05/15/2023 12:32:14.289234,4338,True,True,True,True,Eyes,0.5338044,-0.03064924,-2.128085,0.7481425,-0.4511068,0.486606,0.0,0.0,0.0,0.0,0.0,0.0,0.0,-2.135568,0.08454651,0.4579507,0.5387934,-0.0267006,-2.118137,0.12553,0.5166579,-0.1027334,0.8406858,18.49481,62.72365,357.4,0.1878777,-0.01829181,-0.9820219,0.4490224,0.02526193,0.2909894,2.118051,-0.8947344,-1.126902,-0.1101933,-0.2746246,2.053253,0.4450207,-0.04302086,-0.8944864,0.3024453,0.9473761,0.1049066,0.8429018,-0.3172188,0.4346133,moving,56.95926,-42.83198,-3.071982,-7.618152
05/15/2023 12:32:14.310330,4339,True,True,True,True,Eyes,0.5350158,-0.03069445,-2.127366,0.7478317,-0.4528895,0.4854265,0.0,0.0,0.0,0.0,0.0,0.0,0.0,-2.137533,0.1002128,0.4337387,0.5468252,-0.02704059,-2.113639,0.1337245,0.5182598,-0.1040505,0.838271,19.39295,63.08065,357.8227,0.1934979,-0.01785962,-0.9809379,0.4220811,0.02374621,0.27353,2.129203,-0.9115051,-1.138593,-0.1133676,-0.2766425,2.053504,0.4411607,-0.03583692,-0.8967122,0.313053,0.9425825,0.1163444,0.8410559,-0.332045,0.4270492,moving,57.01192,-43.01401,-3.159913,-7.672539
05/15/2023 12:32:14.329222,4340,True,True,True,True,Eyes,0.5364869,-0.03073187,-2.126507,0.7474895,-0.4550002,0.4839777,0.0,0.0,0.0,0.0,0.0,0.0,0.0,-2.139633,0.1089134,0.4087806,0.554969,-0.02703814,-2.109093,0.1393916,0.520427,-0.1048506,0.8359022,20.00911,63.48726,358.158,0.1985609,-0.01747478,-0.9799325,0.3967562,0.02232144,0.2571182,2.133743,-0.9371962,-1.150501,-0.1165818,-0.2786855,2.053759,0.4363241,-0.03020339,-0.8992826,0.3203759,0.9391527,0.1239012,0.8408214,-0.3421695,0.4194515,moving,57.07812,-43.23238,-3.248913,-7.72757
05/15/2023 12:32:14.339950,4341,True,True,True,True,Eyes,0.5382277,-0.03074465,-2.125499,0.7474404,-0.4567622,0.4823912,0.0,0.0,0.0,0.0,0.0,0.0,0.0,-2.141359,0.1165206,0.3853009,0.5627149,-0.02683146,-2.104777,0.1449729,0.5223873,-0.105851,0.8336008,20.62741,63.86907,358.4686,0.2031861,-0.01713008,-0.97899,0.3729508,0.02098215,0.2416911,2.133628,-0.9693887,-1.161703,-0.1198068,-0.2807351,2.054015,0.4318143,-0.02501093,-0.9016157,0.3279389,0.9355569,0.1311086,0.8402337,-0.3522894,0.4121889,moving,57.16217,-43.43681,-3.338171,-7.782751
05/15/2023 12:32:14.359749,4342,True,True,True,True,Eyes,0.5402356,-0.03072525,-2.12435,0.7475624,-0.4583685,0.4806753,0.0,0.0,0.0,0.0,0.0,0.0,0.0,-2.143218,0.1198856,0.3613685,0.5710635,-0.02632552,-2.100366,0.1485088,0.524721,-0.1060299,0.8314872,20.99205,64.27623,358.7434,0.2074313,-0.0168205,-0.9781046,0.3505738,0.01972322,0.2271896,2.137946,-0.9918293,-1.171795,-0.1230651,-0.2828061,2.054274,0.4268512,-0.02047374,-0.9040901,0.3321763,0.9334056,0.135694,0.8411046,-0.3582384,0.4052262,moving,57.25938,-43.63921,-3.428311,-7.838475
05/15/2023 12:32:14.379482,4343,True,True,True,True,Eyes,0.5425018,-0.03069384,-2.123021,0.7488081,-0.4577078,0.4793642,0.0,0.0,0.0,0.0,0.0,0.0,0.0,-2.144726,0.1158449,0.3399156,0.5794675,-0.02556697,-2.095799,0.1477918,0.5273772,-0.1046321,0.8301103,20.83807,64.6554,358.907,0.2113479,-0.01654118,-0.9772705,0.3295394,0.01853983,0.2135583,2.140871,-1.014149,-1.181137,-0.1266041,-0.2850554,2.054555,0.4218508,-0.01782832,-0.9064901,0.3295964,0.9344195,0.1350058,0.844635,-0.3557281,0.4000617,moving,57.37387,-43.67609,-3.526175,-7.898968
05/15/2023 12:32:14.389656,4344,True,True,True,True,Eyes,0.5450052,-0.03069738,-2.121574,0.7502013,-0.4569398,0.4779163,0.0,0.0,0.0,0.0,0.0,0.0,0.0,-2.146588,0.1071846,0.317137,0.5880165,-0.02604353,-2.091282,0.1447176,0.5306472,-0.1028639,0.828788,20.42917,65.07395,358.9656,0.2149825,-0.01628865,-0.9764816,0.309767,0.01742744,0.2007448,2.148804,-1.027537,-1.189607,-0.129449,-0.2868642,2.054781,0.4156653,-0.01691673,-0.9093604,0.3240927,0.9369516,0.1307116,0.8498155,-0.3490493,0.3949409,moving,57.50079,-43.7146,-3.604809,-7.94759
05/15/2023 12:32:14.409866,4345,True,True,True,True,Eyes,0.5477483,-0.0307385,-2.120032,0.7517036,-0.456082,0.4763725,0.0,0.0,0.0,0.0,0.0,0.0,0.0,-2.148189,0.09984466,0.2945118,0.5961968,-0.02692015,-2.086923,0.1429154,0.5336903,-0.1020327,0.8272482,20.20381,65.47835,359.0068,0.2183751,-0.01606191,-0.9757323,0.291181,0.01638179,0.1887001,2.164034,-1.024198,-1.192402,-0.1326662,-0.2889087,2.055036,0.4095282,-0.01626758,-0.9121524,0.3213577,0.9383291,0.1275453,0.8538244,-0.3453606,0.3894999,moving,57.63659,-43.75343,-3.693698,-8.002523
05/15/2023 12:32:14.429372,4346,True,True,True,True,Eyes,0.5507151,-0.03083344,-2.118377,0.7533325,-0.4551905,0.4746493,0.0,0.0,0.0,0.0,0.0,0.0,0.0,-2.149788,0.09206225,0.2710813,0.6045077,-0.02788071,-2.082628,0.1420114,0.5367168,-0.1021227,0.8254325,20.12464,65.89095,359.0144,0.2215614,-0.01586014,-0.975017,0.2737101,0.01539889,0.1773781,2.183815,-1.013797,-1.193964,-0.1359578,-0.2910011,2.055297,0.4030122,-0.01615101,-0.9150522,0.3210306,0.9388074,0.1248197,0.8570419,-0.3440636,0.3835358,moving,57.78637,-43.80115,-3.784599,-8.058711
05/15/2023 12:32:14.440153,4347,True,True,True,True,Eyes,0.5538672,-0.03099623,-2.116585,0.7550453,-0.4543235,0.4727544,0.0,0.0,0.0,0.0,0.0,0.0,0.0,-2.151412,0.08154534,0.2450862,0.6128403,-0.02928038,-2.078186,0.1405277,0.5403203,-0.1025432,0.8232805,20.01095,66.37119,358.9643,0.2245733,-0.01568334,-0.9743305,0.2572875,0.01447495,0.1667354,2.200188,-1.009448,-1.196839,-0.1390294,-0.2929534,2.055541,0.3950777,-0.01698375,-0.9184907,0.3207036,0.9394737,0.120575,0.86085,-0.3421997,0.3766119,moving,57.9482,-43.86108,-3.869386,-8.111109
05/15/2023 12:32:14.459867,4348,True,True,True,True,Eyes,0.557215,-0.0312371,-2.114688,0.7567929,-0.4536,0.4706501,0.0,0.0,0.0,0.0,0.0,0.0,0.0,-2.152824,0.07186468,0.218925,0.6208488,-0.03104189,-2.073965,0.1403681,0.5437787,-0.1039557,0.8208501,20.09027,66.85101,358.9014,0.2274383,-0.01553219,-0.9736682,0.2418503,0.01360645,0.1567313,2.214384,-1.009851,-1.20082,-0.1422409,-0.294995,2.055796,0.3869959,-0.01800569,-0.9219056,0.3233224,0.93898,0.1173845,0.8635374,-0.3435001,0.3692031,moving,58.12249,-43.94316,-3.957998,-8.165874
05/15/2023 12:32:14.479341,4349,True,True,True,True,Eyes,0.5607509,-0.0315491,-2.112683,0.7585594,-0.4530067,0.4683723,0.0,0.0,0.0,0.0,0.0,0.0,0.0,-2.153717,0.06299801,0.1919737,0.6289032,-0.03312966,-2.069469,0.1409068,0.5472177,-0.1057325,0.8182412,20.26172,67.34172,358.8507,0.2301803,-0.01540777,-0.9730256,0.2273393,0.01279007,0.1473274,2.229997,-1.009527,-1.205958,-0.1455829,-0.2971192,2.05606,0.3787469,-0.01881587,-0.925309,0.3272427,0.9379318,0.1148742,0.8657153,-0.3463089,0.3613961,moving,58.30676,-44.04458,-4.050166,-8.222831
05/15/2023 12:32:14.489572,4350,True,True,True,True,Eyes,0.564465,-0.0319397,-2.110581,0.7603502,-0.4525532,0.4659005,0.0,0.0,0.0,0.0,0.0,0.0,0.0,-2.154133,0.05376139,0.1650426,0.6370129,-0.03501521,-2.064802,0.1411361,0.5506865,-0.1072753,0.8156698,20.38893,67.83424,358.8044,0.2328212,-0.01531069,-0.9723987,0.2136989,0.01202266,0.1384878,2.242335,-1.01551,-1.212858,-0.1486247,-0.2990522,2.056302,0.3704728,-0.01955888,-0.9286375,0.3304459,0.9371452,0.1120908,0.8680758,-0.348391,0.35365,moving,58.50234,-44.16742,-4.134016,-8.274632
05/15/2023 12:32:14.509903,4351,True,True,True,True,Eyes,0.5683561,-0.032384,-2.108382,0.7621096,-0.4522881,0.4632758,0.0,0.0,0.0,0.0,0.0,0.0,0.0,-2.154333,0.04456881,0.1382269,0.6450158,-0.0372636,-2.060294,0.1417032,0.5540838,-0.1091676,0.8130152,20.57235,68.32272,358.7466,0.2353801,-0.01524187,-0.9717835,0.200877,0.0113013,0.1301785,2.25323,-1.024914,-1.220283,-0.1518889,-0.3011275,2.056561,0.3621473,-0.02047897,-0.9318959,0.3345408,0.9360052,0.1094378,0.8700182,-0.3513898,0.3458228,moving,58.70517,-44.31243,-4.223957,-8.330217
05/15/2023 12:32:14.529652,4352,True,True,True,True,Eyes,0.5724121,-0.03288976,-2.106076,0.7638707,-0.4522038,0.4604491,0.0,0.0,0.0,0.0,0.0,0.0,0.0,-2.153974,0.03565712,0.1116291,0.6531066,-0.03900415,-2.055545,0.1429017,0.5573311,-0.1112918,0.8102936,20.83251,68.80398,358.7082,0.2378742,-0.015201,-0.9711767,0.1888244,0.01062323,0.1223678,2.26487,-1.032639,-1.227406,-0.155048,-0.3031355,2.056811,0.3539925,-0.02107092,-0.935011,0.3396451,0.9343865,0.1075319,0.8713958,-0.3556373,0.3379225,moving,58.91909,-44.48238,-4.310956,-8.383968
05/15/2023 12:32:14.540238,4353,True,True,True,True,Eyes,0.6778687,-0.04731368,-2.045926,0.8059585,-0.4497474,0.3849131,0.0,0.0,0.0,0.0,0.0,0.0,0.0,-2.1531,0.02780358,0.08419406,0.6611416,-0.04094754,-2.05059,0.1442777,0.5606782,-0.1132152,0.8074691,21.09738,69.30877,358.7072,0.2403182,-0.01518815,-0.970575,0.1774949,0.009985832,0.1150257,2.275238,-1.042569,-1.234731,-0.1583707,-0.3052476,2.057075,0.3456444,-0.02104885,-0.9381295,0.3446223,0.9327325,0.1060449,0.8727918,-0.3599541,0.3296477,moving,64.47159,-49.44167,-4.402421,-8.440481
05/15/2023 12:32:14.559946,4354,True,True,True,True,Eyes,0.6781953,-0.04736576,-2.045729,0.8060305,-0.4498863,0.3846,0.0,0.0,0.0,0.0,0.0,0.0,0.0,-2.151959,0.02256604,0.05589855,0.6692604,-0.0432068,-2.045675,0.1450299,0.5642132,-0.113923,0.804768,21.22212,69.84071,358.7886,0.2489022,-0.01594581,-0.9683971,0.483215,-0.03388507,0.2885739,2.284269,-1.054411,-1.242258,-0.1616178,-0.3073116,2.057333,0.3373701,-0.01970774,-0.9411659,0.3470187,0.9319757,0.104877,0.8750768,-0.3619845,0.3212597,moving,64.49171,-49.47344,-4.491758,-8.495673
05/15/2023 12:32:14.579450,4355,True,True,True,True,Eyes,0.6788822,-0.04743269,-2.045365,0.8062086,-0.4499351,0.3841693,0.0,0.0,0.0,0.0,0.0,0.0,0.0,-2.150343,0.02013074,0.02911901,0.6774359,-0.04448865,-2.04067,0.1468355,0.5672951,-0.114386,0.8022041,21.43007,70.33653,358.9583,0.2560033,-0.01658543,-0.9665334,0.4542221,-0.03185197,0.2712595,2.293488,-1.066558,-1.250635,-0.1646621,-0.3092462,2.057574,0.3301841,-0.01692374,-0.9437649,0.3501199,0.9307104,0.1058028,0.8765811,-0.3653652,0.3132311,moving,64.52158,-49.50822,-4.575474,-8.547379
05/15/2023 12:32:14.589668,4356,True,True,True,True,Eyes,0.6799094,-0.04755399,-2.044799,0.8066727,-0.4496934,0.3834776,0.0,0.0,0.0,0.0,0.0,0.0,0.0,-2.148483,0.01353261,0.001818061,0.6864907,-0.04490136,-2.035407,0.1467206,0.5707033,-0.114284,0.7998189,21.41646,70.8402,359.0555,0.2619444,-0.01713051,-0.9649306,0.4269688,-0.02994085,0.2549839,2.305379,-1.074891,-1.259261,-0.1678367,-0.3112636,2.057826,0.3224739,-0.01534517,-0.946454,0.3502809,0.9308245,0.1042553,0.8793827,-0.3651443,0.3055417,moving,64.57443,-49.544,-4.662733,-8.601271
05/15/2023 12:32:14.610680,4357,True,True,True,True,Eyes,0.6812261,-0.04773749,-2.044033,0.8072895,-0.4493047,0.3826341,0.0,0.0,0.0,0.0,0.0,0.0,0.0,-2.146119,0.00637579,-0.02799487,0.6956643,-0.04639924,-2.029914,0.1432056,0.574994,-0.112117,0.7976867,20.94058,71.40935,359.1298,0.2673343,-0.01762641,-0.9634424,0.4013506,-0.0281444,0.2396849,2.315371,-1.085101,-1.267794,-0.1709813,-0.3132623,2.058075,0.3136234,-0.01418371,-0.9494416,0.3435532,0.9338439,0.09953323,0.8852184,-0.3573996,0.2977481,moving,64.64027,-49.58183,-4.749129,-8.654636
05/15/2023 12:32:14.630020,4358,True,True,True,True,Eyes,0.6828468,-0.04797013,-2.04308,0.8079783,-0.4490252,0.3815069,0.0,0.0,0.0,0.0,0.0,0.0,0.0,-2.143537,0.0006234795,-0.05630517,0.7040879,-0.04811965,-2.024813,0.1421498,0.5787481,-0.1115294,0.7952392,20.80454,71.94716,359.2126,0.2722445,-0.01808113,-0.9620579,0.3772696,-0.02645574,0.2253038,2.329818,-1.087455,-1.274289,-0.1744345,-0.3154578,2.058349,0.3052236,-0.0128472,-0.9521941,0.3419229,0.9347092,0.09699138,0.8887786,-0.355181,0.2896881,moving,64.7245,-49.64766,-4.84395,-8.713222
05/15/2023 12:32:14.639796,4359,True,True,True,True,Eyes,0.6847687,-0.04825006,-2.041943,0.8086382,-0.4489325,0.3802156,0.0,0.0,0.0,0.0,0.0,0.0,0.0,-2.140339,-0.007646605,-0.08493054,0.7130184,-0.04950283,-2.019277,0.1427917,0.5822576,-0.112672,0.7923962,20.94695,72.47809,359.2467,0.2767395,-0.01850125,-0.9607666,0.3546334,-0.02486839,0.2117855,2.353249,-1.076037,-1.280028,-0.1775112,-0.3174133,2.058594,0.2965624,-0.0122787,-0.9549345,0.3448448,0.9338311,0.09508689,0.8905801,-0.3575034,0.2811734,moving,64.81744,-49.73765,-4.928387,-8.765373
05/15/2023 12:32:14.659784,4360,True,True,True,True,Eyes,0.6869709,-0.04856074,-2.04063,0.8094082,-0.4488502,0.3786713,0.0,0.0,0.0,0.0,0.0,0.0,0.0,-2.136577,-0.01889871,-0.1144944,0.7221503,-0.05092447,-2.013538,0.1407292,0.5863152,-0.1127753,0.7897542,20.76444,73.03339,359.1969,0.280877,-0.01889257,-0.9595575,0.3333554,-0.02337629,0.1990784,2.369564,-1.075652,-1.287302,-0.1807104,-0.3194468,2.058848,0.2870327,-0.01310626,-0.9578311,0.3431529,0.934954,0.09003917,0.894348,-0.3545267,0.2728598,moving,64.92806,-49.84744,-5.016145,-8.819577
05/15/2023 12:32:14.679738,4361,True,True,True,True,Eyes,0.6894549,-0.04891295,-2.039143,0.8100671,-0.4490306,0.3770449,0.0,0.0,0.0,0.0,0.0,0.0,0.0,-2.132471,-0.03170298,-0.1433166,0.7310947,-0.0519769,-2.007928,0.139847,0.5901437,-0.1140555,0.7868701,20.77513,73.57682,359.1154,0.2847078,-0.01925952,-0.9584206,0.3133541,-0.02197371,0.1871337,2.381361,-1.083657,-1.295156,-0.184022,-0.3215517,2.05911,0.2774436,-0.01443416,-0.9606335,0.3445534,0.9348683,0.08546453,0.8968322,-0.3547012,0.2643465,moving,65.04043,-49.98027,-5.106938,-8.875655
05/15/2023 12:32:14.689876,4362,True,True,True,True,Eyes,0.6922023,-0.04928263,-2.037483,0.8108654,-0.4491708,0.3751572,0.0,0.0,0.0,0.0,0.0,0.0,0.0,-2.127897,-0.04175083,-0.1730379,0.7403537,-0.05331473,-2.002165,0.1386895,0.594058,-0.1144317,0.7840698,20.69804,74.13543,359.1017,0.2882771,-0.01960659,-0.957346,0.2945528,-0.02065529,0.1759057,2.399232,-1.081006,-1.301582,-0.1870551,-0.3234797,2.05935,0.2680009,-0.01466566,-0.963307,0.3442242,0.9353411,0.08152644,0.8998251,-0.3534428,0.2557206,moving,65.17178,-50.13063,-5.190053,-8.926993
05/15/2023 12:32:14.710601,4363,True,True,True,True,Eyes,0.6952134,-0.04964307,-2.035642,0.8115234,-0.4496693,0.3731318,0.0,0.0,0.0,0.0,0.0,0.0,0.0,-2.122767,-0.04869218,-0.2028817,0.7494329,-0.05411886,-1.99627,0.1380662,0.5979314,-0.1141736,0.7812685,20.62619,74.70805,359.1862,0.2916254,-0.01993673,-0.9563245,0.2768797,-0.01941597,0.1653513,2.413296,-1.084054,-1.308585,-0.1901999,-0.3254788,2.0596,0.258885,-0.01329218,-0.9658167,0.3435086,0.9358042,0.07919761,0.9027627,-0.3522694,0.2468317,moving,65.30741,-50.3144,-5.276186,-8.980194
05/15/2023 12:32:14.729636,4364,True,True,True,True,Eyes,0.6984805,-0.0499903,-2.033645,0.8123156,-0.4501321,0.3708431,0.0,0.0,0.0,0.0,0.0,0.0,0.0,-2.117602,-0.05657761,-0.2316809,0.7587923,-0.05436894,-1.990576,0.1387157,0.6014478,-0.1148458,0.7783504,20.73746,75.25442,359.2697,0.2947885,-0.0202513,-0.9553477,0.2602669,-0.01825101,0.1554303,2.429296,-1.084849,-1.315824,-0.1933907,-0.3275066,2.059853,0.2501423,-0.01191998,-0.9681358,0.345641,0.9351368,0.07779141,0.9044122,-0.3540863,0.2380373,moving,65.46207,-50.51646,-5.36353,-9.03413
05/15/2023 12:32:14.743029,4365,True,True,True,True,Eyes,0.7019613,-0.05031874,-2.031459,0.8129784,-0.4509773,0.3683553,0.0,0.0,0.0,0.0,0.0,0.0,0.0,-2.111648,-0.06392407,-0.262666,0.7683483,-0.05426016,-1.984649,0.1385644,0.6054451,-0.1146646,0.7752988,20.71403,75.86178,359.3867,0.2977982,-0.02055135,-0.9544074,0.2446509,-0.01715595,0.1461044,2.445114,-1.085622,-1.323971,-0.1966203,-0.3295596,2.060109,0.2405764,-0.01001238,-0.9705786,0.345585,0.9353039,0.07601136,0.9070249,-0.3537039,0.2284722,moving,65.62502,-50.75828,-5.451892,-9.088707
05/15/2023 12:32:14.759976,4366,True,True,True,True,Eyes,0.7056712,-0.05054086,-2.029134,0.8135618,-0.4521593,0.3656079,0.0,0.0,0.0,0.0,0.0,0.0,0.0,-2.105604,-0.06898437,-0.2932034,0.7773252,-0.05409405,-1.979175,0.1404534,0.6091926,-0.1150952,0.7719523,20.92079,76.48366,359.597,0.3006818,-0.0208376,-0.9534967,0.2299718,-0.0161266,0.1373382,2.457568,-1.091689,-1.332367,-0.199935,-0.3316662,2.060373,0.2312751,-0.006569591,-0.9728662,0.3488223,0.9340519,0.07661646,0.9082043,-0.3570769,0.2183145,moving,65.80125,-51.04162,-5.542529,-9.144675
05/15/2023 12:32:14.779573,4367,True,True,True,True,Eyes,0.7096347,-0.05066,-2.026635,0.8141205,-0.4534153,0.3627979,0.0,0.0,0.0,0.0,0.0,0.0,0.0,-2.099503,-0.07655807,-0.3193473,0.7865678,-0.05169199,-1.973422,0.1449316,0.6118934,-0.1172212,0.7686614,21.48517,77.00993,359.825,0.3034637,-0.02110657,-0.952609,0.2161735,-0.015159,0.1290979,2.473236,-1.093127,-1.342155,-0.2030334,-0.3336357,2.060619,0.2236914,-0.002841415,-0.9746558,0.3575722,0.9305081,0.07935296,0.9066996,-0.3662604,0.2091627,moving,65.98074,-51.33514,-5.627208,-9.196972
05/15/2023 12:32:14.789553,4368,True,True,True,True,Eyes,0.7137979,-0.05072251,-2.024019,0.8148276,-0.454501,0.3598399,0.0,0.0,0.0,0.0,0.0,0.0,0.0,-2.092893,-0.0847701,-0.3480911,0.7968189,-0.04934284,-1.967536,0.144108,0.6155889,-0.1163111,0.7659994,21.34438,77.56473,359.9529,0.3061673,-0.0213553,-0.9517379,0.2032031,-0.01424946,0.121352,2.484207,-1.102202,-1.354275,-0.2062989,-0.3357114,2.060878,0.2150442,-0.0007658562,-0.976604,0.3556109,0.9314093,0.07757369,0.9095587,-0.3639729,0.2005665,moving,66.17304,-51.63045,-5.716405,-9.252064
05/15/2023 12:32:14.809526,4369,True,True,True,True,Eyes,0.7181488,-0.05069664,-2.021264,0.8153189,-0.4558936,0.3569537,0.0,0.0,0.0,0.0,0.0,0.0,0.0,-2.086697,-0.08882201,-0.3727489,0.8057524,-0.04807881,-1.962036,0.1429629,0.6186824,-0.1147111,0.7639602,21.12326,78.02223,0.0999909,0.3088108,-0.02158323,-0.9508784,0.1910109,-0.01339449,0.1140709,2.48776,-1.120288,-1.364914,-0.2095077,-0.3377512,2.061132,0.2081469,0.001627898,-0.9780963,0.3521667,0.932806,0.07649653,0.9124985,-0.3603755,0.1935874,moving,66.35578,-51.93991,-5.804006,-9.306172
05/15/2023 12:32:14.829629,4370,True,True,True,True,Eyes,0.722739,-0.05060619,-2.018416,0.8159642,-0.4570406,0.3540005,0.0,0.0,0.0,0.0,0.0,0.0,0.0,-2.081628,-0.0961837,-0.3917568,0.8148702,-0.04587018,-1.956983,0.1458021,0.6203253,-0.116154,0.7618704,21.48583,78.35147,0.240192,0.3114104,-0.02178842,-0.9500254,0.1795502,-0.01259082,0.1072266,2.505175,-1.115983,-1.372665,-0.212765,-0.3398217,2.06139,0.2034096,0.003900788,-0.979086,0.357878,0.9305,0.07805801,0.9113441,-0.366271,0.1878766,moving,66.54671,-52.24045,-5.89288,-9.361061
05/15/2023 12:32:14.839536,4371,True,True,True,True,Eyes,0.7274999,-0.05051831,-2.015462,0.8166794,-0.4579717,0.3511364,0.0,0.0,0.0,0.0,0.0,0.0,0.0,-2.076257,-0.1017764,-0.4137594,0.8251652,-0.04425146,-1.951805,0.1436712,0.6228634,-0.1144341,0.7604633,21.16574,78.6955,0.3028515,0.3139817,-0.02197012,-0.9491745,0.1687772,-0.01183537,0.100793,2.521725,-1.110164,-1.378022,-0.2157768,-0.3417357,2.06163,0.197892,0.00492915,-0.9802114,0.353021,0.9325268,0.0759597,0.9144478,-0.361067,0.1827995,moving,66.73441,-52.52187,-5.975007,-9.411771
05/15/2023 12:32:14.859888,4372,True,True,True,True,Eyes,0.732423,-0.05042839,-2.012461,0.8173049,-0.4590857,0.3482141,0.0,0.0,0.0,0.0,0.0,0.0,0.0,-2.071075,-0.1026427,-0.43559,0.8341906,-0.0442746,-1.947253,0.1406358,0.6255487,-0.1115702,0.7592514,20.67956,79.0433,0.399877,0.3165362,-0.02213082,-0.948322,0.1586506,-0.01112525,0.09474546,2.526368,-1.12184,-1.381995,-0.2190241,-0.3437999,2.061887,0.192482,0.006529464,-0.9812788,0.3453687,0.9355473,0.0739707,0.9185157,-0.353141,0.1778209,moving,66.92349,-52.81988,-6.063511,-9.466436
05/15/2023 12:32:14.879602,4373,True,True,True,True,Eyes,0.7375318,-0.05028384,-2.009416,0.8177019,-0.4604356,0.3454889,0.0,0.0,0.0,0.0,0.0,0.0,0.0,-2.067103,-0.1072763,-0.4517187,0.8430203,-0.04410779,-1.943152,0.1433517,0.6266247,-0.112881,0.7576607,21.01989,79.283,0.5281574,0.3190834,-0.02227253,-0.9474646,0.1491316,-0.01045774,0.08906073,2.544769,-1.112512,-1.383146,-0.2223759,-0.3459304,2.062153,0.1891987,0.008604587,-0.9819012,0.3507064,0.9334163,0.07575598,0.9171745,-0.358692,0.1735835,moving,67.09536,-53.11719,-6.154808,-9.522821
05/15/2023 12:32:14.889646,4374,True,True,True,True,Eyes,0.7428186,-0.05009247,-2.006333,0.8182033,-0.4615494,0.3428053,0.0,0.0,0.0,0.0,0.0,0.0,0.0,-2.063323,-0.1171186,-0.465975,0.8526089,-0.04259333,-1.938916,0.1445953,0.6275476,-0.114471,0.7564209,21.249,79.45584,0.5105116,0.3216323,-0.02239453,-0.9465995,0.1401837,-0.009830271,0.08371709,2.565007,-1.099494,-1.385068,-0.2253996,-0.3478522,2.062392,0.1861609,0.008304229,-0.9824842,0.3546573,0.9319772,0.07507772,0.9162763,-0.3624218,0.1705525,moving,67.26762,-53.39772,-6.237122,-9.573657
05/15/2023 12:32:14.910623,4375,True,True,True,True,Eyes,0.7482378,-0.04986876,-2.003158,0.8186027,-0.4627979,0.3401582,0.0,0.0,0.0,0.0,0.0,0.0,0.0,-2.059075,-0.1308338,-0.4817306,0.862139,-0.04131901,-1.934937,0.1413523,0.6293359,-0.1148406,0.7554916,20.98525,79.63955,0.2696338,0.3241909,-0.02249658,-0.9457239,0.1317726,-0.009240455,0.07869406,2.568875,-1.112507,-1.387172,-0.2285812,-0.3498746,2.062645,0.1814959,0.004393851,-0.983382,0.3514384,0.9336623,0.06903426,0.9184501,-0.3581276,0.1679117,moving,67.4354,-53.68397,-6.323687,-9.627122
05/15/2023 12:32:14.929409,4376,True,True,True,True,Eyes,0.7538307,-0.04958275,-1.999968,0.8190244,-0.4639398,0.3375779,0.0,0.0,0.0,0.0,0.0,0.0,0.0,-2.055375,-0.1483068,-0.4935892,0.8710774,-0.04028864,-1.931267,0.139743,0.6303763,-0.1172785,0.7545484,21.02314,79.74399,359.9507,0.3267651,-0.02257918,-0.9448356,0.1238663,-0.008686027,0.07397242,2.574845,-1.120115,-1.385802,-0.231761,-0.3518957,2.062896,0.177743,-0.0008031914,-0.9840766,0.353166,0.9334353,0.06302664,0.9185212,-0.3587449,0.1661952,moving,67.59998,-53.95913,-6.410151,-9.680525
05/15/2023 12:32:14.940322,4377,True,True,True,True,Eyes,0.7596092,-0.04925789,-1.996758,0.8195111,-0.465128,0.3347501,0.0,0.0,0.0,0.0,0.0,0.0,0.0,-2.05141,-0.1672504,-0.5070287,0.8808227,-0.03852987,-1.927693,0.1374338,0.6317028,-0.1194676,0.7535191,20.98074,79.87589,359.6068,0.3293604,-0.02264127,-0.9439325,0.1164343,-0.008164866,0.06953407,2.590013,-1.111669,-1.381894,-0.2349535,-0.3539252,2.06315,0.173358,-0.006407523,-0.9848381,0.3536769,0.9336789,0.05618201,0.9191625,-0.358054,0.1641269,moving,67.7812,-54.25764,-6.49691,-9.734116
05/15/2023 12:32:14.959665,4378,True,True,True,True,Eyes,0.765539,-0.04893683,-1.99356,0.8201588,-0.4660386,0.3318848,0.0,0.0,0.0,0.0,0.0,0.0,0.0,-2.046702,-0.1791996,-0.5264529,0.8910831,-0.03731535,-1.924274,0.1317643,0.6342131,-0.1181633,0.7526283,20.37852,80.12139,359.344,0.3319828,-0.022683,-0.9430124,0.1094482,-0.007674974,0.06536203,2.59827,-1.112682,-1.376283,-0.2382892,-0.3560453,2.063415,0.1676223,-0.01073269,-0.985793,0.3449994,0.9373512,0.04845775,0.9235141,-0.3482206,0.1608237,moving,67.96883,-54.54381,-6.587504,-9.790069
05/15/2023 12:32:14.979448,4379,True,True,True,True,Eyes,0.7716064,-0.04861248,-1.990346,0.8206652,-0.4674307,0.3286597,0.0,0.0,0.0,0.0,0.0,0.0,0.0,-2.041901,-0.1870313,-0.5472437,0.9005898,-0.03714184,-1.921294,0.1284367,0.6367521,-0.1172066,0.751208,20.0127,80.43693,359.236,0.3346355,-0.02270651,-0.9420738,0.1028813,-0.007214475,0.06144031,2.609207,-1.110131,-1.371417,-0.2413466,-0.3579888,2.063656,0.1616188,-0.01252835,-0.9867739,0.3396578,0.9395332,0.04370232,0.9265593,-0.3422284,0.1561016,moving,68.1749,-54.88819,-6.670495,-9.841338
05/15/2023 12:32:14.996393,4380,True,True,True,True,Eyes,0.9271318,-0.0400802,-1.910851,0.829885,-0.5021776,0.2431222,0.0,0.0,0.0,0.0,0.0,0.0,0.0,-2.036949,-0.1963761,-0.5679053,0.9101004,-0.03667812,-1.918493,0.129286,0.6389349,-0.1184816,0.7490058,20.18643,80.79787,359.2506,0.3373214,-0.02271337,-0.9411153,0.09670847,-0.006781607,0.05775389,2.631908,-1.090907,-1.368639,-0.2446329,-0.3600772,2.063918,0.1554487,-0.01227598,-0.9877677,0.3426974,0.9384946,0.04226796,0.9264957,-0.345076,0.1500947,moving,73.67159,-64.16671,-6.75964,-9.896387
05/15/2023 12:32:15.009584,4381,True,True,True,True,Eyes,0.9275101,-0.04008649,-1.910764,0.8297671,-0.5026248,0.2426,0.0,0.0,0.0,0.0,0.0,0.0,0.0,-2.031615,-0.2050068,-0.5911932,0.9199826,-0.03589775,-1.916074,0.1305846,0.6415191,-0.1195353,0.7463996,20.38367,81.23737,359.3339,0.3500655,-0.02226133,-0.9364604,0.5574822,0.01922211,0.2927728,2.650131,-1.080646,-1.370383,-0.2477926,-0.362086,2.064169,0.1483292,-0.01089714,-0.9888781,0.3459872,0.9373179,0.04156825,0.9264401,-0.3483049,0.1428018,moving,73.7026,-64.23496,-6.845301,-9.94931
05/15/2023 12:32:15.029276,4382,True,True,True,True,Eyes,0.9282369,-0.04005677,-1.910604,0.8295663,-0.503366,0.2417485,2.096573,2.667483,-1.0954,-1.40376,-0.7994131,0.4414087,-0.40755,-0.2530234,-0.3663763,2.050653,0.9294594,-0.0359733,-1.913975,0.1314407,0.6448282,-0.1202217,0.7432811,20.51419,81.78419,359.437,0.3605749,-0.02187913,-0.9324734,0.5240333,0.01806878,0.2752064,2.658956,-1.087752,-1.376026,-0.2510712,-0.3641696,2.064428,0.1394868,-0.009203712,-0.9901811,0.3482303,0.9365402,0.04035007,0.9269731,-0.3504394,0.13384,moving,73.75305,-64.34671,-6.934131,-10.00418
05/15/2023 12:32:15.039916,4383,True,True,True,True,Eyes,0.9293272,-0.04002757,-1.91039,0.8292613,-0.5044601,0.2405112,2.118204,2.685872,-1.108577,-1.400938,0.1944774,0.7286003,0.6567496,-0.2703706,-0.3587541,2.065213,0.9385511,-0.03498502,-1.911993,0.1344458,0.6478529,-0.1234364,0.7395772,21.02672,82.3398,359.4857,0.3692856,-0.02155394,-0.9290656,0.4925913,0.01698466,0.258694,2.668324,-1.095609,-1.384865,-0.2544237,-0.3663011,2.064694,0.1301004,-0.008379308,-0.9914654,0.3567837,0.9333756,0.03892888,0.9250835,-0.3588033,0.1244221,moving,73.82623,-64.50962,-7.024906,-10.06027
05/15/2023 12:32:15.059768,4384,True,True,True,True,Eyes,0.9307291,-0.04001196,-1.910107,0.8290192,-0.5055624,0.2390268,2.108404,2.678637,-1.105942,-1.406142,-0.2873629,0.9058321,0.3112727,-0.2828673,-0.3584034,2.046087,0.9482958,-0.03488807,-1.909829,0.1343473,0.6515495,-0.1256859,0.7359601,21.19417,82.92309,359.3896,0.3765513,-0.02127641,-0.9261512,0.4630359,0.01596558,0.2431724,2.67949,-1.10203,-1.397643,-0.2573444,-0.3681572,2.064925,0.1193727,-0.009931784,-0.9927999,0.3600675,0.9323077,0.03396734,0.9252577,-0.3615297,0.1148682,moving,73.91642,-64.6955,-7.103944,-10.10909
05/15/2023 12:32:15.079537,4385,True,True,True,True,Eyes,0.9324371,-0.04000778,-1.909799,0.8285497,-0.5071303,0.2373274,0.0,0.0,0.0,0.0,0.0,0.0,0.0,-2.00138,-0.258376,-0.6963456,0.9571247,-0.03521372,-1.907839,0.133778,0.6550145,-0.1274886,0.7326706,21.28727,83.46043,359.2891,0.3827728,-0.02103568,-0.9236026,0.4352537,0.01500764,0.228582,2.682945,-1.119528,-1.410802,-0.2608794,-0.3704039,2.065207,0.1094054,-0.01156133,-0.9939301,0.3620675,0.9317002,0.02901661,0.9257094,-0.3630443,0.106119,moving,74.01632,-64.9213,-7.199538,-10.16814
05/15/2023 12:32:15.089456,4386,True,True,True,True,Eyes,0.9344643,-0.03999405,-1.909434,0.8280889,-0.5087739,0.23541,0.0,0.0,0.0,0.0,0.0,0.0,0.0,-1.99355,-0.2777515,-0.7182921,0.9661261,-0.03535686,-1.90596,0.1358651,0.6576599,-0.1316603,0.7291707,21.79663,83.93839,359.1793,0.3884297,-0.02081769,-0.9212428,0.4091385,0.01410718,0.2148671,2.693832,-1.12604,-1.42333,-0.2637895,-0.3722536,2.065438,0.1002982,-0.01329971,-0.9948685,0.3707117,0.9284125,0.02496223,0.9233164,-0.3713132,0.09804849,moving,74.13055,-65.16998,-7.278187,-10.21673
05/15/2023 12:32:15.109735,4387,True,True,True,True,Eyes,0.9367796,-0.03998012,-1.909029,0.8276626,-0.5103971,0.2333869,0.0,0.0,0.0,0.0,0.0,0.0,0.0,-1.984657,-0.2968599,-0.7432131,0.9757985,-0.03508818,-1.90419,0.1359382,0.6609293,-0.1346741,0.725642,22.04316,84.46602,359.0258,0.3935942,-0.02061977,-0.9190526,0.3845902,0.01326075,0.2019751,2.704618,-1.130808,-1.43409,-0.2670221,-0.3743082,2.065694,0.09007083,-0.01575932,-0.9958107,0.3751413,0.9267674,0.01926479,0.9225814,-0.3753049,0.08938669,moving,74.25244,-65.42702,-7.365498,-10.27067
05/15/2023 12:32:15.129313,4388,True,True,True,True,Eyes,0.9393807,-0.0399754,-1.908579,0.8272983,-0.5120165,0.2311204,0.0,0.0,0.0,0.0,0.0,0.0,0.0,-1.975605,-0.3110478,-0.7693459,0.9850143,-0.03502692,-1.902677,0.1348304,0.6644907,-0.1360487,0.7223322,22.06084,85.0142,358.9268,0.398329,-0.02043996,-0.9170144,0.3615148,0.01246511,0.1898566,2.707016,-1.148316,-1.443895,-0.2702841,-0.3763823,2.065953,0.07988582,-0.01735754,-0.9966528,0.3757318,0.926623,0.01397857,0.9232789,-0.3755909,0.08054581,moving,74.39136,-65.70594,-7.453549,-10.3251
05/15/2023 12:32:15.140078,4389,True,True,True,True,Eyes,0.9422655,-0.03997926,-1.908116,0.8271117,-0.5132131,0.2291255,0.0,0.0,0.0,0.0,0.0,0.0,0.0,-1.965995,-0.3243345,-0.7962018,0.9944455,-0.0352314,-1.901079,0.1345649,0.6680526,-0.1375257,0.7188079,22.16044,85.59105,358.8915,0.4026904,-0.02027688,-0.9151113,0.3398239,0.0117172,0.1784652,2.715483,-1.156861,-1.45458,-0.2733537,-0.3783334,2.066196,0.06958481,-0.01791619,-0.9974152,0.3775019,0.9259579,0.009703882,0.9233907,-0.3772014,0.07119603,moving,74.51627,-65.94148,-7.536355,-10.37627
05/15/2023 12:32:15.159722,4390,True,True,True,True,Eyes,0.945432,-0.03999159,-1.907611,0.8270884,-0.5142249,0.2269306,0.0,0.0,0.0,0.0,0.0,0.0,0.0,-1.956844,-0.3333248,-0.8228467,1.004079,-0.03541544,-1.899471,0.1336235,0.6714974,-0.1377209,0.7157298,22.10067,86.13382,358.9062,0.4067274,-0.02012924,-0.9133274,0.3194345,0.01101417,0.1677573,2.727916,-1.158824,-1.465921,-0.2765546,-0.3803677,2.066451,0.06024848,-0.01768614,-0.9980267,0.3765975,0.9263554,0.006318278,0.9244158,-0.3762351,0.06247208,moving,74.65716,-66.18784,-7.622644,-10.42958
05/15/2023 12:32:15.179634,4391,True,True,True,True,Eyes,0.9488755,-0.04003397,-1.907092,0.8272792,-0.5147771,0.2249749,0.0,0.0,0.0,0.0,0.0,0.0,0.0,-1.948049,-0.3396043,-0.8492479,1.013969,-0.03566304,-1.897905,0.1315175,0.674868,-0.1369068,0.7131011,21.86115,86.63269,358.9046,0.4104853,-0.01999587,-0.9116476,0.3002684,0.01035332,0.1576918,2.738928,-1.164044,-1.47833,-0.2800424,-0.3825847,2.066726,0.05161961,-0.01774282,-0.9985093,0.3727706,0.9279194,0.002782564,0.9264868,-0.3723585,0.05451283,moving,74.78658,-66.39305,-7.716608,-10.48766
05/15/2023 12:32:15.189441,4392,True,True,True,True,Eyes,0.9525836,-0.04011049,-1.906547,0.8275757,-0.5152381,0.2228188,0.0,0.0,0.0,0.0,0.0,0.0,0.0,-1.93903,-0.3461822,-0.8756661,1.024006,-0.03643891,-1.896459,0.12899,0.6782202,-0.1361881,0.7105151,21.59415,87.11753,358.8562,0.414003,-0.0198767,-0.9100581,0.2822523,0.00973212,0.1482303,2.752957,-1.164262,-1.490268,-0.2830636,-0.3845047,2.066967,0.04294052,-0.01856015,-0.9989053,0.3684947,0.9296288,-0.001432256,0.9286377,-0.3680297,0.04675803,moving,74.93087,-66.61355,-7.797942,-10.53792
05/15/2023 12:32:15.209700,4393,True,True,True,True,Eyes,0.9565599,-0.04023692,-1.90598,0.8279511,-0.5155016,0.2208058,0.0,0.0,0.0,0.0,0.0,0.0,0.0,-1.92988,-0.3539457,-0.9015539,1.034041,-0.03735171,-1.895225,0.127493,0.6814247,-0.1361756,0.7077163,21.47187,87.6097,358.8305,0.4173157,-0.01977186,-0.9085462,0.2653171,0.009148193,0.1393365,2.770365,-1.158976,-1.500507,-0.2862106,-0.3865052,2.067217,0.03423328,-0.01899365,-0.9992334,0.366501,0.9304036,-0.005129103,0.9297878,-0.3660445,0.03881192,moving,75.06737,-66.813,-7.882612,-10.59026
05/15/2023 12:32:15.229521,4394,True,True,True,True,Eyes,0.9607952,-0.04039731,-1.905393,0.8283596,-0.5157968,0.2185725,0.0,0.0,0.0,0.0,0.0,0.0,0.0,-1.920536,-0.3586307,-0.9288679,1.044431,-0.03867815,-1.894079,0.1266015,0.6847054,-0.1356581,0.7048032,21.3602,88.13549,358.9015,0.4204543,-0.01968219,-0.9070999,0.2493981,0.008599301,0.1309763,2.788283,-1.153307,-1.509884,-0.2896635,-0.3886997,2.06749,0.02555079,-0.01785508,-0.9995141,0.364594,0.9311379,-0.007313418,0.9308161,-0.3642299,0.03030116,moving,75.21872,-67.03485,-7.97545,-10.64764
05/15/2023 12:32:15.240099,4395,True,True,True,True,Eyes,0.9653013,-0.0405897,-1.90483,0.8287446,-0.5160721,0.2164531,0.0,0.0,0.0,0.0,0.0,0.0,0.0,-1.911877,-0.3636028,-0.9540418,1.054873,-0.03964521,-1.892973,0.1270636,0.687522,-0.1356284,0.7019783,21.40061,88.62528,359.0339,0.4234465,-0.01960768,-0.9057087,0.2344342,0.008083343,0.1231177,2.803361,-1.152257,-1.52026,-0.2929321,-0.3907773,2.06775,0.01783701,-0.01569831,-0.9997178,0.3651343,0.9309196,-0.008103198,0.9307841,-0.3648867,0.02233677,moving,75.36237,-67.24564,-8.063271,-10.70193
05/15/2023 12:32:15.259891,4396,True,True,True,True,Eyes,0.9700725,-0.0408435,-1.904253,0.8292486,-0.5162071,0.2141887,0.0,0.0,0.0,0.0,0.0,0.0,0.0,-1.904097,-0.3670312,-0.9780249,1.065868,-0.04057054,-1.891852,0.127262,0.690004,-0.13517,0.6995914,21.38287,89.05251,359.169,0.4263167,-0.0195482,-0.9043625,0.2203682,0.007598342,0.1157307,2.818649,-1.152151,-1.532941,-0.2957495,-0.3925683,2.067973,0.01124728,-0.01350498,-0.9998457,0.3647501,0.9310669,-0.008472878,0.9310377,-0.3645985,0.01539788,moving,75.51746,-67.46508,-8.138921,-10.7487
05/15/2023 12:32:15.279495,4397,True,True,True,True,Eyes,0.9750857,-0.04117277,-1.903688,0.829631,-0.5164415,0.2121334,0.0,0.0,0.0,0.0,0.0,0.0,0.0,-1.897233,-0.3655287,-1.002011,1.076976,-0.04233064,-1.890889,0.1260392,0.6924056,-0.1333571,0.6977855,21.13527,89.42397,359.2893,0.429087,-0.01950501,-0.9030522,0.2071461,0.007142441,0.1087868,2.830518,-1.157005,-1.544644,-0.2990175,-0.3946455,2.068232,0.005580741,-0.01156881,-0.9999176,0.3606497,0.93266,-0.008777766,0.9326848,-0.3605709,0.009377205,moving,75.65701,-67.66911,-8.226614,-10.80292
05/15/2023 12:32:15.289470,4398,True,True,True,True,Eyes,0.9803495,-0.04158245,-1.903119,0.8299273,-0.5168116,0.2100627,0.0,0.0,0.0,0.0,0.0,0.0,0.0,-1.892372,-0.3681219,-1.020349,1.087802,-0.04443611,-1.890082,0.1269603,0.6937556,-0.1334383,0.6962604,21.2195,89.68233,359.4065,0.4317758,-0.0194799,-0.9017703,0.1947173,0.006713895,0.1022596,2.843647,-1.159892,-1.554635,-0.3020538,-0.3965755,2.068474,0.001794818,-0.009656718,-0.9999518,0.3619744,0.9321506,-0.008352243,0.9321864,-0.361942,0.005168528,moving,75.79619,-67.88029,-8.308033,-10.85326
05/15/2023 12:32:15.309658,4399,True,True,True,True,Eyes,0.9858532,-0.04206804,-1.902571,0.830057,-0.517368,0.2081721,0.0,0.0,0.0,0.0,0.0,0.0,0.0,-1.889013,-0.3746086,-1.035054,1.099103,-0.0467438,-1.889398,0.1285255,0.694384,-0.1347616,0.695091,21.45845,89.83845,359.4551,0.4344003,-0.01947468,-0.9005091,0.1830343,0.006311061,0.09612405,2.860973,-1.156531,-1.562693,-0.3053226,-0.3986534,2.068733,-0.0006595288,-0.008851027,-0.9999607,0.3658353,0.9306411,-0.00847874,0.9306795,-0.3658265,0.002624171,moving,75.92103,-68.08175,-8.395628,-10.90743
05/15/2023 12:32:15.329439,4400,True,True,True,True,Eyes,0.9915848,-0.04261655,-1.902037,0.8299853,-0.5182218,0.2063259,0.0,0.0,0.0,0.0,0.0,0.0,0.0,-1.88565,-0.3848614,-1.048773,1.110394,-0.04900347,-1.889006,0.1293769,0.6949652,-0.1367772,0.6939576,21.69557,89.96484,359.3827,0.4369749,-0.01949076,-0.8992622,0.1720522,0.005932397,0.0903566,2.870905,-1.163756,-1.567624,-0.3084328,-0.4006301,2.068979,-0.003369171,-0.01001032,-0.9999443,0.36966,0.9291072,-0.01054665,0.9291612,-0.3696749,0.0005700855,moving,76.03983,-68.29042,-8.478918,-10.95893
05/15/2023 12:32:15.340034,4401,True,True,True,True,Eyes,0.997558,-0.04320364,-1.901491,0.8297023,-0.5193988,0.204497,0.0,0.0,0.0,0.0,0.0,0.0,0.0,-1.882554,-0.4036939,-1.058884,1.121644,-0.05098557,-1.88879,0.1318748,0.695004,-0.1412466,0.6925517,22.27139,90.0522,359.2363,0.4395122,-0.01952879,-0.898024,0.1617291,0.005576453,0.0849352,2.878256,-1.173908,-1.571883,-0.3086999,-0.4008,2.069,-0.005962377,-0.01233411,-0.9999062,0.3789482,0.9253169,-0.01367365,0.9253988,-0.3789941,-0.0008430495,moving,76.15425,-68.50951,-8.48607,-10.96336
05/15/2023 12:32:15.359723,4402,True,True,True,True,Eyes,1.003763,-0.04382603,-1.900974,0.8293521,-0.5206807,0.2026494,0.0,0.0,0.0,0.0,0.0,0.0,0.0,-1.878275,-0.4253473,-1.070689,1.133463,-0.05244331,-1.888842,0.1342476,0.6953745,-0.1460477,0.6907256,22.86569,90.19502,359.0639,0.4420243,-0.01958822,-0.8967888,0.1520253,0.005241866,0.07983909,2.885709,-1.183157,-1.574916,-0.3086999,-0.4007997,2.069001,-0.009751357,-0.01505296,-0.9998391,0.3884625,0.9212953,-0.01765912,0.9214129,-0.3885722,-0.003136372,static,76.26902,-68.73397,-8.486066,-10.96335
05/15/2023 12:32:15.379447,4403,True,True,True,True,Eyes,1.010192,-0.04447297,-1.900502,0.8290051,-0.5219315,0.2008434,0.0,0.0,0.0,0.0,0.0,0.0,0.0,-1.873605,-0.4398759,-1.085812,1.14526,-0.05387749,-1.889008,0.13504,0.6962991,-0.1486328,0.6890864,23.14717,90.38238,358.954,0.4445209,-0.01966836,-0.8955522,0.1429038,0.004927354,0.07504874,2.886253,-1.202184,-1.576383,-0.3087004,-0.4007997,2.069,-0.01384821,-0.01678522,-0.9997632,0.3928981,0.919345,-0.0208773,0.9194777,-0.3930942,-0.006136464,static,76.38134,-68.95288,-8.486081,-10.96335
05/15/2023 12:32:15.389853,4404,True,True,True,True,Eyes,1.016849,-0.0451476,-1.900079,0.828726,-0.5230929,0.1989651,0.0,0.0,0.0,0.0,0.0,0.0,0.0,-1.869831,-0.448819,-1.101987,1.157038,-0.05511263,-1.889526,0.1354235,0.6973202,-0.1497338,0.687739,23.27202,90.57318,358.9341,0.4470099,-0.01976808,-0.8943102,0.1343296,0.004631713,0.07054582,2.887181,-1.221008,-1.579603,-0.3086998,-0.4007999,2.069,-0.01735112,-0.01708846,-0.9997033,0.3948227,0.9184805,-0.02255275,0.9185934,-0.3950969,-0.009189779,static,76.49963,-69.17504,-8.486068,-10.96336
05/15/2023 12:32:15.409731,4405,True,True,True,True,Eyes,1.023713,-0.0458713,-1.899753,0.8286369,-0.5239899,0.1969658,0.0,0.0,0.0,0.0,0.0,0.0,0.0,-1.865548,-0.452972,-1.121545,1.169209,-0.05641447,-1.89026,0.1348609,0.6988277,-0.149373,0.6863965,23.19789,90.81632,358.9671,0.4494987,-0.01988647,-0.8930593,0.1262698,0.00435381,0.06631307,2.894461,-1.230481,-1.58471,-0.3086999,-0.4007999,2.069,-0.02134496,-0.01656915,-0.9996349,0.3935473,0.9190005,-0.0236359,0.9190566,-0.3939081,-0.0130953,static,76.62901,-69.39894,-8.486071,-10.96336
05/15/2023 12:32:15.429284,4406,True,True,True,True,Eyes,1.030763,-0.04662042,-1.899484,0.8285416,-0.5249428,0.1948173,0.0,0.0,0.0,0.0,0.0,0.0,0.0,-1.860102,-0.452507,-1.14483,1.180983,-0.0583564,-1.891362,0.1335098,0.7009922,-0.1478102,0.6847901,22.95947,91.14686,359.0504,0.4519918,-0.02002368,-0.891797,0.1186936,0.004092581,0.06233429,2.904719,-1.23542,-1.590892,-0.3086998,-0.4007998,2.069,-0.02647578,-0.01525931,-0.9995331,0.3896165,0.9206546,-0.02437527,0.9205967,-0.3900799,-0.01842972,static,76.76824,-69.63905,-8.486069,-10.96335
05/15/2023 12:32:15.439509,4407,True,True,True,True,Eyes,1.038001,-0.04732188,-1.899279,0.8284557,-0.5259724,0.1923904,0.0,0.0,0.0,0.0,0.0,0.0,0.0,-1.853084,-0.4605977,-1.166552,1.192521,-0.05974457,-1.892415,0.1343291,0.7030349,-0.1485964,0.6823612,23.09512,91.53276,359.1331,0.4544931,-0.02017874,-0.8905214,0.111572,0.003847026,0.05859423,2.919592,-1.234631,-1.599294,-0.3087001,-0.4008,2.069,-0.03267797,-0.01391681,-0.9993691,0.3916689,0.9197496,-0.02561506,0.9195259,-0.3922588,-0.02460477,static,76.92606,-69.90847,-8.486073,-10.96336
05/15/2023 12:32:15.459484,4408,True,True,True,True,Eyes,1.04543,-0.04795538,-1.899125,0.8284656,-0.5268848,0.1898344,0.0,0.0,0.0,0.0,0.0,0.0,0.0,-1.844762,-0.4759207,-1.186596,1.204307,-0.05927378,-1.89309,0.1357765,0.7049741,-0.1507482,0.6795965,23.39661,91.92613,359.1598,0.4570065,-0.02034745,-0.8892303,0.1048777,0.003616205,0.05507858,2.937713,-1.229719,-1.611167,-0.3087004,-0.4007997,2.069001,-0.03942695,-0.01345804,-0.999132,0.3963337,0.9176795,-0.02800065,0.9172598,-0.3970935,-0.03084745,static,77.09406,-70.18613,-8.486081,-10.96335
05/15/2023 12:32:15.469517,4409,True,True,True,True,Eyes,1.053029,-0.04852557,-1.899045,0.8286422,-0.5275669,0.1871508,0.0,0.0,0.0,0.0,0.0,0.0,0.0,-1.835867,-0.4853561,-1.210141,1.216319,-0.05829243,-1.894093,0.1341974,0.7075577,-0.1506988,0.677232,23.26733,92.32657,359.1136,0.4595351,-0.02052503,-0.8879222,0.09858502,0.003399232,0.05177386,2.948127,-1.235668,-1.624551,-0.3087,-0.4007999,2.069001,-0.04669607,-0.01421129,-0.9988082,0.3940209,0.9185619,-0.03149065,0.9179146,-0.3950218,-0.03729363,static,77.27314,-70.46819,-8.486071,-10.96336
05/15/2023 12:32:15.489807,4410,True,True,True,True,Eyes,1.060796,-0.04894039,-1.899015,0.8287932,-0.5282797,0.1844519,0.0,0.0,0.0,0.0,0.0,0.0,0.0,-1.827622,-0.4896071,-1.233657,1.228029,-0.05735292,-1.894856,0.1321686,0.7100695,-0.1494725,0.6752709,23.00248,92.69835,359.1179,0.4620811,-0.02070746,-0.8865957,0.09266992,0.003195278,0.04866743,2.955438,-1.244512,-1.637259,-0.3087,-0.4007998,2.069001,-0.05308164,-0.0141711,-0.9984897,0.3895668,0.9203789,-0.03377258,0.9194674,-0.390771,-0.04333459,static,77.45303,-70.75306,-8.486071,-10.96335
05/15/2023 12:32:15.510080,4411,True,True,True,True,Eyes,1.068773,-0.04921752,-1.899027,0.8291289,-0.5287213,0.1816567,0.0,0.0,0.0,0.0,0.0,0.0,0.0,-1.823326,-0.5012344,-1.248667,1.239842,-0.05402707,-1.895995,0.1325962,0.7111642,-0.1501751,0.6738778,23.09804,92.90843,359.1401,0.4646459,-0.02088686,-0.88525,0.0,0.0,0.0,2.971976,-1.239365,-1.6503,-0.3087001,-0.4007998,2.069001,-0.05661406,-0.01380401,-0.9983008,0.3909947,0.9197314,-0.03489105,0.9186502,-0.3923057,-0.04667247,static,77.64214,-71.03844,-8.486071,-10.96335
05/15/2023 12:32:15.529431,4412,True,True,True,True,Eyes,1.076889,-0.04946195,-1.899086,0.8297623,-0.5287026,0.1787963,0.0,0.0,0.0,0.0,0.0,0.0,0.0,-1.816167,-0.5074693,-1.270753,1.252826,-0.05105038,-1.897002,0.1290983,0.7133775,-0.1487368,0.6725352,22.69697,93.17817,359.0143,0.4672329,-0.02105701,-0.8838832,0.0,0.0,0.0,2.990655,-1.230371,-1.662746,-0.3087,-0.4007998,2.069001,-0.06206001,-0.01586979,-0.9979464,0.3842531,0.9224219,-0.03856461,0.9211397,-0.3858573,-0.05114757,static,77.8399,-71.31552,-8.486071,-10.96335
05/15/2023 12:32:15.540210,4413,True,True,True,True,Eyes,1.076889,-0.04946195,-1.899086,0.8297623,-0.5287026,0.1787963,0.0,0.0,0.0,0.0,0.0,0.0,0.0,-1.810224,-0.4983835,-1.295629,1.264242,-0.05061078,-1.898178,0.1242068,0.715904,-0.1442923,0.6717395,21.92966,93.45424,359.0109,0.4698426,-0.02121719,-0.8824949,0.0,0.0,0.0,3.001295,-1.230075,-1.6704,-0.3086998,-0.4007999,2.069,-0.06667763,-0.01601347,-0.997646,0.3716939,0.9275048,-0.03972977,0.9259577,-0.373468,-0.05589174,static,77.8399,-71.31552,-8.486065,-10.96336
05/15/2023 12:32:15.559610,4414,True,True,True,True,Eyes,1.076889,-0.04946195,-1.899086,0.8297623,-0.5287026,0.1787963,0.0,0.0,0.0,0.0,0.0,0.0,0.0,-1.808035,-0.511083,-1.305774,1.275312,-0.04867958,-1.899065,0.1257809,0.7161321,-0.1459887,0.6708363,22.20064,93.55017,359.0273,0.4721879,-0.02136119,-0.8812388,0.0,0.0,0.0,3.023813,-1.214197,-1.679304,-0.3086999,-0.4007998,2.069,-0.06831574,-0.01571762,-0.9975401,0.3760204,0.925733,-0.04033764,0.9240897,-0.3778511,-0.05733193,static,77.8399,-71.31552,-8.48607,-10.96335
05/15/2023 12:32:15.579381,4415,True,True,True,True,Eyes,1.086102,-0.04948658,-1.899253,0.8304983,-0.5285091,0.1759283,0.0,0.0,0.0,0.0,0.0,0.0,0.0,-1.800973,-0.515677,-1.3278,1.288233,-0.04662865,-1.9002,0.1220323,0.7182261,-0.1444961,0.6696122,21.7767,93.79608,358.8758,0.4742958,-0.02149066,-0.8801029,0.0,0.0,0.0,3.051657,-1.190117,-1.689921,-0.3087,-0.4007999,2.069,-0.07345533,-0.01821909,-0.9971321,0.3688062,0.928458,-0.044133,0.9265994,-0.3709902,-0.06148085,static,78.03958,-71.58862,-8.486073,-10.96336
05/15/2023 12:32:15.589680,4416,True,True,True,True,Eyes,1.095365,-0.04948363,-1.899454,0.831134,-0.5284656,0.1730329,0.0,0.0,0.0,0.0,0.0,0.0,0.0,-1.79328,-0.5080307,-1.35347,1.299727,-0.04547124,-1.901176,0.1160084,0.7209551,-0.1402016,0.6686625,20.93441,94.08096,358.7594,0.4765089,-0.02160348,-0.8789039,0.0,0.0,0.0,3.057634,-1.196635,-1.693577,-0.3087003,-0.4007997,2.069,-0.07886539,-0.02022136,-0.9966803,0.3547687,0.9337712,-0.04701713,0.9316221,-0.3572989,-0.06646832,static,78.23965,-71.87025,-8.486078,-10.96335
05/15/2023 12:32:15.610305,4417,True,True,True,True,Eyes,1.104718,-0.04943784,-1.899636,0.8312858,-0.5291685,0.1701311,0.0,0.0,0.0,0.0,0.0,0.0,0.0,-1.787474,-0.5198097,-1.368187,1.310237,-0.04473604,-1.902229,0.1173086,0.7220715,-0.1417637,0.6668993,21.17348,94.32342,358.7911,0.4788164,-0.02170002,-0.8776466,0.0,0.0,0.0,3.080225,-1.180709,-1.701901,-0.3087,-0.4007998,2.069001,-0.08296844,-0.01967372,-0.9963582,0.3584947,0.9322835,-0.04826096,0.9298377,-0.3611931,-0.07029718,static,78.43356,-72.17706,-8.48607,-10.96335
05/15/2023 12:32:15.629609,4418,True,True,True,True,Eyes,1.114125,-0.04932302,-1.899849,0.8314188,-0.5298913,0.1672064,0.0,0.0,0.0,0.0,0.0,0.0,0.0,-1.781007,-0.5333064,-1.383697,1.321689,-0.04362211,-1.903222,0.1198544,0.7231991,-0.1436864,0.66481,21.54233,94.61033,358.9102,0.4812097,-0.02177991,-0.8763346,0.0,0.0,0.0,3.109408,-1.152736,-1.712179,-0.3087001,-0.4007997,2.069001,-0.08732525,-0.01769106,-0.9960228,0.3644055,0.9299783,-0.04846686,0.9271371,-0.3671885,-0.07476397,static,78.62894,-72.48698,-8.486071,-10.96335
05/15/2023 12:32:15.639565,4419,True,True,True,True,Eyes,1.123591,-0.04914681,-1.900033,0.8311226,-0.5312395,0.1643767,0.0,0.0,0.0,0.0,0.0,0.0,0.0,-1.777106,-0.5373294,-1.398573,1.33242,-0.0418831,-1.904137,0.120919,0.7241577,-0.14328,0.6636605,21.59312,94.81521,359.0726,0.4836798,-0.02184163,-0.8749722,0.0,0.0,0.0,3.115999,-1.159631,-1.720756,-0.3087001,-0.4007997,2.069001,-0.08986687,-0.01504967,-0.9958401,0.3653074,0.9296988,-0.0470163,0.9265389,-0.368013,-0.07805138,static,78.81261,-72.80683,-8.486073,-10.96335
05/15/2023 12:32:15.659775,4420,True,True,True,True,Eyes,1.133117,-0.04892058,-1.900245,0.8308682,-0.5324698,0.1616595,0.0,0.0,0.0,0.0,0.0,0.0,0.0,-1.775037,-0.5475271,-1.408558,1.343248,-0.04019837,-1.9049,0.1225892,0.7243379,-0.1444546,0.6629023,21.8265,94.90578,359.1404,0.4862191,-0.02188421,-0.8735626,0.0,0.0,0.0,3.12084,-1.170609,-1.731011,-0.3086997,-0.4007997,2.069001,-0.09106521,-0.01392664,-0.9957477,0.3691106,0.9282095,-0.04673864,0.9249134,-0.3717972,-0.07938707,static,78.9897,-73.11155,-8.486063,-10.96335
05/15/2023 12:32:15.679467,4421,True,True,True,True,Eyes,1.14269,-0.04865334,-1.900462,0.8304341,-0.5338899,0.159188,0.0,0.0,0.0,0.0,0.0,0.0,0.0,-1.773805,-0.5534022,-1.41943,1.354218,-0.03878449,-1.905782,0.1215595,0.7246017,-0.1443831,0.6628191,21.73933,94.91899,359.0602,0.4888203,-0.02190729,-0.8721091,0.0,0.0,0.0,3.130755,-1.171279,-1.739365,-0.3086999,-0.4008,2.069,-0.09178828,-0.01523523,-0.9956621,0.3675642,0.9287536,-0.04809648,0.9254575,-0.3703844,-0.07964879,static,79.14848,-73.39719,-8.486071,-10.96336
05/15/2023 12:32:15.690229,4422,True,True,True,True,Eyes,1.152297,-0.04834308,-1.900709,0.8299545,-0.5353377,0.1568089,0.0,0.0,0.0,0.0,0.0,0.0,0.0,-1.771862,-0.5605624,-1.430453,1.364882,-0.03754734,-1.906728,0.1197351,0.7249958,-0.1445402,0.662686,21.60931,94.93076,358.8934,0.4914762,-0.02191097,-0.8706151,0.0,0.0,0.0,3.137067,-1.177174,-1.743032,-0.3086999,-0.4007997,2.069001,-0.09302164,-0.0179547,-0.9955022,0.3651845,0.9295433,-0.0508886,0.9262761,-0.3682756,-0.07991094,static,79.30085,-73.67387,-8.486066,-10.96335
05/15/2023 12:32:15.710361,4423,True,True,True,True,Eyes,1.161938,-0.04802473,-1.900965,0.8293505,-0.5369836,0.1543576,0.0,0.0,0.0,0.0,0.0,0.0,0.0,-1.767318,-0.5783728,-1.440222,1.375315,-0.03618541,-1.907712,0.1193778,0.7254733,-0.1471481,0.6616532,21.80676,95.01277,358.6724,0.4941797,-0.02189526,-0.8690837,0.0,0.0,0.0,3.150005,-1.172651,-1.743938,-0.3086999,-0.4007998,2.069001,-0.0959282,-0.02151111,-0.9951558,0.3679328,0.9281929,-0.05553057,0.924891,-0.3714773,-0.0811252,static,79.45682,-73.96253,-8.486067,-10.96335
05/15/2023 12:32:15.730128,4424,True,True,True,True,Eyes,1.171578,-0.04769509,-1.901244,0.8287126,-0.5386747,0.1518713,0.0,0.0,0.0,0.0,0.0,0.0,0.0,-1.759741,-0.5897846,-1.455935,1.38575,-0.03566927,-1.908587,0.1186222,0.7268606,-0.1483068,0.6600057,21.85009,95.24175,358.5601,0.496925,-0.02186177,-0.8675178,0.0,0.0,0.0,3.163697,-1.166528,-1.744356,-0.3086997,-0.4007999,2.069,-0.1006425,-0.02332305,-0.9946494,0.3682103,0.9278678,-0.05901405,0.9242795,-0.3721794,-0.08479516,static,79.61512,-74.255,-8.486063,-10.96336
05/15/2023 12:32:15.740086,4425,True,True,True,True,Eyes,1.18124,-0.04732285,-1.901491,0.8281428,-0.5403006,0.1491805,0.0,0.0,0.0,0.0,0.0,0.0,0.0,-1.754145,-0.598386,-1.469398,1.3954,-0.03504308,-1.909411,0.1198913,0.7278567,-0.1491816,0.6584798,22.02787,95.46581,358.6439,0.499705,-0.02181181,-0.8659207,0.0,0.0,0.0,3.17106,-1.170151,-1.746099,-0.3087,-0.4007998,2.069,-0.1040608,-0.02193875,-0.9943289,0.3709934,0.9267419,-0.05927359,0.9227867,-0.3750576,-0.08829841,static,79.78834,-74.56483,-8.486073,-10.96335
05/15/2023 12:32:15.759647,4426,True,True,True,True,Eyes,1.190911,-0.04695196,-1.901763,0.8276452,-0.5418185,0.1464109,0.0,0.0,0.0,0.0,0.0,0.0,0.0,-1.74829,-0.615122,-1.479887,1.405523,-0.03361209,-1.91006,0.123225,0.7284607,-0.1518651,0.6565804,22.52396,95.69595,358.7659,0.5025154,-0.0217452,-0.8642945,0.0,0.0,0.0,3.181575,-1.170398,-1.753327,-0.3086999,-0.4007999,2.069001,-0.1074359,-0.01989427,-0.994013,0.3789524,0.9235052,-0.05944138,0.9191588,-0.3830697,-0.09167863,static,79.96813,-74.87861,-8.486068,-10.96335
05/15/2023 12:32:15.769708,4427,True,True,True,True,Eyes,1.20057,-0.04657988,-1.901995,0.8272411,-0.5432345,0.1434175,0.0,0.0,0.0,0.0,0.0,0.0,0.0,-1.740771,-0.6171477,-1.498236,1.41538,-0.03328054,-1.910879,0.1228872,0.7301652,-0.1510382,0.6549391,22.42867,95.99148,358.8603,0.5053509,-0.02166371,-0.8626418,0.0,0.0,0.0,3.188076,-1.175703,-1.761394,-0.3087002,-0.4007998,2.069001,-0.1119073,-0.01838565,-0.9935486,0.3772975,0.9241724,-0.05959834,0.9193059,-0.3815329,-0.09648483,static,80.16448,-75.21097,-8.486075,-10.96335
05/15/2023 12:32:15.789652,4428,True,True,True,True,Eyes,1.210248,-0.04621029,-1.902259,0.8268315,-0.5446503,0.1403769,0.0,0.0,0.0,0.0,0.0,0.0,0.0,-1.73597,-0.623769,-1.510895,1.424628,-0.03286029,-1.911763,0.1250277,0.7310112,-0.151616,0.653455,22.64783,96.22168,359.0467,0.5082071,-0.0215689,-0.8609645,0.0,0.0,0.0,3.188544,-1.190183,-1.769067,-0.3087,-0.4007999,2.069001,-0.1147295,-0.01535515,-0.9932782,0.3809417,0.9227614,-0.05826602,0.9174534,-0.3850658,-0.1000185,static,80.36438,-75.54726,-8.486071,-10.96336
05/15/2023 12:32:15.811104,4429,True,True,True,True,Eyes,1.219932,-0.04584714,-1.902541,0.8266478,-0.54573,0.1372307,0.0,0.0,0.0,0.0,0.0,0.0,0.0,-1.730122,-0.6278873,-1.526642,1.43474,-0.03252904,-1.912762,0.1260936,0.7322168,-0.1514256,0.6519428,22.71604,96.47873,359.2058,0.5110798,-0.02146222,-0.859265,0.0,0.0,0.0,3.200749,-1.187405,-1.77991,-0.3086997,-0.4007998,2.069,-0.1181422,-0.01278596,-0.9929145,0.3820972,0.9223415,-0.05734106,0.9165394,-0.3861642,-0.1040819,static,80.57436,-75.8849,-8.486065,-10.96336
05/15/2023 12:32:15.829316,4430,True,True,True,True,Eyes,1.229613,-0.04551486,-1.90285,0.826508,-0.5467293,0.1340581,0.0,0.0,0.0,0.0,0.0,0.0,0.0,-1.723464,-0.6261182,-1.545192,1.444509,-0.0323315,-1.913718,0.124883,0.7338669,-0.1497729,0.6507011,22.47931,96.73164,359.2795,0.5139647,-0.02134524,-0.8575454,0.0,0.0,0.0,3.205575,-1.194664,-1.788723,-0.3087002,-0.4007998,2.069001,-0.1219849,-0.01161988,-0.9924641,0.3782098,0.9239446,-0.0573038,0.9176477,-0.3823498,-0.1083125,static,80.78696,-76.22289,-8.486075,-10.96335
05/15/2023 12:32:15.839797,4431,True,True,True,True,Eyes,1.239302,-0.04520085,-1.903116,0.8264576,-0.5476006,0.1307728,0.0,0.0,0.0,0.0,0.0,0.0,0.0,-1.715914,-0.6299263,-1.562108,1.4541,-0.03274737,-1.914646,0.1242562,0.7353853,-0.1495224,0.6491627,22.41039,96.9873,359.2949,0.5168579,-0.02122037,-0.8558077,0.0,0.0,0.0,3.214387,-1.19723,-1.798612,-0.3087004,-0.4007998,2.069001,-0.1262968,-0.01137625,-0.9919274,0.376881,0.9244069,-0.05858806,0.9176109,-0.3812381,-0.1124621,static,81.00847,-76.56873,-8.486079,-10.96335
05/15/2023 12:32:15.859753,4432,True,True,True,True,Eyes,1.249009,-0.04491788,-1.903419,0.826491,-0.5483335,0.1274484,0.0,0.0,0.0,0.0,0.0,0.0,0.0,-1.708637,-0.6356374,-1.578088,1.463735,-0.03288734,-1.915785,0.1239161,0.7367833,-0.1496635,0.6476082,22.39794,97.23318,359.3029,0.5197579,-0.02108931,-0.8540528,0.0,0.0,0.0,3.229192,-1.190143,-1.808476,-0.3087,-0.4007997,2.069001,-0.1304976,-0.01124797,-0.991385,0.3764451,0.9244913,-0.06004099,0.9172022,-0.3810372,-0.1164095,static,81.2338,-76.91515,-8.486071,-10.96335
05/15/2023 12:32:15.879433,4433,True,True,True,True,Eyes,1.25873,-0.04467412,-1.903728,0.8266333,-0.5488924,0.1240749,0.0,0.0,0.0,0.0,0.0,0.0,0.0,-1.700462,-0.6363671,-1.597288,1.473844,-0.03337109,-1.916908,0.1226156,0.7385471,-0.1486599,0.6460759,22.21125,97.50824,359.3207,0.5226614,-0.02095407,-0.8522825,0.0,0.0,0.0,3.240572,-1.188519,-1.81764,-0.3087,-0.4007998,2.069001,-0.1351029,-0.01097639,-0.9907708,0.3732059,0.9257313,-0.06114674,0.9178587,-0.3780226,-0.1209726,static,81.46381,-77.26259,-8.48607,-10.96335
05/15/2023 12:32:15.889644,4434,True,True,True,True,Eyes,1.268461,-0.04443914,-1.904061,0.8267765,-0.5494199,0.1207414,0.0,0.0,0.0,0.0,0.0,0.0,0.0,-1.692861,-0.6364461,-1.61555,1.483782,-0.03406839,-1.917831,0.1211788,0.7401425,-0.1476241,0.6447573,22.01118,97.74804,359.3212,0.5255661,-0.02081684,-0.8504977,0.0,0.0,0.0,3.250832,-1.188317,-1.826531,-0.3087005,-0.4007995,2.069001,-0.1392076,-0.01098425,-0.9902023,0.3697425,0.9270456,-0.06226389,0.9186466,-0.3747875,-0.1249904,static,81.69133,-77.60561,-8.486081,-10.96334
05/15/2023 12:32:15.915356,4435,True,True,True,True,Eyes,1.278225,-0.04426873,-1.904416,0.827033,-0.5497465,0.1174527,0.0,0.0,0.0,0.0,0.0,0.0,0.0,-1.685722,-0.6446438,-1.629867,1.49373,-0.03405334,-1.918672,0.1204261,0.74127,-0.1482916,0.6434484,22.01345,97.93389,359.2398,0.5284697,-0.02067822,-0.8487001,0.0,0.0,0.0,3.265019,-1.183145,-1.836842,-0.3086997,-0.4008,2.069,-0.1429434,-0.01229955,-0.9896544,0.3693725,0.9270143,-0.06487236,0.9182217,-0.3748242,-0.1279675,static,81.91708,-77.94014,-8.486064,-10.96336
05/15/2023 12:32:15.929378,4436,True,True,True,True,Eyes,1.287978,-0.04415912,-1.90479,0.8272618,-0.5500883,0.1141954,0.0,0.0,0.0,0.0,0.0,0.0,0.0,-1.676242,-0.6445858,-1.650469,1.504169,-0.03549276,-1.919776,0.1171555,0.7432041,-0.1472158,0.6420669,21.67037,98.17551,359.0811,0.5313705,-0.02054119,-0.8468903,0.0,0.0,0.0,3.279243,-1.177673,-1.845805,-0.3086999,-0.4007999,2.069,-0.1480495,-0.01490389,-0.9888679,0.3631858,0.9292042,-0.06837939,0.9198792,-0.3692662,-0.1321553,static,82.14055,-78.27229,-8.48607,-10.96336
05/15/2023 12:32:15.939859,4437,True,True,True,True,Eyes,1.29775,-0.04408402,-1.905201,0.8273115,-0.5506766,0.1109547,0.0,0.0,0.0,0.0,0.0,0.0,0.0,-1.6677,-0.6549258,-1.664675,1.513652,-0.0368499,-1.920624,0.1164595,0.7444123,-0.1486366,0.6404646,21.74462,98.38356,358.951,0.5342662,-0.02040825,-0.8450697,0.0,0.0,0.0,3.289614,-1.177315,-1.851929,-0.3086997,-0.4007998,2.069,-0.1524849,-0.01700521,-0.9881597,0.3637807,0.9286887,-0.07211747,0.918919,-0.3704702,-0.1354248,static,82.36137,-78.60812,-8.486064,-10.96336
05/15/2023 12:32:15.959676,4438,True,True,True,True,Eyes,1.30756,-0.04404607,-1.90563,0.8274754,-0.55108,0.1076815,0.0,0.0,0.0,0.0,0.0,0.0,0.0,-1.65765,-0.6739777,-1.677584,1.523839,-0.03759274,-1.921676,0.1162434,0.7455477,-0.1517157,0.6384579,22.00304,98.604,358.7393,0.5371544,-0.02028051,-0.8432399,0.0,0.0,0.0,3.307538,-1.167329,-1.860536,-0.3087003,-0.4007998,2.069001,-0.157718,-0.02039817,-0.9872736,0.3670582,0.9269396,-0.07778951,0.9167297,-0.3746557,-0.1387077,static,82.58562,-78.94367,-8.486078,-10.96335
05/15/2023 12:32:15.979501,4439,True,True,True,True,Eyes,1.317382,-0.04408123,-1.906094,0.8275935,-0.5515391,0.1043719,0.0,0.0,0.0,0.0,0.0,0.0,0.0,-1.6432,-0.6815846,-1.699251,1.534524,-0.03851216,-1.922465,0.1126605,0.7479228,-0.1520882,0.6362297,21.76844,98.93021,358.4572,0.5400348,-0.02015902,-0.841401,0.0,0.0,0.0,3.316164,-1.170321,-1.866868,-0.3087,-0.4007997,2.069001,-0.1650389,-0.02500338,-0.9859701,0.3620488,0.9283536,-0.08414462,0.9174328,-0.3708564,-0.144162,static,82.8121,-79.28421,-8.486071,-10.96335
05/15/2023 12:32:15.989322,4440,True,True,True,True,Eyes,1.327233,-0.04416113,-1.90657,0.8276759,-0.5520355,0.1010412,0.0,0.0,0.0,0.0,0.0,0.0,0.0,-1.629541,-0.6884561,-1.71955,1.544603,-0.04033244,-1.923227,0.1101881,0.7500843,-0.1526341,0.6339836,21.63496,99.25731,358.2594,0.5429059,-0.0200463,-0.8395541,0.0,0.0,0.0,3.322124,-1.177976,-1.872713,-0.3087002,-0.4007996,2.069001,-0.1718472,-0.02823429,-0.9847191,0.3588358,0.9291229,-0.08926196,0.9174452,-0.3686918,-0.1495356,static,83.03988,-79.62775,-8.486074,-10.96335
05/15/2023 12:32:16.011913,4441,True,True,True,True,Eyes,1.337145,-0.04428305,-1.90703,0.8277627,-0.5525346,0.09754129,0.0,0.0,0.0,0.0,0.0,0.0,0.0,-1.615662,-0.70311,-1.736921,1.555128,-0.04148985,-1.923922,0.1093192,0.7518887,-0.1547386,0.6314813,21.76241,99.5807,358.0849,0.5457671,-0.01994335,-0.8376994,0.0,0.0,0.0,3.338531,-1.170179,-1.882642,-0.3087,-0.4007996,2.069001,-0.1785613,-0.03103731,-0.9834392,0.3598209,0.9282106,-0.09462633,0.9157756,-0.3707586,-0.1545747,static,83.27942,-79.98848,-8.48607,-10.96335
05/15/2023 12:32:16.029403,4442,True,True,True,True,Eyes,1.3471,-0.04448791,-1.907504,0.8280222,-0.5527835,0.09385993,0.0,0.0,0.0,0.0,0.0,0.0,0.0,-1.598273,-0.7082356,-1.761517,1.566307,-0.04270105,-1.924545,0.1064471,0.7546611,-0.1546652,0.6286768,21.54804,100.011,357.9171,0.5486193,-0.01985099,-0.8358364,0.0,0.0,0.0,3.352026,-1.166832,-1.892857,-0.3087002,-0.4007997,2.069001,-0.1868694,-0.03380573,-0.9818031,0.3551318,0.9294954,-0.09959788,0.9159485,-0.3672813,-0.1616888,static,83.53288,-80.36337,-8.486074,-10.96335
05/15/2023 12:32:16.040324,4443,True,True,True,True,Eyes,1.357083,-0.04477254,-1.908005,0.8285435,-0.5526187,0.09015568,0.0,0.0,0.0,0.0,0.0,0.0,0.0,-1.57881,-0.7045295,-1.790889,1.577199,-0.0449595,-1.925281,0.1029659,0.758091,-0.1529388,0.6255444,21.14335,100.54,357.8356,0.5514622,-0.01977165,-0.8339654,0.0,0.0,0.0,3.360774,-1.171035,-1.902223,-0.3087,-0.4007998,2.069001,-0.1961845,-0.03522496,-0.9799342,0.3474551,0.9320155,-0.1030636,0.9169442,-0.3607026,-0.170608,static,83.78996,-80.73425,-8.486071,-10.96335
05/15/2023 12:32:16.059775,4444,True,True,True,True,Eyes,1.367123,-0.04509914,-1.908516,0.8290335,-0.5525073,0.08625013,0.0,0.0,0.0,0.0,0.0,0.0,0.0,-1.558638,-0.7107035,-1.815897,1.587871,-0.04716502,-1.925715,0.1021993,0.7610899,-0.1533613,0.6219147,21.13471,101.0895,357.8379,0.5542948,-0.01970736,-0.8320869,0.0,0.0,0.0,3.376754,-1.164712,-1.916077,-0.3087002,-0.4007997,2.069001,-0.2055548,-0.03518957,-0.9780127,0.346321,0.9320713,-0.1063249,0.915319,-0.3605619,-0.1794048,static,84.06049,-81.12736,-8.486074,-10.96335
05/15/2023 12:32:16.079626,4445,True,True,True,True,Eyes,1.377231,-0.04546824,-1.909025,0.8296951,-0.5521297,0.08221094,0.0,0.0,0.0,0.0,0.0,0.0,0.0,-1.537057,-0.7191163,-1.841493,1.599235,-0.04848608,-1.926361,0.1020223,0.7642053,-0.1540034,0.6179519,21.19052,101.685,357.8855,0.5571174,-0.01965832,-0.8302008,0.0,0.0,0.0,3.395659,-1.153931,-1.934455,-0.3086998,-0.4008,2.069,-0.215454,-0.03440132,-0.9759079,0.3462655,0.9317488,-0.1092907,0.9130608,-0.3614703,-0.1888369,static,84.34128,-81.53101,-8.486067,-10.96336
05/15/2023 12:32:16.089521,4446,True,True,True,True,Eyes,1.387385,-0.04590443,-1.909532,0.8303517,-0.5517665,0.0779095,0.0,0.0,0.0,0.0,0.0,0.0,0.0,-1.512591,-0.7198845,-1.871886,1.610815,-0.04989681,-1.92689,0.1005779,0.7679958,-0.1530256,0.6137181,21.00804,102.3626,357.9532,0.5599308,-0.0196247,-0.8283067,0.0,0.0,0.0,3.406316,-1.155879,-1.952376,-0.3087,-0.4007999,2.069,-0.2264689,-0.03334222,-0.9734477,0.3423159,0.9329345,-0.111593,0.9118838,-0.3584989,-0.1998671,static,84.63979,-81.96296,-8.486074,-10.96336
05/15/2023 12:32:16.112033,4447,True,True,True,True,Eyes,1.397589,-0.04637041,-1.910038,0.8309087,-0.5515084,0.07368401,0.0,0.0,0.0,0.0,0.0,0.0,0.0,-1.489048,-0.7204289,-1.900383,1.622078,-0.05189024,-1.927151,0.1006635,0.7714961,-0.1521737,0.6095111,20.9476,103.0375,358.1481,0.5627354,-0.01960771,-0.8264042,0.0,0.0,0.0,3.416085,-1.159194,-1.971998,-0.3087002,-0.4008002,2.069,-0.236726,-0.03018014,-0.9711075,0.3408261,0.9334201,-0.1120917,0.9098341,-0.3575138,-0.2106785,static,84.93233,-82.39009,-8.48608,-10.96337
05/15/2023 12:32:16.129381,4448,True,True,True,True,Eyes,1.40787,-0.04685725,-1.910548,0.8315059,-0.551172,0.06933592,0.0,0.0,0.0,0.0,0.0,0.0,0.0,-1.470996,-0.7283247,-1.921648,1.633382,-0.0530356,-1.927762,0.1018491,0.7738316,-0.1527773,0.6061936,21.09579,103.5365,358.305,0.565531,-0.01960682,-0.8244936,0.0,0.0,0.0,3.430213,-1.155259,-1.995185,-0.3087001,-0.4007999,2.069,-0.2443122,-0.02759717,-0.9693038,0.3428532,0.9325718,-0.1129672,0.9070629,-0.3599282,-0.2183769,static,85.23337,-82.83001,-8.486073,-10.96336
05/15/2023 12:32:16.139578,4449,True,True,True,True,Eyes,1.418213,-0.04738963,-1.911039,0.8321743,-0.5506709,0.06517331,0.0,0.0,0.0,0.0,0.0,0.0,0.0,-1.451723,-0.729968,-1.946421,1.645425,-0.05408314,-1.928357,0.1002662,0.7765146,-0.1521133,0.6031861,20.92801,104.006,358.2951,0.5683184,-0.01962116,-0.8225744,0.0,0.0,0.0,3.441,-1.156385,-2.018337,-0.3087002,-0.4008,2.069,-0.2522267,-0.02778888,-0.9672692,0.3392216,0.9336165,-0.115278,0.9062619,-0.3571947,-0.2260564,static,85.52191,-83.2503,-8.486078,-10.96336
05/15/2023 12:32:16.159859,4450,True,True,True,True,Eyes,1.42861,-0.0479613,-1.911536,0.8328419,-0.5501421,0.06097623,0.0,0.0,0.0,0.0,0.0,0.0,0.0,-1.434197,-0.7268816,-1.970792,1.657039,-0.05576707,-1.928836,0.09771124,0.7790176,-0.1507639,0.6007117,20.62732,104.4054,358.2308,0.5710985,-0.019651,-0.8206459,0.0,0.0,0.0,3.448099,-1.162982,-2.035083,-0.3086998,-0.4007999,2.069,-0.2591961,-0.02889368,-0.9653925,0.3333687,0.9354455,-0.1175028,0.9064672,-0.3522879,-0.2328317,static,85.81258,-83.67531,-8.486068,-10.96336
05/15/2023 12:32:16.179294,4451,True,True,True,True,Eyes,1.439083,-0.04853045,-1.912022,0.8334449,-0.5496594,0.05695771,0.0,0.0,0.0,0.0,0.0,0.0,0.0,-1.417814,-0.7319803,-1.991107,1.668698,-0.05730267,-1.929421,0.09627863,0.7809991,-0.1510701,0.5982881,20.55926,104.7546,358.1406,0.5738711,-0.01969629,-0.8187084,0.0,0.0,0.0,3.462384,-1.158734,-2.051268,-0.3086998,-0.4007998,2.069,-0.2655635,-0.03037978,-0.9636145,0.3311539,0.9358165,-0.1207664,0.9054351,-0.3511758,-0.2384583,static,86.09048,-84.08392,-8.486067,-10.96335
05/15/2023 12:32:16.189893,4452,True,True,True,True,Eyes,1.449629,-0.04907414,-1.912524,0.8341209,-0.5490395,0.05289442,0.0,0.0,0.0,0.0,0.0,0.0,0.0,-1.400137,-0.7401015,-2.0113,1.680856,-0.05785756,-1.929984,0.09400123,0.7830091,-0.1518341,0.5958248,20.47456,105.0893,357.9369,0.5766371,-0.01975523,-0.8167613,0.0,0.0,0.0,3.47892,-1.150658,-2.065454,-0.3087002,-0.4007999,2.069001,-0.2723134,-0.03372541,-0.9616174,0.3281406,0.9362203,-0.1257584,0.9045271,-0.3497915,-0.2438787,static,86.37154,-84.49711,-8.486074,-10.96336
05/15/2023 12:32:16.212235,4453,True,True,True,True,Eyes,1.460249,-0.04957016,-1.913003,0.834716,-0.5485046,0.04890924,0.0,0.0,0.0,0.0,0.0,0.0,0.0,-1.381023,-0.7446365,-2.03371,1.693049,-0.05785437,-1.930783,0.09066494,0.78535,-0.1518344,0.593255,20.24658,105.4533,357.6943,0.5793966,-0.01982521,-0.8148043,0.0,0.0,0.0,3.491296,-1.149583,-2.076921,-0.3086999,-0.4008,2.069,-0.2796566,-0.03774562,-0.9593579,0.3225605,0.9374524,-0.1309114,0.9042937,-0.3460612,-0.2499896,static,86.64665,-84.90451,-8.486072,-10.96336
05/15/2023 12:32:16.230543,4454,True,True,True,True,Eyes,1.470944,-0.05004959,-1.913508,0.8353945,-0.547828,0.04472716,0.0,0.0,0.0,0.0,0.0,0.0,0.0,-1.360045,-0.7548472,-2.05487,1.705133,-0.05729708,-1.931643,0.08801123,0.7877081,-0.1528557,0.5902587,20.1641,105.8551,357.4482,0.5821502,-0.01990301,-0.8128372,0.0,0.0,0.0,3.504867,-1.146402,-2.087313,-0.3087,-0.4007999,2.069,-0.2876977,-0.0417944,-0.9568089,0.319103,0.9377783,-0.1369125,0.9029968,-0.3447101,-0.25646,static,86.9353,-85.33247,-8.486072,-10.96336
05/15/2023 12:32:16.239973,4455,True,True,True,True,Eyes,1.481693,-0.05042268,-1.913999,0.8359739,-0.5473052,0.0400568,0.0,0.0,0.0,0.0,0.0,0.0,0.0,-1.33428,-0.7548425,-2.082844,1.717514,-0.05743271,-1.932661,0.08505688,0.7910636,-0.1519024,0.5864378,19.88236,106.4331,357.3431,0.5848979,-0.019987,-0.8108602,0.0,0.0,0.0,3.521081,-1.137934,-2.099389,-0.3086997,-0.4007998,2.069,-0.297712,-0.04359177,-0.9536599,0.3127334,0.939382,-0.1405677,0.9019786,-0.34009,-0.2660327,static,87.2567,-85.81403,-8.486062,-10.96335
05/15/2023 12:32:16.260092,4456,True,True,True,True,Eyes,1.492537,-0.05074178,-1.914522,0.8366774,-0.546568,0.035132,0.0,0.0,0.0,0.0,0.0,0.0,0.0,-1.312134,-0.7656999,-2.103325,1.729265,-0.05528228,-1.933533,0.08527297,0.7935509,-0.1525744,0.5828608,19.97168,106.949,357.4069,0.5876399,-0.02007205,-0.8088732,0.0,0.0,0.0,3.534349,-1.133462,-2.112017,-0.3087003,-0.4008,2.069,-0.306004,-0.04252237,-0.9510803,0.3131961,0.9388992,-0.1427465,0.8990384,-0.3415556,-0.273989,static,87.59557,-86.32224,-8.486081,-10.96336
05/15/2023 12:32:16.279329,4457,True,True,True,True,Eyes,1.503398,-0.0509844,-1.915059,0.8373548,-0.5458471,0.02979536,0.0,0.0,0.0,0.0,0.0,0.0,0.0,-1.285757,-0.7560037,-2.134689,1.742251,-0.05435237,-1.934738,0.08267069,0.7972527,-0.1494854,0.5789715,19.5168,107.5933,357.4901,0.5903761,-0.02015567,-0.8068762,0.0,0.0,0.0,3.550268,-1.124126,-2.132349,-0.3086996,-0.4007997,2.069,-0.3159155,-0.04127673,-0.9478893,0.3049144,0.9416393,-0.1426274,0.898457,-0.3340832,-0.2848926,static,87.96212,-86.87558,-8.486061,-10.96335
05/15/2023 12:32:16.290486,4458,True,True,True,True,Eyes,1.514307,-0.05113212,-1.915621,0.8379429,-0.5452098,0.02445323,0.0,0.0,0.0,0.0,0.0,0.0,0.0,-1.266042,-0.7484704,-2.158781,1.753494,-0.05275027,-1.935427,0.08247331,0.7999578,-0.1467294,0.5759655,19.2541,108.1108,357.7495,0.5931054,-0.02023479,-0.8048703,0.0,0.0,0.0,3.55831,-1.125145,-2.149605,-0.3087001,-0.4007998,2.069001,-0.3229236,-0.03707188,-0.9456986,0.3009725,0.9433373,-0.1397511,0.8972935,-0.3297582,-0.2934683,static,88.32845,-87.43195,-8.486071,-10.96335
05/15/2023 12:32:16.312779,4459,True,True,True,True,Eyes,1.525266,-0.05121182,-1.916183,0.8385656,-0.5444746,0.01884454,0.0,0.0,0.0,0.0,0.0,0.0,0.0,-1.252246,-0.7541036,-2.175508,1.765494,-0.05057833,-1.936517,0.08372797,0.8014266,-0.1463805,0.5738273,19.31231,108.445,357.9481,0.5958266,-0.02030588,-0.8028561,0.0,0.0,0.0,3.576472,-1.110237,-2.174402,-0.3087001,-0.4007996,2.069001,-0.327424,-0.03379059,-0.9442733,0.3021979,0.9431248,-0.1385357,0.8952487,-0.3307173,-0.2985902,static,88.71265,-88.01775,-8.486072,-10.96335
05/15/2023 12:32:16.329540,4460,True,True,True,True,Eyes,1.536207,-0.05123778,-1.916765,0.839096,-0.5438192,0.01336825,0.0,0.0,0.0,0.0,0.0,0.0,0.0,-1.237841,-0.7378904,-2.199862,1.777353,-0.04912335,-1.937711,0.08125361,0.8036424,-0.142267,0.5721162,18.76193,108.7837,358.0518,0.5985395,-0.02036692,-0.8008341,0.0,0.0,0.0,3.589051,-1.101666,-2.194664,-0.3087,-0.4007999,2.069,-0.332162,-0.03218888,-0.9426731,0.2933843,0.9463159,-0.1356906,0.8964343,-0.3216366,-0.3048865,static,89.08726,-88.59183,-8.486073,-10.96336
05/15/2023 12:32:16.340263,4461,True,True,True,True,Eyes,1.547152,-0.05123345,-1.917365,0.8393022,-0.5436079,0.007880485,0.0,0.0,0.0,0.0,0.0,0.0,0.0,-1.227558,-0.7480687,-2.211555,1.787851,-0.04784912,-1.938757,0.08141782,0.8044347,-0.1432774,0.5707256,18.87164,108.9629,358.0285,0.6012419,-0.02041671,-0.7988059,0.0,0.0,0.0,3.597718,-1.102406,-2.207278,-0.3087002,-0.4007997,2.069001,-0.3352869,-0.03255358,-0.9415535,0.2945348,0.9456854,-0.1375802,0.8948921,-0.3234491,-0.3074878,static,89.46205,-89.16946,-8.486075,-10.96335
05/15/2023 12:32:16.359861,4462,True,True,True,True,Eyes,1.558069,-0.05114163,-1.917998,0.8393898,-0.5435237,0.00258075,0.0,0.0,0.0,0.0,0.0,0.0,0.0,-1.213716,-0.7693144,-2.221861,1.798775,-0.04712018,-1.940053,0.08146995,0.80526,-0.1465137,0.568729,19.18575,109.1718,357.8493,0.6039325,-0.02045515,-0.7967727,0.0,0.0,0.0,3.617026,-1.083936,-2.223134,-0.3087001,-0.4007995,2.069001,-0.3398198,-0.03544418,-0.9398223,0.2978622,0.9437928,-0.1432945,0.8920765,-0.3286318,-0.310162,static,89.82384,-89.72795,-8.48607,-10.96334
05/15/2023 12:32:16.379952,4463,True,True,True,True,Eyes,1.568999,-0.05095533,-1.918659,0.8393173,-0.5436355,-0.002626634,0.0,0.0,0.0,0.0,0.0,0.0,0.0,-1.201825,-0.7901593,-2.230466,1.808999,-0.04493129,-1.941447,0.08115175,0.8058882,-0.1495037,0.5671045,19.45154,109.3279,357.6435,0.6066086,-0.02047983,-0.7947365,0.0,0.0,0.0,3.624837,-1.086047,-2.22915,-0.3086996,-0.4007999,2.069,-0.343614,-0.03876993,-0.9383104,0.3003669,0.9421261,-0.1489235,0.8897805,-0.3330095,-0.3120826,static,-89.82069,89.72317,-8.486062,-10.96336
05/15/2023 12:32:16.389792,4464,True,True,True,True,Eyes,1.579918,-0.05069996,-1.919371,0.8393856,-0.5434798,-0.007839859,0.0,0.0,0.0,0.0,0.0,0.0,0.0,-1.185115,-0.8074636,-2.243616,1.820044,-0.04251818,-1.943178,0.07870176,0.8071669,-0.1519318,0.5649817,19.52382,109.5523,357.2861,0.6092696,-0.02048834,-0.7926982,0.0,0.0,0.0,3.630001,-1.09439,-2.234223,-0.3087001,-0.4007997,2.069,-0.3492035,-0.04462645,-0.9359837,0.2987283,0.9414455,-0.1563385,0.8881545,-0.3341987,-0.3154248,static,-89.46487,89.17355,-8.486074,-10.96335
05/15/2023 12:32:16.413026,4465,True,True,True,True,Eyes,1.579918,-0.05069996,-1.919371,0.8393856,-0.5434798,-0.007839859,0.0,0.0,0.0,0.0,0.0,0.0,0.0,-1.166401,-0.8030753,-2.265081,1.830632,-0.04070905,-1.94503,0.07448293,0.8094226,-0.1504721,0.5627127,19.11201,109.8876,357.0414,0.6119132,-0.02047954,-0.7906594,0.0,0.0,0.0,3.635641,-1.099564,-2.237801,-0.3086999,-0.4007996,2.069001,-0.3556135,-0.04876876,-0.93336,0.2899214,0.9436209,-0.159766,0.8885296,-0.327416,-0.3214252,static,-89.46487,89.17355,-8.486067,-10.96335
05/15/2023 12:32:16.429723,4466,True,True,True,True,Eyes,1.579918,-0.05069996,-1.919371,0.8393856,-0.5434798,-0.007839859,0.0,0.0,0.0,0.0,0.0,0.0,0.0,-1.14772,-0.7992811,-2.286357,1.841305,-0.03864466,-1.947215,0.07190128,0.8117098,-0.1488773,0.5601725,18.79872,110.2778,356.9683,0.6142867,-0.02047142,-0.7888169,0.0,0.0,0.0,3.645705,-1.09753,-2.244194,-0.3086998,-0.4007999,2.069,-0.3620743,-0.05006802,-0.9308037,0.2835199,0.9453315,-0.1611361,0.8879858,-0.3222446,-0.3280849,static,-89.46487,89.17355,-8.486065,-10.96336
05/15/2023 12:32:16.439702,4467,True,True,True,True,Eyes,1.591678,-0.05028735,-1.920367,0.8400316,-0.5423544,-0.01409372,0.0,0.0,0.0,0.0,0.0,0.0,0.0,-1.124205,-0.7840144,-2.314098,1.852245,-0.03733027,-1.949707,0.0686685,0.8149243,-0.1452553,0.5568518,18.25342,110.8256,356.991,0.6164181,-0.02046396,-0.7871527,0.0,0.0,0.0,3.662578,-1.081281,-2.257897,-0.3087002,-0.4007998,2.069001,-0.3704015,-0.04985207,-0.9275331,0.2736906,0.9483711,-0.1602678,0.8876353,-0.3132205,-0.3376341,static,-89.0388,88.51144,-8.486075,-10.96335
05/15/2023 12:32:16.459557,4468,True,True,True,True,Eyes,1.603354,-0.04986257,-1.921421,0.8404995,-0.5414272,-0.02042338,0.0,0.0,0.0,0.0,0.0,0.0,0.0,-1.099342,-0.7709452,-2.340497,1.862392,-0.03665844,-1.952175,0.06703425,0.8182084,-0.1420182,0.5530572,17.85135,111.4393,357.1461,0.6185988,-0.020434,-0.785441,0.0,0.0,0.0,3.676685,-1.068802,-2.2741,-0.3086999,-0.4007997,2.069,-0.3792684,-0.04739242,-0.9240722,0.2667843,0.9506745,-0.1582535,0.8859919,-0.3065485,-0.3479171,static,-88.60804,87.83975,-8.486069,-10.96335
05/15/2023 12:32:16.479755,4469,True,True,True,True,Eyes,1.614941,-0.04942701,-1.922557,0.8408048,-0.5406701,-0.02689251,0.0,0.0,0.0,0.0,0.0,0.0,0.0,-1.076228,-0.782112,-2.357073,1.871987,-0.03587314,-1.954517,0.06885201,0.8205234,-0.1429604,0.5491476,18.07276,111.9918,357.3458,0.6208183,-0.02038343,-0.7836892,0.0,0.0,0.0,3.693411,-1.050101,-2.297708,-0.3087001,-0.4007998,2.069001,-0.3873928,-0.04402329,-0.9208632,0.270002,0.9496435,-0.1589848,0.8814907,-0.3102245,-0.3559986,static,-88.16807,87.1525,-8.486073,-10.96335
05/15/2023 12:32:16.489933,4470,True,True,True,True,Eyes,1.626428,-0.04899742,-1.923742,0.8408886,-0.5401822,-0.03330982,0.0,0.0,0.0,0.0,0.0,0.0,0.0,-1.053296,-0.8000377,-2.371107,1.88164,-0.03508154,-1.956999,0.07032469,0.8225335,-0.1452508,0.5453395,18.39999,112.4931,357.4188,0.6230661,-0.02031401,-0.7819049,0.0,0.0,0.0,3.705662,-1.037308,-2.323326,-0.3087004,-0.4007998,2.069,-0.3953184,-0.04273312,-0.9175496,0.2741108,0.9479133,-0.1622455,0.8766907,-0.3156489,-0.363014,static,-87.73154,86.47137,-8.486084,-10.96336
05/15/2023 12:32:16.513227,4471,True,True,True,True,Eyes,1.637781,-0.04857788,-1.924991,0.8406127,-0.540186,-0.03961564,0.0,0.0,0.0,0.0,0.0,0.0,0.0,-1.02954,-0.8241414,-2.382354,1.890687,-0.03474896,-1.959303,0.0713204,0.8243346,-0.1489283,0.5414854,18.83061,112.9612,357.3536,0.6253341,-0.02022801,-0.7800946,0.0,0.0,0.0,3.707162,-1.044755,-2.343087,-0.3086998,-0.4007996,2.069001,-0.4034141,-0.04370127,-0.9139735,0.2788687,0.9454675,-0.1682956,0.8714869,-0.3227714,-0.3692281,static,-87.30181,85.8056,-8.486066,-10.96335
05/15/2023 12:32:16.529579,4472,True,True,True,True,Eyes,1.649022,-0.04817036,-1.926292,0.8400425,-0.5405843,-0.04579581,0.0,0.0,0.0,0.0,0.0,0.0,0.0,-1.00918,-0.8664917,-2.384541,1.899067,-0.03441347,-1.961542,0.07457877,0.8251422,-0.1557744,0.537878,19.71249,113.3317,357.2907,0.6276132,-0.02012764,-0.7782648,0.0,0.0,0.0,3.707684,-1.054891,-2.359799,-0.3087,-0.4007999,2.069,-0.4102505,-0.04449902,-0.9108865,0.2906514,0.9403447,-0.1768434,0.8644167,-0.3373005,-0.3728432,static,-86.87955,85.15773,-8.486072,-10.96336
05/15/2023 12:32:16.539335,4473,True,True,True,True,Eyes,1.660113,-0.04776783,-1.927673,0.8392571,-0.5412573,-0.05184692,0.0,0.0,0.0,0.0,0.0,0.0,0.0,-0.9878237,-0.9011462,-2.389503,1.907601,-0.03420712,-1.964045,0.07707794,0.8262659,-0.1612377,0.5341779,20.41376,113.7406,357.2549,0.6298963,-0.02001498,-0.776421,0.0,0.0,0.0,3.706557,-1.068016,-2.373639,-0.3087,-0.4007998,2.069001,-0.417426,-0.04488548,-0.9076019,0.299633,0.9361228,-0.1841037,0.8578904,-0.3487971,-0.3773128,static,-86.46492,84.52834,-8.48607,-10.96335
05/15/2023 12:32:16.559719,4474,True,True,True,True,Eyes,1.671086,-0.04735073,-1.9291,0.8382415,-0.5422359,-0.05771929,0.0,0.0,0.0,0.0,0.0,0.0,0.0,-0.9678541,-0.9368466,-2.392238,1.91557,-0.03377342,-1.966387,0.07934111,0.8271307,-0.1669418,0.530745,21.12385,114.0992,357.1761,0.6321761,-0.01989159,-0.774569,0.0,0.0,0.0,3.697697,-1.095442,-2.380885,-0.3086998,-0.4008,2.069,-0.4240295,-0.04595614,-0.9044816,0.308458,0.9316708,-0.1919456,0.8515002,-0.3603852,-0.3808803,static,-86.06097,83.92393,-8.486067,-10.96336
05/15/2023 12:32:16.579382,4475,True,True,True,True,Eyes,1.681946,-0.04690428,-1.930603,0.8373377,-0.5429723,-0.06361423,0.0,0.0,0.0,0.0,0.0,0.0,0.0,-0.947872,-0.9709741,-2.395182,1.923674,-0.03295092,-1.968892,0.0805462,0.8279666,-0.1724579,0.5274866,21.74972,114.4228,357.0031,0.6344469,-0.01975814,-0.7727136,0.0,0.0,0.0,3.691344,-1.11721,-2.39074,-0.3086999,-0.4007997,2.069001,-0.4305407,-0.04855932,-0.9012641,0.3153176,0.9275411,-0.2006047,0.8457007,-0.3705528,-0.3840326,static,-85.65547,83.31773,-8.486064,-10.96335
05/15/2023 12:32:16.590808,4476,True,True,True,True,Eyes,1.692709,-0.04643631,-1.93216,0.836548,-0.5434642,-0.06952687,0.0,0.0,0.0,0.0,0.0,0.0,0.0,-0.9264108,-0.9850259,-2.406782,1.932043,-0.03180072,-1.971626,0.07888858,0.8296193,-0.1745488,0.524444,21.86144,114.7792,356.7765,0.6367039,-0.01961461,-0.7708585,0.0,0.0,0.0,3.684593,-1.138637,-2.398283,-0.3087002,-0.4007998,2.069,-0.4374705,-0.0521872,-0.8977174,0.3139771,0.9266186,-0.2068728,0.8426378,-0.3723634,-0.3889827,static,-85.24897,82.70959,-8.486076,-10.96335
05/15/2023 12:32:16.613599,4477,True,True,True,True,Eyes,1.692709,-0.04643631,-1.93216,0.836548,-0.5434642,-0.06952687,0.0,0.0,0.0,0.0,0.0,0.0,0.0,-0.9049075,-0.9794078,-2.426185,1.940402,-0.03088945,-1.974426,0.07528166,0.831952,-0.1732862,0.52169,21.52327,115.1683,356.5771,0.6389432,-0.01946133,-0.7690074,0.0,0.0,0.0,3.679958,-1.156393,-2.404834,-0.3087001,-0.4007998,2.069001,-0.4443445,-0.05554188,-0.8941326,0.3060648,0.9286091,-0.2097842,0.8419515,-0.366879,-0.395623,static,-85.24897,82.70959,-8.486072,-10.96335
05/15/2023 12:32:16.629428,4478,True,True,True,True,Eyes,1.692709,-0.04643631,-1.93216,0.836548,-0.5434642,-0.06952687,0.0,0.0,0.0,0.0,0.0,0.0,0.0,-0.8821074,-0.9615976,-2.450994,1.949106,-0.03132734,-1.977411,0.07128362,0.8348156,-0.1700047,0.5187485,20.96525,115.6351,356.4782,0.6409541,-0.01932322,-0.7673356,0.0,0.0,0.0,3.684665,-1.157499,-2.416392,-0.3087002,-0.4007998,2.069001,-0.4516373,-0.05736201,-0.8903558,0.2953967,0.9320341,-0.2098886,0.8418816,-0.3578017,-0.4039969,static,-85.24897,82.70959,-8.486073,-10.96335
05/15/2023 12:32:16.639644,4479,True,True,True,True,Eyes,1.704009,-0.04606535,-1.934026,0.836525,-0.5425942,-0.07627295,0.0,0.0,0.0,0.0,0.0,0.0,0.0,-0.8631039,-0.9537091,-2.468827,1.956561,-0.03219497,-1.980012,0.06941957,0.8369485,-0.1684133,0.516077,20.7051,116.0372,356.468,0.64276,-0.01919881,-0.7658265,0.0,0.0,0.0,3.696898,-1.145003,-2.43287,-0.3087,-0.4007995,2.069,-0.4576912,-0.05762719,-0.8872418,0.2900296,0.9336358,-0.2102547,0.8404772,-0.3535581,-0.4106033,static,-84.79027,81.99831,-8.486073,-10.96335
05/15/2023 12:32:16.659261,4480,True,True,True,True,Eyes,1.715182,-0.04574388,-1.935942,0.8364447,-0.541729,-0.08300427,0.0,0.0,0.0,0.0,0.0,0.0,0.0,-0.8423079,-0.9568025,-2.483525,1.964653,-0.03300658,-1.982901,0.06867876,0.838862,-0.1686431,0.5129848,20.69535,116.4594,356.4577,0.6445983,-0.01906627,-0.7642832,0.0,0.0,0.0,3.711985,-1.127471,-2.454305,-0.3086996,-0.4007998,2.069,-0.4642598,-0.05779872,-0.8838112,0.2882467,0.9336855,-0.2124743,0.8374825,-0.3533989,-0.4168123,static,-84.33283,81.28883,-8.486062,-10.96336
05/15/2023 12:32:16.679685,4481,True,True,True,True,Eyes,1.726217,-0.04548698,-1.937929,0.8366119,-0.5403786,-0.08984117,0.0,0.0,0.0,0.0,0.0,0.0,0.0,-0.8228828,-0.957005,-2.498784,1.972764,-0.03387421,-1.985943,0.06814614,0.8407508,-0.1682873,0.5100722,20.63995,116.8737,356.5025,0.6464596,-0.01892847,-0.762713,0.0,0.0,0.0,3.720554,-1.120118,-2.471388,-0.3087006,-0.4007998,2.069001,-0.470365,-0.05708952,-0.8806236,0.2862652,0.9340709,-0.2134565,0.8347511,-0.3524943,-0.4230116,static,-83.87067,80.56057,-8.486086,-10.96335
05/15/2023 12:32:16.689563,4482,True,True,True,True,Eyes,1.737142,-0.0453045,-1.939985,0.8366869,-0.5390866,-0.09664728,0.0,0.0,0.0,0.0,0.0,0.0,0.0,-0.8059708,-0.957902,-2.512707,1.980686,-0.03517348,-1.989097,0.0685608,0.8424013,-0.167939,0.507401,20.64152,117.2638,356.6359,0.6483353,-0.01878855,-0.7611228,0.0,0.0,0.0,3.725193,-1.120568,-2.487293,-0.3087002,-0.4008,2.069,-0.4756871,-0.05491345,-0.8778986,0.2859363,0.9341918,-0.2133685,0.8318425,-0.3525198,-0.4286813,static,-83.41086,79.83601,-8.486076,-10.96336
05/15/2023 12:32:16.713971,4483,True,True,True,True,Eyes,1.747933,-0.0451958,-1.942164,0.8369123,-0.5374755,-0.1034308,0.0,0.0,0.0,0.0,0.0,0.0,0.0,-0.7894369,-0.9580836,-2.527284,1.988971,-0.03675953,-1.992722,0.06902706,0.8440462,-0.167454,0.5047579,20.63184,117.6536,356.7827,0.6502184,-0.01864969,-0.759518,0.0,0.0,0.0,3.730331,-1.119937,-2.503752,-0.3087003,-0.4007995,2.069001,-0.4809096,-0.05252342,-0.8751956,0.2855715,0.9343888,-0.212994,0.8289602,-0.3523618,-0.4343573,static,-82.95476,79.10727,-8.486078,-10.96335
05/15/2023 12:32:16.729536,4484,True,True,True,True,Eyes,1.758638,-0.04514308,-1.944424,0.8370698,-0.5358856,-0.110185,0.0,0.0,0.0,0.0,0.0,0.0,0.0,-0.7722714,-0.9574873,-2.542242,1.997178,-0.03837556,-1.996493,0.06913831,0.8457515,-0.166911,0.5020608,20.59462,118.0473,356.8983,0.6521008,-0.01851469,-0.7579058,0.0,0.0,0.0,3.73401,-1.122009,-2.519514,-0.3086998,-0.4008,2.069,-0.4863098,-0.05065128,-0.8723174,0.2845466,0.9347212,-0.2129072,0.8261576,-0.3517537,-0.4401514,static,-82.50117,78.38118,-8.48607,-10.96336
05/15/2023 12:32:16.739691,4485,True,True,True,True,Eyes,1.76923,-0.04518647,-1.946838,0.8373654,-0.5339985,-0.1168966,0.0,0.0,0.0,0.0,0.0,0.0,0.0,-0.7551625,-0.9560351,-2.557976,2.005823,-0.03966938,-2.000654,0.06880192,0.847461,-0.1662282,0.4994438,20.51603,118.4272,356.9747,0.6539777,-0.01838533,-0.75629,0.0,0.0,0.0,3.73809,-1.124085,-2.535866,-0.3087006,-0.4007998,2.069,-0.491644,-0.04942943,-0.869392,0.2826572,0.9352689,-0.2130185,0.8236448,-0.3504693,-0.4458479,static,-82.05285,77.65228,-8.486087,-10.96335
05/15/2023 12:32:16.759788,4486,True,True,True,True,Eyes,1.779738,-0.04531587,-1.949336,0.8375553,-0.5322005,-0.123546,0.0,0.0,0.0,0.0,0.0,0.0,0.0,-0.7380151,-0.9462961,-2.576847,2.014563,-0.0419926,-2.005008,0.06775317,0.8494014,-0.164336,0.496911,20.27394,118.8167,357.0533,0.6558423,-0.01826473,-0.7546765,0.0,0.0,0.0,3.742576,-1.125154,-2.552548,-0.3087004,-0.4007996,2.069001,-0.4969777,-0.04822143,-0.8664222,0.2784199,0.9368064,-0.2118398,0.821885,-0.346509,-0.4521461,static,-81.60893,76.93074,-8.486082,-10.96335
05/15/2023 12:32:16.779417,4487,True,True,True,True,Eyes,1.790165,-0.04550671,-1.951948,0.8376458,-0.5304954,-0.1300929,0.0,0.0,0.0,0.0,0.0,0.0,0.0,-0.7233695,-0.9474936,-2.590665,2.02306,-0.04417524,-2.009434,0.06824948,0.8507816,-0.1641248,0.4945461,20.29011,119.1571,357.1765,0.6576911,-0.01815527,-0.7530686,0.0,0.0,0.0,3.748426,-1.124387,-2.569354,-0.3087,-0.4007999,2.069,-0.5015324,-0.04620377,-0.8639043,0.2784654,0.9368101,-0.2117636,0.8190986,-0.3467737,-0.4569745,static,-81.17205,76.22133,-8.486073,-10.96336
05/15/2023 12:32:16.789849,4488,True,True,True,True,Eyes,1.800534,-0.04573855,-1.954668,0.8376552,-0.5288518,-0.136563,0.0,0.0,0.0,0.0,0.0,0.0,0.0,-0.7098608,-0.9585946,-2.600902,2.031804,-0.04585309,-2.014241,0.06942911,0.8517486,-0.1654891,0.4922574,20.50347,119.4552,357.2674,0.6595201,-0.01805815,-0.7514696,0.0,0.0,0.0,3.756871,-1.119506,-2.588128,-0.3086998,-0.4007999,2.069,-0.5057244,-0.04465416,-0.8615386,0.2811987,0.935586,-0.2135561,0.8155797,-0.3502641,-0.4605919,static,-80.74052,75.52106,-8.48607,-10.96336
05/15/2023 12:32:16.814564,4489,True,True,True,True,Eyes,1.810851,-0.04599692,-1.957497,0.8375803,-0.5272762,-0.1429654,0.0,0.0,0.0,0.0,0.0,0.0,0.0,-0.695029,-0.9614956,-2.61493,2.040793,-0.04706749,-2.019492,0.06915114,0.853083,-0.1655712,0.489953,20.50282,119.7698,357.2915,0.6613267,-0.01797361,-0.7498822,0.0,0.0,0.0,3.76099,-1.12286,-2.603353,-0.3086998,-0.4007997,2.069001,-0.5103284,-0.04426089,-0.8588398,0.2802275,0.9356086,-0.2147303,0.813042,-0.3502535,-0.4650644,static,-80.31361,74.82959,-8.486064,-10.96335
05/15/2023 12:32:16.829572,4490,True,True,True,True,Eyes,1.821121,-0.04628889,-1.960461,0.8374265,-0.5257496,-0.1493466,0.0,0.0,0.0,0.0,0.0,0.0,0.0,-0.6794164,-0.9688952,-2.627625,2.049719,-0.04797383,-2.025124,0.06894547,0.854349,-0.1664145,0.487484,20.58348,120.0884,357.279,0.6631085,-0.01790134,-0.7483089,0.0,0.0,0.0,3.762651,-1.131748,-2.615655,-0.3086999,-0.4007998,2.069,-0.5152117,-0.04444182,-0.8559098,0.2800557,0.9351054,-0.2171325,0.8100157,-0.3515717,-0.4693311,static,-79.88818,74.14205,-8.48607,-10.96336
05/15/2023 12:32:16.839698,4491,True,True,True,True,Eyes,1.831329,-0.04663192,-1.963581,0.8372449,-0.5241972,-0.1556863,0.0,0.0,0.0,0.0,0.0,0.0,0.0,-0.6597993,-0.9722703,-2.643236,2.058888,-0.04907559,-2.031234,0.06811082,0.8560895,-0.166665,0.4844529,20.57011,120.4913,357.2533,0.6648629,-0.0178413,-0.746752,0.0,0.0,0.0,3.7682,-1.13307,-2.630523,-0.3086998,-0.4007998,2.069,-0.5213327,-0.04486474,-0.8521735,0.2781006,0.9351674,-0.2193673,0.8067667,-0.3513532,-0.4750565,static,-79.46612,73.4586,-8.48607,-10.96336
05/15/2023 12:32:16.860015,4492,True,True,True,True,Eyes,1.841477,-0.04701208,-1.966822,0.8369396,-0.5227584,-0.1620363,0.0,0.0,0.0,0.0,0.0,0.0,0.0,-0.6382596,-0.9681288,-2.661806,2.067967,-0.05066152,-2.037352,0.06731005,0.8582407,-0.16559,0.4811157,20.42616,120.9687,357.3211,0.6665875,-0.01779407,-0.745214,0.0,0.0,0.0,3.77244,-1.136446,-2.644924,-0.3086998,-0.4007998,2.068999,-0.5279942,-0.04379947,-0.8481178,0.2748723,0.9360986,-0.2194643,0.8035343,-0.349,-0.4822154,moving,-79.04277,72.77844,-8.486073,-10.96336
05/15/2023 12:32:16.879762,4493,True,True,True,True,Eyes,1.851573,-0.04741266,-1.970213,0.8365148,-0.5214476,-0.168331,0.0,0.0,0.0,0.0,0.0,0.0,0.0,-0.6180291,-0.9732219,-2.676154,2.076692,-0.05191697,-2.043423,0.06787337,0.8600089,-0.1658251,0.4777869,20.49221,121.4289,357.4476,0.6682804,-0.01775965,-0.7436971,0.0,0.0,0.0,3.777907,-1.134385,-2.664795,-0.3075844,-0.3979029,2.069152,-0.5342261,-0.04171468,-0.844312,0.2752014,0.9357905,-0.220364,0.7992916,-0.35008,-0.4884438,moving,-78.62238,72.10915,-8.455238,-10.88524
05/15/2023 12:32:16.889915,4494,True,True,True,True,Eyes,1.861617,-0.04783811,-1.973724,0.8359846,-0.5202192,-0.1746472,0.0,0.0,0.0,0.0,0.0,0.0,0.0,-0.5948102,-0.9793435,-2.691147,2.085825,-0.05282719,-2.049812,0.0675182,0.8619286,-0.1664193,0.4741571,20.54308,121.909,357.4644,0.6699393,-0.01773743,-0.7422036,0.0,0.0,0.0,3.783923,-1.129496,-2.688397,-0.3066002,-0.3953457,2.069286,-0.5412328,-0.04142598,-0.8398518,0.2742095,0.9354919,-0.2228546,0.7949065,-0.3509115,-0.4949594,moving,-78.19994,71.44215,-8.428034,-10.81625
05/15/2023 12:32:16.909831,4495,True,True,True,True,Eyes,1.871613,-0.0482765,-1.977348,0.8352977,-0.5191692,-0.1809447,0.0,0.0,0.0,0.0,0.0,0.0,0.0,-0.5697808,-0.985987,-2.705817,2.094672,-0.05384326,-2.05614,0.06676767,0.8639229,-0.1672673,0.4703203,20.59845,122.4051,357.4299,0.6715637,-0.01772699,-0.7407343,0.0,0.0,0.0,3.785941,-1.13113,-2.709671,-0.3055853,-0.3927119,2.069424,-0.548682,-0.04197417,-0.834977,0.2727027,0.9351274,-0.2262077,0.7903048,-0.3518164,-0.5016412,moving,-77.77727,70.78516,-8.399981,-10.74517
05/15/2023 12:32:16.930146,4496,True,True,True,True,Eyes,1.881563,-0.04869395,-1.981086,0.8344752,-0.5182794,-0.1871835,0.0,0.0,0.0,0.0,0.0,0.0,0.0,-0.5461304,-0.9982613,-2.717805,2.103441,-0.05462426,-2.062474,0.06682023,0.86562,-0.1688895,0.4665979,20.77779,122.8765,357.4299,0.6731524,-0.01772752,-0.7392908,0.0,0.0,0.0,3.788821,-1.131302,-2.731472,-0.3045472,-0.3900154,2.069566,-0.555643,-0.04192511,-0.8303634,0.2732888,0.9340228,-0.2300318,0.7852224,-0.3547446,-0.5075256,moving,-77.3571,70.14214,-8.371286,-10.67238
05/15/2023 12:32:16.939629,4497,True,True,True,True,Eyes,1.891465,-0.04904592,-1.984966,0.8335667,-0.5175108,-0.1932595,0.0,0.0,0.0,0.0,0.0,0.0,0.0,-0.5249046,-1.01293,-2.728297,2.112317,-0.05451152,-2.068889,0.06695995,0.867029,-0.1707689,0.4632658,20.98746,123.2887,357.4149,0.6747056,-0.01773706,-0.7378734,0.0,0.0,0.0,3.791265,-1.131565,-2.753281,-0.3035562,-0.3874426,2.069701,-0.5618023,-0.04211028,-0.8261991,0.2743352,0.9327087,-0.2340825,0.7804604,-0.3581636,-0.5124456,moving,-76.9468,69.52233,-8.343895,-10.60291
05/15/2023 12:32:16.960006,4498,True,True,True,True,Eyes,1.901341,-0.04927972,-1.988965,0.8326318,-0.5167219,-0.1993056,0.0,0.0,0.0,0.0,0.0,0.0,0.0,-0.5038438,-1.023104,-2.740557,2.121478,-0.05327372,-2.07551,0.06586666,0.8685147,-0.1719871,0.4601787,21.06136,123.6656,357.3051,0.6762217,-0.01775219,-0.736484,0.0,0.0,0.0,3.79167,-1.135594,-2.773251,-0.3025291,-0.3847755,2.06984,-0.5677947,-0.04387728,-0.8220004,0.2727019,0.932164,-0.2381258,0.7766874,-0.3593676,-0.5173123,moving,-76.5385,68.9078,-8.315504,-10.53086
05/15/2023 12:32:16.979309,4499,True,True,True,True,Eyes,1.91123,-0.04942603,-1.99306,0.8317624,-0.5157139,-0.2054518,0.0,0.0,0.0,0.0,0.0,0.0,0.0,-0.4802961,-1.029878,-2.754513,2.130736,-0.05068484,-2.082323,0.06343795,0.8702496,-0.1727698,0.4569376,21.01916,124.0543,357.0847,0.6777013,-0.01776798,-0.7351223,0.0,0.0,0.0,3.792409,-1.139636,-2.791074,-0.3015161,-0.3821459,2.069978,-0.5743676,-0.04747631,-0.8172199,0.2683038,0.9322524,-0.2427313,0.7733792,-0.3586801,-0.5227175,moving,-76.12523,68.2785,-8.287503,-10.45981
05/15/2023 12:32:16.989896,4500,True,True,True,True,Eyes,1.921084,-0.04946581,-1.997259,0.8309249,-0.5145518,-0.2116608,0.0,0.0,0.0,0.0,0.0,0.0,0.0,-0.4554691,-1.013298,-2.777577,2.140409,-0.04882577,-2.08936,0.05990542,0.8728088,-0.1697358,0.4536586,20.52689,124.524,356.9743,0.6791452,-0.01778113,-0.7337882,0.0,0.0,0.0,3.796448,-1.137712,-2.809071,-0.3004695,-0.3794273,2.070121,-0.5812104,-0.04943232,-0.8122506,0.2585762,0.9352021,-0.2419406,0.7715782,-0.350647,-0.5307672,moving,-75.70902,67.6402,-8.258574,-10.38632
05/15/2023 12:32:17.014920,4501,True,True,True,True,Eyes,1.930952,-0.04940325,-2.001552,0.8300405,-0.5134005,-0.2178366,0.0,0.0,0.0,0.0,0.0,0.0,0.0,-0.4353725,-1.002772,-2.796483,2.149407,-0.04635328,-2.096025,0.05822322,0.8748756,-0.1672062,0.450827,20.18584,124.944,357.0144,0.6805538,-0.01778801,-0.7324818,0.0,0.0,0.0,3.802745,-1.130176,-2.828382,-0.2994038,-0.37666,2.070267,-0.5867302,-0.04888596,-0.8083056,0.2526383,0.9373043,-0.240072,0.7693645,-0.3450664,-0.5375944,moving,-75.29487,67.00842,-8.229114,-10.31149
05/15/2023 12:32:17.029497,4502,True,True,True,True,Eyes,1.940799,-0.04926084,-2.005961,0.8292423,-0.5119271,-0.2242496,0.0,0.0,0.0,0.0,0.0,0.0,0.0,-0.4115812,-0.9940119,-2.815942,2.159075,-0.04391633,-2.1032,0.05657336,0.8771378,-0.1649768,0.44745,19.87946,125.4285,357.0503,0.6819283,-0.01778558,-0.7312024,0.0,0.0,0.0,3.814597,-1.109889,-2.855375,-0.2984081,-0.3740734,2.070401,-0.5931762,-0.0483925,-0.8036171,0.246883,0.9391642,-0.2387874,0.7662839,-0.3400423,-0.5451427,moving,-74.86761,66.34418,-8.201591,-10.24153
05/15/2023 12:32:17.039355,4503,True,True,True,True,Eyes,1.950602,-0.04907139,-2.010456,0.828347,-0.5105793,-0.2305431,0.0,0.0,0.0,0.0,0.0,0.0,0.0,-0.3854415,-0.965176,-2.841965,2.168387,-0.04194006,-2.110267,0.0543659,0.8801722,-0.1594239,0.4437629,19.20154,126.0174,357.2208,0.6832685,-0.0177719,-0.7299506,0.0,0.0,0.0,3.823061,-1.094371,-2.879622,-0.2973638,-0.3713631,2.070543,-0.600238,-0.04579008,-0.7985098,0.2371955,0.9432567,-0.2323898,0.763841,-0.328892,-0.5553173,moving,-74.44721,65.69928,-8.172724,-10.16819
05/15/2023 12:32:17.059637,4504,True,True,True,True,Eyes,1.960348,-0.04886697,-2.01503,0.8273224,-0.50932,-0.2369193,0.0,0.0,0.0,0.0,0.0,0.0,0.0,-0.3607734,-0.9502324,-2.861686,2.177071,-0.0406401,-2.11685,0.05454523,0.8826999,-0.1557833,0.4399972,18.84561,126.6004,357.5295,0.684575,-0.01774649,-0.7287261,0.0,0.0,0.0,3.830561,-1.079943,-2.905848,-0.2963287,-0.3686749,2.070684,-0.6068549,-0.04079428,-0.7937653,0.2333825,0.9455128,-0.2270203,0.7597764,-0.3230192,-0.5642685,moving,-74.01994,65.05367,-8.144114,-10.09544
05/15/2023 12:32:17.080176,4505,True,True,True,True,Eyes,1.970048,-0.04864812,-2.019631,0.8259026,-0.5087555,-0.2430078,0.0,0.0,0.0,0.0,0.0,0.0,0.0,-0.3379049,-0.9512697,-2.875219,2.185452,-0.04005556,-2.123244,0.05640689,0.8846251,-0.1545949,0.4362995,18.82856,127.1423,357.8746,0.6858478,-0.01771007,-0.7275291,0.0,0.0,0.0,3.840613,-1.054539,-2.939497,-0.2952188,-0.3657925,2.070835,-0.6129223,-0.0351014,-0.7893633,0.2346972,0.9458374,-0.2242964,0.7544825,-0.3227376,-0.5714867,moving,-73.60438,64.46846,-8.113432,-10.0174
05/15/2023 12:32:17.089998,4506,True,True,True,True,Eyes,1.979665,-0.0483516,-2.02429,0.8241995,-0.5086774,-0.2488826,0.0,0.0,0.0,0.0,0.0,0.0,0.0,-0.3177328,-0.9709643,-2.881543,2.193408,-0.03942478,-2.129418,0.05983545,0.8858353,-0.1562188,0.4327949,19.18147,127.6228,358.2276,0.687088,-0.01766333,-0.7263592,0.0,0.0,0.0,3.84432,-1.041252,-2.969289,-0.294322,-0.3634639,2.070958,-0.6182169,-0.02921266,-0.7854646,0.2412301,0.9440308,-0.2249753,0.7480749,-0.3285612,-0.5765688,moving,-73.19732,63.92871,-8.088639,-9.954329
05/15/2023 12:32:17.114935,4507,True,True,True,True,Eyes,1.98924,-0.04797123,-2.029035,0.8223068,-0.5089926,-0.2544368,0.0,0.0,0.0,0.0,0.0,0.0,0.0,-0.3045264,-1.012694,-2.878885,2.20108,-0.03713784,-2.135446,0.06434863,0.885918,-0.1611431,0.4301645,19.93051,127.9378,358.4993,0.6882956,-0.01760466,-0.7252163,0.0,0.0,0.0,3.843148,-1.039423,-2.994415,-0.2932893,-0.3607819,2.071099,-0.6216358,-0.02462083,-0.7829196,0.2526513,0.9397843,-0.2301582,0.7414421,-0.3408801,-0.577983,moving,-72.80698,63.44031,-8.060092,-9.881672
05/15/2023 12:32:17.129451,4508,True,True,True,True,Eyes,1.998757,-0.04752104,-2.033856,0.8205063,-0.5090766,-0.26002,0.0,0.0,0.0,0.0,0.0,0.0,0.0,-0.2898024,-1.02044,-2.889246,2.209585,-0.0346895,-2.142324,0.0647463,0.8869565,-0.1612927,0.4279031,19.97008,128.2421,358.5867,0.6894709,-0.01753243,-0.7241008,0.0,0.0,0.0,3.837146,-1.049398,-3.013556,-0.2922246,-0.358018,2.071244,-0.6254139,-0.02318098,-0.7799488,0.2528895,0.9395852,-0.2307089,0.7381763,-0.3415294,-0.5817674,moving,-72.4165,62.94351,-8.030658,-9.80677
05/15/2023 12:32:17.139319,4509,True,True,True,True,Eyes,2.008208,-0.04701956,-2.038754,0.8188325,-0.5090313,-0.265331,0.0,0.0,0.0,0.0,0.0,0.0,0.0,-0.2723006,-1.007968,-2.906362,2.217692,-0.03261656,-2.148922,0.06261499,0.888649,-0.1588247,0.4256255,19.60781,128.5637,358.5453,0.6906145,-0.01744562,-0.7230124,0.0,0.0,0.0,3.828129,-1.070008,-3.022902,-0.2911947,-0.3553438,2.071382,-0.6298445,-0.02391423,-0.7763529,0.2464852,0.9417081,-0.2289778,0.7365737,-0.33558,-0.5872353,moving,-72.04582,62.46936,-8.002194,-9.734288
05/15/2023 12:32:17.160004,4510,True,True,True,True,Eyes,2.017618,-0.0464945,-2.043715,0.8173435,-0.508608,-0.2706796,0.0,0.0,0.0,0.0,0.0,0.0,0.0,-0.2541451,-0.9927418,-2.924093,2.225899,-0.03092726,-2.155195,0.05785941,0.8902192,-0.1569522,0.4237077,19.17622,128.7876,358.1805,0.6917256,-0.01734409,-0.7219517,0.0,0.0,0.0,3.831014,-1.066929,-3.039718,-0.2902143,-0.3527982,2.071515,-0.6342484,-0.02998857,-0.7725477,0.2360188,0.9440367,-0.2304128,0.736223,-0.3284746,-0.5916758,moving,-71.67668,61.97823,-7.975095,-9.665266
05/15/2023 12:32:17.179676,4511,True,True,True,True,Eyes,2.026973,-0.04599025,-2.048704,0.8159005,-0.5079492,-0.2762136,0.0,0.0,0.0,0.0,0.0,0.0,0.0,-0.2339995,-0.9690619,-2.944782,2.234282,-0.02994157,-2.161634,0.05272752,0.892111,-0.1538755,0.4215214,18.60243,129.0656,357.8445,0.6928054,-0.01722865,-0.7209184,0.0,0.0,0.0,3.839462,-1.050561,-3.060828,-0.289159,-0.3500581,2.071659,-0.6390791,-0.03564599,-0.7683145,0.2238012,0.9470843,-0.2300964,0.7358608,-0.3189995,-0.5972843,moving,-71.29707,61.46346,-7.945924,-9.590945
05/15/2023 12:32:17.190478,4512,True,True,True,True,Eyes,2.036248,-0.04553074,-2.053728,0.8143322,-0.507479,-0.2816524,0.0,0.0,0.0,0.0,0.0,0.0,0.0,-0.2139872,-0.9591553,-2.959744,2.241953,-0.03000662,-2.167626,0.04982953,0.8936575,-0.1526942,0.4190199,18.341,129.3787,357.6511,0.6938549,-0.01710157,-0.7199114,0.0,0.0,0.0,3.85196,-1.030803,-3.078368,-0.2881464,-0.3474277,2.071797,-0.6438782,-0.03890274,-0.764138,0.2170249,0.9484031,-0.2311534,0.7337033,-0.3146717,-0.6022133,moving,-70.92107,60.96959,-7.917929,-9.519578
05/15/2023 12:32:17.209513,4513,True,True,True,True,Eyes,2.045464,-0.04508815,-2.058739,0.8124404,-0.5073397,-0.2873099,0.0,0.0,0.0,0.0,0.0,0.0,0.0,-0.1920755,-0.9767042,-2.965401,2.249344,-0.0305863,-2.173468,0.04990517,0.8946656,-0.1553882,0.4158576,18.63559,129.7438,357.5842,0.6948746,-0.01696573,-0.7189304,0.0,0.0,0.0,3.865273,-1.007132,-3.099267,-0.2871026,-0.344718,2.071939,-0.6491439,-0.03994188,-0.7596164,0.2185356,0.9467279,-0.2365341,0.7285976,-0.3195479,-0.6058339,moving,-70.52446,60.47683,-7.889074,-9.446035
05/15/2023 12:32:17.229556,4514,True,True,True,True,Eyes,2.054594,-0.04462268,-2.063786,0.8102978,-0.5076137,-0.292824,0.0,0.0,0.0,0.0,0.0,0.0,0.0,-0.1703917,-1.011016,-2.964709,2.256312,-0.03049836,-2.179178,0.05236325,0.8953078,-0.1600444,0.4123931,19.25459,130.1431,357.6786,0.6958662,-0.01682275,-0.7179741,0.0,0.0,0.0,3.872209,-0.9952599,-3.117818,-0.2860569,-0.3420029,2.072081,-0.6543801,-0.03823994,-0.7551983,0.2257648,0.9432878,-0.2433894,0.7216765,-0.3297664,-0.6086354,moving,-70.13124,60.0209,-7.860171,-9.372336
05/15/2023 12:32:17.239577,4515,True,True,True,True,Eyes,2.063652,-0.04417599,-2.068845,0.8079427,-0.5080088,-0.2985892,0.0,0.0,0.0,0.0,0.0,0.0,0.0,-0.1477555,-1.048962,-2.962437,2.263402,-0.02937816,-2.185025,0.05523629,0.8959211,-0.1649837,0.4087235,19.92424,130.5703,357.8122,0.6968292,-0.0166728,-0.717043,0.0,0.0,0.0,3.870027,-1.002612,-3.132125,-0.2850203,-0.3393112,2.072222,-0.6597883,-0.0358907,-0.7505942,0.2338401,0.9394587,-0.2504719,0.7141418,-0.3407774,-0.6114511,moving,-69.71733,59.55452,-7.831514,-9.299243
05/15/2023 12:32:17.260150,4516,True,True,True,True,Eyes,2.072604,-0.04373042,-2.073928,0.8053867,-0.5087106,-0.3042462,0.0,0.0,0.0,0.0,0.0,0.0,0.0,-0.1230563,-1.064887,-2.967504,2.270357,-0.02933085,-2.19085,0.05677984,0.8972394,-0.1666911,0.4049094,20.18821,131.0624,357.979,0.6977653,-0.01651727,-0.7161357,0.0,0.0,0.0,3.861725,-1.020573,-3.144092,-0.2839882,-0.3366298,2.072363,-0.6656489,-0.03309937,-0.7455307,0.2368798,0.9379802,-0.2531422,0.707672,-0.345105,-0.6165248,moving,-69.30524,59.11748,-7.80298,-9.226407
05/15/2023 12:32:17.279405,4517,True,True,True,True,Eyes,2.081485,-0.04328215,-2.079035,0.8026487,-0.5095136,-0.3100825,0.0,0.0,0.0,0.0,0.0,0.0,0.0,-0.1021703,-1.093836,-2.966834,2.276782,-0.0288178,-2.196462,0.05965441,0.8979723,-0.1701214,0.4014298,20.69681,131.4974,358.1961,0.698674,-0.01635698,-0.7152528,0.0,0.0,0.0,3.852064,-1.039181,-3.156251,-0.2829411,-0.3339106,2.072505,-0.6705911,-0.02944759,-0.7412427,0.2437196,0.9350001,-0.2576345,0.7006488,-0.3534227,-0.6198258,moving,-68.87725,58.67592,-7.774034,-9.152527
05/15/2023 12:32:17.290680,4518,True,True,True,True,Eyes,2.090281,-0.04283325,-2.084179,0.7998858,-0.5102463,-0.315961,0.0,0.0,0.0,0.0,0.0,0.0,0.0,-0.0799377,-1.114644,-2.969464,2.28357,-0.02824715,-2.20251,0.06156684,0.8989806,-0.1724228,0.3978871,21.03897,131.9495,358.3721,0.6995556,-0.01619254,-0.7143943,0.0,0.0,0.0,3.846303,-1.0459,-3.174711,-0.2818804,-0.3311551,2.07265,-0.675791,-0.02651486,-0.7366165,0.2479044,0.9329598,-0.2610162,0.6941543,-0.3590028,-0.6239126,moving,-68.44561,58.23288,-7.744709,-9.077637
05/15/2023 12:32:17.309836,4519,True,True,True,True,Eyes,2.098985,-0.0423757,-2.089377,0.7971601,-0.5106822,-0.3220863,0.0,0.0,0.0,0.0,0.0,0.0,0.0,-0.05491543,-1.113272,-2.980177,2.290343,-0.02778329,-2.208484,0.06123549,0.9007163,-0.1716973,0.3943102,20.95243,132.4302,358.4603,0.7004114,-0.0160243,-0.7135592,0.0,0.0,0.0,3.837356,-1.060342,-3.188365,-0.2808905,-0.3285844,2.072785,-0.6815392,-0.02509239,-0.731351,0.2457156,0.9335405,-0.2610095,0.6892952,-0.3575927,-0.6300789,moving,-67.99922,57.76045,-7.717345,-9.007755
05/15/2023 12:32:17.329657,4520,True,True,True,True,Eyes,2.107627,-0.04192258,-2.094635,0.7944797,-0.5108982,-0.3283062,0.0,0.0,0.0,0.0,0.0,0.0,0.0,-0.02942467,-1.112535,-2.990512,2.29708,-0.02711271,-2.214599,0.06018001,0.9023864,-0.1713576,0.3907862,20.87292,132.8831,358.4474,0.7012394,-0.01585277,-0.7127493,0.0,0.0,0.0,3.830833,-1.069068,-3.20462,-0.2798578,-0.3259037,2.072926,-0.6873292,-0.02531709,-0.7259048,0.2425396,0.9340299,-0.2622264,0.6846556,-0.3562965,-0.6358456,moving,-67.54791,57.27496,-7.688795,-8.93486
05/15/2023 12:32:17.339669,4521,True,True,True,True,Eyes,2.116194,-0.04152884,-2.099938,0.7918857,-0.5106639,-0.3348721,0.0,0.0,0.0,0.0,0.0,0.0,0.0,0.0009009838,-1.098123,-3.006299,2.304213,-0.02682328,-2.221168,0.05746504,0.9046475,-0.1693394,0.3868266,20.53889,133.3972,358.3454,0.7020409,-0.0156784,-0.7119637,0.0,0.0,0.0,3.829905,-1.063914,-3.226349,-0.2788556,-0.323303,2.073061,-0.694126,-0.02703882,-0.7193457,0.2349812,0.9360439,-0.2619269,0.6804213,-0.350843,-0.6433786,moving,-67.0775,56.7448,-7.661096,-8.864125
05/15/2023 12:32:17.360254,4522,True,True,True,True,Eyes,2.124671,-0.04119767,-2.105278,0.7891724,-0.5104939,-0.3414717,0.0,0.0,0.0,0.0,0.0,0.0,0.0,0.03518283,-1.076181,-3.023757,2.310876,-0.02792422,-2.22746,0.05487559,0.907323,-0.1662546,0.3822476,20.09912,134.0118,358.3206,0.7028164,-0.01550352,-0.711202,0.0,0.0,0.0,3.829701,-1.058175,-3.247118,-0.2778021,-0.320568,2.073204,-0.7017511,-0.02752108,-0.7118906,0.2266806,0.9386962,-0.2597411,0.6753974,-0.3436453,-0.6524925,moving,-66.60207,56.22126,-7.631976,-8.78972
05/15/2023 12:32:17.379340,4523,True,True,True,True,Eyes,2.133114,-0.04091741,-2.110642,0.7863558,-0.5103181,-0.3481665,0.0,0.0,0.0,0.0,0.0,0.0,0.0,0.06800854,-1.080891,-3.030903,2.317235,-0.02907698,-2.233584,0.05475269,0.9091957,-0.1668881,0.3775101,20.17003,134.6151,358.3858,0.7035656,-0.01533051,-0.7104646,0.0,0.0,0.0,3.832377,-1.044288,-3.272774,-0.2767591,-0.3178584,2.073346,-0.7089764,-0.02644206,-0.7047362,0.2255657,0.9383011,-0.2621284,0.6681859,-0.3448071,-0.659269,moving,-66.11818,55.69608,-7.603141,-8.715981
05/15/2023 12:32:17.390401,4524,True,True,True,True,Eyes,2.14149,-0.04067991,-2.116056,0.7834244,-0.5101853,-0.3549045,0.0,0.0,0.0,0.0,0.0,0.0,0.0,0.1036364,-1.089493,-3.036905,2.324056,-0.03004527,-2.240175,0.05445888,0.9110662,-0.1682302,0.372413,20.31004,135.2485,358.407,0.7042899,-0.01516096,-0.7097504,0.0,0.0,0.0,3.833352,-1.028854,-3.30217,-0.275777,-0.3153073,2.073481,-0.7166858,-0.02607093,-0.696909,0.2245335,0.9374657,-0.2659752,0.6602625,-0.3471,-0.6660146,moving,-65.62867,55.17604,-7.575988,-8.646537
05/15/2023 12:32:17.415476,4525,True,True,True,True,Eyes,2.149795,-0.04049592,-2.12152,0.780369,-0.5101389,-0.3616385,0.0,0.0,0.0,0.0,0.0,0.0,0.0,0.1421983,-1.093569,-3.043865,2.330843,-0.03083652,-2.246651,0.05312778,0.9131214,-0.1692333,0.3670791,20.36902,135.9003,358.3362,0.7049892,-0.01499605,-0.7090591,0.0,0.0,0.0,3.827068,-1.030115,-3.325109,-0.2747293,-0.3125886,2.073622,-0.724861,-0.0272198,-0.6883576,0.2212682,0.9370751,-0.2700568,0.6523936,-0.3480653,-0.6732263,moving,-65.13605,54.66709,-7.547027,-8.572516
05/15/2023 12:32:17.429786,4526,True,True,True,True,Eyes,2.15804,-0.04036789,-2.127039,0.7771494,-0.5102136,-0.3684031,0.0,0.0,0.0,0.0,0.0,0.0,0.0,0.1821706,-1.104802,-3.047547,2.337444,-0.03193949,-2.253142,0.05230815,0.9150118,-0.1713618,0.3614589,20.57362,136.576,358.2767,0.7056637,-0.01483723,-0.7083912,0.0,0.0,0.0,3.819852,-1.033125,-3.348234,-0.2736483,-0.3097803,2.07377,-0.7332228,-0.02815535,-0.6794056,0.2196056,0.9357979,-0.2757816,0.6435511,-0.3514106,-0.6799653,moving,-64.63699,54.16859,-7.517141,-8.496035
05/15/2023 12:32:17.439736,4527,True,True,True,True,Eyes,2.166248,-0.04029078,-2.132597,0.7738511,-0.5102729,-0.3752015,0.0,0.0,0.0,0.0,0.0,0.0,0.0,0.2229384,-1.115044,-3.051302,2.344243,-0.03313212,-2.259844,0.05171909,0.9169485,-0.1732294,0.3556995,20.76144,137.2771,358.2603,0.7063139,-0.01468574,-0.7077461,0.0,0.0,0.0,3.81351,-1.033187,-3.372184,-0.2726744,-0.3072524,2.073904,-0.7416062,-0.02838772,-0.6702349,0.2180827,0.9346334,-0.280892,0.6343977,-0.3544778,-0.6869391,moving,-64.13358,53.67311,-7.490218,-8.427168
05/15/2023 12:32:17.460187,4528,True,True,True,True,Eyes,2.174408,-0.04026914,-2.138219,0.7704219,-0.510362,-0.3820742,0.0,0.0,0.0,0.0,0.0,0.0,0.0,0.2651188,-1.118038,-3.057096,2.351103,-0.0343328,-2.266556,0.05048623,0.9190917,-0.1741382,0.3498534,20.81941,137.9941,358.2195,0.7069409,-0.01454249,-0.7071227,0.0,0.0,0.0,3.804487,-1.038205,-3.394834,-0.271666,-0.304633,2.07404,-0.7501073,-0.02904275,-0.6606779,0.2146487,0.934254,-0.2847724,0.6255116,-0.3554236,-0.6945568,moving,-63.62188,53.18024,-7.462347,-8.355801
05/15/2023 12:32:17.479645,4529,True,True,True,True,Eyes,2.182539,-0.04030404,-2.143884,0.7669524,-0.5104235,-0.388911,0.0,0.0,0.0,0.0,0.0,0.0,0.0,0.3092237,-1.119956,-3.062858,2.358116,-0.03564765,-2.273552,0.04890359,0.921288,-0.1750618,0.343788,20.86638,138.7311,358.1442,0.7075446,-0.01440863,-0.7065215,0.0,0.0,0.0,3.794941,-1.042673,-3.418628,-0.2705305,-0.3016856,2.074194,-0.7588366,-0.03025971,-0.6505778,0.2104769,0.9339237,-0.2889398,0.6163332,-0.3561896,-0.7023265,moving,-63.11106,52.69485,-7.430959,-8.275477
05/15/2023 12:32:17.490080,4530,True,True,True,True,Eyes,2.190625,-0.040401,-2.149605,0.763356,-0.5104659,-0.3958688,0.0,0.0,0.0,0.0,0.0,0.0,0.0,0.355046,-1.118657,-3.068881,2.365113,-0.03708833,-2.280426,0.0472905,0.9236116,-0.1755035,0.3374967,20.86178,139.5032,358.0923,0.7081257,-0.01428512,-0.7059416,0.0,0.0,0.0,3.786602,-1.043273,-3.444001,-0.2695643,-0.299175,2.074326,-0.7677194,-0.03110755,-0.6400309,0.2058198,0.9339243,-0.2922733,0.6068323,-0.3561149,-0.7105893,moving,-62.5892,52.20625,-7.404249,-8.207038
05/15/2023 12:32:17.509846,4531,True,True,True,True,Eyes,2.198674,-0.04056401,-2.155376,0.7597629,-0.5104867,-0.4026954,0.0,0.0,0.0,0.0,0.0,0.0,0.0,0.4005626,-1.114547,-3.075313,2.372119,-0.03868338,-2.287308,0.04587637,0.9259677,-0.1754094,0.3312261,20.80802,140.2832,358.0848,0.7086837,-0.01417309,-0.7053836,0.0,0.0,0.0,3.778048,-1.043415,-3.470078,-0.2685687,-0.2965912,2.07446,-0.776369,-0.03124025,-0.6295035,0.2011604,0.9342539,-0.2944559,0.597315,-0.3552378,-0.7190415,moving,-62.07518,51.732,-7.376731,-8.136591
05/15/2023 12:32:17.519418,4532,True,True,True,True,Eyes,2.206684,-0.04078031,-2.161194,0.7560126,-0.5105699,-0.4095893,0.0,0.0,0.0,0.0,0.0,0.0,0.0,0.4468206,-1.112001,-3.080451,2.379189,-0.04043904,-2.294167,0.04447085,0.9282395,-0.1756526,0.324869,20.79282,141.0665,358.0648,0.7092218,-0.01407308,-0.7048445,0.0,0.0,0.0,3.768953,-1.042121,-3.497437,-0.2675664,-0.2939865,2.074598,-0.7849647,-0.03156897,-0.6187354,0.1966874,0.934337,-0.2972009,0.5874896,-0.3549898,-0.7272124,moving,-61.55224,51.26272,-7.34902,-8.065553
05/15/2023 12:32:17.539491,4533,True,True,True,True,Eyes,2.214653,-0.0410444,-2.167063,0.7522066,-0.5107718,-0.4162901,0.0,0.0,0.0,0.0,0.0,0.0,0.0,0.4931034,-1.115046,-3.08282,2.386259,-0.04192843,-2.300927,0.04321733,0.9302807,-0.1768049,0.3185122,20.8846,141.8351,358.0237,0.7097386,-0.01398595,-0.704326,0.0,0.0,0.0,3.759718,-1.039519,-3.52558,-0.266526,-0.2912875,2.074738,-0.7933645,-0.03222055,-0.6078936,0.1930375,0.9337446,-0.3014259,0.5773296,-0.3564869,-0.73458,moving,-61.03875,50.81921,-7.320265,-7.991933
05/15/2023 12:32:17.559323,4534,True,True,True,True,Eyes,2.222593,-0.04133641,-2.172974,0.7482712,-0.5110292,-0.4230123,0.0,0.0,0.0,0.0,0.0,0.0,0.0,0.5382024,-1.120895,-3.083808,2.39348,-0.04332808,-2.307664,0.04202644,0.9321126,-0.178426,0.3123528,21.03145,142.5703,357.9667,0.7102342,-0.01391196,-0.7038276,0.0,0.0,0.0,3.749797,-1.038296,-3.552986,-0.2655028,-0.288631,2.074876,-0.8013392,-0.03311697,-0.5972932,0.1898104,0.9327959,-0.306372,0.5672988,-0.3588803,-0.7411999,moving,-60.51968,50.38322,-7.291986,-7.919456
05/15/2023 12:32:17.579535,4535,True,True,True,True,Eyes,2.23049,-0.04163993,-2.178956,0.7443401,-0.5112655,-0.4296108,0.0,0.0,0.0,0.0,0.0,0.0,0.0,0.5816759,-1.124799,-3.085221,2.400704,-0.04428966,-2.314468,0.04052092,0.933859,-0.1798095,0.3064869,21.14145,143.2649,357.8779,0.7107095,-0.01385062,-0.7033488,0.0,0.0,0.0,3.738843,-1.040052,-3.578279,-0.2644379,-0.2858658,2.075022,-0.8088481,-0.03453687,-0.5870031,0.1859002,0.9320532,-0.3109953,0.5578589,-0.3606717,-0.747469,moving,-60.00775,49.96003,-7.262548,-7.843988
05/15/2023 12:32:17.589718,4536,True,True,True,True,Eyes,2.238379,-0.04193801,-2.184996,0.7403531,-0.5113881,-0.4363022,0.0,0.0,0.0,0.0,0.0,0.0,0.0,0.6250113,-1.125586,-3.087604,2.408182,-0.04486293,-2.321535,0.03868334,0.9356292,-0.1807631,0.3007098,21.19353,143.9475,357.767,0.7111648,-0.01380096,-0.7028893,0.0,0.0,0.0,3.728059,-1.04365,-3.601584,-0.2634732,-0.2833582,2.075154,-0.8161545,-0.03632795,-0.5766908,0.181101,0.9316566,-0.3149895,0.5487208,-0.3615193,-0.7537967,moving,-59.48846,49.53011,-7.235877,-7.775539
05/15/2023 12:32:17.609625,4537,True,True,True,True,Eyes,2.246279,-0.04223021,-2.191088,0.7363353,-0.5111026,-0.4433784,0.0,0.0,0.0,0.0,0.0,0.0,0.0,0.6684858,-1.11432,-3.094054,2.415864,-0.04507396,-2.328801,0.0360032,0.9376847,-0.1799973,0.2950464,21.02693,144.6262,357.6241,0.7116018,-0.0137615,-0.7024478,0.0,0.0,0.0,3.718517,-1.045287,-3.624373,-0.262421,-0.2806263,2.075299,-0.8233029,-0.03869581,-0.566282,0.1737344,0.9326095,-0.3163161,0.54036,-0.3588066,-0.7610974,moving,-58.94609,49.05856,-7.206789,-7.700948
05/15/2023 12:32:17.629547,4538,True,True,True,True,Eyes,2.254176,-0.04255347,-2.197237,0.7322976,-0.5105314,-0.4506637,0.0,0.0,0.0,0.0,0.0,0.0,0.0,0.7126726,-1.088606,-3.105,2.423616,-0.04535104,-2.336239,0.03273245,0.9401385,-0.1770587,0.2893415,20.60119,145.3316,357.4948,0.7120201,-0.0137311,-0.7020243,0.0,0.0,0.0,3.71002,-1.044672,-3.647674,-0.2614076,-0.277995,2.075436,-0.8304203,-0.0409148,-0.5556333,0.1640069,0.9351576,-0.3139777,0.532451,-0.3518611,-0.7698635,moving,-58.39142,48.56404,-7.17878,-7.629095
05/15/2023 12:32:17.640016,4539,True,True,True,True,Eyes,2.262061,-0.04291973,-2.203427,0.7281941,-0.5097772,-0.4581055,0.0,0.0,0.0,0.0,0.0,0.0,0.0,0.7569052,-1.057114,-3.117023,2.431412,-0.04649824,-2.343566,0.02991878,0.9427356,-0.1730626,0.2835557,20.07634,146.0687,357.4532,0.7124212,-0.01370974,-0.7016177,0.0,0.0,0.0,3.703946,-1.036392,-3.674046,-0.2603331,-0.275206,2.075581,-0.8374022,-0.04173477,-0.5449919,0.1545568,0.9383084,-0.3093372,0.5242805,-0.3432718,-0.7792912,moving,-57.82608,48.05591,-7.149082,-7.552921
05/15/2023 12:32:17.659622,4540,True,True,True,True,Eyes,2.269935,-0.04329709,-2.209665,0.7239726,-0.5090435,-0.4655519,0.0,0.0,0.0,0.0,0.0,0.0,0.0,0.7975903,-1.040074,-3.123861,2.438998,-0.04783466,-2.350617,0.02868966,0.9448152,-0.1707955,0.2780834,19.79748,146.7655,357.5161,0.7128057,-0.01369782,-0.7012273,0.0,0.0,0.0,3.69947,-1.019967,-3.704615,-0.2593029,-0.2725313,2.075721,-0.8436934,-0.04077789,-0.5352747,0.1492036,0.9400116,-0.306784,0.5156745,-0.3386965,-0.7869974,moving,-57.25688,47.55515,-7.120608,-7.47985
05/15/2023 12:32:17.679513,4541,True,True,True,True,Eyes,2.277781,-0.04365752,-2.21597,0.7196999,-0.5083447,-0.4728824,0.0,0.0,0.0,0.0,0.0,0.0,0.0,0.8363808,-1.037123,-3.126128,2.446615,-0.04847367,-2.357872,0.02814658,0.9464187,-0.1705003,0.2728171,19.76037,147.4177,357.579,0.7131737,-0.01369471,-0.7008532,0.0,0.0,0.0,3.694305,-1.001442,-3.737077,-0.258243,-0.2697781,2.075866,-0.8495573,-0.03975389,-0.5259963,0.1463077,0.9402748,-0.3073716,0.5068004,-0.3380871,-0.7930011,moving,-56.69289,47.06982,-7.091309,-7.404621
05/15/2023 12:32:17.694915,4542,True,True,True,True,Eyes,2.28563,-0.04398623,-2.222329,0.7153707,-0.5075586,-0.4802384,0.0,0.0,0.0,0.0,0.0,0.0,0.0,0.8746256,-1.027354,-3.130548,2.454307,-0.04850279,-2.365328,0.02665856,0.9480928,-0.1694485,0.2677626,19.60794,148.0356,357.5545,0.7135259,-0.01369891,-0.7004945,0.0,0.0,0.0,3.686714,-0.9916598,-3.764746,-0.257255,-0.2672107,2.076001,-0.8551852,-0.04019435,-0.516762,0.1412935,0.941153,-0.3070294,0.498693,-0.3355821,-0.799181,moving,-56.12598,46.58427,-7.063995,-7.334449
05/15/2023 12:32:17.709728,4543,True,True,True,True,Eyes,2.481501,-0.05094174,-2.382842,0.590299,-0.4790521,-0.6496586,0.0,0.0,0.0,0.0,0.0,0.0,0.0,0.9150305,-1.014845,-3.134969,2.462231,-0.04811296,-2.37283,0.02429292,0.9497995,-0.1684073,0.2625452,19.43044,148.6561,357.4302,0.7138625,-0.01370865,-0.7001513,0.0,0.0,0.0,3.677789,-0.9890118,-3.788126,-0.2562551,-0.2646146,2.076137,-0.8609601,-0.04228223,-0.5069127,0.1345758,0.9420977,-0.3071503,0.4905483,-0.3326623,-0.8054183,moving,-42.25921,36.40472,-7.036362,-7.263486
05/15/2023 12:32:17.729440,4544,True,True,True,True,Eyes,2.481805,-0.0509073,-2.383154,0.5900569,-0.4788756,-0.6500084,0.0,0.0,0.0,0.0,0.0,0.0,0.0,0.9560715,-1.005846,-3.137528,2.47009,-0.04718532,-2.3804,0.0216301,0.9513544,-0.1681243,0.2572764,19.33079,149.2655,357.2451,0.7148443,-0.01387464,-0.6991457,0.5876126,-0.02086652,-0.4815381,3.670958,-0.9813782,-3.812427,-0.2551603,-0.2617719,2.076285,-0.8666821,-0.04535304,-0.4967951,0.1276646,0.9425327,-0.3087617,0.482249,-0.3310215,-0.8110864,moving,-42.23217,36.3799,-7.006104,-7.185769
05/15/2023 12:32:17.739389,4545,True,True,True,True,Eyes,2.482403,-0.05077577,-2.383754,0.5894973,-0.4789731,-0.6504443,0.0,0.0,0.0,0.0,0.0,0.0,0.0,0.999337,-0.9872831,-3.141736,2.477692,-0.04638217,-2.388052,0.01881302,0.9532313,-0.1663551,0.2516396,19.06363,149.9367,357.0977,0.7156673,-0.01400917,-0.6983004,0.5523559,-0.01961453,-0.4526458,3.664755,-0.9722667,-3.836784,-0.2541535,-0.2591583,2.076423,-0.8726474,-0.04785676,-0.4860008,0.1195894,0.9439441,-0.3076816,0.4734822,-0.326618,-0.8180073,moving,-42.186,36.36713,-6.978275,-7.114295
05/15/2023 12:32:17.761186,4546,True,True,True,True,Eyes,2.483292,-0.05059848,-2.384673,0.588701,-0.4788066,-0.6512875,0.0,0.0,0.0,0.0,0.0,0.0,0.0,1.041875,-0.989189,-3.138925,2.485234,-0.04393141,-2.395522,0.01669801,0.9545137,-0.1675383,0.2460811,19.15066,150.5691,356.9308,0.7163583,-0.01411483,-0.6975893,0.5192145,-0.01843766,-0.425487,3.658142,-0.9648259,-3.859735,-0.2531193,-0.2564721,2.076564,-0.8783308,-0.05057906,-0.4753706,0.114333,0.9433041,-0.311617,0.4641804,-0.3280533,-0.8227503,moving,-42.11054,36.32219,-6.949692,-7.040826
05/15/2023 12:32:17.779336,4547,True,True,True,True,Eyes,2.484432,-0.05036449,-2.385837,0.5872788,-0.4783935,-0.6528732,0.0,0.0,0.0,0.0,0.0,0.0,0.0,1.092258,-0.9607609,-3.143284,2.493138,-0.04274587,-2.403904,0.01266533,0.9567066,-0.1648856,0.2395096,18.75736,151.3424,356.6853,0.7169392,-0.01419504,-0.6969907,0.4880616,-0.0173314,-0.3999578,3.650618,-0.9522269,-3.886176,-0.2521101,-0.2538519,2.076701,-0.8849496,-0.05474934,-0.4624574,0.1032173,0.9453046,-0.3094273,0.4541041,-0.3215612,-0.830896,moving,-41.97232,36.23214,-6.921797,-6.96915
05/15/2023 12:32:17.790189,4548,True,True,True,True,Eyes,2.485829,-0.05003002,-2.387282,0.5856131,-0.4780659,-0.6546069,0.0,0.0,0.0,0.0,0.0,0.0,0.0,1.137948,-0.9457026,-3.142585,2.500327,-0.04120679,-2.410763,0.01054322,0.9584849,-0.1634291,0.2334239,18.55475,152.0717,356.6084,0.7174277,-0.01425213,-0.6964867,0.4587779,-0.01629152,-0.3759604,3.641074,-0.9494743,-3.906622,-0.2510761,-0.2511674,2.076842,-0.8908046,-0.05608549,-0.4509127,0.09650754,0.9463595,-0.3083666,0.4440205,-0.3182107,-0.8376087,moving,-41.8159,36.14103,-6.893218,-6.8957
05/15/2023 12:32:17.809796,4549,True,True,True,True,Eyes,2.487478,-0.04962109,-2.388999,0.5835663,-0.477318,-0.6569764,0.0,0.0,0.0,0.0,0.0,0.0,0.0,1.176879,-0.9511214,-3.138845,2.507921,-0.03844893,-2.41886,0.009704546,0.9595764,-0.164422,0.2282199,18.66175,152.6822,356.5857,0.7178388,-0.01428672,-0.6960622,0.4312513,-0.01531402,-0.3534027,3.631912,-0.9317417,-3.937187,-0.2500072,-0.248391,2.076987,-0.8956429,-0.05642423,-0.44118,0.09367324,0.9457425,-0.3111214,0.4347975,-0.3199805,-0.8417621,moving,-41.61343,35.99981,-6.863679,-6.819728
05/15/2023 12:32:17.829925,4550,True,True,True,True,Eyes,2.489325,-0.04919862,-2.390932,0.5813351,-0.4765736,-0.65949,0.0,0.0,0.0,0.0,0.0,0.0,0.0,1.215322,-0.9140049,-3.147482,2.515402,-0.03638169,-2.427032,0.007077734,0.9616644,-0.1592153,0.2231637,18.02201,153.321,356.5365,0.718186,-0.01429996,-0.6957037,0.4053762,-0.01439518,-0.3321986,3.62068,-0.9207054,-3.962566,-0.2489609,-0.2456751,2.07713,-0.9002958,-0.05744934,-0.431471,0.08467496,0.9492007,-0.3030644,0.4269634,-0.3093824,-0.8496971,moving,-41.39592,35.85336,-6.834762,-6.745394
05/15/2023 12:32:17.840327,4551,True,True,True,True,Eyes,2.491365,-0.04876469,-2.393075,0.5787297,-0.4761973,-0.6620484,0.0,0.0,0.0,0.0,0.0,0.0,0.0,1.250424,-0.9087843,-3.145931,2.521998,-0.03564115,-2.434046,0.006240263,0.9628332,-0.1587432,0.2184356,17.96359,153.8893,356.5446,0.7184817,-0.01429522,-0.6953973,0.3810536,-0.01353147,-0.3122666,3.610439,-0.9190837,-3.982371,-0.2479831,-0.2431357,2.077262,-0.9044942,-0.05733366,-0.4226152,0.08136699,0.9495233,-0.3029602,0.4186528,-0.3084126,-0.8541732,moving,-41.15833,35.72667,-6.807741,-6.675881
05/15/2023 12:32:17.859314,4552,True,True,True,True,Eyes,2.493587,-0.04829675,-2.395437,0.5759597,-0.475903,-0.6646703,0.0,0.0,0.0,0.0,0.0,0.0,0.0,1.282447,-0.9313468,-3.137241,2.528541,-0.03488381,-2.441235,0.006554926,0.963202,-0.1623552,0.2141021,18.39514,154.3792,356.5626,0.7187453,-0.01427717,-0.6951244,0.3581904,-0.01271958,-0.2935306,3.604355,-0.8931894,-4.012743,-0.2469687,-0.2405028,2.077399,-0.9082346,-0.05689372,-0.4145755,0.08214859,0.9471957,-0.3099548,0.4103186,-0.3155685,-0.8556021,moving,-40.91005,35.60261,-6.779711,-6.603799
05/15/2023 12:32:17.879335,4553,True,True,True,True,Eyes,2.495974,-0.04776743,-2.397994,0.5729652,-0.4757183,-0.6673852,0.0,0.0,0.0,0.0,0.0,0.0,0.0,1.316104,-0.9351265,-3.133373,2.535152,-0.03358893,-2.448774,0.005798519,0.964039,-0.163297,0.2095936,18.49851,154.9042,356.5377,0.7189794,-0.01424608,-0.6948823,0.336699,-0.01195641,-0.2759188,3.594832,-0.8879802,-4.032703,-0.2458871,-0.2376932,2.077547,-0.9120739,-0.05727201,-0.4060065,0.079632,0.946601,-0.3124186,0.402219,-0.3172799,-0.8588092,moving,-40.64683,35.48162,-6.749815,-6.526859
05/15/2023 12:32:17.889865,4554,True,True,True,True,Eyes,2.498533,-0.04717378,-2.400772,0.5699126,-0.4754244,-0.6702024,0.0,0.0,0.0,0.0,0.0,0.0,0.0,1.345367,-0.9363837,-3.131332,2.54159,-0.03158423,-2.455888,0.00429661,0.9647098,-0.1641438,0.2058485,18.57049,155.3234,356.4142,0.7191865,-0.01420141,-0.6946687,0.316497,-0.01123902,-0.2593637,3.584152,-0.8992742,-4.044518,-0.2448815,-0.2350844,2.077684,-0.9152161,-0.05928752,-0.3985785,0.07586744,0.9460768,-0.3149333,0.3957574,-0.3184711,-0.8613666,moving,-40.37647,35.35091,-6.722024,-6.455408
05/15/2023 12:32:17.909454,4555,True,True,True,True,Eyes,2.501253,-0.04652807,-2.403756,0.5667894,-0.4748691,-0.6732377,0.0,0.0,0.0,0.0,0.0,0.0,0.0,1.376749,-0.9225562,-3.133495,2.548313,-0.02950004,-2.463853,0.0016798,0.9657381,-0.163085,0.2018677,18.40145,155.774,356.2173,0.7193684,-0.01414257,-0.6944813,0.2975072,-0.01056468,-0.2438019,3.574793,-0.8988649,-4.061618,-0.243848,-0.2323999,2.077823,-0.9184933,-0.06259869,-0.3904505,0.06908768,0.9468009,-0.3143166,0.3893547,-0.315673,-0.8653055,moving,-40.09356,35.19728,-6.69347,-6.381883
05/15/2023 12:32:17.929491,4556,True,True,True,True,Eyes,2.50411,-0.04586088,-2.406946,0.5636407,-0.47408,-0.6764298,0.0,0.0,0.0,0.0,0.0,0.0,0.0,1.402604,-0.8927603,-3.142066,2.554775,-0.027704,-2.471689,-0.0007716045,0.967078,-0.1591117,0.1986029,17.90505,156.1754,356.1017,0.719527,-0.01406942,-0.6943184,0.2796568,-0.009930802,-0.2291737,3.568763,-0.8963006,-4.076644,-0.2428198,-0.2297291,2.077964,-0.9211128,-0.06469249,-0.3838834,0.06170769,0.9493657,-0.3080534,0.3843745,-0.3074405,-0.870481,moving,-39.80303,35.02493,-6.665053,-6.30871
05/15/2023 12:32:17.939813,4557,True,True,True,True,Eyes,2.507042,-0.04519463,-2.410352,0.5602503,-0.4727527,-0.6801651,0.0,0.0,0.0,0.0,0.0,0.0,0.0,1.428583,-0.8674816,-3.148772,2.560941,-0.02658899,-2.47972,-0.00257342,0.9683325,-0.155641,0.1951966,17.48282,156.5981,356.0475,0.7196636,-0.01398274,-0.6941786,0.2628774,-0.009334954,-0.2154233,3.563845,-0.8853988,-4.096241,-0.2418143,-0.2271183,2.078101,-0.9237835,-0.06574504,-0.3772293,0.05577734,0.9515385,-0.3024291,0.3788314,-0.3004198,-0.8753484,moving,-39.4782,34.80146,-6.637265,-6.237172
05/15/2023 12:32:17.959607,4558,True,True,True,True,Eyes,2.510073,-0.044554,-2.413945,0.5566968,-0.4714611,-0.6839687,0.0,0.0,0.0,0.0,0.0,0.0,0.0,1.45754,-0.8516815,-3.150897,2.566752,-0.02591659,-2.487778,-0.003667038,0.9694583,-0.1535027,0.1912442,17.23109,157.0822,356.0482,0.7197782,-0.01388388,-0.6940618,0.2471047,-0.008774856,-0.2024979,3.561552,-0.8641871,-4.119158,-0.2408041,-0.224494,2.078238,-0.9268247,-0.06582307,-0.3696807,0.05160291,0.9528469,-0.2990315,0.3719323,-0.2962263,-0.8797255,moving,-39.14288,34.57858,-6.609351,-6.165258
05/15/2023 12:32:17.979359,4559,True,True,True,True,Eyes,2.513144,-0.04394066,-2.417701,0.5527161,-0.4701712,-0.6880726,0.0,0.0,0.0,0.0,0.0,0.0,0.0,1.489914,-0.8477035,-3.147583,2.572195,-0.02588435,-2.495771,-0.003592373,0.9704645,-0.1528131,0.1866385,17.17303,157.6474,356.1582,0.7198719,-0.01377476,-0.6939669,0.2322785,-0.008248365,-0.1903481,3.557389,-0.8461746,-4.141549,-0.239729,-0.2217028,2.078384,-0.9303063,-0.06401415,-0.3611541,0.05006907,0.9532705,-0.2979403,0.3633499,-0.2952584,-0.8836285,moving,-38.77428,34.34543,-6.579645,-6.088759
05/15/2023 12:32:17.990183,4560,True,True,True,True,Eyes,2.516277,-0.04334417,-2.421601,0.5484849,-0.4693955,-0.6919771,0.0,0.0,0.0,0.0,0.0,0.0,0.0,1.523251,-0.8723999,-3.13464,2.577118,-0.02579452,-2.503024,-0.001680696,0.9709059,-0.1559075,0.1817472,17.5857,158.2369,356.3952,0.7199448,-0.01365721,-0.6938937,0.2183417,-0.007753463,-0.1789272,3.549775,-0.8346928,-4.162531,-0.2387304,-0.2191094,2.078521,-0.9339305,-0.05993507,-0.3523947,0.05340788,0.9513801,-0.3033538,0.3534428,-0.302132,-0.8853219,moving,-38.40155,34.1506,-6.552047,-6.017668
05/15/2023 12:32:18.015488,4561,True,True,True,True,Eyes,2.519496,-0.04277607,-2.425613,0.5438166,-0.4688683,-0.6960073,0.0,0.0,0.0,0.0,0.0,0.0,0.0,1.55517,-0.9142107,-3.11672,2.581816,-0.02547438,-2.510349,0.0006529371,0.9708414,-0.1616444,0.1770248,18.30608,158.7876,356.6207,0.719998,-0.01353255,-0.6938411,0.2052412,-0.007288255,-0.1681915,3.53776,-0.8306894,-4.182226,-0.2376822,-0.2163891,2.078663,-0.9373237,-0.05596232,-0.3439371,0.05849792,0.9477414,-0.3136308,0.3435149,-0.3140932,-0.8850667,moving,-38.00185,33.96635,-6.523084,-5.94309
05/15/2023 12:32:18.029827,4562,True,True,True,True,Eyes,2.522748,-0.04218932,-2.429733,0.5389674,-0.4690008,-0.6996802,0.0,0.0,0.0,0.0,0.0,0.0,0.0,1.589126,-0.9510247,-3.097893,2.586365,-0.02555187,-2.517293,0.001491962,0.9706891,-0.16771,0.1721455,19.03236,159.3293,356.6741,0.7200329,-0.0134023,-0.6938075,0.1929268,-0.006850959,-0.1581,3.521462,-0.8430189,-4.195201,-0.2366571,-0.2137273,2.078803,-0.9407275,-0.05484457,-0.3347,0.0606375,0.9437423,-0.3250748,0.3336991,-0.3261021,-0.8844788,moving,-37.60725,33.83423,-6.494762,-5.870109
05/15/2023 12:32:18.039667,4563,True,True,True,True,Eyes,2.522748,-0.04218932,-2.429733,0.5389674,-0.4690008,-0.6996802,0.0,0.0,0.0,0.0,0.0,0.0,0.0,1.621695,-1.003219,-3.073284,2.590455,-0.0243838,-2.523958,0.001569506,0.9698592,-0.1768762,0.1675869,20.09734,159.7842,356.5667,0.7200504,-0.01326651,-0.6937922,0.1813512,-0.006439902,-0.148614,3.504439,-0.8651723,-4.203184,-0.2355762,-0.2109195,2.07895,-0.9438244,-0.05623986,-0.3256266,0.06232865,0.9374247,-0.3425639,0.3245162,-0.343616,-0.8812588,moving,-37.60725,33.83423,-6.464893,-5.79311
05/15/2023 12:32:18.059977,4564,True,True,True,True,Eyes,2.522748,-0.04218932,-2.429733,0.5389674,-0.4690008,-0.6996802,0.0,0.0,0.0,0.0,0.0,0.0,0.0,1.661006,-1.023294,-3.05541,2.594769,-0.02415045,-2.53144,-0.0002028454,0.9698429,-0.1819844,0.1621318,20.66642,160.355,356.3599,0.7200661,-0.01314431,-0.6937783,0.1704701,-0.006053508,-0.1396972,3.488228,-0.8873935,-4.209905,-0.2346232,-0.2084441,2.07908,-0.9474267,-0.05940434,-0.3144108,0.05861743,0.9337633,-0.3530582,0.3145584,-0.3529267,-0.8811902,moving,-37.60725,33.83423,-6.438563,-5.725221
05/15/2023 12:32:18.079715,4565,True,True,True,True,Eyes,2.526327,-0.0415279,-2.434577,0.5333759,-0.469359,-0.7037131,0.0,0.0,0.0,0.0,0.0,0.0,0.0,1.700538,-1.032872,-3.039445,2.598741,-0.02330652,-2.538283,-0.001938609,0.9701453,-0.1851975,0.1565771,21.02221,160.9595,356.2065,0.7200803,-0.01303432,-0.6937659,0.1602419,-0.005690297,-0.1313154,3.472764,-0.9183478,-4.209876,-0.2334881,-0.2054963,2.079234,-0.95096,-0.06175684,-0.3030871,0.05423391,0.9313963,-0.359944,0.3045232,-0.3587298,-0.8823713,moving,-37.16013,33.70229,-6.407204,-5.644368
05/15/2023 12:32:18.090407,4566,True,True,True,True,Eyes,2.52993,-0.0408788,-2.439555,0.5276604,-0.4693589,-0.7080091,0.0,0.0,0.0,0.0,0.0,0.0,0.0,1.739967,-1.038387,-3.024858,2.602809,-0.02183488,-2.545663,-0.003818881,0.9705389,-0.1876972,0.151028,21.29571,161.5679,356.0546,0.7200733,-0.01291445,-0.6937755,0.1506274,-0.005348879,-0.1234364,3.457279,-0.9338369,-4.218928,-0.2325621,-0.2030925,2.07936,-0.954352,-0.06410783,-0.2917235,0.04928233,0.9295104,-0.3654884,0.2945907,-0.3631814,-0.8839206,moving,-36.69619,33.5415,-6.381617,-5.578424
05/15/2023 12:32:18.109776,4567,True,True,True,True,Eyes,2.533494,-0.04026963,-2.444636,0.5218343,-0.4686651,-0.7127708,0.0,0.0,0.0,0.0,0.0,0.0,0.0,1.785676,-0.9958133,-3.022952,2.607054,-0.02157672,-2.553688,-0.007031082,0.9724268,-0.1829458,0.1444563,20.71817,162.3548,355.9211,0.7200458,-0.01278606,-0.6938065,0.1415897,-0.005027947,-0.1160303,3.441267,-0.9415438,-4.230926,-0.2314839,-0.2002926,2.079507,-0.958166,-0.06652977,-0.2783737,0.03918092,0.9329628,-0.3578342,0.2835189,-0.3537715,-0.8913265,moving,-36.20863,33.32595,-6.351829,-5.501607
05/15/2023 12:32:18.129887,4568,True,True,True,True,Eyes,2.537059,-0.03971362,-2.449805,0.5157466,-0.4681063,-0.7175527,0.0,0.0,0.0,0.0,0.0,0.0,0.0,1.831969,-0.966755,-3.013753,2.610658,-0.02199431,-2.560746,-0.008864245,0.9739937,-0.1798217,0.1375572,20.35598,163.1894,355.918,0.7199979,-0.01265119,-0.6938587,0.1330943,-0.00472627,-0.1090684,3.425654,-0.9460523,-4.244442,-0.2304602,-0.1976342,2.079646,-0.9619988,-0.06673898,-0.2647716,0.0322041,0.9351712,-0.3527291,0.2711476,-0.3478518,-0.8974842,moving,-35.70698,33.11903,-6.323547,-5.428666
05/15/2023 12:32:18.139542,4569,True,True,True,True,Eyes,2.540576,-0.0392149,-2.455083,0.5094641,-0.467308,-0.7225438,0.0,0.0,0.0,0.0,0.0,0.0,0.0,1.878327,-0.9677817,-2.994154,2.614356,-0.02268049,-2.567935,-0.008723877,0.9748178,-0.180636,0.1304798,20.48107,164.0429,356.0736,0.7199304,-0.01251206,-0.6939313,0.1251087,-0.004442694,-0.1025243,3.408926,-0.924025,-4.273794,-0.2294539,-0.19502,2.079782,-0.9657981,-0.06414708,-0.2512363,0.03013032,0.934589,-0.354451,0.2575397,-0.3498978,-0.9006915,moving,-35.18758,32.89292,-6.295749,-5.356928
05/15/2023 12:32:18.160115,4570,True,True,True,True,Eyes,2.544076,-0.03876168,-2.460427,0.5029071,-0.4668105,-0.7274424,0.0,0.0,0.0,0.0,0.0,0.0,0.0,1.924624,-0.9698669,-2.973505,2.617877,-0.0234984,-2.575406,-0.00711564,0.9758095,-0.1805144,0.1231263,20.52052,164.9703,356.4286,0.7198431,-0.01237075,-0.6940243,0.1176022,-0.004176132,-0.09637287,3.38817,-0.910126,-4.29912,-0.228421,-0.1923406,2.079923,-0.9695787,-0.05833912,-0.2377265,0.03056509,0.9347279,-0.3540474,0.2428644,-0.3505429,-0.9045091,moving,-34.6575,32.68889,-6.267215,-5.283394
05/15/2023 12:32:18.179359,4571,True,True,True,True,Eyes,2.547504,-0.03833353,-2.465867,0.4963329,-0.4664339,-0.7321838,0.0,0.0,0.0,0.0,0.0,0.0,0.0,1.964022,-0.9932446,-2.948715,2.62109,-0.0240504,-2.582276,-0.004233394,0.9761431,-0.1830479,0.1167053,20.87766,165.7879,356.8716,0.7197371,-0.01222882,-0.6941367,0.110546,-0.003925564,-0.0905905,3.363974,-0.9132177,-4.317043,-0.2274145,-0.1897271,2.08006,-0.9727238,-0.0509901,-0.2262923,0.0344605,0.9329511,-0.35835,0.2293919,-0.3563737,-0.9057466,moving,-34.13257,32.49896,-6.239408,-5.211659
05/15/2023 12:32:18.190150,4572,True,True,True,True,Eyes,2.632797,-0.02828166,-2.604075,0.318064,-0.4502948,-0.834308,0.0,0.0,0.0,0.0,0.0,0.0,0.0,2.001141,-1.020226,-2.92366,2.624165,-0.02410613,-2.589669,-0.002344214,0.9761229,-0.1868634,0.1107286,21.36354,166.5227,357.1713,0.7196117,-0.01208707,-0.6942689,0.1039133,-0.00369003,-0.08515507,3.336842,-0.9142758,-4.336956,-0.2263595,-0.1869871,2.080204,-0.9754675,-0.04595875,-0.2152934,0.03680578,0.9301531,-0.3653224,0.2170456,-0.3642842,-0.9056426,moving,-20.86839,28.35674,-6.210264,-5.136446
05/15/2023 12:32:18.210037,4573,True,True,True,True,Eyes,2.632861,-0.02831586,-2.604385,0.3180515,-0.4501139,-0.8344105,0.0,0.0,0.0,0.0,0.0,0.0,0.0,2.037051,-1.024654,-2.906797,2.627283,-0.02430247,-2.59726,-0.001873136,0.9765884,-0.1877043,0.1050656,21.48306,167.2153,357.3452,0.7186029,-0.01157712,-0.695322,0.3535591,0.02668699,-0.4946716,3.31112,-0.9258515,-4.349525,-0.2253105,-0.1842638,2.080345,-0.9779153,-0.04310109,-0.2045085,0.03578395,0.9295272,-0.3670132,0.2059148,-0.366226,-0.9074566,moving,-20.8653,28.34417,-6.181289,-5.061688
05/15/2023 12:32:18.229429,4574,True,True,True,True,Eyes,2.633026,-0.0283934,-2.604992,0.3177164,-0.4500028,-0.8345981,0.0,0.0,0.0,0.0,0.0,0.0,0.0,2.067472,-1.027261,-2.893548,2.63006,-0.02514714,-2.604702,-0.001327116,0.9770151,-0.1881423,0.1002115,21.55349,167.8146,357.5165,0.7177486,-0.01114459,-0.696211,0.3323455,0.02508577,-0.4649913,3.287824,-0.9406024,-4.359214,-0.2242856,-0.1816011,2.080484,-0.979912,-0.04030127,-0.1953169,0.03511481,0.9292014,-0.3679017,0.1963157,-0.3673697,-0.9091205,moving,-20.84092,28.33288,-6.152982,-4.988584
05/15/2023 12:32:18.239648,4575,True,True,True,True,Eyes,2.63322,-0.02850156,-2.605911,0.3175015,-0.4495842,-0.8349053,0.0,0.0,0.0,0.0,0.0,0.0,0.0,2.093245,-1.031761,-2.882755,2.63272,-0.026246,-2.612387,-0.0004987773,0.9773461,-0.1886022,0.09604053,21.62705,168.3374,357.7065,0.7170194,-0.01077751,-0.6969681,0.3124048,0.02358062,-0.4370919,3.267675,-0.9430797,-4.373955,-0.2233001,-0.179042,2.08062,-0.9815522,-0.03720187,-0.1875415,0.03525195,0.9288579,-0.3687551,0.1879178,-0.3685634,-0.9104111,moving,-20.82104,28.30181,-6.125755,-4.918315
05/15/2023 12:32:18.259828,4576,True,True,True,True,Eyes,2.633498,-0.02864264,-2.607131,0.3170657,-0.449072,-0.8353464,0.0,0.0,0.0,0.0,0.0,0.0,0.0,2.116113,-1.027928,-2.876939,2.635093,-0.02711013,-2.620475,-0.0003746559,0.9778185,-0.1879822,0.09237868,21.56494,168.7899,357.8146,0.7163911,-0.01046683,-0.6976185,0.2936605,0.02216579,-0.4108663,3.250121,-0.944379,-4.388118,-0.2222277,-0.1762566,2.080765,-0.9829324,-0.03546378,-0.1805183,0.0339984,0.9293251,-0.3676941,0.1808,-0.3675556,-0.9122581,moving,-20.78486,28.26193,-6.096135,-4.841828
05/15/2023 12:32:18.279469,4577,True,True,True,True,Eyes,2.633779,-0.02884188,-2.608659,0.3167899,-0.4482883,-0.8358719,0.0,0.0,0.0,0.0,0.0,0.0,0.0,2.138496,-1.014623,-2.874942,2.637445,-0.0280662,-2.628881,-0.001249818,0.9784318,-0.1864466,0.0889236,21.38471,169.2002,357.8086,0.7158183,-0.01019329,-0.6982105,0.2760409,0.02083584,-0.3862144,3.234794,-0.9462961,-4.40132,-0.2212403,-0.1736936,2.080902,-0.9841821,-0.03560473,-0.1735453,0.03071328,0.9304722,-0.3650728,0.1744774,-0.3646283,-0.9146606,moving,-20.75637,28.2052,-6.068857,-4.771438
05/15/2023 12:32:18.289833,4578,True,True,True,True,Eyes,2.634117,-0.02910457,-2.610464,0.3162768,-0.4475484,-0.8364624,0.0,0.0,0.0,0.0,0.0,0.0,0.0,2.161585,-0.9990718,-2.872924,2.63957,-0.02968363,-2.637438,-0.002305957,0.9790628,-0.184795,0.08533236,21.18978,169.6231,357.7839,0.7152855,-0.009952233,-0.6987599,0.2594784,0.01958569,-0.3630415,3.221964,-0.9430825,-4.416314,-0.2201892,-0.1709642,2.081046,-0.9854261,-0.03605334,-0.1662392,0.02702263,0.931691,-0.3622453,0.1679437,-0.3614582,-0.9171384,moving,-20.71222,28.14897,-6.039823,-4.696475
05/15/2023 12:32:18.309666,4579,True,True,True,True,Eyes,2.634484,-0.02940792,-2.612551,0.315656,-0.446832,-0.8370797,0.0,0.0,0.0,0.0,0.0,0.0,0.0,2.183306,-0.996025,-2.866962,2.641331,-0.03146762,-2.645893,-0.002675357,0.9793456,-0.184873,0.08183501,21.20287,170.0383,357.8179,0.714786,-0.009742066,-0.6992738,0.2439097,0.01841055,-0.341259,3.211095,-0.9357288,-4.432975,-0.2191674,-0.1683103,2.081182,-0.9865917,-0.03549836,-0.1593003,0.02501797,0.9316297,-0.362547,0.1612787,-0.3616712,-0.91825,moving,-20.66105,28.09324,-6.011607,-4.623588
05/15/2023 12:32:18.329498,4580,True,True,True,True,Eyes,2.634888,-0.02974811,-2.614928,0.3147645,-0.4461332,-0.8377879,0.0,0.0,0.0,0.0,0.0,0.0,0.0,2.205766,-0.9992027,-2.858058,2.642705,-0.03274886,-2.654683,-0.002967092,0.9794409,-0.185955,0.0781506,21.33376,170.4717,357.8542,0.7143125,-0.00956054,-0.69976,0.2292751,0.01730592,-0.3207835,3.199592,-0.9284376,-4.450042,-0.2181313,-0.1656204,2.081323,-0.9877672,-0.03487716,-0.1519843,0.0232528,0.9308239,-0.3647275,0.1541913,-0.3638,-0.9186265,moving,-20.59165,28.03589,-5.982996,-4.549701
05/15/2023 12:32:18.339417,4581,True,True,True,True,Eyes,2.635317,-0.03011727,-2.617588,0.3131307,-0.4455718,-0.8386984,0.0,0.0,0.0,0.0,0.0,0.0,0.0,2.231753,-0.992866,-2.850023,2.644041,-0.03397657,-2.664025,-0.003687475,0.9798119,-0.1857242,0.07390235,21.30943,170.9719,357.8669,0.713859,-0.009405685,-0.700225,0.2155186,0.01626756,-0.3015365,3.187155,-0.9284087,-4.463516,-0.2171177,-0.1629878,2.08146,-0.9890494,-0.03467696,-0.1434511,0.02022484,0.9309859,-0.3644945,0.1461905,-0.3634045,-0.9200898,moving,-20.47328,27.98018,-5.955005,-4.477385
05/15/2023 12:32:18.359948,4582,True,True,True,True,Eyes,2.635758,-0.03051887,-2.620528,0.3112095,-0.4450103,-0.839711,0.0,0.0,0.0,0.0,0.0,0.0,0.0,2.257841,-0.9874996,-2.841098,2.645062,-0.03507435,-2.673434,-0.004128518,0.9801853,-0.1854289,0.06954016,21.28057,171.4922,357.9161,0.7134212,-0.009276023,-0.7006727,0.2025875,0.01529151,-0.2834443,3.173378,-0.9317011,-4.475594,-0.2160781,-0.1602902,2.081601,-0.9902945,-0.03388294,-0.1347934,0.01769609,0.9311982,-0.3640836,0.1378556,-0.3629352,-0.9215608,moving,-20.33546,27.92164,-5.926296,-4.403276
05/15/2023 12:32:18.379403,4583,True,True,True,True,Eyes,2.636147,-0.03094853,-2.623749,0.3086525,-0.4445332,-0.8409065,0.0,0.0,0.0,0.0,0.0,0.0,0.0,2.286057,-0.9817928,-2.830358,2.645854,-0.03626442,-2.683102,-0.004166096,0.9806346,-0.1848003,0.0647088,21.21717,172.0799,358.0275,0.7129935,-0.009169593,-0.7011095,0.1904323,0.01437402,-0.2664376,3.157898,-0.9298216,-4.491088,-0.21507,-0.1576717,2.081738,-0.991591,-0.03208725,-0.1253716,0.01574558,0.9316629,-0.3629824,0.1284512,-0.361904,-0.9233234,moving,-20.15553,27.86253,-5.898456,-4.331336
05/15/2023 12:32:18.389685,4584,True,True,True,True,Eyes,2.636527,-0.03142287,-2.627232,0.3058057,-0.4440725,-0.842189,0.0,0.0,0.0,0.0,0.0,0.0,0.0,2.314349,-0.9760299,-2.818951,2.646216,-0.03737962,-2.692857,-0.003717263,0.9811525,-0.1837417,0.05970826,21.10716,172.7005,358.2041,0.7125705,-0.009084817,-0.7015406,0.1790063,0.01351157,-0.2504514,3.141274,-0.9277248,-4.506737,-0.2140328,-0.1549776,2.081881,-0.9928422,-0.02923619,-0.1157998,0.01464739,0.9324504,-0.3610011,0.1185318,-0.3601133,-0.9253479,moving,-19.95637,27.80195,-5.869809,-4.25731
05/15/2023 12:32:18.409841,4585,True,True,True,True,Eyes,2.636894,-0.03192723,-2.63096,0.3024605,-0.4438638,-0.8435062,0.0,0.0,0.0,0.0,0.0,0.0,0.0,2.343946,-0.9724206,-2.805322,2.646441,-0.03893687,-2.702654,-0.003367009,0.9815447,-0.1832788,0.05447681,21.06494,173.3431,358.3679,0.7121474,-0.009020541,-0.701971,0.1682659,0.01270088,-0.2354243,3.122097,-0.9247946,-4.523504,-0.2129935,-0.1522782,2.082024,-0.9940422,-0.02657862,-0.1057086,0.01335915,0.9327951,-0.3601595,0.108177,-0.3594258,-0.9268826,moving,-19.72658,27.75392,-5.841106,-4.183139
05/15/2023 12:32:18.429865,4586,True,True,True,True,Eyes,2.637235,-0.03246335,-2.63493,0.2988559,-0.4437555,-0.8448469,0.0,0.0,0.0,0.0,0.0,0.0,0.0,2.37381,-0.975383,-2.788344,2.646319,-0.0401547,-2.712304,-0.003369648,0.9816309,-0.1843054,0.04920408,21.19284,173.9763,358.4787,0.7117226,-0.008975716,-0.7024022,0.15817,0.01193883,-0.2212988,3.101263,-0.9204711,-4.541042,-0.2119524,-0.1495767,2.082165,-0.9951352,-0.02475265,-0.09535839,0.01152166,0.9320403,-0.3621713,0.09784257,-0.3615081,-0.9272209,moving,-19.48071,27.71069,-5.812359,-4.108905
05/15/2023 12:32:18.439807,4587,True,True,True,True,Eyes,2.637567,-0.03302881,-2.639102,0.2948957,-0.4437961,-0.846216,0.0,0.0,0.0,0.0,0.0,0.0,0.0,2.403869,-0.9774662,-2.771163,2.646119,-0.04143903,-2.722078,-0.003445594,0.9817038,-0.1852574,0.04387979,21.3112,174.615,358.5839,0.7112899,-0.008948895,-0.7028408,0.1486798,0.0112225,-0.2080209,3.079405,-0.9188018,-4.557497,-0.210926,-0.1469106,2.082304,-0.9961254,-0.02302322,-0.08487727,0.009493005,0.9313357,-0.3640381,0.08743056,-0.3634334,-0.9275086,moving,-19.21281,27.67466,-5.78402,-4.035642
05/15/2023 12:32:18.459446,4588,True,True,True,True,Eyes,2.63786,-0.03359786,-2.643492,0.2907986,-0.443891,-0.847583,0.0,0.0,0.0,0.0,0.0,0.0,0.0,2.428937,-0.9793009,-2.757273,2.645778,-0.04269935,-2.731181,-0.002749447,0.9818791,-0.185377,0.03926191,21.33496,175.1891,358.7724,0.7108497,-0.008939205,-0.7032862,0.139759,0.01054915,-0.1955396,3.0573,-0.9222535,-4.570915,-0.2099134,-0.1442809,2.082441,-0.996902,-0.01995576,-0.07608154,0.009157264,0.9312556,-0.3642515,0.07812026,-0.3638197,-0.9281879,moving,-18.93666,27.64168,-5.756065,-3.963377
05/15/2023 12:32:18.479717,4589,True,True,True,True,Eyes,2.638123,-0.03414269,-2.648094,0.2866153,-0.4439839,-0.8489582,0.0,0.0,0.0,0.0,0.0,0.0,0.0,2.449688,-0.9828005,-2.746639,2.6452,-0.04334731,-2.74079,-0.002433375,0.9819314,-0.1858803,0.03540194,21.39965,175.6618,358.8959,0.7103986,-0.008944929,-0.703742,0.1313735,0.009916198,-0.1838073,3.034925,-0.9253806,-4.584415,-0.2088788,-0.1415936,2.082581,-0.9974815,-0.01793986,-0.06861992,0.008382227,0.9308853,-0.3652156,0.07042919,-0.364871,-0.9283906,moving,-18.65511,27.60844,-5.727499,-3.889524
05/15/2023 12:32:18.490027,4590,True,True,True,True,Eyes,2.638349,-0.03462599,-2.652907,0.282417,-0.4439654,-0.8503736,0.0,0.0,0.0,0.0,0.0,0.0,0.0,2.468721,-0.9742205,-2.741715,2.644515,-0.04331063,-2.750519,-0.003789977,0.9821166,-0.1854825,0.03207781,21.35145,176.0342,358.8099,0.7099349,-0.008963803,-0.7042094,0.123491,0.009321227,-0.1727788,3.014423,-0.9256787,-4.597911,-0.2078582,-0.1389443,2.082721,-0.9979133,-0.01934414,-0.06160234,0.004455345,0.9311638,-0.364574,0.06441424,-0.3640877,-0.9291346,moving,-18.37181,27.56828,-5.699319,-3.81671
05/15/2023 12:32:18.515424,4591,True,True,True,True,Eyes,2.638556,-0.03504166,-2.65793,0.2782419,-0.443771,-0.8518502,0.0,0.0,0.0,0.0,0.0,0.0,0.0,2.488746,-0.9546244,-2.7398,2.64388,-0.04233402,-2.760393,-0.006718928,0.9824166,-0.1843415,0.02882373,21.21158,176.3646,358.5354,0.709456,-0.008992839,-0.7046915,0.1160816,0.008761954,-0.1624121,2.997024,-0.9263785,-4.610579,-0.2067918,-0.1361752,2.082866,-0.9982483,-0.02382839,-0.05415666,-0.002574751,0.931946,-0.3625877,0.05911098,-0.361813,-0.9303749,moving,-18.08871,27.51724,-5.669878,-3.740602
05/15/2023 12:32:18.529505,4592,True,True,True,True,Eyes,2.638724,-0.03537204,-2.663153,0.2740753,-0.4432852,-0.8534524,0.0,0.0,0.0,0.0,0.0,0.0,0.0,2.50681,-0.9230062,-2.743657,2.643261,-0.04119402,-2.770409,-0.0101282,0.9830236,-0.181353,0.02594547,20.85616,176.6453,358.2018,0.7089606,-0.009029162,-0.7051895,0.1091167,0.008236236,-0.1526674,2.983476,-0.9221537,-4.624509,-0.2058112,-0.1336284,2.082999,-0.9984486,-0.02932311,-0.04733646,-0.01050195,0.9340169,-0.3570742,0.05468358,-0.356023,-0.9328759,moving,-17.80376,27.44747,-5.642808,-3.670605
05/15/2023 12:32:18.539557,4593,True,True,True,True,Eyes,2.638882,-0.03564411,-2.668562,0.2698539,-0.4425666,-0.8551688,0.0,0.0,0.0,0.0,0.0,0.0,0.0,2.524168,-0.8896429,-2.748122,2.642455,-0.0394444,-2.780457,-0.0130904,0.9837537,-0.1775549,0.02306098,20.41006,176.9406,357.9244,0.7084479,-0.009069668,-0.705704,0.1025697,0.007742062,-0.1435073,2.971759,-0.9131646,-4.639939,-0.2047647,-0.1309112,2.083142,-0.9985936,-0.03394463,-0.04072412,-0.01756628,0.9366058,-0.3499442,0.05002118,-0.3487367,-0.9358849,moving,-17.51342,27.36245,-5.613916,-3.595918
05/15/2023 12:32:18.559422,4594,True,True,True,True,Eyes,2.638993,-0.03588805,-2.67414,0.2655115,-0.4415261,-0.8570638,0.0,0.0,0.0,0.0,0.0,0.0,0.0,2.541324,-0.8577894,-2.75155,2.641542,-0.03843275,-2.790327,-0.01470889,0.984612,-0.1729856,0.01998023,19.88051,177.2917,357.8136,0.7079161,-0.009112414,-0.706237,0.0964155,0.007277538,-0.1348969,2.961909,-0.8966025,-4.658459,-0.2036967,-0.1281385,2.083286,-0.9987691,-0.03587767,-0.03425669,-0.0220525,0.9397193,-0.3412352,0.04443439,-0.3400597,-0.9393538,moving,-17.21256,27.25577,-5.584436,-3.519708
05/15/2023 12:32:18.579505,4595,True,True,True,True,Eyes,2.639101,-0.03606794,-2.679846,0.2607184,-0.4406377,-0.8589903,0.0,0.0,0.0,0.0,0.0,0.0,0.0,2.562518,-0.8276475,-2.749988,2.640682,-0.03817827,-2.799869,-0.01505725,0.9855635,-0.1678732,0.01602271,19.29407,177.7753,357.8712,0.7073652,-0.009156322,-0.7067881,0.09063058,0.006840886,-0.1268031,2.951134,-0.8763663,-4.678274,-0.2025492,-0.1251585,2.083443,-0.9990335,-0.03505931,-0.02652738,-0.02430018,0.9431837,-0.3313818,0.03663821,-0.3304168,-0.943124,moving,-16.88395,27.15654,-5.552758,-3.437794
05/15/2023 12:32:18.589713,4596,True,True,True,True,Eyes,2.639163,-0.03617586,-2.685705,0.2557271,-0.4399694,-0.8608314,0.0,0.0,0.0,0.0,0.0,0.0,0.0,2.583755,-0.8391377,-2.734705,2.639808,-0.03682375,-2.808668,-0.01511659,0.9852643,-0.1699355,0.01215054,19.54186,178.2317,357.9375,0.7067947,-0.009199603,-0.7073581,0.08519274,0.006430433,-0.1191949,2.938169,-0.8550063,-4.698777,-0.2015874,-0.122661,2.083574,-0.9992477,-0.03391728,-0.0188053,-0.02565804,0.9417868,-0.3352302,0.02908068,-0.3344954,-0.9419484,moving,-16.5451,27.0715,-5.526212,-3.369142
05/15/2023 12:32:18.615275,4597,True,True,True,True,Eyes,2.639256,-0.03624034,-2.691674,0.250137,-0.4395182,-0.8627023,0.0,0.0,0.0,0.0,0.0,0.0,0.0,2.614083,-0.8470417,-2.712246,2.638875,-0.03516422,-2.818206,-0.0159717,0.9848956,-0.1722788,0.006759774,19.82432,178.8538,357.9416,0.7062042,-0.00924037,-0.7079471,0.08008117,0.006044607,-0.1120432,2.920406,-0.8330361,-4.719892,-0.200653,-0.1202336,2.083703,-0.9993987,-0.03379004,-0.007812175,-0.02913177,0.9401299,-0.3395692,0.01881851,-0.3391373,-0.9405488,moving,-16.1693,26.99733,-5.500414,-3.302413
05/15/2023 12:32:18.629563,4598,True,True,True,True,Eyes,2.6393,-0.03627672,-2.697725,0.2443084,-0.4394051,-0.8644284,0.0,0.0,0.0,0.0,0.0,0.0,0.0,2.647776,-0.8533777,-2.685529,2.637987,-0.03421079,-2.826815,-0.01522631,0.9847746,-0.1731672,0.0005140495,19.9406,179.6169,358.161,0.7055951,-0.009277658,-0.7085537,0.0752763,0.00568193,-0.1053206,2.902911,-0.8378361,-4.728363,-0.1996359,-0.1175941,2.083839,-0.999536,-0.03016701,0.00426095,-0.02981094,0.9395626,-0.341077,0.006285843,-0.3410457,-0.9400259,moving,-15.78158,26.94508,-5.472348,-3.22986
05/15/2023 12:32:18.639566,4599,True,True,True,True,Eyes,2.639306,-0.03627037,-2.703863,0.2381,-0.4395896,-0.8660655,0.0,0.0,0.0,0.0,0.0,0.0,0.0,2.673163,-0.8896279,-2.655867,2.636955,-0.03348197,-2.834821,-0.01176145,0.9841595,-0.1768343,-0.004655871,20.37578,180.3059,358.6856,0.7049675,-0.009311074,-0.7091777,0.07075972,0.005341014,-0.09900136,2.879913,-0.843218,-4.737727,-0.1985939,-0.1148873,2.08398,-0.9996802,-0.02150364,0.01332389,-0.02479691,0.9371827,-0.3479567,-0.005004584,-0.3481757,-0.9374161,moving,-15.37207,26.91102,-5.44359,-3.155452
05/15/2023 12:32:18.660012,4600,True,True,True,True,Eyes,2.639266,-0.03616316,-2.710103,0.231815,-0.4398021,-0.8676612,0.0,0.0,0.0,0.0,0.0,0.0,0.0,2.692954,-0.9172198,-2.634058,2.635817,-0.03238018,-2.843056,-0.008274119,0.983842,-0.1786246,-0.008926526,20.58671,180.8941,359.1987,0.7043218,-0.009339861,-0.7098186,0.06651413,0.005020554,-0.09306128,2.851946,-0.844551,-4.748474,-0.1976015,-0.11231,2.084117,-0.9997039,-0.01309186,0.0205205,-0.01946984,0.9360496,-0.3513291,-0.01460866,-0.3516245,-0.9360274,moving,-14.95846,26.87964,-5.416199,-3.084602
05/15/2023 12:32:18.679324,4601,True,True,True,True,Eyes,2.636829,-0.03192247,-2.869296,0.06680791,-0.4335802,-0.898635,0.0,0.0,0.0,0.0,0.0,0.0,0.0,2.713517,-0.9239706,-2.618785,2.634729,-0.02983727,-2.85171,-0.007517401,0.9837584,-0.1788726,-0.01293991,20.61761,181.394,359.3779,0.703658,-0.009361809,-0.7104764,0.06252328,0.004719321,-0.08747761,2.825726,-0.8576342,-4.753131,-0.1965476,-0.1095731,2.08426,-0.999552,-0.01016142,0.0281488,-0.0194198,0.9358962,-0.3517403,-0.02277018,-0.3521294,-0.9356742,moving,-4.251762,25.75673,-5.387112,-3.009366
05/15/2023 12:32:18.689545,4602,True,True,True,True,Eyes,2.636791,-0.03186015,-2.869644,0.06649959,-0.4332541,-0.8988152,0.0,0.0,0.0,0.0,0.0,0.0,0.0,2.741155,-0.8952348,-2.609177,2.633709,-0.02823837,-2.86111,-0.009515886,0.9842703,-0.1755107,-0.01782443,20.23302,181.939,359.2382,0.7007292,-0.009222371,-0.713367,0.05146126,0.01715821,-0.5598074,2.802893,-0.8627771,-4.760581,-0.1955039,-0.1068635,2.084403,-0.9991837,-0.01247565,0.03842839,-0.02498916,0.938211,-0.3451606,-0.03174783,-0.345839,-0.9377569,moving,-4.231367,25.73537,-5.358307,-2.934879
05/15/2023 12:32:18.709974,4603,True,True,True,True,Eyes,2.636791,-0.03186015,-2.869644,0.06649959,-0.4332541,-0.8988152,0.0,0.0,0.0,0.0,0.0,0.0,0.0,2.767924,-0.8576369,-2.602129,2.632838,-0.02676308,-2.86975,-0.01209904,0.9849176,-0.1711304,-0.0224777,19.73332,182.4439,359.0175,0.6982343,-0.009108355,-0.7158107,0.04837358,0.01612872,-0.5262189,2.783663,-0.8593752,-4.770999,-0.1944633,-0.1041622,2.084543,-0.9986967,-0.01613989,0.0484184,-0.03152636,0.941136,-0.3365549,-0.04013634,-0.3376427,-0.9404182,moving,-4.231367,25.73537,-5.329596,-2.860623
05/15/2023 12:32:18.729517,4604,True,True,True,True,Eyes,2.636791,-0.03186015,-2.869644,0.06649959,-0.4332541,-0.8988152,0.0,0.0,0.0,0.0,0.0,0.0,0.0,2.792584,-0.8217536,-2.596733,2.632225,-0.02603099,-2.878808,-0.01491254,0.9854236,-0.1673487,-0.02669239,19.3061,182.892,358.758,0.6960964,-0.009015381,-0.717891,0.04547117,0.015161,-0.4946457,2.763357,-0.8420523,-4.78842,-0.1934525,-0.1015375,2.084681,-0.9981304,-0.02045647,0.05759782,-0.03832422,0.9435441,-0.3290226,-0.04761544,-0.3306148,-0.942564,moving,-4.231367,25.73537,-5.301703,-2.788472
05/15/2023 12:32:18.739676,4605,True,True,True,True,Eyes,2.636638,-0.03174524,-2.871027,0.06570611,-0.4319176,-0.8995165,0.0,0.0,0.0,0.0,0.0,0.0,0.0,2.815283,-0.7838745,-2.593033,2.631564,-0.02557905,-2.887614,-0.01806688,0.985894,-0.1635652,-0.03054885,18.88197,183.2915,358.4478,0.694167,-0.008931633,-0.7197579,0.0427429,0.01425134,-0.464967,2.744437,-0.8205985,-4.806409,-0.1924112,-0.09883314,2.084824,-0.9974807,-0.02563059,0.06614607,-0.04561751,0.94584,-0.321412,-0.05432562,-0.3236197,-0.9446263,moving,-4.17781,25.64875,-5.272967,-2.714132
05/15/2023 12:32:18.759935,4606,True,True,True,True,Eyes,2.636457,-0.03165561,-2.872686,0.06466473,-0.4308299,-0.9001134,0.0,0.0,0.0,0.0,0.0,0.0,0.0,2.836996,-0.7662302,-2.583017,2.630751,-0.02558543,-2.895881,-0.02082302,0.9857696,-0.163245,-0.03429292,18.86092,183.6845,358.192,0.6924067,-0.008853065,-0.7214524,0.04017832,0.01339626,-0.437069,2.727674,-0.8022019,-4.823388,-0.1913964,-0.09619886,2.084959,-0.9967809,-0.0298571,0.07440834,-0.05224969,0.945835,-0.3204157,-0.06081132,-0.323272,-0.9443502,moving,-4.109107,25.57763,-5.244972,-2.641722
05/15/2023 12:32:18.779617,4607,True,True,True,True,Eyes,2.636254,-0.03155097,-2.874595,0.06331693,-0.4299312,-0.9006387,0.0,0.0,0.0,0.0,0.0,0.0,0.0,2.86029,-0.7692553,-2.564919,2.629985,-0.02606179,-2.90419,-0.02255123,0.9851363,-0.1658969,-0.03841971,19.18352,184.1418,358.0775,0.6907957,-0.00877979,-0.7229959,0.03776762,0.01259248,-0.4108449,2.712452,-0.7839565,-4.83978,-0.1903746,-0.09354383,2.085099,-0.9960308,-0.03168464,0.08317966,-0.05717949,0.9439393,-0.3251293,-0.06821493,-0.328595,-0.9420043,moving,-4.021406,25.51806,-5.216779,-2.568738
05/15/2023 12:32:18.789531,4608,True,True,True,True,Eyes,2.636026,-0.03142939,-2.876754,0.06170218,-0.4294278,-0.9009908,0.0,0.0,0.0,0.0,0.0,0.0,0.0,2.883439,-0.7953198,-2.539078,2.62921,-0.02553546,-2.91209,-0.02308776,0.983987,-0.1715203,-0.04263027,19.84738,184.633,358.1228,0.6893163,-0.008710871,-0.7244074,0.03550157,0.01183693,-0.3861942,2.697389,-0.7798993,-4.850079,-0.1893114,-0.09078246,2.085244,-0.9952995,-0.03081221,0.09181532,-0.06006003,0.9400955,-0.3355789,-0.07597524,-0.3395159,-0.9375271,moving,-3.917646,25.48328,-5.187445,-2.492835
05/15/2023 12:32:18.814456,4609,True,True,True,True,Eyes,2.635771,-0.03130247,-2.879139,0.05973644,-0.4287551,-0.9014436,0.0,0.0,0.0,0.0,0.0,0.0,0.0,2.907275,-0.8174846,-2.513348,2.628456,-0.02492468,-2.920281,-0.02341902,0.9829426,-0.1762508,-0.04702237,20.40729,185.1534,358.1985,0.687952,-0.008645399,-0.7257039,0.03337147,0.01112672,-0.3630225,2.680299,-0.7885038,-4.855649,-0.1882781,-0.08809942,2.085385,-0.9944811,-0.02946365,0.1006958,-0.06261457,0.9367744,-0.3442864,-0.08418533,-0.3486913,-0.9334494,moving,-3.791306,25.43724,-5.158939,-2.419086
05/15/2023 12:32:18.829843,4610,True,True,True,True,Eyes,2.635491,-0.03116403,-2.881734,0.05755739,-0.4283977,-0.9017552,0.0,0.0,0.0,0.0,0.0,0.0,0.0,2.930131,-0.8266782,-2.492153,2.627832,-0.0246529,-2.928102,-0.02362314,0.9823163,-0.1785106,-0.05129029,20.67895,185.6638,358.2789,0.6866886,-0.008582876,-0.7269003,0.03136918,0.01045911,-0.3412412,2.662255,-0.8081303,-4.855856,-0.1872428,-0.08541137,2.085526,-0.9936226,-0.02809906,0.1092005,-0.06472251,0.9351518,-0.3482845,-0.09233262,-0.353131,-0.9310066,moving,-3.652131,25.41104,-5.130376,-2.345201
05/15/2023 12:32:18.839529,4611,True,True,True,True,Eyes,2.635207,-0.03101941,-2.884555,0.05493557,-0.4277321,-0.9022347,0.0,0.0,0.0,0.0,0.0,0.0,0.0,2.951704,-0.8428311,-2.469308,2.627015,-0.02417929,-2.935746,-0.02407307,0.9813967,-0.1822698,-0.05530755,21.12604,186.1407,358.3359,0.6855133,-0.00852269,-0.7280096,0.02948703,0.009831567,-0.3207667,2.643242,-0.8242047,-4.857406,-0.1862155,-0.0827449,2.085666,-0.9927234,-0.02708867,0.1173329,-0.06741225,0.9323964,-0.3550951,-0.0997817,-0.3604208,-0.9274378,moving,-3.484343,25.36473,-5.102038,-2.271911
05/15/2023 12:32:18.859755,4612,True,True,True,True,Eyes,2.634892,-0.03088531,-2.887573,0.05203783,-0.4270263,-0.9027406,0.0,0.0,0.0,0.0,0.0,0.0,0.0,2.976241,-0.8404106,-2.449107,2.625933,-0.02394745,-2.943863,-0.024693,0.980993,-0.1828795,-0.0599835,21.20891,186.693,358.3706,0.6844145,-0.008464424,-0.7290434,0.02771781,0.009241673,-0.3015207,2.624441,-0.8309093,-4.862329,-0.1851939,-0.08009148,2.085805,-0.9915844,-0.02650781,0.1267185,-0.07038683,0.9318907,-0.3558447,-0.1086551,-0.3617694,-0.925914,moving,-3.299123,25.3157,-5.073858,-2.198983
05/15/2023 12:32:18.879396,4613,True,True,True,True,Eyes,2.634582,-0.030749,-2.890799,0.04872871,-0.4260581,-0.9033826,0.0,0.0,0.0,0.0,0.0,0.0,0.0,3.000577,-0.832671,-2.430279,2.62499,-0.02407062,-2.951592,-0.0244439,0.9809129,-0.1817026,-0.06478267,21.07783,187.2781,358.5008,0.6833819,-0.008408134,-0.7300119,0.02605474,0.008687173,-0.2834294,2.606915,-0.8431846,-4.86445,-0.1841609,-0.07740915,2.085946,-0.9904116,-0.02441231,0.1359753,-0.07149702,0.9327734,-0.3533016,-0.1182093,-0.3596358,-0.925575,moving,-3.087558,25.24975,-5.045366,-2.125263
05/15/2023 12:32:18.889526,4614,True,True,True,True,Eyes,2.634232,-0.03061498,-2.894227,0.04520037,-0.4250122,-0.9040583,0.0,0.0,0.0,0.0,0.0,0.0,0.0,3.022654,-0.8358836,-2.410441,2.62399,-0.02394442,-2.959641,-0.02364025,0.9805988,-0.1818658,-0.0692234,21.09699,187.8337,358.6989,0.6824066,-0.00835354,-0.7309245,0.02449146,0.008165943,-0.2664237,2.586161,-0.8435014,-4.871978,-0.1831658,-0.07482558,2.08608,-0.9892985,-0.02118445,0.1443595,-0.07154194,0.9327319,-0.3534019,-0.1271621,-0.3599478,-0.9242659,moving,-2.862244,25.17896,-5.01792,-2.054261
05/15/2023 12:32:18.909839,4615,True,True,True,True,Eyes,2.633877,-0.03050675,-2.897842,0.0413306,-0.4236266,-0.9048935,0.0,0.0,0.0,0.0,0.0,0.0,0.0,3.044067,-0.8268859,-2.395365,2.622784,-0.02388535,-2.967877,-0.0231814,0.9806291,-0.1800509,-0.07355774,20.88766,188.365,358.8362,0.6814796,-0.0083005,-0.7317895,0.02302197,0.007675986,-0.2504382,2.563935,-0.8372192,-4.881814,-0.182142,-0.0721674,2.086221,-0.9881037,-0.01897644,0.1526134,-0.07195299,0.9340886,-0.349716,-0.1359181,-0.3565367,-0.9243418,moving,-2.615141,25.08668,-4.989679,-1.981209
05/15/2023 12:32:18.929362,4616,True,True,True,True,Eyes,2.633473,-0.03040648,-2.901628,0.03730576,-0.4224223,-0.9056311,0.0,0.0,0.0,0.0,0.0,0.0,0.0,3.066563,-0.8117467,-2.380338,2.62159,-0.02449785,-2.975804,-0.02347258,0.9806457,-0.178034,-0.07801913,20.66108,188.8938,358.882,0.6805944,-0.008249537,-0.7326135,0.02164065,0.007215427,-0.2354119,2.542778,-0.8358054,-4.889616,-0.1810689,-0.06938142,2.086365,-0.9867243,-0.01825645,0.1613761,-0.07381669,0.9355059,-0.345514,-0.1446604,-0.3528392,-0.9244341,moving,-2.358858,25.00622,-4.960086,-1.904651
05/15/2023 12:32:18.944598,4617,True,True,True,True,Eyes,2.633009,-0.03032134,-2.905591,0.03299313,-0.4210441,-0.9064399,0.0,0.0,0.0,0.0,0.0,0.0,0.0,3.089194,-0.8094785,-2.359946,2.620108,-0.02456567,-2.983646,-0.02491848,0.9799722,-0.1795809,-0.08236612,20.85925,189.3914,358.8192,0.6797436,-0.008200599,-0.7334036,0.02034221,0.006782501,-0.2212872,2.521941,-0.8268009,-4.90063,-0.1800842,-0.06682408,2.086499,-0.9851899,-0.01925607,0.1703828,-0.0784216,0.9342595,-0.3478638,-0.1524833,-0.3560735,-0.9219331,moving,-2.084565,24.91501,-4.932931,-1.834379
05/15/2023 12:32:18.960347,4618,True,True,True,True,Eyes,2.632496,-0.0302739,-2.909714,0.02847669,-0.4196364,-0.9072455,0.0,0.0,0.0,0.0,0.0,0.0,0.0,3.11453,-0.7909301,-2.341381,2.618424,-0.0249057,-2.991849,-0.02663325,0.9796976,-0.1784959,-0.08730759,20.75634,189.9492,358.7121,0.6789208,-0.008153868,-0.7341658,0.01912168,0.006375551,-0.20801,2.501138,-0.8174684,-4.911502,-0.1790459,-0.06412637,2.086641,-0.9833364,-0.02101697,0.1805779,-0.08335315,0.9348598,-0.3450934,-0.1615622,-0.3543945,-0.9210336,moving,-1.797814,24.82238,-4.904296,-1.760252
05/15/2023 12:32:18.980201,4619,True,True,True,True,Eyes,2.631924,-0.03024867,-2.914001,0.02370539,-0.4183434,-0.9079796,0.0,0.0,0.0,0.0,0.0,0.0,0.0,3.140565,-0.769734,-2.32191,2.616823,-0.02579127,-2.999745,-0.02836985,0.9794315,-0.1771063,-0.09242682,20.62017,190.5275,358.602,0.6781209,-0.008110075,-0.7349052,0.01797438,0.005993018,-0.1955294,2.482113,-0.8216073,-4.916469,-0.1780205,-0.06146276,2.086781,-0.981305,-0.02283389,0.1911004,-0.08831137,0.935657,-0.3416826,-0.1710025,-0.3521712,-0.9201815,moving,-1.49553,24.73746,-4.876021,-1.687067
05/15/2023 12:32:18.989296,4620,True,True,True,True,Eyes,2.631292,-0.03024901,-2.918468,0.01872346,-0.4170299,-0.9086999,0.0,0.0,0.0,0.0,0.0,0.0,0.0,3.166569,-0.7591474,-2.298736,2.615183,-0.02633223,-3.007952,-0.03073221,0.9786499,-0.1783401,-0.09744167,20.79677,191.0864,358.4433,0.6773379,-0.008069441,-0.7356273,0.01689592,0.005633437,-0.1837976,2.4602,-0.8157427,-4.925642,-0.176992,-0.05879366,2.086921,-0.9791213,-0.02539661,0.2016841,-0.09490765,0.9345007,-0.3430759,-0.1797609,-0.3550543,-0.9173998,moving,-1.180394,24.65182,-4.847661,-1.613735
05/15/2023 12:32:19.010052,4621,True,True,True,True,Eyes,2.630613,-0.03028398,-2.923102,0.01344511,-0.4156941,-0.9094051,0.0,0.0,0.0,0.0,0.0,0.0,0.0,3.195128,-0.7327823,-2.276914,2.613235,-0.02697775,-3.016692,-0.03340166,0.9782197,-0.1770477,-0.1030762,20.68739,191.7077,358.2328,0.6765679,-0.008032314,-0.7363361,0.01588216,0.00529543,-0.1727698,2.437488,-0.8091491,-4.934719,-0.1759048,-0.05597025,2.087069,-0.9765192,-0.02884952,0.2134896,-0.1018471,0.9350768,-0.3394973,-0.1898348,-0.353269,-0.9160587,moving,-0.8470287,24.5654,-4.817684,-1.536169
05/15/2023 12:32:19.029620,4622,True,True,True,True,Eyes,2.629882,-0.03035776,-2.927896,0.007940531,-0.4144669,-0.9100297,0.0,0.0,0.0,0.0,0.0,0.0,0.0,3.226442,-0.7015616,-2.25183,2.611485,-0.02793276,-3.025264,-0.03661862,0.9776831,-0.1756632,-0.1092581,20.57833,192.3838,357.9666,0.6758066,-0.007999204,-0.7370352,0.01492923,0.004977704,-0.1624036,2.416293,-0.8128192,-4.939724,-0.1748964,-0.053352,2.087206,-0.9734434,-0.03321755,0.2265047,-0.109988,0.9356031,-0.335484,-0.2007745,-0.3514875,-0.9144101,moving,-0.4999258,24.48657,-4.789882,-1.464244
05/15/2023 12:32:19.040371,4623,True,True,True,True,Eyes,2.62908,-0.03045334,-2.932853,0.002261996,-0.4132589,-0.9106108,0.0,0.0,0.0,0.0,0.0,0.0,0.0,3.257886,-0.6791494,-2.222642,2.609621,-0.02894303,-3.03385,-0.03977481,0.9767801,-0.1759785,-0.115543,20.66945,193.0786,357.7314,0.6750506,-0.007970675,-0.7377281,0.01403348,0.004679042,-0.1526594,2.391947,-0.8067762,-4.948724,-0.1738799,-0.05071408,2.087342,-0.9701355,-0.03703629,0.2397193,-0.1183687,0.934899,-0.3345932,-0.2117212,-0.352976,-0.9113627,moving,-0.1423249,24.40979,-4.761863,-1.391785
05/15/2023 12:32:19.059709,4624,True,True,True,True,Eyes,2.628236,-0.03057922,-2.937977,-0.003666854,-0.412015,-0.9111696,0.0,0.0,0.0,0.0,0.0,0.0,0.0,3.289352,-0.6516157,-2.194153,2.607603,-0.02959545,-3.042741,-0.04273442,0.9760326,-0.1750823,-0.121986,20.62181,193.7944,357.5073,0.6742962,-0.007946804,-0.7384179,0.01319147,0.0043983,-0.1434998,2.365902,-0.8008361,-4.957122,-0.172839,-0.04801184,2.087484,-0.9665867,-0.04070521,0.2530886,-0.1261355,0.9350399,-0.3313459,-0.2231605,-0.352198,-0.9089316,moving,0.2305762,24.33165,-4.733166,-1.317563
05/15/2023 12:32:19.079833,4625,True,True,True,True,Eyes,2.627365,-0.03074854,-2.943269,-0.009749794,-0.4107427,-0.9116991,0.0,0.0,0.0,0.0,0.0,0.0,0.0,3.321658,-0.6182464,-2.165484,2.605853,-0.03048591,-3.051812,-0.04588672,0.975333,-0.1734086,-0.1286448,20.49151,194.5311,357.253,0.6735406,-0.007927872,-0.7391074,0.01239998,0.004134402,-0.1348898,2.339681,-0.8018653,-4.962444,-0.1718172,-0.04535729,2.087624,-0.9626901,-0.04489342,0.2668574,-0.1341259,0.9356477,-0.3264562,-0.2350287,-0.3500685,-0.9067602,moving,0.612703,24.25273,-4.704997,-1.244655
05/15/2023 12:32:19.089999,4626,True,True,True,True,Eyes,2.626444,-0.03095084,-2.948722,-0.01612205,-0.4095117,-0.9121624,0.0,0.0,0.0,0.0,0.0,0.0,0.0,3.354675,-0.5880506,-2.133213,2.60384,-0.03174624,-3.060923,-0.04883174,0.9744409,-0.1722943,-0.1356296,20.42783,195.314,357.0376,0.6727816,-0.00791446,-0.7397984,0.01165598,0.003886338,-0.1267964,2.312187,-0.7979051,-4.969442,-0.1708068,-0.04273325,2.087761,-0.9584403,-0.04843086,0.2811529,-0.1419037,0.9358603,-0.3225351,-0.2474992,-0.3490273,-0.9038387,moving,1.012571,24.1775,-4.677144,-1.172593
05/15/2023 12:32:19.109796,4627,True,True,True,True,Eyes,2.625454,-0.03120248,-2.95433,-0.02259238,-0.4082694,-0.9125819,0.0,0.0,0.0,0.0,0.0,0.0,0.0,3.388004,-0.5643718,-2.097559,2.601881,-0.03275363,-3.070175,-0.05095685,0.9734342,-0.1715429,-0.1428379,20.39734,196.1431,356.9298,0.6720167,-0.007906827,-0.7404934,0.01095662,0.003653157,-0.1191886,2.283946,-0.7912443,-4.977271,-0.1697739,-0.04004788,2.087904,-0.9540017,-0.05020062,0.2955691,-0.1482119,0.935953,-0.3194142,-0.260604,-0.3485285,-0.900341,moving,1.418156,24.10271,-4.648668,-1.09885
05/15/2023 12:32:19.129381,4628,True,True,True,True,Eyes,2.624419,-0.03148772,-2.960087,-0.02935317,-0.4070529,-0.9129328,0.0,0.0,0.0,0.0,0.0,0.0,0.0,3.420832,-0.5432534,-2.060849,2.599835,-0.03419034,-3.079611,-0.05200479,0.9725177,-0.1701556,-0.1501734,20.27816,197.0092,356.9417,0.6712442,-0.007905625,-0.7411937,0.01029923,0.003433968,-0.1120373,2.254022,-0.7872263,-4.983596,-0.1686965,-0.03725344,2.088049,-0.949487,-0.05004546,0.3097904,-0.1522568,0.9366852,-0.3153391,-0.2743948,-0.346578,-0.89699,moving,1.841574,24.03085,-4.618977,-1.022121
05/15/2023 12:32:19.139892,4629,True,True,True,True,Eyes,2.596962,-0.03893372,-3.107737,-0.198708,-0.3724463,-0.9065312,0.0,0.0,0.0,0.0,0.0,0.0,0.0,3.452164,-0.5275985,-2.02378,2.59784,-0.03528789,-3.088926,-0.05264139,0.9715188,-0.1692519,-0.1572702,20.20748,197.8567,357.0041,0.6704621,-0.007911028,-0.7419012,0.009681271,0.00322793,-0.1053151,2.222829,-0.7845951,-4.988742,-0.1677102,-0.03469056,2.088185,-0.9449899,-0.04904763,0.3234013,-0.1555208,0.9371653,-0.312305,-0.2877626,-0.3454207,-0.8932397,moving,12.36347,22.3352,-4.591789,-0.9517546
05/15/2023 12:32:19.159669,4630,True,True,True,True,Eyes,2.596873,-0.03896853,-3.108128,-0.1992387,-0.37232,-0.9064667,0.0,0.0,0.0,0.0,0.0,0.0,0.0,3.482339,-0.5096503,-1.988169,2.595657,-0.03581122,-3.098472,-0.05419348,0.9703788,-0.1688131,-0.1641041,20.20696,198.6555,356.9599,0.6673402,-0.008094493,-0.7447088,-0.0732706,-0.01930375,-0.541944,2.189953,-0.779619,-4.994352,-0.1666858,-0.03203183,2.088323,-0.940266,-0.04977058,0.3367833,-0.1605823,0.9371303,-0.3098387,-0.300189,-0.3454122,-0.889144,moving,12.39633,22.3298,-4.56356,-0.8787651
05/15/2023 12:32:19.179985,4631,True,True,True,True,Eyes,2.59667,-0.03904172,-3.108887,-0.2000187,-0.3720903,-0.9063892,0.0,0.0,0.0,0.0,0.0,0.0,0.0,3.513307,-0.478736,-1.953583,2.593578,-0.03671806,-3.108216,-0.05631536,0.9694,-0.1666587,-0.1712223,20.02333,199.4719,356.8204,0.6646882,-0.008251154,-0.747075,-0.06887437,-0.01814553,-0.5094274,2.157929,-0.7760094,-4.998845,-0.1656277,-0.02928615,2.088465,-0.935023,-0.05211286,0.3507367,-0.1662556,0.938107,-0.303833,-0.3131949,-0.3424027,-0.8858157,moving,12.44438,22.3191,-4.534406,-0.803395
05/15/2023 12:32:19.189975,4632,True,True,True,True,Eyes,2.596383,-0.03915307,-3.110018,-0.2012966,-0.3717023,-0.9062654,0.0,0.0,0.0,0.0,0.0,0.0,0.0,3.543373,-0.4480118,-1.919603,2.591699,-0.03774962,-3.118133,-0.05820565,0.9684376,-0.1642653,-0.1782065,19.81028,200.2765,356.698,0.6623501,-0.008390209,-0.7491471,-0.0647419,-0.0170568,-0.4788617,2.12773,-0.7740053,-5.002728,-0.1646059,-0.0266313,2.088605,-0.929709,-0.05419076,0.3642862,-0.1712834,0.939258,-0.2974162,-0.3260415,-0.3389067,-0.8825186,moving,12.52304,22.30085,-4.506245,-0.7305248
05/15/2023 12:32:19.209864,4633,True,True,True,True,Eyes,2.595974,-0.03929989,-3.111502,-0.2028074,-0.3711276,-0.9061642,0.0,0.0,0.0,0.0,0.0,0.0,0.0,3.572192,-0.417917,-1.886065,2.589515,-0.03881951,-3.128155,-0.05973079,0.9675124,-0.161529,-0.1850952,19.55274,201.0759,356.6062,0.6602229,-0.008517873,-0.751021,-0.06085739,-0.01603339,-0.45013,2.096355,-0.7659106,-5.00854,-0.1635984,-0.02401334,2.088742,-0.924344,-0.0557841,0.3774603,-0.1753771,0.9406813,-0.2904509,-0.3388673,-0.3346744,-0.8792964,moving,12.6154,22.27199,-4.478486,-0.6586751
05/15/2023 12:32:19.229889,4634,True,True,True,True,Eyes,2.595489,-0.03949671,-3.113326,-0.2048284,-0.3703156,-0.9060418,0.0,0.0,0.0,0.0,0.0,0.0,0.0,3.601289,-0.3807672,-1.852739,2.587425,-0.03978474,-3.13856,-0.06121911,0.966724,-0.1573589,-0.1921849,19.13385,201.8955,356.4876,0.6582803,-0.008636138,-0.752723,-0.05720595,-0.01507139,-0.4231222,2.065409,-0.7568796,-5.014494,-0.1625516,-0.02129537,2.088884,-0.9186344,-0.05787995,0.3908463,-0.178848,0.9429808,-0.2807145,-0.3523128,-0.3277761,-0.8766063,moving,12.73869,22.23072,-4.449643,-0.5840881
05/15/2023 12:32:19.239911,4635,True,True,True,True,Eyes,2.594873,-0.03974223,-3.115453,-0.2073543,-0.3693191,-0.905874,0.0,0.0,0.0,0.0,0.0,0.0,0.0,3.630047,-0.3447857,-1.817236,2.58522,-0.04124452,-3.148554,-0.06250825,0.9658304,-0.153318,-0.1993945,18.72861,202.7343,356.3917,0.6564994,-0.008747129,-0.7542755,-0.05377359,-0.0141671,-0.3977349,2.034226,-0.7465432,-5.02057,-0.1615529,-0.0187037,2.08902,-0.9126695,-0.05960318,0.4043298,-0.1818862,0.9451725,-0.2712308,-0.3659952,-0.321086,-0.8734712,moving,12.89287,22.18041,-4.422127,-0.5129746
05/15/2023 12:32:19.259749,4636,True,True,True,True,Eyes,2.594187,-0.04000444,-3.117904,-0.2103349,-0.3683042,-0.9056,0.0,0.0,0.0,0.0,0.0,0.0,0.0,3.657744,-0.3194689,-1.780225,2.583006,-0.04256746,-3.158578,-0.06406589,0.9645385,-0.1516596,-0.2063022,18.60228,203.5411,356.309,0.6548594,-0.008852734,-0.7556985,-0.05054718,-0.01331708,-0.3738708,2.001738,-0.7304223,-5.028164,-0.1605388,-0.01606953,2.089159,-0.9066701,-0.0610126,0.4174052,-0.1861634,0.9457898,-0.2661293,-0.3785403,-0.3189969,-0.8688776,moving,13.0757,22.1314,-4.394186,-0.4407028
05/15/2023 12:32:19.279629,4637,True,True,True,True,Eyes,2.593414,-0.04026474,-3.120658,-0.2138089,-0.3673136,-0.9051887,0.0,0.0,0.0,0.0,0.0,0.0,0.0,3.686862,-0.2936608,-1.739169,2.580743,-0.04324509,-3.168877,-0.0658405,0.9630423,-0.1501854,-0.2136799,18.5062,204.4031,356.213,0.6533418,-0.008953858,-0.7570098,-0.04751435,-0.01251805,-0.3514386,1.96855,-0.7152237,-5.03436,-0.1595004,-0.01337433,2.089301,-0.900012,-0.06263119,0.431342,-0.1909976,0.9462188,-0.2611321,-0.3917889,-0.3174073,-0.8635707,moving,13.28989,22.08666,-4.365579,-0.3667649
05/15/2023 12:32:19.299642,4638,True,True,True,True,Eyes,2.592571,-0.04050396,-3.123711,-0.2177539,-0.3663929,-0.9046212,0.0,0.0,0.0,0.0,0.0,0.0,0.0,3.716279,-0.2729537,-1.694326,2.578286,-0.04341714,-3.179075,-0.06768,0.9612548,-0.1498192,-0.2212757,18.54085,205.2965,356.1407,0.6519293,-0.009050888,-0.7582255,-0.04466349,-0.01176697,-0.3303522,1.937659,-0.7094096,-5.037368,-0.1584134,-0.01055163,2.089449,-0.8929133,-0.06381276,0.4456841,-0.1964182,0.9459473,-0.2580771,-0.4051251,-0.3179808,-0.8571829,moving,13.53434,22.0491,-4.335636,-0.2893389
05/15/2023 12:32:19.309800,4639,True,True,True,True,Eyes,2.591634,-0.04069902,-3.127035,-0.2221364,-0.3656302,-0.9038639,0.0,0.0,0.0,0.0,0.0,0.0,0.0,3.747056,-0.2547449,-1.644289,2.575867,-0.04314673,-3.189366,-0.06903622,0.9593087,-0.1494275,-0.2294172,18.5644,206.2673,356.1354,0.6506075,-0.009143637,-0.7593587,-0.04198368,-0.01106095,-0.3105311,1.905254,-0.704152,-5.039203,-0.1574088,-0.007943809,2.089584,-0.8852038,-0.06389166,0.4607957,-0.2010166,0.9458109,-0.2550179,-0.4195321,-0.3183704,-0.8500786,moving,13.80754,22.02427,-4.307968,-0.2178159
05/15/2023 12:32:19.329738,4640,True,True,True,True,Eyes,2.590624,-0.04087195,-3.130634,-0.2269594,-0.364859,-0.902977,0.0,0.0,0.0,0.0,0.0,0.0,0.0,3.776668,-0.2435459,-1.593164,2.573317,-0.04221356,-3.199525,-0.06992189,0.9572524,-0.149717,-0.2374102,18.6529,207.2338,356.201,0.6493628,-0.009231433,-0.7604223,-0.03946466,-0.01039729,-0.2918992,1.872356,-0.7029166,-5.038687,-0.1563805,-0.005270958,2.089726,-0.8774948,-0.06277714,0.4754599,-0.2049544,0.9453916,-0.2534335,-0.4335859,-0.3198341,-0.8424426,moving,14.10879,22.00178,-4.279639,-0.144518
05/15/2023 12:32:19.339849,4641,True,True,True,True,Eyes,2.589544,-0.0410016,-3.134481,-0.2321656,-0.3641456,-0.9019407,0.0,0.0,0.0,0.0,0.0,0.0,0.0,3.805106,-0.2274144,-1.543509,2.570669,-0.04187013,-3.209808,-0.07033655,0.9554064,-0.1484702,-0.2453734,18.55508,208.1993,356.2781,0.6481837,-0.009314151,-0.7614267,-0.03709678,-0.009773456,-0.2743853,1.837157,-0.7010567,-5.036835,-0.1553627,-0.00262785,2.089865,-0.8696894,-0.06153869,0.4897484,-0.2072612,0.9460187,-0.2491813,-0.4479768,-0.3182162,-0.8354971,moving,14.43495,21.98569,-4.251605,-0.07204513
05/15/2023 12:32:19.359562,4642,True,True,True,True,Eyes,2.588383,-0.04101614,-3.13858,-0.2375992,-0.3635046,-0.9007835,0.0,0.0,0.0,0.0,0.0,0.0,0.0,3.830371,-0.2199429,-1.497884,2.568151,-0.0409562,-3.219734,-0.0699065,0.953716,-0.1475579,-0.2525186,18.46722,209.082,356.4446,0.6470597,-0.009391206,-0.7623813,-0.03487097,-0.009187048,-0.2579221,1.802409,-0.7007325,-5.033649,-0.1542455,0.0002710223,2.090015,-0.8626951,-0.05881966,0.5022926,-0.2078642,0.9466795,-0.2461513,-0.4610315,-0.3167621,-0.8289223,moving,14.77633,21.97618,-4.220841,0.007429819
05/15/2023 12:32:19.379358,4643,True,True,True,True,Eyes,2.587134,-0.04094245,-3.142961,-0.243325,-0.3624408,-0.8996831,0.0,0.0,0.0,0.0,0.0,0.0,0.0,3.850862,-0.2199882,-1.461717,2.565168,-0.03820437,-3.229953,-0.06970631,0.9521739,-0.1477261,-0.2582305,18.50107,209.7914,356.5873,0.6459813,-0.009460296,-0.7632944,-0.03277871,-0.008635825,-0.2424468,1.767068,-0.6949362,-5.03188,-0.1532842,0.002768993,2.090147,-0.8569162,-0.0564503,0.5123556,-0.2090398,0.946636,-0.2453212,-0.4711658,-0.3173224,-0.8229882,moving,15.13394,21.94223,-4.194368,0.0759045
05/15/2023 12:32:19.399578,4644,True,True,True,True,Eyes,2.585826,-0.04082882,-3.14754,-0.2493129,-0.3613198,-0.8984939,0.0,0.0,0.0,0.0,0.0,0.0,0.0,3.873157,-0.1800908,-1.426264,2.561727,-0.03612405,-3.241026,-0.07070172,0.9511577,-0.1415408,-0.2650784,17.86276,210.5822,356.4184,0.6449386,-0.009520052,-0.7641747,-0.03081199,-0.008117676,-0.2279,1.734725,-0.6890428,-5.030228,-0.1522844,0.005364418,2.090283,-0.8494696,-0.05945817,0.524277,-0.2095357,0.949935,-0.2317722,-0.4842483,-0.3067382,-0.8193994,moving,15.5082,21.907,-4.166836,0.1470412
05/15/2023 12:32:19.414748,4645,True,True,True,True,Eyes,2.584444,-0.04067031,-3.152297,-0.2557283,-0.3601919,-0.8971426,0.0,0.0,0.0,0.0,0.0,0.0,0.0,3.894796,-0.1512362,-1.386788,2.559114,-0.03507404,-3.250415,-0.07273032,0.9494669,-0.1393707,-0.271659,17.70832,211.3483,356.245,0.6439264,-0.009570331,-0.7650271,-0.02896327,-0.007630615,-0.214226,1.708182,-0.6854241,-5.029811,-0.1512672,0.008005977,2.090422,-0.8418232,-0.06238744,0.5361354,-0.2138327,0.9505722,-0.2251401,-0.4955895,-0.3041715,-0.8135543,moving,15.91007,21.87486,-4.138825,0.2194325
05/15/2023 12:32:19.419558,4646,True,True,True,True,Eyes,2.582992,-0.04042786,-3.157235,-0.262266,-0.3592857,-0.8956173,0.0,0.0,0.0,0.0,0.0,0.0,0.0,3.914206,-0.1573909,-1.347703,2.556361,-0.03376484,-3.259748,-0.07423318,0.9471425,-0.1435463,-0.2771369,18.24393,212.0273,356.3141,0.6429374,-0.009611025,-0.765858,-0.02722548,-0.007172778,-0.2013724,1.674698,-0.6581995,-5.035279,-0.1501945,0.01079091,2.090567,-0.8353692,-0.06105484,0.546288,-0.2201828,0.9477678,-0.2307721,-0.5036645,-0.3130631,-0.8051792,moving,16.32175,21.85868,-4.109292,0.295742
05/15/2023 12:32:19.439563,4647,True,True,True,True,Eyes,2.581488,-0.04011722,-3.162333,-0.269178,-0.3581036,-0.8940386,0.0,0.0,0.0,0.0,0.0,0.0,0.0,3.93219,-0.1654587,-1.310721,2.553305,-0.03147554,-3.269117,-0.07408,0.9452815,-0.1455518,-0.2824355,18.48284,212.7017,356.5039,0.6419665,-0.009641,-0.7666717,-0.02559195,-0.006742412,-0.1892901,1.645737,-0.6490054,-5.034315,-0.1492085,0.01335108,2.0907,-0.8294846,-0.0578349,0.5555271,-0.2222709,0.9466537,-0.2333292,-0.5123971,-0.3170205,-0.7980897,moving,16.75605,21.82837,-4.08215,0.3658825
05/15/2023 12:32:19.459992,4648,True,True,True,True,Eyes,2.579925,-0.03976474,-3.167562,-0.2761084,-0.3571853,-0.8922908,0.0,0.0,0.0,0.0,0.0,0.0,0.0,3.948116,-0.1653211,-1.278641,2.550347,-0.02957022,-3.277916,-0.07440701,0.9436573,-0.1464794,-0.2872595,18.61462,213.3036,356.5957,0.641009,-0.009659651,-0.7674723,-0.02405643,-0.006337867,-0.1779327,1.623365,-0.6638222,-5.027913,-0.1480629,0.01632494,2.090855,-0.823891,-0.05627423,0.5639474,-0.2245847,0.9460147,-0.2337046,-0.520351,-0.3192011,-0.7920513,moving,17.19403,21.8163,-4.050613,0.4473439
05/15/2023 12:32:19.479588,4649,True,True,True,True,Eyes,2.578289,-0.03932749,-3.172932,-0.2834126,-0.3561058,-0.8904303,0.0,0.0,0.0,0.0,0.0,0.0,0.0,3.963518,-0.1583039,-1.247194,2.547396,-0.02816404,-3.286336,-0.07656963,0.9416941,-0.1486996,-0.2919553,18.95157,213.8695,356.5216,0.6400615,-0.009667072,-0.7682625,-0.02261304,-0.005957595,-0.1672567,1.599666,-0.6679429,-5.024028,-0.1470618,0.01892385,2.090991,-0.8177985,-0.05738308,0.5726368,-0.2310376,0.9440511,-0.2353492,-0.5270934,-0.3247688,-0.7853012,moving,17.65561,21.79773,-4.023055,0.5185231
05/15/2023 12:32:19.489508,4650,True,True,True,True,Eyes,2.576566,-0.03878896,-3.178451,-0.290846,-0.3549194,-0.8885048,0.0,0.0,0.0,0.0,0.0,0.0,0.0,3.978688,-0.1416432,-1.216575,2.543967,-0.02570955,-3.295093,-0.07971527,0.9397005,-0.1501034,-0.2967785,19.23358,214.4296,356.3127,0.6391202,-0.009662312,-0.7690459,-0.02125626,-0.005600139,-0.1572213,1.577878,-0.6687126,-5.021582,-0.1461598,0.02126628,2.091113,-0.8111364,-0.06072203,0.5816969,-0.2389119,0.9422289,-0.234789,-0.5338346,-0.3294201,-0.7787833,moving,18.1255,21.77458,-3.998226,0.5826687
05/15/2023 12:32:19.509638,4651,True,True,True,True,Eyes,2.530692,-0.02414016,-3.319364,-0.484563,-0.2983374,-0.8223099,0.0,0.0,0.0,0.0,0.0,0.0,0.0,3.994925,-0.1033199,-1.183611,2.540221,-0.02276935,-3.304207,-0.0828583,0.9380649,-0.1470138,-0.3025817,19.02373,215.0792,355.9673,0.6381818,-0.009644122,-0.769825,-0.01998089,-0.005264131,-0.147788,1.558237,-0.6763636,-5.017345,-0.1451111,0.02399093,2.091258,-0.8031579,-0.0664856,0.5920452,-0.2444203,0.9430429,-0.2256741,-0.5433199,-0.3259597,-0.7736627,moving,30.50959,19.94098,-3.969357,0.657269
05/15/2023 12:32:19.519548,4652,True,True,True,True,Eyes,2.530539,-0.02411393,-3.319695,-0.4851313,-0.2979709,-0.8221077,0.0,0.0,0.0,0.0,0.0,0.0,0.0,4.012194,-0.05714262,-1.143955,2.536299,-0.02117357,-3.313055,-0.08382928,0.9368337,-0.1396283,-0.3095467,18.2712,215.8828,355.7347,0.6345295,-0.009200578,-0.7728436,-0.1564037,0.0389981,-0.5616605,1.537933,-0.6806724,-5.013917,-0.1440336,0.02678952,2.091405,-0.7943071,-0.07062524,0.6033974,-0.2435112,0.9469531,-0.2097189,-0.5565777,-0.3135152,-0.7693696,moving,30.54514,19.92292,-3.939698,0.733881
05/15/2023 12:32:19.539980,4653,True,True,True,True,Eyes,2.53026,-0.0240527,-3.320356,-0.4864576,-0.297363,-0.8215438,0.0,0.0,0.0,0.0,0.0,0.0,0.0,4.029911,-0.03166264,-1.097703,2.532586,-0.02061486,-3.321402,-0.08312774,0.9352577,-0.1345111,-0.3166853,17.71339,216.7532,355.768,0.631461,-0.008827463,-0.7753571,-0.1470195,0.03665822,-0.5279609,1.511458,-0.6671768,-5.013673,-0.1429788,0.02952895,2.091549,-0.7856007,-0.07029638,0.6147279,-0.2406871,0.9499931,-0.1989544,-0.5700015,-0.3042557,-0.7632347,moving,30.63089,19.89804,-3.910669,0.8088606
05/15/2023 12:32:19.560060,4654,True,True,True,True,Eyes,2.529836,-0.02397252,-3.321333,-0.4882166,-0.2967435,-0.8207239,0.0,0.0,0.0,0.0,0.0,0.0,0.0,4.047128,-0.02498698,-1.050287,2.528976,-0.01984328,-3.329693,-0.08226863,0.9332476,-0.1330702,-0.3233778,17.55268,217.5963,355.9409,0.6288707,-0.00851173,-0.777463,-0.1381983,0.03445872,-0.4962832,1.477171,-0.6366628,-5.014737,-0.1420483,0.03194499,2.091675,-0.7773173,-0.06749009,0.625478,-0.2396179,0.9510484,-0.1951671,-0.581688,-0.3015825,-0.7554381,moving,30.74676,19.87812,-3.885064,0.8749785
05/15/2023 12:32:19.579511,4655,True,True,True,True,Eyes,2.529309,-0.02388732,-3.322577,-0.4905539,-0.2962619,-0.8195034,0.0,0.0,0.0,0.0,0.0,0.0,0.0,4.063872,-0.02619916,-1.002772,2.525174,-0.01930788,-3.338325,-0.0808861,0.9311534,-0.1325324,-0.329918,17.46888,218.4359,356.2019,0.6266004,-0.008235023,-0.7792969,-0.1299064,0.0323912,-0.4665062,1.442648,-0.614177,-5.011523,-0.1409828,0.03471133,2.09182,-0.7692231,-0.06318504,0.6358487,-0.2380844,0.9517851,-0.1934445,-0.5929685,-0.3001876,-0.7471786,moving,30.90469,19.87563,-3.855743,0.9506696
05/15/2023 12:32:19.589841,4656,True,True,True,True,Eyes,2.52865,-0.02381895,-3.324062,-0.4931892,-0.296237,-0.8179291,0.0,0.0,0.0,0.0,0.0,0.0,0.0,4.078872,-0.03028083,-0.9552479,2.521532,-0.01915218,-3.345461,-0.08075649,0.9286626,-0.1346132,-0.336071,17.71607,219.2307,356.4181,0.6245306,-0.007983816,-0.7809591,-0.122112,0.03044773,-0.4385159,1.411958,-0.6057737,-5.004874,-0.1399664,0.0373494,2.091958,-0.7610696,-0.05951187,0.6459348,-0.2404702,0.9507154,-0.1957406,-0.6024513,-0.3043002,-0.7378715,moving,31.08885,19.90934,-3.827777,1.022839
05/15/2023 12:32:19.609601,4657,True,True,True,True,Eyes,2.527882,-0.02373149,-3.325749,-0.4962281,-0.2967814,-0.8158913,0.0,0.0,0.0,0.0,0.0,0.0,0.0,4.094583,-0.03131735,-0.9026217,2.517809,-0.01939225,-3.352846,-0.08268572,0.9253631,-0.1395088,-0.3426421,18.35211,220.0765,356.5313,0.6226373,-0.007755947,-0.7824715,-0.1147853,0.02862086,-0.4122049,1.38193,-0.6003908,-4.997579,-0.138909,0.04009625,2.092101,-0.751519,-0.05742545,0.6572074,-0.2486318,0.9474007,-0.2015294,-0.6110658,-0.3148558,-0.7262675,moving,31.30813,19.98892,-3.798685,1.09797
05/15/2023 12:32:19.629666,4658,True,True,True,True,Eyes,2.526985,-0.023624,-3.327649,-0.4995545,-0.2978204,-0.8134791,0.0,0.0,0.0,0.0,0.0,0.0,0.0,4.110008,-0.03127462,-0.844141,2.5142,-0.01876859,-3.359191,-0.08570813,0.9214748,-0.1460418,-0.3495857,19.21248,220.9771,356.6095,0.6208997,-0.007548614,-0.7838531,-0.1078982,0.02690361,-0.3874726,1.355722,-0.6069741,-4.9867,-0.1378877,0.04274836,2.092242,-0.7408879,-0.0558475,0.6693029,-0.260064,0.9426519,-0.209223,-0.619235,-0.3290723,-0.7129233,moving,31.55393,20.10803,-3.770586,1.170496
05/15/2023 12:32:19.640285,4659,True,True,True,True,Eyes,2.525964,-0.02351225,-3.329713,-0.5032844,-0.298945,-0.8107631,0.0,0.0,0.0,0.0,0.0,0.0,0.0,4.125242,-0.02663761,-0.7847466,2.510291,-0.01806894,-3.366343,-0.08865756,0.9175334,-0.1516011,-0.3567765,19.96585,221.911,356.6748,0.619298,-0.007359278,-0.7851209,-0.1014243,0.02528939,-0.3642243,1.330774,-0.6272821,-4.971571,-0.1368506,0.04543981,2.092381,-0.7297008,-0.05451711,0.6815898,-0.2708679,0.9383139,-0.2149363,-0.6278274,-0.34146,-0.6994553,moving,31.83011,20.23997,-3.742057,1.244085
05/15/2023 12:32:19.659675,4660,True,True,True,True,Eyes,2.524824,-0.02335503,-3.331948,-0.5072725,-0.300363,-0.807748,0.0,0.0,0.0,0.0,0.0,0.0,0.0,4.139009,-0.01507235,-0.7252393,2.506582,-0.01782301,-3.372583,-0.09061053,0.9139876,-0.1542835,-0.3641609,20.36625,222.8625,356.7428,0.6178154,-0.007186021,-0.7862897,-0.09533882,0.02377203,-0.3423708,1.306602,-0.6544962,-4.951971,-0.135854,0.04802898,2.092517,-0.7183533,-0.05326577,0.6936364,-0.2780018,0.9359727,-0.2160327,-0.6377176,-0.34802,-0.687167,moving,32.12917,20.39777,-3.714643,1.314864
05/15/2023 12:32:19.679642,4661,True,True,True,True,Eyes,2.523527,-0.02315381,-3.334352,-0.5116883,-0.3012684,-0.8046195,0.0,0.0,0.0,0.0,0.0,0.0,0.0,4.151309,-0.006530523,-0.6694145,2.502656,-0.01650321,-3.379047,-0.09277788,0.9104407,-0.1576677,-0.3709867,20.85063,223.7534,356.8131,0.6164368,-0.007026186,-0.7873724,-0.08961849,0.02234571,-0.3218286,1.280961,-0.6774703,-4.932853,-0.1347251,0.05096072,2.092671,-0.7075226,-0.05195227,0.7047789,-0.2859227,0.9330664,-0.2182554,-0.6462666,-0.3559329,-0.6750198,moving,32.45384,20.52708,-3.68359,1.394991
05/15/2023 12:32:19.690455,4662,True,True,True,True,Eyes,2.522094,-0.02296093,-3.336912,-0.5165841,-0.3017077,-0.8013197,0.0,0.0,0.0,0.0,0.0,0.0,0.0,4.16265,0.0151301,-0.6122904,2.497875,-0.01531838,-3.38573,-0.09319808,0.9076434,-0.1553066,-0.3786522,20.64063,224.7147,356.8412,0.6151475,-0.006877348,-0.7883814,-0.08424138,0.02100496,-0.3025188,1.25318,-0.6889784,-4.915019,-0.1337545,0.05348137,2.092803,-0.6958733,-0.05156683,0.716311,-0.2867956,0.9343879,-0.2113467,-0.6584139,-0.3525054,-0.6650046,moving,32.80853,20.63204,-3.656895,1.46387
05/15/2023 12:32:19.709848,4663,True,True,True,True,Eyes,2.520559,-0.02280135,-3.339604,-0.5217696,-0.3017411,-0.7979403,0.0,0.0,0.0,0.0,0.0,0.0,0.0,4.173428,0.04235697,-0.5513563,2.493312,-0.01540619,-3.392114,-0.09193329,0.9052544,-0.1492335,-0.3870301,19.95917,225.7504,356.8939,0.613935,-0.006738605,-0.7893273,-0.0791869,0.01974467,-0.2843677,1.22794,-0.7022089,-4.897624,-0.1327468,0.05609912,2.092941,-0.683512,-0.05093028,0.7281604,-0.2819617,0.9385552,-0.1990266,-0.6732823,-0.3413504,-0.6558743,moving,33.18049,20.71411,-3.629179,1.535386
05/15/2023 12:32:19.729680,4664,True,True,True,True,Eyes,2.518898,-0.02265965,-3.342432,-0.5271695,-0.3019232,-0.794314,0.0,0.0,0.0,0.0,0.0,0.0,0.0,4.182712,0.05980122,-0.4930277,2.489248,-0.01618691,-3.39781,-0.09236886,0.9021538,-0.1482803,-0.3944609,19.90217,226.7026,356.9713,0.6127889,-0.006609784,-0.7902184,-0.07443569,0.01855999,-0.2673056,1.194487,-0.6913134,-4.884405,-0.1316651,0.05890453,2.093087,-0.6717371,-0.04968026,0.7391219,-0.2836434,0.9389619,-0.1946715,-0.684336,-0.3404151,-0.6448271,moving,33.57139,20.81207,-3.599435,1.612016
05/15/2023 12:32:19.739749,4665,True,True,True,True,Eyes,2.517117,-0.0225492,-3.345386,-0.5326928,-0.3018355,-0.7906539,0.0,0.0,0.0,0.0,0.0,0.0,0.0,4.190705,0.07355928,-0.4400487,2.484669,-0.01644434,-3.403999,-0.09369793,0.8988917,-0.1493552,-0.401133,20.10117,227.5717,357.0319,0.6116995,-0.006490331,-0.7910631,-0.06996955,0.01744639,-0.2512673,1.155964,-0.6655692,-4.872391,-0.1306731,0.06148145,2.093222,-0.6606262,-0.04862595,0.7491387,-0.2882712,0.9378275,-0.1933376,-0.6931616,-0.343679,-0.6335708,moving,33.96961,20.89457,-3.572154,1.68239
05/15/2023 12:32:19.759372,4666,True,True,True,True,Eyes,2.515217,-0.02247554,-3.348448,-0.5383027,-0.3019054,-0.7868184,0.0,0.0,0.0,0.0,0.0,0.0,0.0,4.197577,0.08675402,-0.3900251,2.480072,-0.01712222,-3.410021,-0.09413929,0.8960146,-0.1490082,-0.4075445,20.10605,228.4046,357.1161,0.6106576,-0.006380026,-0.7918685,-0.06577138,0.0163996,-0.2361913,1.125401,-0.6618479,-4.85596,-0.1295273,0.06445557,2.093378,-0.6500909,-0.04724538,0.7583866,-0.2901553,0.9378687,-0.1902951,-0.7022765,-0.3437589,-0.6234084,moving,34.37803,20.99201,-3.540651,1.763593
05/15/2023 12:32:19.779482,4667,True,True,True,True,Eyes,2.513181,-0.02243046,-3.351623,-0.5438023,-0.3018728,-0.7830402,0.0,0.0,0.0,0.0,0.0,0.0,0.0,4.202938,0.09041041,-0.349824,2.475397,-0.01789913,-3.415747,-0.09461478,0.8933885,-0.1505983,-0.4125836,20.31362,229.0863,357.2627,0.6096549,-0.006278774,-0.7926415,-0.0618251,0.01541563,-0.2220198,1.099267,-0.6670589,-4.839653,-0.1286353,0.0667733,2.093499,-0.6416456,-0.04478671,0.7656926,-0.2933243,0.9367364,-0.1910125,-0.7086973,-0.3471586,-0.6141897,moving,34.77904,21.08234,-3.516125,1.826861
05/15/2023 12:32:19.790219,4668,True,True,True,True,Eyes,2.510996,-0.02244685,-3.354899,-0.5493877,-0.3018115,-0.7791553,0.0,0.0,0.0,0.0,0.0,0.0,0.0,4.207108,0.0970217,-0.3162355,2.470105,-0.01854572,-3.42161,-0.09552464,0.8910066,-0.1519367,-0.4170105,20.51316,229.6794,357.3375,0.6086845,-0.006186374,-0.7933877,-0.05811559,0.01449069,-0.2086986,1.072495,-0.6655613,-4.825195,-0.1275595,0.06956583,2.093646,-0.6339548,-0.04350777,0.7721456,-0.2969445,0.9355806,-0.1910835,-0.7140908,-0.3504227,-0.6060352,moving,35.18793,21.17424,-3.486549,1.903074
05/15/2023 12:32:19.810051,4669,True,True,True,True,Eyes,2.508665,-0.0225389,-3.358236,-0.5548279,-0.301702,-0.7753334,0.0,0.0,0.0,0.0,0.0,0.0,0.0,4.210406,0.1133987,-0.2835102,2.464416,-0.02004555,-3.42739,-0.09634007,0.8888865,-0.1509263,-0.4216881,20.46063,230.2737,357.3093,0.6077402,-0.00610344,-0.794112,-0.05462866,0.01362125,-0.1961767,1.051567,-0.671489,-4.812416,-0.1265521,0.0721837,2.093783,-0.6257958,-0.04398309,0.7787462,-0.2985584,0.9358796,-0.1870618,-0.7205851,-0.3495636,-0.5988011,moving,35.58747,21.26228,-3.458854,1.974504
05/15/2023 12:32:19.830027,4670,True,True,True,True,Eyes,2.506177,-0.02267472,-3.361649,-0.5602486,-0.3018656,-0.7713615,0.0,0.0,0.0,0.0,0.0,0.0,0.0,4.2131,0.1261633,-0.2535644,2.458991,-0.02190533,-3.432682,-0.09808146,0.8864838,-0.1524546,-0.4257751,20.72104,230.8158,357.2992,0.6068161,-0.006030821,-0.794819,-0.05135094,0.01280397,-0.1844061,1.032187,-0.6767861,-4.801824,-0.1255136,0.07488099,2.093924,-0.6181914,-0.04407251,0.7847911,-0.303718,0.9342752,-0.1867758,-0.7249793,-0.3538183,-0.5909465,moving,35.99133,21.37246,-3.430307,2.048086
05/15/2023 12:32:19.839966,4671,True,True,True,True,Eyes,2.503547,-0.02284849,-3.365168,-0.5656861,-0.301862,-0.7673843,0.0,0.0,0.0,0.0,0.0,0.0,0.0,4.215219,0.1357992,-0.2237744,2.452804,-0.0230328,-3.437995,-0.1001409,0.8838665,-0.1551357,-0.4297499,21.1192,231.3591,357.3159,0.6059074,-0.005968566,-0.7955123,-0.04826988,0.01203573,-0.1733417,1.0102,-0.6739808,-4.792765,-0.1244767,0.07757318,2.094066,-0.6105739,-0.04368317,0.7907538,-0.3103614,0.9318095,-0.1881674,-0.7286121,-0.3603095,-0.582496,moving,36.39621,21.47293,-3.401805,2.121511
05/15/2023 12:32:19.859874,4672,True,True,True,True,Eyes,2.500751,-0.02306504,-3.368751,-0.5712104,-0.3018194,-0.7632979,0.0,0.0,0.0,0.0,0.0,0.0,0.0,4.217195,0.1489213,-0.1892614,2.446324,-0.02416056,-3.443493,-0.1010392,0.8814521,-0.1550631,-0.4344985,21.17171,231.9823,357.3341,0.6050089,-0.005916501,-0.7961963,-0.04537369,0.01131359,-0.1629412,0.9927247,-0.6825348,-4.78212,-0.1234782,0.0801639,2.094201,-0.6020046,-0.04337313,0.797314,-0.3128718,0.931493,-0.1855586,-0.7346442,-0.3611642,-0.5743333,moving,36.80918,21.57458,-3.374364,2.192154
05/15/2023 12:32:19.880138,4673,True,True,True,True,Eyes,2.497789,-0.02334968,-3.372397,-0.5771422,-0.3015989,-0.7589104,0.0,0.0,0.0,0.0,0.0,0.0,0.0,4.21865,0.156727,-0.1557636,2.43962,-0.0254133,-3.448685,-0.1008598,0.8793271,-0.1542772,-0.4391014,21.09378,232.5923,357.4266,0.6041159,-0.005874628,-0.7968743,-0.04265127,0.01063478,-0.1531647,0.9758759,-0.6950744,-4.770351,-0.1224347,0.08287269,2.094343,-0.5940348,-0.04189088,0.8033481,-0.3128642,0.9320517,-0.1827448,-0.7411066,-0.3598956,-0.5667772,moving,37.25255,21.67339,-3.345688,2.265999
05/15/2023 12:32:19.899482,4674,True,True,True,True,Eyes,2.494649,-0.02369601,-3.376086,-0.5831003,-0.3013325,-0.7544486,0.0,0.0,0.0,0.0,0.0,0.0,0.0,4.220019,0.1544682,-0.1241961,2.432704,-0.02737358,-3.453844,-0.09932974,0.8774884,-0.1535168,-0.4433739,20.94667,233.1794,357.6563,0.6032253,-0.00584358,-0.797549,-0.04009219,0.009996689,-0.1439748,0.9539726,-0.6957027,-4.759101,-0.1214234,0.08550018,2.094481,-0.5871065,-0.03819072,0.8086085,-0.3104521,0.9331324,-0.181338,-0.7476134,-0.3574988,-0.5597045,moving,37.69982,21.77215,-3.317895,2.337611
05/15/2023 12:32:19.909817,4675,True,True,True,True,Eyes,2.491323,-0.02407131,-3.379816,-0.5893167,-0.3010227,-0.7497274,0.0,0.0,0.0,0.0,0.0,0.0,0.0,4.220866,0.1440104,-0.09457588,2.425363,-0.02921072,-3.458634,-0.0971465,0.8757677,-0.1534162,-0.4472776,20.83125,233.7382,357.9817,0.6023337,-0.005823747,-0.7982228,-0.03768666,0.009396887,-0.1353364,0.9311289,-0.6918991,-4.748686,-0.1203375,0.08832225,2.094629,-0.5810109,-0.03291628,0.81323,-0.3073948,0.9340521,-0.181811,-0.7536147,-0.3556167,-0.5528127,moving,38.1688,21.87593,-3.288057,2.414507
05/15/2023 12:32:19.929779,4676,True,True,True,True,Eyes,2.487799,-0.0244918,-3.383575,-0.5955388,-0.3006563,-0.7449425,0.0,0.0,0.0,0.0,0.0,0.0,0.0,4.221376,0.1294693,-0.06790876,2.417654,-0.0303137,-3.463439,-0.09525207,0.8740072,-0.1545355,-0.4507301,20.85451,234.2539,358.3324,0.6014374,-0.005814691,-0.7988985,-0.03542546,0.008833074,-0.1272162,0.9084997,-0.686902,-4.739283,-0.1193579,0.09086397,2.094762,-0.5755393,-0.02719439,0.8173222,-0.3058095,0.9340916,-0.1842643,-0.7584429,-0.3559962,-0.5459228,moving,38.64033,21.97884,-3.261143,2.483747
05/15/2023 12:32:19.939888,4677,True,True,True,True,Eyes,2.484096,-0.02497853,-3.387336,-0.6019195,-0.3002125,-0.7399765,0.0,0.0,0.0,0.0,0.0,0.0,0.0,4.221076,0.1190087,-0.03932142,2.409464,-0.03183192,-3.467948,-0.09309407,0.8722893,-0.154314,-0.454568,20.72286,234.8021,358.645,0.6005334,-0.005816421,-0.7995782,-0.03329993,0.00830309,-0.1195832,0.8865997,-0.6829106,-4.729955,-0.1183206,0.09355801,2.094903,-0.569403,-0.02211754,0.821761,-0.3027023,0.9350414,-0.1845777,-0.7642981,-0.353848,-0.5391104,moving,39.12596,22.08266,-3.232643,2.55712
05/15/2023 12:32:19.959606,4678,True,True,True,True,Eyes,2.480215,-0.02549042,-3.391092,-0.60815,-0.2999471,-0.734973,0.0,0.0,0.0,0.0,0.0,0.0,0.0,4.220634,0.09916037,-0.01235056,2.401669,-0.03395836,-3.471969,-0.09018364,0.8706712,-0.1551103,-0.4579734,20.65276,235.3218,359.0835,0.5996199,-0.005829445,-0.8002634,-0.03130193,0.007804905,-0.1124082,0.8667253,-0.6830054,-4.72076,-0.1172667,0.09629422,2.095047,-0.5642548,-0.0149678,0.8254652,-0.2991133,0.9356154,-0.1874967,-0.7695115,-0.3527035,-0.5324026,moving,39.6059,22.20068,-3.203691,2.631623
05/15/2023 12:32:19.979534,4679,True,True,True,True,Eyes,2.476152,-0.02602317,-3.394885,-0.6144471,-0.2996105,-0.7298551,0.0,0.0,0.0,0.0,0.0,0.0,0.0,4.219487,0.08021516,0.005897522,2.393557,-0.03503555,-3.475658,-0.08882075,0.8690733,-0.157968,-0.4602922,20.8755,235.7133,359.4505,0.5986949,-0.005853247,-0.8009554,-0.02942382,0.00733661,-0.1056637,0.8444089,-0.6782027,-4.711283,-0.1162809,0.09885418,2.095181,-0.5604841,-0.00896058,0.8281168,-0.2998063,0.934314,-0.1928045,-0.7719935,-0.3563384,-0.5263547,moving,40.0932,22.31849,-3.176613,2.701309
05/15/2023 12:32:19.991186,4680,True,True,True,True,Eyes,2.471914,-0.02659832,-3.398656,-0.6206312,-0.299215,-0.724767,0.0,0.0,0.0,0.0,0.0,0.0,0.0,4.217928,0.07685184,0.02296448,2.384772,-0.03613321,-3.479785,-0.08780164,0.8677927,-0.1574836,-0.4630612,20.77147,236.0961,359.5993,0.5977561,-0.005887261,-0.8016561,-0.02765839,0.006896414,-0.09932389,0.8239462,-0.6762487,-4.701692,-0.1152427,0.1015502,2.095322,-0.5557305,-0.006538156,0.8313369,-0.2982363,0.9349795,-0.1920112,-0.7760276,-0.3546413,-0.5215465,moving,40.57405,22.43294,-3.148097,2.77468
05/15/2023 12:32:20.009960,4681,True,True,True,True,Eyes,2.467507,-0.02717494,-3.402424,-0.6267402,-0.2990018,-0.7195795,0.0,0.0,0.0,0.0,0.0,0.0,0.0,4.21585,0.07433993,0.03671503,2.376388,-0.03773876,-3.483046,-0.08685452,0.8667192,-0.1569329,-0.4654313,20.66376,236.422,359.726,0.5968029,-0.005931466,-0.8023655,0.0,0.0,0.0,0.808649,-0.6833398,-4.693291,-0.1142176,0.1042108,2.095461,-0.5516603,-0.004474008,0.8340572,-0.2966399,0.9356567,-0.1911839,-0.7795358,-0.3528831,-0.5174918,moving,41.05525,22.564,-3.119943,2.847069
05/15/2023 12:32:20.029540,4682,True,True,True,True,Eyes,2.352531,-0.04031254,-3.496248,-0.763671,-0.289054,-0.577282,0.0,0.0,0.0,0.0,0.0,0.0,0.0,4.213713,0.07095408,0.04655504,2.36772,-0.03832231,-3.486403,-0.08752835,0.8653039,-0.1592586,-0.4671454,20.94006,236.6955,359.8354,0.595834,-0.005984894,-0.8030849,0.0,0.0,0.0,0.789452,-0.6784776,-4.687341,-0.113118,0.1070678,2.095611,-0.548228,-0.002683344,0.8363246,-0.3002711,0.933951,-0.1938373,-0.780566,-0.3573911,-0.5128238,moving,52.91327,26.59783,-3.089744,2.924781
05/15/2023 12:32:20.039595,4683,True,True,True,True,Eyes,2.35217,-0.04027769,-3.496395,-0.763905,-0.2889023,-0.5770481,0.0,0.0,0.0,0.0,0.0,0.0,0.0,4.211153,0.07730359,0.05631638,2.358523,-0.03761306,-3.489829,-0.0884948,0.8640808,-0.1593372,-0.4691961,21.00217,236.9651,359.7906,0.5921301,-0.006343666,-0.805817,-0.3449292,-0.0394128,-0.2814732,0.7720532,-0.6742723,-4.682065,-0.112155,0.109566,2.095741,-0.5440475,-0.003412477,0.8390476,-0.3024541,0.9335606,-0.1923176,-0.7826455,-0.3584033,-0.5089335,moving,52.93288,26.59509,-3.063299,2.992717
05/15/2023 12:32:20.059825,4684,True,True,True,True,Eyes,2.35145,-0.04021688,-3.496663,-0.7642652,-0.28863,-0.5767074,0.0,0.0,0.0,0.0,0.0,0.0,0.0,4.208537,0.08784503,0.06460524,2.349371,-0.03677575,-3.493247,-0.08878203,0.8633126,-0.156953,-0.4713542,20.77473,237.2077,359.6732,0.5887783,-0.006665641,-0.8082666,-0.3242335,-0.03704803,-0.2645848,0.7588832,-0.6821103,-4.6759,-0.1110688,0.1123897,2.09589,-0.5398859,-0.005332366,0.8417214,-0.3012542,0.934967,-0.1873035,-0.785983,-0.3546946,-0.5063819,moving,52.96214,26.58701,-3.033473,3.069479
05/15/2023 12:32:20.079409,4685,True,True,True,True,Eyes,2.350369,-0.04005313,-3.497051,-0.7648154,-0.288317,-0.5761343,0.0,0.0,0.0,0.0,0.0,0.0,0.0,4.205622,0.09936064,0.07300186,2.340074,-0.03612417,-3.496455,-0.08932509,0.862453,-0.1548601,-0.4735128,20.59208,237.4537,359.5458,0.5857387,-0.006953922,-0.8104696,-0.3047795,-0.03482515,-0.2487097,0.7431584,-0.6810718,-4.671027,-0.1100501,0.1150313,2.096027,-0.5356137,-0.007420857,0.8444308,-0.3007338,0.9360787,-0.182526,-0.7890992,-0.3517123,-0.5036083,moving,53.00934,26.58492,-3.005506,3.141277
05/15/2023 12:32:20.089932,4686,True,True,True,True,Eyes,2.348914,-0.0398156,-3.497571,-0.7656072,-0.2875434,-0.5754688,0.0,0.0,0.0,0.0,0.0,0.0,0.0,4.202813,0.1122437,0.07801199,2.330523,-0.03351364,-3.499981,-0.0907283,0.8615967,-0.1533985,-0.4752771,20.52264,237.6477,359.3558,0.5829745,-0.007209477,-0.812458,-0.2864927,-0.03273565,-0.2337871,0.725336,-0.669837,-4.668544,-0.1091028,0.1174934,2.096157,-0.5317599,-0.0105288,0.8468296,-0.302156,0.9364746,-0.1780931,-0.7911593,-0.3505774,-0.501161,moving,53.06964,26.54984,-2.979498,3.208175
05/15/2023 12:32:20.109941,4687,True,True,True,True,Eyes,2.34715,-0.03953229,-3.498219,-0.7667596,-0.2864781,-0.574465,0.0,0.0,0.0,0.0,0.0,0.0,0.0,4.199137,0.1367447,0.09230471,2.32015,-0.03161979,-3.503694,-0.0906123,0.8609132,-0.1466336,-0.4786613,19.82953,237.9809,359.0472,0.5804519,-0.007433864,-0.8142601,-0.2693031,-0.03077151,-0.2197599,0.7075564,-0.6599976,-4.665343,-0.1080174,0.1203114,2.096305,-0.5253458,-0.01564299,0.8507453,-0.2963943,0.940576,-0.1657324,-0.7975981,-0.3392228,-0.4987641,moving,53.15903,26.50483,-2.9497,3.284723
05/15/2023 12:32:20.129831,4688,True,True,True,True,Eyes,2.345073,-0.03920042,-3.498968,-0.768041,-0.2855125,-0.5732327,0.0,0.0,0.0,0.0,0.0,0.0,0.0,4.195474,0.1546896,0.1145411,2.310788,-0.03035606,-3.506906,-0.09013081,0.8596861,-0.1413547,-0.4825297,19.27017,238.4186,358.8738,0.5781416,-0.00762913,-0.8159004,-0.2531449,-0.02892522,-0.2065743,0.6916285,-0.652174,-4.66314,-0.106985,0.1229926,2.096445,-0.5180829,-0.01855272,0.8551291,-0.2913841,0.9437906,-0.1560598,-0.8041674,-0.3300229,-0.4943677,moving,53.26393,26.47672,-2.921362,3.357537
05/15/2023 12:32:20.140266,4689,True,True,True,True,Eyes,2.342697,-0.03882451,-3.499863,-0.7696472,-0.2845792,-0.5715398,0.0,0.0,0.0,0.0,0.0,0.0,0.0,4.191784,0.1662316,0.1382995,2.301235,-0.02884866,-3.51017,-0.09154823,0.8575255,-0.1413503,-0.486096,19.35532,238.8913,358.8102,0.5760167,-0.00779708,-0.8174005,-0.2379563,-0.0271897,-0.1941798,0.6663375,-0.6229767,-4.660363,-0.1059566,0.1256619,2.096585,-0.5106595,-0.01959023,0.85956,-0.2944295,0.943278,-0.1534206,-0.8077986,-0.3314255,-0.4874619,moving,53.40243,26.46948,-2.893135,3.430005
05/15/2023 12:32:20.160085,4690,True,True,True,True,Eyes,2.340054,-0.03843069,-3.500827,-0.7714291,-0.2836668,-0.5695879,0.0,0.0,0.0,0.0,0.0,0.0,0.0,4.187883,0.1707916,0.1743464,2.291328,-0.02748258,-3.513828,-0.09062149,0.8551651,-0.1391242,-0.4910448,19.08356,239.5427,358.8868,0.5740529,-0.007939396,-0.8187795,-0.2236789,-0.02555832,-0.182529,0.6416893,-0.5993471,-4.653227,-0.1049654,0.1282351,2.096719,-0.5013257,-0.01836017,0.865064,-0.2916251,0.9448644,-0.14895,-0.8146335,-0.3269468,-0.4790391,moving,53.55954,26.47428,-2.865934,3.499845
05/15/2023 12:32:20.179380,4691,True,True,True,True,Eyes,2.33713,-0.03802399,-3.501842,-0.7733089,-0.2832463,-0.5672433,0.0,0.0,0.0,0.0,0.0,0.0,0.0,4.184083,0.159055,0.2091308,2.282341,-0.02664752,-3.516502,-0.08887337,0.8527856,-0.1396208,-0.4953426,19.03701,240.1658,359.1963,0.5722294,-0.00805825,-0.8200537,-0.2102582,-0.02402482,-0.1715773,0.6219019,-0.5982354,-4.641724,-0.1039164,0.130959,2.096862,-0.4934748,-0.01325961,0.8696593,-0.2899002,0.9452151,-0.1500877,-0.820025,-0.3261788,-0.4702838,moving,53.73893,26.53471,-2.837147,3.573752
05/15/2023 12:32:20.189928,4692,True,True,True,True,Eyes,2.333939,-0.03754581,-3.502935,-0.7752983,-0.2829959,-0.5646467,0.0,0.0,0.0,0.0,0.0,0.0,0.0,4.180324,0.1417816,0.2442036,2.273121,-0.02584121,-3.51953,0.08782163,-0.8499599,0.1429498,0.4994208,19.31267,240.8082,359.605,0.5705277,-0.008155697,-0.8212377,-0.1976427,-0.02258333,-0.1612827,0.5956684,-0.5849707,-4.627289,-0.1029017,0.1335963,2.097002,-0.4857327,-0.006505485,0.8740833,-0.2920739,0.9437054,-0.1552833,-0.823867,-0.3307231,-0.4602888,moving,53.9343,26.61962,-2.8093,3.645288
05/15/2023 12:32:20.209874,4693,True,True,True,True,Eyes,2.330485,-0.03700233,-3.504116,-0.7774196,-0.2828562,-0.5617928,0.0,0.0,0.0,0.0,0.0,0.0,0.0,4.17597,0.1314439,0.2768998,2.263594,-0.0236031,-3.522535,0.08740307,-0.8472624,0.1452623,0.5033947,19.52067,241.4133,359.8871,0.5689304,-0.008232201,-0.8223442,-0.1857841,-0.02122833,-0.1516057,0.5733255,-0.5804035,-4.611777,-0.101817,0.1364127,2.097149,-0.4779094,-0.001858168,0.8784075,-0.2943552,0.9425192,-0.158154,-0.827622,-0.334147,-0.4509858,moving,54.1467,26.72473,-2.77954,3.72166
05/15/2023 12:32:20.230210,4694,True,True,True,True,Eyes,2.326796,-0.03643278,-3.505373,-0.7797076,-0.282446,-0.5588204,0.0,0.0,0.0,0.0,0.0,0.0,0.0,4.171612,0.1352192,0.305088,2.253946,-0.02149351,-3.526042,0.08680151,-0.8452328,0.1433189,0.5074511,19.29128,241.9453,359.9223,0.5674219,-0.008288338,-0.8233853,-0.174637,-0.01995463,-0.1425094,0.5536422,-0.5876837,-4.594606,-0.1008435,0.1389425,2.097282,-0.4699177,-0.001280314,0.8827093,-0.2921896,0.9438504,-0.1541806,-0.8329481,-0.3303707,-0.4439061,moving,54.37064,26.81352,-2.752831,3.790241
05/15/2023 12:32:20.239443,4695,True,True,True,True,Eyes,2.322875,-0.0358468,-3.506717,-0.7819856,-0.2821756,-0.5557655,0.0,0.0,0.0,0.0,0.0,0.0,0.0,4.166878,0.1489637,0.330163,2.244684,-0.02036649,-3.529171,0.0864522,-0.8435305,0.1393613,0.51143,18.87712,242.4234,359.8,0.5659886,-0.008325524,-0.8243707,-0.1641588,-0.01875735,-0.1339588,0.5337376,-0.5907865,-4.578516,-0.09981209,0.1416185,2.097422,-0.4619308,-0.003303074,0.8869098,-0.2883972,0.946209,-0.1466825,-0.8387175,-0.3235395,-0.4380357,moving,54.59819,26.91801,-2.724535,3.862764
05/15/2023 12:32:20.259729,4696,True,True,True,True,Eyes,2.318739,-0.03525763,-3.508153,-0.7843569,-0.2817201,-0.5526463,0.0,0.0,0.0,0.0,0.0,0.0,0.0,4.162586,0.1707568,0.3491478,2.235364,-0.01939717,-3.53284,0.08781206,-0.8418014,0.1364462,0.5148225,18.67117,242.8245,359.5555,0.5646192,-0.008345257,-0.8253091,-0.1543093,-0.01763191,-0.1259213,0.5110583,-0.5781723,-4.566609,-0.09879196,0.1442676,2.09756,-0.454494,-0.007349525,0.8907195,-0.2883317,0.9473431,-0.1393059,-0.8427932,-0.3201363,-0.4326808,moving,54.83204,27.01093,-2.696553,3.934538
05/15/2023 12:32:20.279904,4697,True,True,True,True,Eyes,2.31443,-0.03468014,-3.509697,-0.7866261,-0.2814813,-0.549534,0.0,0.0,0.0,0.0,0.0,0.0,0.0,4.158266,0.1958448,0.3653278,2.226123,-0.01878656,-3.536527,0.08922019,-0.8402936,0.1327055,0.5180115,18.38842,243.183,359.2479,0.5633017,-0.008349227,-0.8262088,-0.1450507,-0.016574,-0.118366,0.4879611,-0.5594631,-4.556254,-0.09766555,0.147191,2.097712,-0.447408,-0.01245639,0.8942434,-0.2874282,0.948858,-0.130589,-0.8468834,-0.3154573,-0.428107,moving,55.062,27.12235,-2.665659,4.013718
05/15/2023 12:32:20.290530,4698,True,True,True,True,Eyes,2.309951,-0.03413652,-3.511311,-0.7888489,-0.281479,-0.5463397,0.0,0.0,0.0,0.0,0.0,0.0,0.0,4.154578,0.2198912,0.3761306,2.217431,-0.01848532,-3.540198,0.09164327,-0.8387777,0.1311656,0.5204318,18.38651,243.4681,358.9608,0.5620276,-0.008339277,-0.8270762,-0.1363477,-0.01557956,-0.111264,0.4680619,-0.5483921,-4.547509,-0.0966695,0.149779,2.097848,-0.4415047,-0.01721113,0.8970939,-0.2902622,0.9487942,-0.1246495,-0.8490122,-0.3154257,-0.4238929,moving,55.29436,27.25792,-2.638341,4.083786
05/15/2023 12:32:20.316833,4699,True,True,True,True,Eyes,2.305322,-0.0336013,-3.512984,-0.7908999,-0.2817061,-0.5432488,0.0,0.0,0.0,0.0,0.0,0.0,0.0,4.150525,0.2445185,0.3867183,2.208898,-0.01871395,-3.54353,0.09540544,-0.8368003,0.1323393,0.5226371,18.73599,243.762,358.7088,0.5607885,-0.008317607,-0.8279169,-0.1281668,-0.01464478,-0.1045882,0.4483218,-0.5347278,-4.540116,-0.09562379,0.1524927,2.097991,-0.4354967,-0.02133974,0.8999376,-0.2980014,0.9467682,-0.1217582,-0.849434,-0.3212079,-0.4186738,moving,55.51583,27.40937,-2.609664,4.157241
05/15/2023 12:32:20.329443,4700,True,True,True,True,Eyes,2.300548,-0.03307988,-3.514714,-0.7929031,-0.2822614,-0.5400308,0.0,0.0,0.0,0.0,0.0,0.0,0.0,4.146958,0.2580237,0.3997436,2.200705,-0.01796339,-3.546859,0.09898344,-0.8344783,0.1359939,0.5247421,19.32034,244.0932,358.6353,0.5595782,-0.008285591,-0.8287357,-0.1204768,-0.0137661,-0.09831291,0.4328858,-0.5315649,-4.53381,-0.09464657,0.1550322,2.098124,-0.4296961,-0.02247556,0.9026939,-0.3079225,0.9434158,-0.1230863,-0.8488494,-0.3308494,-0.412303,moving,55.74199,27.59501,-2.582868,4.225956
05/15/2023 12:32:20.340123,4701,True,True,True,True,Eyes,2.295632,-0.03258132,-3.516493,-0.7949126,-0.2828275,-0.5367703,0.0,0.0,0.0,0.0,0.0,0.0,0.0,4.143491,0.2631214,0.4149818,2.192445,-0.0176972,-3.550048,0.1012914,-0.8322008,0.1395611,0.5269768,19.81853,244.4579,358.6906,0.5583902,-0.008244582,-0.829537,-0.1132482,-0.01294013,-0.09241414,0.4203707,-0.5414497,-4.525484,-0.09364384,0.157635,2.09826,-0.4240708,-0.02149856,0.9053736,-0.3156804,0.9405255,-0.1255293,-0.8488283,-0.3390421,-0.4056361,moving,55.97054,27.78502,-2.555374,4.29636
05/15/2023 12:32:20.359765,4702,True,True,True,True,Eyes,2.290574,-0.03211024,-3.518262,-0.7968571,-0.283794,-0.5333665,0.0,0.0,0.0,0.0,0.0,0.0,0.0,4.140045,0.2607982,0.43571,2.184361,-0.01796603,-3.553319,0.1019608,-0.8299224,0.1421954,0.5297294,20.12355,244.8979,358.8656,0.5572194,-0.008196024,-0.8303244,-0.1064533,-0.01216372,-0.08686929,0.4098687,-0.5588217,-4.515352,-0.09258169,0.1603927,2.098405,-0.4179814,-0.01858895,0.9082654,-0.3198893,0.9387689,-0.1279991,-0.8502719,-0.3440456,-0.3983345,moving,56.20411,28.01658,-2.526253,4.370934
05/15/2023 12:32:20.379769,4703,True,True,True,True,Eyes,2.285371,-0.03165887,-3.520067,-0.7988399,-0.2847728,-0.5298673,0.0,0.0,0.0,0.0,0.0,0.0,0.0,4.135271,0.2583189,0.4527216,2.1759,-0.01805429,-3.554895,0.1038735,-0.8274326,0.1472389,0.5318707,20.74167,245.2943,359.0643,0.5560618,-0.008141339,-0.8311006,-0.1000661,-0.0114339,-0.08165713,0.3983599,-0.5736309,-4.504603,-0.09145826,0.1633123,2.098557,-0.4126481,-0.01527256,0.9107627,-0.3285208,0.935062,-0.133166,-0.8495858,-0.3541551,-0.3908689,moving,56.44384,28.25544,-2.495457,4.449862
05/15/2023 12:32:20.389738,4704,True,True,True,True,Eyes,2.280016,-0.03122803,-3.521879,-0.8008708,-0.2858053,-0.5262332,0.0,0.0,0.0,0.0,0.0,0.0,0.0,4.131069,0.263611,0.4717207,2.167405,-0.01799737,-3.558058,0.1057438,-0.8249596,0.1501467,0.5345242,21.14781,245.7216,359.1427,0.5549129,-0.0080816,-0.8318687,-0.09406216,-0.01074787,-0.07675771,0.3847983,-0.5828573,-4.492757,-0.09057468,0.1656056,2.098677,-0.4062044,-0.01395461,0.9136758,-0.3349828,0.9325484,-0.1346847,-0.8501675,-0.3607752,-0.3834799,moving,56.69203,28.50706,-2.471238,4.511835
05/15/2023 12:32:20.409800,4705,True,True,True,True,Eyes,2.274543,-0.03083448,-3.523751,-0.8030699,-0.2865734,-0.5224503,0.0,0.0,0.0,0.0,0.0,0.0,0.0,4.124767,0.2759791,0.4935298,2.15844,-0.01803997,-3.560091,0.1072353,-0.8226005,0.1505272,0.5377461,21.28321,246.1786,359.1064,0.5537694,-0.008017812,-0.8326311,-0.08841842,-0.01010299,-0.07215224,0.3744018,-0.6025746,-4.479205,-0.08951575,0.1683533,2.098822,-0.3986599,-0.01453284,0.9169838,-0.3383144,0.9316843,-0.1323168,-0.8524166,-0.3629782,-0.3763419,moving,56.95332,28.74556,-2.442212,4.586061
05/15/2023 12:32:20.430009,4706,True,True,True,True,Eyes,2.26892,-0.03047142,-3.525644,-0.8053356,-0.2873083,-0.5185445,0.0,0.0,0.0,0.0,0.0,0.0,0.0,4.119717,0.286916,0.5145249,2.150051,-0.01852453,-3.563152,0.1086131,-0.8202698,0.1511583,0.5408438,21.4363,246.6266,359.0965,0.5526285,-0.007951308,-0.8333894,-0.08311332,-0.009496815,-0.0678231,0.3616118,-0.6145639,-4.466858,-0.08850318,0.170984,2.09896,-0.3913825,-0.01467801,0.9201112,-0.3416901,0.9307088,-0.1304957,-0.85444,-0.3654665,-0.3692784,moving,57.22307,28.98938,-2.414461,4.657106
05/15/2023 12:32:20.439924,4707,True,True,True,True,Eyes,2.263167,-0.03013826,-3.527561,-0.8078211,-0.2876753,-0.5144589,0.0,0.0,0.0,0.0,0.0,0.0,0.0,4.113711,0.2932264,0.5375237,2.140875,-0.01889339,-3.565645,0.1088949,-0.8180724,0.1508091,0.5442022,21.42403,247.1024,359.1367,0.5514856,-0.007882999,-0.8341469,-0.07812652,-0.008927005,-0.06375372,0.3452425,-0.616883,-4.453256,-0.08746564,0.1736788,2.099102,-0.3839718,-0.01402653,0.9232384,-0.3423091,0.930797,-0.1282238,-0.8575491,-0.3652672,-0.3622011,moving,57.50908,29.21306,-2.386028,4.729856
05/15/2023 12:32:20.459390,4708,True,True,True,True,Eyes,2.257287,-0.02984044,-3.5295,-0.8103245,-0.2881089,-0.510262,0.0,0.0,0.0,0.0,0.0,0.0,0.0,4.108613,0.2969624,0.5599222,2.132243,-0.01928042,-3.568692,0.1089334,-0.8159471,0.1506475,0.5474204,21.41408,247.5661,359.2102,0.5503395,-0.007813856,-0.8349041,0.0,0.0,0.0,0.3299163,-0.6202732,-4.440889,-0.08641392,0.1764102,2.099244,-0.3769287,-0.01283273,0.9261534,-0.3427029,0.9308777,-0.1265761,-0.8605113,-0.3651056,-0.3552724,moving,57.80135,29.45035,-2.35721,4.80357
05/15/2023 12:32:20.480053,4709,True,True,True,True,Eyes,2.251293,-0.0295969,-3.53145,-0.8129244,-0.288365,-0.5059639,0.0,0.0,0.0,0.0,0.0,0.0,0.0,4.102658,0.30604,0.5807729,2.123343,-0.01981345,-3.571243,0.1099833,-0.8136395,0.1511035,0.5505111,21.52958,248.0172,359.2236,0.5491868,-0.007744746,-0.8356634,0.0,0.0,0.0,0.312044,-0.6178574,-4.42784,-0.0853911,0.1790656,2.099383,-0.3696828,-0.01260514,0.9290727,-0.3453417,0.9301428,-0.1247935,-0.8625974,-0.3669814,-0.3482108,moving,58.10188,29.6802,-2.329187,4.875209
05/15/2023 12:32:20.489995,4710,True,True,True,True,Eyes,2.245197,-0.02938461,-3.533427,-0.8154634,-0.2888272,-0.5015957,0.0,0.0,0.0,0.0,0.0,0.0,0.0,4.097572,0.3158377,0.5989022,2.114967,-0.02085999,-3.574215,0.1111998,-0.81146,0.1517389,0.5533016,21.67333,248.4288,359.226,0.5480273,-0.007677035,-0.8364249,0.0,0.0,0.0,0.2951229,-0.6156147,-4.415741,-0.08438176,0.1816884,2.099521,-0.3629841,-0.01255367,0.931711,-0.3483832,0.9292198,-0.123206,-0.8642176,-0.3693142,-0.3416655,moving,58.40411,29.93406,-2.301534,4.945942
05/15/2023 12:32:20.509969,4711,True,True,True,True,Eyes,2.239006,-0.02920065,-3.535491,-0.8181177,-0.2890516,-0.4971244,0.0,0.0,0.0,0.0,0.0,0.0,0.0,4.092398,0.329958,0.6125679,2.106412,-0.02135052,-3.576927,0.113651,-0.8092239,0.1534121,0.5556121,21.99844,248.7852,359.168,0.5468592,-0.007611313,-0.8371898,0.0,0.0,0.0,0.2792952,-0.6177623,-4.402801,-0.08332866,0.1844217,2.099664,-0.3567573,-0.01346294,0.9341002,-0.3544136,0.9270963,-0.1219978,-0.8643584,-0.3745813,-0.3355199,moving,58.71529,30.17575,-2.272686,5.01963
05/15/2023 12:32:20.529746,4712,True,True,True,True,Eyes,2.232709,-0.02905358,-3.537587,-0.8207567,-0.2892472,-0.4926404,0.0,0.0,0.0,0.0,0.0,0.0,0.0,4.08745,0.3466061,0.624445,2.097585,-0.0219039,-3.580079,0.1154857,-0.8074135,0.1529668,0.5579855,22.07955,249.1046,359.0241,0.5456799,-0.007548015,-0.8379595,0.0,0.0,0.0,0.2650073,-0.6215223,-4.391389,-0.08232421,0.1870284,2.099801,-0.3506306,-0.0157829,0.9363809,-0.3571958,0.9265285,-0.1181362,-0.865719,-0.3758935,-0.3305068,moving,59.02668,30.41875,-2.245172,5.089879
05/15/2023 12:32:20.539448,4713,True,True,True,True,Eyes,2.226298,-0.02894576,-3.539716,-0.8234693,-0.2892599,-0.488085,0.0,0.0,0.0,0.0,0.0,0.0,0.0,4.082013,0.3679484,0.6350818,2.088813,-0.02265286,-3.582999,0.1174149,-0.8057753,0.1514006,0.5603729,22.06029,249.3976,358.792,0.5444888,-0.007487813,-0.8387345,0.0,0.0,0.0,0.2529912,-0.6308318,-4.380542,-0.08123058,0.1898691,2.099949,-0.344392,-0.01953857,0.9386228,-0.3589016,0.9265832,-0.1123974,-0.8675161,-0.375582,-0.3261203,moving,59.34402,30.65279,-2.21522,5.16641
05/15/2023 12:32:20.560054,4714,True,True,True,True,Eyes,2.219776,-0.02889575,-3.541886,-0.8262159,-0.2891985,-0.483458,0.0,0.0,0.0,0.0,0.0,0.0,0.0,4.075991,0.3936414,0.6468754,2.079788,-0.02353255,-3.586228,0.1200555,-0.8038187,0.1502149,0.5629368,22.12684,249.7204,358.5227,0.5432839,-0.007431302,-0.839516,0.0,0.0,0.0,0.2389073,-0.6317584,-4.372045,-0.08024591,0.1924241,2.100082,-0.337378,-0.0238827,0.9410663,-0.3621286,0.9260443,-0.1063238,-0.8689299,-0.3766584,-0.3210755,moving,59.66607,30.88733,-2.188255,5.235219
05/15/2023 12:32:20.579610,4715,True,True,True,True,Eyes,2.213144,-0.02890274,-3.544098,-0.8291146,-0.2889012,-0.4786494,0.0,0.0,0.0,0.0,0.0,0.0,0.0,4.069431,0.4112875,0.6653609,2.070642,-0.02489023,-3.589423,0.1210821,-0.8017756,0.1483037,0.5661282,22.01867,250.1357,358.3778,0.5420643,-0.007379524,-0.8403043,0.0,0.0,0.0,0.2241255,-0.6291848,-4.364219,-0.07923687,0.195044,2.10022,-0.3296762,-0.02624357,0.9437293,-0.3620792,0.9266902,-0.1007166,-0.8719017,-0.3749087,-0.31501,moving,60.00208,31.11416,-2.160624,5.305748
05/15/2023 12:32:20.590479,4716,True,True,True,True,Eyes,2.206411,-0.02896009,-3.546363,-0.8320489,-0.2886084,-0.4737085,0.0,0.0,0.0,0.0,0.0,0.0,0.0,4.062591,0.4210989,0.6898146,2.061424,-0.02632937,-3.592723,0.1213079,-0.7993701,0.1472057,0.5697564,21.9363,250.6456,358.3817,0.5408287,-0.007333352,-0.8411004,0.0,0.0,0.0,0.2094147,-0.6295315,-4.355183,-0.07814181,0.1978918,2.10037,-0.3213242,-0.02619712,0.9466068,-0.3616826,0.9272298,-0.0971117,-0.8751779,-0.3735755,-0.3074164,moving,60.34594,31.35199,-2.13064,5.382383
05/15/2023 12:32:20.609681,4717,True,True,True,True,Eyes,2.19956,-0.02908948,-3.548678,-0.835158,-0.2880568,-0.468545,0.0,0.0,0.0,0.0,0.0,0.0,0.0,4.055684,0.430855,0.7156773,2.052317,-0.02759737,-3.596336,0.1217466,-0.7967477,0.1466101,0.5734776,21.91684,251.1815,358.4035,0.5395766,-0.007293448,-0.8419045,0.0,0.0,0.0,0.1920446,-0.6245692,-4.344093,-0.07713836,0.2004922,2.100506,-0.3126028,-0.02584738,0.9495324,-0.3621579,0.9273665,-0.09398469,-0.8781353,-0.3732604,-0.2992582,moving,60.70646,31.58278,-2.103169,5.452335
05/15/2023 12:32:20.630021,4718,True,True,True,True,Eyes,2.026094,-0.03414544,-3.6079,-0.9038662,-0.2716613,-0.3304938,2.081828,0.1444002,-0.5996976,-4.295931,0.5251908,0.8021666,0.2840831,-0.07268721,0.2164669,2.088276,2.042749,-0.02953668,-3.600067,0.1211721,-0.7941516,0.1449217,0.5776143,21.72556,251.763,358.4554,0.5383067,-0.00726091,-0.8427173,0.0,0.0,0.0,0.173962,-0.6207079,-4.330272,-0.07611114,0.2031613,2.100645,-0.3033582,-0.02504039,0.9525476,-0.3598758,0.9286301,-0.09019811,-0.8823056,-0.3701611,-0.290719,moving,69.91534,39.41973,-2.075048,5.524111
05/15/2023 12:32:20.639945,4719,True,True,True,True,Eyes,2.025716,-0.03420843,-3.608057,-0.9040057,-0.2716987,-0.3300811,0.0,0.0,0.0,0.0,0.0,0.0,0.0,4.041217,0.4415065,0.7733951,2.033749,-0.03148434,-3.603799,0.1209522,-0.7913518,0.1449648,0.5814795,21.72171,252.346,358.591,0.5331321,-0.007374635,-0.8459994,-0.5203965,-0.01516789,-0.1776652,0.1564845,-0.6189376,-4.315659,-0.07509375,0.2058068,2.100785,-0.2945047,-0.02284343,0.9553771,-0.3600196,0.9287115,-0.0887738,-0.8852419,-0.3700987,-0.281734,moving,69.94126,39.45872,-2.047199,5.595219
05/15/2023 12:32:20.659626,4720,True,True,True,True,Eyes,2.025014,-0.03434972,-3.608417,-0.9042508,-0.2717618,-0.3293569,0.0,0.0,0.0,0.0,0.0,0.0,0.0,4.036667,0.4442554,0.8003397,2.026262,-0.03356385,-3.609117,0.1213375,-0.7884166,0.1466348,0.5849571,21.91144,252.9099,358.7784,0.528713,-0.007468999,-0.8487673,-0.4891727,-0.01425781,-0.1670053,0.1365133,-0.6117282,-4.30019,-0.07404965,0.2085174,2.100926,-0.2862049,-0.01977878,0.9579643,-0.362879,0.9275509,-0.08926424,-0.8867951,-0.3731731,-0.272647,moving,69.98676,39.52702,-2.018622,5.668055
05/15/2023 12:32:20.679739,4721,True,True,True,True,Eyes,2.024043,-0.03456579,-3.608988,-0.9045846,-0.2718891,-0.3283337,0.0,0.0,0.0,0.0,0.0,0.0,0.0,4.031798,0.4479465,0.8251743,2.017832,-0.035578,-3.614422,0.121317,-0.7857892,0.146953,0.5884066,21.94496,253.4402,358.9052,0.524828,-0.007552946,-0.8511745,-0.4598223,-0.01340234,-0.156985,0.1192166,-0.61119,-4.284223,-0.07297957,0.2112938,2.101071,-0.2781198,-0.01772298,0.9603829,-0.3635955,0.9273739,-0.08818071,-0.8890713,-0.3737157,-0.264365,moving,70.05081,39.62774,-1.989338,5.742631
05/15/2023 12:32:20.690183,4722,True,True,True,True,Eyes,2.022739,-0.0348336,-3.609701,-0.9049797,-0.2721009,-0.3270671,0.0,0.0,0.0,0.0,0.0,0.0,0.0,4.025579,0.4530872,0.8473649,2.008437,-0.03712787,-3.61848,0.1217251,-0.7831967,0.1474905,0.5916355,22.02814,253.9413,359.0019,0.5212988,-0.007633586,-0.8533398,-0.4322329,-0.0125982,-0.1475659,0.1059707,-0.617972,-4.270085,-0.07202858,0.2137662,2.101202,-0.2703012,-0.01614815,0.9626405,-0.3651907,0.9268591,-0.08699445,-0.8908274,-0.375062,-0.2564283,moving,70.12972,39.7585,-1.963314,5.809013
05/15/2023 12:32:20.709657,4723,True,True,True,True,Eyes,2.021094,-0.03513459,-3.610548,-0.9054533,-0.2722662,-0.3256155,0.0,0.0,0.0,0.0,0.0,0.0,0.0,4.019978,0.4608594,0.8656006,1.999199,-0.03861669,-3.62265,0.1226301,-0.7807713,0.1481502,0.5944825,22.157,254.3857,359.0505,0.518084,-0.00771254,-0.8552946,-0.406299,-0.01184231,-0.1387119,0.09065437,-0.6189278,-4.257222,-0.07100862,0.2164124,2.101339,-0.2631048,-0.01534683,0.9646451,-0.3676375,0.9260268,-0.0855399,-0.8919744,-0.3771457,-0.2492841,moving,70.22061,39.90098,-1.935407,5.880037
05/15/2023 12:32:20.729903,4724,True,True,True,True,Eyes,2.019136,-0.03547378,-3.611525,-0.9060179,-0.2723433,-0.3239764,0.0,0.0,0.0,0.0,0.0,0.0,0.0,4.013952,0.4713358,0.8822761,1.989381,-0.03975239,-3.626729,0.1233415,-0.7786164,0.1473599,0.5973514,22.13747,254.7967,359.009,0.5151462,-0.007790801,-0.8570665,-0.381921,-0.01113177,-0.1303892,0.07527915,-0.6211032,-4.243778,-0.06997162,0.2191058,2.101481,-0.2559166,-0.01602017,0.9665661,-0.3681227,0.9261439,-0.08211723,-0.8938637,-0.3768301,-0.242913,moving,70.32383,40.05131,-1.907035,5.952299
05/15/2023 12:32:20.739985,4725,True,True,True,True,Eyes,2.016881,-0.03583606,-3.612653,-0.9066865,-0.2722503,-0.3221791,0.0,0.0,0.0,0.0,0.0,0.0,0.0,4.008164,0.4819894,0.8984828,1.979942,-0.04102878,-3.630855,0.123692,-0.7766756,0.1457331,0.6001977,22.01529,255.1853,358.937,0.5124515,-0.007869392,-0.8586797,-0.3590057,-0.01046387,-0.1225659,0.06120083,-0.6247839,-4.23202,-0.06893402,0.2217997,2.101621,-0.2489262,-0.01719971,0.9683698,-0.3670745,0.9269243,-0.07789547,-0.8962658,-0.3748541,-0.2370493,moving,70.438,40.19874,-1.878651,6.024549
05/15/2023 12:32:20.759927,4726,True,True,True,True,Eyes,2.014315,-0.0362196,-3.613898,-0.9074634,-0.2719537,-0.3202364,0.0,0.0,0.0,0.0,0.0,0.0,0.0,4.002368,0.4946306,0.9133592,1.970465,-0.0420174,-3.635014,0.1241812,-0.7748421,0.1436662,0.6029586,21.86305,255.5491,358.8151,0.5099695,-0.007948851,-0.8601553,-0.3374654,-0.009836035,-0.1152119,0.04543859,-0.6227798,-4.221342,-0.06790596,0.22447,2.101761,-0.2420406,-0.01919218,0.9700765,-0.3656911,0.9278781,-0.07288502,-0.8987139,-0.3723894,-0.2316026,moving,70.56248,40.33885,-1.85053,6.096135
05/15/2023 12:32:20.779597,4727,True,True,True,True,Eyes,2.011448,-0.0366034,-3.61523,-0.9083213,-0.2714627,-0.3182144,0.0,0.0,0.0,0.0,0.0,0.0,0.0,3.996312,0.507259,0.9276872,1.96046,-0.04296447,-3.639116,0.1241462,-0.7732542,0.1403292,0.6057835,21.55731,255.894,358.6461,0.5076728,-0.008029623,-0.8615121,-0.3172175,-0.009245872,-0.1082992,0.02926276,-0.6170891,-4.211516,-0.06681132,0.227311,2.10191,-0.2352287,-0.0219749,0.9716918,-0.3620113,0.9297909,-0.06660893,-0.9020064,-0.3674317,-0.2266686,moving,70.69299,40.46688,-1.820591,6.172261
05/15/2023 12:32:20.789412,4728,True,True,True,True,Eyes,2.008258,-0.03692826,-3.616617,-0.9092777,-0.2709275,-0.3159308,0.0,0.0,0.0,0.0,0.0,0.0,0.0,3.989109,0.5218967,0.9452243,1.950539,-0.04339994,-3.643121,0.1244535,-0.7713192,0.1371943,0.6088971,21.29685,256.2887,358.4678,0.5055369,-0.008111607,-0.8627663,-0.2981844,-0.00869112,-0.1018013,0.0132108,-0.6102618,-4.20247,-0.06583428,0.2298482,2.102045,-0.2275111,-0.02491232,0.9734566,-0.3590612,0.9313781,-0.06008245,-0.9051594,-0.3632,-0.2208439,moving,70.84009,40.61485,-1.79387,6.240219
05/15/2023 12:32:20.810050,4729,True,True,True,True,Eyes,2.004791,-0.0372472,-3.618102,-0.9103844,-0.2701546,-0.3133957,0.0,0.0,0.0,0.0,0.0,0.0,0.0,3.977706,0.5429683,0.9694858,1.939644,-0.04233159,-3.645935,0.126014,-0.7684484,0.1348636,0.6127151,21.20419,256.8067,358.2541,0.5035396,-0.008193289,-0.8639327,-0.2802933,-0.008169653,-0.09569318,-0.00478069,-0.5975262,-4.194001,-0.06470853,0.2327732,2.102198,-0.217402,-0.0284046,0.975669,-0.3589364,0.9318646,-0.05285006,-0.9076901,-0.3616927,-0.2127846,moving,71.00421,40.76213,-1.763086,6.318537
05/15/2023 12:32:20.830104,4730,True,True,True,True,Eyes,2.001077,-0.03750088,-3.619678,-0.9115737,-0.2694212,-0.3105569,0.0,0.0,0.0,0.0,0.0,0.0,0.0,3.965414,0.559733,1.005332,1.929664,-0.04258507,-3.650079,0.125664,-0.7652826,0.1304604,0.6176822,20.78848,257.4655,358.0893,0.5016612,-0.008274574,-0.865024,-0.2634757,-0.007679474,-0.08995159,-0.02233499,-0.5863275,-4.183623,-0.06377804,0.2351861,2.102323,-0.2053547,-0.03117078,0.9781912,-0.3535032,0.9343773,-0.04443736,-0.9126144,-0.354919,-0.2028977,moving,71.18694,40.94303,-1.737646,6.383118
05/15/2023 12:32:20.840321,4731,True,True,True,True,Eyes,1.997079,-0.0376785,-3.621346,-0.9128291,-0.2687921,-0.3073985,0.0,0.0,0.0,0.0,0.0,0.0,0.0,3.954692,0.5693415,1.037125,1.920049,-0.04127151,-3.653913,0.1263255,-0.7618807,0.1298551,0.6218662,20.79242,258.0959,358.1007,0.4998846,-0.00835394,-0.8660512,-0.2476672,-0.007218705,-0.08455449,-0.04048944,-0.579314,-4.167091,-0.06273738,0.2378902,2.102464,-0.1946488,-0.03098492,0.9803835,-0.3539949,0.9343591,-0.04075307,-0.9147674,-0.3549833,-0.1928404,moving,71.38886,41.16675,-1.709195,6.455464
05/15/2023 12:32:20.859499,4732,True,True,True,True,Eyes,1.992828,-0.03783344,-3.6231,-0.9142855,-0.2677518,-0.3039589,0.0,0.0,0.0,0.0,0.0,0.0,0.0,3.944187,0.5774456,1.06724,1.909334,-0.03963718,-3.658132,0.1265612,-0.7586839,0.1284508,0.6260043,20.69314,258.7042,358.0876,0.4981938,-0.008429741,-0.8670242,-0.2328072,-0.006785583,-0.07948122,-0.06156611,-0.5621485,-4.147748,-0.06171098,0.2405531,2.102604,-0.1842019,-0.03121842,0.9823926,-0.3528615,0.9349653,-0.03645141,-0.917365,-0.3533629,-0.1832382,moving,71.61034,41.37623,-1.681136,6.526673
05/15/2023 12:32:20.880153,4733,True,True,True,True,Eyes,1.988395,-0.03792417,-3.624949,-0.9156739,-0.2671117,-0.3003209,0.0,0.0,0.0,0.0,0.0,0.0,0.0,3.9323,0.5771421,1.105525,1.899038,-0.0393486,-3.662017,0.1237599,-0.7558567,0.1232904,0.631002,20.03324,259.372,358.0788,0.4965745,-0.008501812,-0.8679519,-0.2188387,-0.006378448,-0.07471235,-0.07775475,-0.5585839,-4.128816,-0.06068826,0.2432104,2.102743,-0.1730399,-0.0314965,0.9844111,-0.3426825,0.9389659,-0.0301943,-0.9233775,-0.3425652,-0.1732718,moving,71.84164,41.65056,-1.653181,6.597706
05/15/2023 12:32:20.889945,4734,True,True,True,True,Eyes,1.983698,-0.03789603,-3.626874,-0.9171017,-0.2665116,-0.2964728,0.0,0.0,0.0,0.0,0.0,0.0,0.0,3.923819,0.5871796,1.1276,1.890222,-0.0378626,-3.665821,0.1256134,-0.7527568,0.1248195,0.6340336,20.31637,259.876,358.1158,0.4950152,-0.008568975,-0.8688415,-0.2057084,-0.005995741,-0.07022961,-0.09555905,-0.550949,-4.111026,-0.05965224,0.2458992,2.102885,-0.1644453,-0.03083323,0.9859042,-0.3473922,0.9372827,-0.02863114,-0.9231882,-0.3472037,-0.164843,moving,72.08546,41.95367,-1.624866,6.669549
05/15/2023 12:32:20.909976,4735,True,True,True,True,Eyes,1.978778,-0.03780726,-3.628847,-0.9186289,-0.2657118,-0.2924351,0.0,0.0,0.0,0.0,0.0,0.0,0.0,3.912533,0.6039885,1.151723,1.87919,-0.03498337,-3.669688,0.1273341,-0.7496197,0.1234913,0.6376569,20.33656,260.4053,357.9578,0.4935044,-0.008628863,-0.8697,-0.1933659,-0.005635996,-0.06601583,-0.1178624,-0.5245679,-4.091643,-0.05864248,0.2485244,2.103022,-0.1543595,-0.0334142,0.9874495,-0.3483945,0.9370718,-0.02275205,-0.924551,-0.3475339,-0.1562873,moving,72.34172,42.25885,-1.597271,6.739664
05/15/2023 12:32:20.930003,4736,True,True,True,True,Eyes,1.973725,-0.03770566,-3.630894,-0.9201382,-0.2650976,-0.2882167,0.0,0.0,0.0,0.0,0.0,0.0,0.0,3.898998,0.6163501,1.18587,1.869079,-0.0335037,-3.673387,0.1261998,-0.7467428,0.1176651,0.6423424,19.74644,261.0082,357.7278,0.4920324,-0.008680752,-0.870533,-0.1817639,-0.005297836,-0.06205488,-0.1292463,-0.5307415,-4.076457,-0.05755797,0.2513375,2.103169,-0.1429397,-0.03731499,0.9890279,-0.3396403,0.940457,-0.01360415,-0.9296306,-0.3378582,-0.1471023,moving,72.60778,42.60741,-1.567637,6.814769
05/15/2023 12:32:20.939639,4737,True,True,True,True,Eyes,1.968496,-0.03757362,-3.632994,-0.9215056,-0.2650187,-0.2838884,0.0,0.0,0.0,0.0,0.0,0.0,0.0,3.888947,0.6340832,1.208381,1.860834,-0.03306189,-3.677275,0.1284576,-0.7435439,0.1181571,0.6455078,19.97138,261.5125,357.6532,0.4905924,-0.00872512,-0.8713449,-0.1708581,-0.004979966,-0.05833159,-0.145109,-0.5262125,-4.060073,-0.05660284,0.2538197,2.103299,-0.1336372,-0.03848511,0.990283,-0.3435704,0.9390751,-0.009869197,-0.9295703,-0.3415508,-0.1387176,moving,72.87749,43.03113,-1.541541,6.881007
05/15/2023 12:32:20.959746,4738,True,True,True,True,Eyes,1.963111,-0.03738691,-3.635135,-0.9229001,-0.2649292,-0.2794063,0.0,0.0,0.0,0.0,0.0,0.0,0.0,3.879778,0.6494877,1.225765,1.851354,-0.03212078,-3.680824,0.1313017,-0.7403762,0.1203327,0.6481691,20.38913,261.979,357.6501,0.4891773,-0.008761994,-0.8721399,-0.1606066,-0.004681168,-0.05483169,-0.1655076,-0.5008861,-4.041266,-0.0555796,0.2564792,2.103439,-0.1252738,-0.03843357,0.9913776,-0.3504171,0.9365599,-0.00797145,-0.9281781,-0.3483943,-0.1307942,moving,73.15641,43.47653,-1.513586,6.951943
05/15/2023 12:32:20.979640,4739,True,True,True,True,Eyes,1.963111,-0.03738691,-3.635135,-0.9229001,-0.2649292,-0.2794063,0.0,0.0,0.0,0.0,0.0,0.0,0.0,3.869314,0.6593822,1.249205,1.842271,-0.03062846,-3.684017,0.1320417,-0.7375386,0.1192853,0.6514391,20.36439,262.4736,357.5939,0.4877808,-0.008790815,-0.8729215,-0.1509702,-0.004400298,-0.05154179,-0.176324,-0.5061079,-4.025667,-0.05456161,0.2591197,2.103578,-0.1163842,-0.03935746,0.9924242,-0.350186,0.936672,-0.003920772,-0.9294217,-0.3479894,-0.1227962,moving,73.15641,43.47653,-1.485778,7.022343
05/15/2023 12:32:20.989881,4740,True,True,True,True,Eyes,1.963111,-0.03738691,-3.635135,-0.9229001,-0.2649292,-0.2794063,0.0,0.0,0.0,0.0,0.0,0.0,0.0,3.859303,0.6780893,1.267725,1.833875,-0.02858417,-3.687442,0.1344769,-0.7346501,0.1192048,0.6542136,20.55467,262.9088,357.4526,0.4865228,-0.008816736,-0.873623,-0.141912,-0.00413628,-0.04844929,-0.1863579,-0.5176879,-4.01109,-0.05348447,0.2619192,2.103725,-0.1078413,-0.04161614,0.9932968,-0.3535578,0.9354123,0.0008055681,-0.9291756,-0.351101,-0.1155898,moving,73.15641,43.47653,-1.456357,7.096953
05/15/2023 12:32:21.016981,4741,True,True,True,True,Eyes,1.963111,-0.03738691,-3.635135,-0.9229001,-0.2649292,-0.2794063,0.0,0.0,0.0,0.0,0.0,0.0,0.0,3.845261,0.6940945,1.294802,1.823981,-0.02611274,-3.690083,0.1352259,-0.7316052,0.116032,0.6580308,20.34944,263.4431,357.2393,0.4853898,-0.008840047,-0.8742528,-0.1333973,-0.003888103,-0.04554233,-0.1996225,-0.5129215,-3.995488,-0.0524849,0.2645134,2.10386,-0.0974192,-0.04515864,0.9942185,-0.3505692,0.936501,0.008186323,-0.9314564,-0.3477448,-0.1070645,moving,73.15641,43.47653,-1.429059,7.166063
05/15/2023 12:32:21.029576,4742,True,True,True,True,Eyes,1.963111,-0.03738691,-3.635135,-0.9229001,-0.2649292,-0.2794063,0.0,0.0,0.0,0.0,0.0,0.0,0.0,3.831001,0.6932657,1.331693,1.814718,-0.02445269,-3.692802,0.1326061,-0.7287572,0.1106491,0.6626353,19.69491,264.0655,357.1608,0.4843694,-0.008861014,-0.8748183,-0.1253935,-0.003654817,-0.04280979,-0.2100075,-0.5152684,-3.981554,-0.05147171,0.2671433,2.103997,-0.08666044,-0.04663537,0.9951459,-0.3399153,0.9403448,0.01446635,-0.9364549,-0.3370116,-0.09734278,moving,73.15641,43.47653,-1.401391,7.236092
05/15/2023 12:32:21.039904,4743,True,True,True,True,Eyes,1.963111,-0.03738691,-3.635135,-0.9229001,-0.2649292,-0.2794063,0.0,0.0,0.0,0.0,0.0,0.0,0.0,3.817287,0.6912631,1.36928,1.805957,-0.02369952,-3.696269,0.1305055,-0.7254943,0.107242,0.6671774,19.25345,264.7278,357.1912,0.4834505,-0.008879874,-0.8753263,-0.1178699,-0.003435528,-0.0402412,-0.2256227,-0.5028204,-3.963289,-0.05042808,0.2698541,2.10414,-0.07568542,-0.04626318,0.996058,-0.3324608,0.9429349,0.01853381,-0.9400753,-0.3297475,-0.08674704,moving,73.15641,43.47653,-1.372895,7.308239
05/15/2023 12:32:21.059887,4744,True,True,True,True,Eyes,1.963111,-0.03738691,-3.635135,-0.9229001,-0.2649292,-0.2794063,0.0,0.0,0.0,0.0,0.0,0.0,0.0,3.802846,0.6825914,1.406728,1.796325,-0.0229712,-3.698532,0.1277513,-0.7222589,0.1042344,0.6716824,18.79511,265.3979,357.3049,0.4826232,-0.008896837,-0.8757825,-0.1107977,-0.003229396,-0.03782673,-0.2441676,-0.4751163,-3.942886,-0.04942864,0.2724496,2.104276,-0.06504533,-0.04451426,0.9968891,-0.3245637,0.9456297,0.02104817,-0.9436248,-0.3221849,-0.07595655,moving,73.15641,43.47653,-1.345608,7.377289
05/15/2023 12:32:21.079724,4745,True,True,True,True,Eyes,1.963111,-0.03738691,-3.635135,-0.9229001,-0.2649292,-0.2794063,0.0,0.0,0.0,0.0,0.0,0.0,0.0,3.790312,0.6646495,1.443205,1.787238,-0.02263071,-3.700856,0.124443,-0.7190907,0.1029464,0.6758881,18.43778,266.0618,357.5949,0.4818781,-0.008912101,-0.8761926,-0.1041498,-0.003035633,-0.03555712,-0.2602758,-0.455698,-3.921814,-0.04828615,0.2754149,2.104431,-0.05537861,-0.03981101,0.9976715,-0.3181321,0.947832,0.02016337,-0.9464277,-0.3162746,-0.06515487,moving,73.15641,43.47653,-1.314421,7.456142
05/15/2023 12:32:21.089662,4746,True,True,True,True,Eyes,1.963111,-0.03738691,-3.635135,-0.9229001,-0.2649292,-0.2794063,0.0,0.0,0.0,0.0,0.0,0.0,0.0,3.778218,0.6548812,1.473067,1.778064,-0.0219658,-3.702935,0.1236573,-0.7155973,0.1050118,0.679413,18.56142,266.6896,357.9274,0.4812077,-0.008925824,-0.8765609,-0.09790082,-0.002853495,-0.0334237,-0.2766997,-0.4361517,-3.899729,-0.04733808,0.277878,2.10456,-0.04621394,-0.034285,0.9983431,-0.3196704,0.9473628,0.01773652,-0.9464011,-0.318321,-0.05474121,moving,73.15641,43.47653,-1.288543,7.521604
05/15/2023 12:32:21.109920,4747,True,True,True,True,Eyes,1.9547,-0.03677019,-3.638555,-0.9256994,-0.2635459,-0.2713375,0.0,0.0,0.0,0.0,0.0,0.0,0.0,3.767408,0.6475285,1.498852,1.769288,-0.0212153,-3.705183,0.1233506,-0.7123493,0.1073279,0.6825129,18.74075,267.2573,358.2311,0.4806038,-0.008938175,-0.876892,0.0,0.0,0.0,-0.2914073,-0.4205094,-3.87852,-0.0462978,0.2805792,2.104702,-0.0379217,-0.02923204,0.998853,-0.3222427,0.9465307,0.0154668,-0.9458973,-0.3212866,-0.04531385,moving,73.66328,44.16544,-1.260151,7.593369
05/15/2023 12:32:21.130043,4748,True,True,True,True,Eyes,1.9463,-0.03615764,-3.641917,-0.9282959,-0.2625791,-0.2632847,0.0,0.0,0.0,0.0,0.0,0.0,0.0,3.758123,0.6439828,1.518976,1.760895,-0.02070239,-3.707331,0.1239033,-0.709352,0.110448,0.6850322,19.05336,267.7527,358.5171,0.4798689,-0.008934594,-0.8772944,0.0,0.0,0.0,-0.3023969,-0.42213,-3.858345,-0.04528649,0.2832048,2.104839,-0.03075783,-0.02446121,0.9992276,-0.327103,0.9448984,0.01306252,-0.9444882,-0.3264485,-0.03706437,moving,74.16552,44.92312,-1.232553,7.66309
05/15/2023 12:32:21.139950,4749,True,True,True,True,Eyes,1.937902,-0.03560123,-3.644846,-0.9307492,-0.2616418,-0.2554397,0.0,0.0,0.0,0.0,0.0,0.0,0.0,3.749053,0.6504929,1.534164,1.752822,-0.02006416,-3.709368,0.1262262,-0.7062911,0.1145705,0.6870906,19.59065,268.202,358.731,0.4790154,-0.00891676,-0.8777609,0.0,0.0,0.0,-0.3122933,-0.4255263,-3.840307,-0.04421327,0.2859917,2.104985,-0.02394707,-0.02086416,0.9994956,-0.3357455,0.9418811,0.01161731,-0.9416483,-0.3352979,-0.02956039,moving,74.65331,45.68719,-1.203268,7.737058
05/15/2023 12:32:21.160174,4750,True,True,True,True,Eyes,1.929544,-0.03506226,-3.647732,-0.9329967,-0.2611097,-0.2476668,0.0,0.0,0.0,0.0,0.0,0.0,0.0,3.738809,0.6498415,1.555123,1.744763,-0.02049798,-3.711438,0.1267737,-0.7032145,0.1171486,0.6897058,19.8546,268.7106,358.9825,0.47806,-0.008887535,-0.8782819,0.0,0.0,0.0,-0.3204257,-0.4341959,-3.824777,-0.04322342,0.2885626,2.10512,-0.01646871,-0.01670207,0.9997249,-0.3398944,0.9404092,0.01011196,-0.9403194,-0.3396343,-0.02116421,moving,75.13352,46.51352,-1.176261,7.805264
05/15/2023 12:32:21.179442,4751,True,True,True,True,Eyes,1.921178,-0.03449633,-3.650563,-0.9351255,-0.2605537,-0.2401088,0.0,0.0,0.0,0.0,0.0,0.0,0.0,3.733276,0.6480991,1.565503,1.737411,-0.02045454,-3.713377,0.1283231,-0.700736,0.1220754,0.6910859,20.39253,269.0833,359.3207,0.4770139,-0.008848472,-0.8788509,0.0,0.0,0.0,-0.3264142,-0.4506452,-3.810339,-0.042144,0.291365,2.105267,-0.01186683,-0.01111204,0.9998679,-0.3485705,0.9372615,0.00627933,-0.9372075,-0.3484499,-0.01499565,moving,75.59946,47.33842,-1.146815,7.879575
05/15/2023 12:32:21.189953,4752,True,True,True,True,Eyes,1.912795,-0.033941,-3.653357,-0.9372204,-0.2597997,-0.2326417,0.0,0.0,0.0,0.0,0.0,0.0,0.0,3.728736,0.6457567,1.571918,1.728888,-0.01918128,-3.715101,0.1291986,-0.6989393,0.1246647,0.6922791,20.68004,269.3621,359.5102,0.4758856,-0.008799881,-0.8794629,0.0,0.0,0.0,-0.3342011,-0.458491,-3.794183,-0.04116851,0.2938987,2.105399,-0.008114701,-0.007998447,0.9999351,-0.3532094,0.9355329,0.004616931,-0.935509,-0.353149,-0.0104167,moving,76.0595,48.15665,-1.120206,7.946732
05/15/2023 12:32:21.209690,4753,True,True,True,True,Eyes,1.703305,-0.02118222,-3.722777,-0.972581,-0.228036,-0.04567096,0.0,0.0,0.0,0.0,0.0,0.0,0.0,3.721245,0.6448976,1.58477,1.72008,-0.0187546,-3.716991,0.1280699,-0.6974585,0.1220141,0.694451,20.36968,269.6516,359.4388,0.4746836,-0.008742986,-0.8801128,0.0,0.0,0.0,-0.3388309,-0.4756824,-3.783207,-0.04012397,0.2966106,2.105541,-0.002671702,-0.009181219,0.9999542,-0.3481125,0.9374214,0.007676987,-0.937449,-0.348076,-0.005700646,moving,87.31145,78.67466,-1.091717,8.018576
05/15/2023 12:32:21.229506,4754,True,True,True,True,Eyes,1.702969,-0.02120718,-3.722826,-0.9725797,-0.2280836,-0.04546161,0.0,0.0,0.0,0.0,0.0,0.0,0.0,3.71276,0.6565006,1.594854,1.711867,-0.01938027,-3.718638,0.1286637,-0.6957398,0.1199194,0.6964275,20.24745,269.9257,359.267,0.4671709,-0.008275055,-0.884128,-0.6284709,0.03827634,-0.2082589,-0.3464791,-0.4822933,-3.774658,-0.03900804,0.2995078,2.105693,0.003131025,-0.01200266,0.9999232,-0.3460632,0.93813,0.01234459,-0.938206,-0.3460753,-0.001216352,moving,87.32375,78.72754,-1.061285,8.095288
05/15/2023 12:32:21.239639,4755,True,True,True,True,Eyes,1.702294,-0.0212601,-3.722857,-0.9726359,-0.2279142,-0.04510617,0.0,0.0,0.0,0.0,0.0,0.0,0.0,3.703696,0.6714643,1.60371,1.703492,-0.02000211,-3.719923,0.1302442,-0.6937286,0.1192304,0.6982558,20.32315,270.2172,359.1323,0.4609145,-0.007888955,-0.8874092,-0.5907626,0.03597976,-0.1957633,-0.3590085,-0.4683856,-3.764765,-0.03808808,0.3018962,2.105818,0.009049516,-0.01420167,0.9998583,-0.3472148,0.9376411,0.01646053,-0.9377419,-0.3473146,0.003554203,moving,87.3448,78.80534,-1.0362,8.158501
05/15/2023 12:32:21.259722,4756,True,True,True,True,Eyes,1.701295,-0.02135052,-3.722922,-0.9727035,-0.2277389,-0.04453163,0.0,0.0,0.0,0.0,0.0,0.0,0.0,3.695605,0.6767672,1.613602,1.694705,-0.02070232,-3.721125,0.1305076,-0.6919383,0.1183949,0.7001228,20.27868,270.5118,359.0945,0.4556881,-0.007570644,-0.890107,-0.5553169,0.03382097,-0.1840175,-0.3694643,-0.4620458,-3.754503,-0.03706572,0.3045518,2.105957,0.01440813,-0.01482445,0.9997863,-0.3463883,0.9379008,0.01889873,-0.9379805,-0.3465866,0.008378388,moving,87.37875,78.9361,-1.008325,8.228749
05/15/2023 12:32:21.279732,4757,True,True,True,True,Eyes,1.699978,-0.02149794,-3.72303,-0.972809,-0.2274538,-0.04367192,0.0,0.0,0.0,0.0,0.0,0.0,0.0,3.68592,0.6835418,1.625816,1.685954,-0.021697,-3.722042,0.1309273,-0.6898488,0.1177125,0.7022182,20.26036,270.851,359.0643,0.4513037,-0.00730891,-0.8923402,-0.5219979,0.03179171,-0.1729765,-0.3784705,-0.4629313,-3.743425,-0.03604863,0.3071928,2.106096,0.02050483,-0.01532024,0.9996725,-0.3459599,0.9380036,0.02147135,-0.9380253,-0.3462868,0.01393345,moving,87.42957,79.13129,-0.9805977,8.298578
05/15/2023 12:32:21.289988,4758,True,True,True,True,Eyes,1.698349,-0.02169008,-3.723162,-0.9729147,-0.2272032,-0.04261065,0.0,0.0,0.0,0.0,0.0,0.0,0.0,3.676111,0.692507,1.638244,1.677044,-0.02318844,-3.723464,0.131691,-0.6875709,0.1173777,0.7043624,20.29949,271.2101,359.0383,0.4476057,-0.007095113,-0.8942026,-0.490678,0.02988421,-0.1625979,-0.388859,-0.4592777,-3.732512,-0.03490291,0.3101668,2.106251,0.02693767,-0.01574097,0.9995131,-0.3464465,0.9377599,0.02410544,-0.9376829,-0.3469272,0.01980764,moving,87.49223,79.3779,-0.9493675,8.377174
05/15/2023 12:32:21.309643,4759,True,True,True,True,Eyes,1.696418,-0.02195112,-3.723325,-0.9730627,-0.2268006,-0.0413569,0.0,0.0,0.0,0.0,0.0,0.0,0.0,3.665934,0.7018429,1.649487,1.667963,-0.02445038,-3.724212,0.1325182,-0.6853811,0.116915,0.7064153,20.33378,271.5512,358.9936,0.4443722,-0.006916015,-0.8958153,-0.4612373,0.02809116,-0.152842,-0.3987473,-0.4573166,-3.719914,-0.03394476,0.312656,2.106382,0.03316727,-0.01646991,0.9993141,-0.346832,0.9375396,0.02696318,-0.9373407,-0.3474884,0.02538338,moving,87.56629,79.66571,-0.923253,8.442924
05/15/2023 12:32:21.330766,4760,True,True,True,True,Eyes,1.694196,-0.02228587,-3.723493,-0.9731904,-0.2265045,-0.03995285,0.0,0.0,0.0,0.0,0.0,0.0,0.0,3.656521,0.7111952,1.659388,1.65879,-0.02635328,-3.725216,0.133099,-0.6833984,0.1159064,0.7083905,20.30348,271.8638,358.9183,0.441417,-0.006761219,-0.8972763,-0.4335631,0.02640569,-0.1436715,-0.4083548,-0.4577345,-3.707018,-0.0328973,0.3153757,2.106524,0.03906468,-0.01770525,0.9990799,-0.3461333,0.9377007,0.03015156,-0.9373718,-0.3469927,0.03050265,moving,87.64912,79.99657,-0.8947075,8.514726
05/15/2023 12:32:21.339590,4761,True,True,True,True,Eyes,1.691679,-0.02268577,-3.723657,-0.9732995,-0.2263021,-0.03841214,0.0,0.0,0.0,0.0,0.0,0.0,0.0,3.64729,0.7239664,1.665751,1.649593,-0.02843939,-3.725534,0.1345807,-0.681399,0.1159961,0.7100202,20.43773,272.1508,358.8573,0.4387072,-0.006630132,-0.8986053,-0.4075493,0.02482134,-0.1350512,-0.4180381,-0.4578482,-3.694038,-0.03189539,0.317978,2.106661,0.04448082,-0.01868721,0.9988356,-0.3481253,0.9368659,0.03303085,-0.9363923,-0.3491892,0.03516706,moving,87.73994,80.36652,-0.8674067,8.583396
05/15/2023 12:32:21.360259,4762,True,True,True,True,Eyes,1.688875,-0.0231322,-3.723815,-0.9733831,-0.2262177,-0.03675265,0.0,0.0,0.0,0.0,0.0,0.0,0.0,3.638367,0.7395785,1.669648,1.640011,-0.03034063,-3.725837,0.1368347,-0.6793061,0.1169522,0.7114365,20.70712,272.4287,358.8057,0.4362131,-0.006522011,-0.8998194,-0.3830963,0.02333206,-0.1269481,-0.4282681,-0.456154,-3.682111,-0.03085566,0.3206756,2.106802,0.04973085,-0.01949721,0.9985725,-0.3523134,0.9351969,0.03580572,-0.9345599,-0.3535911,0.03963897,moving,87.83768,80.77202,-0.8390786,8.654542
05/15/2023 12:32:21.379387,4763,True,True,True,True,Eyes,1.685792,-0.02362435,-3.72398,-0.97348,-0.2260841,-0.03496647,0.0,0.0,0.0,0.0,0.0,0.0,0.0,3.630704,0.7451517,1.674501,1.630319,-0.03187834,-3.725891,0.1378091,-0.6774812,0.1178653,0.7128364,20.8654,272.7024,358.854,0.4339078,-0.006435722,-0.9009339,-0.3601106,0.02193214,-0.1193312,-0.437206,-0.4607133,-3.670571,-0.02984548,0.3233002,2.10694,0.05425403,-0.01868875,0.9983523,-0.3547635,0.9342328,0.03676761,-0.9333806,-0.3561738,0.04405583,moving,87.94287,81.20822,-0.8115586,8.723729
05/15/2023 12:32:21.390553,4764,True,True,True,True,Eyes,1.682424,-0.02418106,-3.724133,-0.9735939,-0.2258667,-0.0331521,0.0,0.0,0.0,0.0,0.0,0.0,0.0,3.625601,0.7441906,1.677473,1.620564,-0.0334491,-3.726308,0.1377742,-0.6761813,0.1182118,0.7140191,20.89228,272.9201,358.9261,0.431767,-0.006370226,-0.9019623,-0.3385039,0.02061621,-0.1121714,-0.4454978,-0.4698852,-3.659377,-0.02877851,0.3260715,2.107086,0.05760976,-0.01750978,0.9981857,-0.3551316,0.9340885,0.03688169,-0.9330395,-0.356612,0.0475943,moving,88.04976,81.6499,-0.7824951,8.796741
05/15/2023 12:32:21.409692,4765,True,True,True,True,Eyes,1.678786,-0.02476568,-3.724257,-0.9737285,-0.2255412,-0.0313677,0.0,0.0,0.0,0.0,0.0,0.0,0.0,3.622416,0.7350032,1.678315,1.610349,-0.03557211,-3.726175,0.1364316,-0.6754689,0.1179135,0.7149998,20.75612,273.0808,359.0383,0.4297692,-0.006325062,-0.9029163,-0.3181937,0.01937924,-0.1054411,-0.4546421,-0.4748067,-3.648686,-0.02776279,0.3287087,2.107224,0.0596764,-0.0156942,0.9980945,-0.3529269,0.9349657,0.03580323,-0.9337459,-0.3543909,0.05025645,moving,88.15491,82.08224,-0.7548316,8.866194
05/15/2023 12:32:21.429551,4766,True,True,True,True,Eyes,1.674865,-0.02535963,-3.724355,-0.9738849,-0.2250984,-0.02964439,0.0,0.0,0.0,0.0,0.0,0.0,0.0,3.623381,0.7242114,1.671393,1.600229,-0.03681754,-3.726236,0.1353447,-0.675468,0.1180991,0.7151766,20.67919,273.1156,359.1476,0.4278949,-0.006298906,-0.9038063,-0.2991021,0.01821648,-0.09911463,-0.4649197,-0.4749348,-3.640464,-0.02672593,0.3314008,2.107364,0.05959113,-0.01391854,0.9981259,-0.3517654,0.9354689,0.03404627,-0.9341896,-0.353135,0.05084957,moving,88.25649,82.4976,-0.7265954,8.937053
05/15/2023 12:32:21.439909,4767,True,True,True,True,Eyes,1.670684,-0.02600197,-3.724362,-0.9740908,-0.2244363,-0.02784989,0.0,0.0,0.0,0.0,0.0,0.0,0.0,3.622735,0.7193061,1.663542,1.589529,-0.03766565,-3.725715,0.1344963,-0.6755856,0.116636,0.7154656,20.49038,273.1204,359.0929,0.4261261,-0.006290119,-0.9046416,-0.2811559,0.01712349,-0.09316775,-0.4769312,-0.4697744,-3.63398,-0.02572745,0.3339939,2.1075,0.05996023,-0.01482942,0.9980907,-0.3486256,0.9366136,0.03485972,-0.9353423,-0.3500501,0.05098968,moving,88.36232,82.92643,-0.6994075,9.005269
05/15/2023 12:32:21.459694,4768,True,True,True,True,Eyes,1.666266,-0.02667231,-3.724332,-0.9742484,-0.2239594,-0.02612097,0.0,0.0,0.0,0.0,0.0,0.0,0.0,3.621086,0.7169538,1.656931,1.579047,-0.03946343,-3.725152,0.1335137,-0.6756645,0.1143654,0.7159414,20.22584,273.1342,358.9825,0.4244482,-0.006298195,-0.90543,-0.2642866,0.01609609,-0.08757769,-0.4886413,-0.4657286,-3.632214,-0.02466224,0.3367606,2.107645,0.06079599,-0.01666308,0.9980112,-0.3441788,0.9381893,0.03663069,-0.9369338,-0.3457213,0.05130306,moving,88.46419,83.3475,-0.670406,9.078013
05/15/2023 12:32:21.480132,4769,True,True,True,True,Eyes,1.661593,-0.02733902,-3.724273,-0.9743851,-0.2235726,-0.02427211,0.0,0.0,0.0,0.0,0.0,0.0,0.0,3.620261,0.7217841,1.644933,1.568921,-0.04077007,-3.72423,0.1349996,-0.6753303,0.1157258,0.7157596,20.46045,273.1454,358.9802,0.4228474,-0.00632217,-0.9061785,-0.2484294,0.01513032,-0.08232302,-0.5016912,-0.4573055,-3.630031,-0.02366506,0.3393481,2.107781,0.06107307,-0.01667504,0.9979941,-0.3480023,0.9367653,0.03694832,-0.9355023,-0.3495608,0.05140821,moving,88.57304,83.80396,-0.6432598,9.146012
05/15/2023 12:32:21.490019,4770,True,True,True,True,Eyes,1.656672,-0.02801702,-3.72416,-0.9745752,-0.2229373,-0.02240724,0.0,0.0,0.0,0.0,0.0,0.0,0.0,3.619663,0.7178602,1.636362,1.558148,-0.04132798,-3.723631,0.1351339,-0.6750572,0.1164199,0.7158794,20.52764,273.1875,359.0357,0.4213111,-0.006360406,-0.9068936,-0.2335236,0.0142225,-0.07738364,-0.5150247,-0.4469644,-3.627074,-0.02263819,0.342015,2.107921,0.06148836,-0.01576091,0.9979834,-0.3491314,0.9363705,0.03629884,-0.9350544,-0.3506593,0.05207325,moving,88.6829,84.26052,-0.6153091,9.216058
05/15/2023 12:32:21.516839,4771,True,True,True,True,Eyes,1.651555,-0.02870664,-3.723983,-0.9747459,-0.2224021,-0.02019002,0.0,0.0,0.0,0.0,0.0,0.0,0.0,3.615577,0.7035613,1.638219,1.547315,-0.04233642,-3.722254,0.1325393,-0.6747079,0.1142746,0.7170384,20.13758,273.322,359.0863,0.4198285,-0.006411787,-0.9075805,-0.2195122,0.01336915,-0.07274062,-0.5244747,-0.4543446,-3.624657,-0.02158003,0.3447633,2.108065,0.06342092,-0.01497207,0.9978747,-0.3427292,0.9387493,0.0358675,-0.9372911,-0.3442755,0.05440496,moving,88.81339,84.81281,-0.5865101,9.288208
05/15/2023 12:32:21.530083,4772,True,True,True,True,Eyes,1.646215,-0.02934761,-3.723754,-0.9748689,-0.2220537,-0.01796923,0.0,0.0,0.0,0.0,0.0,0.0,0.0,3.611353,0.7007553,1.637121,1.537316,-0.04344989,-3.721272,0.1324811,-0.6737926,0.1147777,0.7178289,20.17388,273.4756,359.1608,0.4183905,-0.006475329,-0.9082438,-0.2063415,0.012567,-0.06837618,-0.5357002,-0.454941,-3.62175,-0.02055231,0.3474312,2.108204,0.06565914,-0.01374813,0.9977474,-0.3433111,0.9385497,0.03552485,-0.9369239,-0.3448702,0.0569045,moving,88.94402,85.37354,-0.5585434,9.358207
05/15/2023 12:32:21.539339,4773,True,True,True,True,Eyes,1.640645,-0.02990788,-3.723459,-0.9750279,-0.2215529,-0.01533196,0.0,0.0,0.0,0.0,0.0,0.0,0.0,3.606217,0.7095605,1.631446,1.52673,-0.04269661,-3.719834,0.1348276,-0.6725551,0.116626,0.7182546,20.52132,273.6108,359.1543,0.4169882,-0.006548679,-0.908888,-0.193961,0.01181298,-0.06427361,-0.5500404,-0.4392499,-3.614481,-0.01952924,0.3500883,2.108344,0.06813625,-0.01382366,0.9975802,-0.3488923,0.9364398,0.0368063,-0.9346827,-0.3505559,0.05898249,moving,89.09912,86.04131,-0.5307062,9.427883
05/15/2023 12:32:21.560101,4774,True,True,True,True,Eyes,1.63489,-0.03041522,-3.723118,-0.9752022,-0.2209532,-0.01266329,0.0,0.0,0.0,0.0,0.0,0.0,0.0,3.597668,0.7145911,1.634727,1.515621,-0.04131138,-3.718518,0.1350992,-0.6712757,0.1146204,0.7197217,20.38651,273.8093,358.9982,0.4156144,-0.006628891,-0.9095165,-0.1823233,0.0111042,-0.06041719,-0.5604728,-0.4393164,-3.60724,-0.0185217,0.352705,2.10848,0.0725022,-0.01638811,0.9972336,-0.3463672,0.9372208,0.04058393,-0.9352931,-0.3483514,0.06227424,moving,89.25604,86.71985,-0.5032952,9.496468
05/15/2023 12:32:21.579678,4775,True,True,True,True,Eyes,1.628949,-0.03079137,-3.722739,-0.9753159,-0.2205992,-0.009743308,0.0,0.0,0.0,0.0,0.0,0.0,0.0,3.590297,0.7144017,1.638289,1.505421,-0.04057257,-3.717076,0.1346695,-0.6702039,0.1128711,0.7210764,20.21277,273.9952,358.9171,0.4142623,-0.006714032,-0.9101325,-0.1713839,0.01043795,-0.05679216,-0.5694959,-0.448475,-3.599656,-0.01733208,0.3557934,2.108642,0.07617368,-0.01773472,0.996937,-0.3432895,0.9382485,0.04292071,-0.9361358,-0.3455073,0.06538171,moving,89.42764,87.47104,-0.4709345,9.577367
05/15/2023 12:32:21.590268,4776,True,True,True,True,Eyes,1.622772,-0.03103003,-3.722308,-0.9754726,-0.2200164,-0.006778955,0.0,0.0,0.0,0.0,0.0,0.0,0.0,3.586211,0.7205809,1.63212,1.494986,-0.03773902,-3.715852,0.1369645,-0.6691139,0.1147194,0.7213647,20.55604,274.1067,358.9119,0.4129258,-0.006800431,-0.910739,-0.1611009,0.009811672,-0.05338463,-0.5818957,-0.4400661,-3.589087,-0.01646651,0.3580424,2.10876,0.07825235,-0.01778057,0.996775,-0.3487986,0.9361604,0.04408194,-0.9339251,-0.3511233,0.06705488,moving,89.60184,88.23521,-0.4473922,9.636249
05/15/2023 12:32:21.609509,4777,True,True,True,True,Eyes,1.616428,-0.03118316,-3.72182,-0.9756967,-0.2190982,-0.003465605,0.0,0.0,0.0,0.0,0.0,0.0,0.0,3.577817,0.7142196,1.638706,1.483156,-0.03473003,-3.7142,0.1355177,-0.668033,0.1117468,0.7231042,20.19938,274.3224,358.8124,0.4115992,-0.006884598,-0.9113387,-0.1514348,0.009222972,-0.05018155,-0.593821,-0.4304495,-3.579077,-0.01541585,0.3607692,2.108903,0.08248914,-0.01945134,0.9964023,-0.3426698,0.9382952,0.04668564,-0.9358276,-0.3452879,0.07073376,moving,89.79649,89.0938,-0.4188183,9.707595
05/15/2023 12:32:21.630033,4778,True,True,True,True,Eyes,1.609902,-0.03118663,-3.721283,-0.9758719,-0.2183435,-0.000130558,0.0,0.0,0.0,0.0,0.0,0.0,0.0,3.568151,0.6987329,1.6539,1.472763,-0.03289932,-3.712843,0.1323767,-0.6666296,0.1085195,0.7254689,19.6793,274.6396,358.8415,0.4102782,-0.006964678,-0.9119335,-0.1423487,0.008669594,-0.04717066,-0.6025982,-0.4377716,-3.572747,-0.01438431,0.3634484,2.109044,0.087657,-0.01903742,0.9959689,-0.3339476,0.9413998,0.04738573,-0.938507,-0.336755,0.07616278,moving,89.99233,89.96574,-0.3907685,9.777662
05/15/2023 12:32:21.639608,4779,True,True,True,True,Eyes,1.603156,-0.03109021,-3.720691,-0.9761584,-0.2170313,0.003497434,0.0,0.0,0.0,0.0,0.0,0.0,0.0,3.560834,0.697353,1.65679,1.461858,-0.02928475,-3.711186,0.1333563,-0.6649976,0.109786,0.7265958,19.86512,274.8789,358.9141,0.408959,-0.007037402,-0.9125253,-0.1338078,0.008149419,-0.04434042,-0.6172465,-0.4191899,-3.561211,-0.01334375,0.36615,2.109185,0.09145036,-0.01782324,0.9956502,-0.3369032,0.9403263,0.04777744,-0.9370875,-0.339807,0.07998851,moving,-89.79472,-89.07677,-0.3624767,9.848276
05/15/2023 12:32:21.660148,4780,True,True,True,True,Eyes,1.596276,-0.03095091,-3.720062,-0.9765247,-0.2152849,0.007206464,0.0,0.0,0.0,0.0,0.0,0.0,0.0,3.549393,0.6670253,1.679608,1.449837,-0.02694345,-3.709642,0.1271991,-0.6636059,0.104006,0.7298153,18.88693,275.2695,358.9699,0.4076363,-0.00710111,-0.9131165,-0.1257793,0.007660454,-0.04167999,-0.6310761,-0.3958457,-3.547009,-0.01234153,0.3687524,2.109322,0.09761994,-0.01700989,0.9950784,-0.3206305,0.9460063,0.04762579,-0.9421605,-0.3237017,0.08689518,moving,-89.57718,-88.08279,-0.3352306,9.916258
05/15/2023 12:32:21.679659,4781,True,True,True,True,Eyes,1.589255,-0.03078653,-3.7194,-0.9768268,-0.2137733,0.01050038,0.0,0.0,0.0,0.0,0.0,0.0,0.0,3.539644,0.6445166,1.696592,1.439779,-0.02607964,-3.707999,0.1225827,-0.6623394,0.09981869,0.7323362,18.166,275.5904,359.0242,0.4063091,-0.007155593,-0.9137074,-0.1182326,0.007200826,-0.03917919,-0.6411074,-0.3965094,-3.535913,-0.01126102,0.3715591,2.109468,0.1026856,-0.01618103,0.9945823,-0.3085844,0.9500194,0.04731586,-0.9456382,-0.3117712,0.09256008,moving,-89.38412,-87.18793,-0.3058603,9.989539
05/15/2023 12:32:21.690034,4782,True,True,True,True,Eyes,1.582097,-0.03060161,-3.718709,-0.9771019,-0.2123216,0.01383865,0.0,0.0,0.0,0.0,0.0,0.0,0.0,3.532454,0.6440995,1.700349,1.429337,-0.02529524,-3.706836,0.123111,-0.6607104,0.1006738,0.733601,18.28,275.8397,359.0965,0.4049733,-0.00720123,-0.9142998,-0.1111386,0.006768777,-0.03682844,-0.658704,-0.3557302,-3.518734,-0.01027445,0.3741204,2.109602,0.1066532,-0.01497264,0.9941837,-0.3103902,0.9494169,0.04759625,-0.9446074,-0.3136612,0.09661096,moving,-89.18858,-86.27087,-0.279047,10.05637
05/15/2023 12:32:21.709933,4783,True,True,True,True,Eyes,1.57483,-0.03038911,-3.717987,-0.9772789,-0.211288,0.01683488,0.0,0.0,0.0,0.0,0.0,0.0,0.0,3.523975,0.6472285,1.705486,1.418805,-0.02442446,-3.705723,0.1235841,-0.6590284,0.1001901,0.7350991,18.28533,276.0951,359.0591,0.4036275,-0.007238379,-0.9148945,-0.1044703,0.006362651,-0.03461874,-0.6725193,-0.325657,-3.504056,-0.009216398,0.3768677,2.109746,0.1112872,-0.01559167,0.993666,-0.3101901,0.9493778,0.049637,-0.9441384,-0.3137493,0.1008172,moving,-89.0131,-85.44444,-0.2502942,10.12802
05/15/2023 12:32:21.729691,4784,True,True,True,True,Eyes,1.567438,-0.03014177,-3.717241,-0.9774249,-0.2103481,0.0198576,0.0,0.0,0.0,0.0,0.0,0.0,0.0,3.516323,0.6535887,1.708072,1.408738,-0.02350348,-3.704608,0.1245983,-0.6575075,0.09985715,0.7363341,18.34908,276.3099,358.9863,0.4022703,-0.007267211,-0.9154918,-0.09820209,0.005980892,-0.03254161,-0.6823168,-0.3267351,-3.493127,-0.008234754,0.3794163,2.109881,0.115425,-0.01679218,0.9931743,-0.310905,0.9490076,0.05217828,-0.9434062,-0.3148055,0.1043184,moving,-88.83613,-84.60706,-0.2236213,10.19445
05/15/2023 12:32:21.739586,4785,True,True,True,True,Eyes,1.559913,-0.02984998,-3.716458,-0.9775402,-0.2095377,0.02256529,0.0,0.0,0.0,0.0,0.0,0.0,0.0,3.509634,0.6589549,1.708624,1.398418,-0.02238946,-3.703387,0.1259003,-0.656041,0.100419,0.7373435,18.50705,276.5103,358.9665,0.4009001,-0.007287698,-0.9160925,0.0,0.0,0.0,-0.6926723,-0.3235695,-3.481184,-0.007199883,0.3821033,2.110021,0.1190526,-0.01710491,0.9927406,-0.313278,0.9481303,0.05390559,-0.9421695,-0.3174214,0.1075188,moving,-88.67763,-83.85345,-0.1955058,10.26444
05/15/2023 12:32:21.759673,4786,True,True,True,True,Eyes,1.368731,-0.02146316,-3.696618,-0.9788409,-0.1831391,0.09127192,0.0,0.0,0.0,0.0,0.0,0.0,0.0,3.503293,0.6510179,1.713257,1.387635,-0.02101922,-3.702183,0.1246268,-0.6549115,0.0990218,0.7387515,18.29065,276.7208,358.9781,0.3995151,-0.007299576,-0.9166973,0.0,0.0,0.0,-0.7023528,-0.3225024,-3.470515,-0.006157637,0.3848109,2.110162,0.1225712,-0.016934,0.9923153,-0.309544,0.9493257,0.05443538,-0.9429523,-0.3138375,0.1111181,moving,-84.67287,-63.50948,-0.1671936,10.33494
05/15/2023 12:32:21.779905,4787,True,True,True,True,Eyes,1.368304,-0.02143712,-3.696599,-0.9788435,-0.1831588,0.09120469,0.0,0.0,0.0,0.0,0.0,0.0,0.0,3.496717,0.6415761,1.719438,1.37704,-0.01969022,-3.701146,0.1226258,-0.653893,0.09638216,0.7403359,17.91561,276.928,358.9366,0.3936842,-0.00708245,-0.9192182,-0.5735453,0.02516048,0.05952216,-0.7119567,-0.3244467,-3.460538,-0.004993141,0.3878353,2.110321,0.1262687,-0.01765791,0.991839,-0.3030787,0.9513468,0.05552129,-0.9445633,-0.3076158,0.1147735,moving,-84.67678,-63.5288,-0.1355648,10.41363
05/15/2023 12:32:21.799646,4788,True,True,True,True,Eyes,1.36748,-0.0214117,-3.696548,-0.9788376,-0.18314,0.09130535,0.0,0.0,0.0,0.0,0.0,0.0,0.0,3.489734,0.6403854,1.723829,1.366387,-0.01904558,-3.700345,0.1217636,-0.6527136,0.09397428,0.741827,17.65782,277.1302,358.8257,0.3887392,-0.006902307,-0.9213217,-0.5391326,0.02365085,0.05595083,-0.7236858,-0.3128967,-3.450502,-0.004097372,0.3901602,2.110443,0.1302675,-0.01952814,0.9912866,-0.2983788,0.9526849,0.05797843,-0.945516,-0.3033316,0.1182771,moving,-84.67091,-63.50122,-0.1112382,10.47408
05/15/2023 12:32:21.809573,4789,True,True,True,True,Eyes,1.36629,-0.02140617,-3.696464,-0.9787642,-0.1835081,0.09135411,0.0,0.0,0.0,0.0,0.0,0.0,0.0,3.4818,0.646457,1.727638,1.356024,-0.01903734,-3.699514,0.1222439,-0.6511764,0.09272073,0.7432555,17.60614,277.3569,358.7151,0.3845225,-0.006752349,-0.9230906,-0.5067846,0.0222318,0.05259378,-0.7359776,-0.2951881,-3.440151,-0.003077835,0.3928074,2.110582,0.1347444,-0.02137435,0.9906499,-0.2970351,0.9529186,0.06096184,-0.9453117,-0.302472,0.1220516,moving,-84.66768,-63.53493,-0.08355365,10.54288
05/15/2023 12:32:21.829398,4790,True,True,True,True,Eyes,1.364754,-0.02132728,-3.696353,-0.9786116,-0.1842209,0.09155376,0.0,0.0,0.0,0.0,0.0,0.0,0.0,3.473435,0.6548492,1.731946,1.345997,-0.01942769,-3.698801,0.123835,-0.6491686,0.09371231,0.7446228,17.8238,277.6353,358.7228,0.3807671,-0.00662076,-0.924647,-0.4763775,0.0208979,0.04943815,-0.7476425,-0.2823665,-3.429738,-0.001998663,0.395609,2.110728,0.1395963,-0.02121892,0.9899811,-0.3003402,0.9517658,0.06275051,-0.9435617,-0.3060909,0.1264901,moving,-84.65527,-63.57363,-0.05425375,10.61565
05/15/2023 12:32:21.839753,4791,True,True,True,True,Eyes,1.362849,-0.02121779,-3.696224,-0.9785261,-0.1844624,0.09197938,0.0,0.0,0.0,0.0,0.0,0.0,0.0,3.46716,0.6622339,1.732526,1.33614,-0.01751581,-3.698083,0.1266596,-0.6471604,0.09724882,0.7454418,18.34306,277.8891,358.856,0.3773489,-0.006500328,-0.9260481,-0.4477949,0.01964402,0.04647186,-0.7578049,-0.2780718,-3.418612,-0.001014113,0.398167,2.110862,0.1434521,-0.01895156,0.9894758,-0.3089249,0.9490001,0.0629636,-0.9402058,-0.3147059,0.1302815,moving,-84.6301,-63.49755,-0.02752639,10.68206
05/15/2023 12:32:21.859684,4792,True,True,True,True,Eyes,1.360648,-0.02111984,-3.696075,-0.9784485,-0.1845818,0.09256439,0.0,0.0,0.0,0.0,0.0,0.0,0.0,3.458859,0.6497114,1.743939,1.325348,-0.01671119,-3.697341,0.1247239,-0.6453753,0.09633576,0.7474317,18.10689,278.2185,358.9764,0.374227,-0.006389198,-0.9273148,-0.4209272,0.01846538,0.04368355,-0.7662386,-0.2841177,-3.406631,-5.364418e-07,0.4008001,2.111,0.1484204,-0.01697866,0.9887787,-0.3049963,0.9503267,0.06209981,-0.9407172,-0.3107907,0.1358694,moving,-84.59572,-63.36707,-1.455985e-05,10.75037
05/15/2023 12:32:21.879531,4793,True,True,True,True,Eyes,1.358153,-0.02102258,-3.695903,-0.978346,-0.1847749,0.09325979,0.0,0.0,0.0,0.0,0.0,0.0,0.0,3.452941,0.6348755,1.75285,1.31604,-0.01692629,-3.696769,0.1227187,-0.6439304,0.09636549,0.7490043,17.93507,278.4976,359.1756,0.3713663,-0.006286763,-0.9284649,-0.3956716,0.01735746,0.04106254,-0.7724518,-0.3015007,-3.397823,-1.192093e-07,0.4008001,2.111,0.1521345,-0.01368827,0.988265,-0.3024009,0.9513077,0.05972828,-0.9409617,-0.307939,0.1405873,static,-84.55479,-63.21896,-3.235523e-06,10.75037
05/15/2023 12:32:21.889378,4794,True,True,True,True,Eyes,1.355345,-0.0208847,-3.695708,-0.9782358,-0.1849376,0.09408958,0.0,0.0,0.0,0.0,0.0,0.0,0.0,3.448854,0.64055,1.750323,1.306437,-0.016771,-3.696142,0.125193,-0.6423129,0.100044,0.7495013,18.43228,278.7013,359.3441,0.3687347,-0.0061922,-0.9295139,-0.3719313,0.01631601,0.03859879,-0.7827488,-0.2918992,-3.385631,-2.086163e-07,0.4008001,2.111,0.1548507,-0.01085992,0.9878783,-0.3107923,0.9486358,0.05914548,-0.937779,-0.3161836,0.1435218,static,-84.50603,-63.03466,-5.662165e-06,10.75037
05/15/2023 12:32:21.914364,4795,True,True,True,True,Eyes,1.352251,-0.02070064,-3.695496,-0.9782289,-0.1844973,0.09501994,0.0,0.0,0.0,0.0,0.0,0.0,0.0,3.44275,0.6336867,1.755606,1.296129,-0.01566921,-3.695409,0.1245984,-0.6408198,0.1002262,0.7508528,18.39487,278.9517,359.4457,0.3663031,-0.00610371,-0.9304754,-0.3496154,0.01533705,0.03628286,-0.7915324,-0.2857013,-3.376051,0.0,0.4008001,2.111,0.1586092,-0.009180016,0.9872987,-0.3102006,0.9488599,0.05865624,-0.9373466,-0.315564,0.1476503,static,-84.452,-62.75059,0.0,10.75037
05/15/2023 12:32:21.929843,4796,True,True,True,True,Eyes,1.348865,-0.02050292,-3.695261,-0.9782717,-0.183691,0.09613621,0.0,0.0,0.0,0.0,0.0,0.0,0.0,3.435506,0.6178442,1.766579,1.28615,-0.01444326,-3.694705,0.1216446,-0.63951,0.09775456,0.7527773,17.94914,279.2219,359.4934,0.3640454,-0.006019537,-0.9313616,-0.3286385,0.01441683,0.03410589,-0.7977808,-0.3040213,-3.369462,-2.086163e-07,0.4008002,2.111,0.1629419,-0.008411082,0.9865999,-0.3027607,0.9512932,0.05811256,-0.9390346,-0.3081726,0.152459,static,-84.38748,-62.37431,-5.662165e-06,10.75037
05/15/2023 12:32:21.945723,4797,True,True,True,True,Eyes,1.345201,-0.02031379,-3.695008,-0.9784147,-0.1822469,0.09742079,0.0,0.0,0.0,0.0,0.0,0.0,0.0,3.426705,0.6006263,1.780463,1.27577,-0.01400475,-3.693958,0.1180392,-0.6379807,0.09449875,0.7550611,17.38737,279.5358,359.5251,0.3619382,-0.005938916,-0.9321829,-0.3089201,0.01355182,0.03205954,-0.8069381,-0.3015218,-3.36021,-4.470348e-07,0.4008001,2.111,0.1681012,-0.007908765,0.9857379,-0.2933181,0.9542735,0.05767679,-0.9411197,-0.2988303,0.1580947,static,-84.3138,-61.87309,-1.213321e-05,10.75037
05/15/2023 12:32:21.960140,4798,True,True,True,True,Eyes,1.341274,-0.02016079,-3.694739,-0.9785866,-0.180525,0.09888907,0.0,0.0,0.0,0.0,0.0,0.0,0.0,3.417634,0.578849,1.796187,1.265465,-0.01413716,-3.693233,0.1135294,-0.6364316,0.090809,0.757509,16.71352,279.8676,359.5854,0.3599605,-0.005861727,-0.9329488,-0.2903849,0.01273871,0.03013596,-0.8174989,-0.2837173,-3.349572,-1.490116e-07,0.4008002,2.111,0.1734172,-0.006930136,0.9848241,-0.2820846,0.9577296,0.05641162,-0.9435861,-0.2875865,0.1641319,static,-84.22968,-61.28669,-4.044403e-06,10.75037
05/15/2023 12:32:21.979735,4799,True,True,True,True,Eyes,1.337095,-0.02004176,-3.694426,-0.9788107,-0.1784071,0.1005019,0.0,0.0,0.0,0.0,0.0,0.0,0.0,3.408501,0.5621418,1.810308,1.255196,-0.01493078,-3.692608,0.1100909,-0.634667,0.08826109,0.7597947,16.21996,280.2072,359.6646,0.358094,-0.005788569,-0.9336674,-0.2729619,0.01197439,0.02832781,-0.8284959,-0.2623627,-3.337103,-1.192093e-07,0.4008,2.111,0.1788157,-0.005621518,0.9838666,-0.2738627,0.9601799,0.05526017,-0.9449996,-0.2793258,0.1701558,static,-84.13755,-60.60617,-3.235524e-06,10.75037
05/15/2023 12:32:21.990050,4800,True,True,True,True,Eyes,1.332665,-0.01994658,-3.694098,-0.979029,-0.1762114,0.1022339,0.0,0.0,0.0,0.0,0.0,0.0,0.0,3.400557,0.5506917,1.820155,1.24484,-0.01567367,-3.691901,0.1079601,-0.6329649,0.08701494,0.7616617,15.93895,280.5103,359.7546,0.3563219,-0.005719906,-0.9343455,-0.2565841,0.01125592,0.02662814,-0.8395053,-0.2373741,-3.324141,-1.192093e-07,0.4008001,2.111,0.1835676,-0.004118034,0.9829985,-0.2692218,0.9615461,0.05430336,-0.9454219,-0.274613,0.1754001,static,-84.03857,-59.87865,-3.235523e-06,10.75037
05/15/2023 12:32:22.009854,4801,True,True,True,True,Eyes,1.327988,-0.01987646,-3.693729,-0.9793109,-0.1735493,0.104071,0.0,0.0,0.0,0.0,0.0,0.0,0.0,3.393574,0.5401462,1.827852,1.234383,-0.01619275,-3.69123,0.1061071,-0.6314105,0.0859887,0.763327,15.69862,280.7838,359.8382,0.3546295,-0.005655915,-0.9349895,-0.2411891,0.01058057,0.02503045,-0.849462,-0.2197472,-3.311261,-3.278255e-07,0.4008001,2.111,0.1878536,-0.002719324,0.9821933,-0.2652693,0.9626945,0.05340053,-0.9456972,-0.2705772,0.1801243,static,-83.93396,-59.05046,-8.897689e-06,10.75037
05/15/2023 12:32:22.029870,4802,True,True,True,True,Eyes,1.323073,-0.01986738,-3.693346,-0.9795771,-0.1708355,0.106038,0.0,0.0,0.0,0.0,0.0,0.0,0.0,3.386568,0.5327033,1.834278,1.22367,-0.01678087,-3.690466,0.1044014,-0.6299598,0.08420741,0.7649577,15.41567,281.0338,359.8391,0.3530034,-0.005596776,-0.9356051,-0.2267177,0.009945733,0.02352862,-0.8588496,-0.209994,-3.299867,2.980232e-08,0.4008001,2.111001,0.1921197,-0.002707117,0.9813678,-0.2603675,0.9640189,0.05363069,-0.9462023,-0.2658198,0.1845021,static,-83.82186,-58.17202,8.088805e-07,10.75037
05/15/2023 12:32:22.045700,4803,True,True,True,True,Eyes,1.317936,-0.01993418,-3.692967,-0.9798281,-0.1680168,0.1081999,0.0,0.0,0.0,0.0,0.0,0.0,0.0,3.378005,0.5324531,1.841609,1.213013,-0.0182666,-3.689744,0.1034659,-0.6282046,0.08224474,0.7667397,15.18852,281.3125,359.77,0.3514321,-0.005543591,-0.9361967,-0.2131147,0.009348989,0.02211691,-0.8683036,-0.2015332,-3.289585,-4.172325e-07,0.4008001,2.111,0.1971896,-0.003874858,0.9803578,-0.2561161,0.9650612,0.05532971,-0.9463196,-0.2619958,0.1893076,static,-83.6985,-57.21918,-1.132433e-05,10.75037
05/15/2023 12:32:22.059877,4804,True,True,True,True,Eyes,1.312586,-0.02005623,-3.692582,-0.9800005,-0.1655241,0.1104571,0.0,0.0,0.0,0.0,0.0,0.0,0.0,3.369348,0.5417634,1.846792,1.202631,-0.02017827,-3.689163,0.1045572,-0.6261511,0.0821995,0.7682747,15.28354,281.6024,359.7248,0.3499045,-0.005497685,-0.936769,-0.2003278,0.008788049,0.02078989,-0.8781181,-0.1915475,-3.279487,-2.086163e-07,0.4008001,2.111,0.2023561,-0.004633608,0.9793009,-0.2572407,0.9646221,0.05771862,-0.9449228,-0.2635958,0.1940052,static,-83.56926,-56.28412,-5.662165e-06,10.75037
05/15/2023 12:32:22.080096,4805,True,True,True,True,Eyes,1.307004,-0.0202108,-3.692202,-0.9801484,-0.1630451,0.1128067,0.0,0.0,0.0,0.0,0.0,0.0,0.0,3.36168,0.5554464,1.848877,1.192099,-0.02157679,-3.688657,0.1069236,-0.6240791,0.08355855,0.7694873,15.59566,281.874,359.7107,0.3484111,-0.005459751,-0.9373257,-0.1883081,0.008260766,0.0195425,-0.8873187,-0.1845431,-3.26794,-1.192093e-07,0.4008,2.111,0.2070865,-0.004863045,0.9783105,-0.262052,0.9631706,0.06025835,-0.942573,-0.2688469,0.1981853,static,-83.43463,-55.32164,-3.235523e-06,10.75037
05/15/2023 12:32:22.090031,4806,True,True,True,True,Eyes,1.301211,-0.02039699,-3.691822,-0.9802729,-0.1605623,0.1152599,0.0,0.0,0.0,0.0,0.0,0.0,0.0,3.353186,0.5653991,1.853154,1.181027,-0.02252156,-3.688141,0.1082275,-0.6220189,0.08340472,0.7709884,15.70253,282.1586,359.6411,0.3469438,-0.005429856,-0.9378699,-0.1770096,0.00776512,0.01836995,-0.8952034,-0.1900084,-3.256485,-5.662441e-07,0.4008,2.111,0.2122723,-0.006031001,0.9771919,-0.2632472,0.9626609,0.06312567,-0.9410852,-0.2706429,0.2027586,static,-83.29398,-54.32726,-1.536874e-05,10.75037
05/15/2023 12:32:22.110325,4807,True,True,True,True,Eyes,1.295203,-0.02061822,-3.691422,-0.9804028,-0.1579031,0.1178003,0.0,0.0,0.0,0.0,0.0,0.0,0.0,3.345187,0.5682602,1.859085,1.170151,-0.02348392,-3.687762,0.1079373,-0.6202374,0.08174355,0.7726403,15.55684,282.4269,359.5494,0.3454943,-0.005407996,-0.938405,-0.1663891,0.007299213,0.01726775,-0.9027033,-0.2030737,-3.246137,-3.874302e-07,0.4008001,2.111,0.2172472,-0.007576705,0.9760872,-0.2602102,0.9633351,0.06539254,-0.9407945,-0.2681941,0.2073103,static,-83.14848,-53.276,-1.051545e-05,10.75037
05/15/2023 12:32:22.129844,4808,True,True,True,True,Eyes,1.288979,-0.02088187,-3.69102,-0.9805394,-0.1550116,0.1204736,0.0,0.0,0.0,0.0,0.0,0.0,0.0,3.337238,0.5660123,1.866165,1.158879,-0.02460508,-3.687343,0.1066905,-0.6185157,0.07952226,0.7744235,15.2849,282.7025,359.4766,0.3440562,-0.005394292,-0.9389333,-0.1564057,0.00686126,0.01623169,-0.9111134,-0.2080142,-3.234817,1.788139e-07,0.4008001,2.111,0.2222292,-0.008811675,0.9749546,-0.2551473,0.9645867,0.06687573,-0.9410175,-0.2636188,0.2121111,static,-82.99548,-52.14597,4.853285e-06,10.75037
05/15/2023 12:32:22.139925,4809,True,True,True,True,Eyes,1.282535,-0.02118743,-3.690655,-0.9806942,-0.151757,0.1233235,0.0,0.0,0.0,0.0,0.0,0.0,0.0,3.328142,0.5567766,1.877328,1.147424,-0.02595878,-3.686954,0.1039344,-0.6166744,0.07616124,0.7766016,14.79519,283.02,359.4137,0.3426235,-0.005389028,-0.9394571,-0.1470214,0.006449584,0.01525779,-0.9201583,-0.203537,-3.22392,-2.086163e-07,0.4008001,2.111,0.2278245,-0.00989344,0.9736519,-0.2464812,0.9667943,0.0674978,-0.9419889,-0.2553645,0.2178209,static,-82.83261,-50.90138,-5.662165e-06,10.75037
05/15/2023 12:32:22.159674,4810,True,True,True,True,Eyes,1.27589,-0.02156042,-3.690294,-0.9808182,-0.1484635,0.1263103,0.0,0.0,0.0,0.0,0.0,0.0,0.0,3.319138,0.5474881,1.888493,1.135944,-0.02740142,-3.686693,0.1013551,-0.6147342,0.0733123,0.778752,14.35896,283.3483,359.3832,0.3411892,-0.005392448,-0.9399788,-0.1382001,0.006062609,0.01434232,-0.9298721,-0.1944978,-3.212773,-2.682209e-07,0.4008,2.111,0.2334545,-0.01042869,0.9723119,-0.238797,0.9687049,0.06772577,-0.9425896,-0.247996,0.2236582,static,-82.6618,-49.60941,-7.279927e-06,10.75037
05/15/2023 12:32:22.179370,4811,True,True,True,True,Eyes,1.269042,-0.02198491,-3.689954,-0.9808865,-0.1452699,0.1294543,0.0,0.0,0.0,0.0,0.0,0.0,0.0,3.309438,0.5420755,1.89977,1.124431,-0.02943236,-3.68648,0.09976939,-0.6124488,0.07186209,0.7808895,14.11338,283.7131,359.4107,0.3397498,-0.005405426,-0.9405,-0.1299081,0.005698853,0.01348178,-0.9399042,-0.1775421,-3.200081,-1.490116e-07,0.4008001,2.111,0.2394846,-0.00997461,0.970849,-0.23444,0.9697638,0.06779405,-0.9421704,-0.2438414,0.2299051,static,-82.48174,-48.29483,-4.044403e-06,10.75037
05/15/2023 12:32:22.189824,4812,True,True,True,True,Eyes,1.262011,-0.02246083,-3.689619,-0.980898,-0.1422196,0.1327127,0.0,0.0,0.0,0.0,0.0,0.0,0.0,3.300548,0.5393521,1.90875,1.112811,-0.03110962,-3.686262,0.09924608,-0.6101145,0.07196719,0.7827716,14.07492,284.0708,359.5017,0.3383002,-0.005428345,-0.9410223,-0.1221136,0.005356921,0.01267287,-0.9495724,-0.162664,-3.187406,-5.662441e-07,0.4008002,2.111,0.2451623,-0.008435187,0.9694453,-0.2337707,0.9699419,0.0675576,-0.9408756,-0.2431905,0.2358213,static,-82.29483,-46.98043,-1.536873e-05,10.75037
05/15/2023 12:32:22.209802,4813,True,True,True,True,Eyes,1.081557,-0.03536822,-3.681204,-0.974246,-0.06873511,0.214756,0.0,0.0,0.0,0.0,0.0,0.0,0.0,3.291302,0.538636,1.917966,1.101368,-0.03282076,-3.686095,0.09911451,-0.6076593,0.0724008,0.7846559,14.09507,284.4397,359.5962,0.3368368,-0.005461555,-0.9415469,-0.1147868,0.005035506,0.0119125,-0.9584543,-0.1555002,-3.173979,-5.960464e-07,0.4008001,2.111,0.2510166,-0.006836305,0.9679587,-0.2340751,0.9698688,0.06755153,-0.9392549,-0.2435316,0.241853,static,-77.56892,-17.74786,-1.617761e-05,10.75037
05/15/2023 12:32:22.229716,4814,True,True,True,True,Eyes,1.081106,-0.03540826,-3.681197,-0.9741997,-0.06870354,0.2149762,0.0,0.0,0.0,0.0,0.0,0.0,0.0,3.281982,0.5368177,1.927408,1.089625,-0.03429715,-3.685922,0.09852646,-0.6052796,0.0719662,0.7866067,14.01185,284.8008,359.6425,0.3296891,-0.005944692,-0.9440706,-0.6492612,-0.03398879,0.0364427,-0.9670728,-0.1557319,-3.161366,-1.788139e-07,0.4008001,2.111,0.2569151,-0.006053927,0.966415,-0.2324903,0.9702268,0.06788384,-0.9380527,-0.2421225,0.2478584,static,-77.556,-17.72319,-4.853285e-06,10.75037
05/15/2023 12:32:22.239939,4815,True,True,True,True,Eyes,1.080199,-0.03540395,-3.681193,-0.9741168,-0.06873591,0.2153411,0.0,0.0,0.0,0.0,0.0,0.0,0.0,3.273502,0.5380976,1.934888,1.078332,-0.03530528,-3.685799,0.09842249,-0.6030912,0.07144208,0.7883464,13.96648,285.1235,359.6414,0.3237813,-0.006345844,-0.9461104,-0.6103055,-0.03194946,0.03425614,-0.9752163,-0.1581924,-3.148469,-5.364418e-07,0.4008001,2.111001,0.262354,-0.006073278,0.9649526,-0.2313577,0.9704181,0.06900985,-0.9368265,-0.2413542,0.253188,static,-77.53451,-17.70285,-1.455985e-05,10.75037
05/15/2023 12:32:22.259700,4816,True,True,True,True,Eyes,1.078834,-0.03535347,-3.681173,-0.9740067,-0.0684223,0.2159384,0.0,0.0,0.0,0.0,0.0,0.0,0.0,3.266348,0.5456268,1.937949,1.066531,-0.0342043,-3.68561,0.09957871,-0.6011543,0.07096265,0.7897228,14.03994,285.386,359.5486,0.3188762,-0.006678934,-0.9477726,-0.5736872,-0.0300325,0.03220077,-0.9837868,-0.1565507,-3.135485,-2.384186e-07,0.4008001,2.111,0.2671558,-0.007642697,0.9636231,-0.2318059,0.9700967,0.07196016,-0.9353576,-0.2425981,0.2573954,static,-77.49965,-17.58134,-6.471046e-06,10.75037
05/15/2023 12:32:22.269682,4817,True,True,True,True,Eyes,1.077048,-0.03532913,-3.681167,-0.9738597,-0.06782804,0.2167873,0.0,0.0,0.0,0.0,0.0,0.0,0.0,3.256245,0.5434365,1.948104,1.054185,-0.03311297,-3.685263,0.0977096,-0.5991228,0.06644409,0.7918901,13.55431,285.6967,359.3017,0.3147799,-0.006955101,-0.949139,-0.539266,-0.02823055,0.03026872,-0.9920375,-0.1558603,-3.12366,-2.980232e-07,0.4008,2.111,0.273274,-0.01184727,0.9618633,-0.2223129,0.9720761,0.07513418,-0.9358944,-0.2343669,0.2630093,static,-77.45022,-17.37377,-8.088807e-06,10.75037
05/15/2023 12:32:22.290011,4818,True,True,True,True,Eyes,1.074887,-0.03525473,-3.68115,-0.9736498,-0.06757066,0.2178081,0.0,0.0,0.0,0.0,0.0,0.0,0.0,3.244947,0.5384204,1.961691,1.042432,-0.03376698,-3.685106,0.09544361,-0.5967145,0.06270624,0.7942861,13.08842,286.0715,359.1593,0.3113325,-0.007185243,-0.9502737,-0.50691,-0.02653671,0.0284526,-1.000917,-0.1575141,-3.113406,5.960464e-08,0.4008001,2.111,0.2799994,-0.01429179,0.9598938,-0.2135185,0.9739169,0.07678359,-0.9359542,-0.2264545,0.2696446,static,-77.39039,-17.23548,1.617761e-06,10.75037
05/15/2023 12:32:22.309589,4819,True,True,True,True,Eyes,1.072288,-0.03508383,-3.681165,-0.9734058,-0.06724052,0.2189973,0.0,0.0,0.0,0.0,0.0,0.0,0.0,3.236724,0.5526167,1.964978,1.031224,-0.03242071,-3.684892,0.09860128,-0.594251,0.06494398,0.7955664,13.53703,286.3871,359.1836,0.3082417,-0.007386374,-0.9512792,-0.4764954,-0.02494451,0.02674544,-1.010591,-0.1382532,-3.099936,-3.576279e-07,0.4008002,2.111,0.2852961,-0.01385332,0.9583394,-0.2205223,0.9721201,0.07970168,-0.9327251,-0.2340738,0.2742871,static,-77.32068,-17.06848,-9.706568e-06,10.75037
05/15/2023 12:32:22.329532,4820,True,True,True,True,Eyes,1.069334,-0.03487782,-3.681157,-0.9731421,-0.06655609,0.2203738,0.0,0.0,0.0,0.0,0.0,0.0,0.0,3.227039,0.5481914,1.974456,1.018544,-0.03008284,-3.68435,0.09773376,-0.5919024,0.063318,0.7975528,13.34723,286.7369,359.1344,0.3053951,-0.007563051,-0.9521955,-0.4479057,-0.02344784,0.02514072,-1.018946,-0.1214664,-3.085111,-2.384186e-07,0.4008001,2.111,0.2912847,-0.0146988,0.9565235,-0.2166966,0.9728779,0.0809395,-0.9317703,-0.2308518,0.2801993,static,-77.24024,-16.80508,-6.471046e-06,10.75037
05/15/2023 12:32:22.339929,4821,True,True,True,True,Eyes,1.066044,-0.03463919,-3.681198,-0.972834,-0.06629518,0.2218085,0.0,0.0,0.0,0.0,0.0,0.0,0.0,3.21805,0.5331807,1.98637,1.007085,-0.02911647,-3.683846,0.09448266,-0.5899191,0.05999778,0.799668,12.82049,287.0648,359.0881,0.3027607,-0.007716831,-0.9530352,-0.4210314,-0.02204097,0.02363227,-1.026145,-0.1369246,-3.073928,-2.980232e-07,0.4008001,2.111,0.2967915,-0.01551763,0.9548162,-0.2074308,0.9749466,0.08032185,-0.9321412,-0.2218972,0.2861371,static,-77.15598,-16.6406,-8.088807e-06,10.75037
05/15/2023 12:32:22.359948,4822,True,True,True,True,Eyes,1.062424,-0.03430677,-3.681199,-0.9724735,-0.06629777,0.2233829,0.0,0.0,0.0,0.0,0.0,0.0,0.0,3.21191,0.5497547,1.98545,0.9962347,-0.02789047,-3.683387,0.09807292,-0.5879063,0.06236846,0.8005362,13.318,287.3073,359.0898,0.3003084,-0.007849198,-0.9538096,-0.3957695,-0.02071851,0.02221434,-1.035275,-0.1274815,-3.060409,-1.192093e-07,0.4008,2.111,0.3009527,-0.01545896,0.9535139,-0.2151718,0.9729837,0.08368825,-0.9290472,-0.2303555,0.2894958,static,-77.06324,-16.53035,-3.235524e-06,10.75037
05/15/2023 12:32:22.379431,4823,True,True,True,True,Eyes,1.058506,-0.03388747,-3.68117,-0.9721822,-0.06600033,0.2247349,0.0,0.0,0.0,0.0,0.0,0.0,0.0,3.203262,0.5666082,1.987178,0.9846894,-0.02525139,-3.682466,0.101319,-0.5856095,0.06329021,0.801742,13.68537,287.588,358.9867,0.2980134,-0.00795985,-0.9545283,-0.3720233,-0.0194754,0.02088148,-1.043804,-0.1067827,-3.047618,-1.788139e-07,0.4008001,2.111,0.3061116,-0.01718187,0.9518406,-0.2201515,0.9714576,0.08833665,-0.9261906,-0.23659,0.2935919,static,-76.98383,-16.3665,-4.853284e-06,10.75037
05/15/2023 12:32:22.389535,4824,True,True,True,True,Eyes,1.054327,-0.03342809,-3.681103,-0.971846,-0.06561281,0.2262968,0.0,0.0,0.0,0.0,0.0,0.0,0.0,3.192434,0.5678579,1.997188,0.9736822,-0.02274875,-3.681615,0.1012556,-0.5831627,0.06171547,0.803654,13.57566,287.9352,358.8858,0.2958525,-0.00804873,-0.9551994,-0.3497019,-0.01830688,0.01962859,-1.051225,-0.1241989,-3.038719,-1.788139e-07,0.4008002,2.111001,0.3122247,-0.01890119,0.9498203,-0.2172927,0.971877,0.09076857,-0.9248241,-0.2347292,0.299337,static,-76.89211,-16.16906,-4.853283e-06,10.75037
05/15/2023 12:32:22.409802,4825,True,True,True,True,Eyes,1.049878,-0.03292887,-3.681031,-0.9715158,-0.06490266,0.2279135,0.0,0.0,0.0,0.0,0.0,0.0,0.0,3.180924,0.5640454,2.009799,0.9632196,-0.02135076,-3.680688,0.1004557,-0.580547,0.06059227,0.8057311,13.42862,288.3211,358.8809,0.2938069,-0.008116988,-0.9558302,-0.3287198,-0.01720846,0.01845087,-1.058736,-0.1353327,-3.027288,-1.788139e-07,0.4008002,2.111,0.3185877,-0.01899631,0.9477031,-0.2142806,0.9724745,0.09152719,-0.9233558,-0.2322338,0.3057478,static,-76.7974,-15.8953,-4.853285e-06,10.75037
05/15/2023 12:32:22.429429,4826,True,True,True,True,Eyes,1.045179,-0.0323729,-3.680914,-0.9711507,-0.06396295,0.2297284,0.0,0.0,0.0,0.0,0.0,0.0,0.0,3.169876,0.5544959,2.022955,0.9526154,-0.01996014,-3.679681,0.09867171,-0.5780599,0.05901981,0.8078537,13.15926,288.7017,358.8986,0.2918581,-0.008165661,-0.9564265,-0.3089966,-0.01617596,0.01734382,-1.065712,-0.1287338,-3.013335,-1.788139e-07,0.4008,2.111,0.324727,-0.01871757,0.9456226,-0.209435,0.9735611,0.09119066,-0.9223283,-0.2276586,0.3122215,static,-76.69117,-15.55872,-4.853286e-06,10.75037
05/15/2023 12:32:22.439767,4827,True,True,True,True,Eyes,1.040235,-0.03175056,-3.680769,-0.9707796,-0.06269752,0.2316378,0.0,0.0,0.0,0.0,0.0,0.0,0.0,3.158325,0.546813,2.035943,0.9419218,-0.01810512,-3.678524,0.09674077,-0.5756434,0.05620046,0.8100107,12.79275,289.0662,358.8054,0.2899913,-0.008195236,-0.956994,-0.2904568,-0.0152054,0.01630319,-1.071868,-0.1218285,-2.998571,0.0,0.4008002,2.111001,0.3309524,-0.0203304,0.9434284,-0.2024223,0.9749655,0.09201927,-0.9216809,-0.221425,0.3185519,static,-76.57959,-15.14538,0.0,10.75037
05/15/2023 12:32:22.459379,4828,True,True,True,True,Eyes,1.035064,-0.03109168,-3.680561,-0.9703615,-0.06115909,0.2337909,0.0,0.0,0.0,0.0,0.0,0.0,0.0,3.145128,0.5454171,2.049308,0.9313632,-0.01597385,-3.677128,0.09540156,-0.5730637,0.05252349,0.8122424,12.42591,289.4381,358.5907,0.2881922,-0.008205906,-0.9575372,-0.2730294,-0.01429308,0.015325,-1.078361,-0.110344,-2.984032,-1.788139e-07,0.4008002,2.111,0.3376786,-0.02401871,0.940955,-0.194666,0.9762797,0.09477977,-0.9209117,-0.215177,0.3249931,static,-76.4538,-14.65991,-4.853284e-06,10.75037
05/15/2023 12:32:22.479690,4829,True,True,True,True,Eyes,1.029679,-0.03044739,-3.680305,-0.9699171,-0.05942006,0.2360721,0.0,0.0,0.0,0.0,0.0,0.0,0.0,3.130022,0.5380628,2.066575,0.9207418,-0.01454578,-3.6755,0.09307512,-0.5701143,0.04882814,0.8148146,11.96728,289.8771,358.4445,0.2864485,-0.00819862,-0.9580603,-0.2566476,-0.01343549,0.0144055,-1.084877,-0.09476696,-2.96918,-5.364418e-07,0.4008001,2.111,0.3451713,-0.02655513,0.9381641,-0.1856987,0.9779057,0.09600269,-0.9199853,-0.2073531,0.3326137,static,-76.32053,-14.12804,-1.455985e-05,10.75037
05/15/2023 12:32:22.495162,4830,True,True,True,True,Eyes,1.02411,-0.02980458,-3.679988,-0.969406,-0.05778916,0.238563,0.0,0.0,0.0,0.0,0.0,0.0,0.0,3.114376,0.5265318,2.085627,0.9103527,-0.01428404,-3.673889,0.09076243,-0.5668143,0.04718664,0.8174701,11.64711,290.3734,358.4938,0.2847505,-0.008175563,-0.9585666,-0.2412488,-0.01262936,0.01354117,-1.090703,-0.07891952,-2.95308,-1.788139e-07,0.4008001,2.111,0.3529902,-0.02574353,0.9352728,-0.1800382,0.9790713,0.09489902,-0.9181418,-0.2018832,0.3409677,static,-76.17469,-13.61695,-4.853285e-06,10.75037
05/15/2023 12:32:22.514733,4831,True,True,True,True,Eyes,1.018346,-0.02914422,-3.679613,-0.9688765,-0.05627865,0.2410623,0.0,0.0,0.0,0.0,0.0,0.0,0.0,3.099812,0.5215262,2.101125,0.9003409,-0.01363301,-3.672158,0.09047922,-0.5635003,0.04820562,0.8197299,11.69283,290.8516,358.6577,0.2830891,-0.008138358,-0.9590589,-0.2267739,-0.0118716,0.0127287,-1.095775,-0.06032358,-2.934875,-4.172325e-07,0.4008001,2.111001,0.3602872,-0.02293897,0.9325593,-0.1810013,0.9789795,0.09400925,-0.9151129,-0.2026648,0.3485617,static,-76.02816,-13.14096,-1.132433e-05,10.75037
05/15/2023 12:32:22.529800,4832,True,True,True,True,Eyes,1.012412,-0.02847473,-3.67917,-0.9683067,-0.05473662,0.2436927,0.0,0.0,0.0,0.0,0.0,0.0,0.0,3.087265,0.5112672,2.114394,0.8899914,-0.01253021,-3.670289,0.08935423,-0.5606166,0.04870796,0.8217984,11.62324,291.2779,358.8224,0.2814561,-0.008087966,-0.9595398,-0.2131674,-0.0111593,0.01196498,-1.100004,-0.04804775,-2.916071,-1.192093e-07,0.4008001,2.111,0.3666732,-0.02013068,0.9301321,-0.1802432,0.9792867,0.09224933,-0.9127229,-0.2014753,0.3554498,static,-75.8738,-12.6593,-3.235523e-06,10.75037
05/15/2023 12:32:22.539528,4833,True,True,True,True,Eyes,1.006318,-0.02783448,-3.678685,-0.9677244,-0.05349208,0.2462681,0.0,0.0,0.0,0.0,0.0,0.0,0.0,3.076423,0.5007108,2.125017,0.8799697,-0.01165603,-3.668283,0.08794183,-0.5581749,0.0485686,0.8236189,11.4832,291.6414,358.9376,0.2798443,-0.008025452,-0.9600115,-0.2003774,-0.01048975,0.01124708,-1.104008,-0.04908326,-2.898666,-3.576279e-07,0.4008002,2.111,0.3721637,-0.01816981,0.9279893,-0.1781779,0.9798146,0.09064157,-0.9109044,-0.1990807,0.361414,static,-75.72234,-12.25489,-9.706569e-06,10.75037
05/15/2023 12:32:22.559885,4834,True,True,True,True,Eyes,1.000093,-0.02719761,-3.678128,-0.9670831,-0.05266094,0.2489523,0.0,0.0,0.0,0.0,0.0,0.0,0.0,3.065546,0.5044161,2.132178,0.8703147,-0.01169707,-3.666142,0.08875132,-0.5557248,0.04921668,0.8251491,11.60527,291.9772,358.981,0.2782487,-0.007952819,-0.9604759,-0.1883547,-0.009860361,0.01057225,-1.109009,-0.04534638,-2.882961,-3.576279e-07,0.4008001,2.111,0.3774954,-0.01742041,0.9258476,-0.1798648,0.9794018,0.0917643,-0.9083756,-0.201168,0.3665864,static,-75.56402,-11.94373,-9.706568e-06,10.75037
05/15/2023 12:32:22.579648,4835,True,True,True,True,Eyes,0.9937124,-0.0265374,-3.677524,-0.9664159,-0.05223448,0.2516187,0.0,0.0,0.0,0.0,0.0,0.0,0.0,3.054215,0.5257226,2.135679,0.8609474,-0.01105875,-3.66393,0.09275643,-0.5530906,0.05136641,0.8263466,12.12929,292.2993,358.9619,0.2766644,-0.007871165,-0.960934,-0.1770535,-0.009268739,0.009937919,-1.114363,-0.03920552,-2.869009,-4.768372e-07,0.4008001,2.111,0.3829047,-0.01771249,0.923618,-0.1874983,0.9775155,0.09647737,-0.9045599,-0.2101185,0.3709742,static,-75.40632,-11.72767,-1.294209e-05,10.75037
05/15/2023 12:32:22.590973,4836,True,True,True,True,Eyes,0.9872026,-0.02588982,-3.676849,-0.9656985,-0.05174442,0.254458,0.0,0.0,0.0,0.0,0.0,0.0,0.0,3.041256,0.5452176,2.141439,0.8510796,-0.009777427,-3.66167,0.09601643,-0.5502678,0.05202675,0.8278162,12.48741,292.6489,358.8537,0.2750865,-0.007780761,-0.9613876,-0.1664303,-0.008712615,0.009341643,-1.119356,-0.04381837,-2.8555,-2.980232e-07,0.4008001,2.111001,0.3889973,-0.01953232,0.921032,-0.1918067,0.9761481,0.1017106,-0.9010502,-0.2162252,0.3759725,static,-75.2383,-11.49445,-8.088806e-06,10.75037
05/15/2023 12:32:22.609497,4837,True,True,True,True,Eyes,0.9805981,-0.0252807,-3.676085,-0.9649684,-0.05136786,0.2572885,0.0,0.0,0.0,0.0,0.0,0.0,0.0,3.026752,0.5466623,2.153866,0.8414698,-0.009457335,-3.659378,0.09572618,-0.547358,0.05064508,0.829862,12.3757,293.0522,358.7835,0.2735114,-0.007682815,-0.9618377,-0.1564444,-0.008189858,0.008781144,-1.123728,-0.06283051,-2.842135,-2.980232e-07,0.4008002,2.111001,0.3956687,-0.02073613,0.9181592,-0.1888498,0.9765431,0.1034371,-0.898767,-0.214321,0.3824716,static,-75.0706,-11.29069,-8.088806e-06,10.75037
05/15/2023 12:32:22.629545,4838,True,True,True,True,Eyes,0.9738843,-0.02468451,-3.675256,-0.9641727,-0.05108956,0.2603092,0.0,0.0,0.0,0.0,0.0,0.0,0.0,3.012428,0.5560897,2.163973,0.8323988,-0.009715572,-3.657014,0.09699805,-0.5444056,0.05056225,0.8316595,12.49717,293.4441,358.7375,0.271937,-0.007579096,-0.9622848,-0.1470578,-0.007698467,0.008254276,-1.127914,-0.07498848,-2.827227,-4.768372e-07,0.4008001,2.111,0.4021321,-0.02151141,0.9153289,-0.1897137,0.9760697,0.1062859,-0.8957111,-0.2163914,0.388428,static,-74.8914,-11.10401,-1.294209e-05,10.75037
05/15/2023 12:32:22.639673,4839,True,True,True,True,Eyes,0.9670839,-0.02410939,-3.674333,-0.9633466,-0.05074849,0.2634161,0.0,0.0,0.0,0.0,0.0,0.0,0.0,2.995768,0.569105,2.176152,0.8230665,-0.009418443,-3.65467,0.09864596,-0.5410546,0.0499768,0.8336854,12.62446,293.8815,358.625,0.2703604,-0.007470497,-0.9627298,-0.1382343,-0.007236558,0.007759019,-1.131518,-0.07049038,-2.810523,-2.384186e-07,0.4008001,2.111,0.4095244,-0.02341585,0.9119986,-0.1900756,0.9755425,0.110399,-0.8922786,-0.2185598,0.3950577,static,-74.70695,-10.90473,-6.471046e-06,10.75037
05/15/2023 12:32:22.660158,4840,True,True,True,True,Eyes,0.9601805,-0.02357039,-3.673353,-0.9624575,-0.0504268,0.2667069,0.0,0.0,0.0,0.0,0.0,0.0,0.0,2.978124,0.5765281,2.19082,0.8139112,-0.009318873,-3.652226,0.0992601,-0.5375901,0.04890613,0.8359143,12.62263,294.3464,358.5343,0.2687803,-0.007358069,-0.963173,-0.1299402,-0.006802365,0.007293478,-1.134485,-0.07530901,-2.794443,-5.960464e-08,0.4008,2.111,0.4172101,-0.02495985,0.9084674,-0.1884852,0.9755113,0.113363,-0.8890496,-0.2185288,0.4022886,static,-74.5114,-10.70664,-1.617762e-06,10.75037
05/15/2023 12:32:22.680188,4841,True,True,True,True,Eyes,0.9532089,-0.02306706,-3.672276,-0.9615571,-0.0500048,0.2700138,0.0,0.0,0.0,0.0,0.0,0.0,0.0,2.961622,0.5797884,2.205022,0.8045357,-0.009645566,-3.649946,0.09949815,-0.5341985,0.04855361,0.8380781,12.62969,294.8105,358.5366,0.2671943,-0.007243129,-0.9636151,-0.1221438,-0.006394223,0.006855869,-1.136716,-0.07980053,-2.776455,-1.788139e-07,0.4008002,2.111001,0.4245492,-0.02492008,0.905062,-0.1876869,0.9754853,0.1148999,-0.885738,-0.2186489,0.4094643,static,-74.31478,-10.49194,-4.853283e-06,10.75037
05/15/2023 12:32:22.690041,4842,True,True,True,True,Eyes,0.9461414,-0.02258053,-3.671143,-0.9606186,-0.0495459,0.2734174,0.0,0.0,0.0,0.0,0.0,0.0,0.0,2.947563,0.5777138,2.217097,0.7954988,-0.009954959,-3.64753,0.09918588,-0.5312377,0.04868723,0.8399871,12.61265,295.2255,358.6149,0.2656024,-0.007126919,-0.964056,-0.1148152,-0.00601057,0.006444517,-1.138418,-0.07964811,-2.757559,-3.576279e-07,0.4008001,2.111001,0.430832,-0.02358928,0.9021238,-0.1871758,0.9755834,0.1149007,-0.8828075,-0.2183587,0.4158972,static,-74.11225,-10.2711,-9.706567e-06,10.75037
05/15/2023 12:32:22.709975,4843,True,True,True,True,Eyes,0.7669488,-0.01117972,-3.641719,-0.9331375,-0.03141037,0.358145,0.0,0.0,0.0,0.0,0.0,0.0,0.0,2.935961,0.5717067,2.226677,0.7861221,-0.009880766,-3.645096,0.098328,-0.5287216,0.04860029,0.8416787,12.5278,295.5851,358.699,0.2640023,-0.007009948,-0.9644963,-0.1079263,-0.005649936,0.006057846,-1.140482,-0.08023888,-2.739515,-1.788139e-07,0.4008001,2.111,0.436183,-0.02216461,0.8995849,-0.1857879,0.9759392,0.1141291,-0.8804699,-0.2169132,0.4215702,static,-69.00283,-5.012185,-4.853284e-06,10.75037
05/15/2023 12:32:22.729712,4844,True,True,True,True,Eyes,0.7665823,-0.0112047,-3.641608,-0.9330714,-0.03120874,0.3583348,0.0,0.0,0.0,0.0,0.0,0.0,0.0,2.925175,0.5604413,2.236106,0.7768056,-0.01020727,-3.642442,0.09615377,-0.5265415,0.04709993,0.8433802,12.22718,295.9081,358.7212,0.2565347,-0.0065281,-0.9665127,-0.6390285,0.02889152,0.09396623,-1.143128,-0.07989623,-2.723519,-1.192093e-07,0.4008001,2.111,0.4410712,-0.02181162,0.897207,-0.1807042,0.9770721,0.1125882,-0.8790917,-0.2117885,0.4270169,static,-68.99132,-4.977548,-3.235523e-06,10.75037
05/15/2023 12:32:22.739528,4845,True,True,True,True,Eyes,0.7658479,-0.01124144,-3.641396,-0.9329685,-0.0307808,0.3586395,0.0,0.0,0.0,0.0,0.0,0.0,0.0,2.915197,0.5486283,2.245383,0.7697709,-0.01137201,-3.63984,0.09386347,-0.5246465,0.04590622,0.8448837,11.93351,296.1939,358.7748,0.2503578,-0.006121884,-0.9681337,-0.6006868,0.02715803,0.08832826,-1.147014,-0.07662803,-2.709419,-4.172325e-07,0.4008001,2.111,0.4452774,-0.02091944,0.8951483,-0.1760611,0.9781646,0.1104383,-0.8779126,-0.2067765,0.4318714,static,-68.9729,-4.905478,-1.132433e-05,10.75037
05/15/2023 12:32:22.760116,4846,True,True,True,True,Eyes,0.7648412,-0.01132883,-3.641069,-0.9328182,-0.03000585,0.3590959,0.0,0.0,0.0,0.0,0.0,0.0,0.0,2.906784,0.5353674,2.251772,0.7602996,-0.01171571,-3.637073,0.09160124,-0.5228429,0.04484357,0.8463059,11.65029,296.4662,358.8367,0.2452278,-0.005778888,-0.9694481,-0.5646456,0.02552854,0.08302856,-1.151383,-0.06568216,-2.695884,-4.172325e-07,0.4008001,2.111,0.4492487,-0.01988336,0.8931855,-0.1716889,0.9791965,0.108153,-0.8767546,-0.2019376,0.436489,static,-68.94539,-4.776507,-1.132433e-05,10.75037
05/15/2023 12:32:22.779777,4847,True,True,True,True,Eyes,0.7635021,-0.01145422,-3.640612,-0.9326434,-0.02893906,0.3596371,0.0,0.0,0.0,0.0,0.0,0.0,0.0,2.898526,0.5127846,2.259359,0.7506351,-0.01260327,-3.633936,0.08751068,-0.5211987,0.04266527,0.8478642,11.12023,296.733,358.8979,0.240947,-0.005489959,-0.9705225,-0.5307669,0.02399683,0.07804685,-1.154068,-0.05582877,-2.683896,-2.980232e-07,0.4008001,2.111,0.4530633,-0.0188722,0.8912786,-0.1635696,0.981043,0.1039202,-0.8763439,-0.1928685,0.4413877,static,-68.91283,-4.60053,-8.088807e-06,10.75037
05/15/2023 12:32:22.796455,4848,True,True,True,True,Eyes,0.7618245,-0.01161804,-3.640036,-0.9324169,-0.0276219,0.3603272,0.0,0.0,0.0,0.0,0.0,0.0,0.0,2.890322,0.4926973,2.266047,0.7411768,-0.01368222,-3.630723,0.08371948,-0.5195938,0.04040073,0.8493418,10.61431,296.9872,358.929,0.2373517,-0.005247276,-0.9714094,-0.4989209,0.02255702,0.07336404,-1.159343,-0.04554394,-2.672297,-1.788139e-07,0.4008002,2.111001,0.4567802,-0.01837218,0.8893899,-0.1556283,0.9827176,0.1002289,-0.8758606,-0.1841968,0.4460267,static,-68.87125,-4.383596,-4.853283e-06,10.75037
05/15/2023 12:32:22.809972,4849,True,True,True,True,Eyes,0.7598288,-0.01183861,-3.639329,-0.9321577,-0.02626656,0.3610986,0.0,0.0,0.0,0.0,0.0,0.0,0.0,2.88165,0.4773733,2.271748,0.7313725,-0.01483645,-3.627327,0.0806735,-0.5178815,0.03831273,0.8507777,10.19235,297.2456,358.9307,0.234113,-0.005035181,-0.9721961,-0.4689856,0.0212036,0.0689622,-1.164886,-0.02654643,-2.660516,-2.384186e-07,0.4008001,2.111,0.4606619,-0.01836739,0.8873855,-0.1487498,0.9840479,0.09758755,-0.8750223,-0.1769533,0.4505813,static,-68.82467,-4.160407,-6.471045e-06,10.75037
05/15/2023 12:32:22.829883,4850,True,True,True,True,Eyes,0.7575254,-0.01210548,-3.638494,-0.9318436,-0.02483302,0.3620094,0.0,0.0,0.0,0.0,0.0,0.0,0.0,2.873013,0.4629304,2.27669,0.7217084,-0.01644154,-3.62363,0.07788781,-0.5161739,0.03676419,0.8521424,9.828312,297.5016,358.9677,0.2311485,-0.004850274,-0.9729062,-0.4408465,0.01993138,0.06482447,-1.170141,-0.008648351,-2.648989,-2.980232e-07,0.4008001,2.111001,0.4644259,-0.01775066,0.8854341,-0.1430639,0.9851638,0.09478956,-0.8739802,-0.1706964,0.4549961,static,-68.76949,-3.924213,-8.088806e-06,10.75037
05/15/2023 12:32:22.839439,4851,True,True,True,True,Eyes,0.7549257,-0.01243137,-3.637524,-0.9314396,-0.02366006,0.3631262,0.0,0.0,0.0,0.0,0.0,0.0,0.0,2.863665,0.4530531,2.281219,0.7120161,-0.01784723,-3.619739,0.07616495,-0.5142673,0.03625607,0.8534716,9.630864,297.7766,359.0439,0.2284241,-0.004691121,-0.9735502,-0.4143957,0.0187355,0.060935,-1.175419,0.006021529,-2.637038,-2.980232e-07,0.4008001,2.111,0.4684294,-0.01645122,0.8833477,-0.1402253,0.9857688,0.0927186,-0.872302,-0.1672998,0.4594563,static,-68.70144,-3.727927,-8.088807e-06,10.75037
05/15/2023 12:32:22.859614,4852,True,True,True,True,Eyes,0.7520416,-0.01278114,-3.636419,-0.9309732,-0.02253666,0.3643913,0.0,0.0,0.0,0.0,0.0,0.0,0.0,2.852969,0.445713,2.286424,0.70236,-0.0195725,-3.615541,0.07494709,-0.5121124,0.03628702,0.8548725,9.51504,298.0813,359.1447,0.2259092,-0.004556765,-0.9741375,-0.389532,0.01761137,0.0572789,-1.180604,0.01807207,-2.625142,-1.788139e-07,0.4008001,2.111,0.4728483,-0.0147211,0.8810208,-0.1388042,0.9861324,0.09097434,-0.8701424,-0.1653065,0.4642476,static,-68.62418,-3.539088,-4.853285e-06,10.75037
05/15/2023 12:32:22.879645,4853,True,True,True,True,Eyes,0.7488794,-0.01314477,-3.635183,-0.9304011,-0.02174489,0.3658973,0.0,0.0,0.0,0.0,0.0,0.0,0.0,2.841682,0.4458348,2.290714,0.6926404,-0.02049327,-3.61125,0.07492564,-0.5098659,0.03630665,0.8562154,9.51629,298.3846,359.1732,0.223576,-0.004445386,-0.9746761,-0.3661601,0.01655469,0.05384217,-1.185616,0.02407908,-2.612665,-1.788139e-07,0.4008002,2.111001,0.4774372,-0.01423145,0.8785505,-0.1385767,0.9861359,0.09128193,-0.8676693,-0.165328,0.4688459,static,-68.53186,-3.401027,-4.853283e-06,10.75037
05/15/2023 12:32:22.889935,4854,True,True,True,True,Eyes,0.7454498,-0.01352151,-3.633815,-0.929784,-0.0208214,0.3675162,0.0,0.0,0.0,0.0,0.0,0.0,0.0,2.829895,0.4456305,2.295473,0.6828611,-0.02116588,-3.606846,0.07468007,-0.5075816,0.03575062,0.8576164,9.461592,298.6919,359.1582,0.2214005,-0.004355107,-0.9751729,-0.3441904,0.01556141,0.05061164,-1.190143,0.02670749,-2.599052,-4.172325e-07,0.4008,2.111,0.4821658,-0.01449182,0.8759602,-0.1371331,0.9862896,0.09180098,-0.8652808,-0.1643864,0.4735678,static,-68.43257,-3.24259,-1.132433e-05,10.75037
05/15/2023 12:32:22.914588,4855,True,True,True,True,Eyes,0.7417638,-0.0139135,-3.632325,-0.9290822,-0.02007373,0.3693283,0.0,0.0,0.0,0.0,0.0,0.0,0.0,2.820016,0.4362716,2.299487,0.6730074,-0.02189459,-3.602366,0.07291549,-0.5056741,0.03465848,0.858939,9.224987,298.9612,359.1755,0.2193604,-0.00428419,-0.9756342,-0.323539,0.01462772,0.04757494,-1.194551,0.02574269,-2.584931,-4.172325e-07,0.4008,2.111,0.4861852,-0.01420392,0.8737404,-0.133282,0.9869642,0.09020812,-0.8636319,-0.1603117,0.4779543,static,-68.32121,-3.11108,-1.132433e-05,10.75037
05/15/2023 12:32:22.929798,4856,True,True,True,True,Eyes,0.7378263,-0.01432561,-3.630702,-0.9283562,-0.01918699,0.3711963,0.0,0.0,0.0,0.0,0.0,0.0,0.0,2.812029,0.4277096,2.300867,0.6633394,-0.02266224,-3.597763,0.07139508,-0.5041174,0.03387531,0.8600122,9.030229,299.1816,359.2042,0.2174361,-0.00423114,-0.9760652,-0.3041267,0.01375006,0.04472044,-1.19871,0.02711939,-2.570351,-2.980232e-07,0.4008002,2.111001,0.4894362,-0.01371666,0.8719313,-0.1302493,0.9875104,0.08864701,-0.8622572,-0.1569555,0.4815367,static,-68.20637,-2.958963,-8.088806e-06,10.75037
05/15/2023 12:32:22.939400,4857,True,True,True,True,Eyes,0.7336437,-0.01476684,-3.628988,-0.9275733,-0.0185236,0.3731819,0.0,0.0,0.0,0.0,0.0,0.0,0.0,2.804779,0.4175171,2.301252,0.6533674,-0.02359614,-3.592968,0.06952669,-0.50271,0.03282876,0.8610291,8.785496,299.3836,359.2248,0.2156107,-0.004194757,-0.9764702,-0.2858791,0.01292505,0.04203722,-1.203539,0.03526279,-2.55725,-3.576279e-07,0.4008001,2.111001,0.49241,-0.01337047,0.8702608,-0.1264366,0.9881766,0.08672231,-0.8611309,-0.1527357,0.4848975,static,-68.08406,-2.841654,-9.706567e-06,10.75037
05/15/2023 12:32:22.959667,4858,True,True,True,True,Eyes,0.7292442,-0.01519918,-3.62715,-0.9267793,-0.01800636,0.3751744,0.0,0.0,0.0,0.0,0.0,0.0,0.0,2.798636,0.4133187,2.299376,0.6438174,-0.02472767,-3.588204,0.06886208,-0.5014639,0.03273524,0.8618124,8.715221,299.5564,359.2673,0.2138677,-0.00417418,-0.9768535,-0.2687263,0.01214955,0.03951498,-1.20909,0.04179895,-2.545709,-3.576279e-07,0.4008001,2.111,0.4949248,-0.01264044,0.868844,-0.125487,0.9883728,0.0858613,-0.8598271,-0.1515235,0.487584,static,-67.96115,-2.747781,-9.706568e-06,10.75037
05/15/2023 12:32:22.979338,4859,True,True,True,True,Eyes,0.7246347,-0.0155612,-3.625201,-0.9259502,-0.0179132,0.3772205,0.0,0.0,0.0,0.0,0.0,0.0,0.0,2.793599,0.4188976,2.294393,0.6342112,-0.02491772,-3.583443,0.07011453,-0.5003559,0.03352015,0.8623251,8.885886,299.6963,359.2836,0.2121945,-0.004167632,-0.9772183,-0.2526027,0.01142058,0.03714408,-1.215156,0.05004009,-2.534591,-5.960464e-08,0.4008002,2.111001,0.4970408,-0.01235392,0.8676392,-0.1279749,0.9879207,0.08737902,-0.8582382,-0.154467,0.4894559,static,-67.83464,-2.718783,-1.617761e-06,10.75037
05/15/2023 12:32:22.990066,4860,True,True,True,True,Eyes,0.719807,-0.01584819,-3.623127,-0.9251121,-0.01767032,0.3792827,0.0,0.0,0.0,0.0,0.0,0.0,0.0,2.790065,0.4295049,2.286576,0.6246882,-0.02350472,-3.578628,0.07241851,-0.4995363,0.0344255,0.862574,9.16779,299.7874,359.2477,0.2105785,-0.004171841,-0.9775678,-0.2374466,0.01073534,0.03491544,-1.221573,0.05154625,-2.524501,1.192093e-07,0.4008002,2.111001,0.4985567,-0.01296226,0.8667603,-0.1317405,0.9871408,0.09053908,-0.8567881,-0.1593262,0.490438,static,-67.70707,-2.667413,3.235522e-06,10.75037
05/15/2023 12:32:23.009837,4861,True,True,True,True,Eyes,0.7147973,-0.01603647,-3.620962,-0.9242226,-0.01756689,0.3814498,0.0,0.0,0.0,0.0,0.0,0.0,0.0,2.78457,0.4224206,2.283993,0.6146245,-0.02203299,-3.573603,0.07117441,-0.4985067,0.03283142,0.8633351,8.953225,299.9292,359.1721,0.2090092,-0.004183732,-0.9779044,-0.2231998,0.01009122,0.03282051,-1.228822,0.04496115,-2.51518,5.960464e-08,0.4008001,2.111,0.5008264,-0.01427282,0.8654302,-0.1276509,0.9877126,0.09016137,-0.8560831,-0.1556281,0.4928505,static,-67.57284,-2.636776,1.617762e-06,10.75037
05/15/2023 12:32:23.029268,4862,True,True,True,True,Eyes,0.709583,-0.01607164,-3.618682,-0.9233248,-0.01739933,0.3836257,0.0,0.0,0.0,0.0,0.0,0.0,0.0,2.780659,0.4205292,2.27927,0.6054857,-0.0198089,-3.56889,0.07145626,-0.4976617,0.03298502,0.8637934,8.990902,300.04,359.1799,0.2074773,-0.004199894,-0.9782306,-0.2098078,0.00948575,0.03085128,-1.236793,0.03580374,-2.507025,-1.788139e-07,0.4008001,2.111001,0.5024897,-0.01413761,0.8644676,-0.1281066,0.987612,0.09061613,-0.8550397,-0.1562776,0.4944538,static,-67.43795,-2.596868,-4.853283e-06,10.75037
05/15/2023 12:32:23.039509,4863,True,True,True,True,Eyes,0.7042004,-0.01606175,-3.616257,-0.9223582,-0.01662692,0.3859781,0.0,0.0,0.0,0.0,0.0,0.0,0.0,2.775202,0.4209435,2.275325,0.5953615,-0.01619945,-3.563892,0.07158607,-0.4966375,0.0312551,0.8644361,8.905665,300.1663,359.0101,0.2059742,-0.004215773,-0.9785481,-0.1972193,0.008916604,0.0290002,-1.24373,0.04531139,-2.497059,1.788139e-07,0.4008001,2.111,0.5047486,-0.01706858,0.8630975,-0.1251407,0.9877971,0.09271824,-0.8541479,-0.1548081,0.4964532,static,-67.29221,-2.466627,4.853284e-06,10.75037
05/15/2023 12:32:23.059415,4864,True,True,True,True,Eyes,0.6986808,-0.01598735,-3.613752,-0.9213678,-0.01595954,0.388364,0.0,0.0,0.0,0.0,0.0,0.0,0.0,2.765271,0.3873956,2.282894,0.5854957,-0.0152128,-3.558844,0.06483705,-0.4949954,0.02588275,0.8660865,7.928238,300.4238,358.8803,0.2044932,-0.004230197,-0.9788586,-0.1853862,0.008381608,0.02726019,-1.250848,0.04612397,-2.48878,-5.960464e-07,0.4008001,2.111,0.5086192,-0.01935467,0.860774,-0.1090215,0.9902524,0.08668529,-0.8540613,-0.1379327,0.5015514,static,-67.14418,-2.353205,-1.617761e-05,10.75037
05/15/2023 12:32:23.079764,4865,True,True,True,True,Eyes,0.6929812,-0.01586748,-3.611124,-0.9202423,-0.01513298,0.3910563,0.0,0.0,0.0,0.0,0.0,0.0,0.0,2.757786,0.3879067,2.282779,0.5766858,-0.01357019,-3.55446,0.0654998,-0.4934014,0.02650751,0.8669268,8.03192,300.6324,358.9193,0.2030279,-0.004241576,-0.9791635,-0.174263,0.007878711,0.02562458,-1.257901,0.0529099,-2.478718,-2.980232e-07,0.4008001,2.111,0.5117048,-0.01867524,0.8589583,-0.1105955,0.9900143,0.08740938,-0.8520133,-0.1397248,0.5045297,static,-66.97697,-2.216109,-8.088807e-06,10.75037
05/15/2023 12:32:23.089585,4866,True,True,True,True,Eyes,0.6871606,-0.01573533,-3.608428,-0.9190696,-0.01418646,0.3938397,0.0,0.0,0.0,0.0,0.0,0.0,0.0,2.744327,0.3678165,2.291684,0.5664746,-0.012382,-3.54928,0.0618587,-0.4908393,0.02412592,0.8687165,7.536584,300.994,358.9129,0.2015732,-0.004248988,-0.9794639,-0.1638072,0.007405989,0.0240871,-1.261124,0.09050462,-2.465325,-1.192093e-07,0.4008001,2.111,0.5169894,-0.01880819,0.8557852,-0.1026425,0.9911829,0.08379143,-0.8498157,-0.1311593,0.5105006,static,-66.8039,-2.062953,-3.235523e-06,10.75037
05/15/2023 12:32:23.109523,4867,True,True,True,True,Eyes,0.6811869,-0.01555695,-3.605713,-0.9177673,-0.01383453,0.3968776,0.0,0.0,0.0,0.0,0.0,0.0,0.0,2.732774,0.3521867,2.299206,0.5577444,-0.0119829,-3.545026,0.05959664,-0.4884657,0.02402104,0.8702142,7.307274,301.327,359.0518,0.2001247,-0.004252501,-0.9797609,-0.1539788,0.00696163,0.02264188,-1.266241,0.08826866,-2.454364,-1.192093e-07,0.4008,2.111,0.5216485,-0.01641493,0.8530027,-0.1000287,0.9917424,0.08025675,-0.8472764,-0.1271906,0.515699,static,-66.61451,-1.996433,-3.235524e-06,10.75037
05/15/2023 12:32:23.129801,4868,True,True,True,True,Eyes,0.6750826,-0.01528844,-3.602924,-0.9164315,-0.01335373,0.3999688,0.0,0.0,0.0,0.0,0.0,0.0,0.0,2.72168,0.3668821,2.301238,0.5488188,-0.01057535,-3.540696,0.06310315,-0.4860238,0.02679013,0.8712528,7.816382,301.6326,359.1523,0.1986782,-0.004251244,-0.9800554,-0.1447401,0.006543932,0.02128337,-1.268625,0.108007,-2.43803,-1.192093e-07,0.4008001,2.111,0.5261264,-0.01465732,0.8502802,-0.1080212,0.9906006,0.08391631,-0.843518,-0.1359989,0.5195977,static,-66.42155,-1.912219,-3.235523e-06,10.75037
05/15/2023 12:32:23.139591,4869,True,True,True,True,Eyes,0.6688539,-0.01494046,-3.600088,-0.9150732,-0.01270593,0.4030875,0.0,0.0,0.0,0.0,0.0,0.0,0.0,2.711664,0.3513373,2.306384,0.5395813,-0.008168355,-3.536206,0.06111464,-0.4839282,0.02653197,0.8725679,7.604398,301.9249,359.2573,0.1972288,-0.004243234,-0.9803481,-0.1360557,0.006151296,0.02000636,-1.270948,0.1170083,-2.424219,-1.192093e-07,0.4008001,2.111,0.5302191,-0.01284831,0.8477634,-0.1054521,0.9911221,0.0809742,-0.8412774,-0.1323325,0.524157,static,-66.22663,-1.805452,-3.235523e-06,10.75037
05/15/2023 12:32:23.159491,4870,True,True,True,True,Eyes,0.662493,-0.01454581,-3.597191,-0.9137003,-0.0116516,0.4062218,0.0,0.0,0.0,0.0,0.0,0.0,0.0,2.704787,0.3271261,2.309369,0.5306128,-0.005954012,-3.531924,0.05715879,-0.4825177,0.02450632,0.8736757,7.095638,302.1334,359.2875,0.195774,-0.00422697,-0.9806397,-0.1278923,0.005782218,0.01880598,-1.275143,0.09936386,-2.410192,-2.384186e-07,0.4008001,2.111,0.5331523,-0.01233909,0.8459293,-0.09798142,0.9922647,0.07622701,-0.8403263,-0.1235259,0.5278192,static,-66.03056,-1.642957,-6.471046e-06,10.75037
05/15/2023 12:32:23.179406,4871,True,True,True,True,Eyes,0.6560305,-0.01413541,-3.594236,-0.9123179,-0.01056648,0.4093462,0.0,0.0,0.0,0.0,0.0,0.0,0.0,2.697377,0.3091426,2.311721,0.5210834,-0.00455828,-3.527593,0.05327872,-0.4810728,0.02051874,0.8748196,6.486006,302.3361,359.1141,0.194311,-0.004201994,-0.9809307,-0.1202188,0.005435285,0.01767762,-1.278621,0.1097197,-2.397256,-4.172325e-07,0.4008001,2.111,0.5362959,-0.0153615,0.8438903,-0.08716226,0.9934807,0.07347652,-0.8395174,-0.1129605,0.5314606,static,-65.83479,-1.478651,-1.132433e-05,10.75037
05/15/2023 12:32:23.190020,4872,True,True,True,True,Eyes,0.6494694,-0.01372129,-3.591235,-0.9109331,-0.009569823,0.4124431,0.0,0.0,0.0,0.0,0.0,0.0,0.0,2.692024,0.3020936,2.310609,0.5120673,-0.003878638,-3.523484,0.05121304,-0.4799812,0.01727603,0.8756121,6.100336,302.4818,358.9104,0.1928375,-0.004168726,-0.9812216,-0.1130057,0.005109168,0.01661697,-1.282587,0.1309825,-2.387146,-2.384186e-07,0.4008002,2.111,0.5386391,-0.01890839,0.8423244,-0.07941682,0.9941576,0.07310118,-0.8387853,-0.1062699,0.5339905,static,-65.64041,-1.329183,-6.471045e-06,10.75037
05/15/2023 12:32:23.209687,4873,True,True,True,True,Eyes,0.6428483,-0.01332222,-3.588154,-0.9094647,-0.008965984,0.4156847,0.0,0.0,0.0,0.0,0.0,0.0,0.0,2.686763,0.312181,2.307223,0.5031371,-0.003379643,-3.519413,0.05252052,-0.4788104,0.01623335,0.8761956,6.175941,302.6219,358.7408,0.1913518,-0.004127873,-0.9815125,-0.1062253,0.004802618,0.01561995,-1.286073,0.1551692,-2.37623,-1.192093e-07,0.4008001,2.111,0.5409543,-0.02184756,0.8407682,-0.07874192,0.9939561,0.07649112,-0.8373579,-0.1075819,0.5359645,static,-65.43651,-1.235632,-3.235523e-06,10.75037
05/15/2023 12:32:23.229975,4874,True,True,True,True,Eyes,0.6361672,-0.01289703,-3.585039,-0.9079609,-0.008835955,0.4189617,0.0,0.0,0.0,0.0,0.0,0.0,0.0,2.678433,0.3284447,2.306456,0.4945327,-0.003176183,-3.51526,0.05516637,-0.477044,0.01644077,0.8769923,6.456388,302.8342,358.6277,0.189854,-0.004080602,-0.9818035,-0.0998518,0.004514461,0.01468275,-1.290439,0.1702441,-2.366932,-2.980232e-07,0.4008001,2.111,0.5443175,-0.02379671,0.8385417,-0.08147042,0.9933727,0.08107502,-0.8349138,-0.1124469,0.5387715,static,-65.22991,-1.208196,-8.088808e-06,10.75038
05/15/2023 12:32:23.239430,4875,True,True,True,True,Eyes,0.6294505,-0.0124552,-3.581828,-0.9063059,-0.008822583,0.4225302,0.0,0.0,0.0,0.0,0.0,0.0,0.0,2.668027,0.3533725,2.307224,0.4864009,-0.002017483,-3.5114,0.06013535,-0.4747492,0.01900646,0.8778586,7.101489,303.1056,358.6298,0.1883429,-0.004026806,-0.9820948,0.0,0.0,0.0,-1.296085,0.1678927,-2.357334,-1.192093e-07,0.4008002,2.111001,0.5485039,-0.02372844,0.8358112,-0.09046838,0.992045,0.08753406,-0.8312393,-0.1236273,0.541994,static,-65.00453,-1.196183,-3.235522e-06,10.75037
05/15/2023 12:32:23.259587,4876,True,True,True,True,Eyes,0.4606559,-0.001769304,-3.500863,-0.8593413,-0.01381044,0.5112161,0.0,0.0,0.0,0.0,0.0,0.0,0.0,2.653967,0.3652753,2.313407,0.4779511,-0.001039878,-3.50719,0.06278847,-0.471784,0.02078092,0.8792301,7.470705,303.4794,358.688,0.1868194,-0.003966679,-0.9823859,0.0,0.0,0.0,-1.300624,0.1575923,-2.345418,-1.788139e-07,0.4008001,2.111,0.5539761,-0.02270278,0.832223,-0.09578759,0.9912515,0.09080283,-0.8270038,-0.1300192,0.546955,static,-59.25188,-1.547462,-4.853285e-06,10.75037
05/15/2023 12:32:23.279820,4877,True,True,True,True,Eyes,0.46039,-0.001750539,-3.50067,-0.8591501,-0.01402577,0.5115316,0.0,0.0,0.0,0.0,0.0,0.0,0.0,2.641281,0.37001,2.31979,0.4703363,-0.0008993,-3.503352,0.06443617,-0.4690365,0.0231287,0.8805214,7.768522,303.8359,358.8599,0.1806359,-0.003581126,-0.9835432,-0.5063837,0.03205767,0.2428958,-1.304605,0.1346171,-2.332168,-2.384186e-07,0.4008001,2.111,0.5589396,-0.01971521,0.8289739,-0.1011765,0.9906261,0.09177844,-0.8230127,-0.1351712,0.5517055,static,-59.23075,-1.570609,-6.471046e-06,10.75037
05/15/2023 12:32:23.290181,4878,True,True,True,True,Eyes,0.4598389,-0.001689315,-3.500311,-0.8588314,-0.01435152,0.5120572,0.0,0.0,0.0,0.0,0.0,0.0,0.0,2.628994,0.3861609,2.323844,0.463012,-0.0002804846,-3.499514,0.06835141,-0.4663119,0.02671014,0.8815714,8.36182,304.1758,359.0356,0.1753889,-0.003256256,-0.9844936,-0.4760007,0.03013421,0.2283221,-1.306246,0.1217832,-2.316175,-2.384186e-07,0.4008,2.111,0.5636795,-0.01665235,0.8258258,-0.1108399,0.9892293,0.09560276,-0.8185231,-0.1454238,0.5557625,static,-59.19552,-1.605419,-6.471047e-06,10.75037
05/15/2023 12:32:23.314646,4879,True,True,True,True,Eyes,0.4590408,-0.001612257,-3.499769,-0.8583363,-0.01421865,0.5128904,0.0,0.0,0.0,0.0,0.0,0.0,0.0,2.614403,0.3869946,2.332229,0.4555902,0.0008316487,-3.495225,0.06918842,-0.463331,0.02813084,0.8830322,8.526048,304.5652,359.1638,0.1708903,-0.0029787,-0.9852853,-0.4474407,0.02832616,0.2146228,-1.307595,0.1107972,-2.301918,-2.384186e-07,0.4008001,2.111,0.569066,-0.01443342,0.8221652,-0.1137952,0.9888433,0.09612345,-0.8143799,-0.148259,0.5610746,static,-59.13999,-1.587981,-6.471046e-06,10.75037
05/15/2023 12:32:23.319497,4880,True,True,True,True,Eyes,0.4579892,-0.001540188,-3.499079,-0.8576897,-0.01400304,0.513977,0.0,0.0,0.0,0.0,0.0,0.0,0.0,2.596162,0.3735256,2.347083,0.4483462,0.001266152,-3.49104,0.06710885,-0.4597641,0.02797102,0.8850599,8.308955,305.0475,359.2938,0.1668184,-0.002726675,-0.9859836,-0.4205942,0.02662659,0.2017454,-1.309315,0.0892131,-2.287982,0.0,0.4008002,2.111001,0.5756692,-0.01219642,0.8175918,-0.1112205,0.989428,0.09307056,-0.8100833,-0.1445109,0.5682268,static,-59.06754,-1.560608,0.0,10.75037
05/15/2023 12:32:23.339900,4881,True,True,True,True,Eyes,0.4567019,-0.001470055,-3.498236,-0.8568689,-0.01337912,0.5153608,0.0,0.0,0.0,0.0,0.0,0.0,0.0,2.577218,0.3634869,2.361964,0.4411745,0.001199722,-3.486891,0.06562889,-0.4560438,0.02825131,0.8870844,8.175426,305.545,359.4364,0.1631246,-0.002497783,-0.986602,-0.3953586,0.02502899,0.1896407,-1.309175,0.08418535,-2.27227,-3.576279e-07,0.4008001,2.111,0.5824519,-0.009736702,0.8128069,-0.1099819,0.9897894,0.09066906,-0.8053904,-0.1422044,0.5754339,static,-58.97535,-1.487104,-9.706569e-06,10.75037
