Unnamed: 0,Time,Frame,EyeTrackingEnabled,EyeCalibrationValid,EyeTrackingEnabledAndValid,EyeTrackingDataValid,GazeInputSource,EyeGazeOrigin.x,EyeGazeOrigin.y,EyeGazeOrigin.z,EyeGazeDirection.x,EyeGazeDirection.y,EyeGazeDirection.z,EyeHitInfo.distance,EyeHitPosition.x,EyeHitPosition.y,EyeHitPosition.z,EyeHitNormal.x,EyeHitNormal.y,EyeHitNormal.z,LocalEyeHitPosition.x,LocalEyeHitPosition.y,LocalEyeHitPosition.z,HeadGazeOrigin.x,HeadGazeOrigin.y,HeadGazeOrigin.z,HeadRotation.x,HeadRotation.y,HeadRotation.z,HeadRotation.w,HeadEulerAngles.x,HeadEulerAngles.y,HeadEulerAngles.z,HeadMovementDirection.x,HeadMovementDirection.y,HeadMovementDirection.z,HeadVelocity.x,HeadVelocity.y,HeadVelocity.z,transform.position.x,transform.position.y,transform.position.z,localTransform.position.x,localTransform.position.y,localTransform.position.z,localXAxis.x,localXAxis.y,localXAxis.z,localYAxis.x,localYAxis.y,localYAxis.z,localZAxis.x,localZAxis.y,localZAxis.z,Movement,GazeAngleX,GazeAngleY,TargetAngleX,TargetAngleY,globalTargetVector.x,globalTargetVector.y,globalTargetVector.z,localEyeGazeX,localEyeGazeY,localEyeGazeZ,CalibratedGazeAngleX,CalibratedGazeAngleY,cosineError,euclideanError,recalibratedEuclideanError
301,05/07/2023 19:59:50.083245,480,True,True,True,True,Eyes,1.305134,-0.2593375,-3.165025,0.1889266,-0.2162015,0.9578955,0.0,0.0,0.0,0.0,0.0,0.0,0.0,-1.170936,0.4857982,3.201996,1.311447,-0.2570577,-3.173941,0.03376464,-0.02139672,0.005346929,0.9991865,3.882075,357.5645,0.5306526,0.3801437,-0.0755277,-0.9218383,0,0,0,1.814153,-0.7812169,-1.26702,0.5796,-0.4008,1.915,0.9990272,0.009240253,0.04311971,-0.01213006,0.9976627,0.06724554,-0.04239756,-0.06770316,0.9968043,static,13.343408940077733,-9.075157027201431,16.839131587459715,-11.821088380307142,0.5027059999999999,-0.5241591999999999,1.906921,0.2280492155876859,-0.15357368366821006,0.9614618123797105,13.996256659894826,-10.045732688999626,4.24984502621647,4.445246429995557,3.3516899743912862
302,05/07/2023 19:59:50.103487,481,True,True,True,True,Eyes,1.30504,-0.2593477,-3.16503,0.19091,-0.2171001,0.9572988,0.0,0.0,0.0,0.0,0.0,0.0,0.0,-1.17124,0.4850836,3.201961,1.311478,-0.2571033,-3.173891,0.03374989,-0.02138615,0.005079565,0.9991886,3.879727,357.5646,0.5000454,0.3801425,-0.07552837,-0.9218387,0,0,0,1.81398,-0.781496,-1.26698,0.5795999,-0.4008001,1.915,0.9990336,0.008707326,0.04308046,-0.01159445,0.9976703,0.06722775,-0.04239472,-0.06766228,0.9968072,static,13.466120423965625,-9.131940935420666,16.83912884659031,-11.82109124669345,0.502502,-0.5243926999999999,1.9069109999999998,0.23007602813575637,-0.1544507793846667,0.96083820283448,14.116672082894787,-10.104952921982122,4.12208207579938,4.313782008367551,3.218214035724551
303,05/07/2023 19:59:50.123358,482,True,True,True,True,Eyes,1.30495,-0.2593548,-3.165035,0.1928193,-0.2179759,0.9567169,0.0,0.0,0.0,0.0,0.0,0.0,0.0,-1.17173,0.4866073,3.201487,1.311451,-0.2571404,-3.173836,0.03400464,-0.02131117,0.005029264,0.9991818,3.90877,357.5732,0.4939526,0.3801391,-0.07552934,-0.9218401,0,0,0,1.814204,-0.78255,-1.267272,0.5796,-0.4008,1.915,0.9990411,0.008600939,0.0429295,-0.01149965,0.9976368,0.06773927,-0.04224543,-0.06816798,0.9967791,static,13.571714226260884,-9.160945015322252,16.839131587459715,-11.821088380307142,0.502753,-0.5254095999999999,1.9065640000000001,0.23183098343377606,-0.1548708237723452,0.9603485956896659,14.220139151979325,-10.135784486122745,4.024043518498893,4.213357204716527,3.114381253613083
304,05/07/2023 19:59:50.133627,483,True,True,True,True,Eyes,1.304774,-0.2593635,-3.16504,0.1948642,-0.2188012,0.956114,0.0,0.0,0.0,0.0,0.0,0.0,0.0,-1.172343,0.4888255,3.200868,1.311459,-0.2571637,-3.173773,0.03429393,-0.02119944,0.005177062,0.9991735,3.942234,357.5866,0.5106629,0.3801337,-0.07553048,-0.9218422,0,0,0,1.814789,-0.7835037,-1.267618,0.5796,-0.4008001,1.915,0.9990476,0.008891541,0.04271892,-0.01179959,0.9975943,0.06831167,-0.04200876,-0.06875067,0.996749,static,13.676786906914996,-9.188168770243982,16.839131587459715,-11.82109124669345,0.50333,-0.52634,1.9061550000000003,0.23357728348693033,-0.1552603903964726,0.9598624205436325,14.32308314962236,-10.164804530860794,3.92796331331112,4.114936772972616,3.012272468849311
305,05/07/2023 19:59:50.153346,484,True,True,True,True,Eyes,1.304605,-0.2593728,-3.165046,0.1968318,-0.21959,0.95553,0.0,0.0,0.0,0.0,0.0,0.0,0.0,-1.17305,0.4900795,3.200385,1.311448,-0.2571855,-3.173743,0.03449259,-0.02108849,0.005168156,0.9991692,3.964927,357.5994,0.5096079,0.3801244,-0.07553189,-0.9218459,0,0,0,1.815205,-0.784282,-1.26791,0.5796,-0.4008,1.915,0.9990571,0.008872929,0.04249846,-0.01178252,0.9975671,0.06870989,-0.0417854,-0.06914584,0.9967311,static,13.781050468979084,-9.219627711121001,16.839131587459715,-11.821088380307142,0.503757,-0.5270965000000001,1.9058329999999999,0.23530635515653806,-0.15572059002092448,0.9593654796571117,14.425268209392117,-10.198106133799165,3.83048159453351,4.014904449738518,2.90874677145605
306,05/07/2023 19:59:50.183442,485,True,True,True,True,Eyes,1.304335,-0.2593818,-3.165056,0.1988856,-0.2203736,0.9549241,0.0,0.0,0.0,0.0,0.0,0.0,0.0,-1.173243,0.4901805,3.200374,1.311446,-0.2572016,-3.173819,0.03449225,-0.0210537,0.005201919,0.9991697,3.964953,357.6035,0.5136221,0.3801117,-0.07553357,-0.921851,0,0,0,1.815368,-0.7842581,-1.268018,0.5796,-0.4008001,1.915,0.9990594,0.00894282,0.04243129,-0.01184758,0.9975665,0.06870817,-0.04171358,-0.06914625,0.9967341,static,13.898901030940197,-9.275651009818178,16.839131587459715,-11.82109124669345,0.5039220000000002,-0.5270565,1.9058009999999999,0.23724641605507257,-0.15658253063535008,0.9587471467462022,14.5409249805988,-10.256489413035517,3.7083803244932203,3.888987236414478,2.780239648970017
307,05/07/2023 19:59:50.193580,486,True,True,True,True,Eyes,1.304078,-0.2593895,-3.165065,0.2008559,-0.2211119,0.9543408,0.0,0.0,0.0,0.0,0.0,0.0,0.0,-1.17332,0.4899755,3.200385,1.311427,-0.2572135,-3.173833,0.03442727,-0.02102944,0.005281182,0.999172,3.957681,357.6066,0.5229694,0.3800935,-0.07553554,-0.9218583,0,0,0,1.815512,-0.7839361,-1.267983,0.5796,-0.4008001,1.915,0.9990597,0.009105646,0.04238769,-0.01200159,0.9975737,0.0685754,-0.04166042,-0.06901965,0.996745,static,14.012266337681854,-9.33740032475903,16.839131587459715,-11.82109124669345,0.5040850000000001,-0.5267226,1.90585,0.23910597597939093,-0.15754170997664144,0.9581277938248314,14.652239726155162,-10.320615328881274,3.5864295570455798,3.7629626275185224,2.6521545944711407
308,05/07/2023 19:59:50.203627,487,True,True,True,True,Eyes,1.303701,-0.2594007,-3.165074,0.2030448,-0.2218577,0.9537044,0.0,0.0,0.0,0.0,0.0,0.0,0.0,-1.173379,0.489039,3.200524,1.311497,-0.2571655,-3.173826,0.03428978,-0.02103243,0.005274893,0.9991767,3.941907,357.6062,0.5225608,0.3800706,-0.07553774,-0.9218675,0,0,0,1.81556,-0.7833738,-1.267828,0.5796,-0.4008,1.915,0.9990596,0.009098705,0.04239197,-0.01198349,0.9975927,0.06830123,-0.04166847,-0.06874499,0.9967637,static,14.143908432994813,-9.406968525873978,16.839131587459715,-11.821088380307142,0.5040630000000001,-0.5262083,1.905998,0.2412646575241014,-0.15861766269349548,0.9574089588817939,14.781484428040098,-10.392914350475538,3.4465012504771524,3.6183148735194584,2.5047141338190793
309,05/07/2023 19:59:50.213869,488,True,True,True,True,Eyes,1.303341,-0.2594097,-3.165084,0.2051418,-0.2225804,0.953087,0.0,0.0,0.0,0.0,0.0,0.0,0.0,-1.173627,0.4884393,3.200485,1.311513,-0.25723,-3.173774,0.03417276,-0.02099298,0.005309187,0.9991814,3.928553,357.6108,0.5269288,0.3800405,-0.07554033,-0.9218798,0,0,0,1.815754,-0.782955,-1.26769,0.5795999,-0.4008,1.915,0.9990622,0.009174906,0.04231444,-0.01204446,0.9976081,0.06806667,-0.04158872,-0.06851248,0.9967831,static,14.264394716977037,-9.473328718518662,16.83912884659031,-11.821088380307142,0.5042410000000002,-0.525725,1.906084,0.24323661318002046,-0.1596453841031507,0.9567389003712927,14.8997969115057,-10.461810345478895,3.3171304287005605,3.484426964038215,2.36825782599901
310,05/07/2023 19:59:50.243679,489,True,True,True,True,Eyes,1.302877,-0.2594194,-3.165091,0.2073744,-0.2233516,0.9524232,0.0,0.0,0.0,0.0,0.0,0.0,0.0,-1.173497,0.4888451,3.200512,1.311568,-0.257186,-3.173797,0.0342631,-0.0210274,0.005257433,0.9991778,3.938804,357.6067,0.52064,0.3800043,-0.07554322,-0.9218944,0,0,0,1.815633,-0.7833117,-1.267777,0.5795999,-0.4008,1.915,0.9990604,0.009065294,0.04238049,-0.01194715,0.9975968,0.06824875,-0.04165994,-0.06869094,0.9967678,static,14.402677458897806,-9.51767163145861,16.83912884659031,-11.821088380307142,0.504065,-0.5261257,1.90602,0.2455189716691241,-0.16029067570392264,0.9560477837059586,15.03534288924836,-10.508632626656999,3.1894829980082453,3.3529127760000956,2.23073617561409
311,05/07/2023 19:59:50.253677,490,True,True,True,True,Eyes,1.302431,-0.2594289,-3.165099,0.2095177,-0.2240997,0.9517782,0.0,0.0,0.0,0.0,0.0,0.0,0.0,-1.173865,0.4898966,3.200115,1.311611,-0.2571782,-3.173678,0.03446725,-0.02098808,0.00516545,0.9991721,3.961967,357.6109,0.5097562,0.37996,-0.07554647,-0.9219124,0,0,0,1.815751,-0.7841759,-1.267918,0.5796,-0.4008002,1.915,0.9990656,0.008875543,0.04229749,-0.01176915,0.9975706,0.0686606,-0.04158533,-0.06909426,0.996743,static,14.52780432450346,-9.545731652031177,16.839131587459715,-11.821094113079699,0.5041399999999998,-0.5269977,1.9057600000000001,0.24759075020615887,-0.1606714676076211,0.9554494147037741,15.157901649847581,-10.538772725950729,3.0829978114491507,3.243379109144294,2.1144460842054276
312,05/07/2023 19:59:50.273493,491,True,True,True,True,Eyes,1.301884,-0.2594402,-3.165108,0.2117453,-0.2249196,0.9510916,0.0,0.0,0.0,0.0,0.0,0.0,0.0,-1.174096,0.4903692,3.199979,1.311622,-0.2571861,-3.173693,0.03456704,-0.02096144,0.005097345,0.9991695,3.973229,357.6138,0.50181,0.379909,-0.07555002,-0.9219331,0,0,0,1.815805,-0.7846346,-1.26807,0.5795999,-0.4008002,1.915,0.9990693,0.008737074,0.04224046,-0.01163537,0.9975583,0.06886297,-0.04153566,-0.06929035,0.9967315,static,14.65943866907782,-9.59133216111972,16.83912884659031,-11.821094113079699,0.5041829999999998,-0.5274485,1.905623,0.24975763558408356,-0.16133914818535527,0.9547727126688751,15.286956575686359,-10.586779310299287,2.961789244248601,3.1181545234886614,1.983121728721153
313,05/07/2023 19:59:50.283381,492,True,True,True,True,Eyes,1.301358,-0.2594489,-3.16512,0.2138817,-0.2257107,0.9504259,0.0,0.0,0.0,0.0,0.0,0.0,0.0,-1.175084,0.491453,3.199419,1.311644,-0.2572045,-3.173651,0.03476933,-0.02082094,0.00501292,0.9991659,3.996149,357.6296,0.4922056,0.3798494,-0.07555398,-0.9219573,0,0,0,1.816298,-0.7855036,-1.268388,0.5796,-0.4008001,1.915,0.9990827,0.008569616,0.04195574,-0.01146534,0.997532,0.06927191,-0.04125856,-0.06968941,0.9967151,static,14.772727456310395,-9.621927379577484,16.839131587459715,-11.82109124669345,0.5046539999999999,-0.5282990999999999,1.905263,0.2516270745760469,-0.1617680407771548,0.9542091015095229,15.397959675460678,-10.619328111023986,2.864467657182896,3.0176725713137644,1.8764890391870304
314,05/07/2023 19:59:50.303562,493,True,True,True,True,Eyes,1.300728,-0.2594571,-3.165135,0.216034,-0.226474,0.9497573,0.0,0.0,0.0,0.0,0.0,0.0,0.0,-1.17527,0.491694,3.199397,1.311642,-0.25719,-3.173738,0.03482696,-0.02079646,0.004966484,0.9991646,4.002632,357.6323,0.4868389,0.3797824,-0.07555822,-0.9219846,0,0,0,1.816349,-0.7857567,-1.268563,0.5795999,-0.4008002,1.915,0.9990857,0.008476115,0.04190411,-0.01137322,0.9975248,0.06938916,-0.04121224,-0.0698023,0.9967092,static,14.899944840579716,-9.669435372746133,16.83912884659031,-11.821094113079699,0.504707,-0.5285667000000001,1.905175,0.2537155904709863,-0.16246757904075992,0.9535369817935132,15.522710324737073,-10.669208006068045,2.747591676392698,2.8965617452457533,1.749228209298239
315,05/07/2023 19:59:50.323366,494,True,True,True,True,Eyes,1.300125,-0.2594663,-3.165145,0.2180984,-0.2272058,0.9491104,0.0,0.0,0.0,0.0,0.0,0.0,0.0,-1.175339,0.4911776,3.199486,1.311631,-0.2571276,-3.173782,0.03480039,-0.02079764,0.00485032,0.9991662,3.999311,357.6317,0.4735633,0.3797063,-0.07556276,-0.9220155,0,0,0,1.816225,-0.78572,-1.268585,0.5796,-0.4008002,1.915,0.9990879,0.008245018,0.04189818,-0.01114008,0.9975308,0.06934098,-0.04122301,-0.06974449,0.9967128,static,15.026801957815119,-9.72273714658223,16.839131587459715,-11.821094113079699,0.504594,-0.5285924,1.905197,0.25579214199028616,-0.16326217495306752,0.9528461477856618,15.647152758419962,-10.724955263252093,2.6282935854848697,2.7726594896121273,1.6193621914137575
316,05/07/2023 19:59:50.333462,495,True,True,True,True,Eyes,1.299438,-0.2594793,-3.165157,0.220153,-0.2279724,0.948452,0.0,0.0,0.0,0.0,0.0,0.0,0.0,-1.175502,0.4910085,3.199366,1.311669,-0.2571467,-3.173679,0.03478669,-0.02078325,0.004812597,0.9991671,3.997645,357.6331,0.4693233,0.3796227,-0.0755676,-0.9220495,0,0,0,1.816283,-0.7857273,-1.268484,0.5796,-0.4008,1.915,0.9990898,0.008171218,0.0418667,-0.01106314,0.9975334,0.0693154,-0.04119705,-0.06971548,0.9967158,static,15.14966699731251,-9.778767687456346,16.839131587459715,-11.821088380307142,0.5046140000000001,-0.5285806,1.905195,0.25779836157630226,-0.16410336511391288,0.9521607244586515,15.767712596735064,-10.783414010856026,2.510952455951982,2.650540400334961,1.4915450883902903
317,05/07/2023 19:59:50.353557,496,True,True,True,True,Eyes,1.29878,-0.2594918,-3.165167,0.2221223,-0.2287235,0.9478118,0.0,0.0,0.0,0.0,0.0,0.0,0.0,-1.175379,0.4913288,3.199333,1.311651,-0.2573138,-3.173644,0.03480007,-0.02079621,0.004841053,0.9991662,3.999252,357.6318,0.4725063,0.3795301,-0.07557289,-0.9220871,0,0,0,1.816242,-0.7859149,-1.268448,0.5796,-0.4008,1.915,0.9990882,0.008226614,0.04189467,-0.01112145,0.9975311,0.06934074,-0.0412208,-0.06974345,0.9967129,static,15.269047731734597,-9.832500870585255,16.839131587459715,-11.821088380307142,0.504591,-0.5286010999999999,1.905196,0.2597464090648299,-0.1649071297424879,0.9514921993199943,15.884848117607815,-10.839496944496599,2.398853615863066,2.5337015605296824,1.369006460061159
318,05/07/2023 19:59:50.363407,497,True,True,True,True,Eyes,1.298034,-0.2595011,-3.165176,0.223768,-0.2294046,0.94726,0.0,0.0,0.0,0.0,0.0,0.0,0.0,-1.175171,0.4920447,3.199272,1.311668,-0.2572458,-3.173615,0.03495038,-0.02083932,0.0047719,0.9991604,4.01634,357.6266,0.4640432,0.3794302,-0.07557853,-0.9221277,0,0,0,1.816035,-0.7864941,-1.268539,0.5796,-0.4008,1.915,0.9990859,0.008079102,0.04197721,-0.01099247,0.9975114,0.06964318,-0.04131009,-0.07004095,0.9966884,static,15.374178845288643,-9.86236826092958,16.839131587459715,-11.821088380307142,0.504367,-0.5292482999999999,1.9050759999999998,0.26147339621084403,-0.16532326882596027,0.9509468837868004,15.98786934564871,-10.871197226312022,2.314636301884477,2.4459499264803015,1.2755158206667914
319,05/07/2023 19:59:50.383294,498,True,True,True,True,Eyes,1.297317,-0.2595116,-3.165185,0.225348,-0.2300527,0.9467281,0.0,0.0,0.0,0.0,0.0,0.0,0.0,-1.175309,0.4919066,3.199216,1.311675,-0.2571527,-3.173593,0.03496669,-0.02082622,0.004712859,0.9991603,4.018063,357.6279,0.4572809,0.3793216,-0.07558449,-0.9221719,0,0,0,1.816038,-0.7865264,-1.268551,0.5796,-0.4008001,1.915,0.9990881,0.007961355,0.04194706,-0.01087425,0.9975103,0.06967834,-0.04128789,-0.07007095,0.9966872,static,15.469321909433361,-9.90533919528941,16.839131587459715,-11.82109124669345,0.5043630000000001,-0.5293737,1.905042,0.26302343192130595,-0.16596395270622105,0.9504076503655499,16.081224156480484,-10.916042837858251,2.22777985712656,2.3550975513709522,1.1804813832791532
320,05/07/2023 19:59:50.403545,499,True,True,True,True,Eyes,1.296628,-0.259523,-3.165196,0.2267388,-0.2306941,0.9462398,0.0,0.0,0.0,0.0,0.0,0.0,0.0,-1.175271,0.4916945,3.199247,1.311654,-0.2571871,-3.173583,0.0349122,-0.0208241,0.004753442,0.9991621,4.011912,357.6283,0.4620754,0.3792059,-0.07559072,-0.9222189,0,0,0,1.816061,-0.78631,-1.268483,0.5796,-0.4008,1.915,0.9990875,0.008044888,0.04194522,-0.01095295,0.9975171,0.06956791,-0.04128141,-0.06996386,0.996695,static,15.552506811469634,-9.958175190815917,16.839131587459715,-11.821088380307142,0.5044069999999998,-0.5291229,1.9050999999999998,0.2643662242472797,-0.16677682851471276,0.9498926251172292,16.16296161221455,-10.970724664867555,2.140951075739968,2.2640337598569276,1.086427302657323
321,05/07/2023 19:59:50.413784,500,True,True,True,True,Eyes,1.295966,-0.2595349,-3.165208,0.2280786,-0.2313002,0.9457697,0.0,0.0,0.0,0.0,0.0,0.0,0.0,-1.175122,0.4916306,3.199352,1.311635,-0.2572116,-3.173629,0.03488333,-0.02083997,0.004790171,0.9991627,4.008697,357.6266,0.466295,0.3790844,-0.07559722,-0.9222683,0,0,0,1.816015,-0.7861861,-1.268481,0.5796,-0.4008002,1.915,0.9990855,0.008118383,0.04197923,-0.01102625,0.9975204,0.06950857,-0.04131084,-0.06990788,0.9966977,static,15.634667706360007,-10.005772605940052,16.839131587459715,-11.821094113079699,0.5043799999999998,-0.5289745,1.905148,0.26569491957494806,-0.16750241842452704,0.949394072695889,16.243658000544478,-11.02008304299558,2.0595449893118856,2.178560399703788,0.9981019622819118
322,05/07/2023 19:59:50.433551,501,True,True,True,True,Eyes,1.295329,-0.2595455,-3.165221,0.2293182,-0.2318091,0.9453453,0.0,0.0,0.0,0.0,0.0,0.0,0.0,-1.175491,0.4909856,3.199354,1.311595,-0.2572364,-3.173682,0.03476935,-0.02077349,0.004812229,0.9991678,3.995652,357.6343,0.4693608,0.3789583,-0.07560394,-0.9223195,0,0,0,1.816246,-0.7857512,-1.268478,0.5795999,-0.4008001,1.915,0.9990906,0.008171888,0.04184704,-0.01106101,0.9975359,0.06928089,-0.04117776,-0.06968075,0.9967191,static,15.702038863335003,-10.055847701595932,16.83912884659031,-11.82109124669345,0.504651,-0.5285148,1.905204,0.2667752495442988,-0.16828000669973603,0.948953548653386,16.30991224292318,-11.071751724061357,1.9846306540918497,2.099775798395631,0.9173766586170948
323,05/07/2023 19:59:50.453620,502,True,True,True,True,Eyes,1.294715,-0.2595588,-3.165231,0.2305082,-0.2322957,0.9449364,0.0,0.0,0.0,0.0,0.0,0.0,0.0,-1.175212,0.4912156,3.199425,1.311556,-0.2571968,-3.173706,0.03473537,-0.02078774,0.005006906,0.9991679,3.992224,357.6334,0.4917277,0.3788288,-0.0756108,-0.922372,0,0,0,1.81633,-0.7853718,-1.26844,0.5796,-0.4008,1.915,0.9990856,0.008561338,0.04188872,-0.01144962,0.9975368,0.06920476,-0.04119305,-0.06962109,0.9967226,static,15.771339395412095,-10.100705962579005,16.839131587459715,-11.821088380307142,0.5047740000000001,-0.528175,1.9052660000000001,0.26789082721039337,-0.16896864323410188,0.9485168553330235,16.37801331550748,-11.118159121997396,1.9134355803377554,2.0248199496809516,0.8406780613981218
324,05/07/2023 19:59:50.463228,503,True,True,True,True,Eyes,1.294128,-0.2595692,-3.165238,0.2315884,-0.2327402,0.9445628,0.0,0.0,0.0,0.0,0.0,0.0,0.0,-1.174629,0.49227,3.199409,1.311509,-0.2572584,-3.173652,0.03479131,-0.02084087,0.005264334,0.9991634,3.999274,357.6284,0.5209311,0.3786968,-0.07561785,-0.9224256,0,0,0,1.816319,-0.7853684,-1.268378,0.5796001,-0.4008,1.915,0.9990759,0.009069698,0.04201318,-0.01197002,0.9975237,0.06930497,-0.04128056,-0.06974382,0.9967105,static,15.8366122828433,-10.134308420449992,16.839134328329035,-11.821088380307142,0.50481,-0.52811,1.9052740000000001,0.26894758640423927,-0.16947307728511554,0.9481277037916822,16.442090708520723,-11.153103537421437,1.854068644699578,1.962212293474024,0.7770761779616763
325,05/07/2023 19:59:50.483226,504,True,True,True,True,Eyes,1.293566,-0.2595783,-3.165249,0.2326229,-0.2331675,0.9442031,0.0,0.0,0.0,0.0,0.0,0.0,0.0,-1.174514,0.4927579,3.199298,1.311546,-0.2571831,-3.173564,0.03483322,-0.0208506,0.005385977,0.9991612,4.004373,357.6277,0.5347558,0.3785633,-0.07562497,-0.9224798,0,0,0,1.816432,-0.7853204,-1.268317,0.5796,-0.4008,1.915,0.9990725,0.009310331,0.04204144,-0.01221551,0.9975153,0.06938339,-0.041291,-0.0698326,0.9967038,static,15.897373559659018,-10.164118332746922,16.839131587459715,-11.821088380307142,0.504886,-0.5281373,1.905247,0.2699319253879768,-0.16991773960007264,0.9477682776585273,16.50172794813326,-11.184142741627635,1.8007750585695796,1.9059008162647857,0.7207918995546355
326,05/07/2023 19:59:50.503484,505,True,True,True,True,Eyes,1.293027,-0.2595892,-3.165257,0.2335927,-0.2335898,0.9438593,0.0,0.0,0.0,0.0,0.0,0.0,0.0,-1.17475,0.4923354,3.199278,1.311607,-0.2571708,-3.17354,0.03479414,-0.02083126,0.005321475,0.9991633,3.999729,357.6297,0.5275215,0.3784289,-0.0756321,-0.9225343,0,0,0,1.816507,-0.785229,-1.268276,0.5796,-0.4008,1.915,0.9990755,0.009184434,0.04199797,-0.01208366,0.9975221,0.06930834,-0.04125734,-0.06975175,0.9967109,static,15.955613318387282,-10.19708471827171,16.839131587459715,-11.821088380307142,0.5049000000000001,-0.5280582,1.905264,0.2708715196301811,-0.1704163236145226,0.9474106917555695,16.558923714687825,-11.218346915115006,1.746791774571253,1.848781335390759,0.6646906993672391
327,05/07/2023 19:59:50.513864,506,True,True,True,True,Eyes,1.292506,-0.2595988,-3.165269,0.2345204,-0.2339855,0.9435312,0.0,0.0,0.0,0.0,0.0,0.0,0.0,-1.174745,0.4924791,3.19934,1.311597,-0.2572184,-3.173625,0.03483212,-0.02083698,0.005260609,0.9991621,4.003942,357.6288,0.5204234,0.3782944,-0.07563925,-0.9225888,0,0,0,1.816419,-0.7854872,-1.268398,0.5796,-0.4008,1.915,0.9990763,0.009060808,0.04200552,-0.01196399,0.9975181,0.06938664,-0.04127257,-0.0698251,0.9967051,static,16.01375287867125,-10.219648631495243,16.839131587459715,-11.821088380307142,0.5048220000000001,-0.5282688,1.905227,0.2718171889466914,-0.17074211622592841,0.9470811491839861,16.615942432570588,-11.242006354562967,1.702402185067192,1.8016268431603777,0.6206040536445918
328,05/07/2023 19:59:50.533772,507,True,True,True,True,Eyes,1.292004,-0.2596067,-3.165277,0.2353743,-0.2343962,0.9432165,0.0,0.0,0.0,0.0,0.0,0.0,0.0,-1.174444,0.4915985,3.199624,1.311505,-0.2571992,-3.173702,0.03470051,-0.02087088,0.005247966,0.999166,3.988842,357.6248,0.5191451,0.3781601,-0.07564638,-0.9226432,0,0,0,1.816181,-0.7849846,-1.268302,0.5796,-0.4008,1.915,0.9990737,0.009038719,0.04207115,-0.01193564,0.9975367,0.06912407,-0.04134272,-0.0695622,0.9967206,static,16.070368902033387,-10.2639707697554,16.839131587459715,-11.821088380307142,0.5046760000000001,-0.5277854,1.9054,0.27271985420749517,-0.1714291709116729,0.9466973782728875,16.67163688149763,-11.287698032761451,1.641003955203748,1.736551559728149,0.559070424347629
329,05/07/2023 19:59:50.553728,508,True,True,True,True,Eyes,1.291519,-0.2596188,-3.165286,0.2362007,-0.2347778,0.942915,0.0,0.0,0.0,0.0,0.0,0.0,0.0,-1.175709,0.4893221,3.199432,1.311482,-0.2571929,-3.173635,0.03446982,-0.02070921,0.004929277,0.9991791,3.961561,357.642,0.483751,0.3780267,-0.07565343,-0.9226973,0,0,0,1.816476,-0.7844412,-1.268172,0.5795999,-0.4008,1.915,0.9990937,0.008422774,0.04172423,-0.01127815,0.997575,0.06867888,-0.04104459,-0.06908721,0.9967659,static,16.110609032419216,-10.307364819084697,16.83912884659031,-11.821088380307142,0.5049939999999999,-0.5272482999999999,1.905463,0.27335154750305574,-0.17211404859364904,0.9463909176617858,16.71131239765194,-11.33222656369225,1.5875002756800825,1.6799107534151467,0.5052948845607148
330,05/07/2023 19:59:50.573681,509,True,True,True,True,Eyes,1.291051,-0.2596314,-3.165301,0.2369492,-0.2351846,0.9426257,0.0,0.0,0.0,0.0,0.0,0.0,0.0,-1.175851,0.4890882,3.199405,1.311405,-0.2572935,-3.173649,0.03435153,-0.02065531,0.005098526,0.9991834,3.948373,357.6488,0.5036654,0.3778943,-0.0756605,-0.9227509,0,0,0,1.816758,-0.7839061,-1.268104,0.5796001,-0.4007999,1.915,0.9990947,0.008769643,0.04162716,-0.01160781,0.997588,0.06843632,-0.04092659,-0.06885757,0.9967867,static,16.14667965100784,-10.354137695661256,16.839134328329035,-11.821085513920774,0.5053530000000002,-0.5266126,1.9055450000000003,0.27391104686907064,-0.1728579460802422,0.9460934407542948,16.74693677014114,-11.380123039581822,1.5329168106647466,1.622168111399173,0.45049782853077314
331,05/07/2023 19:59:50.583309,510,True,True,True,True,Eyes,1.290607,-0.2596323,-3.165318,0.237651,-0.235539,0.9423605,0.0,0.0,0.0,0.0,0.0,0.0,0.0,-1.174198,0.4895222,3.200097,1.311368,-0.2573023,-3.173815,0.03427818,-0.02086444,0.005448779,0.9991797,3.940902,357.6262,0.5432091,0.3777634,-0.0756676,-0.9228039,0,0,0,1.816236,-0.7832679,-1.267963,0.5796,-0.4008,1.915,0.99907,0.009458228,0.04206819,-0.01231901,0.9975907,0.06827275,-0.0413211,-0.0687275,0.9967793,static,16.205376840118824,-10.399668751840558,16.839131587459715,-11.821088380307142,0.5048679999999999,-0.5259656,1.9058519999999999,0.27484560151348436,-0.17356158568292732,0.9456935029840107,16.80467531309163,-11.427068285668623,1.4709940632164642,1.5563029396512744,0.39552379172721835
332,05/07/2023 19:59:50.603626,511,True,True,True,True,Eyes,1.290185,-0.2596309,-3.165331,0.2383084,-0.2358818,0.9421088,0.0,0.0,0.0,0.0,0.0,0.0,0.0,-1.172545,0.4870099,3.201152,1.311503,-0.257019,-3.173849,0.03385037,-0.02112137,0.005639181,0.9991878,3.892458,357.5973,0.5650613,0.3776342,-0.07567434,-0.9228563,0,0,0,1.81554,-0.78117,-1.267278,0.5796,-0.4008,1.915,0.9990442,0.00983927,0.0425902,-0.01269913,0.9976447,0.06740753,-0.04182665,-0.06788395,0.996816,static,16.27217992520284,-10.48085394456906,16.839131587459715,-11.821088380307142,0.5040369999999998,-0.524151,1.9065710000000002,0.2758843224744449,-0.17484730444018218,0.945154150846336,16.870610603827608,-11.510260728878238,1.375679861340574,1.4552190660082807,0.3124176009195032
333,05/07/2023 19:59:50.613898,512,True,True,True,True,Eyes,1.289779,-0.2596353,-3.165334,0.2389498,-0.2362368,0.9418572,0.0,0.0,0.0,0.0,0.0,0.0,0.0,-1.172661,0.4824629,3.201763,1.311622,-0.2569981,-3.173766,0.03329638,-0.02117156,0.005234561,0.9992076,3.828008,357.5897,0.5197481,0.3775072,-0.0756807,-0.9229077,0,0,0,1.815073,-0.7794901,-1.266584,0.5796,-0.4008,1.915,0.9990487,0.009050953,0.04265814,-0.0118707,0.9977279,0.06631835,-0.04196098,-0.06676164,0.9968863,static,16.329135332682192,-10.55804064299598,16.839131587459715,-11.821088380307142,0.5034509999999999,-0.522492,1.9071820000000002,0.27676220819138775,-0.17607414443908434,0.9446694625969402,16.926886722600187,-11.589266725287752,1.2879014091006487,1.3621254592048213,0.24787545961521007
334,05/07/2023 19:59:50.633827,513,True,True,True,True,Eyes,1.289386,-0.2596481,-3.165337,0.2395887,-0.2366655,0.9415873,0.0,0.0,0.0,0.0,0.0,0.0,0.0,-1.174329,0.4832029,3.200835,1.311595,-0.2571651,-3.173557,0.033538,-0.02095275,0.004856957,0.9992061,3.854689,357.6135,0.4766832,0.3773828,-0.07568688,-0.9229581,0,0,0,1.815551,-0.7809717,-1.266869,0.5796,-0.4007999,1.915,0.9990748,0.008300774,0.04219801,-0.01111163,0.9977033,0.06681921,-0.04154644,-0.06722628,0.9968724,static,16.351154968394784,-10.546734559768733,16.839131587459715,-11.821085513920774,0.5039559999999998,-0.5238066000000001,1.9066880000000002,0.2771356291915661,-0.17586804323662097,0.9445984448324837,16.948330943132188,-11.578106667267061,1.2907714060527105,1.3645847482301192,0.2663892250081673
335,05/07/2023 19:59:50.653806,514,True,True,True,True,Eyes,1.289011,-0.2596596,-3.165343,0.2402062,-0.2371213,0.9413153,0.0,0.0,0.0,0.0,0.0,0.0,0.0,-1.175222,0.4881546,3.19972,1.311555,-0.2573656,-3.173521,0.03430175,-0.02081008,0.004820424,0.9991832,3.942085,357.6299,0.471251,0.3772609,-0.07569313,-0.9230074,0,0,0,1.816055,-0.7841006,-1.267784,0.5796,-0.4008,1.915,0.9990874,0.008205329,0.04191686,-0.01106062,0.9976003,0.06834683,-0.04125546,-0.06874809,0.9967807,static,16.37012491000302,-10.487551246028955,16.839131587459715,-11.821088380307142,0.5045,-0.526735,1.905737,0.27749831660218516,-0.1748731847584827,0.9446767050063205,16.966429307273547,-11.518379452588192,1.3381856931156235,1.4136083446265608,0.3283860599820845
336,05/07/2023 19:59:50.673411,515,True,True,True,True,Eyes,1.288652,-0.259667,-3.165352,0.2407594,-0.2376211,0.9410478,0.0,0.0,0.0,0.0,0.0,0.0,0.0,-1.175646,0.4914531,3.199141,1.311592,-0.2573963,-3.173586,0.03482042,-0.02074963,0.004808884,0.9991667,4.001487,357.637,0.468953,0.3771417,-0.07569939,-0.9230555,0,0,0,1.816334,-0.7861068,-1.26846,0.5795999,-0.4008001,1.915,0.9990926,0.008164731,0.04179957,-0.01105477,0.9975289,0.06938322,-0.04112978,-0.06978234,0.996714,static,16.395258570450224,-10.460400152292868,16.83912884659031,-11.82109124669345,0.5047419999999998,-0.5287105,1.9051259999999999,0.2779362236744084,-0.1744025040630913,0.9446348817847784,16.990797881118453,-11.491202073038274,1.3557940323810331,1.4312585637898314,0.3630845121037179
337,05/07/2023 19:59:50.683276,516,True,True,True,True,Eyes,1.288304,-0.2596699,-3.165367,0.2412899,-0.2380929,0.9407927,0.0,0.0,0.0,0.0,0.0,0.0,0.0,-1.176307,0.4936518,3.198682,1.311622,-0.2572446,-3.173709,0.03519981,-0.02065293,0.004783338,0.9991556,4.044874,357.6481,0.4655262,0.3770253,-0.07570552,-0.9231026,0,0,0,1.816726,-0.7874154,-1.269085,0.5796,-0.4008001,1.915,0.9991012,0.008104639,0.04160772,-0.01101255,0.9974762,0.07014258,-0.04093423,-0.07053774,0.9966688,static,16.415833608975337,-10.446785506441659,16.839131587459715,-11.82109124669345,0.505104,-0.5301708,1.904624,0.27828759193298064,-0.1741595986575592,0.9445763069319975,17.01081206679699,-11.477682556449123,1.36288233705438,1.4380185834258146,0.3839319152151868
338,05/07/2023 19:59:50.703271,517,True,True,True,True,Eyes,1.287968,-0.2596729,-3.165384,0.2417707,-0.2385299,0.9405586,0.0,0.0,0.0,0.0,0.0,0.0,0.0,-1.176746,0.4919013,3.198912,1.311566,-0.2571568,-3.173862,0.03502715,-0.02060274,0.004552493,0.9991636,4.024516,357.6529,0.4396337,0.3769118,-0.07571138,-0.9231485,0,0,0,1.816643,-0.7869215,-1.269119,0.5796,-0.4008,1.915,0.9991096,0.007654061,0.04148993,-0.01054068,0.9975048,0.06980813,-0.04085209,-0.0701833,0.9966972,static,16.44611469899111,-10.488611217352759,16.839131587459715,-11.821088380307142,0.505077,-0.5297647000000001,1.904743,0.278753423632502,-0.17482450876279426,0.9443161465078667,17.040737997234192,-11.520486199668191,1.317051188263187,1.3892291619515138,0.3619486365039199
339,05/07/2023 19:59:50.723338,518,True,True,True,True,Eyes,1.287643,-0.259675,-3.165398,0.2422303,-0.2389326,0.940338,0.0,0.0,0.0,0.0,0.0,0.0,0.0,-1.17713,0.489708,3.199157,1.311502,-0.2571774,-3.173937,0.03475793,-0.02055723,0.004349017,0.999175,3.993155,357.6573,0.4170868,0.376801,-0.07571698,-0.9231933,0,0,0,1.816556,-0.7861404,-1.268965,0.5795999,-0.4008001,1.915,0.999117,0.007261803,0.04138286,-0.01011991,0.997546,0.06927969,-0.04077821,-0.06963731,0.9967386,static,16.475454982991025,-10.540204839126487,16.83912884659031,-11.82109124669345,0.5050540000000001,-0.528963,1.904972,0.2791951924548215,-0.17565127855755638,0.94403206125431,17.06981828828403,-11.573177277040699,1.2626626381684207,1.331513675541875,0.338642813090645
340,05/07/2023 19:59:50.733738,519,True,True,True,True,Eyes,1.28733,-0.2596794,-3.16541,0.24266,-0.239304,0.9401328,0.0,0.0,0.0,0.0,0.0,0.0,0.0,-1.17683,0.489272,3.199278,1.311461,-0.2571851,-3.173896,0.03462875,-0.02058018,0.004501545,0.9991782,3.978714,357.6552,0.4348017,0.3766929,-0.07572233,-0.9232369,0,0,0,1.816563,-0.7854938,-1.268755,0.5795998,-0.4008,1.915,0.9991124,0.007570359,0.0414383,-0.01042102,0.9975612,0.06901529,-0.04081477,-0.06938586,0.9967546,static,16.501649798130458,-10.584843915023386,16.83912610572083,-11.821088380307142,0.5051019999999999,-0.5283087,1.905141,0.2795904978744155,-0.17636559988717498,0.9437819082429021,17.095770163194793,-11.618776874709203,1.2155620804470664,1.281479861772923,0.3267967526368699
341,05/07/2023 19:59:50.753521,520,True,True,True,True,Eyes,1.28703,-0.2596876,-3.165421,0.243078,-0.2396571,0.9399348,0.0,0.0,0.0,0.0,0.0,0.0,0.0,-1.176212,0.4880074,3.199637,1.311431,-0.2572032,-3.173846,0.03436353,-0.02065334,0.004663326,0.9991853,3.948724,357.6473,0.4536959,0.3765877,-0.07572751,-0.9232794,0,0,0,1.816391,-0.7843347,-1.26834,0.5796,-0.4008,1.915,0.9991034,0.007899608,0.04159352,-0.01073849,0.9975948,0.06847844,-0.04095253,-0.06886369,0.9967852,static,16.53326027253086,-10.644679569487012,16.839131587459715,-11.821088380307142,0.5049600000000001,-0.5271315000000001,1.9055060000000001,0.28006204029447657,-0.17732572577313535,0.9434620864033573,17.12713283547176,-11.679852465696554,1.1534048551141347,1.2155225014254314,0.32076830022990793
342,05/07/2023 19:59:50.773666,521,True,True,True,True,Eyes,1.286743,-0.2596937,-3.165429,0.2434781,-0.2399526,0.9397559,0.0,0.0,0.0,0.0,0.0,0.0,0.0,-1.176357,0.4884676,3.199538,1.31144,-0.2572943,-3.17386,0.03436246,-0.02061404,0.004815198,0.9991853,3.948939,357.6525,0.4712849,0.3764854,-0.07573263,-0.9233208,0,0,0,1.816691,-0.7842543,-1.268385,0.5796,-0.4007999,1.915,0.9991037,0.008205854,0.04152541,-0.01103925,0.9975921,0.06847041,-0.04086356,-0.06886745,0.9967885,static,16.54982011876454,-10.669280653789299,16.839131587459715,-11.821085513920774,0.5052510000000001,-0.52696,1.9054749999999998,0.28031461550474474,-0.17771716635242663,0.9433134750067291,17.14351158982574,-11.705011755855939,1.1272015349357645,1.1875839177679393,0.32576111362720195
343,05/07/2023 19:59:50.783504,522,True,True,True,True,Eyes,1.286467,-0.2597006,-3.165434,0.2438649,-0.240236,0.9395832,0.0,0.0,0.0,0.0,0.0,0.0,0.0,-1.176756,0.4884918,3.199278,1.311428,-0.2573028,-3.173753,0.03429868,-0.02053045,0.004989521,0.9991882,3.941997,357.6627,0.4917708,0.3763861,-0.07573763,-0.9233609,0,0,0,1.817159,-0.7838266,-1.268284,0.5795999,-0.4008,1.915,0.9991072,0.008562607,0.04136984,-0.01137928,0.9975974,0.06833679,-0.04068531,-0.06874654,0.9968042,static,16.56027572733008,-10.700650618828666,16.83912884659031,-11.821088380307142,0.5057309999999999,-0.5265238000000001,1.905469,0.280460540778261,-0.17822570056453385,0.9431741618571283,17.153973251656126,-11.736948676661163,1.0959607436342884,1.1546167500378894,0.32589337079922487
344,05/07/2023 19:59:50.803410,523,True,True,True,True,Eyes,1.286203,-0.2597089,-3.16544,0.2441511,-0.240529,0.9394339,0.0,0.0,0.0,0.0,0.0,0.0,0.0,-1.17678,0.4884564,3.199239,1.311458,-0.2572633,-3.173709,0.03429963,-0.02053181,0.004989735,0.9991882,3.942107,357.6626,0.4917877,0.3762897,-0.07574256,-0.9233998,0,0,0,1.817184,-0.7837906,-1.26824,0.5796,-0.4008,1.915,0.9991071,0.008562902,0.04137258,-0.01137984,0.9975973,0.06833868,-0.04068799,-0.06874847,0.9968039,static,16.578225202187458,-10.720049043924877,16.839131587459715,-11.821088380307142,0.5057259999999999,-0.5265273,1.905469,0.2807402719259343,-0.1785298055413725,0.9430334141448713,17.171671195376636,-11.756853718015964,1.0744813088997642,1.1315298326323229,0.3386867028290321
345,05/07/2023 19:59:50.823354,524,True,True,True,True,Eyes,1.285948,-0.2597191,-3.165452,0.2444248,-0.2408224,0.9392875,0.0,0.0,0.0,0.0,0.0,0.0,0.0,-1.17708,0.4879795,3.199257,1.31146,-0.2573128,-3.173759,0.03428214,-0.02050479,0.004821817,0.9991902,3.939696,357.665,0.4726624,0.3761962,-0.07574744,-0.9234375,0,0,0,1.817134,-0.783955,-1.268308,0.5796,-0.4008001,1.915,0.9991126,0.008229928,0.04130698,-0.01104172,0.9976029,0.06831101,-0.04064577,-0.0687065,0.9968085,static,16.5963198899688,-10.736214472520865,16.839131587459715,-11.82109124669345,0.505674,-0.5266422,1.905451,0.28102507262262055,-0.17878032951696704,0.9429010664901732,17.189486547529643,-11.77348394516997,1.056165309244376,1.1117172012600747,0.35357467839757556
346,05/07/2023 19:59:50.833494,525,True,True,True,True,Eyes,1.285704,-0.2597214,-3.165464,0.2446552,-0.2411015,0.9391559,0.0,0.0,0.0,0.0,0.0,0.0,0.0,-1.176607,0.4896936,3.199324,1.311425,-0.2573577,-3.173927,0.03448603,-0.02055422,0.004966842,0.9991814,3.963432,357.66,0.4886405,0.3761056,-0.07575232,-0.9234741,0,0,0,1.817051,-0.7846177,-1.268634,0.5796,-0.4007999,1.915,0.9991057,0.008507886,0.04141736,-0.01134322,0.9975721,0.06871143,-0.04073222,-0.06911979,0.9967765,static,16.611901335093442,-10.735867130007643,16.839131587459715,-11.821085513920774,0.5056259999999999,-0.52726,1.905293,0.28128250657489484,-0.17876056250281097,0.9428280423718436,17.20471899644525,-11.773343591815257,1.053934510942927,1.1087526903568123,0.36869153059853077
347,05/07/2023 19:59:50.853783,526,True,True,True,True,Eyes,1.285473,-0.2597263,-3.165474,0.2448726,-0.2413613,0.9390326,0.0,0.0,0.0,0.0,0.0,0.0,0.0,-1.176084,0.4871905,3.199889,1.311474,-0.2571774,-3.173912,0.03413845,-0.02065003,0.00491868,0.9991918,3.923521,357.6487,0.48354,0.3760178,-0.07575695,-0.9235095,0,0,0,1.816674,-0.7831776,-1.268157,0.5795999,-0.4008002,1.915,0.9990988,0.008419488,0.04160251,-0.01123933,0.9976208,0.06801857,-0.04093084,-0.06842487,0.9968163,static,16.63928981225636,-10.792338662610643,16.83912884659031,-11.821094113079699,0.5051999999999999,-0.5260002,1.905755,0.28168587873928846,-0.17966760161802495,0.9425352565707616,17.231927947752418,-11.830952133021647,0.9967306347889531,1.0479854085402693,0.3929227843112892
348,05/07/2023 19:59:50.873689,527,True,True,True,True,Eyes,1.285253,-0.259728,-3.165481,0.2450714,-0.2416019,0.9389188,0.0,0.0,0.0,0.0,0.0,0.0,0.0,-1.17598,0.4863032,3.200061,1.311524,-0.2572516,-3.173883,0.03401251,-0.02068195,0.00485365,0.9991956,3.908946,357.6447,0.4762444,0.3759329,-0.07576144,-0.9235438,0,0,0,1.816536,-0.7828467,-1.267967,0.5796,-0.4008,1.915,0.9990974,0.008292602,0.04166081,-0.01110638,0.9976392,0.06776953,-0.04100046,-0.06817107,0.9968308,static,16.657577251971695,-10.820969689306244,16.839131587459715,-11.821088380307142,0.505012,-0.5255951,1.905916,0.281962794940849,-0.18012328812746892,0.9423654097632741,17.25002652818942,-11.860219422297122,0.9672438040698245,1.0164641522571496,0.41275403179677017
349,05/07/2023 19:59:50.883640,528,True,True,True,True,Eyes,1.285043,-0.2597303,-3.165481,0.2452795,-0.2418385,0.9388036,0.0,0.0,0.0,0.0,0.0,0.0,0.0,-1.176816,0.4839577,3.200089,1.311577,-0.2572011,-3.173846,0.03378398,-0.02060043,0.004516871,0.9992067,3.88192,357.6527,0.4384432,0.3758509,-0.07576569,-0.9235768,0,0,0,1.816584,-0.7822913,-1.267789,0.5796,-0.4008002,1.915,0.9991105,0.007634646,0.04147336,-0.0104185,0.9976766,0.06732825,-0.04086296,-0.06770045,0.9968686,static,16.67057871875971,-10.852046583981407,16.839131587459715,-11.821094113079699,0.505007,-0.5250902,1.9060570000000001,0.2821503017591698,-0.18062402718917267,0.9422134899239316,17.262975229177794,-11.891893891873067,0.9362532641929944,0.98359706343528,0.4297162334634724
350,05/07/2023 19:59:50.903651,529,True,True,True,True,Eyes,1.284839,-0.2597362,-3.165481,0.2454778,-0.2421151,0.9386805,0.0,0.0,0.0,0.0,0.0,0.0,0.0,-1.178429,0.4835168,3.19945,1.311615,-0.2572825,-3.17371,0.03378471,-0.02038012,0.004313472,0.999212,3.881433,357.6772,0.4159552,0.3757718,-0.07576976,-0.9236087,0,0,0,1.817283,-0.7825848,-1.267887,0.5796,-0.4008001,1.915,0.9991321,0.007243073,0.04101958,-0.009997219,0.9976799,0.06734035,-0.04043666,-0.06769199,0.9968865,static,16.662925409822655,-10.86207377364146,16.839131587459715,-11.82109124669345,0.505668,-0.5253022999999999,1.9058229999999998,0.28201537007383776,-0.18079640096202337,0.9422208581125743,17.25556826828881,-11.901952918783984,0.9277410767561889,0.9750708336610664,0.4242147087893456
351,05/07/2023 19:59:50.923451,530,True,True,True,True,Eyes,1.284642,-0.2597439,-3.165481,0.2456747,-0.2423923,0.9385574,0.0,0.0,0.0,0.0,0.0,0.0,0.0,-1.179469,0.4839948,3.198962,1.311563,-0.25732,-3.173696,0.03385661,-0.02021041,0.004311392,0.9992132,3.8896,357.6967,0.4162126,0.3756955,-0.07577376,-0.9236394,0,0,0,1.817883,-0.7828881,-1.26812,0.5796,-0.4007999,1.915,0.9991459,0.007247485,0.04068094,-0.009984509,0.9976703,0.06748567,-0.04009707,-0.0678342,0.9968905,static,16.655738890269827,-10.870466281537778,16.839131587459715,-11.821085513920774,0.5063199999999999,-0.5255681,1.9055760000000002,0.28188953388362314,-0.18094137933736548,0.9422306439213838,17.24860529412402,-11.91036146426663,0.9207927349153896,0.9681476159961447,0.4190929631472716
352,05/07/2023 19:59:50.943479,531,True,True,True,True,Eyes,1.284451,-0.2597523,-3.165482,0.2458758,-0.242668,0.9384335,0.0,0.0,0.0,0.0,0.0,0.0,0.0,-1.179789,0.4854345,3.198597,1.311509,-0.257387,-3.173684,0.03403127,-0.0201392,0.004419414,0.999208,3.909842,357.7053,0.428491,0.3756219,-0.07577775,-0.923669,0,0,0,1.818209,-0.783496,-1.268358,0.5796,-0.4008001,1.915,0.9991497,0.007461102,0.04054731,-0.01020255,0.9976447,0.06783064,-0.03994571,-0.06818665,0.9968725,static,16.656837316745946,-10.871077574872428,16.839131587459715,-11.82109124669345,0.5066999999999999,-0.5261089999999999,1.905326,0.28190712193399325,-0.1809504596878349,0.9422236501561313,17.24968395090102,-11.910995961036145,0.9200689590388227,0.9673454283666851,0.42028097838027656
353,05/07/2023 19:59:50.953649,532,True,True,True,True,Eyes,1.284267,-0.2597575,-3.165482,0.2460694,-0.2429369,0.9383131,0.0,0.0,0.0,0.0,0.0,0.0,0.0,-1.179852,0.4863911,3.198469,1.311474,-0.2573794,-3.17374,0.03415224,-0.02011428,0.004497306,0.9992042,3.923876,357.7085,0.437254,0.3755508,-0.07578174,-0.9236975,0,0,0,1.818347,-0.7838609,-1.268563,0.5796,-0.4008001,1.915,0.9991504,0.007613559,0.04050373,-0.01036135,0.9976267,0.06806917,-0.03988936,-0.06843102,0.9968581,static,16.663739646789963,-10.876875619234056,16.839131587459715,-11.82109124669345,0.5068729999999999,-0.5264815,1.905177,0.28201589488160567,-0.18103976111940065,0.9421738696002651,17.256476926467105,-11.916966316299389,0.9136634005706679,0.9603673692865868,0.42821625490298354
354,05/07/2023 19:59:50.973724,533,True,True,True,True,Eyes,1.284087,-0.2597638,-3.165485,0.2462325,-0.2431946,0.9382036,0.0,0.0,0.0,0.0,0.0,0.0,0.0,-1.179975,0.4864611,3.198363,1.311436,-0.2573096,-3.17371,0.0341952,-0.0200956,0.00444512,0.9992033,3.928674,357.7105,0.4312406,0.3754822,-0.07578563,-0.9237251,0,0,0,1.818334,-0.7840098,-1.2686,0.5795999,-0.4008,1.915,0.9991528,0.007508811,0.04046318,-0.0102575,0.9976218,0.06815725,-0.03985517,-0.06851455,0.9968538,static,16.67303634301983,-10.886901458358718,16.83912884659031,-11.821088380307142,0.5068979999999998,-0.5267002,1.9051099999999999,0.2821604925277162,-0.18119660263551776,0.9421004724700192,17.26564318334221,-11.927254261899062,0.9029947620371115,0.9488371434981768,0.43952892267642973
355,05/07/2023 19:59:50.983392,534,True,True,True,True,Eyes,1.283918,-0.2597682,-3.165488,0.2463793,-0.2434302,0.938104,0.0,0.0,0.0,0.0,0.0,0.0,0.0,-1.178955,0.4857769,3.198891,1.311389,-0.2573424,-3.173776,0.03404886,-0.02023733,0.004525819,0.9992051,3.912145,357.6945,0.4402784,0.3754159,-0.07578946,-0.9237518,0,0,0,1.817811,-0.7834075,-1.268364,0.5795999,-0.4008,1.915,0.99914,0.007666327,0.04075068,-0.01042256,0.9976404,0.0678604,-0.04013428,-0.06822676,0.9968622,static,16.69731083177193,-10.92263749632563,16.83912884659031,-11.821088380307142,0.5064220000000001,-0.5260651000000001,1.905412,0.2825295557126336,-0.18176359237194387,0.9418806629257223,17.28964973917582,-11.96380414081532,0.8663733263809189,0.9095748128956669,0.4725852970136442
356,05/07/2023 19:59:51.003245,535,True,True,True,True,Eyes,1.283756,-0.2597712,-3.165489,0.2464853,-0.2436275,0.9380248,0.0,0.0,0.0,0.0,0.0,0.0,0.0,-1.178055,0.4849975,3.199359,1.311443,-0.2572977,-3.173775,0.03390664,-0.02037862,0.004590311,0.9992067,3.896054,357.6785,0.4474529,0.375352,-0.07579317,-0.9237775,0,0,0,1.817376,-0.782761,-1.268067,0.5796,-0.4008001,1.915,0.9991273,0.007791398,0.04103619,-0.01055528,0.9976586,0.06757239,-0.04041363,-0.06794657,0.9968702,static,16.719371018248115,-10.954844162464166,16.839131587459715,-11.82109124669345,0.5059330000000002,-0.5254633,1.905708,0.282864952376292,-0.1822741971321668,0.9416811684770816,17.311464384289128,-11.996746758795105,0.8336918649891968,0.8744864806694403,0.5039376250017356
357,05/07/2023 19:59:51.023662,536,True,True,True,True,Eyes,1.283602,-0.2597758,-3.16549,0.2465842,-0.2438088,0.9379517,0.0,0.0,0.0,0.0,0.0,0.0,0.0,-1.177125,0.4839527,3.199837,1.311473,-0.2572682,-3.173743,0.03370459,-0.02051629,0.004696056,0.9992103,3.8732,357.663,0.4595186,0.3752904,-0.07579673,-0.9238022,0,0,0,1.816967,-0.7818578,-1.267677,0.5796,-0.4008,1.915,0.999114,0.008001708,0.04131674,-0.01076768,0.9976839,0.06716325,-0.04068362,-0.06754863,0.9968862,static,16.739855238330144,-10.994166016024995,16.839131587459715,-11.821088380307142,0.5054939999999999,-0.5245896000000001,1.906066,0.2831679472982599,-0.182903375372976,0.9414680871277755,17.331792182974585,-12.036879527155918,0.7946890606451932,0.8328603664759614,0.5378478236744819
358,05/07/2023 19:59:51.033536,537,True,True,True,True,Eyes,1.283454,-0.25978,-3.165491,0.2466914,-0.244011,0.937871,0.0,0.0,0.0,0.0,0.0,0.0,0.0,-1.177086,0.4829903,3.199996,1.311507,-0.2573186,-3.173724,0.03357416,-0.02053647,0.004621973,0.9992146,3.858085,357.6604,0.4512401,0.375231,-0.0758002,-0.923826,0,0,0,1.81685,-0.7814952,-1.267505,0.5796,-0.4008001,1.915,0.9991138,0.007857697,0.04135103,-0.01061568,0.9977028,0.06690574,-0.04073031,-0.06728542,0.996902,static,16.75152592962045,-11.020122284929956,16.839131587459715,-11.82109124669345,0.5053430000000001,-0.5241765999999999,1.9062189999999999,0.2833373480048094,-0.18332031252130693,0.9413360918602093,17.343400763946246,-12.063345932325342,0.7692163113654332,0.8057456354172459,0.5594414491839256
359,05/07/2023 19:59:51.053671,538,True,True,True,True,Eyes,1.283313,-0.2597884,-3.165491,0.2468002,-0.2442141,0.9377896,0.0,0.0,0.0,0.0,0.0,0.0,0.0,-1.177227,0.4833596,3.199913,1.311518,-0.2573165,-3.173744,0.03366176,-0.02052465,0.004547099,0.9992121,3.867947,357.6615,0.4424901,0.3751739,-0.07580356,-0.923849,0,0,0,1.816841,-0.7819061,-1.267633,0.5796,-0.4008,1.915,0.9991161,0.007705241,0.04132308,-0.01046882,0.9976925,0.06708383,-0.04071083,-0.06745714,0.9968913,static,16.758556475747454,-11.02072690964669,16.839131587459715,-11.821088380307142,0.505323,-0.5245896000000001,1.906111,0.28345269411054325,-0.183323747242968,0.9413007878065763,17.350279626177798,-12.064054265590052,0.7682741460367503,0.8044071309636708,0.5659547145281603
360,05/07/2023 19:59:51.073762,539,True,True,True,True,Eyes,1.28318,-0.2597947,-3.165493,0.2469078,-0.2443884,0.9377157,0.0,0.0,0.0,0.0,0.0,0.0,0.0,-1.177682,0.4843183,3.199584,1.311527,-0.2574206,-3.173715,0.03378902,-0.02045266,0.004567999,0.9992093,3.882551,357.6699,0.4448743,0.3751189,-0.07580694,-0.923871,0,0,0,1.81715,-0.7824663,-1.26781,0.5796001,-0.4008001,1.915,0.9991216,0.007746624,0.04118167,-0.01051092,0.9976748,0.06733774,-0.04056428,-0.06771145,0.99688,static,16.75606059143548,-11.017431391368465,16.839134328329035,-11.82109124669345,0.5056229999999999,-0.5250457,1.905905,0.2834144394196084,-0.18327173502692992,0.9413222681157489,17.347814170341156,-12.06068020007354,0.7715459644337282,0.8079420825915903,0.5622793329398148
361,05/07/2023 19:59:51.083436,540,True,True,True,True,Eyes,1.283051,-0.2598012,-3.165498,0.2470115,-0.2445535,0.9376453,0.0,0.0,0.0,0.0,0.0,0.0,0.0,-1.17779,0.484419,3.199574,1.311563,-0.2573566,-3.173751,0.03383227,-0.02044649,0.004522702,0.9992082,3.887402,357.6704,0.4395999,0.3750661,-0.07581027,-0.9238922,0,0,0,1.817169,-0.7826152,-1.2679,0.5796,-0.4008001,1.915,0.999123,0.007654738,0.04116663,-0.01042174,0.9976699,0.06742602,-0.04055458,-0.06779591,0.9968747,static,16.76285365899838,-11.021731636009255,16.839131587459715,-11.82109124669345,0.505606,-0.5252585999999999,1.9058510000000002,0.2835225595872687,-0.18333626575459835,0.9412770983992081,17.354488926218988,-12.065130983602598,0.7671256770186056,0.8029907281927613,0.5702180107675713
362,05/07/2023 19:59:51.103590,541,True,True,True,True,Eyes,1.282928,-0.2598068,-3.165502,0.2471322,-0.2446434,0.9375902,0.0,0.0,0.0,0.0,0.0,0.0,0.0,-1.178295,0.483851,3.199579,1.311575,-0.2573988,-3.173848,0.03376613,-0.0203784,0.004445121,0.9992121,3.879609,357.6779,0.4311136,0.3750153,-0.07581356,-0.9239126,0,0,0,1.81737,-0.7824874,-1.268,0.5795999,-0.4008002,1.915,0.9991299,0.007507039,0.04102486,-0.01025944,0.9976802,0.06729788,-0.04042449,-0.06766021,0.9968891,static,16.764806704983048,-11.032594543599012,16.83912884659031,-11.821094113079699,0.505795,-0.5250886000000001,1.905848,0.2835451508117242,-0.18351347382654687,0.9412359177972918,17.356481136115093,-12.076167562784555,0.7566639391593428,0.7919945402616849,0.576815270447022
363,05/07/2023 19:59:51.123326,542,True,True,True,True,Eyes,1.282809,-0.2598122,-3.165507,0.2472419,-0.2447263,0.9375396,0.0,0.0,0.0,0.0,0.0,0.0,0.0,-1.178722,0.4830712,3.199531,1.311555,-0.2573037,-3.173855,0.03370493,-0.02032278,0.004327255,0.9992158,3.872296,357.6838,0.4179433,0.3749664,-0.07581677,-0.9239322,0,0,0,1.817453,-0.7822853,-1.268005,0.5796,-0.4008001,1.915,0.9991366,0.007277768,0.04090539,-0.01001768,0.9976904,0.0671811,-0.04032199,-0.06753286,0.9969019,static,16.76846794995016,-11.041266283282567,16.839131587459715,-11.82109124669345,0.505898,-0.5249815999999999,1.90585,0.28359776970099565,-0.18365294020369177,0.9411928193365163,17.36012691707507,-12.08500650298685,0.7482282474758223,0.783020001803828,0.584026879505922
364,05/07/2023 19:59:51.144431,543,True,True,True,True,Eyes,1.282695,-0.2598178,-3.165512,0.2473402,-0.2448075,0.9374925,0.0,0.0,0.0,0.0,0.0,0.0,0.0,-1.178039,0.4829598,3.199827,1.311548,-0.257388,-3.17388,0.03363517,-0.02041658,0.004424089,0.9992158,3.864564,357.6734,0.4288531,0.3749194,-0.07581991,-0.9239511,0,0,0,1.817172,-0.7820049,-1.267857,0.5795999,-0.4008002,1.915,0.9991272,0.00746781,0.04109875,-0.01021467,0.9976982,0.06703694,-0.04050353,-0.06739823,0.9969037,static,16.783246800576016,-11.058547872522986,16.83912884659031,-11.821094113079699,0.5056240000000001,-0.5246169,1.906023,0.2838259116665293,-0.18392387303078486,0.9410711635920841,17.374708623760604,-12.102722959173866,0.7312767879616049,0.7645911142917629,0.605111976964689
365,05/07/2023 19:59:51.153335,544,True,True,True,True,Eyes,1.282585,-0.2598234,-3.165518,0.247431,-0.2448839,0.9374486,0.0,0.0,0.0,0.0,0.0,0.0,0.0,-1.177206,0.4827701,3.200152,1.311563,-0.2574015,-3.173862,0.03359622,-0.02054676,0.004439428,0.9992144,3.860191,357.6585,0.4301996,0.3748741,-0.07582298,-0.9239692,0,0,0,1.816699,-0.7818608,-1.267667,0.5796,-0.4008001,1.915,0.9991162,0.007491294,0.04135954,-0.01025247,0.9977032,0.06695722,-0.04076295,-0.06732209,0.9968982,static,16.80354072288796,-11.069740795014576,16.839131587459715,-11.82109124669345,0.505136,-0.5244593,1.906195,0.28415027038921403,-0.18408926802184936,0.9409409477321551,17.39463652425145,-12.114343207557557,0.7204199553763656,0.752192934611203,0.6281579796123207
366,05/07/2023 19:59:51.173653,545,True,True,True,True,Eyes,1.28248,-0.2598239,-3.165524,0.2475187,-0.2449054,0.9374198,0.0,0.0,0.0,0.0,0.0,0.0,0.0,-1.176602,0.4824932,3.200498,1.311555,-0.2573906,-3.17395,0.03356362,-0.02064219,0.004411316,0.9992138,3.856429,357.6474,0.42668,0.3748306,-0.07582598,-0.9239867,0,0,0,1.816297,-0.781762,-1.267625,0.5796,-0.4008001,1.915,0.9991089,0.00743004,0.04154804,-0.01020135,0.9977081,0.06689233,-0.0409558,-0.06725658,0.9968947,static,16.820600427857975,-11.075183913068155,16.839131587459715,-11.82109124669345,0.504742,-0.5243713999999999,1.906325,0.28442641983279565,-0.18416292121288852,0.940843065225186,17.411358391091298,-12.120091830012829,0.7155097234285641,0.7461374901666467,0.6456352403793855
367,05/07/2023 19:59:51.183511,546,True,True,True,True,Eyes,1.28238,-0.2598304,-3.16553,0.2476039,-0.2449268,0.9373916,0.0,0.0,0.0,0.0,0.0,0.0,0.0,-1.177056,0.481782,3.200402,1.311566,-0.2572973,-3.173916,0.0334982,-0.02058306,0.004332043,0.9992174,3.848719,357.6539,0.4179631,0.3747888,-0.07582878,-0.9240034,0,0,0,1.81646,-0.7815036,-1.267586,0.5796,-0.4008002,1.915,0.9991152,0.007278315,0.04142412,-0.0100363,0.9977182,0.06676563,-0.04084366,-0.0671223,0.9969084,static,16.821335198213333,-11.081570331394643,16.839131587459715,-11.821094113079699,0.504894,-0.5242062999999999,1.90633,0.28443278839544317,-0.18426740672976655,0.9408205738113352,17.412125376706346,-12.126574734512438,0.7094044192048947,0.7397378827314278,0.6493383498501726
368,05/07/2023 19:59:51.203323,547,True,True,True,True,Eyes,1.282283,-0.2598332,-3.165535,0.2476246,-0.2449017,0.9373928,0.0,0.0,0.0,0.0,0.0,0.0,0.0,-1.176984,0.4823131,3.200355,1.311573,-0.257441,-3.173908,0.03353037,-0.0205865,0.004405918,0.9992159,3.852582,357.6538,0.4263531,0.3747485,-0.07583155,-0.9240195,0,0,0,1.816523,-0.7816892,-1.267605,0.5796,-0.4008002,1.915,0.9991136,0.007424381,0.04143617,-0.01018547,0.9977126,0.06682677,-0.04084524,-0.06718957,0.9969038,static,16.82093846327583,-11.078714855590732,16.839131587459715,-11.821094113079699,0.50495,-0.5242481999999999,1.9063029999999999,0.28442883433361693,-0.1842207644928636,0.9408310128865729,17.411715753928355,-12.123675191431417,0.7121333192555845,0.7426021490121341,0.647617121968742
369,05/07/2023 19:59:51.213756,548,True,True,True,True,Eyes,1.28219,-0.2598374,-3.165543,0.2476388,-0.2448713,0.937397,0.0,0.0,0.0,0.0,0.0,0.0,0.0,-1.17664,0.4820463,3.200504,1.311574,-0.2573613,-3.173896,0.03350683,-0.02064227,0.00438984,0.9992157,3.849869,357.6473,0.4243474,0.3747098,-0.0758342,-0.924035,0,0,0,1.816293,-0.7815406,-1.267513,0.5795999,-0.4008002,1.915,0.9991093,0.00738948,0.04154634,-0.01015611,0.997716,0.06677986,-0.04095798,-0.06714233,0.9969024,static,16.828593741001317,-11.079580162077358,16.83912884659031,-11.821094113079699,0.5047189999999999,-0.5241793,1.9063830000000002,0.2845541553472824,-0.1842278283163656,0.9407917433664906,17.419207442417225,-12.124656225152147,0.7115729580285568,0.7415887863100908,0.6547069063500182
370,05/07/2023 19:59:51.233344,549,True,True,True,True,Eyes,1.282103,-0.2598413,-3.165551,0.2476594,-0.2448071,0.9374083,0.0,0.0,0.0,0.0,0.0,0.0,0.0,-1.175959,0.4819385,3.200836,1.311568,-0.2573919,-3.173962,0.03344809,-0.02073639,0.004480582,0.9992152,3.843391,357.6368,0.4345355,0.3746725,-0.07583676,-0.9240499,0,0,0,1.816007,-0.7812548,-1.267417,0.5796,-0.4008,1.915,0.9990999,0.007566945,0.04173997,-0.01034132,0.9977223,0.06665786,-0.04114051,-0.06702951,0.9969025,static,16.8384937078343,-11.08604463767236,16.839131587459715,-11.821088380307142,0.5044389999999999,-0.5238629,1.906545,0.2847114236231696,-0.18432498968191385,0.9407251027611043,17.428936487181787,-12.13134276512396,0.7058282070692077,0.7350440194144587,0.6664289932425105
371,05/07/2023 19:59:51.253569,550,True,True,True,True,Eyes,1.282021,-0.2598447,-3.165559,0.2476746,-0.2447473,0.9374199,0.0,0.0,0.0,0.0,0.0,0.0,0.0,-1.175305,0.4817383,3.201148,1.311617,-0.257331,-3.173989,0.03344072,-0.02085021,0.004439876,0.9992134,3.842498,357.6236,0.429443,0.3746367,-0.07583924,-0.9240642,0,0,0,1.81558,-0.7812161,-1.267324,0.5796,-0.4008,1.915,0.9990911,0.007478276,0.04196455,-0.01026726,0.9977241,0.06664368,-0.04137066,-0.06701396,0.9968939,static,16.8532739576853,-11.082948242883987,16.839131587459715,-11.821088380307142,0.5039629999999999,-0.5238851,1.9066650000000003,0.2849576157812107,-0.18426008820471046,0.940663273632781,17.443364652634376,-12.128405238601308,0.7097471293413609,0.7382756051168641,0.6778947178155049
372,05/07/2023 19:59:51.263453,551,True,True,True,True,Eyes,1.281941,-0.259847,-3.165564,0.2476669,-0.2447012,0.937434,0.0,0.0,0.0,0.0,0.0,0.0,0.0,-1.174981,0.4817949,3.201269,1.311649,-0.2573884,-3.173982,0.03342395,-0.02090069,0.004481457,0.9992127,3.840695,357.618,0.43406,0.3746023,-0.07584163,-0.924078,0,0,0,1.815456,-0.7811675,-1.267248,0.5796,-0.4008,1.915,0.9990862,0.007558691,0.04206805,-0.01035303,0.9977255,0.06660793,-0.0414689,-0.0669826,0.996892,static,16.857524251525458,-11.08368284161799,16.839131587459715,-11.821088380307142,0.5038069999999999,-0.5237791,1.9067340000000002,0.2850269629429834,-0.1842681906359836,0.9406407068101453,17.447526052100823,-12.129207533081768,0.7093691494757947,0.7376348816188635,0.6819686480421915
373,05/07/2023 19:59:51.283371,552,True,True,True,True,Eyes,1.281864,-0.2598497,-3.165566,0.2476633,-0.2446677,0.9374436,0.0,0.0,0.0,0.0,0.0,0.0,0.0,-1.175366,0.4824407,3.200946,1.311644,-0.2573717,-3.1739,0.03356479,-0.02085095,0.004391088,0.9992094,3.856605,357.6234,0.423549,0.3745693,-0.07584389,-0.9240912,0,0,0,1.815564,-0.7817805,-1.267368,0.5796,-0.4008001,1.915,0.9990919,0.007375517,0.0419637,-0.01017495,0.9977083,0.06689339,-0.04137415,-0.06725962,0.9968773,static,16.8530478035796,-11.062174794303896,16.839131587459715,-11.82109124669345,0.5039199999999999,-0.5244088,1.9065320000000001,0.2849724510245515,-0.18391816615253542,0.940725627952852,17.442985610050428,-12.10734734321052,0.7296726702774957,0.7590440321737877,0.6682680849720236
374,05/07/2023 19:59:51.305231,553,True,True,True,True,Eyes,1.281789,-0.2598557,-3.16557,0.2476901,-0.2446768,0.9374342,0.0,0.0,0.0,0.0,0.0,0.0,0.0,-1.1757,0.4833129,3.200642,1.311632,-0.2573817,-3.173853,0.03370646,-0.02079872,0.00437821,0.9992058,3.872791,357.6294,0.4219402,0.3745376,-0.07584607,-0.9241039,0,0,0,1.815747,-0.7823392,-1.267524,0.5795999,-0.4008001,1.915,0.9990965,0.007347363,0.04185954,-0.01015157,0.9976894,0.06717725,-0.04126925,-0.06754149,0.9968626,static,16.848311883681674,-11.045722196168478,16.83912884659031,-11.82109124669345,0.5041150000000001,-0.5249575,1.9063289999999997,0.2849091507311765,-0.1836516429502673,0.9407969235160146,17.438229894293265,-12.090607552796863,0.745135295360665,0.7754234279941626,0.6569331051289827
375,05/07/2023 19:59:51.323519,554,True,True,True,True,Eyes,1.281717,-0.2598585,-3.165574,0.2477177,-0.2446733,0.9374278,0.0,0.0,0.0,0.0,0.0,0.0,0.0,-1.176054,0.4839432,3.200442,1.311611,-0.2574702,-3.173881,0.03378144,-0.02073671,0.004405321,0.9992044,3.881424,357.6366,0.4251167,0.3745072,-0.07584826,-0.9241161,0,0,0,1.815991,-0.7826792,-1.267692,0.5795999,-0.4008,1.915,0.9991012,0.007402602,0.04173806,-0.01020466,0.9976789,0.06732643,-0.04114278,-0.06769184,0.9968576,static,16.841853370375144,-11.037337353887157,16.83912884659031,-11.821088380307142,0.5043799999999998,-0.525209,1.9061890000000001,0.2848102400748342,-0.1835195853245396,0.9408526195902547,17.431851205661058,-12.082021391521485,0.752779712654081,0.7837557619847104,0.647615496482116
376,05/07/2023 19:59:51.333372,555,True,True,True,True,Eyes,1.281647,-0.2598564,-3.165581,0.2477013,-0.2445917,0.9374534,0.0,0.0,0.0,0.0,0.0,0.0,0.0,-1.175997,0.4832474,3.200568,1.311597,-0.2573878,-3.173893,0.03364593,-0.02073212,0.004504764,0.9992086,3.866124,357.6375,0.4368643,0.374478,-0.07585036,-0.9241278,0,0,0,1.816082,-0.7819746,-1.26756,0.5795999,-0.4007999,1.915,0.9990997,0.007607297,0.04173456,-0.0103975,0.9976953,0.06705183,-0.04112829,-0.0674254,0.9968762,static,16.838432741009488,-11.050859199600007,16.83912884659031,-11.821085513920774,0.5044850000000001,-0.5245868,1.906333,0.2847418360942347,-0.18374551210270293,0.9408292004726148,17.428609402915832,-12.095679915610875,0.7396036612121227,0.7702266288795354,0.6502994784907887
377,05/07/2023 19:59:51.353634,556,True,True,True,True,Eyes,1.281577,-0.2598639,-3.165585,0.2476863,-0.2444958,0.9374825,0.0,0.0,0.0,0.0,0.0,0.0,0.0,-1.175561,0.4807053,3.201166,1.311568,-0.2572908,-3.173968,0.0332928,-0.02080567,0.004420405,0.9992192,3.825477,357.6286,0.4277275,0.3744499,-0.07585223,-0.924139,0,0,0,1.81568,-0.7806336,-1.267195,0.5796,-0.4008002,1.915,0.9990951,0.00744855,0.04187318,-0.01021927,0.9977441,0.06634968,-0.04128451,-0.06671756,0.9969174,static,16.84959136905399,-11.083566590122363,16.839131587459715,-11.821094113079699,0.5041119999999999,-0.5233428,1.9067729999999998,0.2848964310321696,-0.18427374833496435,0.9406791942481211,17.439768623833793,-12.128981928608782,0.7088955445247902,0.7376016907183605,0.6749516696886572
378,05/07/2023 19:59:51.373818,557,True,True,True,True,Eyes,1.281511,-0.2598724,-3.165593,0.2476115,-0.2443518,0.9375398,0.0,0.0,0.0,0.0,0.0,0.0,0.0,-1.17526,0.4801189,3.201309,1.311531,-0.2575191,-3.173909,0.03310352,-0.02082895,0.004578246,0.9992244,3.804163,357.6265,0.4461968,0.3744228,-0.07585418,-0.9241499,0,0,0,1.815691,-0.7799736,-1.266904,0.5796,-0.4008002,1.915,0.9990904,0.007770367,0.04192871,-0.01052841,0.9977664,0.06596496,-0.04132248,-0.0663464,0.9969406,static,16.844534236689764,-11.101156061901758,16.839131587459715,-11.821094113079699,0.5041599999999999,-0.5224545,1.907005,0.2847973919293846,-0.18456818888299328,0.9406514566417267,17.434957616756986,-12.146740940352068,0.6916768672101877,0.7199583225108204,0.6790099508112619
379,05/07/2023 19:59:51.383611,558,True,True,True,True,Eyes,1.281453,-0.2598657,-3.165606,0.2475086,-0.2441684,0.9376147,0.0,0.0,0.0,0.0,0.0,0.0,0.0,-1.172964,0.4819912,3.201968,1.31154,-0.2575316,-3.174005,0.03323842,-0.02114002,0.004973005,0.9992115,3.820717,357.5923,0.489991,0.3743966,-0.07585622,-0.9241603,0,0,0,1.81487,-0.7800859,-1.266808,0.5796,-0.4008,1.915,0.9990568,0.008532845,0.0425773,-0.01134349,0.997741,0.06621416,-0.04191612,-0.06663468,0.9968966,static,16.862993061268103,-11.088420186551394,16.839131587459715,-11.821088380307142,0.50333,-0.5225542999999999,1.9071970000000003,0.2851127761241147,-0.1843410523980601,0.9406004048373496,17.45290930948061,-12.134083345644205,0.7052808096920467,0.7330566499757153,0.6889767342773695
380,05/07/2023 19:59:51.403658,559,True,True,True,True,Eyes,1.281405,-0.259862,-3.16561,0.2474165,-0.2439816,0.9376877,0.0,0.0,0.0,0.0,0.0,0.0,0.0,-1.170725,0.4773948,3.203595,1.311696,-0.2571796,-3.174088,0.03260166,-0.02152419,0.00488286,0.9992247,3.747694,357.5477,0.4797205,0.3743715,-0.07585789,-0.9241704,0,0,0,1.813441,-0.7774363,-1.265846,0.5796,-0.4008,1.915,0.9990258,0.0083547,0.04333339,-0.0111616,0.9978266,0.06494258,-0.04269663,-0.06536298,0.9969476,static,16.90629703915726,-11.150183959161312,16.839131587459715,-11.821088380307142,0.5017450000000001,-0.5202567,1.9082419999999998,0.2857702378106855,-0.18531704088252404,0.9402090905124613,17.49572021064958,-12.197272042152342,0.6513374203754432,0.6742580664810438,0.7567184202473379
381,05/07/2023 19:59:51.423386,560,True,True,True,True,Eyes,1.281359,-0.2598623,-3.165608,0.2473374,-0.2438125,0.9377524,0.0,0.0,0.0,0.0,0.0,0.0,0.0,-1.171491,0.4747342,3.203598,1.311883,-0.2572532,-3.173892,0.03230348,-0.02147467,0.004550236,0.9992371,3.712677,357.552,0.4424609,0.3743476,-0.07585932,-0.9241799,0,0,0,1.813503,-0.7767359,-1.265406,0.5796,-0.4008001,1.915,0.9990363,0.007706116,0.04321054,-0.01048094,0.9978716,0.06436226,-0.0426226,-0.06475311,0.9969906,static,16.905228699492184,-11.1630637909613,16.839131587459715,-11.82109124669345,0.5016200000000002,-0.5194827,1.908486,0.28574097707155516,-0.1855300518803501,0.9401758251371061,17.4947735287244,-12.210311815183285,0.6388761817670539,0.6613387639601667,0.7624690197515418
382,05/07/2023 19:59:51.433402,561,True,True,True,True,Eyes,1.281313,-0.25987,-3.165605,0.2472521,-0.2436605,0.9378144,0.0,0.0,0.0,0.0,0.0,0.0,0.0,-1.173105,0.4732186,3.203132,1.311918,-0.2573617,-3.173768,0.03225243,-0.02128953,0.004033487,0.9992449,3.705488,357.5714,0.3839771,0.374325,-0.07586065,-0.924189,0,0,0,1.813776,-0.7772012,-1.265442,0.5796,-0.4008001,1.915,0.999061,0.006687604,0.04280709,-0.009434161,0.9978871,0.06428441,-0.04228673,-0.06462789,0.997013,static,16.891577172529562,-11.141707124370294,16.839131587459715,-11.82109124669345,0.5018580000000001,-0.5198395,1.908326,0.28553551843275454,-0.18519142747407405,0.9403049994366046,17.481263108803354,-12.188480401278417,0.6573362313111827,0.6814054043358656,0.7398024612082289
383,05/07/2023 19:59:51.453881,562,True,True,True,True,Eyes,1.281272,-0.2598788,-3.165601,0.2471706,-0.2435468,0.9378654,0.0,0.0,0.0,0.0,0.0,0.0,0.0,-1.173891,0.476159,3.202384,1.311852,-0.2575948,-3.173751,0.03271059,-0.02116544,0.003954303,0.999233,3.757766,357.5854,0.3742537,0.3743035,-0.07586212,-0.9241976,0,0,0,1.814131,-0.7792529,-1.266032,0.5796,-0.4008,1.915,0.9990728,0.006517871,0.04255711,-0.009287207,0.9978288,0.06520362,-0.04203972,-0.06553839,0.996964,static,16.87178404011289,-11.078010116956044,16.839131587459715,-11.821088380307142,0.5022789999999999,-0.5216581,1.9077190000000002,0.285266841984399,-0.18416132510447733,0.9405888012366356,17.461425740740278,-12.123651709430742,0.7160855445492531,0.743795326772864,0.6919498401889618
384,05/07/2023 19:59:51.473529,563,True,True,True,True,Eyes,1.281234,-0.2598822,-3.1656,0.2471221,-0.2434435,0.9379051,0.0,0.0,0.0,0.0,0.0,0.0,0.0,-1.173891,0.4790758,3.20194,1.311917,-0.2576196,-3.173714,0.03315214,-0.02117092,0.003989246,0.999218,3.808467,357.585,0.3771848,0.3742832,-0.07586373,-0.9242057,0,0,0,1.814222,-0.7809157,-1.266451,0.5795998,-0.4008001,1.915,0.9990718,0.006568529,0.04257324,-0.009375975,0.99777,0.06608351,-0.04204423,-0.06642134,0.9969054,static,16.866079304664844,-11.021592625243501,16.83912610572083,-11.82109124669345,0.502305,-0.5232961,1.907263,0.2852233042757224,-0.1832375614508053,0.9407824984438601,17.455418939854674,-12.066392542480521,0.7696708985963773,0.7999528240050687,0.663317106005523
385,05/07/2023 19:59:51.483501,564,True,True,True,True,Eyes,1.281195,-0.2598808,-3.165602,0.2470861,-0.2433615,0.9379358,0.0,0.0,0.0,0.0,0.0,0.0,0.0,-1.175143,0.4811516,3.201243,1.311967,-0.2574996,-3.173778,0.03355633,-0.02100042,0.003840851,0.9992088,3.85438,357.6041,0.3598448,0.374264,-0.07586532,-0.9242133,0,0,0,1.814806,-0.7824813,-1.267118,0.5796,-0.4008001,1.915,0.9990885,0.00626623,0.04222536,-0.009085017,0.9977185,0.06689825,-0.04170983,-0.06722088,0.9968659,static,16.84580399644234,-10.963816851312668,16.839131587459715,-11.82109124669345,0.5028389999999998,-0.5249817000000001,1.90666,0.2849406055118707,-0.18230478390750643,0.941049277409034,17.435155126174493,-12.007558735637334,0.8236008191684504,0.8573003616102807,0.6245111553328123
386,05/07/2023 19:59:51.503612,565,True,True,True,True,Eyes,1.281156,-0.2598855,-3.165605,0.2470709,-0.2432664,0.9379646,0.0,0.0,0.0,0.0,0.0,0.0,0.0,-1.176706,0.4810613,3.200744,1.311895,-0.2574032,-3.173877,0.03369277,-0.02078559,0.00349706,0.9992099,3.869126,357.6274,0.3208987,0.3742456,-0.07586674,-0.9242207,0,0,0,1.815248,-0.7832645,-1.267595,0.5795999,-0.4008001,1.915,0.9991115,0.005587945,0.04177399,-0.008389242,0.9977051,0.06718692,-0.04130269,-0.06747768,0.9968655,static,16.827831434633442,-10.929852111063925,16.83912884659031,-11.82109124669345,0.5033529999999999,-0.5258613000000001,1.906282,0.28467453191917136,-0.1817619136875797,0.9412349225661781,17.4173238784844,-11.972889766228372,0.8552808009155505,0.8913107361602842,0.5977894992721113
387,05/07/2023 19:59:51.523422,566,True,True,True,True,Eyes,1.281115,-0.2598879,-3.165612,0.2470585,-0.2431694,0.9379929,0.0,0.0,0.0,0.0,0.0,0.0,0.0,-1.177681,0.4816731,3.200315,1.311866,-0.257558,-3.173898,0.03377078,-0.02063038,0.003484958,0.9992107,3.87799,357.6452,0.3199293,0.3742281,-0.07586817,-0.9242277,0,0,0,1.815807,-0.7837206,-1.267855,0.5796,-0.4008001,1.915,0.9991245,0.005571007,0.04146357,-0.008357823,0.9976948,0.06734445,-0.04099282,-0.06763205,0.9968679,static,16.809071861653546,-10.913213809851268,16.839131587459715,-11.82109124669345,0.503941,-0.5261625999999999,1.906043,0.28438002555889597,-0.18150510417388038,0.9413733787350109,17.398854826005316,-11.955771228130388,0.8706710172037455,0.9083749377006578,0.5756985332340439
388,05/07/2023 19:59:51.533382,567,True,True,True,True,Eyes,1.281072,-0.2598891,-3.165621,0.2470687,-0.2430484,0.9380215,0.0,0.0,0.0,0.0,0.0,0.0,0.0,-1.17794,0.4816275,3.200221,1.311775,-0.2574732,-3.173937,0.03377255,-0.02057447,0.00349679,0.9992116,3.878203,357.6517,0.3215003,0.3742113,-0.07586955,-0.9242344,0,0,0,1.815942,-0.7836268,-1.267951,0.5796001,-0.4008,1.915,0.9991289,0.005598361,0.04135269,-0.00837777,0.9976944,0.06734794,-0.04088031,-0.06763572,0.9968722,static,16.802746076948395,-10.905515157883343,16.839134328329035,-11.821088380307142,0.504167,-0.5261536,1.905986,0.2842825260378927,-0.1813840700899067,0.9414260811299179,17.392611131867262,-11.947882354833352,0.8779461286648227,0.9162960386567429,0.5678144802935614
389,05/07/2023 19:59:51.553663,568,True,True,True,True,Eyes,1.281029,-0.2598905,-3.165632,0.247075,-0.2429096,0.9380559,0.0,0.0,0.0,0.0,0.0,0.0,0.0,-1.177462,0.4808095,3.200595,1.311693,-0.2574646,-3.174047,0.03351054,-0.02059611,0.003837724,0.9992188,3.848977,357.6505,0.3611546,0.3741949,-0.07587085,-0.9242409,0,0,0,1.816082,-0.7822554,-1.267745,0.5796,-0.4008,1.915,0.9991221,0.006289077,0.04141726,-0.009049824,0.9977247,0.06681063,-0.04090284,-0.0671268,0.9969057,static,16.798377235065516,-10.937835774155268,16.839131587459715,-11.821088380307142,0.504389,-0.5247908000000001,1.906302,0.2841821175963499,-0.18192076858345743,0.9413529406755089,17.388585098657963,-11.980581394208642,0.8468950644970041,0.8841923340049654,0.5721338850753966
390,05/07/2023 19:59:51.573580,569,True,True,True,True,Eyes,1.280986,-0.2598915,-3.165639,0.2471125,-0.2427275,0.9380932,0.0,0.0,0.0,0.0,0.0,0.0,0.0,-1.176723,0.4799522,3.201075,1.311646,-0.2574894,-3.174144,0.03331725,-0.02068775,0.00397253,0.9992228,3.827171,357.6404,0.3767242,0.3741791,-0.07587207,-0.9242473,0,0,0,1.815801,-0.7814052,-1.267539,0.5795997,-0.4008,1.915,0.9991125,0.006560368,0.04160805,-0.009317403,0.9977484,0.06641834,-0.04107863,-0.06674708,0.9969239,static,16.808396379590302,-10.953937470358873,16.839123364851268,-11.821088380307142,0.5041549999999999,-0.5239158,1.906605,0.2843330281878092,-0.18217681318699816,0.9412578906002969,17.39850393216704,-11.997037309129361,0.8315778700854205,0.8676951355443555,0.5863997311085668
693,05/07/2023 19:59:56.623708,872,True,True,True,True,Eyes,1.31409,-0.2566424,-3.165289,0.2465239,0.115371,0.962245,0.0,0.0,0.0,0.0,0.0,0.0,0.0,-1.190805,0.4567919,3.199508,1.311691,-0.257236,-3.174402,0.02966438,-0.01849046,0.004137504,0.9993804,3.407957,357.8923,0.4117064,0.382354,-0.07470793,-0.9209906,0,0,0,1.816816,0.0331651,-1.218816,0.5796,0.4008,1.915,0.9992819,0.007172864,0.03720348,-0.009366897,0.9982058,0.05913898,-0.03671254,-0.059445,0.9975562,static,16.686873320500954,10.194788464904928,16.839131587459715,11.821088380307142,0.505125,0.2904011,1.9555860000000003,0.28297328434257746,0.16976102774510032,0.9439847746359642,17.118913795924307,9.439796983187016,1.5608761806217881,1.6334117652002307,2.3976711205191688
694,05/07/2023 19:59:56.633303,873,True,True,True,True,Eyes,1.314063,-0.256631,-3.165293,0.2465748,0.1170886,0.9620245,0.0,0.0,0.0,0.0,0.0,0.0,0.0,-1.191127,0.4552952,3.199641,1.311547,-0.2572153,-3.174502,0.02948303,-0.01843248,0.004007505,0.9993873,3.386873,357.8985,0.3973679,0.3823542,-0.07470457,-0.9209908,0,0,0,1.816988,0.03375398,-1.219082,0.5796,0.4008,1.915,0.9992883,0.006923209,0.03707867,-0.009096989,0.9982294,0.05878219,-0.03660606,-0.05907766,0.997582,static,16.68554701475881,10.28112069036371,16.839131587459715,11.821088380307142,0.505441,0.29096928,1.95542,0.28288055480319374,0.17118810183637512,0.943754860304913,17.116960691983188,9.527316589293413,1.4784309201041046,1.5476074137330265,2.310536310160618
695,05/07/2023 19:59:56.653371,874,True,True,True,True,Eyes,1.314037,-0.2566195,-3.165298,0.2466154,0.1187626,0.9618089,0.0,0.0,0.0,0.0,0.0,0.0,0.0,-1.190573,0.4547147,3.199979,1.311445,-0.2573136,-3.174587,0.02929385,-0.01847925,0.004214701,0.9993911,3.365645,357.8938,0.421374,0.3823537,-0.07470122,-0.9209913,0,0,0,1.816558,0.03461402,-1.219225,0.5795999,0.4008,1.915,0.9992815,0.007341613,0.03718293,-0.009506928,0.9982482,0.05839626,-0.03668908,-0.0587078,0.9976008,static,16.700843823499635,10.353868573628066,16.83912884659031,11.821088380307142,0.5051129999999999,0.29192762,1.9553619999999998,0.28307298833331224,0.1723760413627358,0.9434809242561774,17.13136445720428,9.600842008403312,1.4081867145757831,1.4737220595222738,2.239396258830277
696,05/07/2023 19:59:56.673516,875,True,True,True,True,Eyes,1.314014,-0.2566119,-3.165301,0.2466372,0.1204571,0.9615925,0.0,0.0,0.0,0.0,0.0,0.0,0.0,-1.189687,0.4535532,3.200575,1.311447,-0.2573123,-3.174688,0.0289869,-0.01858248,0.004527339,0.9993969,3.331168,357.8829,0.4575352,0.3823525,-0.07469789,-0.9209921,0,0,0,1.815939,0.0361432,-1.219394,0.5796,0.4008,1.915,0.9992684,0.007971919,0.03740502,-0.01012651,0.9982786,0.05777057,-0.03688008,-0.05810709,0.9976289,static,16.72266361720626,10.411234326002482,16.839131587459715,11.821088380307142,0.5044919999999999,0.2934555,1.955294,0.2833854040915232,0.1733039042079039,0.9432170624806795,17.152263141580768,9.658688324146949,1.3524889145996482,1.4146565811299385,2.184954318302301
697,05/07/2023 19:59:56.683426,876,True,True,True,True,Eyes,1.313991,-0.2566014,-3.1653,0.2466604,0.1220948,0.96138,0.0,0.0,0.0,0.0,0.0,0.0,0.0,-1.189749,0.4532913,3.200522,1.311439,-0.2574268,-3.174615,0.02882328,-0.01854213,0.004795648,0.999401,3.312962,357.8883,0.4887915,0.3823509,-0.07469469,-0.920993,0,0,0,1.815899,0.03695746,-1.219452,0.5795999,0.4008,1.915,0.9992664,0.008516659,0.0373385,-0.01065444,0.9982924,0.0574342,-0.03678559,-0.05778988,0.9976508,static,16.728121794143817,10.482441341157227,16.83912884659031,11.821088380307142,0.5044599999999999,0.29438426,1.9551630000000002,0.2834157737474242,0.1744743682700161,0.9429921481768166,17.157058688687265,9.730785674654642,1.2841783155314792,1.3432417731434996,2.114342636791387
698,05/07/2023 19:59:56.703818,877,True,True,True,True,Eyes,1.313978,-0.2565924,-3.165298,0.246683,0.123745,0.9611632,0.0,0.0,0.0,0.0,0.0,0.0,0.0,-1.190123,0.453229,3.200304,1.311442,-0.2573503,-3.174531,0.0287391,-0.01846016,0.00501881,0.999404,3.303742,357.8984,0.5148389,0.3823488,-0.07469152,-0.9209941,0,0,0,1.816064,0.03760681,-1.219496,0.5795999,0.4008,1.915,0.9992681,0.00897058,0.03718678,-0.01109269,0.9982978,0.05725864,-0.03660984,-0.05762924,0.9976665,static,16.728660109459703,10.56479411357089,16.83912884659031,11.821088380307142,0.5046219999999999,0.29495710999999997,1.955035,0.28335507175304286,0.17583286703564088,0.942758044638228,17.156959008646243,9.814246593171134,1.2053754673064871,1.261141794770757,2.031853826068142
699,05/07/2023 19:59:56.713324,878,True,True,True,True,Eyes,1.313966,-0.2565831,-3.165298,0.2466999,0.1253278,0.9609537,0.0,0.0,0.0,0.0,0.0,0.0,0.0,-1.190342,0.4538401,3.200091,1.311414,-0.2574026,-3.174493,0.02872833,-0.01839333,0.005271995,0.9994042,3.303004,357.907,0.5441269,0.3823467,-0.07468843,-0.9209952,0,0,0,1.816118,0.03787333,-1.219528,0.5796,0.4008,1.915,0.9992678,0.009480887,0.03706765,-0.01159452,0.9982938,0.05722849,-0.03646182,-0.05761637,0.9976727,static,16.731441339294598,10.650690785662713,16.839131587459715,11.821088380307142,0.5047039999999998,0.29527592999999996,1.954965,0.28332777343275817,0.1772475124267848,0.9425012486976831,17.159025445960733,9.901268940256498,1.1231253104164054,1.1753415329593904,1.9462884583491307
700,05/07/2023 19:59:56.733517,879,True,True,True,True,Eyes,1.31396,-0.2565764,-3.165298,0.2466928,0.1268909,0.9607504,0.0,0.0,0.0,0.0,0.0,0.0,0.0,-1.189972,0.4538236,3.200306,1.311406,-0.2573849,-3.174573,0.02873568,-0.01845159,0.005251079,0.999403,3.303834,357.9002,0.5415195,0.3823445,-0.07468539,-0.9209964,0,0,0,1.815898,0.03783687,-1.219545,0.5796,0.4008,1.915,0.9992639,0.009435452,0.03718293,-0.01155633,0.9982934,0.05724326,-0.03657936,-0.05763082,0.9976676,static,16.742759725963943,10.746646195643041,16.839131587459715,11.821088380307142,0.5044919999999999,0.29522177000000005,1.955028,0.28343200490881254,0.17881996811408077,0.9421728539773688,17.169362805419514,9.998370281593678,1.0309291743329463,1.0787555533455784,1.8523914069906602
701,05/07/2023 19:59:56.753485,880,True,True,True,True,Eyes,1.313956,-0.2565638,-3.165304,0.2466723,0.1284028,0.9605548,0.0,0.0,0.0,0.0,0.0,0.0,0.0,-1.19058,0.455391,3.199847,1.311423,-0.2575215,-3.174545,0.02887764,-0.018335,0.005464913,0.9993998,3.320488,357.9143,0.5661437,0.3823424,-0.07468246,-0.9209975,0,0,0,1.81622,0.03738467,-1.219548,0.5795999,0.4008,1.915,0.9992679,0.009864323,0.03696362,-0.01198221,0.9982725,0.05752022,-0.03633236,-0.05792102,0.9976598,static,16.737835404018433,10.846839204035913,16.83912884659031,11.821088380307142,0.5047969999999999,0.29490617,1.954997,0.2832639080636131,0.18047662139064038,0.9419075187926459,17.16378629771888,10.099987297164654,0.9353903113917085,0.9795008009048438,1.7514540813185893
702,05/07/2023 19:59:56.773530,881,True,True,True,True,Eyes,1.313977,-0.2565552,-3.165307,0.2466484,0.1299179,0.9603572,0.0,0.0,0.0,0.0,0.0,0.0,0.0,-1.189405,0.4545692,3.200551,1.311424,-0.2573099,-3.174713,0.02878373,-0.01851908,0.005452987,0.9993993,3.309803,357.8931,0.5643585,0.3823403,-0.07467945,-0.9209986,0,0,0,1.815512,0.03793938,-1.219585,0.5796,0.4008,1.915,0.9992546,0.009833326,0.03732982,-0.01196552,0.9982835,0.0573309,-0.03670199,-0.05773484,0.9976571,static,16.762078626933445,10.92857667924227,16.839131587459715,11.821088380307142,0.5040880000000001,0.29524928,1.9551280000000002,0.283592038874701,0.18180176757369057,0.94155388499479,17.186869272585387,10.182502522823496,0.8562326858652677,0.8958316221609816,1.6750776429771774
703,05/07/2023 19:59:56.783734,882,True,True,True,True,Eyes,1.314,-0.2565419,-3.165308,0.2466322,0.1313657,0.9601644,0.0,0.0,0.0,0.0,0.0,0.0,0.0,-1.189268,0.4535394,3.200738,1.311506,-0.2574048,-3.174661,0.02862444,-0.01855891,0.00540845,0.9994034,3.291474,357.8884,0.5594491,0.3823389,-0.07467647,-0.9209993,0,0,0,1.815469,0.03841426,-1.219587,0.5796,0.4008,1.915,0.9992526,0.009747968,0.03740531,-0.01187292,0.9983028,0.05701397,-0.03678605,-0.05741547,0.9976724,static,16.768982699737844,10.999077722310826,16.839131587459715,11.821088380307142,0.5039629999999999,0.29581905999999997,1.955074,0.2836436567858035,0.18295727756241253,0.941314493032386,17.193083941784273,10.253864694579768,0.7885616816296638,0.8249984171549372,1.6066960976602862
704,05/07/2023 19:59:56.803594,883,True,True,True,True,Eyes,1.314043,-0.2565312,-3.165308,0.2466259,0.1327817,0.9599712,0.0,0.0,0.0,0.0,0.0,0.0,0.0,-1.189748,0.45228,3.200684,1.311565,-0.2573031,-3.174592,0.02859868,-0.01853846,0.005012017,0.9994066,3.287673,357.8894,0.5140933,0.3823383,-0.07467338,-0.9209999,0,0,0,1.815886,0.03818921,-1.21956,0.5796,0.4008,1.915,0.9992624,0.008957734,0.03734159,-0.01107844,0.998314,0.05697759,-0.03676825,-0.05734926,0.9976769,static,16.76417383711227,11.093794935285587,16.839131587459715,11.821088380307142,0.5043209999999998,0.29549231,1.955032,0.28348025956622236,0.1845224317987229,0.9410581458307943,17.187661952789757,10.349930176986016,0.6982063531449261,0.7311459632032934,1.511879583417984
705,05/07/2023 19:59:56.823879,884,True,True,True,True,Eyes,1.314083,-0.2565211,-3.165307,0.246629,0.1341317,0.9597827,0.0,0.0,0.0,0.0,0.0,0.0,0.0,-1.19012,0.4523367,3.20053,1.311579,-0.2573792,-3.174572,0.02868212,-0.01850721,0.004792825,0.9994057,3.296759,357.8923,0.4888777,0.3823388,-0.07467026,-0.9209999,0,0,0,1.816176,0.03755315,-1.219527,0.5796,0.4008,1.915,0.999269,0.0085183,0.03726736,-0.0106416,0.9983087,0.05715275,-0.03671749,-0.05750756,0.9976696,static,16.762182351420208,11.191543160402109,16.839131587459715,11.821088380307142,0.504597,0.29493234999999995,1.955045,0.2833598643612111,0.18613453920359646,0.940776874922976,17.1849716728621,10.449029448608735,0.6050551058060758,0.6342305328761304,1.4149738784601298
706,05/07/2023 19:59:56.833545,885,True,True,True,True,Eyes,1.314133,-0.2565138,-3.165308,0.2466123,0.1354224,0.9596057,0.0,0.0,0.0,0.0,0.0,0.0,0.0,-1.190934,0.4527279,3.200133,1.311559,-0.2573873,-3.17454,0.0287994,-0.01839314,0.004650393,0.9994051,3.309847,357.9049,0.4726721,0.3823402,-0.07466713,-0.9209996,0,0,0,1.8167,0.03694027,-1.219545,0.5795999,0.4008,1.915,0.9992801,0.00823583,0.03703224,-0.01035467,0.9982979,0.05739347,-0.03649653,-0.05773561,0.9976646,static,16.75080496228399,11.286754300993573,16.83912884659031,11.821088380307142,0.5051410000000001,0.29432757,1.9549949999999998,0.28308645256991183,0.1877134127235189,0.9405454202007537,17.173123412638976,10.545684790670968,0.515575091637154,0.541584727309435,1.3184106669042366
707,05/07/2023 19:59:56.853568,886,True,True,True,True,Eyes,1.314183,-0.2565058,-3.165307,0.246601,0.1366476,0.9594349,0.0,0.0,0.0,0.0,0.0,0.0,0.0,-1.190169,0.4526458,3.200487,1.311539,-0.257454,-3.174601,0.02876837,-0.01850692,0.004666644,0.999404,3.306379,357.8919,0.4742239,0.3823428,-0.07466405,-0.9209988,0,0,0,1.816226,0.03700636,-1.219509,0.5796,0.4008,1.915,0.9992714,0.008262898,0.03726027,-0.01039255,0.9983012,0.0573297,-0.03672327,-0.05767517,0.9976598,static,16.76762085126245,11.357167251123427,16.839131587459715,11.821088380307142,0.5046869999999999,0.29446036000000003,1.955092,0.2832992463387914,0.18885676844055674,0.9402524156644492,17.18903024056321,10.616823011568444,0.4470751290585237,0.46940025510705496,1.2540670419826012
708,05/07/2023 19:59:56.873503,887,True,True,True,True,Eyes,1.314243,-0.2564979,-3.165308,0.2465757,0.1378534,0.9592689,2.023623,1.813219,0.02246529,-1.22411,-0.2206741,-0.9241844,-0.311747,0.5760059,0.3867223,1.911259,1.311589,-0.2574273,-3.174565,0.02892397,-0.01845843,0.004575165,0.9994008,3.323997,357.8972,0.4635666,0.3823463,-0.07466101,-0.9209976,0,0,0,1.81653,0.03633097,-1.219433,0.5796,0.4008,1.915,0.9992767,0.008077064,0.03715939,-0.01021263,0.9982849,0.05764437,-0.03663007,-0.05798217,0.9976454,static,16.764154183356773,11.450421961361267,16.839131587459715,11.821088380307142,0.5049410000000001,0.29375827000000004,1.9551319999999999,0.2831566573183152,0.19039523479885626,0.9399850638236048,17.184931728653783,10.711387946355751,0.35936695797032897,0.3781735121080996,1.1623307579005824
709,05/07/2023 19:59:56.883808,888,True,True,True,True,Eyes,1.314298,-0.2564905,-3.16531,0.2465516,0.1390184,0.9591069,2.020605,1.812482,0.02441087,-1.227334,-0.2808757,-0.8061755,-0.520759,0.5749975,0.3883041,1.908051,1.311577,-0.2573667,-3.174577,0.02887658,-0.01842109,0.004521593,0.9994031,3.318437,357.9013,0.4576437,0.382351,-0.07465799,-0.9209958,0,0,0,1.816701,0.03651985,-1.219512,0.5796,0.4008,1.915,0.9992804,0.007973912,0.03708133,-0.01010166,0.9982914,0.0575521,-0.03655906,-0.05788527,0.9976536,static,16.761250857780187,11.516701987604588,16.839131587459715,11.821088380307142,0.5051239999999999,0.29388655,1.9550650000000003,0.2830476588915115,0.1914888989398291,0.9397956570486884,17.181589092834944,10.778605174110346,0.29788445869049557,0.31419179511548223,1.0972913825370978
710,05/07/2023 19:59:56.903645,889,True,True,True,True,Eyes,1.314354,-0.2564828,-3.165316,0.2465489,0.1401991,0.9589359,2.018771,1.81208,0.0265471,-1.229444,-0.2946113,-0.6987783,-0.6518537,0.5747288,0.389804,1.905997,1.311535,-0.2573978,-3.174673,0.02874204,-0.01845457,0.004553124,0.9994062,3.303097,357.8976,0.4614294,0.3823566,-0.07465501,-0.9209937,0,0,0,1.816506,0.03704496,-1.219651,0.5796,0.4008,1.915,0.9992774,0.008039996,0.03714895,-0.01016168,0.9983063,0.05728188,-0.03662549,-0.05761798,0.9976667,static,16.768829691222365,11.571661272854524,16.839131587459715,11.821088380307142,0.5049710000000001,0.29444276,1.9550219999999998,0.2831214042772923,0.1923859528931119,0.9395904020424503,17.188581668929277,10.834205909054896,0.24543791880913407,0.2591452074547146,1.0469251986192822
711,05/07/2023 19:59:56.923672,890,True,True,True,True,Eyes,1.314409,-0.256477,-3.165318,0.2465476,0.1413454,0.9587678,2.017548,1.811831,0.02869421,-1.230958,-0.279158,-0.5997308,-0.7499291,0.574921,0.3912222,1.904448,1.311531,-0.2574341,-3.174753,0.02860209,-0.01855494,0.004683811,0.9994077,3.287379,357.8864,0.4763817,0.3823629,-0.07465205,-0.9209914,0,0,0,1.816018,0.03768963,-1.219709,0.5796,0.4008,1.915,0.9992675,0.008300653,0.03735584,-0.01042349,0.9983199,0.05699648,-0.03681998,-0.05734412,0.9976753,static,16.785891670593884,11.621209065046187,16.839131587459715,11.821088380307142,0.5044869999999999,0.29512373000000003,1.955044,0.2833558441352646,0.1931844365202422,0.9393557231233056,17.204887729722593,10.88419301214971,0.19600908645386333,0.20684832466584924,1.005758662144091
712,05/07/2023 19:59:56.933493,891,True,True,True,True,Eyes,1.314496,-0.2564706,-3.165317,0.2465489,0.1424488,0.9586042,2.016499,1.811662,0.03077731,-1.232292,-0.2903466,-0.460723,-0.8387092,0.5747108,0.3927473,1.903057,1.311553,-0.2575151,-3.1747,0.0284832,-0.01854211,0.004780078,0.9994109,3.273949,357.8882,0.4877155,0.38237,-0.07464916,-0.9209887,0,0,0,1.816023,0.03817603,-1.219737,0.5796,0.4008,1.915,0.9992667,0.008498247,0.03733468,-0.0106108,0.9983317,0.05675557,-0.03679007,-0.0571101,0.9976898,static,16.789462181228124,11.671075042908116,16.839131587459715,11.821088380307142,0.50447,0.29569113,1.954963,0.28336784136932763,0.19400120167316792,0.9391838122526088,17.207999801248913,10.934685909579384,0.14939142789742946,0.15802231270612585,0.9600901516296827
713,05/07/2023 19:59:56.953323,892,True,True,True,True,Eyes,1.314579,-0.2564644,-3.165316,0.2465501,0.1435117,0.9584454,2.016214,1.811677,0.03288597,-1.232885,-0.2947854,-0.3724456,-0.8799919,0.5746428,0.3945238,1.902315,1.311578,-0.257469,-3.174601,0.02841979,-0.01852868,0.00478146,0.9994129,3.266677,357.8897,0.4880504,0.3823786,-0.07464631,-0.9209853,0,0,0,1.816097,0.03847105,-1.219689,0.5795999,0.4008,1.915,0.9992676,0.008504142,0.03730739,-0.01061047,0.9983389,0.05662901,-0.03676384,-0.05698339,0.9976979,static,16.791450129151507,11.727856968715596,16.83912884659031,11.821088380307142,0.5045190000000002,0.29594005,1.954912,0.28334706983810726,0.194933126374919,0.9389971559509213,17.209511914776286,10.992209931896154,0.09858548262996068,0.10471559675598222,0.9078673358145805
714,05/07/2023 19:59:56.973402,893,True,True,True,True,Eyes,1.314666,-0.256461,-3.165313,0.2465423,0.1445047,0.9582981,2.01583,1.811653,0.03483582,-1.233547,-0.2939928,-0.2570486,-0.9205945,0.5746412,0.3962128,1.901593,1.311542,-0.257404,-3.174613,0.02837333,-0.0185311,0.00476111,0.9994144,3.261311,357.8893,0.4858051,0.3823883,-0.07464349,-0.9209815,0,0,0,1.816067,0.03869471,-1.219726,0.5796,0.4008,1.915,0.9992679,0.008465066,0.03731067,-0.01056822,0.9983445,0.05653697,-0.03677031,-0.05688988,0.9977031,static,16.794189347179426,11.783125443169377,16.839131587459715,11.821088380307142,0.5045250000000001,0.29609871000000004,1.9548869999999998,0.28333977636495045,0.19583922867090972,0.9388106998314587,17.21177010357998,11.048189796350757,0.05557212316600983,0.05883017556949079,0.8580394424372917
715,05/07/2023 19:59:56.993553,894,True,True,True,True,Eyes,1.31475,-0.2564578,-3.165311,0.246532,0.1454472,0.9581581,2.015777,1.811704,0.03673127,-1.233878,-0.3020089,-0.09452897,-0.9486068,0.5749131,0.3990925,1.900708,1.311418,-0.258025,-3.174323,0.02847771,-0.01855811,0.004754839,0.999411,3.273274,357.8862,0.4847792,0.3823993,-0.0746408,-0.9209772,0,0,0,1.815843,0.03765944,-1.219347,0.5796001,0.4008,1.915,0.999266,0.00844709,0.03736516,-0.01056106,0.9983328,0.05674538,-0.03682353,-0.05709834,0.9976892,static,16.80073224047251,11.85242909151833,16.839134328329035,11.821088380307142,0.5044250000000001,0.29568444,1.9549759999999998,0.2833813755883198,0.19697211325775774,0.9385610487208037,17.217640724185358,11.118343261885478,0.04963718263236707,0.0495677367948483,0.7981965880468433
716,05/07/2023 19:59:57.003666,895,True,True,True,True,Eyes,1.314845,-0.2564686,-3.165303,0.2464885,0.1463283,0.9580353,2.016273,1.811834,0.03856918,-1.233642,-0.2596515,0.104564,-0.9600248,0.5751808,0.4015847,1.900684,1.311428,-0.2579672,-3.174354,0.02864403,-0.01860142,0.00469247,0.9994056,3.292226,357.8811,0.4771342,0.3824113,-0.07463822,-0.9209724,0,0,0,1.815729,0.03700038,-1.219238,0.5796,0.4008,1.915,0.9992639,0.008313722,0.03744955,-0.010445,0.998315,0.05707942,-0.0369119,-0.05742857,0.997667,static,16.80630062049134,11.926937878538716,16.839131587459715,11.821088380307142,0.5043009999999999,0.29496758,1.955116,0.2834015891027014,0.1981912742943716,0.9382984312823224,17.222518925289542,11.193785609168144,0.10848467334956617,0.11082413395986751,0.7351833903774679
717,05/07/2023 19:59:57.013731,896,True,True,True,True,Eyes,1.314935,-0.2564805,-3.165297,0.2464457,0.1471713,0.9579171,2.016811,1.811969,0.04033622,-1.233359,-0.2508366,0.2225562,-0.9420986,0.5753474,0.4037515,1.900827,1.311434,-0.2578861,-3.174418,0.02873773,-0.01862185,0.004592475,0.999403,3.302764,357.8785,0.4653991,0.3824245,-0.07463615,-0.920967,0,0,0,1.815725,0.03660765,-1.219229,0.5796,0.4008,1.915,0.9992642,0.008109165,0.03748542,-0.01024976,0.9983061,0.05727011,-0.03695751,-0.05761219,0.9976547,static,16.80792505748225,11.991828477551472,16.839131587459715,11.821088380307142,0.504291,0.29449375,1.9551890000000003,0.28336574168472234,0.19925600657022985,0.938083655837656,17.22361396776143,11.259533074593456,0.16864468478570172,0.1735685118915228,0.6805667212975258
718,05/07/2023 19:59:57.033666,897,True,True,True,True,Eyes,1.315034,-0.2564936,-3.165292,0.2464392,0.1479833,0.9577936,2.017704,1.812275,0.04209295,-1.232748,-0.2238354,0.376579,-0.8989361,0.5757781,0.4057078,1.901325,1.311389,-0.2579239,-3.174464,0.02875601,-0.01864326,0.004535092,0.9994023,3.304747,357.8759,0.4587071,0.3824387,-0.07463456,-0.9209613,0,0,0,1.815638,0.03643567,-1.219243,0.5795999,0.4008,1.915,0.9992637,0.007992551,0.03752505,-0.01013697,0.998305,0.05730854,-0.0370034,-0.05764674,0.997651,static,16.812030775546862,12.044915132902988,16.83912884659031,11.821088380307142,0.5042490000000002,0.29435957,1.9552209999999999,0.28338177522239383,0.20012408743212148,0.9378939362623874,17.227224866789612,11.313283001778984,0.2182298264134776,0.22546112887120418,0.6391281744350369
719,05/07/2023 19:59:57.053562,898,True,True,True,True,Eyes,1.31513,-0.2565049,-3.165287,0.2464327,0.1487695,0.9576735,2.018793,1.812626,0.04382995,-1.231943,-0.1946707,0.4961943,-0.8461055,0.5762642,0.4075328,1.902017,1.311388,-0.2579687,-3.174495,0.02874958,-0.01867104,0.004509319,0.9994021,3.303968,357.8726,0.4556721,0.382454,-0.07463344,-0.920955,0,0,0,1.815547,0.03638679,-1.21925,0.5796001,0.4008,1.915,0.9992621,0.007939676,0.03757903,-0.01008681,0.9983063,0.05729638,-0.03706047,-0.05763316,0.9976497,static,16.81721310011543,12.09265135054442,16.839134328329035,11.821088380307142,0.504159,0.29435549,1.955245,0.28342048793157587,0.20090303756537684,0.9377157185839547,17.231929113679776,11.361595393050221,0.2630421142763348,0.2724463012237197,0.6045010742232172
720,05/07/2023 19:59:57.073412,899,True,True,True,True,Eyes,1.31522,-0.2565156,-3.165283,0.2464517,0.1495233,0.9575512,2.019802,1.813003,0.04549176,-1.23122,-0.1709006,0.5818835,-0.795113,0.5766588,0.4088603,1.902691,1.31142,-0.2579404,-3.174484,0.02866323,-0.01867205,0.004518706,0.9994044,3.294092,357.8725,0.4569274,0.3824701,-0.07463269,-0.9209484,0,0,0,1.815568,0.03676121,-1.21929,0.5796,0.4008,1.915,0.9992619,0.007961627,0.03758091,-0.01010243,0.998316,0.05712358,-0.03706283,-0.05746108,0.9976596,static,16.820861769662336,12.128033552880424,16.839131587459715,11.821088380307142,0.504148,0.29470161,1.955194,0.2834458783417177,0.20148049421329486,0.9375841310516507,17.235227709507193,11.397407271819985,0.29648081353282335,0.307488414754754,0.5799981203331238
721,05/07/2023 19:59:57.093341,900,True,True,True,True,Eyes,1.315304,-0.2565259,-3.16528,0.2464775,0.1502486,0.957431,2.020873,1.813404,0.04710743,-1.230433,-0.1591442,0.6603352,-0.7339146,0.5768823,0.4100802,1.903546,1.311431,-0.2579393,-3.174505,0.02854295,-0.01862188,0.004496372,0.999409,3.280234,357.8781,0.4547836,0.3824869,-0.07463226,-0.9209415,0,0,0,1.815789,0.03720886,-1.219432,0.5796001,0.4008,1.915,0.999266,0.007924384,0.03747843,-0.01005048,0.9983302,0.0568847,-0.03696507,-0.05721962,0.997677,static,16.818071359734958,12.158496688378786,16.839134328329035,11.821088380307142,0.5043580000000001,0.29514816,1.9550729999999998,0.283370224594898,0.20198366695423497,0.9374987112876302,17.23226775219898,11.428320938636311,0.32602894825241646,0.33806510467920947,0.5557158916212084
722,05/07/2023 19:59:57.103599,901,True,True,True,True,Eyes,1.315371,-0.2565374,-3.165279,0.2465053,0.150923,0.9573178,2.022585,1.813949,0.04871711,-1.229023,-0.1448674,0.7618896,-0.6312984,0.5771669,0.4116836,1.904988,1.311376,-0.2579431,-3.174521,0.02850446,-0.01853291,0.004440248,0.9994121,3.275664,357.8881,0.4487181,0.3825042,-0.0746321,-0.9209343,0,0,0,1.81612,0.03729849,-1.219561,0.5796001,0.4008,1.915,0.9992737,0.007818734,0.03729715,-0.009931817,0.9983356,0.05681083,-0.03679088,-0.05713999,0.9976881,static,16.810655686205045,12.196144918120604,16.839134328329035,11.821088380307142,0.5047439999999999,0.29524159,1.95496,0.28321150213471646,0.20260955233865427,0.9374116488574575,17.224730725389076,11.466579861182886,0.3630662576129217,0.3761361982232595,0.5237946845447725
723,05/07/2023 19:59:57.113785,902,True,True,True,True,Eyes,1.315433,-0.2565483,-3.165277,0.2465331,0.1515738,0.9572079,2.025229,1.814719,0.05042347,-1.226711,-0.09330822,0.8743176,-0.4763007,0.5780751,0.4133763,1.907198,1.311367,-0.2580143,-3.17452,0.0284658,-0.01853058,0.004493084,0.999413,3.271343,357.8885,0.4548675,0.3825214,-0.07463224,-0.9209272,0,0,0,1.816082,0.03743495,-1.219584,0.5796001,0.4008,1.915,0.9992728,0.007925916,0.0372952,-0.01003587,0.9983391,0.05673166,-0.0367836,-0.05706469,0.9976926,static,16.81526612206891,12.229456003787226,16.839134328329035,11.821088380307142,0.504715,0.29544925,1.9549359999999998,0.283254452793577,0.20315184937341002,0.9372813831146088,17.228985452901245,11.500279503395149,0.3944164393341159,0.4090645513569311,0.5048784357008641
724,05/07/2023 19:59:57.133700,903,True,True,True,True,Eyes,1.315482,-0.2565579,-3.165276,0.2465483,0.1522019,0.9571042,0.0,0.0,0.0,0.0,0.0,0.0,0.0,-1.189769,0.4508432,3.200769,1.311319,-0.2579756,-3.174527,0.02848828,-0.01855964,0.004451226,0.999412,3.273844,357.8851,0.4499236,0.3825384,-0.07463264,-0.9209201,0,0,0,1.815951,0.03733955,-1.21955,0.5796001,0.4008,1.915,0.9992714,0.007839752,0.03735106,-0.009954681,0.9983372,0.05677782,-0.03684383,-0.05710828,0.9976879,static,16.821228712086228,12.271547845779926,16.839134328329035,11.821088380307142,0.5046320000000002,0.29531515,1.954977,0.28331076118934395,0.20383680074344815,0.9371155230339161,17.234495528341686,11.54286046562696,0.43416186968641063,0.4508151962024585,0.4834472577052496
725,05/07/2023 19:59:57.153570,904,True,True,True,True,Eyes,1.31553,-0.2565668,-3.165276,0.2465573,0.1528117,0.9570047,0.0,0.0,0.0,0.0,0.0,0.0,0.0,-1.189066,0.4512089,3.201014,1.311313,-0.2579556,-3.174567,0.02855869,-0.01867088,0.004423571,0.9994079,3.281905,357.8723,0.4462382,0.3825549,-0.07463323,-0.9209132,0,0,0,1.815531,0.0370502,-1.219436,0.5796,0.4008,1.915,0.9992636,0.007775472,0.03757231,-0.009908335,0.9983296,0.05691837,-0.03706698,-0.05724874,0.9976716,static,16.836835106663067,12.318085102590059,16.839131587459715,11.821088380307142,0.504218,0.2950058,1.9551310000000002,0.28352081606148366,0.2045846394562402,0.9368889933288045,17.24940124563312,11.58981603193177,0.47758291602413877,0.49700202794758547,0.4709650640342466
726,05/07/2023 19:59:57.173806,905,True,True,True,True,Eyes,1.315584,-0.2565778,-3.165276,0.2465399,0.1534119,0.9569132,0.0,0.0,0.0,0.0,0.0,0.0,0.0,-1.188622,0.4507519,3.201266,1.311325,-0.2579469,-3.174586,0.02847576,-0.01873855,0.0044536,0.9994091,3.272495,357.8645,0.4496356,0.382571,-0.07463398,-0.9209064,0,0,0,1.815259,0.03741087,-1.219435,0.5796002,0.4008,1.915,0.999258,0.007834747,0.03770858,-0.009969124,0.9983386,0.05675095,-0.0372013,-0.05708477,0.997676,static,16.845850829639275,12.344261837108608,16.839137069198276,11.821088380307142,0.5039339999999999,0.29535776999999996,1.955151,0.2836427639204147,0.20500495535996807,0.9367602449086457,17.258017570216566,11.616224837481358,0.5022242607024974,0.523216533072928,0.46629384009706276
727,05/07/2023 19:59:57.184385,906,True,True,True,True,Eyes,1.315635,-0.2565872,-3.165277,0.2465277,0.1539762,0.9568257,0.0,0.0,0.0,0.0,0.0,0.0,0.0,-1.188152,0.4503939,3.201503,1.311331,-0.2580149,-3.17459,0.02840127,-0.0188106,0.004471484,0.9994096,3.264028,357.8563,0.4516091,0.3825867,-0.07463492,-0.9208998,0,0,0,1.814972,0.03764873,-1.21941,0.5796001,0.4008,1.915,0.9992523,0.007869199,0.03785298,-0.01000618,0.9983467,0.05660077,-0.03734499,-0.05693722,0.9976791,static,16.855376194921142,12.369662386330615,16.839134328329035,11.821088380307142,0.503641,0.29566363,1.9551799999999997,0.28377375260579757,0.20541191979622098,0.9366314097615317,17.267138108808258,11.641840020241556,0.5262460279588733,0.5488143933198526,0.4640228557848295
728,05/07/2023 19:59:57.203458,907,True,True,True,True,Eyes,1.315656,-0.2565978,-3.165274,0.2465305,0.1545002,0.9567405,0.0,0.0,0.0,0.0,0.0,0.0,0.0,-1.18854,0.450962,3.201224,1.311351,-0.2579715,-3.174529,0.02852873,-0.01876227,0.00439378,0.9994072,3.278449,357.8616,0.4425837,0.3826022,-0.074636,-0.9208933,0,0,0,1.815235,0.03711439,-1.219324,0.5796,0.4008,1.915,0.9992573,0.007711824,0.03775298,-0.009852878,0.9983336,0.05685876,-0.03725158,-0.05718851,0.9976681,static,16.851325824822045,12.418210178961933,16.839131587459715,11.821088380307142,0.503884,0.29508589,1.955205,0.2836587097961929,0.20621278962992468,0.9364902590632449,17.262808722703223,11.691100417177534,0.5730201934960061,0.5972462991543626,0.443169477160522
729,05/07/2023 19:59:57.223748,908,True,True,True,True,Eyes,1.315672,-0.2566077,-3.165272,0.2465509,0.1549932,0.9566555,0.0,0.0,0.0,0.0,0.0,0.0,0.0,-1.189091,0.4516338,3.200913,1.311356,-0.2580156,-3.174512,0.0286386,-0.01868013,0.004367152,0.9994057,3.290949,357.871,0.4395672,0.3826167,-0.07463727,-0.9208872,0,0,0,1.815579,0.03661776,-1.219326,0.5796,0.4007999,1.915,0.9992639,0.007659168,0.03758819,-0.009799059,0.9983215,0.05708,-0.03708791,-0.05740632,0.9976618,static,16.84522267780205,12.461105122589748,16.839131587459715,11.821085513920774,0.5042230000000001,0.29463336,1.955186,0.28351550360379135,0.2069229809064339,0.9363769664010237,17.2565151621335,11.734659287455619,0.6145153209366421,0.6400485925789889,0.4262376579192334
730,05/07/2023 19:59:57.233558,909,True,True,True,True,Eyes,1.315693,-0.2566198,-3.165268,0.2465877,0.15549,0.9565654,0.0,0.0,0.0,0.0,0.0,0.0,0.0,-1.190451,0.4522687,3.200275,1.311245,-0.2580046,-3.174516,0.02875993,-0.01845601,0.004321179,0.9994068,3.30466,357.8966,0.4347795,0.3826301,-0.07463869,-0.9208815,0,0,0,1.816373,0.03611761,-1.219487,0.5796002,0.4008,1.915,0.9992813,0.007575644,0.03713868,-0.009698818,0.9983084,0.05732622,-0.03664157,-0.05764523,0.9976645,static,16.823465734781315,12.505346563599058,16.839137069198276,11.821088380307142,0.505128,0.29412221,1.9550290000000001,0.2831140003716891,0.20767163556323173,0.9363327148746224,17.234905533808583,11.779795570139587,0.6585099270877315,0.6844376174088931,0.3979167924975432
731,05/07/2023 19:59:57.253552,910,True,True,True,True,Eyes,1.315714,-0.256627,-3.165268,0.2466248,0.1559764,0.9564767,0.0,0.0,0.0,0.0,0.0,0.0,0.0,-1.191207,0.4527638,3.199875,1.311202,-0.2580729,-3.174478,0.02879038,-0.01832083,0.004417972,0.9994079,3.308293,357.9125,0.4462678,0.3826427,-0.0746403,-0.9208761,0,0,0,1.816788,0.03604203,-1.219567,0.5796002,0.4008,1.915,0.9992897,0.007775784,0.03687436,-0.009885638,0.9983032,0.05738477,-0.03636558,-0.05770854,0.9976709,static,16.8141630533364,12.53457231497114,16.839137069198276,11.821088380307142,0.5055860000000001,0.29411493,1.954911,0.28293190435532295,0.20816089253819453,0.9362791716632718,17.225587470872927,11.809543570133895,0.6874242473840174,0.7139208825156252,0.38662280791028775
732,05/07/2023 19:59:57.273666,911,True,True,True,True,Eyes,1.315717,-0.2566374,-3.16527,0.2466693,0.1564447,0.9563887,0.0,0.0,0.0,0.0,0.0,0.0,0.0,-1.191366,0.4520162,3.19998,1.311184,-0.2579677,-3.174555,0.02867527,-0.0182893,0.004452568,0.9994116,3.295158,357.9162,0.4505784,0.3826546,-0.07464195,-0.920871,0,0,0,1.816868,0.03663413,-1.219741,0.5796001,0.4008,1.915,0.9992913,0.007850994,0.03681244,-0.009948798,0.9983158,0.05715393,-0.03630172,-0.05747967,0.9976864,static,16.814889094510665,12.54849415370639,16.839134328329035,11.821088380307142,0.505684,0.29460183,1.9548139999999998,0.28292973601454446,0.2083885159193039,0.9362291515008281,17.226191542040873,11.82364411453969,0.7007259638894233,0.7278097213815334,0.3870656513614181
733,05/07/2023 19:59:57.293430,912,True,True,True,True,Eyes,1.315715,-0.2566524,-3.165274,0.2466906,0.1568971,0.956309,0.0,0.0,0.0,0.0,0.0,0.0,0.0,-1.191322,0.4513145,3.200095,1.311135,-0.2580188,-3.17457,0.02852275,-0.0182792,0.004539444,0.9994156,3.277853,357.9175,0.4608921,0.3826654,-0.07464372,-0.9208664,0,0,0,1.816797,0.0372711,-1.219854,0.5795999,0.4008,1.915,0.9992905,0.008030837,0.036796,-0.01011633,0.9983317,0.05684621,-0.03627809,-0.05717812,0.9977047,static,16.817413175969882,12.555592721548075,16.83912884659031,11.821088380307142,0.5056620000000001,0.2952899,1.9547160000000001,0.2829639378672831,0.2085022934386337,0.9361933876583621,17.228605554476033,11.830804538872815,0.7073095000222784,0.7348252837595292,0.389597882081993
734,05/07/2023 19:59:57.303467,913,True,True,True,True,Eyes,1.315699,-0.2566593,-3.165281,0.2466881,0.1573521,0.9562349,0.0,0.0,0.0,0.0,0.0,0.0,0.0,-1.190147,0.4520359,3.20044,1.311025,-0.2581218,-3.174616,0.02851114,-0.01841368,0.004813744,0.9994123,3.27716,357.903,0.4919407,0.3826749,-0.07464575,-0.9208622,0,0,0,1.815971,0.03750329,-1.219767,0.5796001,0.4008,1.915,0.9992755,0.008571838,0.0370802,-0.01067182,0.9983279,0.0568115,-0.03653122,-0.05716605,0.9976961,static,16.839990163610057,12.574064211318738,16.839134328329035,11.821088380307142,0.5049459999999999,0.29562509000000003,1.9548489999999998,0.2833155643320305,0.20878150484387936,0.936024818194677,17.250540267722435,11.849219485789877,0.723347994471319,0.752976317384307,0.41236659183770846
735,05/07/2023 19:59:57.313598,914,True,True,True,True,Eyes,1.315692,-0.2566653,-3.165288,0.2466676,0.1578219,0.9561628,0.0,0.0,0.0,0.0,0.0,0.0,0.0,-1.186876,0.4523306,3.201732,1.311078,-0.2579983,-3.174725,0.0284174,-0.0188862,0.005209934,0.9994041,3.267501,357.8501,0.536037,0.3826831,-0.07464777,-0.9208586,0,0,0,1.813905,0.03839555,-1.219445,0.5796,0.4008,1.915,0.9992323,0.009340266,0.03804599,-0.01148705,0.9983306,0.05660415,-0.03745378,-0.05699773,0.9976715,static,16.9023781283926,12.58212334855584,16.839131587459715,11.821088380307142,0.5028270000000001,0.29639385,1.9552800000000001,0.28433051004113646,0.20884772772546867,0.9357022735875262,17.311480163156087,11.856540162848182,0.7298592601799121,0.7636585282947288,0.473677111382563
736,05/07/2023 19:59:57.343501,915,True,True,True,True,Eyes,1.31566,-0.2566702,-3.165287,0.24671,0.1582751,0.956077,0.0,0.0,0.0,0.0,0.0,0.0,0.0,-1.185434,0.4485821,3.202908,1.311286,-0.2579913,-3.174755,0.02791654,-0.01916982,0.004981291,0.9994141,3.209746,357.8166,0.5099618,0.3826901,-0.07464975,-0.9208555,0,0,0,1.813166,0.04009128,-1.219489,0.5796,0.4008,1.915,0.9992154,0.008886434,0.03859529,-0.01102705,0.9983917,0.05560938,-0.03803904,-0.05599133,0.9977064,static,16.93108740155936,12.560751745624406,16.839131587459715,11.821088380307142,0.5018800000000001,0.29808258,1.9552660000000002,0.28482300485531376,0.20846690932391776,0.9356374644760292,17.33971372820694,11.834489031534874,0.7106443470358086,0.74535747513471,0.5007614772408154
737,05/07/2023 19:59:57.353729,916,True,True,True,True,Eyes,1.315622,-0.2566761,-3.165281,0.2467681,0.1586947,0.9559924,0.0,0.0,0.0,0.0,0.0,0.0,0.0,-1.18738,0.4462407,3.202337,1.311399,-0.2579606,-3.174532,0.02786358,-0.01897356,0.004197679,0.9994227,3.201881,357.8365,0.4208204,0.3826957,-0.07465171,-0.920853,0,0,0,1.814596,0.03949231,-1.219509,0.5796,0.4008,1.915,0.9992447,0.007333169,0.03815915,-0.009447854,0.998412,0.0555357,-0.0376913,-0.05585428,0.9977272,static,16.89728865902987,12.603460773169873,16.839131587459715,11.821088380307142,0.5031970000000001,0.29745290999999996,1.9550230000000002,0.2842253235457311,0.20920298372419147,0.9356548770244721,17.306341623417723,11.878235747633147,0.7502056775084239,0.7845309465453685,0.47069208543609087
738,05/07/2023 19:59:57.363592,917,True,True,True,True,Eyes,1.315601,-0.2566884,-3.165272,0.2468225,0.1590683,0.9559163,0.0,0.0,0.0,0.0,0.0,0.0,0.0,-1.188139,0.4458979,3.201962,1.311243,-0.2579064,-3.174459,0.02793066,-0.01886293,0.003915211,0.9994242,3.208916,357.8484,0.3886311,0.3826998,-0.07465369,-0.9208512,0,0,0,1.81507,0.03898546,-1.219512,0.5796001,0.4008,1.915,0.9992577,0.006772205,0.03792285,-0.008879622,0.9984092,0.05568146,-0.03748544,-0.05597686,0.9977282,static,16.883973634903555,12.642082117020317,16.839134328329035,11.821088380307142,0.503827,0.29689186,1.9549470000000002,0.2839675994441285,0.20985035406748467,0.9355881970934223,17.293028983681054,11.917561115247853,0.7871996975296798,0.8222172943549331,0.46403377758959485
739,05/07/2023 19:59:57.389197,918,True,True,True,True,Eyes,1.315583,-0.2566988,-3.165268,0.2468789,0.1593839,0.9558492,0.0,0.0,0.0,0.0,0.0,0.0,0.0,-1.188704,0.4488422,3.201254,1.311257,-0.258148,-3.174345,0.02831787,-0.01876573,0.004015743,0.9994148,3.253474,357.86,0.3996537,0.3827031,-0.07465585,-0.9208497,0,0,0,1.815392,0.03734995,-1.219267,0.5796,0.4008,1.915,0.9992634,0.006963975,0.03773693,-0.009089597,0.9983639,0.05645188,-0.03728205,-0.05675332,0.9976919,static,16.882256105489642,12.70225052087021,16.839131587459715,11.821088380307142,0.504135,0.29549795,1.955078,0.2838778158663584,0.2108385873952616,0.9353932797006703,17.29089224460874,11.978567828755528,0.8449467107085125,0.882216777224851,0.47842185154038336
740,05/07/2023 19:59:57.403397,919,True,True,True,True,Eyes,1.315587,-0.2567047,-3.165264,0.2469318,0.1596454,0.9557918,0.0,0.0,0.0,0.0,0.0,0.0,0.0,-1.189153,0.4525827,3.200679,1.311323,-0.2581027,-3.17444,0.02889705,-0.01870006,0.004055653,0.9993993,3.319917,357.8678,0.4032218,0.3827056,-0.07465813,-0.9208484,0,0,0,1.815688,0.03518713,-1.219089,0.5796002,0.4008,1.915,0.9992678,0.00702568,0.03761204,-0.009187186,0.998297,0.0576077,-0.03714325,-0.05791106,0.9976305,static,16.883940863414917,12.783341168431164,16.839137069198276,11.821088380307142,0.504365,0.29328983000000003,1.955351,0.2838218745483216,0.21216588022968816,0.935110001729143,17.291923117631104,12.060733951178053,0.9227440340899601,0.9632952861032082,0.5122940613490062
741,05/07/2023 19:59:57.413820,920,True,True,True,True,Eyes,1.315586,-0.2567061,-3.165261,0.2469972,0.1598815,0.9557354,0.0,0.0,0.0,0.0,0.0,0.0,0.0,-1.190761,0.4538717,3.199891,1.311327,-0.257997,-3.174441,0.02919768,-0.01847247,0.003852978,0.9993956,3.353857,357.8933,0.3801003,0.382708,-0.07466036,-0.9208472,0,0,0,1.816719,0.03391404,-1.219149,0.5796002,0.4008,1.915,0.9992878,0.006622592,0.03714761,-0.008780005,0.9982653,0.05821772,-0.03669762,-0.05850241,0.9976125,static,16.860597637204744,12.837361553808497,16.839137069198276,11.821088380307142,0.5053920000000001,0.29191103999999995,1.9552919999999998,0.2833834068150337,0.2130762428817274,0.9350359485734024,17.268688129604538,12.115803184710197,0.9753082948220281,1.016499738887166,0.5209327494317042
742,05/07/2023 19:59:57.433728,921,True,True,True,True,Eyes,1.315617,-0.2567129,-3.165262,0.2470082,0.160109,0.9556946,0.0,0.0,0.0,0.0,0.0,0.0,0.0,-1.191707,0.4536122,3.199553,1.311224,-0.2578842,-3.174469,0.02930445,-0.01834569,0.00352492,0.999396,3.365359,357.9068,0.3426694,0.3827102,-0.07466241,-0.9208462,0,0,0,1.817338,0.03326196,-1.21925,0.5796002,0.4008,1.915,0.999302,0.005970361,0.03687581,-0.008120802,0.9982576,0.05844415,-0.03646263,-0.05870282,0.9976094,static,16.841504980499362,12.87288115748105,16.839137069198276,11.821088380307142,0.506114,0.29114616,1.9552190000000003,0.2830337108617412,0.21367889724244846,0.9350044698323553,17.24974986554768,12.15206329593056,1.0104267071429598,1.0517954426213931,0.5273966849514761
743,05/07/2023 19:59:57.453717,922,True,True,True,True,Eyes,1.315643,-0.2567199,-3.165266,0.247015,0.1603401,0.955654,0.0,0.0,0.0,0.0,0.0,0.0,0.0,-1.191636,0.453792,3.199642,1.311109,-0.2580237,-3.174594,0.02931857,-0.0183405,0.003502758,0.9993958,3.36693,357.9073,0.340115,0.3827129,-0.07466442,-0.9208449,0,0,0,1.817259,0.03304366,-1.219373,0.5796002,0.4008,1.915,0.9993027,0.005925847,0.03686423,-0.008076716,0.9982563,0.05847323,-0.03645345,-0.0587302,0.9976081,static,16.84184704978361,12.88918087505022,16.839137069198276,11.821088380307142,0.5061499999999999,0.29106736,1.9552209999999999,0.2830223521839054,0.21394560826549042,0.9349468169244753,17.2499604238753,12.168579144043363,1.0260718087412426,1.0680959326396045,0.5380758864974964
744,05/07/2023 19:59:57.473332,923,True,True,True,True,Eyes,1.315672,-0.2567253,-3.165275,0.2470216,0.1605532,0.9556166,0.0,0.0,0.0,0.0,0.0,0.0,0.0,-1.191296,0.453442,3.199836,1.310996,-0.258039,-3.174657,0.02919688,-0.01835769,0.003664725,0.9993985,3.353326,357.9059,0.3588911,0.3827159,-0.0746664,-0.9208434,0,0,0,1.816966,0.03367676,-1.219485,0.5796001,0.4008,1.915,0.9992992,0.006253067,0.0369073,-0.008397017,0.9982682,0.05822408,-0.0364793,-0.05849319,0.9976211,static,16.847522195997826,12.883157361909545,16.839134328329035,11.821088380307142,0.50597,0.29171576,1.955172,0.28312163230083287,0.21384080150893342,0.9349408216703816,17.25555520832159,12.162396938912904,1.0199529959426143,1.0621021033808353,0.5384216576915495
745,05/07/2023 19:59:57.489105,924,True,True,True,True,Eyes,1.315699,-0.2567304,-3.165279,0.2470284,0.1607781,0.955577,0.0,0.0,0.0,0.0,0.0,0.0,0.0,-1.190179,0.4526125,3.200486,1.310942,-0.2580136,-3.1748,0.02898716,-0.01849955,0.003870642,0.9994011,3.329774,357.8902,0.3824762,0.3827193,-0.0746683,-0.9208419,0,0,0,1.816217,0.03473478,-1.219602,0.5796001,0.4008,1.915,0.9992856,0.006664148,0.03720134,-0.008809146,0.9982895,0.05779639,-0.03675254,-0.0580828,0.997635,static,16.867893601459926,12.867110505506407,16.839134328329035,11.821088380307142,0.5052749999999999,0.29274838000000003,1.9551979999999998,0.2834721075137095,0.21355588213092772,0.9348997166777768,17.275595768244226,12.145855957875867,1.0036044238739021,1.0464174034281941,0.5440336092308088
746,05/07/2023 19:59:57.503383,925,True,True,True,True,Eyes,1.315726,-0.2567354,-3.165282,0.2470216,0.1610127,0.9555392,0.0,0.0,0.0,0.0,0.0,0.0,0.0,-1.190325,0.4518597,3.200391,1.310905,-0.258018,-3.174666,0.02878296,-0.01844754,0.004091476,0.9994071,3.306813,357.8969,0.4084089,0.3827229,-0.07467013,-0.9208403,0,0,0,1.816226,0.03576653,-1.219636,0.5796002,0.4008,1.915,0.9992859,0.007116151,0.03710873,-0.009240049,0.9983096,0.05738084,-0.03663767,-0.05768274,0.9976624,static,16.86548808884168,12.85058430393676,16.839137069198276,11.821088380307142,0.5053209999999999,0.29378453000000004,1.9550300000000003,0.28344983977137084,0.21328766534802918,0.9349676375727991,17.273369355999222,12.129138592579167,0.9878171027021606,1.0298331092979325,0.5324026786007171
747,05/07/2023 19:59:57.523376,926,True,True,True,True,Eyes,1.315755,-0.2567382,-3.165284,0.2470081,0.1612477,0.9555031,0.0,0.0,0.0,0.0,0.0,0.0,0.0,-1.190112,0.4514825,3.200502,1.310871,-0.258027,-3.174658,0.02863413,-0.01845049,0.004316005,0.9994105,3.290228,357.8972,0.4344661,0.3827269,-0.07467189,-0.9208385,0,0,0,1.816023,0.03657952,-1.219708,0.5796,0.4008,1.915,0.9992819,0.007570293,0.03712639,-0.009683548,0.9983229,0.05707523,-0.03663205,-0.05739376,0.9976794,static,16.869494809580384,12.840670689880241,16.839131587459715,11.821088380307142,0.505152,0.29460652,1.95495,0.28352579282259727,0.2131209077246402,0.9349826735429128,17.277362373722536,12.119036263213076,0.9781517884717298,1.0200343186638205,0.5299237331509681
748,05/07/2023 19:59:57.533759,927,True,True,True,True,Eyes,1.315819,-0.2567425,-3.165285,0.2469837,0.1614738,0.9554712,0.0,0.0,0.0,0.0,0.0,0.0,0.0,-1.189692,0.4515398,3.200662,1.310906,-0.2580371,-3.174655,0.02853405,-0.01849113,0.004588949,0.9994112,3.279351,357.8934,0.4658516,0.3827311,-0.07467353,-0.9208366,0,0,0,1.815708,0.03725205,-1.219718,0.5795999,0.4008,1.915,0.999274,0.008117241,0.03722236,-0.01022775,0.9983295,0.05686481,-0.03669859,-0.05720422,0.9976878,static,16.878518925191514,12.834534968631026,16.83912884659031,11.821088380307142,0.5048020000000002,0.29528915,1.954937,0.28368002425822486,0.21301064286757956,0.9349609938620773,17.286232537203333,12.112694830090724,0.9719991066194635,1.014211795276277,0.5337939974514241
749,05/07/2023 19:59:57.553799,928,True,True,True,True,Eyes,1.315879,-0.2567528,-3.165286,0.2469638,0.1616835,0.9554409,0.0,0.0,0.0,0.0,0.0,0.0,0.0,-1.190192,0.4509451,3.200523,1.31093,-0.2580272,-3.174609,0.0284683,-0.01842464,0.004524283,0.9994147,3.271647,357.9008,0.4587884,0.3827365,-0.07467507,-0.9208342,0,0,0,1.816036,0.03745112,-1.219778,0.5796002,0.4008,1.915,0.9992801,0.007994232,0.03708532,-0.01009231,0.9983382,0.05673656,-0.03657012,-0.05706999,0.9977002,static,16.86864943598217,12.841218758556364,16.839137069198276,11.821088380307142,0.505106,0.29547832,1.9548309999999998,0.2835113699808704,0.21313079789875794,0.9349847871244267,17.276531625399823,12.11960324090532,0.9787069595380594,1.0205571852767918,0.529551810300652
750,05/07/2023 19:59:57.573723,929,True,True,True,True,Eyes,1.315948,-0.2567522,-3.165292,0.2469006,0.1618826,0.9554235,0.0,0.0,0.0,0.0,0.0,0.0,0.0,-1.190542,0.4524809,3.200176,1.310877,-0.2581811,-3.174618,0.02861623,-0.01834143,0.004702441,0.9994112,3.288937,357.911,0.4791928,0.3827428,-0.0746767,-0.9208315,0,0,0,1.816183,0.03691819,-1.219782,0.5796002,0.4008,1.915,0.999283,0.008349619,0.03693039,-0.01044907,0.998318,0.05702626,-0.03639212,-0.05737126,0.9976894,static,16.860825753343217,12.864129910975505,16.839137069198276,11.821088380307142,0.505306,0.29509929,1.9548360000000002,0.2833593799880129,0.21351465469318856,0.9349432607487084,17.268707687317924,12.142931017263423,1.0010174772972715,1.0432670002060551,0.5367621437048903
751,05/07/2023 19:59:57.589417,930,True,True,True,True,Eyes,1.316019,-0.2567497,-3.165292,0.2468341,0.1620814,0.955407,0.0,0.0,0.0,0.0,0.0,0.0,0.0,-1.189322,0.4515076,3.200833,1.310886,-0.2579675,-3.174698,0.02848045,-0.0185288,0.004738882,0.9994114,3.273541,357.8896,0.4830391,0.3827501,-0.07467809,-0.9208283,0,0,0,1.815436,0.03769042,-1.219751,0.5796,0.4008,1.915,0.9992685,0.008416767,0.03730571,-0.0105276,0.9983327,0.05675177,-0.03676585,-0.05710299,0.9976911,static,16.878926280439618,12.860376350294233,16.839131587459715,11.821088380307142,0.50455,0.29565792,1.9549469999999998,0.2836598737711656,0.21343363591778433,0.9348706583633968,17.286434396450275,12.138880696159855,0.9968014813358808,1.040049567159784,0.5487000628265652
752,05/07/2023 19:59:57.603548,931,True,True,True,True,Eyes,1.316126,-0.2567489,-3.165288,0.2467492,0.162292,0.9553932,0.0,0.0,0.0,0.0,0.0,0.0,0.0,-1.188566,0.4503285,3.201259,1.311028,-0.2579428,-3.174621,0.02831959,-0.01867539,0.004684997,0.9994135,3.25506,357.8725,0.4767157,0.3827585,-0.0746792,-0.9208248,0,0,0,1.815045,0.03827578,-1.219621,0.5796,0.4008,1.915,0.9992585,0.008306739,0.03759423,-0.01042226,0.9983521,0.05643097,-0.03706352,-0.05678096,0.9976985,static,16.889192477715504,12.856963255021865,16.839131587459715,11.821088380307142,0.5040169999999999,0.29621858,1.955,0.2838316355979425,0.21336664041139508,0.9348338392271811,17.296498334836723,12.135281891432955,0.9933201277681861,1.0370838195625491,0.5548890916568742
753,05/07/2023 19:59:57.623293,932,True,True,True,True,Eyes,1.31623,-0.2567525,-3.16528,0.246673,0.1624824,0.9553806,0.0,0.0,0.0,0.0,0.0,0.0,0.0,-1.188914,0.449264,3.201198,1.311088,-0.2579195,-3.174516,0.02829481,-0.01867054,0.00433321,0.999416,3.251468,357.8719,0.4364296,0.3827687,-0.0746801,-0.9208204,0,0,0,1.81537,0.03801567,-1.219542,0.5796,0.4008,1.915,0.9992653,0.007604799,0.03756448,-0.009717917,0.9983612,0.05639476,-0.03707406,-0.05671838,0.9977016,static,16.8772481129464,12.87636476264269,16.839131587459715,11.821088380307142,0.5042819999999999,0.29593517,1.9549740000000002,0.2836157791534423,0.21369743356435986,0.9348238800963057,17.28467199178398,12.15510846995747,1.012198113706791,1.0559645413698215,0.5568443877560804
754,05/07/2023 19:59:57.643621,933,True,True,True,True,Eyes,1.316361,-0.2567586,-3.165272,0.2465974,0.1626075,0.9553787,0.0,0.0,0.0,0.0,0.0,0.0,0.0,-1.189212,0.4492046,3.201014,1.311088,-0.2580218,-3.174425,0.02837618,-0.0186545,0.004063651,0.999415,3.260215,357.8729,0.4053888,0.3827806,-0.07468094,-0.9208154,0,0,0,1.815623,0.03730617,-1.219424,0.5796001,0.4008,1.915,0.999271,0.007063859,0.03751779,-0.009181233,0.9983566,0.05656755,-0.03705655,-0.05687077,0.9976935,static,16.86628040841021,12.901411413832019,16.839134328329035,11.821088380307142,0.504535,0.29532797,1.9550009999999998,0.28340996664288903,0.2141196242965984,0.9347895562399381,17.27375768579347,12.180643385758243,1.0366155706319127,1.0806640395738938,0.5640720386604884
755,05/07/2023 19:59:57.654035,934,True,True,True,True,Eyes,1.316486,-0.2567611,-3.165267,0.2465267,0.1627203,0.9553778,0.0,0.0,0.0,0.0,0.0,0.0,0.0,-1.189808,0.4512838,3.200521,1.311093,-0.2580846,-3.174439,0.0287474,-0.01857686,0.003926958,0.9994065,3.302442,357.8814,0.3891823,0.3827945,-0.07468178,-0.9208096,0,0,0,1.816026,0.03565434,-1.219302,0.5796,0.4008,1.915,0.999279,0.006781183,0.03735746,-0.008917328,0.9983163,0.05731477,-0.0369059,-0.05760657,0.997657,static,16.85336446457567,12.954612874322466,16.839131587459715,11.821088380307142,0.5049329999999999,0.29373894,1.955137,0.2831428468779952,0.21500522310206757,0.9346672845876625,17.26072442017151,12.234740934171906,1.0883143197392178,1.133613846653125,0.5906343639789321
756,05/07/2023 19:59:57.673508,935,True,True,True,True,Eyes,1.316631,-0.2567645,-3.165263,0.2464386,0.1627992,0.9553871,0.0,0.0,0.0,0.0,0.0,0.0,0.0,-1.189975,0.4517035,3.200417,1.311099,-0.2580456,-3.174457,0.02884511,-0.01855889,0.003861745,0.9994041,3.313496,357.8833,0.3815557,0.3828103,-0.07468252,-0.920803,0,0,0,1.816148,0.03524333,-1.219283,0.5796002,0.4008,1.915,0.9992813,0.00664822,0.03731845,-0.008789553,0.9983061,0.05751251,-0.03687288,-0.05779919,0.997647,static,16.84561652694548,12.972341104241865,16.839137069198276,11.821088380307142,0.5050490000000001,0.29328893,1.955174,0.2829973763640986,0.2153040544787268,0.9346425643170058,17.253013942922077,12.252814556786864,1.10577592520878,1.1512709575681208,0.5980648443615355
757,05/07/2023 19:59:57.689032,936,True,True,True,True,Eyes,1.316769,-0.2567667,-3.165264,0.2463488,0.1628794,0.9553965,0.0,0.0,0.0,0.0,0.0,0.0,0.0,-1.190231,0.4516563,3.200328,1.31108,-0.2580486,-3.174464,0.02885126,-0.01851995,0.003826668,0.9994048,3.314112,357.8877,0.3776481,0.3828281,-0.07468317,-0.9207956,0,0,0,1.816305,0.03518026,-1.219326,0.5796001,0.4008,1.915,0.9992847,0.006580133,0.03723866,-0.008717428,0.998306,0.05752644,-0.03679704,-0.05780992,0.9976493,static,16.835310842376174,12.978523507956908,16.839134328329035,11.821088380307142,0.505225,0.29322886000000004,1.955138,0.2828220519556165,0.2154164983162374,0.9346696323294319,17.24289034326632,12.259220716438993,1.1123623295726566,1.1574414429086517,0.5958010268222029
758,05/07/2023 19:59:57.703283,937,True,True,True,True,Eyes,1.316902,-0.2567692,-3.165261,0.2462517,0.1629213,0.9554144,0.0,0.0,0.0,0.0,0.0,0.0,0.0,-1.190039,0.4507765,3.200586,1.311028,-0.2580042,-3.174552,0.02876567,-0.0185548,0.003707606,0.9994072,3.304062,357.8833,0.3640538,0.3828476,-0.0746837,-0.9207875,0,0,0,1.816201,0.03542744,-1.21943,0.5796001,0.4008,1.915,0.999284,0.006343334,0.0373009,-0.008478299,0.9983176,0.05735964,-0.03687429,-0.05763481,0.9976565,static,16.83047353729256,12.974853517536712,16.839134328329035,11.821088380307142,0.5051729999999999,0.29343164,1.9551219999999998,0.2827466475992364,0.21536162306722775,0.9347051032572693,17.2381884638775,12.255566737358755,1.109168578803921,1.1537976430846726,0.5899285090963156
759,05/07/2023 19:59:57.723526,938,True,True,True,True,Eyes,1.317029,-0.2567694,-3.165261,0.2461523,0.1629755,0.9554308,0.0,0.0,0.0,0.0,0.0,0.0,0.0,-1.189852,0.449981,3.200812,1.311012,-0.2580117,-3.174603,0.02862448,-0.01857732,0.003743983,0.9994107,3.287964,357.8808,0.3684491,0.3828684,-0.07468414,-0.9207788,0,0,0,1.816071,0.03600772,-1.219541,0.5796,0.4008,1.915,0.9992818,0.00642002,0.03734707,-0.008547085,0.9983333,0.05707612,-0.0369184,-0.05735432,0.997671,static,16.82698301946119,12.96062146048262,16.839131587459715,11.821088380307142,0.5050589999999999,0.29401942000000003,1.9550619999999999,0.28270434810857265,0.21513224208470746,0.93477074834437,17.234883725083034,12.241189331713052,1.095742153558304,1.1395978363083308,0.577152114962405
760,05/07/2023 19:59:57.733907,939,True,True,True,True,Eyes,1.317155,-0.2567681,-3.165257,0.2460405,0.1630418,0.9554483,0.0,0.0,0.0,0.0,0.0,0.0,0.0,-1.189788,0.4490243,3.200901,1.311075,-0.2579921,-3.174509,0.02844214,-0.0185878,0.00383477,0.9994153,3.267261,357.8798,0.3792125,0.3828903,-0.07468444,-0.9207696,0,0,0,1.81603,0.03683481,-1.219541,0.5796,0.4008,1.915,0.9992796,0.006607702,0.03737201,-0.008722409,0.9983527,0.05670845,-0.03693573,-0.05699357,0.9976911,static,16.822242323571515,12.940588749953509,16.839131587459715,11.821088380307142,0.504955,0.29482691,1.954968,0.28264758962627,0.21480914774668014,0.934862225294821,17.230400693510788,12.220949688608709,1.0768492278618444,1.119627761746304,0.5594466723706977
761,05/07/2023 19:59:57.753757,940,True,True,True,True,Eyes,1.317277,-0.2567715,-3.165253,0.2459339,0.1631072,0.9554645,0.0,0.0,0.0,0.0,0.0,0.0,0.0,-1.189228,0.4476913,3.201313,1.311064,-0.2579231,-3.174536,0.02825828,-0.01867804,0.003794477,0.999419,3.246137,357.8693,0.3746837,0.3829132,-0.07468458,-0.9207602,0,0,0,1.815696,0.03757159,-1.219586,0.5796001,0.4008,1.915,0.9992734,0.006528926,0.03754882,-0.008640163,0.9983742,0.05634198,-0.03711993,-0.05662548,0.9977052,static,16.82424272112993,12.924897188979148,16.839134328329035,11.821088380307142,0.504632,0.29549469,1.9549499999999997,0.2826967015785975,0.214549853974418,0.9349068336991857,17.232475908871535,12.205018409098518,1.0616124740563482,1.1039092562647017,0.5496543149939053
762,05/07/2023 19:59:57.774129,941,True,True,True,True,Eyes,1.317388,-0.2567766,-3.165248,0.2458407,0.1631461,0.9554819,0.0,0.0,0.0,0.0,0.0,0.0,0.0,-1.189343,0.4481201,3.201183,1.311054,-0.2580403,-3.174503,0.02826523,-0.01864646,0.003903023,0.999419,3.247152,357.8733,0.3872231,0.3829368,-0.0746847,-0.9207503,0,0,0,1.815732,0.0375462,-1.219579,0.5796,0.4008,1.915,0.9992741,0.006747417,0.03749188,-0.008855604,0.9983717,0.05635205,-0.0370506,-0.05664317,0.9977068,static,16.81743864206866,12.924258244121283,16.839131587459715,11.821088380307142,0.504678,0.2955865,1.954924,0.28258588976498633,0.2145467436861786,0.9349411054332234,17.22582793299677,12.204463251922071,1.0615414474663165,1.103383130334813,0.54452764469536
763,05/07/2023 19:59:57.789187,942,True,True,True,True,Eyes,1.317494,-0.2567802,-3.165246,0.2457525,0.1631805,0.9554988,0.0,0.0,0.0,0.0,0.0,0.0,0.0,-1.189803,0.4485954,3.20092,1.311024,-0.2580847,-3.174486,0.0283156,-0.01856506,0.003949314,0.999419,3.252992,357.8828,0.3926922,0.3829609,-0.07468488,-0.9207402,0,0,0,1.815986,0.03735959,-1.219614,0.5796002,0.4008,1.915,0.9992795,0.006842676,0.03733219,-0.008945398,0.9983653,0.05645165,-0.03688489,-0.05674493,0.9977071,static,16.804192039797208,12.929982385927541,16.839137069198276,11.821088380307142,0.5049620000000001,0.29544429,1.954872,0.282362883120544,0.21465486087798683,0.9349837520381015,17.212832272128036,12.21044489868664,1.0682184208779135,1.1094444874714084,0.5396726814443354
764,05/07/2023 19:59:57.803446,943,True,True,True,True,Eyes,1.31761,-0.2567806,-3.165245,0.245672,0.1631912,0.9555176,0.0,0.0,0.0,0.0,0.0,0.0,0.0,-1.189851,0.449277,3.200858,1.310978,-0.2580434,-3.174561,0.02839006,-0.01853886,0.004048062,0.9994168,3.261726,357.8861,0.4039492,0.3829853,-0.07468506,-0.9207301,0,0,0,1.815974,0.03721904,-1.21967,0.5796,0.4008,1.915,0.9992799,0.007038765,0.03728595,-0.009144043,0.9983552,0.05659692,-0.03682625,-0.05689711,0.9977006,static,16.7989627479796,12.935792411886615,16.839131587459715,11.821088380307142,0.504996,0.29526243999999996,1.9548910000000002,0.2822711199740968,0.21475569983615803,0.9349882285182262,17.20767505418691,12.21640466747096,1.0743064721758318,1.1154275474833448,0.5404620743070561
765,05/07/2023 19:59:57.823536,944,True,True,True,True,Eyes,1.31772,-0.2567832,-3.165246,0.2455897,0.163197,0.9555378,0.0,0.0,0.0,0.0,0.0,0.0,0.0,-1.190108,0.4493468,3.200684,1.310956,-0.2579719,-3.174506,0.02843166,-0.01850113,0.004000671,0.9994166,3.266379,357.8903,0.3985491,0.3830101,-0.07468514,-0.9207197,0,0,0,1.816132,0.03707914,-1.219629,0.5796001,0.4008,1.915,0.9992834,0.006944637,0.03720817,-0.009048709,0.9983513,0.05668211,-0.03675318,-0.05697818,0.9976987,static,16.788964171138005,12.941959002125504,16.839134328329035,11.821088380307142,0.5051760000000001,0.29505104,1.954877,0.2821008562366472,0.21486755291995444,0.9350139519796863,17.197851855854115,12.222790627003437,1.0812639205608237,1.121992867859709,0.5385563661814408
766,05/07/2023 19:59:57.833794,945,True,True,True,True,Eyes,1.317821,-0.2567858,-3.165248,0.2455203,0.1632005,0.9555551,0.0,0.0,0.0,0.0,0.0,0.0,0.0,-1.189757,0.4497012,3.200832,1.31094,-0.2580128,-3.174578,0.02845467,-0.01854542,0.004065277,0.9994148,3.26917,357.8854,0.405767,0.3830351,-0.07468519,-0.9207093,0,0,0,1.815898,0.03701651,-1.219642,0.5796,0.4008,1.915,0.9992791,0.007070386,0.03730049,-0.009181202,0.9983476,0.05672526,-0.03683778,-0.05702683,0.9976928,static,16.791404503725467,12.942924715381768,16.839131587459715,11.821088380307142,0.504958,0.29502931,1.954936,0.28213985859299756,0.2148807577026657,0.9349992140160339,17.200230601781623,12.223736265704174,1.0819310233873565,1.1228511197907958,0.5408491635927297
767,05/07/2023 19:59:57.853822,946,True,True,True,True,Eyes,1.317917,-0.2567885,-3.165252,0.2454524,0.1632042,0.9555718,0.0,0.0,0.0,0.0,0.0,0.0,0.0,-1.189486,0.4499113,3.200972,1.310923,-0.258037,-3.174653,0.0284698,-0.01858079,0.004098932,0.9994136,3.27099,357.8815,0.4094802,0.3830601,-0.07468523,-0.9206989,0,0,0,1.81572,0.03696817,-1.219671,0.5796002,0.4008,1.915,0.9992759,0.007135074,0.03737318,-0.009251039,0.9983453,0.05675389,-0.0369064,-0.05705853,0.9976885,static,16.79220294509544,12.943900962443475,16.839137069198276,11.821088380307142,0.5047969999999999,0.29500517000000004,1.9549820000000002,0.2821518959019542,0.21489587096578547,0.9349919939761137,17.201003873576976,12.224714888083552,1.0827853033907553,1.1237930888775571,0.542090344768317
768,05/07/2023 19:59:57.874014,947,True,True,True,True,Eyes,1.318017,-0.2567901,-3.165255,0.2453834,0.163175,0.9555945,0.0,0.0,0.0,0.0,0.0,0.0,0.0,-1.189431,0.4500458,3.200981,1.310919,-0.2580414,-3.174661,0.02847412,-0.01858409,0.004139789,0.9994133,3.271572,357.8813,0.4141472,0.383085,-0.07468526,-0.9206886,0,0,0,1.815674,0.03699099,-1.219672,0.5796,0.4008,1.915,0.999275,0.007216389,0.03738213,-0.009333051,0.9983442,0.05676095,-0.03691062,-0.05706868,0.9976878,static,16.789181232465186,12.941213129781653,16.839131587459715,11.821088380307142,0.5047550000000001,0.29503239,1.9549889999999999,0.2821051750477101,0.21485508409766466,0.9350154571446911,17.198069762155285,12.222031702839667,1.0805239433828195,1.1212379285189278,0.5381376786076292
769,05/07/2023 19:59:57.889484,948,True,True,True,True,Eyes,1.318112,-0.2567911,-3.165258,0.2453183,0.1631522,0.9556152,0.0,0.0,0.0,0.0,0.0,0.0,0.0,-1.189482,0.4501204,3.200968,1.310908,-0.2580518,-3.174681,0.02850459,-0.01858007,0.004087589,0.9994126,3.274952,357.8815,0.4081084,0.3831098,-0.07468524,-0.9206783,0,0,0,1.815716,0.03680582,-1.21968,0.5796,0.4008,1.915,0.9992761,0.007111141,0.03737133,-0.009229609,0.9983415,0.05682379,-0.03690527,-0.05712758,0.9976845,static,16.7838142094415,12.94476577727843,16.839131587459715,11.821088380307142,0.5048080000000001,0.29485762,1.955001,0.28201354679793184,0.2149191148759127,0.9350284769108237,17.192795034737422,12.22570538845806,1.0845249006064315,1.1250381792521449,0.5373944149554887
770,05/07/2023 19:59:57.905585,949,True,True,True,True,Eyes,1.31823,-0.2567897,-3.165262,0.2452511,0.1631081,0.95564,0.0,0.0,0.0,0.0,0.0,0.0,0.0,-1.189778,0.4490421,3.201009,1.310938,-0.2580042,-3.174673,0.02836416,-0.01854505,0.004033143,0.9994174,3.258728,357.8853,0.4022718,0.3831345,-0.07468516,-0.920668,0,0,0,1.81592,0.03734265,-1.21979,0.5796,0.4008,1.915,0.9992796,0.007009557,0.03729729,-0.009113615,0.9983584,0.0565457,-0.03683969,-0.05684488,0.9977031,static,16.77336190575608,12.927202077072781,16.839131587459715,11.821088380307142,0.504982,0.29534685,1.954883,0.2818605266084466,0.21464254178154613,0.9351381645160177,17.18270858825095,12.208045797670307,1.0688872622892887,1.1080673089681632,0.5174757949170872
771,05/07/2023 19:59:57.913262,950,True,True,True,True,Eyes,1.318347,-0.2567931,-3.165263,0.2451892,0.1630616,0.9556637,0.0,0.0,0.0,0.0,0.0,0.0,0.0,-1.189621,0.448896,3.201128,1.310935,-0.2579502,-3.174719,0.02836799,-0.01857418,0.003984906,0.9994171,3.259076,357.8818,0.3966354,0.3831595,-0.07468494,-0.9206576,0,0,0,1.815837,0.03732821,-1.219805,0.5796001,0.4008,1.915,0.9992782,0.00691134,0.03735279,-0.009018987,0.9983588,0.05655486,-0.03690061,-0.05685093,0.9977005,static,16.771807184298105,12.92633924894173,16.839134328329035,11.821088380307142,0.504902,0.29527841,1.954914,0.28183591007104347,0.214630050467494,0.9351483293679339,17.18119498532761,12.207192405502367,1.0682503351006627,1.1072996102866075,0.5158311849222115
772,05/07/2023 19:59:57.933677,951,True,True,True,True,Eyes,1.31846,-0.2567919,-3.16526,0.2451407,0.1629808,0.95569,0.0,0.0,0.0,0.0,0.0,0.0,0.0,-1.189917,0.4493594,3.20093,1.311016,-0.2580685,-3.174652,0.02842304,-0.01854098,0.003984801,0.9994162,3.265372,357.8857,0.3966163,0.383185,-0.07468475,-0.920647,0,0,0,1.816048,0.03699713,-1.21974,0.5795999,0.4008,1.915,0.9992807,0.006910967,0.03728683,-0.009018932,0.9983525,0.05666512,-0.0368338,-0.05696065,0.9976967,static,16.765132789392396,12.927462729056941,16.83912884659031,11.821088380307142,0.5050320000000001,0.29506562999999997,1.954912,0.2817253699140031,0.21465566658409557,0.9351758341698557,17.174660413292145,12.208421783238164,1.0701707692802884,1.1088460741024335,0.5124535074321508
773,05/07/2023 19:59:57.953484,952,True,True,True,True,Eyes,1.318568,-0.2567917,-3.165257,0.2450978,0.1628948,0.9557157,0.0,0.0,0.0,0.0,0.0,0.0,0.0,-1.190263,0.450453,3.200604,1.311017,-0.2580067,-3.174613,0.02863466,-0.01849541,0.003910318,0.9994112,3.289453,357.8907,0.3877786,0.3832107,-0.07468445,-0.9206363,0,0,0,1.816278,0.03615686,-1.219625,0.5796001,0.4008,1.915,0.9992852,0.00675681,0.03719299,-0.00887525,0.9983295,0.05709094,-0.0367451,-0.05738023,0.997676,static,16.756940297195545,12.94854912207046,16.839134328329035,11.821088380307142,0.505261,0.29416356,1.954988,0.2815691815946864,0.2150101027344067,0.9351414857424559,17.166489735277178,12.229905094762705,1.0914787944212454,1.1304528220900973,0.5237295757129112
774,05/07/2023 19:59:57.973524,953,True,True,True,True,Eyes,1.318658,-0.2567937,-3.165255,0.2450301,0.1628255,0.9557449,0.0,0.0,0.0,0.0,0.0,0.0,0.0,-1.191005,0.4510794,3.200186,1.311039,-0.2579703,-3.174552,0.02876635,-0.01839107,0.003843716,0.9994097,3.304366,357.9025,0.3802083,0.3832366,-0.07468409,-0.9206256,0,0,0,1.816754,0.03561352,-1.219593,0.5796,0.4008,1.915,0.999294,0.006624805,0.03698156,-0.008740981,0.9983155,0.05735736,-0.03653928,-0.05764012,0.9976685,static,16.740115630647143,12.960761293902197,16.839131587459715,11.821088380307142,0.5057149999999999,0.29358382,1.954959,0.2812807279900309,0.21522839719168585,0.9351781094187174,17.149946225260948,12.242511263833332,1.1055718321039851,1.1439661313543117,0.5236439494838462
775,05/07/2023 19:59:57.986240,954,True,True,True,True,Eyes,1.318744,-0.2567925,-3.165254,0.2449695,0.162753,0.9557727,0.0,0.0,0.0,0.0,0.0,0.0,0.0,-1.191561,0.4518659,3.199842,1.311028,-0.2580212,-3.174526,0.02889877,-0.01830723,0.003803415,0.9994075,3.319429,357.912,0.3755884,0.3832622,-0.07468376,-0.920615,0,0,0,1.817098,0.03500734,-1.219576,0.5796,0.4008,1.915,0.9993007,0.006544209,0.03681258,-0.008660434,0.9983007,0.05762403,-0.03637293,-0.05790255,0.9976594,static,16.72662989326591,12.972198881242232,16.839131587459715,11.821088380307142,0.50607,0.29302854,1.9549500000000002,0.28104776537666576,0.21543037954882832,0.9352015580337588,17.13667331248373,12.25428699311851,1.118599830485453,1.1565950097417463,0.5255398331924618
776,05/07/2023 19:59:58.003587,955,True,True,True,True,Eyes,1.318809,-0.2567929,-3.165257,0.2448921,0.1626886,0.9558035,0.0,0.0,0.0,0.0,0.0,0.0,0.0,-1.191752,0.4520833,3.199826,1.310995,-0.2579514,-3.174632,0.02893795,-0.0182702,0.003817028,0.999407,3.323935,357.9163,0.3771922,0.3832873,-0.07468335,-0.9206045,0,0,0,1.8172,0.03494108,-1.219697,0.5796002,0.4008,1.915,0.9993032,0.006572124,0.03673964,-0.008686933,0.998296,0.05770211,-0.03629781,-0.05798106,0.9976576,static,16.71800050142004,12.971968025962813,16.839137069198276,11.821088380307142,0.506205,0.29289248,1.9549349999999999,0.28090656087062393,0.21543589169617264,0.9352427131250655,17.12823749599931,12.254170252262412,1.119784884217693,1.157237238787974,0.5207100580868604
777,05/07/2023 19:59:58.023808,956,True,True,True,True,Eyes,1.318873,-0.2567921,-3.165258,0.2448169,0.1626181,0.9558347,0.0,0.0,0.0,0.0,0.0,0.0,0.0,-1.19172,0.4522079,3.199863,1.310974,-0.2580026,-3.17468,0.02893299,-0.01826683,0.003858042,0.999407,3.32345,357.9168,0.3819188,0.3833116,-0.07468293,-0.9205945,0,0,0,1.817162,0.03495374,-1.21975,0.5796001,0.4008,1.915,0.9993029,0.00665448,0.03673525,-0.008768537,0.998296,0.05769072,-0.03628875,-0.05797262,0.9976584,static,16.71361301637818,12.96565369393884,16.839134328329035,11.821088380307142,0.5061879999999999,0.29295634000000004,1.95493,0.2808411921126212,0.21533709969429674,0.9352850330275365,17.123995539478212,12.247830002863152,1.1144866497095232,1.1514275300350831,0.5130831531429506
778,05/07/2023 19:59:58.033417,957,True,True,True,True,Eyes,1.318911,-0.25679,-3.165262,0.2447439,0.1625571,0.9558638,0.0,0.0,0.0,0.0,0.0,0.0,0.0,-1.191198,0.4524533,3.200105,1.311026,-0.2579666,-3.174744,0.02897458,-0.01835546,0.003861457,0.9994041,3.328258,357.9067,0.3819292,0.3833349,-0.07468247,-0.9205848,0,0,0,1.816867,0.03482753,-1.2197,0.5796,0.4008,1.915,0.9992963,0.006654629,0.03691281,-0.008781995,0.9982911,0.05777287,-0.03646528,-0.05805639,0.9976471,static,16.719547332452052,12.967011240755516,16.839131587459715,11.821088380307142,0.505841,0.29279413,1.955044,0.28093706272833197,0.21535297052051836,0.9352526163404337,17.129787623426417,12.24912531223132,1.1147868044312226,1.1521456488412922,0.5173939952637058
779,05/07/2023 19:59:58.053585,958,True,True,True,True,Eyes,1.318947,-0.2567863,-3.165259,0.2446781,0.1624905,0.955892,0.0,0.0,0.0,0.0,0.0,0.0,0.0,-1.191638,0.4526404,3.19984,1.311051,-0.2579126,-3.174664,0.0290344,-0.01829719,0.003808613,0.9994037,3.334982,357.9132,0.3759374,0.3833568,-0.07468197,-0.9205757,0,0,0,1.817156,0.03459419,-1.219644,0.5796001,0.4008,1.915,0.9993014,0.006550187,0.03679372,-0.008675179,0.998285,0.0578948,-0.0363514,-0.05817354,0.9976444,static,16.707918438863242,12.970969320156174,16.839134328329035,11.821088380307142,0.506105,0.29250679,1.95502,0.28074233610424965,0.21543037523217284,0.9352932935822398,17.118387136879075,12.253294996814024,1.1205501965052944,1.1573434172605779,0.5145723374176001
780,05/07/2023 19:59:58.073594,959,True,True,True,True,Eyes,1.318971,-0.2567867,-3.165256,0.2445555,0.1624302,0.9559336,0.0,0.0,0.0,0.0,0.0,0.0,0.0,-1.191945,0.4529474,3.199543,1.311046,-0.2578663,-3.174529,0.02911988,-0.01825731,0.003736442,0.9994023,3.344613,357.9176,0.3676147,0.3833775,-0.07468139,-0.9205672,0,0,0,1.817357,0.03423148,-1.219503,0.5796,0.4008,1.915,0.9993054,0.006405117,0.0367104,-0.008531719,0.9982762,0.05806851,-0.03627518,-0.05834138,0.9976374,static,16.69477601482804,12.978828700204259,16.839131587459715,11.821088380307142,0.506311,0.29209778,1.9550260000000002,0.28051872233754727,0.21557334831697458,0.9353274228711401,17.10547710684275,12.261439388007407,1.130418683717213,1.1667052668370441,0.5146347692082773
781,05/07/2023 19:59:58.086476,960,True,True,True,True,Eyes,1.318992,-0.2567871,-3.165253,0.2444412,0.1623659,0.9559737,0.0,0.0,0.0,0.0,0.0,0.0,0.0,-1.192193,0.4528487,3.199454,1.310969,-0.2579636,-3.174542,0.029086,-0.01820562,0.003745228,0.9994041,3.34073,357.9235,0.3688656,0.3833967,-0.07468086,-0.9205592,0,0,0,1.817475,0.03427796,-1.219587,0.5796,0.4008,1.915,0.9993091,0.006426934,0.03660741,-0.008545049,0.99828,0.05800096,-0.03617168,-0.0582737,0.9976451,static,16.681588946688528,12.9701510584542,16.839131587459715,11.821088380307142,0.5065059999999999,0.29224156,1.9549550000000002,0.28031154059933455,0.21544525902945197,0.935418987085734,17.092649136213122,12.252823371695929,1.1246594297858379,1.1598123649848053,0.500665807016429
782,05/07/2023 19:59:58.103901,961,True,True,True,True,Eyes,1.319012,-0.2567846,-3.165252,0.2442827,0.1623315,0.9560202,0.0,0.0,0.0,0.0,0.0,0.0,0.0,-1.192825,0.4541403,3.198953,1.310947,-0.2580296,-3.174463,0.02923354,-0.01809058,0.003864487,0.9994015,3.357844,357.9372,0.3826304,0.3834145,-0.07468038,-0.9205518,0,0,0,1.817817,0.03377214,-1.219537,0.5796,0.4008,1.915,0.9993156,0.006666645,0.03638546,-0.008782052,0.9982609,0.05829226,-0.03593357,-0.0585719,0.9976363,static,16.662185776533235,12.980296646809268,16.839131587459715,11.821088380307142,0.5068699999999999,0.29180174000000003,1.9549259999999997,0.2799829379727648,0.2156324662022864,0.9354744091546489,17.073600149211657,12.263369997902027,1.138271985783825,1.172635333397086,0.500588189745196
1084,05/07/2023 20:00:03.133431,1263,True,True,True,True,Eyes,1.304205,-0.2595439,-3.166288,-0.3002752,-0.2203398,0.9280545,0.0,0.0,0.0,0.0,0.0,0.0,0.0,-1.16215,0.4673845,3.208726,1.311494,-0.2571747,-3.174713,0.03054404,-0.0226864,0.006095342,0.9992574,3.515541,357.4179,0.6197298,0.3793461,-0.07555984,-0.922164,0,0,0,0.6518607,-0.7808806,-1.316107,-0.5795998,-0.4007999,1.915,0.9988964,0.01079576,0.04571146,-0.0135675,0.9980598,0.06076615,-0.04496676,-0.06131927,0.9971048,static,-15.264051279554344,-9.504101843210314,-16.83912610572083,-11.821085513920774,-0.6596333,-0.5237059000000001,1.8586060000000002,-0.2598998164214102,-0.1594440217836307,0.9523810516336981,-13.972035216939226,-10.091818552279285,2.6527896981595736,2.801655588819279,3.348219584967401
1085,05/07/2023 20:00:03.153818,1264,True,True,True,True,Eyes,1.304406,-0.2595561,-3.166284,-0.3018462,-0.2212969,0.9273168,0.0,0.0,0.0,0.0,0.0,0.0,0.0,-1.162003,0.4680353,3.208709,1.311466,-0.2571852,-3.17475,0.03068798,-0.02271711,0.005982347,0.999253,3.531766,357.414,0.6062905,0.3793885,-0.07556149,-0.9221464,0,0,0,0.6516187,-0.7812907,-1.316332,-0.5795997,-0.4008,1.915,0.9988963,0.01056147,0.04576745,-0.01335004,0.9980449,0.06105832,-0.0450331,-0.06160192,0.9970844,static,-15.35687359666382,-9.554510236860121,-16.839123364851268,-11.821088380307142,-0.6598473,-0.5241055,1.858418,-0.2614093486973121,-0.160214202015943,0.9518384610070827,-14.062411017043782,-10.141648612425163,2.563543045484925,2.7082172836837675,3.2450962075738268
1086,05/07/2023 20:00:03.173512,1265,True,True,True,True,Eyes,1.304564,-0.2595665,-3.166284,-0.303421,-0.2222904,0.926565,0.0,0.0,0.0,0.0,0.0,0.0,0.0,-1.162484,0.4682083,3.208383,1.311425,-0.2572273,-3.174635,0.03067994,-0.02262784,0.006060476,0.9992548,3.530991,357.4245,0.6155905,0.3794317,-0.07556316,-0.9221286,0,0,0,0.6519843,-0.7814004,-1.316092,-0.5795998,-0.4007999,1.915,0.9989025,0.01072348,0.04559381,-0.01350036,0.998044,0.06103987,-0.04485007,-0.06158841,0.9970934,static,-15.468842868865279,-9.618937476850451,-16.83912610572083,-11.821085513920774,-0.6594407000000001,-0.5241731000000001,1.8585429999999998,-0.26322608611689224,-0.1612019023658909,0.9511708567125889,-14.171401591227633,-10.20542726684488,2.4543351356502345,2.593671553296601,3.1188308156378586
1087,05/07/2023 20:00:03.193666,1266,True,True,True,True,Eyes,1.304716,-0.2595737,-3.166287,-0.3049278,-0.2232296,0.9258443,0.0,0.0,0.0,0.0,0.0,0.0,0.0,-1.162282,0.4683154,3.208524,1.31143,-0.2572009,-3.174719,0.03068602,-0.02265525,0.006096316,0.9992539,3.531797,357.4215,0.6195897,0.3794745,-0.07556484,-0.9221109,0,0,0,0.6519207,-0.7814407,-1.316219,-0.5795997,-0.4008,1.915,0.9988991,0.01079313,0.04565083,-0.01357393,0.9980424,0.06105002,-0.04490254,-0.06160247,0.9970902,static,-15.562270405599074,-9.679078391900495,-16.839123364851268,-11.821088380307142,-0.6595093000000001,-0.5242397999999999,1.8585,-0.2647359166814903,-0.16213074659431634,0.9505938148331652,-14.262295173011859,-10.265113451705885,2.3592011902443777,2.4937041263920885,3.0101663589732124
1088,05/07/2023 20:00:03.203913,1267,True,True,True,True,Eyes,1.30489,-0.2595882,-3.166293,-0.3064279,-0.2242094,0.9251119,0.0,0.0,0.0,0.0,0.0,0.0,0.0,-1.162933,0.4670357,3.208535,1.311445,-0.2571355,-3.174779,0.030545,-0.02257151,0.005967866,0.9992607,3.515253,357.4306,0.6055071,0.3795168,-0.07556643,-0.9220933,0,0,0,0.6521237,-0.7806894,-1.316019,-0.5795997,-0.4008,1.915,0.9989098,0.01054801,0.04547422,-0.0133058,0.9980628,0.06077543,-0.04474507,-0.06131425,0.9971151,static,-15.66560541538102,-9.764693650084144,-16.839123364851268,-11.821088380307142,-0.6593213,-0.5235539,1.85876,-0.2663900600529559,-0.16347371682787112,0.9499013739751324,-14.362682346416065,-10.350484421346485,2.2394344259067958,2.3676789613918885,2.880179876656863
1089,05/07/2023 20:00:03.213379,1268,True,True,True,True,Eyes,1.305053,-0.2596011,-3.166298,-0.3078673,-0.2251614,0.9244025,0.0,0.0,0.0,0.0,0.0,0.0,0.0,-1.162638,0.4664368,3.208827,1.311399,-0.2573147,-3.174883,0.03037078,-0.02259464,0.006099366,0.9992648,3.495636,357.4283,0.6209546,0.3795591,-0.07556811,-0.9220757,0,0,0,0.6521056,-0.7803776,-1.315975,-0.5795998,-0.4008,1.915,0.9989045,0.01081733,0.04552653,-0.01356219,0.9980808,0.06042128,-0.04478556,-0.06097253,0.9971341,static,-15.758890739218238,-9.842952115777317,-16.83912610572083,-11.821088380307142,-0.6592934,-0.5230629,1.858908,-0.26788085564518993,-0.16470035470644467,0.949270010483778,-14.453299150523183,-10.428535489349011,2.1314404058069325,2.2538703441172028,2.7624941292722274
1090,05/07/2023 20:00:03.233772,1269,True,True,True,True,Eyes,1.305255,-0.2596039,-3.166306,-0.3093263,-0.2261519,0.9236735,0.0,0.0,0.0,0.0,0.0,0.0,0.0,-1.161684,0.4675542,3.208937,1.311319,-0.2572877,-3.174845,0.0304047,-0.02268727,0.006475431,0.9992594,3.500553,357.419,0.6636878,0.3796012,-0.07556986,-0.9220583,0,0,0,0.6520303,-0.7809405,-1.316101,-0.5795999,-0.4008,1.915,0.9988867,0.01156167,0.0457347,-0.01432087,0.9980673,0.06047054,-0.04494717,-0.06105818,0.9971216,static,-15.84975958884077,-9.891247712407003,-16.83912884659031,-11.821088380307142,-0.6592887,-0.5236528,1.858744,-0.26935270962355967,-0.16542996909102547,0.9487266305382908,-14.541780967307638,-10.476250675213462,2.0508949704283634,2.1686716053061446,2.6620284993752836
1091,05/07/2023 20:00:03.253850,1270,True,True,True,True,Eyes,1.305453,-0.2596072,-3.166313,-0.3107442,-0.2270526,0.9229762,0.0,0.0,0.0,0.0,0.0,0.0,0.0,-1.158997,0.4654119,3.210361,1.311407,-0.2570469,-3.174971,0.02998449,-0.02308402,0.006780275,0.9992609,3.453455,357.3743,0.6983572,0.379644,-0.07557133,-0.9220406,0,0,0,0.6508965,-0.7794961,-1.316322,-0.5795997,-0.4008,1.915,0.9988423,0.0121662,0.04654052,-0.01493485,0.9981099,0.05961162,-0.04572731,-0.06023769,0.9971361,static,-15.904672425300948,-9.98627192949501,-16.839123364851268,-11.821088380307142,-0.6605105,-0.5224492000000001,1.8586490000000002,-0.27019103808888234,-0.1669624373967808,0.9482195179397114,-14.594750805921912,-10.571815924343273,1.946834147206113,2.059065313825015,2.568635796002443
1092,05/07/2023 20:00:03.263812,1271,True,True,True,True,Eyes,1.305633,-0.2596117,-3.166317,-0.3122227,-0.2279675,0.9222515,0.0,0.0,0.0,0.0,0.0,0.0,0.0,-1.158365,0.4610895,3.211227,1.311548,-0.2570751,-3.174925,0.02943394,-0.02324548,0.006436241,0.9992757,3.38956,357.3543,0.6597692,0.3796874,-0.07557257,-0.9220226,0,0,0,0.6500862,-0.7770332,-1.315916,-0.5795997,-0.4008,1.915,0.9988364,0.01149475,0.04683617,-0.01423157,0.9981844,0.05852602,-0.0460784,-0.05912448,0.9971866,static,-15.976951721326893,-10.120811742960779,-16.839123364851268,-11.821088380307142,-0.6614618,-0.5199581,1.859009,-0.27128511054083926,-0.1691344893823156,0.9475219986913324,-14.664400680059078,-10.707196058943598,1.8019145604624074,1.9063789199430887,2.4433941268944754
1093,05/07/2023 20:00:03.283867,1272,True,True,True,True,Eyes,1.305802,-0.2596169,-3.166315,-0.3136354,-0.2288484,0.9215537,0.0,0.0,0.0,0.0,0.0,0.0,0.0,-1.159474,0.4596386,3.210974,1.311591,-0.2570926,-3.174844,0.02940819,-0.02314062,0.005910509,0.9992821,3.385154,357.3646,0.5998836,0.3797309,-0.07557366,-0.9220045,0,0,0,0.6500337,-0.7763054,-1.315661,-0.5795997,-0.4008,1.915,0.9988592,0.01045148,0.04659566,-0.01317358,0.9982004,0.05850063,-0.04590039,-0.05904771,0.9971994,static,-16.067913243747146,-10.20131945786867,-16.839123364851268,-11.821088380307142,-0.6615572999999999,-0.5192128,1.8591830000000003,-0.27272900212524714,-0.17039341990438556,0.9468816980766206,-14.75272823956783,-10.787558413826215,1.695802805619294,1.7939945409590634,2.3283532400433917
1094,05/07/2023 20:00:03.303749,1273,True,True,True,True,Eyes,1.305981,-0.2596315,-3.166315,-0.3152234,-0.2299097,0.9207474,0.0,0.0,0.0,0.0,0.0,0.0,0.0,-1.160347,0.4599014,3.210443,1.311473,-0.2571127,-3.174711,0.0295338,-0.0230124,0.005690269,0.9992828,3.398894,357.3786,0.5747281,0.3797743,-0.07557465,-0.9219866,0,0,0,0.6501971,-0.776526,-1.315483,-0.5795998,-0.4008,1.915,0.9988761,0.01001309,0.04632789,-0.01273166,0.9981907,0.05876333,-0.04565566,-0.05928712,0.9971964,static,-16.178879143850416,-10.266154179160273,-16.83912610572083,-11.821088380307142,-0.6612759000000001,-0.5194133000000001,1.8592279999999999,-0.2745149445057012,-0.1713742405917226,0.9461883805950333,-14.860734647752517,-10.851763700933706,1.5976239696240955,1.6893035312090492,2.203093982335842
1095,05/07/2023 20:00:03.313654,1274,True,True,True,True,Eyes,1.306158,-0.2596455,-3.166318,-0.3167316,-0.2309634,0.9199657,0.0,0.0,0.0,0.0,0.0,0.0,0.0,-1.160053,0.4635666,3.210057,1.311472,-0.2573257,-3.17473,0.03002903,-0.02304212,0.005810414,0.9992666,3.455987,357.3758,0.5871243,0.3798178,-0.07557581,-0.9219686,0,0,0,0.6502171,-0.7787439,-1.316057,-0.5795998,-0.4008,1.915,0.9988706,0.01022844,0.0463994,-0.01299617,0.998129,0.05974624,-0.04570147,-0.06028178,0.9971346,static,-16.27210754315635,-10.275521268743724,-16.83912610572083,-11.821088380307142,-0.6612549,-0.5214182,1.8586729999999998,-0.27605042570156163,-0.17145048275935706,0.9457276469397412,-14.951819491138272,-10.859991039637707,1.558502464212705,1.6462951578131966,2.1179316220522644
1096,05/07/2023 20:00:03.333680,1275,True,True,True,True,Eyes,1.30632,-0.2596499,-3.166325,-0.318338,-0.2320301,0.9191425,0.0,0.0,0.0,0.0,0.0,0.0,0.0,-1.161111,0.4667011,3.209331,1.311568,-0.2573164,-3.174803,0.03046923,-0.02287511,0.005948727,0.9992563,3.506701,357.3957,0.6024371,0.3798613,-0.07557711,-0.9219506,0,0,0,0.6510872,-0.7805581,-1.316367,-0.5795998,-0.4008,1.915,0.9988827,0.01049463,0.04607869,-0.01328258,0.9980725,0.06062097,-0.04535368,-0.06116528,0.9970967,static,-16.394715389455033,-10.292998507448512,-16.83912610572083,-11.821088380307142,-0.6604808000000001,-0.5232417,1.8584359999999998,-0.27806450060160337,-0.1716351947571808,0.9451039510456535,-15.071569061908836,-10.87603922120162,1.5092926361328323,1.5914017545123482,2.004339246798169
1097,05/07/2023 20:00:03.353619,1276,True,True,True,True,Eyes,1.306472,-0.2596567,-3.166331,-0.319869,-0.2330533,0.9183518,0.0,0.0,0.0,0.0,0.0,0.0,0.0,-1.162553,0.467702,3.208695,1.311528,-0.2571576,-3.174865,0.03069871,-0.02265794,0.00582863,0.9992549,3.532562,357.4203,0.5888369,0.3799044,-0.07557826,-0.9219327,0,0,0,0.6517588,-0.7811143,-1.316377,-0.5795997,-0.4008,1.915,0.9989053,0.01025743,0.04563996,-0.01303971,0.9980472,0.06108752,-0.04492424,-0.06161578,0.9970884,static,-16.51391727335566,-10.341070124483123,-16.839123364851268,-11.821088380307142,-0.6597692000000001,-0.5239567,1.8584880000000001,-0.27999581409873286,-0.17232735309333538,0.9444075782352462,-15.187755808170182,-10.923142453152177,1.440355317783564,1.5153260505641095,1.87971319497232
1098,05/07/2023 20:00:03.373656,1277,True,True,True,True,Eyes,1.306622,-0.2596675,-3.166344,-0.3214764,-0.2341522,0.9175106,0.0,0.0,0.0,0.0,0.0,0.0,0.0,-1.163424,0.4675876,3.208364,1.31143,-0.2571363,-3.174875,0.03068512,-0.0225077,0.005828572,0.9992588,3.530916,357.4375,0.5893964,0.379947,-0.07557935,-0.9219151,0,0,0,0.6522238,-0.7810445,-1.316174,-0.5795997,-0.4008,1.915,0.9989188,0.0102672,0.04533973,-0.0130298,0.9980489,0.06106236,-0.04462432,-0.06158711,0.9971036,static,-16.63501481519877,-10.417304379324682,-16.839123364851268,-11.821088380307142,-0.6592062000000001,-0.5239082,1.8587010000000002,-0.28193325120023716,-0.1734812106801526,0.9436195955165261,-15.305581987565384,-10.998764027993372,1.3522815080701067,1.418544966314276,1.7401053118291852
1099,05/07/2023 20:00:03.383627,1278,True,True,True,True,Eyes,1.306764,-0.2596777,-3.166359,-0.3230198,-0.2352055,0.9166988,0.0,0.0,0.0,0.0,0.0,0.0,0.0,-1.162947,0.4681334,3.208538,1.311345,-0.2572435,-3.174982,0.0306594,-0.02253999,0.006069791,0.9992574,3.528606,357.4346,0.6170219,0.3799888,-0.07558049,-0.9218977,0,0,0,0.6522411,-0.7813525,-1.316302,-0.5795998,-0.4008,1.915,0.9989102,0.01074844,0.0454187,-0.01351269,0.9980463,0.06099962,-0.04467431,-0.06154688,0.9971039,static,-16.736885773646826,-10.482213269390863,-16.83912610572083,-11.821088380307142,-0.6591039,-0.5241089999999999,1.8586799999999999,-0.2835606154735435,-0.17446283530885437,0.9429507965912063,-15.404695059306848,-11.063168054908193,1.2841450545700037,1.3427731186368306,1.6223549693483112
1100,05/07/2023 20:00:03.403609,1279,True,True,True,True,Eyes,1.306925,-0.2596849,-3.166375,-0.3245506,-0.2362701,0.9158839,0.0,0.0,0.0,0.0,0.0,0.0,0.0,-1.162084,0.468062,3.208936,1.311307,-0.2571982,-3.175077,0.03057754,-0.02264521,0.006266492,0.9992563,3.519797,357.4232,0.6394252,0.3800299,-0.07558167,-0.9218807,0,0,0,0.6519895,-0.7812417,-1.316454,-0.5795997,-0.4008,1.915,0.9988959,0.01113879,0.04563996,-0.01390853,0.9980515,0.06082579,-0.04487351,-0.06139342,0.9971045,static,-16.82928748490941,-10.555317423270745,-16.839123364851268,-11.821088380307142,-0.6593175,-0.5240435000000001,1.858623,-0.28502311067535296,-0.17558635674361872,0.9423010283874406,-15.494487074473733,-11.136007001483613,1.2148647468443887,1.2658091721152387,1.5091001454545707
1101,05/07/2023 20:00:03.423564,1280,True,True,True,True,Eyes,1.30708,-0.2596956,-3.166389,-0.3260194,-0.2372776,0.9151014,0.0,0.0,0.0,0.0,0.0,0.0,0.0,-1.161226,0.4666389,3.209526,1.311285,-0.257154,-3.175162,0.0302525,-0.02274392,0.006542941,0.9992622,3.48332,357.4127,0.6716226,0.3800706,-0.07558277,-0.9218638,0,0,0,0.6518403,-0.780319,-1.316337,-0.5795997,-0.4008,1.915,0.9988798,0.0117001,0.04585016,-0.01445234,0.998084,0.06016272,-0.0450584,-0.06075797,0.997135,static,-16.922120086388016,-10.649564234687546,-16.839123364851268,-11.821088380307142,-0.6594447,-0.523165,1.8588249999999997,-0.28647283355018494,-0.17705623107729493,0.9415860489591545,-15.584539679463132,-11.23026912651572,1.1322074435657976,1.1744604205998486,1.3867399230903859
1102,05/07/2023 20:00:03.433679,1281,True,True,True,True,Eyes,1.307223,-0.259705,-3.166402,-0.3275077,-0.2382988,0.9143043,0.0,0.0,0.0,0.0,0.0,0.0,0.0,-1.16062,0.4657078,3.209868,1.311287,-0.2572519,-3.175141,0.03001497,-0.02281667,0.006738578,0.9992663,3.456654,357.4049,0.6944208,0.380111,-0.0755839,-0.921847,0,0,0,0.6517412,-0.7797669,-1.316169,-0.5795997,-0.4008,1.915,0.998868,0.01209759,0.04600437,-0.01483695,0.9981074,0.05967838,-0.04519534,-0.06029338,0.997157,static,-17.01690431229788,-10.737876294439422,-16.839123364851268,-11.821088380307142,-0.6595458000000001,-0.5225150000000001,1.858972,-0.287957799034712,-0.1784243687932928,0.9408746012275067,-15.676545641539795,-11.318489598967856,1.064038893965478,1.097704189772869,1.266567210117104
1103,05/07/2023 20:00:03.453860,1282,True,True,True,True,Eyes,1.307361,-0.2597112,-3.166414,-0.3289382,-0.2392759,0.9135353,0.0,0.0,0.0,0.0,0.0,0.0,0.0,-1.160182,0.4649013,3.210108,1.311337,-0.2572186,-3.175087,0.0298409,-0.02287791,0.006874736,0.9992692,3.4371,357.3982,0.7102754,0.3801508,-0.07558506,-0.9218305,0,0,0,0.6516801,-0.7792482,-1.316018,-0.5795997,-0.4008,1.915,0.9988587,0.01237403,0.04613268,-0.01510482,0.9981245,0.05932361,-0.04531209,-0.05995273,0.9971722,static,-17.10755992056224,-10.818298293338426,-16.839123364851268,-11.821088380307142,-0.6596569,-0.5220296,1.859069,-0.2893797555409766,-0.1796643688548031,0.9402021653523192,-15.764574738572636,-11.398769233062481,1.012331534275625,1.0380973668036613,1.1545597482879584
1104,05/07/2023 20:00:03.473651,1283,True,True,True,True,Eyes,1.3075,-0.2597214,-3.166421,-0.3303476,-0.2402211,0.9127784,0.0,0.0,0.0,0.0,0.0,0.0,0.0,-1.159936,0.4646084,3.210227,1.311357,-0.2571484,-3.175073,0.02980063,-0.02291808,0.006888086,0.9992694,3.432549,357.3936,0.7117719,0.3801899,-0.07558613,-0.9218143,0,0,0,0.6515599,-0.7790432,-1.316016,-0.5795997,-0.4008,1.915,0.9988546,0.01240016,0.04621322,-0.01513205,0.998129,0.059242,-0.04539213,-0.05987344,0.9971734,static,-17.195443813942425,-10.886128762169191,-16.839123364851268,-11.821088380307142,-0.6597971000000001,-0.5218948000000001,1.8590569999999997,-0.2907655938414315,-0.180697992652544,0.9395763545912119,-15.849989450721806,-11.46632444340787,0.9816750560863311,1.0005567200259997,1.050829839224858
1105,05/07/2023 20:00:03.483648,1284,True,True,True,True,Eyes,1.307632,-0.2597329,-3.166427,-0.3316872,-0.2411525,0.9120466,0.0,0.0,0.0,0.0,0.0,0.0,0.0,-1.161116,0.4646503,3.209719,1.311429,-0.2572427,-3.174959,0.02984828,-0.02276275,0.006748144,0.9992725,3.437536,357.411,0.6961305,0.3802285,-0.07558727,-0.9217983,0,0,0,0.6520867,-0.7791452,-1.315742,-0.5795997,-0.4007999,1.915,0.9988726,0.01212761,0.04589522,-0.01484533,0.9981271,0.0593459,-0.04508954,-0.05996033,0.9971819,static,-17.297059761805382,-10.949924948213395,-16.839123364851268,-11.821085513920774,-0.6593422999999999,-0.5219024999999999,1.859217,-0.29237929746137903,-0.18165060177204423,0.9388915447289401,-15.94886163899355,-11.529604159484766,0.9719638781270704,0.9841882314369123,0.9367642822562207
1106,05/07/2023 20:00:03.506757,1285,True,True,True,True,Eyes,1.307802,-0.259737,-3.166431,-0.3329813,-0.2420387,0.9113401,0.0,0.0,0.0,0.0,0.0,0.0,0.0,-1.161978,0.4668511,3.209051,1.311416,-0.2572792,-3.174924,0.03015616,-0.02261611,0.0068335,0.9992659,3.472941,357.4283,0.7056472,0.3802665,-0.07558849,-0.9217826,0,0,0,0.6527174,-0.780443,-1.315834,-0.5795997,-0.4008,1.915,0.9988837,0.01229294,0.04561115,-0.015021,0.9980879,0.05995895,-0.04478687,-0.06057714,0.9971582,static,-17.398013350795352,-10.972882761187734,-16.839123364851268,-11.821088380307142,-0.6586985999999999,-0.5231638000000001,1.85909,-0.2940176544124187,-0.1819311662133094,0.9383254904186897,-16.047396636927324,-11.551501349935267,1.0078587652427264,1.0157808763184693,0.8363661749819161
1107,05/07/2023 20:00:03.523736,1286,True,True,True,True,Eyes,1.307964,-0.2597423,-3.166437,-0.3342254,-0.2428702,0.9106632,0.0,0.0,0.0,0.0,0.0,0.0,0.0,-1.162286,0.4654396,3.209161,1.311455,-0.257104,-3.17494,0.03001141,-0.02258986,0.006705646,0.9992718,3.456004,357.4308,0.6914373,0.3803048,-0.07558957,-0.9217667,0,0,0,0.6527287,-0.7795677,-1.315662,-0.5795997,-0.4007999,1.915,0.9988894,0.01204562,0.04554931,-0.01475743,0.9981087,0.05967615,-0.04474433,-0.06028206,0.9971781,static,-17.480409407920344,-11.050947760926352,-16.839123364851268,-11.821085513920774,-0.6587263,-0.5224637,1.8592779999999998,-0.29529967393404,-0.18313367966494543,0.9376887403793791,-16.127367699612137,-11.629504276133916,0.9987315028130546,1.0021776028341938,0.7370885277033846
1108,05/07/2023 20:00:03.533762,1287,True,True,True,True,Eyes,1.308148,-0.2597502,-3.16644,-0.33549,-0.2436609,0.9099868,0.0,0.0,0.0,0.0,0.0,0.0,0.0,-1.162119,0.4641778,3.209505,1.31147,-0.2571405,-3.175032,0.02985048,-0.02263103,0.006592021,0.9992765,3.437295,357.4256,0.6786681,0.3803432,-0.07559054,-0.9217508,0,0,0,0.6524761,-0.7788602,-1.315641,-0.5795997,-0.4007999,1.915,0.9988888,0.01182341,0.04562285,-0.0145256,0.998131,0.05935939,-0.04483575,-0.05995613,0.9971936,static,-17.556735137787726,-11.127521757145502,-16.839123364851268,-11.821085513920774,-0.6589938999999999,-0.5217197,1.8593909999999998,-0.2964818982924162,-0.1843160450737658,0.9370838969784621,-16.201414705032413,-11.706078476490365,0.9976089871728194,0.9979966640070678,0.6479961060581154
1109,05/07/2023 20:00:03.553689,1288,True,True,True,True,Eyes,1.308322,-0.2597569,-3.166442,-0.3367138,-0.2444271,0.9093291,0.0,0.0,0.0,0.0,0.0,0.0,0.0,-1.163108,0.462858,3.20923,1.311457,-0.2572099,-3.174924,0.02976539,-0.02251513,0.006253216,0.9992838,3.426596,357.4377,0.6404148,0.3803824,-0.07559149,-0.9217345,0,0,0,0.6525785,-0.778194,-1.315285,-0.5795997,-0.4008,1.915,0.9989079,0.01115713,0.04537025,-0.01383782,0.9981499,0.05920656,-0.04462574,-0.05976973,0.9972141,static,-17.64241609554777,-11.203464939799883,-16.839123364851268,-11.821088380307142,-0.6588785000000001,-0.5209841000000001,1.8596389999999998,-0.29781669086938045,-0.1854772452196679,0.936431317597289,-16.28461377880239,-11.781886216231335,1.014701599176712,1.0132807732577707,0.5558935965527241
1110,05/07/2023 20:00:03.573643,1289,True,True,True,True,Eyes,1.308484,-0.2597642,-3.166444,-0.3376149,-0.2450397,0.9088299,0.0,0.0,0.0,0.0,0.0,0.0,0.0,-1.162647,0.463233,3.209302,1.311423,-0.2571772,-3.174899,0.02989266,-0.02259971,0.006089766,0.9992791,3.440815,357.4275,0.6210501,0.3804219,-0.07559238,-0.9217181,0,0,0,0.6520805,-0.7784356,-1.315502,-0.5795997,-0.4007999,1.915,0.9989043,0.01081962,0.0455309,-0.01352188,0.9981387,0.05946697,-0.04480275,-0.06001747,0.9971914,static,-17.686975237987657,-11.236410356499993,-16.839123364851268,-11.821085513920774,-0.6593425,-0.5212584,1.859397,-0.29851637254168245,-0.18597306512596143,0.9361100665970429,-16.327931983507465,-11.814672482213567,1.0316709741916175,1.0299018586670758,0.5112316063545592
1111,05/07/2023 20:00:03.591277,1290,True,True,True,True,Eyes,1.308637,-0.2597712,-3.166448,-0.338487,-0.2456346,0.9083447,0.0,0.0,0.0,0.0,0.0,0.0,0.0,-1.162049,0.4643732,3.20933,1.311369,-0.2571857,-3.174897,0.03008754,-0.02268867,0.006044648,0.9992716,3.46309,357.4172,0.6150703,0.3804615,-0.07559326,-0.9217017,0,0,0,0.6516598,-0.7791178,-1.315818,-0.5795997,-0.4008,1.915,0.9988974,0.01071519,0.04570802,-0.01344578,0.9981164,0.05985695,-0.04498054,-0.06040553,0.99716,static,-17.731465182131366,-11.256019792256037,-16.839123364851268,-11.821088380307142,-0.6597092,-0.5219320999999999,1.8590790000000001,-0.29922716866622645,-0.18624996820585854,0.9358279493472937,-16.371283905564187,-11.833943072913236,1.0580476137320396,1.0562085154309335,0.4680160283452111
1112,05/07/2023 20:00:03.603721,1291,True,True,True,True,Eyes,1.308805,-0.2597769,-3.166451,-0.3391493,-0.246223,0.9079383,0.0,0.0,0.0,0.0,0.0,0.0,0.0,-1.160975,0.4652086,3.209632,1.311329,-0.2571977,-3.174946,0.03017563,-0.02283666,0.006147834,0.9992649,3.473546,357.4006,0.6261683,0.3805009,-0.0755941,-0.9216853,0,0,0,0.6511651,-0.7795854,-1.316158,-0.5795997,-0.4007999,1.915,0.9988814,0.01090841,0.04601077,-0.01366485,0.9981033,0.0600261,-0.04526871,-0.06058768,0.9971358,static,-17.76056256436437,-11.280477140503471,-16.839123364851268,-11.821085513920774,-0.6601638999999999,-0.5223877,1.8587879999999999,-0.29968088626025735,-0.18662157150461461,0.9356087459434068,-16.39954856999625,-11.858336368235575,1.0700410103035407,1.0683199950428004,0.44115034446208357
1113,05/07/2023 20:00:03.613866,1292,True,True,True,True,Eyes,1.308963,-0.2597841,-3.166455,-0.3397784,-0.2467947,0.9075478,0.0,0.0,0.0,0.0,0.0,0.0,0.0,-1.160257,0.4660226,3.209791,1.311323,-0.2571726,-3.174969,0.03029681,-0.02294354,0.006173102,0.9992585,3.487567,357.3885,0.6283828,0.3805405,-0.07559489,-0.9216689,0,0,0,0.6507871,-0.7800443,-1.316449,-0.5795999,-0.4008,1.915,0.998871,0.01094682,0.04622711,-0.01372728,0.9980879,0.06026541,-0.045479,-0.06083195,0.9971114,static,-17.790090780837588,-11.303243296031159,-16.83912884659031,-11.821088380307142,-0.6605359000000001,-0.5228717,1.85852,-0.3001430883229229,-0.18696483733148314,0.9353920410571603,-16.428247347877793,-11.881009710372629,1.0842891895700066,1.082816758134138,0.41522785525667794
1114,05/07/2023 20:00:03.633617,1293,True,True,True,True,Eyes,1.309147,-0.2597897,-3.166456,-0.3402244,-0.2473058,0.9072415,0.0,0.0,0.0,0.0,0.0,0.0,0.0,-1.16048,0.4666985,3.209604,1.311252,-0.257215,-3.174986,0.03035188,-0.02288433,0.006288529,0.9992576,3.494143,357.3957,0.6416903,0.38058,-0.07559567,-0.9216525,0,0,0,0.651048,-0.7804366,-1.316446,-0.5795998,-0.4008,1.915,0.9988735,0.01117856,0.04611642,-0.01395689,0.9980785,0.06037087,-0.04535295,-0.06094651,0.9971102,static,-17.82954639127055,-11.326822376797336,-16.83912610572083,-11.821088380307142,-0.6602040000000001,-0.5232216000000001,1.85854,-0.30076694702289536,-0.18731116239009776,0.9351222981053585,-16.466646666636127,-11.90437211238217,1.107934073022212,1.1069016326006327,0.38167671211275134
1115,05/07/2023 20:00:03.653526,1294,True,True,True,True,Eyes,1.309325,-0.2597952,-3.16646,-0.3406503,-0.2477971,0.9069476,0.0,0.0,0.0,0.0,0.0,0.0,0.0,-1.160651,0.4663888,3.209602,1.311259,-0.2571826,-3.175002,0.03026203,-0.02284547,0.006408155,0.9992605,3.484131,357.4006,0.6557807,0.3806202,-0.07559638,-0.9216359,0,0,0,0.6513081,-0.7802156,-1.316319,-0.5795999,-0.4008,1.915,0.9988741,0.01142413,0.046045,-0.01418953,0.9980863,0.0601865,-0.0452693,-0.06077209,0.9971246,static,-17.86661672622264,-11.365274990562014,-16.83912884659031,-11.821088380307142,-0.6599509,-0.5230330000000001,1.858683,-0.3013372191781227,-0.18790322977672477,0.9348198946223446,-16.50260066594468,-11.942841914880749,1.12423784963911,1.1240539084324601,0.3578758717066909
1116,05/07/2023 20:00:03.673663,1295,True,True,True,True,Eyes,1.309502,-0.2597993,-3.166462,-0.3409483,-0.2482138,0.9067217,0.0,0.0,0.0,0.0,0.0,0.0,0.0,-1.160988,0.466364,3.209552,1.311313,-0.2572018,-3.175046,0.03021009,-0.02278815,0.006523738,0.9992626,3.47844,357.4075,0.6693738,0.3806607,-0.07559701,-0.9216191,0,0,0,0.6516821,-0.7801834,-1.316235,-0.5795997,-0.4007999,1.915,0.9988763,0.01166099,0.04593685,-0.01441472,0.9980896,0.06007829,-0.04514852,-0.06067294,0.9971361,static,-17.897065885066972,-11.394500492844612,-16.839123364851268,-11.821085513920774,-0.6596308999999999,-0.5229816,1.858811,-0.30180765348888666,-0.18835065244506877,0.9345781117987241,-16.53215081215449,-11.97204958277709,1.1400467599097148,1.1407090585626578,0.3420852206612123
1117,05/07/2023 20:00:03.691078,1296,True,True,True,True,Eyes,1.30967,-0.259803,-3.166463,-0.3412314,-0.2486095,0.9065067,0.0,0.0,0.0,0.0,0.0,0.0,0.0,-1.162007,0.4661743,3.209173,1.311318,-0.2571809,-3.175008,0.03016129,-0.0226246,0.006584283,0.9992673,3.472894,357.4265,0.6770136,0.3807015,-0.07559755,-0.9216021,0,0,0,0.6523551,-0.7800565,-1.31593,-0.5795998,-0.4008,1.915,0.9988896,0.01179414,0.04561323,-0.01452369,0.9980939,0.05998045,-0.04481887,-0.06057631,0.9971569,static,-17.937243209364638,-11.424898609664798,-16.83912610572083,-11.821088380307142,-0.6589629,-0.5228756000000001,1.859078,-0.3024359222093137,-0.1888070085639683,0.9342828134219464,-16.57120396504588,-12.002313578573746,1.165607258756214,1.1674020334386523,0.3234576416636627
1118,05/07/2023 20:00:03.703640,1297,True,True,True,True,Eyes,1.309837,-0.2598095,-3.166461,-0.3414808,-0.2489207,0.9063274,0.0,0.0,0.0,0.0,0.0,0.0,0.0,-1.162194,0.4657973,3.209112,1.311281,-0.2571757,-3.174975,0.03009911,-0.02258885,0.006595544,0.99927,3.465771,357.4306,0.6785874,0.3807424,-0.07559799,-0.9215852,0,0,0,0.6524594,-0.7798325,-1.315785,-0.5795997,-0.4008,1.915,0.9988925,0.01182165,0.04554176,-0.01454127,0.9981011,0.0598563,-0.04474768,-0.06045225,0.9971676,static,-17.95925315754859,-11.452317450367111,-16.839123364851268,-11.821088380307142,-0.6588215999999999,-0.5226568,1.85919,-0.30276952273267693,-0.18923306371054138,0.93408857789336,-16.592516227434036,-12.029804771324523,1.1764681331592648,1.1792721277368439,0.32307524217191574
1119,05/07/2023 20:00:03.724072,1298,True,True,True,True,Eyes,1.309998,-0.2598152,-3.166461,-0.3417208,-0.2492228,0.9061539,0.0,0.0,0.0,0.0,0.0,0.0,0.0,-1.16266,0.466074,3.208824,1.311273,-0.257215,-3.174896,0.03011061,-0.02250784,0.006665128,0.999271,3.467212,357.4401,0.6868226,0.3807834,-0.07559845,-0.9215682,0,0,0,0.6528208,-0.7800016,-1.315612,-0.5795997,-0.4008,1.915,0.9988979,0.01196509,0.04538423,-0.01467599,0.9980979,0.05987726,-0.04458147,-0.06047733,0.9971735,static,-17.986612218869542,-11.468870066252796,-16.839123364851268,-11.821088380307142,-0.6584521999999999,-0.5227865999999999,1.859284,-0.3032010749935254,-0.18947563010508675,0.9338994021824517,-16.619141301818125,-12.04620988281558,1.19669193951395,1.2003284595690704,0.31475672978980834
1120,05/07/2023 20:00:03.733862,1299,True,True,True,True,Eyes,1.310119,-0.2598209,-3.166462,-0.3418575,-0.2494914,0.9060284,0.0,0.0,0.0,0.0,0.0,0.0,0.0,-1.162677,0.4662114,3.208858,1.31129,-0.2572154,-3.174949,0.03013503,-0.02250852,0.006656166,0.9992703,3.46999,357.44,0.6857305,0.3808243,-0.07559889,-0.9215513,0,0,0,0.6528282,-0.7800827,-1.315691,-0.5795997,-0.4008,1.915,0.9988981,0.01194603,0.04538536,-0.01465921,0.9980952,0.05992644,-0.04458302,-0.06052573,0.9971705,static,-17.99604377912135,-11.483777515624748,-16.839123364851268,-11.821088380307142,-0.6584618000000001,-0.5228673,1.8592579999999999,-0.3033408302090708,-0.18970975116839778,0.9338064690429524,-16.62824988699114,-12.061191112232304,1.2008518589050867,1.205090645714107,0.31955742135452436
1121,05/07/2023 20:00:03.753672,1300,True,True,True,True,Eyes,1.310235,-0.2598265,-3.166466,-0.3419926,-0.2497431,0.905908,0.0,0.0,0.0,0.0,0.0,0.0,0.0,-1.162491,0.4672612,3.2088,1.311264,-0.2572542,-3.174984,0.03026015,-0.02252246,0.006742221,0.9992656,3.484559,357.4388,0.6952385,0.3808641,-0.07559935,-0.9215348,0,0,0,0.6528351,-0.7806963,-1.315876,-0.5795997,-0.4007999,1.915,0.9988946,0.01211147,0.04541988,-0.0148376,0.9980778,0.06017213,-0.0446038,-0.06077954,0.9971541,static,-18.005271157149956,-11.482437594050792,-16.839123364851268,-11.821085513920774,-0.6584289,-0.5234421,1.8591079999999998,-0.30349307767890404,-0.18967825063572272,0.9337633382999833,-16.63728233791439,-12.059707675816872,1.2100128551877518,1.214324127700413,0.3125385357086411
1122,05/07/2023 20:00:03.773763,1301,True,True,True,True,Eyes,1.310321,-0.259832,-3.166474,-0.3421006,-0.2499812,0.9058017,0.0,0.0,0.0,0.0,0.0,0.0,0.0,-1.16214,0.4667398,3.209038,1.311225,-0.2572562,-3.175035,0.03018227,-0.02257236,0.006729374,0.9992669,3.475636,357.433,0.6937876,0.3809027,-0.07559981,-0.9215188,0,0,0,0.6525939,-0.78039,-1.315912,-0.5795997,-0.4008,1.915,0.9988904,0.01208631,0.04551784,-0.01481145,0.9980875,0.06001649,-0.0447054,-0.06062408,0.997159,static,-18.00789179239497,-11.506737574100569,-16.839123364851268,-11.821088380307142,-0.6586311000000001,-0.5231338000000001,1.8591229999999999,-0.3035122257045386,-0.19007306908978938,0.9336769772524945,-16.639659996175002,-12.084301191904892,1.205120399575112,1.2103041215271904,0.3302523574978334
1123,05/07/2023 20:00:03.791002,1302,True,True,True,True,Eyes,1.310402,-0.2598347,-3.166478,-0.3421993,-0.2502064,0.9057022,0.0,0.0,0.0,0.0,0.0,0.0,0.0,-1.161281,0.4671232,3.209374,1.31123,-0.2572936,-3.175111,0.0302109,-0.02269854,0.006792227,0.9992629,3.479166,357.4187,0.7004859,0.3809396,-0.0756003,-0.9215035,0,0,0,0.6521859,-0.7806107,-1.316186,-0.5795998,-0.4008,1.915,0.9988773,0.01220295,0.04577401,-0.01494592,0.9980823,0.0600689,-0.04495321,-0.06068559,0.9971442,static,-18.002159575898755,-11.514596362564761,-16.83912610572083,-11.821088380307142,-0.6590440999999999,-0.5233171,1.8589249999999997,-0.3034107527385891,-0.19020757662004084,0.9336825325158569,-16.633995458651164,-12.092344306346602,1.1973514303357486,1.2027402918726482,0.34008581237497243
1124,05/07/2023 20:00:03.803826,1303,True,True,True,True,Eyes,1.310465,-0.2598391,-3.166484,-0.3422397,-0.2503888,0.9056365,0.0,0.0,0.0,0.0,0.0,0.0,0.0,-1.161389,0.4668651,3.209284,1.311202,-0.2572009,-3.175041,0.03019057,-0.02267964,0.006779691,0.9992639,3.476791,357.4209,0.6991655,0.3809747,-0.07560075,-0.921489,0,0,0,0.6522166,-0.7804266,-1.31607,-0.5795997,-0.4008,1.915,0.9988794,0.01217998,0.04573524,-0.01491882,0.9980851,0.06002915,-0.04491651,-0.0606442,0.9971483,static,-18.007652059204947,-11.52908916528491,-16.839123364851268,-11.821088380307142,-0.6589853999999999,-0.5232257,1.8589709999999997,-0.3034863835462138,-0.1904389242105124,0.9336107672372697,-16.639255679628423,-12.10695879016792,1.1984618909846858,1.2044595680642471,0.34881081237585954
1125,05/07/2023 20:00:03.823684,1304,True,True,True,True,Eyes,1.310525,-0.259845,-3.166487,-0.3422781,-0.2505642,0.9055735,0.0,0.0,0.0,0.0,0.0,0.0,0.0,-1.16089,0.4668997,3.209512,1.311208,-0.2572503,-3.175088,0.03015954,-0.02274933,0.006851775,0.9992627,3.473469,357.4131,0.7072715,0.3810079,-0.07560121,-0.9214753,0,0,0,0.652027,-0.7804478,-1.316178,-0.5795998,-0.4008,1.915,0.9988711,0.01232123,0.04587841,-0.01506566,0.9980869,0.05996285,-0.04505182,-0.06058635,0.9971457,static,-18.005049403955855,-11.540447398670597,-16.83912610572083,-11.821088380307142,-0.6591809999999999,-0.5231975,1.85891,-0.3034326726260144,-0.19062742516742168,0.9335897803214069,-16.636624535091137,-12.118506230055996,1.1928303693324742,1.199223289442447,0.35981142763498236
1126,05/07/2023 20:00:03.833781,1305,True,True,True,True,Eyes,1.310533,-0.2598509,-3.16649,-0.3422526,-0.2506935,0.9055473,0.0,0.0,0.0,0.0,0.0,0.0,0.0,-1.161115,0.4668052,3.209367,1.311223,-0.2572995,-3.174999,0.03013296,-0.02271596,0.006864643,0.9992643,3.470432,357.417,0.7089316,0.3810391,-0.07560173,-0.9214624,0,0,0,0.6521774,-0.7804135,-1.316018,-0.5795997,-0.4008,1.915,0.9988737,0.01235019,0.04581219,-0.01508818,0.9980898,0.0599097,-0.04498478,-0.06053345,0.997152,static,-18.008475210769724,-11.551192014543043,-16.839123364851268,-11.821088380307142,-0.6590456,-0.523114,1.8589810000000002,-0.30347813748778213,-0.19079958760671947,0.9335397812211067,-16.639892512141728,-12.129349836671077,1.1932348500394219,1.20009490783253,0.3670395866265446
1127,05/07/2023 20:00:03.853710,1306,True,True,True,True,Eyes,1.310541,-0.2598537,-3.166493,-0.3422247,-0.2508228,0.905522,0.0,0.0,0.0,0.0,0.0,0.0,0.0,-1.161434,0.4679182,3.209088,1.311229,-0.2572979,-3.174995,0.03032251,-0.02267083,0.006827826,0.9992598,3.492031,357.4221,0.7043831,0.3810674,-0.07560237,-0.9214506,0,0,0,0.6523268,-0.7810777,-1.316151,-0.5795997,-0.4008,1.915,0.9988788,0.01227067,0.04572216,-0.01502041,0.9980679,0.06029053,-0.04489402,-0.0609097,0.9971331,static,-18.010097777238798,-11.539301883683548,-16.839123364851268,-11.821088380307142,-0.6589022,-0.5237798,1.858844,-0.3035163464028074,-0.19060341151978658,0.9335673954017674,-16.641569397408755,-12.117276610573427,1.1979824328667148,1.2044022185905003,0.3560267374798574
1128,05/07/2023 20:00:03.873542,1307,True,True,True,True,Eyes,1.310468,-0.2598561,-3.166498,-0.3421421,-0.2509762,0.9055108,0.0,0.0,0.0,0.0,0.0,0.0,0.0,-1.161836,0.4682843,3.208872,1.311227,-0.2572229,-3.174985,0.03041129,-0.02261374,0.006778487,0.9992588,3.502039,357.4285,0.6986974,0.3810931,-0.07560301,-0.9214399,0,0,0,0.6524976,-0.7812753,-1.316156,-0.5795998,-0.4008,1.915,0.9988853,0.0121715,0.04560622,-0.01492235,0.9980584,0.06047091,-0.04478166,-0.06108406,0.9971275,static,-18.010315887574894,-11.54071340718231,-16.83912610572083,-11.821088380307142,-0.6587293999999999,-0.5240524,1.8588289999999998,-0.30351855265541444,-0.19062628716169122,0.9335620950490654,-16.641771929309396,-12.118704289704237,1.197805012884389,1.2042822055789584,0.3571048872156402
1129,05/07/2023 20:00:03.891257,1308,True,True,True,True,Eyes,1.310396,-0.2598601,-3.166505,-0.3420655,-0.2511229,0.905499,0.0,0.0,0.0,0.0,0.0,0.0,0.0,-1.161675,0.4680331,3.208967,1.311212,-0.2571976,-3.174994,0.03037973,-0.02263758,0.006767916,0.9992593,3.498411,357.4258,0.697481,0.3811143,-0.0756037,-0.9214311,0,0,0,0.6523812,-0.7811183,-1.316163,-0.5795998,-0.4007999,1.915,0.9988835,0.01215036,0.04565283,-0.01490125,0.9980626,0.06040803,-0.0448304,-0.06102087,0.9971293,static,-18.003596006414657,-11.553336934413428,-16.83912610572083,-11.821085513920774,-0.6588308,-0.5239207,1.858831,-0.30339621974344283,-0.19083975696394706,0.9335581809416006,-16.635105461065237,-12.131590099496579,1.1879802935554988,1.1948554102694158,0.37153401070330805
1130,05/07/2023 20:00:03.903688,1309,True,True,True,True,Eyes,1.31031,-0.2598656,-3.166511,-0.3419941,-0.2513829,0.9054539,0.0,0.0,0.0,0.0,0.0,0.0,0.0,-1.161245,0.4678372,3.209157,1.311144,-0.2572538,-3.175022,0.03029945,-0.02268199,0.006872085,0.9992598,3.48951,357.421,0.7094804,0.3811315,-0.07560449,-0.9214239,0,0,0,0.6522409,-0.7810015,-1.316169,-0.5795997,-0.4007999,1.915,0.9988766,0.0123595,0.04574684,-0.0151085,0.9980695,0.0602423,-0.04491396,-0.06086579,0.9971349,static,-17.998665559938104,-11.574064614199541,-16.839123364851268,-11.821085513920774,-0.6589031000000001,-0.5237477,1.8588529999999999,-0.30329520961500445,-0.1911839402392007,0.9335206525254995,-16.630127044493914,-12.152665519993375,1.1779212421845857,1.1855620722197067,0.3919499487817542
1131,05/07/2023 20:00:03.923978,1310,True,True,True,True,Eyes,1.310229,-0.2598687,-3.166516,-0.3419279,-0.2516282,0.9054106,0.0,0.0,0.0,0.0,0.0,0.0,0.0,-1.160751,0.4676038,3.209363,1.311145,-0.2572926,-3.175013,0.03025458,-0.02275836,0.006876823,0.9992595,3.484433,357.4122,0.7098713,0.3811448,-0.07560541,-0.9214184,0,0,0,0.6519576,-0.7808772,-1.316214,-0.5795997,-0.4008001,1.915,0.9988695,0.01236637,0.04589911,-0.01512055,0.9980747,0.06015133,-0.04506689,-0.06077736,0.9971334,static,-17.987625843516188,-11.593415918663464,-16.839123364851268,-11.82109124669345,-0.6591874,-0.5235846000000001,1.8587989999999999,-0.3030955394914599,-0.1915119561697687,0.9335181085605248,-16.619185622236294,-12.172428924558618,1.162563151456385,1.1708518260194272,0.41450063270670495
1132,05/07/2023 20:00:03.933777,1311,True,True,True,True,Eyes,1.310116,-0.259871,-3.166523,-0.3418236,-0.2519142,0.9053706,0.0,0.0,0.0,0.0,0.0,0.0,0.0,-1.160436,0.4674055,3.209494,1.311161,-0.2572014,-3.175002,0.03025594,-0.02281535,0.006829319,0.9992584,3.484507,357.4055,0.7042191,0.3811547,-0.0756064,-0.9214142,0,0,0,0.6517158,-0.7807318,-1.316279,-0.5795998,-0.4008,1.915,0.9988656,0.01226791,0.04601012,-0.01502911,0.9980759,0.06015538,-0.04518361,-0.06077863,0.9971281,static,-17.974960969839795,-11.612004802756523,-16.83912610572083,-11.821088380307142,-0.6594452000000001,-0.5235304,1.8587230000000001,-0.3028701021202543,-0.19182926874741107,0.9335262684662176,-16.60666096367764,-12.19144166168932,1.146015267601836,1.1549185170173326,0.43726604635588456
1133,05/07/2023 20:00:03.973668,1312,True,True,True,True,Eyes,1.310006,-0.259875,-3.166527,-0.3417252,-0.252198,0.9053288,0.0,0.0,0.0,0.0,0.0,0.0,0.0,-1.160274,0.4676485,3.209516,1.311153,-0.2572112,-3.175003,0.03024969,-0.02282656,0.006939864,0.9992577,3.484086,357.4046,0.7168779,0.3811607,-0.07560743,-0.9214116,0,0,0,0.6517682,-0.7808544,-1.31629,-0.5795997,-0.4008,1.915,0.9988616,0.01248843,0.04603909,-0.01525042,0.9980736,0.06013765,-0.04519938,-0.0607713,0.9971278,static,-17.971819040545267,-11.625688586338631,-16.839123364851268,-11.821088380307142,-0.6593848,-0.5236432,1.8587129999999998,-0.3028052231974526,-0.19205638161184593,0.9335006816896201,-16.603484854106558,-12.20535347783949,1.1399603894023664,1.149426193027991,0.4507606603592749
1134,05/07/2023 20:00:03.983508,1313,True,True,True,True,Eyes,1.309856,-0.2598786,-3.166533,-0.3416101,-0.2524247,0.9053089,0.0,0.0,0.0,0.0,0.0,0.0,0.0,-1.159741,0.4685358,3.209504,1.311131,-0.2572545,-3.174932,0.03032489,-0.0228889,0.00708902,0.9992529,3.493138,357.398,0.7335794,0.3811634,-0.07560857,-0.9214104,0,0,0,0.6516565,-0.7813629,-1.316383,-0.5795997,-0.4007999,1.915,0.9988517,0.01277924,0.04617353,-0.01555565,0.9980603,0.06027995,-0.04531363,-0.06092899,0.997113,static,-17.961795599353522,-11.624605627135065,-16.839123364851268,-11.821085513920774,-0.6594745000000001,-0.5241084,1.858549,-0.30264230253737867,-0.19204913425901748,0.9335548514985855,-16.593692453750172,-12.204392031344321,1.1304740097449475,1.1397356237450897,0.45514856741868553
1135,05/07/2023 20:00:03.993750,1314,True,True,True,True,Eyes,1.309712,-0.2598838,-3.166536,-0.3414959,-0.2526489,0.9052895,0.0,0.0,0.0,0.0,0.0,0.0,0.0,-1.159285,0.4695652,3.20955,1.311194,-0.2572201,-3.174941,0.03049906,-0.02297085,0.007069076,0.9992459,3.513107,357.3886,0.7305564,0.3811619,-0.0756098,-0.9214109,0,0,0,0.6514018,-0.7819557,-1.316682,-0.5795997,-0.4007999,1.915,0.9988447,0.01272631,0.04633826,-0.01552867,0.9980397,0.06062735,-0.04547585,-0.06127688,0.9970843,static,-17.944597871442532,-11.61838355477146,-16.839123364851268,-11.821085513920774,-0.6597921999999999,-0.5247356000000001,1.858259,-0.3023671421067177,-0.19196535117710067,0.9336612932535748,-16.57692430848671,-12.19831933480011,1.115185617454002,1.123904786432627,0.45940581273389225
1136,05/07/2023 20:00:04.003731,1315,True,True,True,True,Eyes,1.309564,-0.2598876,-3.16654,-0.3413777,-0.2529468,0.9052509,0.0,0.0,0.0,0.0,0.0,0.0,0.0,-1.159569,0.4702637,3.209271,1.311223,-0.2572793,-3.17485,0.03056807,-0.02292177,0.007152891,0.9992443,3.521199,357.3946,0.7401679,0.381157,-0.07561118,-0.9214129,0,0,0,0.6516958,-0.7823775,-1.316598,-0.5795997,-0.4008,1.915,0.9988469,0.01289362,0.04624619,-0.01569632,0.9980289,0.06076201,-0.04537159,-0.06141784,0.9970804,static,-17.945893041339865,-11.625778284735281,-16.839123364851268,-11.821088380307142,-0.6595272,-0.5250982,1.8582520000000002,-0.3023810384519395,-0.1920849633138066,0.9336321995795779,-16.578134475141603,-12.205796629077396,1.1148027928157338,1.1238706109810694,0.46488239074389504
1137,05/07/2023 20:00:04.023605,1316,True,True,True,True,Eyes,1.309421,-0.259893,-3.166546,-0.3412643,-0.2532348,0.9052132,0.0,0.0,0.0,0.0,0.0,0.0,0.0,-1.159484,0.4705601,3.209295,1.311237,-0.2572477,-3.174883,0.03061551,-0.02293565,0.007162235,0.9992424,3.526672,357.3931,0.7410693,0.3811489,-0.07561265,-0.9214161,0,0,0,0.6516687,-0.7825352,-1.3167,-0.5795997,-0.4008,1.915,0.9988453,0.01290924,0.0462751,-0.01571799,0.9980228,0.06085609,-0.04539799,-0.06151317,0.9970733,static,-17.938611142569435,-11.637380225777038,-16.839123364851268,-11.821088380307142,-0.6595683,-0.5252874999999999,1.858183,-0.30225048843028035,-0.192282376615028,0.9336338970531775,-16.570926248120244,-12.21765465112949,1.1052501545475077,1.1147295902560808,0.4787426245664553
1138,05/07/2023 20:00:04.033476,1317,True,True,True,True,Eyes,1.309255,-0.2598975,-3.166552,-0.3411489,-0.253485,0.9051865,0.0,0.0,0.0,0.0,0.0,0.0,0.0,-1.159575,0.4707662,3.209269,1.311219,-0.2572885,-3.174925,0.0306617,-0.02292431,0.007109294,0.9992418,3.531819,357.3942,0.7349169,0.381138,-0.07561423,-0.9214205,0,0,0,0.6516464,-0.7826838,-1.316774,-0.5795997,-0.4008,1.915,0.9988478,0.01280201,0.04624982,-0.0156136,0.9980186,0.06095094,-0.04537788,-0.06160284,0.9970687,static,-17.932352394768117,-11.649321437385842,-16.839123364851268,-11.821088380307142,-0.6595726,-0.5253953,1.858151,-0.30213626797159404,-0.19248423328644124,0.933629108635109,-16.564715849651535,-12.229842638317859,1.096708377909968,1.1066406799559931,0.4923205539483231
1139,05/07/2023 20:00:04.053764,1318,True,True,True,True,Eyes,1.30909,-0.259899,-3.166567,-0.3410431,-0.2537111,0.9051632,0.0,0.0,0.0,0.0,0.0,0.0,0.0,-1.159808,0.4695849,3.209391,1.311226,-0.2572487,-3.174959,0.03052948,-0.02290372,0.006987109,0.9992472,3.516332,357.3961,0.7213109,0.3811239,-0.07561591,-0.9214262,0,0,0,0.6516103,-0.781998,-1.316641,-0.5795998,-0.4008,1.915,0.9988532,0.01256522,0.04619958,-0.01536217,0.9980382,0.06069293,-0.04534633,-0.06133305,0.9970868,static,-17.92737566466353,-11.682807767647853,-16.83912610572083,-11.821088380307142,-0.6596157,-0.5247493,1.858318,-0.3020217826881416,-0.19303723697744277,0.9335521436304731,-16.559595189571834,-12.263850152717188,1.0855378630057235,1.0969998315297993,0.5236177233352425
1140,05/07/2023 20:00:04.073862,1319,True,True,True,True,Eyes,1.308895,-0.2599082,-3.166584,-0.3408923,-0.2539438,0.9051547,0.0,0.0,0.0,0.0,0.0,0.0,0.0,-1.159849,0.4679801,3.209724,1.31106,-0.257205,-3.175146,0.03032142,-0.02288265,0.006887991,0.9992545,3.492212,357.398,0.7105473,0.381107,-0.07561757,-0.9214331,0,0,0,0.6514202,-0.7810524,-1.316582,-0.5795997,-0.4008,1.915,0.9988579,0.01237804,0.04614889,-0.01515338,0.9980663,0.06028239,-0.04531347,-0.06091286,0.9971139,static,-17.92088097765322,-11.72426755606793,-16.839123364851268,-11.821088380307142,-0.6596397999999999,-0.5238474,1.8585639999999999,-0.3018744034477998,-0.19372218944708847,0.9334578740086141,-16.552929702212214,-12.305959748330281,1.0726050219483347,1.0860818591898753,0.5630337965552219
1141,05/07/2023 20:00:04.091062,1320,True,True,True,True,Eyes,1.308713,-0.2599059,-3.1666,-0.3407584,-0.2541526,0.9051465,0.0,0.0,0.0,0.0,0.0,0.0,0.0,-1.159636,0.467795,3.209819,1.311006,-0.2573712,-3.175145,0.03015856,-0.02287569,0.0071667,0.9992576,3.474266,357.3997,0.7429635,0.3810868,-0.07561947,-0.9214413,0,0,0,0.6516452,-0.780952,-1.316407,-0.5795997,-0.4007999,1.915,0.9988506,0.01294296,0.04614969,-0.01570255,0.9980782,0.05994444,-0.04528514,-0.06060022,0.9971343,static,-17.922713283295543,-11.744726874091109,-16.839123364851268,-11.821085513920774,-0.6593607999999999,-0.5235808,1.858738,-0.30188401676063464,-0.19405487601933877,0.9333856455062687,-16.554565750382125,-12.32667129148757,1.0716704048835481,1.086277014960138,0.5801637824185428
1142,05/07/2023 20:00:04.104024,1321,True,True,True,True,Eyes,1.308514,-0.2598996,-3.166614,-0.3405813,-0.2542183,0.9051948,0.0,0.0,0.0,0.0,0.0,0.0,0.0,-1.15806,0.4663692,3.210671,1.311144,-0.2571153,-3.175186,0.02984631,-0.02310552,0.007494194,0.9992594,3.439509,357.3742,0.7805413,0.3810639,-0.07562122,-0.9214506,0,0,0,0.6512117,-0.7799275,-1.316434,-0.5795997,-0.4008,1.915,0.9988199,0.01359806,0.04662417,-0.01635651,0.998106,0.05930208,-0.04572947,-0.05999471,0.9971506,static,-17.896597780638626,-11.769412076693502,-16.839123364851268,-11.821088380307142,-0.6599323000000001,-0.5228122,1.858752,-0.3014323263563641,-0.19448616526394782,0.9334419510928008,-16.52884311028808,-12.352045665144969,1.0432057374122314,1.058736312969373,0.6149711169592883
1143,05/07/2023 20:00:04.113831,1322,True,True,True,True,Eyes,1.308325,-0.2598978,-3.16662,-0.3404085,-0.2542715,0.9052447,0.0,0.0,0.0,0.0,0.0,0.0,0.0,-1.158303,0.4630242,3.210991,1.31122,-0.257015,-3.175086,0.02935334,-0.02308756,0.0074537,0.9992747,3.38289,357.3759,0.7772313,0.3810382,-0.07562276,-0.9214611,0,0,0,0.6512927,-0.7779291,-1.315799,-0.5795998,-0.4008,1.915,0.9988228,0.01354119,0.04657921,-0.01625198,0.9981657,0.05831992,-0.04570405,-0.05900827,0.9972107,static,-17.891299951493597,-11.829775488622754,-16.83912610572083,-11.821088380307142,-0.6599273000000001,-0.5209141,1.859287,-0.3012853368056555,-0.19547896924805436,0.9332818587491191,-16.523204174598444,-12.413298671051122,1.0332356526366302,1.0522097070352192,0.6712076392795052
1144,05/07/2023 20:00:04.133583,1323,True,True,True,True,Eyes,1.308107,-0.2599072,-3.166617,-0.3402108,-0.2543678,0.905292,0.0,0.0,0.0,0.0,0.0,0.0,0.0,-1.159563,0.4621691,3.210531,1.31129,-0.2571274,-3.174917,0.0293578,-0.0229496,0.007054869,0.9992807,3.382253,357.3904,0.7319355,0.3810103,-0.07562423,-0.9214725,0,0,0,0.6515089,-0.7775673,-1.315446,-0.5795998,-0.4008,1.915,0.9988471,0.01275209,0.04628042,-0.01544709,0.9981767,0.05834955,-0.04545195,-0.05899717,0.9972229,static,-17.885215298598446,-11.850563109230444,-16.83912610572083,-11.821088380307142,-0.6597811000000001,-0.5204399,1.8594710000000003,-0.3011650081696769,-0.19582537533670746,0.9332481082787559,-16.51709675249651,-12.434450525633375,1.0263586065102996,1.0465043521650759,0.692759717115013
1145,05/07/2023 20:00:04.153880,1324,True,True,True,True,Eyes,1.307895,-0.2599174,-3.16662,-0.3400234,-0.2545271,0.9053177,0.0,0.0,0.0,0.0,0.0,0.0,0.0,-1.160833,0.4659009,3.209273,1.311215,-0.2572927,-3.174672,0.02999507,-0.02276147,0.006864163,0.9992674,3.454659,357.4117,0.70907,0.3809798,-0.07562602,-0.9214849,0,0,0,0.651992,-0.7798887,-1.315608,-0.5795997,-0.4007999,1.915,0.9988696,0.0123528,0.04590136,-0.01508373,0.9981064,0.05963369,-0.0450778,-0.06025865,0.9971644,static,-17.88570433224671,-11.795775791666662,-16.839123364851268,-11.821085513920774,-0.659223,-0.5225960000000001,1.859064,-0.30122784517078843,-0.19492885216110034,0.9334155682246679,-16.517991397766632,-12.37891447535786,1.0300329478106054,1.0468869582504887,0.6436605398046588
1146,05/07/2023 20:00:04.173667,1325,True,True,True,True,Eyes,1.307722,-0.2599201,-3.166625,-0.3399115,-0.2547978,0.9052836,0.0,0.0,0.0,0.0,0.0,0.0,0.0,-1.16021,0.4725856,3.208632,1.311136,-0.257421,-3.174807,0.03095553,-0.02282022,0.007039638,0.9992356,3.565239,357.4061,0.7265429,0.380947,-0.0756281,-0.9214983,0,0,0,0.6519019,-0.7838327,-1.316824,-0.5795999,-0.4008,1.915,0.9988593,0.01265569,0.04604138,-0.01548134,0.9979843,0.06154244,-0.04516973,-0.06218503,0.997042,static,-17.869849397218875,-11.695709513501784,-16.83912884659031,-11.821088380307142,-0.6592341,-0.5264117,1.857983,-0.3010679297375699,-0.193308601156561,0.9338040637888,-16.503249581667774,-12.277708219367168,1.0271553149265786,1.0383182140988614,0.5668479143721953
1147,05/07/2023 20:00:04.191116,1326,True,True,True,True,Eyes,1.307558,-0.2599202,-3.166638,-0.339811,-0.2550479,0.9052508,0.0,0.0,0.0,0.0,0.0,0.0,0.0,-1.15975,0.4761374,3.208352,1.311162,-0.2572157,-3.174893,0.03150747,-0.02288199,0.007135079,0.9992162,3.628794,357.3996,0.7358592,0.3809132,-0.07563019,-0.9215121,0,0,0,0.6518131,-0.7858122,-1.317571,-0.5795998,-0.4007999,1.915,0.998851,0.01281706,0.04617772,-0.01570088,0.9979128,0.06263901,-0.04527849,-0.06329207,0.9969674,static,-17.85567864795581,-11.643935419822482,-16.83912610572083,-11.821085513920774,-0.6593488999999999,-0.5285964999999999,1.857322,-0.3008871112519506,-0.19247620895175824,0.9340341606098062,-16.489787406499502,-12.225425378698832,1.0233924901532048,1.0318726796283704,0.5343484378403167
1148,05/07/2023 20:00:04.203901,1327,True,True,True,True,Eyes,1.307451,-0.259912,-3.166651,-0.3397542,-0.255333,0.9051918,0.0,0.0,0.0,0.0,0.0,0.0,0.0,-1.159582,0.4751995,3.208743,1.311177,-0.257156,-3.175084,0.03143808,-0.02293066,0.006952463,0.9992185,3.6204,357.3933,0.7149075,0.3808785,-0.07563218,-0.9215263,0,0,0,0.6514713,-0.7852667,-1.317751,-0.5795997,-0.4008,1.915,0.9988517,0.01245227,0.04626262,-0.01533585,0.9979267,0.06250816,-0.04538833,-0.06314585,0.9969716,static,-17.844151115413318,-11.675898500329382,-16.839123364851268,-11.821088380307142,-0.6597057000000001,-0.5281107,1.8573330000000001,-0.30066699078772097,-0.19301129945367468,0.9339946739825346,-16.47827313945881,-12.257978012118741,1.0056828486770517,1.0154609202956904,0.5666440113071542
1149,05/07/2023 20:00:04.223684,1328,True,True,True,True,Eyes,1.307346,-0.2599094,-3.166665,-0.3396991,-0.2555723,0.905145,0.0,0.0,0.0,0.0,0.0,0.0,0.0,-1.15999,0.4723904,3.209067,1.311171,-0.2569681,-3.17516,0.03110986,-0.02289276,0.006735398,0.9992312,3.582189,357.3967,0.690982,0.3808445,-0.07563379,-0.9215403,0,0,0,0.6513877,-0.7835817,-1.317428,-0.5795998,-0.4008,1.915,0.9988611,0.01203606,0.04616938,-0.01488482,0.9979736,0.06186349,-0.04533123,-0.06248026,0.9970162,static,-17.84361275164969,-11.736447428169864,-16.83912610572083,-11.821088380307142,-0.6597833000000001,-0.5266136000000001,1.857732,-0.3005983172710623,-0.1940026303044066,0.933811426992558,-16.477286462011385,-12.319354383300452,0.9952202984313923,1.0080463841649931,0.6157896860931553
1150,05/07/2023 20:00:04.233392,1329,True,True,True,True,Eyes,1.30722,-0.259914,-3.16668,-0.3396314,-0.2557572,0.9051181,0.0,0.0,0.0,0.0,0.0,0.0,0.0,-1.159743,0.4695625,3.209616,1.311122,-0.2571044,-3.175214,0.03059739,-0.02291112,0.006855356,0.9992458,3.523777,357.3948,0.7059948,0.3808111,-0.07563523,-0.921554,0,0,0,0.6513582,-0.7819455,-1.316974,-0.5795999,-0.4008,1.915,0.9988561,0.01229833,0.04620719,-0.01510241,0.9980336,0.06083449,-0.04536816,-0.06146275,0.9970778,static,-17.84554416705255,-11.801364464220233,-16.83912884659031,-11.821088380307142,-0.6597637999999999,-0.5248411,1.85824,-0.3005653502461585,-0.19506263854941183,0.9336011168796639,-16.47868145818505,-12.385124473155651,0.9901210915619708,1.0066085784091654,0.669372119111622
1151,05/07/2023 20:00:04.253870,1330,True,True,True,True,Eyes,1.307102,-0.2599155,-3.166691,-0.33956,-0.2559294,0.9050962,0.0,0.0,0.0,0.0,0.0,0.0,0.0,-1.1591,0.4684574,3.210029,1.311111,-0.2572818,-3.175224,0.03029897,-0.02298121,0.007105035,0.9992515,3.490276,357.3875,0.7351604,0.3807778,-0.07563674,-0.9215676,0,0,0,0.6513034,-0.7813118,-1.316771,-0.5795997,-0.4007999,1.915,0.9988428,0.01280682,0.04635856,-0.01559205,0.998063,0.06022601,-0.04549745,-0.06087914,0.9971077,static,-17.842779352431833,-11.83580271025385,-16.839123364851268,-11.821085513920774,-0.6598075999999999,-0.52403,1.8584530000000001,-0.3004857356015214,-0.19562889685507084,0.9335082431634338,-16.475716309237754,-12.42006674522429,0.9852647241473449,1.003763885221134,0.7006020293458756
1152,05/07/2023 20:00:04.273799,1331,True,True,True,True,Eyes,1.307002,-0.2599141,-3.166697,-0.3394647,-0.2560571,0.9050959,0.0,0.0,0.0,0.0,0.0,0.0,0.0,-1.159565,0.467934,3.209872,1.311196,-0.2572073,-3.175129,0.03019663,-0.02291379,0.007189786,0.9992555,3.478717,357.3954,0.7453815,0.3807448,-0.07563821,-0.9215811,0,0,0,0.6517159,-0.780959,-1.316481,-0.5795997,-0.4008,1.915,0.9988465,0.01298503,0.04622767,-0.0157527,0.998073,0.0600188,-0.04535924,-0.06067778,0.9971262,static,-17.848180573873478,-11.85232252010256,-16.839123364851268,-11.821088380307142,-0.6594801,-0.5237516999999999,1.858648,-0.3005575712738953,-0.19589340729316673,0.9334297126898845,-16.480871888083666,-12.436736931685834,0.9899293065636631,1.009540500707352,0.7122971707236034
1153,05/07/2023 20:00:04.291224,1332,True,True,True,True,Eyes,1.306905,-0.2599145,-3.166701,-0.339368,-0.2561864,0.9050955,0.0,0.0,0.0,0.0,0.0,0.0,0.0,-1.160936,0.4677224,3.209312,1.31117,-0.2571428,-3.175048,0.03020794,-0.02270741,0.007105506,0.9992605,3.479642,357.4188,0.7364032,0.3807125,-0.07563958,-0.9215944,0,0,0,0.6523849,-0.780835,-1.316137,-0.5795997,-0.4008,1.915,0.9988678,0.01282861,0.04581051,-0.01557239,0.998074,0.06004849,-0.04495194,-0.06069388,0.9971437,static,-17.864138214034217,-11.863456549827708,-16.839123364851268,-11.821088380307142,-0.6587850999999999,-0.5236921999999999,1.858911,-0.3008073846773776,-0.1960585870046348,0.9333144823019258,-16.496390171459637,-12.44780496572671,1.0053042814753064,1.0258901027079197,0.7143106609118952
1154,05/07/2023 20:00:04.303635,1333,True,True,True,True,Eyes,1.30684,-0.2599176,-3.166702,-0.3392958,-0.2563323,0.9050813,0.0,0.0,0.0,0.0,0.0,0.0,0.0,-1.16128,0.4683458,3.209072,1.311154,-0.2571836,-3.175027,0.0302874,-0.0226475,0.007137903,0.9992593,3.488788,357.4258,0.7401273,0.380681,-0.07564089,-0.9216073,0,0,0,0.6526271,-0.7812144,-1.316119,-0.5795998,-0.4008,1.915,0.9988723,0.01289336,0.04569381,-0.0156371,0.9980634,0.0602066,-0.04482906,-0.06085322,0.9971395,static,-17.867386229394288,-11.862434234477464,-16.83912610572083,-11.821088380307142,-0.6585268999999999,-0.5240308,1.858908,-0.3008615402212708,-0.1960384301973037,0.9333012991698242,-16.499573758990675,-12.446724674774243,1.0085130923208199,1.0290910365920158,0.7118402693894755
1155,05/07/2023 20:00:04.323998,1334,True,True,True,True,Eyes,1.306777,-0.2599217,-3.166704,-0.3392271,-0.2564831,0.9050643,0.0,0.0,0.0,0.0,0.0,0.0,0.0,-1.16176,0.4696298,3.208602,1.311149,-0.2572072,-3.174917,0.03046229,-0.02256499,0.007201169,0.9992552,3.508935,357.4356,0.7472325,0.380651,-0.07564221,-0.9216196,0,0,0,0.6529999,-0.7819723,-1.316083,-0.5795998,-0.4008,1.915,0.9988779,0.01301685,0.04553511,-0.01576637,0.9980404,0.06055422,-0.04465765,-0.06120419,0.9971257,static,-17.873424353046804,-11.849876401211203,-16.83912610572083,-11.821088380307142,-0.6581490999999999,-0.5247651,1.8588340000000003,-0.30097287324376126,-0.19582664887542672,0.9333098340080455,-16.50557312494024,-12.43391471131316,1.0148006708406274,1.0346988037922704,0.697720361578987
1156,05/07/2023 20:00:04.333860,1335,True,True,True,True,Eyes,1.306684,-0.2599265,-3.166712,-0.3391543,-0.2566264,0.9050509,0.0,0.0,0.0,0.0,0.0,0.0,0.0,-1.16188,0.4703864,3.208509,1.311155,-0.2571876,-3.174978,0.03061312,-0.02255493,0.007125164,0.9992515,3.526019,357.4366,0.7381673,0.3806224,-0.07564355,-0.9216313,0,0,0,0.6529791,-0.7824245,-1.316287,-0.5795997,-0.4008,1.915,0.998881,0.01285871,0.04551233,-0.01562061,0.9980242,0.06085898,-0.04463984,-0.06150182,0.9971082,static,-17.8676291885345,-11.844268704547408,-16.839123364851268,-11.821088380307142,-0.6581759,-0.5252368999999999,1.8586909999999999,-0.30088369710406415,-0.19574106594597895,0.9333564784666049,-16.499949408179017,-12.428309793704624,1.0093166068179191,1.0287670080160078,0.6955262883408122
1157,05/07/2023 20:00:04.353671,1336,True,True,True,True,Eyes,1.306598,-0.2599197,-3.166718,-0.3390992,-0.2567344,0.905041,0.0,0.0,0.0,0.0,0.0,0.0,0.0,-1.1613,0.4731272,3.208319,1.311137,-0.2573798,-3.174973,0.03091414,-0.02261086,0.007381081,0.999239,3.561221,357.4313,0.7665701,0.3805943,-0.07564497,-0.9216428,0,0,0,0.6530061,-0.7840597,-1.316675,-0.5795998,-0.4008001,1.915,0.9988685,0.01335294,0.04564366,-0.01614892,0.9979797,0.06144744,-0.04473094,-0.06211502,0.9970661,static,-17.862291469107884,-11.806389491314473,-16.83912610572083,-11.82109124669345,-0.6581309,-0.5266799,1.858298,-0.3008342911189238,-0.195127170671773,0.9335010165059293,-16.495018289687362,-12.389990030187645,1.0061992169141631,1.0232709819232568,0.6648729314060676
1158,05/07/2023 20:00:04.373452,1337,True,True,True,True,Eyes,1.306488,-0.2599168,-3.166724,-0.3390163,-0.2567745,0.9050606,0.0,0.0,0.0,0.0,0.0,0.0,0.0,-1.160058,0.4695947,3.209387,1.311192,-0.2570106,-3.175081,0.03052887,-0.02284766,0.00708693,0.9992477,3.51648,357.4028,0.7329621,0.3805667,-0.07564611,-0.9216541,0,0,0,0.651879,-0.7818814,-1.31669,-0.5795997,-0.4008,1.915,0.9988555,0.01276817,0.04609365,-0.01555822,0.9980356,0.06068796,-0.04522823,-0.06133564,0.9970919,static,-17.826239455572892,-11.861658029909286,-16.839123364851268,-11.821088380307142,-0.6593129999999999,-0.5248708,1.8583910000000001,-0.30018930023473894,-0.19606930773022696,0.9335111653210512,-16.459347526363125,-12.446496988187485,0.9681364465628358,0.9879494283769705,0.7316868280283592
1159,05/07/2023 20:00:04.391094,1338,True,True,True,True,Eyes,1.306381,-0.2599167,-3.166727,-0.3389381,-0.2568042,0.9050816,0.0,0.0,0.0,0.0,0.0,0.0,0.0,-1.160155,0.4674789,3.209645,1.311219,-0.2571044,-3.175047,0.03025619,-0.02286012,0.006895652,0.9992571,3.484739,357.4006,0.7116719,0.3805392,-0.07564713,-0.9216654,0,0,0,0.6516677,-0.780717,-1.316385,-0.5795997,-0.4008,1.915,0.9988597,0.01239774,0.04610354,-0.01516438,0.9980741,0.06015215,-0.045269,-0.06078269,0.997124,static,-17.817581568074946,-11.901318008919613,-16.839123364851268,-11.821088380307142,-0.6595513,-0.5236126,1.8586620000000003,-0.300007950974562,-0.19672722729420677,0.9334311773349915,-16.450580605512393,-12.486811786005696,0.959536691761755,0.9817419461156801,0.7708132904468814
1160,05/07/2023 20:00:04.403674,1339,True,True,True,True,Eyes,1.306258,-0.2599201,-3.166725,-0.3388374,-0.2567638,0.9051307,0.0,0.0,0.0,0.0,0.0,0.0,0.0,-1.160305,0.4667518,3.20964,1.311198,-0.2571723,-3.174992,0.03017863,-0.02284807,0.006775247,0.9992605,3.475527,357.4015,0.6980996,0.3805117,-0.07564813,-0.9216767,0,0,0,0.6515758,-0.7803457,-1.316232,-0.5795999,-0.4008,1.915,0.9988641,0.01216143,0.04607127,-0.01491952,0.9980867,0.060003,-0.0452534,-0.06062221,0.9971344,static,-17.81007464554099,-11.911802754590537,-16.83912884659031,-11.821088380307142,-0.6596222,-0.5231734,1.85876,-0.2998746131009168,-0.19690667615226354,0.9334361220865266,-16.44316084941619,-12.497540537626797,0.9524110467732699,0.9751742624790724,0.7838227962546753
1161,05/07/2023 20:00:04.423865,1340,True,True,True,True,Eyes,1.306139,-0.259923,-3.166721,-0.3387389,-0.2567409,0.9051741,0.0,0.0,0.0,0.0,0.0,0.0,0.0,-1.160321,0.4675713,3.209384,1.311189,-0.2572576,-3.174857,0.03026225,-0.02283483,0.006860648,0.9992577,3.485324,357.4034,0.707729,0.3804839,-0.07564924,-0.9216881,0,0,0,0.6517005,-0.78085,-1.316167,-0.5795999,-0.4008,1.915,0.998863,0.01232904,0.046051,-0.01509318,0.9980743,0.06016624,-0.04522052,-0.06079288,0.9971256,static,-17.806759705767046,-11.897296744262139,-16.83912884659031,-11.821088380307142,-0.6594884999999999,-0.5235924000000001,1.8586899999999997,-0.29983496545358196,-0.19667292103198453,0.9334981730250068,-16.44002986833937,-12.482883082585293,0.948872787430514,0.9706272169931187,0.7728209510645856
1162,05/07/2023 20:00:04.433873,1341,True,True,True,True,Eyes,1.30604,-0.2599237,-3.166715,-0.3386989,-0.2566859,0.9052046,0.0,0.0,0.0,0.0,0.0,0.0,0.0,-1.160184,0.4689767,3.209173,1.311194,-0.2572401,-3.1748,0.03044036,-0.02284287,0.006978953,0.9992513,3.506051,357.403,0.7208176,0.380456,-0.07565042,-0.9216995,0,0,0,0.6517937,-0.781646,-1.316309,-0.5795999,-0.4008,1.915,0.998859,0.01255676,0.04607641,-0.01533814,0.9980494,0.06051628,-0.04522664,-0.06115396,0.9971032,static,-17.80453427192001,-11.868889395633428,-16.83912884659031,-11.821088380307142,-0.6594002999999999,-0.5244058999999999,1.858491,-0.2998270120845589,-0.19621056807547757,0.9335979540364922,-16.438069850044116,-12.454121194717851,0.9466972012646755,0.9665881089286382,0.7493856569426611
1163,05/07/2023 20:00:04.453524,1342,True,True,True,True,Eyes,1.305943,-0.2599246,-3.166714,-0.3386607,-0.2566316,0.9052343,0.0,0.0,0.0,0.0,0.0,0.0,0.0,-1.160419,0.4702506,3.208876,1.311212,-0.2571897,-3.17477,0.03062863,-0.0228029,0.007030974,0.9992459,3.527736,357.4078,0.7264456,0.3804284,-0.07565161,-0.9217107,0,0,0,0.6520199,-0.7823659,-1.316422,-0.5795997,-0.4008,1.915,0.9988612,0.0126545,0.04600211,-0.01544819,0.9980249,0.06089041,-0.04514072,-0.06153172,0.9970838,static,-17.806137343876227,-11.842242051143314,-16.839123364851268,-11.821088380307142,-0.6591921000000001,-0.5251762,1.858348,-0.29987988398973603,-0.19577293742099824,0.9336728537830564,-16.439839855520358,-12.427091134911468,0.9489889806963123,0.967245322252596,0.7257180302373905
1164,05/07/2023 20:00:04.463838,1343,True,True,True,True,Eyes,1.305851,-0.2599259,-3.166712,-0.3386117,-0.2565255,0.9052827,0.0,0.0,0.0,0.0,0.0,0.0,0.0,-1.160451,0.4701295,3.20898,1.311195,-0.2571943,-3.174876,0.03061818,-0.02279759,0.007004558,0.9992467,3.526467,357.4084,0.7234602,0.3804012,-0.07565279,-0.9217219,0,0,0,0.6519977,-0.7822989,-1.31651,-0.5795997,-0.4008001,1.915,0.9988624,0.01260252,0.04598976,-0.0153946,0.9980269,0.06087084,-0.0451319,-0.06150959,0.9970856,static,-17.80253997358902,-11.837627928764418,-16.839123364851268,-11.82109124669345,-0.6591973000000001,-0.5251046,1.8583659999999997,-0.2998256364034188,-0.19570124403495864,0.9337053032327086,-16.436357525850774,-12.422463389601178,0.9456476833352808,0.9635585212355644,0.7237877971693119
1165,05/07/2023 20:00:04.483683,1344,True,True,True,True,Eyes,1.305762,-0.2599236,-3.166713,-0.3385678,-0.2564057,0.905333,0.0,0.0,0.0,0.0,0.0,0.0,0.0,-1.160207,0.4696463,3.209134,1.311208,-0.2572078,-3.174865,0.03052568,-0.02283366,0.007041663,0.9992483,3.515987,357.4043,0.7278263,0.3803745,-0.07565396,-0.9217328,0,0,0,0.6519057,-0.7820109,-1.316451,-0.5795998,-0.4007998,1.915,0.998858,0.01267871,0.0460629,-0.01546677,0.9980372,0.0606839,-0.0452031,-0.06132704,0.9970936,static,-17.796756539805685,-11.83881419874069,-16.83912610572083,-11.821082647534345,-0.6593022999999999,-0.5248031,1.858414,-0.2997298152723339,-0.19572674191326592,0.933730667492056,-16.43069363268497,-12.423744302832903,0.9399113555061406,0.9577945793298954,0.7280234582741036
1166,05/07/2023 20:00:04.503673,1345,True,True,True,True,Eyes,1.305629,-0.2599255,-3.166716,-0.3385655,-0.2563265,0.9053564,0.0,0.0,0.0,0.0,0.0,0.0,0.0,-1.160261,0.4679667,3.209438,1.311221,-0.2571243,-3.174946,0.03032357,-0.02284229,0.006914109,0.9992552,3.492497,357.4027,0.7136793,0.3803482,-0.07565502,-0.9217436,0,0,0,0.6517568,-0.7810125,-1.316331,-0.5795997,-0.4008,1.915,0.9988609,0.0124326,0.04606986,-0.01520323,0.9980653,0.06028608,-0.04523122,-0.06091782,0.9971174,static,-17.793694090343486,-11.861607166977336,-16.839123364851268,-11.821088380307142,-0.6594642,-0.5238882,1.858615,-0.2996569733294337,-0.19610290137338937,0.9336752293069801,-16.427525990012093,-12.44688760676864,0.9361873813545273,0.955430291564991,0.7490240789282471
1167,05/07/2023 20:00:04.513615,1346,True,True,True,True,Eyes,1.3055,-0.2599255,-3.166719,-0.3385614,-0.2562422,0.9053817,0.0,0.0,0.0,0.0,0.0,0.0,0.0,-1.160207,0.4665711,3.209674,1.311245,-0.2572275,-3.174941,0.03010289,-0.02285957,0.006876009,0.9992618,3.467119,357.4005,0.7098133,0.3803212,-0.07565614,-0.9217547,0,0,0,0.6516706,-0.7802413,-1.316119,-0.5795999,-0.4008,1.915,0.9988603,0.01236559,0.04609935,-0.01511814,0.9980931,0.05984697,-0.04527141,-0.0604757,0.9971426,static,-17.791911523106236,-11.882758562623406,-16.83912884659031,-11.821088380307142,-0.6595744,-0.5230138,1.858822,-0.29960661874896055,-0.19645080250527613,0.9336181583080622,-16.42562225831034,-12.468349714344097,0.9342209964504362,0.9547764345938659,0.7680722186684257
1168,05/07/2023 20:00:04.533815,1347,True,True,True,True,Eyes,1.305367,-0.2599254,-3.166722,-0.3386241,-0.256263,0.9053524,0.0,0.0,0.0,0.0,0.0,0.0,0.0,-1.16045,0.4657901,3.209706,1.311208,-0.2571827,-3.174966,0.03000601,-0.02282192,0.00682771,0.9992659,3.455862,357.4046,0.7046508,0.3802936,-0.07565724,-0.9217659,0,0,0,0.6517245,-0.779774,-1.315992,-0.5795997,-0.4008,1.915,0.9988651,0.0122758,0.04602008,-0.01501498,0.9981061,0.05965631,-0.04520059,-0.0602796,0.9971576,static,-17.799819718579393,-11.89747790939817,-16.839123364851268,-11.821088380307142,-0.6594834999999999,-0.5225913,1.858974,-0.2997212436849333,-0.19668322803291774,0.9335324623975741,-16.43324277109166,-12.48316099019386,0.9420830941806391,0.963728615441745,0.7765817388741907
1169,05/07/2023 20:00:04.553885,1348,True,True,True,True,Eyes,1.305237,-0.2599227,-3.166722,-0.3386822,-0.256281,0.9053256,0.0,0.0,0.0,0.0,0.0,0.0,0.0,-1.161079,0.4657925,3.209448,1.311217,-0.2571775,-3.174932,0.02999171,-0.02272128,0.006869679,0.9992684,3.45426,357.4163,0.7098505,0.3802655,-0.07565834,-0.9217774,0,0,0,0.6521497,-0.7797682,-1.315811,-0.5795997,-0.4007999,1.915,0.9988731,0.0123664,0.04582137,-0.0150922,0.9981066,0.05962735,-0.04499723,-0.06025171,0.9971685,static,-17.816174855776715,-11.899693660855739,-16.839123364851268,-11.821085513920774,-0.6590673,-0.5225907000000001,1.859121,-0.29998655641756267,-0.1967021397109612,0.9334432814986999,-16.44921751061481,-12.485184548302122,0.9581337223754673,0.9802085781527259,0.7701000601441993
1170,05/07/2023 20:00:04.573532,1349,True,True,True,True,Eyes,1.305123,-0.2599248,-3.166722,-0.3387433,-0.2563338,0.9052877,0.0,0.0,0.0,0.0,0.0,0.0,0.0,-1.161418,0.4655466,3.209308,1.311188,-0.2571175,-3.174895,0.02999475,-0.02267409,0.006788135,0.9992698,3.454366,357.4214,0.7006512,0.3802369,-0.07565936,-0.9217891,0,0,0,0.6522222,-0.7796195,-1.315714,-0.5795998,-0.4007999,1.915,0.9988796,0.01220615,0.04572227,-0.01492656,0.9981085,0.05963787,-0.04490784,-0.06025353,0.9971724,static,-17.823570454448884,-11.90635544185155,-16.83912610572083,-11.821085513920774,-0.6589658,-0.522502,1.8591809999999998,-0.30010080478261286,-0.1968032380590434,0.933385157663718,-16.45639807297448,-12.4918360837595,0.9654907884637388,0.9881303741672567,0.7722610141583388
1171,05/07/2023 20:00:04.583683,1350,True,True,True,True,Eyes,1.305011,-0.2599263,-3.166726,-0.3388038,-0.2563952,0.9052478,0.0,0.0,0.0,0.0,0.0,0.0,0.0,-1.161633,0.4669729,3.209015,1.311154,-0.2572306,-3.174893,0.0301656,-0.02262382,0.006880443,0.9992652,3.474149,357.4276,0.7109819,0.3802083,-0.07566043,-0.9218008,0,0,0,0.65247,-0.7804875,-1.315823,-0.5795997,-0.4008,1.915,0.9988816,0.01238585,0.04562949,-0.0151157,0.9980853,0.05997554,-0.04479928,-0.06059819,0.9971564,static,-17.834282992870644,-11.887917374292783,-16.839123364851268,-11.821088380307142,-0.6586839999999999,-0.5232569,1.85907,-0.3002945709684581,-0.19649032310463233,0.9333888881143954,-16.467012647740166,-12.473002730931004,0.975775412880485,0.9974010224963659,0.7506388654594635
1172,05/07/2023 20:00:04.603789,1351,True,True,True,True,Eyes,1.304893,-0.2599232,-3.166733,-0.3388771,-0.2563977,0.9052197,0.0,0.0,0.0,0.0,0.0,0.0,0.0,-1.161363,0.4678806,3.20903,1.311108,-0.2571955,-3.174964,0.03031262,-0.02265749,0.006881243,0.99926,3.491025,357.4238,0.7105832,0.3801798,-0.07566153,-0.9218125,0,0,0,0.6523058,-0.7810041,-1.316092,-0.5795997,-0.4007998,1.915,0.9988785,0.01237868,0.04569862,-0.01512591,0.9980676,0.06026854,-0.04486427,-0.06089219,0.9971355,static,-17.833822377686193,-11.871367799453516,-16.839123364851268,-11.821082647534345,-0.6588021999999999,-0.5238086,1.858872,-0.30030365061570713,-0.19622013137956823,0.9334428489233039,-16.466688078002434,-12.456235251854956,0.9754106307177176,0.9959692377971863,0.7362926549038962
1173,05/07/2023 20:00:04.613469,1352,True,True,True,True,Eyes,1.304779,-0.2599209,-3.166743,-0.3389505,-0.2563936,0.9051933,0.0,0.0,0.0,0.0,0.0,0.0,0.0,-1.160434,0.4677871,3.209454,1.311068,-0.2571026,-3.175063,0.0303122,-0.02279512,0.006878089,0.999257,3.491066,357.408,0.7097409,0.3801512,-0.07566252,-0.9218242,0,0,0,0.6517467,-0.7809043,-1.316373,-0.5795997,-0.4008,1.915,0.9988661,0.01236401,0.04597335,-0.01512789,0.9980677,0.06026576,-0.04513939,-0.06089291,0.9971231,static,-17.82263591071732,-11.870538861539151,-16.839123364851268,-11.821088380307142,-0.6593212999999999,-0.5238016999999999,1.8586900000000002,-0.3001214820364562,-0.1962184046358539,0.9335017212830953,-16.455756573439206,-12.455547068535056,0.9644440861742403,0.9847549329503257,0.7412880167825896
1174,05/07/2023 20:00:04.633825,1353,True,True,True,True,Eyes,1.30464,-0.2599203,-3.166754,-0.3389728,-0.2563457,0.9051985,0.0,0.0,0.0,0.0,0.0,0.0,0.0,-1.16005,0.4672506,3.209753,1.311065,-0.2571213,-3.175146,0.03020293,-0.02284783,0.006932496,0.9992586,3.478722,357.4021,0.7160782,0.3801224,-0.07566341,-0.921836,0,0,0,0.6515917,-0.7805798,-1.316413,-0.5795998,-0.4008,1.915,0.9988598,0.01247457,0.04608055,-0.01523486,0.9980794,0.06004427,-0.04524303,-0.06067785,0.9971315,static,-17.820050549640477,-11.87763257684889,-16.83912610572083,-11.821088380307142,-0.6594732999999999,-0.5234585,1.8587329999999997,-0.3000720792003816,-0.19633717456659827,0.933492615192078,-16.453174756659326,-12.462771992926376,0.9618354893757325,0.9825528030806394,0.7488099241773347
1477,05/07/2023 20:00:09.683935,1656,True,True,True,True,Eyes,1.304236,-0.2567335,-3.166111,-0.2273851,0.1036376,0.9682744,0.0,0.0,0.0,0.0,0.0,0.0,0.0,-1.163198,0.4460315,3.211699,1.31096,-0.257129,-3.175256,0.02684437,-0.02234919,0.007003944,0.9993652,3.093625,357.4576,0.7344247,0.3802502,-0.07477577,-0.9218555,0,0,0,0.9048629,0.02744374,-1.103831,-0.3086999,0.4008,2.069,0.9989029,0.0127991,0.04504604,-0.0151989,0.9984607,0.05334159,-0.04429398,-0.05396771,0.9975598,static,-10.633575634014353,9.281360398704528,-8.486070519988186,10.963361697755134,-0.4060970999999999,0.28457274,2.071425,-0.18219224467886475,0.15858336909713586,0.970390308358347,-9.587292500676368,8.885179898606566,2.726966787129522,2.7278025193874402,2.351920373027791
1478,05/07/2023 20:00:09.703846,1657,True,True,True,True,Eyes,1.304099,-0.2567278,-3.166119,-0.2269633,0.1048097,0.9682472,0.0,0.0,0.0,0.0,0.0,0.0,0.0,-1.162762,0.4458686,3.211906,1.310995,-0.2571692,-3.175265,0.02680689,-0.02242074,0.007017419,0.9993646,3.089418,357.4494,0.7358425,0.3802071,-0.07477478,-0.9218734,0,0,0,0.9045926,0.02754914,-1.10392,-0.3087,0.4008,2.069,0.9988961,0.01282386,0.04518921,-0.01522798,0.9984642,0.05326503,-0.04443676,-0.05389438,0.9975574,static,-10.601375004308164,9.345011432543851,-8.48607322893318,10.963361697755134,-0.40640239999999994,0.28471833999999996,2.071345,-0.18161437048752857,0.15967865585677854,0.9703190198924325,-9.556291512581742,8.949255592359034,2.662249112875604,2.6633736466770848,2.2807872716344075
1479,05/07/2023 20:00:09.723857,1658,True,True,True,True,Eyes,1.303968,-0.2567196,-3.166127,-0.2265549,0.1059375,0.9682201,0.0,0.0,0.0,0.0,0.0,0.0,0.0,-1.162295,0.4451587,3.212193,1.310973,-0.2571213,-3.175297,0.02669912,-0.02248924,0.007026235,0.9993659,3.07714,357.4415,0.7369137,0.3801648,-0.07477382,-0.9218909,0,0,0,0.904281,0.0280384,-1.10407,-0.3087,0.4008,2.069,0.9988897,0.01284267,0.04532514,-0.01524444,0.9984756,0.05304835,-0.04457476,-0.0536804,0.9975628,static,-10.570136942204613,9.397968718347379,-8.48607322893318,10.963361697755134,-0.40669199999999994,0.2851597,2.071227,-0.18105813174595092,0.16059218003616257,0.9702722006242208,-9.526150403699914,9.002505770074924,2.6051267254658454,2.6064874334924015,2.219620800630002
1480,05/07/2023 20:00:09.733793,1659,True,True,True,True,Eyes,1.303823,-0.2567126,-3.166131,-0.2261078,0.1070845,0.9681984,0.0,0.0,0.0,0.0,0.0,0.0,0.0,-1.162552,0.4448397,3.212137,1.310966,-0.2570557,-3.175299,0.02666683,-0.02245063,0.007007243,0.9993677,3.073363,357.4459,0.7349357,0.3801234,-0.07477281,-0.921908,0,0,0,0.9044455,0.02825235,-1.104058,-0.3087,0.4008,2.069,0.9988937,0.01280825,0.0452466,-0.015203,0.9984795,0.05298532,-0.04449916,-0.05361459,0.9975697,static,-10.549599746015476,9.460322543801446,-8.48607322893318,10.963361697755134,-0.40652050000000006,0.28530805,2.0712409999999997,-0.18067842537511522,0.16165948364745591,0.970165700833861,-9.506543724656352,9.065425147562484,2.5511338113872615,2.55289411942987,2.1548835655781207
1481,05/07/2023 20:00:09.753669,1660,True,True,True,True,Eyes,1.303686,-0.2567089,-3.166135,-0.2256728,0.1081817,0.968178,0.0,0.0,0.0,0.0,0.0,0.0,0.0,-1.163127,0.4450076,3.211831,1.311035,-0.2570914,-3.175192,0.02667274,-0.02236829,0.007048139,0.9993691,3.074083,357.4554,0.7398648,0.3800825,-0.07477181,-0.921925,0,0,0,0.9048268,0.02816356,-1.103883,-0.3087,0.4008,2.069,0.9988999,0.01289414,0.04508435,-0.01528063,0.9984778,0.05299651,-0.04433237,-0.05362712,0.9975765,static,-10.533954428470722,9.525702161936799,-8.48607322893318,10.963361697755134,-0.4062081999999999,0.28525496,2.0713090000000003,-0.1803799768228332,0.1627755032314956,0.9700347066305709,-9.491743185463974,9.131477764214232,2.499873006531135,2.5021355575485345,2.0897776933047068
1482,05/07/2023 20:00:09.773916,1661,True,True,True,True,Eyes,1.303522,-0.2567078,-3.166138,-0.2252272,0.1092852,0.9681578,0.0,0.0,0.0,0.0,0.0,0.0,0.0,-1.163525,0.4452621,3.211617,1.311026,-0.2571958,-3.175153,0.02666453,-0.02229588,0.007131665,0.9993704,3.0733,357.464,0.7496879,0.3800423,-0.07477091,-0.9219417,0,0,0,0.9050596,0.02803393,-1.103793,-0.3087,0.4008,2.069,0.998904,0.01306533,0.044944,-0.01544337,0.9984763,0.05297745,-0.04418335,-0.05361348,0.9975838,static,-10.515837105030375,9.590775304436928,-8.48607322893318,10.963361697755134,-0.40596640000000006,0.28522972999999996,2.07136,-0.1800396319179581,0.16388748955284704,0.969910662879129,-9.474523260168185,9.19718616868552,2.4474963299759924,2.4502927987959713,2.0239588591996673
1483,05/07/2023 20:00:09.783864,1662,True,True,True,True,Eyes,1.303367,-0.2567033,-3.166146,-0.2247961,0.1103453,0.9681377,0.0,0.0,0.0,0.0,0.0,0.0,0.0,-1.163861,0.4461918,3.211379,1.311025,-0.2572336,-3.175163,0.02680825,-0.02224376,0.007122231,0.9993678,3.089709,357.47,0.7484078,0.3800019,-0.0747702,-0.9219584,0,0,0,0.9052815,0.02740534,-1.103678,-0.3087,0.4008,2.069,0.998909,0.01304282,0.04484126,-0.01542809,0.9984612,0.05326575,-0.04407752,-0.05389944,0.9975731,static,-10.498101603641185,9.66842466577068,-8.48607322893318,10.963361697755134,-0.40574350000000015,0.28463894,2.071485,-0.17969911858022017,0.16521224633044593,0.9697489976341973,-9.457772271401113,9.275646323118275,2.3891891061859076,2.392722319333117,1.9474553178234242
1484,05/07/2023 20:00:09.804101,1663,True,True,True,True,Eyes,1.303222,-0.2566983,-3.166155,-0.2242492,0.1114737,0.9681352,0.0,0.0,0.0,0.0,0.0,0.0,0.0,-1.164171,0.4459843,3.211434,1.311094,-0.2571485,-3.175282,0.02680461,-0.02221045,0.007079338,0.9993689,3.089158,357.4737,0.7436005,0.3799616,-0.07476954,-0.921975,0,0,0,0.905517,0.02753682,-1.10377,-0.3087,0.4008,2.069,0.9989132,0.01295905,0.04477238,-0.01534043,0.9984628,0.05326091,-0.04401335,-0.05388986,0.9975764,static,-10.471484498993535,9.732182748655926,-8.48607322893318,10.963361697755134,-0.40557699999999997,0.28468532,2.0715120000000002,-0.1792151667200892,0.1663061821772112,0.9696515006735671,-9.432231507443667,9.33990637522005,2.332068074004234,2.33616341808267,1.8790483421831985
1485,05/07/2023 20:00:09.823994,1664,True,True,True,True,Eyes,1.303084,-0.2566946,-3.166163,-0.2237275,0.1125562,0.9681307,0.0,0.0,0.0,0.0,0.0,0.0,0.0,-1.163753,0.4458313,3.211706,1.311061,-0.2571639,-3.175394,0.02675575,-0.02226356,0.007134524,0.9993686,3.083738,357.4678,0.7498875,0.3799217,-0.07476891,-0.9219915,0,0,0,0.9052268,0.02768447,-1.103955,-0.3087,0.4008,2.069,0.9989069,0.01306868,0.04488079,-0.01545139,0.9984664,0.05316003,-0.04411723,-0.05379538,0.997577,static,-10.434673090550625,9.79009216564351,-8.48607322893318,10.963361697755134,-0.40583420000000003,0.28484837,2.071439,-0.17856151060966063,0.1673063501860867,0.9696000808649854,-9.396678585759117,9.398100039181768,2.2700268236375027,2.274555520464814,1.8108689007434908
1486,05/07/2023 20:00:09.833523,1665,True,True,True,True,Eyes,1.302921,-0.2566928,-3.166175,-0.2231266,0.1137815,0.9681262,0.0,0.0,0.0,0.0,0.0,0.0,0.0,-1.163459,0.445699,3.211801,1.311043,-0.2572137,-3.175367,0.02670032,-0.02229889,0.007204236,0.9993689,3.077588,357.4639,0.7579122,0.3798823,-0.07476832,-0.9220079,0,0,0,0.9050151,0.02781479,-1.103992,-0.3086999,0.4008,2.069,0.9989017,0.0132086,0.04495434,-0.01559015,0.9984704,0.05304564,-0.04418492,-0.05368823,0.9975797,static,-10.39511465942942,9.855851055604006,-8.486070519988186,10.963361697755134,-0.4060279,0.28502848999999997,2.0713749999999997,-0.17785718091696007,0.16844090210672746,0.9695331527028836,-9.35849937435161,9.464212174598531,2.2019668313517404,2.207040857984494,1.7345262750118682
1487,05/07/2023 20:00:09.853899,1666,True,True,True,True,Eyes,1.302768,-0.2566869,-3.166186,-0.2225527,0.1149653,0.9681184,0.0,0.0,0.0,0.0,0.0,0.0,0.0,-1.163001,0.4459233,3.211925,1.311061,-0.2572511,-3.175346,0.02667327,-0.0223567,0.007349602,0.9993672,3.074902,357.4577,0.774474,0.3798426,-0.07476785,-0.9220243,0,0,0,0.9046952,0.02778461,-1.104037,-0.3087,0.4008,2.069,0.9988923,0.01349725,0.04507717,-0.01588256,0.998469,0.05298416,-0.04429302,-0.05364141,0.9975774,static,-10.353369461882538,9.924111281182585,-8.48607322893318,10.963361697755134,-0.4063658,0.28503571,2.071309,-0.1771144241615958,0.16961892954047086,0.9694636973066044,-9.318201020217685,9.532829815945185,2.1313426590326747,2.1370158281896474,1.654949584096974
1488,05/07/2023 20:00:09.873661,1667,True,True,True,True,Eyes,1.302633,-0.2566819,-3.166193,-0.2219174,0.1162196,0.9681145,0.0,0.0,0.0,0.0,0.0,0.0,0.0,-1.162626,0.4451671,3.212173,1.311071,-0.2571509,-3.175357,0.02658651,-0.02242167,0.007306964,0.9993684,3.0649,357.4501,0.7696018,0.3798029,-0.07476737,-0.9220406,0,0,0,0.9044647,0.02827579,-1.10415,-0.3087,0.4008,2.069,0.9988878,0.01341247,0.04520353,-0.01579692,0.9984795,0.05281175,-0.04442647,-0.05346709,0.9975809,static,-10.310100501022811,9.985202429884794,-8.48607322893318,10.963361697755134,-0.4066063000000001,0.28542669000000004,2.0712070000000002,-0.1763495763714144,0.17067633314268527,0.9694175721410048,-9.276358276211267,9.594160573733761,2.0635691706882793,2.0697514446540155,1.5809054917902972
1489,05/07/2023 20:00:09.893652,1668,True,True,True,True,Eyes,1.302505,-0.2566782,-3.166203,-0.2213131,0.1174128,0.9681088,0.0,0.0,0.0,0.0,0.0,0.0,0.0,-1.162545,0.4450629,3.212219,1.311154,-0.2571966,-3.175321,0.0265737,-0.02245056,0.007279349,0.9993683,3.063384,357.4467,0.7663782,0.3797638,-0.07476688,-0.9220568,0,0,0,0.9044474,0.02830293,-1.104143,-0.3087,0.4008,2.069,0.9988859,0.01335631,0.04525964,-0.01574269,0.9984817,0.05278697,-0.04448589,-0.05344068,0.9975796,static,-10.272752722514975,10.051698545800935,-8.48607322893318,10.963361697755134,-0.4067065999999999,0.28549953,2.0711779999999997,-0.17568210554138075,0.17182212182311438,0.9693362980501867,-9.240346181654933,9.661049955301168,1.9989499220498719,2.005829832118559,1.5049729438568256
1490,05/07/2023 20:00:09.903904,1669,True,True,True,True,Eyes,1.302376,-0.2566763,-3.166212,-0.220705,0.1186348,0.9680988,0.0,0.0,0.0,0.0,0.0,0.0,0.0,-1.162382,0.4460873,3.212179,1.311199,-0.2572194,-3.175345,0.02671562,-0.02247761,0.007317735,0.9993637,3.079767,357.4438,0.77034,0.3797253,-0.07476643,-0.9220727,0,0,0,0.9043568,0.02766164,-1.104108,-0.3086999,0.4008,2.069,0.9988824,0.01342515,0.04531759,-0.01582716,0.9984654,0.05306826,-0.04453561,-0.0537262,0.9975621,static,-10.23482390413607,10.139040822383688,-8.486070519988186,10.963361697755134,-0.40684220000000004,0.28488104,2.071237,-0.1749937436523355,0.17332119573718374,0.9691940735210124,-9.203924431347753,9.74905996246017,1.9252944028776275,1.933298555356059,1.4106179292758878
1491,05/07/2023 20:00:09.913495,1670,True,True,True,True,Eyes,1.302255,-0.2566732,-3.166216,-0.220118,0.1197984,0.968089,0.0,0.0,0.0,0.0,0.0,0.0,0.0,-1.162278,0.4468215,3.212076,1.311197,-0.2572809,-3.175301,0.02681265,-0.02249059,0.007340639,0.9993605,3.090956,357.4424,0.7726824,0.3796874,-0.07476605,-0.9220883,0,0,0,0.904287,0.02717977,-1.10402,-0.3087,0.4008,2.069,0.9988806,0.01346582,0.04534605,-0.01587795,0.9984543,0.05326081,-0.04455876,-0.0539212,0.9975505,static,-10.199820369298134,10.217577787020183,-8.48607322893318,10.963361697755134,-0.40691,0.28446066999999997,2.071281,-0.17435939188680033,0.17466947028897142,0.9690661902560602,-9.17029600301659,9.828185134352513,1.8598952536246691,1.868989808056796,1.3254382802201636
1492,05/07/2023 20:00:09.933722,1671,True,True,True,True,Eyes,1.302135,-0.2566725,-3.166221,-0.219537,0.1209398,0.9680791,0.0,0.0,0.0,0.0,0.0,0.0,0.0,-1.162496,0.447396,3.211841,1.31124,-0.2572481,-3.175209,0.02695261,-0.02247609,0.007227188,0.9993579,3.106695,357.4438,0.7593627,0.3796501,-0.07476571,-0.9221036,0,0,0,0.904469,0.02671206,-1.103832,-0.3086999,0.4008,2.069,0.9988852,0.01323351,0.0453129,-0.01565667,0.9984426,0.05354573,-0.04453374,-0.05419548,0.9975368,static,-10.170765475594182,10.296744397553763,-8.486070519988186,10.963361697755134,-0.406771,0.28396015999999996,2.071377,-0.17382533034086867,0.17602517169876988,0.9689169040274591,-9.142488771506999,9.908029300535002,1.8014208503248916,1.8117879893552824,1.242823957585871
1493,05/07/2023 20:00:09.953556,1672,True,True,True,True,Eyes,1.302019,-0.2566723,-3.166231,-0.2189818,0.1220426,0.9680664,0.0,0.0,0.0,0.0,0.0,0.0,0.0,-1.163243,0.4481315,3.21148,1.311208,-0.2573224,-3.175229,0.027043,-0.02235061,0.007262559,0.9993581,3.117047,357.4584,0.7635835,0.3796136,-0.07476547,-0.9221187,0,0,0,0.9049323,0.02623749,-1.1037,-0.3086999,0.4008,2.069,0.9988954,0.01330694,0.04506532,-0.01572465,0.9984319,0.05372662,-0.04427972,-0.05437591,0.9975383,static,-10.153313906111814,10.371838722286649,-8.486070519988186,10.963361697755134,-0.4062756999999999,0.28355989,2.071529,-0.17348968125788797,0.17730557177203415,0.9687435390600487,-9.125995980323506,9.983903668238153,1.7572575213775452,1.7690675337815887,1.1699754810980698
1494,05/07/2023 20:00:09.963893,1673,True,True,True,True,Eyes,1.301885,-0.256672,-3.16624,-0.2184057,0.1231655,0.9680544,0.0,0.0,0.0,0.0,0.0,0.0,0.0,-1.163022,0.4476236,3.211764,1.311213,-0.2573361,-3.175361,0.02694074,-0.02237967,0.007312064,0.9993598,3.105477,357.4551,0.7694272,0.3795777,-0.07476533,-0.9221334,0,0,0,0.9047821,0.02661333,-1.103916,-0.3087,0.4008,2.069,0.9988914,0.01340892,0.04512466,-0.01582061,0.9984415,0.0535197,-0.04433669,-0.05417426,0.9975467,static,-10.115986613829119,10.425796322083812,-8.48607322893318,10.963361697755134,-0.40643089999999993,0.28394943,2.071445,-0.17282892330565502,0.17823883008887967,0.9686904532716605,-9.089908601320055,10.038084979111023,1.7037195590741858,1.716273339355823,1.1048774425294465
1495,05/07/2023 20:00:09.984053,1674,True,True,True,True,Eyes,1.301752,-0.2566739,-3.166258,-0.2178567,0.1242513,0.9680393,0.0,0.0,0.0,0.0,0.0,0.0,0.0,-1.163295,0.4477259,3.211612,1.311232,-0.2573465,-3.175312,0.02694918,-0.02233873,0.007328793,0.9993603,3.106456,357.4599,0.7714522,0.379542,-0.07476529,-0.9221481,0,0,0,0.9049587,0.02655622,-1.103829,-0.3087,0.4008,2.069,0.9988946,0.01344419,0.04504388,-0.01585223,0.9984401,0.05353645,-0.04425386,-0.05419132,0.9975495,static,-10.089204386382667,10.489800487055813,-8.48607322893318,10.963361697755134,-0.40627329999999995,0.28390272,2.0714829999999997,-0.17234115457425203,0.17933637726220591,0.9685747280729308,-9.064208255701145,10.102592203051442,1.6578717240235752,1.6716129122091454,1.0369012644357447
1496,05/07/2023 20:00:10.004214,1675,True,True,True,True,Eyes,1.3016,-0.2566748,-3.166274,-0.2173241,0.1253359,0.9680192,0.0,0.0,0.0,0.0,0.0,0.0,0.0,-1.162826,0.447166,3.212025,1.311127,-0.257403,-3.175518,0.02684135,-0.0223914,0.00735326,0.9993619,3.094201,357.4538,0.7743649,0.3795063,-0.07476538,-0.9221628,0,0,0,0.9046181,0.02693025,-1.104141,-0.3087,0.4008,2.069,0.9988891,0.01349511,0.04514896,-0.01589917,0.9984509,0.05331915,-0.04435948,-0.05397775,0.9975564,static,-10.052112724166534,10.54030330082551,-8.48607322893318,10.963361697755134,-0.40650889999999995,0.28433325,2.071377,-0.17168619378391908,0.18021097012047818,0.9685287197344676,-9.028325006414697,10.153275134512628,1.607695857649034,1.6221769656370428,0.9748216401618921
1497,05/07/2023 20:00:10.013855,1676,True,True,True,True,Eyes,1.301459,-0.2566706,-3.166296,-0.2168427,0.126404,0.9679882,0.0,0.0,0.0,0.0,0.0,0.0,0.0,-1.162399,0.4476041,3.212072,1.311125,-0.2573937,-3.175472,0.02681277,-0.02242909,0.007608955,0.9993599,3.091607,357.4503,0.803646,0.3794703,-0.07476558,-0.9221776,0,0,0,0.9042861,0.02687368,-1.104151,-0.3087,0.4008,2.069,0.9988781,0.0140054,0.0452375,-0.01641094,0.9984464,0.05324988,-0.04442143,-0.05393253,0.997556,static,-10.015952631156589,10.604189270486211,-8.48607322893318,10.963361697755134,-0.4068389000000001,0.28426738,2.071321,-0.17103971907926022,0.18131146663277908,0.9684376333369582,-8.99345435480333,10.217535151890651,1.555847652024159,1.5714756815992117,0.9020492466630676
1498,05/07/2023 20:00:10.033832,1677,True,True,True,True,Eyes,1.301298,-0.2566611,-3.166311,-0.2164924,0.1274166,0.967934,0.0,0.0,0.0,0.0,0.0,0.0,0.0,-1.159702,0.4456128,3.213526,1.311256,-0.2572592,-3.175635,0.02638455,-0.02283005,0.00795555,0.9993595,3.043755,357.4051,0.8432494,0.3794341,-0.0747657,-0.9221925,0,0,0,0.9025193,0.02853443,-1.104897,-0.3086999,0.4008,2.069,0.998831,0.01469619,0.04605066,-0.01710563,0.9984812,0.05237206,-0.04521104,-0.05309856,0.9975653,static,-9.94276639438614,10.620030996098247,-8.486070519988186,10.963361697755134,-0.40873669999999995,0.28579363,2.0707380000000004,-0.16979278251281243,0.18161899455433017,0.9685995712331027,-8.922015380963638,10.232597123333187,1.4816958523849186,1.4966091143609386,0.850919963945491
1499,05/07/2023 20:00:10.053868,1678,True,True,True,True,Eyes,1.301141,-0.2566531,-3.166314,-0.2161355,0.1283934,0.9678847,0.0,0.0,0.0,0.0,0.0,0.0,0.0,-1.159783,0.4414952,3.213923,1.311432,-0.2571074,-3.17543,0.02589473,-0.02288703,0.007616375,0.9993737,2.986787,357.3972,0.805433,0.3793974,-0.07476564,-0.9222075,0,0,0,0.9026837,0.03096845,-1.105011,-0.3087,0.4008,2.069,0.9988363,0.0140379,0.04613983,-0.01640851,0.9985429,0.0514084,-0.04535092,-0.05210566,0.9976113,static,-9.920722796297422,10.612901313262821,-8.48607322893318,10.963361697755134,-0.40874829999999995,0.28807584999999997,2.0704190000000002,-0.16942358208106528,0.1815101696172144,0.9686846340157619,-8.90040758570584,10.225071379182474,1.4624588582346159,1.4768350829516848,0.846608264606681
1500,05/07/2023 20:00:10.073597,1679,True,True,True,True,Eyes,1.300997,-0.2566545,-3.16631,-0.2158146,0.1292096,0.9678475,0.0,0.0,0.0,0.0,0.0,0.0,0.0,-1.161442,0.4402107,3.213219,1.311397,-0.2571847,-3.175155,0.02587637,-0.02268135,0.00711936,0.9993824,2.983234,357.4193,0.7490962,0.3793604,-0.07476549,-0.9222228,0,0,0,0.9038364,0.03132901,-1.104562,-0.3087001,0.4008,2.069,0.9988697,0.0130561,0.04570312,-0.01540375,0.9985595,0.05139782,-0.04496624,-0.05204372,0.997632,static,-9.935219044885864,10.647809240956025,-8.486075937878136,10.963361697755134,-0.40756059999999994,0.28851371,2.070593,-0.1696500346142463,0.18209308271528624,0.9685353997372521,-8.914846964135423,10.26064908124757,1.467546753075709,1.4831011757732397,0.8231947608899339
1501,05/07/2023 20:00:10.083724,1680,True,True,True,True,Eyes,1.300861,-0.2566626,-3.166308,-0.2155122,0.129912,0.9678209,0.0,0.0,0.0,0.0,0.0,0.0,0.0,-1.162312,0.4437525,3.212258,1.311308,-0.257417,-3.175011,0.02643704,-0.0225421,0.007017233,0.9993717,3.047121,357.4353,0.7363814,0.3793236,-0.07476551,-0.922238,0,0,0,0.9044002,0.0288392,-1.103977,-0.3087,0.4008,2.069,0.9988852,0.01283375,0.04542689,-0.01521754,0.9985037,0.0525245,-0.04468483,-0.05315722,0.9975858,static,-9.937903780947746,10.75064450784167,-8.48607322893318,10.963361697755134,-0.40690779999999993,0.2862562,2.071034,-0.1696395915212612,0.1838314727523494,0.9682088251941582,-8.918253755028791,10.36491371678898,1.448786189590848,1.4673310991891373,0.73818696348469
1502,05/07/2023 20:00:10.103917,1681,True,True,True,True,Eyes,1.300709,-0.2566662,-3.166309,-0.2152393,0.1305265,0.967799,0.0,0.0,0.0,0.0,0.0,0.0,0.0,-1.161829,0.4495999,3.211661,1.311358,-0.257583,-3.175018,0.02723179,-0.02259281,0.00726627,0.9993475,3.138879,357.4307,0.7627749,0.3792871,-0.07476588,-0.922253,0,0,0,0.9040826,0.02518588,-1.103578,-0.3087001,0.4008,2.069,0.9988735,0.01329257,0.04555189,-0.01575354,0.9984113,0.05409971,-0.04476039,-0.05475637,0.997496,static,-9.914802372828305,10.882108010799916,-8.486075937878136,10.963361697755134,-0.40727540000000007,0.28276888,2.07144,-0.1691767503290961,0.1860675431216101,0.9678626578252278,-8.89666522117007,10.497844017130623,1.4088526139741246,1.431035075590126,0.6207175448851181
1503,05/07/2023 20:00:10.124069,1682,True,True,True,True,Eyes,1.300562,-0.2566622,-3.166316,-0.214964,0.1311192,0.96778,0.0,0.0,0.0,0.0,0.0,0.0,0.0,-1.162393,0.4543756,3.21086,1.311411,-0.2574471,-3.175084,0.02801066,-0.02251211,0.007244586,0.9993279,3.228024,357.4404,0.7585772,0.3792504,-0.07476645,-0.9222681,0,0,0,0.9044949,0.02209639,-1.103135,-0.3087,0.4008,2.069,0.9988814,0.01321828,0.04539981,-0.01574059,0.9983258,0.05565748,-0.04458811,-0.05630984,0.9974173,static,-9.911535393489029,11.005027170873166,-8.48607322893318,10.963361697755134,-0.4069161000000001,0.27954349,2.071949,-0.16905335778324887,0.18814754053431132,0.9674819685749902,-8.894405269489205,10.622383718448472,1.4000005307961878,1.4260709639531957,0.531978418468929
1504,05/07/2023 20:00:10.141775,1683,True,True,True,True,Eyes,1.300417,-0.2566579,-3.166327,-0.2147335,0.1316752,0.9677557,0.0,0.0,0.0,0.0,0.0,0.0,0.0,-1.16312,0.4537768,3.210793,1.311413,-0.2572166,-3.175215,0.02806993,-0.02243329,0.006940207,0.9993302,3.233981,357.4485,0.7237698,0.3792137,-0.07476695,-0.9222832,0,0,0,0.9050282,0.02230015,-1.103158,-0.3086999,0.4008,2.069,0.9988971,0.01261171,0.04522615,-0.01513052,0.9983279,0.05579088,-0.04444691,-0.05641364,0.9974177,static,-9.913485641573674,11.037536487436094,-8.486070519988186,10.963361697755134,-0.4063848,0.27951675000000004,2.072057,-0.16906817720004666,0.1886959709982153,0.9673725813703193,-8.89655929534665,10.655359866966684,1.4021744477542302,1.4293410470406034,0.5131921301660122
1505,05/07/2023 20:00:10.157493,1684,True,True,True,True,Eyes,1.300274,-0.2566558,-3.16634,-0.2145239,0.1322368,0.9677256,0.0,0.0,0.0,0.0,0.0,0.0,0.0,-1.163512,0.4513593,3.211098,1.311308,-0.2572682,-3.175361,0.02774676,-0.02237555,0.006772147,0.9993416,3.196473,357.4544,0.7054912,0.3791769,-0.07476737,-0.9222983,0,0,0,0.9052717,0.02371532,-1.103434,-0.3086999,0.4008,2.069,0.9989069,0.01229368,0.04509745,-0.01477707,0.9983685,0.05515393,-0.04434583,-0.05576005,0.9974589,static,-9.91048153330891,11.029686539647981,-8.486070519988186,10.963361697755134,-0.4060362999999999,0.28098352,2.071927,-0.1690217858489651,0.1885649525702359,0.9674062261591152,-8.893562290870303,10.647362777789532,1.3990970317584548,1.4259543188761292,0.5156596365395217
1506,05/07/2023 20:00:10.173506,1685,True,True,True,True,Eyes,1.30013,-0.2566561,-3.166355,-0.2143526,0.1327507,0.9676932,0.0,0.0,0.0,0.0,0.0,0.0,0.0,-1.162735,0.4501061,3.211582,1.311193,-0.2573342,-3.175431,0.02744656,-0.02245199,0.00701087,0.9993466,3.162733,357.4462,0.7333838,0.37914,-0.07476778,-0.9223133,0,0,0,0.9046752,0.02472623,-1.103744,-0.3087,0.4008,2.069,0.9988935,0.01278012,0.04525949,-0.01524504,0.9983951,0.05454244,-0.0444898,-0.05517207,0.9974852,static,-9.886819281159791,11.03014402247408,-8.48607322893318,10.963361697755134,-0.40651780000000004,0.28206043000000003,2.071687,-0.16862156110543705,0.188585792647784,0.9674720061817099,-8.87042949829523,10.647504975189046,1.3758768641554728,1.4023371141502694,0.4974889053919745
1507,05/07/2023 20:00:10.183695,1686,True,True,True,True,Eyes,1.299991,-0.2566558,-3.166368,-0.2141922,0.1332566,0.9676592,0.0,0.0,0.0,0.0,0.0,0.0,0.0,-1.162029,0.4492273,3.211987,1.311153,-0.2573654,-3.175471,0.02724119,-0.02253792,0.007170965,0.9993491,3.13967,357.4367,0.7519928,0.3791032,-0.07476825,-0.9223285,0,0,0,0.9041689,0.02543364,-1.103977,-0.3087,0.4008,2.069,0.9988812,0.01310468,0.04543719,-0.01556051,0.998413,0.05412367,-0.04465581,-0.05477014,0.9974999,static,-9.864461183701707,11.039205556203632,-8.48607322893318,10.963361697755134,-0.40698409999999996,0.28279904,2.071494,-0.1682385733367508,0.18875133342394598,0.9675064154316171,-8.848637276977508,10.65638548308462,1.354106771330107,1.3804729786255576,0.47506534846032294
1508,05/07/2023 20:00:10.203920,1687,True,True,True,True,Eyes,1.299865,-0.2566571,-3.166376,-0.2140372,0.1337098,0.967631,0.0,0.0,0.0,0.0,0.0,0.0,0.0,-1.161792,0.4484597,3.212131,1.311148,-0.2573512,-3.175425,0.02703792,-0.02255057,0.007391418,0.9993527,3.116949,357.4358,0.7777514,0.3790664,-0.07476875,-0.9223436,0,0,0,0.9039594,0.02613468,-1.104065,-0.3086999,0.4008,2.069,0.9988737,0.01355383,0.04547164,-0.01599271,0.9984286,0.05370747,-0.04467225,-0.05437419,0.9975209,static,-9.849663445760894,11.047028068532986,-8.486070519988186,10.963361697755134,-0.4071886,0.28348588,2.0713600000000003,-0.16798407550899777,0.1888917440856548,0.9675232530293763,-8.834227939172605,10.664112904324636,1.3397943673347918,1.3661572855335924,0.45908978305203507
1509,05/07/2023 20:00:10.213738,1688,True,True,True,True,Eyes,1.299744,-0.256657,-3.166386,-0.2138913,0.1341426,0.9676034,0.0,0.0,0.0,0.0,0.0,0.0,0.0,-1.162528,0.4480639,3.211837,1.311142,-0.2573536,-3.175344,0.02690749,-0.02241659,0.007569649,0.999358,3.102351,357.4517,0.798939,0.37903,-0.07476933,-0.9223585,0,0,0,0.9043824,0.02654809,-1.103957,-0.3087,0.4008,2.069,0.9988804,0.01392323,0.04521175,-0.01633593,0.9984374,0.05344105,-0.04439703,-0.05411979,0.997547,static,-9.853280470001135,11.061644747880653,-8.48607322893318,10.963361697755134,-0.4067596,0.28390169000000004,2.0713869999999996,-0.16803708776001858,0.18913683620554972,0.967466205802196,-8.837875674617635,10.678976706990234,1.3438322110233267,1.3707352764011822,0.4523712897188735
1510,05/07/2023 20:00:10.243730,1689,True,True,True,True,Eyes,1.299626,-0.2566592,-3.16639,-0.2137551,0.1345414,0.9675781,0.0,0.0,0.0,0.0,0.0,0.0,0.0,-1.162499,0.448137,3.211884,1.311128,-0.2573443,-3.175397,0.02685938,-0.0224012,0.007726249,0.9993584,3.097224,357.4539,0.8170682,0.3789942,-0.07476993,-0.9223731,0,0,0,0.9043247,0.02664486,-1.10403,-0.3087,0.4008,2.069,0.998877,0.01423922,0.04518869,-0.01664595,0.9984378,0.05333813,-0.0443586,-0.05403043,0.9975535,static,-9.84442825380624,11.082732339946567,-8.48607322893318,10.963361697755134,-0.4068033000000001,0.28398916,2.0713669999999995,-0.16787569577291628,0.18949817773329797,0.9674234864288228,-8.829380535624825,10.700229659626666,1.336153402363972,1.3635900130959782,0.43254869820346614
1511,05/07/2023 20:00:10.253964,1690,True,True,True,True,Eyes,1.299509,-0.2566662,-3.166394,-0.2136189,0.1349135,0.9675564,0.0,0.0,0.0,0.0,0.0,0.0,0.0,-1.163126,0.4491939,3.21137,1.311138,-0.2573876,-3.175249,0.02696201,-0.02228898,0.007875801,0.9993569,3.109274,357.4673,0.8343131,0.378959,-0.07477062,-0.9223875,0,0,0,0.9046982,0.02606814,-1.103739,-0.3087,0.4008,2.069,0.9988824,0.01453956,0.04497399,-0.01694338,0.9984221,0.05353826,-0.04412459,-0.05424044,0.9975525,static,-9.847306456664713,11.11969448622409,-8.48607322893318,10.963361697755134,-0.4064397999999999,0.28345574,2.07151,-0.16790369584404585,0.19012132046955155,0.9672963902161757,-8.83247573851742,10.737731558431959,1.341484375337628,1.3701809519296668,0.41340495693358087
1512,05/07/2023 20:00:10.273683,1691,True,True,True,True,Eyes,1.299373,-0.2566748,-3.166403,-0.2134973,0.1352181,0.9675406,0.0,0.0,0.0,0.0,0.0,0.0,0.0,-1.163474,0.4501347,3.211109,1.311062,-0.2575068,-3.175267,0.02710999,-0.02222766,0.007827313,0.9993547,3.126058,357.4743,0.828575,0.3789243,-0.07477152,-0.9224017,0,0,0,0.9049113,0.02536885,-1.10362,-0.3087,0.4008,2.069,0.9988893,0.01443934,0.04485102,-0.0168497,0.9984075,0.05383702,-0.04400223,-0.05453295,0.997542,static,-9.84894755687092,11.153378435119185,-8.48607322893318,10.963361697755134,-0.4061507,0.28287565,2.0716469999999996,-0.16791252693302933,0.1906896435760392,0.967182861435762,-8.834336417781861,10.771894049386432,1.3462287545897254,1.3760569734681145,0.3974256019419151
1513,05/07/2023 20:00:10.283444,1692,True,True,True,True,Eyes,1.299246,-0.2566738,-3.166413,-0.2133901,0.1355284,0.9675209,0.0,0.0,0.0,0.0,0.0,0.0,0.0,-1.162813,0.4519666,3.211161,1.31102,-0.2575301,-3.175352,0.02732677,-0.02230261,0.007998343,0.9993458,3.151398,357.4664,0.8474163,0.3788896,-0.07477269,-0.9224159,0,0,0,0.9044477,0.02431896,-1.103648,-0.3087,0.4008,2.069,0.9988772,0.0147673,0.04501319,-0.01720514,0.9983785,0.05426101,-0.04413891,-0.05497455,0.9975117,static,-9.831865268788729,11.199509782391848,-8.48607322893318,10.963361697755134,-0.4065723000000001,0.28184906,2.0717040000000004,-0.1675979428289641,0.19147871308525022,0.9670815921710513,-8.817984528584448,10.818418156248482,1.3353269757015427,1.3663535898207861,0.36217915602735223
1514,05/07/2023 20:00:10.303480,1693,True,True,True,True,Eyes,1.299137,-0.2566738,-3.16642,-0.2133054,0.1358091,0.9675002,0.0,0.0,0.0,0.0,0.0,0.0,0.0,-1.162073,0.4501538,3.211738,1.311108,-0.2573049,-3.175391,0.02711499,-0.0224434,0.007899313,0.9993492,3.126995,357.4498,0.8361451,0.3788551,-0.07477379,-0.92243,0,0,0,0.9040173,0.02549515,-1.103918,-0.3087,0.4008,2.069,0.9988678,0.01457124,0.04528595,-0.01700545,0.9984047,0.0538401,-0.04442919,-0.05454926,0.9975222,static,-9.812152810290566,11.188882772371077,-8.48607322893318,10.963361697755134,-0.4070906999999999,0.28280005,2.071473,-0.16727081107274905,0.19131011653221108,0.9671715759820005,-8.798629468656928,10.80737938549185,1.3147940973260015,1.3451196270922943,0.349316310425452
1515,05/07/2023 20:00:10.323910,1694,True,True,True,True,Eyes,1.299034,-0.2566728,-3.166421,-0.2132204,0.1360822,0.9674805,0.0,0.0,0.0,0.0,0.0,0.0,0.0,-1.162005,0.4489658,3.211962,1.311114,-0.2573013,-3.175421,0.02698797,-0.02247279,0.007746509,0.9993532,3.112072,357.4458,0.8188465,0.3788213,-0.07477485,-0.9224438,0,0,0,0.9040043,0.02613727,-1.10404,-0.3087,0.4008,2.069,0.99887,0.01427,0.04533463,-0.01669598,0.9984233,0.05359285,-0.04449838,-0.0542892,0.9975333,static,-9.806543174973337,11.186774359920696,-8.48607322893318,10.963361697755134,-0.4071096999999999,0.28343857,2.071381,-0.1671771868959976,0.19127759468167355,0.9671941335469233,-8.79312850069508,10.80516620073598,1.3090803994556717,1.3392363854119256,0.3454109946048497
1516,05/07/2023 20:00:10.334083,1695,True,True,True,True,Eyes,1.298931,-0.2566751,-3.166418,-0.2131217,0.1363167,0.9674693,0.0,0.0,0.0,0.0,0.0,0.0,0.0,-1.162549,0.4481379,3.211687,1.311135,-0.2573146,-3.175215,0.02694976,-0.02241974,0.007509105,0.9993572,3.107044,357.4511,0.7918791,0.3787882,-0.07477587,-0.9224573,0,0,0,0.904404,0.02645486,-1.103805,-0.3087,0.4008,2.069,0.9988819,0.01380014,0.04521539,-0.01621697,0.9984347,0.05352816,-0.04440592,-0.05420157,0.9975421,static,-9.811448978354079,11.191004145359306,-8.48607322893318,10.963361697755134,-0.40673099999999995,0.28376946000000003,2.07141,-0.1672577268367873,0.1913463572677201,0.9671666725678855,-8.79795740826529,10.809519929800532,1.3144015358874332,1.3447832394494772,0.347762894635213
1517,05/07/2023 20:00:10.353585,1696,True,True,True,True,Eyes,1.29883,-0.2566809,-3.166416,-0.2130274,0.136514,0.9674622,0.0,0.0,0.0,0.0,0.0,0.0,0.0,-1.162872,0.4486843,3.211397,1.311119,-0.2574418,-3.175114,0.02701038,-0.02236555,0.007525234,0.9993567,3.113989,357.4575,0.7937458,0.3787559,-0.07477695,-0.9224705,0,0,0,0.9046019,0.02606434,-1.103625,-0.3087,0.4008,2.069,0.9988863,0.01383258,0.04510884,-0.01624899,0.9984276,0.05364939,-0.0442958,-0.05432262,0.9975404,static,-9.812253689909722,11.20986289882878,-8.48607322893318,10.963361697755134,-0.40651709999999996,0.28350614,2.071489,-0.1672607208855782,0.19166457918603463,0.9671030938374034,-8.798887592571273,10.82864505617652,1.3178872135598831,1.3488949022094738,0.34058978202013984
1518,05/07/2023 20:00:10.373871,1697,True,True,True,True,Eyes,1.298733,-0.2566854,-3.166414,-0.2129258,0.1366562,0.9674646,0.0,0.0,0.0,0.0,0.0,0.0,0.0,-1.162746,0.4512454,3.211166,1.311065,-0.2574832,-3.175216,0.02738617,-0.02236843,0.007574113,0.9993461,3.157183,357.4575,0.7984022,0.3787243,-0.07477817,-0.9224834,0,0,0,0.9045088,0.02442364,-1.103516,-0.3087,0.4008,2.069,0.9988846,0.01391315,0.04512245,-0.01636349,0.9983853,0.05439768,-0.04429274,-0.05507537,0.9974993,static,-9.806407038193056,11.261926862464431,-8.48607322893318,10.963361697755134,-0.4065561999999999,0.28190684000000005,2.0717,-0.16713261306524635,0.19254755826197126,0.9669499433862004,-8.793566684342368,10.881334786580268,1.3210910933278268,1.3536700208886159,0.31824619287019296
1519,05/07/2023 20:00:10.383516,1698,True,True,True,True,Eyes,1.298641,-0.256687,-3.166413,-0.2128295,0.1367859,0.9674674,0.0,0.0,0.0,0.0,0.0,0.0,0.0,-1.162866,0.4533959,3.21073,1.31108,-0.2574689,-3.175121,0.02768457,-0.02233915,0.00768313,0.9993376,3.191635,357.4614,0.8102531,0.3786935,-0.07477948,-0.9224959,0,0,0,0.9045759,0.02311767,-1.103232,-0.3087,0.4008,2.069,0.9988838,0.01411918,0.0450741,-0.01659298,0.9983491,0.05498919,-0.04422329,-0.05567573,0.9974691,static,-9.803161752569709,11.305873203995503,-8.48607322893318,10.963361697755134,-0.40650410000000003,0.28058657,2.0718889999999996,-0.1670529195086179,0.1932917964299672,0.9668151592152155,-8.79072760859674,10.925832285413831,1.3269755354029311,1.360895407811379,0.30695724105952016
1520,05/07/2023 20:00:10.403484,1699,True,True,True,True,Eyes,1.298519,-0.256691,-3.166417,-0.2127237,0.1368873,0.9674764,0.0,0.0,0.0,0.0,0.0,0.0,0.0,-1.162801,0.453977,3.210696,1.311097,-0.2573571,-3.175148,0.02779481,-0.02235189,0.007678429,0.9993343,3.204267,357.46,0.8093976,0.3786635,-0.07478079,-0.9225081,0,0,0,0.9045456,0.02277383,-1.103206,-0.3087,0.4008,2.069,0.9988829,0.0141041,0.04510085,-0.01658916,0.998337,0.05520936,-0.04424717,-0.05589586,0.9974557,static,-9.795982804336965,11.324015230289485,-8.48607322893318,10.963361697755134,-0.4065514,0.28013093,2.071942,-0.16692137550196223,0.19360230596137287,0.9667758227877402,-8.783846151338274,10.94412250838099,1.3242931165624787,1.3586515617567416,0.2983937997436353
1521,05/07/2023 20:00:10.413713,1700,True,True,True,True,Eyes,1.298403,-0.2566931,-3.16642,-0.2126234,0.1369966,0.9674829,0.0,0.0,0.0,0.0,0.0,0.0,0.0,-1.162432,0.4541174,3.210914,1.311092,-0.2574037,-3.175251,0.02780339,-0.02240588,0.007691628,0.9993327,3.205328,357.4539,0.8107169,0.3786334,-0.07478217,-0.9225204,0,0,0,0.9043089,0.02268141,-1.103349,-0.3087,0.4008,2.069,0.9988776,0.01412707,0.04520955,-0.01661891,0.9983356,0.055225,-0.04435414,-0.05591435,0.9974499,static,-9.783708559865493,11.331249932271374,-8.48607322893318,10.963361697755134,-0.40678309999999995,0.28008511,2.0719019999999997,-0.16670992003300347,0.1937313928664949,0.9667863726864002,-8.771899744523994,10.951288442332007,1.314422558510552,1.3487769293620395,0.28608138791486987
1522,05/07/2023 20:00:10.433992,1701,True,True,True,True,Eyes,1.298316,-0.2566942,-3.166425,-0.2125559,0.1371036,0.9674826,0.0,0.0,0.0,0.0,0.0,0.0,0.0,-1.162372,0.4530627,3.211062,1.311124,-0.2573642,-3.175218,0.02765273,-0.02242376,0.00766953,0.9993367,3.18802,357.4517,0.8085026,0.3786033,-0.07478356,-0.9225326,0,0,0,0.9042796,0.02336369,-1.103415,-0.3087,0.4008,2.069,0.9988767,0.01408873,0.04524193,-0.01656904,0.998353,0.05492483,-0.0443936,-0.05561275,0.997465,static,-9.777684294935975,11.319627226481018,-8.48607322893318,10.963361697755134,-0.4068444,0.28072789,2.071803,-0.16661473993793005,0.19353843454551967,0.9668414512471089,-8.765921037887441,10.939426460840496,1.3059685458639803,1.3398448689229703,0.2808695279710154
1523,05/07/2023 20:00:10.453964,1702,True,True,True,True,Eyes,1.298235,-0.2566961,-3.166427,-0.2124924,0.1372184,0.9674803,0.0,0.0,0.0,0.0,0.0,0.0,0.0,-1.161808,0.4518623,3.21144,1.31116,-0.2573057,-3.175212,0.02749979,-0.02252559,0.007600778,0.9993392,3.170399,357.4396,0.8006771,0.3785741,-0.07478491,-0.9225445,0,0,0,0.9039396,0.0241072,-1.103576,-0.3086999,0.4008,2.069,0.9988697,0.01395261,0.04543944,-0.01643041,0.998372,0.05462082,-0.04460337,-0.05530567,0.9974727,static,-9.763118913817632,11.30685928100805,-8.486070519988186,10.963361697755134,-0.40722040000000015,0.2814129,2.0716360000000003,-0.16637589340649492,0.19333088847527183,0.9669241283052991,-8.751582367369098,10.92628768551657,1.2892363722683418,1.322438350125616,0.2680877160242334
1524,05/07/2023 20:00:10.463526,1703,True,True,True,True,Eyes,1.298138,-0.2566976,-3.166427,-0.2124343,0.1373324,0.9674768,0.0,0.0,0.0,0.0,0.0,0.0,0.0,-1.16142,0.4504374,3.211818,1.311213,-0.2573798,-3.175223,0.02728641,-0.0226013,0.007543189,0.9993438,3.145856,357.4306,0.7943714,0.3785457,-0.07478625,-0.922556,0,0,0,0.9037151,0.02496191,-1.103768,-0.3087,0.4008,2.069,0.9988645,0.01384306,0.04558457,-0.01630989,0.9983972,0.05419603,-0.04476127,-0.05487797,0.9974893,static,-9.751469898192791,11.287509094645863,-8.48607322893318,10.963361697755134,-0.40749789999999997,0.28234170999999997,2.071455,-0.16618997274392822,0.19301044404962614,0.9670200307602879,-8.740045198357334,10.906517136088032,1.2738788100423248,1.306254288216638,0.2602557692815069
1525,05/07/2023 20:00:10.483752,1704,True,True,True,True,Eyes,1.298047,-0.2567018,-3.166424,-0.2123743,0.137439,0.9674749,0.0,0.0,0.0,0.0,0.0,0.0,0.0,-1.161438,0.4503579,3.211771,1.311251,-0.2573658,-3.175157,0.02732104,-0.02261767,0.007428277,0.9993432,3.149543,357.4284,0.7810522,0.3785178,-0.07478757,-0.9225674,0,0,0,0.9037639,0.02491446,-1.103691,-0.3086999,0.4008,2.069,0.9988665,0.01361092,0.04561152,-0.01608267,0.9983968,0.05427017,-0.04479973,-0.05494222,0.997484,static,-9.748460537265913,11.295031091365724,-8.486070519988186,10.963361697755134,-0.4074871,0.28228025999999995,2.071466,-0.1661349014316245,0.19313922629919203,0.9670038458777475,-8.737159912423715,10.914100131457051,1.2726768116527927,1.305232983945961,0.25587611242119485
1526,05/07/2023 20:00:10.504010,1705,True,True,True,True,Eyes,1.297969,-0.2567067,-3.166418,-0.2122863,0.137511,0.967484,0.0,0.0,0.0,0.0,0.0,0.0,0.0,-1.161807,0.4506015,3.211548,1.311273,-0.2574347,-3.175086,0.02736344,-0.02256802,0.007391461,0.9993435,3.154269,357.434,0.776879,0.3784904,-0.07478897,-0.9225785,0,0,0,0.9040162,0.02469619,-1.103554,-0.3087,0.4008,2.069,0.9988721,0.01353814,0.04551091,-0.01600829,0.9983932,0.05435732,-0.04470189,-0.05502456,0.9974838,static,-9.74987487111027,11.303304799361861,-8.48607322893318,10.963361697755134,-0.40725679999999986,0.28213089,2.071532,-0.16615413913364732,0.19327823108938474,0.9669727845086464,-8.738605702490775,10.922505121510033,1.2758806784214318,1.308723004726177,0.25581616450801026
1527,05/07/2023 20:00:10.513925,1706,True,True,True,True,Eyes,1.297895,-0.256708,-3.166411,-0.2121957,0.1375749,0.9674948,0.0,0.0,0.0,0.0,0.0,0.0,0.0,-1.162101,0.4517795,3.211226,1.311298,-0.2574548,-3.175023,0.02759069,-0.02253874,0.007275471,0.9993387,3.179993,357.4372,0.7630939,0.3784639,-0.07479043,-0.9225892,0,0,0,0.9042447,0.02381423,-1.103335,-0.3087,0.4008,2.069,0.9988781,0.0132976,0.04544914,-0.01578504,0.9983717,0.05481694,-0.0446462,-0.05547286,0.9974615,static,-9.750915245767995,11.330404237845489,-8.48607322893318,10.963361697755134,-0.40705330000000006,0.28126903,2.071688,-0.16615642431699665,0.19373548896573803,0.9668808919452988,-8.739828955444466,10.94998575391335,1.2833131700711466,1.3170214705109193,0.2541080176045799
1528,05/07/2023 20:00:10.533901,1707,True,True,True,True,Eyes,1.297807,-0.2567103,-3.16641,-0.2121064,0.1376088,0.9675096,0.0,0.0,0.0,0.0,0.0,0.0,0.0,-1.162578,0.4520004,3.210996,1.311299,-0.2573723,-3.175003,0.02767848,-0.02247645,0.00717281,0.9993386,3.189744,357.444,0.7512961,0.3784382,-0.07479187,-0.9225997,0,0,0,0.904574,0.02360599,-1.10321,-0.3087,0.4008,2.069,0.9988867,0.0130919,0.04532022,-0.01558036,0.9983649,0.05499791,-0.04452609,-0.05564279,0.9974574,static,-9.755064543122797,11.340248157509052,-8.48607322893318,10.963361697755134,-0.406725,0.28097829,2.0717929999999996,-0.16622096163664304,0.1938994736751701,0.9668369660245939,-8.74396085068355,10.960019381968959,1.2896830820509642,1.3237757963622598,0.25790927964475546
1529,05/07/2023 20:00:10.553955,1708,True,True,True,True,Eyes,1.297721,-0.2567101,-3.166408,-0.212012,0.1376502,0.9675243,0.0,0.0,0.0,0.0,0.0,0.0,0.0,-1.162685,0.4519054,3.211083,1.311266,-0.2573942,-3.175128,0.02770106,-0.02246588,0.00706471,0.9993389,3.192046,357.4449,0.738874,0.3784129,-0.0747933,-0.9226099,0,0,0,0.9046574,0.02356801,-1.103311,-0.3087,0.4008,2.069,0.9988908,0.01287542,0.04529345,-0.01536473,0.9983655,0.05504806,-0.04451065,-0.05568292,0.9974559,static,-9.752843806044545,11.342754852671073,-8.48607322893318,10.963361697755134,-0.4066086000000001,0.28096221,2.0718170000000002,-0.1661820117940295,0.1939430442919897,0.9668348211154659,-8.7418085331713,10.962529858502458,1.2882358633131852,1.3223641181732557,0.25573665711099447
1530,05/07/2023 20:00:10.573607,1709,True,True,True,True,Eyes,1.297643,-0.2567102,-3.166405,-0.2119238,0.1376764,0.96754,0.0,0.0,0.0,0.0,0.0,0.0,0.0,-1.163359,0.4510147,3.210922,1.31124,-0.2573394,-3.175101,0.02760306,-0.02236748,0.006980757,0.9993443,3.180529,357.4559,0.7298051,0.378388,-0.07479466,-0.92262,0,0,0,0.9050935,0.02409213,-1.103256,-0.3087,0.4008,2.069,0.9989019,0.01271754,0.04509101,-0.01518718,0.9983787,0.05485763,-0.04432025,-0.0554822,0.9974755,static,-9.760209673822102,11.331491638275702,-8.48607322893318,10.963361697755134,-0.40614649999999997,0.28143153,2.071845,-0.1663128340210667,0.19374866657174228,0.9668514028354888,-8.748925046340931,10.951214159772624,1.2923336771366456,1.3262516101033994,0.2631323632577235
1531,05/07/2023 20:00:10.583859,1710,True,True,True,True,Eyes,1.297566,-0.2567125,-3.166406,-0.2118414,0.137707,0.9675536,0.0,0.0,0.0,0.0,0.0,0.0,0.0,-1.163685,0.4506037,3.210844,1.311214,-0.2573483,-3.175093,0.02756317,-0.02232057,0.006914421,0.9993469,3.175755,357.461,0.7224458,0.3783637,-0.07479596,-0.9226299,0,0,0,0.9053055,0.02429753,-1.103231,-0.3087,0.4008,2.069,0.9989079,0.01258936,0.04499316,-0.01505026,0.998385,0.05478167,-0.04423083,-0.055399,0.9974841,static,-9.7618639785225,11.32730902080193,-8.48607322893318,10.963361697755134,-0.4059085000000001,0.28164583,2.071862,-0.1663431320178383,0.19367706432819976,0.9668604463207846,-8.750510782523412,10.946997365023664,1.2928687318863556,1.3266874879528376,0.264943411192906
1532,05/07/2023 20:00:10.603598,1711,True,True,True,True,Eyes,1.2975,-0.2567149,-3.166407,-0.2117509,0.1377257,0.9675708,0.0,0.0,0.0,0.0,0.0,0.0,0.0,-1.163476,0.4503208,3.211015,1.31117,-0.257404,-3.175163,0.02747779,-0.02233668,0.006996154,0.9993483,3.166189,357.4594,0.7319829,0.3783399,-0.07479726,-0.9226396,0,0,0,0.905138,0.02453815,-1.103365,-0.3087,0.4008,2.069,0.9989042,0.01275566,0.04502873,-0.01521072,0.998392,0.05460723,-0.04425978,-0.05523231,0.9974921,static,-9.752773997823084,11.320166106520704,-8.48607322893318,10.963361697755134,-0.40603199999999995,0.28194215,2.0717980000000003,-0.16619360996115246,0.1935614856293033,0.966909354796507,-8.74156856157198,10.939634201682066,1.282569632633376,1.3159940060732889,0.25659473702729846
1533,05/07/2023 20:00:10.623937,1712,True,True,True,True,Eyes,1.297435,-0.2567167,-3.166409,-0.2116624,0.137744,0.9675876,0.0,0.0,0.0,0.0,0.0,0.0,0.0,-1.163519,0.4500484,3.211054,1.311129,-0.2574074,-3.175196,0.02740651,-0.02231574,0.007068033,0.9993504,3.158187,357.462,0.740472,0.3783168,-0.07479855,-0.922649,0,0,0,0.905134,0.02477989,-1.103425,-0.3087,0.4008,2.069,0.9989041,0.01290369,0.0449899,-0.01535007,0.9983979,0.05446195,-0.04421505,-0.05509287,0.9975017,static,-9.74830998076006,11.314546497030486,-8.48607322893318,10.963361697755134,-0.405995,0.28218729,2.071771,-0.16612136994203816,0.19346904566026288,0.9669403102588122,-8.737161054805254,10.933877825775157,1.2770154283542847,1.3101802856494769,0.25281296447788637
1534,05/07/2023 20:00:10.633717,1713,True,True,True,True,Eyes,1.297351,-0.2567195,-3.166412,-0.2115466,0.13777,0.9676091,0.0,0.0,0.0,0.0,0.0,0.0,0.0,-1.163666,0.4501116,3.211,1.311112,-0.2573925,-3.175213,0.02738383,-0.0222801,0.00715824,0.9993511,3.155791,357.4663,0.7509878,0.3782943,-0.07479981,-0.9226581,0,0,0,0.9052024,0.0248246,-1.103429,-0.3087,0.4008,2.069,0.9989047,0.01308696,0.04492333,-0.01552742,0.9983977,0.05441316,-0.04413925,-0.05505111,0.9975075,static,-9.743739457172756,11.315322425145729,-8.48607322893318,10.963361697755134,-0.4059096000000001,0.2822171,2.071784,-0.16604369351839154,0.19348468367718694,0.9669504001237494,-8.732698026615864,10.934602167343241,1.2728833669514807,1.30598648357465,0.24829599558095555
1535,05/07/2023 20:00:10.654028,1714,True,True,True,True,Eyes,1.297268,-0.256723,-3.166416,-0.2114376,0.1377951,0.9676294,0.0,0.0,0.0,0.0,0.0,0.0,0.0,-1.163439,0.449787,3.211122,1.311045,-0.2574097,-3.175233,0.0272927,-0.02229431,0.00725478,0.9993526,3.145602,357.465,0.7622433,0.378272,-0.07480109,-0.9226671,0,0,0,0.9050099,0.02511711,-1.103516,-0.3087,0.4008,2.069,0.9989007,0.01328322,0.04495576,-0.01571711,0.998405,0.05422658,-0.04416376,-0.05487354,0.9975162,static,-9.733474253603521,11.30817876882032,-8.48607322893318,10.963361697755134,-0.4060351,0.28252681,2.071717,-0.1658742906170946,0.19336972237859462,0.9670025202664317,-8.722606700868932,10.927222284999523,1.2614951273711428,1.2941824171447363,0.2392783744936048
1536,05/07/2023 20:00:10.663728,1715,True,True,True,True,Eyes,1.297202,-0.256725,-3.166417,-0.2113142,0.1378012,0.9676555,0.0,0.0,0.0,0.0,0.0,0.0,0.0,-1.163252,0.4499701,3.21116,1.310984,-0.2574287,-3.175253,0.0272664,-0.0222987,0.007389023,0.9993522,3.142932,357.4649,0.7776923,0.3782498,-0.07480241,-0.9226761,0,0,0,0.9048393,0.02511085,-1.103558,-0.3087,0.4008,2.069,0.9988963,0.01355246,0.04497145,-0.01598448,0.9984039,0.05416794,-0.04416557,-0.054827,0.9975187,static,-9.722954147801389,11.308138525368433,-8.48607322893318,10.963361697755134,-0.4061446999999999,0.28253955000000003,2.071695,-0.16569656564956642,0.1933749041846224,0.9670319659074652,-8.712320137765357,10.92703856735067,1.2515464006589982,1.2840348392155703,0.2291441327167146
1537,05/07/2023 20:00:10.683456,1716,True,True,True,True,Eyes,1.297139,-0.2567267,-3.166421,-0.2112027,0.1377975,0.9676803,0.0,0.0,0.0,0.0,0.0,0.0,0.0,-1.163093,0.4496071,3.211218,1.310948,-0.2573961,-3.175219,0.0272104,-0.02231723,0.007400519,0.9993532,3.136558,357.4627,0.7790926,0.3782281,-0.0748037,-0.9226848,0,0,0,0.9047189,0.02536804,-1.103572,-0.3087,0.4008,2.069,0.9988943,0.01357694,0.04500833,-0.01600599,0.9984097,0.05405528,-0.04420284,-0.05471592,0.9975231,static,-9.713741121641062,11.30145529389198,-8.48607322893318,10.963361697755134,-0.4062291,0.28276414,2.0716469999999996,-0.16554463982454531,0.19326709078202564,0.9670794684759075,-8.70326110091435,10.920139641439917,1.2412643192306798,1.2733717974474534,0.221446873736852
1538,05/07/2023 20:00:10.703608,1717,True,True,True,True,Eyes,1.29708,-0.2567284,-3.166427,-0.2110836,0.1377861,0.9677079,0.0,0.0,0.0,0.0,0.0,0.0,0.0,-1.162426,0.4509165,3.211364,1.31093,-0.2573793,-3.175317,0.02733368,-0.02239215,0.007616864,0.9993464,3.151296,357.4549,0.8033622,0.378207,-0.07480495,-0.9226934,0,0,0,0.9042462,0.02471495,-1.103669,-0.3087,0.4008,2.069,0.9988811,0.01399965,0.04517144,-0.01644789,0.9983897,0.05429053,-0.04433865,-0.05497276,0.9975029,static,-9.694264613712688,11.31894718335184,-8.48607322893318,10.963361697755134,-0.40668379999999993,0.28209425,2.071648,-0.1652057190171975,0.19357347494240384,0.9670761373683631,-8.684350500919132,10.937603843446686,1.2271490420440632,1.259431403381094,0.19994335108916925
1539,05/07/2023 20:00:10.724360,1718,True,True,True,True,Eyes,1.297026,-0.2567293,-3.166431,-0.2109607,0.1377653,0.9677378,0.0,0.0,0.0,0.0,0.0,0.0,0.0,-1.161781,0.4509492,3.211598,1.310934,-0.2573788,-3.175321,0.02728537,-0.02247774,0.007754303,0.999345,3.146178,357.4455,0.8189771,0.3781865,-0.07480618,-0.9227017,0,0,0,0.9038037,0.02481639,-1.103773,-0.3087,0.4008,2.069,0.9988692,0.01427182,0.04534919,-0.01672507,0.9983908,0.05418638,-0.04450288,-0.05488358,0.9975005,static,-9.674242176695312,11.314540312602432,-8.48607322893318,10.963361697755134,-0.40713030000000006,0.28219519000000004,2.071548,-0.16486987947389434,0.1935101445886305,0.96714626151424,-8.66473963715561,10.932865251651103,1.2072118482401466,1.2389801725420146,0.18125043076384684
1540,05/07/2023 20:00:10.733642,1719,True,True,True,True,Eyes,1.296996,-0.2567331,-3.166435,-0.2108075,0.1377487,0.9677736,0.0,0.0,0.0,0.0,0.0,0.0,0.0,-1.162264,0.4518904,3.211327,1.310997,-0.2574558,-3.175324,0.02737291,-0.0223978,0.007878521,0.9993433,3.156462,357.4551,0.8332573,0.3781666,-0.07480733,-0.9227098,0,0,0,0.9041138,0.0242864,-1.103667,-0.3087,0.4008,2.069,0.9988725,0.01452051,0.04519749,-0.01697288,0.9983773,0.05435695,-0.04433486,-0.0550628,0.9974982,static,-9.672191310514648,11.326204975990954,-8.48607322893318,10.963361697755134,-0.4068832,0.2817422,2.071657,-0.16482869644028075,0.1937084008320185,0.9671136456186522,-8.66282303156726,10.944660048059431,1.2082889086228157,1.2403754867036922,0.17773644655086196
1541,05/07/2023 20:00:10.754033,1720,True,True,True,True,Eyes,1.296966,-0.2567356,-3.16644,-0.2106561,0.1377409,0.9678076,0.0,0.0,0.0,0.0,0.0,0.0,0.0,-1.163148,0.451372,3.211073,1.311009,-0.2574378,-3.175314,0.02731866,-0.0222699,0.007816922,0.9993482,3.149982,357.4695,0.8267314,0.3781479,-0.0748085,-0.9227173,0,0,0,0.9046943,0.02457632,-1.103582,-0.3087,0.4008,2.069,0.9988859,0.01440688,0.04493786,-0.01684042,0.9983851,0.05425353,-0.04408367,-0.05494986,0.9975155,static,-9.678863085352319,11.318411325337488,-8.48607322893318,10.963361697755134,-0.40631470000000014,0.28201412,2.071732,-0.1649457910446403,0.1935729908670129,0.9671207173053618,-8.669287255532513,10.936851477813347,1.2125365774106407,1.2445111006426415,0.18512204434940577
1542,05/07/2023 20:00:10.763627,1721,True,True,True,True,Eyes,1.29693,-0.2567391,-3.166448,-0.2104761,0.1377247,0.9678491,0.0,0.0,0.0,0.0,0.0,0.0,0.0,-1.163193,0.4513574,3.21115,1.310976,-0.2575158,-3.175414,0.02727422,-0.02224861,0.007892286,0.9993494,3.145061,357.4722,0.8355531,0.3781303,-0.07480964,-0.9227245,0,0,0,0.9046967,0.02462913,-1.103693,-0.3087,0.4008,2.069,0.9988854,0.01456067,0.04489877,-0.01698793,0.9983876,0.05416175,-0.04403774,-0.05486412,0.9975222,static,-9.668949047256607,11.313682800810819,-8.48607322893318,10.963361697755134,-0.4062792999999999,0.28214493,2.071721,-0.16478091567564124,0.19349858820026183,0.9671637442675943,-8.65955764864406,10.931924211011864,1.202019294992186,1.233661248812035,0.17630983936001562
1543,05/07/2023 20:00:10.783622,1722,True,True,True,True,Eyes,1.296895,-0.2567395,-3.166453,-0.2102923,0.1377116,0.9678909,0.0,0.0,0.0,0.0,0.0,0.0,0.0,-1.163896,0.4497484,3.211107,1.310995,-0.257439,-3.175398,0.0271334,-0.02217249,0.007635948,0.9993567,3.128213,357.48,0.806741,0.3781135,-0.07481078,-0.9227313,0,0,0,0.9052023,0.02547778,-1.103686,-0.3087,0.4008,2.069,0.9989001,0.01405884,0.04473083,-0.0164653,0.9984109,0.05389327,-0.04390208,-0.0545705,0.9975443,static,-9.671133321706712,11.291239578961395,-8.48607322893318,10.963361697755134,-0.4057926999999999,0.28291678,2.0717119999999998,-0.1648303772909536,0.19311810617906797,0.967231344769488,-8.661522760561427,10.909206674202485,1.1985898438990237,1.2295817697366538,0.18361727784868032
1544,05/07/2023 20:00:10.803572,1723,True,True,True,True,Eyes,1.296872,-0.2567449,-3.166459,-0.210119,0.1376652,0.9679351,0.0,0.0,0.0,0.0,0.0,0.0,0.0,-1.164755,0.4493346,3.210818,1.310979,-0.2573673,-3.175374,0.02712251,-0.02204932,0.007527055,0.9993606,3.126593,357.4938,0.7946642,0.3780974,-0.07481183,-0.9227378,0,0,0,0.9057679,0.02567463,-1.103566,-0.3087001,0.4007999,2.069,0.9989144,0.01384842,0.04447875,-0.01624055,0.9984154,0.05387839,-0.04366214,-0.05454225,0.9975564,static,-9.676936311534885,11.285050746217324,-8.486075937878136,10.963359028665995,-0.40521109999999994,0.28304193,2.071808,-0.16493189842136274,0.1930103009008161,0.9672355203844369,-8.667149711011522,10.903012855402359,1.2026365131768397,1.233545293326117,0.19086480017102614
1545,05/07/2023 20:00:10.823898,1724,True,True,True,True,Eyes,1.296853,-0.2567423,-3.166466,-0.209974,0.1376389,0.9679703,0.0,0.0,0.0,0.0,0.0,0.0,0.0,-1.163805,0.4486298,3.211369,1.31094,-0.2574781,-3.175491,0.02691012,-0.02216655,0.007741677,0.9993621,3.102886,357.4809,0.8194398,0.3780823,-0.07481294,-0.9227439,0,0,0,0.9050957,0.02629187,-1.103907,-0.3087,0.4008,2.069,0.9988974,0.01428047,0.04472148,-0.01666648,0.9984319,0.05344269,-0.04388816,-0.05412911,0.997569,static,-9.649938973367057,11.263059634493596,-8.48607322893318,10.963361697755134,-0.40584430000000005,0.28376997,2.071584,-0.1644878781913358,0.1926535259412174,0.9673822440079354,-8.640585317432066,10.880357082942403,1.1721096390727717,1.2018329020092247,0.1753959850523886
1546,05/07/2023 20:00:10.833976,1725,True,True,True,True,Eyes,1.296851,-0.2567356,-3.166468,-0.2098522,0.1376519,0.9679949,0.0,0.0,0.0,0.0,0.0,0.0,0.0,-1.162148,0.4480808,3.212034,1.311024,-0.2573397,-3.175456,0.02676691,-0.02241529,0.007943449,0.9993588,3.087192,357.4529,0.8421674,0.3780682,-0.07481387,-0.9227496,0,0,0,0.9040139,0.02687751,-1.104161,-0.3087,0.4008,2.069,0.9988689,0.01467673,0.04522707,-0.01707669,0.9984409,0.05314337,-0.04437659,-0.05385559,0.9975622,static,-9.60971786622306,11.250504114445814,-8.48607322893318,10.963361697755134,-0.40701009999999993,0.28421721,2.071295,-0.16381497873991424,0.1924633871121027,0.9675342966563193,-8.601162829983018,10.867085044445513,1.1311649148580665,1.159753438612393,0.15004935935322075
1547,05/07/2023 20:00:10.854057,1726,True,True,True,True,Eyes,1.296852,-0.2567345,-3.166464,-0.2097208,0.1376725,0.9680204,0.0,0.0,0.0,0.0,0.0,0.0,0.0,-1.161488,0.4434143,3.212834,1.311181,-0.25721,-3.175314,0.02615337,-0.02257474,0.007690496,0.9993735,3.016366,357.4334,0.8142136,0.3780554,-0.07481451,-0.9227548,0,0,0,0.9036745,0.02974048,-1.104494,-0.3087,0.4008,2.069,0.9988624,0.01419054,0.04552346,-0.01655217,0.9985137,0.05192675,-0.04471893,-0.05262119,0.9976128,static,-9.58632969999531,11.175341952558638,-8.48607322893318,10.963361697755134,-0.4075064999999999,0.28695048,2.0708200000000003,-0.16346096001673005,0.19120535617357517,0.9678435061237924,-8.57772318534589,10.790587060654373,1.0946741600534104,1.1204909328239354,0.19557809114456512
1548,05/07/2023 20:00:10.874011,1727,True,True,True,True,Eyes,1.296865,-0.2567414,-3.166456,-0.2095688,0.137665,0.9680544,0.0,0.0,0.0,0.0,0.0,0.0,0.0,-1.162113,0.4416874,3.212792,1.311266,-0.2572847,-3.175219,0.02607838,-0.02255146,0.007155949,0.99938,3.006381,357.4344,0.753169,0.3780439,-0.07481506,-0.9227595,0,0,0,0.9042197,0.03036362,-1.104405,-0.3087,0.4008,2.069,0.9988804,0.01312681,0.04544818,-0.01547923,0.9985374,0.05180167,-0.04470172,-0.05244718,0.9976227,static,-9.58978861099804,11.154700930109342,-8.48607322893318,10.963361697755134,-0.4070463000000001,0.28764831999999996,2.0708139999999995,-0.16353076752576928,0.19085443925515025,0.9679009900846444,-8.580948300219553,10.769713451419216,1.0949487104149866,1.1201778191182323,0.21564072542210366
1549,05/07/2023 20:00:10.883445,1728,True,True,True,True,Eyes,1.296878,-0.2567464,-3.166448,-0.2094187,0.1376041,0.9680955,0.0,0.0,0.0,0.0,0.0,0.0,0.0,-1.163725,0.4442753,3.21168,1.311255,-0.257509,-3.175032,0.02658854,-0.02233753,0.006802476,0.9993737,3.063787,357.4582,0.7119956,0.378034,-0.07481576,-0.9227635,0,0,0,0.9053399,0.02827347,-1.103737,-0.3086999,0.4008,2.069,0.9989095,0.01240859,0.04500882,-0.01478428,0.9984936,0.05283988,-0.04428535,-0.05344768,0.9975882,static,-9.61376713893931,11.202342881574614,-8.486070519988186,10.963361697755134,-0.4059151000000001,0.28578247,2.071295,-0.16391002826287016,0.191646955765229,0.967680176684185,-8.604755980447079,10.818326487197298,1.1255785726470655,1.1527409382049183,0.18740717922719874
1550,05/07/2023 20:00:10.903981,1729,True,True,True,True,Eyes,1.296888,-0.2567466,-3.166442,-0.209253,0.1375435,0.9681399,0.0,0.0,0.0,0.0,0.0,0.0,0.0,-1.163954,0.4498813,3.210844,1.311228,-0.2575023,-3.175071,0.02744103,-0.02228563,0.006875511,0.9993514,3.161633,357.4648,0.7183992,0.3780255,-0.07481654,-0.9227669,0,0,0,0.9054883,0.02468015,-1.103249,-0.3087,0.4008,2.069,0.9989122,0.01251902,0.04491969,-0.01496518,0.9983994,0.05454001,-0.04416501,-0.05515291,0.9975007,static,-9.611257876134653,11.297518407528045,-8.48607322893318,10.963361697755134,-0.40573970000000004,0.28218245000000003,2.071822,-0.16381491489583144,0.1932572168545046,0.9673759456202035,-8.603026000669885,10.914757064282703,1.1436962276842282,1.1737551690979522,0.1266505476177953
1551,05/07/2023 20:00:10.924305,1730,True,True,True,True,Eyes,1.296899,-0.2567457,-3.166443,-0.20909,0.1374843,0.9681836,0.0,0.0,0.0,0.0,0.0,0.0,0.0,-1.164246,0.4526208,3.210398,1.311239,-0.2574963,-3.175112,0.0278351,-0.0222294,0.00697021,0.999341,3.206995,357.4718,0.7284569,0.3780182,-0.07481726,-0.9227698,0,0,0,0.9056727,0.02297822,-1.103025,-0.3087,0.4008,2.069,0.9989145,0.01269372,0.04481753,-0.01516875,0.9983532,0.05532362,-0.04404146,-0.0559434,0.9974621,static,-9.607441090194241,11.340926073243022,-8.48607322893318,10.963361697755134,-0.40556630000000005,0.28047452,2.072087,-0.16372625022535883,0.19399296085724466,0.9672437594941787,-8.599624033429338,10.958700826428464,1.1519319018918839,1.1832247199525399,0.11364642063544551
1552,05/07/2023 20:00:10.933816,1731,True,True,True,True,Eyes,1.296904,-0.2567449,-3.166444,-0.2089368,0.1374443,0.9682223,0.0,0.0,0.0,0.0,0.0,0.0,0.0,-1.164703,0.4527332,3.210394,1.311269,-0.2573483,-3.175292,0.02791244,-0.02217298,0.006872454,0.9993408,3.215572,357.478,0.7172331,0.3780119,-0.07481787,-0.9227724,0,0,0,0.9060032,0.02287501,-1.103111,-0.3086999,0.4008,2.069,0.9989222,0.01249804,0.04470038,-0.01497365,0.9983473,0.05548332,-0.04393306,-0.05609285,0.9974585,static,-9.606854345255348,11.345222238706585,-8.486070519988186,10.963361697755134,-0.4052658,0.28022331,2.0721809999999996,-0.16371392964117049,0.19406587868046246,0.9672311658478782,-8.599082989676727,10.963047211328911,1.1526403541346513,1.184049769104419,0.11301290725760417
1553,05/07/2023 20:00:10.953992,1732,True,True,True,True,Eyes,1.296904,-0.2567438,-3.16645,-0.2087976,0.1374162,0.9682564,0.0,0.0,0.0,0.0,0.0,0.0,0.0,-1.165431,0.4508293,3.210346,1.311197,-0.2573538,-3.175268,0.02769669,-0.02207404,0.006658024,0.9993505,3.190235,357.4886,0.6934905,0.3780062,-0.07481838,-0.9227746,0,0,0,0.9064813,0.02392253,-1.103122,-0.3086999,0.4008,2.069,0.9989368,0.01208464,0.04448822,-0.01453015,0.9983771,0.05506346,-0.0437506,-0.05565134,0.9974912,static,-9.613239105114271,11.314466607086915,-8.486070519988186,10.963361697755134,-0.4047156999999999,0.28127633,2.072146,-0.16383898902644423,0.19354259627856318,0.9673149202972658,-8.605092026260001,10.931961742987697,1.149976157820182,1.1805861580808152,0.12309376960110101
1554,05/07/2023 20:00:10.963513,1733,True,True,True,True,Eyes,1.296916,-0.2567452,-3.166457,-0.2086772,0.1373975,0.968285,0.0,0.0,0.0,0.0,0.0,0.0,0.0,-1.164692,0.4501337,3.21081,1.311065,-0.257347,-3.175423,0.02753985,-0.02215414,0.006780118,0.9993523,3.172623,357.4797,0.7076285,0.3780012,-0.0748188,-0.9227767,0,0,0,0.9059346,0.0244939,-1.103435,-0.3087,0.4008,2.069,0.9989265,0.01233121,0.04465302,-0.01477169,0.9983912,0.05474361,-0.04390613,-0.05534444,0.9975015,static,-9.593929350569185,11.297495655559935,-8.48607322893318,10.963361697755134,-0.4051303999999999,0.2818409,2.071988,-0.1635220500152106,0.19326637008087133,0.9674237630871368,-8.586082493313649,10.914498573940381,1.1274165631137922,1.1571476517733912,0.11130794145459044
1555,05/07/2023 20:00:10.983699,1734,True,True,True,True,Eyes,1.296931,-0.2567463,-3.166458,-0.208564,0.1373912,0.9683102,0.0,0.0,0.0,0.0,0.0,0.0,0.0,-1.16426,0.4492069,3.211066,1.310994,-0.2573999,-3.175417,0.02730671,-0.02218819,0.006985102,0.9993565,3.146445,357.4763,0.7316118,0.3779968,-0.07481919,-0.9227784,0,0,0,0.9055806,0.02526381,-1.103596,-0.3087,0.4008,2.069,0.9989178,0.01274944,0.04472929,-0.01517299,0.9984111,0.05426829,-0.04396633,-0.05488823,0.9975241,static,-9.578549098105968,11.274494678459757,-8.48607322893318,10.963361697755134,-0.40541340000000003,0.28266371,2.071821,-0.16327479456220398,0.19288597972919178,0.9675413519028837,-8.570869275549985,10.890977090561371,1.1071729760471896,1.135916923197724,0.11148946533388183
1556,05/07/2023 20:00:11.003619,1735,True,True,True,True,Eyes,1.296941,-0.2567532,-3.16646,-0.2084651,0.1373854,0.9683324,0.0,0.0,0.0,0.0,0.0,0.0,0.0,-1.163837,0.4481666,3.211306,1.311069,-0.2574002,-3.175327,0.02705561,-0.02224151,0.007212435,0.9993605,3.118284,357.4707,0.7581438,0.3779933,-0.07481956,-0.9227799,0,0,0,0.905277,0.02614433,-1.103701,-0.3087,0.4008,2.069,0.9989066,0.01321213,0.04484485,-0.01561916,0.9984319,0.05375578,-0.0440643,-0.05439745,0.9975466,static,-9.561330740862596,11.249892918286296,-8.48607322893318,10.963361697755134,-0.40579200000000004,0.28354453,2.0716259999999997,-0.16299729613884964,0.19247948435054138,0.9676691647957496,-8.553846642913776,10.86580816866121,1.0851073175493473,1.1127797883227917,0.11878521238464124
1557,05/07/2023 20:00:11.013675,1736,True,True,True,True,Eyes,1.29695,-0.2567536,-3.166463,-0.2083671,0.1373851,0.9683535,0.0,0.0,0.0,0.0,0.0,0.0,0.0,-1.163938,0.4476538,3.211312,1.31107,-0.2574401,-3.175294,0.02690795,-0.02220927,0.007370576,0.999364,3.101736,357.4748,0.7767497,0.3779903,-0.07482009,-0.9227811,0,0,0,0.905302,0.02660557,-1.103732,-0.3087,0.4008,2.069,0.9989048,0.01353657,0.04478694,-0.01592699,0.9984432,0.05345428,-0.04399363,-0.05410906,0.9975654,static,-9.555700774487812,11.236288536990516,-8.48607322893318,10.963361697755134,-0.4057679999999999,0.28404567000000003,2.071562,-0.16290959051726983,0.1922525302385934,0.9677290142188691,-8.548238405774251,10.851943027124607,1.0767471981741632,1.1038986120945369,0.12758773207779703
1558,05/07/2023 20:00:11.034015,1737,True,True,True,True,Eyes,1.296975,-0.2567554,-3.166466,-0.2082602,0.1373825,0.9683768,0.0,0.0,0.0,0.0,0.0,0.0,0.0,-1.164147,0.4476692,3.211298,1.31105,-0.2573809,-3.175372,0.02685603,-0.02215528,0.007533539,0.9993654,3.096154,357.4815,0.7957368,0.3779878,-0.07482056,-0.922782,0,0,0,0.9053927,0.02676415,-1.103801,-0.3087,0.4008,2.069,0.9989048,0.01386751,0.04468708,-0.01624752,0.998444,0.05334415,-0.0438778,-0.05401178,0.9975758,static,-9.552269898863525,11.233645018841166,-8.48607322893318,10.963361697755134,-0.4056573,0.28414505,2.0715709999999996,-0.16285302454560688,0.19220968760424334,0.9677469800396993,-8.544863698671827,10.849217089957632,1.0729150992454135,1.0999220029746897,0.12839513550495824
1559,05/07/2023 20:00:11.054083,1738,True,True,True,True,Eyes,1.297001,-0.2567626,-3.166466,-0.2081513,0.1373766,0.9684011,0.0,0.0,0.0,0.0,0.0,0.0,0.0,-1.164437,0.4474838,3.211243,1.31106,-0.2574177,-3.175389,0.02679143,-0.02210328,0.007610151,0.9993677,3.088902,357.4877,0.8048447,0.3779861,-0.074821,-0.9227826,0,0,0,0.905564,0.02694163,-1.103817,-0.3086999,0.4008,2.069,0.998907,0.01402632,0.04458638,-0.01639503,0.9984486,0.05321256,-0.04377083,-0.0538854,0.9975874,static,-9.550082551586774,11.22751413583914,-8.486070519988186,10.963361697755134,-0.40549599999999986,0.28435933,2.0715719999999997,-0.1628194160871679,0.19210722300260835,0.967773029700518,-8.542678367608067,10.842973446865242,1.069532871871835,1.0963111391992149,0.13303300103539473
1560,05/07/2023 20:00:11.063663,1739,True,True,True,True,Eyes,1.297027,-0.2567681,-3.166468,-0.208044,0.1373454,0.9684286,0.0,0.0,0.0,0.0,0.0,0.0,0.0,-1.164968,0.4478621,3.21095,1.311076,-0.2575538,-3.175323,0.02684241,-0.02202691,0.007578679,0.9993683,3.094604,357.4964,0.8013458,0.3779853,-0.07482159,-0.9227829,0,0,0,0.9059178,0.02661704,-1.103659,-0.3087,0.4008,2.069,0.9989148,0.01396527,0.04443286,-0.01633029,0.9984441,0.05331703,-0.04361913,-0.05398477,0.9975886,static,-9.55319117638589,11.230904379239957,-8.48607322893318,10.963361697755134,-0.4051581999999999,0.28417084,2.071664,-0.16287011813642252,0.1921628601743695,0.9677534696000596,-8.54574366356869,10.846451845410215,1.073205620503771,1.1001453541199806,0.13125728301660688
1561,05/07/2023 20:00:11.083712,1740,True,True,True,True,Eyes,1.297055,-0.2567668,-3.166473,-0.2079476,0.1373376,0.9684504,0.0,0.0,0.0,0.0,0.0,0.0,0.0,-1.16443,0.4499552,3.210916,1.311072,-0.2575044,-3.175393,0.02709962,-0.02208524,0.007780543,0.9993585,3.124635,357.4905,0.8236822,0.3779851,-0.07482225,-0.9227829,0,0,0,0.90554,0.02544983,-1.103635,-0.3087,0.4008,2.069,0.9989034,0.0143541,0.04456385,-0.01674811,0.9984102,0.05382081,-0.04372045,-0.05450815,0.9975557,static,-9.537708427111305,11.263639571225193,-8.48607322893318,10.963361697755134,-0.405532,0.28295423000000003,2.071758,-0.1625903408248111,0.19272475291752017,0.9676887664239118,-8.530853922567376,10.879420079225827,1.0660149266361818,1.0936651184630721,0.09513940216166746
1562,05/07/2023 20:00:11.103915,1741,True,True,True,True,Eyes,1.297096,-0.2567676,-3.166476,-0.2078354,0.1373301,0.9684755,0.0,0.0,0.0,0.0,0.0,0.0,0.0,-1.163929,0.4478241,3.211475,1.311166,-0.25735,-3.175448,0.02684017,-0.02219385,0.007646904,0.9993641,3.094654,357.4774,0.8086588,0.3779857,-0.07482278,-0.9227827,0,0,0,0.9052719,0.0267789,-1.103922,-0.3087,0.4008,2.069,0.9988979,0.01409271,0.04476996,-0.01647546,0.9984422,0.05330678,-0.04394898,-0.05398564,0.9975741,static,-9.520180082792253,11.230070508341434,-8.48607322893318,10.963361697755134,-0.40589410000000004,0.2841289,2.0715259999999995,-0.16231238499408884,0.1921666629166719,0.9678463552136881,-8.513460025835347,10.845158181854154,1.0416420898856997,1.0679468970143928,0.1213346933729747
1563,05/07/2023 20:00:11.123902,1742,True,True,True,True,Eyes,1.297135,-0.2567708,-3.166476,-0.2077178,0.1373222,0.9685019,0.0,0.0,0.0,0.0,0.0,0.0,0.0,-1.164215,0.4471228,3.211479,1.311237,-0.2574104,-3.175423,0.02685531,-0.02219948,0.007299635,0.9993662,3.095517,357.4757,0.7687745,0.3779871,-0.07482323,-0.922782,0,0,0,0.9055568,0.02690546,-1.103881,-0.3087,0.4008,2.069,0.9989078,0.01339767,0.04476289,-0.01578236,0.998451,0.05335248,-0.04397875,-0.05400068,0.997572,static,-9.519134684229131,11.223713492140565,-8.48607322893318,10.963361697755134,-0.40568019999999994,0.28431586,2.071542,-0.1622981956558936,0.1920597422322896,0.9678700080350654,-8.512389540393048,10.8387008574471,1.0392719483555504,1.0653633311025414,0.12740829390254887
1564,05/07/2023 20:00:11.133967,1743,True,True,True,True,Eyes,1.297164,-0.2567742,-3.166473,-0.2075909,0.1373158,0.96853,0.0,0.0,0.0,0.0,0.0,0.0,0.0,-1.164765,0.4470372,3.21121,1.311242,-0.2574584,-3.175335,0.02690279,-0.02213468,0.007125542,0.9993676,3.10047,357.4826,0.7488905,0.3779894,-0.0748237,-0.922781,0,0,0,0.9059481,0.02678578,-1.103707,-0.3087,0.4008,2.069,0.9989185,0.0130511,0.04462476,-0.01543304,0.9984509,0.05345611,-0.04385797,-0.054087,0.9975726,static,-9.522470683993184,11.225059248791611,-8.48607322893318,10.963361697755134,-0.4052939,0.28424417999999996,2.071628,-0.16235386807779967,0.1920806896281334,0.9678564985495561,-8.515661615282275,10.840110166060168,1.0427331404666862,1.0689271692090832,0.12675335369093305
1565,05/07/2023 20:00:11.153686,1744,True,True,True,True,Eyes,1.297189,-0.2567785,-3.16647,-0.2074631,0.1373035,0.9685591,0.0,0.0,0.0,0.0,0.0,0.0,0.0,-1.165745,0.4472273,3.210783,1.311222,-0.2574782,-3.175296,0.02700131,-0.02199983,0.006942712,0.9993693,3.111201,357.4976,0.7280968,0.3779923,-0.07482421,-0.9227798,0,0,0,0.9066108,0.02648877,-1.103497,-0.3087,0.4008,2.069,0.9989356,0.01268862,0.04434683,-0.01506471,0.9984455,0.05366309,-0.04359698,-0.05427404,0.9975739,static,-9.534150300546084,11.231974258834128,-8.48607322893318,10.963361697755134,-0.40461120000000006,0.28396697,2.071799,-0.16254756930281988,0.1921912816674717,0.9678020035789499,-8.527134175281276,10.847277521741583,1.055330074383719,1.081951133836505,0.12313219414818528
1566,05/07/2023 20:00:11.173648,1745,True,True,True,True,Eyes,1.297216,-0.2567841,-3.166467,-0.2073188,0.1372692,0.9685949,0.0,0.0,0.0,0.0,0.0,0.0,0.0,-1.166202,0.4477366,3.210505,1.311182,-0.2575076,-3.175269,0.02708498,-0.02192473,0.006922766,0.9993688,3.120685,357.5062,0.7258374,0.3779955,-0.07482477,-0.9227784,0,0,0,0.9068949,0.0261262,-1.103361,-0.3086999,0.4008,2.069,0.9989427,0.01264913,0.04419678,-0.01502445,0.9984369,0.0538322,-0.04344676,-0.05443931,0.9975714,static,-9.534790658580071,11.239079667829099,-8.486070519988186,10.963361697755134,-0.4042871000000001,0.2836338,2.071908,-0.1625545047281049,0.19231108514603745,0.9677770807012555,-8.527814312864349,10.85448787285186,1.057508949252857,1.084358948001026,0.11660211830304248
1869,05/07/2023 20:00:16.214004,2048,True,True,True,True,Eyes,1.311854,-0.2588881,-3.166803,0.2344498,-0.1220693,0.9644338,0.0,0.0,0.0,0.0,0.0,0.0,0.0,-1.18747,0.4462202,3.203781,1.312184,-0.2574572,-3.175736,0.02826785,-0.01917059,0.003327064,0.9994111,3.246395,357.8112,0.3194447,0.3817737,-0.07528584,-0.9211842,0,0,0,1.887537,-0.5734527,-1.176027,0.6501602,-0.2072,1.991,0.9992428,0.005566387,0.03850669,-0.007734032,0.9983797,0.05637485,-0.0381305,-0.05662997,0.9976668,static,15.746559258694143,-4.12909379914557,18.08442708181062,-5.941287919137228,0.575353,-0.31599550000000004,1.9997090000000002,0.2707299532566492,-0.0693149625236621,0.9601567089204582,16.30838900962717,-5.065325418063821,2.869269137583879,2.957984700247064,1.980308444947878
1870,05/07/2023 20:00:16.233659,2049,True,True,True,True,Eyes,1.311831,-0.2588966,-3.166802,0.2356253,-0.1227123,0.9640656,0.0,0.0,0.0,0.0,0.0,0.0,0.0,-1.187593,0.44714,3.203502,1.312153,-0.2575008,-3.17564,0.02839944,-0.01914499,0.003345482,0.9994077,3.261509,357.8143,0.3213549,0.381759,-0.07528847,-0.9211901,0,0,0,1.887621,-0.5739959,-1.176043,0.6501601,-0.2072,1.991,0.9992445,0.005599587,0.03845732,-0.007774414,0.9983646,0.05663714,-0.03807728,-0.05689333,0.9976539,static,15.813028503554628,-4.155897523225026,18.084424481368902,-5.941287919137228,0.5754680000000001,-0.31649510000000003,1.999597,0.2718355393362565,-0.06974154228318068,0.9598133300327049,16.37358448394679,-5.093395265595668,2.80122162876051,2.8890930330895177,1.9094228051191393
1871,05/07/2023 20:00:16.253969,2050,True,True,True,True,Eyes,1.311808,-0.2589043,-3.1668,0.2367459,-0.1233246,0.9637128,0.0,0.0,0.0,0.0,0.0,0.0,0.0,-1.186577,0.44858,3.203722,1.312117,-0.2574921,-3.1757,0.02857713,-0.01928322,0.003468853,0.9993996,3.282192,357.7988,0.3346667,0.3817452,-0.07529111,-0.9211956,0,0,0,1.887098,-0.5745495,-1.176052,0.6501601,-0.2072,1.991,0.9992322,0.005831422,0.03874153,-0.008035658,0.9983426,0.05698616,-0.03834502,-0.05725373,0.997623,static,15.89376036650427,-4.179211760431093,18.084424481368902,-5.941287919137228,0.574981,-0.31705740000000004,1.9996479999999999,0.27318069929801847,-0.07010432443632592,0.9594048302162032,16.452699010047958,-5.118122137438035,2.7240952452082623,2.811391408757629,1.8276022318650198
1872,05/07/2023 20:00:16.264267,2051,True,True,True,True,Eyes,1.311762,-0.258911,-3.166799,0.2380737,-0.1240931,0.963287,0.0,0.0,0.0,0.0,0.0,0.0,0.0,-1.185887,0.4484223,3.20399,1.312133,-0.2574794,-3.175685,0.0285305,-0.01938659,0.003527901,0.9993987,3.277012,357.7872,0.3412029,0.3817322,-0.07529373,-0.9212008,0,0,0,1.886729,-0.574284,-1.175886,0.6501602,-0.2072,1.991,0.9992234,0.005945344,0.03895117,-0.008157779,0.9983471,0.0568899,-0.03854855,-0.05716347,0.9976203,static,15.983927938693707,-4.236300012481208,18.08442708181062,-5.941287919137228,0.5745960000000001,-0.3168046,1.999799,0.2746721983826617,-0.0710288420230574,0.9589109007122608,16.54129624482874,-5.177208685859008,2.620298071885721,2.7053799016179156,1.7219378196588377
1873,05/07/2023 20:00:16.283845,2052,True,True,True,True,Eyes,1.311718,-0.2589197,-3.166803,0.2393459,-0.1248167,0.9628781,0.0,0.0,0.0,0.0,0.0,0.0,0.0,-1.186005,0.4481337,3.204007,1.312176,-0.2574507,-3.17569,0.02854704,-0.01939105,0.003381234,0.9993987,3.278585,357.7862,0.3243275,0.3817194,-0.07529633,-0.9212059,0,0,0,1.886677,-0.574501,-1.175903,0.6501601,-0.2072,1.991,0.9992251,0.005651287,0.03895181,-0.007865516,0.9983472,0.05692861,-0.03856572,-0.05719088,0.9976181,static,16.06171342724365,-4.276714413144167,18.084424481368902,-5.941287919137228,0.5745009999999999,-0.31705030000000006,1.999787,0.27596091564753644,-0.07167767832730756,0.9584924555623222,16.617659882718847,-5.219227310840234,2.535981034913285,2.6195734319416437,1.6348608227941859
1874,05/07/2023 20:00:16.303930,2053,True,True,True,True,Eyes,1.311696,-0.2589255,-3.16681,0.2407525,-0.1256439,0.9624198,0.0,0.0,0.0,0.0,0.0,0.0,0.0,-1.185904,0.4474084,3.204253,1.312177,-0.2574822,-3.175794,0.02843326,-0.01940825,0.003365372,0.9994016,3.265515,357.7841,0.3227019,0.3817067,-0.07529894,-0.9212109,0,0,0,1.886599,-0.5741001,-1.175916,0.6501601,-0.2071999,1.991,0.999224,0.005623036,0.03898464,-0.007830395,0.9983605,0.05670186,-0.03860189,-0.05696313,0.9976297,static,16.14777941728282,-4.3427902379675345,18.084424481368902,-5.941285072231013,0.574422,-0.3166179,1.9998779999999998,0.2773787707262127,-0.07275209654250077,0.9580021802138998,16.70231503005215,-5.287367442536632,2.430303271785584,2.5111311872174285,1.5289979731327992
1875,05/07/2023 20:00:16.323905,2054,True,True,True,True,Eyes,1.311676,-0.2589331,-3.166817,0.2421044,-0.1264305,0.9619776,0.0,0.0,0.0,0.0,0.0,0.0,0.0,-1.186337,0.4459035,3.204394,1.312206,-0.2574398,-3.175879,0.02820043,-0.01934443,0.00337235,0.9994095,3.238822,357.7914,0.324222,0.3816947,-0.07530146,-0.9212157,0,0,0,1.886882,-0.5731199,-1.175925,0.6501602,-0.2072,1.991,0.9992288,0.005649673,0.03885622,-0.007831757,0.9983867,0.05623707,-0.03847581,-0.05649802,0.9976611,static,16.221330747600714,-4.420458843385226,18.08442708181062,-5.941287919137228,0.574676,-0.3156801,1.999954,0.2785822116925261,-0.07402383249876399,0.957555501410788,16.774821828688886,-5.3670873501727225,2.327667462461456,2.405004995462396,1.429955318324039
1876,05/07/2023 20:00:16.334093,2055,True,True,True,True,Eyes,1.31166,-0.2589371,-3.166822,0.243548,-0.1272666,0.9615027,0.0,0.0,0.0,0.0,0.0,0.0,0.0,-1.186644,0.4450496,3.204418,1.312231,-0.2574962,-3.175883,0.02806924,-0.01930397,0.00334282,0.9994141,3.223708,357.796,0.3212533,0.3816833,-0.07530396,-0.9212202,0,0,0,1.887051,-0.5726886,-1.175894,0.6501602,-0.2072,1.991,0.9992324,0.005598027,0.03877297,-0.007765418,0.9984019,0.05597653,-0.03839765,-0.05623465,0.9976789,static,16.303324046708326,-4.488657927473015,18.08442708181062,-5.941287919137228,0.5748200000000001,-0.3151924,1.9999889999999998,0.2799289185577542,-0.07513289451279952,0.9570761237247872,16.85551095644112,-5.437324167741664,2.2240132491750764,2.2983607015290217,1.3282372927733497
1877,05/07/2023 20:00:16.354139,2056,True,True,True,True,Eyes,1.311644,-0.2589459,-3.166826,0.2449373,-0.1280715,0.9610429,0.0,0.0,0.0,0.0,0.0,0.0,0.0,-1.187652,0.4444598,3.20408,1.312251,-0.2574151,-3.175835,0.02802237,-0.01915969,0.003262321,0.9994184,3.218113,357.8122,0.3125872,0.3816725,-0.07530632,-0.9212245,0,0,0,1.887608,-0.5725129,-1.175985,0.6501602,-0.2072001,1.991,0.9992445,0.005447045,0.03847992,-0.007594645,0.9984082,0.05588714,-0.03811425,-0.05613716,0.9976953,static,16.3707120600156,-4.543175426458329,18.08442708181062,-5.941290766043414,0.5753569999999999,-0.3150978,1.9998500000000001,0.28103550327463334,-0.0760179222563222,0.9566819571200008,16.921815450717965,-5.493495653046472,2.139745837831941,2.211683901173273,1.2458676767521777
1878,05/07/2023 20:00:16.374288,2057,True,True,True,True,Eyes,1.311631,-0.2589535,-3.16683,0.2463109,-0.128946,0.9605747,0.0,0.0,0.0,0.0,0.0,0.0,0.0,-1.187994,0.4447871,3.203918,1.312254,-0.257536,-3.175835,0.02805607,-0.01910691,0.003260243,0.9994184,3.221955,357.8183,0.3124459,0.3816624,-0.0753087,-0.9212285,0,0,0,1.887822,-0.5727679,-1.176067,0.6501602,-0.2072001,1.991,0.9992486,0.005444563,0.03837454,-0.007588822,0.9984044,0.05595491,-0.03800866,-0.05620409,0.9976956,static,16.446678462835745,-4.595405697107911,18.08442708181062,-5.941290766043414,0.5755679999999999,-0.3152319,1.9997680000000002,0.2822853727503305,-0.07686059062996624,0.9562464654021575,16.996490260727168,-5.547465478146013,2.0501422488642276,2.119817718045029,1.1570241501613696
1879,05/07/2023 20:00:16.393693,2058,True,True,True,True,Eyes,1.311618,-0.2589617,-3.166833,0.2476337,-0.1297918,0.9601207,0.0,0.0,0.0,0.0,0.0,0.0,0.0,-1.188987,0.4450606,3.203433,1.312204,-0.2574919,-3.175779,0.02813278,-0.01895213,0.003196413,0.9994195,3.230561,357.8358,0.3054587,0.381653,-0.07531107,-0.9212322,0,0,0,1.888363,-0.5730999,-1.176241,0.6501601,-0.2072,1.991,0.9992612,0.005322763,0.03806211,-0.007455467,0.9983966,0.05611173,-0.03770241,-0.05635405,0.9976987,static,16.50864286195209,-4.638522341424446,18.084424481368902,-5.941287919137228,0.5761590000000001,-0.315608,1.9995379999999998,0.2833041047815494,-0.07755589114320945,0.9558891082412891,17.05740503386907,-5.592007998640585,1.9767936694336443,2.0445747388063826,1.0847881859630484
1880,05/07/2023 20:00:16.413767,2059,True,True,True,True,Eyes,1.311574,-0.2589695,-3.166838,0.2490061,-0.1306226,0.9596529,0.0,0.0,0.0,0.0,0.0,0.0,0.0,-1.189244,0.4457596,3.203255,1.312168,-0.2575126,-3.175807,0.02824909,-0.0189089,0.003172003,0.9994172,3.243826,357.8408,0.3025489,0.3816441,-0.07531345,-0.9212357,0,0,0,1.88849,-0.5736113,-1.176393,0.6501602,-0.2072,1.991,0.9992647,0.005271989,0.03797496,-0.007408626,0.9983839,0.0563453,-0.03761654,-0.05658521,0.9976889,static,16.58580625944352,-4.678038264358034,18.08442708181062,-5.941287919137228,0.576322,-0.31609870000000007,1.9994139999999998,0.284577165021048,-0.0781843816122408,0.9554595907556084,17.13315357894877,-5.633107524200962,1.8938624235323736,1.9600163416492218,0.9999482151942292
1881,05/07/2023 20:00:16.424360,2060,True,True,True,True,Eyes,1.31153,-0.2589764,-3.166846,0.2503165,-0.1314145,0.9592038,0.0,0.0,0.0,0.0,0.0,0.0,0.0,-1.189458,0.4455807,3.203214,1.312136,-0.2574967,-3.175835,0.02823627,-0.01887419,0.003139602,0.9994182,3.242276,357.8446,0.2989724,0.381635,-0.07531584,-0.9212393,0,0,0,1.888581,-0.5735825,-1.176455,0.6501602,-0.2072001,1.991,0.9992678,0.005209677,0.03790373,-0.007341424,0.9983857,0.05632117,-0.03754913,-0.0565582,0.9976929,static,16.66063652126752,-4.7297512614017965,18.08442708181062,-5.941290766043414,0.5764450000000001,-0.3160858,1.9993800000000002,0.28580598245654104,-0.07901656521577183,0.9550242791314223,17.20671357072609,-5.686537633347314,1.8056586943379351,1.869493923926711,0.9139366313693795
1882,05/07/2023 20:00:16.433950,2061,True,True,True,True,Eyes,1.311498,-0.2589818,-3.166853,0.2516331,-0.1322079,0.9587501,0.0,0.0,0.0,0.0,0.0,0.0,0.0,-1.18909,0.4451141,3.20345,1.312094,-0.2574078,-3.175894,0.02817746,-0.01892519,0.003135944,0.9994189,3.235544,357.8388,0.2985135,0.3816256,-0.07531822,-0.921243,0,0,0,1.888331,-0.5732664,-1.176418,0.6501602,-0.2071999,1.991,0.999264,0.005201715,0.03800511,-0.007334771,0.9983924,0.05620348,-0.03765166,-0.05644088,0.9976957,static,16.7454397111893,-4.788195653629383,18.08442708181062,-5.941285072231013,0.5762369999999999,-0.31585859999999993,1.999476,0.2871975919340591,-0.07995595052776405,0.9545284119660923,17.290075975765582,-5.746925808724766,1.7058795144645553,1.7670603798326887,0.8177831026535498
1883,05/07/2023 20:00:16.453782,2062,True,True,True,True,Eyes,1.311467,-0.2589888,-3.166863,0.2528967,-0.1329646,0.9583129,0.0,0.0,0.0,0.0,0.0,0.0,0.0,-1.189055,0.4449134,3.203483,1.312068,-0.2574427,-3.175894,0.02813194,-0.01892409,0.003157712,0.9994202,3.230373,357.839,0.3011119,0.3816162,-0.07532052,-0.9212466,0,0,0,1.88832,-0.5730935,-1.176389,0.6501601,-0.2072,1.991,0.9992638,0.00524702,0.0380039,-0.007376505,0.9983972,0.05611174,-0.03764856,-0.05635076,0.9977009,static,16.820823127635347,-4.843407304589591,18.084424481368902,-5.941287919137228,0.576252,-0.3156508,1.999505,0.2884324734779153,-0.08084438776826901,0.9540811460458932,17.364203422305312,-5.803909476007489,1.6153143509961263,1.673926588879205,0.7332061173745279
1884,05/07/2023 20:00:16.463674,2063,True,True,True,True,Eyes,1.311394,-0.2589949,-3.166871,0.254139,-0.133692,0.957883,0.0,0.0,0.0,0.0,0.0,0.0,0.0,-1.188923,0.444961,3.203593,1.312048,-0.257491,-3.175967,0.02809731,-0.01893152,0.003243892,0.9994207,3.226593,357.8384,0.3110478,0.3816069,-0.07532281,-0.9212502,0,0,0,1.888314,-0.5728987,-1.176428,0.6501602,-0.2071999,1.991,0.9992622,0.005420176,0.03802339,-0.007547876,0.9984,0.05603925,-0.03765881,-0.0562849,0.9977043,static,16.895124372894866,-4.897712036501426,18.08442708181062,-5.941285072231013,0.576266,-0.31540769999999996,1.999539,0.2896488088491589,-0.08171727532613339,0.9536382324128664,17.437265858735646,-5.859959237436102,1.5261857009095074,1.5822406941853746,0.6522511326605617
1885,05/07/2023 20:00:16.483758,2064,True,True,True,True,Eyes,1.311321,-0.2590018,-3.166879,0.2553351,-0.1343821,0.9574682,0.0,0.0,0.0,0.0,0.0,0.0,0.0,-1.189209,0.4451934,3.203425,1.312109,-0.257461,-3.175914,0.02810094,-0.01888611,0.003341575,0.9994211,3.227205,357.8439,0.3223918,0.3815967,-0.07532508,-0.9212543,0,0,0,1.888608,-0.572761,-1.176426,0.6501602,-0.2071999,1.991,0.9992642,0.005617846,0.03793816,-0.007740716,0.9983983,0.05604313,-0.03756255,-0.05629557,0.9977073,static,16.960414921089438,-4.945447322972876,18.08442708181062,-5.941285072231013,0.5764990000000001,-0.31529999999999997,1.9994880000000002,0.29071688797570433,-0.0824838339011156,0.953247095088338,17.50146795486961,-5.909228149109899,1.4479165277219936,1.5016977593033207,0.5838398667475672
1886,05/07/2023 20:00:16.503706,2065,True,True,True,True,Eyes,1.311232,-0.2590103,-3.166889,0.2564732,-0.1350668,0.9570677,0.0,0.0,0.0,0.0,0.0,0.0,0.0,-1.189366,0.4448708,3.203407,1.312038,-0.2574882,-3.175937,0.02801872,-0.01884292,0.003411561,0.9994241,3.217916,357.8491,0.3307351,0.3815855,-0.07532737,-0.9212587,0,0,0,1.888745,-0.5723732,-1.176442,0.6501603,-0.2072001,1.991,0.9992666,0.005763284,0.03785532,-0.007875103,0.9984066,0.05587659,-0.03747296,-0.05613372,0.9977198,static,17.02305650680464,-5.0017623916379526,18.084429682252264,-5.941290766043414,0.5767069999999999,-0.314885,1.9994949999999998,0.2917367637443414,-0.0833936651321425,0.9528563808148507,17.563145193390078,-5.967157065695822,1.3664812098036412,1.4174718987947317,0.5219258412705953
1887,05/07/2023 20:00:16.514059,2066,True,True,True,True,Eyes,1.311147,-0.2590148,-3.166902,0.2575656,-0.1357221,0.9566815,0.0,0.0,0.0,0.0,0.0,0.0,0.0,-1.18933,0.444418,3.203582,1.312039,-0.2574861,-3.176036,0.02795327,-0.01885001,0.00339548,0.9994258,3.210384,357.8482,0.3290075,0.3815732,-0.07532974,-0.9212636,0,0,0,1.888707,-0.5721309,-1.176492,0.6501602,-0.2072,1.991,0.9992663,0.00573322,0.0378682,-0.007840898,0.9984142,0.05574643,-0.03748854,-0.05600246,0.9977266,static,17.089774298303013,-5.051703128348097,18.08442708181062,-5.941287919137228,0.576668,-0.3146448,1.9995439999999998,0.29282630068034976,-0.08419484539922485,0.9524515760982718,17.628759572408967,-6.018680691131469,1.2858778897440615,1.3344269405789035,0.46219316338654176
1888,05/07/2023 20:00:16.534009,2067,True,True,True,True,Eyes,1.311059,-0.2590224,-3.166911,0.2586167,-0.1363188,0.956313,0.0,0.0,0.0,0.0,0.0,0.0,0.0,-1.189672,0.443881,3.20351,1.312016,-0.2574348,-3.17603,0.02790131,-0.01879988,0.003334561,0.9994283,3.204281,357.8537,0.3222917,0.3815598,-0.07533204,-0.921269,0,0,0,1.888852,-0.5719453,-1.176515,0.6501601,-0.2072,1.991,0.9992709,0.005616227,0.03776434,-0.007714393,0.9984207,0.05564534,-0.03739218,-0.05589611,0.9977362,static,17.14801614655943,-5.094733775108337,18.084424481368902,-5.941287919137228,0.5768359999999999,-0.31451049999999997,1.999515,0.29377707471687065,-0.0848842324127638,0.9520975077059199,17.68603388854325,-6.063085473623244,1.215916956124579,1.2623448373060087,0.41659297729408373
1889,05/07/2023 20:00:16.553803,2068,True,True,True,True,Eyes,1.310975,-0.2590289,-3.16692,0.2596264,-0.1368935,0.9559572,0.0,0.0,0.0,0.0,0.0,0.0,0.0,-1.189447,0.4439399,3.203537,1.312047,-0.2575095,-3.175962,0.02785959,-0.01882919,0.0034354,0.9994286,3.199725,357.8507,0.3338535,0.3815455,-0.07533439,-0.9212747,0,0,0,1.888817,-0.5717316,-1.176381,0.6501602,-0.2071999,1.991,0.9992673,0.005817727,0.03782829,-0.007916022,0.9984241,0.05555797,-0.03744546,-0.05581671,0.9977386,static,17.21082905946296,-5.140831274504538,18.08442708181062,-5.941285072231013,0.57677,-0.3142221,1.9995810000000003,0.2948019832124797,-0.08562193452239802,0.951714527142294,17.747800973949634,-6.110660752717918,1.14072771454031,1.1848627713556035,0.3768358497197937
1890,05/07/2023 20:00:16.563928,2069,True,True,True,True,Eyes,1.310889,-0.259035,-3.166924,0.2605707,-0.1374492,0.9556206,0.0,0.0,0.0,0.0,0.0,0.0,0.0,-1.189539,0.4440655,3.203487,1.312046,-0.2574882,-3.175967,0.02788517,-0.01881528,0.003429223,0.9994283,3.202639,357.8523,0.333135,0.3815304,-0.07533674,-0.9212807,0,0,0,1.888869,-0.571819,-1.176419,0.6501601,-0.2072,1.991,0.9992685,0.005805191,0.03780029,-0.00790386,0.9984213,0.05560941,-0.03741779,-0.05586749,0.9977368,static,17.26600650548,-5.174151780928537,18.084424481368902,-5.941287919137228,0.5768229999999999,-0.31433079999999997,1.9995479999999999,0.2957048921992277,-0.0861502397067252,0.9513868069042196,17.80200519108026,-6.145182238197454,1.0792321730552086,1.1217423223734724,0.3483296554589841
1891,05/07/2023 20:00:16.583675,2070,True,True,True,True,Eyes,1.310807,-0.2590401,-3.16693,0.261479,-0.1379933,0.955294,0.0,0.0,0.0,0.0,0.0,0.0,0.0,-1.189865,0.4447386,3.203146,1.312029,-0.2574767,-3.175847,0.02800733,-0.01876617,0.00339575,0.9994258,3.216552,357.8578,0.3291931,0.3815147,-0.07533909,-0.9212871,0,0,0,1.889035,-0.5723321,-1.176434,0.6501602,-0.2072,1.991,0.9992726,0.005736419,0.037701,-0.00783878,0.9984081,0.05585504,-0.03732058,-0.05610994,0.9977269,static,17.315154868013636,-5.194492984321933,18.08442708181062,-5.941287919137228,0.5770060000000001,-0.3148554,1.999413,0.2965127509148494,-0.08646531920609862,0.951106714223691,17.850215677550143,-6.166466704509357,1.0305572074630795,1.0721391764066333,0.32490070370396634
1892,05/07/2023 20:00:16.603775,2071,True,True,True,True,Eyes,1.310715,-0.2590476,-3.16693,0.2623669,-0.1385154,0.9549749,0.0,0.0,0.0,0.0,0.0,0.0,0.0,-1.189911,0.4459654,3.203002,1.312013,-0.257454,-3.175899,0.02817504,-0.01874814,0.003467948,0.9994212,3.235924,357.8601,0.3371764,0.3814985,-0.07534143,-0.9212936,0,0,0,1.889133,-0.5728869,-1.17661,0.6501602,-0.2071999,1.991,0.9992729,0.005875422,0.03766999,-0.00798834,0.9983884,0.05618743,-0.03727916,-0.0564475,0.9977093,static,17.365182923837445,-5.211866301139319,18.08442708181062,-5.941285072231013,0.5771199999999999,-0.31543289999999996,1.9992889999999999,0.29733621049993,-0.08673044799508263,0.9508254167821205,17.89926374156348,-6.184755036287194,0.983569466636114,1.0243846457261347,0.30588083622384077
1893,05/07/2023 20:00:16.614007,2072,True,True,True,True,Eyes,1.310626,-0.2590543,-3.166931,0.263223,-0.139018,0.9546663,0.0,0.0,0.0,0.0,0.0,0.0,0.0,-1.19025,0.446409,3.202678,1.312044,-0.2575122,-3.175744,0.02820328,-0.01869142,0.003554749,0.9994212,3.239326,357.8669,0.3472574,0.3814815,-0.07534381,-0.9213004,0,0,0,1.889437,-0.5729482,-1.176534,0.6501602,-0.2072,1.991,0.999276,0.006051064,0.03756171,-0.008159701,0.9983839,0.05624101,-0.03716069,-0.05650678,0.9977105,static,17.409023608933975,-5.244385425381992,18.08442708181062,-5.941287919137228,0.577393,-0.315436,1.99921,0.298050113574633,-0.08724974811323619,0.9505544211990257,17.94237710765634,-6.218310260537736,0.9313397494822052,0.9704859282730995,0.31131908517187185
1894,05/07/2023 20:00:16.634062,2073,True,True,True,True,Eyes,1.310524,-0.2590567,-3.166936,0.2639518,-0.1394778,0.954398,0.0,0.0,0.0,0.0,0.0,0.0,0.0,-1.190485,0.4467784,3.20257,1.31204,-0.2574989,-3.175778,0.02824225,-0.01864787,0.003608745,0.9994207,3.243892,357.8721,0.3535103,0.381464,-0.07534622,-0.9213074,0,0,0,1.889637,-0.5730215,-1.176641,0.6501603,-0.2072,1.991,0.9992784,0.006159994,0.03747798,-0.008266624,0.9983787,0.05631718,-0.0370703,-0.05658636,0.9977093,static,17.44714581992507,-5.271675126075654,18.084429682252264,-5.941287919137228,0.5775969999999999,-0.3155226,1.9991370000000002,0.2986710658010131,-0.08768465092489489,0.9503194979929361,17.97985936104592,-6.2464875364462085,0.8866576101796794,0.9243981900752448,0.32261704617509895
1895,05/07/2023 20:00:16.654101,2074,True,True,True,True,Eyes,1.310425,-0.259057,-3.166943,0.2646435,-0.1399058,0.9541437,0.0,0.0,0.0,0.0,0.0,0.0,0.0,-1.189595,0.4460443,3.203095,1.312056,-0.2573982,-3.175873,0.02816744,-0.01879607,0.00354064,0.9994202,3.235225,357.8549,0.3453757,0.3814457,-0.07534854,-0.9213148,0,0,0,1.889021,-0.5727141,-1.17652,0.6501602,-0.2071999,1.991,0.9992684,0.0060183,0.03776981,-0.008136049,0.9983882,0.05616912,-0.03737088,-0.05643532,0.9977066,static,17.50680803902484,-5.306864859381459,18.08442708181062,-5.941285072231013,0.5769650000000002,-0.3153159,1.9993530000000002,0.299645699876118,-0.08824003027520876,0.9499611396359126,18.038462869925166,-6.282964498675856,0.8220313884004347,0.8579817976279184,0.34475721780686175
1896,05/07/2023 20:00:16.663631,2075,True,True,True,True,Eyes,1.31033,-0.2590672,-3.166949,0.2652694,-0.1402631,0.9539174,0.0,0.0,0.0,0.0,0.0,0.0,0.0,-1.189138,0.444307,3.203528,1.312043,-0.2573519,-3.175904,0.02795019,-0.01887907,0.003414859,0.9994252,3.210082,357.8449,0.3311435,0.3814267,-0.0753507,-0.9213225,0,0,0,1.888604,-0.571962,-1.176324,0.6501602,-0.2071999,1.991,0.9992638,0.005770444,0.03792733,-0.007881139,0.9984142,0.05573932,-0.03754555,-0.05599719,0.9977248,static,17.556146183844504,-5.351740285765223,18.08442708181062,-5.941285072231013,0.5765609999999999,-0.31461009999999995,1.9995800000000001,0.3004442762524012,-0.08896060691146349,0.949641640360112,18.08704542431298,-6.329118079932462,0.7580608666930112,0.7916083390192901,0.3878418460922078
1897,05/07/2023 20:00:16.683811,2076,True,True,True,True,Eyes,1.310242,-0.2590748,-3.166962,0.2658522,-0.1405895,0.9537071,0.0,0.0,0.0,0.0,0.0,0.0,0.0,-1.188815,0.4446112,3.203626,1.312028,-0.2576054,-3.175909,0.02789553,-0.01890927,0.003573955,0.9994257,3.20417,357.8419,0.3494129,0.3814072,-0.07535301,-0.9213305,0,0,0,1.888549,-0.5718042,-1.176253,0.6501602,-0.2072,1.991,0.9992594,0.006088835,0.03799621,-0.008198773,0.9984182,0.05562386,-0.03759743,-0.05589419,0.9977285,static,17.5927597480546,-5.385216399341062,18.08442708181062,-5.941287919137228,0.5765210000000001,-0.3141988,1.9996559999999999,0.3010365181182543,-0.08949791160808225,0.949403586954742,18.123099594100058,-6.363545066149646,0.7105206332644427,0.7422616130524133,0.4240243641700837
1898,05/07/2023 20:00:16.703786,2077,True,True,True,True,Eyes,1.310107,-0.2590693,-3.166976,0.2663915,-0.1409083,0.9535095,0.0,0.0,0.0,0.0,0.0,0.0,0.0,-1.186868,0.4446539,3.204519,1.312092,-0.2575485,-3.176067,0.02777821,-0.01918481,0.003904052,0.9994224,3.191542,357.8113,0.3866475,0.3813873,-0.07535536,-0.9213386,0,0,0,1.887674,-0.570889,-1.176005,0.6501601,-0.2072001,1.991,0.9992334,0.006737753,0.03856435,-0.008869431,0.9984262,0.05537452,-0.03813056,-0.05567411,0.9977207,static,17.652721016926733,-5.43231269415395,18.084424481368902,-5.941290766043414,0.575582,-0.31334049999999997,2.0000620000000002,0.30200935412382646,-0.09024914771031609,0.9490233865562328,18.182086016551153,-6.412093926007468,0.6382021351612248,0.6674028460200686,0.48082573858550076
1899,05/07/2023 20:00:16.723952,2078,True,True,True,True,Eyes,1.309978,-0.2590679,-3.166977,0.2669115,-0.141197,0.9533213,0.0,0.0,0.0,0.0,0.0,0.0,0.0,-1.186444,0.4410639,3.205237,1.312242,-0.2572327,-3.176096,0.02729591,-0.01928427,0.003819155,0.9994341,3.136116,357.7996,0.3776447,0.3813658,-0.07535739,-0.9213473,0,0,0,1.887368,-0.5687631,-1.175621,0.6501601,-0.2072,1.991,0.999227,0.006581224,0.0387552,-0.008686751,0.9984807,0.05441362,-0.03833822,-0.05470822,0.9977661,static,17.697731556559607,-5.5047622544885675,18.084424481368902,-5.941287919137228,0.575126,-0.3115304,2.000475,0.3027221087763077,-0.09142740526798825,0.9486834019307645,18.226646775977862,-6.48613633395828,0.5580360293336649,0.5831689926552356,0.5631047648678273
1900,05/07/2023 20:00:16.734206,2079,True,True,True,True,Eyes,1.30987,-0.2590715,-3.166974,0.2673908,-0.1414921,0.9531433,0.0,0.0,0.0,0.0,0.0,0.0,0.0,-1.187664,0.4369096,3.205089,1.312289,-0.2573472,-3.1758,0.02687226,-0.01917227,0.003197943,0.99945,3.086158,357.8104,0.3076655,0.3813433,-0.07535929,-0.9213564,0,0,0,1.887536,-0.5679481,-1.175215,0.6501601,-0.2072,1.991,0.9992444,0.005361963,0.03849531,-0.007422771,0.9985353,0.05359232,-0.03815157,-0.05383757,0.9978206,static,17.723151226065838,-5.551470294923857,18.084424481368902,-5.941287919137228,0.5752470000000001,-0.31060089999999996,2.000585,0.3031216331566766,-0.09218847322960055,0.9484822431326613,18.251856463614843,-6.5338223887307265,0.5090064799315727,0.5314848494027181,0.6157357926377627
1901,05/07/2023 20:00:16.754096,2080,True,True,True,True,Eyes,1.309763,-0.2590798,-3.166968,0.2678611,-0.1418215,0.9529623,0.0,0.0,0.0,0.0,0.0,0.0,0.0,-1.1891,0.4383695,3.204246,1.312286,-0.2574685,-3.175678,0.02725801,-0.01899702,0.00275707,0.9994442,3.129359,357.8292,0.2568072,0.3813204,-0.0753612,-0.9213657,0,0,0,1.888019,-0.5701373,-1.175555,0.6501601,-0.2072001,1.991,0.999263,0.004475434,0.03812322,-0.006546717,0.9984988,0.05438096,-0.03782262,-0.05459047,0.9977922,static,17.73638611436027,-5.512688876211187,18.084424481368902,-5.941290766043414,0.5757329999999998,-0.31266879999999997,2.0001230000000003,0.30335897151926305,-0.09153920601669063,0.948469272110256,18.26450234853199,-6.494695492601701,0.5273562435202652,0.5521143766266127,0.5819663474970518
1902,05/07/2023 20:00:16.774915,2081,True,True,True,True,Eyes,1.30967,-0.2590824,-3.166968,0.268282,-0.1421916,0.9527887,0.0,0.0,0.0,0.0,0.0,0.0,0.0,-1.189828,0.4417011,3.203418,1.312284,-0.2575614,-3.17557,0.02778305,-0.01888757,0.002720634,0.9994318,3.18943,357.8417,0.251843,0.3812972,-0.07536326,-0.9213752,0,0,0,1.888448,-0.5723591,-1.175906,0.6501602,-0.2072001,1.991,0.9992717,0.004388667,0.03790487,-0.006487685,0.9984415,0.05543176,-0.03760251,-0.0556373,0.9977428,static,17.74852679248299,-5.474222256593389,18.08442708181062,-5.941290766043414,0.5761639999999999,-0.3147977,1.999664,0.3035778979500347,-0.090895757625372,0.9484610749019687,18.276080739222696,-6.455872793242983,0.5483544217879288,0.5753103483253649,0.5491136377073901
1903,05/07/2023 20:00:16.784033,2082,True,True,True,True,Eyes,1.309581,-0.2590841,-3.166971,0.268691,-0.1425674,0.9526173,0.0,0.0,0.0,0.0,0.0,0.0,0.0,-1.190041,0.4456901,3.20283,1.312266,-0.2574878,-3.175628,0.02840655,-0.01884697,0.002758303,0.999415,3.260965,357.8466,0.2549572,0.381274,-0.07536526,-0.9213846,0,0,0,1.888626,-0.5747176,-1.176404,0.6501601,-0.2071999,1.991,0.9992744,0.004442623,0.03782859,-0.006584133,0.9983709,0.0566759,-0.03751518,-0.05688384,0.9976758,static,17.766604504206043,-5.42757183605857,18.084424481368902,-5.941285072231013,0.57636,-0.31722980000000006,1.9992240000000001,0.303898828122803,-0.090113812215931,0.9484329393249418,18.29340197916378,-6.408836106429346,0.5745499166638216,0.6040784939911071,0.5121284645130932
1904,05/07/2023 20:00:16.803818,2083,True,True,True,True,Eyes,1.309521,-0.2590854,-3.166972,0.269067,-0.1429519,0.9524535,0.0,0.0,0.0,0.0,0.0,0.0,0.0,-1.190394,0.4471866,3.202595,1.312298,-0.2573425,-3.175733,0.02871766,-0.01881124,0.002621534,0.9994071,3.296319,357.8503,0.2387191,0.3812509,-0.07536718,-0.9213941,0,0,0,1.888736,-0.5759759,-1.176755,0.6501603,-0.2072001,1.991,0.9992785,0.004159529,0.03775075,-0.006320389,0.9983369,0.05730265,-0.03744961,-0.0574999,0.9976429,static,17.786397735409388,-5.411438789656902,18.084429682252264,-5.941290766043414,0.576438,-0.3186334,1.9989780000000001,0.3042340903759883,-0.08983665863266868,0.9483517063219069,18.312632591729805,-6.392753455960904,0.5775675307407873,0.6079195326847523,0.5058607795446791
1905,05/07/2023 20:00:16.814282,2084,True,True,True,True,Eyes,1.309459,-0.2590892,-3.166976,0.2694326,-0.1433182,0.9522951,0.0,0.0,0.0,0.0,0.0,0.0,0.0,-1.191586,0.4467322,3.202267,1.312232,-0.2574102,-3.175807,0.02874144,-0.01864477,0.002354504,0.9994103,3.298436,357.8685,0.2085861,0.3812285,-0.07536899,-0.9214032,0,0,0,1.8892,-0.5764583,-1.177048,0.6501601,-0.2072,1.991,0.9992936,0.003634475,0.03740289,-0.005777986,0.9983367,0.05736118,-0.0371322,-0.05753678,0.9976526,static,17.793087581862267,-5.422215880313253,18.084424481368902,-5.941287919137228,0.5769679999999999,-0.3190481,1.9987589999999997,0.3043399879063748,-0.09001184263614452,0.9483011282416594,18.319255656658896,-6.403767411325638,0.5654937340188992,0.5952419428291469,0.5186838744196021
1906,05/07/2023 20:00:16.833951,2085,True,True,True,True,Eyes,1.309408,-0.2590888,-3.166983,0.2697378,-0.1436364,0.9521607,0.0,0.0,0.0,0.0,0.0,0.0,0.0,-1.191921,0.446442,3.202223,1.312132,-0.2574728,-3.175883,0.02869612,-0.01857938,0.002328745,0.9994127,3.293174,357.8759,0.2059431,0.3812069,-0.07537078,-0.921412,0,0,0,1.889348,-0.5763695,-1.177172,0.6501602,-0.2072,1.991,0.9992988,0.003588442,0.03727059,-0.005721067,0.9983422,0.05727201,-0.03700329,-0.05744508,0.9976627,static,17.80467948497985,-5.446563030844726,18.08442708181062,-5.941287919137228,0.577216,-0.3188967,1.9987109999999997,0.3045208156943327,-0.09040931336371322,0.9482052117786793,18.330774968623334,-6.428601832341048,0.5399463408075906,0.5683409478725066,0.5460422431818901
1907,05/07/2023 20:00:16.854324,2086,True,True,True,True,Eyes,1.309359,-0.2590913,-3.166991,0.2700281,-0.1439157,0.9520363,0.0,0.0,0.0,0.0,0.0,0.0,0.0,-1.190938,0.4455099,3.202719,1.31197,-0.2573793,-3.175958,0.02844833,-0.01867466,0.002620271,0.9994174,3.265414,357.8659,0.2395974,0.381186,-0.07537241,-0.9214205,0,0,0,1.888951,-0.5749369,-1.176966,0.6501603,-0.2072001,1.991,0.9992888,0.004174963,0.03747665,-0.006300014,0.9983676,0.05676565,-0.03717848,-0.05696137,0.9976839,static,17.830028240898432,-5.5034721924072265,18.084429682252264,-5.941290766043414,0.576981,-0.3175576,1.998992,0.3049143330151397,-0.09133900738688756,0.947989691539576,18.35599286587249,-6.486626217921996,0.4811404901980148,0.5063646875362979,0.6092104051750681
1908,05/07/2023 20:00:16.874038,2087,True,True,True,True,Eyes,1.309277,-0.2590923,-3.166999,0.2703254,-0.1440978,0.9519244,0.0,0.0,0.0,0.0,0.0,0.0,0.0,-1.190406,0.444728,3.203071,1.311921,-0.2574275,-3.176021,0.02823035,-0.0187252,0.002840684,0.9994221,3.240913,357.8607,0.26518,0.381166,-0.07537396,-0.9214287,0,0,0,1.888809,-0.5738496,-1.176821,0.6501603,-0.2072,1.991,0.9992826,0.004620846,0.03758915,-0.006735322,0.99839,0.05632168,-0.03726837,-0.05653445,0.9977048,static,17.851425012097017,-5.548432301712337,18.084429682252264,-5.941287919137228,0.5768880000000001,-0.3164221,1.9992,0.30524763042964087,-0.09207254705752053,0.9478114745880585,18.377255791710983,-6.5324860097944395,0.43405519479198756,0.4567567322508199,0.6597441267472283
1909,05/07/2023 20:00:16.883922,2088,True,True,True,True,Eyes,1.309195,-0.2590976,-3.167003,0.2706138,-0.1442518,0.9518191,0.0,0.0,0.0,0.0,0.0,0.0,0.0,-1.190387,0.4438075,3.203171,1.311944,-0.2574491,-3.175975,0.02798572,-0.01870509,0.003087889,0.9994285,3.213398,357.8638,0.2941217,0.3811458,-0.07537545,-0.9214369,0,0,0,1.889036,-0.5725938,-1.176632,0.6501601,-0.2072,1.991,0.9992812,0.005125298,0.03756164,-0.0072192,0.9984145,0.05582394,-0.03721597,-0.05605499,0.9977338,static,17.863886124446086,-5.595321639308681,18.084424481368902,-5.941287919137228,0.5770919999999999,-0.31514470000000006,1.9993430000000003,0.30543182337576635,-0.09284241848745797,0.9476769999726932,18.389796352680438,-6.580179758792727,0.39019736655898574,0.4102801892032075,0.7081205847641325
1910,05/07/2023 20:00:16.903657,2089,True,True,True,True,Eyes,1.309099,-0.2591032,-3.167007,0.270866,-0.1443516,0.9517323,0.0,0.0,0.0,0.0,0.0,0.0,0.0,-1.189752,0.4431022,3.203449,1.311877,-0.2575349,-3.175939,0.02775399,-0.01876367,0.003361289,0.9994329,3.187442,357.8579,0.3257873,0.3811256,-0.07537701,-0.9214451,0,0,0,1.888869,-0.5714247,-1.176371,0.65016,-0.2072,1.991,0.9992732,0.005677233,0.03769264,-0.007760299,0.9984369,0.05535037,-0.03731948,-0.05560265,0.9977552,static,17.882714706283583,-5.638610339010454,18.084421880927106,-5.941287919137228,0.576992,-0.3138898,1.999568,0.3057229387841008,-0.09354921809094087,0.9475136799738759,18.4085354710318,-6.624310609851331,0.34610072256683816,0.36372998476077306,0.7560222320281906
1911,05/07/2023 20:00:16.914102,2090,True,True,True,True,Eyes,1.309007,-0.2591097,-3.167012,0.2711038,-0.1444479,0.9516498,0.0,0.0,0.0,0.0,0.0,0.0,0.0,-1.189135,0.4428688,3.203678,1.311871,-0.2575437,-3.175908,0.02763341,-0.01883602,0.003570791,0.9994344,3.174095,357.8503,0.3498445,0.3811049,-0.07537864,-0.9214535,0,0,0,1.888679,-0.5707,-1.176171,0.6501603,-0.2072,1.991,0.9992649,0.006096535,0.03784807,-0.008178549,0.9984473,0.05510103,-0.03745338,-0.05537007,0.9977632,static,17.90280805736226,-5.666722667194219,18.084429682252264,-5.941287919137228,0.576808,-0.3131563,1.999737,0.30604198915189074,-0.09400396792399765,0.9473654853958884,18.42839587666869,-6.653076710514667,0.31318450847302265,0.3291997755196875,0.7905416032264689
1912,05/07/2023 20:00:16.934158,2091,True,True,True,True,Eyes,1.308924,-0.259116,-3.167017,0.2713119,-0.1444773,0.9515861,2.092719,1.876703,-0.5614665,-1.175615,-0.784377,0.6193073,0.03480504,0.6384791,-0.1977975,1.991448,1.311883,-0.257571,-3.175933,0.02765559,-0.01889726,0.003620831,0.9994323,3.176766,357.8434,0.3553422,0.3810839,-0.07538036,-0.9214621,0,0,0,1.88847,-0.5707571,-1.176137,0.6501602,-0.2071999,1.991,0.9992596,0.006192322,0.03797334,-0.008282783,0.9984441,0.05514293,-0.0375728,-0.05541663,0.9977561,static,17.921551871434698,-5.668677873899762,18.08442708181062,-5.941285072231013,0.5765870000000002,-0.3131861,1.9997960000000001,0.306351261877027,-0.09402647767821892,0.9472633577057072,18.446737902595846,-6.655313059000459,0.30170206237766656,0.31755789824379266,0.8006903875706842
1913,05/07/2023 20:00:16.954112,2092,True,True,True,True,Eyes,1.308847,-0.2591151,-3.167019,0.2715058,-0.1444921,0.9515287,2.094162,1.877424,-0.5617048,-1.174364,-0.7564039,0.6409861,0.1303454,0.6389573,-0.1973882,1.992839,1.311903,-0.2575701,-3.175945,0.02788053,-0.01886221,0.003886703,0.9994258,3.203108,357.8483,0.3854702,0.381063,-0.07538216,-0.9214706,0,0,0,1.888774,-0.571323,-1.17632,0.6501602,-0.2071999,1.991,0.9992582,0.006717165,0.03791949,-0.008820719,0.9984151,0.05558242,-0.03748603,-0.05587567,0.9977337,static,17.92497170567377,-5.653269691018161,18.08442708181062,-5.941285072231013,0.5768709999999999,-0.3137529,1.999625,0.30641529893661934,-0.09376971754108114,0.9472682502700005,18.449964588331614,-6.639742636697181,0.3125236315638273,0.3292094725157967,0.788327747852121
1914,05/07/2023 20:00:16.974187,2093,True,True,True,True,Eyes,1.308785,-0.2591186,-3.167023,0.2716709,-0.1444886,0.951482,2.0904,1.876686,-0.5611576,-1.178044,-0.7739173,0.6196758,-0.1305902,0.6385478,-0.1979253,1.988968,1.311941,-0.25736,-3.175963,0.02771246,-0.01898984,0.003884943,0.999428,3.18389,357.8336,0.3852201,0.3810422,-0.0753838,-0.921479,0,0,0,1.888294,-0.5704527,-1.176085,0.6501603,-0.2072,1.991,0.9992486,0.006712932,0.03817328,-0.008817952,0.9984339,0.05524567,-0.03774263,-0.05554077,0.9977428,static,17.949901214270785,-5.673578006061606,18.084429682252264,-5.941287919137228,0.5763529999999999,-0.31309270000000006,1.9998779999999998,0.30681800740351867,-0.09409263264181277,0.9471057578624668,18.474494325287843,-6.660664725057805,0.28416569303837635,0.29961059102842225,0.8183235390986656
1915,05/07/2023 20:00:16.983922,2094,True,True,True,True,Eyes,1.308727,-0.2591179,-3.167025,0.2718259,-0.1444891,0.9514377,2.090223,1.876904,-0.5611324,-1.178308,-0.758569,0.6335452,-0.1522941,0.6387684,-0.1977417,1.988624,1.312046,-0.2575227,-3.175933,0.02769434,-0.01901036,0.003812663,0.9994285,3.181663,357.8311,0.3769028,0.3810219,-0.07538543,-0.9214873,0,0,0,1.888279,-0.570633,-1.176024,0.6501602,-0.2072,1.991,0.9992481,0.006568008,0.03821017,-0.008673925,0.998437,0.05521205,-0.03778781,-0.05550197,0.9977432,static,17.962546211093983,-5.67383564268551,18.08442708181062,-5.941287919137228,0.576233,-0.31311029999999995,1.9999090000000002,0.3070271067157815,-0.09409022924925209,0.9470382787472056,18.486860198357057,-6.661097649811242,0.27857989548818624,0.2939143868983822,0.8246686981244499
1916,05/07/2023 20:00:17.004207,2095,True,True,True,True,Eyes,1.308673,-0.259121,-3.16702,0.2719573,-0.1445115,0.9513966,2.089712,1.876985,-0.5611085,-1.178876,-0.742909,0.6401705,-0.195622,0.6394511,-0.197177,1.987671,1.311994,-0.2578659,-3.175734,0.02762706,-0.01910154,0.003383897,0.9994301,3.173053,357.8192,0.3275768,0.3810021,-0.07538692,-0.9214953,0,0,0,1.887638,-0.5712391,-1.175696,0.6501599,-0.2072,1.991,0.9992473,0.005708497,0.03836828,-0.007819376,0.9984506,0.05509336,-0.03799433,-0.05535191,0.9977437,static,17.986831444462553,-5.66906660088779,18.084419280485232,-5.941287919137228,0.5756439999999998,-0.3133732,2.000038,0.30743112047355586,-0.09399850270487989,0.9469161656665889,18.51056934846033,-6.656593957816002,0.27386126017258605,0.2891847711222894,0.8326263323997745
1917,05/07/2023 20:00:17.024075,2096,True,True,True,True,Eyes,1.308616,-0.2591445,-3.167012,0.2720787,-0.1445567,0.9513552,2.090476,1.877389,-0.5613366,-1.178227,-0.6711258,0.7235289,-0.1615428,0.6400371,-0.1964048,1.988356,1.311998,-0.2578468,-3.175728,0.02772957,-0.01908123,0.002905387,0.9994292,3.183751,357.82,0.2725324,0.380983,-0.07538841,-0.9215031,0,0,0,1.887479,-0.5722138,-1.175799,0.65016,-0.2072,1.991,0.9992549,0.004749229,0.03830181,-0.006865687,0.9984453,0.0553166,-0.03797955,-0.05553835,0.997734,static,17.99799815164863,-5.6437728486941685,18.084421880927106,-5.941287919137228,0.5754809999999999,-0.314367,1.9999289999999998,0.3076280663684315,-0.09357422644004024,0.9468944038297975,18.52129555585519,-6.631109318369684,0.293369763257136,0.3098132955880649,0.8165244458582931
1918,05/07/2023 20:00:17.033718,2097,True,True,True,True,Eyes,1.308587,-0.2591633,-3.167001,0.2721767,-0.1446166,0.951318,2.090075,1.877457,-0.5614228,-1.178675,-0.6678893,0.719152,-0.1916881,0.6396118,-0.1952386,1.98804,1.312008,-0.2580056,-3.175605,0.0279473,-0.01893765,0.002699052,0.9994263,3.208221,357.8359,0.2488536,0.3809645,-0.07539049,-0.9215106,0,0,0,1.887963,-0.5734853,-1.175988,0.6501601,-0.2072,1.991,0.9992682,0.004336494,0.03800444,-0.006453519,0.9984233,0.05576031,-0.03770272,-0.05596476,0.9977207,static,17.989701824824273,-5.6148002523737714,18.084424481368902,-5.941287919137228,0.575955,-0.3154797,1.999617,0.3075046864415401,-0.0930992967623312,0.9469812262665502,18.51296340198612,-6.601631575001816,0.321921639618068,0.33995084675805326,0.7872098515163414
1919,05/07/2023 20:00:17.058155,2098,True,True,True,True,Eyes,1.308561,-0.2591818,-3.166993,0.2722651,-0.1446818,0.9512828,2.094941,1.878941,-0.5622815,-1.174111,-0.6038452,0.7863137,0.1306976,0.641223,-0.1952482,1.992636,1.312003,-0.2579692,-3.175577,0.02805858,-0.01890564,0.002538922,0.9994243,3.220621,357.8391,0.2303491,0.3809472,-0.07539295,-0.9215175,0,0,0,1.888006,-0.5740865,-1.176074,0.6501601,-0.2072,1.991,0.9992722,0.00401399,0.03793198,-0.006135851,0.9984125,0.05598884,-0.03764703,-0.05618085,0.9977106,static,17.99325383052769,-5.600536290167013,18.084424481368902,-5.941287919137228,0.576003,-0.31611730000000005,1.999503,0.30757025671951144,-0.09286147274430968,0.9469832931822727,18.516328019318568,-6.587222667442893,0.3340535803686278,0.3527375231254329,0.7770279050086559
1920,05/07/2023 20:00:17.073888,2099,True,True,True,True,Eyes,1.308505,-0.2591985,-3.166988,0.2723808,-0.1447367,0.9512413,2.094034,1.87888,-0.562282,-1.175057,-0.5962878,0.7997348,0.06975032,0.6412975,-0.1951009,1.991708,1.312024,-0.2579387,-3.175626,0.02806659,-0.018933,0.002375698,0.9994239,3.221193,357.8354,0.2115206,0.3809311,-0.07539574,-0.9215239,0,0,0,1.887833,-0.5742894,-1.176104,0.65016,-0.2072001,1.991,0.9992718,0.00368589,0.03797753,-0.005811428,0.9984132,0.05601089,-0.03771082,-0.05619081,0.9977076,static,18.005539142562025,-5.597818069389238,18.084421880927106,-5.941290766043414,0.575809,-0.31635069999999993,1.9995219999999998,0.30777477403301434,-0.09281009250745194,0.9469218545154111,18.52831958106377,-6.584634540334915,0.3338156299028277,0.3524144999270968,0.7816241936546312
1921,05/07/2023 20:00:17.084019,2100,True,True,True,True,Eyes,1.308452,-0.2592139,-3.166983,0.2724949,-0.144781,0.9512018,2.092845,1.878742,-0.5622182,-1.176265,-0.5848154,0.8111007,-0.01032541,0.6414253,-0.1950051,1.990493,1.312013,-0.2579154,-3.175699,0.02806477,-0.01899462,0.002269435,0.999423,3.220766,357.828,0.1991366,0.3809152,-0.07539879,-0.9215302,0,0,0,1.887519,-0.5743918,-1.17611,0.65016,-0.2072,1.991,0.9992681,0.003470092,0.03809471,-0.00560241,0.9984145,0.05601093,-0.03783995,-0.05618336,0.9977031,static,18.020895460370472,-5.597714755251616,18.084421880927106,-5.941287919137228,0.5755059999999999,-0.3164764,1.9995889999999998,0.30802881267385596,-0.0928003580057367,0.9468401221573745,18.543333762013003,-6.58473846205221,0.33110086622484924,0.34939680171848725,0.790334559398348
1922,05/07/2023 20:00:17.104006,2101,True,True,True,True,Eyes,1.308382,-0.25923,-3.16698,0.2726085,-0.1447757,0.9511701,2.091864,1.878642,-0.5620811,-1.177262,-0.5961472,0.7989613,-0.0791797,0.6412142,-0.1952447,1.989481,1.312026,-0.2578272,-3.175683,0.02798848,-0.01897216,0.00220952,0.9994258,3.211887,357.8304,0.1925014,0.3808996,-0.07540203,-0.9215364,0,0,0,1.88759,-0.5740726,-1.176073,0.6501601,-0.2071999,1.991,0.9992704,0.003354499,0.03804621,-0.005478507,0.9984235,0.05586097,-0.03779885,-0.05602865,0.9977134,static,18.026137760613086,-5.604367821298347,18.084424481368902,-5.941285072231013,0.5755640000000002,-0.31624540000000007,1.9996099999999999,0.30811235923564856,-0.09290766471490043,0.9468024591435197,18.548510107840304,-6.591552866551295,0.3240648894293368,0.3419218855125995,0.7988890242252161
1923,05/07/2023 20:00:17.114166,2102,True,True,True,True,Eyes,1.308314,-0.2592453,-3.166976,0.2727194,-0.144758,0.9511411,2.091689,1.878758,-0.562034,-1.177485,-0.5888715,0.8027303,-0.09409799,0.6410831,-0.1959424,1.989305,1.311988,-0.2579021,-3.175731,0.02782699,-0.01891988,0.002345957,0.9994309,3.193664,357.8368,0.2086679,0.3808839,-0.07540548,-0.9215426,0,0,0,1.887829,-0.5733355,-1.176074,0.6501599,-0.2072001,1.991,0.9992731,0.003636277,0.03794878,-0.00574221,0.9984403,0.05553355,-0.03768766,-0.05571109,0.9977354,static,18.025396574271358,-5.626734558591777,18.084419280485232,-5.941290766043414,0.575841,-0.3154334,1.9996569999999998,0.3080894253564707,-0.09327800170051267,0.946773606619792,18.54795542459102,-6.614212489028434,0.3032687895395741,0.32004575843958066,0.8171226359351391
1924,05/07/2023 20:00:17.134181,2103,True,True,True,True,Eyes,1.308235,-0.2592602,-3.166971,0.2728025,-0.144739,0.9511201,2.089199,1.878174,-0.5616486,-1.179892,-0.6427888,0.7183147,-0.2661702,0.6403919,-0.1965804,1.986774,1.311954,-0.2579377,-3.17568,0.02761969,-0.01891856,0.002425785,0.9994366,3.170076,357.8372,0.2182755,0.3808681,-0.0754091,-0.9215488,0,0,0,1.887838,-0.5724484,-1.17589,0.65016,-0.2072,1.991,0.9992724,0.003803787,0.0379498,-0.005893886,0.9984626,0.05511647,-0.0376818,-0.05530003,0.9977584,static,18.029704335001625,-5.652505624744,18.084421880927106,-5.941287919137228,0.5758839999999998,-0.3145107,1.9997899999999997,0.30814826778903043,-0.09370195847175386,0.94671253017399,18.552363335744662,-6.640391148056379,0.27850025074863183,0.29392043717156485,0.841257707139705
1925,05/07/2023 20:00:17.153987,2104,True,True,True,True,Eyes,1.308157,-0.2592769,-3.166965,0.2728845,-0.1447211,0.9510993,2.088969,1.878204,-0.5615948,-1.180148,-0.6561749,0.6986907,-0.2850715,0.6401956,-0.1968984,1.98652,1.311958,-0.2579415,-3.175654,0.0275846,-0.0188884,0.002609045,0.9994377,3.166443,357.8412,0.2394671,0.3808519,-0.07541286,-0.9215552,0,0,0,1.888057,-0.5720865,-1.175868,0.65016,-0.2072001,1.991,0.9992728,0.004173096,0.0378995,-0.006257212,0.9984646,0.05503961,-0.03761163,-0.05523673,0.9977646,static,18.028772404824434,-5.661926367834345,18.084421880927106,-5.941290766043414,0.5760990000000001,-0.31414500000000006,1.9997860000000003,0.30812831251974226,-0.09385825612188392,0.9467035419641385,18.551523735797417,-6.6499268326755105,0.26987626126588055,0.28485317477117394,0.8487338910136052
1926,05/07/2023 20:00:17.174269,2105,True,True,True,True,Eyes,1.308121,-0.2592924,-3.166959,0.2729156,-0.1447215,0.9510903,2.089216,1.878301,-0.5616471,-1.179925,-0.661437,0.6990744,-0.2716545,0.6401258,-0.1968803,1.986722,1.311919,-0.2579454,-3.175561,0.02761548,-0.0188419,0.00266343,0.9994376,3.170088,357.8467,0.2457865,0.3808354,-0.0754168,-0.9215617,0,0,0,1.888233,-0.5721444,-1.175846,0.65016,-0.2072,1.991,0.9992757,0.004283207,0.03780971,-0.006364519,0.9984606,0.05509952,-0.0375155,-0.05530026,0.9977647,static,18.024500605289788,-5.6601464439240345,18.084421880927106,-5.941287919137228,0.576314,-0.314199,1.9997150000000001,0.308058516534247,-0.09383107399343668,0.9467289347979478,18.54733336232809,-6.648064762014694,0.2723043752061599,0.2874562372937035,0.844879012190912
1927,05/07/2023 20:00:17.194292,2106,True,True,True,True,Eyes,1.308089,-0.2593081,-3.166954,0.2729407,-0.1447262,0.9510824,2.088951,1.878248,-0.5616341,-1.18019,-0.6410448,0.7103888,-0.2905327,0.640437,-0.1967402,1.986425,1.311885,-0.2579893,-3.17563,0.02768589,-0.01894593,0.00281536,0.9994332,3.178513,357.8353,0.2627315,0.3808198,-0.07542085,-0.9215679,0,0,0,1.887861,-0.5722868,-1.175833,0.6501599,-0.2072,1.991,0.9992662,0.004578459,0.03802627,-0.006676598,0.9984511,0.05523371,-0.03771449,-0.05544707,0.9977491,static,18.035653401364623,-5.65817283067241,18.084419280485232,-5.941287919137228,0.575976,-0.3142975,1.999797,0.3082439237317823,-0.0937925435267704,0.9466724209217804,18.55822324286583,-6.646215941385998,0.27227146487004295,0.287284291743992,0.8493607662937565
1928,05/07/2023 20:00:17.203649,2107,True,True,True,True,Eyes,1.308051,-0.25932,-3.16695,0.2730415,-0.1447588,0.9510485,2.088742,1.878364,-0.5616838,-1.180455,-0.6182594,0.7228913,-0.3085181,0.6407612,-0.1965616,1.986128,1.311916,-0.2580072,-3.175658,0.02774794,-0.01901076,0.002832849,0.9994302,3.18568,357.8279,0.2643969,0.3808049,-0.07542498,-0.9215736,0,0,0,1.887643,-0.5725331,-1.175825,0.6501601,-0.2072001,1.991,0.9992611,0.00460745,0.03815706,-0.006717487,0.9984441,0.05535654,-0.03784264,-0.05557196,0.9977372,static,18.048726678542106,-5.654261851368492,18.084424481368902,-5.941290766043414,0.5757269999999999,-0.3145259,1.999833,0.30846200664956297,-0.09372095856279913,0.9466084684977915,18.570976187175994,-6.642429605475807,0.2743426999243548,0.28924026515359924,0.8534214870650924
1929,05/07/2023 20:00:17.223783,2108,True,True,True,True,Eyes,1.308014,-0.2593336,-3.166946,0.2731384,-0.1447935,0.9510154,2.088295,1.878408,-0.5617051,-1.180945,-0.5957939,0.7257901,-0.3438872,0.6410666,-0.1965404,1.985579,1.31192,-0.2579263,-3.17567,0.02776464,-0.01907327,0.002761378,0.9994288,3.187454,357.8205,0.2559633,0.3807906,-0.07542907,-0.9215792,0,0,0,1.887359,-0.5726091,-1.175779,0.65016,-0.2072001,1.991,0.9992571,0.004460477,0.03827809,-0.006578726,0.998443,0.05539222,-0.03797141,-0.05560289,0.9977307,static,18.06262883443316,-5.6525987803139515,18.084421880927106,-5.941290766043414,0.575439,-0.3146828,1.9998910000000003,0.30869270020014367,-0.09368611154783497,0.9465367206718186,18.584556673424753,-6.6409328868786295,0.27489464001150327,0.28951338397370774,0.860019713677229
1930,05/07/2023 20:00:17.234130,2109,True,True,True,True,Eyes,1.307987,-0.2593483,-3.166943,0.273236,-0.1448484,0.9509789,2.088022,1.87851,-0.5617949,-1.181279,-0.5892699,0.7201583,-0.3662415,0.6411459,-0.1964117,1.985259,1.311924,-0.2579824,-3.175665,0.02778578,-0.01906163,0.002681242,0.9994286,3.189701,357.8216,0.2467626,0.3807769,-0.07543319,-0.9215845,0,0,0,1.887369,-0.572847,-1.175804,0.65016,-0.2072,1.991,0.9992589,0.004300135,0.03825048,-0.006418704,0.9984415,0.05543759,-0.03795248,-0.05564202,0.9977292,static,18.06822840694965,-5.65098794025759,18.084421880927106,-5.941287919137228,0.575445,-0.3148646,1.9998609999999999,0.3087860381438371,-0.0936565067073012,0.9465091020812152,18.59001952925618,-6.639376305520264,0.27620862652451134,0.29075127916653565,0.8619491732107869
1931,05/07/2023 20:00:17.254044,2110,True,True,True,True,Eyes,1.307962,-0.2593599,-3.166942,0.2733294,-0.1449008,0.9509441,2.088396,1.878782,-0.5619701,-1.180994,-0.5818604,0.7392201,-0.3391047,0.6412902,-0.1963532,1.985636,1.311921,-0.2580237,-3.175698,0.02783046,-0.01902579,0.002684275,0.999428,3.194819,357.8257,0.2471283,0.3807639,-0.07543736,-0.9215896,0,0,0,1.887512,-0.5730607,-1.175906,0.6501601,-0.2072,1.991,0.9992616,0.004306485,0.03817922,-0.006424471,0.9984365,0.05552694,-0.03788039,-0.05573123,0.997727,static,18.06961915033308,-5.649261874191435,18.084424481368902,-5.941287919137228,0.5755910000000002,-0.31503699999999996,1.9997920000000002,0.3088098737562769,-0.09362723313132436,0.9465042457150494,18.591366236967808,-6.637645755096414,0.27781374725171626,0.29240110935795455,0.8613385973422191
1932,05/07/2023 20:00:17.273801,2111,True,True,True,True,Eyes,1.307958,-0.2593706,-3.166939,0.2734078,-0.1449354,0.9509164,2.088027,1.878841,-0.5619999,-1.1814,-0.5765918,0.7310513,-0.3648369,0.6413473,-0.196489,1.985251,1.311935,-0.2579581,-3.175725,0.02782919,-0.01903416,0.002695768,0.9994279,3.1947,357.8248,0.2484226,0.3807515,-0.07544146,-0.9215943,0,0,0,1.887499,-0.5729764,-1.175922,0.65016,-0.2072001,1.991,0.9992608,0.004329041,0.03819657,-0.006447861,0.9984365,0.0555239,-0.03789649,-0.05572915,0.9977265,static,18.075156161589657,-5.652212407852043,18.084421880927106,-5.941290766043414,0.575564,-0.31501830000000003,1.999803,0.30890003582492537,-0.09367310198475257,0.9464703972628377,18.596802596846704,-6.64071148081659,0.27494100774692515,0.2892268153706686,0.8670198004083295
1933,05/07/2023 20:00:17.283538,2112,True,True,True,True,Eyes,1.307954,-0.2593826,-3.166934,0.2734895,-0.1449651,0.9508883,2.087129,1.878762,-0.5619433,-1.182308,-0.5877003,0.6859758,-0.4290053,0.6411388,-0.1972131,1.984336,1.31194,-0.257903,-3.17575,0.02765128,-0.01900877,0.002668987,0.9994333,3.174245,357.8276,0.2458167,0.3807403,-0.07544548,-0.9215986,0,0,0,1.887588,-0.5722451,-1.175865,0.65016,-0.2072,1.991,0.999263,0.004283716,0.0381436,-0.006386184,0.9984566,0.05516975,-0.0378484,-0.05537269,0.9977481,static,18.07803966674051,-5.673747890497776,18.084421880927106,-5.941287919137228,0.5756479999999999,-0.31434209999999996,1.999885,0.308937274017908,-0.09402763700283345,0.9464230080187177,18.599785713759793,-6.662577835461301,0.25445905677177766,0.26761614223047614,0.8864868998370964
1934,05/07/2023 20:00:17.304202,2113,True,True,True,True,Eyes,1.307967,-0.2593886,-3.166932,0.2735452,-0.1449738,0.950871,2.087312,1.878941,-0.5619942,-1.182167,-0.6062194,0.6751605,-0.4203052,0.6408769,-0.1973747,1.984491,1.311927,-0.2579958,-3.175647,0.027613,-0.01889983,0.00271563,0.9994364,3.169931,357.8402,0.2515955,0.3807302,-0.07544945,-0.9216025,0,0,0,1.888036,-0.5721236,-1.175861,0.6501601,-0.2072,1.991,0.9992709,0.004384437,0.03792832,-0.00647196,0.9984603,0.05509222,-0.03762838,-0.05529752,0.9977606,static,18.068409700109683,-5.679953907195635,18.084424481368902,-5.941287919137228,0.576109,-0.31412779999999996,1.999786,0.30877505675014905,-0.09413536699385418,0.9464652845088161,18.59041698598092,-6.668737076591517,0.2486913293374497,0.261824252154511,0.8861211493946514
1935,05/07/2023 20:00:17.323747,2114,True,True,True,True,Eyes,1.307976,-0.2593995,-3.166926,0.2736042,-0.1449804,0.950853,2.086618,1.878883,-0.5619183,-1.182859,-0.6187491,0.6310638,-0.4678762,0.6406559,-0.1980667,1.983821,1.311901,-0.2579214,-3.175679,0.02745603,-0.01886251,0.002742403,0.9994413,3.151989,357.8446,0.2551217,0.3807214,-0.07545319,-0.9216058,0,0,0,1.88817,-0.5713902,-1.175836,0.65016,-0.2072,1.991,0.9992733,0.004445963,0.03785453,-0.006517521,0.9984773,0.05477792,-0.03755335,-0.05498484,0.9977808,static,18.06776250102071,-5.69939215550633,18.084421880927106,-5.941287919137228,0.5762689999999999,-0.31346879999999994,1.999843,0.30875490865628696,-0.09445710842824231,0.9464397832397068,18.58993193897987,-6.688429820941939,0.23026081448381122,0.24246875139168086,0.9020872686302965
1936,05/07/2023 20:00:17.333976,2115,True,True,True,True,Eyes,1.307986,-0.2594105,-3.16692,0.273659,-0.145025,0.9508305,2.086464,1.878965,-0.5619998,-1.183047,-0.6137927,0.6261532,-0.480823,0.6405891,-0.1979386,1.983655,1.311836,-0.2579897,-3.175624,0.02749715,-0.01881176,0.00275138,0.9994411,3.156708,357.8504,0.2562236,0.3807138,-0.07545688,-0.9216087,0,0,0,1.888315,-0.5716088,-1.175865,0.6501602,-0.2072,1.991,0.9992771,0.004465146,0.0377538,-0.006534225,0.9984727,0.05486005,-0.03745118,-0.05506709,0.99778,static,18.065057813904264,-5.697607347898443,18.08442708181062,-5.941287919137228,0.576479,-0.31361910000000004,1.999759,0.3087110777567605,-0.09442904560909292,0.9464569533010286,18.587273805880592,-6.686584091662547,0.23208043726904762,0.24444915491465413,0.8990668566290233
1937,05/07/2023 20:00:17.354038,2116,True,True,True,True,Eyes,1.307996,-0.2594212,-3.166916,0.2737057,-0.1450719,0.9508098,2.086688,1.879134,-0.5621409,-1.182872,-0.586145,0.6609426,-0.4686032,0.6411442,-0.1976212,1.983762,1.311824,-0.2579998,-3.175632,0.02762211,-0.01890994,0.002797062,0.9994357,3.171155,357.8393,0.2608842,0.3807073,-0.07546052,-0.9216111,0,0,0,1.887935,-0.5720643,-1.175837,0.65016,-0.2072,1.991,0.9992691,0.004546301,0.03795306,-0.006635631,0.9984584,0.05510727,-0.03764402,-0.05531884,0.9977589,static,18.078163530052677,-5.688286571102824,18.084421880927106,-5.941287919137228,0.5761109999999998,-0.31406449999999997,1.9997949999999998,0.308932267334617,-0.09426794776909211,0.9464007345628155,18.60001734388693,-6.677315123836739,0.2406301560826324,0.2530787408355209,0.8986516163021856
1938,05/07/2023 20:00:17.363666,2117,True,True,True,True,Eyes,1.308021,-0.2594305,-3.166912,0.2737115,-0.1450973,0.9508044,2.086583,1.879143,-0.562188,-1.18298,-0.5653235,0.6719006,-0.4784965,0.6414402,-0.1974559,1.983585,1.311846,-0.2580035,-3.175639,0.02768067,-0.01899059,0.002810348,0.9994324,3.177916,357.8301,0.2620256,0.3807017,-0.07546411,-0.9216132,0,0,0,1.887641,-0.5722883,-1.175787,0.65016,-0.2072,1.991,0.9992629,0.004566161,0.03811522,-0.00666885,0.9984518,0.05522318,-0.03780405,-0.05543666,0.9977463,static,18.08741255032104,-5.683962679950874,18.084421880927106,-5.941287919137228,0.5757949999999998,-0.3142848,1.999852,0.3090873249857441,-0.09419155099993705,0.9463578583243674,18.609027900799877,-6.673058325804796,0.24496512716288044,0.2573426175854636,0.9003884740272766
1939,05/07/2023 20:00:17.383687,2118,True,True,True,True,Eyes,1.308047,-0.2594411,-3.166909,0.2737107,-0.1451201,0.950801,2.086525,1.879151,-0.5622378,-1.183039,-0.5397162,0.6878258,-0.4853885,0.6418412,-0.1972503,1.983472,1.311842,-0.2579798,-3.17568,0.02775769,-0.01909099,0.002829496,0.9994284,3.186812,357.8187,0.2637352,0.3806973,-0.0754676,-0.9216146,0,0,0,1.887245,-0.5725521,-1.17576,0.65016,-0.2071999,1.991,0.9992551,0.004595913,0.03831723,-0.0067156,0.998443,0.05537561,-0.03800308,-0.05559169,0.9977301,static,18.098394244542828,-5.6776358822847275,18.084421880927106,-5.941285072231013,0.5754030000000001,-0.3145723,1.99992,0.3092719043366392,-0.09408109871919099,0.9463083896760497,18.619717390825496,-6.666795032690137,0.2516847716143226,0.2640191703349255,0.9016129910570152
1940,05/07/2023 20:00:17.404081,2119,True,True,True,True,Eyes,1.30809,-0.2594511,-3.166907,0.2737145,-0.1451646,0.9507931,2.086249,1.879126,-0.5623007,-1.183316,-0.5228072,0.6814366,-0.5121686,0.6420856,-0.1973788,1.983076,1.311884,-0.25802,-3.17567,0.02774447,-0.01917636,0.002857398,0.9994271,3.185381,357.809,0.266692,0.380694,-0.07547103,-0.9216157,0,0,0,1.886959,-0.5725095,-1.175643,0.6501601,-0.2072001,1.991,0.9992482,0.004647445,0.0384893,-0.006775597,0.9984441,0.05534756,-0.03817219,-0.05556674,0.997725,static,18.108089495176348,-5.683280887134892,18.084424481368902,-5.941290766043414,0.575075,-0.3144895,2.000027,0.309429434165418,-0.09416925616258456,0.9462481091536592,18.62924004051975,-6.6726482209388065,0.2473560164378749,0.25909289934866403,0.911980109609808
1941,05/07/2023 20:00:17.413877,2120,True,True,True,True,Eyes,1.30813,-0.2594566,-3.166905,0.2737207,-0.1452065,0.950785,2.086139,1.879149,-0.5623776,-1.183435,-0.5180535,0.680927,-0.5176478,0.6421508,-0.1973869,1.982988,1.311918,-0.2580181,-3.175714,0.02777661,-0.01920158,0.002900915,0.9994255,3.189166,357.8062,0.2715329,0.3806921,-0.07547437,-0.9216163,0,0,0,1.886914,-0.5725831,-1.175677,0.6501601,-0.2071999,1.991,0.9992458,0.004731787,0.03854226,-0.006865207,0.9984401,0.05540989,-0.03821995,-0.05563271,0.9977195,static,18.11071179788258,-5.683787250923465,18.084424481368902,-5.941285072231013,0.5749960000000001,-0.31456500000000004,2.000037,0.3094725609247156,-0.09417623710017074,0.9462333939763966,18.631807902035874,-6.673197070711589,0.24721372763584837,0.25883614698805923,0.913960492986926
1942,05/07/2023 20:00:17.433534,2121,True,True,True,True,Eyes,1.308226,-0.2594635,-3.166899,0.2736958,-0.145269,0.9507826,2.08596,1.879144,-0.5624889,-1.183604,-0.5178471,0.672796,-0.5283749,0.6420171,-0.1976551,1.982859,1.311896,-0.2579157,-3.175701,0.02773656,-0.01915381,0.002807287,0.9994279,3.184358,357.8114,0.2610333,0.3806914,-0.07547751,-0.9216163,0,0,0,1.887034,-0.5724341,-1.175697,0.65016,-0.2072,1.991,0.9992505,0.004548841,0.03844142,-0.006673883,0.9984456,0.05533384,-0.03812996,-0.05554892,0.9977277,static,18.105213137161698,-5.68863863684072,18.084421880927106,-5.941287919137228,0.5751380000000001,-0.3145183999999999,2.000004,0.30937929878671133,-0.09425936286207717,0.9462555932497724,18.626468348839616,-6.6780394618061,0.24193053872487758,0.25350332577848556,0.9146678134718585
1943,05/07/2023 20:00:17.453588,2122,True,True,True,True,Eyes,1.308315,-0.2594767,-3.166891,0.2736805,-0.1453367,0.9507767,2.086106,1.879242,-0.5626644,-1.18347,-0.5526302,0.6581548,-0.5113044,0.6416147,-0.1976987,1.983101,1.311877,-0.2579584,-3.175629,0.02773748,-0.01901417,0.002743873,0.9994307,3.184289,357.8272,0.2542027,0.3806933,-0.07548047,-0.9216152,0,0,0,1.887544,-0.5725518,-1.175789,0.6501601,-0.2072,1.991,0.9992619,0.00442981,0.03815891,-0.00653943,0.9984462,0.05533903,-0.03785448,-0.05554773,0.9977382,static,18.08927254323595,-5.689707793173038,18.084424481368902,-5.941287919137228,0.5756670000000002,-0.3145934000000001,1.9998399999999998,0.309115266408303,-0.09428553667199424,0.9463393130150662,18.610890221629802,-6.678906526377422,0.23958619612028112,0.2516268337916773,0.9062270054547158
1944,05/07/2023 20:00:17.463864,2123,True,True,True,True,Eyes,1.308392,-0.259488,-3.166887,0.2736924,-0.1453931,0.9507645,2.086708,1.879508,-0.5628809,-1.182919,-0.5622845,0.6828041,-0.4664922,0.6415179,-0.1973132,1.983769,1.311818,-0.258121,-3.175572,0.02784931,-0.01890594,0.002774684,0.9994295,3.197146,357.8398,0.2578417,0.3806972,-0.07548345,-0.9216134,0,0,0,1.887937,-0.5731167,-1.175926,0.65016,-0.2072,1.991,0.9992697,0.004493166,0.03794485,-0.006599236,0.9984334,0.05556193,-0.03763576,-0.05577177,0.997734,static,18.076954080476114,-5.6808230595556815,18.084421880927106,-5.941287919137228,0.576119,-0.31499570000000005,1.9996459999999998,0.30891587498059514,-0.0941451866889231,0.9464182393708933,18.59877804272123,-6.669734087875099,0.24772583135038917,0.2605718924220539,0.891737675510273
1945,05/07/2023 20:00:17.484085,2124,True,True,True,True,Eyes,1.308464,-0.2594952,-3.166882,0.2736981,-0.1454433,0.9507553,2.086575,1.879555,-0.5629735,-1.18306,-0.5749155,0.672289,-0.4663686,0.6413287,-0.1974643,1.983783,1.311766,-0.2580867,-3.175634,0.02788856,-0.01885296,0.00292252,0.999429,3.201949,357.8463,0.2748849,0.3807027,-0.0754864,-0.9216109,0,0,0,1.888176,-0.5730547,-1.176067,0.65016,-0.2071999,1.991,0.999272,0.004790139,0.03784739,-0.006893266,0.9984274,0.05563507,-0.03752137,-0.05585546,0.9977336,static,18.069184139983978,-5.684245052149732,18.084421880927106,-5.941285072231013,0.5764100000000001,-0.314968,1.999567,0.3087857810329645,-0.094205907360228,0.9464547703862495,18.591206831463044,-6.673096866418285,0.24458832449696524,0.25749128271154154,0.890157001995326
1946,05/07/2023 20:00:17.504114,2125,True,True,True,True,Eyes,1.308488,-0.2595074,-3.166882,0.2737125,-0.1454551,0.9507493,2.085982,1.879447,-0.5629241,-1.183636,-0.5571237,0.6546183,-0.5109679,0.6415543,-0.1977523,1.98311,1.31171,-0.2579953,-3.175649,0.02783598,-0.01892901,0.00292411,0.999429,3.195947,357.8376,0.2749365,0.3807095,-0.07548922,-0.9216079,0,0,0,1.887815,-0.5727557,-1.175962,0.65016,-0.2071999,1.991,0.9992663,0.004791066,0.03799919,-0.006898696,0.9984332,0.05552948,-0.0376736,-0.05575088,0.9977337,static,18.07887674607585,-5.691509769938121,18.084421880927106,-5.941285072231013,0.5761050000000001,-0.3147604,1.999687,0.3089424941219213,-0.09432085877838814,0.9463921286379043,18.600739208133962,-6.680591670520327,0.23756580447184475,0.24983684707429377,0.9017526427175853
1947,05/07/2023 20:00:17.517820,2126,True,True,True,True,Eyes,1.308511,-0.2595189,-3.16688,0.2737133,-0.1454648,0.9507476,2.085972,1.879469,-0.5629544,-1.183648,-0.5566434,0.6537294,-0.5126265,0.6420501,-0.1981749,1.982978,1.311663,-0.2581287,-3.175727,0.02774636,-0.01905424,0.003061164,0.9994287,3.186008,357.8236,0.2904504,0.3807161,-0.07549208,-0.9216049,0,0,0,1.887333,-0.5723702,-1.175833,0.6501601,-0.2072,1.991,0.9992551,0.005061458,0.03825658,-0.007176202,0.9984415,0.05534437,-0.03791684,-0.05557768,0.9977341,static,18.091636623920998,-5.707826132654013,18.084424481368902,-5.941287919137228,0.5756699999999999,-0.31424150000000006,1.9998940000000003,0.309145506959336,-0.09458380347344189,0.9462996022344309,18.613339483786515,-6.697302395959521,0.22248694040965533,0.23357315930587116,0.9226640607216197
1948,05/07/2023 20:00:17.534163,2127,True,True,True,True,Eyes,1.30856,-0.2595209,-3.16688,0.2736949,-0.1454133,0.9507607,2.08517,1.87926,-0.5627323,-1.184382,-0.4974269,0.6440257,-0.5812033,0.6424258,-0.1979846,1.982052,1.311638,-0.2580824,-3.175722,0.02786304,-0.01924446,0.003394249,0.9994207,3.200168,357.8029,0.3277949,0.3807227,-0.07549498,-0.9216019,0,0,0,1.886719,-0.5723885,-1.175668,0.6501601,-0.2071999,1.991,0.9992362,0.005712148,0.03865577,-0.007856984,0.9984242,0.05556315,-0.03827747,-0.05582443,0.9977067,static,18.107373160533903,-5.703708398634593,18.084424481368902,-5.941285072231013,0.575081,-0.3143061,2.000054,0.3094076360482313,-0.09450731459263353,0.9462214946887034,18.628694914941697,-6.69334268865107,0.22791768388686384,0.2386824620967325,0.9283431279849791
1949,05/07/2023 20:00:17.553887,2128,True,True,True,True,Eyes,1.308615,-0.2595248,-3.16688,0.2736714,-0.1453523,0.9507769,2.083612,1.87884,-0.5623826,-1.18583,-0.4426409,0.5408838,-0.7152019,0.6431442,-0.1996222,1.980094,1.311751,-0.2579023,-3.175794,0.02750747,-0.0196087,0.003642822,0.9994227,3.160091,357.7618,0.3559301,0.3807299,-0.0754976,-0.9215987,0,0,0,1.885488,-0.5705064,-1.175088,0.65016,-0.2072001,1.991,0.9992045,0.006202665,0.03939518,-0.008360208,0.9984601,0.0548403,-0.03899435,-0.05512603,0.9977176,static,18.145116901833912,-5.751413641271933,18.084421880927106,-5.941290766043414,0.5737370000000002,-0.3126041,2.000706,0.3100081219648116,-0.09527552859265971,0.9459479783973853,18.66596230640468,-6.7422068909172275,0.19229655033129966,0.19934193757050286,0.989775684459627
1950,05/07/2023 20:00:17.573959,2129,True,True,True,True,Eyes,1.308643,-0.2595309,-3.166876,0.2737126,-0.1453718,0.9507621,2.083274,1.878861,-0.5623802,-1.186178,-0.427866,0.4898645,-0.7595811,0.6433326,-0.2004282,1.979476,1.311976,-0.2579605,-3.175737,0.02716104,-0.01965683,0.003198261,0.9994327,3.119405,357.7548,0.3055595,0.3807377,-0.07550003,-0.9215953,0,0,0,1.885283,-0.5697327,-1.174777,0.6501601,-0.2072,1.991,0.9992067,0.005325093,0.0394651,-0.007460693,0.9985041,0.05416553,-0.03911763,-0.054417,0.9977518,static,18.160124788648805,-5.777464366942278,18.084424481368902,-5.941287919137228,0.573307,-0.3117722,2.00096,0.31024327478974933,-0.0956978960287111,0.9458282833441917,18.680834619314627,-6.768814372332147,0.1752680896371152,0.1804679826895706,1.020051510161032
1951,05/07/2023 20:00:17.583938,2130,True,True,True,True,Eyes,1.308665,-0.2595375,-3.166867,0.2737596,-0.1454084,0.9507429,2.083739,1.879108,-0.5625307,-1.185766,-0.4622601,0.5151042,-0.7217916,0.642836,-0.2000217,1.980037,1.312031,-0.2579919,-3.175609,0.02709576,-0.01939926,0.00256895,0.9994414,3.110449,357.7824,0.2343278,0.3807454,-0.07550238,-0.9215919,0,0,0,1.886047,-0.5702633,-1.174931,0.6501598,-0.2072001,1.991,0.9992341,0.004083754,0.03891606,-0.006186305,0.9985184,0.05406157,-0.03863763,-0.05426092,0.997779,static,18.142301061924755,-5.764171220782127,18.08441668004328,-5.941290766043414,0.5740160000000001,-0.31227140000000003,2.000678,0.30995528781814075,-0.09548787978100651,0.945943850157942,18.66330603961403,-6.755099013736028,0.1798176895588488,0.18633822736992423,0.9986975291031606
1952,05/07/2023 20:00:17.603733,2131,True,True,True,True,Eyes,1.30867,-0.2595499,-3.166855,0.2738287,-0.1454624,0.9507148,2.084415,1.879442,-0.5627539,-1.185171,-0.4634301,0.5820391,-0.6681789,0.642853,-0.1989821,1.98078,1.31186,-0.2580379,-3.175483,0.02733111,-0.01924376,0.002362718,0.9994385,3.136933,357.7996,0.2106418,0.380753,-0.07550469,-0.9215886,0,0,0,1.886399,-0.5714918,-1.17514,0.65016,-0.2071999,1.991,0.9992481,0.003670875,0.03859507,-0.005774689,0.9984949,0.05454059,-0.03833677,-0.05472247,0.9977654,static,18.13085910019161,-5.732594624852356,18.084421880927106,-5.941285072231013,0.5745389999999999,-0.3134539,2.000343,0.309781746402456,-0.09497219636554566,0.946052667249471,18.651878379230414,-6.722939262375949,0.2052856722883955,0.2137945699968161,0.9659141527267253
1953,05/07/2023 20:00:17.623465,2132,True,True,True,True,Eyes,1.308675,-0.2595576,-3.16685,0.2739019,-0.1455572,0.9506792,2.085728,1.879959,-0.5631503,-1.183992,-0.4514051,0.6866328,-0.5698848,0.6431026,-0.1973465,1.982153,1.311875,-0.2581789,-3.175406,0.02782902,-0.01918334,0.002491318,0.9994255,3.19427,357.807,0.2244943,0.3807601,-0.07550714,-0.9215855,0,0,0,1.886733,-0.5734538,-1.175441,0.6501601,-0.2072,1.991,0.9992515,0.003912067,0.0384833,-0.00604748,0.9984387,0.05553048,-0.03820598,-0.05572164,0.9977151,static,18.12528893678704,-5.685373100348511,18.084424481368902,-5.941287919137228,0.5748580000000001,-0.3152749,1.9999650000000002,0.3097127518137989,-0.09419468121032348,0.9461529812898648,18.64607306492405,-6.6750024493949285,0.24812301082446017,0.25915689879353515,0.9240054887936445
1954,05/07/2023 20:00:17.634283,2133,True,True,True,True,Eyes,1.308654,-0.2595609,-3.166847,0.2739603,-0.1456534,0.9506477,2.085535,1.880008,-0.5633261,-1.184239,-0.448174,0.6748586,-0.5862644,0.6428114,-0.1955557,1.982327,1.311886,-0.258077,-3.175502,0.02833768,-0.01909504,0.002455369,0.999413,3.252472,357.8171,0.2195471,0.3807667,-0.07550958,-0.9215826,0,0,0,1.887091,-0.5754155,-1.175963,0.6501601,-0.2072,1.991,0.9992587,0.003825638,0.03830681,-0.005990074,0.9983819,0.05654831,-0.03802849,-0.05673586,0.9976647,static,18.117862145252317,-5.631084245389428,18.084424481368902,-5.941287919137228,0.575205,-0.31733849999999997,1.9995389999999997,0.3096162874706736,-0.09330122956791488,0.9462731336759658,18.638398668546905,-6.619877355027115,0.2980484778598405,0.3120006355323838,0.8759971589913319
1955,05/07/2023 20:00:17.663589,2134,True,True,True,True,Eyes,1.308632,-0.259567,-3.166843,0.2740252,-0.1457484,0.9506143,2.087981,1.880791,-0.563887,-1.181978,-0.44565,0.8103238,-0.3804887,0.643316,-0.1953651,1.984873,1.311855,-0.258045,-3.175598,0.02847996,-0.01898543,0.00238849,0.9994112,3.26861,357.8295,0.2119248,0.3807721,-0.07551189,-0.9215803,0,0,0,1.887468,-0.5760267,-1.176278,0.6501599,-0.2072001,1.991,0.9992677,0.00369276,0.03808454,-0.005855576,0.9983664,0.05683568,-0.03781244,-0.05701708,0.9976569,static,18.10984125641566,-5.617813216284021,18.084419280485232,-5.941290766043414,0.5756129999999999,-0.3179817,1.99932,0.3094900354079711,-0.09308605861074774,0.9463354888080543,18.630455190198745,-6.606317597159767,0.3096045679128636,0.3244749636852555,0.8604742301785231
1956,05/07/2023 20:00:17.673956,2135,True,True,True,True,Eyes,1.308592,-0.2595742,-3.166843,0.2740966,-0.1458126,0.9505839,2.088011,1.880909,-0.5640326,-1.182014,-0.45911,0.8050663,-0.3756145,0.6430991,-0.1954162,1.984945,1.311789,-0.2580343,-3.175563,0.02844274,-0.01885844,0.002179383,0.9994152,3.263866,357.8434,0.1884336,0.3807764,-0.07551417,-0.9215783,0,0,0,1.887801,-0.5761188,-1.176375,0.6501599,-0.2072,1.991,0.9992792,0.003283446,0.0378188,-0.005428989,0.9983725,0.05677001,-0.03757086,-0.05693441,0.9976707,static,18.102608002196675,-5.618347624945527,18.084419280485232,-5.941287919137228,0.576012,-0.31808450000000005,1.999188,0.3093702052496478,-0.09309870567913152,0.9463734561441329,18.62338678452295,-6.606760971313977,0.30837031110314217,0.3234521034250949,0.8563529375100468
1957,05/07/2023 20:00:17.683740,2136,True,True,True,True,Eyes,1.308552,-0.2595829,-3.166847,0.2741652,-0.1458557,0.9505575,2.086906,1.880709,-0.56397,-1.183122,-0.4777245,0.7546844,-0.4497007,0.6427869,-0.1962375,1.983898,1.311696,-0.2580712,-3.175655,0.02829302,-0.01884491,0.002399402,0.9994193,3.247177,357.8456,0.2140378,0.3807793,-0.07551647,-0.9215769,0,0,0,1.887874,-0.5752896,-1.176377,0.65016,-0.2072,1.991,0.9992782,0.003729658,0.03780369,-0.005862375,0.9983875,0.05646273,-0.03753215,-0.05664359,0.9976888,static,18.10267114547618,-5.64605229929503,18.084421880927106,-5.941287919137228,0.5761780000000001,-0.31721839999999996,1.9992779999999999,0.30935790749304415,-0.09355669526939772,0.9463323056736329,18.62365912959553,-6.634841760501349,0.2820678616446286,0.29579909884952127,0.878517923108243
1958,05/07/2023 20:00:17.703782,2137,True,True,True,True,Eyes,1.308476,-0.259589,-3.16685,0.2742268,-0.145839,0.9505423,2.085945,1.880498,-0.5638012,-1.184071,-0.4877402,0.7033795,-0.5170752,0.6425967,-0.1970497,1.982938,1.311628,-0.2581149,-3.17574,0.02812847,-0.0188756,0.002662798,0.9994225,3.228892,357.8429,0.2445055,0.3807809,-0.07551882,-0.9215761,0,0,0,1.887818,-0.574357,-1.176311,0.6501601,-0.2072,1.991,0.9992732,0.004260637,0.03787919,-0.006384403,0.9984034,0.05612392,-0.03757959,-0.05632497,0.997705,static,18.10674258319629,-5.6735281748175455,18.084424481368902,-5.941287919137228,0.57619,-0.3162421,1.9994289999999997,0.3094119207384448,-0.09400875633821715,0.9462698520428611,18.627848930519615,-6.662745109616012,0.25643048066175833,0.2686882549485914,0.9032223478348492
1959,05/07/2023 20:00:17.723856,2138,True,True,True,True,Eyes,1.308403,-0.2595984,-3.166852,0.2742823,-0.1458039,0.9505317,2.086,1.880556,-0.5637454,-1.184043,-0.4839909,0.7072479,-0.5153185,0.6426195,-0.1979726,1.982881,1.311584,-0.2580546,-3.175724,0.02796514,-0.01888444,0.002882829,0.9994264,3.210649,357.8426,0.2700667,0.3807804,-0.07552116,-0.9215761,0,0,0,1.887848,-0.5733774,-1.176171,0.6501599,-0.2072,1.991,0.9992701,0.004706139,0.03790845,-0.006818563,0.9984192,0.05578931,-0.03758598,-0.05600707,0.9977227,static,18.10850542501612,-5.698107011529769,18.084419280485232,-5.941287919137228,0.5762639999999999,-0.3153228,1.9995530000000001,0.3094291199778198,-0.094414127233071,0.9462238965181333,18.629759429995822,-6.687680814598187,0.23337162024809557,0.24437081696297114,0.9243907361407447
2261,05/07/2023 20:00:22.774259,2440,True,True,True,True,Eyes,1.307887,-0.2591406,-3.167619,-0.3188155,-0.1545076,0.9351386,0.0,0.0,0.0,0.0,0.0,0.0,0.0,-1.146822,0.4390133,3.219733,1.311474,-0.2576409,-3.176203,0.02595225,-0.02504978,0.006208335,0.99933,2.991096,357.1448,0.6373317,0.3805944,-0.07539728,-0.9216629,0,0,0,0.565981,-0.5756598,-1.233828,-0.65016,-0.2072,1.991,0.9986679,0.01110815,0.05038823,-0.01370855,0.9985759,0.05155869,-0.04974375,-0.05218076,0.997398,static,-15.926855113393875,-6.068532291629522,-18.084421880927106,-5.941287919137228,-0.7454930000000001,-0.31801890000000005,1.9423750000000002,-0.27298712750724097,-0.10170254428036118,0.9566267524014874,-14.646222273396994,-6.600709527089308,2.1549045123724158,2.1613156841828434,3.500864664372836
2262,05/07/2023 20:00:22.784208,2441,True,True,True,True,Eyes,1.307848,-0.2591379,-3.16762,-0.320551,-0.1543527,0.9345707,0.0,0.0,0.0,0.0,0.0,0.0,0.0,-1.146471,0.4400221,3.219736,1.31149,-0.2575518,-3.17622,0.02608114,-0.02509388,0.006319573,0.999325,3.006211,357.1402,0.6495911,0.3805904,-0.07539774,-0.9216645,0,0,0,0.565889,-0.5762307,-1.233994,-0.65016,-0.2072,1.991,0.9986607,0.01132166,0.05048352,-0.01393957,0.9985597,0.05180989,-0.04982423,-0.05244422,0.9973801,static,-16.028024038813825,-6.044006970196295,-18.084421880927106,-5.941287919137228,-0.7456010000000001,-0.3186789,1.9422259999999998,-0.2746888113980133,-0.10124203683929525,0.9561883704407608,-14.745328778386824,-6.5744775033548,2.0524415962310543,2.05896170156189,3.3985985048242617
2263,05/07/2023 20:00:22.804048,2442,True,True,True,True,Eyes,1.307813,-0.2591385,-3.167623,-0.3226235,-0.154212,0.9338805,0.0,0.0,0.0,0.0,0.0,0.0,0.0,-1.146174,0.4394515,3.219925,1.311537,-0.2575189,-3.176208,0.02599219,-0.02514633,0.006331275,0.9993259,2.996086,357.1341,0.6510274,0.3805859,-0.0753981,-0.9216663,0,0,0,0.5657347,-0.5758646,-1.234005,-0.6501601,-0.2072,1.991,0.9986551,0.0113468,0.05058787,-0.01396123,0.9985687,0.05163091,-0.04992962,-0.05226775,0.9973841,static,-16.148405287435907,-6.049315748164376,-18.084424481368902,-5.941287919137228,-0.7458022999999999,-0.31834569999999995,1.942203,-0.2766964064950131,-0.1012699507150666,0.9556063769625096,-14.862993748128156,-6.578222654816414,1.9331882417066093,1.9390307710609664,3.283793816088752
2264,05/07/2023 20:00:22.814068,2443,True,True,True,True,Eyes,1.307781,-0.2591383,-3.167624,-0.3246124,-0.1540702,0.9332144,0.0,0.0,0.0,0.0,0.0,0.0,0.0,-1.146086,0.4391744,3.219996,1.311576,-0.257589,-3.176189,0.0259702,-0.02517528,0.006246962,0.9993262,2.993343,357.1306,0.6413344,0.3805808,-0.07539847,-0.9216684,0,0,0,0.565614,-0.5757306,-1.234013,-0.6501601,-0.2072,1.991,0.9986543,0.01117789,0.0506411,-0.01379312,0.9985731,0.05159085,-0.04999216,-0.05221992,0.9973835,static,-16.264827217476633,-6.050324749792277,-18.084424481368902,-5.941287919137228,-0.7459620000000001,-0.31814159999999997,1.942176,-0.2786387677383672,-0.10122760048293321,0.9550462623050633,-14.97682009596203,-6.5776635823220015,1.8175722340423999,1.8228612764562016,3.1720937881616753
2265,05/07/2023 20:00:22.833747,2444,True,True,True,True,Eyes,1.307744,-0.2591365,-3.167623,-0.3268011,-0.15389,0.93248,0.0,0.0,0.0,0.0,0.0,0.0,0.0,-1.146537,0.4386157,3.219879,1.311617,-0.2575694,-3.176141,0.02599971,-0.02514463,0.005951604,0.9993281,2.995858,357.1332,0.6074721,0.3805755,-0.07539883,-0.9216706,0,0,0,0.5656181,-0.5754154,-1.233931,-0.6501601,-0.2072,1.991,0.9986647,0.0105877,0.05056495,-0.01320272,0.9985772,0.05166517,-0.04994599,-0.05226377,0.9973835,static,-16.397041731322727,-6.051510290346154,-18.084424481368902,-5.941287919137228,-0.7459989,-0.317846,1.94221,-0.2808432577037134,-0.10117965053170563,0.9544054612070582,-15.106086636461587,-6.577068877488841,1.6863139387542854,1.6909788633416778,3.0454414697067564
2266,05/07/2023 20:00:22.854037,2445,True,True,True,True,Eyes,1.307709,-0.2591377,-3.167622,-0.3289026,-0.1537205,0.9317688,0.0,0.0,0.0,0.0,0.0,0.0,0.0,-1.14707,0.4384153,3.219668,1.311649,-0.2575679,-3.176078,0.02603313,-0.02508568,0.0057855,0.9993296,2.999178,357.1395,0.5885063,0.3805698,-0.07539913,-0.9216729,0,0,0,0.5657926,-0.5753142,-1.233797,-0.65016,-0.2072,1.991,0.9986745,0.01025712,0.05043895,-0.01286936,0.9985777,0.05174109,-0.04983649,-0.05232162,0.9973859,static,-16.52910888800306,-6.048323326509728,-18.084421880927106,-5.941287919137228,-0.7458564000000001,-0.3177463,1.942281,-0.28304592343401486,-0.10105835852464691,0.9537673838311624,-15.235242334261484,-6.572044445180273,1.5548439919882724,1.5589916883645518,2.9181634437234
2267,05/07/2023 20:00:22.873808,2446,True,True,True,True,Eyes,1.307677,-0.2591384,-3.167619,-0.3311194,-0.1535322,0.9310144,0.0,0.0,0.0,0.0,0.0,0.0,0.0,-1.147007,0.4386064,3.21965,1.311652,-0.2576052,-3.17606,0.02608244,-0.02510297,0.005720146,0.9993283,3.004652,357.1373,0.5808199,0.3805638,-0.07539947,-0.9216753,0,0,0,0.5656949,-0.5754537,-1.233834,-0.6501601,-0.2072,1.991,0.9986742,0.01012311,0.05047061,-0.0127421,0.998574,0.05184266,-0.04987383,-0.05241702,0.9973791,static,-16.660903906410635,-6.0385964526150735,-18.084424481368902,-5.941287919137228,-0.7459571,-0.3178485,1.942226,-0.28524578768750114,-0.10082785499497862,0.953136186892623,-15.364181658164616,-6.560395217753289,1.4230564935625931,1.426842590483311,2.7898055244755144
2268,05/07/2023 20:00:22.893989,2447,True,True,True,True,Eyes,1.307646,-0.2591384,-3.167615,-0.3332469,-0.1533582,0.9302837,0.0,0.0,0.0,0.0,0.0,0.0,0.0,-1.146882,0.4394532,3.219536,1.311644,-0.2576482,-3.176015,0.02621479,-0.02512283,0.005704275,0.9993243,3.019784,357.135,0.5785645,0.3805577,-0.07539982,-0.9216778,0,0,0,0.5656064,-0.5759933,-1.233902,-0.65016,-0.2071999,1.991,0.9986726,0.01008366,0.05051078,-0.01271802,0.9985604,0.05210754,-0.04991263,-0.05268077,0.9973633,static,-16.78742536315361,-6.018328953459815,-18.084421880927106,-5.941285072231013,-0.7460376000000001,-0.31834510000000005,1.942113,-0.28736160495149,-0.1004244034518473,0.9525430402578062,-15.488044772719538,-6.5381342414697174,1.2955823991892899,1.299282773976233,2.6640951594951003
2269,05/07/2023 20:00:22.904196,2448,True,True,True,True,Eyes,1.307638,-0.2591397,-3.167614,-0.3355177,-0.1531714,0.9294979,0.0,0.0,0.0,0.0,0.0,0.0,0.0,-1.147022,0.4399108,3.21939,1.311651,-0.2575713,-3.175985,0.02631415,-0.02510664,0.005664486,0.9993224,3.031047,357.1368,0.5737686,0.3805514,-0.07540017,-0.9216804,0,0,0,0.5656581,-0.5762509,-1.233909,-0.65016,-0.2072001,1.991,0.9986752,0.009999974,0.05047737,-0.01264261,0.998551,0.0523082,-0.04988114,-0.05287706,0.9973545,static,-16.926712913588858,-6.002456631451216,-18.084421880927106,-5.941290766043414,-0.7459928999999998,-0.3186796,1.942076,-0.2896862947854466,-0.10008726536784826,0.9518741202597777,-15.624356795623973,-6.520154530829756,1.1558564392263007,1.159323645987814,2.5272521603730267
2270,05/07/2023 20:00:22.914001,2449,True,True,True,True,Eyes,1.307631,-0.2591419,-3.167611,-0.3376987,-0.1529959,0.9287367,0.0,0.0,0.0,0.0,0.0,0.0,0.0,-1.146802,0.4404265,3.219436,1.311628,-0.2576019,-3.176031,0.0263666,-0.0251301,0.005724641,0.99932,3.037243,357.1343,0.580447,0.3805456,-0.07540054,-0.9216828,0,0,0,0.5655783,-0.5765706,-1.234024,-0.65016,-0.2072,1.991,0.9986714,0.01011631,0.05052791,-0.01276669,0.9985441,0.05240962,-0.04992415,-0.05298506,0.9973465,static,-17.057709106558356,-5.988558638887771,-18.084421880927106,-5.941287919137228,-0.7460497,-0.31896870000000005,1.942007,-0.291870672443775,-0.0997871139525181,0.9512381709023435,-15.752546758975361,-6.504288540428086,1.024567508388946,1.0278003901525388,2.3988770881292267
2271,05/07/2023 20:00:22.934124,2450,True,True,True,True,Eyes,1.30766,-0.2591428,-3.167609,-0.3399728,-0.1528203,0.9279356,0.0,0.0,0.0,0.0,0.0,0.0,0.0,-1.146302,0.4408437,3.21955,1.311612,-0.2576303,-3.176029,0.02638845,-0.02519357,0.005825595,0.9993173,3.040073,357.1274,0.5917689,0.3805402,-0.07540094,-0.921685,0,0,0,0.5653691,-0.5768247,-1.234133,-0.6501601,-0.2072,1.991,0.9986627,0.0103136,0.0506602,-0.01297287,0.9985394,0.05244733,-0.05004529,-0.05303439,0.9973379,static,-17.190646393969537,-5.9766601925494625,-18.084424481368902,-5.941287919137228,-0.7462429,-0.3191944,1.9418960000000003,-0.2940848813993389,-0.0995189252505202,0.9505840797260428,-15.882619468548581,-6.490422807646181,0.891528541353157,0.8944777622957528,2.2692497527285167
2272,05/07/2023 20:00:22.954135,2451,True,True,True,True,Eyes,1.307687,-0.2591422,-3.167606,-0.3421593,-0.152657,0.9271585,0.0,0.0,0.0,0.0,0.0,0.0,0.0,-1.145683,0.4409666,3.219784,1.311605,-0.2575446,-3.176068,0.02637042,-0.02527397,0.005955774,0.999315,3.03843,357.1185,0.6065041,0.3805361,-0.07540131,-0.9216866,0,0,0,0.5651178,-0.5768486,-1.234285,-0.6501601,-0.2072,1.991,0.9986515,0.01057042,0.05082742,-0.01323636,0.9985383,0.05240365,-0.0501992,-0.05300576,0.9973316,static,-17.317002152334926,-5.968643577762416,-18.084424481368902,-5.941287919137228,-0.7464871999999999,-0.31930400000000003,1.9417829999999998,-0.29618647411952115,-0.09931841858165331,0.949952343345089,-16.006227439220446,-6.480580903920145,0.7653084972742492,0.767909736335431,2.147030477061437
2273,05/07/2023 20:00:22.974421,2452,True,True,True,True,Eyes,1.307752,-0.2591416,-3.167599,-0.3443472,-0.1524859,0.9263763,0.0,0.0,0.0,0.0,0.0,0.0,0.0,-1.144658,0.4416827,3.220039,1.311583,-0.257594,-3.176063,0.02634657,-0.02539247,0.006288636,0.9993107,3.036733,357.1059,0.6443837,0.3805331,-0.0754016,-0.9216878,0,0,0,0.564811,-0.5772672,-1.23445,-0.65016,-0.2072,1.991,0.9986314,0.01123059,0.0510813,-0.01390661,0.9985327,0.05233745,-0.05041857,-0.05297618,0.9973221,static,-17.44199358976532,-5.952845620459765,-18.084421880927106,-5.941287919137228,-0.746772,-0.3196732,1.941613,-0.2982679249845095,-0.09898928732765759,0.949335219492113,-16.128560568290915,-6.4628707962432825,0.6400528847418108,0.6425322480194379,2.0242139639764356
2274,05/07/2023 20:00:22.984233,2453,True,True,True,True,Eyes,1.307814,-0.2591415,-3.167593,-0.3464544,-0.1523246,0.9256169,0.0,0.0,0.0,0.0,0.0,0.0,0.0,-1.143429,0.4422162,3.220298,1.311566,-0.2575778,-3.175964,0.02637772,-0.02556476,0.006432278,0.9993044,3.040832,357.0866,0.6602426,0.3805321,-0.07540182,-0.9216883,0,0,0,0.5642008,-0.5775714,-1.234632,-0.6501601,-0.2071999,1.991,0.9986101,0.01150693,0.05143329,-0.01420429,0.9985257,0.05238985,-0.05075462,-0.05304761,0.9973013,static,-17.55314541122144,-5.938160028227351,-18.084424481368902,-5.941285072231013,-0.7473652000000001,-0.31999359999999993,1.941332,-0.3001181398757391,-0.09868594379870796,0.9487835723831936,-16.237353262536494,-6.446476149405145,0.5288713210935597,0.5312882610003512,1.914912559856297
2275,05/07/2023 20:00:23.009254,2454,True,True,True,True,Eyes,1.307907,-0.2591389,-3.167584,-0.3485652,-0.1521617,0.9248508,2.09235,0.5785868,-0.5775145,-1.232471,0.9875818,0.01586445,0.1563022,-0.6352298,-0.2070532,1.992571,1.311574,-0.2575867,-3.175949,0.0263825,-0.02569507,0.006543421,0.9993003,3.041791,357.072,0.6725774,0.3805328,-0.07540197,-0.921688,0,0,0,0.5637599,-0.5777527,-1.234818,-0.65016,-0.2071999,1.991,0.9985939,0.01172188,0.05169944,-0.01443348,0.9985223,0.0523918,-0.05100891,-0.05306434,0.9972874,static,-17.669084802758707,-5.927780305364132,-18.084421880927106,-5.941285072231013,-0.7478141,-0.320166,1.9411310000000002,-0.3020444367027345,-0.09845123851609942,0.9481963909181176,-16.35079437289004,-6.434380649224671,0.41331948378048095,0.4155565752452866,1.8023894098317153
2276,05/07/2023 20:00:23.013895,2455,True,True,True,True,Eyes,1.307998,-0.2591366,-3.167575,-0.3505942,-0.1520094,0.9241087,2.084507,0.5771814,-0.5760013,-1.241263,0.8952728,0.1168273,-0.4299278,-0.6368095,-0.2053799,1.983893,1.311554,-0.2575305,-3.175898,0.02653597,-0.02576062,0.006585038,0.9992942,3.059544,357.0647,0.6767046,0.3805358,-0.07540197,-0.9216867,0,0,0,0.5635127,-0.5783554,-1.234963,-0.65016,-0.2071999,1.991,0.9985861,0.01179361,0.05183436,-0.01452795,0.998505,0.0526952,-0.05113539,-0.05337374,0.9972644,static,-17.7858873107671,-5.903914285563631,-18.084421880927106,-5.941285072231013,-0.7480413000000001,-0.32082489999999997,1.940935,-0.30399064050906605,-0.09799262310467659,0.9476218531026194,-16.465181933858748,-6.408604455064282,0.29823935407949953,0.3008645297750429,1.6853265000449043
2277,05/07/2023 20:00:23.033812,2456,True,True,True,True,Eyes,1.30812,-0.2591364,-3.167565,-0.352567,-0.1518623,0.923382,2.082068,0.5740513,-0.5753242,-1.245021,0.7166945,0.2187837,-0.6621803,-0.6399019,-0.2046046,1.980368,1.311566,-0.2575353,-3.175896,0.0265844,-0.0258241,0.006625443,0.9992911,3.065256,357.0576,0.6810027,0.3805409,-0.07540184,-0.9216846,0,0,0,0.5633007,-0.578606,-1.235088,-0.6501601,-0.2072,1.991,0.9985784,0.01186846,0.05196385,-0.01461453,0.9984988,0.05278891,-0.05125931,-0.05347329,0.9972528,static,-17.90003846497045,-5.892248923232276,-18.084424481368902,-5.941287919137228,-0.7482653,-0.32107069999999993,1.9408079999999999,-0.30588569848350783,-0.09773739189731906,0.947038176243522,-16.57688433030217,-6.395230197054935,0.18798716524631187,0.19079577081962848,1.5744017590054387
2278,05/07/2023 20:00:23.053736,2457,True,True,True,True,Eyes,1.308238,-0.2591371,-3.167557,-0.3544601,-0.151724,0.9226797,2.080856,0.570658,-0.5748527,-1.247594,0.4766434,0.2728777,-0.8356727,-0.643618,-0.2038788,1.977905,1.311643,-0.2576169,-3.175862,0.02663286,-0.02579954,0.006676227,0.99929,3.070942,357.0605,0.686761,0.3805486,-0.07540163,-0.9216814,0,0,0,0.5635036,-0.5789486,-1.23505,-0.6501601,-0.2071999,1.991,0.9985796,0.01196874,0.05191806,-0.0147172,0.9984922,0.05288342,-0.05120682,-0.05357239,0.9972501,static,-18.0195939609593,-5.880889983061995,-18.084424481368902,-5.941285072231013,-0.7481393999999999,-0.32133170000000005,1.940812,-0.3078688399606063,-0.09748412171728744,0.9464214636484212,-16.69386860750149,-6.3820930867622465,0.08505357333048401,0.08860340384157757,1.4587519816686223
2279,05/07/2023 20:00:23.073743,2458,True,True,True,True,Eyes,1.308364,-0.2591385,-3.167551,-0.3563056,-0.1515854,0.9219915,2.080837,0.5669504,-0.574563,-1.249037,0.2326003,0.2929955,-0.9273892,-0.6473461,-0.2035987,1.976713,1.311661,-0.2576131,-3.175913,0.02663738,-0.02581441,0.006673056,0.9992896,3.07146,357.0588,0.6863385,0.3805586,-0.07540139,-0.9216774,0,0,0,0.5634614,-0.578958,-1.235126,-0.6501601,-0.2072,1.991,0.9985781,0.01196137,0.05194764,-0.01471188,0.9984918,0.05289238,-0.05123663,-0.05358142,0.9972481,static,-18.131257086792377,-5.876399653636335,-18.084424481368902,-5.941287919137228,-0.7481996,-0.3213449,1.940787,-0.30971688246233053,-0.09734853082850596,0.9458323616900175,-16.80308373812879,-6.376024849789214,0.07855112425323411,0.0800236210781866,1.3530817784449805
2280,05/07/2023 20:00:23.083839,2459,True,True,True,True,Eyes,1.308483,-0.2591402,-3.167547,-0.3580714,-0.1514476,0.9213297,2.081893,0.5630163,-0.574438,-1.249437,-0.0319162,0.289588,-0.9566191,-0.6513302,-0.2036169,1.976493,1.311591,-0.257638,-3.17596,0.0266175,-0.0257752,0.006582147,0.9992917,3.068889,357.063,0.6760914,0.3805708,-0.07540111,-0.9216723,0,0,0,0.5634946,-0.5787786,-1.235098,-0.6501601,-0.2071999,1.991,0.9985846,0.01178283,0.05186429,-0.01452711,0.9984964,0.05285799,-0.05116348,-0.05353661,0.9972543,static,-18.24319130394084,-5.878328973208759,-18.084424481368902,-5.941285072231013,-0.7480964,-0.32114060000000005,1.9408619999999999,-0.31156497218160345,-0.09731851120554769,0.9452281706720461,-16.912515133168526,-6.376459532175057,0.17083472255595447,0.17079336741714826,1.2500993284483521
2281,05/07/2023 20:00:23.103833,2460,True,True,True,True,Eyes,1.308614,-0.2591409,-3.167541,-0.3597659,-0.1512733,0.920698,2.084499,0.5586818,-0.5744699,-1.248347,-0.3444863,0.2832893,-0.8950286,-0.6559644,-0.2035911,1.977646,1.311614,-0.257656,-3.175921,0.02660282,-0.02568798,0.006567568,0.9992945,3.067105,357.073,0.6747301,0.3805847,-0.07540082,-0.9216666,0,0,0,0.5638495,-0.5787196,-1.23492,-0.65016,-0.2071999,1.991,0.9985939,0.01175912,0.05168914,-0.01449261,0.9984983,0.05283069,-0.05099027,-0.05350552,0.9972649,static,-18.357182217163018,-5.874450126389311,-18.084421880927106,-5.941285072231013,-0.7477645,-0.3210636,1.9410010000000002,-0.3134488234072704,-0.09719108893721246,0.944618255506158,-17.024001659052608,-6.370979434305685,0.2809131418539717,0.2808293271885807,1.1441714433419141
2282,05/07/2023 20:00:23.113807,2461,True,True,True,True,Eyes,1.308739,-0.2591408,-3.167537,-0.3613871,-0.1510969,0.9200919,2.089187,0.5537338,-0.5748107,-1.245293,-0.6740838,0.2604799,-0.6912026,-0.6610466,-0.2041448,1.980836,1.311554,-0.2576315,-3.175959,0.02652096,-0.0255894,0.006496921,0.9992997,3.057451,357.0841,0.6671673,0.3806006,-0.07540049,-0.9216601,0,0,0,0.5641328,-0.5782768,-1.234756,-0.65016,-0.2072,1.991,0.9986059,0.01162743,0.05148757,-0.01434205,0.9985089,0.05267227,-0.05079835,-0.05333728,0.9972836,static,-18.467555729723305,-5.880262810088198,-18.084421880927106,-5.941287919137228,-0.7474212000000001,-0.3206453,1.9412030000000002,-0.315266893459092,-0.0972252458593518,0.9440095609356252,-17.131877521432813,-6.375371284754019,0.3877271233636393,0.3879634132593359,1.0467899145051
2283,05/07/2023 20:00:23.133983,2462,True,True,True,True,Eyes,1.308898,-0.2591404,-3.167528,-0.3626997,-0.150959,0.9195979,0.0,0.0,0.0,0.0,0.0,0.0,0.0,-1.14365,0.4425941,3.220198,1.311553,-0.257615,-3.175998,0.02641828,-0.02552441,0.006465387,0.9993042,3.04555,357.0914,0.6640456,0.380618,-0.07540009,-0.921653,0,0,0,0.5643636,-0.5778143,-1.234632,-0.6501601,-0.2071999,1.991,0.9986134,0.01157315,0.0513549,-0.0142704,0.9985206,0.05246975,-0.05067169,-0.05312985,0.9973012,static,-18.555809431077005,-5.888339342746022,-18.084424481368902,-5.941285072231013,-0.7471894,-0.3201993,1.941366,-0.31671799321682514,-0.09730873134461307,0.943515083781022,-17.218108058653417,-6.3823581737115225,0.47367457506932903,0.474349049837784,0.9721366288316633
2284,05/07/2023 20:00:23.153886,2463,True,True,True,True,Eyes,1.309047,-0.2591439,-3.167523,-0.3639597,-0.150826,0.9191217,0.0,0.0,0.0,0.0,0.0,0.0,0.0,-1.143884,0.4424947,3.220056,1.311553,-0.2576151,-3.175924,0.02643854,-0.02549893,0.006373928,0.9993049,3.047589,357.094,0.6535767,0.3806377,-0.07539961,-0.9216449,0,0,0,0.5644156,-0.5777666,-1.23453,-0.6501601,-0.2072,1.991,0.9986184,0.01139069,0.05129944,-0.0140873,0.9985208,0.05251526,-0.05062538,-0.05316538,0.9973016,static,-18.634971628047627,-5.884930721850886,-18.084424481368902,-5.941287919137228,-0.7471374,-0.32015150000000003,1.9413940000000003,-0.31802441917349195,-0.09720776287366902,0.9430858733739146,-17.29553649195098,-6.377827863620797,0.5525302944732774,0.5534241541548907,0.9016159842070072
2285,05/07/2023 20:00:23.173887,2464,True,True,True,True,Eyes,1.309237,-0.2591488,-3.167516,-0.3650034,-0.1507254,0.9187242,0.0,0.0,0.0,0.0,0.0,0.0,0.0,-1.143975,0.4423695,3.220018,1.311548,-0.2576573,-3.1759,0.02640939,-0.02548338,0.006382194,0.9993061,3.044262,357.0958,0.6546558,0.3806593,-0.07539915,-0.921636,0,0,0,0.5644741,-0.5777063,-1.234465,-0.6501601,-0.2072001,1.991,0.9986197,0.01140953,0.0512685,-0.01410153,0.9985236,0.05245685,-0.05059431,-0.05310741,0.9973063,static,-18.70132011982837,-5.8844637707543015,-18.084424481368902,-5.941290766043414,-0.7470739,-0.32004900000000003,1.941435,-0.31911770913966025,-0.09716240317396366,0.94272113533392,-17.36041369050299,-6.376453158529694,0.6183752102724884,0.6195074948246416,0.8447235838572672
2286,05/07/2023 20:00:23.193823,2465,True,True,True,True,Eyes,1.309418,-0.2591515,-3.16751,-0.3660116,-0.1506367,0.9183376,0.0,0.0,0.0,0.0,0.0,0.0,0.0,-1.143708,0.4428914,3.220068,1.311469,-0.2577306,-3.175954,0.02646911,-0.02550859,0.006408826,0.9993036,3.0512,357.093,0.6574613,0.3806834,-0.07539874,-0.921626,0,0,0,0.5643132,-0.5780506,-1.234595,-0.6501601,-0.2072,1.991,0.9986165,0.01145834,0.05132091,-0.0141591,0.9985166,0.0525744,-0.05064237,-0.05322832,0.9972973,static,-18.76070625215556,-5.873606593697579,-18.084424481368902,-5.941287919137228,-0.7471558,-0.32032,1.9413589999999998,-0.32010133129503837,-0.09694981354511124,0.94240953181296,-17.41856227844732,-6.3646420855051815,0.6785417028007694,0.6796600586407934,0.789050837057211
2287,05/07/2023 20:00:23.209317,2466,True,True,True,True,Eyes,1.309611,-0.259156,-3.167503,-0.3668524,-0.1505338,0.918019,0.0,0.0,0.0,0.0,0.0,0.0,0.0,-1.142654,0.4440738,3.220338,1.31145,-0.2577078,-3.176023,0.02664709,-0.02566496,0.006434174,0.9992948,3.071772,357.0753,0.6593751,0.3807097,-0.07539832,-0.9216152,0,0,0,0.5637054,-0.5787591,-1.235011,-0.6501601,-0.2071999,1.991,0.9985998,0.01149148,0.05163662,-0.01422706,0.9984971,0.05292632,-0.05095081,-0.05358686,0.9972624,static,-18.794135745978505,-5.847499044652888,-18.084424481368902,-5.941285072231013,-0.7477446,-0.3210513,1.9410119999999997,-0.3206652054895722,-0.09650096049558964,0.9422639668908916,-17.45144714134475,-6.337726729937428,0.7151589905923356,0.7158812038897555,0.7468777014672887
2288,05/07/2023 20:00:23.224217,2467,True,True,True,True,Eyes,1.309797,-0.259159,-3.167494,-0.3676596,-0.1504403,0.9177114,0.0,0.0,0.0,0.0,0.0,0.0,0.0,-1.14235,0.4445608,3.22038,1.311453,-0.2577254,-3.176022,0.02669445,-0.02570468,0.006502036,0.9992921,3.077424,357.071,0.666898,0.3807383,-0.07539792,-0.9216034,0,0,0,0.5635917,-0.5790566,-1.235102,-0.6501601,-0.2072,1.991,0.998594,0.01162252,0.05172009,-0.01436721,0.9984902,0.05301684,-0.05102582,-0.05368537,0.9972534,static,-18.840039749327676,-5.835464412857976,-18.084424481368902,-5.941287919137228,-0.7478613,-0.32133120000000004,1.9409200000000002,-0.3214270461210657,-0.09627678860944924,0.9420273419721675,-17.496422241729302,-6.324905425651723,0.7623308339248861,0.7629895462282852,0.7020748002354055
2289,05/07/2023 20:00:23.233762,2468,True,True,True,True,Eyes,1.309928,-0.2591608,-3.167485,-0.36832,-0.150336,0.9174636,0.0,0.0,0.0,0.0,0.0,0.0,0.0,-1.142041,0.4451762,3.22035,1.311446,-0.2577255,-3.175969,0.02676518,-0.02574394,0.006569735,0.9992886,3.085754,357.0667,0.6743355,0.3807687,-0.07539751,-0.9215909,0,0,0,0.563471,-0.5794281,-1.235154,-0.6501601,-0.2072,1.991,0.9985881,0.01175204,0.05180294,-0.0145082,0.9984809,0.05315401,-0.05109957,-0.05383053,0.9972417,static,-18.87676035537813,-5.819736560816453,-18.084424481368902,-5.941287919137228,-0.7479749999999998,-0.3217026,1.9408149999999997,-0.32203944716627786,-0.09599709068342485,0.9418466678128221,-17.532446155221134,-6.3084656450397105,0.8010929605905132,0.8016051833362821,0.6629476260880727
2290,05/07/2023 20:00:23.253863,2469,True,True,True,True,Eyes,1.310054,-0.259163,-3.167477,-0.3689521,-0.1502377,0.9172257,0.0,0.0,0.0,0.0,0.0,0.0,0.0,-1.141903,0.4451897,3.220356,1.311473,-0.2576816,-3.17592,0.02675819,-0.02576528,0.006612031,0.9992881,3.085091,357.0644,0.6791404,0.3807994,-0.0753971,-0.9215783,0,0,0,0.5634366,-0.5794156,-1.235133,-0.6501601,-0.2072,1.991,0.9985849,0.01183578,0.05184773,-0.01459351,0.9984806,0.05313755,-0.05114002,-0.05381899,0.9972403,static,-18.913823456213144,-5.814263917100288,-18.084424481368902,-5.941287919137228,-0.7480364000000002,-0.321734,1.940787,-0.32265210777579373,-0.09588599522687744,0.9416482871026628,-17.56872699223177,-6.302415325261667,0.8385345713325691,0.8390695779052892,0.6295688236853126
2291,05/07/2023 20:00:23.273666,2470,True,True,True,True,Eyes,1.310178,-0.2591683,-3.167467,-0.3694817,-0.150173,0.9170231,0.0,0.0,0.0,0.0,0.0,0.0,0.0,-1.142135,0.4453244,3.22024,1.311456,-0.2577037,-3.17591,0.0267669,-0.02572411,0.006636039,0.9992887,3.086132,357.0692,0.6819957,0.3808302,-0.0753967,-0.9215656,0,0,0,0.5635941,-0.5795057,-1.235069,-0.65016,-0.2072,1.991,0.9985884,0.01188553,0.05176686,-0.01463975,0.9984789,0.0531543,-0.05105636,-0.05383712,0.9972436,static,-18.951465717218937,-5.809835485124218,-18.084421880927106,-5.941287919137228,-0.7478619,-0.32180200000000003,1.940841,-0.3232736337469725,-0.09579174546604097,0.9414446992373463,-17.605566177527887,-6.297415492331729,0.8763763115634225,0.8769519693002579,0.5967659784767945
2292,05/07/2023 20:00:23.283985,2471,True,True,True,True,Eyes,1.310297,-0.2591743,-3.167461,-0.3699848,-0.1501066,0.9168311,0.0,0.0,0.0,0.0,0.0,0.0,0.0,-1.142242,0.4458925,3.220099,1.311394,-0.2577864,-3.175903,0.02681518,-0.02568964,0.006709266,0.9992878,3.091856,357.0734,0.6903602,0.3808612,-0.07539641,-0.9215528,0,0,0,0.5637081,-0.5798803,-1.235042,-0.65016,-0.2072,1.991,0.9985901,0.01203123,0.05170251,-0.01478672,0.9984719,0.05324745,-0.05098287,-0.05393688,0.9972419,static,-18.987171306548962,-5.798649055166384,-18.084421880927106,-5.941287919137228,-0.7476858999999999,-0.3220939,1.940861,-0.3238666482147996,-0.09558744669315428,0.9412616234239044,-17.640563113853254,-6.285592437198379,0.9134440107761682,0.9139487791859475,0.5617438973995551
2293,05/07/2023 20:00:23.309184,2472,True,True,True,True,Eyes,1.310378,-0.259178,-3.167458,-0.3704055,-0.1500565,0.9166694,0.0,0.0,0.0,0.0,0.0,0.0,0.0,-1.142539,0.4455469,3.220115,1.311402,-0.2578092,-3.175973,0.02671338,-0.02563197,0.006823078,0.9992913,3.080482,357.0803,0.7038849,0.3808921,-0.07539623,-0.9215401,0,0,0,0.5639979,-0.5796634,-1.234964,-0.65016,-0.2072,1.991,0.9985929,0.01226705,0.05159213,-0.01500592,0.9984797,0.05303911,-0.05086306,-0.05373867,0.9972588,static,-19.021717100028383,-5.803696345844325,-18.084421880927106,-5.941287919137228,-0.7474040999999999,-0.32185420000000003,1.941009,-0.3244321236509532,-0.09565076887800719,0.9410604146786956,-17.6743026296257,-6.2902387440831005,0.9466548325400966,0.9473403658618829,0.5384834988357872
2294,05/07/2023 20:00:23.324061,2473,True,True,True,True,Eyes,1.310453,-0.2591822,-3.167455,-0.3708116,-0.1499991,0.9165146,0.0,0.0,0.0,0.0,0.0,0.0,0.0,-1.142603,0.4450987,3.220179,1.311371,-0.2577555,-3.176016,0.0266308,-0.02561141,0.00687664,0.9992936,3.071161,357.0828,0.7103291,0.3809219,-0.07539613,-0.9215277,0,0,0,0.5640723,-0.5793609,-1.234924,-0.65016,-0.2072,1.991,0.9985935,0.01237946,0.0515529,-0.01510767,0.9984871,0.05287172,-0.05082038,-0.0535762,0.9972697,static,-19.050201476212806,-5.808430760407592,-18.084421880927106,-5.941287919137228,-0.7472987000000001,-0.32160539999999993,1.9410920000000003,-0.3248979975202392,-0.09571234596275163,0.9408934173147218,-17.702117844150354,-6.2946502890913125,0.9740219061164127,0.9748749926508119,0.5205971004869001
2295,05/07/2023 20:00:23.333813,2474,True,True,True,True,Eyes,1.310517,-0.2591921,-3.167451,-0.3711861,-0.1499505,0.916371,0.0,0.0,0.0,0.0,0.0,0.0,0.0,-1.142453,0.4443856,3.220321,1.31136,-0.2577489,-3.176011,0.02649564,-0.02562632,0.006940424,0.9992964,3.05587,357.0812,0.7179881,0.3809506,-0.07539609,-0.9215159,0,0,0,0.5640318,-0.5789132,-1.234858,-0.65016,-0.2072,1.991,0.9985902,0.01251311,0.05158436,-0.01522905,0.9984997,0.05259827,-0.0508488,-0.05330971,0.9972825,static,-19.073087801976552,-5.819011216041312,-18.084421880927106,-5.941287919137228,-0.7473282000000001,-0.3211643,1.941153,-0.325268762139599,-0.09587317664478742,0.9407489831515474,-17.72441500538762,-6.30506311587384,0.9950794848107916,0.996198722928591,0.5117981479025342
2296,05/07/2023 20:00:23.355389,2475,True,True,True,True,Eyes,1.310579,-0.2591988,-3.167453,-0.371558,-0.14991,0.9162269,0.0,0.0,0.0,0.0,0.0,0.0,0.0,-1.141342,0.4441661,3.220771,1.311318,-0.2578813,-3.176044,0.02640603,-0.02578174,0.007028571,0.9992942,3.045971,357.0635,0.727881,0.3809781,-0.07539631,-0.9215046,0,0,0,0.5634275,-0.5788158,-1.23507,-0.65016,-0.2072,1.991,0.9985718,0.01268563,0.05189826,-0.01540881,0.9985066,0.05241236,-0.05115587,-0.05313719,0.997276,static,-19.079895599332296,-5.823269115445623,-18.084421880927106,-5.941287919137228,-0.7478905,-0.3209345,1.9409740000000002,-0.325378457702244,-0.0959392587408666,0.9407043136093147,-17.731039106335903,-6.309286195444882,1.0012214009497227,1.0024451915492703,0.5101981151897583
2297,05/07/2023 20:00:23.373972,2476,True,True,True,True,Eyes,1.310626,-0.2592006,-3.167459,-0.3719181,-0.149865,0.9160881,0.0,0.0,0.0,0.0,0.0,0.0,0.0,-1.139891,0.4451905,3.221209,1.311342,-0.257852,-3.176103,0.026432,-0.02596945,0.007388515,0.999286,3.050149,357.0431,0.7685102,0.3810043,-0.07539664,-0.9214937,0,0,0,0.5629154,-0.579389,-1.235435,-0.6501601,-0.2072,1.991,0.998542,0.01339363,0.05229239,-0.01613933,0.9984936,0.0524425,-0.05151122,-0.05321001,0.9972539,static,-19.08533827710102,-5.802500703384714,-18.084424481368902,-5.941287919137228,-0.7484266,-0.321537,1.9406679999999998,-0.3254786382466732,-0.09559477807040986,0.9407046788152912,-17.736518677585455,-6.288162531641046,1.0096302576495264,1.010490137380474,0.49128448490246535
2298,05/07/2023 20:00:23.384320,2477,True,True,True,True,Eyes,1.31067,-0.259203,-3.167461,-0.372259,-0.1497915,0.9159616,0.0,0.0,0.0,0.0,0.0,0.0,0.0,-1.138548,0.4426189,3.222228,1.311501,-0.2577395,-3.176238,0.02605961,-0.02620669,0.007349466,0.9992899,3.007542,357.0156,0.7644053,0.381029,-0.07539693,-0.9214835,0,0,0,0.5621125,-0.5777602,-1.235691,-0.65016,-0.2072,1.991,0.9985183,0.01332262,0.05275921,-0.01605436,0.9985337,0.05169698,-0.05199311,-0.0524674,0.9972682,static,-19.080433447338613,-5.841770386029375,-18.084421880927106,-5.941287919137228,-0.7493885,-0.32002069999999994,1.940547,-0.32537767254482763,-0.09624303265559825,0.9406734598692443,-17.7314243557074,-6.3280307564761555,0.9993664946278048,1.0009709185692544,0.523619399033498
2299,05/07/2023 20:00:23.403958,2478,True,True,True,True,Eyes,1.310712,-0.2592074,-3.167463,-0.3725361,-0.1497508,0.9158557,0.0,0.0,0.0,0.0,0.0,0.0,0.0,-1.139385,0.4401224,3.222241,1.311559,-0.257809,-3.176175,0.02582605,-0.02613613,0.00691165,0.999301,2.979421,357.0222,0.7150996,0.3810523,-0.07539722,-0.9214738,0,0,0,0.5622007,-0.5763029,-1.235365,-0.6501601,-0.2072,1.991,0.9985382,0.01246365,0.05259272,-0.01516362,0.9985704,0.05125471,-0.05187872,-0.05197728,0.9972998,static,-19.100856169195026,-5.885251577515795,-18.084424481368902,-5.941287919137228,-0.7493582999999999,-0.31849389999999994,1.9408100000000001,-0.32569066314309686,-0.09694583425829859,0.9404930665814141,-17.75106257102288,-6.371823427396536,1.015253252341534,1.017975170423806,0.5445098595449391
2300,05/07/2023 20:00:23.413928,2479,True,True,True,True,Eyes,1.310752,-0.2592142,-3.167464,-0.3727989,-0.1497238,0.9157531,0.0,0.0,0.0,0.0,0.0,0.0,0.0,-1.140526,0.4395096,3.221815,1.31146,-0.2578101,-3.176109,0.02584483,-0.02597749,0.006615132,0.9993065,2.980581,357.0395,0.6815156,0.3810744,-0.07539757,-0.9214646,0,0,0,0.5625618,-0.575965,-1.235065,-0.65016,-0.2072,1.991,0.9985628,0.01187832,0.05226088,-0.01456386,0.9985766,0.05131011,-0.05157701,-0.05199749,0.9973145,static,-19.131174008232936,-5.895334759815463,-18.084421880927106,-5.941287919137228,-0.7488982000000001,-0.31815489999999996,1.9410439999999998,-0.3261835237631524,-0.09709388503457989,0.9403068980931729,-17.78062983258355,-6.381631278708485,1.044644677388546,1.0477603298803266,0.5349690485955945
2301,05/07/2023 20:00:23.443924,2480,True,True,True,True,Eyes,1.310802,-0.2592241,-3.167464,-0.3730368,-0.1497353,0.9156544,0.0,0.0,0.0,0.0,0.0,0.0,0.0,-1.140849,0.4406233,3.221545,1.311442,-0.257872,-3.176108,0.02602868,-0.02592933,0.006565899,0.9993033,3.001471,357.045,0.6754761,0.3810951,-0.07539806,-0.921456,0,0,0,0.5627124,-0.5766795,-1.235106,-0.65016,-0.2071999,1.991,0.9985691,0.01177284,0.05216435,-0.01447246,0.9985588,0.05168059,-0.05148074,-0.05236159,0.9973003,static,-19.149965424975292,-5.878061965247807,-18.084421880927106,-5.941285072231013,-0.7487296,-0.3188075,1.9410020000000001,-0.3265013368778596,-0.0967991784787918,0.9402270420076694,-17.79913484427007,-6.363869220470198,1.0646872236611526,1.0674175403839765,0.5098686650771843
2302,05/07/2023 20:00:23.459502,2481,True,True,True,True,Eyes,1.310849,-0.2592314,-3.167467,-0.3732561,-0.1497619,0.9155606,0.0,0.0,0.0,0.0,0.0,0.0,0.0,-1.14094,0.443327,3.221143,1.311454,-0.2579656,-3.176096,0.02638248,-0.02589989,0.006709964,0.9992938,3.042419,357.049,0.6910522,0.3811151,-0.07539874,-0.9214476,0,0,0,0.5629307,-0.5783617,-1.235276,-0.65016,-0.2072,1.991,0.9985684,0.01204384,0.05211725,-0.01477706,0.9985179,0.05238012,-0.05140914,-0.05307527,0.9972663,static,-19.167293024974413,-5.834112903083099,-18.084421880927106,-5.941287919137228,-0.7485232999999999,-0.32039609999999996,1.9408199999999998,-0.3268089322843305,-0.09606712973974665,0.9401951837325708,-17.816411365650573,-6.3190894551668375,1.0864091015225974,1.0881619358700823,0.46321014337460836
2303,05/07/2023 20:00:23.473723,2482,True,True,True,True,Eyes,1.310878,-0.2592379,-3.167473,-0.3734552,-0.1497918,0.9154745,0.0,0.0,0.0,0.0,0.0,0.0,0.0,-1.142009,0.4448445,3.220631,1.311415,-0.2578912,-3.176195,0.02667951,-0.0257406,0.006585336,0.9992909,3.07598,357.0671,0.6763837,0.3811342,-0.07539951,-0.9214396,0,0,0,0.5634578,-0.5792797,-1.235322,-0.65016,-0.2072,1.991,0.9985881,0.01178784,0.05179608,-0.01453483,0.9984896,0.05298215,-0.0510933,-0.0536602,0.9972512,static,-19.1949014022637,-5.808692954742881,-18.084421880927106,-5.941287919137228,-0.7479572,-0.32138849999999997,1.9408729999999998,-0.32727565392284613,-0.09563364329718961,0.9400770088261972,-17.843599281055642,-6.292950101103573,1.1170396150542836,1.118367646121206,0.4262180367302424
2304,05/07/2023 20:00:23.484405,2483,True,True,True,True,Eyes,1.310903,-0.2592455,-3.167479,-0.3736431,-0.1498231,0.9153928,0.0,0.0,0.0,0.0,0.0,0.0,0.0,-1.142749,0.4449495,3.220362,1.311368,-0.2578706,-3.176225,0.02672682,-0.02562639,0.006514027,0.999293,3.081116,357.08,0.668421,0.381152,-0.07540036,-0.9214322,0,0,0,0.5638193,-0.5793464,-1.235208,-0.6501601,-0.2072,1.991,0.9986017,0.01164902,0.05156473,-0.01438867,0.9984865,0.05308198,-0.05086834,-0.0537497,0.9972579,static,-19.218557823576873,-5.809254482806673,-18.084424481368902,-5.941287919137228,-0.7475487000000001,-0.32147580000000003,1.941017,-0.32766393547201483,-0.09562924513089992,0.9399422847333476,-17.866725581475794,-6.293197832242159,1.1403744418429531,1.1417930049781688,0.4138035741220582
2305,05/07/2023 20:00:23.503923,2484,True,True,True,True,Eyes,1.310917,-0.259254,-3.167487,-0.3738182,-0.1498369,0.915319,0.0,0.0,0.0,0.0,0.0,0.0,0.0,-1.142715,0.4452152,3.220341,1.311307,-0.2579069,-3.176251,0.02670257,-0.0256046,0.006670855,0.9992933,3.078781,357.0829,0.6865435,0.3811686,-0.07540131,-0.9214253,0,0,0,0.5639271,-0.5795066,-1.23519,-0.6501601,-0.2071999,1.991,0.9985998,0.01196486,0.05152927,-0.0146997,0.998485,0.05302579,-0.05081675,-0.05370901,0.9972628,static,-19.234185085756632,-5.806766662101891,-18.084424481368902,-5.941285072231013,-0.7473799,-0.3215997,1.9410610000000001,-0.32792185280323954,-0.09557937345518264,0.939857359835978,-17.882024381334645,-6.2904639979022585,1.156180607395716,1.1576029760093502,0.4035984670768741
2306,05/07/2023 20:00:23.513779,2485,True,True,True,True,Eyes,1.310927,-0.2592585,-3.167499,-0.3739885,-0.1498387,0.915249,0.0,0.0,0.0,0.0,0.0,0.0,0.0,-1.142076,0.4455299,3.220559,1.311256,-0.2579364,-3.176305,0.02667672,-0.02567487,0.006853134,0.9992909,3.076399,357.0754,0.7073054,0.3811838,-0.07540239,-0.9214189,0,0,0,0.563699,-0.5796884,-1.235338,-0.6501601,-0.2072,1.991,0.9985877,0.01232671,0.05167897,-0.01506639,0.9984828,0.0529637,-0.05094769,-0.05366751,0.9972582,static,-19.239302275228408,-5.8022193064000405,-18.084424481368902,-5.941287919137228,-0.747557,-0.321752,1.940967,-0.3280082060726856,-0.09550173608801088,0.9398349862098634,-17.887062390256514,-6.285785525167385,1.1618699496697986,1.1632208723189432,0.3970269456457134
2307,05/07/2023 20:00:23.534032,2486,True,True,True,True,Eyes,1.310954,-0.2592651,-3.167511,-0.3741586,-0.1498595,0.9151762,0.0,0.0,0.0,0.0,0.0,0.0,0.0,-1.141521,0.4444627,3.220954,1.311163,-0.2578461,-3.176403,0.0264566,-0.02572738,0.007025963,0.9992942,3.051719,357.0698,0.7276012,0.3811977,-0.07540344,-0.9214131,0,0,0,0.5634853,-0.5789756,-1.235378,-0.65016,-0.2071999,1.991,0.9985775,0.01268069,0.0517902,-0.01540332,0.9985014,0.05251433,-0.05104667,-0.05323736,0.9972762,static,-19.24729394031736,-5.821379883743007,-18.084421880927106,-5.941285072231013,-0.7476777000000001,-0.3211295,1.941025,-0.3281295102272518,-0.09581176570784669,0.9397612115908055,-17.894730755884158,-6.305097053553591,1.1672714853838164,1.169037501852217,0.4102948703967907
2308,05/07/2023 20:00:23.554105,2487,True,True,True,True,Eyes,1.31098,-0.2592725,-3.167522,-0.3743282,-0.1498694,0.9151052,0.0,0.0,0.0,0.0,0.0,0.0,0.0,-1.140944,0.4439697,3.221243,1.311138,-0.2579114,-3.176424,0.02626745,-0.02578394,0.0072905,0.9992958,3.030863,357.064,0.7583138,0.3812107,-0.07540455,-0.9214076,0,0,0,0.5633742,-0.5786679,-1.235371,-0.65016,-0.2072,1.991,0.9985641,0.01321617,0.05191456,-0.01592529,0.9985138,0.05212195,-0.05114855,-0.05287386,0.9972904,static,-19.255842275662637,-5.832433198451057,-18.084421880927106,-5.941287919137228,-0.7477637999999999,-0.3207565,1.941053,-0.328264100035846,-0.09598830553247817,0.9396961696566075,-17.903005047481265,-6.316183944190973,1.1744302511337688,1.1764672079654457,0.41648420985508494
2309,05/07/2023 20:00:23.573771,2488,True,True,True,True,Eyes,1.311035,-0.2592792,-3.167532,-0.3744774,-0.1498753,0.9150432,0.0,0.0,0.0,0.0,0.0,0.0,0.0,-1.140085,0.4431288,3.221682,1.311146,-0.2579401,-3.176438,0.0260517,-0.02589584,0.007496882,0.9992971,3.006833,357.0517,0.7822697,0.3812229,-0.07540571,-0.9214025,0,0,0,0.5630479,-0.5781378,-1.235422,-0.65016,-0.2072,1.991,0.9985464,0.01363396,0.05214588,-0.01633248,0.9985303,0.0516785,-0.05136466,-0.05245505,0.9973014,static,-19.25614591895527,-5.848432117813777,-18.084421880927106,-5.941287919137228,-0.7480980999999999,-0.32019770000000003,1.941016,-0.32826072332133116,-0.09625081744893162,0.9396705083123865,-17.90318032058612,-6.332395441882938,1.172990752638228,1.175397558757225,0.43106101371281746
2310,05/07/2023 20:00:23.583892,2489,True,True,True,True,Eyes,1.311087,-0.2592855,-3.167541,-0.3746233,-0.1498695,0.9149844,0.0,0.0,0.0,0.0,0.0,0.0,0.0,-1.139622,0.4427234,3.221924,1.311146,-0.2579385,-3.17646,0.02592005,-0.02594809,0.007674639,0.9992979,2.992313,357.0461,0.8028806,0.3812351,-0.07540688,-0.9213973,0,0,0,0.5629342,-0.5778677,-1.235444,-0.65016,-0.2072,1.991,0.9985356,0.01399335,0.0522576,-0.01668365,0.9985385,0.0514054,-0.05146189,-0.05220198,0.9973097,static,-19.262239933990095,-5.855617544573281,-18.084421880927106,-5.941287919137228,-0.7482117999999999,-0.31992919999999997,1.941016,-0.32835700463162015,-0.09636524328359407,0.9396251133152753,-17.90908425121311,-6.339595399511652,1.1783260587574602,1.1809296249984658,0.4351920648586616
2311,05/07/2023 20:00:23.609071,2490,True,True,True,True,Eyes,1.311105,-0.2592956,-3.167548,-0.3747438,-0.1498715,0.9149348,0.0,0.0,0.0,0.0,0.0,0.0,0.0,-1.139456,0.4418449,3.222067,1.311159,-0.2579255,-3.176419,0.02578816,-0.02597787,0.007665634,0.9993005,2.977197,357.0426,0.8021439,0.3812473,-0.07540806,-0.9213921,0,0,0,0.5628204,-0.5773248,-1.235364,-0.6501601,-0.2072,1.991,0.9985328,0.0139807,0.05231477,-0.01666038,0.9985524,0.05114197,-0.05152404,-0.05193851,0.9973203,static,-19.266861795519386,-5.8712748130465435,-18.084424481368902,-5.941287919137228,-0.7483386,-0.3193993,1.9410550000000002,-0.32842468533585023,-0.09661961209401267,0.9395754078425961,-17.913484351196807,-6.355401950165842,1.1814914539358845,1.1845082679829106,0.44800776644832924
2312,05/07/2023 20:00:23.614200,2491,True,True,True,True,Eyes,1.311124,-0.2593026,-3.167559,-0.3748642,-0.1498744,0.9148849,0.0,0.0,0.0,0.0,0.0,0.0,0.0,-1.139799,0.4422901,3.221849,1.311173,-0.2580307,-3.176369,0.02583548,-0.02592499,0.007682468,0.9993005,2.982626,357.0487,0.8040941,0.3812587,-0.07540938,-0.9213873,0,0,0,0.5630521,-0.5776393,-1.235265,-0.6501601,-0.2072,1.991,0.9985377,0.01401462,0.05221066,-0.01669376,0.998547,0.05123647,-0.05141674,-0.05203314,0.9973208,static,-19.280399726653954,-5.865888049485408,-18.084424481368902,-5.941287919137228,-0.7481208999999999,-0.31960859999999996,1.9411040000000002,-0.3286497362312164,-0.09652326522452867,0.9395065165343758,-17.926762300375316,-6.349758293324394,1.195418492418337,1.19834966836819,0.43784176354507104
2313,05/07/2023 20:00:23.634090,2492,True,True,True,True,Eyes,1.311109,-0.2593092,-3.167571,-0.3749585,-0.1498352,0.9148527,0.0,0.0,0.0,0.0,0.0,0.0,0.0,-1.139305,0.4423073,3.222124,1.311204,-0.257962,-3.176466,0.02582101,-0.02599789,0.00775263,0.9992985,2.981236,357.0406,0.8119643,0.3812692,-0.07541073,-0.9213828,0,0,0,0.5628361,-0.5776114,-1.235463,-0.6501601,-0.2072,1.991,0.998528,0.0141518,0.05235966,-0.01683697,0.9985463,0.05120269,-0.05155893,-0.0520089,0.9973148,static,-19.278808345402883,-5.862057972404816,-18.084424481368902,-5.941287919137228,-0.7483679000000001,-0.3196494,1.941003,-0.3286256311611578,-0.0964613203357722,0.9395213328081434,-17.925235408992123,-6.34589795919626,1.1941811485218419,1.1970088550733293,0.4347993160996823
2314,05/07/2023 20:00:23.653939,2493,True,True,True,True,Eyes,1.311095,-0.2593151,-3.167581,-0.3750512,-0.149787,0.9148227,0.0,0.0,0.0,0.0,0.0,0.0,0.0,-1.139089,0.4412335,3.222378,1.311258,-0.257951,-3.176475,0.02569157,-0.02605089,0.007655194,0.9993011,2.966157,357.0341,0.8010119,0.3812782,-0.07541212,-0.921379,0,0,0,0.5626248,-0.5769565,-1.235469,-0.6501601,-0.2071999,1.991,0.9985255,0.01396111,0.05245871,-0.01663826,0.9985626,0.05094838,-0.05167201,-0.05174608,0.9973226,static,-19.277690527730336,-5.877944068491763,-18.084424481368902,-5.941285072231013,-0.7486332,-0.3190055,1.941006,-0.32859895676155615,-0.09672277367679086,0.9395038856190085,-17.924021676067778,-6.362014417799573,1.191710650933259,1.1949459988441913,0.4502690775203417
2315,05/07/2023 20:00:23.673771,2494,True,True,True,True,Eyes,1.311046,-0.2593224,-3.167592,-0.3751158,-0.1497079,0.914809,0.0,0.0,0.0,0.0,0.0,0.0,0.0,-1.139499,0.4404759,3.222258,1.311292,-0.2579431,-3.176382,0.02567085,-0.02602136,0.007404663,0.9993044,2.963017,357.0367,0.7724315,0.3812859,-0.07541354,-0.9213758,0,0,0,0.5626387,-0.5765179,-1.235313,-0.65016,-0.2072,1.991,0.9985361,0.01346304,0.05238668,-0.01613501,0.9985723,0.05092063,-0.05162634,-0.05169135,0.9973277,static,-19.28158536203223,-5.886384552791498,-18.084421880927106,-5.941287919137228,-0.7486532999999999,-0.31857480000000005,1.9410689999999997,-0.3286583965868902,-0.09685903779902987,0.9394688980283646,-17.927765770266625,-6.370516311278721,1.1949426300375732,1.1984217872384642,0.456922476605869
2316,05/07/2023 20:00:23.684162,2495,True,True,True,True,Eyes,1.310997,-0.2593297,-3.1676,-0.3751766,-0.149635,0.9147961,0.0,0.0,0.0,0.0,0.0,0.0,0.0,-1.140194,0.4399364,3.222084,1.311289,-0.2579378,-3.176382,0.02570648,-0.02594771,0.007093896,0.9993076,2.966124,357.0443,0.7369098,0.3812914,-0.07541505,-0.9213734,0,0,0,0.5627579,-0.576219,-1.235218,-0.6501601,-0.2072001,1.991,0.9985527,0.01284392,0.05222421,-0.01551202,0.9985777,0.05100922,-0.05149478,-0.0517455,0.9973318,static,-19.289221171277482,-5.891552182350914,-18.084424481368902,-5.941290766043414,-0.7485310999999999,-0.31828120000000004,1.941164,-0.32878104438848293,-0.09693939879620153,0.9394177967228532,-17.935192561862824,-6.3756501936045415,1.2021699338635405,1.2058229516485441,0.45928017387069864
2317,05/07/2023 20:00:23.704261,2496,True,True,True,True,Eyes,1.310946,-0.2593381,-3.167608,-0.375234,-0.1495824,0.9147812,0.0,0.0,0.0,0.0,0.0,0.0,0.0,-1.1406,0.4403051,3.221882,1.311265,-0.2579792,-3.17638,0.02581826,-0.02589806,0.006936599,0.9993072,2.978432,357.0496,0.7186936,0.3812951,-0.07541664,-0.9213717,0,0,0,0.5628475,-0.5764795,-1.235208,-0.65016,-0.2072,1.991,0.9985623,0.0125263,0.05211841,-0.01520087,0.9985706,0.05124146,-0.05140204,-0.05196003,0.9973254,static,-19.29565349114817,-5.8826798891840495,-18.084421880927106,-5.941287919137228,-0.7484175,-0.3185003,1.941172,-0.3288913231929927,-0.09678999652220069,0.9393946386480999,-17.941549344810124,-6.366570334843025,1.2092141114241548,1.2126487186212258,0.448639827350467
2318,05/07/2023 20:00:23.713740,2497,True,True,True,True,Eyes,1.310899,-0.259348,-3.167619,-0.3752925,-0.1495368,0.9147646,0.0,0.0,0.0,0.0,0.0,0.0,0.0,-1.14089,0.4408109,3.221683,1.311261,-0.2580068,-3.176352,0.02590772,-0.0258565,0.00689954,0.9993061,2.988544,357.0543,0.7143073,0.3812971,-0.07541835,-0.9213707,0,0,0,0.5629894,-0.5768065,-1.235173,-0.6501601,-0.2072,1.991,0.9985677,0.01244974,0.05203463,-0.01512927,0.9985624,0.05142268,-0.05131963,-0.05213627,0.9973204,static,-19.30297015718724,-5.871625935346106,-18.084424481368902,-5.941287919137228,-0.7482716,-0.3187997,1.941179,-0.32901722848003856,-0.09660426697070695,0.9393696117556798,-17.94878740057877,-6.3552672500670315,1.2173666695083285,1.2205352743945102,0.4356332220140666
2319,05/07/2023 20:00:23.733717,2498,True,True,True,True,Eyes,1.31082,-0.2593536,-3.167633,-0.3753211,-0.1495224,0.9147552,0.0,0.0,0.0,0.0,0.0,0.0,0.0,-1.140578,0.4412935,3.221852,1.311304,-0.2580533,-3.176458,0.02596418,-0.02590718,0.006927588,0.9993032,2.995132,357.0486,0.7172073,0.3812976,-0.07542019,-0.9213703,0,0,0,0.5628521,-0.5771132,-1.23539,-0.6501601,-0.2072,1.991,0.9985616,0.01250021,0.052138,-0.01519084,0.9985557,0.05153321,-0.05141852,-0.05225111,0.9973093,static,-19.299013621904,-5.862984159608613,-18.084424481368902,-5.941287919137228,-0.7484519000000001,-0.3190599,1.9410679999999998,-0.32895682661178244,-0.09646473070934448,0.9394050851941822,-17.944984507110423,-6.346562176965182,1.214180771961992,1.2171106190737553,0.42859156603834886
2320,05/07/2023 20:00:23.754036,2499,True,True,True,True,Eyes,1.310744,-0.2593623,-3.167643,-0.3753496,-0.1495104,0.9147455,0.0,0.0,0.0,0.0,0.0,0.0,0.0,-1.14027,0.4418127,3.221911,1.311286,-0.2580043,-3.17649,0.02604498,-0.02594931,0.006948027,0.9992998,3.004482,357.0439,0.7191885,0.3812959,-0.07542203,-0.9213709,0,0,0,0.5626843,-0.5774091,-1.235537,-0.65016,-0.2072,1.991,0.9985567,0.01253462,0.05222421,-0.01523802,0.9985467,0.05169288,-0.05150036,-0.05241407,0.9972966,static,-19.295815802597033,-5.852085601703371,-18.084421880927106,-5.941287919137228,-0.7486016999999999,-0.3194048,1.9409529999999997,-0.328910069642818,-0.09628770311960363,0.9394396500116853,-17.94194061992987,-6.335559445686235,1.2120279399338547,1.2146737368093607,0.419226605051072
2321,05/07/2023 20:00:23.773813,2500,True,True,True,True,Eyes,1.310644,-0.2593707,-3.167655,-0.3753975,-0.1495307,0.9147226,0.0,0.0,0.0,0.0,0.0,0.0,0.0,-1.139915,0.4415537,3.222008,1.311264,-0.2580308,-3.176431,0.02596864,-0.02599218,0.007031559,0.9993001,2.996013,357.0392,0.728862,0.3812924,-0.07542399,-0.9213722,0,0,0,0.5625367,-0.5772526,-1.235497,-0.6501601,-0.2072,1.991,0.9985499,0.01270331,0.05231317,-0.01540324,0.9985524,0.0515354,-0.05158276,-0.05226646,0.9973001,static,-19.295441504074347,-5.858383667140252,-18.084424481368902,-5.941287919137228,-0.7487273,-0.3192218,1.940934,-0.3289006415008095,-0.09639131014251001,0.9394323986050654,-17.94152676495641,-6.341947903094197,1.2110514694494525,1.213851450665005,0.42538004196283563
2322,05/07/2023 20:00:23.784218,2501,True,True,True,True,Eyes,1.310549,-0.2593758,-3.167665,-0.3754378,-0.149553,0.9147023,0.0,0.0,0.0,0.0,0.0,0.0,0.0,-1.139602,0.4422049,3.222043,1.31124,-0.2580271,-3.176456,0.02602335,-0.02602275,0.007155873,0.999297,3.002673,357.0361,0.7428654,0.3812867,-0.07542606,-0.9213744,0,0,0,0.5624627,-0.5776367,-1.235605,-0.6501601,-0.2072,1.991,0.9985432,0.01294729,0.05238135,-0.01565608,0.9985432,0.05163767,-0.05163647,-0.05238253,0.9972911,static,-19.295922427977263,-5.848217330029957,-18.084424481368902,-5.941287919137228,-0.7487773,-0.3196096,1.9408509999999999,-0.32891383707469724,-0.09622413988215933,0.9394448050779077,-17.942074280989875,-6.331637330029845,1.2125152871807698,1.2150676562204468,0.41549517702635574
2323,05/07/2023 20:00:23.804130,2502,True,True,True,True,Eyes,1.310452,-0.2593833,-3.167676,-0.3754897,-0.149603,0.9146729,0.0,0.0,0.0,0.0,0.0,0.0,0.0,-1.139895,0.4423635,3.221879,1.311245,-0.2579532,-3.176421,0.02600926,-0.02596403,0.007288758,0.9992979,3.001408,357.0432,0.7583217,0.381279,-0.07542812,-0.9213775,0,0,0,0.562768,-0.5776936,-1.235476,-0.65016,-0.2072,1.991,0.9985455,0.01321667,0.05227074,-0.01591789,0.9985408,0.05160351,-0.05151244,-0.05236049,0.9972988,static,-19.307862212327603,-5.847618802070464,-18.084421880927106,-5.941287919137228,-0.748477,-0.31974040000000004,1.940945,-0.329110160079725,-0.09620736523141014,0.9393778429455468,-17.953753208953568,-6.330868477816998,1.2244375688924214,1.227020842524455,0.41091034732234505
2324,05/07/2023 20:00:23.824074,2503,True,True,True,True,Eyes,1.310357,-0.2593888,-3.167684,-0.3755349,-0.1496559,0.9146457,0.0,0.0,0.0,0.0,0.0,0.0,0.0,-1.139898,0.4422843,3.221886,1.31122,-0.2579691,-3.176427,0.02594683,-0.02594608,0.007412974,0.9992991,2.994608,357.0456,0.7728023,0.3812696,-0.07543027,-0.9213812,0,0,0,0.5628767,-0.5776381,-1.235418,-0.6501601,-0.2072,1.991,0.9985437,0.01346912,0.05224048,-0.01616199,0.9985436,0.05147261,-0.05147111,-0.05224197,0.9973071,static,-19.314856920383438,-5.85286237181087,-18.084424481368902,-5.941287919137228,-0.7483433,-0.31966900000000004,1.941009,-0.32922221855523603,-0.09628935206316491,0.9393301855791364,-17.960552572945353,-6.336088039106024,1.2308679511907397,1.2336057167503822,0.41377697425529664
2325,05/07/2023 20:00:23.834119,2504,True,True,True,True,Eyes,1.31025,-0.2593948,-3.167694,-0.3755748,-0.149726,0.9146177,0.0,0.0,0.0,0.0,0.0,0.0,0.0,-1.139929,0.4427165,3.221786,1.311198,-0.2579568,-3.176407,0.02595308,-0.02591955,0.007579087,0.9992984,2.995793,357.0491,0.7919126,0.3812587,-0.07543241,-0.9213855,0,0,0,0.5630475,-0.5778823,-1.235366,-0.65016,-0.2071999,1.991,0.9985414,0.01380215,0.05219613,-0.01649292,0.998538,0.05147684,-0.05140932,-0.05226263,0.9973093,static,-19.32278765965303,-5.84959842013885,-18.084421880927106,-5.941285072231013,-0.7481505,-0.3199255,1.9410410000000002,-0.3293540541117264,-0.09623114138898524,0.9392897939887738,-17.968331833837773,-6.332672128300666,1.239067152336599,1.2417553076557937,0.40824101544562275
2326,05/07/2023 20:00:23.854110,2505,True,True,True,True,Eyes,1.310147,-0.2594008,-3.167702,-0.3756112,-0.1497949,0.9145916,0.0,0.0,0.0,0.0,0.0,0.0,0.0,-1.140223,0.4430273,3.221665,1.311187,-0.2579708,-3.176437,0.02595503,-0.0258592,0.007695088,0.999299,2.996311,357.0564,0.8053903,0.3812461,-0.07543459,-0.9213905,0,0,0,0.5633342,-0.5780662,-1.235309,-0.6501601,-0.2071999,1.991,0.9985442,0.01403703,0.0520816,-0.01672174,0.9985343,0.05147569,-0.05128269,-0.05227164,0.9973153,static,-19.333710531401703,-5.849016701203824,-18.084424481368902,-5.941285072231013,-0.7478528000000001,-0.3200954,1.941128,-0.3295336631576296,-0.09621523119469201,0.9392285528848004,-17.979016326099494,-6.331934128848179,1.2499731366118734,1.2526887431036364,0.40462027214807395
2327,05/07/2023 20:00:23.874012,2506,True,True,True,True,Eyes,1.31002,-0.2594075,-3.167713,-0.3756587,-0.1498713,0.9145595,0.0,0.0,0.0,0.0,0.0,0.0,0.0,-1.140171,0.443258,3.221619,1.311171,-0.257999,-3.176407,0.02594532,-0.02585286,0.00780397,0.9992986,2.995512,357.0574,0.8179237,0.3812321,-0.07543679,-0.9213961,0,0,0,0.5634014,-0.5782083,-1.235267,-0.6501601,-0.2071999,1.991,0.9985414,0.01425547,0.0520744,-0.01693852,0.9985319,0.05145073,-0.0512645,-0.05225775,0.9973169,static,-19.33914447691369,-5.850318718321793,-18.084424481368902,-5.941285072231013,-0.7477696,-0.32020930000000003,1.9411400000000003,-0.3296221334461602,-0.09623341937783564,0.9391955720864966,-17.984319584215,-6.333179954548182,1.2552449092115705,1.2580131735254023,0.40447816902841754
2328,05/07/2023 20:00:23.883804,2507,True,True,True,True,Eyes,1.309898,-0.2594122,-3.167725,-0.3757064,-0.1499427,0.9145282,0.0,0.0,0.0,0.0,0.0,0.0,0.0,-1.139894,0.4436795,3.221704,1.311166,-0.2579912,-3.176456,0.02599712,-0.02589004,0.00784306,0.9992961,3.001595,357.0533,0.822144,0.3812162,-0.07543905,-0.9214025,0,0,0,0.5632752,-0.578458,-1.235405,-0.6501601,-0.2072,1.991,0.9985363,0.01432894,0.05215142,-0.01702121,0.9985253,0.05155152,-0.05133584,-0.05236375,0.9973078,static,-19.3383694899678,-5.847114699064452,-18.084424481368902,-5.941287919137228,-0.7478908000000001,-0.32046680000000005,1.9410509999999999,-0.32961109766687513,-0.09618129108386975,0.9392047830051592,-17.983586180559854,-6.3299430663702605,1.254789364664509,1.2574763138798934,0.4015235813508175
2329,05/07/2023 20:00:23.909602,2508,True,True,True,True,Eyes,1.309775,-0.2594173,-3.167735,-0.3757499,-0.1499988,0.9145012,0.0,0.0,0.0,0.0,0.0,0.0,0.0,-1.139653,0.4435456,3.22181,1.311184,-0.2579411,-3.176455,0.0259885,-0.02593165,0.007830919,0.9992952,3.000605,357.0485,0.8206517,0.3811987,-0.07544129,-0.9214095,0,0,0,0.563124,-0.5783569,-1.23546,-0.6501601,-0.2072,1.991,0.9985325,0.01430295,0.05223377,-0.01699865,0.9985265,0.05153423,-0.05141971,-0.0523465,0.9973043,static,-19.336388454748487,-5.851988201946923,-18.084424481368902,-5.941287919137228,-0.74806,-0.3204158,1.9409949999999998,-0.3295760484878241,-0.09626243287239539,0.9392088396270175,-17.98161213384988,-6.334909495245717,1.2523459223996574,1.25514470485704,0.4068271426300164
2330,05/07/2023 20:00:23.924320,2509,True,True,True,True,Eyes,1.309658,-0.2594225,-3.167746,-0.3757967,-0.1500535,0.9144729,0.0,0.0,0.0,0.0,0.0,0.0,0.0,-1.139326,0.4428311,3.222029,1.311199,-0.2579459,-3.176454,0.02588981,-0.02598898,0.007794095,0.9992965,2.989234,357.0417,0.816545,0.3811799,-0.07544354,-0.9214172,0,0,0,0.5628908,-0.577923,-1.235482,-0.6501601,-0.2071999,1.991,0.9985276,0.01423152,0.05234496,-0.01692292,0.998538,0.05133807,-0.05153781,-0.05214831,0.9973086,static,-19.332929505877175,-5.868002378111458,-18.084424481368902,-5.941285072231013,-0.7483082,-0.31997709999999996,1.9409720000000001,-0.32951082812986254,-0.09652725599508878,0.939204450810781,-17.9781083364676,-6.35118757602215,1.247461794926818,1.2506538887637229,0.42346568371111054
2331,05/07/2023 20:00:23.933941,2510,True,True,True,True,Eyes,1.309561,-0.2594261,-3.167756,-0.3758534,-0.1500944,0.9144429,0.0,0.0,0.0,0.0,0.0,0.0,0.0,-1.138949,0.4430788,3.222146,1.311227,-0.2580244,-3.176453,0.0259062,-0.02604845,0.007819992,0.9992944,2.991238,357.035,0.8192886,0.3811599,-0.07544579,-0.9214252,0,0,0,0.5627018,-0.5781016,-1.235582,-0.6501601,-0.2072,1.991,0.9985207,0.01427932,0.0524653,-0.01697858,0.9985355,0.05136844,-0.05165496,-0.05218324,0.9973007,static,-19.330063613495323,-5.867434519097465,-18.084424481368902,-5.941287919137228,-0.7485251999999999,-0.3200772,1.940871,-0.32946409916329056,-0.09651961603431652,0.939221643514692,-17.97531046599237,-6.35065096223289,1.2446606262928934,1.2478265793699441,0.4236554843314687
2332,05/07/2023 20:00:23.953989,2511,True,True,True,True,Eyes,1.309467,-0.2594295,-3.167767,-0.3759089,-0.1501356,0.9144133,0.0,0.0,0.0,0.0,0.0,0.0,0.0,-1.138675,0.4425979,3.222346,1.311258,-0.2579437,-3.176485,0.0258936,-0.02611028,0.007688007,0.9992942,2.989452,357.0275,0.8040052,0.3811393,-0.07544798,-0.9214336,0,0,0,0.5624202,-0.5777869,-1.235695,-0.65016,-0.2072,1.991,0.9985182,0.01401298,0.05258184,-0.01671734,0.9985408,0.05134916,-0.05178556,-0.05215211,0.9972956,static,-19.32489240320158,-5.8768991852201955,-18.084421880927106,-5.941287919137228,-0.7488378,-0.3198432,1.94079,-0.3293742358010591,-0.0966779723316922,0.9392368525349506,-17.970182256653537,-6.360314083792957,1.238744982743257,1.2421405015888283,0.434319719124353
2333,05/07/2023 20:00:23.974056,2512,True,True,True,True,Eyes,1.309433,-0.2594337,-3.167773,-0.3759273,-0.1501546,0.9144027,0.0,0.0,0.0,0.0,0.0,0.0,0.0,-1.138873,0.4426965,3.222254,1.311258,-0.2579595,-3.176474,0.02593844,-0.02608874,0.00760514,0.9992942,2.994328,357.0298,0.7944355,0.3811184,-0.07545011,-0.9214421,0,0,0,0.5624619,-0.577863,-1.235679,-0.6501601,-0.2072001,1.991,0.9985231,0.01384614,0.05253519,-0.01655295,0.9985387,0.05144344,-0.05174613,-0.05223708,0.9972932,static,-19.327235018913154,-5.876646393835725,-18.084424481368902,-5.941290766043414,-0.7487961000000001,-0.3199035,1.9407949999999998,-0.32941284035120744,-0.09667245780297502,0.9392239632099586,-17.97247472065583,-6.360026040942165,1.2410926357516756,1.2444906295706517,0.4334420138475813
2334,05/07/2023 20:00:23.984186,2513,True,True,True,True,Eyes,1.3094,-0.2594374,-3.167781,-0.3759405,-0.1501744,0.914394,0.0,0.0,0.0,0.0,0.0,0.0,0.0,-1.139269,0.4432665,3.222012,1.311269,-0.2579963,-3.176444,0.02603979,-0.02603399,0.007559463,0.9992933,3.005762,357.036,0.789065,0.3810987,-0.07545216,-0.9214501,0,0,0,0.5626653,-0.5782338,-1.235629,-0.6501601,-0.2072,1.991,0.9985301,0.0137524,0.05242487,-0.01646408,0.9985296,0.05164917,-0.05163748,-0.05243638,0.9972883,static,-19.333274162818736,-5.868570224051482,-18.084424481368902,-5.941287919137228,-0.7486037,-0.3202375,1.940815,-0.32951620151840416,-0.0965363778945431,0.939201681148141,-17.97844101547093,-6.351758430771115,1.2477567758297328,1.2509649835370826,0.42393223039152333
2335,05/07/2023 20:00:24.003878,2514,True,True,True,True,Eyes,1.309406,-0.259441,-3.167785,-0.375937,-0.150173,0.9143957,0.0,0.0,0.0,0.0,0.0,0.0,0.0,-1.139729,0.4434981,3.221844,1.311296,-0.2579937,-3.176459,0.02609206,-0.02597105,0.007518711,0.9992939,3.011582,357.0431,0.7844286,0.38108,-0.07545413,-0.9214576,0,0,0,0.5629179,-0.5783796,-1.235582,-0.6501601,-0.2072001,1.991,0.9985379,0.01367153,0.05229777,-0.01638208,0.9985253,0.05175673,-0.05151306,-0.05253781,0.9972894,static,-19.339444831220668,-5.86454964903286,-18.084424481368902,-5.941290766043414,-0.7483781,-0.3203859,1.940877,-0.32961959406468305,-0.09646678712504857,0.9391725806617732,-17.984505081339975,-6.3475995610497025,1.254236487586516,1.2573644171766891,0.4184145353612885
2336,05/07/2023 20:00:24.014191,2515,True,True,True,True,Eyes,1.309411,-0.2594436,-3.167791,-0.3759307,-0.1501757,0.9143978,0.0,0.0,0.0,0.0,0.0,0.0,0.0,-1.140095,0.4433866,3.221715,1.311283,-0.2579985,-3.176449,0.02608521,-0.02591604,0.007489664,0.9992958,3.010667,357.0493,0.7812835,0.3810633,-0.07545599,-0.9214644,0,0,0,0.5631044,-0.5783174,-1.235484,-0.65016,-0.2072,1.991,0.9985445,0.01361673,0.05218631,-0.01632083,0.9985269,0.05174548,-0.05140484,-0.05252188,0.9972959,static,-19.344995729490087,-5.8669574372124265,-18.084421880927106,-5.941287919137228,-0.7481786,-0.32031889999999996,1.9409649999999998,-0.32970940245676245,-0.09650304449552868,0.9391372855192787,-17.989914286651075,-6.349964546413328,1.2595511536274595,1.2627634173605355,0.4194618827231045
2337,05/07/2023 20:00:24.033746,2516,True,True,True,True,Eyes,1.309428,-0.2594468,-3.167795,-0.3759309,-0.1502138,0.9143915,0.0,0.0,0.0,0.0,0.0,0.0,0.0,-1.140174,0.4437239,3.221658,1.311264,-0.2579758,-3.176476,0.02610716,-0.02589059,0.007579287,0.9992951,3.013427,357.0526,0.7915739,0.3810483,-0.07545773,-0.9214704,0,0,0,0.5632337,-0.5785059,-1.235488,-0.65016,-0.2071999,1.991,0.9985445,0.01379603,0.05214043,-0.01649975,0.9985219,0.05178504,-0.05134892,-0.05256997,0.9972962,static,-19.349131149549766,-5.863092482501685,-18.084421880927106,-5.941285072231013,-0.7480303,-0.32053010000000004,1.9409880000000002,-0.3297793120458279,-0.096437203311991,0.9391195417631569,-17.993987162175088,-6.345991056314756,1.2639957417628174,1.2671241514660836,0.4146870770942201
2338,05/07/2023 20:00:24.054123,2517,True,True,True,True,Eyes,1.309445,-0.2594517,-3.167799,-0.3759348,-0.150255,0.9143831,0.0,0.0,0.0,0.0,0.0,0.0,0.0,-1.139924,0.4441119,3.221657,1.31123,-0.2579994,-3.176452,0.0261288,-0.02591364,0.007672365,0.9992933,3.016199,357.0502,0.8021151,0.3810352,-0.07545936,-0.9214757,0,0,0,0.5631611,-0.5787441,-1.235515,-0.65016,-0.2072,1.991,0.9985392,0.0139797,0.05219159,-0.01668807,0.9985169,0.05182302,-0.05138971,-0.05261829,0.9972915,static,-19.34801370156828,-5.859105349347146,-18.084421880927106,-5.941287919137228,-0.7480688999999999,-0.3207447,1.940937,-0.32976306643475817,-0.09637242764928179,0.9391318691462767,-17.992924863034286,-6.341965099814233,1.2632395323264627,1.266261530635982,0.41099137144051207
2339,05/07/2023 20:00:24.073745,2518,True,True,True,True,Eyes,1.309494,-0.2594542,-3.167804,-0.3758821,-0.1502903,0.914399,0.0,0.0,0.0,0.0,0.0,0.0,0.0,-1.139394,0.4445567,3.221813,1.311239,-0.2580426,-3.176475,0.02614091,-0.0259819,0.007803949,0.9992901,3.018032,357.0428,0.816963,0.3810238,-0.07546094,-0.9214803,0,0,0,0.562975,-0.579018,-1.235651,-0.65016,-0.2072,1.991,0.9985281,0.01423844,0.05233491,-0.0169552,0.9985116,0.05183919,-0.05151891,-0.05265023,0.9972832,static,-19.338744987568077,-5.8538580718920565,-18.084421880927106,-5.941287919137228,-0.748264,-0.3209754,1.9408239999999999,-0.329613736116597,-0.09629174164876914,0.939192602200957,-17.983902069554027,-6.336772675871502,1.2545122553257595,1.257366467678684,0.4080593403999562
2340,05/07/2023 20:00:24.093818,2519,True,True,True,True,Eyes,1.309538,-0.2594581,-3.167808,-0.3758353,-0.1503327,0.9144112,0.0,0.0,0.0,0.0,0.0,0.0,0.0,-1.138544,0.4443942,3.222177,1.311218,-0.257999,-3.176529,0.02609332,-0.02610167,0.00787785,0.9992877,3.012896,357.0292,0.8252152,0.3810147,-0.07546239,-0.9214839,0,0,0,0.5625244,-0.5788904,-1.235857,-0.6501601,-0.2072001,1.991,0.9985133,0.01438232,0.05257727,-0.01710664,0.9985142,0.05173822,-0.05175503,-0.05256071,0.9972757,static,-19.323507928893537,-5.8580876668727395,-18.084424481368902,-5.941290766043414,-0.7486936,-0.32089140000000005,1.940672,-0.3293614302731853,-0.09637005293648276,0.9392730152869513,-17.96897155885157,-6.341266575226062,1.2389726752383576,1.2418738042334012,0.4163052068484218
2341,05/07/2023 20:00:24.103872,2520,True,True,True,True,Eyes,1.309631,-0.2594609,-3.167809,-0.3758367,-0.1503396,0.9144095,0.0,0.0,0.0,0.0,0.0,0.0,0.0,-1.13791,0.4451791,3.222249,1.311144,-0.2580371,-3.176512,0.02615513,-0.02617209,0.008022468,0.9992831,3.020467,357.0216,0.8414052,0.3810076,-0.07546376,-0.9214868,0,0,0,0.5622575,-0.5793722,-1.235988,-0.6501601,-0.2072,1.991,0.9985014,0.01466436,0.0527263,-0.0174025,0.9985031,0.05185281,-0.05188699,-0.05269267,0.9972619,static,-19.317192639354555,-5.84502487915768,-18.084424481368902,-5.941287919137228,-0.7488865000000001,-0.3213351,1.9405239999999997,-0.3292646432547541,-0.09615934547004286,0.9393285522469722,-17.96289595089365,-6.328112654691437,1.2339646293961195,1.2365208870898396,0.40546585522835144
2342,05/07/2023 20:00:24.124056,2521,True,True,True,True,Eyes,1.30972,-0.259462,-3.167809,-0.375839,-0.1503562,0.9144059,0.0,0.0,0.0,0.0,0.0,0.0,0.0,-1.137619,0.4459977,3.222179,1.311144,-0.258031,-3.176452,0.02620616,-0.02619425,0.00822772,0.9992796,3.026945,357.0197,0.8647255,0.3810034,-0.07546499,-0.9214883,0,0,0,0.5622841,-0.5798526,-1.235999,-0.6501601,-0.2072,1.991,0.9984924,0.01507068,0.05278199,-0.01781649,0.9984911,0.05194351,-0.05191953,-0.05280559,0.9972542,static,-19.317337549440577,-5.831406448473836,-18.084424481368902,-5.941287919137228,-0.7488599000000001,-0.32182160000000004,1.9404529999999998,-0.32927417897289957,-0.09593574658499092,0.9393481454408443,-17.963141164395847,-6.314307794980074,1.2355610463189268,1.2377998913463593,0.39224159742408676
2343,05/07/2023 20:00:24.134016,2522,True,True,True,True,Eyes,1.309813,-0.2594629,-3.167807,-0.3757942,-0.1503467,0.9144258,0.0,0.0,0.0,0.0,0.0,0.0,0.0,-1.137083,0.4469427,3.222203,1.311104,-0.2579884,-3.176437,0.02629323,-0.02625093,0.008404683,0.9992743,3.0375,357.0138,0.884591,0.3810019,-0.07546607,-0.9214889,0,0,0,0.5621232,-0.5803981,-1.236128,-0.65016,-0.2072,1.991,0.9984805,0.01541672,0.05290573,-0.01817761,0.9984761,0.05210702,-0.05202179,-0.05298954,0.9972391,static,-19.309961181479693,-5.813038356159389,-18.084421880927106,-5.941287919137228,-0.7489808,-0.3224097,1.940309,-0.32916267784836367,-0.09563853207155047,0.9394174563819127,-17.956068394308264,-6.295791126151238,1.2304211210153306,1.2322315235388723,0.3770240593257036
2344,05/07/2023 20:00:24.154060,2523,True,True,True,True,Eyes,1.309904,-0.2594645,-3.167807,-0.3757528,-0.1503388,0.9144441,0.0,0.0,0.0,0.0,0.0,0.0,0.0,-1.137241,0.4473114,3.222049,1.311131,-0.2579583,-3.176382,0.02632894,-0.02622295,0.008475685,0.9992735,3.041779,357.0173,0.8927134,0.3810029,-0.07546698,-0.9214884,0,0,0,0.5622991,-0.5806073,-1.236054,-0.65016,-0.2072,1.991,0.998481,0.01555821,0.0528541,-0.0183199,0.9984699,0.0521751,-0.05196148,-0.05306414,0.9972383,static,-19.31132101768179,-5.805487694507009,-18.084421880927106,-5.941287919137228,-0.7488319,-0.3226490000000001,1.9403279999999998,-0.32918893043631453,-0.09551380429207451,0.9394209358886677,-17.95745540169304,-6.288119716450367,1.2327329541827565,1.234391831137508,0.3693410110948378
2345,05/07/2023 20:00:24.173949,2524,True,True,True,True,Eyes,1.310007,-0.2594657,-3.167808,-0.3757283,-0.150277,0.9144644,0.0,0.0,0.0,0.0,0.0,0.0,0.0,-1.137082,0.4474996,3.222196,1.31117,-0.2580057,-3.17648,0.0263591,-0.0262551,0.008451954,0.999272,3.045193,357.0135,0.8898052,0.3810061,-0.07546777,-0.921487,0,0,0,0.5622013,-0.5807397,-1.23622,-0.65016,-0.2072001,1.991,0.9984785,0.01550748,0.05291755,-0.01827572,0.9984675,0.05223601,-0.05202641,-0.05312364,0.9972318,static,-19.30544464418887,-5.799080268340072,-18.084421880927106,-5.941290766043414,-0.7489686999999999,-0.32273399999999997,1.94026,-0.32909582924018266,-0.0954120339018776,0.9394639694957296,-17.95175836050751,-6.281705340413037,1.227765880454964,1.2292763782243712,0.36535146378983036
2346,05/07/2023 20:00:24.183916,2525,True,True,True,True,Eyes,1.310102,-0.2594656,-3.16781,-0.3757009,-0.1502046,0.9144875,0.0,0.0,0.0,0.0,0.0,0.0,0.0,-1.137244,0.4468987,3.222243,1.311197,-0.2579526,-3.176494,0.02631398,-0.02624657,0.008345215,0.9992744,3.039696,357.0142,0.8777235,0.3810114,-0.07546843,-0.9214848,0,0,0,0.5622014,-0.5803607,-1.23619,-0.6501601,-0.2072001,1.991,0.9984829,0.01529701,0.05289424,-0.01805962,0.9984758,0.05215169,-0.05201586,-0.05302783,0.9972374,static,-19.303276203468563,-5.804276654013912,-18.084424481368902,-5.941290766043414,-0.7489956,-0.3224081,1.940304,-0.3290575143071015,-0.09549858250973331,0.9394685459316257,-17.949598619593015,-6.2870015716375764,1.2249218113951807,1.2265285921496254,0.37107138680875873
2347,05/07/2023 20:00:24.209523,2526,True,True,True,True,Eyes,1.310208,-0.2594682,-3.167814,-0.3756903,-0.1500978,0.9145094,0.0,0.0,0.0,0.0,0.0,0.0,0.0,-1.137667,0.4455755,3.222292,1.311106,-0.2579778,-3.176545,0.02617379,-0.02618806,0.008159563,0.9992811,3.023027,357.0202,0.8570236,0.3810186,-0.07546894,-0.9214818,0,0,0,0.5622318,-0.5795774,-1.236061,-0.65016,-0.2072,1.991,0.9984952,0.01493651,0.05276559,-0.01767828,0.9984967,0.05188258,-0.05191132,-0.05273731,0.9972582,static,-19.307167802758247,-5.821771559643081,-18.084421880927106,-5.941287919137228,-0.7488742000000002,-0.32159960000000004,1.9404839999999999,-0.32911227509494534,-0.0957835040623955,0.9394203662358234,-17.953270720791544,-6.3046805716006435,1.2265856030467126,1.2285730542142868,0.38633514811533903
2348,05/07/2023 20:00:24.224196,2527,True,True,True,True,Eyes,1.310313,-0.2594652,-3.167817,-0.3756877,-0.1499827,0.9145294,0.0,0.0,0.0,0.0,0.0,0.0,0.0,-1.137687,0.4453261,3.222352,1.311109,-0.2580653,-3.17657,0.02608026,-0.02617366,0.008265679,0.999283,3.012614,357.0221,0.8695109,0.3810277,-0.07546938,-0.921478,0,0,0,0.5623435,-0.5794464,-1.236006,-0.65016,-0.2072,1.991,0.9984932,0.01515427,0.05274092,-0.01788474,0.998503,0.05169043,-0.05187864,-0.0525558,0.9972695,static,-19.31012919838534,-5.820851137065282,-18.084421880927106,-5.941287919137228,-0.7487655000000001,-0.32138110000000003,1.940564,-0.32916137948146806,-0.09576668169600053,0.9394049236776085,-17.95617328521461,-6.303707447643672,1.2296320835499617,1.2316101032983227,0.38444195523519575
2349,05/07/2023 20:00:24.233860,2528,True,True,True,True,Eyes,1.310425,-0.2594588,-3.167817,-0.3756576,-0.1497885,0.9145736,0.0,0.0,0.0,0.0,0.0,0.0,0.0,-1.136707,0.4443312,3.222909,1.31118,-0.2579557,-3.176624,0.02587369,-0.02631766,0.008440921,0.9992832,2.989592,357.006,0.8897821,0.3810384,-0.0754696,-0.9214736,0,0,0,0.5619391,-0.5787711,-1.236151,-0.6501601,-0.2072,1.991,0.9984723,0.01550787,0.05303438,-0.01823161,0.9985186,0.05126598,-0.0521608,-0.05215456,0.9972758,static,-19.294481152251468,-5.824231245627376,-18.084424481368902,-5.941287919137228,-0.7492409,-0.3208154,1.940473,-0.3289027557597035,-0.09583124603808682,0.9394889283666044,-17.940847380408947,-6.30734593816447,1.2137096780594108,1.2157053144412049,0.39320841447534466
2350,05/07/2023 20:00:24.253946,2529,True,True,True,True,Eyes,1.310532,-0.2594528,-3.167808,-0.3756209,-0.1496018,0.9146191,0.0,0.0,0.0,0.0,0.0,0.0,0.0,-1.137081,0.4413333,3.223124,1.311278,-0.257844,-3.176527,0.02550142,-0.02630093,0.008233979,0.9992949,2.946301,357.007,0.8672007,0.3810509,-0.07546951,-0.9214684,0,0,0,0.5619729,-0.576911,-1.23579,-0.65016,-0.2072001,1.991,0.9984809,0.01511492,0.05298473,-0.01779777,0.9985638,0.05053375,-0.05214481,-0.05139999,0.9973159,static,-19.292576034137472,-5.863843541419739,-18.084421880927106,-5.941290766043414,-0.7493051,-0.31906699999999993,1.9407370000000002,-0.3288506879471465,-0.0964825923696464,0.9394403608378668,-17.93868348591394,-6.3475206618844995,1.2077073957706825,1.210633937456474,0.4315812878891675
2351,05/07/2023 20:00:24.273665,2530,True,True,True,True,Eyes,1.310626,-0.2594533,-3.167794,-0.3755693,-0.1494694,0.914662,0.0,0.0,0.0,0.0,0.0,0.0,0.0,-1.138229,0.4412993,3.222502,1.311269,-0.2578488,-3.176305,0.02561099,-0.02615633,0.00793713,0.9992983,2.957847,357.0228,0.8332656,0.3810648,-0.07546919,-0.9214627,0,0,0,0.5623734,-0.5769314,-1.235413,-0.6501601,-0.2072,1.991,0.9985057,0.01452334,0.0526825,-0.0172029,0.9985622,0.05077081,-0.05186939,-0.05160123,0.9973198,static,-19.300957571229365,-5.856396828275822,-18.084424481368902,-5.941287919137228,-0.7488956,-0.3190826,1.940892,-0.32899220068045465,-0.09635546992294967,0.9394039228096768,-17.946935320479664,-6.339859209869212,1.2167196262320787,1.21949139235711,0.42161871775075066
2653,05/07/2023 20:00:29.303835,2832,True,True,True,True,Eyes,1.307549,-0.2569354,-3.166724,0.05079747,0.1213989,0.9913031,0.0,0.0,0.0,0.0,0.0,0.0,0.0,-1.164059,0.4311654,3.214487,1.311181,-0.2575245,-3.176216,0.02486606,-0.02237107,0.005910201,0.999423,2.86414,357.4508,0.613902,0.3804765,-0.07482615,-0.9217582,0,0,0,1.52246,0.04267178,-1.078136,0.3086997,0.4008,2.069,0.9989292,0.01070102,0.04501024,-0.01292614,0.9986935,0.04943898,-0.04442239,-0.04996785,0.9977624,static,5.628720399580564,9.810529105263099,8.486065102098083,10.963361697755134,0.211279,0.30019628,2.0980800000000004,0.09666096742610825,0.16959269787536727,0.9807624004583498,6.309490664607066,9.20057203256228,3.0122541644744416,3.0811429267914265,2.800875521270104
2654,05/07/2023 20:00:29.324398,2833,True,True,True,True,Eyes,1.307614,-0.2569124,-3.16673,0.05230826,0.1224258,0.9910983,0.0,0.0,0.0,0.0,0.0,0.0,0.0,-1.161666,0.4295971,3.215663,1.311275,-0.257365,-3.176292,0.02452542,-0.02272452,0.006214074,0.9994217,2.826108,357.4109,0.6486061,0.3804868,-0.07482199,-0.9217543,0,0,0,1.520858,0.04440025,-1.078267,0.3086997,0.4008,2.069,0.9988899,0.0113063,0.04572757,-0.01353562,0.9987198,0.04874004,-0.04511796,-0.04930489,0.9977642,static,5.7630222610943855,9.828814087101831,8.486065102098083,10.963361697755134,0.20958300000000007,0.30176525,2.098025,0.09895487691078737,0.16986721228222174,0.9804861719370627,6.440668167151234,9.217280019891945,2.8833306784681425,2.949942473130723,2.6893214473653937
2655,05/07/2023 20:00:29.334157,2834,True,True,True,True,Eyes,1.307673,-0.2568927,-3.166726,0.05397357,0.1236394,0.9908583,0.0,0.0,0.0,0.0,0.0,0.0,0.0,-1.161351,0.4247708,3.21637,1.311461,-0.2571971,-3.17618,0.02390656,-0.02283652,0.005926551,0.9994358,2.754515,357.3969,0.6169138,0.3804978,-0.07481752,-0.9217502,0,0,0,1.520774,0.04700699,-1.07848,0.3086997,0.4008,2.069,0.9988868,0.01075453,0.04593063,-0.0129383,0.9987867,0.04751546,-0.0453639,-0.04805683,0.9978139,static,5.868166199543817,9.830904122656179,8.486065102098083,10.963361697755134,0.20931300000000008,0.30420409000000004,2.0976999999999997,0.1007539175061875,0.16987214747591264,0.9803020553833767,6.543459001052262,9.217969849769114,2.787370141042799,2.8523419892070865,2.6115342553442606
2656,05/07/2023 20:00:29.354245,2835,True,True,True,True,Eyes,1.307728,-0.2568796,-3.166722,0.05557745,0.1247723,0.9906276,0.0,0.0,0.0,0.0,0.0,0.0,0.0,-1.163099,0.4244913,3.215542,1.311455,-0.2572807,-3.17594,0.02405817,-0.02262313,0.005394761,0.99944,2.770384,357.42,0.5561377,0.3805091,-0.07481289,-0.9217458,0,0,0,1.522038,0.04602286,-1.078236,0.3086998,0.4008,2.069,0.9989181,0.009694938,0.04548051,-0.01187202,0.9987842,0.04784529,-0.04496135,-0.04833347,0.9978188,static,5.929765614197637,9.918792518737217,8.486067811043153,10.963361697755134,0.21058299999999996,0.30330355999999997,2.0977040000000002,0.10178122090033022,0.17135766129091193,0.9799373228255469,6.603021028782728,9.306211778208766,2.698623901091086,2.761486138178386,2.5083881358421936
2657,05/07/2023 20:00:29.363821,2836,True,True,True,True,Eyes,1.307762,-0.2568733,-3.166717,0.05724486,0.1259963,0.9903777,0.0,0.0,0.0,0.0,0.0,0.0,0.0,-1.163454,0.4269712,3.215067,1.311414,-0.2574168,-3.175928,0.02445402,-0.02256819,0.005322531,0.999432,2.81553,357.4263,0.5469982,0.3805207,-0.0748083,-0.9217414,0,0,0,1.52228,0.04419432,-1.078009,0.3086997,0.4008,2.069,0.9989247,0.009535249,0.04537107,-0.01174278,0.9987473,0.04864001,-0.04485044,-0.0491205,0.9977854,static,6.021822413866662,10.036231806263048,8.486065102098083,10.963361697755134,0.210866,0.30161112,2.097919,0.10331919484785475,0.17333824878643353,0.9794279073780996,6.692138772493257,9.423991059306525,2.57309355802583,2.6328809054342255,2.363859902483039
2658,05/07/2023 20:00:29.383795,2837,True,True,True,True,Eyes,1.307797,-0.2568584,-3.166715,0.05885147,0.1271213,0.9901398,0.0,0.0,0.0,0.0,0.0,0.0,0.0,-1.16367,0.4319894,3.214269,1.311387,-0.2575774,-3.175875,0.02514111,-0.02250754,0.005516925,0.9994153,2.894736,357.4341,0.5677137,0.3805321,-0.07480397,-0.9217371,0,0,0,1.522374,0.04125946,-1.077572,0.3086997,0.4008,2.069,0.9989259,0.009895668,0.04526616,-0.01215913,0.998675,0.05000448,-0.04471135,-0.05050117,0.9977226,static,6.11498191531979,10.178945917056257,8.486065102098083,10.963361697755134,0.2109869999999998,0.29883686,2.098303,0.10486603836088583,0.1757486976700607,0.9788338231000508,6.782142572177861,9.567372526929802,2.441291284742096,2.4974674363506995,2.2027568529075854
2659,05/07/2023 20:00:29.404114,2838,True,True,True,True,Eyes,1.307802,-0.2568372,-3.166715,0.06052249,0.1283324,0.9898828,0.0,0.0,0.0,0.0,0.0,0.0,0.0,-1.164187,0.4355019,3.213711,1.311461,-0.2573425,-3.175968,0.02576088,-0.02244593,0.005432486,0.9994015,2.965509,357.4412,0.5566385,0.3805432,-0.07479962,-0.9217328,0,0,0,1.52277,0.03885757,-1.077323,0.3086999,0.4008,2.069,0.9989334,0.009702012,0.04514489,-0.01201492,0.9986138,0.05124705,-0.04458511,-0.0517348,0.997665,static,6.207000652907569,10.321580886606004,8.486070519988186,10.963361697755134,0.21130899999999997,0.29620007,2.0986450000000003,0.10639114510932547,0.17815588120660525,0.9782338885232021,6.871031567348191,9.71068928008698,2.3153151055735277,2.367708189071047,2.0439028852983867
2660,05/07/2023 20:00:29.419387,2839,True,True,True,True,Eyes,1.3078,-0.256818,-3.16672,0.0621342,0.1295135,0.989629,0.0,0.0,0.0,0.0,0.0,0.0,0.0,-1.165173,0.4353283,3.213395,1.311448,-0.2571808,-3.176005,0.02591165,-0.02233348,0.005039544,0.999402,2.981725,357.453,0.5115294,0.3805534,-0.07479508,-0.921729,0,0,0,1.523503,0.03818886,-1.077319,0.3086998,0.4008,2.069,0.9989517,0.008915666,0.04490141,-0.01123045,0.9986064,0.05156722,-0.04437908,-0.05201742,0.9976596,static,6.283057465197056,10.411583315105727,8.486067811043153,10.963361697755134,0.2120550000000001,0.29536966,2.098686,0.10765950448669157,0.1796676192967049,0.9778184600440024,6.944713552633624,9.800877453043267,2.221450384519902,2.2710600977217963,1.9305808890384544
2661,05/07/2023 20:00:29.434044,2840,True,True,True,True,Eyes,1.30776,-0.2568038,-3.166728,0.06370789,0.1308181,0.9893574,0.0,0.0,0.0,0.0,0.0,0.0,0.0,-1.165527,0.4330118,3.213611,1.311296,-0.2572179,-3.176097,0.02564015,-0.02228256,0.004787309,0.9994115,2.949943,357.458,0.4834392,0.3805624,-0.07479043,-0.9217256,0,0,0,1.523739,0.03915998,-1.077591,0.3086998,0.4008,2.069,0.9989612,0.008426326,0.04478438,-0.01071164,0.9986393,0.05103676,-0.04429339,-0.05146345,0.9976922,static,6.365576475640606,10.459119514755061,8.486067811043153,10.963361697755134,0.21244299999999994,0.29637788,2.098506,0.10905177932727253,0.1804512845264967,0.9775199122314161,7.025036909367201,9.84793639922706,2.132210834158756,2.179620077590119,1.8381471356364514
2662,05/07/2023 20:00:29.454213,2841,True,True,True,True,Eyes,1.307717,-0.2567888,-3.166741,0.06518512,0.1321006,0.9890906,0.0,0.0,0.0,0.0,0.0,0.0,0.0,-1.163588,0.4314382,3.21454,1.311112,-0.2573407,-3.176178,0.02521129,-0.02250983,0.005203636,0.9994152,2.901975,357.433,0.5316024,0.3805695,-0.07478586,-0.921723,0,0,0,1.52231,0.04104054,-1.07783,0.3086997,0.4008,2.069,0.9989325,0.009266182,0.0452557,-0.01153619,0.9986746,0.05015883,-0.04473094,-0.05062735,0.9977154,static,6.486144230353315,10.481111062180497,8.486065102098083,10.963361697755134,0.211198,0.29838124,2.098348,0.1111015954619312,0.18078514774232962,0.9772272249787824,7.142757420331435,9.86858775261308,2.0122200571041096,2.0572430990897725,1.732918208934047
2663,05/07/2023 20:00:29.464066,2842,True,True,True,True,Eyes,1.30767,-0.2567749,-3.166752,0.06662371,0.1334419,0.9888147,0.0,0.0,0.0,0.0,0.0,0.0,0.0,-1.160913,0.4299707,3.215779,1.311007,-0.2573116,-3.1763,0.02485763,-0.02287314,0.005528484,0.9994141,2.862487,357.3921,0.5687118,0.3805747,-0.07478131,-0.9217212,0,0,0,1.520455,0.04270498,-1.07801,0.3086997,0.4008,2.069,0.9988925,0.009913346,0.04599432,-0.01218763,0.9987031,0.04943322,-0.04544462,-0.04993904,0.9977179,static,6.618829139350037,10.516196930691011,8.486065102098083,10.963361697755134,0.20944799999999986,0.30001658,2.09829,0.1133526386863696,0.18133713929607434,0.9768664143886912,7.272226196186918,9.902346161260759,1.8778620027158779,1.9200329344787639,1.6121907015567547
2664,05/07/2023 20:00:29.489750,2843,True,True,True,True,Eyes,1.307625,-0.2567635,-3.166762,0.06798779,0.1347384,0.988546,0.0,0.0,0.0,0.0,0.0,0.0,0.0,-1.159121,0.4290314,3.216516,1.311035,-0.2573426,-3.176251,0.02456104,-0.02311591,0.00590049,0.9994137,2.829618,357.3651,0.6114475,0.3805781,-0.07477684,-0.9217202,0,0,0,1.519203,0.0440978,-1.078038,0.3086997,0.4008,2.069,0.9988617,0.01065856,0.04649455,-0.01292956,0.9987239,0.04882048,-0.04591485,-0.04936607,0.9977248,static,6.734337156114466,10.554487074269275,8.486065102098083,10.963361697755134,0.20816800000000013,0.3014404,2.0982130000000003,0.1153085181227052,0.18194869750516457,0.9765237259094961,7.384875542100801,9.939585616619597,1.759301753054679,1.7988132906087513,1.5035743783904558
2665,05/07/2023 20:00:29.503811,2844,True,True,True,True,Eyes,1.307574,-0.2567525,-3.166769,0.06932566,0.1359951,0.988281,0.0,0.0,0.0,0.0,0.0,0.0,0.0,-1.157945,0.4293193,3.216902,1.311069,-0.2573909,-3.176233,0.02447888,-0.02327023,0.006209048,0.9994102,2.821115,357.3483,0.6466075,0.3805799,-0.07477251,-0.9217198,0,0,0,1.518373,0.04454561,-1.078006,0.3086997,0.4008,2.069,0.9988399,0.01127151,0.04681699,-0.01355003,0.9987245,0.0486399,-0.04620903,-0.04921785,0.9977186,static,6.837618551551971,10.615566874214348,8.486065102098083,10.963361697755134,0.20730399999999993,0.30193651,2.0982269999999996,0.11704644736143184,0.18295216933274197,0.9761294392732743,7.485396806581245,10.000089526190761,1.6481724470187178,1.6847365578300784,1.388967355326581
2666,05/07/2023 20:00:29.519384,2845,True,True,True,True,Eyes,1.307525,-0.2567399,-3.166772,0.07062229,0.137194,0.9880234,0.0,0.0,0.0,0.0,0.0,0.0,0.0,-1.158433,0.4305513,3.216495,1.311145,-0.2573718,-3.176136,0.02463523,-0.0231952,0.006314013,0.9994075,2.839262,357.3572,0.6584468,0.3805803,-0.07476831,-0.92172,0,0,0,1.518691,0.04396669,-1.077847,0.3086997,0.4008,2.069,0.9988443,0.0114777,0.046674,-0.01376338,0.9987065,0.04894836,-0.04605181,-0.04953418,0.9977102,static,6.90903446056707,10.702482224196608,8.486065102098083,10.963361697755134,0.207546,0.30133849,2.0982890000000003,0.11823034528180082,0.18440665153685198,0.9757129253791388,7.554564517344151,10.08721185908114,1.5649136876660183,1.5984629317103016,1.2788009537083491
2667,05/07/2023 20:00:29.534407,2846,True,True,True,True,Eyes,1.307471,-0.2567279,-3.166776,0.07191022,0.1383377,0.987771,0.0,0.0,0.0,0.0,0.0,0.0,0.0,-1.15972,0.4317508,3.21583,1.311187,-0.2573425,-3.17608,0.02482004,-0.0229995,0.006336704,0.9994074,2.86037,357.3799,0.6611262,0.3805794,-0.0747642,-0.9217207,0,0,0,1.519536,0.04324145,-1.077763,0.3086999,0.4008,2.069,0.9988617,0.0115242,0.04628628,-0.01380759,0.9986877,0.04931919,-0.04565717,-0.04990215,0.99771,static,6.96459694896612,10.790169837279073,8.486070519988186,10.963361697755134,0.2083489999999999,0.30058395,2.0983169999999998,0.11914284421231602,0.1858792836224383,0.975322419518667,7.608225338352841,10.175332304307947,1.5006014863126822,1.531299202590335,1.1796620227239383
2668,05/07/2023 20:00:29.554206,2847,True,True,True,True,Eyes,1.307418,-0.2567162,-3.166781,0.07316396,0.1394227,0.9875264,0.0,0.0,0.0,0.0,0.0,0.0,0.0,-1.161795,0.4323937,3.215039,1.311311,-0.2574136,-3.176068,0.02493322,-0.02270309,0.006278049,0.9994116,2.872992,357.4138,0.6549597,0.3805771,-0.0747602,-0.9217219,0,0,0,1.520943,0.04267804,-1.077808,0.3086997,0.4008,2.069,0.9988903,0.01141659,0.04569253,-0.01368083,0.9986778,0.04955203,-0.04506641,-0.05012216,0.9977258,static,7.004788931775524,10.866954578315875,8.486065102098083,10.963361697755134,0.20963200000000004,0.30009164,2.09826,0.11979707633515702,0.18717135861230083,0.9749951733377484,7.6469402020847355,10.252611027205573,1.4561281352338515,1.4844101271023593,1.0996804597286713
2669,05/07/2023 20:00:29.573667,2848,True,True,True,True,Eyes,1.307346,-0.2567014,-3.166789,0.07438551,0.1404965,0.9872829,0.0,0.0,0.0,0.0,0.0,0.0,0.0,-1.163754,0.433383,3.214187,1.311331,-0.2573879,-3.176052,0.02512452,-0.02241047,0.006197874,0.9994139,2.894518,357.4472,0.6461247,0.3805738,-0.07475629,-0.9217237,0,0,0,1.522244,0.0418729,-1.077801,0.3086997,0.4008,2.069,0.9989187,0.01126238,0.04510611,-0.01351459,0.9986607,0.0499418,-0.04448324,-0.05049738,0.9977331,static,7.043373213985088,10.95233400015024,8.486065102098083,10.963361697755134,0.2109129999999999,0.2992608,2.098251,0.12041989024649963,0.18860972047620456,0.9746411742880193,7.684017767321054,10.338622687635976,1.417086557335788,1.4427340344434598,1.0166507551699366
2670,05/07/2023 20:00:29.584024,2849,True,True,True,True,Eyes,1.307277,-0.2566884,-3.166797,0.0755616,0.1415336,0.9870454,0.0,0.0,0.0,0.0,0.0,0.0,0.0,-1.164184,0.4316248,3.214617,1.311428,-0.2569863,-3.176397,0.02495048,-0.02236954,0.00609077,0.9994197,2.874274,357.4515,0.6344,0.3805689,-0.07475238,-0.921726,0,0,0,1.522586,0.04294966,-1.078268,0.3086997,0.4008,2.069,0.998925,0.01105821,0.04501705,-0.01329073,0.9986807,0.04959951,-0.04440918,-0.0501445,0.9977542,static,7.106626153652567,10.994339627688133,8.486065102098083,10.963361697755134,0.21115799999999996,0.29993596,2.098129,0.12147936684458488,0.18929958994234483,0.9743758852021013,7.745545355920551,10.380337904912691,1.3562392522011537,1.3797867388228535,0.9424893832289172
2671,05/07/2023 20:00:29.603849,2850,True,True,True,True,Eyes,1.307225,-0.2566643,-3.166814,0.0766976,0.1425339,0.9868138,0.0,0.0,0.0,0.0,0.0,0.0,0.0,-1.164379,0.4305108,3.214714,1.311434,-0.2570201,-3.176411,0.02484352,-0.02236092,0.005902191,0.9994238,2.86153,357.4519,0.6130694,0.3805627,-0.07474853,-0.9217288,0,0,0,1.52276,0.04326677,-1.078349,0.3086997,0.4008,2.069,0.9989303,0.01068653,0.04498935,-0.01290863,0.9986959,0.04939444,-0.04440282,-0.04992236,0.9977655,static,7.169832030395645,11.042935624372072,8.486065102098083,10.963361697755134,0.2113259999999999,0.30028687,2.0980619999999996,0.12253484652000363,0.19010109396617694,0.9740876222530456,7.806976829077907,10.428733396615637,1.2973606993848754,1.3186362306718535,0.8642848505746407
2672,05/07/2023 20:00:29.623799,2851,True,True,True,True,Eyes,1.307174,-0.2566448,-3.166821,0.07779264,0.143478,0.9865912,0.0,0.0,0.0,0.0,0.0,0.0,0.0,-1.16405,0.4286578,3.215128,1.311463,-0.2570433,-3.176445,0.02470345,-0.02246004,0.005502822,0.9994274,2.844517,357.4393,0.5673441,0.3805557,-0.07474438,-0.9217321,0,0,0,1.522656,0.04362042,-1.078423,0.3086997,0.4008,2.069,0.9989306,0.009889659,0.04516622,-0.01210902,0.9987189,0.04913142,-0.04462247,-0.0496258,0.9977705,static,7.2387653608539635,11.087128655242957,8.486065102098083,10.963361697755134,0.21119299999999996,0.30066371999999997,2.0980220000000003,0.12368899748072601,0.19082482307503582,0.9738001571370809,7.874041912376744,10.472588469997735,1.2344341988106353,1.2534252687230458,0.7844939425133238
2673,05/07/2023 20:00:29.634276,2852,True,True,True,True,Eyes,1.307117,-0.2566295,-3.166831,0.07881933,0.144365,0.9863804,0.0,0.0,0.0,0.0,0.0,0.0,0.0,-1.164329,0.4295976,3.214677,1.311427,-0.2571296,-3.176225,0.02488858,-0.02242591,0.005375415,0.9994242,2.865387,357.4429,0.5523625,0.3805481,-0.07474011,-0.9217356,0,0,0,1.522853,0.04269448,-1.078107,0.3086997,0.4008,2.069,0.9989364,0.009628342,0.04509356,-0.01186094,0.9987034,0.04950739,-0.04455842,-0.04998959,0.9977553,static,7.294480679738748,11.16206203685184,8.486065102098083,10.963361697755134,0.2114260000000001,0.29982408,2.0981180000000004,0.12460490203302255,0.19207606529893975,0.9734374335515493,7.927949121757508,10.547779852603808,1.1918155847263716,1.2080377727399816,0.6958460444170835
2674,05/07/2023 20:00:29.654172,2853,True,True,True,True,Eyes,1.307062,-0.2566122,-3.166838,0.07980497,0.145206,0.9861776,0.0,0.0,0.0,0.0,0.0,0.0,0.0,-1.16344,0.4319453,3.21474,1.311451,-0.2572194,-3.176265,0.02519301,-0.02255253,0.005501109,0.9994131,2.900668,357.4289,0.5656374,0.3805397,-0.07473585,-0.9217394,0,0,0,1.522262,0.04139026,-1.077911,0.3086997,0.4008,2.069,0.9989223,0.009859426,0.04535577,-0.01213209,0.9986701,0.05010832,-0.04480142,-0.05060457,0.9977134,static,7.371560261429457,11.245401841578946,8.486065102098083,10.963361697755134,0.21081100000000008,0.29860966,2.0983539999999996,0.12587944393261102,0.1934603872201187,0.972999135963809,8.002681789508514,10.631201261604396,1.136716977766478,1.14963806591551,0.5865065918077249
2675,05/07/2023 20:00:29.674253,2854,True,True,True,True,Eyes,1.307017,-0.2565974,-3.166846,0.0807443,0.1460169,0.9859815,0.0,0.0,0.0,0.0,0.0,0.0,0.0,-1.163536,0.4327364,3.214537,1.311462,-0.2572009,-3.176198,0.02533099,-0.02254239,0.00547407,0.99941,2.916404,357.4301,0.562215,0.3805307,-0.07473154,-0.9217435,0,0,0,1.522335,0.04081744,-1.077767,0.3086998,0.4008,2.069,0.9989238,0.009799636,0.0453355,-0.01208372,0.9986567,0.05038528,-0.04478085,-0.05087887,0.9977004,static,7.426681105637021,11.309377710543181,8.486067811043153,10.963361697755134,0.2108730000000001,0.29801834,2.0984309999999997,0.12678827713571003,0.19452403078590136,0.9726691264958058,8.056091035448357,10.695294789887054,1.1039199554267916,1.1144627731319678,0.5066950706735275
2676,05/07/2023 20:00:29.684139,2855,True,True,True,True,Eyes,1.306973,-0.2565813,-3.166855,0.08164896,0.1468048,0.98579,0.0,0.0,0.0,0.0,0.0,0.0,0.0,-1.164214,0.4328718,3.214334,1.311442,-0.257202,-3.176268,0.0253584,-0.02243541,0.005457554,0.9994118,2.919443,357.4423,0.560564,0.3805214,-0.07472726,-0.9217476,0,0,0,1.522774,0.04069688,-1.077865,0.3086999,0.4008,2.069,0.9989338,0.009770835,0.04512122,-0.01204654,0.9986544,0.05044208,-0.04456764,-0.05093184,0.9977072,static,7.468469408584272,11.358997918825342,8.486070519988186,10.963361697755134,0.21133200000000008,0.29789888,2.098403,0.12747634447685371,0.1953489574996461,0.972413848356111,8.096573234484138,10.745019351184181,1.0830127274696022,1.0918058624834335,0.4465215736346136
2677,05/07/2023 20:00:29.704089,2856,True,True,True,True,Eyes,1.306939,-0.2565663,-3.166862,0.08253326,0.1475793,0.9856007,0.0,0.0,0.0,0.0,0.0,0.0,0.0,-1.164592,0.4326201,3.214209,1.311407,-0.2571722,-3.176264,0.02530068,-0.02236493,0.005517742,0.9994145,2.912942,357.4505,0.567818,0.3805119,-0.07472295,-0.9217519,0,0,0,1.522991,0.04100205,-1.077926,0.3086998,0.4008,2.069,0.9989387,0.009897328,0.04498288,-0.01216072,0.9986589,0.05032492,-0.04442447,-0.05081854,0.9977194,static,7.514520407743535,11.397212164625376,8.486067811043153,10.963361697755134,0.211584,0.29817425000000003,2.098338,0.12824145969412498,0.19597798818961693,0.9721866512125529,8.141310081240109,10.783125543229694,1.0567426570216636,1.0640162519725707,0.38902822989735236
2678,05/07/2023 20:00:29.723932,2857,True,True,True,True,Eyes,1.306905,-0.2565509,-3.166868,0.08338054,0.1483274,0.985417,0.0,0.0,0.0,0.0,0.0,0.0,0.0,-1.164345,0.4321814,3.21436,1.311376,-0.2571752,-3.176279,0.02516193,-0.02237938,0.005696629,0.9994168,2.897506,357.4493,0.5886402,0.3805025,-0.07471866,-0.9217562,0,0,0,1.522773,0.04167176,-1.078018,0.3086997,0.4008,2.069,0.9989334,0.01026039,0.04501931,-0.01251283,0.9986689,0.05003953,-0.04444596,-0.05054948,0.9977321,static,7.570269669368042,11.423290719225312,8.486065102098083,10.963361697755134,0.21139699999999984,0.29884696,2.098261,0.1291763062788595,0.19639642127565574,0.9719783554877737,8.195621863471109,10.808799904080091,1.0189096445923427,1.0248004583330934,0.3290085453725662
2679,05/07/2023 20:00:29.733903,2858,True,True,True,True,Eyes,1.306888,-0.2565355,-3.166873,0.08417487,0.1490894,0.9852344,0.0,0.0,0.0,0.0,0.0,0.0,0.0,-1.164321,0.4324806,3.214278,1.311357,-0.2571464,-3.176237,0.02512989,-0.02235699,0.005913096,0.9994167,2.894374,357.4525,0.6136093,0.380493,-0.07471437,-0.9217604,0,0,0,1.522695,0.04194712,-1.078005,0.3086998,0.4008,2.069,0.9989304,0.01069564,0.04498509,-0.01294295,0.998667,0.04996607,-0.04439071,-0.05049487,0.9977373,static,7.619838078880869,11.461872966309631,8.486067811043153,10.963361697755134,0.2113379999999998,0.29909352,2.098232,0.1300002976737963,0.19702948374888163,0.9717402873266139,8.243795135533547,10.84723129342721,0.9949455088085244,0.9994335564497302,0.26866767596409824
2680,05/07/2023 20:00:29.754848,2859,True,True,True,True,Eyes,1.306871,-0.2565215,-3.166876,0.08493499,0.1498149,0.9850591,0.0,0.0,0.0,0.0,0.0,0.0,0.0,-1.163797,0.4324212,3.214501,1.311419,-0.2571391,-3.176238,0.02509213,-0.02243973,0.005988297,0.9994155,2.890289,357.4432,0.6220884,0.3804841,-0.07471006,-0.9217644,0,0,0,1.522358,0.04214823,-1.077994,0.3086998,0.4008,2.069,0.9989212,0.01084347,0.04515374,-0.01309571,0.998669,0.04988616,-0.04455271,-0.05042366,0.9977337,static,7.676633761784289,11.499574972817873,8.486067811043153,10.963361697755134,0.2109390000000002,0.29928733,2.098244,0.13094696780931125,0.19764403382287715,0.9714883503145515,8.299041719269932,10.8846723276702,0.9677993524981641,0.970931592056366,0.20290583029654208
2681,05/07/2023 20:00:29.773916,2860,True,True,True,True,Eyes,1.306859,-0.2565099,-3.166875,0.08565886,0.1505102,0.9848905,0.0,0.0,0.0,0.0,0.0,0.0,0.0,-1.16364,0.4332183,3.214406,1.311403,-0.2571558,-3.176197,0.0251783,-0.02245138,0.006082501,0.9994124,2.900412,357.4422,0.6326396,0.3804756,-0.07470579,-0.9217683,0,0,0,1.522228,0.04181875,-1.077897,0.3086998,0.4008,2.069,0.9989179,0.01102728,0.04518266,-0.01328843,0.9986581,0.05005389,-0.04457007,-0.05060013,0.9977239,static,7.723891593837342,11.549365816260726,8.486067811043153,10.963361697755134,0.21082499999999982,0.29897455,2.0983,0.1317258591381706,0.19846755338997163,0.9712152108963795,8.34487056957598,10.934495524809504,0.9594765040991566,0.9614121972284704,0.1441177190301952
2682,05/07/2023 20:00:29.784061,2861,True,True,True,True,Eyes,1.306849,-0.256496,-3.166876,0.08635052,0.1511674,0.9847294,0.0,0.0,0.0,0.0,0.0,0.0,0.0,-1.163321,0.4343169,3.214292,1.311438,-0.2572033,-3.176098,0.02532649,-0.02250144,0.00612688,0.9994073,2.91754,357.4366,0.6372078,0.3804677,-0.07470162,-0.9217719,0,0,0,1.522024,0.04117173,-1.077688,0.3086997,0.4008,2.069,0.9989123,0.01110673,0.04528655,-0.01338626,0.9986421,0.05034723,-0.04466587,-0.05089868,0.9977045,static,7.7728523426761935,11.604744805220072,8.486065102098083,10.963361697755134,0.21058599999999994,0.29837503000000004,2.0984100000000003,0.13253055958973903,0.199384600054155,0.9709178226747439,8.392322003022047,10.989959422015405,0.9582805171977593,0.9591896218910865,0.09744335564934584
2683,05/07/2023 20:00:29.804161,2862,True,True,True,True,Eyes,1.306857,-0.2564813,-3.166878,0.086959,0.1517428,0.9845874,0.0,0.0,0.0,0.0,0.0,0.0,0.0,-1.162842,0.4352107,3.214421,1.311478,-0.2571282,-3.176165,0.02548252,-0.0225823,0.006113877,0.9994015,2.935439,357.4274,0.6350835,0.3804604,-0.07469748,-0.9217753,0,0,0,1.521736,0.04058357,-1.077628,0.3086998,0.4008,2.069,0.9989053,0.01106953,0.04544917,-0.01337134,0.9986265,0.0506584,-0.04482598,-0.05121067,0.9976814,static,7.819215987768567,11.656991724000973,8.486067811043153,10.963361697755134,0.21025800000000006,0.29771177,2.0985370000000003,0.13329219948795867,0.20024925225099266,0.9706356266901501,8.437257872417431,11.042284110454263,0.9619854533514752,0.9621922715935944,0.09279632177461707
2684,05/07/2023 20:00:29.824014,2863,True,True,True,True,Eyes,1.306865,-0.2564664,-3.16688,0.08754472,0.1522984,0.9844497,0.0,0.0,0.0,0.0,0.0,0.0,0.0,-1.163791,0.4349824,3.214117,1.311468,-0.2571006,-3.176179,0.02548012,-0.02244168,0.006039986,0.9994053,2.934885,357.4433,0.6270292,0.3804539,-0.07469331,-0.9217783,0,0,0,1.522366,0.04058864,-1.077704,0.3086997,0.4008,2.069,0.9989198,0.01092915,0.04516445,-0.01321642,0.9986285,0.05065883,-0.04454885,-0.05120102,0.9976943,static,7.836927969586994,11.690172812617835,8.486065102098083,10.963361697755134,0.21089800000000003,0.29768924,2.0984749999999996,0.1335767772850094,0.20080356894610196,0.9704819749697505,8.454323903331025,11.07567399354774,0.9745359383003254,0.9744913614253747,0.11671141968708826
2685,05/07/2023 20:00:29.834371,2864,True,True,True,True,Eyes,1.306892,-0.2564519,-3.166882,0.08803687,0.1527886,0.9843298,0.0,0.0,0.0,0.0,0.0,0.0,0.0,-1.16378,0.4348991,3.214158,1.311491,-0.2571065,-3.176196,0.02546001,-0.0224451,0.006055233,0.9994056,2.932621,357.443,0.6288185,0.3804483,-0.07468911,-0.9217809,0,0,0,1.522363,0.04067466,-1.077731,0.3086997,0.4008,2.069,0.9989191,0.01096036,0.04517184,-0.01324617,0.9986303,0.05061793,-0.04455518,-0.05116156,0.997696,static,7.86737798417439,11.716631790181008,8.486065102098083,10.963361697755134,0.21087199999999995,0.29778116,2.098465,0.13408031777854293,0.20123789438326195,0.9703225134902276,8.483895916828901,11.102077652806411,0.975024473471492,0.9747766831577424,0.1387329144454186
2686,05/07/2023 20:00:29.854085,2865,True,True,True,True,Eyes,1.306919,-0.2564402,-3.166882,0.08851057,0.1532531,0.9842151,0.0,0.0,0.0,0.0,0.0,0.0,0.0,-1.164378,0.434137,3.214062,1.311525,-0.257084,-3.176201,0.0254013,-0.02237419,0.005907952,0.9994095,2.925474,357.4507,0.612285,0.3804439,-0.07468489,-0.9217831,0,0,0,1.522797,0.04086977,-1.0778,0.3086997,0.4008,2.069,0.998929,0.01067226,0.0450221,-0.01294559,0.9986398,0.05050822,-0.04442182,-0.05103696,0.9977084,static,7.884675090982807,11.73905103952723,8.486065102098083,10.963361697755134,0.2112719999999999,0.29795377,2.098401,0.13436275291932367,0.20160977249002132,0.9702062394119138,8.500638104225946,11.124565565234764,0.9818441821679237,0.9815110291830947,0.16186123464686894
2687,05/07/2023 20:00:29.873943,2866,True,True,True,True,Eyes,1.306969,-0.256426,-3.166882,0.08889172,0.153687,0.9841131,0.0,0.0,0.0,0.0,0.0,0.0,0.0,-1.164251,0.4342216,3.214074,1.311543,-0.2571394,-3.176167,0.02541689,-0.02239964,0.005879906,0.9994087,2.927205,357.4477,0.6089548,0.3804407,-0.07468073,-0.9217848,0,0,0,1.522728,0.04073372,-1.077746,0.3086998,0.4008,2.069,0.9989274,0.0106142,0.04507168,-0.01289152,0.9986389,0.05054031,-0.04447388,-0.05106714,0.9977044,static,7.910279103071856,11.766873330960625,8.486067811043153,10.963361697755134,0.21118500000000018,0.29787312,2.098421,0.134783270980243,0.2020692282578072,0.9700523296711002,8.525461472081188,11.152416843456423,0.9888943905659522,0.9885158475835425,0.1931157907736062
2688,05/07/2023 20:00:29.884159,2867,True,True,True,True,Eyes,1.307017,-0.2564111,-3.16688,0.08925848,0.1541041,0.9840147,0.0,0.0,0.0,0.0,0.0,0.0,0.0,-1.164369,0.4339648,3.214066,1.311595,-0.2570276,-3.176154,0.02542734,-0.02239909,0.005794232,0.999409,2.928184,357.4475,0.5991051,0.380439,-0.07467654,-0.9217858,0,0,0,1.522843,0.04075766,-1.077727,0.3086997,0.4008,2.069,0.9989294,0.01044252,0.04506636,-0.01272071,0.9986398,0.05056505,-0.04447703,-0.05108419,0.9977034,static,7.930808624222016,11.793801229712187,8.486065102098083,10.963361697755134,0.21124799999999988,0.29778526000000005,2.098427,0.1351181157728206,0.20251579603932826,0.9699126387718486,8.545329947494992,11.17943055799465,0.9993234372014017,0.9989692550125774,0.2240492674951708
2689,05/07/2023 20:00:29.903779,2868,True,True,True,True,Eyes,1.307072,-0.2563972,-3.166881,0.08952614,0.1544873,0.9839302,0.0,0.0,0.0,0.0,0.0,0.0,0.0,-1.164407,0.4335885,3.214074,1.311599,-0.2570392,-3.176123,0.02541745,-0.02240832,0.005663368,0.9994097,2.926721,357.446,0.5840961,0.3804387,-0.07467229,-0.9217862,0,0,0,1.5229,0.04071955,-1.077697,0.3086998,0.4008,2.069,0.9989316,0.01018093,0.04507808,-0.01245917,0.9986437,0.05055108,-0.04450228,-0.0510587,0.9977037,static,7.945572497680682,11.81695826632893,8.486067811043153,10.963361697755134,0.21130099999999996,0.29775875,2.098426,0.1353569983829341,0.20290108940421783,0.9697987033317655,8.559589603598482,11.2027006681637,1.0106225105643298,1.0103278109840164,0.250376909352243
2690,05/07/2023 20:00:29.924020,2869,True,True,True,True,Eyes,1.307124,-0.2563843,-3.16688,0.08978713,0.1548592,0.983848,0.0,0.0,0.0,0.0,0.0,0.0,0.0,-1.163884,0.4329032,3.214446,1.311618,-0.2570547,-3.176203,0.02536073,-0.02250733,0.00552337,0.9994098,2.919919,357.4342,0.5678954,0.3804398,-0.07466802,-0.9217861,0,0,0,1.522603,0.04086581,-1.07777,0.3086998,0.4008,2.069,0.9989259,0.009898614,0.04526824,-0.01218182,0.9986526,0.05044289,-0.04470794,-0.05094016,0.9977005,static,7.969902009205766,11.834395408507849,8.486067811043153,10.963361697755134,0.21098499999999998,0.29792051,2.098433,0.13576063831944385,0.2031849078018501,0.9696829017606363,8.583245747247904,11.220043447077316,1.0126566726730561,1.012485486441201,0.27446142118722255
2691,05/07/2023 20:00:29.933893,2870,True,True,True,True,Eyes,1.307175,-0.2563739,-3.166883,0.09000069,0.1552083,0.9837734,0.0,0.0,0.0,0.0,0.0,0.0,0.0,-1.164358,0.432364,3.214242,1.31162,-0.2570366,-3.1761,0.02531723,-0.02244534,0.005427605,0.9994128,2.914654,357.441,0.5572048,0.3804421,-0.07466377,-0.9217855,0,0,0,1.522931,0.04101886,-1.077717,0.3086998,0.4008,2.069,0.9989335,0.009712325,0.04513915,-0.01198534,0.9986591,0.05036107,-0.0445895,-0.05084836,0.9977105,static,7.973817810261091,11.851066030169191,8.486067811043153,10.963361697755134,0.21131100000000003,0.29805546,2.098383,0.13581881972786583,0.20346538280855408,0.9696158668994769,8.586947778279198,11.236886669419295,1.0250110104258436,1.0248995292651415,0.29153503719694734
2692,05/07/2023 20:00:29.954210,2871,True,True,True,True,Eyes,1.307224,-0.2563636,-3.166883,0.09020884,0.1555471,0.9837009,0.0,0.0,0.0,0.0,0.0,0.0,0.0,-1.163756,0.4318739,3.214661,1.311567,-0.2571158,-3.176251,0.02519483,-0.02252083,0.005509425,0.9994137,2.90088,357.4326,0.5666786,0.3804455,-0.07465959,-0.9217845,0,0,0,1.522504,0.0414917,-1.077909,0.3086997,0.4008,2.069,0.998925,0.009877573,0.04529286,-0.0121472,0.9986697,0.05011196,-0.04473763,-0.05060827,0.9977161,static,7.996641522071005,11.85608946335792,8.486065102098083,10.963361697755134,0.21093700000000015,0.2986075,2.098342,0.13620291991621197,0.20353957538683545,0.9695464927743334,8.60922596076364,11.24166805515188,1.0180532565247207,1.0180856074833113,0.3043403122734194
2693,05/07/2023 20:00:29.974251,2872,True,True,True,True,Eyes,1.307293,-0.2563533,-3.166883,0.09038891,0.1558501,0.9836364,0.0,0.0,0.0,0.0,0.0,0.0,0.0,-1.163863,0.4316173,3.214598,1.311534,-0.2571053,-3.176206,0.02516462,-0.02250171,0.005489095,0.999415,2.897355,357.4347,0.5644795,0.3804497,-0.07465549,-0.921783,0,0,0,1.522565,0.04161891,-1.077891,0.3086997,0.4008,2.069,0.9989271,0.009839273,0.04525335,-0.01210426,0.9986733,0.05005278,-0.04470083,-0.05054683,0.9977208,static,8.005054361482228,11.870698781388537,8.486065102098083,10.963361697755134,0.21103099999999997,0.29872421,2.0983150000000004,0.13633822679690688,0.20378295381921663,0.9694763389441474,8.617340736304238,11.256360955695643,1.0268150583034308,1.0269527330525883,0.32106363433113466
2694,05/07/2023 20:00:29.984079,2873,True,True,True,True,Eyes,1.307361,-0.2563449,-3.166885,0.09055805,0.1561354,0.9835756,0.0,0.0,0.0,0.0,0.0,0.0,0.0,-1.163566,0.432479,3.214578,1.311511,-0.2571017,-3.176204,0.02524784,-0.02252926,0.005624279,0.9994116,2.907254,357.432,0.5796901,0.3804552,-0.07465144,-0.9217811,0,0,0,1.522333,0.04134268,-1.077828,0.3086997,0.4008,2.069,0.9989216,0.01010431,0.045316,-0.01237957,0.9986619,0.05021255,-0.04474799,-0.05071939,0.99771,static,8.021806328724317,11.895402158366895,8.486065102098083,10.963361697755134,0.21082199999999984,0.29844438,2.098376,0.13660974441892754,0.2041932204162547,0.9693517890498557,8.633532538415732,11.281171340448058,1.0409042287854273,1.0412663582733754,0.3503564096212649
2695,05/07/2023 20:00:30.004194,2874,True,True,True,True,Eyes,1.307444,-0.2563367,-3.166883,0.09070128,0.1564143,0.9835181,0.0,0.0,0.0,0.0,0.0,0.0,0.0,-1.163352,0.4333527,3.214582,1.311541,-0.2571366,-3.176234,0.0253321,-0.0225533,0.005745316,0.9994082,2.917234,357.4296,0.5932857,0.3804619,-0.0746475,-0.9217787,0,0,0,1.522178,0.0410165,-1.077798,0.3086997,0.4008,2.069,0.9989167,0.01034119,0.04537098,-0.01262648,0.9986506,0.05037506,-0.04478882,-0.05089336,0.9976993,static,8.036342384635612,11.92000485481424,8.486065102098083,10.963361697755134,0.21063699999999996,0.2981531,2.098436,0.13684371288506414,0.2046027718691034,0.9692324346889387,8.647558451450625,11.305909786953954,1.0564772883581928,1.0570793028670276,0.3787074006391539
2696,05/07/2023 20:00:30.024234,2875,True,True,True,True,Eyes,1.307525,-0.25633,-3.166883,0.09083511,0.1566854,0.9834626,0.0,0.0,0.0,0.0,0.0,0.0,0.0,-1.163019,0.4344644,3.214485,1.311547,-0.2571322,-3.176163,0.02543822,-0.02258648,0.005924164,0.9994038,2.929876,357.4264,0.6134281,0.3804699,-0.07464365,-0.9217757,0,0,0,1.52192,0.0406673,-1.07765,0.3086997,0.4008,2.069,0.9989095,0.01069214,0.04544742,-0.01299038,0.9986356,0.05057848,-0.04484461,-0.0511137,0.9976855,static,8.052664712489193,11.94592478782312,8.486065102098083,10.963361697755134,0.21037299999999992,0.2977995,2.0985129999999996,0.1371071900908736,0.20503367986486154,0.9691041357496574,8.663320916497392,11.331959043063856,1.0730044587518686,1.0739022877697422,0.40900321112064547
2697,05/07/2023 20:00:30.034206,2876,True,True,True,True,Eyes,1.307619,-0.2563244,-3.166881,0.09095979,0.1569605,0.9834072,0.0,0.0,0.0,0.0,0.0,0.0,0.0,-1.162759,0.4343996,3.214638,1.311563,-0.257163,-3.176206,0.02540098,-0.0226229,0.005980283,0.9994034,2.925776,357.4223,0.6198518,0.3804792,-0.07463992,-0.9217722,0,0,0,1.521744,0.04081994,-1.0777,0.3086997,0.4008,2.069,0.9989049,0.01080414,0.04552262,-0.01310272,0.9986381,0.05050107,-0.04491499,-0.05104224,0.997686,static,8.065760895765191,11.95719075023925,8.486065102098083,10.963361697755134,0.21018099999999995,0.29798294,2.098506,0.13732327411628256,0.20521802596037567,0.9690345108280949,8.676040346623312,11.343199673364982,1.0779455287288418,1.0790513479082426,0.4246969287007
2698,05/07/2023 20:00:30.054258,2877,True,True,True,True,Eyes,1.30771,-0.2563169,-3.166881,0.0910779,0.1572258,0.9833539,0.0,0.0,0.0,0.0,0.0,0.0,0.0,-1.163313,0.4333727,3.214537,1.311565,-0.2571889,-3.176163,0.02524638,-0.02254083,0.005954925,0.9994094,2.907943,357.4316,0.6175771,0.38049,-0.07463633,-0.9217681,0,0,0,1.522106,0.04143155,-1.077783,0.3086998,0.4008,2.069,0.9989129,0.01076467,0.04535572,-0.01304096,0.9986543,0.05019447,-0.04475436,-0.05073139,0.9977091,static,8.062677668075292,11.955175547388674,8.486067811043153,10.963361697755134,0.21054099999999987,0.29862045,2.0983799999999997,0.13727208858259082,0.20518541538631924,0.969048681805087,8.67304097434663,11.341199064394562,1.0773443567863021,1.0784034150016617,0.42156854653155296
2699,05/07/2023 20:00:30.074003,2878,True,True,True,True,Eyes,1.307799,-0.2563076,-3.166882,0.09122747,0.1574831,0.9832989,0.0,0.0,0.0,0.0,0.0,0.0,0.0,-1.163179,0.4331982,3.214656,1.311564,-0.257138,-3.176214,0.02522936,-0.02256219,0.005947566,0.9994093,2.905987,357.4291,0.6167144,0.3805019,-0.07463281,-0.9217634,0,0,0,1.522021,0.04154915,-1.077836,0.3086997,0.4008,2.069,0.9989111,0.01074965,0.04539783,-0.01302656,0.9986562,0.05016052,-0.04479761,-0.05069729,0.9977089,static,8.074211446420623,11.96853228844791,8.486065102098083,10.963361697755134,0.21045700000000012,0.29868714999999996,2.098378,0.13746066712305438,0.20540589822958627,0.9689752766588022,8.684216836142971,11.354580019990733,1.0850026264193862,1.086274067668262,0.43853835106844724
2700,05/07/2023 20:00:30.083735,2879,True,True,True,True,Eyes,1.307882,-0.2563017,-3.166884,0.09137911,0.1577377,0.9832439,0.0,0.0,0.0,0.0,0.0,0.0,0.0,-1.163087,0.4316496,3.214942,1.311586,-0.257087,-3.176255,0.02504659,-0.02259507,0.005811935,0.9994141,2.884713,357.4249,0.6015308,0.3805149,-0.07462929,-0.9217584,0,0,0,1.521999,0.04229437,-1.077971,0.3086997,0.4008,2.069,0.9989114,0.0104852,0.0454548,-0.01274892,0.9986778,0.04980117,-0.04487253,-0.05032647,0.9977242,static,8.083898553477365,11.964379016447968,8.486065102098083,10.963361697755134,0.21041300000000018,0.29938137,2.0982839999999996,0.13762669063927038,0.20533085663394665,0.9689675040838798,8.693720183427343,11.350238880600743,1.077416646858504,1.0787833912108997,0.4390838045389702
2701,05/07/2023 20:00:30.103773,2880,True,True,True,True,Eyes,1.307974,-0.256302,-3.166891,0.09153026,0.1579788,0.9831912,0.0,0.0,0.0,0.0,0.0,0.0,0.0,-1.163697,0.4312088,3.214773,1.311513,-0.257165,-3.176271,0.02495261,-0.0224856,0.005845735,0.9994187,2.873963,357.4375,0.6059615,0.3805286,-0.07462588,-0.921753,0,0,0,1.522359,0.04263134,-1.07809,0.3086997,0.4008,2.069,0.9989205,0.01056253,0.04523679,-0.01280682,0.9986864,0.04961331,-0.04465333,-0.05013908,0.9977435,static,8.081013856307173,11.967106286273761,8.486065102098083,10.963361697755134,0.2108460000000001,0.29979634,2.098181,0.137576511616246,0.2053784386571763,0.9689646153956255,8.690878877260605,11.353042283318544,1.0810437976343958,1.082390738456864,0.4402268066137795
2702,05/07/2023 20:00:30.124062,2881,True,True,True,True,Eyes,1.308069,-0.2562937,-3.166901,0.09165321,0.1582326,0.9831389,0.0,0.0,0.0,0.0,0.0,0.0,0.0,-1.162654,0.4313992,3.215239,1.311479,-0.2573173,-3.176388,0.02485519,-0.02261257,0.006109325,0.9994166,2.863556,357.4236,0.6360709,0.3805432,-0.07462274,-0.9217473,0,0,0,1.521607,0.04301781,-1.078212,0.3086998,0.4008,2.069,0.9989027,0.01108744,0.04550245,-0.0133356,0.9986898,0.04940508,-0.04489506,-0.04995767,0.9977418,static,8.108549678823849,11.967703407532953,8.486067811043153,10.963361697755134,0.21012799999999987,0.30033511,2.0981760000000005,0.13804226571052572,0.2053750927316848,0.9688990491595245,8.717798074139019,11.35327338312752,1.0712381701511973,1.0729502365691452,0.4535747316864264
2703,05/07/2023 20:00:30.134324,2882,True,True,True,True,Eyes,1.308155,-0.2562814,-3.166906,0.09179904,0.1584608,0.9830886,0.0,0.0,0.0,0.0,0.0,0.0,0.0,-1.161244,0.4306226,3.215913,1.311574,-0.2571255,-3.176426,0.02469448,-0.02282737,0.006284333,0.9994146,2.845731,357.3994,0.6559367,0.3805586,-0.07461956,-0.9217411,0,0,0,1.520679,0.0439641,-1.078256,0.3086998,0.4008,2.069,0.9988788,0.01143389,0.04593839,-0.01368873,0.9987014,0.04907315,-0.04531763,-0.04964697,0.9977382,static,8.145404931283148,11.960885569055062,8.486067811043153,10.963361697755134,0.20910499999999987,0.3010896,2.09817,0.1386694519844082,0.20524165282793821,0.9688378251091985,8.75388590888124,11.345862471949738,1.05188625448061,1.054089688527297,0.4669404413724334
2704,05/07/2023 20:00:30.153931,2883,True,True,True,True,Eyes,1.308234,-0.2562766,-3.166905,0.09196037,0.1586636,0.9830408,0.0,0.0,0.0,0.0,0.0,0.0,0.0,-1.161784,0.4256642,3.216407,1.311802,-0.2570052,-3.17637,0.02407533,-0.02282077,0.005924623,0.9994321,2.773839,357.3988,0.6163015,0.3805745,-0.07461627,-0.9217348,0,0,0,1.521183,0.04649202,-1.078575,0.3086999,0.4008,2.069,0.9988883,0.01074368,0.04590089,-0.01294135,0.9987705,0.0478529,-0.04533034,-0.04839372,0.9977992,static,8.144721175448938,11.90640085024657,8.486070519988186,10.963361697755134,0.20938100000000004,0.30349722,2.0977949999999996,0.13868521244570986,0.20431979808145456,0.9690303886055275,8.7536315339978,11.290649052944781,1.0010992684553288,1.0029168550528695,0.4227362169070526
2705,05/07/2023 20:00:30.174132,2884,True,True,True,True,Eyes,1.308296,-0.2562792,-3.166897,0.09215103,0.1587651,0.9830066,0.0,0.0,0.0,0.0,0.0,0.0,0.0,-1.163417,0.424835,3.21572,1.311861,-0.2571352,-3.176126,0.02407938,-0.02262063,0.005532312,0.9994388,2.773168,357.4207,0.5718627,0.3805908,-0.0746131,-0.9217283,0,0,0,1.522357,0.04615056,-1.078412,0.3086998,0.4008,2.069,0.9989154,0.009969033,0.04548231,-0.0121478,0.9987792,0.04788144,-0.04494945,-0.04838201,0.997817,static,8.124848883781734,11.91763109245399,8.486067811043153,10.963361697755134,0.21049600000000002,0.30328576,2.097714,0.1383432171854325,0.20451961492788273,0.9690371645711869,8.734115608139732,11.302301398143987,1.018735180249281,1.0203475834590923,0.4200093214967384
2706,05/07/2023 20:00:30.183902,2885,True,True,True,True,Eyes,1.308354,-0.2562847,-3.166886,0.09233731,0.1588273,0.982979,0.0,0.0,0.0,0.0,0.0,0.0,0.0,-1.165401,0.4275836,3.214383,1.311746,-0.2573099,-3.175903,0.02462179,-0.02233277,0.005182166,0.999434,2.83427,357.453,0.5311428,0.3806071,-0.0746103,-0.9217218,0,0,0,1.523696,0.04353458,-1.077984,0.3086998,0.4008,2.069,0.9989488,0.009258718,0.04489544,-0.01145821,0.9987338,0.04898423,-0.04438506,-0.04944716,0.99779,static,8.097311321541168,11.987677764692176,8.486067811043153,10.963361697755134,0.21194999999999986,0.30084447999999997,2.097919,0.13784205617725795,0.20571865202346024,0.9688546889202745,8.706657690233397,11.3736709783629,1.0939207138504352,1.095607143603617,0.4658471858389071
2707,05/07/2023 20:00:30.203832,2886,True,True,True,True,Eyes,1.308366,-0.2562877,-3.166884,0.09253936,0.1588486,0.9829566,0.0,0.0,0.0,0.0,0.0,0.0,0.0,-1.165507,0.4321209,3.213768,1.311707,-0.2574124,-3.175941,0.02526609,-0.02229387,0.005314,0.9994181,2.90842,357.4581,0.5447481,0.3806233,-0.07460791,-0.9217153,0,0,0,1.523731,0.04080403,-1.077654,0.3086998,0.4008,2.069,0.9989495,0.009495256,0.04483031,-0.01174837,0.9986668,0.05026582,-0.04429326,-0.0507397,0.9977292,static,8.10982135027595,12.061324859523191,8.486067811043153,10.963361697755134,0.212024,0.29821643,2.098287,0.13801670841748814,0.20695875885919213,0.9685657172767339,8.718329786410344,11.448145650740948,1.1582819262910877,1.1606396959606171,0.5375510266700462
2708,05/07/2023 20:00:30.224131,2887,True,True,True,True,Eyes,1.308376,-0.256284,-3.166891,0.09273648,0.1588735,0.982934,0.0,0.0,0.0,0.0,0.0,0.0,0.0,-1.165764,0.4354102,3.213428,1.311674,-0.2573349,-3.176161,0.025767,-0.02223882,0.005380141,0.9994061,2.965962,357.4648,0.5512353,0.3806382,-0.07460583,-0.9217093,0,0,0,1.523885,0.03881995,-1.0776,0.3086998,0.4008,2.069,0.998953,0.009607836,0.04472849,-0.01189995,0.9986142,0.0512641,-0.04417397,-0.05174268,0.997683,static,8.118316644478051,12.119515644745055,8.486067811043153,10.963361697755134,0.21221099999999993,0.29615484999999997,2.098561,0.13813096191065713,0.20793900372867655,0.9683394550316552,8.726193886287351,11.507009204698594,1.2103266586383072,1.2132324054567476,0.5943173763386205
2709,05/07/2023 20:00:30.238281,2888,True,True,True,True,Eyes,1.308374,-0.2562816,-3.166901,0.09296082,0.1588999,0.9829084,0.0,0.0,0.0,0.0,0.0,0.0,0.0,-1.165963,0.4346941,3.213613,1.311647,-0.257171,-3.176347,0.02570274,-0.02220946,0.005319121,0.9994088,2.958427,357.468,0.5444859,0.3806519,-0.07460383,-0.9217038,0,0,0,1.524023,0.03922258,-1.077837,0.3086998,0.4008,2.069,0.9989569,0.009490265,0.04466609,-0.01177364,0.9986221,0.05113881,-0.04411922,-0.05161135,0.9976922,static,8.126656372751302,12.114573378887657,8.486067811043153,10.963361697755134,0.2123759999999999,0.29639358,2.09851,0.138274524578475,0.20785124152536827,0.9683376644097877,8.734385803084587,11.501886690476239,1.2030036480562702,1.206011988643142,0.5930185435184595
2710,05/07/2023 20:00:30.254083,2889,True,True,True,True,Eyes,1.308368,-0.2562821,-3.166911,0.09317122,0.1589365,0.9828827,0.0,0.0,0.0,0.0,0.0,0.0,0.0,-1.16608,0.4329298,3.213875,1.311581,-0.2572034,-3.176439,0.02545757,-0.02219144,0.005223433,0.999416,2.930079,357.4696,0.5341803,0.380664,-0.07460195,-0.921699,0,0,0,1.524098,0.04016789,-1.078082,0.3086997,0.4008,2.069,0.9989606,0.009310883,0.0446229,-0.01157064,0.9986492,0.05065358,-0.044091,-0.05111724,0.9977189,static,8.134117806751242,12.08990505882798,8.486065102098083,10.963361697755134,0.21251699999999984,0.29737129,2.098357,0.1384132896309446,0.20743028002593972,0.9684082452198188,8.741868902492318,11.476782867434665,1.1772882096895876,1.1802401633054442,0.5736173652978354
2711,05/07/2023 20:00:30.273953,2890,True,True,True,True,Eyes,1.308359,-0.256283,-3.166918,0.09336074,0.1589858,0.9828568,0.0,0.0,0.0,0.0,0.0,0.0,0.0,-1.165653,0.4324015,3.214073,1.311509,-0.2572763,-3.176434,0.02532567,-0.0222365,0.005320369,0.9994179,2.915233,357.4647,0.5454959,0.3806746,-0.07460025,-0.9216947,0,0,0,1.523769,0.04069593,-1.078136,0.3086997,0.4008,2.069,0.9989545,0.009508235,0.04471659,-0.01176085,0.9986606,0.05038524,-0.04417763,-0.05085846,0.9977283,static,8.152132211577525,12.076601892544913,8.486065102098083,10.963361697755134,0.2122599999999999,0.29797223,2.0982979999999998,0.13872479944346666,0.2071963183133531,0.9684138151523807,8.759583997933523,11.463054762388001,1.1590856165875374,1.1622456309519937,0.5696540574956216
2712,05/07/2023 20:00:30.283795,2891,True,True,True,True,Eyes,1.308348,-0.2562825,-3.16693,0.09353089,0.1590496,0.9828302,0.0,0.0,0.0,0.0,0.0,0.0,0.0,-1.164917,0.4318189,3.214377,1.31146,-0.2573203,-3.17641,0.02512782,-0.02231557,0.005577014,0.9994197,2.893255,357.4563,0.5751944,0.3806838,-0.07459874,-0.921691,0,0,0,1.523207,0.04161008,-1.078196,0.3086997,0.4008,2.069,0.9989418,0.01002607,0.04488552,-0.01226904,0.9986749,0.04997757,-0.04432497,-0.05047539,0.9977413,static,8.176094883384101,12.054515630747662,8.486065102098083,10.963361697755134,0.2117469999999999,0.29893038,2.0982140000000005,0.13914139168945835,0.20681077410449916,0.968436359039359,8.783181905251311,11.440343780883632,1.130911871778233,1.1343273081322938,0.5619522242518442
2713,05/07/2023 20:00:30.304103,2892,True,True,True,True,Eyes,1.308309,-0.2562813,-3.166939,0.09369991,0.1591087,0.9828045,0.0,0.0,0.0,0.0,0.0,0.0,0.0,-1.163943,0.4310181,3.214903,1.311416,-0.2572559,-3.1765,0.02489283,-0.02242674,0.00588259,0.9994213,2.867172,357.4443,0.6105083,0.3806918,-0.07459736,-0.9216878,0,0,0,1.522481,0.04281198,-1.07838,0.3086997,0.4008,2.069,0.9989249,0.01064184,0.04512039,-0.0128749,0.9986915,0.04949299,-0.04453466,-0.0500207,0.9977548,static,8.20456568623654,12.027291550842879,8.486065102098083,10.963361697755134,0.21106500000000006,0.30006787999999995,2.0981199999999998,0.13963689750981376,0.20633605712164205,0.9684662643351478,8.811226790239088,11.41236414132468,1.0968120195059066,1.100540164383699,0.5543765126393174
2714,05/07/2023 20:00:30.323864,2893,True,True,True,True,Eyes,1.308271,-0.2562822,-3.166944,0.09386011,0.1591707,0.9827792,0.0,0.0,0.0,0.0,0.0,0.0,0.0,-1.164282,0.4297525,3.214836,1.311427,-0.2572108,-3.176384,0.024686,-0.02237306,0.005925291,0.9994275,2.843545,357.4505,0.6160808,0.3806979,-0.07459609,-0.9216854,0,0,0,1.522685,0.04374707,-1.07841,0.3086997,0.4008,2.069,0.9989287,0.01073919,0.04501304,-0.0129484,0.998711,0.04907859,-0.04442796,-0.04960885,0.9977801,static,8.208073097644434,12.00656139871198,8.486065102098083,10.963361697755134,0.21125800000000017,0.30095787,2.097974,0.13970678820271962,0.20598359801215543,0.9685312378134167,8.814813822802368,11.391305548748404,1.0759769153817604,1.0796041731193013,0.5396403070264985
2715,05/07/2023 20:00:30.334366,2894,True,True,True,True,Eyes,1.308223,-0.2562844,-3.166948,0.0940117,0.1591749,0.9827641,0.0,0.0,0.0,0.0,0.0,0.0,0.0,-1.164217,0.4302177,3.214726,1.311424,-0.2572987,-3.176306,0.02468099,-0.02236475,0.006092526,0.9994266,2.843392,357.4519,0.6352942,0.3807024,-0.074595,-0.9216836,0,0,0,1.522599,0.04376663,-1.07834,0.3086999,0.4008,2.069,0.9989254,0.0110741,0.04500459,-0.01328203,0.9987075,0.04906115,-0.04440311,-0.04960619,0.9977813,static,8.21955342845694,12.004086850437641,8.486070519988186,10.963361697755134,0.2111750000000001,0.30106533,2.0979659999999996,0.1399022905878163,0.20593604132523116,0.9685132011218458,8.826057771429038,11.388641507983545,1.0704818251640518,1.0743091750070373,0.544476122644711
2716,05/07/2023 20:00:30.354183,2895,True,True,True,True,Eyes,1.308178,-0.2562866,-3.166951,0.09416099,0.159176,0.9827496,0.0,0.0,0.0,0.0,0.0,0.0,0.0,-1.164146,0.4313542,3.214598,1.311407,-0.2573087,-3.176311,0.02482976,-0.02236463,0.006164392,0.9994225,2.860625,357.4522,0.6431606,0.3807052,-0.07459412,-0.9216825,0,0,0,1.522533,0.04317078,-1.078256,0.3086997,0.4008,2.069,0.9989237,0.01121105,0.04500954,-0.01343228,0.998691,0.04935511,-0.0443973,-0.04990657,0.9977666,static,8.23038866487794,12.020395561822527,8.486065102098083,10.963361697755134,0.21112599999999992,0.30047948,2.098055,0.14007728485585533,0.2062065526568074,0.9684303171745231,8.836528178715398,11.405023908625058,1.0833390336296436,1.087515990840975,0.5638172368618951
2717,05/07/2023 20:00:30.373914,2896,True,True,True,True,Eyes,1.308102,-0.2562872,-3.166958,0.09430939,0.1591762,0.9827353,0.0,0.0,0.0,0.0,0.0,0.0,0.0,-1.164453,0.431444,3.214435,1.311424,-0.2573091,-3.176263,0.02486113,-0.02232477,0.006120801,0.9994229,2.864082,357.4567,0.6381973,0.3807065,-0.07459341,-0.9216821,0,0,0,1.522748,0.04301809,-1.078206,0.3086997,0.4008,2.069,0.9989283,0.0111245,0.04492811,-0.01334458,0.9986889,0.04942026,-0.04431943,-0.04996684,0.997767,static,8.233721330297147,12.024601357849711,8.486065102098083,10.963361697755134,0.21132400000000007,0.30032719,2.098057,0.14013151164360654,0.2062760334093593,0.9684076368142089,8.839754791585953,11.4092413931998,1.0865489708565077,1.0908285820074461,0.5691266109222565
2718,05/07/2023 20:00:30.383817,2897,True,True,True,True,Eyes,1.308033,-0.2562875,-3.166965,0.09444501,0.1591949,0.9827192,0.0,0.0,0.0,0.0,0.0,0.0,0.0,-1.164393,0.4330375,3.214324,1.311397,-0.2572576,-3.176361,0.02504882,-0.02230897,0.006300366,0.9994175,2.886037,357.4591,0.6583624,0.3807058,-0.07459284,-0.9216824,0,0,0,1.522662,0.04237696,-1.078199,0.3086997,0.4008,2.069,0.9989253,0.01147576,0.04490758,-0.01371102,0.9986658,0.04978734,-0.04427632,-0.05034955,0.9977497,static,8.24441020391956,12.044927687587652,8.486065102098083,10.963361697755134,0.21126500000000004,0.29963456,2.0981620000000003,0.14030192356646953,0.2066145283731991,0.968310750253873,8.850051548402845,11.429697818946408,1.1035608078131909,1.1082337660331711,0.591570377065394
2719,05/07/2023 20:00:30.403970,2898,True,True,True,True,Eyes,1.307977,-0.256285,-3.166973,0.09457421,0.1591715,0.9827107,0.0,0.0,0.0,0.0,0.0,0.0,0.0,-1.163886,0.4311978,3.214798,1.311498,-0.2572571,-3.176363,0.02479996,-0.02241538,0.006196844,0.999422,2.857325,357.4465,0.6468118,0.3807034,-0.07459239,-0.9216834,0,0,0,1.522388,0.0433619,-1.078305,0.3086998,0.4008,2.069,0.9989183,0.01127472,0.04511221,-0.01349832,0.998693,0.04929344,-0.04449749,-0.04984906,0.9977651,static,8.261101515434998,12.016662187186531,8.486067811043153,10.963361697755134,0.21089000000000002,0.300619,2.098058,0.14059876569902638,0.206128071309719,0.9683715055730989,8.866586701889556,11.400822692426075,1.0722740220604667,1.0770569879055036,0.5797988859505215
2720,05/07/2023 20:00:30.420022,2899,True,True,True,True,Eyes,1.307925,-0.2562853,-3.166978,0.09470244,0.1591534,0.9827012,0.0,0.0,0.0,0.0,0.0,0.0,0.0,-1.163717,0.4310583,3.214939,1.311521,-0.2572455,-3.176416,0.0248546,-0.0224658,0.00600247,0.9994206,2.863122,357.4402,0.6242399,0.3806997,-0.07459193,-0.921685,0,0,0,1.522338,0.04304264,-1.078303,0.3086998,0.4008,2.069,0.9989185,0.01088123,0.04520395,-0.01311474,0.9986925,0.04941069,-0.04460719,-0.0499501,0.9977551,static,8.270509023838,12.024696271818009,8.486067811043153,10.963361697755134,0.21081700000000003,0.30028814000000004,2.098113,0.14075377449268162,0.20625924990760083,0.9683209706231557,8.875724019798655,11.40883778486124,1.0779464508081924,1.0830035405494196,0.5918453389231662
2721,05/07/2023 20:00:30.434043,2900,True,True,True,True,Eyes,1.307877,-0.2562861,-3.166978,0.09483749,0.1590882,0.9826987,0.0,0.0,0.0,0.0,0.0,0.0,0.0,-1.164051,0.4292847,3.214996,1.31157,-0.2572584,-3.176335,0.02471137,-0.02246093,0.005650775,0.9994264,2.845804,357.4396,0.5842873,0.380695,-0.07459156,-0.9216869,0,0,0,1.522655,0.04344849,-1.078308,0.3086997,0.4008,2.069,0.9989272,0.01018498,0.04517535,-0.01240514,0.9987148,0.04914054,-0.04461681,-0.04964822,0.9977697,static,8.26980640384692,12.009209203446416,8.486065102098083,10.963361697755134,0.2110850000000002,0.30070689,2.098027,0.14074982242314107,0.2059976149168191,0.9683772044027398,8.87515474775302,11.393150491738423,1.0630664863148014,1.0679722982034516,0.5797492214651905
2722,05/07/2023 20:00:30.453895,2901,True,True,True,True,Eyes,1.307828,-0.2562866,-3.166985,0.0949631,0.1590201,0.9826977,0.0,0.0,0.0,0.0,0.0,0.0,0.0,-1.164768,0.4295999,3.214584,1.311565,-0.2572729,-3.176223,0.02482995,-0.02236906,0.005469652,0.9994265,2.858877,357.4497,0.5634801,0.3806896,-0.07459129,-0.9216892,0,0,0,1.523162,0.04284728,-1.078164,0.3086997,0.4008,2.069,0.9989395,0.009822186,0.04498408,-0.01204388,0.9987071,0.04938672,-0.04444083,-0.04987612,0.9977662,static,8.263087327306016,12.021149727747309,8.486065102098083,10.963361697755134,0.2115969999999998,0.30012018,2.098059,0.14063005871220274,0.20620298855377467,0.9683510036391785,8.868494258294065,11.405344036464538,1.0761692809872283,1.081034044073519,0.5844659504537494
2723,05/07/2023 20:00:30.463935,2902,True,True,True,True,Eyes,1.307783,-0.2562881,-3.16699,0.09507743,0.1589484,0.9826981,0.0,0.0,0.0,0.0,0.0,0.0,0.0,-1.16434,0.4301213,3.214788,1.311468,-0.2572622,-3.176385,0.02490311,-0.02241638,0.005492874,0.9994234,2.867348,357.4444,0.5658223,0.3806835,-0.07459109,-0.9216918,0,0,0,1.522851,0.04256198,-1.078263,0.3086998,0.4008,2.069,0.9989347,0.009862938,0.0450805,-0.01209589,0.9986993,0.04953125,-0.04453334,-0.05002378,0.9977547,static,8.275881019793374,12.025247777737903,8.486067811043153,10.963361697755134,0.21138299999999988,0.29982418,2.098122,0.1408443516075436,0.20626587227110388,0.9683063181958828,8.880972410653577,11.409323775430451,1.07730780533624,1.082488121910374,0.5956776120670931
2724,05/07/2023 20:00:30.484051,2903,True,True,True,True,Eyes,1.30774,-0.2562916,-3.166998,0.09518301,0.1588748,0.9826999,0.0,0.0,0.0,0.0,0.0,0.0,0.0,-1.164274,0.4304534,3.214729,1.311441,-0.2572859,-3.176355,0.02494826,-0.02242155,0.005501831,0.9994221,2.872547,357.4438,0.5667204,0.3806768,-0.07459098,-0.9216945,0,0,0,1.522797,0.04235369,-1.078203,0.3086996,0.4008,2.069,0.998934,0.009878548,0.04509171,-0.01211606,0.9986946,0.04962096,-0.04454267,-0.05011439,0.9977497,static,8.282897363010113,12.026093747802273,8.486062393152974,10.963361697755134,0.21135599999999988,0.29963959,2.098152,0.1409626164625219,0.20627668680231673,0.9682869255389174,8.887826358556431,11.410085878068202,1.0766331132449172,1.081977559688898,0.6008134295878317
2725,05/07/2023 20:00:30.503934,2904,True,True,True,True,Eyes,1.307726,-0.2562904,-3.167003,0.09528116,0.1588275,0.982698,0.0,0.0,0.0,0.0,0.0,0.0,0.0,-1.163946,0.4310034,3.214851,1.311449,-0.2573366,-3.176426,0.02501366,-0.02246953,0.005533136,0.9994192,2.88015,357.4384,0.5700064,0.3806696,-0.074591,-0.9216975,0,0,0,1.522583,0.04204365,-1.078215,0.3086997,0.4008,2.069,0.9989291,0.009935755,0.04518976,-0.01218394,0.9986874,0.04974962,-0.04463615,-0.05024692,0.9977389,static,8.295004803826965,12.030608862270443,8.486065102098083,10.963361697755134,0.21113399999999993,0.29938025,2.098211,0.14116508364596647,0.20634697038648486,0.9682424181901669,8.899630343309804,11.414497654214388,1.0785540735494836,1.0842142536147612,0.6120129573374364
2726,05/07/2023 20:00:30.520175,2905,True,True,True,True,Eyes,1.307712,-0.2562914,-3.16701,0.09537359,0.1587882,0.9826954,0.0,0.0,0.0,0.0,0.0,0.0,0.0,-1.16427,0.4307604,3.214711,1.311454,-0.2572315,-3.176377,0.0249912,-0.0224203,0.005536772,0.9994209,2.877557,357.4441,0.570622,0.3806628,-0.07459099,-0.9217004,0,0,0,1.522791,0.04224639,-1.078199,0.3086997,0.4008,2.069,0.9989334,0.00994651,0.04509137,-0.01218775,0.9986895,0.04970517,-0.04453789,-0.05020171,0.9977455,static,8.294690373382958,12.025622092202862,8.486065102098083,10.963361697755134,0.2113370000000001,0.29947789,2.098178,0.14116233299472988,0.20626278295193137,0.968260772427706,8.899360810683877,11.409447610800829,1.0737536124478215,1.0793615855694656,0.6081167524030598
2727,05/07/2023 20:00:30.538580,2906,True,True,True,True,Eyes,1.307723,-0.2562924,-3.167014,0.0954577,0.1587646,0.982691,0.0,0.0,0.0,0.0,0.0,0.0,0.0,-1.164176,0.4307664,3.214807,1.31144,-0.2572828,-3.176441,0.02492975,-0.02241727,0.005675776,0.9994218,2.870868,357.4448,0.5867262,0.3806562,-0.074591,-0.9217031,0,0,0,1.522691,0.0425242,-1.078303,0.3086998,0.4008,2.069,0.9989306,0.01022727,0.0450916,-0.0124627,0.9986925,0.0495762,-0.04452562,-0.05008514,0.997752,static,8.301952582340697,12.015354254450044,8.486067811043153,10.963361697755134,0.21125100000000008,0.299807,2.098138,0.1412904468107159,0.20608544576178242,0.9682797998867092,8.906539643986,11.39894202984038,1.0622999682185494,1.0679825638940221,0.6054145587924115
2728,05/07/2023 20:00:30.554193,2907,True,True,True,True,Eyes,1.307734,-0.2562933,-3.167018,0.09553548,0.1587417,0.9826872,0.0,0.0,0.0,0.0,0.0,0.0,0.0,-1.164078,0.4304667,3.214859,1.311434,-0.2573139,-3.176418,0.0248165,-0.02241463,0.005834707,0.9994236,2.858295,357.4455,0.6052453,0.3806505,-0.07459102,-0.9217054,0,0,0,1.522583,0.04304926,-1.078348,0.3086997,0.4008,2.069,0.9989271,0.01055018,0.04509301,-0.01277519,0.9987002,0.04934284,-0.04451383,-0.04986597,0.9977635,static,8.309114632765287,11.99889543378153,8.486065102098083,10.963361697755134,0.21114900000000003,0.30036315999999996,2.09807,0.14142006702495252,0.20580345305592315,0.9683209135686767,8.91366760776499,11.382162970521293,1.0448438410031713,1.0505434722303897,0.5985302071935651
2729,05/07/2023 20:00:30.573981,2908,True,True,True,True,Eyes,1.307752,-0.2562946,-3.167021,0.09561133,0.1587336,0.9826811,0.0,0.0,0.0,0.0,0.0,0.0,0.0,-1.163869,0.4304461,3.214914,1.311465,-0.2572877,-3.176383,0.02480393,-0.02244841,0.005869574,0.9994231,2.856965,357.4417,0.6091785,0.3806456,-0.07459105,-0.9217075,0,0,0,1.522448,0.04314479,-1.078307,0.3086998,0.4008,2.069,0.9989233,0.01061876,0.0451621,-0.01284599,0.9987006,0.04931572,-0.04457975,-0.04984277,0.9977617,static,8.318138318737123,11.99663874351874,8.486067811043153,10.963361697755134,0.21098299999999992,0.30043249,2.098076,0.14157386394538335,0.2057607382098337,0.9683074853317292,8.92250786353982,11.379753115297053,1.040942922624836,1.0468341643680372,0.60320952580829
2730,05/07/2023 20:00:30.584140,2909,True,True,True,True,Eyes,1.307768,-0.2562971,-3.167023,0.09567712,0.1587206,0.9826768,0.0,0.0,0.0,0.0,0.0,0.0,0.0,-1.163441,0.4308336,3.215004,1.311453,-0.2573014,-3.176374,0.0248059,-0.02249703,0.006015551,0.9994211,2.857593,357.4366,0.6257739,0.3806416,-0.07459109,-0.9217091,0,0,0,1.52213,0.04319625,-1.078277,0.3086997,0.4008,2.069,0.9989154,0.01090802,0.04526645,-0.01314025,0.9986969,0.0493124,-0.04466957,-0.04985373,0.9977571,static,8.330664829587903,11.994290679039736,8.486065102098083,10.963361697755134,0.210677,0.30049765,2.098097,0.14178696281684905,0.2057147178619339,0.9682860865695907,8.934773775443709,11.377203057842502,1.0364057037448542,1.0425755651983908,0.6104130936132958
2731,05/07/2023 20:00:30.604188,2910,True,True,True,True,Eyes,1.30777,-0.2563002,-3.167026,0.09574069,0.1587099,0.9826723,0.0,0.0,0.0,0.0,0.0,0.0,0.0,-1.16279,0.4310137,3.215204,1.311422,-0.2572525,-3.176379,0.0248581,-0.02259773,0.005972576,0.9994177,2.863528,357.4249,0.6204247,0.3806384,-0.07459119,-0.9217104,0,0,0,1.521709,0.04300066,-1.078207,0.3086998,0.4008,2.069,0.9989073,0.01081472,0.04546607,-0.01306167,0.9986928,0.04941732,-0.04487221,-0.04995719,0.9977428,static,8.34526740668202,12.000532664404652,8.486067811043153,10.963361697755134,0.2102869999999999,0.30025316,2.098172,0.14203073601894503,0.205812930985449,0.9682294504569007,8.949004305429813,11.383331195553335,1.0400978651887964,1.0466844643582676,0.6250476597155481
2732,05/07/2023 20:00:30.620265,2911,True,True,True,True,Eyes,1.307772,-0.2563026,-3.167029,0.09579822,0.1586934,0.9826694,0.0,0.0,0.0,0.0,0.0,0.0,0.0,-1.162629,0.4317886,3.215144,1.311434,-0.2573414,-3.176353,0.02493021,-0.02261421,0.006064409,0.999415,2.872038,357.4233,0.6307244,0.3806355,-0.07459136,-0.9217115,0,0,0,1.521587,0.04265642,-1.078131,0.3086997,0.4008,2.069,0.9989037,0.01099417,0.04550434,-0.01324928,0.9986835,0.04955697,-0.04489959,-0.05010554,0.9977341,static,8.352719771795922,12.006690179423753,8.486065102098083,10.963361697755134,0.21015300000000003,0.29999781999999997,2.0982220000000003,0.1421536089480656,0.20591332382676264,0.968190114796027,8.956244205714151,11.389470863558603,1.0449839119890434,1.0518152393716005,0.634537162551523
2733,05/07/2023 20:00:30.634146,2912,True,True,True,True,Eyes,1.307783,-0.2563016,-3.167033,0.09584769,0.158662,0.9826697,0.0,0.0,0.0,0.0,0.0,0.0,0.0,-1.162332,0.4322701,3.215216,1.31143,-0.2573297,-3.176384,0.02500808,-0.02265953,0.006061989,0.9994121,2.880984,357.4182,0.6301175,0.3806329,-0.07459157,-0.9217125,0,0,0,1.521397,0.04233918,-1.078097,0.3086997,0.4008,2.069,0.9988996,0.01098351,0.04559562,-0.01325019,0.9986757,0.04971202,-0.04498922,-0.05026147,0.9977223,static,8.361024517335169,12.013977282275764,8.486065102098083,10.963361697755134,0.20996700000000001,0.29966887999999997,2.098287,0.1422903057207551,0.20603238320403996,0.9681447594185404,8.964308952186515,11.396743838868261,1.0509189755280457,1.058030365478929,0.6453969789077145
2734,05/07/2023 20:00:30.654247,2913,True,True,True,True,Eyes,1.307793,-0.2563,-3.167041,0.09589521,0.1586296,0.9826702,0.0,0.0,0.0,0.0,0.0,0.0,0.0,-1.16244,0.4321845,3.215209,1.311447,-0.2572458,-3.176405,0.02504114,-0.02265461,0.005975404,0.9994119,2.884546,357.4185,0.6201184,0.3806308,-0.07459172,-0.9217134,0,0,0,1.521496,0.0422402,-1.0781,0.3086999,0.4008,2.069,0.9989021,0.01080918,0.04558183,-0.01307837,0.9986745,0.04978207,-0.04498331,-0.05032356,0.9977194,static,8.361485899070194,12.017076338629048,8.486070519988186,10.963361697755134,0.21004899999999993,0.29948600000000003,2.098305,0.14229649075683776,0.20608454395151143,0.9681326524437294,8.964736519584228,11.39987860315864,1.0539016070455316,1.0610541325310974,0.6478179897720749
2735,05/07/2023 20:00:30.674053,2914,True,True,True,True,Eyes,1.307809,-0.256303,-3.167046,0.09595144,0.1585809,0.9826726,0.0,0.0,0.0,0.0,0.0,0.0,0.0,-1.162439,0.4322588,3.215277,1.311464,-0.2572304,-3.176478,0.02506601,-0.02266005,0.005945905,0.9994113,2.887324,357.4178,0.6166565,0.3806292,-0.07459179,-0.9217141,0,0,0,1.521511,0.04213611,-1.078156,0.3086998,0.4008,2.069,0.9989024,0.01074882,0.0455915,-0.0130208,0.9986727,0.04983304,-0.04499534,-0.05037197,0.9977164,static,8.36479295701334,12.017533397788087,8.486067811043153,10.963361697755134,0.2100470000000001,0.29936651000000003,2.098322,0.1423521886841043,0.20609060533291274,0.9681232030294502,8.967966591347672,11.40029692252148,1.0538827212748678,1.0611246690989322,0.6504912183116697
2736,05/07/2023 20:00:30.683806,2915,True,True,True,True,Eyes,1.307825,-0.2563036,-3.167053,0.09600434,0.1585382,0.9826743,0.0,0.0,0.0,0.0,0.0,0.0,0.0,-1.162536,0.4320841,3.215244,1.311476,-0.2571989,-3.176454,0.02504013,-0.02264622,0.005955327,0.9994122,2.884374,357.4194,0.6178429,0.380628,-0.0745919,-0.9217146,0,0,0,1.521574,0.04228142,-1.078153,0.3086997,0.4008,2.069,0.9989034,0.01076952,0.04556406,-0.01303778,0.998675,0.0497811,-0.04496757,-0.05032056,0.9977202,static,8.366329074094914,12.011930152942321,8.486065102098083,10.963361697755134,0.2100979999999999,0.29948032,2.098301,0.1423810682255194,0.20599505742509025,0.9681392677533326,8.96951115723864,11.394596912185547,1.0481543989358433,1.0553826422751227,0.647830146254256
2737,05/07/2023 20:00:30.704049,2916,True,True,True,True,Eyes,1.307861,-0.2563017,-3.167058,0.09602516,0.1584775,0.982682,0.0,0.0,0.0,0.0,0.0,0.0,0.0,-1.162374,0.4317477,3.215401,1.311481,-0.2572899,-3.176498,0.02497197,-0.02267159,0.005957124,0.9994134,2.876582,357.4165,0.6181499,0.3806272,-0.074592,-0.9217149,0,0,0,1.521471,0.0424757,-1.078227,0.3086998,0.4008,2.069,0.998901,0.01077495,0.04561411,-0.01303957,0.9986818,0.04964452,-0.04501906,-0.05018475,0.9977248,static,8.370138589047338,12.000585507473845,8.486067811043153,10.963361697755134,0.20999000000000012,0.2997656,2.098271,0.14245136594673236,0.2058012456736132,0.9681700873825708,8.973322231224724,11.38304684752771,1.0364639444690238,1.0436823347934712,0.6430804731338908
2738,05/07/2023 20:00:30.724048,2917,True,True,True,True,Eyes,1.307896,-0.2563024,-3.167062,0.09604859,0.1584172,0.9826895,0.0,0.0,0.0,0.0,0.0,0.0,0.0,-1.162498,0.4315658,3.215345,1.311501,-0.2572204,-3.17646,0.02498758,-0.02266502,0.005872035,0.9994136,2.878148,357.417,0.6083716,0.3806274,-0.07459199,-0.9217148,0,0,0,1.521578,0.04243631,-1.078181,0.3086997,0.4008,2.069,0.9989036,0.01060449,0.04559692,-0.01286987,0.9986823,0.04967967,-0.04501,-0.05021203,0.9977238,static,8.368905608006347,12.000001600679301,8.486065102098083,10.963361697755134,0.21007700000000007,0.29965671,2.098279,0.14243082386957487,0.20579200741790407,0.9681751413880761,8.972121096532439,11.382471783401597,1.0360584907797181,1.0432394909082272,0.6417972371521673
2739,05/07/2023 20:00:30.734375,2918,True,True,True,True,Eyes,1.307922,-0.2563028,-3.167068,0.09606045,0.1583539,0.9826986,0.0,0.0,0.0,0.0,0.0,0.0,0.0,-1.162748,0.4315934,3.215251,1.311504,-0.257296,-3.176452,0.02501461,-0.02263632,0.005783292,0.9994141,2.880998,357.42,0.598209,0.3806284,-0.07459197,-0.9217144,0,0,0,1.521764,0.04220307,-1.07817,0.3086997,0.4008,2.069,0.9989083,0.01042733,0.04553545,-0.01269228,0.9986817,0.04973807,-0.04495678,-0.05026172,0.9977238,static,8.364403438185262,12.000542533399061,8.486065102098083,10.963361697755134,0.2102599999999999,0.29949907000000003,2.0982819999999998,0.14235440486525675,0.20580344553517524,0.968184006975266,8.967714892179217,11.383081210739247,1.037221675540487,1.044291935376823,0.6388669578752849
2740,05/07/2023 20:00:30.754034,2919,True,True,True,True,Eyes,1.307947,-0.256303,-3.167073,0.09607645,0.1582922,0.9827069,0.0,0.0,0.0,0.0,0.0,0.0,0.0,-1.162723,0.4313123,3.215328,1.311511,-0.2572911,-3.176481,0.02499201,-0.02264707,0.005729121,0.9994148,2.878276,357.4186,0.5920236,0.3806299,-0.07459193,-0.9217138,0,0,0,1.521764,0.04227421,-1.078207,0.3086997,0.4008,2.069,0.9989086,0.01031954,0.04555399,-0.01258353,0.9986851,0.04969527,-0.04498127,-0.05021426,0.997725,static,8.365237109441743,11.99510058891435,8.486065102098083,10.963361697755134,0.2102529999999998,0.29956531,2.098274,0.1423713099112864,0.20571096557150886,0.9682010973402347,8.968571400552612,11.377554229186813,1.0317500868848528,1.0387899418745863,0.6358991910217168
2741,05/07/2023 20:00:30.773689,2920,True,True,True,True,Eyes,1.307979,-0.2563031,-3.167079,0.09589592,0.1581276,0.9827511,0.0,0.0,0.0,0.0,0.0,0.0,0.0,-1.163053,0.4311669,3.215219,1.311494,-0.2572846,-3.176479,0.02499643,-0.02260049,0.005662118,0.999416,2.878582,357.4238,0.5844632,0.3806318,-0.07459186,-0.9217131,0,0,0,1.521989,0.04222952,-1.078223,0.3086997,0.4008,2.069,0.9989144,0.01018776,0.04545764,-0.01244748,0.9986863,0.04970772,-0.04489151,-0.05021958,0.9977288,static,8.347537830580302,11.986622926270421,8.486065102098083,10.963361697755134,0.2104950000000001,0.29951412,2.098256,0.14207632682273424,0.20557652184221054,0.9682730508123396,8.951329999726537,11.369202204836327,1.0260829831526688,1.0325954419504155,0.6173960982652351
2742,05/07/2023 20:00:30.784115,2921,True,True,True,True,Eyes,1.308009,-0.2563054,-3.167085,0.09571578,0.1579668,0.9827945,0.0,0.0,0.0,0.0,0.0,0.0,0.0,-1.163264,0.4311847,3.215132,1.31147,-0.2572842,-3.17648,0.02501378,-0.02256818,0.005625119,0.9994166,2.880455,357.4274,0.5802693,0.3806342,-0.07459177,-0.921712,0,0,0,1.522126,0.04213933,-1.078227,0.3086998,0.4008,2.069,0.9989181,0.01011464,0.04539143,-0.0123727,0.9986854,0.04974447,-0.04482861,-0.05025226,0.99773,static,8.33219349375828,11.979481933438516,8.486067811043153,10.963361697755134,0.21065600000000018,0.29942353,2.098253,0.14182044724476062,0.20546345254378087,0.968334539343498,8.936381032466134,11.362172960450511,1.0216356999562706,1.02770503496146,0.6015250789792753
3044,05/07/2023 20:00:35.824040,3223,True,True,True,True,Eyes,1.311926,-0.2590615,-3.167587,0.08650015,-0.2000044,0.9759692,0.0,0.0,0.0,0.0,0.0,0.0,0.0,-1.167333,0.437605,3.213009,1.311654,-0.2570739,-3.176645,0.02602926,-0.0219546,0.005690051,0.9994038,2.996636,357.4984,0.5869713,0.3811488,-0.07534418,-0.9214381,0,0,0,1.534872,-0.7623086,-1.119557,0.3087001,-0.4008001,2.069,0.9989712,0.0102304,0.04417925,-0.01251624,0.9985802,0.05177763,-0.04358682,-0.05227732,0.9976809,static,7.408736740203319,-8.714204437864751,8.486075937878136,-10.963364366844228,0.22321799999999992,-0.5052346999999999,2.0570880000000002,0.12748261859513585,-0.15026970477379487,0.98039130611269,8.190760813462745,-9.599260915581862,2.4460759651273403,2.4938685075547955,1.3957038541375373
3045,05/07/2023 20:00:35.834638,3224,True,True,True,True,Eyes,1.312097,-0.2590687,-3.167585,0.08647697,-0.2007794,0.9758121,0.0,0.0,0.0,0.0,0.0,0.0,0.0,-1.167639,0.4388844,3.21274,1.311632,-0.257154,-3.176664,0.02620202,-0.02189836,0.005729994,0.9994004,3.016502,357.5051,0.5912945,0.3811902,-0.07534435,-0.9214209,0,0,0,1.535126,-0.7630742,-1.119775,0.3087003,-0.4008,2.069,0.9989753,0.01030555,0.04407073,-0.01260068,0.9985613,0.05212165,-0.04347018,-0.05262356,0.9976678,static,7.399979927960862,-8.740296670525177,8.486081355767933,-10.963361697755134,0.22349400000000008,-0.5059202,2.056889,0.12732396314319216,-0.15071924952518603,0.9803429015111126,8.182397001989315,-9.625587592338114,2.4264073611083803,2.4741936922515766,1.371810389177107
3046,05/07/2023 20:00:35.854458,3225,True,True,True,True,Eyes,1.312261,-0.2590718,-3.167584,0.08645151,-0.2015326,0.9756592,0.0,0.0,0.0,0.0,0.0,0.0,0.0,-1.167408,0.4391131,3.212847,1.311677,-0.2571767,-3.176697,0.02624615,-0.02194446,0.005698074,0.9993985,3.021506,357.4997,0.5873853,0.3812318,-0.07534458,-0.9214038,0,0,0,1.534954,-0.763297,-1.119834,0.3087001,-0.4008002,2.069,0.9989719,0.01023738,0.04416161,-0.01254121,0.9985573,0.05221064,-0.0435634,-0.05271081,0.9976591,static,7.404381458089854,-8.779353334177777,8.486075937878136,-10.963367035933274,0.22327699999999995,-0.5061203000000001,2.056863,0.1273861540083372,-0.15138628179222272,0.9802321604807557,8.186997592619305,-9.665233074891127,2.3898100803203266,2.4372071715511154,1.332140997572605
3047,05/07/2023 20:00:35.864054,3226,True,True,True,True,Eyes,1.312403,-0.2590765,-3.167583,0.08646575,-0.2022732,0.9755046,0.0,0.0,0.0,0.0,0.0,0.0,0.0,-1.16729,0.4395187,3.212852,1.311671,-0.2570778,-3.176727,0.02635566,-0.02197016,0.005618881,0.9993956,3.033873,357.4966,0.5779539,0.3812732,-0.07534473,-0.9213866,0,0,0,1.534775,-0.7636908,-1.119966,0.3087001,-0.4008,2.069,0.9989715,0.01007289,0.04420993,-0.01238904,0.9985476,0.05243255,-0.04361758,-0.05292634,0.9976454,static,7.409664994794226,-8.809618773256389,8.486075937878136,-10.963361697755134,0.22310399999999997,-0.506613,2.056761,0.12746632446759953,-0.15190246282270647,0.9801418141766933,8.192393754806869,-9.695980239828684,2.3606980664450288,2.4077518774199307,1.3009630988422698
3048,05/07/2023 20:00:35.884072,3227,True,True,True,True,Eyes,1.312539,-0.2590795,-3.167582,0.08647306,-0.2029829,0.9753565,0.0,0.0,0.0,0.0,0.0,0.0,0.0,-1.16699,0.4398325,3.21291,1.311679,-0.2571132,-3.176712,0.02640706,-0.02201988,0.005598667,0.999393,3.039743,357.4908,0.5753571,0.381314,-0.0753449,-0.9213697,0,0,0,1.53456,-0.7639499,-1.119983,0.3087001,-0.4008001,2.069,0.9989676,0.01002758,0.04430873,-0.0123535,0.9985427,0.05253551,-0.04371735,-0.05302864,0.9976356,static,7.416153577081568,-8.845511589554869,8.486075937878136,-10.963364366844228,0.22288099999999988,-0.5068367,2.0567290000000003,0.12756515304457522,-0.15251448315388139,0.9800338841323,8.199010954136165,-9.732447376316696,2.3261287042277132,2.372769319677906,1.2639473653835966
3049,05/07/2023 20:00:35.903903,3228,True,True,True,True,Eyes,1.312659,-0.2590861,-3.167583,0.08649519,-0.2037186,0.9752011,0.0,0.0,0.0,0.0,0.0,0.0,0.0,-1.166311,0.4393316,3.213305,1.311689,-0.2570769,-3.176792,0.02636142,-0.02213449,0.005525406,0.9993922,3.034392,357.4774,0.5667199,0.3813542,-0.07534502,-0.921353,0,0,0,1.534028,-0.7637696,-1.119968,0.3087002,-0.4008001,2.069,0.9989591,0.009877099,0.04453338,-0.01221109,0.9985491,0.05244618,-0.04395075,-0.05293539,0.9976302,static,7.432129285604571,-8.893704897791205,8.486078646823053,-10.963364366844228,0.22233899999999984,-0.5066927000000001,2.0568239999999998,0.12782200777718966,-0.1533336481568072,0.9798725417068479,8.214997898783961,-9.78151050839063,2.2766393370706117,2.3225631474415698,1.2125441495875897
3050,05/07/2023 20:00:35.924187,3229,True,True,True,True,Eyes,1.312776,-0.2590882,-3.167585,0.08651747,-0.2044216,0.9750521,0.0,0.0,0.0,0.0,0.0,0.0,0.0,-1.166488,0.4394253,3.213209,1.311734,-0.2571602,-3.176747,0.0263648,-0.02211461,0.005521912,0.9993926,3.03476,357.4797,0.5663713,0.3813933,-0.07534521,-0.9213368,0,0,0,1.534152,-0.763868,-1.119935,0.3087002,-0.4008,2.069,0.9989609,0.00987102,0.04449351,-0.01220321,0.9985488,0.05245333,-0.04391118,-0.0529418,0.9976317,static,7.431271083802321,-8.934741401275316,8.486078646823053,-10.963361697755134,0.222418,-0.5067078,2.0568120000000003,0.12779321450207493,-0.15403600624375358,0.9797662292526069,8.21447072500462,-9.823091187310403,2.2408352015488573,2.2864643671607046,1.1721722143884896
3051,05/07/2023 20:00:35.934453,3230,True,True,True,True,Eyes,1.312874,-0.259091,-3.167586,0.08656405,-0.2052931,0.9748648,0.0,0.0,0.0,0.0,0.0,0.0,0.0,-1.166471,0.4391226,3.213311,1.311759,-0.2570983,-3.176797,0.0263236,-0.0221201,0.005529439,0.9993936,3.030061,357.4791,0.5673205,0.3814314,-0.07534534,-0.921321,0,0,0,1.534159,-0.7636332,-1.119941,0.3087001,-0.4008001,2.069,0.9989603,0.009887607,0.04450448,-0.01221673,0.998553,0.05237064,-0.04392226,-0.05285989,0.9976356,static,7.4345640373790935,-8.99112099904479,8.486075937878136,-10.963364366844228,0.22240000000000015,-0.5065349,2.056856,0.12783002482361389,-0.15499928238514912,0.9796094513390194,8.218119066811644,-9.88027917990409,2.1899202076014013,2.2350438874259217,1.1157393991971867
3052,05/07/2023 20:00:35.954215,3231,True,True,True,True,Eyes,1.312967,-0.259095,-3.167588,0.08661155,-0.206132,0.9746836,0.0,0.0,0.0,0.0,0.0,0.0,0.0,-1.167567,0.4378862,3.213039,1.311807,-0.2570519,-3.176738,0.02617364,-0.02196868,0.00543779,0.9994013,3.012559,357.4961,0.5576409,0.3814681,-0.07534546,-0.9213058,0,0,0,1.534745,-0.7630148,-1.119799,0.3087001,-0.4008,2.069,0.9989756,0.009719067,0.04419571,-0.01201907,0.9985707,0.05207701,-0.0436264,-0.05255486,0.9976646,static,7.422223196351621,-9.056384739195488,8.486075937878136,-10.963361697755134,0.22293800000000008,-0.5059629,2.056939,0.12759623884910007,-0.15611977000650853,0.979462045906344,8.206548668929658,-9.94625924455921,2.138761314775418,2.183653767457396,1.0548141515845162
3053,05/07/2023 20:00:35.974359,3232,True,True,True,True,Eyes,1.313011,-0.2591021,-3.167591,0.08670899,-0.2071033,0.974469,0.0,0.0,0.0,0.0,0.0,0.0,0.0,-1.167704,0.4381926,3.213014,1.311819,-0.2570724,-3.176798,0.02624102,-0.02195518,0.005378606,0.9994001,3.020126,357.4975,0.5507272,0.3815034,-0.0753456,-0.9212912,0,0,0,1.534763,-0.7633431,-1.119936,0.3087001,-0.4008001,2.069,0.9989781,0.009598504,0.0441663,-0.01190301,0.998565,0.05221438,-0.04360174,-0.05268673,0.9976588,static,7.427610645706401,-9.105447691418723,8.486075937878136,-10.963364366844228,0.22294400000000003,-0.5062707000000001,2.0568619999999997,0.12767118227993093,-0.1569569077123386,0.979318465115069,8.212189328852913,-9.99605994480384,2.0938793363360406,2.138271065032766,1.0053316465237856
3054,05/07/2023 20:00:35.994557,3233,True,True,True,True,Eyes,1.313053,-0.2591052,-3.167595,0.08679692,-0.2080362,0.9742624,0.0,0.0,0.0,0.0,0.0,0.0,0.0,-1.168064,0.4380096,3.212882,1.311777,-0.2570337,-3.176793,0.02625092,-0.02190193,0.005295798,0.9994015,3.021024,357.5034,0.5413669,0.3815362,-0.07534588,-0.9212776,0,0,0,1.534866,-0.7633874,-1.119967,0.3087001,-0.4008,2.069,0.9989845,0.009435366,0.04405568,-0.01173515,0.9985657,0.05223843,-0.0434996,-0.05270238,0.9976624,static,7.428497131573109,-9.158427012445989,8.486075937878136,-10.963361697755134,0.2230890000000001,-0.5063537,2.056826,0.12766766836920787,-0.15786244715502246,0.9791733269023847,8.213458847454577,-10.049768909313435,2.0479949725021003,2.0919517560827234,0.953400157899969
3055,05/07/2023 20:00:36.004019,3234,True,True,True,True,Eyes,1.313036,-0.2591106,-3.167601,0.086852,-0.2090561,0.9740392,0.0,0.0,0.0,0.0,0.0,0.0,0.0,-1.167793,0.4378993,3.212979,1.311765,-0.2570415,-3.17678,0.02623008,-0.02194161,0.00530161,0.9994011,3.018672,357.4988,0.541965,0.3815668,-0.07534619,-0.9212649,0,0,0,1.534695,-0.7633079,-1.119915,0.3087001,-0.4008,2.069,0.9989809,0.00944581,0.04413506,-0.01174793,0.9985678,0.05219609,-0.04357881,-0.05266139,0.9976611,static,7.436260698700557,-9.221382578424961,8.486075937878136,-10.963361697755134,0.22292999999999985,-0.5062664000000001,2.056865,0.12777806191637597,-0.1589359792021675,0.978985294780158,8.221528415931946,-10.113682679935218,1.9905781110619467,2.0338641273673623,0.8899100093218906
3056,05/07/2023 20:00:36.024146,3235,True,True,True,True,Eyes,1.313021,-0.2591165,-3.167608,0.08690202,-0.2100365,0.9738237,0.0,0.0,0.0,0.0,0.0,0.0,0.0,-1.167415,0.4377761,3.21318,1.311864,-0.257072,-3.176785,0.02621082,-0.02201702,0.005287626,0.9994,3.01647,357.4901,0.5401813,0.3815938,-0.07534662,-0.9212537,0,0,0,1.534468,-0.7632696,-1.119867,0.3087002,-0.4008,2.069,0.9989746,0.009414739,0.04428479,-0.01172308,0.99857,0.05215735,-0.04373042,-0.05262301,0.9976565,static,7.448230048810398,-9.281710267090057,8.486078646823053,-10.963361697755134,0.22260400000000002,-0.5061975999999999,2.0569180000000005,0.1279610606730563,-0.1599628597332887,0.9787940240680852,8.23369030156819,-10.17499011986146,1.9335915158477555,1.9761278416779453,0.8277859757516124
3057,05/07/2023 20:00:36.033989,3236,True,True,True,True,Eyes,1.312961,-0.2591236,-3.167612,0.0869823,-0.2110692,0.9735932,0.0,0.0,0.0,0.0,0.0,0.0,0.0,-1.167134,0.438005,3.213284,1.31187,-0.2570863,-3.176814,0.0262336,-0.02205839,0.005314465,0.9993984,3.019171,357.4855,0.5430775,0.3816176,-0.07534719,-0.9212437,0,0,0,1.534328,-0.7633646,-1.119901,0.3087003,-0.4008,2.069,0.9989703,0.009465193,0.04436907,-0.01177988,0.9985671,0.05220118,-0.0438114,-0.05267009,0.9976504,static,7.457157987489725,-9.34075536886832,8.486081355767933,-10.963361697755134,0.22245799999999982,-0.5062783,2.0569129999999998,0.12809235114138587,-0.1609686982144349,0.9786119121298247,8.242868632527284,-10.234956278926386,1.8794785497952624,1.9213366691791722,0.7679367701348964
3058,05/07/2023 20:00:36.054330,3237,True,True,True,True,Eyes,1.312905,-0.2591294,-3.167616,0.08705475,-0.2120692,0.9733695,0.0,0.0,0.0,0.0,0.0,0.0,0.0,-1.167089,0.4385165,3.21316,1.311867,-0.2570713,-3.176745,0.02631851,-0.02206568,0.005309823,0.9993961,3.028893,357.4847,0.5423115,0.3816375,-0.07534794,-0.9212354,0,0,0,1.534294,-0.7637008,-1.119915,0.3087002,-0.4008001,2.069,0.9989699,0.00945176,0.0443842,-0.0117747,0.9985583,0.0523709,-0.04382522,-0.05283955,0.9976409,static,7.462334141971077,-9.390234727207144,8.486078646823053,-10.963364366844228,0.22242700000000015,-0.5066295,2.0568299999999997,0.1281628565746265,-0.16181227678300092,0.9784636569098447,8.24830585983033,-10.285176154753152,1.8355737427403387,1.8769096073917146,0.7186620549699121
3059,05/07/2023 20:00:36.074044,3238,True,True,True,True,Eyes,1.312799,-0.2591357,-3.167621,0.0871591,-0.2130815,0.973139,0.0,0.0,0.0,0.0,0.0,0.0,0.0,-1.166917,0.4392066,3.213116,1.311898,-0.2570674,-3.176721,0.02644187,-0.02210097,0.005272358,0.9993922,3.042956,357.4806,0.5376001,0.3816541,-0.07534882,-0.9212285,0,0,0,1.53415,-0.7642245,-1.120002,0.3087002,-0.4008001,2.069,0.9989675,0.009369524,0.0444539,-0.01170709,0.9985461,0.05261855,-0.04389625,-0.05308465,0.9976248,static,7.47323521265917,-9.435809448009485,8.486078646823053,-10.963364366844228,0.2222519999999999,-0.5071570999999999,2.056719,0.12833244772429128,-0.16258691925915952,0.9783129479992421,8.259311063434405,-10.331516285445707,1.7921195927448446,1.8328327398279167,0.671308822259115
3060,05/07/2023 20:00:36.084053,3239,True,True,True,True,Eyes,1.312696,-0.259142,-3.167625,0.08727072,-0.2140508,0.9729163,0.0,0.0,0.0,0.0,0.0,0.0,0.0,-1.167184,0.4395818,3.212952,1.311897,-0.2570534,-3.176706,0.02650099,-0.02205874,0.005278223,0.9993915,3.049723,357.4854,0.5382542,0.3816662,-0.07534988,-0.9212234,0,0,0,1.534332,-0.7644484,-1.120065,0.3087002,-0.4008,2.069,0.9989711,0.009380865,0.04437039,-0.01171918,0.9985397,0.05273686,-0.04381087,-0.05320258,0.9976223,static,7.4748613809133015,-9.486512195576289,8.486078646823053,-10.963361697755134,0.22243499999999994,-0.507395,2.056641,0.12834161728617302,-0.16345240681063866,0.9781675676160131,8.261286516165626,-10.38292789007427,1.7496235055491876,1.789872847707316,0.6224426938316584
3061,05/07/2023 20:00:36.104292,3240,True,True,True,True,Eyes,1.312555,-0.2591478,-3.16763,0.08738896,-0.2150004,0.9726962,0.0,0.0,0.0,0.0,0.0,0.0,0.0,-1.167998,0.4397264,3.212586,1.311883,-0.2570407,-3.176662,0.02648887,-0.02192006,0.005375664,0.9993944,3.048503,357.5016,0.549883,0.3816746,-0.07535109,-0.9212198,0,0,0,1.53498,-0.7643289,-1.120067,0.3087003,-0.4008001,2.069,0.9989812,0.009583542,0.04409835,-0.01190609,0.9985389,0.05270998,-0.04352877,-0.05318132,0.9976357,static,7.463956295308855,-9.545037704200636,8.486081355767933,-10.963364366844228,0.2230970000000001,-0.5072882,2.0565949999999997,0.1281337645395461,-0.16445592731536735,0.9780265263172817,8.251068735995831,-10.442097961127503,1.7082643621306894,1.748253460223712,0.5717950657193358
3062,05/07/2023 20:00:36.123948,3241,True,True,True,True,Eyes,1.312418,-0.2591561,-3.167635,0.0875022,-0.215903,0.9724861,0.0,0.0,0.0,0.0,0.0,0.0,0.0,-1.167657,0.4392158,3.212842,1.311832,-0.2570684,-3.176744,0.02638529,-0.02195945,0.005422981,0.999396,3.036773,357.4973,0.5554459,0.3816785,-0.07535246,-0.9212181,0,0,0,1.534804,-0.7639076,-1.120024,0.3087002,-0.4008001,2.069,0.9989767,0.009680596,0.04417853,-0.01199822,0.9985487,0.05250054,-0.04360619,-0.05297688,0.9976432,static,7.474289403652169,-9.611293945165812,8.486078646823053,-10.963364366844228,0.22297199999999995,-0.5068392,2.05672,0.1282856085924876,-0.16558352395181028,0.9778163704555193,8.261675819114362,-10.509392024544177,1.6495532529621015,1.6887308541546695,0.5064064737511276
3063,05/07/2023 20:00:36.134374,3242,True,True,True,True,Eyes,1.31225,-0.2591697,-3.167642,0.08757452,-0.2167793,0.9722847,0.0,0.0,0.0,0.0,0.0,0.0,0.0,-1.167662,0.4385118,3.212878,1.311831,-0.2570989,-3.176682,0.02624801,-0.02195297,0.005481257,0.9993994,3.021182,357.4981,0.5624892,0.3816786,-0.07535403,-0.9212179,0,0,0,1.534877,-0.7633432,-1.119825,0.3087002,-0.4008001,2.069,0.998976,0.009803486,0.04416731,-0.01210837,0.998562,0.05222382,-0.04359182,-0.05270514,0.9976583,static,7.476800113006946,-9.679762113947302,8.486078646823053,-10.963364366844228,0.22304600000000008,-0.5062443,2.056857,0.1283028547983639,-0.16675152819558003,0.9776156732637007,8.264651199894013,-10.578821698807912,1.5943708624164423,1.6328741232759052,0.44373773537304767
3064,05/07/2023 20:00:36.154129,3243,True,True,True,True,Eyes,1.312091,-0.2591756,-3.167652,0.08763091,-0.2176115,0.9720937,0.0,0.0,0.0,0.0,0.0,0.0,0.0,-1.166855,0.4391601,3.213087,1.311743,-0.2572064,-3.176715,0.02627807,-0.02204851,0.005620961,0.9993958,3.025031,357.4876,0.5781473,0.3816744,-0.07535597,-0.9212195,0,0,0,1.53452,-0.7635028,-1.119841,0.3087002,-0.4008001,2.069,0.9989645,0.01007634,0.04436577,-0.01239391,0.9985557,0.05227651,-0.04377494,-0.05277224,0.9976467,static,7.487951720636196,-9.727699557546186,8.486078646823053,-10.963364366844228,0.222777,-0.5062964000000001,2.056874,0.12847514070447097,-0.1675656394070011,0.9774538340046843,8.275919332266218,-10.627559958998559,1.5506206685828003,1.588434726929876,0.3961458542299534
3065,05/07/2023 20:00:36.164263,3244,True,True,True,True,Eyes,1.311911,-0.2591763,-3.167667,0.08768629,-0.2183722,0.971918,0.0,0.0,0.0,0.0,0.0,0.0,0.0,-1.165015,0.4393889,3.213829,1.311814,-0.2570316,-3.176806,0.02620607,-0.02230689,0.005964299,0.9993899,3.017803,357.4589,0.6169212,0.3816666,-0.075358,-0.9212226,0,0,0,1.533828,-0.7628586,-1.119734,0.3087001,-0.4008001,2.069,0.9989336,0.01075217,0.04489917,-0.01309047,0.9985554,0.05211408,-0.04427396,-0.05264626,0.9976313,static,7.513158889258211,-9.78616705166879,8.486075937878136,-10.963364366844228,0.22201399999999993,-0.505827,2.057072,0.12888311224661234,-0.1685539799253399,0.9772300656139064,8.301010635657153,-10.687161860948692,1.4904996797419892,1.5272069612045263,0.33247103685752455
3066,05/07/2023 20:00:36.184092,3245,True,True,True,True,Eyes,1.311743,-0.2591784,-3.167674,0.08773987,-0.2190853,0.9717528,0.0,0.0,0.0,0.0,0.0,0.0,0.0,-1.164067,0.4350726,3.214928,1.311997,-0.2568948,-3.176913,0.02560582,-0.02250007,0.005816875,0.999402,2.948755,357.436,0.6009529,0.3816549,-0.07535996,-0.9212273,0,0,0,1.533052,-0.7603437,-1.119153,0.3087001,-0.4008,2.069,0.9989198,0.01047453,0.04527112,-0.01277906,0.998621,0.05091925,-0.04467534,-0.05144276,0.9976762,static,7.542574288463372,-9.896398037195926,8.486075937878136,-10.963361697755134,0.221055,-0.5034489,2.05776,0.1293426151211266,-0.17042349314603322,0.9768451661696846,8.330610121696965,-10.799285559652857,1.3893137624222829,1.4242916890167845,0.2260322965760316
3067,05/07/2023 20:00:36.203845,3246,True,True,True,True,Eyes,1.311581,-0.2591839,-3.167675,0.08775866,-0.2197922,0.9715914,0.0,0.0,0.0,0.0,0.0,0.0,0.0,-1.165185,0.431356,3.214886,1.312108,-0.2568567,-3.17673,0.02526269,-0.02241154,0.00521856,0.999416,2.907851,357.4443,0.5334693,0.3816402,-0.07536191,-0.9212332,0,0,0,1.532976,-0.7592128,-1.118684,0.3087001,-0.4008,2.069,0.9989409,0.009298671,0.04506058,-0.01156338,0.9986691,0.05026196,-0.04453324,-0.05072978,0.997719,static,7.547763070498991,-9.970207723366096,8.486075937878136,-10.963361697755134,0.22086799999999984,-0.5023561000000001,2.058046,0.12940240886928278,-0.17168038409502281,0.976617071546268,8.3362446501412,-10.874165486652613,1.3322054408941078,1.366303719505299,0.1743713819981763
3068,05/07/2023 20:00:36.224447,3247,True,True,True,True,Eyes,1.311426,-0.2591898,-3.167675,0.08777962,-0.2205078,0.9714273,0.0,0.0,0.0,0.0,0.0,0.0,0.0,-1.166736,0.4315937,3.214098,1.312061,-0.2569243,-3.176548,0.02544408,-0.02220711,0.004826402,0.999418,2.927535,357.4667,0.4886378,0.3816229,-0.07536396,-0.9212403,0,0,0,1.53343,-0.7602273,-1.118787,0.3087002,-0.4008001,2.069,0.9989671,0.008517106,0.04463398,-0.01077726,0.9986587,0.05064417,-0.04414277,-0.0510729,0.9977189,static,7.534477003897614,-9.98635717244349,8.486078646823053,-10.963364366844228,0.22136900000000015,-0.5033030000000001,2.057761,0.12916952043191265,-0.17196090514100218,0.9765985013443096,8.323376680843577,-10.890353170129933,1.3296430164282491,1.3638507047067858,0.17833273557942245
3069,05/07/2023 20:00:36.234484,3248,True,True,True,True,Eyes,1.31125,-0.2591991,-3.167677,0.08779971,-0.2212664,0.971253,0.0,0.0,0.0,0.0,0.0,0.0,0.0,-1.166979,0.4349556,3.213535,1.312055,-0.257067,-3.176517,0.02592587,-0.02216065,0.004887126,0.9994064,2.98288,357.4724,0.4945302,0.3816035,-0.0753661,-0.9212481,0,0,0,1.533691,-0.762314,-1.119261,0.3087003,-0.4008,2.069,0.99897,0.008619381,0.04454838,-0.01091752,0.998608,0.05160436,-0.04404158,-0.05203757,0.9976735,static,7.528408425801658,-9.976554154566072,8.486081355767933,-10.963361697755134,0.22163599999999994,-0.505247,2.0572559999999998,0.12906985300243864,-0.17179606408528106,0.9766407140114417,8.317368478969351,-10.880334921985302,1.3406668766019227,1.3751096567492438,0.1880358484236115
3070,05/07/2023 20:00:36.254083,3249,True,True,True,True,Eyes,1.311082,-0.2592014,-3.167682,0.08782774,-0.2220169,0.9710792,0.0,0.0,0.0,0.0,0.0,0.0,0.0,-1.167613,0.4391077,3.212808,1.312049,-0.2570736,-3.176588,0.02655875,-0.0220545,0.004931696,0.9993918,3.05547,357.4849,0.4983809,0.3815816,-0.07536844,-0.921257,0,0,0,1.534191,-0.7648907,-1.12002,0.3087003,-0.4008,2.069,0.9989786,0.008685912,0.04434414,-0.01102887,0.9985406,0.05286767,-0.04382022,-0.05330274,0.9976165,static,7.516126083734843,-9.94853182841538,8.486081355767933,-10.963361697755134,0.22214200000000006,-0.5078171,2.0565680000000004,0.1288712712966275,-0.17132285082786436,0.9767500727874876,8.305146137689304,-10.851766164979184,1.3688092463934776,1.4038136961324066,0.212582021997885
3071,05/07/2023 20:00:36.274123,3250,True,True,True,True,Eyes,1.310874,-0.2592017,-3.167691,0.0878669,-0.2227234,0.9709139,0.0,0.0,0.0,0.0,0.0,0.0,0.0,-1.168756,0.4401302,3.212295,1.31205,-0.2569081,-3.176644,0.02682547,-0.02189927,0.004725812,0.9993892,3.085445,357.5022,0.4745829,0.3815576,-0.07537075,-0.9212667,0,0,0,1.534658,-0.7659244,-1.120423,0.3087002,-0.4008001,2.069,0.9989961,0.008270935,0.04402533,-0.01062077,0.9985161,0.05341118,-0.04351823,-0.05382515,0.9976016,static,7.505179993200493,-9.956823437699462,8.486078646823053,-10.963364366844228,0.22260800000000014,-0.5090163,2.056221,0.12868136160590457,-0.17146847113216454,0.9767495978085826,8.294506396030846,-10.860021366604087,1.3703017764506158,1.4054489712266895,0.21766879191153277
3072,05/07/2023 20:00:36.285988,3251,True,True,True,True,Eyes,1.31067,-0.2592021,-3.167702,0.0879022,-0.223393,0.9707568,0.0,0.0,0.0,0.0,0.0,0.0,0.0,-1.169432,0.4400669,3.21209,1.311991,-0.2568894,-3.176702,0.02688294,-0.02180283,0.004560424,0.9993905,3.091573,357.5128,0.4557708,0.3815309,-0.07537299,-0.9212777,0,0,0,1.534851,-0.7662267,-1.120588,0.3087002,-0.4008,2.069,0.9990076,0.007943039,0.04382427,-0.01028754,0.998513,0.05353424,-0.04333388,-0.05393196,0.9976039,static,7.500130455313943,-9.987663613296876,8.486078646823053,-10.963361697755134,0.22286000000000006,-0.5093373000000001,2.056114,0.12858325939082732,-0.1719963911782421,0.9766696374855587,8.289803543813848,-10.891210664762145,1.3521961790214052,1.3871123200215616,0.2091164451286158
3073,05/07/2023 20:00:36.304218,3252,True,True,True,True,Eyes,1.310478,-0.2592068,-3.167712,0.08793159,-0.2240351,0.9706061,0.0,0.0,0.0,0.0,0.0,0.0,0.0,-1.168984,0.4390239,3.212418,1.31183,-0.2568521,-3.176795,0.02672913,-0.02184847,0.004548184,0.9993938,3.073937,357.5074,0.4546058,0.3815016,-0.07537518,-0.9212896,0,0,0,1.534484,-0.7655663,-1.120504,0.3087002,-0.4008,2.069,0.9990039,0.007922869,0.04391358,-0.01025883,0.9985297,0.05322711,-0.0434273,-0.0536246,0.9976164,static,7.507770703668384,-10.043477141665244,8.486078646823053,-10.963361697755134,0.2226539999999999,-0.5087142,2.056291,0.12869177997440262,-0.1729452485585861,0.9764877155792473,8.297698242398127,-10.947883984167392,1.3087340346146903,1.3428603904249368,0.1890151750236019
3074,05/07/2023 20:00:36.324474,3253,True,True,True,True,Eyes,1.310291,-0.2592101,-3.167724,0.08795866,-0.2246389,0.9704641,0.0,0.0,0.0,0.0,0.0,0.0,0.0,-1.169086,0.439284,3.212237,1.311739,-0.2569912,-3.176712,0.02664077,-0.02178859,0.004827495,0.999396,3.064476,357.5151,0.4870419,0.3814703,-0.07537741,-0.9213024,0,0,0,1.53489,-0.7651915,-1.120347,0.3087003,-0.4008,2.069,0.9990039,0.008488229,0.04380807,-0.01081009,0.998534,0.05303898,-0.04329364,-0.05345972,0.997631,static,7.496387178352251,-10.0926436036456,8.486081355767933,-10.963361697755134,0.2231510000000001,-0.5082003,2.0563650000000004,0.12847841749227043,-0.1737879765695301,0.9763662049095952,8.286941512026186,-10.997561741039565,1.2844205464377572,1.318197467840173,0.20205524077871492
3075,05/07/2023 20:00:36.334249,3254,True,True,True,True,Eyes,1.31011,-0.2592075,-3.167733,0.08795519,-0.2251721,0.9703408,0.0,0.0,0.0,0.0,0.0,0.0,0.0,-1.168104,0.438789,3.212772,1.311689,-0.2569334,-3.176847,0.02647698,-0.02190635,0.005068168,0.9993967,3.046365,357.5023,0.5146883,0.3814374,-0.07537965,-0.9213158,0,0,0,1.534564,-0.7643369,-1.120257,0.3087002,-0.4008001,2.069,0.9989889,0.008970191,0.04405463,-0.01129025,0.9985466,0.05269995,-0.04351788,-0.05314406,0.9976382,static,7.504433262064846,-10.146380094947336,8.486078646823053,-10.963364366844228,0.22287499999999993,-0.5074035,2.05659,0.12859442382855382,-0.17470095788189893,0.9761879469069136,8.295217235542895,-11.052135403918243,1.2441937449125675,1.2771417156854534,0.2104955470765351
3076,05/07/2023 20:00:36.353892,3255,True,True,True,True,Eyes,1.309936,-0.2592094,-3.167739,0.08795587,-0.2256687,0.9702255,0.0,0.0,0.0,0.0,0.0,0.0,0.0,-1.167823,0.4372713,3.213037,1.311752,-0.2567915,-3.176789,0.02618281,-0.02193887,0.005270423,0.9994025,3.013175,357.4991,0.5385138,0.3814032,-0.07538172,-0.9213298,0,0,0,1.534663,-0.7628806,-1.119878,0.3087003,-0.4008001,2.069,0.9989818,0.009385707,0.04412752,-0.01168339,0.9985734,0.05210307,-0.04357554,-0.05256558,0.9976663,static,7.504053463812288,-10.212177021881386,8.486081355767933,-10.963364366844228,0.22291100000000008,-0.5060891000000001,2.056911,0.12856189283561859,-0.1758226413515312,0.975990961318849,8.295346054790794,-11.11881838339349,1.2042985075343788,1.2363903945805998,0.24606077765490755
3077,05/07/2023 20:00:36.374247,3256,True,True,True,True,Eyes,1.309762,-0.2592112,-3.167746,0.08795833,-0.2261241,0.9701192,0.0,0.0,0.0,0.0,0.0,0.0,0.0,-1.16746,0.4369995,3.213144,1.31174,-0.2568926,-3.176723,0.02601956,-0.02196435,0.005541375,0.9994047,2.995159,357.4969,0.5699154,0.381368,-0.07538377,-0.9213442,0,0,0,1.534783,-0.7621675,-1.119626,0.3087003,-0.4008,2.069,0.9989737,0.009933148,0.04419091,-0.01221916,0.9985846,0.05176472,-0.04361418,-0.05225157,0.9976811,static,7.50112419713446,-10.261294914200688,8.486081355767933,-10.963361697755134,0.2230430000000001,-0.5052749,2.0570969999999997,0.1284923974343535,-0.1766608606854097,0.9758486986870973,8.292855286383768,-11.16856177465902,1.1780963429351416,1.2095612315686257,0.2818570301607089
3078,05/07/2023 20:00:36.383934,3257,True,True,True,True,Eyes,1.309595,-0.2592136,-3.167753,0.08795653,-0.2265642,0.9700167,0.0,0.0,0.0,0.0,0.0,0.0,0.0,-1.1668,0.4371453,3.213412,1.31178,-0.2568949,-3.176755,0.02594209,-0.02204479,0.005797118,0.9994035,2.986968,357.4884,0.599196,0.381332,-0.0753858,-0.921359,0,0,0,1.534717,-0.7617179,-1.119536,0.3087002,-0.4008001,2.069,0.9989609,0.01044354,0.04436406,-0.0127311,0.9985868,0.05159763,-0.04376251,-0.05210882,0.9976821,static,7.5044003231797625,-10.29965504311752,8.486078646823053,-10.963364366844228,0.22293700000000016,-0.504823,2.057219,0.12853287730932997,-0.17731322842203256,0.9757250661161225,8.29635019431915,-11.207485997930087,1.1541465089592804,1.1849904630472203,0.30917997421169785
3079,05/07/2023 20:00:36.403945,3258,True,True,True,True,Eyes,1.309426,-0.2592215,-3.167757,0.08796108,-0.2270242,0.9699087,0.0,0.0,0.0,0.0,0.0,0.0,0.0,-1.1666,0.4372471,3.213473,1.31182,-0.2569129,-3.176739,0.02597499,-0.02208758,0.005745862,0.999402,2.990635,357.4833,0.5931079,0.3812953,-0.07538783,-0.921374,0,0,0,1.534535,-0.7618999,-1.119537,0.3087002,-0.4008,2.069,0.9989582,0.0103374,0.04444724,-0.0126323,0.9985845,0.0516651,-0.04385025,-0.05217274,0.9976749,static,7.510783616042667,-10.32271452096006,8.486078646823053,-10.963361697755134,0.222715,-0.504987,2.057202,0.12863237389858767,-0.17770359089113869,0.9756409029380152,8.302766888204676,-11.23094453922527,1.136511197323109,1.166888684579816,0.32435131862995964
3080,05/07/2023 20:00:36.419212,3259,True,True,True,True,Eyes,1.309264,-0.2592196,-3.167763,0.08795913,-0.2274675,0.9698049,0.0,0.0,0.0,0.0,0.0,0.0,0.0,-1.167091,0.4384879,3.213075,1.311805,-0.2570463,-3.176684,0.02610756,-0.02199686,0.005854127,0.9994,3.006046,357.4941,0.6054673,0.3812581,-0.07539,-0.9213893,0,0,0,1.534999,-0.7625159,-1.119652,0.3087002,-0.4007999,2.069,0.9989637,0.01055266,0.044273,-0.0128498,0.9985682,0.05192623,-0.04366166,-0.05244133,0.9976691,static,7.497649971589218,-10.3347460170101,8.486078646823053,-10.963359028665995,0.2231939999999999,-0.5054696000000001,2.0570319999999995,0.12840375991576722,-0.1779137571256741,0.975632607919363,8.290016649049242,-11.242960563276345,1.1409471938876667,1.1713861722111998,0.34149278927602633
3081,05/07/2023 20:00:36.438433,3260,True,True,True,True,Eyes,1.309131,-0.2592204,-3.167765,0.08790366,-0.2278876,0.9697114,0.0,0.0,0.0,0.0,0.0,0.0,0.0,-1.166684,0.4382921,3.213305,1.311852,-0.2568094,-3.176739,0.02612445,-0.02207058,0.005824862,0.9993981,3.007952,357.4856,0.6018471,0.3812205,-0.07539204,-0.9214047,0,0,0,1.534716,-0.7623669,-1.119692,0.3087001,-0.4008001,2.069,0.9989579,0.01048955,0.04441893,-0.01279587,0.9985672,0.05196032,-0.04381024,-0.05247455,0.9976608,static,7.5035522814097995,-10.357515713994205,8.486075937878136,-10.963364366844228,0.22286399999999995,-0.5055574999999999,2.057047,0.12849516254643606,-0.17829935467787228,0.9755502776836954,8.295960848679915,-11.266118863890952,1.1243250096180608,1.1542986293330235,0.35749689875978263
3082,05/07/2023 20:00:36.454206,3261,True,True,True,True,Eyes,1.309005,-0.2592209,-3.167767,0.0878425,-0.2282902,0.9696223,0.0,0.0,0.0,0.0,0.0,0.0,0.0,-1.166516,0.4375173,3.213454,1.311968,-0.2568776,-3.176668,0.02600512,-0.02211908,0.005792024,0.9994004,2.994224,357.4799,0.5982324,0.3811833,-0.075394,-0.9214199,0,0,0,1.534596,-0.7619647,-1.11948,0.3087002,-0.4008,2.069,0.9989544,0.01042668,0.04451287,-0.01272752,0.9985804,0.05172282,-0.04391038,-0.05223529,0.9976689,static,7.506539353737195,-10.394754383693515,8.486078646823053,-10.963361697755134,0.22262800000000005,-0.5050871000000001,2.057188,0.1285310132167421,-0.1789325357056753,0.9754296751621794,8.299164603086792,-11.30390251073034,1.103293817293145,1.132612689450154,0.38846480541698375
3083,05/07/2023 20:00:36.474562,3262,True,True,True,True,Eyes,1.308877,-0.2592202,-3.167766,0.08775949,-0.2287155,0.9695295,0.0,0.0,0.0,0.0,0.0,0.0,0.0,-1.166646,0.4363925,3.213583,1.312035,-0.2568762,-3.176664,0.02595917,-0.02214626,0.005455947,0.9994028,2.988125,357.4757,0.5597235,0.3811466,-0.07539588,-0.9214349,0,0,0,1.534246,-0.7619555,-1.119429,0.3087002,-0.4008,2.069,0.9989595,0.009755581,0.04454933,-0.01205518,0.9985927,0.05164567,-0.0439828,-0.05212899,0.9976713,static,7.512910209469108,-10.421150198349439,8.486078646823053,-10.963361697755134,0.22221099999999994,-0.5050793,2.0572350000000004,0.12862881770660903,-0.17937958232683318,0.9753345846914334,8.305594498467539,-11.330742410202468,1.0852606669618252,1.114024289479225,0.40932030939830716
3084,05/07/2023 20:00:36.484053,3263,True,True,True,True,Eyes,1.308754,-0.2592201,-3.167765,0.08768073,-0.2291275,0.9694394,0.0,0.0,0.0,0.0,0.0,0.0,0.0,-1.16738,0.4364797,3.213233,1.312058,-0.2568439,-3.176585,0.02610531,-0.02207182,0.005130302,0.9994024,3.004013,357.4833,0.522236,0.3811105,-0.07539766,-0.9214497,0,0,0,1.534289,-0.7626945,-1.119542,0.3087002,-0.4008,2.069,0.998973,0.009102088,0.04438512,-0.01140686,0.9985844,0.05195295,-0.0438494,-0.05240589,0.9976627,static,7.507411097039178,-10.424454901181997,8.486078646823053,-10.963361697755134,0.22223100000000007,-0.5058506,2.057043,0.12853382055396886,-0.1794380762340665,0.9753364064327548,8.300242746027978,-11.334017162412437,1.0884259777770113,1.1172335066550296,0.4146329165715591
3085,05/07/2023 20:00:36.504012,3264,True,True,True,True,Eyes,1.308617,-0.259222,-3.167767,0.08762548,-0.2295244,0.9693505,0.0,0.0,0.0,0.0,0.0,0.0,0.0,-1.167726,0.4363813,3.213099,1.312045,-0.2568611,-3.176567,0.02613949,-0.02203075,0.00499659,0.9994031,3.007572,357.4877,0.5069399,0.3810749,-0.07539936,-0.9214643,0,0,0,1.534326,-0.762922,-1.119581,0.3087003,-0.4008001,2.069,0.9989793,0.008835468,0.04429641,-0.01113896,0.9985835,0.05202762,-0.04377398,-0.05246793,0.9976627,static,7.502727418890406,-10.442209952540162,8.486081355767933,-10.963364366844228,0.22228100000000017,-0.5060609,2.056986,0.12844683724173586,-0.1797423509967525,0.9752918353249941,8.295798150455454,-11.351949070346361,1.0843300000987002,1.1129181859962325,0.43267282098582466
3086,05/07/2023 20:00:36.523221,3265,True,True,True,True,Eyes,1.308485,-0.2592265,-3.16777,0.08756948,-0.2299099,0.9692642,0.0,0.0,0.0,0.0,0.0,0.0,0.0,-1.167515,0.4368266,3.213173,1.311959,-0.2568935,-3.176658,0.02622534,-0.02205541,0.004940457,0.9994006,3.017281,357.4847,0.5002141,0.3810395,-0.07540106,-0.9214787,0,0,0,1.534091,-0.7633377,-1.119751,0.3087003,-0.4008,2.069,0.9989783,0.00871817,0.04434351,-0.01103181,0.9985756,0.05220131,-0.04382525,-0.05263717,0.9976516,static,7.503570197160829,-10.454517206854701,8.486081355767933,-10.963361697755134,0.222132,-0.5064442,2.0569070000000003,0.12845618657978267,-0.17995162172397272,0.9752520122078255,8.296715752116361,-11.364434475372368,1.0780999689098127,1.1064587171273923,0.44352982401629687
3087,05/07/2023 20:00:36.534476,3266,True,True,True,True,Eyes,1.308332,-0.2592278,-3.167772,0.087509,-0.2302722,0.9691836,0.0,0.0,0.0,0.0,0.0,0.0,0.0,-1.167453,0.4372192,3.213169,1.311954,-0.2569723,-3.176682,0.02628122,-0.02206575,0.004922775,0.9993991,3.023646,357.4835,0.4980156,0.3810042,-0.07540283,-0.9214932,0,0,0,1.534029,-0.7636555,-1.119827,0.3087003,-0.4008,2.069,0.9989777,0.008679803,0.04436372,-0.01099946,0.9985701,0.05231359,-0.04384622,-0.05274809,0.9976448,static,7.50164708023521,-10.469293021779508,8.486081355767933,-10.963361697755134,0.22207500000000002,-0.5066832000000001,2.056855,0.12841741298815934,-0.18020402314323622,0.9752104592175068,8.29494770643015,-11.379384299180698,1.0733280935117553,1.101460257759646,0.4578284359954847
3088,05/07/2023 20:00:36.554434,3267,True,True,True,True,Eyes,1.308184,-0.2592264,-3.167777,0.08744907,-0.2306093,0.9691089,0.0,0.0,0.0,0.0,0.0,0.0,0.0,-1.167647,0.4379553,3.212959,1.311976,-0.2568862,-3.17664,0.02639641,-0.0220351,0.00495934,0.9993965,3.036924,357.4872,0.5020149,0.3809687,-0.07540457,-0.9215077,0,0,0,1.534216,-0.7640218,-1.119914,0.3087003,-0.4008,2.069,0.9989797,0.008749397,0.0443054,-0.01107599,0.9985573,0.0525424,-0.04378177,-0.05297952,0.9976354,static,7.493681240463258,-10.476260736374304,8.486081355767933,-10.963361697755134,0.22224,-0.5071356,2.056726,0.12827892130144733,-0.1803258837218561,0.975206205455663,8.287211904353732,-11.386338164620817,1.0773484893582963,1.1054977772184176,0.46739506868168895
3089,05/07/2023 20:00:36.574053,3268,True,True,True,True,Eyes,1.308024,-0.2592274,-3.167782,0.08739059,-0.2309003,0.9690449,0.0,0.0,0.0,0.0,0.0,0.0,0.0,-1.167365,0.4371781,3.213216,1.31195,-0.2568254,-3.176704,0.02626284,-0.02206911,0.00501223,0.9993989,3.021767,357.4834,0.5083104,0.3809331,-0.07540622,-0.9215223,0,0,0,1.534092,-0.7633855,-1.119826,0.3087002,-0.4008,2.069,0.9989756,0.00885924,0.04437496,-0.01117763,0.9985703,0.05227288,-0.04384842,-0.05271534,0.9976465,static,7.493178070239169,-10.509506320330832,8.486078646823053,-10.963361697755134,0.22214200000000006,-0.5065601000000001,2.056878,0.12825679695075315,-0.18089223671146162,0.9751042378690113,8.28697264523988,-11.420027220370292,1.0641623369870212,1.0917125347808212,0.49818329900932395
3090,05/07/2023 20:00:36.583943,3269,True,True,True,True,Eyes,1.30787,-0.2592255,-3.167786,0.08733418,-0.2311721,0.9689852,0.0,0.0,0.0,0.0,0.0,0.0,0.0,-1.16731,0.4371831,3.213262,1.311964,-0.2568794,-3.176722,0.02620904,-0.02206681,0.005130566,0.9993998,3.015897,357.484,0.5220229,0.3808969,-0.07540786,-0.9215372,0,0,0,1.53422,-0.7631555,-1.119786,0.3087002,-0.4008001,2.069,0.9989734,0.009098274,0.04437605,-0.01141167,0.9985735,0.05216018,-0.04383818,-0.05261304,0.9976523,static,7.486944260819038,-10.533101682252493,8.486078646823053,-10.963364366844228,0.222256,-0.5062761,2.056936,0.1281410064262569,-0.1812965249700635,0.9750443934198931,8.281056772721604,-11.443857484754146,1.0606246126009415,1.0878398315228706,0.5224055945516514
3091,05/07/2023 20:00:36.604095,3270,True,True,True,True,Eyes,1.30772,-0.2592247,-3.16779,0.08731564,-0.2314565,0.9689189,0.0,0.0,0.0,0.0,0.0,0.0,0.0,-1.16713,0.4366956,3.213362,1.311937,-0.2568472,-3.176702,0.0260855,-0.02207636,0.005265173,0.9994021,3.002084,357.4832,0.5377393,0.3808604,-0.07540939,-0.9215521,0,0,0,1.53427,-0.7625447,-1.119633,0.3087001,-0.4008001,2.069,0.9989698,0.009372304,0.04440101,-0.0116758,0.9985837,0.05190734,-0.04385163,-0.05237228,0.9976644,static,7.4839942656936795,-10.565783711131013,8.486075937878136,-10.963364366844228,0.2223330000000001,-0.5056974999999999,2.0570690000000003,0.12807738303054583,-0.18185416270780172,0.9749488266673079,8.27842079449061,-11.476942108881891,1.0514382067069195,1.0780714519573114,0.553969995299202
3092,05/07/2023 20:00:36.624185,3271,True,True,True,True,Eyes,1.307576,-0.2592248,-3.167793,0.0872978,-0.231734,0.9688541,0.0,0.0,0.0,0.0,0.0,0.0,0.0,-1.167124,0.4369059,3.213305,1.311945,-0.2568359,-3.17667,0.02610894,-0.02207545,0.005295047,0.9994013,3.004845,357.4834,0.5411096,0.3808239,-0.07541087,-0.921567,0,0,0,1.53431,-0.7626135,-1.119623,0.3087003,-0.4008,2.069,0.9989693,0.00943102,0.04440095,-0.01173649,0.9985806,0.05195284,-0.04384796,-0.0524204,0.997662,static,7.482161623386317,-10.579882190675384,8.486081355767933,-10.963361697755134,0.22236500000000015,-0.5057776,2.057047,0.1280403868829561,-0.18209492131639385,0.9749086719715286,8.276736063318575,-11.491206652085442,1.0482824216269695,1.0746680238172637,0.5678430657168152
3093,05/07/2023 20:00:36.634161,3272,True,True,True,True,Eyes,1.307428,-0.259225,-3.167795,0.08728021,-0.2320224,0.9687867,0.0,0.0,0.0,0.0,0.0,0.0,0.0,-1.166851,0.4370345,3.213413,1.311953,-0.2567797,-3.176698,0.02613611,-0.02211823,0.005298498,0.9993997,3.00799,357.4785,0.5413088,0.3807874,-0.07541231,-0.921582,0,0,0,1.534144,-0.7626684,-1.11966,0.3087003,-0.4008,2.069,0.9989654,0.009434464,0.04448686,-0.0117468,0.9985777,0.05200645,-0.04393294,-0.05247522,0.9976554,static,7.485956880672073,-10.594043952612484,8.486081355767933,-10.963361697755134,0.22219100000000003,-0.5058887000000001,2.057038,0.1280991853718935,-0.18233449475214877,0.974856209903199,8.280554611723286,-11.505611797055156,1.0400996764070964,1.066135339702714,0.5798934494443589
3094,05/07/2023 20:00:36.654557,3273,True,True,True,True,Eyes,1.307286,-0.2592242,-3.167799,0.08726485,-0.232308,0.9687197,0.0,0.0,0.0,0.0,0.0,0.0,0.0,-1.166866,0.4377294,3.213282,1.311894,-0.2568206,-3.176687,0.02622722,-0.02210328,0.005328728,0.9993975,3.0185,357.4804,0.5445934,0.3807508,-0.07541374,-0.921597,0,0,0,1.534179,-0.7630666,-1.119747,0.3087002,-0.4008001,2.069,0.998966,0.009491618,0.04445943,-0.01181045,0.9985675,0.05218727,-0.0439004,-0.0526584,0.9976472,static,7.482547927904765,-10.600807153565015,8.486078646823053,-10.963364366844228,0.22228500000000007,-0.506246,2.05694,0.1280383766060386,-0.1824510212125122,0.9748424575551754,8.27727284815598,-11.512420289879817,1.0410578733090932,1.0670152935705493,0.5874200100247323
3095,05/07/2023 20:00:36.673954,3274,True,True,True,True,Eyes,1.307138,-0.2592245,-3.1678,0.08726124,-0.2325339,0.9686658,0.0,0.0,0.0,0.0,0.0,0.0,0.0,-1.167046,0.4383442,3.21313,1.311908,-0.2568259,-3.176678,0.02629468,-0.02206938,0.005401769,0.9993961,3.026396,357.4845,0.5529045,0.3807143,-0.07541512,-0.9216119,0,0,0,1.534402,-0.7633085,-1.119819,0.3087003,-0.4008,2.069,0.9989675,0.009636399,0.04439617,-0.01195763,0.9985588,0.05231917,-0.04382802,-0.05279603,0.9976431,static,7.476654417665203,-10.607211745564387,8.486081355767933,-10.963361697755134,0.22249399999999997,-0.5064826,2.056859,0.12793540840374373,-0.18256243072088507,0.9748350942139072,8.2715590296072,-11.518831560536437,1.044485423264255,1.07041371992932,0.5954549494963419
3096,05/07/2023 20:00:36.684077,3275,True,True,True,True,Eyes,1.306997,-0.2592242,-3.167802,0.08725549,-0.2327472,0.9686152,0.0,0.0,0.0,0.0,0.0,0.0,0.0,-1.166973,0.4387179,3.213066,1.311908,-0.2568497,-3.176636,0.02636663,-0.0220855,0.005358493,0.999394,3.034543,357.4826,0.5477133,0.3806778,-0.07541648,-0.9216269,0,0,0,1.534299,-0.7636514,-1.119845,0.3087001,-0.4008,2.069,0.9989671,0.009545851,0.0444268,-0.01187513,0.9985521,0.05246462,-0.04386165,-0.052938,0.9976341,static,7.479136739506571,-10.611143138041223,8.486075937878136,-10.963361697755134,0.222391,-0.5068017,2.0567909999999996,0.12797606281828877,-0.18262837340232932,0.9748175161987851,8.274016058238136,-11.522849928838449,1.0409586691013952,1.0667635459763851,0.5983280649223027
3097,05/07/2023 20:00:36.704044,3276,True,True,True,True,Eyes,1.306889,-0.2592216,-3.167805,0.08720505,-0.2329266,0.9685766,0.0,0.0,0.0,0.0,0.0,0.0,0.0,-1.16705,0.4380423,3.213139,1.31193,-0.2568377,-3.176637,0.02630652,-0.02208954,0.005245043,0.9993961,3.027369,357.4818,0.5348398,0.3806414,-0.07541782,-0.9216418,0,0,0,1.534199,-0.7634535,-1.119787,0.3087002,-0.4008,2.069,0.9989691,0.009321554,0.04442837,-0.01164595,0.9985609,0.05234954,-0.04387645,-0.05281298,0.99764,static,7.479533371262006,-10.627252512654222,8.486078646823053,-10.963361697755134,0.22226900000000005,-0.5066158000000001,2.05685,0.12797617675216372,-0.18290244163232436,0.9747660985228487,8.274526333613096,-11.539182892018577,1.035714849518511,1.0611798980679306,0.613452874300431
3098,05/07/2023 20:00:36.724191,3277,True,True,True,True,Eyes,1.306786,-0.2592194,-3.167806,0.08715826,-0.2330915,0.968541,0.0,0.0,0.0,0.0,0.0,0.0,0.0,-1.16728,0.4381588,3.213068,1.311902,-0.2567854,-3.176681,0.02635329,-0.022055,0.005192413,0.9993959,3.032579,357.4856,0.5287922,0.3806059,-0.07541902,-0.9216563,0,0,0,1.534268,-0.7636201,-1.119895,0.3087001,-0.4008001,2.069,0.9989733,0.009216108,0.04435702,-0.011541,0.9985571,0.05244569,-0.04380967,-0.05290377,0.9976381,static,7.474098199675356,-10.630814420769603,8.486075937878136,-10.963364366844228,0.22236600000000006,-0.5068347,2.056786,0.12788216992770712,-0.18296525112977918,0.9747665083665296,8.269239055915964,-11.54271920204859,1.039733424015352,1.0652175408113826,0.6186034743304868
3099,05/07/2023 20:00:36.734439,3278,True,True,True,True,Eyes,1.306673,-0.2592198,-3.167809,0.08715074,-0.2332221,0.9685103,0.0,0.0,0.0,0.0,0.0,0.0,0.0,-1.16752,0.4374121,3.213062,1.311902,-0.2567962,-3.17666,0.02625309,-0.02202338,0.00514537,0.9993995,3.020961,357.489,0.5237422,0.3805714,-0.07542013,-0.9216705,0,0,0,1.534353,-0.7632436,-1.119788,0.3087003,-0.4008001,2.069,0.998977,0.009128196,0.04429047,-0.01144092,0.9985687,0.052248,-0.04375014,-0.05270127,0.9976515,static,7.471392737534895,-10.649393532302849,8.486081355767933,-10.963364366844228,0.22245100000000018,-0.5064474000000001,2.0568720000000003,0.12782846311663798,-0.1832826166428019,0.9747139924464274,8.266734967457102,-11.561513208564325,1.0370143716806208,1.0621537915548207,0.6370987952555699
3100,05/07/2023 20:00:36.754374,3279,True,True,True,True,Eyes,1.306564,-0.2592199,-3.167814,0.08714543,-0.2333468,0.9684808,0.0,0.0,0.0,0.0,0.0,0.0,0.0,-1.167804,0.4377554,3.212945,1.311906,-0.2568562,-3.176687,0.0262907,-0.02197767,0.005162979,0.9993995,3.025291,357.4943,0.5258065,0.3805375,-0.07542123,-0.9216844,0,0,0,1.534564,-0.763447,-1.119872,0.3087002,-0.4008001,2.069,0.9989806,0.009164139,0.04420043,-0.01147537,0.9985642,0.05232289,-0.04365747,-0.05277677,0.9976515,static,7.4654145941918575,-10.652510691162195,8.486078646823053,-10.963364366844228,0.22265800000000002,-0.5065908,2.056815,0.12772542552491772,-0.18333810988538746,0.9747171221164104,8.26091340668288,-11.564591368289179,1.0417757948387145,1.0669513184857902,0.6420072372129993
3101,05/07/2023 20:00:36.774252,3280,True,True,True,True,Eyes,1.306422,-0.2592197,-3.167819,0.08711469,-0.2334608,0.968456,0.0,0.0,0.0,0.0,0.0,0.0,0.0,-1.167901,0.4377719,3.212959,1.311894,-0.2568503,-3.176744,0.02628525,-0.02195795,0.005185121,0.9993998,3.024711,357.4966,0.5284193,0.3805043,-0.07542229,-0.921698,0,0,0,1.534653,-0.7634062,-1.119932,0.3087001,-0.4008001,2.069,0.9989819,0.009209678,0.04416212,-0.01151836,0.9985644,0.05231123,-0.04361696,-0.05276665,0.9976538,static,7.460871519498474,-10.660029947053658,8.486075937878136,-10.963364366844228,0.22275900000000015,-0.5065559000000001,2.056812,0.12764498170002214,-0.18346792529204953,0.9747031431786132,8.25652847866108,-11.572150748240817,1.0440451760517329,1.0691379095770868,0.6506250027527064
3102,05/07/2023 20:00:36.784048,3281,True,True,True,True,Eyes,1.306285,-0.2592159,-3.167822,0.08708523,-0.2335659,0.9684334,0.0,0.0,0.0,0.0,0.0,0.0,0.0,-1.167768,0.4370986,3.213046,1.311891,-0.2568321,-3.176693,0.02615984,-0.02197243,0.005244358,0.9994026,3.010496,357.4951,0.5354801,0.3804707,-0.07542336,-0.9217118,0,0,0,1.534639,-0.7628421,-1.119745,0.3087003,-0.4008001,2.069,0.9989794,0.009332858,0.04419299,-0.01163204,0.9985763,0.05205796,-0.04364423,-0.05251888,0.9976658,static,7.4595962287669035,-10.681370402707405,8.486081355767933,-10.963364366844228,0.22274800000000017,-0.50601,2.056948,0.1276144751685958,-0.18383169599531424,0.9746386871233119,8.255443761898166,-11.593762931707534,1.0398610843334766,1.0645150594350083,0.6712645158860637
3103,05/07/2023 20:00:36.804139,3282,True,True,True,True,Eyes,1.306141,-0.2592165,-3.167825,0.08703923,-0.2336988,0.9684054,0.0,0.0,0.0,0.0,0.0,0.0,0.0,-1.167744,0.4368843,3.213048,1.311878,-0.2567489,-3.17667,0.0261495,-0.02197721,0.005218485,0.9994029,3.009248,357.4945,0.5325241,0.3804371,-0.07542432,-0.9217256,0,0,0,1.534582,-0.7627304,-1.11971,0.3087001,-0.4008,2.069,0.9989795,0.009281352,0.0442011,-0.01158012,0.998578,0.05203838,-0.04365526,-0.05249713,0.9976664,static,7.458131336677395,-10.690057603946347,8.486075937878136,-10.963361697755134,0.2227039999999998,-0.5059815000000001,2.05696,0.12758594204188217,-0.1839801365297749,0.9746143402317472,8.254077470868257,-11.602547897756773,1.0391673401666592,1.063656538000116,0.6799869755866423
3104,05/07/2023 20:00:36.823368,3283,True,True,True,True,Eyes,1.306003,-0.2592176,-3.167827,0.08699325,-0.2338298,0.9683779,0.0,0.0,0.0,0.0,0.0,0.0,0.0,-1.167241,0.4370805,3.213196,1.311855,-0.256852,-3.176663,0.0261421,-0.02204541,0.005274597,0.9994013,3.008577,357.4868,0.5387722,0.3804033,-0.07542532,-0.9217396,0,0,0,1.534327,-0.7627755,-1.119664,0.3087001,-0.4008,2.069,0.9989724,0.009390253,0.04434019,-0.01169551,0.9985775,0.05202033,-0.04378864,-0.05248545,0.9976611,static,7.461901061734647,-10.699498307179265,8.486075937878136,-10.963361697755134,0.222472,-0.5059235,2.0569990000000002,0.12764619430012591,-0.1841392816153203,0.9745763860103019,8.257835166050395,-11.612167690881254,1.0334017252295575,1.057619055146854,0.6877812636593796
3105,05/07/2023 20:00:36.834176,3284,True,True,True,True,Eyes,1.305897,-0.2592178,-3.16783,0.08692884,-0.2339537,0.9683537,0.0,0.0,0.0,0.0,0.0,0.0,0.0,-1.166969,0.437173,3.213261,1.311854,-0.2568671,-3.17664,0.0261484,-0.02208595,0.005289641,0.9994002,3.009359,357.4822,0.5403596,0.3803693,-0.07542636,-0.9217535,0,0,0,1.534172,-0.76281,-1.119629,0.3087001,-0.4008001,2.069,0.9989684,0.009417909,0.04442203,-0.01172796,0.9985765,0.05203176,-0.04386877,-0.05249907,0.9976569,static,7.462411211461306,-10.70631196222621,8.486075937878136,-10.963364366844228,0.22231800000000002,-0.5059429,2.057011,0.12765204711174014,-0.1842550271260647,0.9745536850877329,8.258385771836709,-11.619080567219852,1.0313875039999365,1.055445598233253,0.6941228617089467
3106,05/07/2023 20:00:36.854459,3285,True,True,True,True,Eyes,1.305798,-0.2592201,-3.167835,0.08685906,-0.2340707,0.9683317,0.0,0.0,0.0,0.0,0.0,0.0,0.0,-1.16688,0.4377776,3.21323,1.311869,-0.2569123,-3.176649,0.02621914,-0.02209696,0.005333059,0.9993978,3.017581,357.4811,0.5451294,0.3803361,-0.07542738,-0.9217671,0,0,0,1.534183,-0.7631227,-1.119703,0.3087003,-0.4008001,2.069,0.9989666,0.009500967,0.04444696,-0.01181842,0.9985682,0.05217101,-0.04388765,-0.05264238,0.9976485,static,7.458440526103553,-10.705525641319253,8.486081355767933,-10.963364366844228,0.22231400000000012,-0.5062104000000001,2.056946,0.12758479666344205,-0.1842432621911908,0.9745647285454978,8.254497372328807,-11.61822964883409,1.035350045860289,1.0594935031295085,0.6946075719002742
3107,05/07/2023 20:00:36.874139,3286,True,True,True,True,Eyes,1.305715,-0.259221,-3.167838,0.08677746,-0.2341792,0.9683129,0.0,0.0,0.0,0.0,0.0,0.0,0.0,-1.166086,0.437387,3.213658,1.311873,-0.2568567,-3.17674,0.02615328,-0.02221706,0.005363894,0.9993967,3.010177,357.4674,0.5484679,0.3803037,-0.07542843,-0.9217804,0,0,0,1.533716,-0.7627846,-1.119674,0.3087002,-0.4008001,2.069,0.9989553,0.009559217,0.04468787,-0.01188341,0.9985744,0.05203667,-0.04412675,-0.05251335,0.9976448,static,7.466744825343109,-10.720151568387838,8.486078646823053,-10.963364366844228,0.221843,-0.5059279000000001,2.057066,0.1277200754788281,-0.18448881654259122,0.9745006703299377,8.262728260888814,-11.633166507110836,1.0242714627822302,1.0479474724173419,0.7060597014436543
3108,05/07/2023 20:00:36.894070,3287,True,True,True,True,Eyes,1.305634,-0.2592221,-3.16784,0.08670463,-0.2342857,0.9682935,0.0,0.0,0.0,0.0,0.0,0.0,0.0,-1.16622,0.4372899,3.213614,1.31195,-0.2568717,-3.176698,0.02614999,-0.02221235,0.005327658,0.999397,3.009706,357.4678,0.5443347,0.3802724,-0.07542947,-0.9217932,0,0,0,1.533779,-0.7628053,-1.119632,0.3087002,-0.4008,2.069,0.9989564,0.009487187,0.04467655,-0.0118106,0.9985756,0.05203177,-0.04411928,-0.05250513,0.9976456,static,7.462862094661084,-10.726240567944986,8.486078646823053,-10.963361697755134,0.22182900000000005,-0.5059336000000001,2.057066,0.1276514510126653,-0.18459399357889522,0.974489583740705,8.25897812574544,-11.639285229672346,1.0267267247263647,1.0503325867651014,0.7130548840539284
3109,05/07/2023 20:00:36.904618,3288,True,True,True,True,Eyes,1.30558,-0.2592209,-3.167839,0.08639554,-0.2343745,0.9682997,0.0,0.0,0.0,0.0,0.0,0.0,0.0,-1.166803,0.4370843,3.213356,1.311979,-0.2568928,-3.176609,0.0261375,-0.02213336,0.005270948,0.9993995,3.008088,357.4767,0.5381002,0.3802422,-0.0754305,-0.9218056,0,0,0,1.534084,-0.7628026,-1.119566,0.3087003,-0.4008,2.069,0.9989647,0.009378544,0.04451568,-0.01169259,0.9985781,0.05201028,-0.04396461,-0.05247694,0.9976539,static,7.437191561788741,-10.73126138994995,8.486081355767933,-10.963361697755134,0.222105,-0.5059098,2.057043,0.12721250814509621,-0.1846898994970111,0.9745288725314656,8.233916383573685,-11.644025291144752,1.0503309374196212,1.0742627019481654,0.725871958796999
3110,05/07/2023 20:00:36.924018,3289,True,True,True,True,Eyes,1.305526,-0.2592215,-3.167839,0.08610828,-0.2344485,0.9683074,0.0,0.0,0.0,0.0,0.0,0.0,0.0,-1.167647,0.4367654,3.213089,1.311939,-0.2568291,-3.176627,0.02615737,-0.02201286,0.00511806,0.9994025,3.009916,357.4901,0.5208801,0.3802137,-0.07543145,-0.9218172,0,0,0,1.534404,-0.7628978,-1.119663,0.3087001,-0.4008001,2.069,0.9989785,0.009078405,0.04426716,-0.0113816,0.9985792,0.05205814,-0.04373166,-0.05250879,0.9976625,static,7.4103550987983215,-10.730460640769753,8.486075937878136,-10.963364366844228,0.22246500000000013,-0.5060686999999999,2.056964,0.12675610953923266,-0.1846871632993678,0.9745888858069743,8.207670374014228,-11.642849088197842,1.0762368497459196,1.1006450241789827,0.7343086166887725
3111,05/07/2023 20:00:36.934485,3290,True,True,True,True,Eyes,1.305475,-0.2592222,-3.16784,0.08582447,-0.2345124,0.9683172,0.0,0.0,0.0,0.0,0.0,0.0,0.0,-1.168405,0.4358831,3.212924,1.311892,-0.2568775,-3.176633,0.0260136,-0.02188874,0.005114037,0.9994088,2.993366,357.5043,0.5211483,0.3801867,-0.07543236,-0.9218283,0,0,0,1.534862,-0.7623541,-1.119578,0.3087003,-0.4008,2.069,0.9989895,0.009083216,0.04401768,-0.01136084,0.9985943,0.05177256,-0.04348554,-0.05222033,0.9976883,static,7.379946420482438,-10.749617203534793,8.486081355767933,-10.963361697755134,0.2229699999999999,-0.5054766,2.057055,0.1262306815513271,-0.1850255129429533,0.9745929816162565,8.178083266439513,-11.66185198380954,1.102102121218476,1.1265971790611569,0.7633816232673677
3112,05/07/2023 20:00:36.954252,3291,True,True,True,True,Eyes,1.305423,-0.2592202,-3.167842,0.08554807,-0.2345687,0.968328,0.0,0.0,0.0,0.0,0.0,0.0,0.0,-1.16901,0.4353418,3.212698,1.311843,-0.2568031,-3.176579,0.02592357,-0.02178294,0.005159958,0.9994133,2.983107,357.5165,0.5269533,0.3801611,-0.07543324,-0.9218388,0,0,0,1.535288,-0.7618817,-1.119478,0.3087001,-0.4008,2.069,0.9989977,0.009184479,0.04380785,-0.01144324,0.9986027,0.05159192,-0.04327278,-0.05204152,0.9977069,static,7.350748017366934,-10.762819233531811,8.486075937878136,-10.963361697755134,0.2234449999999999,-0.5050786,2.057101,0.12572830177751504,-0.1852619825317191,0.9746129769528896,8.149634266015042,-11.674836136259044,1.1282095981646463,1.1529036243542008,0.7870126270972322
3113,05/07/2023 20:00:36.974348,3292,True,True,True,True,Eyes,1.30538,-0.2592225,-3.167848,0.08522799,-0.2346037,0.9683477,0.0,0.0,0.0,0.0,0.0,0.0,0.0,-1.16835,0.435123,3.213047,1.311776,-0.2568163,-3.176686,0.02586273,-0.02186779,0.005219921,0.9994127,2.976329,357.5069,0.5337268,0.3801368,-0.07543401,-0.9218488,0,0,0,1.534922,-0.7616161,-1.119484,0.3087002,-0.4008,2.069,0.9989891,0.00930259,0.04397988,-0.01156483,0.9986078,0.05146677,-0.04343988,-0.05192337,0.9977059,static,7.340335119772819,-10.77215020758528,8.486078646823053,-10.963361697755134,0.22314599999999984,-0.5047998,2.057202,0.12554724060807715,-0.18542497919685572,0.9746052749159342,8.13952376613631,-11.684152024850505,1.1369302260265741,1.1615894557676076,0.7997743312722991
3114,05/07/2023 20:00:36.983875,3293,True,True,True,True,Eyes,1.30534,-0.2592268,-3.167851,0.0849129,-0.2346345,0.9683679,0.0,0.0,0.0,0.0,0.0,0.0,0.0,-1.167855,0.4352267,3.213258,1.311723,-0.2569347,-3.176744,0.0257812,-0.02191404,0.005422443,0.9994128,2.967515,357.5022,0.5570161,0.3801138,-0.0754348,-0.9218582,0,0,0,1.534857,-0.7612929,-1.119432,0.3087001,-0.4008,2.069,0.9989808,0.009708578,0.04408193,-0.01196846,0.9986119,0.05129446,-0.04352274,-0.05176977,0.9977102,static,7.322355668413372,-10.785132605796152,8.486075937878136,-10.963361697755134,0.22313399999999994,-0.5043582,2.0573119999999996,0.12523590905193072,-0.1856531658248703,0.9746018715507423,8.122042664789804,-11.697065994444385,1.1526197945776762,1.1772894609159066,0.8190495826845108
3115,05/07/2023 20:00:37.004348,3294,True,True,True,True,Eyes,1.305289,-0.2592225,-3.167855,0.0845428,-0.2346154,0.9684049,0.0,0.0,0.0,0.0,0.0,0.0,0.0,-1.165611,0.4370489,3.213805,1.311738,-0.2569692,-3.176714,0.02580381,-0.02219193,0.006084012,0.9994022,2.971936,357.4723,0.6320031,0.380092,-0.07543566,-0.9218671,0,0,0,1.534319,-0.7610765,-1.119281,0.3087001,-0.4008,2.069,0.998941,0.01101548,0.0446713,-0.01330602,0.9985943,0.05130674,-0.04404333,-0.0518468,0.9976833,static,7.3161591551480925,-10.789197480558034,8.486075937878136,-10.963361697755134,0.22258099999999992,-0.5041073,2.057433,0.1251287796357481,-0.18572483759805175,0.9746019672148502,8.116014792526565,-11.701101739950973,1.1581270303580384,1.1828095590860321,0.8253518165958282
3116,05/07/2023 20:00:37.024015,3295,True,True,True,True,Eyes,1.305246,-0.2592157,-3.16786,0.08416573,-0.2345675,0.9684494,0.0,0.0,0.0,0.0,0.0,0.0,0.0,-1.163624,0.4357448,3.214733,1.311808,-0.2567612,-3.176733,0.02550651,-0.02247691,0.00640389,0.9994015,2.938864,357.4404,0.6685907,0.3800711,-0.07543634,-0.9218756,0,0,0,1.533482,-0.7594879,-1.118865,0.3087002,-0.4008,2.069,0.9989075,0.0116535,0.04525359,-0.01394673,0.9986168,0.0506946,-0.04460022,-0.05127036,0.9976884,static,7.319197047956671,-10.824341573638309,8.486078646823053,-10.963361697755134,0.22167399999999993,-0.5027267,2.057868,0.1251660636818368,-0.1863217304788224,0.9744832947653925,8.119252315187584,-11.736763129808427,1.1513177791945501,1.1751337203409757,0.8559855913993054
3117,05/07/2023 20:00:37.034383,3296,True,True,True,True,Eyes,1.305179,-0.2592137,-3.16786,0.08381778,-0.2345318,0.9684882,0.0,0.0,0.0,0.0,0.0,0.0,0.0,-1.162625,0.4323469,3.215625,1.31197,-0.2567058,-3.176744,0.02509248,-0.02268995,0.006116957,0.999409,2.890817,357.4149,0.6361175,0.3800512,-0.07543678,-0.9218838,0,0,0,1.532486,-0.7578939,-1.118375,0.3087002,-0.4008,2.069,0.9988955,0.01108799,0.04566006,-0.01336538,0.9986659,0.0498777,-0.0450461,-0.05043287,0.9977111,static,7.3307874113503555,-10.866428174360358,8.486078646823053,-10.963361697755134,0.22051599999999993,-0.5011881,2.058369,0.12534593633664082,-0.1870332013798185,0.9743238459670971,8.130904973403297,-11.779577259117827,1.1367249175568468,1.159350657358574,0.8901439102196338
3118,05/07/2023 20:00:37.054424,3297,True,True,True,True,Eyes,1.305112,-0.2592144,-3.167858,0.08348162,-0.2345123,0.968522,0.0,0.0,0.0,0.0,0.0,0.0,0.0,-1.164452,0.4303544,3.215163,1.311984,-0.2567253,-3.176667,0.02502272,-0.02247818,0.005486674,0.9994192,2.881073,357.4373,0.5646303,0.3800316,-0.07543717,-0.9218918,0,0,0,1.532808,-0.7579552,-1.118342,0.3087003,-0.4008,2.069,0.9989293,0.009842044,0.04520482,-0.0120919,0.9986875,0.0497697,-0.04465566,-0.05026302,0.9977372,static,7.302534248611797,-10.864446023999001,8.486081355767933,-10.963361697755134,0.2208239999999999,-0.5012299,2.058325,0.12486601655603802,-0.18701090905751386,0.974389789568848,8.103264774760628,-11.77718440535313,1.1645101620196527,1.1876733832886415,0.8993641832407246
3119,05/07/2023 20:00:37.064131,3298,True,True,True,True,Eyes,1.305077,-0.2592188,-3.167857,0.08313757,-0.2345166,0.9685505,0.0,0.0,0.0,0.0,0.0,0.0,0.0,-1.164932,0.4318697,3.214683,1.311916,-0.2568907,-3.176578,0.02526648,-0.02240147,0.00540687,0.9994152,2.90876,357.446,0.5550835,0.3800123,-0.07543761,-0.9218997,0,0,0,1.532995,-0.7591615,-1.118534,0.3087002,-0.4008,2.069,0.9989378,0.009675402,0.04504997,-0.01193943,0.9986647,0.05026116,-0.04450352,-0.05074565,0.9977195,static,7.2752186606351446,-10.834695046989633,8.486078646823053,-10.963361697755134,0.22107900000000003,-0.5022708,2.058044,0.12441338256161458,-0.18651560811068307,0.9745425595847489,8.07633021671988,-11.746659337201852,1.193343117530126,1.2176768919422725,0.8839960225786166
3120,05/07/2023 20:00:37.084408,3299,True,True,True,True,Eyes,1.305047,-0.259219,-3.167854,0.08281857,-0.2345562,0.9685682,0.0,0.0,0.0,0.0,0.0,0.0,0.0,-1.163877,0.4355432,3.214582,1.311858,-0.2569812,-3.176608,0.02573852,-0.02252921,0.005636653,0.9993989,2.963518,357.4322,0.5798619,0.3799941,-0.07543816,-0.9219072,0,0,0,1.532637,-0.7610723,-1.118976,0.3087003,-0.4008,2.069,0.9989213,0.01010679,0.0453215,-0.01242627,0.9986115,0.05119213,-0.04474118,-0.05170009,0.9976599,static,7.264760222127604,-10.785153953866716,8.486081355767933,-10.963361697755134,0.22077900000000006,-0.5040911,2.057632,0.12425558359635344,-0.18567658799402842,0.9747228524881064,8.065727654575527,-11.696305123809637,1.2085969431607204,1.2342541518902408,0.8449279850393562
3121,05/07/2023 20:00:37.103971,3300,True,True,True,True,Eyes,1.305025,-0.2592168,-3.167855,0.0825308,-0.2346641,0.9685667,0.0,0.0,0.0,0.0,0.0,0.0,0.0,-1.165091,0.4380477,3.213793,1.311959,-0.2568737,-3.176566,0.02618817,-0.02236672,0.005535599,0.9993914,3.014696,357.4508,0.5676205,0.379977,-0.0754387,-0.9219143,0,0,0,1.533338,-0.7628585,-1.119464,0.3087003,-0.4008,2.069,0.9989382,0.009892973,0.04499615,-0.01223595,0.998567,0.05209683,-0.04441627,-0.05259209,0.9976279,static,7.231190243920262,-10.737483776322401,8.486081355767933,-10.963361697755134,0.221379,-0.5059848,2.0571019999999995,0.12370341714949395,-0.18487841950382386,0.9749448495754239,8.032541515298346,-11.6475331675038,1.2477503741971705,1.2750578567206488,0.8208465063038446
3122,05/07/2023 20:00:37.114058,3301,True,True,True,True,Eyes,1.304999,-0.2592129,-3.167861,0.08226337,-0.234765,0.968565,0.0,0.0,0.0,0.0,0.0,0.0,0.0,-1.166474,0.4385017,3.213342,1.311993,-0.2568172,-3.17667,0.02639478,-0.02219209,0.005209241,0.9993917,3.037449,357.4699,0.5302018,0.379961,-0.07543914,-0.9219208,0,0,0,1.533809,-0.763818,-1.119866,0.3087001,-0.4008001,2.069,0.9989607,0.009240633,0.04463218,-0.01158366,0.9985524,0.05252624,-0.04408219,-0.05298865,0.9976216,static,7.203299432415247,-10.714787592769094,8.486075937878136,-10.963364366844228,0.221816,-0.5070007999999999,2.056804,0.12323765937387554,-0.18450298115426186,0.9750749487865003,8.005098149346907,-11.624150634110107,1.2783540099553028,1.306639191045937,0.8172992867166622
3123,05/07/2023 20:00:37.134271,3302,True,True,True,True,Eyes,1.304967,-0.2592112,-3.167866,0.08200977,-0.2348351,0.9685695,0.0,0.0,0.0,0.0,0.0,0.0,0.0,-1.167673,0.4374233,3.213124,1.3119,-0.2567776,-3.176782,0.0263351,-0.02202042,0.004943671,0.9993985,3.02985,357.4888,0.5004151,0.379946,-0.07543943,-0.921927,0,0,0,1.534184,-0.7636693,-1.120002,0.3087002,-0.4008,2.069,0.9989813,0.008721573,0.04427473,-0.01104121,0.9985641,0.05242078,-0.04375397,-0.05285623,0.9976431,static,7.175481344873963,-10.721617934356624,8.486078646823053,-10.963361697755134,0.22228399999999993,-0.5068917,2.0567800000000003,0.1227612434478405,-0.18463020321263393,0.9751109516698672,7.977950345530803,-11.630695547641974,1.3040979814293807,1.332706019727648,0.8387662593231431
3124,05/07/2023 20:00:37.154303,3303,True,True,True,True,Eyes,1.304934,-0.2592084,-3.167872,0.08176552,-0.234891,0.9685766,0.0,0.0,0.0,0.0,0.0,0.0,0.0,-1.16802,0.4361283,3.213124,1.311782,-0.2568334,-3.176777,0.02605619,-0.02192979,0.005118167,0.9994069,2.998279,357.4996,0.5213933,0.3799316,-0.07543965,-0.921933,0,0,0,1.534587,-0.762484,-1.119747,0.3087001,-0.4008,2.069,0.9989858,0.009087448,0.04410028,-0.01137307,0.9985898,0.05185699,-0.04356684,-0.05230595,0.9976803,static,7.147048173114143,-10.758080658438514,8.486075937878136,-10.963361697755134,0.22280499999999992,-0.5056506000000001,2.05703,0.1222625296865652,-0.18526221333585596,0.9750537412645376,7.9504263894784994,-11.667265854525274,1.326387642416728,1.3546717904761159,0.8845346237536524
3125,05/07/2023 20:00:37.174513,3304,True,True,True,True,Eyes,1.304886,-0.2592087,-3.167878,0.08153901,-0.2349083,0.9685915,0.0,0.0,0.0,0.0,0.0,0.0,0.0,-1.167496,0.4362068,3.213363,1.311734,-0.2568237,-3.176857,0.02599013,-0.02198114,0.005321776,0.9994065,2.991244,357.4943,0.5447536,0.3799177,-0.0754398,-0.9219387,0,0,0,1.534508,-0.7620959,-1.119731,0.3087002,-0.4008,2.069,0.998977,0.009494648,0.04421281,-0.01177982,0.9985924,0.05171544,-0.04365956,-0.05218336,0.9976827,static,7.134777073517141,-10.768652514848979,8.486078646823053,-10.963361697755134,0.22277400000000003,-0.5052722000000001,2.0571260000000002,0.12204936897212057,-0.18544702298214807,0.9750453151692419,7.938508426012011,-11.677814187044428,1.336999575409527,1.3652573412829592,0.9001530459709175
3126,05/07/2023 20:00:37.184258,3305,True,True,True,True,Eyes,1.304836,-0.2592096,-3.167884,0.08132372,-0.2349151,0.968608,0.0,0.0,0.0,0.0,0.0,0.0,0.0,-1.167614,0.4355514,3.213378,1.311699,-0.2568273,-3.17684,0.02579902,-0.02193313,0.005548928,0.9994111,2.969885,357.5004,0.5714208,0.379904,-0.07543995,-0.9219443,0,0,0,1.534868,-0.7611917,-1.119533,0.3087002,-0.4008001,2.069,0.9989763,0.009959615,0.04412674,-0.01222303,0.9986072,0.05132424,-0.04355411,-0.05181106,0.9977067,static,7.111438032807922,-10.792891667228938,8.486078646823053,-10.963364366844228,0.22316899999999995,-0.5043644,2.0573069999999998,0.12164231950383045,-0.18586886856202428,0.9750159071070837,7.9158724437871575,-11.702064565499334,1.357056950573064,1.3851706606097387,0.9331736695137226
3127,05/07/2023 20:00:37.204343,3306,True,True,True,True,Eyes,1.304793,-0.2592124,-3.16789,0.08106773,-0.2349038,0.9686321,0.0,0.0,0.0,0.0,0.0,0.0,0.0,-1.167662,0.435347,3.213285,1.31164,-0.2567942,-3.176763,0.02569631,-0.02189591,0.005746535,0.9994135,2.958586,357.5052,0.5944468,0.3798904,-0.07544015,-0.9219499,0,0,0,1.535137,-0.7606297,-1.119362,0.3087002,-0.4008,2.069,0.9989751,0.01036104,0.04406147,-0.01261162,0.9986134,0.05111083,-0.04347082,-0.05161413,0.9977205,static,7.087525582963156,-10.805501480456806,8.486078646823053,-10.963361697755134,0.22349700000000006,-0.5038355,2.0574009999999996,0.12123014118585497,-0.18609288386710102,0.9750244144093447,7.892587394677092,-11.714520296106112,1.3791933324832666,1.4074340199943227,0.9573249742121985
3128,05/07/2023 20:00:37.224590,3307,True,True,True,True,Eyes,1.304755,-0.2592116,-3.167893,0.08081362,-0.2348868,0.9686575,0.0,0.0,0.0,0.0,0.0,0.0,0.0,-1.16654,0.4362233,3.213609,1.311571,-0.2569396,-3.176815,0.02567637,-0.02202092,0.006091299,0.9994092,2.957241,357.4919,0.6336638,0.3798769,-0.07544044,-0.9219554,0,0,0,1.53486,-0.7605131,-1.119328,0.3087003,-0.4008001,2.069,0.998956,0.01104457,0.04432862,-0.01330623,0.9986072,0.05105412,-0.04370301,-0.05159067,0.9977117,static,7.078487148012922,-10.810470666346484,8.486081355767933,-10.963364366844228,0.22328899999999985,-0.5035735000000001,2.057487,0.12107427685324182,-0.18618102180926988,0.9750269990623415,7.883787647438917,-11.719433990397533,1.3875891636031739,1.4158735598058716,0.966643153781557
3129,05/07/2023 20:00:37.234310,3308,True,True,True,True,Eyes,1.304728,-0.2592178,-3.167892,0.08053533,-0.2349163,0.9686735,0.0,0.0,0.0,0.0,0.0,0.0,0.0,-1.165562,0.4363851,3.213951,1.311597,-0.256847,-3.176821,0.02563759,-0.02215479,0.006292502,0.999406,2.953389,357.4771,0.656438,0.3798639,-0.07544069,-0.9219608,0,0,0,1.534512,-0.7601585,-1.119229,0.3087002,-0.4008,2.069,0.9989391,0.01144154,0.04460591,-0.01371352,0.9986062,0.05096589,-0.04396061,-0.05152353,0.9977037,static,7.072593933003266,-10.818732806441801,8.486078646823053,-10.963361697755134,0.2229150000000002,-0.5033114999999999,2.0575919999999996,0.12097064901589866,-0.18632398745451295,0.9750125285153374,7.878088238266217,-11.727727973458478,1.392665422350962,1.4208647199521596,0.9766822105115397
3130,05/07/2023 20:00:37.254195,3309,True,True,True,True,Eyes,1.304704,-0.2592214,-3.167895,0.08025789,-0.2349503,0.9686883,0.0,0.0,0.0,0.0,0.0,0.0,0.0,-1.165759,0.4366621,3.21378,1.311695,-0.2570183,-3.176705,0.02565015,-0.02213844,0.006304938,0.9994061,2.954849,357.479,0.6578811,0.3798514,-0.07544112,-0.9219658,0,0,0,1.534689,-0.7603742,-1.119132,0.3087003,-0.4008,2.069,0.9989403,0.01146668,0.04457403,-0.01373809,0.9986047,0.05099067,-0.04392714,-0.05154899,0.9977039,static,7.054176304144062,-10.818723763049894,8.486081355767933,-10.963361697755134,0.22299399999999991,-0.5033559000000001,2.057573,0.12065706571612438,-0.18633100076257506,0.9750500631156457,7.860079941212238,-11.727468580511259,1.4106740913061366,1.43919151228103,0.9877940571298314
3131,05/07/2023 20:00:37.274063,3310,True,True,True,True,Eyes,1.304708,-0.2592184,-3.167897,0.07999828,-0.2349452,0.968711,0.0,0.0,0.0,0.0,0.0,0.0,0.0,-1.164632,0.4378672,3.213747,1.311224,-0.2570856,-3.176612,0.02579066,-0.02222906,0.006406448,0.9993998,2.971268,357.469,0.6689029,0.3798396,-0.07544164,-0.9219707,0,0,0,1.53394,-0.7609675,-1.119138,0.3087002,-0.4008,2.069,0.9989296,0.0116586,0.04476188,-0.01395181,0.9985876,0.05126554,-0.04410098,-0.05183518,0.9976814,static,7.046635188246547,-10.803106537007006,8.486078646823053,-10.963361697755134,0.22271600000000014,-0.5038819,2.057474,0.12053484429141756,-0.18606800343039184,0.9751153894478694,7.852587735739309,-11.711537365040495,1.4193381122737232,1.44833669669214,0.9803456347348147
3132,05/07/2023 20:00:37.288461,3311,True,True,True,True,Eyes,1.304691,-0.259222,-3.167895,0.07974768,-0.234928,0.9687359,0.0,0.0,0.0,0.0,0.0,0.0,0.0,-1.16414,0.4367535,3.214122,1.311278,-0.2569061,-3.17665,0.02565215,-0.02231683,0.006383883,0.9994014,2.955396,357.4588,0.6664017,0.3798291,-0.075442,-0.921975,0,0,0,1.533605,-0.760235,-1.118999,0.3087003,-0.4008001,2.069,0.9989224,0.01161517,0.04493447,-0.01390507,0.9986024,0.05098864,-0.04427943,-0.05155851,0.9976878,static,7.042728226573845,-10.817465455705062,8.486081355767933,-10.963364366844228,0.22232700000000016,-0.5033289,2.057651,0.12046264311899424,-0.18631402861180707,0.9750773999808512,7.848876774499218,-11.726037692735389,1.4219649315644418,1.4507083607072646,0.9938311126221208
3133,05/07/2023 20:00:37.304455,3312,True,True,True,True,Eyes,1.304688,-0.2592291,-3.16789,0.07956178,-0.2349379,0.9687487,0.0,0.0,0.0,0.0,0.0,0.0,0.0,-1.164786,0.4348168,3.214136,1.311364,-0.2568648,-3.176603,0.02545458,-0.02225931,0.006127799,0.9994094,2.932066,357.4645,0.6376995,0.3798192,-0.07544245,-0.921979,0,0,0,1.53369,-0.7595174,-1.118786,0.3087003,-0.4008002,2.069,0.998934,0.01111516,0.04480429,-0.01338156,0.998629,0.05060628,-0.04418037,-0.05115188,0.9977131,static,7.031857082904251,-10.837284867270263,8.486081355767933,-10.963367035933274,0.22232600000000002,-0.5026526,2.057817,0.12026968283326546,-0.18665569374999125,0.9750357905363082,7.838397945776859,-11.745977857783004,1.4311954091590693,1.4596797419436471,1.0158609639384588
3435,05/07/2023 20:00:42.334317,3614,True,True,True,True,Eyes,1.309078,-0.2570986,-3.168171,-0.3459519,0.01794586,0.9380806,0.0,0.0,0.0,0.0,0.0,0.0,0.0,-1.127311,0.4272454,3.229229,1.311764,-0.2569428,-3.177191,0.02497685,-0.0283259,0.004168568,0.9992779,2.874807,356.7626,0.3967677,0.3808501,-0.07483041,-0.9216034,0,0,0,0.547778,-0.1527019,-1.216562,-0.6506113,0.20896,1.9929,0.9983605,0.006916133,0.05681913,-0.009746101,0.9987175,0.04968147,-0.05640266,-0.05015378,0.9971476,static,-17.015778159388024,4.071016502901886,-18.080027473048364,5.985718288963392,-0.7639859999999999,0.10424090000000003,1.9606290000000002,-0.291959680911534,0.06789975680630339,0.9540173745004805,-15.788018760014358,3.690972823153414,2.0881286259293566,2.1905957023544143,3.2433255608216784
3436,05/07/2023 20:00:42.354261,3615,True,True,True,True,Eyes,1.309095,-0.2570847,-3.168177,-0.3474654,0.01878512,0.9375046,0.0,0.0,0.0,0.0,0.0,0.0,0.0,-1.1268,0.4262913,3.22946,1.311752,-0.2569027,-3.177125,0.02476467,-0.02838424,0.004350859,0.9992809,2.851109,356.7563,0.418185,0.3808463,-0.07482638,-0.9216054,0,0,0,0.5474796,-0.1520778,-1.216638,-0.6506114,0.20896,1.9929,0.9983508,0.007289607,0.05694314,-0.01010131,0.9987355,0.04924673,-0.05651216,-0.04974071,0.9971621,static,-17.101208456270747,4.105335176756887,-18.08003007114106,5.985718288963392,-0.7642724000000001,0.10482489999999997,1.960487,-0.29337097037553117,0.06844025185551034,0.9535456809291353,-15.871810933340397,3.7269170198429262,2.0189679750865457,2.1198897146806366,3.1588629178755654
3437,05/07/2023 20:00:42.364325,3616,True,True,True,True,Eyes,1.309132,-0.257074,-3.168182,-0.349014,0.01962777,0.9369119,0.0,0.0,0.0,0.0,0.0,0.0,0.0,-1.126368,0.4255659,3.229621,1.311799,-0.2568955,-3.17702,0.02460256,-0.02844525,0.004482707,0.9992826,2.832989,356.7497,0.4336518,0.3808432,-0.07482233,-0.921607,0,0,0,0.5472455,-0.1516138,-1.216666,-0.6506114,0.20896,1.9929,0.9983415,0.007559329,0.05707024,-0.01035863,0.9987493,0.0489148,-0.0566291,-0.04942485,0.9971712,static,-17.18886062766963,4.143748186363679,-18.08003007114106,5.985718288963392,-0.7645534999999999,0.1052817,1.9603540000000002,-0.29481701124308196,0.06904737265341543,0.9530557801745604,-15.95780671604833,3.767041196648956,1.9471490960230606,2.046225020824537,3.0702377772514433
3438,05/07/2023 20:00:42.384238,3617,True,True,True,True,Eyes,1.309169,-0.2570638,-3.168185,-0.3504909,0.02041916,0.9363436,0.0,0.0,0.0,0.0,0.0,0.0,0.0,-1.126289,0.4254597,3.229664,1.311818,-0.2569745,-3.177007,0.02458715,-0.02846419,0.004447098,0.9992826,2.831115,356.7474,0.4295653,0.3808413,-0.07481833,-0.9216082,0,0,0,0.5472016,-0.151581,-1.216684,-0.6506113,0.20896,1.9929,0.99834,0.007488107,0.05710622,-0.01028752,0.9987514,0.04888585,-0.05666885,-0.04939218,0.9971705,static,-17.278044137294305,4.189384737955794,-18.080027473048364,5.985718288963392,-0.7646164,0.1053935,1.960323,-0.29628515994068294,0.06977329459440858,0.9525476060015277,-16.04535470919384,3.8145075627611837,1.8704731236180143,1.967229396207462,2.9755754525044273
3439,05/07/2023 20:00:42.404235,3618,True,True,True,True,Eyes,1.309207,-0.2570502,-3.168191,-0.3519749,0.02122452,0.9357688,0.0,0.0,0.0,0.0,0.0,0.0,0.0,-1.127059,0.4269497,3.229165,1.311847,-0.2569713,-3.17696,0.02484324,-0.02835608,0.004390053,0.9992796,2.860228,356.7597,0.4225059,0.3808404,-0.0748144,-0.9216088,0,0,0,0.5476734,-0.152514,-1.216415,-0.6506114,0.20896,1.9929,0.9983533,0.007364866,0.05688941,-0.01018269,0.998727,0.04940172,-0.05645316,-0.04989966,0.9971575,static,-17.383010814677444,4.266177344953461,-18.08003007114106,5.985718288963392,-0.7641736,0.1044573,1.9605449999999998,-0.29800365313193194,0.07101012856267275,0.9519198715722957,-16.148571872374514,3.8937664243720653,1.7627169730383776,1.855439813631166,2.847243118764121
3440,05/07/2023 20:00:42.413963,3619,True,True,True,True,Eyes,1.309247,-0.2570364,-3.168197,-0.3533965,0.02201005,0.9352147,0.0,0.0,0.0,0.0,0.0,0.0,0.0,-1.126914,0.4269029,3.229325,1.311881,-0.2568851,-3.177058,0.02482253,-0.02837567,0.004458194,0.9992793,2.858083,356.7577,0.4303292,0.3808406,-0.07481043,-0.9216091,0,0,0,0.5476099,-0.1524419,-1.21655,-0.6506113,0.20896,1.9929,0.9983499,0.007501248,0.05693175,-0.01031867,0.998728,0.04935627,-0.05648909,-0.04986229,0.9971573,static,-17.468373341120966,4.314944491363951,-18.080027473048364,5.985718288963392,-0.7642711000000001,0.10444319999999999,1.9605080000000001,-0.2994048474805304,0.07178732985643693,0.9514217677699968,-16.232407616108244,3.9443538759389214,1.6892548226559454,1.7792149560546973,2.7533375751117357
3441,05/07/2023 20:00:42.434271,3620,True,True,True,True,Eyes,1.309287,-0.2570216,-3.1682,-0.3548326,0.02282298,0.9346513,0.0,0.0,0.0,0.0,0.0,0.0,0.0,-1.127184,0.4258286,3.22939,1.311938,-0.2568699,-3.177054,0.02470501,-0.02835636,0.004332012,0.9992832,2.844201,356.7595,0.4162962,0.3808416,-0.07480641,-0.921609,0,0,0,0.5477799,-0.1517824,-1.216537,-0.6506113,0.20896,1.9929,0.9983543,0.007256725,0.05688611,-0.0100589,0.9987417,0.04912893,-0.05645801,-0.04962029,0.9971712,static,-17.55994948586117,4.346896570096613,-18.080027473048364,5.985718288963392,-0.7641581000000001,0.10508749999999997,1.960517,-0.3009143581159844,0.07228189677706132,0.9509079826715546,-16.32219103249938,3.977982921429463,1.6315579905028956,1.719365504768008,2.668518363768278
3442,05/07/2023 20:00:42.454112,3621,True,True,True,True,Eyes,1.309326,-0.2570108,-3.168203,-0.3562055,0.02360293,0.9341095,0.0,0.0,0.0,0.0,0.0,0.0,0.0,-1.128227,0.4246925,3.229101,1.311956,-0.256839,-3.176972,0.02465987,-0.02823463,0.004000215,0.9992892,2.837907,356.7725,0.3787465,0.3808436,-0.07480232,-0.9216085,0,0,0,0.5483773,-0.1511049,-1.216264,-0.6506113,0.20896,1.9929,0.9983736,0.006602218,0.0566264,-0.009387266,0.9987518,0.04905878,-0.05623182,-0.04951056,0.9971894,static,-17.660656796376568,4.377130281010478,-18.080027473048364,5.985718288963392,-0.7635786999999999,0.1057341,1.9607080000000001,-0.30257508110474884,0.07274354028154795,0.9503455751287774,-16.420889577733103,4.009994382561786,1.5769310332512083,1.6623559016594744,2.5799657962845126
3443,05/07/2023 20:00:42.464373,3622,True,True,True,True,Eyes,1.309355,-0.2569986,-3.168207,-0.3576383,0.02435374,0.9335425,0.0,0.0,0.0,0.0,0.0,0.0,0.0,-1.128673,0.4248182,3.228921,1.311943,-0.2569253,-3.176964,0.02472592,-0.02818025,0.003844213,0.9992897,2.844952,356.7783,0.360803,0.3808463,-0.07479829,-0.9216077,0,0,0,0.5486256,-0.1512333,-1.216151,-0.6506113,0.20896,1.9929,0.9983822,0.006289398,0.05651056,-0.009076528,0.9987477,0.04920005,-0.05613035,-0.04963337,0.997189,static,-17.756746445652208,4.4250545012649045,-18.080027473048364,5.985718288963392,-0.7633174,0.10569200000000004,1.960813,-0.3041515294928342,0.07349968790394112,0.9497839230953115,-16.515207586195586,4.059873232319671,1.5118376142436638,1.5937948678884948,2.4814391913744327
3444,05/07/2023 20:00:42.484421,3623,True,True,True,True,Eyes,1.309382,-0.2569894,-3.16821,-0.3590146,0.0250715,0.9329951,0.0,0.0,0.0,0.0,0.0,0.0,0.0,-1.128071,0.4248115,3.229149,1.311945,-0.2568868,-3.176983,0.02477717,-0.02828651,0.003720802,0.9992858,2.850463,356.7658,0.3461858,0.3808494,-0.07479428,-0.9216067,0,0,0,0.5482501,-0.1512212,-1.216316,-0.6506113,0.20896,1.9929,0.998372,0.00603457,0.056717,-0.008838009,0.9987445,0.04930845,-0.05634823,-0.04972945,0.9971719,static,-17.830775115888226,4.470181599649595,-18.080027473048364,5.985718288963392,-0.7636949,0.10566560000000003,1.960667,-0.3053621680526487,0.07421754067151864,0.949339571875247,-16.587933740067,4.106617346841326,1.4572039811300894,1.535896544109046,2.399450782718057
3445,05/07/2023 20:00:42.504484,3624,True,True,True,True,Eyes,1.309423,-0.2569778,-3.168214,-0.3604659,0.02590155,0.9324127,0.0,0.0,0.0,0.0,0.0,0.0,0.0,-1.127917,0.4251246,3.229141,1.311944,-0.2569482,-3.176957,0.02480076,-0.02830566,0.003762517,0.9992846,2.853308,356.7637,0.3508379,0.3808529,-0.07479037,-0.9216056,0,0,0,0.5481605,-0.1514347,-1.216316,-0.6506113,0.20896,1.9929,0.9983692,0.006115646,0.05675744,-0.008923654,0.9987415,0.04935303,-0.05638419,-0.04977903,0.9971674,static,-17.91870337142782,4.525823783605504,-18.080027473048364,5.985718288963392,-0.7637835,0.10551350000000001,1.9606409999999999,-0.3067983154812477,0.07510301481991752,0.9488067923762616,-16.67433044264931,4.164207816341836,1.3943090431832876,1.4687809341552023,2.3008443109308208
3446,05/07/2023 20:00:42.514080,3625,True,True,True,True,Eyes,1.309462,-0.2569658,-3.168221,-0.3618649,0.02670237,0.931848,0.0,0.0,0.0,0.0,0.0,0.0,0.0,-1.127101,0.4250174,3.229467,1.311925,-0.2568995,-3.176997,0.0247914,-0.02842859,0.003760459,0.9992813,2.852272,356.7496,0.3502809,0.380857,-0.07478648,-0.9216042,0,0,0,0.5476609,-0.1513434,-1.216546,-0.6506114,0.20896,1.9929,0.9983553,0.006105945,0.05700277,-0.008925082,0.9987425,0.04933335,-0.05662986,-0.04976096,0.9971544,static,-17.991691721233025,4.573972572198492,-18.08003007114106,5.985718288963392,-0.7642641,0.10555610000000001,1.9604510000000002,-0.3079888001750144,0.07586965150374428,0.9483599593335234,-16.746062371378876,4.21400041546918,1.3438498720697685,1.4145068514745756,2.2177587892436956
3447,05/07/2023 20:00:42.534180,3626,True,True,True,True,Eyes,1.309529,-0.2569532,-3.168227,-0.3633336,0.02759505,0.9312504,0.0,0.0,0.0,0.0,0.0,0.0,0.0,-1.126499,0.4246573,3.229801,1.311914,-0.2568763,-3.177082,0.0247278,-0.02851638,0.003786118,0.9992803,2.845099,356.7396,0.3531786,0.3808616,-0.07478259,-0.9216026,0,0,0,0.5472977,-0.1511028,-1.216779,-0.6506113,0.20896,1.9929,0.998345,0.006156492,0.05717897,-0.008977081,0.9987484,0.04920407,-0.05680447,-0.04963594,0.9971507,static,-18.07290847252478,4.622820696092723,-18.080027473048364,5.985718288963392,-0.7646163,0.10577349999999999,1.960303,-0.3093144583574788,0.07664349593799412,0.9478662561538125,-16.825845110863686,4.264613615689211,1.2965180591399559,1.3629161855452152,2.1295949600760626
3448,05/07/2023 20:00:42.553904,3627,True,True,True,True,Eyes,1.309595,-0.2569419,-3.168236,-0.3647448,0.02845426,0.9306726,0.0,0.0,0.0,0.0,0.0,0.0,0.0,-1.126267,0.4233266,3.230042,1.311966,-0.2569157,-3.177042,0.02449672,-0.02855587,0.003830291,0.9992847,2.81878,356.7351,0.3588819,0.3808673,-0.07477865,-0.9216005,0,0,0,0.54718,-0.1502881,-1.216853,-0.6506113,0.20896,1.9929,0.9983397,0.006256051,0.05725855,-0.009054151,0.9987705,0.04873965,-0.05688323,-0.04917716,0.997169,static,-18.155643389338664,4.6515208309519025,-18.080027473048364,5.985718288963392,-0.764786,0.10662760000000002,1.9601890000000002,-0.3106722779316439,0.07708237252966184,0.9473863763005618,-16.90695910799565,4.294826550663455,1.2735071532985573,1.336338513910582,2.0579611900467003
3449,05/07/2023 20:00:42.573954,3628,True,True,True,True,Eyes,1.309651,-0.2569301,-3.168246,-0.3661781,0.02935634,0.9300817,0.0,0.0,0.0,0.0,0.0,0.0,0.0,-1.126157,0.4229707,3.23019,1.311958,-0.2569055,-3.17711,0.02440164,-0.02856003,0.003936681,0.9992864,2.808235,356.7349,0.3713771,0.3808741,-0.07477471,-0.9215981,0,0,0,0.547123,-0.1500516,-1.216952,-0.6506113,0.20896,1.9929,0.9983376,0.006473923,0.05727141,-0.009261568,0.9987781,0.04854359,-0.05688717,-0.04899332,0.9971778,static,-18.243894268801526,4.700972124530817,-18.080027473048364,5.985718288963392,-0.7648349999999999,0.1068539,1.9601579999999998,-0.31211222904269953,0.07786136210435587,0.9468493697869516,-16.993624201070947,4.346146658074541,1.2373238196760756,1.2951544439852036,1.9668419362467249
3450,05/07/2023 20:00:42.584553,3629,True,True,True,True,Eyes,1.309706,-0.2569184,-3.168253,-0.3675496,0.03022314,0.9295127,0.0,0.0,0.0,0.0,0.0,0.0,0.0,-1.126004,0.4216527,3.230386,1.311932,-0.2568959,-3.177092,0.02418766,-0.02857725,0.003961593,0.9992911,2.783805,356.733,0.3748808,0.3808814,-0.07477076,-0.9215954,0,0,0,0.54702,-0.1492288,-1.217008,-0.6506113,0.20896,1.9929,0.9983352,0.006535136,0.05730562,-0.009300003,0.9987985,0.0481146,-0.05692234,-0.04856744,0.9971966,static,-18.327010326783377,4.731459024324572,-18.080027473048364,5.985718288963392,-0.7649120000000001,0.10766710000000002,1.960084,-0.31347392306484917,0.07832817060487449,0.9463608209139556,-17.075124449715023,4.378175737820692,1.224645280964389,1.2783453496498531,1.895790900927333
3451,05/07/2023 20:00:42.604561,3630,True,True,True,True,Eyes,1.309747,-0.2569074,-3.168257,-0.3688944,0.03109058,0.9289511,0.0,0.0,0.0,0.0,0.0,0.0,0.0,-1.12612,0.4216306,3.230383,1.311914,-0.256883,-3.177135,0.02418227,-0.02855526,0.003971485,0.9992918,2.783212,356.7355,0.3760937,0.3808894,-0.0747668,-0.9215924,0,0,0,0.547085,-0.149209,-1.217019,-0.6506113,0.20896,1.9929,0.9983376,0.006556281,0.05726215,-0.009318405,0.9987988,0.04810347,-0.05687799,-0.0485571,0.9971996,static,-18.413661202899437,4.785179368299703,-18.080027473048364,5.985718288963392,-0.764829,0.10767399999999996,1.9601159999999997,-0.3148835921785917,0.07917651773500649,0.945821997589066,-17.16025755795693,4.433800981381599,1.1979351519090113,1.2460357802738549,1.8040022245771288
3452,05/07/2023 20:00:42.623794,3631,True,True,True,True,Eyes,1.309787,-0.256896,-3.168264,-0.3701884,0.03190887,0.9284085,0.0,0.0,0.0,0.0,0.0,0.0,0.0,-1.126055,0.4215737,3.230322,1.311904,-0.2568979,-3.177045,0.02414603,-0.02855728,0.004038935,0.9992924,2.77928,356.7355,0.3839387,0.3808975,-0.07476287,-0.9215894,0,0,0,0.5470458,-0.1491758,-1.216944,-0.6506113,0.20896,1.9929,0.9983363,0.006693064,0.05726918,-0.009451243,0.9988014,0.0480272,-0.05687908,-0.04848856,0.9972029,static,-18.494002834843666,4.834752232359176,-18.080027473048364,5.985718288963392,-0.7648581999999999,0.10772210000000002,1.960101,-0.3161897654100347,0.07995822109020484,0.9453204141885037,-17.23919014021803,4.485136848681103,1.180346155422152,1.223151038763656,1.720102345559966
3453,05/07/2023 20:00:42.634531,3632,True,True,True,True,Eyes,1.309807,-0.256882,-3.168269,-0.3714428,0.03273509,0.9278786,0.0,0.0,0.0,0.0,0.0,0.0,0.0,-1.125699,0.4227967,3.230345,1.311915,-0.2568759,-3.177102,0.02433001,-0.02861055,0.004065069,0.9992864,2.800466,356.7295,0.3861876,0.3809057,-0.07475896,-0.9215863,0,0,0,0.5468416,-0.1499191,-1.217043,-0.6506113,0.20896,1.9929,0.9983298,0.006732145,0.05737806,-0.009516524,0.9987831,0.04839267,-0.05698245,-0.04885789,0.997179,static,-18.566909143946393,4.907966752011665,-18.080027473048364,5.985718288963392,-0.7650733999999999,0.10695679999999999,1.960059,-0.31736217984897913,0.08113262150380453,0.9448273814070653,-17.311032396575545,4.560333576980993,1.1461124837767447,1.1826251041045366,1.619590999231777
3454,05/07/2023 20:00:42.653948,3633,True,True,True,True,Eyes,1.309825,-0.2568691,-3.168275,-0.372644,0.03352783,0.9273685,0.0,0.0,0.0,0.0,0.0,0.0,0.0,-1.12605,0.4229881,3.230126,1.311911,-0.2568069,-3.177036,0.02435109,-0.02855071,0.004118757,0.9992872,2.803034,356.7365,0.3924422,0.3809136,-0.07475501,-0.9215833,0,0,0,0.5470553,-0.1500108,-1.216883,-0.6506113,0.20896,1.9929,0.9983358,0.006841161,0.05726131,-0.009622126,0.9987801,0.04843229,-0.05686012,-0.04890266,0.9971838,static,-18.648935716638228,4.962127615908033,-18.080027473048364,5.985718288963392,-0.7648557,0.1067961,1.9601530000000003,-0.3186921350550642,0.08198712654785692,0.9443057953053285,-17.39164734254282,4.616342480178669,1.1401015259537974,1.171065521476244,1.5326634691802514
3455,05/07/2023 20:00:42.674412,3634,True,True,True,True,Eyes,1.309795,-0.2568547,-3.168285,-0.3737823,0.0343468,0.9268804,0.0,0.0,0.0,0.0,0.0,0.0,0.0,-1.126199,0.4230354,3.230096,1.311875,-0.2568222,-3.177078,0.0243551,-0.0285215,0.004121075,0.999288,2.803489,356.7398,0.392777,0.3809211,-0.07475106,-0.9215805,0,0,0,0.5471327,-0.1500458,-1.21688,-0.6506113,0.20896,1.9929,0.9983391,0.006846994,0.05720311,-0.00962557,0.9987797,0.04844043,-0.05680164,-0.04891059,0.9971867,static,-18.72390415972307,5.0136940589625585,-18.080027473048364,5.985718288963392,-0.7647422999999999,0.1067764,1.9601979999999999,-0.3199058589057059,0.08280124147193131,0.9438243386436904,-17.46534132991256,4.669625927646428,1.1399790450229117,1.1659366583789663,1.4525626176106938
3456,05/07/2023 20:00:42.684335,3635,True,True,True,True,Eyes,1.309766,-0.2568415,-3.168297,-0.37487,0.03513034,0.9264115,0.0,0.0,0.0,0.0,0.0,0.0,0.0,-1.126381,0.422723,3.230062,1.311866,-0.2567621,-3.177076,0.02434469,-0.02850018,0.004045179,0.9992892,2.80204,356.7421,0.3841691,0.380927,-0.07474709,-0.9215783,0,0,0,0.5472304,-0.1498373,-1.216844,-0.6506113,0.20896,1.9929,0.9983428,0.006696951,0.05715679,-0.009472262,0.998782,0.04842419,-0.05676287,-0.04888534,0.9971902,static,-18.79529240514332,5.058157809185082,-18.080027473048364,5.985718288963392,-0.7646356,0.10692479999999999,1.960232,-0.3210627737246791,0.083499138457017,0.9433697653761841,-17.53548070962607,4.715661835472511,1.1496562029582358,1.1713122413478707,1.3818735733081846
3457,05/07/2023 20:00:42.704270,3636,True,True,True,True,Eyes,1.309701,-0.256826,-3.168312,-0.3759263,0.035915,0.9259533,0.0,0.0,0.0,0.0,0.0,0.0,0.0,-1.126681,0.4228712,3.230001,1.311845,-0.2567941,-3.177146,0.0243247,-0.0284394,0.004144882,0.9992911,2.800051,356.7493,0.3958353,0.3809315,-0.07474313,-0.9215769,0,0,0,0.5474167,-0.1499325,-1.21683,-0.6506113,0.20896,1.9929,0.9983481,0.006900327,0.0570401,-0.009667447,0.9987823,0.04837916,-0.05663681,-0.04885066,0.9971991,static,-18.868195044337867,5.10910669501106,-18.080027473048364,5.985718288963392,-0.7644283,0.10686160000000003,1.960316,-0.3222409882693664,0.08430233400532021,0.9428965192416487,-17.60715011876185,4.7682912943726015,1.1615214885448353,1.1788367177366175,1.306040381977287
3458,05/07/2023 20:00:42.724591,3637,True,True,True,True,Eyes,1.309638,-0.2568102,-3.168326,-0.376934,0.0366776,0.9255136,0.0,0.0,0.0,0.0,0.0,0.0,0.0,-1.126635,0.4219798,3.230189,1.311835,-0.2567342,-3.177211,0.02417679,-0.02843979,0.004190603,0.9992943,2.783252,356.7494,0.4015546,0.3809338,-0.07473914,-0.9215763,0,0,0,0.54739,-0.1493511,-1.21693,-0.6506113,0.20896,1.9929,0.9983472,0.007000126,0.05704208,-0.009750457,0.9987959,0.04808109,-0.05663681,-0.04855781,0.9972133,static,-18.931039376718285,5.141754870661666,-18.080027473048364,5.985718288963392,-0.764445,0.10738310000000004,1.9602809999999997,-0.32326105628599233,0.08480842260164906,0.9425018469092804,-17.668845686163294,4.802235506893014,1.1841683415632513,1.1985389070111312,1.252877470993489
3459,05/07/2023 20:00:42.733986,3638,True,True,True,True,Eyes,1.30956,-0.2567953,-3.16834,-0.3778692,0.03740981,0.9251029,0.0,0.0,0.0,0.0,0.0,0.0,0.0,-1.127112,0.4211652,3.230092,1.311837,-0.2567304,-3.177173,0.02403855,-0.02836375,0.004222462,0.9992998,2.767485,356.7581,0.4058652,0.3809342,-0.07473512,-0.9215764,0,0,0,0.5476793,-0.1488457,-1.216807,-0.6506113,0.20896,1.9929,0.9983553,0.007075364,0.05689077,-0.009802656,0.9988086,0.04780389,-0.05648477,-0.04828295,0.9972352,static,-18.9982649422306,5.173255228310831,-18.080027473048364,5.985718288963392,-0.7641576999999999,0.10788470000000003,1.9603659999999998,-0.3243532306712324,0.08529288341201209,0.9420828560024248,-17.734816371953208,4.835075878995871,1.2144291667600773,1.226073519302624,1.2013112252597968
3460,05/07/2023 20:00:42.754193,3639,True,True,True,True,Eyes,1.309485,-0.2567803,-3.16835,-0.3787595,0.03811288,0.9247101,0.0,0.0,0.0,0.0,0.0,0.0,0.0,-1.127327,0.4207785,3.230054,1.31182,-0.2567317,-3.177166,0.02398287,-0.02832937,0.004209976,0.9993021,2.761051,356.7621,0.4047084,0.3809325,-0.07473111,-0.9215775,0,0,0,0.5478002,-0.1486093,-1.21676,-0.6506114,0.20896,1.9929,0.9983594,0.007055236,0.05682113,-0.009772913,0.9988142,0.04769372,-0.05641725,-0.04817078,0.9972445,static,-19.058434687584327,5.210330913089897,-18.08003007114106,5.985718288963392,-0.7640198,0.10812240000000001,1.960406,-0.3253261616287372,0.08587213957440074,0.941694740193966,-17.793930462046454,4.873471233110717,1.2392700776216636,1.2483994457470262,1.148453960582239
3461,05/07/2023 20:00:42.773990,3640,True,True,True,True,Eyes,1.309426,-0.2567643,-3.168359,-0.379611,0.0387577,0.9243339,0.0,0.0,0.0,0.0,0.0,0.0,0.0,-1.127661,0.4206181,3.229922,1.311809,-0.2567168,-3.177136,0.02396635,-0.02827781,0.004194972,0.9993041,2.759089,356.7679,0.4031839,0.3809289,-0.07472711,-0.9215793,0,0,0,0.547995,-0.1485085,-1.216654,-0.6506113,0.20896,1.9929,0.9983655,0.007028673,0.05671734,-0.009739537,0.9988161,0.04766208,-0.05631519,-0.04813658,0.9972519,static,-19.118257638560575,5.248240726965129,-18.080027473048364,5.985718288963392,-0.763814,0.10820830000000004,1.960482,-0.3262923807302433,0.08646472276720597,0.9413059881428992,-17.852711807444187,4.912707302868743,1.2666082327179058,1.273497165693907,1.0968249578254874
3462,05/07/2023 20:00:42.784431,3641,True,True,True,True,Eyes,1.309369,-0.2567474,-3.16837,-0.38043,0.03937677,0.9239711,0.0,0.0,0.0,0.0,0.0,0.0,0.0,-1.128421,0.4208505,3.229574,1.311749,-0.2566767,-3.17711,0.02400307,-0.02814981,0.00421275,0.9993067,2.763302,356.7827,0.4054582,0.3809242,-0.07472307,-0.9215816,0,0,0,0.5484313,-0.1486414,-1.216425,-0.6506113,0.20896,1.9929,0.9983796,0.007068295,0.05646282,-0.009771022,0.9988123,0.04773567,-0.05605834,-0.04821002,0.9972628,static,-19.184772500288165,5.292253443339093,-18.080027473048364,5.985718288963392,-0.7633177000000001,0.10803529999999997,1.9606849999999998,-0.3273652468416708,0.08715356957052245,0.9408700011278128,-17.918082703940094,4.958219856483693,1.2996567969552044,1.3043600221287839,1.0401822614281455
3463,05/07/2023 20:00:42.804247,3642,True,True,True,True,Eyes,1.309336,-0.2567329,-3.168375,-0.3812308,0.03997508,0.9236152,0.0,0.0,0.0,0.0,0.0,0.0,0.0,-1.128318,0.4209945,3.22963,1.311721,-0.2566452,-3.177164,0.02402064,-0.02815818,0.004237617,0.9993058,2.765399,356.7818,0.4082297,0.3809184,-0.07471898,-0.9215842,0,0,0,0.5483631,-0.1487146,-1.216489,-0.6506113,0.20896,1.9929,0.9983783,0.007116595,0.05648085,-0.009822105,0.9988101,0.04776929,-0.0560737,-0.04824659,0.9972603,static,-19.234396336458094,5.332723837909084,-18.080027473048364,5.985718288963392,-0.7633578999999999,0.10793060000000002,1.960675,-0.3281615065718516,0.08779244252341187,0.9405330829912112,-17.96691111295148,4.999912621707795,1.323115432522315,1.3262613716449665,0.9922742184067981
3464,05/07/2023 20:00:42.824434,3643,True,True,True,True,Eyes,1.309302,-0.2567174,-3.168384,-0.3820036,0.04054619,0.923271,0.0,0.0,0.0,0.0,0.0,0.0,0.0,-1.128542,0.4210953,3.229487,1.311684,-0.2566585,-3.177126,0.02402718,-0.02811627,0.004257761,0.9993069,2.766196,356.7867,0.4106344,0.3809124,-0.0747149,-0.9215871,0,0,0,0.5484844,-0.148783,-1.216386,-0.6506113,0.20896,1.9929,0.9983827,0.007158511,0.05639816,-0.00986073,0.9988091,0.04778162,-0.05598896,-0.04826047,0.9972643,static,-19.288037165212472,5.370237324336449,-18.080027473048364,5.985718288963392,-0.7631996000000001,0.10787550000000001,1.96074,-0.3290247514067138,0.0883801197016913,0.9401764466209207,-18.01964474406862,5.038663003759766,1.353880229918835,1.3557670279884135,0.9489782859429198
3465,05/07/2023 20:00:42.833960,3644,True,True,True,True,Eyes,1.309232,-0.2566985,-3.168391,-0.3827158,0.04112123,0.9229506,0.0,0.0,0.0,0.0,0.0,0.0,0.0,-1.128228,0.4216787,3.229537,1.311669,-0.2566605,-3.177149,0.02407946,-0.02815135,0.00435835,0.9993042,2.772525,356.7829,0.4219021,0.380906,-0.07471078,-0.9215901,0,0,0,0.5483011,-0.1491341,-1.216456,-0.6506114,0.20896,1.9929,0.998377,0.007354896,0.05647342,-0.01006637,0.9988024,0.04788002,-0.05605363,-0.04837079,0.9972553,static,-19.328688540398396,5.416344558779915,-18.08003007114106,5.985718288963392,-0.7633679,0.10752640000000002,1.960693,-0.32967005015944245,0.08911542963402783,0.9398809751217043,-18.059742988662315,5.0859470569041925,1.3715178705565185,1.3723463183435587,0.8999999087537897
3466,05/07/2023 20:00:42.853951,3645,True,True,True,True,Eyes,1.309164,-0.2566814,-3.168398,-0.3834036,0.04167427,0.9226402,0.0,0.0,0.0,0.0,0.0,0.0,0.0,-1.128103,0.4220806,3.229431,1.311652,-0.2566034,-3.177061,0.02412434,-0.02816114,0.004430506,0.9993025,2.777902,356.782,0.4300038,0.3808985,-0.07470658,-0.9215935,0,0,0,0.5482233,-0.1493569,-1.216377,-0.6506113,0.20896,1.9929,0.9983746,0.007496095,0.05649676,-0.01021357,0.9987968,0.04796549,-0.05606923,-0.04846455,0.99725,static,-19.37088357719043,5.4591312814280855,-18.080027473048364,5.985718288963392,-0.7634287000000001,0.1072465,1.960684,-0.33034186232555324,0.08979492806382616,0.9395802939708404,-18.101325339354766,5.129886594882535,1.3940571064121656,1.3941317577997498,0.8560966579204214
3467,05/07/2023 20:00:42.873985,3646,True,True,True,True,Eyes,1.309115,-0.2566673,-3.168406,-0.3840816,0.0422254,0.9223331,0.0,0.0,0.0,0.0,0.0,0.0,0.0,-1.127633,0.4217868,3.229637,1.311661,-0.256584,-3.177063,0.0240828,-0.02823556,0.004425895,0.9993014,2.77316,356.7734,0.4294015,0.38089,-0.07470234,-0.9215974,0,0,0,0.547942,-0.1491651,-1.216501,-0.6506113,0.20896,1.9929,0.9983663,0.007485624,0.05664484,-0.01020559,0.9988009,0.04788202,-0.05621849,-0.04838188,0.9972456,static,-19.405321473995294,5.488477776786091,-18.080027473048364,5.985718288963392,-0.7637189999999999,0.10741889999999998,1.960562,-0.3308926435941708,0.09025770820318417,0.9393421164541169,-18.135220811535113,5.1600984684025475,1.4158199411810712,1.4155042620551392,0.8274626231535985
3468,05/07/2023 20:00:42.894319,3647,True,True,True,True,Eyes,1.30907,-0.2566512,-3.168414,-0.3847304,0.04275813,0.9220381,0.0,0.0,0.0,0.0,0.0,0.0,0.0,-1.127212,0.4220114,3.229846,1.31171,-0.2566431,-3.177131,0.02410925,-0.02830779,0.004421965,0.9992987,2.776209,356.7651,0.4286652,0.380881,-0.07469814,-0.9216015,0,0,0,0.5477095,-0.1493223,-1.216672,-0.6506113,0.20896,1.9929,0.9983582,0.007472769,0.0567891,-0.01020269,0.9987984,0.04793433,-0.05636266,-0.04843504,0.9972348,static,-19.4383957235563,5.52442606606304,-18.080027473048364,5.985718288963392,-0.7640005,0.10732080000000002,1.9604590000000002,-0.33141753129819523,0.09082931389443441,0.9391019390367282,-18.16783313413761,5.196983029565643,1.4351668086697,1.4345573599185013,0.7936076760821775
3469,05/07/2023 20:00:42.904246,3648,True,True,True,True,Eyes,1.309014,-0.2566392,-3.16842,-0.3853408,0.0432414,0.9217607,0.0,0.0,0.0,0.0,0.0,0.0,0.0,-1.127432,0.4216464,3.229814,1.311756,-0.2565818,-3.177113,0.02410367,-0.02829276,0.004312319,0.9992998,2.775209,356.7666,0.4161542,0.3808717,-0.07469391,-0.9216056,0,0,0,0.5478483,-0.1490837,-1.216629,-0.6506113,0.20896,1.9929,0.9983618,0.00725468,0.05675378,-0.009982518,0.9988008,0.04792957,-0.05633801,-0.04841759,0.9972371,static,-19.479685808083822,5.549386031902402,-18.080027473048364,5.985718288963392,-0.7639077,0.10749810000000001,1.960484,-0.3320824506662843,0.09121580475393981,0.938829623417186,-18.208395133071164,5.222842054218609,1.4668311569886903,1.4660932076052218,0.7736009343829068
3470,05/07/2023 20:00:42.914151,3649,True,True,True,True,Eyes,1.308962,-0.2566258,-3.168423,-0.3859176,0.04370688,0.9214972,0.0,0.0,0.0,0.0,0.0,0.0,0.0,-1.127893,0.4218994,3.229597,1.311752,-0.2566682,-3.177084,0.02413723,-0.02822308,0.004294173,0.999301,2.778967,356.7745,0.4141598,0.3808619,-0.0746898,-0.92161,0,0,0,0.548123,-0.1492787,-1.216486,-0.6506113,0.20896,1.9929,0.9983701,0.007219889,0.05661399,-0.009944797,0.9987979,0.04799832,-0.0561994,-0.0484831,0.9972417,static,-19.52464196764948,5.581821583230296,-18.080027473048364,5.985718288963392,-0.763629,0.10738950000000003,1.9605979999999998,-0.3328033680729923,0.09172253226414681,0.9385247307510122,-18.252598542744632,5.256327728716389,1.500769704398827,1.5000145289008648,0.7495274267653926
3471,05/07/2023 20:00:42.933961,3650,True,True,True,True,Eyes,1.308903,-0.2566138,-3.168423,-0.3864193,0.04415005,0.9212659,0.0,0.0,0.0,0.0,0.0,0.0,0.0,-1.128717,0.4217288,3.229278,1.311765,-0.2566209,-3.177028,0.02417366,-0.02811378,0.004150416,0.9993039,2.782633,356.7867,0.3978658,0.3808518,-0.07468574,-0.9216145,0,0,0,0.5486093,-0.1491743,-1.216249,-0.6506113,0.20896,1.9929,0.9983848,0.006935827,0.05638908,-0.009654279,0.9987968,0.04808029,-0.05598776,-0.04854702,0.9972505,static,-19.5703475228827,5.607776171261667,-18.080027473048364,5.985718288963392,-0.7631557000000001,0.10744659999999998,1.960779,-0.3335396061182809,0.09212225557387045,0.9382242706350903,-18.297485422984035,5.283254837437886,1.538154999802959,1.5374960472375456,0.7353522018185249
3472,05/07/2023 20:00:42.954212,3651,True,True,True,True,Eyes,1.308845,-0.2566023,-3.168422,-0.3868959,0.04456269,0.921046,0.0,0.0,0.0,0.0,0.0,0.0,0.0,-1.12971,0.422283,3.228771,1.311803,-0.256643,-3.176923,0.02427763,-0.02797235,0.004099851,0.9993055,2.794328,356.8028,0.392132,0.3808413,-0.0746818,-0.9216192,0,0,0,0.549217,-0.1495395,-1.215902,-0.6506114,0.20896,1.9929,0.9984015,0.006835803,0.05610491,-0.009552212,0.9987875,0.04829217,-0.05570677,-0.0487509,0.9972563,static,-19.617712647038083,5.643674966355253,-18.08003007114106,5.985718288963392,-0.7625860000000001,0.10710350000000002,1.961021,-0.3342976160313846,0.09268367890076323,0.9378991654085205,-18.344070575902762,5.32028339384838,1.5756519006051133,1.5752654819928351,0.7159057115232023
3473,05/07/2023 20:00:42.974003,3652,True,True,True,True,Eyes,1.308751,-0.2565934,-3.168424,-0.3873289,0.04493985,0.9208456,0.0,0.0,0.0,0.0,0.0,0.0,0.0,-1.130181,0.4234914,3.228407,1.311737,-0.2566387,-3.176908,0.02443708,-0.02788093,0.004180845,0.9993038,2.81282,356.8135,0.4011681,0.3808303,-0.07467797,-0.9216241,0,0,0,0.5494862,-0.1502836,-1.215717,-0.6506113,0.20896,1.9929,0.9984103,0.006993211,0.05592738,-0.009718526,0.9987707,0.048607,-0.05551871,-0.04907326,0.997251,static,-19.655813896556044,5.689242595832698,-18.080027473048364,5.985718288963392,-0.7622507999999999,0.10635510000000001,1.9611910000000001,-0.3348984362808845,0.09340841133914707,0.9376128156122373,-18.381671278921726,5.366985886411713,1.6033036440959287,1.6034340301766237,0.6883449510159422
3474,05/07/2023 20:00:42.984504,3653,True,True,True,True,Eyes,1.308658,-0.2565829,-3.168428,-0.3877638,0.04530803,0.9206446,0.0,0.0,0.0,0.0,0.0,0.0,0.0,-1.129418,0.4237718,3.228614,1.311638,-0.256686,-3.176922,0.02439625,-0.02796181,0.004382533,0.9993017,2.80882,356.8048,0.4241938,0.3808181,-0.07467434,-0.9216294,0,0,0,0.5490075,-0.1504529,-1.215871,-0.6506114,0.20896,1.9929,0.9983978,0.007394617,0.0560984,-0.01012327,0.9987713,0.04851335,-0.05567073,-0.04900352,0.997246,static,-19.672684740657576,5.71626566550464,-18.08003007114106,5.985718288963392,-0.7626305000000001,0.10623310000000002,1.9610509999999999,-0.33516082795761115,0.09384133437892433,0.9374759117155129,-18.39837252950296,5.394604192786822,1.6147706468488385,1.6152874705827345,0.6713849830719643
3475,05/07/2023 20:00:43.004512,3654,True,True,True,True,Eyes,1.308603,-0.2565804,-3.168436,-0.3881775,0.04568283,0.9204516,0.0,0.0,0.0,0.0,0.0,0.0,0.0,-1.127688,0.4232206,3.229347,1.31161,-0.2566403,-3.176995,0.02431725,-0.02822451,0.004377671,0.9992962,2.799863,356.7746,0.4231509,0.3808048,-0.07467084,-0.9216352,0,0,0,0.5479511,-0.1500826,-1.216362,-0.6506113,0.20896,1.9929,0.9983684,0.007376493,0.0566222,-0.01012186,0.998779,0.04835316,-0.05619638,-0.04884738,0.9972242,static,-19.668738790676393,5.72965074525279,-18.080027473048364,5.985718288963392,-0.7636588999999999,0.10655769999999998,1.9606329999999998,-0.3350891892773731,0.09406287124911453,0.9374792007759023,-18.39461604368634,5.408116961277633,1.6085158117776615,1.609215410596533,0.6577151834345902
3476,05/07/2023 20:00:43.014223,3655,True,True,True,True,Eyes,1.30855,-0.2565753,-3.168445,-0.3885969,0.04603514,0.9202571,0.0,0.0,0.0,0.0,0.0,0.0,0.0,-1.126912,0.4229646,3.229683,1.311568,-0.2567512,-3.177035,0.02426231,-0.02833838,0.004369244,0.9992944,2.793589,356.7615,0.4220425,0.3807914,-0.07466764,-0.9216409,0,0,0,0.5474652,-0.1499618,-1.216588,-0.6506114,0.20896,1.9929,0.9983557,0.007357213,0.05684879,-0.01010743,0.9987845,0.04824275,-0.05642476,-0.04873801,0.9972165,static,-19.68231843752921,5.7447707008256,-18.08003007114106,5.985718288963392,-0.7641028000000001,0.1067894,1.960447,-0.33530374474672653,0.09430262527920294,0.9373784340004374,-18.408008771072716,5.4236262119737475,1.6193330864695494,1.620303597876716,0.6507822451660706
3477,05/07/2023 20:00:43.034243,3656,True,True,True,True,Eyes,1.308537,-0.2565588,-3.168451,-0.3889811,0.04641532,0.9200757,0.0,0.0,0.0,0.0,0.0,0.0,0.0,-1.124368,0.4240586,3.230581,1.311599,-0.2567673,-3.177178,0.02426177,-0.02868775,0.004806179,0.9992824,2.795107,356.7227,0.4711607,0.380778,-0.07466464,-0.9216468,0,0,0,0.5459934,-0.1505894,-1.217284,-0.6506114,0.20896,1.9929,0.9983078,0.00821343,0.05756755,-0.01099749,0.9987765,0.04821296,-0.05710113,-0.04876447,0.9971768,static,-19.663590159184828,5.786428440957366,-18.08003007114106,5.985718288963392,-0.7656056,0.10617789999999996,1.959894,-0.33497515493058705,0.09499592234292305,0.9374259395471456,-18.390013472424982,5.46559375426309,1.5944074029991278,1.596051063081458,0.6054909088241993
3478,05/07/2023 20:00:43.054300,3657,True,True,True,True,Eyes,1.308531,-0.2565455,-3.168446,-0.3893424,0.04681465,0.9199027,0.0,0.0,0.0,0.0,0.0,0.0,0.0,-1.121708,0.4209776,3.231961,1.31189,-0.2564865,-3.177135,0.02379427,-0.02913663,0.00487877,0.9992804,2.741996,356.6712,0.4797737,0.3807654,-0.07466146,-0.9216522,0,0,0,0.5445005,-0.1485522,-1.218035,-0.6506113,0.20896,1.9929,0.9982545,0.008363946,0.05846349,-0.01113709,0.99882,0.04726999,-0.05799914,-0.04783859,0.9971697,static,-19.633156892834474,5.7599107827701905,-18.080027473048364,5.985718288963392,-0.7673895,0.10793430000000001,1.9590999999999998,-0.334490531986714,0.09457933577082671,0.9376411502360948,-18.360055117092553,5.438303442252361,1.5683798751413858,1.569458513137041,0.6148808793812022
3479,05/07/2023 20:00:43.074314,3658,True,True,True,True,Eyes,1.308538,-0.2565387,-3.168436,-0.3896256,0.04719312,0.9197634,0.0,0.0,0.0,0.0,0.0,0.0,0.0,-1.122644,0.4181389,3.231818,1.312072,-0.2565612,-3.176863,0.02352943,-0.0290756,0.004382622,0.9992907,2.709974,356.6768,0.4239374,0.3807541,-0.07465824,-0.9216571,0,0,0,0.5450731,-0.1468741,-1.217708,-0.6506115,0.20896,1.9929,0.9982708,0.007390762,0.05831618,-0.01012729,0.9988543,0.04677062,-0.0579037,-0.04728033,0.997202,static,-19.66128427846343,5.731823559885965,-18.080032669233677,5.985718288963392,-0.7669988999999999,0.10968709999999998,1.959155,-0.3349659739371404,0.09410280768014397,0.9375193163990335,-18.387343753135603,5.410217927370285,1.6007928861017557,1.6015052872672582,0.652411502414522
3480,05/07/2023 20:00:43.084524,3659,True,True,True,True,Eyes,1.308545,-0.2565376,-3.168418,-0.3898888,0.04752116,0.919635,0.0,0.0,0.0,0.0,0.0,0.0,0.0,-1.124817,0.4178039,3.230929,1.312025,-0.2565797,-3.176702,0.02375361,-0.02881108,0.00365484,0.9992959,2.73315,356.7052,0.3404855,0.3807442,-0.07465515,-0.9216615,0,0,0,0.5462902,-0.1467532,-1.217059,-0.6506114,0.20896,1.9929,0.9983131,0.0059358,0.05775522,-0.008673268,0.9988448,0.04726317,-0.05740796,-0.04768437,0.9972113,static,-19.71483086559477,5.746547430662416,-18.08003007114106,5.985718288963392,-0.7657348,0.10982650000000002,1.9596430000000002,-0.3358353081544008,0.09431274151305175,0.9371871866512665,-18.43981199540567,5.4258687303856235,1.6511119634744111,1.6522034792987539,0.6654882127185033
3481,05/07/2023 20:00:43.104337,3660,True,True,True,True,Eyes,1.308539,-0.2565401,-3.168402,-0.3901142,0.04772422,0.9195288,0.0,0.0,0.0,0.0,0.0,0.0,0.0,-1.125768,0.4218502,3.229942,1.311981,-0.2568381,-3.176566,0.02436071,-0.02866179,0.00362102,0.9992857,2.802548,356.7224,0.3350343,0.3807356,-0.07465236,-0.9216653,0,0,0,0.5468445,-0.1493726,-1.21656,-0.6506114,0.20896,1.9929,0.9983308,0.005840425,0.05745906,-0.00863331,0.9987869,0.04847904,-0.05710622,-0.04889419,0.9971701,static,-19.748803497858866,5.827134216506017,-18.08003007114106,5.985718288963392,-0.7651365000000001,0.10746550000000002,1.9600059999999997,-0.33634902609653256,0.09561218500877178,0.93687114747304,-18.473642063716824,5.508008617624712,1.673515538732396,1.676291638634714,0.6189805576833357
3482,05/07/2023 20:00:43.124589,3661,True,True,True,True,Eyes,1.308535,-0.256535,-3.168393,-0.3903186,0.04788715,0.9194336,0.0,0.0,0.0,0.0,0.0,0.0,0.0,-1.125874,0.4266687,3.229296,1.311968,-0.2569101,-3.17659,0.02505681,-0.02862984,0.003742404,0.9992691,2.882694,356.7265,0.3467705,0.3807279,-0.07464996,-0.9216686,0,0,0,0.5469226,-0.1523765,-1.216389,-0.6506115,0.20896,1.9929,0.9983326,0.006044591,0.05740536,-0.00891408,0.9987163,0.04986271,-0.05703027,-0.05029128,0.997105,static,-19.767107056887244,5.921777703321843,-18.080032669233677,5.985718288963392,-0.7650454,0.10453359999999998,1.960201,-0.33659792881995587,0.09715044168385313,0.9366234886253871,-18.49225821866168,5.604182717983299,1.6830003799808904,1.688285635776376,0.5616932396996808
3483,05/07/2023 20:00:43.134194,3662,True,True,True,True,Eyes,1.308503,-0.2565269,-3.168393,-0.3904734,0.04805644,0.9193591,0.0,0.0,0.0,0.0,0.0,0.0,0.0,-1.126506,0.4294463,3.228859,1.311998,-0.256785,-3.176742,0.0255535,-0.02854773,0.003628382,0.9992592,2.939205,356.7357,0.3323191,0.3807209,-0.07464768,-0.9216717,0,0,0,0.5473127,-0.1540606,-1.216305,-0.6506113,0.20896,1.9929,0.9983437,0.0057924,0.0572386,-0.008710379,0.9986677,0.05086198,-0.05686773,-0.05127632,0.9970641,static,-19.789184082680155,5.983918395136238,-18.080027473048364,5.985718288963392,-0.7646853,0.1027244,1.960437,-0.3369254825724923,0.0981540021473524,0.9364011230992809,-18.514316881245687,5.6674650437119025,1.7018485000493404,1.709157557355619,0.5384165842407583
3484,05/07/2023 20:00:43.154177,3663,True,True,True,True,Eyes,1.308467,-0.2565199,-3.168397,-0.3906239,0.04823797,0.9192857,0.0,0.0,0.0,0.0,0.0,0.0,0.0,-1.1271,0.4282663,3.22892,1.311845,-0.2566354,-3.176932,0.0255122,-0.02846466,0.00331175,0.9992638,2.933414,356.7443,0.296393,0.3807139,-0.07464542,-0.9216748,0,0,0,0.5475811,-0.1533006,-1.216362,-0.6506113,0.20896,1.9929,0.9983576,0.005166232,0.05705638,-0.008071016,0.9986764,0.05079829,-0.05671842,-0.05117536,0.9970778,static,-19.81073635398916,5.976837643467876,-18.080027473048364,5.985718288963392,-0.7642638999999999,0.1033348,1.96057,-0.33728201668123486,0.09802499012252541,0.9362863203958168,-18.5353362464172,5.660581199186436,1.7235652593689363,1.7307316650572262,0.5594820875195747
3485,05/07/2023 20:00:43.174350,3664,True,True,True,True,Eyes,1.30845,-0.2565168,-3.168397,-0.3907391,0.0484044,0.919228,0.0,0.0,0.0,0.0,0.0,0.0,0.0,-1.127019,0.4270704,3.229154,1.311749,-0.2566311,-3.17702,0.02537123,-0.02847448,0.00319093,0.9992674,2.91687,356.7428,0.2829688,0.3807066,-0.0746432,-0.9216779,0,0,0,0.5474832,-0.1525661,-1.216489,-0.6506113,0.20896,1.9929,0.998358,0.004932319,0.05706916,-0.00782205,0.9986922,0.05052356,-0.05674532,-0.05088701,0.997091,static,-19.817530800661903,5.965793881873645,-18.080027473048364,5.985718288963392,-0.7642658000000001,0.10406499999999999,1.9605310000000002,-0.3373992132834411,0.09784015500176274,0.9362634357578619,-18.541895708685352,5.649480162236135,1.7307803040857945,1.737617563063287,0.5712953220143494
3486,05/07/2023 20:00:43.184341,3665,True,True,True,True,Eyes,1.308432,-0.256514,-3.1684,-0.3908601,0.04856718,0.9191679,0.0,0.0,0.0,0.0,0.0,0.0,0.0,-1.126304,0.4263679,3.229409,1.311684,-0.2567669,-3.176947,0.02515058,-0.02855026,0.00342645,0.9992701,2.892378,356.7347,0.3104695,0.3806997,-0.07464113,-0.921681,0,0,0,0.547048,-0.152159,-1.21659,-0.6506114,0.20896,1.9929,0.9983463,0.005411786,0.0572312,-0.008284009,0.9987114,0.05006879,-0.05688649,-0.05046009,0.9971046,static,-19.81410980522109,5.961018831786698,-18.08003007114106,5.985718288963392,-0.7646360000000001,0.10460790000000003,1.9603570000000001,-0.3373458219402608,0.09776410618865952,0.9362905495070186,-18.53851445866337,5.644593955986333,1.7275848448800561,1.7342556291769362,0.5714663105999798
3487,05/07/2023 20:00:43.204234,3666,True,True,True,True,Eyes,1.30842,-0.2565118,-3.168398,-0.3909698,0.04873668,0.9191123,0.0,0.0,0.0,0.0,0.0,0.0,0.0,-1.125114,0.425713,3.229969,1.311642,-0.2567575,-3.177024,0.02488755,-0.02868204,0.003848587,0.9992713,2.863666,356.7208,0.3593469,0.380693,-0.07463919,-0.921684,0,0,0,0.5463594,-0.1517024,-1.216944,-0.6506114,0.20896,1.9929,0.998325,0.006263914,0.05751383,-0.009119215,0.9987316,0.04951805,-0.05713071,-0.04995959,0.997116,static,-19.8019803226205,5.959879971574708,-18.08003007114106,5.985718288963392,-0.7652825999999999,0.10505510000000004,1.9600799999999998,-0.3371479853018198,0.09775285724169666,0.9363630083513345,-18.52664594170354,5.643274875482826,1.7155598749478558,1.7221440959500427,0.5627905714157824
3488,05/07/2023 20:00:43.214188,3667,True,True,True,True,Eyes,1.308406,-0.2565094,-3.168396,-0.3910752,0.0489023,0.9190586,0.0,0.0,0.0,0.0,0.0,0.0,0.0,-1.125021,0.4250657,3.230004,1.311674,-0.2567721,-3.176925,0.02468074,-0.0286733,0.004121929,0.9992755,2.840863,356.7225,0.3913862,0.3806866,-0.0746374,-0.9216868,0,0,0,0.54634,-0.151285,-1.216888,-0.6506113,0.2089599,1.9929,0.9983217,0.006822529,0.05750852,-0.009653242,0.9987478,0.04908934,-0.0571016,-0.0495621,0.9971374,static,-19.80705065496427,5.958805985388753,-18.080027473048364,5.985715445232119,-0.765334,0.1054871,1.9600370000000003,-0.3372315152257063,0.09773219350669904,0.9363350258989743,-18.531595402756295,5.642255229219951,1.7206613242806932,1.7272328128842407,0.5673433837843107
3489,05/07/2023 20:00:43.234773,3668,True,True,True,True,Eyes,1.308392,-0.2565086,-3.168393,-0.3911754,0.04906973,0.919007,0.0,0.0,0.0,0.0,0.0,0.0,0.0,-1.12495,0.4247814,3.230045,1.311647,-0.2567618,-3.176917,0.02454367,-0.02865373,0.004370038,0.9992785,2.825963,356.7254,0.4203345,0.3806806,-0.07463574,-0.9216894,0,0,0,0.5463113,-0.1510834,-1.21689,-0.6506114,0.20896,1.9929,0.9983197,0.007327233,0.05748062,-0.0101403,0.998757,0.0488015,-0.0570516,-0.04930237,0.9971531,static,-19.813478449211075,5.964673549023195,-18.08003007114106,5.985718288963392,-0.7653357,0.10567839999999998,1.960027,-0.33733348009223074,0.09782428201852042,0.9362886473053371,-18.537924919326212,5.6482895982111545,1.7267916206819787,1.7335761190419985,0.568793295791426
3490,05/07/2023 20:00:43.254263,3669,True,True,True,True,Eyes,1.308379,-0.2565103,-3.168389,-0.3912675,0.04922438,0.9189595,0.0,0.0,0.0,0.0,0.0,0.0,0.0,-1.124808,0.425268,3.230016,1.311652,-0.256847,-3.176893,0.02453187,-0.02865567,0.004566426,0.9992778,2.825254,356.7257,0.4428836,0.3806749,-0.07463423,-0.9216918,0,0,0,0.546249,-0.1514002,-1.216881,-0.6506114,0.20896,1.9929,0.998316,0.007720302,0.057494,-0.01053221,0.9987547,0.0487666,-0.05704591,-0.04929001,0.9971541,static,-19.817737664253983,5.981594133877018,-18.08003007114106,5.985718288963392,-0.7654030000000001,0.10544679999999998,1.960012,-0.33739392162119725,0.09809852302886876,0.9362381535781953,-18.542218084314566,5.6654972375293715,1.730360293999761,1.7377124870983356,0.5622804294147029
3491,05/07/2023 20:00:43.274426,3670,True,True,True,True,Eyes,1.308369,-0.2565188,-3.168385,-0.3913676,0.04934284,0.9189106,0.0,0.0,0.0,0.0,0.0,0.0,0.0,-1.125189,0.4257168,3.229805,1.311689,-0.2568607,-3.176857,0.02455809,-0.02859097,0.004677695,0.9992785,2.828593,356.7335,0.4557385,0.3806694,-0.07463294,-0.9216942,0,0,0,0.5465049,-0.1516766,-1.216745,-0.6506114,0.2089599,1.9929,0.9983213,0.007944362,0.05737043,-0.01075292,0.99875,0.04881326,-0.05691093,-0.04934822,0.9971589,static,-19.83087261331464,5.997122448113376,-18.08003007114106,5.985715445232119,-0.7651841000000001,0.1051841,1.960112,-0.33760033126309114,0.09834453508851745,0.9361380099807186,-18.555179103238004,5.681414336276256,1.7429512761106545,1.7508797009502324,0.5642391050028617
3492,05/07/2023 20:00:43.293986,3671,True,True,True,True,Eyes,1.308361,-0.2565199,-3.168385,-0.3914712,0.0494568,0.9188603,0.0,0.0,0.0,0.0,0.0,0.0,0.0,-1.12545,0.4262418,3.229702,1.311669,-0.2569886,-3.176913,0.02462085,-0.02854696,0.004675496,0.9992783,2.835757,356.7386,0.4554075,0.3806643,-0.07463204,-0.9216963,0,0,0,0.5466582,-0.1520509,-1.21672,-0.6506113,0.20896,1.9929,0.9983264,0.007938542,0.05728293,-0.01074994,0.9987439,0.04893921,-0.05682247,-0.04947309,0.9971578,static,-19.84285111467151,6.011432757317265,-18.080027473048364,5.985718288963392,-0.7650108,0.10493770000000002,1.9601929999999999,-0.3377884087808585,0.09857127274794208,0.9360462710218532,-18.56700012179427,5.696081220415811,1.7545386448738183,1.7630111812884837,0.5665968514768136
3493,05/07/2023 20:00:43.304374,3672,True,True,True,True,Eyes,1.308388,-0.2565188,-3.168383,-0.3915426,0.04960257,0.918822,0.0,0.0,0.0,0.0,0.0,0.0,0.0,-1.125022,0.4266112,3.229855,1.311699,-0.2568496,-3.176965,0.02468282,-0.02861274,0.004719485,0.9992747,2.843032,356.7311,0.4600626,0.3806595,-0.07463127,-0.9216984,0,0,0,0.5464186,-0.1522189,-1.216861,-0.6506113,0.20896,1.9929,0.9983181,0.008019637,0.05741695,-0.01084461,0.998737,0.04905976,-0.05695099,-0.04959991,0.9971442,static,-19.83989669764139,6.02916982073012,-18.080027473048364,5.985718288963392,-0.7652804,0.10463070000000002,1.960104,-0.3377303059250442,0.09886322797730784,0.9360364271026251,-18.564246211316238,5.7140183909853945,1.7513160923539008,1.7604055564791117,0.5552374456491439
3494,05/07/2023 20:00:43.325313,3673,True,True,True,True,Eyes,1.308415,-0.2565184,-3.168385,-0.3916139,0.04975112,0.9187837,0.0,0.0,0.0,0.0,0.0,0.0,0.0,-1.124725,0.4239035,3.230398,1.311733,-0.2567618,-3.177043,0.02433902,-0.02868252,0.004543788,0.9992821,2.803096,356.7226,0.4408408,0.3806558,-0.07463053,-0.9216999,0,0,0,0.5462302,-0.1505182,-1.217112,-0.6506114,0.20896,1.9929,0.9983133,0.007684843,0.05754503,-0.01047726,0.9987739,0.04838244,-0.05710267,-0.04890374,0.9971699,static,-19.83674713286808,5.991327361856494,-18.08003007114106,5.985718288963392,-0.7655028,0.1062436,1.9599309999999999,-0.3376996270706219,0.09824613833173446,0.9361125820003807,-18.560878986580185,5.675620569041743,1.7489691300508057,1.756726016390016,0.5721680481987689
3495,05/07/2023 20:00:43.334568,3674,True,True,True,True,Eyes,1.308407,-0.2565189,-3.168379,-0.3916471,0.04986256,0.9187635,0.0,0.0,0.0,0.0,0.0,0.0,0.0,-1.124954,0.4230766,3.230452,1.311757,-0.2568266,-3.177054,0.02430839,-0.02868104,0.004257709,0.999284,2.798648,356.7219,0.4081463,0.3806532,-0.07462983,-0.9217011,0,0,0,0.5463475,-0.1500559,-1.217115,-0.6506113,0.20896,1.9929,0.9983186,0.007114939,0.057528,-0.009903699,0.998782,0.04833775,-0.05711401,-0.0488262,0.997173,static,-19.84129889193045,5.982046223650324,-18.080027473048364,5.985718288963392,-0.7654095000000001,0.10677070000000002,1.959939,-0.3377791682652635,0.0980915243020586,0.9361000913932969,-18.565259012451808,5.666275560249497,1.753809126624985,1.761275246812541,0.58094173869676
3496,05/07/2023 20:00:43.354252,3675,True,True,True,True,Eyes,1.308398,-0.2565242,-3.168369,-0.3916724,0.04994879,0.918748,0.0,0.0,0.0,0.0,0.0,0.0,0.0,-1.126053,0.4228183,3.229865,1.311723,-0.2568429,-3.176824,0.02437654,-0.02853865,0.003972562,0.9992875,2.805468,356.7375,0.3756323,0.3806507,-0.07462922,-0.9217021,0,0,0,0.5469601,-0.1499407,-1.216641,-0.6506114,0.20896,1.9929,0.9983395,0.006548116,0.05723032,-0.00933081,0.99878,0.0484916,-0.05684296,-0.04894508,0.9971826,static,-19.86184504071446,5.982968892840357,-18.08003007114106,5.985718288963392,-0.7647629,0.10690219999999998,1.9601829999999998,-0.3381147363019033,0.09809403637527528,0.9359786446128591,-18.58535546033028,5.667489872629799,1.7742341301688564,1.781817090774162,0.5971792644771112
3497,05/07/2023 20:00:43.374083,3676,True,True,True,True,Eyes,1.308374,-0.2565261,-3.168359,-0.3917073,0.05000072,0.9187303,0.0,0.0,0.0,0.0,0.0,0.0,0.0,-1.12655,0.4236354,3.229473,1.311696,-0.2568534,-3.176721,0.02452363,-0.02846401,0.003920806,0.9992862,2.822125,356.7459,0.3694316,0.3806483,-0.07462886,-0.9217032,0,0,0,0.5472425,-0.1504624,-1.216389,-0.6506113,0.20896,1.9929,0.9983488,0.006439934,0.0570797,-0.009232097,0.9987664,0.04878904,-0.05669509,-0.04923544,0.9971768,static,-19.87363069488845,6.00085236068161,-18.080027473048364,5.985718288963392,-0.7644535,0.10639100000000001,1.9603320000000002,-0.33829768692871043,0.09837930101427526,0.9358825958220001,-18.597015080888816,5.6857756933959624,1.7854308358430098,1.793667069866064,0.597697036379067
3498,05/07/2023 20:00:43.384580,3677,True,True,True,True,Eyes,1.308349,-0.2565273,-3.168349,-0.3917355,0.05003624,0.9187163,0.0,0.0,0.0,0.0,0.0,0.0,0.0,-1.126167,0.4262851,3.229237,1.311702,-0.2568698,-3.176696,0.02487397,-0.0285066,0.004082087,0.9992757,2.862808,356.7416,0.3866657,0.3806457,-0.07462863,-0.9217042,0,0,0,0.5470334,-0.1520952,-1.216361,-0.6506113,0.20896,1.9929,0.9983414,0.006740118,0.05717498,-0.009576407,0.9987292,0.04947918,-0.05676883,-0.04994465,0.9971374,static,-19.870589522113452,6.049782338140033,-18.080027473048364,5.985718288963392,-0.7646685999999999,0.10477459999999997,1.9603350000000002,-0.33822093492987904,0.09918140192576182,0.9358256332493123,-18.594413465424203,5.735327104125636,1.7817325472468184,1.7917077479179109,0.5720915089362297
3499,05/07/2023 20:00:43.404314,3678,True,True,True,True,Eyes,1.308322,-0.2565283,-3.16834,-0.3917643,0.05004153,0.9187037,0.0,0.0,0.0,0.0,0.0,0.0,0.0,-1.126598,0.4274874,3.228884,1.311674,-0.2568479,-3.176665,0.02506733,-0.02843628,0.004078881,0.999273,2.884926,356.7497,0.3858741,0.3806428,-0.07462849,-0.9217055,0,0,0,0.5472839,-0.1528366,-1.21618,-0.6506113,0.20896,1.9929,0.9983495,0.006726188,0.05703571,-0.009577475,0.99871,0.04986623,-0.05662672,-0.05033018,0.997126,static,-19.881211733907275,6.07219777937384,-18.080027473048364,5.985718288963392,-0.7643901,0.10401130000000003,1.9604849999999998,-0.3383821904637615,0.09954137558024193,0.9357290834410675,-18.604969956606872,5.7581904765423655,1.7923884357897693,1.803259117217354,0.5721306812867778
3500,05/07/2023 20:00:43.424567,3679,True,True,True,True,Eyes,1.308294,-0.2565306,-3.168334,-0.3917912,0.05004095,0.9186923,0.0,0.0,0.0,0.0,0.0,0.0,0.0,-1.126513,0.4275127,3.228965,1.311691,-0.2568412,-3.176714,0.02505553,-0.02844699,0.00412178,0.9992728,2.883718,356.7486,0.3908,0.3806396,-0.07462844,-0.9217068,0,0,0,0.5472454,-0.1528437,-1.216251,-0.6506113,0.20896,1.9929,0.9983475,0.006812056,0.05705915,-0.009663073,0.9987105,0.0498401,-0.05664605,-0.05030911,0.9971259,static,-19.881285250540426,6.072730873280855,-18.080027473048364,5.985718288963392,-0.7644456,0.10399749999999999,1.960463,-0.3383831084732144,0.09955005102391438,0.9357278677023427,-18.60504589153159,5.758731789968914,1.7924666125292286,1.8033581925965914,0.5719853236512246
3501,05/07/2023 20:00:43.434561,3680,True,True,True,True,Eyes,1.308255,-0.2565329,-3.168327,-0.3918153,0.05002876,0.9186827,0.0,0.0,0.0,0.0,0.0,0.0,0.0,-1.12677,0.4279603,3.228804,1.311659,-0.2568338,-3.176716,0.02509002,-0.02839193,0.004218898,0.9992732,2.887962,356.7552,0.4019827,0.3806361,-0.0746285,-0.9217082,0,0,0,0.5473994,-0.1531116,-1.216165,-0.6506114,0.20896,1.9929,0.9983522,0.007006955,0.05695429,-0.00985637,0.9987053,0.04990399,-0.05653088,-0.05038312,0.9971288,static,-19.88846438194185,6.080449354038466,-18.08003007114106,5.985718288963392,-0.7642595999999999,0.10372220000000001,1.960551,-0.33849621032485955,0.09967179733578335,0.9356740125877605,-18.612124114284683,5.766652354441741,1.7996919819983406,1.810913755862435,0.5754250206732165
3502,05/07/2023 20:00:43.454098,3681,True,True,True,True,Eyes,1.308217,-0.2565349,-3.168321,-0.3918435,0.05001658,0.9186713,0.0,0.0,0.0,0.0,0.0,0.0,0.0,-1.126551,0.4274823,3.228938,1.311659,-0.256878,-3.176707,0.02492798,-0.02840333,0.004429853,0.9992759,2.870086,356.7544,0.4266602,0.380632,-0.07462867,-0.9217099,0,0,0,0.5472887,-0.1528122,-1.216218,-0.6506114,0.20896,1.9929,0.9983472,0.007437215,0.05698636,-0.01026937,0.9987179,0.04956821,-0.05654465,-0.0500715,0.9971437,static,-19.886661438792206,6.070689971239649,-18.08003007114106,5.985718288963392,-0.7643703,0.10406579999999999,1.960489,-0.3384721511443205,0.09951333098627471,0.9356995479675027,-18.610287059402328,5.756736286519313,1.7977929722284862,1.808628509498263,0.5775856915153029
3503,05/07/2023 20:00:43.464234,3682,True,True,True,True,Eyes,1.308179,-0.2565362,-3.168309,-0.391815,0.05000591,0.9186841,0.0,0.0,0.0,0.0,0.0,0.0,0.0,-1.126076,0.4275079,3.229123,1.311664,-0.2568711,-3.176728,0.02486354,-0.02845804,0.004611198,0.9992751,2.863315,356.7487,0.4475033,0.3806275,-0.07462893,-0.9217117,0,0,0,0.5470243,-0.1528058,-1.216344,-0.6506115,0.20896,1.9929,0.9983377,0.007800575,0.05710412,-0.01063085,0.9987211,0.04942857,-0.05664552,-0.04995348,0.9971439,static,-19.876920923496034,6.070514884914968,-18.080032669233677,5.985718288963392,-0.7646396999999999,0.10406530000000003,1.9603840000000001,-0.33831298463752013,0.09951653119788474,0.9357568302164466,-18.60076173244711,5.756426491299804,1.788100293629465,1.7988879512051306,0.568975821763052
3504,05/07/2023 20:00:43.484449,3683,True,True,True,True,Eyes,1.308143,-0.2565387,-3.168296,-0.3917878,0.0499799,0.9186971,0.0,0.0,0.0,0.0,0.0,0.0,0.0,-1.126478,0.4272682,3.228871,1.311677,-0.2568536,-3.176579,0.02481405,-0.0283947,0.004653708,0.999278,2.857754,356.756,0.4527184,0.3806226,-0.07462924,-0.9217138,0,0,0,0.547271,-0.1526534,-1.21611,-0.6506113,0.20896,1.9929,0.9983441,0.007891519,0.05697935,-0.01070987,0.9987252,0.04932799,-0.05651744,-0.04985655,0.997156,static,-19.881939213067202,6.065393041282895,-18.080027473048364,5.985718288963392,-0.764406,0.10420020000000002,1.9604689999999998,-0.3383978909892063,0.09942965322784476,0.9357353491315309,-18.605629536570195,5.751303452711664,1.7930599373970273,1.8036723607614797,0.5755065982535136
3505,05/07/2023 20:00:43.504224,3684,True,True,True,True,Eyes,1.308118,-0.2565397,-3.168283,-0.3917594,0.04995927,0.9187104,0.0,0.0,0.0,0.0,0.0,0.0,0.0,-1.126466,0.4286455,3.228653,1.311699,-0.2568828,-3.176526,0.02500611,-0.02839471,0.004704003,0.9992731,2.879924,356.7562,0.4578654,0.3806174,-0.07462966,-0.9217159,0,0,0,0.5472798,-0.1535153,-1.216019,-0.6506113,0.20896,1.9929,0.9983432,0.007981082,0.05698339,-0.01082125,0.9987051,0.04970872,-0.05651287,-0.05024299,0.9971368,static,-19.880417908031433,6.088093016101431,-18.080027473048364,5.985718288963392,-0.7644192,0.10336750000000003,1.960507,-0.338360396548193,0.09980181062010987,0.9357093543724729,-18.604314608881854,5.7742902274707575,1.7918103460020238,1.8032987282020443,0.565313033625634
3506,05/07/2023 20:00:43.514213,3685,True,True,True,True,Eyes,1.308094,-0.256538,-3.168271,-0.3917373,0.04994048,0.9187207,0.0,0.0,0.0,0.0,0.0,0.0,0.0,-1.126343,0.4289562,3.228656,1.311686,-0.2568489,-3.176536,0.02507039,-0.02841463,0.004676384,0.999271,2.887208,356.7539,0.4544339,0.3806123,-0.0746301,-0.921718,0,0,0,0.547198,-0.1536966,-1.216044,-0.6506113,0.20896,1.9929,0.9983414,0.007921217,0.05702231,-0.01077068,0.9986992,0.04983847,-0.05655335,-0.05036998,0.9971282,static,-19.87716324642556,6.092898880725879,-18.080027473048364,5.985718288963392,-0.764488,0.1031523,1.9604920000000001,-0.3383044478185763,0.09988241588066668,0.935720840820819,-18.601168827500054,5.7791169682916514,1.7886636471632715,1.8003290441479327,0.5606000508589424
3507,05/07/2023 20:00:43.534487,3686,True,True,True,True,Eyes,1.308067,-0.2565413,-3.168262,-0.391669,0.04993204,0.9187504,0.0,0.0,0.0,0.0,0.0,0.0,0.0,-1.125907,0.4288141,3.228848,1.311698,-0.2567822,-3.176558,0.02508767,-0.02849191,0.004598477,0.9992686,2.88897,356.7448,0.445222,0.3806072,-0.0746305,-0.92172,0,0,0,0.5469308,-0.1535868,-1.216177,-0.6506113,0.20896,1.9929,0.9983341,0.007760637,0.05717287,-0.01061982,0.9986989,0.0498766,-0.05671141,-0.05040067,0.9971176,static,-19.864663998534954,6.090480529526687,-18.080027473048364,5.985718288963392,-0.7647672,0.10319540000000002,1.960381,-0.3381014301151023,0.09985067432417336,0.9357977225185219,-18.588929038229708,5.776496042492753,1.776192005652549,1.7877087724651044,0.5502315434998633
3508,05/07/2023 20:00:43.555394,3687,True,True,True,True,Eyes,1.308042,-0.2565437,-3.168252,-0.3916056,0.04992028,0.9187781,0.0,0.0,0.0,0.0,0.0,0.0,0.0,-1.125746,0.428962,3.228939,1.311773,-0.2569085,-3.176572,0.02512294,-0.02853718,0.00451365,0.9992668,2.892756,356.7393,0.4352507,0.380602,-0.07463099,-0.9217221,0,0,0,0.5468551,-0.1537318,-1.216249,-0.6506113,0.20896,1.9929,0.9983305,0.007586806,0.0572593,-0.01045456,0.9986969,0.04995143,-0.05680571,-0.05046666,0.9971089,static,-19.85626434423012,6.089725705242648,-18.080027473048364,5.985718288963392,-0.7649179,0.10317669999999998,1.9603230000000003,-0.33796449045685817,0.09984356753540874,0.9358479804745464,-18.58071035957318,5.7756168741359755,1.767827805902356,1.7792793387174026,0.5429787816952938
3509,05/07/2023 20:00:43.564559,3688,True,True,True,True,Eyes,1.308024,-0.2565439,-3.168244,-0.391509,0.04992884,0.9188188,0.0,0.0,0.0,0.0,0.0,0.0,0.0,-1.125521,0.4292742,3.228994,1.311823,-0.2568833,-3.176572,0.02518336,-0.02858181,0.004492729,0.9992641,2.89963,356.7342,0.4325263,0.3805968,-0.07463155,-0.9217243,0,0,0,0.5467374,-0.1539157,-1.216304,-0.6506114,0.20896,1.9929,0.9983258,0.007539272,0.05734784,-0.01041842,0.9986912,0.05007284,-0.05689527,-0.05058649,0.9970978,static,-19.845488359715603,6.095838411291411,-18.08003007114106,5.985718288963392,-0.7650855999999999,0.10296759999999999,1.9602680000000001,-0.3377848364373637,0.09995025807767721,0.9359014497057767,-18.570220379107095,5.781665970614074,1.7572394180003879,1.7688893153722454,0.5309650521904129
3510,05/07/2023 20:00:43.588856,3689,True,True,True,True,Eyes,1.308009,-0.2565472,-3.168235,-0.3914174,0.04993976,0.9188572,0.0,0.0,0.0,0.0,0.0,0.0,0.0,-1.124913,0.4283032,3.229381,1.311837,-0.2568324,-3.176617,0.02508943,-0.02869196,0.004358973,0.9992639,2.888476,356.7211,0.4171771,0.3805918,-0.07463209,-0.9217263,0,0,0,0.5463604,-0.1533008,-1.216531,-0.6506114,0.20896,1.9929,0.9983155,0.0072718,0.05756042,-0.01015126,0.998703,0.0498918,-0.05712296,-0.05039206,0.9970946,static,-19.827827870549108,6.079365315201235,-18.08003007114106,5.985718288963392,-0.7654766,0.10353160000000003,1.9600859999999998,-0.3375051291776605,0.09969179580996163,0.9360298864194523,-18.55282723505723,5.764729807785394,1.7393808686354861,1.7503048057806403,0.521893731539795
3511,05/07/2023 20:00:43.604373,3690,True,True,True,True,Eyes,1.30798,-0.2565507,-3.168225,-0.3913125,0.04998063,0.9188997,0.0,0.0,0.0,0.0,0.0,0.0,0.0,-1.124901,0.4281574,3.229407,1.311913,-0.2569111,-3.176581,0.02509395,-0.0287169,0.004254964,0.9992635,2.888663,356.718,0.405165,0.380587,-0.0746327,-0.9217283,0,0,0,0.5463706,-0.1532496,-1.216528,-0.6506114,0.20896,1.9929,0.9983145,0.007062419,0.05760505,-0.009944901,0.9987043,0.04990656,-0.05717796,-0.05039532,0.9970912,static,-19.819300511597348,6.07749862192361,-18.08003007114106,5.985718288963392,-0.7655424000000001,0.10366149999999999,1.960053,-0.3373666864968164,0.09966655855768679,0.936082523412847,-18.544475238260755,5.762721975253135,1.730875221155958,1.7416903555349033,0.5152054630816769
3512,05/07/2023 20:00:43.614168,3691,True,True,True,True,Eyes,1.307953,-0.2565514,-3.168216,-0.3912083,0.05003051,0.9189412,0.0,0.0,0.0,0.0,0.0,0.0,0.0,-1.125688,0.4275742,3.229208,1.312006,-0.2569209,-3.17654,0.02504849,-0.02862318,0.004132575,0.9992678,2.883016,356.7284,0.3915518,0.380582,-0.07463339,-0.9217302,0,0,0,0.5468673,-0.1529074,-1.216348,-0.6506113,0.20896,1.9929,0.9983273,0.006825164,0.05741149,-0.009693036,0.998711,0.04982373,-0.05699743,-0.05029688,0.9971066,static,-19.8244325950733,6.070146591888235,-18.080027473048364,5.985718288963392,-0.7651387000000001,0.10401350000000001,1.9601920000000002,-0.3374546755736107,0.09954309159602227,0.9360637958099892,-18.549437353363743,5.755340088652821,1.7358952269809247,1.746447069934157,0.5228955449380263
3513,05/07/2023 20:00:43.635150,3692,True,True,True,True,Eyes,1.307923,-0.2565556,-3.168207,-0.3910936,0.0501004,0.9189863,0.0,0.0,0.0,0.0,0.0,0.0,0.0,-1.12605,0.4266051,3.22923,1.31202,-0.2568551,-3.176561,0.02499161,-0.02859305,0.003910951,0.9992711,2.875762,356.7312,0.3664137,0.380577,-0.07463407,-0.9217322,0,0,0,0.5470669,-0.1523027,-1.216325,-0.6506115,0.20896,1.9929,0.9983342,0.006387028,0.05733989,-0.009245373,0.9987202,0.04972314,-0.05694892,-0.05017044,0.9971157,static,-19.82236584427552,6.0580784940499655,-18.080032669233677,5.985718288963392,-0.7649530999999999,0.10455239999999999,1.9602359999999999,-0.3374275839602244,0.09934696190936432,0.9360944826089699,-18.547324804553437,5.743080450219351,1.733752674983714,1.743835110362089,0.5265311581683271
3514,05/07/2023 20:00:43.654221,3693,True,True,True,True,Eyes,1.307892,-0.2565603,-3.168201,-0.3909873,0.05017117,0.9190276,0.0,0.0,0.0,0.0,0.0,0.0,0.0,-1.126544,0.4256625,3.22915,1.312007,-0.2569481,-3.176526,0.02484676,-0.02851978,0.003867939,0.9992769,2.858998,356.7394,0.3621635,0.3805718,-0.07463485,-0.9217343,0,0,0,0.5473529,-0.151762,-1.216207,-0.6506114,0.20896,1.9929,0.9983433,0.006313036,0.05719052,-0.009147533,0.9987354,0.04943695,-0.0568061,-0.04987821,0.9971385,static,-19.824071020698817,6.044160685060042,-18.08003007114106,5.985718288963392,-0.7646540999999999,0.1051861,1.960319,-0.3374631569016854,0.0991182208557134,0.9361058383807704,-18.548886276667876,5.728997292947069,1.7354504487560758,1.745019870200864,0.5345388772171924
3515,05/07/2023 20:00:43.674388,3694,True,True,True,True,Eyes,1.307893,-0.2565642,-3.168194,-0.3908602,0.05022068,0.919079,0.0,0.0,0.0,0.0,0.0,0.0,0.0,-1.126159,0.425377,3.229391,1.311957,-0.2569628,-3.176615,0.02483137,-0.02857968,0.003782515,0.999276,2.856976,356.7323,0.3522479,0.3805664,-0.07463573,-0.9217365,0,0,0,0.5470945,-0.1515935,-1.216387,-0.6506113,0.20896,1.9929,0.9983377,0.006140206,0.05730582,-0.008978897,0.9987382,0.04941058,-0.05693011,-0.04984299,0.9971333,static,-19.809937822877373,6.04123102926435,-18.080027473048364,5.985718288963392,-0.7648625,0.1053693,1.9602279999999999,-0.33723357272021365,0.09907901861027145,0.9361927613404667,-18.535044971267975,5.72583593768232,1.7213993200073658,1.7308008212331205,0.5240035879585294
3516,05/07/2023 20:00:43.684590,3695,True,True,True,True,Eyes,1.307894,-0.2565683,-3.168185,-0.3907399,0.05026158,0.9191279,0.0,0.0,0.0,0.0,0.0,0.0,0.0,-1.125981,0.4253467,3.229465,1.311915,-0.2569651,-3.176641,0.02481257,-0.02859691,0.003817926,0.9992758,2.854944,356.7304,0.3563199,0.3805616,-0.07463665,-0.9217383,0,0,0,0.5469747,-0.1515711,-1.216444,-0.6506113,0.20896,1.9929,0.9983352,0.006211198,0.05734187,-0.009049448,0.9987395,0.04937084,-0.05696294,-0.04980756,0.9971331,static,-19.80016423210454,6.042897847739863,-18.080027473048364,5.985718288963392,-0.7649402999999999,0.10539400000000002,1.960197,-0.33707274272552207,0.0991123155745796,0.9362471401544868,-18.52550130585359,5.727392546300794,1.7116654193788277,1.7210868577146685,0.5149554592742585
3517,05/07/2023 20:00:43.704457,3696,True,True,True,True,Eyes,1.307909,-0.2565764,-3.168177,-0.3906316,0.0503115,0.9191712,0.0,0.0,0.0,0.0,0.0,0.0,0.0,-1.125456,0.4259541,3.229554,1.311849,-0.2569978,-3.176651,0.02484664,-0.02865203,0.003963738,0.9992729,2.859344,356.7245,0.3727688,0.3805575,-0.07463761,-0.9217399,0,0,0,0.5466478,-0.1519443,-1.216538,-0.6506113,0.20896,1.9929,0.9983267,0.006497898,0.05745937,-0.009345523,0.9987339,0.04942999,-0.05706543,-0.04988427,0.9971234,static,-19.78613665698474,6.055861416373766,-18.080027473048364,5.985718288963392,-0.7652012,0.1050535,1.9601130000000002,-0.3368360612572832,0.09933308139940217,0.9363089210493668,-18.51188409240695,5.740341122570334,1.6977051161757808,1.7075504694839791,0.49669919817824776
3518,05/07/2023 20:00:43.723947,3697,True,True,True,True,Eyes,1.307924,-0.2565831,-3.168168,-0.3905405,0.05034955,0.9192079,0.0,0.0,0.0,0.0,0.0,0.0,0.0,-1.124771,0.4264439,3.229685,1.311839,-0.2570672,-3.176605,0.02482056,-0.02873085,0.004204772,0.9992703,2.857178,356.7162,0.4002635,0.3805542,-0.07463871,-0.9217412,0,0,0,0.5462553,-0.1522506,-1.216629,-0.6506113,0.20896,1.9929,0.9983137,0.006977175,0.0576285,-0.009829638,0.9987326,0.04936328,-0.05721103,-0.0498465,0.997117,static,-19.769470507293956,6.065414823328166,-18.080027473048364,5.985718288963392,-0.7655837,0.10481659999999998,1.959976,-0.3365580860367122,0.09949970884870402,0.9363912565857238,-18.49566103319211,5.749797498459223,1.6811839616172048,1.691321762276684,0.47792245784214515
3519,05/07/2023 20:00:43.735322,3698,True,True,True,True,Eyes,1.30795,-0.2565894,-3.168158,-0.3904286,0.05037551,0.9192539,0.0,0.0,0.0,0.0,0.0,0.0,0.0,-1.123589,0.4272539,3.22995,1.311836,-0.2570345,-3.176569,0.02485503,-0.02888582,0.004459084,0.9992638,2.86203,356.6991,0.4288642,0.3805517,-0.0746399,-0.9217422,0,0,0,0.5455676,-0.1527124,-1.216835,-0.6506114,0.20896,1.9929,0.9982914,0.007475686,0.05795076,-0.01034752,0.9987247,0.04941586,-0.05750743,-0.04993108,0.9970957,static,-19.74284427095175,6.081349686518815,-18.08003007114106,5.985718288963392,-0.7662684,0.1043221,1.959734,-0.33611348149600884,0.0997769405788891,0.9365213324085464,-18.469747797983786,5.765586446224115,1.6549180344487844,1.6655618953645845,0.44759125863141147
3520,05/07/2023 20:00:43.754328,3699,True,True,True,True,Eyes,1.307979,-0.2565926,-3.168148,-0.3903157,0.05040561,0.9193003,0.0,0.0,0.0,0.0,0.0,0.0,0.0,-1.12353,0.4274464,3.229955,1.311926,-0.2570332,-3.176543,0.02486639,-0.0289037,0.004508835,0.9992628,2.863503,356.6972,0.4344797,0.3805501,-0.07464115,-0.9217427,0,0,0,0.5455728,-0.1528263,-1.216835,-0.6506114,0.20896,1.9929,0.9982885,0.007573559,0.057989,-0.01044848,0.9987227,0.04943545,-0.05754053,-0.04995674,0.9970925,static,-19.73342867223505,6.086401902094339,-18.08003007114106,5.985718288963392,-0.7663532,0.10420690000000002,1.959708,-0.3359566100926102,0.09986546590880618,0.9365682877505255,-18.460579902026794,5.770579170577356,1.6456575601107828,1.6564613258548069,0.4371533072585421
3521,05/07/2023 20:00:43.774453,3700,True,True,True,True,Eyes,1.308024,-0.2565988,-3.168138,-0.3901982,0.05046811,0.9193467,0.0,0.0,0.0,0.0,0.0,0.0,0.0,-1.124094,0.4269329,3.229835,1.311988,-0.2569656,-3.176531,0.02483499,-0.02883703,0.004408917,0.999266,2.859547,356.7046,0.423318,0.3805496,-0.07464237,-0.9217429,0,0,0,0.5459256,-0.1524937,-1.216724,-0.6506113,0.20896,1.9929,0.9982979,0.007379026,0.05785071,-0.0102437,0.9987276,0.04937924,-0.05741273,-0.0498878,0.9971033,static,-19.734525217333275,6.08229667397004,-18.080027473048364,5.985718288963392,-0.7660623999999999,0.1044719,1.9598070000000003,-0.33597681815246955,0.09979759180503334,0.936568224180791,-18.461620865194625,5.766433235530466,1.6466680009944137,1.6573141435148462,0.4401129986591752
3522,05/07/2023 20:00:43.784205,3701,True,True,True,True,Eyes,1.308068,-0.2566047,-3.16813,-0.390076,0.05054077,0.9193946,0.0,0.0,0.0,0.0,0.0,0.0,0.0,-1.124314,0.4272845,3.229732,1.312005,-0.2570847,-3.176534,0.02484444,-0.02879789,0.004480027,0.9992665,2.860847,356.7093,0.4315521,0.3805503,-0.07464363,-0.9217425,0,0,0,0.5460742,-0.1527519,-1.216668,-0.6506113,0.20896,1.9929,0.9983012,0.007522546,0.05777613,-0.01038442,0.9987254,0.0493944,-0.05733092,-0.04991046,0.9971069,static,-19.730982273085186,6.090863241615639,-18.080027473048364,5.985718288963392,-0.7659308000000001,0.1043328,1.959866,-0.33591408940000106,0.09993999917998184,0.9365755745394102,-18.458221797439947,5.775067701018207,1.6433285841342238,1.6542996139855874,0.4329025493152678
3523,05/07/2023 20:00:43.804439,3702,True,True,True,True,Eyes,1.30813,-0.2566135,-3.168124,-0.3899384,0.05062189,0.9194485,0.0,0.0,0.0,0.0,0.0,0.0,0.0,-1.125227,0.4258379,3.229656,1.311999,-0.2570467,-3.176592,0.02471018,-0.02867996,0.004254455,0.9992742,2.844674,356.7221,0.4064654,0.3805521,-0.07464491,-0.9217416,0,0,0,0.546598,-0.151864,-1.216565,-0.6506113,0.20896,1.9929,0.9983187,0.007085359,0.05752855,-0.009920106,0.9987426,0.04914045,-0.05710804,-0.04962852,0.9971337,static,-19.73736262529674,6.070855401123785,-18.080027473048364,5.985718288963392,-0.7654009999999999,0.10518270000000002,1.960027,-0.3360296040077827,0.09960858006882689,0.9365694377359461,-18.464308226908805,5.754875541643183,1.6493089432722505,1.6595204532470087,0.4482857032941056
3524,05/07/2023 20:00:43.814408,3703,True,True,True,True,Eyes,1.308189,-0.2566257,-3.16812,-0.3898052,0.05069542,0.9195009,0.0,0.0,0.0,0.0,0.0,0.0,0.0,-1.126017,0.4254822,3.229498,1.311992,-0.2571099,-3.176662,0.02465756,-0.02855998,0.004220893,0.9992791,2.838486,356.7358,0.4031302,0.3805554,-0.07464628,-0.9217402,0,0,0,0.5470704,-0.1516732,-1.216461,-0.6506115,0.20896,1.9929,0.998333,0.007027259,0.05728694,-0.009844137,0.9987484,0.04903847,-0.05687063,-0.04952066,0.9971527,static,-19.743024193260794,6.06811158563827,-18.080032669233677,5.985718288963392,-0.7649216000000001,0.1054367,1.9602009999999999,-0.3361237754526886,0.09956017384281582,0.9365407647383244,-18.469823087455154,5.752171481107884,1.6549018361166299,1.6650313703720379,0.4544014542194725
3525,05/07/2023 20:00:43.834538,3704,True,True,True,True,Eyes,1.308253,-0.2566285,-3.168116,-0.3896924,0.05079221,0.9195434,0.0,0.0,0.0,0.0,0.0,0.0,0.0,-1.126016,0.42582,3.229509,1.311972,-0.2572221,-3.176717,0.02464668,-0.02854358,0.004341367,0.9992793,2.837625,356.738,0.4170248,0.3805598,-0.07464781,-0.9217382,0,0,0,0.5470782,-0.1519132,-1.216498,-0.6506114,0.20896,1.9929,0.9983329,0.007269468,0.05726001,-0.01008349,0.9987474,0.04901,-0.05683201,-0.04950567,0.9971556,static,-19.73704151988144,6.077947592369326,-18.08003007114106,5.985718288963392,-0.7648938,0.10530890000000001,1.960219,-0.336020422612645,0.09972485688140056,0.9365603601504857,-18.464048172678048,5.7620594332592985,1.6490902059073709,1.659576206645371,0.4444020544990054
3826,05/07/2023 20:00:48.874602,4005,True,True,True,True,Eyes,1.309846,-0.2571071,-3.167772,0.2006121,0.07230745,0.9769987,0.0,0.0,0.0,0.0,0.0,0.0,0.0,-1.150803,0.4266757,3.22053,1.311355,-0.2573467,-3.176843,0.02460709,-0.02456843,0.004794109,0.9993837,2.832678,357.1954,0.4803413,0.3810073,-0.07479449,-0.9215414,0,0,0,1.861502,-0.1416896,-1.146431,0.6506116,0.20896,1.9929,0.9987469,0.008373195,0.04934252,-0.01079142,0.998743,0.04894828,-0.04887064,-0.04941941,0.9975818,static,14.532137974301095,6.99097824275989,18.08003526732622,5.985718288963392,0.5501469999999999,0.11565709999999998,2.030412,0.24917371964870183,0.11787408362010089,0.9612586538704108,15.036430209988753,6.221866319983993,3.6877335710407886,3.6875632572963335,3.052752469101469
3827,05/07/2023 20:00:48.884170,4006,True,True,True,True,Eyes,1.309962,-0.2571102,-3.167772,0.2025385,0.07240757,0.9765938,0.0,0.0,0.0,0.0,0.0,0.0,0.0,-1.150392,0.4255476,3.220858,1.311313,-0.2573364,-3.176894,0.02449583,-0.02464342,0.00462671,0.9993854,2.819494,357.1862,0.461245,0.3810109,-0.07479446,-0.92154,0,0,0,1.86121,-0.1414348,-1.146428,0.6506116,0.20896,1.9929,0.9987426,0.008040411,0.04948321,-0.01045506,0.9987571,0.04873351,-0.04902988,-0.04918959,0.9975854,static,14.652265734542862,6.989918426281985,18.08003526732622,5.985718288963392,0.5498970000000001,0.11590160000000002,2.0304659999999997,0.25119102074078575,0.11779287389149634,0.9607434935161304,15.153895738855294,6.219160059009065,3.572302126789178,3.571837326316601,2.935436526324852
3828,05/07/2023 20:00:48.904273,4007,True,True,True,True,Eyes,1.310129,-0.2571062,-3.167774,0.204445,0.07253896,0.9761866,0.0,0.0,0.0,0.0,0.0,0.0,0.0,-1.149462,0.4251413,3.221273,1.311229,-0.2574629,-3.176949,0.02432229,-0.0247491,0.004858844,0.9993861,2.800312,357.1747,0.4880504,0.381017,-0.07479443,-0.9215375,0,0,0,1.860618,-0.1405882,-1.146402,0.6506116,0.20896,1.9929,0.9987278,0.008507811,0.04970416,-0.01091563,0.9987696,0.04837421,-0.04923145,-0.04885521,0.9975918,static,14.778787957076437,6.9729167420641165,18.08003526732622,5.985718288963392,0.5493890000000001,0.1168747,2.0305470000000003,0.2533225728715691,0.11744031042962687,0.9602267358922908,15.277734776106897,6.200209122385008,3.4463362146491914,3.4456921785377017,2.8104971732257558
3829,05/07/2023 20:00:48.924360,4008,True,True,True,True,Eyes,1.310297,-0.2570909,-3.167774,0.2062723,0.07269762,0.9757903,0.0,0.0,0.0,0.0,0.0,0.0,0.0,-1.147917,0.4237607,3.222071,1.311337,-0.2573548,-3.176979,0.02403137,-0.02498032,0.005093298,0.9993861,2.767758,357.1487,0.5151079,0.3810266,-0.07479414,-0.9215335,0,0,0,1.859707,-0.1390372,-1.14624,0.6506117,0.20896,1.9929,0.9987001,0.00897972,0.05017477,-0.01138096,0.9987931,0.04777877,-0.04968517,-0.0482877,0.997597,static,14.914730698010938,6.944100228474881,18.08003786541868,5.985718288963392,0.54837,0.1183176,2.0307390000000005,0.25561701647301965,0.1168843619582966,0.9596863561049922,15.410874739540423,6.169155335943573,3.3079696194866,3.3072141457765682,2.6754590153379296
3830,05/07/2023 20:00:48.938503,4009,True,True,True,True,Eyes,1.3105,-0.2570834,-3.16776,0.2081483,0.07282718,0.9753822,0.0,0.0,0.0,0.0,0.0,0.0,0.0,-1.147958,0.4199286,3.222572,1.311539,-0.2570766,-3.176931,0.02354863,-0.02502766,0.004901158,0.9993974,2.711917,357.1426,0.4943162,0.3810395,-0.0747933,-0.9215282,0,0,0,1.859776,-0.1370441,-1.146257,0.6506115,0.2089601,1.9929,0.9986992,0.008617676,0.05025598,-0.01097514,0.9988429,0.04682354,-0.04979432,-0.0473142,0.9976382,static,15.027236589365577,6.902655215608982,18.080032669233677,5.985721132694636,0.5482370000000001,0.12003249999999999,2.0306740000000003,0.2575239302006339,0.11612930565105894,0.959268137050066,15.521194824185168,6.125620418107571,3.188266842339126,3.187527571279661,2.562659346716132
3831,05/07/2023 20:00:48.955008,4010,True,True,True,True,Eyes,1.310694,-0.2570837,-3.16774,0.2099659,0.07290822,0.9749866,0.0,0.0,0.0,0.0,0.0,0.0,0.0,-1.149518,0.4189837,3.22183,1.311598,-0.2572585,-3.176579,0.02359043,-0.02485711,0.004342494,0.9994032,2.715037,357.1607,0.4306083,0.3810562,-0.07479219,-0.9215214,0,0,0,1.860714,-0.1380557,-1.146093,0.6506115,0.20896,1.9929,0.9987265,0.007507025,0.04988944,-0.009852586,0.9988493,0.04693683,-0.04947968,-0.0473686,0.9976512,static,15.109396550251276,6.928519895651402,18.080032669233677,5.985718288963392,0.5491159999999999,0.1192028,2.030486,0.25888736824007946,0.11651838486939999,0.958853979727409,15.601331855131187,6.150719184335212,3.1176719612407116,3.1166574757223993,2.4841865914833874
3832,05/07/2023 20:00:48.974844,4011,True,True,True,True,Eyes,1.310928,-0.257085,-3.167727,0.2118202,0.07292868,0.9745838,0.0,0.0,0.0,0.0,0.0,0.0,0.0,-1.150949,0.4219075,3.220801,1.311591,-0.2574362,-3.17643,0.02409844,-0.0246558,0.004145627,0.999397,2.772606,357.1834,0.4071609,0.3810764,-0.07479108,-0.9215131,0,0,0,1.861594,-0.1405091,-1.146052,0.6506117,0.20896,1.9929,0.9987499,0.007097921,0.04948166,-0.009474586,0.9988042,0.04796338,-0.04908205,-0.04837223,0.9976227,static,15.195608120814212,6.994652755036519,18.08003786541868,5.985718288963392,0.550003,0.1169271,2.030378,0.2602970526699536,0.11757889395259637,0.9583426426833159,15.68512432296738,6.216576511936294,3.057128525305525,3.0557951024879384,2.4060146289935256
3833,05/07/2023 20:00:48.984218,4012,True,True,True,True,Eyes,1.311152,-0.2570833,-3.167719,0.2135926,0.07292676,0.974197,0.0,0.0,0.0,0.0,0.0,0.0,0.0,-1.151627,0.4276653,3.219949,1.311508,-0.2574509,-3.176615,0.02497623,-0.02452937,0.004200541,0.9993783,2.873297,357.1983,0.4113634,0.3811004,-0.07478995,-0.9215033,0,0,0,1.862013,-0.1439927,-1.146176,0.6506116,0.2089601,1.9929,0.9987614,0.007170557,0.04923806,-0.00962116,0.9987171,0.04971533,-0.04881841,-0.05012747,0.997549,static,15.289660432313985,7.095262891415367,18.08003526732622,5.985721132694636,0.550505,0.11345819999999998,2.030439,0.26181852617886353,0.11921071286472552,0.9577263550700009,15.776321152647277,6.317271581188587,3.0042759806279,3.002877725485114,2.3274501975482798
3834,05/07/2023 20:00:49.004221,4013,True,True,True,True,Eyes,1.311383,-0.2570751,-3.167717,0.2153886,0.07293423,0.973801,0.0,0.0,0.0,0.0,0.0,0.0,0.0,-1.151031,0.429921,3.219961,1.311517,-0.2573738,-3.176718,0.02529073,-0.02460787,0.004329426,0.9993679,2.909731,357.1897,0.4250377,0.3811277,-0.07478871,-0.9214922,0,0,0,1.861664,-0.1450335,-1.14612,0.6506118,0.20896,1.9929,0.9987514,0.007408676,0.04940363,-0.00989808,0.9986833,0.0503364,-0.04896565,-0.05076255,0.9975097,static,15.407378908367368,7.129910589954183,18.080040463511068,5.985718288963392,0.5501469999999999,0.11234029999999998,2.0305980000000003,0.26376930430688683,0.11972390424540394,0.9571269400525468,15.891159511279149,6.350789223046799,2.9084603056397387,2.907283235254133,2.2191161776608825
3835,05/07/2023 20:00:49.024097,4014,True,True,True,True,Eyes,1.311603,-0.2570658,-3.167718,0.2171089,0.07296474,0.9734166,0.0,0.0,0.0,0.0,0.0,0.0,0.0,-1.150565,0.4282061,3.220481,1.311503,-0.2572111,-3.176864,0.02513852,-0.02470296,0.004089087,0.9993703,2.89165,357.1781,0.3976284,0.3811581,-0.07478718,-0.9214797,0,0,0,1.861342,-0.1445494,-1.1462,0.6506116,0.20896,1.9929,0.9987462,0.006931034,0.04958039,-0.009415017,0.9987026,0.05004334,-0.04916922,-0.0504474,0.9975156,static,15.51692653466523,7.122583440957992,18.08003526732622,5.985718288963392,0.549839,0.11266170000000003,2.030664,0.2656047708482416,0.11953903441747599,0.9566423207506702,15.99832773217967,6.34187448384397,2.8048940408519685,2.803923813027511,2.11195489938534
3836,05/07/2023 20:00:49.038759,4015,True,True,True,True,Eyes,1.311825,-0.2570616,-3.167722,0.2188005,0.0729976,0.9730353,0.0,0.0,0.0,0.0,0.0,0.0,0.0,-1.150272,0.4252702,3.22105,1.311459,-0.2571781,-3.17696,0.02476599,-0.02476462,0.003873157,0.999379,2.848376,357.1703,0.3737385,0.3811908,-0.07478534,-0.9214663,0,0,0,1.861116,-0.1432753,-1.146317,0.6506118,0.2089601,1.9929,0.9987434,0.006514862,0.04969032,-0.008968145,0.9987432,0.0493094,-0.04930664,-0.04969306,0.9975467,static,15.620380671052045,7.089282559799046,18.080040463511068,5.985721132694636,0.5496570000000001,0.11390280000000003,2.0306429999999995,0.2673515713683445,0.11892340070636796,0.9562323804930521,16.099735360840565,6.306716988816527,2.6967337396759596,2.695880953980032,2.0061521974442162
3837,05/07/2023 20:00:49.054548,4016,True,True,True,True,Eyes,1.312036,-0.2570594,-3.167728,0.2204173,0.07305652,0.9726659,0.0,0.0,0.0,0.0,0.0,0.0,0.0,-1.149961,0.4232295,3.221506,1.311393,-0.2572589,-3.177059,0.02441472,-0.02479697,0.003920484,0.9993866,2.808269,357.1666,0.3800631,0.3812258,-0.07478337,-0.921452,0,0,0,1.860901,-0.1418838,-1.146458,0.6506117,0.20896,1.9929,0.9987395,0.006625336,0.04975496,-0.00904698,0.998777,0.04860505,-0.0493721,-0.04899392,0.997578,static,15.718973692024356,7.052321877720192,18.08003786541868,5.985718288963392,0.5495079999999999,0.11537510000000001,2.030601,0.26901843499649253,0.11824955251966696,0.9558483766987036,16.196417751596695,6.267916165718688,2.5915628737682463,2.590804362825397,1.9046417969896472
3838,05/07/2023 20:00:49.064353,4017,True,True,True,True,Eyes,1.312274,-0.2570567,-3.16773,0.2220009,0.07310946,0.9723017,0.0,0.0,0.0,0.0,0.0,0.0,0.0,-1.149599,0.4225522,3.221675,1.311387,-0.2573831,-3.177001,0.0241853,-0.02482382,0.004191214,0.9993905,2.782759,357.1642,0.4116765,0.3812625,-0.07478134,-0.921437,0,0,0,1.860694,-0.1407594,-1.146417,0.6506116,0.20896,1.9929,0.9987324,0.007176576,0.04982011,-0.009578062,0.998795,0.04813303,-0.04941465,-0.0485492,0.9975977,static,15.817779685444629,7.022494290596786,18.08003526732622,5.985718288963392,0.549307,0.11662369999999997,2.030584,0.2706843470322405,0.11769485251655677,0.955446437288887,16.293254156333276,6.236342161108179,2.4891340680569525,2.488514576070903,1.8042724472457108
3839,05/07/2023 20:00:49.084287,4018,True,True,True,True,Eyes,1.312502,-0.2570514,-3.167731,0.2235329,0.07316624,0.9719464,0.0,0.0,0.0,0.0,0.0,0.0,0.0,-1.149124,0.421927,3.221959,1.311383,-0.2573563,-3.177038,0.02400113,-0.02487181,0.004424938,0.9993927,2.762338,357.1593,0.4388613,0.3813013,-0.07477925,-0.9214211,0,0,0,1.860416,-0.1397118,-1.14644,0.6506118,0.20896,1.9929,0.9987236,0.007650597,0.04992582,-0.0100384,0.9988087,0.047753,-0.04950101,-0.04819322,0.9976107,static,15.91577467568364,6.999126692204355,18.080040463511068,5.985718288963392,0.5490330000000001,0.11764449999999999,2.0305980000000003,0.27233257224423246,0.11724851757703296,0.9550328872619704,16.389248477920535,6.211326663625826,2.390208395069685,2.389778858413405,1.7057774407158166
3840,05/07/2023 20:00:49.104159,4019,True,True,True,True,Eyes,1.312677,-0.2570497,-3.167728,0.2250816,0.0732035,0.9715861,0.0,0.0,0.0,0.0,0.0,0.0,0.0,-1.150379,0.4214968,3.221502,1.311422,-0.2572883,-3.176961,0.02393501,-0.02468135,0.004453074,0.999399,2.754757,357.1812,0.4427992,0.381342,-0.07477702,-0.9214044,0,0,0,1.861217,-0.1393346,-1.146586,0.6506116,0.20896,1.9929,0.998742,0.007719297,0.0495462,-0.01008229,0.9988145,0.04762143,-0.04911987,-0.04806106,0.9976358,static,15.985681259606501,6.993581638165119,18.08003526732622,5.985718288963392,0.5497949999999998,0.11795370000000002,2.030375,0.2735019166039479,0.11711569693299193,0.9547149542821077,16.457643279457024,6.204756731975376,2.3244421493221785,2.3242433694249343,1.6371113590160191
3841,05/07/2023 20:00:49.124142,4020,True,True,True,True,Eyes,1.312845,-0.2570505,-3.167726,0.226577,0.07322589,0.9712368,0.0,0.0,0.0,0.0,0.0,0.0,0.0,-1.151373,0.422087,3.220957,1.311383,-0.2573648,-3.176857,0.02397715,-0.0245113,0.004556807,0.9994016,2.759801,357.201,0.455045,0.381383,-0.07477482,-0.9213877,0,0,0,1.861834,-0.1394487,-1.146657,0.6506117,0.20896,1.9929,0.9987569,0.007932739,0.04921178,-0.01028358,0.9988087,0.04770221,-0.04877475,-0.04814899,0.9976486,static,16.055989660918257,6.997405727973026,18.08003786541868,5.985718288963392,0.550451,0.1179161,2.0302,0.27467250919391417,0.11713877789606811,0.9543760312244157,16.52635974413512,6.207677389055228,2.262658362494794,2.2628041471570763,1.5694526264493593
3842,05/07/2023 20:00:49.139392,4021,True,True,True,True,Eyes,1.313003,-0.2570539,-3.167727,0.228038,0.07324088,0.9708937,0.0,0.0,0.0,0.0,0.0,0.0,0.0,-1.152137,0.4233443,3.220511,1.311391,-0.2574226,-3.176841,0.02415772,-0.02439168,0.004577422,0.9994002,2.780495,357.2149,0.4572396,0.3814241,-0.07477273,-0.9213709,0,0,0,1.862322,-0.1402044,-1.146732,0.6506115,0.20896,1.9929,0.9987682,0.007970857,0.04897526,-0.01032785,0.9987909,0.04806315,-0.04853294,-0.04850975,0.9976429,static,16.129769443412584,7.0193330162698135,18.080032669233677,5.985718288963392,0.5509310000000001,0.1172182,2.030109,0.27589065108865163,0.11746138906285528,0.9539849597180076,16.59833280870012,6.2288992874227676,2.2064790174665014,2.2072349341415434,1.5015230516768163
3843,05/07/2023 20:00:49.154522,4022,True,True,True,True,Eyes,1.313154,-0.25705,-3.16773,0.2294339,0.07326358,0.9705631,0.0,0.0,0.0,0.0,0.0,0.0,0.0,-1.152951,0.4237273,3.220105,1.311346,-0.2574053,-3.176796,0.02425238,-0.02426739,0.004497157,0.9994012,2.791063,357.229,0.4481219,0.381465,-0.07477081,-0.9213541,0,0,0,1.862808,-0.1406593,-1.146803,0.6506116,0.20896,1.9929,0.9987817,0.007811845,0.04872385,-0.01016601,0.9987832,0.04825744,-0.04828758,-0.04869398,0.9976459,static,16.197816753266807,7.034778307208001,18.08003526732622,5.985718288963392,0.5514620000000001,0.11674600000000002,2.029993,0.27701628181596616,0.11767889892533594,0.9536319279794558,16.66475010107407,6.243629273424928,2.1534506037534307,2.154825620914,1.4385931244515582
3844,05/07/2023 20:00:49.174411,4023,True,True,True,True,Eyes,1.313303,-0.2570455,-3.167733,0.2307603,0.07327932,0.9702473,0.0,0.0,0.0,0.0,0.0,0.0,0.0,-1.15233,0.4247712,3.220299,1.311265,-0.257368,-3.176943,0.02433616,-0.02432655,0.004715827,0.9993967,2.801298,357.2228,0.4727984,0.3815055,-0.07476884,-0.9213375,0,0,0,1.862416,-0.1407003,-1.146861,0.6506117,0.20896,1.9929,0.998772,0.008241935,0.04885327,-0.01060999,0.998771,0.04841351,-0.04839421,-0.04887239,0.997632,static,16.285889238326003,7.040004406667042,18.08003786541868,5.985718288963392,0.5511510000000002,0.11666769999999999,2.030082,0.2784806397770206,0.11771397833616432,0.9532008972544544,16.75082511863131,6.247729582415397,2.0788693513039984,2.080982583800541,1.3547901845372283
3845,05/07/2023 20:00:49.184307,4024,True,True,True,True,Eyes,1.313447,-0.2570398,-3.167734,0.2320304,0.07329238,0.9699433,0.0,0.0,0.0,0.0,0.0,0.0,0.0,-1.151266,0.4226866,3.221009,1.311335,-0.25729,-3.176976,0.02406248,-0.02451403,0.004607273,0.9993992,2.769721,357.2009,0.4605865,0.3815456,-0.07476681,-0.921321,0,0,0,1.861759,-0.1396577,-1.146753,0.6506116,0.20896,1.9929,0.9987557,0.008029275,0.04922032,-0.01038875,0.9987995,0.04787016,-0.04877687,-0.04832193,0.9976401,static,16.380533382332388,7.014023160883514,18.08003526732622,5.985718288963392,0.550424,0.11763230000000002,2.030223,0.2800710938728638,0.11722523535307232,0.9527949996081994,16.843562947475846,6.220110561493017,1.9838485873891054,1.986383036252638,1.258492564609648
3846,05/07/2023 20:00:49.204259,4025,True,True,True,True,Eyes,1.313586,-0.2570376,-3.167734,0.2332427,0.07331041,0.9696512,0.0,0.0,0.0,0.0,0.0,0.0,0.0,-1.151066,0.4216666,3.221197,1.311356,-0.2572522,-3.176954,0.02400893,-0.02457627,0.004346498,0.9994003,2.762882,357.193,0.4306631,0.3815853,-0.07476469,-0.9213047,0,0,0,1.861614,-0.1397196,-1.14668,0.6506116,0.20896,1.9929,0.9987543,0.007507682,0.04933177,-0.009867882,0.9988093,0.04777543,-0.04891435,-0.04820271,0.9976392,static,16.45672286431732,7.018051661478053,18.08003526732622,5.985718288963392,0.5502580000000001,0.11753259999999999,2.030274,0.28133712400933797,0.11724699549906897,0.9524193339489144,16.9180282099662,6.223158496073505,1.920434493127412,1.923760730904449,1.1860178132334225
3847,05/07/2023 20:00:49.224428,4026,True,True,True,True,Eyes,1.313717,-0.257037,-3.167731,0.2344133,0.07332464,0.9693678,0.0,0.0,0.0,0.0,0.0,0.0,0.0,-1.151568,0.4209817,3.221095,1.31141,-0.2573301,-3.176912,0.02395169,-0.02452441,0.004186323,0.9994035,2.755852,357.1985,0.4126007,0.3816245,-0.07476261,-0.9212887,0,0,0,1.861931,-0.1397564,-1.146711,0.6506116,0.20896,1.9929,0.9987621,0.007192851,0.04922011,-0.009542457,0.9988176,0.04766948,-0.04881903,-0.04808015,0.9976497,static,16.51836753499867,7.018059677600751,18.08003526732622,5.985718288963392,0.550521,0.1175737,2.030201,0.2823629034453502,0.11721031171920819,0.9521202462449045,16.978302536795596,6.222329099014416,1.8680590100498906,1.8720402904015663,1.1268538880242938
3848,05/07/2023 20:00:49.239290,4027,True,True,True,True,Eyes,1.313837,-0.2570375,-3.167728,0.2355449,0.07332584,0.9690933,0.0,0.0,0.0,0.0,0.0,0.0,0.0,-1.152102,0.4210678,3.220811,1.311351,-0.2573676,-3.17685,0.02397794,-0.02443801,0.004140561,0.9994053,2.758696,357.2083,0.4075192,0.3816631,-0.07476061,-0.9212729,0,0,0,1.862238,-0.1399507,-1.14674,0.6506118,0.20896,1.9929,0.9987713,0.00710425,0.04904552,-0.009448143,0.9988158,0.04772498,-0.04864839,-0.04812973,0.9976556,static,16.57524217004503,7.023307368450585,18.080040463511068,5.985718288963392,0.5508870000000001,0.11741689999999996,2.0301099999999996,0.28330607652230466,0.11726350101535149,0.9518334104073918,17.033873028879388,6.226875154576007,1.8230953988787029,1.8278427180393233,1.0736027827441266
3849,05/07/2023 20:00:49.254532,4028,True,True,True,True,Eyes,1.313951,-0.2570409,-3.167724,0.2366339,0.07332547,0.968828,0.0,0.0,0.0,0.0,0.0,0.0,0.0,-1.152308,0.4219569,3.220641,1.311399,-0.2573912,-3.176849,0.0240727,-0.02440197,0.004246714,0.9994034,2.769835,357.2128,0.4195276,0.3817008,-0.07475873,-0.9212574,0,0,0,1.862397,-0.1402274,-1.146755,0.6506118,0.20896,1.9929,0.998773,0.007313517,0.04897927,-0.009663202,0.9988049,0.04790941,-0.04857035,-0.04832392,0.9976501,static,16.637237768556258,7.03178686846769,18.080040463511068,5.985718288963392,0.5509980000000001,0.11716379999999998,2.030094,0.2843323161002944,0.11736718163166335,0.9515145818435015,17.094426084333044,6.234627218982843,1.7763902942113132,1.782116463532898,1.0165585865487092
3850,05/07/2023 20:00:49.274291,4029,True,True,True,True,Eyes,1.314085,-0.2570374,-3.167722,0.2376459,0.07328052,0.9685837,0.0,0.0,0.0,0.0,0.0,0.0,0.0,-1.152507,0.4227536,3.2204,1.31137,-0.2574671,-3.176789,0.0241334,-0.02435237,0.004384052,0.9994026,2.777153,357.2189,0.4352443,0.3817376,-0.07475705,-0.9212422,0,0,0,1.862525,-0.140381,-1.146732,0.6506116,0.20896,1.9929,0.9987755,0.007587454,0.04888725,-0.009938276,0.9987967,0.04802445,-0.04846404,-0.04845149,0.997649,static,16.693201309898434,7.032562112987688,18.08003526732622,5.985718288963392,0.5511550000000001,0.1170861,2.030057,0.2852622917934799,0.11734623278139306,0.9512388127261825,17.149139733812838,6.234652627764726,1.7310472469306128,1.7375817728592302,0.9636051055020527
3851,05/07/2023 20:00:49.294564,4030,True,True,True,True,Eyes,1.314211,-0.2570338,-3.167721,0.2386154,0.07323997,0.9683484,0.0,0.0,0.0,0.0,0.0,0.0,0.0,-1.15222,0.4226999,3.220608,1.311402,-0.2572926,-3.176889,0.02418371,-0.02441001,0.004299662,0.9994004,2.782707,357.212,0.4252685,0.381774,-0.07475534,-0.9212273,0,0,0,1.862351,-0.1405134,-1.146759,0.6506116,0.20896,1.9929,0.9987713,0.007413517,0.04899871,-0.009774814,0.9987934,0.0481285,-0.04858278,-0.04854831,0.9976386,static,16.75665852468803,7.03957855873503,18.08003526732622,5.985718288963392,0.5509490000000001,0.11677919999999997,2.0301299999999998,0.28631299289184114,0.11742432072171956,0.9509134687812977,17.21113303751278,6.240901963054587,1.6840428670264254,1.6917291364632854,0.9055991345498563
3852,05/07/2023 20:00:49.304594,4031,True,True,True,True,Eyes,1.314325,-0.2570307,-3.167719,0.2395675,0.07319149,0.9681169,0.0,0.0,0.0,0.0,0.0,0.0,0.0,-1.152033,0.4225772,3.22067,1.311372,-0.2572891,-3.176881,0.02415567,-0.02443182,0.004324042,0.9994004,2.779572,357.2096,0.4280809,0.38181,-0.07475359,-0.9212125,0,0,0,1.862224,-0.1403684,-1.146733,0.6506116,0.2089601,1.9929,0.9987688,0.007462564,0.04904323,-0.009823232,0.9987956,0.04807108,-0.04862543,-0.04849366,0.9976392,static,16.815757719227282,7.033567537260626,18.08003526732622,5.985721132694636,0.5508520000000001,0.11692069999999999,2.0301479999999996,0.28729831366846403,0.11728842894813664,0.9506329558396419,17.26896422642802,6.23400658470689,1.633544103543754,1.642065713115324,0.8482227885789304
3853,05/07/2023 20:00:49.334146,4032,True,True,True,True,Eyes,1.314435,-0.2570271,-3.167719,0.2404743,0.07315715,0.9678947,0.0,0.0,0.0,0.0,0.0,0.0,0.0,-1.151597,0.4218797,3.220937,1.311419,-0.2572998,-3.176881,0.02397362,-0.0244873,0.004507732,0.9994026,2.759248,357.2037,0.4494943,0.3818452,-0.07475183,-0.9211981,0,0,0,1.861984,-0.1394273,-1.14671,0.6506116,0.20896,1.9929,0.9987601,0.007835979,0.04916147,-0.01018418,0.9988099,0.04769782,-0.04872921,-0.04813935,0.9976513,static,16.87706647380222,7.00566248259954,18.08003526732622,5.985718288963392,0.5505650000000002,0.11787250000000002,2.030171,0.2883325155759739,0.11678752065555564,0.9503815251389628,17.32912229371653,6.204890601050521,1.5683080014659836,1.5771556918467755,0.7822447163905712
3854,05/07/2023 20:00:49.344628,4033,True,True,True,True,Eyes,1.314573,-0.257022,-3.167714,0.2413545,0.07311646,0.9676787,0.0,0.0,0.0,0.0,0.0,0.0,0.0,-1.151023,0.4212248,3.221252,1.311429,-0.2572902,-3.176902,0.02383811,-0.02456832,0.00459578,0.9994034,2.744004,357.1946,0.4597436,0.3818797,-0.07475006,-0.9211839,0,0,0,1.861634,-0.1387693,-1.146671,0.6506115,0.2089601,1.9929,0.9987506,0.008014751,0.04932643,-0.0103574,0.9988213,0.04742195,-0.04888822,-0.0478736,0.9976563,static,16.938929763333704,6.98578406127353,18.080032669233677,5.985721132694636,0.550205,0.11852090000000001,2.030231,0.2893710841262692,0.11641967849604379,0.9501109998086208,17.38976155249244,6.1839024365823745,1.5078808514220372,1.517313976397489,0.718157394877918
3855,05/07/2023 20:00:49.354272,4034,True,True,True,True,Eyes,1.314705,-0.2570181,-3.167711,0.242194,0.07307713,0.9674719,0.0,0.0,0.0,0.0,0.0,0.0,0.0,-1.150996,0.4213616,3.221173,1.311462,-0.2572493,-3.176819,0.02385346,-0.02457468,0.004629524,0.9994027,2.745861,357.1939,0.4635522,0.3819141,-0.0747482,-0.9211698,0,0,0,1.861631,-0.1387501,-1.146577,0.6506118,0.2089601,1.9929,0.9987493,0.008081135,0.04934087,-0.0104259,0.9988192,0.04745089,-0.04889914,-0.04790597,0.9976541,static,16.989884889939276,6.984857250997179,18.080040463511068,5.985721132694636,0.5501690000000001,0.11849920000000003,2.0302420000000003,0.29021752987664906,0.1163731425661219,0.9498584920377502,17.43959105662854,6.182270782136514,1.4683434678208798,1.4787535824086169,0.6699307482657495
3856,05/07/2023 20:00:49.374344,4035,True,True,True,True,Eyes,1.314834,-0.2570157,-3.167707,0.2430155,0.07302094,0.9672701,0.0,0.0,0.0,0.0,0.0,0.0,0.0,-1.150555,0.4213974,3.221367,1.311463,-0.2572754,-3.176858,0.02385495,-0.024643,0.004628042,0.999401,2.746058,357.1861,0.4631903,0.3819484,-0.07474632,-0.9211556,0,0,0,1.861355,-0.1387872,-1.146541,0.6506116,0.20896,1.9929,0.9987426,0.008074824,0.04947729,-0.01042625,0.9988191,0.04745322,-0.04903569,-0.04790941,0.9976473,static,17.046441027992152,6.982602382647952,18.08003526732622,5.985718288963392,0.549892,0.11848819999999999,2.030317,0.29115745459707765,0.1163010439698915,0.9495796128165388,17.494907164456507,6.179216984298128,1.4244645883950604,1.4359996336440541,0.6162926592651864
3857,05/07/2023 20:00:49.384629,4036,True,True,True,True,Eyes,1.314958,-0.2570131,-3.167703,0.2438026,0.07295944,0.9670767,0.0,0.0,0.0,0.0,0.0,0.0,0.0,-1.150738,0.4223108,3.221156,1.311451,-0.2573035,-3.176835,0.02403518,-0.02462403,0.004520791,0.9993976,2.7664,357.188,0.4504417,0.3819826,-0.07474446,-0.9211416,0,0,0,1.861457,-0.1396699,-1.146498,0.6506118,0.20896,1.9929,0.9987465,0.007852448,0.04943571,-0.01021982,0.9988038,0.04781876,-0.04900108,-0.04826404,0.997632,static,17.090595801940463,7.003762097463681,18.080040463511068,5.985718288963392,0.550006,0.1176336,2.0303370000000003,0.29187800966982996,0.1166249522277317,0.9493186921807775,17.537919581815498,6.200063406143532,1.4064151069828081,1.4196527513220765,0.5829570135347465
3858,05/07/2023 20:00:49.404228,4037,True,True,True,True,Eyes,1.315057,-0.2570104,-3.167702,0.2445535,0.07292618,0.9668896,0.0,0.0,0.0,0.0,0.0,0.0,0.0,-1.150709,0.4226037,3.221076,1.311451,-0.2573133,-3.176781,0.02410564,-0.02463589,0.004453828,0.999396,2.774291,357.1865,0.442534,0.3820164,-0.07474261,-0.9211277,0,0,0,1.861432,-0.1400448,-1.146417,0.6506116,0.20896,1.9929,0.9987465,0.007714546,0.04945675,-0.01009,0.9987981,0.0479627,-0.04902729,-0.04840159,0.997624,static,17.136163467418672,7.012735982049131,18.08003526732622,5.985718288963392,0.549981,0.11726850000000003,2.030364,0.29262873990610555,0.11674562748140256,0.9490727157203184,17.582406118157966,6.208539746005478,1.3802017947490142,1.3948689245129333,0.5452377204672095
3859,05/07/2023 20:00:49.424682,4038,True,True,True,True,Eyes,1.315152,-0.2570096,-3.167701,0.2452733,0.07288931,0.96671,0.0,0.0,0.0,0.0,0.0,0.0,0.0,-1.150423,0.4227842,3.221274,1.311506,-0.2572818,-3.176883,0.02417509,-0.02469808,0.004356714,0.9993932,2.782003,357.1791,0.4310316,0.3820494,-0.07474078,-0.9211142,0,0,0,1.861267,-0.1404127,-1.146436,0.6506116,0.20896,1.9929,0.9987421,0.007513985,0.04957683,-0.009902298,0.9987932,0.04810562,-0.04915553,-0.04853603,0.9976111,static,17.18535293272894,7.022485912773065,18.08003526732622,5.985718288963392,0.5497609999999999,0.1168691,2.030447,0.29343885988728835,0.11687676737438135,0.9488063680547939,17.63042804696427,6.217753436683988,1.3531213597358789,1.3694318477457708,0.5059515415327033
3860,05/07/2023 20:00:49.434407,4039,True,True,True,True,Eyes,1.315297,-0.2570091,-3.167698,0.2459314,0.07285274,0.9665455,0.0,0.0,0.0,0.0,0.0,0.0,0.0,-1.150335,0.4226556,3.221323,1.311492,-0.2573232,-3.176886,0.02419928,-0.02472354,0.004224503,0.9993924,2.784413,357.1758,0.4157336,0.3820814,-0.07473905,-0.921101,0,0,0,1.861195,-0.1407113,-1.146408,0.6506118,0.2089601,1.9929,0.9987418,0.00724729,0.0496215,-0.009640456,0.9987931,0.04816027,-0.04921257,-0.04857804,0.9976063,static,17.226110117471134,7.028013967222456,18.080040463511068,5.985721132694636,0.5497029999999998,0.11661189999999996,2.030478,0.29411139356523947,0.11694301463086187,0.9485898999598701,17.67023722797266,6.222802629534656,1.3297785008999987,1.347431404115223,0.47344094457667363
3861,05/07/2023 20:00:49.455260,4040,True,True,True,True,Eyes,1.315434,-0.2570093,-3.167698,0.2465653,0.07281831,0.9663866,0.0,0.0,0.0,0.0,0.0,0.0,0.0,-1.15055,0.4221127,3.221338,1.311543,-0.2573357,-3.176885,0.02416072,-0.02471163,0.004098763,0.9993943,2.779634,357.1768,0.4014578,0.3821138,-0.07473735,-0.9210877,0,0,0,1.861335,-0.1407185,-1.146431,0.6506116,0.20896,1.9929,0.9987451,0.006998459,0.04959138,-0.009386662,0.9987989,0.04808959,-0.04919526,-0.04849474,0.9976112,static,17.260944674489668,7.026101827707499,18.08003526732622,5.985718288963392,0.5497920000000001,0.1166172,2.0304539999999998,0.2946899332392453,0.1168895591688745,0.9484169380075734,17.704311992631762,6.220391318240256,1.305530892634811,1.3241251100115292,0.442989175733569
3862,05/07/2023 20:00:49.464068,4041,True,True,True,True,Eyes,1.315564,-0.2570067,-3.167696,0.2472037,0.07276761,0.9662274,0.0,0.0,0.0,0.0,0.0,0.0,0.0,-1.1507,0.4221876,3.221321,1.311511,-0.2573551,-3.176944,0.02415941,-0.02468032,0.004124122,0.9993951,2.779543,357.1805,0.4044561,0.3821464,-0.07473572,-0.9210744,0,0,0,1.861422,-0.1407008,-1.146525,0.6506115,0.20896,1.9929,0.9987478,0.007050729,0.04953005,-0.009435778,0.9987986,0.04808602,-0.04913151,-0.04849315,0.9976144,static,17.295487117476082,7.022583540287342,18.080032669233677,5.985718288963392,0.5499109999999998,0.11665430000000002,2.030419,0.295264481186625,0.11680964609015428,0.94824816140051,17.73811334619836,6.216356072676044,1.2807332132137883,1.3002312379671963,0.41243497759139336
3863,05/07/2023 20:00:49.484266,4042,True,True,True,True,Eyes,1.315688,-0.2570064,-3.167694,0.2478178,0.07272231,0.9660734,0.0,0.0,0.0,0.0,0.0,0.0,0.0,-1.150897,0.4216073,3.221287,1.311564,-0.2572829,-3.176887,0.02407155,-0.02465625,0.004146774,0.9993976,2.769529,357.1833,0.4073665,0.382179,-0.07473407,-0.921061,0,0,0,1.861564,-0.1402461,-1.146515,0.6506115,0.20896,1.9929,0.9987498,0.007101523,0.04948245,-0.009475581,0.9988067,0.04790962,-0.04908317,-0.04831859,0.9976252,static,17.329041182713603,7.009481159254439,18.080032669233677,5.985718288963392,0.55,0.11703679999999997,2.030372,0.29582806012723106,0.11657151010831313,0.9481017099597293,17.77102114876197,6.202620346316845,1.2496597641531002,1.269676583785097,0.37753757729317017
3864,05/07/2023 20:00:49.504199,4043,True,True,True,True,Eyes,1.315786,-0.2570047,-3.167694,0.2484344,0.07269979,0.9659168,0.0,0.0,0.0,0.0,0.0,0.0,0.0,-1.150988,0.4214415,3.221291,1.311547,-0.2573384,-3.176904,0.02403152,-0.02463781,0.004160811,0.9993989,2.764974,357.1855,0.4091391,0.3822114,-0.07473247,-0.9210477,0,0,0,1.861617,-0.1401224,-1.146561,0.6506118,0.20896,1.9929,0.9987513,0.007132452,0.04944598,-0.009500788,0.9988103,0.04782912,-0.04904602,-0.04823917,0.9976309,static,17.36356012688228,7.003568600352388,18.080040463511068,5.985718288963392,0.5500700000000001,0.11721600000000001,2.0303430000000002,0.2964034195719552,0.11645193275980552,0.9479367781208838,17.804817726632265,6.196158718372066,1.2238562838710567,1.2447342403783934,0.3464573988598971
3865,05/07/2023 20:00:49.514734,4044,True,True,True,True,Eyes,1.315878,-0.2570065,-3.167693,0.2490235,0.0726784,0.9657666,0.0,0.0,0.0,0.0,0.0,0.0,0.0,-1.150896,0.4212793,3.221377,1.3116,-0.2572994,-3.176919,0.02402108,-0.02466285,0.004137004,0.9993986,2.763721,357.1825,0.4063694,0.3822431,-0.07473091,-0.9210347,0,0,0,1.861577,-0.1400709,-1.146551,0.6506117,0.20896,1.9929,0.9987493,0.007084176,0.0494948,-0.00945389,0.9988118,0.04780921,-0.0490973,-0.04821733,0.9976295,static,17.401187588552006,7.002483602932089,18.08003786541868,5.985718288963392,0.5499769999999999,0.11722850000000001,2.0303679999999997,0.29702731636236196,0.11641033669453121,0.9477464776508584,17.841617025442634,6.194547807541917,1.2004842272874743,1.2225585475108443,0.3169452078271928
3866,05/07/2023 20:00:49.539784,4045,True,True,True,True,Eyes,1.315961,-0.2570062,-3.167694,0.2495541,0.07266937,0.9656304,0.0,0.0,0.0,0.0,0.0,0.0,0.0,-1.150618,0.4209942,3.221512,1.311582,-0.2572924,-3.176924,0.02402921,-0.02471741,0.004002064,0.9993977,2.764295,357.1759,0.3907237,0.3822738,-0.07472948,-0.9210221,0,0,0,1.861382,-0.140261,-1.146497,0.6506118,0.20896,1.9929,0.9987461,0.006811428,0.04959738,-0.009187187,0.9988131,0.04783164,-0.04921271,-0.04822731,0.9976233,static,17.437701394823872,7.007961116448038,18.080040463511068,5.985718288963392,0.5498000000000001,0.11703139999999998,2.030427,0.29762888768800755,0.11647809623066913,0.9475494994348557,17.877277537109062,6.199603426615662,1.1837478086764595,1.2073027281944397,0.2947196234247652
3867,05/07/2023 20:00:49.554347,4046,True,True,True,True,Eyes,1.316041,-0.2570062,-3.167692,0.2500614,0.07266252,0.9654996,0.0,0.0,0.0,0.0,0.0,0.0,0.0,-1.150224,0.4211029,3.221638,1.311584,-0.2573466,-3.176919,0.02403695,-0.02477841,0.004003406,0.999396,2.765208,357.1689,0.3906869,0.3823036,-0.07472812,-0.9210098,0,0,0,1.861136,-0.1403475,-1.146423,0.6506115,0.20896,1.9929,0.99874,0.006810782,0.04971934,-0.009193171,0.9988124,0.04784646,-0.04933443,-0.04824325,0.9976165,static,17.47496350008765,7.009079353651435,18.080032669233677,5.985718288963392,0.5495519999999998,0.1169991,2.030496,0.29824521579853586,0.11647310758195484,0.947356231650142,17.913702852374875,6.200230556829313,1.1639316543566716,1.1888551502056541,0.2714426662138123
3868,05/07/2023 20:00:49.564345,4047,True,True,True,True,Eyes,1.316135,-0.2570028,-3.167692,0.2505139,0.07264423,0.9653836,0.0,0.0,0.0,0.0,0.0,0.0,0.0,-1.149816,0.4209597,3.221773,1.311582,-0.2573348,-3.176892,0.02402123,-0.02484283,0.003990439,0.9993948,2.763396,357.1615,0.3890661,0.3823324,-0.07472683,-0.920998,0,0,0,1.860877,-0.1402907,-1.146328,0.6506117,0.2089601,1.9929,0.9987339,0.006782536,0.0498473,-0.009169557,0.9988142,0.04781511,-0.04946389,-0.04821164,0.9976116,static,17.50908582373612,7.007228929411924,18.08003786541868,5.985721132694636,0.5492949999999999,0.11704409999999998,2.030564,0.29881117960102993,0.11642090689503362,0.9471842190290344,17.947080746562044,6.197891473339421,1.1441536128225194,1.1702411771321723,0.2503873976540802
3869,05/07/2023 20:00:49.584448,4048,True,True,True,True,Eyes,1.316225,-0.2570021,-3.16769,0.2509495,0.07262077,0.9652723,0.0,0.0,0.0,0.0,0.0,0.0,0.0,-1.149543,0.4206537,3.221994,1.311651,-0.2572834,-3.176952,0.02399461,-0.02489925,0.0039538,0.9993944,2.760262,357.1549,0.3847844,0.3823605,-0.07472549,-0.9209864,0,0,0,1.860729,-0.1401784,-1.146334,0.6506117,0.20896,1.9929,0.9987288,0.006707913,0.04995808,-0.009097704,0.9988173,0.04776326,-0.0495786,-0.04815704,0.9976086,static,17.54098352280632,7.004547459737076,18.08003786541868,5.985718288963392,0.5490780000000002,0.11710499999999999,2.030618,0.2993407520794376,0.11635634664803901,0.9470250026647505,17.97828978419737,6.19474031236204,1.1254838334107768,1.1526458534643824,0.23247124187280377
3870,05/07/2023 20:00:49.604436,4049,True,True,True,True,Eyes,1.316293,-0.2570004,-3.167688,0.2513731,0.07257761,0.9651653,0.0,0.0,0.0,0.0,0.0,0.0,0.0,-1.149727,0.4205451,3.221895,1.311657,-0.2573152,-3.176898,0.02399612,-0.02487843,0.003894128,0.999395,2.760257,357.1571,0.3779959,0.3823882,-0.0747242,-0.920975,0,0,0,1.86084,-0.1402869,-1.146304,0.6506118,0.20896,1.9929,0.9987318,0.006589571,0.04991365,-0.008977515,0.998818,0.04776943,-0.04953988,-0.04815695,0.9976105,static,17.563138028882115,7.004439413496293,18.080040463511068,5.985718288963392,0.549183,0.11702830000000003,2.030594,0.2997074684278422,0.11634051906444931,0.9469109346677755,17.999952645022507,6.194329805322203,1.1143559211686058,1.1423575869643081,0.22345653588064782
3871,05/07/2023 20:00:49.624429,4050,True,True,True,True,Eyes,1.316357,-0.2569975,-3.167683,0.2517868,0.0725266,0.9650613,0.0,0.0,0.0,0.0,0.0,0.0,0.0,-1.150031,0.4214803,3.221883,1.311769,-0.2571435,-3.177088,0.02415148,-0.02484276,0.003937067,0.9993919,2.778169,357.1613,0.3825791,0.3824148,-0.07472294,-0.9209641,0,0,0,1.861083,-0.1406888,-1.146496,0.6506115,0.2089601,1.9929,0.9987347,0.006669368,0.04984548,-0.009069326,0.9988024,0.04807797,-0.04946513,-0.0484692,0.9975991,static,17.584677490202186,7.018190206505281,18.080032669233677,5.985721132694636,0.5493140000000001,0.11645470000000002,2.030592,0.3000558498946044,0.11655439105565163,0.946774299391974,18.020908780635924,6.2079742102501605,1.1156931729469588,1.1451502703875738,0.22998274867002896
3872,05/07/2023 20:00:49.639814,4051,True,True,True,True,Eyes,1.316427,-0.2569944,-3.167685,0.2521707,0.07246026,0.964966,0.0,0.0,0.0,0.0,0.0,0.0,0.0,-1.150779,0.4217339,3.221473,1.311746,-0.2570628,-3.176992,0.02424346,-0.02473475,0.003837595,0.9993927,2.788386,357.1735,0.3712155,0.3824404,-0.07472167,-0.9209536,0,0,0,1.861531,-0.1410936,-1.1465,0.6506115,0.20896,1.9929,0.9987469,0.006471217,0.04962555,-0.008869841,0.998795,0.04826762,-0.0492534,-0.04864731,0.9976009,static,17.594381818291456,7.02814082317177,18.080032669233677,5.985718288963392,0.549785,0.11596919999999997,2.0304919999999997,0.30021056567484056,0.11671285509835526,0.9467056871518943,18.030321751212927,6.2179277612736295,1.1197105701185281,1.1500006473243052,0.23747087063693642
3873,05/07/2023 20:00:49.654505,4052,True,True,True,True,Eyes,1.316492,-0.256991,-3.167687,0.252542,0.07239553,0.9648738,0.0,0.0,0.0,0.0,0.0,0.0,0.0,-1.15129,0.4220005,3.221258,1.311773,-0.2571805,-3.176974,0.02425883,-0.02465743,0.003859647,0.9993941,2.790181,357.1824,0.3739168,0.3824651,-0.07472038,-0.9209434,0,0,0,1.861865,-0.1412434,-1.146564,0.6506115,0.20896,1.9929,0.9987542,0.006518296,0.04947224,-0.008910937,0.9987932,0.04829792,-0.04909771,-0.0486786,0.9976071,static,17.607773888295256,7.025412417708881,18.080032669233677,5.985718288963392,0.550092,0.11593709999999999,2.03041,0.3004337579102972,0.11665918394065064,0.9466415458686669,18.043436873262692,6.214980451426759,1.1112278459235996,1.1419247950374338,0.23216457830627196
3874,05/07/2023 20:00:49.664691,4053,True,True,True,True,Eyes,1.316553,-0.2569842,-3.167694,0.2529012,0.07234804,0.9647833,0.0,0.0,0.0,0.0,0.0,0.0,0.0,-1.15174,0.4224848,3.221044,1.31172,-0.257229,-3.177002,0.02429091,-0.02456924,0.003954391,0.9993952,2.794091,357.1928,0.384937,0.382489,-0.07471906,-0.9209336,0,0,0,1.862139,-0.1413036,-1.14668,0.6506116,0.20896,1.9929,0.9987614,0.006710379,0.04930088,-0.009097617,0.9987887,0.04835812,-0.04891665,-0.04874675,0.9976126,static,17.620046101578534,7.023196853469298,18.08003526732622,5.985718288963392,0.550419,0.11592539999999998,2.030322,0.3006381009500195,0.11661470837937918,0.9465821749108366,18.05545313307147,6.212568143871671,1.1037942033778505,1.1348796431404027,0.22817786482572264
3875,05/07/2023 20:00:49.684430,4054,True,True,True,True,Eyes,1.31661,-0.2569766,-3.167704,0.2532335,0.07232002,0.9646982,0.0,0.0,0.0,0.0,0.0,0.0,0.0,-1.151511,0.4223416,3.221239,1.311761,-0.2571413,-3.177089,0.02425724,-0.02460387,0.004016833,0.999395,2.790421,357.189,0.3920938,0.3825119,-0.07471761,-0.9209242,0,0,0,1.862018,-0.1410068,-1.146734,0.6506116,0.20896,1.9929,0.9987571,0.006835162,0.04937284,-0.009222451,0.9987909,0.04828747,-0.04898309,-0.04868279,0.9976125,static,17.644262667153324,7.015985637640402,18.08003526732622,5.985718288963392,0.550257,0.11613450000000003,2.030355,0.30104293814776906,0.11647996804207582,0.94647005992507,18.07918621329914,6.204930239826702,1.0869077615511311,1.1186369244805945,0.21921359513962382
3876,05/07/2023 20:00:49.704499,4055,True,True,True,True,Eyes,1.316659,-0.2569771,-3.167713,0.2535487,0.07231542,0.9646157,0.0,0.0,0.0,0.0,0.0,0.0,0.0,-1.150417,0.4207333,3.221925,1.311716,-0.2571198,-3.177195,0.02401737,-0.02476855,0.003990344,0.9993967,2.762924,357.17,0.3892717,0.3825339,-0.07471602,-0.9209152,0,0,0,1.861313,-0.140057,-1.146715,0.6506116,0.20896,1.9929,0.9987412,0.006786122,0.04969888,-0.009165625,0.9988145,0.0478081,-0.04931553,-0.04820344,0.9976194,static,17.680673152592703,6.989712716111481,18.08003526732622,5.985718288963392,0.5495969999999999,0.11706280000000002,2.0304800000000003,0.3016606011005079,0.11602219166005003,0.9463295645355458,18.11498706127531,6.17780677123456,1.0485098656505358,1.080506783148003,0.19524244651586523
3877,05/07/2023 20:00:49.714698,4056,True,True,True,True,Eyes,1.316708,-0.2569701,-3.167727,0.2538225,0.07233385,0.9645423,0.0,0.0,0.0,0.0,0.0,0.0,0.0,-1.14909,0.4211213,3.22234,1.31169,-0.2573172,-3.177182,0.02395281,-0.02494382,0.004233674,0.9993929,2.756287,357.1505,0.4168692,0.3825547,-0.07471453,-0.9209066,0,0,0,1.860494,-0.1397104,-1.146518,0.6506116,0.20896,1.9929,0.9987198,0.007267258,0.05006018,-0.009657157,0.9988167,0.04766532,-0.04965455,-0.04808774,0.9976081,static,17.719359233073305,6.976090713514275,18.08003526732622,5.985718288963392,0.5488040000000001,0.11760680000000001,2.0306640000000002,0.30230836634014757,0.11577227664954995,0.946153437583722,18.15291675094539,6.16347466009428,1.0210498957580951,1.0540041465740089,0.1921172510009269
3878,05/07/2023 20:00:49.740053,4057,True,True,True,True,Eyes,1.316781,-0.2569579,-3.167735,0.2540465,0.07239831,0.9644786,0.0,0.0,0.0,0.0,0.0,0.0,0.0,-1.146746,0.4207387,3.223371,1.311774,-0.2571386,-3.17731,0.02376679,-0.0252771,0.004627239,0.9993872,2.736248,357.1133,0.4616074,0.3825746,-0.07471293,-0.9208985,0,0,0,1.859094,-0.1383258,-1.146316,0.6506116,0.20896,1.9929,0.9986793,0.008047298,0.05074317,-0.01045032,0.9988275,0.04727053,-0.05030328,-0.04773838,0.9975924,static,17.77431401098939,6.946615728137678,18.08003526732622,5.985718288963392,0.54732,0.1188128,2.0309939999999997,0.3032342971277012,0.11524996388722489,0.9459209883391572,18.20687401672362,6.132853808079143,0.9745005663269747,1.0083597449263184,0.19425995298609028
3879,05/07/2023 20:00:49.754654,4058,True,True,True,True,Eyes,1.316854,-0.2569462,-3.167739,0.2542786,0.07245304,0.9644133,0.0,0.0,0.0,0.0,0.0,0.0,0.0,-1.146098,0.4164535,3.224197,1.312062,-0.2569481,-3.177246,0.02321955,-0.02544944,0.004381589,0.9993968,2.672907,357.0927,0.4345523,0.3825942,-0.07471106,-0.9208905,0,0,0,1.858759,-0.1362295,-1.146197,0.6506116,0.20896,1.9929,0.9986662,0.007576044,0.05107166,-0.009939741,0.9988833,0.04618806,-0.0506647,-0.0466341,0.9976264,static,17.803259471805145,6.89564966268347,18.08003526732622,5.985718288963392,0.546697,0.12071860000000001,2.031049,0.30374254861825006,0.11438905849144457,0.9458623949055286,18.235563490450865,6.080804151390103,0.9184274968860469,0.9510940783468433,0.1822919346041961
3880,05/07/2023 20:00:49.774720,4059,True,True,True,True,Eyes,1.316908,-0.2569405,-3.167741,0.254513,0.07244192,0.9643523,0.0,0.0,0.0,0.0,0.0,0.0,0.0,-1.147644,0.4135013,3.224,1.312184,-0.2569859,-3.177166,0.02300857,-0.02530019,0.003716195,0.9994083,2.646743,357.108,0.3592719,0.3826137,-0.07470898,-0.9208826,0,0,0,1.859708,-0.1362056,-1.146343,0.6506116,0.20896,1.9929,0.9986922,0.006263748,0.05074145,-0.008592233,0.9989136,0.04580187,-0.05039943,-0.04617795,0.997661,static,17.792504148617706,6.892604020144844,18.08003526732622,5.985718288963392,0.5475239999999999,0.12078029999999998,2.0308230000000003,0.30356652104247533,0.11434551182737962,0.9459241664555778,18.22507039683393,6.077863380770362,0.919301054393265,0.9513757794091077,0.1718310412452692
3881,05/07/2023 20:00:49.784464,4060,True,True,True,True,Eyes,1.316961,-0.2569405,-3.16774,0.2547443,0.0723902,0.9642951,0.0,0.0,0.0,0.0,0.0,0.0,0.0,-1.149776,0.4148889,3.222853,1.311993,-0.2571271,-3.17702,0.02339067,-0.02499199,0.003237971,0.9994089,2.689049,357.1422,0.3041732,0.3826325,-0.07470688,-0.920875,0,0,0,1.860929,-0.1384479,-1.146455,0.6506116,0.20896,1.9929,0.9987298,0.005302954,0.0501059,-0.007641272,0.9988848,0.04659184,-0.04980295,-0.04691553,0.9976566,static,17.767569746825735,6.948848716935628,18.08003526732622,5.985718288963392,0.5489360000000001,0.11867919999999998,2.030565,0.30312148120830174,0.1152911671447855,0.945952088496568,18.20026269427238,6.135208671941614,0.9788662449347086,1.012548726130067,0.19183849663993208
3882,05/07/2023 20:00:49.804295,4061,True,True,True,True,Eyes,1.316987,-0.25694,-3.167746,0.2550005,0.07228751,0.964235,0.0,0.0,0.0,0.0,0.0,0.0,0.0,-1.150296,0.4187719,3.222145,1.312004,-0.2572531,-3.176985,0.02395059,-0.02490514,0.003313348,0.9993974,2.753398,357.1524,0.311461,0.3826507,-0.07470495,-0.9208676,0,0,0,1.861271,-0.1407385,-1.146384,0.6506115,0.20896,1.9929,0.9987375,0.005429717,0.04993898,-0.007815689,0.9988308,0.04770728,-0.04962155,-0.04803736,0.9976122,static,17.775761538107723,7.004807868331508,18.080032669233677,5.985718288963392,0.549267,0.11651460000000002,2.030601,0.3032239737526781,0.11621100925705362,0.9458065856169231,18.20784700214819,6.191814488299023,1.0268870607449379,1.0635433663059302,0.2425121586209105
3883,05/07/2023 20:00:49.824270,4062,True,True,True,True,Eyes,1.31701,-0.2569348,-3.167752,0.2552633,0.07216389,0.9641747,0.0,0.0,0.0,0.0,0.0,0.0,0.0,-1.150804,0.4215,3.221775,1.312093,-0.257259,-3.177117,0.0243829,-0.02484076,0.003295729,0.9993886,2.802866,357.1599,0.3083954,0.3826677,-0.07470317,-0.9208606,0,0,0,1.861629,-0.1425065,-1.146489,0.6506116,0.20896,1.9929,0.9987441,0.005376049,0.04981186,-0.007798809,0.9987893,0.04857225,-0.04949042,-0.04889973,0.9975768,static,17.785417797985648,7.047949583085288,18.08003526732622,5.985718288963392,0.549536,0.11475250000000001,2.030628,0.3033580214885233,0.1169178977083597,0.9456764496702551,18.216960660926187,6.2354093604770116,1.063238197195431,1.1023315179439077,0.2847704243880062
3884,05/07/2023 20:00:49.840061,4063,True,True,True,True,Eyes,1.317043,-0.2569334,-3.167763,0.2555178,0.07204825,0.964116,0.0,0.0,0.0,0.0,0.0,0.0,0.0,-1.152198,0.4227356,3.221131,1.312064,-0.2570682,-3.177161,0.02468911,-0.02464288,0.003083133,0.9993866,2.837295,357.182,0.2837145,0.3826836,-0.07470138,-0.9208542,0,0,0,1.862474,-0.1437975,-1.146686,0.6506116,0.20896,1.9929,0.9987664,0.004945661,0.04940777,-0.007379305,0.9987619,0.04919599,-0.04910329,-0.0494999,0.9975663,static,17.776744274991476,7.0830782374871175,18.08003526732622,5.985718288963392,0.5504100000000001,0.11327070000000003,2.030475,0.3031937550627799,0.11750413481026951,0.9456565354790945,18.208212898359044,6.27113166979066,1.0981242681778207,1.138500892689763,0.31287426077010155
3885,05/07/2023 20:00:49.854748,4064,True,True,True,True,Eyes,1.317071,-0.2569339,-3.167779,0.2557625,0.07194303,0.964059,0.0,0.0,0.0,0.0,0.0,0.0,0.0,-1.152608,0.421725,3.221239,1.311985,-0.2571527,-3.177311,0.02457432,-0.0245818,0.002934379,0.9993914,2.823705,357.1886,0.2671531,0.3826985,-0.07469968,-0.9208481,0,0,0,1.86269,-0.143595,-1.146932,0.6506115,0.20896,1.9929,0.9987742,0.004657023,0.04927791,-0.007073348,0.998775,0.04897448,-0.04898946,-0.049263,0.9975837,static,17.78209258191831,7.068521510685956,18.080032669233677,5.985718288963392,0.550705,0.11355770000000001,2.030379,0.30329084478911633,0.11726007631000236,0.9456557245761841,18.21355297652312,6.2563051100312,1.0831256370356839,1.123045463283768,0.30173647474948856
3886,05/07/2023 20:00:49.874659,4065,True,True,True,True,Eyes,1.317077,-0.2569324,-3.167796,0.2560356,0.07191441,0.9639887,0.0,0.0,0.0,0.0,0.0,0.0,0.0,-1.152544,0.4215859,3.22133,1.311871,-0.2572442,-3.177401,0.02448488,-0.02455872,0.003071689,0.9993939,2.813835,357.1916,0.283213,0.3827125,-0.07469812,-0.9208424,0,0,0,1.862624,-0.14316,-1.147065,0.6506116,0.20896,1.9929,0.9987748,0.004937021,0.04923808,-0.007342289,0.9987821,0.0487892,-0.04893724,-0.04909095,0.9975947,static,17.79669067266648,7.052096455672153,18.08003526732622,5.985718288963392,0.550753,0.11408419999999997,2.030336,0.3035419161036901,0.11697917107194826,0.9456100164783148,18.22795143019227,6.239459245592846,1.0636129564617942,1.1033796054649692,0.29370676585371
3887,05/07/2023 20:00:49.884157,4066,True,True,True,True,Eyes,1.317081,-0.2569301,-3.167814,0.2562878,0.07191145,0.9639218,0.0,0.0,0.0,0.0,0.0,0.0,0.0,-1.151522,0.4207419,3.221751,1.311775,-0.257202,-3.177389,0.02425623,-0.02467403,0.003337788,0.9993956,2.788417,357.1791,0.3140417,0.3827251,-0.07469663,-0.9208373,0,0,0,1.861972,-0.1418811,-1.146972,0.6506115,0.20896,1.9929,0.99876,0.005474545,0.04948017,-0.00786854,0.998801,0.04831842,-0.04915632,-0.04864785,0.9976056,static,17.82671146466583,7.017244419370478,18.080032669233677,5.985718288963392,0.550197,0.11532089999999998,2.030417,0.30405872092633596,0.1163838060629961,0.9455173364355168,18.257569836229802,6.203727271168014,1.0227803877305566,1.0621759696002921,0.28115362702071783
3888,05/07/2023 20:00:49.904334,4067,True,True,True,True,Eyes,1.317077,-0.2569284,-3.167831,0.2565077,0.07196918,0.9638591,0.0,0.0,0.0,0.0,0.0,0.0,0.0,-1.150197,0.4198681,3.222406,1.311766,-0.2571844,-3.177462,0.02401652,-0.02484884,0.003608037,0.9993962,2.761772,357.1597,0.3452177,0.3827363,-0.07469518,-0.9208328,0,0,0,1.861164,-0.14058,-1.146902,0.6506116,0.20896,1.9929,0.998739,0.006018152,0.04984098,-0.008405282,0.9988204,0.04782472,-0.04949437,-0.04818334,0.9976115,static,17.8617552341269,6.984764770216188,18.08003526732622,5.985718288963392,0.549398,0.11660439999999997,2.0305599999999995,0.3046570518480608,0.11582456006921615,0.9453935052273171,18.292081530892872,6.170331574051235,0.9832751590861303,1.0226143185957692,0.28115064098006814
3889,05/07/2023 20:00:49.924301,4068,True,True,True,True,Eyes,1.317074,-0.2569271,-3.167845,0.2567176,0.07203502,0.9637982,0.0,0.0,0.0,0.0,0.0,0.0,0.0,-1.150063,0.4190734,3.222568,1.311783,-0.2571455,-3.177469,0.02385842,-0.02486143,0.003710991,0.9993994,2.743953,357.1585,0.3574345,0.3827462,-0.0746938,-0.9208288,0,0,0,1.861094,-0.1397805,-1.146929,0.6506116,0.20896,1.9929,0.9987363,0.006231214,0.04987007,-0.008603833,0.998834,0.04750365,-0.04951592,-0.04787269,0.9976254,static,17.876242398656114,6.967271230306532,18.08003526732622,5.985718288963392,0.5493110000000001,0.11736500000000002,2.03054,0.30490672035034583,0.11552620380215063,0.9453494214837497,18.306379646500634,6.152404259274031,0.9633665056567879,1.002485765475082,0.2810978311589224
3890,05/07/2023 20:00:49.940384,4069,True,True,True,True,Eyes,1.317047,-0.2569261,-3.167856,0.2569201,0.07211347,0.9637384,0.0,0.0,0.0,0.0,0.0,0.0,0.0,-1.149765,0.4193468,3.222579,1.311795,-0.2572153,-3.177398,0.02376847,-0.02487612,0.004028557,0.9993998,2.734553,357.1577,0.3940592,0.3827548,-0.0746925,-0.9208253,0,0,0,1.86094,-0.1391075,-1.146857,0.6506116,0.20896,1.9929,0.9987299,0.006869744,0.0499139,-0.009234814,0.9988377,0.04730798,-0.04953088,-0.04770884,0.9976324,static,17.89300212655381,6.951177257931763,18.08003526732622,5.985718288963392,0.549145,0.11810779999999999,2.0305410000000004,0.3051931155520053,0.11524955840665432,0.9452907994266856,18.3228891700407,6.135864593347222,0.9443507364050499,0.9834085704877005,0.28552045598131043
3891,05/07/2023 20:00:49.954633,4070,True,True,True,True,Eyes,1.317024,-0.2569266,-3.167866,0.2571222,0.07217999,0.9636795,0.0,0.0,0.0,0.0,0.0,0.0,0.0,-1.149604,0.4199836,3.222517,1.311846,-0.2572156,-3.17734,0.0238215,-0.02489652,0.004150279,0.9993976,2.740984,357.1557,0.4078094,0.3827618,-0.07469129,-0.9208225,0,0,0,1.860869,-0.1391768,-1.146761,0.6506117,0.20896,1.9929,0.9987259,0.007109413,0.04996078,-0.009481702,0.9988306,0.04740764,-0.04956532,-0.04782095,0.9976254,static,17.909014283534162,6.957479317741586,18.08003786541868,5.985718288963392,0.549023,0.1180388,2.0305790000000004,0.30545392379567365,0.11534339978369579,0.9451950888433852,18.338497490064444,6.1420344682580374,0.9466701814864235,0.9866957801737396,0.30205318320008534
3892,05/07/2023 20:00:49.964277,4071,True,True,True,True,Eyes,1.316985,-0.2569281,-3.167873,0.2572782,0.07223068,0.9636341,0.0,0.0,0.0,0.0,0.0,0.0,0.0,-1.150297,0.4203036,3.222202,1.31189,-0.2572483,-3.177293,0.02390671,-0.02480718,0.004047699,0.9993982,2.750421,357.1657,0.396053,0.3827674,-0.07469022,-0.9208203,0,0,0,1.86131,-0.1396722,-1.146795,0.6506115,0.20896,1.9929,0.9987364,0.006904411,0.04977804,-0.009276642,0.9988241,0.04758383,-0.04939097,-0.04798548,0.9976262,static,17.907518085696065,6.973708351862111,18.080032669233677,5.985718288963392,0.54942,0.11757609999999999,2.030498,0.30541963357031965,0.1156124614290803,0.9451733323594108,18.33691118093988,6.1585036507341036,0.9622040414795486,1.0029385055524445,0.309582543142582
3893,05/07/2023 20:00:49.984503,4072,True,True,True,True,Eyes,1.316951,-0.2569238,-3.167884,0.2574175,0.07229286,0.9635922,0.0,0.0,0.0,0.0,0.0,0.0,0.0,-1.150849,0.4215233,3.221803,1.311903,-0.2572693,-3.177243,0.02407759,-0.02471905,0.004093466,0.999396,2.770096,357.176,0.4010632,0.3827714,-0.07468931,-0.9208187,0,0,0,1.861666,-0.1403235,-1.146801,0.6506115,0.20896,1.9929,0.9987444,0.006991636,0.04960537,-0.009372337,0.998807,0.04792372,-0.04921113,-0.04832847,0.9976184,static,17.907056214055086,6.9955125382527275,18.080032669233677,5.985718288963392,0.549763,0.11694579999999999,2.030442,0.30539908276732897,0.11597294180990214,0.9451357742816116,18.336293825060277,6.18060944769716,0.9827517585726218,1.0245024548257382,0.3219508405613744
3894,05/07/2023 20:00:50.004503,4073,True,True,True,True,Eyes,1.31689,-0.2569257,-3.167893,0.2575722,0.07233379,0.9635478,0.0,0.0,0.0,0.0,0.0,0.0,0.0,-1.15002,0.4201646,3.222382,1.311945,-0.2571279,-3.177344,0.02389316,-0.02485556,0.004073492,0.9993972,2.74896,357.1602,0.3989153,0.3827741,-0.07468838,-0.9208177,0,0,0,1.86116,-0.1394683,-1.146795,0.6506115,0.20896,1.9929,0.9987312,0.006954317,0.04987581,-0.009329828,0.998825,0.047555,-0.0494865,-0.04796,0.9976226,static,17.931069722544724,6.977942016371223,18.080032669233677,5.985718288963392,0.549215,0.11765960000000003,2.030549,0.30580615494913665,0.11566722659836165,0.9450416216017743,18.359907111275255,6.162474680658362,0.9614285141974853,1.003343353352852,0.33101740938070046
3895,05/07/2023 20:00:50.014568,4074,True,True,True,True,Eyes,1.316834,-0.2569252,-3.167899,0.2577214,0.07236527,0.9635056,0.0,0.0,0.0,0.0,0.0,0.0,0.0,-1.149808,0.4193342,3.222535,1.311984,-0.2572753,-3.177285,0.02379656,-0.02491023,0.003927103,0.9993988,2.737496,357.1535,0.382254,0.3827749,-0.07468763,-0.9208175,0,0,0,1.861025,-0.139404,-1.146702,0.6506116,0.20896,1.9929,0.9987281,0.006663929,0.04997742,-0.00903504,0.9988366,0.04736886,-0.04960361,-0.04776016,0.9976264,static,17.94443905926995,6.973951666462177,18.08003526732622,5.985718288963392,0.5490409999999999,0.11787129999999998,2.030583,0.3060293521435671,0.11559270858689046,0.9449785473224392,18.373009598427473,6.158248642318704,0.9552154977196311,0.9974926265601637,0.3400010022237215
3896,05/07/2023 20:00:50.040243,4075,True,True,True,True,Eyes,1.316789,-0.2569281,-3.167907,0.257871,0.07239912,0.963463,0.0,0.0,0.0,0.0,0.0,0.0,0.0,-1.149934,0.4183677,3.22257,1.312033,-0.2572143,-3.177224,0.02379215,-0.02493659,0.003571039,0.9993995,2.735987,357.1495,0.3413697,0.3827741,-0.07468697,-0.9208179,0,0,0,1.861085,-0.139753,-1.146619,0.6506116,0.20896,1.9929,0.9987308,0.0059512,0.05001316,-0.00832438,0.9988424,0.04737763,-0.04967331,-0.04773384,0.9976242,static,17.952870254514984,6.9877579164972845,18.08003526732622,5.985718288963392,0.5490520000000001,0.11746130000000002,2.0306049999999995,0.30616040422586616,0.11581528169545777,0.9449088130591387,18.38114842653709,6.172127348006318,0.9667955611207899,1.0100764107885816,0.3541432929524719
3897,05/07/2023 20:00:50.054338,4076,True,True,True,True,Eyes,1.316746,-0.2569284,-3.167912,0.2580119,0.07242417,0.9634234,0.0,0.0,0.0,0.0,0.0,0.0,0.0,-1.15017,0.4188521,3.222441,1.312057,-0.257284,-3.177226,0.02393599,-0.02492537,0.003366201,0.999397,2.751881,357.1503,0.3175066,0.3827722,-0.07468649,-0.9208187,0,0,0,1.861224,-0.1406479,-1.146604,0.6506115,0.20896,1.9929,0.9987348,0.005535116,0.04998183,-0.00792157,0.9988315,0.0476753,-0.04965954,-0.04801092,0.9976116,static,17.95859637447538,7.012924739527583,18.080032669233677,5.985718288963392,0.549167,0.11663610000000002,2.030622,0.30624000293939374,0.11622719072771932,0.9448324451163715,18.38655594895624,6.197557256388564,0.9896461065724972,1.034359640437168,0.37260202513088825
3898,05/07/2023 20:00:50.074738,4077,True,True,True,True,Eyes,1.316696,-0.2569328,-3.167918,0.2581256,0.07245265,0.9633908,0.0,0.0,0.0,0.0,0.0,0.0,0.0,-1.149774,0.4195054,3.222504,1.312058,-0.257229,-3.177237,0.02405493,-0.02498894,0.003344054,0.9993927,2.765467,357.1429,0.3144536,0.3827694,-0.07468609,-0.9208199,0,0,0,1.860975,-0.1411019,-1.146519,0.6506116,0.20896,1.9929,0.9987288,0.005481833,0.05010841,-0.007886262,0.9988204,0.04791352,-0.04978665,-0.04824777,0.9975938,static,17.973038165820572,7.029467108995515,18.08003526732622,5.985718288963392,0.5489170000000001,0.11612709999999998,2.030718,0.3064686083255162,0.11649097287941282,0.9447258283442087,18.40055096579897,6.214127480322544,1.0031274379553305,1.0492187469965732,0.3935747345356616
3899,05/07/2023 20:00:50.084592,4078,True,True,True,True,Eyes,1.316648,-0.2569346,-3.167925,0.2582385,0.07248558,0.963358,0.0,0.0,0.0,0.0,0.0,0.0,0.0,-1.149384,0.4199342,3.222595,1.312049,-0.2573125,-3.177243,0.02408207,-0.02504031,0.003413133,0.9993905,2.768791,357.1372,0.3221544,0.3827656,-0.07468589,-0.9208214,0,0,0,1.860735,-0.1412143,-1.14646,0.6506115,0.2089601,1.9929,0.9987226,0.005616061,0.05021448,-0.008028151,0.9988168,0.04796386,-0.0498857,-0.04830572,0.9975861,static,17.986574641246662,7.032546545360428,18.080032669233677,5.985721132694636,0.548686,0.11609820000000001,2.0307829999999996,0.30669025481490464,0.116532999556096,0.9446486468365973,18.41376313327058,6.217064716989292,1.004201221044442,1.0509889854789765,0.4060737329852621
3900,05/07/2023 20:00:50.104356,4079,True,True,True,True,Eyes,1.316595,-0.2569377,-3.167932,0.2583585,0.07251613,0.9633236,0.0,0.0,0.0,0.0,0.0,0.0,0.0,-1.150084,0.4200101,3.222306,1.312039,-0.2572521,-3.177222,0.02410591,-0.02493121,0.003408754,0.9993927,2.771476,357.1497,0.321887,0.3827609,-0.07468578,-0.9208234,0,0,0,1.861169,-0.1412507,-1.146554,0.6506115,0.20896,1.9929,0.9987336,0.005611388,0.04999648,-0.008015346,0.9988146,0.04801257,-0.0496678,-0.04835251,0.9975947,static,17.98133275786872,7.037061913664064,18.080032669233677,5.985718288963392,0.5491300000000001,0.11600139999999998,2.030668,0.30660102634163766,0.11661097610967397,0.944668064902371,18.40860344539187,6.221712463186272,1.0091759367506834,1.0559664245146232,0.40453925052129974
3901,05/07/2023 20:00:50.124394,4080,True,True,True,True,Eyes,1.316543,-0.2569397,-3.16794,0.2584693,0.07255305,0.963291,0.0,0.0,0.0,0.0,0.0,0.0,0.0,-1.149752,0.420112,3.222465,1.312022,-0.2573052,-3.177278,0.02406936,-0.02496748,0.003521906,0.9993923,2.767622,357.1459,0.3348639,0.3827552,-0.0746858,-0.9208257,0,0,0,1.860967,-0.1410223,-1.146577,0.6506116,0.20896,1.9929,0.9987285,0.005837628,0.05007416,-0.008241433,0.9988165,0.0479336,-0.04973508,-0.04828533,0.9975946,static,17.99319281685432,7.0314771372698885,18.08003526732622,5.985718288963392,0.548945,0.11628290000000002,2.0307009999999996,0.30680015759628965,0.11651102927197764,0.9446156457229937,18.420242324647052,6.215890907489292,1.0023542741658669,1.0493584611634357,0.4107557378418092
3902,05/07/2023 20:00:50.134331,4081,True,True,True,True,Eyes,1.316535,-0.2569406,-3.167946,0.2585649,0.07259046,0.9632626,0.0,0.0,0.0,0.0,0.0,0.0,0.0,-1.149474,0.4198454,3.222641,1.311979,-0.2573141,-3.177338,0.02399588,-0.02499526,0.003599321,0.9993931,2.759432,357.1429,0.3438722,0.3827488,-0.07468591,-0.9208283,0,0,0,1.860786,-0.1406432,-1.146621,0.6506116,0.20896,1.9929,0.9987246,0.005994707,0.05013292,-0.00839384,0.9988225,0.04778269,-0.04978744,-0.04814256,0.9975989,static,18.00264640602042,7.022817889862332,18.08003526732622,5.985718288963392,0.548807,0.1166709,2.030717,0.30696143658943986,0.11636191710773013,0.9445817061788476,18.429551598370573,6.206985932359163,0.9930117407309506,1.039982989302685,0.4136677841947849
3903,05/07/2023 20:00:50.154694,4082,True,True,True,True,Eyes,1.316528,-0.2569415,-3.167949,0.2586528,0.07263121,0.963236,0.0,0.0,0.0,0.0,0.0,0.0,0.0,-1.148996,0.4201295,3.222709,1.311975,-0.2572407,-3.17728,0.02399793,-0.02505412,0.003739647,0.999391,2.760089,357.1365,0.3597929,0.3827427,-0.07468602,-0.9208308,0,0,0,1.860496,-0.1404125,-1.146495,0.6506116,0.2089601,1.9929,0.9987166,0.006272246,0.05025722,-0.008677233,0.9988202,0.04777924,-0.04989824,-0.04815401,0.9975928,static,18.016181272308355,7.021043642552884,18.08003526732622,5.985721132694636,0.548521,0.1168282,2.030785,0.3071859661120149,0.11632381993917022,0.9445134760544668,18.442799089204755,6.205003764569169,0.989863545975178,1.0372897532025107,0.42388968270735633
3904,05/07/2023 20:00:50.164501,4083,True,True,True,True,Eyes,1.316541,-0.2569441,-3.167951,0.2587429,0.07274315,0.9632033,0.0,0.0,0.0,0.0,0.0,0.0,0.0,-1.148427,0.4195846,3.222963,1.311991,-0.2571619,-3.177259,0.02391619,-0.02514276,0.00376151,0.9993907,2.750818,357.1264,0.3622885,0.3827371,-0.07468615,-0.9208332,0,0,0,1.860145,-0.1399817,-1.146395,0.6506115,0.20896,1.9929,0.9987074,0.006315799,0.0504348,-0.008721075,0.9988277,0.04761408,-0.05007496,-0.04799239,0.9975917,static,18.031875277971203,7.018003421607315,18.080032669233677,5.985718288963392,0.548154,0.11718020000000001,2.030864,0.3074468418214703,0.11626340188210255,0.9444359756701494,18.45816734815969,6.201709140988562,0.9855071184336432,1.0334078233741446,0.4354743202130731
3905,05/07/2023 20:00:50.184554,4084,True,True,True,True,Eyes,1.316555,-0.2569452,-3.167952,0.2588274,0.07284687,0.9631727,0.0,0.0,0.0,0.0,0.0,0.0,0.0,-1.148106,0.4198593,3.223037,1.311987,-0.2572607,-3.177248,0.02394375,-0.02519176,0.003760969,0.9993889,2.753992,357.1208,0.3620124,0.3827323,-0.07468633,-0.9208351,0,0,0,1.859943,-0.1401946,-1.146325,0.6506116,0.20896,1.9929,0.9987025,0.006310971,0.05053283,-0.008723711,0.9988251,0.04766874,-0.05017262,-0.04804773,0.9975841,static,18.042908616293637,7.027719067436164,18.08003526732622,5.985718288963392,0.5479559999999999,0.1170661,2.030923,0.3076231299292729,0.11641657005150224,0.9443596410450884,18.468881572957724,6.211406482213423,0.9938654531636293,1.0426619828855164,0.4495960520019407
3906,05/07/2023 20:00:50.204307,4085,True,True,True,True,Eyes,1.31655,-0.256951,-3.167956,0.2589545,0.0729588,0.9631301,0.0,0.0,0.0,0.0,0.0,0.0,0.0,-1.147791,0.4207971,3.223063,1.311998,-0.2573569,-3.177272,0.02401228,-0.02522438,0.003924397,0.9993857,2.762328,357.1175,0.3804639,0.3827283,-0.0746865,-0.9208368,0,0,0,1.859767,-0.140373,-1.146293,0.6506115,0.20896,1.9929,0.9986967,0.006632583,0.05060624,-0.009055363,0.998816,0.04779708,-0.0502293,-0.04819304,0.9975743,static,18.05646585407669,7.037084636552132,18.080032669233677,5.985718288963392,0.547769,0.1169839,2.030979,0.30784128745457306,0.11656229382830502,0.9442706087184408,18.48206625534267,6.2207147145675625,1.001860104315288,1.0516304444141633,0.4656762012454497
3907,05/07/2023 20:00:50.224513,4086,True,True,True,True,Eyes,1.316545,-0.2569575,-3.167963,0.2590774,0.07305697,0.9630896,0.0,0.0,0.0,0.0,0.0,0.0,0.0,-1.148368,0.421121,3.222819,1.312023,-0.2573954,-3.177262,0.02408328,-0.02514611,0.003857166,0.9993863,2.770241,357.1263,0.3727688,0.3827246,-0.07468683,-0.9208384,0,0,0,1.860133,-0.1407749,-1.146355,0.6506116,0.20896,1.9929,0.9987056,0.006498395,0.05044713,-0.008920798,0.9988102,0.04794302,-0.05007556,-0.04833099,0.9975753,static,18.054673219317085,7.053372237458504,18.08003526732622,5.985718288963392,0.5481100000000001,0.11662049999999999,2.030907,0.30780190981700384,0.11683228270122759,0.9442500726588937,18.48018965350074,6.237247284585579,1.0174743281061673,1.0679551428858893,0.47264190293859193
3908,05/07/2023 20:00:50.240480,4087,True,True,True,True,Eyes,1.316556,-0.2569626,-3.167968,0.2591831,0.07313153,0.9630555,0.0,0.0,0.0,0.0,0.0,0.0,0.0,-1.148452,0.4218765,3.222784,1.312028,-0.2574167,-3.177354,0.02420174,-0.02513423,0.003846391,0.9993836,2.78378,357.1277,0.3712279,0.382721,-0.07468729,-0.9208398,0,0,0,1.860191,-0.1412864,-1.146433,0.6506116,0.20896,1.9929,0.9987069,0.006471456,0.05042366,-0.008904626,0.998799,0.04818029,-0.05005131,-0.048567,0.9975651,static,18.060207206213377,7.071999685258862,18.08003526732622,5.985718288963392,0.548163,0.11613029999999999,2.0309209999999998,0.3078820160927625,0.11713607081161936,0.9441863169774661,18.485459024751705,6.256051852948722,1.0348757441373035,1.0864623435467657,0.4872870395383081
3909,05/07/2023 20:00:50.254630,4088,True,True,True,True,Eyes,1.316564,-0.2569684,-3.167978,0.2592826,0.07320253,0.9630233,0.0,0.0,0.0,0.0,0.0,0.0,0.0,-1.149115,0.4217407,3.222541,1.312054,-0.2573868,-3.17732,0.02421897,-0.02504511,0.003760388,0.9993858,2.785475,357.1377,0.3615662,0.382718,-0.07468785,-0.920841,0,0,0,1.860606,-0.141425,-1.146495,0.6506115,0.2089601,1.9929,0.9987172,0.006303024,0.0502416,-0.00872929,0.9987985,0.04821984,-0.04987732,-0.04859655,0.9975724,static,18.055278346331075,7.08101269053622,18.080032669233677,5.985721132694636,0.5485519999999999,0.11596180000000003,2.030825,0.3077952252102315,0.1172880550019969,0.9441957238283186,18.480571212117095,6.265253903323308,1.0437439928349466,1.0955712542693927,0.48843596733913164
3910,05/07/2023 20:00:50.274230,4089,True,True,True,True,Eyes,1.31659,-0.2569737,-3.167985,0.2593854,0.07324369,0.9629925,0.0,0.0,0.0,0.0,0.0,0.0,0.0,-1.148918,0.4217303,3.222719,1.312021,-0.2574087,-3.17744,0.02422041,-0.02507148,0.003740885,0.9993853,2.785594,357.1346,0.3592524,0.3827154,-0.07468848,-0.920842,0,0,0,1.860473,-0.1414773,-1.146586,0.6506116,0.20896,1.9929,0.9987149,0.006262688,0.05029334,-0.008691653,0.9987987,0.04822347,-0.04993092,-0.04859862,0.9975696,static,18.064352869346088,7.0845249997361295,18.08003526732622,5.985718288963392,0.5484519999999999,0.11593139999999999,2.0308539999999997,0.3079428629365442,0.11734004484541563,0.9441411366720268,18.489417320113038,6.268690497377959,1.0465721894695865,1.0989186162976807,0.49766146714304244
3911,05/07/2023 20:00:50.284544,4090,True,True,True,True,Eyes,1.316615,-0.2569775,-3.167992,0.2594851,0.07328749,0.9629623,0.0,0.0,0.0,0.0,0.0,0.0,0.0,-1.149073,0.4211068,3.222687,1.312009,-0.2573297,-3.177392,0.02417232,-0.02505643,0.0036455,0.9993872,2.779804,357.136,0.3484948,0.3827136,-0.07468917,-0.9208426,0,0,0,1.860554,-0.1413179,-1.146567,0.6506115,0.2089601,1.9929,0.9987178,0.006075188,0.05025839,-0.008497876,0.9988048,0.04813233,-0.04990591,-0.0484977,0.9975757,static,18.067499018989643,7.084916675201887,18.080032669233677,5.985721132694636,0.5485450000000001,0.1160118,2.030825,0.3079945427798515,0.11734443474330035,0.9441237258889352,18.49249055739824,6.269044733577358,1.046780754925664,1.09926699807474,0.5003936173916731
3912,05/07/2023 20:00:50.304176,4091,True,True,True,True,Eyes,1.316643,-0.2569805,-3.168,0.259596,0.0733507,0.9629276,0.0,0.0,0.0,0.0,0.0,0.0,0.0,-1.149027,0.4206803,3.222771,1.31202,-0.2573761,-3.177397,0.02405216,-0.0250525,0.003765316,0.9993896,2.766377,357.1368,0.3625859,0.3827126,-0.07468987,-0.9208431,0,0,0,1.860539,-0.1407359,-1.146601,0.6506116,0.2089601,1.9929,0.9987164,0.006320902,0.05025555,-0.00873117,0.9988146,0.04788631,-0.0498933,-0.04826363,0.9975877,static,18.074519614616268,7.0708823422290354,18.08003526732622,5.985721132694636,0.548519,0.1166402,2.030796,0.30811887822537337,0.11710821704324761,0.9441124899239176,18.49946178027008,6.254724923234117,1.0330929693256952,1.085175226911755,0.49827867612898735
3913,05/07/2023 20:00:50.324541,4092,True,True,True,True,Eyes,1.31667,-0.2569827,-3.168005,0.2597068,0.07341075,0.9628932,0.0,0.0,0.0,0.0,0.0,0.0,0.0,-1.149185,0.4198678,3.222857,1.311991,-0.2573179,-3.17745,0.02394748,-0.02502713,0.003729883,0.999393,2.754271,357.1396,0.3588916,0.3827122,-0.07469054,-0.9208431,0,0,0,1.860625,-0.1402968,-1.146707,0.6506116,0.20896,1.9929,0.9987195,0.006256564,0.05020252,-0.008653911,0.9988252,0.04767919,-0.04984523,-0.04805258,0.9976003,static,18.077545865389208,7.063656458010858,18.08003526732622,5.985718288963392,0.5486340000000001,0.11702109999999999,2.030743,0.3081731935441729,0.11698699214806874,0.9441098459591318,18.502475691048378,6.24736004966925,1.026090011200692,1.0779410435693624,0.4969027294549883
3914,05/07/2023 20:00:50.340327,4093,True,True,True,True,Eyes,1.316732,-0.2569844,-3.168007,0.259834,0.07345834,0.9628552,0.0,0.0,0.0,0.0,0.0,0.0,0.0,-1.149382,0.4200119,3.222724,1.311981,-0.2573652,-3.177406,0.02393911,-0.02498889,0.003792494,0.9993939,2.753477,357.1441,0.3661996,0.3827125,-0.07469118,-0.9208429,0,0,0,1.860749,-0.1402336,-1.146705,0.6506115,0.20896,1.9929,0.9987223,0.006383969,0.05012907,-0.008776815,0.9988251,0.04765965,-0.04976591,-0.04803873,0.997605,static,18.081466601722642,7.063441761299488,18.080032669233677,5.985718288963392,0.5487679999999999,0.1171316,2.0307009999999996,0.3082380058605544,0.11698086568282959,0.9440893920841394,18.506310906462776,6.247089176691257,1.0257348349435973,1.0777244262735048,0.5000278757097446
3915,05/07/2023 20:00:50.354558,4094,True,True,True,True,Eyes,1.316791,-0.2569863,-3.168006,0.2599605,0.07349913,0.962818,0.0,0.0,0.0,0.0,0.0,0.0,0.0,-1.149482,0.4206525,3.222518,1.312013,-0.2573439,-3.177307,0.02404408,-0.02497903,0.003790929,0.9993916,2.765497,357.1453,0.3657492,0.3827143,-0.07469175,-0.9208422,0,0,0,1.860822,-0.1406372,-1.146593,0.6506116,0.20896,1.9929,0.9987234,0.006376049,0.05010996,-0.00877844,0.9988151,0.04786951,-0.04974537,-0.04824828,0.9975958,static,18.088430715484524,7.078188144499978,18.08003526732622,5.985718288963392,0.5488089999999999,0.11670670000000002,2.0307139999999997,0.308344031613946,0.11721961819259953,0.9440252136854429,18.513008117747454,6.261940681730861,1.0395413257634927,1.0925021138679356,0.5135798861599562
3916,05/07/2023 20:00:50.374591,4095,True,True,True,True,Eyes,1.316838,-0.2569866,-3.168006,0.2600856,0.0735411,0.962781,0.0,0.0,0.0,0.0,0.0,0.0,0.0,-1.149836,0.421284,3.222249,1.311998,-0.2573489,-3.177251,0.02412369,-0.02491703,0.003840888,0.9993912,2.774739,357.1526,0.3714235,0.3827174,-0.07469227,-0.9208409,0,0,0,1.861042,-0.1409007,-1.146586,0.6506116,0.20896,1.9929,0.9987288,0.006474917,0.04998902,-0.008879281,0.9988066,0.0480266,-0.0496184,-0.04840941,0.9975944,static,18.089740905824247,7.08814507862886,18.08003526732622,5.985718288963392,0.5490440000000001,0.1164482,2.030665,0.30835962199230027,0.11738304556933081,0.9439998044571853,18.514213493596202,6.272014680892324,1.0489810482175184,1.1024695124994448,0.5200734142392515
4218,05/07/2023 20:00:55.404223,4397,True,True,True,True,Eyes,1.300899,-0.2592081,-3.168746,-0.1799464,-0.2128535,0.9603711,0.0,0.0,0.0,0.0,0.0,0.0,0.0,-1.12314,0.4216667,3.231503,1.311721,-0.2571325,-3.177283,0.02361305,-0.02883525,0.005374651,0.9992908,2.722721,356.7071,0.5380441,0.3784278,-0.07544716,-0.9225506,0,0,0,0.8896924,-0.7586406,-1.15069,-0.3087,-0.4007999,2.069,0.9982793,0.009379901,0.05788343,-0.01210345,0.9988271,0.04688264,-0.05737578,-0.04750256,0.9972219,static,-7.3427162706335425,-9.59779844866231,-8.48607322893318,-10.963359028665995,-0.42202859999999986,-0.5015081,2.026593,-0.12604374273376956,-0.1654011265722546,0.9781387484895547,-6.226069184754233,-10.294405744369794,1.7388784595280546,1.7810167971561068,2.356929522975998
4219,05/07/2023 20:00:55.424444,4398,True,True,True,True,Eyes,1.301115,-0.2592125,-3.168738,-0.1811808,-0.2137079,0.9599492,0.0,0.0,0.0,0.0,0.0,0.0,0.0,-1.122605,0.4221762,3.231594,1.311737,-0.2570872,-3.177252,0.02370022,-0.02892045,0.005373162,0.9992864,2.73275,356.6973,0.5373551,0.3784549,-0.07544813,-0.9225394,0,0,0,0.8893637,-0.7589501,-1.150818,-0.3087001,-0.4007998,2.069,0.9982694,0.009367811,0.05805431,-0.0121095,0.9988189,0.04705583,-0.05754493,-0.04767741,0.9972038,static,-7.4078138179553426,-9.639541312122276,-8.486075937878136,-10.963356359576805,-0.42237329999999995,-0.5018628999999999,2.026434,-0.12714005906139383,-0.16609028202952422,0.9778800739297779,-6.289402375197245,-10.335829577100089,1.6670066939992512,1.7073767830000008,2.2845491029318534
4220,05/07/2023 20:00:55.434687,4399,True,True,True,True,Eyes,1.301377,-0.2592174,-3.168727,-0.1827302,-0.214632,0.9594492,0.0,0.0,0.0,0.0,0.0,0.0,0.0,-1.122015,0.4231853,3.231684,1.311765,-0.2571151,-3.177256,0.02386738,-0.02901936,0.005335733,0.9992798,2.751831,356.6859,0.5322429,0.3784847,-0.07544896,-0.9225271,0,0,0,0.8889632,-0.7596326,-1.151074,-0.3087,-0.4007999,2.069,0.9982588,0.009278547,0.05825162,-0.01204901,0.9988037,0.04739068,-0.05774223,-0.04801005,0.9971765,static,-7.489118023468991,-9.677280286712381,-8.48607322893318,-10.963359028665995,-0.4228018000000001,-0.5025175,2.026182,-0.12851405507370528,-0.166704575346158,0.9775958832788987,-6.368612407118729,-10.372975100502053,1.5889876665615998,1.6272425179447378,2.1982250827777885
4221,05/07/2023 20:00:55.454676,4400,True,True,True,True,Eyes,1.301629,-0.2592209,-3.168715,-0.1842189,-0.2155143,0.9589666,0.0,0.0,0.0,0.0,0.0,0.0,0.0,-1.121424,0.423413,3.231864,1.311796,-0.2571265,-3.177247,0.02392153,-0.02912105,0.005281214,0.9992756,2.757908,356.6742,0.5255334,0.3785182,-0.07544966,-0.9225132,0,0,0,0.8885324,-0.7598256,-1.151206,-0.3087,-0.4008,2.069,0.9982481,0.009161538,0.0584526,-0.01194802,0.9987997,0.04750081,-0.05794726,-0.04811599,0.9971594,static,-7.566506430534516,-9.725751270657074,-8.48607322893318,-10.963361697755134,-0.42326359999999996,-0.5026991000000001,2.026041,-0.129816540843402,-0.16750287711591355,0.977287270160931,-6.443912101242954,-10.421051198352346,1.5057593682172563,1.5418439175153271,2.112941728778036
4222,05/07/2023 20:00:55.464171,4401,True,True,True,True,Eyes,1.301911,-0.2592278,-3.168701,-0.1859188,-0.2164271,0.9584329,0.0,0.0,0.0,0.0,0.0,0.0,0.0,-1.121594,0.422877,3.231831,1.311813,-0.2570969,-3.177197,0.02389746,-0.02911329,0.005137187,0.9992772,2.754667,356.6746,0.5091226,0.3785547,-0.0754502,-0.9224982,0,0,0,0.8884493,-0.7595928,-1.151127,-0.3087,-0.4007999,2.069,0.998252,0.008875481,0.05843003,-0.01165842,0.998805,0.04746125,-0.05793897,-0.04805949,0.9971626,static,-7.667349470058636,-9.78717845236297,-8.48607322893318,-10.963359028665995,-0.4233636999999999,-0.5024959,2.02607,-0.13151345858129831,-0.16851253299350527,0.9768868153713398,-6.542046570645555,-10.481940323120737,1.399869955598914,1.4330768791025057,2.0027490152742105
4223,05/07/2023 20:00:55.484501,4402,True,True,True,True,Eyes,1.302178,-0.2592332,-3.168684,-0.1875477,-0.2173008,0.9579176,0.0,0.0,0.0,0.0,0.0,0.0,0.0,-1.12208,0.4228621,3.231622,1.311801,-0.2571772,-3.177152,0.02384966,-0.02902754,0.005225609,0.9992804,2.74944,356.6847,0.5196537,0.3785948,-0.07545069,-0.9224817,0,0,0,0.8888647,-0.7595424,-1.150961,-0.3087,-0.4007999,2.069,0.9982602,0.009059104,0.05826255,-0.01182829,0.9988078,0.04736162,-0.05776404,-0.04796836,0.9971772,static,-7.778076764150628,-9.844951696245898,-8.48607322893318,-10.963359028665995,-0.42293630000000004,-0.5023652,2.026191,-0.13337922146389275,-0.16945482911908416,0.9764706600894865,-6.649873356665854,-10.538991727604726,1.2936236860223977,1.3236668596575298,1.884600110666602
4224,05/07/2023 20:00:55.514846,4403,True,True,True,True,Eyes,1.302455,-0.2592335,-3.168669,-0.1893286,-0.2182439,0.9573528,0.0,0.0,0.0,0.0,0.0,0.0,0.0,-1.122019,0.4227628,3.231558,1.311698,-0.2571483,-3.177097,0.02381244,-0.02901416,0.005296323,0.9992814,2.745403,356.6864,0.5279201,0.3786376,-0.07545109,-0.9224641,0,0,0,0.8888792,-0.7594132,-1.150856,-0.3087,-0.4007999,2.069,0.9982603,0.009203237,0.05823886,-0.01196683,0.9988099,0.04728332,-0.05773439,-0.04789799,0.9971823,static,-7.889401225448234,-9.906011335157881,-8.48607322893318,-10.963359028665995,-0.42281880000000005,-0.5022649,2.0262409999999997,-0.13525264568622516,-0.17045168195365049,0.9760394706604127,-6.758259053104396,-10.599365927718468,1.1873546811686104,1.2140846859711498,1.765738600057294
4225,05/07/2023 20:00:55.524415,4404,True,True,True,True,Eyes,1.302721,-0.2592457,-3.168655,-0.1910412,-0.2191467,0.9568062,0.0,0.0,0.0,0.0,0.0,0.0,0.0,-1.121831,0.4221543,3.231691,1.311671,-0.2570188,-3.177107,0.02374533,-0.02904143,0.005275507,0.9992822,2.73766,356.6832,0.5256798,0.3786833,-0.07545126,-0.9224454,0,0,0,0.8887187,-0.7589951,-1.150822,-0.3087,-0.4008,2.069,0.9982575,0.009164244,0.05829171,-0.01192264,0.9988167,0.04715016,-0.05779064,-0.047763,0.9971855,static,-7.9901061944445475,-9.969686765024049,-8.48607322893318,-10.963361697755134,-0.42295230000000006,-0.5019763,2.0262849999999997,-0.1369427643643627,-0.17149609858048342,0.975620770605408,-6.856241430379631,-10.662535628801352,1.0870127941978192,1.1105733524795087,1.6573617635683764
4226,05/07/2023 20:00:55.534433,4405,True,True,True,True,Eyes,1.303024,-0.2592519,-3.168645,-0.1928915,-0.2200544,0.9562265,0.0,0.0,0.0,0.0,0.0,0.0,0.0,-1.120799,0.4226465,3.232024,1.311647,-0.2573147,-3.177133,0.02365536,-0.02916255,0.005591797,0.9992792,2.728468,356.6701,0.5619057,0.3787311,-0.07545158,-0.9224257,0,0,0,0.8884828,-0.759155,-1.150859,-0.3087001,-0.4008,2.069,0.9982365,0.009795831,0.0585476,-0.01255523,0.9988183,0.04695048,-0.0580185,-0.04760276,0.99718,static,-8.096038161676795,-10.029847474165312,-8.486075937878136,-10.963361697755134,-0.4231642,-0.5018403,2.026274,-0.1387221967588469,-0.17247728704587428,0.975196352850827,-6.959361334546842,-10.722071987167906,0.9915351477808478,1.0117204517595744,1.5456643246385346
4227,05/07/2023 20:00:55.554422,4406,True,True,True,True,Eyes,1.303322,-0.2592554,-3.168639,-0.1946903,-0.2208991,0.9556669,0.0,0.0,0.0,0.0,0.0,0.0,0.0,-1.11807,0.423449,3.233021,1.31166,-0.257209,-3.177296,0.02364101,-0.02954084,0.00599723,0.999266,2.728405,356.6278,0.6073994,0.3787819,-0.07545181,-0.9224048,0,0,0,0.8873212,-0.7592886,-1.151327,-0.3087,-0.4007998,2.069,0.9981827,0.0105889,0.05932188,-0.01338241,0.9988103,0.04689299,-0.05875476,-0.04760164,0.9971369,static,-8.171242916676913,-10.075124589068077,-8.48607322893318,-10.963356359576805,-0.4243388,-0.5020796,2.025969,-0.13998362851267288,-0.17321679137053042,0.9748848526806816,-7.032550195577088,-10.76694062305812,0.9246721367786344,0.9423766782218498,1.466733905672351
4228,05/07/2023 20:00:55.564241,4407,True,True,True,True,Eyes,1.303633,-0.259257,-3.168628,-0.1966224,-0.2216961,0.9550866,0.0,0.0,0.0,0.0,0.0,0.0,0.0,-1.115962,0.4207885,3.23423,1.311858,-0.2571174,-3.177356,0.02324258,-0.02989832,0.005984364,0.9992648,2.682929,356.5866,0.606298,0.378835,-0.07545188,-0.922383,0,0,0,0.8860301,-0.7575659,-1.151297,-0.3087,-0.4007998,2.069,0.9981406,0.0105701,0.06003085,-0.01334976,0.9988479,0.04609314,-0.05947449,-0.04680883,0.9971318,static,-8.248935353191094,-10.169658390940592,-8.48607322893318,-10.963356359576805,-0.4258278999999999,-0.5004485000000001,2.026059,-0.14126547454605717,-0.1747928956237385,0.9744185198246574,-7.1077970006400735,-10.861699324323233,0.8137139370314744,0.8283663667295527,1.382020084620486
4229,05/07/2023 20:00:55.584192,4408,True,True,True,True,Eyes,1.30393,-0.2592565,-3.16861,-0.1984728,-0.222447,0.9545291,0.0,0.0,0.0,0.0,0.0,0.0,0.0,-1.115975,0.4176235,3.234571,1.311996,-0.2570746,-3.177238,0.02297827,-0.02998189,0.005395344,0.9992718,2.650681,356.5753,0.5394499,0.3788906,-0.07545175,-0.9223602,0,0,0,0.8852813,-0.7560154,-1.150993,-0.3087001,-0.4007998,2.069,0.9981439,0.009404966,0.06016806,-0.01216069,0.9988858,0.04559955,-0.05967216,-0.0462466,0.9971462,static,-8.339310817707878,-10.258158199572412,-8.486075937878136,-10.963356359576805,-0.4267146999999999,-0.4989408,2.0262450000000003,-0.1427643707021317,-0.17625948826437268,0.9739357525784007,-7.195490775273376,-10.950169987361472,0.7090674883974577,0.7203085764949434,1.2906525257976122
4230,05/07/2023 20:00:55.604263,4409,True,True,True,True,Eyes,1.304229,-0.2592651,-3.168591,-0.2003388,-0.2232009,0.9539632,0.0,0.0,0.0,0.0,0.0,0.0,0.0,-1.117561,0.4158617,3.234041,1.311952,-0.2570254,-3.177047,0.02294208,-0.02979651,0.004790434,0.9992812,2.644375,356.595,0.4707211,0.3789483,-0.07545141,-0.9223365,0,0,0,0.8854451,-0.7553753,-1.150612,-0.3087,-0.4008,2.069,0.9981784,0.008206791,0.05976998,-0.01094117,0.9989015,0.04556571,-0.05933038,-0.04613666,0.9971716,static,-8.459944876882336,-10.322224650238294,-8.48607322893318,-10.963361697755134,-0.4265069,-0.49834989999999996,2.026435,-0.14478726590798388,-0.17729575520118707,0.9734489849596748,-7.312956271843792,-11.013465243380196,0.6344303533304512,0.6416692329226208,1.174186424846952
4231,05/07/2023 20:00:55.614321,4410,True,True,True,True,Eyes,1.304516,-0.2592757,-3.168569,-0.2021226,-0.2239742,0.9534055,0.0,0.0,0.0,0.0,0.0,0.0,0.0,-1.117147,0.4178408,3.233885,1.311924,-0.2572393,-3.176996,0.02321651,-0.02985523,0.00479464,0.9992731,2.675858,356.5883,0.4701165,0.3790078,-0.07545114,-0.9223121,0,0,0,0.8851938,-0.7567112,-1.150885,-0.3087,-0.4007998,2.069,0.9981713,0.008196042,0.05988968,-0.01096858,0.998876,0.04611297,-0.05944442,-0.04668555,0.9971393,static,-8.56053893880988,-10.339312697709934,-8.48607322893318,-10.963356359576805,-0.42673020000000006,-0.4994719,2.026111,-0.14648953804795556,-0.17754109392308057,0.9731495313351092,-7.4111843553284285,-11.029418047595243,0.6239311399125602,0.6284708695426182,1.0769170057265953
4232,05/07/2023 20:00:55.634481,4411,True,True,True,True,Eyes,1.304801,-0.2592811,-3.168551,-0.2036713,-0.2247407,0.9528953,0.0,0.0,0.0,0.0,0.0,0.0,0.0,-1.117468,0.4222312,3.233117,1.311905,-0.2572874,-3.176912,0.02386087,-0.02979261,0.004887179,0.9992593,2.749969,356.596,0.478711,0.3790688,-0.07545102,-0.922287,0,0,0,0.8855442,-0.7594537,-1.151389,-0.3087,-0.4007999,2.069,0.9981771,0.008345363,0.05977431,-0.01118887,0.9988136,0.04739518,-0.05930787,-0.04797759,0.9970862,static,-8.661442053437808,-10.312085821830697,-8.48607322893318,-10.963359028665995,-0.4263608000000001,-0.5021663000000001,2.025523,-0.14821689596963541,-0.17703254977177119,0.972980504179144,-7.510051494839386,-11.000451488518351,0.6717342704090876,0.6744709145320256,0.9767263055745727
4233,05/07/2023 20:00:55.654499,4412,True,True,True,True,Eyes,1.305073,-0.2592854,-3.168539,-0.2051476,-0.2254836,0.9524031,0.0,0.0,0.0,0.0,0.0,0.0,0.0,-1.118354,0.4250572,3.232525,1.311942,-0.2572437,-3.176986,0.0243334,-0.02966709,0.004823631,0.999252,2.803833,356.6104,0.4701782,0.3791309,-0.07545085,-0.9222615,0,0,0,0.8860571,-0.761289,-1.15183,-0.3087001,-0.4007999,2.069,0.9981932,0.008196243,0.05952455,-0.01108385,0.9987692,0.04834417,-0.05905505,-0.04891659,0.9970555,static,-8.762320232238567,-10.306364499630025,-8.486075937878136,-10.963359028665995,-0.4258848999999999,-0.5040453,2.025156,-0.1499336958681352,-0.17688910450129022,0.9727436394530593,-7.608730771901177,-10.993282112410862,0.7114633051366956,0.712708019703643,0.8778553019740435
4234,05/07/2023 20:00:55.674527,4413,True,True,True,True,Eyes,1.305332,-0.259291,-3.16853,-0.2064272,-0.2261876,0.9519595,0.0,0.0,0.0,0.0,0.0,0.0,0.0,-1.119729,0.4254088,3.232057,1.311922,-0.2571371,-3.177059,0.02450467,-0.02947916,0.004561935,0.9992546,2.822487,356.6312,0.4401294,0.3791937,-0.07545064,-0.9222357,0,0,0,0.8865728,-0.7616886,-1.151916,-0.3087001,-0.4007999,2.069,0.9982203,0.007672314,0.05913796,-0.01056182,0.9987574,0.04870383,-0.0586908,-0.04924176,0.997061,static,-8.85526061432407,-10.336754379813176,-8.486075937878136,-10.963359028665995,-0.4253492,-0.5045515,2.025143,-0.15149828183188072,-0.1773622120414923,0.9724149450083471,-7.699374189278791,-11.022820906326789,0.7271108174966907,0.7272762276373771,0.788945724460317
4235,05/07/2023 20:00:55.684813,4414,True,True,True,True,Eyes,1.305578,-0.2592969,-3.168521,-0.2076509,-0.2268577,0.9515339,0.0,0.0,0.0,0.0,0.0,0.0,0.0,-1.120244,0.4253909,3.231939,1.311782,-0.2571572,-3.177173,0.02445781,-0.02936589,0.00466943,0.9992585,2.81743,356.6445,0.4529302,0.3792568,-0.0754504,-0.9222098,0,0,0,0.8869905,-0.7615962,-1.151885,-0.3087,-0.4007999,2.069,0.9982316,0.007895485,0.05891664,-0.01076839,0.99876,0.04860511,-0.05845982,-0.0491536,0.997079,static,-8.945765433532458,-10.382172290876618,-8.48607322893318,-10.963359028665995,-0.4247915,-0.504439,2.0252879999999998,-0.15301367402010302,-0.17809092639438506,0.9720445013826112,-7.787521943173505,-11.067624374490064,0.741292206333069,0.7410094109737088,0.7062897147603853
4236,05/07/2023 20:00:55.704610,4415,True,True,True,True,Eyes,1.305758,-0.2593013,-3.168522,-0.2087224,-0.227439,0.9511606,0.0,0.0,0.0,0.0,0.0,0.0,0.0,-1.120157,0.4251432,3.231976,1.311703,-0.2571706,-3.177179,0.02435077,-0.02934856,0.004844272,0.9992609,2.805743,356.647,0.4733812,0.3793198,-0.07545017,-0.9221839,0,0,0,0.8871361,-0.7613011,-1.151767,-0.3087,-0.4007999,2.069,0.9982303,0.008252063,0.05888965,-0.0111107,0.9987671,0.0483812,-0.05841781,-0.04894989,0.9970915,static,-9.0178875275008,-10.42721903241906,-8.48607322893318,-10.963359028665995,-0.4245669000000001,-0.5041304999999999,2.025412,-0.15421636504237887,-0.1788212625843619,0.9717202759930298,-7.857698418072623,-11.11230139853263,0.7552588280135677,0.7551639184552142,0.645785360987325
4237,05/07/2023 20:00:55.714316,4416,True,True,True,True,Eyes,1.305932,-0.2593058,-3.168522,-0.2097554,-0.2279833,0.950803,0.0,0.0,0.0,0.0,0.0,0.0,0.0,-1.118964,0.4243962,3.232614,1.311624,-0.2571311,-3.177344,0.02412443,-0.0294872,0.005144797,0.9992609,2.780888,356.6318,0.5082035,0.3793809,-0.07544994,-0.9221587,0,0,0,0.8867542,-0.760559,-1.151821,-0.3087001,-0.4007999,2.069,0.998208,0.008859264,0.05917903,-0.01170471,0.9987831,0.04790979,-0.05868256,-0.04851661,0.997097,static,-9.073348347442696,-10.480454600875504,-8.486075937878136,-10.963359028665995,-0.42486979999999985,-0.5034278999999999,2.025523,-0.15513170302003615,-0.17969798148928498,0.9714128102325139,-7.911521728131374,-11.165504531039732,0.759787486632615,0.7603193864524473,0.6090774532583323
4238,05/07/2023 20:00:55.734617,4417,True,True,True,True,Eyes,1.306087,-0.2593126,-3.168526,-0.2106706,-0.2284834,0.9504806,0.0,0.0,0.0,0.0,0.0,0.0,0.0,-1.118098,0.4235175,3.233012,1.311634,-0.2571429,-3.177321,0.02389837,-0.02959845,0.005373108,0.9992617,2.755817,356.6196,0.5348276,0.3794403,-0.07544973,-0.9221343,0,0,0,0.8865073,-0.7598165,-1.151665,-0.3087001,-0.4007999,2.069,0.9981901,0.009323573,0.05941002,-0.01215299,0.9988,0.04744339,-0.05889639,-0.04807953,0.9971056,static,-9.123174010726533,-10.532394680373205,-8.486075937878136,-10.963359028665995,-0.42512669999999997,-0.5026736,2.025656,-0.15595153072384121,-0.18055492897555245,0.9711226361504525,-7.959844991971593,-11.217471188140278,0.7676762872228876,0.7691711278555449,0.5843731667542394
4239,05/07/2023 20:00:55.754349,4418,True,True,True,True,Eyes,1.306236,-0.2593163,-3.168527,-0.2115529,-0.2289536,0.9501714,0.0,0.0,0.0,0.0,0.0,0.0,0.0,-1.117632,0.4228655,3.233225,1.311615,-0.257147,-3.177295,0.02371192,-0.02964435,0.005594617,0.9992637,2.735229,356.6149,0.5607222,0.3794975,-0.07544959,-0.9221107,0,0,0,0.8864926,-0.7592226,-1.151489,-0.3087001,-0.4008,2.069,0.9981798,0.009775146,0.05951036,-0.01258684,0.9988129,0.04705722,-0.05897972,-0.04772061,0.9971179,static,-9.178130010625718,-10.57830685333214,-8.486075937878136,-10.963361697755134,-0.4251224,-0.5020756,2.025806,-0.15686086151780426,-0.18130660843680077,0.9708360591213985,-8.013230374483983,-11.263258589139934,0.7892061560988143,0.7919634289663461,0.5599295243901676
4240,05/07/2023 20:00:55.764546,4419,True,True,True,True,Eyes,1.306361,-0.2593226,-3.168528,-0.2123278,-0.2293765,0.9498965,0.0,0.0,0.0,0.0,0.0,0.0,0.0,-1.116664,0.4220144,3.233709,1.311622,-0.2571308,-3.177332,0.02351983,-0.02977765,0.005755294,0.9992633,2.713841,356.5999,0.579426,0.3795527,-0.07544944,-0.922088,0,0,0,0.8860927,-0.7585415,-1.151448,-0.3087001,-0.4007998,2.069,0.9981603,0.01010138,0.05978215,-0.01290284,0.9988275,0.04666224,-0.0592407,-0.04734775,0.9971203,static,-9.21521255084463,-10.62285539637802,-8.486075937878136,-10.963356359576805,-0.4255293000000001,-0.5014107,2.0258839999999996,-0.15746735791314562,-0.18204360083098028,0.9705999138191205,-8.049149967717698,-11.3079067238287,0.8007100151083346,0.8047242424008061,0.5564344138411578
4241,05/07/2023 20:00:55.784820,4420,True,True,True,True,Eyes,1.306482,-0.2593359,-3.168526,-0.2130602,-0.2298027,0.9496295,0.0,0.0,0.0,0.0,0.0,0.0,0.0,-1.116576,0.4215016,3.233747,1.311679,-0.2571828,-3.177244,0.02340826,-0.02979436,0.005818133,0.999265,2.701282,356.5981,0.5869613,0.3796055,-0.07544938,-0.9220663,0,0,0,0.886133,-0.7581846,-1.151262,-0.3087,-0.4007999,2.069,0.9981568,0.01023285,0.05981731,-0.01302258,0.9988364,0.04643541,-0.05927254,-0.0471288,0.9971287,static,-9.260428971889093,-10.660800938585984,-8.48607322893318,-10.963359028665995,-0.4255460000000001,-0.5010018,2.025982,-0.15821476513849433,-0.18266427122850892,0.9703617722943895,-8.093072830603726,-11.345751911531702,0.8259442019557619,0.8313652714190488,0.5483371498936176
4242,05/07/2023 20:00:55.804826,4421,True,True,True,True,Eyes,1.306575,-0.2593395,-3.168528,-0.2137481,-0.2302008,0.9493784,0.0,0.0,0.0,0.0,0.0,0.0,0.0,-1.117334,0.4231993,3.23325,1.311709,-0.2574116,-3.1772,0.02365136,-0.02968506,0.005784005,0.9992628,2.728955,356.6107,0.5825263,0.379656,-0.07544962,-0.9220455,0,0,0,0.8865892,-0.7593789,-1.151367,-0.3087,-0.4007999,2.069,0.9981707,0.0101553,0.05959994,-0.01296367,0.9988143,0.04692445,-0.05905274,-0.04761124,0.9971188,static,-9.313308259840452,-10.659044386541899,-8.48607322893318,-10.963359028665995,-0.42511980000000005,-0.5019673,2.025833,-0.15911194876316095,-0.18260784417832396,0.9702256273497128,-8.144790031947945,-11.34325313435657,0.8752672674971153,0.881433603722523,0.5106796961725654
4243,05/07/2023 20:00:55.824189,4422,True,True,True,True,Eyes,1.306668,-0.2593425,-3.168528,-0.2144106,-0.2305772,0.9491376,0.0,0.0,0.0,0.0,0.0,0.0,0.0,-1.1174,0.4234687,3.233256,1.311753,-0.2571966,-3.177264,0.02371733,-0.02967876,0.005808117,0.9992612,2.736592,356.6115,0.5850857,0.3797038,-0.07544986,-0.9220259,0,0,0,0.8866844,-0.7594504,-1.151491,-0.3087001,-0.4007999,2.069,0.9981709,0.01019985,0.05958917,-0.01301545,0.9988075,0.04705487,-0.05903815,-0.04774438,0.9971133,static,-9.355080901010783,-10.674585333872733,-8.486075937878136,-10.963359028665995,-0.4250685999999999,-0.5022538,2.025773,-0.15981194559401513,-0.18285005152163064,0.9700649127712808,-8.185515981067637,-11.358437047414252,0.9085779092622144,0.915729148140282,0.49641004072840617
4244,05/07/2023 20:00:55.834625,4423,True,True,True,True,Eyes,1.306717,-0.2593452,-3.168528,-0.2150078,-0.2309414,0.9489139,0.0,0.0,0.0,0.0,0.0,0.0,0.0,-1.117536,0.4224393,3.233358,1.311792,-0.2571244,-3.177269,0.02364529,-0.02968582,0.005603246,0.9992639,2.727647,356.6101,0.5618224,0.3797491,-0.07545009,-0.9220072,0,0,0,0.8865048,-0.758935,-1.151432,-0.3087,-0.4007999,2.069,0.9981747,0.009794385,0.05959292,-0.0126021,0.998819,0.0469231,-0.05906296,-0.04758845,0.9971193,static,-9.38665256351413,-10.709946806196976,-8.48607322893318,-10.963359028665995,-0.4252872000000001,-0.5018106,2.025837,-0.16032873444327247,-0.18343313618992152,0.969869504298057,-8.21611703468664,-11.393848545784302,0.9270578760346077,0.935553789138259,0.5081314506708166
4245,05/07/2023 20:00:55.854737,4424,True,True,True,True,Eyes,1.306765,-0.2593479,-3.168527,-0.2155736,-0.231295,0.9486995,0.0,0.0,0.0,0.0,0.0,0.0,0.0,-1.118425,0.4214067,3.233172,1.311868,-0.2571191,-3.177224,0.02362234,-0.02959953,0.005241734,0.9992689,2.723747,356.619,0.5206912,0.3797911,-0.07545032,-0.9219899,0,0,0,0.8866038,-0.7585717,-1.151293,-0.3087001,-0.4007999,2.069,0.9981928,0.009077383,0.05940343,-0.01187422,0.9988291,0.04689984,-0.05890815,-0.04752045,0.9971317,static,-9.423001103267348,-10.742767905961779,-8.486075937878136,-10.963359028665995,-0.4252642,-0.5014525999999999,2.025931,-0.16092756470490163,-0.1839705378756442,0.9696686317779418,-8.251408093031,-11.426620362518628,0.9526252440661969,0.962543094596553,0.5193072894232479
4246,05/07/2023 20:00:55.874687,4425,True,True,True,True,Eyes,1.306825,-0.2593519,-3.168522,-0.2161706,-0.2316111,0.9484864,0.0,0.0,0.0,0.0,0.0,0.0,0.0,-1.119486,0.421538,3.232759,1.311861,-0.2571196,-3.177198,0.02371942,-0.0294562,0.005041751,0.999272,2.734122,356.635,0.497831,0.3798301,-0.07545058,-0.9219738,0,0,0,0.8870043,-0.7588212,-1.151244,-0.3087001,-0.4007998,2.069,0.9982138,0.008678792,0.05910868,-0.01147353,0.9988239,0.04710728,-0.05863033,-0.04770133,0.9971394,static,-9.470845358616803,-10.7564680257931,-8.486075937878136,-10.963356359576805,-0.4248567,-0.5017016,2.0259540000000005,-0.16173081360811453,-0.18417786536237682,0.9694955073504702,-8.298084685642511,-11.439856023607666,0.995206847881087,1.0062671586997998,0.5122427556721927
4247,05/07/2023 20:00:55.884569,4426,True,True,True,True,Eyes,1.306882,-0.2593549,-3.168521,-0.2167495,-0.231923,0.9482781,0.0,0.0,0.0,0.0,0.0,0.0,0.0,-1.119902,0.4215681,3.232583,1.311842,-0.2571653,-3.177173,0.02372691,-0.02939203,0.005016832,0.9992737,2.734864,356.6423,0.4951251,0.3798667,-0.07545088,-0.9219586,0,0,0,0.8872257,-0.7588791,-1.151172,-0.3087001,-0.4007999,2.069,0.9982218,0.008631613,0.05897944,-0.01142114,0.9988238,0.04712444,-0.05850331,-0.04771426,0.9971463,static,-9.513152732060961,-10.77605412113041,-8.486075937878136,-10.963359028665995,-0.42461629999999995,-0.5017138000000001,2.026001,-0.1624370556651767,-0.18448758855072922,0.9693185808785597,-8.33930273020984,-11.459132610761788,1.031724601927785,1.0440162209160273,0.5170433436312041
4248,05/07/2023 20:00:55.904682,4427,True,True,True,True,Eyes,1.306896,-0.2593562,-3.168521,-0.217283,-0.232223,0.9480826,0.0,0.0,0.0,0.0,0.0,0.0,0.0,-1.119521,0.4223592,3.232629,1.311793,-0.257134,-3.177213,0.02388395,-0.02945079,0.004940534,0.9992687,2.752629,356.6354,0.4856918,0.3799011,-0.0754512,-0.9219444,0,0,0,0.886875,-0.7594324,-1.15142,-0.3087,-0.4007999,2.069,0.9982165,0.00846704,0.0590945,-0.01128064,0.9988104,0.04744195,-0.0586225,-0.04802396,0.9971244,static,-9.536743825975602,-10.778502380052817,-8.48607322893318,-10.963359028665995,-0.424918,-0.5022984,2.025793,-0.16283524986303113,-0.1845167388673217,0.9692462508158453,-8.362350812826467,-11.461293515890134,1.0540597978551685,1.066808644521583,0.5130750333181775
4249,05/07/2023 20:00:55.924883,4428,True,True,True,True,Eyes,1.306906,-0.2593588,-3.168525,-0.217799,-0.2325122,0.9478933,0.0,0.0,0.0,0.0,0.0,0.0,0.0,-1.119705,0.422488,3.232527,1.311796,-0.2571036,-3.177193,0.02392251,-0.02942677,0.004905107,0.9992687,2.756917,356.638,0.4815676,0.3799324,-0.07545151,-0.9219316,0,0,0,0.8869455,-0.7595333,-1.151418,-0.3087001,-0.4007999,2.069,0.99822,0.008395114,0.05904518,-0.01121096,0.9988073,0.04752135,-0.05857581,-0.04809871,0.9971235,static,-9.570247375747348,-10.793196921506338,-8.486075937878136,-10.963359028665995,-0.4248504999999999,-0.5024297,2.025775,-0.16339476293493974,-0.18474799043313023,0.9691080265951183,-8.394997916179058,-11.47573190478171,1.0837246810642487,1.097443779609876,0.5204048137899077
4250,05/07/2023 20:00:55.934499,4429,True,True,True,True,Eyes,1.306882,-0.2593615,-3.168531,-0.2182387,-0.2328679,0.9477048,0.0,0.0,0.0,0.0,0.0,0.0,0.0,-1.119517,0.4225446,3.232665,1.311708,-0.2571203,-3.17731,0.02392945,-0.02944147,0.004901256,0.9992681,2.757705,356.6364,0.4810624,0.3799608,-0.07545184,-0.9219198,0,0,0,0.8867944,-0.7595755,-1.151554,-0.3087,-0.4007999,2.069,0.9982183,0.008386303,0.05907442,-0.01120438,0.9988068,0.04753527,-0.05860528,-0.04811247,0.9971212,static,-9.595896800630904,-10.814515556261078,-8.48607322893318,-10.963359028665995,-0.4249136000000001,-0.5024552,2.025756,-0.16381768199531616,-0.18509539825774,0.9689702975739917,-8.419915126856027,-11.496990817975082,1.1049985715764388,1.1197601259079764,0.5377171942868005
4251,05/07/2023 20:00:55.954698,4430,True,True,True,True,Eyes,1.306859,-0.259369,-3.168532,-0.2186601,-0.2332204,0.947521,0.0,0.0,0.0,0.0,0.0,0.0,0.0,-1.119081,0.4217435,3.232971,1.311733,-0.257125,-3.177351,0.02376749,-0.02950265,0.004994625,0.9992697,2.739494,356.6295,0.4921403,0.3799857,-0.07545223,-0.9219096,0,0,0,0.8866474,-0.7589884,-1.151484,-0.3087,-0.4007999,2.069,0.9982093,0.008579545,0.05919962,-0.01138436,0.9988203,0.04720554,-0.05872478,-0.04779496,0.9971294,static,-9.618298336662104,-10.85257157136758,-8.48607322893318,-10.963359028665995,-0.42508560000000006,-0.5018634,2.025867,-0.16417658880578181,-0.18572772176709468,0.9687885738407899,-8.441529410919447,-11.535257944337687,1.121369839819249,1.1376324341659843,0.5736309976541522
4252,05/07/2023 20:00:55.974614,4431,True,True,True,True,Eyes,1.306795,-0.259369,-3.168534,-0.2190093,-0.2335155,0.9473677,0.0,0.0,0.0,0.0,0.0,0.0,0.0,-1.11875,0.4232456,3.23276,1.311742,-0.2573812,-3.177195,0.02390196,-0.02953854,0.005156104,0.9992645,2.755463,356.6259,0.5101029,0.3800074,-0.07545281,-0.9219005,0,0,0,0.8866622,-0.7599108,-1.151492,-0.3087,-0.4007998,2.069,0.9982017,0.008892567,0.05928011,-0.01171668,0.9988042,0.04746416,-0.05878714,-0.04807337,0.9971123,static,-9.6392717934252,-10.851839167882176,-8.48607322893318,-10.963356359576805,-0.4250798,-0.5025296,2.025703,-0.16453195996957415,-0.18570419781052133,0.968732835354594,-8.462042221900301,-11.534230669265481,1.1419835833914298,1.1585780134241779,0.5713798795560945
4253,05/07/2023 20:00:55.984817,4432,True,True,True,True,Eyes,1.306731,-0.2593739,-3.168531,-0.2193453,-0.2337866,0.947223,0.0,0.0,0.0,0.0,0.0,0.0,0.0,-1.119155,0.4226295,3.232694,1.311792,-0.2570595,-3.177193,0.02384109,-0.02948017,0.005195512,0.9992676,2.748592,356.6327,0.5149856,0.3800254,-0.07545339,-0.921893,0,0,0,0.8869832,-0.7593695,-1.151379,-0.3087001,-0.4007999,2.069,0.9982078,0.008977733,0.05916488,-0.01178909,0.9988092,0.04734093,-0.05866941,-0.04795358,0.997125,static,-9.668179227116243,-10.874952101181051,-8.486075937878136,-10.963359028665995,-0.4248088000000001,-0.50231,2.025814,-0.16500874090938433,-0.1860799228300991,0.9685795395545448,-8.490131380079088,-11.557263920371582,1.1676220645322717,1.1854045601628498,0.5939187377101949
4254,05/07/2023 20:00:56.004593,4433,True,True,True,True,Eyes,1.306659,-0.2593805,-3.168535,-0.2196234,-0.2340436,0.9470951,0.0,0.0,0.0,0.0,0.0,0.0,0.0,-1.119088,0.4217053,3.232714,1.311742,-0.2571841,-3.177078,0.02368608,-0.02948622,0.005174525,0.9992712,2.730764,356.6319,0.513082,0.3800401,-0.07545411,-0.9218869,0,0,0,0.8868821,-0.758847,-1.151115,-0.3087001,-0.4007999,2.069,0.9982076,0.008944679,0.05917458,-0.01173833,0.9988244,0.04703247,-0.05868432,-0.04764278,0.997139,static,-9.68524933809536,-10.908959860969041,-8.486075937878136,-10.963359028665995,-0.42485989999999996,-0.5016629,2.025963,-0.16527923275877637,-0.1866462189234968,0.968424461252793,-8.50656352394002,-11.591500392448884,1.1812877940649682,1.2004066449477284,0.6284753886013925
4255,05/07/2023 20:00:56.024706,4434,True,True,True,True,Eyes,1.306589,-0.2593886,-3.168536,-0.2198925,-0.2342955,0.9469703,0.0,0.0,0.0,0.0,0.0,0.0,0.0,-1.119118,0.4221923,3.232774,1.311711,-0.2572275,-3.177223,0.02373537,-0.02947,0.005224868,0.9992701,2.736573,356.6339,0.5187328,0.3800515,-0.075455,-0.9218822,0,0,0,0.8869651,-0.7591279,-1.151295,-0.3087,-0.4007999,2.069,0.9982084,0.009043148,0.05914501,-0.01184107,0.9988186,0.04712814,-0.05864896,-0.04774405,0.9971364,static,-9.705010805385767,-10.91785038868975,-8.48607322893318,-10.963359028665995,-0.4247459000000001,-0.5019004,2.0259280000000004,-0.1656087452613671,-0.18678600387254962,0.9683411455726074,-8.525818134841765,-11.60024285662151,1.2000539143992623,1.2197868057986996,0.6381227686401357
4256,05/07/2023 20:00:56.034493,4435,True,True,True,True,Eyes,1.306534,-0.2593953,-3.168536,-0.2201501,-0.2345413,0.9468496,0.0,0.0,0.0,0.0,0.0,0.0,0.0,-1.118779,0.4230851,3.232808,1.311694,-0.2572982,-3.177258,0.02387097,-0.02952109,0.005205017,0.9992656,2.752069,356.628,0.5158625,0.3800599,-0.07545609,-0.9218786,0,0,0,0.8867283,-0.7597371,-1.15151,-0.3087001,-0.4007999,2.069,0.9982028,0.008992992,0.05924731,-0.01181178,0.9988062,0.04739955,-0.05875031,-0.04801419,0.9971173,static,-9.714269310271284,-10.917830386636162,-8.486075937878136,-10.963359028665995,-0.4249656999999999,-0.5024389,2.025748,-0.1657653903638196,-0.18678068225622577,0.968315374787207,-8.53487098694738,-11.600096795001969,1.2091464681090658,1.2290369470587674,0.6386046820155611
4257,05/07/2023 20:00:56.054217,4436,True,True,True,True,Eyes,1.30648,-0.259401,-3.168538,-0.2203956,-0.2347796,0.9467335,0.0,0.0,0.0,0.0,0.0,0.0,0.0,-1.11896,0.4232839,3.232765,1.31169,-0.2573522,-3.177302,0.02390578,-0.02949544,0.005172347,0.9992657,2.755933,356.6309,0.5120713,0.3800662,-0.07545731,-0.9218759,0,0,0,0.8868013,-0.759909,-1.151567,-0.3087,-0.4007999,2.069,0.9982065,0.008926873,0.05919486,-0.01174732,0.9988035,0.04747132,-0.05870026,-0.04808156,0.9971171,static,-9.731725817767689,-10.929396401539822,-8.48607322893318,-10.963359028665995,-0.4248887,-0.5025568,2.025735,-0.1660544263553992,-0.18696694190620855,0.9682299784760795,-8.551851535872615,-11.61158230138465,1.225564244669344,1.2461154970994575,0.6515521444657397
4258,05/07/2023 20:00:56.074600,4437,True,True,True,True,Eyes,1.306461,-0.2594045,-3.168543,-0.2206658,-0.235002,0.9466154,0.0,0.0,0.0,0.0,0.0,0.0,0.0,-1.119546,0.4235315,3.232452,1.311741,-0.2572268,-3.177212,0.0239718,-0.02941577,0.005154295,0.9992667,2.763396,356.64,0.5100011,0.3800704,-0.07545862,-0.9218741,0,0,0,0.8871639,-0.7600393,-1.151475,-0.3087001,-0.4007999,2.069,0.9982163,0.008890732,0.0590355,-0.01171133,0.9987976,0.04760519,-0.05854126,-0.04821166,0.9971201,static,-9.756969437336162,-10.93637489730628,-8.486075937878136,-10.963359028665995,-0.42457710000000004,-0.5028125,2.025737,-0.16647763333888577,-0.1870713355228104,0.9681371616844359,-8.576480972638247,-11.618312353271365,1.2499765395424753,1.2711799362442384,0.6611633139562458
4259,05/07/2023 20:00:56.094139,4438,True,True,True,True,Eyes,1.306442,-0.2594086,-3.168547,-0.2209202,-0.2352162,0.9465028,0.0,0.0,0.0,0.0,0.0,0.0,0.0,-1.119401,0.423076,3.232628,1.311733,-0.2572156,-3.177284,0.02390101,-0.02943623,0.005156257,0.9992677,2.755303,356.6376,0.510406,0.3800737,-0.0754599,-0.9218727,0,0,0,0.8870705,-0.7597411,-1.151493,-0.3087001,-0.4008,2.069,0.9982138,0.008897849,0.05907582,-0.01171207,0.9988043,0.04746345,-0.05858286,-0.04807057,0.9971246,static,-9.7709874154772,-10.957631148694617,-8.486075937878136,-10.963361697755134,-0.42466250000000005,-0.5025255,2.025791,-0.16670309941395423,-0.18742324246776,0.9680302426820008,-8.59002576312063,-11.63966606621488,1.262806916908883,1.2849242563117655,0.6842464212297215
4260,05/07/2023 20:00:56.104563,4439,True,True,True,True,Eyes,1.306436,-0.2594131,-3.168555,-0.2211279,-0.2353745,0.9464149,0.0,0.0,0.0,0.0,0.0,0.0,0.0,-1.119775,0.4230152,3.232517,1.311663,-0.2572014,-3.177325,0.02389374,-0.02936742,0.005156445,0.9992697,2.754436,356.6455,0.5106417,0.3800761,-0.07546118,-0.9218716,0,0,0,0.8872814,-0.7596971,-1.151469,-0.3087,-0.4007999,2.069,0.9982219,0.008901963,0.05893836,-0.01170875,0.998805,0.04744973,-0.05844553,-0.04805545,0.9971333,static,-9.791846758828083,-10.96857533154042,-8.48607322893318,-10.963359028665995,-0.4243816,-0.5024957,2.025856,-0.16704986649272455,-0.18759696976071466,0.9679367672487857,-8.610338234214089,-11.650475086007763,1.2829583999801786,1.3057839488942549,0.6982623201880226
4261,05/07/2023 20:00:56.114704,4440,True,True,True,True,Eyes,1.306431,-0.2594177,-3.168563,-0.2213244,-0.2355222,0.9463323,0.0,0.0,0.0,0.0,0.0,0.0,0.0,-1.119848,0.4222808,3.232683,1.311634,-0.2572204,-3.177432,0.02373335,-0.02933923,0.00526718,0.9992739,2.736416,356.649,0.5239486,0.380078,-0.07546245,-0.9218707,0,0,0,0.8874596,-0.7591429,-1.15139,-0.3087001,-0.4007999,2.069,0.9982229,0.009134074,0.05888588,-0.01191935,0.998818,0.04712316,-0.05838584,-0.04774131,0.9971519,static,-9.810813280284366,-10.993706401573531,-8.486075937878136,-10.963359028665995,-0.42417439999999995,-0.5019224999999999,2.0260420000000003,-0.16735677610903343,-0.1880115969732055,0.9678033724086031,-8.628692112568832,-11.675688869319494,1.3011256718887607,1.3250848989434265,0.7264662243826939
4262,05/07/2023 20:00:56.134491,4441,True,True,True,True,Eyes,1.306431,-0.2594203,-3.16857,-0.221494,-0.2356554,0.9462594,0.0,0.0,0.0,0.0,0.0,0.0,0.0,-1.119887,0.4220417,3.232712,1.311636,-0.2572297,-3.177442,0.02365818,-0.02932331,0.005362854,0.9992757,2.728115,356.6511,0.5352107,0.3800796,-0.07546372,-0.9218699,0,0,0,0.8876097,-0.7589157,-1.15131,-0.3087,-0.4007999,2.069,0.9982228,0.009330465,0.0588579,-0.01210541,0.9988231,0.04696758,-0.05835039,-0.0475966,0.9971609,static,-9.825936209179964,-11.008490491826175,-8.48607322893318,-10.963359028665995,-0.4240263000000001,-0.501686,2.026132,-0.1676043074269031,-0.18825327390855265,0.9677134972026483,-8.643366492223944,-11.690467744202117,1.3159244397069694,1.3406228607638973,0.7439275871247464
4263,05/07/2023 20:00:56.164890,4442,True,True,True,True,Eyes,1.30643,-0.2594244,-3.168576,-0.2216624,-0.2357821,0.9461884,0.0,0.0,0.0,0.0,0.0,0.0,0.0,-1.120261,0.4216254,3.232589,1.311601,-0.2571859,-3.177412,0.02352606,-0.02924007,0.0055591,0.9992801,2.713588,356.6611,0.5583743,0.3800809,-0.07546492,-0.9218693,0,0,0,0.8880854,-0.7584758,-1.151075,-0.3087,-0.4007999,2.069,0.9982283,0.009734388,0.05869962,-0.012486,0.9988312,0.04669315,-0.05817648,-0.04734334,0.9971831,static,-9.851377543701117,-11.02736216255952,-8.48607322893318,-10.963359028665995,-0.4235156,-0.5012899,2.026337,-0.1680239761542756,-0.18855833690844145,0.967581316256345,-8.668098839454208,-11.709249376672833,1.3410510729142717,1.3668036702731454,0.7677797432436702
4264,05/07/2023 20:00:56.174625,4443,True,True,True,True,Eyes,1.306427,-0.2594287,-3.168581,-0.2217618,-0.2358887,0.9461386,0.0,0.0,0.0,0.0,0.0,0.0,0.0,-1.119869,0.4214852,3.232757,1.31159,-0.2572706,-3.177423,0.02347829,-0.02929526,0.005591774,0.9992795,2.708254,356.6548,0.5621288,0.380082,-0.0754661,-0.9218688,0,0,0,0.8878769,-0.7583898,-1.151086,-0.3087001,-0.4007999,2.069,0.998221,0.009799884,0.05881087,-0.01255109,0.998835,0.04659512,-0.05828573,-0.04725036,0.9971811,static,-9.85243760152922,-11.03844391788822,-8.486075937878136,-10.963359028665995,-0.42371310000000006,-0.5011192,2.026337,-0.1680357490174299,-0.18874510359305946,0.9675429179414661,-8.669051092254529,-11.720466830991562,1.3422915100751114,1.3684231569528744,0.7789044430874145
4265,05/07/2023 20:00:56.194333,4444,True,True,True,True,Eyes,1.306425,-0.2594305,-3.168583,-0.221856,-0.2359913,0.9460909,0.0,0.0,0.0,0.0,0.0,0.0,0.0,-1.120185,0.4216381,3.232614,1.311604,-0.2572392,-3.177406,0.02349368,-0.0292451,0.005627843,0.9992804,2.71011,356.6607,0.5663489,0.3800829,-0.07546729,-0.9218683,0,0,0,0.8881289,-0.7584471,-1.151041,-0.3087001,-0.4008,2.069,0.9982261,0.009873435,0.05871253,-0.01262173,0.9988328,0.04662436,-0.05818366,-0.0472827,0.9971855,static,-9.864951743396318,-11.042381121154865,-8.486075937878136,-10.963361697755134,-0.4234751,-0.5012079,2.026365,-0.16824509983333505,-0.1888047450706335,0.9674948703199332,-8.681257130774423,-11.724287342634259,1.3546598357764656,1.381138138028866,0.7855593771925388
4266,05/07/2023 20:00:56.204497,4445,True,True,True,True,Eyes,1.306433,-0.2594332,-3.168587,-0.2219811,-0.2360696,0.9460421,0.0,0.0,0.0,0.0,0.0,0.0,0.0,-1.120379,0.4215646,3.232459,1.311617,-0.2571777,-3.177307,0.02350703,-0.02922204,0.005589727,0.9992809,2.711499,356.6632,0.5619974,0.3800836,-0.07546841,-0.9218679,0,0,0,0.8882014,-0.7584121,-1.150936,-0.3087001,-0.4007999,2.069,0.9982296,0.009797568,0.05866484,-0.01254526,0.9988323,0.04665355,-0.05813925,-0.04730693,0.997187,static,-9.874352983828425,-11.046720222864321,-8.486075937878136,-10.963359028665995,-0.4234156,-0.5012344,2.026371,-0.16840161195549,-0.18887290813506427,0.9674544131054321,-8.690416408562147,-11.728557489143368,1.3639933525896792,1.3907775684884456,0.7920124442685894
4267,05/07/2023 20:00:56.214315,4446,True,True,True,True,Eyes,1.306441,-0.2594368,-3.168594,-0.2221021,-0.2361424,0.9459955,0.0,0.0,0.0,0.0,0.0,0.0,0.0,-1.119644,0.4213932,3.232861,1.311624,-0.2572286,-3.177426,0.02344176,-0.02932723,0.005666899,0.999279,2.704339,356.6514,0.570776,0.3800844,-0.07546947,-0.9218675,0,0,0,0.8878464,-0.7582539,-1.151079,-0.3087001,-0.4008,2.069,0.9982156,0.009950661,0.05887784,-0.01270059,0.9988368,0.04651733,-0.05834647,-0.04718211,0.9971808,static,-9.872063634639753,-11.05663163233513,-8.486075937878136,-10.963361697755134,-0.42377759999999987,-0.5010253,2.0263470000000003,-0.1683573817439123,-0.18904170541021262,0.9674291124161776,-8.688102604154327,-11.738634251372039,1.3620543403610332,1.3891224482640576,0.80116309592888
4268,05/07/2023 20:00:56.234377,4447,True,True,True,True,Eyes,1.306456,-0.2594363,-3.168596,-0.2222008,-0.2362322,0.9459499,0.0,0.0,0.0,0.0,0.0,0.0,0.0,-1.119693,0.4211929,3.232911,1.311636,-0.2572333,-3.177463,0.02342713,-0.0293261,0.005620351,0.9992796,2.702506,356.6514,0.5654914,0.3800852,-0.07547051,-0.9218671,0,0,0,0.8878198,-0.7581649,-1.151101,-0.3087001,-0.4007999,2.069,0.9982167,0.009858551,0.05887327,-0.01260666,0.9988392,0.04649084,-0.0583466,-0.04715014,0.9971823,static,-9.877361436880278,-11.064912885438005,-8.486075937878136,-10.963359028665995,-0.4238162,-0.5009316,2.0263619999999998,-0.16844230611929106,-0.18917874637880444,0.9673875400144709,-8.693219690536008,-11.746955695768882,1.3675549427731009,1.3949869266623651,0.8105135846856237
4269,05/07/2023 20:00:56.254436,4448,True,True,True,True,Eyes,1.306472,-0.2594382,-3.168598,-0.2222996,-0.2363192,0.9459049,0.0,0.0,0.0,0.0,0.0,0.0,0.0,-1.120117,0.4208263,3.232684,1.311659,-0.2571381,-3.177331,0.02340166,-0.02927022,0.005578481,0.9992821,2.699417,356.6577,0.5609271,0.3800863,-0.07547142,-0.9218665,0,0,0,0.8880321,-0.7579352,-1.150895,-0.3087001,-0.4008,2.069,0.9982242,0.009779007,0.0587595,-0.01251889,0.9988424,0.04644316,-0.05823732,-0.04709629,0.9971913,static,-9.889071143289591,-11.074360150232577,-8.486075937878136,-10.963361697755134,-0.4236268999999999,-0.5007971,2.0264360000000003,-0.1686349311777833,-0.18933191570984023,0.9673239591642069,-8.704597288794318,-11.756371831439804,1.3794321772048261,1.4073791965422537,0.8225671115069034
4270,05/07/2023 20:00:56.274419,4449,True,True,True,True,Eyes,1.30651,-0.2594383,-3.168601,-0.2223781,-0.2364012,0.945866,0.0,0.0,0.0,0.0,0.0,0.0,0.0,-1.119912,0.4208818,3.232792,1.311684,-0.2571988,-3.177361,0.02342411,-0.02931191,0.00551618,0.9992807,2.701804,356.6527,0.5535977,0.3800877,-0.07547228,-0.9218659,0,0,0,0.887832,-0.7580421,-1.150984,-0.3087,-0.4007999,2.069,0.9982207,0.009651213,0.05884006,-0.01239763,0.9988418,0.04649114,-0.05832322,-0.0471379,0.9971842,static,-9.887671349484984,-11.078108262556217,-8.48607322893318,-10.963359028665995,-0.4238520000000001,-0.5008433000000001,2.026377,-0.1686091816064107,-0.1893960488870016,0.9673159345431351,-8.703200118232667,-11.760189729548788,1.3782419910707562,1.4062875517520395,0.8258833161689586
4271,05/07/2023 20:00:56.294601,4450,True,True,True,True,Eyes,1.306548,-0.2594398,-3.168602,-0.222448,-0.2364796,0.94583,0.0,0.0,0.0,0.0,0.0,0.0,0.0,-1.120295,0.4210988,3.232693,1.311729,-0.25716,-3.177409,0.02352053,-0.02927503,0.005366637,0.9992802,2.71233,356.6566,0.5362335,0.3800898,-0.07547302,-0.9218649,0,0,0,0.8878958,-0.7582873,-1.151098,-0.3087001,-0.4007999,2.069,0.9982283,0.009348419,0.05876037,-0.01210268,0.998836,0.04669297,-0.05825547,-0.04732141,0.9971795,static,-9.892204090310017,-11.07544284537463,-8.486075937878136,-10.963359028665995,-0.4238331999999999,-0.5011273,2.0263109999999998,-0.16868728825993645,-0.18934848805753995,0.9673116621182609,-8.707652363940731,-11.757426626480251,1.382550594637589,1.4105882329827761,0.824402488160472
4272,05/07/2023 20:00:56.304357,4451,True,True,True,True,Eyes,1.306599,-0.2594368,-3.168605,-0.2225312,-0.2365765,0.9457862,0.0,0.0,0.0,0.0,0.0,0.0,0.0,-1.120927,0.4210231,3.232457,1.311759,-0.2571979,-3.177366,0.02352821,-0.0291895,0.005301143,0.9992829,2.712947,356.6662,0.5289321,0.3800927,-0.07547369,-0.9218637,0,0,0,0.8882154,-0.7583084,-1.150991,-0.3087,-0.4007999,2.069,0.9982397,0.009221128,0.0585866,-0.01196824,0.9988367,0.04671321,-0.0580877,-0.04733216,0.9971888,static,-9.905645549382502,-11.082321767313122,-8.48607322893318,-10.963359028665995,-0.4235435999999999,-0.5011105,2.026375,-0.16891060372919825,-0.18945727154422706,0.9672513952654628,-8.720742744223168,-11.764216103279445,1.396048358297544,1.424548246347697,0.8345309073754259
4273,05/07/2023 20:00:56.324422,4452,True,True,True,True,Eyes,1.306647,-0.259437,-3.168606,-0.2226041,-0.2366687,0.9457459,0.0,0.0,0.0,0.0,0.0,0.0,0.0,-1.12165,0.4204745,3.232192,1.311747,-0.2570803,-3.177293,0.02351749,-0.02909281,0.005154423,0.9992867,2.711179,356.6769,0.5124101,0.3800966,-0.07547416,-0.9218621,0,0,0,0.8884652,-0.7580397,-1.150825,-0.3087,-0.4007999,2.069,0.9982541,0.008933114,0.05838656,-0.01166987,0.9988407,0.04670151,-0.05790169,-0.04730134,0.997201,static,-9.917842639213251,-11.092874771719307,-8.48607322893318,-10.963359028665995,-0.42328180000000004,-0.5009593999999999,2.0264680000000004,-0.16911079184200684,-0.18962880238253413,0.9671827250591508,-8.732588486375887,-11.774746333963279,1.4085534125655335,1.4376153769045452,0.8480089217394076
4274,05/07/2023 20:00:56.334258,4453,True,True,True,True,Eyes,1.306712,-0.2594357,-3.168607,-0.2226806,-0.2367317,0.9457122,0.0,0.0,0.0,0.0,0.0,0.0,0.0,-1.121798,0.4204135,3.232227,1.311679,-0.2571682,-3.177394,0.02347273,-0.02905258,0.005209795,0.9992887,2.706214,356.6816,0.5190148,0.3801012,-0.07547455,-0.9218602,0,0,0,0.8886083,-0.7579853,-1.150847,-0.3087,-0.4007999,2.069,0.9982576,0.009048291,0.0583084,-0.01177606,0.9988437,0.04660934,-0.05781925,-0.04721477,0.9972099,static,-9.928808626059118,-11.100802153088148,-8.48607322893318,-10.963359028665995,-0.4230707,-0.5008170999999999,2.026547,-0.16929165409921945,-0.18975665501112973,0.9671260829702751,-8.743250450863762,-11.78263210392655,1.4197506963109654,1.4492674144446436,0.8586899879041451
4275,05/07/2023 20:00:56.354651,4454,True,True,True,True,Eyes,1.306772,-0.2594356,-3.16861,-0.2227544,-0.2367854,0.9456813,0.0,0.0,0.0,0.0,0.0,0.0,0.0,-1.121635,0.4202851,3.232306,1.311689,-0.2571388,-3.177399,0.02344714,-0.02907647,0.005235988,0.9992885,2.703382,356.679,0.5220373,0.380107,-0.0754748,-0.9218578,0,0,0,0.8885437,-0.7578708,-1.150846,-0.3087,-0.4007999,2.069,0.9982542,0.009101004,0.05835709,-0.01182804,0.9988456,0.04655642,-0.05786601,-0.0471654,0.9972095,static,-9.931460958914105,-11.106401583842162,-8.48607322893318,-10.963359028665995,-0.42314530000000006,-0.500732,2.026553,-0.16933330665623067,-0.1898497775093968,0.9671004408946928,-8.745801259968704,-11.788271343055447,1.4227001622791768,1.4524485748455056,0.8648346527151614
4276,05/07/2023 20:00:56.374630,4455,True,True,True,True,Eyes,1.306825,-0.2594418,-3.168616,-0.2228371,-0.2368235,0.9456523,0.0,0.0,0.0,0.0,0.0,0.0,0.0,-1.121411,0.4198385,3.232464,1.311651,-0.2571672,-3.177434,0.02334395,-0.029097,0.005311607,0.9992899,2.69182,356.6768,0.5309916,0.3801136,-0.07547496,-0.921855,0,0,0,0.8884857,-0.7575336,-1.150796,-0.3087001,-0.4007999,2.069,0.9982503,0.009257192,0.05840066,-0.01197415,0.9988537,0.04634564,-0.05790469,-0.04696384,0.9972169,static,-9.936580323303646,-11.118827646316063,-8.486075937878136,-10.963359028665995,-0.42316529999999986,-0.5003664000000001,2.026638,-0.16941280583913004,-0.19005688343504146,0.9670458614050432,-8.750712366935634,-11.800796162145215,1.4285628571323847,1.4588123468125231,0.8782558807740471
4277,05/07/2023 20:00:56.384871,4456,True,True,True,True,Eyes,1.306876,-0.2594365,-3.168627,-0.2229292,-0.2368574,0.9456221,0.0,0.0,0.0,0.0,0.0,0.0,0.0,-1.120388,0.42056,3.23278,1.311624,-0.2573422,-3.177487,0.0233633,-0.02923141,0.005483547,0.9992845,2.694684,356.6618,0.5502762,0.3801208,-0.07547524,-0.9218521,0,0,0,0.8880668,-0.7579134,-1.150981,-0.3087001,-0.4007999,2.069,0.9982309,0.009593364,0.05867722,-0.01232513,0.9988481,0.0463726,-0.05816476,-0.04701377,0.9971994,static,-9.930977088258278,-11.114447315787741,-8.486075937878136,-10.963359028665995,-0.42355719999999986,-0.5005712,2.0265060000000004,-0.16932059844031289,-0.189986005300421,0.9670759354309325,-8.745266983100848,-11.796432627612335,1.4227734781433075,1.4527790626503538,0.8724629614975353
4278,05/07/2023 20:00:56.404424,4457,True,True,True,True,Eyes,1.306937,-0.2594292,-3.168632,-0.2230773,-0.2368565,0.9455875,0.0,0.0,0.0,0.0,0.0,0.0,0.0,-1.118633,0.4201183,3.2336,1.311665,-0.2570471,-3.177651,0.02321152,-0.02947212,0.005817721,0.9992791,2.67855,356.635,0.5884431,0.3801286,-0.07547527,-0.9218489,0,0,0,0.8874217,-0.7572444,-1.151197,-0.3087001,-0.4007999,2.069,0.9981951,0.01025887,0.05917182,-0.01299524,0.9988547,0.04604665,-0.05863166,-0.04673249,0.9971853,static,-9.921326027892475,-11.123545450382988,-8.486075937878136,-10.963359028665995,-0.4242433000000001,-0.5001973000000001,2.026454,-0.16915240726002517,-0.19014515775805424,0.9670741882725924,-8.735761291379621,-11.80578511751085,1.4140263532353312,1.4441615251032907,0.8786492422574556
4279,05/07/2023 20:00:56.424198,4458,True,True,True,True,Eyes,1.306997,-0.2594218,-3.168633,-0.2232123,-0.2368361,0.9455606,0.0,0.0,0.0,0.0,0.0,0.0,0.0,-1.117555,0.4154346,3.234572,1.311837,-0.2569276,-3.177584,0.02251929,-0.02967338,0.005761542,0.9992893,2.599169,356.6115,0.5837927,0.3801369,-0.07547502,-0.9218454,0,0,0,0.8866876,-0.7542626,-1.150615,-0.3087001,-0.4007998,2.069,0.9981725,0.01017845,0.05956408,-0.01285134,0.9989194,0.04466464,-0.0590451,-0.0453485,0.9972247,static,-9.908635293968,-11.202040456556926,-8.486075937878136,-10.963356359576805,-0.4251493999999999,-0.497335,2.0269690000000002,-0.16889357815060274,-0.19147846174168176,0.966856181319324,-8.722755953066066,-11.885515750309677,1.4099485301504957,1.4424441825422663,0.9520479880269594
4280,05/07/2023 20:00:56.434321,4459,True,True,True,True,Eyes,1.307078,-0.2594157,-3.168625,-0.2233318,-0.2368179,0.945537,0.0,0.0,0.0,0.0,0.0,0.0,0.0,-1.11939,0.4128979,3.234154,1.311955,-0.2570362,-3.177417,0.0223335,-0.0294733,0.005165953,0.9993027,2.575761,356.6328,0.5166619,0.380146,-0.07547453,-0.9218417,0,0,0,0.8870754,-0.7531773,-1.150099,-0.3087,-0.4007999,2.069,0.9982093,0.009008219,0.05913624,-0.01164119,0.9989491,0.04433133,-0.05867474,-0.04494037,0.997265,static,-9.924956586286635,-11.23655171088616,-8.48607322893318,-10.963359028665995,-0.4248796,-0.49614110000000006,2.027318,-0.16914967630714678,-0.19205225147194818,0.9666976511455863,-8.73845209609175,-11.920272710369861,1.4306635788597626,1.4645885284568498,0.9896357344095316
4281,05/07/2023 20:00:56.454693,4460,True,True,True,True,Eyes,1.307154,-0.2594196,-3.168616,-0.2234366,-0.236843,0.9455059,0.0,0.0,0.0,0.0,0.0,0.0,0.0,-1.12231,0.413918,3.232762,1.311803,-0.2570314,-3.177226,0.02262038,-0.02903518,0.004840397,0.9993108,2.607323,356.6824,0.4795261,0.3801562,-0.07547387,-0.9218376,0,0,0,0.8884305,-0.7541034,-1.14982,-0.3087,-0.4007999,2.069,0.998267,0.008360547,0.05824932,-0.01098769,0.9989297,0.04492849,-0.05781136,-0.04549066,0.9972906,static,-9.971861901195759,-11.214564145317153,-8.48607322893318,-10.963359028665995,-0.42337250000000004,-0.49707199999999996,2.027406,-0.16995447000213484,-0.19165432384390033,0.9666354152841703,-8.784481910359169,-11.897350056749731,1.472824240760464,1.506874908297142,0.9805034327789545
4282,05/07/2023 20:00:56.464443,4461,True,True,True,True,Eyes,1.307207,-0.2594226,-3.168611,-0.2235309,-0.2369604,0.9454542,0.0,0.0,0.0,0.0,0.0,0.0,0.0,-1.122574,0.4179751,3.232113,1.311746,-0.2572638,-3.177195,0.02313398,-0.02896104,0.005063439,0.9993001,2.66687,356.6917,0.5035985,0.3801675,-0.07547334,-0.921833,0,0,0,0.8889008,-0.7565926,-1.150234,-0.3087,-0.4007999,2.069,0.9982712,0.00877982,0.05811582,-0.01145976,0.9988784,0.04594229,-0.05764727,-0.04652886,0.9972522,static,-9.989187133536602,-11.158449829865399,-8.48607322893318,-10.963359028665995,-0.42284520000000003,-0.49932879999999996,2.026961,-0.17027911041581814,-0.19069668444362678,0.9667676752037254,-8.801848594531542,-11.84024029322639,1.483223119319104,1.5157215545491103,0.9320058120289908
4283,05/07/2023 20:00:56.484475,4462,True,True,True,True,Eyes,1.307257,-0.2594203,-3.168609,-0.223612,-0.237099,0.9454004,0.0,0.0,0.0,0.0,0.0,0.0,0.0,-1.122755,0.4225358,3.231543,1.311759,-0.2572308,-3.177279,0.02380937,-0.02892139,0.005174257,0.9992847,2.744599,356.6967,0.514191,0.3801789,-0.07547291,-0.9218283,0,0,0,0.8892077,-0.7593939,-1.150957,-0.3087001,-0.4007999,2.069,0.9982736,0.008963912,0.05804779,-0.01171831,0.9988127,0.04728538,-0.05755501,-0.04788397,0.9971933,static,-9.998272272178053,-11.08753253099108,-8.486075937878136,-10.963359028665995,-0.42255129999999985,-0.5021631,2.026322,-0.1704728726330181,-0.18949351194972955,0.9669702101359507,-8.811270881162415,-11.768238993617967,1.4869857458779152,1.5172860020937993,0.8680918782702401
4284,05/07/2023 20:00:56.504672,4463,True,True,True,True,Eyes,1.307348,-0.2594132,-3.168607,-0.2237052,-0.2372076,0.945351,0.0,0.0,0.0,0.0,0.0,0.0,0.0,-1.123862,0.4244003,3.230948,1.311756,-0.2570952,-3.177327,0.02418193,-0.02876589,0.005017388,0.999281,2.78669,356.7143,0.4954174,0.3801904,-0.07547242,-0.9218236,0,0,0,0.8897132,-0.7606623,-1.151247,-0.3087,-0.4007999,2.069,0.9982947,0.008636331,0.05773308,-0.01141879,0.9987801,0.04804042,-0.05724776,-0.04861774,0.9971755,static,-10.016237134143982,-11.05588758691946,-8.48607322893318,-10.963359028665995,-0.42204279999999994,-0.5035670999999999,2.0260800000000003,-0.17079429510271973,-0.18894872338528904,0.967019991467206,-8.829076965541153,-11.735921346398221,1.5033944709548628,1.5329589397314065,0.8452834424657938
4285,05/07/2023 20:00:56.524102,4464,True,True,True,True,Eyes,1.307431,-0.2594121,-3.168609,-0.2237926,-0.2373028,0.9453065,0.0,0.0,0.0,0.0,0.0,0.0,0.0,-1.124512,0.423891,3.230816,1.311688,-0.256977,-3.177392,0.02421872,-0.02868215,0.004759831,0.9992839,2.79002,356.7232,0.4660029,0.3802031,-0.07547171,-0.9218184,0,0,0,0.8897545,-0.7605065,-1.15128,-0.3087001,-0.4007999,2.069,0.9983094,0.008123554,0.05755377,-0.01090213,0.9987816,0.04812971,-0.05709267,-0.0486758,0.9971815,static,-10.024888581032714,-11.063739035571814,-8.486075937878136,-10.963359028665995,-0.42193349999999996,-0.5035295,2.0261120000000004,-0.17093604039557478,-0.18907653344171557,0.9669700410252616,-8.837476416587538,-11.743761601132235,1.512106851999569,1.5420831678345994,0.8558682559536385
4286,05/07/2023 20:00:56.534159,4465,True,True,True,True,Eyes,1.307473,-0.2594102,-3.168612,-0.2238717,-0.2373691,0.9452711,0.0,0.0,0.0,0.0,0.0,0.0,0.0,-1.124254,0.4234534,3.231018,1.311575,-0.2571239,-3.177483,0.02406886,-0.02868756,0.004912312,0.9992865,2.773352,356.7229,0.4839576,0.3802166,-0.07547096,-0.9218129,0,0,0,0.8897515,-0.7601535,-1.151225,-0.3087,-0.4008,2.069,0.9983058,0.00843666,0.05757065,-0.01119857,0.9987931,0.04782153,-0.05709772,-0.04838522,0.9971954,static,-10.033717342064156,-11.08147866696412,-8.48607322893318,-10.963361697755134,-0.4218234999999999,-0.5030296000000001,2.0262580000000003,-0.17107514006724778,-0.1893712680558075,0.9668877388181201,-8.845974072322266,-11.761621563981587,1.5214236626032218,1.552144941467801,0.8756411542978373
4287,05/07/2023 20:00:56.554659,4466,True,True,True,True,Eyes,1.307513,-0.2594077,-3.168619,-0.2239484,-0.2374208,0.9452399,0.0,0.0,0.0,0.0,0.0,0.0,0.0,-1.123209,0.4222012,3.231588,1.311532,-0.2571331,-3.177543,0.02377363,-0.02881487,0.005167831,0.9992887,2.740429,356.7089,0.513864,0.3802297,-0.07547019,-0.9218075,0,0,0,0.8894073,-0.7591455,-1.151095,-0.3087001,-0.4008,2.069,0.998286,0.008958241,0.05783447,-0.01169838,0.9988163,0.04721563,-0.05734304,-0.04781127,0.9972091,static,-10.031720334144087,-11.112108255971043,-8.486075937878136,-10.963361697755134,-0.4221246999999999,-0.5020124,2.0264480000000002,-0.17102398589719423,-0.18988982959081552,0.9667950349236475,-8.843788615353862,-11.79269315952021,1.5210774144999328,1.5527852840265504,0.9031882600544863
4288,05/07/2023 20:00:56.574587,4467,True,True,True,True,Eyes,1.307554,-0.2594039,-3.168623,-0.2240304,-0.2374044,0.9452246,0.0,0.0,0.0,0.0,0.0,0.0,0.0,-1.122619,0.4210442,3.231958,1.311536,-0.2570893,-3.177559,0.02348746,-0.02887566,0.005462073,0.9992923,2.708641,356.7026,0.5483676,0.3802424,-0.07546938,-0.9218023,0,0,0,0.8894163,-0.7581491,-1.150875,-0.3087001,-0.4008,2.069,0.9982727,0.009559982,0.05796701,-0.01227285,0.998837,0.04662623,-0.05745385,-0.04725711,0.9972291,static,-10.038313808520362,-11.136999660941909,-8.486075937878136,-10.963361697755134,-0.4221197,-0.5010597999999999,2.026684,-0.17112117829716048,-0.19030656578058633,0.9666959020641757,-8.850046305672262,-11.81783213521383,1.5292630399919447,1.5619195079502546,0.9287594721579138
4289,05/07/2023 20:00:56.594291,4468,True,True,True,True,Eyes,1.307595,-0.2594037,-3.168625,-0.2241068,-0.2373854,0.9452113,0.0,0.0,0.0,0.0,0.0,0.0,0.0,-1.122447,0.4196109,3.232143,1.311491,-0.2570609,-3.177517,0.02316957,-0.02886898,0.005721935,0.9992984,2.673072,356.704,0.5792172,0.3802549,-0.0754685,-0.9217973,0,0,0,0.8896186,-0.7570135,-1.150508,-0.3087,-0.4007999,2.069,0.9982677,0.01009808,0.05796259,-0.0127736,0.9988609,0.04597624,-0.05743229,-0.04663699,0.9972595,static,-10.05160156219559,-11.166368423407961,-8.48607322893318,-10.963359028665995,-0.4218723999999999,-0.4999526,2.0270089999999996,-0.17132882177909733,-0.19079507005982496,0.9665628606850888,-8.862815433968233,-11.847418163394677,1.5447596905279717,1.5786360494429612,0.9609865986328325
4290,05/07/2023 20:00:56.620083,4469,True,True,True,True,Eyes,1.307658,-0.2594005,-3.168624,-0.2241991,-0.2373814,0.9451904,0.0,0.0,0.0,0.0,0.0,0.0,0.0,-1.122233,0.41964,3.232182,1.3115,-0.2571493,-3.177475,0.02308343,-0.028882,0.005924984,0.9992987,2.663881,356.703,0.6027417,0.3802671,-0.07546765,-0.9217923,0,0,0,0.8897531,-0.7568982,-1.150389,-0.3087001,-0.4008,2.069,0.9982615,0.01050827,0.05799701,-0.01317505,0.9988641,0.04579224,-0.05744993,-0.04647674,0.9972659,static,-10.06105450736336,-11.171452276712863,-8.486075937878136,-10.963361697755134,-0.42174690000000015,-0.49974889999999994,2.0270859999999997,-0.17148555199671167,-0.19087554637590784,0.9665191612228965,-8.87201960570833,-11.852442446607732,1.5544503735818154,1.5886658501361097,0.969235313388095
4291,05/07/2023 20:00:56.624272,4470,True,True,True,True,Eyes,1.30772,-0.2594034,-3.16862,-0.2242815,-0.2373973,0.9451668,0.0,0.0,0.0,0.0,0.0,0.0,0.0,-1.121852,0.4203832,3.232219,1.311473,-0.2570922,-3.177492,0.0231488,-0.02891977,0.006081718,0.9992952,2.67191,356.6991,0.6203946,0.3802797,-0.07546675,-0.9217871,0,0,0,0.8897176,-0.7572218,-1.150502,-0.3087001,-0.4007999,2.069,0.9982533,0.01081595,0.05808033,-0.01349378,0.9988543,0.04591319,-0.0575172,-0.04661672,0.9972556,static,-10.065229506009784,-11.161393062609262,-8.486075937878136,-10.963359028665995,-0.4217554000000001,-0.5001296,2.02699,-0.17156182143858048,-0.19070327404259987,0.9665395759129005,-8.87617826755712,-11.842190258786163,1.5575698718123219,1.591522375068211,0.9615217931256158
4292,05/07/2023 20:00:56.634473,4471,True,True,True,True,Eyes,1.307805,-0.2594052,-3.168615,-0.224383,-0.2373759,0.9451481,0.0,0.0,0.0,0.0,0.0,0.0,0.0,-1.12263,0.4221372,3.231623,1.311534,-0.2572218,-3.177358,0.02344417,-0.02882062,0.005975485,0.9992918,2.705341,356.7103,0.6075169,0.3802926,-0.07546598,-0.9217818,0,0,0,0.8901015,-0.7584779,-1.150579,-0.3087,-0.4007999,2.069,0.9982674,0.01059115,0.05788059,-0.01329386,0.9988293,0.04651069,-0.05732023,-0.04719956,0.9972395,static,-10.078398877017461,-11.12940894258152,-8.48607322893318,-10.963359028665995,-0.4214325,-0.5012561,2.026779,-0.17180256873903704,-0.190155599304502,0.9666047304618545,-8.88929803701263,-11.809593994390092,1.5678476914865564,1.600960194214204,0.9373920540866416
4293,05/07/2023 20:00:56.654647,4472,True,True,True,True,Eyes,1.307888,-0.2594,-3.168612,-0.2244864,-0.2373453,0.9451312,0.0,0.0,0.0,0.0,0.0,0.0,0.0,-1.122467,0.423043,3.23156,1.311566,-0.2571988,-3.177345,0.02355216,-0.0288401,0.006073334,0.9992881,2.718048,356.7084,0.618329,0.3803064,-0.07546528,-0.9217762,0,0,0,0.8901482,-0.7589663,-1.150689,-0.3087001,-0.4007999,2.069,0.9982627,0.01077953,0.05792521,-0.01349651,0.9988168,0.04672047,-0.05735305,-0.04742109,0.9972271,static,-10.084087430853263,-11.113148245588672,-8.486075937878136,-10.963359028665995,-0.42141780000000006,-0.5017674999999999,2.026656,-0.17190794787589855,-0.18987771747536047,0.9666405900302005,-8.894983752068311,-11.793035761648719,1.5723494384680263,1.6050163678875375,0.9249697734297453
4294,05/07/2023 20:00:56.674704,4473,True,True,True,True,Eyes,1.30797,-0.2593959,-3.168612,-0.2245795,-0.2372462,0.945134,0.0,0.0,0.0,0.0,0.0,0.0,0.0,-1.12203,0.4220184,3.231924,1.311612,-0.2570259,-3.177419,0.02341999,-0.02891511,0.006068476,0.9992891,2.702935,356.6997,0.6180009,0.3803209,-0.07546443,-0.9217703,0,0,0,0.8898775,-0.7582517,-1.150695,-0.3087,-0.4008,2.069,0.9982542,0.01077394,0.05807335,-0.0134827,0.9988294,0.04645573,-0.05750485,-0.04715761,0.9972308,static,-10.08134490492193,-11.1222868825569,-8.48607322893318,-10.963361697755134,-0.4217345,-0.5012258,2.0267239999999997,-0.17185640392095078,-0.19003363513957033,0.9666191510298613,-8.892232718924433,-11.802335441237128,1.57024305798259,1.6031684049332544,0.9321171994776971
4295,05/07/2023 20:00:56.684754,4474,True,True,True,True,Eyes,1.308049,-0.2593909,-3.168609,-0.2246733,-0.2371405,0.9451383,0.0,0.0,0.0,0.0,0.0,0.0,0.0,-1.121745,0.4195953,3.23242,1.311689,-0.2570567,-3.177468,0.02311972,-0.02899478,0.00584738,0.9992951,2.667849,356.6898,0.5934252,0.380336,-0.07546349,-0.9217641,0,0,0,0.8894138,-0.7568979,-1.150515,-0.3087,-0.4007999,2.069,0.9982502,0.01034581,0.05821906,-0.01302722,0.9988626,0.04586776,-0.05767831,-0.04654593,0.9972495,static,-10.073702087118557,-11.155120530312052,-8.48607322893318,-10.963359028665995,-0.4222752000000001,-0.4998412,2.0269530000000002,-0.17170852275680243,-0.19059253125826592,0.966535454518495,-8.884510196458859,-11.835717654826494,1.565275039501364,1.599167866378185,0.9590420166643866
4296,05/07/2023 20:00:56.704607,4475,True,True,True,True,Eyes,1.308131,-0.2593922,-3.168606,-0.2247658,-0.2370365,0.9451424,0.0,0.0,0.0,0.0,0.0,0.0,0.0,-1.122216,0.4185328,3.232302,1.311717,-0.2570467,-3.177364,0.02304696,-0.02895303,0.005608027,0.9992993,2.658697,356.694,0.5663365,0.3803516,-0.07546243,-0.9217578,0,0,0,0.8893922,-0.756417,-1.150305,-0.3087,-0.4007999,2.069,0.9982606,0.009873637,0.05812398,-0.01254276,0.9988748,0.04573689,-0.05760699,-0.04638637,0.9972611,static,-10.078189785349975,-11.162981330118845,-8.48607322893318,-10.963359028665995,-0.42232480000000006,-0.4993703,2.027059,-0.1717798019464512,-0.19072273018174665,0.9664971098223257,-8.888838382618802,-11.843623957230674,1.570345340675061,1.604582248578679,0.9680320828796865
4297,05/07/2023 20:00:56.714277,4476,True,True,True,True,Eyes,1.30821,-0.2593917,-3.168598,-0.2248598,-0.2369539,0.9451407,0.0,0.0,0.0,0.0,0.0,0.0,0.0,-1.121852,0.4190649,3.232395,1.311659,-0.2571868,-3.177413,0.02313453,-0.02900689,0.005537797,0.9992962,2.668528,356.6877,0.5578539,0.3803677,-0.07546145,-0.9217513,0,0,0,0.8890553,-0.7568635,-1.150487,-0.3087001,-0.4007999,2.069,0.9982558,0.009725677,0.05822916,-0.01240992,0.9988682,0.04591522,-0.05771671,-0.04655776,0.9972468,static,-10.075225563550271,-11.149628003620013,-8.486075937878136,-10.963359028665995,-0.4226036999999999,-0.49967670000000003,2.026926,-0.1717373940169157,-0.19049889356960134,0.9665487376344641,-8.886041561028357,-11.830130034049663,1.5662935990268865,1.6000289571768096,0.9546017365769667
4298,05/07/2023 20:00:56.734547,4477,True,True,True,True,Eyes,1.308275,-0.2593928,-3.168592,-0.2249295,-0.2368254,0.9451563,0.0,0.0,0.0,0.0,0.0,0.0,0.0,-1.121642,0.4203417,3.23219,1.311683,-0.257139,-3.177293,0.0233829,-0.02905485,0.005430627,0.9992895,2.696656,356.6819,0.5446212,0.3803842,-0.07546051,-0.9217445,0,0,0,0.888799,-0.7577505,-1.150657,-0.3087,-0.4007999,2.069,0.9982526,0.009494763,0.05832238,-0.01221231,0.9988475,0.046417,-0.05781445,-0.04704814,0.9972181,static,-10.069581217728775,-11.116005818263194,-8.48607322893318,-10.963359028665995,-0.4228839999999999,-0.5006115,2.026636,-0.1716613015324311,-0.18993422554157852,0.9666733517632584,-8.880778270984338,-11.796129125324226,1.5583415628889676,1.590848387796211,0.9215737106215475
4299,05/07/2023 20:00:56.754493,4478,True,True,True,True,Eyes,1.308336,-0.2593915,-3.168588,-0.2250001,-0.2367087,0.9451688,0.0,0.0,0.0,0.0,0.0,0.0,0.0,-1.121072,0.4213381,3.232299,1.3117,-0.2571778,-3.177324,0.02353514,-0.0291456,0.005422353,0.9992834,2.714121,356.6716,0.5429241,0.3804007,-0.07545965,-0.9217378,0,0,0,0.8884459,-0.7584046,-1.150918,-0.3087,-0.4007999,2.069,0.9982423,0.009465043,0.05850466,-0.01220882,0.9988334,0.04672047,-0.05799419,-0.04735262,0.9971933,static,-10.06206719687244,-11.091635185634345,-8.48607322893318,-10.963359028665995,-0.4232541000000001,-0.5012268,2.0264059999999997,-0.17154829234623953,-0.18952683592180952,0.9667734357168162,-8.873616537960553,-11.77153048258254,1.5496475200029005,1.5812057928769112,0.8962872950664137
4300,05/07/2023 20:00:56.764862,4479,True,True,True,True,Eyes,1.308367,-0.2593884,-3.168581,-0.225034,-0.2365621,0.9451974,0.0,0.0,0.0,0.0,0.0,0.0,0.0,-1.121109,0.4218958,3.232119,1.311699,-0.2570808,-3.177236,0.02365541,-0.02914526,0.005376716,0.9992808,2.727749,356.6715,0.5372953,0.3804172,-0.07545879,-0.9217311,0,0,0,0.8884112,-0.7587646,-1.15095,-0.3087001,-0.4007999,2.069,0.9982433,0.009366809,0.05850296,-0.01212458,0.998823,0.04696338,-0.05799421,-0.0475902,0.997182,static,-10.06190115290982,-11.070244114144321,-8.486075937878136,-10.963359028665995,-0.4232878,-0.5016838,2.0262860000000003,-0.1715576566415643,-0.18916556401656087,0.9668424965407353,-8.873616795587976,-11.749851927156017,1.5486053843964476,1.5794459566023034,0.8767890258036514
4301,05/07/2023 20:00:56.784681,4480,True,True,True,True,Eyes,1.308398,-0.2593858,-3.168578,-0.2250748,-0.2364152,0.9452244,0.0,0.0,0.0,0.0,0.0,0.0,0.0,-1.120471,0.421491,3.232408,1.311665,-0.2570687,-3.177267,0.02361308,-0.02924364,0.005325203,0.9992793,2.72278,356.6601,0.5312616,0.3804329,-0.07545792,-0.9217247,0,0,0,0.8879266,-0.7585428,-1.151022,-0.3087,-0.4007999,2.069,0.9982328,0.009261662,0.05869661,-0.01202379,0.9988282,0.04688066,-0.05819363,-0.04750358,0.9971745,static,-10.051589833413457,-11.067153161446607,-8.48607322893318,-10.963359028665995,-0.42373840000000007,-0.5014741,2.0262450000000003,-0.17138520806565258,-0.1891191595095325,0.9668821193424463,-8.863558180461453,-11.746859200297267,1.5383965402246207,1.5689536197425145,0.8696938585367481
4302,05/07/2023 20:00:56.804440,4481,True,True,True,True,Eyes,1.308463,-0.2593826,-3.168576,-0.2251599,-0.2362402,0.9452479,0.0,0.0,0.0,0.0,0.0,0.0,0.0,-1.119761,0.4210764,3.232737,1.311668,-0.2570805,-3.177294,0.02352662,-0.02934807,0.005375886,0.9992779,2.713099,356.6482,0.5370753,0.3804478,-0.07545705,-0.9217186,0,0,0,0.8875457,-0.7582396,-1.151052,-0.3087,-0.4007999,2.069,0.9982195,0.009363085,0.0589067,-0.01212493,0.9988352,0.04670372,-0.05840079,-0.04733481,0.9971704,static,-10.04585805207785,-11.06514026053592,-8.48607322893318,-10.963359028665995,-0.42412230000000006,-0.5011591,2.026242,-0.17128951786726618,-0.1890883876001482,0.9669051079925247,-8.857969111031554,-11.744896908437829,1.5327123333235775,1.563102080375243,0.8655102568080765
4303,05/07/2023 20:00:56.824640,4482,True,True,True,True,Eyes,1.308527,-0.2593817,-3.16857,-0.2252356,-0.2360646,0.9452738,0.0,0.0,0.0,0.0,0.0,0.0,0.0,-1.119332,0.4203378,3.233073,1.311621,-0.2570762,-3.177406,0.02340148,-0.02940364,0.005400856,0.9992791,2.698874,356.6418,0.5402043,0.3804628,-0.07545611,-0.9217125,0,0,0,0.8872889,-0.7577437,-1.151086,-0.3087,-0.4007999,2.069,0.9982125,0.009417746,0.05901765,-0.0121701,0.9988464,0.0464516,-0.0585121,-0.04708682,0.9971756,static,-10.044708889948364,-11.068253897151676,-8.48607322893318,-10.963359028665995,-0.4243320999999999,-0.5006675,2.02632,-0.17126834668837662,-0.18914165059473426,0.9668985041253758,-8.856821824077793,-11.748068331778803,1.5316879893033053,1.5621613416106768,0.8678843305380589
4304,05/07/2023 20:00:56.834588,4483,True,True,True,True,Eyes,1.308561,-0.2593846,-3.168569,-0.225227,-0.2358348,0.9453332,0.0,0.0,0.0,0.0,0.0,0.0,0.0,-1.119646,0.4198753,3.232957,1.311654,-0.2571326,-3.17732,0.02327722,-0.02934911,0.00551664,0.999283,2.684997,356.6484,0.5540389,0.380478,-0.0754552,-0.9217063,0,0,0,0.8876437,-0.7573775,-1.150828,-0.3087,-0.4007999,2.069,0.9982163,0.009659038,0.05891295,-0.0123917,0.9988554,0.04619724,-0.0583993,-0.04684487,0.9971936,static,-10.053074987855142,-11.066195448869303,-8.48607322893318,-10.963359028665995,-0.42401030000000006,-0.5002449,2.026492,-0.17141085404250736,-0.18910215454930607,0.9668809687358152,-8.865017602141128,-11.74586833787776,1.53982137794354,1.5703725168840537,0.8694364019231299
4305,05/07/2023 20:00:56.854947,4484,True,True,True,True,Eyes,1.308595,-0.2593857,-3.168564,-0.2252088,-0.2356236,0.9453901,0.0,0.0,0.0,0.0,0.0,0.0,0.0,-1.119347,0.4197945,3.233112,1.311668,-0.2571477,-3.177354,0.02326703,-0.0293985,0.005502848,0.9992819,2.68381,356.6427,0.552359,0.3804925,-0.07545444,-0.9217003,0,0,0,0.8874428,-0.7573413,-1.150895,-0.3087001,-0.4007999,2.069,0.9982108,0.009629759,0.05901084,-0.01236582,0.9988568,0.04617709,-0.0584987,-0.04682419,0.9971887,static,-10.045339611901722,-11.054799704197663,-8.486075937878136,-10.963359028665995,-0.4242252000000001,-0.5001936,2.026459,-0.17128661734590672,-0.18891396958679546,0.96693967364338,-8.857540801962783,-11.734423334004296,1.5319060984826762,1.561942573294941,0.855877507717233
4306,05/07/2023 20:00:56.874687,4485,True,True,True,True,Eyes,1.308651,-0.2593872,-3.168559,-0.2251955,-0.2353846,0.9454529,0.0,0.0,0.0,0.0,0.0,0.0,0.0,-1.120345,0.4207679,3.232611,1.311706,-0.2571833,-3.177307,0.02343255,-0.02925556,0.005454841,0.9992824,2.702534,356.659,0.5466903,0.3805065,-0.07545377,-0.9216946,0,0,0,0.8880278,-0.758016,-1.150891,-0.3087,-0.4007999,2.069,0.9982287,0.009530788,0.05872477,-0.01227292,0.9988423,0.04651229,-0.05821349,-0.04715063,0.99719,static,-10.058004435025985,-11.023208732671744,-8.48607322893318,-10.963359028665995,-0.4236782,-0.5008327,2.0264159999999998,-0.17151850947106737,-0.1883731065734066,0.967004179352151,-8.870164250358771,-11.702232398194782,1.543862238145018,1.573070152204904,0.8327423184506592
4307,05/07/2023 20:00:56.884872,4486,True,True,True,True,Eyes,1.308705,-0.2593867,-3.168553,-0.2251776,-0.2351624,0.9455124,0.0,0.0,0.0,0.0,0.0,0.0,0.0,-1.120845,0.4213037,3.232364,1.311634,-0.2572009,-3.177331,0.02352351,-0.02916965,0.005429276,0.999283,2.712824,356.6688,0.5436909,0.3805206,-0.07545318,-0.9216889,0,0,0,0.8882877,-0.7583854,-1.150933,-0.3087001,-0.4008,2.069,0.9982393,0.009478419,0.05855291,-0.01222311,0.9988343,0.04669654,-0.05804204,-0.04733002,0.9971915,static,-10.064882294361112,-11.000395007505404,-8.486075937878136,-10.963361697755134,-0.42334629999999995,-0.5011844999999999,2.0263980000000004,-0.1716476167608169,-0.18798375428014105,0.9670569829417272,-8.877062648967895,-11.67901621895185,1.5506686329718786,1.5792406331215363,0.815494942938389
4610,05/07/2023 20:01:01.934602,4789,True,True,True,True,Eyes,1.303595,-0.256974,-3.168099,-0.08184654,0.1149648,0.989992,0.0,0.0,0.0,0.0,0.0,0.0,0.0,-1.125904,0.4125405,3.231556,1.311702,-0.2574647,-3.177099,0.02195436,-0.02836031,0.005856342,0.9993395,2.533981,356.7621,0.5998933,0.379251,-0.07484996,-0.9222612,0,0,0,1.187396,0.0495901,-1.054076,-2.980232e-08,0.4008,2.111,0.9983228,0.01045968,0.05694032,-0.01295021,0.9989673,0.04354754,-0.05642603,-0.04421189,0.9974274,static,-1.40087283572648,9.152576415360222,-8.088806990517875e-07,10.750370096520475,-0.12430600000000003,0.30705479999999996,2.123023,-0.02413633097673354,0.1590177372233218,0.986980606794464,-0.5588419961339582,8.629213463678166,2.113115704652526,2.124944018828411,2.193537994569858
4611,05/07/2023 20:01:01.954777,4790,True,True,True,True,Eyes,1.303665,-0.2569578,-3.168092,-0.08113162,0.1164782,0.989874,0.0,0.0,0.0,0.0,0.0,0.0,0.0,-1.126313,0.4127969,3.231289,1.311688,-0.2574935,-3.177008,0.02197634,-0.02829173,0.005894199,0.9993407,2.536581,356.7701,0.6043364,0.3792714,-0.07484505,-0.9222533,0,0,0,1.187646,0.04946448,-1.053956,-1.192093e-07,0.4008,2.111,0.9983297,0.01053713,0.05680523,-0.01302412,0.9989646,0.04359019,-0.05628709,-0.04425722,0.9974332,static,-1.3665284779683922,9.242162831945189,-3.235523339037838e-06,10.750370096520475,-0.12404199999999999,0.30695797999999996,2.123052,-0.02353874474801628,0.1605630618793748,0.9867448897109486,-0.5259420879331537,8.719546706969984,2.023242209073779,2.0352101589656977,2.0978215643899505
4612,05/07/2023 20:01:01.974750,4791,True,True,True,True,Eyes,1.30373,-0.2569414,-3.168087,-0.08039708,0.1180687,0.9897455,0.0,0.0,0.0,0.0,0.0,0.0,0.0,-1.12598,0.4129305,3.231366,1.311672,-0.2575035,-3.176992,0.02195135,-0.02832852,0.00601081,0.9993396,2.534116,356.7662,0.6176904,0.3792915,-0.07484012,-0.9222453,0,0,0,1.187391,0.04954491,-1.053967,-1.490116e-07,0.4008,2.111,0.9983227,0.01076998,0.05688352,-0.01325738,0.9989641,0.04353315,-0.05635574,-0.04421426,0.9974313,static,-1.3176069925694778,9.331172733241466,-4.044403495258931e-06,10.750370096520475,-0.12428099999999986,0.30704841,2.1230249999999997,-0.02269043976910904,0.1620989728060693,0.9865136238900948,-0.47878470061347367,8.80909757719459,1.924637069041371,1.9365429726586965,1.999442400033251
4613,05/07/2023 20:01:01.984838,4792,True,True,True,True,Eyes,1.303789,-0.256927,-3.168089,-0.07969031,0.1196071,0.9896179,0.0,0.0,0.0,0.0,0.0,0.0,0.0,-1.125648,0.4123842,3.231573,1.311701,-0.2575083,-3.177001,0.02185059,-0.02838038,0.006048598,0.9993402,2.522726,356.7603,0.6222146,0.3793114,-0.07483517,-0.9222376,0,0,0,1.187173,0.04996248,-1.054051,-1.788139e-07,0.4008,2.111,0.9983159,0.01084896,0.05698764,-0.01332947,0.9989719,0.04332901,-0.05645898,-0.04401565,0.9974342,static,-1.269804548848858,9.408051521613293,-4.853283651480022e-06,10.750370096520475,-0.12452799999999997,0.30747078,2.1229500000000003,-0.021862523552082458,0.16342552832083107,0.9863133977776578,-0.43262926180168837,8.886368223435454,1.8359882573572628,1.84775821562193,1.9135482386681681
4614,05/07/2023 20:01:02.004595,4793,True,True,True,True,Eyes,1.303828,-0.2569118,-3.168095,-0.07900102,0.1212052,0.9894787,0.0,0.0,0.0,0.0,0.0,0.0,0.0,-1.125624,0.4115068,3.231847,1.311641,-0.2575856,-3.177176,0.02173632,-0.02838351,0.005954027,0.999343,2.50933,356.7596,0.6117336,0.3793307,-0.07483024,-0.92223,0,0,0,1.187166,0.05038326,-1.054295,-1.341105e-07,0.4008,2.111,0.9983178,0.01066632,0.05698856,-0.01313413,0.9989842,0.04310608,-0.05647088,-0.04378207,0.9974438,static,-1.2308046476406758,9.486152812095451,-3.639964774225114e-06,10.750370096520475,-0.12447500000000011,0.30796886,2.1228809999999996,-0.021186345478905952,0.16477224076934388,0.986104054782693,-0.3950899893529115,8.964997524259312,1.752638745376865,1.7644025795534866,1.828564586022405
4615,05/07/2023 20:01:02.024661,4794,True,True,True,True,Eyes,1.303872,-0.2568849,-3.168101,-0.07835877,0.1227854,0.9893349,0.0,0.0,0.0,0.0,0.0,0.0,0.0,-1.124178,0.4108877,3.232518,1.311658,-0.2575348,-3.177264,0.02154444,-0.0285808,0.006222284,0.9993399,2.488343,356.7376,0.6426094,0.3793491,-0.07482532,-0.9222229,0,0,0,1.186157,0.05121063,-1.054557,-8.940697e-08,0.4008,2.111,0.9982888,0.01120484,0.05739199,-0.01366787,0.9989943,0.04270476,-0.05685576,-0.04341612,0.9974379,static,-1.1661244123125298,9.556241364924242,-2.426642368570707e-06,10.750370096520475,-0.12550100000000008,0.30874543,2.122707,-0.020069006183274906,0.16598221649171857,0.9859244567645103,-0.33238031284275904,9.035156655513932,1.6577465685321693,1.6690667790975138,1.7471211198553314
4616,05/07/2023 20:01:02.034493,4795,True,True,True,True,Eyes,1.303898,-0.2568564,-3.168104,-0.07771056,0.124404,0.9891838,0.0,0.0,0.0,0.0,0.0,0.0,0.0,-1.122719,0.4067683,3.233571,1.311819,-0.2572368,-3.177248,0.0209615,-0.0288372,0.006183166,0.9993454,2.421592,356.7078,0.6393915,0.3793666,-0.07482006,-0.922216,0,0,0,1.185257,0.05398597,-1.054965,-1.490116e-07,0.4008,2.111,0.9982604,0.01114929,0.05789585,-0.01356717,0.9990448,0.04153894,-0.05737741,-0.04225216,0.997458,static,-1.099362344231319,9.581996352368211,-4.044403495258931e-06,10.750370096520475,-0.12656200000000006,0.31122277,2.1222830000000004,-0.018918730604602908,0.16642911363025067,0.9858718518664142,-0.2672980651947504,9.060353443451985,1.5937511545258598,1.604271135882181,1.711023781599653
4617,05/07/2023 20:01:02.054524,4796,True,True,True,True,Eyes,1.303923,-0.2568362,-3.168097,-0.07704768,0.1259478,0.9890404,0.0,0.0,0.0,0.0,0.0,0.0,0.0,-1.122836,0.4034412,3.233922,1.311945,-0.2572069,-3.177172,0.02060133,-0.02888292,0.005775769,0.9993539,2.379012,356.7014,0.5937641,0.3793831,-0.07481448,-0.9222097,0,0,0,1.185478,0.05559918,-1.055116,-5.960464e-08,0.4007999,2.111,0.9982648,0.01035402,0.05796649,-0.01273413,0.9990845,0.04084239,-0.05749053,-0.04150967,0.9974827,static,-1.0623097380311575,9.627171942479933,-1.6177613981035745e-06,10.750367476802118,-0.12646699999999989,0.31280608,2.122056,-0.0182787310129424,0.16720839527936257,0.985752173059253,-0.2314125072707457,9.105637525186363,1.5356990049791146,1.5459840719465288,1.660929743705456
4618,05/07/2023 20:01:02.074557,4797,True,True,True,True,Eyes,1.303931,-0.256826,-3.168087,-0.07636712,0.1274219,0.9889043,0.0,0.0,0.0,0.0,0.0,0.0,0.0,-1.125828,0.4030684,3.232695,1.31192,-0.2573934,-3.17693,0.02074734,-0.02848224,0.005168641,0.9993657,2.393527,356.7459,0.5246562,0.3793985,-0.07480886,-0.9222038,0,0,0,1.187583,0.0548788,-1.05467,-1.788139e-07,0.4008,2.111,0.9983241,0.009148861,0.05714281,-0.01151258,0.9990857,0.04117392,-0.05671387,-0.04176278,0.9975166,static,-1.0792418914881095,9.725656976111864,-4.853283651480022e-06,10.750370096520475,-0.12433699999999992,0.3122722,2.12226,-0.018564603342109104,0.16890164570037552,0.9854580568231451,-0.24871694392207233,9.205686573416171,1.4769689703830522,1.4882169075003429,1.564578182955284
4619,05/07/2023 20:01:02.084832,4798,True,True,True,True,Eyes,1.30394,-0.2568164,-3.168079,-0.07571632,0.1287757,0.9887789,0.0,0.0,0.0,0.0,0.0,0.0,0.0,-1.127098,0.407202,3.231611,1.311819,-0.2576395,-3.176827,0.02137456,-0.02827494,0.005120697,0.9993587,2.465125,356.7699,0.5176432,0.3794128,-0.07480352,-0.9221983,0,0,0,1.188394,0.05197637,-1.054124,-1.490116e-07,0.4008,2.111,0.9983486,0.009026096,0.05673251,-0.01144355,0.9990338,0.04243213,-0.0562947,-0.04301128,0.9974873,static,-1.0662594556463565,9.875192409551742,-4.044403495258931e-06,10.750370096520475,-0.12342500000000012,0.30961587,2.1227029999999996,-0.018333044053770467,0.17147372142435358,0.9850180290058896,-0.2371598296074341,9.357071065864382,1.3672302207148737,1.379433429264575,1.4133382664043688
4620,05/07/2023 20:01:02.104877,4799,True,True,True,True,Eyes,1.303907,-0.2568029,-3.168074,-0.07506164,0.1300926,0.9886565,0.0,0.0,0.0,0.0,0.0,0.0,0.0,-1.126887,0.4132876,3.230952,1.311835,-0.2576433,-3.17686,0.02229519,-0.0282995,0.005198487,0.9993374,2.570868,356.7676,0.5235415,0.3794259,-0.07479846,-0.9221933,0,0,0,1.188253,0.04804745,-1.053598,-1.490116e-08,0.4008,2.111,0.9983442,0.009128199,0.05679329,-0.01165197,0.9989518,0.0442666,-0.05632969,-0.04485506,0.9974041,static,-1.0242366895240798,10.05668256750459,-4.0444034952589373e-07,10.750370096520475,-0.12358200000000008,0.30569075,2.123262,-0.017600790142467234,0.17459531109619497,0.9844829601857433,-0.19745082817406978,9.540448556212237,1.224022187100773,1.237037734102839,1.2259269160657524
4621,05/07/2023 20:01:02.114776,4800,True,True,True,True,Eyes,1.303876,-0.2567849,-3.168079,-0.07442914,0.1313589,0.9885368,0.0,0.0,0.0,0.0,0.0,0.0,0.0,-1.127429,0.4166935,3.230354,1.311834,-0.2575237,-3.176899,0.0228424,-0.0282131,0.005208839,0.9993274,2.633552,356.7777,0.5231981,0.379437,-0.07479354,-0.9221892,0,0,0,1.188611,0.04584009,-1.053282,-1.639128e-07,0.4008,2.111,0.9983538,0.009121759,0.05662621,-0.01169958,0.9989022,0.04536016,-0.05615028,-0.04594798,0.9973645,static,-0.9973346541935193,10.192251585825288,-4.448844930446206e-06,10.750370096520475,-0.12322299999999986,0.30336379,2.1236170000000003,-0.01713130162496654,0.17692566058024622,0.9840750436717048,-0.17217735953698654,9.677488344312678,1.1291565566427235,1.14287523837087,1.0866088373451819
4622,05/07/2023 20:01:02.134692,4801,True,True,True,True,Eyes,1.30382,-0.2567677,-3.168088,-0.07384,0.1326789,0.9884048,0.0,0.0,0.0,0.0,0.0,0.0,0.0,-1.12761,0.4158352,3.230618,1.311841,-0.2573999,-3.177127,0.02282065,-0.0282108,0.004960167,0.9993291,2.630258,356.7773,0.4947666,0.3794461,-0.07478861,-0.9221858,0,0,0,1.188803,0.0460879,-1.053517,-2.980232e-08,0.4008,2.111,0.9983591,0.008626102,0.05661014,-0.01120126,0.9989092,0.04533082,-0.05615736,-0.04589054,0.9973667,static,-0.9678201411849597,10.264413541089416,-8.088806990517875e-07,10.750370096520475,-0.12303799999999998,0.30348780000000003,2.12361,-0.016620598024063772,0.17816648252680908,0.9838600230691339,-0.14386747749042728,9.75022673337622,1.0691447163552028,1.0829718527036079,1.0104377096973192
4623,05/07/2023 20:01:02.154612,4802,True,True,True,True,Eyes,1.303762,-0.2567532,-3.1681,-0.07328467,0.1339718,0.9882717,0.0,0.0,0.0,0.0,0.0,0.0,0.0,-1.127361,0.4133372,3.231077,1.311733,-0.2574296,-3.177222,0.0224627,-0.02824289,0.004861032,0.999337,2.588941,356.7733,0.4844659,0.3794529,-0.0747837,-0.9221835,0,0,0,1.188629,0.04759268,-1.053835,-1.639128e-07,0.4007999,2.111,0.9983574,0.008446794,0.05666671,-0.01098444,0.9989436,0.04462102,-0.05622994,-0.04517018,0.9973955,static,-0.933557086284766,10.297304154062502,-4.448844930446206e-06,10.750367476802118,-0.1231040000000001,0.30502228,2.123387,-0.01603056947660553,0.1787329555058769,0.983767040783299,-0.11061607473896551,9.783097338849313,1.0241707921763794,1.0376834301860731,0.9735740606436482
4624,05/07/2023 20:01:02.174438,4803,True,True,True,True,Eyes,1.303667,-0.2567425,-3.168115,-0.07275513,0.1352796,0.9881327,0.0,0.0,0.0,0.0,0.0,0.0,0.0,-1.126556,0.4118474,3.231579,1.311646,-0.2574851,-3.177284,0.02212656,-0.02832788,0.005108051,0.9993408,2.55127,356.764,0.5136437,0.3794574,-0.07477888,-0.922182,0,0,0,1.188007,0.0489338,-1.05413,-1.490116e-07,0.4008,2.111,0.9983429,0.00895577,0.05684447,-0.01146296,0.9989687,0.04393455,-0.05639238,-0.04451335,0.9974158,static,-0.8883884006722931,10.335284363781037,-4.044403495258931e-06,10.750370096520475,-0.12363900000000005,0.30641890000000005,2.1231540000000004,-0.015253173730747683,0.17938722379236777,0.9836603461347686,-0.06674014972224018,9.820978312177685,0.967528019366553,0.9805727560905222,0.9317847372419183
4625,05/07/2023 20:01:02.184821,4804,True,True,True,True,Eyes,1.303577,-0.2567326,-3.168126,-0.07224403,0.1365386,0.9879969,0.0,0.0,0.0,0.0,0.0,0.0,0.0,-1.125855,0.4117743,3.231799,1.31163,-0.257588,-3.177249,0.0219403,-0.02839012,0.005525463,0.999341,2.531315,356.7579,0.5619336,0.379459,-0.0747743,-0.9221817,0,0,0,1.187432,0.04956841,-1.054234,-8.940697e-08,0.4008,2.111,0.998327,0.009797865,0.05698527,-0.01228942,0.9989761,0.04353793,-0.05650035,-0.04416541,0.9974253,static,-0.843736253570814,10.388452762710436,-2.426642368570707e-06,10.750370096520475,-0.12419800000000003,0.30715641,2.1230150000000005,-0.014484111550563023,0.18030198722699123,0.9835045843740636,-0.023484738793787097,9.874260215009585,0.9053825491232363,0.9180800222287202,0.8764245224005336
4626,05/07/2023 20:01:02.204860,4805,True,True,True,True,Eyes,1.303497,-0.2567217,-3.168131,-0.07174349,0.1377545,0.9878647,0.0,0.0,0.0,0.0,0.0,0.0,0.0,-1.125753,0.4116549,3.231893,1.311666,-0.2575346,-3.177281,0.02185204,-0.0283901,0.005729568,0.9993418,2.521864,356.7584,0.5856146,0.3794581,-0.07476992,-0.9221824,0,0,0,1.187324,0.04997091,-1.054325,-8.940697e-08,0.4007999,2.111,0.9983224,0.01021083,0.05699323,-0.01269235,0.9989793,0.04334997,-0.05649242,-0.04400063,0.9974329,static,-0.8107379765882852,10.449332538054374,-2.426642368570707e-06,10.750367476802118,-0.12434199999999995,0.30750551,2.122956,-0.013914960232653935,0.18134839751226015,0.983320511702659,0.00831723244127791,9.935516276797005,0.8522267318031183,0.8648203086728282,0.8148936709025553
4627,05/07/2023 20:01:02.224611,4806,True,True,True,True,Eyes,1.303417,-0.2567093,-3.168132,-0.07125816,0.1389107,0.9877378,0.0,0.0,0.0,0.0,0.0,0.0,0.0,-1.126311,0.4117129,3.231591,1.31165,-0.2575061,-3.17719,0.02179566,-0.0282828,0.005915681,0.9993449,2.515944,356.7711,0.6074007,0.3794552,-0.07476573,-0.9221839,0,0,0,1.187629,0.05021765,-1.054246,-7.450581e-08,0.4008,2.111,0.9983302,0.01059073,0.05678642,-0.01305649,0.9989799,0.04322814,-0.05627068,-0.04389739,0.9974501,static,-0.7912561283752363,10.510415697496965,-2.022202019044814e-06,10.750370096520475,-0.12402099999999994,0.30772375,2.122944,-0.013577927397214213,0.1823974389977724,0.9831310612652647,0.026901681905598274,9.997162115486217,0.8141420679353977,0.8268380579936502,0.7536883122275504
4628,05/07/2023 20:01:02.234779,4807,True,True,True,True,Eyes,1.303328,-0.2566983,-3.16813,-0.07082842,0.1399992,0.9876151,0.0,0.0,0.0,0.0,0.0,0.0,0.0,-1.126928,0.4134821,3.230966,1.311575,-0.257481,-3.177035,0.02198934,-0.0281524,0.00614757,0.9993429,2.5388,356.7867,0.6336933,0.3794506,-0.07476167,-0.9221862,0,0,0,1.187943,0.04939239,-1.053946,4.470348e-08,0.4008,2.111,0.9983393,0.01104895,0.05653816,-0.01352516,0.9989574,0.04360364,-0.05599744,-0.04429592,0.9974478,static,-0.7767921978609783,10.59649000680372,1.2133210485776811e-06,10.750370096520475,-0.12363199999999996,0.30687339,2.1230890000000002,-0.013326012164056732,0.18387480853518626,0.9828593485409288,0.04038977790476517,10.084205781421115,0.7788987637617623,0.7918883037821978,0.6673875417333864
4629,05/07/2023 20:01:02.254818,4808,True,True,True,True,Eyes,1.303243,-0.2566919,-3.168135,-0.07041877,0.1410231,0.9874986,0.0,0.0,0.0,0.0,0.0,0.0,0.0,-1.127453,0.414564,3.230539,1.311562,-0.2574179,-3.176938,0.02215975,-0.02806724,0.006172396,0.9993414,2.55835,356.7967,0.636214,0.3794444,-0.07475777,-0.9221891,0,0,0,1.188275,0.04872964,-1.053724,-1.043081e-07,0.4008,2.111,0.9983482,0.01109273,0.05637106,-0.01358058,0.9989417,0.04394382,-0.05582394,-0.04463679,0.9974424,static,-0.7621686089948106,10.675153716777512,-2.831081903850562e-06,10.750370096520475,-0.12328699999999992,0.30614754,2.123214,-0.013071783660734172,0.1852246433481131,0.982609160792008,0.054090317145583655,10.163736303056606,0.7527437913700532,0.7658682502906254,0.589122462921735
4630,05/07/2023 20:01:02.274520,4809,True,True,True,True,Eyes,1.303172,-0.2566766,-3.168147,-0.0700008,0.1420164,0.987386,0.0,0.0,0.0,0.0,0.0,0.0,0.0,-1.127834,0.4172508,3.230187,1.311577,-0.257656,-3.177042,0.02246741,-0.02798755,0.006368253,0.9993355,2.594175,356.8065,0.6578957,0.3794365,-0.07475413,-0.9221926,0,0,0,1.18849,0.04715993,-1.053625,-1.043081e-07,0.4007999,2.111,0.9983523,0.01147043,0.05622405,-0.01398566,0.9989094,0.04454849,-0.05565174,-0.04526142,0.9974238,static,-0.7431465165448602,10.76855858414992,-2.831081903850562e-06,10.750367476802118,-0.12308699999999995,0.30481593,2.123417,-0.01274162410497132,0.18682707176863544,0.9823101237059121,0.07197952748167658,10.258147890245253,0.7302848912721667,0.7433662984222548,0.49745510484322875
4631,05/07/2023 20:01:02.284901,4810,True,True,True,True,Eyes,1.303105,-0.2566662,-3.168159,-0.06960492,0.1429895,0.9872736,0.0,0.0,0.0,0.0,0.0,0.0,0.0,-1.1265,0.4156633,3.231136,1.311674,-0.2573789,-3.177308,0.02230683,-0.02822022,0.006245165,0.9993333,2.575533,356.7794,0.643694,0.3794276,-0.07475045,-0.9221966,0,0,0,1.187689,0.04813016,-1.054043,-1.341105e-07,0.4008,2.111,0.9983292,0.01122299,0.05668142,-0.01374101,0.9989268,0.04423143,-0.05612419,-0.04493639,0.997412,static,-0.6955291864755881,10.805426249839163,-3.639964774225114e-06,10.750370096520475,-0.12398500000000001,0.30550906,2.123265,-0.011923776986380783,0.18746101478117155,0.9821996715205156,0.11825812402876323,10.294867982280921,0.6854094015908825,0.6977012009932455,0.4706038895924754
4632,05/07/2023 20:01:02.304875,4811,True,True,True,True,Eyes,1.303023,-0.2566525,-3.168163,-0.06918781,0.1439426,0.9871644,0.0,0.0,0.0,0.0,0.0,0.0,0.0,-1.126761,0.4143818,3.231122,1.311723,-0.2574648,-3.177192,0.02211631,-0.02819515,0.006186212,0.9993387,2.553499,356.782,0.6376089,0.3794178,-0.07474687,-0.9222009,0,0,0,1.187884,0.04886271,-1.054036,1.490116e-08,0.4008,2.111,0.9983335,0.0111171,0.05662665,-0.01361139,0.9989452,0.04385452,-0.05607939,-0.0445522,0.9974318,static,-0.6751114209479984,10.838231745487706,4.0444034952589373e-07,10.750370096520475,-0.12383900000000003,0.30632750999999997,2.123156,-0.011572493905185825,0.18802412977943425,0.9820962181885321,0.13797264769090534,10.32784042350285,0.6688658313737076,0.680805145499377,0.44448584284313414
4633,05/07/2023 20:01:02.324468,4812,True,True,True,True,Eyes,1.302944,-0.2566392,-3.168163,-0.06878678,0.1448581,0.9870585,0.0,0.0,0.0,0.0,0.0,0.0,0.0,-1.126177,0.4127084,3.231466,1.311692,-0.2574091,-3.177134,0.02198946,-0.02831642,0.005855564,0.99934,2.537974,356.7672,0.5998028,0.3794068,-0.07474331,-0.9222057,0,0,0,1.187573,0.04949749,-1.054078,-7.450581e-08,0.4008,2.111,0.9983278,0.01045807,0.05685298,-0.01294872,0.9989644,0.04361828,-0.05633794,-0.04428151,0.9974293,static,-0.6441014248153667,10.874830867636408,-2.022202019044814e-06,10.750370096520475,-0.12411900000000009,0.30690659,2.123056,-0.011039600906484509,0.188652566344913,0.9819818272676597,0.1680151117046892,10.36451396649314,0.6446614374654163,0.6560141187456593,0.42084998558381403
4634,05/07/2023 20:01:02.334659,4813,True,True,True,True,Eyes,1.302871,-0.2566305,-3.168161,-0.06846154,0.1456654,0.9869623,0.0,0.0,0.0,0.0,0.0,0.0,0.0,-1.126154,0.4123117,3.231426,1.311705,-0.2574071,-3.177028,0.02198579,-0.02833872,0.005704792,0.9993403,2.537078,356.7643,0.5824745,0.3793951,-0.07473978,-0.9222108,0,0,0,1.187598,0.04953394,-1.053977,-7.450581e-08,0.4007999,2.111,0.9983287,0.01015596,0.0568909,-0.01264815,0.9989682,0.04361923,-0.05638921,-0.0442659,0.997427,static,-0.6254664298249122,10.920247248278539,-2.022202019044814e-06,10.750367476802118,-0.12410699999999997,0.30694104,2.1230510000000002,-0.010718581524465871,0.1894315516558781,0.9818354098752861,0.18589062813653323,10.410292327064528,0.6372009641421805,0.6481241099974121,0.387565716903515
4635,05/07/2023 20:01:02.354721,4814,True,True,True,True,Eyes,1.302801,-0.2566211,-3.168155,-0.06814847,0.1464259,0.9868714,0.0,0.0,0.0,0.0,0.0,0.0,0.0,-1.126089,0.4137779,3.231171,1.311719,-0.2574637,-3.176926,0.02222547,-0.02835631,0.005655589,0.9993349,2.56439,356.7622,0.5760188,0.3793826,-0.07473642,-0.9222162,0,0,0,1.187574,0.04846407,-1.053731,-7.450581e-08,0.4008,2.111,0.9983279,0.01004319,0.05692629,-0.01256412,0.9989481,0.04410062,-0.0564235,-0.0447421,0.9974039,static,-0.6061465545862705,10.991305161022058,-2.022202019044814e-06,10.750370096520475,-0.12414500000000017,0.30592777000000004,2.123195,-0.010385015644991953,0.19064973848178896,0.9816031514614192,0.2042408790026864,10.48205022666916,0.6419532039798538,0.652273638472156,0.33721019446265477
4636,05/07/2023 20:01:02.374623,4815,True,True,True,True,Eyes,1.302768,-0.256613,-3.168153,-0.0678882,0.1471329,0.9867842,0.0,0.0,0.0,0.0,0.0,0.0,0.0,-1.125997,0.4148253,3.231023,1.311726,-0.2574747,-3.176876,0.02237396,-0.0283678,0.005691908,0.999331,2.581528,356.761,0.5796751,0.3793698,-0.07473319,-0.9222218,0,0,0,1.187506,0.04781664,-1.053593,2.980232e-08,0.4007999,2.111,0.9983257,0.0101068,0.05695234,-0.0126456,0.998934,0.04439505,-0.05644294,-0.04504092,0.9973894,static,-0.5889160213893754,11.049245413910816,8.088806990517875e-07,10.750367476802118,-0.12422,0.30529134,2.123283,-0.010087830483980341,0.19164287184296816,0.9814128594425467,0.22064794907730345,10.540541175455829,0.6506994898289683,0.6604173334079764,0.30448684243100554
4637,05/07/2023 20:01:02.384857,4816,True,True,True,True,Eyes,1.302736,-0.2566028,-3.168151,-0.06763768,0.1478207,0.9866986,0.0,0.0,0.0,0.0,0.0,0.0,0.0,-1.126013,0.4158016,3.231043,1.311765,-0.2575019,-3.177011,0.02257281,-0.02838391,0.005556438,0.9993269,2.603881,356.7589,0.5634636,0.3793574,-0.07473008,-0.9222271,0,0,0,1.187574,0.04696077,-1.053607,1.490116e-08,0.4008,2.111,0.998327,0.009823984,0.05698046,-0.0123868,0.9989192,0.0447998,-0.05647876,-0.04543065,0.9973696,static,-0.5751417988600375,11.111095567711967,4.0444034952589373e-07,10.750370096520475,-0.12419100000000016,0.30446267,2.123404,-0.009849809902083548,0.1927026402285144,0.9812077333776393,0.23364581560676378,10.603041942764001,0.6697934084152499,0.6789045732527859,0.27621687683487783
4638,05/07/2023 20:01:02.404870,4817,True,True,True,True,Eyes,1.302719,-0.2565919,-3.16815,-0.0674273,0.1484694,0.9866157,0.0,0.0,0.0,0.0,0.0,0.0,0.0,-1.125947,0.4150101,3.231191,1.31177,-0.2574107,-3.177041,0.02252003,-0.02841067,0.005406655,0.999328,2.597363,356.7555,0.5463935,0.3793455,-0.07472702,-0.9222322,0,0,0,1.187571,0.04729505,-1.053673,-1.639128e-07,0.4007999,2.111,0.9983272,0.009526425,0.05702667,-0.01208566,0.9989272,0.04470257,-0.05653964,-0.04531701,0.9973714,static,-0.5627578965175931,11.141825776147831,-4.448844930446206e-06,10.750367476802118,-0.12419900000000017,0.30470575,2.123368,-0.009636715285479634,0.1932292973129958,0.9811063731250413,0.2455208346000347,10.63402013753718,0.6768319158113002,0.6855151661299012,0.27169719940544346
4639,05/07/2023 20:01:02.424803,4818,True,True,True,True,Eyes,1.302705,-0.2565794,-3.16815,-0.06722321,0.149116,0.986532,0.0,0.0,0.0,0.0,0.0,0.0,0.0,-1.126121,0.4142153,3.231247,1.311789,-0.257422,-3.177047,0.02240218,-0.0283892,0.005385223,0.9993316,2.583778,356.7578,0.544372,0.3793344,-0.07472397,-0.922237,0,0,0,1.187695,0.04778819,-1.053745,-1.639128e-07,0.4008,2.111,0.9983301,0.009491283,0.05698172,-0.0120352,0.9989383,0.04446864,-0.05649916,-0.04508017,0.9973844,static,-0.5537316346565604,11.165588589651437,-4.448844930446206e-06,10.750370096520475,-0.12409400000000015,0.30521019,2.123302,-0.009481376804007777,0.1936364508664194,0.9810275005485121,0.25416581394655835,10.657982182576495,0.6837530018485943,0.692112847261784,0.27044047243416586
4640,05/07/2023 20:01:02.434776,4819,True,True,True,True,Eyes,1.302712,-0.2565703,-3.168148,-0.06704014,0.149728,0.9864518,0.0,0.0,0.0,0.0,0.0,0.0,0.0,-1.126235,0.4124398,3.231509,1.311834,-0.2573817,-3.177107,0.02215711,-0.02838608,0.005315237,0.9993374,2.555472,356.7579,0.537147,0.3793241,-0.07472087,-0.9222416,0,0,0,1.187802,0.04887974,-1.053954,-1.490116e-07,0.4007999,2.111,0.998332,0.009365523,0.05697008,-0.01188134,0.9989616,0.0439831,-0.056499,-0.04458662,0.9974065,static,-0.5447754688500879,11.172568697756294,-4.044403495258931e-06,10.750367476802118,-0.12403199999999992,0.30626144,2.123153,-0.009327803279944202,0.19375625153812373,0.9810053593912347,0.26286983415167875,10.664935154548647,0.6810894717286089,0.6892240389516067,0.27640795522607753
4641,05/07/2023 20:01:02.454550,4820,True,True,True,True,Eyes,1.302719,-0.2565609,-3.168145,-0.06686078,0.1503157,0.9863746,0.0,0.0,0.0,0.0,0.0,0.0,0.0,-1.126112,0.4114054,3.231671,1.311842,-0.2574959,-3.177082,0.02195948,-0.02840173,0.005363148,0.9993411,2.532993,356.7561,0.543236,0.379315,-0.07471781,-0.9222456,0,0,0,1.18771,0.04959952,-1.054054,2.980232e-08,0.4008,2.111,0.9983292,0.009471852,0.05700157,-0.0119666,0.998978,0.04358537,-0.05653048,-0.04419466,0.9974223,static,-0.5315154863807764,11.184075665976703,8.088806990517875e-07,10.750370096520475,-0.12413199999999991,0.30709542,2.1230279999999997,-0.009100406802263074,0.19395367539955144,0.9809684905688342,0.2757475903445291,10.676417829631092,0.6782161567589894,0.6860102718661251,0.28549119997950884
4642,05/07/2023 20:01:02.464489,4821,True,True,True,True,Eyes,1.302748,-0.2565538,-3.168142,-0.06670384,0.1508512,0.9863034,0.0,0.0,0.0,0.0,0.0,0.0,0.0,-1.126719,0.4110101,3.231431,1.311818,-0.2574375,-3.177016,0.02192052,-0.02830876,0.005329207,0.9993447,2.528368,356.7667,0.5397063,0.3793071,-0.07471479,-0.9222491,0,0,0,1.188103,0.04982982,-1.053988,-1.490116e-08,0.4008,2.111,0.9983404,0.009410345,0.05681406,-0.01189252,0.9989822,0.04351057,-0.05634678,-0.04411403,0.9974362,static,-0.5337417220071764,11.21047545256384,-4.0444034952589373e-07,10.750370096520475,-0.12371500000000002,0.30726732,2.123028,-0.009137688518622147,0.19440556912688653,0.9808786168556913,0.2733701552224609,10.703205444864384,0.6969963609521134,0.7046820082404284,0.27740938566710144
4643,05/07/2023 20:01:02.484486,4822,True,True,True,True,Eyes,1.302777,-0.2565505,-3.168139,-0.06655332,0.1513574,0.9862361,0.0,0.0,0.0,0.0,0.0,0.0,0.0,-1.126682,0.4118821,3.231365,1.311814,-0.257487,-3.177047,0.02203215,-0.02830871,0.005373134,0.999342,2.541301,356.7669,0.5443832,0.3793006,-0.07471184,-0.9222519,0,0,0,1.188069,0.04930001,-1.053952,-1.490116e-07,0.4008,2.111,0.9983395,0.009491792,0.05681694,-0.0119866,0.9989715,0.04373109,-0.05634341,-0.04433952,0.9974264,static,-0.5240964989280232,11.252697158360087,-4.044403495258931e-06,10.750370096520475,-0.123745,0.30678701,2.123095,-0.008971253839729357,0.1951286438548508,0.9807366521308881,0.282480016259658,10.74586799660747,0.7187072414230454,0.7259513605924034,0.282519934575192
4644,05/07/2023 20:01:02.504554,4823,True,True,True,True,Eyes,1.30284,-0.2565444,-3.168138,-0.06641251,0.1518147,0.9861752,0.0,0.0,0.0,0.0,0.0,0.0,0.0,-1.126712,0.4126527,3.231274,1.311844,-0.2575711,-3.177045,0.02212862,-0.02830546,0.005401516,0.9993399,2.552443,356.7674,0.5473351,0.3792956,-0.07470908,-0.9222543,0,0,0,1.188093,0.04880209,-1.053891,1.490116e-08,0.4008,2.111,0.9983393,0.009543178,0.0568126,-0.01204862,0.9989623,0.04392222,-0.05633448,-0.04453379,0.9974183,static,-0.5156928719487521,11.290292232341525,4.0444034952589373e-07,10.750370096520475,-0.12375099999999994,0.30637319,2.1231540000000004,-0.008826252589565969,0.19577235267025087,0.9806095721084971,0.2904110510338046,10.783858117957497,0.7397668662802523,0.7466294047668428,0.29233506672069814
4645,05/07/2023 20:01:02.519992,4824,True,True,True,True,Eyes,1.3029,-0.2565382,-3.168139,-0.06627937,0.1522585,0.9861158,0.0,0.0,0.0,0.0,0.0,0.0,0.0,-1.126675,0.4131392,3.231301,1.311884,-0.2574966,-3.177112,0.02222528,-0.02831924,0.005376366,0.9993375,2.563444,356.7657,0.5441062,0.3792927,-0.07470637,-0.9222557,0,0,0,1.188093,0.04846843,-1.053902,-1.192093e-07,0.4008,2.111,0.9983382,0.0094868,0.05683994,-0.01200441,0.9989543,0.0441166,-0.05636197,-0.04472562,0.9974081,static,-0.506863837361892,11.326892103037109,-3.235523339037838e-06,10.750370096520475,-0.12379099999999998,0.30596503,2.1232100000000003,-0.00867403681056491,0.19639898863543745,0.980485683254923,0.29876560247963524,10.820833776388952,0.7611616879809655,0.7676491996309937,0.3069657126492381
4646,05/07/2023 20:01:02.534375,4825,True,True,True,True,Eyes,1.302966,-0.2565291,-3.168143,-0.06616718,0.1526633,0.9860607,0.0,0.0,0.0,0.0,0.0,0.0,0.0,-1.126464,0.4126661,3.231506,1.311865,-0.2574915,-3.177192,0.02216514,-0.02835203,0.005340633,0.9993381,2.556455,356.7619,0.5401194,0.3792916,-0.07470369,-0.9222564,0,0,0,1.18796,0.0487332,-1.054026,-7.450581e-08,0.4008,2.111,0.9983353,0.009417341,0.05690327,-0.01193105,0.9989604,0.04399809,-0.05642977,-0.04460376,0.9974097,static,-0.4972643868996828,11.343228919162732,-2.022202019044814e-06,10.750370096520475,-0.12390500000000015,0.30622469999999996,2.123166,-0.008509276922244492,0.19667881694784217,0.980430985909151,0.3080274801165048,10.837261452181131,0.7675791118287048,0.7737903094052513,0.3200504366301414
4647,05/07/2023 20:01:02.554576,4826,True,True,True,True,Eyes,1.30303,-0.2565175,-3.168144,-0.06605535,0.1530579,0.9860071,0.0,0.0,0.0,0.0,0.0,0.0,0.0,-1.126325,0.4116744,3.23172,1.311857,-0.2574158,-3.177243,0.02205265,-0.02838074,0.005258907,0.9993402,2.543318,356.7583,0.5310398,0.3792922,-0.07470097,-0.9222563,0,0,0,1.187888,0.04929721,-1.05415,-1.490116e-07,0.4007999,2.111,0.9983338,0.009259131,0.05695596,-0.01176261,0.998972,0.04377769,-0.05649207,-0.0443747,0.9974164,static,-0.489090242069958,11.352789189006648,-4.044403495258931e-06,10.750367476802118,-0.123969,0.30671300999999995,2.123093,-0.00836912290456305,0.19684265458213923,0.9803993871812177,0.31594724880722336,10.84684015867288,0.7699610608969453,0.7759621305729265,0.3303516278586539
4648,05/07/2023 20:01:02.564874,4827,True,True,True,True,Eyes,1.303113,-0.2565109,-3.168146,-0.06596085,0.1534241,0.9859565,0.0,0.0,0.0,0.0,0.0,0.0,0.0,-1.126644,0.4110206,3.231647,1.311856,-0.2573456,-3.177202,0.02197854,-0.02833659,0.005215015,0.9993432,2.534662,356.7632,0.5263593,0.3792943,-0.07469812,-0.9222556,0,0,0,1.188105,0.04968894,-1.054144,-1.043081e-07,0.4008,2.111,0.9983397,0.009177585,0.0568652,-0.01166877,0.9989796,0.04363266,-0.05640673,-0.04422376,0.997428,static,-0.4895526078156064,11.365323509670716,-2.831081903850562e-06,10.750370096520475,-0.12375099999999994,0.30703454,2.123058,-0.008376666339963399,0.1970571123727569,0.9803562281181889,0.31539987746977993,10.8595505372476,0.7800713405582157,0.7860195189975558,0.3337652426468453
4649,05/07/2023 20:01:02.584743,4828,True,True,True,True,Eyes,1.303192,-0.2565039,-3.168147,-0.06586101,0.1537756,0.9859084,0.0,0.0,0.0,0.0,0.0,0.0,0.0,-1.126919,0.4114202,3.231541,1.31184,-0.2574562,-3.177242,0.02196496,-0.028275,0.005369288,0.9993444,2.533571,356.7707,0.5442438,0.3792982,-0.0746953,-0.9222542,0,0,0,1.18824,0.04961769,-1.05418,-1.639128e-07,0.4007999,2.111,0.9983434,0.009489417,0.0567488,-0.01197365,0.9989774,0.04359749,-0.05627705,-0.04420475,0.9974362,static,-0.48765025339576495,11.384780908964457,-4.448844930446206e-06,10.750367476802118,-0.12359999999999993,0.30707389,2.123062,-0.008343545985573669,0.19739007772908465,0.9802895100115238,0.3171120337072473,10.879245639087326,0.7943575810430191,0.8001742520251626,0.34230460736057583
4650,05/07/2023 20:01:02.604828,4829,True,True,True,True,Eyes,1.303287,-0.2564972,-3.168148,-0.06578308,0.1540951,0.9858638,0.0,0.0,0.0,0.0,0.0,0.0,0.0,-1.127389,0.4114156,3.231422,1.311837,-0.2574769,-3.177286,0.02194769,-0.02819808,0.005404111,0.9993468,2.531663,356.7796,0.5484859,0.3793038,-0.07469248,-0.9222522,0,0,0,1.188538,0.04966756,-1.054217,-1.192093e-07,0.4008,2.111,0.9983513,0.009563396,0.05659655,-0.01203893,0.9989782,0.04356194,-0.05612212,-0.04417148,0.9974464,static,-0.4912404469123129,11.401482390587962,-3.235523339037838e-06,10.750370096520475,-0.12329899999999983,0.30714446,2.123069,-0.008404478806287904,0.19767573505802932,0.9802315104678072,0.3134746843233792,10.89622211793076,0.8098280651474209,0.8156354684165225,0.345747333150802
4651,05/07/2023 20:01:02.625355,4830,True,True,True,True,Eyes,1.303378,-0.2564906,-3.16815,-0.06570305,0.154398,0.9858216,0.0,0.0,0.0,0.0,0.0,0.0,0.0,-1.12788,0.4114021,3.231207,1.311811,-0.2574401,-3.177254,0.02193903,-0.02811495,0.005437725,0.9993492,2.530733,356.7892,0.5525775,0.3793111,-0.07468967,-0.9222494,0,0,0,1.18884,0.04973854,-1.054171,-8.940697e-08,0.4008,2.111,0.9983599,0.009634742,0.05643189,-0.012102,0.9989782,0.04354374,-0.0559547,-0.04415526,0.9974564,static,-0.49544613602583915,11.418208361827713,-2.426642368570707e-06,10.750370096520475,-0.12297100000000016,0.30717864,2.1230830000000003,-0.00847593050483279,0.1979617313739477,0.980173031522174,0.30923533486455634,10.913231780395318,0.8257372646078871,0.8315482053231987,0.34950239085929424
4652,05/07/2023 20:01:02.634467,4831,True,True,True,True,Eyes,1.303481,-0.256485,-3.168152,-0.06563149,0.1546732,0.9857833,0.0,0.0,0.0,0.0,0.0,0.0,0.0,-1.128094,0.4116703,3.231134,1.311819,-0.2574586,-3.177285,0.02197346,-0.02808172,0.005449429,0.9993494,2.534697,356.7931,0.5538936,0.3793199,-0.07468688,-0.922246,0,0,0,1.188981,0.04957282,-1.054173,4.470348e-08,0.4007999,2.111,0.9983634,0.00965766,0.05636638,-0.01212587,0.998975,0.04361227,-0.05588741,-0.04422439,0.9974572,static,-0.4948581033329542,11.438139712793065,1.2133210485776811e-06,10.750367476802118,-0.122838,0.30703142,2.123112,-0.008465276210681064,0.19830272226393125,0.980104267554295,0.3096587821958623,10.933425110276204,0.8415907469795562,0.8472994700100154,0.3597192059573586
4653,05/07/2023 20:01:02.654545,4832,True,True,True,True,Eyes,1.303578,-0.256478,-3.168153,-0.06556434,0.1549381,0.9857462,0.0,0.0,0.0,0.0,0.0,0.0,0.0,-1.128319,0.4120867,3.230992,1.311779,-0.2574541,-3.177291,0.0220363,-0.02803987,0.005457554,0.9993491,2.5419,356.7979,0.5547314,0.3793304,-0.07468411,-0.9222419,0,0,0,1.189113,0.04930989,-1.054131,-5.960464e-08,0.4008,2.111,0.998368,0.009672212,0.05628377,-0.01214379,0.9989692,0.04373785,-0.05580271,-0.04434997,0.9974563,static,-0.4955974534163465,11.460723281191845,-1.6177613981035745e-06,10.750370096520475,-0.12266599999999994,0.30676399000000004,2.12316,-0.0084772471513937,0.19868900847858514,0.9800259601236164,0.3087641911620107,10.956324615796136,0.8605279334558438,0.8661506100507481,0.37115170586997925
4654,05/07/2023 20:01:02.674767,4833,True,True,True,True,Eyes,1.303681,-0.2564718,-3.168153,-0.06550862,0.1551976,0.9857091,0.0,0.0,0.0,0.0,0.0,0.0,0.0,-1.128207,0.4122922,3.230956,1.31172,-0.2574103,-3.17727,0.02202231,-0.02803348,0.005597302,0.9993488,2.540741,356.799,0.5708119,0.3793423,-0.07468133,-0.9222372,0,0,0,1.188982,0.04939566,-1.05412,-4.470348e-08,0.4008,2.111,0.9983656,0.009952589,0.05627698,-0.01242204,0.9989673,0.04370212,-0.05578392,-0.04432976,0.9974583,static,-0.49018273976685983,11.47472473003535,-1.2133210485776811e-06,10.750370096520475,-0.12273800000000001,0.30680596,2.12315,-0.008384214426871796,0.19892865244450675,0.9799781631995332,0.31395210637729143,10.970442147003583,0.8691643227623497,0.8746242415821857,0.383403696322098
4655,05/07/2023 20:01:02.684619,4834,True,True,True,True,Eyes,1.303782,-0.2564651,-3.168148,-0.06545509,0.1554463,0.9856734,0.0,0.0,0.0,0.0,0.0,0.0,0.0,-1.127633,0.4126065,3.231089,1.311731,-0.2574249,-3.177236,0.02204798,-0.02811804,0.005652881,0.9993455,2.543909,356.7895,0.5768861,0.3793556,-0.07467857,-0.922232,0,0,0,1.188595,0.04926307,-1.054092,-1.043081e-07,0.4007999,2.111,0.9983548,0.01005847,0.05644854,-0.01253825,0.9989639,0.04374919,-0.05595,-0.04438499,0.9974465,static,-0.47616988346813566,11.492225127058434,-2.831081903850562e-06,10.750367476802118,-0.12313599999999991,0.30668797000000003,2.123144,-0.008144033922931358,0.19922834959891053,0.9799192374301641,0.32752044012242043,10.987989202508766,0.8763993997231057,0.881525856127893,0.40464253077029183
4656,05/07/2023 20:01:02.704793,4835,True,True,True,True,Eyes,1.30386,-0.2564621,-3.168146,-0.06536755,0.1556679,0.9856442,0.0,0.0,0.0,0.0,0.0,0.0,0.0,-1.127694,0.4129215,3.230931,1.311732,-0.2573684,-3.177142,0.02207871,-0.02810179,0.005726439,0.9993449,2.547656,356.7915,0.5852618,0.3793701,-0.07467582,-0.9222263,0,0,0,1.188613,0.04917984,-1.053977,-1.490116e-07,0.4008,2.111,0.998355,0.01020447,0.05641962,-0.01268628,0.9989594,0.04380665,-0.05591389,-0.04445034,0.9974456,static,-0.47139222521160523,11.508858981135466,-4.044403495258931e-06,10.750370096520475,-0.12311899999999998,0.30654824,2.123165,-0.008061845787381148,0.1995129526793567,0.9798619744804459,0.33206544986127273,11.004783449820001,0.8880622182501114,0.8930353884869694,0.418325594911868
4657,05/07/2023 20:01:02.714712,4836,True,True,True,True,Eyes,1.303936,-0.2564607,-3.168147,-0.06528819,0.1558768,0.9856165,0.0,0.0,0.0,0.0,0.0,0.0,0.0,-1.128186,0.4131963,3.230753,1.311666,-0.2574884,-3.17719,0.02207296,-0.02800701,0.005805268,0.9993473,2.547194,356.8026,0.5945582,0.3793851,-0.0746732,-0.9222203,0,0,0,1.188893,0.04907639,-1.054006,-1.341105e-07,0.4008,2.111,0.9983638,0.01036656,0.05623374,-0.01283935,0.9989582,0.04379192,-0.05572118,-0.04444227,0.9974568,static,-0.4760159142415842,11.520662532003252,-3.639964774225114e-06,10.750370096520475,-0.12277300000000002,0.30656479000000003,2.123184,-0.008140578273787204,0.19971469410474435,0.9798202802289729,0.32745481134870447,11.016809697300456,0.9004927197886602,0.9055043464413456,0.42216003861144563
4658,05/07/2023 20:01:02.734295,4837,True,True,True,True,Eyes,1.304021,-0.2564541,-3.168143,-0.06522285,0.156034,0.9855959,0.0,0.0,0.0,0.0,0.0,0.0,0.0,-1.127842,0.4137719,3.230845,1.311659,-0.2575218,-3.177236,0.02211726,-0.02804708,0.005910428,0.9993445,2.55263,356.7983,0.6063701,0.3794006,-0.07467073,-0.9222142,0,0,0,1.188642,0.04884031,-1.054038,2.980232e-08,0.4008,2.111,0.9983569,0.01057246,0.05631883,-0.01305376,0.9989518,0.04387398,-0.05579594,-0.04453706,0.9974484,static,-0.4653878486424981,11.535216374150444,8.088806990517875e-07,10.750370096520475,-0.12301699999999993,0.30636211,2.1231980000000004,-0.00795841344093183,0.1999638572380864,0.979770905298224,0.337735993122636,11.031416273862318,0.9076875905312217,0.912452893063999,0.4393768410754002
4659,05/07/2023 20:01:02.754458,4838,True,True,True,True,Eyes,1.304102,-0.2564499,-3.168139,-0.06516079,0.1561833,0.9855765,0.0,0.0,0.0,0.0,0.0,0.0,0.0,-1.127463,0.4127561,3.231028,1.311698,-0.257369,-3.177151,0.02203771,-0.02812817,0.005765819,0.9993448,2.5431,356.7886,0.5898396,0.3794166,-0.07466826,-0.9222078,0,0,0,1.188439,0.04934812,-1.054018,-1.192093e-07,0.4008,2.111,0.9983512,0.01028432,0.05647361,-0.01276384,0.9989622,0.04372217,-0.05596535,-0.0443709,0.9974462,static,-0.45542338639446145,11.534064653437934,-3.235523339037838e-06,10.750370096520475,-0.12325900000000001,0.30671712,2.123133,-0.007788051351734018,0.19994445887551388,0.9797763768971389,0.34748771315185467,11.03011357323696,0.9018205960133627,0.9064130804227879,0.4461013025946154
4660,05/07/2023 20:01:02.774477,4839,True,True,True,True,Eyes,1.304185,-0.2564536,-3.168144,-0.06513096,0.1562835,0.9855625,0.0,0.0,0.0,0.0,0.0,0.0,0.0,-1.127458,0.4127269,3.231021,1.311684,-0.2574505,-3.177138,0.02206023,-0.02813769,0.005661472,0.9993446,2.545351,356.7872,0.5777817,0.3794331,-0.07466585,-0.9222012,0,0,0,1.188459,0.04918385,-1.053991,0.0,0.4008,2.111,0.9983524,0.01007408,0.05648828,-0.01255697,0.9989625,0.04377294,-0.05598871,-0.04441015,0.9974433,static,-0.45476138744280664,11.54200174617285,0.0,10.750370096520475,-0.12322500000000014,0.30663435000000006,2.123147,-0.007776510345000941,0.20008018443749073,0.9797486725744187,0.34807466051564606,11.0381491789709,0.9084034550446796,0.9129559618296205,0.4516334460478875
4661,05/07/2023 20:01:02.794486,4840,True,True,True,True,Eyes,1.304271,-0.2564417,-3.16815,-0.06512386,0.1564178,0.9855416,0.0,0.0,0.0,0.0,0.0,0.0,0.0,-1.125195,0.4141293,3.231847,1.311606,-0.2576373,-3.177375,0.02210545,-0.02843282,0.006036134,0.9993331,2.551919,356.7544,0.6198322,0.3794499,-0.07466371,-0.9221945,0,0,0,1.186867,0.04875014,-1.054281,4.470348e-08,0.4008,2.111,0.9983103,0.01080718,0.05709457,-0.01332126,0.9989498,0.04383817,-0.05656084,-0.04452466,0.9974058,static,-0.4125483121794569,11.556280132744499,1.2133210485776811e-06,10.750370096520475,-0.12473900000000016,0.30638744,2.123094,-0.007054310218720671,0.20032539670053331,0.9797039669067449,0.38924085117071094,11.052047446153251,0.9015803664005207,0.905366278076061,0.492459865323858
4662,05/07/2023 20:01:02.804584,4841,True,True,True,True,Eyes,1.304368,-0.2564282,-3.168152,-0.06509872,0.1565467,0.9855229,0.0,0.0,0.0,0.0,0.0,0.0,0.0,-1.123552,0.4104851,3.23295,1.311768,-0.2572625,-3.177406,0.02162399,-0.02872148,0.005955437,0.9993359,2.496671,356.7208,0.6114116,0.3794672,-0.07466136,-0.9221876,0,0,0,1.185862,0.0511762,-1.054678,-2.980232e-08,0.4007999,2.111,0.9982792,0.01066082,0.05766236,-0.01314511,0.9989938,0.04287715,-0.05714725,-0.04356134,0.9974149,static,-0.379492966004539,11.508045276360598,-8.088806990517875e-07,10.750367476802118,-0.12590600000000007,0.3084387,2.122728,-0.006490208049114089,0.1995013380798071,0.9798761107174639,0.4219280906089175,11.002710154426124,0.844008247046135,0.8474018794304649,0.4916307793201842
4663,05/07/2023 20:01:02.824586,4842,True,True,True,True,Eyes,1.304465,-0.2564223,-3.168147,-0.06505712,0.1566792,0.9855045,0.0,0.0,0.0,0.0,0.0,0.0,0.0,-1.123666,0.406079,3.233402,1.312013,-0.2571664,-3.177248,0.02110321,-0.0287864,0.005554922,0.9993474,2.435729,356.7121,0.5670406,0.3794851,-0.07465877,-0.9221804,0,0,0,1.186114,0.05353706,-1.054849,-1.788139e-07,0.4008,2.111,0.998281,0.009887622,0.05776969,-0.01231756,0.9990476,0.04185906,-0.05730077,-0.04249868,0.997452,static,-0.3778783923184745,11.454387913782577,-4.853283651480022e-06,10.750370096520475,-0.1258990000000002,0.31070346000000004,2.122399,-0.00646382421178281,0.19858361522737208,0.9800625933252278,0.42391466689645463,10.948304072357912,0.7954819812502758,0.7990178336715621,0.4678521330298135
4664,05/07/2023 20:01:02.834590,4843,True,True,True,True,Eyes,1.304563,-0.2564196,-3.168133,-0.06497116,0.156763,0.9854969,0.0,0.0,0.0,0.0,0.0,0.0,0.0,-1.125049,0.4038824,3.233132,1.312077,-0.25741,-3.177136,0.02099012,-0.02865697,0.004852423,0.9993572,2.420399,356.7252,0.4872015,0.3795038,-0.0746562,-0.922173,0,0,0,1.187225,0.05386747,-1.05476,-1.341105e-07,0.4008,2.111,0.9983104,0.00849558,0.0574808,-0.01090163,0.9990717,0.04167515,-0.05707339,-0.04223138,0.9974764,static,-0.4023363407709548,11.443480447851416,-3.639964774225114e-06,10.750370096520475,-0.12485199999999996,0.31127747000000006,2.122376,-0.0068824511235034205,0.1983964925615006,0.9800976958018947,0.4000833040181313,10.937581158463182,0.7974298798391435,0.8014197160415353,0.44172111615735155
4665,05/07/2023 20:01:02.854762,4844,True,True,True,True,Eyes,1.304655,-0.2564205,-3.168122,-0.06488581,0.1567749,0.9855006,0.0,0.0,0.0,0.0,0.0,0.0,0.0,-1.12693,0.4065654,3.231889,1.312009,-0.2574785,-3.176902,0.02156098,-0.02840103,0.004432562,0.9993544,2.484315,356.7538,0.4378513,0.3795231,-0.07465374,-0.9221652,0,0,0,1.188539,0.05142985,-1.054099,-1.341105e-07,0.4007999,2.111,0.9983475,0.007634692,0.05695653,-0.01008411,0.9990309,0.04284233,-0.05657424,-0.04334589,0.997457,static,-0.43567179324895183,11.507954204220406,-3.639964774225114e-06,10.750367476802118,-0.12346999999999997,0.30890835,2.122803,-0.007450982696090631,0.19949843156059535,0.9798698019999654,0.3669987398182224,11.003381110002898,0.8695857536218846,0.8739247046207105,0.44576523569233356
4666,05/07/2023 20:01:02.864519,4845,True,True,True,True,Eyes,1.304755,-0.2564169,-3.168114,-0.06479066,0.1567691,0.9855078,0.0,0.0,0.0,0.0,0.0,0.0,0.0,-1.127236,0.4115779,3.23118,1.311972,-0.2575298,-3.176946,0.02232346,-0.02834308,0.004466502,0.9993391,2.571759,356.7607,0.439428,0.3795429,-0.07465152,-0.9221572,0,0,0,1.188723,0.0481329,-1.053661,-8.940697e-08,0.4008,2.111,0.9983535,0.007661667,0.05684809,-0.01019253,0.9989634,0.04436423,-0.05644926,-0.0448706,0.9973967,static,-0.436254067234124,11.595082464054768,-2.426642368570707e-06,10.750370096520475,-0.12324899999999994,0.30566269999999995,2.123285,-0.0074586224296746655,0.20098825580616053,0.9795652577436252,0.3657670774569691,11.091697424064547,0.9466536110617217,0.9507126157700798,0.5002915896329393
4667,05/07/2023 20:01:02.884568,4846,True,True,True,True,Eyes,1.304848,-0.2564113,-3.168111,-0.06470039,0.15675,0.9855167,0.0,0.0,0.0,0.0,0.0,0.0,0.0,-1.127747,0.4146,3.230717,1.311997,-0.2574305,-3.177048,0.02282262,-0.0282697,0.004435807,0.99933,2.628819,356.7692,0.4344936,0.3795633,-0.07464934,-0.9221489,0,0,0,1.189079,0.04611421,-1.053439,-1.490116e-07,0.4008,2.111,0.9983623,0.007575292,0.05670398,-0.01015605,0.9989189,0.04536386,-0.05629904,-0.04586545,0.9973599,static,-0.44018294438489436,11.651024749219486,-4.044403495258931e-06,10.750370096520475,-0.12291800000000008,0.30354471,2.123609,-0.0075242814825519505,0.20194447190938916,0.9793680025396234,0.36150027221404935,11.14845082053513,0.998508419641874,1.0024650953610355,0.5377300751912149
4668,05/07/2023 20:01:02.904608,4847,True,True,True,True,Eyes,1.304924,-0.2564058,-3.168108,-0.0646113,0.1567055,0.9855297,0.0,0.0,0.0,0.0,0.0,0.0,0.0,-1.127604,0.4162782,3.230656,1.311927,-0.2574295,-3.177184,0.02306369,-0.02827376,0.004489734,0.9993241,2.656616,356.769,0.43989,0.379584,-0.07464715,-0.9221405,0,0,0,1.188954,0.04508283,-1.053431,-1.639128e-07,0.4008,2.111,0.9983608,0.007669202,0.05671639,-0.01027759,0.9988958,0.04584232,-0.05630219,-0.04635008,0.9973373,static,-0.43341366049096297,11.676229708249505,-4.448844930446206e-06,10.750370096520475,-0.122973,0.30251233,2.123753,-0.007407900329677669,0.20237547715213197,0.9792799970693687,0.36792748045211965,11.173905208747941,1.0185040219401447,1.0222815489730137,0.5610311006404025
4669,05/07/2023 20:01:02.924804,4848,True,True,True,True,Eyes,1.304993,-0.2564043,-3.168109,-0.06453211,0.156672,0.9855402,0.0,0.0,0.0,0.0,0.0,0.0,0.0,-1.127439,0.4152198,3.23081,1.3119,-0.2573646,-3.177159,0.02295984,-0.02830967,0.004354822,0.9993261,2.644296,356.7644,0.4246627,0.3796046,-0.07464496,-0.9221323,0,0,0,1.18887,0.04560595,-1.053475,-1.043081e-07,0.4007999,2.111,0.9983592,0.007403803,0.05678116,-0.01000375,0.9989077,0.04564216,-0.05638121,-0.0461353,0.9973428,static,-0.4274385937375339,11.661778336993754,-2.831081903850562e-06,10.750367476802118,-0.12302999999999997,0.30297055,2.123684,-0.007306156692433015,0.20212862118883745,0.9793317288803508,0.3738795854742889,11.159176916229358,1.0029415357903697,1.006663343562413,0.5539974902241995
4670,05/07/2023 20:01:02.934746,4849,True,True,True,True,Eyes,1.305047,-0.2564031,-3.168113,-0.06461787,0.1565993,0.9855461,0.0,0.0,0.0,0.0,0.0,0.0,0.0,-1.126886,0.4149713,3.231074,1.311783,-0.2574611,-3.17724,0.02283458,-0.02835673,0.004540581,0.9993268,2.630567,356.7595,0.4462371,0.3796248,-0.07464289,-0.9221241,0,0,0,1.188423,0.04601804,-1.053647,-1.192093e-07,0.4007999,2.111,0.9983506,0.007780021,0.05688263,-0.01037008,0.998916,0.04538091,-0.0564679,-0.04589593,0.9973489,static,-0.42310123786711407,11.643985738321767,-3.235523339037838e-06,10.750367476802118,-0.12335999999999991,0.30347914,2.1235929999999996,-0.007232482878435701,0.2018245914109989,0.979394941074454,0.378255783193054,11.141084390112615,0.9850176315651913,0.9887191294339824,0.543819447599266
4671,05/07/2023 20:01:02.954873,4850,True,True,True,True,Eyes,1.305097,-0.2564021,-3.168117,-0.06470817,0.1565468,0.9855486,0.0,0.0,0.0,0.0,0.0,0.0,0.0,-1.125988,0.4141875,3.231544,1.311727,-0.2574349,-3.177322,0.02264058,-0.02846573,0.00473665,0.9993272,2.609026,356.7474,0.4690543,0.3796443,-0.07464094,-0.9221162,0,0,0,1.187767,0.04684269,-1.053879,-1.639128e-07,0.4008,2.111,0.9983345,0.008177965,0.05710762,-0.01075589,0.9989299,0.04498103,-0.05667866,-0.04552035,0.9973542,static,-0.41167727818638644,11.619496713137577,-4.448844930446206e-06,10.750370096520475,-0.12396000000000007,0.30427759000000004,2.123443,-0.007037824693084626,0.20140626220044,0.9794825559380759,0.3896119633931314,11.11610845449352,0.9581066498077299,0.9616941271164603,0.534383284897721
4672,05/07/2023 20:01:02.974464,4851,True,True,True,True,Eyes,1.305133,-0.2564013,-3.168123,-0.06485535,0.1564713,0.9855509,0.0,0.0,0.0,0.0,0.0,0.0,0.0,-1.124888,0.4135166,3.232048,1.311686,-0.2574855,-3.177371,0.02240875,-0.02859614,0.005047669,0.9993272,2.583541,356.7332,0.5051203,0.3796631,-0.0746391,-0.9221087,0,0,0,1.186954,0.04773603,-1.054109,-7.450581e-08,0.4008,2.111,0.9983135,0.008806937,0.05738002,-0.01137015,0.9989447,0.04449865,-0.05692757,-0.04507602,0.9973602,static,-0.39871874336442326,11.58982411671187,-2.022202019044814e-06,10.750370096520475,-0.12473199999999984,0.30522152999999996,2.123262,-0.006817020202889053,0.2008992806548609,0.9795882134376847,0.40250801154449345,11.085857887527643,0.925867561324894,0.9293320589272671,0.523990825474538
4673,05/07/2023 20:01:02.984883,4852,True,True,True,True,Eyes,1.305165,-0.2564015,-3.168127,-0.06499928,0.1564111,0.985551,0.0,0.0,0.0,0.0,0.0,0.0,0.0,-1.125044,0.4126249,3.23209,1.311675,-0.257459,-3.17736,0.02216777,-0.0285418,0.005326463,0.9993327,2.556813,356.7401,0.5380008,0.3796808,-0.07463739,-0.9221015,0,0,0,1.186976,0.04875258,-1.054238,-1.192093e-07,0.4008,2.111,0.998314,0.009380398,0.05728165,-0.01191123,0.9989605,0.0440019,-0.05680935,-0.04461001,0.9973879,static,-0.4075358148633525,11.559981489087598,-3.235523339037838e-06,10.750370096520475,-0.1246989999999999,0.30621158,2.1231220000000004,-0.006968509736499397,0.20038882875440092,0.9796917216079862,0.3941137900532222,11.055730835793849,0.9027034492230598,0.9063958352717644,0.49857136995509177
4674,05/07/2023 20:01:03.004651,4853,True,True,True,True,Eyes,1.305191,-0.2564033,-3.168129,-0.0651538,0.1563005,0.9855583,0.0,0.0,0.0,0.0,0.0,0.0,0.0,-1.124893,0.4121724,3.232153,1.311622,-0.2574833,-3.177331,0.02200333,-0.0285326,0.005563781,0.9993352,2.538742,356.7417,0.565761,0.3796975,-0.07463582,-0.9220948,0,0,0,1.186794,0.04939719,-1.054314,-1.639128e-07,0.4008,2.111,0.9983099,0.00986454,0.0572721,-0.01237579,0.9989698,0.0436599,-0.05678242,-0.0442949,0.9974034,static,-0.4126668164126762,11.53579916962379,-4.448844930446206e-06,10.750370096520475,-0.12482800000000016,0.30688049,2.123017,-0.0070568522979805,0.19997518870842823,0.9797755617437356,0.38928067331796185,11.031290680531928,0.8833848402916371,0.8872367544700505,0.480061746922949
4675,05/07/2023 20:01:03.024712,4854,True,True,True,True,Eyes,1.305216,-0.2564047,-3.168128,-0.0652961,0.1561784,0.9855682,0.0,0.0,0.0,0.0,0.0,0.0,0.0,-1.124582,0.4124466,3.232226,1.311672,-0.2575245,-3.177307,0.02198834,-0.02857408,0.005698824,0.9993336,2.537488,356.7372,0.5811843,0.3797131,-0.07463443,-0.9220884,0,0,0,1.186572,0.04940142,-1.054312,-8.940697e-08,0.4008,2.111,0.9983021,0.01013346,0.0573607,-0.01264665,0.9989681,0.04362169,-0.05685947,-0.04427304,0.9974,static,-0.4134082489866828,11.52761243652341,-2.426642368570707e-06,10.750370096520475,-0.1251,0.30692591999999996,2.122995,-0.0070697368686080606,0.19983516516631647,0.9798039986326703,0.38861795575667,11.023003132286972,0.8764558937076958,0.8803465391772818,0.4747152555029495
4676,05/07/2023 20:01:03.034776,4855,True,True,True,True,Eyes,1.305255,-0.2564024,-3.168133,-0.06546108,0.156045,0.9855784,0.0,0.0,0.0,0.0,0.0,0.0,0.0,-1.125319,0.4139851,3.231636,1.311665,-0.2574994,-3.177173,0.02220226,-0.02845128,0.005782218,0.9993319,2.562197,356.7516,0.5903658,0.3797279,-0.0746332,-0.9220824,0,0,0,1.187027,0.04850874,-1.054018,-1.043081e-07,0.4007999,2.111,0.9983142,0.01029334,0.0571213,-0.01282007,0.9989472,0.04404583,-0.05660779,-0.04470387,0.9973951,static,-0.43549536468769784,11.54491827457344,-2.831081903850562e-06,10.750367476802118,-0.12463800000000003,0.30600814,2.1231549999999997,-0.007446985661582826,0.2001305545365132,0.9797409255062228,0.36689025313319024,11.040843457867195,0.9018629840566722,0.906071033123473,0.4679602876533254
4677,05/07/2023 20:01:03.054459,4856,True,True,True,True,Eyes,1.305295,-0.2564024,-3.168135,-0.06562072,0.1559271,0.9855865,0.0,0.0,0.0,0.0,0.0,0.0,0.0,-1.124261,0.4135991,3.23228,1.311702,-0.2574506,-3.177392,0.02211024,-0.02860815,0.005880333,0.9993289,2.552068,356.7338,0.6015089,0.3797421,-0.07463199,-0.9220767,0,0,0,1.18633,0.04893276,-1.054335,-1.043081e-07,0.4008,2.111,0.998294,0.01048771,0.05743793,-0.01301784,0.9989531,0.04385436,-0.05691787,-0.04452726,0.9973854,static,-0.4247339429285203,11.527931368113167,-2.831081903850562e-06,10.750370096520475,-0.12537199999999982,0.30638336,2.123057,-0.007263407897511592,0.19984035557944507,0.9798015939860344,0.3775415931854863,11.023480257821834,0.8819200291835676,0.8860011560101414,0.4659709781750891
4678,05/07/2023 20:01:03.064942,4857,True,True,True,True,Eyes,1.305319,-0.2563979,-3.168137,-0.0657797,0.1558018,0.9855957,0.0,0.0,0.0,0.0,0.0,0.0,0.0,-1.124218,0.412458,3.232385,1.311767,-0.257461,-3.177307,0.02196678,-0.02863609,0.00578541,0.9993318,2.535337,356.7303,0.5910222,0.3797558,-0.07463086,-0.9220712,0,0,0,1.186345,0.04954409,-1.054342,-1.192093e-07,0.4007999,2.111,0.998293,0.010305,0.05748808,-0.01282117,0.9989679,0.04357285,-0.05697974,-0.04423554,0.9973949,static,-0.4327939752542333,11.503924871423644,-3.235523339037838e-06,10.750367476802118,-0.12542199999999992,0.30700509,2.1229649999999998,-0.007401872525879077,0.19942960266368998,0.9798842276199433,0.3698432177468851,10.999258101467936,0.8646944084479973,0.8689974518867107,0.44579473083820176
4679,05/07/2023 20:01:03.084735,4858,True,True,True,True,Eyes,1.305346,-0.2563939,-3.168135,-0.06591413,0.1556865,0.9856049,0.0,0.0,0.0,0.0,0.0,0.0,0.0,-1.12449,0.4116259,3.232378,1.311799,-0.2573424,-3.177285,0.02196287,-0.02862926,0.005502672,0.9993337,2.533961,356.7304,0.5586418,0.3797688,-0.07462968,-0.9220659,0,0,0,1.186605,0.04971603,-1.054314,-1.788139e-07,0.4007999,2.111,0.9983002,0.00974045,0.05746207,-0.01225557,0.9989747,0.04358139,-0.05697865,-0.04421154,0.997396,static,-0.4473322830616683,11.495709824313796,-4.853283651480022e-06,10.750367476802118,-0.12519400000000003,0.30705843000000005,2.1229709999999997,-0.00765073288219191,0.19928872432802278,0.979910938994964,0.3556905272430546,10.99112930391388,0.8646842171838273,0.8692738604295106,0.4295177075770356
4680,05/07/2023 20:01:03.104519,4859,True,True,True,True,Eyes,1.305344,-0.2563899,-3.168131,-0.06602369,0.1555485,0.9856194,0.0,0.0,0.0,0.0,0.0,0.0,0.0,-1.125917,0.4105536,3.231939,1.311868,-0.2573566,-3.177176,0.02191413,-0.02845384,0.005187499,0.9993415,2.527255,356.7497,0.5231156,0.3797811,-0.07462849,-0.922061,0,0,0,1.187639,0.04995315,-1.054185,4.470348e-08,0.4008,2.111,0.998327,0.009121083,0.05709756,-0.01161525,0.9989857,0.04350419,-0.05664284,-0.04409461,0.9974203,static,-0.48047553106829444,11.480995589635345,1.2133210485776811e-06,10.750370096520475,-0.12422900000000014,0.30730975,2.122991,-0.00821800046178947,0.19903617782497884,0.9799577182384247,0.32339586630786077,10.97666605989399,0.8692029480516658,0.8744549805955298,0.3947074418092567
4681,05/07/2023 20:01:03.124969,4860,True,True,True,True,Eyes,1.305342,-0.2563911,-3.168128,-0.06613138,0.1553959,0.9856362,0.0,0.0,0.0,0.0,0.0,0.0,0.0,-1.127045,0.4109963,3.23139,1.31179,-0.2573372,-3.177109,0.02206895,-0.02829043,0.004973476,0.9993438,2.544215,356.768,0.4984979,0.3797922,-0.07462732,-0.9220565,0,0,0,1.188405,0.04934458,-1.053978,-4.470348e-08,0.4008,2.111,0.9983498,0.008691745,0.05676325,-0.0111891,0.9989765,0.04382752,-0.05632421,-0.04439033,0.9974253,static,-0.5100564436697321,11.489150641807486,-1.2133210485776811e-06,10.750370096520475,-0.12338500000000008,0.30668178,2.123131,-0.008723684982652778,0.1991747923249547,0.9799251314924977,0.29441050683547787,10.98533346596907,0.8919744185099845,0.897748869172566,0.37667764195418035
4682,05/07/2023 20:01:03.134362,4861,True,True,True,True,Eyes,1.305323,-0.2563939,-3.168129,-0.06622873,0.1552188,0.9856576,0.0,0.0,0.0,0.0,0.0,0.0,0.0,-1.127038,0.4124289,3.231249,1.311791,-0.2574287,-3.17714,0.02226935,-0.02828853,0.004997121,0.9993392,2.567251,356.7683,0.5005693,0.3798022,-0.0746263,-0.9220525,0,0,0,1.188398,0.04839782,-1.053886,4.470348e-08,0.4007999,2.111,0.9983496,0.008727705,0.05676224,-0.01124757,0.9989582,0.04422655,-0.05631711,-0.044792,0.9974077,static,-0.5155118374811334,11.501991070862758,1.2133210485776811e-06,10.750367476802118,-0.12339299999999986,0.30582652,2.123254,-0.008816586860804113,0.19939423977049778,0.9798797017650097,0.2889787691444602,10.998421935819158,0.9055997853350762,0.9114229164860875,0.3808399170358971
4683,05/07/2023 20:01:03.154471,4862,True,True,True,True,Eyes,1.305303,-0.2563957,-3.168133,-0.0663284,0.1550476,0.9856778,0.0,0.0,0.0,0.0,0.0,0.0,0.0,-1.12686,0.4130543,3.231318,1.311778,-0.2575413,-3.177225,0.0223462,-0.02831214,0.005004105,0.9993369,2.57609,356.7657,0.5010621,0.3798107,-0.07462548,-0.922049,0,0,0,1.18828,0.04795703,-1.05393,-5.960464e-08,0.4008,2.111,0.9983468,0.008736235,0.05681037,-0.01126691,0.9989512,0.04437941,-0.05636308,-0.04494612,0.9973981,static,-0.5184866108475673,11.500935831063924,-1.6177613981035745e-06,10.750370096520475,-0.12349800000000011,0.30549833,2.1232949999999997,-0.008867494819550494,0.19937609469870468,0.9798828913311419,0.2860781429421204,10.99739281901016,0.9063522909453794,0.912236597559159,0.37797070641836583
4684,05/07/2023 20:01:03.174410,4863,True,True,True,True,Eyes,1.305276,-0.256396,-3.168135,-0.06643252,0.154908,0.9856928,0.0,0.0,0.0,0.0,0.0,0.0,0.0,-1.12645,0.4126988,3.23147,1.31173,-0.2574676,-3.177213,0.02234384,-0.02837978,0.004894433,0.9993355,2.575499,356.7576,0.4883232,0.3798178,-0.07462481,-0.9220462,0,0,0,1.188023,0.04805353,-1.053934,-4.470348e-08,0.4008,2.111,0.9983413,0.008514134,0.05694056,-0.01105059,0.9989536,0.04438018,-0.05650312,-0.04493579,0.9973907,static,-0.5190563797655062,11.492115639549406,-1.2133210485776811e-06,10.750370096520475,-0.12370700000000001,0.30552113000000003,2.123279,-0.008877517621534211,0.19922524242729037,0.979913545477384,0.2855880885954002,10.988460899951695,0.8993867800719951,0.9053202286572227,0.37181780490940497
4685,05/07/2023 20:01:03.184760,4864,True,True,True,True,Eyes,1.30525,-0.2563958,-3.168136,-0.06653932,0.1547855,0.9857048,0.0,0.0,0.0,0.0,0.0,0.0,0.0,-1.125652,0.412211,3.231824,1.311788,-0.2574709,-3.177203,0.0222732,-0.02851381,0.004876966,0.9993334,2.567414,356.7422,0.4862039,0.3798235,-0.07462423,-0.9220439,0,0,0,1.187526,0.04835044,-1.053999,5.960464e-08,0.4008,2.111,0.9983264,0.00847724,0.05720686,-0.01101762,0.9989603,0.04423859,-0.05677236,-0.04479482,0.9973817,static,-0.510212681838075,11.47681692894673,1.6177613981035745e-06,10.750370096520475,-0.12426199999999987,0.30582134,2.1232040000000003,-0.008726738788645431,0.19896384199051612,0.9799679680835699,0.2943515000597011,10.972834816935677,0.8818870930052453,0.8877182164729529,0.36896125140512886
4686,05/07/2023 20:01:03.204581,4865,True,True,True,True,Eyes,1.305231,-0.2563963,-3.168137,-0.06666306,0.1546644,0.9857155,0.0,0.0,0.0,0.0,0.0,0.0,0.0,-1.124912,0.4113974,3.232185,1.311774,-0.2574168,-3.177213,0.02211249,-0.02861458,0.004986395,0.9993335,2.549407,356.7308,0.4990114,0.379828,-0.07462371,-0.9220421,0,0,0,1.187008,0.04907219,-1.054135,2.980232e-08,0.4008,2.111,0.9983127,0.008700664,0.05741154,-0.01123162,0.9989723,0.04391013,-0.0569705,-0.04448086,0.9973845,static,-0.5035447844928151,11.45185528850749,8.088806990517875e-07,10.750370096520475,-0.12476599999999993,0.30648899,2.123078,-0.008613454264463982,0.19853709269002767,0.9800555690204503,0.30106093188984595,10.94744448173148,0.857690345327811,0.8635042786129918,0.35982705703237255
4687,05/07/2023 20:01:03.224445,4866,True,True,True,True,Eyes,1.305213,-0.2563984,-3.168138,-0.06677984,0.1545532,0.985725,0.0,0.0,0.0,0.0,0.0,0.0,0.0,-1.12439,0.4110307,3.232464,1.311817,-0.2574858,-3.177241,0.02199843,-0.02868904,0.005105919,0.9993333,2.536768,356.7225,0.5128943,0.3798315,-0.07462328,-0.9220406,0,0,0,1.186651,0.04947141,-1.054254,-1.639128e-07,0.4008,2.111,0.9983017,0.008942802,0.05756446,-0.01146726,0.99898,0.04367454,-0.05711517,-0.04426048,0.997386,static,-0.4993082742674292,11.432869279780142,-4.448844930446206e-06,10.750370096520475,-0.1251660000000001,0.30695721,2.122987,-0.008541560198424284,0.19821243740567096,0.9801218728774219,0.30534759769880804,10.928143751060482,0.8398232899453696,0.8456414401102004,0.3533317769136523
4688,05/07/2023 20:01:03.234734,4867,True,True,True,True,Eyes,1.305202,-0.2564009,-3.168137,-0.06690528,0.1544443,0.9857336,0.0,0.0,0.0,0.0,0.0,0.0,0.0,-1.124852,0.4102738,3.232374,1.311838,-0.2574724,-3.177208,0.02190052,-0.02862658,0.005058919,0.9993376,2.525364,356.7296,0.5079835,0.3798343,-0.07462297,-0.9220395,0,0,0,1.186969,0.04990839,-1.054265,-1.937151e-07,0.4008,2.111,0.9983098,0.008857259,0.05743682,-0.01136501,0.9989895,0.04348237,-0.05699365,-0.04406165,0.9974018,static,-0.5147852017784328,11.415254529364722,-5.257725086667295e-06,10.750370096520475,-0.12486900000000012,0.30738078999999996,2.122943,-0.008806861894297583,0.19791065574902988,0.9801805445875227,0.29034860648081795,10.910500684539562,0.8346726109977617,0.840874366262988,0.3315828277800877
4689,05/07/2023 20:01:03.254439,4868,True,True,True,True,Eyes,1.305191,-0.2564018,-3.168135,-0.067021,0.1543328,0.9857432,0.0,0.0,0.0,0.0,0.0,0.0,0.0,-1.125073,0.4103017,3.232267,1.311842,-0.2574816,-3.177178,0.02186886,-0.02858384,0.005150714,0.999339,2.522015,356.7347,0.518717,0.3798364,-0.07462277,-0.9220386,0,0,0,1.18709,0.05002292,-1.054246,-1.341105e-07,0.4008,2.111,0.9983129,0.009044426,0.05735515,-0.01154481,0.9989905,0.04341435,-0.0569046,-0.04400326,0.9974094,static,-0.5245735157086148,11.405654829663694,-3.639964774225114e-06,10.750370096520475,-0.12475199999999997,0.30750451999999995,2.122932,-0.008974618121422827,0.19774613187842394,0.9802122257449023,0.28085084936119953,10.900903944670802,0.8329463084284183,0.8393876553943881,0.31865292029651787
4690,05/07/2023 20:01:03.274740,4869,True,True,True,True,Eyes,1.305195,-0.2564048,-3.168134,-0.06714293,0.1542159,0.9857532,0.0,0.0,0.0,0.0,0.0,0.0,0.0,-1.125435,0.4105674,3.232052,1.311833,-0.2574241,-3.17713,0.02193811,-0.02853183,0.005102752,0.9993392,2.529766,356.7405,0.513126,0.3798382,-0.07462262,-0.922038,0,0,0,1.187334,0.04979306,-1.054142,-1.043081e-07,0.4008,2.111,0.9983198,0.00894689,0.05724983,-0.01145063,0.9989854,0.04355604,-0.05680205,-0.0441384,0.9974093,static,-0.5386942580742139,11.406710410997183,-2.831081903850562e-06,10.750370096520475,-0.12449900000000014,0.30721716,2.1229880000000003,-0.009216161119540371,0.19776375656631337,0.9802064308782275,0.26703596888703307,10.902165672104806,0.8423830015851111,0.8491001483467043,0.30716708393938963
4691,05/07/2023 20:01:03.284667,4870,True,True,True,True,Eyes,1.305198,-0.2564074,-3.168135,-0.06726366,0.1540973,0.9857634,0.0,0.0,0.0,0.0,0.0,0.0,0.0,-1.12544,0.4110491,3.232074,1.311868,-0.257496,-3.177196,0.02197985,-0.02852983,0.005160048,0.999338,2.534734,356.7409,0.5195636,0.3798398,-0.07462259,-0.9220373,0,0,0,1.187338,0.04953633,-1.054183,5.960464e-08,0.4008,2.111,0.9983189,0.009059099,0.05724871,-0.01156743,0.9989805,0.04363616,-0.05679504,-0.04422503,0.9974059,static,-0.5448137796135643,11.40493685926318,1.6177613981035745e-06,10.750370096520475,-0.12453000000000003,0.30703233,2.123013,-0.009320910298183507,0.19773320016201618,0.9802114877863582,0.2610659587422628,10.900451239328948,0.8447859964434618,0.8516345836708977,0.30112943987340457
4692,05/07/2023 20:01:03.304593,4871,True,True,True,True,Eyes,1.305223,-0.2564059,-3.168135,-0.06739911,0.1539947,0.9857702,0.0,0.0,0.0,0.0,0.0,0.0,0.0,-1.125264,0.4115422,3.232056,1.311868,-0.2575271,-3.177177,0.02206646,-0.0285609,0.005122268,0.9993355,2.54455,356.7373,0.5148731,0.3798414,-0.07462262,-0.9220366,0,0,0,1.187233,0.04914115,-1.054117,-1.192093e-07,0.4008,2.111,0.9983161,0.008977251,0.0573099,-0.0114982,0.9989737,0.04381099,-0.05685778,-0.04439618,0.9973947,static,-0.5499580355736033,11.408803058560954,-3.235523339037838e-06,10.750370096520475,-0.12463500000000005,0.30666825000000003,2.1230599999999997,-0.00940879017077648,0.19779918311875325,0.980197353949702,0.2560066630004887,10.90443969719942,0.85096291032137,0.8578952427888411,0.2987950970072133
4693,05/07/2023 20:01:03.324792,4872,True,True,True,True,Eyes,1.305246,-0.2564069,-3.168133,-0.06752732,0.1538968,0.9857768,0.0,0.0,0.0,0.0,0.0,0.0,0.0,-1.124995,0.4116585,3.232208,1.311845,-0.2574531,-3.177267,0.02215855,-0.02861522,0.004956324,0.9993327,2.554586,356.7307,0.495413,0.3798434,-0.07462259,-0.9220358,0,0,0,1.187097,0.04884385,-1.054161,-1.192093e-07,0.4007999,2.111,0.9983132,0.008637887,0.0574119,-0.01117417,0.9989689,0.04400386,-0.0569726,-0.04457116,0.9973804,static,-0.55464105365299,11.412989042904416,-3.235523339037838e-06,10.750367476802118,-0.12474799999999986,0.30629695,2.123106,-0.009488766857013137,0.19787066217070554,0.9801822421215973,0.2513959214638476,10.908746005064014,0.8571071092931658,0.8641125211241188,0.29712841390259553
4694,05/07/2023 20:01:03.334586,4873,True,True,True,True,Eyes,1.305268,-0.2564047,-3.168136,-0.06767063,0.1537939,0.985783,0.0,0.0,0.0,0.0,0.0,0.0,0.0,-1.125228,0.4114301,3.232075,1.311829,-0.2574553,-3.177191,0.02214802,-0.02858435,0.004891004,0.9993341,2.553151,356.7341,0.4880385,0.3798458,-0.07462257,-0.9220348,0,0,0,1.187258,0.04889534,-1.054082,-1.490116e-08,0.4008,2.111,0.998318,0.00850932,0.05734728,-0.01104167,0.9989711,0.04398692,-0.05691398,-0.04454615,0.9973848,static,-0.5679184477227893,11.405635206776116,-4.0444034952589373e-07,10.750370096520475,-0.12457099999999999,0.30635064,2.1231090000000004,-0.009716160584271001,0.1977444174690434,0.9802054593370394,0.23846956942958197,10.901472952378242,0.8598124676835008,0.8671235601712668,0.2823118869015239
4695,05/07/2023 20:01:03.354273,4874,True,True,True,True,Eyes,1.305289,-0.2564076,-3.168136,-0.0678043,0.1537026,0.985788,0.0,0.0,0.0,0.0,0.0,0.0,0.0,-1.124758,0.4103574,3.232498,1.311905,-0.2573779,-3.177291,0.02202765,-0.02867804,0.004795521,0.9993346,2.539093,356.723,0.4772459,0.3798485,-0.07462247,-0.9220337,0,0,0,1.187005,0.04949523,-1.054277,-1.341105e-07,0.4008,2.111,0.9983091,0.008321239,0.05752917,-0.01084808,0.9989836,0.04375093,-0.05710664,-0.04430104,0.9973847,static,-0.5668820664828642,11.386148384315364,-3.639964774225114e-06,10.750370096520475,-0.12490000000000001,0.30687313,2.123014,-0.009699094590224527,0.19741105121386357,0.9802727669949912,0.2396310481510665,10.88170810235208,0.844410260447847,0.8518011397521287,0.2732662722038689
4696,05/07/2023 20:01:03.374596,4875,True,True,True,True,Eyes,1.30531,-0.2564082,-3.168136,-0.06794463,0.1535957,0.985795,0.0,0.0,0.0,0.0,0.0,0.0,0.0,-1.125115,0.4100246,3.232382,1.311906,-0.2575074,-3.177246,0.02192974,-0.02861646,0.004864445,0.9993382,2.52807,356.7302,0.4856217,0.3798515,-0.07462245,-0.9220325,0,0,0,1.187218,0.04977427,-1.054278,-1.490116e-07,0.4007999,2.111,0.9983149,0.008467347,0.05740838,-0.01097755,0.9989908,0.04355203,-0.05698168,-0.04410884,0.9974004,static,-0.5807348740891152,11.369160731604508,-4.044403495258931e-06,10.750367476802118,-0.12468799999999991,0.30728167,2.1229679999999997,-0.009936695528165517,0.1971199411844219,0.9803289675913681,0.2262153076391713,10.864678561761572,0.8408544060093476,0.8486185177901099,0.25346048880093974
4697,05/07/2023 20:01:03.385699,4876,True,True,True,True,Eyes,1.305329,-0.2564057,-3.168133,-0.06806905,0.1534923,0.9858025,0.0,0.0,0.0,0.0,0.0,0.0,0.0,-1.125661,0.409461,3.232267,1.311942,-0.2574521,-3.177239,0.02185187,-0.02853818,0.00486096,0.9993421,2.519101,356.7392,0.4856728,0.3798546,-0.07462243,-0.9220312,0,0,0,1.187587,0.05016255,-1.0543,-2.980232e-08,0.4008,2.111,0.9983239,0.008468297,0.05725124,-0.01096275,0.9989977,0.04339754,-0.05682636,-0.04395243,0.9974161,static,-0.5970702481809022,11.354356810032831,-8.088806990517875e-07,10.750370096520475,-0.124355,0.30761465,2.122939,-0.01021672416380847,0.19686608016957197,0.9803770783527487,0.21035558466192494,10.849896059566726,0.841107838648734,0.849289035279342,0.23271276205774136
4698,05/07/2023 20:01:03.404601,4877,True,True,True,True,Eyes,1.305328,-0.2564068,-3.168131,-0.0681885,0.1533907,0.9858102,0.0,0.0,0.0,0.0,0.0,0.0,0.0,-1.126481,0.4093755,3.231891,1.311922,-0.2573745,-3.177151,0.02186539,-0.02841338,0.004824977,0.9993455,2.520472,356.7534,0.4818193,0.379858,-0.07462233,-0.9220299,0,0,0,1.188121,0.05018949,-1.054172,-1.043081e-07,0.4008,2.111,0.9983388,0.008401098,0.05700057,-0.01088618,0.9989972,0.04342797,-0.05657857,-0.04397634,0.9974292,static,-0.6191588429565063,11.350008539339253,-2.831081903850562e-06,10.750370096520475,-0.12380100000000005,0.30756399,2.122979,-0.010594841660383214,0.19679093016119528,0.9803882944727882,0.1887910460415123,10.845788993829728,0.8532645449225712,0.8619283201906012,0.21153698022569328
4699,05/07/2023 20:01:03.414257,4878,True,True,True,True,Eyes,1.305325,-0.2564109,-3.168127,-0.06830151,0.1532883,0.9858182,0.0,0.0,0.0,0.0,0.0,0.0,0.0,-1.126448,0.4101597,3.231796,1.31182,-0.2574577,-3.177179,0.02193019,-0.02838991,0.00494279,0.9993443,2.528267,356.7564,0.4951744,0.379861,-0.07462227,-0.9220286,0,0,0,1.188035,0.04981622,-1.054157,-1.490116e-07,0.4008,2.111,0.9983392,0.008633903,0.05695937,-0.01112429,0.9989893,0.04355095,-0.05652579,-0.04411225,0.9974261,static,-0.6260701623095215,11.35210270673522,-4.044403495258931e-06,10.750370096520475,-0.12378500000000003,0.30727392000000003,2.123022,-0.010713022037423508,0.19682649519423587,0.9803797654913063,0.18201743711859075,10.848005425627235,0.8595590309708815,0.868355294902825,0.2065538119359709
4700,05/07/2023 20:01:03.434794,4879,True,True,True,True,Eyes,1.305332,-0.256412,-3.168128,-0.06842667,0.1531859,0.9858254,0.0,0.0,0.0,0.0,0.0,0.0,0.0,-1.126601,0.4108617,3.231568,1.31178,-0.2575305,-3.177103,0.02198574,-0.02834868,0.005057087,0.9993435,2.534981,356.7615,0.508202,0.3798636,-0.07462236,-0.9220275,0,0,0,1.188089,0.04949333,-1.054039,0.0,0.4008,2.111,0.9983415,0.008861001,0.0568825,-0.01135407,0.9989821,0.04365589,-0.05643777,-0.04422934,0.9974259,static,-0.6358071282710025,11.353145529290567,0.0,10.750370096520475,-0.123691,0.30702383,2.123064,-0.010879590325937303,0.1968439774102067,0.9803743833265577,0.17248898424374426,10.849194662252872,0.8671275828557852,0.8761215250816463,0.1987932204015907
